CLASE SINIESTRO,CANTIDAD DE VEHICULOS DAÑADOS,DEPARTAMENTO,ZONA,TIPO DE VÍA,RED VIAL,COORDENADAS LATITUD,COORDENADAS  LONGITUD,CONDICIÓN CLIMÁTICA,ZONIFICACIÓN,CARACTERÍSTICAS DE VÍA,PERFIL LONGITUDINAL VÍA,SUPERFICIE DE CALZADA,¿EXISTE SEÑAL VERTICAL?,¿EXISTE SEÑAL HORIZONTAL?,CAUSA FACTOR PRINCIPAL,MTC_RVN_LONGITUD_KM,MTC_RVN_N_CARRILES_MEDIANA,MTC_RVN_SUPERFICIE_DOMINANTE,MTC_RVN_ESTADO_DOMINANTE,MTC_RVN_ES_CONCESIONADA,MTC_RVN_CONCESION_PRINCIPAL,MTC_RVN_CORREDOR_LOGISTICO,MTC_RVN_N_TRAMOS,IDH_2019,IDH_ESP_VIDA_2019,IDH_EDUC_SECUND_PCT_2019,IDH_ANIOS_EDUC_2019,IDH_INGRESO_PERCAP_2019,IDH_POBLACION_2019,MTC_DEP_RED_TOTAL_KM,MTC_DEP_NACIONAL_TOTAL_KM,MTC_DEP_DEPARTAMENTAL_TOTAL_KM,MTC_DEP_VECINAL_TOTAL_KM,MTC_DEP_PAV_TOTAL_KM,MTC_DEP_NO_PAV_TOTAL_KM,MTC_DEP_PCT_PAVIMENTADA,PER_TOTAL_PERSONAS,PER_N_CONDUCTORES,PER_N_CONDUCTORES_FUGADOS,PER_N_PEATONES,PER_N_PASAJEROS_OCUPANTES,PER_EDAD_COND_PROM,PER_EDAD_COND_MIN,PER_EDAD_COND_MAX,PER_ANY_COND_MASCULINO,PER_ANY_LIC_PROBLEMA,PER_ANY_DOSAJE_POS,PER_ANY_DOSAJE_EVALUADO,VEH_TOTAL,VEH_N_FUGADOS,VEH_ANY_FUGADO,VEH_ANY_CARGA,VEH_ANY_PUBLICO,VEH_ANY_PARTICULAR,VEH_ANY_MOTO,VEH_ANY_AUTO,VEH_ANY_CAMION_BUS,VEH_ANY_SOAT_PROBLEMA,VEH_ANY_CITV_PROBLEMA,VEH_ANY_SEGURO_PROBLEMA,HORA_NUM,FRANJA_HORARIA,ANIO,MES,DIA_MES,DIA_SEMANA,ES_FIN_SEMANA,ES_QUINCENA,REGION_NATURAL,TIENE_SEÑALIZACION,ES_VIA_MULTICARRIL,ES_DEPTO_BAJO_PAVIMENTO,CATEGORIA_SEVERIDAD,CATEGORIA_SEVERIDAD_ENC
3,2,12,0,4,2,-7.7046563,-79.4309629,0,4,7,1,2,2,2,2,6543.555,2.0,4,4,1.0,14,33,1198.0,0.5605164445866666,76.61349501649897,62.760180081206855,7.98931757140171,999.8297352720696,9448.43683083512,8931.828000000005,1335.5899999999997,1935.9830000000004,5660.255000000005,1219.309,7712.519000000005,13.651281686122925,4,2,0,0,2,24.0,24.0,24.0,1.0,1.0,0.0,0.0,2,0,0.0,0.0,0.0,1.0,0.0,1.0,0.0,0.0,1.0,0.0,12,3,2023,7,23,6,1,1,0,1,0,1,GRAVE_LESIONADOS,1
6,1,2,0,4,0,-13.916403,-73.241813,2,4,0,1,2,2,2,2,6543.555,2.0,4,4,1.0,14,33,1198.0,0.272962786071148,72.75453612220626,43.51152452528972,3.3582612682332686,323.2609105405868,1756.3104925053535,8358.971,1282.451,1298.0969999999998,5778.423,1432.683,6926.288,17.139466089785454,1,1,0,0,0,20.0,20.0,20.0,1.0,1.0,0.0,0.0,1,0,0.0,0.0,0.0,1.0,1.0,0.0,0.0,1.0,0.0,1.0,5,0,2023,9,5,1,0,0,2,1,0,1,LEVE,0
3,2,4,2,4,1,-13.156,-74.213,0,3,7,0,2,2,2,2,7586.903,2.0,2,0,1.0,9,5,1198.0,0.5762473171860396,74.20666393561979,79.40205121246312,10.17052038570618,875.6652261287057,18408.08137044968,12678.733000000004,1805.074000000001,1774.0339999999994,9099.625000000004,2485.375000000001,10193.358000000002,19.602707936195205,2,2,0,0,0,38.0,28.0,48.0,1.0,1.0,0.0,1.0,2,0,0.0,0.0,0.0,1.0,1.0,1.0,0.0,0.0,0.0,0.0,5,0,2024,3,30,5,1,1,2,1,0,1,LEVE,0
3,2,3,0,4,1,-16.04552,-71.32347,0,4,7,1,2,1,1,0,1504.4250000000002,2.0,2,0,1.0,7,25,241.0,0.4685280505645348,81.83746865987648,70.74305753660312,6.037751599761188,617.4715908037651,1751.8736616702354,10322.272,1495.236,1749.739,7077.2970000000005,2886.595,7435.677000000001,27.964725207783708,4,2,0,0,2,42.0,35.0,49.0,1.0,1.0,0.0,1.0,2,0,0.0,0.0,0.0,1.0,0.0,1.0,0.0,0.0,1.0,0.0,10,1,2024,12,15,6,1,1,0,1,0,1,GRAVE_LESIONADOS,1
1,0,22,0,4,2,-17.960544,-70.22011,0,4,2,0,1,2,2,0,6543.555,2.0,4,4,1.0,14,33,1198.0,0.5641024368795592,75.92272795243385,77.82971725900924,9.591362034395232,832.8021346798668,3316.1434689507496,2650.572,630.6729999999998,487.3610000000001,1532.5379999999998,1068.7019999999998,1581.87,40.31967439480987,2,1,1,1,0,37.0,33.0,40.0,0.0,0.0,0.0,0.0,1,1,1.0,0.0,0.0,0.0,0.0,0.0,0.0,0.0,0.0,1.0,23,2,2022,7,30,5,1,1,0,1,0,1,LEVE,0
0,1,3,2,4,1,-16.499813,-71.831295,0,0,7,1,2,2,2,0,6639.975,2.0,2,0,1.0,9,31,1616.0,0.6105481451420971,78.10653088113892,68.35418098658066,8.411557426919764,1158.5430895193692,35025.678800856535,10322.272,1495.236,1749.739,7077.2970000000005,2886.595,7435.677000000001,27.964725207783708,2,1,0,1,0,53.0,53.0,53.0,1.0,0.0,0.0,0.0,1,0,0.0,0.0,0.0,1.0,0.0,1.0,0.0,0.0,0.0,0.0,0,0,2024,6,17,0,0,1,0,1,0,1,LEVE,0
3,1,10,0,4,1,-14.503455,-75.257135,0,4,0,1,2,2,2,0,6639.975,2.0,2,0,1.0,9,31,1616.0,0.5696116876324925,79.88318888188034,75.55587353424704,8.850381306951043,848.1473782480846,771.1927194860813,3721.461,698.1859999999996,744.866,2278.409,1102.9029999999996,2618.558,29.636290693359403,7,2,0,0,5,47.5,44.0,51.0,1.0,0.0,0.0,0.0,2,0,0.0,1.0,0.0,1.0,0.0,1.0,1.0,0.0,0.0,0.0,18,2,2024,6,18,1,0,1,0,1,0,1,GRAVE_LESIONADOS,1
3,3,5,0,4,1,-5.836237,-78.756643,7,4,0,1,2,1,0,0,7758.33400008,2.0,2,0,1.0,9,20,2133.0,0.5803239946829384,74.49544278598792,68.33065356443184,8.733179344969395,1046.078117086984,102362.46895074946,15935.565011852366,1733.9250000199986,935.692,13265.948011832368,2000.1670000199988,13935.398011832369,12.551591352627522,3,3,0,0,0,27.666666666666668,23.0,37.0,1.0,1.0,0.0,1.0,3,0,0.0,1.0,0.0,1.0,0.0,1.0,1.0,0.0,0.0,0.0,15,3,2021,5,14,4,0,0,2,1,0,1,LEVE,0
6,1,19,2,2,4,-5.149425,-80.661211,0,4,7,1,2,2,2,2,6543.555,2.0,4,4,1.0,14,33,1198.0,0.6582040223794163,78.74105515718446,77.3206684883171,11.334167841567446,1124.177237253568,178905.3426124197,8965.846000060003,1782.4120000599992,636.9959999999999,6546.438000000004,2214.505000059999,6751.341000000004,24.699342371541725,1,1,0,0,0,25.0,25.0,25.0,1.0,1.0,1.0,1.0,1,0,0.0,0.0,0.0,1.0,1.0,0.0,0.0,0.0,0.0,0.0,7,1,2023,8,10,3,0,0,0,1,0,1,LEVE,0
6,1,7,0,4,1,-14.702299,-71.29476,0,4,0,1,2,1,1,2,566.7160000000001,2.0,5,2,0.0,9,3,137.0,0.3581804768350785,66.62749575579788,75.46892738237504,5.461562681537619,405.1011772201276,2834.9678800856527,17779.13499998999,2097.3709999899997,2863.123,12818.640999999989,2878.713,14900.421999989989,16.19152450331032,1,1,0,0,0,34.0,34.0,34.0,1.0,0.0,0.0,1.0,1,0,0.0,1.0,0.0,0.0,0.0,0.0,1.0,0.0,0.0,0.0,21,2,2022,4,1,4,0,0,2,1,0,1,LEVE,0
7,1,4,0,4,1,-13.34596,-74.395226,0,4,7,1,2,1,0,2,1679.5849999999998,2.0,2,3,1.0,9,24,315.0,0.1859776092837948,69.85250115366037,39.77024304701982,3.1640035399309645,143.5227500887571,15617.884368308352,12678.733000000004,1805.074000000001,1774.0339999999994,9099.625000000004,2485.375000000001,10193.358000000002,19.602707936195205,2,2,0,0,0,45.5,41.0,50.0,1.0,0.0,0.0,0.0,2,0,0.0,1.0,0.0,0.0,0.0,0.0,1.0,0.0,0.0,1.0,22,2,2022,10,30,6,1,1,2,1,0,1,LEVE,0
3,2,12,0,4,1,-7.3389259,-79.5007404,0,4,7,1,2,2,2,0,6543.555,3.0,2,0,1.0,0,30,1475.0,0.5351117900300902,83.23861437968503,65.52389176988291,6.875649646518558,839.0613958405557,12592.21841541756,8931.828000000005,1335.5899999999997,1935.9830000000004,5660.255000000005,1219.309,7712.519000000005,13.651281686122925,3,2,0,0,1,29.0,27.0,31.0,1.0,0.0,0.0,0.0,2,0,0.0,0.0,0.0,1.0,1.0,1.0,0.0,0.0,0.0,1.0,23,2,2023,10,31,1,0,1,0,1,1,1,GRAVE_MORTALIDAD,2
3,2,7,0,4,1,-13.617150416740582,-71.25246657565249,0,4,7,1,2,2,2,2,3263.58,2.0,2,0,1.0,5,18,566.0,0.2701433460922377,67.03086854576458,59.596346222865,3.690268129191559,281.2948228692088,16118.58886509636,17779.13499998999,2097.3709999899997,2863.123,12818.640999999989,2878.713,14900.421999989989,16.19152450331032,6,2,0,0,4,31.0,31.0,31.0,1.0,0.0,0.0,0.0,2,0,0.0,0.0,0.0,1.0,0.0,1.0,1.0,0.0,1.0,0.0,7,1,2025,10,2,3,0,0,2,1,0,1,GRAVE_MORTALIDAD,2
3,2,10,2,4,1,-13.75241922372558,-76.23002256284606,0,2,7,1,2,2,2,2,57.955,-1.0,2,3,0.0,9,32,30.0,0.5257121437129864,76.7626302266846,64.42031918719958,9.628927869030145,731.590352640588,12641.751605995718,3721.461,698.1859999999996,744.866,2278.409,1102.9029999999996,2618.558,29.636290693359403,3,2,0,0,1,50.5,44.0,57.0,1.0,1.0,1.0,1.0,2,0,0.0,0.0,0.0,1.0,1.0,1.0,0.0,0.0,1.0,1.0,15,3,2022,8,26,4,0,1,0,1,0,1,LEVE,0
1,0,20,0,4,1,-16.15886424789081,-70.0763590190361,0,4,7,1,2,2,2,0,779.525,2.0,2,0,1.0,7,26,163.0,0.3279226888241855,68.17036545870775,72.54908010508095,6.085205709416528,293.1898870593515,5184.3083511777295,13642.312999999998,2020.7790000000005,2354.117,9267.416999999998,3314.0520000000006,10328.260999999997,24.29244952817019,2,1,1,1,0,37.0,33.0,40.0,0.0,0.0,0.0,0.0,1,1,1.0,0.0,0.0,0.0,0.0,0.0,0.0,0.0,0.0,1.0,18,2,2021,7,26,0,0,1,2,1,0,1,LEVE,0
0,1,11,2,4,1,-11.247901566201907,-74.6372883987367,0,0,7,1,2,2,2,4,1040.6349999999998,1.0,1,2,0.0,9,32,141.0,0.5055535147670205,71.64834806655777,59.71661057761873,8.330220329942271,816.7465751821994,42934.03211991434,12264.545,1826.4639999999995,1105.5389999999998,9332.542,1588.5359999999996,10676.009,12.952261987705208,2,1,0,1,0,29.0,29.0,29.0,1.0,0.0,0.0,0.0,1,0,0.0,0.0,1.0,0.0,1.0,0.0,0.0,1.0,1.0,1.0,20,2,2022,8,28,6,1,1,2,1,0,1,LEVE,0
0,1,14,2,2,4,-11.997173,-76.834487,6,5,6,2,6,2,2,0,6543.555,2.0,4,4,1.0,14,33,1198.0,0.6868549636939637,79.62363164345142,76.30894566128948,9.209137883551294,1425.4498631666322,684921.8484148846,7626.313,1683.4029999999998,1599.0829999999996,4343.827000000001,1814.875,5811.438000000001,23.797541485643197,2,1,0,1,0,38.0,38.0,38.0,1.0,1.0,0.0,0.0,1,0,0.0,0.0,0.0,1.0,1.0,0.0,0.0,1.0,1.0,1.0,9,1,2022,4,9,5,1,0,0,1,0,1,LEVE,0
3,1,19,0,4,1,-5.38985374388101,-79.5994902271649,0,4,7,1,2,2,2,2,722.9000000000002,2.0,1,0,1.0,2,32,123.0,0.3603852868720288,67.60449996573556,62.48120564505005,5.939670149803919,415.7154141237434,6773.064239828696,8965.846000060003,1782.4120000599992,636.9959999999999,6546.438000000004,2214.505000059999,6751.341000000004,24.699342371541725,3,2,0,0,1,37.5,27.0,48.0,1.0,1.0,1.0,1.0,2,0,0.0,1.0,0.0,1.0,1.0,0.0,1.0,1.0,1.0,1.0,2,0,2023,12,10,6,1,0,0,1,0,1,LEVE,0
6,1,22,0,4,0,-17.24016,-70.258493,0,4,0,1,1,2,2,2,6543.555,2.0,4,4,1.0,14,33,1198.0,0.36326306829553,69.91494384803546,62.39017147779847,6.63829372713685,377.3584259458044,2510.912205567452,2650.572,630.6729999999998,487.3610000000001,1532.5379999999998,1068.7019999999998,1581.87,40.31967439480987,2,1,0,0,1,44.0,44.0,44.0,1.0,0.0,0.0,0.0,1,0,0.0,0.0,0.0,1.0,0.0,0.0,1.0,0.0,0.0,0.0,10,1,2022,2,7,0,0,0,0,1,0,1,LEVE,0
3,2,14,0,4,1,-11.039807703262472,-77.11205005274367,0,4,0,1,2,1,0,2,1422.177,2.0,2,0,0.0,9,19,698.0,0.625259356790912,76.00710856837651,64.39893010534446,7.928807895834627,1379.4198272918734,24684.304068522484,7626.313,1683.4029999999998,1599.0829999999996,4343.827000000001,1814.875,5811.438000000001,23.797541485643197,3,2,0,0,1,32.5,28.0,37.0,1.0,0.0,0.0,1.0,2,0,0.0,0.0,0.0,1.0,1.0,0.0,0.0,0.0,0.0,0.0,17,3,2021,12,31,4,0,1,0,1,0,1,LEVE,0
6,1,14,2,3,4,-11.96844547,-76.96975104,0,1,0,0,2,2,2,0,6543.555,2.0,4,4,1.0,14,33,1198.0,0.701053025277506,79.62867561460851,73.1469484600971,10.064317505194426,1464.6926161541437,1150285.0494171206,7626.313,1683.4029999999998,1599.0829999999996,4343.827000000001,1814.875,5811.438000000001,23.797541485643197,2,1,0,1,0,60.0,60.0,60.0,1.0,0.0,0.0,0.0,1,0,0.0,0.0,0.0,1.0,0.0,1.0,0.0,0.0,0.0,0.0,7,1,2023,11,18,5,1,1,0,1,0,1,LEVE,0
5,1,7,0,4,1,-14.69015601,-71.2827434,0,4,7,1,2,0,1,0,566.7160000000001,2.0,5,2,0.0,9,3,137.0,0.3581804768350785,66.62749575579788,75.46892738237504,5.461562681537619,405.1011772201276,2834.9678800856527,17779.13499998999,2097.3709999899997,2863.123,12818.640999999989,2878.713,14900.421999989989,16.19152450331032,2,2,1,0,0,37.0,33.0,40.0,1.0,0.0,0.0,0.0,2,1,1.0,0.0,0.0,1.0,1.0,0.0,0.0,1.0,0.0,1.0,0,0,2023,7,26,2,0,1,2,1,0,1,LEVE,0
3,2,10,0,4,1,-14.23154183,-75.69959456,0,4,7,1,2,2,2,0,6639.975,2.0,2,0,1.0,9,31,1616.0,0.6261042306271147,80.48505954362174,76.55712631348362,9.341715591523595,1061.002261282891,31419.372591006424,3721.461,698.1859999999996,744.866,2278.409,1102.9029999999996,2618.558,29.636290693359403,3,2,0,0,1,30.0,26.0,34.0,1.0,0.0,0.0,1.0,2,0,0.0,0.0,0.0,1.0,1.0,1.0,0.0,0.0,0.0,0.0,12,3,2024,3,6,2,0,0,0,1,0,1,LEVE,0
1,1,3,2,2,4,-17.024754,-72.007649,0,3,1,1,2,2,2,0,6543.555,2.0,4,4,1.0,14,33,1198.0,0.6456305778571253,75.67334095395331,77.09261911098552,10.479683603540597,1179.2653123056473,21630.747323340474,10322.272,1495.236,1749.739,7077.2970000000005,2886.595,7435.677000000001,27.964725207783708,2,1,1,1,0,37.0,33.0,40.0,0.0,0.0,0.0,0.0,1,1,1.0,0.0,0.0,0.0,0.0,0.0,0.0,0.0,0.0,1.0,17,3,2023,1,25,2,0,1,0,1,0,1,LEVE,0
0,1,14,2,4,1,-11.839958,-77.105521,7,2,7,1,4,2,2,4,6543.555,3.0,2,0,1.0,0,30,1475.0,0.6632628912836565,79.15155564666024,73.19223743118206,9.629669813837666,1289.452647666346,383699.2119914347,7626.313,1683.4029999999998,1599.0829999999996,4343.827000000001,1814.875,5811.438000000001,23.797541485643197,2,1,0,1,0,26.0,26.0,26.0,1.0,0.0,0.0,0.0,1,0,0.0,0.0,0.0,1.0,0.0,0.0,1.0,0.0,0.0,0.0,10,1,2021,6,1,1,0,0,0,1,1,1,LEVE,0
1,0,21,2,4,1,-6.051064,-77.151714,0,0,7,1,2,2,2,0,7758.33400008,2.0,2,0,1.0,9,20,2133.0,0.5963332411867256,73.80959983510441,63.34953560123128,8.251886446437874,1232.7304200473363,24031.167023554604,5645.136,815.0759999999999,965.298,3864.762,1013.406,4631.73,17.95184385283189,1,0,0,1,0,37.0,33.0,40.0,1.0,0.0,0.0,0.0,1,1,1.0,0.0,0.0,0.0,0.0,0.0,0.0,0.0,0.0,0.0,12,3,2021,6,7,0,0,0,1,1,0,1,LEVE,0
6,1,14,0,4,1,-11.6317883,-77.2067298,7,4,2,0,2,1,0,0,6543.555,3.0,2,0,1.0,0,30,1475.0,0.606011890732538,79.10580202061365,64.14379964647316,7.172095916125169,1269.9879605915198,20981.39186295503,7626.313,1683.4029999999998,1599.0829999999996,4343.827000000001,1814.875,5811.438000000001,23.797541485643197,3,1,0,0,2,46.0,46.0,46.0,1.0,0.0,0.0,1.0,1,0,0.0,0.0,0.0,1.0,0.0,1.0,0.0,0.0,0.0,0.0,16,3,2025,6,5,3,0,0,0,1,1,1,LEVE,0
3,2,12,0,4,1,-7.743064,-79.08115,0,4,7,1,2,2,2,2,748.6850000000001,2.0,2,0,0.0,9,32,215.0,0.5721567587688113,77.67102283812494,66.21373667954742,8.464777379360486,978.4498488219192,15563.077087794432,8931.828000000005,1335.5899999999997,1935.9830000000004,5660.255000000005,1219.309,7712.519000000005,13.651281686122925,6,2,0,0,4,45.5,45.0,46.0,1.0,0.0,0.0,0.0,2,0,0.0,1.0,0.0,0.0,0.0,0.0,1.0,0.0,0.0,0.0,7,1,2021,1,11,0,0,0,0,1,0,1,GRAVE_LESIONADOS,1
3,1,3,0,4,1,-16.391638,-72.20298,0,4,7,1,2,0,1,0,6639.975,2.0,2,0,1.0,9,31,1616.0,0.6077843615696785,76.53072135400231,69.81276959706165,8.77367759087771,1135.5159013374655,74658.55888650964,10322.272,1495.236,1749.739,7077.2970000000005,2886.595,7435.677000000001,27.964725207783708,3,2,0,0,1,30.5,21.0,40.0,1.0,0.0,0.0,1.0,2,0,0.0,1.0,0.0,1.0,1.0,0.0,1.0,0.0,0.0,0.0,4,0,2025,11,30,6,1,1,0,1,0,1,GRAVE_MORTALIDAD,2
3,2,7,0,4,0,-13.340650565678542,-71.5750555676924,2,4,0,1,1,2,2,2,6543.555,2.0,4,4,1.0,14,33,1198.0,0.2466226927938573,59.50771953912937,42.678907967899015,3.991373779253808,285.51302601039464,12676.173447537472,17779.13499998999,2097.3709999899997,2863.123,12818.640999999989,2878.713,14900.421999989989,16.19152450331032,4,2,0,0,2,52.5,47.0,58.0,1.0,1.0,0.0,1.0,2,0,0.0,0.0,0.0,1.0,1.0,0.0,0.0,0.0,1.0,1.0,17,3,2022,2,27,6,1,1,2,1,0,1,LEVE,0
2,2,12,0,4,2,-7.774257,-78.354444,0,4,0,0,7,2,2,0,6543.555,2.0,4,4,1.0,14,33,1198.0,0.1883083184611077,75.93360618381381,28.79507521744373,3.260895439511201,147.65429669929867,24235.73233404711,8931.828000000005,1335.5899999999997,1935.9830000000004,5660.255000000005,1219.309,7712.519000000005,13.651281686122925,3,2,0,0,1,45.0,31.0,59.0,1.0,0.0,0.0,0.0,2,0,0.0,0.0,1.0,1.0,0.0,0.0,1.0,0.0,0.0,0.0,15,3,2021,9,18,5,1,1,0,1,0,1,LEVE,0
5,2,21,0,4,1,-5.795907,-77.410965,0,4,7,1,2,2,2,0,7758.33400008,2.0,2,0,1.0,9,20,2133.0,0.3490236341472501,73.80303880571165,34.287308240418106,5.251593843982846,481.3272995041394,11414.025695931476,5645.136,815.0759999999999,965.298,3864.762,1013.406,4631.73,17.95184385283189,3,3,1,0,0,36.5,28.0,45.0,1.0,0.0,0.0,0.0,3,1,1.0,0.0,1.0,1.0,1.0,0.0,1.0,0.0,1.0,1.0,19,2,2025,6,21,5,1,1,1,1,0,1,LEVE,0
6,1,8,0,4,0,-13.053574376803022,-75.56683477305378,0,4,0,1,2,2,2,0,6543.555,2.0,4,4,1.0,14,33,1198.0,0.2627941632225544,62.68022371830308,44.79196519607145,6.763301196582667,215.0365345730461,1886.6531049250536,8511.426,1445.3929999999996,2008.516,5057.516999999999,1879.579,6631.846999999998,22.08300935706896,1,1,0,0,0,41.0,41.0,41.0,1.0,0.0,0.0,0.0,1,0,0.0,0.0,0.0,1.0,0.0,1.0,0.0,0.0,0.0,0.0,4,0,2024,6,6,3,0,0,2,1,0,1,LEVE,0
3,1,14,2,2,4,-11.990969413669056,-77.08949531896536,0,3,7,1,2,2,2,2,6543.555,2.0,4,4,1.0,14,33,1198.0,0.7419979630670723,80.31822295927182,79.00446395716813,11.084203715652809,1554.6868971011318,739416.2413542903,7626.313,1683.4029999999998,1599.0829999999996,4343.827000000001,1814.875,5811.438000000001,23.797541485643197,2,2,0,0,0,35.5,23.0,48.0,1.0,0.0,0.0,0.0,2,0,0.0,0.0,0.0,1.0,1.0,0.0,0.0,0.0,1.0,0.0,18,2,2022,11,13,6,1,0,0,1,0,1,LEVE,0
6,1,14,2,4,1,-12.301834,-76.845125,7,3,7,1,2,2,2,0,6639.975,2.0,2,0,1.0,9,31,1616.0,0.6909236767275176,78.41626133969348,70.97436336767564,9.826485374940413,1476.8351947609171,95908.53319057816,7626.313,1683.4029999999998,1599.0829999999996,4343.827000000001,1814.875,5811.438000000001,23.797541485643197,6,1,0,0,5,46.0,46.0,46.0,1.0,0.0,0.0,0.0,1,0,0.0,0.0,0.0,0.0,0.0,0.0,1.0,0.0,1.0,0.0,11,1,2021,12,30,3,0,1,0,1,0,1,GRAVE_LESIONADOS,1
0,1,20,0,4,1,-16.048075,-69.708688,0,4,7,1,2,2,2,4,7586.903,2.0,2,0,1.0,9,5,1198.0,0.3247057995130503,73.24682709519536,76.81044161661171,6.507336567861034,242.9773157546694,24872.03426124197,13642.312999999998,2020.7790000000005,2354.117,9267.416999999998,3314.0520000000006,10328.260999999997,24.29244952817019,2,1,0,1,0,47.0,47.0,47.0,1.0,0.0,0.0,0.0,1,0,0.0,0.0,0.0,1.0,0.0,1.0,0.0,0.0,0.0,0.0,21,2,2024,11,14,3,0,0,2,1,0,1,LEVE,0
3,1,5,0,4,2,-7.05328889041463,-78.7928625854978,0,4,7,1,2,1,0,2,6543.555,2.0,4,4,1.0,14,33,1198.0,0.3334181514351879,65.70103407075928,46.92785453731552,5.377079435778443,426.7373479842607,11921.895074946468,15935.565011852366,1733.9250000199986,935.692,13265.948011832368,2000.1670000199988,13935.398011832369,12.551591352627522,3,2,0,0,1,47.5,36.0,59.0,1.0,0.0,0.0,1.0,2,0,0.0,0.0,0.0,1.0,1.0,0.0,1.0,0.0,1.0,0.0,17,3,2024,9,11,2,0,0,2,1,0,1,LEVE,0
3,1,19,0,4,0,-4.982013,-80.56318,0,4,7,1,2,2,2,0,6543.555,2.0,4,4,1.0,14,33,1198.0,0.6220812987247925,80.20155828147696,72.71675503872983,10.02377668600292,1028.915688621886,159840.92719486082,8965.846000060003,1782.4120000599992,636.9959999999999,6546.438000000004,2214.505000059999,6751.341000000004,24.699342371541725,3,2,0,0,1,42.0,20.0,64.0,1.0,1.0,1.0,1.0,2,0,0.0,1.0,0.0,1.0,1.0,0.0,0.0,1.0,1.0,1.0,23,2,2023,11,2,3,0,0,0,1,0,1,LEVE,0
10,1,12,0,4,2,-7.392739,-79.495388,0,4,7,1,2,2,2,4,6543.555,2.0,4,4,1.0,14,33,1198.0,0.6138517538553948,80.84826225715301,64.49339622566798,9.143362084626023,1095.689060330069,16852.97430406852,8931.828000000005,1335.5899999999997,1935.9830000000004,5660.255000000005,1219.309,7712.519000000005,13.651281686122925,5,1,0,0,4,26.0,26.0,26.0,1.0,0.0,0.0,0.0,1,0,0.0,1.0,0.0,0.0,0.0,0.0,1.0,0.0,0.0,0.0,14,3,2021,10,7,3,0,0,0,1,0,1,GRAVE_MORTALIDAD,2
3,1,11,0,4,1,-10.91089928075512,-76.06661079155415,5,4,7,1,2,1,1,2,9936.932,2.0,2,0,1.0,9,32,3830.0,0.4515021227868664,71.4196998727447,62.336219650226376,7.581270728582125,617.1133018029116,6161.010706638115,12264.545,1826.4639999999995,1105.5389999999998,9332.542,1588.5359999999996,10676.009,12.952261987705208,6,2,0,0,4,73.0,68.0,78.0,1.0,0.0,0.0,1.0,2,0,0.0,0.0,0.0,1.0,0.0,1.0,0.0,0.0,1.0,0.0,15,3,2023,5,9,1,0,0,2,1,0,1,GRAVE_MORTALIDAD,2
0,1,14,2,2,4,-11.957287243185698,-77.05289503640583,0,0,7,1,2,2,2,0,6543.555,2.0,4,4,1.0,14,33,1198.0,0.7218926988400113,80.0902077245261,77.9581888264889,10.971588327733102,1458.3206086290393,530000.3426124197,7626.313,1683.4029999999998,1599.0829999999996,4343.827000000001,1814.875,5811.438000000001,23.797541485643197,2,1,0,1,0,43.0,43.0,43.0,1.0,0.0,0.0,0.0,1,0,0.0,0.0,1.0,0.0,0.0,0.0,1.0,1.0,0.0,1.0,11,1,2023,4,2,6,1,0,0,1,0,1,LEVE,0
3,2,13,2,4,1,-6.366941,-79.789168,0,4,7,1,2,2,2,0,1305.18,2.0,2,0,1.0,1,20,163.0,0.5059173540051534,75.20849370321716,65.55087882905781,7.516301845742602,777.5523013576318,18529.839400428264,3459.691,515.0619999999999,689.7280000000001,2254.901,703.3549999999999,2756.336,20.329994788551925,2,2,1,0,0,40.0,40.0,40.0,1.0,1.0,0.0,0.0,2,0,0.0,0.0,1.0,1.0,1.0,0.0,1.0,1.0,1.0,1.0,18,2,2022,10,28,4,0,1,0,1,0,1,LEVE,0
0,1,12,0,4,1,-7.418904,-79.508174,0,4,0,1,2,2,2,2,6543.555,3.0,2,0,1.0,0,30,1475.0,0.6138517538553948,80.84826225715301,64.49339622566798,9.143362084626023,1095.689060330069,16852.97430406852,8931.828000000005,1335.5899999999997,1935.9830000000004,5660.255000000005,1219.309,7712.519000000005,13.651281686122925,2,1,0,1,0,35.0,35.0,35.0,1.0,0.0,0.0,0.0,1,0,0.0,0.0,1.0,0.0,0.0,0.0,1.0,0.0,0.0,0.0,6,1,2023,2,12,6,1,0,0,1,1,1,LEVE,0
10,1,5,0,4,1,-6.726774,-78.577094,0,4,7,1,2,0,1,0,9936.932,2.0,2,0,1.0,9,32,3830.0,0.4526491117658796,79.17132243679694,59.43910685558323,5.161528057531929,710.0305343071761,15625.811563169163,15935.565011852366,1733.9250000199986,935.692,13265.948011832368,2000.1670000199988,13935.398011832369,12.551591352627522,2,1,0,0,1,18.0,18.0,18.0,1.0,0.0,1.0,1.0,1,0,0.0,0.0,0.0,1.0,1.0,0.0,0.0,1.0,1.0,1.0,3,0,2023,7,30,6,1,1,2,1,0,1,GRAVE_MORTALIDAD,2
3,2,21,0,4,1,-6.052769,-77.156114,0,4,7,1,2,2,2,0,7758.33400008,2.0,2,0,1.0,9,20,2133.0,0.5963332411867256,73.80959983510441,63.34953560123128,8.251886446437874,1232.7304200473363,24031.167023554604,5645.136,815.0759999999999,965.298,3864.762,1013.406,4631.73,17.95184385283189,2,2,0,0,0,38.5,30.0,47.0,1.0,0.0,0.0,0.0,2,0,0.0,0.0,0.0,1.0,1.0,0.0,1.0,1.0,1.0,1.0,20,2,2025,12,13,5,1,0,1,1,0,1,LEVE,0
1,1,11,2,6,4,-12.134915250942027,-75.22172819227636,0,4,7,1,2,2,2,2,6543.555,2.0,4,4,1.0,14,33,1198.0,0.4869005705010076,71.27758642633061,70.98462759449653,8.427566649199576,675.919211630646,9077.69807280514,12264.545,1826.4639999999995,1105.5389999999998,9332.542,1588.5359999999996,10676.009,12.952261987705208,2,1,1,1,0,37.0,33.0,40.0,0.0,0.0,0.0,0.0,1,1,1.0,0.0,0.0,0.0,0.0,0.0,0.0,0.0,0.0,1.0,21,2,2022,9,19,0,0,1,2,1,0,1,LEVE,0
3,2,21,0,4,1,-6.032884,-77.203903,0,4,7,1,2,1,0,2,7758.33400008,2.0,2,0,1.0,9,20,2133.0,0.5963332411867256,73.80959983510441,63.34953560123128,8.251886446437874,1232.7304200473363,24031.167023554604,5645.136,815.0759999999999,965.298,3864.762,1013.406,4631.73,17.95184385283189,3,2,0,0,1,40.0,30.0,50.0,1.0,0.0,0.0,0.0,2,0,0.0,0.0,1.0,1.0,1.0,1.0,0.0,1.0,1.0,1.0,21,2,2024,1,24,2,0,1,1,1,0,1,LEVE,0
6,1,10,0,4,1,-13.630134,-76.152208,0,4,7,1,2,2,2,2,6639.975,2.0,2,0,1.0,9,31,1616.0,0.5723734005661165,76.14778354007997,72.53650205141851,9.107715991741182,922.4721268572972,24272.76659528908,3721.461,698.1859999999996,744.866,2278.409,1102.9029999999996,2618.558,29.636290693359403,3,1,0,0,2,46.0,46.0,46.0,1.0,0.0,0.0,0.0,1,0,0.0,0.0,0.0,1.0,0.0,0.0,1.0,0.0,0.0,0.0,5,0,2021,3,2,1,0,0,0,1,0,1,LEVE,0
0,1,19,0,4,1,-5.227757585565833,-80.65413186806087,0,4,7,1,2,2,2,4,6543.555,3.0,2,0,1.0,0,30,1475.0,0.5034350778485951,78.14388603810477,62.51585839041032,7.698619805954479,731.8176685454189,76220.84796573877,8965.846000060003,1782.4120000599992,636.9959999999999,6546.438000000004,2214.505000059999,6751.341000000004,24.699342371541725,2,1,0,1,0,67.0,67.0,67.0,1.0,0.0,0.0,1.0,1,0,0.0,0.0,1.0,0.0,0.0,0.0,1.0,0.0,0.0,0.0,21,2,2023,5,15,0,0,1,0,1,1,1,LEVE,0
0,1,11,2,4,1,-11.734159642247311,-75.5435030793657,0,4,7,1,2,0,1,0,311.82,2.0,2,0,0.0,9,32,74.0,0.4846609581848212,71.70970037684953,62.978404663645314,7.681608625268467,740.7899756467436,5696.379014989293,12264.545,1826.4639999999995,1105.5389999999998,9332.542,1588.5359999999996,10676.009,12.952261987705208,2,1,0,1,0,37.0,37.0,37.0,1.0,0.0,0.0,1.0,1,0,0.0,1.0,0.0,0.0,0.0,0.0,1.0,0.0,0.0,0.0,11,1,2023,3,16,3,0,1,2,1,0,1,LEVE,0