CLASE SINIESTRO,CANTIDAD DE VEHICULOS DAÑADOS,DEPARTAMENTO,ZONA,TIPO DE VÍA,RED VIAL,COORDENADAS LATITUD,COORDENADAS  LONGITUD,CONDICIÓN CLIMÁTICA,ZONIFICACIÓN,CARACTERÍSTICAS DE VÍA,PERFIL LONGITUDINAL VÍA,SUPERFICIE DE CALZADA,¿EXISTE SEÑAL VERTICAL?,¿EXISTE SEÑAL HORIZONTAL?,CAUSA FACTOR PRINCIPAL,MTC_RVN_LONGITUD_KM,MTC_RVN_N_CARRILES_MEDIANA,MTC_RVN_SUPERFICIE_DOMINANTE,MTC_RVN_ESTADO_DOMINANTE,MTC_RVN_ES_CONCESIONADA,MTC_RVN_CONCESION_PRINCIPAL,MTC_RVN_CORREDOR_LOGISTICO,MTC_RVN_N_TRAMOS,IDH_2019,IDH_ESP_VIDA_2019,IDH_EDUC_SECUND_PCT_2019,IDH_ANIOS_EDUC_2019,IDH_INGRESO_PERCAP_2019,IDH_POBLACION_2019,MTC_DEP_RED_TOTAL_KM,MTC_DEP_NACIONAL_TOTAL_KM,MTC_DEP_DEPARTAMENTAL_TOTAL_KM,MTC_DEP_VECINAL_TOTAL_KM,MTC_DEP_PAV_TOTAL_KM,MTC_DEP_NO_PAV_TOTAL_KM,MTC_DEP_PCT_PAVIMENTADA,PER_TOTAL_PERSONAS,PER_N_CONDUCTORES,PER_N_CONDUCTORES_FUGADOS,PER_N_PEATONES,PER_N_PASAJEROS_OCUPANTES,PER_EDAD_COND_PROM,PER_EDAD_COND_MIN,PER_EDAD_COND_MAX,PER_ANY_COND_MASCULINO,PER_ANY_LIC_PROBLEMA,PER_ANY_DOSAJE_POS,PER_ANY_DOSAJE_EVALUADO,VEH_TOTAL,VEH_N_FUGADOS,VEH_ANY_FUGADO,VEH_ANY_CARGA,VEH_ANY_PUBLICO,VEH_ANY_PARTICULAR,VEH_ANY_MOTO,VEH_ANY_AUTO,VEH_ANY_CAMION_BUS,VEH_ANY_SOAT_PROBLEMA,VEH_ANY_CITV_PROBLEMA,VEH_ANY_SEGURO_PROBLEMA,HORA_NUM,FRANJA_HORARIA,ANIO,MES,DIA_MES,DIA_SEMANA,ES_FIN_SEMANA,ES_QUINCENA,REGION_NATURAL,TIENE_SEÑALIZACION,ES_VIA_MULTICARRIL,ES_DEPTO_BAJO_PAVIMENTO,CATEGORIA_SEVERIDAD,CATEGORIA_SEVERIDAD_ENC
0,0,13,2,3,4,-6.481992,-79.650751,0,3,7,1,7,2,2,0,6543.555,2.0,4,4,1.0,14,33,1198.0,0.4223480801354451,69.21333797191475,54.90787428957437,6.076241918149045,654.7580359381622,22806.316916488224,3459.691,515.0619999999999,689.7280000000001,2254.901,703.3549999999999,2756.336,20.329994788551925,2,1,0,1,0,21.0,21.0,21.0,0.0,0.0,0.0,1.0,1,0,0.0,0.0,0.0,1.0,0.0,0.0,1.0,0.0,0.0,0.0,17,3,2022,8,29,0,0,1,0,1,0,1,LEVE,0
0,1,14,2,4,1,-12.37177720361196,-76.78410972011952,0,2,7,1,2,2,2,0,6639.975,2.0,2,0,1.0,9,31,1616.0,0.6997623570346938,76.1024633480164,67.4916969677081,10.594360693484372,1568.8925177861563,8292.871520342613,7626.313,1683.4029999999998,1599.0829999999996,4343.827000000001,1814.875,5811.438000000001,23.797541485643197,2,1,0,1,0,33.0,33.0,33.0,1.0,0.0,0.0,0.0,1,0,0.0,1.0,0.0,0.0,0.0,0.0,1.0,0.0,1.0,0.0,21,2,2024,5,2,3,0,0,0,1,0,1,LEVE,0
3,2,3,0,4,1,-16.378563,-72.181366,0,4,7,1,2,1,1,0,6639.975,2.0,2,0,1.0,9,31,1616.0,0.6077843615696785,76.53072135400231,69.81276959706165,8.77367759087771,1135.5159013374655,74658.55888650964,10322.272,1495.236,1749.739,7077.2970000000005,2886.595,7435.677000000001,27.964725207783708,7,2,0,0,5,31.0,29.0,33.0,1.0,0.0,0.0,1.0,2,0,0.0,0.0,0.0,1.0,0.0,1.0,1.0,0.0,1.0,0.0,14,3,2022,2,23,2,0,1,0,1,0,1,GRAVE_LESIONADOS,1
0,2,20,2,2,4,-15.826731,-70.029974,0,1,7,1,2,2,2,4,6543.555,2.0,4,4,1.0,14,33,1198.0,0.6488901960567479,69.67312345830231,82.12448375199249,11.701623814093702,1230.336353415943,144745.3597430407,13642.312999999998,2020.7790000000005,2354.117,9267.416999999998,3314.0520000000006,10328.260999999997,24.29244952817019,3,2,0,1,0,35.0,26.0,44.0,1.0,1.0,0.0,0.0,2,0,0.0,0.0,0.0,1.0,0.0,1.0,1.0,0.0,0.0,0.0,22,2,2023,11,17,4,0,1,2,1,0,1,LEVE,0
3,0,14,2,2,4,-12.227974,-76.938119,7,3,7,1,2,2,2,0,6543.555,2.0,4,4,1.0,14,33,1198.0,0.6990481232857558,80.14597904142546,74.3851677794309,10.004397644056358,1432.5044292531525,459161.0728051392,7626.313,1683.4029999999998,1599.0829999999996,4343.827000000001,1814.875,5811.438000000001,23.797541485643197,2,2,0,0,0,36.0,22.0,50.0,1.0,0.0,0.0,0.0,2,0,0.0,1.0,0.0,0.0,1.0,0.0,1.0,0.0,1.0,0.0,12,3,2021,9,24,4,0,1,0,1,0,1,LEVE,0
3,2,10,2,4,1,-14.254273451310867,-75.6885458402974,0,0,7,1,2,2,2,0,6639.975,2.0,2,0,1.0,9,31,1616.0,0.6261042306271147,80.48505954362174,76.55712631348362,9.341715591523595,1061.002261282891,31419.372591006424,3721.461,698.1859999999996,744.866,2278.409,1102.9029999999996,2618.558,29.636290693359403,2,2,0,0,0,30.0,27.0,33.0,1.0,1.0,0.0,1.0,2,0,0.0,0.0,1.0,1.0,1.0,0.0,1.0,0.0,1.0,1.0,23,2,2024,8,18,6,1,1,0,1,0,1,LEVE,0
1,1,20,0,4,1,-16.274627666398704,-69.29014380638111,0,4,7,1,2,2,2,4,7586.903,2.0,2,0,1.0,9,5,1198.0,0.3165090894545869,72.969641049674,69.1278394147308,6.0160374778788,250.7872170233644,13778.516059957172,13642.312999999998,2020.7790000000005,2354.117,9267.416999999998,3314.0520000000006,10328.260999999997,24.29244952817019,2,1,1,1,0,37.0,33.0,40.0,0.0,0.0,0.0,0.0,1,1,1.0,0.0,0.0,0.0,0.0,0.0,0.0,0.0,0.0,1.0,6,1,2024,5,30,3,0,1,2,1,0,1,LEVE,0
1,1,14,2,2,4,-12.070816521548712,-77.01005889319258,0,0,7,1,2,2,2,0,6543.555,2.0,4,4,1.0,14,33,1198.0,0.7141594849782824,79.90829932185413,74.79179886803175,10.522504814235935,1482.4793645077043,156887.87152034265,7626.313,1683.4029999999998,1599.0829999999996,4343.827000000001,1814.875,5811.438000000001,23.797541485643197,2,1,1,1,0,37.0,33.0,40.0,0.0,0.0,0.0,0.0,1,1,1.0,0.0,0.0,0.0,0.0,0.0,0.0,0.0,0.0,1.0,19,2,2024,11,23,5,1,1,0,1,0,1,LEVE,0
0,1,14,2,2,4,-11.912144054579986,-77.04594553809683,0,3,7,1,2,2,2,0,6543.555,2.0,4,4,1.0,14,33,1198.0,0.7218926988400113,80.0902077245261,77.9581888264889,10.971588327733102,1458.3206086290393,530000.3426124197,7626.313,1683.4029999999998,1599.0829999999996,4343.827000000001,1814.875,5811.438000000001,23.797541485643197,2,1,0,1,0,29.0,29.0,29.0,0.0,0.0,0.0,0.0,1,0,0.0,0.0,0.0,1.0,0.0,1.0,0.0,0.0,1.0,0.0,23,2,2022,12,23,4,0,1,0,1,0,1,LEVE,0
1,1,5,0,4,1,-5.01839740966754,-79.0873508050405,0,4,5,0,2,2,2,0,9936.932,2.0,2,0,1.0,9,32,3830.0,0.3151477911505985,73.36449184704787,52.88964951702089,5.406399838135312,296.1597460834138,9812.95289079229,15935.565011852366,1733.9250000199986,935.692,13265.948011832368,2000.1670000199988,13935.398011832369,12.551591352627522,2,1,1,1,0,37.0,33.0,40.0,0.0,0.0,0.0,0.0,1,1,1.0,0.0,0.0,0.0,0.0,0.0,0.0,0.0,0.0,1.0,2,0,2023,2,5,6,1,0,2,1,0,1,LEVE,0
6,1,7,0,4,2,-13.384018988587554,-71.67242819947957,0,4,0,0,7,2,2,2,6543.555,2.0,4,4,1.0,14,33,1198.0,0.1747449791455621,66.07525625481001,55.64270134274993,2.969749914946193,124.74196388442545,9397.970021413275,17779.13499998999,2097.3709999899997,2863.123,12818.640999999989,2878.713,14900.421999989989,16.19152450331032,4,1,0,0,3,21.0,21.0,21.0,1.0,0.0,0.0,0.0,1,0,0.0,0.0,0.0,1.0,0.0,1.0,0.0,0.0,0.0,0.0,12,3,2022,9,28,2,0,1,2,1,0,1,LEVE,0
3,2,12,0,4,1,-8.415622,-78.789251,0,4,7,1,2,2,2,2,6543.555,3.0,2,0,1.0,0,30,1475.0,0.5051395598219868,77.13285387085847,51.52067479184955,6.715328807318118,900.900383457586,67612.41755888652,8931.828000000005,1335.5899999999997,1935.9830000000004,5660.255000000005,1219.309,7712.519000000005,13.651281686122925,5,2,0,0,3,45.0,33.0,57.0,1.0,1.0,0.0,0.0,2,0,0.0,1.0,0.0,1.0,0.0,1.0,1.0,0.0,1.0,0.0,19,2,2021,5,8,5,1,0,0,1,1,1,GRAVE_MORTALIDAD,2
5,1,10,0,4,1,-14.108721,-75.718157,0,4,7,1,2,2,2,0,6639.975,2.0,2,0,1.0,9,31,1616.0,0.6017391761868336,78.042802452235,72.28583389723312,10.31007692281154,958.0333772224832,5487.43897216274,3721.461,698.1859999999996,744.866,2278.409,1102.9029999999996,2618.558,29.636290693359403,2,2,1,0,0,45.0,45.0,45.0,1.0,0.0,0.0,0.0,2,1,1.0,0.0,0.0,1.0,0.0,1.0,0.0,0.0,0.0,1.0,22,2,2021,11,29,0,0,1,0,1,0,1,LEVE,0
3,1,23,0,4,1,-3.706016665328983,-80.71842003395297,0,4,7,1,2,2,2,2,6543.555,3.0,2,0,1.0,0,30,1475.0,0.568342833663152,74.37886913017682,68.79116494388956,9.025058202905662,964.4271707185276,11360.244111349037,1009.101,138.47399999999996,287.471,583.156,276.972,732.129,27.447401201663663,2,2,0,0,0,45.0,45.0,45.0,1.0,0.0,0.0,0.0,2,0,0.0,0.0,0.0,1.0,1.0,0.0,0.0,0.0,1.0,1.0,7,1,2022,2,14,0,0,0,0,1,1,1,LEVE,0
2,1,19,0,4,2,-5.05968220593445,-80.6306377877767,0,4,7,1,2,2,2,0,6543.555,2.0,4,4,1.0,14,33,1198.0,0.6582040223794163,78.74105515718446,77.3206684883171,11.334167841567446,1124.177237253568,178905.3426124197,8965.846000060003,1782.4120000599992,636.9959999999999,6546.438000000004,2214.505000059999,6751.341000000004,24.699342371541725,2,1,1,0,1,37.0,33.0,40.0,0.0,0.0,0.0,0.0,1,1,1.0,0.0,0.0,0.0,0.0,0.0,0.0,0.0,0.0,1.0,1,0,2022,9,11,6,1,0,0,1,0,1,LEVE,0
6,1,7,0,4,0,-14.233373,-71.432597,5,4,7,0,1,2,2,6,6543.555,2.0,4,4,1.0,14,33,1198.0,0.2882750993706783,61.105307438693615,62.64723700455549,5.709419886190102,271.2955650853845,8821.728051391863,17779.13499998999,2097.3709999899997,2863.123,12818.640999999989,2878.713,14900.421999989989,16.19152450331032,2,1,0,0,1,19.0,19.0,19.0,1.0,1.0,0.0,0.0,1,0,0.0,0.0,0.0,1.0,1.0,0.0,0.0,1.0,1.0,0.0,4,0,2021,4,18,6,1,1,2,1,0,1,LEVE,0
1,1,20,0,4,2,-16.01863122997095,-69.57866910022311,0,4,1,1,2,2,2,2,6543.555,2.0,4,4,1.0,14,33,1198.0,0.4020198374784472,77.80062735845667,75.295761294875,7.279851651626652,372.63390314535104,50686.62526766595,13642.312999999998,2020.7790000000005,2354.117,9267.416999999998,3314.0520000000006,10328.260999999997,24.29244952817019,2,1,1,1,0,37.0,33.0,40.0,0.0,0.0,0.0,0.0,1,1,1.0,0.0,0.0,0.0,0.0,0.0,0.0,0.0,0.0,1.0,6,1,2023,5,29,0,0,1,2,1,0,1,LEVE,0
1,2,10,0,4,1,-13.48064866882319,-76.18441131162028,0,4,7,1,2,2,2,4,205.54999999999995,-1.0,2,0,1.0,13,31,15.0,0.5935454717688132,79.82270610044196,65.40471106456853,9.554430232416086,978.9182940808604,5314.299785867237,3721.461,698.1859999999996,744.866,2278.409,1102.9029999999996,2618.558,29.636290693359403,5,2,0,1,2,46.0,43.0,49.0,1.0,0.0,0.0,0.0,2,0,0.0,0.0,0.0,1.0,0.0,1.0,0.0,0.0,0.0,0.0,19,2,2022,1,28,4,0,1,0,1,0,1,GRAVE_LESIONADOS,1
10,1,10,2,4,1,-14.050054741709207,-75.74768866124752,0,1,7,1,2,2,2,0,6639.975,2.0,2,0,1.0,9,31,1616.0,0.6637216310803388,79.6446050662278,81.37671161983333,11.724811319582514,1084.329233867723,142450.24411134905,3721.461,698.1859999999996,744.866,2278.409,1102.9029999999996,2618.558,29.636290693359403,1,1,0,0,0,23.0,23.0,23.0,1.0,1.0,0.0,0.0,1,0,0.0,0.0,0.0,1.0,1.0,0.0,0.0,0.0,1.0,0.0,21,2,2021,11,21,6,1,1,0,1,0,1,LEVE,0
3,2,20,0,4,0,-15.566421711216536,-69.97179505563115,0,4,7,1,2,2,2,2,6543.555,2.0,4,4,1.0,14,33,1198.0,0.2054781999352204,72.86726952696264,66.59162079148858,5.707863648223302,97.61688442557129,7653.85653104925,13642.312999999998,2020.7790000000005,2354.117,9267.416999999998,3314.0520000000006,10328.260999999997,24.29244952817019,2,2,0,0,0,61.0,61.0,61.0,1.0,0.0,0.0,0.0,2,0,0.0,0.0,0.0,1.0,0.0,0.0,1.0,0.0,0.0,1.0,18,2,2024,5,2,3,0,0,2,1,0,1,LEVE,0
6,0,14,2,2,4,-12.028669118024691,-76.9510746473504,0,0,1,1,2,2,2,0,6543.555,2.0,4,4,1.0,14,33,1198.0,0.7347309224519117,80.70014842215761,76.47981423089655,10.519505095866096,1571.8150981252256,229834.5310492505,7626.313,1683.4029999999998,1599.0829999999996,4343.827000000001,1814.875,5811.438000000001,23.797541485643197,3,1,0,0,2,37.0,33.0,40.0,0.0,0.0,0.0,0.0,1,0,0.0,1.0,0.0,0.0,0.0,0.0,1.0,0.0,1.0,0.0,12,3,2022,1,31,0,0,1,0,1,0,1,LEVE,0
6,1,12,0,4,3,-8.459044,-77.300349,0,4,7,1,1,2,2,0,6543.555,2.0,4,4,1.0,14,33,1198.0,0.2315675747978999,79.97397266360144,36.77336878219674,4.21018291119795,168.72011949197312,6013.9743040685225,8931.828000000005,1335.5899999999997,1935.9830000000004,5660.255000000005,1219.309,7712.519000000005,13.651281686122925,1,1,0,0,0,25.0,25.0,25.0,1.0,1.0,0.0,0.0,1,0,0.0,0.0,0.0,1.0,1.0,0.0,0.0,1.0,0.0,0.0,8,1,2021,2,15,0,0,1,0,1,0,1,LEVE,0
3,1,7,0,4,1,-13.66458707670798,-71.32957751137612,6,5,6,2,6,2,2,0,3263.58,2.0,2,0,1.0,5,18,566.0,0.2701433460922377,67.03086854576458,59.596346222865,3.690268129191559,281.2948228692088,16118.58886509636,17779.13499998999,2097.3709999899997,2863.123,12818.640999999989,2878.713,14900.421999989989,16.19152450331032,3,2,0,0,1,31.0,30.0,32.0,1.0,0.0,0.0,1.0,2,0,0.0,1.0,0.0,1.0,0.0,1.0,1.0,0.0,1.0,0.0,15,3,2021,11,15,0,0,1,2,1,0,1,LEVE,0
3,2,14,2,3,4,-12.073099184950324,-76.87478182472802,0,4,7,0,7,2,2,0,6543.555,2.0,4,4,1.0,14,33,1198.0,0.6371716495641229,77.28809635528053,69.64326619808601,9.01503899605881,1265.0419992552625,48261.34689507495,7626.313,1683.4029999999998,1599.0829999999996,4343.827000000001,1814.875,5811.438000000001,23.797541485643197,2,2,0,0,0,37.0,33.0,40.0,1.0,0.0,0.0,0.0,2,0,0.0,1.0,0.0,1.0,0.0,1.0,1.0,0.0,0.0,0.0,21,2,2021,12,13,0,0,0,0,1,0,1,LEVE,0
0,1,5,2,2,4,-5.708558,-78.807426,0,0,1,1,2,0,1,2,6543.555,2.0,4,4,1.0,14,33,1198.0,0.5803239946829384,74.49544278598792,68.33065356443184,8.733179344969395,1046.078117086984,102362.46895074946,15935.565011852366,1733.9250000199986,935.692,13265.948011832368,2000.1670000199988,13935.398011832369,12.551591352627522,2,1,0,1,0,34.0,34.0,34.0,1.0,0.0,0.0,1.0,1,0,0.0,0.0,0.0,0.0,0.0,0.0,1.0,0.0,1.0,0.0,17,3,2024,4,10,2,0,0,2,1,0,1,LEVE,0
1,1,14,2,2,4,-12.030158901924349,-76.99987511769811,0,0,1,1,2,2,2,0,6543.555,2.0,4,4,1.0,14,33,1198.0,0.6970617810314195,81.40501156526744,73.5715154770137,9.635174408411393,1428.892506292977,203379.9271948608,7626.313,1683.4029999999998,1599.0829999999996,4343.827000000001,1814.875,5811.438000000001,23.797541485643197,2,1,1,1,0,37.0,33.0,40.0,0.0,0.0,0.0,0.0,1,1,1.0,0.0,0.0,0.0,0.0,0.0,0.0,0.0,0.0,1.0,20,2,2025,3,27,3,0,1,0,1,0,1,LEVE,0
0,1,3,2,4,1,-16.407098,-71.603607,0,0,7,0,2,0,1,0,1504.4250000000002,2.0,2,0,1.0,7,25,241.0,0.6411767862503931,77.2408324916572,78.204125011303,10.595705083047717,1107.223861768016,193412.3169164882,10322.272,1495.236,1749.739,7077.2970000000005,2886.595,7435.677000000001,27.964725207783708,2,1,0,1,0,61.0,61.0,61.0,1.0,0.0,0.0,1.0,1,0,0.0,0.0,0.0,1.0,0.0,0.0,1.0,0.0,0.0,0.0,19,2,2024,1,13,5,1,0,0,1,0,1,LEVE,0
0,1,14,2,2,4,-12.06694023,-76.99849473,0,2,7,1,2,2,2,0,6543.555,2.0,4,4,1.0,14,33,1198.0,0.7141594849782824,79.90829932185413,74.79179886803175,10.522504814235935,1482.4793645077043,156887.87152034265,7626.313,1683.4029999999998,1599.0829999999996,4343.827000000001,1814.875,5811.438000000001,23.797541485643197,2,1,0,1,0,46.0,46.0,46.0,1.0,0.0,0.0,0.0,1,0,0.0,1.0,0.0,0.0,0.0,0.0,1.0,0.0,0.0,0.0,4,0,2023,4,16,6,1,1,0,1,0,1,LEVE,0
6,1,20,0,4,0,-15.601981,-69.850646,0,4,7,1,2,2,2,2,6543.555,2.0,4,4,1.0,14,33,1198.0,0.2340843824111472,70.52898898013444,62.87432375980422,4.224552350027807,162.17132958234427,9524.6573875803,13642.312999999998,2020.7790000000005,2354.117,9267.416999999998,3314.0520000000006,10328.260999999997,24.29244952817019,1,1,0,0,0,48.0,48.0,48.0,1.0,1.0,0.0,0.0,1,0,0.0,1.0,0.0,0.0,1.0,0.0,0.0,1.0,0.0,1.0,20,2,2023,4,19,2,0,1,2,1,0,1,LEVE,0
3,2,13,0,4,1,-6.728604328879039,-79.88923069193943,0,4,0,1,2,2,2,0,6543.555,3.0,2,0,1.0,0,30,1475.0,0.5539280527450423,74.69452916859504,66.89728158703436,9.542777400516576,872.5509264417765,79617.09421841543,3459.691,515.0619999999999,689.7280000000001,2254.901,703.3549999999999,2756.336,20.329994788551925,3,2,0,0,1,42.0,31.0,53.0,1.0,0.0,1.0,1.0,2,0,0.0,0.0,0.0,1.0,1.0,1.0,0.0,1.0,1.0,1.0,21,2,2022,2,13,6,1,0,0,1,1,1,LEVE,0
0,1,14,2,7,4,-11.98185556481486,-77.10788603762292,0,3,7,1,2,2,2,2,6543.555,2.0,4,4,1.0,14,33,1198.0,0.7419979630670723,80.31822295927182,79.00446395716813,11.084203715652809,1554.6868971011318,739416.2413542903,7626.313,1683.4029999999998,1599.0829999999996,4343.827000000001,1814.875,5811.438000000001,23.797541485643197,2,1,0,1,0,40.0,40.0,40.0,0.0,0.0,0.0,0.0,1,0,0.0,0.0,0.0,1.0,0.0,0.0,1.0,0.0,0.0,0.0,11,1,2021,11,3,2,0,0,0,1,0,1,LEVE,0
0,1,20,0,4,1,-15.5354642,-70.1146895,5,4,7,1,2,1,1,4,7586.903,2.0,2,0,1.0,9,5,1198.0,0.5759734352119,73.55929462493827,78.89306383943827,10.174966342239475,888.1716010638444,232834.39603082248,13642.312999999998,2020.7790000000005,2354.117,9267.416999999998,3314.0520000000006,10328.260999999997,24.29244952817019,2,1,0,1,0,57.0,57.0,57.0,1.0,0.0,0.0,1.0,1,0,0.0,0.0,0.0,1.0,0.0,0.0,1.0,1.0,1.0,0.0,18,2,2021,5,1,5,1,0,2,1,0,1,LEVE,0
5,1,21,2,4,1,-5.815621,-77.386,2,0,7,1,2,2,2,0,7758.33400008,2.0,2,0,1.0,9,20,2133.0,0.3490236341472501,73.80303880571165,34.287308240418106,5.251593843982846,481.3272995041394,11414.025695931476,5645.136,815.0759999999999,965.298,3864.762,1013.406,4631.73,17.95184385283189,3,2,1,0,1,35.0,35.0,35.0,1.0,0.0,0.0,0.0,2,1,1.0,0.0,0.0,1.0,1.0,0.0,0.0,1.0,1.0,1.0,4,0,2023,12,16,5,1,1,1,1,0,1,LEVE,0
3,1,19,0,4,2,-5.22061,-80.10604,0,3,7,1,2,2,2,0,6543.555,2.0,4,4,1.0,14,33,1198.0,0.3893523155396837,73.6911779276771,49.78375684989758,4.513910151215105,616.2310203311459,12720.513918629553,8965.846000060003,1782.4120000599992,636.9959999999999,6546.438000000004,2214.505000059999,6751.341000000004,24.699342371541725,2,2,0,0,0,37.5,36.0,39.0,1.0,0.0,0.0,1.0,2,0,0.0,0.0,0.0,1.0,0.0,0.0,1.0,0.0,1.0,1.0,7,1,2023,7,26,2,0,1,0,1,0,1,LEVE,0
3,2,12,0,4,1,-7.882915482323604,-79.12875608848309,0,4,7,1,2,2,2,2,6543.555,3.0,2,0,1.0,0,30,1475.0,0.5721567587688113,77.67102283812494,66.21373667954742,8.464777379360486,978.4498488219192,15563.077087794432,8931.828000000005,1335.5899999999997,1935.9830000000004,5660.255000000005,1219.309,7712.519000000005,13.651281686122925,13,2,0,0,11,50.5,49.0,52.0,1.0,0.0,0.0,0.0,2,0,0.0,1.0,1.0,0.0,0.0,0.0,1.0,0.0,0.0,0.0,6,1,2024,4,2,1,0,0,0,1,1,1,GRAVE_LESIONADOS,1
0,1,1,0,4,3,-9.024249928576673,-78.55449104182941,0,4,7,1,2,2,2,0,6543.555,2.0,4,4,1.0,14,33,1198.0,0.6138280897610826,78.84695742989106,71.99259200326753,9.438855747011283,1055.78291711923,196830.83083511775,10767.648,1885.0630000000003,1222.721,7659.864000000001,2100.343,8667.305000000002,19.506051832303577,2,1,0,1,0,20.0,20.0,20.0,1.0,1.0,0.0,1.0,1,0,0.0,0.0,0.0,1.0,1.0,0.0,0.0,1.0,1.0,0.0,18,2,2022,8,3,2,0,0,0,1,0,1,LEVE,0
6,1,8,0,4,1,-13.450225,-74.983666,5,4,7,0,2,2,2,2,1679.5849999999998,2.0,2,3,1.0,9,24,315.0,0.2997946406100768,72.83003345209801,46.42647217987546,4.997510303405721,292.6881439974165,3327.8779443254816,8511.426,1445.3929999999996,2008.516,5057.516999999999,1879.579,6631.846999999998,22.08300935706896,2,1,0,0,1,50.0,50.0,50.0,1.0,0.0,0.0,0.0,1,0,0.0,1.0,0.0,0.0,0.0,0.0,1.0,0.0,0.0,0.0,2,0,2021,3,2,1,0,0,2,1,0,1,LEVE,0
4,1,14,0,3,4,-12.14029,-76.9112,0,4,3,0,1,2,2,2,6543.555,2.0,4,4,1.0,14,33,1198.0,0.689811994580126,79.88015655965044,73.89553442371854,9.755251380104111,1409.8432274455126,452660.364025696,7626.313,1683.4029999999998,1599.0829999999996,4343.827000000001,1814.875,5811.438000000001,23.797541485643197,5,1,0,0,4,31.0,31.0,31.0,1.0,1.0,0.0,1.0,1,0,0.0,1.0,0.0,0.0,0.0,0.0,1.0,1.0,1.0,0.0,15,3,2021,2,18,3,0,1,0,1,0,1,GRAVE_LESIONADOS,1
6,1,7,2,4,1,-13.6024625,-71.7601825,0,0,7,1,2,2,2,2,7586.903,2.0,2,0,1.0,9,5,1198.0,0.5065580412535501,64.79370905469777,77.15417383818448,8.35812941450031,844.3117831870799,8658.316916488222,17779.13499998999,2097.3709999899997,2863.123,12818.640999999989,2878.713,14900.421999989989,16.19152450331032,2,1,0,0,1,57.0,57.0,57.0,1.0,1.0,0.0,0.0,1,0,0.0,0.0,0.0,1.0,0.0,1.0,0.0,0.0,0.0,0.0,0,0,2022,10,30,6,1,1,2,1,0,1,LEVE,0
6,1,20,0,4,1,-15.78966549,-70.03369678,0,4,0,1,2,0,1,2,7586.903,2.0,2,0,1.0,9,5,1198.0,0.6488901960567479,69.67312345830231,82.12448375199249,11.701623814093702,1230.336353415943,144745.3597430407,13642.312999999998,2020.7790000000005,2354.117,9267.416999999998,3314.0520000000006,10328.260999999997,24.29244952817019,4,1,0,0,3,25.0,25.0,25.0,1.0,0.0,0.0,0.0,1,0,0.0,0.0,0.0,0.0,0.0,0.0,1.0,0.0,1.0,0.0,6,1,2021,4,14,2,0,0,2,1,0,1,GRAVE_LESIONADOS,1
7,1,20,2,7,4,-14.320530785831728,-69.46549582332315,2,4,4,1,4,2,2,5,6543.555,2.0,4,4,1.0,14,33,1198.0,0.3677334628938986,70.7162173228883,67.35653663762525,5.8791954301434455,400.7331963961917,11267.128479657387,13642.312999999998,2020.7790000000005,2354.117,9267.416999999998,3314.0520000000006,10328.260999999997,24.29244952817019,4,1,0,0,3,51.0,51.0,51.0,1.0,0.0,0.0,0.0,1,0,0.0,0.0,0.0,1.0,0.0,0.0,1.0,0.0,1.0,0.0,12,3,2021,1,18,0,0,1,2,1,0,1,GRAVE_LESIONADOS,1
0,1,12,2,3,4,-8.085705739843602,-79.01043913015172,0,0,7,1,2,2,2,2,6543.555,2.0,4,4,1.0,14,33,1198.0,0.5628682280502054,79.35078533424159,59.07369130997599,7.880201475313533,999.8741857239928,209189.32119914345,8931.828000000005,1335.5899999999997,1935.9830000000004,5660.255000000005,1219.309,7712.519000000005,13.651281686122925,2,1,0,1,0,40.0,40.0,40.0,1.0,1.0,0.0,0.0,1,0,0.0,1.0,0.0,0.0,0.0,0.0,1.0,0.0,0.0,0.0,16,3,2022,10,22,5,1,1,0,1,0,1,LEVE,0
3,1,24,0,4,1,-8.524143,-74.865134,0,4,7,0,2,1,1,2,1169.3919999999998,2.0,3,1,0.0,9,32,75.0,0.4362106858928199,75.91054080603905,42.047312576916696,6.899542836039115,655.5242994288087,14497.284796573877,2689.139,392.697,1311.5319999999997,984.91,261.598,2427.541,9.727946379863592,2,2,0,0,0,62.0,61.0,63.0,1.0,1.0,0.0,0.0,2,0,0.0,0.0,1.0,1.0,1.0,1.0,0.0,0.0,1.0,1.0,9,1,2022,10,26,2,0,1,1,1,0,1,LEVE,0
6,1,20,0,4,1,-14.3529749,-70.2682848,0,4,7,1,2,2,2,2,1761.8050000000003,2.0,2,0,1.0,6,22,410.0,0.3057414008801379,69.22264670186847,58.33380814660391,5.772116020653216,271.6242449747086,3829.5845824411126,13642.312999999998,2020.7790000000005,2354.117,9267.416999999998,3314.0520000000006,10328.260999999997,24.29244952817019,2,1,0,0,1,48.0,48.0,48.0,1.0,0.0,0.0,0.0,1,0,0.0,0.0,0.0,1.0,0.0,1.0,0.0,0.0,1.0,0.0,6,1,2021,11,18,3,0,1,2,1,0,1,LEVE,0
3,1,14,2,2,4,-12.103769417849724,-77.00134451399319,0,0,7,1,2,2,2,6,6543.555,2.0,4,4,1.0,14,33,1198.0,0.8236163632543221,80.64134543571234,78.76297514209003,13.635913030045838,1867.8532062234744,106584.52890792293,7626.313,1683.4029999999998,1599.0829999999996,4343.827000000001,1814.875,5811.438000000001,23.797541485643197,2,2,0,0,0,39.5,30.0,49.0,1.0,0.0,0.0,0.0,2,0,0.0,0.0,0.0,1.0,1.0,1.0,0.0,0.0,1.0,0.0,10,1,2023,3,19,6,1,1,0,1,0,1,LEVE,0
6,1,12,0,4,1,-7.226003,-79.442813,0,4,7,1,2,2,2,0,6543.555,3.0,2,0,1.0,0,30,1475.0,0.5885704819472196,78.81449187577415,72.29060549742594,8.763210867480462,976.1586325354776,48424.389721627405,8931.828000000005,1335.5899999999997,1935.9830000000004,5660.255000000005,1219.309,7712.519000000005,13.651281686122925,1,1,0,0,0,50.0,50.0,50.0,1.0,1.0,0.0,0.0,1,0,0.0,0.0,0.0,1.0,1.0,0.0,0.0,1.0,0.0,1.0,16,3,2022,4,30,5,1,1,0,1,1,1,LEVE,0
6,0,14,2,8,4,-11.999400281006354,-77.0437503319536,0,2,7,1,2,2,2,0,6543.555,2.0,4,4,1.0,14,33,1198.0,0.6853375063928137,80.04346891299102,76.32428568750537,8.817291636093138,1443.328322024431,217176.83083511775,7626.313,1683.4029999999998,1599.0829999999996,4343.827000000001,1814.875,5811.438000000001,23.797541485643197,2,1,0,1,0,59.0,59.0,59.0,1.0,1.0,0.0,0.0,1,0,0.0,0.0,0.0,1.0,0.0,1.0,0.0,0.0,1.0,0.0,12,3,2021,3,21,6,1,1,0,1,0,1,LEVE,0
6,1,20,2,2,4,-15.487217,-70.150391,0,3,7,1,2,2,2,2,6543.555,2.0,4,4,1.0,14,33,1198.0,0.5759734352119,73.55929462493827,78.89306383943827,10.174966342239475,888.1716010638444,232834.39603082248,13642.312999999998,2020.7790000000005,2354.117,9267.416999999998,3314.0520000000006,10328.260999999997,24.29244952817019,1,1,0,0,0,25.0,25.0,25.0,1.0,1.0,0.0,0.0,1,0,0.0,0.0,0.0,1.0,1.0,0.0,0.0,1.0,1.0,1.0,22,2,2023,6,10,5,1,0,2,1,0,1,LEVE,0
6,1,17,1,4,1,-17.2874663,-71.45285693,6,5,6,2,6,2,2,0,1926.94,2.0,2,0,1.0,9,32,393.0,0.7679607503195659,78.54282659820022,70.56951363392463,12.908522413383151,1718.8035257172005,3079.066381156317,2949.174,470.28500000000025,903.055,1575.834,866.4460000000004,2082.728,29.37927704503025,3,1,0,0,2,50.0,50.0,50.0,1.0,0.0,0.0,0.0,1,0,0.0,1.0,0.0,0.0,0.0,0.0,1.0,0.0,0.0,0.0,7,1,2024,2,26,0,0,1,0,1,0,1,LEVE,0