CLASE SINIESTRO,CANTIDAD DE VEHICULOS DAÑADOS,DEPARTAMENTO,ZONA,TIPO DE VÍA,RED VIAL,COORDENADAS LATITUD,COORDENADAS  LONGITUD,CONDICIÓN CLIMÁTICA,ZONIFICACIÓN,CARACTERÍSTICAS DE VÍA,PERFIL LONGITUDINAL VÍA,SUPERFICIE DE CALZADA,¿EXISTE SEÑAL VERTICAL?,¿EXISTE SEÑAL HORIZONTAL?,CAUSA FACTOR PRINCIPAL,MTC_RVN_LONGITUD_KM,MTC_RVN_N_CARRILES_MEDIANA,MTC_RVN_SUPERFICIE_DOMINANTE,MTC_RVN_ESTADO_DOMINANTE,MTC_RVN_ES_CONCESIONADA,MTC_RVN_CONCESION_PRINCIPAL,MTC_RVN_CORREDOR_LOGISTICO,MTC_RVN_N_TRAMOS,IDH_2019,IDH_ESP_VIDA_2019,IDH_EDUC_SECUND_PCT_2019,IDH_ANIOS_EDUC_2019,IDH_INGRESO_PERCAP_2019,IDH_POBLACION_2019,MTC_DEP_RED_TOTAL_KM,MTC_DEP_NACIONAL_TOTAL_KM,MTC_DEP_DEPARTAMENTAL_TOTAL_KM,MTC_DEP_VECINAL_TOTAL_KM,MTC_DEP_PAV_TOTAL_KM,MTC_DEP_NO_PAV_TOTAL_KM,MTC_DEP_PCT_PAVIMENTADA,PER_TOTAL_PERSONAS,PER_N_CONDUCTORES,PER_N_CONDUCTORES_FUGADOS,PER_N_PEATONES,PER_N_PASAJEROS_OCUPANTES,PER_EDAD_COND_PROM,PER_EDAD_COND_MIN,PER_EDAD_COND_MAX,PER_ANY_COND_MASCULINO,PER_ANY_LIC_PROBLEMA,PER_ANY_DOSAJE_POS,PER_ANY_DOSAJE_EVALUADO,VEH_TOTAL,VEH_N_FUGADOS,VEH_ANY_FUGADO,VEH_ANY_CARGA,VEH_ANY_PUBLICO,VEH_ANY_PARTICULAR,VEH_ANY_MOTO,VEH_ANY_AUTO,VEH_ANY_CAMION_BUS,VEH_ANY_SOAT_PROBLEMA,VEH_ANY_CITV_PROBLEMA,VEH_ANY_SEGURO_PROBLEMA,HORA_NUM,FRANJA_HORARIA,ANIO,MES,DIA_MES,DIA_SEMANA,ES_FIN_SEMANA,ES_QUINCENA,REGION_NATURAL,TIENE_SEÑALIZACION,ES_VIA_MULTICARRIL,ES_DEPTO_BAJO_PAVIMENTO,CATEGORIA_SEVERIDAD,CATEGORIA_SEVERIDAD_ENC
6,1,0,0,4,2,-6.528155635882059,-77.41589920908366,2,4,0,0,7,2,2,0,6543.555,2.0,4,4,1.0,14,33,1198.0,0.262898139825049,67.85945076016495,26.606469696809526,4.698855287507317,304.042809726535,2376.4732334047108,3903.732,1155.121,585.018,2163.5930000000003,943.591,2960.1410000000005,24.17151074920102,1,1,0,0,0,49.0,49.0,49.0,1.0,0.0,0.0,0.0,1,0,0.0,1.0,0.0,0.0,0.0,0.0,1.0,1.0,1.0,0.0,15,3,2021,3,8,0,0,0,1,1,0,1,LEVE,0
3,2,5,0,4,1,-5.100353,-79.0455366,0,4,7,1,2,2,2,0,7758.33400008,2.0,2,0,1.0,9,20,2133.0,0.4391812721167056,75.54174317098156,56.236342149889175,6.489422517034793,610.2085755707644,37111.99571734476,15935.565011852366,1733.9250000199986,935.692,13265.948011832368,2000.1670000199988,13935.398011832369,12.551591352627522,3,2,0,0,1,55.5,51.0,60.0,1.0,1.0,0.0,0.0,2,0,0.0,0.0,1.0,1.0,1.0,0.0,0.0,1.0,1.0,1.0,17,3,2022,6,30,3,0,1,2,1,0,1,LEVE,0
3,2,13,2,4,1,-6.9788991,-79.6453884,0,4,0,1,2,1,0,0,6543.555,3.0,2,0,1.0,0,30,1475.0,0.5328313946151968,80.14557682903842,69.10246351364754,7.779461377421685,787.1306410578989,10221.605995717344,3459.691,515.0619999999999,689.7280000000001,2254.901,703.3549999999999,2756.336,20.329994788551925,3,2,0,0,1,34.5,18.0,51.0,1.0,1.0,0.0,1.0,2,0,0.0,0.0,1.0,1.0,1.0,0.0,1.0,0.0,1.0,1.0,20,2,2022,8,26,4,0,1,0,1,1,1,LEVE,0
1,1,12,2,4,1,-8.203856,-78.959776,0,0,7,1,2,2,2,0,6543.555,3.0,2,0,1.0,0,30,1475.0,0.5704872313485707,78.73040511828864,66.00991236238886,8.931371175352043,922.6441961800402,20630.58672376873,8931.828000000005,1335.5899999999997,1935.9830000000004,5660.255000000005,1219.309,7712.519000000005,13.651281686122925,2,1,1,1,0,37.0,33.0,40.0,0.0,0.0,0.0,0.0,1,1,1.0,0.0,0.0,0.0,0.0,0.0,0.0,0.0,0.0,1.0,19,2,2023,6,30,4,0,1,0,1,1,1,LEVE,0
3,1,14,2,4,1,-11.783713693158605,-77.15584501205656,0,2,7,1,2,2,2,0,6543.555,3.0,2,0,1.0,0,30,1475.0,0.6688889885290078,77.65971620762488,72.11797581870952,9.343568875150348,1392.9562465448405,54956.252676659526,7626.313,1683.4029999999998,1599.0829999999996,4343.827000000001,1814.875,5811.438000000001,23.797541485643197,3,2,0,0,1,34.5,25.0,44.0,1.0,0.0,0.0,0.0,2,0,0.0,1.0,0.0,1.0,1.0,1.0,0.0,1.0,1.0,0.0,6,1,2022,6,18,5,1,1,0,1,1,1,LEVE,0
1,1,14,2,2,4,-12.005755739542066,-77.00630354453264,0,0,7,1,2,2,2,0,6543.555,2.0,4,4,1.0,14,33,1198.0,0.701053025277506,79.62867561460851,73.1469484600971,10.064317505194426,1464.6926161541437,1150285.0494171206,7626.313,1683.4029999999998,1599.0829999999996,4343.827000000001,1814.875,5811.438000000001,23.797541485643197,2,1,1,1,0,37.0,33.0,40.0,0.0,0.0,0.0,0.0,1,0,0.0,0.0,1.0,0.0,0.0,0.0,1.0,0.0,0.0,0.0,7,1,2024,7,21,6,1,1,0,1,0,1,LEVE,0
0,0,14,2,4,1,-11.913491414372915,-77.07381770920416,0,0,7,1,2,2,2,2,6543.555,3.0,2,0,1.0,0,30,1475.0,0.6632628912836565,79.15155564666024,73.19223743118206,9.629669813837666,1289.452647666346,383699.2119914347,7626.313,1683.4029999999998,1599.0829999999996,4343.827000000001,1814.875,5811.438000000001,23.797541485643197,2,1,0,1,0,33.0,33.0,33.0,1.0,0.0,0.0,1.0,1,0,0.0,0.0,0.0,1.0,0.0,0.0,1.0,0.0,0.0,0.0,20,2,2022,1,14,4,0,0,0,1,1,1,LEVE,0
0,1,11,2,4,1,-11.836148815511407,-75.43634530423623,0,4,7,1,2,0,1,4,196.88,2.0,2,0,1.0,3,32,35.0,0.5103724369507868,73.88155792233682,59.32015972008952,8.771792775786478,780.3419275036085,943.338329764454,12264.545,1826.4639999999995,1105.5389999999998,9332.542,1588.5359999999996,10676.009,12.952261987705208,2,1,0,1,0,44.0,44.0,44.0,1.0,0.0,0.0,1.0,1,0,0.0,0.0,1.0,0.0,0.0,0.0,1.0,0.0,0.0,0.0,20,2,2023,8,6,6,1,0,2,1,0,1,LEVE,0
3,3,13,0,4,1,-6.902120701832457,-79.78225346271503,0,4,7,1,2,2,2,0,6543.555,3.0,2,0,1.0,0,30,1475.0,0.5641992796027862,80.882527751483,65.9094339982314,9.073972195368588,853.0395030552988,16475.406852248394,3459.691,515.0619999999999,689.7280000000001,2254.901,703.3549999999999,2756.336,20.329994788551925,4,3,0,0,1,38.333333333333336,24.0,56.0,1.0,0.0,0.0,0.0,3,0,0.0,1.0,1.0,1.0,1.0,0.0,1.0,0.0,1.0,0.0,7,1,2022,2,8,1,0,0,0,1,1,1,LEVE,0
0,1,14,2,2,4,-12.01120456509693,-77.01416593426782,0,3,7,1,2,2,2,4,6543.555,2.0,4,4,1.0,14,33,1198.0,0.701053025277506,79.62867561460851,73.1469484600971,10.064317505194426,1464.6926161541437,1150285.0494171206,7626.313,1683.4029999999998,1599.0829999999996,4343.827000000001,1814.875,5811.438000000001,23.797541485643197,2,1,0,1,0,44.0,44.0,44.0,1.0,0.0,0.0,0.0,1,0,0.0,0.0,0.0,1.0,1.0,0.0,0.0,0.0,0.0,0.0,9,1,2024,3,8,4,0,0,0,1,0,1,LEVE,0
3,2,4,2,4,1,-13.341398,-74.538772,0,4,7,1,2,2,2,2,1679.5849999999998,2.0,2,3,1.0,9,24,315.0,0.1859776092837948,69.85250115366037,39.77024304701982,3.1640035399309645,143.5227500887571,15617.884368308352,12678.733000000004,1805.074000000001,1774.0339999999994,9099.625000000004,2485.375000000001,10193.358000000002,19.602707936195205,2,2,0,0,0,45.5,33.0,58.0,1.0,0.0,0.0,1.0,2,0,0.0,1.0,0.0,0.0,0.0,0.0,1.0,0.0,0.0,0.0,8,1,2021,1,23,5,1,1,2,1,0,1,LEVE,0
3,1,14,2,4,1,-12.031614062573912,-77.00445777153111,0,0,7,1,2,2,2,0,6543.555,3.0,2,0,1.0,0,30,1475.0,0.6970617810314195,81.40501156526744,73.5715154770137,9.635174408411393,1428.892506292977,203379.9271948608,7626.313,1683.4029999999998,1599.0829999999996,4343.827000000001,1814.875,5811.438000000001,23.797541485643197,3,3,0,0,0,40.66666666666666,26.0,63.0,1.0,0.0,0.0,0.0,3,0,0.0,1.0,0.0,1.0,0.0,1.0,1.0,0.0,0.0,0.0,6,1,2024,7,25,3,0,1,0,1,1,1,LEVE,0
3,2,12,0,4,1,-8.916976,-78.638052,0,4,7,1,2,2,2,2,6543.555,3.0,2,0,1.0,0,30,1475.0,0.4867987483268106,77.5825534369154,52.95148122709723,6.150547060309878,840.5788229266196,9838.736616702356,8931.828000000005,1335.5899999999997,1935.9830000000004,5660.255000000005,1219.309,7712.519000000005,13.651281686122925,3,2,0,0,1,46.0,36.0,56.0,1.0,0.0,0.0,0.0,2,0,0.0,1.0,0.0,0.0,0.0,0.0,1.0,0.0,1.0,0.0,16,3,2023,2,18,5,1,1,0,1,1,1,LEVE,0
0,1,14,2,4,1,-11.829948069211149,-77.1179186448279,0,0,1,1,2,1,0,4,6543.555,3.0,2,0,1.0,0,30,1475.0,0.6632628912836565,79.15155564666024,73.19223743118206,9.629669813837666,1289.452647666346,383699.2119914347,7626.313,1683.4029999999998,1599.0829999999996,4343.827000000001,1814.875,5811.438000000001,23.797541485643197,2,1,0,1,0,51.0,51.0,51.0,1.0,0.0,1.0,1.0,1,0,0.0,0.0,1.0,0.0,0.0,0.0,1.0,0.0,1.0,0.0,11,1,2024,10,19,5,1,1,0,1,1,1,LEVE,0
5,1,12,2,4,1,-8.324195,-78.897364,0,4,7,1,2,2,2,0,6543.555,3.0,2,0,1.0,0,30,1475.0,0.5704872313485707,78.73040511828864,66.00991236238886,8.931371175352043,922.6441961800402,20630.58672376873,8931.828000000005,1335.5899999999997,1935.9830000000004,5660.255000000005,1219.309,7712.519000000005,13.651281686122925,2,2,1,0,0,35.0,35.0,35.0,1.0,0.0,0.0,0.0,2,1,1.0,0.0,0.0,1.0,1.0,0.0,0.0,0.0,0.0,0.0,6,1,2021,9,22,2,0,1,0,1,1,1,LEVE,0
3,1,3,0,4,1,-16.445773,-71.974013,0,4,7,1,2,1,1,0,6639.975,2.0,2,0,1.0,9,31,1616.0,0.6455852322566902,78.58826324858522,78.38415596279924,8.472481180514539,1258.6172876652156,2628.282655246253,10322.272,1495.236,1749.739,7077.2970000000005,2886.595,7435.677000000001,27.964725207783708,4,2,0,0,2,37.0,33.0,40.0,0.0,0.0,0.0,0.0,2,0,0.0,1.0,0.0,1.0,0.0,1.0,1.0,0.0,0.0,0.0,13,3,2025,7,15,1,0,1,0,1,0,1,GRAVE_MORTALIDAD,2
3,2,21,2,4,1,-5.745433,-77.484213,0,4,7,1,2,1,0,2,7758.33400008,2.0,2,0,1.0,9,20,2133.0,0.395409368693869,74.01814372927417,48.94523443220634,5.029353255237231,594.0921143791977,22212.160599571733,5645.136,815.0759999999999,965.298,3864.762,1013.406,4631.73,17.95184385283189,4,2,0,0,2,29.0,26.0,32.0,1.0,1.0,0.0,0.0,2,0,0.0,0.0,0.0,1.0,1.0,0.0,0.0,1.0,1.0,1.0,19,2,2023,9,27,2,0,1,1,1,0,1,LEVE,0
3,1,14,2,2,4,-12.08478289,-77.06448613,0,3,5,0,2,1,0,0,6543.555,2.0,4,4,1.0,14,33,1198.0,0.5563774842369664,77.00938809632027,69.10246351364754,8.476961866273152,914.8835608305218,27932.19700214133,7626.313,1683.4029999999998,1599.0829999999996,4343.827000000001,1814.875,5811.438000000001,23.797541485643197,2,2,0,0,0,31.5,21.0,42.0,1.0,0.0,0.0,0.0,2,0,0.0,0.0,0.0,1.0,1.0,1.0,0.0,0.0,1.0,0.0,20,2,2023,5,26,4,0,1,0,1,0,1,LEVE,0
2,1,14,2,2,4,-12.113098042952329,-76.9924970312784,0,0,1,1,2,2,2,0,6543.555,2.0,4,4,1.0,14,33,1198.0,0.8017574897902351,80.48487267736287,78.74302427848284,13.156716040468266,1766.1488062170545,359776.608137045,7626.313,1683.4029999999998,1599.0829999999996,4343.827000000001,1814.875,5811.438000000001,23.797541485643197,2,1,0,0,1,47.0,47.0,47.0,1.0,0.0,0.0,0.0,1,0,0.0,0.0,1.0,0.0,0.0,0.0,1.0,0.0,0.0,0.0,20,2,2024,8,27,1,0,1,0,1,0,1,LEVE,0
3,2,7,0,4,1,-15.323607,-71.124161,0,4,7,1,2,0,1,2,568.5409999999999,1.0,2,3,0.0,9,3,93.0,0.4222081089999886,68.53644198939976,64.0389062540908,6.228410225649751,607.1280595160617,1204.2119914346897,17779.13499998999,2097.3709999899997,2863.123,12818.640999999989,2878.713,14900.421999989989,16.19152450331032,2,2,0,0,0,32.5,27.0,38.0,1.0,0.0,0.0,1.0,2,0,0.0,0.0,0.0,1.0,1.0,1.0,0.0,1.0,1.0,1.0,7,1,2024,3,19,1,0,1,2,1,0,1,LEVE,0
3,2,20,0,4,2,-14.352358453309698,-70.01691257460625,0,4,7,1,2,2,2,2,6543.555,2.0,4,4,1.0,14,33,1198.0,0.3798276108256661,68.84580694362505,77.07589080107745,6.406956319418527,404.6387989593952,8968.678800856529,13642.312999999998,2020.7790000000005,2354.117,9267.416999999998,3314.0520000000006,10328.260999999997,24.29244952817019,2,2,0,0,0,44.5,33.0,56.0,1.0,1.0,0.0,0.0,2,0,0.0,1.0,0.0,1.0,1.0,0.0,1.0,1.0,1.0,1.0,20,2,2021,11,3,2,0,0,2,1,0,1,LEVE,0
3,1,10,0,4,1,-13.404688,-76.193044,6,5,6,2,6,2,2,0,6639.975,2.0,2,0,1.0,9,31,1616.0,0.5736744275518083,81.67473861808857,68.1608574885675,9.138785887908334,865.1176766860625,26660.92933618844,3721.461,698.1859999999996,744.866,2278.409,1102.9029999999996,2618.558,29.636290693359403,2,2,0,0,0,28.5,19.0,38.0,1.0,0.0,0.0,0.0,2,0,0.0,0.0,0.0,1.0,0.0,1.0,0.0,0.0,0.0,1.0,13,3,2024,4,12,4,0,0,0,1,0,1,LEVE,0
5,1,12,0,4,2,-7.793990425975836,-78.12686916545017,0,4,7,1,2,2,2,0,6543.555,2.0,4,4,1.0,14,33,1198.0,0.1244076988219627,73.72414731573798,24.96870949906624,2.0840157325420936,117.70668659697276,14976.700214132765,8931.828000000005,1335.5899999999997,1935.9830000000004,5660.255000000005,1219.309,7712.519000000005,13.651281686122925,3,2,1,0,1,31.0,31.0,31.0,1.0,0.0,0.0,0.0,2,1,1.0,1.0,0.0,0.0,0.0,0.0,1.0,0.0,0.0,1.0,16,3,2023,6,22,3,0,1,0,1,0,1,LEVE,0
3,2,3,2,2,4,-16.323002,-71.591658,0,3,7,1,2,0,1,0,6543.555,2.0,4,4,1.0,14,33,1198.0,0.6411767862503931,77.2408324916572,78.204125011303,10.595705083047717,1107.223861768016,193412.3169164882,10322.272,1495.236,1749.739,7077.2970000000005,2886.595,7435.677000000001,27.964725207783708,3,2,0,0,1,26.5,23.0,30.0,1.0,1.0,0.0,0.0,2,0,0.0,0.0,0.0,1.0,1.0,0.0,1.0,1.0,0.0,0.0,21,2,2024,1,24,2,0,1,0,1,0,1,LEVE,0
0,1,3,0,4,3,-15.6858186513221,-71.6811662831479,7,4,2,0,7,2,2,0,6543.555,2.0,4,4,1.0,14,33,1198.0,0.371171304727158,78.034012305572,48.41837891894141,6.395227546608189,395.26527894408656,729.6959314775161,10322.272,1495.236,1749.739,7077.2970000000005,2886.595,7435.677000000001,27.964725207783708,2,1,0,1,0,44.0,44.0,44.0,1.0,0.0,0.0,0.0,1,0,0.0,1.0,0.0,0.0,0.0,0.0,1.0,0.0,0.0,0.0,12,3,2023,11,22,2,0,1,0,1,0,1,LEVE,0
3,2,10,2,4,1,-14.033763480341069,-75.75632772796854,0,0,7,1,2,2,2,0,6639.975,2.0,2,0,1.0,9,31,1616.0,0.6350781586942635,79.3721196581268,77.51375521876884,10.809406137631074,1028.5280705927485,31104.417558886507,3721.461,698.1859999999996,744.866,2278.409,1102.9029999999996,2618.558,29.636290693359403,5,2,0,0,3,32.5,23.0,42.0,1.0,0.0,0.0,1.0,2,0,0.0,1.0,0.0,0.0,0.0,1.0,1.0,0.0,0.0,0.0,2,0,2022,11,10,3,0,0,0,1,0,1,GRAVE_MORTALIDAD,2
0,1,20,0,4,1,-15.3125314,-70.228747,0,4,7,1,2,2,2,4,7586.903,2.0,2,0,1.0,9,5,1198.0,0.289549626938555,77.56938441814937,61.26176615135224,5.519427583790393,205.49658062526288,1447.8907922912204,13642.312999999998,2020.7790000000005,2354.117,9267.416999999998,3314.0520000000006,10328.260999999997,24.29244952817019,2,1,0,1,0,27.0,27.0,27.0,1.0,0.0,0.0,0.0,1,0,0.0,0.0,0.0,1.0,0.0,0.0,1.0,1.0,1.0,1.0,8,1,2021,10,27,2,0,1,2,1,0,1,LEVE,0
6,1,1,0,4,1,-8.449816342225832,-78.02931243646064,0,4,0,0,1,2,2,1,9936.932,2.0,2,0,1.0,9,32,3830.0,0.3037800567900134,68.33773772958087,32.806797267599826,5.606946026413372,357.5920117234093,2817.6531049250534,10767.648,1885.0630000000003,1222.721,7659.864000000001,2100.343,8667.305000000002,19.506051832303577,4,1,0,0,3,56.0,56.0,56.0,1.0,0.0,0.0,1.0,1,0,0.0,0.0,0.0,1.0,0.0,0.0,1.0,0.0,0.0,0.0,10,1,2021,2,19,4,0,1,0,1,0,1,GRAVE_MORTALIDAD,2
0,1,10,2,4,1,-14.531977,-75.190298,0,0,7,1,2,1,1,0,6639.975,2.0,2,0,1.0,9,31,1616.0,0.6181901975175671,81.11121526884828,81.4570999718351,9.588458879563897,966.6199420714054,6820.845824411133,3721.461,698.1859999999996,744.866,2278.409,1102.9029999999996,2618.558,29.636290693359403,2,1,0,1,0,41.0,41.0,41.0,1.0,1.0,0.0,1.0,1,0,0.0,0.0,0.0,1.0,1.0,0.0,0.0,1.0,1.0,1.0,20,2,2023,8,18,4,0,1,0,1,0,1,LEVE,0
6,1,9,0,4,1,-9.890868,-75.973724,7,4,0,1,7,2,2,2,926.7690000000002,2.0,3,3,0.0,9,32,124.0,0.2488101415616882,69.007841453463,38.25663066192983,3.4615469428359247,279.6678169043749,22296.95503211992,8209.057,1333.4779999999996,791.9770000000001,6083.602,1059.8589999999997,7149.198,12.910849565303296,2,1,0,0,1,49.0,49.0,49.0,1.0,0.0,0.0,0.0,1,0,0.0,0.0,0.0,1.0,0.0,1.0,0.0,0.0,0.0,0.0,21,2,2021,10,12,1,0,0,2,1,0,1,GRAVE_MORTALIDAD,2
6,1,5,0,4,2,-6.49956135111446,-78.5360594614265,0,4,0,0,3,2,2,2,6543.555,2.0,4,4,1.0,14,33,1198.0,0.2775964697739569,71.67830860111216,47.068741797611374,4.162326795075621,277.2159672833011,10167.346895074945,15935.565011852366,1733.9250000199986,935.692,13265.948011832368,2000.1670000199988,13935.398011832369,12.551591352627522,2,1,0,0,1,21.0,21.0,21.0,1.0,0.0,0.0,1.0,1,0,0.0,0.0,0.0,1.0,0.0,0.0,1.0,0.0,1.0,0.0,5,0,2024,6,5,2,0,0,2,1,0,1,LEVE,0
3,1,13,0,4,1,-6.039101,-79.676422,0,2,7,0,2,1,0,0,1305.18,2.0,2,0,1.0,1,20,163.0,0.4974674218418852,75.93907983080418,58.3357972839862,7.69595447676265,761.2908213145297,28734.96573875803,3459.691,515.0619999999999,689.7280000000001,2254.901,703.3549999999999,2756.336,20.329994788551925,3,2,0,0,1,45.0,40.0,50.0,1.0,0.0,0.0,0.0,2,0,0.0,0.0,0.0,1.0,0.0,1.0,1.0,0.0,1.0,0.0,13,3,2022,5,29,6,1,1,0,1,0,1,LEVE,0
6,1,7,0,4,2,-13.35414029,-71.5668891,0,4,0,0,7,0,0,2,6543.555,2.0,4,4,1.0,14,33,1198.0,0.2466226927938573,59.50771953912937,42.678907967899015,3.991373779253808,285.51302601039464,12676.173447537472,17779.13499998999,2097.3709999899997,2863.123,12818.640999999989,2878.713,14900.421999989989,16.19152450331032,1,1,0,0,0,23.0,23.0,23.0,1.0,1.0,0.0,0.0,1,0,0.0,0.0,0.0,1.0,1.0,0.0,0.0,0.0,0.0,0.0,5,0,2024,4,13,5,1,0,2,0,0,1,LEVE,0
6,1,21,2,4,2,-6.00111373027902,-76.9812832517358,0,2,2,0,1,2,2,0,6543.555,2.0,4,4,1.0,14,33,1198.0,0.5294800468051228,72.46713251445857,60.50982579904599,7.757161651692042,952.984823255978,86435.21199143468,5645.136,815.0759999999999,965.298,3864.762,1013.406,4631.73,17.95184385283189,2,1,0,0,1,33.0,33.0,33.0,0.0,0.0,0.0,0.0,1,0,0.0,0.0,1.0,0.0,1.0,0.0,0.0,1.0,1.0,1.0,17,3,2025,12,7,6,1,0,1,1,0,1,LEVE,0
4,1,20,2,2,4,-16.2517237,-69.0908728,0,0,7,1,4,2,2,2,6543.555,2.0,4,4,1.0,14,33,1198.0,0.4165447461855686,74.77127585660097,73.32833413464006,6.399479128468322,475.6850527085419,23516.528907922908,13642.312999999998,2020.7790000000005,2354.117,9267.416999999998,3314.0520000000006,10328.260999999997,24.29244952817019,1,1,0,0,0,44.0,44.0,44.0,1.0,1.0,0.0,0.0,1,0,0.0,0.0,0.0,1.0,1.0,0.0,0.0,1.0,0.0,1.0,16,3,2023,6,18,6,1,1,2,1,0,1,LEVE,0
6,1,12,0,4,1,-8.7090699,-78.638141,0,4,7,1,2,2,2,2,6543.555,3.0,2,0,1.0,0,30,1475.0,0.4867987483268106,77.5825534369154,52.95148122709723,6.150547060309878,840.5788229266196,9838.736616702356,8931.828000000005,1335.5899999999997,1935.9830000000004,5660.255000000005,1219.309,7712.519000000005,13.651281686122925,2,1,0,0,1,36.0,36.0,36.0,1.0,0.0,0.0,0.0,1,0,0.0,1.0,0.0,0.0,0.0,0.0,1.0,0.0,0.0,0.0,6,1,2021,10,20,2,0,1,0,1,1,1,LEVE,0
3,1,19,0,4,0,-4.5787018858657085,-81.25371330878743,0,4,7,0,2,2,2,0,6543.555,2.0,4,4,1.0,14,33,1198.0,0.5901150530410085,76.98052296505229,65.81860373948332,9.709337533966425,1000.689242407422,89997.35760171307,8965.846000060003,1782.4120000599992,636.9959999999999,6546.438000000004,2214.505000059999,6751.341000000004,24.699342371541725,2,2,0,0,0,33.5,20.0,47.0,1.0,0.0,1.0,1.0,2,0,0.0,0.0,0.0,1.0,0.0,1.0,0.0,0.0,1.0,0.0,7,1,2021,11,7,6,1,0,0,1,0,1,LEVE,0
6,1,8,0,4,2,-12.447519,-75.026261,7,4,0,1,7,2,2,0,6543.555,2.0,4,4,1.0,14,33,1198.0,0.1808690928684879,65.39942139997304,55.11450522177565,3.969275551432288,109.65174518481275,1195.010706638116,8511.426,1445.3929999999996,2008.516,5057.516999999999,1879.579,6631.846999999998,22.08300935706896,2,1,0,0,1,51.0,51.0,51.0,1.0,0.0,0.0,0.0,1,0,0.0,0.0,0.0,1.0,0.0,1.0,0.0,0.0,0.0,0.0,10,1,2023,5,23,1,0,1,2,1,0,1,GRAVE_MORTALIDAD,2
3,2,20,0,4,1,-14.90459240150889,-69.7541340962868,2,4,7,1,2,2,2,2,1762.84,2.0,1,0,0.0,9,32,485.0,0.2560717900569508,66.95706009564688,62.9390284462099,5.652066606220652,178.2470204077377,5624.734475374732,13642.312999999998,2020.7790000000005,2354.117,9267.416999999998,3314.0520000000006,10328.260999999997,24.29244952817019,5,2,0,0,3,33.5,31.0,36.0,1.0,0.0,0.0,0.0,2,0,0.0,0.0,0.0,1.0,0.0,1.0,1.0,1.0,1.0,0.0,7,1,2021,1,23,5,1,1,2,1,0,1,LEVE,0
3,2,19,2,4,1,-4.930085923710307,-80.34309258528504,0,4,1,1,2,1,0,0,145.125,-1.0,2,3,0.0,9,32,35.0,0.459857589992435,80.72202071327797,50.86886521100652,5.65389066385764,729.6720832259953,125429.93361884369,8965.846000060003,1782.4120000599992,636.9959999999999,6546.438000000004,2214.505000059999,6751.341000000004,24.699342371541725,2,2,0,0,0,27.5,22.0,33.0,1.0,1.0,0.0,0.0,2,0,0.0,0.0,0.0,1.0,1.0,0.0,1.0,1.0,1.0,1.0,20,2,2022,9,19,0,0,1,0,1,0,1,LEVE,0
6,1,7,2,3,4,-13.5556578,-71.993234,0,4,0,1,1,2,2,2,6543.555,2.0,4,4,1.0,14,33,1198.0,0.6348954939297919,77.6245715059073,78.73535107148551,10.276562257168177,1084.1455565765216,94654.62312633834,17779.13499998999,2097.3709999899997,2863.123,12818.640999999989,2878.713,14900.421999989989,16.19152450331032,1,1,0,0,0,47.0,47.0,47.0,1.0,1.0,1.0,1.0,1,0,0.0,0.0,0.0,1.0,0.0,1.0,0.0,0.0,0.0,0.0,15,3,2022,8,18,3,0,1,2,1,0,1,LEVE,0
3,2,23,2,4,1,-3.4886237855487505,-80.2643809685904,0,4,1,1,2,2,2,2,34.68,2.0,2,0,0.0,9,32,10.0,0.4809550242578706,73.07176248806164,62.28512716598154,7.343272081128487,729.1613405110833,22758.41541755889,1009.101,138.47399999999996,287.471,583.156,276.972,732.129,27.447401201663663,3,2,0,0,1,32.5,24.0,41.0,1.0,1.0,0.0,1.0,2,0,0.0,1.0,0.0,1.0,1.0,0.0,1.0,0.0,1.0,1.0,8,1,2023,9,16,5,1,1,0,1,0,1,GRAVE_MORTALIDAD,2
6,1,11,0,4,2,-11.803618,-75.718824,0,4,7,0,7,2,2,2,6543.555,2.0,4,4,1.0,14,33,1198.0,0.4251232225344442,67.96139219838267,57.771003886361314,7.806740124502669,570.0619997002202,1564.1734475374733,12264.545,1826.4639999999995,1105.5389999999998,9332.542,1588.5359999999996,10676.009,12.952261987705208,9,1,0,0,8,17.0,17.0,17.0,1.0,1.0,0.0,1.0,1,0,0.0,1.0,0.0,0.0,0.0,0.0,1.0,0.0,0.0,0.0,14,3,2022,4,5,1,0,0,2,1,0,1,GRAVE_MORTALIDAD,2
3,3,7,0,4,1,-13.710043,-71.597223,2,4,7,1,2,1,1,2,7586.903,2.0,2,0,1.0,9,5,1198.0,0.4629184740681672,65.5665792285447,72.8013940331536,7.251714555673934,719.1023705109678,7985.920770877943,17779.13499998999,2097.3709999899997,2863.123,12818.640999999989,2878.713,14900.421999989989,16.19152450331032,5,3,0,0,2,34.0,25.0,41.0,1.0,1.0,0.0,0.0,3,0,0.0,1.0,1.0,1.0,1.0,0.0,1.0,1.0,0.0,1.0,16,3,2023,5,8,0,0,0,2,1,0,1,GRAVE_MORTALIDAD,2
3,0,14,2,2,4,-12.064318,-77.078369,0,0,7,1,2,2,2,0,6543.555,2.0,4,4,1.0,14,33,1198.0,0.8224006497057281,80.32617651391924,76.66408959706945,12.77635923087604,1966.554093175902,146885.81156316918,7626.313,1683.4029999999998,1599.0829999999996,4343.827000000001,1814.875,5811.438000000001,23.797541485643197,3,2,0,0,1,49.0,30.0,68.0,1.0,0.0,0.0,0.0,2,0,0.0,1.0,1.0,0.0,0.0,0.0,1.0,0.0,0.0,0.0,20,2,2021,7,30,4,0,1,0,1,0,1,LEVE,0
6,1,1,0,4,2,-10.004290953091829,-77.59659360353507,0,4,7,1,7,2,2,5,6543.555,2.0,4,4,1.0,14,33,1198.0,0.4208169632304392,68.5037886972693,43.164251661668246,8.28570540056018,605.5901398045125,521.5053533190579,10767.648,1885.0630000000003,1222.721,7659.864000000001,2100.343,8667.305000000002,19.506051832303577,2,1,0,0,1,44.0,44.0,44.0,1.0,0.0,0.0,1.0,1,0,0.0,1.0,0.0,0.0,0.0,0.0,1.0,0.0,0.0,0.0,11,1,2021,5,28,4,0,1,0,1,0,1,LEVE,0
6,1,1,0,4,3,-9.541716398464796,-77.73839969223597,2,4,0,0,2,2,2,0,6543.555,2.0,4,4,1.0,14,33,1198.0,0.3226718311164431,76.12153120385717,45.90895636282614,4.534120036557726,361.9144782277372,3229.2633832976444,10767.648,1885.0630000000003,1222.721,7659.864000000001,2100.343,8667.305000000002,19.506051832303577,3,1,0,0,2,30.0,30.0,30.0,1.0,0.0,0.0,1.0,1,0,0.0,0.0,0.0,1.0,0.0,1.0,0.0,0.0,0.0,0.0,20,2,2021,9,3,4,0,0,0,1,0,1,LEVE,0
3,2,21,0,2,4,-6.5247283,-76.3603705,0,4,7,1,2,2,2,2,6543.555,2.0,4,4,1.0,14,33,1198.0,0.5922286793787175,72.59477240316922,67.39355678691273,8.909919415857164,1146.168364233512,47338.141327623125,5645.136,815.0759999999999,965.298,3864.762,1013.406,4631.73,17.95184385283189,4,2,0,0,2,32.5,31.0,34.0,1.0,1.0,1.0,1.0,2,0,0.0,1.0,1.0,0.0,1.0,0.0,1.0,0.0,1.0,0.0,14,3,2021,11,9,1,0,0,1,1,0,1,LEVE,0
0,1,14,2,6,4,-12.03779377,-77.02698101,0,3,1,1,2,2,2,0,6543.555,2.0,4,4,1.0,14,33,1198.0,0.7300036506368504,80.21724456394445,75.11639588359114,10.636845733066124,1559.041185521695,156759.78800856532,7626.313,1683.4029999999998,1599.0829999999996,4343.827000000001,1814.875,5811.438000000001,23.797541485643197,3,1,0,2,0,52.0,52.0,52.0,1.0,0.0,0.0,0.0,1,0,0.0,0.0,0.0,1.0,0.0,1.0,0.0,0.0,1.0,0.0,10,1,2023,5,13,5,1,0,0,1,0,1,LEVE,0