CLASE SINIESTRO,CANTIDAD DE VEHICULOS DAÑADOS,DEPARTAMENTO,ZONA,TIPO DE VÍA,RED VIAL,COORDENADAS LATITUD,COORDENADAS  LONGITUD,CONDICIÓN CLIMÁTICA,ZONIFICACIÓN,CARACTERÍSTICAS DE VÍA,PERFIL LONGITUDINAL VÍA,SUPERFICIE DE CALZADA,¿EXISTE SEÑAL VERTICAL?,¿EXISTE SEÑAL HORIZONTAL?,CAUSA FACTOR PRINCIPAL,MTC_RVN_LONGITUD_KM,MTC_RVN_N_CARRILES_MEDIANA,MTC_RVN_SUPERFICIE_DOMINANTE,MTC_RVN_ESTADO_DOMINANTE,MTC_RVN_ES_CONCESIONADA,MTC_RVN_CONCESION_PRINCIPAL,MTC_RVN_CORREDOR_LOGISTICO,MTC_RVN_N_TRAMOS,IDH_2019,IDH_ESP_VIDA_2019,IDH_EDUC_SECUND_PCT_2019,IDH_ANIOS_EDUC_2019,IDH_INGRESO_PERCAP_2019,IDH_POBLACION_2019,MTC_DEP_RED_TOTAL_KM,MTC_DEP_NACIONAL_TOTAL_KM,MTC_DEP_DEPARTAMENTAL_TOTAL_KM,MTC_DEP_VECINAL_TOTAL_KM,MTC_DEP_PAV_TOTAL_KM,MTC_DEP_NO_PAV_TOTAL_KM,MTC_DEP_PCT_PAVIMENTADA,PER_TOTAL_PERSONAS,PER_N_CONDUCTORES,PER_N_CONDUCTORES_FUGADOS,PER_N_PEATONES,PER_N_PASAJEROS_OCUPANTES,PER_EDAD_COND_PROM,PER_EDAD_COND_MIN,PER_EDAD_COND_MAX,PER_ANY_COND_MASCULINO,PER_ANY_LIC_PROBLEMA,PER_ANY_DOSAJE_POS,PER_ANY_DOSAJE_EVALUADO,VEH_TOTAL,VEH_N_FUGADOS,VEH_ANY_FUGADO,VEH_ANY_CARGA,VEH_ANY_PUBLICO,VEH_ANY_PARTICULAR,VEH_ANY_MOTO,VEH_ANY_AUTO,VEH_ANY_CAMION_BUS,VEH_ANY_SOAT_PROBLEMA,VEH_ANY_CITV_PROBLEMA,VEH_ANY_SEGURO_PROBLEMA,HORA_NUM,FRANJA_HORARIA,ANIO,MES,DIA_MES,DIA_SEMANA,ES_FIN_SEMANA,ES_QUINCENA,REGION_NATURAL,TIENE_SEÑALIZACION,ES_VIA_MULTICARRIL,ES_DEPTO_BAJO_PAVIMENTO,CATEGORIA_SEVERIDAD,CATEGORIA_SEVERIDAD_ENC
3,2,11,0,4,1,-11.613197,-75.980424,0,4,0,1,2,2,2,0,875.67,2.0,2,0,1.0,3,14,156.0,0.6211711217784234,75.51508523355102,70.90101252241288,10.049671623026311,1128.403546167389,8996.89721627409,12264.545,1826.4639999999995,1105.5389999999998,9332.542,1588.5359999999996,10676.009,12.952261987705208,2,2,0,0,0,38.0,34.0,42.0,1.0,0.0,0.0,0.0,2,0,0.0,1.0,0.0,1.0,0.0,1.0,1.0,0.0,0.0,0.0,19,2,2023,1,18,2,0,1,2,1,0,1,LEVE,0
1,1,14,2,4,1,-12.47704286581339,-76.74824147897822,0,2,7,1,2,2,2,0,6639.975,2.0,2,0,1.0,9,31,1616.0,0.7033052422048006,79.27699023084553,78.75787716925494,10.495980139511614,1399.9661523613097,18759.880085653105,7626.313,1683.4029999999998,1599.0829999999996,4343.827000000001,1814.875,5811.438000000001,23.797541485643197,2,1,1,1,0,37.0,33.0,40.0,0.0,0.0,0.0,0.0,1,1,1.0,0.0,0.0,0.0,0.0,0.0,0.0,0.0,0.0,0.0,23,2,2021,3,18,3,0,1,0,1,0,1,LEVE,0
6,1,14,2,4,0,-11.06668,-77.59831,0,3,7,1,2,2,2,2,6543.555,2.0,4,4,1.0,14,33,1198.0,0.644332113046051,78.61218205687396,70.04798203155518,8.919818005352203,1280.219555520582,36044.03426124197,7626.313,1683.4029999999998,1599.0829999999996,4343.827000000001,1814.875,5811.438000000001,23.797541485643197,2,1,0,0,1,20.0,20.0,20.0,1.0,1.0,0.0,0.0,1,0,0.0,0.0,0.0,1.0,1.0,0.0,0.0,0.0,0.0,0.0,7,1,2022,8,6,5,1,0,0,1,0,1,LEVE,0
1,1,14,2,4,1,-12.009093,-76.864798,0,2,7,1,2,2,2,0,875.67,2.0,2,0,1.0,3,14,156.0,0.6868549636939637,79.62363164345142,76.30894566128948,9.209137883551294,1425.4498631666322,684921.8484148846,7626.313,1683.4029999999998,1599.0829999999996,4343.827000000001,1814.875,5811.438000000001,23.797541485643197,2,1,1,1,0,37.0,33.0,40.0,0.0,0.0,0.0,0.0,1,0,0.0,0.0,1.0,0.0,0.0,0.0,1.0,0.0,0.0,0.0,20,2,2023,6,10,5,1,0,0,1,0,1,LEVE,0
6,1,8,0,4,1,-12.58887799532532,-74.68519139948599,0,4,0,0,7,2,2,0,7586.903,2.0,2,0,1.0,9,5,1198.0,0.1873637841039717,59.12123702937416,59.82158346676752,3.7283267324244393,135.02884691632562,1555.0,8511.426,1445.3929999999996,2008.516,5057.516999999999,1879.579,6631.846999999998,22.08300935706896,45,1,0,0,44,43.0,43.0,43.0,1.0,0.0,0.0,0.0,1,0,0.0,0.0,1.0,0.0,0.0,0.0,1.0,0.0,0.0,0.0,1,0,2023,9,18,0,0,1,2,1,0,1,GRAVE_MORTALIDAD,2
3,2,18,0,4,1,-10.626955020268475,-76.17705339745523,0,4,0,0,2,2,2,2,9936.932,2.0,2,0,1.0,9,32,3830.0,0.6193421604458235,76.39017950195935,80.49432651192377,11.494439166895754,957.3168975257496,31875.248394004284,3677.119863,564.5869999999999,910.845,2201.687863000001,590.8779999999998,3086.2418630000006,16.06904376290656,3,2,0,0,1,41.5,33.0,50.0,1.0,0.0,0.0,1.0,2,0,0.0,0.0,0.0,1.0,0.0,1.0,1.0,0.0,1.0,0.0,23,2,2023,4,28,4,0,1,2,1,0,1,LEVE,0
6,1,14,0,4,1,-11.314284154821213,-77.48276560587419,0,4,7,1,2,2,2,2,6543.555,3.0,2,0,1.0,0,30,1475.0,0.7327345537337897,78.20903814342847,76.31492653513806,13.642917835589472,1405.6698219039215,62016.21841541756,7626.313,1683.4029999999998,1599.0829999999996,4343.827000000001,1814.875,5811.438000000001,23.797541485643197,3,1,0,0,2,30.0,30.0,30.0,1.0,0.0,0.0,1.0,1,0,0.0,0.0,0.0,1.0,0.0,1.0,0.0,0.0,0.0,0.0,5,0,2024,5,19,6,1,1,0,1,1,1,LEVE,0
3,2,13,0,4,1,-6.739669356730316,-79.71388946070171,0,4,7,1,2,2,2,0,919.085,2.0,2,3,0.0,9,7,218.0,0.6225425995267787,81.2291645554815,74.48443506763874,8.985275296431396,1068.7213105287574,28888.895074946468,3459.691,515.0619999999999,689.7280000000001,2254.901,703.3549999999999,2756.336,20.329994788551925,2,2,0,0,0,39.5,37.0,42.0,1.0,0.0,0.0,0.0,2,0,0.0,1.0,0.0,1.0,1.0,0.0,1.0,0.0,1.0,1.0,6,1,2022,2,28,0,0,1,0,1,0,1,LEVE,0
6,1,3,0,4,0,-16.373756450271028,-72.47942453975892,0,4,0,0,2,2,2,2,6543.555,2.0,4,4,1.0,14,33,1198.0,0.6445408585995467,81.26293480409497,79.00455055322925,9.278885165396868,1126.181107120743,6803.177730192719,10322.272,1495.236,1749.739,7077.2970000000005,2886.595,7435.677000000001,27.964725207783708,2,1,0,0,1,55.0,55.0,55.0,1.0,0.0,0.0,1.0,1,0,0.0,0.0,0.0,1.0,0.0,0.0,1.0,0.0,0.0,0.0,23,2,2021,3,28,6,1,1,0,1,0,1,LEVE,0
0,1,7,2,2,4,-13.5228258,-71.983837,0,3,0,0,2,1,1,2,6543.555,2.0,4,4,1.0,14,33,1198.0,0.6348954939297919,77.6245715059073,78.73535107148551,10.276562257168177,1084.1455565765216,94654.62312633834,17779.13499998999,2097.3709999899997,2863.123,12818.640999999989,2878.713,14900.421999989989,16.19152450331032,2,1,0,1,0,38.0,38.0,38.0,1.0,0.0,0.0,0.0,1,0,0.0,0.0,1.0,0.0,0.0,0.0,1.0,0.0,0.0,0.0,7,1,2021,9,1,2,0,0,2,1,0,1,LEVE,0
6,0,4,0,4,0,-13.568882,-74.61658,0,4,0,0,2,2,2,2,6543.555,2.0,4,4,1.0,14,33,1198.0,0.2647382953344606,74.11688704842238,39.55826566316619,4.648449023523381,233.3393881465909,2413.6038543897216,12678.733000000004,1805.074000000001,1774.0339999999994,9099.625000000004,2485.375000000001,10193.358000000002,19.602707936195205,2,1,0,0,1,36.0,36.0,36.0,1.0,1.0,0.0,1.0,1,0,0.0,0.0,0.0,1.0,0.0,0.0,1.0,0.0,0.0,0.0,8,1,2021,8,10,1,0,0,2,1,0,1,LEVE,0
0,1,14,2,4,1,-11.951577,-76.726837,0,4,7,1,2,2,2,0,875.67,2.0,2,0,1.0,3,14,156.0,0.6831952456039544,78.60873873772867,74.49000793376607,10.00420210847705,1376.0472418044385,255143.7301927195,7626.313,1683.4029999999998,1599.0829999999996,4343.827000000001,1814.875,5811.438000000001,23.797541485643197,2,1,0,1,0,41.0,41.0,41.0,1.0,0.0,0.0,0.0,1,0,0.0,0.0,1.0,0.0,0.0,0.0,1.0,0.0,0.0,0.0,0,0,2022,12,11,6,1,0,0,1,0,1,LEVE,0
6,1,1,0,4,2,-9.13960825098862,-77.7298863031341,0,4,0,0,7,2,2,6,6543.555,2.0,4,4,1.0,14,33,1198.0,0.4225175571417921,72.0073136099048,61.38289654748469,6.311615395277217,572.3923378688387,21231.406852248398,10767.648,1885.0630000000003,1222.721,7659.864000000001,2100.343,8667.305000000002,19.506051832303577,4,1,0,0,3,50.0,50.0,50.0,1.0,0.0,0.0,1.0,1,0,0.0,0.0,0.0,1.0,0.0,1.0,0.0,0.0,0.0,0.0,18,2,2021,7,9,4,0,0,0,1,0,1,LEVE,0
3,2,20,0,4,0,-15.7933474,-70.3470706,0,4,7,1,2,2,2,2,6543.555,2.0,4,4,1.0,14,33,1198.0,0.4360760481245086,71.86716529022274,75.80287611739901,6.733277286170152,544.9407922012352,5132.002141327624,13642.312999999998,2020.7790000000005,2354.117,9267.416999999998,3314.0520000000006,10328.260999999997,24.29244952817019,2,2,0,0,0,32.5,31.0,34.0,1.0,1.0,0.0,0.0,2,0,0.0,0.0,1.0,1.0,1.0,0.0,0.0,0.0,0.0,1.0,6,1,2025,2,16,6,1,1,2,1,0,1,LEVE,0
3,2,19,0,2,4,-5.167724,-80.616993,0,4,7,1,2,2,2,0,6543.555,2.0,4,4,1.0,14,33,1198.0,0.6220812987247925,80.20155828147696,72.71675503872983,10.02377668600292,1028.915688621886,159840.92719486082,8965.846000060003,1782.4120000599992,636.9959999999999,6546.438000000004,2214.505000059999,6751.341000000004,24.699342371541725,2,2,0,0,0,50.0,44.0,56.0,1.0,1.0,0.0,1.0,2,0,0.0,0.0,0.0,1.0,1.0,0.0,1.0,1.0,1.0,0.0,20,2,2022,4,3,6,1,0,0,1,0,1,LEVE,0
6,1,12,0,4,0,-7.733418562833825,-77.66625880256798,5,4,7,1,7,2,2,0,6543.555,2.0,4,4,1.0,14,33,1198.0,0.4686292122960986,72.39347765706144,42.14285241633188,6.687776775372348,878.2652317159998,9440.374732334049,8931.828000000005,1335.5899999999997,1935.9830000000004,5660.255000000005,1219.309,7712.519000000005,13.651281686122925,4,1,0,0,3,29.0,29.0,29.0,1.0,0.0,0.0,0.0,1,0,0.0,0.0,0.0,1.0,0.0,0.0,1.0,0.0,1.0,0.0,9,1,2024,4,5,4,0,0,0,1,0,1,LEVE,0
6,1,3,0,4,0,-15.65131,-71.640565,0,4,0,0,2,0,1,0,6543.555,2.0,4,4,1.0,14,33,1198.0,0.5325761945469989,81.34951653829121,50.97523181639888,6.867251361766504,964.6116839691138,2104.1584582441114,10322.272,1495.236,1749.739,7077.2970000000005,2886.595,7435.677000000001,27.964725207783708,4,1,0,0,3,23.0,23.0,23.0,1.0,1.0,0.0,0.0,1,0,0.0,0.0,1.0,0.0,1.0,0.0,0.0,1.0,1.0,1.0,14,3,2022,3,20,6,1,1,0,1,0,1,GRAVE_MORTALIDAD,2
6,1,7,0,4,1,-13.60481,-71.05254,0,4,7,1,2,1,1,2,3263.58,2.0,2,0,1.0,5,18,566.0,0.2049706052549527,63.12869858831351,30.49288384590369,3.8435928225617033,194.4551977882597,4199.537473233405,17779.13499998999,2097.3709999899997,2863.123,12818.640999999989,2878.713,14900.421999989989,16.19152450331032,1,1,0,0,0,26.0,26.0,26.0,1.0,1.0,0.0,0.0,1,0,0.0,0.0,0.0,1.0,1.0,0.0,0.0,0.0,0.0,0.0,5,0,2021,7,22,3,0,1,2,1,0,1,LEVE,0
3,2,20,0,4,1,-16.738935101004,-69.71669550114505,0,4,7,1,2,2,2,2,1529.105,2.0,2,0,1.0,9,21,200.0,0.3367238884705214,79.36896456880557,60.06171049206615,6.384918376891411,270.8405155620205,5778.8501070663815,13642.312999999998,2020.7790000000005,2354.117,9267.416999999998,3314.0520000000006,10328.260999999997,24.29244952817019,2,2,0,0,0,48.5,41.0,56.0,1.0,1.0,0.0,0.0,2,0,0.0,0.0,0.0,1.0,1.0,0.0,1.0,0.0,1.0,1.0,16,3,2024,5,7,1,0,0,2,1,0,1,LEVE,0
6,1,20,0,4,2,-16.0199647,-69.9388408,6,5,6,2,6,2,2,0,6543.555,2.0,4,4,1.0,14,33,1198.0,0.2884525097354768,64.20597588940076,72.15764778998134,7.048790399873092,210.31224233114625,7037.970021413275,13642.312999999998,2020.7790000000005,2354.117,9267.416999999998,3314.0520000000006,10328.260999999997,24.29244952817019,1,1,0,0,0,45.0,45.0,45.0,1.0,1.0,0.0,0.0,1,0,0.0,0.0,0.0,1.0,1.0,0.0,0.0,1.0,0.0,1.0,19,2,2025,1,1,2,0,0,2,1,0,1,LEVE,0
3,2,13,2,4,1,-6.1578438,-79.7023381,0,0,7,1,2,1,0,0,1305.18,2.0,2,0,1.0,1,20,163.0,0.4974674218418852,75.93907983080418,58.3357972839862,7.69595447676265,761.2908213145297,28734.96573875803,3459.691,515.0619999999999,689.7280000000001,2254.901,703.3549999999999,2756.336,20.329994788551925,3,2,0,0,1,37.0,22.0,52.0,1.0,0.0,0.0,0.0,2,0,0.0,1.0,0.0,1.0,1.0,0.0,1.0,1.0,1.0,0.0,18,2,2021,3,25,3,0,1,0,1,0,1,LEVE,0
1,1,11,0,4,1,-11.85659295524933,-75.41706556471469,0,4,7,1,2,0,1,0,196.88,2.0,2,0,1.0,3,32,35.0,0.5133198537844352,70.28651371450412,78.22676770393541,8.69535658098749,751.7234024977862,1410.132762312634,12264.545,1826.4639999999995,1105.5389999999998,9332.542,1588.5359999999996,10676.009,12.952261987705208,2,1,1,1,0,37.0,33.0,40.0,0.0,0.0,0.0,0.0,1,1,1.0,0.0,0.0,0.0,0.0,0.0,0.0,0.0,0.0,1.0,6,1,2023,8,27,6,1,1,2,1,0,1,LEVE,0
3,2,21,2,4,1,-6.047933,-76.979441,0,2,7,1,2,1,0,2,7758.33400008,2.0,2,0,1.0,9,20,2133.0,0.5294800468051228,72.46713251445857,60.50982579904599,7.757161651692042,952.984823255978,86435.21199143468,5645.136,815.0759999999999,965.298,3864.762,1013.406,4631.73,17.95184385283189,2,2,0,0,0,32.5,27.0,38.0,1.0,0.0,0.0,1.0,2,0,0.0,0.0,1.0,1.0,1.0,1.0,0.0,0.0,1.0,1.0,4,0,2022,1,23,6,1,1,1,1,0,1,LEVE,0
6,1,20,0,4,1,-15.6907928,-70.5942683,0,4,7,1,2,2,2,2,1504.4250000000002,2.0,2,0,1.0,7,25,241.0,0.4698599762559323,78.4228993312338,68.12786536644234,6.991927650318564,610.3916333612686,6938.8501070663815,13642.312999999998,2020.7790000000005,2354.117,9267.416999999998,3314.0520000000006,10328.260999999997,24.29244952817019,1,1,0,0,0,28.0,28.0,28.0,1.0,0.0,0.0,0.0,1,0,0.0,0.0,0.0,1.0,0.0,0.0,1.0,1.0,1.0,1.0,3,0,2022,1,18,1,0,1,2,1,0,1,LEVE,0
3,0,14,2,4,1,-11.853004,-77.089262,0,0,7,1,2,2,2,2,6543.555,3.0,2,0,1.0,0,30,1475.0,0.6632628912836565,79.15155564666024,73.19223743118206,9.629669813837666,1289.452647666346,383699.2119914347,7626.313,1683.4029999999998,1599.0829999999996,4343.827000000001,1814.875,5811.438000000001,23.797541485643197,2,2,0,0,0,25.0,25.0,25.0,1.0,1.0,0.0,1.0,2,0,0.0,0.0,1.0,1.0,1.0,0.0,1.0,1.0,1.0,1.0,18,2,2021,11,2,1,0,0,0,1,1,1,LEVE,0
3,2,7,0,4,1,-13.623972,-71.58057,0,4,0,0,2,2,2,6,3263.58,2.0,2,0,1.0,5,18,566.0,0.2069338210823644,70.18429139615611,51.55366663392733,3.191922704338107,164.0274050481397,17389.845824411135,17779.13499998999,2097.3709999899997,2863.123,12818.640999999989,2878.713,14900.421999989989,16.19152450331032,10,2,0,0,8,32.0,32.0,32.0,1.0,0.0,0.0,0.0,2,0,0.0,0.0,0.0,1.0,0.0,1.0,0.0,0.0,0.0,0.0,8,1,2021,1,18,0,0,1,2,1,0,1,GRAVE_LESIONADOS,1
3,1,20,0,4,1,-15.896424612792597,-70.02816973794772,0,4,7,1,2,2,2,5,6543.555,3.0,2,0,1.0,0,30,1475.0,0.6488901960567479,69.67312345830231,82.12448375199249,11.701623814093702,1230.336353415943,144745.3597430407,13642.312999999998,2020.7790000000005,2354.117,9267.416999999998,3314.0520000000006,10328.260999999997,24.29244952817019,2,2,0,0,0,44.5,33.0,56.0,1.0,0.0,0.0,0.0,2,0,0.0,0.0,0.0,1.0,1.0,0.0,1.0,1.0,0.0,1.0,6,1,2023,2,26,6,1,1,2,1,1,1,LEVE,0
3,2,13,0,4,1,-6.281792018219773,-80.30686674668517,5,4,7,1,2,1,0,2,6543.555,3.0,2,0,1.0,0,30,1475.0,0.4703091457296942,74.91176543888524,59.04522375211969,6.365443427676777,742.49897987499,44335.321199143465,3459.691,515.0619999999999,689.7280000000001,2254.901,703.3549999999999,2756.336,20.329994788551925,2,2,0,0,0,46.0,43.0,49.0,1.0,1.0,0.0,1.0,2,0,0.0,1.0,0.0,0.0,0.0,0.0,1.0,0.0,0.0,0.0,5,0,2021,8,4,2,0,0,0,1,1,1,LEVE,0
3,1,1,0,4,1,-9.44577888981608,-78.35032774850156,6,5,6,2,6,2,2,0,6543.555,3.0,2,0,1.0,0,30,1475.0,0.5873460606982213,78.04758132038613,65.8701248560095,8.596987164492063,1041.0659985770535,35482.29764453961,10767.648,1885.0630000000003,1222.721,7659.864000000001,2100.343,8667.305000000002,19.506051832303577,5,2,0,0,3,43.0,42.0,44.0,1.0,0.0,0.0,0.0,2,0,0.0,0.0,0.0,1.0,0.0,1.0,0.0,0.0,0.0,0.0,4,0,2021,10,27,2,0,1,0,1,1,1,GRAVE_MORTALIDAD,2
0,1,14,2,2,4,-12.091149255233129,-77.00845235698405,0,0,7,1,2,2,2,0,6543.555,2.0,4,4,1.0,14,33,1198.0,0.7888324174847985,80.35414029442592,78.47021861578261,13.858205769646707,1641.6552926623544,53212.44111349037,7626.313,1683.4029999999998,1599.0829999999996,4343.827000000001,1814.875,5811.438000000001,23.797541485643197,4,3,0,1,0,33.0,30.0,39.0,1.0,0.0,0.0,0.0,3,0,0.0,1.0,1.0,0.0,0.0,0.0,1.0,1.0,0.0,0.0,11,1,2022,12,6,1,0,0,0,1,0,1,LEVE,0
6,1,1,0,4,1,-9.283060554239968,-77.64921018219094,0,4,0,0,7,2,2,0,9936.932,2.0,2,0,1.0,9,32,3830.0,0.4417978785654807,76.31392662811923,65.39926158086051,5.973553738239588,601.902730052373,15832.591006423983,10767.648,1885.0630000000003,1222.721,7659.864000000001,2100.343,8667.305000000002,19.506051832303577,4,1,0,0,3,31.0,31.0,31.0,1.0,1.0,0.0,0.0,1,0,0.0,0.0,0.0,1.0,0.0,1.0,0.0,0.0,0.0,0.0,22,2,2023,5,10,2,0,0,0,1,0,1,LEVE,0
3,2,19,2,4,1,-5.178503,-80.666686,0,0,7,1,2,2,2,2,6543.555,3.0,2,0,1.0,0,30,1475.0,0.5997462042553465,78.40793944726823,72.26811532412637,9.714064362322326,976.3169831713308,183875.0,8965.846000060003,1782.4120000599992,636.9959999999999,6546.438000000004,2214.505000059999,6751.341000000004,24.699342371541725,2,2,0,0,0,36.5,32.0,41.0,1.0,1.0,1.0,1.0,2,0,0.0,1.0,0.0,1.0,1.0,0.0,1.0,1.0,1.0,1.0,21,2,2022,3,14,0,0,0,0,1,1,1,LEVE,0
1,1,14,2,4,1,-11.10219,-77.58955,0,3,7,0,2,2,2,0,6543.555,3.0,2,0,1.0,0,30,1475.0,0.6256541286888256,76.866876725279,74.48686395070398,9.794027812898843,1113.4562244631716,37972.95074946467,7626.313,1683.4029999999998,1599.0829999999996,4343.827000000001,1814.875,5811.438000000001,23.797541485643197,2,1,1,1,0,37.0,33.0,40.0,0.0,0.0,0.0,0.0,1,1,1.0,0.0,0.0,0.0,0.0,0.0,0.0,0.0,0.0,1.0,23,2,2023,9,24,6,1,1,0,1,1,1,LEVE,0
3,2,20,0,4,1,-15.2963057,-69.9679999,0,4,7,1,2,0,1,2,1762.84,2.0,1,0,0.0,9,32,485.0,0.3120136684565522,74.56643070176949,67.13828218150482,6.277409990126978,231.9912855577296,12390.518201284798,13642.312999999998,2020.7790000000005,2354.117,9267.416999999998,3314.0520000000006,10328.260999999997,24.29244952817019,3,2,0,0,1,38.5,36.0,41.0,1.0,0.0,0.0,0.0,2,0,0.0,0.0,0.0,1.0,0.0,0.0,1.0,1.0,1.0,1.0,10,1,2021,10,15,4,0,1,2,1,0,1,LEVE,0
3,2,4,0,4,1,-13.352814223552134,-74.6544330697182,0,4,0,0,2,1,0,2,1679.5849999999998,2.0,2,3,1.0,9,24,315.0,0.2587772817968213,78.2313731727826,42.59351526103478,4.069708361522777,219.52972987349307,3876.4004282655246,12678.733000000004,1805.074000000001,1774.0339999999994,9099.625000000004,2485.375000000001,10193.358000000002,19.602707936195205,3,2,0,0,1,42.5,35.0,50.0,1.0,0.0,0.0,1.0,2,0,0.0,1.0,0.0,1.0,0.0,1.0,1.0,0.0,0.0,0.0,23,2,2025,9,3,2,0,0,2,1,0,1,LEVE,0
6,1,11,2,4,1,-11.763505,-75.713138,0,4,0,1,2,2,2,2,7586.903,2.0,2,0,1.0,9,5,1198.0,0.4545643050211295,68.73444804749025,55.05670880126828,7.076811092931955,737.237129067086,1424.8051391862955,12264.545,1826.4639999999995,1105.5389999999998,9332.542,1588.5359999999996,10676.009,12.952261987705208,8,1,0,1,6,53.0,53.0,53.0,1.0,0.0,0.0,1.0,1,0,0.0,0.0,0.0,1.0,0.0,0.0,1.0,0.0,0.0,0.0,16,3,2022,11,14,0,0,0,2,1,0,1,GRAVE_MORTALIDAD,2
6,1,7,0,4,2,-13.022108,-72.021209,0,4,0,1,7,2,2,6,6543.555,2.0,4,4,1.0,14,33,1198.0,0.2310138329166804,69.70483973976968,39.26079785509049,3.4363371208003386,226.75902356837,5501.668094218416,17779.13499998999,2097.3709999899997,2863.123,12818.640999999989,2878.713,14900.421999989989,16.19152450331032,14,1,0,0,13,39.0,39.0,39.0,1.0,0.0,0.0,0.0,1,0,0.0,0.0,0.0,1.0,0.0,0.0,1.0,0.0,0.0,0.0,19,2,2022,9,27,1,0,1,2,1,0,1,GRAVE_MORTALIDAD,2
3,2,20,0,2,4,-15.80072,-70.353875,0,4,1,1,2,2,2,2,6543.555,2.0,4,4,1.0,14,33,1198.0,0.4360760481245086,71.86716529022274,75.80287611739901,6.733277286170152,544.9407922012352,5132.002141327624,13642.312999999998,2020.7790000000005,2354.117,9267.416999999998,3314.0520000000006,10328.260999999997,24.29244952817019,2,2,0,0,0,21.0,17.0,25.0,1.0,1.0,0.0,0.0,2,0,0.0,0.0,0.0,1.0,1.0,0.0,0.0,1.0,1.0,1.0,8,1,2021,11,16,1,0,1,2,1,0,1,LEVE,0
0,1,14,2,2,4,-11.97889144,-77.07699822,0,0,7,1,2,1,1,0,6543.555,2.0,4,4,1.0,14,33,1198.0,0.758462599563312,80.5192231989937,79.20045639149897,11.33839041452458,1628.5661148492152,363987.54389721627,7626.313,1683.4029999999998,1599.0829999999996,4343.827000000001,1814.875,5811.438000000001,23.797541485643197,2,1,0,1,0,44.0,44.0,44.0,1.0,0.0,0.0,0.0,1,0,0.0,1.0,0.0,0.0,0.0,0.0,1.0,0.0,0.0,0.0,11,1,2023,2,11,5,1,0,0,1,0,1,LEVE,0
0,1,10,2,4,1,-14.678984,-75.141221,0,0,1,1,2,2,2,0,6639.975,2.0,2,0,1.0,9,31,1616.0,0.5563774842369664,77.00938809632027,69.10246351364754,8.476961866273152,914.8835608305218,27932.19700214133,3721.461,698.1859999999996,744.866,2278.409,1102.9029999999996,2618.558,29.636290693359403,2,1,0,1,0,33.0,33.0,33.0,1.0,0.0,0.0,0.0,1,0,0.0,1.0,0.0,0.0,0.0,0.0,1.0,0.0,0.0,0.0,8,1,2024,4,6,5,1,0,0,1,0,1,LEVE,0
6,1,19,0,4,1,-5.11873130880967,-80.7018813777461,0,0,7,1,2,2,2,0,6543.555,3.0,2,0,1.0,0,30,1475.0,0.6582040223794163,78.74105515718446,77.3206684883171,11.334167841567446,1124.177237253568,178905.3426124197,8965.846000060003,1782.4120000599992,636.9959999999999,6546.438000000004,2214.505000059999,6751.341000000004,24.699342371541725,1,1,0,0,0,33.0,33.0,33.0,1.0,0.0,0.0,0.0,1,0,0.0,0.0,0.0,1.0,0.0,0.0,1.0,0.0,1.0,0.0,20,2,2021,12,12,6,1,0,0,1,1,1,LEVE,0
4,1,19,1,4,1,-4.859390536930436,-80.77017540941709,6,5,6,2,6,2,2,0,6543.555,3.0,2,0,1.0,0,30,1475.0,0.513760154377943,78.78688775182127,63.1098339615034,7.013678409580352,809.6339879242751,30643.633832976448,8965.846000060003,1782.4120000599992,636.9959999999999,6546.438000000004,2214.505000059999,6751.341000000004,24.699342371541725,1,1,0,0,0,45.0,45.0,45.0,1.0,1.0,0.0,0.0,1,0,0.0,0.0,0.0,1.0,1.0,0.0,0.0,1.0,1.0,0.0,6,1,2021,3,8,0,0,0,0,1,1,1,LEVE,0
10,1,3,2,4,0,-16.309005,-72.173148,0,0,7,1,7,2,2,0,6543.555,2.0,4,4,1.0,14,33,1198.0,0.6077843615696785,76.53072135400231,69.81276959706165,8.77367759087771,1135.5159013374655,74658.55888650964,10322.272,1495.236,1749.739,7077.2970000000005,2886.595,7435.677000000001,27.964725207783708,1,1,0,0,0,36.0,36.0,36.0,1.0,0.0,0.0,0.0,1,0,0.0,0.0,0.0,1.0,1.0,0.0,0.0,1.0,1.0,1.0,6,1,2022,11,15,1,0,1,0,1,0,1,LEVE,0
6,1,9,0,4,1,-9.238196,-75.990316,0,0,7,1,2,2,2,2,693.175,2.0,2,3,0.0,9,10,249.0,0.4269770991859911,73.17900460022256,55.27872546999557,6.353018592032589,602.5962895990077,10103.443254817988,8209.057,1333.4779999999996,791.9770000000001,6083.602,1059.8589999999997,7149.198,12.910849565303296,1,1,0,0,0,74.0,74.0,74.0,1.0,0.0,0.0,0.0,1,0,0.0,0.0,0.0,1.0,0.0,0.0,0.0,1.0,1.0,1.0,7,1,2022,1,27,3,0,1,2,1,0,1,LEVE,0
1,1,3,2,4,1,-16.4076046,-71.6069105,0,0,7,1,2,0,1,0,1504.4250000000002,2.0,2,0,1.0,7,25,241.0,0.6689013265491138,80.68275010974979,77.5560025217936,10.466309714908672,1190.454984819332,14385.036402569593,10322.272,1495.236,1749.739,7077.2970000000005,2886.595,7435.677000000001,27.964725207783708,2,1,1,1,0,37.0,33.0,40.0,0.0,0.0,0.0,0.0,1,1,1.0,0.0,0.0,0.0,0.0,0.0,0.0,0.0,0.0,1.0,1,0,2022,6,17,4,0,1,0,1,0,1,LEVE,0
1,0,12,0,4,1,-7.897459,-79.121425,0,4,7,1,2,2,2,0,6543.555,3.0,2,0,1.0,0,30,1475.0,0.5721567587688113,77.67102283812494,66.21373667954742,8.464777379360486,978.4498488219192,15563.077087794432,8931.828000000005,1335.5899999999997,1935.9830000000004,5660.255000000005,1219.309,7712.519000000005,13.651281686122925,2,1,1,1,0,37.0,33.0,40.0,0.0,0.0,0.0,0.0,1,1,1.0,0.0,0.0,0.0,0.0,0.0,0.0,0.0,0.0,1.0,19,2,2021,10,24,6,1,1,0,1,1,1,LEVE,0
0,1,23,0,4,0,-3.536057896835726,-80.23428615936854,0,4,7,1,2,2,2,2,6543.555,2.0,4,4,1.0,14,33,1198.0,0.506393213976091,71.09604779417722,66.88716723772843,7.8873292871222835,813.0857960318671,5253.152034261242,1009.101,138.47399999999996,287.471,583.156,276.972,732.129,27.447401201663663,2,1,0,1,0,38.0,38.0,38.0,1.0,0.0,0.0,1.0,1,0,0.0,1.0,0.0,0.0,0.0,0.0,1.0,0.0,0.0,0.0,11,1,2022,5,4,2,0,0,0,1,0,1,LEVE,0
1,1,7,0,4,2,-14.304823,-71.000242,2,4,7,1,2,2,2,6,6543.555,2.0,4,4,1.0,14,33,1198.0,0.3688068892893833,76.47283450634272,62.25751908213611,5.9696521090432615,372.1207781777657,9957.021413276232,17779.13499998999,2097.3709999899997,2863.123,12818.640999999989,2878.713,14900.421999989989,16.19152450331032,2,1,1,1,0,37.0,33.0,40.0,0.0,0.0,0.0,0.0,1,1,1.0,0.0,0.0,0.0,0.0,0.0,0.0,0.0,0.0,1.0,23,2,2021,1,23,5,1,1,2,1,0,1,LEVE,0
6,1,12,0,4,2,-8.039117,-78.09946,0,4,7,1,7,2,2,0,6543.555,2.0,4,4,1.0,14,33,1198.0,0.3760037277999114,76.42155998110908,54.36678092101703,5.979840038259673,417.2054803951085,7366.297644539614,8931.828000000005,1335.5899999999997,1935.9830000000004,5660.255000000005,1219.309,7712.519000000005,13.651281686122925,1,1,0,0,0,38.0,38.0,38.0,1.0,0.0,0.0,0.0,1,0,0.0,1.0,0.0,0.0,0.0,0.0,1.0,0.0,1.0,0.0,14,3,2021,9,14,1,0,0,0,1,0,1,LEVE,0