CLASE SINIESTRO,CANTIDAD DE VEHICULOS DAÑADOS,DEPARTAMENTO,ZONA,TIPO DE VÍA,RED VIAL,COORDENADAS LATITUD,COORDENADAS  LONGITUD,CONDICIÓN CLIMÁTICA,ZONIFICACIÓN,CARACTERÍSTICAS DE VÍA,PERFIL LONGITUDINAL VÍA,SUPERFICIE DE CALZADA,¿EXISTE SEÑAL VERTICAL?,¿EXISTE SEÑAL HORIZONTAL?,CAUSA FACTOR PRINCIPAL,MTC_RVN_LONGITUD_KM,MTC_RVN_N_CARRILES_MEDIANA,MTC_RVN_SUPERFICIE_DOMINANTE,MTC_RVN_ESTADO_DOMINANTE,MTC_RVN_ES_CONCESIONADA,MTC_RVN_CONCESION_PRINCIPAL,MTC_RVN_CORREDOR_LOGISTICO,MTC_RVN_N_TRAMOS,IDH_2019,IDH_ESP_VIDA_2019,IDH_EDUC_SECUND_PCT_2019,IDH_ANIOS_EDUC_2019,IDH_INGRESO_PERCAP_2019,IDH_POBLACION_2019,MTC_DEP_RED_TOTAL_KM,MTC_DEP_NACIONAL_TOTAL_KM,MTC_DEP_DEPARTAMENTAL_TOTAL_KM,MTC_DEP_VECINAL_TOTAL_KM,MTC_DEP_PAV_TOTAL_KM,MTC_DEP_NO_PAV_TOTAL_KM,MTC_DEP_PCT_PAVIMENTADA,PER_TOTAL_PERSONAS,PER_N_CONDUCTORES,PER_N_CONDUCTORES_FUGADOS,PER_N_PEATONES,PER_N_PASAJEROS_OCUPANTES,PER_EDAD_COND_PROM,PER_EDAD_COND_MIN,PER_EDAD_COND_MAX,PER_ANY_COND_MASCULINO,PER_ANY_LIC_PROBLEMA,PER_ANY_DOSAJE_POS,PER_ANY_DOSAJE_EVALUADO,VEH_TOTAL,VEH_N_FUGADOS,VEH_ANY_FUGADO,VEH_ANY_CARGA,VEH_ANY_PUBLICO,VEH_ANY_PARTICULAR,VEH_ANY_MOTO,VEH_ANY_AUTO,VEH_ANY_CAMION_BUS,VEH_ANY_SOAT_PROBLEMA,VEH_ANY_CITV_PROBLEMA,VEH_ANY_SEGURO_PROBLEMA,HORA_NUM,FRANJA_HORARIA,ANIO,MES,DIA_MES,DIA_SEMANA,ES_FIN_SEMANA,ES_QUINCENA,REGION_NATURAL,TIENE_SEÑALIZACION,ES_VIA_MULTICARRIL,ES_DEPTO_BAJO_PAVIMENTO,CATEGORIA_SEVERIDAD,CATEGORIA_SEVERIDAD_ENC
1,1,11,2,4,1,-11.524779043009966,-75.9124270200028,0,3,7,1,2,1,1,0,875.67,2.0,2,0,1.0,3,14,156.0,0.6211711217784234,75.51508523355102,70.90101252241288,10.049671623026311,1128.403546167389,8996.89721627409,12264.545,1826.4639999999995,1105.5389999999998,9332.542,1588.5359999999996,10676.009,12.952261987705208,2,1,0,1,0,59.0,59.0,59.0,1.0,0.0,0.0,0.0,1,0,0.0,0.0,0.0,1.0,0.0,1.0,0.0,0.0,0.0,0.0,23,2,2023,12,4,0,0,0,2,1,0,1,LEVE,0
3,1,14,0,4,1,-10.689576,-77.787159,0,4,7,1,2,1,0,2,6543.555,3.0,2,0,1.0,0,30,1475.0,0.6089995249782627,83.27989923505345,68.21266463461673,7.753898352965485,1106.793700553604,19807.916488222698,7626.313,1683.4029999999998,1599.0829999999996,4343.827000000001,1814.875,5811.438000000001,23.797541485643197,3,2,0,0,1,46.5,31.0,62.0,1.0,0.0,0.0,1.0,2,0,0.0,1.0,1.0,0.0,0.0,1.0,1.0,0.0,0.0,0.0,21,2,2023,3,3,4,0,0,0,1,1,1,GRAVE_MORTALIDAD,2
3,2,9,0,4,1,-9.577413,-76.024176,0,4,0,0,2,2,2,2,693.175,2.0,2,3,0.0,9,10,249.0,0.3096549989431256,76.17431233061522,44.8813332706993,3.774794268602337,378.47949303176176,19256.764453961456,8209.057,1333.4779999999996,791.9770000000001,6083.602,1059.8589999999997,7149.198,12.910849565303296,6,2,0,0,4,56.0,55.0,57.0,1.0,0.0,0.0,1.0,2,0,0.0,1.0,0.0,0.0,0.0,1.0,1.0,0.0,1.0,0.0,17,3,2022,1,4,1,0,0,2,1,0,1,GRAVE_LESIONADOS,1
6,1,4,0,4,1,-13.077157,-74.235676,0,4,7,1,2,2,2,2,943.58,1.0,1,0,0.0,9,32,135.0,0.3609714615164157,65.31453141123527,56.31150460185376,6.061297910637082,454.75880922161207,3411.385438972163,12678.733000000004,1805.074000000001,1774.0339999999994,9099.625000000004,2485.375000000001,10193.358000000002,19.602707936195205,1,1,0,0,0,66.0,66.0,66.0,1.0,0.0,0.0,1.0,1,0,0.0,0.0,0.0,1.0,0.0,0.0,1.0,0.0,1.0,0.0,14,3,2025,5,1,3,0,0,2,1,0,1,LEVE,0
3,2,7,2,4,1,-14.798394,-71.42181,0,3,7,1,2,2,2,2,1780.161,1.0,1,3,0.0,9,32,490.0,0.553052655456334,69.21726434550523,74.04128761826507,8.709280027519238,977.6848841665504,33976.192719486084,17779.13499998999,2097.3709999899997,2863.123,12818.640999999989,2878.713,14900.421999989989,16.19152450331032,3,2,0,0,1,42.5,23.0,62.0,1.0,1.0,0.0,0.0,2,0,0.0,0.0,0.0,1.0,1.0,1.0,0.0,0.0,0.0,1.0,15,3,2023,6,12,0,0,0,2,1,0,1,LEVE,0
10,1,19,2,2,4,-5.172145,-80.645,0,4,7,1,2,1,1,2,6543.555,2.0,4,4,1.0,14,33,1198.0,0.6582040223794163,78.74105515718446,77.3206684883171,11.334167841567446,1124.177237253568,178905.3426124197,8965.846000060003,1782.4120000599992,636.9959999999999,6546.438000000004,2214.505000059999,6751.341000000004,24.699342371541725,1,1,0,0,0,29.0,29.0,29.0,1.0,1.0,0.0,1.0,1,0,0.0,0.0,0.0,1.0,1.0,0.0,0.0,1.0,1.0,0.0,23,2,2022,8,6,5,1,0,0,1,0,1,LEVE,0
3,2,10,0,4,1,-13.951114,-75.79674,0,4,7,1,2,2,2,0,6639.975,2.0,2,0,1.0,9,31,1616.0,0.6053164595604621,78.88848309050202,67.63954639531094,9.133324993872453,1064.9426147896202,27932.19700214133,3721.461,698.1859999999996,744.866,2278.409,1102.9029999999996,2618.558,29.636290693359403,2,2,0,0,0,46.5,31.0,62.0,1.0,1.0,0.0,1.0,2,0,0.0,0.0,0.0,1.0,1.0,1.0,0.0,0.0,1.0,1.0,17,3,2021,10,2,5,1,0,0,1,0,1,LEVE,0
6,1,10,2,4,1,-14.0611623,-75.7207144,0,0,7,1,2,0,1,0,583.2950000000001,1.0,1,3,0.0,9,32,248.0,0.616344289610642,80.7965682315964,78.0945097589989,10.478110468164347,933.3636045670844,54312.19271948608,3721.461,698.1859999999996,744.866,2278.409,1102.9029999999996,2618.558,29.636290693359403,2,1,0,0,1,28.0,28.0,28.0,0.0,1.0,0.0,0.0,1,0,0.0,0.0,0.0,1.0,1.0,0.0,0.0,0.0,1.0,0.0,3,0,2021,6,27,6,1,1,0,1,0,1,LEVE,0
6,1,8,0,4,3,-13.518329,-75.327399,0,4,0,0,7,2,2,0,6543.555,2.0,4,4,1.0,14,33,1198.0,0.3142847863224586,64.32848809847779,32.28054409310022,5.951746475726214,415.0050206403346,689.2505353319058,8511.426,1445.3929999999996,2008.516,5057.516999999999,1879.579,6631.846999999998,22.08300935706896,2,1,0,0,1,67.0,67.0,67.0,1.0,0.0,0.0,0.0,1,0,0.0,0.0,0.0,1.0,0.0,1.0,0.0,0.0,0.0,0.0,15,3,2024,6,22,5,1,1,2,1,0,1,LEVE,0
1,1,14,2,4,1,-12.11946773240162,-76.97718852870648,0,0,7,0,2,2,2,0,6639.975,2.0,2,0,1.0,9,31,1616.0,0.8017574897902351,80.48487267736287,78.74302427848284,13.156716040468266,1766.1488062170545,359776.608137045,7626.313,1683.4029999999998,1599.0829999999996,4343.827000000001,1814.875,5811.438000000001,23.797541485643197,2,1,1,1,0,37.0,33.0,40.0,0.0,0.0,0.0,0.0,1,1,1.0,0.0,0.0,0.0,0.0,0.0,0.0,0.0,0.0,1.0,20,2,2023,6,16,4,0,1,0,1,0,1,LEVE,0
3,2,5,0,4,1,-7.141737,-78.390571,0,2,7,1,2,0,1,2,2760.8550000000005,1.0,1,3,0.0,9,32,1208.0,0.4873182795359782,74.24096566709692,64.6877883123536,6.6248391576573376,776.4319899416191,48280.91862955032,15935.565011852366,1733.9250000199986,935.692,13265.948011832368,2000.1670000199988,13935.398011832369,12.551591352627522,2,2,0,0,0,53.0,47.0,59.0,1.0,1.0,0.0,1.0,2,0,0.0,0.0,0.0,1.0,1.0,1.0,0.0,0.0,1.0,0.0,19,2,2023,5,11,3,0,0,2,1,0,1,LEVE,0
3,2,5,0,4,2,-6.993696,-78.85229,0,4,0,0,3,1,0,2,6543.555,2.0,4,4,1.0,14,33,1198.0,0.3979651512756699,73.10247113897354,55.63441405918768,5.28885514612779,559.1636034389503,14086.278372591009,15935.565011852366,1733.9250000199986,935.692,13265.948011832368,2000.1670000199988,13935.398011832369,12.551591352627522,6,2,0,0,4,31.5,17.0,46.0,1.0,1.0,0.0,1.0,2,0,0.0,0.0,0.0,1.0,0.0,1.0,0.0,0.0,1.0,0.0,14,3,2024,7,28,6,1,1,2,1,0,1,GRAVE_MORTALIDAD,2
3,0,20,0,4,0,-15.7820572,-70.22156406,0,4,7,1,2,2,2,2,6543.555,2.0,4,4,1.0,14,33,1198.0,0.3411957944963065,67.8375829238065,81.88833814815048,6.923463341589775,287.2932034706172,2703.9250535331907,13642.312999999998,2020.7790000000005,2354.117,9267.416999999998,3314.0520000000006,10328.260999999997,24.29244952817019,2,2,0,0,0,31.0,22.0,40.0,1.0,0.0,0.0,0.0,2,0,0.0,0.0,1.0,1.0,0.0,1.0,1.0,0.0,0.0,0.0,18,2,2021,6,22,1,0,1,2,1,0,1,LEVE,0
3,3,8,0,4,1,-12.6850796376415,-74.5864762496305,0,4,5,0,2,1,1,0,7586.903,2.0,2,0,1.0,9,5,1198.0,0.2669869704035935,67.31900861264701,57.90989141900451,3.94717981037455,259.7690345368237,6301.164882226981,8511.426,1445.3929999999996,2008.516,5057.516999999999,1879.579,6631.846999999998,22.08300935706896,3,3,0,0,0,42.66666666666666,38.0,46.0,1.0,1.0,0.0,0.0,3,0,0.0,1.0,0.0,0.0,1.0,0.0,1.0,0.0,1.0,0.0,17,3,2021,7,2,4,0,0,2,1,0,1,LEVE,0
0,1,14,2,2,4,-12.06813172781694,-77.04819942873605,0,3,1,1,2,2,2,0,6543.555,2.0,4,4,1.0,14,33,1198.0,0.8121144527422384,79.97904399655734,78.94895329190118,12.90572492982067,1868.6660163168403,75598.19486081369,7626.313,1683.4029999999998,1599.0829999999996,4343.827000000001,1814.875,5811.438000000001,23.797541485643197,2,1,0,1,0,73.0,73.0,73.0,1.0,0.0,0.0,0.0,1,0,0.0,0.0,1.0,0.0,0.0,0.0,1.0,0.0,0.0,0.0,13,3,2024,8,19,0,0,1,0,1,0,1,LEVE,0
6,1,12,0,4,3,-7.343829,-77.69442,0,4,7,1,7,2,2,0,6543.555,2.0,4,4,1.0,14,33,1198.0,0.3285814054222059,76.74338043015729,39.3086527634971,5.6142585096047135,347.0594617838939,4441.449678800856,8931.828000000005,1335.5899999999997,1935.9830000000004,5660.255000000005,1219.309,7712.519000000005,13.651281686122925,1,1,0,0,0,26.0,26.0,26.0,1.0,1.0,0.0,0.0,1,0,0.0,1.0,0.0,0.0,1.0,0.0,0.0,1.0,0.0,1.0,17,3,2023,6,22,3,0,1,0,1,0,1,LEVE,0
6,1,5,0,4,1,-7.226349,-78.822903,0,4,7,1,2,2,2,0,887.28,2.0,2,0,1.0,8,17,155.0,0.5294503947944683,73.66048171208529,56.60597586491464,7.944989159323205,946.4231812258148,2245.513918629551,15935.565011852366,1733.9250000199986,935.692,13265.948011832368,2000.1670000199988,13935.398011832369,12.551591352627522,2,1,0,0,1,22.0,22.0,22.0,1.0,0.0,0.0,1.0,1,0,0.0,0.0,0.0,1.0,1.0,0.0,0.0,1.0,1.0,1.0,17,3,2025,4,12,5,1,0,2,1,0,1,LEVE,0
0,1,3,2,2,4,-16.427276,-71.533219,7,0,7,1,2,0,1,0,6543.555,2.0,4,4,1.0,14,33,1198.0,0.7453744058790387,79.4589730074046,82.73398367318066,12.665195784530074,1448.5317937470898,76620.6295503212,10322.272,1495.236,1749.739,7077.2970000000005,2886.595,7435.677000000001,27.964725207783708,2,1,0,1,0,29.0,29.0,29.0,1.0,0.0,0.0,0.0,1,0,0.0,0.0,1.0,0.0,0.0,0.0,1.0,0.0,0.0,0.0,9,1,2022,6,12,6,1,0,0,1,0,1,LEVE,0
5,0,14,0,4,1,-12.698218,-76.641776,0,4,7,1,2,2,2,0,6639.975,2.0,2,0,1.0,9,31,1616.0,0.685813872679625,80.26354010866429,82.21005317054917,10.090705631102278,1281.0464423372096,36837.004282655245,7626.313,1683.4029999999998,1599.0829999999996,4343.827000000001,1814.875,5811.438000000001,23.797541485643197,2,2,1,0,0,39.0,39.0,39.0,1.0,0.0,0.0,0.0,2,1,1.0,0.0,0.0,1.0,1.0,0.0,0.0,0.0,1.0,1.0,22,2,2022,10,31,0,0,1,0,1,0,1,LEVE,0
0,1,20,0,4,1,-16.302485,-69.272968,0,4,7,1,2,2,2,4,7586.903,2.0,2,0,1.0,9,5,1198.0,0.3165090894545869,72.969641049674,69.1278394147308,6.0160374778788,250.7872170233644,13778.516059957172,13642.312999999998,2020.7790000000005,2354.117,9267.416999999998,3314.0520000000006,10328.260999999997,24.29244952817019,3,2,1,1,0,50.0,50.0,50.0,1.0,0.0,0.0,0.0,2,1,1.0,0.0,1.0,0.0,0.0,0.0,1.0,0.0,0.0,1.0,18,2,2021,10,23,5,1,1,2,1,0,1,LEVE,0
3,2,2,0,4,1,-13.541964783452272,-72.80367104108937,0,4,0,0,2,1,1,2,7586.903,2.0,2,0,1.0,9,5,1198.0,0.377913005157653,70.27445875446921,58.80536162354749,5.787058770254275,468.91015143438335,16627.231263383295,8358.971,1282.451,1298.0969999999998,5778.423,1432.683,6926.288,17.139466089785454,3,2,0,0,1,46.5,45.0,48.0,1.0,1.0,0.0,1.0,2,0,0.0,1.0,0.0,1.0,0.0,1.0,1.0,0.0,0.0,0.0,4,0,2021,5,8,5,1,0,2,1,0,1,LEVE,0
6,1,14,2,2,4,-11.936698,-77.048753,6,5,6,2,6,2,2,0,6543.555,2.0,4,4,1.0,14,33,1198.0,0.7218926988400113,80.0902077245261,77.9581888264889,10.971588327733102,1458.3206086290393,530000.3426124197,7626.313,1683.4029999999998,1599.0829999999996,4343.827000000001,1814.875,5811.438000000001,23.797541485643197,1,1,0,0,0,37.0,33.0,40.0,1.0,0.0,0.0,0.0,1,0,0.0,0.0,0.0,1.0,1.0,0.0,0.0,1.0,1.0,1.0,0,0,2022,4,14,3,0,0,0,1,0,1,LEVE,0
6,1,2,0,4,1,-13.641459,-73.097459,2,4,0,1,1,0,1,2,7586.903,2.0,2,0,1.0,9,5,1198.0,0.3578205954835702,70.81186921086326,57.26773782397438,4.934940528666231,450.96871553721166,5992.246252676659,8358.971,1282.451,1298.0969999999998,5778.423,1432.683,6926.288,17.139466089785454,3,1,0,0,2,43.0,43.0,43.0,1.0,0.0,0.0,0.0,1,0,0.0,0.0,0.0,1.0,0.0,1.0,0.0,0.0,1.0,0.0,15,3,2021,12,3,4,0,0,2,1,0,1,GRAVE_MORTALIDAD,2
0,0,14,2,2,4,-12.0317643,-77.06835133,0,0,7,1,2,2,2,0,6543.555,2.0,4,4,1.0,14,33,1198.0,0.7419979630670723,80.31822295927182,79.00446395716813,11.084203715652809,1554.6868971011318,739416.2413542903,7626.313,1683.4029999999998,1599.0829999999996,4343.827000000001,1814.875,5811.438000000001,23.797541485643197,2,1,0,1,0,20.0,20.0,20.0,1.0,0.0,0.0,1.0,1,0,0.0,0.0,0.0,1.0,1.0,0.0,0.0,0.0,0.0,0.0,20,2,2022,5,6,4,0,0,0,1,0,1,LEVE,0
6,1,7,0,4,0,-12.754553479770372,-72.56720878145326,0,4,0,1,1,2,2,2,6543.555,2.0,4,4,1.0,14,33,1198.0,0.4297325556987851,76.15904795703717,58.63823936731875,6.097264629229048,579.625724446144,29458.58458244112,17779.13499998999,2097.3709999899997,2863.123,12818.640999999989,2878.713,14900.421999989989,16.19152450331032,1,1,0,0,0,50.0,50.0,50.0,1.0,1.0,0.0,0.0,1,0,0.0,0.0,0.0,1.0,0.0,0.0,1.0,1.0,1.0,1.0,15,3,2021,10,19,1,0,1,2,1,0,1,LEVE,0
3,2,19,0,4,1,-5.34912333203378,-80.0677052977847,0,4,7,1,2,2,2,1,1305.18,2.0,2,0,1.0,1,20,163.0,0.3893523155396837,73.6911779276771,49.78375684989758,4.513910151215105,616.2310203311459,12720.513918629553,8965.846000060003,1782.4120000599992,636.9959999999999,6546.438000000004,2214.505000059999,6751.341000000004,24.699342371541725,4,2,0,0,2,23.0,20.0,26.0,1.0,0.0,0.0,1.0,2,0,0.0,0.0,1.0,1.0,1.0,1.0,0.0,0.0,1.0,0.0,6,1,2022,3,14,0,0,0,0,1,0,1,LEVE,0
6,1,12,0,4,1,-7.299342,-79.415822,0,4,7,1,2,2,2,0,887.28,2.0,2,0,1.0,8,17,155.0,0.5650979329787121,81.32490571897102,68.6769211482833,7.868096912305706,909.6843705053026,43897.946466809415,8931.828000000005,1335.5899999999997,1935.9830000000004,5660.255000000005,1219.309,7712.519000000005,13.651281686122925,1,1,0,0,0,27.0,27.0,27.0,1.0,0.0,0.0,0.0,1,0,0.0,0.0,0.0,1.0,1.0,0.0,0.0,0.0,0.0,0.0,8,1,2022,1,9,6,1,0,0,1,0,1,LEVE,0
3,2,20,0,4,1,-15.898477993412756,-69.88927924278664,0,4,7,1,2,2,2,2,7586.903,2.0,2,0,1.0,9,5,1198.0,0.3492776286092784,69.0024577433395,71.96566663107897,6.507478728969356,328.2181581851397,6084.453961456104,13642.312999999998,2020.7790000000005,2354.117,9267.416999999998,3314.0520000000006,10328.260999999997,24.29244952817019,2,2,0,0,0,36.0,34.0,38.0,1.0,1.0,0.0,0.0,2,0,0.0,0.0,0.0,1.0,1.0,0.0,0.0,0.0,0.0,1.0,15,3,2024,5,30,3,0,1,2,1,0,1,LEVE,0
0,1,1,2,4,1,-9.509058417527417,-77.532194,0,0,7,1,2,2,2,6,9936.932,2.0,2,0,1.0,9,32,3830.0,0.5849977076393457,75.29860916717843,73.3703897539794,9.670945225325228,958.0920369809884,78605.04710920772,10767.648,1885.0630000000003,1222.721,7659.864000000001,2100.343,8667.305000000002,19.506051832303577,2,1,0,1,0,69.0,69.0,69.0,1.0,0.0,0.0,1.0,1,0,0.0,0.0,0.0,1.0,0.0,0.0,1.0,0.0,0.0,0.0,14,3,2021,9,11,5,1,0,0,1,0,1,LEVE,0
7,0,14,2,0,4,-12.033891052582716,-77.0258339565766,0,3,7,1,2,2,2,0,6543.555,2.0,4,4,1.0,14,33,1198.0,0.7300036506368504,80.21724456394445,75.11639588359114,10.636845733066124,1559.041185521695,156759.78800856532,7626.313,1683.4029999999998,1599.0829999999996,4343.827000000001,1814.875,5811.438000000001,23.797541485643197,2,1,1,0,1,37.0,33.0,40.0,0.0,0.0,0.0,0.0,1,1,1.0,0.0,0.0,0.0,0.0,0.0,0.0,0.0,0.0,1.0,2,0,2022,5,17,1,0,1,0,1,0,1,LEVE,0
1,1,21,2,4,1,-6.049896,-77.17306,0,0,7,1,2,2,2,0,7758.33400008,2.0,2,0,1.0,9,20,2133.0,0.5963332411867256,73.80959983510441,63.34953560123128,8.251886446437874,1232.7304200473363,24031.167023554604,5645.136,815.0759999999999,965.298,3864.762,1013.406,4631.73,17.95184385283189,2,1,1,1,0,37.0,33.0,40.0,0.0,0.0,0.0,0.0,1,0,0.0,0.0,1.0,0.0,1.0,0.0,0.0,1.0,1.0,1.0,5,0,2025,10,6,0,0,0,1,1,0,1,LEVE,0
6,1,22,2,2,4,-18.037486,-70.260703,0,3,7,1,2,2,2,2,6543.555,2.0,4,4,1.0,14,33,1198.0,0.5563774842369664,77.00938809632027,69.10246351364754,8.476961866273152,914.8835608305218,27932.19700214133,2650.572,630.6729999999998,487.3610000000001,1532.5379999999998,1068.7019999999998,1581.87,40.31967439480987,1,1,0,0,0,36.0,36.0,36.0,1.0,0.0,0.0,0.0,1,0,0.0,0.0,0.0,0.0,0.0,1.0,0.0,0.0,0.0,0.0,3,0,2021,11,21,6,1,1,0,1,0,1,LEVE,0
3,2,14,0,4,1,-10.660912731104885,-77.61419528129836,7,4,7,1,2,2,2,0,1031.172,-1.0,1,0,0.0,9,32,405.0,0.6089995249782627,83.27989923505345,68.21266463461673,7.753898352965485,1106.793700553604,19807.916488222698,7626.313,1683.4029999999998,1599.0829999999996,4343.827000000001,1814.875,5811.438000000001,23.797541485643197,2,2,0,0,0,52.5,41.0,64.0,1.0,0.0,0.0,1.0,2,0,0.0,1.0,0.0,1.0,1.0,0.0,1.0,0.0,1.0,0.0,14,3,2021,10,4,0,0,0,0,1,0,1,LEVE,0
1,1,13,0,4,1,-6.9934706,-79.6192751,0,4,7,1,2,2,2,0,6543.555,3.0,2,0,1.0,0,30,1475.0,0.5328313946151968,80.14557682903842,69.10246351364754,7.779461377421685,787.1306410578989,10221.605995717344,3459.691,515.0619999999999,689.7280000000001,2254.901,703.3549999999999,2756.336,20.329994788551925,2,1,1,1,0,37.0,33.0,40.0,0.0,0.0,0.0,0.0,1,1,1.0,0.0,0.0,0.0,0.0,0.0,0.0,0.0,0.0,1.0,2,0,2023,3,26,6,1,1,0,1,1,1,LEVE,0
6,1,12,2,4,1,-8.150144,-79.011424,0,0,7,1,2,2,2,0,6543.555,3.0,2,0,1.0,0,30,1475.0,0.618325375347301,78.45577068094175,66.18977766598024,9.47415720612109,1128.5991234425228,37258.80942184154,8931.828000000005,1335.5899999999997,1935.9830000000004,5660.255000000005,1219.309,7712.519000000005,13.651281686122925,1,1,0,0,0,29.0,29.0,29.0,1.0,1.0,0.0,0.0,1,0,0.0,0.0,0.0,1.0,1.0,0.0,0.0,1.0,0.0,0.0,20,2,2022,7,26,1,0,1,0,1,1,1,LEVE,0
1,1,20,0,4,0,-16.230081,-69.486051,0,4,7,1,2,2,2,0,6543.555,2.0,4,4,1.0,14,33,1198.0,0.4138545322335047,72.42365757071663,75.18782800461412,7.422478928805024,440.156451811849,19964.802997858675,13642.312999999998,2020.7790000000005,2354.117,9267.416999999998,3314.0520000000006,10328.260999999997,24.29244952817019,2,1,1,1,0,37.0,33.0,40.0,0.0,0.0,0.0,0.0,1,1,1.0,0.0,0.0,0.0,0.0,0.0,0.0,0.0,0.0,1.0,3,0,2023,7,26,2,0,1,2,1,0,1,LEVE,0
3,2,21,0,4,0,-5.956872,-77.228726,0,4,0,1,2,2,2,2,6543.555,2.0,4,4,1.0,14,33,1198.0,0.4797278789109669,73.57625129312893,47.93902103362005,6.3765489816209255,890.1840358018073,3398.1798715203427,5645.136,815.0759999999999,965.298,3864.762,1013.406,4631.73,17.95184385283189,2,2,0,0,0,40.5,30.0,51.0,1.0,0.0,0.0,0.0,2,0,0.0,1.0,0.0,0.0,1.0,0.0,1.0,1.0,1.0,0.0,15,3,2021,5,28,4,0,1,1,1,0,1,LEVE,0
6,1,4,0,4,1,-14.630769,-73.800007,0,4,0,0,2,1,0,2,2238.6850000000004,2.0,2,0,1.0,4,27,115.0,0.3269238992120961,64.4532898479144,55.85013843527398,5.761561257722655,366.8362436016676,3099.3426124197003,12678.733000000004,1805.074000000001,1774.0339999999994,9099.625000000004,2485.375000000001,10193.358000000002,19.602707936195205,34,1,0,0,33,46.0,46.0,46.0,1.0,0.0,0.0,1.0,1,0,0.0,0.0,1.0,0.0,0.0,0.0,1.0,0.0,0.0,0.0,4,0,2024,7,29,0,0,1,2,1,0,1,GRAVE_MORTALIDAD,2
6,1,14,0,4,2,-11.4828792384881,-77.25554675971524,0,4,7,1,7,2,2,0,6543.555,2.0,4,4,1.0,14,33,1198.0,0.6447048661877788,79.92873744030881,69.7224229508107,9.344738893386534,1220.4608925685638,104439.11563169166,7626.313,1683.4029999999998,1599.0829999999996,4343.827000000001,1814.875,5811.438000000001,23.797541485643197,1,1,0,0,0,21.0,21.0,21.0,1.0,0.0,0.0,0.0,1,0,0.0,0.0,0.0,1.0,0.0,0.0,1.0,0.0,1.0,0.0,4,0,2021,1,1,4,0,0,0,1,0,1,LEVE,0
3,1,2,2,4,1,-13.663746,-73.401938,0,0,7,1,2,2,2,2,7586.903,2.0,2,0,1.0,9,5,1198.0,0.5127888132519094,75.56818459680073,75.23806976002929,8.476961866273152,698.0439852679892,48362.40899357601,8358.971,1282.451,1298.0969999999998,5778.423,1432.683,6926.288,17.139466089785454,2,2,0,0,0,42.5,31.0,54.0,1.0,0.0,0.0,1.0,2,0,0.0,1.0,0.0,1.0,1.0,0.0,1.0,1.0,0.0,0.0,23,2,2021,8,9,0,0,0,2,1,0,1,LEVE,0
5,1,3,2,4,0,-16.332534,-72.203831,0,3,7,1,2,2,2,0,6543.555,2.0,4,4,1.0,14,33,1198.0,0.6077843615696785,76.53072135400231,69.81276959706165,8.77367759087771,1135.5159013374655,74658.55888650964,10322.272,1495.236,1749.739,7077.2970000000005,2886.595,7435.677000000001,27.964725207783708,2,2,1,0,0,67.0,67.0,67.0,1.0,0.0,0.0,0.0,2,1,1.0,0.0,0.0,1.0,0.0,0.0,0.0,0.0,1.0,1.0,6,1,2022,1,28,4,0,1,0,1,0,1,LEVE,0
3,3,10,2,4,1,-13.4315352,-76.1342918,0,0,7,1,2,2,2,2,6639.975,2.0,2,0,1.0,9,31,1616.0,0.6055729655078196,80.58213764502653,70.63839631717828,10.391391352220332,938.9082921830436,66625.16488222699,3721.461,698.1859999999996,744.866,2278.409,1102.9029999999996,2618.558,29.636290693359403,11,3,0,0,8,47.333333333333336,35.0,59.0,1.0,0.0,0.0,0.0,3,0,0.0,0.0,0.0,1.0,0.0,1.0,0.0,0.0,1.0,0.0,23,2,2023,8,5,5,1,0,0,1,0,1,GRAVE_LESIONADOS,1
3,0,14,2,2,4,-12.035846417381062,-76.94893425059153,0,0,1,1,2,2,2,0,6543.555,2.0,4,4,1.0,14,33,1198.0,0.7347309224519117,80.70014842215761,76.47981423089655,10.519505095866096,1571.8150981252256,229834.5310492505,7626.313,1683.4029999999998,1599.0829999999996,4343.827000000001,1814.875,5811.438000000001,23.797541485643197,5,2,1,0,3,17.0,17.0,17.0,1.0,0.0,0.0,1.0,2,1,1.0,0.0,1.0,0.0,1.0,0.0,0.0,0.0,1.0,1.0,23,2,2022,2,25,4,0,1,0,1,0,1,LEVE,0
6,1,15,2,2,4,-3.771060994870189,-73.26379620710647,6,5,6,2,6,2,2,0,6543.555,2.0,4,4,1.0,14,33,1198.0,0.529795353544325,72.41445562653223,53.44391779748307,8.289281910927794,973.5956743426708,73191.91006423984,1095.5949999999998,128.87099999999998,320.74700000000007,645.9769999999999,274.214,821.381,25.02877431897737,1,1,0,0,0,20.0,20.0,20.0,1.0,1.0,0.0,0.0,1,0,0.0,0.0,0.0,1.0,1.0,0.0,0.0,1.0,1.0,1.0,3,0,2021,12,19,6,1,1,1,1,0,1,LEVE,0
3,2,12,0,2,4,-7.81973,-78.028613,0,4,7,1,1,2,2,0,6543.555,2.0,4,4,1.0,14,33,1198.0,0.3986882084754764,72.97869269132666,58.65435142755623,5.605762371496486,527.7120199980477,69564.29978586723,8931.828000000005,1335.5899999999997,1935.9830000000004,5660.255000000005,1219.309,7712.519000000005,13.651281686122925,3,2,0,0,1,41.5,23.0,60.0,1.0,1.0,0.0,0.0,2,0,0.0,0.0,1.0,1.0,1.0,1.0,0.0,1.0,1.0,0.0,20,2,2021,2,10,2,0,0,0,1,0,1,LEVE,0
6,1,7,0,4,3,-14.17791178,-72.072791,0,4,0,0,7,2,2,2,6543.555,2.0,4,4,1.0,14,33,1198.0,0.3582063239468129,73.72125513625039,50.68912238545782,4.370934077592676,495.5648271945098,7210.27408993576,17779.13499998999,2097.3709999899997,2863.123,12818.640999999989,2878.713,14900.421999989989,16.19152450331032,2,1,0,0,1,35.0,35.0,35.0,1.0,1.0,0.0,0.0,1,0,0.0,0.0,0.0,1.0,0.0,1.0,0.0,0.0,0.0,0.0,12,3,2022,8,22,0,0,1,2,1,0,1,GRAVE_MORTALIDAD,2
3,1,3,2,4,1,-16.2938643,-71.6391367,7,4,0,0,2,2,2,0,1504.4250000000002,2.0,2,0,1.0,7,25,241.0,0.6005060748875158,78.21704200773246,77.40211893847457,8.994742794352394,996.014120858737,33335.45824411135,10322.272,1495.236,1749.739,7077.2970000000005,2886.595,7435.677000000001,27.964725207783708,18,2,0,0,16,34.5,30.0,39.0,1.0,0.0,0.0,1.0,2,0,0.0,1.0,0.0,0.0,0.0,0.0,1.0,0.0,0.0,0.0,14,3,2023,6,12,0,0,0,0,1,0,1,GRAVE_MORTALIDAD,2
5,0,14,2,2,4,-12.1240797,-76.9883922,0,3,7,1,2,2,2,2,6543.555,2.0,4,4,1.0,14,33,1198.0,0.8017574897902351,80.48487267736287,78.74302427848284,13.156716040468266,1766.1488062170545,359776.608137045,7626.313,1683.4029999999998,1599.0829999999996,4343.827000000001,1814.875,5811.438000000001,23.797541485643197,2,2,1,0,0,26.0,26.0,26.0,1.0,1.0,0.0,1.0,2,0,0.0,0.0,0.0,1.0,1.0,1.0,0.0,0.0,0.0,0.0,22,2,2021,7,9,4,0,0,0,1,0,1,LEVE,0
3,1,13,0,4,1,-6.6910073,-79.9038109,0,4,7,1,2,2,2,0,6543.555,3.0,2,0,1.0,0,30,1475.0,0.5539280527450423,74.69452916859504,66.89728158703436,9.542777400516576,872.5509264417765,79617.09421841543,3459.691,515.0619999999999,689.7280000000001,2254.901,703.3549999999999,2756.336,20.329994788551925,2,2,0,0,0,30.0,16.0,44.0,1.0,1.0,0.0,0.0,2,0,0.0,0.0,1.0,0.0,1.0,0.0,1.0,1.0,1.0,1.0,5,0,2022,5,15,6,1,1,0,1,1,1,LEVE,0
6,1,14,2,4,2,-11.955,-76.936241,0,4,0,0,7,2,2,0,6543.555,2.0,4,4,1.0,14,33,1198.0,0.6831952456039544,78.60873873772867,74.49000793376607,10.00420210847705,1376.0472418044385,255143.7301927195,7626.313,1683.4029999999998,1599.0829999999996,4343.827000000001,1814.875,5811.438000000001,23.797541485643197,2,1,0,0,1,50.0,50.0,50.0,1.0,0.0,0.0,0.0,1,0,0.0,1.0,0.0,0.0,0.0,0.0,1.0,0.0,0.0,0.0,3,0,2022,9,12,0,0,0,0,1,0,1,LEVE,0