CLASE SINIESTRO,CANTIDAD DE VEHICULOS DAÑADOS,DEPARTAMENTO,ZONA,TIPO DE VÍA,RED VIAL,COORDENADAS LATITUD,COORDENADAS  LONGITUD,CONDICIÓN CLIMÁTICA,ZONIFICACIÓN,CARACTERÍSTICAS DE VÍA,PERFIL LONGITUDINAL VÍA,SUPERFICIE DE CALZADA,¿EXISTE SEÑAL VERTICAL?,¿EXISTE SEÑAL HORIZONTAL?,CAUSA FACTOR PRINCIPAL,MTC_RVN_LONGITUD_KM,MTC_RVN_N_CARRILES_MEDIANA,MTC_RVN_SUPERFICIE_DOMINANTE,MTC_RVN_ESTADO_DOMINANTE,MTC_RVN_ES_CONCESIONADA,MTC_RVN_CONCESION_PRINCIPAL,MTC_RVN_CORREDOR_LOGISTICO,MTC_RVN_N_TRAMOS,IDH_2019,IDH_ESP_VIDA_2019,IDH_EDUC_SECUND_PCT_2019,IDH_ANIOS_EDUC_2019,IDH_INGRESO_PERCAP_2019,IDH_POBLACION_2019,MTC_DEP_RED_TOTAL_KM,MTC_DEP_NACIONAL_TOTAL_KM,MTC_DEP_DEPARTAMENTAL_TOTAL_KM,MTC_DEP_VECINAL_TOTAL_KM,MTC_DEP_PAV_TOTAL_KM,MTC_DEP_NO_PAV_TOTAL_KM,MTC_DEP_PCT_PAVIMENTADA,PER_TOTAL_PERSONAS,PER_N_CONDUCTORES,PER_N_CONDUCTORES_FUGADOS,PER_N_PEATONES,PER_N_PASAJEROS_OCUPANTES,PER_EDAD_COND_PROM,PER_EDAD_COND_MIN,PER_EDAD_COND_MAX,PER_ANY_COND_MASCULINO,PER_ANY_LIC_PROBLEMA,PER_ANY_DOSAJE_POS,PER_ANY_DOSAJE_EVALUADO,VEH_TOTAL,VEH_N_FUGADOS,VEH_ANY_FUGADO,VEH_ANY_CARGA,VEH_ANY_PUBLICO,VEH_ANY_PARTICULAR,VEH_ANY_MOTO,VEH_ANY_AUTO,VEH_ANY_CAMION_BUS,VEH_ANY_SOAT_PROBLEMA,VEH_ANY_CITV_PROBLEMA,VEH_ANY_SEGURO_PROBLEMA,HORA_NUM,FRANJA_HORARIA,ANIO,MES,DIA_MES,DIA_SEMANA,ES_FIN_SEMANA,ES_QUINCENA,REGION_NATURAL,TIENE_SEÑALIZACION,ES_VIA_MULTICARRIL,ES_DEPTO_BAJO_PAVIMENTO,CATEGORIA_SEVERIDAD,CATEGORIA_SEVERIDAD_ENC
0,1,10,0,4,1,-14.263935052364529,-75.68572114119382,0,4,7,1,2,2,2,0,6639.975,2.0,2,0,1.0,9,31,1616.0,0.6261042306271147,80.48505954362174,76.55712631348362,9.341715591523595,1061.002261282891,31419.372591006424,3721.461,698.1859999999996,744.866,2278.409,1102.9029999999996,2618.558,29.636290693359403,2,1,0,1,0,19.0,19.0,19.0,1.0,1.0,0.0,0.0,1,0,0.0,0.0,0.0,1.0,1.0,0.0,0.0,1.0,0.0,1.0,21,2,2024,7,19,4,0,1,0,1,0,1,LEVE,0
3,2,10,0,4,0,-13.450253,-76.152625,0,4,7,1,2,2,2,2,6543.555,2.0,4,4,1.0,14,33,1198.0,0.575108675542622,80.48751485041296,69.97733945104977,8.91411717811534,891.3032819289404,12460.550321199144,3721.461,698.1859999999996,744.866,2278.409,1102.9029999999996,2618.558,29.636290693359403,2,2,0,0,0,65.0,63.0,67.0,1.0,0.0,0.0,0.0,2,0,0.0,0.0,0.0,1.0,0.0,1.0,0.0,0.0,1.0,1.0,7,1,2022,3,4,4,0,0,0,1,0,1,LEVE,0
3,2,2,0,4,0,-13.53668,-73.505308,0,4,0,0,1,2,2,2,6543.555,2.0,4,4,1.0,14,33,1198.0,0.241310185459975,70.83483413046108,58.5191389199668,4.887115219495449,162.12128067173168,8997.351177730192,8358.971,1282.451,1298.0969999999998,5778.423,1432.683,6926.288,17.139466089785454,8,2,0,0,6,45.0,35.0,55.0,1.0,0.0,0.0,0.0,2,0,0.0,0.0,1.0,1.0,0.0,0.0,1.0,0.0,0.0,0.0,6,1,2022,8,24,2,0,1,2,1,0,1,GRAVE_MORTALIDAD,2
0,1,12,2,6,4,-8.10851,-79.026671,0,0,1,1,2,2,2,2,6543.555,2.0,4,4,1.0,14,33,1198.0,0.7151155191839451,79.57652607829836,77.25576500264712,11.809756866444314,1377.9438475528384,331253.00214132766,8931.828000000005,1335.5899999999997,1935.9830000000004,5660.255000000005,1219.309,7712.519000000005,13.651281686122925,3,1,0,2,0,51.0,51.0,51.0,1.0,0.0,0.0,0.0,1,0,0.0,1.0,0.0,0.0,0.0,0.0,1.0,0.0,0.0,0.0,14,3,2022,11,24,3,0,1,0,1,0,1,LEVE,0
1,1,14,2,4,1,-12.183602550323704,-76.97522781345661,0,0,7,1,2,2,2,0,6639.975,2.0,2,0,1.0,9,31,1616.0,0.7289998534947872,80.50926319493618,76.9124822838204,10.358587270463827,1551.106643515347,384728.5117773019,7626.313,1683.4029999999998,1599.0829999999996,4343.827000000001,1814.875,5811.438000000001,23.797541485643197,3,2,1,1,0,37.0,33.0,40.0,0.0,0.0,0.0,0.0,2,1,1.0,0.0,0.0,1.0,0.0,1.0,0.0,0.0,0.0,1.0,23,2,2022,12,10,5,1,0,0,1,0,1,LEVE,0
0,1,14,2,2,4,-12.18818487,-76.98271302,0,3,0,0,2,2,2,0,6543.555,2.0,4,4,1.0,14,33,1198.0,0.7583553928164398,79.82595632107274,76.7651270103073,11.46351379457763,1662.7771470294065,333655.3618843683,7626.313,1683.4029999999998,1599.0829999999996,4343.827000000001,1814.875,5811.438000000001,23.797541485643197,2,1,0,1,0,20.0,20.0,20.0,1.0,0.0,0.0,0.0,1,0,0.0,0.0,0.0,1.0,1.0,0.0,0.0,0.0,1.0,0.0,15,3,2023,8,22,1,0,1,0,1,0,1,LEVE,0
3,1,12,0,4,2,-8.087727,-78.981701,0,4,7,1,2,2,2,2,6543.555,2.0,4,4,1.0,14,33,1198.0,0.5929579484728337,80.24150924632623,64.75837382721711,8.51830466766158,1043.4182142665843,34739.39614561028,8931.828000000005,1335.5899999999997,1935.9830000000004,5660.255000000005,1219.309,7712.519000000005,13.651281686122925,2,2,0,0,0,53.0,29.0,77.0,1.0,1.0,0.0,0.0,2,0,0.0,0.0,1.0,1.0,0.0,0.0,1.0,1.0,0.0,1.0,7,1,2021,8,21,5,1,1,0,1,0,1,LEVE,0
0,1,19,2,4,2,-5.567807679145014,-79.52669794244525,0,0,7,0,2,2,2,0,6543.555,2.0,4,4,1.0,14,33,1198.0,0.2117580020098525,65.37756662211437,42.30794939557186,3.975264599118591,171.62326554814578,38712.25053533191,8965.846000060003,1782.4120000599992,636.9959999999999,6546.438000000004,2214.505000059999,6751.341000000004,24.699342371541725,2,1,0,1,0,22.0,22.0,22.0,1.0,1.0,0.0,1.0,1,0,0.0,0.0,0.0,1.0,0.0,0.0,1.0,0.0,0.0,0.0,18,2,2021,10,14,3,0,0,0,1,0,1,LEVE,0
6,1,9,0,4,1,-9.209676,-76.151048,0,4,0,1,2,1,0,2,2135.1760000000004,1.0,1,0,0.0,9,32,705.0,0.3946200460108442,71.7331306222984,47.621135174889496,5.973791633302898,554.8279726591455,25825.35117773019,8209.057,1333.4779999999996,791.9770000000001,6083.602,1059.8589999999997,7149.198,12.910849565303296,2,1,0,0,1,32.0,32.0,32.0,1.0,1.0,0.0,1.0,1,0,0.0,0.0,1.0,0.0,1.0,0.0,0.0,1.0,1.0,1.0,20,2,2022,8,30,1,0,1,2,1,0,1,LEVE,0
3,1,1,2,4,1,-9.152771,-78.50487,0,3,7,1,2,2,2,0,6543.555,3.0,2,0,1.0,0,30,1475.0,0.6459598096056908,78.63908715089502,73.94922643905556,10.615650526897664,1131.8657131941532,175440.59743040687,10767.648,1885.0630000000003,1222.721,7659.864000000001,2100.343,8667.305000000002,19.506051832303577,2,2,0,0,0,59.5,39.0,80.0,1.0,1.0,0.0,1.0,2,0,0.0,0.0,1.0,1.0,1.0,0.0,1.0,0.0,1.0,1.0,10,1,2022,1,10,0,0,0,0,1,1,1,LEVE,0
6,1,11,0,4,1,-11.0198215161014,-74.75027911457556,0,4,7,0,7,2,2,6,5768.608,2.0,3,1,0.0,9,32,365.0,0.4504704361939795,78.21109613042135,53.36127577481231,6.956854509393587,612.1696439943328,61517.46466809421,12264.545,1826.4639999999995,1105.5389999999998,9332.542,1588.5359999999996,10676.009,12.952261987705208,3,1,0,0,2,42.0,42.0,42.0,1.0,0.0,0.0,1.0,1,0,0.0,0.0,0.0,1.0,1.0,0.0,0.0,0.0,0.0,0.0,11,1,2021,5,25,1,0,1,2,1,0,1,LEVE,0
6,1,3,0,4,1,-16.054299,-71.34091,0,4,7,1,2,2,2,0,1504.4250000000002,2.0,2,0,1.0,7,25,241.0,0.4685280505645348,81.83746865987648,70.74305753660312,6.037751599761188,617.4715908037651,1751.8736616702354,10322.272,1495.236,1749.739,7077.2970000000005,2886.595,7435.677000000001,27.964725207783708,2,1,0,0,1,34.0,34.0,34.0,1.0,0.0,0.0,0.0,1,0,0.0,1.0,0.0,0.0,0.0,0.0,1.0,0.0,0.0,0.0,4,0,2024,11,18,0,0,1,0,1,0,1,LEVE,0
2,1,2,0,4,2,-13.616267,-73.38756,0,4,0,1,7,2,2,2,6543.555,2.0,4,4,1.0,14,33,1198.0,0.4619010623422457,78.59168291839167,71.17621940902927,6.822215000922938,577.0592072650313,27074.62526766595,8358.971,1282.451,1298.0969999999998,5778.423,1432.683,6926.288,17.139466089785454,2,1,0,0,1,54.0,54.0,54.0,1.0,1.0,0.0,0.0,1,0,0.0,1.0,0.0,0.0,1.0,0.0,0.0,1.0,0.0,0.0,18,2,2023,3,2,3,0,0,2,1,0,1,LEVE,0
6,1,3,0,4,1,-16.12403,-71.635381,0,4,7,0,2,1,1,0,1504.4250000000002,2.0,2,0,1.0,7,25,241.0,0.6005060748875158,78.21704200773246,77.40211893847457,8.994742794352394,996.014120858737,33335.45824411135,10322.272,1495.236,1749.739,7077.2970000000005,2886.595,7435.677000000001,27.964725207783708,5,1,0,0,4,21.0,21.0,21.0,0.0,0.0,0.0,1.0,1,0,0.0,0.0,0.0,1.0,0.0,0.0,1.0,0.0,0.0,0.0,9,1,2021,6,7,0,0,0,0,1,0,1,GRAVE_LESIONADOS,1
6,1,19,0,4,1,-5.0791,-80.7067,0,4,7,1,2,1,0,2,6543.555,3.0,2,0,1.0,0,30,1475.0,0.6582040223794163,78.74105515718446,77.3206684883171,11.334167841567446,1124.177237253568,178905.3426124197,8965.846000060003,1782.4120000599992,636.9959999999999,6546.438000000004,2214.505000059999,6751.341000000004,24.699342371541725,1,1,0,0,0,21.0,21.0,21.0,1.0,1.0,0.0,1.0,1,0,0.0,0.0,0.0,1.0,1.0,0.0,0.0,1.0,1.0,1.0,5,0,2023,5,14,6,1,0,0,1,1,1,LEVE,0
0,0,14,2,2,4,-12.179248116652882,-77.01428886492306,5,3,7,1,2,2,2,0,6543.555,2.0,4,4,1.0,14,33,1198.0,0.7583553928164398,79.82595632107274,76.7651270103073,11.46351379457763,1662.7771470294065,333655.3618843683,7626.313,1683.4029999999998,1599.0829999999996,4343.827000000001,1814.875,5811.438000000001,23.797541485643197,2,1,0,1,0,35.0,35.0,35.0,1.0,0.0,0.0,0.0,1,0,0.0,1.0,0.0,0.0,0.0,0.0,1.0,0.0,0.0,0.0,7,1,2021,8,10,1,0,0,0,1,0,1,LEVE,0
1,1,5,0,4,2,-7.11309,-78.829742,0,4,7,0,2,1,1,0,6543.555,2.0,4,4,1.0,14,33,1198.0,0.3334181514351879,65.70103407075928,46.92785453731552,5.377079435778443,426.7373479842607,11921.895074946468,15935.565011852366,1733.9250000199986,935.692,13265.948011832368,2000.1670000199988,13935.398011832369,12.551591352627522,2,1,1,1,0,37.0,33.0,40.0,0.0,0.0,0.0,0.0,1,1,1.0,0.0,0.0,0.0,0.0,0.0,0.0,0.0,0.0,1.0,21,2,2024,4,28,6,1,1,2,1,0,1,LEVE,0
3,1,6,2,4,1,-11.959804478406474,-77.12836781252078,0,2,7,1,4,2,2,0,139.23,-1.0,2,0,0.0,9,32,69.0,0.5563774842369664,77.00938809632027,69.10246351364754,8.476961866273152,914.8835608305218,27932.19700214133,51.58600000000001,44.68700000000001,6.899000000000001,0.0,49.838000000000015,1.748,96.61148373589734,2,2,0,0,0,43.5,21.0,66.0,1.0,0.0,0.0,0.0,2,0,0.0,1.0,0.0,1.0,1.0,0.0,1.0,0.0,1.0,0.0,8,1,2021,2,19,4,0,1,2,1,0,0,LEVE,0
1,1,21,0,4,2,-5.922418,-77.300435,7,4,7,1,2,2,2,0,6543.555,2.0,4,4,1.0,14,33,1198.0,0.4789759027469384,73.43778249935497,54.01635312204597,6.285279694551369,847.2910954428505,47552.6295503212,5645.136,815.0759999999999,965.298,3864.762,1013.406,4631.73,17.95184385283189,2,1,1,1,0,37.0,33.0,40.0,0.0,0.0,0.0,0.0,1,1,1.0,0.0,0.0,0.0,0.0,0.0,0.0,0.0,0.0,1.0,7,1,2025,2,24,0,0,1,1,1,0,1,LEVE,0
6,1,7,2,4,0,-14.747782721509395,-71.41444068870746,0,0,7,1,1,2,2,2,6543.555,2.0,4,4,1.0,14,33,1198.0,0.553052655456334,69.21726434550523,74.04128761826507,8.709280027519238,977.6848841665504,33976.192719486084,17779.13499998999,2097.3709999899997,2863.123,12818.640999999989,2878.713,14900.421999989989,16.19152450331032,1,1,0,0,0,40.0,40.0,40.0,1.0,1.0,0.0,0.0,1,0,0.0,0.0,0.0,1.0,1.0,0.0,0.0,1.0,1.0,1.0,17,3,2024,6,6,3,0,0,2,1,0,1,LEVE,0
10,1,3,2,4,1,-16.071877,-71.581666,5,4,0,0,2,1,1,0,1504.4250000000002,2.0,2,0,1.0,7,25,241.0,0.6005060748875158,78.21704200773246,77.40211893847457,8.994742794352394,996.014120858737,33335.45824411135,10322.272,1495.236,1749.739,7077.2970000000005,2886.595,7435.677000000001,27.964725207783708,2,1,0,0,1,41.0,41.0,41.0,1.0,0.0,1.0,1.0,1,0,0.0,1.0,0.0,0.0,0.0,0.0,1.0,0.0,0.0,0.0,8,1,2025,4,4,4,0,0,0,1,0,1,LEVE,0
0,1,20,0,4,0,-15.63410904658044,-69.83268881343423,0,4,7,1,2,2,2,4,6543.555,2.0,4,4,1.0,14,33,1198.0,0.2340843824111472,70.52898898013444,62.87432375980422,4.224552350027807,162.17132958234427,9524.6573875803,13642.312999999998,2020.7790000000005,2354.117,9267.416999999998,3314.0520000000006,10328.260999999997,24.29244952817019,2,1,0,1,0,41.0,41.0,41.0,1.0,0.0,0.0,0.0,1,0,0.0,0.0,1.0,0.0,0.0,0.0,1.0,0.0,0.0,0.0,15,3,2024,7,7,6,1,0,2,1,0,1,LEVE,0
3,2,8,0,4,1,-12.30544,-75.062555,0,4,7,1,2,2,2,0,891.625,1.0,0,3,0.0,9,32,85.0,0.4769063067648997,73.0586440792864,60.88708798662546,4.859242841205063,956.6593892308222,1221.2548179871524,8511.426,1445.3929999999996,2008.516,5057.516999999999,1879.579,6631.846999999998,22.08300935706896,9,2,0,0,7,37.5,35.0,40.0,1.0,0.0,0.0,0.0,2,0,0.0,0.0,0.0,1.0,0.0,1.0,0.0,0.0,0.0,0.0,14,3,2024,6,18,1,0,1,2,1,0,1,GRAVE_MORTALIDAD,2
6,1,20,0,4,3,-16.160242,-70.070883,6,5,6,2,6,2,2,0,6543.555,2.0,4,4,1.0,14,33,1198.0,0.3279226888241855,68.17036545870775,72.54908010508095,6.085205709416528,293.1898870593515,5184.3083511777295,13642.312999999998,2020.7790000000005,2354.117,9267.416999999998,3314.0520000000006,10328.260999999997,24.29244952817019,1,1,0,0,0,53.0,53.0,53.0,1.0,1.0,0.0,0.0,1,0,0.0,0.0,0.0,1.0,1.0,0.0,0.0,1.0,0.0,1.0,5,0,2025,2,9,6,1,0,2,1,0,1,LEVE,0
3,2,20,0,4,0,-15.522839,-70.078009,7,4,7,1,2,2,2,2,6543.555,2.0,4,4,1.0,14,33,1198.0,0.3646929504779869,74.39003066237748,63.71456574957328,5.594162012040831,387.0285253251433,5552.2119914346895,13642.312999999998,2020.7790000000005,2354.117,9267.416999999998,3314.0520000000006,10328.260999999997,24.29244952817019,2,2,0,0,0,56.0,38.0,74.0,1.0,1.0,0.0,1.0,2,0,0.0,0.0,0.0,1.0,0.0,1.0,0.0,0.0,1.0,0.0,13,3,2021,6,20,6,1,1,2,1,0,1,LEVE,0
3,0,14,2,2,4,-12.064744,-76.978404,0,0,7,1,4,2,2,0,6543.555,2.0,4,4,1.0,14,33,1198.0,0.6868549636939637,79.62363164345142,76.30894566128948,9.209137883551294,1425.4498631666322,684921.8484148846,7626.313,1683.4029999999998,1599.0829999999996,4343.827000000001,1814.875,5811.438000000001,23.797541485643197,4,2,0,0,2,52.0,42.0,62.0,1.0,1.0,0.0,0.0,2,0,0.0,0.0,0.0,1.0,0.0,1.0,1.0,0.0,1.0,0.0,19,2,2021,7,3,5,1,0,0,1,0,1,LEVE,0
3,2,20,0,4,1,-16.016363487328523,-69.74656868360596,0,4,7,1,7,2,2,2,7586.903,2.0,2,0,1.0,9,5,1198.0,0.3247057995130503,73.24682709519536,76.81044161661171,6.507336567861034,242.9773157546694,24872.03426124197,13642.312999999998,2020.7790000000005,2354.117,9267.416999999998,3314.0520000000006,10328.260999999997,24.29244952817019,2,2,0,0,0,49.0,33.0,65.0,1.0,1.0,0.0,0.0,2,0,0.0,0.0,0.0,1.0,1.0,1.0,0.0,0.0,1.0,0.0,15,3,2021,8,11,2,0,0,2,1,0,1,LEVE,0
7,1,20,0,4,1,-16.26475074781152,-69.29588359557465,0,4,2,0,3,2,2,2,7586.903,2.0,2,0,1.0,9,5,1198.0,0.3165090894545869,72.969641049674,69.1278394147308,6.0160374778788,250.7872170233644,13778.516059957172,13642.312999999998,2020.7790000000005,2354.117,9267.416999999998,3314.0520000000006,10328.260999999997,24.29244952817019,1,1,0,0,0,54.0,54.0,54.0,1.0,1.0,0.0,0.0,1,0,0.0,0.0,0.0,0.0,0.0,0.0,0.0,0.0,0.0,1.0,8,1,2023,9,25,0,0,1,2,1,0,1,LEVE,0
3,2,12,0,4,1,-8.564295,-78.673883,0,4,7,1,2,2,2,0,6543.555,3.0,2,0,1.0,0,30,1475.0,0.4971504606547645,77.79759708660042,46.44666297237219,6.322206801902116,929.9716106661404,44368.59100642397,8931.828000000005,1335.5899999999997,1935.9830000000004,5660.255000000005,1219.309,7712.519000000005,13.651281686122925,2,2,0,0,0,33.0,31.0,35.0,1.0,0.0,0.0,0.0,2,0,0.0,1.0,0.0,0.0,0.0,0.0,1.0,0.0,0.0,0.0,19,2,2023,6,18,6,1,1,0,1,1,1,LEVE,0
6,1,13,0,4,2,-6.821616,-79.855199,0,4,7,1,2,2,2,0,6543.555,2.0,4,4,1.0,14,33,1198.0,0.5698121065713132,80.7750211042815,73.24532007426484,9.611369875155264,807.8835749369007,96903.36830835116,3459.691,515.0619999999999,689.7280000000001,2254.901,703.3549999999999,2756.336,20.329994788551925,1,1,0,0,0,23.0,23.0,23.0,1.0,0.0,0.0,0.0,1,0,0.0,0.0,0.0,1.0,0.0,1.0,0.0,0.0,0.0,0.0,15,3,2021,1,9,5,1,0,0,1,0,1,LEVE,0
6,1,12,2,6,4,-8.048035,-79.070344,0,2,7,1,2,2,2,0,6543.555,2.0,4,4,1.0,14,33,1198.0,0.5961574154611067,78.8610661942771,67.40352037574897,9.291971962737568,1010.620438228636,197397.5888650964,8931.828000000005,1335.5899999999997,1935.9830000000004,5660.255000000005,1219.309,7712.519000000005,13.651281686122925,2,1,0,0,1,24.0,24.0,24.0,1.0,0.0,0.0,0.0,1,0,0.0,0.0,0.0,1.0,1.0,0.0,0.0,0.0,0.0,0.0,13,3,2021,7,1,3,0,0,0,1,0,1,LEVE,0
3,2,12,0,4,1,-8.9103176,-78.639243,0,4,7,1,2,2,2,4,6543.555,3.0,2,0,1.0,0,30,1475.0,0.4867987483268106,77.5825534369154,52.95148122709723,6.150547060309878,840.5788229266196,9838.736616702356,8931.828000000005,1335.5899999999997,1935.9830000000004,5660.255000000005,1219.309,7712.519000000005,13.651281686122925,2,2,0,0,0,38.0,13.0,63.0,1.0,1.0,0.0,0.0,2,0,0.0,1.0,0.0,1.0,0.0,1.0,0.0,0.0,0.0,1.0,22,2,2023,5,1,0,0,0,0,1,1,1,LEVE,0
3,2,3,2,4,1,-16.409559,-71.5584385,0,3,7,1,2,0,1,0,1101.78,1.0,5,2,0.0,9,32,202.0,0.6855214685752905,77.55287024349596,78.52978455751916,11.09515988146928,1299.5425610685809,22541.235546038544,10322.272,1495.236,1749.739,7077.2970000000005,2886.595,7435.677000000001,27.964725207783708,13,2,0,0,11,50.0,27.0,73.0,1.0,0.0,0.0,0.0,2,0,0.0,0.0,1.0,0.0,0.0,0.0,1.0,0.0,0.0,1.0,13,3,2023,4,24,0,0,1,0,1,0,1,GRAVE_LESIONADOS,1
6,1,11,0,4,1,-11.784689,-75.567452,0,4,0,1,2,1,1,0,7586.903,2.0,2,0,1.0,9,5,1198.0,0.4766174142212529,69.18958836027122,73.16893608420531,7.974870050709661,677.4285416246566,918.3832976445397,12264.545,1826.4639999999995,1105.5389999999998,9332.542,1588.5359999999996,10676.009,12.952261987705208,2,1,0,0,1,51.0,51.0,51.0,1.0,0.0,0.0,1.0,1,0,0.0,0.0,0.0,1.0,0.0,1.0,0.0,0.0,0.0,0.0,12,3,2023,6,28,2,0,1,2,1,0,1,LEVE,0
3,1,14,2,2,4,-11.94723430522768,-76.9855999204485,0,0,1,1,2,2,2,0,6543.555,2.0,4,4,1.0,14,33,1198.0,0.701053025277506,79.62867561460851,73.1469484600971,10.064317505194426,1464.6926161541437,1150285.0494171206,7626.313,1683.4029999999998,1599.0829999999996,4343.827000000001,1814.875,5811.438000000001,23.797541485643197,2,2,0,0,0,61.0,61.0,61.0,1.0,0.0,0.0,0.0,2,0,0.0,1.0,0.0,1.0,1.0,0.0,1.0,0.0,0.0,1.0,8,1,2024,8,15,3,0,1,0,1,0,1,LEVE,0
0,1,20,0,4,1,-15.5458888,-70.1103135,0,4,7,1,2,0,1,2,7586.903,2.0,2,0,1.0,9,5,1198.0,0.3646929504779869,74.39003066237748,63.71456574957328,5.594162012040831,387.0285253251433,5552.2119914346895,13642.312999999998,2020.7790000000005,2354.117,9267.416999999998,3314.0520000000006,10328.260999999997,24.29244952817019,2,1,0,1,0,42.0,42.0,42.0,1.0,0.0,0.0,1.0,1,0,0.0,0.0,1.0,0.0,0.0,0.0,1.0,0.0,0.0,0.0,3,0,2021,11,10,2,0,0,2,1,0,1,LEVE,0
6,1,1,0,4,1,-9.634016830211207,-78.25794921682309,0,4,7,1,2,2,2,0,6543.555,3.0,2,0,1.0,0,30,1475.0,0.5873460606982213,78.04758132038613,65.8701248560095,8.596987164492063,1041.0659985770535,35482.29764453961,10767.648,1885.0630000000003,1222.721,7659.864000000001,2100.343,8667.305000000002,19.506051832303577,2,1,0,0,1,37.0,37.0,37.0,1.0,0.0,0.0,0.0,1,0,0.0,0.0,0.0,1.0,0.0,1.0,0.0,0.0,0.0,0.0,6,1,2022,11,18,4,0,1,0,1,1,1,LEVE,0
6,1,8,0,4,3,-12.782351,-74.382744,0,4,0,0,4,2,2,0,6543.555,2.0,4,4,1.0,14,33,1198.0,0.4913123028346237,76.13398223704387,53.51150660759938,7.834758613913701,754.3199525903881,1074.286937901499,8511.426,1445.3929999999996,2008.516,5057.516999999999,1879.579,6631.846999999998,22.08300935706896,5,3,1,0,2,65.0,65.0,65.0,1.0,0.0,0.0,1.0,3,1,1.0,0.0,0.0,1.0,1.0,0.0,0.0,0.0,1.0,1.0,9,1,2021,12,6,0,0,0,2,1,0,1,LEVE,0
6,1,21,2,4,2,-6.214015,-77.078999,0,4,2,0,3,2,2,2,6543.555,2.0,4,4,1.0,14,33,1198.0,0.4209273482033048,73.3551698063197,46.02617740809915,5.54816545192792,689.4538596354846,31717.576017130617,5645.136,815.0759999999999,965.298,3864.762,1013.406,4631.73,17.95184385283189,2,1,0,1,0,43.0,43.0,43.0,1.0,0.0,0.0,0.0,1,0,0.0,1.0,0.0,0.0,0.0,0.0,1.0,0.0,0.0,0.0,17,3,2021,10,23,5,1,1,1,1,0,1,LEVE,0
0,1,7,0,4,0,-12.909693556407934,-71.40412218989076,0,3,7,1,7,2,2,2,6543.555,2.0,4,4,1.0,14,33,1198.0,0.3612121566150602,62.7406214315804,65.88597983983321,5.981484630062685,454.3036246295292,5308.728051391863,17779.13499998999,2097.3709999899997,2863.123,12818.640999999989,2878.713,14900.421999989989,16.19152450331032,2,1,0,1,0,25.0,25.0,25.0,1.0,1.0,0.0,0.0,1,0,0.0,1.0,0.0,0.0,0.0,0.0,1.0,1.0,0.0,0.0,18,2,2021,6,23,2,0,1,2,1,0,1,LEVE,0
0,1,20,0,4,1,-15.2768256,-69.9119287,0,4,7,1,2,2,2,4,1762.84,2.0,1,0,0.0,9,32,485.0,0.3120136684565522,74.56643070176949,67.13828218150482,6.277409990126978,231.9912855577296,12390.518201284798,13642.312999999998,2020.7790000000005,2354.117,9267.416999999998,3314.0520000000006,10328.260999999997,24.29244952817019,2,1,0,1,0,38.0,38.0,38.0,1.0,0.0,0.0,0.0,1,0,0.0,0.0,0.0,1.0,0.0,0.0,1.0,0.0,0.0,0.0,17,3,2023,9,22,4,0,1,2,1,0,1,LEVE,0
6,1,3,0,4,3,-17.030926,-71.832657,0,4,0,0,7,2,2,0,6543.555,2.0,4,4,1.0,14,33,1198.0,0.6803071451955962,77.94466657583487,78.40700901768477,9.735921607047414,1363.7066157637946,944.9743040685224,10322.272,1495.236,1749.739,7077.2970000000005,2886.595,7435.677000000001,27.964725207783708,3,1,0,0,2,52.0,52.0,52.0,1.0,0.0,0.0,0.0,1,0,0.0,1.0,0.0,0.0,0.0,0.0,1.0,0.0,0.0,0.0,9,1,2024,10,8,1,0,0,0,1,0,1,LEVE,0
3,2,10,2,4,1,-14.82183,-74.965426,0,3,7,1,2,2,2,0,6639.975,2.0,2,0,1.0,9,31,1616.0,0.5563774842369664,77.00938809632027,69.10246351364754,8.476961866273152,914.8835608305218,27932.19700214133,3721.461,698.1859999999996,744.866,2278.409,1102.9029999999996,2618.558,29.636290693359403,3,2,0,0,1,35.5,29.0,42.0,1.0,1.0,0.0,0.0,2,0,0.0,1.0,0.0,1.0,0.0,0.0,1.0,0.0,1.0,1.0,18,2,2022,3,29,1,0,1,0,1,0,1,GRAVE_MORTALIDAD,2
5,2,12,0,4,2,-8.54778,-78.678269,0,4,7,1,2,2,2,0,6543.555,2.0,4,4,1.0,14,33,1198.0,0.4971504606547645,77.79759708660042,46.44666297237219,6.322206801902116,929.9716106661404,44368.59100642397,8931.828000000005,1335.5899999999997,1935.9830000000004,5660.255000000005,1219.309,7712.519000000005,13.651281686122925,4,2,1,0,2,46.0,46.0,46.0,1.0,1.0,0.0,0.0,2,0,0.0,0.0,1.0,1.0,1.0,0.0,1.0,1.0,1.0,0.0,20,2,2021,2,28,6,1,1,0,1,0,1,LEVE,0
7,1,5,0,4,1,-7.221245,-79.160288,2,0,0,1,2,1,1,5,887.28,2.0,2,0,1.0,8,17,155.0,0.5563774842369664,73.07406660240972,65.2611721745993,7.77984257932775,1045.7361851012442,7379.728051391864,15935.565011852366,1733.9250000199986,935.692,13265.948011832368,2000.1670000199988,13935.398011832369,12.551591352627522,3,1,0,0,2,33.0,33.0,33.0,1.0,0.0,0.0,1.0,1,0,0.0,0.0,0.0,1.0,0.0,0.0,1.0,0.0,1.0,0.0,6,1,2023,4,5,2,0,0,2,1,0,1,GRAVE_MORTALIDAD,2
6,1,8,0,4,3,-12.824457,-74.53272,0,4,7,1,7,2,2,0,6543.555,2.0,4,4,1.0,14,33,1198.0,0.3795117565699695,74.45437317698715,61.75305030851912,5.730639493616658,430.3871336418616,3080.3147751606,8511.426,1445.3929999999996,2008.516,5057.516999999999,1879.579,6631.846999999998,22.08300935706896,1,1,0,0,0,72.0,72.0,72.0,1.0,1.0,0.0,0.0,1,0,0.0,0.0,0.0,1.0,0.0,1.0,0.0,1.0,1.0,1.0,16,3,2025,2,28,4,0,1,2,1,0,1,LEVE,0
0,1,11,0,4,2,-12.123967869128,-75.1731287049671,0,4,7,1,2,2,2,4,6543.555,2.0,4,4,1.0,14,33,1198.0,0.475997456383089,72.23525560619764,71.05848072823132,7.734349760206232,654.6770950142342,16343.67880085653,12264.545,1826.4639999999995,1105.5389999999998,9332.542,1588.5359999999996,10676.009,12.952261987705208,2,1,0,1,0,22.0,22.0,22.0,1.0,0.0,0.0,1.0,1,0,0.0,0.0,0.0,1.0,0.0,1.0,0.0,0.0,0.0,0.0,20,2,2023,9,28,3,0,1,2,1,0,1,LEVE,0
0,1,19,2,2,4,-5.16802,-80.648719,0,4,7,1,2,1,0,0,6543.555,2.0,4,4,1.0,14,33,1198.0,0.6582040223794163,78.74105515718446,77.3206684883171,11.334167841567446,1124.177237253568,178905.3426124197,8965.846000060003,1782.4120000599992,636.9959999999999,6546.438000000004,2214.505000059999,6751.341000000004,24.699342371541725,2,1,1,1,0,37.0,33.0,40.0,0.0,0.0,0.0,0.0,1,1,1.0,0.0,0.0,0.0,0.0,0.0,0.0,0.0,0.0,1.0,5,0,2022,7,8,4,0,0,0,1,0,1,LEVE,0
6,1,10,0,4,1,-13.516056,-76.183805,0,4,7,1,2,2,2,2,205.54999999999995,-1.0,2,0,1.0,13,31,15.0,0.575108675542622,80.48751485041296,69.97733945104977,8.91411717811534,891.3032819289404,12460.550321199144,3721.461,698.1859999999996,744.866,2278.409,1102.9029999999996,2618.558,29.636290693359403,2,1,0,0,1,24.0,24.0,24.0,1.0,0.0,0.0,0.0,1,0,0.0,0.0,0.0,1.0,0.0,1.0,0.0,0.0,0.0,0.0,19,2,2022,9,4,6,1,0,0,1,0,1,LEVE,0