CLASE SINIESTRO,CANTIDAD DE VEHICULOS DAÑADOS,DEPARTAMENTO,ZONA,TIPO DE VÍA,RED VIAL,COORDENADAS LATITUD,COORDENADAS  LONGITUD,CONDICIÓN CLIMÁTICA,ZONIFICACIÓN,CARACTERÍSTICAS DE VÍA,PERFIL LONGITUDINAL VÍA,SUPERFICIE DE CALZADA,¿EXISTE SEÑAL VERTICAL?,¿EXISTE SEÑAL HORIZONTAL?,CAUSA FACTOR PRINCIPAL,MTC_RVN_LONGITUD_KM,MTC_RVN_N_CARRILES_MEDIANA,MTC_RVN_SUPERFICIE_DOMINANTE,MTC_RVN_ESTADO_DOMINANTE,MTC_RVN_ES_CONCESIONADA,MTC_RVN_CONCESION_PRINCIPAL,MTC_RVN_CORREDOR_LOGISTICO,MTC_RVN_N_TRAMOS,IDH_2019,IDH_ESP_VIDA_2019,IDH_EDUC_SECUND_PCT_2019,IDH_ANIOS_EDUC_2019,IDH_INGRESO_PERCAP_2019,IDH_POBLACION_2019,MTC_DEP_RED_TOTAL_KM,MTC_DEP_NACIONAL_TOTAL_KM,MTC_DEP_DEPARTAMENTAL_TOTAL_KM,MTC_DEP_VECINAL_TOTAL_KM,MTC_DEP_PAV_TOTAL_KM,MTC_DEP_NO_PAV_TOTAL_KM,MTC_DEP_PCT_PAVIMENTADA,PER_TOTAL_PERSONAS,PER_N_CONDUCTORES,PER_N_CONDUCTORES_FUGADOS,PER_N_PEATONES,PER_N_PASAJEROS_OCUPANTES,PER_EDAD_COND_PROM,PER_EDAD_COND_MIN,PER_EDAD_COND_MAX,PER_ANY_COND_MASCULINO,PER_ANY_LIC_PROBLEMA,PER_ANY_DOSAJE_POS,PER_ANY_DOSAJE_EVALUADO,VEH_TOTAL,VEH_N_FUGADOS,VEH_ANY_FUGADO,VEH_ANY_CARGA,VEH_ANY_PUBLICO,VEH_ANY_PARTICULAR,VEH_ANY_MOTO,VEH_ANY_AUTO,VEH_ANY_CAMION_BUS,VEH_ANY_SOAT_PROBLEMA,VEH_ANY_CITV_PROBLEMA,VEH_ANY_SEGURO_PROBLEMA,HORA_NUM,FRANJA_HORARIA,ANIO,MES,DIA_MES,DIA_SEMANA,ES_FIN_SEMANA,ES_QUINCENA,REGION_NATURAL,TIENE_SEÑALIZACION,ES_VIA_MULTICARRIL,ES_DEPTO_BAJO_PAVIMENTO,CATEGORIA_SEVERIDAD,CATEGORIA_SEVERIDAD_ENC
6,2,24,2,6,4,-8.357002,-74.577265,2,0,1,1,4,1,0,2,6543.555,2.0,4,4,1.0,14,33,1198.0,0.5478371208327225,74.17370407104559,60.31222796205821,9.40140543765922,905.3304073844272,113671.11777301929,2689.139,392.697,1311.5319999999997,984.91,261.598,2427.541,9.727946379863592,3,2,0,0,1,55.0,55.0,55.0,1.0,1.0,0.0,0.0,2,0,0.0,1.0,0.0,0.0,1.0,0.0,1.0,0.0,1.0,1.0,9,1,2022,8,6,5,1,0,1,1,0,1,LEVE,0
3,2,20,0,4,1,-14.210239112782633,-69.14277791443065,0,4,0,0,2,2,2,2,1762.84,2.0,1,0,0.0,9,32,485.0,0.4629523852366282,73.61440605434841,75.62287602956965,7.774247801106112,570.1655252176213,7845.668094218417,13642.312999999998,2020.7790000000005,2354.117,9267.416999999998,3314.0520000000006,10328.260999999997,24.29244952817019,2,2,0,0,0,26.0,21.0,31.0,1.0,0.0,1.0,1.0,2,0,0.0,0.0,0.0,1.0,1.0,0.0,1.0,0.0,1.0,0.0,8,1,2021,7,4,6,1,0,2,1,0,1,LEVE,0
6,1,20,0,4,1,-14.119034,-69.050906,0,4,3,0,7,2,2,2,1762.84,2.0,1,0,0.0,9,32,485.0,0.5563774842369664,77.00938809632027,69.10246351364754,8.476961866273152,914.8835608305218,27932.19700214133,13642.312999999998,2020.7790000000005,2354.117,9267.416999999998,3314.0520000000006,10328.260999999997,24.29244952817019,3,1,0,0,2,29.0,29.0,29.0,1.0,1.0,0.0,1.0,1,0,0.0,0.0,0.0,1.0,0.0,0.0,1.0,1.0,1.0,0.0,16,3,2021,5,2,6,1,0,2,1,0,1,GRAVE_MORTALIDAD,2
3,1,19,0,4,0,-5.100632,-80.596911,0,4,7,1,1,2,2,0,6543.555,2.0,4,4,1.0,14,33,1198.0,0.6220812987247925,80.20155828147696,72.71675503872983,10.02377668600292,1028.915688621886,159840.92719486082,8965.846000060003,1782.4120000599992,636.9959999999999,6546.438000000004,2214.505000059999,6751.341000000004,24.699342371541725,2,2,0,0,0,27.5,19.0,36.0,1.0,0.0,0.0,1.0,2,0,0.0,0.0,0.0,1.0,1.0,0.0,1.0,0.0,1.0,1.0,8,1,2022,10,7,4,0,0,0,1,0,1,LEVE,0
6,1,19,0,4,1,-5.048571,-80.702771,0,4,7,1,2,2,2,0,6543.555,3.0,2,0,1.0,0,30,1475.0,0.6582040223794163,78.74105515718446,77.3206684883171,11.334167841567446,1124.177237253568,178905.3426124197,8965.846000060003,1782.4120000599992,636.9959999999999,6546.438000000004,2214.505000059999,6751.341000000004,24.699342371541725,1,1,0,0,0,32.0,32.0,32.0,1.0,1.0,0.0,0.0,1,0,0.0,0.0,0.0,1.0,0.0,1.0,0.0,0.0,1.0,0.0,2,0,2022,10,24,0,0,1,0,1,1,1,LEVE,0
5,2,13,0,4,0,-6.480815578994556,-79.66632859822731,0,4,7,1,2,2,2,0,6543.555,2.0,4,4,1.0,14,33,1198.0,0.4223480801354451,69.21333797191475,54.90787428957437,6.076241918149045,654.7580359381622,22806.316916488224,3459.691,515.0619999999999,689.7280000000001,2254.901,703.3549999999999,2756.336,20.329994788551925,2,2,1,0,0,43.0,43.0,43.0,1.0,0.0,0.0,0.0,2,0,0.0,0.0,0.0,1.0,1.0,1.0,0.0,1.0,1.0,0.0,21,2,2021,6,13,6,1,0,0,1,0,1,LEVE,0
1,1,14,2,4,1,-12.197079968597212,-76.973293745685,0,0,7,1,2,2,2,0,6639.975,2.0,2,0,1.0,9,31,1616.0,0.7583553928164398,79.82595632107274,76.7651270103073,11.46351379457763,1662.7771470294065,333655.3618843683,7626.313,1683.4029999999998,1599.0829999999996,4343.827000000001,1814.875,5811.438000000001,23.797541485643197,2,1,0,1,0,33.0,33.0,33.0,1.0,0.0,0.0,0.0,1,0,0.0,0.0,0.0,0.0,0.0,0.0,1.0,1.0,0.0,1.0,23,2,2024,9,1,6,1,0,0,1,0,1,LEVE,0
1,1,1,2,4,1,-9.3653672259614,-77.59391386761,0,4,7,1,2,0,1,6,9936.932,2.0,2,0,1.0,9,32,3830.0,0.3997603103606756,78.70986975169444,56.77080284587712,5.847527527015103,472.3205083661294,3231.338329764454,10767.648,1885.0630000000003,1222.721,7659.864000000001,2100.343,8667.305000000002,19.506051832303577,2,1,1,1,0,25.0,25.0,25.0,1.0,0.0,0.0,0.0,1,1,1.0,0.0,0.0,0.0,0.0,0.0,0.0,0.0,0.0,1.0,17,3,2022,8,6,5,1,0,0,1,0,1,LEVE,0
0,1,20,0,4,1,-15.891885,-69.887601,0,4,7,1,2,2,2,4,7586.903,2.0,2,0,1.0,9,5,1198.0,0.3492776286092784,69.0024577433395,71.96566663107897,6.507478728969356,328.2181581851397,6084.453961456104,13642.312999999998,2020.7790000000005,2354.117,9267.416999999998,3314.0520000000006,10328.260999999997,24.29244952817019,2,1,0,1,0,24.0,24.0,24.0,1.0,0.0,0.0,0.0,1,0,0.0,0.0,0.0,1.0,0.0,0.0,1.0,0.0,0.0,0.0,23,2,2023,8,6,6,1,0,2,1,0,1,LEVE,0
6,1,7,2,4,1,-14.470243,-72.097836,0,4,7,1,1,2,2,2,1780.161,1.0,1,3,0.0,9,32,490.0,0.339323744940919,67.8567694463257,60.573677132379146,5.206321478431428,388.7128879370376,24527.03426124197,17779.13499998999,2097.3709999899997,2863.123,12818.640999999989,2878.713,14900.421999989989,16.19152450331032,6,1,0,1,4,42.0,42.0,42.0,1.0,0.0,0.0,0.0,1,0,0.0,0.0,1.0,0.0,0.0,0.0,1.0,0.0,1.0,0.0,3,0,2024,7,7,6,1,0,2,1,0,1,GRAVE_LESIONADOS,1
1,1,20,0,4,1,-16.172154,-69.536041,0,4,7,1,2,2,2,0,7586.903,2.0,2,0,1.0,9,5,1198.0,0.4020198374784472,77.80062735845667,75.295761294875,7.279851651626652,372.63390314535104,50686.62526766595,13642.312999999998,2020.7790000000005,2354.117,9267.416999999998,3314.0520000000006,10328.260999999997,24.29244952817019,2,1,1,1,0,37.0,33.0,40.0,0.0,0.0,0.0,0.0,1,1,1.0,0.0,0.0,0.0,0.0,0.0,0.0,0.0,0.0,1.0,20,2,2024,7,25,3,0,1,2,1,0,1,LEVE,0
0,1,7,2,4,1,-13.991498,-71.464515,0,4,0,1,2,1,1,2,7586.903,2.0,2,0,1.0,9,5,1198.0,0.3409107564841972,74.2782790389362,69.85088681249269,5.816184127144114,302.53841952167744,4833.456102783726,17779.13499998999,2097.3709999899997,2863.123,12818.640999999989,2878.713,14900.421999989989,16.19152450331032,2,1,0,1,0,39.0,39.0,39.0,1.0,0.0,0.0,1.0,1,0,0.0,0.0,0.0,1.0,0.0,1.0,0.0,0.0,0.0,0.0,7,1,2023,6,14,2,0,0,2,1,0,1,LEVE,0
6,1,12,0,4,1,-8.194049,-78.972105,0,4,7,1,2,2,2,0,6543.555,3.0,2,0,1.0,0,30,1475.0,0.5704872313485707,78.73040511828864,66.00991236238886,8.931371175352043,922.6441961800402,20630.58672376873,8931.828000000005,1335.5899999999997,1935.9830000000004,5660.255000000005,1219.309,7712.519000000005,13.651281686122925,3,1,0,0,2,56.0,56.0,56.0,1.0,0.0,0.0,0.0,1,0,0.0,1.0,0.0,0.0,0.0,0.0,1.0,0.0,0.0,0.0,11,1,2023,7,6,3,0,0,0,1,1,1,LEVE,0
3,2,12,0,4,1,-7.389810801077667,-79.55393808511957,0,4,7,1,2,2,2,2,6543.555,3.0,2,0,1.0,0,30,1475.0,0.5968586479601472,81.56479096531379,74.23398565025978,9.72444636404026,898.7633596995952,27553.955032119917,8931.828000000005,1335.5899999999997,1935.9830000000004,5660.255000000005,1219.309,7712.519000000005,13.651281686122925,3,2,0,0,1,40.5,34.0,47.0,1.0,0.0,0.0,0.0,2,0,0.0,0.0,0.0,1.0,1.0,1.0,0.0,0.0,1.0,0.0,19,2,2024,1,28,6,1,1,0,1,1,1,GRAVE_MORTALIDAD,2
10,1,20,0,4,0,-14.553848,-69.293572,0,4,7,1,7,2,2,2,6543.555,2.0,4,4,1.0,14,33,1198.0,0.3813130974637541,66.648279967634,74.70151078876437,5.964819754280236,455.6274842024125,1735.8265524625267,13642.312999999998,2020.7790000000005,2354.117,9267.416999999998,3314.0520000000006,10328.260999999997,24.29244952817019,1,1,0,0,0,18.0,18.0,18.0,1.0,1.0,0.0,0.0,1,0,0.0,0.0,0.0,1.0,1.0,0.0,0.0,1.0,1.0,1.0,22,2,2023,7,12,2,0,0,2,1,0,1,LEVE,0
0,1,14,2,4,1,-11.922594714804791,-76.67870565105193,0,0,0,0,2,0,1,0,875.67,2.0,2,0,1.0,3,14,156.0,0.6831952456039544,78.60873873772867,74.49000793376607,10.00420210847705,1376.0472418044385,255143.7301927195,7626.313,1683.4029999999998,1599.0829999999996,4343.827000000001,1814.875,5811.438000000001,23.797541485643197,2,1,0,1,0,61.0,61.0,61.0,1.0,0.0,0.0,0.0,1,0,0.0,1.0,0.0,0.0,0.0,0.0,1.0,0.0,0.0,0.0,12,3,2024,9,16,0,0,1,0,1,0,1,LEVE,0
5,1,24,2,4,1,-8.388407275047218,-74.5649867593487,0,0,1,1,4,2,2,2,1169.3919999999998,2.0,3,1,0.0,9,32,75.0,0.5478371208327225,74.17370407104559,60.31222796205821,9.40140543765922,905.3304073844272,113671.11777301929,2689.139,392.697,1311.5319999999997,984.91,261.598,2427.541,9.727946379863592,3,3,0,0,0,66.0,63.0,69.0,1.0,1.0,0.0,0.0,3,1,1.0,0.0,1.0,1.0,1.0,0.0,0.0,1.0,1.0,1.0,12,3,2024,7,8,0,0,0,1,1,0,1,LEVE,0
5,1,19,0,4,1,-4.845828788121268,-80.88498466459286,0,4,7,1,2,2,2,0,6543.555,3.0,2,0,1.0,0,30,1475.0,0.5025299574090488,79.01836286278046,64.36359193150619,6.446953315269822,792.0987111400227,21809.66595289079,8965.846000060003,1782.4120000599992,636.9959999999999,6546.438000000004,2214.505000059999,6751.341000000004,24.699342371541725,2,2,1,0,0,33.0,33.0,33.0,1.0,0.0,0.0,0.0,2,1,1.0,0.0,0.0,1.0,1.0,0.0,0.0,1.0,1.0,1.0,21,2,2021,7,26,0,0,1,0,1,1,1,LEVE,0
0,1,11,0,4,1,-11.768112,-75.708467,0,4,7,1,2,1,0,4,7586.903,2.0,2,0,1.0,9,5,1198.0,0.4251232225344442,67.96139219838267,57.771003886361314,7.806740124502669,570.0619997002202,1564.1734475374733,12264.545,1826.4639999999995,1105.5389999999998,9332.542,1588.5359999999996,10676.009,12.952261987705208,2,1,0,1,0,26.0,26.0,26.0,1.0,0.0,0.0,1.0,1,0,0.0,0.0,0.0,1.0,0.0,1.0,0.0,0.0,0.0,0.0,12,3,2021,6,18,4,0,1,2,1,0,1,LEVE,0
0,1,12,2,4,1,-8.010899,-79.070726,0,0,0,1,2,2,2,4,6543.555,3.0,2,0,1.0,0,30,1475.0,0.583006771156836,78.2441938961209,62.24037484511178,8.807312392374042,1028.2282118265089,76607.295503212,8931.828000000005,1335.5899999999997,1935.9830000000004,5660.255000000005,1219.309,7712.519000000005,13.651281686122925,2,1,0,1,0,40.0,40.0,40.0,1.0,0.0,0.0,0.0,1,0,0.0,0.0,0.0,1.0,0.0,1.0,0.0,0.0,1.0,0.0,20,2,2023,5,18,3,0,1,0,1,1,1,LEVE,0
3,2,12,0,4,1,-7.797383,-79.139556,0,4,7,1,2,2,2,2,748.6850000000001,2.0,2,0,0.0,9,32,215.0,0.5721567587688113,77.67102283812494,66.21373667954742,8.464777379360486,978.4498488219192,15563.077087794432,8931.828000000005,1335.5899999999997,1935.9830000000004,5660.255000000005,1219.309,7712.519000000005,13.651281686122925,3,2,0,0,1,28.5,22.0,35.0,1.0,0.0,0.0,1.0,2,0,0.0,0.0,0.0,1.0,1.0,1.0,0.0,0.0,0.0,1.0,9,1,2021,8,29,6,1,1,0,1,0,1,LEVE,0
6,1,5,0,4,2,-6.278328,-79.018848,0,4,7,1,2,2,2,2,6543.555,2.0,4,4,1.0,14,33,1198.0,0.2742253135147108,74.59588535012482,53.76867024071715,4.3437245050742455,233.14797525309496,14725.552462526768,15935.565011852366,1733.9250000199986,935.692,13265.948011832368,2000.1670000199988,13935.398011832369,12.551591352627522,1,1,0,0,0,22.0,22.0,22.0,1.0,0.0,0.0,0.0,1,0,0.0,0.0,0.0,1.0,0.0,0.0,1.0,0.0,0.0,0.0,3,0,2025,5,25,6,1,1,2,1,0,1,LEVE,0
1,1,14,0,4,1,-12.235937,-76.956483,0,4,7,1,2,2,2,0,6639.975,2.0,2,0,1.0,9,31,1616.0,0.6990481232857558,80.14597904142546,74.3851677794309,10.004397644056358,1432.5044292531525,459161.0728051392,7626.313,1683.4029999999998,1599.0829999999996,4343.827000000001,1814.875,5811.438000000001,23.797541485643197,2,1,1,1,0,37.0,33.0,40.0,0.0,0.0,0.0,0.0,1,1,1.0,0.0,0.0,0.0,0.0,0.0,0.0,0.0,0.0,1.0,7,1,2023,6,4,6,1,0,0,1,0,1,LEVE,0
3,2,7,2,4,1,-13.45296,-72.3110282,0,3,7,1,2,1,1,2,7586.903,2.0,2,0,1.0,9,5,1198.0,0.2811173960891883,77.11100763906057,59.78223574586323,5.012239116376277,206.45731953948768,6402.226980728051,17779.13499998999,2097.3709999899997,2863.123,12818.640999999989,2878.713,14900.421999989989,16.19152450331032,3,2,0,0,1,35.5,20.0,51.0,1.0,0.0,0.0,0.0,2,0,0.0,0.0,0.0,1.0,1.0,0.0,1.0,0.0,0.0,0.0,9,1,2021,6,1,1,0,0,2,1,0,1,LEVE,0
3,1,3,2,2,4,-16.380383,-72.198597,0,3,1,1,2,1,1,0,6543.555,2.0,4,4,1.0,14,33,1198.0,0.6077843615696785,76.53072135400231,69.81276959706165,8.77367759087771,1135.5159013374655,74658.55888650964,10322.272,1495.236,1749.739,7077.2970000000005,2886.595,7435.677000000001,27.964725207783708,5,2,0,0,3,32.0,26.0,38.0,1.0,1.0,0.0,1.0,2,0,0.0,1.0,1.0,0.0,1.0,0.0,1.0,0.0,1.0,0.0,8,1,2025,4,5,5,1,0,0,1,0,1,GRAVE_LESIONADOS,1
0,1,14,2,4,1,-12.24078967457405,-76.94706750505482,0,2,7,1,2,2,2,0,6639.975,2.0,2,0,1.0,9,31,1616.0,0.6990481232857558,80.14597904142546,74.3851677794309,10.004397644056358,1432.5044292531525,459161.0728051392,7626.313,1683.4029999999998,1599.0829999999996,4343.827000000001,1814.875,5811.438000000001,23.797541485643197,2,1,0,1,0,29.0,29.0,29.0,1.0,0.0,0.0,0.0,1,0,0.0,0.0,0.0,1.0,0.0,1.0,0.0,0.0,1.0,0.0,5,0,2022,8,14,6,1,0,0,1,0,1,LEVE,0
0,1,14,2,4,1,-12.007427,-77.061738,0,2,7,1,2,2,2,4,6543.555,3.0,2,0,1.0,0,30,1475.0,0.758462599563312,80.5192231989937,79.20045639149897,11.33839041452458,1628.5661148492152,363987.54389721627,7626.313,1683.4029999999998,1599.0829999999996,4343.827000000001,1814.875,5811.438000000001,23.797541485643197,2,1,0,1,0,51.0,51.0,51.0,1.0,0.0,0.0,0.0,1,0,0.0,0.0,0.0,1.0,0.0,0.0,1.0,0.0,0.0,0.0,18,2,2021,4,26,0,0,1,0,1,1,1,LEVE,0
6,1,1,0,4,0,-9.66429274469711,-77.1989777849882,0,4,0,0,4,1,0,2,6543.555,2.0,4,4,1.0,14,33,1198.0,0.333316881053218,75.71786922929233,46.34855313297047,4.848323687373464,377.3533986443482,8332.717344753746,10767.648,1885.0630000000003,1222.721,7659.864000000001,2100.343,8667.305000000002,19.506051832303577,5,1,0,0,4,59.0,59.0,59.0,1.0,0.0,0.0,0.0,1,0,0.0,0.0,0.0,0.0,0.0,0.0,1.0,0.0,1.0,0.0,4,0,2023,2,7,1,0,0,0,1,0,1,GRAVE_LESIONADOS,1
3,3,20,0,4,1,-16.049958,-70.0086957,0,4,7,1,2,0,1,2,779.525,2.0,2,0,1.0,7,26,163.0,0.3279226888241855,68.17036545870775,72.54908010508095,6.085205709416528,293.1898870593515,5184.3083511777295,13642.312999999998,2020.7790000000005,2354.117,9267.416999999998,3314.0520000000006,10328.260999999997,24.29244952817019,5,3,0,0,2,38.333333333333336,25.0,52.0,1.0,0.0,0.0,0.0,3,0,0.0,1.0,0.0,1.0,0.0,1.0,1.0,0.0,1.0,0.0,21,2,2022,2,6,6,1,0,2,1,0,1,LEVE,0
6,1,7,0,4,0,-13.014916,-72.184,5,4,0,0,2,1,0,6,6543.555,2.0,4,4,1.0,14,33,1198.0,0.3075454831286949,70.5737366485961,59.00493258607295,5.92359781724217,263.0570262180925,5158.758029978587,17779.13499998999,2097.3709999899997,2863.123,12818.640999999989,2878.713,14900.421999989989,16.19152450331032,4,1,0,0,3,51.0,51.0,51.0,1.0,1.0,0.0,0.0,1,0,0.0,0.0,0.0,1.0,0.0,1.0,0.0,1.0,1.0,0.0,6,1,2021,1,15,4,0,1,2,1,0,1,GRAVE_LESIONADOS,1
1,1,14,2,2,4,-12.031580484526938,-76.93158047333715,0,0,7,1,2,1,0,0,6543.555,2.0,4,4,1.0,14,33,1198.0,0.6868549636939637,79.62363164345142,76.30894566128948,9.209137883551294,1425.4498631666322,684921.8484148846,7626.313,1683.4029999999998,1599.0829999999996,4343.827000000001,1814.875,5811.438000000001,23.797541485643197,2,1,1,1,0,37.0,33.0,40.0,0.0,0.0,0.0,0.0,1,1,1.0,0.0,0.0,0.0,0.0,0.0,0.0,0.0,0.0,1.0,8,1,2025,2,15,5,1,1,0,1,0,1,LEVE,0
6,1,14,0,4,1,-11.07249,-77.58434,0,4,7,1,2,2,2,0,6543.555,3.0,2,0,1.0,0,30,1475.0,0.6256541286888256,76.866876725279,74.48686395070398,9.794027812898843,1113.4562244631716,37972.95074946467,7626.313,1683.4029999999998,1599.0829999999996,4343.827000000001,1814.875,5811.438000000001,23.797541485643197,1,1,0,0,0,34.0,34.0,34.0,1.0,1.0,0.0,0.0,1,0,0.0,0.0,0.0,1.0,0.0,1.0,0.0,0.0,0.0,0.0,6,1,2022,7,24,6,1,1,0,1,1,1,LEVE,0
6,1,8,0,4,0,-12.778194,-74.989667,0,4,5,0,1,2,2,0,6543.555,2.0,4,4,1.0,14,33,1198.0,0.5870282334318047,75.85602218028772,69.97546910269057,9.505481875836823,989.7158122964548,13749.145610278374,8511.426,1445.3929999999996,2008.516,5057.516999999999,1879.579,6631.846999999998,22.08300935706896,1,1,0,0,0,25.0,25.0,25.0,1.0,1.0,0.0,1.0,1,0,0.0,0.0,0.0,1.0,0.0,1.0,0.0,0.0,1.0,0.0,9,1,2021,10,16,5,1,1,2,1,0,1,LEVE,0
6,1,9,0,4,1,-9.215974,-76.253808,2,4,0,1,2,2,2,2,2135.1760000000004,1.0,1,0,0.0,9,32,705.0,0.3946200460108442,71.7331306222984,47.621135174889496,5.973791633302898,554.8279726591455,25825.35117773019,8209.057,1333.4779999999996,791.9770000000001,6083.602,1059.8589999999997,7149.198,12.910849565303296,3,1,0,0,2,22.0,22.0,22.0,1.0,0.0,0.0,0.0,1,0,0.0,0.0,1.0,0.0,1.0,0.0,0.0,1.0,1.0,1.0,7,1,2022,8,7,6,1,0,2,1,0,1,GRAVE_MORTALIDAD,2
6,1,20,0,4,3,-15.685763,-70.128152,0,4,0,0,7,2,2,2,6543.555,2.0,4,4,1.0,14,33,1198.0,0.2854665786092111,68.20652818929607,60.093685673903856,6.4783911135975005,213.96417469515268,5194.406852248394,13642.312999999998,2020.7790000000005,2354.117,9267.416999999998,3314.0520000000006,10328.260999999997,24.29244952817019,1,1,0,0,0,57.0,57.0,57.0,1.0,1.0,0.0,0.0,1,0,0.0,0.0,0.0,1.0,1.0,0.0,0.0,1.0,0.0,1.0,1,0,2023,3,1,2,0,0,2,1,0,1,LEVE,0
3,1,20,0,4,1,-16.592826040394534,-69.07447273556632,0,4,7,1,2,2,2,2,1529.105,2.0,2,0,1.0,9,21,200.0,0.4241160460464029,74.28732425011668,75.63340579586843,8.070404038634907,431.1198673050291,28095.749464668093,13642.312999999998,2020.7790000000005,2354.117,9267.416999999998,3314.0520000000006,10328.260999999997,24.29244952817019,2,2,0,0,0,45.0,36.0,54.0,1.0,0.0,0.0,0.0,2,0,0.0,1.0,0.0,1.0,1.0,0.0,1.0,0.0,1.0,1.0,21,2,2022,8,22,0,0,1,2,1,0,1,LEVE,0
3,1,15,2,2,4,-3.7771768,-73.275805,6,5,6,2,6,2,2,0,6543.555,2.0,4,4,1.0,14,33,1198.0,0.578134350962316,72.90307998335238,55.49705098903474,10.509480811415798,1057.596132242517,149460.57173447538,1095.5949999999998,128.87099999999998,320.74700000000007,645.9769999999999,274.214,821.381,25.02877431897737,2,2,0,0,0,32.5,27.0,38.0,1.0,1.0,0.0,0.0,2,0,0.0,0.0,0.0,1.0,1.0,0.0,0.0,1.0,1.0,1.0,20,2,2023,5,24,2,0,1,1,1,0,1,LEVE,0
0,0,14,2,2,4,-12.06384,-77.021884,7,0,7,1,2,2,2,0,6543.555,2.0,4,4,1.0,14,33,1198.0,0.7141594849782824,79.90829932185413,74.79179886803175,10.522504814235935,1482.4793645077043,156887.87152034265,7626.313,1683.4029999999998,1599.0829999999996,4343.827000000001,1814.875,5811.438000000001,23.797541485643197,2,1,0,1,0,31.0,31.0,31.0,1.0,0.0,0.0,0.0,1,0,0.0,0.0,0.0,1.0,0.0,0.0,1.0,0.0,1.0,0.0,10,1,2021,8,5,3,0,0,0,1,0,1,LEVE,0
5,2,3,2,3,4,-16.397815544469076,-71.53264756050224,0,3,7,1,2,2,2,0,6543.555,2.0,4,4,1.0,14,33,1198.0,0.7621671359922388,78.82549845032362,81.65077117756084,13.192212326676357,1538.109987002949,42333.23340471092,10322.272,1495.236,1749.739,7077.2970000000005,2886.595,7435.677000000001,27.964725207783708,2,2,1,0,0,43.0,43.0,43.0,1.0,0.0,0.0,0.0,2,1,1.0,0.0,0.0,1.0,1.0,0.0,0.0,0.0,1.0,1.0,4,0,2022,3,13,6,1,0,0,1,0,1,LEVE,0
3,2,7,0,4,1,-14.349936641726169,-71.1777858914201,0,4,0,1,2,1,1,2,7586.903,2.0,2,0,1.0,9,5,1198.0,0.3688068892893833,76.47283450634272,62.25751908213611,5.9696521090432615,372.1207781777657,9957.021413276232,17779.13499998999,2097.3709999899997,2863.123,12818.640999999989,2878.713,14900.421999989989,16.19152450331032,9,2,0,0,7,41.5,34.0,49.0,1.0,0.0,0.0,1.0,2,0,0.0,1.0,0.0,1.0,0.0,1.0,1.0,0.0,0.0,0.0,17,3,2022,8,16,1,0,1,2,1,0,1,GRAVE_MORTALIDAD,2
6,1,9,0,4,0,-9.865217,-76.18641,0,4,0,0,1,2,2,2,6543.555,2.0,4,4,1.0,14,33,1198.0,0.5893214510137008,71.4447473575629,72.32337284612903,10.150837002819635,1034.3742395251222,93514.90364025696,8209.057,1333.4779999999996,791.9770000000001,6083.602,1059.8589999999997,7149.198,12.910849565303296,3,1,0,0,2,21.0,21.0,21.0,1.0,1.0,0.0,1.0,1,0,0.0,0.0,1.0,0.0,1.0,0.0,0.0,0.0,1.0,0.0,4,0,2021,7,26,0,0,1,2,1,0,1,GRAVE_MORTALIDAD,2
6,1,14,2,2,4,-12.147633905434658,-76.98657473392949,0,0,7,1,2,2,2,2,6543.555,2.0,4,4,1.0,14,33,1198.0,0.8017574897902351,80.48487267736287,78.74302427848284,13.156716040468266,1766.1488062170545,359776.608137045,7626.313,1683.4029999999998,1599.0829999999996,4343.827000000001,1814.875,5811.438000000001,23.797541485643197,1,1,0,0,0,30.0,30.0,30.0,1.0,1.0,0.0,0.0,1,0,0.0,0.0,0.0,1.0,1.0,0.0,0.0,0.0,1.0,0.0,23,2,2023,4,8,5,1,0,0,1,0,1,LEVE,0
1,1,20,0,4,1,-16.19617,-69.523736,6,5,6,2,6,2,2,4,7586.903,2.0,2,0,1.0,9,5,1198.0,0.4138545322335047,72.42365757071663,75.18782800461412,7.422478928805024,440.156451811849,19964.802997858675,13642.312999999998,2020.7790000000005,2354.117,9267.416999999998,3314.0520000000006,10328.260999999997,24.29244952817019,2,1,1,1,0,37.0,33.0,40.0,0.0,0.0,0.0,0.0,1,1,1.0,0.0,0.0,0.0,0.0,0.0,0.0,0.0,0.0,1.0,21,2,2024,12,7,5,1,0,2,1,0,1,LEVE,0
6,1,12,0,4,2,-8.0326868432,-78.7963548628,0,4,7,1,7,2,2,0,6543.555,2.0,4,4,1.0,14,33,1198.0,0.4479863437982818,78.23688749367776,52.08375947486971,6.220725749508742,655.2918384838929,2524.458244111349,8931.828000000005,1335.5899999999997,1935.9830000000004,5660.255000000005,1219.309,7712.519000000005,13.651281686122925,4,1,0,0,3,54.0,54.0,54.0,1.0,1.0,0.0,0.0,1,0,0.0,0.0,0.0,1.0,1.0,0.0,0.0,0.0,0.0,0.0,20,2,2025,2,10,0,0,0,0,1,0,1,LEVE,0
6,1,11,0,4,1,-11.022674418229409,-75.31631646869266,0,4,7,1,2,2,2,0,600.0300000000001,2.0,2,0,0.0,9,8,178.0,0.587430624814192,75.05837214886559,65.27778442559935,9.160286843623986,1064.616047731197,24595.453961456104,12264.545,1826.4639999999995,1105.5389999999998,9332.542,1588.5359999999996,10676.009,12.952261987705208,1,1,0,0,0,38.0,38.0,38.0,1.0,0.0,0.0,1.0,1,0,0.0,0.0,0.0,1.0,0.0,1.0,0.0,1.0,1.0,0.0,13,3,2021,9,13,0,0,0,2,1,0,1,LEVE,0
6,1,22,0,4,1,-17.4667790645833,-70.0345603030153,0,4,7,0,2,2,2,2,1139.285,1.0,1,3,0.0,9,32,176.0,0.479144354938278,77.10269572406608,76.83021049540254,8.144639641847931,567.9442590994697,3239.852248394004,2650.572,630.6729999999998,487.3610000000001,1532.5379999999998,1068.7019999999998,1581.87,40.31967439480987,3,1,0,0,2,37.0,37.0,37.0,1.0,0.0,0.0,0.0,1,0,0.0,0.0,0.0,0.0,0.0,1.0,0.0,0.0,0.0,0.0,6,1,2021,1,11,0,0,0,0,1,0,1,LEVE,0
0,1,7,2,4,2,-13.55073574501743,-71.89623168881086,0,2,0,1,7,2,2,0,6543.555,2.0,4,4,1.0,14,33,1198.0,0.6549025615332805,78.59637500870319,78.62696287300767,10.432612491698492,1156.1148957567648,59698.74304068524,17779.13499998999,2097.3709999899997,2863.123,12818.640999999989,2878.713,14900.421999989989,16.19152450331032,2,1,0,1,0,63.0,63.0,63.0,1.0,0.0,0.0,0.0,1,0,0.0,1.0,0.0,0.0,0.0,0.0,1.0,0.0,0.0,0.0,18,2,2022,9,26,0,0,1,2,1,0,1,LEVE,0
10,1,3,0,4,2,-16.610207,-72.715164,0,4,7,1,2,2,2,0,6543.555,2.0,4,4,1.0,14,33,1198.0,0.6438160463426852,84.71218617950387,69.3595667037428,8.966372569949256,1152.2024707992498,16526.967880085653,10322.272,1495.236,1749.739,7077.2970000000005,2886.595,7435.677000000001,27.964725207783708,1,1,0,0,0,37.0,33.0,40.0,1.0,0.0,0.0,0.0,1,0,0.0,0.0,0.0,1.0,1.0,0.0,0.0,1.0,1.0,0.0,17,3,2021,2,19,4,0,1,0,1,0,1,LEVE,0
3,1,14,2,2,4,-11.937625632516268,-77.07126170396806,0,3,1,1,2,2,2,0,6543.555,2.0,4,4,1.0,14,33,1198.0,0.7218926988400113,80.0902077245261,77.9581888264889,10.971588327733102,1458.3206086290393,530000.3426124197,7626.313,1683.4029999999998,1599.0829999999996,4343.827000000001,1814.875,5811.438000000001,23.797541485643197,2,2,0,0,0,46.5,32.0,61.0,1.0,0.0,1.0,1.0,2,0,0.0,1.0,0.0,1.0,1.0,0.0,1.0,0.0,1.0,1.0,7,1,2021,2,1,0,0,0,0,1,0,1,LEVE,0