CLASE SINIESTRO,CANTIDAD DE VEHICULOS DAÑADOS,DEPARTAMENTO,ZONA,TIPO DE VÍA,RED VIAL,COORDENADAS LATITUD,COORDENADAS  LONGITUD,CONDICIÓN CLIMÁTICA,ZONIFICACIÓN,CARACTERÍSTICAS DE VÍA,PERFIL LONGITUDINAL VÍA,SUPERFICIE DE CALZADA,¿EXISTE SEÑAL VERTICAL?,¿EXISTE SEÑAL HORIZONTAL?,CAUSA FACTOR PRINCIPAL,MTC_RVN_LONGITUD_KM,MTC_RVN_N_CARRILES_MEDIANA,MTC_RVN_SUPERFICIE_DOMINANTE,MTC_RVN_ESTADO_DOMINANTE,MTC_RVN_ES_CONCESIONADA,MTC_RVN_CONCESION_PRINCIPAL,MTC_RVN_CORREDOR_LOGISTICO,MTC_RVN_N_TRAMOS,IDH_2019,IDH_ESP_VIDA_2019,IDH_EDUC_SECUND_PCT_2019,IDH_ANIOS_EDUC_2019,IDH_INGRESO_PERCAP_2019,IDH_POBLACION_2019,MTC_DEP_RED_TOTAL_KM,MTC_DEP_NACIONAL_TOTAL_KM,MTC_DEP_DEPARTAMENTAL_TOTAL_KM,MTC_DEP_VECINAL_TOTAL_KM,MTC_DEP_PAV_TOTAL_KM,MTC_DEP_NO_PAV_TOTAL_KM,MTC_DEP_PCT_PAVIMENTADA,PER_TOTAL_PERSONAS,PER_N_CONDUCTORES,PER_N_CONDUCTORES_FUGADOS,PER_N_PEATONES,PER_N_PASAJEROS_OCUPANTES,PER_EDAD_COND_PROM,PER_EDAD_COND_MIN,PER_EDAD_COND_MAX,PER_ANY_COND_MASCULINO,PER_ANY_LIC_PROBLEMA,PER_ANY_DOSAJE_POS,PER_ANY_DOSAJE_EVALUADO,VEH_TOTAL,VEH_N_FUGADOS,VEH_ANY_FUGADO,VEH_ANY_CARGA,VEH_ANY_PUBLICO,VEH_ANY_PARTICULAR,VEH_ANY_MOTO,VEH_ANY_AUTO,VEH_ANY_CAMION_BUS,VEH_ANY_SOAT_PROBLEMA,VEH_ANY_CITV_PROBLEMA,VEH_ANY_SEGURO_PROBLEMA,HORA_NUM,FRANJA_HORARIA,ANIO,MES,DIA_MES,DIA_SEMANA,ES_FIN_SEMANA,ES_QUINCENA,REGION_NATURAL,TIENE_SEÑALIZACION,ES_VIA_MULTICARRIL,ES_DEPTO_BAJO_PAVIMENTO,CATEGORIA_SEVERIDAD,CATEGORIA_SEVERIDAD_ENC
0,1,12,0,4,1,-8.362982,-78.871678,0,4,7,1,2,2,2,4,6543.555,3.0,2,0,1.0,0,30,1475.0,0.5051395598219868,77.13285387085847,51.52067479184955,6.715328807318118,900.900383457586,67612.41755888652,8931.828000000005,1335.5899999999997,1935.9830000000004,5660.255000000005,1219.309,7712.519000000005,13.651281686122925,2,1,0,1,0,57.0,57.0,57.0,1.0,0.0,0.0,0.0,1,0,0.0,0.0,0.0,1.0,0.0,1.0,0.0,0.0,0.0,0.0,19,2,2022,7,28,3,0,1,0,1,1,1,LEVE,0
6,1,14,2,6,4,-12.11164265,-76.97831698,0,3,0,1,2,2,2,0,6543.555,2.0,4,4,1.0,14,33,1198.0,0.8017574897902351,80.48487267736287,78.74302427848284,13.156716040468266,1766.1488062170545,359776.608137045,7626.313,1683.4029999999998,1599.0829999999996,4343.827000000001,1814.875,5811.438000000001,23.797541485643197,1,1,0,0,0,26.0,26.0,26.0,1.0,0.0,0.0,0.0,1,0,0.0,0.0,0.0,1.0,1.0,0.0,0.0,0.0,1.0,0.0,5,0,2023,12,25,0,0,1,0,1,0,1,LEVE,0
3,1,14,2,2,4,-12.069580184148702,-77.08203696851281,0,0,7,1,2,2,2,2,6543.555,2.0,4,4,1.0,14,33,1198.0,0.8224006497057281,80.32617651391924,76.66408959706945,12.77635923087604,1966.554093175902,146885.81156316918,7626.313,1683.4029999999998,1599.0829999999996,4343.827000000001,1814.875,5811.438000000001,23.797541485643197,2,2,0,0,0,55.5,33.0,78.0,1.0,1.0,0.0,0.0,2,0,0.0,0.0,0.0,1.0,1.0,1.0,0.0,0.0,1.0,0.0,8,1,2024,1,10,2,0,0,0,1,0,1,LEVE,0
6,1,19,2,2,4,-5.180545,-80.631048,0,4,7,1,1,2,2,0,6543.555,2.0,4,4,1.0,14,33,1198.0,0.6582040223794163,78.74105515718446,77.3206684883171,11.334167841567446,1124.177237253568,178905.3426124197,8965.846000060003,1782.4120000599992,636.9959999999999,6546.438000000004,2214.505000059999,6751.341000000004,24.699342371541725,1,1,0,0,0,38.0,38.0,38.0,1.0,0.0,1.0,1.0,1,0,0.0,0.0,0.0,1.0,1.0,0.0,0.0,1.0,1.0,1.0,23,2,2022,10,13,3,0,0,0,1,0,1,LEVE,0
6,1,0,0,6,4,-6.308780146917162,-77.89786413559592,0,4,1,0,1,2,2,0,6543.555,2.0,4,4,1.0,14,33,1198.0,0.3242953075464235,76.45234932351796,39.631719909082726,4.146043813067061,418.12422320150586,671.4346895074947,3903.732,1155.121,585.018,2163.5930000000003,943.591,2960.1410000000005,24.17151074920102,2,1,0,1,0,41.0,41.0,41.0,1.0,0.0,0.0,0.0,1,0,0.0,0.0,0.0,1.0,0.0,1.0,0.0,0.0,0.0,0.0,18,2,2021,4,25,6,1,1,1,1,0,1,LEVE,0
10,1,7,0,4,1,-14.5544600132645,-71.9203460256972,0,4,7,1,1,2,2,2,1780.161,1.0,1,3,0.0,9,32,490.0,0.4670263153502933,65.5237709552973,70.61273193256336,7.074467358088314,760.9316629253258,9065.880085653103,17779.13499998999,2097.3709999899997,2863.123,12818.640999999989,2878.713,14900.421999989989,16.19152450331032,2,1,0,0,1,19.0,19.0,19.0,1.0,1.0,0.0,0.0,1,0,0.0,0.0,0.0,1.0,1.0,0.0,0.0,1.0,1.0,1.0,20,2,2025,4,13,6,1,0,2,1,0,1,GRAVE_MORTALIDAD,2
3,2,19,0,4,0,-5.080388,-80.595817,0,4,7,1,2,2,2,0,6543.555,2.0,4,4,1.0,14,33,1198.0,0.6220812987247925,80.20155828147696,72.71675503872983,10.02377668600292,1028.915688621886,159840.92719486082,8965.846000060003,1782.4120000599992,636.9959999999999,6546.438000000004,2214.505000059999,6751.341000000004,24.699342371541725,2,2,0,0,0,28.0,28.0,28.0,1.0,0.0,0.0,0.0,2,0,0.0,0.0,0.0,1.0,0.0,0.0,1.0,0.0,1.0,1.0,18,2,2021,5,25,1,0,1,0,1,0,1,LEVE,0
7,1,7,0,4,0,-13.3700266,-72.2351484,0,4,0,1,7,2,2,5,6543.555,2.0,4,4,1.0,14,33,1198.0,0.3348371658521636,78.42846227006076,53.51947276655214,5.306039402438105,320.875102720464,4926.6017130620985,17779.13499998999,2097.3709999899997,2863.123,12818.640999999989,2878.713,14900.421999989989,16.19152450331032,3,1,0,0,2,31.0,31.0,31.0,1.0,1.0,0.0,0.0,1,0,0.0,0.0,0.0,1.0,1.0,0.0,0.0,1.0,0.0,1.0,11,1,2023,5,10,2,0,0,2,1,0,1,LEVE,0
0,1,14,2,4,1,-12.0383608480097,-77.01420469483864,0,3,7,1,2,2,2,0,6543.555,3.0,2,0,1.0,0,30,1475.0,0.7300036506368504,80.21724456394445,75.11639588359114,10.636845733066124,1559.041185521695,156759.78800856532,7626.313,1683.4029999999998,1599.0829999999996,4343.827000000001,1814.875,5811.438000000001,23.797541485643197,3,1,0,2,0,59.0,59.0,59.0,1.0,0.0,0.0,0.0,1,0,0.0,1.0,0.0,0.0,0.0,0.0,1.0,0.0,0.0,0.0,4,0,2024,8,6,1,0,0,0,1,1,1,GRAVE_MORTALIDAD,2
3,2,3,0,4,1,-16.415234,-71.640274,7,4,7,1,2,2,2,0,1504.4250000000002,2.0,2,0,1.0,7,25,241.0,0.6689013265491138,80.68275010974979,77.5560025217936,10.466309714908672,1190.454984819332,14385.036402569593,10322.272,1495.236,1749.739,7077.2970000000005,2886.595,7435.677000000001,27.964725207783708,2,2,0,0,0,41.0,25.0,57.0,1.0,0.0,0.0,0.0,2,0,0.0,1.0,0.0,1.0,1.0,0.0,1.0,0.0,0.0,0.0,22,2,2024,3,24,6,1,1,0,1,0,1,LEVE,0
0,1,12,0,4,1,-8.016863,-79.073086,0,4,7,1,2,2,2,4,6543.555,3.0,2,0,1.0,0,30,1475.0,0.583006771156836,78.2441938961209,62.24037484511178,8.807312392374042,1028.2282118265089,76607.295503212,8931.828000000005,1335.5899999999997,1935.9830000000004,5660.255000000005,1219.309,7712.519000000005,13.651281686122925,2,1,0,1,0,61.0,61.0,61.0,1.0,0.0,0.0,1.0,1,0,0.0,0.0,0.0,1.0,0.0,0.0,1.0,0.0,0.0,0.0,23,2,2022,5,29,6,1,1,0,1,1,1,LEVE,0
0,1,12,0,4,1,-8.003335366008683,-79.07130712635922,0,4,7,1,2,2,2,4,6543.555,3.0,2,0,1.0,0,30,1475.0,0.583006771156836,78.2441938961209,62.24037484511178,8.807312392374042,1028.2282118265089,76607.295503212,8931.828000000005,1335.5899999999997,1935.9830000000004,5660.255000000005,1219.309,7712.519000000005,13.651281686122925,2,1,0,1,0,29.0,29.0,29.0,1.0,0.0,0.0,0.0,1,0,0.0,0.0,0.0,1.0,1.0,0.0,0.0,0.0,0.0,0.0,3,0,2022,4,14,3,0,0,0,1,1,1,LEVE,0
3,1,14,2,4,1,-11.848831718451336,-77.09444039299724,0,0,7,1,2,2,2,2,6543.555,3.0,2,0,1.0,0,30,1475.0,0.6632628912836565,79.15155564666024,73.19223743118206,9.629669813837666,1289.452647666346,383699.2119914347,7626.313,1683.4029999999998,1599.0829999999996,4343.827000000001,1814.875,5811.438000000001,23.797541485643197,2,2,0,0,0,38.0,29.0,47.0,1.0,0.0,0.0,0.0,2,0,0.0,0.0,0.0,1.0,1.0,0.0,1.0,0.0,0.0,0.0,10,1,2024,4,8,0,0,0,0,1,1,1,LEVE,0
3,1,14,2,2,4,-12.06591763587288,-77.0289471205931,0,0,1,1,2,0,1,2,6543.555,2.0,4,4,1.0,14,33,1198.0,0.7141594849782824,79.90829932185413,74.79179886803175,10.522504814235935,1482.4793645077043,156887.87152034265,7626.313,1683.4029999999998,1599.0829999999996,4343.827000000001,1814.875,5811.438000000001,23.797541485643197,2,2,0,0,0,58.0,48.0,68.0,1.0,0.0,0.0,0.0,2,0,0.0,0.0,1.0,1.0,0.0,0.0,1.0,0.0,0.0,1.0,16,3,2023,8,9,2,0,0,0,1,0,1,LEVE,0
6,1,7,0,4,0,-14.446861,-72.075056,0,4,7,1,1,2,2,2,6543.555,2.0,4,4,1.0,14,33,1198.0,0.339323744940919,67.8567694463257,60.573677132379146,5.206321478431428,388.7128879370376,24527.03426124197,17779.13499998999,2097.3709999899997,2863.123,12818.640999999989,2878.713,14900.421999989989,16.19152450331032,1,1,0,0,0,54.0,54.0,54.0,1.0,1.0,0.0,1.0,1,0,0.0,0.0,0.0,1.0,1.0,0.0,0.0,1.0,1.0,1.0,21,2,2025,5,13,1,0,0,2,1,0,1,LEVE,0
3,2,20,0,4,0,-16.264004036685165,-69.16516896929004,0,4,7,1,2,2,2,2,6543.555,2.0,4,4,1.0,14,33,1198.0,0.4165447461855686,74.77127585660097,73.32833413464006,6.399479128468322,475.6850527085419,23516.528907922908,13642.312999999998,2020.7790000000005,2354.117,9267.416999999998,3314.0520000000006,10328.260999999997,24.29244952817019,2,2,0,0,0,55.0,29.0,81.0,1.0,1.0,0.0,0.0,2,0,0.0,0.0,1.0,1.0,1.0,0.0,1.0,0.0,0.0,1.0,7,1,2024,3,23,5,1,1,2,1,0,1,LEVE,0
0,1,9,2,2,4,-9.938782,-76.244047,0,0,7,1,2,2,2,2,6543.555,2.0,4,4,1.0,14,33,1198.0,0.6180444460983137,74.03039022888252,77.03642562714263,10.109576076622472,1095.6415212894094,74635.5374732334,8209.057,1333.4779999999996,791.9770000000001,6083.602,1059.8589999999997,7149.198,12.910849565303296,2,1,1,1,0,26.0,26.0,26.0,1.0,0.0,1.0,1.0,1,0,0.0,0.0,0.0,1.0,0.0,1.0,0.0,1.0,1.0,0.0,7,1,2021,4,3,5,1,0,2,1,0,1,LEVE,0
4,1,20,0,4,1,-15.6968927,-70.0677829,6,5,6,2,6,2,2,0,7586.903,2.0,2,0,1.0,9,5,1198.0,0.3204026151964153,69.29426309416309,70.2364823564305,6.371809812333516,265.9551058733816,4850.546038543897,13642.312999999998,2020.7790000000005,2354.117,9267.416999999998,3314.0520000000006,10328.260999999997,24.29244952817019,1,1,0,0,0,35.0,35.0,35.0,1.0,0.0,0.0,0.0,1,0,0.0,0.0,0.0,1.0,0.0,0.0,1.0,0.0,0.0,0.0,22,2,2024,10,19,5,1,1,2,1,0,1,LEVE,0
3,1,20,2,6,4,-16.08237752921327,-69.64474255723714,0,0,7,1,2,2,2,2,6543.555,2.0,4,4,1.0,14,33,1198.0,0.4020198374784472,77.80062735845667,75.295761294875,7.279851651626652,372.63390314535104,50686.62526766595,13642.312999999998,2020.7790000000005,2354.117,9267.416999999998,3314.0520000000006,10328.260999999997,24.29244952817019,2,2,0,0,0,45.0,45.0,45.0,1.0,0.0,0.0,0.0,2,0,0.0,0.0,1.0,1.0,1.0,0.0,1.0,0.0,0.0,0.0,4,0,2021,11,1,0,0,0,2,1,0,1,LEVE,0
0,0,23,0,4,1,-3.684780265894736,-80.68891524247249,7,4,7,1,2,2,2,4,6543.555,3.0,2,0,1.0,0,30,1475.0,0.568342833663152,74.37886913017682,68.79116494388956,9.025058202905662,964.4271707185276,11360.244111349037,1009.101,138.47399999999996,287.471,583.156,276.972,732.129,27.447401201663663,2,1,0,1,0,38.0,38.0,38.0,1.0,0.0,0.0,1.0,1,0,0.0,1.0,0.0,0.0,0.0,0.0,1.0,0.0,0.0,0.0,10,1,2022,5,16,0,0,1,0,1,1,1,LEVE,0
0,1,7,0,2,4,-13.32366325201,-71.9494667469638,0,4,7,0,2,2,2,4,6543.555,2.0,4,4,1.0,14,33,1198.0,0.4562958894633943,70.99144093489087,58.8848672914879,7.768452023359112,649.1045217688833,23833.353319057816,17779.13499998999,2097.3709999899997,2863.123,12818.640999999989,2878.713,14900.421999989989,16.19152450331032,2,1,0,1,0,32.0,32.0,32.0,0.0,0.0,0.0,0.0,1,0,0.0,0.0,1.0,0.0,1.0,0.0,0.0,0.0,1.0,0.0,10,1,2025,8,10,6,1,0,2,1,0,1,LEVE,0
1,1,14,0,4,1,-11.0062,-77.61288,0,4,7,1,2,2,2,0,6543.555,3.0,2,0,1.0,0,30,1475.0,0.6058977644686256,75.86009868534626,65.24867654925505,8.328201694517173,1216.0018080234922,26242.524625267662,7626.313,1683.4029999999998,1599.0829999999996,4343.827000000001,1814.875,5811.438000000001,23.797541485643197,2,1,1,1,0,37.0,33.0,40.0,0.0,0.0,0.0,0.0,1,1,1.0,0.0,0.0,0.0,0.0,0.0,0.0,0.0,0.0,1.0,5,0,2024,7,14,6,1,0,0,1,1,1,LEVE,0
1,0,6,2,2,4,-12.0257457,-77.142149113,0,2,7,1,2,0,1,0,6543.555,2.0,4,4,1.0,14,33,1198.0,0.5563774842369664,77.00938809632027,69.10246351364754,8.476961866273152,914.8835608305218,27932.19700214133,51.58600000000001,44.68700000000001,6.899000000000001,0.0,49.838000000000015,1.748,96.61148373589734,2,1,1,1,0,37.0,33.0,40.0,0.0,0.0,0.0,0.0,1,1,1.0,0.0,0.0,0.0,0.0,0.0,0.0,0.0,0.0,1.0,4,0,2022,9,19,0,0,1,2,1,0,0,LEVE,0
3,2,12,0,4,2,-7.195012,-79.496807,0,4,7,1,2,2,2,2,6543.555,2.0,4,4,1.0,14,33,1198.0,0.5114727232493018,78.60606800160349,61.153108160372966,6.422343227671115,862.4189512831092,24701.19700214133,8931.828000000005,1335.5899999999997,1935.9830000000004,5660.255000000005,1219.309,7712.519000000005,13.651281686122925,4,2,0,0,2,35.0,25.0,45.0,1.0,0.0,0.0,0.0,2,0,0.0,0.0,1.0,0.0,1.0,0.0,0.0,0.0,0.0,0.0,18,2,2021,3,5,4,0,0,0,1,0,1,GRAVE_LESIONADOS,1
7,1,2,0,4,1,-13.687394201473383,-72.91617435322118,6,5,6,2,6,2,2,0,7586.903,2.0,2,0,1.0,9,5,1198.0,0.6003753883715995,73.99932572301547,78.86545032062752,10.589095367520342,969.9220485372762,57983.6573875803,8358.971,1282.451,1298.0969999999998,5778.423,1432.683,6926.288,17.139466089785454,3,1,0,0,2,23.0,23.0,23.0,1.0,0.0,0.0,0.0,1,0,0.0,0.0,0.0,0.0,0.0,1.0,0.0,0.0,0.0,0.0,6,1,2023,4,19,2,0,1,2,1,0,1,GRAVE_MORTALIDAD,2
3,2,13,2,4,1,-6.692028,-79.903736,0,2,7,1,2,2,2,0,6543.555,3.0,2,0,1.0,0,30,1475.0,0.5539280527450423,74.69452916859504,66.89728158703436,9.542777400516576,872.5509264417765,79617.09421841543,3459.691,515.0619999999999,689.7280000000001,2254.901,703.3549999999999,2756.336,20.329994788551925,2,2,0,0,0,28.5,23.0,34.0,1.0,1.0,0.0,1.0,2,0,0.0,1.0,0.0,1.0,1.0,0.0,1.0,0.0,1.0,0.0,22,2,2021,6,12,5,1,0,0,1,1,1,LEVE,0
0,1,7,0,4,1,-13.4767,-72.159212,5,4,7,1,2,2,2,4,7586.903,2.0,2,0,1.0,9,5,1198.0,0.4461630003962475,73.21502670801013,72.39928330950325,7.637017072327872,534.399353077353,18328.770877944324,17779.13499998999,2097.3709999899997,2863.123,12818.640999999989,2878.713,14900.421999989989,16.19152450331032,2,1,0,1,0,45.0,45.0,45.0,1.0,0.0,0.0,1.0,1,0,0.0,0.0,1.0,0.0,0.0,0.0,1.0,0.0,0.0,0.0,21,2,2021,11,3,2,0,0,2,1,0,1,LEVE,0
3,2,1,2,4,2,-9.29827300038366,-77.6300837337406,5,4,7,1,2,1,1,0,6543.555,2.0,4,4,1.0,14,33,1198.0,0.4417978785654807,76.31392662811923,65.39926158086051,5.973553738239588,601.902730052373,15832.591006423983,10767.648,1885.0630000000003,1222.721,7659.864000000001,2100.343,8667.305000000002,19.506051832303577,6,2,0,0,4,49.0,40.0,58.0,1.0,0.0,0.0,0.0,2,0,0.0,1.0,0.0,1.0,0.0,1.0,1.0,0.0,0.0,0.0,13,3,2023,6,8,3,0,0,0,1,0,1,GRAVE_LESIONADOS,1
3,1,23,0,4,1,-3.594363347555513,-80.4805451009477,0,4,7,1,2,0,0,2,6543.555,3.0,2,0,1.0,0,30,1475.0,0.5691277377037675,76.83860361118322,66.3560753457607,8.686409348773196,962.153294603348,23971.755888650965,1009.101,138.47399999999996,287.471,583.156,276.972,732.129,27.447401201663663,4,3,0,0,1,34.333333333333336,21.0,55.0,1.0,1.0,1.0,1.0,3,0,0.0,0.0,1.0,1.0,1.0,0.0,1.0,0.0,1.0,1.0,7,1,2025,7,24,3,0,1,0,0,1,1,LEVE,0
6,1,12,2,2,4,-8.117029,-79.032235,0,0,7,1,2,2,2,0,6543.555,2.0,4,4,1.0,14,33,1198.0,0.7151155191839451,79.57652607829836,77.25576500264712,11.809756866444314,1377.9438475528384,331253.00214132766,8931.828000000005,1335.5899999999997,1935.9830000000004,5660.255000000005,1219.309,7712.519000000005,13.651281686122925,1,1,0,0,0,37.0,37.0,37.0,1.0,1.0,0.0,0.0,1,0,0.0,0.0,0.0,1.0,1.0,0.0,0.0,0.0,0.0,0.0,4,0,2021,9,1,2,0,0,0,1,0,1,LEVE,0
0,1,5,2,3,4,-6.881412,-78.145238,0,0,7,1,7,2,2,0,6543.555,2.0,4,4,1.0,14,33,1198.0,0.4626426475820469,68.55306494378911,65.85969011943656,7.360220599067626,697.1780256934369,29011.38543897216,15935.565011852366,1733.9250000199986,935.692,13265.948011832368,2000.1670000199988,13935.398011832369,12.551591352627522,2,1,0,1,0,31.0,31.0,31.0,1.0,0.0,0.0,1.0,1,0,0.0,0.0,0.0,1.0,0.0,0.0,1.0,1.0,1.0,1.0,16,3,2025,3,22,5,1,1,2,1,0,1,LEVE,0
3,2,20,0,4,1,-16.134248643016267,-70.04472892880808,0,4,7,1,2,0,1,2,779.525,2.0,2,0,1.0,7,26,163.0,0.3279226888241855,68.17036545870775,72.54908010508095,6.085205709416528,293.1898870593515,5184.3083511777295,13642.312999999998,2020.7790000000005,2354.117,9267.416999999998,3314.0520000000006,10328.260999999997,24.29244952817019,2,2,0,0,0,60.0,53.0,67.0,1.0,1.0,0.0,0.0,2,0,0.0,0.0,1.0,1.0,1.0,0.0,1.0,0.0,1.0,1.0,18,2,2022,3,19,5,1,1,2,1,0,1,LEVE,0
3,2,10,0,4,1,-13.50844825,-76.18486274,0,4,7,1,2,2,2,2,205.54999999999995,-1.0,2,0,1.0,13,31,15.0,0.575108675542622,80.48751485041296,69.97733945104977,8.91411717811534,891.3032819289404,12460.550321199144,3721.461,698.1859999999996,744.866,2278.409,1102.9029999999996,2618.558,29.636290693359403,2,2,0,0,0,51.0,46.0,56.0,1.0,0.0,0.0,0.0,2,0,0.0,1.0,0.0,0.0,0.0,0.0,1.0,0.0,0.0,0.0,7,1,2022,12,6,1,0,0,0,1,0,1,LEVE,0
6,1,7,0,4,1,-15.051019,-71.12941,0,4,4,1,2,2,2,2,568.5409999999999,1.0,2,3,0.0,9,3,93.0,0.3491291336434085,68.34579473193322,63.63866309000273,4.984551874124405,419.36068685534286,1114.627408993576,17779.13499998999,2097.3709999899997,2863.123,12818.640999999989,2878.713,14900.421999989989,16.19152450331032,1,1,0,0,0,28.0,28.0,28.0,1.0,0.0,0.0,0.0,1,0,0.0,0.0,0.0,1.0,1.0,0.0,0.0,0.0,0.0,0.0,20,2,2025,11,7,4,0,0,2,1,0,1,LEVE,0
1,0,20,0,4,1,-15.130574637961988,-70.21605306603558,0,4,7,1,2,2,2,5,1761.8050000000003,2.0,2,0,1.0,6,22,410.0,0.192208961369019,68.76766266610497,65.94920879656723,5.568539909379126,92.3572780511386,4011.042826552462,13642.312999999998,2020.7790000000005,2354.117,9267.416999999998,3314.0520000000006,10328.260999999997,24.29244952817019,2,1,1,1,0,37.0,33.0,40.0,0.0,0.0,0.0,0.0,1,1,1.0,0.0,0.0,0.0,0.0,0.0,0.0,0.0,0.0,1.0,23,2,2022,12,4,6,1,0,2,1,0,1,LEVE,0
3,2,14,2,2,4,-12.040577742625416,-76.9827142759373,0,0,1,1,2,2,2,0,6543.555,2.0,4,4,1.0,14,33,1198.0,0.7347309224519117,80.70014842215761,76.47981423089655,10.519505095866096,1571.8150981252256,229834.5310492505,7626.313,1683.4029999999998,1599.0829999999996,4343.827000000001,1814.875,5811.438000000001,23.797541485643197,2,2,0,0,0,56.0,54.0,58.0,1.0,0.0,0.0,0.0,2,0,0.0,0.0,1.0,0.0,1.0,1.0,0.0,1.0,1.0,0.0,18,2,2022,8,5,4,0,0,0,1,0,1,LEVE,0
0,1,10,0,4,1,-13.627379,-76.172521,0,4,7,1,2,2,2,0,205.54999999999995,-1.0,2,0,1.0,13,31,15.0,0.5723734005661165,76.14778354007997,72.53650205141851,9.107715991741182,922.4721268572972,24272.76659528908,3721.461,698.1859999999996,744.866,2278.409,1102.9029999999996,2618.558,29.636290693359403,2,1,0,1,0,41.0,41.0,41.0,1.0,0.0,0.0,1.0,1,0,0.0,0.0,0.0,1.0,0.0,1.0,0.0,0.0,0.0,0.0,20,2,2022,1,6,3,0,0,0,1,0,1,LEVE,0
3,2,11,0,4,2,-11.783337,-75.716934,0,4,7,1,2,2,2,0,6543.555,2.0,4,4,1.0,14,33,1198.0,0.4251232225344442,67.96139219838267,57.771003886361314,7.806740124502669,570.0619997002202,1564.1734475374733,12264.545,1826.4639999999995,1105.5389999999998,9332.542,1588.5359999999996,10676.009,12.952261987705208,2,2,0,0,0,36.0,21.0,51.0,1.0,0.0,0.0,0.0,2,0,0.0,0.0,0.0,1.0,1.0,1.0,0.0,0.0,1.0,0.0,16,3,2021,8,30,0,0,1,2,1,0,1,LEVE,0
3,4,20,2,4,1,-15.5248121,-70.1823854,0,4,7,1,2,2,2,2,1504.4250000000002,2.0,2,0,1.0,7,25,241.0,0.5759734352119,73.55929462493827,78.89306383943827,10.174966342239475,888.1716010638444,232834.39603082248,13642.312999999998,2020.7790000000005,2354.117,9267.416999999998,3314.0520000000006,10328.260999999997,24.29244952817019,11,4,0,0,7,36.0,22.0,56.0,1.0,0.0,0.0,1.0,4,0,0.0,1.0,0.0,1.0,0.0,1.0,1.0,1.0,1.0,1.0,10,1,2022,9,19,0,0,1,2,1,0,1,GRAVE_MORTALIDAD,2
2,1,14,2,2,4,-11.952685196045332,-77.05117847528525,0,1,1,1,2,1,1,0,6543.555,2.0,4,4,1.0,14,33,1198.0,0.7218926988400113,80.0902077245261,77.9581888264889,10.971588327733102,1458.3206086290393,530000.3426124197,7626.313,1683.4029999999998,1599.0829999999996,4343.827000000001,1814.875,5811.438000000001,23.797541485643197,2,1,0,0,1,39.0,39.0,39.0,1.0,0.0,0.0,0.0,1,0,0.0,0.0,1.0,0.0,0.0,0.0,1.0,0.0,1.0,0.0,22,2,2024,6,11,1,0,0,0,1,0,1,LEVE,0
3,1,14,2,2,4,-11.97644482,-77.00207644,0,0,7,1,2,2,2,2,6543.555,2.0,4,4,1.0,14,33,1198.0,0.701053025277506,79.62867561460851,73.1469484600971,10.064317505194426,1464.6926161541437,1150285.0494171206,7626.313,1683.4029999999998,1599.0829999999996,4343.827000000001,1814.875,5811.438000000001,23.797541485643197,3,2,0,0,1,48.5,46.0,51.0,1.0,1.0,0.0,0.0,2,0,0.0,0.0,1.0,1.0,1.0,0.0,1.0,0.0,1.0,1.0,16,3,2023,3,18,5,1,1,0,1,0,1,LEVE,0
6,1,14,2,2,4,-11.9358891128,-76.9593308809,0,3,7,1,2,2,2,2,6543.555,2.0,4,4,1.0,14,33,1198.0,0.701053025277506,79.62867561460851,73.1469484600971,10.064317505194426,1464.6926161541437,1150285.0494171206,7626.313,1683.4029999999998,1599.0829999999996,4343.827000000001,1814.875,5811.438000000001,23.797541485643197,4,1,0,2,1,45.0,45.0,45.0,1.0,0.0,0.0,0.0,1,0,0.0,1.0,0.0,0.0,0.0,0.0,1.0,0.0,0.0,0.0,11,1,2024,1,15,0,0,1,0,1,0,1,LEVE,0
6,1,10,0,4,1,-13.897395,-76.080437,4,4,7,1,2,1,1,0,6639.975,2.0,2,0,1.0,9,31,1616.0,0.6292184793170688,75.99906028374495,67.79982853272203,9.796858559039824,1204.177835421263,8492.554603854389,3721.461,698.1859999999996,744.866,2278.409,1102.9029999999996,2618.558,29.636290693359403,1,1,0,0,0,37.0,33.0,40.0,1.0,0.0,0.0,0.0,1,0,0.0,1.0,0.0,0.0,0.0,0.0,1.0,0.0,0.0,0.0,1,0,2022,6,2,3,0,0,0,1,0,1,LEVE,0
6,1,2,0,4,1,-13.68285491,-73.13079241,2,4,0,1,2,2,2,2,7586.903,2.0,2,0,1.0,9,5,1198.0,0.2839517282860025,77.85737304722083,62.75483969163876,3.9288863488445376,243.85288035830445,7665.13704496788,8358.971,1282.451,1298.0969999999998,5778.423,1432.683,6926.288,17.139466089785454,1,0,0,0,1,37.0,33.0,40.0,1.0,0.0,0.0,0.0,1,0,0.0,0.0,0.0,1.0,0.0,1.0,0.0,0.0,0.0,0.0,6,1,2024,9,15,6,1,1,2,1,0,1,LEVE,0
0,1,14,2,4,1,-12.01389364,-76.88334248,0,0,7,1,2,2,2,4,875.67,2.0,2,0,1.0,3,14,156.0,0.6868549636939637,79.62363164345142,76.30894566128948,9.209137883551294,1425.4498631666322,684921.8484148846,7626.313,1683.4029999999998,1599.0829999999996,4343.827000000001,1814.875,5811.438000000001,23.797541485643197,2,1,0,1,0,44.0,44.0,44.0,1.0,0.0,0.0,0.0,1,0,0.0,0.0,1.0,0.0,0.0,0.0,1.0,0.0,0.0,0.0,6,1,2023,1,28,5,1,1,0,1,0,1,LEVE,0
6,1,13,0,4,2,-6.7710257,-79.7874357,0,4,7,1,2,2,2,0,6543.555,2.0,4,4,1.0,14,33,1198.0,0.5620975674023033,82.12463805178847,66.61876166359768,8.699915557104742,843.1720684546592,25484.141327623125,3459.691,515.0619999999999,689.7280000000001,2254.901,703.3549999999999,2756.336,20.329994788551925,1,1,0,0,0,22.0,22.0,22.0,1.0,0.0,0.0,0.0,1,0,0.0,0.0,0.0,1.0,1.0,0.0,0.0,1.0,0.0,1.0,20,2,2022,12,17,5,1,1,0,1,0,1,LEVE,0
6,3,5,2,2,4,-7.17375,-78.504243,0,0,7,1,2,2,2,2,6543.555,2.0,4,4,1.0,14,33,1198.0,0.6070175276741574,73.19224654097276,74.29530430690215,9.490386956642766,1117.141592366869,257380.9443254818,15935.565011852366,1733.9250000199986,935.692,13265.948011832368,2000.1670000199988,13935.398011832369,12.551591352627522,4,3,0,0,1,29.0,16.0,42.0,1.0,1.0,0.0,1.0,3,0,0.0,1.0,0.0,1.0,1.0,0.0,1.0,1.0,1.0,1.0,10,1,2025,7,12,5,1,0,2,1,0,1,LEVE,0
0,1,14,2,4,1,-11.872988,-77.06937683,0,0,5,1,2,2,2,0,6543.555,3.0,2,0,1.0,0,30,1475.0,0.6632628912836565,79.15155564666024,73.19223743118206,9.629669813837666,1289.452647666346,383699.2119914347,7626.313,1683.4029999999998,1599.0829999999996,4343.827000000001,1814.875,5811.438000000001,23.797541485643197,2,1,0,1,0,42.0,42.0,42.0,1.0,1.0,0.0,0.0,1,0,0.0,0.0,0.0,1.0,0.0,0.0,1.0,0.0,0.0,0.0,23,2,2022,8,30,1,0,1,0,1,1,1,LEVE,0
6,1,14,2,2,4,-11.87101077,-77.01986016,0,3,7,1,2,2,2,2,6543.555,2.0,4,4,1.0,14,33,1198.0,0.6498693508177541,78.84967382596041,74.11456675539837,9.21786785255454,1246.479589064551,356854.23554603854,7626.313,1683.4029999999998,1599.0829999999996,4343.827000000001,1814.875,5811.438000000001,23.797541485643197,1,1,0,0,0,33.0,33.0,33.0,1.0,1.0,0.0,0.0,1,0,0.0,0.0,0.0,1.0,1.0,0.0,0.0,0.0,0.0,0.0,3,0,2023,3,3,4,0,0,0,1,0,1,LEVE,0
10,1,14,0,4,1,-12.242372,-76.944312,0,4,7,1,2,2,2,0,6639.975,2.0,2,0,1.0,9,31,1616.0,0.6990481232857558,80.14597904142546,74.3851677794309,10.004397644056358,1432.5044292531525,459161.0728051392,7626.313,1683.4029999999998,1599.0829999999996,4343.827000000001,1814.875,5811.438000000001,23.797541485643197,2,1,0,0,1,65.0,65.0,65.0,1.0,0.0,0.0,0.0,1,0,0.0,0.0,0.0,1.0,1.0,0.0,0.0,0.0,1.0,0.0,13,3,2023,4,29,5,1,1,0,1,0,1,LEVE,0