CLASE SINIESTRO,CANTIDAD DE VEHICULOS DAÑADOS,DEPARTAMENTO,ZONA,TIPO DE VÍA,RED VIAL,COORDENADAS LATITUD,COORDENADAS  LONGITUD,CONDICIÓN CLIMÁTICA,ZONIFICACIÓN,CARACTERÍSTICAS DE VÍA,PERFIL LONGITUDINAL VÍA,SUPERFICIE DE CALZADA,¿EXISTE SEÑAL VERTICAL?,¿EXISTE SEÑAL HORIZONTAL?,CAUSA FACTOR PRINCIPAL,MTC_RVN_LONGITUD_KM,MTC_RVN_N_CARRILES_MEDIANA,MTC_RVN_SUPERFICIE_DOMINANTE,MTC_RVN_ESTADO_DOMINANTE,MTC_RVN_ES_CONCESIONADA,MTC_RVN_CONCESION_PRINCIPAL,MTC_RVN_CORREDOR_LOGISTICO,MTC_RVN_N_TRAMOS,IDH_2019,IDH_ESP_VIDA_2019,IDH_EDUC_SECUND_PCT_2019,IDH_ANIOS_EDUC_2019,IDH_INGRESO_PERCAP_2019,IDH_POBLACION_2019,MTC_DEP_RED_TOTAL_KM,MTC_DEP_NACIONAL_TOTAL_KM,MTC_DEP_DEPARTAMENTAL_TOTAL_KM,MTC_DEP_VECINAL_TOTAL_KM,MTC_DEP_PAV_TOTAL_KM,MTC_DEP_NO_PAV_TOTAL_KM,MTC_DEP_PCT_PAVIMENTADA,PER_TOTAL_PERSONAS,PER_N_CONDUCTORES,PER_N_CONDUCTORES_FUGADOS,PER_N_PEATONES,PER_N_PASAJEROS_OCUPANTES,PER_EDAD_COND_PROM,PER_EDAD_COND_MIN,PER_EDAD_COND_MAX,PER_ANY_COND_MASCULINO,PER_ANY_LIC_PROBLEMA,PER_ANY_DOSAJE_POS,PER_ANY_DOSAJE_EVALUADO,VEH_TOTAL,VEH_N_FUGADOS,VEH_ANY_FUGADO,VEH_ANY_CARGA,VEH_ANY_PUBLICO,VEH_ANY_PARTICULAR,VEH_ANY_MOTO,VEH_ANY_AUTO,VEH_ANY_CAMION_BUS,VEH_ANY_SOAT_PROBLEMA,VEH_ANY_CITV_PROBLEMA,VEH_ANY_SEGURO_PROBLEMA,HORA_NUM,FRANJA_HORARIA,ANIO,MES,DIA_MES,DIA_SEMANA,ES_FIN_SEMANA,ES_QUINCENA,REGION_NATURAL,TIENE_SEÑALIZACION,ES_VIA_MULTICARRIL,ES_DEPTO_BAJO_PAVIMENTO,CATEGORIA_SEVERIDAD,CATEGORIA_SEVERIDAD_ENC
3,3,20,0,4,1,-15.2779016,-70.2241947,0,4,7,1,2,1,1,2,1761.8050000000003,2.0,2,0,1.0,6,22,410.0,0.289549626938555,77.56938441814937,61.26176615135224,5.519427583790393,205.49658062526288,1447.8907922912204,13642.312999999998,2020.7790000000005,2354.117,9267.416999999998,3314.0520000000006,10328.260999999997,24.29244952817019,5,3,0,0,2,34.333333333333336,26.0,40.0,1.0,0.0,0.0,0.0,3,0,0.0,0.0,0.0,1.0,0.0,1.0,1.0,1.0,1.0,0.0,20,2,2021,2,27,5,1,1,2,1,0,1,GRAVE_LESIONADOS,1
0,1,14,2,2,4,-11.991702,-77.070611,0,0,7,1,2,2,2,2,6543.555,2.0,4,4,1.0,14,33,1198.0,0.758462599563312,80.5192231989937,79.20045639149897,11.33839041452458,1628.5661148492152,363987.54389721627,7626.313,1683.4029999999998,1599.0829999999996,4343.827000000001,1814.875,5811.438000000001,23.797541485643197,2,1,0,1,0,42.0,42.0,42.0,1.0,0.0,0.0,0.0,1,0,0.0,0.0,0.0,1.0,1.0,0.0,0.0,0.0,1.0,0.0,13,3,2021,1,23,5,1,1,0,1,0,1,LEVE,0
0,1,11,2,8,4,-12.104998,-75.189626,0,4,1,1,7,2,2,4,6543.555,2.0,4,4,1.0,14,33,1198.0,0.4928687519261139,71.44878444957367,71.38203536953866,8.536671990950516,690.1106839322879,26022.21199143469,12264.545,1826.4639999999995,1105.5389999999998,9332.542,1588.5359999999996,10676.009,12.952261987705208,3,1,0,2,0,28.0,28.0,28.0,1.0,0.0,0.0,1.0,1,0,0.0,1.0,0.0,0.0,0.0,0.0,1.0,0.0,0.0,0.0,12,3,2023,8,14,0,0,0,2,1,0,1,GRAVE_MORTALIDAD,2
3,2,10,0,4,1,-13.958563,-75.78566,0,4,7,1,2,2,2,0,6639.975,2.0,2,0,1.0,9,31,1616.0,0.6053164595604621,78.88848309050202,67.63954639531094,9.133324993872453,1064.9426147896202,27932.19700214133,3721.461,698.1859999999996,744.866,2278.409,1102.9029999999996,2618.558,29.636290693359403,3,2,0,0,1,36.0,30.0,42.0,1.0,0.0,0.0,0.0,2,0,0.0,0.0,1.0,1.0,1.0,0.0,1.0,0.0,0.0,0.0,4,0,2022,5,16,0,0,1,0,1,0,1,GRAVE_MORTALIDAD,2
6,1,3,0,4,1,-15.50136330555385,-71.05974279742226,5,4,7,1,2,0,1,0,568.5409999999999,1.0,2,3,0.0,9,3,93.0,0.469770063095885,81.27982348835346,51.76965101353756,5.826975220426941,746.0309965688718,1373.7301927194858,10322.272,1495.236,1749.739,7077.2970000000005,2886.595,7435.677000000001,27.964725207783708,4,1,0,0,3,24.0,24.0,24.0,1.0,0.0,0.0,0.0,1,0,0.0,0.0,0.0,1.0,0.0,1.0,0.0,0.0,0.0,0.0,15,3,2024,3,22,4,0,1,0,1,0,1,GRAVE_LESIONADOS,1
6,1,20,0,4,0,-16.28830931265595,-69.0744135791099,0,4,7,1,2,2,2,2,6543.555,2.0,4,4,1.0,14,33,1198.0,0.4165447461855686,74.77127585660097,73.32833413464006,6.399479128468322,475.6850527085419,23516.528907922908,13642.312999999998,2020.7790000000005,2354.117,9267.416999999998,3314.0520000000006,10328.260999999997,24.29244952817019,1,1,0,0,0,40.0,40.0,40.0,1.0,1.0,0.0,0.0,1,0,0.0,0.0,0.0,1.0,1.0,0.0,0.0,1.0,1.0,1.0,19,2,2023,1,1,6,1,0,2,1,0,1,LEVE,0
6,1,14,2,2,4,-12.102816601332831,-76.87711908836353,0,0,1,1,2,0,1,0,6543.555,2.0,4,4,1.0,14,33,1198.0,0.6463106547105882,77.51872248135703,70.89234783689217,9.27899743443454,1279.2302833246192,140977.61456102785,7626.313,1683.4029999999998,1599.0829999999996,4343.827000000001,1814.875,5811.438000000001,23.797541485643197,2,1,0,0,1,37.0,37.0,37.0,1.0,0.0,0.0,0.0,1,0,0.0,0.0,1.0,0.0,1.0,0.0,0.0,1.0,1.0,1.0,8,1,2025,3,24,0,0,1,0,1,0,1,LEVE,0
3,2,3,0,4,1,-16.426715,-72.260806,0,4,7,1,2,0,1,0,6639.975,2.0,2,0,1.0,9,31,1616.0,0.6077843615696785,76.53072135400231,69.81276959706165,8.77367759087771,1135.5159013374655,74658.55888650964,10322.272,1495.236,1749.739,7077.2970000000005,2886.595,7435.677000000001,27.964725207783708,3,2,0,0,1,21.0,16.0,26.0,1.0,1.0,0.0,0.0,2,0,0.0,1.0,0.0,1.0,1.0,0.0,1.0,0.0,1.0,0.0,16,3,2022,10,16,6,1,1,0,1,0,1,LEVE,0
3,1,7,1,4,1,-13.595443,-71.781486,6,5,6,2,6,2,2,0,7586.903,2.0,2,0,1.0,9,5,1198.0,0.5065580412535501,64.79370905469777,77.15417383818448,8.35812941450031,844.3117831870799,8658.316916488222,17779.13499998999,2097.3709999899997,2863.123,12818.640999999989,2878.713,14900.421999989989,16.19152450331032,7,2,0,0,5,31.5,17.0,46.0,1.0,1.0,0.0,0.0,2,0,0.0,0.0,0.0,1.0,0.0,1.0,1.0,0.0,0.0,0.0,23,2,2025,8,13,2,0,0,2,1,0,1,GRAVE_MORTALIDAD,2
6,1,14,2,2,4,-12.031772,-77.077474,0,0,1,1,2,2,2,5,6543.555,2.0,4,4,1.0,14,33,1198.0,0.7419979630670723,80.31822295927182,79.00446395716813,11.084203715652809,1554.6868971011318,739416.2413542903,7626.313,1683.4029999999998,1599.0829999999996,4343.827000000001,1814.875,5811.438000000001,23.797541485643197,1,1,0,0,0,29.0,29.0,29.0,1.0,0.0,0.0,0.0,1,0,0.0,0.0,0.0,1.0,1.0,0.0,0.0,0.0,1.0,0.0,0,0,2021,3,5,4,0,0,0,1,0,1,LEVE,0
6,1,7,0,4,2,-13.713765,-71.668069,0,4,4,1,7,1,0,6,6543.555,2.0,4,4,1.0,14,33,1198.0,0.4283714433870919,66.43187764474756,58.40915961759468,7.113360857534741,635.2250698338239,4265.441113490365,17779.13499998999,2097.3709999899997,2863.123,12818.640999999989,2878.713,14900.421999989989,16.19152450331032,4,1,0,0,3,42.0,42.0,42.0,1.0,0.0,0.0,0.0,1,0,0.0,0.0,0.0,0.0,0.0,0.0,0.0,0.0,0.0,1.0,19,2,2022,9,3,5,1,0,2,1,0,1,GRAVE_MORTALIDAD,2
6,1,7,0,4,1,-13.21818,-70.727843,0,4,0,1,2,2,2,2,3263.58,2.0,2,0,1.0,5,18,566.0,0.456269323491559,57.22814439496783,65.7020880165366,7.857170607722528,858.4104388154956,2071.82869379015,17779.13499998999,2097.3709999899997,2863.123,12818.640999999989,2878.713,14900.421999989989,16.19152450331032,2,1,0,0,1,19.0,19.0,19.0,0.0,0.0,0.0,0.0,1,0,0.0,0.0,0.0,1.0,1.0,0.0,0.0,0.0,0.0,0.0,14,3,2022,9,4,6,1,0,2,1,0,1,LEVE,0
3,2,12,0,4,1,-8.11178,-79.094655,0,4,7,1,2,2,2,2,6543.555,3.0,2,0,1.0,0,30,1475.0,0.583006771156836,78.2441938961209,62.24037484511178,8.807312392374042,1028.2282118265089,76607.295503212,8931.828000000005,1335.5899999999997,1935.9830000000004,5660.255000000005,1219.309,7712.519000000005,13.651281686122925,2,2,0,0,0,36.5,34.0,39.0,1.0,0.0,0.0,0.0,2,0,0.0,1.0,0.0,1.0,0.0,1.0,1.0,0.0,0.0,0.0,5,0,2022,2,17,3,0,1,0,1,1,1,LEVE,0
6,1,10,0,4,1,-13.929557214532462,-75.96813851672198,0,4,7,1,2,2,2,2,6639.975,2.0,2,0,1.0,9,31,1616.0,0.6053164595604621,78.88848309050202,67.63954639531094,9.133324993872453,1064.9426147896202,27932.19700214133,3721.461,698.1859999999996,744.866,2278.409,1102.9029999999996,2618.558,29.636290693359403,1,1,0,0,0,28.0,28.0,28.0,1.0,0.0,0.0,0.0,1,0,0.0,0.0,0.0,1.0,1.0,0.0,0.0,0.0,0.0,0.0,10,1,2022,2,6,6,1,0,0,1,0,1,LEVE,0
6,1,14,0,4,2,-10.72998257511273,-77.73991223413996,5,4,7,1,7,2,2,2,6543.555,2.0,4,4,1.0,14,33,1198.0,0.6351794046894105,80.8024412070713,71.35332766738335,9.404359888374977,1133.7779214188106,74926.62740899358,7626.313,1683.4029999999998,1599.0829999999996,4343.827000000001,1814.875,5811.438000000001,23.797541485643197,1,1,0,0,0,21.0,21.0,21.0,1.0,1.0,0.0,0.0,1,0,0.0,0.0,0.0,1.0,1.0,0.0,0.0,0.0,1.0,0.0,17,3,2021,6,6,6,1,0,0,1,0,1,LEVE,0
3,2,14,0,4,1,-11.4694393,-77.3095766,0,4,7,0,2,2,2,0,6543.555,3.0,2,0,1.0,0,30,1475.0,0.6328991168419597,79.8522840328396,72.51785912375117,8.65057438382499,1190.6734036432963,65701.61456102783,7626.313,1683.4029999999998,1599.0829999999996,4343.827000000001,1814.875,5811.438000000001,23.797541485643197,5,2,0,0,3,27.5,22.0,33.0,1.0,1.0,0.0,1.0,2,0,0.0,1.0,0.0,1.0,0.0,1.0,1.0,0.0,1.0,0.0,6,1,2025,12,7,6,1,0,0,1,1,1,LEVE,0
5,1,9,2,4,2,-9.934275,-76.243538,0,0,7,1,2,2,2,2,6543.555,2.0,4,4,1.0,14,33,1198.0,0.5893214510137008,71.4447473575629,72.32337284612903,10.150837002819635,1034.3742395251222,93514.90364025696,8209.057,1333.4779999999996,791.9770000000001,6083.602,1059.8589999999997,7149.198,12.910849565303296,3,2,0,0,1,29.0,23.0,35.0,1.0,0.0,0.0,0.0,2,0,0.0,1.0,0.0,1.0,1.0,0.0,1.0,0.0,0.0,0.0,4,0,2022,8,7,6,1,0,2,1,0,1,LEVE,0
1,0,21,2,4,1,-5.907573,-77.324103,0,4,7,1,2,2,2,0,7758.33400008,2.0,2,0,1.0,9,20,2133.0,0.4789759027469384,73.43778249935497,54.01635312204597,6.285279694551369,847.2910954428505,47552.6295503212,5645.136,815.0759999999999,965.298,3864.762,1013.406,4631.73,17.95184385283189,1,0,0,1,0,37.0,33.0,40.0,1.0,0.0,0.0,0.0,1,1,1.0,0.0,0.0,0.0,0.0,0.0,0.0,0.0,0.0,0.0,15,3,2021,7,11,6,1,0,1,1,0,1,LEVE,0
6,1,5,0,4,2,-6.59445671,-78.44585445,0,4,0,1,1,2,2,6,6543.555,2.0,4,4,1.0,14,33,1198.0,0.3484871558022944,76.33677469666252,53.28672218475212,4.131981838863427,447.1658531581213,76209.5845824411,15935.565011852366,1733.9250000199986,935.692,13265.948011832368,2000.1670000199988,13935.398011832369,12.551591352627522,2,1,0,0,1,37.0,37.0,37.0,1.0,0.0,0.0,0.0,1,0,0.0,1.0,0.0,0.0,0.0,0.0,1.0,0.0,0.0,0.0,22,2,2021,11,9,1,0,0,2,1,0,1,GRAVE_MORTALIDAD,2
6,1,9,0,4,1,-9.904127,-76.005707,0,4,0,0,7,2,2,2,926.7690000000002,2.0,3,3,0.0,9,32,124.0,0.2488101415616882,69.007841453463,38.25663066192983,3.4615469428359247,279.6678169043749,22296.95503211992,8209.057,1333.4779999999996,791.9770000000001,6083.602,1059.8589999999997,7149.198,12.910849565303296,1,1,0,0,0,18.0,18.0,18.0,1.0,1.0,0.0,0.0,1,0,0.0,0.0,1.0,0.0,1.0,0.0,0.0,1.0,0.0,1.0,5,0,2022,6,19,6,1,1,2,1,0,1,LEVE,0
3,2,7,0,4,1,-13.312853,-72.099988,0,4,7,1,2,2,2,2,3447.8009999999995,1.0,2,3,0.0,9,12,1109.0,0.6467436323237573,79.23148267907465,67.52594538772321,10.132837841128774,1206.994437940653,3183.13704496788,17779.13499998999,2097.3709999899997,2863.123,12818.640999999989,2878.713,14900.421999989989,16.19152450331032,4,2,0,0,2,25.0,21.0,29.0,1.0,1.0,0.0,0.0,2,0,0.0,0.0,0.0,1.0,1.0,0.0,1.0,0.0,1.0,0.0,2,0,2024,12,22,6,1,1,2,1,0,1,LEVE,0
1,1,20,0,4,2,-16.025852,-69.490229,6,5,6,2,6,2,2,0,6543.555,2.0,4,4,1.0,14,33,1198.0,0.4020198374784472,77.80062735845667,75.295761294875,7.279851651626652,372.63390314535104,50686.62526766595,13642.312999999998,2020.7790000000005,2354.117,9267.416999999998,3314.0520000000006,10328.260999999997,24.29244952817019,2,1,1,1,0,37.0,33.0,40.0,0.0,0.0,0.0,0.0,1,1,1.0,0.0,0.0,0.0,0.0,0.0,0.0,0.0,0.0,1.0,14,3,2024,7,5,4,0,0,2,1,0,1,LEVE,0
0,1,9,2,4,1,-9.443688,-75.973703,0,4,7,1,2,1,0,2,693.175,2.0,2,3,0.0,9,10,249.0,0.3514165953877426,72.32913425621899,38.30075589942594,4.884885065227305,505.1402346806649,9590.61670235546,8209.057,1333.4779999999996,791.9770000000001,6083.602,1059.8589999999997,7149.198,12.910849565303296,2,1,0,1,0,39.0,39.0,39.0,1.0,0.0,0.0,0.0,1,0,0.0,0.0,0.0,1.0,0.0,1.0,0.0,0.0,0.0,0.0,18,2,2022,4,8,4,0,0,2,1,0,1,LEVE,0
6,1,12,0,4,1,-7.441539095635639,-77.69836557860195,0,4,7,1,7,2,2,0,1483.374,1.0,3,1,0.0,9,32,253.0,0.214536657372195,82.41615841065922,20.89404464378667,3.7704870423377095,184.3773302103564,3492.2569593147746,8931.828000000005,1335.5899999999997,1935.9830000000004,5660.255000000005,1219.309,7712.519000000005,13.651281686122925,5,1,0,0,4,37.0,37.0,37.0,1.0,0.0,0.0,0.0,1,0,0.0,0.0,0.0,1.0,0.0,0.0,1.0,0.0,1.0,0.0,14,3,2023,5,6,5,1,0,0,1,0,1,GRAVE_LESIONADOS,1
3,1,16,0,4,1,-12.747705,-69.550746,6,5,6,2,6,2,2,0,3263.58,2.0,2,0,1.0,5,18,566.0,0.5306879228968285,75.21455641083696,61.3535047815888,7.418086077409707,928.48331283152,4575.10920770878,2090.391,399.431,340.021,1350.9389999999996,493.824,1596.5669999999996,23.62352306338862,1,1,0,0,0,41.0,41.0,41.0,1.0,1.0,0.0,0.0,1,0,0.0,0.0,0.0,1.0,1.0,0.0,0.0,1.0,1.0,0.0,21,2,2023,1,18,2,0,1,1,1,0,1,LEVE,0
3,1,11,0,4,1,-11.37485093259026,-75.88154385098277,0,4,7,1,2,0,1,2,9936.932,2.0,2,0,1.0,9,32,3830.0,0.5135657756164363,76.03626889762099,77.61185812001104,7.8010832458615695,720.3979262158439,2743.6252676659524,12264.545,1826.4639999999995,1105.5389999999998,9332.542,1588.5359999999996,10676.009,12.952261987705208,5,2,0,0,3,42.0,25.0,59.0,1.0,0.0,0.0,1.0,2,0,0.0,1.0,0.0,1.0,0.0,0.0,1.0,0.0,0.0,0.0,7,1,2022,9,10,5,1,0,2,1,0,1,LEVE,0
6,1,4,0,4,2,-13.090232,-74.233856,0,4,0,0,7,1,0,2,6543.555,2.0,4,4,1.0,14,33,1198.0,0.5506252633070053,69.90928763641818,75.08622643893038,10.15415260514822,862.2051674470921,104520.79871520343,12678.733000000004,1805.074000000001,1774.0339999999994,9099.625000000004,2485.375000000001,10193.358000000002,19.602707936195205,2,1,0,0,1,42.0,42.0,42.0,1.0,1.0,0.0,1.0,1,0,0.0,1.0,0.0,0.0,0.0,0.0,1.0,0.0,0.0,0.0,21,2,2024,6,29,5,1,1,2,1,0,1,LEVE,0
0,0,20,0,4,1,-14.674477,-70.366127,0,4,7,1,2,2,2,4,1761.8050000000003,2.0,2,0,1.0,6,22,410.0,0.2623754846886306,66.47865021821245,67.58090631586649,6.080442216669903,177.69250667428713,15453.085653104928,13642.312999999998,2020.7790000000005,2354.117,9267.416999999998,3314.0520000000006,10328.260999999997,24.29244952817019,2,1,0,1,0,36.0,36.0,36.0,1.0,0.0,0.0,0.0,1,0,0.0,0.0,0.0,1.0,0.0,0.0,1.0,1.0,1.0,0.0,17,3,2021,6,24,3,0,1,2,1,0,1,LEVE,0
3,1,16,0,4,1,-11.95189,-69.130112,6,5,6,2,6,2,2,0,3263.58,2.0,2,0,1.0,5,18,566.0,0.525748215792057,74.03823732580896,58.20048721039922,8.141897025119901,894.6823580853445,9162.706638115633,2090.391,399.431,340.021,1350.9389999999996,493.824,1596.5669999999996,23.62352306338862,2,1,0,0,1,44.0,44.0,44.0,1.0,0.0,0.0,0.0,1,0,0.0,0.0,0.0,1.0,1.0,0.0,0.0,1.0,1.0,1.0,19,2,2023,1,30,0,0,1,1,1,0,1,LEVE,0
6,1,1,2,4,1,-9.15557774479227,-77.7401737594647,0,4,0,1,2,2,2,0,9936.932,2.0,2,0,1.0,9,32,3830.0,0.4225175571417921,72.0073136099048,61.38289654748469,6.311615395277217,572.3923378688387,21231.406852248398,10767.648,1885.0630000000003,1222.721,7659.864000000001,2100.343,8667.305000000002,19.506051832303577,1,1,0,0,0,26.0,26.0,26.0,1.0,1.0,0.0,0.0,1,0,0.0,0.0,0.0,1.0,1.0,0.0,0.0,1.0,1.0,0.0,4,0,2025,6,1,6,1,0,0,1,0,1,LEVE,0
6,1,1,2,4,1,-9.12566274667016,-78.534261575131,0,3,7,1,2,2,2,0,6543.555,3.0,2,0,1.0,0,30,1475.0,0.6459598096056908,78.63908715089502,73.94922643905556,10.615650526897664,1131.8657131941532,175440.59743040687,10767.648,1885.0630000000003,1222.721,7659.864000000001,2100.343,8667.305000000002,19.506051832303577,3,1,0,0,2,37.0,33.0,40.0,0.0,0.0,0.0,0.0,1,0,0.0,0.0,0.0,1.0,0.0,1.0,0.0,0.0,0.0,0.0,9,1,2021,10,9,5,1,0,0,1,1,1,LEVE,0
3,2,12,2,2,4,-8.050661063295253,-79.05154544639286,0,2,1,1,2,2,2,2,6543.555,2.0,4,4,1.0,14,33,1198.0,0.5961574154611067,78.8610661942771,67.40352037574897,9.291971962737568,1010.620438228636,197397.5888650964,8931.828000000005,1335.5899999999997,1935.9830000000004,5660.255000000005,1219.309,7712.519000000005,13.651281686122925,2,2,0,0,0,40.0,28.0,52.0,1.0,0.0,0.0,0.0,2,0,0.0,0.0,0.0,1.0,1.0,1.0,0.0,1.0,0.0,0.0,14,3,2024,5,5,6,1,0,0,1,0,1,LEVE,0
6,1,14,0,4,1,-12.349599,-76.807167,0,4,7,1,2,2,2,0,6639.975,2.0,2,0,1.0,9,31,1616.0,0.6997623570346938,76.1024633480164,67.4916969677081,10.594360693484372,1568.8925177861563,8292.871520342613,7626.313,1683.4029999999998,1599.0829999999996,4343.827000000001,1814.875,5811.438000000001,23.797541485643197,1,1,0,0,0,25.0,25.0,25.0,1.0,1.0,0.0,0.0,1,0,0.0,0.0,0.0,1.0,1.0,0.0,0.0,0.0,1.0,0.0,5,0,2023,10,22,6,1,1,0,1,0,1,LEVE,0
3,2,14,2,4,1,-11.135838749474328,-77.59689150569524,0,3,7,1,2,2,2,2,6543.555,3.0,2,0,1.0,0,30,1475.0,0.7327345537337897,78.20903814342847,76.31492653513806,13.642917835589472,1405.6698219039215,62016.21841541756,7626.313,1683.4029999999998,1599.0829999999996,4343.827000000001,1814.875,5811.438000000001,23.797541485643197,4,2,0,0,2,38.5,35.0,42.0,1.0,1.0,0.0,1.0,2,0,0.0,0.0,1.0,1.0,1.0,1.0,0.0,0.0,1.0,1.0,13,3,2024,5,14,1,0,0,0,1,1,1,LEVE,0
3,1,14,2,4,1,-12.067143,-76.971589,0,0,7,0,2,2,2,0,6639.975,2.0,2,0,1.0,9,31,1616.0,0.6868549636939637,79.62363164345142,76.30894566128948,9.209137883551294,1425.4498631666322,684921.8484148846,7626.313,1683.4029999999998,1599.0829999999996,4343.827000000001,1814.875,5811.438000000001,23.797541485643197,2,2,0,0,0,52.5,46.0,59.0,1.0,0.0,0.0,0.0,2,0,0.0,1.0,0.0,0.0,0.0,0.0,1.0,0.0,0.0,1.0,2,0,2022,12,30,4,0,1,0,1,0,1,LEVE,0
6,1,10,0,4,1,-13.43467031,-76.18163258,0,4,7,1,2,2,2,2,205.54999999999995,-1.0,2,0,1.0,13,31,15.0,0.5935454717688132,79.82270610044196,65.40471106456853,9.554430232416086,978.9182940808604,5314.299785867237,3721.461,698.1859999999996,744.866,2278.409,1102.9029999999996,2618.558,29.636290693359403,2,1,0,0,1,34.0,34.0,34.0,1.0,0.0,0.0,1.0,1,0,0.0,1.0,0.0,0.0,0.0,0.0,1.0,0.0,0.0,0.0,13,3,2024,7,9,1,0,0,0,1,0,1,GRAVE_MORTALIDAD,2
3,2,20,0,4,1,-16.460345,-69.138111,0,4,7,1,2,2,2,2,7586.903,2.0,2,0,1.0,9,5,1198.0,0.2394362064959017,73.4288503002124,62.51290199484375,6.018616845068367,132.27646614855612,17422.250535331903,13642.312999999998,2020.7790000000005,2354.117,9267.416999999998,3314.0520000000006,10328.260999999997,24.29244952817019,3,2,0,0,1,51.5,45.0,58.0,1.0,1.0,0.0,0.0,2,0,0.0,0.0,0.0,1.0,1.0,0.0,0.0,1.0,0.0,1.0,21,2,2024,7,4,3,0,0,2,1,0,1,LEVE,0
1,1,11,2,4,1,-12.043244,-75.253751,0,4,7,1,2,2,2,0,196.88,2.0,2,0,1.0,3,32,35.0,0.570857606214118,71.93419820356702,79.22395362517479,9.891853727583106,907.4771296679614,20078.124197002144,12264.545,1826.4639999999995,1105.5389999999998,9332.542,1588.5359999999996,10676.009,12.952261987705208,2,1,1,1,0,37.0,33.0,40.0,0.0,0.0,0.0,0.0,1,1,1.0,0.0,0.0,0.0,0.0,0.0,0.0,0.0,0.0,1.0,4,0,2023,3,26,6,1,1,2,1,0,1,LEVE,0
0,1,7,2,2,4,-13.53671246,-71.9065964,0,3,7,1,2,2,2,4,6543.555,2.0,4,4,1.0,14,33,1198.0,0.6806292796157144,77.51447806142957,82.6599812385644,11.044400293146794,1245.5372385926626,131240.7944325482,17779.13499998999,2097.3709999899997,2863.123,12818.640999999989,2878.713,14900.421999989989,16.19152450331032,2,1,0,1,0,70.0,70.0,70.0,1.0,0.0,0.0,1.0,1,0,0.0,0.0,0.0,1.0,0.0,1.0,0.0,0.0,0.0,0.0,11,1,2025,6,11,2,0,0,2,1,0,1,LEVE,0
3,2,18,2,4,1,-10.631896218235813,-76.17575646148282,2,4,0,0,2,1,1,2,9936.932,2.0,2,0,1.0,9,32,3830.0,0.6193421604458235,76.39017950195935,80.49432651192377,11.494439166895754,957.3168975257496,31875.248394004284,3677.119863,564.5869999999999,910.845,2201.687863000001,590.8779999999998,3086.2418630000006,16.06904376290656,2,2,0,0,0,53.0,50.0,56.0,1.0,0.0,0.0,1.0,2,0,0.0,1.0,0.0,0.0,0.0,1.0,1.0,0.0,0.0,0.0,9,1,2022,4,1,4,0,0,2,1,0,1,LEVE,0
6,1,2,0,4,1,-13.6899950332972,-72.3357962695401,0,4,7,1,2,2,2,2,2176.715,1.0,1,3,0.0,9,32,756.0,0.3568650330495143,70.19875269067077,69.25079335316339,5.724667667903091,374.92575005196,3544.1563169164883,8358.971,1282.451,1298.0969999999998,5778.423,1432.683,6926.288,17.139466089785454,2,1,0,0,1,73.0,73.0,73.0,1.0,1.0,0.0,0.0,1,0,0.0,0.0,0.0,1.0,0.0,1.0,0.0,0.0,0.0,0.0,5,0,2021,5,9,6,1,0,2,1,0,1,GRAVE_MORTALIDAD,2
5,2,0,0,4,1,-5.738525,-78.46117,0,4,7,1,2,2,2,0,7758.33400008,2.0,2,0,1.0,9,20,2133.0,0.5093941769436129,71.57902961898438,67.85872080070428,6.917165916360374,883.7235526008442,50553.44111349037,3903.732,1155.121,585.018,2163.5930000000003,943.591,2960.1410000000005,24.17151074920102,4,2,1,0,2,58.0,58.0,58.0,1.0,1.0,0.0,0.0,2,1,1.0,0.0,0.0,1.0,1.0,0.0,0.0,1.0,1.0,1.0,18,2,2023,8,18,4,0,1,1,1,0,1,LEVE,0
6,1,5,0,4,2,-6.40624446,-79.03196898,2,4,0,1,1,2,2,0,6543.555,2.0,4,4,1.0,14,33,1198.0,0.3760938309755452,69.43940702576674,52.729303682760495,5.691281340633524,500.7580677060702,7739.147751605997,15935.565011852366,1733.9250000199986,935.692,13265.948011832368,2000.1670000199988,13935.398011832369,12.551591352627522,4,1,0,0,3,37.0,33.0,40.0,0.0,0.0,0.0,0.0,1,0,0.0,0.0,0.0,1.0,0.0,0.0,1.0,0.0,1.0,0.0,21,2,2021,3,9,1,0,0,2,1,0,1,GRAVE_MORTALIDAD,2
6,1,14,2,4,1,-12.07308731864632,-76.97379610224523,0,1,1,1,2,2,2,0,6639.975,2.0,2,0,1.0,9,31,1616.0,0.8452166148253858,80.64766902313956,78.16154022078278,14.700269515657656,1939.4672090018812,160839.29764453962,7626.313,1683.4029999999998,1599.0829999999996,4343.827000000001,1814.875,5811.438000000001,23.797541485643197,1,1,0,0,0,44.0,44.0,44.0,1.0,1.0,0.0,0.0,1,0,0.0,0.0,0.0,1.0,1.0,0.0,0.0,0.0,0.0,0.0,12,3,2024,10,27,6,1,1,0,1,0,1,LEVE,0
3,2,13,0,4,1,-6.725805,-79.891082,0,4,7,1,2,2,2,0,6543.555,3.0,2,0,1.0,0,30,1475.0,0.5539280527450423,74.69452916859504,66.89728158703436,9.542777400516576,872.5509264417765,79617.09421841543,3459.691,515.0619999999999,689.7280000000001,2254.901,703.3549999999999,2756.336,20.329994788551925,5,2,0,0,3,31.5,27.0,36.0,1.0,1.0,0.0,0.0,2,0,0.0,0.0,1.0,1.0,1.0,1.0,0.0,0.0,1.0,1.0,5,0,2022,7,5,1,0,0,0,1,1,1,GRAVE_LESIONADOS,1
6,1,20,0,4,1,-15.31287060453219,-69.5469975128075,0,4,7,1,2,2,2,2,462.042,2.0,2,0,0.0,9,32,189.0,0.3001792084708839,72.05478568984886,64.25907503093477,5.359610293608567,246.82728934360597,11752.51391862955,13642.312999999998,2020.7790000000005,2354.117,9267.416999999998,3314.0520000000006,10328.260999999997,24.29244952817019,1,1,0,0,0,25.0,25.0,25.0,1.0,0.0,0.0,0.0,1,0,0.0,0.0,0.0,1.0,1.0,0.0,0.0,0.0,1.0,0.0,15,3,2022,3,18,4,0,1,2,1,0,1,LEVE,0
3,2,20,0,4,1,-16.16267320425616,-69.54302245792485,0,4,7,1,2,2,2,2,7586.903,2.0,2,0,1.0,9,5,1198.0,0.4138545322335047,72.42365757071663,75.18782800461412,7.422478928805024,440.156451811849,19964.802997858675,13642.312999999998,2020.7790000000005,2354.117,9267.416999999998,3314.0520000000006,10328.260999999997,24.29244952817019,3,2,0,0,1,24.0,23.0,25.0,1.0,1.0,0.0,0.0,2,0,0.0,0.0,0.0,1.0,1.0,1.0,0.0,0.0,1.0,0.0,17,3,2021,4,8,3,0,0,2,1,0,1,GRAVE_MORTALIDAD,2
6,1,8,0,4,1,-12.493182302239129,-74.72242612376444,0,4,7,1,2,2,2,0,7586.903,2.0,2,0,1.0,9,5,1198.0,0.2371271103914559,67.35907202388974,48.34285985638861,3.957778336278219,206.76708776763252,3746.0,8511.426,1445.3929999999996,2008.516,5057.516999999999,1879.579,6631.846999999998,22.08300935706896,5,1,0,0,4,37.0,37.0,37.0,1.0,0.0,0.0,0.0,1,0,0.0,0.0,0.0,1.0,0.0,0.0,1.0,0.0,0.0,0.0,2,0,2024,4,2,1,0,0,2,1,0,1,GRAVE_MORTALIDAD,2
6,1,13,0,4,1,-6.7411976,-79.7161823,0,4,0,1,2,2,2,0,919.085,2.0,2,3,0.0,9,7,218.0,0.4538626297202813,80.94520104092902,62.24925040341902,8.047508647429995,507.2829711881181,10878.907922912204,3459.691,515.0619999999999,689.7280000000001,2254.901,703.3549999999999,2756.336,20.329994788551925,1,1,0,0,0,22.0,22.0,22.0,1.0,1.0,0.0,0.0,1,0,0.0,0.0,0.0,1.0,1.0,0.0,0.0,1.0,1.0,1.0,19,2,2022,10,2,6,1,0,0,1,0,1,LEVE,0
3,1,21,2,2,4,-5.945122,-77.305492,0,3,7,1,2,2,2,2,6543.555,2.0,4,4,1.0,14,33,1198.0,0.4789759027469384,73.43778249935497,54.01635312204597,6.285279694551369,847.2910954428505,47552.6295503212,5645.136,815.0759999999999,965.298,3864.762,1013.406,4631.73,17.95184385283189,2,2,0,0,0,45.0,43.0,47.0,1.0,1.0,0.0,0.0,2,0,0.0,1.0,0.0,1.0,1.0,0.0,1.0,0.0,1.0,1.0,12,3,2025,4,30,2,0,1,1,1,0,1,LEVE,0