CLASE SINIESTRO,CANTIDAD DE VEHICULOS DAÑADOS,DEPARTAMENTO,ZONA,TIPO DE VÍA,RED VIAL,COORDENADAS LATITUD,COORDENADAS  LONGITUD,CONDICIÓN CLIMÁTICA,ZONIFICACIÓN,CARACTERÍSTICAS DE VÍA,PERFIL LONGITUDINAL VÍA,SUPERFICIE DE CALZADA,¿EXISTE SEÑAL VERTICAL?,¿EXISTE SEÑAL HORIZONTAL?,CAUSA FACTOR PRINCIPAL,MTC_RVN_LONGITUD_KM,MTC_RVN_N_CARRILES_MEDIANA,MTC_RVN_SUPERFICIE_DOMINANTE,MTC_RVN_ESTADO_DOMINANTE,MTC_RVN_ES_CONCESIONADA,MTC_RVN_CONCESION_PRINCIPAL,MTC_RVN_CORREDOR_LOGISTICO,MTC_RVN_N_TRAMOS,IDH_2019,IDH_ESP_VIDA_2019,IDH_EDUC_SECUND_PCT_2019,IDH_ANIOS_EDUC_2019,IDH_INGRESO_PERCAP_2019,IDH_POBLACION_2019,MTC_DEP_RED_TOTAL_KM,MTC_DEP_NACIONAL_TOTAL_KM,MTC_DEP_DEPARTAMENTAL_TOTAL_KM,MTC_DEP_VECINAL_TOTAL_KM,MTC_DEP_PAV_TOTAL_KM,MTC_DEP_NO_PAV_TOTAL_KM,MTC_DEP_PCT_PAVIMENTADA,PER_TOTAL_PERSONAS,PER_N_CONDUCTORES,PER_N_CONDUCTORES_FUGADOS,PER_N_PEATONES,PER_N_PASAJEROS_OCUPANTES,PER_EDAD_COND_PROM,PER_EDAD_COND_MIN,PER_EDAD_COND_MAX,PER_ANY_COND_MASCULINO,PER_ANY_LIC_PROBLEMA,PER_ANY_DOSAJE_POS,PER_ANY_DOSAJE_EVALUADO,VEH_TOTAL,VEH_N_FUGADOS,VEH_ANY_FUGADO,VEH_ANY_CARGA,VEH_ANY_PUBLICO,VEH_ANY_PARTICULAR,VEH_ANY_MOTO,VEH_ANY_AUTO,VEH_ANY_CAMION_BUS,VEH_ANY_SOAT_PROBLEMA,VEH_ANY_CITV_PROBLEMA,VEH_ANY_SEGURO_PROBLEMA,HORA_NUM,FRANJA_HORARIA,ANIO,MES,DIA_MES,DIA_SEMANA,ES_FIN_SEMANA,ES_QUINCENA,REGION_NATURAL,TIENE_SEÑALIZACION,ES_VIA_MULTICARRIL,ES_DEPTO_BAJO_PAVIMENTO,CATEGORIA_SEVERIDAD,CATEGORIA_SEVERIDAD_ENC
3,1,2,0,4,0,-13.9245953842813,-73.6126295075538,7,4,0,1,7,2,2,2,6543.555,2.0,4,4,1.0,14,33,1198.0,0.2391495066506462,71.04482647743967,64.62156283207246,3.3679556582251964,199.4691154105887,1848.777301927195,8358.971,1282.451,1298.0969999999998,5778.423,1432.683,6926.288,17.139466089785454,2,2,0,0,0,24.0,19.0,29.0,1.0,1.0,0.0,0.0,2,0,0.0,0.0,0.0,1.0,1.0,0.0,0.0,1.0,1.0,1.0,6,1,2025,8,11,0,0,0,2,1,0,1,LEVE,0
3,2,12,0,4,1,-8.064350172,-79.0904013872,0,4,7,1,2,2,2,2,6543.555,3.0,2,0,1.0,0,30,1475.0,0.583006771156836,78.2441938961209,62.24037484511178,8.807312392374042,1028.2282118265089,76607.295503212,8931.828000000005,1335.5899999999997,1935.9830000000004,5660.255000000005,1219.309,7712.519000000005,13.651281686122925,5,2,0,0,3,28.5,21.0,36.0,1.0,0.0,0.0,0.0,2,0,0.0,1.0,0.0,1.0,0.0,0.0,1.0,0.0,0.0,0.0,7,1,2024,12,2,0,0,0,0,1,1,1,GRAVE_MORTALIDAD,2
3,2,12,0,4,1,-8.11070019432683,-78.9978807729408,0,4,7,1,2,2,2,2,610.6099999999999,2.0,2,0,1.0,8,29,100.0,0.7151155191839451,79.57652607829836,77.25576500264712,11.809756866444314,1377.9438475528384,331253.00214132766,8931.828000000005,1335.5899999999997,1935.9830000000004,5660.255000000005,1219.309,7712.519000000005,13.651281686122925,3,2,0,0,1,32.0,23.0,41.0,1.0,0.0,0.0,0.0,2,0,0.0,1.0,0.0,1.0,1.0,0.0,1.0,0.0,1.0,0.0,10,1,2024,10,29,1,0,1,0,1,0,1,LEVE,0
3,1,14,2,2,4,-12.19676413,-76.93102825,0,3,1,0,2,2,2,0,6543.555,2.0,4,4,1.0,14,33,1198.0,0.689811994580126,79.88015655965044,73.89553442371854,9.755251380104111,1409.8432274455126,452660.364025696,7626.313,1683.4029999999998,1599.0829999999996,4343.827000000001,1814.875,5811.438000000001,23.797541485643197,2,2,0,0,0,42.0,30.0,54.0,1.0,1.0,0.0,0.0,2,0,0.0,0.0,1.0,1.0,1.0,1.0,0.0,0.0,1.0,1.0,23,2,2023,8,14,0,0,0,0,1,0,1,LEVE,0
3,2,10,0,4,1,-14.6274104,-75.1886216,0,4,7,1,2,2,2,2,6639.975,2.0,2,0,1.0,9,31,1616.0,0.5979174613339426,80.76049717343994,85.82161722096541,8.785420243552947,907.5991833927088,1316.4689507494647,3721.461,698.1859999999996,744.866,2278.409,1102.9029999999996,2618.558,29.636290693359403,2,2,0,0,0,34.5,18.0,51.0,1.0,1.0,0.0,1.0,2,0,0.0,1.0,0.0,1.0,1.0,0.0,1.0,0.0,1.0,1.0,23,2,2023,7,13,3,0,0,0,1,0,1,LEVE,0
6,1,5,2,4,3,-7.47553218,-78.48339357,0,4,7,1,2,2,2,0,6543.555,2.0,4,4,1.0,14,33,1198.0,0.1913741190087475,72.16457305341952,25.12503806840365,3.650270193694703,156.4717005457997,6877.021413276232,15935.565011852366,1733.9250000199986,935.692,13265.948011832368,2000.1670000199988,13935.398011832369,12.551591352627522,2,1,0,0,1,22.0,22.0,22.0,1.0,0.0,0.0,0.0,1,0,0.0,0.0,0.0,1.0,0.0,1.0,0.0,0.0,0.0,0.0,16,3,2022,7,17,6,1,1,2,1,0,1,LEVE,0
3,1,14,2,12,4,-12.09758752580692,-77.07348284959961,0,0,0,1,2,1,1,0,6543.555,2.0,4,4,1.0,14,33,1198.0,0.8339285469381142,80.46197140280118,79.64957679364637,12.999280633187066,1986.2672977119664,57878.755888650965,7626.313,1683.4029999999998,1599.0829999999996,4343.827000000001,1814.875,5811.438000000001,23.797541485643197,3,2,1,0,1,26.0,26.0,26.0,1.0,0.0,0.0,0.0,2,1,1.0,0.0,0.0,1.0,0.0,1.0,0.0,0.0,0.0,1.0,1,0,2024,6,21,4,0,1,0,1,0,1,LEVE,0
6,1,22,0,4,1,-17.636026,-70.067803,0,4,7,0,2,2,2,2,1139.285,1.0,1,3,0.0,9,32,176.0,0.34159615449674,80.4755871041024,54.62232246309788,6.981449958913746,273.033796312041,534.374732334047,2650.572,630.6729999999998,487.3610000000001,1532.5379999999998,1068.7019999999998,1581.87,40.31967439480987,2,1,0,0,1,34.0,34.0,34.0,1.0,0.0,0.0,1.0,1,0,0.0,1.0,0.0,0.0,0.0,0.0,1.0,0.0,0.0,0.0,6,1,2022,11,6,6,1,0,0,1,0,1,LEVE,0
0,1,20,2,6,4,-14.326570467209285,-69.46594104727231,0,0,7,1,2,2,2,4,6543.555,2.0,4,4,1.0,14,33,1198.0,0.3677334628938986,70.7162173228883,67.35653663762525,5.8791954301434455,400.7331963961917,11267.128479657387,13642.312999999998,2020.7790000000005,2354.117,9267.416999999998,3314.0520000000006,10328.260999999997,24.29244952817019,2,1,0,1,0,27.0,27.0,27.0,1.0,0.0,0.0,1.0,1,0,0.0,1.0,0.0,0.0,0.0,0.0,1.0,0.0,0.0,0.0,14,3,2021,6,2,2,0,0,2,1,0,1,LEVE,0
6,1,19,0,4,3,-5.003616,-79.850205,0,4,7,1,2,2,2,0,6543.555,2.0,4,4,1.0,14,33,1198.0,0.349785883948546,75.28079381710178,60.30087284774332,5.810542780849276,340.037815168361,5724.543897216275,8965.846000060003,1782.4120000599992,636.9959999999999,6546.438000000004,2214.505000059999,6751.341000000004,24.699342371541725,4,1,0,0,3,37.0,37.0,37.0,1.0,0.0,1.0,1.0,1,0,0.0,0.0,0.0,1.0,0.0,1.0,0.0,0.0,0.0,0.0,2,0,2021,9,22,2,0,1,0,1,0,1,LEVE,0
6,1,5,0,4,1,-6.656983,-78.538828,0,4,0,0,2,2,2,2,114.25,2.0,2,0,1.0,12,32,15.0,0.3484871558022944,76.33677469666252,53.28672218475212,4.131981838863427,447.1658531581213,76209.5845824411,15935.565011852366,1733.9250000199986,935.692,13265.948011832368,2000.1670000199988,13935.398011832369,12.551591352627522,1,1,0,0,0,35.0,35.0,35.0,1.0,1.0,0.0,1.0,1,0,0.0,0.0,0.0,1.0,1.0,0.0,0.0,1.0,1.0,1.0,11,1,2025,3,30,6,1,1,2,1,0,1,LEVE,0
5,1,7,2,4,0,-14.307131,-72.035791,0,3,7,1,2,2,2,2,6543.555,2.0,4,4,1.0,14,33,1198.0,0.3582063239468129,73.72125513625039,50.68912238545782,4.370934077592676,495.5648271945098,7210.27408993576,17779.13499998999,2097.3709999899997,2863.123,12818.640999999989,2878.713,14900.421999989989,16.19152450331032,2,2,1,0,0,41.0,41.0,41.0,1.0,1.0,0.0,0.0,2,1,1.0,0.0,0.0,1.0,1.0,0.0,0.0,0.0,0.0,1.0,19,2,2023,2,17,4,0,1,2,1,0,1,LEVE,0
0,1,14,2,4,2,-12.121224576377882,-76.8727343792582,0,0,1,1,2,2,2,0,6543.555,2.0,4,4,1.0,14,33,1198.0,0.6463106547105882,77.51872248135703,70.89234783689217,9.27899743443454,1279.2302833246192,140977.61456102785,7626.313,1683.4029999999998,1599.0829999999996,4343.827000000001,1814.875,5811.438000000001,23.797541485643197,2,1,0,1,0,38.0,38.0,38.0,1.0,0.0,0.0,0.0,1,0,0.0,0.0,0.0,1.0,1.0,0.0,0.0,1.0,1.0,1.0,20,2,2024,12,4,2,0,0,0,1,0,1,LEVE,0
1,1,14,2,2,4,-12.19311629857046,-76.96481013918248,0,0,1,1,2,2,2,0,6543.555,2.0,4,4,1.0,14,33,1198.0,0.6990481232857558,80.14597904142546,74.3851677794309,10.004397644056358,1432.5044292531525,459161.0728051392,7626.313,1683.4029999999998,1599.0829999999996,4343.827000000001,1814.875,5811.438000000001,23.797541485643197,2,1,1,1,0,37.0,33.0,40.0,0.0,0.0,0.0,0.0,1,1,1.0,0.0,0.0,0.0,0.0,0.0,0.0,0.0,0.0,1.0,3,0,2024,3,9,5,1,0,0,1,0,1,LEVE,0
3,2,20,0,4,1,-15.096223181605325,-70.35588195391449,0,4,7,1,2,2,2,2,7586.903,2.0,2,0,1.0,9,5,1198.0,0.3321861957084406,76.3620732097923,75.82173747880367,6.343900019252585,249.29068548640728,4882.685224839401,13642.312999999998,2020.7790000000005,2354.117,9267.416999999998,3314.0520000000006,10328.260999999997,24.29244952817019,2,2,0,0,0,38.5,33.0,44.0,1.0,0.0,0.0,0.0,2,0,0.0,0.0,0.0,1.0,0.0,0.0,1.0,1.0,1.0,1.0,4,0,2023,12,9,5,1,0,2,1,0,1,LEVE,0
6,1,14,2,2,4,-12.10873273,-77.02668939,0,3,1,1,2,1,1,0,6543.555,2.0,4,4,1.0,14,33,1198.0,0.8326399351216524,80.31446032722859,77.78409882620639,13.96507415980228,1925.7868972542449,87898.66595289079,7626.313,1683.4029999999998,1599.0829999999996,4343.827000000001,1814.875,5811.438000000001,23.797541485643197,2,1,0,0,1,33.0,33.0,33.0,1.0,0.0,0.0,0.0,1,0,0.0,0.0,0.0,1.0,1.0,0.0,0.0,0.0,1.0,0.0,16,3,2023,4,29,5,1,1,0,1,0,1,LEVE,0
6,1,23,2,4,1,-3.4977822395285343,-80.27516424452169,0,1,7,1,2,2,2,2,34.68,2.0,2,0,0.0,9,32,10.0,0.5517527352166962,72.19810860253655,65.69527868627884,9.147232287140229,937.8014966124026,23389.404710920768,1009.101,138.47399999999996,287.471,583.156,276.972,732.129,27.447401201663663,2,1,0,0,1,17.0,17.0,17.0,1.0,1.0,0.0,1.0,1,0,0.0,0.0,0.0,1.0,1.0,0.0,0.0,0.0,0.0,0.0,20,2,2024,7,8,0,0,0,0,1,0,1,LEVE,0
3,2,3,2,4,3,-16.320432,-72.214965,0,4,7,0,2,2,2,0,6543.555,2.0,4,4,1.0,14,33,1198.0,0.6077843615696785,76.53072135400231,69.81276959706165,8.77367759087771,1135.5159013374655,74658.55888650964,10322.272,1495.236,1749.739,7077.2970000000005,2886.595,7435.677000000001,27.964725207783708,2,2,0,0,0,36.0,27.0,45.0,1.0,0.0,0.0,0.0,2,0,0.0,0.0,0.0,1.0,1.0,1.0,0.0,1.0,0.0,0.0,14,3,2023,5,15,0,0,1,0,1,0,1,LEVE,0
6,1,12,0,4,3,-8.10049640506016,-77.3155814047431,0,4,7,1,2,2,2,0,6543.555,2.0,4,4,1.0,14,33,1198.0,0.3588693476595687,74.14327217126986,37.64474092179878,4.899771859042203,520.2218503956855,3717.3126338329766,8931.828000000005,1335.5899999999997,1935.9830000000004,5660.255000000005,1219.309,7712.519000000005,13.651281686122925,4,1,0,0,3,22.0,22.0,22.0,1.0,0.0,0.0,0.0,1,0,0.0,0.0,0.0,1.0,0.0,0.0,1.0,0.0,0.0,0.0,21,2,2024,10,27,6,1,1,0,1,0,1,GRAVE_MORTALIDAD,2
6,1,21,0,4,2,-5.92976302902708,-77.3089590151594,0,4,7,1,2,2,2,0,6543.555,2.0,4,4,1.0,14,33,1198.0,0.4789759027469384,73.43778249935497,54.01635312204597,6.285279694551369,847.2910954428505,47552.6295503212,5645.136,815.0759999999999,965.298,3864.762,1013.406,4631.73,17.95184385283189,1,1,0,0,0,36.0,36.0,36.0,1.0,0.0,0.0,0.0,1,0,0.0,0.0,0.0,1.0,1.0,0.0,0.0,1.0,1.0,1.0,10,1,2025,12,5,4,0,0,1,1,0,1,LEVE,0
3,2,12,2,4,1,-8.122764353828762,-79.00702002867499,0,4,1,1,2,2,2,2,610.6099999999999,2.0,2,0,1.0,8,29,100.0,0.7151155191839451,79.57652607829836,77.25576500264712,11.809756866444314,1377.9438475528384,331253.00214132766,8931.828000000005,1335.5899999999997,1935.9830000000004,5660.255000000005,1219.309,7712.519000000005,13.651281686122925,2,2,0,0,0,52.5,40.0,65.0,1.0,1.0,0.0,0.0,2,0,0.0,1.0,0.0,1.0,1.0,0.0,1.0,0.0,0.0,0.0,8,1,2023,3,15,2,0,1,0,1,0,1,LEVE,0
0,1,12,2,2,4,-8.056401,-79.054344,0,0,7,1,2,2,2,0,6543.555,2.0,4,4,1.0,14,33,1198.0,0.5961574154611067,78.8610661942771,67.40352037574897,9.291971962737568,1010.620438228636,197397.5888650964,8931.828000000005,1335.5899999999997,1935.9830000000004,5660.255000000005,1219.309,7712.519000000005,13.651281686122925,2,1,0,1,0,23.0,23.0,23.0,1.0,0.0,0.0,0.0,1,0,0.0,0.0,0.0,1.0,1.0,0.0,0.0,0.0,0.0,0.0,5,0,2022,8,15,0,0,1,0,1,0,1,LEVE,0
0,1,11,2,4,1,-12.071543,-75.214018,0,4,1,1,2,1,1,4,7586.903,2.0,2,0,1.0,9,5,1198.0,0.6083413875375813,71.66982597817598,76.35118091119013,11.05243180238688,1046.538532645036,119236.36616702356,12264.545,1826.4639999999995,1105.5389999999998,9332.542,1588.5359999999996,10676.009,12.952261987705208,2,1,0,1,0,39.0,39.0,39.0,1.0,0.0,0.0,1.0,1,0,0.0,1.0,0.0,0.0,0.0,0.0,1.0,0.0,0.0,0.0,12,3,2023,3,11,5,1,0,2,1,0,1,LEVE,0
6,1,7,0,4,1,-14.096407674043547,-71.43777373554188,7,4,7,1,2,1,1,2,7586.903,2.0,2,0,1.0,9,5,1198.0,0.3717239528846259,76.4422742356139,59.82899502431543,6.007606443030993,385.73605799411865,4791.610278372591,17779.13499998999,2097.3709999899997,2863.123,12818.640999999989,2878.713,14900.421999989989,16.19152450331032,1,1,0,0,0,31.0,31.0,31.0,1.0,0.0,0.0,0.0,1,0,0.0,1.0,0.0,0.0,0.0,0.0,1.0,0.0,0.0,0.0,19,2,2022,12,3,5,1,0,2,1,0,1,LEVE,0
6,1,19,0,4,2,-5.318531,-79.7766033,0,4,7,1,2,2,2,0,6543.555,2.0,4,4,1.0,14,33,1198.0,0.3308600936388035,74.76246818097447,57.66035801467513,4.819031624676888,342.44759475337025,5712.877944325482,8965.846000060003,1782.4120000599992,636.9959999999999,6546.438000000004,2214.505000059999,6751.341000000004,24.699342371541725,1,1,0,0,0,17.0,17.0,17.0,1.0,1.0,1.0,1.0,1,1,1.0,0.0,0.0,0.0,0.0,0.0,0.0,0.0,0.0,1.0,20,2,2024,4,6,5,1,0,0,1,0,1,LEVE,0
3,1,14,2,4,2,-11.969253,-76.937386,6,5,6,2,6,2,2,0,6543.555,2.0,4,4,1.0,14,33,1198.0,0.6831952456039544,78.60873873772867,74.49000793376607,10.00420210847705,1376.0472418044385,255143.7301927195,7626.313,1683.4029999999998,1599.0829999999996,4343.827000000001,1814.875,5811.438000000001,23.797541485643197,3,3,0,0,0,37.0,33.0,40.0,1.0,1.0,0.0,0.0,3,0,0.0,1.0,1.0,1.0,0.0,0.0,1.0,1.0,1.0,1.0,17,3,2022,4,28,3,0,1,0,1,0,1,LEVE,0
3,2,12,0,4,1,-7.392707921590365,-79.55616788912027,0,4,7,1,2,2,2,0,6543.555,3.0,2,0,1.0,0,30,1475.0,0.5968586479601472,81.56479096531379,74.23398565025978,9.72444636404026,898.7633596995952,27553.955032119917,8931.828000000005,1335.5899999999997,1935.9830000000004,5660.255000000005,1219.309,7712.519000000005,13.651281686122925,2,2,0,0,0,50.0,38.0,62.0,1.0,0.0,0.0,0.0,2,0,0.0,0.0,0.0,1.0,1.0,1.0,0.0,1.0,1.0,0.0,10,1,2023,1,1,6,1,0,0,1,1,1,LEVE,0
6,1,12,0,4,1,-8.92813500059261,-78.63566665364824,0,4,7,1,2,2,2,2,6543.555,3.0,2,0,1.0,0,30,1475.0,0.4867987483268106,77.5825534369154,52.95148122709723,6.150547060309878,840.5788229266196,9838.736616702356,8931.828000000005,1335.5899999999997,1935.9830000000004,5660.255000000005,1219.309,7712.519000000005,13.651281686122925,2,1,0,0,1,36.0,36.0,36.0,1.0,0.0,0.0,0.0,1,0,0.0,0.0,0.0,1.0,0.0,1.0,0.0,0.0,0.0,0.0,6,1,2022,10,11,1,0,0,0,1,1,1,LEVE,0
0,1,14,2,4,1,-12.297232639462726,-76.8550983925017,0,3,7,1,2,2,2,0,6639.975,2.0,2,0,1.0,9,31,1616.0,0.6909236767275176,78.41626133969348,70.97436336767564,9.826485374940413,1476.8351947609171,95908.53319057816,7626.313,1683.4029999999998,1599.0829999999996,4343.827000000001,1814.875,5811.438000000001,23.797541485643197,2,1,0,1,0,44.0,44.0,44.0,1.0,0.0,0.0,0.0,1,0,0.0,0.0,0.0,1.0,0.0,0.0,1.0,0.0,0.0,0.0,20,2,2024,6,30,6,1,1,0,1,0,1,LEVE,0
3,1,15,2,4,0,-3.766726217229544,-73.27312225655557,6,5,6,2,6,2,2,0,6543.555,2.0,4,4,1.0,14,33,1198.0,0.578134350962316,72.90307998335238,55.49705098903474,10.509480811415798,1057.596132242517,149460.57173447538,1095.5949999999998,128.87099999999998,320.74700000000007,645.9769999999999,274.214,821.381,25.02877431897737,3,2,0,0,1,41.5,36.0,47.0,1.0,1.0,0.0,0.0,2,0,0.0,0.0,0.0,1.0,1.0,0.0,1.0,1.0,1.0,1.0,18,2,2021,12,9,3,0,0,1,1,0,1,LEVE,0
6,1,11,0,4,1,-11.608938,-76.036395,6,5,6,2,6,2,2,0,875.67,2.0,2,0,1.0,3,14,156.0,0.7045048858113412,76.03866905687309,68.74554898563056,10.756160359254002,1573.7987000498822,4922.96573875803,12264.545,1826.4639999999995,1105.5389999999998,9332.542,1588.5359999999996,10676.009,12.952261987705208,4,1,0,0,3,26.0,26.0,26.0,1.0,0.0,0.0,0.0,1,0,0.0,0.0,0.0,1.0,0.0,1.0,0.0,0.0,0.0,0.0,8,1,2024,3,23,5,1,1,2,1,0,1,GRAVE_MORTALIDAD,2
0,1,14,2,2,4,-12.1316414773373,-76.81870127468785,0,2,7,1,2,2,2,4,6543.555,2.0,4,4,1.0,14,33,1198.0,0.6371716495641229,77.28809635528053,69.64326619808601,9.01503899605881,1265.0419992552625,48261.34689507495,7626.313,1683.4029999999998,1599.0829999999996,4343.827000000001,1814.875,5811.438000000001,23.797541485643197,2,1,0,1,0,36.0,36.0,36.0,1.0,1.0,0.0,0.0,1,0,0.0,0.0,1.0,0.0,1.0,0.0,0.0,1.0,1.0,1.0,20,2,2024,1,18,3,0,1,0,1,0,1,LEVE,0
3,2,14,0,4,1,-11.4491108,-77.3405447,0,4,7,0,2,2,2,0,6543.555,3.0,2,0,1.0,0,30,1475.0,0.6328991168419597,79.8522840328396,72.51785912375117,8.65057438382499,1190.6734036432963,65701.61456102783,7626.313,1683.4029999999998,1599.0829999999996,4343.827000000001,1814.875,5811.438000000001,23.797541485643197,3,2,0,0,1,46.0,38.0,54.0,1.0,0.0,0.0,1.0,2,0,0.0,1.0,0.0,0.0,0.0,0.0,1.0,0.0,0.0,0.0,23,2,2025,1,3,4,0,0,0,1,1,1,LEVE,0
6,1,9,0,4,2,-10.007025,-76.45803,0,4,5,0,1,2,2,2,6543.555,2.0,4,4,1.0,14,33,1198.0,0.2151519567388125,79.12303888452038,27.13839560706342,3.242759608433853,198.89926326025667,5736.58244111349,8209.057,1333.4779999999996,791.9770000000001,6083.602,1059.8589999999997,7149.198,12.910849565303296,2,1,0,0,1,67.0,67.0,67.0,1.0,0.0,0.0,1.0,1,0,0.0,0.0,0.0,0.0,0.0,1.0,0.0,0.0,1.0,0.0,18,2,2021,7,1,3,0,0,2,1,0,1,LEVE,0
1,1,5,2,2,4,-6.875732,-78.140011,0,3,7,0,1,2,2,2,6543.555,2.0,4,4,1.0,14,33,1198.0,0.4626426475820469,68.55306494378911,65.85969011943656,7.360220599067626,697.1780256934369,29011.38543897216,15935.565011852366,1733.9250000199986,935.692,13265.948011832368,2000.1670000199988,13935.398011832369,12.551591352627522,2,1,0,1,0,37.0,33.0,40.0,0.0,0.0,0.0,0.0,1,1,1.0,0.0,0.0,0.0,0.0,0.0,0.0,0.0,0.0,0.0,22,2,2021,8,4,2,0,0,2,1,0,1,LEVE,0
6,1,1,2,3,4,-10.156889002388,-77.4700920563845,0,4,5,1,2,2,2,2,6543.555,2.0,4,4,1.0,14,33,1198.0,0.3698277092299585,75.50696542030133,58.315009794942405,5.770482626155436,401.8154218070398,931.1113490364024,10767.648,1885.0630000000003,1222.721,7659.864000000001,2100.343,8667.305000000002,19.506051832303577,1,1,0,0,0,52.0,52.0,52.0,1.0,0.0,0.0,0.0,1,0,0.0,1.0,0.0,0.0,0.0,0.0,1.0,1.0,1.0,1.0,10,1,2025,4,25,4,0,1,0,1,0,1,LEVE,0
0,1,12,2,3,4,-8.074656,-79.008549,0,3,1,1,2,2,2,2,6543.555,2.0,4,4,1.0,14,33,1198.0,0.5628682280502054,79.35078533424159,59.07369130997599,7.880201475313533,999.8741857239928,209189.32119914345,8931.828000000005,1335.5899999999997,1935.9830000000004,5660.255000000005,1219.309,7712.519000000005,13.651281686122925,2,1,0,1,0,23.0,23.0,23.0,1.0,1.0,0.0,0.0,1,0,0.0,0.0,0.0,1.0,1.0,0.0,0.0,0.0,0.0,0.0,19,2,2022,3,6,6,1,0,0,1,0,1,LEVE,0
3,1,14,2,2,4,-12.1237364433731,-77.0243079785896,0,3,1,1,2,1,0,0,6543.555,2.0,4,4,1.0,14,33,1198.0,0.8326399351216524,80.31446032722859,77.78409882620639,13.96507415980228,1925.7868972542449,87898.66595289079,7626.313,1683.4029999999998,1599.0829999999996,4343.827000000001,1814.875,5811.438000000001,23.797541485643197,2,2,0,0,0,32.0,22.0,42.0,1.0,1.0,0.0,0.0,2,0,0.0,0.0,0.0,1.0,1.0,1.0,0.0,0.0,0.0,0.0,9,1,2024,11,2,5,1,0,0,1,0,1,LEVE,0
3,1,3,2,4,2,-16.360254,-71.562391,0,0,0,1,2,1,1,0,6543.555,2.0,4,4,1.0,14,33,1198.0,0.6411767862503931,77.2408324916572,78.204125011303,10.595705083047717,1107.223861768016,193412.3169164882,10322.272,1495.236,1749.739,7077.2970000000005,2886.595,7435.677000000001,27.964725207783708,3,2,0,0,1,37.5,22.0,53.0,1.0,0.0,0.0,1.0,2,0,0.0,0.0,1.0,1.0,1.0,0.0,1.0,0.0,1.0,0.0,13,3,2025,3,11,1,0,0,0,1,0,1,LEVE,0
1,1,12,0,4,1,-7.974314,-79.081129,0,4,7,1,2,2,2,2,6543.555,3.0,2,0,1.0,0,30,1475.0,0.5721567587688113,77.67102283812494,66.21373667954742,8.464777379360486,978.4498488219192,15563.077087794432,8931.828000000005,1335.5899999999997,1935.9830000000004,5660.255000000005,1219.309,7712.519000000005,13.651281686122925,2,1,1,1,0,37.0,33.0,40.0,0.0,0.0,0.0,0.0,1,1,1.0,0.0,0.0,0.0,0.0,0.0,0.0,0.0,0.0,0.0,20,2,2021,9,15,2,0,1,0,1,1,1,LEVE,0
0,1,20,0,2,4,-15.82019740079369,-70.03705347371111,0,4,7,1,7,2,2,2,6543.555,2.0,4,4,1.0,14,33,1198.0,0.6488901960567479,69.67312345830231,82.12448375199249,11.701623814093702,1230.336353415943,144745.3597430407,13642.312999999998,2020.7790000000005,2354.117,9267.416999999998,3314.0520000000006,10328.260999999997,24.29244952817019,2,1,0,1,0,19.0,19.0,19.0,1.0,1.0,0.0,0.0,1,0,0.0,0.0,0.0,1.0,0.0,0.0,1.0,0.0,0.0,0.0,7,1,2022,4,3,6,1,0,2,1,0,1,LEVE,0
3,2,12,0,4,1,-8.403789,-78.834177,0,4,7,1,2,2,2,2,6543.555,3.0,2,0,1.0,0,30,1475.0,0.5051395598219868,77.13285387085847,51.52067479184955,6.715328807318118,900.900383457586,67612.41755888652,8931.828000000005,1335.5899999999997,1935.9830000000004,5660.255000000005,1219.309,7712.519000000005,13.651281686122925,6,2,0,0,4,37.0,34.0,40.0,1.0,0.0,0.0,1.0,2,0,0.0,1.0,0.0,1.0,0.0,1.0,1.0,0.0,1.0,0.0,18,2,2022,3,21,0,0,1,0,1,1,1,GRAVE_MORTALIDAD,2
6,1,8,0,4,1,-13.4404584330898,-74.9609379249257,0,4,7,1,2,1,0,0,1679.5849999999998,2.0,2,3,1.0,9,24,315.0,0.2997946406100768,72.83003345209801,46.42647217987546,4.997510303405721,292.6881439974165,3327.8779443254816,8511.426,1445.3929999999996,2008.516,5057.516999999999,1879.579,6631.846999999998,22.08300935706896,6,1,0,0,5,37.0,37.0,37.0,1.0,0.0,0.0,0.0,1,0,0.0,0.0,0.0,1.0,0.0,1.0,0.0,0.0,0.0,0.0,9,1,2025,7,26,5,1,1,2,1,0,1,GRAVE_MORTALIDAD,2
10,1,0,0,4,2,-6.388276,-77.529105,7,4,7,1,2,0,1,0,6543.555,2.0,4,4,1.0,14,33,1198.0,0.4184521470833516,71.87029111732674,42.29290437099802,5.968945155555559,691.1531994464355,1569.76017130621,3903.732,1155.121,585.018,2163.5930000000003,943.591,2960.1410000000005,24.17151074920102,1,1,0,0,0,46.0,46.0,46.0,1.0,0.0,0.0,0.0,1,0,0.0,0.0,0.0,1.0,1.0,0.0,0.0,0.0,1.0,0.0,10,1,2023,10,3,1,0,0,1,1,0,1,LEVE,0
3,2,21,0,4,1,-6.57864,-76.32731,0,4,7,1,2,1,1,2,7758.33400008,2.0,2,0,1.0,9,20,2133.0,0.5752547056128068,74.59481022960637,61.21900646816152,8.00174569254187,1132.8842067117118,3470.9593147751607,5645.136,815.0759999999999,965.298,3864.762,1013.406,4631.73,17.95184385283189,5,2,0,0,3,67.0,58.0,76.0,1.0,0.0,1.0,1.0,2,0,0.0,0.0,1.0,0.0,1.0,0.0,1.0,0.0,1.0,1.0,15,3,2021,12,19,6,1,1,1,1,0,1,GRAVE_MORTALIDAD,2
0,1,7,0,4,1,-13.605801870107378,-71.72711387009552,0,4,7,1,2,0,0,2,3447.8009999999995,1.0,2,3,0.0,9,12,1109.0,0.4479676236050441,63.30882145145972,67.24479045772004,7.580797561744292,698.3309065509212,5653.304068522484,17779.13499998999,2097.3709999899997,2863.123,12818.640999999989,2878.713,14900.421999989989,16.19152450331032,2,1,0,1,0,39.0,39.0,39.0,1.0,0.0,0.0,0.0,1,0,0.0,1.0,0.0,0.0,0.0,0.0,1.0,0.0,0.0,0.0,19,2,2023,2,5,6,1,0,2,0,0,1,LEVE,0
3,2,7,0,4,1,-14.880277,-71.216049,7,4,0,1,2,2,2,2,1780.161,1.0,1,3,0.0,9,32,490.0,0.3947357298822749,66.64682076332791,61.05871728905667,5.999409696750664,549.0221656567701,5092.139186295502,17779.13499998999,2097.3709999899997,2863.123,12818.640999999989,2878.713,14900.421999989989,16.19152450331032,2,2,0,0,0,41.0,29.0,53.0,1.0,1.0,0.0,0.0,2,0,0.0,0.0,0.0,1.0,1.0,0.0,1.0,0.0,0.0,1.0,13,3,2022,9,13,1,0,0,2,1,0,1,LEVE,0
3,2,12,0,4,1,-7.091828,-79.526483,0,4,7,1,2,2,2,2,6543.555,3.0,2,0,1.0,0,30,1475.0,0.5114727232493018,78.60606800160349,61.153108160372966,6.422343227671115,862.4189512831092,24701.19700214133,8931.828000000005,1335.5899999999997,1935.9830000000004,5660.255000000005,1219.309,7712.519000000005,13.651281686122925,2,2,0,0,0,52.5,42.0,63.0,1.0,0.0,0.0,0.0,2,0,0.0,1.0,1.0,0.0,1.0,0.0,1.0,0.0,0.0,1.0,17,3,2023,9,28,3,0,1,0,1,1,1,LEVE,0
10,1,2,0,4,1,-13.865215776551064,-72.77140369455645,6,5,6,2,6,2,2,0,2176.715,1.0,1,3,0.0,9,32,756.0,0.3370056047597859,70.05724875416726,65.1043188096213,4.455843522984004,395.04178500940327,4161.494646680942,8358.971,1282.451,1298.0969999999998,5778.423,1432.683,6926.288,17.139466089785454,5,1,0,0,4,27.0,27.0,27.0,1.0,0.0,0.0,0.0,1,0,0.0,0.0,1.0,0.0,0.0,1.0,0.0,0.0,0.0,0.0,8,1,2023,3,3,4,0,0,2,1,0,1,GRAVE_MORTALIDAD,2