CLASE SINIESTRO,CANTIDAD DE VEHICULOS DAÑADOS,DEPARTAMENTO,ZONA,TIPO DE VÍA,RED VIAL,COORDENADAS LATITUD,COORDENADAS  LONGITUD,CONDICIÓN CLIMÁTICA,ZONIFICACIÓN,CARACTERÍSTICAS DE VÍA,PERFIL LONGITUDINAL VÍA,SUPERFICIE DE CALZADA,¿EXISTE SEÑAL VERTICAL?,¿EXISTE SEÑAL HORIZONTAL?,CAUSA FACTOR PRINCIPAL,MTC_RVN_LONGITUD_KM,MTC_RVN_N_CARRILES_MEDIANA,MTC_RVN_SUPERFICIE_DOMINANTE,MTC_RVN_ESTADO_DOMINANTE,MTC_RVN_ES_CONCESIONADA,MTC_RVN_CONCESION_PRINCIPAL,MTC_RVN_CORREDOR_LOGISTICO,MTC_RVN_N_TRAMOS,IDH_2019,IDH_ESP_VIDA_2019,IDH_EDUC_SECUND_PCT_2019,IDH_ANIOS_EDUC_2019,IDH_INGRESO_PERCAP_2019,IDH_POBLACION_2019,MTC_DEP_RED_TOTAL_KM,MTC_DEP_NACIONAL_TOTAL_KM,MTC_DEP_DEPARTAMENTAL_TOTAL_KM,MTC_DEP_VECINAL_TOTAL_KM,MTC_DEP_PAV_TOTAL_KM,MTC_DEP_NO_PAV_TOTAL_KM,MTC_DEP_PCT_PAVIMENTADA,PER_TOTAL_PERSONAS,PER_N_CONDUCTORES,PER_N_CONDUCTORES_FUGADOS,PER_N_PEATONES,PER_N_PASAJEROS_OCUPANTES,PER_EDAD_COND_PROM,PER_EDAD_COND_MIN,PER_EDAD_COND_MAX,PER_ANY_COND_MASCULINO,PER_ANY_LIC_PROBLEMA,PER_ANY_DOSAJE_POS,PER_ANY_DOSAJE_EVALUADO,VEH_TOTAL,VEH_N_FUGADOS,VEH_ANY_FUGADO,VEH_ANY_CARGA,VEH_ANY_PUBLICO,VEH_ANY_PARTICULAR,VEH_ANY_MOTO,VEH_ANY_AUTO,VEH_ANY_CAMION_BUS,VEH_ANY_SOAT_PROBLEMA,VEH_ANY_CITV_PROBLEMA,VEH_ANY_SEGURO_PROBLEMA,HORA_NUM,FRANJA_HORARIA,ANIO,MES,DIA_MES,DIA_SEMANA,ES_FIN_SEMANA,ES_QUINCENA,REGION_NATURAL,TIENE_SEÑALIZACION,ES_VIA_MULTICARRIL,ES_DEPTO_BAJO_PAVIMENTO,CATEGORIA_SEVERIDAD,CATEGORIA_SEVERIDAD_ENC
0,1,14,2,4,1,-12.024616,-77.05868041,0,0,7,0,2,2,2,0,6543.555,3.0,2,0,1.0,0,30,1475.0,0.7419979630670723,80.31822295927182,79.00446395716813,11.084203715652809,1554.6868971011318,739416.2413542903,7626.313,1683.4029999999998,1599.0829999999996,4343.827000000001,1814.875,5811.438000000001,23.797541485643197,2,1,0,1,0,31.0,31.0,31.0,1.0,0.0,0.0,0.0,1,0,0.0,1.0,0.0,0.0,0.0,0.0,1.0,0.0,0.0,0.0,3,0,2023,11,21,1,0,1,0,1,1,1,LEVE,0
3,2,19,2,4,1,-4.913453409734056,-80.6721137886538,0,4,7,1,2,2,2,2,640.6200000000001,2.0,2,3,0.0,9,32,72.0,0.5657000696312142,79.93504063107561,71.14438533384025,9.31841991972829,829.1233898514824,181599.8115631692,8965.846000060003,1782.4120000599992,636.9959999999999,6546.438000000004,2214.505000059999,6751.341000000004,24.699342371541725,3,2,0,0,1,46.5,27.0,66.0,1.0,1.0,0.0,1.0,2,0,0.0,0.0,0.0,1.0,1.0,0.0,1.0,0.0,1.0,1.0,17,3,2022,5,9,0,0,0,0,1,0,1,LEVE,0
2,2,7,0,4,0,-14.423584,-72.065955,0,4,7,1,2,2,2,3,6543.555,2.0,4,4,1.0,14,33,1198.0,0.339323744940919,67.8567694463257,60.573677132379146,5.206321478431428,388.7128879370376,24527.03426124197,17779.13499998999,2097.3709999899997,2863.123,12818.640999999989,2878.713,14900.421999989989,16.19152450331032,2,1,0,0,1,40.0,40.0,40.0,1.0,0.0,0.0,0.0,1,0,0.0,0.0,0.0,1.0,0.0,0.0,1.0,0.0,0.0,0.0,7,1,2025,6,12,3,0,0,2,1,0,1,LEVE,0
6,1,20,0,4,0,-14.257888433052557,-69.17696564787424,0,4,0,1,7,2,2,5,6543.555,2.0,4,4,1.0,14,33,1198.0,0.3774724466573285,74.08911939577227,45.910498742132894,7.27912911324001,420.0091939101,1923.8993576017128,13642.312999999998,2020.7790000000005,2354.117,9267.416999999998,3314.0520000000006,10328.260999999997,24.29244952817019,2,1,0,0,1,36.0,36.0,36.0,1.0,0.0,0.0,0.0,1,0,0.0,0.0,0.0,1.0,0.0,0.0,1.0,1.0,1.0,1.0,12,3,2021,12,1,2,0,0,2,1,0,1,GRAVE_MORTALIDAD,2
1,1,14,2,4,1,-11.61655,-77.22741,0,0,7,1,2,2,2,0,114.25,2.0,2,0,1.0,12,32,15.0,0.606011890732538,79.10580202061365,64.14379964647316,7.172095916125169,1269.9879605915198,20981.39186295503,7626.313,1683.4029999999998,1599.0829999999996,4343.827000000001,1814.875,5811.438000000001,23.797541485643197,2,1,1,1,0,37.0,33.0,40.0,0.0,0.0,0.0,0.0,1,1,1.0,0.0,0.0,0.0,0.0,0.0,0.0,0.0,0.0,1.0,4,0,2022,5,27,4,0,1,0,1,0,1,LEVE,0
6,1,5,0,4,2,-7.30782322765668,-78.4592540037018,0,4,0,0,3,2,2,2,6543.555,2.0,4,4,1.0,14,33,1198.0,0.2871763458712909,71.92284374528238,38.46051957702505,4.470383362620207,312.57454505408714,4874.023554603855,15935.565011852366,1733.9250000199986,935.692,13265.948011832368,2000.1670000199988,13935.398011832369,12.551591352627522,3,1,0,0,2,44.0,44.0,44.0,1.0,1.0,0.0,1.0,1,0,0.0,0.0,0.0,1.0,0.0,1.0,0.0,0.0,1.0,0.0,23,2,2024,12,14,5,1,0,2,1,0,1,GRAVE_MORTALIDAD,2
1,1,12,0,4,1,-8.172859,-78.999754,0,4,7,1,2,2,2,0,6543.555,3.0,2,0,1.0,0,30,1475.0,0.618325375347301,78.45577068094175,66.18977766598024,9.47415720612109,1128.5991234425228,37258.80942184154,8931.828000000005,1335.5899999999997,1935.9830000000004,5660.255000000005,1219.309,7712.519000000005,13.651281686122925,2,1,1,1,0,37.0,33.0,40.0,0.0,0.0,0.0,0.0,1,1,1.0,0.0,0.0,0.0,0.0,0.0,0.0,0.0,0.0,1.0,20,2,2022,8,21,6,1,1,0,1,1,1,LEVE,0
3,2,14,0,4,1,-10.65249977216015,-77.84463793068983,0,4,7,1,2,1,0,2,6543.555,3.0,2,0,1.0,0,30,1475.0,0.6268687897946689,82.18096720561557,72.30753381266985,8.959173721649861,1090.279660993292,20521.346895074952,7626.313,1683.4029999999998,1599.0829999999996,4343.827000000001,1814.875,5811.438000000001,23.797541485643197,5,2,0,0,3,47.5,42.0,53.0,1.0,0.0,0.0,1.0,2,0,0.0,0.0,1.0,1.0,0.0,1.0,1.0,0.0,0.0,0.0,11,1,2021,3,20,5,1,1,0,1,1,1,GRAVE_MORTALIDAD,2
3,2,19,0,4,1,-5.230776,-80.049811,0,4,7,1,2,2,2,2,722.9000000000002,2.0,1,0,1.0,2,32,123.0,0.3893523155396837,73.6911779276771,49.78375684989758,4.513910151215105,616.2310203311459,12720.513918629553,8965.846000060003,1782.4120000599992,636.9959999999999,6546.438000000004,2214.505000059999,6751.341000000004,24.699342371541725,2,2,0,0,0,33.5,23.0,44.0,1.0,0.0,1.0,1.0,2,0,0.0,0.0,0.0,1.0,1.0,0.0,0.0,0.0,1.0,1.0,20,2,2022,12,1,3,0,0,0,1,0,1,LEVE,0
6,1,11,2,4,1,-11.81468,-75.620389,0,4,0,1,2,0,1,2,7586.903,2.0,2,0,1.0,9,5,1198.0,0.4545643050211295,68.73444804749025,55.05670880126828,7.076811092931955,737.237129067086,1424.8051391862955,12264.545,1826.4639999999995,1105.5389999999998,9332.542,1588.5359999999996,10676.009,12.952261987705208,1,1,0,0,0,37.0,37.0,37.0,1.0,0.0,0.0,0.0,1,0,0.0,0.0,0.0,1.0,0.0,1.0,0.0,0.0,0.0,0.0,7,1,2024,1,13,5,1,0,2,1,0,1,LEVE,0
10,1,21,0,4,1,-6.46204258484236,-76.3075259136862,0,4,0,0,2,0,1,2,631.88,2.0,2,0,1.0,1,20,65.0,0.5922286793787175,72.59477240316922,67.39355678691273,8.909919415857164,1146.168364233512,47338.141327623125,5645.136,815.0759999999999,965.298,3864.762,1013.406,4631.73,17.95184385283189,1,1,0,0,0,34.0,34.0,34.0,1.0,0.0,0.0,1.0,1,0,0.0,0.0,0.0,1.0,1.0,0.0,0.0,1.0,1.0,1.0,18,2,2022,1,14,4,0,0,1,1,0,1,LEVE,0
3,1,6,2,2,4,-12.055772845365071,-77.12188849777318,0,3,7,1,2,2,2,6,6543.555,2.0,4,4,1.0,14,33,1198.0,0.5563774842369664,77.00938809632027,69.10246351364754,8.476961866273152,914.8835608305218,27932.19700214133,51.58600000000001,44.68700000000001,6.899000000000001,0.0,49.838000000000015,1.748,96.61148373589734,2,2,0,0,0,48.5,47.0,50.0,1.0,1.0,0.0,0.0,2,0,0.0,0.0,1.0,1.0,0.0,0.0,1.0,1.0,1.0,1.0,11,1,2021,2,12,4,0,0,2,1,0,0,LEVE,0
3,1,20,0,4,1,-16.173728959368795,-69.53539959576443,0,4,7,1,2,2,2,2,7586.903,2.0,2,0,1.0,9,5,1198.0,0.4020198374784472,77.80062735845667,75.295761294875,7.279851651626652,372.63390314535104,50686.62526766595,13642.312999999998,2020.7790000000005,2354.117,9267.416999999998,3314.0520000000006,10328.260999999997,24.29244952817019,2,2,1,0,0,44.0,44.0,44.0,1.0,0.0,0.0,0.0,2,1,1.0,0.0,0.0,1.0,1.0,0.0,0.0,0.0,0.0,1.0,2,0,2023,4,3,0,0,0,2,1,0,1,LEVE,0
3,1,14,2,2,4,-12.18744311,-76.995348,0,3,1,1,2,2,2,2,6543.555,2.0,4,4,1.0,14,33,1198.0,0.7583553928164398,79.82595632107274,76.7651270103073,11.46351379457763,1662.7771470294065,333655.3618843683,7626.313,1683.4029999999998,1599.0829999999996,4343.827000000001,1814.875,5811.438000000001,23.797541485643197,3,2,0,0,1,42.5,31.0,54.0,1.0,0.0,0.0,0.0,2,0,0.0,0.0,1.0,1.0,1.0,0.0,0.0,0.0,1.0,1.0,10,1,2023,1,1,6,1,0,0,1,0,1,LEVE,0
1,1,14,0,4,1,-11.1920014,-76.6458709,2,4,5,0,1,1,0,0,782.3000000000001,-1.0,0,0,1.0,9,15,161.0,0.5008795105432349,82.40350546439113,44.83847830254029,7.649487307453444,788.3371710884976,319.7558886509637,7626.313,1683.4029999999998,1599.0829999999996,4343.827000000001,1814.875,5811.438000000001,23.797541485643197,2,1,1,1,0,37.0,33.0,40.0,0.0,0.0,0.0,0.0,1,1,1.0,0.0,0.0,0.0,0.0,0.0,0.0,0.0,0.0,1.0,16,3,2025,2,16,6,1,1,0,1,0,1,LEVE,0
0,1,14,2,2,4,-11.92211197,-77.0421882,0,3,7,1,2,2,2,0,6543.555,2.0,4,4,1.0,14,33,1198.0,0.7218926988400113,80.0902077245261,77.9581888264889,10.971588327733102,1458.3206086290393,530000.3426124197,7626.313,1683.4029999999998,1599.0829999999996,4343.827000000001,1814.875,5811.438000000001,23.797541485643197,2,1,0,1,0,24.0,24.0,24.0,1.0,0.0,0.0,0.0,1,0,0.0,0.0,0.0,1.0,0.0,1.0,0.0,0.0,0.0,0.0,4,0,2023,10,6,4,0,0,0,1,0,1,LEVE,0
3,2,23,0,4,1,-3.61890513694658,-80.5230475166071,7,4,0,1,2,2,2,2,6543.555,3.0,2,0,1.0,0,30,1475.0,0.5691277377037675,76.83860361118322,66.3560753457607,8.686409348773196,962.153294603348,23971.755888650965,1009.101,138.47399999999996,287.471,583.156,276.972,732.129,27.447401201663663,2,2,0,0,0,41.5,32.0,51.0,1.0,1.0,0.0,1.0,2,0,0.0,1.0,0.0,1.0,1.0,0.0,1.0,0.0,0.0,0.0,18,2,2023,3,20,0,0,1,0,1,1,1,LEVE,0
0,1,14,2,2,4,-11.95944972898839,-76.98744266973806,0,0,1,1,2,0,1,4,6543.555,2.0,4,4,1.0,14,33,1198.0,0.701053025277506,79.62867561460851,73.1469484600971,10.064317505194426,1464.6926161541437,1150285.0494171206,7626.313,1683.4029999999998,1599.0829999999996,4343.827000000001,1814.875,5811.438000000001,23.797541485643197,2,1,0,1,0,20.0,20.0,20.0,1.0,1.0,0.0,0.0,1,0,0.0,0.0,1.0,0.0,0.0,0.0,1.0,1.0,1.0,1.0,19,2,2024,2,23,4,0,1,0,1,0,1,LEVE,0
6,1,6,2,2,4,-11.846209305910964,-77.13424790406403,0,3,2,0,1,2,2,6,6543.555,2.0,4,4,1.0,14,33,1198.0,0.5563774842369664,77.00938809632027,69.10246351364754,8.476961866273152,914.8835608305218,27932.19700214133,51.58600000000001,44.68700000000001,6.899000000000001,0.0,49.838000000000015,1.748,96.61148373589734,4,1,1,1,2,37.0,33.0,40.0,0.0,0.0,0.0,0.0,1,0,0.0,0.0,1.0,0.0,0.0,0.0,1.0,0.0,1.0,0.0,17,3,2021,7,5,0,0,0,2,1,0,0,LEVE,0
0,1,20,0,4,1,-15.853614,-69.964506,0,4,7,1,2,2,2,4,7586.903,2.0,2,0,1.0,9,5,1198.0,0.6488901960567479,69.67312345830231,82.12448375199249,11.701623814093702,1230.336353415943,144745.3597430407,13642.312999999998,2020.7790000000005,2354.117,9267.416999999998,3314.0520000000006,10328.260999999997,24.29244952817019,2,1,0,1,0,69.0,69.0,69.0,1.0,0.0,0.0,0.0,1,0,0.0,0.0,1.0,0.0,0.0,0.0,1.0,0.0,0.0,0.0,8,1,2024,7,17,2,0,1,2,1,0,1,LEVE,0
3,1,14,2,2,4,-11.967223,-76.936176,0,4,7,1,2,2,2,2,6543.555,2.0,4,4,1.0,14,33,1198.0,0.6831952456039544,78.60873873772867,74.49000793376607,10.00420210847705,1376.0472418044385,255143.7301927195,7626.313,1683.4029999999998,1599.0829999999996,4343.827000000001,1814.875,5811.438000000001,23.797541485643197,6,3,0,1,2,44.66666666666666,41.0,52.0,1.0,1.0,0.0,0.0,3,0,0.0,0.0,0.0,1.0,0.0,0.0,1.0,0.0,1.0,0.0,13,3,2021,4,15,3,0,1,0,1,0,1,LEVE,0
3,2,21,0,4,1,-6.016687,-77.233884,0,4,7,1,2,2,2,2,7758.33400008,2.0,2,0,1.0,9,20,2133.0,0.5963332411867256,73.80959983510441,63.34953560123128,8.251886446437874,1232.7304200473363,24031.167023554604,5645.136,815.0759999999999,965.298,3864.762,1013.406,4631.73,17.95184385283189,3,2,0,0,1,32.5,28.0,37.0,1.0,1.0,0.0,0.0,2,0,0.0,0.0,1.0,1.0,1.0,0.0,0.0,1.0,1.0,1.0,3,0,2024,7,15,0,0,1,1,1,0,1,LEVE,0
6,1,8,0,4,0,-12.70278,-74.640874,0,4,0,1,7,2,2,6,6543.555,2.0,4,4,1.0,14,33,1198.0,0.1970301566869,72.13710828520209,44.34919107180657,4.4031612824594415,119.16938006047737,4717.710920770877,8511.426,1445.3929999999996,2008.516,5057.516999999999,1879.579,6631.846999999998,22.08300935706896,2,1,0,0,1,40.0,40.0,40.0,1.0,0.0,0.0,0.0,1,0,0.0,0.0,1.0,0.0,1.0,0.0,0.0,0.0,1.0,0.0,19,2,2022,6,5,6,1,0,2,1,0,1,LEVE,0
0,1,7,0,4,1,-14.153503,-71.456701,0,4,7,1,2,0,1,2,566.7160000000001,2.0,5,2,0.0,9,3,137.0,0.2991005536829932,62.21917574632246,64.88351505215614,6.097392066469024,274.9537670789565,1773.610278372591,17779.13499998999,2097.3709999899997,2863.123,12818.640999999989,2878.713,14900.421999989989,16.19152450331032,2,1,0,1,0,29.0,29.0,29.0,1.0,0.0,1.0,1.0,1,0,0.0,0.0,1.0,0.0,0.0,0.0,1.0,0.0,0.0,0.0,14,3,2022,2,4,4,0,0,2,1,0,1,LEVE,0
6,1,19,0,4,2,-4.931,-80.631,0,4,7,1,1,2,2,0,6543.555,2.0,4,4,1.0,14,33,1198.0,0.5657000696312142,79.93504063107561,71.14438533384025,9.31841991972829,829.1233898514824,181599.8115631692,8965.846000060003,1782.4120000599992,636.9959999999999,6546.438000000004,2214.505000059999,6751.341000000004,24.699342371541725,1,1,0,0,0,19.0,19.0,19.0,1.0,1.0,0.0,0.0,1,0,0.0,0.0,0.0,1.0,1.0,0.0,0.0,1.0,1.0,1.0,23,2,2022,7,16,5,1,1,0,1,0,1,LEVE,0
2,1,14,0,2,4,-12.30346628,-76.7806483,0,4,7,0,7,2,2,2,6543.555,2.0,4,4,1.0,14,33,1198.0,0.6959889140821508,77.1307027422061,67.89627023388005,10.144340935046175,1549.2819792545554,12550.856531049252,7626.313,1683.4029999999998,1599.0829999999996,4343.827000000001,1814.875,5811.438000000001,23.797541485643197,2,1,0,0,1,53.0,53.0,53.0,1.0,0.0,0.0,0.0,1,0,0.0,1.0,0.0,0.0,0.0,0.0,1.0,0.0,1.0,0.0,16,3,2023,4,24,0,0,1,0,1,0,1,LEVE,0
0,1,20,2,6,4,-15.472323144676528,-70.11054039442485,0,3,7,1,7,2,2,4,6543.555,2.0,4,4,1.0,14,33,1198.0,0.5759734352119,73.55929462493827,78.89306383943827,10.174966342239475,888.1716010638444,232834.39603082248,13642.312999999998,2020.7790000000005,2354.117,9267.416999999998,3314.0520000000006,10328.260999999997,24.29244952817019,2,1,0,1,0,50.0,50.0,50.0,1.0,0.0,0.0,0.0,1,0,0.0,1.0,0.0,0.0,0.0,0.0,1.0,0.0,0.0,0.0,12,3,2022,11,10,3,0,0,2,1,0,1,LEVE,0
6,1,11,0,4,1,-10.955558578167285,-75.22837130424345,0,4,7,1,2,2,2,2,5768.608,2.0,3,1,0.0,9,32,365.0,0.4295860411633357,74.52920034355449,56.24873272101314,6.697659727647938,572.4658040665552,73767.52890792291,12264.545,1826.4639999999995,1105.5389999999998,9332.542,1588.5359999999996,10676.009,12.952261987705208,1,1,0,0,0,23.0,23.0,23.0,1.0,1.0,0.0,0.0,1,0,0.0,0.0,0.0,1.0,1.0,0.0,0.0,1.0,1.0,1.0,2,0,2022,12,12,0,0,0,2,1,0,1,LEVE,0
6,1,15,2,4,0,-3.78496327320028,-73.2997994964073,0,4,7,1,2,2,2,2,6543.555,2.0,4,4,1.0,14,33,1198.0,0.578134350962316,72.90307998335238,55.49705098903474,10.509480811415798,1057.596132242517,149460.57173447538,1095.5949999999998,128.87099999999998,320.74700000000007,645.9769999999999,274.214,821.381,25.02877431897737,1,1,0,0,0,55.0,55.0,55.0,1.0,1.0,0.0,0.0,1,0,0.0,0.0,0.0,0.0,1.0,0.0,0.0,1.0,1.0,1.0,1,0,2022,11,18,4,0,1,1,1,0,1,LEVE,0
3,2,20,0,4,2,-15.419878082612398,-70.0500696320667,0,4,7,1,2,2,2,6,6543.555,2.0,4,4,1.0,14,33,1198.0,0.2399049659709538,73.66748174046536,65.59496565670392,5.108032967220759,142.3423295419015,4818.295503211992,13642.312999999998,2020.7790000000005,2354.117,9267.416999999998,3314.0520000000006,10328.260999999997,24.29244952817019,2,2,0,0,0,48.0,39.0,57.0,1.0,1.0,0.0,0.0,2,0,0.0,0.0,0.0,1.0,1.0,1.0,0.0,0.0,1.0,0.0,19,2,2021,5,13,3,0,0,2,1,0,1,LEVE,0
1,1,9,0,4,1,-10.076634,-76.218674,0,4,7,1,2,2,2,0,9936.932,2.0,2,0,1.0,9,32,3830.0,0.4099761862104573,75.21754572690584,49.32523159637682,4.993439572064588,644.3528377665261,5708.92505353319,8209.057,1333.4779999999996,791.9770000000001,6083.602,1059.8589999999997,7149.198,12.910849565303296,2,1,1,1,0,37.0,33.0,40.0,0.0,0.0,0.0,0.0,1,1,1.0,0.0,0.0,0.0,0.0,0.0,0.0,0.0,0.0,1.0,8,1,2021,7,19,0,0,1,2,1,0,1,LEVE,0
3,2,12,0,4,1,-8.540948,-78.675924,0,4,7,1,2,2,2,2,6543.555,3.0,2,0,1.0,0,30,1475.0,0.4971504606547645,77.79759708660042,46.44666297237219,6.322206801902116,929.9716106661404,44368.59100642397,8931.828000000005,1335.5899999999997,1935.9830000000004,5660.255000000005,1219.309,7712.519000000005,13.651281686122925,3,2,0,0,1,28.0,27.0,29.0,1.0,1.0,0.0,0.0,2,0,0.0,1.0,0.0,1.0,1.0,0.0,1.0,0.0,0.0,0.0,15,3,2023,12,12,1,0,0,0,1,1,1,LEVE,0
3,2,8,0,4,1,-13.353474,-74.954488,0,4,7,1,2,2,2,2,151.11500000000004,1.0,1,3,0.0,9,32,37.0,0.2997946406100768,72.83003345209801,46.42647217987546,4.997510303405721,292.6881439974165,3327.8779443254816,8511.426,1445.3929999999996,2008.516,5057.516999999999,1879.579,6631.846999999998,22.08300935706896,10,2,0,0,8,28.0,28.0,28.0,1.0,1.0,0.0,1.0,2,0,0.0,0.0,0.0,1.0,0.0,1.0,1.0,0.0,0.0,0.0,1,0,2021,3,13,5,1,0,2,1,0,1,GRAVE_MORTALIDAD,2
3,2,21,2,4,1,-6.065207,-76.923387,0,4,7,1,2,2,2,2,7758.33400008,2.0,2,0,1.0,9,20,2133.0,0.5294800468051228,72.46713251445857,60.50982579904599,7.757161651692042,952.984823255978,86435.21199143468,5645.136,815.0759999999999,965.298,3864.762,1013.406,4631.73,17.95184385283189,2,2,0,0,0,58.0,43.0,73.0,1.0,0.0,0.0,1.0,2,0,0.0,0.0,0.0,1.0,1.0,1.0,0.0,0.0,0.0,0.0,18,2,2021,7,4,6,1,0,1,1,0,1,LEVE,0
6,1,7,0,4,0,-13.513281668998784,-72.52386631832593,0,4,7,1,2,2,2,2,6543.555,2.0,4,4,1.0,14,33,1198.0,0.4039638292503104,73.01962146656598,46.462786926551615,6.233385645235881,568.0901664552928,2500.27408993576,17779.13499998999,2097.3709999899997,2863.123,12818.640999999989,2878.713,14900.421999989989,16.19152450331032,1,1,0,0,0,51.0,51.0,51.0,1.0,0.0,0.0,1.0,1,0,0.0,0.0,0.0,1.0,0.0,1.0,0.0,0.0,1.0,0.0,7,1,2025,4,26,5,1,1,2,1,0,1,LEVE,0
3,2,5,0,4,1,-5.256299,-78.823819,0,4,0,0,2,0,1,0,7758.33400008,2.0,2,0,1.0,9,20,2133.0,0.3892940905457197,75.5719627800036,47.67488871800354,5.313057380273734,537.3986971669038,13817.460385438972,15935.565011852366,1733.9250000199986,935.692,13265.948011832368,2000.1670000199988,13935.398011832369,12.551591352627522,2,2,0,0,0,34.5,27.0,42.0,1.0,0.0,0.0,0.0,2,0,0.0,1.0,0.0,1.0,1.0,0.0,1.0,0.0,1.0,0.0,4,0,2022,9,17,5,1,1,2,1,0,1,LEVE,0
6,1,12,0,4,3,-7.741712,-77.61664,0,4,7,1,7,2,2,5,6543.555,2.0,4,4,1.0,14,33,1198.0,0.4686292122960986,72.39347765706144,42.14285241633188,6.687776775372348,878.2652317159998,9440.374732334049,8931.828000000005,1335.5899999999997,1935.9830000000004,5660.255000000005,1219.309,7712.519000000005,13.651281686122925,6,1,0,0,5,43.0,43.0,43.0,1.0,0.0,0.0,0.0,1,0,0.0,1.0,0.0,0.0,0.0,0.0,1.0,0.0,1.0,0.0,10,1,2022,9,16,4,0,1,0,1,0,1,GRAVE_MORTALIDAD,2
0,0,14,2,2,4,-12.172279177547225,-76.98347013548386,5,3,7,1,2,2,2,0,6543.555,2.0,4,4,1.0,14,33,1198.0,0.7583553928164398,79.82595632107274,76.7651270103073,11.46351379457763,1662.7771470294065,333655.3618843683,7626.313,1683.4029999999998,1599.0829999999996,4343.827000000001,1814.875,5811.438000000001,23.797541485643197,2,1,0,1,0,70.0,70.0,70.0,1.0,0.0,0.0,0.0,1,0,0.0,0.0,1.0,0.0,0.0,0.0,1.0,0.0,0.0,0.0,23,2,2021,8,21,5,1,1,0,1,0,1,LEVE,0
3,2,10,2,4,1,-13.832273,-76.171214,0,4,7,1,2,2,2,2,151.67999999999998,2.0,2,3,0.0,9,11,30.0,0.6292184793170688,75.99906028374495,67.79982853272203,9.796858559039824,1204.177835421263,8492.554603854389,3721.461,698.1859999999996,744.866,2278.409,1102.9029999999996,2618.558,29.636290693359403,4,2,0,0,2,61.0,57.0,65.0,1.0,1.0,0.0,1.0,2,0,0.0,0.0,0.0,1.0,0.0,1.0,0.0,0.0,1.0,0.0,19,2,2021,6,7,0,0,0,0,1,0,1,LEVE,0
1,0,20,0,4,1,-15.4468199,-70.1415445,0,4,0,1,2,2,2,2,7586.903,2.0,2,0,1.0,9,5,1198.0,0.5759734352119,73.55929462493827,78.89306383943827,10.174966342239475,888.1716010638444,232834.39603082248,13642.312999999998,2020.7790000000005,2354.117,9267.416999999998,3314.0520000000006,10328.260999999997,24.29244952817019,2,1,1,1,0,37.0,33.0,40.0,0.0,0.0,0.0,0.0,1,1,1.0,0.0,0.0,0.0,0.0,0.0,0.0,0.0,0.0,1.0,21,2,2021,11,29,0,0,1,2,1,0,1,LEVE,0
3,1,14,2,4,1,-11.899354,-77.067782,0,0,7,1,2,2,2,2,6543.555,3.0,2,0,1.0,0,30,1475.0,0.6632628912836565,79.15155564666024,73.19223743118206,9.629669813837666,1289.452647666346,383699.2119914347,7626.313,1683.4029999999998,1599.0829999999996,4343.827000000001,1814.875,5811.438000000001,23.797541485643197,2,2,0,0,0,29.0,22.0,36.0,1.0,1.0,0.0,0.0,2,0,0.0,0.0,1.0,0.0,1.0,0.0,1.0,0.0,1.0,1.0,20,2,2023,5,22,0,0,1,0,1,1,1,LEVE,0
3,2,10,0,4,1,-14.987353,-74.995931,0,4,0,0,2,1,0,0,6639.975,2.0,2,0,1.0,9,31,1616.0,0.5563774842369664,77.00938809632027,69.10246351364754,8.476961866273152,914.8835608305218,27932.19700214133,3721.461,698.1859999999996,744.866,2278.409,1102.9029999999996,2618.558,29.636290693359403,6,2,0,0,4,47.5,28.0,67.0,1.0,1.0,0.0,1.0,2,0,0.0,1.0,0.0,1.0,0.0,1.0,1.0,0.0,0.0,0.0,4,0,2023,1,28,5,1,1,0,1,0,1,GRAVE_LESIONADOS,1
3,1,3,2,2,4,-16.3451320754109,-71.5845086956664,0,3,1,1,2,1,1,0,6543.555,2.0,4,4,1.0,14,33,1198.0,0.6455852322566902,78.58826324858522,78.38415596279924,8.472481180514539,1258.6172876652156,2628.282655246253,10322.272,1495.236,1749.739,7077.2970000000005,2886.595,7435.677000000001,27.964725207783708,2,2,0,0,0,32.5,29.0,36.0,1.0,0.0,0.0,1.0,2,0,0.0,0.0,0.0,1.0,1.0,1.0,0.0,1.0,1.0,1.0,5,0,2025,1,20,0,0,1,0,1,0,1,LEVE,0
3,2,19,0,4,1,-4.635888944321333,-80.21608463004686,0,4,7,1,2,2,2,2,640.6200000000001,2.0,2,3,0.0,9,32,72.0,0.4460358515525411,78.78138598624281,47.04925171219679,5.992153605249824,689.7789450041487,25138.147751606,8965.846000060003,1782.4120000599992,636.9959999999999,6546.438000000004,2214.505000059999,6751.341000000004,24.699342371541725,2,2,0,0,0,39.5,25.0,54.0,1.0,1.0,0.0,1.0,2,0,0.0,1.0,0.0,1.0,1.0,0.0,1.0,1.0,1.0,1.0,22,2,2022,9,5,0,0,0,0,1,0,1,LEVE,0
3,3,21,0,4,0,-5.946739,-77.228506,0,4,0,1,2,2,2,0,6543.555,2.0,4,4,1.0,14,33,1198.0,0.4797278789109669,73.57625129312893,47.93902103362005,6.3765489816209255,890.1840358018073,3398.1798715203427,5645.136,815.0759999999999,965.298,3864.762,1013.406,4631.73,17.95184385283189,3,3,0,0,0,31.0,26.0,40.0,1.0,1.0,0.0,0.0,3,0,0.0,1.0,1.0,1.0,1.0,0.0,1.0,1.0,1.0,1.0,12,3,2024,9,27,4,0,1,1,1,0,1,LEVE,0
6,1,14,2,2,4,-12.13744,-77.01514,0,2,7,1,2,2,2,2,6543.555,2.0,4,4,1.0,14,33,1198.0,0.8017574897902351,80.48487267736287,78.74302427848284,13.156716040468266,1766.1488062170545,359776.608137045,7626.313,1683.4029999999998,1599.0829999999996,4343.827000000001,1814.875,5811.438000000001,23.797541485643197,1,1,0,0,0,35.0,35.0,35.0,1.0,0.0,0.0,0.0,1,0,0.0,0.0,0.0,1.0,0.0,0.0,1.0,0.0,0.0,0.0,8,1,2021,3,19,4,0,1,0,1,0,1,LEVE,0
5,1,14,0,4,1,-11.932369,-77.072179,0,4,7,1,2,2,2,2,6543.555,3.0,2,0,1.0,0,30,1475.0,0.7218926988400113,80.0902077245261,77.9581888264889,10.971588327733102,1458.3206086290393,530000.3426124197,7626.313,1683.4029999999998,1599.0829999999996,4343.827000000001,1814.875,5811.438000000001,23.797541485643197,3,2,1,0,1,46.0,46.0,46.0,1.0,0.0,0.0,0.0,2,1,1.0,0.0,0.0,1.0,0.0,0.0,1.0,0.0,0.0,0.0,5,0,2021,1,28,3,0,1,0,1,1,1,LEVE,0
10,1,14,2,2,4,-11.961697,-76.982522,0,4,5,0,2,2,2,0,6543.555,2.0,4,4,1.0,14,33,1198.0,0.701053025277506,79.62867561460851,73.1469484600971,10.064317505194426,1464.6926161541437,1150285.0494171206,7626.313,1683.4029999999998,1599.0829999999996,4343.827000000001,1814.875,5811.438000000001,23.797541485643197,1,1,0,0,0,26.0,26.0,26.0,1.0,0.0,0.0,0.0,1,0,0.0,0.0,0.0,0.0,1.0,0.0,0.0,0.0,1.0,0.0,20,2,2021,3,4,3,0,0,0,1,0,1,LEVE,0
3,2,3,0,4,1,-16.534123,-71.800476,0,4,0,1,2,0,1,0,6639.975,2.0,2,0,1.0,9,31,1616.0,0.6105481451420971,78.10653088113892,68.35418098658066,8.411557426919764,1158.5430895193692,35025.678800856535,10322.272,1495.236,1749.739,7077.2970000000005,2886.595,7435.677000000001,27.964725207783708,2,2,0,0,0,39.5,24.0,55.0,1.0,0.0,0.0,0.0,2,0,0.0,1.0,0.0,1.0,1.0,0.0,1.0,0.0,0.0,0.0,5,0,2021,8,29,6,1,1,0,1,0,1,LEVE,0
1,1,3,2,4,0,-16.340633,-71.601875,5,4,7,1,2,2,2,0,6543.555,2.0,4,4,1.0,14,33,1198.0,0.6411767862503931,77.2408324916572,78.204125011303,10.595705083047717,1107.223861768016,193412.3169164882,10322.272,1495.236,1749.739,7077.2970000000005,2886.595,7435.677000000001,27.964725207783708,2,1,1,1,0,37.0,33.0,40.0,0.0,0.0,0.0,0.0,1,1,1.0,0.0,0.0,0.0,0.0,0.0,0.0,0.0,0.0,1.0,3,0,2022,8,7,6,1,0,0,1,0,1,LEVE,0