CLASE SINIESTRO,CANTIDAD DE VEHICULOS DAÑADOS,DEPARTAMENTO,ZONA,TIPO DE VÍA,RED VIAL,COORDENADAS LATITUD,COORDENADAS  LONGITUD,CONDICIÓN CLIMÁTICA,ZONIFICACIÓN,CARACTERÍSTICAS DE VÍA,PERFIL LONGITUDINAL VÍA,SUPERFICIE DE CALZADA,¿EXISTE SEÑAL VERTICAL?,¿EXISTE SEÑAL HORIZONTAL?,CAUSA FACTOR PRINCIPAL,MTC_RVN_LONGITUD_KM,MTC_RVN_N_CARRILES_MEDIANA,MTC_RVN_SUPERFICIE_DOMINANTE,MTC_RVN_ESTADO_DOMINANTE,MTC_RVN_ES_CONCESIONADA,MTC_RVN_CONCESION_PRINCIPAL,MTC_RVN_CORREDOR_LOGISTICO,MTC_RVN_N_TRAMOS,IDH_2019,IDH_ESP_VIDA_2019,IDH_EDUC_SECUND_PCT_2019,IDH_ANIOS_EDUC_2019,IDH_INGRESO_PERCAP_2019,IDH_POBLACION_2019,MTC_DEP_RED_TOTAL_KM,MTC_DEP_NACIONAL_TOTAL_KM,MTC_DEP_DEPARTAMENTAL_TOTAL_KM,MTC_DEP_VECINAL_TOTAL_KM,MTC_DEP_PAV_TOTAL_KM,MTC_DEP_NO_PAV_TOTAL_KM,MTC_DEP_PCT_PAVIMENTADA,PER_TOTAL_PERSONAS,PER_N_CONDUCTORES,PER_N_CONDUCTORES_FUGADOS,PER_N_PEATONES,PER_N_PASAJEROS_OCUPANTES,PER_EDAD_COND_PROM,PER_EDAD_COND_MIN,PER_EDAD_COND_MAX,PER_ANY_COND_MASCULINO,PER_ANY_LIC_PROBLEMA,PER_ANY_DOSAJE_POS,PER_ANY_DOSAJE_EVALUADO,VEH_TOTAL,VEH_N_FUGADOS,VEH_ANY_FUGADO,VEH_ANY_CARGA,VEH_ANY_PUBLICO,VEH_ANY_PARTICULAR,VEH_ANY_MOTO,VEH_ANY_AUTO,VEH_ANY_CAMION_BUS,VEH_ANY_SOAT_PROBLEMA,VEH_ANY_CITV_PROBLEMA,VEH_ANY_SEGURO_PROBLEMA,HORA_NUM,FRANJA_HORARIA,ANIO,MES,DIA_MES,DIA_SEMANA,ES_FIN_SEMANA,ES_QUINCENA,REGION_NATURAL,TIENE_SEÑALIZACION,ES_VIA_MULTICARRIL,ES_DEPTO_BAJO_PAVIMENTO,CATEGORIA_SEVERIDAD,CATEGORIA_SEVERIDAD_ENC
6,2,10,0,4,1,-13.37090848,-76.21061733,0,4,7,1,2,2,2,2,6639.975,2.0,2,0,1.0,9,31,1616.0,0.5736744275518083,81.67473861808857,68.1608574885675,9.138785887908334,865.1176766860625,26660.92933618844,3721.461,698.1859999999996,744.866,2278.409,1102.9029999999996,2618.558,29.636290693359403,8,2,0,0,6,31.0,26.0,36.0,1.0,0.0,0.0,0.0,2,0,0.0,1.0,0.0,0.0,0.0,1.0,1.0,1.0,1.0,0.0,15,3,2022,9,7,2,0,0,0,1,0,1,GRAVE_LESIONADOS,1
6,1,11,0,4,1,-11.763482,-75.713338,0,4,0,1,2,2,2,2,7586.903,2.0,2,0,1.0,9,5,1198.0,0.4545643050211295,68.73444804749025,55.05670880126828,7.076811092931955,737.237129067086,1424.8051391862955,12264.545,1826.4639999999995,1105.5389999999998,9332.542,1588.5359999999996,10676.009,12.952261987705208,2,1,0,0,1,21.0,21.0,21.0,1.0,0.0,0.0,0.0,1,0,0.0,0.0,0.0,1.0,1.0,0.0,0.0,0.0,1.0,0.0,22,2,2023,2,19,6,1,1,2,1,0,1,LEVE,0
3,2,24,2,2,4,-8.383484414941446,-74.55564789589198,0,0,1,1,4,1,0,2,6543.555,2.0,4,4,1.0,14,33,1198.0,0.5634769861561197,73.0016356967691,60.42057392437736,9.668331643433834,987.6889044977592,126065.34475374733,2689.139,392.697,1311.5319999999997,984.91,261.598,2427.541,9.727946379863592,2,2,0,0,0,31.5,21.0,42.0,1.0,1.0,1.0,1.0,2,0,0.0,0.0,0.0,1.0,1.0,0.0,0.0,0.0,1.0,1.0,22,2,2022,1,7,4,0,0,1,1,0,1,LEVE,0
3,1,19,2,4,1,-5.1339,-80.699741,0,4,7,1,2,2,2,0,6543.555,3.0,2,0,1.0,0,30,1475.0,0.5997462042553465,78.40793944726823,72.26811532412637,9.714064362322326,976.3169831713308,183875.0,8965.846000060003,1782.4120000599992,636.9959999999999,6546.438000000004,2214.505000059999,6751.341000000004,24.699342371541725,2,2,0,0,0,29.0,24.0,34.0,1.0,0.0,0.0,1.0,2,0,0.0,0.0,0.0,1.0,1.0,1.0,0.0,1.0,1.0,1.0,22,2,2023,10,29,6,1,1,0,1,1,1,LEVE,0
0,1,3,2,2,4,-16.442806,-71.520833,0,3,7,0,2,0,1,0,6543.555,2.0,4,4,1.0,14,33,1198.0,0.7453744058790387,79.4589730074046,82.73398367318066,12.665195784530074,1448.5317937470898,76620.6295503212,10322.272,1495.236,1749.739,7077.2970000000005,2886.595,7435.677000000001,27.964725207783708,2,1,0,1,0,47.0,47.0,47.0,1.0,0.0,0.0,0.0,1,0,0.0,0.0,0.0,1.0,0.0,0.0,1.0,0.0,0.0,0.0,7,1,2023,5,30,1,0,1,0,1,0,1,LEVE,0
7,1,5,2,3,4,-7.273584,-78.159523,0,1,7,0,4,2,2,6,6543.555,2.0,4,4,1.0,14,33,1198.0,0.2248217662933267,71.86940730479807,40.39097341188932,3.5762485388565097,194.53057273302585,5022.419700214133,15935.565011852366,1733.9250000199986,935.692,13265.948011832368,2000.1670000199988,13935.398011832369,12.551591352627522,1,1,0,0,0,63.0,63.0,63.0,1.0,0.0,0.0,0.0,1,0,0.0,0.0,0.0,0.0,0.0,1.0,0.0,0.0,1.0,0.0,15,3,2021,2,27,5,1,1,2,1,0,1,LEVE,0
3,1,19,0,4,1,-5.115703,-80.172681,6,5,6,2,6,2,2,0,43.63,-1.0,2,0,0.0,9,32,35.0,0.4653748048968089,74.19666709322776,61.11371397478021,6.596218102126203,701.9088264424688,75914.02997858672,8965.846000060003,1782.4120000599992,636.9959999999999,6546.438000000004,2214.505000059999,6751.341000000004,24.699342371541725,2,2,0,0,0,60.5,50.0,71.0,1.0,0.0,0.0,0.0,2,0,0.0,0.0,1.0,1.0,1.0,0.0,0.0,1.0,1.0,1.0,5,0,2022,6,14,1,0,0,0,1,0,1,LEVE,0
6,1,20,0,4,1,-14.441577221899978,-69.53008537150941,7,4,7,1,2,2,2,2,1762.84,2.0,1,0,0.0,9,32,485.0,0.3495243738865523,75.22040205504955,64.09442371915567,5.895792981681162,327.4727697114235,4031.670235546039,13642.312999999998,2020.7790000000005,2354.117,9267.416999999998,3314.0520000000006,10328.260999999997,24.29244952817019,2,1,0,0,1,29.0,29.0,29.0,1.0,0.0,0.0,0.0,1,0,0.0,0.0,1.0,0.0,0.0,0.0,1.0,1.0,1.0,1.0,9,1,2021,12,15,2,0,1,2,1,0,1,LEVE,0
1,1,12,0,4,1,-7.9131651,-79.1142003,0,4,7,1,2,2,2,0,6543.555,3.0,2,0,1.0,0,30,1475.0,0.5721567587688113,77.67102283812494,66.21373667954742,8.464777379360486,978.4498488219192,15563.077087794432,8931.828000000005,1335.5899999999997,1935.9830000000004,5660.255000000005,1219.309,7712.519000000005,13.651281686122925,2,1,1,1,0,37.0,33.0,40.0,0.0,0.0,0.0,0.0,1,1,1.0,0.0,0.0,0.0,0.0,0.0,0.0,0.0,0.0,1.0,0,0,2021,11,24,2,0,1,0,1,1,1,LEVE,0
0,1,14,2,2,4,-12.142745876897738,-77.02203523036745,0,0,7,1,2,2,2,4,6543.555,2.0,4,4,1.0,14,33,1198.0,0.8207642838213052,80.14976904502905,78.34721798827678,12.592455139231284,1956.55173075211,27481.5653104925,7626.313,1683.4029999999998,1599.0829999999996,4343.827000000001,1814.875,5811.438000000001,23.797541485643197,2,1,0,1,0,64.0,64.0,64.0,1.0,0.0,0.0,0.0,1,0,0.0,0.0,0.0,1.0,0.0,1.0,0.0,0.0,0.0,0.0,21,2,2024,1,12,4,0,0,0,1,0,1,LEVE,0
3,1,19,0,4,1,-5.145191,-80.275411,0,4,7,1,2,2,2,2,1305.18,2.0,2,0,1.0,1,20,163.0,0.4653748048968089,74.19666709322776,61.11371397478021,6.596218102126203,701.9088264424688,75914.02997858672,8965.846000060003,1782.4120000599992,636.9959999999999,6546.438000000004,2214.505000059999,6751.341000000004,24.699342371541725,2,2,0,0,0,39.5,34.0,45.0,1.0,1.0,1.0,1.0,2,0,0.0,1.0,0.0,1.0,1.0,0.0,1.0,0.0,1.0,0.0,20,2,2023,7,8,5,1,0,0,1,0,1,LEVE,0
3,2,20,0,4,1,-15.6790683,-70.4039444,0,4,7,1,2,2,2,2,1504.4250000000002,2.0,2,0,1.0,7,25,241.0,0.4387767884413746,74.08026937973001,72.73571788884047,7.487249530915593,506.6407671536068,4885.396145610278,13642.312999999998,2020.7790000000005,2354.117,9267.416999999998,3314.0520000000006,10328.260999999997,24.29244952817019,6,2,0,0,4,25.5,20.0,31.0,1.0,0.0,0.0,0.0,2,0,0.0,0.0,0.0,1.0,0.0,1.0,0.0,1.0,1.0,1.0,17,3,2022,8,17,2,0,1,2,1,0,1,GRAVE_LESIONADOS,1
6,1,12,0,4,1,-7.9943869,-78.3065265,0,4,7,1,2,2,2,6,9936.932,2.0,2,0,1.0,9,32,3830.0,0.4320883936567258,76.718936301794,43.003289188979466,6.269065613037991,662.0777072841523,13167.552462526766,8931.828000000005,1335.5899999999997,1935.9830000000004,5660.255000000005,1219.309,7712.519000000005,13.651281686122925,21,1,0,0,20,49.0,49.0,49.0,1.0,0.0,0.0,0.0,1,0,0.0,0.0,1.0,0.0,0.0,0.0,1.0,0.0,0.0,0.0,9,1,2023,6,29,3,0,1,0,1,0,1,GRAVE_LESIONADOS,1
3,2,12,0,4,1,-7.992123,-79.075046,0,4,7,1,2,2,2,0,6543.555,3.0,2,0,1.0,0,30,1475.0,0.583006771156836,78.2441938961209,62.24037484511178,8.807312392374042,1028.2282118265089,76607.295503212,8931.828000000005,1335.5899999999997,1935.9830000000004,5660.255000000005,1219.309,7712.519000000005,13.651281686122925,2,2,0,0,0,36.5,19.0,54.0,1.0,1.0,0.0,0.0,2,0,0.0,0.0,1.0,1.0,0.0,0.0,1.0,0.0,0.0,0.0,19,2,2021,6,18,4,0,1,0,1,1,1,LEVE,0
3,2,10,0,4,2,-13.45315334,-76.09587616,0,4,7,1,2,2,2,2,6543.555,2.0,4,4,1.0,14,33,1198.0,0.5587971735938619,78.87090394897412,58.2444201812792,8.651099683361522,938.67731243416,8209.766595289078,3721.461,698.1859999999996,744.866,2278.409,1102.9029999999996,2618.558,29.636290693359403,2,2,0,0,0,50.5,30.0,71.0,1.0,0.0,0.0,0.0,2,0,0.0,0.0,0.0,1.0,1.0,1.0,0.0,1.0,1.0,0.0,5,0,2022,10,21,4,0,1,0,1,0,1,LEVE,0
6,1,7,0,4,2,-13.017787,-72.046501,0,4,0,1,2,2,2,2,6543.555,2.0,4,4,1.0,14,33,1198.0,0.2310138329166804,69.70483973976968,39.26079785509049,3.4363371208003386,226.75902356837,5501.668094218416,17779.13499998999,2097.3709999899997,2863.123,12818.640999999989,2878.713,14900.421999989989,16.19152450331032,4,1,0,0,3,43.0,43.0,43.0,1.0,0.0,0.0,1.0,1,0,0.0,0.0,0.0,1.0,0.0,0.0,1.0,0.0,0.0,0.0,5,0,2025,8,28,3,0,1,2,1,0,1,GRAVE_MORTALIDAD,2
3,1,5,2,4,1,-7.17477274507342,-78.491620090553,0,2,1,0,1,2,2,2,887.28,2.0,2,0,1.0,8,17,155.0,0.6070175276741574,73.19224654097276,74.29530430690215,9.490386956642766,1117.141592366869,257380.9443254818,15935.565011852366,1733.9250000199986,935.692,13265.948011832368,2000.1670000199988,13935.398011832369,12.551591352627522,2,2,0,0,0,40.0,26.0,54.0,1.0,1.0,0.0,1.0,2,0,0.0,1.0,0.0,1.0,0.0,0.0,1.0,0.0,0.0,1.0,8,1,2021,11,17,2,0,1,2,1,0,1,LEVE,0
3,1,20,0,4,0,-15.5554948,-70.0197021,0,4,7,1,2,2,2,5,6543.555,2.0,4,4,1.0,14,33,1198.0,0.3646929504779869,74.39003066237748,63.71456574957328,5.594162012040831,387.0285253251433,5552.2119914346895,13642.312999999998,2020.7790000000005,2354.117,9267.416999999998,3314.0520000000006,10328.260999999997,24.29244952817019,3,2,0,0,1,40.5,32.0,49.0,1.0,0.0,1.0,1.0,2,0,0.0,0.0,0.0,1.0,1.0,0.0,1.0,0.0,1.0,1.0,21,2,2023,4,29,5,1,1,2,1,0,1,LEVE,0
3,2,13,0,4,1,-6.727169572652818,-79.8901308417955,0,4,7,1,2,2,2,0,6543.555,3.0,2,0,1.0,0,30,1475.0,0.5539280527450423,74.69452916859504,66.89728158703436,9.542777400516576,872.5509264417765,79617.09421841543,3459.691,515.0619999999999,689.7280000000001,2254.901,703.3549999999999,2756.336,20.329994788551925,2,2,0,0,0,46.0,43.0,49.0,1.0,1.0,0.0,0.0,2,0,0.0,0.0,1.0,1.0,1.0,0.0,1.0,0.0,1.0,1.0,19,2,2022,2,20,6,1,1,0,1,1,1,LEVE,0
3,2,13,0,4,1,-6.744491581501243,-79.68672388694293,7,4,0,0,2,1,0,2,919.085,2.0,2,3,0.0,9,7,218.0,0.6225425995267787,81.2291645554815,74.48443506763874,8.985275296431396,1068.7213105287574,28888.895074946468,3459.691,515.0619999999999,689.7280000000001,2254.901,703.3549999999999,2756.336,20.329994788551925,2,2,0,0,0,28.5,25.0,32.0,1.0,0.0,0.0,1.0,2,0,0.0,0.0,0.0,1.0,1.0,0.0,0.0,0.0,1.0,0.0,17,3,2021,8,5,3,0,0,0,1,0,1,LEVE,0
6,1,20,2,4,0,-15.764975092109692,-70.25278327320281,0,4,0,1,2,2,2,2,6543.555,2.0,4,4,1.0,14,33,1198.0,0.3411957944963065,67.8375829238065,81.88833814815048,6.923463341589775,287.2932034706172,2703.9250535331907,13642.312999999998,2020.7790000000005,2354.117,9267.416999999998,3314.0520000000006,10328.260999999997,24.29244952817019,3,1,0,0,2,27.0,27.0,27.0,1.0,0.0,0.0,0.0,1,0,0.0,0.0,0.0,1.0,0.0,1.0,0.0,0.0,0.0,0.0,23,2,2023,6,25,6,1,1,2,1,0,1,LEVE,0
10,1,14,2,2,4,-11.94824562049126,-77.0710703402811,0,0,7,1,2,2,2,2,6543.555,2.0,4,4,1.0,14,33,1198.0,0.758462599563312,80.5192231989937,79.20045639149897,11.33839041452458,1628.5661148492152,363987.54389721627,7626.313,1683.4029999999998,1599.0829999999996,4343.827000000001,1814.875,5811.438000000001,23.797541485643197,2,1,0,0,1,24.0,24.0,24.0,1.0,1.0,0.0,0.0,1,0,0.0,0.0,1.0,0.0,1.0,0.0,0.0,0.0,1.0,0.0,22,2,2024,4,9,1,0,0,0,1,0,1,LEVE,0
6,1,7,0,4,0,-12.650155,-72.562413,0,4,7,1,2,1,0,2,6543.555,2.0,4,4,1.0,14,33,1198.0,0.4297325556987851,76.15904795703717,58.63823936731875,6.097264629229048,579.625724446144,29458.58458244112,17779.13499998999,2097.3709999899997,2863.123,12818.640999999989,2878.713,14900.421999989989,16.19152450331032,1,1,0,0,0,61.0,61.0,61.0,1.0,0.0,0.0,0.0,1,0,0.0,0.0,0.0,1.0,0.0,1.0,0.0,0.0,0.0,0.0,4,0,2023,7,14,4,0,0,2,1,0,1,LEVE,0
3,2,9,0,4,1,-9.18857425256514,-75.9226630949866,0,4,7,1,2,1,0,2,7758.33400008,2.0,2,0,1.0,9,20,2133.0,0.3543291339954574,74.37119505444772,40.663684961236285,4.612991440823272,504.5390571003254,7529.884368308351,8209.057,1333.4779999999996,791.9770000000001,6083.602,1059.8589999999997,7149.198,12.910849565303296,2,2,0,0,0,34.5,18.0,51.0,1.0,1.0,0.0,1.0,2,0,0.0,0.0,0.0,1.0,1.0,0.0,0.0,0.0,0.0,0.0,7,1,2021,6,24,3,0,1,2,1,0,1,LEVE,0
3,2,10,0,4,2,-13.599699284099437,-76.0286061941519,0,4,2,1,7,2,2,0,6543.555,2.0,4,4,1.0,14,33,1198.0,0.5368583996363854,74.61272186125923,72.26825466878516,8.4069286474868,830.4721109449902,14789.134903640255,3721.461,698.1859999999996,744.866,2278.409,1102.9029999999996,2618.558,29.636290693359403,2,2,1,0,0,62.0,50.0,74.0,1.0,1.0,0.0,0.0,2,0,0.0,1.0,0.0,1.0,1.0,0.0,1.0,0.0,1.0,1.0,16,3,2023,4,22,5,1,1,0,1,0,1,LEVE,0
3,3,23,0,4,1,-3.5270681428462614,-80.35939572108758,0,4,7,1,2,2,2,2,6543.555,3.0,2,0,1.0,0,30,1475.0,0.506393213976091,71.09604779417722,66.88716723772843,7.8873292871222835,813.0857960318671,5253.152034261242,1009.101,138.47399999999996,287.471,583.156,276.972,732.129,27.447401201663663,4,3,1,0,1,44.5,39.0,50.0,1.0,1.0,0.0,1.0,3,0,0.0,0.0,1.0,0.0,1.0,1.0,0.0,0.0,1.0,1.0,6,1,2025,8,4,0,0,0,0,1,1,1,LEVE,0
6,1,3,2,4,0,-16.3354896,-71.5971248,0,3,9,1,2,2,2,0,6543.555,2.0,4,4,1.0,14,33,1198.0,0.6411767862503931,77.2408324916572,78.204125011303,10.595705083047717,1107.223861768016,193412.3169164882,10322.272,1495.236,1749.739,7077.2970000000005,2886.595,7435.677000000001,27.964725207783708,1,1,0,0,0,22.0,22.0,22.0,1.0,1.0,0.0,0.0,1,0,0.0,0.0,0.0,1.0,1.0,0.0,0.0,0.0,0.0,0.0,19,2,2021,3,3,2,0,0,0,1,0,1,LEVE,0
6,1,7,0,4,1,-13.525397347780364,-71.7385437299712,0,4,7,1,2,2,2,2,3447.8009999999995,1.0,2,3,0.0,9,12,1109.0,0.3026259544873475,73.96325815272854,51.57388201289304,4.44307015911855,305.2037031086013,5530.693790149893,17779.13499998999,2097.3709999899997,2863.123,12818.640999999989,2878.713,14900.421999989989,16.19152450331032,1,1,0,0,0,34.0,34.0,34.0,1.0,1.0,0.0,1.0,1,0,0.0,0.0,0.0,1.0,1.0,0.0,0.0,0.0,1.0,0.0,12,3,2022,4,25,0,0,1,2,1,0,1,LEVE,0
0,1,6,2,4,1,-11.8607219294873,-77.1298851999003,6,5,6,2,6,2,2,0,139.23,-1.0,2,0,0.0,9,32,69.0,0.5563774842369664,77.00938809632027,69.10246351364754,8.476961866273152,914.8835608305218,27932.19700214133,51.58600000000001,44.68700000000001,6.899000000000001,0.0,49.838000000000015,1.748,96.61148373589734,2,1,0,1,0,46.0,46.0,46.0,1.0,0.0,0.0,0.0,1,0,0.0,1.0,0.0,0.0,0.0,0.0,1.0,1.0,1.0,1.0,3,0,2024,2,26,0,0,1,2,1,0,0,LEVE,0
3,2,21,2,6,4,-6.044131,-76.972011,0,0,1,1,2,2,2,2,6543.555,2.0,4,4,1.0,14,33,1198.0,0.5294800468051228,72.46713251445857,60.50982579904599,7.757161651692042,952.984823255978,86435.21199143468,5645.136,815.0759999999999,965.298,3864.762,1013.406,4631.73,17.95184385283189,4,2,0,0,2,20.5,17.0,24.0,1.0,1.0,0.0,0.0,2,0,0.0,0.0,0.0,1.0,1.0,0.0,0.0,1.0,1.0,1.0,23,2,2024,5,19,6,1,1,1,1,0,1,GRAVE_LESIONADOS,1
3,1,3,0,4,1,-16.5262200143498,-71.7499969756807,0,4,7,1,2,1,1,0,1504.4250000000002,2.0,2,0,1.0,7,25,241.0,0.6105481451420971,78.10653088113892,68.35418098658066,8.411557426919764,1158.5430895193692,35025.678800856535,10322.272,1495.236,1749.739,7077.2970000000005,2886.595,7435.677000000001,27.964725207783708,9,3,0,0,6,29.33333333333333,22.0,36.0,1.0,0.0,0.0,1.0,3,0,0.0,1.0,1.0,0.0,0.0,0.0,1.0,0.0,0.0,0.0,19,2,2025,7,2,2,0,0,0,1,0,1,GRAVE_LESIONADOS,1
6,1,1,0,4,1,-10.468939,-77.915878,0,4,7,1,2,1,1,6,6543.555,3.0,2,0,1.0,0,30,1475.0,0.594329796273136,79.51274210494626,67.23963656911357,9.093808711905876,1004.1856289962402,25729.80728051392,10767.648,1885.0630000000003,1222.721,7659.864000000001,2100.343,8667.305000000002,19.506051832303577,7,1,0,0,6,24.0,24.0,24.0,1.0,0.0,0.0,1.0,1,0,0.0,0.0,0.0,1.0,0.0,1.0,0.0,0.0,1.0,0.0,14,3,2023,2,25,5,1,1,0,1,1,1,GRAVE_MORTALIDAD,2
3,1,14,0,4,1,-11.745722,-77.141868,0,4,7,1,2,2,2,0,6543.555,3.0,2,0,1.0,0,30,1475.0,0.6688889885290078,77.65971620762488,72.11797581870952,9.343568875150348,1392.9562465448405,54956.252676659526,7626.313,1683.4029999999998,1599.0829999999996,4343.827000000001,1814.875,5811.438000000001,23.797541485643197,2,2,0,0,0,52.5,32.0,73.0,1.0,0.0,0.0,0.0,2,0,0.0,1.0,0.0,1.0,1.0,0.0,1.0,0.0,1.0,1.0,7,1,2022,10,30,6,1,1,0,1,1,1,LEVE,0
6,1,12,0,4,1,-8.105556921897492,-78.99334986361261,0,4,7,1,2,2,2,2,610.6099999999999,2.0,2,0,1.0,8,29,100.0,0.5929579484728337,80.24150924632623,64.75837382721711,8.51830466766158,1043.4182142665843,34739.39614561028,8931.828000000005,1335.5899999999997,1935.9830000000004,5660.255000000005,1219.309,7712.519000000005,13.651281686122925,1,1,0,0,0,26.0,26.0,26.0,1.0,0.0,0.0,0.0,1,0,0.0,0.0,0.0,1.0,1.0,0.0,0.0,1.0,0.0,0.0,22,2,2022,10,16,6,1,1,0,1,0,1,LEVE,0
0,1,22,0,4,1,-18.158335,-70.462288,0,0,7,1,2,1,1,2,1926.94,2.0,2,0,1.0,9,32,393.0,0.5551799999072031,75.37994385062687,62.699954828476905,7.065143842078104,1076.8792057258834,6114.0,2650.572,630.6729999999998,487.3610000000001,1532.5379999999998,1068.7019999999998,1581.87,40.31967439480987,3,1,0,2,0,21.0,21.0,21.0,1.0,0.0,0.0,0.0,1,0,0.0,0.0,0.0,1.0,0.0,0.0,1.0,0.0,0.0,0.0,21,2,2021,5,12,2,0,0,0,1,0,1,LEVE,0
10,1,7,0,4,1,-13.209254,-72.299232,0,4,0,0,2,1,1,2,3447.8009999999995,1.0,2,3,0.0,9,12,1109.0,0.4436910265814239,73.23231952981627,68.31759937357421,6.347812015893606,607.5963608103546,11277.284796573877,17779.13499998999,2097.3709999899997,2863.123,12818.640999999989,2878.713,14900.421999989989,16.19152450331032,3,1,0,1,1,42.0,42.0,42.0,1.0,0.0,0.0,0.0,1,0,0.0,1.0,0.0,0.0,0.0,0.0,1.0,0.0,0.0,0.0,6,1,2023,11,24,4,0,1,2,1,0,1,GRAVE_MORTALIDAD,2
6,1,8,0,4,0,-12.609566687431917,-75.20950468063636,0,4,5,0,1,2,2,0,6543.555,2.0,4,4,1.0,14,33,1198.0,0.3217395555973242,64.23877100919071,62.518530146866,5.944178887510965,328.8912771481995,1307.4668094218414,8511.426,1445.3929999999996,2008.516,5057.516999999999,1879.579,6631.846999999998,22.08300935706896,1,1,0,0,0,37.0,37.0,37.0,1.0,0.0,0.0,0.0,1,0,0.0,1.0,0.0,0.0,0.0,0.0,1.0,0.0,0.0,0.0,14,3,2024,11,8,4,0,0,2,1,0,1,LEVE,0
6,1,14,2,4,1,-11.981428,-76.794622,0,0,7,0,2,2,2,0,875.67,2.0,2,0,1.0,3,14,156.0,0.7410537419693288,80.72873693175681,77.76911521289269,11.20634409407566,1539.7635062745433,43755.852248394,7626.313,1683.4029999999998,1599.0829999999996,4343.827000000001,1814.875,5811.438000000001,23.797541485643197,3,1,0,0,2,47.0,47.0,47.0,1.0,0.0,0.0,0.0,1,0,0.0,0.0,0.0,1.0,0.0,1.0,0.0,1.0,1.0,1.0,23,2,2023,8,31,3,0,1,0,1,0,1,LEVE,0
6,1,0,0,4,1,-6.3407682286398686,-77.50705857466426,0,4,0,1,1,2,2,0,2760.8550000000005,1.0,1,3,0.0,9,32,1208.0,0.4828187626600175,73.00435172260774,53.83169450284718,6.391832856849296,866.1359969875144,1369.3297644539612,3903.732,1155.121,585.018,2163.5930000000003,943.591,2960.1410000000005,24.17151074920102,2,1,0,0,1,45.0,45.0,45.0,1.0,0.0,0.0,0.0,1,0,0.0,0.0,0.0,1.0,0.0,0.0,1.0,0.0,0.0,0.0,8,1,2021,1,29,4,0,1,1,1,0,1,GRAVE_MORTALIDAD,2
3,1,14,2,4,1,-12.298902856006416,-76.85174523994628,0,3,7,1,2,1,0,0,6639.975,2.0,2,0,1.0,9,31,1616.0,0.6909236767275176,78.41626133969348,70.97436336767564,9.826485374940413,1476.8351947609171,95908.53319057816,7626.313,1683.4029999999998,1599.0829999999996,4343.827000000001,1814.875,5811.438000000001,23.797541485643197,3,2,0,0,1,26.0,24.0,28.0,1.0,0.0,0.0,0.0,2,0,0.0,0.0,0.0,1.0,1.0,1.0,0.0,0.0,1.0,0.0,6,1,2024,11,3,6,1,0,0,1,0,1,LEVE,0
4,1,4,2,2,4,-13.1714627982185,-74.163733709001,0,3,7,0,4,1,0,2,6543.555,2.0,4,4,1.0,14,33,1198.0,0.255767705045581,69.85353478576775,47.166217632897386,4.494715865962579,219.4084327442475,5594.807280513919,12678.733000000004,1805.074000000001,1774.0339999999994,9099.625000000004,2485.375000000001,10193.358000000002,19.602707936195205,2,1,0,0,1,19.0,19.0,19.0,1.0,1.0,1.0,1.0,1,0,0.0,0.0,0.0,1.0,1.0,0.0,0.0,0.0,0.0,0.0,2,0,2024,6,29,5,1,1,2,1,0,1,GRAVE_MORTALIDAD,2
0,1,6,2,2,4,-11.9976181,-77.114760217,0,0,7,1,2,0,1,2,6543.555,2.0,4,4,1.0,14,33,1198.0,0.5563774842369664,77.00938809632027,69.10246351364754,8.476961866273152,914.8835608305218,27932.19700214133,51.58600000000001,44.68700000000001,6.899000000000001,0.0,49.838000000000015,1.748,96.61148373589734,2,1,0,1,0,23.0,23.0,23.0,1.0,0.0,0.0,0.0,1,0,0.0,0.0,0.0,1.0,1.0,0.0,0.0,1.0,1.0,1.0,17,3,2023,6,19,0,0,1,2,1,0,0,LEVE,0
1,1,20,0,4,1,-16.56978768425826,-69.25715261508257,0,4,7,1,2,2,2,0,1529.105,2.0,2,0,1.0,9,21,200.0,0.2394362064959017,73.4288503002124,62.51290199484375,6.018616845068367,132.27646614855612,17422.250535331903,13642.312999999998,2020.7790000000005,2354.117,9267.416999999998,3314.0520000000006,10328.260999999997,24.29244952817019,2,1,1,1,0,37.0,33.0,40.0,0.0,0.0,0.0,0.0,1,1,1.0,0.0,0.0,0.0,0.0,0.0,0.0,0.0,0.0,1.0,22,2,2022,10,4,1,0,0,2,1,0,1,LEVE,0
3,2,21,0,4,1,-6.045425,-77.016127,0,4,0,1,2,2,2,2,7758.33400008,2.0,2,0,1.0,9,20,2133.0,0.5294800468051228,72.46713251445857,60.50982579904599,7.757161651692042,952.984823255978,86435.21199143468,5645.136,815.0759999999999,965.298,3864.762,1013.406,4631.73,17.95184385283189,2,2,0,0,0,36.5,33.0,40.0,1.0,1.0,0.0,0.0,2,0,0.0,1.0,0.0,1.0,1.0,0.0,1.0,1.0,1.0,1.0,9,1,2022,3,17,3,0,1,1,1,0,1,LEVE,0
5,1,24,0,2,4,-8.373012,-74.599707,0,4,1,1,1,2,2,2,6543.555,2.0,4,4,1.0,14,33,1198.0,0.5478371208327225,74.17370407104559,60.31222796205821,9.40140543765922,905.3304073844272,113671.11777301929,2689.139,392.697,1311.5319999999997,984.91,261.598,2427.541,9.727946379863592,3,2,1,0,1,48.0,48.0,48.0,1.0,1.0,0.0,0.0,2,1,1.0,0.0,0.0,1.0,1.0,0.0,0.0,1.0,1.0,1.0,20,2,2022,8,28,6,1,1,1,1,0,1,LEVE,0
3,2,10,2,4,1,-13.682287,-76.1634073,7,3,1,1,2,2,2,0,205.54999999999995,-1.0,2,0,1.0,13,31,15.0,0.5723734005661165,76.14778354007997,72.53650205141851,9.107715991741182,922.4721268572972,24272.76659528908,3721.461,698.1859999999996,744.866,2278.409,1102.9029999999996,2618.558,29.636290693359403,4,2,0,0,2,24.0,17.0,31.0,1.0,1.0,0.0,1.0,2,0,0.0,0.0,1.0,1.0,1.0,1.0,0.0,0.0,0.0,0.0,13,3,2023,7,13,3,0,0,0,1,0,1,LEVE,0
0,1,17,0,4,3,-17.2046333,-70.90035,6,5,6,2,6,2,2,0,6543.555,2.0,4,4,1.0,14,33,1198.0,0.726691131841798,78.01072914017114,78.65773654022856,10.653169956098129,1563.8962875093284,7070.680942184154,2949.174,470.28500000000025,903.055,1575.834,866.4460000000004,2082.728,29.37927704503025,2,1,0,1,0,63.0,63.0,63.0,1.0,0.0,0.0,0.0,1,0,0.0,0.0,0.0,1.0,0.0,1.0,0.0,0.0,1.0,0.0,17,3,2021,7,9,4,0,0,0,1,0,1,LEVE,0
6,1,22,0,4,2,-17.311855,-70.31844,0,4,0,0,1,2,2,2,6543.555,2.0,4,4,1.0,14,33,1198.0,0.3985263662738902,71.01710780048441,64.50441641918165,7.864893371559853,422.5769087654232,716.051391862955,2650.572,630.6729999999998,487.3610000000001,1532.5379999999998,1068.7019999999998,1581.87,40.31967439480987,1,1,0,0,0,34.0,34.0,34.0,1.0,0.0,0.0,0.0,1,0,0.0,1.0,0.0,0.0,0.0,0.0,1.0,0.0,0.0,0.0,3,0,2021,3,26,4,0,1,0,1,0,1,LEVE,0
1,1,10,0,4,1,-13.971056,-75.779005,4,4,1,1,2,2,2,0,6639.975,2.0,2,0,1.0,9,31,1616.0,0.6053164595604621,78.88848309050202,67.63954639531094,9.133324993872453,1064.9426147896202,27932.19700214133,3721.461,698.1859999999996,744.866,2278.409,1102.9029999999996,2618.558,29.636290693359403,2,1,1,1,0,37.0,33.0,40.0,0.0,0.0,0.0,0.0,1,1,1.0,0.0,0.0,0.0,0.0,0.0,0.0,0.0,0.0,1.0,5,0,2022,1,2,6,1,0,0,1,0,1,LEVE,0