CLASE SINIESTRO,CANTIDAD DE VEHICULOS DAÑADOS,DEPARTAMENTO,ZONA,TIPO DE VÍA,RED VIAL,COORDENADAS LATITUD,COORDENADAS  LONGITUD,CONDICIÓN CLIMÁTICA,ZONIFICACIÓN,CARACTERÍSTICAS DE VÍA,PERFIL LONGITUDINAL VÍA,SUPERFICIE DE CALZADA,¿EXISTE SEÑAL VERTICAL?,¿EXISTE SEÑAL HORIZONTAL?,CAUSA FACTOR PRINCIPAL,MTC_RVN_LONGITUD_KM,MTC_RVN_N_CARRILES_MEDIANA,MTC_RVN_SUPERFICIE_DOMINANTE,MTC_RVN_ESTADO_DOMINANTE,MTC_RVN_ES_CONCESIONADA,MTC_RVN_CONCESION_PRINCIPAL,MTC_RVN_CORREDOR_LOGISTICO,MTC_RVN_N_TRAMOS,IDH_2019,IDH_ESP_VIDA_2019,IDH_EDUC_SECUND_PCT_2019,IDH_ANIOS_EDUC_2019,IDH_INGRESO_PERCAP_2019,IDH_POBLACION_2019,MTC_DEP_RED_TOTAL_KM,MTC_DEP_NACIONAL_TOTAL_KM,MTC_DEP_DEPARTAMENTAL_TOTAL_KM,MTC_DEP_VECINAL_TOTAL_KM,MTC_DEP_PAV_TOTAL_KM,MTC_DEP_NO_PAV_TOTAL_KM,MTC_DEP_PCT_PAVIMENTADA,PER_TOTAL_PERSONAS,PER_N_CONDUCTORES,PER_N_CONDUCTORES_FUGADOS,PER_N_PEATONES,PER_N_PASAJEROS_OCUPANTES,PER_EDAD_COND_PROM,PER_EDAD_COND_MIN,PER_EDAD_COND_MAX,PER_ANY_COND_MASCULINO,PER_ANY_LIC_PROBLEMA,PER_ANY_DOSAJE_POS,PER_ANY_DOSAJE_EVALUADO,VEH_TOTAL,VEH_N_FUGADOS,VEH_ANY_FUGADO,VEH_ANY_CARGA,VEH_ANY_PUBLICO,VEH_ANY_PARTICULAR,VEH_ANY_MOTO,VEH_ANY_AUTO,VEH_ANY_CAMION_BUS,VEH_ANY_SOAT_PROBLEMA,VEH_ANY_CITV_PROBLEMA,VEH_ANY_SEGURO_PROBLEMA,HORA_NUM,FRANJA_HORARIA,ANIO,MES,DIA_MES,DIA_SEMANA,ES_FIN_SEMANA,ES_QUINCENA,REGION_NATURAL,TIENE_SEÑALIZACION,ES_VIA_MULTICARRIL,ES_DEPTO_BAJO_PAVIMENTO,CATEGORIA_SEVERIDAD,CATEGORIA_SEVERIDAD_ENC
0,1,7,0,4,1,-14.14442,-71.397666,0,4,7,1,2,2,2,4,7586.903,2.0,2,0,1.0,9,5,1198.0,0.4337173562104641,75.15065004139942,79.9974723492709,7.143524482711378,473.5348889931674,5193.304068522484,17779.13499998999,2097.3709999899997,2863.123,12818.640999999989,2878.713,14900.421999989989,16.19152450331032,2,1,0,1,0,18.0,18.0,18.0,1.0,1.0,0.0,0.0,1,0,0.0,0.0,0.0,1.0,1.0,0.0,0.0,1.0,1.0,1.0,19,2,2024,4,15,0,0,1,2,1,0,1,LEVE,0
0,1,23,2,4,1,-3.5561734269643166,-80.44382035685847,0,3,7,1,2,2,2,4,6543.555,3.0,2,0,1.0,0,30,1475.0,0.6025111043634478,77.63758231637303,72.22144062196868,9.79150322507506,998.9716590818762,109744.95931477516,1009.101,138.47399999999996,287.471,583.156,276.972,732.129,27.447401201663663,2,1,0,1,0,36.0,36.0,36.0,1.0,0.0,0.0,1.0,1,0,0.0,0.0,0.0,1.0,0.0,1.0,0.0,0.0,0.0,0.0,20,2,2022,8,16,1,0,1,0,1,1,1,LEVE,0
6,1,5,0,4,3,-6.609316,-78.772981,0,4,0,0,2,2,2,6,6543.555,2.0,4,4,1.0,14,33,1198.0,0.2536389127171833,69.22493950552092,19.713810345768103,5.267587349880066,283.7102906674192,1251.8415417558886,15935.565011852366,1733.9250000199986,935.692,13265.948011832368,2000.1670000199988,13935.398011832369,12.551591352627522,1,1,0,0,0,16.0,16.0,16.0,1.0,1.0,0.0,0.0,1,0,0.0,0.0,0.0,1.0,1.0,0.0,0.0,1.0,0.0,0.0,19,2,2021,7,18,6,1,1,2,1,0,1,LEVE,0
6,1,3,0,4,1,-16.4473730886001,-71.6987912068164,0,4,0,0,2,0,1,0,1504.4250000000002,2.0,2,0,1.0,7,25,241.0,0.6689013265491138,80.68275010974979,77.5560025217936,10.466309714908672,1190.454984819332,14385.036402569593,10322.272,1495.236,1749.739,7077.2970000000005,2886.595,7435.677000000001,27.964725207783708,1,1,0,0,0,30.0,30.0,30.0,1.0,0.0,0.0,0.0,1,0,0.0,0.0,0.0,1.0,0.0,0.0,1.0,1.0,1.0,1.0,6,1,2022,9,9,4,0,0,0,1,0,1,LEVE,0
6,1,8,0,4,3,-13.222,-75.2929,0,4,4,0,3,2,2,0,6543.555,2.0,4,4,1.0,14,33,1198.0,0.4163957561048339,64.5277082827427,54.81923918061985,7.110606213217925,631.610706196506,3028.2291220556745,8511.426,1445.3929999999996,2008.516,5057.516999999999,1879.579,6631.846999999998,22.08300935706896,3,1,0,0,2,52.0,52.0,52.0,1.0,1.0,0.0,0.0,1,0,0.0,1.0,0.0,0.0,1.0,0.0,0.0,1.0,1.0,0.0,12,3,2021,7,11,6,1,0,2,1,0,1,LEVE,0
6,1,12,0,4,1,-8.4587126,-78.7252153,0,4,7,1,2,2,2,2,6543.555,3.0,2,0,1.0,0,30,1475.0,0.5051395598219868,77.13285387085847,51.52067479184955,6.715328807318118,900.900383457586,67612.41755888652,8931.828000000005,1335.5899999999997,1935.9830000000004,5660.255000000005,1219.309,7712.519000000005,13.651281686122925,4,1,0,0,3,22.0,22.0,22.0,1.0,0.0,0.0,0.0,1,0,0.0,1.0,0.0,0.0,0.0,0.0,1.0,0.0,0.0,0.0,22,2,2023,3,11,5,1,0,0,1,1,1,GRAVE_LESIONADOS,1
3,2,12,2,2,4,-8.051105,-79.056524,0,2,1,1,2,2,2,2,6543.555,2.0,4,4,1.0,14,33,1198.0,0.5961574154611067,78.8610661942771,67.40352037574897,9.291971962737568,1010.620438228636,197397.5888650964,8931.828000000005,1335.5899999999997,1935.9830000000004,5660.255000000005,1219.309,7712.519000000005,13.651281686122925,2,2,0,0,0,27.5,22.0,33.0,1.0,1.0,0.0,1.0,2,0,0.0,1.0,0.0,1.0,1.0,0.0,1.0,0.0,0.0,0.0,9,1,2022,6,17,4,0,1,0,1,0,1,LEVE,0
0,1,11,2,4,1,-11.811586525589233,-75.47382070126794,0,4,7,1,2,1,1,2,196.88,2.0,2,0,1.0,3,32,35.0,0.5440372489854538,73.04439912570733,66.79010575891562,9.046955663104994,884.0272313859393,734.5653104925052,12264.545,1826.4639999999995,1105.5389999999998,9332.542,1588.5359999999996,10676.009,12.952261987705208,2,1,0,1,0,64.0,64.0,64.0,1.0,0.0,0.0,1.0,1,0,0.0,0.0,0.0,1.0,0.0,0.0,1.0,0.0,0.0,0.0,10,1,2023,6,12,0,0,0,2,1,0,1,LEVE,0
0,1,14,2,2,4,-12.0841464,-77.03898862,0,0,1,1,2,1,1,2,6543.555,2.0,4,4,1.0,14,33,1198.0,0.8424277365452573,80.46794153446162,82.55566521442681,12.702343140315376,2037.3265460598163,46298.76017130622,7626.313,1683.4029999999998,1599.0829999999996,4343.827000000001,1814.875,5811.438000000001,23.797541485643197,11,2,0,1,8,57.0,55.0,59.0,1.0,0.0,0.0,0.0,2,0,0.0,0.0,1.0,1.0,0.0,0.0,1.0,1.0,1.0,1.0,12,3,2023,1,25,2,0,1,0,1,0,1,GRAVE_LESIONADOS,1
3,2,7,0,4,1,-15.34732,-71.10871,0,4,0,1,2,1,1,2,568.5409999999999,1.0,2,3,0.0,9,3,93.0,0.4222081089999886,68.53644198939976,64.0389062540908,6.228410225649751,607.1280595160617,1204.2119914346897,17779.13499998999,2097.3709999899997,2863.123,12818.640999999989,2878.713,14900.421999989989,16.19152450331032,2,2,0,0,0,53.0,52.0,54.0,1.0,1.0,0.0,0.0,2,0,0.0,0.0,0.0,1.0,1.0,0.0,1.0,0.0,0.0,1.0,19,2,2023,7,1,5,1,0,2,1,0,1,LEVE,0
1,1,23,0,4,1,-3.6202489199569214,-80.55501836594281,0,4,7,1,2,2,2,4,6543.555,3.0,2,0,1.0,0,30,1475.0,0.5933967853231009,76.15936550169532,71.30685044051863,9.05807019629612,1035.567875099288,9240.781584582444,1009.101,138.47399999999996,287.471,583.156,276.972,732.129,27.447401201663663,2,1,1,1,0,37.0,33.0,40.0,0.0,0.0,0.0,0.0,1,1,1.0,0.0,0.0,0.0,0.0,0.0,0.0,0.0,0.0,1.0,20,2,2025,1,19,6,1,1,0,1,1,1,LEVE,0
6,1,23,2,2,4,-3.48515407790294,-80.26634545858244,0,4,7,1,2,2,2,2,6543.555,2.0,4,4,1.0,14,33,1198.0,0.4809550242578706,73.07176248806164,62.28512716598154,7.343272081128487,729.1613405110833,22758.41541755889,1009.101,138.47399999999996,287.471,583.156,276.972,732.129,27.447401201663663,1,1,0,0,0,63.0,63.0,63.0,1.0,0.0,0.0,0.0,1,0,0.0,0.0,0.0,1.0,1.0,0.0,0.0,0.0,1.0,0.0,20,2,2023,11,6,0,0,0,0,1,0,1,LEVE,0
3,2,1,0,4,1,-9.234413370363791,-78.44856350500798,0,4,7,1,2,2,2,0,6543.555,3.0,2,0,1.0,0,30,1475.0,0.568820669072786,79.34476661557915,55.60978448774673,7.574555719773437,1088.2848331088856,15652.0278372591,10767.648,1885.0630000000003,1222.721,7659.864000000001,2100.343,8667.305000000002,19.506051832303577,3,2,0,0,1,55.0,55.0,55.0,1.0,0.0,0.0,1.0,2,0,0.0,1.0,0.0,1.0,0.0,0.0,1.0,0.0,0.0,0.0,4,0,2021,7,12,0,0,0,0,1,1,1,LEVE,0
6,1,1,0,4,2,-8.575619341484126,-77.91582947335122,6,5,6,2,6,2,2,0,6543.555,2.0,4,4,1.0,14,33,1198.0,0.3681381044498384,72.11733649129066,23.93606127812405,6.236157656996256,607.7091204562252,1271.539614561028,10767.648,1885.0630000000003,1222.721,7659.864000000001,2100.343,8667.305000000002,19.506051832303577,6,1,0,0,5,53.0,53.0,53.0,1.0,0.0,0.0,0.0,1,0,0.0,0.0,0.0,1.0,0.0,1.0,0.0,1.0,1.0,1.0,18,2,2022,1,1,5,1,0,0,1,0,1,GRAVE_MORTALIDAD,2
6,1,23,0,4,2,-3.6929703,-80.4471108,0,4,0,0,2,1,0,2,6543.555,2.0,4,4,1.0,14,33,1198.0,0.5386194716735454,74.7787740016357,67.49100182625884,7.936807809408202,894.646897473815,7012.0428265524615,1009.101,138.47399999999996,287.471,583.156,276.972,732.129,27.447401201663663,1,1,0,0,0,54.0,54.0,54.0,1.0,0.0,1.0,1.0,1,0,0.0,0.0,0.0,1.0,1.0,0.0,0.0,1.0,1.0,0.0,12,3,2025,10,13,0,0,0,0,1,0,1,LEVE,0
6,1,7,0,4,1,-14.343236,-71.18383,0,4,7,1,2,2,2,2,7586.903,2.0,2,0,1.0,9,5,1198.0,0.3688068892893833,76.47283450634272,62.25751908213611,5.9696521090432615,372.1207781777657,9957.021413276232,17779.13499998999,2097.3709999899997,2863.123,12818.640999999989,2878.713,14900.421999989989,16.19152450331032,1,1,0,0,0,21.0,21.0,21.0,1.0,1.0,0.0,0.0,1,0,0.0,0.0,0.0,1.0,1.0,0.0,0.0,1.0,1.0,1.0,0,0,2024,6,16,6,1,1,2,1,0,1,LEVE,0
1,0,14,2,4,1,-12.043103204032894,-77.02317771163345,0,2,7,1,2,2,2,0,6543.555,3.0,2,0,1.0,0,30,1475.0,0.7300036506368504,80.21724456394445,75.11639588359114,10.636845733066124,1559.041185521695,156759.78800856532,7626.313,1683.4029999999998,1599.0829999999996,4343.827000000001,1814.875,5811.438000000001,23.797541485643197,2,1,1,1,0,37.0,33.0,40.0,0.0,0.0,0.0,0.0,1,1,1.0,0.0,0.0,0.0,0.0,0.0,0.0,0.0,0.0,1.0,18,2,2021,2,18,3,0,1,0,1,1,1,LEVE,0
3,2,21,0,4,1,-6.044053,-77.143859,0,4,7,1,2,2,2,2,7758.33400008,2.0,2,0,1.0,9,20,2133.0,0.5147882301210585,74.70882653725891,51.74890369370718,6.543161279603341,1011.2929178100565,4267.862955032119,5645.136,815.0759999999999,965.298,3864.762,1013.406,4631.73,17.95184385283189,2,2,0,0,0,42.0,32.0,52.0,1.0,1.0,0.0,0.0,2,0,0.0,0.0,0.0,1.0,1.0,0.0,1.0,0.0,1.0,1.0,21,2,2024,7,28,6,1,1,1,1,0,1,LEVE,0
0,1,7,2,4,1,-14.2881316058993,-71.2230098708344,5,3,1,1,2,1,0,2,7586.903,2.0,2,0,1.0,9,5,1198.0,0.5265643824923771,76.3202150422939,72.59240802938885,8.636399400985075,746.7361126929013,59032.11777301927,17779.13499998999,2097.3709999899997,2863.123,12818.640999999989,2878.713,14900.421999989989,16.19152450331032,2,1,0,1,0,73.0,73.0,73.0,1.0,0.0,0.0,0.0,1,0,0.0,1.0,0.0,0.0,0.0,0.0,1.0,0.0,0.0,0.0,5,0,2023,11,11,5,1,0,2,1,0,1,LEVE,0
6,1,13,0,4,2,-6.800794,-79.685664,0,4,7,1,2,2,2,0,6543.555,2.0,4,4,1.0,14,33,1198.0,0.6225425995267787,81.2291645554815,74.48443506763874,8.985275296431396,1068.7213105287574,28888.895074946468,3459.691,515.0619999999999,689.7280000000001,2254.901,703.3549999999999,2756.336,20.329994788551925,1,1,0,0,0,56.0,56.0,56.0,1.0,1.0,0.0,0.0,1,0,0.0,0.0,0.0,1.0,1.0,0.0,0.0,1.0,1.0,0.0,19,2,2022,11,10,3,0,0,0,1,0,1,LEVE,0
10,1,3,2,4,1,-16.405845,-71.588156,0,0,9,1,4,2,2,0,1504.4250000000002,2.0,2,0,1.0,7,25,241.0,0.6855214685752905,77.55287024349596,78.52978455751916,11.09515988146928,1299.5425610685809,22541.235546038544,10322.272,1495.236,1749.739,7077.2970000000005,2886.595,7435.677000000001,27.964725207783708,1,1,0,0,0,20.0,20.0,20.0,1.0,1.0,0.0,0.0,1,0,0.0,0.0,0.0,1.0,1.0,0.0,0.0,1.0,0.0,1.0,4,0,2023,8,7,0,0,0,0,1,0,1,LEVE,0
0,1,8,0,4,1,-13.331149,-74.971501,7,4,7,1,2,2,2,0,151.11500000000004,1.0,1,3,0.0,9,32,37.0,0.2997946406100768,72.83003345209801,46.42647217987546,4.997510303405721,292.6881439974165,3327.8779443254816,8511.426,1445.3929999999996,2008.516,5057.516999999999,1879.579,6631.846999999998,22.08300935706896,3,2,0,1,0,47.5,29.0,66.0,1.0,0.0,0.0,0.0,2,0,0.0,0.0,0.0,1.0,0.0,1.0,1.0,0.0,0.0,0.0,13,3,2024,6,14,4,0,0,2,1,0,1,LEVE,0
6,1,20,0,4,2,-16.051289,-69.581657,6,5,6,2,6,2,2,0,6543.555,2.0,4,4,1.0,14,33,1198.0,0.4020198374784472,77.80062735845667,75.295761294875,7.279851651626652,372.63390314535104,50686.62526766595,13642.312999999998,2020.7790000000005,2354.117,9267.416999999998,3314.0520000000006,10328.260999999997,24.29244952817019,1,1,0,0,0,39.0,39.0,39.0,1.0,1.0,0.0,0.0,1,0,0.0,0.0,0.0,1.0,1.0,0.0,0.0,1.0,0.0,1.0,12,3,2024,10,13,6,1,0,2,1,0,1,LEVE,0
0,0,14,2,4,1,-11.954708647868603,-77.08510190248491,0,0,1,1,2,2,2,0,28.915,-1.0,6,2,0.0,9,32,10.0,0.7419979630670723,80.31822295927182,79.00446395716813,11.084203715652809,1554.6868971011318,739416.2413542903,7626.313,1683.4029999999998,1599.0829999999996,4343.827000000001,1814.875,5811.438000000001,23.797541485643197,2,1,0,1,0,55.0,55.0,55.0,1.0,0.0,0.0,1.0,1,0,0.0,0.0,0.0,1.0,0.0,1.0,0.0,0.0,0.0,0.0,7,1,2021,2,12,4,0,0,0,1,0,1,LEVE,0
3,1,6,2,4,1,-11.989341,-77.1259525195,0,0,7,1,2,1,0,0,139.23,-1.0,2,0,0.0,9,32,69.0,0.5563774842369664,77.00938809632027,69.10246351364754,8.476961866273152,914.8835608305218,27932.19700214133,51.58600000000001,44.68700000000001,6.899000000000001,0.0,49.838000000000015,1.748,96.61148373589734,2,2,0,0,0,37.0,22.0,52.0,1.0,0.0,0.0,0.0,2,0,0.0,1.0,0.0,1.0,1.0,0.0,1.0,0.0,0.0,0.0,16,3,2022,11,8,1,0,0,2,1,0,0,LEVE,0
10,1,4,2,4,2,-13.292617604851367,-74.45777492110896,0,4,0,0,2,1,0,2,6543.555,2.0,4,4,1.0,14,33,1198.0,0.1859776092837948,69.85250115366037,39.77024304701982,3.1640035399309645,143.5227500887571,15617.884368308352,12678.733000000004,1805.074000000001,1774.0339999999994,9099.625000000004,2485.375000000001,10193.358000000002,19.602707936195205,6,1,0,0,5,33.0,33.0,33.0,0.0,1.0,0.0,0.0,1,0,0.0,0.0,0.0,1.0,0.0,1.0,0.0,0.0,0.0,0.0,11,1,2022,4,14,3,0,0,2,1,0,1,GRAVE_LESIONADOS,1
5,1,20,0,4,3,-15.778955016478022,-70.03513810535165,6,5,6,2,6,2,2,0,6543.555,2.0,4,4,1.0,14,33,1198.0,0.3204026151964153,69.29426309416309,70.2364823564305,6.371809812333516,265.9551058733816,4850.546038543897,13642.312999999998,2020.7790000000005,2354.117,9267.416999999998,3314.0520000000006,10328.260999999997,24.29244952817019,3,2,1,0,1,23.0,23.0,23.0,1.0,1.0,0.0,0.0,2,0,0.0,0.0,0.0,1.0,1.0,1.0,0.0,0.0,0.0,1.0,6,1,2024,12,31,1,0,1,2,1,0,1,LEVE,0
3,2,20,0,4,1,-15.853722,-69.963299,0,4,7,1,2,1,1,2,7586.903,2.0,2,0,1.0,9,5,1198.0,0.6488901960567479,69.67312345830231,82.12448375199249,11.701623814093702,1230.336353415943,144745.3597430407,13642.312999999998,2020.7790000000005,2354.117,9267.416999999998,3314.0520000000006,10328.260999999997,24.29244952817019,2,2,0,0,0,33.5,27.0,40.0,1.0,0.0,0.0,0.0,2,0,0.0,0.0,0.0,1.0,0.0,1.0,1.0,1.0,0.0,0.0,16,3,2021,12,27,0,0,1,2,1,0,1,LEVE,0
0,1,20,2,3,4,-14.631376200948706,-69.44577367658343,2,0,1,1,7,2,2,2,6543.555,2.0,4,4,1.0,14,33,1198.0,0.6184115616858871,61.62211917452258,75.07837960512437,8.232900973487418,1672.724317350423,26325.70877944325,13642.312999999998,2020.7790000000005,2354.117,9267.416999999998,3314.0520000000006,10328.260999999997,24.29244952817019,2,1,0,1,0,20.0,20.0,20.0,1.0,0.0,0.0,0.0,1,0,0.0,0.0,0.0,1.0,0.0,0.0,1.0,1.0,1.0,1.0,19,2,2023,10,15,6,1,1,2,1,0,1,LEVE,0
6,8,5,0,4,2,-6.294487,-78.662876,0,4,7,0,1,2,2,2,6543.555,2.0,4,4,1.0,14,33,1198.0,0.3344646673203048,75.74025524831903,52.374246125101166,4.850231140916322,360.1510557667936,9254.372591006424,15935.565011852366,1733.9250000199986,935.692,13265.948011832368,2000.1670000199988,13935.398011832369,12.551591352627522,9,1,0,0,8,45.0,45.0,45.0,1.0,0.0,0.0,1.0,1,0,0.0,1.0,0.0,0.0,0.0,0.0,1.0,0.0,1.0,0.0,15,3,2023,10,23,0,0,1,2,1,0,1,GRAVE_MORTALIDAD,2
6,1,13,0,4,0,-6.7396095,-79.6405712,0,4,7,1,2,2,2,0,6543.555,2.0,4,4,1.0,14,33,1198.0,0.5368990377599975,81.14791216819076,67.58350560537582,7.829746599316162,796.0036204699745,23182.03854389721,3459.691,515.0619999999999,689.7280000000001,2254.901,703.3549999999999,2756.336,20.329994788551925,4,1,1,0,3,37.0,33.0,40.0,0.0,0.0,0.0,0.0,1,0,0.0,0.0,1.0,0.0,0.0,1.0,0.0,0.0,0.0,0.0,10,1,2023,2,5,6,1,0,0,1,0,1,LEVE,0
6,1,7,0,4,2,-14.113432,-71.144355,0,4,7,0,1,1,0,2,6543.555,2.0,4,4,1.0,14,33,1198.0,0.3429990955037023,73.73981737249511,67.03441544896094,5.348378646997144,334.18752502890294,4044.237687366168,17779.13499998999,2097.3709999899997,2863.123,12818.640999999989,2878.713,14900.421999989989,16.19152450331032,1,1,0,0,0,31.0,31.0,31.0,1.0,0.0,0.0,0.0,1,0,0.0,0.0,0.0,1.0,0.0,0.0,0.0,1.0,0.0,1.0,17,3,2023,8,23,2,0,1,2,1,0,1,LEVE,0
3,2,5,0,4,1,-7.527567,-78.148252,0,4,7,1,2,1,1,0,9936.932,2.0,2,0,1.0,9,32,3830.0,0.2517980913588912,79.04120044279121,35.01748350135311,3.323753479451267,260.3952910099023,13301.858672376871,15935.565011852366,1733.9250000199986,935.692,13265.948011832368,2000.1670000199988,13935.398011832369,12.551591352627522,2,2,0,0,0,40.0,21.0,59.0,1.0,1.0,0.0,0.0,2,0,0.0,0.0,0.0,1.0,1.0,0.0,0.0,0.0,1.0,1.0,20,2,2021,12,20,0,0,1,2,1,0,1,LEVE,0
6,1,7,0,4,2,-13.357721,-71.556543,0,4,7,1,1,2,2,2,6543.555,2.0,4,4,1.0,14,33,1198.0,0.2466226927938573,59.50771953912937,42.678907967899015,3.991373779253808,285.51302601039464,12676.173447537472,17779.13499998999,2097.3709999899997,2863.123,12818.640999999989,2878.713,14900.421999989989,16.19152450331032,1,1,0,0,0,30.0,30.0,30.0,1.0,1.0,0.0,0.0,1,0,0.0,0.0,0.0,1.0,1.0,0.0,0.0,1.0,1.0,1.0,7,1,2025,9,14,6,1,0,2,1,0,1,LEVE,0
10,1,7,2,4,1,-14.789314,-71.421632,0,3,0,1,2,2,2,2,1780.161,1.0,1,3,0.0,9,32,490.0,0.553052655456334,69.21726434550523,74.04128761826507,8.709280027519238,977.6848841665504,33976.192719486084,17779.13499998999,2097.3709999899997,2863.123,12818.640999999989,2878.713,14900.421999989989,16.19152450331032,1,1,0,0,0,28.0,28.0,28.0,1.0,0.0,0.0,0.0,1,0,0.0,0.0,0.0,1.0,1.0,0.0,0.0,0.0,0.0,0.0,0,0,2023,6,6,1,0,0,2,1,0,1,LEVE,0
10,1,14,2,4,1,-12.0424368,-77.03060399,0,0,7,1,2,2,2,2,6543.555,3.0,2,0,1.0,0,30,1475.0,0.7300036506368504,80.21724456394445,75.11639588359114,10.636845733066124,1559.041185521695,156759.78800856532,7626.313,1683.4029999999998,1599.0829999999996,4343.827000000001,1814.875,5811.438000000001,23.797541485643197,1,1,0,0,0,34.0,34.0,34.0,1.0,0.0,0.0,0.0,1,0,0.0,0.0,0.0,1.0,1.0,0.0,0.0,0.0,1.0,0.0,1,0,2023,9,26,1,0,1,0,1,1,1,LEVE,0
0,0,19,2,4,1,-5.185041,-80.586141,0,4,7,1,2,1,0,0,1305.18,2.0,2,0,1.0,1,20,163.0,0.6220812987247925,80.20155828147696,72.71675503872983,10.02377668600292,1028.915688621886,159840.92719486082,8965.846000060003,1782.4120000599992,636.9959999999999,6546.438000000004,2214.505000059999,6751.341000000004,24.699342371541725,2,1,0,1,0,69.0,69.0,69.0,1.0,0.0,0.0,1.0,1,0,0.0,0.0,0.0,1.0,0.0,0.0,1.0,0.0,0.0,0.0,8,1,2021,3,12,4,0,0,0,1,0,1,LEVE,0
0,1,12,2,2,4,-8.111718077,-79.01885088,0,0,1,1,2,2,2,2,6543.555,2.0,4,4,1.0,14,33,1198.0,0.7151155191839451,79.57652607829836,77.25576500264712,11.809756866444314,1377.9438475528384,331253.00214132766,8931.828000000005,1335.5899999999997,1935.9830000000004,5660.255000000005,1219.309,7712.519000000005,13.651281686122925,2,1,0,1,0,42.0,42.0,42.0,1.0,0.0,0.0,0.0,1,0,0.0,0.0,0.0,1.0,0.0,1.0,0.0,1.0,0.0,0.0,10,1,2023,4,29,5,1,1,0,1,0,1,LEVE,0
5,1,0,2,4,1,-6.022337627219859,-77.95092654049742,0,4,2,1,2,1,1,0,196.9,2.0,2,0,0.0,9,0,40.0,0.515913557019013,64.3844584280216,80.4990892026855,7.398538811139099,950.3463607324894,244.67665952890792,3903.732,1155.121,585.018,2163.5930000000003,943.591,2960.1410000000005,24.17151074920102,3,2,1,0,1,29.0,29.0,29.0,1.0,0.0,0.0,0.0,2,1,1.0,0.0,0.0,1.0,1.0,1.0,0.0,0.0,1.0,0.0,16,3,2021,1,17,6,1,1,1,1,0,1,LEVE,0
0,1,7,0,4,0,-13.407341710437828,-71.83019314248222,0,4,0,0,2,1,1,4,6543.555,2.0,4,4,1.0,14,33,1198.0,0.4168644219609223,76.74940152408504,64.55327366555804,6.067767533089989,505.0369445670448,10179.415417558886,17779.13499998999,2097.3709999899997,2863.123,12818.640999999989,2878.713,14900.421999989989,16.19152450331032,2,1,0,1,0,24.0,24.0,24.0,1.0,0.0,0.0,0.0,1,0,0.0,0.0,0.0,1.0,0.0,1.0,0.0,1.0,1.0,1.0,19,2,2022,11,26,5,1,1,2,1,0,1,LEVE,0
6,1,12,0,4,2,-7.7346989532098,-78.03052480256594,0,4,7,1,7,2,2,0,6543.555,2.0,4,4,1.0,14,33,1198.0,0.1405167107902591,78.51359748127314,37.10104254570508,2.208230316135842,109.24828744554304,13896.82226980728,8931.828000000005,1335.5899999999997,1935.9830000000004,5660.255000000005,1219.309,7712.519000000005,13.651281686122925,1,1,0,0,0,16.0,16.0,16.0,1.0,1.0,0.0,0.0,1,0,0.0,0.0,0.0,1.0,1.0,0.0,0.0,1.0,0.0,1.0,20,2,2024,2,1,3,0,0,0,1,0,1,LEVE,0
3,2,1,0,4,1,-8.830359046098112,-77.44144099349027,0,4,7,1,7,2,2,2,1134.015,-1.0,0,2,0.0,9,32,173.0,0.4250153304535135,75.93355032868925,52.81176631650828,6.544146828871554,565.7350572614482,15623.824411134903,10767.648,1885.0630000000003,1222.721,7659.864000000001,2100.343,8667.305000000002,19.506051832303577,2,2,0,0,0,28.5,28.0,29.0,1.0,1.0,0.0,0.0,2,0,0.0,0.0,0.0,1.0,1.0,0.0,0.0,1.0,0.0,1.0,7,1,2021,12,22,2,0,1,0,1,0,1,LEVE,0
7,1,14,2,12,4,-12.16949027,-77.03635813,0,4,0,0,2,1,1,0,6543.555,2.0,4,4,1.0,14,33,1198.0,0.7583553928164398,79.82595632107274,76.7651270103073,11.46351379457763,1662.7771470294065,333655.3618843683,7626.313,1683.4029999999998,1599.0829999999996,4343.827000000001,1814.875,5811.438000000001,23.797541485643197,1,1,0,0,0,56.0,56.0,56.0,1.0,0.0,0.0,0.0,1,0,0.0,0.0,0.0,1.0,0.0,1.0,0.0,0.0,0.0,0.0,19,2,2023,11,1,2,0,0,0,1,0,1,LEVE,0
6,1,12,0,4,0,-7.592899,-78.488527,0,4,7,1,1,2,2,0,6543.555,2.0,4,4,1.0,14,33,1198.0,0.3426873819779948,75.81813000053027,29.83795624511669,4.401613571184507,535.935806912797,7009.668094218416,8931.828000000005,1335.5899999999997,1935.9830000000004,5660.255000000005,1219.309,7712.519000000005,13.651281686122925,1,1,0,0,0,46.0,46.0,46.0,1.0,0.0,0.0,0.0,1,0,0.0,1.0,0.0,0.0,0.0,0.0,1.0,0.0,0.0,0.0,20,2,2023,5,12,4,0,0,0,1,0,1,LEVE,0
6,1,14,2,2,4,-12.284074845730723,-76.86350874082176,0,3,7,1,2,2,2,0,6543.555,2.0,4,4,1.0,14,33,1198.0,0.6909236767275176,78.41626133969348,70.97436336767564,9.826485374940413,1476.8351947609171,95908.53319057816,7626.313,1683.4029999999998,1599.0829999999996,4343.827000000001,1814.875,5811.438000000001,23.797541485643197,1,1,0,0,0,34.0,34.0,34.0,1.0,1.0,0.0,0.0,1,0,0.0,0.0,0.0,1.0,0.0,1.0,0.0,0.0,0.0,0.0,6,1,2024,5,1,2,0,0,0,1,0,1,LEVE,0
6,1,3,0,4,3,-16.053973,-72.24098,0,4,7,0,7,2,2,0,6543.555,2.0,4,4,1.0,14,33,1198.0,0.4253985234578127,74.26645197005844,45.392230236507565,6.274879787289545,646.0370534502149,763.3447537473235,10322.272,1495.236,1749.739,7077.2970000000005,2886.595,7435.677000000001,27.964725207783708,2,1,0,0,1,50.0,50.0,50.0,1.0,1.0,0.0,0.0,1,0,0.0,0.0,0.0,1.0,0.0,0.0,1.0,0.0,0.0,0.0,11,1,2025,3,10,0,0,0,0,1,0,1,LEVE,0
0,1,7,2,2,4,-13.532968255167583,-71.91230902906064,0,0,7,1,2,2,2,4,6543.555,2.0,4,4,1.0,14,33,1198.0,0.6806292796157144,77.51447806142957,82.6599812385644,11.044400293146794,1245.5372385926626,131240.7944325482,17779.13499998999,2097.3709999899997,2863.123,12818.640999999989,2878.713,14900.421999989989,16.19152450331032,2,1,0,1,0,23.0,23.0,23.0,1.0,0.0,0.0,1.0,1,0,0.0,0.0,0.0,0.0,0.0,1.0,0.0,0.0,1.0,0.0,22,2,2021,9,6,0,0,0,2,1,0,1,LEVE,0
3,2,12,0,4,1,-7.320172,-79.370243,0,4,7,1,2,2,2,2,887.28,2.0,2,0,1.0,8,17,155.0,0.5885704819472196,78.81449187577415,72.29060549742594,8.763210867480462,976.1586325354776,48424.389721627405,8931.828000000005,1335.5899999999997,1935.9830000000004,5660.255000000005,1219.309,7712.519000000005,13.651281686122925,2,2,0,0,0,59.5,58.0,61.0,1.0,1.0,0.0,0.0,2,0,0.0,0.0,0.0,1.0,1.0,1.0,0.0,1.0,1.0,0.0,9,1,2021,7,12,0,0,0,0,1,0,1,LEVE,0
0,1,14,2,2,4,-12.2617770804141,-76.8831283306641,0,3,7,1,2,2,2,4,6543.555,2.0,4,4,1.0,14,33,1198.0,0.6909236767275176,78.41626133969348,70.97436336767564,9.826485374940413,1476.8351947609171,95908.53319057816,7626.313,1683.4029999999998,1599.0829999999996,4343.827000000001,1814.875,5811.438000000001,23.797541485643197,2,1,0,1,0,37.0,33.0,40.0,1.0,0.0,0.0,0.0,1,0,0.0,0.0,0.0,1.0,0.0,1.0,0.0,0.0,1.0,0.0,21,2,2021,3,31,2,0,1,0,1,0,1,LEVE,0