CLASE SINIESTRO,CANTIDAD DE VEHICULOS DAÑADOS,DEPARTAMENTO,ZONA,TIPO DE VÍA,RED VIAL,COORDENADAS LATITUD,COORDENADAS  LONGITUD,CONDICIÓN CLIMÁTICA,ZONIFICACIÓN,CARACTERÍSTICAS DE VÍA,PERFIL LONGITUDINAL VÍA,SUPERFICIE DE CALZADA,¿EXISTE SEÑAL VERTICAL?,¿EXISTE SEÑAL HORIZONTAL?,CAUSA FACTOR PRINCIPAL,MTC_RVN_LONGITUD_KM,MTC_RVN_N_CARRILES_MEDIANA,MTC_RVN_SUPERFICIE_DOMINANTE,MTC_RVN_ESTADO_DOMINANTE,MTC_RVN_ES_CONCESIONADA,MTC_RVN_CONCESION_PRINCIPAL,MTC_RVN_CORREDOR_LOGISTICO,MTC_RVN_N_TRAMOS,IDH_2019,IDH_ESP_VIDA_2019,IDH_EDUC_SECUND_PCT_2019,IDH_ANIOS_EDUC_2019,IDH_INGRESO_PERCAP_2019,IDH_POBLACION_2019,MTC_DEP_RED_TOTAL_KM,MTC_DEP_NACIONAL_TOTAL_KM,MTC_DEP_DEPARTAMENTAL_TOTAL_KM,MTC_DEP_VECINAL_TOTAL_KM,MTC_DEP_PAV_TOTAL_KM,MTC_DEP_NO_PAV_TOTAL_KM,MTC_DEP_PCT_PAVIMENTADA,PER_TOTAL_PERSONAS,PER_N_CONDUCTORES,PER_N_CONDUCTORES_FUGADOS,PER_N_PEATONES,PER_N_PASAJEROS_OCUPANTES,PER_EDAD_COND_PROM,PER_EDAD_COND_MIN,PER_EDAD_COND_MAX,PER_ANY_COND_MASCULINO,PER_ANY_LIC_PROBLEMA,PER_ANY_DOSAJE_POS,PER_ANY_DOSAJE_EVALUADO,VEH_TOTAL,VEH_N_FUGADOS,VEH_ANY_FUGADO,VEH_ANY_CARGA,VEH_ANY_PUBLICO,VEH_ANY_PARTICULAR,VEH_ANY_MOTO,VEH_ANY_AUTO,VEH_ANY_CAMION_BUS,VEH_ANY_SOAT_PROBLEMA,VEH_ANY_CITV_PROBLEMA,VEH_ANY_SEGURO_PROBLEMA,HORA_NUM,FRANJA_HORARIA,ANIO,MES,DIA_MES,DIA_SEMANA,ES_FIN_SEMANA,ES_QUINCENA,REGION_NATURAL,TIENE_SEÑALIZACION,ES_VIA_MULTICARRIL,ES_DEPTO_BAJO_PAVIMENTO,CATEGORIA_SEVERIDAD,CATEGORIA_SEVERIDAD_ENC
3,2,7,0,4,1,-13.905138132634129,-71.49932218441477,0,4,7,1,2,2,2,2,7586.903,2.0,2,0,1.0,9,5,1198.0,0.2817996466757569,61.46221967841442,59.94392749373902,5.22767318167762,273.6262823371238,4178.871520342613,17779.13499998999,2097.3709999899997,2863.123,12818.640999999989,2878.713,14900.421999989989,16.19152450331032,3,2,0,0,1,35.0,24.0,46.0,1.0,0.0,0.0,1.0,2,0,0.0,0.0,1.0,1.0,0.0,1.0,1.0,0.0,0.0,0.0,4,0,2025,7,12,5,1,0,2,1,0,1,LEVE,0
6,1,10,0,4,2,-13.735702,-75.97091,0,4,7,1,7,2,2,0,6543.555,2.0,4,4,1.0,14,33,1198.0,0.5476064687943295,72.89816640240538,72.53137929650067,8.073066505789269,930.7694624870004,5923.768736616702,3721.461,698.1859999999996,744.866,2278.409,1102.9029999999996,2618.558,29.636290693359403,1,1,0,0,0,40.0,40.0,40.0,1.0,1.0,0.0,0.0,1,0,0.0,0.0,0.0,1.0,1.0,0.0,0.0,1.0,1.0,1.0,17,3,2024,6,27,3,0,1,0,1,0,1,LEVE,0
1,1,11,2,2,4,-12.069688,-75.199547,0,0,7,1,2,2,2,2,6543.555,2.0,4,4,1.0,14,33,1198.0,0.6083413875375813,71.66982597817598,76.35118091119013,11.05243180238688,1046.538532645036,119236.36616702356,12264.545,1826.4639999999995,1105.5389999999998,9332.542,1588.5359999999996,10676.009,12.952261987705208,2,1,1,1,0,37.0,33.0,40.0,0.0,0.0,0.0,0.0,1,1,1.0,0.0,0.0,0.0,0.0,0.0,0.0,0.0,0.0,1.0,10,1,2022,1,15,5,1,1,2,1,0,1,LEVE,0
3,1,24,2,2,4,-8.390918,-74.550855,0,0,1,1,2,0,1,2,6543.555,2.0,4,4,1.0,14,33,1198.0,0.5634769861561197,73.0016356967691,60.42057392437736,9.668331643433834,987.6889044977592,126065.34475374733,2689.139,392.697,1311.5319999999997,984.91,261.598,2427.541,9.727946379863592,3,2,0,0,1,36.5,18.0,55.0,1.0,1.0,0.0,0.0,2,0,0.0,0.0,0.0,1.0,1.0,0.0,0.0,0.0,1.0,0.0,18,2,2023,8,2,2,0,0,1,1,0,1,LEVE,0
3,2,3,0,4,1,-16.52672749,-72.47583574,0,4,7,1,2,2,2,0,6639.975,2.0,2,0,1.0,9,31,1616.0,0.6077843615696785,76.53072135400231,69.81276959706165,8.77367759087771,1135.5159013374655,74658.55888650964,10322.272,1495.236,1749.739,7077.2970000000005,2886.595,7435.677000000001,27.964725207783708,2,2,0,0,0,33.0,30.0,36.0,1.0,0.0,0.0,1.0,2,0,0.0,0.0,0.0,1.0,0.0,1.0,1.0,0.0,0.0,0.0,12,3,2021,8,10,1,0,0,0,1,0,1,LEVE,0
1,1,12,0,4,2,-8.15069,-79.010301,0,4,7,1,2,2,2,4,6543.555,2.0,4,4,1.0,14,33,1198.0,0.618325375347301,78.45577068094175,66.18977766598024,9.47415720612109,1128.5991234425228,37258.80942184154,8931.828000000005,1335.5899999999997,1935.9830000000004,5660.255000000005,1219.309,7712.519000000005,13.651281686122925,2,1,1,1,0,37.0,33.0,40.0,0.0,0.0,0.0,0.0,1,1,1.0,0.0,0.0,0.0,0.0,0.0,0.0,0.0,0.0,1.0,16,3,2022,7,11,0,0,0,0,1,0,1,LEVE,0
3,2,21,0,4,1,-6.04457,-77.144425,0,4,7,1,2,2,2,0,7758.33400008,2.0,2,0,1.0,9,20,2133.0,0.5147882301210585,74.70882653725891,51.74890369370718,6.543161279603341,1011.2929178100565,4267.862955032119,5645.136,815.0759999999999,965.298,3864.762,1013.406,4631.73,17.95184385283189,2,2,0,0,0,47.0,41.0,53.0,1.0,1.0,0.0,0.0,2,0,0.0,0.0,0.0,1.0,1.0,1.0,0.0,0.0,1.0,1.0,1,0,2025,9,27,5,1,1,1,1,0,1,LEVE,0
6,1,14,0,4,1,-11.415470624925003,-77.3721247536458,0,4,0,1,2,1,0,2,1422.177,2.0,2,0,0.0,9,19,698.0,0.7327345537337897,78.20903814342847,76.31492653513806,13.642917835589472,1405.6698219039215,62016.21841541756,7626.313,1683.4029999999998,1599.0829999999996,4343.827000000001,1814.875,5811.438000000001,23.797541485643197,1,1,0,0,0,30.0,30.0,30.0,1.0,1.0,0.0,0.0,1,0,0.0,0.0,0.0,1.0,1.0,0.0,0.0,0.0,0.0,0.0,6,1,2021,8,17,1,0,1,0,1,0,1,LEVE,0
6,1,20,0,4,1,-15.6880311,-70.8102044,0,4,0,1,2,0,1,2,1504.4250000000002,2.0,2,0,1.0,7,25,241.0,0.4698599762559323,78.4228993312338,68.12786536644234,6.991927650318564,610.3916333612686,6938.8501070663815,13642.312999999998,2020.7790000000005,2354.117,9267.416999999998,3314.0520000000006,10328.260999999997,24.29244952817019,1,1,0,0,0,21.0,21.0,21.0,1.0,0.0,0.0,0.0,1,0,0.0,1.0,0.0,0.0,0.0,0.0,1.0,0.0,1.0,0.0,4,0,2022,6,27,0,0,1,2,1,0,1,LEVE,0
3,3,3,0,4,1,-16.62429,-71.87165,0,4,7,1,2,0,1,0,289.55,2.0,2,0,1.0,7,25,10.0,0.6105481451420971,78.10653088113892,68.35418098658066,8.411557426919764,1158.5430895193692,35025.678800856535,10322.272,1495.236,1749.739,7077.2970000000005,2886.595,7435.677000000001,27.964725207783708,4,3,0,0,1,52.0,40.0,66.0,1.0,0.0,0.0,0.0,3,0,0.0,1.0,0.0,1.0,0.0,1.0,1.0,0.0,0.0,0.0,16,3,2023,2,5,6,1,0,0,1,0,1,LEVE,0
10,1,5,0,4,2,-7.0629574513078,-78.7195395416569,6,5,6,2,6,2,2,0,6543.555,2.0,4,4,1.0,14,33,1198.0,0.2741996735144121,67.87327980496377,34.62824886204975,4.027767902888583,340.12388239954726,2984.6616702355464,15935.565011852366,1733.9250000199986,935.692,13265.948011832368,2000.1670000199988,13935.398011832369,12.551591352627522,15,1,0,0,14,29.0,29.0,29.0,1.0,1.0,0.0,0.0,1,0,0.0,1.0,0.0,0.0,0.0,0.0,1.0,0.0,1.0,0.0,11,1,2022,2,23,2,0,1,2,1,0,1,GRAVE_MORTALIDAD,2
3,2,12,0,4,1,-7.1187,-79.48835,0,4,7,1,2,2,2,2,6543.555,3.0,2,0,1.0,0,30,1475.0,0.5114727232493018,78.60606800160349,61.153108160372966,6.422343227671115,862.4189512831092,24701.19700214133,8931.828000000005,1335.5899999999997,1935.9830000000004,5660.255000000005,1219.309,7712.519000000005,13.651281686122925,2,2,0,0,0,38.5,26.0,51.0,1.0,0.0,0.0,0.0,2,0,0.0,1.0,0.0,1.0,1.0,0.0,1.0,1.0,1.0,1.0,0,0,2022,12,16,4,0,1,0,1,1,1,LEVE,0
3,1,14,2,4,1,-12.035383,-77.047746,0,3,7,1,2,2,2,0,6543.555,3.0,2,0,1.0,0,30,1475.0,0.7419979630670723,80.31822295927182,79.00446395716813,11.084203715652809,1554.6868971011318,739416.2413542903,7626.313,1683.4029999999998,1599.0829999999996,4343.827000000001,1814.875,5811.438000000001,23.797541485643197,3,3,0,0,0,45.0,29.0,55.0,1.0,0.0,0.0,0.0,3,0,0.0,1.0,0.0,1.0,1.0,0.0,1.0,0.0,1.0,0.0,20,2,2023,11,14,1,0,0,0,1,1,1,LEVE,0
3,1,12,0,4,1,-7.811103864819987,-78.05283795922684,0,4,7,1,2,2,2,2,9936.932,2.0,2,0,1.0,9,32,3830.0,0.3986882084754764,72.97869269132666,58.65435142755623,5.605762371496486,527.7120199980477,69564.29978586723,8931.828000000005,1335.5899999999997,1935.9830000000004,5660.255000000005,1219.309,7712.519000000005,13.651281686122925,2,2,0,0,0,27.5,24.0,31.0,1.0,0.0,0.0,0.0,2,0,0.0,0.0,1.0,1.0,1.0,0.0,1.0,0.0,0.0,0.0,11,1,2023,7,28,4,0,1,0,1,0,1,LEVE,0
3,4,10,0,4,1,-13.728955,-75.910783,0,4,7,1,2,2,2,0,1679.5849999999998,2.0,2,3,1.0,9,24,315.0,0.5476064687943295,72.89816640240538,72.53137929650067,8.073066505789269,930.7694624870004,5923.768736616702,3721.461,698.1859999999996,744.866,2278.409,1102.9029999999996,2618.558,29.636290693359403,8,4,1,0,4,51.333333333333336,50.0,53.0,1.0,0.0,0.0,1.0,4,0,0.0,1.0,0.0,1.0,1.0,1.0,0.0,0.0,1.0,1.0,19,2,2022,10,3,0,0,0,0,1,0,1,GRAVE_MORTALIDAD,2
6,1,23,0,4,1,-3.4829212500110605,-80.2544043030435,7,4,0,1,2,2,2,2,34.68,2.0,2,0,0.0,9,32,10.0,0.4809550242578706,73.07176248806164,62.28512716598154,7.343272081128487,729.1613405110833,22758.41541755889,1009.101,138.47399999999996,287.471,583.156,276.972,732.129,27.447401201663663,2,1,0,0,1,21.0,21.0,21.0,1.0,1.0,0.0,0.0,1,0,0.0,0.0,0.0,1.0,1.0,0.0,0.0,1.0,0.0,1.0,8,1,2022,4,10,6,1,0,0,1,0,1,LEVE,0
10,2,3,0,4,0,-15.856426,-71.428309,4,4,7,1,2,2,2,0,6543.555,2.0,4,4,1.0,14,33,1198.0,0.5325761945469989,81.34951653829121,50.97523181639888,6.867251361766504,964.6116839691138,2104.1584582441114,10322.272,1495.236,1749.739,7077.2970000000005,2886.595,7435.677000000001,27.964725207783708,3,2,0,0,1,34.0,25.0,43.0,1.0,0.0,0.0,0.0,2,0,0.0,0.0,0.0,1.0,1.0,0.0,1.0,0.0,0.0,0.0,14,3,2024,4,6,5,1,0,0,1,0,1,GRAVE_MORTALIDAD,2
0,1,12,2,4,1,-8.138208,-79.015506,0,0,7,1,2,2,2,0,6543.555,3.0,2,0,1.0,0,30,1475.0,0.7151155191839451,79.57652607829836,77.25576500264712,11.809756866444314,1377.9438475528384,331253.00214132766,8931.828000000005,1335.5899999999997,1935.9830000000004,5660.255000000005,1219.309,7712.519000000005,13.651281686122925,2,1,0,1,0,34.0,34.0,34.0,1.0,0.0,0.0,0.0,1,0,0.0,1.0,0.0,0.0,0.0,0.0,1.0,0.0,1.0,0.0,13,3,2023,8,21,0,0,1,0,1,1,1,LEVE,0
1,0,14,0,4,1,-10.599432782782976,-77.87115271263951,2,4,7,1,2,2,2,0,6543.555,3.0,2,0,1.0,0,30,1475.0,0.6268687897946689,82.18096720561557,72.30753381266985,8.959173721649861,1090.279660993292,20521.346895074952,7626.313,1683.4029999999998,1599.0829999999996,4343.827000000001,1814.875,5811.438000000001,23.797541485643197,2,1,1,1,0,37.0,33.0,40.0,0.0,0.0,0.0,0.0,1,1,1.0,0.0,0.0,0.0,0.0,0.0,0.0,0.0,0.0,1.0,22,2,2021,9,3,4,0,0,0,1,1,1,LEVE,0
3,1,14,2,3,4,-11.7820838,-77.16173524,0,3,1,1,2,2,2,2,6543.555,2.0,4,4,1.0,14,33,1198.0,0.6688889885290078,77.65971620762488,72.11797581870952,9.343568875150348,1392.9562465448405,54956.252676659526,7626.313,1683.4029999999998,1599.0829999999996,4343.827000000001,1814.875,5811.438000000001,23.797541485643197,2,2,0,0,0,35.5,25.0,46.0,1.0,0.0,0.0,0.0,2,0,0.0,0.0,0.0,1.0,1.0,1.0,0.0,0.0,1.0,0.0,23,2,2023,1,17,1,0,1,0,1,0,1,LEVE,0
6,1,14,2,4,1,-12.06408331102741,-76.97148346045434,0,2,7,1,2,2,2,2,6639.975,2.0,2,0,1.0,9,31,1616.0,0.6868549636939637,79.62363164345142,76.30894566128948,9.209137883551294,1425.4498631666322,684921.8484148846,7626.313,1683.4029999999998,1599.0829999999996,4343.827000000001,1814.875,5811.438000000001,23.797541485643197,3,1,0,2,0,38.0,38.0,38.0,1.0,0.0,0.0,0.0,1,0,0.0,0.0,0.0,1.0,0.0,1.0,0.0,0.0,0.0,0.0,18,2,2024,2,23,4,0,1,0,1,0,1,GRAVE_MORTALIDAD,2
6,1,3,0,4,3,-17.122089,-71.860648,0,4,7,1,7,2,2,2,6543.555,2.0,4,4,1.0,14,33,1198.0,0.61639083938292,77.65150347430681,71.08229457479256,8.361097169993315,1182.892298685911,6725.137044967881,10322.272,1495.236,1749.739,7077.2970000000005,2886.595,7435.677000000001,27.964725207783708,1,1,0,0,0,23.0,23.0,23.0,1.0,1.0,0.0,0.0,1,0,0.0,0.0,0.0,0.0,0.0,0.0,0.0,0.0,0.0,0.0,2,0,2021,6,4,4,0,0,0,1,0,1,LEVE,0
3,2,12,0,4,1,-7.804772,-79.193644,0,4,7,1,2,2,2,0,6543.555,3.0,2,0,1.0,0,30,1475.0,0.6137552402736777,77.488039372676,77.55476206305543,9.288784127631692,1053.6564617230836,8413.593147751606,8931.828000000005,1335.5899999999997,1935.9830000000004,5660.255000000005,1219.309,7712.519000000005,13.651281686122925,4,2,0,0,2,56.0,42.0,70.0,1.0,0.0,0.0,0.0,2,0,0.0,1.0,1.0,0.0,1.0,0.0,1.0,0.0,1.0,0.0,11,1,2021,6,9,2,0,0,0,1,1,1,LEVE,0
3,2,3,0,4,1,-16.402085,-72.074322,0,4,7,1,2,0,1,0,6639.975,2.0,2,0,1.0,9,31,1616.0,0.6084493916639881,75.90495029382188,64.41217540559256,8.260115261366025,1243.986900667714,6382.811563169165,10322.272,1495.236,1749.739,7077.2970000000005,2886.595,7435.677000000001,27.964725207783708,3,2,0,0,1,32.0,23.0,41.0,1.0,1.0,0.0,0.0,2,0,0.0,0.0,0.0,1.0,1.0,1.0,0.0,0.0,1.0,0.0,21,2,2023,2,26,6,1,1,0,1,0,1,GRAVE_MORTALIDAD,2
6,2,14,0,4,2,-11.219214105863564,-77.40793055605175,0,4,7,1,2,2,2,0,6543.555,2.0,4,4,1.0,14,33,1198.0,0.625259356790912,76.00710856837651,64.39893010534446,7.928807895834627,1379.4198272918734,24684.304068522484,7626.313,1683.4029999999998,1599.0829999999996,4343.827000000001,1814.875,5811.438000000001,23.797541485643197,3,2,1,0,1,29.0,29.0,29.0,1.0,1.0,0.0,1.0,2,1,1.0,0.0,0.0,1.0,1.0,0.0,0.0,0.0,0.0,1.0,19,2,2023,7,25,1,0,1,0,1,0,1,LEVE,0
0,1,17,0,4,1,-17.639785,-70.930033,0,4,7,1,2,1,1,4,6639.975,2.0,2,0,1.0,9,31,1616.0,0.7019393796398946,77.75173796903684,74.13909206921859,10.843210004831542,1446.2028877191838,64680.35760171306,2949.174,470.28500000000025,903.055,1575.834,866.4460000000004,2082.728,29.37927704503025,2,1,0,1,0,30.0,30.0,30.0,1.0,0.0,0.0,1.0,1,0,0.0,0.0,0.0,1.0,0.0,0.0,1.0,0.0,1.0,0.0,19,2,2021,3,6,5,1,0,0,1,0,1,LEVE,0
0,1,3,2,4,1,-16.408196,-71.6101992,0,3,7,0,2,2,2,0,1504.4250000000002,2.0,2,0,1.0,7,25,241.0,0.6689013265491138,80.68275010974979,77.5560025217936,10.466309714908672,1190.454984819332,14385.036402569593,10322.272,1495.236,1749.739,7077.2970000000005,2886.595,7435.677000000001,27.964725207783708,2,1,0,1,0,59.0,59.0,59.0,1.0,0.0,0.0,1.0,1,0,0.0,0.0,0.0,1.0,0.0,1.0,0.0,0.0,0.0,0.0,4,0,2023,11,13,0,0,0,0,1,0,1,LEVE,0
3,2,12,0,4,1,-7.1266672765,-79.4788191263,0,4,7,1,2,2,2,0,6543.555,3.0,2,0,1.0,0,30,1475.0,0.5114727232493018,78.60606800160349,61.153108160372966,6.422343227671115,862.4189512831092,24701.19700214133,8931.828000000005,1335.5899999999997,1935.9830000000004,5660.255000000005,1219.309,7712.519000000005,13.651281686122925,9,2,0,0,7,42.0,28.0,56.0,1.0,1.0,0.0,0.0,2,0,0.0,0.0,1.0,1.0,1.0,0.0,1.0,0.0,0.0,1.0,5,0,2025,2,19,2,0,1,0,1,1,1,GRAVE_LESIONADOS,1
6,1,12,0,4,1,-8.50491,-78.688881,0,4,7,1,2,2,2,2,6543.555,3.0,2,0,1.0,0,30,1475.0,0.4971504606547645,77.79759708660042,46.44666297237219,6.322206801902116,929.9716106661404,44368.59100642397,8931.828000000005,1335.5899999999997,1935.9830000000004,5660.255000000005,1219.309,7712.519000000005,13.651281686122925,2,1,0,0,1,39.0,39.0,39.0,1.0,0.0,0.0,1.0,1,0,0.0,1.0,0.0,0.0,0.0,0.0,1.0,0.0,0.0,0.0,11,1,2022,8,17,2,0,1,0,1,1,1,LEVE,0
3,1,3,0,4,1,-15.88421,-71.1601,5,4,7,1,2,0,1,0,1504.4250000000002,2.0,2,0,1.0,7,25,241.0,0.4498224071382834,81.63336343193146,58.84842497065013,5.774685730039019,620.6584683449911,1358.612419700214,10322.272,1495.236,1749.739,7077.2970000000005,2886.595,7435.677000000001,27.964725207783708,4,2,0,0,2,45.5,39.0,52.0,1.0,0.0,0.0,0.0,2,0,0.0,1.0,0.0,1.0,0.0,0.0,1.0,0.0,0.0,0.0,6,1,2025,4,18,4,0,1,0,1,0,1,LEVE,0
6,1,8,0,4,1,-13.185949,-75.572333,0,4,0,1,2,2,2,0,1482.81,1.0,1,3,0.0,9,16,270.0,0.3350977923231871,68.89558289355473,47.3438883832626,6.105182048508107,369.6405022278763,1173.4582441113491,8511.426,1445.3929999999996,2008.516,5057.516999999999,1879.579,6631.846999999998,22.08300935706896,2,1,0,0,1,41.0,41.0,41.0,1.0,0.0,1.0,1.0,1,0,0.0,0.0,0.0,1.0,0.0,0.0,1.0,0.0,0.0,0.0,11,1,2021,4,21,2,0,1,2,1,0,1,LEVE,0
3,2,13,0,4,0,-6.63742782430162,-79.80798673523505,0,4,7,1,2,2,2,0,6543.555,2.0,4,4,1.0,14,33,1198.0,0.4830691057308139,70.96444951827758,64.80144780665611,8.449210981294696,693.4770787539296,13710.346895074948,3459.691,515.0619999999999,689.7280000000001,2254.901,703.3549999999999,2756.336,20.329994788551925,3,2,0,0,1,34.5,34.0,35.0,1.0,0.0,0.0,1.0,2,0,0.0,1.0,0.0,1.0,0.0,1.0,1.0,0.0,0.0,0.0,5,0,2021,3,31,2,0,1,0,1,0,1,GRAVE_MORTALIDAD,2
6,1,19,0,4,1,-5.144486,-80.8013583,0,4,7,1,2,2,2,2,245.29,2.0,2,0,1.0,1,20,18.0,0.5214892169331304,81.30000138777692,64.69217807020043,6.638648670954715,828.5092750539112,9423.963597430407,8965.846000060003,1782.4120000599992,636.9959999999999,6546.438000000004,2214.505000059999,6751.341000000004,24.699342371541725,2,1,0,0,1,41.0,41.0,41.0,1.0,0.0,0.0,1.0,1,0,0.0,0.0,0.0,1.0,0.0,0.0,1.0,0.0,0.0,0.0,13,3,2023,2,25,5,1,1,0,1,0,1,LEVE,0
3,1,12,0,4,1,-7.273730020529267,-79.28734084682289,0,4,7,1,2,2,2,0,887.28,2.0,2,0,1.0,8,17,155.0,0.5885704819472196,78.81449187577415,72.29060549742594,8.763210867480462,976.1586325354776,48424.389721627405,8931.828000000005,1335.5899999999997,1935.9830000000004,5660.255000000005,1219.309,7712.519000000005,13.651281686122925,2,2,0,0,0,41.0,30.0,52.0,1.0,1.0,0.0,0.0,2,0,0.0,0.0,0.0,1.0,1.0,1.0,0.0,1.0,1.0,1.0,17,3,2024,6,1,5,1,0,0,1,0,1,LEVE,0
6,1,3,0,4,3,-15.600563,-73.00074,0,4,5,0,7,2,2,0,6543.555,2.0,4,4,1.0,14,33,1198.0,0.5424780701561984,81.85356780733275,52.54005069321825,7.3684560306539,949.9314165757314,525.933618843683,10322.272,1495.236,1749.739,7077.2970000000005,2886.595,7435.677000000001,27.964725207783708,1,1,0,0,0,40.0,40.0,40.0,1.0,0.0,0.0,0.0,1,0,0.0,0.0,0.0,1.0,0.0,0.0,1.0,0.0,1.0,0.0,17,3,2021,9,21,1,0,1,0,1,0,1,LEVE,0
0,1,21,2,6,4,-6.48395,-76.37267,0,0,7,1,2,0,1,0,6543.555,2.0,4,4,1.0,14,33,1198.0,0.6729354303196766,71.95034522710945,80.80288699428996,10.48054848161392,1400.8616704695874,76010.20342612421,5645.136,815.0759999999999,965.298,3864.762,1013.406,4631.73,17.95184385283189,2,1,1,1,0,37.0,33.0,40.0,0.0,0.0,0.0,0.0,1,1,1.0,0.0,0.0,0.0,0.0,0.0,0.0,0.0,0.0,1.0,19,2,2021,10,3,6,1,0,1,1,0,1,LEVE,0
6,1,19,0,4,2,-5.486393,-79.366206,0,4,0,1,7,2,2,0,6543.555,2.0,4,4,1.0,14,33,1198.0,0.2282818400171304,64.81573407743915,33.825414350143774,4.002083561699308,227.94487715784868,7803.004282655245,8965.846000060003,1782.4120000599992,636.9959999999999,6546.438000000004,2214.505000059999,6751.341000000004,24.699342371541725,2,1,0,0,1,43.0,43.0,43.0,0.0,1.0,0.0,1.0,1,0,0.0,0.0,0.0,1.0,0.0,0.0,1.0,0.0,1.0,0.0,20,2,2025,2,14,4,0,0,0,1,0,1,LEVE,0
6,1,7,2,2,4,-12.6144928,-73.794253,0,3,7,1,1,2,2,2,6543.555,2.0,4,4,1.0,14,33,1198.0,0.4000524425036719,73.40481655087646,49.29293286065465,6.082220384138268,542.3967836867969,14951.593147751608,17779.13499998999,2097.3709999899997,2863.123,12818.640999999989,2878.713,14900.421999989989,16.19152450331032,2,1,0,0,1,38.0,38.0,38.0,1.0,0.0,1.0,1.0,1,0,0.0,0.0,0.0,1.0,0.0,0.0,1.0,0.0,1.0,0.0,22,2,2023,2,27,0,0,1,2,1,0,1,LEVE,0
1,1,10,0,4,1,-13.509641,-76.184887,0,4,7,1,2,2,2,0,205.54999999999995,-1.0,2,0,1.0,13,31,15.0,0.575108675542622,80.48751485041296,69.97733945104977,8.91411717811534,891.3032819289404,12460.550321199144,3721.461,698.1859999999996,744.866,2278.409,1102.9029999999996,2618.558,29.636290693359403,2,1,1,1,0,37.0,33.0,40.0,0.0,0.0,0.0,0.0,1,1,1.0,0.0,0.0,0.0,0.0,0.0,0.0,0.0,0.0,1.0,6,1,2025,3,30,6,1,1,0,1,0,1,LEVE,0
3,2,12,2,4,1,-8.096757503993805,-78.97117223938625,0,2,7,1,2,2,2,0,610.6099999999999,2.0,2,0,1.0,8,29,100.0,0.5929579484728337,80.24150924632623,64.75837382721711,8.51830466766158,1043.4182142665843,34739.39614561028,8931.828000000005,1335.5899999999997,1935.9830000000004,5660.255000000005,1219.309,7712.519000000005,13.651281686122925,2,2,0,0,0,34.5,26.0,43.0,1.0,0.0,0.0,0.0,2,0,0.0,1.0,0.0,1.0,0.0,1.0,1.0,0.0,1.0,0.0,20,2,2024,8,4,6,1,0,0,1,0,1,LEVE,0
3,2,20,0,4,1,-14.345605,-70.265136,7,4,0,1,2,1,0,2,1761.8050000000003,2.0,2,0,1.0,6,22,410.0,0.3057414008801379,69.22264670186847,58.33380814660391,5.772116020653216,271.6242449747086,3829.5845824411126,13642.312999999998,2020.7790000000005,2354.117,9267.416999999998,3314.0520000000006,10328.260999999997,24.29244952817019,3,2,0,0,1,37.0,30.0,44.0,1.0,1.0,0.0,1.0,2,0,0.0,0.0,0.0,1.0,0.0,0.0,1.0,0.0,1.0,0.0,16,3,2021,8,23,0,0,1,2,1,0,1,LEVE,0
3,2,5,2,4,2,-7.18351145550731,-78.4447778102709,0,0,7,1,2,2,2,2,6543.555,2.0,4,4,1.0,14,33,1198.0,0.3658867820676106,77.61736312988027,56.72232982291409,4.846126768330761,429.7048027279435,5469.092077087795,15935.565011852366,1733.9250000199986,935.692,13265.948011832368,2000.1670000199988,13935.398011832369,12.551591352627522,3,2,0,0,1,35.5,30.0,41.0,1.0,1.0,0.0,1.0,2,0,0.0,0.0,0.0,1.0,1.0,1.0,0.0,0.0,1.0,1.0,20,2,2024,4,27,5,1,1,2,1,0,1,LEVE,0
3,1,20,0,4,1,-14.2357036,-70.2449078,0,4,7,1,2,2,2,2,1761.8050000000003,2.0,2,0,1.0,6,22,410.0,0.3994115028164486,70.17553371856287,66.02983897758989,6.170514906320186,497.737116991228,2240.325481798715,13642.312999999998,2020.7790000000005,2354.117,9267.416999999998,3314.0520000000006,10328.260999999997,24.29244952817019,3,3,1,0,0,35.5,30.0,41.0,1.0,1.0,0.0,1.0,3,1,1.0,0.0,0.0,1.0,1.0,0.0,1.0,0.0,1.0,1.0,16,3,2023,5,5,4,0,0,2,1,0,1,LEVE,0
1,0,7,0,4,1,-13.780265426103185,-71.5715997854775,0,4,7,1,2,1,0,4,7586.903,2.0,2,0,1.0,9,5,1198.0,0.2662629803896222,69.177138363648,53.22953524136351,4.064477176468824,251.91361966271845,10643.807280513918,17779.13499998999,2097.3709999899997,2863.123,12818.640999999989,2878.713,14900.421999989989,16.19152450331032,2,1,1,1,0,37.0,33.0,40.0,0.0,0.0,0.0,0.0,1,1,1.0,0.0,0.0,0.0,0.0,0.0,0.0,0.0,0.0,1.0,22,2,2024,7,17,2,0,1,2,1,0,1,LEVE,0
0,1,14,2,2,4,-12.00193,-77.087,0,2,7,1,2,2,2,2,6543.555,2.0,4,4,1.0,14,33,1198.0,0.7419979630670723,80.31822295927182,79.00446395716813,11.084203715652809,1554.6868971011318,739416.2413542903,7626.313,1683.4029999999998,1599.0829999999996,4343.827000000001,1814.875,5811.438000000001,23.797541485643197,2,1,0,1,0,37.0,33.0,40.0,1.0,0.0,0.0,0.0,1,0,0.0,0.0,0.0,1.0,1.0,0.0,0.0,1.0,1.0,0.0,20,2,2021,3,21,6,1,1,0,1,0,1,LEVE,0
10,1,4,2,4,1,-12.94969510295809,-74.01757465344146,0,4,0,0,2,1,0,6,3447.8009999999995,1.0,2,3,0.0,9,12,1109.0,0.242115079402463,78.60995656774577,51.62938606373191,3.6027664414524385,187.9375733088464,17574.86937901499,12678.733000000004,1805.074000000001,1774.0339999999994,9099.625000000004,2485.375000000001,10193.358000000002,19.602707936195205,2,1,0,0,1,38.0,38.0,38.0,1.0,0.0,0.0,1.0,1,0,0.0,0.0,0.0,0.0,0.0,0.0,1.0,0.0,0.0,0.0,16,3,2023,7,29,5,1,1,2,1,0,1,LEVE,0
6,1,8,0,4,0,-13.032857,-74.952973,0,4,0,0,3,2,2,0,6543.555,2.0,4,4,1.0,14,33,1198.0,0.488230635263319,69.43676718997209,51.35450690635422,6.587870960289425,965.860217779833,2302.593147751606,8511.426,1445.3929999999996,2008.516,5057.516999999999,1879.579,6631.846999999998,22.08300935706896,3,1,0,0,2,33.0,33.0,33.0,1.0,1.0,0.0,1.0,1,0,0.0,0.0,0.0,1.0,0.0,0.0,1.0,1.0,0.0,1.0,14,3,2022,2,8,1,0,0,2,1,0,1,GRAVE_MORTALIDAD,2
0,0,7,2,3,4,-13.5356522,-71.91255119,7,0,0,0,2,2,2,4,6543.555,2.0,4,4,1.0,14,33,1198.0,0.6806292796157144,77.51447806142957,82.6599812385644,11.044400293146794,1245.5372385926626,131240.7944325482,17779.13499998999,2097.3709999899997,2863.123,12818.640999999989,2878.713,14900.421999989989,16.19152450331032,2,1,0,1,0,31.0,31.0,31.0,1.0,0.0,0.0,1.0,1,0,0.0,1.0,0.0,0.0,0.0,0.0,1.0,0.0,0.0,0.0,9,1,2022,6,18,5,1,1,2,1,0,1,LEVE,0
6,1,5,0,4,0,-7.48149378897081,-77.9672352015196,0,4,0,1,1,2,2,0,6543.555,2.0,4,4,1.0,14,33,1198.0,0.257407821092545,79.22589573389911,31.568829101620796,3.1759456090081124,300.97508500617505,7764.597430406853,15935.565011852366,1733.9250000199986,935.692,13265.948011832368,2000.1670000199988,13935.398011832369,12.551591352627522,2,1,0,0,1,30.0,30.0,30.0,1.0,0.0,0.0,0.0,1,0,0.0,0.0,0.0,1.0,0.0,0.0,1.0,1.0,1.0,1.0,6,1,2022,8,15,0,0,1,2,1,0,1,LEVE,0