CLASE SINIESTRO,CANTIDAD DE VEHICULOS DAÑADOS,DEPARTAMENTO,ZONA,TIPO DE VÍA,RED VIAL,COORDENADAS LATITUD,COORDENADAS  LONGITUD,CONDICIÓN CLIMÁTICA,ZONIFICACIÓN,CARACTERÍSTICAS DE VÍA,PERFIL LONGITUDINAL VÍA,SUPERFICIE DE CALZADA,¿EXISTE SEÑAL VERTICAL?,¿EXISTE SEÑAL HORIZONTAL?,CAUSA FACTOR PRINCIPAL,MTC_RVN_LONGITUD_KM,MTC_RVN_N_CARRILES_MEDIANA,MTC_RVN_SUPERFICIE_DOMINANTE,MTC_RVN_ESTADO_DOMINANTE,MTC_RVN_ES_CONCESIONADA,MTC_RVN_CONCESION_PRINCIPAL,MTC_RVN_CORREDOR_LOGISTICO,MTC_RVN_N_TRAMOS,IDH_2019,IDH_ESP_VIDA_2019,IDH_EDUC_SECUND_PCT_2019,IDH_ANIOS_EDUC_2019,IDH_INGRESO_PERCAP_2019,IDH_POBLACION_2019,MTC_DEP_RED_TOTAL_KM,MTC_DEP_NACIONAL_TOTAL_KM,MTC_DEP_DEPARTAMENTAL_TOTAL_KM,MTC_DEP_VECINAL_TOTAL_KM,MTC_DEP_PAV_TOTAL_KM,MTC_DEP_NO_PAV_TOTAL_KM,MTC_DEP_PCT_PAVIMENTADA,PER_TOTAL_PERSONAS,PER_N_CONDUCTORES,PER_N_CONDUCTORES_FUGADOS,PER_N_PEATONES,PER_N_PASAJEROS_OCUPANTES,PER_EDAD_COND_PROM,PER_EDAD_COND_MIN,PER_EDAD_COND_MAX,PER_ANY_COND_MASCULINO,PER_ANY_LIC_PROBLEMA,PER_ANY_DOSAJE_POS,PER_ANY_DOSAJE_EVALUADO,VEH_TOTAL,VEH_N_FUGADOS,VEH_ANY_FUGADO,VEH_ANY_CARGA,VEH_ANY_PUBLICO,VEH_ANY_PARTICULAR,VEH_ANY_MOTO,VEH_ANY_AUTO,VEH_ANY_CAMION_BUS,VEH_ANY_SOAT_PROBLEMA,VEH_ANY_CITV_PROBLEMA,VEH_ANY_SEGURO_PROBLEMA,HORA_NUM,FRANJA_HORARIA,ANIO,MES,DIA_MES,DIA_SEMANA,ES_FIN_SEMANA,ES_QUINCENA,REGION_NATURAL,TIENE_SEÑALIZACION,ES_VIA_MULTICARRIL,ES_DEPTO_BAJO_PAVIMENTO,CATEGORIA_SEVERIDAD,CATEGORIA_SEVERIDAD_ENC
5,1,21,0,4,1,-6.04572,-77.025005,0,4,7,0,2,2,2,0,7758.33400008,2.0,2,0,1.0,9,20,2133.0,0.5294800468051228,72.46713251445857,60.50982579904599,7.757161651692042,952.984823255978,86435.21199143468,5645.136,815.0759999999999,965.298,3864.762,1013.406,4631.73,17.95184385283189,2,2,1,0,0,22.0,22.0,22.0,1.0,1.0,0.0,0.0,2,1,1.0,0.0,0.0,1.0,1.0,0.0,0.0,1.0,1.0,1.0,22,2,2024,9,23,0,0,1,1,1,0,1,LEVE,0
0,1,13,0,4,1,-6.785794,-79.777171,7,4,1,1,2,2,2,0,919.085,2.0,2,3,0.0,9,7,218.0,0.5620975674023033,82.12463805178847,66.61876166359768,8.699915557104742,843.1720684546592,25484.141327623125,3459.691,515.0619999999999,689.7280000000001,2254.901,703.3549999999999,2756.336,20.329994788551925,2,1,0,1,0,25.0,25.0,25.0,1.0,0.0,0.0,0.0,1,0,0.0,1.0,0.0,0.0,0.0,0.0,1.0,0.0,0.0,0.0,12,3,2021,5,31,0,0,1,0,1,0,1,LEVE,0
3,2,11,2,4,1,-11.5916549,-76.0752901,0,0,2,0,2,1,1,0,875.67,2.0,2,0,1.0,3,14,156.0,0.727764014102057,80.04798576459473,69.54405534495044,10.377666215391256,1632.8207901729563,4146.224839400427,12264.545,1826.4639999999995,1105.5389999999998,9332.542,1588.5359999999996,10676.009,12.952261987705208,2,2,0,0,0,41.0,37.0,45.0,1.0,0.0,0.0,1.0,2,0,0.0,1.0,0.0,0.0,0.0,0.0,1.0,0.0,1.0,0.0,9,1,2021,1,2,5,1,0,2,1,0,1,LEVE,0
6,1,4,0,4,2,-13.370327,-73.90041,0,4,0,0,1,2,2,2,6543.555,2.0,4,4,1.0,14,33,1198.0,0.2301276524254768,69.17262093358879,47.7374662766037,4.513020146499461,170.11681755220445,5819.244111349037,12678.733000000004,1805.074000000001,1774.0339999999994,9099.625000000004,2485.375000000001,10193.358000000002,19.602707936195205,2,1,0,0,1,35.0,35.0,35.0,1.0,0.0,1.0,1.0,1,0,0.0,0.0,0.0,0.0,0.0,0.0,1.0,0.0,0.0,0.0,21,2,2025,1,8,2,0,0,2,1,0,1,GRAVE_MORTALIDAD,2
6,1,12,0,4,2,-8.431359987728166,-78.74771470221165,0,4,7,1,1,2,2,0,6543.555,2.0,4,4,1.0,14,33,1198.0,0.5051395598219868,77.13285387085847,51.52067479184955,6.715328807318118,900.900383457586,67612.41755888652,8931.828000000005,1335.5899999999997,1935.9830000000004,5660.255000000005,1219.309,7712.519000000005,13.651281686122925,1,1,0,0,0,54.0,54.0,54.0,1.0,0.0,0.0,0.0,1,0,0.0,0.0,0.0,1.0,1.0,0.0,0.0,1.0,0.0,1.0,7,1,2024,9,7,5,1,0,0,1,0,1,LEVE,0
1,1,11,0,4,1,-11.8443335,-75.4282329,0,4,8,1,2,2,2,0,196.88,2.0,2,0,1.0,3,32,35.0,0.5103724369507868,73.88155792233682,59.32015972008952,8.771792775786478,780.3419275036085,943.338329764454,12264.545,1826.4639999999995,1105.5389999999998,9332.542,1588.5359999999996,10676.009,12.952261987705208,1,0,0,1,0,37.0,33.0,40.0,1.0,0.0,0.0,0.0,1,1,1.0,0.0,0.0,0.0,0.0,0.0,0.0,0.0,0.0,0.0,3,0,2021,7,29,3,0,1,2,1,0,1,LEVE,0
3,1,20,0,4,0,-15.366502281014483,-70.08432442339543,0,4,7,1,2,2,2,2,6543.555,2.0,4,4,1.0,14,33,1198.0,0.2324501385472216,70.00261704144198,63.763506331253495,4.517670868242165,153.1624478804619,2932.3790149892934,13642.312999999998,2020.7790000000005,2354.117,9267.416999999998,3314.0520000000006,10328.260999999997,24.29244952817019,2,2,0,0,0,52.0,47.0,57.0,1.0,0.0,0.0,0.0,2,0,0.0,0.0,0.0,1.0,1.0,0.0,0.0,1.0,1.0,1.0,18,2,2022,5,14,5,1,0,2,1,0,1,LEVE,0
0,1,19,2,4,2,-5.186126,-79.969722,0,0,7,1,4,2,2,0,6543.555,2.0,4,4,1.0,14,33,1198.0,0.4969002366620188,75.54645400071168,70.47588104937333,7.004965995332454,741.3176484677177,13757.368308351177,8965.846000060003,1782.4120000599992,636.9959999999999,6546.438000000004,2214.505000059999,6751.341000000004,24.699342371541725,2,1,0,1,0,23.0,23.0,23.0,1.0,1.0,1.0,1.0,1,0,0.0,0.0,0.0,1.0,1.0,0.0,0.0,1.0,1.0,1.0,21,2,2021,12,31,4,0,1,0,1,0,1,LEVE,0
0,1,3,0,4,1,-16.410435,-72.055252,0,4,1,1,2,1,0,0,6639.975,2.0,2,0,1.0,9,31,1616.0,0.6084493916639881,75.90495029382188,64.41217540559256,8.260115261366025,1243.986900667714,6382.811563169165,10322.272,1495.236,1749.739,7077.2970000000005,2886.595,7435.677000000001,27.964725207783708,2,1,0,1,0,48.0,48.0,48.0,1.0,0.0,0.0,1.0,1,0,0.0,1.0,0.0,0.0,0.0,0.0,1.0,0.0,0.0,0.0,14,3,2022,3,7,0,0,0,0,1,0,1,LEVE,0
6,1,12,0,4,1,-7.748804,-79.100962,0,4,7,1,2,2,2,0,748.6850000000001,2.0,2,0,0.0,9,32,215.0,0.5721567587688113,77.67102283812494,66.21373667954742,8.464777379360486,978.4498488219192,15563.077087794432,8931.828000000005,1335.5899999999997,1935.9830000000004,5660.255000000005,1219.309,7712.519000000005,13.651281686122925,1,1,0,0,0,45.0,45.0,45.0,1.0,0.0,0.0,0.0,1,0,0.0,0.0,0.0,1.0,1.0,0.0,0.0,1.0,0.0,0.0,18,2,2023,5,15,0,0,1,0,1,0,1,LEVE,0
6,1,14,2,4,1,-12.297117325417394,-76.85578655789531,0,2,7,1,2,2,2,0,6639.975,2.0,2,0,1.0,9,31,1616.0,0.6909236767275176,78.41626133969348,70.97436336767564,9.826485374940413,1476.8351947609171,95908.53319057816,7626.313,1683.4029999999998,1599.0829999999996,4343.827000000001,1814.875,5811.438000000001,23.797541485643197,21,1,0,0,20,40.0,40.0,40.0,1.0,0.0,0.0,0.0,1,0,0.0,0.0,0.0,0.0,0.0,0.0,1.0,0.0,1.0,0.0,6,1,2024,8,1,3,0,0,0,1,0,1,GRAVE_MORTALIDAD,2
3,2,7,2,4,1,-14.73723063652993,-71.32631439224909,5,4,0,1,2,2,2,2,566.7160000000001,2.0,5,2,0.0,9,3,137.0,0.3365713390351058,64.75107972549431,51.55910204051147,4.90404313194694,457.550151920456,2850.758029978587,17779.13499998999,2097.3709999899997,2863.123,12818.640999999989,2878.713,14900.421999989989,16.19152450331032,3,2,0,0,1,52.5,43.0,62.0,1.0,0.0,0.0,1.0,2,0,0.0,0.0,0.0,1.0,1.0,0.0,1.0,0.0,1.0,1.0,4,0,2022,1,1,5,1,0,2,1,0,1,LEVE,0
3,2,3,0,4,1,-15.9852395,-71.2534252,0,4,7,0,2,0,1,0,1504.4250000000002,2.0,2,0,1.0,7,25,241.0,0.4498224071382834,81.63336343193146,58.84842497065013,5.774685730039019,620.6584683449911,1358.612419700214,10322.272,1495.236,1749.739,7077.2970000000005,2886.595,7435.677000000001,27.964725207783708,7,2,0,0,5,37.5,26.0,49.0,1.0,0.0,0.0,0.0,2,0,0.0,0.0,0.0,1.0,0.0,1.0,0.0,0.0,1.0,0.0,15,3,2023,2,23,3,0,1,0,1,0,1,GRAVE_MORTALIDAD,2
6,1,8,0,4,2,-12.979848,-74.712108,0,4,5,0,1,2,2,0,6543.555,2.0,4,4,1.0,14,33,1198.0,0.3648777342527826,72.61386206398959,50.19709555656983,5.638488277525374,444.6393044914551,24733.083511777302,8511.426,1445.3929999999996,2008.516,5057.516999999999,1879.579,6631.846999999998,22.08300935706896,2,1,0,0,1,37.0,33.0,40.0,1.0,0.0,0.0,0.0,1,0,0.0,1.0,0.0,0.0,1.0,0.0,0.0,1.0,1.0,1.0,9,1,2021,11,18,3,0,1,2,1,0,1,LEVE,0
0,1,7,2,4,1,-14.5104862527707,-71.8846521955976,6,5,6,2,6,2,2,0,1780.161,1.0,1,3,0.0,9,32,490.0,0.4670263153502933,65.5237709552973,70.61273193256336,7.074467358088314,760.9316629253258,9065.880085653103,17779.13499998999,2097.3709999899997,2863.123,12818.640999999989,2878.713,14900.421999989989,16.19152450331032,2,1,0,1,0,31.0,31.0,31.0,1.0,0.0,0.0,0.0,1,0,0.0,0.0,0.0,1.0,0.0,0.0,1.0,0.0,0.0,0.0,11,1,2023,2,11,5,1,0,2,1,0,1,LEVE,0
6,1,1,0,4,1,-10.1371034428677,-77.16717840766506,7,4,7,1,2,2,2,0,9936.932,2.0,2,0,1.0,9,32,3830.0,0.5155321986716026,71.44440685546145,58.969689738586254,8.931625373762131,836.7475269347694,3451.278372591006,10767.648,1885.0630000000003,1222.721,7659.864000000001,2100.343,8667.305000000002,19.506051832303577,4,1,0,0,3,37.0,33.0,40.0,0.0,0.0,0.0,0.0,1,0,0.0,0.0,0.0,1.0,0.0,1.0,0.0,0.0,0.0,0.0,11,1,2021,5,30,6,1,1,0,1,0,1,LEVE,0
1,0,20,2,4,1,-16.577499,-69.053221,0,4,7,1,2,2,2,2,1529.105,2.0,2,0,1.0,9,21,200.0,0.4241160460464029,74.28732425011668,75.63340579586843,8.070404038634907,431.1198673050291,28095.749464668093,13642.312999999998,2020.7790000000005,2354.117,9267.416999999998,3314.0520000000006,10328.260999999997,24.29244952817019,4,1,1,3,0,37.0,33.0,40.0,0.0,0.0,0.0,0.0,1,1,1.0,0.0,0.0,0.0,0.0,0.0,0.0,0.0,0.0,0.0,16,3,2021,4,25,6,1,1,2,1,0,1,LEVE,0
6,1,7,0,4,3,-13.337705615140656,-72.05723027700584,5,4,7,1,1,2,2,2,6543.555,2.0,4,4,1.0,14,33,1198.0,0.4746839628280104,74.76269963274814,80.53064804651179,8.225738795127288,561.5989157917511,5389.192719486081,17779.13499998999,2097.3709999899997,2863.123,12818.640999999989,2878.713,14900.421999989989,16.19152450331032,1,1,0,0,0,49.0,49.0,49.0,1.0,0.0,0.0,0.0,1,0,0.0,0.0,0.0,1.0,0.0,0.0,0.0,1.0,1.0,1.0,12,3,2021,12,19,6,1,1,2,1,0,1,LEVE,0
3,2,3,0,4,1,-17.065638688857888,-71.94577130940831,0,4,3,0,2,2,2,0,1926.94,2.0,2,0,1.0,9,32,393.0,0.6803071451955962,77.94466657583487,78.40700901768477,9.735921607047414,1363.7066157637946,944.9743040685224,10322.272,1495.236,1749.739,7077.2970000000005,2886.595,7435.677000000001,27.964725207783708,10,2,0,0,8,27.5,26.0,29.0,1.0,0.0,0.0,0.0,2,0,0.0,0.0,0.0,1.0,0.0,1.0,0.0,0.0,0.0,0.0,5,0,2024,3,5,1,0,0,0,1,0,1,GRAVE_LESIONADOS,1
6,1,2,0,4,1,-14.5016661956099,-73.2561679933871,6,5,6,2,6,2,2,0,2238.6850000000004,2.0,2,0,1.0,4,27,115.0,0.3664074671664916,64.98461839600242,49.21626723104894,6.514538355458617,485.1304734113088,4508.062098501071,8358.971,1282.451,1298.0969999999998,5778.423,1432.683,6926.288,17.139466089785454,2,1,0,0,1,51.0,51.0,51.0,1.0,0.0,0.0,0.0,1,0,0.0,0.0,1.0,0.0,0.0,0.0,1.0,0.0,0.0,0.0,15,3,2022,10,16,6,1,1,2,1,0,1,LEVE,0
6,1,4,2,6,4,-13.160939,-74.219694,2,3,0,1,2,2,2,2,6543.555,2.0,4,4,1.0,14,33,1198.0,0.5506252633070053,69.90928763641818,75.08622643893038,10.15415260514822,862.2051674470921,104520.79871520343,12678.733000000004,1805.074000000001,1774.0339999999994,9099.625000000004,2485.375000000001,10193.358000000002,19.602707936195205,1,1,0,0,0,57.0,57.0,57.0,1.0,0.0,1.0,1.0,1,0,0.0,0.0,1.0,0.0,1.0,0.0,0.0,0.0,1.0,0.0,23,2,2024,3,3,6,1,0,2,1,0,1,LEVE,0
3,2,12,0,4,1,-7.13939,-79.463869,0,4,7,1,2,2,2,2,6543.555,3.0,2,0,1.0,0,30,1475.0,0.5114727232493018,78.60606800160349,61.153108160372966,6.422343227671115,862.4189512831092,24701.19700214133,8931.828000000005,1335.5899999999997,1935.9830000000004,5660.255000000005,1219.309,7712.519000000005,13.651281686122925,2,2,0,0,0,37.0,31.0,43.0,1.0,1.0,0.0,0.0,2,0,0.0,1.0,0.0,1.0,1.0,0.0,1.0,1.0,0.0,1.0,23,2,2022,6,26,6,1,1,0,1,1,1,LEVE,0
6,1,14,2,3,4,-12.19771641,-77.02461312,0,3,1,1,2,2,2,2,6543.555,2.0,4,4,1.0,14,33,1198.0,0.7583553928164398,79.82595632107274,76.7651270103073,11.46351379457763,1662.7771470294065,333655.3618843683,7626.313,1683.4029999999998,1599.0829999999996,4343.827000000001,1814.875,5811.438000000001,23.797541485643197,3,1,0,0,2,61.0,61.0,61.0,1.0,0.0,0.0,0.0,1,0,0.0,1.0,0.0,0.0,0.0,0.0,1.0,0.0,0.0,0.0,13,3,2023,2,14,1,0,0,0,1,0,1,LEVE,0
0,1,22,2,4,2,-17.938476323692324,-70.18531157553551,0,2,7,1,2,2,2,4,6543.555,2.0,4,4,1.0,14,33,1198.0,0.5641024368795592,75.92272795243385,77.82971725900924,9.591362034395232,832.8021346798668,3316.1434689507496,2650.572,630.6729999999998,487.3610000000001,1532.5379999999998,1068.7019999999998,1581.87,40.31967439480987,2,1,0,1,0,41.0,41.0,41.0,1.0,0.0,0.0,1.0,1,0,0.0,0.0,0.0,1.0,1.0,0.0,0.0,1.0,1.0,1.0,17,3,2022,4,30,5,1,1,0,1,0,1,LEVE,0
6,1,10,2,4,1,-14.080545190958231,-75.7364876418671,7,0,0,1,2,2,2,0,6639.975,2.0,2,0,1.0,9,31,1616.0,0.6637216310803388,79.6446050662278,81.37671161983333,11.724811319582514,1084.329233867723,142450.24411134905,3721.461,698.1859999999996,744.866,2278.409,1102.9029999999996,2618.558,29.636290693359403,2,1,0,1,0,42.0,42.0,42.0,1.0,0.0,0.0,1.0,1,0,0.0,0.0,0.0,1.0,0.0,1.0,0.0,0.0,0.0,0.0,10,1,2022,9,24,5,1,1,0,1,0,1,LEVE,0
3,2,2,2,4,1,-13.664063,-73.406394,0,0,7,1,2,0,1,2,7586.903,2.0,2,0,1.0,9,5,1198.0,0.5127888132519094,75.56818459680073,75.23806976002929,8.476961866273152,698.0439852679892,48362.40899357601,8358.971,1282.451,1298.0969999999998,5778.423,1432.683,6926.288,17.139466089785454,2,2,0,0,0,31.0,21.0,41.0,1.0,0.0,0.0,1.0,2,0,0.0,1.0,0.0,1.0,0.0,1.0,1.0,0.0,0.0,0.0,21,2,2021,4,9,4,0,0,2,1,0,1,LEVE,0
6,1,13,0,4,0,-6.603333,-79.816003,0,4,7,1,2,2,2,0,6543.555,2.0,4,4,1.0,14,33,1198.0,0.4830691057308139,70.96444951827758,64.80144780665611,8.449210981294696,693.4770787539296,13710.346895074948,3459.691,515.0619999999999,689.7280000000001,2254.901,703.3549999999999,2756.336,20.329994788551925,2,1,0,0,1,70.0,70.0,70.0,1.0,1.0,0.0,0.0,1,0,0.0,1.0,0.0,0.0,1.0,0.0,0.0,1.0,1.0,1.0,8,1,2022,2,24,3,0,1,0,1,0,1,GRAVE_MORTALIDAD,2
0,1,6,2,2,4,-12.053316673590334,-77.1339958472227,0,0,7,1,2,2,2,6,6543.555,2.0,4,4,1.0,14,33,1198.0,0.5563774842369664,77.00938809632027,69.10246351364754,8.476961866273152,914.8835608305218,27932.19700214133,51.58600000000001,44.68700000000001,6.899000000000001,0.0,49.838000000000015,1.748,96.61148373589734,2,1,0,1,0,20.0,20.0,20.0,1.0,1.0,0.0,0.0,1,0,0.0,0.0,0.0,1.0,1.0,0.0,0.0,1.0,1.0,1.0,20,2,2022,5,4,2,0,0,2,1,0,0,LEVE,0
6,1,5,0,4,2,-6.96484029921193,-78.3068928226549,2,4,7,1,1,2,2,2,6543.555,2.0,4,4,1.0,14,33,1198.0,0.243053644302323,73.90270235965185,51.84880176180712,3.14586410045298,230.8916536163861,8131.117773019272,15935.565011852366,1733.9250000199986,935.692,13265.948011832368,2000.1670000199988,13935.398011832369,12.551591352627522,3,1,0,0,2,48.0,48.0,48.0,1.0,1.0,0.0,1.0,1,0,0.0,0.0,0.0,1.0,0.0,0.0,1.0,0.0,0.0,0.0,7,1,2025,2,21,4,0,1,2,1,0,1,LEVE,0
1,1,14,2,4,1,-12.254755,-76.924147,0,4,7,1,2,2,2,0,6639.975,2.0,2,0,1.0,9,31,1616.0,0.6909236767275176,78.41626133969348,70.97436336767564,9.826485374940413,1476.8351947609171,95908.53319057816,7626.313,1683.4029999999998,1599.0829999999996,4343.827000000001,1814.875,5811.438000000001,23.797541485643197,2,1,1,1,0,37.0,33.0,40.0,0.0,0.0,0.0,0.0,1,1,1.0,0.0,0.0,0.0,0.0,0.0,0.0,0.0,0.0,1.0,1,0,2022,6,30,3,0,1,0,1,0,1,LEVE,0
6,1,7,0,4,3,-14.494503,-71.46394,0,4,7,0,7,2,2,1,6543.555,2.0,4,4,1.0,14,33,1198.0,0.1548867386502985,64.5917716662409,49.236568431257616,4.545810476428086,79.98533389978881,5532.92505353319,17779.13499998999,2097.3709999899997,2863.123,12818.640999999989,2878.713,14900.421999989989,16.19152450331032,1,1,0,0,0,38.0,38.0,38.0,1.0,1.0,0.0,0.0,1,0,0.0,0.0,0.0,1.0,1.0,0.0,0.0,1.0,1.0,1.0,10,1,2022,7,1,4,0,0,2,1,0,1,LEVE,0
1,1,19,0,4,1,-5.229517,-80.0463496,0,4,7,1,2,2,2,0,722.9000000000002,2.0,1,0,1.0,2,32,123.0,0.3893523155396837,73.6911779276771,49.78375684989758,4.513910151215105,616.2310203311459,12720.513918629553,8965.846000060003,1782.4120000599992,636.9959999999999,6546.438000000004,2214.505000059999,6751.341000000004,24.699342371541725,2,1,1,1,0,37.0,33.0,40.0,0.0,0.0,0.0,0.0,1,1,1.0,0.0,0.0,0.0,0.0,0.0,0.0,0.0,0.0,1.0,1,0,2025,1,28,1,0,1,0,1,0,1,LEVE,0
2,0,14,2,2,4,-11.9969,-77.0544,0,0,7,1,2,2,2,0,6543.555,2.0,4,4,1.0,14,33,1198.0,0.6853375063928137,80.04346891299102,76.32428568750537,8.817291636093138,1443.328322024431,217176.83083511775,7626.313,1683.4029999999998,1599.0829999999996,4343.827000000001,1814.875,5811.438000000001,23.797541485643197,2,1,0,0,1,23.0,23.0,23.0,1.0,0.0,0.0,0.0,1,0,0.0,0.0,1.0,0.0,0.0,0.0,1.0,0.0,0.0,0.0,8,1,2021,3,1,0,0,0,0,1,0,1,LEVE,0
3,2,21,2,4,1,-6.047752,-76.96917,0,2,0,0,4,2,2,2,7758.33400008,2.0,2,0,1.0,9,20,2133.0,0.5294800468051228,72.46713251445857,60.50982579904599,7.757161651692042,952.984823255978,86435.21199143468,5645.136,815.0759999999999,965.298,3864.762,1013.406,4631.73,17.95184385283189,4,2,0,0,2,30.5,21.0,40.0,1.0,1.0,0.0,1.0,2,0,0.0,0.0,1.0,1.0,1.0,0.0,1.0,0.0,1.0,1.0,7,1,2022,2,13,6,1,0,1,1,0,1,GRAVE_MORTALIDAD,2
0,1,18,2,4,1,-10.994750396287248,-76.35567281454678,0,0,7,1,2,1,1,2,1084.715,2.0,2,3,0.0,9,23,1025.0,0.632230858329541,71.21665908427565,83.11645790367719,10.400797572253085,1174.7982599647726,11513.492505353315,3677.119863,564.5869999999999,910.845,2201.687863000001,590.8779999999998,3086.2418630000006,16.06904376290656,2,1,0,1,0,66.0,66.0,66.0,1.0,0.0,0.0,1.0,1,0,0.0,0.0,0.0,0.0,0.0,1.0,0.0,0.0,0.0,0.0,19,2,2022,5,14,5,1,0,2,1,0,1,LEVE,0
10,1,19,0,4,1,-5.169457,-80.18693,0,0,7,1,2,2,2,0,1305.18,2.0,2,0,1.0,1,20,163.0,0.4653748048968089,74.19666709322776,61.11371397478021,6.596218102126203,701.9088264424688,75914.02997858672,8965.846000060003,1782.4120000599992,636.9959999999999,6546.438000000004,2214.505000059999,6751.341000000004,24.699342371541725,2,1,0,0,1,17.0,17.0,17.0,1.0,1.0,0.0,1.0,1,0,0.0,0.0,0.0,1.0,1.0,0.0,0.0,1.0,1.0,1.0,0,0,2022,1,15,5,1,1,0,1,0,1,LEVE,0
0,1,20,2,6,4,-15.861002,-70.012911,0,0,7,0,2,2,2,2,6543.555,2.0,4,4,1.0,14,33,1198.0,0.6488901960567479,69.67312345830231,82.12448375199249,11.701623814093702,1230.336353415943,144745.3597430407,13642.312999999998,2020.7790000000005,2354.117,9267.416999999998,3314.0520000000006,10328.260999999997,24.29244952817019,2,1,0,1,0,25.0,25.0,25.0,1.0,0.0,0.0,0.0,1,0,0.0,0.0,0.0,1.0,0.0,1.0,0.0,0.0,0.0,0.0,14,3,2024,4,7,6,1,0,2,1,0,1,LEVE,0
3,2,21,0,4,1,-6.48848,-76.39972,0,4,7,1,2,0,1,2,7758.33400008,2.0,2,0,1.0,9,20,2133.0,0.657413538429829,72.9282426214375,76.63007978148195,9.765102989696064,1372.3387690440495,31687.78158458244,5645.136,815.0759999999999,965.298,3864.762,1013.406,4631.73,17.95184385283189,3,2,0,0,1,22.5,22.0,23.0,1.0,1.0,0.0,1.0,2,0,0.0,0.0,0.0,1.0,1.0,1.0,0.0,1.0,1.0,1.0,12,3,2021,9,6,0,0,0,1,1,0,1,LEVE,0
6,1,5,0,4,1,-7.21733167378776,-78.287311380923,0,4,0,0,2,2,2,0,9936.932,2.0,2,0,1.0,9,32,3830.0,0.2723221878437338,73.9254469105048,35.794306883925714,3.6855018180311454,315.0310385486801,10335.051391862957,15935.565011852366,1733.9250000199986,935.692,13265.948011832368,2000.1670000199988,13935.398011832369,12.551591352627522,1,1,0,0,0,38.0,38.0,38.0,1.0,1.0,0.0,1.0,1,1,1.0,0.0,0.0,0.0,0.0,0.0,0.0,0.0,0.0,1.0,7,1,2025,2,18,1,0,1,2,1,0,1,LEVE,0
0,1,12,0,2,4,-8.54197054860154,-78.681222248212,0,4,7,1,2,2,2,0,6543.555,2.0,4,4,1.0,14,33,1198.0,0.4971504606547645,77.79759708660042,46.44666297237219,6.322206801902116,929.9716106661404,44368.59100642397,8931.828000000005,1335.5899999999997,1935.9830000000004,5660.255000000005,1219.309,7712.519000000005,13.651281686122925,2,1,0,1,0,24.0,24.0,24.0,1.0,0.0,0.0,0.0,1,0,0.0,0.0,0.0,1.0,0.0,0.0,1.0,0.0,0.0,0.0,15,3,2024,11,20,2,0,1,0,1,0,1,LEVE,0
0,1,10,2,4,1,-14.070721665571629,-75.73888862919776,0,0,7,1,2,1,0,0,6639.975,2.0,2,0,1.0,9,31,1616.0,0.6637216310803388,79.6446050662278,81.37671161983333,11.724811319582514,1084.329233867723,142450.24411134905,3721.461,698.1859999999996,744.866,2278.409,1102.9029999999996,2618.558,29.636290693359403,2,1,0,1,0,37.0,37.0,37.0,1.0,0.0,0.0,1.0,1,0,0.0,0.0,0.0,1.0,0.0,0.0,1.0,0.0,0.0,0.0,19,2,2022,5,22,6,1,1,0,1,0,1,LEVE,0
3,2,10,2,4,1,-14.28342,-75.68165,0,4,7,1,2,2,2,2,6639.975,2.0,2,0,1.0,9,31,1616.0,0.6261042306271147,80.48505954362174,76.55712631348362,9.341715591523595,1061.002261282891,31419.372591006424,3721.461,698.1859999999996,744.866,2278.409,1102.9029999999996,2618.558,29.636290693359403,2,2,0,0,0,46.0,38.0,54.0,1.0,1.0,0.0,1.0,2,0,0.0,1.0,0.0,1.0,0.0,1.0,1.0,0.0,0.0,0.0,17,3,2023,5,4,3,0,0,0,1,0,1,LEVE,0
6,1,7,0,4,3,-14.1294,-71.2436,7,4,0,0,7,1,0,1,6543.555,2.0,4,4,1.0,14,33,1198.0,0.3717239528846259,76.4422742356139,59.82899502431543,6.007606443030993,385.73605799411865,4791.610278372591,17779.13499998999,2097.3709999899997,2863.123,12818.640999999989,2878.713,14900.421999989989,16.19152450331032,3,1,0,0,2,28.0,28.0,28.0,0.0,1.0,0.0,0.0,1,0,0.0,0.0,1.0,0.0,1.0,0.0,0.0,1.0,0.0,1.0,14,3,2022,5,22,6,1,1,2,1,0,1,GRAVE_MORTALIDAD,2
0,0,14,2,4,1,-11.843605,-77.1009174,0,0,7,1,2,2,2,0,6543.555,3.0,2,0,1.0,0,30,1475.0,0.6632628912836565,79.15155564666024,73.19223743118206,9.629669813837666,1289.452647666346,383699.2119914347,7626.313,1683.4029999999998,1599.0829999999996,4343.827000000001,1814.875,5811.438000000001,23.797541485643197,2,1,0,1,0,45.0,45.0,45.0,1.0,0.0,0.0,1.0,1,0,0.0,0.0,0.0,1.0,0.0,1.0,0.0,0.0,0.0,0.0,21,2,2021,10,21,3,0,1,0,1,1,1,LEVE,0
3,2,10,2,4,1,-14.008209193958823,-75.76604954345218,0,0,1,1,2,2,2,2,6639.975,2.0,2,0,1.0,9,31,1616.0,0.6350781586942635,79.3721196581268,77.51375521876884,10.809406137631074,1028.5280705927485,31104.417558886507,3721.461,698.1859999999996,744.866,2278.409,1102.9029999999996,2618.558,29.636290693359403,2,2,0,0,0,40.5,40.0,41.0,1.0,0.0,0.0,1.0,2,0,0.0,0.0,1.0,1.0,1.0,0.0,1.0,0.0,1.0,0.0,6,1,2021,5,4,1,0,0,0,1,0,1,LEVE,0
6,1,22,0,4,1,-17.5277109,-70.0362652,0,4,0,1,2,2,2,6,1139.285,1.0,1,3,0.0,9,32,176.0,0.5197540295270261,82.21449159870625,90.12683206411153,8.339181773003077,598.392602213711,528.9807280513919,2650.572,630.6729999999998,487.3610000000001,1532.5379999999998,1068.7019999999998,1581.87,40.31967439480987,5,1,0,0,4,30.0,30.0,30.0,1.0,0.0,0.0,1.0,1,0,0.0,0.0,0.0,1.0,0.0,1.0,0.0,0.0,0.0,0.0,3,0,2022,5,25,2,0,1,0,1,0,1,GRAVE_LESIONADOS,1
6,1,3,0,4,1,-15.7107648,-71.0535778,0,4,0,1,2,0,1,0,568.5409999999999,1.0,2,3,0.0,9,3,93.0,0.4498224071382834,81.63336343193146,58.84842497065013,5.774685730039019,620.6584683449911,1358.612419700214,10322.272,1495.236,1749.739,7077.2970000000005,2886.595,7435.677000000001,27.964725207783708,2,1,0,0,1,33.0,33.0,33.0,1.0,1.0,0.0,0.0,1,0,0.0,0.0,0.0,1.0,0.0,1.0,0.0,0.0,0.0,0.0,7,1,2021,8,14,5,1,0,0,1,0,1,LEVE,0
3,1,11,0,4,1,-11.21196936009697,-74.65767326686544,6,5,6,2,6,2,2,0,5768.608,2.0,3,1,0.0,9,32,365.0,0.3896449199426799,73.52944498752588,58.12847486528723,6.818497881997056,432.7706547473175,27485.456102783723,12264.545,1826.4639999999995,1105.5389999999998,9332.542,1588.5359999999996,10676.009,12.952261987705208,2,2,0,0,0,35.5,27.0,44.0,1.0,1.0,0.0,0.0,2,0,0.0,0.0,1.0,1.0,1.0,0.0,1.0,1.0,1.0,1.0,23,2,2022,7,3,6,1,0,2,1,0,1,LEVE,0
6,1,7,0,4,0,-14.313434797193873,-71.83869301413971,2,4,7,1,2,2,2,2,6543.555,2.0,4,4,1.0,14,33,1198.0,0.2889521169082136,68.43497660341365,60.62718744786712,5.042567223569555,255.78633529092875,8001.259100642398,17779.13499998999,2097.3709999899997,2863.123,12818.640999999989,2878.713,14900.421999989989,16.19152450331032,2,1,0,0,1,38.0,38.0,38.0,1.0,1.0,0.0,1.0,1,0,0.0,0.0,0.0,1.0,1.0,0.0,0.0,1.0,1.0,1.0,3,0,2022,2,26,5,1,1,2,1,0,1,LEVE,0
3,1,14,2,2,4,-11.987808347638063,-77.05711807330266,6,5,6,2,6,2,2,0,6543.555,2.0,4,4,1.0,14,33,1198.0,0.6853375063928137,80.04346891299102,76.32428568750537,8.817291636093138,1443.328322024431,217176.83083511775,7626.313,1683.4029999999998,1599.0829999999996,4343.827000000001,1814.875,5811.438000000001,23.797541485643197,1,1,0,0,0,23.0,23.0,23.0,1.0,0.0,0.0,0.0,2,0,0.0,0.0,0.0,1.0,1.0,1.0,0.0,1.0,1.0,1.0,11,1,2022,4,2,5,1,0,0,1,0,1,LEVE,0