CLASE SINIESTRO,CANTIDAD DE VEHICULOS DAÑADOS,DEPARTAMENTO,ZONA,TIPO DE VÍA,RED VIAL,COORDENADAS LATITUD,COORDENADAS  LONGITUD,CONDICIÓN CLIMÁTICA,ZONIFICACIÓN,CARACTERÍSTICAS DE VÍA,PERFIL LONGITUDINAL VÍA,SUPERFICIE DE CALZADA,¿EXISTE SEÑAL VERTICAL?,¿EXISTE SEÑAL HORIZONTAL?,CAUSA FACTOR PRINCIPAL,MTC_RVN_LONGITUD_KM,MTC_RVN_N_CARRILES_MEDIANA,MTC_RVN_SUPERFICIE_DOMINANTE,MTC_RVN_ESTADO_DOMINANTE,MTC_RVN_ES_CONCESIONADA,MTC_RVN_CONCESION_PRINCIPAL,MTC_RVN_CORREDOR_LOGISTICO,MTC_RVN_N_TRAMOS,IDH_2019,IDH_ESP_VIDA_2019,IDH_EDUC_SECUND_PCT_2019,IDH_ANIOS_EDUC_2019,IDH_INGRESO_PERCAP_2019,IDH_POBLACION_2019,MTC_DEP_RED_TOTAL_KM,MTC_DEP_NACIONAL_TOTAL_KM,MTC_DEP_DEPARTAMENTAL_TOTAL_KM,MTC_DEP_VECINAL_TOTAL_KM,MTC_DEP_PAV_TOTAL_KM,MTC_DEP_NO_PAV_TOTAL_KM,MTC_DEP_PCT_PAVIMENTADA,PER_TOTAL_PERSONAS,PER_N_CONDUCTORES,PER_N_CONDUCTORES_FUGADOS,PER_N_PEATONES,PER_N_PASAJEROS_OCUPANTES,PER_EDAD_COND_PROM,PER_EDAD_COND_MIN,PER_EDAD_COND_MAX,PER_ANY_COND_MASCULINO,PER_ANY_LIC_PROBLEMA,PER_ANY_DOSAJE_POS,PER_ANY_DOSAJE_EVALUADO,VEH_TOTAL,VEH_N_FUGADOS,VEH_ANY_FUGADO,VEH_ANY_CARGA,VEH_ANY_PUBLICO,VEH_ANY_PARTICULAR,VEH_ANY_MOTO,VEH_ANY_AUTO,VEH_ANY_CAMION_BUS,VEH_ANY_SOAT_PROBLEMA,VEH_ANY_CITV_PROBLEMA,VEH_ANY_SEGURO_PROBLEMA,HORA_NUM,FRANJA_HORARIA,ANIO,MES,DIA_MES,DIA_SEMANA,ES_FIN_SEMANA,ES_QUINCENA,REGION_NATURAL,TIENE_SEÑALIZACION,ES_VIA_MULTICARRIL,ES_DEPTO_BAJO_PAVIMENTO,CATEGORIA_SEVERIDAD,CATEGORIA_SEVERIDAD_ENC
3,2,20,0,4,1,-16.15599462706685,-69.64763955560258,0,4,7,1,2,2,2,2,417.30000000000007,1.0,0,3,0.0,9,32,52.0,0.4020198374784472,77.80062735845667,75.295761294875,7.279851651626652,372.63390314535104,50686.62526766595,13642.312999999998,2020.7790000000005,2354.117,9267.416999999998,3314.0520000000006,10328.260999999997,24.29244952817019,2,2,0,0,0,58.0,36.0,80.0,1.0,0.0,0.0,0.0,2,0,0.0,0.0,0.0,1.0,0.0,1.0,0.0,0.0,1.0,1.0,10,1,2022,11,7,0,0,0,2,1,0,1,LEVE,0
3,2,19,0,4,1,-5.260848,-80.613699,0,4,0,1,2,1,0,2,6543.555,3.0,2,0,1.0,0,30,1475.0,0.5034350778485951,78.14388603810477,62.51585839041032,7.698619805954479,731.8176685454189,76220.84796573877,8965.846000060003,1782.4120000599992,636.9959999999999,6546.438000000004,2214.505000059999,6751.341000000004,24.699342371541725,7,2,0,0,5,36.5,17.0,56.0,1.0,1.0,1.0,1.0,2,0,0.0,0.0,1.0,1.0,1.0,0.0,1.0,1.0,0.0,0.0,20,2,2021,2,1,0,0,0,0,1,1,1,GRAVE_MORTALIDAD,2
6,1,8,0,4,2,-13.060098372492908,-74.94368758531259,0,4,5,1,1,2,2,0,6543.555,2.0,4,4,1.0,14,33,1198.0,0.488230635263319,69.43676718997209,51.35450690635422,6.587870960289425,965.860217779833,2302.593147751606,8511.426,1445.3929999999996,2008.516,5057.516999999999,1879.579,6631.846999999998,22.08300935706896,3,1,0,0,2,22.0,22.0,22.0,1.0,0.0,0.0,0.0,1,0,0.0,0.0,0.0,1.0,0.0,1.0,0.0,0.0,0.0,0.0,3,0,2024,11,10,6,1,0,2,1,0,1,GRAVE_MORTALIDAD,2
3,2,13,0,4,0,-6.7743365,-79.6101911,0,4,7,1,2,2,2,0,6543.555,2.0,4,4,1.0,14,33,1198.0,0.5099824343854071,80.92772497096554,70.10038844774819,8.59971886482074,640.4038173076317,9540.398286937902,3459.691,515.0619999999999,689.7280000000001,2254.901,703.3549999999999,2756.336,20.329994788551925,2,2,0,0,0,48.0,24.0,72.0,1.0,1.0,0.0,0.0,2,0,0.0,0.0,1.0,1.0,1.0,0.0,1.0,1.0,1.0,1.0,19,2,2023,1,29,6,1,1,0,1,0,1,LEVE,0
3,1,6,2,4,1,-11.8493148704598,-77.1215267256503,0,0,7,1,2,1,1,0,139.23,-1.0,2,0,0.0,9,32,69.0,0.5563774842369664,77.00938809632027,69.10246351364754,8.476961866273152,914.8835608305218,27932.19700214133,51.58600000000001,44.68700000000001,6.899000000000001,0.0,49.838000000000015,1.748,96.61148373589734,2,2,0,0,0,38.0,30.0,46.0,1.0,0.0,0.0,0.0,2,0,0.0,0.0,0.0,1.0,0.0,0.0,1.0,0.0,0.0,1.0,6,1,2023,2,23,3,0,1,2,1,0,0,LEVE,0
6,1,14,2,4,1,-12.03285756513733,-77.00682081487176,0,0,7,0,2,2,2,0,6543.555,3.0,2,0,1.0,0,30,1475.0,0.6970617810314195,81.40501156526744,73.5715154770137,9.635174408411393,1428.892506292977,203379.9271948608,7626.313,1683.4029999999998,1599.0829999999996,4343.827000000001,1814.875,5811.438000000001,23.797541485643197,1,1,0,0,0,26.0,26.0,26.0,1.0,0.0,0.0,0.0,1,0,0.0,0.0,0.0,1.0,1.0,0.0,0.0,0.0,1.0,0.0,2,0,2024,12,14,5,1,0,0,1,1,1,LEVE,0
0,1,14,2,2,4,-12.19279072,-77.01958017,0,0,7,0,2,0,1,0,6543.555,2.0,4,4,1.0,14,33,1198.0,0.7583553928164398,79.82595632107274,76.7651270103073,11.46351379457763,1662.7771470294065,333655.3618843683,7626.313,1683.4029999999998,1599.0829999999996,4343.827000000001,1814.875,5811.438000000001,23.797541485643197,2,1,0,1,0,71.0,71.0,71.0,1.0,0.0,0.0,0.0,1,0,0.0,1.0,0.0,0.0,0.0,0.0,1.0,0.0,0.0,0.0,14,3,2023,7,25,1,0,1,0,1,0,1,LEVE,0
3,2,7,0,4,1,-13.932017,-71.503561,0,4,7,1,2,2,2,2,7586.903,2.0,2,0,1.0,9,5,1198.0,0.2817996466757569,61.46221967841442,59.94392749373902,5.22767318167762,273.6262823371238,4178.871520342613,17779.13499998999,2097.3709999899997,2863.123,12818.640999999989,2878.713,14900.421999989989,16.19152450331032,2,2,0,0,0,53.0,52.0,54.0,1.0,1.0,0.0,1.0,2,0,0.0,1.0,0.0,1.0,0.0,0.0,1.0,0.0,0.0,0.0,3,0,2025,10,6,0,0,0,2,1,0,1,LEVE,0
3,2,19,0,4,1,-5.888105,-80.535133,0,4,7,1,2,2,2,2,6543.555,3.0,2,0,1.0,0,30,1475.0,0.4860724693701166,72.15814961491549,57.86687952143938,7.507596134322599,781.8218439197168,48691.10064239828,8965.846000060003,1782.4120000599992,636.9959999999999,6546.438000000004,2214.505000059999,6751.341000000004,24.699342371541725,4,2,0,0,2,58.0,51.0,65.0,1.0,0.0,0.0,1.0,2,0,0.0,0.0,1.0,1.0,0.0,1.0,1.0,0.0,1.0,0.0,4,0,2022,4,28,3,0,1,0,1,1,1,GRAVE_MORTALIDAD,2
6,1,4,0,4,1,-13.13727664,-74.21051279,0,4,0,0,2,2,2,2,7586.903,2.0,2,0,1.0,9,5,1198.0,0.5762473171860396,74.20666393561979,79.40205121246312,10.17052038570618,875.6652261287057,18408.08137044968,12678.733000000004,1805.074000000001,1774.0339999999994,9099.625000000004,2485.375000000001,10193.358000000002,19.602707936195205,2,1,0,1,0,32.0,32.0,32.0,1.0,0.0,0.0,0.0,1,0,0.0,0.0,0.0,1.0,0.0,1.0,0.0,0.0,1.0,0.0,22,2,2022,6,4,5,1,0,2,1,0,1,LEVE,0
0,0,19,0,4,1,-5.255503,-80.616913,0,4,7,1,2,1,0,0,6543.555,3.0,2,0,1.0,0,30,1475.0,0.5034350778485951,78.14388603810477,62.51585839041032,7.698619805954479,731.8176685454189,76220.84796573877,8965.846000060003,1782.4120000599992,636.9959999999999,6546.438000000004,2214.505000059999,6751.341000000004,24.699342371541725,2,1,1,1,0,37.0,33.0,40.0,0.0,0.0,0.0,0.0,1,1,1.0,0.0,0.0,0.0,0.0,0.0,1.0,0.0,1.0,0.0,0,0,2021,5,5,2,0,0,0,1,1,1,LEVE,0
6,1,7,2,3,4,-14.49696,-71.155116,0,3,7,1,2,2,2,2,6543.555,2.0,4,4,1.0,14,33,1198.0,0.2203506125864708,63.2185051736148,53.31195554262463,5.074877589504474,153.07870837763025,5406.680942184154,17779.13499998999,2097.3709999899997,2863.123,12818.640999999989,2878.713,14900.421999989989,16.19152450331032,1,1,0,0,0,48.0,48.0,48.0,1.0,1.0,0.0,0.0,1,0,0.0,0.0,0.0,1.0,1.0,0.0,0.0,1.0,0.0,0.0,6,1,2021,9,18,5,1,1,2,1,0,1,LEVE,0
0,1,10,0,4,1,-13.555881,-76.133432,0,4,7,1,2,2,2,0,6639.975,2.0,2,0,1.0,9,31,1616.0,0.533712318797331,79.3365989923595,61.56804543976482,8.261681946790427,816.7917863887187,13863.817987152031,3721.461,698.1859999999996,744.866,2278.409,1102.9029999999996,2618.558,29.636290693359403,2,1,1,1,0,37.0,33.0,40.0,0.0,0.0,0.0,0.0,1,1,1.0,0.0,0.0,0.0,0.0,0.0,0.0,0.0,0.0,1.0,5,0,2023,2,1,2,0,0,0,1,0,1,LEVE,0
3,2,13,2,3,4,-6.798853,-79.83346,0,3,1,1,2,2,2,0,6543.555,2.0,4,4,1.0,14,33,1198.0,0.5698121065713132,80.7750211042815,73.24532007426484,9.611369875155264,807.8835749369007,96903.36830835116,3459.691,515.0619999999999,689.7280000000001,2254.901,703.3549999999999,2756.336,20.329994788551925,5,2,0,0,3,32.0,31.0,33.0,1.0,0.0,0.0,1.0,2,0,0.0,1.0,0.0,1.0,1.0,0.0,1.0,0.0,1.0,1.0,8,1,2022,8,25,3,0,1,0,1,0,1,GRAVE_LESIONADOS,1
0,1,12,2,4,1,-7.260811,-79.488582,0,2,7,1,2,2,2,6,6543.555,3.0,2,0,1.0,0,30,1475.0,0.5650979329787121,81.32490571897102,68.6769211482833,7.868096912305706,909.6843705053026,43897.946466809415,8931.828000000005,1335.5899999999997,1935.9830000000004,5660.255000000005,1219.309,7712.519000000005,13.651281686122925,2,1,0,1,0,27.0,27.0,27.0,1.0,0.0,0.0,0.0,1,0,0.0,0.0,0.0,0.0,0.0,0.0,0.0,0.0,0.0,0.0,17,3,2021,8,12,3,0,0,0,1,1,1,LEVE,0
3,2,10,0,4,1,-13.71068482,-75.982976,8,4,7,1,2,2,2,0,1679.5849999999998,2.0,2,3,1.0,9,24,315.0,0.5368583996363854,74.61272186125923,72.26825466878516,8.4069286474868,830.4721109449902,14789.134903640255,3721.461,698.1859999999996,744.866,2278.409,1102.9029999999996,2618.558,29.636290693359403,2,2,0,0,0,37.5,32.0,43.0,1.0,1.0,0.0,1.0,2,0,0.0,0.0,0.0,1.0,1.0,1.0,0.0,1.0,1.0,1.0,20,2,2023,3,10,4,0,0,0,1,0,1,LEVE,0
0,1,14,2,2,4,-12.19904625,-76.9973279,0,3,1,1,2,2,2,4,6543.555,2.0,4,4,1.0,14,33,1198.0,0.7583553928164398,79.82595632107274,76.7651270103073,11.46351379457763,1662.7771470294065,333655.3618843683,7626.313,1683.4029999999998,1599.0829999999996,4343.827000000001,1814.875,5811.438000000001,23.797541485643197,2,1,0,1,0,47.0,47.0,47.0,0.0,0.0,0.0,0.0,1,0,0.0,0.0,0.0,1.0,0.0,1.0,0.0,0.0,0.0,0.0,18,2,2023,7,4,1,0,0,0,1,0,1,LEVE,0
6,1,7,0,4,0,-13.971529,-71.82597,0,4,7,1,1,2,2,2,6543.555,2.0,4,4,1.0,14,33,1198.0,0.300626117372028,60.27142178626318,64.58664746889059,4.775380726914684,344.68977019730767,3015.7087794432546,17779.13499998999,2097.3709999899997,2863.123,12818.640999999989,2878.713,14900.421999989989,16.19152450331032,2,1,0,1,0,57.0,57.0,57.0,1.0,1.0,0.0,0.0,1,0,0.0,1.0,0.0,0.0,0.0,0.0,1.0,0.0,0.0,0.0,18,2,2023,4,27,3,0,1,2,1,0,1,LEVE,0
3,2,4,0,4,1,-14.646467,-74.310035,2,4,0,0,2,1,0,2,2238.6850000000004,2.0,2,0,1.0,4,27,115.0,0.3765288260269777,68.18120476047088,50.993604658293634,5.607263086988291,529.4791469876697,3716.779443254818,12678.733000000004,1805.074000000001,1774.0339999999994,9099.625000000004,2485.375000000001,10193.358000000002,19.602707936195205,2,2,0,0,0,52.0,40.0,64.0,1.0,0.0,0.0,1.0,2,0,0.0,1.0,0.0,1.0,0.0,1.0,1.0,0.0,0.0,0.0,15,3,2024,12,11,2,0,0,2,1,0,1,LEVE,0
1,1,21,2,4,1,-5.951484,-77.302217,0,2,7,1,2,2,2,4,7758.33400008,2.0,2,0,1.0,9,20,2133.0,0.4789759027469384,73.43778249935497,54.01635312204597,6.285279694551369,847.2910954428505,47552.6295503212,5645.136,815.0759999999999,965.298,3864.762,1013.406,4631.73,17.95184385283189,2,1,1,1,0,37.0,33.0,40.0,0.0,0.0,0.0,0.0,1,1,1.0,0.0,0.0,0.0,0.0,0.0,0.0,0.0,0.0,1.0,19,2,2024,12,23,0,0,1,1,1,0,1,LEVE,0
3,2,20,0,4,1,-15.212994359035113,-70.35131148436571,0,4,7,1,2,2,2,6,7586.903,2.0,2,0,1.0,9,5,1198.0,0.4451745613783446,70.98869115444882,66.61608433572192,7.63470007837118,577.3173462752228,10293.640256959316,13642.312999999998,2020.7790000000005,2354.117,9267.416999999998,3314.0520000000006,10328.260999999997,24.29244952817019,2,2,0,0,0,49.0,31.0,67.0,1.0,1.0,0.0,1.0,2,0,0.0,0.0,0.0,1.0,1.0,1.0,0.0,0.0,1.0,1.0,18,2,2021,12,27,0,0,1,2,1,0,1,LEVE,0
1,1,14,2,6,4,-12.20687179368831,-76.90640770180012,0,3,1,1,2,2,2,0,6543.555,2.0,4,4,1.0,14,33,1198.0,0.689811994580126,79.88015655965044,73.89553442371854,9.755251380104111,1409.8432274455126,452660.364025696,7626.313,1683.4029999999998,1599.0829999999996,4343.827000000001,1814.875,5811.438000000001,23.797541485643197,2,1,1,1,0,37.0,33.0,40.0,0.0,0.0,0.0,0.0,1,1,1.0,0.0,0.0,0.0,0.0,0.0,0.0,0.0,0.0,1.0,4,0,2024,8,10,5,1,0,0,1,0,1,LEVE,0
0,1,12,2,2,4,-7.309388415851915,-79.48448321442999,0,0,7,1,2,2,2,0,6543.555,2.0,4,4,1.0,14,33,1198.0,0.5650979329787121,81.32490571897102,68.6769211482833,7.868096912305706,909.6843705053026,43897.946466809415,8931.828000000005,1335.5899999999997,1935.9830000000004,5660.255000000005,1219.309,7712.519000000005,13.651281686122925,2,1,0,1,0,27.0,27.0,27.0,1.0,1.0,0.0,0.0,1,0,0.0,0.0,0.0,1.0,1.0,0.0,0.0,0.0,0.0,0.0,19,2,2023,11,7,1,0,0,0,1,0,1,LEVE,0
3,2,1,0,4,1,-9.62729801785534,-77.4987975439949,0,4,0,1,2,1,1,2,9936.932,2.0,2,0,1.0,9,32,3830.0,0.3221880038524312,74.4958654901739,52.39022079051925,5.660975440982674,299.7877491538902,1871.4304068522488,10767.648,1885.0630000000003,1222.721,7659.864000000001,2100.343,8667.305000000002,19.506051832303577,8,2,0,0,6,50.5,30.0,71.0,1.0,1.0,0.0,0.0,2,0,0.0,0.0,1.0,1.0,1.0,0.0,1.0,0.0,1.0,1.0,9,1,2023,1,30,0,0,1,0,1,0,1,GRAVE_LESIONADOS,1
0,1,14,0,4,3,-11.430781799922846,-77.08143126557555,0,4,5,0,3,2,2,0,6543.555,2.0,4,4,1.0,14,33,1198.0,0.606011890732538,79.10580202061365,64.14379964647316,7.172095916125169,1269.9879605915198,20981.39186295503,7626.313,1683.4029999999998,1599.0829999999996,4343.827000000001,1814.875,5811.438000000001,23.797541485643197,2,1,0,1,0,32.0,32.0,32.0,1.0,0.0,0.0,1.0,1,0,0.0,1.0,0.0,0.0,0.0,0.0,1.0,0.0,0.0,0.0,11,1,2021,4,29,3,0,1,0,1,0,1,LEVE,0
6,1,5,0,4,1,-6.48030333,-78.87960333,0,4,5,1,2,0,1,0,9936.932,2.0,2,0,1.0,9,32,3830.0,0.3011301347839704,71.97114344661169,54.49911076138603,4.057283312480806,327.1165249840737,5264.304068522484,15935.565011852366,1733.9250000199986,935.692,13265.948011832368,2000.1670000199988,13935.398011832369,12.551591352627522,7,1,0,0,6,42.0,42.0,42.0,1.0,0.0,0.0,0.0,1,0,0.0,1.0,0.0,0.0,0.0,0.0,1.0,0.0,0.0,0.0,5,0,2023,2,4,5,1,0,2,1,0,1,GRAVE_LESIONADOS,1
7,0,20,2,4,1,-16.58229113,-69.06036235,0,4,7,1,2,2,2,2,1529.105,2.0,2,0,1.0,9,21,200.0,0.4241160460464029,74.28732425011668,75.63340579586843,8.070404038634907,431.1198673050291,28095.749464668093,13642.312999999998,2020.7790000000005,2354.117,9267.416999999998,3314.0520000000006,10328.260999999997,24.29244952817019,2,2,0,0,0,51.0,45.0,57.0,1.0,1.0,0.0,0.0,2,0,0.0,1.0,0.0,1.0,1.0,0.0,1.0,0.0,1.0,0.0,18,2,2021,1,26,1,0,1,2,1,0,1,LEVE,0
3,1,2,0,4,2,-14.177926524620933,-72.32824385814376,6,5,6,2,6,2,2,0,6543.555,2.0,4,4,1.0,14,33,1198.0,0.499163551389036,75.70962705281627,87.67387501944928,7.79976949484745,631.0025854087717,13588.147751605997,8358.971,1282.451,1298.0969999999998,5778.423,1432.683,6926.288,17.139466089785454,3,2,0,0,1,29.5,21.0,38.0,1.0,0.0,0.0,0.0,2,0,0.0,1.0,0.0,1.0,1.0,0.0,1.0,0.0,1.0,0.0,17,3,2022,2,19,5,1,1,2,1,0,1,LEVE,0
3,4,3,2,4,1,-16.516848,-71.801721,0,4,1,1,2,0,1,0,6639.975,2.0,2,0,1.0,9,31,1616.0,0.6105481451420971,78.10653088113892,68.35418098658066,8.411557426919764,1158.5430895193692,35025.678800856535,10322.272,1495.236,1749.739,7077.2970000000005,2886.595,7435.677000000001,27.964725207783708,9,4,0,0,5,42.25,31.0,51.0,1.0,0.0,0.0,0.0,4,0,0.0,1.0,0.0,1.0,0.0,1.0,1.0,0.0,0.0,0.0,21,2,2022,9,23,4,0,1,0,1,0,1,GRAVE_LESIONADOS,1
6,1,8,0,4,2,-13.074455,-74.657114,0,4,3,0,1,2,2,0,6543.555,2.0,4,4,1.0,14,33,1198.0,0.3648777342527826,72.61386206398959,50.19709555656983,5.638488277525374,444.6393044914551,24733.083511777302,8511.426,1445.3929999999996,2008.516,5057.516999999999,1879.579,6631.846999999998,22.08300935706896,5,1,0,0,4,40.0,40.0,40.0,1.0,0.0,0.0,0.0,1,0,0.0,0.0,1.0,0.0,1.0,0.0,0.0,0.0,0.0,0.0,14,3,2022,5,1,6,1,0,2,1,0,1,GRAVE_MORTALIDAD,2
0,1,14,2,2,4,-12.04834093963855,-77.0593447954587,0,0,7,1,2,1,1,0,6543.555,2.0,4,4,1.0,14,33,1198.0,0.7646845961658533,80.23682119426338,77.96082737891015,12.014176158371615,1633.787715186093,250806.0877944326,7626.313,1683.4029999999998,1599.0829999999996,4343.827000000001,1814.875,5811.438000000001,23.797541485643197,2,1,0,1,0,46.0,46.0,46.0,1.0,0.0,0.0,0.0,1,0,0.0,0.0,1.0,0.0,0.0,0.0,1.0,0.0,0.0,0.0,21,2,2024,10,6,6,1,0,0,1,0,1,LEVE,0
0,1,3,2,7,4,-16.4336445,-71.6064368,0,4,7,1,7,2,2,0,6543.555,2.0,4,4,1.0,14,33,1198.0,0.6361781248622183,79.02998716357858,73.27695818275072,9.907690388126271,1124.6358478167767,14391.67880085653,10322.272,1495.236,1749.739,7077.2970000000005,2886.595,7435.677000000001,27.964725207783708,2,1,0,1,0,40.0,40.0,40.0,0.0,0.0,0.0,1.0,1,0,0.0,0.0,0.0,1.0,0.0,0.0,1.0,0.0,0.0,0.0,14,3,2021,6,16,2,0,1,0,1,0,1,LEVE,0
3,2,10,0,4,1,-13.770627,-76.23561,0,2,7,1,2,2,2,0,76.48700000000001,-1.0,2,3,0.0,9,32,15.0,0.6292184793170688,75.99906028374495,67.79982853272203,9.796858559039824,1204.177835421263,8492.554603854389,3721.461,698.1859999999996,744.866,2278.409,1102.9029999999996,2618.558,29.636290693359403,6,2,0,0,4,49.5,48.0,51.0,1.0,0.0,0.0,1.0,2,0,0.0,0.0,0.0,1.0,0.0,1.0,0.0,0.0,0.0,0.0,13,3,2023,2,26,6,1,1,0,1,0,1,GRAVE_LESIONADOS,1
5,1,14,2,4,1,-12.16194462976457,-76.98192432664051,0,0,7,1,2,2,2,0,6639.975,2.0,2,0,1.0,9,31,1616.0,0.7289998534947872,80.50926319493618,76.9124822838204,10.358587270463827,1551.106643515347,384728.5117773019,7626.313,1683.4029999999998,1599.0829999999996,4343.827000000001,1814.875,5811.438000000001,23.797541485643197,2,2,1,0,0,37.0,33.0,40.0,1.0,0.0,0.0,0.0,2,1,1.0,0.0,0.0,1.0,0.0,0.0,0.0,0.0,0.0,1.0,3,0,2025,3,21,4,0,1,0,1,0,1,LEVE,0
4,1,3,2,3,4,-16.4229103,-71.8180602,0,3,7,1,2,0,1,0,6543.555,2.0,4,4,1.0,14,33,1198.0,0.6105481451420971,78.10653088113892,68.35418098658066,8.411557426919764,1158.5430895193692,35025.678800856535,10322.272,1495.236,1749.739,7077.2970000000005,2886.595,7435.677000000001,27.964725207783708,1,1,0,0,0,24.0,24.0,24.0,1.0,1.0,0.0,0.0,1,0,0.0,0.0,0.0,1.0,1.0,0.0,0.0,1.0,1.0,1.0,3,0,2022,6,5,6,1,0,0,1,0,1,LEVE,0
0,1,20,0,4,1,-15.477188065467091,-70.13652292797858,0,4,7,1,2,2,2,4,7586.903,2.0,2,0,1.0,9,5,1198.0,0.5225679967471315,73.87568641139362,79.22999870887685,8.745562804731529,728.6643223924281,65445.28409703769,13642.312999999998,2020.7790000000005,2354.117,9267.416999999998,3314.0520000000006,10328.260999999997,24.29244952817019,2,1,0,1,0,25.0,25.0,25.0,1.0,1.0,0.0,0.0,1,0,0.0,0.0,0.0,1.0,1.0,0.0,0.0,1.0,1.0,1.0,15,3,2023,8,7,0,0,0,2,1,0,1,LEVE,0
3,2,22,0,4,2,-17.858745,-70.555653,0,4,7,1,2,2,2,2,6543.555,2.0,4,4,1.0,14,33,1198.0,0.5526222945995614,74.2498786138685,70.50025041365525,8.75355945120394,897.5682559826355,2956.51391862955,2650.572,630.6729999999998,487.3610000000001,1532.5379999999998,1068.7019999999998,1581.87,40.31967439480987,2,2,0,0,0,38.0,28.0,48.0,1.0,1.0,0.0,1.0,2,0,0.0,0.0,1.0,1.0,1.0,0.0,1.0,1.0,1.0,1.0,18,2,2022,11,11,4,0,0,0,1,0,1,LEVE,0
6,1,15,2,3,4,-3.735641781281565,-73.24260413925239,6,5,6,2,6,2,2,0,6543.555,2.0,4,4,1.0,14,33,1198.0,0.6598204400488458,74.39325093062702,69.69813044898703,12.74033149882924,1208.8057293272177,145540.50535331905,1095.5949999999998,128.87099999999998,320.74700000000007,645.9769999999999,274.214,821.381,25.02877431897737,1,1,0,0,0,42.0,42.0,42.0,1.0,1.0,0.0,0.0,1,0,0.0,0.0,0.0,1.0,1.0,0.0,0.0,1.0,1.0,1.0,12,3,2021,12,19,6,1,1,1,1,0,1,LEVE,0
6,1,20,2,6,4,-15.834304,-70.029758,5,0,2,0,2,2,2,2,6543.555,2.0,4,4,1.0,14,33,1198.0,0.6488901960567479,69.67312345830231,82.12448375199249,11.701623814093702,1230.336353415943,144745.3597430407,13642.312999999998,2020.7790000000005,2354.117,9267.416999999998,3314.0520000000006,10328.260999999997,24.29244952817019,3,1,0,2,0,47.0,47.0,47.0,1.0,0.0,0.0,0.0,1,0,0.0,0.0,1.0,0.0,0.0,0.0,1.0,1.0,1.0,1.0,6,1,2024,2,11,6,1,0,2,1,0,1,GRAVE_MORTALIDAD,2
6,1,20,0,4,1,-15.0007276,-70.1823811,0,4,7,1,2,2,2,2,1761.8050000000003,2.0,2,0,1.0,6,22,410.0,0.192208961369019,68.76766266610497,65.94920879656723,5.568539909379126,92.3572780511386,4011.042826552462,13642.312999999998,2020.7790000000005,2354.117,9267.416999999998,3314.0520000000006,10328.260999999997,24.29244952817019,1,1,0,0,0,34.0,34.0,34.0,1.0,1.0,0.0,0.0,1,0,0.0,0.0,0.0,1.0,1.0,0.0,0.0,1.0,1.0,1.0,11,1,2023,11,2,3,0,0,2,1,0,1,LEVE,0
0,1,20,0,4,1,-15.96115275585092,-69.81569065508157,0,4,7,1,2,2,2,4,7586.903,2.0,2,0,1.0,9,5,1198.0,0.3247057995130503,73.24682709519536,76.81044161661171,6.507336567861034,242.9773157546694,24872.03426124197,13642.312999999998,2020.7790000000005,2354.117,9267.416999999998,3314.0520000000006,10328.260999999997,24.29244952817019,2,1,0,1,0,44.0,44.0,44.0,1.0,0.0,0.0,0.0,1,0,0.0,0.0,0.0,1.0,0.0,1.0,0.0,0.0,0.0,0.0,15,3,2022,10,18,1,0,1,2,1,0,1,LEVE,0
3,2,13,0,4,1,-6.7363369,-79.5400284,0,4,7,1,2,2,2,0,919.085,2.0,2,3,0.0,9,7,218.0,0.5368990377599975,81.14791216819076,67.58350560537582,7.829746599316162,796.0036204699745,23182.03854389721,3459.691,515.0619999999999,689.7280000000001,2254.901,703.3549999999999,2756.336,20.329994788551925,2,2,0,0,0,24.5,20.0,29.0,1.0,1.0,0.0,0.0,2,1,1.0,0.0,1.0,1.0,1.0,0.0,0.0,1.0,0.0,1.0,19,2,2023,3,5,6,1,0,0,1,0,1,LEVE,0
3,1,16,0,4,1,-11.811876,-69.180757,6,5,6,2,6,2,2,0,3263.58,2.0,2,0,1.0,5,18,566.0,0.597617604972796,82.26721782405238,48.48097664391574,7.80953834738407,1251.9428244578776,3379.3597430406853,2090.391,399.431,340.021,1350.9389999999996,493.824,1596.5669999999996,23.62352306338862,2,2,0,0,0,42.0,36.0,48.0,1.0,1.0,0.0,0.0,2,0,0.0,0.0,0.0,1.0,1.0,0.0,1.0,0.0,1.0,0.0,21,2,2022,6,26,6,1,1,1,1,0,1,LEVE,0
0,1,7,0,4,1,-14.386878306773752,-71.13783989801603,0,4,7,1,2,2,2,2,7586.903,2.0,2,0,1.0,9,5,1198.0,0.3688068892893833,76.47283450634272,62.25751908213611,5.9696521090432615,372.1207781777657,9957.021413276232,17779.13499998999,2097.3709999899997,2863.123,12818.640999999989,2878.713,14900.421999989989,16.19152450331032,2,1,0,1,0,70.0,70.0,70.0,1.0,0.0,0.0,1.0,1,0,0.0,0.0,0.0,1.0,0.0,1.0,0.0,0.0,0.0,0.0,19,2,2022,1,15,5,1,1,2,1,0,1,LEVE,0
6,1,8,0,4,3,-12.843717,-74.617839,0,4,0,0,3,2,2,0,6543.555,2.0,4,4,1.0,14,33,1198.0,0.1393873091163629,72.85769733503652,52.28251948389329,3.1991787696798224,71.87358743980167,7591.738758029978,8511.426,1445.3929999999996,2008.516,5057.516999999999,1879.579,6631.846999999998,22.08300935706896,1,1,0,0,0,37.0,33.0,40.0,1.0,1.0,0.0,0.0,1,0,0.0,1.0,0.0,0.0,0.0,0.0,0.0,1.0,1.0,1.0,22,2,2021,12,18,5,1,1,2,1,0,1,LEVE,0
1,0,7,0,4,1,-12.764117,-72.586902,0,4,7,1,2,2,2,2,3447.8009999999995,1.0,2,3,0.0,9,12,1109.0,0.4297325556987851,76.15904795703717,58.63823936731875,6.097264629229048,579.625724446144,29458.58458244112,17779.13499998999,2097.3709999899997,2863.123,12818.640999999989,2878.713,14900.421999989989,16.19152450331032,2,1,1,1,0,37.0,33.0,40.0,0.0,0.0,0.0,0.0,1,1,1.0,0.0,0.0,1.0,1.0,0.0,0.0,0.0,0.0,0.0,11,1,2021,4,16,4,0,1,2,1,0,1,LEVE,0
6,1,11,0,4,2,-11.305549996282144,-75.5701446138607,2,4,2,0,7,2,2,2,6543.555,2.0,4,4,1.0,14,33,1198.0,0.3785310516079165,75.33519212039768,49.9039428717292,5.362207673258474,485.4204518607064,4754.987152034261,12264.545,1826.4639999999995,1105.5389999999998,9332.542,1588.5359999999996,10676.009,12.952261987705208,4,1,0,0,3,60.0,60.0,60.0,1.0,0.0,0.0,0.0,1,0,0.0,0.0,0.0,1.0,0.0,0.0,1.0,0.0,0.0,0.0,5,0,2022,8,1,0,0,0,2,1,0,1,GRAVE_LESIONADOS,1
6,1,11,0,4,1,-11.586712004795071,-75.84584888500075,2,4,7,1,2,1,1,2,7586.903,2.0,2,0,1.0,9,5,1198.0,0.6211711217784234,75.51508523355102,70.90101252241288,10.049671623026311,1128.403546167389,8996.89721627409,12264.545,1826.4639999999995,1105.5389999999998,9332.542,1588.5359999999996,10676.009,12.952261987705208,6,1,0,0,5,26.0,26.0,26.0,1.0,0.0,0.0,0.0,1,0,0.0,0.0,0.0,1.0,0.0,1.0,0.0,0.0,0.0,0.0,5,0,2023,11,4,5,1,0,2,1,0,1,GRAVE_LESIONADOS,1
6,1,4,0,4,1,-13.5808598744851,-73.8284394686605,0,4,0,0,3,2,2,2,1682.702,1.0,1,0,0.0,9,32,305.0,0.2089981927930086,70.07108494772113,45.31614852307777,4.237397770127716,142.4118571359785,2564.820128479657,12678.733000000004,1805.074000000001,1774.0339999999994,9099.625000000004,2485.375000000001,10193.358000000002,19.602707936195205,13,1,0,0,12,32.0,32.0,32.0,1.0,0.0,0.0,1.0,1,0,0.0,0.0,0.0,0.0,1.0,0.0,0.0,1.0,1.0,1.0,18,2,2023,11,9,3,0,0,2,1,0,1,GRAVE_LESIONADOS,1