CLASE SINIESTRO,CANTIDAD DE VEHICULOS DAÑADOS,DEPARTAMENTO,ZONA,TIPO DE VÍA,RED VIAL,COORDENADAS LATITUD,COORDENADAS  LONGITUD,CONDICIÓN CLIMÁTICA,ZONIFICACIÓN,CARACTERÍSTICAS DE VÍA,PERFIL LONGITUDINAL VÍA,SUPERFICIE DE CALZADA,¿EXISTE SEÑAL VERTICAL?,¿EXISTE SEÑAL HORIZONTAL?,CAUSA FACTOR PRINCIPAL,MTC_RVN_LONGITUD_KM,MTC_RVN_N_CARRILES_MEDIANA,MTC_RVN_SUPERFICIE_DOMINANTE,MTC_RVN_ESTADO_DOMINANTE,MTC_RVN_ES_CONCESIONADA,MTC_RVN_CONCESION_PRINCIPAL,MTC_RVN_CORREDOR_LOGISTICO,MTC_RVN_N_TRAMOS,IDH_2019,IDH_ESP_VIDA_2019,IDH_EDUC_SECUND_PCT_2019,IDH_ANIOS_EDUC_2019,IDH_INGRESO_PERCAP_2019,IDH_POBLACION_2019,MTC_DEP_RED_TOTAL_KM,MTC_DEP_NACIONAL_TOTAL_KM,MTC_DEP_DEPARTAMENTAL_TOTAL_KM,MTC_DEP_VECINAL_TOTAL_KM,MTC_DEP_PAV_TOTAL_KM,MTC_DEP_NO_PAV_TOTAL_KM,MTC_DEP_PCT_PAVIMENTADA,PER_TOTAL_PERSONAS,PER_N_CONDUCTORES,PER_N_CONDUCTORES_FUGADOS,PER_N_PEATONES,PER_N_PASAJEROS_OCUPANTES,PER_EDAD_COND_PROM,PER_EDAD_COND_MIN,PER_EDAD_COND_MAX,PER_ANY_COND_MASCULINO,PER_ANY_LIC_PROBLEMA,PER_ANY_DOSAJE_POS,PER_ANY_DOSAJE_EVALUADO,VEH_TOTAL,VEH_N_FUGADOS,VEH_ANY_FUGADO,VEH_ANY_CARGA,VEH_ANY_PUBLICO,VEH_ANY_PARTICULAR,VEH_ANY_MOTO,VEH_ANY_AUTO,VEH_ANY_CAMION_BUS,VEH_ANY_SOAT_PROBLEMA,VEH_ANY_CITV_PROBLEMA,VEH_ANY_SEGURO_PROBLEMA,HORA_NUM,FRANJA_HORARIA,ANIO,MES,DIA_MES,DIA_SEMANA,ES_FIN_SEMANA,ES_QUINCENA,REGION_NATURAL,TIENE_SEÑALIZACION,ES_VIA_MULTICARRIL,ES_DEPTO_BAJO_PAVIMENTO,CATEGORIA_SEVERIDAD,CATEGORIA_SEVERIDAD_ENC
6,1,0,0,4,1,-5.8406012,-78.236837,0,4,0,1,2,1,1,0,7758.33400008,2.0,2,0,1.0,9,20,2133.0,0.4075997077501307,70.99108840660561,53.37495146767511,4.844033710793106,678.7937779833102,6951.764453961456,3903.732,1155.121,585.018,2163.5930000000003,943.591,2960.1410000000005,24.17151074920102,17,1,0,0,16,44.0,44.0,44.0,1.0,0.0,0.0,0.0,1,0,0.0,0.0,1.0,0.0,0.0,0.0,1.0,0.0,0.0,0.0,16,3,2024,2,23,4,0,1,1,1,0,1,GRAVE_LESIONADOS,1
6,1,5,2,4,1,-7.48439,-78.12322667,0,4,0,1,2,2,2,0,9936.932,2.0,2,0,1.0,9,32,3830.0,0.2517980913588912,79.04120044279121,35.01748350135311,3.323753479451267,260.3952910099023,13301.858672376871,15935.565011852366,1733.9250000199986,935.692,13265.948011832368,2000.1670000199988,13935.398011832369,12.551591352627522,1,1,0,0,0,23.0,23.0,23.0,1.0,1.0,0.0,0.0,1,0,0.0,0.0,0.0,1.0,1.0,0.0,0.0,1.0,1.0,1.0,0,0,2022,4,3,6,1,0,2,1,0,1,LEVE,0
0,1,14,2,4,2,-11.9255698497521,-76.9636556981117,6,5,6,2,6,2,2,0,6543.555,2.0,4,4,1.0,14,33,1198.0,0.701053025277506,79.62867561460851,73.1469484600971,10.064317505194426,1464.6926161541437,1150285.0494171206,7626.313,1683.4029999999998,1599.0829999999996,4343.827000000001,1814.875,5811.438000000001,23.797541485643197,2,1,0,1,0,37.0,33.0,40.0,1.0,1.0,0.0,0.0,1,0,0.0,0.0,1.0,0.0,0.0,0.0,1.0,1.0,1.0,1.0,23,2,2022,3,15,1,0,1,0,1,0,1,LEVE,0
1,1,14,2,4,1,-11.6039142,-77.2063534,0,1,7,0,2,1,0,0,6543.555,3.0,2,0,1.0,0,30,1475.0,0.606011890732538,79.10580202061365,64.14379964647316,7.172095916125169,1269.9879605915198,20981.39186295503,7626.313,1683.4029999999998,1599.0829999999996,4343.827000000001,1814.875,5811.438000000001,23.797541485643197,2,1,1,1,0,37.0,33.0,40.0,0.0,0.0,0.0,0.0,1,1,1.0,0.0,0.0,0.0,0.0,0.0,0.0,0.0,0.0,1.0,12,3,2025,11,13,3,0,0,0,1,1,1,LEVE,0
3,2,5,0,4,1,-5.780846072599503,-78.78300712393961,0,4,7,1,2,2,2,0,7758.33400008,2.0,2,0,1.0,9,20,2133.0,0.5803239946829384,74.49544278598792,68.33065356443184,8.733179344969395,1046.078117086984,102362.46895074946,15935.565011852366,1733.9250000199986,935.692,13265.948011832368,2000.1670000199988,13935.398011832369,12.551591352627522,2,2,0,0,0,41.5,39.0,44.0,1.0,1.0,0.0,0.0,2,0,0.0,1.0,0.0,1.0,1.0,0.0,1.0,0.0,0.0,1.0,13,3,2021,11,15,0,0,1,2,1,0,1,LEVE,0
3,2,1,2,4,1,-8.998258205771755,-78.61797806714192,0,3,7,1,2,2,2,0,6543.555,3.0,2,0,1.0,0,30,1475.0,0.5751416396314166,79.13313360862875,61.07686741629993,7.835804203082414,1055.1585250692096,20995.070663811563,10767.648,1885.0630000000003,1222.721,7659.864000000001,2100.343,8667.305000000002,19.506051832303577,2,2,0,0,0,31.5,25.0,38.0,1.0,1.0,0.0,1.0,2,0,0.0,0.0,0.0,1.0,1.0,0.0,1.0,0.0,1.0,0.0,21,2,2021,10,1,4,0,0,0,1,1,1,LEVE,0
3,2,20,2,2,4,-16.083489,-69.635469,0,0,1,1,2,2,2,2,6543.555,2.0,4,4,1.0,14,33,1198.0,0.4020198374784472,77.80062735845667,75.295761294875,7.279851651626652,372.63390314535104,50686.62526766595,13642.312999999998,2020.7790000000005,2354.117,9267.416999999998,3314.0520000000006,10328.260999999997,24.29244952817019,2,2,0,0,0,33.5,27.0,40.0,1.0,0.0,0.0,0.0,2,0,0.0,0.0,1.0,1.0,1.0,0.0,0.0,1.0,0.0,1.0,8,1,2024,3,20,2,0,1,2,1,0,1,LEVE,0
3,2,23,0,4,1,-3.5229614186624945,-80.34891844236797,7,4,7,1,2,2,2,2,6543.555,3.0,2,0,1.0,0,30,1475.0,0.506393213976091,71.09604779417722,66.88716723772843,7.8873292871222835,813.0857960318671,5253.152034261242,1009.101,138.47399999999996,287.471,583.156,276.972,732.129,27.447401201663663,6,2,0,0,4,50.0,44.0,56.0,1.0,0.0,0.0,1.0,2,0,0.0,0.0,1.0,1.0,0.0,1.0,1.0,0.0,0.0,0.0,11,1,2024,12,21,5,1,1,0,1,1,1,GRAVE_LESIONADOS,1
0,1,20,0,4,1,-16.116216,-69.595246,2,4,7,1,2,1,1,4,7586.903,2.0,2,0,1.0,9,5,1198.0,0.4020198374784472,77.80062735845667,75.295761294875,7.279851651626652,372.63390314535104,50686.62526766595,13642.312999999998,2020.7790000000005,2354.117,9267.416999999998,3314.0520000000006,10328.260999999997,24.29244952817019,2,1,0,1,0,43.0,43.0,43.0,1.0,0.0,0.0,0.0,1,0,0.0,0.0,0.0,1.0,0.0,0.0,1.0,0.0,0.0,0.0,2,0,2022,3,3,3,0,0,2,1,0,1,LEVE,0
5,1,21,0,4,1,-6.036711,-77.196456,0,4,7,1,2,2,2,0,7758.33400008,2.0,2,0,1.0,9,20,2133.0,0.5963332411867256,73.80959983510441,63.34953560123128,8.251886446437874,1232.7304200473363,24031.167023554604,5645.136,815.0759999999999,965.298,3864.762,1013.406,4631.73,17.95184385283189,7,2,1,0,5,28.0,28.0,28.0,1.0,1.0,0.0,0.0,2,1,1.0,0.0,0.0,1.0,1.0,0.0,0.0,1.0,1.0,1.0,22,2,2025,3,3,0,0,0,1,1,0,1,GRAVE_LESIONADOS,1
10,1,4,0,4,2,-13.110492426014163,-74.22651350289297,0,4,5,0,1,2,2,2,6543.555,2.0,4,4,1.0,14,33,1198.0,0.5506252633070053,69.90928763641818,75.08622643893038,10.15415260514822,862.2051674470921,104520.79871520343,12678.733000000004,1805.074000000001,1774.0339999999994,9099.625000000004,2485.375000000001,10193.358000000002,19.602707936195205,1,1,0,0,0,50.0,50.0,50.0,1.0,0.0,0.0,1.0,1,0,0.0,0.0,0.0,0.0,0.0,0.0,0.0,1.0,1.0,1.0,13,3,2023,12,15,4,0,1,2,1,0,1,LEVE,0
5,1,14,0,4,2,-11.24199,-77.36301,0,4,7,1,2,2,2,0,6543.555,2.0,4,4,1.0,14,33,1198.0,0.625259356790912,76.00710856837651,64.39893010534446,7.928807895834627,1379.4198272918734,24684.304068522484,7626.313,1683.4029999999998,1599.0829999999996,4343.827000000001,1814.875,5811.438000000001,23.797541485643197,2,2,1,0,0,14.0,14.0,14.0,1.0,1.0,0.0,0.0,2,1,1.0,0.0,0.0,1.0,1.0,0.0,0.0,1.0,0.0,1.0,19,2,2022,8,10,2,0,0,0,1,0,1,LEVE,0
6,1,4,0,4,3,-13.569775267636992,-74.0076451725366,0,4,5,0,1,2,2,5,6543.555,2.0,4,4,1.0,14,33,1198.0,0.3421303129037229,72.39648922503245,57.24566465371133,4.840736605673273,391.92760189695207,4498.248394004282,12678.733000000004,1805.074000000001,1774.0339999999994,9099.625000000004,2485.375000000001,10193.358000000002,19.602707936195205,14,1,0,0,13,40.0,40.0,40.0,1.0,1.0,0.0,1.0,1,0,0.0,0.0,0.0,0.0,0.0,0.0,1.0,1.0,1.0,0.0,5,0,2023,10,19,3,0,1,2,1,0,1,GRAVE_MORTALIDAD,2
0,1,21,2,2,4,-6.47596,-76.36267,0,0,7,1,2,2,2,2,6543.555,2.0,4,4,1.0,14,33,1198.0,0.6729354303196766,71.95034522710945,80.80288699428996,10.48054848161392,1400.8616704695874,76010.20342612421,5645.136,815.0759999999999,965.298,3864.762,1013.406,4631.73,17.95184385283189,2,1,0,1,0,22.0,22.0,22.0,1.0,0.0,0.0,1.0,1,0,0.0,0.0,1.0,0.0,1.0,0.0,0.0,1.0,1.0,1.0,19,2,2021,2,3,2,0,0,1,1,0,1,LEVE,0
6,0,20,0,4,1,-14.8261374,-70.6743896,0,4,7,1,2,2,2,2,7586.903,2.0,2,0,1.0,9,5,1198.0,0.5324613279457675,72.39987766754832,76.2817294955702,8.981479623970959,793.3716794826516,21194.194860813703,13642.312999999998,2020.7790000000005,2354.117,9267.416999999998,3314.0520000000006,10328.260999999997,24.29244952817019,5,1,0,0,4,22.0,22.0,22.0,1.0,0.0,0.0,0.0,1,0,0.0,0.0,0.0,1.0,0.0,1.0,0.0,0.0,1.0,0.0,19,2,2023,12,31,6,1,1,2,1,0,1,GRAVE_LESIONADOS,1
3,2,20,0,4,1,-15.7377667,-70.0565938,0,4,7,1,2,2,2,2,7586.903,2.0,2,0,1.0,9,5,1198.0,0.3204026151964153,69.29426309416309,70.2364823564305,6.371809812333516,265.9551058733816,4850.546038543897,13642.312999999998,2020.7790000000005,2354.117,9267.416999999998,3314.0520000000006,10328.260999999997,24.29244952817019,4,2,0,0,2,28.0,23.0,33.0,1.0,1.0,0.0,0.0,2,0,0.0,0.0,1.0,1.0,1.0,0.0,1.0,0.0,1.0,1.0,18,2,2022,10,6,3,0,0,2,1,0,1,LEVE,0
0,0,20,2,6,4,-14.913518951915876,-69.86333177050078,2,3,7,1,4,2,2,4,6543.555,2.0,4,4,1.0,14,33,1198.0,0.378190833410684,64.38599435143328,71.47428639887909,6.6558756897025,445.86091818087607,23481.556745182013,13642.312999999998,2020.7790000000005,2354.117,9267.416999999998,3314.0520000000006,10328.260999999997,24.29244952817019,2,1,0,1,0,49.0,49.0,49.0,1.0,0.0,0.0,0.0,1,0,0.0,1.0,0.0,0.0,0.0,0.0,1.0,0.0,0.0,0.0,11,1,2021,2,18,3,0,1,2,1,0,1,LEVE,0
0,1,14,2,4,1,-11.930494754097852,-77.07249372671109,0,0,1,1,2,2,2,4,6543.555,3.0,2,0,1.0,0,30,1475.0,0.758462599563312,80.5192231989937,79.20045639149897,11.33839041452458,1628.5661148492152,363987.54389721627,7626.313,1683.4029999999998,1599.0829999999996,4343.827000000001,1814.875,5811.438000000001,23.797541485643197,2,1,0,1,0,1.0,1.0,1.0,1.0,1.0,0.0,0.0,1,0,0.0,0.0,0.0,1.0,0.0,1.0,0.0,0.0,0.0,0.0,11,1,2024,5,1,2,0,0,0,1,1,1,LEVE,0
6,1,15,2,2,4,-3.756951895267748,-73.25141780658379,6,5,6,2,6,2,2,0,6543.555,2.0,4,4,1.0,14,33,1198.0,0.6598204400488458,74.39325093062702,69.69813044898703,12.74033149882924,1208.8057293272177,145540.50535331905,1095.5949999999998,128.87099999999998,320.74700000000007,645.9769999999999,274.214,821.381,25.02877431897737,1,1,0,0,0,29.0,29.0,29.0,1.0,0.0,0.0,0.0,1,0,0.0,0.0,0.0,1.0,1.0,0.0,0.0,1.0,1.0,1.0,4,0,2021,11,14,6,1,0,1,1,0,1,LEVE,0
0,1,7,2,2,4,-13.531674,-71.916772,0,3,7,1,2,1,0,6,6543.555,2.0,4,4,1.0,14,33,1198.0,0.6806292796157144,77.51447806142957,82.6599812385644,11.044400293146794,1245.5372385926626,131240.7944325482,17779.13499998999,2097.3709999899997,2863.123,12818.640999999989,2878.713,14900.421999989989,16.19152450331032,2,1,0,1,0,21.0,21.0,21.0,1.0,0.0,0.0,1.0,1,0,0.0,0.0,0.0,1.0,0.0,1.0,0.0,0.0,0.0,0.0,6,1,2021,3,12,4,0,0,2,1,0,1,LEVE,0
3,1,5,0,4,1,-6.970766,-78.569055,0,4,7,0,2,1,1,6,9936.932,2.0,2,0,1.0,9,32,3830.0,0.6070175276741574,73.19224654097276,74.29530430690215,9.490386956642766,1117.141592366869,257380.9443254818,15935.565011852366,1733.9250000199986,935.692,13265.948011832368,2000.1670000199988,13935.398011832369,12.551591352627522,2,2,0,0,0,34.0,34.0,34.0,1.0,1.0,0.0,1.0,2,0,0.0,1.0,0.0,1.0,1.0,0.0,1.0,0.0,1.0,1.0,6,1,2024,7,11,3,0,0,2,1,0,1,LEVE,0
1,1,1,2,2,4,-9.074624480207431,-78.58308961766097,0,3,7,1,2,2,2,0,6543.555,2.0,4,4,1.0,14,33,1198.0,0.6138280897610826,78.84695742989106,71.99259200326753,9.438855747011283,1055.78291711923,196830.83083511775,10767.648,1885.0630000000003,1222.721,7659.864000000001,2100.343,8667.305000000002,19.506051832303577,2,1,1,1,0,37.0,33.0,40.0,0.0,0.0,0.0,0.0,1,1,1.0,0.0,0.0,0.0,0.0,0.0,0.0,0.0,0.0,1.0,19,2,2021,8,12,3,0,0,0,1,0,1,LEVE,0
3,2,3,2,4,1,-16.362821,-71.578105,0,0,7,1,2,0,1,0,1504.4250000000002,2.0,2,0,1.0,7,25,241.0,0.6411767862503931,77.2408324916572,78.204125011303,10.595705083047717,1107.223861768016,193412.3169164882,10322.272,1495.236,1749.739,7077.2970000000005,2886.595,7435.677000000001,27.964725207783708,2,2,0,0,0,37.0,30.0,44.0,1.0,0.0,0.0,0.0,2,0,0.0,0.0,1.0,1.0,0.0,1.0,1.0,0.0,0.0,0.0,0,0,2021,12,16,3,0,1,0,1,0,1,LEVE,0
10,1,14,2,7,4,-12.252695,-76.898016,0,0,7,0,2,2,2,2,6543.555,2.0,4,4,1.0,14,33,1198.0,0.6909236767275176,78.41626133969348,70.97436336767564,9.826485374940413,1476.8351947609171,95908.53319057816,7626.313,1683.4029999999998,1599.0829999999996,4343.827000000001,1814.875,5811.438000000001,23.797541485643197,3,2,0,0,1,33.5,32.0,35.0,1.0,1.0,0.0,0.0,2,0,0.0,0.0,0.0,1.0,1.0,0.0,1.0,0.0,1.0,0.0,1,0,2021,1,14,3,0,0,0,1,0,1,LEVE,0
0,1,3,2,4,1,-16.407988,-71.609071,0,4,7,1,2,1,1,0,1504.4250000000002,2.0,2,0,1.0,7,25,241.0,0.6689013265491138,80.68275010974979,77.5560025217936,10.466309714908672,1190.454984819332,14385.036402569593,10322.272,1495.236,1749.739,7077.2970000000005,2886.595,7435.677000000001,27.964725207783708,2,1,0,1,0,29.0,29.0,29.0,1.0,0.0,0.0,1.0,1,0,0.0,0.0,1.0,0.0,0.0,0.0,1.0,0.0,0.0,0.0,18,2,2025,7,24,3,0,1,0,1,0,1,LEVE,0
3,2,3,2,3,4,-16.35972,-72.204468,0,3,1,1,2,2,2,0,6543.555,2.0,4,4,1.0,14,33,1198.0,0.6077843615696785,76.53072135400231,69.81276959706165,8.77367759087771,1135.5159013374655,74658.55888650964,10322.272,1495.236,1749.739,7077.2970000000005,2886.595,7435.677000000001,27.964725207783708,2,2,0,0,0,35.5,24.0,47.0,1.0,0.0,0.0,0.0,2,0,0.0,1.0,0.0,1.0,1.0,0.0,1.0,1.0,0.0,0.0,11,1,2024,6,7,4,0,0,0,1,0,1,LEVE,0
0,1,1,2,2,4,-9.663039536688188,-77.467772744454,0,3,7,0,4,2,2,2,6543.555,2.0,4,4,1.0,14,33,1198.0,0.3221880038524312,74.4958654901739,52.39022079051925,5.660975440982674,299.7877491538902,1871.4304068522488,10767.648,1885.0630000000003,1222.721,7659.864000000001,2100.343,8667.305000000002,19.506051832303577,2,1,0,1,0,38.0,38.0,38.0,1.0,0.0,0.0,1.0,1,0,0.0,0.0,0.0,1.0,1.0,0.0,0.0,1.0,0.0,0.0,7,1,2021,5,5,2,0,0,0,1,0,1,LEVE,0
2,1,14,2,2,4,-11.905014,-77.041267,0,3,0,1,2,2,2,0,6543.555,2.0,4,4,1.0,14,33,1198.0,0.7218926988400113,80.0902077245261,77.9581888264889,10.971588327733102,1458.3206086290393,530000.3426124197,7626.313,1683.4029999999998,1599.0829999999996,4343.827000000001,1814.875,5811.438000000001,23.797541485643197,2,1,1,0,1,37.0,33.0,40.0,0.0,0.0,0.0,0.0,1,1,1.0,0.0,0.0,0.0,0.0,0.0,0.0,0.0,0.0,1.0,11,1,2022,11,25,4,0,1,0,1,0,1,LEVE,0
3,2,20,0,4,0,-15.462980728590637,-70.35911939377426,0,4,0,1,2,2,2,6,6543.555,2.0,4,4,1.0,14,33,1198.0,0.4451745613783446,70.98869115444882,66.61608433572192,7.63470007837118,577.3173462752228,10293.640256959316,13642.312999999998,2020.7790000000005,2354.117,9267.416999999998,3314.0520000000006,10328.260999999997,24.29244952817019,2,2,0,0,0,29.0,14.0,44.0,1.0,1.0,0.0,0.0,2,0,0.0,0.0,0.0,1.0,1.0,1.0,0.0,0.0,1.0,1.0,20,2,2023,7,21,4,0,1,2,1,0,1,LEVE,0
3,1,18,0,4,1,-10.892565,-76.081715,0,4,7,1,2,0,1,2,9936.932,2.0,2,0,1.0,9,32,3830.0,0.3809805024475937,74.2650289070001,82.89783498714431,7.452077577745868,324.00556378663055,3505.5546038543894,3677.119863,564.5869999999999,910.845,2201.687863000001,590.8779999999998,3086.2418630000006,16.06904376290656,5,2,0,0,3,39.0,27.0,51.0,1.0,0.0,0.0,1.0,2,0,0.0,0.0,0.0,1.0,0.0,1.0,0.0,0.0,0.0,0.0,14,3,2023,9,15,4,0,1,2,1,0,1,GRAVE_LESIONADOS,1
3,1,3,0,4,3,-15.582881,-72.022953,6,5,6,2,6,2,2,0,6543.555,2.0,4,4,1.0,14,33,1198.0,0.4512227472509864,76.02614636816648,66.02506216219282,7.284938196362132,562.293300296463,2045.473233404711,10322.272,1495.236,1749.739,7077.2970000000005,2886.595,7435.677000000001,27.964725207783708,11,1,0,0,10,48.0,48.0,48.0,1.0,1.0,0.0,0.0,1,0,0.0,0.0,0.0,1.0,0.0,0.0,1.0,0.0,0.0,0.0,22,2,2023,6,27,1,0,1,0,1,0,1,GRAVE_LESIONADOS,1
6,1,19,0,4,1,-5.8306,-79.4774,0,4,7,0,2,1,0,2,305.38500000000005,2.0,2,0,1.0,1,20,50.0,0.2117580020098525,65.37756662211437,42.30794939557186,3.975264599118591,171.62326554814578,38712.25053533191,8965.846000060003,1782.4120000599992,636.9959999999999,6546.438000000004,2214.505000059999,6751.341000000004,24.699342371541725,2,1,0,0,1,42.0,42.0,42.0,1.0,1.0,0.0,0.0,1,0,0.0,1.0,0.0,0.0,0.0,0.0,1.0,0.0,1.0,0.0,5,0,2023,5,22,0,0,1,0,1,0,1,GRAVE_MORTALIDAD,2
6,1,12,0,4,2,-8.491679881618504,-78.61668929848877,0,4,7,1,1,2,2,2,6543.555,2.0,4,4,1.0,14,33,1198.0,0.4971504606547645,77.79759708660042,46.44666297237219,6.322206801902116,929.9716106661404,44368.59100642397,8931.828000000005,1335.5899999999997,1935.9830000000004,5660.255000000005,1219.309,7712.519000000005,13.651281686122925,1,1,0,0,0,23.0,23.0,23.0,1.0,1.0,0.0,0.0,1,0,0.0,0.0,0.0,1.0,1.0,0.0,0.0,0.0,0.0,0.0,20,2,2021,10,23,5,1,1,0,1,0,1,LEVE,0
6,1,21,2,4,2,-6.132131,-77.110711,0,0,7,1,2,2,2,2,6543.555,2.0,4,4,1.0,14,33,1198.0,0.4209273482033048,73.3551698063197,46.02617740809915,5.54816545192792,689.4538596354846,31717.576017130617,5645.136,815.0759999999999,965.298,3864.762,1013.406,4631.73,17.95184385283189,1,1,0,0,0,24.0,24.0,24.0,1.0,1.0,0.0,0.0,1,0,0.0,0.0,0.0,1.0,1.0,0.0,0.0,1.0,1.0,1.0,21,2,2024,6,22,5,1,1,1,1,0,1,LEVE,0
0,1,14,2,2,4,-12.225485914938512,-76.93954752444843,0,0,1,1,2,2,2,0,6543.555,2.0,4,4,1.0,14,33,1198.0,0.6990481232857558,80.14597904142546,74.3851677794309,10.004397644056358,1432.5044292531525,459161.0728051392,7626.313,1683.4029999999998,1599.0829999999996,4343.827000000001,1814.875,5811.438000000001,23.797541485643197,2,1,0,1,0,35.0,35.0,35.0,0.0,0.0,0.0,0.0,1,0,0.0,0.0,1.0,0.0,1.0,0.0,0.0,0.0,1.0,0.0,10,1,2024,7,11,3,0,0,0,1,0,1,LEVE,0
6,1,3,0,4,1,-16.344522,-72.13654,0,4,0,0,2,0,1,0,6639.975,2.0,2,0,1.0,9,31,1616.0,0.5720725206664474,78.53840186011904,57.5697104027295,7.777745967619804,1085.592882361789,957.152034261242,10322.272,1495.236,1749.739,7077.2970000000005,2886.595,7435.677000000001,27.964725207783708,44,1,0,0,43,40.0,40.0,40.0,1.0,0.0,0.0,0.0,1,0,0.0,0.0,1.0,0.0,0.0,0.0,1.0,0.0,0.0,0.0,5,0,2024,2,3,5,1,0,0,1,0,1,GRAVE_LESIONADOS,1
0,1,5,0,4,2,-7.043479,-79.058026,2,3,7,1,1,2,2,2,6543.555,2.0,4,4,1.0,14,33,1198.0,0.372723909299457,74.34827059692671,35.448524144994494,4.849506858760167,597.455644915932,3048.1563169164883,15935.565011852366,1733.9250000199986,935.692,13265.948011832368,2000.1670000199988,13935.398011832369,12.551591352627522,2,1,0,1,0,21.0,21.0,21.0,1.0,0.0,0.0,1.0,1,0,0.0,0.0,0.0,1.0,1.0,0.0,0.0,1.0,0.0,1.0,20,2,2023,10,17,1,0,1,2,1,0,1,LEVE,0
1,1,13,0,4,1,-6.6648402,-79.923696,5,4,7,1,2,2,2,0,6543.555,3.0,2,0,1.0,0,30,1475.0,0.5539280527450423,74.69452916859504,66.89728158703436,9.542777400516576,872.5509264417765,79617.09421841543,3459.691,515.0619999999999,689.7280000000001,2254.901,703.3549999999999,2756.336,20.329994788551925,2,1,1,1,0,37.0,33.0,40.0,0.0,0.0,0.0,0.0,1,1,1.0,0.0,0.0,0.0,0.0,0.0,0.0,0.0,0.0,1.0,20,2,2022,8,6,5,1,0,0,1,1,1,LEVE,0
6,1,8,0,4,1,-12.517558839041,-74.9650809408018,0,4,7,1,2,2,2,0,1482.81,1.0,1,3,0.0,9,16,270.0,0.2801642166208027,68.87893983955698,56.77777118363479,4.867314215710151,246.65372283067316,6425.578158458245,8511.426,1445.3929999999996,2008.516,5057.516999999999,1879.579,6631.846999999998,22.08300935706896,4,1,0,0,3,41.0,41.0,41.0,1.0,0.0,0.0,0.0,1,0,0.0,0.0,0.0,1.0,0.0,1.0,0.0,0.0,0.0,0.0,2,0,2025,3,30,6,1,1,2,1,0,1,GRAVE_MORTALIDAD,2
1,0,14,2,4,1,-12.016930624496403,-76.89219493519806,0,2,7,1,2,2,2,0,875.67,2.0,2,0,1.0,3,14,156.0,0.6868549636939637,79.62363164345142,76.30894566128948,9.209137883551294,1425.4498631666322,684921.8484148846,7626.313,1683.4029999999998,1599.0829999999996,4343.827000000001,1814.875,5811.438000000001,23.797541485643197,2,1,1,1,0,37.0,33.0,40.0,0.0,0.0,0.0,0.0,1,1,1.0,0.0,0.0,0.0,0.0,0.0,0.0,0.0,0.0,0.0,21,2,2021,4,13,1,0,0,0,1,0,1,LEVE,0
3,2,6,2,2,4,-12.0142975,-77.104825716,0,0,7,1,2,1,1,2,6543.555,2.0,4,4,1.0,14,33,1198.0,0.5563774842369664,77.00938809632027,69.10246351364754,8.476961866273152,914.8835608305218,27932.19700214133,51.58600000000001,44.68700000000001,6.899000000000001,0.0,49.838000000000015,1.748,96.61148373589734,3,2,0,1,0,46.0,46.0,46.0,1.0,0.0,0.0,0.0,2,0,0.0,0.0,0.0,1.0,0.0,1.0,0.0,0.0,1.0,0.0,10,1,2023,6,11,6,1,0,2,1,0,0,LEVE,0
0,1,7,0,4,1,-13.18870558,-70.56733807,7,4,4,0,2,1,0,2,3263.58,2.0,2,0,1.0,5,18,566.0,0.456269323491559,57.22814439496783,65.7020880165366,7.857170607722528,858.4104388154956,2071.82869379015,17779.13499998999,2097.3709999899997,2863.123,12818.640999999989,2878.713,14900.421999989989,16.19152450331032,2,1,0,1,0,40.0,40.0,40.0,1.0,0.0,0.0,0.0,1,0,0.0,0.0,0.0,1.0,0.0,1.0,0.0,0.0,0.0,0.0,15,3,2022,9,20,1,0,1,2,1,0,1,LEVE,0
3,2,3,2,4,1,-16.424584,-71.505872,0,3,1,1,2,2,2,0,1101.78,1.0,5,2,0.0,9,32,202.0,0.6497628344872909,78.50677470622946,79.58517547019379,10.832141867699551,1100.753355561081,126056.75374732334,10322.272,1495.236,1749.739,7077.2970000000005,2886.595,7435.677000000001,27.964725207783708,4,2,0,0,2,26.5,26.0,27.0,1.0,0.0,0.0,0.0,2,0,0.0,0.0,0.0,1.0,1.0,1.0,0.0,0.0,0.0,0.0,23,2,2024,5,25,5,1,1,0,1,0,1,LEVE,0
1,1,22,0,4,1,-18.292291,-70.316267,0,4,7,1,2,2,2,2,6639.975,2.0,2,0,1.0,9,31,1616.0,0.6966125262955101,76.67066141771582,75.49195828278967,11.654573086271489,1371.819928142763,74177.24411134903,2650.572,630.6729999999998,487.3610000000001,1532.5379999999998,1068.7019999999998,1581.87,40.31967439480987,2,1,1,1,0,37.0,33.0,40.0,0.0,0.0,0.0,0.0,1,1,1.0,0.0,0.0,0.0,0.0,0.0,0.0,0.0,0.0,1.0,19,2,2022,11,26,5,1,1,0,1,0,1,LEVE,0
1,1,20,2,4,1,-15.4534463,-70.140514,0,0,7,1,2,2,2,2,7586.903,2.0,2,0,1.0,9,5,1198.0,0.5225679967471315,73.87568641139362,79.22999870887685,8.745562804731529,728.6643223924281,65445.28409703769,13642.312999999998,2020.7790000000005,2354.117,9267.416999999998,3314.0520000000006,10328.260999999997,24.29244952817019,2,1,1,1,0,37.0,33.0,40.0,0.0,0.0,0.0,0.0,1,1,1.0,0.0,0.0,0.0,0.0,0.0,0.0,0.0,0.0,1.0,22,2,2021,11,6,5,1,0,2,1,0,1,LEVE,0
3,3,13,2,4,1,-6.152203,-79.710059,7,3,7,1,2,1,0,0,1305.18,2.0,2,0,1.0,1,20,163.0,0.4974674218418852,75.93907983080418,58.3357972839862,7.69595447676265,761.2908213145297,28734.96573875803,3459.691,515.0619999999999,689.7280000000001,2254.901,703.3549999999999,2756.336,20.329994788551925,3,3,0,0,0,44.333333333333336,20.0,70.0,1.0,1.0,0.0,1.0,3,0,0.0,1.0,1.0,1.0,1.0,0.0,1.0,1.0,1.0,0.0,11,1,2021,1,12,1,0,0,0,1,0,1,LEVE,0
6,1,5,0,4,1,-6.677202,-78.4457155,5,4,7,0,1,2,2,2,6543.555,3.0,2,0,1.0,0,30,1475.0,0.3484871558022944,76.33677469666252,53.28672218475212,4.131981838863427,447.1658531581213,76209.5845824411,15935.565011852366,1733.9250000199986,935.692,13265.948011832368,2000.1670000199988,13935.398011832369,12.551591352627522,5,1,0,0,4,55.0,55.0,55.0,1.0,0.0,0.0,1.0,1,0,0.0,1.0,0.0,0.0,0.0,0.0,1.0,0.0,0.0,0.0,6,1,2025,2,18,1,0,1,2,1,1,1,GRAVE_LESIONADOS,1
3,2,20,0,4,3,-14.916700760306144,-70.15833731195083,0,4,0,1,7,2,2,2,6543.555,2.0,4,4,1.0,14,33,1198.0,0.4384088880022875,66.28408395269946,71.45267205250292,8.282733608109961,563.5418969725097,28239.627408993576,13642.312999999998,2020.7790000000005,2354.117,9267.416999999998,3314.0520000000006,10328.260999999997,24.29244952817019,2,2,0,0,0,55.5,46.0,65.0,1.0,0.0,0.0,0.0,2,0,0.0,0.0,0.0,1.0,1.0,0.0,1.0,0.0,1.0,1.0,9,1,2022,1,5,2,0,0,2,1,0,1,LEVE,0
6,1,20,0,4,0,-14.761245337213078,-69.98398249345642,0,4,0,1,7,1,0,5,6543.555,2.0,4,4,1.0,14,33,1198.0,0.2703664339761765,66.68338818571706,75.95280389907683,5.485681327527101,192.93444381627555,7594.096359743041,13642.312999999998,2020.7790000000005,2354.117,9267.416999999998,3314.0520000000006,10328.260999999997,24.29244952817019,2,1,0,0,1,33.0,33.0,33.0,1.0,1.0,0.0,0.0,1,0,0.0,0.0,0.0,1.0,0.0,0.0,1.0,1.0,0.0,0.0,4,0,2021,5,25,1,0,1,2,1,0,1,LEVE,0