CLASE SINIESTRO,CANTIDAD DE VEHICULOS DAÑADOS,DEPARTAMENTO,ZONA,TIPO DE VÍA,RED VIAL,COORDENADAS LATITUD,COORDENADAS  LONGITUD,CONDICIÓN CLIMÁTICA,ZONIFICACIÓN,CARACTERÍSTICAS DE VÍA,PERFIL LONGITUDINAL VÍA,SUPERFICIE DE CALZADA,¿EXISTE SEÑAL VERTICAL?,¿EXISTE SEÑAL HORIZONTAL?,CAUSA FACTOR PRINCIPAL,MTC_RVN_LONGITUD_KM,MTC_RVN_N_CARRILES_MEDIANA,MTC_RVN_SUPERFICIE_DOMINANTE,MTC_RVN_ESTADO_DOMINANTE,MTC_RVN_ES_CONCESIONADA,MTC_RVN_CONCESION_PRINCIPAL,MTC_RVN_CORREDOR_LOGISTICO,MTC_RVN_N_TRAMOS,IDH_2019,IDH_ESP_VIDA_2019,IDH_EDUC_SECUND_PCT_2019,IDH_ANIOS_EDUC_2019,IDH_INGRESO_PERCAP_2019,IDH_POBLACION_2019,MTC_DEP_RED_TOTAL_KM,MTC_DEP_NACIONAL_TOTAL_KM,MTC_DEP_DEPARTAMENTAL_TOTAL_KM,MTC_DEP_VECINAL_TOTAL_KM,MTC_DEP_PAV_TOTAL_KM,MTC_DEP_NO_PAV_TOTAL_KM,MTC_DEP_PCT_PAVIMENTADA,PER_TOTAL_PERSONAS,PER_N_CONDUCTORES,PER_N_CONDUCTORES_FUGADOS,PER_N_PEATONES,PER_N_PASAJEROS_OCUPANTES,PER_EDAD_COND_PROM,PER_EDAD_COND_MIN,PER_EDAD_COND_MAX,PER_ANY_COND_MASCULINO,PER_ANY_LIC_PROBLEMA,PER_ANY_DOSAJE_POS,PER_ANY_DOSAJE_EVALUADO,VEH_TOTAL,VEH_N_FUGADOS,VEH_ANY_FUGADO,VEH_ANY_CARGA,VEH_ANY_PUBLICO,VEH_ANY_PARTICULAR,VEH_ANY_MOTO,VEH_ANY_AUTO,VEH_ANY_CAMION_BUS,VEH_ANY_SOAT_PROBLEMA,VEH_ANY_CITV_PROBLEMA,VEH_ANY_SEGURO_PROBLEMA,HORA_NUM,FRANJA_HORARIA,ANIO,MES,DIA_MES,DIA_SEMANA,ES_FIN_SEMANA,ES_QUINCENA,REGION_NATURAL,TIENE_SEÑALIZACION,ES_VIA_MULTICARRIL,ES_DEPTO_BAJO_PAVIMENTO,CATEGORIA_SEVERIDAD,CATEGORIA_SEVERIDAD_ENC
0,1,7,0,4,1,-13.563295,-71.841146,0,4,7,1,2,0,1,4,7586.903,2.0,2,0,1.0,9,5,1198.0,0.5196848738299176,77.87933372563211,69.4675909511807,8.375864983409588,727.1162363854935,6457.1220556745175,17779.13499998999,2097.3709999899997,2863.123,12818.640999999989,2878.713,14900.421999989989,16.19152450331032,2,1,0,1,0,27.0,27.0,27.0,1.0,0.0,0.0,1.0,1,0,0.0,0.0,0.0,1.0,0.0,1.0,0.0,0.0,0.0,0.0,18,2,2023,7,23,6,1,1,2,1,0,1,LEVE,0
10,1,3,2,3,4,-16.498478,-71.846176,0,3,1,1,2,2,2,0,6543.555,2.0,4,4,1.0,14,33,1198.0,0.6105481451420971,78.10653088113892,68.35418098658066,8.411557426919764,1158.5430895193692,35025.678800856535,10322.272,1495.236,1749.739,7077.2970000000005,2886.595,7435.677000000001,27.964725207783708,1,1,0,0,0,33.0,33.0,33.0,0.0,0.0,0.0,0.0,1,0,0.0,0.0,0.0,1.0,0.0,0.0,0.0,1.0,1.0,1.0,17,3,2022,11,13,6,1,0,0,1,0,1,LEVE,0
6,1,12,0,4,2,-7.7275,-79.321517,0,4,7,1,2,2,2,6,6543.555,2.0,4,4,1.0,14,33,1198.0,0.5345074857798321,76.79673752589963,64.57887254166187,7.835494818831411,867.2803588353443,27037.03854389721,8931.828000000005,1335.5899999999997,1935.9830000000004,5660.255000000005,1219.309,7712.519000000005,13.651281686122925,1,1,0,0,0,50.0,50.0,50.0,1.0,1.0,0.0,0.0,1,0,0.0,0.0,0.0,1.0,1.0,0.0,0.0,1.0,0.0,1.0,1,0,2021,7,10,5,1,0,0,1,0,1,LEVE,0
0,1,14,2,2,4,-11.89564768,-77.02957181,0,0,1,0,2,2,2,2,6543.555,2.0,4,4,1.0,14,33,1198.0,0.6498693508177541,78.84967382596041,74.11456675539837,9.21786785255454,1246.479589064551,356854.23554603854,7626.313,1683.4029999999998,1599.0829999999996,4343.827000000001,1814.875,5811.438000000001,23.797541485643197,2,1,0,1,0,57.0,57.0,57.0,1.0,0.0,0.0,0.0,1,0,0.0,0.0,0.0,0.0,0.0,1.0,0.0,0.0,1.0,0.0,4,0,2023,1,7,5,1,0,0,1,0,1,LEVE,0
0,1,7,0,4,3,-14.7186887,-71.587381,0,4,7,1,7,2,2,1,6543.555,2.0,4,4,1.0,14,33,1198.0,0.2895499003381874,68.53788948078248,75.55107873554218,4.362279816701996,258.3477698263705,14410.650963597433,17779.13499998999,2097.3709999899997,2863.123,12818.640999999989,2878.713,14900.421999989989,16.19152450331032,2,1,0,1,0,18.0,18.0,18.0,1.0,1.0,0.0,1.0,1,0,0.0,0.0,0.0,1.0,0.0,1.0,0.0,0.0,0.0,0.0,16,3,2022,6,20,0,0,1,2,1,0,1,LEVE,0
0,1,7,0,4,1,-14.182470022437494,-71.36738053960617,0,4,7,1,2,2,2,4,7586.903,2.0,2,0,1.0,9,5,1198.0,0.4107458749971457,72.1547719826022,75.11691677377222,6.84079438286104,455.9087564374382,2466.282655246253,17779.13499998999,2097.3709999899997,2863.123,12818.640999999989,2878.713,14900.421999989989,16.19152450331032,2,1,0,1,0,47.0,47.0,47.0,1.0,0.0,0.0,1.0,1,0,0.0,0.0,0.0,1.0,0.0,0.0,1.0,1.0,1.0,0.0,19,2,2021,12,21,1,0,1,2,1,0,1,LEVE,0
3,2,21,0,4,1,-5.959961,-77.298212,0,4,7,1,2,1,0,2,7758.33400008,2.0,2,0,1.0,9,20,2133.0,0.4789759027469384,73.43778249935497,54.01635312204597,6.285279694551369,847.2910954428505,47552.6295503212,5645.136,815.0759999999999,965.298,3864.762,1013.406,4631.73,17.95184385283189,2,2,0,0,0,30.0,24.0,36.0,1.0,1.0,0.0,0.0,2,0,0.0,0.0,1.0,1.0,1.0,1.0,0.0,0.0,1.0,0.0,4,0,2023,4,29,5,1,1,1,1,0,1,LEVE,0
6,1,14,2,4,1,-12.020897643281268,-76.93441268832746,0,2,7,1,2,2,2,0,875.67,2.0,2,0,1.0,3,14,156.0,0.6831952456039544,78.60873873772867,74.49000793376607,10.00420210847705,1376.0472418044385,255143.7301927195,7626.313,1683.4029999999998,1599.0829999999996,4343.827000000001,1814.875,5811.438000000001,23.797541485643197,4,4,0,0,0,56.5,50.0,63.0,1.0,0.0,0.0,0.0,4,0,0.0,1.0,0.0,1.0,0.0,1.0,1.0,0.0,0.0,1.0,17,3,2024,11,7,3,0,0,0,1,0,1,LEVE,0
3,2,10,2,4,1,-14.005534,-75.766709,0,4,7,1,2,2,2,2,6639.975,2.0,2,0,1.0,9,31,1616.0,0.6053164595604621,78.88848309050202,67.63954639531094,9.133324993872453,1064.9426147896202,27932.19700214133,3721.461,698.1859999999996,744.866,2278.409,1102.9029999999996,2618.558,29.636290693359403,3,2,0,0,1,34.0,32.0,36.0,1.0,0.0,0.0,1.0,2,0,0.0,1.0,0.0,1.0,0.0,1.0,1.0,0.0,0.0,0.0,12,3,2021,2,7,6,1,0,0,1,0,1,GRAVE_MORTALIDAD,2
6,1,12,0,4,2,-8.012174998632194,-78.3037855466062,0,4,7,1,2,2,2,2,6543.555,2.0,4,4,1.0,14,33,1198.0,0.4320883936567258,76.718936301794,43.003289188979466,6.269065613037991,662.0777072841523,13167.552462526766,8931.828000000005,1335.5899999999997,1935.9830000000004,5660.255000000005,1219.309,7712.519000000005,13.651281686122925,5,1,1,0,4,37.0,33.0,40.0,0.0,0.0,0.0,0.0,1,0,0.0,0.0,1.0,0.0,1.0,0.0,0.0,1.0,0.0,1.0,19,2,2024,2,17,5,1,1,0,1,0,1,GRAVE_LESIONADOS,1
3,1,14,2,2,4,-12.370402,-76.789477,0,3,7,1,2,2,2,0,6543.555,2.0,4,4,1.0,14,33,1198.0,0.6997623570346938,76.1024633480164,67.4916969677081,10.594360693484372,1568.8925177861563,8292.871520342613,7626.313,1683.4029999999998,1599.0829999999996,4343.827000000001,1814.875,5811.438000000001,23.797541485643197,3,2,0,0,1,34.5,28.0,41.0,1.0,1.0,0.0,0.0,2,0,0.0,0.0,1.0,1.0,1.0,0.0,1.0,1.0,1.0,1.0,21,2,2025,1,29,2,0,1,0,1,0,1,LEVE,0
6,1,5,0,4,1,-5.469562,-78.97762,0,4,0,0,1,2,2,2,642.004,1.0,1,3,0.0,9,32,108.0,0.3164206576010904,77.94054805269259,33.8215197424298,4.794795612032947,366.3891204399247,20423.73661670236,15935.565011852366,1733.9250000199986,935.692,13265.948011832368,2000.1670000199988,13935.398011832369,12.551591352627522,7,1,0,0,6,64.0,64.0,64.0,1.0,0.0,0.0,1.0,1,0,0.0,0.0,0.0,1.0,0.0,0.0,1.0,0.0,0.0,0.0,20,2,2023,12,4,0,0,0,2,1,0,1,GRAVE_LESIONADOS,1
3,1,3,2,3,4,-16.4063,-71.563236,0,3,1,1,2,2,2,0,6543.555,2.0,4,4,1.0,14,33,1198.0,0.7653437300682744,78.6226545944725,83.51549406889337,13.790438975095991,1507.4228664951638,27292.80085653105,10322.272,1495.236,1749.739,7077.2970000000005,2886.595,7435.677000000001,27.964725207783708,2,2,0,0,0,39.0,31.0,47.0,1.0,1.0,0.0,0.0,2,0,0.0,1.0,0.0,1.0,1.0,0.0,1.0,0.0,1.0,1.0,15,3,2024,8,3,5,1,0,0,1,0,1,LEVE,0
3,2,12,2,2,4,-8.062323,-79.052442,0,0,1,1,2,2,2,2,6543.555,2.0,4,4,1.0,14,33,1198.0,0.5961574154611067,78.8610661942771,67.40352037574897,9.291971962737568,1010.620438228636,197397.5888650964,8931.828000000005,1335.5899999999997,1935.9830000000004,5660.255000000005,1219.309,7712.519000000005,13.651281686122925,2,2,0,0,0,31.5,20.0,43.0,1.0,1.0,0.0,0.0,2,0,0.0,0.0,1.0,1.0,1.0,0.0,1.0,0.0,0.0,0.0,21,2,2022,7,26,1,0,1,0,1,0,1,LEVE,0
0,1,11,2,4,1,-12.0463081,-75.2508535,0,3,1,1,2,1,1,0,196.88,2.0,2,0,1.0,3,32,35.0,0.570857606214118,71.93419820356702,79.22395362517479,9.891853727583106,907.4771296679614,20078.124197002144,12264.545,1826.4639999999995,1105.5389999999998,9332.542,1588.5359999999996,10676.009,12.952261987705208,2,1,0,1,0,34.0,34.0,34.0,1.0,0.0,0.0,0.0,1,0,0.0,1.0,0.0,0.0,0.0,0.0,1.0,0.0,0.0,0.0,23,2,2023,1,28,5,1,1,2,1,0,1,LEVE,0
3,2,14,2,2,4,-12.034806871808192,-77.02985840706565,0,3,1,1,2,2,2,0,6543.555,2.0,4,4,1.0,14,33,1198.0,0.7300036506368504,80.21724456394445,75.11639588359114,10.636845733066124,1559.041185521695,156759.78800856532,7626.313,1683.4029999999998,1599.0829999999996,4343.827000000001,1814.875,5811.438000000001,23.797541485643197,2,2,0,0,0,34.0,34.0,34.0,1.0,1.0,0.0,0.0,2,0,0.0,0.0,0.0,1.0,1.0,1.0,0.0,0.0,1.0,0.0,8,1,2021,2,24,2,0,1,0,1,0,1,LEVE,0
1,0,9,0,4,1,-9.431958843446022,-75.96656942106995,0,4,7,1,2,2,2,2,693.175,2.0,2,3,0.0,9,10,249.0,0.3514165953877426,72.32913425621899,38.30075589942594,4.884885065227305,505.1402346806649,9590.61670235546,8209.057,1333.4779999999996,791.9770000000001,6083.602,1059.8589999999997,7149.198,12.910849565303296,1,0,0,1,0,37.0,33.0,40.0,1.0,0.0,0.0,0.0,1,1,1.0,0.0,0.0,0.0,0.0,0.0,0.0,0.0,0.0,0.0,23,2,2021,6,23,2,0,1,2,1,0,1,LEVE,0
3,2,20,2,2,4,-15.511687,-70.125365,2,0,1,1,2,1,0,2,6543.555,2.0,4,4,1.0,14,33,1198.0,0.5759734352119,73.55929462493827,78.89306383943827,10.174966342239475,888.1716010638444,232834.39603082248,13642.312999999998,2020.7790000000005,2354.117,9267.416999999998,3314.0520000000006,10328.260999999997,24.29244952817019,3,2,0,0,1,37.0,34.0,40.0,1.0,1.0,1.0,1.0,2,1,1.0,0.0,0.0,1.0,1.0,1.0,0.0,1.0,1.0,0.0,20,2,2021,1,8,4,0,0,2,1,0,1,LEVE,0
0,0,20,2,6,4,-15.32126358,-69.34099316,0,3,7,1,4,2,2,4,6543.555,2.0,4,4,1.0,14,33,1198.0,0.1378993509884547,74.32834783624571,55.05528653195324,5.045628000501996,57.16427646570867,2985.0706638115626,13642.312999999998,2020.7790000000005,2354.117,9267.416999999998,3314.0520000000006,10328.260999999997,24.29244952817019,2,1,0,1,0,66.0,66.0,66.0,1.0,0.0,0.0,0.0,1,0,0.0,0.0,0.0,1.0,0.0,0.0,1.0,0.0,0.0,0.0,10,1,2021,4,10,5,1,0,2,1,0,1,LEVE,0
2,1,6,2,4,1,-11.889928212601054,-77.12605166149483,0,2,2,1,4,2,2,0,139.23,-1.0,2,0,0.0,9,32,69.0,0.5563774842369664,77.00938809632027,69.10246351364754,8.476961866273152,914.8835608305218,27932.19700214133,51.58600000000001,44.68700000000001,6.899000000000001,0.0,49.838000000000015,1.748,96.61148373589734,2,1,0,0,1,22.0,22.0,22.0,1.0,1.0,0.0,1.0,1,0,0.0,0.0,1.0,0.0,0.0,0.0,1.0,1.0,1.0,1.0,23,2,2022,8,4,3,0,0,2,1,0,0,LEVE,0
6,1,12,0,4,3,-7.057669990264186,-77.76739414398182,0,4,7,1,1,2,2,0,6543.555,2.0,4,4,1.0,14,33,1198.0,0.2967575668558554,78.85276608267903,34.37675968385336,5.605263722910016,271.47481058898694,2253.8479657387584,8931.828000000005,1335.5899999999997,1935.9830000000004,5660.255000000005,1219.309,7712.519000000005,13.651281686122925,3,1,0,0,2,28.0,28.0,28.0,1.0,0.0,0.0,0.0,1,0,0.0,1.0,0.0,0.0,0.0,0.0,1.0,0.0,0.0,0.0,10,1,2024,12,12,3,0,0,0,1,0,1,GRAVE_MORTALIDAD,2
3,2,20,0,4,0,-14.361764812056052,-69.82151095208351,0,4,7,1,2,2,2,2,6543.555,2.0,4,4,1.0,14,33,1198.0,0.3798276108256661,68.84580694362505,77.07589080107745,6.406956319418527,404.6387989593952,8968.678800856529,13642.312999999998,2020.7790000000005,2354.117,9267.416999999998,3314.0520000000006,10328.260999999997,24.29244952817019,5,2,0,0,3,54.5,45.0,64.0,1.0,0.0,0.0,0.0,2,0,0.0,1.0,1.0,0.0,0.0,0.0,1.0,1.0,1.0,1.0,18,2,2022,3,11,4,0,0,2,1,0,1,GRAVE_LESIONADOS,1
1,1,12,2,2,4,-8.101958,-79.010376,0,0,7,1,2,2,2,2,6543.555,2.0,4,4,1.0,14,33,1198.0,0.7151155191839451,79.57652607829836,77.25576500264712,11.809756866444314,1377.9438475528384,331253.00214132766,8931.828000000005,1335.5899999999997,1935.9830000000004,5660.255000000005,1219.309,7712.519000000005,13.651281686122925,2,1,0,1,0,24.0,24.0,24.0,1.0,0.0,0.0,1.0,1,0,0.0,0.0,0.0,1.0,0.0,1.0,0.0,0.0,0.0,0.0,9,1,2022,7,24,6,1,1,0,1,0,1,LEVE,0
3,1,3,0,4,1,-15.8148516603397,-71.0664846432553,0,4,7,1,2,2,2,0,1504.4250000000002,2.0,2,0,1.0,7,25,241.0,0.4498224071382834,81.63336343193146,58.84842497065013,5.774685730039019,620.6584683449911,1358.612419700214,10322.272,1495.236,1749.739,7077.2970000000005,2886.595,7435.677000000001,27.964725207783708,2,2,0,0,0,39.5,32.0,47.0,1.0,0.0,0.0,0.0,2,0,0.0,1.0,0.0,1.0,0.0,1.0,1.0,0.0,0.0,0.0,11,1,2024,10,24,3,0,1,0,1,0,1,LEVE,0
6,1,19,2,2,4,-4.10401028138664,-81.04727978228925,0,3,7,1,2,2,2,0,6543.555,2.0,4,4,1.0,14,33,1198.0,0.5613901522381595,77.47576404946955,66.04340734105507,8.857721851896988,905.3640426988286,14044.605995717344,8965.846000060003,1782.4120000599992,636.9959999999999,6546.438000000004,2214.505000059999,6751.341000000004,24.699342371541725,1,1,0,0,0,41.0,41.0,41.0,1.0,0.0,0.0,0.0,1,0,0.0,0.0,0.0,1.0,1.0,0.0,0.0,1.0,0.0,0.0,12,3,2021,7,3,5,1,0,0,1,0,1,LEVE,0
6,1,10,2,4,1,-14.014031,-75.763981,0,3,7,1,2,2,2,0,6639.975,2.0,2,0,1.0,9,31,1616.0,0.6350781586942635,79.3721196581268,77.51375521876884,10.809406137631074,1028.5280705927485,31104.417558886507,3721.461,698.1859999999996,744.866,2278.409,1102.9029999999996,2618.558,29.636290693359403,1,1,0,0,0,26.0,26.0,26.0,1.0,0.0,0.0,0.0,1,0,0.0,0.0,0.0,1.0,1.0,0.0,0.0,1.0,1.0,1.0,2,0,2022,5,1,6,1,0,0,1,0,1,LEVE,0
3,2,21,0,4,1,-7.08700928856264,-76.6352227872794,7,4,7,1,2,1,0,2,7758.33400008,2.0,2,0,1.0,9,20,2133.0,0.5109244470140767,79.0743465376581,57.46454788896867,7.337576635188861,805.6039753673758,646.3297644539614,5645.136,815.0759999999999,965.298,3864.762,1013.406,4631.73,17.95184385283189,3,2,0,0,1,40.0,26.0,54.0,1.0,0.0,0.0,1.0,2,0,0.0,0.0,0.0,1.0,1.0,1.0,0.0,0.0,0.0,0.0,9,1,2021,5,17,0,0,1,1,1,0,1,LEVE,0
6,1,14,2,2,4,-12.035437190552424,-76.99949913423981,0,3,7,1,2,2,2,0,6543.555,2.0,4,4,1.0,14,33,1198.0,0.6970617810314195,81.40501156526744,73.5715154770137,9.635174408411393,1428.892506292977,203379.9271948608,7626.313,1683.4029999999998,1599.0829999999996,4343.827000000001,1814.875,5811.438000000001,23.797541485643197,1,1,0,0,0,29.0,29.0,29.0,1.0,0.0,0.0,0.0,1,0,0.0,0.0,0.0,1.0,1.0,0.0,0.0,1.0,1.0,1.0,4,0,2022,11,21,0,0,1,0,1,0,1,LEVE,0
6,1,20,0,4,1,-14.211377970111968,-69.1442638354776,0,4,0,0,7,2,2,6,1762.84,2.0,1,0,0.0,9,32,485.0,0.4629523852366282,73.61440605434841,75.62287602956965,7.774247801106112,570.1655252176213,7845.668094218417,13642.312999999998,2020.7790000000005,2354.117,9267.416999999998,3314.0520000000006,10328.260999999997,24.29244952817019,2,1,0,0,1,36.0,36.0,36.0,1.0,1.0,0.0,0.0,1,0,0.0,0.0,0.0,1.0,0.0,1.0,0.0,0.0,1.0,0.0,6,1,2021,7,6,1,0,0,2,1,0,1,GRAVE_MORTALIDAD,2
3,1,14,2,2,4,-11.98006605,-77.07233094,0,0,1,0,2,2,2,0,6543.555,2.0,4,4,1.0,14,33,1198.0,0.758462599563312,80.5192231989937,79.20045639149897,11.33839041452458,1628.5661148492152,363987.54389721627,7626.313,1683.4029999999998,1599.0829999999996,4343.827000000001,1814.875,5811.438000000001,23.797541485643197,2,2,0,0,0,38.0,28.0,48.0,1.0,1.0,0.0,0.0,2,0,0.0,0.0,0.0,1.0,1.0,1.0,0.0,0.0,1.0,0.0,3,0,2023,6,19,0,0,1,0,1,0,1,LEVE,0
3,2,3,2,4,1,-16.5133522,-71.8084117,0,3,7,1,2,0,1,0,6639.975,2.0,2,0,1.0,9,31,1616.0,0.6105481451420971,78.10653088113892,68.35418098658066,8.411557426919764,1158.5430895193692,35025.678800856535,10322.272,1495.236,1749.739,7077.2970000000005,2886.595,7435.677000000001,27.964725207783708,6,2,1,0,4,49.0,49.0,49.0,1.0,0.0,0.0,0.0,2,0,0.0,0.0,0.0,1.0,0.0,1.0,0.0,0.0,0.0,0.0,12,3,2022,1,16,6,1,1,0,1,0,1,GRAVE_MORTALIDAD,2
1,2,9,2,4,1,-10.0134291517104,-76.2358841832359,0,2,7,1,2,2,2,4,9936.932,2.0,2,0,1.0,9,32,3830.0,0.6216164930359083,73.83445245401661,82.32001856648495,9.834238570262777,1100.9295903910202,39141.07922912206,8209.057,1333.4779999999996,791.9770000000001,6083.602,1059.8589999999997,7149.198,12.910849565303296,3,2,1,1,0,35.5,26.0,45.0,1.0,1.0,0.0,1.0,2,0,0.0,0.0,0.0,1.0,1.0,1.0,0.0,0.0,1.0,0.0,20,2,2022,1,23,6,1,1,2,1,0,1,LEVE,0
0,1,14,2,2,4,-11.9886123,-77.08101323,0,0,1,1,2,2,2,0,6543.555,2.0,4,4,1.0,14,33,1198.0,0.7419979630670723,80.31822295927182,79.00446395716813,11.084203715652809,1554.6868971011318,739416.2413542903,7626.313,1683.4029999999998,1599.0829999999996,4343.827000000001,1814.875,5811.438000000001,23.797541485643197,2,1,0,1,0,24.0,24.0,24.0,1.0,0.0,0.0,0.0,1,0,0.0,0.0,0.0,1.0,1.0,0.0,0.0,0.0,1.0,0.0,22,2,2022,12,19,0,0,1,0,1,0,1,LEVE,0
6,1,5,2,6,4,-7.630609,-78.044421,0,4,7,1,2,2,2,0,6543.555,2.0,4,4,1.0,14,33,1198.0,0.4384361875352846,76.70622362399591,49.95411505521511,6.195115114275008,648.0811197287633,31678.2869379015,15935.565011852366,1733.9250000199986,935.692,13265.948011832368,2000.1670000199988,13935.398011832369,12.551591352627522,1,1,0,0,0,18.0,18.0,18.0,1.0,1.0,0.0,0.0,1,0,0.0,0.0,0.0,1.0,1.0,0.0,0.0,1.0,0.0,1.0,7,1,2022,6,2,3,0,0,2,1,0,1,LEVE,0
6,1,5,0,4,2,-7.174738,-78.423229,0,4,0,0,2,1,1,0,6543.555,2.0,4,4,1.0,14,33,1198.0,0.3658867820676106,77.61736312988027,56.72232982291409,4.846126768330761,429.7048027279435,5469.092077087795,15935.565011852366,1733.9250000199986,935.692,13265.948011832368,2000.1670000199988,13935.398011832369,12.551591352627522,1,1,0,0,0,21.0,21.0,21.0,1.0,0.0,0.0,0.0,1,0,0.0,0.0,0.0,1.0,0.0,0.0,0.0,0.0,0.0,0.0,12,3,2021,2,4,3,0,0,2,1,0,1,LEVE,0
0,1,10,0,4,1,-13.4971638773255,-76.1402541059521,0,4,7,1,2,2,2,0,205.54999999999995,-1.0,2,0,1.0,13,31,15.0,0.575108675542622,80.48751485041296,69.97733945104977,8.91411717811534,891.3032819289404,12460.550321199144,3721.461,698.1859999999996,744.866,2278.409,1102.9029999999996,2618.558,29.636290693359403,2,1,0,1,0,22.0,22.0,22.0,1.0,0.0,0.0,0.0,1,0,0.0,0.0,0.0,1.0,0.0,1.0,0.0,0.0,1.0,0.0,18,2,2022,9,30,4,0,1,0,1,0,1,LEVE,0
6,1,2,0,4,3,-13.730434,-73.533048,6,5,6,2,6,2,2,0,6543.555,2.0,4,4,1.0,14,33,1198.0,0.3408071739097474,75.23025262685168,58.376232555499925,4.10569488726491,413.5769933900037,4035.9079229122062,8358.971,1282.451,1298.0969999999998,5778.423,1432.683,6926.288,17.139466089785454,3,1,0,0,2,52.0,52.0,52.0,1.0,1.0,0.0,0.0,1,0,0.0,1.0,0.0,0.0,0.0,0.0,1.0,1.0,1.0,1.0,20,2,2021,12,3,4,0,0,2,1,0,1,LEVE,0
6,1,14,2,6,4,-12.055281955401178,-77.07859939105998,0,3,7,1,2,2,2,0,6543.555,2.0,4,4,1.0,14,33,1198.0,0.7646845961658533,80.23682119426338,77.96082737891015,12.014176158371615,1633.787715186093,250806.0877944326,7626.313,1683.4029999999998,1599.0829999999996,4343.827000000001,1814.875,5811.438000000001,23.797541485643197,1,1,0,0,0,63.0,63.0,63.0,1.0,0.0,0.0,0.0,1,0,0.0,0.0,0.0,1.0,0.0,1.0,0.0,0.0,0.0,0.0,14,3,2024,8,4,6,1,0,0,1,0,1,LEVE,0
0,0,5,2,4,1,-7.20238724,-78.32503492,0,0,7,0,2,0,1,2,9936.932,2.0,2,0,1.0,9,32,3830.0,0.2723221878437338,73.9254469105048,35.794306883925714,3.6855018180311454,315.0310385486801,10335.051391862957,15935.565011852366,1733.9250000199986,935.692,13265.948011832368,2000.1670000199988,13935.398011832369,12.551591352627522,2,1,0,1,0,41.0,41.0,41.0,1.0,0.0,0.0,1.0,1,0,0.0,1.0,0.0,0.0,0.0,0.0,1.0,0.0,1.0,0.0,17,3,2021,5,25,1,0,1,2,1,0,1,LEVE,0
0,2,11,0,4,1,-11.521031,-75.905211,0,4,7,1,2,2,2,2,7586.903,2.0,2,0,1.0,9,5,1198.0,0.6211711217784234,75.51508523355102,70.90101252241288,10.049671623026311,1128.403546167389,8996.89721627409,12264.545,1826.4639999999995,1105.5389999999998,9332.542,1588.5359999999996,10676.009,12.952261987705208,2,1,0,1,0,37.0,37.0,37.0,1.0,0.0,0.0,0.0,1,0,0.0,0.0,0.0,1.0,0.0,1.0,0.0,0.0,0.0,0.0,7,1,2021,9,8,2,0,0,2,1,0,1,LEVE,0
1,1,14,2,2,4,-11.975885,-77.083015,0,0,7,1,2,2,2,0,6543.555,2.0,4,4,1.0,14,33,1198.0,0.758462599563312,80.5192231989937,79.20045639149897,11.33839041452458,1628.5661148492152,363987.54389721627,7626.313,1683.4029999999998,1599.0829999999996,4343.827000000001,1814.875,5811.438000000001,23.797541485643197,2,1,1,1,0,37.0,33.0,40.0,0.0,0.0,0.0,0.0,1,1,1.0,0.0,0.0,0.0,0.0,0.0,0.0,0.0,0.0,1.0,21,2,2022,12,13,1,0,0,0,1,0,1,LEVE,0
3,2,3,0,4,1,-17.086773,-71.916507,0,4,0,0,2,0,1,0,1926.94,2.0,2,0,1.0,9,32,393.0,0.6803071451955962,77.94466657583487,78.40700901768477,9.735921607047414,1363.7066157637946,944.9743040685224,10322.272,1495.236,1749.739,7077.2970000000005,2886.595,7435.677000000001,27.964725207783708,7,2,0,0,5,45.5,44.0,47.0,1.0,1.0,0.0,0.0,2,0,0.0,0.0,0.0,1.0,0.0,1.0,0.0,0.0,1.0,0.0,7,1,2024,2,4,6,1,0,0,1,0,1,GRAVE_LESIONADOS,1
0,0,20,2,4,1,-14.124600416139788,-69.06971989553416,0,0,7,1,2,2,2,4,1762.84,2.0,1,0,0.0,9,32,485.0,0.5563774842369664,77.00938809632027,69.10246351364754,8.476961866273152,914.8835608305218,27932.19700214133,13642.312999999998,2020.7790000000005,2354.117,9267.416999999998,3314.0520000000006,10328.260999999997,24.29244952817019,2,1,0,1,0,52.0,52.0,52.0,1.0,1.0,0.0,0.0,1,0,0.0,0.0,0.0,1.0,0.0,0.0,1.0,1.0,1.0,0.0,10,1,2021,8,14,5,1,0,2,1,0,1,LEVE,0
1,1,14,2,2,4,-12.005509,-76.864542,0,3,7,1,1,2,2,0,6543.555,2.0,4,4,1.0,14,33,1198.0,0.6831952456039544,78.60873873772867,74.49000793376607,10.00420210847705,1376.0472418044385,255143.7301927195,7626.313,1683.4029999999998,1599.0829999999996,4343.827000000001,1814.875,5811.438000000001,23.797541485643197,2,1,1,1,0,37.0,33.0,40.0,0.0,0.0,0.0,0.0,1,1,1.0,0.0,0.0,0.0,0.0,0.0,0.0,0.0,0.0,1.0,23,2,2022,12,19,0,0,1,0,1,0,1,LEVE,0
3,2,7,0,4,1,-12.649021047920526,-73.0487232648291,0,4,7,1,2,2,2,2,3447.8009999999995,1.0,2,3,0.0,9,12,1109.0,0.4297325556987851,76.15904795703717,58.63823936731875,6.097264629229048,579.625724446144,29458.58458244112,17779.13499998999,2097.3709999899997,2863.123,12818.640999999989,2878.713,14900.421999989989,16.19152450331032,2,2,0,0,0,49.5,33.0,66.0,1.0,1.0,0.0,0.0,2,0,0.0,0.0,0.0,1.0,1.0,0.0,0.0,1.0,1.0,1.0,20,2,2022,6,19,6,1,1,2,1,0,1,LEVE,0
3,2,12,0,4,1,-7.530991,-78.806241,0,4,7,1,2,2,2,2,748.6850000000001,2.0,2,0,0.0,9,32,215.0,0.4144948105238412,73.49794254671177,44.13055421963416,5.896171723235377,643.6779310318752,13394.107066381155,8931.828000000005,1335.5899999999997,1935.9830000000004,5660.255000000005,1219.309,7712.519000000005,13.651281686122925,3,2,0,0,1,50.0,44.0,56.0,1.0,1.0,1.0,1.0,2,0,0.0,1.0,0.0,1.0,1.0,0.0,1.0,0.0,0.0,0.0,7,1,2021,2,23,1,0,1,0,1,0,1,LEVE,0
6,1,12,0,4,0,-8.46669395856624,-78.38256954450443,0,4,7,1,7,2,2,0,6543.555,2.0,4,4,1.0,14,33,1198.0,0.4971504606547645,77.79759708660042,46.44666297237219,6.322206801902116,929.9716106661404,44368.59100642397,8931.828000000005,1335.5899999999997,1935.9830000000004,5660.255000000005,1219.309,7712.519000000005,13.651281686122925,3,1,0,0,2,33.0,33.0,33.0,1.0,0.0,0.0,0.0,1,0,0.0,1.0,0.0,0.0,0.0,0.0,1.0,1.0,1.0,1.0,22,2,2024,11,29,4,0,1,0,1,0,1,LEVE,0
6,1,14,2,4,1,-10.67120414605662,-76.76976285249098,0,4,0,0,2,1,0,0,1422.177,2.0,2,0,0.0,9,19,698.0,0.6329626849738527,79.69467338238256,55.60978991784313,10.43485646497054,1214.2298061072966,14347.565310492504,7626.313,1683.4029999999998,1599.0829999999996,4343.827000000001,1814.875,5811.438000000001,23.797541485643197,2,1,0,0,1,22.0,22.0,22.0,1.0,1.0,0.0,0.0,1,0,0.0,0.0,0.0,1.0,1.0,0.0,0.0,1.0,0.0,0.0,15,3,2021,3,19,4,0,1,0,1,0,1,GRAVE_MORTALIDAD,2
10,2,9,0,4,1,-9.627556,-76.064694,0,4,0,1,2,2,2,2,693.175,2.0,2,3,0.0,9,10,249.0,0.3096549989431256,76.17431233061522,44.8813332706993,3.774794268602337,378.47949303176176,19256.764453961456,8209.057,1333.4779999999996,791.9770000000001,6083.602,1059.8589999999997,7149.198,12.910849565303296,3,2,0,0,1,45.0,40.0,50.0,1.0,0.0,0.0,0.0,2,0,0.0,1.0,1.0,0.0,1.0,0.0,1.0,0.0,0.0,0.0,15,3,2022,4,1,4,0,0,2,1,0,1,LEVE,0