CLASE SINIESTRO,CANTIDAD DE VEHICULOS DAÑADOS,DEPARTAMENTO,ZONA,TIPO DE VÍA,RED VIAL,COORDENADAS LATITUD,COORDENADAS  LONGITUD,CONDICIÓN CLIMÁTICA,ZONIFICACIÓN,CARACTERÍSTICAS DE VÍA,PERFIL LONGITUDINAL VÍA,SUPERFICIE DE CALZADA,¿EXISTE SEÑAL VERTICAL?,¿EXISTE SEÑAL HORIZONTAL?,CAUSA FACTOR PRINCIPAL,MTC_RVN_LONGITUD_KM,MTC_RVN_N_CARRILES_MEDIANA,MTC_RVN_SUPERFICIE_DOMINANTE,MTC_RVN_ESTADO_DOMINANTE,MTC_RVN_ES_CONCESIONADA,MTC_RVN_CONCESION_PRINCIPAL,MTC_RVN_CORREDOR_LOGISTICO,MTC_RVN_N_TRAMOS,IDH_2019,IDH_ESP_VIDA_2019,IDH_EDUC_SECUND_PCT_2019,IDH_ANIOS_EDUC_2019,IDH_INGRESO_PERCAP_2019,IDH_POBLACION_2019,MTC_DEP_RED_TOTAL_KM,MTC_DEP_NACIONAL_TOTAL_KM,MTC_DEP_DEPARTAMENTAL_TOTAL_KM,MTC_DEP_VECINAL_TOTAL_KM,MTC_DEP_PAV_TOTAL_KM,MTC_DEP_NO_PAV_TOTAL_KM,MTC_DEP_PCT_PAVIMENTADA,PER_TOTAL_PERSONAS,PER_N_CONDUCTORES,PER_N_CONDUCTORES_FUGADOS,PER_N_PEATONES,PER_N_PASAJEROS_OCUPANTES,PER_EDAD_COND_PROM,PER_EDAD_COND_MIN,PER_EDAD_COND_MAX,PER_ANY_COND_MASCULINO,PER_ANY_LIC_PROBLEMA,PER_ANY_DOSAJE_POS,PER_ANY_DOSAJE_EVALUADO,VEH_TOTAL,VEH_N_FUGADOS,VEH_ANY_FUGADO,VEH_ANY_CARGA,VEH_ANY_PUBLICO,VEH_ANY_PARTICULAR,VEH_ANY_MOTO,VEH_ANY_AUTO,VEH_ANY_CAMION_BUS,VEH_ANY_SOAT_PROBLEMA,VEH_ANY_CITV_PROBLEMA,VEH_ANY_SEGURO_PROBLEMA,HORA_NUM,FRANJA_HORARIA,ANIO,MES,DIA_MES,DIA_SEMANA,ES_FIN_SEMANA,ES_QUINCENA,REGION_NATURAL,TIENE_SEÑALIZACION,ES_VIA_MULTICARRIL,ES_DEPTO_BAJO_PAVIMENTO,CATEGORIA_SEVERIDAD,CATEGORIA_SEVERIDAD_ENC
10,1,7,0,4,1,-14.748404,-71.484805,0,4,0,0,7,2,2,0,7586.903,2.0,2,0,1.0,9,5,1198.0,0.2895499003381874,68.53788948078248,75.55107873554218,4.362279816701996,258.3477698263705,14410.650963597433,17779.13499998999,2097.3709999899997,2863.123,12818.640999999989,2878.713,14900.421999989989,16.19152450331032,1,1,0,0,0,23.0,23.0,23.0,1.0,1.0,0.0,0.0,1,0,0.0,0.0,0.0,1.0,1.0,0.0,0.0,0.0,0.0,0.0,18,2,2021,5,15,5,1,1,2,1,0,1,LEVE,0
3,2,5,0,4,1,-6.683483,-78.530502,0,4,0,0,2,1,1,2,9936.932,2.0,2,0,1.0,9,32,3830.0,0.3484871558022944,76.33677469666252,53.28672218475212,4.131981838863427,447.1658531581213,76209.5845824411,15935.565011852366,1733.9250000199986,935.692,13265.948011832368,2000.1670000199988,13935.398011832369,12.551591352627522,3,2,0,0,1,21.0,14.0,28.0,1.0,1.0,0.0,1.0,2,0,0.0,1.0,0.0,1.0,1.0,0.0,1.0,1.0,1.0,1.0,19,2,2024,3,15,4,0,1,2,1,0,1,GRAVE_MORTALIDAD,2
1,1,3,2,4,0,-16.3472,-72.188856,0,0,7,1,2,2,2,0,6543.555,2.0,4,4,1.0,14,33,1198.0,0.6077843615696785,76.53072135400231,69.81276959706165,8.77367759087771,1135.5159013374655,74658.55888650964,10322.272,1495.236,1749.739,7077.2970000000005,2886.595,7435.677000000001,27.964725207783708,2,1,1,1,0,37.0,33.0,40.0,0.0,0.0,0.0,0.0,1,1,1.0,0.0,0.0,0.0,0.0,0.0,0.0,0.0,0.0,1.0,4,0,2022,11,13,6,1,0,0,1,0,1,LEVE,0
3,2,12,0,4,1,-7.183863,-79.43292,0,4,7,1,2,2,2,2,6543.555,3.0,2,0,1.0,0,30,1475.0,0.5114727232493018,78.60606800160349,61.153108160372966,6.422343227671115,862.4189512831092,24701.19700214133,8931.828000000005,1335.5899999999997,1935.9830000000004,5660.255000000005,1219.309,7712.519000000005,13.651281686122925,2,2,0,0,0,36.0,34.0,38.0,1.0,0.0,0.0,0.0,2,0,0.0,0.0,1.0,1.0,0.0,1.0,1.0,0.0,0.0,0.0,1,0,2022,6,10,4,0,0,0,1,1,1,LEVE,0
6,1,14,2,4,1,-12.3317711172414,-76.8210779708697,6,5,6,2,6,2,2,0,6639.975,2.0,2,0,1.0,9,31,1616.0,0.6959889140821508,77.1307027422061,67.89627023388005,10.144340935046175,1549.2819792545554,12550.856531049252,7626.313,1683.4029999999998,1599.0829999999996,4343.827000000001,1814.875,5811.438000000001,23.797541485643197,1,1,0,0,0,33.0,33.0,33.0,1.0,1.0,0.0,0.0,1,0,0.0,0.0,0.0,1.0,1.0,0.0,0.0,0.0,1.0,0.0,16,3,2022,10,3,0,0,0,0,1,0,1,LEVE,0
3,1,12,0,4,1,-7.774306040286194,-79.25360774773131,0,4,7,1,2,2,2,0,6543.555,3.0,2,0,1.0,0,30,1475.0,0.6137552402736777,77.488039372676,77.55476206305543,9.288784127631692,1053.6564617230836,8413.593147751606,8931.828000000005,1335.5899999999997,1935.9830000000004,5660.255000000005,1219.309,7712.519000000005,13.651281686122925,2,2,0,0,0,57.0,41.0,73.0,1.0,1.0,0.0,0.0,2,0,0.0,0.0,1.0,1.0,1.0,0.0,1.0,0.0,0.0,1.0,19,2,2024,7,3,2,0,0,0,1,1,1,LEVE,0
3,2,8,0,4,1,-13.412535,-74.923013,2,4,0,0,2,2,2,2,1679.5849999999998,2.0,2,3,1.0,9,24,315.0,0.2997946406100768,72.83003345209801,46.42647217987546,4.997510303405721,292.6881439974165,3327.8779443254816,8511.426,1445.3929999999996,2008.516,5057.516999999999,1879.579,6631.846999999998,22.08300935706896,11,2,0,0,9,49.0,40.0,58.0,1.0,0.0,0.0,1.0,2,0,0.0,1.0,0.0,1.0,0.0,0.0,1.0,0.0,0.0,0.0,14,3,2025,3,3,0,0,0,2,1,0,1,GRAVE_LESIONADOS,1
3,2,7,0,4,2,-14.255447,-72.051308,0,4,7,1,2,2,2,0,6543.555,2.0,4,4,1.0,14,33,1198.0,0.3582063239468129,73.72125513625039,50.68912238545782,4.370934077592676,495.5648271945098,7210.27408993576,17779.13499998999,2097.3709999899997,2863.123,12818.640999999989,2878.713,14900.421999989989,16.19152450331032,3,2,0,0,1,22.0,18.0,26.0,1.0,1.0,0.0,0.0,2,0,0.0,1.0,0.0,1.0,1.0,0.0,1.0,0.0,0.0,0.0,8,1,2021,1,9,5,1,0,2,1,0,1,LEVE,0
6,1,9,0,4,2,-9.7662,-76.10397,2,4,0,0,1,2,2,0,6543.555,2.0,4,4,1.0,14,33,1198.0,0.3096549989431256,76.17431233061522,44.8813332706993,3.774794268602337,378.47949303176176,19256.764453961456,8209.057,1333.4779999999996,791.9770000000001,6083.602,1059.8589999999997,7149.198,12.910849565303296,5,1,0,0,4,41.0,41.0,41.0,1.0,0.0,0.0,0.0,1,0,0.0,0.0,0.0,1.0,0.0,1.0,0.0,0.0,1.0,0.0,19,2,2021,7,29,3,0,1,2,1,0,1,GRAVE_LESIONADOS,1
6,1,3,2,4,0,-16.527119,-71.483392,0,3,7,0,2,0,1,0,6543.555,2.0,4,4,1.0,14,33,1198.0,0.6035485627205712,76.57708524134819,74.94574544372517,9.867103477359542,1001.18414233067,3250.216274089936,10322.272,1495.236,1749.739,7077.2970000000005,2886.595,7435.677000000001,27.964725207783708,1,1,0,0,0,29.0,29.0,29.0,1.0,0.0,0.0,0.0,1,0,0.0,0.0,0.0,1.0,0.0,1.0,0.0,0.0,0.0,0.0,18,2,-1,-1,-1,-1,0,0,0,1,0,1,LEVE,0
6,1,5,0,4,2,-6.248283,-78.561627,0,4,0,0,1,2,2,2,6543.555,2.0,4,4,1.0,14,33,1198.0,0.2919872088693139,77.99838602142147,33.91511632280847,4.2404591026413225,322.7456451266092,3309.0770877944333,15935.565011852366,1733.9250000199986,935.692,13265.948011832368,2000.1670000199988,13935.398011832369,12.551591352627522,4,1,0,0,3,0.0,0.0,0.0,1.0,0.0,0.0,1.0,1,0,0.0,0.0,0.0,1.0,0.0,0.0,1.0,0.0,0.0,0.0,6,1,2024,2,26,0,0,1,2,1,0,1,GRAVE_MORTALIDAD,2
3,2,12,2,2,4,-8.091836,-79.034714,0,3,0,0,2,2,2,2,6543.555,2.0,4,4,1.0,14,33,1198.0,0.7151155191839451,79.57652607829836,77.25576500264712,11.809756866444314,1377.9438475528384,331253.00214132766,8931.828000000005,1335.5899999999997,1935.9830000000004,5660.255000000005,1219.309,7712.519000000005,13.651281686122925,2,2,0,0,0,33.5,27.0,40.0,1.0,1.0,0.0,0.0,2,0,0.0,1.0,0.0,1.0,1.0,0.0,1.0,0.0,0.0,0.0,6,1,2022,11,18,4,0,1,0,1,0,1,LEVE,0
0,1,13,0,4,0,-6.2959813,-79.4361046,0,4,7,1,2,2,2,0,6543.555,2.0,4,4,1.0,14,33,1198.0,0.1674665945283013,77.55879018654133,38.80201541424407,3.8952797723877,90.23360641582934,14578.715203426123,3459.691,515.0619999999999,689.7280000000001,2254.901,703.3549999999999,2756.336,20.329994788551925,2,1,0,1,0,24.0,24.0,24.0,1.0,0.0,0.0,0.0,1,0,0.0,0.0,0.0,1.0,0.0,0.0,1.0,0.0,0.0,0.0,11,1,2023,3,26,6,1,1,0,1,0,1,LEVE,0
3,2,12,0,4,1,-7.791920466724055,-79.21250134887943,0,4,9,0,2,2,2,0,6543.555,3.0,2,0,1.0,0,30,1475.0,0.6137552402736777,77.488039372676,77.55476206305543,9.288784127631692,1053.6564617230836,8413.593147751606,8931.828000000005,1335.5899999999997,1935.9830000000004,5660.255000000005,1219.309,7712.519000000005,13.651281686122925,3,2,0,0,1,39.5,38.0,41.0,1.0,0.0,0.0,0.0,2,0,0.0,1.0,1.0,0.0,0.0,0.0,1.0,0.0,1.0,0.0,0,0,2022,5,3,1,0,0,0,1,1,1,LEVE,0
1,1,14,2,4,1,-12.381164,-76.774431,0,4,7,1,2,2,2,0,6639.975,2.0,2,0,1.0,9,31,1616.0,0.7238335901083031,79.66547280467641,76.37525886646478,10.576617527878618,1528.3977840301418,8667.355460385439,7626.313,1683.4029999999998,1599.0829999999996,4343.827000000001,1814.875,5811.438000000001,23.797541485643197,2,1,1,1,0,37.0,33.0,40.0,0.0,0.0,0.0,0.0,1,1,1.0,0.0,0.0,0.0,0.0,0.0,0.0,0.0,0.0,1.0,11,1,2023,11,2,3,0,0,0,1,0,1,LEVE,0
3,2,20,0,4,2,-16.148,-69.622,0,4,7,1,2,2,2,6,6543.555,2.0,4,4,1.0,14,33,1198.0,0.4020198374784472,77.80062735845667,75.295761294875,7.279851651626652,372.63390314535104,50686.62526766595,13642.312999999998,2020.7790000000005,2354.117,9267.416999999998,3314.0520000000006,10328.260999999997,24.29244952817019,2,2,0,0,0,63.0,60.0,66.0,1.0,1.0,0.0,0.0,2,0,0.0,0.0,0.0,1.0,1.0,0.0,0.0,1.0,1.0,0.0,21,2,2021,3,19,4,0,1,2,1,0,1,LEVE,0
3,1,1,0,4,1,-10.203143,-78.050151,0,4,7,1,2,2,2,0,6543.555,3.0,2,0,1.0,0,30,1475.0,0.594329796273136,79.51274210494626,67.23963656911357,9.093808711905876,1004.1856289962402,25729.80728051392,10767.648,1885.0630000000003,1222.721,7659.864000000001,2100.343,8667.305000000002,19.506051832303577,3,2,0,0,1,37.5,28.0,47.0,1.0,0.0,0.0,1.0,2,0,0.0,1.0,0.0,1.0,0.0,1.0,1.0,0.0,0.0,0.0,0,0,2022,3,12,5,1,0,0,1,1,1,LEVE,0
3,1,14,2,2,4,-12.09219,-77.032178,0,3,1,1,2,2,2,6,6543.555,2.0,4,4,1.0,14,33,1198.0,0.7888324174847985,80.35414029442592,78.47021861578261,13.858205769646707,1641.6552926623544,53212.44111349037,7626.313,1683.4029999999998,1599.0829999999996,4343.827000000001,1814.875,5811.438000000001,23.797541485643197,2,2,0,0,0,48.5,28.0,69.0,1.0,0.0,0.0,1.0,2,0,0.0,0.0,0.0,1.0,0.0,1.0,0.0,0.0,0.0,0.0,4,0,2021,2,1,0,0,0,0,1,0,1,LEVE,0
6,1,3,0,4,0,-16.373933,-71.645825,5,4,2,0,1,2,2,0,6543.555,2.0,4,4,1.0,14,33,1198.0,0.6005060748875158,78.21704200773246,77.40211893847457,8.994742794352394,996.014120858737,33335.45824411135,10322.272,1495.236,1749.739,7077.2970000000005,2886.595,7435.677000000001,27.964725207783708,1,1,0,0,0,41.0,41.0,41.0,1.0,0.0,0.0,0.0,1,0,0.0,0.0,0.0,1.0,0.0,1.0,0.0,1.0,1.0,1.0,22,2,2024,4,29,0,0,1,0,1,0,1,LEVE,0
3,0,14,2,6,4,-11.935141,-77.069255,0,3,7,1,2,2,2,2,6543.555,2.0,4,4,1.0,14,33,1198.0,0.7218926988400113,80.0902077245261,77.9581888264889,10.971588327733102,1458.3206086290393,530000.3426124197,7626.313,1683.4029999999998,1599.0829999999996,4343.827000000001,1814.875,5811.438000000001,23.797541485643197,2,2,0,0,0,37.0,33.0,40.0,1.0,1.0,0.0,1.0,2,0,0.0,1.0,0.0,1.0,1.0,0.0,0.0,0.0,0.0,1.0,9,1,2021,8,11,2,0,0,0,1,0,1,LEVE,0
3,1,17,0,4,0,-17.213738,-70.922987,0,4,7,0,2,1,1,2,6543.555,2.0,4,4,1.0,14,33,1198.0,0.7019393796398946,77.75173796903684,74.13909206921859,10.843210004831542,1446.2028877191838,64680.35760171306,2949.174,470.28500000000025,903.055,1575.834,866.4460000000004,2082.728,29.37927704503025,2,2,0,0,0,45.5,21.0,70.0,1.0,1.0,0.0,1.0,2,0,0.0,1.0,0.0,1.0,1.0,0.0,1.0,0.0,0.0,0.0,18,2,2021,4,27,1,0,1,0,1,0,1,LEVE,0
3,2,1,0,11,3,-9.538339498607,-77.0642926145385,0,4,2,0,7,2,2,0,6543.555,2.0,4,4,1.0,14,33,1198.0,0.5466010705537504,75.4454210513517,63.26411609865434,8.282654778971494,925.9367206121332,16661.132762312634,10767.648,1885.0630000000003,1222.721,7659.864000000001,2100.343,8667.305000000002,19.506051832303577,3,2,0,0,1,44.0,42.0,46.0,1.0,0.0,0.0,1.0,2,0,0.0,0.0,0.0,1.0,0.0,0.0,1.0,0.0,1.0,1.0,14,3,2025,4,22,1,0,1,0,1,0,1,GRAVE_MORTALIDAD,2
1,1,20,0,4,0,-16.402753,-69.044535,0,4,7,1,7,2,2,0,6543.555,2.0,4,4,1.0,14,33,1198.0,0.2011806987824594,74.4889763180483,60.64537303940179,4.894288830644689,101.9396676572386,4207.04710920771,13642.312999999998,2020.7790000000005,2354.117,9267.416999999998,3314.0520000000006,10328.260999999997,24.29244952817019,3,1,1,2,0,37.0,33.0,40.0,0.0,0.0,0.0,0.0,1,1,1.0,0.0,0.0,0.0,0.0,0.0,0.0,0.0,0.0,1.0,19,2,2022,11,27,6,1,1,2,1,0,1,LEVE,0
6,1,1,0,4,1,-9.08847557836807,-77.3395828417028,0,4,7,0,7,2,2,0,1134.015,-1.0,0,2,0.0,9,32,173.0,0.3352882109430746,74.75361760123883,41.94301315621264,4.920559911508885,404.0595576726479,11488.145610278372,10767.648,1885.0630000000003,1222.721,7659.864000000001,2100.343,8667.305000000002,19.506051832303577,24,1,0,0,23,50.0,50.0,50.0,1.0,0.0,0.0,0.0,1,0,0.0,0.0,1.0,0.0,0.0,0.0,1.0,1.0,0.0,0.0,14,3,2023,7,18,1,0,1,0,1,0,1,GRAVE_MORTALIDAD,2
6,1,5,0,4,2,-7.06915203,-78.39827421,2,4,7,0,1,2,2,2,6543.555,2.0,4,4,1.0,14,33,1198.0,0.2787832446449395,76.6302139673737,44.82684454743621,3.548077185984384,299.2159549691333,20782.33618843683,15935.565011852366,1733.9250000199986,935.692,13265.948011832368,2000.1670000199988,13935.398011832369,12.551591352627522,2,1,0,0,1,37.0,37.0,37.0,1.0,0.0,0.0,0.0,1,0,0.0,1.0,0.0,0.0,0.0,0.0,1.0,0.0,0.0,0.0,1,0,2021,3,7,6,1,0,2,1,0,1,LEVE,0
5,1,14,2,2,4,-12.18605,-76.97927,6,5,6,2,6,2,2,0,6543.555,2.0,4,4,1.0,14,33,1198.0,0.7289998534947872,80.50926319493618,76.9124822838204,10.358587270463827,1551.106643515347,384728.5117773019,7626.313,1683.4029999999998,1599.0829999999996,4343.827000000001,1814.875,5811.438000000001,23.797541485643197,3,2,1,0,1,37.0,33.0,40.0,1.0,0.0,0.0,0.0,2,1,1.0,1.0,0.0,0.0,1.0,0.0,0.0,0.0,1.0,1.0,6,1,2022,5,27,4,0,1,0,1,0,1,LEVE,0
10,1,14,2,4,1,-12.140163801913625,-76.98091506934321,0,0,7,1,2,2,2,0,6639.975,2.0,2,0,1.0,9,31,1616.0,0.7289998534947872,80.50926319493618,76.9124822838204,10.358587270463827,1551.106643515347,384728.5117773019,7626.313,1683.4029999999998,1599.0829999999996,4343.827000000001,1814.875,5811.438000000001,23.797541485643197,2,1,1,1,0,37.0,33.0,40.0,0.0,0.0,0.0,0.0,1,1,1.0,0.0,0.0,0.0,0.0,0.0,0.0,0.0,0.0,1.0,0,0,2024,8,5,0,0,0,0,1,0,1,LEVE,0
6,1,14,2,2,4,-12.399872898747908,-76.75794493912079,0,2,0,1,2,2,2,0,6543.555,2.0,4,4,1.0,14,33,1198.0,0.7466597389219729,79.05910008235186,64.03247149608075,10.538936737980546,1849.188069558907,1631.10278372591,7626.313,1683.4029999999998,1599.0829999999996,4343.827000000001,1814.875,5811.438000000001,23.797541485643197,3,1,0,0,2,24.0,24.0,24.0,1.0,1.0,0.0,0.0,1,0,0.0,0.0,0.0,1.0,1.0,0.0,0.0,1.0,1.0,1.0,22,2,2024,12,5,3,0,0,0,1,0,1,LEVE,0
6,1,14,2,2,4,-12.064299212173214,-76.97160080323245,0,2,1,1,2,2,2,0,6543.555,2.0,4,4,1.0,14,33,1198.0,0.6868549636939637,79.62363164345142,76.30894566128948,9.209137883551294,1425.4498631666322,684921.8484148846,7626.313,1683.4029999999998,1599.0829999999996,4343.827000000001,1814.875,5811.438000000001,23.797541485643197,1,1,0,0,0,24.0,24.0,24.0,1.0,0.0,0.0,0.0,1,0,0.0,0.0,0.0,1.0,1.0,0.0,0.0,0.0,0.0,0.0,1,0,2025,1,15,2,0,1,0,1,0,1,LEVE,0
3,1,1,2,4,1,-9.154906856773838,-78.50250768004118,0,2,7,1,2,2,2,0,6543.555,3.0,2,0,1.0,0,30,1475.0,0.6459598096056908,78.63908715089502,73.94922643905556,10.615650526897664,1131.8657131941532,175440.59743040687,10767.648,1885.0630000000003,1222.721,7659.864000000001,2100.343,8667.305000000002,19.506051832303577,2,2,0,0,0,37.5,31.0,44.0,1.0,0.0,0.0,0.0,2,0,0.0,0.0,0.0,1.0,0.0,1.0,0.0,0.0,0.0,0.0,15,3,2022,11,14,0,0,0,0,1,1,1,LEVE,0
0,1,14,2,6,4,-12.044786028411,-77.02475469896787,0,0,7,1,2,2,2,4,6543.555,2.0,4,4,1.0,14,33,1198.0,0.7646845961658533,80.23682119426338,77.96082737891015,12.014176158371615,1633.787715186093,250806.0877944326,7626.313,1683.4029999999998,1599.0829999999996,4343.827000000001,1814.875,5811.438000000001,23.797541485643197,2,1,0,1,0,19.0,19.0,19.0,1.0,0.0,0.0,0.0,1,0,0.0,0.0,0.0,1.0,1.0,0.0,0.0,1.0,1.0,1.0,11,1,2024,2,16,4,0,1,0,1,0,1,LEVE,0
3,2,21,0,4,1,-6.27617,-76.767232,0,4,7,1,2,2,2,2,7758.33400008,2.0,2,0,1.0,9,20,2133.0,0.3333052963989162,71.41266115066519,50.31288029341144,4.505229835455347,416.1192158407731,17759.14989293362,5645.136,815.0759999999999,965.298,3864.762,1013.406,4631.73,17.95184385283189,3,2,0,0,1,43.5,40.0,47.0,1.0,0.0,0.0,0.0,2,0,0.0,0.0,1.0,0.0,1.0,0.0,1.0,0.0,1.0,0.0,13,3,2023,9,14,3,0,0,1,1,0,1,LEVE,0
6,1,1,0,4,2,-9.16327217469076,-78.32831656106187,0,4,7,1,2,2,2,0,6543.555,2.0,4,4,1.0,14,33,1198.0,0.568820669072786,79.34476661557915,55.60978448774673,7.574555719773437,1088.2848331088856,15652.0278372591,10767.648,1885.0630000000003,1222.721,7659.864000000001,2100.343,8667.305000000002,19.506051832303577,1,1,0,0,0,20.0,20.0,20.0,1.0,1.0,0.0,0.0,1,0,0.0,0.0,0.0,1.0,1.0,0.0,0.0,1.0,1.0,1.0,1,0,2022,4,3,6,1,0,0,1,0,1,LEVE,0
6,1,1,0,4,2,-9.34163050225724,-77.0352685109,0,4,0,0,7,2,2,0,6543.555,2.0,4,4,1.0,14,33,1198.0,0.2878727346040939,74.02385113200486,48.30446647049269,5.311571180830728,243.23903305112947,2816.952890792292,10767.648,1885.0630000000003,1222.721,7659.864000000001,2100.343,8667.305000000002,19.506051832303577,8,1,0,0,7,33.0,33.0,33.0,1.0,0.0,0.0,0.0,1,0,0.0,1.0,0.0,0.0,0.0,0.0,1.0,0.0,0.0,0.0,4,0,2023,1,1,6,1,0,0,1,0,1,GRAVE_LESIONADOS,1
1,0,14,2,2,4,-12.061559236169526,-77.08750324599814,0,2,7,1,2,0,1,0,6543.555,2.0,4,4,1.0,14,33,1198.0,0.8224006497057281,80.32617651391924,76.66408959706945,12.77635923087604,1966.554093175902,146885.81156316918,7626.313,1683.4029999999998,1599.0829999999996,4343.827000000001,1814.875,5811.438000000001,23.797541485643197,2,1,1,1,0,37.0,33.0,40.0,0.0,0.0,0.0,0.0,1,1,1.0,0.0,0.0,0.0,0.0,0.0,0.0,0.0,0.0,1.0,12,3,2021,11,8,0,0,0,0,1,0,1,LEVE,0
6,1,20,0,4,1,-14.937619,-69.867581,0,4,7,1,2,2,2,2,1762.84,2.0,1,0,0.0,9,32,485.0,0.378190833410684,64.38599435143328,71.47428639887909,6.6558756897025,445.86091818087607,23481.556745182013,13642.312999999998,2020.7790000000005,2354.117,9267.416999999998,3314.0520000000006,10328.260999999997,24.29244952817019,2,1,0,0,1,29.0,29.0,29.0,1.0,0.0,0.0,0.0,1,0,0.0,0.0,0.0,1.0,0.0,0.0,1.0,0.0,0.0,0.0,20,2,2023,10,31,1,0,1,2,1,0,1,LEVE,0
1,1,5,0,4,1,-7.27924019763948,-78.5902446173759,0,4,0,0,2,1,1,0,887.28,2.0,2,0,1.0,8,17,155.0,0.3499131122933449,74.39401817945264,56.6280544824882,4.625294965690104,417.1826098657696,8462.284796573875,15935.565011852366,1733.9250000199986,935.692,13265.948011832368,2000.1670000199988,13935.398011832369,12.551591352627522,2,1,1,1,0,37.0,33.0,40.0,0.0,0.0,0.0,0.0,1,1,1.0,0.0,0.0,0.0,0.0,0.0,0.0,0.0,0.0,1.0,19,2,2024,4,2,1,0,0,2,1,0,1,LEVE,0
3,2,4,0,4,1,-13.197496,-74.203549,0,4,0,0,2,1,0,2,7586.903,2.0,2,0,1.0,9,5,1198.0,0.5434028420964154,74.57852402616055,77.17897354337184,9.727501250603307,764.2338344578611,55908.47323340471,12678.733000000004,1805.074000000001,1774.0339999999994,9099.625000000004,2485.375000000001,10193.358000000002,19.602707936195205,3,2,0,0,1,37.5,24.0,51.0,1.0,0.0,0.0,1.0,2,0,0.0,0.0,1.0,1.0,1.0,0.0,1.0,0.0,0.0,0.0,13,3,2023,10,10,1,0,0,2,1,0,1,LEVE,0
6,1,16,2,6,4,-12.589681,-69.208873,6,5,6,2,6,2,2,0,6543.555,2.0,4,4,1.0,14,33,1198.0,0.6331639735785386,72.20641129524063,67.6175404202189,10.029362591344883,1305.419538589062,88506.68094218415,2090.391,399.431,340.021,1350.9389999999996,493.824,1596.5669999999996,23.62352306338862,1,1,0,0,0,44.0,44.0,44.0,1.0,0.0,0.0,0.0,1,0,0.0,0.0,0.0,1.0,1.0,0.0,0.0,1.0,0.0,0.0,0,0,2021,5,20,3,0,1,1,1,0,1,LEVE,0
3,1,14,2,4,1,-11.97016,-77.067188,0,2,7,1,2,2,2,0,6543.555,3.0,2,0,1.0,0,30,1475.0,0.758462599563312,80.5192231989937,79.20045639149897,11.33839041452458,1628.5661148492152,363987.54389721627,7626.313,1683.4029999999998,1599.0829999999996,4343.827000000001,1814.875,5811.438000000001,23.797541485643197,2,2,0,0,0,48.5,48.0,49.0,1.0,0.0,0.0,0.0,2,0,0.0,0.0,1.0,1.0,0.0,1.0,1.0,0.0,0.0,0.0,19,2,2023,12,8,4,0,0,0,1,1,1,LEVE,0
0,1,11,0,4,1,-12.110581,-75.216347,0,4,1,1,2,1,0,2,7586.903,2.0,2,0,1.0,9,5,1198.0,0.4928687519261139,71.44878444957367,71.38203536953866,8.536671990950516,690.1106839322879,26022.21199143469,12264.545,1826.4639999999995,1105.5389999999998,9332.542,1588.5359999999996,10676.009,12.952261987705208,4,1,0,3,0,22.0,22.0,22.0,1.0,1.0,0.0,0.0,1,0,0.0,0.0,0.0,1.0,0.0,1.0,0.0,0.0,1.0,0.0,18,2,2022,1,1,5,1,0,2,1,0,1,LEVE,0
1,1,3,2,3,4,-16.404366570931828,-71.48982340649606,0,3,7,0,2,2,2,0,6543.555,2.0,4,4,1.0,14,33,1198.0,0.6695059447902582,78.31157187229299,82.77181279277993,11.14882835263472,1162.805854980513,56182.85653104924,10322.272,1495.236,1749.739,7077.2970000000005,2886.595,7435.677000000001,27.964725207783708,2,1,1,1,0,37.0,33.0,40.0,0.0,0.0,0.0,0.0,1,1,1.0,0.0,0.0,0.0,0.0,0.0,0.0,0.0,0.0,1.0,0,0,2024,2,25,6,1,1,0,1,0,1,LEVE,0
0,1,7,0,4,1,-13.606023773923676,-71.7527789836053,0,4,7,1,2,2,2,2,7586.903,2.0,2,0,1.0,9,5,1198.0,0.4475472256372688,60.13165495576951,63.56521874336077,7.651720948254891,772.3586316120596,4267.871520342612,17779.13499998999,2097.3709999899997,2863.123,12818.640999999989,2878.713,14900.421999989989,16.19152450331032,2,1,0,1,0,28.0,28.0,28.0,1.0,0.0,0.0,1.0,1,0,0.0,0.0,1.0,0.0,0.0,0.0,1.0,0.0,0.0,0.0,20,2,2022,4,29,4,0,1,2,1,0,1,LEVE,0
0,1,1,2,4,1,-9.22590221023343,-77.6851273339738,0,4,7,0,2,1,1,0,9936.932,2.0,2,0,1.0,9,32,3830.0,0.3994345797094905,73.3402525828232,53.328876497341,5.691646586793513,545.0262115051153,6070.019271948609,10767.648,1885.0630000000003,1222.721,7659.864000000001,2100.343,8667.305000000002,19.506051832303577,2,1,0,1,0,55.0,55.0,55.0,1.0,0.0,0.0,0.0,1,0,0.0,0.0,1.0,0.0,0.0,0.0,1.0,0.0,0.0,0.0,7,1,2022,5,2,0,0,0,0,1,0,1,LEVE,0
3,1,1,0,4,1,-9.386123724420107,-78.38270036653594,0,4,7,1,2,2,2,0,6543.555,3.0,2,0,1.0,0,30,1475.0,0.5251751210310205,77.14627034141115,56.67845536974452,7.010859306686808,935.819648213232,1908.370449678801,10767.648,1885.0630000000003,1222.721,7659.864000000001,2100.343,8667.305000000002,19.506051832303577,2,2,0,0,0,33.0,33.0,33.0,1.0,1.0,0.0,1.0,2,0,0.0,0.0,1.0,0.0,1.0,0.0,1.0,1.0,0.0,1.0,14,3,2021,4,12,0,0,0,0,1,1,1,LEVE,0
3,1,14,0,4,1,-11.002744,-77.617208,0,4,1,1,2,1,0,2,6543.555,3.0,2,0,1.0,0,30,1475.0,0.6058977644686256,75.86009868534626,65.24867654925505,8.328201694517173,1216.0018080234922,26242.524625267662,7626.313,1683.4029999999998,1599.0829999999996,4343.827000000001,1814.875,5811.438000000001,23.797541485643197,4,2,0,0,2,58.5,42.0,75.0,1.0,0.0,0.0,1.0,2,0,0.0,0.0,1.0,1.0,1.0,0.0,1.0,0.0,0.0,0.0,7,1,2022,3,13,6,1,0,0,1,1,1,GRAVE_MORTALIDAD,2
6,1,20,0,4,3,-14.260264444840638,-70.41806095649035,5,4,7,1,2,2,2,2,6543.555,2.0,4,4,1.0,14,33,1198.0,0.5549399395172725,71.4352892140203,73.07914350096891,8.172671649191408,985.4836342773089,4397.62312633833,13642.312999999998,2020.7790000000005,2354.117,9267.416999999998,3314.0520000000006,10328.260999999997,24.29244952817019,1,1,0,0,0,51.0,51.0,51.0,1.0,1.0,0.0,0.0,1,0,0.0,0.0,0.0,1.0,0.0,0.0,1.0,1.0,1.0,1.0,9,1,2023,10,18,2,0,1,2,1,0,1,LEVE,0
0,1,19,2,2,4,-5.168928,-80.647644,0,4,7,1,2,1,1,2,6543.555,2.0,4,4,1.0,14,33,1198.0,0.6582040223794163,78.74105515718446,77.3206684883171,11.334167841567446,1124.177237253568,178905.3426124197,8965.846000060003,1782.4120000599992,636.9959999999999,6546.438000000004,2214.505000059999,6751.341000000004,24.699342371541725,2,1,0,1,0,35.0,35.0,35.0,1.0,1.0,1.0,1.0,1,0,0.0,0.0,0.0,1.0,1.0,0.0,0.0,0.0,0.0,0.0,19,2,2021,6,19,5,1,1,0,1,0,1,LEVE,0
3,2,7,2,4,1,-13.627811673831856,-71.38850439742114,0,4,7,1,2,1,0,4,3263.58,2.0,2,0,1.0,5,18,566.0,0.2701433460922377,67.03086854576458,59.596346222865,3.690268129191559,281.2948228692088,16118.58886509636,17779.13499998999,2097.3709999899997,2863.123,12818.640999999989,2878.713,14900.421999989989,16.19152450331032,3,2,0,1,0,30.5,21.0,40.0,1.0,0.0,0.0,1.0,2,0,0.0,0.0,1.0,0.0,0.0,1.0,1.0,0.0,0.0,0.0,19,2,2024,5,29,2,0,1,2,1,0,1,LEVE,0