CLASE SINIESTRO,CANTIDAD DE VEHICULOS DAÑADOS,DEPARTAMENTO,ZONA,TIPO DE VÍA,RED VIAL,COORDENADAS LATITUD,COORDENADAS  LONGITUD,CONDICIÓN CLIMÁTICA,ZONIFICACIÓN,CARACTERÍSTICAS DE VÍA,PERFIL LONGITUDINAL VÍA,SUPERFICIE DE CALZADA,¿EXISTE SEÑAL VERTICAL?,¿EXISTE SEÑAL HORIZONTAL?,CAUSA FACTOR PRINCIPAL,MTC_RVN_LONGITUD_KM,MTC_RVN_N_CARRILES_MEDIANA,MTC_RVN_SUPERFICIE_DOMINANTE,MTC_RVN_ESTADO_DOMINANTE,MTC_RVN_ES_CONCESIONADA,MTC_RVN_CONCESION_PRINCIPAL,MTC_RVN_CORREDOR_LOGISTICO,MTC_RVN_N_TRAMOS,IDH_2019,IDH_ESP_VIDA_2019,IDH_EDUC_SECUND_PCT_2019,IDH_ANIOS_EDUC_2019,IDH_INGRESO_PERCAP_2019,IDH_POBLACION_2019,MTC_DEP_RED_TOTAL_KM,MTC_DEP_NACIONAL_TOTAL_KM,MTC_DEP_DEPARTAMENTAL_TOTAL_KM,MTC_DEP_VECINAL_TOTAL_KM,MTC_DEP_PAV_TOTAL_KM,MTC_DEP_NO_PAV_TOTAL_KM,MTC_DEP_PCT_PAVIMENTADA,PER_TOTAL_PERSONAS,PER_N_CONDUCTORES,PER_N_CONDUCTORES_FUGADOS,PER_N_PEATONES,PER_N_PASAJEROS_OCUPANTES,PER_EDAD_COND_PROM,PER_EDAD_COND_MIN,PER_EDAD_COND_MAX,PER_ANY_COND_MASCULINO,PER_ANY_LIC_PROBLEMA,PER_ANY_DOSAJE_POS,PER_ANY_DOSAJE_EVALUADO,VEH_TOTAL,VEH_N_FUGADOS,VEH_ANY_FUGADO,VEH_ANY_CARGA,VEH_ANY_PUBLICO,VEH_ANY_PARTICULAR,VEH_ANY_MOTO,VEH_ANY_AUTO,VEH_ANY_CAMION_BUS,VEH_ANY_SOAT_PROBLEMA,VEH_ANY_CITV_PROBLEMA,VEH_ANY_SEGURO_PROBLEMA,HORA_NUM,FRANJA_HORARIA,ANIO,MES,DIA_MES,DIA_SEMANA,ES_FIN_SEMANA,ES_QUINCENA,REGION_NATURAL,TIENE_SEÑALIZACION,ES_VIA_MULTICARRIL,ES_DEPTO_BAJO_PAVIMENTO,CATEGORIA_SEVERIDAD,CATEGORIA_SEVERIDAD_ENC
6,1,9,0,4,3,-10.171337,-76.191515,0,4,5,0,1,2,2,0,6543.555,2.0,4,4,1.0,14,33,1198.0,0.4409568562886455,71.99386853840333,62.37771036855066,6.367924120649262,637.4004565004427,18841.897216274087,8209.057,1333.4779999999996,791.9770000000001,6083.602,1059.8589999999997,7149.198,12.910849565303296,2,1,0,0,1,27.0,27.0,27.0,1.0,0.0,0.0,0.0,1,0,0.0,0.0,0.0,1.0,0.0,1.0,0.0,0.0,1.0,0.0,14,3,2021,6,4,4,0,0,2,1,0,1,LEVE,0
3,2,12,0,4,1,-7.838814,-79.152311,0,4,7,1,2,2,2,2,748.6850000000001,2.0,2,0,0.0,9,32,215.0,0.5721567587688113,77.67102283812494,66.21373667954742,8.464777379360486,978.4498488219192,15563.077087794432,8931.828000000005,1335.5899999999997,1935.9830000000004,5660.255000000005,1219.309,7712.519000000005,13.651281686122925,3,2,0,0,1,33.0,22.0,44.0,1.0,1.0,0.0,0.0,2,0,0.0,1.0,0.0,1.0,0.0,1.0,1.0,1.0,1.0,1.0,5,0,2021,2,24,2,0,1,0,1,0,1,LEVE,0
0,1,7,0,4,1,-14.226097,-71.282502,0,4,7,1,2,1,0,4,7586.903,2.0,2,0,1.0,9,5,1198.0,0.5265643824923771,76.3202150422939,72.59240802938885,8.636399400985075,746.7361126929013,59032.11777301927,17779.13499998999,2097.3709999899997,2863.123,12818.640999999989,2878.713,14900.421999989989,16.19152450331032,1,0,0,1,0,37.0,33.0,40.0,1.0,0.0,0.0,0.0,1,0,0.0,0.0,1.0,0.0,0.0,0.0,1.0,0.0,0.0,0.0,19,2,2024,12,17,1,0,1,2,1,0,1,LEVE,0
0,1,14,2,2,4,-11.9927389,-77.0108661,6,5,6,2,6,2,2,0,6543.555,2.0,4,4,1.0,14,33,1198.0,0.701053025277506,79.62867561460851,73.1469484600971,10.064317505194426,1464.6926161541437,1150285.0494171206,7626.313,1683.4029999999998,1599.0829999999996,4343.827000000001,1814.875,5811.438000000001,23.797541485643197,2,1,0,1,0,37.0,33.0,40.0,1.0,1.0,0.0,0.0,1,0,0.0,0.0,0.0,1.0,0.0,0.0,1.0,1.0,1.0,1.0,11,1,2022,3,13,6,1,0,0,1,0,1,LEVE,0
0,1,14,0,4,1,-11.757368,-77.152551,0,2,7,1,2,2,2,0,6543.555,3.0,2,0,1.0,0,30,1475.0,0.6688889885290078,77.65971620762488,72.11797581870952,9.343568875150348,1392.9562465448405,54956.252676659526,7626.313,1683.4029999999998,1599.0829999999996,4343.827000000001,1814.875,5811.438000000001,23.797541485643197,2,1,0,1,0,47.0,47.0,47.0,1.0,0.0,0.0,0.0,1,0,0.0,1.0,0.0,0.0,0.0,0.0,1.0,0.0,0.0,0.0,18,2,2024,5,13,0,0,0,0,1,1,1,LEVE,0
3,1,1,0,4,2,-9.322360093966331,-77.60572180915618,0,4,7,0,2,0,1,2,6543.555,2.0,4,4,1.0,14,33,1198.0,0.4161630303068592,82.13569226632181,67.78172699051456,4.832829576615593,525.3599879627773,9466.338329764452,10767.648,1885.0630000000003,1222.721,7659.864000000001,2100.343,8667.305000000002,19.506051832303577,3,2,0,0,1,37.0,19.0,55.0,1.0,1.0,0.0,0.0,2,0,0.0,0.0,0.0,1.0,1.0,1.0,0.0,1.0,1.0,1.0,22,2,2022,11,13,6,1,0,0,1,0,1,LEVE,0
0,1,20,0,4,1,-16.09321098083501,-69.62685221545878,0,4,7,1,2,2,2,4,7586.903,2.0,2,0,1.0,9,5,1198.0,0.4020198374784472,77.80062735845667,75.295761294875,7.279851651626652,372.63390314535104,50686.62526766595,13642.312999999998,2020.7790000000005,2354.117,9267.416999999998,3314.0520000000006,10328.260999999997,24.29244952817019,2,1,0,1,0,31.0,31.0,31.0,1.0,0.0,0.0,1.0,1,0,0.0,0.0,1.0,0.0,0.0,1.0,0.0,0.0,1.0,0.0,11,1,2022,6,16,3,0,1,2,1,0,1,LEVE,0
3,2,21,2,4,1,-6.05309342957726,-77.1569169372298,0,3,0,1,2,2,2,2,7758.33400008,2.0,2,0,1.0,9,20,2133.0,0.5963332411867256,73.80959983510441,63.34953560123128,8.251886446437874,1232.7304200473363,24031.167023554604,5645.136,815.0759999999999,965.298,3864.762,1013.406,4631.73,17.95184385283189,2,2,0,0,0,42.0,36.0,48.0,1.0,0.0,0.0,0.0,2,0,0.0,0.0,1.0,1.0,1.0,1.0,0.0,0.0,1.0,0.0,6,1,2025,6,25,2,0,1,1,1,0,1,LEVE,0
0,1,14,2,2,4,-12.08751717,-76.99655155,0,0,1,1,2,2,2,0,6543.555,2.0,4,4,1.0,14,33,1198.0,0.8236163632543221,80.64134543571234,78.76297514209003,13.635913030045838,1867.8532062234744,106584.52890792293,7626.313,1683.4029999999998,1599.0829999999996,4343.827000000001,1814.875,5811.438000000001,23.797541485643197,2,1,0,1,0,25.0,25.0,25.0,1.0,0.0,0.0,0.0,1,0,0.0,0.0,0.0,1.0,1.0,0.0,0.0,0.0,1.0,0.0,20,2,2023,8,30,2,0,1,0,1,0,1,LEVE,0
10,1,2,0,4,2,-13.84172503427599,-72.57831755202824,6,5,6,2,6,2,2,0,6543.555,2.0,4,4,1.0,14,33,1198.0,0.1824877464520417,67.10059231589754,49.82687063330833,4.014733483999636,111.58306127272184,3073.7130620985013,8358.971,1282.451,1298.0969999999998,5778.423,1432.683,6926.288,17.139466089785454,1,1,0,0,0,58.0,58.0,58.0,1.0,0.0,0.0,0.0,1,0,0.0,0.0,1.0,0.0,0.0,0.0,1.0,0.0,0.0,0.0,15,3,2023,2,13,0,0,0,2,1,0,1,LEVE,0
6,1,5,2,4,1,-5.718479,-78.80186,0,0,7,0,4,2,2,2,7758.33400008,2.0,2,0,1.0,9,20,2133.0,0.5803239946829384,74.49544278598792,68.33065356443184,8.733179344969395,1046.078117086984,102362.46895074946,15935.565011852366,1733.9250000199986,935.692,13265.948011832368,2000.1670000199988,13935.398011832369,12.551591352627522,2,1,0,0,1,18.0,18.0,18.0,1.0,1.0,1.0,1.0,1,0,0.0,0.0,0.0,1.0,1.0,0.0,0.0,0.0,1.0,0.0,9,1,2024,5,19,6,1,1,2,1,0,1,LEVE,0
3,1,14,2,4,1,-11.93071,-77.07231,0,3,1,1,2,2,2,0,6543.555,3.0,2,0,1.0,0,30,1475.0,0.7218926988400113,80.0902077245261,77.9581888264889,10.971588327733102,1458.3206086290393,530000.3426124197,7626.313,1683.4029999999998,1599.0829999999996,4343.827000000001,1814.875,5811.438000000001,23.797541485643197,2,2,1,0,0,37.0,33.0,40.0,1.0,0.0,0.0,0.0,2,1,1.0,0.0,0.0,1.0,1.0,0.0,0.0,0.0,1.0,1.0,2,0,2021,12,19,6,1,1,0,1,1,1,LEVE,0
0,1,7,2,3,4,-13.530732,-71.959368,5,3,7,1,4,0,1,4,6543.555,2.0,4,4,1.0,14,33,1198.0,0.7389014524656411,77.12870395561643,80.53659510982042,13.123552539892293,1463.2590919973347,61899.75802997858,17779.13499998999,2097.3709999899997,2863.123,12818.640999999989,2878.713,14900.421999989989,16.19152450331032,2,1,0,1,0,25.0,25.0,25.0,1.0,1.0,0.0,1.0,1,0,0.0,0.0,0.0,1.0,0.0,1.0,0.0,0.0,0.0,0.0,22,2,2025,9,8,0,0,0,2,1,0,1,LEVE,0
6,1,7,0,4,1,-14.840621,-71.303332,0,4,0,1,2,1,1,2,1780.161,1.0,1,3,0.0,9,32,490.0,0.553052655456334,69.21726434550523,74.04128761826507,8.709280027519238,977.6848841665504,33976.192719486084,17779.13499998999,2097.3709999899997,2863.123,12818.640999999989,2878.713,14900.421999989989,16.19152450331032,2,1,0,0,1,20.0,20.0,20.0,1.0,0.0,0.0,0.0,1,0,0.0,0.0,0.0,1.0,0.0,1.0,0.0,0.0,0.0,0.0,6,1,2023,6,5,0,0,0,2,1,0,1,LEVE,0
3,2,20,0,4,1,-15.886,-69.902,0,4,0,1,2,2,2,2,7586.903,2.0,2,0,1.0,9,5,1198.0,0.3492776286092784,69.0024577433395,71.96566663107897,6.507478728969356,328.2181581851397,6084.453961456104,13642.312999999998,2020.7790000000005,2354.117,9267.416999999998,3314.0520000000006,10328.260999999997,24.29244952817019,28,2,0,0,26,33.0,32.0,34.0,1.0,0.0,0.0,0.0,2,0,0.0,1.0,1.0,0.0,0.0,0.0,1.0,0.0,0.0,0.0,13,3,2022,11,4,4,0,0,2,1,0,1,GRAVE_LESIONADOS,1
3,2,22,0,4,2,-17.5249037678873,-70.0333284095395,0,4,0,0,1,2,2,2,6543.555,2.0,4,4,1.0,14,33,1198.0,0.3526037206336615,76.55622369927774,71.5292317969139,7.504442637294258,269.6083847918159,340.6402569593148,2650.572,630.6729999999998,487.3610000000001,1532.5379999999998,1068.7019999999998,1581.87,40.31967439480987,2,2,0,0,0,44.5,41.0,48.0,1.0,1.0,1.0,1.0,2,0,0.0,0.0,0.0,1.0,1.0,0.0,1.0,0.0,1.0,1.0,0,0,2022,8,31,2,0,1,0,1,0,1,LEVE,0
3,2,5,0,4,2,-6.943632,-78.685338,0,4,0,0,1,2,2,2,6543.555,2.0,4,4,1.0,14,33,1198.0,0.2741996735144121,67.87327980496377,34.62824886204975,4.027767902888583,340.12388239954726,2984.6616702355464,15935.565011852366,1733.9250000199986,935.692,13265.948011832368,2000.1670000199988,13935.398011832369,12.551591352627522,3,2,0,0,1,42.0,40.0,44.0,1.0,1.0,0.0,0.0,2,0,0.0,0.0,0.0,1.0,1.0,0.0,0.0,0.0,1.0,0.0,17,3,2021,9,1,2,0,0,2,1,0,1,LEVE,0
3,2,10,0,4,2,-15.379907203177597,-75.13640471810838,7,4,7,1,7,2,2,2,6543.555,2.0,4,4,1.0,14,33,1198.0,0.5563774842369664,77.00938809632027,69.10246351364754,8.476961866273152,914.8835608305218,27932.19700214133,3721.461,698.1859999999996,744.866,2278.409,1102.9029999999996,2618.558,29.636290693359403,2,2,0,0,0,39.5,29.0,50.0,1.0,0.0,0.0,0.0,2,0,0.0,0.0,0.0,1.0,1.0,0.0,1.0,0.0,1.0,0.0,10,1,2021,1,11,0,0,0,0,1,0,1,LEVE,0
3,1,1,2,4,0,-9.802512580358076,-77.43088802901988,5,0,7,1,2,1,1,0,6543.555,2.0,4,4,1.0,14,33,1198.0,0.4654799331603382,71.10800342011737,71.6956954286478,8.000201643545543,613.215156662713,3873.366167023554,10767.648,1885.0630000000003,1222.721,7659.864000000001,2100.343,8667.305000000002,19.506051832303577,2,2,0,0,0,49.5,46.0,53.0,1.0,1.0,0.0,0.0,2,0,0.0,1.0,0.0,1.0,0.0,0.0,1.0,0.0,0.0,0.0,16,3,2023,4,1,5,1,0,0,1,0,1,LEVE,0
0,1,3,2,4,1,-16.518255,-71.799233,0,0,7,1,2,0,1,0,6639.975,2.0,2,0,1.0,9,31,1616.0,0.6105481451420971,78.10653088113892,68.35418098658066,8.411557426919764,1158.5430895193692,35025.678800856535,10322.272,1495.236,1749.739,7077.2970000000005,2886.595,7435.677000000001,27.964725207783708,2,1,0,1,0,34.0,34.0,34.0,1.0,0.0,0.0,0.0,1,0,0.0,1.0,0.0,0.0,0.0,0.0,1.0,0.0,0.0,0.0,16,3,2024,3,22,4,0,1,0,1,0,1,LEVE,0
1,1,14,2,4,1,-12.275511608670827,-76.89096800507835,0,2,7,1,2,2,2,0,6639.975,2.0,2,0,1.0,9,31,1616.0,0.6909236767275176,78.41626133969348,70.97436336767564,9.826485374940413,1476.8351947609171,95908.53319057816,7626.313,1683.4029999999998,1599.0829999999996,4343.827000000001,1814.875,5811.438000000001,23.797541485643197,2,1,1,1,0,37.0,33.0,40.0,0.0,0.0,0.0,0.0,1,1,1.0,0.0,0.0,0.0,0.0,0.0,0.0,0.0,0.0,1.0,7,1,2024,7,28,6,1,1,0,1,0,1,LEVE,0
3,2,1,0,4,1,-9.723791969787198,-77.45699374041939,0,4,5,0,2,1,1,2,9936.932,2.0,2,0,1.0,9,32,3830.0,0.4646222235156033,69.2823266636606,69.55191599194588,7.720870890190695,657.0631952316813,3960.014989293362,10767.648,1885.0630000000003,1222.721,7659.864000000001,2100.343,8667.305000000002,19.506051832303577,2,2,0,0,0,31.5,25.0,38.0,1.0,1.0,0.0,1.0,2,0,0.0,1.0,0.0,1.0,1.0,0.0,1.0,1.0,0.0,0.0,17,3,2021,8,1,6,1,0,0,1,0,1,LEVE,0
10,0,14,2,2,4,-12.037242898540958,-77.0134369893703,7,0,7,1,2,2,2,0,6543.555,2.0,4,4,1.0,14,33,1198.0,0.7300036506368504,80.21724456394445,75.11639588359114,10.636845733066124,1559.041185521695,156759.78800856532,7626.313,1683.4029999999998,1599.0829999999996,4343.827000000001,1814.875,5811.438000000001,23.797541485643197,1,1,0,0,0,26.0,26.0,26.0,1.0,1.0,0.0,0.0,1,0,0.0,0.0,0.0,1.0,1.0,0.0,0.0,1.0,1.0,0.0,23,2,2021,9,20,0,0,1,0,1,0,1,LEVE,0
6,1,12,0,4,0,-7.15896,-77.861291,0,4,7,1,7,2,2,2,6543.555,2.0,4,4,1.0,14,33,1198.0,0.2985558748515464,83.72931715571899,23.11887347159729,5.128514954231445,322.88939625159827,638.4668094218415,8931.828000000005,1335.5899999999997,1935.9830000000004,5660.255000000005,1219.309,7712.519000000005,13.651281686122925,2,1,0,0,1,30.0,30.0,30.0,1.0,0.0,0.0,1.0,1,0,0.0,0.0,0.0,1.0,0.0,0.0,1.0,0.0,1.0,0.0,9,1,2021,11,15,0,0,1,0,1,0,1,LEVE,0
1,1,14,2,4,1,-11.938314,-77.071641,0,0,7,1,2,2,2,0,6543.555,3.0,2,0,1.0,0,30,1475.0,0.758462599563312,80.5192231989937,79.20045639149897,11.33839041452458,1628.5661148492152,363987.54389721627,7626.313,1683.4029999999998,1599.0829999999996,4343.827000000001,1814.875,5811.438000000001,23.797541485643197,2,1,1,1,0,37.0,33.0,40.0,0.0,0.0,0.0,0.0,1,1,1.0,0.0,0.0,0.0,0.0,0.0,0.0,0.0,0.0,1.0,0,0,2023,8,7,0,0,0,0,1,1,1,LEVE,0
2,1,14,2,2,4,-12.028884367488416,-76.92390041894586,0,0,1,1,2,2,2,0,6543.555,2.0,4,4,1.0,14,33,1198.0,0.6868549636939637,79.62363164345142,76.30894566128948,9.209137883551294,1425.4498631666322,684921.8484148846,7626.313,1683.4029999999998,1599.0829999999996,4343.827000000001,1814.875,5811.438000000001,23.797541485643197,2,1,1,0,1,37.0,33.0,40.0,0.0,0.0,0.0,0.0,1,1,1.0,0.0,0.0,0.0,0.0,0.0,0.0,0.0,0.0,1.0,5,0,2024,8,28,2,0,1,0,1,0,1,LEVE,0
3,2,22,0,7,4,-18.111547741646653,-70.2575237198779,0,4,7,1,1,2,2,2,6543.555,2.0,4,4,1.0,14,33,1198.0,0.5563774842369664,77.00938809632027,69.10246351364754,8.476961866273152,914.8835608305218,27932.19700214133,2650.572,630.6729999999998,487.3610000000001,1532.5379999999998,1068.7019999999998,1581.87,40.31967439480987,2,2,0,0,0,53.0,39.0,67.0,1.0,1.0,1.0,1.0,2,0,0.0,0.0,0.0,1.0,0.0,0.0,1.0,0.0,0.0,1.0,20,2,2022,1,2,6,1,0,0,1,0,1,LEVE,0
3,2,12,0,4,0,-7.557302,-78.720412,0,4,0,1,1,2,2,2,6543.555,2.0,4,4,1.0,14,33,1198.0,0.4144948105238412,73.49794254671177,44.13055421963416,5.896171723235377,643.6779310318752,13394.107066381155,8931.828000000005,1335.5899999999997,1935.9830000000004,5660.255000000005,1219.309,7712.519000000005,13.651281686122925,2,2,0,0,0,28.5,18.0,39.0,1.0,1.0,0.0,0.0,2,0,0.0,0.0,1.0,1.0,1.0,0.0,1.0,0.0,0.0,0.0,16,3,2021,6,27,6,1,1,0,1,0,1,LEVE,0
6,1,8,0,4,2,-12.615141,-74.706235,7,4,7,1,7,2,2,2,6543.555,2.0,4,4,1.0,14,33,1198.0,0.2663454843382838,65.45457395221479,57.3335802782264,4.413119915061238,247.66524826450583,29100.053533190578,8511.426,1445.3929999999996,2008.516,5057.516999999999,1879.579,6631.846999999998,22.08300935706896,2,1,0,0,1,69.0,69.0,69.0,1.0,0.0,0.0,0.0,1,0,0.0,0.0,0.0,1.0,0.0,1.0,0.0,0.0,0.0,0.0,9,1,2022,9,11,6,1,0,2,1,0,1,LEVE,0
6,1,7,0,4,0,-13.323248,-71.587061,0,4,0,0,7,2,2,2,6543.555,2.0,4,4,1.0,14,33,1198.0,0.2466226927938573,59.50771953912937,42.678907967899015,3.991373779253808,285.51302601039464,12676.173447537472,17779.13499998999,2097.3709999899997,2863.123,12818.640999999989,2878.713,14900.421999989989,16.19152450331032,6,1,0,0,5,19.0,19.0,19.0,1.0,1.0,0.0,0.0,1,0,0.0,0.0,0.0,0.0,0.0,0.0,1.0,0.0,1.0,0.0,23,2,2021,5,3,0,0,0,2,1,0,1,GRAVE_MORTALIDAD,2
3,2,19,0,4,2,-4.679770326056327,-80.0868020487453,0,4,0,0,7,2,2,0,6543.555,2.0,4,4,1.0,14,33,1198.0,0.4460358515525411,78.78138598624281,47.04925171219679,5.992153605249824,689.7789450041487,25138.147751606,8965.846000060003,1782.4120000599992,636.9959999999999,6546.438000000004,2214.505000059999,6751.341000000004,24.699342371541725,3,2,0,0,1,29.0,29.0,29.0,1.0,0.0,0.0,1.0,2,0,0.0,0.0,0.0,1.0,1.0,0.0,1.0,1.0,1.0,0.0,6,1,2021,6,15,1,0,1,0,1,0,1,LEVE,0
6,1,1,0,4,1,-8.69666005388224,-77.53486365347635,2,4,7,0,1,2,2,2,1134.015,-1.0,0,2,0.0,9,32,173.0,0.1843315854532847,75.47310330968506,35.12438623234664,3.463282946428317,125.48241310612576,6053.08993576017,10767.648,1885.0630000000003,1222.721,7659.864000000001,2100.343,8667.305000000002,19.506051832303577,34,1,0,0,33,48.0,48.0,48.0,1.0,0.0,0.0,0.0,1,0,0.0,0.0,1.0,0.0,0.0,0.0,1.0,0.0,0.0,0.0,7,1,2021,4,12,0,0,0,0,1,0,1,GRAVE_MORTALIDAD,2
6,1,5,0,4,2,-6.665888,-78.332336,0,4,0,0,3,2,2,0,6543.555,2.0,4,4,1.0,14,33,1198.0,0.1945762573857959,72.39677943595696,38.49872010834727,3.306136234952543,148.75690717418004,9191.541755888651,15935.565011852366,1733.9250000199986,935.692,13265.948011832368,2000.1670000199988,13935.398011832369,12.551591352627522,7,1,0,0,6,27.0,27.0,27.0,1.0,1.0,0.0,1.0,1,0,0.0,1.0,0.0,0.0,1.0,0.0,0.0,1.0,1.0,1.0,10,1,2025,4,5,5,1,0,2,1,0,1,GRAVE_LESIONADOS,1
0,1,21,0,4,1,-5.730581,-77.514495,0,4,7,1,2,2,2,2,7758.33400008,2.0,2,0,1.0,9,20,2133.0,0.395409368693869,74.01814372927417,48.94523443220634,5.029353255237231,594.0921143791977,22212.160599571733,5645.136,815.0759999999999,965.298,3864.762,1013.406,4631.73,17.95184385283189,2,1,0,1,0,19.0,19.0,19.0,1.0,1.0,0.0,0.0,1,0,0.0,0.0,0.0,1.0,1.0,0.0,0.0,1.0,1.0,1.0,20,2,2022,7,7,3,0,0,1,1,0,1,LEVE,0
3,2,20,2,4,1,-15.82311960038636,-70.03120599505986,0,0,0,0,2,0,1,2,7586.903,2.0,2,0,1.0,9,5,1198.0,0.6488901960567479,69.67312345830231,82.12448375199249,11.701623814093702,1230.336353415943,144745.3597430407,13642.312999999998,2020.7790000000005,2354.117,9267.416999999998,3314.0520000000006,10328.260999999997,24.29244952817019,7,2,0,0,5,38.0,28.0,48.0,1.0,0.0,0.0,0.0,2,0,0.0,0.0,1.0,1.0,1.0,1.0,0.0,0.0,1.0,0.0,10,1,2021,9,6,0,0,0,2,1,0,1,GRAVE_LESIONADOS,1
0,1,7,0,4,1,-13.5888922,-71.801062,0,4,7,1,1,2,2,4,7586.903,2.0,2,0,1.0,9,5,1198.0,0.5065580412535501,64.79370905469777,77.15417383818448,8.35812941450031,844.3117831870799,8658.316916488222,17779.13499998999,2097.3709999899997,2863.123,12818.640999999989,2878.713,14900.421999989989,16.19152450331032,2,1,0,1,0,30.0,30.0,30.0,1.0,0.0,0.0,1.0,1,0,0.0,0.0,1.0,0.0,0.0,0.0,1.0,0.0,0.0,0.0,19,2,2024,11,5,1,0,0,2,1,0,1,LEVE,0
6,1,2,0,4,1,-14.516122294566,-73.2648146010096,6,5,6,2,6,2,2,0,2238.6850000000004,2.0,2,0,1.0,4,27,115.0,0.3664074671664916,64.98461839600242,49.21626723104894,6.514538355458617,485.1304734113088,4508.062098501071,8358.971,1282.451,1298.0969999999998,5778.423,1432.683,6926.288,17.139466089785454,1,1,0,0,0,69.0,69.0,69.0,1.0,0.0,0.0,0.0,1,0,0.0,1.0,0.0,0.0,0.0,0.0,1.0,0.0,0.0,0.0,18,2,2022,4,10,6,1,0,2,1,0,1,LEVE,0
0,1,14,2,2,4,-12.130523658979168,-77.01954063132389,0,3,7,1,2,2,2,0,6543.555,2.0,4,4,1.0,14,33,1198.0,0.8326399351216524,80.31446032722859,77.78409882620639,13.96507415980228,1925.7868972542449,87898.66595289079,7626.313,1683.4029999999998,1599.0829999999996,4343.827000000001,1814.875,5811.438000000001,23.797541485643197,2,1,0,1,0,61.0,61.0,61.0,1.0,0.0,0.0,1.0,1,0,0.0,0.0,1.0,0.0,0.0,0.0,1.0,0.0,0.0,0.0,10,1,2022,10,10,0,0,0,0,1,0,1,LEVE,0
6,1,5,0,4,1,-6.94201167,-78.190175,0,4,0,1,2,2,2,0,2760.8550000000005,1.0,1,3,0.0,9,32,1208.0,0.4099225962391719,71.62922719902532,57.483630572514166,6.113560291787416,557.8410440592945,1881.1006423982867,15935.565011852366,1733.9250000199986,935.692,13265.948011832368,2000.1670000199988,13935.398011832369,12.551591352627522,3,1,0,0,2,28.0,28.0,28.0,1.0,1.0,0.0,0.0,1,0,0.0,0.0,0.0,1.0,0.0,1.0,0.0,0.0,0.0,0.0,15,3,2022,8,14,6,1,0,2,1,0,1,LEVE,0
6,1,1,0,4,1,-8.555527568174606,-77.63024466024649,0,4,0,1,2,2,2,0,1703.219,1.0,0,3,0.0,9,28,247.0,0.5285143944018423,75.33997185658131,53.7355901181876,9.078155204471177,861.4720488926681,5381.074946466809,10767.648,1885.0630000000003,1222.721,7659.864000000001,2100.343,8667.305000000002,19.506051832303577,10,1,0,0,9,38.0,38.0,38.0,1.0,0.0,0.0,0.0,1,0,0.0,0.0,0.0,0.0,0.0,0.0,1.0,0.0,0.0,0.0,14,3,2023,1,7,5,1,0,0,1,0,1,GRAVE_MORTALIDAD,2
6,1,12,0,4,3,-7.6954995974872,-78.6316271126678,0,4,7,1,1,2,2,2,6543.555,2.0,4,4,1.0,14,33,1198.0,0.5563774842369664,77.00938809632027,69.10246351364754,8.476961866273152,914.8835608305218,27932.19700214133,8931.828000000005,1335.5899999999997,1935.9830000000004,5660.255000000005,1219.309,7712.519000000005,13.651281686122925,7,1,1,0,6,51.0,51.0,51.0,1.0,1.0,0.0,0.0,1,0,0.0,1.0,0.0,0.0,0.0,0.0,1.0,0.0,0.0,0.0,5,0,2023,1,1,6,1,0,0,1,0,1,GRAVE_MORTALIDAD,2
0,1,22,0,4,1,-18.1661333,-70.33496388888888,0,4,7,1,2,2,2,4,6639.975,2.0,2,0,1.0,9,31,1616.0,0.6966125262955101,76.67066141771582,75.49195828278967,11.654573086271489,1371.819928142763,74177.24411134903,2650.572,630.6729999999998,487.3610000000001,1532.5379999999998,1068.7019999999998,1581.87,40.31967439480987,2,1,0,1,0,53.0,53.0,53.0,1.0,0.0,0.0,1.0,1,0,0.0,0.0,0.0,0.0,0.0,1.0,0.0,0.0,0.0,0.0,1,0,2023,6,25,6,1,1,0,1,0,1,LEVE,0
0,1,14,2,2,4,-11.987163877543772,-77.10339021699738,0,0,7,1,2,2,2,0,6543.555,2.0,4,4,1.0,14,33,1198.0,0.7419979630670723,80.31822295927182,79.00446395716813,11.084203715652809,1554.6868971011318,739416.2413542903,7626.313,1683.4029999999998,1599.0829999999996,4343.827000000001,1814.875,5811.438000000001,23.797541485643197,2,1,0,1,0,52.0,52.0,52.0,1.0,0.0,0.0,0.0,1,0,0.0,0.0,0.0,1.0,0.0,1.0,0.0,0.0,0.0,0.0,2,0,2024,1,14,6,1,0,0,1,0,1,LEVE,0
6,1,22,0,4,1,-16.883502,-70.328848,1,4,7,1,2,2,2,2,1529.105,2.0,2,0,1.0,9,21,200.0,0.36326306829553,69.91494384803546,62.39017147779847,6.63829372713685,377.3584259458044,2510.912205567452,2650.572,630.6729999999998,487.3610000000001,1532.5379999999998,1068.7019999999998,1581.87,40.31967439480987,4,1,0,0,3,40.0,40.0,40.0,1.0,0.0,0.0,1.0,1,0,0.0,0.0,0.0,1.0,0.0,1.0,0.0,0.0,0.0,0.0,14,3,2024,3,4,0,0,0,0,1,0,1,GRAVE_LESIONADOS,1
3,2,5,0,4,1,-7.179834,-79.013475,0,4,0,0,2,1,1,2,887.28,2.0,2,0,1.0,8,17,155.0,0.5563774842369664,73.07406660240972,65.2611721745993,7.77984257932775,1045.7361851012442,7379.728051391864,15935.565011852366,1733.9250000199986,935.692,13265.948011832368,2000.1670000199988,13935.398011832369,12.551591352627522,2,2,0,0,0,39.0,37.0,41.0,1.0,1.0,0.0,1.0,2,0,0.0,1.0,0.0,1.0,1.0,0.0,1.0,0.0,0.0,1.0,11,1,2023,5,22,0,0,1,2,1,0,1,LEVE,0
6,1,7,0,4,1,-14.3178344,-72.1382859,0,4,0,1,2,1,1,2,1780.161,1.0,1,3,0.0,9,32,490.0,0.2411536248675914,71.16845637511706,43.01729543604399,3.905041875737651,212.9084000245184,4403.670235546038,17779.13499998999,2097.3709999899997,2863.123,12818.640999999989,2878.713,14900.421999989989,16.19152450331032,3,1,0,0,2,27.0,27.0,27.0,1.0,0.0,0.0,0.0,1,0,0.0,0.0,0.0,1.0,0.0,0.0,1.0,0.0,0.0,0.0,14,3,2023,9,16,5,1,1,2,1,0,1,LEVE,0
1,1,12,2,2,4,-8.0671769,-78.996023504,0,0,7,1,2,2,2,0,6543.555,2.0,4,4,1.0,14,33,1198.0,0.5628682280502054,79.35078533424159,59.07369130997599,7.880201475313533,999.8741857239928,209189.32119914345,8931.828000000005,1335.5899999999997,1935.9830000000004,5660.255000000005,1219.309,7712.519000000005,13.651281686122925,2,1,1,1,0,39.0,39.0,39.0,1.0,0.0,0.0,0.0,1,0,0.0,0.0,1.0,0.0,0.0,0.0,1.0,0.0,0.0,0.0,4,0,2024,7,22,0,0,1,0,1,0,1,LEVE,0
1,0,14,2,2,4,-12.033213,-76.942706,0,2,7,1,2,2,2,0,6543.555,2.0,4,4,1.0,14,33,1198.0,0.7347309224519117,80.70014842215761,76.47981423089655,10.519505095866096,1571.8150981252256,229834.5310492505,7626.313,1683.4029999999998,1599.0829999999996,4343.827000000001,1814.875,5811.438000000001,23.797541485643197,2,1,1,1,0,37.0,33.0,40.0,0.0,0.0,0.0,0.0,1,1,1.0,0.0,0.0,0.0,0.0,0.0,0.0,0.0,0.0,0.0,8,1,2021,6,29,1,0,1,0,1,0,1,LEVE,0
0,1,21,2,4,1,-5.94305,-77.30642,0,0,1,1,2,2,2,0,7758.33400008,2.0,2,0,1.0,9,20,2133.0,0.4789759027469384,73.43778249935497,54.01635312204597,6.285279694551369,847.2910954428505,47552.6295503212,5645.136,815.0759999999999,965.298,3864.762,1013.406,4631.73,17.95184385283189,2,1,0,1,0,47.0,47.0,47.0,1.0,0.0,0.0,0.0,1,0,0.0,0.0,0.0,1.0,1.0,0.0,0.0,0.0,0.0,0.0,19,2,2024,7,20,5,1,1,1,1,0,1,LEVE,0