CLASE SINIESTRO,CANTIDAD DE VEHICULOS DAÑADOS,DEPARTAMENTO,ZONA,TIPO DE VÍA,RED VIAL,COORDENADAS LATITUD,COORDENADAS  LONGITUD,CONDICIÓN CLIMÁTICA,ZONIFICACIÓN,CARACTERÍSTICAS DE VÍA,PERFIL LONGITUDINAL VÍA,SUPERFICIE DE CALZADA,¿EXISTE SEÑAL VERTICAL?,¿EXISTE SEÑAL HORIZONTAL?,CAUSA FACTOR PRINCIPAL,MTC_RVN_LONGITUD_KM,MTC_RVN_N_CARRILES_MEDIANA,MTC_RVN_SUPERFICIE_DOMINANTE,MTC_RVN_ESTADO_DOMINANTE,MTC_RVN_ES_CONCESIONADA,MTC_RVN_CONCESION_PRINCIPAL,MTC_RVN_CORREDOR_LOGISTICO,MTC_RVN_N_TRAMOS,IDH_2019,IDH_ESP_VIDA_2019,IDH_EDUC_SECUND_PCT_2019,IDH_ANIOS_EDUC_2019,IDH_INGRESO_PERCAP_2019,IDH_POBLACION_2019,MTC_DEP_RED_TOTAL_KM,MTC_DEP_NACIONAL_TOTAL_KM,MTC_DEP_DEPARTAMENTAL_TOTAL_KM,MTC_DEP_VECINAL_TOTAL_KM,MTC_DEP_PAV_TOTAL_KM,MTC_DEP_NO_PAV_TOTAL_KM,MTC_DEP_PCT_PAVIMENTADA,PER_TOTAL_PERSONAS,PER_N_CONDUCTORES,PER_N_CONDUCTORES_FUGADOS,PER_N_PEATONES,PER_N_PASAJEROS_OCUPANTES,PER_EDAD_COND_PROM,PER_EDAD_COND_MIN,PER_EDAD_COND_MAX,PER_ANY_COND_MASCULINO,PER_ANY_LIC_PROBLEMA,PER_ANY_DOSAJE_POS,PER_ANY_DOSAJE_EVALUADO,VEH_TOTAL,VEH_N_FUGADOS,VEH_ANY_FUGADO,VEH_ANY_CARGA,VEH_ANY_PUBLICO,VEH_ANY_PARTICULAR,VEH_ANY_MOTO,VEH_ANY_AUTO,VEH_ANY_CAMION_BUS,VEH_ANY_SOAT_PROBLEMA,VEH_ANY_CITV_PROBLEMA,VEH_ANY_SEGURO_PROBLEMA,HORA_NUM,FRANJA_HORARIA,ANIO,MES,DIA_MES,DIA_SEMANA,ES_FIN_SEMANA,ES_QUINCENA,REGION_NATURAL,TIENE_SEÑALIZACION,ES_VIA_MULTICARRIL,ES_DEPTO_BAJO_PAVIMENTO,CATEGORIA_SEVERIDAD,CATEGORIA_SEVERIDAD_ENC
3,1,19,0,4,1,-4.6199069751643655,-80.53929613734319,0,4,7,1,2,2,2,0,410.779,2.0,2,3,0.0,9,32,103.0,0.3726695067482696,77.5283182409139,41.67016302837659,4.468926143170908,555.7263417005713,12823.41113490364,8965.846000060003,1782.4120000599992,636.9959999999999,6546.438000000004,2214.505000059999,6751.341000000004,24.699342371541725,2,2,1,0,0,42.0,42.0,42.0,1.0,1.0,0.0,0.0,2,1,1.0,0.0,0.0,1.0,1.0,0.0,0.0,1.0,1.0,1.0,20,2,2022,11,12,5,1,0,0,1,0,1,LEVE,0
0,0,14,2,2,4,-12.062737737424804,-77.04355287372726,7,0,7,1,2,2,2,0,6543.555,2.0,4,4,1.0,14,33,1198.0,0.7646845961658533,80.23682119426338,77.96082737891015,12.014176158371615,1633.787715186093,250806.0877944326,7626.313,1683.4029999999998,1599.0829999999996,4343.827000000001,1814.875,5811.438000000001,23.797541485643197,2,1,0,1,0,41.0,41.0,41.0,1.0,0.0,0.0,0.0,1,0,0.0,0.0,0.0,1.0,0.0,0.0,1.0,1.0,0.0,0.0,12,3,2021,9,29,2,0,1,0,1,0,1,LEVE,0
3,3,7,0,4,1,-14.046643,-71.447767,2,4,0,1,2,1,1,2,7586.903,2.0,2,0,1.0,9,5,1198.0,0.3409107564841972,74.2782790389362,69.85088681249269,5.816184127144114,302.53841952167744,4833.456102783726,17779.13499998999,2097.3709999899997,2863.123,12818.640999999989,2878.713,14900.421999989989,16.19152450331032,3,3,0,0,0,51.0,47.0,56.0,1.0,1.0,0.0,1.0,3,0,0.0,1.0,0.0,1.0,0.0,1.0,1.0,0.0,0.0,0.0,18,2,2022,12,27,1,0,1,2,1,0,1,LEVE,0
0,1,1,2,2,4,-9.103893283331551,-78.5542565472423,0,0,7,1,2,2,2,4,6543.555,2.0,4,4,1.0,14,33,1198.0,0.6138280897610826,78.84695742989106,71.99259200326753,9.438855747011283,1055.78291711923,196830.83083511775,10767.648,1885.0630000000003,1222.721,7659.864000000001,2100.343,8667.305000000002,19.506051832303577,2,1,0,1,0,50.0,50.0,50.0,1.0,0.0,0.0,0.0,1,0,0.0,0.0,1.0,0.0,0.0,1.0,0.0,0.0,0.0,0.0,21,2,2021,1,2,5,1,0,0,1,0,1,LEVE,0
3,3,22,2,4,1,-17.995516,-70.221094,7,3,1,0,2,0,1,2,800.5849999999999,2.0,2,0,0.0,9,32,395.0,0.6459537660139725,77.26780813336003,75.82574306842042,10.521084343378767,1152.6061447613129,17645.51391862955,2650.572,630.6729999999998,487.3610000000001,1532.5379999999998,1068.7019999999998,1581.87,40.31967439480987,5,3,0,1,1,37.0,26.0,56.0,1.0,0.0,0.0,1.0,3,0,0.0,1.0,0.0,1.0,0.0,1.0,1.0,0.0,0.0,0.0,7,1,2022,10,15,5,1,1,0,1,0,1,GRAVE_MORTALIDAD,2
0,1,1,2,4,1,-9.10589784811372,-78.5557733535328,0,2,7,1,2,2,2,2,6543.555,3.0,2,0,1.0,0,30,1475.0,0.6138280897610826,78.84695742989106,71.99259200326753,9.438855747011283,1055.78291711923,196830.83083511775,10767.648,1885.0630000000003,1222.721,7659.864000000001,2100.343,8667.305000000002,19.506051832303577,2,1,0,1,0,22.0,22.0,22.0,1.0,0.0,0.0,1.0,1,0,0.0,0.0,0.0,1.0,0.0,1.0,0.0,0.0,0.0,0.0,5,0,2022,7,10,6,1,0,0,1,1,1,LEVE,0
1,1,14,0,4,1,-11.4099354,-77.3765669,0,4,7,0,2,1,0,0,6543.555,3.0,2,0,1.0,0,30,1475.0,0.7327345537337897,78.20903814342847,76.31492653513806,13.642917835589472,1405.6698219039215,62016.21841541756,7626.313,1683.4029999999998,1599.0829999999996,4343.827000000001,1814.875,5811.438000000001,23.797541485643197,2,1,1,1,0,37.0,33.0,40.0,0.0,0.0,0.0,0.0,1,1,1.0,0.0,0.0,0.0,0.0,0.0,0.0,0.0,0.0,1.0,6,1,2025,9,17,2,0,1,0,1,1,1,LEVE,0
1,1,12,2,4,1,-8.1408261,-79.0522763,0,2,7,1,2,2,2,0,6543.555,3.0,2,0,1.0,0,30,1475.0,0.7531641124604342,80.00312647864715,76.99495003849329,11.742569192588208,1599.6362666139996,66889.78372591006,8931.828000000005,1335.5899999999997,1935.9830000000004,5660.255000000005,1219.309,7712.519000000005,13.651281686122925,2,1,1,1,0,37.0,33.0,40.0,0.0,0.0,0.0,0.0,1,1,1.0,0.0,0.0,0.0,0.0,0.0,0.0,0.0,0.0,1.0,20,2,2023,1,15,6,1,1,0,1,1,1,LEVE,0
2,1,23,0,4,1,-3.914975098119045,-80.88801017523916,7,4,0,0,2,2,2,2,6543.555,3.0,2,0,1.0,0,30,1475.0,0.541317038400816,72.94324989979708,53.43656724071051,7.565486393755631,1085.5161080725888,6440.817708333333,1009.101,138.47399999999996,287.471,583.156,276.972,732.129,27.447401201663663,2,1,0,0,1,29.0,29.0,29.0,0.0,0.0,0.0,1.0,1,0,0.0,0.0,0.0,1.0,1.0,0.0,0.0,0.0,1.0,0.0,8,1,2022,3,7,0,0,0,0,1,1,1,LEVE,0
5,1,7,2,4,1,-14.184078,-71.351995,0,4,7,1,2,2,2,0,7586.903,2.0,2,0,1.0,9,5,1198.0,0.4107458749971457,72.1547719826022,75.11691677377222,6.84079438286104,455.9087564374382,2466.282655246253,17779.13499998999,2097.3709999899997,2863.123,12818.640999999989,2878.713,14900.421999989989,16.19152450331032,2,2,1,0,0,63.0,63.0,63.0,1.0,1.0,0.0,0.0,2,1,1.0,0.0,0.0,1.0,0.0,0.0,0.0,0.0,1.0,0.0,22,2,2021,4,4,6,1,0,2,1,0,1,LEVE,0
3,1,14,2,2,4,-11.98315509838056,-77.07966002674941,0,0,7,1,2,2,2,2,6543.555,2.0,4,4,1.0,14,33,1198.0,0.758462599563312,80.5192231989937,79.20045639149897,11.33839041452458,1628.5661148492152,363987.54389721627,7626.313,1683.4029999999998,1599.0829999999996,4343.827000000001,1814.875,5811.438000000001,23.797541485643197,2,2,0,0,0,44.5,21.0,68.0,1.0,0.0,0.0,0.0,2,0,0.0,0.0,0.0,1.0,1.0,0.0,0.0,1.0,1.0,1.0,7,1,2023,8,19,5,1,1,0,1,0,1,LEVE,0
0,1,12,0,4,1,-7.832513,-79.149217,0,4,7,1,1,2,2,0,748.6850000000001,2.0,2,0,0.0,9,32,215.0,0.5721567587688113,77.67102283812494,66.21373667954742,8.464777379360486,978.4498488219192,15563.077087794432,8931.828000000005,1335.5899999999997,1935.9830000000004,5660.255000000005,1219.309,7712.519000000005,13.651281686122925,2,1,0,1,0,38.0,38.0,38.0,1.0,0.0,0.0,0.0,1,0,0.0,0.0,0.0,1.0,1.0,0.0,0.0,1.0,0.0,0.0,9,1,2022,10,2,6,1,0,0,1,0,1,LEVE,0
0,1,10,0,4,1,-13.6702363,-76.1543612,0,4,7,1,2,2,2,0,6639.975,2.0,2,0,1.0,9,31,1616.0,0.5723734005661165,76.14778354007997,72.53650205141851,9.107715991741182,922.4721268572972,24272.76659528908,3721.461,698.1859999999996,744.866,2278.409,1102.9029999999996,2618.558,29.636290693359403,2,1,0,1,0,32.0,32.0,32.0,1.0,0.0,0.0,0.0,1,0,0.0,0.0,0.0,1.0,0.0,1.0,0.0,0.0,0.0,0.0,19,2,2024,1,16,1,0,1,0,1,0,1,LEVE,0
3,3,12,0,4,1,-8.073092,-78.867206,0,4,7,1,2,2,2,2,610.6099999999999,2.0,2,0,1.0,8,29,100.0,0.5929579484728337,80.24150924632623,64.75837382721711,8.51830466766158,1043.4182142665843,34739.39614561028,8931.828000000005,1335.5899999999997,1935.9830000000004,5660.255000000005,1219.309,7712.519000000005,13.651281686122925,3,3,0,0,0,36.333333333333336,35.0,38.0,1.0,1.0,0.0,0.0,3,0,0.0,1.0,1.0,0.0,1.0,0.0,1.0,0.0,0.0,0.0,4,0,2023,5,8,0,0,0,0,1,0,1,LEVE,0
3,2,17,0,4,1,-16.867802,-70.174824,1,4,7,1,2,2,2,2,1529.105,2.0,2,0,1.0,9,21,200.0,0.5419876249473067,75.01928818373936,69.53700510182367,7.323922344161046,940.130453935364,4186.792291220558,2949.174,470.28500000000025,903.055,1575.834,866.4460000000004,2082.728,29.37927704503025,9,2,0,0,7,44.0,38.0,50.0,1.0,0.0,1.0,1.0,2,0,0.0,1.0,0.0,1.0,0.0,0.0,1.0,0.0,1.0,0.0,15,3,2023,3,20,0,0,1,0,1,0,1,GRAVE_MORTALIDAD,2
6,1,1,0,4,2,-9.31913474485371,-77.20134579694593,5,4,0,0,7,2,2,2,6543.555,2.0,4,4,1.0,14,33,1198.0,0.4706020961968497,75.17338170095528,50.050190802728096,7.931940341600224,695.8436410574652,9915.20556745182,10767.648,1885.0630000000003,1222.721,7659.864000000001,2100.343,8667.305000000002,19.506051832303577,11,1,0,0,10,42.0,42.0,42.0,1.0,0.0,0.0,1.0,1,0,0.0,1.0,0.0,0.0,1.0,0.0,0.0,0.0,1.0,0.0,14,3,2021,4,23,4,0,1,0,1,0,1,GRAVE_MORTALIDAD,2
3,2,10,2,4,1,-14.858588,-74.972278,0,3,7,1,2,1,0,2,6639.975,2.0,2,0,1.0,9,31,1616.0,0.5563774842369664,77.00938809632027,69.10246351364754,8.476961866273152,914.8835608305218,27932.19700214133,3721.461,698.1859999999996,744.866,2278.409,1102.9029999999996,2618.558,29.636290693359403,4,2,0,0,2,43.5,43.0,44.0,1.0,0.0,1.0,1.0,2,0,0.0,0.0,1.0,1.0,0.0,0.0,1.0,0.0,0.0,0.0,22,2,2021,4,17,5,1,1,0,1,0,1,GRAVE_MORTALIDAD,2
3,1,14,2,4,1,-12.20626581299505,-76.97498784346062,0,2,7,1,2,2,2,0,6639.975,2.0,2,0,1.0,9,31,1616.0,0.7583553928164398,79.82595632107274,76.7651270103073,11.46351379457763,1662.7771470294065,333655.3618843683,7626.313,1683.4029999999998,1599.0829999999996,4343.827000000001,1814.875,5811.438000000001,23.797541485643197,2,2,0,0,0,26.0,19.0,33.0,1.0,1.0,0.0,0.0,2,0,0.0,0.0,1.0,1.0,1.0,1.0,0.0,0.0,0.0,0.0,16,3,2024,12,9,0,0,0,0,1,0,1,LEVE,0
6,1,12,0,4,1,-8.758983,-78.633522,0,4,7,1,2,2,2,2,6543.555,3.0,2,0,1.0,0,30,1475.0,0.4867987483268106,77.5825534369154,52.95148122709723,6.150547060309878,840.5788229266196,9838.736616702356,8931.828000000005,1335.5899999999997,1935.9830000000004,5660.255000000005,1219.309,7712.519000000005,13.651281686122925,3,1,0,0,2,36.0,36.0,36.0,1.0,0.0,0.0,0.0,1,0,0.0,0.0,0.0,1.0,0.0,1.0,0.0,1.0,1.0,1.0,11,1,2021,11,14,6,1,0,0,1,1,1,LEVE,0
0,1,7,0,4,1,-14.180895,-71.445859,0,4,7,1,2,1,0,2,566.7160000000001,2.0,5,2,0.0,9,3,137.0,0.2991005536829932,62.21917574632246,64.88351505215614,6.097392066469024,274.9537670789565,1773.610278372591,17779.13499998999,2097.3709999899997,2863.123,12818.640999999989,2878.713,14900.421999989989,16.19152450331032,2,1,0,1,0,58.0,58.0,58.0,1.0,0.0,0.0,1.0,1,0,0.0,0.0,0.0,1.0,0.0,0.0,1.0,0.0,0.0,0.0,19,2,2024,3,17,6,1,1,2,1,0,1,LEVE,0
10,1,21,2,6,4,-6.924153,-76.329368,7,0,7,1,2,0,1,1,6543.555,2.0,4,4,1.0,14,33,1198.0,0.5348373114087734,74.72209379840524,50.761128211223074,7.730460204225324,1023.3669112145984,8873.344753747322,5645.136,815.0759999999999,965.298,3864.762,1013.406,4631.73,17.95184385283189,1,1,0,0,0,49.0,49.0,49.0,1.0,1.0,0.0,1.0,1,0,0.0,0.0,0.0,1.0,1.0,0.0,0.0,1.0,1.0,1.0,11,1,2021,3,20,5,1,1,1,1,0,1,LEVE,0
0,1,14,2,2,4,-12.21868577027267,-76.94013918025463,0,3,1,0,2,2,2,0,6543.555,2.0,4,4,1.0,14,33,1198.0,0.6990481232857558,80.14597904142546,74.3851677794309,10.004397644056358,1432.5044292531525,459161.0728051392,7626.313,1683.4029999999998,1599.0829999999996,4343.827000000001,1814.875,5811.438000000001,23.797541485643197,2,1,0,1,0,82.0,82.0,82.0,1.0,1.0,0.0,0.0,1,0,0.0,0.0,0.0,1.0,1.0,0.0,0.0,0.0,0.0,0.0,14,3,2022,11,11,4,0,0,0,1,0,1,LEVE,0
3,2,14,0,4,1,-10.67480465875352,-77.7820020705566,2,4,7,1,2,2,2,2,1031.172,-1.0,1,0,0.0,9,32,405.0,0.6089995249782627,83.27989923505345,68.21266463461673,7.753898352965485,1106.793700553604,19807.916488222698,7626.313,1683.4029999999998,1599.0829999999996,4343.827000000001,1814.875,5811.438000000001,23.797541485643197,3,2,0,0,1,37.0,32.0,42.0,1.0,1.0,0.0,1.0,2,0,0.0,1.0,0.0,1.0,1.0,0.0,1.0,1.0,1.0,0.0,5,0,2021,8,16,0,0,1,0,1,0,1,LEVE,0
6,1,14,0,4,1,-11.6098876,-77.2005398,0,4,7,0,2,1,0,0,6543.555,3.0,2,0,1.0,0,30,1475.0,0.606011890732538,79.10580202061365,64.14379964647316,7.172095916125169,1269.9879605915198,20981.39186295503,7626.313,1683.4029999999998,1599.0829999999996,4343.827000000001,1814.875,5811.438000000001,23.797541485643197,5,1,0,0,4,31.0,31.0,31.0,1.0,0.0,0.0,1.0,1,0,0.0,0.0,0.0,1.0,0.0,1.0,0.0,0.0,0.0,0.0,16,3,2025,2,28,4,0,1,0,1,1,1,GRAVE_LESIONADOS,1
0,1,3,2,4,0,-16.3638365470514,-72.1605508747011,0,3,2,1,7,2,2,0,6543.555,2.0,4,4,1.0,14,33,1198.0,0.6077843615696785,76.53072135400231,69.81276959706165,8.77367759087771,1135.5159013374655,74658.55888650964,10322.272,1495.236,1749.739,7077.2970000000005,2886.595,7435.677000000001,27.964725207783708,2,1,0,1,0,41.0,41.0,41.0,1.0,0.0,0.0,0.0,1,0,0.0,1.0,0.0,0.0,0.0,0.0,1.0,0.0,0.0,0.0,21,2,2023,10,6,4,0,0,0,1,0,1,LEVE,0
0,1,14,2,2,4,-12.014924334852047,-77.05189610488354,0,0,1,1,2,2,2,2,6543.555,2.0,4,4,1.0,14,33,1198.0,0.7300036506368504,80.21724456394445,75.11639588359114,10.636845733066124,1559.041185521695,156759.78800856532,7626.313,1683.4029999999998,1599.0829999999996,4343.827000000001,1814.875,5811.438000000001,23.797541485643197,3,1,0,2,0,38.0,38.0,38.0,1.0,1.0,0.0,0.0,1,0,0.0,0.0,0.0,1.0,0.0,0.0,1.0,0.0,0.0,0.0,21,2,2024,3,11,0,0,0,0,1,0,1,GRAVE_MORTALIDAD,2
6,1,2,2,4,1,-13.658174,-73.430306,0,1,1,1,2,2,2,0,7586.903,2.0,2,0,1.0,9,5,1198.0,0.4793125427546004,75.37161635090715,71.73219271520676,7.118816891231773,658.761072373094,17232.488222698074,8358.971,1282.451,1298.0969999999998,5778.423,1432.683,6926.288,17.139466089785454,2,1,0,1,0,56.0,56.0,56.0,1.0,0.0,0.0,0.0,1,0,0.0,0.0,0.0,1.0,1.0,0.0,0.0,1.0,0.0,1.0,21,2,2023,4,5,2,0,0,2,1,0,1,LEVE,0
0,1,14,2,2,4,-12.07940751311462,-77.06570588895616,0,0,7,1,2,2,2,0,6543.555,2.0,4,4,1.0,14,33,1198.0,0.5563774842369664,77.00938809632027,69.10246351364754,8.476961866273152,914.8835608305218,27932.19700214133,7626.313,1683.4029999999998,1599.0829999999996,4343.827000000001,1814.875,5811.438000000001,23.797541485643197,2,1,0,1,0,45.0,45.0,45.0,1.0,0.0,0.0,0.0,1,0,0.0,0.0,0.0,1.0,1.0,0.0,0.0,1.0,0.0,1.0,21,2,2025,3,1,5,1,0,0,1,0,1,LEVE,0
6,1,14,2,2,4,-12.072136199104516,-77.0782893308353,0,0,5,1,2,2,2,2,6543.555,2.0,4,4,1.0,14,33,1198.0,0.5563774842369664,77.00938809632027,69.10246351364754,8.476961866273152,914.8835608305218,27932.19700214133,7626.313,1683.4029999999998,1599.0829999999996,4343.827000000001,1814.875,5811.438000000001,23.797541485643197,1,1,0,0,0,22.0,22.0,22.0,1.0,0.0,0.0,0.0,1,0,0.0,0.0,0.0,1.0,1.0,0.0,0.0,1.0,1.0,1.0,6,1,2024,5,2,3,0,0,0,1,0,1,LEVE,0
6,1,12,0,4,1,-8.702087,-78.639476,0,4,7,1,2,2,2,2,6543.555,3.0,2,0,1.0,0,30,1475.0,0.4867987483268106,77.5825534369154,52.95148122709723,6.150547060309878,840.5788229266196,9838.736616702356,8931.828000000005,1335.5899999999997,1935.9830000000004,5660.255000000005,1219.309,7712.519000000005,13.651281686122925,3,1,0,0,2,28.0,28.0,28.0,1.0,0.0,0.0,0.0,1,0,0.0,0.0,0.0,1.0,0.0,1.0,0.0,0.0,1.0,0.0,14,3,2022,7,12,1,0,0,0,1,1,1,GRAVE_MORTALIDAD,2
3,2,7,2,4,1,-13.590847627281422,-71.7892386920133,2,0,7,1,2,0,1,2,7586.903,2.0,2,0,1.0,9,5,1198.0,0.5065580412535501,64.79370905469777,77.15417383818448,8.35812941450031,844.3117831870799,8658.316916488222,17779.13499998999,2097.3709999899997,2863.123,12818.640999999989,2878.713,14900.421999989989,16.19152450331032,3,2,0,0,1,50.0,50.0,50.0,1.0,0.0,0.0,0.0,2,0,0.0,1.0,0.0,0.0,0.0,0.0,1.0,0.0,0.0,0.0,3,0,2024,2,19,0,0,1,2,1,0,1,GRAVE_MORTALIDAD,2
6,1,23,0,4,1,-3.86861030979828,-80.82938784263142,0,4,7,1,2,1,0,2,6543.555,3.0,2,0,1.0,0,30,1475.0,0.568342833663152,74.37886913017682,68.79116494388956,9.025058202905662,964.4271707185276,11360.244111349037,1009.101,138.47399999999996,287.471,583.156,276.972,732.129,27.447401201663663,1,1,0,0,0,27.0,27.0,27.0,1.0,0.0,0.0,0.0,1,0,0.0,0.0,0.0,0.0,1.0,0.0,0.0,1.0,1.0,1.0,23,2,2021,11,29,0,0,1,0,1,1,1,LEVE,0
0,1,14,2,2,4,-12.15511208588376,-76.95864852025149,0,3,7,0,2,2,2,0,6543.555,2.0,4,4,1.0,14,33,1198.0,0.689811994580126,79.88015655965044,73.89553442371854,9.755251380104111,1409.8432274455126,452660.364025696,7626.313,1683.4029999999998,1599.0829999999996,4343.827000000001,1814.875,5811.438000000001,23.797541485643197,2,1,0,1,0,23.0,23.0,23.0,1.0,0.0,0.0,0.0,1,0,0.0,0.0,0.0,1.0,1.0,0.0,0.0,1.0,1.0,1.0,19,2,2024,12,8,6,1,0,0,1,0,1,LEVE,0
1,1,22,2,2,4,-17.986016,-70.233182,0,0,1,1,2,2,2,0,6543.555,2.0,4,4,1.0,14,33,1198.0,0.5247346827766403,77.18848313096647,75.55178983417426,9.056869377972824,693.9613625714486,37523.97002141328,2650.572,630.6729999999998,487.3610000000001,1532.5379999999998,1068.7019999999998,1581.87,40.31967439480987,2,1,1,1,0,37.0,33.0,40.0,0.0,0.0,0.0,0.0,1,1,1.0,0.0,0.0,0.0,0.0,0.0,0.0,0.0,0.0,1.0,20,2,2022,11,9,2,0,0,0,1,0,1,LEVE,0
6,1,14,2,2,4,-11.8809297,-77.02161,0,1,7,1,2,2,2,0,6543.555,2.0,4,4,1.0,14,33,1198.0,0.6498693508177541,78.84967382596041,74.11456675539837,9.21786785255454,1246.479589064551,356854.23554603854,7626.313,1683.4029999999998,1599.0829999999996,4343.827000000001,1814.875,5811.438000000001,23.797541485643197,3,1,0,2,0,37.0,37.0,37.0,1.0,0.0,0.0,0.0,1,0,0.0,0.0,0.0,1.0,0.0,1.0,0.0,0.0,0.0,0.0,8,1,2022,6,5,6,1,0,0,1,0,1,LEVE,0
0,0,14,2,2,4,-12.254683409652396,-76.9166081287385,0,3,7,1,4,2,2,0,6543.555,2.0,4,4,1.0,14,33,1198.0,0.6909236767275176,78.41626133969348,70.97436336767564,9.826485374940413,1476.8351947609171,95908.53319057816,7626.313,1683.4029999999998,1599.0829999999996,4343.827000000001,1814.875,5811.438000000001,23.797541485643197,3,2,0,1,0,48.5,28.0,69.0,1.0,0.0,0.0,0.0,2,0,0.0,1.0,0.0,1.0,0.0,1.0,1.0,0.0,0.0,0.0,23,2,2021,8,24,1,0,1,0,1,0,1,LEVE,0
6,1,2,0,4,1,-13.977506644269104,-72.38680757070567,0,4,7,1,3,2,2,2,428.67,-1.0,0,3,0.0,9,32,52.0,0.2901560454891014,71.32208688690824,57.91815688426187,4.514973497070771,269.3845261568443,7519.826552462528,8358.971,1282.451,1298.0969999999998,5778.423,1432.683,6926.288,17.139466089785454,2,1,0,0,1,27.0,27.0,27.0,1.0,1.0,0.0,0.0,1,0,0.0,0.0,0.0,1.0,1.0,0.0,0.0,1.0,0.0,0.0,2,0,2021,5,3,0,0,0,2,1,0,1,LEVE,0
3,2,5,0,4,1,-5.142528,-79.021396,0,4,0,0,2,2,2,2,7758.33400008,2.0,2,0,1.0,9,20,2133.0,0.4391812721167056,75.54174317098156,56.236342149889175,6.489422517034793,610.2085755707644,37111.99571734476,15935.565011852366,1733.9250000199986,935.692,13265.948011832368,2000.1670000199988,13935.398011832369,12.551591352627522,4,2,0,0,2,40.0,28.0,52.0,1.0,1.0,0.0,1.0,2,0,0.0,0.0,0.0,1.0,1.0,0.0,0.0,0.0,0.0,1.0,18,2,2025,6,2,0,0,0,2,1,0,1,GRAVE_LESIONADOS,1
3,1,5,0,4,1,-7.080033,-78.592559,0,4,7,0,2,2,2,2,9936.932,2.0,2,0,1.0,9,32,3830.0,0.6070175276741574,73.19224654097276,74.29530430690215,9.490386956642766,1117.141592366869,257380.9443254818,15935.565011852366,1733.9250000199986,935.692,13265.948011832368,2000.1670000199988,13935.398011832369,12.551591352627522,2,2,0,0,0,31.5,21.0,42.0,1.0,1.0,0.0,1.0,2,0,0.0,1.0,0.0,1.0,1.0,0.0,1.0,0.0,0.0,1.0,8,1,2025,7,14,0,0,0,2,1,0,1,LEVE,0
4,1,22,2,2,4,-18.088985,-70.286894,0,3,7,1,2,2,2,2,6543.555,2.0,4,4,1.0,14,33,1198.0,0.6966125262955101,76.67066141771582,75.49195828278967,11.654573086271489,1371.819928142763,74177.24411134903,2650.572,630.6729999999998,487.3610000000001,1532.5379999999998,1068.7019999999998,1581.87,40.31967439480987,1,1,0,0,0,21.0,21.0,21.0,1.0,0.0,0.0,0.0,1,0,0.0,0.0,0.0,1.0,1.0,0.0,0.0,1.0,0.0,0.0,3,0,2024,3,29,4,0,1,0,1,0,1,LEVE,0
6,1,20,0,4,1,-16.024146133773815,-69.73722878919689,0,4,7,1,2,2,2,2,7586.903,2.0,2,0,1.0,9,5,1198.0,0.3247057995130503,73.24682709519536,76.81044161661171,6.507336567861034,242.9773157546694,24872.03426124197,13642.312999999998,2020.7790000000005,2354.117,9267.416999999998,3314.0520000000006,10328.260999999997,24.29244952817019,3,1,0,0,2,28.0,28.0,28.0,1.0,0.0,0.0,0.0,1,0,0.0,0.0,0.0,1.0,0.0,1.0,0.0,0.0,0.0,0.0,11,1,2022,5,12,3,0,0,2,1,0,1,LEVE,0
0,1,12,0,4,1,-8.945029,-78.629661,0,4,7,1,2,2,2,4,6543.555,3.0,2,0,1.0,0,30,1475.0,0.4867987483268106,77.5825534369154,52.95148122709723,6.150547060309878,840.5788229266196,9838.736616702356,8931.828000000005,1335.5899999999997,1935.9830000000004,5660.255000000005,1219.309,7712.519000000005,13.651281686122925,2,1,0,1,0,48.0,48.0,48.0,1.0,0.0,0.0,0.0,1,0,0.0,0.0,1.0,0.0,0.0,0.0,1.0,0.0,0.0,0.0,2,0,2021,6,1,1,0,0,0,1,1,1,LEVE,0
3,2,17,2,2,4,-17.209031,-70.940198,0,0,1,1,2,1,0,2,6543.555,2.0,4,4,1.0,14,33,1198.0,0.7019393796398946,77.75173796903684,74.13909206921859,10.843210004831542,1446.2028877191838,64680.35760171306,2949.174,470.28500000000025,903.055,1575.834,866.4460000000004,2082.728,29.37927704503025,3,2,0,0,1,35.5,25.0,46.0,1.0,1.0,0.0,1.0,2,0,0.0,0.0,0.0,1.0,1.0,1.0,0.0,0.0,0.0,0.0,6,1,2021,7,2,4,0,0,0,1,0,1,LEVE,0
6,1,17,0,4,1,-17.266918,-71.190611,6,5,6,2,6,2,2,0,6639.975,2.0,2,0,1.0,9,31,1616.0,0.7019393796398946,77.75173796903684,74.13909206921859,10.843210004831542,1446.2028877191838,64680.35760171306,2949.174,470.28500000000025,903.055,1575.834,866.4460000000004,2082.728,29.37927704503025,1,1,0,0,0,62.0,62.0,62.0,1.0,0.0,0.0,0.0,1,0,0.0,0.0,0.0,1.0,0.0,1.0,0.0,0.0,0.0,0.0,13,3,2021,8,6,4,0,0,0,1,0,1,LEVE,0
6,1,12,0,4,2,-7.814124697487608,-78.43235380456227,0,4,7,1,1,2,2,0,6543.555,2.0,4,4,1.0,14,33,1198.0,0.1883083184611077,75.93360618381381,28.79507521744373,3.260895439511201,147.65429669929867,24235.73233404711,8931.828000000005,1335.5899999999997,1935.9830000000004,5660.255000000005,1219.309,7712.519000000005,13.651281686122925,4,1,0,0,3,35.0,35.0,35.0,1.0,1.0,0.0,0.0,1,0,0.0,0.0,0.0,1.0,0.0,0.0,1.0,0.0,0.0,0.0,20,2,2023,8,24,3,0,1,0,1,0,1,GRAVE_LESIONADOS,1
0,1,3,2,4,3,-16.433946,-71.553471,0,2,4,0,2,1,1,0,6543.555,2.0,4,4,1.0,14,33,1198.0,0.6631745849019589,78.63253022415783,79.29781888439902,10.779495299397515,1170.8241486483955,46994.9721627409,10322.272,1495.236,1749.739,7077.2970000000005,2886.595,7435.677000000001,27.964725207783708,2,1,0,1,0,30.0,30.0,30.0,1.0,1.0,0.0,0.0,1,0,0.0,0.0,0.0,1.0,0.0,1.0,0.0,0.0,0.0,0.0,20,2,2021,12,18,5,1,1,0,1,0,1,LEVE,0
6,1,4,0,4,3,-15.206664,-73.286689,2,4,0,0,1,2,2,2,6543.555,2.0,4,4,1.0,14,33,1198.0,0.3439745311780704,67.03581274053994,49.75896703707712,6.802041486394694,377.02861119452666,970.372591006424,12678.733000000004,1805.074000000001,1774.0339999999994,9099.625000000004,2485.375000000001,10193.358000000002,19.602707936195205,7,1,0,0,6,38.0,38.0,38.0,1.0,0.0,0.0,1.0,1,0,0.0,1.0,0.0,0.0,0.0,0.0,1.0,0.0,0.0,0.0,18,2,2024,1,23,1,0,1,2,1,0,1,GRAVE_MORTALIDAD,2
3,2,13,2,4,1,-5.9863394,-79.7392495,0,0,7,1,2,1,1,0,1305.18,2.0,2,0,1.0,1,20,163.0,0.4703091457296942,74.91176543888524,59.04522375211969,6.365443427676777,742.49897987499,44335.321199143465,3459.691,515.0619999999999,689.7280000000001,2254.901,703.3549999999999,2756.336,20.329994788551925,2,2,0,0,0,46.5,32.0,61.0,1.0,1.0,0.0,0.0,2,0,0.0,0.0,1.0,0.0,1.0,1.0,0.0,0.0,0.0,0.0,9,1,2021,2,27,5,1,1,0,1,0,1,LEVE,0
1,1,12,0,4,2,-8.493315829620448,-78.61949106563041,0,4,7,1,1,2,2,0,6543.555,2.0,4,4,1.0,14,33,1198.0,0.4971504606547645,77.79759708660042,46.44666297237219,6.322206801902116,929.9716106661404,44368.59100642397,8931.828000000005,1335.5899999999997,1935.9830000000004,5660.255000000005,1219.309,7712.519000000005,13.651281686122925,2,1,1,1,0,37.0,33.0,40.0,0.0,0.0,0.0,0.0,1,1,1.0,0.0,0.0,0.0,0.0,0.0,0.0,0.0,0.0,1.0,18,2,2022,10,29,5,1,1,0,1,0,1,LEVE,0