CLASE SINIESTRO,CANTIDAD DE VEHICULOS DAÑADOS,DEPARTAMENTO,ZONA,TIPO DE VÍA,RED VIAL,COORDENADAS LATITUD,COORDENADAS  LONGITUD,CONDICIÓN CLIMÁTICA,ZONIFICACIÓN,CARACTERÍSTICAS DE VÍA,PERFIL LONGITUDINAL VÍA,SUPERFICIE DE CALZADA,¿EXISTE SEÑAL VERTICAL?,¿EXISTE SEÑAL HORIZONTAL?,CAUSA FACTOR PRINCIPAL,MTC_RVN_LONGITUD_KM,MTC_RVN_N_CARRILES_MEDIANA,MTC_RVN_SUPERFICIE_DOMINANTE,MTC_RVN_ESTADO_DOMINANTE,MTC_RVN_ES_CONCESIONADA,MTC_RVN_CONCESION_PRINCIPAL,MTC_RVN_CORREDOR_LOGISTICO,MTC_RVN_N_TRAMOS,IDH_2019,IDH_ESP_VIDA_2019,IDH_EDUC_SECUND_PCT_2019,IDH_ANIOS_EDUC_2019,IDH_INGRESO_PERCAP_2019,IDH_POBLACION_2019,MTC_DEP_RED_TOTAL_KM,MTC_DEP_NACIONAL_TOTAL_KM,MTC_DEP_DEPARTAMENTAL_TOTAL_KM,MTC_DEP_VECINAL_TOTAL_KM,MTC_DEP_PAV_TOTAL_KM,MTC_DEP_NO_PAV_TOTAL_KM,MTC_DEP_PCT_PAVIMENTADA,PER_TOTAL_PERSONAS,PER_N_CONDUCTORES,PER_N_CONDUCTORES_FUGADOS,PER_N_PEATONES,PER_N_PASAJEROS_OCUPANTES,PER_EDAD_COND_PROM,PER_EDAD_COND_MIN,PER_EDAD_COND_MAX,PER_ANY_COND_MASCULINO,PER_ANY_LIC_PROBLEMA,PER_ANY_DOSAJE_POS,PER_ANY_DOSAJE_EVALUADO,VEH_TOTAL,VEH_N_FUGADOS,VEH_ANY_FUGADO,VEH_ANY_CARGA,VEH_ANY_PUBLICO,VEH_ANY_PARTICULAR,VEH_ANY_MOTO,VEH_ANY_AUTO,VEH_ANY_CAMION_BUS,VEH_ANY_SOAT_PROBLEMA,VEH_ANY_CITV_PROBLEMA,VEH_ANY_SEGURO_PROBLEMA,HORA_NUM,FRANJA_HORARIA,ANIO,MES,DIA_MES,DIA_SEMANA,ES_FIN_SEMANA,ES_QUINCENA,REGION_NATURAL,TIENE_SEÑALIZACION,ES_VIA_MULTICARRIL,ES_DEPTO_BAJO_PAVIMENTO,CATEGORIA_SEVERIDAD,CATEGORIA_SEVERIDAD_ENC
1,1,7,0,4,1,-13.476892,-72.1231,0,4,0,1,4,2,2,4,7586.903,2.0,2,0,1.0,9,5,1198.0,0.4461630003962475,73.21502670801013,72.39928330950325,7.637017072327872,534.399353077353,18328.770877944324,17779.13499998999,2097.3709999899997,2863.123,12818.640999999989,2878.713,14900.421999989989,16.19152450331032,2,1,1,1,0,37.0,33.0,40.0,0.0,0.0,0.0,0.0,1,1,1.0,0.0,0.0,0.0,0.0,0.0,0.0,0.0,0.0,1.0,1,0,2024,9,30,0,0,1,2,1,0,1,LEVE,0
3,1,14,2,2,4,-12.23578,-76.9232,0,2,7,1,2,2,2,2,6543.555,2.0,4,4,1.0,14,33,1198.0,0.6990481232857558,80.14597904142546,74.3851677794309,10.004397644056358,1432.5044292531525,459161.0728051392,7626.313,1683.4029999999998,1599.0829999999996,4343.827000000001,1814.875,5811.438000000001,23.797541485643197,2,2,0,0,0,51.0,39.0,63.0,1.0,0.0,0.0,0.0,2,0,0.0,0.0,0.0,1.0,1.0,0.0,1.0,0.0,1.0,0.0,13,3,2021,6,3,3,0,0,0,1,0,1,LEVE,0
0,1,14,2,4,1,-12.006244,-76.848847,0,0,0,1,2,2,2,0,875.67,2.0,2,0,1.0,3,14,156.0,0.6868549636939637,79.62363164345142,76.30894566128948,9.209137883551294,1425.4498631666322,684921.8484148846,7626.313,1683.4029999999998,1599.0829999999996,4343.827000000001,1814.875,5811.438000000001,23.797541485643197,2,1,0,1,0,23.0,23.0,23.0,1.0,0.0,0.0,0.0,1,0,0.0,0.0,0.0,1.0,0.0,1.0,0.0,0.0,0.0,0.0,18,2,2023,12,4,0,0,0,0,1,0,1,LEVE,0
3,2,5,0,4,1,-7.190046,-78.47066,0,4,7,1,2,2,2,2,9936.932,2.0,2,0,1.0,9,32,3830.0,0.3658867820676106,77.61736312988027,56.72232982291409,4.846126768330761,429.7048027279435,5469.092077087795,15935.565011852366,1733.9250000199986,935.692,13265.948011832368,2000.1670000199988,13935.398011832369,12.551591352627522,3,2,0,0,1,34.5,21.0,48.0,1.0,0.0,0.0,1.0,2,0,0.0,0.0,1.0,1.0,1.0,0.0,1.0,0.0,1.0,0.0,5,0,2025,2,21,4,0,1,2,1,0,1,LEVE,0
3,0,14,2,4,1,-12.221114594425702,-76.97614819371015,0,1,1,1,2,2,2,0,6639.975,2.0,2,0,1.0,9,31,1616.0,0.7583553928164398,79.82595632107274,76.7651270103073,11.46351379457763,1662.7771470294065,333655.3618843683,7626.313,1683.4029999999998,1599.0829999999996,4343.827000000001,1814.875,5811.438000000001,23.797541485643197,2,2,0,0,0,49.0,45.0,53.0,1.0,0.0,0.0,1.0,2,0,0.0,1.0,0.0,1.0,0.0,1.0,1.0,0.0,0.0,0.0,19,2,2022,1,3,0,0,0,0,1,0,1,LEVE,0
0,1,7,0,4,1,-13.489434883491962,-72.24052265359757,0,4,7,1,2,1,1,2,7586.903,2.0,2,0,1.0,9,5,1198.0,0.429914756045985,74.25916870636927,79.51566557864805,7.366336486335375,462.32789717794617,3225.312633832976,17779.13499998999,2097.3709999899997,2863.123,12818.640999999989,2878.713,14900.421999989989,16.19152450331032,2,1,0,1,0,25.0,25.0,25.0,1.0,0.0,0.0,1.0,1,0,0.0,0.0,0.0,1.0,1.0,0.0,0.0,0.0,1.0,0.0,6,1,2022,10,17,0,0,1,2,1,0,1,LEVE,0
0,1,13,0,4,1,-6.637867,-79.950015,0,4,7,1,2,2,2,0,6543.555,3.0,2,0,1.0,0,30,1475.0,0.5539280527450423,74.69452916859504,66.89728158703436,9.542777400516576,872.5509264417765,79617.09421841543,3459.691,515.0619999999999,689.7280000000001,2254.901,703.3549999999999,2756.336,20.329994788551925,2,1,0,1,0,23.0,23.0,23.0,1.0,0.0,0.0,1.0,1,0,0.0,0.0,0.0,1.0,0.0,1.0,0.0,0.0,1.0,0.0,1,0,2021,1,11,0,0,0,0,1,1,1,LEVE,0
3,2,7,2,4,1,-13.486048,-72.16768,0,4,7,1,2,2,2,2,7586.903,2.0,2,0,1.0,9,5,1198.0,0.4461630003962475,73.21502670801013,72.39928330950325,7.637017072327872,534.399353077353,18328.770877944324,17779.13499998999,2097.3709999899997,2863.123,12818.640999999989,2878.713,14900.421999989989,16.19152450331032,10,2,0,0,8,43.5,27.0,60.0,1.0,1.0,0.0,1.0,2,0,0.0,0.0,1.0,1.0,0.0,1.0,1.0,0.0,1.0,0.0,4,0,2024,3,5,1,0,0,2,1,0,1,GRAVE_LESIONADOS,1
1,1,3,2,4,1,-16.41294,-71.554685,0,0,7,1,2,0,1,0,1101.78,1.0,5,2,0.0,9,32,202.0,0.6855214685752905,77.55287024349596,78.52978455751916,11.09515988146928,1299.5425610685809,22541.235546038544,10322.272,1495.236,1749.739,7077.2970000000005,2886.595,7435.677000000001,27.964725207783708,2,1,1,1,0,37.0,33.0,40.0,0.0,0.0,0.0,0.0,1,1,1.0,0.0,0.0,0.0,0.0,0.0,0.0,0.0,0.0,1.0,20,2,2025,6,3,1,0,0,0,1,0,1,LEVE,0
3,1,14,2,4,1,-12.362247,-76.794153,0,4,7,1,2,2,2,0,6639.975,2.0,2,0,1.0,9,31,1616.0,0.6997623570346938,76.1024633480164,67.4916969677081,10.594360693484372,1568.8925177861563,8292.871520342613,7626.313,1683.4029999999998,1599.0829999999996,4343.827000000001,1814.875,5811.438000000001,23.797541485643197,5,2,0,0,3,41.5,40.0,43.0,1.0,0.0,0.0,0.0,2,0,0.0,0.0,1.0,1.0,0.0,1.0,1.0,0.0,0.0,0.0,6,1,2025,2,17,0,0,1,0,1,0,1,GRAVE_MORTALIDAD,2
6,1,5,0,4,1,-7.286192,-78.213168,0,4,7,0,2,1,1,0,9936.932,2.0,2,0,1.0,9,32,3830.0,0.2248217662933267,71.86940730479807,40.39097341188932,3.5762485388565097,194.53057273302585,5022.419700214133,15935.565011852366,1733.9250000199986,935.692,13265.948011832368,2000.1670000199988,13935.398011832369,12.551591352627522,4,1,0,0,3,37.0,33.0,40.0,0.0,0.0,0.0,0.0,1,0,0.0,0.0,0.0,1.0,1.0,0.0,0.0,1.0,0.0,0.0,4,0,2021,9,18,5,1,1,2,1,0,1,LEVE,0
7,1,20,0,4,3,-16.639392,-69.22611,6,5,6,2,6,2,2,0,6543.555,2.0,4,4,1.0,14,33,1198.0,0.3395425415266465,75.63312664085699,79.14276868152973,8.009431562906503,229.36973523840712,20389.45182012848,13642.312999999998,2020.7790000000005,2354.117,9267.416999999998,3314.0520000000006,10328.260999999997,24.29244952817019,1,0,0,0,1,37.0,33.0,40.0,1.0,0.0,0.0,0.0,1,0,0.0,0.0,0.0,0.0,0.0,0.0,0.0,1.0,0.0,1.0,16,3,2025,1,3,4,0,0,2,1,0,1,LEVE,0
5,2,23,2,4,1,-3.4922005695280047,-80.26855400224463,0,4,7,1,2,2,2,2,34.68,2.0,2,0,0.0,9,32,10.0,0.5517527352166962,72.19810860253655,65.69527868627884,9.147232287140229,937.8014966124026,23389.404710920768,1009.101,138.47399999999996,287.471,583.156,276.972,732.129,27.447401201663663,3,2,1,0,1,18.0,18.0,18.0,1.0,1.0,0.0,0.0,2,1,1.0,0.0,1.0,0.0,1.0,0.0,0.0,1.0,1.0,1.0,4,0,2024,7,7,6,1,0,0,1,0,1,LEVE,0
3,1,11,2,4,2,-12.05742,-75.272283,0,4,7,1,2,0,1,2,6543.555,2.0,4,4,1.0,14,33,1198.0,0.5484926229087004,71.68710358104774,72.11550957589158,9.507801722229406,870.5033230695167,21173.26124197002,12264.545,1826.4639999999995,1105.5389999999998,9332.542,1588.5359999999996,10676.009,12.952261987705208,3,2,0,0,1,24.5,23.0,26.0,1.0,1.0,0.0,1.0,2,0,0.0,0.0,0.0,1.0,1.0,0.0,1.0,0.0,1.0,1.0,18,2,2022,10,20,3,0,1,2,1,0,1,LEVE,0
6,1,8,0,4,1,-12.25171435148508,-75.08043804415979,5,4,7,1,2,2,2,0,200.335,2.0,1,3,0.0,9,32,113.0,0.2778374067164198,76.3467601260823,56.08796064531988,4.776256490985982,215.1778698122941,5514.537473233406,8511.426,1445.3929999999996,2008.516,5057.516999999999,1879.579,6631.846999999998,22.08300935706896,2,1,0,0,1,57.0,57.0,57.0,1.0,0.0,0.0,0.0,1,0,0.0,0.0,0.0,1.0,0.0,0.0,1.0,0.0,0.0,0.0,6,1,2023,12,25,0,0,1,2,1,0,1,GRAVE_MORTALIDAD,2
6,1,8,0,4,1,-12.503216962096868,-74.71641890798233,0,4,0,1,7,2,2,0,7586.903,2.0,2,0,1.0,9,5,1198.0,0.2371271103914559,67.35907202388974,48.34285985638861,3.957778336278219,206.76708776763252,3746.0,8511.426,1445.3929999999996,2008.516,5057.516999999999,1879.579,6631.846999999998,22.08300935706896,2,1,0,0,1,54.0,54.0,54.0,1.0,0.0,0.0,0.0,1,0,0.0,0.0,0.0,1.0,0.0,1.0,0.0,0.0,0.0,0.0,8,1,2024,7,15,0,0,1,2,1,0,1,GRAVE_MORTALIDAD,2
3,2,19,2,4,1,-5.30591043101296,-80.7010944563905,0,0,7,1,2,2,2,0,453.9549999999999,2.0,2,3,0.0,9,32,133.0,0.5034350778485951,78.14388603810477,62.51585839041032,7.698619805954479,731.8176685454189,76220.84796573877,8965.846000060003,1782.4120000599992,636.9959999999999,6546.438000000004,2214.505000059999,6751.341000000004,24.699342371541725,2,2,0,0,0,48.5,40.0,57.0,1.0,1.0,0.0,1.0,2,0,0.0,1.0,1.0,0.0,0.0,1.0,1.0,0.0,0.0,0.0,20,2,2022,2,14,0,0,0,0,1,0,1,LEVE,0
3,1,14,0,4,1,-11.779259,-76.983315,0,4,7,1,2,2,2,0,1084.715,2.0,2,3,0.0,9,23,1025.0,0.6498693508177541,78.84967382596041,74.11456675539837,9.21786785255454,1246.479589064551,356854.23554603854,7626.313,1683.4029999999998,1599.0829999999996,4343.827000000001,1814.875,5811.438000000001,23.797541485643197,12,2,0,0,10,26.0,24.0,28.0,1.0,0.0,0.0,0.0,2,0,0.0,0.0,1.0,1.0,0.0,0.0,1.0,0.0,1.0,0.0,17,3,2025,3,6,3,0,0,0,1,0,1,GRAVE_MORTALIDAD,2
3,2,11,0,4,1,-11.5012756,-74.462138,0,4,0,1,2,2,2,0,1337.175,1.0,1,3,0.0,9,32,315.0,0.3570817332180048,73.74932476832508,43.805659202757695,6.484925788605561,398.3541927461293,66993.35796966725,12264.545,1826.4639999999995,1105.5389999999998,9332.542,1588.5359999999996,10676.009,12.952261987705208,4,2,0,0,2,22.5,20.0,25.0,1.0,1.0,0.0,1.0,2,0,0.0,0.0,0.0,1.0,1.0,0.0,1.0,1.0,1.0,0.0,1,0,2021,8,29,6,1,1,2,1,0,1,GRAVE_MORTALIDAD,2
6,1,3,0,4,2,-16.239712,-71.71059,0,4,7,0,7,2,2,0,6543.555,2.0,4,4,1.0,14,33,1198.0,0.6005060748875158,78.21704200773246,77.40211893847457,8.994742794352394,996.014120858737,33335.45824411135,10322.272,1495.236,1749.739,7077.2970000000005,2886.595,7435.677000000001,27.964725207783708,3,1,0,0,2,27.0,27.0,27.0,1.0,0.0,0.0,0.0,1,0,0.0,0.0,0.0,1.0,0.0,1.0,0.0,0.0,0.0,0.0,16,3,2022,5,8,6,1,0,0,1,0,1,LEVE,0
6,1,14,2,2,4,-12.076163677993936,-77.02763028722859,0,3,7,0,2,2,2,2,6543.555,2.0,4,4,1.0,14,33,1198.0,0.7141594849782824,79.90829932185413,74.79179886803175,10.522504814235935,1482.4793645077043,156887.87152034265,7626.313,1683.4029999999998,1599.0829999999996,4343.827000000001,1814.875,5811.438000000001,23.797541485643197,1,1,0,0,0,22.0,22.0,22.0,1.0,0.0,0.0,1.0,1,0,0.0,0.0,0.0,1.0,1.0,0.0,0.0,0.0,0.0,0.0,21,2,2021,2,9,1,0,0,0,1,0,1,LEVE,0
6,1,5,0,4,1,-6.941962,-78.190139,0,4,0,1,2,2,2,0,2760.8550000000005,1.0,1,3,0.0,9,32,1208.0,0.4099225962391719,71.62922719902532,57.483630572514166,6.113560291787416,557.8410440592945,1881.1006423982867,15935.565011852366,1733.9250000199986,935.692,13265.948011832368,2000.1670000199988,13935.398011832369,12.551591352627522,5,1,0,0,4,35.0,35.0,35.0,1.0,0.0,0.0,0.0,1,0,0.0,0.0,0.0,1.0,0.0,1.0,0.0,0.0,0.0,0.0,6,1,2022,9,10,5,1,0,2,1,0,1,GRAVE_LESIONADOS,1
6,1,14,0,4,1,-12.397032,-76.758067,0,4,7,1,2,2,2,0,6639.975,2.0,2,0,1.0,9,31,1616.0,0.7238335901083031,79.66547280467641,76.37525886646478,10.576617527878618,1528.3977840301418,8667.355460385439,7626.313,1683.4029999999998,1599.0829999999996,4343.827000000001,1814.875,5811.438000000001,23.797541485643197,2,1,0,0,1,25.0,25.0,25.0,1.0,0.0,0.0,0.0,1,0,0.0,0.0,0.0,1.0,1.0,0.0,0.0,1.0,1.0,1.0,6,1,2025,2,9,6,1,0,0,1,0,1,LEVE,0
3,1,14,2,2,4,-11.962558666624766,-77.08060381638019,0,1,7,1,2,2,2,0,6543.555,2.0,4,4,1.0,14,33,1198.0,0.758462599563312,80.5192231989937,79.20045639149897,11.33839041452458,1628.5661148492152,363987.54389721627,7626.313,1683.4029999999998,1599.0829999999996,4343.827000000001,1814.875,5811.438000000001,23.797541485643197,7,2,1,0,5,44.0,44.0,44.0,1.0,0.0,0.0,0.0,2,0,0.0,0.0,1.0,1.0,0.0,1.0,1.0,0.0,1.0,0.0,15,3,2022,6,21,1,0,1,0,1,0,1,GRAVE_LESIONADOS,1
6,1,7,0,4,1,-13.185256374970326,-70.42503835104611,0,4,0,0,2,2,2,2,3263.58,2.0,2,0,1.0,5,18,566.0,0.456269323491559,57.22814439496783,65.7020880165366,7.857170607722528,858.4104388154956,2071.82869379015,17779.13499998999,2097.3709999899997,2863.123,12818.640999999989,2878.713,14900.421999989989,16.19152450331032,1,1,0,0,0,34.0,34.0,34.0,1.0,0.0,0.0,0.0,1,0,0.0,1.0,0.0,0.0,1.0,0.0,0.0,1.0,0.0,0.0,10,1,2021,1,19,1,0,1,2,1,0,1,LEVE,0
10,1,7,0,4,1,-12.63934,-72.87988,0,4,0,1,2,2,2,2,3447.8009999999995,1.0,2,3,0.0,9,12,1109.0,0.4297325556987851,76.15904795703717,58.63823936731875,6.097264629229048,579.625724446144,29458.58458244112,17779.13499998999,2097.3709999899997,2863.123,12818.640999999989,2878.713,14900.421999989989,16.19152450331032,2,1,0,0,1,41.0,41.0,41.0,1.0,0.0,0.0,0.0,1,0,0.0,0.0,0.0,1.0,0.0,0.0,1.0,0.0,1.0,0.0,1,0,2024,4,4,3,0,0,2,1,0,1,LEVE,0
1,1,12,0,4,1,-8.117398,-79.003102,0,4,7,1,2,2,2,0,610.6099999999999,2.0,2,0,1.0,8,29,100.0,0.7151155191839451,79.57652607829836,77.25576500264712,11.809756866444314,1377.9438475528384,331253.00214132766,8931.828000000005,1335.5899999999997,1935.9830000000004,5660.255000000005,1219.309,7712.519000000005,13.651281686122925,2,1,1,1,0,37.0,33.0,40.0,0.0,0.0,0.0,0.0,1,1,1.0,0.0,0.0,0.0,0.0,0.0,0.0,0.0,0.0,1.0,1,0,2023,5,14,6,1,0,0,1,0,1,LEVE,0
3,1,5,0,4,1,-7.127146,-78.345043,0,4,0,1,2,2,2,2,2760.8550000000005,1.0,1,3,0.0,9,32,1208.0,0.2787832446449395,76.6302139673737,44.82684454743621,3.548077185984384,299.2159549691333,20782.33618843683,15935.565011852366,1733.9250000199986,935.692,13265.948011832368,2000.1670000199988,13935.398011832369,12.551591352627522,2,2,0,0,0,34.5,34.0,35.0,1.0,1.0,0.0,1.0,2,0,0.0,0.0,0.0,1.0,1.0,0.0,1.0,0.0,1.0,1.0,1,0,2024,4,12,4,0,0,2,1,0,1,LEVE,0
0,1,14,2,4,1,-12.06171738079492,-76.97183037251226,0,2,7,1,2,2,2,0,6639.975,2.0,2,0,1.0,9,31,1616.0,0.6868549636939637,79.62363164345142,76.30894566128948,9.209137883551294,1425.4498631666322,684921.8484148846,7626.313,1683.4029999999998,1599.0829999999996,4343.827000000001,1814.875,5811.438000000001,23.797541485643197,2,1,0,1,0,38.0,38.0,38.0,1.0,1.0,0.0,0.0,1,0,0.0,1.0,0.0,0.0,0.0,0.0,1.0,0.0,1.0,0.0,14,3,2024,5,28,1,0,1,0,1,0,1,LEVE,0
9,1,5,1,4,2,-6.87500644702304,-78.1747825924907,0,3,0,0,1,2,2,0,6543.555,2.0,4,4,1.0,14,33,1198.0,0.4626426475820469,68.55306494378911,65.85969011943656,7.360220599067626,697.1780256934369,29011.38543897216,15935.565011852366,1733.9250000199986,935.692,13265.948011832368,2000.1670000199988,13935.398011832369,12.551591352627522,9,1,0,0,8,22.0,22.0,22.0,1.0,0.0,0.0,1.0,1,0,0.0,0.0,0.0,1.0,0.0,0.0,1.0,1.0,1.0,1.0,11,1,2023,9,5,1,0,0,2,1,0,1,GRAVE_LESIONADOS,1
0,0,10,0,4,1,-13.560465,-76.180318,0,4,7,1,2,2,2,0,205.54999999999995,-1.0,2,0,1.0,13,31,15.0,0.533712318797331,79.3365989923595,61.56804543976482,8.261681946790427,816.7917863887187,13863.817987152031,3721.461,698.1859999999996,744.866,2278.409,1102.9029999999996,2618.558,29.636290693359403,2,1,0,1,0,54.0,54.0,54.0,1.0,0.0,0.0,0.0,1,0,0.0,0.0,1.0,0.0,0.0,0.0,1.0,0.0,0.0,0.0,3,0,2023,11,25,5,1,1,0,1,0,1,LEVE,0
6,1,4,0,4,1,-13.34226175,-74.17256924,0,4,0,0,7,1,0,6,7586.903,2.0,2,0,1.0,9,5,1198.0,0.3247312330485405,68.57537050324747,46.66146619568446,5.125443322268163,386.5923984732166,6998.3704496788005,12678.733000000004,1805.074000000001,1774.0339999999994,9099.625000000004,2485.375000000001,10193.358000000002,19.602707936195205,4,1,0,0,3,23.0,23.0,23.0,1.0,0.0,0.0,0.0,1,0,0.0,0.0,0.0,1.0,0.0,1.0,0.0,0.0,0.0,0.0,17,3,2022,5,1,6,1,0,2,1,0,1,GRAVE_LESIONADOS,1
2,1,3,2,4,0,-16.346615,-72.190576,7,4,9,1,2,2,2,0,6543.555,2.0,4,4,1.0,14,33,1198.0,0.6077843615696785,76.53072135400231,69.81276959706165,8.77367759087771,1135.5159013374655,74658.55888650964,10322.272,1495.236,1749.739,7077.2970000000005,2886.595,7435.677000000001,27.964725207783708,2,1,0,0,1,28.0,28.0,28.0,1.0,0.0,1.0,1.0,1,0,0.0,0.0,1.0,0.0,0.0,0.0,1.0,0.0,0.0,0.0,21,2,2024,4,8,0,0,0,0,1,0,1,LEVE,0
6,1,8,0,4,1,-13.607529162762743,-75.32030773156066,2,4,0,0,2,2,2,0,1679.5849999999998,2.0,2,3,1.0,9,24,315.0,0.5258594244692153,73.82156528983522,52.91202227434253,8.902806700766412,891.2832603689374,2062.0406852248398,8511.426,1445.3929999999996,2008.516,5057.516999999999,1879.579,6631.846999999998,22.08300935706896,5,1,1,0,4,18.0,18.0,18.0,1.0,1.0,0.0,0.0,1,0,0.0,0.0,0.0,1.0,0.0,1.0,0.0,0.0,0.0,0.0,17,3,2022,3,3,3,0,0,2,1,0,1,GRAVE_LESIONADOS,1
3,2,14,2,4,0,-11.078665,-77.597574,0,2,7,1,2,2,2,2,6543.555,2.0,4,4,1.0,14,33,1198.0,0.6533652047552301,78.29498067305107,78.34373990413404,10.421388541228552,1157.2853272144607,29504.920770877947,7626.313,1683.4029999999998,1599.0829999999996,4343.827000000001,1814.875,5811.438000000001,23.797541485643197,2,2,0,0,0,39.0,27.0,51.0,1.0,1.0,0.0,1.0,2,0,0.0,0.0,1.0,1.0,1.0,0.0,1.0,0.0,0.0,0.0,23,2,2021,8,24,1,0,1,0,1,0,1,LEVE,0
3,1,11,0,4,1,-10.89080429083629,-74.94928842950357,0,4,7,0,2,2,2,0,5768.608,2.0,3,1,0.0,9,32,365.0,0.4295860411633357,74.52920034355449,56.24873272101314,6.697659727647938,572.4658040665552,73767.52890792291,12264.545,1826.4639999999995,1105.5389999999998,9332.542,1588.5359999999996,10676.009,12.952261987705208,2,2,0,0,0,41.5,25.0,58.0,1.0,1.0,0.0,0.0,2,0,0.0,0.0,0.0,1.0,1.0,0.0,1.0,0.0,0.0,0.0,17,3,2021,4,24,5,1,1,2,1,0,1,LEVE,0
6,1,1,0,4,1,-10.153448460439156,-77.43872082583397,0,4,0,0,2,1,1,2,616.825,2.0,2,3,0.0,9,6,145.0,0.4531157308049352,69.6069712983507,58.76727661591375,7.129251453181916,691.8045311251692,1594.8458244111348,10767.648,1885.0630000000003,1222.721,7659.864000000001,2100.343,8667.305000000002,19.506051832303577,2,1,0,0,1,29.0,29.0,29.0,1.0,0.0,0.0,1.0,1,0,0.0,0.0,0.0,1.0,0.0,1.0,0.0,0.0,0.0,0.0,17,3,2021,7,27,1,0,1,0,1,0,1,LEVE,0
6,1,3,2,4,1,-16.402334,-71.584648,0,2,0,1,2,2,2,0,1504.4250000000002,2.0,2,0,1.0,7,25,241.0,0.6411767862503931,77.2408324916572,78.204125011303,10.595705083047717,1107.223861768016,193412.3169164882,10322.272,1495.236,1749.739,7077.2970000000005,2886.595,7435.677000000001,27.964725207783708,1,1,0,0,0,26.0,26.0,26.0,1.0,0.0,0.0,0.0,1,0,0.0,0.0,0.0,1.0,1.0,0.0,0.0,0.0,1.0,0.0,3,0,2025,6,22,6,1,1,0,1,0,1,LEVE,0
0,1,12,2,2,4,-8.086057,-79.01804,0,3,1,1,2,2,2,0,6543.555,2.0,4,4,1.0,14,33,1198.0,0.5660037074268495,80.06506822193698,64.73347905247898,8.83142544271948,895.216621604284,40839.32762312634,8931.828000000005,1335.5899999999997,1935.9830000000004,5660.255000000005,1219.309,7712.519000000005,13.651281686122925,2,1,0,1,0,42.0,42.0,42.0,1.0,1.0,0.0,0.0,1,0,0.0,1.0,0.0,0.0,0.0,0.0,1.0,0.0,1.0,0.0,7,1,2021,8,10,1,0,0,0,1,0,1,LEVE,0
6,1,21,0,4,1,-6.031427,-77.206819,0,4,7,1,2,2,2,6,7758.33400008,2.0,2,0,1.0,9,20,2133.0,0.5963332411867256,73.80959983510441,63.34953560123128,8.251886446437874,1232.7304200473363,24031.167023554604,5645.136,815.0759999999999,965.298,3864.762,1013.406,4631.73,17.95184385283189,2,1,0,0,1,31.0,31.0,31.0,1.0,0.0,0.0,0.0,1,0,0.0,1.0,0.0,0.0,0.0,0.0,1.0,0.0,0.0,0.0,15,3,2021,7,15,3,0,1,1,1,0,1,LEVE,0
6,1,14,2,2,4,-12.256869190053449,-76.88820807390536,0,0,9,1,2,2,2,2,6543.555,2.0,4,4,1.0,14,33,1198.0,0.6909236767275176,78.41626133969348,70.97436336767564,9.826485374940413,1476.8351947609171,95908.53319057816,7626.313,1683.4029999999998,1599.0829999999996,4343.827000000001,1814.875,5811.438000000001,23.797541485643197,1,1,0,0,0,58.0,58.0,58.0,1.0,0.0,0.0,0.0,1,0,0.0,0.0,0.0,1.0,0.0,1.0,0.0,1.0,1.0,1.0,23,2,2023,6,23,4,0,1,0,1,0,1,LEVE,0
3,2,11,0,4,1,-11.244718413375502,-74.6359741146946,0,0,7,1,2,2,2,2,1040.6349999999998,1.0,1,2,0.0,9,32,141.0,0.5055535147670205,71.64834806655777,59.71661057761873,8.330220329942271,816.7465751821994,42934.03211991434,12264.545,1826.4639999999995,1105.5389999999998,9332.542,1588.5359999999996,10676.009,12.952261987705208,6,2,0,0,4,42.5,29.0,56.0,1.0,0.0,0.0,0.0,2,0,0.0,1.0,0.0,1.0,0.0,1.0,1.0,0.0,0.0,0.0,8,1,2022,11,30,2,0,1,2,1,0,1,GRAVE_LESIONADOS,1
3,2,12,0,4,1,-8.4433921213,-78.7475442432,0,4,1,1,2,2,2,0,6543.555,3.0,2,0,1.0,0,30,1475.0,0.5051395598219868,77.13285387085847,51.52067479184955,6.715328807318118,900.900383457586,67612.41755888652,8931.828000000005,1335.5899999999997,1935.9830000000004,5660.255000000005,1219.309,7712.519000000005,13.651281686122925,2,2,0,0,0,29.5,20.0,39.0,1.0,1.0,0.0,0.0,2,0,0.0,1.0,0.0,1.0,1.0,0.0,1.0,0.0,1.0,1.0,15,3,2024,2,24,5,1,1,0,1,1,1,LEVE,0
3,1,11,2,4,1,-11.96316459265405,-75.30982355220488,0,4,7,1,2,0,1,2,196.88,2.0,2,0,1.0,3,32,35.0,0.4406926463960144,77.24199455844337,65.2315838780753,7.529686970714586,507.2865720616661,4403.843683083512,12264.545,1826.4639999999995,1105.5389999999998,9332.542,1588.5359999999996,10676.009,12.952261987705208,2,2,0,0,0,17.5,14.0,21.0,1.0,1.0,0.0,1.0,2,0,0.0,0.0,0.0,1.0,1.0,0.0,1.0,0.0,1.0,1.0,13,3,2022,8,11,3,0,0,2,1,0,1,LEVE,0
3,2,12,0,4,1,-7.309379,-79.391084,0,4,7,1,2,2,2,0,887.28,2.0,2,0,1.0,8,17,155.0,0.5650979329787121,81.32490571897102,68.6769211482833,7.868096912305706,909.6843705053026,43897.946466809415,8931.828000000005,1335.5899999999997,1935.9830000000004,5660.255000000005,1219.309,7712.519000000005,13.651281686122925,5,2,0,0,3,31.0,27.0,35.0,1.0,1.0,0.0,0.0,2,0,0.0,0.0,0.0,1.0,1.0,1.0,0.0,1.0,0.0,1.0,21,2,2022,2,14,0,0,0,0,1,0,1,LEVE,0
4,1,10,2,4,1,-13.7184738,-75.8668238,0,4,0,0,2,1,1,0,1679.5849999999998,2.0,2,3,1.0,9,24,315.0,0.5476064687943295,72.89816640240538,72.53137929650067,8.073066505789269,930.7694624870004,5923.768736616702,3721.461,698.1859999999996,744.866,2278.409,1102.9029999999996,2618.558,29.636290693359403,2,1,0,0,1,23.0,23.0,23.0,1.0,1.0,0.0,0.0,1,0,0.0,0.0,0.0,1.0,1.0,0.0,0.0,1.0,1.0,1.0,7,1,2022,5,8,6,1,0,0,1,0,1,LEVE,0
6,1,20,0,4,1,-15.6507989,-70.7334132,0,4,0,1,2,2,2,6,1504.4250000000002,2.0,2,0,1.0,7,25,241.0,0.4698599762559323,78.4228993312338,68.12786536644234,6.991927650318564,610.3916333612686,6938.8501070663815,13642.312999999998,2020.7790000000005,2354.117,9267.416999999998,3314.0520000000006,10328.260999999997,24.29244952817019,2,1,0,0,1,47.0,47.0,47.0,1.0,0.0,0.0,0.0,1,0,0.0,0.0,0.0,1.0,0.0,0.0,1.0,1.0,1.0,1.0,19,2,2023,5,8,0,0,0,2,1,0,1,LEVE,0
1,1,7,0,4,1,-13.482307324518583,-72.26216214521465,0,4,7,1,2,2,2,4,7586.903,2.0,2,0,1.0,9,5,1198.0,0.429914756045985,74.25916870636927,79.51566557864805,7.366336486335375,462.32789717794617,3225.312633832976,17779.13499998999,2097.3709999899997,2863.123,12818.640999999989,2878.713,14900.421999989989,16.19152450331032,2,1,1,1,0,37.0,33.0,40.0,0.0,0.0,0.0,0.0,1,1,1.0,0.0,0.0,0.0,0.0,0.0,0.0,0.0,0.0,1.0,4,0,2025,6,3,1,0,0,2,1,0,1,LEVE,0
1,1,7,2,4,1,-13.576465,-71.818137,5,3,7,1,2,1,1,2,7586.903,2.0,2,0,1.0,9,5,1198.0,0.5196848738299176,77.87933372563211,69.4675909511807,8.375864983409588,727.1162363854935,6457.1220556745175,17779.13499998999,2097.3709999899997,2863.123,12818.640999999989,2878.713,14900.421999989989,16.19152450331032,2,1,1,1,0,37.0,33.0,40.0,1.0,0.0,0.0,0.0,1,1,1.0,0.0,0.0,0.0,0.0,0.0,0.0,1.0,1.0,0.0,21,2,2021,8,21,5,1,1,2,1,0,1,LEVE,0