CLASE SINIESTRO,CANTIDAD DE VEHICULOS DAÑADOS,DEPARTAMENTO,ZONA,TIPO DE VÍA,RED VIAL,COORDENADAS LATITUD,COORDENADAS  LONGITUD,CONDICIÓN CLIMÁTICA,ZONIFICACIÓN,CARACTERÍSTICAS DE VÍA,PERFIL LONGITUDINAL VÍA,SUPERFICIE DE CALZADA,¿EXISTE SEÑAL VERTICAL?,¿EXISTE SEÑAL HORIZONTAL?,CAUSA FACTOR PRINCIPAL,MTC_RVN_LONGITUD_KM,MTC_RVN_N_CARRILES_MEDIANA,MTC_RVN_SUPERFICIE_DOMINANTE,MTC_RVN_ESTADO_DOMINANTE,MTC_RVN_ES_CONCESIONADA,MTC_RVN_CONCESION_PRINCIPAL,MTC_RVN_CORREDOR_LOGISTICO,MTC_RVN_N_TRAMOS,IDH_2019,IDH_ESP_VIDA_2019,IDH_EDUC_SECUND_PCT_2019,IDH_ANIOS_EDUC_2019,IDH_INGRESO_PERCAP_2019,IDH_POBLACION_2019,MTC_DEP_RED_TOTAL_KM,MTC_DEP_NACIONAL_TOTAL_KM,MTC_DEP_DEPARTAMENTAL_TOTAL_KM,MTC_DEP_VECINAL_TOTAL_KM,MTC_DEP_PAV_TOTAL_KM,MTC_DEP_NO_PAV_TOTAL_KM,MTC_DEP_PCT_PAVIMENTADA,PER_TOTAL_PERSONAS,PER_N_CONDUCTORES,PER_N_CONDUCTORES_FUGADOS,PER_N_PEATONES,PER_N_PASAJEROS_OCUPANTES,PER_EDAD_COND_PROM,PER_EDAD_COND_MIN,PER_EDAD_COND_MAX,PER_ANY_COND_MASCULINO,PER_ANY_LIC_PROBLEMA,PER_ANY_DOSAJE_POS,PER_ANY_DOSAJE_EVALUADO,VEH_TOTAL,VEH_N_FUGADOS,VEH_ANY_FUGADO,VEH_ANY_CARGA,VEH_ANY_PUBLICO,VEH_ANY_PARTICULAR,VEH_ANY_MOTO,VEH_ANY_AUTO,VEH_ANY_CAMION_BUS,VEH_ANY_SOAT_PROBLEMA,VEH_ANY_CITV_PROBLEMA,VEH_ANY_SEGURO_PROBLEMA,HORA_NUM,FRANJA_HORARIA,ANIO,MES,DIA_MES,DIA_SEMANA,ES_FIN_SEMANA,ES_QUINCENA,REGION_NATURAL,TIENE_SEÑALIZACION,ES_VIA_MULTICARRIL,ES_DEPTO_BAJO_PAVIMENTO,CATEGORIA_SEVERIDAD,CATEGORIA_SEVERIDAD_ENC
6,1,5,0,4,3,-6.028413,-79.100487,0,4,0,0,1,2,2,2,6543.555,2.0,4,4,1.0,14,33,1198.0,0.5089064260692896,75.49593859459377,56.74492330977312,6.743539171475742,903.5347616610204,6985.957173447538,15935.565011852366,1733.9250000199986,935.692,13265.948011832368,2000.1670000199988,13935.398011832369,12.551591352627522,3,1,0,0,2,24.0,24.0,24.0,1.0,0.0,0.0,1.0,1,0,0.0,1.0,0.0,0.0,0.0,0.0,1.0,0.0,1.0,0.0,16,3,2024,5,31,4,0,1,2,1,0,1,LEVE,0
3,1,11,0,4,1,-11.814635,-75.492336,0,4,0,1,2,2,2,2,7586.903,2.0,2,0,1.0,9,5,1198.0,0.5440372489854538,73.04439912570733,66.79010575891562,9.046955663104994,884.0272313859393,734.5653104925052,12264.545,1826.4639999999995,1105.5389999999998,9332.542,1588.5359999999996,10676.009,12.952261987705208,5,2,0,0,3,37.0,17.0,57.0,1.0,0.0,0.0,1.0,2,0,0.0,0.0,0.0,1.0,1.0,1.0,0.0,0.0,1.0,0.0,13,3,2023,2,19,6,1,1,2,1,0,1,GRAVE_LESIONADOS,1
6,1,12,0,4,0,-7.752070014901769,-77.65984828644626,0,4,7,1,7,2,2,2,6543.555,2.0,4,4,1.0,14,33,1198.0,0.4686292122960986,72.39347765706144,42.14285241633188,6.687776775372348,878.2652317159998,9440.374732334049,8931.828000000005,1335.5899999999997,1935.9830000000004,5660.255000000005,1219.309,7712.519000000005,13.651281686122925,5,1,0,0,4,38.0,38.0,38.0,1.0,0.0,0.0,0.0,1,0,0.0,0.0,0.0,1.0,0.0,0.0,1.0,0.0,1.0,0.0,0,0,2024,8,21,2,0,1,0,1,0,1,GRAVE_MORTALIDAD,2
10,2,10,2,4,1,-14.063037153649963,-75.74121214851782,0,3,7,1,2,2,2,2,6639.975,2.0,2,0,1.0,9,31,1616.0,0.6637216310803388,79.6446050662278,81.37671161983333,11.724811319582514,1084.329233867723,142450.24411134905,3721.461,698.1859999999996,744.866,2278.409,1102.9029999999996,2618.558,29.636290693359403,4,3,1,0,1,44.5,31.0,58.0,1.0,1.0,1.0,1.0,3,1,1.0,1.0,0.0,1.0,1.0,0.0,1.0,1.0,1.0,0.0,4,0,2021,2,27,5,1,1,0,1,0,1,LEVE,0
0,1,14,2,2,4,-11.93337243487841,-76.69345355731348,0,0,7,1,2,2,2,0,6543.555,2.0,4,4,1.0,14,33,1198.0,0.6831952456039544,78.60873873772867,74.49000793376607,10.00420210847705,1376.0472418044385,255143.7301927195,7626.313,1683.4029999999998,1599.0829999999996,4343.827000000001,1814.875,5811.438000000001,23.797541485643197,2,1,0,1,0,42.0,42.0,42.0,1.0,0.0,0.0,0.0,1,0,0.0,1.0,0.0,0.0,0.0,0.0,1.0,0.0,0.0,0.0,5,0,2025,3,29,5,1,1,0,1,0,1,LEVE,0
3,2,21,0,4,1,-6.100706,-76.858954,7,4,0,0,2,2,2,1,7758.33400008,2.0,2,0,1.0,9,20,2133.0,0.3492524985551798,73.87945975179423,47.35782955662357,4.584830643679292,457.969668231556,16120.93790149893,5645.136,815.0759999999999,965.298,3864.762,1013.406,4631.73,17.95184385283189,2,2,0,0,0,33.5,19.0,48.0,1.0,1.0,0.0,0.0,2,0,0.0,0.0,0.0,1.0,1.0,1.0,0.0,0.0,1.0,0.0,11,1,2025,4,6,6,1,0,1,1,0,1,LEVE,0
3,2,8,0,4,1,-12.309394651153085,-75.04322437737389,0,4,7,1,2,2,2,0,891.625,1.0,0,3,0.0,9,32,85.0,0.4769063067648997,73.0586440792864,60.88708798662546,4.859242841205063,956.6593892308222,1221.2548179871524,8511.426,1445.3929999999996,2008.516,5057.516999999999,1879.579,6631.846999999998,22.08300935706896,6,2,0,0,4,33.0,32.0,34.0,1.0,0.0,0.0,0.0,2,0,0.0,0.0,0.0,1.0,0.0,1.0,1.0,0.0,0.0,0.0,6,1,2024,4,19,4,0,1,2,1,0,1,GRAVE_LESIONADOS,1
0,1,14,2,2,4,-12.071682,-77.050911,0,2,7,1,2,2,2,4,6543.555,2.0,4,4,1.0,14,33,1198.0,0.5563774842369664,77.00938809632027,69.10246351364754,8.476961866273152,914.8835608305218,27932.19700214133,7626.313,1683.4029999999998,1599.0829999999996,4343.827000000001,1814.875,5811.438000000001,23.797541485643197,2,1,0,1,0,36.0,36.0,36.0,1.0,0.0,0.0,0.0,1,0,0.0,0.0,0.0,1.0,0.0,0.0,1.0,0.0,0.0,0.0,18,2,2021,6,9,2,0,0,0,1,0,1,LEVE,0
10,1,3,0,4,1,-16.44309281961517,-71.98043251709701,0,4,7,1,2,0,1,2,6639.975,2.0,2,0,1.0,9,31,1616.0,0.6455852322566902,78.58826324858522,78.38415596279924,8.472481180514539,1258.6172876652156,2628.282655246253,10322.272,1495.236,1749.739,7077.2970000000005,2886.595,7435.677000000001,27.964725207783708,3,1,0,0,2,32.0,32.0,32.0,0.0,0.0,0.0,1.0,1,0,0.0,0.0,0.0,0.0,0.0,1.0,0.0,0.0,0.0,0.0,8,1,2021,4,13,1,0,0,0,1,0,1,LEVE,0
0,0,21,2,4,1,-6.533466,-76.373776,7,0,2,1,2,0,1,0,7758.33400008,2.0,2,0,1.0,9,20,2133.0,0.6729354303196766,71.95034522710945,80.80288699428996,10.48054848161392,1400.8616704695874,76010.20342612421,5645.136,815.0759999999999,965.298,3864.762,1013.406,4631.73,17.95184385283189,2,1,1,1,0,37.0,33.0,40.0,0.0,0.0,0.0,0.0,1,1,1.0,0.0,0.0,0.0,0.0,0.0,0.0,0.0,0.0,1.0,20,2,2021,4,9,4,0,0,1,1,0,1,LEVE,0
10,1,21,2,4,1,-6.047733,-76.991195,0,3,7,0,2,1,0,2,7758.33400008,2.0,2,0,1.0,9,20,2133.0,0.5294800468051228,72.46713251445857,60.50982579904599,7.757161651692042,952.984823255978,86435.21199143468,5645.136,815.0759999999999,965.298,3864.762,1013.406,4631.73,17.95184385283189,1,1,0,0,0,47.0,47.0,47.0,1.0,0.0,0.0,0.0,1,0,0.0,0.0,0.0,1.0,1.0,0.0,0.0,1.0,1.0,1.0,2,0,2024,8,30,4,0,1,1,1,0,1,LEVE,0
3,1,6,2,3,4,-12.0667557378516,-77.1120735740057,0,0,7,1,2,0,1,2,6543.555,2.0,4,4,1.0,14,33,1198.0,0.5563774842369664,77.00938809632027,69.10246351364754,8.476961866273152,914.8835608305218,27932.19700214133,51.58600000000001,44.68700000000001,6.899000000000001,0.0,49.838000000000015,1.748,96.61148373589734,2,2,0,0,0,39.0,28.0,50.0,1.0,1.0,1.0,1.0,2,0,0.0,0.0,0.0,1.0,1.0,1.0,0.0,0.0,1.0,1.0,18,2,2024,4,5,4,0,0,2,1,0,0,LEVE,0
6,1,14,0,4,0,-10.8723,-76.8519,0,4,7,0,1,2,2,2,6543.555,2.0,4,4,1.0,14,33,1198.0,0.3413897976191326,78.2906986953169,71.66217577370446,3.40354540958762,423.17442640380114,1497.6745182012849,7626.313,1683.4029999999998,1599.0829999999996,4343.827000000001,1814.875,5811.438000000001,23.797541485643197,7,1,0,0,6,44.0,44.0,44.0,1.0,0.0,0.0,1.0,1,0,0.0,0.0,0.0,1.0,0.0,1.0,0.0,0.0,0.0,0.0,17,3,2024,7,24,2,0,1,0,1,0,1,GRAVE_MORTALIDAD,2
1,1,13,2,4,2,-6.770087,-79.778726,0,4,7,1,2,2,2,0,6543.555,2.0,4,4,1.0,14,33,1198.0,0.5620975674023033,82.12463805178847,66.61876166359768,8.699915557104742,843.1720684546592,25484.141327623125,3459.691,515.0619999999999,689.7280000000001,2254.901,703.3549999999999,2756.336,20.329994788551925,2,1,1,1,0,37.0,33.0,40.0,0.0,0.0,0.0,0.0,1,1,1.0,0.0,0.0,0.0,0.0,0.0,0.0,0.0,0.0,1.0,5,0,2022,6,26,6,1,1,0,1,0,1,LEVE,0
0,1,14,2,4,2,-12.142874495771924,-76.87138038467987,0,1,7,1,2,2,2,0,6543.555,2.0,4,4,1.0,14,33,1198.0,0.6463106547105882,77.51872248135703,70.89234783689217,9.27899743443454,1279.2302833246192,140977.61456102785,7626.313,1683.4029999999998,1599.0829999999996,4343.827000000001,1814.875,5811.438000000001,23.797541485643197,2,1,0,1,0,68.0,68.0,68.0,1.0,0.0,0.0,0.0,1,0,0.0,0.0,0.0,1.0,0.0,1.0,0.0,0.0,0.0,0.0,11,1,2022,9,20,1,0,1,0,1,0,1,LEVE,0
6,1,2,0,4,1,-13.78832022,-72.94705484,6,5,6,2,6,2,2,0,2238.6850000000004,2.0,2,0,1.0,4,27,115.0,0.2872908283147615,72.68472104774577,57.20962530408195,4.651812026672419,251.97184623400665,1918.526766595289,8358.971,1282.451,1298.0969999999998,5778.423,1432.683,6926.288,17.139466089785454,2,1,0,0,1,32.0,32.0,32.0,1.0,0.0,0.0,0.0,1,0,0.0,0.0,0.0,0.0,0.0,1.0,0.0,0.0,0.0,0.0,1,0,2023,5,8,0,0,0,2,1,0,1,GRAVE_MORTALIDAD,2
6,1,14,2,4,1,-12.467895289616358,-76.75040776641067,0,3,0,1,2,2,2,0,6639.975,2.0,2,0,1.0,9,31,1616.0,0.7033052422048006,79.27699023084553,78.75787716925494,10.495980139511614,1399.9661523613097,18759.880085653105,7626.313,1683.4029999999998,1599.0829999999996,4343.827000000001,1814.875,5811.438000000001,23.797541485643197,3,1,0,0,2,21.0,21.0,21.0,1.0,0.0,0.0,0.0,1,0,0.0,0.0,0.0,1.0,0.0,1.0,0.0,0.0,0.0,0.0,17,3,2022,7,14,3,0,0,0,1,0,1,LEVE,0
3,2,12,0,4,1,-7.419061555000607,-79.5350589325773,0,4,7,1,2,2,2,0,6543.555,3.0,2,0,1.0,0,30,1475.0,0.6138517538553948,80.84826225715301,64.49339622566798,9.143362084626023,1095.689060330069,16852.97430406852,8931.828000000005,1335.5899999999997,1935.9830000000004,5660.255000000005,1219.309,7712.519000000005,13.651281686122925,2,2,0,0,0,39.0,30.0,48.0,1.0,1.0,0.0,0.0,2,0,0.0,1.0,0.0,1.0,1.0,0.0,1.0,1.0,0.0,1.0,6,1,2025,1,11,5,1,0,0,1,1,1,LEVE,0
3,2,19,0,4,1,-5.5149555,-80.8180217,0,4,7,1,2,1,1,0,453.9549999999999,2.0,2,3,0.0,9,32,133.0,0.4860724693701166,72.15814961491549,57.86687952143938,7.507596134322599,781.8218439197168,48691.10064239828,8965.846000060003,1782.4120000599992,636.9959999999999,6546.438000000004,2214.505000059999,6751.341000000004,24.699342371541725,2,2,0,0,0,43.5,33.0,54.0,1.0,1.0,1.0,1.0,2,0,0.0,1.0,0.0,1.0,1.0,0.0,1.0,1.0,0.0,0.0,5,0,2021,7,22,3,0,1,0,1,0,1,LEVE,0
6,1,5,0,4,2,-6.55052301677192,-78.891907869148,0,4,0,0,1,1,1,2,6543.555,2.0,4,4,1.0,14,33,1198.0,0.2976406375153703,68.02897098157575,52.73241450514101,4.855081201656382,304.07779281586915,3397.7858672376874,15935.565011852366,1733.9250000199986,935.692,13265.948011832368,2000.1670000199988,13935.398011832369,12.551591352627522,1,1,0,0,0,43.0,43.0,43.0,0.0,1.0,1.0,1.0,1,0,0.0,0.0,1.0,0.0,1.0,0.0,0.0,1.0,1.0,1.0,21,2,2024,3,30,5,1,1,2,1,0,1,LEVE,0
5,1,16,0,4,1,-12.724883,-69.501244,6,5,6,2,6,2,2,0,3263.58,2.0,2,0,1.0,5,18,566.0,0.5306879228968285,75.21455641083696,61.3535047815888,7.418086077409707,928.48331283152,4575.10920770878,2090.391,399.431,340.021,1350.9389999999996,493.824,1596.5669999999996,23.62352306338862,4,2,1,0,2,46.0,34.0,58.0,1.0,1.0,0.0,0.0,2,0,0.0,1.0,0.0,0.0,0.0,1.0,1.0,0.0,0.0,0.0,8,1,2021,8,30,0,0,1,1,1,0,1,GRAVE_MORTALIDAD,2
1,0,20,0,4,1,-15.552110584431,-70.1077107742993,0,4,7,1,2,2,2,2,7586.903,2.0,2,0,1.0,9,5,1198.0,0.3646929504779869,74.39003066237748,63.71456574957328,5.594162012040831,387.0285253251433,5552.2119914346895,13642.312999999998,2020.7790000000005,2354.117,9267.416999999998,3314.0520000000006,10328.260999999997,24.29244952817019,2,1,1,1,0,37.0,33.0,40.0,0.0,0.0,0.0,0.0,1,1,1.0,0.0,0.0,0.0,0.0,0.0,0.0,0.0,0.0,1.0,20,2,2023,10,21,5,1,1,2,1,0,1,LEVE,0
3,2,19,0,4,1,-5.1506,-80.47459,0,4,7,1,2,2,2,0,1305.18,2.0,2,0,1.0,1,20,163.0,0.6220812987247925,80.20155828147696,72.71675503872983,10.02377668600292,1028.915688621886,159840.92719486082,8965.846000060003,1782.4120000599992,636.9959999999999,6546.438000000004,2214.505000059999,6751.341000000004,24.699342371541725,2,2,0,0,0,40.0,23.0,57.0,1.0,1.0,0.0,1.0,2,0,0.0,0.0,0.0,1.0,0.0,1.0,1.0,0.0,1.0,0.0,6,1,2022,5,21,5,1,1,0,1,0,1,LEVE,0
6,1,11,0,4,1,-11.81465824504324,-75.62874008771473,0,4,7,1,2,0,1,2,7586.903,2.0,2,0,1.0,9,5,1198.0,0.4545643050211295,68.73444804749025,55.05670880126828,7.076811092931955,737.237129067086,1424.8051391862955,12264.545,1826.4639999999995,1105.5389999999998,9332.542,1588.5359999999996,10676.009,12.952261987705208,2,1,0,0,1,25.0,25.0,25.0,1.0,0.0,0.0,0.0,1,0,0.0,0.0,0.0,1.0,0.0,1.0,0.0,0.0,0.0,0.0,6,1,2022,12,25,6,1,1,2,1,0,1,GRAVE_MORTALIDAD,2
10,1,14,2,2,4,-12.078943,-76.930904,0,2,7,1,2,2,2,2,6543.555,2.0,4,4,1.0,14,33,1198.0,0.8452166148253858,80.64766902313956,78.16154022078278,14.700269515657656,1939.4672090018812,160839.29764453962,7626.313,1683.4029999999998,1599.0829999999996,4343.827000000001,1814.875,5811.438000000001,23.797541485643197,1,1,0,0,0,37.0,33.0,40.0,1.0,1.0,0.0,0.0,1,0,0.0,0.0,0.0,1.0,1.0,0.0,0.0,0.0,0.0,0.0,7,1,2021,5,20,3,0,1,0,1,0,1,LEVE,0
1,1,3,2,4,1,-16.726349,-71.870022,5,4,7,0,2,1,1,0,6639.975,2.0,2,0,1.0,9,31,1616.0,0.6105481451420971,78.10653088113892,68.35418098658066,8.411557426919764,1158.5430895193692,35025.678800856535,10322.272,1495.236,1749.739,7077.2970000000005,2886.595,7435.677000000001,27.964725207783708,2,1,1,1,0,37.0,33.0,40.0,0.0,0.0,0.0,0.0,1,1,1.0,0.0,0.0,0.0,0.0,0.0,0.0,0.0,0.0,1.0,18,2,2025,9,16,1,0,1,0,1,0,1,LEVE,0
3,1,6,2,4,1,-12.0356703147664,-77.1275317486346,0,2,7,1,2,1,1,2,139.23,-1.0,2,0,0.0,9,32,69.0,0.5563774842369664,77.00938809632027,69.10246351364754,8.476961866273152,914.8835608305218,27932.19700214133,51.58600000000001,44.68700000000001,6.899000000000001,0.0,49.838000000000015,1.748,96.61148373589734,2,2,0,0,0,41.5,33.0,50.0,1.0,1.0,0.0,0.0,2,0,0.0,1.0,0.0,1.0,1.0,0.0,1.0,0.0,0.0,0.0,9,1,2023,3,17,4,0,1,2,1,0,0,LEVE,0
0,1,7,0,4,1,-12.9563698,-72.6736112,0,4,7,1,2,2,2,2,3447.8009999999995,1.0,2,3,0.0,9,12,1109.0,0.4183542411977864,78.60420986928908,65.97202423964534,7.0147021896379735,445.4415464917241,4086.477516059957,17779.13499998999,2097.3709999899997,2863.123,12818.640999999989,2878.713,14900.421999989989,16.19152450331032,2,1,0,1,0,47.0,47.0,47.0,1.0,1.0,0.0,0.0,1,0,0.0,0.0,0.0,0.0,0.0,1.0,0.0,0.0,0.0,0.0,21,2,2022,10,2,6,1,0,2,1,0,1,LEVE,0
3,2,13,0,4,1,-6.4166449,-79.8325378,0,4,7,1,2,2,2,0,1305.18,2.0,2,0,1.0,1,20,163.0,0.5059173540051534,75.20849370321716,65.55087882905781,7.516301845742602,777.5523013576318,18529.839400428264,3459.691,515.0619999999999,689.7280000000001,2254.901,703.3549999999999,2756.336,20.329994788551925,3,2,0,0,1,37.0,34.0,40.0,1.0,0.0,0.0,0.0,2,0,0.0,0.0,1.0,0.0,1.0,1.0,0.0,0.0,1.0,0.0,19,2,2021,6,20,6,1,1,0,1,0,1,LEVE,0
3,2,5,2,4,1,-7.14752309,-78.52239026,0,0,2,2,2,2,2,0,9936.932,2.0,2,0,1.0,9,32,3830.0,0.6070175276741574,73.19224654097276,74.29530430690215,9.490386956642766,1117.141592366869,257380.9443254818,15935.565011852366,1733.9250000199986,935.692,13265.948011832368,2000.1670000199988,13935.398011832369,12.551591352627522,2,2,0,0,0,23.0,19.0,27.0,1.0,1.0,0.0,0.0,2,0,0.0,0.0,0.0,1.0,1.0,1.0,0.0,0.0,0.0,0.0,18,2,2022,5,1,6,1,0,2,1,0,1,LEVE,0
6,1,3,0,4,1,-16.65850694762996,-72.62754665518834,0,4,2,0,2,2,2,0,6639.975,2.0,2,0,1.0,9,31,1616.0,0.6438160463426852,84.71218617950387,69.3595667037428,8.966372569949256,1152.2024707992498,16526.967880085653,10322.272,1495.236,1749.739,7077.2970000000005,2886.595,7435.677000000001,27.964725207783708,2,1,0,0,1,40.0,40.0,40.0,1.0,0.0,0.0,0.0,1,0,0.0,0.0,1.0,0.0,0.0,0.0,1.0,0.0,0.0,0.0,23,2,2021,7,22,3,0,1,0,1,0,1,LEVE,0
10,1,23,0,4,0,-3.915713659991666,-80.62706879064115,0,4,7,1,2,1,0,2,6543.555,2.0,4,4,1.0,14,33,1198.0,0.4399307731962694,72.67979120851548,52.093755051873366,7.00202158322391,639.5776949980533,2030.498929336189,1009.101,138.47399999999996,287.471,583.156,276.972,732.129,27.447401201663663,1,1,0,0,0,54.0,54.0,54.0,1.0,1.0,0.0,0.0,1,0,0.0,0.0,0.0,1.0,1.0,0.0,0.0,1.0,1.0,1.0,20,2,2022,11,25,4,0,1,0,1,0,1,LEVE,0
6,1,5,0,4,1,-5.92329983866169,-78.8415507891376,0,4,7,1,2,2,2,2,167.59499999999997,2.0,2,0,1.0,1,20,40.0,0.5803239946829384,74.49544278598792,68.33065356443184,8.733179344969395,1046.078117086984,102362.46895074946,15935.565011852366,1733.9250000199986,935.692,13265.948011832368,2000.1670000199988,13935.398011832369,12.551591352627522,3,2,0,1,0,40.0,40.0,40.0,1.0,0.0,0.0,1.0,2,0,0.0,0.0,0.0,1.0,0.0,0.0,1.0,0.0,1.0,1.0,9,1,2025,6,4,2,0,0,2,1,0,1,LEVE,0
6,1,1,0,4,2,-8.691887465999999,-77.36824103548135,5,4,5,0,7,2,2,2,6543.555,2.0,4,4,1.0,14,33,1198.0,0.1863150862968927,73.48837915729621,37.15392618592008,2.485752976248181,182.2761890038932,2178.58886509636,10767.648,1885.0630000000003,1222.721,7659.864000000001,2100.343,8667.305000000002,19.506051832303577,1,1,0,0,0,42.0,42.0,42.0,1.0,1.0,0.0,1.0,1,0,0.0,1.0,0.0,0.0,0.0,0.0,0.0,0.0,1.0,0.0,10,1,2021,2,13,5,1,0,0,1,0,1,LEVE,0
3,3,20,0,4,1,-15.4423868,-70.1406484,0,4,7,1,2,2,2,2,7586.903,2.0,2,0,1.0,9,5,1198.0,0.5225679967471315,73.87568641139362,79.22999870887685,8.745562804731529,728.6643223924281,65445.28409703769,13642.312999999998,2020.7790000000005,2354.117,9267.416999999998,3314.0520000000006,10328.260999999997,24.29244952817019,8,3,0,0,5,34.0,19.0,43.0,1.0,1.0,0.0,0.0,3,0,0.0,0.0,1.0,1.0,0.0,1.0,1.0,1.0,1.0,1.0,17,3,2021,10,31,6,1,1,2,1,0,1,GRAVE_MORTALIDAD,2
3,1,14,2,4,1,-12.103571,-76.979097,0,3,7,1,2,2,2,2,6639.975,2.0,2,0,1.0,9,31,1616.0,0.8017574897902351,80.48487267736287,78.74302427848284,13.156716040468266,1766.1488062170545,359776.608137045,7626.313,1683.4029999999998,1599.0829999999996,4343.827000000001,1814.875,5811.438000000001,23.797541485643197,3,3,0,0,0,59.0,52.0,66.0,1.0,0.0,0.0,0.0,3,0,0.0,1.0,0.0,1.0,1.0,0.0,1.0,0.0,1.0,1.0,16,3,2024,1,26,4,0,1,0,1,0,1,LEVE,0
0,1,8,0,4,0,-12.690765788423562,-74.6148911327099,0,4,7,1,2,2,2,0,6543.555,2.0,4,4,1.0,14,33,1198.0,0.1970301566869,72.13710828520209,44.34919107180657,4.4031612824594415,119.16938006047737,4717.710920770877,8511.426,1445.3929999999996,2008.516,5057.516999999999,1879.579,6631.846999999998,22.08300935706896,2,1,0,1,0,27.0,27.0,27.0,1.0,1.0,0.0,0.0,1,0,0.0,0.0,0.0,1.0,1.0,0.0,0.0,1.0,1.0,1.0,18,2,2023,8,23,2,0,1,2,1,0,1,LEVE,0
3,2,14,2,4,2,-11.480485,-77.20776,0,3,7,1,2,2,2,2,6543.555,2.0,4,4,1.0,14,33,1198.0,0.6447048661877788,79.92873744030881,69.7224229508107,9.344738893386534,1220.4608925685638,104439.11563169166,7626.313,1683.4029999999998,1599.0829999999996,4343.827000000001,1814.875,5811.438000000001,23.797541485643197,3,2,0,0,1,24.0,23.0,25.0,1.0,0.0,0.0,1.0,2,0,0.0,0.0,1.0,1.0,1.0,0.0,0.0,0.0,1.0,0.0,8,1,2022,1,25,1,0,1,0,1,0,1,LEVE,0
6,1,3,0,4,2,-16.41918,-71.82605,0,4,7,1,2,0,1,0,6543.555,2.0,4,4,1.0,14,33,1198.0,0.6105481451420971,78.10653088113892,68.35418098658066,8.411557426919764,1158.5430895193692,35025.678800856535,10322.272,1495.236,1749.739,7077.2970000000005,2886.595,7435.677000000001,27.964725207783708,1,1,0,0,0,28.0,28.0,28.0,1.0,0.0,0.0,0.0,1,0,0.0,0.0,0.0,1.0,1.0,0.0,0.0,1.0,0.0,0.0,2,0,2024,1,3,2,0,0,0,1,0,1,LEVE,0
0,1,20,0,4,1,-15.519566454491216,-70.17767871292796,0,4,7,1,2,2,2,4,1504.4250000000002,2.0,2,0,1.0,7,25,241.0,0.5759734352119,73.55929462493827,78.89306383943827,10.174966342239475,888.1716010638444,232834.39603082248,13642.312999999998,2020.7790000000005,2354.117,9267.416999999998,3314.0520000000006,10328.260999999997,24.29244952817019,2,1,0,1,0,31.0,31.0,31.0,1.0,0.0,0.0,1.0,1,0,0.0,0.0,1.0,0.0,0.0,0.0,1.0,0.0,0.0,0.0,4,0,2022,12,31,5,1,1,2,1,0,1,LEVE,0
6,1,23,2,4,1,-3.55800500853835,-80.4520372615088,0,3,0,1,2,1,0,2,6543.555,3.0,2,0,1.0,0,30,1475.0,0.6025111043634478,77.63758231637303,72.22144062196868,9.79150322507506,998.9716590818762,109744.95931477516,1009.101,138.47399999999996,287.471,583.156,276.972,732.129,27.447401201663663,1,1,0,0,0,33.0,33.0,33.0,1.0,0.0,0.0,0.0,1,0,0.0,0.0,0.0,1.0,1.0,0.0,0.0,1.0,1.0,1.0,3,0,2025,12,28,6,1,1,0,1,1,1,LEVE,0
6,1,11,0,4,1,-11.589779,-76.069946,2,4,7,0,2,1,0,2,875.67,2.0,2,0,1.0,3,14,156.0,0.4881320822942266,69.77252062725891,66.90155244891845,8.731602231618444,707.3229618967232,6833.000000000002,12264.545,1826.4639999999995,1105.5389999999998,9332.542,1588.5359999999996,10676.009,12.952261987705208,1,1,0,0,0,46.0,46.0,46.0,1.0,0.0,0.0,0.0,1,0,0.0,0.0,0.0,1.0,0.0,0.0,1.0,0.0,0.0,0.0,19,2,2023,2,18,5,1,1,2,1,0,1,LEVE,0
1,1,14,2,2,4,-12.062222412658771,-77.01142928202842,0,0,7,1,2,2,2,0,6543.555,2.0,4,4,1.0,14,33,1198.0,0.7141594849782824,79.90829932185413,74.79179886803175,10.522504814235935,1482.4793645077043,156887.87152034265,7626.313,1683.4029999999998,1599.0829999999996,4343.827000000001,1814.875,5811.438000000001,23.797541485643197,2,1,1,1,0,37.0,33.0,40.0,0.0,0.0,0.0,0.0,1,1,1.0,0.0,0.0,0.0,0.0,0.0,0.0,0.0,0.0,1.0,17,3,2024,5,12,6,1,0,0,1,0,1,LEVE,0
3,2,20,0,4,1,-15.954076,-69.825822,0,4,7,1,2,2,2,2,7586.903,2.0,2,0,1.0,9,5,1198.0,0.2884525097354768,64.20597588940076,72.15764778998134,7.048790399873092,210.31224233114625,7037.970021413275,13642.312999999998,2020.7790000000005,2354.117,9267.416999999998,3314.0520000000006,10328.260999999997,24.29244952817019,5,2,0,0,3,43.5,27.0,60.0,1.0,0.0,1.0,1.0,2,0,0.0,0.0,0.0,1.0,1.0,1.0,0.0,0.0,1.0,1.0,12,3,2022,7,29,4,0,1,2,1,0,1,GRAVE_LESIONADOS,1
10,1,7,0,4,2,-14.29041,-72.037758,0,4,0,1,1,1,0,0,6543.555,2.0,4,4,1.0,14,33,1198.0,0.3582063239468129,73.72125513625039,50.68912238545782,4.370934077592676,495.5648271945098,7210.27408993576,17779.13499998999,2097.3709999899997,2863.123,12818.640999999989,2878.713,14900.421999989989,16.19152450331032,3,1,0,0,2,46.0,46.0,46.0,1.0,1.0,0.0,0.0,1,0,0.0,1.0,0.0,0.0,0.0,0.0,1.0,0.0,1.0,0.0,21,2,2023,2,20,0,0,1,2,1,0,1,LEVE,0
6,1,8,0,4,1,-12.39773241738,-75.0504625881299,0,4,7,1,2,1,0,0,7586.903,2.0,2,0,1.0,9,5,1198.0,0.3197508632812603,73.35600919181914,47.73247021173725,4.747967817478287,352.6352900736821,3265.2034261241965,8511.426,1445.3929999999996,2008.516,5057.516999999999,1879.579,6631.846999999998,22.08300935706896,6,1,0,0,5,47.0,47.0,47.0,1.0,1.0,0.0,0.0,1,0,0.0,0.0,0.0,1.0,0.0,1.0,0.0,0.0,0.0,0.0,10,1,2025,1,9,3,0,0,2,1,0,1,GRAVE_MORTALIDAD,2
6,1,19,2,2,4,-5.184283,-80.6250834,0,4,7,1,2,2,2,0,6543.555,2.0,4,4,1.0,14,33,1198.0,0.6582040223794163,78.74105515718446,77.3206684883171,11.334167841567446,1124.177237253568,178905.3426124197,8965.846000060003,1782.4120000599992,636.9959999999999,6546.438000000004,2214.505000059999,6751.341000000004,24.699342371541725,1,1,0,0,0,28.0,28.0,28.0,1.0,1.0,1.0,1.0,1,0,0.0,0.0,0.0,1.0,1.0,0.0,0.0,0.0,1.0,0.0,3,0,2022,7,7,3,0,0,0,1,0,1,LEVE,0
3,2,21,0,4,1,-6.517511240967366,-76.3615952657631,0,4,7,0,2,0,1,2,7758.33400008,2.0,2,0,1.0,9,20,2133.0,0.5922286793787175,72.59477240316922,67.39355678691273,8.909919415857164,1146.168364233512,47338.141327623125,5645.136,815.0759999999999,965.298,3864.762,1013.406,4631.73,17.95184385283189,4,2,0,0,2,37.0,33.0,40.0,1.0,0.0,0.0,1.0,2,0,0.0,0.0,0.0,1.0,1.0,0.0,1.0,1.0,1.0,1.0,3,0,2021,7,12,0,0,0,1,1,0,1,LEVE,0
1,1,11,0,4,1,-11.78752,-75.47391,0,4,7,1,2,2,2,0,7586.903,2.0,2,0,1.0,9,5,1198.0,0.5793345244831453,70.26773017152715,73.92845349337222,10.396400147076845,984.6153728015668,14305.199143468952,12264.545,1826.4639999999995,1105.5389999999998,9332.542,1588.5359999999996,10676.009,12.952261987705208,2,1,1,1,0,37.0,33.0,40.0,0.0,0.0,0.0,0.0,1,1,1.0,0.0,0.0,0.0,0.0,0.0,0.0,0.0,0.0,1.0,6,1,2023,1,23,0,0,1,2,1,0,1,LEVE,0