CLASE SINIESTRO,CANTIDAD DE VEHICULOS DAÑADOS,DEPARTAMENTO,ZONA,TIPO DE VÍA,RED VIAL,COORDENADAS LATITUD,COORDENADAS  LONGITUD,CONDICIÓN CLIMÁTICA,ZONIFICACIÓN,CARACTERÍSTICAS DE VÍA,PERFIL LONGITUDINAL VÍA,SUPERFICIE DE CALZADA,¿EXISTE SEÑAL VERTICAL?,¿EXISTE SEÑAL HORIZONTAL?,CAUSA FACTOR PRINCIPAL,MTC_RVN_LONGITUD_KM,MTC_RVN_N_CARRILES_MEDIANA,MTC_RVN_SUPERFICIE_DOMINANTE,MTC_RVN_ESTADO_DOMINANTE,MTC_RVN_ES_CONCESIONADA,MTC_RVN_CONCESION_PRINCIPAL,MTC_RVN_CORREDOR_LOGISTICO,MTC_RVN_N_TRAMOS,IDH_2019,IDH_ESP_VIDA_2019,IDH_EDUC_SECUND_PCT_2019,IDH_ANIOS_EDUC_2019,IDH_INGRESO_PERCAP_2019,IDH_POBLACION_2019,MTC_DEP_RED_TOTAL_KM,MTC_DEP_NACIONAL_TOTAL_KM,MTC_DEP_DEPARTAMENTAL_TOTAL_KM,MTC_DEP_VECINAL_TOTAL_KM,MTC_DEP_PAV_TOTAL_KM,MTC_DEP_NO_PAV_TOTAL_KM,MTC_DEP_PCT_PAVIMENTADA,PER_TOTAL_PERSONAS,PER_N_CONDUCTORES,PER_N_CONDUCTORES_FUGADOS,PER_N_PEATONES,PER_N_PASAJEROS_OCUPANTES,PER_EDAD_COND_PROM,PER_EDAD_COND_MIN,PER_EDAD_COND_MAX,PER_ANY_COND_MASCULINO,PER_ANY_LIC_PROBLEMA,PER_ANY_DOSAJE_POS,PER_ANY_DOSAJE_EVALUADO,VEH_TOTAL,VEH_N_FUGADOS,VEH_ANY_FUGADO,VEH_ANY_CARGA,VEH_ANY_PUBLICO,VEH_ANY_PARTICULAR,VEH_ANY_MOTO,VEH_ANY_AUTO,VEH_ANY_CAMION_BUS,VEH_ANY_SOAT_PROBLEMA,VEH_ANY_CITV_PROBLEMA,VEH_ANY_SEGURO_PROBLEMA,HORA_NUM,FRANJA_HORARIA,ANIO,MES,DIA_MES,DIA_SEMANA,ES_FIN_SEMANA,ES_QUINCENA,REGION_NATURAL,TIENE_SEÑALIZACION,ES_VIA_MULTICARRIL,ES_DEPTO_BAJO_PAVIMENTO,CATEGORIA_SEVERIDAD,CATEGORIA_SEVERIDAD_ENC
1,1,3,2,4,0,-16.346203,-71.606285,0,0,7,1,2,0,1,0,6543.555,2.0,4,4,1.0,14,33,1198.0,0.6411767862503931,77.2408324916572,78.204125011303,10.595705083047717,1107.223861768016,193412.3169164882,10322.272,1495.236,1749.739,7077.2970000000005,2886.595,7435.677000000001,27.964725207783708,2,1,1,1,0,37.0,33.0,40.0,0.0,0.0,0.0,0.0,1,1,1.0,0.0,0.0,0.0,0.0,0.0,0.0,0.0,0.0,1.0,20,2,2022,12,22,3,0,1,0,1,0,1,LEVE,0
6,1,12,0,4,3,-7.732968533712147,-77.95604109147587,0,4,0,0,1,2,2,0,6543.555,2.0,4,4,1.0,14,33,1198.0,0.1405167107902591,78.51359748127314,37.10104254570508,2.208230316135842,109.24828744554304,13896.82226980728,8931.828000000005,1335.5899999999997,1935.9830000000004,5660.255000000005,1219.309,7712.519000000005,13.651281686122925,8,1,0,0,7,25.0,25.0,25.0,1.0,0.0,0.0,0.0,1,0,0.0,0.0,0.0,1.0,0.0,0.0,1.0,0.0,1.0,0.0,4,0,2022,2,5,5,1,0,0,1,0,1,GRAVE_MORTALIDAD,2
3,2,5,2,4,1,-5.68531,-78.78899,0,0,7,1,2,2,2,2,7758.33400008,2.0,2,0,1.0,9,20,2133.0,0.5803239946829384,74.49544278598792,68.33065356443184,8.733179344969395,1046.078117086984,102362.46895074946,15935.565011852366,1733.9250000199986,935.692,13265.948011832368,2000.1670000199988,13935.398011832369,12.551591352627522,2,2,0,0,0,36.5,34.0,39.0,1.0,1.0,1.0,1.0,2,0,0.0,0.0,1.0,1.0,1.0,0.0,0.0,1.0,1.0,1.0,9,1,2025,1,12,6,1,0,2,1,0,1,LEVE,0
0,1,12,2,4,1,-7.920846350651576,-79.11031771336556,0,2,7,1,2,2,2,0,6543.555,3.0,2,0,1.0,0,30,1475.0,0.5721567587688113,77.67102283812494,66.21373667954742,8.464777379360486,978.4498488219192,15563.077087794432,8931.828000000005,1335.5899999999997,1935.9830000000004,5660.255000000005,1219.309,7712.519000000005,13.651281686122925,2,1,0,1,0,37.0,37.0,37.0,1.0,0.0,0.0,0.0,1,0,0.0,0.0,0.0,1.0,0.0,1.0,0.0,0.0,0.0,0.0,21,2,2021,10,3,6,1,0,0,1,1,1,LEVE,0
3,1,14,2,2,4,-12.160096,-77.018885,6,5,6,2,6,2,2,0,6543.555,2.0,4,4,1.0,14,33,1198.0,0.7583553928164398,79.82595632107274,76.7651270103073,11.46351379457763,1662.7771470294065,333655.3618843683,7626.313,1683.4029999999998,1599.0829999999996,4343.827000000001,1814.875,5811.438000000001,23.797541485643197,2,1,0,0,1,37.0,33.0,40.0,1.0,0.0,0.0,0.0,1,0,0.0,0.0,0.0,1.0,1.0,0.0,0.0,1.0,1.0,1.0,20,2,2022,5,15,6,1,1,0,1,0,1,LEVE,0
6,1,5,2,4,1,-7.103537,-78.549797,0,2,0,0,2,1,1,2,9936.932,2.0,2,0,1.0,9,32,3830.0,0.6070175276741574,73.19224654097276,74.29530430690215,9.490386956642766,1117.141592366869,257380.9443254818,15935.565011852366,1733.9250000199986,935.692,13265.948011832368,2000.1670000199988,13935.398011832369,12.551591352627522,4,1,0,1,2,32.0,32.0,32.0,1.0,0.0,0.0,1.0,1,0,0.0,0.0,1.0,0.0,0.0,0.0,1.0,0.0,0.0,0.0,7,1,2023,10,19,3,0,1,2,1,0,1,LEVE,0
6,1,1,0,4,2,-9.20773243099423,-77.63688304644421,0,4,7,0,7,2,2,2,6543.555,2.0,4,4,1.0,14,33,1198.0,0.2940821281880119,82.72674988748675,56.65342118292595,3.838801858683472,263.4759839163978,1319.4132762312634,10767.648,1885.0630000000003,1222.721,7659.864000000001,2100.343,8667.305000000002,19.506051832303577,3,1,0,0,2,59.0,59.0,59.0,1.0,1.0,0.0,0.0,1,0,0.0,0.0,0.0,1.0,0.0,1.0,0.0,0.0,0.0,0.0,5,0,2021,7,28,2,0,1,0,1,0,1,GRAVE_MORTALIDAD,2
3,2,19,1,4,1,-5.1131573,-81.0028846,0,4,7,1,2,2,2,0,245.29,2.0,2,0,1.0,1,20,18.0,0.5697476996509985,79.43113978237243,63.65426474340983,8.424646867174598,957.1839078119212,99196.84582441112,8965.846000060003,1782.4120000599992,636.9959999999999,6546.438000000004,2214.505000059999,6751.341000000004,24.699342371541725,2,2,0,0,0,50.5,39.0,62.0,1.0,1.0,0.0,0.0,2,0,0.0,1.0,0.0,0.0,0.0,0.0,1.0,0.0,1.0,0.0,6,1,2021,4,16,4,0,1,0,1,0,1,LEVE,0
0,1,3,2,2,4,-16.430746,-71.54062,0,0,7,1,2,2,2,0,6543.555,2.0,4,4,1.0,14,33,1198.0,0.7453744058790387,79.4589730074046,82.73398367318066,12.665195784530074,1448.5317937470898,76620.6295503212,10322.272,1495.236,1749.739,7077.2970000000005,2886.595,7435.677000000001,27.964725207783708,2,1,0,1,0,25.0,25.0,25.0,1.0,0.0,0.0,1.0,1,0,0.0,1.0,0.0,0.0,0.0,0.0,1.0,0.0,0.0,0.0,18,2,2024,4,9,1,0,0,0,1,0,1,LEVE,0
3,2,5,2,4,1,-4.984032,-79.10115,0,3,0,0,2,1,1,2,7758.33400008,2.0,2,0,1.0,9,20,2133.0,0.3151477911505985,73.36449184704787,52.88964951702089,5.406399838135312,296.1597460834138,9812.95289079229,15935.565011852366,1733.9250000199986,935.692,13265.948011832368,2000.1670000199988,13935.398011832369,12.551591352627522,3,2,0,0,1,27.5,26.0,29.0,1.0,1.0,1.0,1.0,2,0,0.0,0.0,0.0,1.0,1.0,0.0,0.0,1.0,0.0,0.0,17,3,2023,8,25,4,0,1,2,1,0,1,LEVE,0
3,1,14,2,4,1,-11.979265,-77.065758,0,0,7,0,2,2,2,0,6543.555,3.0,2,0,1.0,0,30,1475.0,0.6853375063928137,80.04346891299102,76.32428568750537,8.817291636093138,1443.328322024431,217176.83083511775,7626.313,1683.4029999999998,1599.0829999999996,4343.827000000001,1814.875,5811.438000000001,23.797541485643197,2,2,0,0,0,36.5,32.0,41.0,1.0,0.0,0.0,0.0,2,0,0.0,1.0,0.0,1.0,1.0,0.0,1.0,0.0,1.0,0.0,5,0,2023,6,26,0,0,1,0,1,1,1,LEVE,0
3,1,13,0,4,0,-6.738707,-79.79274,0,4,7,1,2,2,2,0,6543.555,2.0,4,4,1.0,14,33,1198.0,0.5415697888341857,80.94178299597955,72.69485501755445,9.042819482789628,724.6578159158644,183060.58029978588,3459.691,515.0619999999999,689.7280000000001,2254.901,703.3549999999999,2756.336,20.329994788551925,2,2,0,0,0,46.0,35.0,57.0,1.0,0.0,0.0,0.0,2,0,0.0,0.0,0.0,1.0,1.0,1.0,0.0,1.0,1.0,1.0,8,1,2022,5,26,3,0,1,0,1,0,1,LEVE,0
6,1,11,0,4,3,-12.1398254193877,-75.1079038834663,7,4,0,0,7,2,2,2,6543.555,2.0,4,4,1.0,14,33,1198.0,0.4020100488576407,70.87127953530648,59.0811474623202,6.743487983865408,496.892613037561,4211.276231263382,12264.545,1826.4639999999995,1105.5389999999998,9332.542,1588.5359999999996,10676.009,12.952261987705208,3,1,0,0,2,31.0,31.0,31.0,1.0,1.0,0.0,0.0,1,0,0.0,0.0,0.0,1.0,1.0,0.0,0.0,1.0,1.0,1.0,11,1,2023,7,2,6,1,0,2,1,0,1,LEVE,0
3,2,20,0,4,2,-16.0187692,-69.6207661,0,4,7,1,2,2,2,2,6543.555,2.0,4,4,1.0,14,33,1198.0,0.4020198374784472,77.80062735845667,75.295761294875,7.279851651626652,372.63390314535104,50686.62526766595,13642.312999999998,2020.7790000000005,2354.117,9267.416999999998,3314.0520000000006,10328.260999999997,24.29244952817019,2,2,0,0,0,32.5,32.0,33.0,1.0,0.0,0.0,0.0,2,0,0.0,0.0,0.0,1.0,1.0,0.0,1.0,0.0,1.0,1.0,20,2,2022,10,27,3,0,1,2,1,0,1,LEVE,0
1,1,19,2,4,1,-5.56417321160881,-80.8218015616626,0,2,7,1,2,2,2,0,453.9549999999999,2.0,2,3,0.0,9,32,133.0,0.4860724693701166,72.15814961491549,57.86687952143938,7.507596134322599,781.8218439197168,48691.10064239828,8965.846000060003,1782.4120000599992,636.9959999999999,6546.438000000004,2214.505000059999,6751.341000000004,24.699342371541725,2,1,1,1,0,37.0,33.0,40.0,0.0,0.0,0.0,0.0,1,1,1.0,0.0,0.0,0.0,0.0,0.0,0.0,0.0,0.0,1.0,21,2,2021,12,5,6,1,0,0,1,0,1,LEVE,0
6,1,1,0,4,1,-8.59749149683882,-77.7673569121848,2,4,0,1,2,2,2,0,1703.219,1.0,0,3,0.0,9,28,247.0,0.3402471183500948,73.78511110983891,55.65918179301772,5.735441575011024,339.0487843660055,2856.3661670235547,10767.648,1885.0630000000003,1222.721,7659.864000000001,2100.343,8667.305000000002,19.506051832303577,7,1,0,0,6,49.0,49.0,49.0,1.0,0.0,0.0,0.0,1,0,0.0,0.0,0.0,1.0,0.0,1.0,0.0,0.0,1.0,0.0,19,2,2022,3,28,0,0,1,0,1,0,1,GRAVE_LESIONADOS,1
3,2,5,0,4,1,-7.37474645880619,-78.1285260797505,0,4,7,1,2,2,2,0,9936.932,2.0,2,0,1.0,9,32,3830.0,0.3417904861011918,68.7622191785171,42.11578088566062,5.620034093077237,435.9007514783612,1240.0428265524629,15935.565011852366,1733.9250000199986,935.692,13265.948011832368,2000.1670000199988,13935.398011832369,12.551591352627522,3,2,0,0,1,31.0,18.0,44.0,1.0,1.0,0.0,1.0,2,0,0.0,0.0,0.0,1.0,1.0,1.0,0.0,1.0,1.0,1.0,15,3,2025,3,5,2,0,0,2,1,0,1,LEVE,0
3,2,12,0,4,1,-8.954141,-78.629623,0,4,7,1,2,2,2,2,6543.555,3.0,2,0,1.0,0,30,1475.0,0.4867987483268106,77.5825534369154,52.95148122709723,6.150547060309878,840.5788229266196,9838.736616702356,8931.828000000005,1335.5899999999997,1935.9830000000004,5660.255000000005,1219.309,7712.519000000005,13.651281686122925,3,2,0,0,1,39.5,28.0,51.0,1.0,0.0,0.0,1.0,2,0,0.0,1.0,0.0,0.0,0.0,0.0,1.0,0.0,1.0,0.0,19,2,2021,5,8,5,1,0,0,1,1,1,LEVE,0
6,1,5,0,4,2,-7.092547,-78.521681,0,4,2,0,1,1,0,1,6543.555,2.0,4,4,1.0,14,33,1198.0,0.4873182795359782,74.24096566709692,64.6877883123536,6.6248391576573376,776.4319899416191,48280.91862955032,15935.565011852366,1733.9250000199986,935.692,13265.948011832368,2000.1670000199988,13935.398011832369,12.551591352627522,2,1,0,0,1,54.0,54.0,54.0,1.0,1.0,0.0,0.0,1,0,0.0,0.0,1.0,0.0,1.0,0.0,0.0,1.0,0.0,0.0,17,3,2021,7,14,2,0,0,2,1,0,1,GRAVE_MORTALIDAD,2
6,1,12,0,4,2,-8.027087849639477,-78.60644798945548,5,4,0,1,7,2,2,0,6543.555,2.0,4,4,1.0,14,33,1198.0,0.2791284879085741,74.57203044034796,46.6214947625042,4.873477903150793,239.2584269294917,5611.197002141327,8931.828000000005,1335.5899999999997,1935.9830000000004,5660.255000000005,1219.309,7712.519000000005,13.651281686122925,2,1,1,0,1,37.0,33.0,40.0,0.0,0.0,0.0,0.0,1,0,0.0,0.0,0.0,1.0,0.0,1.0,0.0,0.0,0.0,0.0,22,2,2024,9,26,3,0,1,0,1,0,1,LEVE,0
0,0,3,2,4,0,-16.360668,-71.6191802,0,3,7,1,2,2,2,0,6543.555,2.0,4,4,1.0,14,33,1198.0,0.6411767862503931,77.2408324916572,78.204125011303,10.595705083047717,1107.223861768016,193412.3169164882,10322.272,1495.236,1749.739,7077.2970000000005,2886.595,7435.677000000001,27.964725207783708,2,1,0,1,0,33.0,33.0,33.0,1.0,0.0,0.0,1.0,1,0,0.0,0.0,0.0,0.0,0.0,0.0,0.0,0.0,0.0,1.0,7,1,2023,11,15,2,0,1,0,1,0,1,LEVE,0
1,1,11,0,4,1,-11.58366,-75.95685,0,4,7,1,2,2,2,0,875.67,2.0,2,0,1.0,3,14,156.0,0.6211711217784234,75.51508523355102,70.90101252241288,10.049671623026311,1128.403546167389,8996.89721627409,12264.545,1826.4639999999995,1105.5389999999998,9332.542,1588.5359999999996,10676.009,12.952261987705208,2,1,1,1,0,37.0,33.0,40.0,0.0,0.0,0.0,0.0,1,1,1.0,0.0,0.0,0.0,0.0,0.0,0.0,0.0,0.0,1.0,1,0,2022,6,7,1,0,0,2,1,0,1,LEVE,0
6,1,11,0,4,1,-11.40438493061171,-75.88275069550514,0,4,0,0,2,1,1,2,600.0300000000001,2.0,2,0,0.0,9,8,178.0,0.5493260347632952,73.03034893900043,68.8291687441095,9.22858629364709,885.6439218717968,43269.004282655245,12264.545,1826.4639999999995,1105.5389999999998,9332.542,1588.5359999999996,10676.009,12.952261987705208,2,1,0,0,1,53.0,53.0,53.0,1.0,0.0,0.0,0.0,1,0,0.0,0.0,0.0,0.0,0.0,0.0,1.0,0.0,0.0,0.0,23,2,2024,2,19,0,0,1,2,1,0,1,LEVE,0
1,1,14,2,4,1,-11.933814470408452,-77.07207325287774,0,2,7,1,2,2,2,0,6543.555,3.0,2,0,1.0,0,30,1475.0,0.7218926988400113,80.0902077245261,77.9581888264889,10.971588327733102,1458.3206086290393,530000.3426124197,7626.313,1683.4029999999998,1599.0829999999996,4343.827000000001,1814.875,5811.438000000001,23.797541485643197,2,1,1,1,0,37.0,33.0,40.0,0.0,0.0,0.0,0.0,1,1,1.0,0.0,0.0,0.0,0.0,0.0,0.0,0.0,0.0,1.0,2,0,2024,12,4,2,0,0,0,1,1,1,LEVE,0
0,1,13,2,7,4,-6.796301,-79.843871,0,0,1,1,2,2,2,2,6543.555,2.0,4,4,1.0,14,33,1198.0,0.5698121065713132,80.7750211042815,73.24532007426484,9.611369875155264,807.8835749369007,96903.36830835116,3459.691,515.0619999999999,689.7280000000001,2254.901,703.3549999999999,2756.336,20.329994788551925,2,1,0,1,0,36.0,36.0,36.0,1.0,1.0,0.0,0.0,1,0,0.0,1.0,0.0,0.0,1.0,0.0,0.0,1.0,1.0,1.0,19,2,2021,10,2,5,1,0,0,1,0,1,LEVE,0
3,2,20,0,4,1,-15.778642,-70.032045,0,4,0,1,2,1,1,2,7586.903,2.0,2,0,1.0,9,5,1198.0,0.3204026151964153,69.29426309416309,70.2364823564305,6.371809812333516,265.9551058733816,4850.546038543897,13642.312999999998,2020.7790000000005,2354.117,9267.416999999998,3314.0520000000006,10328.260999999997,24.29244952817019,4,2,0,0,2,38.5,25.0,52.0,1.0,0.0,0.0,0.0,2,0,0.0,1.0,0.0,1.0,0.0,0.0,1.0,1.0,0.0,0.0,16,3,2021,4,25,6,1,1,2,1,0,1,LEVE,0
5,2,20,2,4,1,-15.468342,-70.109546,5,0,1,1,2,2,2,2,1762.84,2.0,1,0,0.0,9,32,485.0,0.5225679967471315,73.87568641139362,79.22999870887685,8.745562804731529,728.6643223924281,65445.28409703769,13642.312999999998,2020.7790000000005,2354.117,9267.416999999998,3314.0520000000006,10328.260999999997,24.29244952817019,3,3,1,0,0,53.5,44.0,63.0,1.0,1.0,0.0,0.0,3,1,1.0,0.0,1.0,1.0,1.0,0.0,1.0,1.0,1.0,1.0,18,2,2021,12,19,6,1,1,2,1,0,1,LEVE,0
3,1,14,2,2,4,-12.07537112,-77.0976693,0,0,7,1,2,2,2,0,6543.555,2.0,4,4,1.0,14,33,1198.0,0.8224006497057281,80.32617651391924,76.66408959706945,12.77635923087604,1966.554093175902,146885.81156316918,7626.313,1683.4029999999998,1599.0829999999996,4343.827000000001,1814.875,5811.438000000001,23.797541485643197,3,2,0,0,1,54.5,39.0,70.0,1.0,1.0,0.0,0.0,2,0,0.0,0.0,0.0,1.0,1.0,1.0,0.0,0.0,1.0,0.0,19,2,2023,9,30,5,1,1,0,1,0,1,LEVE,0
6,1,8,0,4,0,-12.769323,-74.734499,0,4,5,1,7,2,2,0,6543.555,2.0,4,4,1.0,14,33,1198.0,0.307095146119662,76.81714663053356,65.38121087509398,5.2153365399199,243.45603655769963,29603.12847965739,8511.426,1445.3929999999996,2008.516,5057.516999999999,1879.579,6631.846999999998,22.08300935706896,2,1,0,0,1,28.0,28.0,28.0,1.0,0.0,0.0,1.0,1,0,0.0,0.0,0.0,1.0,0.0,1.0,0.0,0.0,0.0,0.0,9,1,2021,2,16,1,0,1,2,1,0,1,LEVE,0
3,2,5,0,4,1,-7.20511167,-78.93261833,0,3,0,0,2,0,1,2,887.28,2.0,2,0,1.0,8,17,155.0,0.4095613714220312,69.95619674953491,51.15883533026865,6.044934648261815,612.9415521199578,3213.601713062099,15935.565011852366,1733.9250000199986,935.692,13265.948011832368,2000.1670000199988,13935.398011832369,12.551591352627522,2,2,0,0,0,33.0,32.0,34.0,1.0,1.0,0.0,0.0,2,0,0.0,1.0,0.0,1.0,1.0,0.0,1.0,0.0,1.0,1.0,12,3,2022,11,11,4,0,0,2,1,0,1,LEVE,0
6,1,10,0,4,1,-14.1152592,-75.717401,0,4,7,1,2,2,2,0,6639.975,2.0,2,0,1.0,9,31,1616.0,0.6017391761868336,78.042802452235,72.28583389723312,10.31007692281154,958.0333772224832,5487.43897216274,3721.461,698.1859999999996,744.866,2278.409,1102.9029999999996,2618.558,29.636290693359403,2,1,0,0,1,27.0,27.0,27.0,1.0,0.0,0.0,0.0,1,0,0.0,0.0,0.0,1.0,0.0,1.0,0.0,0.0,0.0,0.0,23,2,2021,11,20,5,1,1,0,1,0,1,LEVE,0
0,0,7,0,4,3,-12.65974,-73.065154,0,4,7,1,7,2,2,2,6543.555,2.0,4,4,1.0,14,33,1198.0,0.4297325556987851,76.15904795703717,58.63823936731875,6.097264629229048,579.625724446144,29458.58458244112,17779.13499998999,2097.3709999899997,2863.123,12818.640999999989,2878.713,14900.421999989989,16.19152450331032,2,1,0,1,0,51.0,51.0,51.0,1.0,0.0,0.0,0.0,1,0,0.0,0.0,0.0,1.0,0.0,0.0,1.0,1.0,1.0,1.0,17,3,2024,6,19,2,0,1,2,1,0,1,LEVE,0
0,1,12,2,2,4,-8.1430133666,-79.0547903821,0,3,1,1,2,2,2,0,6543.555,2.0,4,4,1.0,14,33,1198.0,0.7531641124604342,80.00312647864715,76.99495003849329,11.742569192588208,1599.6362666139996,66889.78372591006,8931.828000000005,1335.5899999999997,1935.9830000000004,5660.255000000005,1219.309,7712.519000000005,13.651281686122925,2,1,0,1,0,46.0,46.0,46.0,1.0,0.0,0.0,0.0,1,0,0.0,0.0,0.0,1.0,0.0,0.0,1.0,1.0,0.0,0.0,19,2,2024,6,12,2,0,0,0,1,0,1,LEVE,0
3,2,7,0,4,1,-14.574877,-71.722283,0,4,0,0,7,2,2,2,1780.161,1.0,1,3,0.0,9,32,490.0,0.4670263153502933,65.5237709552973,70.61273193256336,7.074467358088314,760.9316629253258,9065.880085653103,17779.13499998999,2097.3709999899997,2863.123,12818.640999999989,2878.713,14900.421999989989,16.19152450331032,2,2,0,0,0,35.0,35.0,35.0,1.0,0.0,0.0,0.0,2,0,0.0,0.0,1.0,1.0,1.0,0.0,1.0,1.0,1.0,0.0,10,1,2021,5,28,4,0,1,2,1,0,1,LEVE,0
3,2,1,0,4,1,-9.272423427454903,-77.65352364408837,0,4,0,0,2,2,2,2,9936.932,2.0,2,0,1.0,9,32,3830.0,0.4587978361428124,78.55357819250929,75.00490137952089,6.798229716455806,554.0808499913494,3284.7344753747325,10767.648,1885.0630000000003,1222.721,7659.864000000001,2100.343,8667.305000000002,19.506051832303577,4,2,0,0,2,23.5,20.0,27.0,1.0,0.0,0.0,0.0,2,0,0.0,1.0,0.0,1.0,0.0,1.0,1.0,0.0,0.0,0.0,18,2,2022,9,13,1,0,0,0,1,0,1,LEVE,0
1,1,20,2,6,4,-15.837482,-70.025428,6,5,6,2,6,2,2,0,6543.555,2.0,4,4,1.0,14,33,1198.0,0.6488901960567479,69.67312345830231,82.12448375199249,11.701623814093702,1230.336353415943,144745.3597430407,13642.312999999998,2020.7790000000005,2354.117,9267.416999999998,3314.0520000000006,10328.260999999997,24.29244952817019,2,1,1,1,0,37.0,33.0,40.0,0.0,0.0,0.0,0.0,1,1,1.0,0.0,0.0,0.0,0.0,0.0,0.0,0.0,0.0,1.0,2,0,2025,2,8,5,1,0,2,1,0,1,LEVE,0
3,1,15,2,2,4,-3.7657412959985743,-73.26442118723445,7,1,7,1,2,2,2,0,6543.555,2.0,4,4,1.0,14,33,1198.0,0.529795353544325,72.41445562653223,53.44391779748307,8.289281910927794,973.5956743426708,73191.91006423984,1095.5949999999998,128.87099999999998,320.74700000000007,645.9769999999999,274.214,821.381,25.02877431897737,5,4,1,0,1,29.0,14.0,40.0,1.0,1.0,0.0,1.0,5,1,1.0,1.0,1.0,1.0,1.0,0.0,1.0,0.0,1.0,0.0,9,1,2021,2,17,2,0,1,1,1,0,1,LEVE,0
6,1,23,0,4,1,-3.5356606816561085,-80.37896221963575,0,4,7,1,2,1,0,2,6543.555,3.0,2,0,1.0,0,30,1475.0,0.6025111043634478,77.63758231637303,72.22144062196868,9.79150322507506,998.9716590818762,109744.95931477516,1009.101,138.47399999999996,287.471,583.156,276.972,732.129,27.447401201663663,2,1,0,0,1,24.0,24.0,24.0,0.0,1.0,1.0,1.0,1,0,0.0,0.0,0.0,1.0,1.0,0.0,0.0,1.0,1.0,1.0,23,2,2022,1,21,4,0,1,0,1,1,1,LEVE,0
0,1,14,2,2,4,-12.02683672,-77.0552162,0,0,7,1,2,2,2,0,6543.555,2.0,4,4,1.0,14,33,1198.0,0.7419979630670723,80.31822295927182,79.00446395716813,11.084203715652809,1554.6868971011318,739416.2413542903,7626.313,1683.4029999999998,1599.0829999999996,4343.827000000001,1814.875,5811.438000000001,23.797541485643197,2,1,0,1,0,28.0,28.0,28.0,1.0,0.0,0.0,0.0,1,0,0.0,0.0,0.0,0.0,0.0,1.0,0.0,1.0,1.0,1.0,5,0,2023,11,6,0,0,0,0,1,0,1,LEVE,0
3,2,4,0,4,1,-14.6623,-74.386078,0,4,7,1,2,1,0,2,2238.6850000000004,2.0,2,0,1.0,4,27,115.0,0.3765288260269777,68.18120476047088,50.993604658293634,5.607263086988291,529.4791469876697,3716.779443254818,12678.733000000004,1805.074000000001,1774.0339999999994,9099.625000000004,2485.375000000001,10193.358000000002,19.602707936195205,3,2,0,0,1,51.5,41.0,62.0,1.0,0.0,0.0,1.0,2,0,0.0,1.0,0.0,0.0,0.0,0.0,1.0,0.0,1.0,0.0,3,0,2025,8,9,5,1,0,2,1,0,1,LEVE,0
6,1,5,0,4,3,-7.365094,-77.921702,0,4,7,1,1,2,2,2,6543.555,2.0,4,4,1.0,14,33,1198.0,0.257407821092545,79.22589573389911,31.568829101620796,3.1759456090081124,300.97508500617505,7764.597430406853,15935.565011852366,1733.9250000199986,935.692,13265.948011832368,2000.1670000199988,13935.398011832369,12.551591352627522,4,1,0,0,3,21.0,21.0,21.0,1.0,0.0,0.0,1.0,1,0,0.0,0.0,1.0,0.0,0.0,0.0,1.0,0.0,0.0,0.0,7,1,2024,7,8,0,0,0,2,1,0,1,GRAVE_LESIONADOS,1
0,1,12,0,4,0,-8.147865,-78.172838,0,4,7,1,2,2,2,6,6543.555,2.0,4,4,1.0,14,33,1198.0,0.3206757529914507,75.21333323806027,45.341846366223095,5.318686972331122,324.76888338207965,18794.94860813704,8931.828000000005,1335.5899999999997,1935.9830000000004,5660.255000000005,1219.309,7712.519000000005,13.651281686122925,2,1,0,1,0,44.0,44.0,44.0,1.0,0.0,0.0,1.0,1,0,0.0,0.0,0.0,1.0,0.0,0.0,1.0,0.0,0.0,0.0,12,3,2022,4,24,6,1,1,0,1,0,1,LEVE,0
3,1,14,2,4,1,-12.076388111888583,-76.97514534170547,0,0,7,1,2,1,0,0,6639.975,2.0,2,0,1.0,9,31,1616.0,0.8452166148253858,80.64766902313956,78.16154022078278,14.700269515657656,1939.4672090018812,160839.29764453962,7626.313,1683.4029999999998,1599.0829999999996,4343.827000000001,1814.875,5811.438000000001,23.797541485643197,2,2,0,0,0,46.0,37.0,55.0,1.0,0.0,0.0,0.0,2,0,0.0,0.0,1.0,1.0,1.0,1.0,0.0,0.0,0.0,1.0,22,2,2024,7,21,6,1,1,0,1,0,1,LEVE,0
0,1,12,0,4,1,-7.305280085254747,-79.47914506524577,0,4,7,1,2,2,2,0,887.28,2.0,2,0,1.0,8,17,155.0,0.5650979329787121,81.32490571897102,68.6769211482833,7.868096912305706,909.6843705053026,43897.946466809415,8931.828000000005,1335.5899999999997,1935.9830000000004,5660.255000000005,1219.309,7712.519000000005,13.651281686122925,2,1,0,1,0,29.0,29.0,29.0,1.0,1.0,0.0,0.0,1,0,0.0,0.0,0.0,1.0,0.0,0.0,1.0,1.0,1.0,0.0,6,1,2022,7,29,4,0,1,0,1,0,1,LEVE,0
0,1,24,2,4,1,-8.384031,-74.54604,0,0,7,1,5,2,2,4,1169.3919999999998,2.0,3,1,0.0,9,32,75.0,0.5634769861561197,73.0016356967691,60.42057392437736,9.668331643433834,987.6889044977592,126065.34475374733,2689.139,392.697,1311.5319999999997,984.91,261.598,2427.541,9.727946379863592,2,1,0,1,0,23.0,23.0,23.0,1.0,1.0,0.0,0.0,1,0,0.0,1.0,0.0,0.0,0.0,0.0,0.0,1.0,1.0,1.0,11,1,2022,10,18,1,0,1,1,1,0,1,LEVE,0
6,1,4,0,4,1,-13.414866,-73.967526,2,4,0,0,2,2,2,2,7586.903,2.0,2,0,1.0,9,5,1198.0,0.2511977866304733,68.52299906881817,41.38980764331505,5.313682333529363,203.31119593828876,9734.820128479656,12678.733000000004,1805.074000000001,1774.0339999999994,9099.625000000004,2485.375000000001,10193.358000000002,19.602707936195205,1,1,0,0,0,23.0,23.0,23.0,1.0,1.0,1.0,1.0,1,0,0.0,0.0,0.0,1.0,1.0,0.0,0.0,1.0,0.0,0.0,12,3,2025,9,28,6,1,1,2,1,0,1,LEVE,0
6,1,3,0,4,2,-16.628789585117158,-72.69478116431125,0,4,7,1,2,2,2,0,6543.555,2.0,4,4,1.0,14,33,1198.0,0.6438160463426852,84.71218617950387,69.3595667037428,8.966372569949256,1152.2024707992498,16526.967880085653,10322.272,1495.236,1749.739,7077.2970000000005,2886.595,7435.677000000001,27.964725207783708,2,1,0,0,1,29.0,29.0,29.0,1.0,1.0,0.0,0.0,1,0,0.0,0.0,0.0,1.0,1.0,0.0,0.0,1.0,0.0,1.0,21,2,2022,1,19,2,0,1,0,1,0,1,LEVE,0
3,2,14,0,4,1,-11.02663927766893,-77.59436482605076,0,4,7,1,2,1,0,2,6543.555,3.0,2,0,1.0,0,30,1475.0,0.6058977644686256,75.86009868534626,65.24867654925505,8.328201694517173,1216.0018080234922,26242.524625267662,7626.313,1683.4029999999998,1599.0829999999996,4343.827000000001,1814.875,5811.438000000001,23.797541485643197,2,2,0,0,0,61.0,58.0,64.0,1.0,0.0,0.0,1.0,2,0,0.0,0.0,0.0,1.0,0.0,1.0,0.0,0.0,0.0,1.0,18,2,2024,3,22,4,0,1,0,1,1,1,LEVE,0
0,1,17,2,4,1,-17.20663,-70.921486,0,0,7,1,2,2,2,4,1529.105,2.0,2,0,1.0,9,21,200.0,0.7019393796398946,77.75173796903684,74.13909206921859,10.843210004831542,1446.2028877191838,64680.35760171306,2949.174,470.28500000000025,903.055,1575.834,866.4460000000004,2082.728,29.37927704503025,2,1,0,1,0,59.0,59.0,59.0,1.0,0.0,0.0,1.0,1,0,0.0,0.0,1.0,0.0,0.0,0.0,1.0,0.0,0.0,0.0,19,2,2021,1,26,1,0,1,0,1,0,1,LEVE,0