CLASE SINIESTRO,CANTIDAD DE VEHICULOS DAÑADOS,DEPARTAMENTO,ZONA,TIPO DE VÍA,RED VIAL,COORDENADAS LATITUD,COORDENADAS  LONGITUD,CONDICIÓN CLIMÁTICA,ZONIFICACIÓN,CARACTERÍSTICAS DE VÍA,PERFIL LONGITUDINAL VÍA,SUPERFICIE DE CALZADA,¿EXISTE SEÑAL VERTICAL?,¿EXISTE SEÑAL HORIZONTAL?,CAUSA FACTOR PRINCIPAL,MTC_RVN_LONGITUD_KM,MTC_RVN_N_CARRILES_MEDIANA,MTC_RVN_SUPERFICIE_DOMINANTE,MTC_RVN_ESTADO_DOMINANTE,MTC_RVN_ES_CONCESIONADA,MTC_RVN_CONCESION_PRINCIPAL,MTC_RVN_CORREDOR_LOGISTICO,MTC_RVN_N_TRAMOS,IDH_2019,IDH_ESP_VIDA_2019,IDH_EDUC_SECUND_PCT_2019,IDH_ANIOS_EDUC_2019,IDH_INGRESO_PERCAP_2019,IDH_POBLACION_2019,MTC_DEP_RED_TOTAL_KM,MTC_DEP_NACIONAL_TOTAL_KM,MTC_DEP_DEPARTAMENTAL_TOTAL_KM,MTC_DEP_VECINAL_TOTAL_KM,MTC_DEP_PAV_TOTAL_KM,MTC_DEP_NO_PAV_TOTAL_KM,MTC_DEP_PCT_PAVIMENTADA,PER_TOTAL_PERSONAS,PER_N_CONDUCTORES,PER_N_CONDUCTORES_FUGADOS,PER_N_PEATONES,PER_N_PASAJEROS_OCUPANTES,PER_EDAD_COND_PROM,PER_EDAD_COND_MIN,PER_EDAD_COND_MAX,PER_ANY_COND_MASCULINO,PER_ANY_LIC_PROBLEMA,PER_ANY_DOSAJE_POS,PER_ANY_DOSAJE_EVALUADO,VEH_TOTAL,VEH_N_FUGADOS,VEH_ANY_FUGADO,VEH_ANY_CARGA,VEH_ANY_PUBLICO,VEH_ANY_PARTICULAR,VEH_ANY_MOTO,VEH_ANY_AUTO,VEH_ANY_CAMION_BUS,VEH_ANY_SOAT_PROBLEMA,VEH_ANY_CITV_PROBLEMA,VEH_ANY_SEGURO_PROBLEMA,HORA_NUM,FRANJA_HORARIA,ANIO,MES,DIA_MES,DIA_SEMANA,ES_FIN_SEMANA,ES_QUINCENA,REGION_NATURAL,TIENE_SEÑALIZACION,ES_VIA_MULTICARRIL,ES_DEPTO_BAJO_PAVIMENTO,CATEGORIA_SEVERIDAD,CATEGORIA_SEVERIDAD_ENC
1,1,11,2,4,1,-11.881666616868475,-75.39622566016249,0,4,7,1,2,0,1,2,196.88,2.0,2,0,1.0,3,32,35.0,0.3829418427301908,69.53519019140302,61.90302484972667,7.605764991096732,405.6993645641632,4767.728051391863,12264.545,1826.4639999999995,1105.5389999999998,9332.542,1588.5359999999996,10676.009,12.952261987705208,2,1,1,1,0,37.0,33.0,40.0,0.0,0.0,0.0,0.0,1,1,1.0,0.0,0.0,0.0,0.0,0.0,0.0,0.0,0.0,1.0,6,1,2022,9,4,6,1,0,2,1,0,1,LEVE,0
3,1,3,0,4,0,-16.4697919,-71.8444426,0,4,7,1,2,2,2,0,6543.555,2.0,4,4,1.0,14,33,1198.0,0.6105481451420971,78.10653088113892,68.35418098658066,8.411557426919764,1158.5430895193692,35025.678800856535,10322.272,1495.236,1749.739,7077.2970000000005,2886.595,7435.677000000001,27.964725207783708,4,2,0,0,2,27.0,25.0,29.0,1.0,0.0,1.0,1.0,2,0,0.0,1.0,0.0,1.0,0.0,1.0,0.0,0.0,0.0,0.0,2,0,2023,8,27,6,1,1,0,1,0,1,GRAVE_LESIONADOS,1
6,1,19,0,4,1,-4.7495287,-80.5879604,0,4,7,1,2,2,2,0,410.779,2.0,2,3,0.0,9,32,103.0,0.527881145323798,80.29846251746501,69.26752206943536,7.149213155114717,805.190154393453,25662.20556745182,8965.846000060003,1782.4120000599992,636.9959999999999,6546.438000000004,2214.505000059999,6751.341000000004,24.699342371541725,1,1,0,0,0,29.0,29.0,29.0,1.0,1.0,0.0,1.0,1,0,0.0,0.0,0.0,1.0,1.0,0.0,0.0,1.0,0.0,1.0,20,2,2021,2,21,6,1,1,0,1,0,1,LEVE,0
3,1,15,2,4,0,-3.7779235,-73.2921401,0,0,7,1,2,2,2,2,6543.555,2.0,4,4,1.0,14,33,1198.0,0.578134350962316,72.90307998335238,55.49705098903474,10.509480811415798,1057.596132242517,149460.57173447538,1095.5949999999998,128.87099999999998,320.74700000000007,645.9769999999999,274.214,821.381,25.02877431897737,2,2,0,0,0,26.0,19.0,33.0,1.0,1.0,0.0,0.0,2,0,0.0,0.0,0.0,1.0,1.0,0.0,0.0,1.0,1.0,1.0,20,2,2022,9,28,2,0,1,1,1,0,1,LEVE,0
1,1,10,2,2,4,-14.058877,-75.722746,0,0,7,1,2,2,2,0,6543.555,2.0,4,4,1.0,14,33,1198.0,0.616344289610642,80.7965682315964,78.0945097589989,10.478110468164347,933.3636045670844,54312.19271948608,3721.461,698.1859999999996,744.866,2278.409,1102.9029999999996,2618.558,29.636290693359403,2,1,1,1,0,37.0,33.0,40.0,0.0,0.0,0.0,0.0,1,1,1.0,0.0,0.0,0.0,0.0,0.0,0.0,0.0,0.0,1.0,5,0,2024,3,15,4,0,1,0,1,0,1,LEVE,0
3,1,14,2,2,4,-12.06746168,-77.07770363,0,0,7,1,2,2,2,2,6543.555,2.0,4,4,1.0,14,33,1198.0,0.7646845961658533,80.23682119426338,77.96082737891015,12.014176158371615,1633.787715186093,250806.0877944326,7626.313,1683.4029999999998,1599.0829999999996,4343.827000000001,1814.875,5811.438000000001,23.797541485643197,2,2,0,0,0,37.0,28.0,46.0,1.0,0.0,0.0,0.0,2,0,0.0,0.0,1.0,1.0,1.0,0.0,1.0,1.0,1.0,1.0,9,1,2023,7,14,4,0,0,0,1,0,1,LEVE,0
3,2,3,0,4,1,-16.4599736,-71.6905902,0,4,0,1,2,0,1,0,1504.4250000000002,2.0,2,0,1.0,7,25,241.0,0.6689013265491138,80.68275010974979,77.5560025217936,10.466309714908672,1190.454984819332,14385.036402569593,10322.272,1495.236,1749.739,7077.2970000000005,2886.595,7435.677000000001,27.964725207783708,2,2,0,0,0,49.0,27.0,71.0,1.0,0.0,0.0,0.0,2,0,0.0,1.0,0.0,0.0,0.0,0.0,1.0,0.0,0.0,0.0,20,2,2023,1,22,6,1,1,0,1,0,1,LEVE,0
6,1,21,0,4,1,-6.23185347719985,-76.8079859651585,0,4,7,0,2,2,2,0,7758.33400008,2.0,2,0,1.0,9,20,2133.0,0.3333052963989162,71.41266115066519,50.31288029341144,4.505229835455347,416.1192158407731,17759.14989293362,5645.136,815.0759999999999,965.298,3864.762,1013.406,4631.73,17.95184385283189,1,1,0,0,0,44.0,44.0,44.0,1.0,0.0,0.0,0.0,1,0,0.0,0.0,0.0,1.0,1.0,0.0,0.0,1.0,1.0,1.0,7,1,2025,7,14,0,0,0,1,1,0,1,LEVE,0
10,1,7,0,4,0,-13.673586,-71.920159,0,4,7,1,1,2,2,2,6543.555,2.0,4,4,1.0,14,33,1198.0,0.2668637127112817,63.43982414235539,60.63546432961729,4.616570958347593,245.8510767443306,1930.7066381156317,17779.13499998999,2097.3709999899997,2863.123,12818.640999999989,2878.713,14900.421999989989,16.19152450331032,2,1,0,0,1,54.0,54.0,54.0,1.0,0.0,0.0,0.0,1,0,0.0,0.0,0.0,1.0,0.0,1.0,0.0,0.0,1.0,0.0,20,2,2024,6,21,4,0,1,2,1,0,1,GRAVE_MORTALIDAD,2
3,2,19,0,4,2,-5.430341667,-80.74022166666667,0,4,7,1,2,1,0,0,6543.555,2.0,4,4,1.0,14,33,1198.0,0.503932255007865,75.18088719666915,64.04962411873392,8.232306220081423,735.2430922619759,4640.3811563169165,8965.846000060003,1782.4120000599992,636.9959999999999,6546.438000000004,2214.505000059999,6751.341000000004,24.699342371541725,5,2,0,0,3,38.0,29.0,47.0,1.0,1.0,0.0,0.0,2,0,0.0,0.0,1.0,1.0,1.0,1.0,0.0,0.0,0.0,0.0,21,2,2021,8,2,0,0,0,0,1,0,1,GRAVE_MORTALIDAD,2
3,1,16,0,4,1,-12.891986,-70.065377,6,5,6,2,6,2,2,0,3263.58,2.0,2,0,1.0,5,18,566.0,0.5847607793961872,74.2269863647676,56.54783510482739,8.321017414125608,1213.9031663194648,11048.877944325484,2090.391,399.431,340.021,1350.9389999999996,493.824,1596.5669999999996,23.62352306338862,3,2,0,0,1,44.0,34.0,54.0,1.0,0.0,0.0,0.0,2,0,0.0,0.0,0.0,1.0,1.0,1.0,0.0,0.0,1.0,1.0,16,3,2022,7,10,6,1,0,1,1,0,1,LEVE,0
0,1,10,2,4,1,-14.8729674,-74.9904761,0,3,7,1,2,2,2,0,6639.975,2.0,2,0,1.0,9,31,1616.0,0.5563774842369664,77.00938809632027,69.10246351364754,8.476961866273152,914.8835608305218,27932.19700214133,3721.461,698.1859999999996,744.866,2278.409,1102.9029999999996,2618.558,29.636290693359403,2,1,0,1,0,18.0,18.0,18.0,1.0,1.0,0.0,1.0,1,0,0.0,0.0,0.0,1.0,1.0,0.0,0.0,1.0,1.0,0.0,4,0,2021,5,7,4,0,0,0,1,0,1,LEVE,0
6,1,14,2,4,1,-11.990416,-76.820875,0,3,7,1,2,2,2,0,875.67,2.0,2,0,1.0,3,14,156.0,0.7410537419693288,80.72873693175681,77.76911521289269,11.20634409407566,1539.7635062745433,43755.852248394,7626.313,1683.4029999999998,1599.0829999999996,4343.827000000001,1814.875,5811.438000000001,23.797541485643197,1,1,0,0,0,37.0,33.0,40.0,1.0,0.0,0.0,0.0,1,0,0.0,0.0,0.0,1.0,1.0,0.0,0.0,1.0,1.0,0.0,4,0,2021,12,26,6,1,1,0,1,0,1,LEVE,0
6,1,2,0,4,1,-13.951929228837376,-73.14033970459101,6,5,6,2,6,2,2,0,2238.6850000000004,2.0,2,0,1.0,4,27,115.0,0.2665746325878793,68.55061946136793,49.78357802940215,4.479962639971037,244.87806137580827,2673.3576017130617,8358.971,1282.451,1298.0969999999998,5778.423,1432.683,6926.288,17.139466089785454,1,1,0,0,0,32.0,32.0,32.0,1.0,0.0,0.0,0.0,1,0,0.0,0.0,0.0,1.0,1.0,0.0,0.0,0.0,0.0,0.0,11,1,2022,7,12,1,0,0,2,1,0,1,LEVE,0
3,1,6,2,4,1,-11.873062591288354,-77.12711328495267,0,0,7,1,2,0,0,6,139.23,-1.0,2,0,0.0,9,32,69.0,0.5563774842369664,77.00938809632027,69.10246351364754,8.476961866273152,914.8835608305218,27932.19700214133,51.58600000000001,44.68700000000001,6.899000000000001,0.0,49.838000000000015,1.748,96.61148373589734,2,2,0,0,0,38.5,35.0,42.0,1.0,0.0,0.0,0.0,2,0,0.0,1.0,1.0,0.0,1.0,0.0,1.0,0.0,0.0,0.0,5,0,2021,6,25,4,0,1,2,0,0,0,LEVE,0
3,1,3,0,4,1,-16.384865,-71.579321,0,2,7,1,2,2,2,0,1504.4250000000002,2.0,2,0,1.0,7,25,241.0,0.6411767862503931,77.2408324916572,78.204125011303,10.595705083047717,1107.223861768016,193412.3169164882,10322.272,1495.236,1749.739,7077.2970000000005,2886.595,7435.677000000001,27.964725207783708,3,3,1,0,0,42.0,29.0,55.0,1.0,1.0,0.0,0.0,3,0,0.0,1.0,0.0,1.0,1.0,0.0,1.0,0.0,0.0,0.0,10,1,2024,8,12,0,0,0,0,1,0,1,LEVE,0
3,2,20,2,4,2,-14.71019465391884,-70.53411479331245,0,4,7,1,7,2,2,2,6543.555,2.0,4,4,1.0,14,33,1198.0,0.2758755857189898,73.20467509197448,70.6277966455063,5.699833676800038,181.26894175217808,9133.488222698072,13642.312999999998,2020.7790000000005,2354.117,9267.416999999998,3314.0520000000006,10328.260999999997,24.29244952817019,2,2,0,0,0,48.0,48.0,48.0,1.0,1.0,0.0,0.0,2,0,0.0,0.0,0.0,1.0,1.0,0.0,1.0,1.0,1.0,1.0,12,3,2022,8,23,1,0,1,2,1,0,1,LEVE,0
0,1,20,2,4,1,-15.455654366486025,-70.10072345093727,0,3,7,1,2,2,2,1,1762.84,2.0,1,0,0.0,9,32,485.0,0.5225679967471315,73.87568641139362,79.22999870887685,8.745562804731529,728.6643223924281,65445.28409703769,13642.312999999998,2020.7790000000005,2354.117,9267.416999999998,3314.0520000000006,10328.260999999997,24.29244952817019,2,1,0,1,0,15.0,15.0,15.0,0.0,1.0,0.0,1.0,1,0,0.0,0.0,1.0,0.0,0.0,0.0,1.0,0.0,0.0,0.0,21,2,2022,8,13,5,1,0,2,1,0,1,LEVE,0
3,1,20,0,4,1,-16.0952657,-69.6220801,0,4,7,1,2,2,2,0,7586.903,2.0,2,0,1.0,9,5,1198.0,0.4020198374784472,77.80062735845667,75.295761294875,7.279851651626652,372.63390314535104,50686.62526766595,13642.312999999998,2020.7790000000005,2354.117,9267.416999999998,3314.0520000000006,10328.260999999997,24.29244952817019,2,2,1,0,0,64.0,64.0,64.0,1.0,0.0,0.0,0.0,2,1,1.0,0.0,0.0,1.0,0.0,0.0,0.0,0.0,0.0,1.0,21,2,2024,2,14,2,0,0,2,1,0,1,LEVE,0
6,1,11,0,4,2,-11.16358188421908,-75.8564661443685,0,4,7,0,7,2,2,2,6543.555,2.0,4,4,1.0,14,33,1198.0,0.3806721892335712,78.77245225217325,56.81421208719683,5.920101618692288,408.70034160859785,4341.336188436831,12264.545,1826.4639999999995,1105.5389999999998,9332.542,1588.5359999999996,10676.009,12.952261987705208,1,1,0,0,0,43.0,43.0,43.0,1.0,0.0,1.0,1.0,1,0,0.0,0.0,0.0,0.0,0.0,0.0,0.0,0.0,0.0,0.0,15,3,2021,3,1,0,0,0,2,1,0,1,LEVE,0
3,2,5,0,4,0,-7.66647,-78.189343,0,4,7,1,2,2,2,0,6543.555,2.0,4,4,1.0,14,33,1198.0,0.2948350537014906,77.15212155268404,35.50451291723821,3.7775920646885006,361.8643687343071,26075.62526766595,15935.565011852366,1733.9250000199986,935.692,13265.948011832368,2000.1670000199988,13935.398011832369,12.551591352627522,6,3,1,0,3,40.5,29.0,52.0,1.0,0.0,0.0,0.0,3,1,1.0,0.0,0.0,1.0,1.0,0.0,0.0,1.0,1.0,1.0,16,3,2022,8,21,6,1,1,2,1,0,1,GRAVE_LESIONADOS,1
6,1,20,0,4,3,-15.143904525808171,-70.28900647426507,5,4,7,1,7,2,2,2,6543.555,2.0,4,4,1.0,14,33,1198.0,0.192208961369019,68.76766266610497,65.94920879656723,5.568539909379126,92.3572780511386,4011.042826552462,13642.312999999998,2020.7790000000005,2354.117,9267.416999999998,3314.0520000000006,10328.260999999997,24.29244952817019,1,1,0,0,0,22.0,22.0,22.0,1.0,1.0,0.0,0.0,1,0,0.0,0.0,0.0,1.0,1.0,0.0,0.0,1.0,1.0,0.0,13,3,2021,4,13,1,0,0,2,1,0,1,LEVE,0
0,1,11,0,4,1,-12.038147,-75.258643,0,4,7,1,2,1,1,4,196.88,2.0,2,0,1.0,3,32,35.0,0.570857606214118,71.93419820356702,79.22395362517479,9.891853727583106,907.4771296679614,20078.124197002144,12264.545,1826.4639999999995,1105.5389999999998,9332.542,1588.5359999999996,10676.009,12.952261987705208,3,2,0,1,0,33.0,26.0,40.0,1.0,0.0,1.0,1.0,2,0,0.0,0.0,0.0,1.0,0.0,1.0,0.0,0.0,0.0,0.0,4,0,2023,8,7,0,0,0,2,1,0,1,LEVE,0
1,1,5,2,4,1,-7.46713058,-78.11290494,6,5,6,2,6,2,2,0,9936.932,2.0,2,0,1.0,9,32,3830.0,0.2517980913588912,79.04120044279121,35.01748350135311,3.323753479451267,260.3952910099023,13301.858672376871,15935.565011852366,1733.9250000199986,935.692,13265.948011832368,2000.1670000199988,13935.398011832369,12.551591352627522,3,2,1,1,0,33.0,33.0,33.0,1.0,0.0,0.0,0.0,2,1,1.0,0.0,0.0,1.0,1.0,0.0,0.0,0.0,0.0,1.0,16,3,2022,3,6,6,1,0,2,1,0,1,LEVE,0
6,1,19,0,4,1,-5.046088,-80.70223,0,4,7,1,2,2,2,0,6543.555,3.0,2,0,1.0,0,30,1475.0,0.6582040223794163,78.74105515718446,77.3206684883171,11.334167841567446,1124.177237253568,178905.3426124197,8965.846000060003,1782.4120000599992,636.9959999999999,6546.438000000004,2214.505000059999,6751.341000000004,24.699342371541725,1,1,0,0,0,26.0,26.0,26.0,1.0,1.0,0.0,0.0,1,0,0.0,0.0,0.0,1.0,1.0,0.0,0.0,1.0,0.0,0.0,3,0,2021,6,13,6,1,0,0,1,1,1,LEVE,0
3,2,12,0,4,1,-7.0817825442111,-79.5417373061139,0,4,7,1,2,2,2,2,6543.555,3.0,2,0,1.0,0,30,1475.0,0.5114727232493018,78.60606800160349,61.153108160372966,6.422343227671115,862.4189512831092,24701.19700214133,8931.828000000005,1335.5899999999997,1935.9830000000004,5660.255000000005,1219.309,7712.519000000005,13.651281686122925,10,2,0,0,8,46.5,36.0,57.0,1.0,1.0,0.0,0.0,2,0,0.0,0.0,1.0,0.0,1.0,0.0,1.0,0.0,0.0,1.0,5,0,2024,10,9,2,0,0,0,1,1,1,GRAVE_MORTALIDAD,2
6,1,12,0,4,1,-8.787714,-78.640269,0,4,7,1,2,2,2,6,6543.555,3.0,2,0,1.0,0,30,1475.0,0.4867987483268106,77.5825534369154,52.95148122709723,6.150547060309878,840.5788229266196,9838.736616702356,8931.828000000005,1335.5899999999997,1935.9830000000004,5660.255000000005,1219.309,7712.519000000005,13.651281686122925,12,1,0,0,11,29.0,29.0,29.0,1.0,0.0,0.0,1.0,1,0,0.0,0.0,0.0,0.0,0.0,0.0,1.0,0.0,0.0,0.0,15,3,2022,10,23,6,1,1,0,1,1,1,GRAVE_MORTALIDAD,2
0,1,6,2,4,1,-11.986945636020454,-77.12551634359441,0,3,7,1,2,2,2,0,139.23,-1.0,2,0,0.0,9,32,69.0,0.5563774842369664,77.00938809632027,69.10246351364754,8.476961866273152,914.8835608305218,27932.19700214133,51.58600000000001,44.68700000000001,6.899000000000001,0.0,49.838000000000015,1.748,96.61148373589734,2,1,0,1,0,35.0,35.0,35.0,1.0,0.0,0.0,0.0,1,0,0.0,0.0,0.0,0.0,0.0,0.0,1.0,0.0,0.0,0.0,22,2,2021,11,2,1,0,0,2,1,0,0,LEVE,0
1,1,11,2,4,1,-10.904987503772606,-76.07006557262896,0,0,7,1,2,0,1,0,9936.932,2.0,2,0,1.0,9,32,3830.0,0.4515021227868664,71.4196998727447,62.336219650226376,7.581270728582125,617.1133018029116,6161.010706638115,12264.545,1826.4639999999995,1105.5389999999998,9332.542,1588.5359999999996,10676.009,12.952261987705208,2,1,1,1,0,37.0,33.0,40.0,0.0,0.0,0.0,0.0,1,1,1.0,0.0,0.0,0.0,0.0,0.0,0.0,0.0,0.0,1.0,1,0,2022,6,30,3,0,1,2,1,0,1,LEVE,0
3,2,13,0,4,2,-6.86989,-79.866706,0,4,7,1,2,2,2,0,6543.555,2.0,4,4,1.0,14,33,1198.0,0.4741120956135246,82.20413595948395,63.9148290245543,7.357156496189524,585.9356712133833,32071.66595289079,3459.691,515.0619999999999,689.7280000000001,2254.901,703.3549999999999,2756.336,20.329994788551925,2,2,0,0,0,50.5,46.0,55.0,1.0,1.0,0.0,0.0,2,0,0.0,1.0,0.0,0.0,1.0,0.0,1.0,1.0,1.0,1.0,17,3,2021,10,24,6,1,1,0,1,0,1,LEVE,0
1,0,5,2,4,1,-7.613195,-78.053616,0,3,7,0,2,2,2,0,9936.932,2.0,2,0,1.0,9,32,3830.0,0.4384361875352846,76.70622362399591,49.95411505521511,6.195115114275008,648.0811197287633,31678.2869379015,15935.565011852366,1733.9250000199986,935.692,13265.948011832368,2000.1670000199988,13935.398011832369,12.551591352627522,2,1,1,1,0,37.0,33.0,40.0,0.0,0.0,0.0,0.0,1,1,1.0,0.0,0.0,0.0,0.0,0.0,0.0,0.0,0.0,0.0,7,1,2021,7,27,1,0,1,2,1,0,1,LEVE,0
6,1,8,0,4,0,-12.92037,-74.60971,0,4,0,0,3,2,2,0,6543.555,2.0,4,4,1.0,14,33,1198.0,0.2162648349791796,73.56551346579275,26.55032652232296,3.842845894966702,192.6120252616244,1411.6316916488224,8511.426,1445.3929999999996,2008.516,5057.516999999999,1879.579,6631.846999999998,22.08300935706896,3,1,0,0,2,27.0,27.0,27.0,1.0,1.0,0.0,0.0,1,0,0.0,1.0,0.0,0.0,0.0,0.0,1.0,0.0,0.0,0.0,10,1,2022,7,18,0,0,1,2,1,0,1,LEVE,0
3,2,19,0,4,1,-4.857721850190255,-80.73245275661782,0,4,0,1,2,2,2,2,6543.555,3.0,2,0,1.0,0,30,1475.0,0.513760154377943,78.78688775182127,63.1098339615034,7.013678409580352,809.6339879242751,30643.633832976448,8965.846000060003,1782.4120000599992,636.9959999999999,6546.438000000004,2214.505000059999,6751.341000000004,24.699342371541725,3,2,0,0,1,44.0,37.0,51.0,1.0,1.0,0.0,1.0,2,0,0.0,1.0,0.0,1.0,0.0,1.0,1.0,1.0,1.0,1.0,6,1,2022,5,26,3,0,1,0,1,1,1,LEVE,0
1,1,14,2,2,4,-12.059578248293343,-77.03489691480442,0,0,7,1,2,2,2,0,6543.555,2.0,4,4,1.0,14,33,1198.0,0.7141594849782824,79.90829932185413,74.79179886803175,10.522504814235935,1482.4793645077043,156887.87152034265,7626.313,1683.4029999999998,1599.0829999999996,4343.827000000001,1814.875,5811.438000000001,23.797541485643197,2,1,1,1,0,37.0,33.0,40.0,0.0,0.0,0.0,0.0,1,1,1.0,0.0,0.0,0.0,0.0,0.0,0.0,0.0,0.0,1.0,8,1,2024,1,22,0,0,1,0,1,0,1,LEVE,0
3,2,20,2,4,1,-15.480436,-70.130458,0,0,1,1,2,2,2,2,7586.903,2.0,2,0,1.0,9,5,1198.0,0.5225679967471315,73.87568641139362,79.22999870887685,8.745562804731529,728.6643223924281,65445.28409703769,13642.312999999998,2020.7790000000005,2354.117,9267.416999999998,3314.0520000000006,10328.260999999997,24.29244952817019,2,2,0,0,0,24.0,19.0,29.0,1.0,0.0,0.0,0.0,2,0,0.0,0.0,1.0,1.0,1.0,0.0,0.0,1.0,1.0,1.0,6,1,2023,10,29,6,1,1,2,1,0,1,LEVE,0
6,1,10,2,2,4,-14.069268,-75.735427,0,3,7,1,2,2,2,0,6543.555,2.0,4,4,1.0,14,33,1198.0,0.6637216310803388,79.6446050662278,81.37671161983333,11.724811319582514,1084.329233867723,142450.24411134905,3721.461,698.1859999999996,744.866,2278.409,1102.9029999999996,2618.558,29.636290693359403,1,1,0,0,0,27.0,27.0,27.0,1.0,0.0,0.0,0.0,1,0,0.0,0.0,0.0,1.0,1.0,0.0,0.0,0.0,0.0,0.0,20,2,2022,6,20,0,0,1,0,1,0,1,LEVE,0
6,1,12,0,4,1,-8.0545231,-78.8527548,0,4,7,1,2,2,2,0,610.6099999999999,2.0,2,0,1.0,8,29,100.0,0.5929579484728337,80.24150924632623,64.75837382721711,8.51830466766158,1043.4182142665843,34739.39614561028,8931.828000000005,1335.5899999999997,1935.9830000000004,5660.255000000005,1219.309,7712.519000000005,13.651281686122925,5,1,0,0,4,26.0,26.0,26.0,1.0,0.0,0.0,0.0,1,0,0.0,0.0,0.0,1.0,0.0,0.0,1.0,0.0,1.0,0.0,10,1,2023,8,5,5,1,0,0,1,0,1,GRAVE_LESIONADOS,1
1,1,3,2,3,4,-16.3583041806,-72.1952669961,0,0,7,1,2,2,2,0,6543.555,2.0,4,4,1.0,14,33,1198.0,0.6077843615696785,76.53072135400231,69.81276959706165,8.77367759087771,1135.5159013374655,74658.55888650964,10322.272,1495.236,1749.739,7077.2970000000005,2886.595,7435.677000000001,27.964725207783708,2,1,1,1,0,37.0,33.0,40.0,0.0,0.0,0.0,0.0,1,1,1.0,0.0,0.0,0.0,0.0,0.0,0.0,0.0,0.0,1.0,20,2,2024,9,19,3,0,1,0,1,0,1,LEVE,0
3,2,10,2,4,1,-14.702352133349349,-75.105315495226,0,4,7,1,2,2,2,0,6639.975,2.0,2,0,1.0,9,31,1616.0,0.5563774842369664,77.00938809632027,69.10246351364754,8.476961866273152,914.8835608305218,27932.19700214133,3721.461,698.1859999999996,744.866,2278.409,1102.9029999999996,2618.558,29.636290693359403,2,2,0,0,0,64.0,59.0,69.0,1.0,0.0,1.0,1.0,2,0,0.0,0.0,1.0,1.0,1.0,0.0,1.0,0.0,1.0,1.0,20,2,2023,9,4,0,0,0,0,1,0,1,LEVE,0
6,1,12,0,4,1,-7.721090767434792,-79.30876836899603,0,4,7,1,2,2,2,0,6543.555,3.0,2,0,1.0,0,30,1475.0,0.5345074857798321,76.79673752589963,64.57887254166187,7.835494818831411,867.2803588353443,27037.03854389721,8931.828000000005,1335.5899999999997,1935.9830000000004,5660.255000000005,1219.309,7712.519000000005,13.651281686122925,1,1,0,0,0,37.0,33.0,40.0,1.0,0.0,0.0,0.0,1,0,0.0,0.0,0.0,1.0,1.0,0.0,0.0,1.0,0.0,1.0,21,2,2024,12,6,4,0,0,0,1,1,1,LEVE,0
7,1,21,0,4,1,-6.38853,-76.62908,7,4,7,0,2,0,1,5,7758.33400008,2.0,2,0,1.0,9,20,2133.0,0.3395784981351988,71.02010551104725,44.75188012112102,5.086470241787386,426.0342434715467,13392.387580299788,5645.136,815.0759999999999,965.298,3864.762,1013.406,4631.73,17.95184385283189,1,1,0,0,0,33.0,33.0,33.0,1.0,1.0,0.0,0.0,1,0,0.0,0.0,0.0,0.0,1.0,0.0,0.0,0.0,1.0,0.0,9,1,2021,4,12,0,0,0,1,1,0,1,LEVE,0
3,2,5,0,4,1,-6.644675,-78.562526,0,4,0,0,2,1,1,2,9936.932,2.0,2,0,1.0,9,32,3830.0,0.3484871558022944,76.33677469666252,53.28672218475212,4.131981838863427,447.1658531581213,76209.5845824411,15935.565011852366,1733.9250000199986,935.692,13265.948011832368,2000.1670000199988,13935.398011832369,12.551591352627522,2,2,0,0,0,33.5,32.0,35.0,1.0,1.0,0.0,0.0,2,0,0.0,1.0,1.0,0.0,1.0,0.0,1.0,0.0,1.0,0.0,16,3,2021,1,16,5,1,1,2,1,0,1,LEVE,0
6,0,14,2,2,4,-11.986489,-77.072359,0,2,7,1,2,2,2,0,6543.555,2.0,4,4,1.0,14,33,1198.0,0.758462599563312,80.5192231989937,79.20045639149897,11.33839041452458,1628.5661148492152,363987.54389721627,7626.313,1683.4029999999998,1599.0829999999996,4343.827000000001,1814.875,5811.438000000001,23.797541485643197,2,1,0,0,1,37.0,33.0,40.0,0.0,0.0,0.0,0.0,1,0,0.0,0.0,0.0,1.0,1.0,0.0,0.0,0.0,1.0,0.0,0,0,2021,6,23,2,0,1,0,1,0,1,LEVE,0
0,1,20,0,4,1,-14.9737186,-70.4617742,0,4,7,1,2,2,2,2,7586.903,2.0,2,0,1.0,9,5,1198.0,0.3321861957084406,76.3620732097923,75.82173747880367,6.343900019252585,249.29068548640728,4882.685224839401,13642.312999999998,2020.7790000000005,2354.117,9267.416999999998,3314.0520000000006,10328.260999999997,24.29244952817019,2,1,0,1,0,28.0,28.0,28.0,1.0,0.0,0.0,0.0,1,0,0.0,0.0,0.0,1.0,0.0,0.0,1.0,0.0,0.0,0.0,14,3,2022,6,3,4,0,0,2,1,0,1,LEVE,0
6,1,12,0,4,3,-8.006153756652473,-77.4926367684348,0,4,7,1,1,2,2,0,6543.555,2.0,4,4,1.0,14,33,1198.0,0.5483466485199614,73.40947702180615,54.774559790319735,7.761827414252816,1085.433074508267,22858.52890792291,8931.828000000005,1335.5899999999997,1935.9830000000004,5660.255000000005,1219.309,7712.519000000005,13.651281686122925,3,1,0,0,2,23.0,23.0,23.0,1.0,1.0,0.0,0.0,1,0,0.0,1.0,0.0,0.0,0.0,0.0,1.0,0.0,0.0,0.0,8,1,2022,6,26,6,1,1,0,1,0,1,GRAVE_MORTALIDAD,2
3,2,13,0,4,1,-6.3690787,-80.2055165,0,4,2,1,2,1,0,0,6543.555,3.0,2,0,1.0,0,30,1475.0,0.4703091457296942,74.91176543888524,59.04522375211969,6.365443427676777,742.49897987499,44335.321199143465,3459.691,515.0619999999999,689.7280000000001,2254.901,703.3549999999999,2756.336,20.329994788551925,24,2,0,0,22,37.0,27.0,47.0,1.0,1.0,0.0,1.0,2,0,0.0,1.0,1.0,0.0,0.0,0.0,1.0,0.0,0.0,0.0,7,1,2021,3,12,4,0,0,0,1,1,1,GRAVE_LESIONADOS,1
3,1,3,0,4,1,-16.437011,-72.317559,0,4,7,1,2,0,1,0,6639.975,2.0,2,0,1.0,9,31,1616.0,0.6077843615696785,76.53072135400231,69.81276959706165,8.77367759087771,1135.5159013374655,74658.55888650964,10322.272,1495.236,1749.739,7077.2970000000005,2886.595,7435.677000000001,27.964725207783708,3,2,0,0,1,48.5,34.0,63.0,1.0,0.0,0.0,1.0,2,0,0.0,0.0,1.0,1.0,0.0,1.0,1.0,0.0,0.0,0.0,23,2,2023,6,25,6,1,1,0,1,0,1,LEVE,0
3,2,1,0,4,1,-9.204923228231642,-77.6955183049935,7,4,0,0,2,1,1,2,9936.932,2.0,2,0,1.0,9,32,3830.0,0.3994345797094905,73.3402525828232,53.328876497341,5.691646586793513,545.0262115051153,6070.019271948609,10767.648,1885.0630000000003,1222.721,7659.864000000001,2100.343,8667.305000000002,19.506051832303577,2,2,0,0,0,28.5,22.0,35.0,1.0,1.0,0.0,0.0,2,0,0.0,0.0,0.0,1.0,1.0,0.0,1.0,0.0,0.0,0.0,12,3,2021,12,19,6,1,1,0,1,0,1,LEVE,0
0,1,14,2,2,4,-11.9719184767,-76.9962720044,0,0,1,1,2,2,2,2,6543.555,2.0,4,4,1.0,14,33,1198.0,0.701053025277506,79.62867561460851,73.1469484600971,10.064317505194426,1464.6926161541437,1150285.0494171206,7626.313,1683.4029999999998,1599.0829999999996,4343.827000000001,1814.875,5811.438000000001,23.797541485643197,2,1,0,1,0,69.0,69.0,69.0,1.0,0.0,0.0,0.0,1,0,0.0,0.0,0.0,1.0,1.0,0.0,0.0,0.0,1.0,0.0,7,1,2024,2,2,4,0,0,0,1,0,1,LEVE,0
4,1,20,0,4,3,-16.448555789905352,-69.12716740759494,0,4,7,1,2,2,2,0,6543.555,2.0,4,4,1.0,14,33,1198.0,0.2394362064959017,73.4288503002124,62.51290199484375,6.018616845068367,132.27646614855612,17422.250535331903,13642.312999999998,2020.7790000000005,2354.117,9267.416999999998,3314.0520000000006,10328.260999999997,24.29244952817019,2,1,1,1,0,37.0,33.0,40.0,0.0,0.0,0.0,0.0,1,1,1.0,0.0,0.0,0.0,0.0,0.0,0.0,0.0,0.0,1.0,11,1,2024,3,29,4,0,1,2,1,0,1,LEVE,0