CLASE SINIESTRO,CANTIDAD DE VEHICULOS DAÑADOS,DEPARTAMENTO,ZONA,TIPO DE VÍA,RED VIAL,COORDENADAS LATITUD,COORDENADAS  LONGITUD,CONDICIÓN CLIMÁTICA,ZONIFICACIÓN,CARACTERÍSTICAS DE VÍA,PERFIL LONGITUDINAL VÍA,SUPERFICIE DE CALZADA,¿EXISTE SEÑAL VERTICAL?,¿EXISTE SEÑAL HORIZONTAL?,CAUSA FACTOR PRINCIPAL,MTC_RVN_LONGITUD_KM,MTC_RVN_N_CARRILES_MEDIANA,MTC_RVN_SUPERFICIE_DOMINANTE,MTC_RVN_ESTADO_DOMINANTE,MTC_RVN_ES_CONCESIONADA,MTC_RVN_CONCESION_PRINCIPAL,MTC_RVN_CORREDOR_LOGISTICO,MTC_RVN_N_TRAMOS,IDH_2019,IDH_ESP_VIDA_2019,IDH_EDUC_SECUND_PCT_2019,IDH_ANIOS_EDUC_2019,IDH_INGRESO_PERCAP_2019,IDH_POBLACION_2019,MTC_DEP_RED_TOTAL_KM,MTC_DEP_NACIONAL_TOTAL_KM,MTC_DEP_DEPARTAMENTAL_TOTAL_KM,MTC_DEP_VECINAL_TOTAL_KM,MTC_DEP_PAV_TOTAL_KM,MTC_DEP_NO_PAV_TOTAL_KM,MTC_DEP_PCT_PAVIMENTADA,PER_TOTAL_PERSONAS,PER_N_CONDUCTORES,PER_N_CONDUCTORES_FUGADOS,PER_N_PEATONES,PER_N_PASAJEROS_OCUPANTES,PER_EDAD_COND_PROM,PER_EDAD_COND_MIN,PER_EDAD_COND_MAX,PER_ANY_COND_MASCULINO,PER_ANY_LIC_PROBLEMA,PER_ANY_DOSAJE_POS,PER_ANY_DOSAJE_EVALUADO,VEH_TOTAL,VEH_N_FUGADOS,VEH_ANY_FUGADO,VEH_ANY_CARGA,VEH_ANY_PUBLICO,VEH_ANY_PARTICULAR,VEH_ANY_MOTO,VEH_ANY_AUTO,VEH_ANY_CAMION_BUS,VEH_ANY_SOAT_PROBLEMA,VEH_ANY_CITV_PROBLEMA,VEH_ANY_SEGURO_PROBLEMA,HORA_NUM,FRANJA_HORARIA,ANIO,MES,DIA_MES,DIA_SEMANA,ES_FIN_SEMANA,ES_QUINCENA,REGION_NATURAL,TIENE_SEÑALIZACION,ES_VIA_MULTICARRIL,ES_DEPTO_BAJO_PAVIMENTO,CATEGORIA_SEVERIDAD,CATEGORIA_SEVERIDAD_ENC
0,1,14,2,2,4,-11.99113432,-77.10739491,0,0,7,1,2,2,2,0,6543.555,2.0,4,4,1.0,14,33,1198.0,0.7419979630670723,80.31822295927182,79.00446395716813,11.084203715652809,1554.6868971011318,739416.2413542903,7626.313,1683.4029999999998,1599.0829999999996,4343.827000000001,1814.875,5811.438000000001,23.797541485643197,2,1,0,1,0,21.0,21.0,21.0,1.0,0.0,0.0,0.0,1,0,0.0,0.0,0.0,1.0,0.0,1.0,0.0,0.0,1.0,0.0,14,3,2023,10,12,3,0,0,0,1,0,1,LEVE,0
6,1,14,2,2,4,-12.284073708732857,-76.86337971399395,0,2,7,1,2,2,2,0,6543.555,2.0,4,4,1.0,14,33,1198.0,0.6909236767275176,78.41626133969348,70.97436336767564,9.826485374940413,1476.8351947609171,95908.53319057816,7626.313,1683.4029999999998,1599.0829999999996,4343.827000000001,1814.875,5811.438000000001,23.797541485643197,1,1,0,0,0,23.0,23.0,23.0,1.0,1.0,0.0,0.0,1,0,0.0,0.0,0.0,1.0,1.0,0.0,0.0,0.0,0.0,0.0,22,2,2025,1,8,2,0,0,0,1,0,1,LEVE,0
0,1,9,0,4,1,-10.058429,-76.222235,0,4,7,0,2,2,2,0,9936.932,2.0,2,0,1.0,9,32,3830.0,0.4099761862104573,75.21754572690584,49.32523159637682,4.993439572064588,644.3528377665261,5708.92505353319,8209.057,1333.4779999999996,791.9770000000001,6083.602,1059.8589999999997,7149.198,12.910849565303296,2,1,0,1,0,39.0,39.0,39.0,1.0,0.0,0.0,0.0,1,0,0.0,0.0,0.0,0.0,0.0,0.0,1.0,1.0,1.0,1.0,13,3,2021,3,20,5,1,1,2,1,0,1,LEVE,0
3,1,14,2,2,4,-12.044994952836248,-77.04283697391459,0,0,1,1,2,2,2,0,6543.555,2.0,4,4,1.0,14,33,1198.0,0.7646845961658533,80.23682119426338,77.96082737891015,12.014176158371615,1633.787715186093,250806.0877944326,7626.313,1683.4029999999998,1599.0829999999996,4343.827000000001,1814.875,5811.438000000001,23.797541485643197,3,2,0,0,1,53.5,50.0,57.0,1.0,1.0,0.0,0.0,2,0,0.0,0.0,1.0,0.0,1.0,0.0,1.0,0.0,1.0,1.0,16,3,2022,12,25,6,1,1,0,1,0,1,LEVE,0
3,2,9,2,4,1,-10.1430053,-76.1955216,0,4,7,1,2,2,2,2,9936.932,2.0,2,0,1.0,9,32,3830.0,0.4409568562886455,71.99386853840333,62.37771036855066,6.367924120649262,637.4004565004427,18841.897216274087,8209.057,1333.4779999999996,791.9770000000001,6083.602,1059.8589999999997,7149.198,12.910849565303296,6,2,0,0,4,52.0,49.0,55.0,1.0,0.0,0.0,1.0,2,0,0.0,1.0,0.0,1.0,0.0,1.0,1.0,0.0,0.0,0.0,7,1,2022,1,18,1,0,1,2,1,0,1,GRAVE_LESIONADOS,1
0,1,12,0,4,1,-7.452900319944818,-79.49065446539922,0,4,7,1,2,2,2,0,6543.555,3.0,2,0,1.0,0,30,1475.0,0.6138517538553948,80.84826225715301,64.49339622566798,9.143362084626023,1095.689060330069,16852.97430406852,8931.828000000005,1335.5899999999997,1935.9830000000004,5660.255000000005,1219.309,7712.519000000005,13.651281686122925,3,1,0,1,1,25.0,25.0,25.0,1.0,1.0,0.0,0.0,1,0,0.0,0.0,0.0,1.0,1.0,0.0,0.0,1.0,0.0,1.0,20,2,2022,4,20,2,0,1,0,1,1,1,LEVE,0
6,1,9,0,4,0,-10.009498,-76.535212,0,4,0,1,7,2,2,2,6543.555,2.0,4,4,1.0,14,33,1198.0,0.2749083394652966,78.93999237860255,43.20579843256318,4.780764371811955,224.16046293987137,7079.796573875799,8209.057,1333.4779999999996,791.9770000000001,6083.602,1059.8589999999997,7149.198,12.910849565303296,1,1,0,0,0,25.0,25.0,25.0,1.0,1.0,0.0,0.0,1,0,0.0,0.0,1.0,0.0,1.0,0.0,0.0,0.0,0.0,0.0,2,0,2021,11,18,3,0,1,2,1,0,1,LEVE,0
1,1,14,0,4,1,-12.03186857113612,-76.98848593151921,0,4,7,1,2,2,2,0,875.67,2.0,2,0,1.0,3,14,156.0,0.6970617810314195,81.40501156526744,73.5715154770137,9.635174408411393,1428.892506292977,203379.9271948608,7626.313,1683.4029999999998,1599.0829999999996,4343.827000000001,1814.875,5811.438000000001,23.797541485643197,2,1,1,1,0,37.0,33.0,40.0,0.0,0.0,0.0,0.0,1,1,1.0,0.0,0.0,0.0,0.0,0.0,0.0,0.0,0.0,1.0,1,0,2022,6,27,0,0,1,0,1,0,1,LEVE,0
3,2,10,2,4,0,-13.45991,-76.170285,0,3,7,1,2,2,2,0,6543.555,2.0,4,4,1.0,14,33,1198.0,0.575108675542622,80.48751485041296,69.97733945104977,8.91411717811534,891.3032819289404,12460.550321199144,3721.461,698.1859999999996,744.866,2278.409,1102.9029999999996,2618.558,29.636290693359403,2,2,0,0,0,33.0,29.0,37.0,1.0,0.0,0.0,0.0,2,0,0.0,0.0,0.0,1.0,1.0,0.0,1.0,0.0,1.0,0.0,20,2,2023,12,17,6,1,1,0,1,0,1,LEVE,0
0,1,11,2,2,4,-12.06993,-75.204747,0,0,1,1,2,2,2,2,6543.555,2.0,4,4,1.0,14,33,1198.0,0.6083413875375813,71.66982597817598,76.35118091119013,11.05243180238688,1046.538532645036,119236.36616702356,12264.545,1826.4639999999995,1105.5389999999998,9332.542,1588.5359999999996,10676.009,12.952261987705208,2,1,0,1,0,20.0,20.0,20.0,1.0,0.0,0.0,1.0,1,0,0.0,0.0,0.0,1.0,0.0,1.0,0.0,0.0,1.0,0.0,9,1,2022,2,10,3,0,0,2,1,0,1,LEVE,0
6,1,20,0,4,1,-16.187036391641616,-70.09894608608309,0,4,0,1,2,2,2,2,779.525,2.0,2,0,1.0,7,26,163.0,0.3279226888241855,68.17036545870775,72.54908010508095,6.085205709416528,293.1898870593515,5184.3083511777295,13642.312999999998,2020.7790000000005,2354.117,9267.416999999998,3314.0520000000006,10328.260999999997,24.29244952817019,1,1,0,0,0,19.0,19.0,19.0,1.0,1.0,0.0,0.0,1,0,0.0,0.0,0.0,1.0,1.0,0.0,0.0,1.0,1.0,1.0,17,3,2022,6,5,6,1,0,2,1,0,1,LEVE,0
3,2,13,0,4,1,-6.3450316,-79.770666,0,4,7,1,2,1,0,0,1305.18,2.0,2,0,1.0,1,20,163.0,0.5059173540051534,75.20849370321716,65.55087882905781,7.516301845742602,777.5523013576318,18529.839400428264,3459.691,515.0619999999999,689.7280000000001,2254.901,703.3549999999999,2756.336,20.329994788551925,2,2,0,0,0,27.0,26.0,28.0,1.0,0.0,0.0,0.0,2,0,0.0,1.0,1.0,0.0,1.0,0.0,1.0,0.0,1.0,0.0,2,0,2021,3,8,0,0,0,0,1,0,1,LEVE,0
3,2,10,2,4,1,-14.8216762,-74.9659506,0,0,7,1,2,2,2,0,6639.975,2.0,2,0,1.0,9,31,1616.0,0.5563774842369664,77.00938809632027,69.10246351364754,8.476961866273152,914.8835608305218,27932.19700214133,3721.461,698.1859999999996,744.866,2278.409,1102.9029999999996,2618.558,29.636290693359403,2,2,0,0,0,34.0,34.0,34.0,1.0,1.0,0.0,1.0,2,0,0.0,1.0,0.0,1.0,1.0,0.0,1.0,0.0,0.0,1.0,6,1,2023,5,22,0,0,1,0,1,0,1,LEVE,0
0,1,7,2,4,1,-13.2785691,-72.1948185,5,4,7,0,2,1,1,4,3447.8009999999995,1.0,2,3,0.0,9,12,1109.0,0.5961225511084856,78.53035911580116,68.81531875437855,9.019506278168732,1024.5153398091154,21509.777301927195,17779.13499998999,2097.3709999899997,2863.123,12818.640999999989,2878.713,14900.421999989989,16.19152450331032,2,1,0,1,0,54.0,54.0,54.0,1.0,0.0,0.0,1.0,1,0,0.0,0.0,0.0,0.0,0.0,0.0,1.0,0.0,0.0,0.0,19,2,2025,3,26,2,0,1,2,1,0,1,LEVE,0
6,1,7,0,4,2,-14.097123,-71.444613,5,4,7,1,7,2,2,2,6543.555,2.0,4,4,1.0,14,33,1198.0,0.2362499849365727,56.84947393215996,62.32780725650673,5.743110713119207,182.18550475203295,1790.2997858672377,17779.13499998999,2097.3709999899997,2863.123,12818.640999999989,2878.713,14900.421999989989,16.19152450331032,1,1,0,0,0,32.0,32.0,32.0,1.0,1.0,0.0,1.0,1,0,0.0,0.0,0.0,1.0,1.0,0.0,0.0,0.0,0.0,0.0,18,2,2025,3,25,1,0,1,2,1,0,1,LEVE,0
3,1,19,0,4,1,-5.41045,-80.03939,0,4,7,1,2,2,2,0,1305.18,2.0,2,0,1.0,1,20,163.0,0.3893523155396837,73.6911779276771,49.78375684989758,4.513910151215105,616.2310203311459,12720.513918629553,8965.846000060003,1782.4120000599992,636.9959999999999,6546.438000000004,2214.505000059999,6751.341000000004,24.699342371541725,3,2,0,0,1,30.5,29.0,32.0,1.0,0.0,0.0,1.0,2,0,0.0,1.0,0.0,1.0,0.0,1.0,1.0,0.0,1.0,0.0,19,2,2023,10,19,3,0,1,0,1,0,1,LEVE,0
6,1,5,0,4,2,-5.7866967472752,-78.9101564978406,0,4,7,0,7,2,2,0,6543.555,2.0,4,4,1.0,14,33,1198.0,0.5803239946829384,74.49544278598792,68.33065356443184,8.733179344969395,1046.078117086984,102362.46895074946,15935.565011852366,1733.9250000199986,935.692,13265.948011832368,2000.1670000199988,13935.398011832369,12.551591352627522,1,1,0,0,0,35.0,35.0,35.0,1.0,1.0,0.0,0.0,1,0,0.0,0.0,0.0,1.0,1.0,0.0,0.0,1.0,1.0,1.0,5,0,2022,5,7,5,1,0,2,1,0,1,LEVE,0
0,1,13,2,4,1,-6.595664,-79.976538,0,3,7,1,2,2,2,0,6543.555,3.0,2,0,1.0,0,30,1475.0,0.3879800350664534,75.68222437543551,50.64551119758177,4.891651630735472,548.2382997194167,48902.40256959316,3459.691,515.0619999999999,689.7280000000001,2254.901,703.3549999999999,2756.336,20.329994788551925,2,1,0,1,0,53.0,53.0,53.0,1.0,0.0,0.0,1.0,1,0,0.0,0.0,0.0,0.0,0.0,0.0,1.0,0.0,0.0,0.0,12,3,2021,8,1,6,1,0,0,1,1,1,LEVE,0
2,1,5,2,2,4,-7.1673763,-78.5109605,0,0,7,1,4,2,2,2,6543.555,2.0,4,4,1.0,14,33,1198.0,0.6070175276741574,73.19224654097276,74.29530430690215,9.490386956642766,1117.141592366869,257380.9443254818,15935.565011852366,1733.9250000199986,935.692,13265.948011832368,2000.1670000199988,13935.398011832369,12.551591352627522,2,1,0,0,1,34.0,34.0,34.0,1.0,0.0,0.0,1.0,1,0,0.0,0.0,0.0,1.0,0.0,0.0,1.0,0.0,0.0,0.0,12,3,2023,10,7,5,1,0,2,1,0,1,LEVE,0
0,1,13,0,4,1,-6.428107430525241,-79.83996384542908,0,4,0,1,2,1,0,4,1305.18,2.0,2,0,1.0,1,20,163.0,0.4608056952818921,75.07525388209395,55.98854303572117,7.368276910949922,651.7834403995558,7702.053533190578,3459.691,515.0619999999999,689.7280000000001,2254.901,703.3549999999999,2756.336,20.329994788551925,2,1,0,1,0,35.0,35.0,35.0,1.0,0.0,0.0,1.0,1,0,0.0,0.0,1.0,0.0,0.0,0.0,1.0,0.0,0.0,0.0,19,2,2021,10,23,5,1,1,0,1,0,1,LEVE,0
3,1,3,0,4,1,-15.896758,-71.179783,0,4,7,1,2,0,1,0,1504.4250000000002,2.0,2,0,1.0,7,25,241.0,0.4498224071382834,81.63336343193146,58.84842497065013,5.774685730039019,620.6584683449911,1358.612419700214,10322.272,1495.236,1749.739,7077.2970000000005,2886.595,7435.677000000001,27.964725207783708,3,2,0,0,1,49.0,46.0,52.0,1.0,1.0,0.0,0.0,2,0,0.0,0.0,0.0,1.0,1.0,1.0,0.0,0.0,0.0,1.0,19,2,2023,9,27,2,0,1,0,1,0,1,LEVE,0
6,1,14,2,2,4,-11.95678927516469,-77.05998363973045,0,0,7,1,2,2,2,0,6543.555,2.0,4,4,1.0,14,33,1198.0,0.7218926988400113,80.0902077245261,77.9581888264889,10.971588327733102,1458.3206086290393,530000.3426124197,7626.313,1683.4029999999998,1599.0829999999996,4343.827000000001,1814.875,5811.438000000001,23.797541485643197,1,1,0,0,0,28.0,28.0,28.0,1.0,0.0,0.0,0.0,1,0,0.0,0.0,0.0,1.0,1.0,0.0,0.0,0.0,0.0,0.0,22,2,2025,1,20,0,0,1,0,1,0,1,LEVE,0
0,1,14,2,4,1,-11.930346,-76.691038,6,5,6,2,6,2,2,0,875.67,2.0,2,0,1.0,3,14,156.0,0.6831952456039544,78.60873873772867,74.49000793376607,10.00420210847705,1376.0472418044385,255143.7301927195,7626.313,1683.4029999999998,1599.0829999999996,4343.827000000001,1814.875,5811.438000000001,23.797541485643197,2,1,0,1,0,37.0,33.0,40.0,1.0,1.0,0.0,0.0,1,0,0.0,0.0,0.0,1.0,1.0,0.0,0.0,1.0,1.0,1.0,21,2,2022,4,29,4,0,1,0,1,0,1,LEVE,0
3,2,14,2,4,2,-11.010621549294225,-77.57984335595006,0,3,1,1,1,2,2,2,6543.555,2.0,4,4,1.0,14,33,1198.0,0.6058977644686256,75.86009868534626,65.24867654925505,8.328201694517173,1216.0018080234922,26242.524625267662,7626.313,1683.4029999999998,1599.0829999999996,4343.827000000001,1814.875,5811.438000000001,23.797541485643197,2,2,0,0,0,44.5,31.0,58.0,1.0,1.0,0.0,1.0,2,0,0.0,1.0,0.0,1.0,1.0,0.0,1.0,0.0,0.0,1.0,5,0,2023,12,19,1,0,1,0,1,0,1,LEVE,0
6,1,12,0,4,3,-7.618431578953813,-77.7526299333273,0,4,7,1,7,2,2,0,6543.555,2.0,4,4,1.0,14,33,1198.0,0.1577696273838295,73.34939757302345,20.34278702044506,2.804184440523219,135.15658506181953,13367.980728051392,8931.828000000005,1335.5899999999997,1935.9830000000004,5660.255000000005,1219.309,7712.519000000005,13.651281686122925,10,1,0,0,9,23.0,23.0,23.0,1.0,0.0,0.0,0.0,1,0,0.0,0.0,0.0,1.0,0.0,0.0,1.0,0.0,0.0,0.0,18,2,2024,9,26,3,0,1,0,1,0,1,GRAVE_LESIONADOS,1
6,1,4,0,4,2,-13.115315,-74.093383,0,4,0,0,1,2,2,2,6543.555,2.0,4,4,1.0,14,33,1198.0,0.2550088693060733,70.4436353697424,41.73695619955871,3.6867753521276336,264.1841887539025,5787.284796573876,12678.733000000004,1805.074000000001,1774.0339999999994,9099.625000000004,2485.375000000001,10193.358000000002,19.602707936195205,3,1,0,0,2,31.0,31.0,31.0,0.0,1.0,0.0,1.0,1,0,0.0,0.0,0.0,1.0,0.0,0.0,1.0,1.0,1.0,1.0,12,3,2022,1,2,6,1,0,2,1,0,1,LEVE,0
3,3,20,2,2,4,-15.475756001830131,-70.13639682596093,0,3,1,1,2,2,2,2,6543.555,2.0,4,4,1.0,14,33,1198.0,0.5225679967471315,73.87568641139362,79.22999870887685,8.745562804731529,728.6643223924281,65445.28409703769,13642.312999999998,2020.7790000000005,2354.117,9267.416999999998,3314.0520000000006,10328.260999999997,24.29244952817019,8,3,0,0,5,50.0,44.0,59.0,1.0,0.0,1.0,1.0,3,0,0.0,0.0,1.0,1.0,1.0,1.0,0.0,0.0,1.0,1.0,18,2,2022,2,12,5,1,0,2,1,0,1,GRAVE_LESIONADOS,1
0,1,3,2,4,1,-16.526249,-71.7853308,0,4,7,1,2,1,1,0,6639.975,2.0,2,0,1.0,9,31,1616.0,0.6105481451420971,78.10653088113892,68.35418098658066,8.411557426919764,1158.5430895193692,35025.678800856535,10322.272,1495.236,1749.739,7077.2970000000005,2886.595,7435.677000000001,27.964725207783708,2,1,0,1,0,29.0,29.0,29.0,1.0,0.0,0.0,1.0,1,0,0.0,0.0,0.0,1.0,0.0,0.0,1.0,0.0,0.0,0.0,19,2,2023,3,1,2,0,0,0,1,0,1,LEVE,0
0,1,11,2,4,1,-12.100522,-75.216756,0,4,0,0,2,0,1,4,7586.903,2.0,2,0,1.0,9,5,1198.0,0.5505646674026337,73.4133487878793,75.3445074155263,9.620272300569804,826.4718925707687,91775.8886509636,12264.545,1826.4639999999995,1105.5389999999998,9332.542,1588.5359999999996,10676.009,12.952261987705208,2,1,0,1,0,66.0,66.0,66.0,1.0,0.0,0.0,1.0,1,0,0.0,0.0,0.0,1.0,0.0,1.0,0.0,0.0,0.0,0.0,18,2,2023,5,5,4,0,0,2,1,0,1,LEVE,0
1,1,12,2,4,1,-8.1423468787,-79.0505004368,0,2,7,1,2,2,2,0,6543.555,3.0,2,0,1.0,0,30,1475.0,0.7531641124604342,80.00312647864715,76.99495003849329,11.742569192588208,1599.6362666139996,66889.78372591006,8931.828000000005,1335.5899999999997,1935.9830000000004,5660.255000000005,1219.309,7712.519000000005,13.651281686122925,2,1,1,1,0,37.0,33.0,40.0,0.0,0.0,0.0,0.0,1,1,1.0,0.0,0.0,0.0,0.0,0.0,0.0,0.0,0.0,1.0,0,0,2024,9,15,6,1,1,0,1,1,1,LEVE,0
3,2,23,2,4,1,-3.4914283,-80.2676616,0,4,7,1,2,2,2,2,34.68,2.0,2,0,0.0,9,32,10.0,0.4809550242578706,73.07176248806164,62.28512716598154,7.343272081128487,729.1613405110833,22758.41541755889,1009.101,138.47399999999996,287.471,583.156,276.972,732.129,27.447401201663663,2,2,0,0,0,45.0,34.0,56.0,1.0,1.0,0.0,0.0,2,0,0.0,0.0,1.0,1.0,1.0,0.0,0.0,1.0,1.0,1.0,0,0,2025,11,15,5,1,1,0,1,0,1,LEVE,0
1,1,14,2,2,4,-12.004343115570125,-77.0612975762187,0,2,0,1,2,1,1,0,6543.555,2.0,4,4,1.0,14,33,1198.0,0.6853375063928137,80.04346891299102,76.32428568750537,8.817291636093138,1443.328322024431,217176.83083511775,7626.313,1683.4029999999998,1599.0829999999996,4343.827000000001,1814.875,5811.438000000001,23.797541485643197,2,1,0,1,0,40.0,40.0,40.0,1.0,0.0,0.0,0.0,1,0,0.0,1.0,0.0,0.0,0.0,0.0,1.0,0.0,0.0,0.0,5,0,2024,6,19,2,0,1,0,1,0,1,LEVE,0
3,2,13,0,4,1,-6.95708341461093,-79.69393886021302,0,4,7,1,2,1,0,0,6543.555,3.0,2,0,1.0,0,30,1475.0,0.5328313946151968,80.14557682903842,69.10246351364754,7.779461377421685,787.1306410578989,10221.605995717344,3459.691,515.0619999999999,689.7280000000001,2254.901,703.3549999999999,2756.336,20.329994788551925,22,2,0,0,20,56.5,46.0,67.0,1.0,0.0,0.0,0.0,2,0,0.0,1.0,1.0,0.0,0.0,0.0,1.0,0.0,0.0,0.0,17,3,2021,3,23,1,0,1,0,1,1,1,GRAVE_MORTALIDAD,2
6,1,19,2,2,4,-5.1716666,-80.6672373,0,3,1,1,2,1,0,0,6543.555,2.0,4,4,1.0,14,33,1198.0,0.5997462042553465,78.40793944726823,72.26811532412637,9.714064362322326,976.3169831713308,183875.0,8965.846000060003,1782.4120000599992,636.9959999999999,6546.438000000004,2214.505000059999,6751.341000000004,24.699342371541725,2,1,0,0,1,46.0,46.0,46.0,1.0,0.0,1.0,1.0,1,0,0.0,0.0,0.0,1.0,1.0,0.0,0.0,1.0,1.0,0.0,3,0,2021,9,20,0,0,1,0,1,0,1,LEVE,0
5,1,19,0,4,1,-5.157349,-80.177424,0,4,7,0,2,0,1,0,43.63,-1.0,2,0,0.0,9,32,35.0,0.4653748048968089,74.19666709322776,61.11371397478021,6.596218102126203,701.9088264424688,75914.02997858672,8965.846000060003,1782.4120000599992,636.9959999999999,6546.438000000004,2214.505000059999,6751.341000000004,24.699342371541725,7,2,1,0,5,28.0,28.0,28.0,1.0,0.0,0.0,1.0,2,0,0.0,0.0,1.0,0.0,1.0,0.0,0.0,1.0,1.0,1.0,20,2,2023,7,10,0,0,0,0,1,0,1,GRAVE_LESIONADOS,1
0,1,13,0,4,1,-6.337246,-79.765726,0,4,7,1,2,2,2,0,1305.18,2.0,2,0,1.0,1,20,163.0,0.5059173540051534,75.20849370321716,65.55087882905781,7.516301845742602,777.5523013576318,18529.839400428264,3459.691,515.0619999999999,689.7280000000001,2254.901,703.3549999999999,2756.336,20.329994788551925,2,1,0,1,0,27.0,27.0,27.0,1.0,1.0,0.0,1.0,1,0,0.0,0.0,0.0,1.0,0.0,0.0,1.0,0.0,0.0,0.0,5,0,2022,12,2,4,0,0,0,1,0,1,LEVE,0
3,2,10,0,4,1,-14.079419,-75.7186027,0,4,7,1,2,2,2,0,583.2950000000001,1.0,1,3,0.0,9,32,248.0,0.6637216310803388,79.6446050662278,81.37671161983333,11.724811319582514,1084.329233867723,142450.24411134905,3721.461,698.1859999999996,744.866,2278.409,1102.9029999999996,2618.558,29.636290693359403,4,1,0,0,3,72.0,72.0,72.0,1.0,0.0,0.0,0.0,2,0,0.0,1.0,0.0,1.0,0.0,1.0,1.0,0.0,0.0,0.0,23,2,2024,10,17,3,0,1,0,1,0,1,GRAVE_MORTALIDAD,2
1,0,14,2,4,1,-12.27417798072395,-76.89269725178508,0,0,7,1,2,2,2,2,6639.975,2.0,2,0,1.0,9,31,1616.0,0.6909236767275176,78.41626133969348,70.97436336767564,9.826485374940413,1476.8351947609171,95908.53319057816,7626.313,1683.4029999999998,1599.0829999999996,4343.827000000001,1814.875,5811.438000000001,23.797541485643197,2,1,1,1,0,37.0,33.0,40.0,0.0,0.0,0.0,0.0,1,1,1.0,0.0,0.0,0.0,0.0,0.0,0.0,0.0,0.0,1.0,5,0,2021,7,26,0,0,1,0,1,0,1,LEVE,0
6,1,14,0,4,1,-11.398112453019715,-77.33464609261696,0,4,7,1,2,2,2,6,1422.177,2.0,2,0,0.0,9,19,698.0,0.6328991168419597,79.8522840328396,72.51785912375117,8.65057438382499,1190.6734036432963,65701.61456102783,7626.313,1683.4029999999998,1599.0829999999996,4343.827000000001,1814.875,5811.438000000001,23.797541485643197,3,1,0,0,2,51.0,51.0,51.0,1.0,1.0,0.0,1.0,1,0,0.0,1.0,0.0,0.0,0.0,0.0,1.0,0.0,0.0,0.0,10,1,2021,4,29,3,0,1,0,1,0,1,LEVE,0
2,1,5,0,4,1,-7.219227,-78.912695,0,4,0,1,2,1,1,2,887.28,2.0,2,0,1.0,8,17,155.0,0.4095613714220312,69.95619674953491,51.15883533026865,6.044934648261815,612.9415521199578,3213.601713062099,15935.565011852366,1733.9250000199986,935.692,13265.948011832368,2000.1670000199988,13935.398011832369,12.551591352627522,2,1,0,0,1,26.0,26.0,26.0,1.0,1.0,1.0,1.0,1,0,0.0,0.0,0.0,1.0,1.0,0.0,0.0,1.0,0.0,1.0,6,1,2025,6,9,0,0,0,2,1,0,1,LEVE,0
3,2,21,0,4,1,-5.797532,-77.408875,0,4,7,1,2,2,2,1,7758.33400008,2.0,2,0,1.0,9,20,2133.0,0.3490236341472501,73.80303880571165,34.287308240418106,5.251593843982846,481.3272995041394,11414.025695931476,5645.136,815.0759999999999,965.298,3864.762,1013.406,4631.73,17.95184385283189,3,2,0,0,1,29.5,27.0,32.0,1.0,1.0,0.0,0.0,2,0,0.0,0.0,0.0,1.0,1.0,0.0,1.0,0.0,1.0,1.0,19,2,2023,8,28,0,0,1,1,1,0,1,LEVE,0
3,2,19,0,4,1,-4.5517,-80.0963,0,4,7,1,2,2,2,0,640.6200000000001,2.0,2,3,0.0,9,32,72.0,0.3708025850862105,70.09572248353376,57.213818698033634,6.162074923662822,433.84874375099554,11598.841541755888,8965.846000060003,1782.4120000599992,636.9959999999999,6546.438000000004,2214.505000059999,6751.341000000004,24.699342371541725,2,2,0,0,0,44.5,24.0,65.0,1.0,1.0,0.0,1.0,2,0,0.0,0.0,0.0,1.0,1.0,0.0,1.0,1.0,1.0,1.0,18,2,2021,9,24,4,0,1,0,1,0,1,LEVE,0
3,1,15,2,3,4,-3.7360171,-73.2474853,6,5,6,2,6,2,2,0,6543.555,2.0,4,4,1.0,14,33,1198.0,0.6598204400488458,74.39325093062702,69.69813044898703,12.74033149882924,1208.8057293272177,145540.50535331905,1095.5949999999998,128.87099999999998,320.74700000000007,645.9769999999999,274.214,821.381,25.02877431897737,4,3,0,0,1,54.0,34.0,75.0,1.0,1.0,0.0,0.0,3,0,0.0,0.0,0.0,1.0,1.0,1.0,0.0,1.0,1.0,1.0,21,2,2023,5,26,4,0,1,1,1,0,1,LEVE,0
6,1,12,0,4,0,-7.593301390934798,-78.4780937119887,0,4,7,1,7,2,2,2,6543.555,2.0,4,4,1.0,14,33,1198.0,0.3426873819779948,75.81813000053027,29.83795624511669,4.401613571184507,535.935806912797,7009.668094218416,8931.828000000005,1335.5899999999997,1935.9830000000004,5660.255000000005,1219.309,7712.519000000005,13.651281686122925,1,1,0,0,0,35.0,35.0,35.0,1.0,0.0,0.0,0.0,1,0,0.0,1.0,0.0,0.0,0.0,0.0,1.0,0.0,0.0,0.0,8,1,2024,3,8,4,0,0,0,1,0,1,LEVE,0
0,1,14,2,4,1,-11.96652,-77.067755,0,0,7,1,2,0,1,0,6543.555,3.0,2,0,1.0,0,30,1475.0,0.758462599563312,80.5192231989937,79.20045639149897,11.33839041452458,1628.5661148492152,363987.54389721627,7626.313,1683.4029999999998,1599.0829999999996,4343.827000000001,1814.875,5811.438000000001,23.797541485643197,2,1,0,1,0,48.0,48.0,48.0,1.0,0.0,0.0,0.0,1,0,0.0,0.0,0.0,1.0,0.0,1.0,0.0,0.0,0.0,0.0,2,0,2023,12,4,0,0,0,0,1,1,1,LEVE,0
6,1,12,0,4,0,-7.699621,-77.641074,0,4,0,1,1,2,2,2,6543.555,2.0,4,4,1.0,14,33,1198.0,0.4686292122960986,72.39347765706144,42.14285241633188,6.687776775372348,878.2652317159998,9440.374732334049,8931.828000000005,1335.5899999999997,1935.9830000000004,5660.255000000005,1219.309,7712.519000000005,13.651281686122925,4,1,0,0,3,27.0,27.0,27.0,1.0,0.0,0.0,0.0,1,0,0.0,1.0,0.0,0.0,0.0,0.0,1.0,0.0,0.0,0.0,16,3,2021,6,1,1,0,0,0,1,0,1,GRAVE_LESIONADOS,1
7,0,21,2,4,1,-5.746693705628321,-77.47625704613425,2,3,7,1,2,2,2,2,7758.33400008,2.0,2,0,1.0,9,20,2133.0,0.395409368693869,74.01814372927417,48.94523443220634,5.029353255237231,594.0921143791977,22212.160599571733,5645.136,815.0759999999999,965.298,3864.762,1013.406,4631.73,17.95184385283189,1,1,0,0,0,36.0,36.0,36.0,1.0,1.0,0.0,0.0,1,0,0.0,0.0,0.0,1.0,1.0,0.0,0.0,1.0,1.0,0.0,8,1,2021,3,13,5,1,0,1,1,0,1,LEVE,0
6,1,4,0,4,1,-13.349,-74.182,0,4,0,1,2,2,2,2,7586.903,2.0,2,0,1.0,9,5,1198.0,0.3247312330485405,68.57537050324747,46.66146619568446,5.125443322268163,386.5923984732166,6998.3704496788005,12678.733000000004,1805.074000000001,1774.0339999999994,9099.625000000004,2485.375000000001,10193.358000000002,19.602707936195205,1,1,0,0,0,26.0,26.0,26.0,1.0,0.0,0.0,1.0,1,0,0.0,0.0,0.0,1.0,1.0,0.0,0.0,0.0,0.0,0.0,9,1,2024,6,7,4,0,0,2,1,0,1,LEVE,0
3,2,20,0,4,0,-15.638069029468696,-70.32816940960026,0,4,0,0,2,2,2,2,6543.555,2.0,4,4,1.0,14,33,1198.0,0.4387767884413746,74.08026937973001,72.73571788884047,7.487249530915593,506.6407671536068,4885.396145610278,13642.312999999998,2020.7790000000005,2354.117,9267.416999999998,3314.0520000000006,10328.260999999997,24.29244952817019,2,2,0,0,0,38.0,35.0,41.0,1.0,0.0,0.0,0.0,2,0,0.0,0.0,0.0,1.0,1.0,1.0,0.0,0.0,1.0,1.0,13,3,2023,4,8,5,1,0,2,1,0,1,LEVE,0
0,1,7,0,4,1,-14.29031,-71.221327,0,4,7,1,4,2,2,4,7586.903,2.0,2,0,1.0,9,5,1198.0,0.5265643824923771,76.3202150422939,72.59240802938885,8.636399400985075,746.7361126929013,59032.11777301927,17779.13499998999,2097.3709999899997,2863.123,12818.640999999989,2878.713,14900.421999989989,16.19152450331032,2,1,0,1,0,35.0,35.0,35.0,1.0,1.0,0.0,1.0,1,0,0.0,0.0,1.0,0.0,1.0,0.0,0.0,0.0,1.0,0.0,13,3,2025,9,20,5,1,1,2,1,0,1,LEVE,0