CLASE SINIESTRO,CANTIDAD DE VEHICULOS DAÑADOS,DEPARTAMENTO,ZONA,TIPO DE VÍA,RED VIAL,COORDENADAS LATITUD,COORDENADAS  LONGITUD,CONDICIÓN CLIMÁTICA,ZONIFICACIÓN,CARACTERÍSTICAS DE VÍA,PERFIL LONGITUDINAL VÍA,SUPERFICIE DE CALZADA,¿EXISTE SEÑAL VERTICAL?,¿EXISTE SEÑAL HORIZONTAL?,CAUSA FACTOR PRINCIPAL,MTC_RVN_LONGITUD_KM,MTC_RVN_N_CARRILES_MEDIANA,MTC_RVN_SUPERFICIE_DOMINANTE,MTC_RVN_ESTADO_DOMINANTE,MTC_RVN_ES_CONCESIONADA,MTC_RVN_CONCESION_PRINCIPAL,MTC_RVN_CORREDOR_LOGISTICO,MTC_RVN_N_TRAMOS,IDH_2019,IDH_ESP_VIDA_2019,IDH_EDUC_SECUND_PCT_2019,IDH_ANIOS_EDUC_2019,IDH_INGRESO_PERCAP_2019,IDH_POBLACION_2019,MTC_DEP_RED_TOTAL_KM,MTC_DEP_NACIONAL_TOTAL_KM,MTC_DEP_DEPARTAMENTAL_TOTAL_KM,MTC_DEP_VECINAL_TOTAL_KM,MTC_DEP_PAV_TOTAL_KM,MTC_DEP_NO_PAV_TOTAL_KM,MTC_DEP_PCT_PAVIMENTADA,PER_TOTAL_PERSONAS,PER_N_CONDUCTORES,PER_N_CONDUCTORES_FUGADOS,PER_N_PEATONES,PER_N_PASAJEROS_OCUPANTES,PER_EDAD_COND_PROM,PER_EDAD_COND_MIN,PER_EDAD_COND_MAX,PER_ANY_COND_MASCULINO,PER_ANY_LIC_PROBLEMA,PER_ANY_DOSAJE_POS,PER_ANY_DOSAJE_EVALUADO,VEH_TOTAL,VEH_N_FUGADOS,VEH_ANY_FUGADO,VEH_ANY_CARGA,VEH_ANY_PUBLICO,VEH_ANY_PARTICULAR,VEH_ANY_MOTO,VEH_ANY_AUTO,VEH_ANY_CAMION_BUS,VEH_ANY_SOAT_PROBLEMA,VEH_ANY_CITV_PROBLEMA,VEH_ANY_SEGURO_PROBLEMA,HORA_NUM,FRANJA_HORARIA,ANIO,MES,DIA_MES,DIA_SEMANA,ES_FIN_SEMANA,ES_QUINCENA,REGION_NATURAL,TIENE_SEÑALIZACION,ES_VIA_MULTICARRIL,ES_DEPTO_BAJO_PAVIMENTO,CATEGORIA_SEVERIDAD,CATEGORIA_SEVERIDAD_ENC
2,1,12,0,4,2,-7.451538,-79.505745,0,4,7,1,1,2,2,0,6543.555,2.0,4,4,1.0,14,33,1198.0,0.6138517538553948,80.84826225715301,64.49339622566798,9.143362084626023,1095.689060330069,16852.97430406852,8931.828000000005,1335.5899999999997,1935.9830000000004,5660.255000000005,1219.309,7712.519000000005,13.651281686122925,2,1,0,0,1,41.0,41.0,41.0,1.0,1.0,0.0,0.0,1,0,0.0,1.0,0.0,0.0,0.0,0.0,1.0,0.0,0.0,0.0,16,3,2022,5,2,0,0,0,0,1,0,1,LEVE,0
7,1,6,2,4,1,-12.040701675627345,-77.11587471962183,0,3,7,1,2,0,1,0,19.635,-1.0,2,3,0.0,9,32,40.0,0.5563774842369664,77.00938809632027,69.10246351364754,8.476961866273152,914.8835608305218,27932.19700214133,51.58600000000001,44.68700000000001,6.899000000000001,0.0,49.838000000000015,1.748,96.61148373589734,2,2,0,0,0,44.5,28.0,61.0,1.0,0.0,0.0,0.0,2,0,0.0,1.0,0.0,1.0,1.0,0.0,1.0,0.0,1.0,0.0,5,0,2022,3,24,3,0,1,2,1,0,0,LEVE,0
6,1,14,2,2,4,-12.123954,-77.004534,0,3,7,1,2,2,2,0,6543.555,2.0,4,4,1.0,14,33,1198.0,0.8326399351216524,80.31446032722859,77.78409882620639,13.96507415980228,1925.7868972542449,87898.66595289079,7626.313,1683.4029999999998,1599.0829999999996,4343.827000000001,1814.875,5811.438000000001,23.797541485643197,1,1,0,0,0,35.0,35.0,35.0,1.0,0.0,0.0,0.0,1,0,0.0,0.0,0.0,1.0,1.0,0.0,0.0,0.0,1.0,0.0,5,0,2022,7,8,4,0,0,0,1,0,1,LEVE,0
6,1,5,0,4,2,-6.562779,-79.262486,0,4,0,0,1,2,2,6,6543.555,2.0,4,4,1.0,14,33,1198.0,0.2977815639593018,69.08355457312787,58.43985214233541,5.64313157212817,257.7573175212949,738.7109207708779,15935.565011852366,1733.9250000199986,935.692,13265.948011832368,2000.1670000199988,13935.398011832369,12.551591352627522,2,1,0,0,1,56.0,56.0,56.0,1.0,0.0,0.0,1.0,1,0,0.0,0.0,0.0,1.0,0.0,0.0,1.0,0.0,1.0,0.0,5,0,2024,9,20,4,0,1,2,1,0,1,LEVE,0
6,1,1,0,4,3,-9.45129615653413,-77.1551288258612,2,4,3,0,2,2,2,5,6543.555,2.0,4,4,1.0,14,33,1198.0,0.3794874893089032,76.648045412086,70.83872031210734,5.505732984554212,398.98076151385374,2725.843683083512,10767.648,1885.0630000000003,1222.721,7659.864000000001,2100.343,8667.305000000002,19.506051832303577,1,1,0,0,0,26.0,26.0,26.0,1.0,0.0,0.0,1.0,1,0,0.0,0.0,0.0,1.0,0.0,0.0,1.0,0.0,0.0,0.0,14,3,2025,3,14,4,0,0,0,1,0,1,LEVE,0
3,2,12,0,4,1,-7.634195853020548,-78.93936596008311,0,4,7,1,2,2,2,2,748.6850000000001,2.0,2,0,0.0,9,32,215.0,0.5721567587688113,77.67102283812494,66.21373667954742,8.464777379360486,978.4498488219192,15563.077087794432,8931.828000000005,1335.5899999999997,1935.9830000000004,5660.255000000005,1219.309,7712.519000000005,13.651281686122925,2,2,0,0,0,56.0,48.0,64.0,1.0,0.0,0.0,0.0,2,0,0.0,0.0,1.0,1.0,0.0,0.0,1.0,0.0,0.0,1.0,19,2,2022,10,21,4,0,1,0,1,0,1,LEVE,0
0,1,14,0,4,1,-11.306502113545593,-77.48817080324059,7,4,7,1,2,2,2,4,6543.555,3.0,2,0,1.0,0,30,1475.0,0.7327345537337897,78.20903814342847,76.31492653513806,13.642917835589472,1405.6698219039215,62016.21841541756,7626.313,1683.4029999999998,1599.0829999999996,4343.827000000001,1814.875,5811.438000000001,23.797541485643197,2,1,0,1,0,43.0,43.0,43.0,1.0,0.0,0.0,1.0,1,0,0.0,0.0,0.0,1.0,0.0,1.0,0.0,0.0,0.0,0.0,9,1,2021,12,12,6,1,0,0,1,1,1,LEVE,0
3,2,23,0,4,0,-3.627679843371056,-80.1971590481813,0,4,7,1,2,1,0,2,6543.555,2.0,4,4,1.0,14,33,1198.0,0.3739065183088536,68.4141813909333,44.19525597561862,6.685920095420442,491.6766763134211,3282.683083511777,1009.101,138.47399999999996,287.471,583.156,276.972,732.129,27.447401201663663,3,2,0,0,1,33.0,27.0,39.0,1.0,1.0,1.0,1.0,2,0,0.0,0.0,1.0,1.0,1.0,0.0,0.0,1.0,1.0,1.0,2,0,2022,12,19,0,0,1,0,1,0,1,LEVE,0
0,1,1,2,4,2,-9.270855311589902,-77.67914251230266,0,3,1,1,2,2,2,0,6543.555,2.0,4,4,1.0,14,33,1198.0,0.4587978361428124,78.55357819250929,75.00490137952089,6.798229716455806,554.0808499913494,3284.7344753747325,10767.648,1885.0630000000003,1222.721,7659.864000000001,2100.343,8667.305000000002,19.506051832303577,2,1,0,1,0,43.0,43.0,43.0,1.0,0.0,0.0,1.0,1,0,0.0,1.0,0.0,0.0,0.0,0.0,1.0,0.0,1.0,0.0,7,1,2022,5,24,1,0,1,0,1,0,1,LEVE,0
3,2,21,0,4,0,-5.969565,-77.049934,0,4,7,1,2,2,2,0,6543.555,2.0,4,4,1.0,14,33,1198.0,0.4025996168881118,74.20835243540654,47.89706691371516,5.340221843324684,602.575833049756,3284.385438972163,5645.136,815.0759999999999,965.298,3864.762,1013.406,4631.73,17.95184385283189,2,2,0,0,0,33.0,28.0,38.0,1.0,1.0,0.0,0.0,2,0,0.0,0.0,1.0,0.0,1.0,0.0,0.0,1.0,1.0,1.0,19,2,2025,8,16,5,1,1,1,1,0,1,LEVE,0
3,2,19,0,4,1,-5.077639,-80.430419,0,4,7,0,2,2,2,0,145.125,-1.0,2,3,0.0,9,32,35.0,0.459857589992435,80.72202071327797,50.86886521100652,5.65389066385764,729.6720832259953,125429.93361884369,8965.846000060003,1782.4120000599992,636.9959999999999,6546.438000000004,2214.505000059999,6751.341000000004,24.699342371541725,21,2,0,0,19,28.5,28.0,29.0,1.0,1.0,1.0,1.0,2,0,0.0,1.0,1.0,0.0,0.0,0.0,1.0,0.0,1.0,0.0,6,1,2021,9,20,0,0,1,0,1,0,1,GRAVE_MORTALIDAD,2
3,2,10,2,2,4,-13.38984515,-76.14770554,0,1,1,1,2,1,0,2,6543.555,2.0,4,4,1.0,14,33,1198.0,0.5924704634222312,81.16031533779282,67.0278509844689,10.029023344925331,913.7819464834638,65356.935760171305,3721.461,698.1859999999996,744.866,2278.409,1102.9029999999996,2618.558,29.636290693359403,3,2,0,0,1,37.5,36.0,39.0,1.0,0.0,1.0,1.0,2,0,0.0,0.0,1.0,1.0,1.0,1.0,0.0,0.0,1.0,0.0,6,1,2024,9,15,6,1,1,0,1,0,1,LEVE,0
3,1,7,2,3,4,-13.549298,-71.905554,0,3,7,1,2,2,2,6,6543.555,2.0,4,4,1.0,14,33,1198.0,0.6549025615332805,78.59637500870319,78.62696287300767,10.432612491698492,1156.1148957567648,59698.74304068524,17779.13499998999,2097.3709999899997,2863.123,12818.640999999989,2878.713,14900.421999989989,16.19152450331032,3,2,0,1,0,30.0,30.0,30.0,1.0,0.0,0.0,0.0,2,0,0.0,1.0,0.0,0.0,0.0,1.0,1.0,0.0,0.0,0.0,10,1,2021,5,20,3,0,1,2,1,0,1,LEVE,0
0,1,14,2,3,4,-12.11137253,-77.01930247,0,3,7,1,2,0,1,0,6543.555,2.0,4,4,1.0,14,33,1198.0,0.8171136689103559,80.21740365444107,79.57658595346267,12.295076294470428,1940.453431937829,88766.19486081369,7626.313,1683.4029999999998,1599.0829999999996,4343.827000000001,1814.875,5811.438000000001,23.797541485643197,2,1,0,1,0,30.0,30.0,30.0,1.0,0.0,0.0,0.0,1,0,0.0,0.0,0.0,0.0,0.0,1.0,0.0,0.0,0.0,0.0,21,2,2023,12,29,4,0,1,0,1,0,1,LEVE,0
3,2,19,0,4,2,-5.31418,-80.724356,0,4,7,1,2,2,2,2,6543.555,2.0,4,4,1.0,14,33,1198.0,0.4148191461350484,77.82903686752694,50.46633746500447,5.286735901838059,602.6826383081411,38807.252676659526,8965.846000060003,1782.4120000599992,636.9959999999999,6546.438000000004,2214.505000059999,6751.341000000004,24.699342371541725,4,2,0,0,2,37.5,16.0,59.0,1.0,1.0,0.0,1.0,2,0,0.0,0.0,1.0,0.0,1.0,0.0,0.0,1.0,1.0,1.0,22,2,2023,1,22,6,1,1,0,1,0,1,GRAVE_LESIONADOS,1
3,5,5,2,4,2,-7.17154049663413,-78.4500720679302,0,0,7,0,4,2,2,2,6543.555,2.0,4,4,1.0,14,33,1198.0,0.4873182795359782,74.24096566709692,64.6877883123536,6.6248391576573376,776.4319899416191,48280.91862955032,15935.565011852366,1733.9250000199986,935.692,13265.948011832368,2000.1670000199988,13935.398011832369,12.551591352627522,5,5,0,0,0,53.0,38.0,68.0,1.0,1.0,1.0,1.0,5,0,0.0,0.0,1.0,1.0,1.0,0.0,1.0,0.0,1.0,1.0,14,3,2025,6,16,0,0,1,2,1,0,1,LEVE,0
3,2,7,0,4,2,-14.5847989,-71.3796144,0,4,5,0,2,1,1,2,6543.555,2.0,4,4,1.0,14,33,1198.0,0.2860092739262279,59.94781725321823,66.333630235029,5.464450966964557,274.3102477158444,5060.0256959314775,17779.13499998999,2097.3709999899997,2863.123,12818.640999999989,2878.713,14900.421999989989,16.19152450331032,3,2,0,0,1,27.5,25.0,30.0,1.0,0.0,0.0,1.0,2,0,0.0,1.0,0.0,1.0,0.0,1.0,1.0,0.0,0.0,0.0,6,1,2022,6,19,6,1,1,2,1,0,1,GRAVE_MORTALIDAD,2
6,1,20,0,4,0,-15.65839046227664,-70.2865683507968,0,4,0,1,2,2,2,2,6543.555,2.0,4,4,1.0,14,33,1198.0,0.3295055776475686,72.2087445727939,72.62976900035994,6.627409791568738,260.5608856829442,4240.3019271948615,13642.312999999998,2020.7790000000005,2354.117,9267.416999999998,3314.0520000000006,10328.260999999997,24.29244952817019,2,1,0,0,1,39.0,39.0,39.0,1.0,0.0,1.0,1.0,1,0,0.0,0.0,0.0,1.0,1.0,0.0,0.0,0.0,0.0,0.0,23,2,2023,5,2,1,0,0,2,1,0,1,LEVE,0
1,0,20,0,4,1,-15.562104,-70.24031,0,4,7,1,2,2,2,4,1504.4250000000002,2.0,2,0,1.0,7,25,241.0,0.3295055776475686,72.2087445727939,72.62976900035994,6.627409791568738,260.5608856829442,4240.3019271948615,13642.312999999998,2020.7790000000005,2354.117,9267.416999999998,3314.0520000000006,10328.260999999997,24.29244952817019,3,1,1,2,0,37.0,33.0,40.0,0.0,0.0,0.0,0.0,1,1,1.0,0.0,0.0,0.0,0.0,0.0,0.0,0.0,0.0,1.0,1,0,2022,8,2,1,0,0,2,1,0,1,GRAVE_MORTALIDAD,2
0,1,4,2,4,2,-13.178609,-74.22137,0,0,1,0,4,2,2,2,6543.555,2.0,4,4,1.0,14,33,1198.0,0.5305121431560528,73.7668210059112,68.45651702301488,8.941396366509018,806.7469451554633,27605.87794432548,12678.733000000004,1805.074000000001,1774.0339999999994,9099.625000000004,2485.375000000001,10193.358000000002,19.602707936195205,2,1,0,1,0,26.0,26.0,26.0,1.0,1.0,0.0,1.0,1,0,0.0,0.0,0.0,1.0,0.0,0.0,1.0,1.0,0.0,1.0,10,1,2022,3,25,4,0,1,2,1,0,1,LEVE,0
0,1,14,2,4,1,-12.161989629466984,-76.98187166679622,0,0,7,1,4,2,2,0,6639.975,2.0,2,0,1.0,9,31,1616.0,0.7289998534947872,80.50926319493618,76.9124822838204,10.358587270463827,1551.106643515347,384728.5117773019,7626.313,1683.4029999999998,1599.0829999999996,4343.827000000001,1814.875,5811.438000000001,23.797541485643197,2,1,0,1,0,53.0,53.0,53.0,1.0,0.0,0.0,1.0,1,0,0.0,0.0,0.0,1.0,0.0,1.0,0.0,0.0,0.0,0.0,23,2,2022,9,24,5,1,1,0,1,0,1,LEVE,0
0,0,14,2,4,1,-12.13134804927549,-76.97835262250652,0,0,7,1,2,2,2,0,6639.975,2.0,2,0,1.0,9,31,1616.0,0.8017574897902351,80.48487267736287,78.74302427848284,13.156716040468266,1766.1488062170545,359776.608137045,7626.313,1683.4029999999998,1599.0829999999996,4343.827000000001,1814.875,5811.438000000001,23.797541485643197,2,1,0,1,0,47.0,47.0,47.0,1.0,0.0,0.0,0.0,1,0,0.0,1.0,0.0,0.0,0.0,0.0,1.0,1.0,0.0,0.0,17,3,2021,10,6,2,0,0,0,1,0,1,LEVE,0
6,1,14,2,2,4,-11.97214164,-76.99659911,0,0,1,1,2,2,2,2,6543.555,2.0,4,4,1.0,14,33,1198.0,0.701053025277506,79.62867561460851,73.1469484600971,10.064317505194426,1464.6926161541437,1150285.0494171206,7626.313,1683.4029999999998,1599.0829999999996,4343.827000000001,1814.875,5811.438000000001,23.797541485643197,10,1,0,1,8,40.0,40.0,40.0,1.0,0.0,0.0,0.0,1,0,0.0,0.0,1.0,0.0,0.0,0.0,1.0,1.0,1.0,1.0,7,1,2023,10,18,2,0,1,0,1,0,1,GRAVE_LESIONADOS,1
0,1,14,2,2,4,-12.16465691,-76.96921895,0,0,1,1,2,2,2,0,6543.555,2.0,4,4,1.0,14,33,1198.0,0.7289998534947872,80.50926319493618,76.9124822838204,10.358587270463827,1551.106643515347,384728.5117773019,7626.313,1683.4029999999998,1599.0829999999996,4343.827000000001,1814.875,5811.438000000001,23.797541485643197,2,1,0,1,0,34.0,34.0,34.0,1.0,1.0,0.0,0.0,1,0,0.0,0.0,1.0,0.0,1.0,0.0,0.0,1.0,1.0,1.0,18,2,2023,12,19,1,0,1,0,1,0,1,LEVE,0
6,1,2,0,4,2,-13.902034194238322,-72.53300183276687,0,4,0,1,7,2,2,2,6543.555,2.0,4,4,1.0,14,33,1198.0,0.1824877464520417,67.10059231589754,49.82687063330833,4.014733483999636,111.58306127272184,3073.7130620985013,8358.971,1282.451,1298.0969999999998,5778.423,1432.683,6926.288,17.139466089785454,3,1,0,0,2,37.0,37.0,37.0,1.0,0.0,0.0,0.0,1,0,0.0,0.0,0.0,1.0,0.0,1.0,0.0,0.0,0.0,0.0,14,3,2021,2,22,0,0,1,2,1,0,1,LEVE,0
1,0,6,2,4,1,-11.988771741260638,-77.12541766532088,0,3,7,1,7,2,2,0,139.23,-1.0,2,0,0.0,9,32,69.0,0.5563774842369664,77.00938809632027,69.10246351364754,8.476961866273152,914.8835608305218,27932.19700214133,51.58600000000001,44.68700000000001,6.899000000000001,0.0,49.838000000000015,1.748,96.61148373589734,2,1,1,1,0,37.0,33.0,40.0,0.0,0.0,0.0,0.0,1,1,1.0,0.0,0.0,0.0,0.0,0.0,0.0,0.0,0.0,1.0,18,2,2021,7,16,4,0,1,2,1,0,0,LEVE,0
7,1,7,0,4,1,-14.515837,-72.036882,5,4,0,0,2,1,0,2,1780.161,1.0,1,3,0.0,9,32,490.0,0.339323744940919,67.8567694463257,60.573677132379146,5.206321478431428,388.7128879370376,24527.03426124197,17779.13499998999,2097.3709999899997,2863.123,12818.640999999989,2878.713,14900.421999989989,16.19152450331032,2,1,0,0,1,18.0,18.0,18.0,0.0,1.0,0.0,0.0,1,0,0.0,0.0,0.0,1.0,1.0,0.0,0.0,1.0,0.0,1.0,18,2,2024,1,5,4,0,0,2,1,0,1,LEVE,0
0,1,7,2,4,2,-14.24355444970659,-72.03712904981707,0,4,7,0,1,2,2,4,6543.555,2.0,4,4,1.0,14,33,1198.0,0.3582063239468129,73.72125513625039,50.68912238545782,4.370934077592676,495.5648271945098,7210.27408993576,17779.13499998999,2097.3709999899997,2863.123,12818.640999999989,2878.713,14900.421999989989,16.19152450331032,2,1,0,1,0,37.0,33.0,40.0,1.0,0.0,0.0,0.0,1,0,0.0,0.0,0.0,1.0,0.0,0.0,1.0,0.0,0.0,0.0,17,3,2023,12,27,2,0,1,2,1,0,1,LEVE,0
3,2,1,0,4,1,-9.05406193186759,-77.8023460127285,0,4,7,1,2,2,2,0,9936.932,2.0,2,0,1.0,9,32,3830.0,0.49842722626264,79.23197418574183,52.82270457174107,7.15398279838356,791.6819971737787,25526.81584582441,10767.648,1885.0630000000003,1222.721,7659.864000000001,2100.343,8667.305000000002,19.506051832303577,2,2,0,0,0,31.5,22.0,41.0,1.0,0.0,0.0,1.0,2,0,0.0,0.0,1.0,1.0,1.0,0.0,1.0,1.0,1.0,1.0,9,1,2025,6,29,6,1,1,0,1,0,1,LEVE,0
6,1,14,2,2,4,-12.015970361122656,-76.9110696051746,0,2,7,1,2,2,2,0,6543.555,2.0,4,4,1.0,14,33,1198.0,0.6831952456039544,78.60873873772867,74.49000793376607,10.00420210847705,1376.0472418044385,255143.7301927195,7626.313,1683.4029999999998,1599.0829999999996,4343.827000000001,1814.875,5811.438000000001,23.797541485643197,1,1,0,0,0,24.0,24.0,24.0,1.0,0.0,0.0,0.0,1,0,0.0,0.0,0.0,1.0,1.0,0.0,0.0,0.0,0.0,0.0,8,1,2025,1,18,5,1,1,0,1,0,1,LEVE,0
3,1,11,0,4,1,-11.146291707939652,-75.39992088493442,6,5,6,2,6,2,2,0,600.0300000000001,2.0,2,0,0.0,9,8,178.0,0.5524312122883903,74.69278428872114,62.924176307590606,8.661674602491013,944.9757327320935,25835.76017130621,12264.545,1826.4639999999995,1105.5389999999998,9332.542,1588.5359999999996,10676.009,12.952261987705208,26,2,0,0,24,34.0,34.0,34.0,1.0,0.0,0.0,0.0,2,0,0.0,1.0,1.0,0.0,0.0,0.0,1.0,0.0,1.0,0.0,16,3,2022,2,26,5,1,1,2,1,0,1,GRAVE_LESIONADOS,1
0,1,11,0,4,1,-12.188843658535474,-75.19176714279406,0,4,7,0,2,0,1,4,7586.903,2.0,2,0,1.0,9,5,1198.0,0.3665416978488408,76.83282434345439,68.26641960685279,5.950600943833446,349.5709259219151,1187.5781584582442,12264.545,1826.4639999999995,1105.5389999999998,9332.542,1588.5359999999996,10676.009,12.952261987705208,2,1,0,1,0,24.0,24.0,24.0,1.0,0.0,0.0,1.0,1,0,0.0,1.0,0.0,0.0,0.0,0.0,1.0,0.0,1.0,0.0,5,0,2022,7,29,4,0,1,2,1,0,1,LEVE,0
3,2,12,0,4,1,-8.41220326274806,-78.80055960047112,0,4,7,1,2,2,2,0,6543.555,3.0,2,0,1.0,0,30,1475.0,0.5051395598219868,77.13285387085847,51.52067479184955,6.715328807318118,900.900383457586,67612.41755888652,8931.828000000005,1335.5899999999997,1935.9830000000004,5660.255000000005,1219.309,7712.519000000005,13.651281686122925,2,2,0,0,0,35.0,29.0,41.0,1.0,1.0,0.0,0.0,2,0,0.0,0.0,0.0,1.0,1.0,0.0,1.0,0.0,1.0,1.0,17,3,2025,2,17,0,0,1,0,1,1,1,LEVE,0
3,2,7,0,4,3,-14.0437031306402,-71.2729837080364,0,4,7,1,2,2,2,2,6543.555,2.0,4,4,1.0,14,33,1198.0,0.3409107564841972,74.2782790389362,69.85088681249269,5.816184127144114,302.53841952167744,4833.456102783726,17779.13499998999,2097.3709999899997,2863.123,12818.640999999989,2878.713,14900.421999989989,16.19152450331032,2,2,0,0,0,65.5,60.0,71.0,1.0,0.0,0.0,0.0,2,0,0.0,0.0,1.0,1.0,0.0,0.0,1.0,1.0,0.0,0.0,7,1,2021,4,23,4,0,1,2,1,0,1,LEVE,0
6,1,3,0,4,0,-16.579011,-71.423802,0,4,0,0,2,0,1,0,6543.555,2.0,4,4,1.0,14,33,1198.0,0.627155841414226,79.75364683068608,72.2968456220324,10.203674231355697,1053.6651113361816,1260.1113490364023,10322.272,1495.236,1749.739,7077.2970000000005,2886.595,7435.677000000001,27.964725207783708,2,1,0,0,1,26.0,26.0,26.0,1.0,1.0,0.0,0.0,1,0,0.0,1.0,0.0,0.0,0.0,0.0,1.0,0.0,0.0,0.0,11,1,2021,7,10,5,1,0,0,1,0,1,LEVE,0
0,1,14,0,4,1,-11.064363317397373,-77.14055653278339,0,4,2,0,2,1,0,4,1422.177,2.0,2,0,0.0,9,19,698.0,0.625259356790912,76.00710856837651,64.39893010534446,7.928807895834627,1379.4198272918734,24684.304068522484,7626.313,1683.4029999999998,1599.0829999999996,4343.827000000001,1814.875,5811.438000000001,23.797541485643197,2,1,0,1,0,38.0,38.0,38.0,1.0,0.0,0.0,1.0,1,0,0.0,0.0,0.0,1.0,0.0,1.0,0.0,0.0,0.0,0.0,14,3,2022,7,29,4,0,1,0,1,0,1,LEVE,0
1,1,19,2,4,1,-5.14547,-80.797084,0,4,7,1,2,2,2,0,245.29,2.0,2,0,1.0,1,20,18.0,0.5214892169331304,81.30000138777692,64.69217807020043,6.638648670954715,828.5092750539112,9423.963597430407,8965.846000060003,1782.4120000599992,636.9959999999999,6546.438000000004,2214.505000059999,6751.341000000004,24.699342371541725,2,1,1,1,0,37.0,33.0,40.0,0.0,0.0,0.0,0.0,1,1,1.0,0.0,0.0,0.0,0.0,0.0,0.0,0.0,0.0,1.0,6,1,2021,11,7,6,1,0,0,1,0,1,LEVE,0
6,1,1,0,4,2,-9.08297910887399,-77.8142607636424,7,4,5,0,1,2,2,2,6543.555,2.0,4,4,1.0,14,33,1198.0,0.49842722626264,79.23197418574183,52.82270457174107,7.15398279838356,791.6819971737787,25526.81584582441,10767.648,1885.0630000000003,1222.721,7659.864000000001,2100.343,8667.305000000002,19.506051832303577,3,1,0,0,2,38.0,38.0,38.0,1.0,1.0,0.0,0.0,1,0,0.0,0.0,0.0,1.0,0.0,1.0,0.0,0.0,0.0,0.0,15,3,2023,7,14,4,0,0,0,1,0,1,GRAVE_MORTALIDAD,2
0,2,14,0,4,1,-10.829079376898283,-77.70009623782502,0,4,7,1,2,2,2,0,6543.555,3.0,2,0,1.0,0,30,1475.0,0.6308271130775358,79.95164649343668,65.83291929627318,8.147513189673957,1280.4873677124128,24646.92291220557,7626.313,1683.4029999999998,1599.0829999999996,4343.827000000001,1814.875,5811.438000000001,23.797541485643197,2,1,0,1,0,34.0,34.0,34.0,1.0,0.0,0.0,1.0,1,0,0.0,1.0,0.0,0.0,0.0,0.0,1.0,0.0,0.0,0.0,21,2,2021,12,5,6,1,0,0,1,1,1,LEVE,0
3,2,20,0,4,1,-15.6535889,-70.3585267,0,4,0,1,2,2,2,6,1504.4250000000002,2.0,2,0,1.0,7,25,241.0,0.4387767884413746,74.08026937973001,72.73571788884047,7.487249530915593,506.6407671536068,4885.396145610278,13642.312999999998,2020.7790000000005,2354.117,9267.416999999998,3314.0520000000006,10328.260999999997,24.29244952817019,3,2,0,0,1,46.5,38.0,55.0,1.0,1.0,0.0,0.0,2,0,0.0,0.0,0.0,1.0,1.0,1.0,0.0,1.0,1.0,0.0,11,1,2021,8,5,3,0,0,2,1,0,1,LEVE,0
6,1,4,0,4,0,-13.372259859606,-74.3378963266827,0,4,0,0,1,1,0,2,6543.555,2.0,4,4,1.0,14,33,1198.0,0.1859776092837948,69.85250115366037,39.77024304701982,3.1640035399309645,143.5227500887571,15617.884368308352,12678.733000000004,1805.074000000001,1774.0339999999994,9099.625000000004,2485.375000000001,10193.358000000002,19.602707936195205,1,1,0,0,0,43.0,43.0,43.0,1.0,0.0,0.0,0.0,1,0,0.0,0.0,0.0,1.0,0.0,0.0,1.0,0.0,0.0,0.0,13,3,2022,12,4,6,1,0,2,1,0,1,LEVE,0
3,1,14,2,2,4,-11.9111118,-77.0456108,0,0,7,1,2,1,1,0,6543.555,2.0,4,4,1.0,14,33,1198.0,0.7218926988400113,80.0902077245261,77.9581888264889,10.971588327733102,1458.3206086290393,530000.3426124197,7626.313,1683.4029999999998,1599.0829999999996,4343.827000000001,1814.875,5811.438000000001,23.797541485643197,2,2,0,0,0,55.0,40.0,70.0,1.0,0.0,0.0,0.0,2,0,0.0,0.0,1.0,1.0,0.0,0.0,1.0,1.0,0.0,1.0,11,1,2023,8,1,1,0,0,0,1,0,1,LEVE,0
0,1,14,2,2,4,-11.936900367759373,-76.97113212187342,7,3,1,1,2,2,2,2,6543.555,2.0,4,4,1.0,14,33,1198.0,0.701053025277506,79.62867561460851,73.1469484600971,10.064317505194426,1464.6926161541437,1150285.0494171206,7626.313,1683.4029999999998,1599.0829999999996,4343.827000000001,1814.875,5811.438000000001,23.797541485643197,2,1,0,1,0,37.0,33.0,40.0,1.0,0.0,0.0,0.0,1,0,0.0,0.0,1.0,0.0,0.0,0.0,1.0,0.0,0.0,0.0,9,1,2021,9,29,2,0,1,0,1,0,1,LEVE,0
0,0,7,0,4,1,-13.622459,-71.546893,0,4,7,1,2,1,0,2,3263.58,2.0,2,0,1.0,5,18,566.0,0.2069338210823644,70.18429139615611,51.55366663392733,3.191922704338107,164.0274050481397,17389.845824411135,17779.13499998999,2097.3709999899997,2863.123,12818.640999999989,2878.713,14900.421999989989,16.19152450331032,2,1,1,1,0,37.0,33.0,40.0,0.0,0.0,0.0,0.0,1,1,1.0,0.0,0.0,0.0,0.0,0.0,0.0,0.0,0.0,1.0,15,3,2025,9,1,0,0,0,2,1,0,1,LEVE,0
3,2,12,0,4,1,-8.412773,-78.798247,0,4,7,1,2,2,2,2,6543.555,3.0,2,0,1.0,0,30,1475.0,0.5051395598219868,77.13285387085847,51.52067479184955,6.715328807318118,900.900383457586,67612.41755888652,8931.828000000005,1335.5899999999997,1935.9830000000004,5660.255000000005,1219.309,7712.519000000005,13.651281686122925,2,2,0,0,0,43.5,38.0,49.0,1.0,1.0,0.0,0.0,2,0,0.0,1.0,0.0,0.0,0.0,0.0,1.0,0.0,1.0,0.0,2,0,2021,5,7,4,0,0,0,1,1,1,GRAVE_MORTALIDAD,2
1,1,12,2,2,4,-8.062266762020558,-79.05231172886009,0,0,1,1,2,2,2,4,6543.555,2.0,4,4,1.0,14,33,1198.0,0.5961574154611067,78.8610661942771,67.40352037574897,9.291971962737568,1010.620438228636,197397.5888650964,8931.828000000005,1335.5899999999997,1935.9830000000004,5660.255000000005,1219.309,7712.519000000005,13.651281686122925,3,1,1,2,0,37.0,33.0,40.0,0.0,0.0,0.0,0.0,1,1,1.0,0.0,0.0,0.0,0.0,0.0,0.0,0.0,0.0,1.0,1,0,2024,1,21,6,1,1,0,1,0,1,LEVE,0
1,1,20,2,4,1,-16.091553,-69.6397,0,4,7,1,2,2,2,2,7586.903,2.0,2,0,1.0,9,5,1198.0,0.4020198374784472,77.80062735845667,75.295761294875,7.279851651626652,372.63390314535104,50686.62526766595,13642.312999999998,2020.7790000000005,2354.117,9267.416999999998,3314.0520000000006,10328.260999999997,24.29244952817019,2,1,1,1,0,37.0,33.0,40.0,0.0,0.0,0.0,0.0,1,1,1.0,0.0,0.0,0.0,0.0,0.0,0.0,0.0,0.0,1.0,8,1,2023,8,25,4,0,1,2,1,0,1,LEVE,0
6,1,5,0,4,3,-7.386466,-78.87999,0,4,7,0,1,2,2,2,6543.555,2.0,4,4,1.0,14,33,1198.0,0.3823902663135393,71.09068474573519,45.001407169342805,5.318456172141619,572.316964501879,3707.070663811563,15935.565011852366,1733.9250000199986,935.692,13265.948011832368,2000.1670000199988,13935.398011832369,12.551591352627522,1,1,0,0,0,47.0,47.0,47.0,0.0,1.0,0.0,1.0,1,0,0.0,1.0,0.0,0.0,0.0,1.0,0.0,0.0,0.0,0.0,10,1,2025,1,24,4,0,1,2,1,0,1,LEVE,0