CLASE SINIESTRO,CANTIDAD DE VEHICULOS DAÑADOS,DEPARTAMENTO,ZONA,TIPO DE VÍA,RED VIAL,COORDENADAS LATITUD,COORDENADAS  LONGITUD,CONDICIÓN CLIMÁTICA,ZONIFICACIÓN,CARACTERÍSTICAS DE VÍA,PERFIL LONGITUDINAL VÍA,SUPERFICIE DE CALZADA,¿EXISTE SEÑAL VERTICAL?,¿EXISTE SEÑAL HORIZONTAL?,CAUSA FACTOR PRINCIPAL,MTC_RVN_LONGITUD_KM,MTC_RVN_N_CARRILES_MEDIANA,MTC_RVN_SUPERFICIE_DOMINANTE,MTC_RVN_ESTADO_DOMINANTE,MTC_RVN_ES_CONCESIONADA,MTC_RVN_CONCESION_PRINCIPAL,MTC_RVN_CORREDOR_LOGISTICO,MTC_RVN_N_TRAMOS,IDH_2019,IDH_ESP_VIDA_2019,IDH_EDUC_SECUND_PCT_2019,IDH_ANIOS_EDUC_2019,IDH_INGRESO_PERCAP_2019,IDH_POBLACION_2019,MTC_DEP_RED_TOTAL_KM,MTC_DEP_NACIONAL_TOTAL_KM,MTC_DEP_DEPARTAMENTAL_TOTAL_KM,MTC_DEP_VECINAL_TOTAL_KM,MTC_DEP_PAV_TOTAL_KM,MTC_DEP_NO_PAV_TOTAL_KM,MTC_DEP_PCT_PAVIMENTADA,PER_TOTAL_PERSONAS,PER_N_CONDUCTORES,PER_N_CONDUCTORES_FUGADOS,PER_N_PEATONES,PER_N_PASAJEROS_OCUPANTES,PER_EDAD_COND_PROM,PER_EDAD_COND_MIN,PER_EDAD_COND_MAX,PER_ANY_COND_MASCULINO,PER_ANY_LIC_PROBLEMA,PER_ANY_DOSAJE_POS,PER_ANY_DOSAJE_EVALUADO,VEH_TOTAL,VEH_N_FUGADOS,VEH_ANY_FUGADO,VEH_ANY_CARGA,VEH_ANY_PUBLICO,VEH_ANY_PARTICULAR,VEH_ANY_MOTO,VEH_ANY_AUTO,VEH_ANY_CAMION_BUS,VEH_ANY_SOAT_PROBLEMA,VEH_ANY_CITV_PROBLEMA,VEH_ANY_SEGURO_PROBLEMA,HORA_NUM,FRANJA_HORARIA,ANIO,MES,DIA_MES,DIA_SEMANA,ES_FIN_SEMANA,ES_QUINCENA,REGION_NATURAL,TIENE_SEÑALIZACION,ES_VIA_MULTICARRIL,ES_DEPTO_BAJO_PAVIMENTO,CATEGORIA_SEVERIDAD,CATEGORIA_SEVERIDAD_ENC
6,1,8,0,4,0,-12.891884,-74.681556,0,4,7,0,1,2,2,0,6543.555,2.0,4,4,1.0,14,33,1198.0,0.2047632462515533,74.35978212711643,49.35181559789799,3.880680741054263,130.66230465724803,8176.45182012848,8511.426,1445.3929999999996,2008.516,5057.516999999999,1879.579,6631.846999999998,22.08300935706896,2,1,0,0,1,17.0,17.0,17.0,1.0,1.0,0.0,0.0,1,0,0.0,0.0,0.0,1.0,0.0,1.0,0.0,0.0,0.0,0.0,6,1,2022,5,1,6,1,0,2,1,0,1,LEVE,0
6,1,5,0,4,2,-6.013822,-79.04964,0,4,7,0,1,2,2,2,6543.555,2.0,4,4,1.0,14,33,1198.0,0.3186681371591724,75.57054103202115,31.865363777188865,4.708610319942836,405.4490285986193,8750.248394004284,15935.565011852366,1733.9250000199986,935.692,13265.948011832368,2000.1670000199988,13935.398011832369,12.551591352627522,2,1,0,0,1,42.0,42.0,42.0,1.0,1.0,1.0,1.0,1,0,0.0,0.0,1.0,0.0,1.0,0.0,0.0,0.0,1.0,0.0,19,2,2024,9,13,4,0,0,2,1,0,1,LEVE,0
0,1,14,2,2,4,-12.0532414,-76.9632317,0,0,1,1,2,0,0,2,6543.555,2.0,4,4,1.0,14,33,1198.0,0.7347309224519117,80.70014842215761,76.47981423089655,10.519505095866096,1571.8150981252256,229834.5310492505,7626.313,1683.4029999999998,1599.0829999999996,4343.827000000001,1814.875,5811.438000000001,23.797541485643197,2,1,0,1,0,32.0,32.0,32.0,1.0,0.0,0.0,1.0,1,0,0.0,1.0,0.0,0.0,0.0,0.0,1.0,0.0,0.0,0.0,18,2,2021,7,14,2,0,0,0,0,0,1,LEVE,0
6,1,19,0,4,1,-5.008129,-79.713425,0,4,0,0,7,2,2,0,892.7650002999999,-1.0,1,0,0.0,9,32,790.0,0.1900070040755593,67.02551393447025,31.739914268299977,3.0893428849540148,177.20702638341197,22544.957173447536,8965.846000060003,1782.4120000599992,636.9959999999999,6546.438000000004,2214.505000059999,6751.341000000004,24.699342371541725,1,1,0,0,0,63.0,63.0,63.0,1.0,0.0,0.0,0.0,1,0,0.0,0.0,0.0,0.0,0.0,0.0,0.0,0.0,0.0,0.0,17,3,2021,4,4,6,1,0,0,1,0,1,LEVE,0
6,1,1,2,4,3,-9.536849377678784,-77.15973429242257,0,4,7,1,2,2,2,0,6543.555,2.0,4,4,1.0,14,33,1198.0,0.5466010705537504,75.4454210513517,63.26411609865434,8.282654778971494,925.9367206121332,16661.132762312634,10767.648,1885.0630000000003,1222.721,7659.864000000001,2100.343,8667.305000000002,19.506051832303577,1,1,0,0,0,30.0,30.0,30.0,1.0,1.0,0.0,0.0,1,0,0.0,0.0,0.0,1.0,1.0,0.0,0.0,1.0,1.0,1.0,1,0,2025,4,19,5,1,1,0,1,0,1,LEVE,0
1,0,14,2,4,1,-12.054748568596857,-76.9747883993657,0,3,7,1,2,2,2,0,6543.555,3.0,2,0,1.0,0,30,1475.0,0.7347309224519117,80.70014842215761,76.47981423089655,10.519505095866096,1571.8150981252256,229834.5310492505,7626.313,1683.4029999999998,1599.0829999999996,4343.827000000001,1814.875,5811.438000000001,23.797541485643197,2,1,0,1,0,37.0,33.0,40.0,0.0,0.0,0.0,0.0,1,1,1.0,0.0,0.0,0.0,0.0,0.0,0.0,0.0,0.0,1.0,3,0,2021,11,21,6,1,1,0,1,1,1,LEVE,0
6,1,1,0,4,1,-9.92304537452372,-77.38727145292336,0,4,7,0,2,2,2,2,9936.932,2.0,2,0,1.0,9,32,3830.0,0.4654799331603382,71.10800342011737,71.6956954286478,8.000201643545543,613.215156662713,3873.366167023554,10767.648,1885.0630000000003,1222.721,7659.864000000001,2100.343,8667.305000000002,19.506051832303577,20,1,0,0,19,29.0,29.0,29.0,1.0,0.0,0.0,1.0,1,0,0.0,0.0,1.0,0.0,0.0,0.0,1.0,0.0,0.0,0.0,5,0,2021,10,5,1,0,0,0,1,0,1,GRAVE_LESIONADOS,1
6,1,9,2,4,1,-9.168768,-75.965217,0,3,7,1,2,2,2,2,7758.33400008,2.0,2,0,1.0,9,20,2133.0,0.3085086005377726,73.29097991556696,43.46725905957747,4.636254700335595,340.20694592666433,3653.167023554604,8209.057,1333.4779999999996,791.9770000000001,6083.602,1059.8589999999997,7149.198,12.910849565303296,3,1,0,2,0,29.0,29.0,29.0,1.0,1.0,0.0,1.0,1,0,0.0,0.0,0.0,0.0,0.0,1.0,0.0,1.0,1.0,1.0,6,1,2022,12,1,3,0,0,2,1,0,1,LEVE,0
0,1,7,0,12,4,-13.54699,-71.894801,0,4,7,1,2,0,0,4,6543.555,2.0,4,4,1.0,14,33,1198.0,0.6549025615332805,78.59637500870319,78.62696287300767,10.432612491698492,1156.1148957567648,59698.74304068524,17779.13499998999,2097.3709999899997,2863.123,12818.640999999989,2878.713,14900.421999989989,16.19152450331032,2,1,0,1,0,39.0,39.0,39.0,1.0,0.0,0.0,1.0,1,0,0.0,1.0,0.0,0.0,0.0,0.0,1.0,0.0,0.0,0.0,17,3,2024,8,15,3,0,1,2,0,0,1,LEVE,0
0,1,9,2,4,1,-9.944877832863565,-76.24018227990604,0,0,7,1,2,2,2,2,693.175,2.0,2,3,0.0,9,10,249.0,0.6180444460983137,74.03039022888252,77.03642562714263,10.109576076622472,1095.6415212894094,74635.5374732334,8209.057,1333.4779999999996,791.9770000000001,6083.602,1059.8589999999997,7149.198,12.910849565303296,2,1,0,1,0,19.0,19.0,19.0,1.0,1.0,0.0,1.0,1,0,0.0,0.0,0.0,1.0,0.0,1.0,0.0,0.0,0.0,0.0,17,3,2023,1,12,3,0,0,2,1,0,1,LEVE,0
6,1,5,0,4,1,-6.68145,-78.529235,0,0,7,0,2,2,2,2,9936.932,2.0,2,0,1.0,9,32,3830.0,0.3484871558022944,76.33677469666252,53.28672218475212,4.131981838863427,447.1658531581213,76209.5845824411,15935.565011852366,1733.9250000199986,935.692,13265.948011832368,2000.1670000199988,13935.398011832369,12.551591352627522,2,1,0,0,1,22.0,22.0,22.0,1.0,1.0,1.0,1.0,1,0,0.0,0.0,0.0,1.0,1.0,0.0,0.0,1.0,1.0,1.0,3,0,2024,10,7,0,0,0,2,1,0,1,LEVE,0
0,1,7,2,3,4,-13.5295024109189,-71.9361138743671,0,3,7,1,4,2,2,4,6543.555,2.0,4,4,1.0,14,33,1198.0,0.6806292796157144,77.51447806142957,82.6599812385644,11.044400293146794,1245.5372385926626,131240.7944325482,17779.13499998999,2097.3709999899997,2863.123,12818.640999999989,2878.713,14900.421999989989,16.19152450331032,2,1,0,1,0,53.0,53.0,53.0,1.0,0.0,0.0,1.0,1,0,0.0,0.0,1.0,0.0,0.0,0.0,1.0,0.0,0.0,0.0,23,2,2025,6,13,4,0,0,2,1,0,1,LEVE,0
1,1,2,0,4,1,-13.472773070988938,-73.82694475932732,0,4,7,1,2,0,1,0,7586.903,2.0,2,0,1.0,9,5,1198.0,0.3687692793347881,69.59860754967796,73.14728972174629,6.12358991329654,387.3983639098725,8149.610278372591,8358.971,1282.451,1298.0969999999998,5778.423,1432.683,6926.288,17.139466089785454,2,1,1,1,0,37.0,33.0,40.0,0.0,0.0,0.0,0.0,1,1,1.0,0.0,0.0,0.0,0.0,0.0,0.0,0.0,0.0,1.0,2,0,2023,9,17,6,1,1,2,1,0,1,LEVE,0
3,1,6,2,2,4,-12.017058066620036,-77.09289378582605,0,3,7,1,2,1,1,2,6543.555,2.0,4,4,1.0,14,33,1198.0,0.5563774842369664,77.00938809632027,69.10246351364754,8.476961866273152,914.8835608305218,27932.19700214133,51.58600000000001,44.68700000000001,6.899000000000001,0.0,49.838000000000015,1.748,96.61148373589734,2,2,0,0,0,23.5,11.0,36.0,1.0,0.0,0.0,0.0,2,0,0.0,1.0,0.0,1.0,0.0,0.0,1.0,0.0,0.0,1.0,17,3,2021,12,15,2,0,1,2,1,0,0,LEVE,0
6,1,7,2,4,0,-14.29925320828684,-72.03678189618539,0,4,7,1,1,2,2,2,6543.555,2.0,4,4,1.0,14,33,1198.0,0.3582063239468129,73.72125513625039,50.68912238545782,4.370934077592676,495.5648271945098,7210.27408993576,17779.13499998999,2097.3709999899997,2863.123,12818.640999999989,2878.713,14900.421999989989,16.19152450331032,1,1,0,0,0,55.0,55.0,55.0,1.0,0.0,0.0,0.0,1,0,0.0,0.0,0.0,1.0,0.0,0.0,1.0,0.0,0.0,0.0,17,3,2025,9,4,3,0,0,2,1,0,1,LEVE,0
3,2,1,0,4,1,-9.44103432558107,-77.54961201855198,5,4,0,0,2,0,1,2,9936.932,2.0,2,0,1.0,9,32,3830.0,0.4494840816302098,76.58174958748486,60.44532954386632,6.126030498705479,641.7825208069339,6289.884368308352,10767.648,1885.0630000000003,1222.721,7659.864000000001,2100.343,8667.305000000002,19.506051832303577,2,2,0,0,0,46.5,41.0,52.0,1.0,0.0,0.0,1.0,2,0,0.0,1.0,0.0,0.0,1.0,0.0,1.0,0.0,1.0,0.0,19,2,2021,4,4,6,1,0,0,1,0,1,LEVE,0
7,1,10,0,3,4,-14.0193240625753,-75.7503560174169,0,4,7,0,7,2,2,4,6543.555,2.0,4,4,1.0,14,33,1198.0,0.6350781586942635,79.3721196581268,77.51375521876884,10.809406137631074,1028.5280705927485,31104.417558886507,3721.461,698.1859999999996,744.866,2278.409,1102.9029999999996,2618.558,29.636290693359403,2,1,0,1,0,37.0,33.0,40.0,0.0,0.0,0.0,0.0,1,0,0.0,0.0,0.0,1.0,0.0,1.0,0.0,0.0,1.0,0.0,6,1,2023,10,18,2,0,1,0,1,0,1,LEVE,0
6,1,14,2,1,4,-12.281988,-76.86395,6,5,6,2,6,2,2,0,6543.555,2.0,4,4,1.0,14,33,1198.0,0.6909236767275176,78.41626133969348,70.97436336767564,9.826485374940413,1476.8351947609171,95908.53319057816,7626.313,1683.4029999999998,1599.0829999999996,4343.827000000001,1814.875,5811.438000000001,23.797541485643197,2,1,0,0,1,22.0,22.0,22.0,1.0,1.0,0.0,0.0,1,0,0.0,0.0,0.0,1.0,0.0,1.0,0.0,1.0,1.0,1.0,12,3,2022,4,3,6,1,0,0,1,0,1,LEVE,0
6,1,19,2,4,2,-5.576148,-80.821413,0,0,7,1,2,2,2,2,6543.555,2.0,4,4,1.0,14,33,1198.0,0.4860724693701166,72.15814961491549,57.86687952143938,7.507596134322599,781.8218439197168,48691.10064239828,8965.846000060003,1782.4120000599992,636.9959999999999,6546.438000000004,2214.505000059999,6751.341000000004,24.699342371541725,2,1,0,0,1,38.0,38.0,38.0,0.0,1.0,0.0,0.0,1,0,0.0,0.0,0.0,1.0,1.0,0.0,0.0,0.0,1.0,0.0,18,2,2023,2,8,2,0,0,0,1,0,1,LEVE,0
0,1,11,2,2,4,-12.06247,-75.226215,0,0,1,1,2,1,1,4,6543.555,2.0,4,4,1.0,14,33,1198.0,0.6349620447591086,73.34739425042062,78.85040671556425,11.216598893401857,1118.0127433957432,167365.50535331905,12264.545,1826.4639999999995,1105.5389999999998,9332.542,1588.5359999999996,10676.009,12.952261987705208,2,1,0,1,0,25.0,25.0,25.0,1.0,0.0,0.0,1.0,1,0,0.0,0.0,0.0,1.0,0.0,0.0,1.0,0.0,0.0,0.0,14,3,2023,8,9,2,0,0,2,1,0,1,LEVE,0
6,1,0,0,4,0,-5.900512,-78.685466,2,4,7,1,1,2,2,0,6543.555,2.0,4,4,1.0,14,33,1198.0,0.3626610877474266,70.76334156007144,37.02439337366064,4.791390188523318,586.971925409676,7323.826552462526,3903.732,1155.121,585.018,2163.5930000000003,943.591,2960.1410000000005,24.17151074920102,6,1,0,0,5,32.0,32.0,32.0,1.0,0.0,0.0,0.0,1,0,0.0,0.0,0.0,1.0,0.0,1.0,0.0,0.0,0.0,0.0,7,1,2021,8,30,0,0,1,1,1,0,1,GRAVE_MORTALIDAD,2
6,1,3,2,4,0,-16.359972,-71.617691,0,4,7,1,2,1,0,0,6543.555,2.0,4,4,1.0,14,33,1198.0,0.6411767862503931,77.2408324916572,78.204125011303,10.595705083047717,1107.223861768016,193412.3169164882,10322.272,1495.236,1749.739,7077.2970000000005,2886.595,7435.677000000001,27.964725207783708,2,1,0,0,1,28.0,28.0,28.0,1.0,1.0,0.0,0.0,1,0,0.0,0.0,0.0,1.0,0.0,1.0,0.0,0.0,0.0,0.0,6,1,2022,8,10,2,0,0,0,1,0,1,LEVE,0
3,2,10,0,4,1,-14.20346,-75.71473,0,4,1,1,2,2,2,0,6639.975,2.0,2,0,1.0,9,31,1616.0,0.6261042306271147,80.48505954362174,76.55712631348362,9.341715591523595,1061.002261282891,31419.372591006424,3721.461,698.1859999999996,744.866,2278.409,1102.9029999999996,2618.558,29.636290693359403,3,2,1,0,1,44.0,44.0,44.0,1.0,1.0,0.0,0.0,2,0,0.0,1.0,0.0,1.0,1.0,0.0,1.0,0.0,1.0,0.0,17,3,2021,10,20,2,0,1,0,1,0,1,LEVE,0
0,1,14,2,2,4,-12.08921167,-77.08538817,0,3,1,1,2,0,1,0,6543.555,2.0,4,4,1.0,14,33,1198.0,0.8224006497057281,80.32617651391924,76.66408959706945,12.77635923087604,1966.554093175902,146885.81156316918,7626.313,1683.4029999999998,1599.0829999999996,4343.827000000001,1814.875,5811.438000000001,23.797541485643197,2,1,0,1,0,54.0,54.0,54.0,1.0,0.0,0.0,0.0,1,0,0.0,0.0,0.0,1.0,0.0,1.0,0.0,0.0,1.0,0.0,10,1,2023,7,1,5,1,0,0,1,0,1,LEVE,0
3,1,21,2,6,4,-6.4795,-76.38282,0,0,7,0,2,1,1,2,6543.555,2.0,4,4,1.0,14,33,1198.0,0.657413538429829,72.9282426214375,76.63007978148195,9.765102989696064,1372.3387690440495,31687.78158458244,5645.136,815.0759999999999,965.298,3864.762,1013.406,4631.73,17.95184385283189,3,2,0,0,1,32.0,31.0,33.0,1.0,0.0,0.0,0.0,2,0,0.0,0.0,1.0,0.0,1.0,0.0,0.0,0.0,1.0,0.0,16,3,2021,6,20,6,1,1,1,1,0,1,LEVE,0
0,1,2,0,4,0,-13.784193,-73.618418,0,4,7,1,7,2,2,2,6543.555,2.0,4,4,1.0,14,33,1198.0,0.2620281376747534,73.64830841104089,58.49688859847178,4.181672548058226,209.6147731796604,2774.593147751606,8358.971,1282.451,1298.0969999999998,5778.423,1432.683,6926.288,17.139466089785454,2,1,0,1,0,69.0,69.0,69.0,1.0,1.0,0.0,1.0,1,0,0.0,0.0,0.0,1.0,0.0,0.0,1.0,0.0,0.0,0.0,17,3,2025,5,4,6,1,0,2,1,0,1,LEVE,0
6,1,19,2,2,4,-5.175705,-80.691057,0,4,7,0,2,2,2,2,6543.555,2.0,4,4,1.0,14,33,1198.0,0.5997462042553465,78.40793944726823,72.26811532412637,9.714064362322326,976.3169831713308,183875.0,8965.846000060003,1782.4120000599992,636.9959999999999,6546.438000000004,2214.505000059999,6751.341000000004,24.699342371541725,1,1,0,0,0,45.0,45.0,45.0,1.0,0.0,1.0,1.0,1,0,0.0,0.0,0.0,1.0,0.0,0.0,1.0,0.0,1.0,0.0,2,0,2022,3,20,6,1,1,0,1,0,1,LEVE,0
2,1,12,0,4,2,-7.79701388,-78.22258724,0,4,0,1,7,2,2,0,6543.555,2.0,4,4,1.0,14,33,1198.0,0.1244076988219627,73.72414731573798,24.96870949906624,2.0840157325420936,117.70668659697276,14976.700214132765,8931.828000000005,1335.5899999999997,1935.9830000000004,5660.255000000005,1219.309,7712.519000000005,13.651281686122925,2,1,0,0,1,36.0,36.0,36.0,1.0,0.0,0.0,0.0,1,0,0.0,1.0,0.0,0.0,0.0,0.0,1.0,0.0,1.0,0.0,18,2,2024,10,2,2,0,0,0,1,0,1,LEVE,0
3,2,10,2,4,1,-13.723774,-75.895687,0,0,0,0,2,2,2,0,1679.5849999999998,2.0,2,3,1.0,9,24,315.0,0.5476064687943295,72.89816640240538,72.53137929650067,8.073066505789269,930.7694624870004,5923.768736616702,3721.461,698.1859999999996,744.866,2278.409,1102.9029999999996,2618.558,29.636290693359403,2,2,0,0,0,37.5,29.0,46.0,1.0,0.0,0.0,0.0,2,0,0.0,1.0,0.0,1.0,1.0,0.0,1.0,1.0,1.0,0.0,6,1,2022,2,19,5,1,1,0,1,0,1,LEVE,0
3,2,12,2,2,4,-8.087729,-79.039769,0,0,7,1,2,2,2,2,6543.555,2.0,4,4,1.0,14,33,1198.0,0.7151155191839451,79.57652607829836,77.25576500264712,11.809756866444314,1377.9438475528384,331253.00214132766,8931.828000000005,1335.5899999999997,1935.9830000000004,5660.255000000005,1219.309,7712.519000000005,13.651281686122925,2,2,0,0,0,43.5,42.0,45.0,1.0,0.0,0.0,0.0,2,0,0.0,0.0,0.0,1.0,1.0,1.0,0.0,1.0,0.0,0.0,16,3,2021,8,11,2,0,0,0,1,0,1,LEVE,0
3,2,10,2,4,1,-14.0767502,-75.7385829,0,3,1,1,2,2,2,0,6639.975,2.0,2,0,1.0,9,31,1616.0,0.6637216310803388,79.6446050662278,81.37671161983333,11.724811319582514,1084.329233867723,142450.24411134905,3721.461,698.1859999999996,744.866,2278.409,1102.9029999999996,2618.558,29.636290693359403,2,2,0,0,0,47.5,29.0,66.0,1.0,0.0,0.0,0.0,2,0,0.0,0.0,1.0,1.0,1.0,0.0,1.0,0.0,1.0,0.0,5,0,2023,7,24,0,0,1,0,1,0,1,LEVE,0
6,1,7,0,4,1,-13.593077,-71.719844,0,4,7,1,2,2,2,2,3447.8009999999995,1.0,2,3,0.0,9,12,1109.0,0.4475472256372688,60.13165495576951,63.56521874336077,7.651720948254891,772.3586316120596,4267.871520342612,17779.13499998999,2097.3709999899997,2863.123,12818.640999999989,2878.713,14900.421999989989,16.19152450331032,1,1,0,0,0,28.0,28.0,28.0,1.0,0.0,0.0,1.0,1,0,0.0,0.0,0.0,1.0,0.0,0.0,1.0,0.0,0.0,0.0,17,3,2024,11,4,0,0,0,2,1,0,1,LEVE,0
0,1,14,2,2,4,-12.225524987545652,-76.94634655099267,0,3,1,1,2,0,1,0,6543.555,2.0,4,4,1.0,14,33,1198.0,0.6990481232857558,80.14597904142546,74.3851677794309,10.004397644056358,1432.5044292531525,459161.0728051392,7626.313,1683.4029999999998,1599.0829999999996,4343.827000000001,1814.875,5811.438000000001,23.797541485643197,2,1,0,1,0,43.0,43.0,43.0,1.0,0.0,0.0,0.0,1,0,0.0,0.0,1.0,0.0,1.0,0.0,0.0,0.0,1.0,0.0,19,2,2025,3,26,2,0,1,0,1,0,1,LEVE,0
3,2,19,0,4,1,-5.144435,-80.450707,0,4,7,1,2,2,2,0,1305.18,2.0,2,0,1.0,1,20,163.0,0.6220812987247925,80.20155828147696,72.71675503872983,10.02377668600292,1028.915688621886,159840.92719486082,8965.846000060003,1782.4120000599992,636.9959999999999,6546.438000000004,2214.505000059999,6751.341000000004,24.699342371541725,5,2,0,0,3,30.0,28.0,32.0,1.0,0.0,0.0,1.0,2,0,0.0,0.0,1.0,1.0,0.0,1.0,1.0,0.0,0.0,0.0,14,3,2022,2,4,4,0,0,0,1,0,1,GRAVE_MORTALIDAD,2
10,1,11,0,4,3,-11.20771760395443,-74.65547376935845,2,4,7,1,7,2,2,2,6543.555,2.0,4,4,1.0,14,33,1198.0,0.3896449199426799,73.52944498752588,58.12847486528723,6.818497881997056,432.7706547473175,27485.456102783723,12264.545,1826.4639999999995,1105.5389999999998,9332.542,1588.5359999999996,10676.009,12.952261987705208,2,1,0,1,0,37.0,33.0,40.0,1.0,0.0,0.0,0.0,1,0,0.0,0.0,0.0,1.0,1.0,0.0,0.0,1.0,1.0,1.0,22,2,2022,9,24,5,1,1,2,1,0,1,LEVE,0
3,1,19,2,3,4,-5.190595,-80.684413,0,4,7,1,2,2,2,0,6543.555,2.0,4,4,1.0,14,33,1198.0,0.5997462042553465,78.40793944726823,72.26811532412637,9.714064362322326,976.3169831713308,183875.0,8965.846000060003,1782.4120000599992,636.9959999999999,6546.438000000004,2214.505000059999,6751.341000000004,24.699342371541725,2,2,1,0,0,58.0,58.0,58.0,1.0,0.0,0.0,1.0,2,1,1.0,0.0,0.0,1.0,0.0,0.0,0.0,0.0,1.0,1.0,22,2,2023,9,30,5,1,1,0,1,0,1,LEVE,0
6,1,9,0,4,2,-9.805828,-76.132483,0,4,7,0,7,2,2,2,6543.555,2.0,4,4,1.0,14,33,1198.0,0.1985758242270937,77.55714392657784,34.95706096213289,2.03851168355126,322.5659269507394,24762.20985010707,8209.057,1333.4779999999996,791.9770000000001,6083.602,1059.8589999999997,7149.198,12.910849565303296,5,1,0,0,4,18.0,18.0,18.0,1.0,1.0,0.0,0.0,1,0,0.0,0.0,1.0,0.0,0.0,1.0,0.0,1.0,1.0,1.0,23,2,2022,1,29,5,1,1,2,1,0,1,GRAVE_MORTALIDAD,2
6,1,19,0,4,1,-5.36539292581917,-80.0604099705959,0,4,7,1,2,2,2,0,1305.18,2.0,2,0,1.0,1,20,163.0,0.3893523155396837,73.6911779276771,49.78375684989758,4.513910151215105,616.2310203311459,12720.513918629553,8965.846000060003,1782.4120000599992,636.9959999999999,6546.438000000004,2214.505000059999,6751.341000000004,24.699342371541725,1,1,0,0,0,69.0,69.0,69.0,1.0,0.0,0.0,1.0,1,0,0.0,0.0,0.0,1.0,0.0,0.0,1.0,0.0,1.0,0.0,15,3,2024,2,12,0,0,0,0,1,0,1,LEVE,0
0,1,14,2,4,1,-12.450924,-76.75534,0,4,7,1,2,2,2,0,6639.975,2.0,2,0,1.0,9,31,1616.0,0.5989399421098186,77.00744531585744,66.79191860624414,9.3203078668399,1062.3463551563473,19083.880085653105,7626.313,1683.4029999999998,1599.0829999999996,4343.827000000001,1814.875,5811.438000000001,23.797541485643197,2,1,0,1,0,47.0,47.0,47.0,1.0,0.0,0.0,0.0,1,0,0.0,0.0,0.0,1.0,0.0,1.0,0.0,0.0,0.0,0.0,14,3,2022,12,20,1,0,1,0,1,0,1,LEVE,0
6,1,5,0,4,1,-7.115858,-78.330569,0,4,0,0,2,0,1,2,2760.8550000000005,1.0,1,3,0.0,9,32,1208.0,0.2787832446449395,76.6302139673737,44.82684454743621,3.548077185984384,299.2159549691333,20782.33618843683,15935.565011852366,1733.9250000199986,935.692,13265.948011832368,2000.1670000199988,13935.398011832369,12.551591352627522,2,1,0,0,1,49.0,49.0,49.0,1.0,1.0,1.0,1.0,1,0,0.0,0.0,0.0,1.0,1.0,0.0,0.0,1.0,0.0,1.0,5,0,2023,10,22,6,1,1,2,1,0,1,LEVE,0
7,1,14,2,3,4,-11.97046575,-76.9943926,0,3,7,1,2,2,2,0,6543.555,2.0,4,4,1.0,14,33,1198.0,0.701053025277506,79.62867561460851,73.1469484600971,10.064317505194426,1464.6926161541437,1150285.0494171206,7626.313,1683.4029999999998,1599.0829999999996,4343.827000000001,1814.875,5811.438000000001,23.797541485643197,2,1,0,0,1,31.0,31.0,31.0,1.0,0.0,0.0,0.0,1,0,0.0,1.0,0.0,0.0,0.0,0.0,1.0,0.0,0.0,0.0,11,1,2023,11,15,2,0,1,0,1,0,1,LEVE,0
3,2,12,0,2,4,-7.400035389838204,-79.56347156684272,0,4,1,1,2,2,2,2,6543.555,2.0,4,4,1.0,14,33,1198.0,0.5968586479601472,81.56479096531379,74.23398565025978,9.72444636404026,898.7633596995952,27553.955032119917,8931.828000000005,1335.5899999999997,1935.9830000000004,5660.255000000005,1219.309,7712.519000000005,13.651281686122925,3,2,0,0,1,32.5,22.0,43.0,1.0,1.0,0.0,0.0,2,0,0.0,0.0,1.0,1.0,1.0,1.0,0.0,0.0,1.0,0.0,22,2,2021,11,13,5,1,0,0,1,0,1,LEVE,0
6,1,8,0,4,0,-12.261372,-75.040445,0,4,0,0,3,2,2,0,6543.555,2.0,4,4,1.0,14,33,1198.0,0.2778374067164198,76.3467601260823,56.08796064531988,4.776256490985982,215.1778698122941,5514.537473233406,8511.426,1445.3929999999996,2008.516,5057.516999999999,1879.579,6631.846999999998,22.08300935706896,2,1,0,0,1,30.0,30.0,30.0,1.0,1.0,0.0,0.0,1,0,0.0,0.0,0.0,1.0,0.0,1.0,0.0,0.0,0.0,0.0,7,1,2022,4,23,5,1,1,2,1,0,1,LEVE,0
6,1,7,0,4,3,-14.499621,-71.329169,0,4,0,1,7,2,2,6,6543.555,2.0,4,4,1.0,14,33,1198.0,0.2860092739262279,59.94781725321823,66.333630235029,5.464450966964557,274.3102477158444,5060.0256959314775,17779.13499998999,2097.3709999899997,2863.123,12818.640999999989,2878.713,14900.421999989989,16.19152450331032,2,1,0,0,1,34.0,34.0,34.0,1.0,0.0,0.0,0.0,1,0,0.0,1.0,0.0,0.0,0.0,0.0,1.0,0.0,0.0,0.0,12,3,2021,5,15,5,1,1,2,1,0,1,LEVE,0
6,2,14,2,4,1,-12.38429587608215,-76.77102851603604,0,3,7,1,2,2,2,0,6639.975,2.0,2,0,1.0,9,31,1616.0,0.7238335901083031,79.66547280467641,76.37525886646478,10.576617527878618,1528.3977840301418,8667.355460385439,7626.313,1683.4029999999998,1599.0829999999996,4343.827000000001,1814.875,5811.438000000001,23.797541485643197,2,2,0,0,0,27.0,27.0,27.0,1.0,0.0,0.0,0.0,2,0,0.0,1.0,0.0,1.0,0.0,1.0,1.0,1.0,1.0,0.0,19,2,2021,8,2,0,0,0,0,1,0,1,LEVE,0
6,1,8,0,4,1,-13.1208769860007,-75.5427216953769,0,4,7,1,2,0,1,0,1482.81,1.0,1,3,0.0,9,16,270.0,0.3350977923231871,68.89558289355473,47.3438883832626,6.105182048508107,369.6405022278763,1173.4582441113491,8511.426,1445.3929999999996,2008.516,5057.516999999999,1879.579,6631.846999999998,22.08300935706896,4,1,0,0,3,35.0,35.0,35.0,1.0,1.0,0.0,0.0,1,0,0.0,0.0,0.0,1.0,0.0,1.0,0.0,0.0,0.0,0.0,10,1,2021,8,2,0,0,0,2,1,0,1,GRAVE_LESIONADOS,1
6,1,1,0,4,1,-9.944539668579552,-77.09080972696864,0,4,7,0,2,2,2,0,9936.932,2.0,2,0,1.0,9,32,3830.0,0.4349590377318181,71.4751403883931,43.51220656665549,6.175503258234781,750.1829526019553,1966.5438972162735,10767.648,1885.0630000000003,1222.721,7659.864000000001,2100.343,8667.305000000002,19.506051832303577,11,1,0,0,10,41.0,41.0,41.0,1.0,0.0,0.0,1.0,1,0,0.0,0.0,1.0,0.0,0.0,1.0,0.0,0.0,1.0,0.0,13,3,2021,10,31,6,1,1,0,1,0,1,GRAVE_LESIONADOS,1
0,1,14,2,6,4,-12.04685073465947,-77.02019814984581,0,3,7,1,2,2,2,0,6543.555,2.0,4,4,1.0,14,33,1198.0,0.7646845961658533,80.23682119426338,77.96082737891015,12.014176158371615,1633.787715186093,250806.0877944326,7626.313,1683.4029999999998,1599.0829999999996,4343.827000000001,1814.875,5811.438000000001,23.797541485643197,2,1,0,1,0,37.0,37.0,37.0,1.0,0.0,0.0,0.0,1,0,0.0,1.0,0.0,0.0,0.0,0.0,1.0,0.0,1.0,0.0,0,0,2024,10,19,5,1,1,0,1,0,1,LEVE,0
3,1,19,0,4,1,-4.91808,-80.69704,0,2,7,1,2,2,2,0,6543.555,3.0,2,0,1.0,0,30,1475.0,0.5657000696312142,79.93504063107561,71.14438533384025,9.31841991972829,829.1233898514824,181599.8115631692,8965.846000060003,1782.4120000599992,636.9959999999999,6546.438000000004,2214.505000059999,6751.341000000004,24.699342371541725,2,2,0,0,0,40.0,29.0,51.0,1.0,1.0,0.0,1.0,2,0,0.0,0.0,0.0,1.0,1.0,0.0,1.0,1.0,0.0,1.0,13,3,2021,8,8,6,1,0,0,1,1,1,LEVE,0
0,1,12,2,2,4,-8.0855807,-79.0153628,0,1,7,1,2,2,2,0,6543.555,2.0,4,4,1.0,14,33,1198.0,0.5628682280502054,79.35078533424159,59.07369130997599,7.880201475313533,999.8741857239928,209189.32119914345,8931.828000000005,1335.5899999999997,1935.9830000000004,5660.255000000005,1219.309,7712.519000000005,13.651281686122925,2,1,0,1,0,29.0,29.0,29.0,1.0,0.0,0.0,0.0,1,0,0.0,0.0,0.0,1.0,0.0,0.0,1.0,1.0,0.0,0.0,19,2,2024,6,15,5,1,1,0,1,0,1,LEVE,0