CLASE SINIESTRO,CANTIDAD DE VEHICULOS DAÑADOS,DEPARTAMENTO,ZONA,TIPO DE VÍA,RED VIAL,COORDENADAS LATITUD,COORDENADAS  LONGITUD,CONDICIÓN CLIMÁTICA,ZONIFICACIÓN,CARACTERÍSTICAS DE VÍA,PERFIL LONGITUDINAL VÍA,SUPERFICIE DE CALZADA,¿EXISTE SEÑAL VERTICAL?,¿EXISTE SEÑAL HORIZONTAL?,CAUSA FACTOR PRINCIPAL,MTC_RVN_LONGITUD_KM,MTC_RVN_N_CARRILES_MEDIANA,MTC_RVN_SUPERFICIE_DOMINANTE,MTC_RVN_ESTADO_DOMINANTE,MTC_RVN_ES_CONCESIONADA,MTC_RVN_CONCESION_PRINCIPAL,MTC_RVN_CORREDOR_LOGISTICO,MTC_RVN_N_TRAMOS,IDH_2019,IDH_ESP_VIDA_2019,IDH_EDUC_SECUND_PCT_2019,IDH_ANIOS_EDUC_2019,IDH_INGRESO_PERCAP_2019,IDH_POBLACION_2019,MTC_DEP_RED_TOTAL_KM,MTC_DEP_NACIONAL_TOTAL_KM,MTC_DEP_DEPARTAMENTAL_TOTAL_KM,MTC_DEP_VECINAL_TOTAL_KM,MTC_DEP_PAV_TOTAL_KM,MTC_DEP_NO_PAV_TOTAL_KM,MTC_DEP_PCT_PAVIMENTADA,PER_TOTAL_PERSONAS,PER_N_CONDUCTORES,PER_N_CONDUCTORES_FUGADOS,PER_N_PEATONES,PER_N_PASAJEROS_OCUPANTES,PER_EDAD_COND_PROM,PER_EDAD_COND_MIN,PER_EDAD_COND_MAX,PER_ANY_COND_MASCULINO,PER_ANY_LIC_PROBLEMA,PER_ANY_DOSAJE_POS,PER_ANY_DOSAJE_EVALUADO,VEH_TOTAL,VEH_N_FUGADOS,VEH_ANY_FUGADO,VEH_ANY_CARGA,VEH_ANY_PUBLICO,VEH_ANY_PARTICULAR,VEH_ANY_MOTO,VEH_ANY_AUTO,VEH_ANY_CAMION_BUS,VEH_ANY_SOAT_PROBLEMA,VEH_ANY_CITV_PROBLEMA,VEH_ANY_SEGURO_PROBLEMA,HORA_NUM,FRANJA_HORARIA,ANIO,MES,DIA_MES,DIA_SEMANA,ES_FIN_SEMANA,ES_QUINCENA,REGION_NATURAL,TIENE_SEÑALIZACION,ES_VIA_MULTICARRIL,ES_DEPTO_BAJO_PAVIMENTO,CATEGORIA_SEVERIDAD,CATEGORIA_SEVERIDAD_ENC
1,1,3,2,4,0,-16.356788,-71.613419,0,3,7,1,2,2,2,0,6543.555,2.0,4,4,1.0,14,33,1198.0,0.6411767862503931,77.2408324916572,78.204125011303,10.595705083047717,1107.223861768016,193412.3169164882,10322.272,1495.236,1749.739,7077.2970000000005,2886.595,7435.677000000001,27.964725207783708,2,1,1,1,0,37.0,33.0,40.0,0.0,0.0,0.0,0.0,1,1,1.0,0.0,0.0,0.0,0.0,0.0,0.0,0.0,0.0,1.0,3,0,2022,2,20,6,1,1,0,1,0,1,LEVE,0
1,2,12,0,4,1,-7.839252,-79.152646,0,4,7,1,2,2,2,0,6543.555,3.0,2,0,1.0,0,30,1475.0,0.5721567587688113,77.67102283812494,66.21373667954742,8.464777379360486,978.4498488219192,15563.077087794432,8931.828000000005,1335.5899999999997,1935.9830000000004,5660.255000000005,1219.309,7712.519000000005,13.651281686122925,2,1,1,1,0,37.0,33.0,40.0,0.0,0.0,0.0,0.0,1,1,1.0,0.0,0.0,0.0,0.0,0.0,0.0,0.0,0.0,1.0,3,0,2021,4,1,3,0,0,0,1,1,1,LEVE,0
3,4,11,0,4,0,-11.955375,-75.043765,0,0,7,1,2,2,2,2,6543.555,2.0,4,4,1.0,14,33,1198.0,0.6083413875375813,71.66982597817598,76.35118091119013,11.05243180238688,1046.538532645036,119236.36616702356,12264.545,1826.4639999999995,1105.5389999999998,9332.542,1588.5359999999996,10676.009,12.952261987705208,10,4,0,0,6,36.0,23.0,47.0,1.0,0.0,0.0,1.0,4,0,0.0,1.0,0.0,1.0,0.0,1.0,1.0,0.0,1.0,0.0,17,3,2021,7,27,1,0,1,2,1,0,1,GRAVE_MORTALIDAD,2
6,1,11,0,4,1,-11.542940888342654,-75.88567921078274,0,4,0,1,2,0,1,2,7586.903,2.0,2,0,1.0,9,5,1198.0,0.6211711217784234,75.51508523355102,70.90101252241288,10.049671623026311,1128.403546167389,8996.89721627409,12264.545,1826.4639999999995,1105.5389999999998,9332.542,1588.5359999999996,10676.009,12.952261987705208,4,1,0,0,3,38.0,38.0,38.0,1.0,0.0,0.0,1.0,1,0,0.0,0.0,0.0,1.0,0.0,1.0,0.0,1.0,1.0,1.0,16,3,2022,9,24,5,1,1,2,1,0,1,GRAVE_MORTALIDAD,2
0,1,14,2,6,4,-12.053118221273774,-77.00628305305597,0,0,7,1,2,2,2,6,6543.555,2.0,4,4,1.0,14,33,1198.0,0.6970617810314195,81.40501156526744,73.5715154770137,9.635174408411393,1428.892506292977,203379.9271948608,7626.313,1683.4029999999998,1599.0829999999996,4343.827000000001,1814.875,5811.438000000001,23.797541485643197,2,1,0,1,0,37.0,33.0,40.0,1.0,0.0,0.0,0.0,1,0,0.0,0.0,0.0,1.0,0.0,0.0,1.0,0.0,0.0,0.0,18,2,2021,4,7,2,0,0,0,1,0,1,LEVE,0
4,1,14,2,2,4,-10.80949,-76.87457,0,3,7,0,1,2,2,0,6543.555,2.0,4,4,1.0,14,33,1198.0,0.5348345437988095,83.40805400042427,60.94378188834905,8.191496221315315,774.6597550847234,3019.9036402569595,7626.313,1683.4029999999998,1599.0829999999996,4343.827000000001,1814.875,5811.438000000001,23.797541485643197,3,2,0,1,0,21.0,21.0,21.0,1.0,1.0,0.0,1.0,2,0,0.0,0.0,0.0,0.0,0.0,0.0,0.0,0.0,0.0,1.0,17,3,2023,9,14,3,0,0,0,1,0,1,LEVE,0
6,1,7,0,4,2,-14.3569,-71.1589,2,4,0,0,1,2,2,2,6543.555,2.0,4,4,1.0,14,33,1198.0,0.3688068892893833,76.47283450634272,62.25751908213611,5.9696521090432615,372.1207781777657,9957.021413276232,17779.13499998999,2097.3709999899997,2863.123,12818.640999999989,2878.713,14900.421999989989,16.19152450331032,10,1,0,0,9,67.0,67.0,67.0,1.0,0.0,0.0,1.0,1,0,0.0,0.0,0.0,1.0,0.0,0.0,1.0,1.0,0.0,0.0,4,0,2021,3,12,4,0,0,2,1,0,1,GRAVE_LESIONADOS,1
0,1,22,2,2,4,-18.05367,-70.242646,0,3,7,1,2,2,2,2,6543.555,2.0,4,4,1.0,14,33,1198.0,0.5563774842369664,77.00938809632027,69.10246351364754,8.476961866273152,914.8835608305218,27932.19700214133,2650.572,630.6729999999998,487.3610000000001,1532.5379999999998,1068.7019999999998,1581.87,40.31967439480987,2,1,0,1,0,25.0,25.0,25.0,1.0,0.0,1.0,1.0,1,0,0.0,0.0,1.0,0.0,1.0,0.0,0.0,1.0,0.0,1.0,17,3,2023,12,8,4,0,0,0,1,0,1,LEVE,0
6,1,1,0,4,3,-9.820680407562312,-77.72040312285344,0,4,0,0,7,2,2,0,6543.555,2.0,4,4,1.0,14,33,1198.0,0.320370473598236,63.38633433749752,33.099284300000285,5.815882548869442,449.0886734023532,1929.8993576017128,10767.648,1885.0630000000003,1222.721,7659.864000000001,2100.343,8667.305000000002,19.506051832303577,2,1,0,0,1,44.0,44.0,44.0,1.0,0.0,0.0,0.0,1,0,0.0,0.0,0.0,0.0,0.0,1.0,0.0,0.0,0.0,0.0,18,2,2022,11,10,3,0,0,0,1,0,1,LEVE,0
0,1,3,0,7,4,-15.97882,-73.174736,0,4,2,0,7,2,2,0,6543.555,2.0,4,4,1.0,14,33,1198.0,0.5183905111471736,82.843827832221,63.930606651402016,8.692387452544432,674.4214445160325,7967.207708779443,10322.272,1495.236,1749.739,7077.2970000000005,2886.595,7435.677000000001,27.964725207783708,5,1,0,1,3,26.0,26.0,26.0,1.0,0.0,0.0,0.0,1,0,0.0,1.0,0.0,0.0,0.0,0.0,1.0,0.0,1.0,0.0,10,1,2021,1,18,0,0,1,0,1,0,1,GRAVE_LESIONADOS,1
1,1,14,2,2,4,-12.06989176790404,-77.016826961116,0,0,7,1,2,2,2,0,6543.555,2.0,4,4,1.0,14,33,1198.0,0.7141594849782824,79.90829932185413,74.79179886803175,10.522504814235935,1482.4793645077043,156887.87152034265,7626.313,1683.4029999999998,1599.0829999999996,4343.827000000001,1814.875,5811.438000000001,23.797541485643197,2,1,1,1,0,37.0,33.0,40.0,0.0,0.0,0.0,0.0,1,1,1.0,0.0,0.0,0.0,0.0,0.0,0.0,0.0,0.0,1.0,23,2,2025,2,4,1,0,0,0,1,0,1,LEVE,0
0,0,14,2,2,4,-12.033012461127711,-76.93837525187416,0,3,1,1,2,2,2,2,6543.555,2.0,4,4,1.0,14,33,1198.0,0.6868549636939637,79.62363164345142,76.30894566128948,9.209137883551294,1425.4498631666322,684921.8484148846,7626.313,1683.4029999999998,1599.0829999999996,4343.827000000001,1814.875,5811.438000000001,23.797541485643197,2,1,0,1,0,31.0,31.0,31.0,1.0,0.0,0.0,1.0,1,0,0.0,0.0,0.0,1.0,0.0,1.0,0.0,0.0,0.0,0.0,15,3,2021,7,22,3,0,1,0,1,0,1,LEVE,0
3,1,14,2,2,4,-12.05411824,-77.06161635,0,0,1,1,2,1,0,0,6543.555,2.0,4,4,1.0,14,33,1198.0,0.7646845961658533,80.23682119426338,77.96082737891015,12.014176158371615,1633.787715186093,250806.0877944326,7626.313,1683.4029999999998,1599.0829999999996,4343.827000000001,1814.875,5811.438000000001,23.797541485643197,2,2,0,0,0,40.0,33.0,47.0,1.0,0.0,0.0,0.0,2,0,0.0,0.0,0.0,1.0,1.0,1.0,0.0,0.0,1.0,0.0,3,0,2023,7,16,6,1,1,0,1,0,1,LEVE,0
3,2,19,0,4,1,-5.2430366,-80.63186833,0,4,7,1,2,2,2,2,6543.555,3.0,2,0,1.0,0,30,1475.0,0.5034350778485951,78.14388603810477,62.51585839041032,7.698619805954479,731.8176685454189,76220.84796573877,8965.846000060003,1782.4120000599992,636.9959999999999,6546.438000000004,2214.505000059999,6751.341000000004,24.699342371541725,2,2,0,0,0,33.5,29.0,38.0,1.0,1.0,0.0,1.0,2,0,0.0,1.0,0.0,1.0,1.0,0.0,1.0,0.0,1.0,1.0,15,3,2024,2,5,0,0,0,0,1,1,1,LEVE,0
3,0,14,2,4,1,-12.289421067505211,-76.86866818905403,0,2,7,1,2,2,2,0,6639.975,2.0,2,0,1.0,9,31,1616.0,0.6909236767275176,78.41626133969348,70.97436336767564,9.826485374940413,1476.8351947609171,95908.53319057816,7626.313,1683.4029999999998,1599.0829999999996,4343.827000000001,1814.875,5811.438000000001,23.797541485643197,2,2,0,0,0,50.5,42.0,59.0,1.0,1.0,0.0,1.0,2,0,0.0,1.0,1.0,0.0,0.0,0.0,1.0,0.0,0.0,0.0,20,2,2022,1,21,4,0,1,0,1,0,1,LEVE,0
6,1,8,0,4,2,-12.556023,-75.205258,0,4,0,0,1,2,2,0,6543.555,2.0,4,4,1.0,14,33,1198.0,0.2262367303746667,61.59940068530968,51.2433098506205,5.667938018019632,160.24759042555286,2079.06852248394,8511.426,1445.3929999999996,2008.516,5057.516999999999,1879.579,6631.846999999998,22.08300935706896,1,1,0,0,0,37.0,33.0,40.0,1.0,1.0,0.0,0.0,1,0,0.0,0.0,0.0,1.0,0.0,1.0,0.0,0.0,0.0,0.0,15,3,2022,12,5,0,0,0,2,1,0,1,LEVE,0
6,1,14,0,4,1,-10.464184170789936,-77.07241705154529,0,4,7,0,2,2,2,0,1031.172,-1.0,1,0,0.0,9,32,405.0,0.4949123837036472,70.52606170870753,58.33584127222091,7.612228999147184,840.9315080718011,1680.4111349036402,7626.313,1683.4029999999998,1599.0829999999996,4343.827000000001,1814.875,5811.438000000001,23.797541485643197,4,1,0,0,3,25.0,25.0,25.0,1.0,1.0,0.0,0.0,1,0,0.0,0.0,0.0,1.0,0.0,1.0,0.0,0.0,0.0,0.0,7,1,2022,6,19,6,1,1,0,1,0,1,GRAVE_MORTALIDAD,2
10,1,20,2,4,0,-14.914580639878285,-70.19187030205345,0,1,7,1,2,2,2,2,6543.555,2.0,4,4,1.0,14,33,1198.0,0.4384088880022875,66.28408395269946,71.45267205250292,8.282733608109961,563.5418969725097,28239.627408993576,13642.312999999998,2020.7790000000005,2354.117,9267.416999999998,3314.0520000000006,10328.260999999997,24.29244952817019,1,1,0,0,0,26.0,26.0,26.0,1.0,0.0,0.0,0.0,1,0,0.0,0.0,0.0,1.0,1.0,0.0,0.0,1.0,1.0,1.0,1,0,2022,7,31,6,1,1,2,1,0,1,LEVE,0
6,1,12,0,4,1,-7.279487574361421,-79.30900776967442,0,4,7,1,1,2,2,2,887.28,2.0,2,0,1.0,8,17,155.0,0.5885704819472196,78.81449187577415,72.29060549742594,8.763210867480462,976.1586325354776,48424.389721627405,8931.828000000005,1335.5899999999997,1935.9830000000004,5660.255000000005,1219.309,7712.519000000005,13.651281686122925,3,1,0,0,2,64.0,64.0,64.0,1.0,1.0,0.0,0.0,1,0,0.0,0.0,0.0,1.0,0.0,1.0,0.0,0.0,0.0,0.0,13,3,2023,5,2,1,0,0,0,1,0,1,GRAVE_MORTALIDAD,2
6,1,12,2,2,4,-8.0407378749289,-79.05935194068593,0,0,7,1,2,2,2,2,6543.555,2.0,4,4,1.0,14,33,1198.0,0.583006771156836,78.2441938961209,62.24037484511178,8.807312392374042,1028.2282118265089,76607.295503212,8931.828000000005,1335.5899999999997,1935.9830000000004,5660.255000000005,1219.309,7712.519000000005,13.651281686122925,2,1,0,0,1,20.0,20.0,20.0,1.0,1.0,0.0,0.0,1,0,0.0,0.0,0.0,1.0,1.0,0.0,0.0,1.0,0.0,0.0,3,0,2024,5,21,1,0,1,0,1,0,1,LEVE,0
6,1,11,0,4,1,-11.33568,-74.52846,6,5,6,2,6,2,2,0,1337.175,1.0,1,3,0.0,9,32,315.0,0.3570817332180048,73.74932476832508,43.805659202757695,6.484925788605561,398.3541927461293,66993.35796966725,12264.545,1826.4639999999995,1105.5389999999998,9332.542,1588.5359999999996,10676.009,12.952261987705208,1,1,0,0,0,72.0,72.0,72.0,1.0,0.0,0.0,0.0,1,0,0.0,0.0,0.0,1.0,0.0,0.0,1.0,1.0,0.0,1.0,5,0,2021,5,5,2,0,0,2,1,0,1,LEVE,0
3,1,14,2,3,4,-12.168540346217902,-76.97067254025909,0,3,7,1,2,2,2,0,6543.555,2.0,4,4,1.0,14,33,1198.0,0.7289998534947872,80.50926319493618,76.9124822838204,10.358587270463827,1551.106643515347,384728.5117773019,7626.313,1683.4029999999998,1599.0829999999996,4343.827000000001,1814.875,5811.438000000001,23.797541485643197,2,2,0,0,0,42.0,28.0,56.0,1.0,0.0,0.0,0.0,2,0,0.0,0.0,0.0,1.0,1.0,0.0,0.0,0.0,1.0,1.0,4,0,2024,2,1,3,0,0,0,1,0,1,LEVE,0
1,0,20,0,4,0,-15.174420260186656,-69.85716288307462,0,4,7,1,2,2,2,0,6543.555,2.0,4,4,1.0,14,33,1198.0,0.4032210196156518,69.57344393979501,70.66462432904875,7.051546041958483,460.5210312161111,14743.678800856533,13642.312999999998,2020.7790000000005,2354.117,9267.416999999998,3314.0520000000006,10328.260999999997,24.29244952817019,2,1,1,1,0,37.0,33.0,40.0,0.0,0.0,0.0,0.0,1,1,1.0,0.0,0.0,0.0,0.0,0.0,0.0,0.0,0.0,1.0,16,3,2022,6,10,4,0,0,2,1,0,1,LEVE,0
2,0,10,0,4,1,-13.417491,-76.189702,0,4,7,1,2,2,2,0,205.54999999999995,-1.0,2,0,1.0,13,31,15.0,0.5935454717688132,79.82270610044196,65.40471106456853,9.554430232416086,978.9182940808604,5314.299785867237,3721.461,698.1859999999996,744.866,2278.409,1102.9029999999996,2618.558,29.636290693359403,2,1,0,0,1,32.0,32.0,32.0,1.0,0.0,0.0,0.0,1,0,0.0,1.0,0.0,0.0,0.0,0.0,1.0,0.0,0.0,0.0,23,2,2022,8,25,3,0,1,0,1,0,1,LEVE,0
3,1,19,2,2,4,-5.17956956966073,-80.6778761225774,0,4,1,1,2,2,2,2,6543.555,2.0,4,4,1.0,14,33,1198.0,0.5997462042553465,78.40793944726823,72.26811532412637,9.714064362322326,976.3169831713308,183875.0,8965.846000060003,1782.4120000599992,636.9959999999999,6546.438000000004,2214.505000059999,6751.341000000004,24.699342371541725,2,2,0,0,0,53.5,45.0,62.0,1.0,0.0,0.0,1.0,2,0,0.0,0.0,1.0,0.0,0.0,0.0,1.0,0.0,1.0,0.0,11,1,2023,11,28,1,0,1,0,1,0,1,LEVE,0
6,1,5,0,4,2,-7.07082,-78.782245,5,4,0,1,7,2,2,0,6543.555,2.0,4,4,1.0,14,33,1198.0,0.3334181514351879,65.70103407075928,46.92785453731552,5.377079435778443,426.7373479842607,11921.895074946468,15935.565011852366,1733.9250000199986,935.692,13265.948011832368,2000.1670000199988,13935.398011832369,12.551591352627522,5,1,0,0,4,46.0,46.0,46.0,1.0,0.0,0.0,0.0,1,0,0.0,0.0,0.0,1.0,0.0,1.0,0.0,0.0,0.0,0.0,18,2,2022,3,13,6,1,0,2,1,0,1,GRAVE_LESIONADOS,1
5,1,6,2,2,4,-12.061247755256444,-77.13397775567661,0,0,7,1,2,2,2,2,6543.555,2.0,4,4,1.0,14,33,1198.0,0.5563774842369664,77.00938809632027,69.10246351364754,8.476961866273152,914.8835608305218,27932.19700214133,51.58600000000001,44.68700000000001,6.899000000000001,0.0,49.838000000000015,1.748,96.61148373589734,2,2,1,0,0,72.0,72.0,72.0,1.0,0.0,0.0,0.0,2,0,0.0,0.0,1.0,1.0,0.0,0.0,1.0,0.0,0.0,1.0,17,3,2022,2,5,5,1,0,2,1,0,0,LEVE,0
0,1,14,2,2,4,-12.0296231,-76.9279576,6,5,6,2,6,2,2,0,6543.555,2.0,4,4,1.0,14,33,1198.0,0.6868549636939637,79.62363164345142,76.30894566128948,9.209137883551294,1425.4498631666322,684921.8484148846,7626.313,1683.4029999999998,1599.0829999999996,4343.827000000001,1814.875,5811.438000000001,23.797541485643197,3,2,0,1,0,37.0,33.0,40.0,1.0,1.0,0.0,0.0,2,0,0.0,0.0,1.0,1.0,0.0,0.0,1.0,1.0,1.0,1.0,14,3,2022,4,10,6,1,0,0,1,0,1,LEVE,0
6,1,9,0,4,2,-9.899559,-76.434697,0,4,0,0,7,2,2,0,6543.555,2.0,4,4,1.0,14,33,1198.0,0.5563774842369664,77.00938809632027,69.10246351364754,8.476961866273152,914.8835608305218,27932.19700214133,8209.057,1333.4779999999996,791.9770000000001,6083.602,1059.8589999999997,7149.198,12.910849565303296,1,1,0,0,0,43.0,43.0,43.0,1.0,1.0,0.0,0.0,1,0,0.0,0.0,1.0,0.0,1.0,0.0,0.0,1.0,1.0,1.0,18,2,2021,7,4,6,1,0,2,1,0,1,LEVE,0
3,2,10,2,4,1,-14.087787,-75.718012,0,3,7,1,2,2,2,2,583.2950000000001,1.0,1,3,0.0,9,32,248.0,0.6637216310803388,79.6446050662278,81.37671161983333,11.724811319582514,1084.329233867723,142450.24411134905,3721.461,698.1859999999996,744.866,2278.409,1102.9029999999996,2618.558,29.636290693359403,2,2,0,0,0,52.0,35.0,69.0,1.0,0.0,1.0,1.0,2,0,0.0,0.0,0.0,1.0,1.0,1.0,0.0,0.0,1.0,1.0,6,1,2024,5,11,5,1,0,0,1,0,1,LEVE,0
0,1,14,2,2,4,-12.0436,-76.971412,0,2,7,1,2,2,2,2,6543.555,2.0,4,4,1.0,14,33,1198.0,0.7347309224519117,80.70014842215761,76.47981423089655,10.519505095866096,1571.8150981252256,229834.5310492505,7626.313,1683.4029999999998,1599.0829999999996,4343.827000000001,1814.875,5811.438000000001,23.797541485643197,2,1,0,1,0,35.0,35.0,35.0,1.0,0.0,0.0,0.0,1,0,0.0,0.0,0.0,1.0,0.0,0.0,1.0,0.0,0.0,0.0,6,1,2021,1,14,3,0,0,0,1,0,1,LEVE,0
10,1,5,2,4,1,-7.226389,-78.838611,0,4,7,0,4,2,2,0,748.6850000000001,2.0,2,0,0.0,9,32,215.0,0.5294503947944683,73.66048171208529,56.60597586491464,7.944989159323205,946.4231812258148,2245.513918629551,15935.565011852366,1733.9250000199986,935.692,13265.948011832368,2000.1670000199988,13935.398011832369,12.551591352627522,1,1,0,0,0,59.0,59.0,59.0,1.0,0.0,0.0,0.0,1,0,0.0,0.0,0.0,1.0,1.0,0.0,0.0,1.0,1.0,1.0,8,1,2022,6,21,1,0,1,2,1,0,1,LEVE,0
3,2,13,0,4,1,-6.6899555,-79.4646875,0,4,7,1,2,2,2,0,919.085,2.0,2,3,0.0,9,7,218.0,0.5503029539517347,79.99127591066559,68.1090917289538,7.641427786921865,881.7633092588721,18003.3426124197,3459.691,515.0619999999999,689.7280000000001,2254.901,703.3549999999999,2756.336,20.329994788551925,6,2,0,0,4,48.0,33.0,63.0,1.0,1.0,0.0,0.0,2,0,0.0,1.0,0.0,1.0,1.0,0.0,1.0,1.0,1.0,1.0,0,0,2022,10,10,0,0,0,0,1,0,1,GRAVE_LESIONADOS,1
0,1,14,2,2,4,-12.034875774066672,-76.99799126421185,0,0,1,1,2,1,1,0,6543.555,2.0,4,4,1.0,14,33,1198.0,0.6970617810314195,81.40501156526744,73.5715154770137,9.635174408411393,1428.892506292977,203379.9271948608,7626.313,1683.4029999999998,1599.0829999999996,4343.827000000001,1814.875,5811.438000000001,23.797541485643197,2,1,0,1,0,40.0,40.0,40.0,1.0,0.0,0.0,0.0,1,0,0.0,0.0,0.0,1.0,0.0,1.0,0.0,0.0,0.0,0.0,23,2,2025,3,17,0,0,1,0,1,0,1,LEVE,0
6,1,14,0,4,0,-11.3315901,-76.859675,0,4,0,0,4,2,2,0,6543.555,2.0,4,4,1.0,14,33,1198.0,0.5223306587904181,80.65108423706062,61.98260235939393,8.693711667135178,725.4207091901505,775.5096359743038,7626.313,1683.4029999999998,1599.0829999999996,4343.827000000001,1814.875,5811.438000000001,23.797541485643197,2,1,0,0,1,51.0,51.0,51.0,1.0,0.0,0.0,0.0,1,0,0.0,0.0,0.0,1.0,0.0,1.0,0.0,0.0,0.0,0.0,16,3,2025,3,26,2,0,1,0,1,0,1,LEVE,0
6,1,20,0,4,0,-14.52117600799157,-69.69357207870516,0,4,0,1,2,2,2,5,6543.555,2.0,4,4,1.0,14,33,1198.0,0.6184115616858871,61.62211917452258,75.07837960512437,8.232900973487418,1672.724317350423,26325.70877944325,13642.312999999998,2020.7790000000005,2354.117,9267.416999999998,3314.0520000000006,10328.260999999997,24.29244952817019,12,1,0,0,11,34.0,34.0,34.0,1.0,0.0,0.0,0.0,1,0,0.0,0.0,0.0,0.0,0.0,0.0,1.0,0.0,1.0,0.0,11,1,2022,1,21,4,0,1,2,1,0,1,GRAVE_MORTALIDAD,2
4,1,5,2,6,4,-6.69322524739075,-78.5324613771701,7,3,1,0,4,2,2,4,6543.555,2.0,4,4,1.0,14,33,1198.0,0.3484871558022944,76.33677469666252,53.28672218475212,4.131981838863427,447.1658531581213,76209.5845824411,15935.565011852366,1733.9250000199986,935.692,13265.948011832368,2000.1670000199988,13935.398011832369,12.551591352627522,2,1,0,0,1,21.0,21.0,21.0,1.0,0.0,0.0,0.0,1,0,0.0,1.0,0.0,0.0,1.0,0.0,0.0,0.0,0.0,0.0,10,1,2022,12,3,5,1,0,2,1,0,1,LEVE,0
6,1,14,2,4,1,-12.152397,-76.983898,0,0,7,1,2,1,0,6,6639.975,2.0,2,0,1.0,9,31,1616.0,0.8017574897902351,80.48487267736287,78.74302427848284,13.156716040468266,1766.1488062170545,359776.608137045,7626.313,1683.4029999999998,1599.0829999999996,4343.827000000001,1814.875,5811.438000000001,23.797541485643197,6,1,0,0,5,31.0,31.0,31.0,1.0,0.0,0.0,0.0,1,0,0.0,0.0,0.0,1.0,0.0,1.0,0.0,0.0,0.0,0.0,2,0,2023,1,21,5,1,1,0,1,0,1,GRAVE_LESIONADOS,1
4,1,10,0,4,3,-13.483962,-76.033743,0,4,7,1,7,2,2,2,6543.555,2.0,4,4,1.0,14,33,1198.0,0.533712318797331,79.3365989923595,61.56804543976482,8.261681946790427,816.7917863887187,13863.817987152031,3721.461,698.1859999999996,744.866,2278.409,1102.9029999999996,2618.558,29.636290693359403,1,1,0,0,0,30.0,30.0,30.0,1.0,0.0,0.0,0.0,1,0,0.0,0.0,0.0,1.0,1.0,0.0,0.0,0.0,1.0,0.0,23,2,2022,5,26,3,0,1,0,1,0,1,LEVE,0
10,1,14,2,2,4,-11.982914,-76.993324,0,3,7,1,2,1,1,2,6543.555,2.0,4,4,1.0,14,33,1198.0,0.701053025277506,79.62867561460851,73.1469484600971,10.064317505194426,1464.6926161541437,1150285.0494171206,7626.313,1683.4029999999998,1599.0829999999996,4343.827000000001,1814.875,5811.438000000001,23.797541485643197,2,2,0,0,0,57.0,57.0,57.0,1.0,1.0,0.0,0.0,2,0,0.0,1.0,0.0,1.0,1.0,0.0,1.0,0.0,1.0,0.0,17,3,2021,12,1,2,0,0,0,1,0,1,LEVE,0
0,1,10,2,2,4,-13.717065319977856,-76.20600608829045,0,0,7,1,2,2,2,2,6543.555,2.0,4,4,1.0,14,33,1198.0,0.5876128251369682,76.40783657687089,72.44948426378424,10.42636694091524,914.8835608305218,58924.95503211991,3721.461,698.1859999999996,744.866,2278.409,1102.9029999999996,2618.558,29.636290693359403,2,1,0,1,0,26.0,26.0,26.0,1.0,0.0,1.0,1.0,1,0,0.0,0.0,0.0,1.0,1.0,0.0,0.0,1.0,1.0,1.0,14,3,2022,8,6,5,1,0,0,1,0,1,LEVE,0
0,1,11,0,4,1,-11.182071,-75.975263,0,4,7,1,2,0,1,0,9936.932,2.0,2,0,1.0,9,32,3830.0,0.4881320822942266,69.77252062725891,66.90155244891845,8.731602231618444,707.3229618967232,6833.000000000002,12264.545,1826.4639999999995,1105.5389999999998,9332.542,1588.5359999999996,10676.009,12.952261987705208,2,1,0,1,0,28.0,28.0,28.0,1.0,0.0,0.0,0.0,1,0,0.0,1.0,0.0,0.0,0.0,0.0,1.0,0.0,0.0,0.0,16,3,2023,12,16,5,1,1,2,1,0,1,LEVE,0
6,1,14,0,4,1,-10.539394113562087,-76.9222783487711,0,4,0,1,1,2,2,2,1031.172,-1.0,1,0,0.0,9,32,405.0,0.4949123837036472,70.52606170870753,58.33584127222091,7.612228999147184,840.9315080718011,1680.4111349036402,7626.313,1683.4029999999998,1599.0829999999996,4343.827000000001,1814.875,5811.438000000001,23.797541485643197,3,1,0,0,2,21.0,21.0,21.0,1.0,0.0,0.0,0.0,1,0,0.0,0.0,0.0,1.0,0.0,0.0,1.0,0.0,0.0,0.0,2,0,2022,9,28,2,0,1,0,1,0,1,GRAVE_MORTALIDAD,2
6,1,12,0,4,2,-7.345671,-79.52181,0,4,7,1,1,2,2,2,6543.555,2.0,4,4,1.0,14,33,1198.0,0.5536071806269429,80.66289122606678,53.80834710479373,7.403597509184111,1013.3481693819356,4003.1884368308342,8931.828000000005,1335.5899999999997,1935.9830000000004,5660.255000000005,1219.309,7712.519000000005,13.651281686122925,1,1,0,0,0,32.0,32.0,32.0,1.0,1.0,0.0,0.0,1,0,0.0,0.0,0.0,1.0,1.0,0.0,0.0,1.0,0.0,0.0,12,3,2023,10,25,2,0,1,0,1,0,1,LEVE,0
3,1,20,0,4,1,-15.1201561,-69.5422729,5,4,7,1,2,2,2,2,573.9449999999999,-1.0,1,0,0.0,9,32,128.0,0.2364715545850459,70.80113252262655,69.38498084505231,4.775584543785275,146.98348147582652,6569.51391862955,13642.312999999998,2020.7790000000005,2354.117,9267.416999999998,3314.0520000000006,10328.260999999997,24.29244952817019,2,2,0,0,0,63.0,48.0,78.0,1.0,0.0,0.0,0.0,2,0,0.0,0.0,0.0,1.0,0.0,0.0,1.0,0.0,1.0,0.0,4,0,2021,4,25,6,1,1,2,1,0,1,LEVE,0
3,2,19,2,4,1,-5.211506667,-80.62212667,0,4,1,1,2,0,1,0,1305.18,2.0,2,0,1.0,1,20,163.0,0.6220812987247925,80.20155828147696,72.71675503872983,10.02377668600292,1028.915688621886,159840.92719486082,8965.846000060003,1782.4120000599992,636.9959999999999,6546.438000000004,2214.505000059999,6751.341000000004,24.699342371541725,2,2,0,0,0,39.0,27.0,51.0,1.0,0.0,0.0,0.0,2,0,0.0,0.0,0.0,1.0,1.0,0.0,1.0,1.0,0.0,0.0,22,2,2021,6,28,0,0,1,0,1,0,1,LEVE,0
3,2,10,0,4,1,-13.805843718923224,-76.1534953254719,0,4,1,1,2,2,2,0,6639.975,2.0,2,0,1.0,9,31,1616.0,0.6292184793170688,75.99906028374495,67.79982853272203,9.796858559039824,1204.177835421263,8492.554603854389,3721.461,698.1859999999996,744.866,2278.409,1102.9029999999996,2618.558,29.636290693359403,6,2,0,0,4,45.5,36.0,55.0,1.0,0.0,0.0,1.0,2,0,0.0,1.0,0.0,1.0,0.0,1.0,1.0,0.0,0.0,0.0,21,2,2022,12,28,2,0,1,0,1,0,1,GRAVE_MORTALIDAD,2
3,0,14,2,4,0,-12.082043065605744,-76.92834014416228,0,3,1,1,2,2,2,0,6543.555,2.0,4,4,1.0,14,33,1198.0,0.8452166148253858,80.64766902313956,78.16154022078278,14.700269515657656,1939.4672090018812,160839.29764453962,7626.313,1683.4029999999998,1599.0829999999996,4343.827000000001,1814.875,5811.438000000001,23.797541485643197,2,2,0,0,0,35.5,21.0,50.0,1.0,1.0,0.0,1.0,2,0,0.0,1.0,0.0,1.0,1.0,0.0,1.0,0.0,0.0,0.0,19,2,2022,2,19,5,1,1,0,1,0,1,LEVE,0