CLASE SINIESTRO,CANTIDAD DE VEHICULOS DAÑADOS,DEPARTAMENTO,ZONA,TIPO DE VÍA,RED VIAL,COORDENADAS LATITUD,COORDENADAS  LONGITUD,CONDICIÓN CLIMÁTICA,ZONIFICACIÓN,CARACTERÍSTICAS DE VÍA,PERFIL LONGITUDINAL VÍA,SUPERFICIE DE CALZADA,¿EXISTE SEÑAL VERTICAL?,¿EXISTE SEÑAL HORIZONTAL?,CAUSA FACTOR PRINCIPAL,MTC_RVN_LONGITUD_KM,MTC_RVN_N_CARRILES_MEDIANA,MTC_RVN_SUPERFICIE_DOMINANTE,MTC_RVN_ESTADO_DOMINANTE,MTC_RVN_ES_CONCESIONADA,MTC_RVN_CONCESION_PRINCIPAL,MTC_RVN_CORREDOR_LOGISTICO,MTC_RVN_N_TRAMOS,IDH_2019,IDH_ESP_VIDA_2019,IDH_EDUC_SECUND_PCT_2019,IDH_ANIOS_EDUC_2019,IDH_INGRESO_PERCAP_2019,IDH_POBLACION_2019,MTC_DEP_RED_TOTAL_KM,MTC_DEP_NACIONAL_TOTAL_KM,MTC_DEP_DEPARTAMENTAL_TOTAL_KM,MTC_DEP_VECINAL_TOTAL_KM,MTC_DEP_PAV_TOTAL_KM,MTC_DEP_NO_PAV_TOTAL_KM,MTC_DEP_PCT_PAVIMENTADA,PER_TOTAL_PERSONAS,PER_N_CONDUCTORES,PER_N_CONDUCTORES_FUGADOS,PER_N_PEATONES,PER_N_PASAJEROS_OCUPANTES,PER_EDAD_COND_PROM,PER_EDAD_COND_MIN,PER_EDAD_COND_MAX,PER_ANY_COND_MASCULINO,PER_ANY_LIC_PROBLEMA,PER_ANY_DOSAJE_POS,PER_ANY_DOSAJE_EVALUADO,VEH_TOTAL,VEH_N_FUGADOS,VEH_ANY_FUGADO,VEH_ANY_CARGA,VEH_ANY_PUBLICO,VEH_ANY_PARTICULAR,VEH_ANY_MOTO,VEH_ANY_AUTO,VEH_ANY_CAMION_BUS,VEH_ANY_SOAT_PROBLEMA,VEH_ANY_CITV_PROBLEMA,VEH_ANY_SEGURO_PROBLEMA,HORA_NUM,FRANJA_HORARIA,ANIO,MES,DIA_MES,DIA_SEMANA,ES_FIN_SEMANA,ES_QUINCENA,REGION_NATURAL,TIENE_SEÑALIZACION,ES_VIA_MULTICARRIL,ES_DEPTO_BAJO_PAVIMENTO,CATEGORIA_SEVERIDAD,CATEGORIA_SEVERIDAD_ENC
3,1,14,2,2,4,-11.97705171,-77.06361958,0,0,7,1,2,2,2,0,6543.555,2.0,4,4,1.0,14,33,1198.0,0.758462599563312,80.5192231989937,79.20045639149897,11.33839041452458,1628.5661148492152,363987.54389721627,7626.313,1683.4029999999998,1599.0829999999996,4343.827000000001,1814.875,5811.438000000001,23.797541485643197,4,2,0,2,0,47.5,31.0,64.0,1.0,1.0,0.0,0.0,2,0,0.0,1.0,0.0,1.0,0.0,1.0,1.0,0.0,0.0,0.0,16,3,2023,12,27,2,0,1,0,1,0,1,LEVE,0
6,1,7,0,4,3,-14.12253511866947,-71.4743294606795,0,4,7,1,2,2,2,2,6543.555,2.0,4,4,1.0,14,33,1198.0,0.2362499849365727,56.84947393215996,62.32780725650673,5.743110713119207,182.18550475203295,1790.2997858672377,17779.13499998999,2097.3709999899997,2863.123,12818.640999999989,2878.713,14900.421999989989,16.19152450331032,2,1,0,0,1,50.0,50.0,50.0,1.0,0.0,0.0,1.0,1,0,0.0,0.0,0.0,1.0,1.0,0.0,0.0,1.0,1.0,1.0,19,2,2022,3,13,6,1,0,2,1,0,1,LEVE,0
0,0,22,2,4,2,-17.97841,-70.2373,0,3,7,1,2,2,2,4,6543.555,2.0,4,4,1.0,14,33,1198.0,0.5247346827766403,77.18848313096647,75.55178983417426,9.056869377972824,693.9613625714486,37523.97002141328,2650.572,630.6729999999998,487.3610000000001,1532.5379999999998,1068.7019999999998,1581.87,40.31967439480987,2,1,0,1,0,67.0,67.0,67.0,1.0,0.0,0.0,1.0,1,0,0.0,0.0,0.0,0.0,0.0,0.0,1.0,0.0,1.0,0.0,0,0,2023,9,25,0,0,1,0,1,0,1,LEVE,0
10,1,7,0,3,4,-14.785918481541,-71.413439598388,0,4,7,1,2,2,2,2,6543.555,2.0,4,4,1.0,14,33,1198.0,0.553052655456334,69.21726434550523,74.04128761826507,8.709280027519238,977.6848841665504,33976.192719486084,17779.13499998999,2097.3709999899997,2863.123,12818.640999999989,2878.713,14900.421999989989,16.19152450331032,1,1,0,0,0,19.0,19.0,19.0,1.0,1.0,0.0,0.0,1,0,0.0,0.0,0.0,1.0,1.0,0.0,0.0,1.0,1.0,0.0,4,0,2024,5,2,3,0,0,2,1,0,1,LEVE,0
6,1,19,2,4,1,-5.103051878962269,-81.06725659719011,0,2,7,1,2,2,2,6,245.29,2.0,2,0,1.0,1,20,18.0,0.5697476996509985,79.43113978237243,63.65426474340983,8.424646867174598,957.1839078119212,99196.84582441112,8965.846000060003,1782.4120000599992,636.9959999999999,6546.438000000004,2214.505000059999,6751.341000000004,24.699342371541725,3,1,0,0,2,30.0,30.0,30.0,1.0,0.0,1.0,1.0,1,0,0.0,0.0,0.0,1.0,0.0,0.0,1.0,0.0,0.0,0.0,9,1,2021,1,30,5,1,1,0,1,0,1,GRAVE_MORTALIDAD,2
3,1,11,0,4,1,-11.80231,-75.53106,5,4,7,1,2,0,1,2,7586.903,2.0,2,0,1.0,9,5,1198.0,0.4766174142212529,69.18958836027122,73.16893608420531,7.974870050709661,677.4285416246566,918.3832976445397,12264.545,1826.4639999999995,1105.5389999999998,9332.542,1588.5359999999996,10676.009,12.952261987705208,6,2,0,0,4,39.5,38.0,41.0,1.0,0.0,0.0,1.0,2,0,0.0,0.0,0.0,1.0,0.0,1.0,0.0,0.0,0.0,0.0,21,2,2023,6,29,3,0,1,2,1,0,1,GRAVE_LESIONADOS,1
6,1,14,2,2,4,-11.93007133823279,-77.06953497903264,0,3,1,1,2,2,2,2,6543.555,2.0,4,4,1.0,14,33,1198.0,0.7218926988400113,80.0902077245261,77.9581888264889,10.971588327733102,1458.3206086290393,530000.3426124197,7626.313,1683.4029999999998,1599.0829999999996,4343.827000000001,1814.875,5811.438000000001,23.797541485643197,2,2,0,0,0,26.5,20.0,33.0,1.0,1.0,0.0,0.0,2,0,0.0,1.0,0.0,1.0,1.0,0.0,1.0,0.0,1.0,0.0,12,3,2024,3,18,0,0,1,0,1,0,1,LEVE,0
6,1,21,0,4,2,-6.93532,-76.7711,0,4,0,0,2,0,1,2,6543.555,2.0,4,4,1.0,14,33,1198.0,0.4405643812344348,75.18216151144992,45.98701858494916,6.60221113469699,674.0765426320277,11144.95289079229,5645.136,815.0759999999999,965.298,3864.762,1013.406,4631.73,17.95184385283189,1,1,0,0,0,25.0,25.0,25.0,1.0,0.0,1.0,1.0,1,0,0.0,0.0,0.0,1.0,1.0,0.0,0.0,1.0,1.0,1.0,1,0,2021,9,15,2,0,1,1,1,0,1,LEVE,0
1,1,14,2,4,1,-12.201209,-76.973922,0,2,7,1,2,2,2,0,6639.975,2.0,2,0,1.0,9,31,1616.0,0.7583553928164398,79.82595632107274,76.7651270103073,11.46351379457763,1662.7771470294065,333655.3618843683,7626.313,1683.4029999999998,1599.0829999999996,4343.827000000001,1814.875,5811.438000000001,23.797541485643197,2,1,1,1,0,37.0,33.0,40.0,0.0,0.0,0.0,0.0,1,1,1.0,0.0,0.0,0.0,0.0,0.0,0.0,0.0,0.0,1.0,21,2,2024,6,21,4,0,1,0,1,0,1,LEVE,0
3,1,14,2,2,4,-12.122383856206037,-77.00564673617936,0,3,7,1,2,2,2,0,6543.555,2.0,4,4,1.0,14,33,1198.0,0.8326399351216524,80.31446032722859,77.78409882620639,13.96507415980228,1925.7868972542449,87898.66595289079,7626.313,1683.4029999999998,1599.0829999999996,4343.827000000001,1814.875,5811.438000000001,23.797541485643197,2,2,1,0,0,37.0,33.0,40.0,1.0,0.0,0.0,0.0,2,1,1.0,0.0,0.0,1.0,0.0,0.0,0.0,0.0,0.0,1.0,20,2,2021,12,18,5,1,1,0,1,0,1,LEVE,0
3,1,3,2,4,1,-16.679576,-71.870924,0,2,7,1,2,1,1,0,6639.975,2.0,2,0,1.0,9,31,1616.0,0.6105481451420971,78.10653088113892,68.35418098658066,8.411557426919764,1158.5430895193692,35025.678800856535,10322.272,1495.236,1749.739,7077.2970000000005,2886.595,7435.677000000001,27.964725207783708,2,2,0,0,0,37.5,34.0,41.0,1.0,1.0,0.0,1.0,2,0,0.0,1.0,0.0,1.0,1.0,0.0,1.0,0.0,1.0,1.0,22,2,2025,2,6,3,0,0,0,1,0,1,LEVE,0
3,1,1,0,4,1,-9.438507,-78.355124,0,4,7,1,2,2,2,0,6543.555,3.0,2,0,1.0,0,30,1475.0,0.5873460606982213,78.04758132038613,65.8701248560095,8.596987164492063,1041.0659985770535,35482.29764453961,10767.648,1885.0630000000003,1222.721,7659.864000000001,2100.343,8667.305000000002,19.506051832303577,3,2,0,0,1,51.0,39.0,63.0,1.0,0.0,0.0,1.0,2,0,0.0,1.0,0.0,0.0,0.0,0.0,1.0,0.0,0.0,0.0,7,1,2022,8,16,1,0,1,0,1,1,1,LEVE,0
3,2,7,0,4,1,-12.804034,-72.683129,0,4,7,1,2,2,2,6,3447.8009999999995,1.0,2,3,0.0,9,12,1109.0,0.5803892132127203,77.20158157453214,80.09764322421019,9.63293466488124,868.3252877671093,30810.066381156317,17779.13499998999,2097.3709999899997,2863.123,12818.640999999989,2878.713,14900.421999989989,16.19152450331032,2,2,0,0,0,56.0,35.0,77.0,1.0,1.0,0.0,0.0,2,0,0.0,0.0,1.0,1.0,1.0,0.0,0.0,0.0,0.0,0.0,15,3,2021,5,15,5,1,1,2,1,0,1,LEVE,0
3,2,15,2,3,4,-3.727735,-73.247409,0,0,7,1,2,2,2,2,6543.555,2.0,4,4,1.0,14,33,1198.0,0.5706668125918415,75.09964516635742,53.96567614691405,10.363459721608116,996.7055119355156,86909.8886509636,1095.5949999999998,128.87099999999998,320.74700000000007,645.9769999999999,274.214,821.381,25.02877431897737,3,2,0,0,1,44.5,40.0,49.0,1.0,1.0,0.0,1.0,2,0,0.0,0.0,0.0,1.0,1.0,0.0,0.0,1.0,1.0,0.0,7,1,2021,4,1,3,0,0,1,1,0,1,LEVE,0
0,1,14,2,2,4,-12.11273705,-77.01369594,0,3,7,1,2,2,2,0,6543.555,2.0,4,4,1.0,14,33,1198.0,0.8171136689103559,80.21740365444107,79.57658595346267,12.295076294470428,1940.453431937829,88766.19486081369,7626.313,1683.4029999999998,1599.0829999999996,4343.827000000001,1814.875,5811.438000000001,23.797541485643197,2,1,0,1,0,34.0,34.0,34.0,1.0,0.0,0.0,0.0,1,0,0.0,0.0,0.0,1.0,1.0,0.0,0.0,0.0,1.0,0.0,0,0,2023,10,25,2,0,1,0,1,0,1,LEVE,0
6,1,12,0,4,1,-8.011219890425922,-78.31332347685066,0,4,7,1,2,2,2,2,9936.932,2.0,2,0,1.0,9,32,3830.0,0.4320883936567258,76.718936301794,43.003289188979466,6.269065613037991,662.0777072841523,13167.552462526766,8931.828000000005,1335.5899999999997,1935.9830000000004,5660.255000000005,1219.309,7712.519000000005,13.651281686122925,2,1,0,0,1,23.0,23.0,23.0,1.0,1.0,0.0,0.0,1,0,0.0,1.0,0.0,0.0,1.0,0.0,0.0,0.0,0.0,0.0,9,1,2024,6,6,3,0,0,0,1,0,1,LEVE,0
6,1,5,2,2,4,-6.363512,-79.032288,0,0,1,0,2,0,0,6,6543.555,2.0,4,4,1.0,14,33,1198.0,0.3760938309755452,69.43940702576674,52.729303682760495,5.691281340633524,500.7580677060702,7739.147751605997,15935.565011852366,1733.9250000199986,935.692,13265.948011832368,2000.1670000199988,13935.398011832369,12.551591352627522,1,1,0,0,0,26.0,26.0,26.0,1.0,0.0,0.0,1.0,1,0,0.0,0.0,1.0,0.0,1.0,0.0,0.0,1.0,1.0,1.0,6,1,2023,6,3,5,1,0,2,0,0,1,LEVE,0
0,1,20,0,4,2,-16.262537320401673,-69.09474538126041,0,4,7,1,2,2,2,4,6543.555,2.0,4,4,1.0,14,33,1198.0,0.4165447461855686,74.77127585660097,73.32833413464006,6.399479128468322,475.6850527085419,23516.528907922908,13642.312999999998,2020.7790000000005,2354.117,9267.416999999998,3314.0520000000006,10328.260999999997,24.29244952817019,3,1,0,1,1,17.0,17.0,17.0,1.0,0.0,0.0,0.0,1,0,0.0,0.0,0.0,1.0,1.0,0.0,0.0,1.0,1.0,1.0,20,2,2021,8,28,5,1,1,2,1,0,1,LEVE,0
3,2,14,0,4,1,-11.06219,-77.55213,0,4,7,1,2,1,0,2,198.315,2.0,2,0,0.0,9,1,55.0,0.644332113046051,78.61218205687396,70.04798203155518,8.919818005352203,1280.219555520582,36044.03426124197,7626.313,1683.4029999999998,1599.0829999999996,4343.827000000001,1814.875,5811.438000000001,23.797541485643197,4,2,0,0,2,42.5,39.0,46.0,1.0,0.0,0.0,1.0,2,0,0.0,0.0,0.0,1.0,1.0,0.0,1.0,0.0,1.0,1.0,21,2,2022,12,21,2,0,1,0,1,0,1,LEVE,0
10,1,8,0,4,0,-13.968207,-75.049075,0,4,5,0,7,2,2,5,6543.555,2.0,4,4,1.0,14,33,1198.0,0.506606879491172,65.00962574985657,43.19896341870764,7.248449384418683,1215.559779001508,1959.8565310492504,8511.426,1445.3929999999996,2008.516,5057.516999999999,1879.579,6631.846999999998,22.08300935706896,6,1,0,0,5,43.0,43.0,43.0,1.0,0.0,0.0,0.0,1,0,0.0,0.0,0.0,1.0,0.0,0.0,1.0,0.0,0.0,0.0,19,2,2021,1,23,5,1,1,2,1,0,1,GRAVE_MORTALIDAD,2
3,1,3,2,4,1,-16.499251,-71.832093,7,4,7,1,2,1,1,0,6639.975,2.0,2,0,1.0,9,31,1616.0,0.6105481451420971,78.10653088113892,68.35418098658066,8.411557426919764,1158.5430895193692,35025.678800856535,10322.272,1495.236,1749.739,7077.2970000000005,2886.595,7435.677000000001,27.964725207783708,2,2,0,0,0,48.0,44.0,52.0,1.0,0.0,1.0,1.0,2,0,0.0,0.0,1.0,1.0,1.0,0.0,1.0,0.0,0.0,1.0,10,1,2024,12,10,1,0,0,0,1,0,1,LEVE,0
3,2,13,0,4,3,-5.980961,-79.767612,7,4,2,1,7,2,2,2,6543.555,2.0,4,4,1.0,14,33,1198.0,0.4703091457296942,74.91176543888524,59.04522375211969,6.365443427676777,742.49897987499,44335.321199143465,3459.691,515.0619999999999,689.7280000000001,2254.901,703.3549999999999,2756.336,20.329994788551925,2,2,0,0,0,37.0,36.0,38.0,1.0,0.0,0.0,1.0,2,0,0.0,0.0,0.0,1.0,1.0,0.0,1.0,0.0,1.0,0.0,13,3,2022,3,4,4,0,0,0,1,0,1,LEVE,0
1,1,12,0,4,1,-7.364211367187465,-79.52776551923222,0,4,7,1,2,2,2,0,6543.555,3.0,2,0,1.0,0,30,1475.0,0.5536071806269429,80.66289122606678,53.80834710479373,7.403597509184111,1013.3481693819356,4003.1884368308342,8931.828000000005,1335.5899999999997,1935.9830000000004,5660.255000000005,1219.309,7712.519000000005,13.651281686122925,2,1,1,1,0,37.0,33.0,40.0,0.0,0.0,0.0,0.0,1,1,1.0,0.0,0.0,0.0,0.0,0.0,0.0,0.0,0.0,1.0,3,0,2022,2,22,1,0,1,0,1,1,1,LEVE,0
6,1,15,0,4,0,-4.1837554,-73.4745187,2,4,7,1,2,2,2,0,6543.555,2.0,4,4,1.0,14,33,1198.0,0.578134350962316,72.90307998335238,55.49705098903474,10.509480811415798,1057.596132242517,149460.57173447538,1095.5949999999998,128.87099999999998,320.74700000000007,645.9769999999999,274.214,821.381,25.02877431897737,5,1,0,0,4,38.0,38.0,38.0,1.0,0.0,1.0,1.0,1,0,0.0,0.0,0.0,1.0,0.0,1.0,0.0,0.0,1.0,0.0,13,3,2023,6,25,6,1,1,1,1,0,1,GRAVE_MORTALIDAD,2
6,1,12,0,4,1,-7.972887285785017,-78.64350609182706,0,4,0,1,2,2,2,3,610.6099999999999,2.0,2,0,1.0,8,29,100.0,0.3809823047796905,74.4473973089921,51.51705644975158,5.622573590650768,479.1502137748447,26695.141327623125,8931.828000000005,1335.5899999999997,1935.9830000000004,5660.255000000005,1219.309,7712.519000000005,13.651281686122925,6,1,0,0,5,41.0,41.0,41.0,1.0,0.0,0.0,0.0,1,0,0.0,0.0,0.0,1.0,0.0,0.0,1.0,1.0,1.0,1.0,2,0,2021,11,6,5,1,0,0,1,0,1,GRAVE_LESIONADOS,1
0,1,7,2,2,4,-13.532795166452072,-71.92240478907334,0,2,7,1,2,1,0,4,6543.555,2.0,4,4,1.0,14,33,1198.0,0.6806292796157144,77.51447806142957,82.6599812385644,11.044400293146794,1245.5372385926626,131240.7944325482,17779.13499998999,2097.3709999899997,2863.123,12818.640999999989,2878.713,14900.421999989989,16.19152450331032,2,1,0,1,0,35.0,35.0,35.0,1.0,0.0,0.0,1.0,1,0,0.0,0.0,0.0,1.0,0.0,1.0,0.0,0.0,1.0,0.0,5,0,2024,4,14,6,1,0,2,1,0,1,LEVE,0
6,1,19,0,4,2,-5.236725,-79.416748,0,4,0,0,7,2,2,0,6543.555,2.0,4,4,1.0,14,33,1198.0,0.341904333393324,65.35963059310035,62.21769324538303,5.350982713855533,406.3194918886913,29126.03426124197,8965.846000060003,1782.4120000599992,636.9959999999999,6546.438000000004,2214.505000059999,6751.341000000004,24.699342371541725,3,1,0,0,2,26.0,26.0,26.0,1.0,0.0,1.0,1.0,1,0,0.0,0.0,0.0,1.0,0.0,0.0,1.0,0.0,1.0,0.0,23,2,2022,1,9,6,1,0,0,1,0,1,LEVE,0
4,1,10,2,3,4,-13.726037,-76.183027,0,3,1,1,7,2,2,0,6543.555,2.0,4,4,1.0,14,33,1198.0,0.5257121437129864,76.7626302266846,64.42031918719958,9.628927869030145,731.590352640588,12641.751605995718,3721.461,698.1859999999996,744.866,2278.409,1102.9029999999996,2618.558,29.636290693359403,1,1,0,0,0,30.0,30.0,30.0,1.0,0.0,0.0,0.0,1,0,0.0,0.0,0.0,1.0,1.0,0.0,0.0,0.0,1.0,0.0,8,1,2024,3,24,6,1,1,0,1,0,1,LEVE,0
6,1,7,0,4,1,-12.816532,-72.691208,0,4,7,1,2,1,1,2,3447.8009999999995,1.0,2,3,0.0,9,12,1109.0,0.5803892132127203,77.20158157453214,80.09764322421019,9.63293466488124,868.3252877671093,30810.066381156317,17779.13499998999,2097.3709999899997,2863.123,12818.640999999989,2878.713,14900.421999989989,16.19152450331032,1,1,0,0,0,49.0,49.0,49.0,1.0,0.0,0.0,0.0,1,0,0.0,0.0,0.0,1.0,1.0,0.0,0.0,0.0,0.0,0.0,13,3,2023,5,14,6,1,0,2,1,0,1,LEVE,0
0,1,3,0,4,1,-17.221262,-71.649945,0,4,7,1,2,0,1,0,1926.94,2.0,2,0,1.0,9,32,393.0,0.6064020802559494,77.82737834960788,75.48658600973863,8.303531284530445,1096.758694527593,6370.241970021414,10322.272,1495.236,1749.739,7077.2970000000005,2886.595,7435.677000000001,27.964725207783708,2,1,0,1,0,36.0,36.0,36.0,1.0,0.0,0.0,0.0,1,0,0.0,0.0,0.0,1.0,0.0,1.0,0.0,0.0,0.0,0.0,19,2,2022,11,12,5,1,0,0,1,0,1,LEVE,0
6,1,20,0,4,0,-14.148810340797755,-69.66047357118119,5,4,0,0,7,2,2,2,6543.555,2.0,4,4,1.0,14,33,1198.0,0.3882952544729263,70.67773077984926,71.69675716764189,6.39276305266822,428.647318805626,4613.207708779443,13642.312999999998,2020.7790000000005,2354.117,9267.416999999998,3314.0520000000006,10328.260999999997,24.29244952817019,5,1,0,0,4,50.0,50.0,50.0,1.0,1.0,0.0,0.0,1,0,0.0,0.0,0.0,1.0,0.0,0.0,1.0,0.0,1.0,0.0,18,2,2021,8,28,5,1,1,2,1,0,1,GRAVE_MORTALIDAD,2
3,1,12,0,4,1,-8.541219465385137,-78.6757678961301,6,5,6,2,6,2,2,0,6543.555,3.0,2,0,1.0,0,30,1475.0,0.4971504606547645,77.79759708660042,46.44666297237219,6.322206801902116,929.9716106661404,44368.59100642397,8931.828000000005,1335.5899999999997,1935.9830000000004,5660.255000000005,1219.309,7712.519000000005,13.651281686122925,2,2,0,0,0,31.5,19.0,44.0,1.0,1.0,0.0,0.0,2,0,0.0,0.0,0.0,1.0,1.0,0.0,0.0,1.0,0.0,1.0,19,2,2024,12,12,3,0,0,0,1,1,1,LEVE,0
7,1,14,2,4,1,-12.26494543869256,-76.90744130881495,0,3,7,1,2,2,2,0,6639.975,2.0,2,0,1.0,9,31,1616.0,0.6909236767275176,78.41626133969348,70.97436336767564,9.826485374940413,1476.8351947609171,95908.53319057816,7626.313,1683.4029999999998,1599.0829999999996,4343.827000000001,1814.875,5811.438000000001,23.797541485643197,3,2,0,0,1,42.0,42.0,42.0,1.0,0.0,0.0,1.0,2,0,0.0,0.0,1.0,1.0,0.0,0.0,1.0,1.0,0.0,0.0,8,1,2021,10,14,3,0,0,0,1,0,1,LEVE,0
0,1,11,2,4,1,-11.981565965738762,-75.26283319727084,0,4,7,1,2,0,1,4,7586.903,2.0,2,0,1.0,9,5,1198.0,0.510310164202821,71.52440814978874,75.72388801715883,9.092332465948596,712.4612550145519,5266.717344753748,12264.545,1826.4639999999995,1105.5389999999998,9332.542,1588.5359999999996,10676.009,12.952261987705208,2,1,0,1,0,22.0,22.0,22.0,1.0,1.0,0.0,1.0,1,0,0.0,0.0,1.0,0.0,0.0,0.0,1.0,0.0,0.0,0.0,20,2,2023,2,24,4,0,1,2,1,0,1,LEVE,0
1,0,14,0,7,4,-12.036416235190408,-77.00151550062228,0,3,7,1,5,2,2,0,6543.555,2.0,4,4,1.0,14,33,1198.0,0.6970617810314195,81.40501156526744,73.5715154770137,9.635174408411393,1428.892506292977,203379.9271948608,7626.313,1683.4029999999998,1599.0829999999996,4343.827000000001,1814.875,5811.438000000001,23.797541485643197,2,1,0,1,0,63.0,63.0,63.0,1.0,1.0,0.0,0.0,1,0,0.0,0.0,0.0,0.0,0.0,0.0,0.0,0.0,0.0,1.0,7,1,2021,4,26,0,0,1,0,1,0,1,LEVE,0
6,1,12,0,4,1,-7.883144,-78.118494,0,4,7,1,2,2,2,2,9936.932,2.0,2,0,1.0,9,32,3830.0,0.3986882084754764,72.97869269132666,58.65435142755623,5.605762371496486,527.7120199980477,69564.29978586723,8931.828000000005,1335.5899999999997,1935.9830000000004,5660.255000000005,1219.309,7712.519000000005,13.651281686122925,5,1,0,2,2,34.0,34.0,34.0,1.0,0.0,0.0,0.0,1,0,0.0,1.0,0.0,0.0,0.0,0.0,1.0,0.0,1.0,0.0,17,3,2021,6,29,1,0,1,0,1,0,1,GRAVE_LESIONADOS,1
3,2,12,2,3,4,-8.0857789111,-78.9968245909,0,3,1,1,2,2,2,0,6543.555,2.0,4,4,1.0,14,33,1198.0,0.5628682280502054,79.35078533424159,59.07369130997599,7.880201475313533,999.8741857239928,209189.32119914345,8931.828000000005,1335.5899999999997,1935.9830000000004,5660.255000000005,1219.309,7712.519000000005,13.651281686122925,2,2,0,0,0,33.5,16.0,51.0,1.0,1.0,0.0,0.0,2,0,0.0,0.0,1.0,1.0,1.0,0.0,0.0,1.0,0.0,1.0,17,3,2024,12,3,1,0,0,0,1,0,1,GRAVE_MORTALIDAD,2
0,1,14,2,4,1,-11.11998170758802,-77.59402055291598,0,4,1,1,2,1,0,4,6543.555,3.0,2,0,1.0,0,30,1475.0,0.7327345537337897,78.20903814342847,76.31492653513806,13.642917835589472,1405.6698219039215,62016.21841541756,7626.313,1683.4029999999998,1599.0829999999996,4343.827000000001,1814.875,5811.438000000001,23.797541485643197,2,1,0,1,0,38.0,38.0,38.0,1.0,0.0,0.0,1.0,1,0,0.0,0.0,0.0,1.0,0.0,0.0,1.0,0.0,0.0,0.0,4,0,2021,7,18,6,1,1,0,1,1,1,LEVE,0
3,1,14,2,2,4,-12.078733495366762,-77.06605431945458,0,3,7,1,2,2,2,0,6543.555,2.0,4,4,1.0,14,33,1198.0,0.5563774842369664,77.00938809632027,69.10246351364754,8.476961866273152,914.8835608305218,27932.19700214133,7626.313,1683.4029999999998,1599.0829999999996,4343.827000000001,1814.875,5811.438000000001,23.797541485643197,3,3,0,0,0,44.0,36.0,52.0,1.0,0.0,0.0,0.0,3,0,0.0,0.0,0.0,1.0,1.0,1.0,0.0,0.0,0.0,0.0,13,3,2024,7,24,2,0,1,0,1,0,1,LEVE,0
0,1,14,2,4,1,-11.768235708143576,-77.16107079620207,0,0,7,1,2,2,2,0,114.25,2.0,2,0,1.0,12,32,15.0,0.6688889885290078,77.65971620762488,72.11797581870952,9.343568875150348,1392.9562465448405,54956.252676659526,7626.313,1683.4029999999998,1599.0829999999996,4343.827000000001,1814.875,5811.438000000001,23.797541485643197,2,1,0,1,0,19.0,19.0,19.0,1.0,1.0,0.0,0.0,1,0,0.0,0.0,1.0,0.0,1.0,0.0,0.0,1.0,1.0,1.0,19,2,2024,12,7,5,1,0,0,1,0,1,LEVE,0
1,1,20,0,4,1,-16.579315890548937,-69.23732047953027,0,4,7,1,2,2,2,0,1529.105,2.0,2,0,1.0,9,21,200.0,0.2394362064959017,73.4288503002124,62.51290199484375,6.018616845068367,132.27646614855612,17422.250535331903,13642.312999999998,2020.7790000000005,2354.117,9267.416999999998,3314.0520000000006,10328.260999999997,24.29244952817019,2,1,1,1,0,37.0,33.0,40.0,0.0,0.0,0.0,0.0,1,1,1.0,0.0,0.0,0.0,0.0,0.0,0.0,0.0,0.0,1.0,4,0,2021,8,14,5,1,0,2,1,0,1,LEVE,0
6,1,11,0,4,1,-10.9724482455096,-76.03874266751114,0,4,7,1,2,0,1,2,9936.932,2.0,2,0,1.0,9,32,3830.0,0.4515021227868664,71.4196998727447,62.336219650226376,7.581270728582125,617.1133018029116,6161.010706638115,12264.545,1826.4639999999995,1105.5389999999998,9332.542,1588.5359999999996,10676.009,12.952261987705208,4,1,0,0,3,34.0,34.0,34.0,1.0,0.0,0.0,0.0,1,0,0.0,0.0,0.0,1.0,0.0,1.0,0.0,0.0,0.0,0.0,0,0,2024,1,23,1,0,1,2,1,0,1,LEVE,0
3,1,7,0,4,1,-13.455667,-72.397139,0,0,0,1,2,2,2,2,7586.903,2.0,2,0,1.0,9,5,1198.0,0.3401816617977222,71.10991456121904,48.96986934460488,5.376243173322119,394.5611246991025,8685.158458244112,17779.13499998999,2097.3709999899997,2863.123,12818.640999999989,2878.713,14900.421999989989,16.19152450331032,6,2,0,0,4,27.5,25.0,30.0,1.0,0.0,0.0,0.0,2,0,0.0,0.0,0.0,1.0,0.0,1.0,0.0,0.0,1.0,0.0,8,1,2024,8,1,3,0,0,2,1,0,1,GRAVE_LESIONADOS,1
6,1,7,0,4,2,-14.190378,-71.345222,0,4,7,1,7,2,2,2,6543.555,2.0,4,4,1.0,14,33,1198.0,0.4107458749971457,72.1547719826022,75.11691677377222,6.84079438286104,455.9087564374382,2466.282655246253,17779.13499998999,2097.3709999899997,2863.123,12818.640999999989,2878.713,14900.421999989989,16.19152450331032,1,1,0,0,0,63.0,63.0,63.0,1.0,1.0,0.0,0.0,1,0,0.0,0.0,0.0,1.0,1.0,0.0,0.0,1.0,0.0,1.0,0,0,2023,6,11,6,1,0,2,1,0,1,LEVE,0
1,1,14,0,4,1,-11.390197134798148,-77.4275368674903,0,4,7,1,2,2,2,0,6543.555,3.0,2,0,1.0,0,30,1475.0,0.7327345537337897,78.20903814342847,76.31492653513806,13.642917835589472,1405.6698219039215,62016.21841541756,7626.313,1683.4029999999998,1599.0829999999996,4343.827000000001,1814.875,5811.438000000001,23.797541485643197,2,1,1,1,0,37.0,33.0,40.0,0.0,0.0,0.0,0.0,1,1,1.0,0.0,0.0,0.0,0.0,0.0,0.0,0.0,0.0,1.0,10,1,2023,12,17,6,1,1,0,1,1,1,LEVE,0
6,1,13,0,4,3,-6.826392,-79.936177,0,4,7,1,7,2,2,0,6543.555,2.0,4,4,1.0,14,33,1198.0,0.582874900209372,79.91553229957624,74.28629633563499,9.98490789682274,850.0456977651463,50544.90364025696,3459.691,515.0619999999999,689.7280000000001,2254.901,703.3549999999999,2756.336,20.329994788551925,1,1,0,0,0,32.0,32.0,32.0,1.0,0.0,0.0,0.0,1,0,0.0,0.0,0.0,1.0,0.0,1.0,0.0,0.0,1.0,0.0,22,2,2022,7,23,5,1,1,0,1,0,1,LEVE,0
3,2,20,0,4,1,-15.6534716,-70.6776218,0,4,7,1,2,2,2,2,1504.4250000000002,2.0,2,0,1.0,7,25,241.0,0.4698599762559323,78.4228993312338,68.12786536644234,6.991927650318564,610.3916333612686,6938.8501070663815,13642.312999999998,2020.7790000000005,2354.117,9267.416999999998,3314.0520000000006,10328.260999999997,24.29244952817019,2,2,0,0,0,36.5,19.0,54.0,1.0,1.0,0.0,1.0,2,0,0.0,0.0,0.0,1.0,1.0,1.0,0.0,1.0,1.0,1.0,10,1,2022,9,4,6,1,0,2,1,0,1,LEVE,0
5,2,12,0,4,1,-8.440818786493223,-78.7534320963491,0,4,7,1,2,2,2,0,6543.555,3.0,2,0,1.0,0,30,1475.0,0.5051395598219868,77.13285387085847,51.52067479184955,6.715328807318118,900.900383457586,67612.41755888652,8931.828000000005,1335.5899999999997,1935.9830000000004,5660.255000000005,1219.309,7712.519000000005,13.651281686122925,3,2,1,0,1,34.0,34.0,34.0,1.0,0.0,0.0,0.0,2,1,1.0,0.0,0.0,1.0,0.0,1.0,0.0,0.0,1.0,1.0,19,2,2022,4,14,3,0,0,0,1,1,1,LEVE,0
1,1,5,0,4,1,-7.29288983,-78.20605241,2,4,7,0,2,2,2,0,9936.932,2.0,2,0,1.0,9,32,3830.0,0.2248217662933267,71.86940730479807,40.39097341188932,3.5762485388565097,194.53057273302585,5022.419700214133,15935.565011852366,1733.9250000199986,935.692,13265.948011832368,2000.1670000199988,13935.398011832369,12.551591352627522,2,1,0,1,0,37.0,33.0,40.0,0.0,0.0,0.0,0.0,1,1,1.0,0.0,0.0,0.0,0.0,0.0,0.0,0.0,0.0,0.0,1,0,2021,10,17,6,1,1,2,1,0,1,LEVE,0