CLASE SINIESTRO,CANTIDAD DE VEHICULOS DAÑADOS,DEPARTAMENTO,ZONA,TIPO DE VÍA,RED VIAL,COORDENADAS LATITUD,COORDENADAS  LONGITUD,CONDICIÓN CLIMÁTICA,ZONIFICACIÓN,CARACTERÍSTICAS DE VÍA,PERFIL LONGITUDINAL VÍA,SUPERFICIE DE CALZADA,¿EXISTE SEÑAL VERTICAL?,¿EXISTE SEÑAL HORIZONTAL?,CAUSA FACTOR PRINCIPAL,MTC_RVN_LONGITUD_KM,MTC_RVN_N_CARRILES_MEDIANA,MTC_RVN_SUPERFICIE_DOMINANTE,MTC_RVN_ESTADO_DOMINANTE,MTC_RVN_ES_CONCESIONADA,MTC_RVN_CONCESION_PRINCIPAL,MTC_RVN_CORREDOR_LOGISTICO,MTC_RVN_N_TRAMOS,IDH_2019,IDH_ESP_VIDA_2019,IDH_EDUC_SECUND_PCT_2019,IDH_ANIOS_EDUC_2019,IDH_INGRESO_PERCAP_2019,IDH_POBLACION_2019,MTC_DEP_RED_TOTAL_KM,MTC_DEP_NACIONAL_TOTAL_KM,MTC_DEP_DEPARTAMENTAL_TOTAL_KM,MTC_DEP_VECINAL_TOTAL_KM,MTC_DEP_PAV_TOTAL_KM,MTC_DEP_NO_PAV_TOTAL_KM,MTC_DEP_PCT_PAVIMENTADA,PER_TOTAL_PERSONAS,PER_N_CONDUCTORES,PER_N_CONDUCTORES_FUGADOS,PER_N_PEATONES,PER_N_PASAJEROS_OCUPANTES,PER_EDAD_COND_PROM,PER_EDAD_COND_MIN,PER_EDAD_COND_MAX,PER_ANY_COND_MASCULINO,PER_ANY_LIC_PROBLEMA,PER_ANY_DOSAJE_POS,PER_ANY_DOSAJE_EVALUADO,VEH_TOTAL,VEH_N_FUGADOS,VEH_ANY_FUGADO,VEH_ANY_CARGA,VEH_ANY_PUBLICO,VEH_ANY_PARTICULAR,VEH_ANY_MOTO,VEH_ANY_AUTO,VEH_ANY_CAMION_BUS,VEH_ANY_SOAT_PROBLEMA,VEH_ANY_CITV_PROBLEMA,VEH_ANY_SEGURO_PROBLEMA,HORA_NUM,FRANJA_HORARIA,ANIO,MES,DIA_MES,DIA_SEMANA,ES_FIN_SEMANA,ES_QUINCENA,REGION_NATURAL,TIENE_SEÑALIZACION,ES_VIA_MULTICARRIL,ES_DEPTO_BAJO_PAVIMENTO,CATEGORIA_SEVERIDAD,CATEGORIA_SEVERIDAD_ENC
7,1,7,0,4,3,-14.417743,-71.935251,0,4,7,1,1,2,2,2,6543.555,2.0,4,4,1.0,14,33,1198.0,0.2889521169082136,68.43497660341365,60.62718744786712,5.042567223569555,255.78633529092875,8001.259100642398,17779.13499998999,2097.3709999899997,2863.123,12818.640999999989,2878.713,14900.421999989989,16.19152450331032,2,1,0,1,0,29.0,29.0,29.0,1.0,0.0,0.0,1.0,1,0,0.0,0.0,0.0,1.0,0.0,0.0,0.0,1.0,0.0,1.0,5,0,2025,7,1,1,0,0,2,1,0,1,LEVE,0
1,1,12,0,4,1,-8.40655,-78.822965,0,4,7,1,2,2,2,0,6543.555,3.0,2,0,1.0,0,30,1475.0,0.5051395598219868,77.13285387085847,51.52067479184955,6.715328807318118,900.900383457586,67612.41755888652,8931.828000000005,1335.5899999999997,1935.9830000000004,5660.255000000005,1219.309,7712.519000000005,13.651281686122925,2,1,1,1,0,37.0,33.0,40.0,0.0,0.0,0.0,0.0,1,1,1.0,0.0,0.0,0.0,0.0,0.0,0.0,0.0,0.0,1.0,13,3,2023,9,10,6,1,0,0,1,1,1,LEVE,0
10,1,7,0,4,1,-13.65966217913052,-71.36296134726351,0,4,0,1,2,2,2,2,3263.58,2.0,2,0,1.0,5,18,566.0,0.2701433460922377,67.03086854576458,59.596346222865,3.690268129191559,281.2948228692088,16118.58886509636,17779.13499998999,2097.3709999899997,2863.123,12818.640999999989,2878.713,14900.421999989989,16.19152450331032,1,1,0,0,0,38.0,38.0,38.0,1.0,0.0,0.0,0.0,1,0,0.0,0.0,0.0,1.0,1.0,0.0,0.0,1.0,1.0,1.0,8,1,2022,1,26,2,0,1,2,1,0,1,LEVE,0
6,1,1,0,4,3,-9.350030592725403,-77.18241985849733,5,4,7,0,4,2,2,0,6543.555,2.0,4,4,1.0,14,33,1198.0,0.4706020961968497,75.17338170095528,50.050190802728096,7.931940341600224,695.8436410574652,9915.20556745182,10767.648,1885.0630000000003,1222.721,7659.864000000001,2100.343,8667.305000000002,19.506051832303577,3,1,0,0,2,21.0,21.0,21.0,1.0,0.0,0.0,0.0,1,0,0.0,0.0,0.0,1.0,0.0,0.0,1.0,0.0,0.0,0.0,13,3,2022,9,28,2,0,1,0,1,0,1,LEVE,0
6,1,10,0,4,1,-13.352328819001915,-76.22230765071272,0,4,7,1,2,2,2,0,6639.975,2.0,2,0,1.0,9,31,1616.0,0.5736744275518083,81.67473861808857,68.1608574885675,9.138785887908334,865.1176766860625,26660.92933618844,3721.461,698.1859999999996,744.866,2278.409,1102.9029999999996,2618.558,29.636290693359403,3,1,0,0,2,34.0,34.0,34.0,1.0,0.0,0.0,0.0,1,0,0.0,0.0,0.0,1.0,0.0,1.0,0.0,0.0,1.0,0.0,7,1,2023,3,31,4,0,1,0,1,0,1,LEVE,0
3,1,14,2,4,1,-12.057073798746671,-76.97383451894015,0,0,7,1,2,2,2,0,6543.555,3.0,2,0,1.0,0,30,1475.0,0.7347309224519117,80.70014842215761,76.47981423089655,10.519505095866096,1571.8150981252256,229834.5310492505,7626.313,1683.4029999999998,1599.0829999999996,4343.827000000001,1814.875,5811.438000000001,23.797541485643197,2,2,0,0,0,37.5,21.0,54.0,1.0,1.0,0.0,0.0,2,0,0.0,0.0,0.0,1.0,1.0,1.0,0.0,0.0,0.0,1.0,22,2,2025,3,8,5,1,0,0,1,1,1,LEVE,0
6,1,1,0,4,2,-10.179600375182709,-77.47241302532659,7,4,0,1,1,2,2,2,6543.555,2.0,4,4,1.0,14,33,1198.0,0.3698277092299585,75.50696542030133,58.315009794942405,5.770482626155436,401.8154218070398,931.1113490364024,10767.648,1885.0630000000003,1222.721,7659.864000000001,2100.343,8667.305000000002,19.506051832303577,7,1,0,0,6,26.0,26.0,26.0,1.0,0.0,0.0,0.0,1,0,0.0,0.0,0.0,1.0,0.0,1.0,0.0,0.0,1.0,0.0,14,3,2021,4,5,0,0,0,0,1,0,1,GRAVE_MORTALIDAD,2
6,1,3,0,4,2,-15.50927,-71.49057,0,4,0,0,7,2,2,0,6543.555,2.0,4,4,1.0,14,33,1198.0,0.504201394400792,81.0037638931836,48.618454864887454,6.545462437272208,874.7836425945848,583.8072805139186,10322.272,1495.236,1749.739,7077.2970000000005,2886.595,7435.677000000001,27.964725207783708,1,1,0,0,0,37.0,37.0,37.0,0.0,1.0,0.0,0.0,1,0,0.0,0.0,0.0,1.0,0.0,0.0,1.0,0.0,0.0,0.0,10,1,2021,7,18,6,1,1,0,1,0,1,LEVE,0
3,1,14,2,4,1,-12.064065824660595,-76.97142736402085,0,2,2,1,2,2,2,0,6639.975,2.0,2,0,1.0,9,31,1616.0,0.6868549636939637,79.62363164345142,76.30894566128948,9.209137883551294,1425.4498631666322,684921.8484148846,7626.313,1683.4029999999998,1599.0829999999996,4343.827000000001,1814.875,5811.438000000001,23.797541485643197,2,2,0,0,0,42.5,37.0,48.0,1.0,0.0,0.0,1.0,2,0,0.0,1.0,0.0,1.0,1.0,0.0,1.0,1.0,1.0,0.0,8,1,2021,10,13,2,0,0,0,1,0,1,LEVE,0
3,2,19,0,4,1,-4.8572942381084765,-80.30894809168305,0,4,7,1,2,2,2,2,640.6200000000001,2.0,2,3,0.0,9,32,72.0,0.459857589992435,80.72202071327797,50.86886521100652,5.65389066385764,729.6720832259953,125429.93361884369,8965.846000060003,1782.4120000599992,636.9959999999999,6546.438000000004,2214.505000059999,6751.341000000004,24.699342371541725,2,2,0,0,0,35.0,32.0,38.0,1.0,0.0,0.0,1.0,2,0,0.0,1.0,0.0,1.0,0.0,1.0,1.0,1.0,1.0,1.0,6,1,2022,3,27,6,1,1,0,1,0,1,LEVE,0
5,1,13,0,3,4,-6.704442,-79.903106,0,3,1,1,2,2,2,0,6543.555,2.0,4,4,1.0,14,33,1198.0,0.5539280527450423,74.69452916859504,66.89728158703436,9.542777400516576,872.5509264417765,79617.09421841543,3459.691,515.0619999999999,689.7280000000001,2254.901,703.3549999999999,2756.336,20.329994788551925,2,2,1,0,0,67.0,67.0,67.0,1.0,1.0,0.0,0.0,2,1,1.0,0.0,1.0,0.0,1.0,0.0,0.0,1.0,1.0,1.0,15,3,2021,3,26,4,0,1,0,1,0,1,LEVE,0
6,1,4,0,4,2,-13.007279930018624,-74.15014007542754,0,4,0,0,2,1,0,2,6543.555,2.0,4,4,1.0,14,33,1198.0,0.3182118584685479,77.25150459408908,52.46529757884336,4.999497882050312,300.2684757394725,4462.792057970449,12678.733000000004,1805.074000000001,1774.0339999999994,9099.625000000004,2485.375000000001,10193.358000000002,19.602707936195205,2,1,0,0,1,29.0,29.0,29.0,1.0,0.0,1.0,1.0,1,0,0.0,0.0,0.0,0.0,0.0,1.0,0.0,0.0,0.0,0.0,4,0,2023,12,4,0,0,0,2,1,0,1,LEVE,0
3,2,12,0,4,1,-8.41160984395962,-78.8027982981897,0,4,7,1,2,2,2,0,6543.555,3.0,2,0,1.0,0,30,1475.0,0.5051395598219868,77.13285387085847,51.52067479184955,6.715328807318118,900.900383457586,67612.41755888652,8931.828000000005,1335.5899999999997,1935.9830000000004,5660.255000000005,1219.309,7712.519000000005,13.651281686122925,3,2,0,0,1,31.5,16.0,47.0,1.0,0.0,0.0,0.0,2,0,0.0,0.0,1.0,0.0,1.0,0.0,1.0,0.0,0.0,1.0,2,0,2022,7,24,6,1,1,0,1,1,1,LEVE,0
3,2,12,0,2,4,-8.166197,-79.021426,0,4,7,1,2,2,2,2,6543.555,2.0,4,4,1.0,14,33,1198.0,0.618325375347301,78.45577068094175,66.18977766598024,9.47415720612109,1128.5991234425228,37258.80942184154,8931.828000000005,1335.5899999999997,1935.9830000000004,5660.255000000005,1219.309,7712.519000000005,13.651281686122925,2,2,0,0,0,31.0,22.0,40.0,1.0,1.0,0.0,0.0,2,0,0.0,0.0,1.0,1.0,1.0,0.0,0.0,1.0,0.0,1.0,21,2,2021,11,3,2,0,0,0,1,0,1,LEVE,0
1,1,10,0,4,1,-13.70235,-76.16552,0,4,7,1,2,2,2,0,205.54999999999995,-1.0,2,0,1.0,13,31,15.0,0.5876128251369682,76.40783657687089,72.44948426378424,10.42636694091524,914.8835608305218,58924.95503211991,3721.461,698.1859999999996,744.866,2278.409,1102.9029999999996,2618.558,29.636290693359403,2,1,1,1,0,37.0,33.0,40.0,0.0,0.0,0.0,0.0,1,1,1.0,0.0,0.0,0.0,0.0,0.0,0.0,0.0,0.0,1.0,6,1,2024,4,22,0,0,1,0,1,0,1,LEVE,0
6,1,14,2,7,4,-11.97728917764712,-77.06677953239885,0,0,9,1,2,2,2,0,6543.555,2.0,4,4,1.0,14,33,1198.0,0.758462599563312,80.5192231989937,79.20045639149897,11.33839041452458,1628.5661148492152,363987.54389721627,7626.313,1683.4029999999998,1599.0829999999996,4343.827000000001,1814.875,5811.438000000001,23.797541485643197,1,1,0,0,0,29.0,29.0,29.0,1.0,1.0,0.0,0.0,1,0,0.0,0.0,0.0,1.0,1.0,0.0,0.0,1.0,1.0,0.0,3,0,2021,11,12,4,0,0,0,1,0,1,LEVE,0
3,1,19,2,4,0,-5.18722,-80.6098516,0,4,7,1,0,2,2,2,6543.555,2.0,4,4,1.0,14,33,1198.0,0.6220812987247925,80.20155828147696,72.71675503872983,10.02377668600292,1028.915688621886,159840.92719486082,8965.846000060003,1782.4120000599992,636.9959999999999,6546.438000000004,2214.505000059999,6751.341000000004,24.699342371541725,2,2,0,0,0,55.0,48.0,62.0,1.0,0.0,0.0,1.0,2,0,0.0,0.0,0.0,1.0,0.0,1.0,0.0,0.0,1.0,1.0,6,1,2022,5,26,3,0,1,0,1,0,1,LEVE,0
6,1,11,0,4,1,-11.347177182110103,-74.52259144050672,6,5,6,2,6,2,2,0,1337.175,1.0,1,3,0.0,9,32,315.0,0.3570817332180048,73.74932476832508,43.805659202757695,6.484925788605561,398.3541927461293,66993.35796966725,12264.545,1826.4639999999995,1105.5389999999998,9332.542,1588.5359999999996,10676.009,12.952261987705208,2,1,0,0,1,19.0,19.0,19.0,1.0,1.0,0.0,0.0,1,0,0.0,0.0,0.0,1.0,1.0,0.0,0.0,1.0,1.0,1.0,18,2,2023,3,25,5,1,1,2,1,0,1,LEVE,0
0,1,20,0,4,1,-15.97023,-69.799618,0,4,7,1,2,2,2,4,7586.903,2.0,2,0,1.0,9,5,1198.0,0.3247057995130503,73.24682709519536,76.81044161661171,6.507336567861034,242.9773157546694,24872.03426124197,13642.312999999998,2020.7790000000005,2354.117,9267.416999999998,3314.0520000000006,10328.260999999997,24.29244952817019,2,1,0,1,0,44.0,44.0,44.0,1.0,0.0,0.0,0.0,1,0,0.0,0.0,1.0,0.0,0.0,0.0,1.0,0.0,0.0,0.0,20,2,2022,10,8,5,1,0,2,1,0,1,LEVE,0
4,1,14,2,2,4,-11.991470434823938,-77.05703698927088,0,3,7,1,2,2,2,0,6543.555,2.0,4,4,1.0,14,33,1198.0,0.6853375063928137,80.04346891299102,76.32428568750537,8.817291636093138,1443.328322024431,217176.83083511775,7626.313,1683.4029999999998,1599.0829999999996,4343.827000000001,1814.875,5811.438000000001,23.797541485643197,3,1,0,0,2,20.0,20.0,20.0,1.0,0.0,0.0,0.0,1,0,0.0,0.0,0.0,1.0,0.0,1.0,0.0,0.0,0.0,0.0,2,0,2024,12,16,0,0,1,0,1,0,1,GRAVE_MORTALIDAD,2
0,1,10,2,4,2,-14.08328,-75.752522,0,3,7,1,2,2,2,0,6543.555,2.0,4,4,1.0,14,33,1198.0,0.6637216310803388,79.6446050662278,81.37671161983333,11.724811319582514,1084.329233867723,142450.24411134905,3721.461,698.1859999999996,744.866,2278.409,1102.9029999999996,2618.558,29.636290693359403,2,1,0,1,0,65.0,65.0,65.0,1.0,0.0,0.0,1.0,1,0,0.0,0.0,0.0,1.0,0.0,1.0,0.0,0.0,0.0,0.0,14,3,2023,6,29,3,0,1,0,1,0,1,LEVE,0
6,1,7,2,4,1,-14.4821734391772,-72.0938381362104,0,4,0,0,2,1,1,2,1780.161,1.0,1,3,0.0,9,32,490.0,0.339323744940919,67.8567694463257,60.573677132379146,5.206321478431428,388.7128879370376,24527.03426124197,17779.13499998999,2097.3709999899997,2863.123,12818.640999999989,2878.713,14900.421999989989,16.19152450331032,2,1,0,0,1,34.0,34.0,34.0,1.0,0.0,0.0,0.0,1,0,0.0,1.0,0.0,0.0,0.0,0.0,1.0,0.0,0.0,0.0,7,1,2022,7,1,4,0,0,2,1,0,1,LEVE,0
0,0,14,2,4,1,-12.153347346790111,-76.98395309001715,0,3,7,1,2,2,2,0,6639.975,2.0,2,0,1.0,9,31,1616.0,0.8017574897902351,80.48487267736287,78.74302427848284,13.156716040468266,1766.1488062170545,359776.608137045,7626.313,1683.4029999999998,1599.0829999999996,4343.827000000001,1814.875,5811.438000000001,23.797541485643197,2,1,0,1,0,50.0,50.0,50.0,1.0,0.0,0.0,1.0,1,0,0.0,1.0,0.0,0.0,0.0,0.0,1.0,1.0,1.0,0.0,22,2,2022,1,22,5,1,1,0,1,0,1,LEVE,0
6,1,8,0,4,0,-13.047236,-74.487901,7,4,0,0,7,2,2,0,6543.555,2.0,4,4,1.0,14,33,1198.0,0.2922647045334091,72.81327396061133,63.043589090455136,5.592227854112719,223.2024614738898,3862.5032119914345,8511.426,1445.3929999999996,2008.516,5057.516999999999,1879.579,6631.846999999998,22.08300935706896,2,1,0,0,1,28.0,28.0,28.0,1.0,1.0,0.0,0.0,1,0,0.0,0.0,0.0,1.0,1.0,0.0,0.0,1.0,1.0,1.0,8,1,2023,5,6,5,1,0,2,1,0,1,LEVE,0
3,1,14,2,2,4,-12.07569757470148,-77.06360663738873,0,0,1,1,2,0,1,2,6543.555,2.0,4,4,1.0,14,33,1198.0,0.5563774842369664,77.00938809632027,69.10246351364754,8.476961866273152,914.8835608305218,27932.19700214133,7626.313,1683.4029999999998,1599.0829999999996,4343.827000000001,1814.875,5811.438000000001,23.797541485643197,5,4,0,0,1,29.25,18.0,42.0,1.0,1.0,0.0,0.0,4,0,0.0,1.0,1.0,1.0,1.0,0.0,1.0,0.0,1.0,1.0,7,1,2024,3,12,1,0,0,0,1,0,1,LEVE,0
6,1,5,0,4,1,-6.997698,-78.34717,0,4,7,0,1,2,2,0,48.79,2.0,2,0,1.0,10,15,19.0,0.2787832446449395,76.6302139673737,44.82684454743621,3.548077185984384,299.2159549691333,20782.33618843683,15935.565011852366,1733.9250000199986,935.692,13265.948011832368,2000.1670000199988,13935.398011832369,12.551591352627522,1,1,0,0,0,71.0,71.0,71.0,1.0,0.0,0.0,1.0,1,0,0.0,1.0,0.0,0.0,0.0,0.0,1.0,0.0,0.0,0.0,13,3,2025,5,20,1,0,1,2,1,0,1,LEVE,0
6,1,14,0,4,1,-10.639530450713131,-77.85450685967196,0,4,0,0,2,2,2,2,6543.555,3.0,2,0,1.0,0,30,1475.0,0.6268687897946689,82.18096720561557,72.30753381266985,8.959173721649861,1090.279660993292,20521.346895074952,7626.313,1683.4029999999998,1599.0829999999996,4343.827000000001,1814.875,5811.438000000001,23.797541485643197,3,1,0,0,2,21.0,21.0,21.0,1.0,0.0,0.0,0.0,1,0,0.0,0.0,0.0,1.0,0.0,1.0,0.0,0.0,0.0,0.0,11,1,2021,5,29,5,1,1,0,1,1,1,LEVE,0
6,1,7,0,4,1,-14.587881963423827,-71.73256335113707,0,4,5,0,2,2,2,2,1780.161,1.0,1,3,0.0,9,32,490.0,0.4670263153502933,65.5237709552973,70.61273193256336,7.074467358088314,760.9316629253258,9065.880085653103,17779.13499998999,2097.3709999899997,2863.123,12818.640999999989,2878.713,14900.421999989989,16.19152450331032,4,1,0,0,3,47.0,47.0,47.0,1.0,0.0,0.0,0.0,1,0,0.0,0.0,0.0,1.0,0.0,1.0,0.0,0.0,0.0,0.0,6,1,2024,2,25,6,1,1,2,1,0,1,GRAVE_LESIONADOS,1
6,1,8,0,4,2,-13.057571099886877,-74.94395618268463,7,4,7,1,7,2,2,0,6543.555,2.0,4,4,1.0,14,33,1198.0,0.488230635263319,69.43676718997209,51.35450690635422,6.587870960289425,965.860217779833,2302.593147751606,8511.426,1445.3929999999996,2008.516,5057.516999999999,1879.579,6631.846999999998,22.08300935706896,1,1,0,0,0,32.0,32.0,32.0,1.0,0.0,0.0,0.0,1,0,0.0,0.0,0.0,1.0,0.0,0.0,1.0,0.0,0.0,0.0,14,3,2024,4,16,1,0,1,2,1,0,1,LEVE,0
6,1,20,0,4,0,-14.498504,-69.281092,0,4,0,1,7,2,2,2,6543.555,2.0,4,4,1.0,14,33,1198.0,0.3813130974637541,66.648279967634,74.70151078876437,5.964819754280236,455.6274842024125,1735.8265524625267,13642.312999999998,2020.7790000000005,2354.117,9267.416999999998,3314.0520000000006,10328.260999999997,24.29244952817019,1,1,0,0,0,50.0,50.0,50.0,1.0,0.0,1.0,1.0,1,0,0.0,0.0,0.0,1.0,0.0,0.0,1.0,0.0,0.0,0.0,23,2,2023,9,2,5,1,0,2,1,0,1,LEVE,0
10,1,3,2,2,4,-16.4171365094697,-71.4926921425655,7,1,1,0,2,2,2,0,6543.555,2.0,4,4,1.0,14,33,1198.0,0.6497628344872909,78.50677470622946,79.58517547019379,10.832141867699551,1100.753355561081,126056.75374732334,10322.272,1495.236,1749.739,7077.2970000000005,2886.595,7435.677000000001,27.964725207783708,1,1,0,0,0,44.0,44.0,44.0,1.0,0.0,0.0,0.0,1,0,0.0,0.0,0.0,1.0,0.0,0.0,0.0,1.0,1.0,1.0,3,0,2024,6,24,0,0,1,0,1,0,1,LEVE,0
3,2,3,2,4,1,-16.3180079,-71.6027605,0,0,7,1,2,1,1,2,1504.4250000000002,2.0,2,0,1.0,7,25,241.0,0.6411767862503931,77.2408324916572,78.204125011303,10.595705083047717,1107.223861768016,193412.3169164882,10322.272,1495.236,1749.739,7077.2970000000005,2886.595,7435.677000000001,27.964725207783708,2,2,0,0,0,45.0,40.0,50.0,1.0,1.0,0.0,0.0,2,0,0.0,1.0,0.0,1.0,0.0,1.0,1.0,0.0,0.0,0.0,21,2,2021,1,22,4,0,1,0,1,0,1,LEVE,0
5,1,20,0,4,3,-16.537059264974175,-69.09898637882296,0,4,2,0,7,2,2,2,6543.555,2.0,4,4,1.0,14,33,1198.0,0.2394362064959017,73.4288503002124,62.51290199484375,6.018616845068367,132.27646614855612,17422.250535331903,13642.312999999998,2020.7790000000005,2354.117,9267.416999999998,3314.0520000000006,10328.260999999997,24.29244952817019,3,2,1,0,1,27.0,27.0,27.0,1.0,1.0,0.0,0.0,2,1,1.0,1.0,0.0,0.0,1.0,0.0,0.0,0.0,1.0,1.0,21,2,2021,8,1,6,1,0,2,1,0,1,LEVE,0
1,0,14,2,3,4,-12.17003,-77.02477,0,3,1,1,2,2,2,0,6543.555,2.0,4,4,1.0,14,33,1198.0,0.7583553928164398,79.82595632107274,76.7651270103073,11.46351379457763,1662.7771470294065,333655.3618843683,7626.313,1683.4029999999998,1599.0829999999996,4343.827000000001,1814.875,5811.438000000001,23.797541485643197,2,1,0,1,0,25.0,25.0,25.0,1.0,0.0,0.0,0.0,1,0,0.0,0.0,0.0,1.0,1.0,0.0,0.0,1.0,1.0,0.0,13,3,2021,8,4,2,0,0,0,1,0,1,LEVE,0
6,1,7,0,4,1,-14.594712454714225,-71.69237393059306,5,4,0,0,2,2,2,0,1780.161,1.0,1,3,0.0,9,32,490.0,0.2895499003381874,68.53788948078248,75.55107873554218,4.362279816701996,258.3477698263705,14410.650963597433,17779.13499998999,2097.3709999899997,2863.123,12818.640999999989,2878.713,14900.421999989989,16.19152450331032,13,1,0,0,12,29.0,29.0,29.0,1.0,0.0,0.0,0.0,1,0,0.0,0.0,0.0,0.0,0.0,0.0,1.0,0.0,0.0,0.0,14,3,2023,3,17,4,0,1,2,1,0,1,GRAVE_MORTALIDAD,2
1,0,2,2,4,1,-13.693044,-73.113426,0,4,0,1,2,1,1,4,7586.903,2.0,2,0,1.0,9,5,1198.0,0.2839517282860025,77.85737304722083,62.75483969163876,3.9288863488445376,243.85288035830445,7665.13704496788,8358.971,1282.451,1298.0969999999998,5778.423,1432.683,6926.288,17.139466089785454,2,1,1,1,0,37.0,33.0,40.0,0.0,0.0,0.0,0.0,1,1,1.0,0.0,0.0,0.0,0.0,0.0,0.0,0.0,0.0,1.0,1,0,2024,1,1,0,0,0,2,1,0,1,LEVE,0
3,1,2,0,4,2,-13.76823096846766,-73.36587238577928,0,4,0,0,1,2,2,2,6543.555,2.0,4,4,1.0,14,33,1198.0,0.5563774842369664,77.00938809632027,69.10246351364754,8.476961866273152,914.8835608305218,27932.19700214133,8358.971,1282.451,1298.0969999999998,5778.423,1432.683,6926.288,17.139466089785454,2,2,0,0,0,42.5,26.0,59.0,1.0,1.0,0.0,0.0,2,0,0.0,1.0,0.0,1.0,1.0,1.0,0.0,1.0,1.0,1.0,20,2,2021,10,2,5,1,0,2,1,0,1,LEVE,0
0,1,7,0,4,2,-13.696585,-71.720025,0,4,7,0,1,2,2,2,6543.555,2.0,4,4,1.0,14,33,1198.0,0.4479676236050441,63.30882145145972,67.24479045772004,7.580797561744292,698.3309065509212,5653.304068522484,17779.13499998999,2097.3709999899997,2863.123,12818.640999999989,2878.713,14900.421999989989,16.19152450331032,2,1,0,1,0,28.0,28.0,28.0,1.0,0.0,1.0,1.0,1,0,0.0,1.0,0.0,0.0,0.0,0.0,1.0,0.0,0.0,0.0,4,0,2023,11,5,6,1,0,2,1,0,1,LEVE,0
3,1,6,2,4,1,-11.9439428,-77.1315501,0,0,7,1,2,0,1,0,139.23,-1.0,2,0,0.0,9,32,69.0,0.5563774842369664,77.00938809632027,69.10246351364754,8.476961866273152,914.8835608305218,27932.19700214133,51.58600000000001,44.68700000000001,6.899000000000001,0.0,49.838000000000015,1.748,96.61148373589734,2,2,0,0,0,41.0,33.0,49.0,1.0,1.0,0.0,0.0,2,0,0.0,0.0,0.0,1.0,0.0,0.0,1.0,0.0,1.0,0.0,15,3,2022,12,26,0,0,1,2,1,0,0,LEVE,0
3,2,20,0,4,1,-15.4064452,-70.0655803,0,4,7,1,2,2,2,2,1762.84,2.0,1,0,0.0,9,32,485.0,0.2399049659709538,73.66748174046536,65.59496565670392,5.108032967220759,142.3423295419015,4818.295503211992,13642.312999999998,2020.7790000000005,2354.117,9267.416999999998,3314.0520000000006,10328.260999999997,24.29244952817019,3,2,0,0,1,46.0,46.0,46.0,1.0,0.0,0.0,0.0,2,0,0.0,0.0,1.0,1.0,1.0,1.0,0.0,0.0,0.0,0.0,20,2,2023,7,13,3,0,0,2,1,0,1,LEVE,0
6,1,9,0,4,1,-9.454685794965952,-75.97475061094863,0,4,7,1,2,2,2,2,693.175,2.0,2,3,0.0,9,10,249.0,0.3514165953877426,72.32913425621899,38.30075589942594,4.884885065227305,505.1402346806649,9590.61670235546,8209.057,1333.4779999999996,791.9770000000001,6083.602,1059.8589999999997,7149.198,12.910849565303296,1,1,0,0,0,55.0,55.0,55.0,1.0,0.0,0.0,1.0,1,0,0.0,0.0,0.0,1.0,1.0,0.0,0.0,0.0,0.0,0.0,7,1,2023,4,22,5,1,1,2,1,0,1,LEVE,0
10,1,11,0,4,0,-11.13618087138012,-75.35505343335127,0,0,1,1,2,2,2,0,6543.555,2.0,4,4,1.0,14,33,1198.0,0.5524312122883903,74.69278428872114,62.924176307590606,8.661674602491013,944.9757327320935,25835.76017130621,12264.545,1826.4639999999995,1105.5389999999998,9332.542,1588.5359999999996,10676.009,12.952261987705208,3,1,0,0,2,33.0,33.0,33.0,1.0,1.0,0.0,0.0,1,0,0.0,1.0,0.0,0.0,0.0,0.0,1.0,0.0,0.0,0.0,1,0,2022,10,23,6,1,1,2,1,0,1,LEVE,0
6,1,3,0,4,3,-16.664339686215882,-72.60415254475068,0,4,2,1,1,2,2,0,6543.555,2.0,4,4,1.0,14,33,1198.0,0.5506134487544145,84.11518135609504,66.07904665694413,8.594478109433165,777.7519971785225,628.7494646680942,10322.272,1495.236,1749.739,7077.2970000000005,2886.595,7435.677000000001,27.964725207783708,2,1,0,0,1,66.0,66.0,66.0,1.0,0.0,0.0,0.0,1,0,0.0,0.0,0.0,1.0,0.0,1.0,0.0,0.0,0.0,0.0,19,2,2022,2,25,4,0,1,0,1,0,1,GRAVE_MORTALIDAD,2
6,1,1,0,4,2,-8.45668236897441,-77.68355541637838,0,4,5,0,7,2,2,0,6543.555,2.0,4,4,1.0,14,33,1198.0,0.2325584263917059,72.64360534941214,36.48535155520705,4.733231343149393,177.22355887607105,2180.86295503212,10767.648,1885.0630000000003,1222.721,7659.864000000001,2100.343,8667.305000000002,19.506051832303577,5,1,0,0,4,31.0,31.0,31.0,1.0,0.0,0.0,0.0,1,0,0.0,0.0,1.0,0.0,0.0,1.0,0.0,0.0,1.0,0.0,5,0,2025,1,24,4,0,1,0,1,0,1,GRAVE_LESIONADOS,1
5,2,3,0,4,1,-17.1411545,-71.8357064,0,4,7,1,2,1,1,0,1926.94,2.0,2,0,1.0,9,32,393.0,0.61639083938292,77.65150347430681,71.08229457479256,8.361097169993315,1182.892298685911,6725.137044967881,10322.272,1495.236,1749.739,7077.2970000000005,2886.595,7435.677000000001,27.964725207783708,3,2,0,0,1,24.0,17.0,31.0,1.0,1.0,0.0,0.0,2,0,0.0,0.0,0.0,1.0,1.0,1.0,0.0,1.0,1.0,1.0,23,2,2021,11,18,3,0,1,0,1,0,1,LEVE,0
5,1,1,0,4,0,-9.769431576631796,-77.41685231499594,0,4,7,0,2,1,1,2,6543.555,2.0,4,4,1.0,14,33,1198.0,0.4608039099187538,70.02261628775264,69.66861671707858,7.842516497272776,625.3404850019753,2188.6680942184157,10767.648,1885.0630000000003,1222.721,7659.864000000001,2100.343,8667.305000000002,19.506051832303577,3,2,1,0,1,34.0,34.0,34.0,1.0,0.0,0.0,0.0,2,1,1.0,0.0,0.0,1.0,1.0,0.0,0.0,1.0,0.0,1.0,22,2,2021,5,21,4,0,1,0,1,0,1,LEVE,0
3,1,15,2,2,4,-3.7650069535268007,-73.25943265263824,6,5,6,2,6,2,2,0,6543.555,2.0,4,4,1.0,14,33,1198.0,0.529795353544325,72.41445562653223,53.44391779748307,8.289281910927794,973.5956743426708,73191.91006423984,1095.5949999999998,128.87099999999998,320.74700000000007,645.9769999999999,274.214,821.381,25.02877431897737,2,1,0,0,1,57.0,57.0,57.0,1.0,0.0,0.0,0.0,2,0,0.0,0.0,0.0,1.0,0.0,0.0,1.0,1.0,1.0,0.0,11,1,2021,9,18,5,1,1,1,1,0,1,LEVE,0
6,1,7,0,4,0,-13.0531993216957,-72.627867510286,0,4,0,1,7,2,2,2,6543.555,2.0,4,4,1.0,14,33,1198.0,0.4183383728297812,76.39884073986579,59.363988970978056,6.559125700034828,507.29897716596827,5045.957173447538,17779.13499998999,2097.3709999899997,2863.123,12818.640999999989,2878.713,14900.421999989989,16.19152450331032,2,1,0,0,1,25.0,25.0,25.0,1.0,0.0,0.0,1.0,1,0,0.0,0.0,0.0,0.0,1.0,0.0,0.0,0.0,1.0,0.0,19,2,2025,1,4,5,1,0,2,1,0,1,LEVE,0
0,0,14,2,4,1,-11.897187,-77.067866,0,0,7,1,2,2,2,0,6543.555,3.0,2,0,1.0,0,30,1475.0,0.6632628912836565,79.15155564666024,73.19223743118206,9.629669813837666,1289.452647666346,383699.2119914347,7626.313,1683.4029999999998,1599.0829999999996,4343.827000000001,1814.875,5811.438000000001,23.797541485643197,2,1,0,1,0,44.0,44.0,44.0,1.0,0.0,0.0,0.0,1,0,0.0,1.0,0.0,0.0,0.0,0.0,1.0,0.0,0.0,0.0,17,3,2021,1,23,5,1,1,0,1,1,1,LEVE,0