CLASE SINIESTRO,CANTIDAD DE VEHICULOS DAÑADOS,DEPARTAMENTO,ZONA,TIPO DE VÍA,RED VIAL,COORDENADAS LATITUD,COORDENADAS  LONGITUD,CONDICIÓN CLIMÁTICA,ZONIFICACIÓN,CARACTERÍSTICAS DE VÍA,PERFIL LONGITUDINAL VÍA,SUPERFICIE DE CALZADA,¿EXISTE SEÑAL VERTICAL?,¿EXISTE SEÑAL HORIZONTAL?,CAUSA FACTOR PRINCIPAL,MTC_RVN_LONGITUD_KM,MTC_RVN_N_CARRILES_MEDIANA,MTC_RVN_SUPERFICIE_DOMINANTE,MTC_RVN_ESTADO_DOMINANTE,MTC_RVN_ES_CONCESIONADA,MTC_RVN_CONCESION_PRINCIPAL,MTC_RVN_CORREDOR_LOGISTICO,MTC_RVN_N_TRAMOS,IDH_2019,IDH_ESP_VIDA_2019,IDH_EDUC_SECUND_PCT_2019,IDH_ANIOS_EDUC_2019,IDH_INGRESO_PERCAP_2019,IDH_POBLACION_2019,MTC_DEP_RED_TOTAL_KM,MTC_DEP_NACIONAL_TOTAL_KM,MTC_DEP_DEPARTAMENTAL_TOTAL_KM,MTC_DEP_VECINAL_TOTAL_KM,MTC_DEP_PAV_TOTAL_KM,MTC_DEP_NO_PAV_TOTAL_KM,MTC_DEP_PCT_PAVIMENTADA,PER_TOTAL_PERSONAS,PER_N_CONDUCTORES,PER_N_CONDUCTORES_FUGADOS,PER_N_PEATONES,PER_N_PASAJEROS_OCUPANTES,PER_EDAD_COND_PROM,PER_EDAD_COND_MIN,PER_EDAD_COND_MAX,PER_ANY_COND_MASCULINO,PER_ANY_LIC_PROBLEMA,PER_ANY_DOSAJE_POS,PER_ANY_DOSAJE_EVALUADO,VEH_TOTAL,VEH_N_FUGADOS,VEH_ANY_FUGADO,VEH_ANY_CARGA,VEH_ANY_PUBLICO,VEH_ANY_PARTICULAR,VEH_ANY_MOTO,VEH_ANY_AUTO,VEH_ANY_CAMION_BUS,VEH_ANY_SOAT_PROBLEMA,VEH_ANY_CITV_PROBLEMA,VEH_ANY_SEGURO_PROBLEMA,HORA_NUM,FRANJA_HORARIA,ANIO,MES,DIA_MES,DIA_SEMANA,ES_FIN_SEMANA,ES_QUINCENA,REGION_NATURAL,TIENE_SEÑALIZACION,ES_VIA_MULTICARRIL,ES_DEPTO_BAJO_PAVIMENTO,CATEGORIA_SEVERIDAD,CATEGORIA_SEVERIDAD_ENC
0,1,19,0,4,0,-5.1424783,-80.6080116,0,4,7,1,2,2,2,0,6543.555,2.0,4,4,1.0,14,33,1198.0,0.6220812987247925,80.20155828147696,72.71675503872983,10.02377668600292,1028.915688621886,159840.92719486082,8965.846000060003,1782.4120000599992,636.9959999999999,6546.438000000004,2214.505000059999,6751.341000000004,24.699342371541725,2,1,0,1,0,48.0,48.0,48.0,1.0,1.0,0.0,0.0,1,0,0.0,0.0,0.0,1.0,0.0,1.0,0.0,0.0,1.0,0.0,5,0,2023,10,14,5,1,0,0,1,0,1,LEVE,0
0,1,14,0,7,4,-11.230432,-77.377681,0,4,7,1,7,2,2,2,6543.555,2.0,4,4,1.0,14,33,1198.0,0.625259356790912,76.00710856837651,64.39893010534446,7.928807895834627,1379.4198272918734,24684.304068522484,7626.313,1683.4029999999998,1599.0829999999996,4343.827000000001,1814.875,5811.438000000001,23.797541485643197,2,1,0,1,0,52.0,52.0,52.0,1.0,1.0,0.0,1.0,1,0,0.0,0.0,0.0,1.0,1.0,0.0,0.0,1.0,1.0,0.0,17,3,2021,6,14,0,0,0,0,1,0,1,LEVE,0
0,1,1,0,4,2,-9.356615206019528,-77.59713007455545,0,4,0,0,4,2,2,2,6543.555,2.0,4,4,1.0,14,33,1198.0,0.3790378748513949,76.49423901708208,62.74220126454971,5.261195206480723,434.95267369706266,2388.5117773019274,10767.648,1885.0630000000003,1222.721,7659.864000000001,2100.343,8667.305000000002,19.506051832303577,2,1,0,1,0,17.0,17.0,17.0,1.0,0.0,0.0,0.0,1,0,0.0,0.0,0.0,0.0,0.0,0.0,0.0,0.0,0.0,0.0,8,1,2021,3,16,1,0,1,0,1,0,1,LEVE,0
6,1,12,0,4,2,-7.164407692488261,-79.45068736747567,0,4,7,1,1,2,2,2,6543.555,2.0,4,4,1.0,14,33,1198.0,0.5114727232493018,78.60606800160349,61.153108160372966,6.422343227671115,862.4189512831092,24701.19700214133,8931.828000000005,1335.5899999999997,1935.9830000000004,5660.255000000005,1219.309,7712.519000000005,13.651281686122925,1,1,0,0,0,22.0,22.0,22.0,1.0,0.0,0.0,0.0,1,0,0.0,0.0,0.0,1.0,1.0,0.0,0.0,1.0,0.0,0.0,18,2,2023,5,14,6,1,0,0,1,0,1,LEVE,0
1,1,7,0,4,1,-13.459905961050266,-72.29229923407908,0,4,7,1,2,2,2,4,7586.903,2.0,2,0,1.0,9,5,1198.0,0.2811173960891883,77.11100763906057,59.78223574586323,5.012239116376277,206.45731953948768,6402.226980728051,17779.13499998999,2097.3709999899997,2863.123,12818.640999999989,2878.713,14900.421999989989,16.19152450331032,2,1,1,1,0,37.0,33.0,40.0,0.0,0.0,0.0,0.0,1,1,1.0,0.0,0.0,0.0,0.0,0.0,0.0,0.0,0.0,1.0,7,1,2021,12,6,0,0,0,2,1,0,1,LEVE,0
1,1,14,2,2,4,-11.99509218082484,-77.07662298020652,0,0,7,1,2,2,2,0,6543.555,2.0,4,4,1.0,14,33,1198.0,0.758462599563312,80.5192231989937,79.20045639149897,11.33839041452458,1628.5661148492152,363987.54389721627,7626.313,1683.4029999999998,1599.0829999999996,4343.827000000001,1814.875,5811.438000000001,23.797541485643197,2,1,1,1,0,37.0,33.0,40.0,0.0,0.0,0.0,0.0,1,1,1.0,0.0,0.0,0.0,0.0,0.0,0.0,0.0,0.0,1.0,0,0,2022,8,11,3,0,0,0,1,0,1,LEVE,0
1,1,14,2,4,1,-12.184460620384298,-76.97496548239543,0,0,7,1,2,2,2,0,6639.975,2.0,2,0,1.0,9,31,1616.0,0.7289998534947872,80.50926319493618,76.9124822838204,10.358587270463827,1551.106643515347,384728.5117773019,7626.313,1683.4029999999998,1599.0829999999996,4343.827000000001,1814.875,5811.438000000001,23.797541485643197,2,1,1,1,0,37.0,33.0,40.0,0.0,0.0,0.0,0.0,1,1,1.0,0.0,0.0,0.0,0.0,0.0,0.0,0.0,0.0,1.0,3,0,2024,10,8,1,0,0,0,1,0,1,LEVE,0
3,1,16,0,4,1,-12.6768762957303,-69.3683650006837,6,5,6,2,6,2,2,0,3263.58,2.0,2,0,1.0,5,18,566.0,0.6331639735785386,72.20641129524063,67.6175404202189,10.029362591344883,1305.419538589062,88506.68094218415,2090.391,399.431,340.021,1350.9389999999996,493.824,1596.5669999999996,23.62352306338862,2,2,0,0,0,29.0,29.0,29.0,1.0,1.0,0.0,0.0,2,0,0.0,1.0,0.0,1.0,1.0,0.0,1.0,1.0,1.0,0.0,18,2,2021,2,8,0,0,0,1,1,0,1,LEVE,0
6,1,11,0,4,1,-10.9322421968806,-75.1413398635242,6,5,6,2,6,2,2,0,5768.608,2.0,3,1,0.0,9,32,365.0,0.4295860411633357,74.52920034355449,56.24873272101314,6.697659727647938,572.4658040665552,73767.52890792291,12264.545,1826.4639999999995,1105.5389999999998,9332.542,1588.5359999999996,10676.009,12.952261987705208,4,1,0,0,3,34.0,34.0,34.0,1.0,0.0,0.0,0.0,1,0,0.0,0.0,0.0,1.0,0.0,1.0,0.0,0.0,1.0,0.0,6,1,2023,1,10,1,0,0,2,1,0,1,LEVE,0
6,1,3,0,4,1,-16.448390189145695,-73.11756476619998,0,4,0,0,2,2,2,0,6639.975,2.0,2,0,1.0,9,31,1616.0,0.6193008310774621,82.69408159482029,66.92621392177676,8.70769637174445,1102.1398098925033,4520.503211991434,10322.272,1495.236,1749.739,7077.2970000000005,2886.595,7435.677000000001,27.964725207783708,2,1,0,0,1,60.0,60.0,60.0,1.0,0.0,0.0,0.0,1,0,0.0,1.0,0.0,0.0,0.0,0.0,1.0,0.0,0.0,0.0,4,0,2021,11,4,3,0,0,0,1,0,1,LEVE,0
3,3,3,0,4,1,-16.466434,-71.927508,0,4,7,1,2,2,2,0,6639.975,2.0,2,0,1.0,9,31,1616.0,0.6455852322566902,78.58826324858522,78.38415596279924,8.472481180514539,1258.6172876652156,2628.282655246253,10322.272,1495.236,1749.739,7077.2970000000005,2886.595,7435.677000000001,27.964725207783708,4,3,0,0,1,48.333333333333336,39.0,60.0,1.0,1.0,0.0,0.0,3,0,0.0,0.0,0.0,1.0,1.0,1.0,1.0,0.0,1.0,1.0,19,2,2022,10,29,5,1,1,0,1,0,1,GRAVE_MORTALIDAD,2
0,1,7,0,4,1,-13.462123,-72.28831,0,4,7,1,2,1,0,4,7586.903,2.0,2,0,1.0,9,5,1198.0,0.2811173960891883,77.11100763906057,59.78223574586323,5.012239116376277,206.45731953948768,6402.226980728051,17779.13499998999,2097.3709999899997,2863.123,12818.640999999989,2878.713,14900.421999989989,16.19152450331032,1,0,0,1,0,37.0,33.0,40.0,1.0,0.0,0.0,0.0,1,0,0.0,0.0,0.0,1.0,0.0,1.0,0.0,0.0,1.0,0.0,12,3,2024,12,1,6,1,0,2,1,0,1,LEVE,0
3,1,14,2,4,1,-12.006904216614387,-76.85291753105753,0,2,7,1,2,2,2,0,875.67,2.0,2,0,1.0,3,14,156.0,0.6868549636939637,79.62363164345142,76.30894566128948,9.209137883551294,1425.4498631666322,684921.8484148846,7626.313,1683.4029999999998,1599.0829999999996,4343.827000000001,1814.875,5811.438000000001,23.797541485643197,3,2,0,1,0,36.5,34.0,39.0,1.0,1.0,0.0,0.0,2,0,0.0,0.0,1.0,0.0,0.0,0.0,1.0,1.0,0.0,0.0,5,0,2022,11,19,5,1,1,0,1,0,1,LEVE,0
0,1,11,2,2,4,-12.044233,-75.226414,0,0,7,1,2,2,2,0,6543.555,2.0,4,4,1.0,14,33,1198.0,0.6349620447591086,73.34739425042062,78.85040671556425,11.216598893401857,1118.0127433957432,167365.50535331905,12264.545,1826.4639999999995,1105.5389999999998,9332.542,1588.5359999999996,10676.009,12.952261987705208,2,1,0,1,0,27.0,27.0,27.0,1.0,0.0,0.0,1.0,1,0,0.0,0.0,0.0,1.0,0.0,1.0,0.0,0.0,0.0,0.0,21,2,2021,4,12,0,0,0,2,1,0,1,LEVE,0
6,1,14,2,4,1,-11.944786203706464,-76.7097334987167,0,0,0,1,2,1,0,0,875.67,2.0,2,0,1.0,3,14,156.0,0.6831952456039544,78.60873873772867,74.49000793376607,10.00420210847705,1376.0472418044385,255143.7301927195,7626.313,1683.4029999999998,1599.0829999999996,4343.827000000001,1814.875,5811.438000000001,23.797541485643197,1,1,0,0,0,22.0,22.0,22.0,1.0,0.0,0.0,0.0,1,0,0.0,0.0,0.0,1.0,1.0,0.0,0.0,0.0,0.0,0.0,22,2,2022,12,2,4,0,0,0,1,0,1,LEVE,0
1,1,14,1,4,1,-12.240213,-76.947585,6,5,6,2,6,2,2,0,6639.975,2.0,2,0,1.0,9,31,1616.0,0.6990481232857558,80.14597904142546,74.3851677794309,10.004397644056358,1432.5044292531525,459161.0728051392,7626.313,1683.4029999999998,1599.0829999999996,4343.827000000001,1814.875,5811.438000000001,23.797541485643197,2,1,1,1,0,37.0,33.0,40.0,0.0,0.0,0.0,0.0,1,1,1.0,0.0,0.0,0.0,0.0,0.0,0.0,0.0,0.0,1.0,4,0,2022,3,5,5,1,0,0,1,0,1,LEVE,0
3,0,14,2,2,4,-12.173039,-76.995706,0,0,7,1,2,2,2,2,6543.555,2.0,4,4,1.0,14,33,1198.0,0.7583553928164398,79.82595632107274,76.7651270103073,11.46351379457763,1662.7771470294065,333655.3618843683,7626.313,1683.4029999999998,1599.0829999999996,4343.827000000001,1814.875,5811.438000000001,23.797541485643197,3,2,0,0,1,28.5,26.0,31.0,1.0,1.0,1.0,1.0,2,0,0.0,0.0,0.0,1.0,1.0,1.0,0.0,0.0,1.0,0.0,20,2,2021,1,6,2,0,0,0,1,0,1,GRAVE_MORTALIDAD,2
3,3,1,0,3,4,-9.142371862121076,-77.74714557515162,0,4,7,1,2,1,1,2,6543.555,2.0,4,4,1.0,14,33,1198.0,0.4225175571417921,72.0073136099048,61.38289654748469,6.311615395277217,572.3923378688387,21231.406852248398,10767.648,1885.0630000000003,1222.721,7659.864000000001,2100.343,8667.305000000002,19.506051832303577,5,3,0,0,2,29.666666666666668,15.0,44.0,1.0,1.0,0.0,0.0,3,0,0.0,0.0,0.0,1.0,1.0,1.0,0.0,1.0,1.0,1.0,20,2,2022,10,23,6,1,1,0,1,0,1,GRAVE_MORTALIDAD,2
6,1,10,0,4,1,-13.352225,-76.222516,0,4,7,1,2,2,2,0,6639.975,2.0,2,0,1.0,9,31,1616.0,0.5736744275518083,81.67473861808857,68.1608574885675,9.138785887908334,865.1176766860625,26660.92933618844,3721.461,698.1859999999996,744.866,2278.409,1102.9029999999996,2618.558,29.636290693359403,5,1,0,0,4,43.0,43.0,43.0,1.0,0.0,0.0,0.0,1,0,0.0,0.0,0.0,1.0,0.0,0.0,1.0,0.0,1.0,0.0,9,1,2022,8,7,6,1,0,0,1,0,1,GRAVE_LESIONADOS,1
6,1,11,0,4,0,-10.899831187343146,-75.97681054863266,2,4,0,1,2,1,1,0,6543.555,2.0,4,4,1.0,14,33,1198.0,0.4515021227868664,71.4196998727447,62.336219650226376,7.581270728582125,617.1133018029116,6161.010706638115,12264.545,1826.4639999999995,1105.5389999999998,9332.542,1588.5359999999996,10676.009,12.952261987705208,4,1,0,0,3,48.0,48.0,48.0,1.0,0.0,0.0,0.0,1,0,0.0,0.0,0.0,1.0,0.0,0.0,1.0,0.0,0.0,0.0,17,3,2023,9,30,5,1,1,2,1,0,1,LEVE,0
3,1,14,0,4,1,-12.371581,-76.784265,0,2,7,1,2,2,2,0,6639.975,2.0,2,0,1.0,9,31,1616.0,0.6997623570346938,76.1024633480164,67.4916969677081,10.594360693484372,1568.8925177861563,8292.871520342613,7626.313,1683.4029999999998,1599.0829999999996,4343.827000000001,1814.875,5811.438000000001,23.797541485643197,5,3,0,0,2,44.66666666666666,31.0,63.0,1.0,0.0,0.0,0.0,3,0,0.0,0.0,0.0,1.0,0.0,1.0,1.0,0.0,1.0,0.0,12,3,2025,3,2,6,1,0,0,1,0,1,GRAVE_MORTALIDAD,2
1,1,12,0,4,1,-8.1694610122,-79.0041184355,0,0,7,1,2,2,2,2,6543.555,3.0,2,0,1.0,0,30,1475.0,0.618325375347301,78.45577068094175,66.18977766598024,9.47415720612109,1128.5991234425228,37258.80942184154,8931.828000000005,1335.5899999999997,1935.9830000000004,5660.255000000005,1219.309,7712.519000000005,13.651281686122925,2,1,1,1,0,37.0,33.0,40.0,0.0,0.0,0.0,0.0,1,1,1.0,0.0,0.0,0.0,0.0,0.0,0.0,0.0,0.0,1.0,5,0,2024,5,16,3,0,1,0,1,1,1,LEVE,0
3,2,13,0,4,1,-6.831415,-79.829203,0,4,7,1,2,2,2,0,6543.555,3.0,2,0,1.0,0,30,1475.0,0.5698121065713132,80.7750211042815,73.24532007426484,9.611369875155264,807.8835749369007,96903.36830835116,3459.691,515.0619999999999,689.7280000000001,2254.901,703.3549999999999,2756.336,20.329994788551925,3,2,0,0,1,32.5,25.0,40.0,1.0,0.0,0.0,0.0,2,0,0.0,1.0,0.0,1.0,0.0,1.0,1.0,0.0,0.0,0.0,17,3,2022,4,1,4,0,0,0,1,1,1,GRAVE_MORTALIDAD,2
3,2,23,0,4,0,-3.564513386193448,-80.22319578855198,0,4,7,1,2,2,2,2,6543.555,2.0,4,4,1.0,14,33,1198.0,0.506393213976091,71.09604779417722,66.88716723772843,7.8873292871222835,813.0857960318671,5253.152034261242,1009.101,138.47399999999996,287.471,583.156,276.972,732.129,27.447401201663663,3,2,0,0,1,17.0,17.0,17.0,1.0,0.0,0.0,0.0,2,1,1.0,0.0,0.0,1.0,1.0,0.0,0.0,0.0,1.0,1.0,20,2,2022,2,5,5,1,0,0,1,0,1,LEVE,0
1,1,11,2,4,1,-11.6927491,-75.5640005,0,0,7,1,2,2,2,4,311.82,2.0,2,0,0.0,9,32,74.0,0.4846609581848212,71.70970037684953,62.978404663645314,7.681608625268467,740.7899756467436,5696.379014989293,12264.545,1826.4639999999995,1105.5389999999998,9332.542,1588.5359999999996,10676.009,12.952261987705208,2,1,1,1,0,37.0,33.0,40.0,0.0,0.0,0.0,0.0,1,1,1.0,0.0,0.0,0.0,0.0,0.0,0.0,0.0,0.0,0.0,18,2,2021,6,20,6,1,1,2,1,0,1,LEVE,0
0,1,7,0,4,1,-14.194283,-71.329443,0,4,7,1,2,2,2,4,7586.903,2.0,2,0,1.0,9,5,1198.0,0.4107458749971457,72.1547719826022,75.11691677377222,6.84079438286104,455.9087564374382,2466.282655246253,17779.13499998999,2097.3709999899997,2863.123,12818.640999999989,2878.713,14900.421999989989,16.19152450331032,2,1,0,1,0,27.0,27.0,27.0,0.0,0.0,0.0,0.0,1,0,0.0,0.0,0.0,1.0,0.0,1.0,0.0,0.0,1.0,0.0,20,2,2025,4,26,5,1,1,2,1,0,1,LEVE,0
3,2,12,0,4,2,-8.068459803953903,-78.82128769711494,0,4,7,1,4,2,2,2,6543.555,2.0,4,4,1.0,14,33,1198.0,0.5929579484728337,80.24150924632623,64.75837382721711,8.51830466766158,1043.4182142665843,34739.39614561028,8931.828000000005,1335.5899999999997,1935.9830000000004,5660.255000000005,1219.309,7712.519000000005,13.651281686122925,2,2,0,0,0,26.5,18.0,35.0,1.0,1.0,0.0,0.0,2,0,0.0,0.0,0.0,1.0,1.0,0.0,1.0,0.0,0.0,0.0,19,2,2024,1,21,6,1,1,0,1,0,1,LEVE,0
0,1,12,2,2,4,-8.0769660086,-79.0472639097,0,3,7,1,2,2,2,0,6543.555,2.0,4,4,1.0,14,33,1198.0,0.5961574154611067,78.8610661942771,67.40352037574897,9.291971962737568,1010.620438228636,197397.5888650964,8931.828000000005,1335.5899999999997,1935.9830000000004,5660.255000000005,1219.309,7712.519000000005,13.651281686122925,2,1,0,1,0,24.0,24.0,24.0,1.0,0.0,0.0,0.0,1,0,0.0,0.0,0.0,1.0,1.0,0.0,0.0,0.0,0.0,0.0,16,3,2025,2,18,1,0,1,0,1,0,1,LEVE,0
0,1,20,0,4,0,-16.206632,-68.963393,0,4,7,1,2,2,2,4,6543.555,2.0,4,4,1.0,14,33,1198.0,0.3799433642363213,78.66289328301242,67.95391799543226,5.794977176784057,380.7247341912519,2373.1027837259107,13642.312999999998,2020.7790000000005,2354.117,9267.416999999998,3314.0520000000006,10328.260999999997,24.29244952817019,2,1,0,1,0,47.0,47.0,47.0,1.0,1.0,0.0,0.0,1,0,0.0,0.0,0.0,1.0,1.0,0.0,0.0,1.0,0.0,1.0,22,2,2023,4,8,5,1,0,2,1,0,1,LEVE,0
0,0,14,2,2,4,-12.0408,-76.96171,0,0,7,1,2,2,2,0,6543.555,2.0,4,4,1.0,14,33,1198.0,0.7347309224519117,80.70014842215761,76.47981423089655,10.519505095866096,1571.8150981252256,229834.5310492505,7626.313,1683.4029999999998,1599.0829999999996,4343.827000000001,1814.875,5811.438000000001,23.797541485643197,2,1,0,1,0,24.0,24.0,24.0,1.0,0.0,0.0,1.0,1,0,0.0,0.0,0.0,1.0,1.0,0.0,0.0,1.0,1.0,0.0,17,3,2021,10,26,1,0,1,0,1,0,1,LEVE,0
3,2,12,0,4,2,-8.466761,-78.859104,0,4,7,1,7,2,2,0,6543.555,2.0,4,4,1.0,14,33,1198.0,0.5051395598219868,77.13285387085847,51.52067479184955,6.715328807318118,900.900383457586,67612.41755888652,8931.828000000005,1335.5899999999997,1935.9830000000004,5660.255000000005,1219.309,7712.519000000005,13.651281686122925,3,2,0,0,1,28.0,20.0,36.0,1.0,1.0,0.0,0.0,2,0,0.0,0.0,0.0,1.0,1.0,0.0,0.0,1.0,0.0,1.0,19,2,2022,11,24,3,0,1,0,1,0,1,LEVE,0
0,1,7,2,4,1,-14.191723,-71.334076,0,4,7,1,2,0,1,2,7586.903,2.0,2,0,1.0,9,5,1198.0,0.4107458749971457,72.1547719826022,75.11691677377222,6.84079438286104,455.9087564374382,2466.282655246253,17779.13499998999,2097.3709999899997,2863.123,12818.640999999989,2878.713,14900.421999989989,16.19152450331032,2,1,0,1,0,37.0,33.0,40.0,1.0,0.0,0.0,0.0,1,0,0.0,0.0,1.0,0.0,0.0,0.0,1.0,0.0,0.0,0.0,19,2,2024,2,4,6,1,0,2,1,0,1,LEVE,0
0,1,12,0,4,0,-7.8210419787,-77.6397806089,0,4,7,1,7,2,2,0,6543.555,2.0,4,4,1.0,14,33,1198.0,0.4686292122960986,72.39347765706144,42.14285241633188,6.687776775372348,878.2652317159998,9440.374732334049,8931.828000000005,1335.5899999999997,1935.9830000000004,5660.255000000005,1219.309,7712.519000000005,13.651281686122925,2,1,1,1,0,17.0,17.0,17.0,1.0,1.0,0.0,0.0,1,0,0.0,0.0,0.0,1.0,0.0,1.0,0.0,0.0,1.0,0.0,20,2,2024,7,7,6,1,0,0,1,0,1,LEVE,0
3,2,19,0,4,1,-6.026737,-80.522233,0,4,7,1,2,2,2,0,6543.555,3.0,2,0,1.0,0,30,1475.0,0.4860724693701166,72.15814961491549,57.86687952143938,7.507596134322599,781.8218439197168,48691.10064239828,8965.846000060003,1782.4120000599992,636.9959999999999,6546.438000000004,2214.505000059999,6751.341000000004,24.699342371541725,3,2,0,0,1,35.0,24.0,46.0,1.0,0.0,0.0,1.0,2,0,0.0,1.0,0.0,0.0,0.0,0.0,1.0,0.0,0.0,0.0,3,0,2022,1,23,6,1,1,0,1,1,1,LEVE,0
6,1,9,0,4,0,-9.925061,-76.36229,0,4,0,0,1,2,2,2,6543.555,2.0,4,4,1.0,14,33,1198.0,0.5563774842369664,77.00938809632027,69.10246351364754,8.476961866273152,914.8835608305218,27932.19700214133,8209.057,1333.4779999999996,791.9770000000001,6083.602,1059.8589999999997,7149.198,12.910849565303296,1,1,0,0,0,34.0,34.0,34.0,1.0,0.0,0.0,1.0,1,0,0.0,1.0,0.0,0.0,0.0,0.0,1.0,0.0,1.0,0.0,23,2,2021,7,19,0,0,1,2,1,0,1,LEVE,0
3,2,20,0,4,1,-15.562489091068612,-70.24074548293383,0,4,7,1,2,2,2,2,1504.4250000000002,2.0,2,0,1.0,7,25,241.0,0.3295055776475686,72.2087445727939,72.62976900035994,6.627409791568738,260.5608856829442,4240.3019271948615,13642.312999999998,2020.7790000000005,2354.117,9267.416999999998,3314.0520000000006,10328.260999999997,24.29244952817019,2,2,0,0,0,38.5,38.0,39.0,1.0,0.0,0.0,0.0,2,0,0.0,0.0,0.0,1.0,1.0,0.0,1.0,1.0,1.0,1.0,16,3,2023,7,8,5,1,0,2,1,0,1,LEVE,0
6,1,3,2,3,4,-16.39678115171792,-71.54263681204017,0,3,7,0,0,2,2,0,6543.555,2.0,4,4,1.0,14,33,1198.0,0.7621671359922388,78.82549845032362,81.65077117756084,13.192212326676357,1538.109987002949,42333.23340471092,10322.272,1495.236,1749.739,7077.2970000000005,2886.595,7435.677000000001,27.964725207783708,1,1,0,0,0,31.0,31.0,31.0,1.0,0.0,0.0,0.0,1,0,0.0,0.0,0.0,1.0,1.0,0.0,0.0,0.0,0.0,0.0,2,0,2021,12,12,6,1,0,0,1,0,1,LEVE,0
1,1,21,2,4,1,-6.127369,-76.843872,0,4,7,0,2,0,0,2,7758.33400008,2.0,2,0,1.0,9,20,2133.0,0.3492524985551798,73.87945975179423,47.35782955662357,4.584830643679292,457.969668231556,16120.93790149893,5645.136,815.0759999999999,965.298,3864.762,1013.406,4631.73,17.95184385283189,2,1,0,1,0,33.0,33.0,33.0,1.0,0.0,1.0,1.0,1,0,0.0,0.0,0.0,1.0,0.0,0.0,1.0,0.0,0.0,0.0,5,0,2021,12,3,4,0,0,1,0,0,1,LEVE,0
1,1,7,0,4,0,-12.9844,-71.427692,0,4,7,1,1,2,2,1,6543.555,2.0,4,4,1.0,14,33,1198.0,0.3612121566150602,62.7406214315804,65.88597983983321,5.981484630062685,454.3036246295292,5308.728051391863,17779.13499998999,2097.3709999899997,2863.123,12818.640999999989,2878.713,14900.421999989989,16.19152450331032,2,1,1,1,0,37.0,33.0,40.0,0.0,0.0,0.0,0.0,1,1,1.0,0.0,0.0,0.0,0.0,0.0,0.0,0.0,0.0,1.0,21,2,2025,4,21,0,0,1,2,1,0,1,LEVE,0
3,2,19,0,4,1,-5.17575,-80.556944,0,4,7,1,2,2,2,0,1305.18,2.0,2,0,1.0,1,20,163.0,0.6220812987247925,80.20155828147696,72.71675503872983,10.02377668600292,1028.915688621886,159840.92719486082,8965.846000060003,1782.4120000599992,636.9959999999999,6546.438000000004,2214.505000059999,6751.341000000004,24.699342371541725,13,2,0,0,11,41.0,41.0,41.0,1.0,0.0,0.0,1.0,2,0,0.0,0.0,0.0,1.0,0.0,1.0,1.0,0.0,1.0,0.0,11,1,2023,9,15,4,0,1,0,1,0,1,GRAVE_LESIONADOS,1
6,1,2,0,4,2,-14.027349884168968,-72.60715432872891,0,4,0,0,7,2,2,0,6543.555,2.0,4,4,1.0,14,33,1198.0,0.1839968578731584,63.055450885140985,54.943022528692666,4.589919106144032,108.68424110943978,1986.5567451820127,8358.971,1282.451,1298.0969999999998,5778.423,1432.683,6926.288,17.139466089785454,2,1,0,0,1,34.0,34.0,34.0,1.0,0.0,0.0,0.0,1,0,0.0,0.0,0.0,1.0,0.0,1.0,0.0,0.0,0.0,0.0,15,3,2021,2,11,3,0,0,2,1,0,1,LEVE,0
3,2,1,2,4,1,-9.019175,-78.616854,0,4,7,1,4,2,2,2,6543.555,3.0,2,0,1.0,0,30,1475.0,0.5767176315100667,78.75852681233434,67.73838141742253,8.602424454954967,961.4146257668338,15940.278372591009,10767.648,1885.0630000000003,1222.721,7659.864000000001,2100.343,8667.305000000002,19.506051832303577,2,2,0,0,0,36.5,29.0,44.0,1.0,0.0,1.0,1.0,2,0,0.0,1.0,0.0,1.0,0.0,1.0,1.0,0.0,0.0,0.0,22,2,2023,1,1,6,1,0,0,1,1,1,LEVE,0
3,2,15,2,2,4,-3.792249472553042,-73.29888612653801,7,0,7,1,2,2,2,0,6543.555,2.0,4,4,1.0,14,33,1198.0,0.578134350962316,72.90307998335238,55.49705098903474,10.509480811415798,1057.596132242517,149460.57173447538,1095.5949999999998,128.87099999999998,320.74700000000007,645.9769999999999,274.214,821.381,25.02877431897737,3,2,0,0,1,25.5,14.0,37.0,1.0,1.0,0.0,1.0,2,0,0.0,0.0,0.0,1.0,1.0,0.0,0.0,1.0,1.0,0.0,22,2,2021,9,18,5,1,1,1,1,0,1,LEVE,0
1,0,13,0,4,1,-6.833033,-79.926935,0,3,7,1,2,2,2,2,51.385000000000005,4.0,2,3,0.0,9,32,30.0,0.582874900209372,79.91553229957624,74.28629633563499,9.98490789682274,850.0456977651463,50544.90364025696,3459.691,515.0619999999999,689.7280000000001,2254.901,703.3549999999999,2756.336,20.329994788551925,2,1,1,1,0,37.0,33.0,40.0,0.0,0.0,0.0,0.0,1,1,1.0,0.0,0.0,0.0,0.0,0.0,0.0,0.0,0.0,1.0,23,2,2021,2,17,2,0,1,0,1,1,1,LEVE,0
0,1,11,2,4,0,-11.7133259935062,-75.4743156211476,0,4,7,1,4,0,1,4,6543.555,2.0,4,4,1.0,14,33,1198.0,0.4677652469344682,68.5542709427832,70.02188506983089,7.474379417150594,692.0363086374093,896.7473233404714,12264.545,1826.4639999999995,1105.5389999999998,9332.542,1588.5359999999996,10676.009,12.952261987705208,2,1,0,1,0,67.0,67.0,67.0,1.0,0.0,0.0,0.0,1,0,0.0,0.0,0.0,1.0,0.0,1.0,0.0,1.0,0.0,1.0,18,2,2023,5,3,2,0,0,2,1,0,1,LEVE,0
3,2,3,2,2,4,-16.375922,-71.538848,0,3,1,0,2,1,1,0,6543.555,2.0,4,4,1.0,14,33,1198.0,0.6738551636003771,78.16730405462371,80.12651178794934,11.26654579524565,1199.6180061497348,97926.27408993576,10322.272,1495.236,1749.739,7077.2970000000005,2886.595,7435.677000000001,27.964725207783708,4,2,0,0,2,28.0,27.0,29.0,1.0,0.0,0.0,1.0,2,0,0.0,0.0,0.0,1.0,1.0,1.0,0.0,0.0,1.0,0.0,22,2,2024,12,19,3,0,1,0,1,0,1,LEVE,0
0,1,10,2,4,0,-14.660909,-75.115472,0,4,7,1,2,1,1,0,6543.555,2.0,4,4,1.0,14,33,1198.0,0.5563774842369664,77.00938809632027,69.10246351364754,8.476961866273152,914.8835608305218,27932.19700214133,3721.461,698.1859999999996,744.866,2278.409,1102.9029999999996,2618.558,29.636290693359403,2,1,0,1,0,32.0,32.0,32.0,0.0,1.0,0.0,1.0,1,0,0.0,0.0,0.0,1.0,1.0,0.0,0.0,1.0,1.0,1.0,6,1,2023,10,14,5,1,0,0,1,0,1,LEVE,0
0,0,2,2,4,2,-13.791937,-73.654092,0,4,7,0,1,2,2,4,6543.555,2.0,4,4,1.0,14,33,1198.0,0.2620281376747534,73.64830841104089,58.49688859847178,4.181672548058226,209.6147731796604,2774.593147751606,8358.971,1282.451,1298.0969999999998,5778.423,1432.683,6926.288,17.139466089785454,2,1,0,1,0,26.0,26.0,26.0,1.0,0.0,0.0,1.0,1,0,0.0,1.0,0.0,0.0,1.0,0.0,0.0,0.0,0.0,0.0,13,3,2021,9,7,1,0,0,2,1,0,1,LEVE,0
3,1,7,2,4,1,-13.48035914616058,-72.44639397031499,0,3,7,1,2,2,2,2,7586.903,2.0,2,0,1.0,9,5,1198.0,0.3401816617977222,71.10991456121904,48.96986934460488,5.376243173322119,394.5611246991025,8685.158458244112,17779.13499998999,2097.3709999899997,2863.123,12818.640999999989,2878.713,14900.421999989989,16.19152450331032,2,2,0,0,0,35.5,29.0,42.0,1.0,0.0,0.0,1.0,2,0,0.0,0.0,0.0,1.0,1.0,1.0,0.0,1.0,1.0,1.0,21,2,2021,10,17,6,1,1,2,1,0,1,LEVE,0
8,0,7,0,3,4,-13.504534,-71.995586,0,4,0,1,3,2,2,2,6543.555,2.0,4,4,1.0,14,33,1198.0,0.659083927657813,75.61465237849653,81.09709385188002,11.294406746128049,1171.1134172238742,122604.71092077089,17779.13499998999,2097.3709999899997,2863.123,12818.640999999989,2878.713,14900.421999989989,16.19152450331032,2,1,0,1,0,67.0,67.0,67.0,1.0,0.0,0.0,0.0,1,0,0.0,1.0,0.0,0.0,0.0,0.0,0.0,0.0,1.0,0.0,3,0,2024,6,16,6,1,1,2,1,0,1,LEVE,0