CLASE SINIESTRO,CANTIDAD DE VEHICULOS DAÑADOS,DEPARTAMENTO,ZONA,TIPO DE VÍA,RED VIAL,COORDENADAS LATITUD,COORDENADAS  LONGITUD,CONDICIÓN CLIMÁTICA,ZONIFICACIÓN,CARACTERÍSTICAS DE VÍA,PERFIL LONGITUDINAL VÍA,SUPERFICIE DE CALZADA,¿EXISTE SEÑAL VERTICAL?,¿EXISTE SEÑAL HORIZONTAL?,CAUSA FACTOR PRINCIPAL,MTC_RVN_LONGITUD_KM,MTC_RVN_N_CARRILES_MEDIANA,MTC_RVN_SUPERFICIE_DOMINANTE,MTC_RVN_ESTADO_DOMINANTE,MTC_RVN_ES_CONCESIONADA,MTC_RVN_CONCESION_PRINCIPAL,MTC_RVN_CORREDOR_LOGISTICO,MTC_RVN_N_TRAMOS,IDH_2019,IDH_ESP_VIDA_2019,IDH_EDUC_SECUND_PCT_2019,IDH_ANIOS_EDUC_2019,IDH_INGRESO_PERCAP_2019,IDH_POBLACION_2019,MTC_DEP_RED_TOTAL_KM,MTC_DEP_NACIONAL_TOTAL_KM,MTC_DEP_DEPARTAMENTAL_TOTAL_KM,MTC_DEP_VECINAL_TOTAL_KM,MTC_DEP_PAV_TOTAL_KM,MTC_DEP_NO_PAV_TOTAL_KM,MTC_DEP_PCT_PAVIMENTADA,PER_TOTAL_PERSONAS,PER_N_CONDUCTORES,PER_N_CONDUCTORES_FUGADOS,PER_N_PEATONES,PER_N_PASAJEROS_OCUPANTES,PER_EDAD_COND_PROM,PER_EDAD_COND_MIN,PER_EDAD_COND_MAX,PER_ANY_COND_MASCULINO,PER_ANY_LIC_PROBLEMA,PER_ANY_DOSAJE_POS,PER_ANY_DOSAJE_EVALUADO,VEH_TOTAL,VEH_N_FUGADOS,VEH_ANY_FUGADO,VEH_ANY_CARGA,VEH_ANY_PUBLICO,VEH_ANY_PARTICULAR,VEH_ANY_MOTO,VEH_ANY_AUTO,VEH_ANY_CAMION_BUS,VEH_ANY_SOAT_PROBLEMA,VEH_ANY_CITV_PROBLEMA,VEH_ANY_SEGURO_PROBLEMA,HORA_NUM,FRANJA_HORARIA,ANIO,MES,DIA_MES,DIA_SEMANA,ES_FIN_SEMANA,ES_QUINCENA,REGION_NATURAL,TIENE_SEÑALIZACION,ES_VIA_MULTICARRIL,ES_DEPTO_BAJO_PAVIMENTO,CATEGORIA_SEVERIDAD,CATEGORIA_SEVERIDAD_ENC
0,1,14,2,4,1,-12.139552,-76.981017,0,2,7,1,2,2,2,4,6639.975,2.0,2,0,1.0,9,31,1616.0,0.8017574897902351,80.48487267736287,78.74302427848284,13.156716040468266,1766.1488062170545,359776.608137045,7626.313,1683.4029999999998,1599.0829999999996,4343.827000000001,1814.875,5811.438000000001,23.797541485643197,2,1,0,1,0,46.0,46.0,46.0,1.0,0.0,0.0,0.0,1,0,0.0,0.0,0.0,1.0,0.0,0.0,1.0,0.0,1.0,0.0,22,2,2021,4,22,3,0,1,0,1,0,1,LEVE,0
10,1,14,2,2,4,-12.06408577,-77.03599514,0,0,0,0,2,2,2,0,6543.555,2.0,4,4,1.0,14,33,1198.0,0.7646845961658533,80.23682119426338,77.96082737891015,12.014176158371615,1633.787715186093,250806.0877944326,7626.313,1683.4029999999998,1599.0829999999996,4343.827000000001,1814.875,5811.438000000001,23.797541485643197,2,1,0,0,1,24.0,24.0,24.0,1.0,0.0,0.0,0.0,1,0,0.0,0.0,0.0,1.0,1.0,0.0,0.0,0.0,1.0,0.0,22,2,2023,8,7,0,0,0,0,1,0,1,LEVE,0
6,1,5,0,4,1,-5.314093,-79.129622,0,4,7,1,1,2,2,2,642.004,1.0,1,3,0.0,9,32,108.0,0.2961204715105615,77.88438170112234,41.86569863763272,4.600191573184063,287.73603514445216,21178.976445396147,15935.565011852366,1733.9250000199986,935.692,13265.948011832368,2000.1670000199988,13935.398011832369,12.551591352627522,2,1,0,0,1,53.0,53.0,53.0,1.0,0.0,0.0,1.0,1,0,0.0,1.0,0.0,0.0,0.0,0.0,1.0,0.0,0.0,0.0,19,2,2024,9,15,6,1,1,2,1,0,1,GRAVE_MORTALIDAD,2
3,1,10,0,4,1,-13.451202,-76.179654,6,5,6,2,6,2,2,0,205.54999999999995,-1.0,2,0,1.0,13,31,15.0,0.5935454717688132,79.82270610044196,65.40471106456853,9.554430232416086,978.9182940808604,5314.299785867237,3721.461,698.1859999999996,744.866,2278.409,1102.9029999999996,2618.558,29.636290693359403,4,3,0,0,1,58.66666666666666,47.0,67.0,1.0,0.0,0.0,0.0,3,0,0.0,1.0,0.0,1.0,0.0,1.0,1.0,0.0,0.0,0.0,20,2,2024,1,30,1,0,1,0,1,0,1,LEVE,0
7,1,7,0,4,2,-13.218509,-72.354399,0,4,0,0,7,2,2,5,6543.555,2.0,4,4,1.0,14,33,1198.0,0.4436910265814239,73.23231952981627,68.31759937357421,6.347812015893606,607.5963608103546,11277.284796573877,17779.13499998999,2097.3709999899997,2863.123,12818.640999999989,2878.713,14900.421999989989,16.19152450331032,2,1,0,0,1,41.0,41.0,41.0,1.0,0.0,0.0,0.0,1,0,0.0,1.0,0.0,0.0,0.0,0.0,0.0,1.0,1.0,1.0,2,0,2023,9,9,5,1,0,2,1,0,1,LEVE,0
5,1,14,2,2,4,-11.86219135,-77.05585282,0,0,1,0,2,2,2,0,6543.555,2.0,4,4,1.0,14,33,1198.0,0.6498693508177541,78.84967382596041,74.11456675539837,9.21786785255454,1246.479589064551,356854.23554603854,7626.313,1683.4029999999998,1599.0829999999996,4343.827000000001,1814.875,5811.438000000001,23.797541485643197,2,2,1,0,0,22.0,22.0,22.0,1.0,0.0,0.0,0.0,2,1,1.0,0.0,0.0,1.0,1.0,0.0,0.0,1.0,1.0,1.0,0,0,2023,7,13,3,0,0,0,1,0,1,LEVE,0
1,1,14,2,4,1,-12.250006357950348,-76.93125838153544,0,0,7,1,2,2,2,0,6639.975,2.0,2,0,1.0,9,31,1616.0,0.6909236767275176,78.41626133969348,70.97436336767564,9.826485374940413,1476.8351947609171,95908.53319057816,7626.313,1683.4029999999998,1599.0829999999996,4343.827000000001,1814.875,5811.438000000001,23.797541485643197,2,1,1,1,0,37.0,33.0,40.0,0.0,0.0,0.0,0.0,1,1,1.0,0.0,0.0,0.0,0.0,0.0,0.0,0.0,0.0,1.0,3,0,2022,12,18,6,1,1,0,1,0,1,LEVE,0
1,1,14,0,4,1,-12.24054167,-76.9477022,0,2,7,1,2,2,2,0,6639.975,2.0,2,0,1.0,9,31,1616.0,0.6990481232857558,80.14597904142546,74.3851677794309,10.004397644056358,1432.5044292531525,459161.0728051392,7626.313,1683.4029999999998,1599.0829999999996,4343.827000000001,1814.875,5811.438000000001,23.797541485643197,2,1,1,1,0,37.0,33.0,40.0,0.0,0.0,0.0,0.0,1,1,1.0,0.0,0.0,0.0,0.0,0.0,0.0,0.0,0.0,1.0,13,3,2023,5,10,2,0,0,0,1,0,1,LEVE,0
7,1,11,2,4,2,-12.040495,-75.325979,2,4,7,1,5,2,2,0,6543.555,2.0,4,4,1.0,14,33,1198.0,0.5386332469506827,73.88284151270877,68.81067018792724,8.629227274673466,856.9051389983388,3560.481798715204,12264.545,1826.4639999999995,1105.5389999999998,9332.542,1588.5359999999996,10676.009,12.952261987705208,2,1,0,0,1,42.0,42.0,42.0,1.0,0.0,0.0,1.0,1,0,0.0,0.0,0.0,1.0,1.0,0.0,0.0,0.0,1.0,0.0,15,3,2022,11,1,1,0,0,2,1,0,1,LEVE,0
0,1,6,2,4,3,-11.9031767,-77.130385417,0,2,5,0,1,1,0,2,6543.555,2.0,4,4,1.0,14,33,1198.0,0.5563774842369664,77.00938809632027,69.10246351364754,8.476961866273152,914.8835608305218,27932.19700214133,51.58600000000001,44.68700000000001,6.899000000000001,0.0,49.838000000000015,1.748,96.61148373589734,2,1,0,1,0,38.0,38.0,38.0,1.0,0.0,0.0,0.0,1,0,0.0,0.0,0.0,1.0,0.0,0.0,1.0,0.0,1.0,0.0,15,3,2022,5,4,2,0,0,2,1,0,0,LEVE,0
0,0,14,2,2,4,-12.081611,-77.017685,0,0,1,1,2,2,2,0,6543.555,2.0,4,4,1.0,14,33,1198.0,0.7141594849782824,79.90829932185413,74.79179886803175,10.522504814235935,1482.4793645077043,156887.87152034265,7626.313,1683.4029999999998,1599.0829999999996,4343.827000000001,1814.875,5811.438000000001,23.797541485643197,2,1,0,1,0,46.0,46.0,46.0,1.0,1.0,0.0,1.0,1,0,0.0,0.0,0.0,1.0,0.0,1.0,0.0,0.0,1.0,0.0,2,0,2022,5,8,6,1,0,0,1,0,1,LEVE,0
3,2,3,0,4,1,-15.9879738,-71.2530199,0,4,7,1,2,0,1,0,1504.4250000000002,2.0,2,0,1.0,7,25,241.0,0.4498224071382834,81.63336343193146,58.84842497065013,5.774685730039019,620.6584683449911,1358.612419700214,10322.272,1495.236,1749.739,7077.2970000000005,2886.595,7435.677000000001,27.964725207783708,13,2,0,0,11,45.5,24.0,67.0,1.0,1.0,0.0,0.0,2,0,0.0,1.0,1.0,0.0,0.0,1.0,1.0,0.0,0.0,0.0,4,0,2022,6,12,6,1,0,0,1,0,1,GRAVE_MORTALIDAD,2
0,1,7,0,4,1,-13.4868578,-72.05602,0,4,7,0,2,1,1,4,254.66,2.0,2,0,0.0,9,2,93.0,0.5501839526247441,74.57018076662551,79.68189360555867,8.95789239551298,819.0489811909576,2400.9036402569595,17779.13499998999,2097.3709999899997,2863.123,12818.640999999989,2878.713,14900.421999989989,16.19152450331032,2,1,0,1,0,36.0,36.0,36.0,1.0,1.0,0.0,1.0,1,0,0.0,0.0,0.0,1.0,0.0,1.0,0.0,0.0,0.0,0.0,19,2,2022,7,25,0,0,1,2,1,0,1,LEVE,0
3,2,12,0,4,1,-7.250215,-79.479839,0,4,7,1,2,2,2,2,6543.555,3.0,2,0,1.0,0,30,1475.0,0.5650979329787121,81.32490571897102,68.6769211482833,7.868096912305706,909.6843705053026,43897.946466809415,8931.828000000005,1335.5899999999997,1935.9830000000004,5660.255000000005,1219.309,7712.519000000005,13.651281686122925,2,2,0,0,0,38.0,31.0,45.0,1.0,1.0,0.0,0.0,2,0,0.0,0.0,1.0,0.0,1.0,0.0,1.0,0.0,0.0,1.0,21,2,2022,6,19,6,1,1,0,1,1,1,LEVE,0
6,1,10,0,4,1,-13.383238,-76.204166,0,4,7,1,2,2,2,0,6639.975,2.0,2,0,1.0,9,31,1616.0,0.5736744275518083,81.67473861808857,68.1608574885675,9.138785887908334,865.1176766860625,26660.92933618844,3721.461,698.1859999999996,744.866,2278.409,1102.9029999999996,2618.558,29.636290693359403,5,1,0,0,4,20.0,20.0,20.0,1.0,0.0,0.0,0.0,1,0,0.0,0.0,0.0,1.0,0.0,1.0,0.0,0.0,0.0,0.0,6,1,2023,4,25,1,0,1,0,1,0,1,GRAVE_LESIONADOS,1
6,1,5,0,4,2,-6.998466,-78.713159,2,4,7,0,1,2,2,0,6543.555,2.0,4,4,1.0,14,33,1198.0,0.2741996735144121,67.87327980496377,34.62824886204975,4.027767902888583,340.12388239954726,2984.6616702355464,15935.565011852366,1733.9250000199986,935.692,13265.948011832368,2000.1670000199988,13935.398011832369,12.551591352627522,3,1,0,0,2,23.0,23.0,23.0,1.0,0.0,0.0,1.0,1,0,0.0,1.0,0.0,0.0,0.0,0.0,1.0,0.0,1.0,0.0,19,2,2021,10,29,4,0,1,2,1,0,1,GRAVE_MORTALIDAD,2
0,0,7,0,4,2,-13.894644,-72.039359,0,4,7,1,1,2,2,4,6543.555,2.0,4,4,1.0,14,33,1198.0,0.2244190091334229,64.64082794550986,42.795438259848936,3.80933887341347,206.36543146846336,2897.199143468951,17779.13499998999,2097.3709999899997,2863.123,12818.640999999989,2878.713,14900.421999989989,16.19152450331032,2,1,0,1,0,20.0,20.0,20.0,1.0,0.0,0.0,1.0,1,0,0.0,0.0,0.0,1.0,0.0,0.0,1.0,0.0,1.0,0.0,19,2,2024,7,7,6,1,0,2,1,0,1,LEVE,0
3,2,20,0,4,1,-16.2239721,-69.4623816,0,4,0,1,2,2,2,2,7586.903,2.0,2,0,1.0,9,5,1198.0,0.4138545322335047,72.42365757071663,75.18782800461412,7.422478928805024,440.156451811849,19964.802997858675,13642.312999999998,2020.7790000000005,2354.117,9267.416999999998,3314.0520000000006,10328.260999999997,24.29244952817019,7,2,0,0,5,44.0,29.0,59.0,1.0,1.0,0.0,0.0,2,0,0.0,1.0,0.0,0.0,1.0,0.0,1.0,0.0,0.0,1.0,7,1,2023,7,12,2,0,0,2,1,0,1,GRAVE_MORTALIDAD,2
3,1,14,2,4,1,-12.131482,-76.978481,0,0,7,1,2,2,2,2,6639.975,2.0,2,0,1.0,9,31,1616.0,0.8017574897902351,80.48487267736287,78.74302427848284,13.156716040468266,1766.1488062170545,359776.608137045,7626.313,1683.4029999999998,1599.0829999999996,4343.827000000001,1814.875,5811.438000000001,23.797541485643197,2,2,0,0,0,33.5,21.0,46.0,1.0,0.0,0.0,0.0,2,0,0.0,0.0,1.0,1.0,1.0,0.0,1.0,0.0,1.0,0.0,4,0,2023,1,4,2,0,0,0,1,0,1,LEVE,0
0,1,3,2,4,1,-16.2958435782469,-71.6284940971826,0,4,7,1,2,1,0,0,1504.4250000000002,2.0,2,0,1.0,7,25,241.0,0.7653437300682744,78.6226545944725,83.51549406889337,13.790438975095991,1507.4228664951638,27292.80085653105,10322.272,1495.236,1749.739,7077.2970000000005,2886.595,7435.677000000001,27.964725207783708,2,1,0,1,0,35.0,35.0,35.0,1.0,0.0,0.0,1.0,1,0,0.0,1.0,0.0,0.0,0.0,0.0,1.0,0.0,0.0,0.0,17,3,2025,1,29,2,0,1,0,1,0,1,LEVE,0
0,1,14,2,2,4,-11.995378150934302,-77.07985320453479,0,3,1,1,2,2,2,2,6543.555,2.0,4,4,1.0,14,33,1198.0,0.758462599563312,80.5192231989937,79.20045639149897,11.33839041452458,1628.5661148492152,363987.54389721627,7626.313,1683.4029999999998,1599.0829999999996,4343.827000000001,1814.875,5811.438000000001,23.797541485643197,2,1,0,1,0,29.0,29.0,29.0,1.0,0.0,0.0,0.0,1,0,0.0,0.0,0.0,1.0,1.0,0.0,0.0,1.0,1.0,0.0,6,1,2021,9,5,6,1,0,0,1,0,1,LEVE,0
6,1,20,0,4,0,-14.759242030337152,-69.98416814582984,0,4,7,1,2,2,2,5,6543.555,2.0,4,4,1.0,14,33,1198.0,0.2703664339761765,66.68338818571706,75.95280389907683,5.485681327527101,192.93444381627555,7594.096359743041,13642.312999999998,2020.7790000000005,2354.117,9267.416999999998,3314.0520000000006,10328.260999999997,24.29244952817019,2,1,0,0,1,43.0,43.0,43.0,1.0,0.0,0.0,0.0,1,0,0.0,0.0,0.0,1.0,0.0,0.0,1.0,0.0,0.0,0.0,19,2,2024,1,28,6,1,1,2,1,0,1,LEVE,0
3,2,7,0,4,1,-12.8943499,-72.685834,0,4,0,0,2,1,1,2,3447.8009999999995,1.0,2,3,0.0,9,12,1109.0,0.5803892132127203,77.20158157453214,80.09764322421019,9.63293466488124,868.3252877671093,30810.066381156317,17779.13499998999,2097.3709999899997,2863.123,12818.640999999989,2878.713,14900.421999989989,16.19152450331032,2,2,0,0,0,34.5,23.0,46.0,1.0,0.0,0.0,1.0,2,0,0.0,0.0,0.0,1.0,1.0,0.0,1.0,0.0,1.0,1.0,18,2,2022,7,24,6,1,1,2,1,0,1,LEVE,0
1,0,11,2,4,1,-11.70311,-75.559091,0,4,7,1,2,2,2,0,311.82,2.0,2,0,0.0,9,32,74.0,0.4846609581848212,71.70970037684953,62.978404663645314,7.681608625268467,740.7899756467436,5696.379014989293,12264.545,1826.4639999999995,1105.5389999999998,9332.542,1588.5359999999996,10676.009,12.952261987705208,2,1,1,1,0,37.0,33.0,40.0,0.0,0.0,0.0,0.0,1,1,1.0,0.0,0.0,0.0,0.0,0.0,0.0,0.0,0.0,1.0,12,3,2021,4,22,3,0,1,2,1,0,1,LEVE,0
6,1,5,2,4,1,-7.21591823,-78.77398246,7,4,0,1,1,2,2,0,887.28,2.0,2,0,1.0,8,17,155.0,0.2737187302851982,67.63966633396905,40.953211486842825,3.7263390622442008,336.78785003448525,4122.6017130620985,15935.565011852366,1733.9250000199986,935.692,13265.948011832368,2000.1670000199988,13935.398011832369,12.551591352627522,2,1,1,0,1,37.0,33.0,40.0,0.0,0.0,0.0,0.0,1,0,0.0,0.0,0.0,1.0,1.0,0.0,0.0,1.0,0.0,1.0,10,1,2022,5,8,6,1,0,2,1,0,1,LEVE,0
3,1,20,0,4,1,-15.1432686,-69.8198488,0,4,7,1,2,2,2,2,1762.84,2.0,1,0,0.0,9,32,485.0,0.4032210196156518,69.57344393979501,70.66462432904875,7.051546041958483,460.5210312161111,14743.678800856533,13642.312999999998,2020.7790000000005,2354.117,9267.416999999998,3314.0520000000006,10328.260999999997,24.29244952817019,2,2,0,0,0,28.0,17.0,39.0,1.0,1.0,0.0,0.0,2,0,0.0,1.0,0.0,1.0,1.0,0.0,1.0,1.0,1.0,1.0,23,2,2022,7,20,2,0,1,2,1,0,1,LEVE,0
1,0,12,2,2,4,-8.09725721179942,-79.06948865796765,0,0,7,1,2,2,2,0,6543.555,2.0,4,4,1.0,14,33,1198.0,0.583006771156836,78.2441938961209,62.24037484511178,8.807312392374042,1028.2282118265089,76607.295503212,8931.828000000005,1335.5899999999997,1935.9830000000004,5660.255000000005,1219.309,7712.519000000005,13.651281686122925,2,1,1,1,0,37.0,33.0,40.0,0.0,0.0,0.0,0.0,1,1,1.0,0.0,0.0,0.0,0.0,0.0,0.0,0.0,0.0,1.0,14,3,2022,2,4,4,0,0,0,1,0,1,LEVE,0
0,1,20,0,4,1,-16.000244595944547,-69.76599430623706,0,4,7,1,2,0,1,4,7586.903,2.0,2,0,1.0,9,5,1198.0,0.3247057995130503,73.24682709519536,76.81044161661171,6.507336567861034,242.9773157546694,24872.03426124197,13642.312999999998,2020.7790000000005,2354.117,9267.416999999998,3314.0520000000006,10328.260999999997,24.29244952817019,2,1,0,1,0,43.0,43.0,43.0,1.0,0.0,0.0,0.0,1,0,0.0,0.0,1.0,0.0,0.0,0.0,1.0,0.0,0.0,0.0,7,1,2021,9,16,3,0,1,2,1,0,1,LEVE,0
1,0,20,0,4,1,-15.017495,-70.1798524,0,4,7,1,2,2,2,2,1761.8050000000003,2.0,2,0,1.0,6,22,410.0,0.192208961369019,68.76766266610497,65.94920879656723,5.568539909379126,92.3572780511386,4011.042826552462,13642.312999999998,2020.7790000000005,2354.117,9267.416999999998,3314.0520000000006,10328.260999999997,24.29244952817019,2,1,1,1,0,37.0,33.0,40.0,0.0,0.0,0.0,0.0,1,1,1.0,0.0,0.0,1.0,0.0,0.0,0.0,1.0,1.0,0.0,18,2,2021,7,9,4,0,0,2,1,0,1,LEVE,0
5,1,13,0,4,1,-6.213567,-79.701722,0,4,7,1,2,2,2,0,1305.18,2.0,2,0,1.0,1,20,163.0,0.4974674218418852,75.93907983080418,58.3357972839862,7.69595447676265,761.2908213145297,28734.96573875803,3459.691,515.0619999999999,689.7280000000001,2254.901,703.3549999999999,2756.336,20.329994788551925,4,2,1,0,2,58.0,58.0,58.0,1.0,1.0,0.0,0.0,2,1,1.0,1.0,0.0,0.0,1.0,0.0,0.0,0.0,1.0,1.0,19,2,2021,5,16,6,1,1,0,1,0,1,LEVE,0
6,1,12,0,4,2,-7.898456885811393,-78.62447807792047,0,4,7,1,7,2,2,2,6543.555,2.0,4,4,1.0,14,33,1198.0,0.3809823047796905,74.4473973089921,51.51705644975158,5.622573590650768,479.1502137748447,26695.141327623125,8931.828000000005,1335.5899999999997,1935.9830000000004,5660.255000000005,1219.309,7712.519000000005,13.651281686122925,1,1,0,0,0,37.0,37.0,37.0,1.0,0.0,0.0,0.0,1,0,0.0,1.0,0.0,0.0,0.0,0.0,1.0,0.0,1.0,0.0,14,3,2024,11,5,1,0,0,0,1,0,1,LEVE,0
0,1,21,2,4,1,-5.92532612047425,-77.31517099342778,0,0,7,1,2,2,2,2,7758.33400008,2.0,2,0,1.0,9,20,2133.0,0.4789759027469384,73.43778249935497,54.01635312204597,6.285279694551369,847.2910954428505,47552.6295503212,5645.136,815.0759999999999,965.298,3864.762,1013.406,4631.73,17.95184385283189,2,1,0,1,0,20.0,20.0,20.0,1.0,0.0,1.0,1.0,1,0,0.0,0.0,0.0,1.0,0.0,1.0,0.0,0.0,0.0,0.0,15,3,2021,3,13,5,1,0,1,1,0,1,LEVE,0
3,3,9,2,4,1,-9.913026,-76.23101,0,4,7,0,2,2,2,2,693.175,2.0,2,3,0.0,9,10,249.0,0.6180444460983137,74.03039022888252,77.03642562714263,10.109576076622472,1095.6415212894094,74635.5374732334,8209.057,1333.4779999999996,791.9770000000001,6083.602,1059.8589999999997,7149.198,12.910849565303296,3,3,0,0,0,42.66666666666666,29.0,63.0,1.0,0.0,1.0,1.0,3,0,0.0,0.0,1.0,1.0,1.0,1.0,0.0,0.0,1.0,1.0,20,2,2021,1,10,6,1,0,2,1,0,1,LEVE,0
0,1,13,0,4,2,-6.85114,-79.86239,5,4,7,1,2,2,2,0,6543.555,2.0,4,4,1.0,14,33,1198.0,0.4741120956135246,82.20413595948395,63.9148290245543,7.357156496189524,585.9356712133833,32071.66595289079,3459.691,515.0619999999999,689.7280000000001,2254.901,703.3549999999999,2756.336,20.329994788551925,2,1,0,1,0,77.0,77.0,77.0,1.0,1.0,0.0,1.0,1,0,0.0,0.0,0.0,1.0,0.0,1.0,0.0,1.0,1.0,1.0,6,1,2022,6,1,2,0,0,0,1,0,1,LEVE,0
3,1,10,0,4,1,-13.989206,-75.694907,0,4,7,1,7,2,2,0,583.2950000000001,1.0,1,3,0.0,9,32,248.0,0.6334452857707165,80.80911649970582,77.64182672621133,10.427088264173843,1015.7414505565088,38005.36402569593,3721.461,698.1859999999996,744.866,2278.409,1102.9029999999996,2618.558,29.636290693359403,2,2,0,0,0,21.5,21.0,22.0,1.0,1.0,0.0,0.0,2,0,0.0,0.0,0.0,1.0,1.0,0.0,0.0,0.0,1.0,0.0,5,0,2024,6,9,6,1,0,0,1,0,1,LEVE,0
1,1,14,0,4,1,-11.15272,-77.59578,0,4,7,1,2,2,2,0,6543.555,3.0,2,0,1.0,0,30,1475.0,0.7327345537337897,78.20903814342847,76.31492653513806,13.642917835589472,1405.6698219039215,62016.21841541756,7626.313,1683.4029999999998,1599.0829999999996,4343.827000000001,1814.875,5811.438000000001,23.797541485643197,2,1,1,1,0,37.0,33.0,40.0,0.0,0.0,0.0,0.0,1,1,1.0,0.0,0.0,0.0,0.0,0.0,0.0,0.0,0.0,1.0,20,2,2024,8,8,3,0,0,0,1,1,1,LEVE,0
6,1,11,0,4,1,-10.94005315194511,-75.19719296823605,6,5,6,2,6,2,2,0,5768.608,2.0,3,1,0.0,9,32,365.0,0.4295860411633357,74.52920034355449,56.24873272101314,6.697659727647938,572.4658040665552,73767.52890792291,12264.545,1826.4639999999995,1105.5389999999998,9332.542,1588.5359999999996,10676.009,12.952261987705208,1,1,0,0,0,27.0,27.0,27.0,1.0,0.0,0.0,0.0,1,0,0.0,0.0,0.0,1.0,1.0,0.0,0.0,0.0,1.0,0.0,5,0,2022,3,27,6,1,1,2,1,0,1,LEVE,0
6,1,14,2,2,4,-12.23976275180896,-76.91212091224831,0,0,9,0,2,2,2,0,6543.555,2.0,4,4,1.0,14,33,1198.0,0.6990481232857558,80.14597904142546,74.3851677794309,10.004397644056358,1432.5044292531525,459161.0728051392,7626.313,1683.4029999999998,1599.0829999999996,4343.827000000001,1814.875,5811.438000000001,23.797541485643197,1,1,0,0,0,44.0,44.0,44.0,1.0,0.0,0.0,0.0,1,0,0.0,1.0,0.0,0.0,0.0,0.0,1.0,1.0,0.0,1.0,20,2,2023,7,12,2,0,0,0,1,0,1,LEVE,0
6,1,11,0,4,2,-11.6667088728739,-75.6493071178522,0,4,0,0,7,2,2,2,6543.555,2.0,4,4,1.0,14,33,1198.0,0.3330896375128749,69.3304844742762,37.66961964802841,4.926898830049109,463.0955385072983,1470.745182012848,12264.545,1826.4639999999995,1105.5389999999998,9332.542,1588.5359999999996,10676.009,12.952261987705208,1,1,0,0,0,37.0,33.0,40.0,1.0,0.0,0.0,0.0,1,0,0.0,0.0,0.0,1.0,1.0,0.0,0.0,1.0,1.0,1.0,1,0,2022,5,31,1,0,1,2,1,0,1,LEVE,0
1,1,7,0,4,3,-13.1838992,-71.353975,0,4,0,0,7,2,2,0,6543.555,2.0,4,4,1.0,14,33,1198.0,0.2466226927938573,59.50771953912937,42.678907967899015,3.991373779253808,285.51302601039464,12676.173447537472,17779.13499998999,2097.3709999899997,2863.123,12818.640999999989,2878.713,14900.421999989989,16.19152450331032,2,1,1,1,0,37.0,33.0,40.0,1.0,0.0,0.0,0.0,1,1,1.0,0.0,0.0,0.0,0.0,0.0,0.0,0.0,0.0,0.0,5,0,2021,7,11,6,1,0,2,1,0,1,LEVE,0
3,2,19,2,6,4,-5.087569,-80.158725,0,0,7,1,4,2,2,0,6543.555,2.0,4,4,1.0,14,33,1198.0,0.4653748048968089,74.19666709322776,61.11371397478021,6.596218102126203,701.9088264424688,75914.02997858672,8965.846000060003,1782.4120000599992,636.9959999999999,6546.438000000004,2214.505000059999,6751.341000000004,24.699342371541725,4,3,0,0,1,24.5,24.0,25.0,1.0,1.0,1.0,1.0,3,0,0.0,1.0,0.0,1.0,1.0,0.0,1.0,1.0,1.0,1.0,18,2,2021,11,29,0,0,1,0,1,0,1,LEVE,0
6,1,2,0,4,1,-14.065016610059931,-72.06663619986575,0,4,5,1,2,1,0,2,781.9099999999999,-1.0,0,3,0.0,9,32,75.0,0.2890033757841554,71.08739551307794,72.02833342283576,4.396397733737986,248.45269054492056,5861.336188436831,8358.971,1282.451,1298.0969999999998,5778.423,1432.683,6926.288,17.139466089785454,1,1,0,0,0,43.0,43.0,43.0,1.0,0.0,0.0,0.0,1,0,0.0,1.0,0.0,0.0,0.0,0.0,1.0,0.0,0.0,0.0,20,2,2021,4,5,0,0,0,2,1,0,1,LEVE,0
10,1,2,0,4,3,-13.781952,-73.41439,0,4,5,0,7,2,2,6,6543.555,2.0,4,4,1.0,14,33,1198.0,0.5127888132519094,75.56818459680073,75.23806976002929,8.476961866273152,698.0439852679892,48362.40899357601,8358.971,1282.451,1298.0969999999998,5778.423,1432.683,6926.288,17.139466089785454,2,1,0,0,1,24.0,24.0,24.0,1.0,1.0,0.0,0.0,1,0,0.0,0.0,0.0,0.0,0.0,0.0,0.0,1.0,1.0,1.0,9,1,2023,7,10,0,0,0,2,1,0,1,LEVE,0
0,1,12,2,2,4,-8.0735967,-79.0487591,0,0,7,1,2,2,2,4,6543.555,2.0,4,4,1.0,14,33,1198.0,0.5961574154611067,78.8610661942771,67.40352037574897,9.291971962737568,1010.620438228636,197397.5888650964,8931.828000000005,1335.5899999999997,1935.9830000000004,5660.255000000005,1219.309,7712.519000000005,13.651281686122925,2,1,0,1,0,21.0,21.0,21.0,1.0,0.0,0.0,0.0,1,0,0.0,0.0,0.0,1.0,1.0,0.0,0.0,0.0,0.0,0.0,23,2,2022,12,21,2,0,1,0,1,0,1,LEVE,0
6,1,12,2,2,4,-8.1235419927,-79.02295564,0,2,4,1,2,2,2,2,6543.555,2.0,4,4,1.0,14,33,1198.0,0.7151155191839451,79.57652607829836,77.25576500264712,11.809756866444314,1377.9438475528384,331253.00214132766,8931.828000000005,1335.5899999999997,1935.9830000000004,5660.255000000005,1219.309,7712.519000000005,13.651281686122925,1,1,0,0,0,30.0,30.0,30.0,1.0,1.0,0.0,0.0,1,0,0.0,0.0,0.0,1.0,1.0,0.0,0.0,1.0,0.0,0.0,2,0,2024,4,25,3,0,1,0,1,0,1,LEVE,0
1,1,20,0,4,2,-16.060226535558993,-69.48100453574796,0,4,7,1,7,2,2,0,6543.555,2.0,4,4,1.0,14,33,1198.0,0.2613641192883233,79.6090612964439,69.87345878214366,5.552108294960823,147.53606639786318,10083.702355460387,13642.312999999998,2020.7790000000005,2354.117,9267.416999999998,3314.0520000000006,10328.260999999997,24.29244952817019,2,1,1,1,0,37.0,33.0,40.0,0.0,0.0,0.0,0.0,1,1,1.0,0.0,0.0,0.0,0.0,0.0,0.0,0.0,0.0,1.0,8,1,2022,11,23,2,0,1,2,1,0,1,LEVE,0
3,1,7,0,4,1,-15.0239342123667,-71.147741990517,0,4,7,1,2,2,2,2,568.5409999999999,1.0,2,3,0.0,9,3,93.0,0.3491291336434085,68.34579473193322,63.63866309000273,4.984551874124405,419.36068685534286,1114.627408993576,17779.13499998999,2097.3709999899997,2863.123,12818.640999999989,2878.713,14900.421999989989,16.19152450331032,3,2,0,0,1,28.5,26.0,31.0,1.0,0.0,0.0,0.0,2,0,0.0,0.0,1.0,1.0,0.0,1.0,1.0,0.0,1.0,0.0,11,1,2025,6,30,0,0,1,2,1,0,1,LEVE,0
3,3,19,0,4,0,-4.91742,-80.8442,0,4,0,1,2,1,0,0,6543.555,2.0,4,4,1.0,14,33,1198.0,0.5428409581568773,81.13869061428008,68.17092411381827,7.297645058046871,855.3136782439924,12632.488222698072,8965.846000060003,1782.4120000599992,636.9959999999999,6546.438000000004,2214.505000059999,6751.341000000004,24.699342371541725,3,3,0,0,0,46.0,30.0,57.0,1.0,1.0,0.0,1.0,3,0,0.0,0.0,0.0,1.0,1.0,1.0,1.0,1.0,0.0,1.0,9,1,2021,8,21,5,1,1,0,1,0,1,LEVE,0
10,0,14,2,4,1,-12.131299,-76.978347,0,3,7,1,2,2,2,0,6639.975,2.0,2,0,1.0,9,31,1616.0,0.8017574897902351,80.48487267736287,78.74302427848284,13.156716040468266,1766.1488062170545,359776.608137045,7626.313,1683.4029999999998,1599.0829999999996,4343.827000000001,1814.875,5811.438000000001,23.797541485643197,2,1,0,0,1,25.0,25.0,25.0,1.0,1.0,0.0,0.0,1,0,0.0,0.0,0.0,1.0,1.0,0.0,0.0,0.0,1.0,0.0,3,0,2021,7,4,6,1,0,0,1,0,1,LEVE,0