CLASE SINIESTRO,CANTIDAD DE VEHICULOS DAÑADOS,DEPARTAMENTO,ZONA,TIPO DE VÍA,RED VIAL,COORDENADAS LATITUD,COORDENADAS  LONGITUD,CONDICIÓN CLIMÁTICA,ZONIFICACIÓN,CARACTERÍSTICAS DE VÍA,PERFIL LONGITUDINAL VÍA,SUPERFICIE DE CALZADA,¿EXISTE SEÑAL VERTICAL?,¿EXISTE SEÑAL HORIZONTAL?,CAUSA FACTOR PRINCIPAL,MTC_RVN_LONGITUD_KM,MTC_RVN_N_CARRILES_MEDIANA,MTC_RVN_SUPERFICIE_DOMINANTE,MTC_RVN_ESTADO_DOMINANTE,MTC_RVN_ES_CONCESIONADA,MTC_RVN_CONCESION_PRINCIPAL,MTC_RVN_CORREDOR_LOGISTICO,MTC_RVN_N_TRAMOS,IDH_2019,IDH_ESP_VIDA_2019,IDH_EDUC_SECUND_PCT_2019,IDH_ANIOS_EDUC_2019,IDH_INGRESO_PERCAP_2019,IDH_POBLACION_2019,MTC_DEP_RED_TOTAL_KM,MTC_DEP_NACIONAL_TOTAL_KM,MTC_DEP_DEPARTAMENTAL_TOTAL_KM,MTC_DEP_VECINAL_TOTAL_KM,MTC_DEP_PAV_TOTAL_KM,MTC_DEP_NO_PAV_TOTAL_KM,MTC_DEP_PCT_PAVIMENTADA,PER_TOTAL_PERSONAS,PER_N_CONDUCTORES,PER_N_CONDUCTORES_FUGADOS,PER_N_PEATONES,PER_N_PASAJEROS_OCUPANTES,PER_EDAD_COND_PROM,PER_EDAD_COND_MIN,PER_EDAD_COND_MAX,PER_ANY_COND_MASCULINO,PER_ANY_LIC_PROBLEMA,PER_ANY_DOSAJE_POS,PER_ANY_DOSAJE_EVALUADO,VEH_TOTAL,VEH_N_FUGADOS,VEH_ANY_FUGADO,VEH_ANY_CARGA,VEH_ANY_PUBLICO,VEH_ANY_PARTICULAR,VEH_ANY_MOTO,VEH_ANY_AUTO,VEH_ANY_CAMION_BUS,VEH_ANY_SOAT_PROBLEMA,VEH_ANY_CITV_PROBLEMA,VEH_ANY_SEGURO_PROBLEMA,HORA_NUM,FRANJA_HORARIA,ANIO,MES,DIA_MES,DIA_SEMANA,ES_FIN_SEMANA,ES_QUINCENA,REGION_NATURAL,TIENE_SEÑALIZACION,ES_VIA_MULTICARRIL,ES_DEPTO_BAJO_PAVIMENTO,CATEGORIA_SEVERIDAD,CATEGORIA_SEVERIDAD_ENC
3,2,2,0,4,1,-14.034292517777958,-73.22030496516825,0,4,3,0,2,1,1,2,311.82,2.0,2,0,0.0,9,32,74.0,0.3212977703507136,68.11120294643938,82.64364236134574,5.08423694435274,295.2695578638757,865.5139186295503,8358.971,1282.451,1298.0969999999998,5778.423,1432.683,6926.288,17.139466089785454,3,2,0,0,1,37.0,36.0,38.0,1.0,0.0,0.0,0.0,2,0,0.0,0.0,0.0,1.0,0.0,1.0,0.0,0.0,0.0,0.0,11,1,2021,6,10,3,0,0,2,1,0,1,LEVE,0
3,2,7,0,4,1,-13.31614,-71.994334,0,4,0,1,2,0,0,2,3447.8009999999995,1.0,2,3,0.0,9,12,1109.0,0.4562958894633943,70.99144093489087,58.8848672914879,7.768452023359112,649.1045217688833,23833.353319057816,17779.13499998999,2097.3709999899997,2863.123,12818.640999999989,2878.713,14900.421999989989,16.19152450331032,3,2,0,0,1,34.0,31.0,37.0,1.0,0.0,0.0,0.0,2,0,0.0,0.0,0.0,1.0,1.0,0.0,0.0,0.0,1.0,1.0,19,2,2024,8,24,5,1,1,2,0,0,1,GRAVE_MORTALIDAD,2
3,2,7,0,4,1,-14.15364,-71.391025,0,4,7,1,2,2,2,2,7586.903,2.0,2,0,1.0,9,5,1198.0,0.4337173562104641,75.15065004139942,79.9974723492709,7.143524482711378,473.5348889931674,5193.304068522484,17779.13499998999,2097.3709999899997,2863.123,12818.640999999989,2878.713,14900.421999989989,16.19152450331032,3,2,0,0,1,28.0,27.0,29.0,1.0,1.0,0.0,1.0,2,0,0.0,0.0,0.0,1.0,1.0,1.0,0.0,1.0,1.0,1.0,15,3,2025,9,10,2,0,0,2,1,0,1,LEVE,0
3,1,3,0,4,1,-16.730864,-71.947974,7,4,7,1,2,0,0,0,289.55,2.0,2,0,1.0,7,25,10.0,0.6456305778571253,75.67334095395331,77.09261911098552,10.479683603540597,1179.2653123056473,21630.747323340474,10322.272,1495.236,1749.739,7077.2970000000005,2886.595,7435.677000000001,27.964725207783708,2,2,0,0,0,35.5,30.0,41.0,1.0,0.0,0.0,0.0,2,0,0.0,0.0,1.0,1.0,0.0,0.0,1.0,0.0,0.0,1.0,19,2,2023,10,15,6,1,1,0,0,0,1,LEVE,0
6,1,7,0,4,1,-14.299662,-71.213943,2,4,7,1,2,2,2,2,7586.903,2.0,2,0,1.0,9,5,1198.0,0.5265643824923771,76.3202150422939,72.59240802938885,8.636399400985075,746.7361126929013,59032.11777301927,17779.13499998999,2097.3709999899997,2863.123,12818.640999999989,2878.713,14900.421999989989,16.19152450331032,1,1,0,0,0,24.0,24.0,24.0,1.0,1.0,0.0,0.0,1,0,0.0,0.0,0.0,1.0,1.0,0.0,0.0,1.0,0.0,1.0,0,0,2025,3,7,4,0,0,2,1,0,1,LEVE,0
6,1,14,2,7,4,-12.1135039034589,-77.0510165416255,6,5,6,2,6,2,2,0,6543.555,2.0,4,4,1.0,14,33,1198.0,0.8326399351216524,80.31446032722859,77.78409882620639,13.96507415980228,1925.7868972542449,87898.66595289079,7626.313,1683.4029999999998,1599.0829999999996,4343.827000000001,1814.875,5811.438000000001,23.797541485643197,2,1,0,0,1,37.0,33.0,40.0,1.0,0.0,0.0,0.0,1,0,0.0,0.0,0.0,1.0,0.0,1.0,0.0,1.0,1.0,1.0,7,1,2022,3,28,0,0,1,0,1,0,1,LEVE,0
3,1,19,0,4,2,-5.317156,-80.664956,0,4,7,1,2,2,2,0,6543.555,2.0,4,4,1.0,14,33,1198.0,0.5034350778485951,78.14388603810477,62.51585839041032,7.698619805954479,731.8176685454189,76220.84796573877,8965.846000060003,1782.4120000599992,636.9959999999999,6546.438000000004,2214.505000059999,6751.341000000004,24.699342371541725,3,2,0,0,1,17.5,15.0,20.0,1.0,1.0,0.0,1.0,2,0,0.0,0.0,1.0,1.0,1.0,1.0,0.0,0.0,1.0,1.0,10,1,2023,9,10,6,1,0,0,1,0,1,LEVE,0
3,1,5,2,4,1,-7.216566,-78.915727,0,0,0,1,2,1,0,2,887.28,2.0,2,0,1.0,8,17,155.0,0.4095613714220312,69.95619674953491,51.15883533026865,6.044934648261815,612.9415521199578,3213.601713062099,15935.565011852366,1733.9250000199986,935.692,13265.948011832368,2000.1670000199988,13935.398011832369,12.551591352627522,3,2,0,0,1,41.5,29.0,54.0,1.0,1.0,0.0,1.0,2,0,0.0,1.0,0.0,1.0,1.0,0.0,0.0,1.0,1.0,1.0,15,3,2024,10,30,2,0,1,2,1,0,1,LEVE,0
6,1,3,2,4,2,-16.460456,-71.547633,0,3,7,1,2,2,2,0,6543.555,2.0,4,4,1.0,14,33,1198.0,0.6667517543391563,77.72519918989518,79.84779472154914,11.061117097797226,1187.188317676406,87112.27408993576,10322.272,1495.236,1749.739,7077.2970000000005,2886.595,7435.677000000001,27.964725207783708,1,1,0,0,0,30.0,30.0,30.0,1.0,0.0,0.0,0.0,1,0,0.0,0.0,0.0,1.0,0.0,1.0,0.0,0.0,0.0,0.0,2,0,2025,12,14,6,1,0,0,1,0,1,LEVE,0
6,1,14,2,4,1,-11.945755066531916,-76.71007762607162,0,3,0,1,2,2,2,0,875.67,2.0,2,0,1.0,3,14,156.0,0.6831952456039544,78.60873873772867,74.49000793376607,10.00420210847705,1376.0472418044385,255143.7301927195,7626.313,1683.4029999999998,1599.0829999999996,4343.827000000001,1814.875,5811.438000000001,23.797541485643197,2,1,0,0,1,20.0,20.0,20.0,1.0,1.0,0.0,0.0,1,0,0.0,0.0,0.0,1.0,1.0,0.0,0.0,0.0,1.0,0.0,4,0,2024,12,7,5,1,0,0,1,0,1,LEVE,0
1,1,13,0,4,1,-6.7393081,-79.6362104,0,4,7,1,2,2,2,0,919.085,2.0,2,3,0.0,9,7,218.0,0.5368990377599975,81.14791216819076,67.58350560537582,7.829746599316162,796.0036204699745,23182.03854389721,3459.691,515.0619999999999,689.7280000000001,2254.901,703.3549999999999,2756.336,20.329994788551925,2,1,1,1,0,37.0,33.0,40.0,0.0,0.0,0.0,0.0,1,1,1.0,0.0,1.0,0.0,0.0,0.0,0.0,0.0,0.0,1.0,15,3,2023,3,12,6,1,0,0,1,0,1,LEVE,0
6,1,8,0,4,1,-13.3680319,-74.9544355,0,4,0,0,2,1,1,0,1679.5849999999998,2.0,2,3,1.0,9,24,315.0,0.2997946406100768,72.83003345209801,46.42647217987546,4.997510303405721,292.6881439974165,3327.8779443254816,8511.426,1445.3929999999996,2008.516,5057.516999999999,1879.579,6631.846999999998,22.08300935706896,1,1,0,0,0,39.0,39.0,39.0,1.0,1.0,0.0,0.0,1,0,0.0,0.0,0.0,0.0,0.0,0.0,1.0,0.0,0.0,0.0,7,1,2021,12,17,4,0,1,2,1,0,1,LEVE,0
0,1,14,2,4,1,-12.009693,-76.868245,0,2,7,1,2,1,1,0,875.67,2.0,2,0,1.0,3,14,156.0,0.6868549636939637,79.62363164345142,76.30894566128948,9.209137883551294,1425.4498631666322,684921.8484148846,7626.313,1683.4029999999998,1599.0829999999996,4343.827000000001,1814.875,5811.438000000001,23.797541485643197,2,1,0,1,0,36.0,36.0,36.0,1.0,0.0,0.0,0.0,1,0,0.0,0.0,0.0,0.0,0.0,1.0,0.0,0.0,0.0,0.0,19,2,2023,11,2,3,0,0,0,1,0,1,LEVE,0
2,0,0,2,4,0,-5.750702122519955,-78.42147209445628,7,4,0,0,2,2,2,0,6543.555,2.0,4,4,1.0,14,33,1198.0,0.451709642936526,71.53289088984752,56.20344511610869,4.9091327649756495,870.0823312758678,24816.633832976444,3903.732,1155.121,585.018,2163.5930000000003,943.591,2960.1410000000005,24.17151074920102,2,1,0,0,1,61.0,61.0,61.0,1.0,1.0,0.0,0.0,1,0,0.0,0.0,0.0,1.0,0.0,0.0,1.0,0.0,0.0,0.0,15,3,2021,2,15,0,0,1,1,1,0,1,LEVE,0
3,2,10,0,4,1,-13.550856,-76.181042,0,4,7,1,2,2,2,2,205.54999999999995,-1.0,2,0,1.0,13,31,15.0,0.575108675542622,80.48751485041296,69.97733945104977,8.91411717811534,891.3032819289404,12460.550321199144,3721.461,698.1859999999996,744.866,2278.409,1102.9029999999996,2618.558,29.636290693359403,2,2,0,0,0,37.0,23.0,51.0,1.0,0.0,0.0,0.0,2,0,0.0,0.0,0.0,1.0,1.0,0.0,1.0,0.0,1.0,0.0,6,1,2022,8,8,0,0,0,0,1,0,1,LEVE,0
6,1,14,0,4,1,-11.191100360128829,-77.30334008873774,0,4,7,1,2,2,2,2,1422.177,2.0,2,0,0.0,9,19,698.0,0.625259356790912,76.00710856837651,64.39893010534446,7.928807895834627,1379.4198272918734,24684.304068522484,7626.313,1683.4029999999998,1599.0829999999996,4343.827000000001,1814.875,5811.438000000001,23.797541485643197,4,1,0,0,3,27.0,27.0,27.0,1.0,1.0,0.0,1.0,1,0,0.0,0.0,0.0,1.0,0.0,1.0,0.0,1.0,0.0,0.0,10,1,2021,7,6,1,0,0,0,1,0,1,GRAVE_MORTALIDAD,2
6,1,5,2,4,1,-5.819416,-78.761322,0,0,7,1,2,0,1,2,7758.33400008,2.0,2,0,1.0,9,20,2133.0,0.5803239946829384,74.49544278598792,68.33065356443184,8.733179344969395,1046.078117086984,102362.46895074946,15935.565011852366,1733.9250000199986,935.692,13265.948011832368,2000.1670000199988,13935.398011832369,12.551591352627522,1,1,0,0,0,49.0,49.0,49.0,1.0,0.0,0.0,1.0,1,0,0.0,0.0,0.0,1.0,1.0,0.0,0.0,0.0,0.0,0.0,21,2,2024,2,1,3,0,0,2,1,0,1,LEVE,0
3,2,3,0,4,1,-16.344693541797753,-71.58154509738962,0,0,7,0,2,0,1,0,1504.4250000000002,2.0,2,0,1.0,7,25,241.0,0.6411767862503931,77.2408324916572,78.204125011303,10.595705083047717,1107.223861768016,193412.3169164882,10322.272,1495.236,1749.739,7077.2970000000005,2886.595,7435.677000000001,27.964725207783708,4,2,0,0,2,30.5,25.0,36.0,1.0,0.0,0.0,0.0,2,0,0.0,1.0,0.0,1.0,0.0,0.0,1.0,0.0,0.0,0.0,23,2,2021,8,15,6,1,1,0,1,0,1,LEVE,0
1,1,20,0,4,1,-15.919678,-69.881995,6,5,6,2,6,2,2,0,7586.903,2.0,2,0,1.0,9,5,1198.0,0.3492776286092784,69.0024577433395,71.96566663107897,6.507478728969356,328.2181581851397,6084.453961456104,13642.312999999998,2020.7790000000005,2354.117,9267.416999999998,3314.0520000000006,10328.260999999997,24.29244952817019,2,1,1,1,0,37.0,33.0,40.0,0.0,0.0,0.0,0.0,1,1,1.0,0.0,0.0,0.0,0.0,0.0,0.0,0.0,0.0,1.0,21,2,2025,1,25,5,1,1,2,1,0,1,LEVE,0
6,1,14,2,2,4,-12.013290984806098,-77.05262391547176,0,3,7,1,2,2,2,2,6543.555,2.0,4,4,1.0,14,33,1198.0,0.7419979630670723,80.31822295927182,79.00446395716813,11.084203715652809,1554.6868971011318,739416.2413542903,7626.313,1683.4029999999998,1599.0829999999996,4343.827000000001,1814.875,5811.438000000001,23.797541485643197,1,1,0,0,0,29.0,29.0,29.0,1.0,0.0,0.0,0.0,1,0,0.0,0.0,0.0,1.0,1.0,0.0,0.0,1.0,1.0,1.0,8,1,2024,1,2,1,0,0,0,1,0,1,LEVE,0
3,2,13,2,4,1,-6.708673857241669,-79.90361268205403,0,3,7,1,2,2,2,0,6543.555,3.0,2,0,1.0,0,30,1475.0,0.5539280527450423,74.69452916859504,66.89728158703436,9.542777400516576,872.5509264417765,79617.09421841543,3459.691,515.0619999999999,689.7280000000001,2254.901,703.3549999999999,2756.336,20.329994788551925,2,2,0,0,0,67.0,64.0,70.0,1.0,0.0,0.0,0.0,2,0,0.0,0.0,0.0,1.0,0.0,1.0,1.0,1.0,1.0,1.0,13,3,2022,1,21,4,0,1,0,1,1,1,LEVE,0
3,1,3,0,4,1,-16.271093,-71.667534,0,4,7,1,2,0,1,0,1504.4250000000002,2.0,2,0,1.0,7,25,241.0,0.6005060748875158,78.21704200773246,77.40211893847457,8.994742794352394,996.014120858737,33335.45824411135,10322.272,1495.236,1749.739,7077.2970000000005,2886.595,7435.677000000001,27.964725207783708,5,2,0,0,3,62.5,52.0,73.0,1.0,0.0,0.0,1.0,2,0,0.0,1.0,1.0,0.0,0.0,0.0,1.0,0.0,1.0,0.0,6,1,2025,6,29,6,1,1,0,1,0,1,GRAVE_MORTALIDAD,2
6,1,12,0,4,1,-8.304154,-77.270799,0,4,7,1,2,2,2,0,1688.589,1.0,1,3,0.0,9,32,287.0,0.3197513128881681,72.75839607187493,46.46893985694722,5.089349616666145,343.5767651925731,13901.271948608137,8931.828000000005,1335.5899999999997,1935.9830000000004,5660.255000000005,1219.309,7712.519000000005,13.651281686122925,2,1,0,0,1,37.0,33.0,40.0,0.0,0.0,0.0,0.0,1,0,0.0,0.0,0.0,1.0,0.0,1.0,0.0,0.0,1.0,0.0,10,1,2021,5,14,4,0,0,0,1,0,1,LEVE,0
6,1,14,2,4,1,-11.894874,-77.068026,0,0,7,1,2,2,2,2,6543.555,3.0,2,0,1.0,0,30,1475.0,0.6632628912836565,79.15155564666024,73.19223743118206,9.629669813837666,1289.452647666346,383699.2119914347,7626.313,1683.4029999999998,1599.0829999999996,4343.827000000001,1814.875,5811.438000000001,23.797541485643197,1,1,0,0,0,24.0,24.0,24.0,1.0,1.0,0.0,0.0,1,0,0.0,0.0,0.0,1.0,1.0,0.0,0.0,0.0,0.0,0.0,6,1,2023,3,19,6,1,1,0,1,1,1,LEVE,0
3,2,8,0,4,0,-12.551354,-74.5466811,7,4,0,0,1,2,2,0,6543.555,2.0,4,4,1.0,14,33,1198.0,0.2469331295808409,62.27214304802322,54.44494040707029,4.340739472296893,226.4287806477436,6176.04068522484,8511.426,1445.3929999999996,2008.516,5057.516999999999,1879.579,6631.846999999998,22.08300935706896,4,2,0,0,2,29.0,21.0,37.0,1.0,1.0,0.0,1.0,2,0,0.0,1.0,0.0,1.0,1.0,0.0,1.0,0.0,1.0,0.0,16,3,2021,1,22,4,0,1,2,1,0,1,LEVE,0
6,1,6,2,7,4,-12.054155073024663,-77.145566383695,0,2,7,1,2,2,2,2,6543.555,2.0,4,4,1.0,14,33,1198.0,0.5563774842369664,77.00938809632027,69.10246351364754,8.476961866273152,914.8835608305218,27932.19700214133,51.58600000000001,44.68700000000001,6.899000000000001,0.0,49.838000000000015,1.748,96.61148373589734,1,1,0,0,0,74.0,74.0,74.0,1.0,1.0,0.0,0.0,1,0,0.0,1.0,0.0,0.0,0.0,0.0,1.0,0.0,0.0,0.0,4,0,2022,4,20,2,0,1,2,1,0,0,LEVE,0
4,1,14,2,2,4,-12.0813387450977,-76.74527129244025,0,3,7,0,7,2,2,0,6543.555,2.0,4,4,1.0,14,33,1198.0,0.6371716495641229,77.28809635528053,69.64326619808601,9.01503899605881,1265.0419992552625,48261.34689507495,7626.313,1683.4029999999998,1599.0829999999996,4343.827000000001,1814.875,5811.438000000001,23.797541485643197,1,1,0,0,0,54.0,54.0,54.0,1.0,1.0,0.0,0.0,1,0,0.0,0.0,1.0,0.0,1.0,0.0,0.0,0.0,0.0,0.0,12,3,2023,9,28,3,0,1,0,1,0,1,LEVE,0
3,2,9,2,6,4,-9.303110794197345,-76.00091655326621,0,0,1,1,4,0,1,2,6543.555,2.0,4,4,1.0,14,33,1198.0,0.5818337288935853,73.84436545241161,70.00654188026523,9.541274475508528,1000.4260420093171,59227.28479657388,8209.057,1333.4779999999996,791.9770000000001,6083.602,1059.8589999999997,7149.198,12.910849565303296,2,2,0,0,0,56.0,46.0,66.0,1.0,0.0,0.0,1.0,2,1,1.0,0.0,0.0,1.0,1.0,0.0,0.0,1.0,1.0,1.0,14,3,2023,1,2,0,0,0,2,1,0,1,LEVE,0
3,2,3,0,4,2,-17.0880411783032,-71.9052503318667,0,4,0,1,2,1,1,0,6543.555,2.0,4,4,1.0,14,33,1198.0,0.6803071451955962,77.94466657583487,78.40700901768477,9.735921607047414,1363.7066157637946,944.9743040685224,10322.272,1495.236,1749.739,7077.2970000000005,2886.595,7435.677000000001,27.964725207783708,2,2,0,0,0,28.5,22.0,35.0,1.0,1.0,0.0,1.0,2,0,0.0,0.0,1.0,1.0,1.0,0.0,1.0,1.0,0.0,1.0,6,1,2023,3,5,6,1,0,0,1,0,1,LEVE,0
0,1,14,2,4,1,-11.473509184753135,-77.3090648284244,6,5,6,2,6,2,2,0,6543.555,3.0,2,0,1.0,0,30,1475.0,0.6328991168419597,79.8522840328396,72.51785912375117,8.65057438382499,1190.6734036432963,65701.61456102783,7626.313,1683.4029999999998,1599.0829999999996,4343.827000000001,1814.875,5811.438000000001,23.797541485643197,2,1,0,1,0,47.0,47.0,47.0,1.0,0.0,0.0,1.0,1,0,0.0,0.0,1.0,0.0,0.0,0.0,1.0,0.0,0.0,0.0,4,0,2021,5,30,6,1,1,0,1,1,1,LEVE,0
6,1,20,0,4,2,-14.915627743532644,-69.6893610980596,0,4,0,1,2,2,2,2,6543.555,2.0,4,4,1.0,14,33,1198.0,0.2560717900569508,66.95706009564688,62.9390284462099,5.652066606220652,178.2470204077377,5624.734475374732,13642.312999999998,2020.7790000000005,2354.117,9267.416999999998,3314.0520000000006,10328.260999999997,24.29244952817019,3,1,0,0,2,64.0,64.0,64.0,1.0,1.0,0.0,0.0,1,0,0.0,0.0,0.0,1.0,0.0,0.0,1.0,1.0,1.0,1.0,19,2,2022,7,13,2,0,0,2,1,0,1,GRAVE_MORTALIDAD,2
5,1,20,0,4,0,-16.34003,-69.048818,6,5,6,2,6,2,2,0,6543.555,2.0,4,4,1.0,14,33,1198.0,0.4165447461855686,74.77127585660097,73.32833413464006,6.399479128468322,475.6850527085419,23516.528907922908,13642.312999999998,2020.7790000000005,2354.117,9267.416999999998,3314.0520000000006,10328.260999999997,24.29244952817019,2,2,1,0,0,58.0,58.0,58.0,1.0,0.0,0.0,0.0,2,1,1.0,0.0,0.0,1.0,0.0,0.0,0.0,0.0,0.0,1.0,20,2,2025,2,9,6,1,0,2,1,0,1,LEVE,0
5,1,22,0,4,1,-18.088136147462045,-70.32679608840952,0,4,7,1,2,2,2,0,1926.94,2.0,2,0,1.0,9,32,393.0,0.6966125262955101,76.67066141771582,75.49195828278967,11.654573086271489,1371.819928142763,74177.24411134903,2650.572,630.6729999999998,487.3610000000001,1532.5379999999998,1068.7019999999998,1581.87,40.31967439480987,2,2,1,0,0,44.0,44.0,44.0,1.0,0.0,0.0,1.0,2,1,1.0,0.0,0.0,1.0,1.0,0.0,0.0,1.0,1.0,1.0,18,2,2023,4,25,1,0,1,0,1,0,1,LEVE,0
3,2,7,2,4,1,-13.6636006387845,-71.3408141570007,0,3,0,1,2,1,1,2,3263.58,2.0,2,0,1.0,5,18,566.0,0.2701433460922377,67.03086854576458,59.596346222865,3.690268129191559,281.2948228692088,16118.58886509636,17779.13499998999,2097.3709999899997,2863.123,12818.640999999989,2878.713,14900.421999989989,16.19152450331032,3,2,0,0,1,35.0,23.0,47.0,1.0,1.0,0.0,0.0,2,0,0.0,0.0,0.0,1.0,1.0,1.0,0.0,0.0,0.0,0.0,14,3,2021,6,19,5,1,1,2,1,0,1,GRAVE_MORTALIDAD,2
3,3,10,0,4,1,-15.1371348,-74.9825958,0,4,7,1,2,2,2,2,6639.975,2.0,2,0,1.0,9,31,1616.0,0.5563774842369664,77.00938809632027,69.10246351364754,8.476961866273152,914.8835608305218,27932.19700214133,3721.461,698.1859999999996,744.866,2278.409,1102.9029999999996,2618.558,29.636290693359403,3,3,0,0,0,43.333333333333336,41.0,45.0,1.0,0.0,1.0,1.0,3,0,0.0,1.0,0.0,0.0,0.0,0.0,1.0,0.0,1.0,0.0,5,0,2021,4,23,4,0,1,0,1,0,1,LEVE,0
3,0,14,2,4,1,-11.9625772,-77.06838513,0,1,9,1,2,2,2,0,6543.555,3.0,2,0,1.0,0,30,1475.0,0.758462599563312,80.5192231989937,79.20045639149897,11.33839041452458,1628.5661148492152,363987.54389721627,7626.313,1683.4029999999998,1599.0829999999996,4343.827000000001,1814.875,5811.438000000001,23.797541485643197,3,3,0,0,0,28.5,27.0,30.0,1.0,0.0,0.0,1.0,3,0,0.0,0.0,0.0,1.0,1.0,1.0,1.0,0.0,1.0,1.0,20,2,2021,11,7,6,1,0,0,1,1,1,LEVE,0
6,1,14,2,4,0,-12.100449208387404,-76.79225496039615,0,4,7,1,2,2,2,0,6543.555,2.0,4,4,1.0,14,33,1198.0,0.6371716495641229,77.28809635528053,69.64326619808601,9.01503899605881,1265.0419992552625,48261.34689507495,7626.313,1683.4029999999998,1599.0829999999996,4343.827000000001,1814.875,5811.438000000001,23.797541485643197,2,1,0,0,1,29.0,29.0,29.0,1.0,1.0,0.0,0.0,1,0,0.0,0.0,0.0,1.0,0.0,0.0,0.0,1.0,1.0,1.0,19,2,2022,6,7,1,0,0,0,1,0,1,LEVE,0
0,1,14,2,2,4,-12.090692904028876,-77.03348002968819,0,0,1,1,2,1,1,2,6543.555,2.0,4,4,1.0,14,33,1198.0,0.7888324174847985,80.35414029442592,78.47021861578261,13.858205769646707,1641.6552926623544,53212.44111349037,7626.313,1683.4029999999998,1599.0829999999996,4343.827000000001,1814.875,5811.438000000001,23.797541485643197,2,1,0,1,0,44.0,44.0,44.0,1.0,0.0,0.0,0.0,1,0,0.0,1.0,0.0,0.0,0.0,0.0,1.0,0.0,0.0,0.0,7,1,2023,1,25,2,0,1,0,1,0,1,LEVE,0
0,1,12,0,4,1,-7.733987,-79.300616,0,4,7,1,2,2,2,4,6543.555,3.0,2,0,1.0,0,30,1475.0,0.5345074857798321,76.79673752589963,64.57887254166187,7.835494818831411,867.2803588353443,27037.03854389721,8931.828000000005,1335.5899999999997,1935.9830000000004,5660.255000000005,1219.309,7712.519000000005,13.651281686122925,2,1,0,1,0,42.0,42.0,42.0,1.0,0.0,0.0,0.0,1,0,0.0,1.0,0.0,0.0,0.0,0.0,1.0,0.0,0.0,0.0,22,2,2021,2,5,4,0,0,0,1,1,1,LEVE,0
0,1,14,2,2,4,-12.036633049056668,-77.03078979505882,0,0,7,1,2,0,1,0,6543.555,2.0,4,4,1.0,14,33,1198.0,0.7300036506368504,80.21724456394445,75.11639588359114,10.636845733066124,1559.041185521695,156759.78800856532,7626.313,1683.4029999999998,1599.0829999999996,4343.827000000001,1814.875,5811.438000000001,23.797541485643197,2,1,0,1,0,55.0,55.0,55.0,1.0,0.0,0.0,0.0,1,0,0.0,0.0,0.0,1.0,0.0,1.0,0.0,0.0,0.0,0.0,18,2,2024,11,19,1,0,1,0,1,0,1,LEVE,0
0,1,6,2,2,4,-11.9761301,-77.127638817,0,2,7,1,2,0,1,4,6543.555,2.0,4,4,1.0,14,33,1198.0,0.5563774842369664,77.00938809632027,69.10246351364754,8.476961866273152,914.8835608305218,27932.19700214133,51.58600000000001,44.68700000000001,6.899000000000001,0.0,49.838000000000015,1.748,96.61148373589734,2,1,0,1,0,20.0,20.0,20.0,1.0,0.0,0.0,0.0,1,0,0.0,0.0,0.0,1.0,0.0,1.0,0.0,0.0,1.0,0.0,21,2,2022,10,22,5,1,1,2,1,0,0,LEVE,0
3,2,5,0,4,1,-7.204042,-78.433789,0,0,7,1,2,0,1,2,9936.932,2.0,2,0,1.0,9,32,3830.0,0.3658867820676106,77.61736312988027,56.72232982291409,4.846126768330761,429.7048027279435,5469.092077087795,15935.565011852366,1733.9250000199986,935.692,13265.948011832368,2000.1670000199988,13935.398011832369,12.551591352627522,2,2,0,0,0,37.5,34.0,41.0,1.0,0.0,1.0,1.0,2,0,0.0,1.0,0.0,1.0,0.0,0.0,1.0,0.0,1.0,1.0,15,3,2023,4,18,1,0,1,2,1,0,1,LEVE,0
6,1,5,0,4,1,-7.603497,-78.088976,0,4,7,1,2,2,2,0,9936.932,2.0,2,0,1.0,9,32,3830.0,0.4384361875352846,76.70622362399591,49.95411505521511,6.195115114275008,648.0811197287633,31678.2869379015,15935.565011852366,1733.9250000199986,935.692,13265.948011832368,2000.1670000199988,13935.398011832369,12.551591352627522,1,1,0,0,0,22.0,22.0,22.0,1.0,1.0,0.0,1.0,1,0,0.0,0.0,0.0,1.0,1.0,0.0,0.0,1.0,1.0,1.0,19,2,2025,3,22,5,1,1,2,1,0,1,LEVE,0
0,1,14,2,3,4,-12.150951212958748,-76.95079139854161,0,3,1,0,2,2,2,0,6543.555,2.0,4,4,1.0,14,33,1198.0,0.689811994580126,79.88015655965044,73.89553442371854,9.755251380104111,1409.8432274455126,452660.364025696,7626.313,1683.4029999999998,1599.0829999999996,4343.827000000001,1814.875,5811.438000000001,23.797541485643197,2,1,0,1,0,24.0,24.0,24.0,1.0,0.0,0.0,0.0,1,0,0.0,0.0,0.0,1.0,1.0,0.0,0.0,0.0,1.0,0.0,15,3,2022,11,25,4,0,1,0,1,0,1,LEVE,0
0,1,3,2,8,4,-16.448458,-71.565911,0,3,7,1,4,2,2,0,6543.555,2.0,4,4,1.0,14,33,1198.0,0.6631745849019589,78.63253022415783,79.29781888439902,10.779495299397515,1170.8241486483955,46994.9721627409,10322.272,1495.236,1749.739,7077.2970000000005,2886.595,7435.677000000001,27.964725207783708,2,1,0,1,0,61.0,61.0,61.0,1.0,0.0,0.0,1.0,1,0,0.0,1.0,0.0,0.0,0.0,0.0,1.0,0.0,0.0,0.0,11,1,2024,1,2,1,0,0,0,1,0,1,LEVE,0
3,1,14,2,2,4,-12.07950923,-77.03402284,0,0,1,1,2,1,1,6,6543.555,2.0,4,4,1.0,14,33,1198.0,0.7646845961658533,80.23682119426338,77.96082737891015,12.014176158371615,1633.787715186093,250806.0877944326,7626.313,1683.4029999999998,1599.0829999999996,4343.827000000001,1814.875,5811.438000000001,23.797541485643197,2,2,0,0,0,39.0,38.0,40.0,1.0,1.0,0.0,0.0,2,0,0.0,1.0,0.0,1.0,0.0,1.0,1.0,0.0,0.0,0.0,4,0,2023,1,12,3,0,0,0,1,0,1,LEVE,0
3,2,5,0,4,1,-7.222726156837997,-79.20615785520997,0,4,0,1,1,1,1,2,887.28,2.0,2,0,1.0,8,17,155.0,0.5563774842369664,73.07406660240972,65.2611721745993,7.77984257932775,1045.7361851012442,7379.728051391864,15935.565011852366,1733.9250000199986,935.692,13265.948011832368,2000.1670000199988,13935.398011832369,12.551591352627522,6,2,0,0,4,33.5,28.0,39.0,1.0,0.0,0.0,0.0,2,0,0.0,1.0,0.0,1.0,0.0,1.0,1.0,0.0,0.0,0.0,10,1,2021,3,21,6,1,1,2,1,0,1,GRAVE_LESIONADOS,1
3,2,0,0,4,1,-5.724799032198174,-78.47560712182704,7,4,7,1,2,2,2,0,7758.33400008,2.0,2,0,1.0,9,20,2133.0,0.5093941769436129,71.57902961898438,67.85872080070428,6.917165916360374,883.7235526008442,50553.44111349037,3903.732,1155.121,585.018,2163.5930000000003,943.591,2960.1410000000005,24.17151074920102,3,2,0,0,1,28.5,26.0,31.0,1.0,1.0,0.0,0.0,2,0,0.0,0.0,0.0,1.0,1.0,1.0,0.0,0.0,1.0,0.0,11,1,2021,3,22,0,0,1,1,1,0,1,GRAVE_MORTALIDAD,2
0,1,12,2,3,4,-8.049076,-78.989966,0,0,7,1,2,2,2,0,6543.555,2.0,4,4,1.0,14,33,1198.0,0.5628682280502054,79.35078533424159,59.07369130997599,7.880201475313533,999.8741857239928,209189.32119914345,8931.828000000005,1335.5899999999997,1935.9830000000004,5660.255000000005,1219.309,7712.519000000005,13.651281686122925,2,1,0,1,0,35.0,35.0,35.0,1.0,0.0,0.0,0.0,1,0,0.0,0.0,0.0,1.0,0.0,1.0,0.0,0.0,0.0,0.0,20,2,2022,12,3,5,1,0,0,1,0,1,LEVE,0