CLASE SINIESTRO,CANTIDAD DE VEHICULOS DAÑADOS,DEPARTAMENTO,ZONA,TIPO DE VÍA,RED VIAL,COORDENADAS LATITUD,COORDENADAS  LONGITUD,CONDICIÓN CLIMÁTICA,ZONIFICACIÓN,CARACTERÍSTICAS DE VÍA,PERFIL LONGITUDINAL VÍA,SUPERFICIE DE CALZADA,¿EXISTE SEÑAL VERTICAL?,¿EXISTE SEÑAL HORIZONTAL?,CAUSA FACTOR PRINCIPAL,MTC_RVN_LONGITUD_KM,MTC_RVN_N_CARRILES_MEDIANA,MTC_RVN_SUPERFICIE_DOMINANTE,MTC_RVN_ESTADO_DOMINANTE,MTC_RVN_ES_CONCESIONADA,MTC_RVN_CONCESION_PRINCIPAL,MTC_RVN_CORREDOR_LOGISTICO,MTC_RVN_N_TRAMOS,IDH_2019,IDH_ESP_VIDA_2019,IDH_EDUC_SECUND_PCT_2019,IDH_ANIOS_EDUC_2019,IDH_INGRESO_PERCAP_2019,IDH_POBLACION_2019,MTC_DEP_RED_TOTAL_KM,MTC_DEP_NACIONAL_TOTAL_KM,MTC_DEP_DEPARTAMENTAL_TOTAL_KM,MTC_DEP_VECINAL_TOTAL_KM,MTC_DEP_PAV_TOTAL_KM,MTC_DEP_NO_PAV_TOTAL_KM,MTC_DEP_PCT_PAVIMENTADA,PER_TOTAL_PERSONAS,PER_N_CONDUCTORES,PER_N_CONDUCTORES_FUGADOS,PER_N_PEATONES,PER_N_PASAJEROS_OCUPANTES,PER_EDAD_COND_PROM,PER_EDAD_COND_MIN,PER_EDAD_COND_MAX,PER_ANY_COND_MASCULINO,PER_ANY_LIC_PROBLEMA,PER_ANY_DOSAJE_POS,PER_ANY_DOSAJE_EVALUADO,VEH_TOTAL,VEH_N_FUGADOS,VEH_ANY_FUGADO,VEH_ANY_CARGA,VEH_ANY_PUBLICO,VEH_ANY_PARTICULAR,VEH_ANY_MOTO,VEH_ANY_AUTO,VEH_ANY_CAMION_BUS,VEH_ANY_SOAT_PROBLEMA,VEH_ANY_CITV_PROBLEMA,VEH_ANY_SEGURO_PROBLEMA,HORA_NUM,FRANJA_HORARIA,ANIO,MES,DIA_MES,DIA_SEMANA,ES_FIN_SEMANA,ES_QUINCENA,REGION_NATURAL,TIENE_SEÑALIZACION,ES_VIA_MULTICARRIL,ES_DEPTO_BAJO_PAVIMENTO,CATEGORIA_SEVERIDAD,CATEGORIA_SEVERIDAD_ENC
5,1,20,0,4,1,-16.218194,-69.492569,6,5,6,2,6,2,2,0,7586.903,2.0,2,0,1.0,9,5,1198.0,0.4138545322335047,72.42365757071663,75.18782800461412,7.422478928805024,440.156451811849,19964.802997858675,13642.312999999998,2020.7790000000005,2354.117,9267.416999999998,3314.0520000000006,10328.260999999997,24.29244952817019,2,2,1,0,0,37.0,37.0,37.0,1.0,1.0,0.0,0.0,2,1,1.0,0.0,0.0,1.0,1.0,0.0,0.0,1.0,0.0,1.0,22,2,2024,11,18,0,0,1,2,1,0,1,LEVE,0
3,2,18,2,4,1,-10.43900461819994,-76.19083504719426,0,0,5,0,2,1,1,0,9936.932,2.0,2,0,1.0,9,32,3830.0,0.4981285444456174,73.76548557317464,76.97689831949727,8.867891396478598,640.6182339868061,7859.077087794432,3677.119863,564.5869999999999,910.845,2201.687863000001,590.8779999999998,3086.2418630000006,16.06904376290656,3,2,0,0,1,39.5,25.0,54.0,1.0,0.0,0.0,1.0,2,0,0.0,0.0,0.0,1.0,1.0,0.0,1.0,0.0,1.0,0.0,9,1,2022,8,18,3,0,1,2,1,0,1,LEVE,0
6,1,14,2,2,4,-12.13446522,-77.0203962,0,3,7,1,2,2,2,2,6543.555,2.0,4,4,1.0,14,33,1198.0,0.8207642838213052,80.14976904502905,78.34721798827678,12.592455139231284,1956.55173075211,27481.5653104925,7626.313,1683.4029999999998,1599.0829999999996,4343.827000000001,1814.875,5811.438000000001,23.797541485643197,1,1,0,0,0,34.0,34.0,34.0,1.0,1.0,0.0,0.0,1,0,0.0,0.0,0.0,1.0,1.0,0.0,0.0,0.0,0.0,0.0,19,2,2023,2,23,3,0,1,0,1,0,1,LEVE,0
1,1,14,2,4,2,-12.26403368,-76.88118789,0,0,7,1,2,2,2,0,6543.555,2.0,4,4,1.0,14,33,1198.0,0.6909236767275176,78.41626133969348,70.97436336767564,9.826485374940413,1476.8351947609171,95908.53319057816,7626.313,1683.4029999999998,1599.0829999999996,4343.827000000001,1814.875,5811.438000000001,23.797541485643197,2,1,1,1,0,37.0,33.0,40.0,0.0,0.0,0.0,0.0,1,1,1.0,0.0,0.0,0.0,0.0,0.0,0.0,0.0,0.0,1.0,20,2,2023,10,12,3,0,0,0,1,0,1,LEVE,0
3,2,4,0,4,3,-13.5413415292096,-74.2121665723896,0,4,0,0,2,1,0,2,6543.555,2.0,4,4,1.0,14,33,1198.0,0.3406799305127204,82.16511766435296,69.531560090573,5.013679056365355,292.8865286463321,7946.807280513918,12678.733000000004,1805.074000000001,1774.0339999999994,9099.625000000004,2485.375000000001,10193.358000000002,19.602707936195205,3,2,0,0,1,28.0,20.0,36.0,1.0,0.0,0.0,1.0,2,0,0.0,0.0,1.0,1.0,1.0,0.0,1.0,1.0,1.0,0.0,9,1,2023,4,2,6,1,0,2,1,0,1,LEVE,0
6,1,20,0,4,1,-15.294135,-70.223175,0,4,7,1,2,2,2,5,1761.8050000000003,2.0,2,0,1.0,6,22,410.0,0.289549626938555,77.56938441814937,61.26176615135224,5.519427583790393,205.49658062526288,1447.8907922912204,13642.312999999998,2020.7790000000005,2354.117,9267.416999999998,3314.0520000000006,10328.260999999997,24.29244952817019,3,1,0,0,2,32.0,32.0,32.0,1.0,0.0,0.0,0.0,1,0,0.0,0.0,0.0,1.0,0.0,0.0,1.0,0.0,0.0,0.0,14,3,2022,6,4,5,1,0,2,1,0,1,GRAVE_MORTALIDAD,2
3,1,3,0,4,1,-17.1104051070626,-71.8991648010727,0,4,7,0,2,2,2,0,1926.94,2.0,2,0,1.0,9,32,393.0,0.6803071451955962,77.94466657583487,78.40700901768477,9.735921607047414,1363.7066157637946,944.9743040685224,10322.272,1495.236,1749.739,7077.2970000000005,2886.595,7435.677000000001,27.964725207783708,2,2,0,0,0,28.5,21.0,36.0,1.0,0.0,1.0,1.0,2,0,0.0,1.0,0.0,1.0,0.0,0.0,1.0,0.0,1.0,1.0,8,1,2022,1,25,1,0,1,0,1,0,1,LEVE,0
0,1,14,2,2,4,-12.080752802091435,-77.05822341740915,0,3,1,1,2,1,1,4,6543.555,2.0,4,4,1.0,14,33,1198.0,0.8371895927825478,80.41920952305908,81.09222271899455,13.037629206696334,1989.7738956294795,74873.16916488222,7626.313,1683.4029999999998,1599.0829999999996,4343.827000000001,1814.875,5811.438000000001,23.797541485643197,2,1,0,1,0,63.0,63.0,63.0,1.0,0.0,0.0,0.0,1,0,0.0,0.0,1.0,0.0,0.0,0.0,1.0,0.0,0.0,0.0,20,2,2024,12,5,3,0,0,0,1,0,1,LEVE,0
0,0,14,2,2,4,-12.029235,-76.923477,0,0,1,1,2,2,2,0,6543.555,2.0,4,4,1.0,14,33,1198.0,0.6868549636939637,79.62363164345142,76.30894566128948,9.209137883551294,1425.4498631666322,684921.8484148846,7626.313,1683.4029999999998,1599.0829999999996,4343.827000000001,1814.875,5811.438000000001,23.797541485643197,2,1,0,1,0,62.0,62.0,62.0,1.0,0.0,0.0,1.0,1,0,0.0,1.0,0.0,0.0,0.0,0.0,1.0,0.0,1.0,0.0,18,2,2022,2,11,4,0,0,0,1,0,1,LEVE,0
0,1,14,2,2,4,-12.129913236273836,-77.0264471065407,0,3,1,1,2,2,2,0,6543.555,2.0,4,4,1.0,14,33,1198.0,0.8326399351216524,80.31446032722859,77.78409882620639,13.96507415980228,1925.7868972542449,87898.66595289079,7626.313,1683.4029999999998,1599.0829999999996,4343.827000000001,1814.875,5811.438000000001,23.797541485643197,2,1,0,1,0,66.0,66.0,66.0,0.0,0.0,0.0,0.0,1,0,0.0,0.0,0.0,1.0,0.0,1.0,0.0,0.0,0.0,0.0,13,3,2022,7,7,3,0,0,0,1,0,1,LEVE,0
0,1,20,2,4,1,-15.471592,-70.137529,0,0,7,1,2,2,2,4,7586.903,2.0,2,0,1.0,9,5,1198.0,0.5759734352119,73.55929462493827,78.89306383943827,10.174966342239475,888.1716010638444,232834.39603082248,13642.312999999998,2020.7790000000005,2354.117,9267.416999999998,3314.0520000000006,10328.260999999997,24.29244952817019,2,1,0,1,0,29.0,29.0,29.0,1.0,0.0,0.0,0.0,1,0,0.0,0.0,0.0,1.0,0.0,1.0,0.0,0.0,0.0,0.0,9,1,2023,6,9,4,0,0,2,1,0,1,LEVE,0
6,1,5,2,6,4,-7.619482,-78.044672,0,0,7,1,4,2,2,2,6543.555,2.0,4,4,1.0,14,33,1198.0,0.4384361875352846,76.70622362399591,49.95411505521511,6.195115114275008,648.0811197287633,31678.2869379015,15935.565011852366,1733.9250000199986,935.692,13265.948011832368,2000.1670000199988,13935.398011832369,12.551591352627522,1,1,0,0,0,24.0,24.0,24.0,1.0,0.0,1.0,1.0,1,0,0.0,0.0,0.0,1.0,1.0,0.0,0.0,0.0,1.0,0.0,15,3,2024,5,2,3,0,0,2,1,0,1,LEVE,0
1,1,14,2,1,4,-12.025040265918996,-76.9660849391908,0,2,7,1,2,2,2,0,6543.555,2.0,4,4,1.0,14,33,1198.0,0.701053025277506,79.62867561460851,73.1469484600971,10.064317505194426,1464.6926161541437,1150285.0494171206,7626.313,1683.4029999999998,1599.0829999999996,4343.827000000001,1814.875,5811.438000000001,23.797541485643197,2,1,1,1,0,37.0,33.0,40.0,0.0,0.0,0.0,0.0,1,1,1.0,0.0,0.0,0.0,0.0,0.0,0.0,0.0,0.0,1.0,23,2,2024,2,13,1,0,0,0,1,0,1,LEVE,0
3,2,20,0,4,1,-15.545217,-70.110825,0,2,7,1,2,2,2,2,7586.903,2.0,2,0,1.0,9,5,1198.0,0.3646929504779869,74.39003066237748,63.71456574957328,5.594162012040831,387.0285253251433,5552.2119914346895,13642.312999999998,2020.7790000000005,2354.117,9267.416999999998,3314.0520000000006,10328.260999999997,24.29244952817019,2,2,0,0,0,39.0,38.0,40.0,1.0,1.0,0.0,0.0,2,0,0.0,0.0,0.0,1.0,1.0,0.0,1.0,0.0,1.0,1.0,8,1,2023,10,31,1,0,1,2,1,0,1,LEVE,0
0,1,12,2,2,4,-8.512744,-78.680837,0,2,7,1,2,2,2,2,6543.555,2.0,4,4,1.0,14,33,1198.0,0.4971504606547645,77.79759708660042,46.44666297237219,6.322206801902116,929.9716106661404,44368.59100642397,8931.828000000005,1335.5899999999997,1935.9830000000004,5660.255000000005,1219.309,7712.519000000005,13.651281686122925,2,1,0,1,0,26.0,26.0,26.0,1.0,0.0,0.0,0.0,1,0,0.0,0.0,0.0,0.0,0.0,0.0,1.0,0.0,0.0,0.0,15,3,2023,4,20,3,0,1,0,1,0,1,LEVE,0
1,1,14,0,2,4,-12.127737402842357,-76.82055597986353,0,3,7,1,2,2,2,0,6543.555,2.0,4,4,1.0,14,33,1198.0,0.6371716495641229,77.28809635528053,69.64326619808601,9.01503899605881,1265.0419992552625,48261.34689507495,7626.313,1683.4029999999998,1599.0829999999996,4343.827000000001,1814.875,5811.438000000001,23.797541485643197,2,1,1,1,0,37.0,33.0,40.0,0.0,0.0,0.0,0.0,1,1,1.0,0.0,0.0,0.0,0.0,0.0,0.0,0.0,0.0,1.0,3,0,2024,4,26,4,0,1,0,1,0,1,LEVE,0
3,2,12,0,4,1,-8.444912399374674,-78.74393815516827,0,4,7,1,2,2,2,2,6543.555,3.0,2,0,1.0,0,30,1475.0,0.5051395598219868,77.13285387085847,51.52067479184955,6.715328807318118,900.900383457586,67612.41755888652,8931.828000000005,1335.5899999999997,1935.9830000000004,5660.255000000005,1219.309,7712.519000000005,13.651281686122925,2,2,0,0,0,40.0,22.0,58.0,1.0,1.0,0.0,0.0,2,0,0.0,0.0,0.0,1.0,1.0,1.0,0.0,0.0,0.0,1.0,19,2,2023,4,9,6,1,0,0,1,1,1,LEVE,0
6,1,13,0,4,3,-6.041945,-79.532663,5,4,3,1,7,2,2,0,6543.555,2.0,4,4,1.0,14,33,1198.0,0.272563437302167,76.9777289182809,44.76351317284775,4.6741645459372485,226.41675209598932,11987.942184154175,3459.691,515.0619999999999,689.7280000000001,2254.901,703.3549999999999,2756.336,20.329994788551925,3,1,0,0,2,49.0,49.0,49.0,1.0,0.0,0.0,0.0,1,0,0.0,0.0,0.0,1.0,0.0,0.0,1.0,0.0,1.0,0.0,9,1,2021,5,26,2,0,1,0,1,0,1,LEVE,0
1,1,14,2,2,4,-12.215251540607827,-76.93236728543265,0,0,7,1,2,2,2,0,6543.555,2.0,4,4,1.0,14,33,1198.0,0.6990481232857558,80.14597904142546,74.3851677794309,10.004397644056358,1432.5044292531525,459161.0728051392,7626.313,1683.4029999999998,1599.0829999999996,4343.827000000001,1814.875,5811.438000000001,23.797541485643197,2,1,1,1,0,37.0,33.0,40.0,0.0,0.0,0.0,0.0,1,1,1.0,0.0,0.0,0.0,0.0,0.0,0.0,0.0,0.0,1.0,20,2,2024,10,21,0,0,1,0,1,0,1,LEVE,0
3,2,20,0,4,1,-16.513158,-69.087568,0,4,7,1,2,2,2,2,7586.903,2.0,2,0,1.0,9,5,1198.0,0.2394362064959017,73.4288503002124,62.51290199484375,6.018616845068367,132.27646614855612,17422.250535331903,13642.312999999998,2020.7790000000005,2354.117,9267.416999999998,3314.0520000000006,10328.260999999997,24.29244952817019,2,2,0,0,0,43.5,29.0,58.0,1.0,1.0,0.0,0.0,2,0,0.0,0.0,1.0,1.0,1.0,0.0,1.0,0.0,1.0,1.0,6,1,2024,3,24,6,1,1,2,1,0,1,LEVE,0
6,1,12,0,4,1,-8.044529146280775,-77.44012180968068,2,4,0,1,7,2,2,2,1688.589,1.0,1,3,0.0,9,32,287.0,0.5483466485199614,73.40947702180615,54.774559790319735,7.761827414252816,1085.433074508267,22858.52890792291,8931.828000000005,1335.5899999999997,1935.9830000000004,5660.255000000005,1219.309,7712.519000000005,13.651281686122925,5,1,0,0,4,37.0,37.0,37.0,1.0,0.0,0.0,0.0,1,0,0.0,0.0,0.0,0.0,0.0,0.0,1.0,0.0,0.0,0.0,12,3,2022,2,23,2,0,1,0,1,0,1,GRAVE_MORTALIDAD,2
6,1,12,0,4,0,-7.592402753210327,-78.47473016501577,0,4,0,1,1,2,2,0,6543.555,2.0,4,4,1.0,14,33,1198.0,0.3426873819779948,75.81813000053027,29.83795624511669,4.401613571184507,535.935806912797,7009.668094218416,8931.828000000005,1335.5899999999997,1935.9830000000004,5660.255000000005,1219.309,7712.519000000005,13.651281686122925,1,1,0,0,0,33.0,33.0,33.0,1.0,1.0,0.0,0.0,1,0,0.0,1.0,0.0,0.0,0.0,0.0,0.0,1.0,1.0,1.0,20,2,2024,3,7,3,0,0,0,1,0,1,LEVE,0
10,1,21,2,6,4,-5.953819,-77.302342,0,0,7,1,2,2,2,0,6543.555,2.0,4,4,1.0,14,33,1198.0,0.4789759027469384,73.43778249935497,54.01635312204597,6.285279694551369,847.2910954428505,47552.6295503212,5645.136,815.0759999999999,965.298,3864.762,1013.406,4631.73,17.95184385283189,1,1,0,0,0,39.0,39.0,39.0,1.0,0.0,0.0,0.0,1,0,0.0,0.0,0.0,1.0,1.0,0.0,0.0,1.0,1.0,1.0,4,0,2025,9,15,0,0,1,1,1,0,1,LEVE,0
0,1,13,0,7,4,-6.152058,-79.721485,0,4,7,1,7,2,2,2,6543.555,2.0,4,4,1.0,14,33,1198.0,0.4974674218418852,75.93907983080418,58.3357972839862,7.69595447676265,761.2908213145297,28734.96573875803,3459.691,515.0619999999999,689.7280000000001,2254.901,703.3549999999999,2756.336,20.329994788551925,2,1,0,1,0,27.0,27.0,27.0,1.0,1.0,0.0,1.0,1,0,0.0,0.0,0.0,1.0,1.0,0.0,0.0,1.0,1.0,0.0,6,1,2021,9,15,2,0,1,0,1,0,1,LEVE,0
3,1,11,2,6,4,-11.258276821799369,-74.63794284265961,6,5,6,2,6,2,2,0,6543.555,2.0,4,4,1.0,14,33,1198.0,0.5055535147670205,71.64834806655777,59.71661057761873,8.330220329942271,816.7465751821994,42934.03211991434,12264.545,1826.4639999999995,1105.5389999999998,9332.542,1588.5359999999996,10676.009,12.952261987705208,4,2,0,0,2,37.5,24.0,51.0,1.0,1.0,0.0,0.0,2,0,0.0,0.0,1.0,1.0,1.0,0.0,0.0,0.0,1.0,1.0,17,3,2022,3,19,5,1,1,2,1,0,1,LEVE,0
6,1,3,0,4,1,-16.408865127793135,-71.42158259761975,0,4,0,1,2,0,1,2,1101.78,1.0,5,2,0.0,9,32,202.0,0.5190855925362763,79.39283977390295,72.48255180521485,7.936018582862833,714.5594676610276,3114.021413276231,10322.272,1495.236,1749.739,7077.2970000000005,2886.595,7435.677000000001,27.964725207783708,1,1,0,0,0,43.0,43.0,43.0,1.0,1.0,0.0,0.0,1,0,0.0,0.0,0.0,1.0,0.0,1.0,0.0,0.0,0.0,0.0,17,3,2021,4,18,6,1,1,0,1,0,1,LEVE,0
3,1,14,2,2,4,-11.991897100312825,-77.07490069233033,0,0,7,1,2,2,2,0,6543.555,2.0,4,4,1.0,14,33,1198.0,0.758462599563312,80.5192231989937,79.20045639149897,11.33839041452458,1628.5661148492152,363987.54389721627,7626.313,1683.4029999999998,1599.0829999999996,4343.827000000001,1814.875,5811.438000000001,23.797541485643197,3,2,0,0,1,23.0,23.0,23.0,1.0,0.0,0.0,0.0,2,0,0.0,0.0,0.0,1.0,1.0,0.0,0.0,1.0,1.0,1.0,22,2,2025,3,8,5,1,0,0,1,0,1,LEVE,0
3,1,14,2,2,4,-12.013773512009433,-77.01176489019718,0,3,7,1,2,2,2,2,6543.555,2.0,4,4,1.0,14,33,1198.0,0.701053025277506,79.62867561460851,73.1469484600971,10.064317505194426,1464.6926161541437,1150285.0494171206,7626.313,1683.4029999999998,1599.0829999999996,4343.827000000001,1814.875,5811.438000000001,23.797541485643197,3,2,0,0,1,24.5,21.0,28.0,1.0,1.0,0.0,0.0,2,0,0.0,0.0,0.0,1.0,1.0,0.0,1.0,0.0,0.0,0.0,5,0,2024,3,24,6,1,1,0,1,0,1,LEVE,0
0,1,14,2,4,1,-12.161960285368345,-76.98191405002699,0,0,7,1,2,2,2,0,6639.975,2.0,2,0,1.0,9,31,1616.0,0.7289998534947872,80.50926319493618,76.9124822838204,10.358587270463827,1551.106643515347,384728.5117773019,7626.313,1683.4029999999998,1599.0829999999996,4343.827000000001,1814.875,5811.438000000001,23.797541485643197,2,1,0,1,0,32.0,32.0,32.0,1.0,0.0,0.0,0.0,1,0,0.0,0.0,0.0,1.0,0.0,1.0,0.0,0.0,0.0,0.0,2,0,2025,2,23,6,1,1,0,1,0,1,LEVE,0
3,2,12,0,4,2,-8.421529391820037,-78.75230385956986,0,4,7,1,2,2,2,0,6543.555,2.0,4,4,1.0,14,33,1198.0,0.5051395598219868,77.13285387085847,51.52067479184955,6.715328807318118,900.900383457586,67612.41755888652,8931.828000000005,1335.5899999999997,1935.9830000000004,5660.255000000005,1219.309,7712.519000000005,13.651281686122925,2,2,0,0,0,37.0,35.0,39.0,1.0,0.0,0.0,0.0,2,0,0.0,1.0,0.0,1.0,1.0,0.0,1.0,1.0,0.0,0.0,19,2,2025,1,8,2,0,0,0,1,0,1,LEVE,0
6,1,21,0,4,0,-5.9460881604485,-77.2427443729863,6,5,6,2,6,2,2,0,6543.555,2.0,4,4,1.0,14,33,1198.0,0.4797278789109669,73.57625129312893,47.93902103362005,6.3765489816209255,890.1840358018073,3398.1798715203427,5645.136,815.0759999999999,965.298,3864.762,1013.406,4631.73,17.95184385283189,1,1,0,0,0,20.0,20.0,20.0,1.0,1.0,0.0,0.0,1,0,0.0,0.0,0.0,1.0,1.0,0.0,0.0,0.0,1.0,0.0,4,0,2021,5,16,6,1,1,1,1,0,1,LEVE,0
6,1,10,0,4,1,-14.3520459,-75.6435243,0,4,7,1,2,2,2,0,6639.975,2.0,2,0,1.0,9,31,1616.0,0.5597895453971934,76.95183720073376,71.12912413701868,8.50009888760377,897.0281518406789,4083.52034261242,3721.461,698.1859999999996,744.866,2278.409,1102.9029999999996,2618.558,29.636290693359403,1,1,0,0,0,29.0,29.0,29.0,1.0,0.0,0.0,0.0,1,0,0.0,0.0,0.0,1.0,1.0,0.0,0.0,0.0,1.0,0.0,10,1,2023,1,27,4,0,1,0,1,0,1,LEVE,0
6,1,11,0,4,1,-11.335421824341116,-74.52830982076205,0,4,7,1,2,2,2,2,1337.175,1.0,1,3,0.0,9,32,315.0,0.3570817332180048,73.74932476832508,43.805659202757695,6.484925788605561,398.3541927461293,66993.35796966725,12264.545,1826.4639999999995,1105.5389999999998,9332.542,1588.5359999999996,10676.009,12.952261987705208,1,1,0,0,0,18.0,18.0,18.0,1.0,1.0,0.0,0.0,1,0,0.0,0.0,0.0,1.0,1.0,0.0,0.0,0.0,0.0,1.0,4,0,2022,11,27,6,1,1,2,1,0,1,LEVE,0
4,5,5,2,2,4,-5.14076333,-78.999626167,7,3,7,0,2,2,2,6,6543.555,2.0,4,4,1.0,14,33,1198.0,0.4391812721167056,75.54174317098156,56.236342149889175,6.489422517034793,610.2085755707644,37111.99571734476,15935.565011852366,1733.9250000199986,935.692,13265.948011832368,2000.1670000199988,13935.398011832369,12.551591352627522,8,5,0,0,3,46.0,46.0,46.0,1.0,0.0,0.0,0.0,5,0,0.0,1.0,1.0,1.0,1.0,1.0,1.0,0.0,1.0,1.0,20,2,2023,1,6,4,0,0,2,1,0,1,LEVE,0
1,1,14,2,4,1,-12.193135,-76.972682,0,0,7,1,2,2,2,0,6639.975,2.0,2,0,1.0,9,31,1616.0,0.7289998534947872,80.50926319493618,76.9124822838204,10.358587270463827,1551.106643515347,384728.5117773019,7626.313,1683.4029999999998,1599.0829999999996,4343.827000000001,1814.875,5811.438000000001,23.797541485643197,2,1,1,1,0,37.0,33.0,40.0,0.0,0.0,0.0,0.0,1,1,1.0,0.0,0.0,0.0,0.0,0.0,1.0,0.0,0.0,1.0,8,1,2023,2,25,5,1,1,0,1,0,1,LEVE,0
6,1,8,0,4,1,-12.480327,-74.823946,0,4,0,1,2,2,2,0,7586.903,2.0,2,0,1.0,9,5,1198.0,0.4978126391348558,76.18846528483702,75.15849085403467,8.220987270289033,646.4318586582874,10082.402569593149,8511.426,1445.3929999999996,2008.516,5057.516999999999,1879.579,6631.846999999998,22.08300935706896,1,1,0,0,0,57.0,57.0,57.0,1.0,0.0,0.0,0.0,1,0,0.0,0.0,0.0,1.0,0.0,0.0,1.0,0.0,0.0,0.0,19,2,2023,7,30,6,1,1,2,1,0,1,LEVE,0
5,1,19,2,4,0,-4.905532509981757,-80.72164338951703,0,4,7,1,2,2,2,0,6543.555,2.0,4,4,1.0,14,33,1198.0,0.5657000696312142,79.93504063107561,71.14438533384025,9.31841991972829,829.1233898514824,181599.8115631692,8965.846000060003,1782.4120000599992,636.9959999999999,6546.438000000004,2214.505000059999,6751.341000000004,24.699342371541725,2,2,1,0,0,22.0,22.0,22.0,1.0,0.0,0.0,0.0,2,1,1.0,0.0,1.0,0.0,1.0,0.0,0.0,1.0,1.0,1.0,20,2,2022,11,23,2,0,1,0,1,0,1,LEVE,0
3,2,23,2,4,1,-3.70561973337602,-80.7177304702349,0,3,7,1,2,2,2,2,6543.555,3.0,2,0,1.0,0,30,1475.0,0.568342833663152,74.37886913017682,68.79116494388956,9.025058202905662,964.4271707185276,11360.244111349037,1009.101,138.47399999999996,287.471,583.156,276.972,732.129,27.447401201663663,2,2,0,0,0,26.5,23.0,30.0,1.0,1.0,1.0,1.0,2,0,0.0,0.0,1.0,1.0,1.0,0.0,0.0,1.0,1.0,1.0,21,2,2025,12,21,6,1,1,0,1,1,1,LEVE,0
3,2,4,0,4,1,-13.209896264100284,-74.22590733364764,0,4,0,0,2,2,2,2,7586.903,2.0,2,0,1.0,9,5,1198.0,0.5305121431560528,73.7668210059112,68.45651702301488,8.941396366509018,806.7469451554633,27605.87794432548,12678.733000000004,1805.074000000001,1774.0339999999994,9099.625000000004,2485.375000000001,10193.358000000002,19.602707936195205,4,2,0,0,2,28.0,28.0,28.0,1.0,0.0,0.0,0.0,2,0,0.0,1.0,1.0,0.0,0.0,1.0,1.0,0.0,0.0,0.0,15,3,2022,7,21,3,0,1,2,1,0,1,GRAVE_MORTALIDAD,2
0,1,7,2,3,4,-13.530732,-71.959368,0,3,7,1,4,2,2,4,6543.555,2.0,4,4,1.0,14,33,1198.0,0.7389014524656411,77.12870395561643,80.53659510982042,13.123552539892293,1463.2590919973347,61899.75802997858,17779.13499998999,2097.3709999899997,2863.123,12818.640999999989,2878.713,14900.421999989989,16.19152450331032,2,1,0,1,0,25.0,25.0,25.0,1.0,1.0,0.0,1.0,1,0,0.0,0.0,0.0,1.0,0.0,1.0,0.0,0.0,0.0,0.0,21,2,2025,9,7,6,1,0,2,1,0,1,LEVE,0
6,1,20,0,4,1,-16.14884789071628,-69.56266699225276,0,4,7,1,2,2,2,2,7586.903,2.0,2,0,1.0,9,5,1198.0,0.4020198374784472,77.80062735845667,75.295761294875,7.279851651626652,372.63390314535104,50686.62526766595,13642.312999999998,2020.7790000000005,2354.117,9267.416999999998,3314.0520000000006,10328.260999999997,24.29244952817019,2,1,0,0,1,49.0,49.0,49.0,1.0,0.0,0.0,0.0,1,0,0.0,0.0,0.0,1.0,0.0,0.0,1.0,0.0,1.0,0.0,20,2,2024,5,29,2,0,1,2,1,0,1,LEVE,0
0,0,14,2,4,1,-12.0414462,-77.032747,0,0,7,1,2,2,2,0,6543.555,3.0,2,0,1.0,0,30,1475.0,0.7300036506368504,80.21724456394445,75.11639588359114,10.636845733066124,1559.041185521695,156759.78800856532,7626.313,1683.4029999999998,1599.0829999999996,4343.827000000001,1814.875,5811.438000000001,23.797541485643197,2,1,0,1,0,58.0,58.0,58.0,1.0,0.0,0.0,0.0,1,0,0.0,0.0,0.0,0.0,0.0,1.0,0.0,1.0,1.0,1.0,0,0,2022,7,17,6,1,1,0,1,1,1,LEVE,0
3,2,10,2,4,1,-13.4441628,-76.1355111,0,0,7,1,2,2,2,6,6639.975,2.0,2,0,1.0,9,31,1616.0,0.5587971735938619,78.87090394897412,58.2444201812792,8.651099683361522,938.67731243416,8209.766595289078,3721.461,698.1859999999996,744.866,2278.409,1102.9029999999996,2618.558,29.636290693359403,2,2,0,0,0,45.5,45.0,46.0,1.0,0.0,0.0,0.0,2,0,0.0,1.0,0.0,1.0,0.0,1.0,1.0,0.0,0.0,0.0,0,0,2022,1,13,3,0,0,0,1,0,1,LEVE,0
6,1,19,0,4,1,-5.632853,-79.539087,4,4,0,0,2,2,2,0,9936.932,2.0,2,0,1.0,9,32,3830.0,0.2117580020098525,65.37756662211437,42.30794939557186,3.975264599118591,171.62326554814578,38712.25053533191,8965.846000060003,1782.4120000599992,636.9959999999999,6546.438000000004,2214.505000059999,6751.341000000004,24.699342371541725,3,1,0,0,2,15.0,15.0,15.0,1.0,1.0,0.0,0.0,1,0,0.0,0.0,1.0,0.0,1.0,0.0,0.0,1.0,0.0,0.0,4,0,2021,8,14,5,1,0,0,1,0,1,LEVE,0
6,1,12,2,3,4,-7.8202042,-78.0389994,0,0,1,1,2,2,2,0,6543.555,2.0,4,4,1.0,14,33,1198.0,0.3986882084754764,72.97869269132666,58.65435142755623,5.605762371496486,527.7120199980477,69564.29978586723,8931.828000000005,1335.5899999999997,1935.9830000000004,5660.255000000005,1219.309,7712.519000000005,13.651281686122925,1,1,0,0,0,19.0,19.0,19.0,1.0,1.0,0.0,0.0,1,0,0.0,0.0,0.0,1.0,1.0,0.0,0.0,1.0,0.0,0.0,11,1,2023,2,15,2,0,1,0,1,0,1,LEVE,0
0,1,19,2,4,1,-5.195031,-80.647883,0,1,7,1,2,2,2,0,6543.555,3.0,2,0,1.0,0,30,1475.0,0.5997462042553465,78.40793944726823,72.26811532412637,9.714064362322326,976.3169831713308,183875.0,8965.846000060003,1782.4120000599992,636.9959999999999,6546.438000000004,2214.505000059999,6751.341000000004,24.699342371541725,2,1,1,1,0,37.0,33.0,40.0,0.0,0.0,0.0,0.0,1,1,1.0,0.0,0.0,0.0,0.0,0.0,0.0,1.0,1.0,1.0,16,3,2021,10,16,5,1,1,0,1,1,1,LEVE,0
3,3,12,0,4,1,-7.214056,-79.429342,0,2,7,1,2,2,2,2,6543.555,3.0,2,0,1.0,0,30,1475.0,0.5885704819472196,78.81449187577415,72.29060549742594,8.763210867480462,976.1586325354776,48424.389721627405,8931.828000000005,1335.5899999999997,1935.9830000000004,5660.255000000005,1219.309,7712.519000000005,13.651281686122925,3,3,0,0,0,45.66666666666666,35.0,54.0,1.0,1.0,0.0,0.0,3,0,0.0,1.0,1.0,0.0,1.0,0.0,1.0,0.0,1.0,1.0,9,1,2021,9,15,2,0,1,0,1,1,1,LEVE,0
6,1,5,2,4,1,-7.324751,-78.170838,0,3,7,0,2,0,1,2,9936.932,2.0,2,0,1.0,9,32,3830.0,0.4160404978708171,68.76371319246165,57.446543719682,6.107473048719884,617.9908903297805,21466.32119914347,15935.565011852366,1733.9250000199986,935.692,13265.948011832368,2000.1670000199988,13935.398011832369,12.551591352627522,1,1,0,0,0,26.0,26.0,26.0,1.0,0.0,1.0,1.0,1,0,0.0,0.0,0.0,1.0,1.0,0.0,0.0,0.0,0.0,0.0,7,1,2023,10,22,6,1,1,2,1,0,1,LEVE,0
0,1,21,0,4,1,-6.38746,-76.62982,0,4,7,1,2,0,1,2,7758.33400008,2.0,2,0,1.0,9,20,2133.0,0.3395784981351988,71.02010551104725,44.75188012112102,5.086470241787386,426.0342434715467,13392.387580299788,5645.136,815.0759999999999,965.298,3864.762,1013.406,4631.73,17.95184385283189,2,1,0,1,0,34.0,34.0,34.0,1.0,0.0,1.0,1.0,1,0,0.0,0.0,0.0,1.0,0.0,1.0,0.0,0.0,1.0,0.0,12,3,2021,9,23,3,0,1,1,1,0,1,LEVE,0