CLASE SINIESTRO,CANTIDAD DE VEHICULOS DAÑADOS,DEPARTAMENTO,ZONA,TIPO DE VÍA,RED VIAL,COORDENADAS LATITUD,COORDENADAS  LONGITUD,CONDICIÓN CLIMÁTICA,ZONIFICACIÓN,CARACTERÍSTICAS DE VÍA,PERFIL LONGITUDINAL VÍA,SUPERFICIE DE CALZADA,¿EXISTE SEÑAL VERTICAL?,¿EXISTE SEÑAL HORIZONTAL?,CAUSA FACTOR PRINCIPAL,MTC_RVN_LONGITUD_KM,MTC_RVN_N_CARRILES_MEDIANA,MTC_RVN_SUPERFICIE_DOMINANTE,MTC_RVN_ESTADO_DOMINANTE,MTC_RVN_ES_CONCESIONADA,MTC_RVN_CONCESION_PRINCIPAL,MTC_RVN_CORREDOR_LOGISTICO,MTC_RVN_N_TRAMOS,IDH_2019,IDH_ESP_VIDA_2019,IDH_EDUC_SECUND_PCT_2019,IDH_ANIOS_EDUC_2019,IDH_INGRESO_PERCAP_2019,IDH_POBLACION_2019,MTC_DEP_RED_TOTAL_KM,MTC_DEP_NACIONAL_TOTAL_KM,MTC_DEP_DEPARTAMENTAL_TOTAL_KM,MTC_DEP_VECINAL_TOTAL_KM,MTC_DEP_PAV_TOTAL_KM,MTC_DEP_NO_PAV_TOTAL_KM,MTC_DEP_PCT_PAVIMENTADA,PER_TOTAL_PERSONAS,PER_N_CONDUCTORES,PER_N_CONDUCTORES_FUGADOS,PER_N_PEATONES,PER_N_PASAJEROS_OCUPANTES,PER_EDAD_COND_PROM,PER_EDAD_COND_MIN,PER_EDAD_COND_MAX,PER_ANY_COND_MASCULINO,PER_ANY_LIC_PROBLEMA,PER_ANY_DOSAJE_POS,PER_ANY_DOSAJE_EVALUADO,VEH_TOTAL,VEH_N_FUGADOS,VEH_ANY_FUGADO,VEH_ANY_CARGA,VEH_ANY_PUBLICO,VEH_ANY_PARTICULAR,VEH_ANY_MOTO,VEH_ANY_AUTO,VEH_ANY_CAMION_BUS,VEH_ANY_SOAT_PROBLEMA,VEH_ANY_CITV_PROBLEMA,VEH_ANY_SEGURO_PROBLEMA,HORA_NUM,FRANJA_HORARIA,ANIO,MES,DIA_MES,DIA_SEMANA,ES_FIN_SEMANA,ES_QUINCENA,REGION_NATURAL,TIENE_SEÑALIZACION,ES_VIA_MULTICARRIL,ES_DEPTO_BAJO_PAVIMENTO,CATEGORIA_SEVERIDAD,CATEGORIA_SEVERIDAD_ENC
3,2,7,0,4,0,-13.3027636,-71.9460356,0,4,0,0,2,1,1,2,6543.555,2.0,4,4,1.0,14,33,1198.0,0.4562958894633943,70.99144093489087,58.8848672914879,7.768452023359112,649.1045217688833,23833.353319057816,17779.13499998999,2097.3709999899997,2863.123,12818.640999999989,2878.713,14900.421999989989,16.19152450331032,3,2,0,0,1,26.0,24.0,28.0,1.0,1.0,0.0,0.0,2,0,0.0,0.0,0.0,1.0,1.0,1.0,0.0,0.0,0.0,1.0,4,0,2023,4,23,6,1,1,2,1,0,1,LEVE,0
1,1,14,0,4,1,-11.5646857,-77.2651276,0,4,7,1,2,1,1,0,6543.555,3.0,2,0,1.0,0,30,1475.0,0.6328991168419597,79.8522840328396,72.51785912375117,8.65057438382499,1190.6734036432963,65701.61456102783,7626.313,1683.4029999999998,1599.0829999999996,4343.827000000001,1814.875,5811.438000000001,23.797541485643197,2,1,1,1,0,37.0,33.0,40.0,0.0,0.0,0.0,0.0,1,1,1.0,0.0,0.0,0.0,0.0,0.0,0.0,0.0,0.0,1.0,23,2,2025,4,9,2,0,0,0,1,1,1,LEVE,0
1,1,12,0,4,1,-8.1846915,-78.9843106,0,4,7,1,2,2,2,0,6543.555,3.0,2,0,1.0,0,30,1475.0,0.5704872313485707,78.73040511828864,66.00991236238886,8.931371175352043,922.6441961800402,20630.58672376873,8931.828000000005,1335.5899999999997,1935.9830000000004,5660.255000000005,1219.309,7712.519000000005,13.651281686122925,2,1,1,1,0,37.0,33.0,40.0,0.0,0.0,0.0,0.0,1,1,1.0,0.0,0.0,0.0,0.0,0.0,0.0,0.0,0.0,1.0,18,2,2023,4,11,1,0,0,0,1,1,1,LEVE,0
3,2,14,2,2,4,-11.990701,-77.106933,7,3,1,1,2,2,2,0,6543.555,2.0,4,4,1.0,14,33,1198.0,0.7419979630670723,80.31822295927182,79.00446395716813,11.084203715652809,1554.6868971011318,739416.2413542903,7626.313,1683.4029999999998,1599.0829999999996,4343.827000000001,1814.875,5811.438000000001,23.797541485643197,2,2,0,0,0,43.0,43.0,43.0,1.0,0.0,0.0,0.0,2,0,0.0,0.0,0.0,1.0,1.0,1.0,0.0,1.0,1.0,0.0,12,3,2021,12,18,5,1,1,0,1,0,1,LEVE,0
3,1,20,0,4,1,-16.216189,-69.499112,0,4,7,1,2,2,2,2,7586.903,2.0,2,0,1.0,9,5,1198.0,0.4138545322335047,72.42365757071663,75.18782800461412,7.422478928805024,440.156451811849,19964.802997858675,13642.312999999998,2020.7790000000005,2354.117,9267.416999999998,3314.0520000000006,10328.260999999997,24.29244952817019,3,2,1,0,1,32.0,32.0,32.0,1.0,1.0,0.0,0.0,2,1,1.0,0.0,1.0,0.0,1.0,0.0,0.0,0.0,1.0,1.0,21,2,2022,8,15,0,0,1,2,1,0,1,LEVE,0
6,1,8,0,4,1,-12.804602564283424,-74.58363349564864,0,4,7,1,2,2,2,0,778.685,-1.0,1,0,0.0,9,32,160.0,0.4494097725993661,75.13999379229948,62.337879783229646,7.097958191853476,590.1691560304871,9621.717344753748,8511.426,1445.3929999999996,2008.516,5057.516999999999,1879.579,6631.846999999998,22.08300935706896,2,1,0,0,1,54.0,54.0,54.0,1.0,1.0,0.0,0.0,1,0,0.0,0.0,0.0,1.0,1.0,0.0,0.0,1.0,1.0,1.0,4,0,2024,7,7,6,1,0,2,1,0,1,LEVE,0
6,1,7,0,4,1,-12.6442572040192,-72.9332272616422,5,4,0,0,7,2,2,5,3447.8009999999995,1.0,2,3,0.0,9,12,1109.0,0.4297325556987851,76.15904795703717,58.63823936731875,6.097264629229048,579.625724446144,29458.58458244112,17779.13499998999,2097.3709999899997,2863.123,12818.640999999989,2878.713,14900.421999989989,16.19152450331032,7,1,0,0,6,49.0,49.0,49.0,1.0,0.0,0.0,0.0,1,0,0.0,0.0,1.0,0.0,0.0,0.0,1.0,0.0,1.0,0.0,14,3,2021,3,19,4,0,1,2,1,0,1,GRAVE_MORTALIDAD,2
6,1,3,0,4,1,-16.648059318862124,-72.68785246907481,0,4,7,1,2,2,2,0,6639.975,2.0,2,0,1.0,9,31,1616.0,0.6438160463426852,84.71218617950387,69.3595667037428,8.966372569949256,1152.2024707992498,16526.967880085653,10322.272,1495.236,1749.739,7077.2970000000005,2886.595,7435.677000000001,27.964725207783708,1,1,0,0,0,31.0,31.0,31.0,1.0,0.0,0.0,0.0,1,0,0.0,0.0,0.0,1.0,1.0,0.0,0.0,1.0,0.0,1.0,5,0,2022,2,12,5,1,0,0,1,0,1,LEVE,0
6,1,10,0,4,2,-14.663484,-75.225382,0,4,5,0,7,2,2,0,6543.555,2.0,4,4,1.0,14,33,1198.0,0.5563774842369664,77.00938809632027,69.10246351364754,8.476961866273152,914.8835608305218,27932.19700214133,3721.461,698.1859999999996,744.866,2278.409,1102.9029999999996,2618.558,29.636290693359403,1,1,0,0,0,57.0,57.0,57.0,1.0,1.0,0.0,0.0,1,0,0.0,0.0,0.0,1.0,0.0,0.0,1.0,1.0,1.0,1.0,17,3,2023,8,27,6,1,1,0,1,0,1,LEVE,0
6,1,14,0,4,1,-11.6070792,-77.2143235,0,4,7,0,2,1,0,0,6543.555,3.0,2,0,1.0,0,30,1475.0,0.606011890732538,79.10580202061365,64.14379964647316,7.172095916125169,1269.9879605915198,20981.39186295503,7626.313,1683.4029999999998,1599.0829999999996,4343.827000000001,1814.875,5811.438000000001,23.797541485643197,1,1,0,0,0,38.0,38.0,38.0,1.0,0.0,0.0,0.0,1,0,0.0,0.0,0.0,1.0,1.0,0.0,0.0,1.0,1.0,1.0,4,0,2025,11,23,6,1,1,0,1,1,1,LEVE,0
6,1,7,0,4,1,-14.549508457539153,-72.04748801690361,0,4,7,1,2,2,2,2,1780.161,1.0,1,3,0.0,9,32,490.0,0.339323744940919,67.8567694463257,60.573677132379146,5.206321478431428,388.7128879370376,24527.03426124197,17779.13499998999,2097.3709999899997,2863.123,12818.640999999989,2878.713,14900.421999989989,16.19152450331032,1,1,0,0,0,34.0,34.0,34.0,1.0,0.0,1.0,1.0,1,0,0.0,0.0,0.0,1.0,1.0,0.0,0.0,1.0,1.0,1.0,14,3,2022,2,3,3,0,0,2,1,0,1,LEVE,0
6,1,11,0,4,0,-11.95518,-75.04378,0,4,2,1,1,1,0,2,6543.555,2.0,4,4,1.0,14,33,1198.0,0.6083413875375813,71.66982597817598,76.35118091119013,11.05243180238688,1046.538532645036,119236.36616702356,12264.545,1826.4639999999995,1105.5389999999998,9332.542,1588.5359999999996,10676.009,12.952261987705208,6,1,0,0,5,40.0,40.0,40.0,1.0,0.0,0.0,1.0,1,0,0.0,1.0,0.0,0.0,0.0,0.0,1.0,0.0,0.0,0.0,8,1,2021,7,18,6,1,1,2,1,0,1,GRAVE_LESIONADOS,1
3,2,1,0,4,1,-10.018976475818723,-78.1714024188635,0,4,7,1,2,2,2,0,6543.555,3.0,2,0,1.0,0,30,1475.0,0.594329796273136,79.51274210494626,67.23963656911357,9.093808711905876,1004.1856289962402,25729.80728051392,10767.648,1885.0630000000003,1222.721,7659.864000000001,2100.343,8667.305000000002,19.506051832303577,3,2,0,0,1,48.5,45.0,52.0,1.0,1.0,0.0,0.0,2,0,0.0,0.0,1.0,1.0,0.0,0.0,1.0,0.0,0.0,0.0,1,0,2021,8,12,3,0,0,0,1,1,1,GRAVE_MORTALIDAD,2
3,2,20,0,4,3,-15.354542788072528,-70.02497785698304,0,4,7,1,2,2,2,2,6543.555,2.0,4,4,1.0,14,33,1198.0,0.1810174949558188,69.26889595852893,49.98260057006019,4.579825449945772,98.35153163090057,11217.961456102785,13642.312999999998,2020.7790000000005,2354.117,9267.416999999998,3314.0520000000006,10328.260999999997,24.29244952817019,3,2,0,0,1,24.0,24.0,24.0,1.0,1.0,0.0,0.0,2,0,0.0,0.0,0.0,1.0,1.0,0.0,0.0,1.0,1.0,1.0,17,3,2021,12,13,0,0,0,2,1,0,1,LEVE,0
6,1,12,2,2,4,-8.104461,-79.03628,0,0,7,1,2,2,2,0,6543.555,2.0,4,4,1.0,14,33,1198.0,0.7151155191839451,79.57652607829836,77.25576500264712,11.809756866444314,1377.9438475528384,331253.00214132766,8931.828000000005,1335.5899999999997,1935.9830000000004,5660.255000000005,1219.309,7712.519000000005,13.651281686122925,1,1,0,0,0,37.0,33.0,40.0,1.0,0.0,0.0,0.0,1,0,0.0,0.0,0.0,1.0,1.0,0.0,0.0,0.0,0.0,1.0,0,0,2021,12,24,4,0,1,0,1,0,1,LEVE,0
3,2,23,2,4,1,-3.614284,-80.51437,0,4,7,1,2,1,0,2,6543.555,3.0,2,0,1.0,0,30,1475.0,0.5691277377037675,76.83860361118322,66.3560753457607,8.686409348773196,962.153294603348,23971.755888650965,1009.101,138.47399999999996,287.471,583.156,276.972,732.129,27.447401201663663,2,2,0,0,0,44.0,33.0,55.0,1.0,1.0,0.0,0.0,2,0,0.0,1.0,1.0,0.0,1.0,0.0,1.0,1.0,1.0,1.0,19,2,2025,12,8,0,0,0,0,1,1,1,LEVE,0
3,2,22,0,4,1,-17.975617,-70.2867008,0,4,1,0,2,1,1,2,6639.975,2.0,2,0,1.0,9,31,1616.0,0.6966125262955101,76.67066141771582,75.49195828278967,11.654573086271489,1371.819928142763,74177.24411134903,2650.572,630.6729999999998,487.3610000000001,1532.5379999999998,1068.7019999999998,1581.87,40.31967439480987,5,2,0,0,3,34.0,25.0,43.0,1.0,1.0,0.0,1.0,2,0,0.0,0.0,0.0,1.0,0.0,1.0,1.0,0.0,0.0,0.0,6,1,2021,3,17,2,0,1,0,1,0,1,GRAVE_LESIONADOS,1
3,2,12,2,2,4,-8.0718298133,-79.0209893475,0,0,1,1,2,2,2,0,6543.555,2.0,4,4,1.0,14,33,1198.0,0.5628682280502054,79.35078533424159,59.07369130997599,7.880201475313533,999.8741857239928,209189.32119914345,8931.828000000005,1335.5899999999997,1935.9830000000004,5660.255000000005,1219.309,7712.519000000005,13.651281686122925,2,2,0,0,0,56.0,37.0,75.0,1.0,0.0,0.0,0.0,2,0,0.0,1.0,0.0,1.0,1.0,0.0,1.0,0.0,0.0,1.0,9,1,2024,11,17,6,1,1,0,1,0,1,LEVE,0
3,2,3,0,4,0,-15.700749,-71.590196,0,4,0,0,2,0,1,0,6543.555,2.0,4,4,1.0,14,33,1198.0,0.5649362269939818,77.38255516262952,62.90799914166011,8.553205457677265,965.713524953966,7715.586723768736,10322.272,1495.236,1749.739,7077.2970000000005,2886.595,7435.677000000001,27.964725207783708,6,2,0,0,4,31.0,29.0,33.0,1.0,0.0,0.0,0.0,2,0,0.0,0.0,0.0,1.0,0.0,1.0,1.0,0.0,0.0,0.0,14,3,2021,12,25,5,1,1,0,1,0,1,GRAVE_LESIONADOS,1
6,1,21,2,4,1,-6.041788,-77.13269,0,3,0,1,2,2,2,0,7758.33400008,2.0,2,0,1.0,9,20,2133.0,0.5147882301210585,74.70882653725891,51.74890369370718,6.543161279603341,1011.2929178100565,4267.862955032119,5645.136,815.0759999999999,965.298,3864.762,1013.406,4631.73,17.95184385283189,1,1,0,0,0,52.0,52.0,52.0,0.0,1.0,0.0,0.0,1,0,0.0,0.0,0.0,1.0,1.0,0.0,0.0,1.0,1.0,1.0,0,0,2025,9,1,0,0,0,1,1,0,1,LEVE,0
6,1,14,2,2,4,-11.97987364,-76.77468805,0,3,7,1,2,2,2,0,6543.555,2.0,4,4,1.0,14,33,1198.0,0.7410537419693288,80.72873693175681,77.76911521289269,11.20634409407566,1539.7635062745433,43755.852248394,7626.313,1683.4029999999998,1599.0829999999996,4343.827000000001,1814.875,5811.438000000001,23.797541485643197,1,1,0,0,0,42.0,42.0,42.0,1.0,1.0,0.0,0.0,1,0,0.0,0.0,0.0,1.0,0.0,1.0,0.0,0.0,0.0,0.0,21,2,2023,10,15,6,1,1,0,1,0,1,LEVE,0
3,2,18,2,4,1,-10.62567909407184,-76.1754491504982,0,0,0,0,2,1,1,2,9936.932,2.0,2,0,1.0,9,32,3830.0,0.6193421604458235,76.39017950195935,80.49432651192377,11.494439166895754,957.3168975257496,31875.248394004284,3677.119863,564.5869999999999,910.845,2201.687863000001,590.8779999999998,3086.2418630000006,16.06904376290656,4,2,0,0,2,34.5,27.0,42.0,1.0,0.0,0.0,1.0,2,0,0.0,1.0,0.0,0.0,0.0,1.0,1.0,0.0,0.0,0.0,15,3,2022,10,8,5,1,0,2,1,0,1,GRAVE_MORTALIDAD,2
6,1,20,0,4,1,-15.2802355,-70.2564289,0,4,0,1,2,1,1,2,7586.903,2.0,2,0,1.0,9,5,1198.0,0.289549626938555,77.56938441814937,61.26176615135224,5.519427583790393,205.49658062526288,1447.8907922912204,13642.312999999998,2020.7790000000005,2354.117,9267.416999999998,3314.0520000000006,10328.260999999997,24.29244952817019,3,1,0,0,2,25.0,25.0,25.0,1.0,0.0,0.0,0.0,1,0,0.0,0.0,0.0,1.0,0.0,1.0,0.0,0.0,0.0,0.0,20,2,2021,1,29,4,0,1,2,1,0,1,LEVE,0
0,1,14,2,2,4,-12.072586132798852,-76.99293356359962,0,0,1,1,2,0,1,4,6543.555,2.0,4,4,1.0,14,33,1198.0,0.7932581306844921,81.51631118964869,80.69904096659818,11.778592694814522,1769.655750737171,53672.69593147752,7626.313,1683.4029999999998,1599.0829999999996,4343.827000000001,1814.875,5811.438000000001,23.797541485643197,2,1,0,1,0,47.0,47.0,47.0,1.0,0.0,0.0,0.0,1,0,0.0,0.0,0.0,1.0,0.0,0.0,1.0,0.0,0.0,0.0,6,1,2024,4,30,1,0,1,0,1,0,1,LEVE,0
3,2,22,0,4,1,-17.877327,-71.020774,0,4,7,1,2,2,2,2,1926.94,2.0,2,0,1.0,9,32,393.0,0.6860042057700118,73.87367866480537,70.00139058203484,9.721784452041804,1598.337723728393,3075.7066381156314,2650.572,630.6729999999998,487.3610000000001,1532.5379999999998,1068.7019999999998,1581.87,40.31967439480987,4,2,0,0,2,56.5,49.0,64.0,1.0,0.0,0.0,1.0,2,0,0.0,1.0,0.0,0.0,0.0,1.0,1.0,0.0,0.0,0.0,18,2,2023,12,13,2,0,0,0,1,0,1,GRAVE_MORTALIDAD,2
6,1,12,0,4,2,-7.958367855769947,-77.52431461411932,0,4,7,1,7,2,2,2,6543.555,2.0,4,4,1.0,14,33,1198.0,0.5483466485199614,73.40947702180615,54.774559790319735,7.761827414252816,1085.433074508267,22858.52890792291,8931.828000000005,1335.5899999999997,1935.9830000000004,5660.255000000005,1219.309,7712.519000000005,13.651281686122925,1,1,0,0,0,25.0,25.0,25.0,1.0,0.0,0.0,0.0,1,0,0.0,0.0,0.0,1.0,0.0,1.0,0.0,0.0,0.0,0.0,3,0,2024,7,29,0,0,1,0,1,0,1,LEVE,0
3,2,5,2,4,3,-6.17667,-78.9047,0,2,0,0,2,0,1,2,6543.555,2.0,4,4,1.0,14,33,1198.0,0.3376083017713408,75.94590632761323,33.375617175125186,3.943688421298141,532.676256693481,9173.08993576017,15935.565011852366,1733.9250000199986,935.692,13265.948011832368,2000.1670000199988,13935.398011832369,12.551591352627522,3,2,0,0,1,24.0,22.0,26.0,1.0,1.0,0.0,1.0,2,0,0.0,0.0,0.0,1.0,1.0,0.0,0.0,1.0,0.0,1.0,6,1,2023,5,21,6,1,1,2,1,0,1,LEVE,0
0,1,22,2,2,4,-17.9738389,-70.23355555555555,0,3,7,1,2,2,2,2,6543.555,2.0,4,4,1.0,14,33,1198.0,0.5247346827766403,77.18848313096647,75.55178983417426,9.056869377972824,693.9613625714486,37523.97002141328,2650.572,630.6729999999998,487.3610000000001,1532.5379999999998,1068.7019999999998,1581.87,40.31967439480987,2,1,0,1,0,35.0,35.0,35.0,1.0,1.0,0.0,1.0,1,0,0.0,0.0,1.0,0.0,0.0,0.0,1.0,0.0,0.0,0.0,18,2,2023,12,3,6,1,0,0,1,0,1,LEVE,0
3,1,3,0,4,1,-15.8527857979,-71.1166783731,0,4,7,1,2,2,2,0,1504.4250000000002,2.0,2,0,1.0,7,25,241.0,0.4498224071382834,81.63336343193146,58.84842497065013,5.774685730039019,620.6584683449911,1358.612419700214,10322.272,1495.236,1749.739,7077.2970000000005,2886.595,7435.677000000001,27.964725207783708,20,3,0,0,17,39.0,25.0,48.0,1.0,0.0,0.0,1.0,3,0,0.0,1.0,1.0,0.0,0.0,0.0,1.0,0.0,0.0,0.0,8,1,2024,9,1,6,1,0,0,1,0,1,GRAVE_MORTALIDAD,2
0,1,14,0,4,1,-10.738742225081932,-77.74812410503186,0,4,7,1,2,2,2,4,6543.555,3.0,2,0,1.0,0,30,1475.0,0.6351794046894105,80.8024412070713,71.35332766738335,9.404359888374977,1133.7779214188106,74926.62740899358,7626.313,1683.4029999999998,1599.0829999999996,4343.827000000001,1814.875,5811.438000000001,23.797541485643197,2,1,0,1,0,53.0,53.0,53.0,1.0,1.0,0.0,1.0,1,0,0.0,1.0,0.0,0.0,0.0,0.0,1.0,0.0,0.0,0.0,0,0,2021,5,1,5,1,0,0,1,1,1,LEVE,0
3,2,0,0,4,1,-6.3665074,-77.9123043,0,4,0,0,2,1,0,0,2760.8550000000005,1.0,1,3,0.0,9,32,1208.0,0.4040243427664201,67.07330590321597,38.91863022708683,5.754904656839778,739.1764930183533,1264.3126338329764,3903.732,1155.121,585.018,2163.5930000000003,943.591,2960.1410000000005,24.17151074920102,6,2,0,0,4,49.5,46.0,53.0,1.0,0.0,0.0,1.0,2,0,0.0,1.0,0.0,1.0,0.0,0.0,1.0,0.0,0.0,0.0,15,3,2021,8,9,0,0,0,1,1,0,1,GRAVE_MORTALIDAD,2
6,1,2,0,4,1,-14.471905018115224,-73.23739505374836,0,4,0,0,2,2,2,6,2238.6850000000004,2.0,2,0,1.0,4,27,115.0,0.3664074671664916,64.98461839600242,49.21626723104894,6.514538355458617,485.1304734113088,4508.062098501071,8358.971,1282.451,1298.0969999999998,5778.423,1432.683,6926.288,17.139466089785454,1,1,0,0,0,36.0,36.0,36.0,1.0,0.0,0.0,0.0,1,0,0.0,0.0,0.0,1.0,1.0,0.0,0.0,1.0,0.0,0.0,6,1,2021,6,19,5,1,1,2,1,0,1,LEVE,0
0,0,14,2,2,4,-12.06192,-76.996147,0,3,1,1,2,2,2,0,6543.555,2.0,4,4,1.0,14,33,1198.0,0.6868549636939637,79.62363164345142,76.30894566128948,9.209137883551294,1425.4498631666322,684921.8484148846,7626.313,1683.4029999999998,1599.0829999999996,4343.827000000001,1814.875,5811.438000000001,23.797541485643197,2,1,0,1,0,32.0,32.0,32.0,1.0,0.0,0.0,1.0,1,0,0.0,0.0,0.0,1.0,0.0,1.0,0.0,0.0,0.0,0.0,7,1,2022,1,17,0,0,1,0,1,0,1,LEVE,0
6,1,4,0,4,2,-15.367685,-73.29724,0,4,0,0,1,2,2,2,6543.555,2.0,4,4,1.0,14,33,1198.0,0.5195415199437885,75.49542185909227,58.35928232743613,8.456506800217879,820.3133165336449,2875.329764453961,12678.733000000004,1805.074000000001,1774.0339999999994,9099.625000000004,2485.375000000001,10193.358000000002,19.602707936195205,2,1,0,0,1,33.0,33.0,33.0,1.0,1.0,1.0,1.0,1,0,0.0,0.0,1.0,0.0,1.0,0.0,0.0,1.0,1.0,0.0,1,0,2021,9,13,0,0,0,2,1,0,1,LEVE,0
3,2,24,0,4,1,-8.448886763473837,-74.76860408192664,0,4,7,1,2,2,2,2,1169.3919999999998,2.0,3,1,0.0,9,32,75.0,0.4362106858928199,75.91054080603905,42.047312576916696,6.899542836039115,655.5242994288087,14497.284796573877,2689.139,392.697,1311.5319999999997,984.91,261.598,2427.541,9.727946379863592,3,2,0,0,1,37.5,19.0,56.0,1.0,1.0,0.0,1.0,2,0,0.0,0.0,1.0,1.0,1.0,0.0,0.0,1.0,1.0,1.0,6,1,2023,9,25,0,0,1,1,1,0,1,LEVE,0
3,1,7,0,4,1,-13.49562146800394,-72.18019619222027,6,5,6,2,6,2,2,0,7586.903,2.0,2,0,1.0,9,5,1198.0,0.4461630003962475,73.21502670801013,72.39928330950325,7.637017072327872,534.399353077353,18328.770877944324,17779.13499998999,2097.3709999899997,2863.123,12818.640999999989,2878.713,14900.421999989989,16.19152450331032,2,2,0,0,0,29.0,28.0,30.0,1.0,0.0,0.0,1.0,2,0,0.0,1.0,0.0,1.0,0.0,1.0,1.0,0.0,1.0,0.0,2,0,2021,12,5,6,1,0,2,1,0,1,LEVE,0
3,1,20,0,4,3,-14.757732486374506,-70.1459186728382,0,4,0,1,7,2,2,2,6543.555,2.0,4,4,1.0,14,33,1198.0,0.2209037315406962,65.8457651921912,58.62386229128814,5.494577261551993,134.94357400061227,4928.188436830835,13642.312999999998,2020.7790000000005,2354.117,9267.416999999998,3314.0520000000006,10328.260999999997,24.29244952817019,2,2,0,0,0,58.5,57.0,60.0,1.0,1.0,0.0,0.0,2,0,0.0,0.0,0.0,1.0,1.0,0.0,1.0,1.0,1.0,1.0,14,3,2023,10,5,3,0,0,2,1,0,1,LEVE,0
3,1,3,0,4,1,-16.5254121813254,-71.7496378314202,0,4,1,1,2,0,1,0,1504.4250000000002,2.0,2,0,1.0,7,25,241.0,0.6105481451420971,78.10653088113892,68.35418098658066,8.411557426919764,1158.5430895193692,35025.678800856535,10322.272,1495.236,1749.739,7077.2970000000005,2886.595,7435.677000000001,27.964725207783708,2,2,0,0,0,39.0,36.0,42.0,1.0,1.0,0.0,1.0,2,0,0.0,0.0,0.0,1.0,1.0,0.0,1.0,1.0,1.0,0.0,3,0,2025,6,30,0,0,1,0,1,0,1,LEVE,0
3,3,14,0,4,1,-11.18402,-77.57669,0,4,7,1,2,2,2,2,6543.555,3.0,2,0,1.0,0,30,1475.0,0.7327345537337897,78.20903814342847,76.31492653513806,13.642917835589472,1405.6698219039215,62016.21841541756,7626.313,1683.4029999999998,1599.0829999999996,4343.827000000001,1814.875,5811.438000000001,23.797541485643197,4,3,0,0,1,44.0,32.0,50.0,1.0,0.0,1.0,1.0,3,0,0.0,0.0,0.0,1.0,0.0,1.0,1.0,0.0,0.0,0.0,17,3,2022,12,24,5,1,1,0,1,1,1,LEVE,0
6,1,15,2,2,4,-3.756961,-73.251322,2,0,9,1,2,2,2,2,6543.555,2.0,4,4,1.0,14,33,1198.0,0.6598204400488458,74.39325093062702,69.69813044898703,12.74033149882924,1208.8057293272177,145540.50535331905,1095.5949999999998,128.87099999999998,320.74700000000007,645.9769999999999,274.214,821.381,25.02877431897737,1,1,0,0,0,23.0,23.0,23.0,1.0,1.0,0.0,0.0,1,0,0.0,0.0,0.0,1.0,1.0,0.0,0.0,1.0,1.0,1.0,3,0,2022,2,9,2,0,0,1,1,0,1,LEVE,0
3,2,6,2,2,4,-11.829234987499738,-77.12120340024269,0,3,7,1,2,2,2,6,6543.555,2.0,4,4,1.0,14,33,1198.0,0.5563774842369664,77.00938809632027,69.10246351364754,8.476961866273152,914.8835608305218,27932.19700214133,51.58600000000001,44.68700000000001,6.899000000000001,0.0,49.838000000000015,1.748,96.61148373589734,3,2,0,0,1,45.0,30.0,60.0,1.0,1.0,0.0,0.0,2,0,0.0,0.0,1.0,0.0,1.0,0.0,1.0,0.0,1.0,0.0,5,0,2021,8,3,1,0,0,2,1,0,0,LEVE,0
6,1,3,0,4,2,-17.09368,-71.47387,7,4,0,1,2,0,1,0,6543.555,2.0,4,4,1.0,14,33,1198.0,0.6064020802559494,77.82737834960788,75.48658600973863,8.303531284530445,1096.758694527593,6370.241970021414,10322.272,1495.236,1749.739,7077.2970000000005,2886.595,7435.677000000001,27.964725207783708,1,1,0,0,0,31.0,31.0,31.0,1.0,1.0,0.0,0.0,1,0,0.0,0.0,0.0,1.0,1.0,0.0,0.0,1.0,0.0,1.0,10,1,2024,3,7,3,0,0,0,1,0,1,LEVE,0
3,1,16,2,4,1,-12.883538,-70.026828,6,5,6,2,6,2,2,0,3263.58,2.0,2,0,1.0,5,18,566.0,0.5847607793961872,74.2269863647676,56.54783510482739,8.321017414125608,1213.9031663194648,11048.877944325484,2090.391,399.431,340.021,1350.9389999999996,493.824,1596.5669999999996,23.62352306338862,5,3,0,0,2,32.5,32.0,33.0,1.0,1.0,0.0,1.0,3,0,0.0,0.0,0.0,1.0,1.0,0.0,1.0,0.0,1.0,0.0,3,0,2021,3,18,3,0,1,1,1,0,1,LEVE,0
1,1,20,0,4,1,-16.160136,-69.648405,0,4,7,1,2,2,2,2,417.30000000000007,1.0,0,3,0.0,9,32,52.0,0.4020198374784472,77.80062735845667,75.295761294875,7.279851651626652,372.63390314535104,50686.62526766595,13642.312999999998,2020.7790000000005,2354.117,9267.416999999998,3314.0520000000006,10328.260999999997,24.29244952817019,2,1,1,1,0,37.0,33.0,40.0,0.0,0.0,0.0,0.0,1,1,1.0,0.0,0.0,0.0,0.0,0.0,0.0,0.0,0.0,1.0,21,2,2023,6,13,1,0,0,2,1,0,1,LEVE,0
1,1,12,0,4,2,-7.710862,-79.373634,0,4,7,1,1,2,2,0,6543.555,2.0,4,4,1.0,14,33,1198.0,0.5605164445866666,76.61349501649897,62.760180081206855,7.98931757140171,999.8297352720696,9448.43683083512,8931.828000000005,1335.5899999999997,1935.9830000000004,5660.255000000005,1219.309,7712.519000000005,13.651281686122925,2,1,1,1,0,37.0,33.0,40.0,0.0,0.0,0.0,0.0,1,1,1.0,0.0,0.0,0.0,0.0,0.0,0.0,0.0,0.0,1.0,19,2,2023,6,27,1,0,1,0,1,0,1,LEVE,0
3,0,14,2,2,4,-12.1285414,-76.9849656,0,3,1,1,2,2,2,0,6543.555,2.0,4,4,1.0,14,33,1198.0,0.8017574897902351,80.48487267736287,78.74302427848284,13.156716040468266,1766.1488062170545,359776.608137045,7626.313,1683.4029999999998,1599.0829999999996,4343.827000000001,1814.875,5811.438000000001,23.797541485643197,2,2,0,0,0,35.5,20.0,51.0,1.0,1.0,0.0,1.0,2,0,0.0,1.0,0.0,1.0,1.0,0.0,1.0,1.0,1.0,0.0,16,3,2021,11,7,6,1,0,0,1,0,1,LEVE,0
6,1,14,2,4,1,-11.978427911890416,-76.78207926382203,0,2,7,1,2,2,2,0,875.67,2.0,2,0,1.0,3,14,156.0,0.7410537419693288,80.72873693175681,77.76911521289269,11.20634409407566,1539.7635062745433,43755.852248394,7626.313,1683.4029999999998,1599.0829999999996,4343.827000000001,1814.875,5811.438000000001,23.797541485643197,1,1,0,0,0,26.0,26.0,26.0,1.0,0.0,0.0,0.0,1,0,0.0,0.0,0.0,1.0,1.0,0.0,0.0,0.0,1.0,0.0,2,0,2022,6,27,0,0,1,0,1,0,1,LEVE,0
3,2,12,0,4,1,-8.424366,-78.781794,0,4,7,1,2,2,2,0,6543.555,3.0,2,0,1.0,0,30,1475.0,0.5051395598219868,77.13285387085847,51.52067479184955,6.715328807318118,900.900383457586,67612.41755888652,8931.828000000005,1335.5899999999997,1935.9830000000004,5660.255000000005,1219.309,7712.519000000005,13.651281686122925,3,2,0,0,1,33.5,26.0,41.0,1.0,0.0,0.0,0.0,2,0,0.0,1.0,0.0,1.0,0.0,1.0,1.0,0.0,0.0,0.0,22,2,2022,10,29,5,1,1,0,1,1,1,LEVE,0
1,1,14,2,2,4,-12.220862595284473,-76.94377197644376,0,0,1,1,2,2,2,0,6543.555,2.0,4,4,1.0,14,33,1198.0,0.6990481232857558,80.14597904142546,74.3851677794309,10.004397644056358,1432.5044292531525,459161.0728051392,7626.313,1683.4029999999998,1599.0829999999996,4343.827000000001,1814.875,5811.438000000001,23.797541485643197,2,1,1,1,0,37.0,33.0,40.0,0.0,0.0,0.0,0.0,1,1,1.0,0.0,0.0,0.0,0.0,0.0,0.0,0.0,0.0,1.0,11,1,2024,1,14,6,1,0,0,1,0,1,LEVE,0