CLASE SINIESTRO,CANTIDAD DE VEHICULOS DAÑADOS,DEPARTAMENTO,ZONA,TIPO DE VÍA,RED VIAL,COORDENADAS LATITUD,COORDENADAS  LONGITUD,CONDICIÓN CLIMÁTICA,ZONIFICACIÓN,CARACTERÍSTICAS DE VÍA,PERFIL LONGITUDINAL VÍA,SUPERFICIE DE CALZADA,¿EXISTE SEÑAL VERTICAL?,¿EXISTE SEÑAL HORIZONTAL?,CAUSA FACTOR PRINCIPAL,MTC_RVN_LONGITUD_KM,MTC_RVN_N_CARRILES_MEDIANA,MTC_RVN_SUPERFICIE_DOMINANTE,MTC_RVN_ESTADO_DOMINANTE,MTC_RVN_ES_CONCESIONADA,MTC_RVN_CONCESION_PRINCIPAL,MTC_RVN_CORREDOR_LOGISTICO,MTC_RVN_N_TRAMOS,IDH_2019,IDH_ESP_VIDA_2019,IDH_EDUC_SECUND_PCT_2019,IDH_ANIOS_EDUC_2019,IDH_INGRESO_PERCAP_2019,IDH_POBLACION_2019,MTC_DEP_RED_TOTAL_KM,MTC_DEP_NACIONAL_TOTAL_KM,MTC_DEP_DEPARTAMENTAL_TOTAL_KM,MTC_DEP_VECINAL_TOTAL_KM,MTC_DEP_PAV_TOTAL_KM,MTC_DEP_NO_PAV_TOTAL_KM,MTC_DEP_PCT_PAVIMENTADA,PER_TOTAL_PERSONAS,PER_N_CONDUCTORES,PER_N_CONDUCTORES_FUGADOS,PER_N_PEATONES,PER_N_PASAJEROS_OCUPANTES,PER_EDAD_COND_PROM,PER_EDAD_COND_MIN,PER_EDAD_COND_MAX,PER_ANY_COND_MASCULINO,PER_ANY_LIC_PROBLEMA,PER_ANY_DOSAJE_POS,PER_ANY_DOSAJE_EVALUADO,VEH_TOTAL,VEH_N_FUGADOS,VEH_ANY_FUGADO,VEH_ANY_CARGA,VEH_ANY_PUBLICO,VEH_ANY_PARTICULAR,VEH_ANY_MOTO,VEH_ANY_AUTO,VEH_ANY_CAMION_BUS,VEH_ANY_SOAT_PROBLEMA,VEH_ANY_CITV_PROBLEMA,VEH_ANY_SEGURO_PROBLEMA,HORA_NUM,FRANJA_HORARIA,ANIO,MES,DIA_MES,DIA_SEMANA,ES_FIN_SEMANA,ES_QUINCENA,REGION_NATURAL,TIENE_SEÑALIZACION,ES_VIA_MULTICARRIL,ES_DEPTO_BAJO_PAVIMENTO,CATEGORIA_SEVERIDAD,CATEGORIA_SEVERIDAD_ENC
3,2,12,2,4,1,-8.1544961538,-79.012340231,0,2,7,1,2,2,2,0,6543.555,3.0,2,0,1.0,0,30,1475.0,0.618325375347301,78.45577068094175,66.18977766598024,9.47415720612109,1128.5991234425228,37258.80942184154,8931.828000000005,1335.5899999999997,1935.9830000000004,5660.255000000005,1219.309,7712.519000000005,13.651281686122925,2,2,0,0,0,35.0,27.0,43.0,1.0,1.0,0.0,0.0,2,0,0.0,1.0,0.0,1.0,1.0,0.0,1.0,0.0,1.0,1.0,23,2,2025,2,15,5,1,1,0,1,1,1,LEVE,0
7,1,3,2,7,4,-16.338482,-71.609659,0,0,2,1,4,2,2,0,6543.555,2.0,4,4,1.0,14,33,1198.0,0.6411767862503931,77.2408324916572,78.204125011303,10.595705083047717,1107.223861768016,193412.3169164882,10322.272,1495.236,1749.739,7077.2970000000005,2886.595,7435.677000000001,27.964725207783708,2,1,0,0,1,37.0,33.0,40.0,0.0,0.0,0.0,0.0,1,0,0.0,0.0,0.0,1.0,0.0,1.0,0.0,0.0,0.0,0.0,12,3,2022,4,9,5,1,0,0,1,0,1,LEVE,0
6,1,4,0,4,2,-13.6058593,-74.1387439,0,4,0,0,7,2,2,2,6543.555,2.0,4,4,1.0,14,33,1198.0,0.4012828134779898,75.56604743111033,58.30948969455957,6.059350575193293,486.92222910100446,6408.9293361884365,12678.733000000004,1805.074000000001,1774.0339999999994,9099.625000000004,2485.375000000001,10193.358000000002,19.602707936195205,6,1,0,0,5,37.0,37.0,37.0,0.0,0.0,0.0,1.0,1,0,0.0,0.0,0.0,1.0,0.0,0.0,1.0,0.0,0.0,0.0,15,3,2023,7,29,5,1,1,2,1,0,1,GRAVE_LESIONADOS,1
0,1,12,0,4,0,-7.761406,-77.603918,0,4,7,1,1,2,2,0,6543.555,2.0,4,4,1.0,14,33,1198.0,0.4686292122960986,72.39347765706144,42.14285241633188,6.687776775372348,878.2652317159998,9440.374732334049,8931.828000000005,1335.5899999999997,1935.9830000000004,5660.255000000005,1219.309,7712.519000000005,13.651281686122925,2,1,0,1,0,23.0,23.0,23.0,1.0,0.0,0.0,0.0,1,0,0.0,0.0,0.0,1.0,0.0,0.0,1.0,1.0,1.0,0.0,18,2,2023,5,2,1,0,0,0,1,0,1,LEVE,0
3,1,20,0,4,0,-15.18036477872819,-69.78883619318478,0,4,7,1,2,0,1,2,6543.555,2.0,4,4,1.0,14,33,1198.0,0.4032210196156518,69.57344393979501,70.66462432904875,7.051546041958483,460.5210312161111,14743.678800856533,13642.312999999998,2020.7790000000005,2354.117,9267.416999999998,3314.0520000000006,10328.260999999997,24.29244952817019,2,2,1,0,0,55.0,55.0,55.0,1.0,0.0,0.0,0.0,2,1,1.0,0.0,0.0,1.0,1.0,0.0,0.0,0.0,1.0,1.0,19,2,2022,7,30,5,1,1,2,1,0,1,LEVE,0
4,1,7,2,4,1,-13.278097,-72.187868,0,3,7,1,2,1,0,6,3447.8009999999995,1.0,2,3,0.0,9,12,1109.0,0.5961225511084856,78.53035911580116,68.81531875437855,9.019506278168732,1024.5153398091154,21509.777301927195,17779.13499998999,2097.3709999899997,2863.123,12818.640999999989,2878.713,14900.421999989989,16.19152450331032,2,1,0,0,1,17.0,17.0,17.0,1.0,1.0,0.0,0.0,1,0,0.0,0.0,0.0,1.0,1.0,0.0,0.0,1.0,1.0,1.0,19,2,2023,1,30,0,0,1,2,1,0,1,LEVE,0
3,2,20,0,4,1,-15.755179,-70.051617,0,4,0,1,2,2,2,2,7586.903,2.0,2,0,1.0,9,5,1198.0,0.3204026151964153,69.29426309416309,70.2364823564305,6.371809812333516,265.9551058733816,4850.546038543897,13642.312999999998,2020.7790000000005,2354.117,9267.416999999998,3314.0520000000006,10328.260999999997,24.29244952817019,4,2,0,0,2,34.0,26.0,42.0,1.0,1.0,0.0,0.0,2,0,0.0,0.0,0.0,1.0,0.0,1.0,1.0,0.0,0.0,0.0,22,2,2023,1,1,6,1,0,2,1,0,1,GRAVE_LESIONADOS,1
6,1,3,2,4,0,-16.299498,-71.521146,0,3,0,0,2,2,2,0,6543.555,2.0,4,4,1.0,14,33,1198.0,0.6738551636003771,78.16730405462371,80.12651178794934,11.26654579524565,1199.6180061497348,97926.27408993576,10322.272,1495.236,1749.739,7077.2970000000005,2886.595,7435.677000000001,27.964725207783708,1,1,0,0,0,52.0,52.0,52.0,1.0,1.0,0.0,0.0,1,0,0.0,0.0,0.0,1.0,1.0,0.0,0.0,1.0,0.0,0.0,13,3,2021,8,19,3,0,1,0,1,0,1,LEVE,0
3,2,7,2,12,4,-13.543829,-71.900762,0,3,7,1,2,1,1,2,6543.555,2.0,4,4,1.0,14,33,1198.0,0.6549025615332805,78.59637500870319,78.62696287300767,10.432612491698492,1156.1148957567648,59698.74304068524,17779.13499998999,2097.3709999899997,2863.123,12818.640999999989,2878.713,14900.421999989989,16.19152450331032,2,2,0,0,0,31.0,28.0,34.0,1.0,0.0,0.0,0.0,2,0,0.0,0.0,1.0,1.0,0.0,1.0,1.0,0.0,0.0,0.0,19,2,2021,7,6,1,0,0,2,1,0,1,LEVE,0
3,2,20,0,4,1,-14.911956,-69.843649,0,4,7,1,2,2,2,2,1762.84,2.0,1,0,0.0,9,32,485.0,0.378190833410684,64.38599435143328,71.47428639887909,6.6558756897025,445.86091818087607,23481.556745182013,13642.312999999998,2020.7790000000005,2354.117,9267.416999999998,3314.0520000000006,10328.260999999997,24.29244952817019,3,2,0,0,1,32.5,16.0,49.0,1.0,1.0,0.0,0.0,2,0,0.0,0.0,0.0,1.0,1.0,0.0,0.0,1.0,1.0,1.0,19,2,2021,10,21,3,0,1,2,1,0,1,LEVE,0
3,2,13,0,4,1,-6.6572423,-79.4276372,0,4,7,1,2,2,2,0,919.085,2.0,2,3,0.0,9,7,218.0,0.5503029539517347,79.99127591066559,68.1090917289538,7.641427786921865,881.7633092588721,18003.3426124197,3459.691,515.0619999999999,689.7280000000001,2254.901,703.3549999999999,2756.336,20.329994788551925,2,2,0,0,0,45.0,33.0,57.0,1.0,0.0,0.0,0.0,2,0,0.0,1.0,1.0,0.0,1.0,0.0,1.0,1.0,1.0,0.0,20,2,2022,12,16,4,0,1,0,1,0,1,LEVE,0
6,1,7,2,4,1,-14.292153543743536,-71.21975426759026,2,3,1,1,2,0,1,2,7586.903,2.0,2,0,1.0,9,5,1198.0,0.5265643824923771,76.3202150422939,72.59240802938885,8.636399400985075,746.7361126929013,59032.11777301927,17779.13499998999,2097.3709999899997,2863.123,12818.640999999989,2878.713,14900.421999989989,16.19152450331032,1,1,0,0,0,61.0,61.0,61.0,1.0,0.0,0.0,0.0,1,0,0.0,0.0,0.0,1.0,1.0,0.0,0.0,0.0,1.0,0.0,7,1,2022,3,26,5,1,1,2,1,0,1,LEVE,0
10,1,12,0,4,0,-8.48203893350164,-78.41339012786472,0,4,7,1,1,2,2,0,6543.555,2.0,4,4,1.0,14,33,1198.0,0.4971504606547645,77.79759708660042,46.44666297237219,6.322206801902116,929.9716106661404,44368.59100642397,8931.828000000005,1335.5899999999997,1935.9830000000004,5660.255000000005,1219.309,7712.519000000005,13.651281686122925,7,1,0,0,6,55.0,55.0,55.0,1.0,0.0,0.0,0.0,1,0,0.0,0.0,1.0,0.0,0.0,0.0,1.0,0.0,0.0,0.0,16,3,2022,10,16,6,1,1,0,1,0,1,GRAVE_LESIONADOS,1
1,1,22,2,4,2,-18.076648675498568,-70.25494390302107,0,3,1,0,2,2,2,4,6543.555,2.0,4,4,1.0,14,33,1198.0,0.5563774842369664,77.00938809632027,69.10246351364754,8.476961866273152,914.8835608305218,27932.19700214133,2650.572,630.6729999999998,487.3610000000001,1532.5379999999998,1068.7019999999998,1581.87,40.31967439480987,2,1,1,1,0,37.0,33.0,40.0,0.0,0.0,0.0,0.0,1,1,1.0,0.0,0.0,0.0,0.0,0.0,0.0,0.0,0.0,1.0,18,2,2023,1,21,5,1,1,0,1,0,1,LEVE,0
6,1,7,0,4,2,-14.23558451152011,-72.01376105569636,0,4,0,1,1,2,2,2,6543.555,2.0,4,4,1.0,14,33,1198.0,0.3582063239468129,73.72125513625039,50.68912238545782,4.370934077592676,495.5648271945098,7210.27408993576,17779.13499998999,2097.3709999899997,2863.123,12818.640999999989,2878.713,14900.421999989989,16.19152450331032,3,1,0,0,2,29.0,29.0,29.0,1.0,0.0,0.0,0.0,1,0,0.0,0.0,0.0,1.0,0.0,1.0,0.0,0.0,0.0,0.0,11,1,2023,8,10,3,0,0,2,1,0,1,GRAVE_MORTALIDAD,2
6,1,13,0,4,2,-6.5340993,-79.8511198,0,4,7,1,7,2,2,0,6543.555,2.0,4,4,1.0,14,33,1198.0,0.4530607633213016,76.60203660440479,57.768100495203775,6.835929280138066,623.8856963091697,18730.47537473233,3459.691,515.0619999999999,689.7280000000001,2254.901,703.3549999999999,2756.336,20.329994788551925,2,1,0,0,1,48.0,48.0,48.0,1.0,0.0,0.0,0.0,1,0,0.0,0.0,1.0,0.0,1.0,0.0,0.0,1.0,1.0,1.0,17,3,2022,10,10,0,0,0,0,1,0,1,LEVE,0
1,1,7,0,4,1,-13.608327,-71.747919,0,4,7,1,2,0,1,0,7586.903,2.0,2,0,1.0,9,5,1198.0,0.4475472256372688,60.13165495576951,63.56521874336077,7.651720948254891,772.3586316120596,4267.871520342612,17779.13499998999,2097.3709999899997,2863.123,12818.640999999989,2878.713,14900.421999989989,16.19152450331032,2,1,1,1,0,37.0,33.0,40.0,0.0,0.0,0.0,0.0,1,1,1.0,0.0,0.0,0.0,0.0,0.0,0.0,1.0,0.0,1.0,23,2,2025,2,22,5,1,1,2,1,0,1,LEVE,0
1,1,14,2,4,1,-12.021297496382838,-76.92534142797355,0,0,0,1,2,2,2,0,875.67,2.0,2,0,1.0,3,14,156.0,0.6831952456039544,78.60873873772867,74.49000793376607,10.00420210847705,1376.0472418044385,255143.7301927195,7626.313,1683.4029999999998,1599.0829999999996,4343.827000000001,1814.875,5811.438000000001,23.797541485643197,2,1,1,1,0,37.0,33.0,40.0,0.0,0.0,0.0,0.0,1,1,1.0,0.0,0.0,0.0,0.0,0.0,0.0,0.0,0.0,1.0,3,0,2022,6,19,6,1,1,0,1,0,1,LEVE,0
1,1,19,2,4,1,-4.903164773382002,-80.34626822118075,0,4,7,1,2,2,2,0,640.6200000000001,2.0,2,3,0.0,9,32,72.0,0.459857589992435,80.72202071327797,50.86886521100652,5.65389066385764,729.6720832259953,125429.93361884369,8965.846000060003,1782.4120000599992,636.9959999999999,6546.438000000004,2214.505000059999,6751.341000000004,24.699342371541725,2,1,1,1,0,37.0,33.0,40.0,0.0,0.0,0.0,0.0,1,1,1.0,0.0,0.0,0.0,0.0,0.0,0.0,0.0,0.0,1.0,15,3,2022,12,19,0,0,1,0,1,0,1,LEVE,0
6,1,14,0,4,1,-11.129518303906018,-76.62382890757128,2,4,5,0,3,2,2,0,782.3000000000001,-1.0,0,0,1.0,9,15,161.0,0.5338535285307585,79.3770364156735,65.94611570754564,9.82426442458718,712.900475246207,1195.3426124197003,7626.313,1683.4029999999998,1599.0829999999996,4343.827000000001,1814.875,5811.438000000001,23.797541485643197,1,1,0,0,0,34.0,34.0,34.0,1.0,0.0,0.0,0.0,1,0,0.0,1.0,0.0,0.0,0.0,0.0,1.0,0.0,0.0,0.0,4,0,2021,3,6,5,1,0,0,1,0,1,LEVE,0
6,1,17,0,4,2,-17.120561828829672,-70.6710945814848,6,5,6,2,6,2,2,0,6543.555,2.0,4,4,1.0,14,33,1198.0,0.7437783195988382,76.5026824093639,70.73844073684616,10.36528940158256,1843.898839438545,5470.319057815847,2949.174,470.28500000000025,903.055,1575.834,866.4460000000004,2082.728,29.37927704503025,2,1,0,0,1,31.0,31.0,31.0,1.0,0.0,0.0,0.0,1,0,0.0,0.0,0.0,1.0,0.0,0.0,1.0,0.0,0.0,0.0,11,1,2021,8,17,1,0,1,0,1,0,1,LEVE,0
1,0,13,2,4,1,-6.792049,-79.865118,0,0,7,1,2,2,2,2,6543.555,3.0,2,0,1.0,0,30,1475.0,0.6336758582443321,79.57413791335281,79.43179781120509,10.959065315580176,998.3945232858084,284974.83725910063,3459.691,515.0619999999999,689.7280000000001,2254.901,703.3549999999999,2756.336,20.329994788551925,2,1,1,1,0,37.0,33.0,40.0,0.0,0.0,0.0,0.0,1,1,1.0,0.0,0.0,0.0,0.0,0.0,0.0,0.0,0.0,1.0,18,2,2021,9,8,2,0,0,0,1,1,1,LEVE,0
3,1,14,0,4,1,-13.115001207152378,-76.40609300723047,0,4,7,1,2,2,2,0,6639.975,2.0,2,0,1.0,9,31,1616.0,0.7067903522986189,79.52916285267099,82.80316671539224,10.462097005251849,1382.47389272881,60076.22055674518,7626.313,1683.4029999999998,1599.0829999999996,4343.827000000001,1814.875,5811.438000000001,23.797541485643197,3,2,0,0,1,59.0,52.0,66.0,1.0,0.0,0.0,0.0,2,0,0.0,1.0,0.0,1.0,0.0,1.0,1.0,0.0,0.0,0.0,20,2,2022,9,23,4,0,1,0,1,0,1,GRAVE_MORTALIDAD,2
0,1,3,0,4,1,-16.532018,-71.796382,0,4,7,1,2,2,2,0,6639.975,2.0,2,0,1.0,9,31,1616.0,0.6105481451420971,78.10653088113892,68.35418098658066,8.411557426919764,1158.5430895193692,35025.678800856535,10322.272,1495.236,1749.739,7077.2970000000005,2886.595,7435.677000000001,27.964725207783708,2,1,0,1,0,54.0,54.0,54.0,1.0,0.0,0.0,1.0,1,0,0.0,0.0,0.0,1.0,0.0,1.0,0.0,0.0,0.0,0.0,20,2,2023,7,8,5,1,0,0,1,0,1,LEVE,0
6,1,9,0,4,1,-9.23654,-76.08865,0,4,0,1,2,1,0,2,2135.1760000000004,1.0,1,0,0.0,9,32,705.0,0.3946200460108442,71.7331306222984,47.621135174889496,5.973791633302898,554.8279726591455,25825.35117773019,8209.057,1333.4779999999996,791.9770000000001,6083.602,1059.8589999999997,7149.198,12.910849565303296,2,1,0,0,1,39.0,39.0,39.0,1.0,0.0,0.0,0.0,1,0,0.0,1.0,0.0,0.0,0.0,0.0,1.0,0.0,1.0,0.0,15,3,2021,6,3,3,0,0,2,1,0,1,LEVE,0
3,2,21,2,4,1,-6.1730294566101,-76.8325393509118,0,4,7,1,2,2,2,2,7758.33400008,2.0,2,0,1.0,9,20,2133.0,0.3492524985551798,73.87945975179423,47.35782955662357,4.584830643679292,457.969668231556,16120.93790149893,5645.136,815.0759999999999,965.298,3864.762,1013.406,4631.73,17.95184385283189,2,2,0,0,0,38.5,20.0,57.0,1.0,1.0,0.0,0.0,2,0,0.0,0.0,1.0,1.0,1.0,1.0,0.0,1.0,1.0,1.0,20,2,2025,5,25,6,1,1,1,1,0,1,LEVE,0
6,1,4,0,4,0,-13.933434,-73.754059,0,4,0,0,1,2,2,2,6543.555,2.0,4,4,1.0,14,33,1198.0,0.4666425080552502,72.78790794555484,54.53479226078301,7.654943385761483,698.2069047145085,2556.291220556745,12678.733000000004,1805.074000000001,1774.0339999999994,9099.625000000004,2485.375000000001,10193.358000000002,19.602707936195205,2,1,0,0,1,29.0,29.0,29.0,1.0,0.0,0.0,0.0,1,0,0.0,1.0,0.0,0.0,0.0,0.0,1.0,0.0,0.0,0.0,15,3,2023,7,5,2,0,0,2,1,0,1,LEVE,0
3,2,21,0,4,1,-6.080939,-76.887707,0,4,7,0,2,2,2,0,7758.33400008,2.0,2,0,1.0,9,20,2133.0,0.5294800468051228,72.46713251445857,60.50982579904599,7.757161651692042,952.984823255978,86435.21199143468,5645.136,815.0759999999999,965.298,3864.762,1013.406,4631.73,17.95184385283189,2,2,0,0,0,50.0,36.0,64.0,1.0,1.0,0.0,0.0,2,0,0.0,0.0,1.0,0.0,1.0,1.0,0.0,0.0,1.0,1.0,5,0,2024,7,10,2,0,0,1,1,0,1,LEVE,0
3,2,12,2,4,1,-8.1122553924,-79.0941381492,0,0,7,1,2,2,2,0,6543.555,3.0,2,0,1.0,0,30,1475.0,0.583006771156836,78.2441938961209,62.24037484511178,8.807312392374042,1028.2282118265089,76607.295503212,8931.828000000005,1335.5899999999997,1935.9830000000004,5660.255000000005,1219.309,7712.519000000005,13.651281686122925,4,2,0,0,2,44.0,30.0,58.0,1.0,1.0,0.0,0.0,2,0,0.0,1.0,1.0,0.0,1.0,0.0,1.0,0.0,0.0,1.0,16,3,2024,9,20,4,0,1,0,1,1,1,GRAVE_MORTALIDAD,2
3,1,14,2,2,4,-11.913066255519231,-77.00300212566364,0,3,7,1,2,2,2,0,6543.555,2.0,4,4,1.0,14,33,1198.0,0.7218926988400113,80.0902077245261,77.9581888264889,10.971588327733102,1458.3206086290393,530000.3426124197,7626.313,1683.4029999999998,1599.0829999999996,4343.827000000001,1814.875,5811.438000000001,23.797541485643197,3,2,0,0,1,47.0,41.0,53.0,1.0,1.0,0.0,0.0,2,0,0.0,0.0,1.0,1.0,0.0,0.0,1.0,0.0,0.0,0.0,19,2,2023,3,17,4,0,1,0,1,0,1,LEVE,0
1,1,3,2,4,1,-16.305901,-71.616539,2,3,7,1,2,1,1,0,1504.4250000000002,2.0,2,0,1.0,7,25,241.0,0.6005060748875158,78.21704200773246,77.40211893847457,8.994742794352394,996.014120858737,33335.45824411135,10322.272,1495.236,1749.739,7077.2970000000005,2886.595,7435.677000000001,27.964725207783708,2,1,1,1,0,37.0,33.0,40.0,0.0,0.0,0.0,0.0,1,1,1.0,0.0,0.0,0.0,0.0,0.0,0.0,0.0,0.0,1.0,22,2,2025,2,14,4,0,0,0,1,0,1,LEVE,0
1,0,13,0,4,1,-6.2216688,-79.7073985,0,4,7,1,2,2,2,0,1305.18,2.0,2,0,1.0,1,20,163.0,0.4974674218418852,75.93907983080418,58.3357972839862,7.69595447676265,761.2908213145297,28734.96573875803,3459.691,515.0619999999999,689.7280000000001,2254.901,703.3549999999999,2756.336,20.329994788551925,2,1,1,1,0,37.0,33.0,40.0,0.0,0.0,0.0,0.0,1,1,1.0,0.0,0.0,0.0,0.0,0.0,0.0,0.0,0.0,1.0,21,2,2021,5,16,6,1,1,0,1,0,1,LEVE,0
1,1,5,2,2,4,-7.17160617453749,-78.5011379431128,0,1,7,1,4,2,2,0,6543.555,2.0,4,4,1.0,14,33,1198.0,0.6070175276741574,73.19224654097276,74.29530430690215,9.490386956642766,1117.141592366869,257380.9443254818,15935.565011852366,1733.9250000199986,935.692,13265.948011832368,2000.1670000199988,13935.398011832369,12.551591352627522,2,1,1,1,0,37.0,33.0,40.0,0.0,0.0,0.0,0.0,1,0,0.0,0.0,1.0,0.0,1.0,0.0,0.0,1.0,1.0,1.0,11,1,2023,8,14,0,0,0,2,1,0,1,LEVE,0
6,1,7,0,4,1,-14.395139,-71.134351,0,4,7,1,2,1,1,2,7586.903,2.0,2,0,1.0,9,5,1198.0,0.3688068892893833,76.47283450634272,62.25751908213611,5.9696521090432615,372.1207781777657,9957.021413276232,17779.13499998999,2097.3709999899997,2863.123,12818.640999999989,2878.713,14900.421999989989,16.19152450331032,1,1,0,0,0,23.0,23.0,23.0,1.0,1.0,0.0,0.0,1,0,0.0,0.0,0.0,1.0,1.0,0.0,0.0,1.0,1.0,1.0,18,2,2022,6,26,6,1,1,2,1,0,1,LEVE,0
0,1,11,0,4,2,-11.272255466706588,-75.65967675565224,6,5,6,2,6,2,2,0,6543.555,2.0,4,4,1.0,14,33,1198.0,0.4094314403899762,74.63978889880055,46.46618001064272,5.324449305943795,637.1599522355274,11960.32976445396,12264.545,1826.4639999999995,1105.5389999999998,9332.542,1588.5359999999996,10676.009,12.952261987705208,2,1,0,1,0,36.0,36.0,36.0,1.0,0.0,0.0,0.0,1,0,0.0,1.0,0.0,0.0,0.0,0.0,1.0,0.0,0.0,0.0,10,1,2023,3,18,5,1,1,2,1,0,1,LEVE,0
3,2,21,2,4,1,-6.054252,-77.165076,0,0,0,1,2,1,0,2,7758.33400008,2.0,2,0,1.0,9,20,2133.0,0.5963332411867256,73.80959983510441,63.34953560123128,8.251886446437874,1232.7304200473363,24031.167023554604,5645.136,815.0759999999999,965.298,3864.762,1013.406,4631.73,17.95184385283189,3,2,0,0,1,38.0,13.0,63.0,1.0,0.0,0.0,0.0,2,0,0.0,0.0,1.0,1.0,1.0,0.0,1.0,0.0,1.0,1.0,10,1,2022,7,16,5,1,1,1,1,0,1,GRAVE_MORTALIDAD,2
3,1,5,0,4,1,-5.832726,-78.748357,0,4,0,0,2,2,2,0,7758.33400008,2.0,2,0,1.0,9,20,2133.0,0.5803239946829384,74.49544278598792,68.33065356443184,8.733179344969395,1046.078117086984,102362.46895074946,15935.565011852366,1733.9250000199986,935.692,13265.948011832368,2000.1670000199988,13935.398011832369,12.551591352627522,2,2,0,0,0,37.0,29.0,45.0,1.0,1.0,0.0,0.0,2,0,0.0,1.0,0.0,1.0,1.0,0.0,1.0,0.0,0.0,0.0,18,2,2021,10,1,4,0,0,2,1,0,1,LEVE,0
1,1,14,2,4,1,-12.144956173085545,-76.98185581829424,0,0,7,1,2,2,2,0,6639.975,2.0,2,0,1.0,9,31,1616.0,0.8017574897902351,80.48487267736287,78.74302427848284,13.156716040468266,1766.1488062170545,359776.608137045,7626.313,1683.4029999999998,1599.0829999999996,4343.827000000001,1814.875,5811.438000000001,23.797541485643197,2,1,1,1,0,37.0,33.0,40.0,0.0,0.0,0.0,0.0,1,1,1.0,0.0,0.0,0.0,0.0,0.0,0.0,0.0,0.0,1.0,4,0,2024,11,1,4,0,0,0,1,0,1,LEVE,0
0,0,18,2,7,4,-10.852161487788104,-76.11416121719361,0,3,2,1,1,2,2,2,6543.555,2.0,4,4,1.0,14,33,1198.0,0.3809805024475937,74.2650289070001,82.89783498714431,7.452077577745868,324.00556378663055,3505.5546038543894,3677.119863,564.5869999999999,910.845,2201.687863000001,590.8779999999998,3086.2418630000006,16.06904376290656,2,1,0,1,0,21.0,21.0,21.0,1.0,0.0,0.0,1.0,1,0,0.0,1.0,0.0,0.0,0.0,0.0,1.0,0.0,0.0,0.0,7,1,2022,7,6,2,0,0,2,1,0,1,LEVE,0
3,1,15,2,3,4,-3.7568189,-73.2511955,6,5,6,2,6,2,2,0,6543.555,2.0,4,4,1.0,14,33,1198.0,0.6598204400488458,74.39325093062702,69.69813044898703,12.74033149882924,1208.8057293272177,145540.50535331905,1095.5949999999998,128.87099999999998,320.74700000000007,645.9769999999999,274.214,821.381,25.02877431897737,1,1,0,0,0,34.0,34.0,34.0,1.0,0.0,0.0,0.0,1,0,0.0,0.0,0.0,1.0,1.0,0.0,0.0,1.0,1.0,1.0,3,0,2023,7,12,2,0,0,1,1,0,1,LEVE,0
6,1,9,0,4,1,-8.746876,-76.16051,2,4,7,1,1,1,0,2,7758.33400008,2.0,2,0,1.0,9,20,2133.0,0.4488980782274319,72.32233236849576,48.83099256769076,6.808038769056246,716.252056011431,32955.28479657388,8209.057,1333.4779999999996,791.9770000000001,6083.602,1059.8589999999997,7149.198,12.910849565303296,4,1,1,0,3,39.0,39.0,39.0,1.0,0.0,0.0,0.0,1,0,0.0,0.0,0.0,1.0,0.0,1.0,0.0,0.0,0.0,0.0,6,1,2021,1,18,0,0,1,2,1,0,1,GRAVE_MORTALIDAD,2
3,2,7,0,4,1,-13.242697,-72.293616,0,4,7,1,2,2,2,2,3447.8009999999995,1.0,2,3,0.0,9,12,1109.0,0.4436910265814239,73.23231952981627,68.31759937357421,6.347812015893606,607.5963608103546,11277.284796573877,17779.13499998999,2097.3709999899997,2863.123,12818.640999999989,2878.713,14900.421999989989,16.19152450331032,3,2,0,0,1,27.0,27.0,27.0,1.0,0.0,0.0,1.0,2,0,0.0,0.0,0.0,1.0,1.0,0.0,1.0,0.0,1.0,0.0,3,0,2025,9,16,1,0,1,2,1,0,1,GRAVE_MORTALIDAD,2
6,1,12,0,4,0,-7.872818324649157,-78.76951014581378,0,4,0,1,1,2,2,0,6543.555,2.0,4,4,1.0,14,33,1198.0,0.1489804037351606,77.07739930292834,27.65142418496366,2.785211535438632,102.79957985629962,7770.149892933619,8931.828000000005,1335.5899999999997,1935.9830000000004,5660.255000000005,1219.309,7712.519000000005,13.651281686122925,3,1,0,0,2,22.0,22.0,22.0,1.0,1.0,0.0,0.0,1,0,0.0,0.0,0.0,1.0,0.0,0.0,1.0,0.0,0.0,0.0,17,3,2023,9,25,0,0,1,0,1,0,1,GRAVE_MORTALIDAD,2
6,1,7,0,4,3,-14.823329,-71.341451,0,4,7,1,2,2,2,0,6543.555,2.0,4,4,1.0,14,33,1198.0,0.553052655456334,69.21726434550523,74.04128761826507,8.709280027519238,977.6848841665504,33976.192719486084,17779.13499998999,2097.3709999899997,2863.123,12818.640999999989,2878.713,14900.421999989989,16.19152450331032,2,1,0,0,1,46.0,46.0,46.0,1.0,0.0,0.0,1.0,1,0,0.0,0.0,0.0,1.0,0.0,1.0,0.0,0.0,0.0,0.0,6,1,2022,5,1,6,1,0,2,1,0,1,LEVE,0
3,3,10,0,4,1,-14.218953,-75.707239,0,4,7,1,2,2,2,0,6639.975,2.0,2,0,1.0,9,31,1616.0,0.6261042306271147,80.48505954362174,76.55712631348362,9.341715591523595,1061.002261282891,31419.372591006424,3721.461,698.1859999999996,744.866,2278.409,1102.9029999999996,2618.558,29.636290693359403,4,3,0,0,1,34.333333333333336,24.0,50.0,1.0,1.0,0.0,1.0,3,0,0.0,1.0,0.0,1.0,1.0,1.0,1.0,0.0,1.0,0.0,21,2,2021,5,10,0,0,0,0,1,0,1,LEVE,0
1,0,14,2,4,1,-10.847684232280365,-77.69390695701968,0,4,7,1,2,2,2,0,6543.555,3.0,2,0,1.0,0,30,1475.0,0.6308271130775358,79.95164649343668,65.83291929627318,8.147513189673957,1280.4873677124128,24646.92291220557,7626.313,1683.4029999999998,1599.0829999999996,4343.827000000001,1814.875,5811.438000000001,23.797541485643197,2,1,1,1,0,37.0,33.0,40.0,0.0,0.0,0.0,0.0,1,1,1.0,0.0,0.0,0.0,0.0,0.0,0.0,0.0,0.0,0.0,19,2,2021,3,8,0,0,0,0,1,1,1,LEVE,0
3,2,5,2,4,1,-5.67153,-78.773026,0,2,7,0,2,1,1,2,7758.33400008,2.0,2,0,1.0,9,20,2133.0,0.5803239946829384,74.49544278598792,68.33065356443184,8.733179344969395,1046.078117086984,102362.46895074946,15935.565011852366,1733.9250000199986,935.692,13265.948011832368,2000.1670000199988,13935.398011832369,12.551591352627522,6,2,0,0,4,37.5,36.0,39.0,1.0,1.0,0.0,1.0,2,0,0.0,0.0,1.0,1.0,1.0,0.0,0.0,0.0,1.0,1.0,13,3,2023,10,9,0,0,0,2,1,0,1,GRAVE_LESIONADOS,1
6,1,14,2,4,1,-12.06114766146284,-76.97248530948352,6,5,6,2,6,2,2,0,6639.975,2.0,2,0,1.0,9,31,1616.0,0.6868549636939637,79.62363164345142,76.30894566128948,9.209137883551294,1425.4498631666322,684921.8484148846,7626.313,1683.4029999999998,1599.0829999999996,4343.827000000001,1814.875,5811.438000000001,23.797541485643197,1,1,0,0,0,37.0,33.0,40.0,1.0,0.0,0.0,0.0,1,0,0.0,0.0,0.0,1.0,1.0,0.0,0.0,1.0,1.0,1.0,4,0,2022,3,21,0,0,1,0,1,0,1,LEVE,0
1,1,12,0,4,1,-8.442423758023782,-78.74968879992255,0,4,7,1,2,2,2,0,6543.555,3.0,2,0,1.0,0,30,1475.0,0.5051395598219868,77.13285387085847,51.52067479184955,6.715328807318118,900.900383457586,67612.41755888652,8931.828000000005,1335.5899999999997,1935.9830000000004,5660.255000000005,1219.309,7712.519000000005,13.651281686122925,2,1,1,1,0,37.0,33.0,40.0,0.0,0.0,0.0,0.0,1,1,1.0,0.0,0.0,0.0,0.0,0.0,0.0,0.0,0.0,1.0,5,0,2025,2,16,6,1,1,0,1,1,1,LEVE,0