CLASE SINIESTRO,CANTIDAD DE VEHICULOS DAÑADOS,DEPARTAMENTO,ZONA,TIPO DE VÍA,RED VIAL,COORDENADAS LATITUD,COORDENADAS  LONGITUD,CONDICIÓN CLIMÁTICA,ZONIFICACIÓN,CARACTERÍSTICAS DE VÍA,PERFIL LONGITUDINAL VÍA,SUPERFICIE DE CALZADA,¿EXISTE SEÑAL VERTICAL?,¿EXISTE SEÑAL HORIZONTAL?,CAUSA FACTOR PRINCIPAL,MTC_RVN_LONGITUD_KM,MTC_RVN_N_CARRILES_MEDIANA,MTC_RVN_SUPERFICIE_DOMINANTE,MTC_RVN_ESTADO_DOMINANTE,MTC_RVN_ES_CONCESIONADA,MTC_RVN_CONCESION_PRINCIPAL,MTC_RVN_CORREDOR_LOGISTICO,MTC_RVN_N_TRAMOS,IDH_2019,IDH_ESP_VIDA_2019,IDH_EDUC_SECUND_PCT_2019,IDH_ANIOS_EDUC_2019,IDH_INGRESO_PERCAP_2019,IDH_POBLACION_2019,MTC_DEP_RED_TOTAL_KM,MTC_DEP_NACIONAL_TOTAL_KM,MTC_DEP_DEPARTAMENTAL_TOTAL_KM,MTC_DEP_VECINAL_TOTAL_KM,MTC_DEP_PAV_TOTAL_KM,MTC_DEP_NO_PAV_TOTAL_KM,MTC_DEP_PCT_PAVIMENTADA,PER_TOTAL_PERSONAS,PER_N_CONDUCTORES,PER_N_CONDUCTORES_FUGADOS,PER_N_PEATONES,PER_N_PASAJEROS_OCUPANTES,PER_EDAD_COND_PROM,PER_EDAD_COND_MIN,PER_EDAD_COND_MAX,PER_ANY_COND_MASCULINO,PER_ANY_LIC_PROBLEMA,PER_ANY_DOSAJE_POS,PER_ANY_DOSAJE_EVALUADO,VEH_TOTAL,VEH_N_FUGADOS,VEH_ANY_FUGADO,VEH_ANY_CARGA,VEH_ANY_PUBLICO,VEH_ANY_PARTICULAR,VEH_ANY_MOTO,VEH_ANY_AUTO,VEH_ANY_CAMION_BUS,VEH_ANY_SOAT_PROBLEMA,VEH_ANY_CITV_PROBLEMA,VEH_ANY_SEGURO_PROBLEMA,HORA_NUM,FRANJA_HORARIA,ANIO,MES,DIA_MES,DIA_SEMANA,ES_FIN_SEMANA,ES_QUINCENA,REGION_NATURAL,TIENE_SEÑALIZACION,ES_VIA_MULTICARRIL,ES_DEPTO_BAJO_PAVIMENTO,CATEGORIA_SEVERIDAD,CATEGORIA_SEVERIDAD_ENC
3,1,3,2,4,0,-16.3620754095,-71.6242131316,0,3,7,1,2,1,1,0,6543.555,2.0,4,4,1.0,14,33,1198.0,0.6411767862503931,77.2408324916572,78.204125011303,10.595705083047717,1107.223861768016,193412.3169164882,10322.272,1495.236,1749.739,7077.2970000000005,2886.595,7435.677000000001,27.964725207783708,2,2,0,0,0,60.5,56.0,65.0,1.0,0.0,0.0,1.0,2,0,0.0,1.0,0.0,1.0,1.0,0.0,1.0,1.0,1.0,1.0,19,2,2025,4,30,2,0,1,0,1,0,1,LEVE,0
0,1,14,0,4,1,-11.578115,-77.262181,0,4,7,1,2,1,0,4,6543.555,3.0,2,0,1.0,0,30,1475.0,0.6328991168419597,79.8522840328396,72.51785912375117,8.65057438382499,1190.6734036432963,65701.61456102783,7626.313,1683.4029999999998,1599.0829999999996,4343.827000000001,1814.875,5811.438000000001,23.797541485643197,2,1,0,1,0,40.0,40.0,40.0,1.0,0.0,0.0,1.0,1,0,0.0,0.0,1.0,0.0,0.0,0.0,1.0,0.0,0.0,0.0,2,0,2021,6,19,5,1,1,0,1,1,1,LEVE,0
3,2,14,2,2,4,-11.096769,-77.594687,0,3,7,1,2,2,2,2,6543.555,2.0,4,4,1.0,14,33,1198.0,0.6256541286888256,76.866876725279,74.48686395070398,9.794027812898843,1113.4562244631716,37972.95074946467,7626.313,1683.4029999999998,1599.0829999999996,4343.827000000001,1814.875,5811.438000000001,23.797541485643197,2,2,0,0,0,46.5,22.0,71.0,1.0,1.0,0.0,1.0,2,0,0.0,0.0,0.0,1.0,1.0,0.0,0.0,0.0,0.0,0.0,15,3,2021,8,17,1,0,1,0,1,0,1,LEVE,0
0,1,14,2,4,1,-12.368523,-76.787539,0,4,7,1,2,2,2,4,6639.975,2.0,2,0,1.0,9,31,1616.0,0.6997623570346938,76.1024633480164,67.4916969677081,10.594360693484372,1568.8925177861563,8292.871520342613,7626.313,1683.4029999999998,1599.0829999999996,4343.827000000001,1814.875,5811.438000000001,23.797541485643197,2,1,0,1,0,30.0,30.0,30.0,1.0,0.0,0.0,0.0,1,0,0.0,0.0,0.0,1.0,0.0,0.0,1.0,0.0,0.0,0.0,19,2,2023,7,22,5,1,1,0,1,0,1,LEVE,0
6,1,3,2,4,2,-16.484106,-72.109608,0,0,7,1,4,2,2,0,6543.555,2.0,4,4,1.0,14,33,1198.0,0.6084493916639881,75.90495029382188,64.41217540559256,8.260115261366025,1243.986900667714,6382.811563169165,10322.272,1495.236,1749.739,7077.2970000000005,2886.595,7435.677000000001,27.964725207783708,1,1,0,0,0,49.0,49.0,49.0,1.0,1.0,0.0,0.0,1,0,0.0,0.0,0.0,1.0,1.0,0.0,0.0,1.0,0.0,1.0,19,2,2022,11,21,0,0,1,0,1,0,1,LEVE,0
6,1,14,2,2,4,-12.093319837573729,-76.95278414226816,0,3,0,1,2,1,1,0,6543.555,2.0,4,4,1.0,14,33,1198.0,0.8452166148253858,80.64766902313956,78.16154022078278,14.700269515657656,1939.4672090018812,160839.29764453962,7626.313,1683.4029999999998,1599.0829999999996,4343.827000000001,1814.875,5811.438000000001,23.797541485643197,3,1,0,0,2,70.0,70.0,70.0,0.0,0.0,0.0,0.0,1,0,0.0,0.0,0.0,1.0,0.0,1.0,0.0,0.0,0.0,0.0,16,3,2024,10,9,2,0,0,0,1,0,1,LEVE,0
6,1,20,0,4,1,-16.648757,-69.451141,0,4,7,1,2,1,1,2,1529.105,2.0,2,0,1.0,9,21,200.0,0.2671908646315166,73.48292793161005,74.06901237312874,7.506971110385738,141.65155915099854,20223.04710920771,13642.312999999998,2020.7790000000005,2354.117,9267.416999999998,3314.0520000000006,10328.260999999997,24.29244952817019,6,1,0,0,5,47.0,47.0,47.0,1.0,0.0,0.0,0.0,1,0,0.0,0.0,0.0,1.0,0.0,1.0,0.0,0.0,0.0,0.0,5,0,2022,2,17,3,0,1,2,1,0,1,GRAVE_LESIONADOS,1
6,1,5,0,4,1,-6.538145,-79.20083,0,4,0,0,2,1,1,2,919.085,2.0,2,3,0.0,9,7,218.0,0.4198705264500552,71.07710978950026,66.58810225494344,5.455993657128185,608.8154659157517,7079.2912205567445,15935.565011852366,1733.9250000199986,935.692,13265.948011832368,2000.1670000199988,13935.398011832369,12.551591352627522,2,1,0,0,1,43.0,43.0,43.0,1.0,0.0,0.0,1.0,1,0,0.0,1.0,0.0,0.0,0.0,0.0,1.0,0.0,1.0,0.0,10,1,2023,10,11,2,0,0,2,1,0,1,LEVE,0
1,1,22,2,2,4,-18.029989,-70.270627,0,1,7,1,2,2,2,0,6543.555,2.0,4,4,1.0,14,33,1198.0,0.6966125262955101,76.67066141771582,75.49195828278967,11.654573086271489,1371.819928142763,74177.24411134903,2650.572,630.6729999999998,487.3610000000001,1532.5379999999998,1068.7019999999998,1581.87,40.31967439480987,3,1,1,2,0,37.0,33.0,40.0,0.0,0.0,0.0,0.0,1,1,1.0,0.0,0.0,0.0,0.0,0.0,0.0,0.0,0.0,1.0,19,2,2022,9,11,6,1,0,0,1,0,1,GRAVE_MORTALIDAD,2
3,2,3,0,4,1,-16.481673,-71.902491,0,4,7,1,2,1,1,0,6639.975,2.0,2,0,1.0,9,31,1616.0,0.6455852322566902,78.58826324858522,78.38415596279924,8.472481180514539,1258.6172876652156,2628.282655246253,10322.272,1495.236,1749.739,7077.2970000000005,2886.595,7435.677000000001,27.964725207783708,2,2,0,0,0,49.5,37.0,62.0,1.0,1.0,0.0,0.0,2,0,0.0,0.0,0.0,1.0,1.0,0.0,1.0,0.0,0.0,0.0,18,2,2022,8,23,1,0,1,0,1,0,1,LEVE,0
0,1,2,0,4,2,-14.001840472222597,-72.2451444188574,6,5,6,2,6,2,2,0,6543.555,2.0,4,4,1.0,14,33,1198.0,0.3130371284751079,67.4980351690805,61.341677103856746,4.482913512831665,348.5811067873569,10487.042826552462,8358.971,1282.451,1298.0969999999998,5778.423,1432.683,6926.288,17.139466089785454,2,1,0,1,0,33.0,33.0,33.0,1.0,0.0,0.0,0.0,1,0,0.0,0.0,0.0,1.0,0.0,1.0,0.0,0.0,0.0,0.0,21,2,2023,3,8,2,0,0,2,1,0,1,LEVE,0
0,0,15,2,3,4,-3.755339670284915,-73.27128319823574,7,0,1,1,2,2,2,0,6543.555,2.0,4,4,1.0,14,33,1198.0,0.6598204400488458,74.39325093062702,69.69813044898703,12.74033149882924,1208.8057293272177,145540.50535331905,1095.5949999999998,128.87099999999998,320.74700000000007,645.9769999999999,274.214,821.381,25.02877431897737,2,1,0,1,0,40.0,40.0,40.0,1.0,1.0,0.0,1.0,1,0,0.0,1.0,0.0,0.0,0.0,0.0,1.0,0.0,1.0,0.0,10,1,2021,9,28,1,0,1,1,1,0,1,LEVE,0
6,1,13,2,4,0,-6.784131,-79.833373,0,3,7,1,2,2,2,0,6543.555,2.0,4,4,1.0,14,33,1198.0,0.6336758582443321,79.57413791335281,79.43179781120509,10.959065315580176,998.3945232858084,284974.83725910063,3459.691,515.0619999999999,689.7280000000001,2254.901,703.3549999999999,2756.336,20.329994788551925,1,1,0,0,0,22.0,22.0,22.0,1.0,0.0,0.0,0.0,1,0,0.0,0.0,0.0,1.0,1.0,0.0,0.0,1.0,1.0,0.0,8,1,2021,8,8,6,1,0,0,1,0,1,LEVE,0
3,3,14,2,4,1,-11.061715,-77.554551,0,3,7,1,2,2,2,2,198.315,2.0,2,0,0.0,9,1,55.0,0.644332113046051,78.61218205687396,70.04798203155518,8.919818005352203,1280.219555520582,36044.03426124197,7626.313,1683.4029999999998,1599.0829999999996,4343.827000000001,1814.875,5811.438000000001,23.797541485643197,3,3,0,0,0,35.666666666666664,33.0,39.0,1.0,1.0,0.0,1.0,3,0,0.0,0.0,1.0,1.0,0.0,1.0,1.0,0.0,0.0,0.0,12,3,2021,11,16,1,0,1,0,1,0,1,GRAVE_MORTALIDAD,2
3,2,12,2,4,2,-8.104748,-79.019586,0,3,1,1,2,2,2,2,6543.555,2.0,4,4,1.0,14,33,1198.0,0.7151155191839451,79.57652607829836,77.25576500264712,11.809756866444314,1377.9438475528384,331253.00214132766,8931.828000000005,1335.5899999999997,1935.9830000000004,5660.255000000005,1219.309,7712.519000000005,13.651281686122925,2,2,0,0,0,46.5,21.0,72.0,1.0,0.0,0.0,0.0,2,0,0.0,0.0,0.0,1.0,1.0,1.0,0.0,0.0,0.0,0.0,22,2,2021,7,15,3,0,1,0,1,0,1,LEVE,0
3,2,5,0,4,2,-6.71807833,-78.470115,0,4,0,0,1,2,2,2,6543.555,2.0,4,4,1.0,14,33,1198.0,0.3484871558022944,76.33677469666252,53.28672218475212,4.131981838863427,447.1658531581213,76209.5845824411,15935.565011852366,1733.9250000199986,935.692,13265.948011832368,2000.1670000199988,13935.398011832369,12.551591352627522,4,2,0,0,2,28.5,18.0,39.0,1.0,1.0,0.0,0.0,2,0,0.0,0.0,0.0,1.0,1.0,0.0,0.0,1.0,1.0,0.0,9,1,2021,8,7,5,1,0,2,1,0,1,LEVE,0
0,0,14,2,4,1,-12.030233594117089,-76.99354463022675,0,3,1,1,2,2,2,2,6543.555,3.0,2,0,1.0,0,30,1475.0,0.6970617810314195,81.40501156526744,73.5715154770137,9.635174408411393,1428.892506292977,203379.9271948608,7626.313,1683.4029999999998,1599.0829999999996,4343.827000000001,1814.875,5811.438000000001,23.797541485643197,2,1,0,1,0,70.0,70.0,70.0,1.0,0.0,0.0,1.0,1,0,0.0,1.0,0.0,0.0,0.0,0.0,1.0,0.0,0.0,0.0,8,1,2021,2,13,5,1,0,0,1,1,1,LEVE,0
3,2,5,0,4,1,-7.202115,-78.376795,0,4,7,1,2,2,2,2,9936.932,2.0,2,0,1.0,9,32,3830.0,0.3658867820676106,77.61736312988027,56.72232982291409,4.846126768330761,429.7048027279435,5469.092077087795,15935.565011852366,1733.9250000199986,935.692,13265.948011832368,2000.1670000199988,13935.398011832369,12.551591352627522,2,2,0,0,0,24.0,20.0,28.0,1.0,1.0,0.0,1.0,2,0,0.0,0.0,1.0,1.0,1.0,0.0,1.0,0.0,1.0,1.0,5,0,2024,12,28,5,1,1,2,1,0,1,LEVE,0
3,2,21,0,4,1,-6.30668,-76.28044,0,4,0,0,2,1,1,2,631.88,2.0,2,0,1.0,1,20,65.0,0.3665777639444328,70.42517509177479,35.14149888486565,5.3170877351714,578.6411816323407,8289.20556745182,5645.136,815.0759999999999,965.298,3864.762,1013.406,4631.73,17.95184385283189,5,2,0,0,3,60.0,58.0,62.0,1.0,1.0,0.0,1.0,2,0,0.0,1.0,0.0,1.0,0.0,1.0,1.0,0.0,0.0,0.0,12,3,2021,10,26,1,0,1,1,1,0,1,GRAVE_MORTALIDAD,2
6,1,5,0,4,3,-6.89434719293605,-78.0908865964999,0,4,0,0,2,1,0,2,6543.555,2.0,4,4,1.0,14,33,1198.0,0.1967586046551568,72.71372917792281,36.2234355621027,3.505345443769332,148.20593225294806,1210.2334047109207,15935.565011852366,1733.9250000199986,935.692,13265.948011832368,2000.1670000199988,13935.398011832369,12.551591352627522,4,1,0,0,3,23.0,23.0,23.0,1.0,0.0,0.0,1.0,1,0,0.0,0.0,0.0,1.0,0.0,1.0,0.0,0.0,1.0,0.0,13,3,2024,1,1,0,0,0,2,1,0,1,GRAVE_LESIONADOS,1
3,2,13,0,4,1,-6.5546024,-80.0044064,0,4,7,1,2,2,2,0,6543.555,3.0,2,0,1.0,0,30,1475.0,0.3879800350664534,75.68222437543551,50.64551119758177,4.891651630735472,548.2382997194167,48902.40256959316,3459.691,515.0619999999999,689.7280000000001,2254.901,703.3549999999999,2756.336,20.329994788551925,2,2,0,0,0,40.0,35.0,45.0,1.0,1.0,0.0,0.0,2,0,0.0,0.0,1.0,1.0,1.0,0.0,1.0,0.0,0.0,1.0,6,1,2022,6,13,0,0,0,0,1,1,1,LEVE,0
10,2,21,0,4,1,-6.42122732,-76.291237,0,4,0,0,2,1,1,2,631.88,2.0,2,0,1.0,1,20,65.0,0.5922286793787175,72.59477240316922,67.39355678691273,8.909919415857164,1146.168364233512,47338.141327623125,5645.136,815.0759999999999,965.298,3864.762,1013.406,4631.73,17.95184385283189,2,2,0,0,0,55.0,45.0,65.0,1.0,0.0,0.0,0.0,2,0,0.0,0.0,0.0,1.0,1.0,0.0,1.0,0.0,1.0,0.0,7,1,2021,12,8,2,0,0,1,1,0,1,LEVE,0
0,1,5,2,6,4,-5.7196616525396,-78.8020669933226,0,3,7,0,4,2,2,2,6543.555,2.0,4,4,1.0,14,33,1198.0,0.5803239946829384,74.49544278598792,68.33065356443184,8.733179344969395,1046.078117086984,102362.46895074946,15935.565011852366,1733.9250000199986,935.692,13265.948011832368,2000.1670000199988,13935.398011832369,12.551591352627522,2,1,0,1,0,60.0,60.0,60.0,1.0,1.0,0.0,1.0,1,0,0.0,0.0,1.0,0.0,1.0,0.0,0.0,1.0,1.0,1.0,17,3,2023,10,28,5,1,1,2,1,0,1,LEVE,0
0,1,6,2,2,4,-11.8772184769745,-77.1166004247827,0,0,7,0,2,2,2,2,6543.555,2.0,4,4,1.0,14,33,1198.0,0.5563774842369664,77.00938809632027,69.10246351364754,8.476961866273152,914.8835608305218,27932.19700214133,51.58600000000001,44.68700000000001,6.899000000000001,0.0,49.838000000000015,1.748,96.61148373589734,2,1,0,1,0,35.0,35.0,35.0,1.0,0.0,0.0,0.0,1,0,0.0,0.0,1.0,0.0,1.0,0.0,0.0,1.0,0.0,1.0,19,2,2023,10,7,5,1,0,2,1,0,0,LEVE,0
6,1,20,0,4,1,-16.275652406868424,-69.28982171871066,0,4,7,1,2,1,0,2,7586.903,2.0,2,0,1.0,9,5,1198.0,0.3165090894545869,72.969641049674,69.1278394147308,6.0160374778788,250.7872170233644,13778.516059957172,13642.312999999998,2020.7790000000005,2354.117,9267.416999999998,3314.0520000000006,10328.260999999997,24.29244952817019,1,1,0,0,0,46.0,46.0,46.0,1.0,1.0,0.0,0.0,1,0,0.0,0.0,0.0,1.0,1.0,0.0,0.0,1.0,0.0,1.0,14,3,2024,1,17,2,0,1,2,1,0,1,LEVE,0
0,1,20,0,4,1,-16.08053640545883,-69.65219393210701,0,4,7,1,2,2,2,4,7586.903,2.0,2,0,1.0,9,5,1198.0,0.4020198374784472,77.80062735845667,75.295761294875,7.279851651626652,372.63390314535104,50686.62526766595,13642.312999999998,2020.7790000000005,2354.117,9267.416999999998,3314.0520000000006,10328.260999999997,24.29244952817019,2,1,0,1,0,36.0,36.0,36.0,1.0,0.0,0.0,0.0,1,0,0.0,0.0,1.0,0.0,0.0,0.0,1.0,0.0,0.0,0.0,1,0,2021,12,10,4,0,0,2,1,0,1,LEVE,0
0,1,14,2,2,4,-11.954922737556805,-76.98278480530283,0,0,1,1,2,2,2,0,6543.555,2.0,4,4,1.0,14,33,1198.0,0.701053025277506,79.62867561460851,73.1469484600971,10.064317505194426,1464.6926161541437,1150285.0494171206,7626.313,1683.4029999999998,1599.0829999999996,4343.827000000001,1814.875,5811.438000000001,23.797541485643197,2,1,0,1,0,38.0,38.0,38.0,1.0,0.0,0.0,0.0,1,0,0.0,0.0,0.0,1.0,0.0,0.0,1.0,0.0,0.0,0.0,8,1,2025,1,14,1,0,0,0,1,0,1,LEVE,0
3,3,5,2,4,1,-6.377396,-78.811572,0,0,7,0,4,2,2,2,9936.932,2.0,2,0,1.0,9,32,3830.0,0.3988811935496497,76.27795285736048,52.72074369701245,5.402568072747514,535.5131446860119,52449.71734475375,15935.565011852366,1733.9250000199986,935.692,13265.948011832368,2000.1670000199988,13935.398011832369,12.551591352627522,3,3,0,0,0,44.0,36.0,52.0,1.0,1.0,0.0,1.0,3,0,0.0,1.0,1.0,1.0,1.0,0.0,1.0,0.0,0.0,1.0,9,1,2025,3,1,5,1,0,2,1,0,1,LEVE,0
3,2,12,0,4,1,-7.4047290759,-79.557508393,0,4,7,1,2,2,2,0,6543.555,3.0,2,0,1.0,0,30,1475.0,0.5968586479601472,81.56479096531379,74.23398565025978,9.72444636404026,898.7633596995952,27553.955032119917,8931.828000000005,1335.5899999999997,1935.9830000000004,5660.255000000005,1219.309,7712.519000000005,13.651281686122925,3,2,0,0,1,37.5,33.0,42.0,1.0,1.0,0.0,0.0,2,0,0.0,0.0,0.0,1.0,1.0,0.0,1.0,0.0,0.0,1.0,5,0,2023,9,23,5,1,1,0,1,1,1,GRAVE_MORTALIDAD,2
0,1,2,2,4,0,-13.40976296,-73.66406618,0,0,7,1,2,2,2,4,6543.555,2.0,4,4,1.0,14,33,1198.0,0.3586591509124671,68.04663803489149,68.13870484795856,4.978148188977928,440.9147630338738,5867.83511777302,8358.971,1282.451,1298.0969999999998,5778.423,1432.683,6926.288,17.139466089785454,1,0,0,1,0,37.0,33.0,40.0,1.0,0.0,0.0,0.0,1,0,0.0,0.0,0.0,1.0,0.0,0.0,1.0,0.0,0.0,0.0,10,1,2024,11,23,5,1,1,2,1,0,1,LEVE,0
0,1,21,0,4,0,-7.07277,-76.71877,0,4,0,0,2,0,1,2,6543.555,2.0,4,4,1.0,14,33,1198.0,0.4502918333277692,78.09266300859836,40.01995299410318,6.301912164080189,749.0411697784568,2246.6059957173447,5645.136,815.0759999999999,965.298,3864.762,1013.406,4631.73,17.95184385283189,2,1,0,1,0,38.0,38.0,38.0,1.0,0.0,1.0,1.0,1,0,0.0,0.0,0.0,1.0,0.0,0.0,1.0,0.0,0.0,0.0,17,3,2021,11,18,3,0,1,1,1,0,1,LEVE,0
0,1,14,0,2,4,-12.055194789607144,-77.030261418098,0,0,1,1,2,2,2,0,6543.555,2.0,4,4,1.0,14,33,1198.0,0.7646845961658533,80.23682119426338,77.96082737891015,12.014176158371615,1633.787715186093,250806.0877944326,7626.313,1683.4029999999998,1599.0829999999996,4343.827000000001,1814.875,5811.438000000001,23.797541485643197,2,1,0,1,0,27.0,27.0,27.0,1.0,0.0,0.0,0.0,1,0,0.0,0.0,1.0,0.0,0.0,0.0,1.0,0.0,0.0,0.0,18,2,2023,6,3,5,1,0,0,1,0,1,LEVE,0
0,0,14,2,6,4,-12.050964,-77.039908,0,3,1,1,2,1,0,4,6543.555,2.0,4,4,1.0,14,33,1198.0,0.7646845961658533,80.23682119426338,77.96082737891015,12.014176158371615,1633.787715186093,250806.0877944326,7626.313,1683.4029999999998,1599.0829999999996,4343.827000000001,1814.875,5811.438000000001,23.797541485643197,2,1,0,1,0,49.0,49.0,49.0,1.0,0.0,0.0,1.0,1,0,0.0,1.0,0.0,0.0,0.0,0.0,1.0,0.0,0.0,0.0,19,2,2021,3,5,4,0,0,0,1,0,1,LEVE,0
6,1,22,0,4,1,-16.86079,-70.27348,2,4,7,1,2,2,2,2,1529.105,2.0,2,0,1.0,9,21,200.0,0.36326306829553,69.91494384803546,62.39017147779847,6.63829372713685,377.3584259458044,2510.912205567452,2650.572,630.6729999999998,487.3610000000001,1532.5379999999998,1068.7019999999998,1581.87,40.31967439480987,5,1,0,0,4,47.0,47.0,47.0,1.0,0.0,0.0,1.0,1,0,0.0,0.0,0.0,1.0,0.0,1.0,0.0,0.0,0.0,0.0,12,3,2024,3,1,4,0,0,0,1,0,1,GRAVE_MORTALIDAD,2
0,1,12,2,2,4,-8.1032196276,-79.023969781,0,0,1,1,2,2,2,0,6543.555,2.0,4,4,1.0,14,33,1198.0,0.7151155191839451,79.57652607829836,77.25576500264712,11.809756866444314,1377.9438475528384,331253.00214132766,8931.828000000005,1335.5899999999997,1935.9830000000004,5660.255000000005,1219.309,7712.519000000005,13.651281686122925,2,1,0,1,0,43.0,43.0,43.0,1.0,0.0,0.0,0.0,1,0,0.0,0.0,0.0,1.0,0.0,0.0,1.0,0.0,0.0,0.0,15,3,2024,5,9,3,0,0,0,1,0,1,LEVE,0
6,1,20,0,4,1,-15.2713891,-69.8962317,0,4,7,1,2,2,2,6,1762.84,2.0,1,0,0.0,9,32,485.0,0.3120136684565522,74.56643070176949,67.13828218150482,6.277409990126978,231.9912855577296,12390.518201284798,13642.312999999998,2020.7790000000005,2354.117,9267.416999999998,3314.0520000000006,10328.260999999997,24.29244952817019,1,1,0,0,0,60.0,60.0,60.0,1.0,0.0,0.0,0.0,1,0,0.0,0.0,0.0,1.0,0.0,0.0,1.0,1.0,1.0,1.0,6,1,2022,3,6,6,1,0,2,1,0,1,LEVE,0
1,0,3,2,4,1,-16.425485761082975,-71.53318932425682,0,0,7,1,2,2,2,2,1101.78,1.0,5,2,0.0,9,32,202.0,0.7453744058790387,79.4589730074046,82.73398367318066,12.665195784530074,1448.5317937470898,76620.6295503212,10322.272,1495.236,1749.739,7077.2970000000005,2886.595,7435.677000000001,27.964725207783708,1,0,0,1,0,37.0,33.0,40.0,1.0,0.0,0.0,0.0,1,1,1.0,0.0,0.0,0.0,0.0,0.0,0.0,0.0,0.0,0.0,4,0,2021,9,13,0,0,0,0,1,0,1,LEVE,0
0,1,5,2,4,3,-7.21902332,-78.48628345,0,4,0,0,1,2,2,0,6543.555,2.0,4,4,1.0,14,33,1198.0,0.6070175276741574,73.19224654097276,74.29530430690215,9.490386956642766,1117.141592366869,257380.9443254818,15935.565011852366,1733.9250000199986,935.692,13265.948011832368,2000.1670000199988,13935.398011832369,12.551591352627522,2,1,0,1,0,37.0,33.0,40.0,0.0,0.0,0.0,0.0,1,0,0.0,0.0,0.0,0.0,0.0,0.0,0.0,1.0,0.0,1.0,6,1,2022,6,24,4,0,1,2,1,0,1,LEVE,0
0,1,5,0,4,2,-7.19258821260287,-78.4284867247807,0,4,7,1,7,2,2,4,6543.555,2.0,4,4,1.0,14,33,1198.0,0.3658867820676106,77.61736312988027,56.72232982291409,4.846126768330761,429.7048027279435,5469.092077087795,15935.565011852366,1733.9250000199986,935.692,13265.948011832368,2000.1670000199988,13935.398011832369,12.551591352627522,2,1,0,1,0,20.0,20.0,20.0,1.0,1.0,0.0,1.0,1,0,0.0,0.0,0.0,1.0,1.0,0.0,0.0,0.0,0.0,0.0,10,1,2021,3,15,0,0,1,2,1,0,1,LEVE,0
3,2,4,2,4,1,-12.941257,-74.251382,0,4,0,0,2,1,0,2,7586.903,2.0,2,0,1.0,9,5,1198.0,0.4493406382074752,74.14434204360414,69.22696974128239,7.465486734942583,554.5288150874046,45975.54773927236,12678.733000000004,1805.074000000001,1774.0339999999994,9099.625000000004,2485.375000000001,10193.358000000002,19.602707936195205,3,2,0,0,1,22.0,13.0,31.0,1.0,1.0,0.0,0.0,2,0,0.0,0.0,1.0,1.0,1.0,1.0,0.0,0.0,0.0,0.0,14,3,2025,10,7,1,0,0,2,1,0,1,LEVE,0
3,2,3,2,2,4,-16.406578,-71.474357,0,3,1,0,2,2,2,0,6543.555,2.0,4,4,1.0,14,33,1198.0,0.6497628344872909,78.50677470622946,79.58517547019379,10.832141867699551,1100.753355561081,126056.75374732334,10322.272,1495.236,1749.739,7077.2970000000005,2886.595,7435.677000000001,27.964725207783708,2,2,0,0,0,40.5,21.0,60.0,1.0,0.0,0.0,0.0,2,0,0.0,0.0,0.0,1.0,0.0,0.0,1.0,0.0,0.0,0.0,8,1,2021,8,18,2,0,1,0,1,0,1,LEVE,0
1,1,10,2,4,1,-13.6721,-76.156093,0,0,7,1,2,2,2,0,6639.975,2.0,2,0,1.0,9,31,1616.0,0.5723734005661165,76.14778354007997,72.53650205141851,9.107715991741182,922.4721268572972,24272.76659528908,3721.461,698.1859999999996,744.866,2278.409,1102.9029999999996,2618.558,29.636290693359403,2,1,1,1,0,37.0,33.0,40.0,0.0,0.0,0.0,0.0,1,1,1.0,0.0,0.0,0.0,0.0,0.0,0.0,0.0,0.0,1.0,21,2,2023,2,23,3,0,1,0,1,0,1,LEVE,0
0,1,3,2,4,1,-16.349813,-72.127218,0,3,7,1,2,1,1,0,6639.975,2.0,2,0,1.0,9,31,1616.0,0.5796346224596807,77.5661107176013,65.79395474597655,8.230146657611625,1038.8435239924956,1227.436830835118,10322.272,1495.236,1749.739,7077.2970000000005,2886.595,7435.677000000001,27.964725207783708,2,1,0,1,0,56.0,56.0,56.0,1.0,0.0,0.0,1.0,1,0,0.0,1.0,0.0,0.0,0.0,0.0,1.0,0.0,0.0,0.0,18,2,2024,4,28,6,1,1,0,1,0,1,LEVE,0
6,1,1,0,4,2,-10.197130278814091,-77.03216312157124,0,4,0,0,1,2,2,2,6543.555,2.0,4,4,1.0,14,33,1198.0,0.4269408576044317,72.93388725047924,25.981462185461645,8.071798105272336,743.834784513233,1443.1713062098502,10767.648,1885.0630000000003,1222.721,7659.864000000001,2100.343,8667.305000000002,19.506051832303577,3,1,0,0,2,66.0,66.0,66.0,1.0,0.0,0.0,1.0,1,0,0.0,1.0,0.0,0.0,0.0,0.0,1.0,0.0,0.0,0.0,19,2,2021,9,18,5,1,1,0,1,0,1,LEVE,0
6,1,7,0,4,2,-13.462478,-72.248585,0,4,7,1,2,2,2,6,6543.555,2.0,4,4,1.0,14,33,1198.0,0.429914756045985,74.25916870636927,79.51566557864805,7.366336486335375,462.32789717794617,3225.312633832976,17779.13499998999,2097.3709999899997,2863.123,12818.640999999989,2878.713,14900.421999989989,16.19152450331032,2,1,0,0,1,28.0,28.0,28.0,1.0,1.0,0.0,0.0,1,0,0.0,0.0,0.0,1.0,0.0,1.0,0.0,0.0,0.0,0.0,0,0,2021,6,16,2,0,1,2,1,0,1,LEVE,0
6,1,12,0,4,1,-8.928619,-78.635569,0,4,7,1,2,2,2,2,6543.555,3.0,2,0,1.0,0,30,1475.0,0.4867987483268106,77.5825534369154,52.95148122709723,6.150547060309878,840.5788229266196,9838.736616702356,8931.828000000005,1335.5899999999997,1935.9830000000004,5660.255000000005,1219.309,7712.519000000005,13.651281686122925,4,1,0,0,3,26.0,26.0,26.0,1.0,1.0,0.0,0.0,1,0,0.0,0.0,0.0,1.0,0.0,1.0,0.0,0.0,1.0,0.0,7,1,2022,3,29,1,0,1,0,1,1,1,GRAVE_MORTALIDAD,2
1,1,14,2,4,1,-12.170759,-76.979316,0,0,7,1,2,2,2,0,6639.975,2.0,2,0,1.0,9,31,1616.0,0.7289998534947872,80.50926319493618,76.9124822838204,10.358587270463827,1551.106643515347,384728.5117773019,7626.313,1683.4029999999998,1599.0829999999996,4343.827000000001,1814.875,5811.438000000001,23.797541485643197,2,1,1,1,0,37.0,33.0,40.0,0.0,0.0,0.0,0.0,1,1,1.0,0.0,0.0,0.0,0.0,0.0,0.0,0.0,0.0,1.0,5,0,2024,2,25,6,1,1,0,1,0,1,LEVE,0
0,1,7,0,4,1,-14.19004,-71.33704,2,4,7,1,2,2,2,4,7586.903,2.0,2,0,1.0,9,5,1198.0,0.4107458749971457,72.1547719826022,75.11691677377222,6.84079438286104,455.9087564374382,2466.282655246253,17779.13499998999,2097.3709999899997,2863.123,12818.640999999989,2878.713,14900.421999989989,16.19152450331032,2,1,0,1,0,34.0,34.0,34.0,1.0,0.0,0.0,1.0,1,0,0.0,0.0,0.0,1.0,0.0,0.0,1.0,0.0,0.0,0.0,21,2,2022,3,27,6,1,1,2,1,0,1,LEVE,0
2,0,14,2,3,4,-12.030552652994867,-76.9258725420437,0,0,7,1,2,2,2,0,6543.555,2.0,4,4,1.0,14,33,1198.0,0.6868549636939637,79.62363164345142,76.30894566128948,9.209137883551294,1425.4498631666322,684921.8484148846,7626.313,1683.4029999999998,1599.0829999999996,4343.827000000001,1814.875,5811.438000000001,23.797541485643197,2,1,0,0,1,35.0,35.0,35.0,1.0,0.0,0.0,0.0,1,0,0.0,1.0,0.0,0.0,0.0,0.0,1.0,0.0,1.0,0.0,15,3,2022,8,19,4,0,1,0,1,0,1,LEVE,0
6,1,11,0,4,0,-12.50149,-75.48682,0,4,0,0,7,2,2,2,6543.555,2.0,4,4,1.0,14,33,1198.0,0.483322424570533,75.24382293571482,69.92515554084734,6.526658003750349,723.8849477431705,1136.2419700214134,12264.545,1826.4639999999995,1105.5389999999998,9332.542,1588.5359999999996,10676.009,12.952261987705208,4,1,0,0,3,25.0,25.0,25.0,1.0,0.0,0.0,1.0,1,0,0.0,0.0,0.0,1.0,0.0,1.0,0.0,0.0,0.0,0.0,18,2,2021,7,31,5,1,1,2,1,0,1,LEVE,0