CLASE SINIESTRO,CANTIDAD DE VEHICULOS DAÑADOS,DEPARTAMENTO,ZONA,TIPO DE VÍA,RED VIAL,COORDENADAS LATITUD,COORDENADAS  LONGITUD,CONDICIÓN CLIMÁTICA,ZONIFICACIÓN,CARACTERÍSTICAS DE VÍA,PERFIL LONGITUDINAL VÍA,SUPERFICIE DE CALZADA,¿EXISTE SEÑAL VERTICAL?,¿EXISTE SEÑAL HORIZONTAL?,CAUSA FACTOR PRINCIPAL,MTC_RVN_LONGITUD_KM,MTC_RVN_N_CARRILES_MEDIANA,MTC_RVN_SUPERFICIE_DOMINANTE,MTC_RVN_ESTADO_DOMINANTE,MTC_RVN_ES_CONCESIONADA,MTC_RVN_CONCESION_PRINCIPAL,MTC_RVN_CORREDOR_LOGISTICO,MTC_RVN_N_TRAMOS,IDH_2019,IDH_ESP_VIDA_2019,IDH_EDUC_SECUND_PCT_2019,IDH_ANIOS_EDUC_2019,IDH_INGRESO_PERCAP_2019,IDH_POBLACION_2019,MTC_DEP_RED_TOTAL_KM,MTC_DEP_NACIONAL_TOTAL_KM,MTC_DEP_DEPARTAMENTAL_TOTAL_KM,MTC_DEP_VECINAL_TOTAL_KM,MTC_DEP_PAV_TOTAL_KM,MTC_DEP_NO_PAV_TOTAL_KM,MTC_DEP_PCT_PAVIMENTADA,PER_TOTAL_PERSONAS,PER_N_CONDUCTORES,PER_N_CONDUCTORES_FUGADOS,PER_N_PEATONES,PER_N_PASAJEROS_OCUPANTES,PER_EDAD_COND_PROM,PER_EDAD_COND_MIN,PER_EDAD_COND_MAX,PER_ANY_COND_MASCULINO,PER_ANY_LIC_PROBLEMA,PER_ANY_DOSAJE_POS,PER_ANY_DOSAJE_EVALUADO,VEH_TOTAL,VEH_N_FUGADOS,VEH_ANY_FUGADO,VEH_ANY_CARGA,VEH_ANY_PUBLICO,VEH_ANY_PARTICULAR,VEH_ANY_MOTO,VEH_ANY_AUTO,VEH_ANY_CAMION_BUS,VEH_ANY_SOAT_PROBLEMA,VEH_ANY_CITV_PROBLEMA,VEH_ANY_SEGURO_PROBLEMA,HORA_NUM,FRANJA_HORARIA,ANIO,MES,DIA_MES,DIA_SEMANA,ES_FIN_SEMANA,ES_QUINCENA,REGION_NATURAL,TIENE_SEÑALIZACION,ES_VIA_MULTICARRIL,ES_DEPTO_BAJO_PAVIMENTO,CATEGORIA_SEVERIDAD,CATEGORIA_SEVERIDAD_ENC
0,1,10,2,3,4,-13.929423,-75.920361,0,3,7,1,7,2,2,0,6543.555,2.0,4,4,1.0,14,33,1198.0,0.6053164595604621,78.88848309050202,67.63954639531094,9.133324993872453,1064.9426147896202,27932.19700214133,3721.461,698.1859999999996,744.866,2278.409,1102.9029999999996,2618.558,29.636290693359403,2,1,0,1,0,37.0,37.0,37.0,1.0,0.0,0.0,0.0,1,0,0.0,0.0,0.0,0.0,0.0,0.0,1.0,0.0,1.0,0.0,21,2,2022,4,1,4,0,0,0,1,0,1,LEVE,0
6,1,10,0,4,1,-13.718896,-75.868129,0,4,0,0,2,2,2,0,1679.5849999999998,2.0,2,3,1.0,9,24,315.0,0.5476064687943295,72.89816640240538,72.53137929650067,8.073066505789269,930.7694624870004,5923.768736616702,3721.461,698.1859999999996,744.866,2278.409,1102.9029999999996,2618.558,29.636290693359403,2,1,0,0,1,31.0,31.0,31.0,1.0,0.0,0.0,0.0,1,0,0.0,1.0,0.0,0.0,0.0,0.0,1.0,0.0,1.0,0.0,7,1,2024,2,17,5,1,1,0,1,0,1,LEVE,0
3,2,7,0,4,1,-13.46172,-72.42498,0,4,7,0,2,1,1,2,7586.903,2.0,2,0,1.0,9,5,1198.0,0.3401816617977222,71.10991456121904,48.96986934460488,5.376243173322119,394.5611246991025,8685.158458244112,17779.13499998999,2097.3709999899997,2863.123,12818.640999999989,2878.713,14900.421999989989,16.19152450331032,3,2,0,0,1,42.5,32.0,53.0,1.0,1.0,0.0,1.0,2,0,0.0,0.0,0.0,0.0,0.0,0.0,1.0,0.0,0.0,0.0,16,3,2023,3,15,2,0,1,2,1,0,1,LEVE,0
1,0,14,2,4,1,-12.25263,-76.92798,0,2,7,1,2,2,2,0,6639.975,2.0,2,0,1.0,9,31,1616.0,0.6909236767275176,78.41626133969348,70.97436336767564,9.826485374940413,1476.8351947609171,95908.53319057816,7626.313,1683.4029999999998,1599.0829999999996,4343.827000000001,1814.875,5811.438000000001,23.797541485643197,2,1,1,1,0,37.0,33.0,40.0,0.0,0.0,0.0,0.0,1,1,1.0,0.0,0.0,0.0,0.0,0.0,0.0,0.0,0.0,0.0,5,0,2021,6,21,0,0,1,0,1,0,1,LEVE,0
6,1,12,0,4,0,-8.017236,-77.7588,0,4,7,1,1,2,2,2,6543.555,2.0,4,4,1.0,14,33,1198.0,0.2181430558312904,80.24076673963701,35.503108906979705,3.802377270243108,159.2140380316794,2798.4089935760176,8931.828000000005,1335.5899999999997,1935.9830000000004,5660.255000000005,1219.309,7712.519000000005,13.651281686122925,2,1,0,0,1,32.0,32.0,32.0,1.0,0.0,0.0,0.0,1,0,0.0,1.0,0.0,0.0,0.0,0.0,1.0,0.0,1.0,0.0,4,0,2021,2,28,6,1,1,0,1,0,1,GRAVE_MORTALIDAD,2
1,1,8,0,4,2,-12.71108,-74.443487,2,4,7,0,1,1,0,2,6543.555,2.0,4,4,1.0,14,33,1198.0,0.2494200210801622,68.8814644486736,63.23709305123299,4.331587699933008,190.75526316069127,3394.580299785868,8511.426,1445.3929999999996,2008.516,5057.516999999999,1879.579,6631.846999999998,22.08300935706896,2,1,0,1,0,16.0,16.0,16.0,1.0,1.0,0.0,1.0,1,0,0.0,0.0,0.0,1.0,1.0,0.0,0.0,1.0,0.0,1.0,18,2,2024,3,24,6,1,1,2,1,0,1,LEVE,0
1,1,7,0,4,1,-12.944911,-72.670273,0,4,0,1,2,2,2,2,3447.8009999999995,1.0,2,3,0.0,9,12,1109.0,0.5803892132127203,77.20158157453214,80.09764322421019,9.63293466488124,868.3252877671093,30810.066381156317,17779.13499998999,2097.3709999899997,2863.123,12818.640999999989,2878.713,14900.421999989989,16.19152450331032,2,1,1,1,0,37.0,33.0,40.0,0.0,0.0,0.0,0.0,1,1,1.0,0.0,0.0,0.0,0.0,0.0,0.0,0.0,0.0,1.0,3,0,2025,9,12,4,0,0,2,1,0,1,LEVE,0
6,1,12,0,4,0,-7.778377,-77.592619,0,4,7,1,1,2,2,2,6543.555,2.0,4,4,1.0,14,33,1198.0,0.4686292122960986,72.39347765706144,42.14285241633188,6.687776775372348,878.2652317159998,9440.374732334049,8931.828000000005,1335.5899999999997,1935.9830000000004,5660.255000000005,1219.309,7712.519000000005,13.651281686122925,2,1,0,0,1,34.0,34.0,34.0,1.0,0.0,0.0,0.0,1,0,0.0,1.0,0.0,0.0,0.0,0.0,1.0,0.0,0.0,0.0,3,0,2022,11,13,6,1,0,0,1,0,1,LEVE,0
3,2,14,0,4,2,-10.6873665820082,-77.67925674740714,7,4,7,0,1,2,2,0,6543.555,2.0,4,4,1.0,14,33,1198.0,0.6351794046894105,80.8024412070713,71.35332766738335,9.404359888374977,1133.7779214188106,74926.62740899358,7626.313,1683.4029999999998,1599.0829999999996,4343.827000000001,1814.875,5811.438000000001,23.797541485643197,2,2,0,0,0,28.5,8.0,49.0,1.0,0.0,0.0,0.0,2,0,0.0,0.0,0.0,1.0,0.0,0.0,1.0,0.0,0.0,0.0,17,3,2021,6,8,1,0,0,0,1,0,1,LEVE,0
3,1,14,2,4,1,-12.028359849290275,-77.0580586479381,0,0,7,0,2,2,2,0,6543.555,3.0,2,0,1.0,0,30,1475.0,0.7419979630670723,80.31822295927182,79.00446395716813,11.084203715652809,1554.6868971011318,739416.2413542903,7626.313,1683.4029999999998,1599.0829999999996,4343.827000000001,1814.875,5811.438000000001,23.797541485643197,2,2,0,0,0,40.5,36.0,45.0,1.0,0.0,0.0,0.0,2,0,0.0,1.0,0.0,1.0,0.0,0.0,1.0,0.0,0.0,1.0,10,1,2025,3,13,3,0,0,0,1,1,1,LEVE,0
1,0,12,0,4,1,-8.412123662190222,-78.8008278148734,0,4,7,1,2,2,2,0,6543.555,3.0,2,0,1.0,0,30,1475.0,0.5051395598219868,77.13285387085847,51.52067479184955,6.715328807318118,900.900383457586,67612.41755888652,8931.828000000005,1335.5899999999997,1935.9830000000004,5660.255000000005,1219.309,7712.519000000005,13.651281686122925,2,1,1,1,0,37.0,33.0,40.0,0.0,0.0,0.0,0.0,1,1,1.0,0.0,0.0,0.0,0.0,0.0,0.0,0.0,0.0,1.0,23,2,2022,12,14,2,0,0,0,1,1,1,LEVE,0
6,1,12,0,4,0,-7.795505,-79.219141,0,4,7,1,2,2,2,2,6543.555,2.0,4,4,1.0,14,33,1198.0,0.6137552402736777,77.488039372676,77.55476206305543,9.288784127631692,1053.6564617230836,8413.593147751606,8931.828000000005,1335.5899999999997,1935.9830000000004,5660.255000000005,1219.309,7712.519000000005,13.651281686122925,1,1,0,0,0,43.0,43.0,43.0,1.0,1.0,0.0,0.0,1,0,0.0,0.0,0.0,1.0,1.0,0.0,0.0,1.0,0.0,1.0,17,3,2023,9,6,2,0,0,0,1,0,1,LEVE,0
3,2,5,0,4,1,-7.24975902072971,-79.2298927873544,0,4,7,1,2,2,2,2,887.28,2.0,2,0,1.0,8,17,155.0,0.5563774842369664,73.07406660240972,65.2611721745993,7.77984257932775,1045.7361851012442,7379.728051391864,15935.565011852366,1733.9250000199986,935.692,13265.948011832368,2000.1670000199988,13935.398011832369,12.551591352627522,6,2,0,0,4,34.0,28.0,40.0,1.0,1.0,1.0,1.0,2,0,0.0,0.0,0.0,1.0,1.0,1.0,0.0,0.0,1.0,1.0,20,2,2024,6,30,6,1,1,2,1,0,1,GRAVE_MORTALIDAD,2
0,1,14,2,4,1,-12.00698,-76.853398,0,0,7,1,2,2,2,0,875.67,2.0,2,0,1.0,3,14,156.0,0.6868549636939637,79.62363164345142,76.30894566128948,9.209137883551294,1425.4498631666322,684921.8484148846,7626.313,1683.4029999999998,1599.0829999999996,4343.827000000001,1814.875,5811.438000000001,23.797541485643197,2,1,1,1,0,37.0,33.0,40.0,0.0,0.0,0.0,0.0,1,0,0.0,0.0,0.0,1.0,1.0,0.0,0.0,1.0,1.0,0.0,0,0,2023,10,29,6,1,1,0,1,0,1,LEVE,0
1,1,14,0,4,2,-12.29404855540356,-76.77507500176101,0,4,7,1,7,2,2,0,6543.555,2.0,4,4,1.0,14,33,1198.0,0.6959889140821508,77.1307027422061,67.89627023388005,10.144340935046175,1549.2819792545554,12550.856531049252,7626.313,1683.4029999999998,1599.0829999999996,4343.827000000001,1814.875,5811.438000000001,23.797541485643197,2,1,1,1,0,37.0,33.0,40.0,0.0,0.0,0.0,0.0,1,1,1.0,0.0,0.0,0.0,0.0,0.0,0.0,0.0,0.0,1.0,2,0,2022,9,4,6,1,0,0,1,0,1,LEVE,0
6,1,2,0,4,2,-13.569,-73.289505,0,4,0,0,1,2,2,0,6543.555,2.0,4,4,1.0,14,33,1198.0,0.2567041372885242,77.66728105386056,70.01603067314466,4.122891294618194,175.364365250261,7760.76659528908,8358.971,1282.451,1298.0969999999998,5778.423,1432.683,6926.288,17.139466089785454,4,1,0,0,3,29.0,29.0,29.0,1.0,0.0,0.0,0.0,1,0,0.0,0.0,0.0,1.0,0.0,0.0,1.0,0.0,0.0,0.0,14,3,2023,11,2,3,0,0,2,1,0,1,LEVE,0
0,1,3,2,4,1,-16.40649,-71.59713,0,2,7,1,2,2,2,0,1504.4250000000002,2.0,2,0,1.0,7,25,241.0,0.6411767862503931,77.2408324916572,78.204125011303,10.595705083047717,1107.223861768016,193412.3169164882,10322.272,1495.236,1749.739,7077.2970000000005,2886.595,7435.677000000001,27.964725207783708,2,1,1,1,0,37.0,33.0,40.0,0.0,0.0,0.0,0.0,1,1,1.0,0.0,0.0,0.0,0.0,0.0,0.0,0.0,0.0,1.0,7,1,2024,11,24,6,1,1,0,1,0,1,LEVE,0
0,1,14,2,2,4,-11.916645,-76.969383,0,0,7,1,2,2,2,4,6543.555,2.0,4,4,1.0,14,33,1198.0,0.701053025277506,79.62867561460851,73.1469484600971,10.064317505194426,1464.6926161541437,1150285.0494171206,7626.313,1683.4029999999998,1599.0829999999996,4343.827000000001,1814.875,5811.438000000001,23.797541485643197,2,1,0,1,0,32.0,32.0,32.0,1.0,0.0,0.0,0.0,1,0,0.0,0.0,0.0,1.0,0.0,0.0,1.0,0.0,0.0,0.0,10,1,2021,4,21,2,0,1,0,1,0,1,LEVE,0
3,1,11,0,4,1,-11.594118,-76.092812,2,4,0,1,2,0,1,0,875.67,2.0,2,0,1.0,3,14,156.0,0.727764014102057,80.04798576459473,69.54405534495044,10.377666215391256,1632.8207901729563,4146.224839400427,12264.545,1826.4639999999995,1105.5389999999998,9332.542,1588.5359999999996,10676.009,12.952261987705208,2,2,0,0,0,32.5,24.0,41.0,1.0,0.0,0.0,0.0,2,0,0.0,1.0,0.0,1.0,0.0,1.0,1.0,0.0,0.0,0.0,13,3,2023,12,10,6,1,0,2,1,0,1,LEVE,0
3,2,7,2,4,1,-13.31145,-72.10592,0,4,7,1,2,1,1,2,3447.8009999999995,1.0,2,3,0.0,9,12,1109.0,0.5961225511084856,78.53035911580116,68.81531875437855,9.019506278168732,1024.5153398091154,21509.777301927195,17779.13499998999,2097.3709999899997,2863.123,12818.640999999989,2878.713,14900.421999989989,16.19152450331032,2,2,0,0,0,55.5,45.0,66.0,1.0,0.0,0.0,1.0,2,0,0.0,0.0,1.0,1.0,1.0,1.0,0.0,1.0,0.0,1.0,17,3,2023,9,8,4,0,0,2,1,0,1,LEVE,0
5,1,11,2,4,1,-12.147979,-75.159387,0,4,7,1,2,0,1,2,200.335,2.0,1,3,0.0,9,32,113.0,0.475997456383089,72.23525560619764,71.05848072823132,7.734349760206232,654.6770950142342,16343.67880085653,12264.545,1826.4639999999995,1105.5389999999998,9332.542,1588.5359999999996,10676.009,12.952261987705208,2,2,0,0,0,27.5,25.0,30.0,1.0,0.0,0.0,1.0,2,0,0.0,0.0,0.0,1.0,1.0,1.0,0.0,0.0,1.0,0.0,22,2,2023,5,2,1,0,0,2,1,0,1,LEVE,0
3,2,12,0,4,1,-8.4216244,-78.783933,0,4,7,1,2,2,2,0,6543.555,3.0,2,0,1.0,0,30,1475.0,0.5051395598219868,77.13285387085847,51.52067479184955,6.715328807318118,900.900383457586,67612.41755888652,8931.828000000005,1335.5899999999997,1935.9830000000004,5660.255000000005,1219.309,7712.519000000005,13.651281686122925,19,2,0,0,17,22.5,20.0,25.0,1.0,1.0,0.0,0.0,2,0,0.0,0.0,1.0,1.0,0.0,1.0,1.0,0.0,0.0,0.0,5,0,2024,2,8,3,0,0,0,1,1,1,GRAVE_MORTALIDAD,2
3,2,10,0,4,1,-13.943369130353938,-75.80924521565778,0,4,7,1,2,2,2,0,6639.975,2.0,2,0,1.0,9,31,1616.0,0.6053164595604621,78.88848309050202,67.63954639531094,9.133324993872453,1064.9426147896202,27932.19700214133,3721.461,698.1859999999996,744.866,2278.409,1102.9029999999996,2618.558,29.636290693359403,3,2,1,0,1,15.0,15.0,15.0,1.0,1.0,0.0,0.0,2,1,1.0,0.0,0.0,1.0,1.0,0.0,0.0,1.0,1.0,1.0,22,2,2024,8,10,5,1,0,0,1,0,1,GRAVE_MORTALIDAD,2
3,2,21,0,4,1,-6.133045,-76.841275,0,4,0,0,2,1,0,2,7758.33400008,2.0,2,0,1.0,9,20,2133.0,0.3492524985551798,73.87945975179423,47.35782955662357,4.584830643679292,457.969668231556,16120.93790149893,5645.136,815.0759999999999,965.298,3864.762,1013.406,4631.73,17.95184385283189,49,2,0,0,47,52.0,43.0,61.0,1.0,1.0,0.0,0.0,2,0,0.0,0.0,1.0,1.0,1.0,0.0,1.0,0.0,1.0,1.0,10,1,2024,11,23,5,1,1,1,1,0,1,GRAVE_MORTALIDAD,2
0,1,7,0,4,1,-14.121408,-71.41428,0,4,0,1,2,2,2,4,7586.903,2.0,2,0,1.0,9,5,1198.0,0.4337173562104641,75.15065004139942,79.9974723492709,7.143524482711378,473.5348889931674,5193.304068522484,17779.13499998999,2097.3709999899997,2863.123,12818.640999999989,2878.713,14900.421999989989,16.19152450331032,2,1,0,1,0,59.0,59.0,59.0,1.0,0.0,0.0,1.0,1,0,0.0,0.0,1.0,0.0,0.0,0.0,1.0,0.0,0.0,0.0,18,2,2022,1,2,6,1,0,2,1,0,1,LEVE,0
3,2,13,0,4,1,-6.740117852627036,-79.67576966896017,0,4,7,1,2,2,2,0,919.085,2.0,2,3,0.0,9,7,218.0,0.5368990377599975,81.14791216819076,67.58350560537582,7.829746599316162,796.0036204699745,23182.03854389721,3459.691,515.0619999999999,689.7280000000001,2254.901,703.3549999999999,2756.336,20.329994788551925,5,2,0,0,3,49.0,38.0,60.0,1.0,1.0,0.0,1.0,2,0,0.0,0.0,1.0,1.0,1.0,1.0,0.0,0.0,1.0,0.0,20,2,2021,4,20,1,0,1,0,1,0,1,GRAVE_MORTALIDAD,2
1,1,14,2,7,4,-12.014912092187346,-76.88664516127183,0,2,1,1,3,1,0,0,6543.555,2.0,4,4,1.0,14,33,1198.0,0.6868549636939637,79.62363164345142,76.30894566128948,9.209137883551294,1425.4498631666322,684921.8484148846,7626.313,1683.4029999999998,1599.0829999999996,4343.827000000001,1814.875,5811.438000000001,23.797541485643197,2,1,1,1,0,37.0,33.0,40.0,0.0,0.0,0.0,0.0,1,1,1.0,0.0,0.0,0.0,0.0,0.0,0.0,0.0,0.0,1.0,17,3,2023,12,6,2,0,0,0,1,0,1,LEVE,0
3,0,14,2,4,1,-11.924998397515166,-77.07287307237524,0,0,7,1,2,2,2,0,6543.555,3.0,2,0,1.0,0,30,1475.0,0.7218926988400113,80.0902077245261,77.9581888264889,10.971588327733102,1458.3206086290393,530000.3426124197,7626.313,1683.4029999999998,1599.0829999999996,4343.827000000001,1814.875,5811.438000000001,23.797541485643197,4,2,0,0,2,44.0,43.0,45.0,1.0,0.0,0.0,0.0,2,0,0.0,0.0,0.0,1.0,0.0,1.0,1.0,0.0,1.0,0.0,9,1,2021,6,28,0,0,1,0,1,1,1,LEVE,0
6,1,12,0,4,3,-7.057701932893569,-77.76632945079835,0,4,7,1,7,2,2,0,6543.555,2.0,4,4,1.0,14,33,1198.0,0.2967575668558554,78.85276608267903,34.37675968385336,5.605263722910016,271.47481058898694,2253.8479657387584,8931.828000000005,1335.5899999999997,1935.9830000000004,5660.255000000005,1219.309,7712.519000000005,13.651281686122925,5,1,0,0,4,52.0,52.0,52.0,1.0,0.0,0.0,0.0,1,0,0.0,0.0,0.0,1.0,0.0,1.0,0.0,0.0,0.0,0.0,14,3,2024,8,8,3,0,0,0,1,0,1,GRAVE_MORTALIDAD,2
6,1,10,2,4,1,-13.716453,-75.970584,0,4,7,1,2,2,2,0,1679.5849999999998,2.0,2,3,1.0,9,24,315.0,0.5368583996363854,74.61272186125923,72.26825466878516,8.4069286474868,830.4721109449902,14789.134903640255,3721.461,698.1859999999996,744.866,2278.409,1102.9029999999996,2618.558,29.636290693359403,2,1,0,0,1,29.0,29.0,29.0,1.0,0.0,0.0,0.0,1,0,0.0,0.0,0.0,1.0,1.0,0.0,0.0,1.0,1.0,1.0,1,0,2022,1,23,6,1,1,0,1,0,1,GRAVE_MORTALIDAD,2
3,2,13,0,4,1,-6.447826279111889,-79.85437276207495,7,4,0,1,2,1,0,0,1305.18,2.0,2,0,1.0,1,20,163.0,0.4608056952818921,75.07525388209395,55.98854303572117,7.368276910949922,651.7834403995558,7702.053533190578,3459.691,515.0619999999999,689.7280000000001,2254.901,703.3549999999999,2756.336,20.329994788551925,9,2,0,0,7,45.5,40.0,51.0,1.0,0.0,0.0,1.0,2,0,0.0,0.0,0.0,0.0,0.0,1.0,0.0,0.0,0.0,0.0,10,1,2021,5,31,0,0,1,0,1,0,1,GRAVE_LESIONADOS,1
0,0,8,0,4,2,-13.064099888998037,-74.50655755409814,0,4,2,0,7,2,2,0,6543.555,2.0,4,4,1.0,14,33,1198.0,0.2922647045334091,72.81327396061133,63.043589090455136,5.592227854112719,223.2024614738898,3862.5032119914345,8511.426,1445.3929999999996,2008.516,5057.516999999999,1879.579,6631.846999999998,22.08300935706896,2,1,0,1,0,30.0,30.0,30.0,1.0,0.0,0.0,0.0,1,0,0.0,0.0,0.0,0.0,0.0,0.0,0.0,1.0,1.0,0.0,11,1,2021,6,9,2,0,0,2,1,0,1,LEVE,0
3,1,5,2,4,1,-6.381019,-78.813507,6,5,6,2,6,2,2,0,9936.932,2.0,2,0,1.0,9,32,3830.0,0.3988811935496497,76.27795285736048,52.72074369701245,5.402568072747514,535.5131446860119,52449.71734475375,15935.565011852366,1733.9250000199986,935.692,13265.948011832368,2000.1670000199988,13935.398011832369,12.551591352627522,1,1,0,0,0,21.0,21.0,21.0,1.0,0.0,0.0,0.0,1,0,0.0,0.0,0.0,1.0,1.0,0.0,0.0,0.0,0.0,0.0,22,2,2022,3,18,4,0,1,2,1,0,1,LEVE,0
6,1,14,2,2,4,-11.941483391612188,-77.12505312745871,0,3,7,1,2,2,2,0,6543.555,2.0,4,4,1.0,14,33,1198.0,0.7419979630670723,80.31822295927182,79.00446395716813,11.084203715652809,1554.6868971011318,739416.2413542903,7626.313,1683.4029999999998,1599.0829999999996,4343.827000000001,1814.875,5811.438000000001,23.797541485643197,4,1,0,0,3,49.0,49.0,49.0,1.0,0.0,0.0,0.0,1,0,0.0,0.0,1.0,0.0,1.0,0.0,0.0,0.0,1.0,0.0,11,1,2024,12,22,6,1,1,0,1,0,1,GRAVE_LESIONADOS,1
6,1,14,2,3,4,-11.765667,-77.153833,0,3,1,1,1,2,2,0,6543.555,2.0,4,4,1.0,14,33,1198.0,0.6688889885290078,77.65971620762488,72.11797581870952,9.343568875150348,1392.9562465448405,54956.252676659526,7626.313,1683.4029999999998,1599.0829999999996,4343.827000000001,1814.875,5811.438000000001,23.797541485643197,1,1,0,0,0,33.0,33.0,33.0,1.0,1.0,0.0,0.0,1,0,0.0,0.0,0.0,1.0,1.0,0.0,0.0,0.0,1.0,0.0,5,0,2022,11,27,6,1,1,0,1,0,1,LEVE,0
1,1,14,2,4,1,-12.254122717973557,-76.92498423773603,0,2,7,1,2,1,0,0,6639.975,2.0,2,0,1.0,9,31,1616.0,0.6909236767275176,78.41626133969348,70.97436336767564,9.826485374940413,1476.8351947609171,95908.53319057816,7626.313,1683.4029999999998,1599.0829999999996,4343.827000000001,1814.875,5811.438000000001,23.797541485643197,2,1,1,1,0,37.0,33.0,40.0,0.0,0.0,0.0,0.0,1,1,1.0,0.0,0.0,0.0,0.0,0.0,0.0,0.0,0.0,1.0,5,0,2024,11,17,6,1,1,0,1,0,1,LEVE,0
3,2,21,2,6,4,-6.028196,-76.978588,0,3,1,1,2,2,2,2,6543.555,2.0,4,4,1.0,14,33,1198.0,0.5294800468051228,72.46713251445857,60.50982579904599,7.757161651692042,952.984823255978,86435.21199143468,5645.136,815.0759999999999,965.298,3864.762,1013.406,4631.73,17.95184385283189,3,2,0,0,1,22.5,16.0,29.0,1.0,1.0,0.0,0.0,2,0,0.0,0.0,0.0,1.0,1.0,0.0,0.0,1.0,1.0,1.0,18,2,2022,5,29,6,1,1,1,1,0,1,LEVE,0
6,1,8,0,4,2,-12.491183,-74.960655,0,4,7,1,7,2,2,0,6543.555,2.0,4,4,1.0,14,33,1198.0,0.3197508632812603,73.35600919181914,47.73247021173725,4.747967817478287,352.6352900736821,3265.2034261241965,8511.426,1445.3929999999996,2008.516,5057.516999999999,1879.579,6631.846999999998,22.08300935706896,5,1,0,0,4,24.0,24.0,24.0,1.0,0.0,0.0,0.0,1,0,0.0,0.0,0.0,1.0,0.0,1.0,0.0,0.0,1.0,0.0,23,2,2025,8,29,4,0,1,2,1,0,1,GRAVE_MORTALIDAD,2
6,1,5,0,4,2,-7.362045,-78.057312,0,4,7,1,1,2,2,2,6543.555,2.0,4,4,1.0,14,33,1198.0,0.2252310679798309,74.15309369901644,41.02174094849076,3.240621012659956,203.5250484440257,3128.8329764453965,15935.565011852366,1733.9250000199986,935.692,13265.948011832368,2000.1670000199988,13935.398011832369,12.551591352627522,3,1,0,0,2,48.0,48.0,48.0,1.0,0.0,1.0,1.0,1,0,0.0,0.0,0.0,1.0,0.0,1.0,0.0,0.0,0.0,0.0,1,0,2024,6,14,4,0,0,2,1,0,1,GRAVE_MORTALIDAD,2
0,1,14,2,2,4,-12.05344617,-76.96525251,0,0,7,1,2,1,1,2,6543.555,2.0,4,4,1.0,14,33,1198.0,0.7347309224519117,80.70014842215761,76.47981423089655,10.519505095866096,1571.8150981252256,229834.5310492505,7626.313,1683.4029999999998,1599.0829999999996,4343.827000000001,1814.875,5811.438000000001,23.797541485643197,2,1,0,1,0,49.0,49.0,49.0,1.0,0.0,0.0,0.0,1,0,0.0,1.0,0.0,0.0,0.0,0.0,1.0,0.0,0.0,0.0,13,3,2023,4,24,0,0,1,0,1,0,1,LEVE,0
6,1,7,0,4,2,-13.66505516526212,-71.36640668138864,0,4,0,1,7,2,2,2,6543.555,2.0,4,4,1.0,14,33,1198.0,0.2701433460922377,67.03086854576458,59.596346222865,3.690268129191559,281.2948228692088,16118.58886509636,17779.13499998999,2097.3709999899997,2863.123,12818.640999999989,2878.713,14900.421999989989,16.19152450331032,1,1,0,0,0,22.0,22.0,22.0,1.0,1.0,0.0,0.0,1,0,0.0,0.0,0.0,1.0,1.0,0.0,0.0,1.0,1.0,1.0,6,1,2021,10,16,5,1,1,2,1,0,1,LEVE,0
6,1,12,0,4,1,-7.819402,-77.883862,0,4,0,1,7,2,2,0,1688.589,1.0,1,3,0.0,9,32,287.0,0.1492206538659984,78.92776803590996,33.56043543982053,2.142334776786642,136.3088563134413,18539.64239828694,8931.828000000005,1335.5899999999997,1935.9830000000004,5660.255000000005,1219.309,7712.519000000005,13.651281686122925,2,1,0,0,1,38.0,38.0,38.0,1.0,0.0,0.0,0.0,1,0,0.0,0.0,0.0,1.0,0.0,0.0,1.0,1.0,0.0,0.0,7,1,2022,10,9,6,1,0,0,1,0,1,LEVE,0
3,2,13,2,4,1,-6.792700197413746,-79.86458647590561,0,0,1,1,2,2,2,0,6543.555,3.0,2,0,1.0,0,30,1475.0,0.6336758582443321,79.57413791335281,79.43179781120509,10.959065315580176,998.3945232858084,284974.83725910063,3459.691,515.0619999999999,689.7280000000001,2254.901,703.3549999999999,2756.336,20.329994788551925,2,2,0,0,0,33.5,33.0,34.0,1.0,1.0,0.0,0.0,2,0,0.0,0.0,0.0,1.0,1.0,1.0,0.0,0.0,1.0,1.0,21,2,2021,10,13,2,0,0,0,1,1,1,LEVE,0
3,2,3,0,4,0,-16.521842,-71.422756,0,4,0,0,2,0,1,0,6543.555,2.0,4,4,1.0,14,33,1198.0,0.442696940656237,76.59806396694026,68.32449146697566,7.25089347392194,520.5975091558108,426.710920770878,10322.272,1495.236,1749.739,7077.2970000000005,2886.595,7435.677000000001,27.964725207783708,2,2,0,0,0,44.5,37.0,52.0,1.0,0.0,1.0,1.0,2,0,0.0,1.0,0.0,1.0,0.0,1.0,1.0,0.0,1.0,0.0,20,2,2023,5,4,3,0,0,0,1,0,1,LEVE,0
1,1,24,0,4,1,-8.409032,-74.647506,0,4,7,1,2,1,0,0,1169.3919999999998,2.0,3,1,0.0,9,32,75.0,0.5478371208327225,74.17370407104559,60.31222796205821,9.40140543765922,905.3304073844272,113671.11777301929,2689.139,392.697,1311.5319999999997,984.91,261.598,2427.541,9.727946379863592,2,1,1,1,0,37.0,33.0,40.0,0.0,0.0,0.0,0.0,1,1,1.0,0.0,0.0,0.0,0.0,0.0,0.0,0.0,0.0,1.0,6,1,2023,5,6,5,1,0,1,1,0,1,LEVE,0
3,2,19,2,2,4,-5.18244,-80.6359916,0,0,1,1,2,2,2,2,6543.555,2.0,4,4,1.0,14,33,1198.0,0.6582040223794163,78.74105515718446,77.3206684883171,11.334167841567446,1124.177237253568,178905.3426124197,8965.846000060003,1782.4120000599992,636.9959999999999,6546.438000000004,2214.505000059999,6751.341000000004,24.699342371541725,4,2,0,0,2,23.0,18.0,28.0,1.0,1.0,0.0,1.0,2,0,0.0,0.0,1.0,0.0,1.0,0.0,0.0,1.0,1.0,1.0,4,0,2023,5,12,4,0,0,0,1,0,1,LEVE,0
3,2,19,0,4,1,-4.836175209450524,-80.29283881953421,0,4,7,1,2,2,2,2,640.6200000000001,2.0,2,3,0.0,9,32,72.0,0.459857589992435,80.72202071327797,50.86886521100652,5.65389066385764,729.6720832259953,125429.93361884369,8965.846000060003,1782.4120000599992,636.9959999999999,6546.438000000004,2214.505000059999,6751.341000000004,24.699342371541725,2,2,0,0,0,51.5,44.0,59.0,1.0,0.0,0.0,1.0,2,0,0.0,1.0,0.0,1.0,0.0,0.0,1.0,1.0,1.0,1.0,22,2,2022,10,11,1,0,0,0,1,0,1,LEVE,0
3,2,10,0,4,0,-14.079182,-75.773745,0,4,7,1,7,2,2,0,6543.555,2.0,4,4,1.0,14,33,1198.0,0.6637216310803388,79.6446050662278,81.37671161983333,11.724811319582514,1084.329233867723,142450.24411134905,3721.461,698.1859999999996,744.866,2278.409,1102.9029999999996,2618.558,29.636290693359403,2,2,0,0,0,43.5,38.0,49.0,1.0,0.0,1.0,1.0,2,0,0.0,0.0,0.0,1.0,0.0,1.0,0.0,0.0,1.0,1.0,6,1,2024,9,29,6,1,1,0,1,0,1,LEVE,0
6,1,14,2,4,1,-12.020908,-76.954216,0,4,7,0,2,1,1,0,875.67,2.0,2,0,1.0,3,14,156.0,0.701053025277506,79.62867561460851,73.1469484600971,10.064317505194426,1464.6926161541437,1150285.0494171206,7626.313,1683.4029999999998,1599.0829999999996,4343.827000000001,1814.875,5811.438000000001,23.797541485643197,1,1,0,0,0,35.0,35.0,35.0,1.0,1.0,0.0,0.0,1,0,0.0,0.0,0.0,1.0,1.0,0.0,0.0,0.0,1.0,0.0,17,3,2023,11,15,2,0,1,0,1,0,1,LEVE,0