CLASE SINIESTRO,CANTIDAD DE VEHICULOS DAÑADOS,DEPARTAMENTO,ZONA,TIPO DE VÍA,RED VIAL,COORDENADAS LATITUD,COORDENADAS  LONGITUD,CONDICIÓN CLIMÁTICA,ZONIFICACIÓN,CARACTERÍSTICAS DE VÍA,PERFIL LONGITUDINAL VÍA,SUPERFICIE DE CALZADA,¿EXISTE SEÑAL VERTICAL?,¿EXISTE SEÑAL HORIZONTAL?,CAUSA FACTOR PRINCIPAL,MTC_RVN_LONGITUD_KM,MTC_RVN_N_CARRILES_MEDIANA,MTC_RVN_SUPERFICIE_DOMINANTE,MTC_RVN_ESTADO_DOMINANTE,MTC_RVN_ES_CONCESIONADA,MTC_RVN_CONCESION_PRINCIPAL,MTC_RVN_CORREDOR_LOGISTICO,MTC_RVN_N_TRAMOS,IDH_2019,IDH_ESP_VIDA_2019,IDH_EDUC_SECUND_PCT_2019,IDH_ANIOS_EDUC_2019,IDH_INGRESO_PERCAP_2019,IDH_POBLACION_2019,MTC_DEP_RED_TOTAL_KM,MTC_DEP_NACIONAL_TOTAL_KM,MTC_DEP_DEPARTAMENTAL_TOTAL_KM,MTC_DEP_VECINAL_TOTAL_KM,MTC_DEP_PAV_TOTAL_KM,MTC_DEP_NO_PAV_TOTAL_KM,MTC_DEP_PCT_PAVIMENTADA,PER_TOTAL_PERSONAS,PER_N_CONDUCTORES,PER_N_CONDUCTORES_FUGADOS,PER_N_PEATONES,PER_N_PASAJEROS_OCUPANTES,PER_EDAD_COND_PROM,PER_EDAD_COND_MIN,PER_EDAD_COND_MAX,PER_ANY_COND_MASCULINO,PER_ANY_LIC_PROBLEMA,PER_ANY_DOSAJE_POS,PER_ANY_DOSAJE_EVALUADO,VEH_TOTAL,VEH_N_FUGADOS,VEH_ANY_FUGADO,VEH_ANY_CARGA,VEH_ANY_PUBLICO,VEH_ANY_PARTICULAR,VEH_ANY_MOTO,VEH_ANY_AUTO,VEH_ANY_CAMION_BUS,VEH_ANY_SOAT_PROBLEMA,VEH_ANY_CITV_PROBLEMA,VEH_ANY_SEGURO_PROBLEMA,HORA_NUM,FRANJA_HORARIA,ANIO,MES,DIA_MES,DIA_SEMANA,ES_FIN_SEMANA,ES_QUINCENA,REGION_NATURAL,TIENE_SEÑALIZACION,ES_VIA_MULTICARRIL,ES_DEPTO_BAJO_PAVIMENTO,CATEGORIA_SEVERIDAD,CATEGORIA_SEVERIDAD_ENC
0,1,14,2,2,4,-12.11158748399002,-77.02915430492692,0,1,1,1,2,1,1,0,6543.555,2.0,4,4,1.0,14,33,1198.0,0.8326399351216524,80.31446032722859,77.78409882620639,13.96507415980228,1925.7868972542449,87898.66595289079,7626.313,1683.4029999999998,1599.0829999999996,4343.827000000001,1814.875,5811.438000000001,23.797541485643197,2,1,0,1,0,34.0,34.0,34.0,1.0,0.0,0.0,0.0,1,0,0.0,0.0,0.0,1.0,0.0,1.0,0.0,0.0,0.0,0.0,12,3,2024,6,26,2,0,1,0,1,0,1,LEVE,0
3,1,14,2,4,1,-12.300015,-76.849084,0,0,7,1,2,2,2,0,6639.975,2.0,2,0,1.0,9,31,1616.0,0.6909236767275176,78.41626133969348,70.97436336767564,9.826485374940413,1476.8351947609171,95908.53319057816,7626.313,1683.4029999999998,1599.0829999999996,4343.827000000001,1814.875,5811.438000000001,23.797541485643197,3,2,0,0,1,37.0,35.0,39.0,1.0,0.0,0.0,0.0,2,0,0.0,1.0,0.0,1.0,1.0,0.0,1.0,0.0,0.0,0.0,17,3,2023,11,20,0,0,1,0,1,0,1,GRAVE_MORTALIDAD,2
6,1,5,2,2,4,-5.140673,-78.996253,0,3,0,0,1,2,2,2,6543.555,2.0,4,4,1.0,14,33,1198.0,0.4391812721167056,75.54174317098156,56.236342149889175,6.489422517034793,610.2085755707644,37111.99571734476,15935.565011852366,1733.9250000199986,935.692,13265.948011832368,2000.1670000199988,13935.398011832369,12.551591352627522,2,1,0,0,1,27.0,27.0,27.0,1.0,1.0,0.0,1.0,1,0,0.0,0.0,1.0,0.0,1.0,0.0,0.0,1.0,0.0,1.0,21,2,2023,7,2,6,1,0,2,1,0,1,LEVE,0
0,1,20,2,6,4,-15.476914061278007,-70.11482919129101,0,0,1,1,2,2,2,2,6543.555,2.0,4,4,1.0,14,33,1198.0,0.5759734352119,73.55929462493827,78.89306383943827,10.174966342239475,888.1716010638444,232834.39603082248,13642.312999999998,2020.7790000000005,2354.117,9267.416999999998,3314.0520000000006,10328.260999999997,24.29244952817019,2,1,0,1,0,40.0,40.0,40.0,1.0,0.0,0.0,0.0,1,0,0.0,0.0,0.0,1.0,0.0,0.0,1.0,1.0,1.0,1.0,15,3,2023,10,27,4,0,1,2,1,0,1,LEVE,0
6,1,5,2,4,1,-7.585538,-78.133861,0,3,7,1,2,0,1,2,9936.932,2.0,2,0,1.0,9,32,3830.0,0.2517980913588912,79.04120044279121,35.01748350135311,3.323753479451267,260.3952910099023,13301.858672376871,15935.565011852366,1733.9250000199986,935.692,13265.948011832368,2000.1670000199988,13935.398011832369,12.551591352627522,2,1,0,0,1,25.0,25.0,25.0,1.0,0.0,0.0,0.0,1,0,0.0,0.0,0.0,1.0,0.0,1.0,0.0,0.0,0.0,0.0,3,0,2021,9,11,5,1,0,2,1,0,1,LEVE,0
3,2,12,0,4,1,-8.46850797005461,-78.7146593209329,0,4,7,1,2,2,2,0,6543.555,3.0,2,0,1.0,0,30,1475.0,0.5051395598219868,77.13285387085847,51.52067479184955,6.715328807318118,900.900383457586,67612.41755888652,8931.828000000005,1335.5899999999997,1935.9830000000004,5660.255000000005,1219.309,7712.519000000005,13.651281686122925,3,2,0,0,1,52.0,48.0,56.0,1.0,0.0,0.0,0.0,2,0,0.0,0.0,0.0,1.0,0.0,1.0,0.0,0.0,0.0,1.0,21,2,2024,12,20,4,0,1,0,1,1,1,LEVE,0
3,2,12,0,4,1,-8.05599742824537,-79.0882219587274,0,4,7,1,2,2,2,0,6543.555,3.0,2,0,1.0,0,30,1475.0,0.583006771156836,78.2441938961209,62.24037484511178,8.807312392374042,1028.2282118265089,76607.295503212,8931.828000000005,1335.5899999999997,1935.9830000000004,5660.255000000005,1219.309,7712.519000000005,13.651281686122925,3,2,0,0,1,43.5,33.0,54.0,1.0,1.0,0.0,0.0,2,0,0.0,0.0,1.0,0.0,1.0,0.0,1.0,0.0,0.0,1.0,6,1,2025,2,25,1,0,1,0,1,1,1,LEVE,0
0,1,14,2,4,1,-10.94224418532031,-77.64774076130703,0,0,7,1,2,1,0,0,6543.555,3.0,2,0,1.0,0,30,1475.0,0.6058977644686256,75.86009868534626,65.24867654925505,8.328201694517173,1216.0018080234922,26242.524625267662,7626.313,1683.4029999999998,1599.0829999999996,4343.827000000001,1814.875,5811.438000000001,23.797541485643197,2,1,0,1,0,30.0,30.0,30.0,1.0,0.0,0.0,1.0,1,0,0.0,0.0,0.0,1.0,0.0,0.0,1.0,0.0,0.0,0.0,19,2,2022,10,9,6,1,0,0,1,1,1,LEVE,0
3,1,14,2,2,4,-12.08494836725736,-77.0283723746829,0,1,1,1,2,0,1,0,6543.555,2.0,4,4,1.0,14,33,1198.0,0.8424277365452573,80.46794153446162,82.55566521442681,12.702343140315376,2037.3265460598163,46298.76017130622,7626.313,1683.4029999999998,1599.0829999999996,4343.827000000001,1814.875,5811.438000000001,23.797541485643197,2,2,0,0,0,52.5,47.0,58.0,1.0,0.0,0.0,0.0,2,0,0.0,0.0,0.0,1.0,1.0,0.0,1.0,0.0,1.0,0.0,1,0,2024,11,13,2,0,0,0,1,0,1,LEVE,0
6,1,14,2,2,4,-12.084031580859838,-77.06482981705766,0,0,0,1,2,1,0,0,6543.555,2.0,4,4,1.0,14,33,1198.0,0.5563774842369664,77.00938809632027,69.10246351364754,8.476961866273152,914.8835608305218,27932.19700214133,7626.313,1683.4029999999998,1599.0829999999996,4343.827000000001,1814.875,5811.438000000001,23.797541485643197,2,1,0,0,1,44.0,44.0,44.0,1.0,0.0,0.0,0.0,1,0,0.0,0.0,0.0,1.0,0.0,1.0,0.0,0.0,0.0,0.0,6,1,2024,9,21,5,1,1,0,1,0,1,LEVE,0
6,1,12,2,3,4,-8.061977475218953,-78.97489307159272,0,1,1,1,2,2,2,0,6543.555,2.0,4,4,1.0,14,33,1198.0,0.5929579484728337,80.24150924632623,64.75837382721711,8.51830466766158,1043.4182142665843,34739.39614561028,8931.828000000005,1335.5899999999997,1935.9830000000004,5660.255000000005,1219.309,7712.519000000005,13.651281686122925,1,1,0,0,0,30.0,30.0,30.0,1.0,0.0,0.0,0.0,1,0,0.0,0.0,0.0,1.0,1.0,0.0,0.0,0.0,0.0,0.0,23,2,2022,9,4,6,1,0,0,1,0,1,LEVE,0
4,1,3,0,2,4,-16.4109523452725,-71.5135675096222,7,4,1,1,2,2,2,0,6543.555,2.0,4,4,1.0,14,33,1198.0,0.6497628344872909,78.50677470622946,79.58517547019379,10.832141867699551,1100.753355561081,126056.75374732334,10322.272,1495.236,1749.739,7077.2970000000005,2886.595,7435.677000000001,27.964725207783708,1,1,0,0,0,29.0,29.0,29.0,1.0,0.0,0.0,1.0,1,0,0.0,0.0,0.0,1.0,0.0,1.0,0.0,0.0,0.0,0.0,16,3,2024,7,5,4,0,0,0,1,0,1,LEVE,0
1,1,7,2,4,1,-13.4730593,-72.1321214,0,3,7,1,2,1,1,2,7586.903,2.0,2,0,1.0,9,5,1198.0,0.4461630003962475,73.21502670801013,72.39928330950325,7.637017072327872,534.399353077353,18328.770877944324,17779.13499998999,2097.3709999899997,2863.123,12818.640999999989,2878.713,14900.421999989989,16.19152450331032,2,1,0,1,0,24.0,24.0,24.0,1.0,0.0,0.0,1.0,1,0,0.0,0.0,0.0,1.0,1.0,0.0,0.0,0.0,1.0,0.0,18,2,2022,11,30,2,0,1,2,1,0,1,LEVE,0
6,1,14,0,4,1,-11.230463837060595,-77.54308373677155,0,4,7,1,2,1,0,2,6543.555,3.0,2,0,1.0,0,30,1475.0,0.7327345537337897,78.20903814342847,76.31492653513806,13.642917835589472,1405.6698219039215,62016.21841541756,7626.313,1683.4029999999998,1599.0829999999996,4343.827000000001,1814.875,5811.438000000001,23.797541485643197,2,1,0,0,1,24.0,24.0,24.0,1.0,0.0,0.0,1.0,1,0,0.0,0.0,0.0,1.0,0.0,1.0,0.0,0.0,0.0,0.0,18,2,2024,3,24,6,1,1,0,1,1,1,LEVE,0
6,1,4,0,4,1,-13.799645,-73.98397,2,4,0,0,7,2,2,2,1682.702,1.0,1,0,0.0,9,32,305.0,0.3301341732056756,77.15155042152927,65.75620798660553,5.354017942957687,286.5291824447802,1030.9978586723769,12678.733000000004,1805.074000000001,1774.0339999999994,9099.625000000004,2485.375000000001,10193.358000000002,19.602707936195205,2,1,0,0,1,50.0,50.0,50.0,1.0,0.0,1.0,1.0,1,0,0.0,0.0,0.0,1.0,0.0,0.0,1.0,0.0,0.0,0.0,5,0,2021,10,13,2,0,0,2,1,0,1,GRAVE_MORTALIDAD,2
3,1,14,2,2,4,-12.19529584,-77.00127544,0,0,1,1,2,2,2,2,6543.555,2.0,4,4,1.0,14,33,1198.0,0.7583553928164398,79.82595632107274,76.7651270103073,11.46351379457763,1662.7771470294065,333655.3618843683,7626.313,1683.4029999999998,1599.0829999999996,4343.827000000001,1814.875,5811.438000000001,23.797541485643197,4,2,0,0,2,32.0,31.0,33.0,1.0,1.0,0.0,0.0,2,0,0.0,0.0,1.0,1.0,1.0,0.0,1.0,0.0,1.0,0.0,12,3,2023,3,5,6,1,0,0,1,0,1,LEVE,0
6,1,3,0,4,2,-16.02862355675795,-72.02268715077274,0,4,0,1,7,2,2,0,6543.555,2.0,4,4,1.0,14,33,1198.0,0.4253985234578127,74.26645197005844,45.392230236507565,6.274879787289545,646.0370534502149,763.3447537473235,10322.272,1495.236,1749.739,7077.2970000000005,2886.595,7435.677000000001,27.964725207783708,6,1,0,0,5,29.0,29.0,29.0,1.0,1.0,0.0,0.0,1,0,0.0,1.0,0.0,0.0,0.0,0.0,1.0,0.0,1.0,0.0,18,2,2022,8,15,0,0,1,0,1,0,1,GRAVE_LESIONADOS,1
3,2,13,0,4,1,-6.765193006862402,-79.73642526223388,0,4,7,1,2,2,2,2,919.085,2.0,2,3,0.0,9,7,218.0,0.5620975674023033,82.12463805178847,66.61876166359768,8.699915557104742,843.1720684546592,25484.141327623125,3459.691,515.0619999999999,689.7280000000001,2254.901,703.3549999999999,2756.336,20.329994788551925,2,2,1,0,0,45.0,45.0,45.0,1.0,0.0,0.0,1.0,2,0,0.0,0.0,0.0,1.0,1.0,0.0,1.0,0.0,1.0,0.0,5,0,2021,8,7,5,1,0,0,1,0,1,LEVE,0
3,2,20,0,4,0,-14.92251,-70.183183,0,4,7,1,2,2,2,2,6543.555,2.0,4,4,1.0,14,33,1198.0,0.4384088880022875,66.28408395269946,71.45267205250292,8.282733608109961,563.5418969725097,28239.627408993576,13642.312999999998,2020.7790000000005,2354.117,9267.416999999998,3314.0520000000006,10328.260999999997,24.29244952817019,3,2,0,0,1,71.0,71.0,71.0,1.0,0.0,0.0,0.0,2,0,0.0,0.0,0.0,1.0,0.0,0.0,1.0,0.0,0.0,0.0,19,2,2023,12,9,5,1,0,2,1,0,1,LEVE,0
10,1,2,0,4,1,-14.052714002905486,-72.76267135628318,6,5,6,2,6,2,2,0,2176.715,1.0,1,3,0.0,9,32,756.0,0.4082419425129512,62.16247406267834,69.9099073164565,7.740376071033257,535.7076875431198,4718.406852248394,8358.971,1282.451,1298.0969999999998,5778.423,1432.683,6926.288,17.139466089785454,1,1,0,0,0,20.0,20.0,20.0,1.0,0.0,0.0,0.0,1,0,0.0,0.0,0.0,0.0,0.0,1.0,0.0,0.0,0.0,0.0,3,0,2022,3,20,6,1,1,2,1,0,1,LEVE,0
3,2,24,0,4,1,-8.395968,-74.595744,0,4,7,1,2,2,2,2,1169.3919999999998,2.0,3,1,0.0,9,32,75.0,0.5634769861561197,73.0016356967691,60.42057392437736,9.668331643433834,987.6889044977592,126065.34475374733,2689.139,392.697,1311.5319999999997,984.91,261.598,2427.541,9.727946379863592,2,2,0,0,0,46.5,22.0,71.0,1.0,1.0,0.0,0.0,2,0,0.0,1.0,1.0,0.0,1.0,0.0,0.0,0.0,1.0,0.0,16,3,2022,7,20,2,0,1,1,1,0,1,LEVE,0
5,1,1,0,4,1,-8.99838,-78.617956,0,4,7,1,2,2,2,0,6543.555,3.0,2,0,1.0,0,30,1475.0,0.5751416396314166,79.13313360862875,61.07686741629993,7.835804203082414,1055.1585250692096,20995.070663811563,10767.648,1885.0630000000003,1222.721,7659.864000000001,2100.343,8667.305000000002,19.506051832303577,2,2,1,0,0,28.0,28.0,28.0,1.0,0.0,0.0,1.0,2,1,1.0,0.0,0.0,1.0,1.0,0.0,0.0,0.0,1.0,1.0,5,0,2022,4,22,4,0,1,0,1,1,1,LEVE,0
6,1,1,2,4,1,-9.14345660308415,-77.74519078038597,0,4,0,0,2,2,2,0,9936.932,2.0,2,0,1.0,9,32,3830.0,0.4225175571417921,72.0073136099048,61.38289654748469,6.311615395277217,572.3923378688387,21231.406852248398,10767.648,1885.0630000000003,1222.721,7659.864000000001,2100.343,8667.305000000002,19.506051832303577,1,1,0,0,0,28.0,28.0,28.0,1.0,1.0,0.0,0.0,1,0,0.0,0.0,0.0,1.0,1.0,0.0,0.0,1.0,0.0,1.0,18,2,2025,1,18,5,1,1,0,1,0,1,LEVE,0
1,1,1,2,4,1,-9.10585030813847,-78.55573139992703,0,2,7,1,2,2,2,0,6543.555,3.0,2,0,1.0,0,30,1475.0,0.6138280897610826,78.84695742989106,71.99259200326753,9.438855747011283,1055.78291711923,196830.83083511775,10767.648,1885.0630000000003,1222.721,7659.864000000001,2100.343,8667.305000000002,19.506051832303577,2,1,1,1,0,37.0,33.0,40.0,0.0,0.0,0.0,0.0,1,1,1.0,0.0,0.0,0.0,0.0,0.0,0.0,0.0,0.0,1.0,2,0,2022,7,10,6,1,0,0,1,1,1,LEVE,0
3,1,11,2,4,1,-11.247796338571344,-74.63722939014922,6,5,6,2,6,2,2,0,1040.6349999999998,1.0,1,2,0.0,9,32,141.0,0.5055535147670205,71.64834806655777,59.71661057761873,8.330220329942271,816.7465751821994,42934.03211991434,12264.545,1826.4639999999995,1105.5389999999998,9332.542,1588.5359999999996,10676.009,12.952261987705208,2,2,0,0,0,26.5,21.0,32.0,1.0,1.0,0.0,0.0,2,0,0.0,0.0,1.0,1.0,1.0,0.0,0.0,1.0,1.0,1.0,21,2,2022,3,13,6,1,0,2,1,0,1,LEVE,0
1,1,7,0,4,3,-14.8022643364473,-71.4415394127246,0,4,7,1,1,2,2,0,6543.555,2.0,4,4,1.0,14,33,1198.0,0.553052655456334,69.21726434550523,74.04128761826507,8.709280027519238,977.6848841665504,33976.192719486084,17779.13499998999,2097.3709999899997,2863.123,12818.640999999989,2878.713,14900.421999989989,16.19152450331032,2,1,1,1,0,37.0,33.0,40.0,0.0,0.0,0.0,0.0,1,1,1.0,0.0,0.0,0.0,0.0,0.0,0.0,0.0,0.0,1.0,4,0,2023,3,18,5,1,1,2,1,0,1,LEVE,0
1,0,20,0,4,0,-16.313503224091768,-69.25332287647309,0,4,7,1,2,2,2,0,6543.555,2.0,4,4,1.0,14,33,1198.0,0.3165090894545869,72.969641049674,69.1278394147308,6.0160374778788,250.7872170233644,13778.516059957172,13642.312999999998,2020.7790000000005,2354.117,9267.416999999998,3314.0520000000006,10328.260999999997,24.29244952817019,2,1,1,1,0,37.0,33.0,40.0,0.0,0.0,0.0,0.0,1,1,1.0,0.0,0.0,0.0,0.0,0.0,0.0,0.0,0.0,1.0,21,2,2021,10,27,2,0,1,2,1,0,1,LEVE,0
6,1,12,0,4,1,-8.0161093131,-78.8074811485,0,4,7,1,2,2,2,0,610.6099999999999,2.0,2,0,1.0,8,29,100.0,0.4511366358384425,77.59010744042445,54.722554597765935,5.940436701537406,681.4371719975779,4289.124197002141,8931.828000000005,1335.5899999999997,1935.9830000000004,5660.255000000005,1219.309,7712.519000000005,13.651281686122925,1,1,0,0,0,22.0,22.0,22.0,1.0,0.0,0.0,0.0,1,0,0.0,0.0,0.0,1.0,1.0,0.0,0.0,0.0,0.0,0.0,2,0,2024,10,16,2,0,1,0,1,0,1,LEVE,0
1,1,14,2,4,1,-12.002245,-76.841545,0,0,7,1,2,2,2,4,875.67,2.0,2,0,1.0,3,14,156.0,0.6868549636939637,79.62363164345142,76.30894566128948,9.209137883551294,1425.4498631666322,684921.8484148846,7626.313,1683.4029999999998,1599.0829999999996,4343.827000000001,1814.875,5811.438000000001,23.797541485643197,2,1,0,1,0,60.0,60.0,60.0,1.0,0.0,0.0,0.0,1,0,0.0,0.0,0.0,1.0,0.0,1.0,0.0,1.0,1.0,1.0,3,0,2024,1,2,1,0,0,0,1,0,1,LEVE,0
6,1,7,0,4,1,-13.030966,-72.474889,0,4,0,1,4,2,2,2,3447.8009999999995,1.0,2,3,0.0,9,12,1109.0,0.4706944943299555,76.79406176595778,61.64424635983724,7.141255198110581,653.4175319142125,3282.6252676659524,17779.13499998999,2097.3709999899997,2863.123,12818.640999999989,2878.713,14900.421999989989,16.19152450331032,1,1,0,0,0,69.0,69.0,69.0,1.0,0.0,0.0,0.0,1,0,0.0,0.0,0.0,1.0,0.0,1.0,0.0,0.0,0.0,0.0,14,3,2024,10,26,5,1,1,2,1,0,1,LEVE,0
6,1,12,0,4,2,-7.585258,-77.778588,0,4,7,1,7,2,2,0,6543.555,2.0,4,4,1.0,14,33,1198.0,0.1577696273838295,73.34939757302345,20.34278702044506,2.804184440523219,135.15658506181953,13367.980728051392,8931.828000000005,1335.5899999999997,1935.9830000000004,5660.255000000005,1219.309,7712.519000000005,13.651281686122925,7,1,0,0,6,32.0,32.0,32.0,1.0,0.0,0.0,0.0,1,0,0.0,1.0,0.0,0.0,0.0,0.0,1.0,0.0,0.0,0.0,5,0,2022,10,14,4,0,0,0,1,0,1,GRAVE_MORTALIDAD,2
9,0,14,0,4,1,-11.791667,-76.337556,0,4,7,1,2,2,2,0,875.67,2.0,2,0,1.0,3,14,156.0,0.5875492687605783,71.08096456381881,60.27854534459908,8.947878161578789,1216.8264434574255,4714.991434689508,7626.313,1683.4029999999998,1599.0829999999996,4343.827000000001,1814.875,5811.438000000001,23.797541485643197,1,1,0,0,0,33.0,33.0,33.0,1.0,0.0,0.0,0.0,1,0,0.0,1.0,0.0,0.0,0.0,0.0,1.0,0.0,0.0,0.0,8,1,2021,3,27,5,1,1,0,1,0,1,LEVE,0
7,1,7,0,4,0,-13.038977224331129,-72.81404612229271,5,4,0,0,7,2,2,2,6543.555,2.0,4,4,1.0,14,33,1198.0,0.3248653336818013,75.79998450453292,52.19788001773824,5.638593201930974,300.73355652354127,14163.826552462526,17779.13499998999,2097.3709999899997,2863.123,12818.640999999989,2878.713,14900.421999989989,16.19152450331032,1,1,0,0,0,38.0,38.0,38.0,1.0,0.0,0.0,0.0,1,0,0.0,0.0,0.0,1.0,0.0,0.0,0.0,0.0,0.0,1.0,7,1,2022,12,16,4,0,1,2,1,0,1,LEVE,0
3,2,23,0,4,1,-4.1007025618874655,-81.02849897588948,0,4,0,0,2,1,0,2,6543.555,3.0,2,0,1.0,0,30,1475.0,0.541317038400816,72.94324989979708,53.43656724071051,7.565486393755631,1085.5161080725888,6440.817708333333,1009.101,138.47399999999996,287.471,583.156,276.972,732.129,27.447401201663663,3,2,0,0,1,32.0,32.0,32.0,1.0,0.0,0.0,1.0,2,0,0.0,0.0,1.0,1.0,0.0,1.0,1.0,0.0,0.0,0.0,6,1,2022,6,6,0,0,0,0,1,1,1,LEVE,0
6,1,19,0,4,1,-5.1486916,-80.696743,0,4,7,1,2,2,2,0,6543.555,3.0,2,0,1.0,0,30,1475.0,0.5997462042553465,78.40793944726823,72.26811532412637,9.714064362322326,976.3169831713308,183875.0,8965.846000060003,1782.4120000599992,636.9959999999999,6546.438000000004,2214.505000059999,6751.341000000004,24.699342371541725,2,1,0,1,0,37.0,37.0,37.0,1.0,0.0,0.0,1.0,1,0,0.0,1.0,0.0,0.0,0.0,0.0,1.0,0.0,1.0,0.0,19,2,2023,9,14,3,0,0,0,1,1,1,LEVE,0
4,1,4,0,4,2,-13.249432,-74.346021,0,4,7,1,2,0,1,2,6543.555,2.0,4,4,1.0,14,33,1198.0,0.1859776092837948,69.85250115366037,39.77024304701982,3.1640035399309645,143.5227500887571,15617.884368308352,12678.733000000004,1805.074000000001,1774.0339999999994,9099.625000000004,2485.375000000001,10193.358000000002,19.602707936195205,2,1,0,0,1,56.0,56.0,56.0,1.0,0.0,0.0,1.0,1,0,0.0,0.0,0.0,1.0,0.0,0.0,1.0,0.0,0.0,0.0,5,0,2021,9,7,1,0,0,2,1,0,1,LEVE,0
6,1,14,2,2,4,-12.279974880069188,-76.87612210383425,0,2,7,1,2,2,2,0,6543.555,2.0,4,4,1.0,14,33,1198.0,0.6909236767275176,78.41626133969348,70.97436336767564,9.826485374940413,1476.8351947609171,95908.53319057816,7626.313,1683.4029999999998,1599.0829999999996,4343.827000000001,1814.875,5811.438000000001,23.797541485643197,1,1,0,0,0,23.0,23.0,23.0,1.0,0.0,0.0,0.0,1,0,0.0,0.0,0.0,1.0,1.0,0.0,0.0,0.0,0.0,0.0,19,2,2024,10,27,6,1,1,0,1,0,1,LEVE,0
3,1,14,2,4,1,-12.249877,-76.931362,0,0,7,1,2,2,2,0,6639.975,2.0,2,0,1.0,9,31,1616.0,0.6909236767275176,78.41626133969348,70.97436336767564,9.826485374940413,1476.8351947609171,95908.53319057816,7626.313,1683.4029999999998,1599.0829999999996,4343.827000000001,1814.875,5811.438000000001,23.797541485643197,2,2,0,0,0,48.0,45.0,51.0,1.0,0.0,0.0,0.0,2,0,0.0,0.0,1.0,1.0,0.0,1.0,1.0,0.0,0.0,0.0,22,2,2022,12,21,2,0,1,0,1,0,1,LEVE,0
6,1,3,2,2,4,-17.161947,-71.795501,0,3,0,0,2,1,1,0,6543.555,2.0,4,4,1.0,14,33,1198.0,0.6064020802559494,77.82737834960788,75.48658600973863,8.303531284530445,1096.758694527593,6370.241970021414,10322.272,1495.236,1749.739,7077.2970000000005,2886.595,7435.677000000001,27.964725207783708,1,1,0,0,0,31.0,31.0,31.0,1.0,1.0,0.0,0.0,1,0,0.0,0.0,0.0,1.0,1.0,0.0,0.0,1.0,1.0,1.0,3,0,2025,2,28,4,0,1,0,1,0,1,LEVE,0
3,3,23,0,4,1,-3.5857820643741536,-80.47399562260193,0,4,7,1,2,2,2,6,6543.555,3.0,2,0,1.0,0,30,1475.0,0.5691277377037675,76.83860361118322,66.3560753457607,8.686409348773196,962.153294603348,23971.755888650965,1009.101,138.47399999999996,287.471,583.156,276.972,732.129,27.447401201663663,2,2,0,0,0,70.0,69.0,71.0,1.0,1.0,0.0,1.0,4,0,0.0,1.0,0.0,1.0,1.0,0.0,1.0,1.0,1.0,0.0,7,1,2021,6,23,2,0,1,0,1,1,1,LEVE,0
3,2,7,0,4,0,-12.918103,-71.399089,0,4,0,0,7,2,2,2,6543.555,2.0,4,4,1.0,14,33,1198.0,0.3612121566150602,62.7406214315804,65.88597983983321,5.981484630062685,454.3036246295292,5308.728051391863,17779.13499998999,2097.3709999899997,2863.123,12818.640999999989,2878.713,14900.421999989989,16.19152450331032,4,2,0,0,2,40.0,14.0,66.0,1.0,0.0,0.0,0.0,2,0,0.0,0.0,0.0,1.0,1.0,0.0,0.0,1.0,0.0,0.0,20,2,2021,8,20,4,0,1,2,1,0,1,GRAVE_LESIONADOS,1
1,1,3,2,2,4,-16.414171,-71.509877,0,0,1,1,2,0,1,2,6543.555,2.0,4,4,1.0,14,33,1198.0,0.6497628344872909,78.50677470622946,79.58517547019379,10.832141867699551,1100.753355561081,126056.75374732334,10322.272,1495.236,1749.739,7077.2970000000005,2886.595,7435.677000000001,27.964725207783708,3,1,1,1,1,30.0,30.0,30.0,1.0,1.0,0.0,0.0,1,0,0.0,0.0,0.0,1.0,1.0,0.0,0.0,0.0,0.0,0.0,19,2,2021,1,24,6,1,1,0,1,0,1,LEVE,0
0,1,9,0,4,1,-10.066035262288748,-76.21928850486164,0,4,7,1,2,2,2,0,9936.932,2.0,2,0,1.0,9,32,3830.0,0.4099761862104573,75.21754572690584,49.32523159637682,4.993439572064588,644.3528377665261,5708.92505353319,8209.057,1333.4779999999996,791.9770000000001,6083.602,1059.8589999999997,7149.198,12.910849565303296,2,1,0,1,0,41.0,41.0,41.0,0.0,0.0,0.0,0.0,1,0,0.0,0.0,0.0,1.0,0.0,1.0,0.0,0.0,1.0,0.0,20,2,2021,3,7,6,1,0,2,1,0,1,LEVE,0
1,1,3,0,4,0,-16.302738,-72.205849,0,4,7,1,7,2,2,0,6543.555,2.0,4,4,1.0,14,33,1198.0,0.6077843615696785,76.53072135400231,69.81276959706165,8.77367759087771,1135.5159013374655,74658.55888650964,10322.272,1495.236,1749.739,7077.2970000000005,2886.595,7435.677000000001,27.964725207783708,2,1,1,1,0,37.0,33.0,40.0,0.0,0.0,0.0,0.0,1,1,1.0,0.0,0.0,0.0,0.0,0.0,0.0,0.0,0.0,1.0,15,3,2025,5,16,4,0,1,0,1,0,1,LEVE,0
6,1,5,0,4,1,-6.6197644,-79.2930539,0,4,0,1,2,2,2,0,919.085,2.0,2,3,0.0,9,7,218.0,0.4198705264500552,71.07710978950026,66.58810225494344,5.455993657128185,608.8154659157517,7079.2912205567445,15935.565011852366,1733.9250000199986,935.692,13265.948011832368,2000.1670000199988,13935.398011832369,12.551591352627522,40,1,1,0,39,55.0,55.0,55.0,1.0,0.0,0.0,0.0,1,0,0.0,0.0,1.0,0.0,0.0,0.0,1.0,0.0,0.0,0.0,16,3,2022,9,24,5,1,1,2,1,0,1,GRAVE_MORTALIDAD,2
3,2,10,2,4,1,-13.5529807364185,-76.1807497671501,0,0,2,1,2,2,2,0,205.54999999999995,-1.0,2,0,1.0,13,31,15.0,0.533712318797331,79.3365989923595,61.56804543976482,8.261681946790427,816.7917863887187,13863.817987152031,3721.461,698.1859999999996,744.866,2278.409,1102.9029999999996,2618.558,29.636290693359403,2,2,0,0,0,44.0,36.0,52.0,1.0,0.0,0.0,1.0,2,0,0.0,1.0,0.0,0.0,0.0,0.0,1.0,0.0,1.0,1.0,10,1,2023,3,4,5,1,0,0,1,0,1,LEVE,0
6,1,20,0,4,1,-16.545718,-69.052722,0,4,7,1,2,2,2,2,7586.903,2.0,2,0,1.0,9,5,1198.0,0.4241160460464029,74.28732425011668,75.63340579586843,8.070404038634907,431.1198673050291,28095.749464668093,13642.312999999998,2020.7790000000005,2354.117,9267.416999999998,3314.0520000000006,10328.260999999997,24.29244952817019,3,1,0,0,2,33.0,33.0,33.0,0.0,0.0,0.0,0.0,1,0,0.0,0.0,0.0,1.0,0.0,1.0,0.0,0.0,0.0,0.0,6,1,2023,11,10,4,0,0,2,1,0,1,GRAVE_MORTALIDAD,2
6,1,9,0,4,1,-9.880419524313712,-76.19139227887348,0,4,7,1,1,2,2,2,693.175,2.0,2,3,0.0,9,10,249.0,0.2701271812620781,78.99632616468793,40.65596023782675,3.4667415641353267,282.147800757365,19017.89935760172,8209.057,1333.4779999999996,791.9770000000001,6083.602,1059.8589999999997,7149.198,12.910849565303296,1,1,0,0,0,19.0,19.0,19.0,1.0,1.0,0.0,1.0,1,0,0.0,0.0,0.0,1.0,1.0,0.0,0.0,1.0,1.0,0.0,19,2,2022,9,28,2,0,1,2,1,0,1,LEVE,0
0,1,14,2,2,4,-12.22760672,-76.90909286,0,2,7,1,2,2,2,2,6543.555,2.0,4,4,1.0,14,33,1198.0,0.689811994580126,79.88015655965044,73.89553442371854,9.755251380104111,1409.8432274455126,452660.364025696,7626.313,1683.4029999999998,1599.0829999999996,4343.827000000001,1814.875,5811.438000000001,23.797541485643197,3,1,0,2,0,37.0,33.0,40.0,0.0,0.0,0.0,0.0,1,0,0.0,0.0,0.0,1.0,0.0,1.0,0.0,0.0,1.0,0.0,7,1,2023,10,15,6,1,1,0,1,0,1,LEVE,0