CLASE SINIESTRO,CANTIDAD DE VEHICULOS DAÑADOS,DEPARTAMENTO,ZONA,TIPO DE VÍA,RED VIAL,COORDENADAS LATITUD,COORDENADAS  LONGITUD,CONDICIÓN CLIMÁTICA,ZONIFICACIÓN,CARACTERÍSTICAS DE VÍA,PERFIL LONGITUDINAL VÍA,SUPERFICIE DE CALZADA,¿EXISTE SEÑAL VERTICAL?,¿EXISTE SEÑAL HORIZONTAL?,CAUSA FACTOR PRINCIPAL,MTC_RVN_LONGITUD_KM,MTC_RVN_N_CARRILES_MEDIANA,MTC_RVN_SUPERFICIE_DOMINANTE,MTC_RVN_ESTADO_DOMINANTE,MTC_RVN_ES_CONCESIONADA,MTC_RVN_CONCESION_PRINCIPAL,MTC_RVN_CORREDOR_LOGISTICO,MTC_RVN_N_TRAMOS,IDH_2019,IDH_ESP_VIDA_2019,IDH_EDUC_SECUND_PCT_2019,IDH_ANIOS_EDUC_2019,IDH_INGRESO_PERCAP_2019,IDH_POBLACION_2019,MTC_DEP_RED_TOTAL_KM,MTC_DEP_NACIONAL_TOTAL_KM,MTC_DEP_DEPARTAMENTAL_TOTAL_KM,MTC_DEP_VECINAL_TOTAL_KM,MTC_DEP_PAV_TOTAL_KM,MTC_DEP_NO_PAV_TOTAL_KM,MTC_DEP_PCT_PAVIMENTADA,PER_TOTAL_PERSONAS,PER_N_CONDUCTORES,PER_N_CONDUCTORES_FUGADOS,PER_N_PEATONES,PER_N_PASAJEROS_OCUPANTES,PER_EDAD_COND_PROM,PER_EDAD_COND_MIN,PER_EDAD_COND_MAX,PER_ANY_COND_MASCULINO,PER_ANY_LIC_PROBLEMA,PER_ANY_DOSAJE_POS,PER_ANY_DOSAJE_EVALUADO,VEH_TOTAL,VEH_N_FUGADOS,VEH_ANY_FUGADO,VEH_ANY_CARGA,VEH_ANY_PUBLICO,VEH_ANY_PARTICULAR,VEH_ANY_MOTO,VEH_ANY_AUTO,VEH_ANY_CAMION_BUS,VEH_ANY_SOAT_PROBLEMA,VEH_ANY_CITV_PROBLEMA,VEH_ANY_SEGURO_PROBLEMA,HORA_NUM,FRANJA_HORARIA,ANIO,MES,DIA_MES,DIA_SEMANA,ES_FIN_SEMANA,ES_QUINCENA,REGION_NATURAL,TIENE_SEÑALIZACION,ES_VIA_MULTICARRIL,ES_DEPTO_BAJO_PAVIMENTO,CATEGORIA_SEVERIDAD,CATEGORIA_SEVERIDAD_ENC
1,1,19,0,4,1,-5.389647,-80.614189,0,4,7,1,2,2,2,0,6543.555,3.0,2,0,1.0,0,30,1475.0,0.3808780806094198,75.58814012425684,51.41409818066682,5.162437438816056,497.9705387314675,18828.24197002141,8965.846000060003,1782.4120000599992,636.9959999999999,6546.438000000004,2214.505000059999,6751.341000000004,24.699342371541725,2,1,1,1,0,37.0,33.0,40.0,0.0,0.0,0.0,0.0,1,1,1.0,0.0,0.0,0.0,0.0,0.0,0.0,0.0,0.0,1.0,8,1,2022,5,24,1,0,1,0,1,1,1,LEVE,0
0,1,5,2,4,1,-7.18914930061874,-78.5108188920883,0,0,0,0,2,2,2,0,887.28,2.0,2,0,1.0,8,17,155.0,0.6070175276741574,73.19224654097276,74.29530430690215,9.490386956642766,1117.141592366869,257380.9443254818,15935.565011852366,1733.9250000199986,935.692,13265.948011832368,2000.1670000199988,13935.398011832369,12.551591352627522,4,2,1,2,0,37.0,33.0,40.0,0.0,0.0,0.0,0.0,2,1,1.0,0.0,0.0,1.0,1.0,0.0,0.0,1.0,0.0,1.0,5,0,2024,7,14,6,1,0,2,1,0,1,GRAVE_MORTALIDAD,2
4,1,10,2,3,4,-14.044012892455326,-75.69898373115758,0,3,7,1,2,2,2,0,6543.555,2.0,4,4,1.0,14,33,1198.0,0.616344289610642,80.7965682315964,78.0945097589989,10.478110468164347,933.3636045670844,54312.19271948608,3721.461,698.1859999999996,744.866,2278.409,1102.9029999999996,2618.558,29.636290693359403,2,1,0,0,1,32.0,32.0,32.0,1.0,0.0,0.0,1.0,1,0,0.0,0.0,0.0,1.0,1.0,0.0,0.0,1.0,1.0,0.0,4,0,2021,9,24,4,0,1,0,1,0,1,LEVE,0
3,2,7,0,4,1,-13.598651,-71.771172,0,4,7,1,2,1,0,2,7586.903,2.0,2,0,1.0,9,5,1198.0,0.5065580412535501,64.79370905469777,77.15417383818448,8.35812941450031,844.3117831870799,8658.316916488222,17779.13499998999,2097.3709999899997,2863.123,12818.640999999989,2878.713,14900.421999989989,16.19152450331032,2,2,0,0,0,36.0,36.0,36.0,1.0,0.0,0.0,0.0,2,0,0.0,0.0,0.0,1.0,1.0,1.0,0.0,0.0,1.0,1.0,19,2,2024,8,17,5,1,1,2,1,0,1,LEVE,0
3,2,7,0,4,1,-13.489164,-72.240726,0,4,7,1,2,2,2,2,7586.903,2.0,2,0,1.0,9,5,1198.0,0.429914756045985,74.25916870636927,79.51566557864805,7.366336486335375,462.32789717794617,3225.312633832976,17779.13499998999,2097.3709999899997,2863.123,12818.640999999989,2878.713,14900.421999989989,16.19152450331032,2,2,0,0,0,30.0,20.0,40.0,1.0,1.0,0.0,0.0,2,0,0.0,0.0,0.0,1.0,1.0,1.0,0.0,0.0,0.0,0.0,6,1,2021,6,21,0,0,1,2,1,0,1,LEVE,0
3,2,24,2,2,4,-8.3805422,-74.569043,0,3,1,1,4,2,2,2,6543.555,2.0,4,4,1.0,14,33,1198.0,0.5478371208327225,74.17370407104559,60.31222796205821,9.40140543765922,905.3304073844272,113671.11777301929,2689.139,392.697,1311.5319999999997,984.91,261.598,2427.541,9.727946379863592,3,2,0,0,1,31.0,20.0,42.0,1.0,0.0,0.0,0.0,2,0,0.0,0.0,1.0,1.0,1.0,0.0,1.0,1.0,1.0,1.0,4,0,2023,2,16,3,0,1,1,1,0,1,LEVE,0
3,2,20,0,4,1,-15.2968047,-69.9693645,0,4,7,1,2,1,1,2,1762.84,2.0,1,0,0.0,9,32,485.0,0.3120136684565522,74.56643070176949,67.13828218150482,6.277409990126978,231.9912855577296,12390.518201284798,13642.312999999998,2020.7790000000005,2354.117,9267.416999999998,3314.0520000000006,10328.260999999997,24.29244952817019,9,2,0,0,7,40.5,33.0,48.0,1.0,0.0,0.0,0.0,2,0,0.0,0.0,0.0,1.0,0.0,1.0,1.0,0.0,1.0,0.0,4,0,2021,2,16,1,0,1,2,1,0,1,GRAVE_MORTALIDAD,2
0,1,19,0,4,2,-5.31917,-79.7878,0,4,7,1,2,2,2,0,6543.555,2.0,4,4,1.0,14,33,1198.0,0.3308600936388035,74.76246818097447,57.66035801467513,4.819031624676888,342.44759475337025,5712.877944325482,8965.846000060003,1782.4120000599992,636.9959999999999,6546.438000000004,2214.505000059999,6751.341000000004,24.699342371541725,2,1,0,1,0,38.0,38.0,38.0,1.0,1.0,1.0,1.0,1,0,0.0,0.0,1.0,0.0,1.0,0.0,0.0,1.0,1.0,1.0,12,3,2022,2,20,6,1,1,0,1,0,1,LEVE,0
6,1,20,0,4,1,-15.5492753,-70.1088494,0,4,1,1,2,2,2,2,7586.903,2.0,2,0,1.0,9,5,1198.0,0.3646929504779869,74.39003066237748,63.71456574957328,5.594162012040831,387.0285253251433,5552.2119914346895,13642.312999999998,2020.7790000000005,2354.117,9267.416999999998,3314.0520000000006,10328.260999999997,24.29244952817019,2,1,0,0,1,58.0,58.0,58.0,1.0,1.0,0.0,0.0,1,0,0.0,0.0,0.0,1.0,0.0,0.0,1.0,0.0,0.0,0.0,17,3,2023,7,9,6,1,0,2,1,0,1,GRAVE_MORTALIDAD,2
6,1,19,0,4,1,-5.329315,-80.0771,0,4,0,1,2,2,2,0,1305.18,2.0,2,0,1.0,1,20,163.0,0.3893523155396837,73.6911779276771,49.78375684989758,4.513910151215105,616.2310203311459,12720.513918629553,8965.846000060003,1782.4120000599992,636.9959999999999,6546.438000000004,2214.505000059999,6751.341000000004,24.699342371541725,2,1,0,0,1,24.0,24.0,24.0,1.0,0.0,0.0,0.0,1,0,0.0,0.0,0.0,1.0,0.0,1.0,0.0,0.0,0.0,0.0,7,1,2021,3,26,4,0,1,0,1,0,1,LEVE,0
0,0,14,2,4,1,-12.385164664801556,-76.77044923432662,0,2,4,1,2,2,2,4,6639.975,2.0,2,0,1.0,9,31,1616.0,0.7238335901083031,79.66547280467641,76.37525886646478,10.576617527878618,1528.3977840301418,8667.355460385439,7626.313,1683.4029999999998,1599.0829999999996,4343.827000000001,1814.875,5811.438000000001,23.797541485643197,2,1,0,1,0,51.0,51.0,51.0,1.0,0.0,0.0,1.0,1,0,0.0,0.0,0.0,1.0,0.0,1.0,0.0,0.0,0.0,0.0,19,2,2022,1,9,6,1,0,0,1,0,1,LEVE,0
3,2,21,2,4,1,-5.813047,-77.388991,0,0,7,1,2,2,2,2,7758.33400008,2.0,2,0,1.0,9,20,2133.0,0.4789759027469384,73.43778249935497,54.01635312204597,6.285279694551369,847.2910954428505,47552.6295503212,5645.136,815.0759999999999,965.298,3864.762,1013.406,4631.73,17.95184385283189,2,2,0,0,0,39.5,30.0,49.0,1.0,1.0,0.0,0.0,2,0,0.0,0.0,0.0,1.0,1.0,0.0,0.0,1.0,1.0,0.0,15,3,2021,10,17,6,1,1,1,1,0,1,LEVE,0
6,1,20,0,4,1,-15.617333238431144,-70.32051956332245,0,4,7,1,2,1,1,2,1504.4250000000002,2.0,2,0,1.0,7,25,241.0,0.3295055776475686,72.2087445727939,72.62976900035994,6.627409791568738,260.5608856829442,4240.3019271948615,13642.312999999998,2020.7790000000005,2354.117,9267.416999999998,3314.0520000000006,10328.260999999997,24.29244952817019,2,1,0,0,1,26.0,26.0,26.0,1.0,1.0,1.0,1.0,1,0,0.0,0.0,0.0,1.0,1.0,0.0,0.0,1.0,1.0,0.0,13,3,2021,1,11,0,0,0,2,1,0,1,LEVE,0
0,1,17,2,4,1,-17.193508550840217,-70.91759698233433,6,5,6,2,6,2,2,0,1529.105,2.0,2,0,1.0,9,21,200.0,0.7019393796398946,77.75173796903684,74.13909206921859,10.843210004831542,1446.2028877191838,64680.35760171306,2949.174,470.28500000000025,903.055,1575.834,866.4460000000004,2082.728,29.37927704503025,2,1,0,1,0,38.0,38.0,38.0,1.0,0.0,0.0,0.0,1,0,0.0,0.0,0.0,1.0,0.0,1.0,0.0,0.0,0.0,0.0,20,2,2022,12,6,1,0,0,0,1,0,1,LEVE,0
3,2,21,0,4,1,-5.98235006894237,-77.2868922160946,0,4,7,1,2,2,2,2,7758.33400008,2.0,2,0,1.0,9,20,2133.0,0.3873075948511574,72.98119449957349,44.39725753934513,5.037096642387525,597.9287450392992,17629.94004282655,5645.136,815.0759999999999,965.298,3864.762,1013.406,4631.73,17.95184385283189,3,2,0,0,1,34.0,33.0,35.0,1.0,1.0,0.0,0.0,2,0,0.0,0.0,0.0,1.0,1.0,0.0,1.0,0.0,1.0,1.0,7,1,2025,7,8,1,0,0,1,1,0,1,LEVE,0
4,1,14,0,4,1,-11.825675129785294,-76.36702348348194,0,4,3,1,2,2,2,2,875.67,2.0,2,0,1.0,3,14,156.0,0.5782076557642399,69.94554102237682,79.31941219865219,10.405431094524491,952.4896785878703,3416.655246252677,7626.313,1683.4029999999998,1599.0829999999996,4343.827000000001,1814.875,5811.438000000001,23.797541485643197,67,1,0,0,66,46.0,46.0,46.0,1.0,1.0,0.0,0.0,1,0,0.0,0.0,1.0,0.0,0.0,0.0,1.0,0.0,0.0,0.0,4,0,2021,8,31,1,0,1,0,1,0,1,GRAVE_MORTALIDAD,2
3,2,11,0,4,1,-10.887453951344517,-74.96213591334514,0,4,7,0,2,2,2,0,5768.608,2.0,3,1,0.0,9,32,365.0,0.4295860411633357,74.52920034355449,56.24873272101314,6.697659727647938,572.4658040665552,73767.52890792291,12264.545,1826.4639999999995,1105.5389999999998,9332.542,1588.5359999999996,10676.009,12.952261987705208,2,2,0,0,0,33.5,19.0,48.0,1.0,1.0,0.0,1.0,2,0,0.0,0.0,0.0,1.0,1.0,0.0,0.0,0.0,0.0,0.0,16,3,2021,8,22,6,1,1,2,1,0,1,LEVE,0
3,3,4,0,4,1,-12.962231,-74.076273,0,4,0,0,2,2,2,6,3447.8009999999995,1.0,2,3,0.0,9,12,1109.0,0.242115079402463,78.60995656774577,51.62938606373191,3.6027664414524385,187.9375733088464,17574.86937901499,12678.733000000004,1805.074000000001,1774.0339999999994,9099.625000000004,2485.375000000001,10193.358000000002,19.602707936195205,5,3,0,0,2,40.333333333333336,25.0,50.0,1.0,1.0,0.0,1.0,3,0,0.0,0.0,0.0,1.0,1.0,1.0,1.0,0.0,1.0,0.0,3,0,2021,8,3,1,0,0,2,1,0,1,GRAVE_MORTALIDAD,2
0,1,19,0,4,2,-4.866312452609063,-80.61768646737686,5,4,7,1,1,2,2,2,6543.555,2.0,4,4,1.0,14,33,1198.0,0.5657000696312142,79.93504063107561,71.14438533384025,9.31841991972829,829.1233898514824,181599.8115631692,8965.846000060003,1782.4120000599992,636.9959999999999,6546.438000000004,2214.505000059999,6751.341000000004,24.699342371541725,2,1,0,1,0,29.0,29.0,29.0,1.0,1.0,0.0,1.0,1,0,0.0,0.0,0.0,1.0,1.0,0.0,0.0,1.0,1.0,0.0,5,0,2021,6,17,3,0,1,0,1,0,1,LEVE,0
1,0,14,2,4,1,-11.965534,-77.067883,0,2,7,1,4,2,2,0,6543.555,3.0,2,0,1.0,0,30,1475.0,0.758462599563312,80.5192231989937,79.20045639149897,11.33839041452458,1628.5661148492152,363987.54389721627,7626.313,1683.4029999999998,1599.0829999999996,4343.827000000001,1814.875,5811.438000000001,23.797541485643197,2,1,1,1,0,37.0,33.0,40.0,0.0,0.0,0.0,0.0,1,1,1.0,0.0,0.0,0.0,0.0,0.0,0.0,0.0,0.0,0.0,22,2,2021,5,10,0,0,0,0,1,1,1,LEVE,0
3,1,11,2,4,1,-10.920776904776764,-76.06148025523774,0,4,7,1,2,0,1,2,9936.932,2.0,2,0,1.0,9,32,3830.0,0.4515021227868664,71.4196998727447,62.336219650226376,7.581270728582125,617.1133018029116,6161.010706638115,12264.545,1826.4639999999995,1105.5389999999998,9332.542,1588.5359999999996,10676.009,12.952261987705208,2,2,0,0,0,35.5,20.0,51.0,1.0,1.0,0.0,0.0,2,0,0.0,1.0,1.0,0.0,1.0,0.0,1.0,1.0,1.0,1.0,20,2,2022,8,25,3,0,1,2,1,0,1,LEVE,0
10,1,20,0,4,3,-14.211834616489185,-69.16513602539725,0,4,7,1,7,2,2,2,6543.555,2.0,4,4,1.0,14,33,1198.0,0.4629523852366282,73.61440605434841,75.62287602956965,7.774247801106112,570.1655252176213,7845.668094218417,13642.312999999998,2020.7790000000005,2354.117,9267.416999999998,3314.0520000000006,10328.260999999997,24.29244952817019,1,1,0,0,0,39.0,39.0,39.0,1.0,1.0,0.0,0.0,1,0,0.0,0.0,0.0,1.0,1.0,0.0,0.0,1.0,1.0,1.0,2,0,2023,7,17,0,0,1,2,1,0,1,LEVE,0
0,1,10,2,4,1,-14.852785,-74.960668,0,0,7,1,2,2,2,0,6639.975,2.0,2,0,1.0,9,31,1616.0,0.5563774842369664,77.00938809632027,69.10246351364754,8.476961866273152,914.8835608305218,27932.19700214133,3721.461,698.1859999999996,744.866,2278.409,1102.9029999999996,2618.558,29.636290693359403,2,1,0,1,0,28.0,28.0,28.0,1.0,0.0,0.0,0.0,1,0,0.0,0.0,0.0,1.0,0.0,0.0,1.0,1.0,0.0,1.0,23,2,2022,10,26,2,0,1,0,1,0,1,LEVE,0
10,1,5,0,4,0,-7.666417,-78.189319,7,4,0,0,2,0,1,2,6543.555,2.0,4,4,1.0,14,33,1198.0,0.2948350537014906,77.15212155268404,35.50451291723821,3.7775920646885006,361.8643687343071,26075.62526766595,15935.565011852366,1733.9250000199986,935.692,13265.948011832368,2000.1670000199988,13935.398011832369,12.551591352627522,7,1,0,0,6,52.0,52.0,52.0,1.0,0.0,0.0,0.0,1,0,0.0,0.0,1.0,0.0,0.0,1.0,0.0,0.0,0.0,0.0,7,1,2022,11,16,2,0,1,2,1,0,1,GRAVE_LESIONADOS,1
3,2,3,0,4,1,-16.250302,-71.67779,0,4,7,1,2,0,1,0,6543.555,3.0,2,0,1.0,0,30,1475.0,0.6005060748875158,78.21704200773246,77.40211893847457,8.994742794352394,996.014120858737,33335.45824411135,10322.272,1495.236,1749.739,7077.2970000000005,2886.595,7435.677000000001,27.964725207783708,6,2,0,0,4,37.0,29.0,45.0,1.0,0.0,0.0,0.0,2,0,0.0,0.0,1.0,1.0,0.0,1.0,1.0,0.0,1.0,0.0,17,3,2023,4,24,0,0,1,0,1,1,1,GRAVE_MORTALIDAD,2
6,1,12,0,4,1,-8.125711,-78.037049,0,4,7,1,1,2,2,2,9936.932,2.0,2,0,1.0,9,32,3830.0,0.347954033745561,80.93989623344268,31.89633946730197,5.2597774095042205,434.541425361344,6369.351177730194,8931.828000000005,1335.5899999999997,1935.9830000000004,5660.255000000005,1219.309,7712.519000000005,13.651281686122925,2,1,1,0,1,37.0,33.0,40.0,0.0,0.0,0.0,0.0,1,0,0.0,1.0,0.0,0.0,0.0,0.0,1.0,0.0,0.0,0.0,3,0,2021,11,28,6,1,1,0,1,0,1,LEVE,0
3,1,3,2,4,1,-16.980001,-71.781158,0,3,2,1,2,0,1,0,6639.975,2.0,2,0,1.0,9,31,1616.0,0.6449493635682252,78.44719582624413,79.23084709401536,8.759364777311836,1226.330683483547,8054.678800856533,10322.272,1495.236,1749.739,7077.2970000000005,2886.595,7435.677000000001,27.964725207783708,3,2,0,0,1,60.0,55.0,65.0,1.0,0.0,0.0,1.0,2,0,0.0,1.0,0.0,1.0,0.0,1.0,1.0,0.0,0.0,0.0,8,1,2025,11,8,5,1,0,0,1,0,1,LEVE,0
3,2,23,0,4,1,-3.63338148310038,-80.57683103691467,0,4,7,1,2,2,2,2,6543.555,3.0,2,0,1.0,0,30,1475.0,0.5933967853231009,76.15936550169532,71.30685044051863,9.05807019629612,1035.567875099288,9240.781584582444,1009.101,138.47399999999996,287.471,583.156,276.972,732.129,27.447401201663663,2,2,0,0,0,25.5,25.0,26.0,1.0,1.0,0.0,1.0,2,0,0.0,1.0,0.0,1.0,0.0,1.0,1.0,0.0,1.0,0.0,5,0,2024,10,7,0,0,0,0,1,1,1,LEVE,0
6,1,2,0,4,0,-13.86392416157982,-72.50583311454133,0,4,7,1,1,2,2,6,6543.555,2.0,4,4,1.0,14,33,1198.0,0.1824877464520417,67.10059231589754,49.82687063330833,4.014733483999636,111.58306127272184,3073.7130620985013,8358.971,1282.451,1298.0969999999998,5778.423,1432.683,6926.288,17.139466089785454,3,1,0,0,2,29.0,29.0,29.0,1.0,0.0,0.0,0.0,1,0,0.0,0.0,0.0,0.0,0.0,1.0,0.0,0.0,0.0,0.0,6,1,2021,7,7,2,0,0,2,1,0,1,GRAVE_MORTALIDAD,2
2,0,3,2,2,4,-16.405651,-71.540207,7,1,7,0,2,0,1,0,6543.555,2.0,4,4,1.0,14,33,1198.0,0.7621671359922388,78.82549845032362,81.65077117756084,13.192212326676357,1538.109987002949,42333.23340471092,10322.272,1495.236,1749.739,7077.2970000000005,2886.595,7435.677000000001,27.964725207783708,2,1,0,0,1,35.0,35.0,35.0,1.0,0.0,0.0,0.0,1,0,0.0,0.0,1.0,0.0,0.0,0.0,1.0,0.0,0.0,0.0,11,1,2022,12,21,2,0,1,0,1,0,1,LEVE,0
3,2,9,2,8,4,-9.314544,-75.998179,0,0,7,0,4,2,2,2,6543.555,2.0,4,4,1.0,14,33,1198.0,0.5818337288935853,73.84436545241161,70.00654188026523,9.541274475508528,1000.4260420093171,59227.28479657388,8209.057,1333.4779999999996,791.9770000000001,6083.602,1059.8589999999997,7149.198,12.910849565303296,2,2,0,0,0,21.0,17.0,25.0,1.0,1.0,0.0,1.0,2,0,0.0,1.0,0.0,0.0,1.0,0.0,1.0,1.0,0.0,0.0,3,0,2021,7,9,4,0,0,2,1,0,1,LEVE,0
3,2,14,0,4,1,-11.569692,-77.202781,0,4,7,1,2,2,2,2,782.3000000000001,-1.0,0,0,1.0,9,15,161.0,0.606011890732538,79.10580202061365,64.14379964647316,7.172095916125169,1269.9879605915198,20981.39186295503,7626.313,1683.4029999999998,1599.0829999999996,4343.827000000001,1814.875,5811.438000000001,23.797541485643197,5,2,0,0,3,55.5,48.0,63.0,1.0,0.0,0.0,1.0,2,0,0.0,0.0,0.0,1.0,0.0,1.0,0.0,0.0,0.0,0.0,7,1,2021,12,5,6,1,0,0,1,0,1,GRAVE_LESIONADOS,1
0,1,19,2,2,4,-5.19449,-80.63282,0,0,7,1,2,2,2,0,6543.555,2.0,4,4,1.0,14,33,1198.0,0.6582040223794163,78.74105515718446,77.3206684883171,11.334167841567446,1124.177237253568,178905.3426124197,8965.846000060003,1782.4120000599992,636.9959999999999,6546.438000000004,2214.505000059999,6751.341000000004,24.699342371541725,2,1,0,1,0,23.0,23.0,23.0,1.0,1.0,0.0,1.0,1,0,0.0,0.0,0.0,1.0,1.0,0.0,0.0,1.0,1.0,1.0,20,2,2022,6,3,4,0,0,0,1,0,1,LEVE,0
2,1,12,0,4,1,-8.1101917903,-78.99746954,0,4,7,1,2,2,2,0,610.6099999999999,2.0,2,0,1.0,8,29,100.0,0.7151155191839451,79.57652607829836,77.25576500264712,11.809756866444314,1377.9438475528384,331253.00214132766,8931.828000000005,1335.5899999999997,1935.9830000000004,5660.255000000005,1219.309,7712.519000000005,13.651281686122925,1,0,0,0,1,37.0,33.0,40.0,1.0,0.0,0.0,0.0,1,0,0.0,0.0,0.0,1.0,1.0,0.0,0.0,1.0,0.0,1.0,20,2,2024,11,30,5,1,1,0,1,0,1,LEVE,0
6,1,5,1,4,1,-6.61774078358485,-78.5857917696024,6,5,6,2,6,2,2,0,9936.932,2.0,2,0,1.0,9,32,3830.0,0.4700875779194959,72.66081436888122,64.8808353209258,6.163018167008406,756.997154110016,46090.54817987152,15935.565011852366,1733.9250000199986,935.692,13265.948011832368,2000.1670000199988,13935.398011832369,12.551591352627522,2,1,0,0,1,37.0,33.0,40.0,0.0,0.0,0.0,0.0,1,0,0.0,0.0,0.0,1.0,1.0,0.0,0.0,1.0,0.0,1.0,7,1,2025,7,20,6,1,1,2,1,0,1,LEVE,0
10,1,21,0,4,1,-5.895687,-77.33009,0,4,7,1,2,2,2,2,7758.33400008,2.0,2,0,1.0,9,20,2133.0,0.4789759027469384,73.43778249935497,54.01635312204597,6.285279694551369,847.2910954428505,47552.6295503212,5645.136,815.0759999999999,965.298,3864.762,1013.406,4631.73,17.95184385283189,2,2,0,0,0,23.0,15.0,31.0,1.0,1.0,0.0,0.0,2,0,0.0,1.0,0.0,1.0,1.0,0.0,1.0,1.0,1.0,1.0,21,2,2023,6,28,2,0,1,1,1,0,1,LEVE,0
6,1,8,0,4,1,-12.411749902772916,-75.0394585092174,0,4,0,0,2,2,2,0,7586.903,2.0,2,0,1.0,9,5,1198.0,0.3197508632812603,73.35600919181914,47.73247021173725,4.747967817478287,352.6352900736821,3265.2034261241965,8511.426,1445.3929999999996,2008.516,5057.516999999999,1879.579,6631.846999999998,22.08300935706896,4,1,0,0,3,65.0,65.0,65.0,1.0,0.0,0.0,0.0,1,0,0.0,0.0,0.0,1.0,0.0,1.0,0.0,0.0,0.0,0.0,12,3,2023,11,25,5,1,1,2,1,0,1,GRAVE_LESIONADOS,1
3,2,5,2,6,4,-7.15509546,-78.51223546,0,1,7,1,4,1,1,2,6543.555,2.0,4,4,1.0,14,33,1198.0,0.6070175276741574,73.19224654097276,74.29530430690215,9.490386956642766,1117.141592366869,257380.9443254818,15935.565011852366,1733.9250000199986,935.692,13265.948011832368,2000.1670000199988,13935.398011832369,12.551591352627522,3,2,0,0,1,33.0,32.0,34.0,1.0,1.0,0.0,0.0,2,0,0.0,1.0,1.0,0.0,1.0,0.0,1.0,0.0,0.0,0.0,14,3,2021,4,5,0,0,0,2,1,0,1,LEVE,0
6,1,21,0,4,1,-6.186515,-77.115986,0,4,7,1,1,2,2,2,2760.8550000000005,1.0,1,3,0.0,9,32,1208.0,0.4209273482033048,73.3551698063197,46.02617740809915,5.54816545192792,689.4538596354846,31717.576017130617,5645.136,815.0759999999999,965.298,3864.762,1013.406,4631.73,17.95184385283189,1,1,0,0,0,44.0,44.0,44.0,1.0,0.0,0.0,0.0,1,0,0.0,0.0,0.0,1.0,1.0,0.0,0.0,1.0,1.0,1.0,0,0,2023,8,19,5,1,1,1,1,0,1,LEVE,0
3,2,21,0,4,1,-5.816409,-77.38497,0,4,7,1,2,2,2,2,7758.33400008,2.0,2,0,1.0,9,20,2133.0,0.3490236341472501,73.80303880571165,34.287308240418106,5.251593843982846,481.3272995041394,11414.025695931476,5645.136,815.0759999999999,965.298,3864.762,1013.406,4631.73,17.95184385283189,2,2,0,0,0,46.0,44.0,48.0,1.0,1.0,0.0,0.0,2,0,0.0,0.0,1.0,1.0,1.0,0.0,1.0,0.0,1.0,1.0,4,0,2025,11,2,6,1,0,1,1,0,1,LEVE,0
3,2,20,0,4,0,-15.614025766263527,-69.98175674185632,0,4,7,1,2,2,2,2,6543.555,2.0,4,4,1.0,14,33,1198.0,0.2886752467018767,70.36924972959979,63.68752373871576,6.450053665206414,206.72092593354532,8492.443254817987,13642.312999999998,2020.7790000000005,2354.117,9267.416999999998,3314.0520000000006,10328.260999999997,24.29244952817019,2,2,0,0,0,55.0,44.0,66.0,1.0,1.0,0.0,0.0,2,0,0.0,1.0,0.0,1.0,1.0,0.0,1.0,1.0,1.0,1.0,10,1,2022,8,25,3,0,1,2,1,0,1,LEVE,0
1,1,14,2,2,4,-12.05920463,-77.01355817,0,0,1,1,2,2,2,0,6543.555,2.0,4,4,1.0,14,33,1198.0,0.7646845961658533,80.23682119426338,77.96082737891015,12.014176158371615,1633.787715186093,250806.0877944326,7626.313,1683.4029999999998,1599.0829999999996,4343.827000000001,1814.875,5811.438000000001,23.797541485643197,2,1,1,1,0,37.0,33.0,40.0,0.0,0.0,0.0,0.0,1,1,1.0,0.0,0.0,0.0,0.0,0.0,0.0,0.0,0.0,1.0,3,0,2023,4,22,5,1,1,0,1,0,1,LEVE,0
10,1,10,0,4,1,-14.6456541,-75.1804584,0,4,0,0,2,2,2,0,6639.975,2.0,2,0,1.0,9,31,1616.0,0.5979174613339426,80.76049717343994,85.82161722096541,8.785420243552947,907.5991833927088,1316.4689507494647,3721.461,698.1859999999996,744.866,2278.409,1102.9029999999996,2618.558,29.636290693359403,23,1,0,0,22,53.0,53.0,53.0,1.0,0.0,0.0,0.0,1,0,0.0,0.0,1.0,0.0,0.0,0.0,1.0,0.0,0.0,0.0,4,0,2024,3,28,3,0,1,0,1,0,1,GRAVE_LESIONADOS,1
5,1,11,0,4,1,-11.30223695862583,-74.54661386778807,0,4,0,1,2,2,2,0,5768.608,2.0,3,1,0.0,9,32,365.0,0.4285012061956566,75.41084938147766,60.01133023046341,7.293281496635318,514.084282951313,59216.39149500083,12264.545,1826.4639999999995,1105.5389999999998,9332.542,1588.5359999999996,10676.009,12.952261987705208,2,2,0,0,0,47.0,44.0,50.0,1.0,0.0,0.0,0.0,2,0,0.0,0.0,0.0,1.0,1.0,0.0,1.0,0.0,0.0,0.0,18,2,2021,4,5,0,0,0,2,1,0,1,LEVE,0
3,1,14,2,2,4,-12.19732583,-76.99933498,0,0,1,1,2,1,1,2,6543.555,2.0,4,4,1.0,14,33,1198.0,0.7583553928164398,79.82595632107274,76.7651270103073,11.46351379457763,1662.7771470294065,333655.3618843683,7626.313,1683.4029999999998,1599.0829999999996,4343.827000000001,1814.875,5811.438000000001,23.797541485643197,2,2,0,0,0,47.0,47.0,47.0,1.0,0.0,0.0,0.0,2,0,0.0,0.0,0.0,1.0,1.0,1.0,0.0,1.0,1.0,1.0,6,1,2023,1,21,5,1,1,0,1,0,1,LEVE,0
3,1,11,0,4,1,-10.8924752450509,-74.9201045999835,6,5,6,2,6,2,2,0,5768.608,2.0,3,1,0.0,9,32,365.0,0.4295860411633357,74.52920034355449,56.24873272101314,6.697659727647938,572.4658040665552,73767.52890792291,12264.545,1826.4639999999995,1105.5389999999998,9332.542,1588.5359999999996,10676.009,12.952261987705208,3,2,0,0,1,35.0,30.0,40.0,1.0,1.0,0.0,0.0,2,0,0.0,0.0,1.0,1.0,0.0,1.0,1.0,1.0,0.0,1.0,5,0,2022,6,18,5,1,1,2,1,0,1,GRAVE_MORTALIDAD,2
3,1,7,0,4,2,-13.38813221163884,-71.61808936915784,0,4,7,0,1,2,2,6,6543.555,2.0,4,4,1.0,14,33,1198.0,0.1747449791455621,66.07525625481001,55.64270134274993,2.969749914946193,124.74196388442545,9397.970021413275,17779.13499998999,2097.3709999899997,2863.123,12818.640999999989,2878.713,14900.421999989989,16.19152450331032,2,2,0,0,0,34.0,24.0,44.0,1.0,1.0,0.0,1.0,2,0,0.0,1.0,0.0,1.0,0.0,1.0,1.0,1.0,1.0,1.0,22,2,2022,10,16,6,1,1,2,1,0,1,LEVE,0
6,1,14,2,2,4,-12.03488902555925,-76.99466642316598,0,3,0,0,2,2,2,0,6543.555,2.0,4,4,1.0,14,33,1198.0,0.6970617810314195,81.40501156526744,73.5715154770137,9.635174408411393,1428.892506292977,203379.9271948608,7626.313,1683.4029999999998,1599.0829999999996,4343.827000000001,1814.875,5811.438000000001,23.797541485643197,1,1,0,0,0,36.0,36.0,36.0,1.0,0.0,0.0,0.0,1,0,0.0,0.0,0.0,1.0,1.0,0.0,0.0,1.0,0.0,0.0,12,3,2024,8,28,2,0,1,0,1,0,1,LEVE,0
3,2,5,0,4,1,-7.280169,-78.588818,0,4,7,1,2,1,1,0,887.28,2.0,2,0,1.0,8,17,155.0,0.3499131122933449,74.39401817945264,56.6280544824882,4.625294965690104,417.1826098657696,8462.284796573875,15935.565011852366,1733.9250000199986,935.692,13265.948011832368,2000.1670000199988,13935.398011832369,12.551591352627522,7,2,0,0,5,49.5,48.0,51.0,1.0,1.0,0.0,0.0,2,0,0.0,1.0,0.0,1.0,0.0,1.0,1.0,0.0,1.0,0.0,16,3,2021,7,12,0,0,0,2,1,0,1,GRAVE_MORTALIDAD,2