CLASE SINIESTRO,CANTIDAD DE VEHICULOS DAÑADOS,DEPARTAMENTO,ZONA,TIPO DE VÍA,RED VIAL,COORDENADAS LATITUD,COORDENADAS  LONGITUD,CONDICIÓN CLIMÁTICA,ZONIFICACIÓN,CARACTERÍSTICAS DE VÍA,PERFIL LONGITUDINAL VÍA,SUPERFICIE DE CALZADA,¿EXISTE SEÑAL VERTICAL?,¿EXISTE SEÑAL HORIZONTAL?,CAUSA FACTOR PRINCIPAL,MTC_RVN_LONGITUD_KM,MTC_RVN_N_CARRILES_MEDIANA,MTC_RVN_SUPERFICIE_DOMINANTE,MTC_RVN_ESTADO_DOMINANTE,MTC_RVN_ES_CONCESIONADA,MTC_RVN_CONCESION_PRINCIPAL,MTC_RVN_CORREDOR_LOGISTICO,MTC_RVN_N_TRAMOS,IDH_2019,IDH_ESP_VIDA_2019,IDH_EDUC_SECUND_PCT_2019,IDH_ANIOS_EDUC_2019,IDH_INGRESO_PERCAP_2019,IDH_POBLACION_2019,MTC_DEP_RED_TOTAL_KM,MTC_DEP_NACIONAL_TOTAL_KM,MTC_DEP_DEPARTAMENTAL_TOTAL_KM,MTC_DEP_VECINAL_TOTAL_KM,MTC_DEP_PAV_TOTAL_KM,MTC_DEP_NO_PAV_TOTAL_KM,MTC_DEP_PCT_PAVIMENTADA,PER_TOTAL_PERSONAS,PER_N_CONDUCTORES,PER_N_CONDUCTORES_FUGADOS,PER_N_PEATONES,PER_N_PASAJEROS_OCUPANTES,PER_EDAD_COND_PROM,PER_EDAD_COND_MIN,PER_EDAD_COND_MAX,PER_ANY_COND_MASCULINO,PER_ANY_LIC_PROBLEMA,PER_ANY_DOSAJE_POS,PER_ANY_DOSAJE_EVALUADO,VEH_TOTAL,VEH_N_FUGADOS,VEH_ANY_FUGADO,VEH_ANY_CARGA,VEH_ANY_PUBLICO,VEH_ANY_PARTICULAR,VEH_ANY_MOTO,VEH_ANY_AUTO,VEH_ANY_CAMION_BUS,VEH_ANY_SOAT_PROBLEMA,VEH_ANY_CITV_PROBLEMA,VEH_ANY_SEGURO_PROBLEMA,HORA_NUM,FRANJA_HORARIA,ANIO,MES,DIA_MES,DIA_SEMANA,ES_FIN_SEMANA,ES_QUINCENA,REGION_NATURAL,TIENE_SEÑALIZACION,ES_VIA_MULTICARRIL,ES_DEPTO_BAJO_PAVIMENTO,CATEGORIA_SEVERIDAD,CATEGORIA_SEVERIDAD_ENC
3,2,22,0,4,1,-17.979841,-70.282731,0,4,7,1,2,1,0,2,6639.975,2.0,2,0,1.0,9,31,1616.0,0.6966125262955101,76.67066141771582,75.49195828278967,11.654573086271489,1371.819928142763,74177.24411134903,2650.572,630.6729999999998,487.3610000000001,1532.5379999999998,1068.7019999999998,1581.87,40.31967439480987,2,2,0,0,0,37.0,35.0,39.0,1.0,0.0,0.0,0.0,2,0,0.0,1.0,0.0,1.0,0.0,1.0,1.0,0.0,1.0,0.0,19,2,2021,2,24,2,0,1,0,1,0,1,LEVE,0
3,2,16,2,4,2,-12.567469,-69.199298,0,3,7,1,7,2,2,0,6543.555,2.0,4,4,1.0,14,33,1198.0,0.6331639735785386,72.20641129524063,67.6175404202189,10.029362591344883,1305.419538589062,88506.68094218415,2090.391,399.431,340.021,1350.9389999999996,493.824,1596.5669999999996,23.62352306338862,2,2,0,0,0,29.0,29.0,29.0,1.0,1.0,0.0,0.0,2,0,0.0,1.0,0.0,1.0,1.0,0.0,1.0,1.0,1.0,1.0,4,0,2022,10,12,2,0,0,1,1,0,1,LEVE,0
0,1,16,2,2,4,-11.405563,-69.490785,6,5,6,2,6,2,2,0,6543.555,2.0,4,4,1.0,14,33,1198.0,0.6581706971897894,82.29740447801842,57.44845838686676,9.173700050257915,1382.445171641911,8313.027837259102,2090.391,399.431,340.021,1350.9389999999996,493.824,1596.5669999999996,23.62352306338862,2,1,0,1,0,51.0,51.0,51.0,1.0,0.0,0.0,0.0,2,0,0.0,1.0,0.0,0.0,0.0,0.0,1.0,0.0,0.0,0.0,23,2,2022,7,23,5,1,1,1,1,0,1,LEVE,0
0,1,7,2,4,0,-13.541476,-71.981781,5,3,7,0,2,2,2,2,6543.555,2.0,4,4,1.0,14,33,1198.0,0.6348954939297919,77.6245715059073,78.73535107148551,10.276562257168177,1084.1455565765216,94654.62312633834,17779.13499998999,2097.3709999899997,2863.123,12818.640999999989,2878.713,14900.421999989989,16.19152450331032,2,1,0,1,0,33.0,33.0,33.0,1.0,1.0,1.0,1.0,1,0,0.0,0.0,0.0,1.0,0.0,1.0,0.0,1.0,1.0,0.0,4,0,2025,3,31,0,0,1,2,1,0,1,LEVE,0
0,1,14,2,4,1,-11.734287793443714,-76.260489446376,5,2,7,1,4,2,2,4,875.67,2.0,2,0,1.0,3,14,156.0,0.748110396131153,71.69031523892282,68.09304145514763,11.546293237750138,1975.0436727135664,6121.71948608137,7626.313,1683.4029999999998,1599.0829999999996,4343.827000000001,1814.875,5811.438000000001,23.797541485643197,2,1,0,1,0,45.0,45.0,45.0,1.0,0.0,0.0,0.0,1,0,0.0,0.0,1.0,0.0,0.0,0.0,1.0,0.0,0.0,0.0,6,1,2021,6,16,2,0,1,0,1,0,1,LEVE,0
0,1,12,2,4,1,-8.42432,-78.781809,0,4,7,1,2,2,2,2,6543.555,3.0,2,0,1.0,0,30,1475.0,0.5051395598219868,77.13285387085847,51.52067479184955,6.715328807318118,900.900383457586,67612.41755888652,8931.828000000005,1335.5899999999997,1935.9830000000004,5660.255000000005,1219.309,7712.519000000005,13.651281686122925,3,1,0,2,0,56.0,56.0,56.0,1.0,1.0,0.0,0.0,1,0,0.0,0.0,0.0,1.0,0.0,0.0,1.0,1.0,1.0,0.0,21,2,2021,1,3,6,1,0,0,1,1,1,LEVE,0
1,1,14,2,4,1,-11.946883,-77.070858,0,3,1,1,2,2,2,0,6543.555,3.0,2,0,1.0,0,30,1475.0,0.7218926988400113,80.0902077245261,77.9581888264889,10.971588327733102,1458.3206086290393,530000.3426124197,7626.313,1683.4029999999998,1599.0829999999996,4343.827000000001,1814.875,5811.438000000001,23.797541485643197,2,1,1,1,0,37.0,33.0,40.0,0.0,0.0,0.0,0.0,1,1,1.0,0.0,0.0,0.0,0.0,0.0,0.0,0.0,0.0,0.0,3,0,2021,3,14,6,1,0,0,1,1,1,LEVE,0
6,1,14,2,4,1,-11.980851,-76.792388,0,2,7,1,2,2,2,2,875.67,2.0,2,0,1.0,3,14,156.0,0.7410537419693288,80.72873693175681,77.76911521289269,11.20634409407566,1539.7635062745433,43755.852248394,7626.313,1683.4029999999998,1599.0829999999996,4343.827000000001,1814.875,5811.438000000001,23.797541485643197,5,2,0,0,3,53.0,53.0,53.0,1.0,1.0,0.0,0.0,2,0,0.0,0.0,0.0,1.0,0.0,1.0,1.0,0.0,0.0,0.0,23,2,2021,4,26,0,0,1,0,1,0,1,GRAVE_MORTALIDAD,2
3,2,24,0,4,1,-8.40977,-74.650205,0,4,7,1,2,1,0,2,1169.3919999999998,2.0,3,1,0.0,9,32,75.0,0.5478371208327225,74.17370407104559,60.31222796205821,9.40140543765922,905.3304073844272,113671.11777301929,2689.139,392.697,1311.5319999999997,984.91,261.598,2427.541,9.727946379863592,2,2,0,0,0,50.5,42.0,59.0,1.0,1.0,0.0,0.0,2,0,0.0,1.0,0.0,1.0,1.0,0.0,0.0,1.0,1.0,1.0,6,1,2021,12,8,2,0,0,1,1,0,1,LEVE,0
0,1,11,2,8,4,-12.08098112961666,-75.19010455229498,0,0,3,0,7,2,2,0,6543.555,2.0,4,4,1.0,14,33,1198.0,0.5505646674026337,73.4133487878793,75.3445074155263,9.620272300569804,826.4718925707687,91775.8886509636,12264.545,1826.4639999999995,1105.5389999999998,9332.542,1588.5359999999996,10676.009,12.952261987705208,2,1,0,1,0,28.0,28.0,28.0,1.0,0.0,0.0,1.0,1,0,0.0,0.0,0.0,1.0,0.0,1.0,0.0,0.0,0.0,0.0,11,1,2022,9,24,5,1,1,2,1,0,1,LEVE,0
1,0,20,0,4,1,-14.9019841254979,-70.2009150699197,0,4,7,1,4,2,2,0,1761.8050000000003,2.0,2,0,1.0,6,22,410.0,0.4384088880022875,66.28408395269946,71.45267205250292,8.282733608109961,563.5418969725097,28239.627408993576,13642.312999999998,2020.7790000000005,2354.117,9267.416999999998,3314.0520000000006,10328.260999999997,24.29244952817019,2,1,1,1,0,37.0,33.0,40.0,0.0,0.0,0.0,0.0,1,1,1.0,0.0,0.0,0.0,0.0,0.0,0.0,0.0,0.0,1.0,4,0,2023,10,14,5,1,0,2,1,0,1,LEVE,0
3,2,6,2,2,4,-12.061784813699616,-77.13568562333947,0,3,7,1,2,2,2,0,6543.555,2.0,4,4,1.0,14,33,1198.0,0.5563774842369664,77.00938809632027,69.10246351364754,8.476961866273152,914.8835608305218,27932.19700214133,51.58600000000001,44.68700000000001,6.899000000000001,0.0,49.838000000000015,1.748,96.61148373589734,5,2,1,1,2,28.0,28.0,28.0,1.0,0.0,0.0,0.0,2,0,0.0,0.0,1.0,1.0,0.0,1.0,1.0,0.0,1.0,0.0,4,0,2021,4,17,5,1,1,2,1,0,0,GRAVE_LESIONADOS,1
3,1,15,0,4,2,-4.238342,-73.487453,0,4,0,1,2,2,2,2,6543.555,2.0,4,4,1.0,14,33,1198.0,0.578134350962316,72.90307998335238,55.49705098903474,10.509480811415798,1057.596132242517,149460.57173447538,1095.5949999999998,128.87099999999998,320.74700000000007,645.9769999999999,274.214,821.381,25.02877431897737,3,2,0,0,1,42.0,35.0,49.0,1.0,1.0,0.0,0.0,2,0,0.0,0.0,1.0,0.0,1.0,1.0,0.0,1.0,1.0,1.0,12,3,2022,8,21,6,1,1,1,1,0,1,LEVE,0
6,1,10,0,4,1,-13.529696,-76.183139,0,4,7,1,2,2,2,2,205.54999999999995,-1.0,2,0,1.0,13,31,15.0,0.575108675542622,80.48751485041296,69.97733945104977,8.91411717811534,891.3032819289404,12460.550321199144,3721.461,698.1859999999996,744.866,2278.409,1102.9029999999996,2618.558,29.636290693359403,1,1,0,0,0,49.0,49.0,49.0,1.0,0.0,0.0,0.0,1,0,0.0,0.0,0.0,1.0,1.0,0.0,0.0,1.0,1.0,1.0,10,1,2022,1,22,5,1,1,0,1,0,1,LEVE,0
0,1,20,0,4,1,-15.941882,-69.857224,0,4,7,1,2,2,2,4,7586.903,2.0,2,0,1.0,9,5,1198.0,0.2884525097354768,64.20597588940076,72.15764778998134,7.048790399873092,210.31224233114625,7037.970021413275,13642.312999999998,2020.7790000000005,2354.117,9267.416999999998,3314.0520000000006,10328.260999999997,24.29244952817019,2,1,0,1,0,55.0,55.0,55.0,1.0,0.0,0.0,0.0,1,0,0.0,0.0,1.0,0.0,0.0,0.0,1.0,0.0,0.0,0.0,22,2,2023,11,11,5,1,0,2,1,0,1,LEVE,0
6,1,13,0,4,1,-6.648391,-79.942871,0,4,7,1,2,2,2,0,6543.555,3.0,2,0,1.0,0,30,1475.0,0.5539280527450423,74.69452916859504,66.89728158703436,9.542777400516576,872.5509264417765,79617.09421841543,3459.691,515.0619999999999,689.7280000000001,2254.901,703.3549999999999,2756.336,20.329994788551925,1,1,0,0,0,54.0,54.0,54.0,1.0,0.0,0.0,0.0,1,0,0.0,0.0,0.0,1.0,1.0,0.0,0.0,1.0,1.0,1.0,6,1,2022,6,27,0,0,1,0,1,1,1,LEVE,0
1,1,16,0,4,1,-12.8771848139546,-70.0402617188448,6,5,6,2,6,2,2,0,3263.58,2.0,2,0,1.0,5,18,566.0,0.5847607793961872,74.2269863647676,56.54783510482739,8.321017414125608,1213.9031663194648,11048.877944325484,2090.391,399.431,340.021,1350.9389999999996,493.824,1596.5669999999996,23.62352306338862,2,1,1,1,0,37.0,33.0,40.0,1.0,0.0,0.0,0.0,1,1,1.0,1.0,0.0,0.0,0.0,0.0,1.0,1.0,1.0,0.0,3,0,2021,6,27,6,1,1,1,1,0,1,LEVE,0
3,2,7,0,4,1,-13.60728771674809,-71.75006585222444,2,0,7,1,2,0,1,2,7586.903,2.0,2,0,1.0,9,5,1198.0,0.4475472256372688,60.13165495576951,63.56521874336077,7.651720948254891,772.3586316120596,4267.871520342612,17779.13499998999,2097.3709999899997,2863.123,12818.640999999989,2878.713,14900.421999989989,16.19152450331032,4,2,0,0,2,39.0,29.0,49.0,1.0,0.0,0.0,1.0,2,0,0.0,1.0,0.0,1.0,0.0,1.0,1.0,0.0,0.0,0.0,15,3,2023,9,28,3,0,1,2,1,0,1,GRAVE_MORTALIDAD,2
3,1,7,0,4,1,-13.25104,-72.27744,0,4,7,1,2,2,2,2,3447.8009999999995,1.0,2,3,0.0,9,12,1109.0,0.4436910265814239,73.23231952981627,68.31759937357421,6.347812015893606,607.5963608103546,11277.284796573877,17779.13499998999,2097.3709999899997,2863.123,12818.640999999989,2878.713,14900.421999989989,16.19152450331032,3,2,0,0,1,41.0,34.0,48.0,1.0,1.0,0.0,0.0,2,0,0.0,0.0,1.0,1.0,1.0,0.0,1.0,0.0,1.0,0.0,0,0,2025,1,21,1,0,1,2,1,0,1,LEVE,0
6,1,7,0,4,1,-13.474206,-72.15724,0,4,7,0,2,1,0,2,7586.903,2.0,2,0,1.0,9,5,1198.0,0.4461630003962475,73.21502670801013,72.39928330950325,7.637017072327872,534.399353077353,18328.770877944324,17779.13499998999,2097.3709999899997,2863.123,12818.640999999989,2878.713,14900.421999989989,16.19152450331032,2,1,0,0,1,42.0,42.0,42.0,1.0,1.0,0.0,1.0,1,0,0.0,0.0,0.0,1.0,1.0,0.0,0.0,1.0,1.0,0.0,15,3,2021,4,6,1,0,0,2,1,0,1,LEVE,0
3,2,10,2,4,1,-13.676159,-76.15865,0,4,7,1,2,2,2,2,6639.975,2.0,2,0,1.0,9,31,1616.0,0.5723734005661165,76.14778354007997,72.53650205141851,9.107715991741182,922.4721268572972,24272.76659528908,3721.461,698.1859999999996,744.866,2278.409,1102.9029999999996,2618.558,29.636290693359403,7,2,0,0,5,28.0,23.0,33.0,1.0,0.0,0.0,1.0,2,0,0.0,0.0,1.0,1.0,0.0,1.0,1.0,0.0,0.0,0.0,1,0,2021,9,7,1,0,0,0,1,0,1,GRAVE_LESIONADOS,1
0,0,14,2,4,1,-11.985648529695183,-77.06467143077859,0,0,7,1,2,2,2,0,6543.555,3.0,2,0,1.0,0,30,1475.0,0.6853375063928137,80.04346891299102,76.32428568750537,8.817291636093138,1443.328322024431,217176.83083511775,7626.313,1683.4029999999998,1599.0829999999996,4343.827000000001,1814.875,5811.438000000001,23.797541485643197,2,1,0,1,0,30.0,30.0,30.0,1.0,0.0,0.0,1.0,1,0,0.0,1.0,0.0,0.0,0.0,0.0,1.0,0.0,0.0,0.0,5,0,2021,11,28,6,1,1,0,1,1,1,LEVE,0
1,1,14,2,2,4,-12.00466,-77.06125,0,2,7,1,2,2,2,0,6543.555,2.0,4,4,1.0,14,33,1198.0,0.6853375063928137,80.04346891299102,76.32428568750537,8.817291636093138,1443.328322024431,217176.83083511775,7626.313,1683.4029999999998,1599.0829999999996,4343.827000000001,1814.875,5811.438000000001,23.797541485643197,2,1,1,1,0,37.0,33.0,40.0,0.0,0.0,0.0,0.0,1,1,1.0,0.0,0.0,0.0,0.0,0.0,0.0,0.0,0.0,0.0,16,3,2021,3,16,1,0,1,0,1,0,1,LEVE,0
5,2,12,0,4,1,-8.405742,-78.826346,0,4,7,1,2,2,2,2,6543.555,3.0,2,0,1.0,0,30,1475.0,0.5051395598219868,77.13285387085847,51.52067479184955,6.715328807318118,900.900383457586,67612.41755888652,8931.828000000005,1335.5899999999997,1935.9830000000004,5660.255000000005,1219.309,7712.519000000005,13.651281686122925,4,3,1,0,1,39.0,37.0,41.0,1.0,0.0,0.0,0.0,3,1,1.0,0.0,0.0,1.0,1.0,1.0,0.0,1.0,1.0,1.0,23,2,2022,7,23,5,1,1,0,1,1,1,LEVE,0
6,1,18,0,4,1,-10.693849303700125,-76.23033818124274,0,4,7,1,2,2,2,2,1504.4250000000002,2.0,2,0,1.0,7,25,241.0,0.6193421604458235,76.39017950195935,80.49432651192377,11.494439166895754,957.3168975257496,31875.248394004284,3677.119863,564.5869999999999,910.845,2201.687863000001,590.8779999999998,3086.2418630000006,16.06904376290656,1,1,0,0,0,36.0,36.0,36.0,1.0,0.0,0.0,0.0,1,0,0.0,0.0,0.0,1.0,0.0,1.0,0.0,0.0,0.0,0.0,18,2,2022,11,19,5,1,1,2,1,0,1,LEVE,0
3,1,16,2,2,4,-12.587775,-69.19433,6,5,6,2,6,2,2,0,6543.555,2.0,4,4,1.0,14,33,1198.0,0.6331639735785386,72.20641129524063,67.6175404202189,10.029362591344883,1305.419538589062,88506.68094218415,2090.391,399.431,340.021,1350.9389999999996,493.824,1596.5669999999996,23.62352306338862,2,2,0,0,0,65.0,59.0,71.0,1.0,0.0,0.0,0.0,2,0,0.0,0.0,1.0,0.0,1.0,0.0,1.0,1.0,1.0,1.0,15,3,2022,9,20,1,0,1,1,1,0,1,LEVE,0
1,1,14,2,4,1,-12.041708479528856,-76.98714409229062,0,3,0,0,2,1,1,0,6543.555,3.0,2,0,1.0,0,30,1475.0,0.7347309224519117,80.70014842215761,76.47981423089655,10.519505095866096,1571.8150981252256,229834.5310492505,7626.313,1683.4029999999998,1599.0829999999996,4343.827000000001,1814.875,5811.438000000001,23.797541485643197,2,1,1,1,0,37.0,33.0,40.0,0.0,0.0,0.0,0.0,1,1,1.0,0.0,0.0,0.0,0.0,0.0,0.0,0.0,0.0,1.0,22,2,2024,11,17,6,1,1,0,1,1,1,LEVE,0
3,2,5,2,4,1,-5.677865,-78.780607,0,0,7,0,2,1,0,2,7758.33400008,2.0,2,0,1.0,9,20,2133.0,0.5803239946829384,74.49544278598792,68.33065356443184,8.733179344969395,1046.078117086984,102362.46895074946,15935.565011852366,1733.9250000199986,935.692,13265.948011832368,2000.1670000199988,13935.398011832369,12.551591352627522,3,2,0,0,1,29.0,26.0,32.0,1.0,0.0,0.0,1.0,2,0,0.0,0.0,0.0,1.0,1.0,0.0,1.0,0.0,1.0,0.0,6,1,2024,7,8,0,0,0,2,1,0,1,GRAVE_MORTALIDAD,2
0,2,19,2,2,4,-5.207741403829932,-80.62243398708206,0,0,1,1,2,2,2,2,6543.555,2.0,4,4,1.0,14,33,1198.0,0.6220812987247925,80.20155828147696,72.71675503872983,10.02377668600292,1028.915688621886,159840.92719486082,8965.846000060003,1782.4120000599992,636.9959999999999,6546.438000000004,2214.505000059999,6751.341000000004,24.699342371541725,4,2,0,2,0,40.0,27.0,53.0,1.0,1.0,1.0,1.0,2,0,0.0,0.0,1.0,1.0,0.0,1.0,1.0,0.0,0.0,0.0,6,1,2022,11,27,6,1,1,0,1,0,1,LEVE,0
3,2,4,2,4,1,-12.624625,-73.789154,0,4,0,1,7,0,1,6,3447.8009999999995,1.0,2,3,0.0,9,12,1109.0,0.4156295677470426,73.79465064787826,58.14841838060486,6.388914560556915,537.0367398887602,10571.86295503212,12678.733000000004,1805.074000000001,1774.0339999999994,9099.625000000004,2485.375000000001,10193.358000000002,19.602707936195205,6,2,0,0,4,39.0,30.0,48.0,1.0,1.0,0.0,1.0,2,0,0.0,1.0,0.0,1.0,1.0,0.0,1.0,1.0,1.0,0.0,1,0,2021,3,15,0,0,1,2,1,0,1,GRAVE_LESIONADOS,1
3,2,23,0,4,1,-3.611388481298515,-80.50967921464728,0,4,7,1,2,2,2,2,6543.555,3.0,2,0,1.0,0,30,1475.0,0.5691277377037675,76.83860361118322,66.3560753457607,8.686409348773196,962.153294603348,23971.755888650965,1009.101,138.47399999999996,287.471,583.156,276.972,732.129,27.447401201663663,3,2,0,0,1,46.5,31.0,62.0,1.0,1.0,0.0,1.0,2,0,0.0,0.0,0.0,1.0,1.0,0.0,0.0,0.0,1.0,1.0,18,2,2022,5,9,0,0,0,0,1,1,1,LEVE,0
1,1,3,2,4,1,-16.502306652317,-71.8270550699086,0,2,7,1,2,2,2,0,6639.975,2.0,2,0,1.0,9,31,1616.0,0.6105481451420971,78.10653088113892,68.35418098658066,8.411557426919764,1158.5430895193692,35025.678800856535,10322.272,1495.236,1749.739,7077.2970000000005,2886.595,7435.677000000001,27.964725207783708,2,1,1,1,0,37.0,33.0,40.0,0.0,0.0,0.0,0.0,1,1,1.0,0.0,0.0,0.0,0.0,0.0,0.0,0.0,0.0,1.0,2,0,2024,8,4,6,1,0,0,1,0,1,LEVE,0
3,1,24,0,4,1,-8.825774271866962,-75.05237634841907,0,4,7,1,2,2,2,2,7758.33400008,2.0,2,0,1.0,9,20,2133.0,0.4411290504512051,83.85372007145196,43.11969663952387,5.690064060146892,662.652378856777,4930.336208030472,2689.139,392.697,1311.5319999999997,984.91,261.598,2427.541,9.727946379863592,5,2,0,3,0,29.0,29.0,29.0,1.0,0.0,0.0,0.0,2,0,0.0,0.0,1.0,1.0,1.0,1.0,0.0,0.0,1.0,1.0,22,2,2024,6,8,5,1,0,1,1,0,1,LEVE,0
3,2,19,2,4,1,-5.1777574,-80.669671,0,0,7,1,2,2,2,2,6543.555,3.0,2,0,1.0,0,30,1475.0,0.5997462042553465,78.40793944726823,72.26811532412637,9.714064362322326,976.3169831713308,183875.0,8965.846000060003,1782.4120000599992,636.9959999999999,6546.438000000004,2214.505000059999,6751.341000000004,24.699342371541725,2,2,0,0,0,43.5,41.0,46.0,1.0,1.0,1.0,1.0,2,0,0.0,1.0,0.0,1.0,1.0,0.0,1.0,1.0,1.0,0.0,20,2,2023,6,19,0,0,1,0,1,1,1,LEVE,0
1,1,11,2,4,1,-11.789064,-75.477722,0,4,7,1,2,2,2,0,7586.903,2.0,2,0,1.0,9,5,1198.0,0.5443215482140402,74.6614050586334,74.4966564234059,9.102229116325251,811.0037264425225,3048.115631691649,12264.545,1826.4639999999995,1105.5389999999998,9332.542,1588.5359999999996,10676.009,12.952261987705208,2,1,1,1,0,37.0,33.0,40.0,0.0,0.0,0.0,0.0,1,1,1.0,0.0,0.0,0.0,0.0,0.0,0.0,0.0,0.0,1.0,6,1,2023,7,31,0,0,1,2,1,0,1,LEVE,0
10,1,14,2,2,4,-11.90580642356984,-77.04292197271546,0,0,7,1,2,2,2,0,6543.555,2.0,4,4,1.0,14,33,1198.0,0.7218926988400113,80.0902077245261,77.9581888264889,10.971588327733102,1458.3206086290393,530000.3426124197,7626.313,1683.4029999999998,1599.0829999999996,4343.827000000001,1814.875,5811.438000000001,23.797541485643197,2,1,1,0,1,37.0,33.0,40.0,0.0,0.0,0.0,0.0,1,1,1.0,0.0,1.0,0.0,1.0,0.0,0.0,0.0,0.0,1.0,10,1,2022,8,14,6,1,0,0,1,0,1,LEVE,0
3,3,20,0,4,1,-15.40756,-70.0659119,0,4,7,1,2,2,2,2,1762.84,2.0,1,0,0.0,9,32,485.0,0.2399049659709538,73.66748174046536,65.59496565670392,5.108032967220759,142.3423295419015,4818.295503211992,13642.312999999998,2020.7790000000005,2354.117,9267.416999999998,3314.0520000000006,10328.260999999997,24.29244952817019,21,3,0,0,18,38.0,36.0,42.0,1.0,0.0,0.0,1.0,3,0,0.0,1.0,1.0,0.0,0.0,0.0,1.0,0.0,1.0,1.0,22,2,2021,12,12,6,1,0,2,1,0,1,GRAVE_MORTALIDAD,2
3,1,13,0,4,1,-6.5401119,-79.8654315,0,4,7,1,2,2,2,0,1305.18,2.0,2,0,1.0,1,20,163.0,0.4530607633213016,76.60203660440479,57.768100495203775,6.835929280138066,623.8856963091697,18730.47537473233,3459.691,515.0619999999999,689.7280000000001,2254.901,703.3549999999999,2756.336,20.329994788551925,3,3,0,0,0,52.66666666666666,40.0,65.0,1.0,0.0,0.0,0.0,3,0,0.0,0.0,1.0,1.0,1.0,0.0,1.0,1.0,0.0,1.0,17,3,2023,3,20,0,0,1,0,1,0,1,LEVE,0
1,1,20,0,4,0,-15.620742045578927,-69.83510993607737,0,4,7,1,2,2,2,4,6543.555,2.0,4,4,1.0,14,33,1198.0,0.2340843824111472,70.52898898013444,62.87432375980422,4.224552350027807,162.17132958234427,9524.6573875803,13642.312999999998,2020.7790000000005,2354.117,9267.416999999998,3314.0520000000006,10328.260999999997,24.29244952817019,2,1,1,1,0,37.0,33.0,40.0,0.0,0.0,0.0,0.0,1,1,1.0,0.0,0.0,0.0,0.0,0.0,0.0,0.0,0.0,1.0,8,1,2024,2,16,4,0,1,2,1,0,1,LEVE,0
3,2,12,0,4,1,-7.8757739884,-79.1322128472,0,4,7,1,2,2,2,5,6543.555,3.0,2,0,1.0,0,30,1475.0,0.5721567587688113,77.67102283812494,66.21373667954742,8.464777379360486,978.4498488219192,15563.077087794432,8931.828000000005,1335.5899999999997,1935.9830000000004,5660.255000000005,1219.309,7712.519000000005,13.651281686122925,4,2,0,2,0,55.5,38.0,73.0,1.0,0.0,0.0,0.0,2,0,0.0,1.0,0.0,1.0,0.0,1.0,1.0,0.0,1.0,0.0,13,3,2024,3,24,6,1,1,0,1,1,1,GRAVE_MORTALIDAD,2
3,2,3,0,4,1,-16.058517,-71.355349,0,4,7,0,2,0,1,0,1504.4250000000002,2.0,2,0,1.0,7,25,241.0,0.4685280505645348,81.83746865987648,70.74305753660312,6.037751599761188,617.4715908037651,1751.8736616702354,10322.272,1495.236,1749.739,7077.2970000000005,2886.595,7435.677000000001,27.964725207783708,9,2,0,0,7,51.0,46.0,56.0,1.0,0.0,0.0,0.0,2,0,0.0,1.0,1.0,0.0,0.0,0.0,1.0,0.0,0.0,0.0,20,2,2022,1,22,5,1,1,0,1,0,1,GRAVE_MORTALIDAD,2
6,1,9,2,4,2,-9.297458,-76.007617,0,3,0,1,4,2,2,0,6543.555,2.0,4,4,1.0,14,33,1198.0,0.5694431606317135,72.41168816179938,63.20442727209492,8.663916362353174,1077.1214349169788,13147.148273155108,8209.057,1333.4779999999996,791.9770000000001,6083.602,1059.8589999999997,7149.198,12.910849565303296,1,1,0,0,0,27.0,27.0,27.0,1.0,0.0,0.0,0.0,1,0,0.0,0.0,0.0,1.0,1.0,0.0,0.0,0.0,0.0,0.0,6,1,2022,9,18,6,1,1,2,1,0,1,LEVE,0
3,1,15,2,4,1,-3.7437743,-73.2424293,0,0,7,1,2,2,2,2,940.74300002,-1.0,3,1,0.0,9,32,41.0,0.6598204400488458,74.39325093062702,69.69813044898703,12.74033149882924,1208.8057293272177,145540.50535331905,1095.5949999999998,128.87099999999998,320.74700000000007,645.9769999999999,274.214,821.381,25.02877431897737,3,2,0,0,1,30.0,30.0,30.0,1.0,1.0,0.0,0.0,2,1,1.0,0.0,0.0,1.0,1.0,0.0,0.0,1.0,1.0,1.0,14,3,2022,10,20,3,0,1,1,1,0,1,LEVE,0
0,1,10,2,4,1,-14.2751579,-75.6835892,0,4,7,1,2,2,2,0,6639.975,2.0,2,0,1.0,9,31,1616.0,0.6261042306271147,80.48505954362174,76.55712631348362,9.341715591523595,1061.002261282891,31419.372591006424,3721.461,698.1859999999996,744.866,2278.409,1102.9029999999996,2618.558,29.636290693359403,2,1,0,1,0,32.0,32.0,32.0,1.0,0.0,0.0,0.0,1,0,0.0,0.0,0.0,1.0,0.0,1.0,0.0,0.0,1.0,0.0,20,2,2024,7,11,3,0,0,0,1,0,1,LEVE,0
6,1,20,0,4,1,-13.2086247,-70.3664761,0,4,7,1,2,2,2,2,1761.8050000000003,2.0,2,0,1.0,6,22,410.0,0.38164453867226,66.41201008405402,69.23578094142847,5.847071191103413,481.9176140466285,12276.920770877943,13642.312999999998,2020.7790000000005,2354.117,9267.416999999998,3314.0520000000006,10328.260999999997,24.29244952817019,2,1,0,0,1,24.0,24.0,24.0,1.0,1.0,0.0,0.0,1,0,0.0,0.0,0.0,1.0,1.0,0.0,0.0,1.0,1.0,1.0,19,2,2024,1,19,4,0,1,2,1,0,1,LEVE,0
0,1,10,0,4,1,-13.458554,-76.136397,6,5,6,2,6,2,2,0,6639.975,2.0,2,0,1.0,9,31,1616.0,0.575108675542622,80.48751485041296,69.97733945104977,8.91411717811534,891.3032819289404,12460.550321199144,3721.461,698.1859999999996,744.866,2278.409,1102.9029999999996,2618.558,29.636290693359403,1,0,0,1,0,37.0,33.0,40.0,1.0,0.0,0.0,0.0,1,0,0.0,0.0,0.0,1.0,0.0,1.0,0.0,0.0,0.0,0.0,0,0,2024,12,30,0,0,1,0,1,0,1,LEVE,0
1,0,20,2,2,4,-15.525459,-70.118926,0,2,7,1,2,2,2,0,6543.555,2.0,4,4,1.0,14,33,1198.0,0.5759734352119,73.55929462493827,78.89306383943827,10.174966342239475,888.1716010638444,232834.39603082248,13642.312999999998,2020.7790000000005,2354.117,9267.416999999998,3314.0520000000006,10328.260999999997,24.29244952817019,2,1,1,1,0,37.0,33.0,40.0,0.0,0.0,0.0,0.0,1,1,1.0,0.0,0.0,0.0,0.0,0.0,0.0,0.0,0.0,1.0,21,2,2023,11,10,4,0,0,2,1,0,1,LEVE,0
6,1,3,2,4,0,-16.47925,-71.52575,0,3,0,1,2,2,2,0,6543.555,2.0,4,4,1.0,14,33,1198.0,0.6667517543391563,77.72519918989518,79.84779472154914,11.061117097797226,1187.188317676406,87112.27408993576,10322.272,1495.236,1749.739,7077.2970000000005,2886.595,7435.677000000001,27.964725207783708,1,1,0,0,0,32.0,32.0,32.0,1.0,1.0,0.0,0.0,1,0,0.0,0.0,0.0,1.0,1.0,0.0,0.0,1.0,1.0,1.0,22,2,2025,3,2,6,1,0,0,1,0,1,LEVE,0
6,1,9,0,4,2,-9.759239069455564,-76.21615077111132,0,4,0,0,1,2,2,2,6543.555,2.0,4,4,1.0,14,33,1198.0,0.1985758242270937,77.55714392657784,34.95706096213289,2.03851168355126,322.5659269507394,24762.20985010707,8209.057,1333.4779999999996,791.9770000000001,6083.602,1059.8589999999997,7149.198,12.910849565303296,3,1,0,0,2,27.0,27.0,27.0,1.0,0.0,0.0,1.0,1,0,0.0,0.0,0.0,1.0,0.0,1.0,0.0,1.0,1.0,0.0,21,2,2022,9,24,5,1,1,2,1,0,1,GRAVE_MORTALIDAD,2