CLASE SINIESTRO,CANTIDAD DE VEHICULOS DAÑADOS,DEPARTAMENTO,ZONA,TIPO DE VÍA,RED VIAL,COORDENADAS LATITUD,COORDENADAS  LONGITUD,CONDICIÓN CLIMÁTICA,ZONIFICACIÓN,CARACTERÍSTICAS DE VÍA,PERFIL LONGITUDINAL VÍA,SUPERFICIE DE CALZADA,¿EXISTE SEÑAL VERTICAL?,¿EXISTE SEÑAL HORIZONTAL?,CAUSA FACTOR PRINCIPAL,MTC_RVN_LONGITUD_KM,MTC_RVN_N_CARRILES_MEDIANA,MTC_RVN_SUPERFICIE_DOMINANTE,MTC_RVN_ESTADO_DOMINANTE,MTC_RVN_ES_CONCESIONADA,MTC_RVN_CONCESION_PRINCIPAL,MTC_RVN_CORREDOR_LOGISTICO,MTC_RVN_N_TRAMOS,IDH_2019,IDH_ESP_VIDA_2019,IDH_EDUC_SECUND_PCT_2019,IDH_ANIOS_EDUC_2019,IDH_INGRESO_PERCAP_2019,IDH_POBLACION_2019,MTC_DEP_RED_TOTAL_KM,MTC_DEP_NACIONAL_TOTAL_KM,MTC_DEP_DEPARTAMENTAL_TOTAL_KM,MTC_DEP_VECINAL_TOTAL_KM,MTC_DEP_PAV_TOTAL_KM,MTC_DEP_NO_PAV_TOTAL_KM,MTC_DEP_PCT_PAVIMENTADA,PER_TOTAL_PERSONAS,PER_N_CONDUCTORES,PER_N_CONDUCTORES_FUGADOS,PER_N_PEATONES,PER_N_PASAJEROS_OCUPANTES,PER_EDAD_COND_PROM,PER_EDAD_COND_MIN,PER_EDAD_COND_MAX,PER_ANY_COND_MASCULINO,PER_ANY_LIC_PROBLEMA,PER_ANY_DOSAJE_POS,PER_ANY_DOSAJE_EVALUADO,VEH_TOTAL,VEH_N_FUGADOS,VEH_ANY_FUGADO,VEH_ANY_CARGA,VEH_ANY_PUBLICO,VEH_ANY_PARTICULAR,VEH_ANY_MOTO,VEH_ANY_AUTO,VEH_ANY_CAMION_BUS,VEH_ANY_SOAT_PROBLEMA,VEH_ANY_CITV_PROBLEMA,VEH_ANY_SEGURO_PROBLEMA,HORA_NUM,FRANJA_HORARIA,ANIO,MES,DIA_MES,DIA_SEMANA,ES_FIN_SEMANA,ES_QUINCENA,REGION_NATURAL,TIENE_SEÑALIZACION,ES_VIA_MULTICARRIL,ES_DEPTO_BAJO_PAVIMENTO,CATEGORIA_SEVERIDAD,CATEGORIA_SEVERIDAD_ENC
6,1,11,0,4,1,-11.35362532943492,-75.66239113005282,6,5,6,2,6,2,2,0,600.0300000000001,2.0,2,0,0.0,9,8,178.0,0.419982242220359,73.154191032549,65.52995513134624,7.228364581644509,489.58656786541536,11237.997858672376,12264.545,1826.4639999999995,1105.5389999999998,9332.542,1588.5359999999996,10676.009,12.952261987705208,1,1,0,0,0,26.0,26.0,26.0,1.0,0.0,0.0,0.0,1,0,0.0,0.0,0.0,1.0,1.0,0.0,0.0,0.0,1.0,0.0,11,1,2022,1,20,3,0,1,2,1,0,1,LEVE,0
5,1,23,2,3,4,-3.5620950299953624,-80.45761222849363,0,3,7,1,4,2,2,2,6543.555,2.0,4,4,1.0,14,33,1198.0,0.6025111043634478,77.63758231637303,72.22144062196868,9.79150322507506,998.9716590818762,109744.95931477516,1009.101,138.47399999999996,287.471,583.156,276.972,732.129,27.447401201663663,3,2,1,0,1,80.0,80.0,80.0,1.0,0.0,0.0,0.0,2,1,1.0,0.0,1.0,0.0,1.0,0.0,0.0,1.0,1.0,1.0,14,3,2025,1,1,2,0,0,0,1,0,1,LEVE,0
3,2,13,0,4,1,-6.092057,-79.702956,0,4,7,1,2,2,2,0,1305.18,2.0,2,0,1.0,1,20,163.0,0.4974674218418852,75.93907983080418,58.3357972839862,7.69595447676265,761.2908213145297,28734.96573875803,3459.691,515.0619999999999,689.7280000000001,2254.901,703.3549999999999,2756.336,20.329994788551925,2,2,0,0,0,48.5,30.0,67.0,1.0,1.0,0.0,1.0,2,0,0.0,0.0,1.0,1.0,0.0,0.0,1.0,1.0,1.0,1.0,19,2,2022,9,15,3,0,1,0,1,0,1,LEVE,0
6,1,7,0,4,0,-13.2786957,-72.6506313,0,4,0,0,1,2,2,2,6543.555,2.0,4,4,1.0,14,33,1198.0,0.4183383728297812,76.39884073986579,59.363988970978056,6.559125700034828,507.29897716596827,5045.957173447538,17779.13499998999,2097.3709999899997,2863.123,12818.640999999989,2878.713,14900.421999989989,16.19152450331032,1,1,0,0,0,57.0,57.0,57.0,1.0,0.0,0.0,0.0,1,0,0.0,0.0,0.0,1.0,1.0,0.0,0.0,1.0,1.0,1.0,15,3,2022,7,20,2,0,1,2,1,0,1,LEVE,0
3,1,14,0,4,1,-11.801137,-77.138089,0,4,7,1,2,2,2,0,6543.555,3.0,2,0,1.0,0,30,1475.0,0.6688889885290078,77.65971620762488,72.11797581870952,9.343568875150348,1392.9562465448405,54956.252676659526,7626.313,1683.4029999999998,1599.0829999999996,4343.827000000001,1814.875,5811.438000000001,23.797541485643197,4,2,0,0,2,41.5,34.0,49.0,1.0,0.0,0.0,0.0,2,0,0.0,1.0,0.0,1.0,0.0,1.0,1.0,0.0,0.0,0.0,3,0,2025,2,24,0,0,1,0,1,1,1,GRAVE_MORTALIDAD,2
6,1,5,0,4,2,-7.477163,-78.426502,0,3,0,0,2,2,2,2,6543.555,2.0,4,4,1.0,14,33,1198.0,0.1913741190087475,72.16457305341952,25.12503806840365,3.650270193694703,156.4717005457997,6877.021413276232,15935.565011852366,1733.9250000199986,935.692,13265.948011832368,2000.1670000199988,13935.398011832369,12.551591352627522,1,1,0,0,0,30.0,30.0,30.0,1.0,1.0,1.0,1.0,1,0,0.0,0.0,0.0,1.0,0.0,0.0,1.0,0.0,0.0,0.0,10,1,2023,10,23,0,0,1,2,1,0,1,LEVE,0
5,1,0,0,4,1,-4.978891167603997,-78.22605997323991,0,4,7,1,2,2,2,0,1432.285,1.0,1,3,0.0,9,0,277.0,0.2980892411125469,73.06586348789934,31.29571856943457,5.810510016062545,309.1398906442124,23141.721627408995,3903.732,1155.121,585.018,2163.5930000000003,943.591,2960.1410000000005,24.17151074920102,2,2,1,0,0,56.0,41.0,71.0,1.0,1.0,0.0,0.0,2,1,1.0,0.0,0.0,1.0,1.0,0.0,1.0,1.0,1.0,1.0,12,3,2022,11,7,0,0,0,1,1,0,1,LEVE,0
6,1,1,0,4,1,-8.564146651819044,-77.63079332757098,5,4,7,0,1,1,1,0,1703.219,1.0,0,3,0.0,9,28,247.0,0.2235535999263506,73.45839458409556,45.37993605623589,4.103256000117067,160.68553039031255,2516.8950749464666,10767.648,1885.0630000000003,1222.721,7659.864000000001,2100.343,8667.305000000002,19.506051832303577,27,1,0,0,26,45.0,45.0,45.0,1.0,0.0,0.0,0.0,1,0,0.0,0.0,1.0,0.0,0.0,0.0,1.0,1.0,0.0,0.0,16,3,2022,5,14,5,1,0,0,1,0,1,GRAVE_MORTALIDAD,2
0,1,14,2,3,4,-12.0927908062141,-77.03143804755321,0,3,1,1,2,2,2,2,6543.555,2.0,4,4,1.0,14,33,1198.0,0.7888324174847985,80.35414029442592,78.47021861578261,13.858205769646707,1641.6552926623544,53212.44111349037,7626.313,1683.4029999999998,1599.0829999999996,4343.827000000001,1814.875,5811.438000000001,23.797541485643197,2,1,0,1,0,26.0,26.0,26.0,1.0,0.0,0.0,0.0,1,0,0.0,0.0,0.0,1.0,0.0,0.0,1.0,0.0,0.0,0.0,14,3,2024,2,8,3,0,0,0,1,0,1,LEVE,0
3,2,12,0,4,1,-8.409816,-78.809919,0,4,7,1,2,2,2,0,6543.555,3.0,2,0,1.0,0,30,1475.0,0.5051395598219868,77.13285387085847,51.52067479184955,6.715328807318118,900.900383457586,67612.41755888652,8931.828000000005,1335.5899999999997,1935.9830000000004,5660.255000000005,1219.309,7712.519000000005,13.651281686122925,2,2,0,0,0,23.0,16.0,30.0,1.0,1.0,0.0,0.0,2,0,0.0,0.0,0.0,1.0,1.0,1.0,0.0,0.0,1.0,0.0,1,0,2023,10,15,6,1,1,0,1,1,1,LEVE,0
0,1,3,2,4,1,-16.382368,-71.577284,0,0,7,0,2,2,2,0,1504.4250000000002,2.0,2,0,1.0,7,25,241.0,0.6411767862503931,77.2408324916572,78.204125011303,10.595705083047717,1107.223861768016,193412.3169164882,10322.272,1495.236,1749.739,7077.2970000000005,2886.595,7435.677000000001,27.964725207783708,2,1,0,1,0,74.0,74.0,74.0,1.0,0.0,0.0,0.0,1,0,0.0,0.0,0.0,0.0,0.0,0.0,1.0,0.0,0.0,0.0,21,2,2022,2,20,6,1,1,0,1,0,1,LEVE,0
0,1,1,0,4,1,-9.161346,-78.495372,0,4,7,1,2,1,1,0,6543.555,3.0,2,0,1.0,0,30,1475.0,0.6459598096056908,78.63908715089502,73.94922643905556,10.615650526897664,1131.8657131941532,175440.59743040687,10767.648,1885.0630000000003,1222.721,7659.864000000001,2100.343,8667.305000000002,19.506051832303577,2,1,0,1,0,58.0,58.0,58.0,1.0,0.0,0.0,1.0,1,0,0.0,0.0,0.0,1.0,0.0,0.0,1.0,0.0,0.0,0.0,22,2,2023,5,6,5,1,0,0,1,1,1,LEVE,0
0,1,13,0,4,1,-6.14817101787074,-79.7156908860278,0,4,7,1,2,2,2,0,6543.555,3.0,2,0,1.0,0,30,1475.0,0.4974674218418852,75.93907983080418,58.3357972839862,7.69595447676265,761.2908213145297,28734.96573875803,3459.691,515.0619999999999,689.7280000000001,2254.901,703.3549999999999,2756.336,20.329994788551925,2,1,0,1,0,63.0,63.0,63.0,1.0,0.0,0.0,0.0,1,0,0.0,0.0,0.0,1.0,0.0,0.0,1.0,0.0,0.0,0.0,9,1,2022,7,1,4,0,0,0,1,1,1,LEVE,0
6,1,2,0,4,0,-14.20255817645848,-73.13044804455083,0,4,4,0,1,2,2,2,6543.555,2.0,4,4,1.0,14,33,1198.0,0.3539062886233517,63.66408427947245,76.28643910278069,6.396089177142039,376.2334221944466,1009.4432548179872,8358.971,1282.451,1298.0969999999998,5778.423,1432.683,6926.288,17.139466089785454,2,1,0,0,1,34.0,34.0,34.0,1.0,0.0,0.0,0.0,1,0,0.0,0.0,0.0,1.0,0.0,1.0,0.0,0.0,0.0,0.0,18,2,2021,2,8,0,0,0,2,1,0,1,GRAVE_MORTALIDAD,2
5,1,20,0,4,0,-16.2880844058182,-69.2259101218504,6,5,6,2,6,2,2,2,6543.555,2.0,4,4,1.0,14,33,1198.0,0.3165090894545869,72.969641049674,69.1278394147308,6.0160374778788,250.7872170233644,13778.516059957172,13642.312999999998,2020.7790000000005,2354.117,9267.416999999998,3314.0520000000006,10328.260999999997,24.29244952817019,3,2,1,0,1,38.0,38.0,38.0,1.0,0.0,0.0,0.0,2,1,1.0,0.0,0.0,1.0,0.0,1.0,0.0,0.0,0.0,1.0,21,2,2023,11,22,2,0,1,2,1,0,1,LEVE,0
6,1,11,2,4,1,-11.530042812309487,-75.89507774491513,0,0,7,1,2,0,1,2,7586.903,2.0,2,0,1.0,9,5,1198.0,0.6211711217784234,75.51508523355102,70.90101252241288,10.049671623026311,1128.403546167389,8996.89721627409,12264.545,1826.4639999999995,1105.5389999999998,9332.542,1588.5359999999996,10676.009,12.952261987705208,4,1,0,0,3,52.0,52.0,52.0,1.0,0.0,0.0,1.0,1,0,0.0,0.0,0.0,1.0,0.0,0.0,1.0,0.0,0.0,0.0,17,3,2022,7,23,5,1,1,2,1,0,1,LEVE,0
6,1,5,0,4,2,-6.6888736,-78.91984762,0,4,7,1,1,2,2,0,6543.555,2.0,4,4,1.0,14,33,1198.0,0.2520922951813849,71.15916123881034,58.43173386485664,4.236536481038662,197.1146670521341,1541.0985010706638,15935.565011852366,1733.9250000199986,935.692,13265.948011832368,2000.1670000199988,13935.398011832369,12.551591352627522,2,1,0,0,1,19.0,19.0,19.0,1.0,1.0,0.0,0.0,1,0,0.0,0.0,0.0,0.0,0.0,0.0,0.0,1.0,0.0,1.0,15,3,2022,6,15,2,0,1,2,1,0,1,LEVE,0
3,2,12,0,4,1,-8.588582,-78.668333,0,4,7,1,2,2,2,2,6543.555,3.0,2,0,1.0,0,30,1475.0,0.4971504606547645,77.79759708660042,46.44666297237219,6.322206801902116,929.9716106661404,44368.59100642397,8931.828000000005,1335.5899999999997,1935.9830000000004,5660.255000000005,1219.309,7712.519000000005,13.651281686122925,3,2,0,0,1,62.5,62.0,63.0,1.0,0.0,0.0,0.0,2,0,0.0,1.0,0.0,1.0,0.0,1.0,1.0,0.0,0.0,0.0,12,3,2023,5,2,1,0,0,0,1,1,1,LEVE,0
0,1,22,2,2,4,-18.087781,-70.277099,0,3,7,1,2,2,2,4,6543.555,2.0,4,4,1.0,14,33,1198.0,0.5563774842369664,77.00938809632027,69.10246351364754,8.476961866273152,914.8835608305218,27932.19700214133,2650.572,630.6729999999998,487.3610000000001,1532.5379999999998,1068.7019999999998,1581.87,40.31967439480987,2,1,0,1,0,37.0,37.0,37.0,1.0,0.0,0.0,1.0,1,0,0.0,1.0,0.0,0.0,0.0,0.0,1.0,0.0,0.0,0.0,20,2,2023,1,21,5,1,1,0,1,0,1,LEVE,0
1,1,14,2,4,1,-12.040106536581677,-77.01654726379101,0,2,7,1,2,2,2,0,6543.555,3.0,2,0,1.0,0,30,1475.0,0.7300036506368504,80.21724456394445,75.11639588359114,10.636845733066124,1559.041185521695,156759.78800856532,7626.313,1683.4029999999998,1599.0829999999996,4343.827000000001,1814.875,5811.438000000001,23.797541485643197,2,1,1,1,0,37.0,33.0,40.0,0.0,0.0,0.0,0.0,1,1,1.0,0.0,0.0,0.0,0.0,0.0,0.0,0.0,0.0,1.0,2,0,2022,2,12,5,1,0,0,1,1,1,LEVE,0
1,1,20,0,4,1,-15.857428010436852,-69.95893651961683,0,4,7,1,2,2,2,0,7586.903,2.0,2,0,1.0,9,5,1198.0,0.6488901960567479,69.67312345830231,82.12448375199249,11.701623814093702,1230.336353415943,144745.3597430407,13642.312999999998,2020.7790000000005,2354.117,9267.416999999998,3314.0520000000006,10328.260999999997,24.29244952817019,2,1,1,1,0,37.0,33.0,40.0,0.0,0.0,0.0,0.0,1,1,1.0,0.0,0.0,0.0,0.0,0.0,0.0,0.0,0.0,1.0,21,2,2021,8,29,6,1,1,2,1,0,1,LEVE,0
6,1,20,0,4,1,-16.469139345772156,-69.12946874617933,0,4,7,1,2,2,2,2,7586.903,2.0,2,0,1.0,9,5,1198.0,0.2394362064959017,73.4288503002124,62.51290199484375,6.018616845068367,132.27646614855612,17422.250535331903,13642.312999999998,2020.7790000000005,2354.117,9267.416999999998,3314.0520000000006,10328.260999999997,24.29244952817019,2,1,0,0,1,50.0,50.0,50.0,1.0,0.0,0.0,0.0,1,0,0.0,0.0,0.0,1.0,0.0,1.0,0.0,0.0,0.0,0.0,12,3,2024,3,29,4,0,1,2,1,0,1,LEVE,0
6,1,7,0,4,1,-14.117843,-71.415313,0,4,7,1,2,2,2,2,7586.903,2.0,2,0,1.0,9,5,1198.0,0.4337173562104641,75.15065004139942,79.9974723492709,7.143524482711378,473.5348889931674,5193.304068522484,17779.13499998999,2097.3709999899997,2863.123,12818.640999999989,2878.713,14900.421999989989,16.19152450331032,1,1,0,0,0,23.0,23.0,23.0,1.0,0.0,0.0,1.0,1,0,0.0,0.0,0.0,0.0,0.0,1.0,0.0,1.0,1.0,1.0,11,1,2025,6,12,3,0,0,2,1,0,1,LEVE,0
6,1,7,0,4,0,-13.031013,-71.980191,5,4,0,0,1,2,2,2,6543.555,2.0,4,4,1.0,14,33,1198.0,0.2310138329166804,69.70483973976968,39.26079785509049,3.4363371208003386,226.75902356837,5501.668094218416,17779.13499998999,2097.3709999899997,2863.123,12818.640999999989,2878.713,14900.421999989989,16.19152450331032,2,1,0,0,1,48.0,48.0,48.0,1.0,0.0,0.0,0.0,1,0,0.0,0.0,0.0,1.0,0.0,0.0,1.0,0.0,0.0,0.0,22,2,2022,5,24,1,0,1,2,1,0,1,LEVE,0
3,3,10,0,4,0,-14.537617,-75.162942,0,4,0,0,2,1,1,2,6543.555,2.0,4,4,1.0,14,33,1198.0,0.6181901975175671,81.11121526884828,81.4570999718351,9.588458879563897,966.6199420714054,6820.845824411133,3721.461,698.1859999999996,744.866,2278.409,1102.9029999999996,2618.558,29.636290693359403,3,3,0,0,0,38.66666666666666,17.0,54.0,1.0,1.0,0.0,1.0,3,0,0.0,1.0,0.0,1.0,1.0,0.0,1.0,1.0,1.0,1.0,19,2,2022,5,25,2,0,1,0,1,0,1,LEVE,0
6,1,5,0,4,2,-6.96627210365765,-78.8607985700216,0,4,7,0,1,2,2,2,6543.555,2.0,4,4,1.0,14,33,1198.0,0.327142204489962,73.98103161924774,65.22325444688177,4.394036024258121,341.2703198409906,3999.7494646680943,15935.565011852366,1733.9250000199986,935.692,13265.948011832368,2000.1670000199988,13935.398011832369,12.551591352627522,2,1,0,0,1,44.0,44.0,44.0,1.0,0.0,0.0,1.0,1,0,0.0,0.0,0.0,1.0,0.0,1.0,0.0,0.0,1.0,0.0,9,1,2024,11,28,3,0,1,2,1,0,1,GRAVE_MORTALIDAD,2
0,1,12,2,4,1,-8.146174,-79.046022,0,0,7,1,2,2,2,4,6543.555,3.0,2,0,1.0,0,30,1475.0,0.7531641124604342,80.00312647864715,76.99495003849329,11.742569192588208,1599.6362666139996,66889.78372591006,8931.828000000005,1335.5899999999997,1935.9830000000004,5660.255000000005,1219.309,7712.519000000005,13.651281686122925,2,1,0,1,0,15.0,15.0,15.0,1.0,1.0,0.0,0.0,1,0,0.0,0.0,0.0,1.0,0.0,1.0,0.0,0.0,1.0,0.0,20,2,2023,6,2,4,0,0,0,1,1,1,LEVE,0
6,1,7,0,4,2,-13.424269,-72.02432569,0,4,0,0,1,2,2,0,6543.555,2.0,4,4,1.0,14,33,1198.0,0.3939222756340638,77.11787360879592,77.77975305679978,6.95786541855111,361.3540414045659,10093.05995717345,17779.13499998999,2097.3709999899997,2863.123,12818.640999999989,2878.713,14900.421999989989,16.19152450331032,1,1,0,0,0,30.0,30.0,30.0,0.0,0.0,0.0,0.0,1,0,0.0,0.0,0.0,0.0,0.0,0.0,0.0,1.0,1.0,1.0,14,3,2023,11,14,1,0,0,2,1,0,1,LEVE,0
3,2,11,0,4,2,-11.2757786,-76.4418053,3,4,0,0,2,1,0,2,6543.555,2.0,4,4,1.0,14,33,1198.0,0.5563774842369664,77.00938809632027,69.10246351364754,8.476961866273152,914.8835608305218,27932.19700214133,12264.545,1826.4639999999995,1105.5389999999998,9332.542,1588.5359999999996,10676.009,12.952261987705208,3,2,0,0,1,51.0,36.0,66.0,1.0,0.0,0.0,0.0,2,0,0.0,1.0,0.0,0.0,1.0,0.0,1.0,0.0,1.0,0.0,17,3,2023,2,2,3,0,0,2,1,0,1,LEVE,0
4,1,19,0,4,2,-4.907168007108716,-80.63694425970394,0,4,2,1,1,2,2,2,6543.555,2.0,4,4,1.0,14,33,1198.0,0.5657000696312142,79.93504063107561,71.14438533384025,9.31841991972829,829.1233898514824,181599.8115631692,8965.846000060003,1782.4120000599992,636.9959999999999,6546.438000000004,2214.505000059999,6751.341000000004,24.699342371541725,1,1,0,0,0,29.0,29.0,29.0,1.0,0.0,0.0,0.0,1,0,0.0,0.0,0.0,1.0,0.0,0.0,1.0,1.0,1.0,1.0,11,1,2022,12,30,4,0,1,0,1,0,1,LEVE,0
0,1,20,0,4,1,-15.088072,-69.817338,0,4,7,1,2,2,2,4,1762.84,2.0,1,0,0.0,9,32,485.0,0.4032210196156518,69.57344393979501,70.66462432904875,7.051546041958483,460.5210312161111,14743.678800856533,13642.312999999998,2020.7790000000005,2354.117,9267.416999999998,3314.0520000000006,10328.260999999997,24.29244952817019,2,1,0,1,0,28.0,28.0,28.0,1.0,0.0,0.0,0.0,1,0,0.0,0.0,0.0,1.0,0.0,1.0,0.0,0.0,0.0,0.0,9,1,2023,8,6,6,1,0,2,1,0,1,LEVE,0
6,1,12,0,4,1,-8.6964019,-78.637656,0,4,7,1,2,2,2,2,6543.555,3.0,2,0,1.0,0,30,1475.0,0.4971504606547645,77.79759708660042,46.44666297237219,6.322206801902116,929.9716106661404,44368.59100642397,8931.828000000005,1335.5899999999997,1935.9830000000004,5660.255000000005,1219.309,7712.519000000005,13.651281686122925,3,1,0,0,2,49.0,49.0,49.0,1.0,0.0,0.0,0.0,1,0,0.0,0.0,0.0,1.0,0.0,1.0,0.0,0.0,0.0,0.0,0,0,2023,6,20,1,0,1,0,1,1,1,LEVE,0
6,1,19,0,4,1,-4.946504,-79.57293,0,4,7,1,2,2,2,0,9936.932,2.0,2,0,1.0,9,32,3830.0,0.1900070040755593,67.02551393447025,31.739914268299977,3.0893428849540148,177.20702638341197,22544.957173447536,8965.846000060003,1782.4120000599992,636.9959999999999,6546.438000000004,2214.505000059999,6751.341000000004,24.699342371541725,1,1,0,0,0,28.0,28.0,28.0,1.0,0.0,0.0,0.0,1,0,0.0,0.0,0.0,1.0,0.0,0.0,1.0,0.0,1.0,0.0,14,3,2023,11,26,6,1,1,0,1,0,1,LEVE,0
1,1,12,2,3,4,-7.231204,-79.422057,0,0,7,1,2,2,2,0,6543.555,2.0,4,4,1.0,14,33,1198.0,0.5885704819472196,78.81449187577415,72.29060549742594,8.763210867480462,976.1586325354776,48424.389721627405,8931.828000000005,1335.5899999999997,1935.9830000000004,5660.255000000005,1219.309,7712.519000000005,13.651281686122925,2,1,1,1,0,37.0,33.0,40.0,0.0,0.0,0.0,0.0,1,1,1.0,0.0,0.0,0.0,0.0,0.0,0.0,0.0,0.0,1.0,23,2,2023,2,13,0,0,0,0,1,0,1,LEVE,0
5,1,20,0,4,1,-16.120983,-69.641112,0,4,7,1,2,2,2,2,417.30000000000007,1.0,0,3,0.0,9,32,52.0,0.4020198374784472,77.80062735845667,75.295761294875,7.279851651626652,372.63390314535104,50686.62526766595,13642.312999999998,2020.7790000000005,2354.117,9267.416999999998,3314.0520000000006,10328.260999999997,24.29244952817019,4,2,1,0,2,72.0,72.0,72.0,1.0,1.0,0.0,0.0,2,1,1.0,0.0,0.0,1.0,1.0,0.0,0.0,1.0,0.0,1.0,21,2,2023,6,3,5,1,0,2,1,0,1,LEVE,0
0,1,14,2,4,1,-12.257469943402944,-76.91963593457477,0,2,7,1,2,2,2,0,6639.975,2.0,2,0,1.0,9,31,1616.0,0.6909236767275176,78.41626133969348,70.97436336767564,9.826485374940413,1476.8351947609171,95908.53319057816,7626.313,1683.4029999999998,1599.0829999999996,4343.827000000001,1814.875,5811.438000000001,23.797541485643197,2,1,0,1,0,40.0,40.0,40.0,1.0,1.0,0.0,0.0,1,0,0.0,1.0,0.0,0.0,0.0,0.0,1.0,0.0,0.0,0.0,0,0,2024,7,10,2,0,0,0,1,0,1,LEVE,0
6,3,5,2,4,1,-6.569412,-78.642637,0,0,5,0,2,0,1,2,9936.932,2.0,2,0,1.0,9,32,3830.0,0.4700875779194959,72.66081436888122,64.8808353209258,6.163018167008406,756.997154110016,46090.54817987152,15935.565011852366,1733.9250000199986,935.692,13265.948011832368,2000.1670000199988,13935.398011832369,12.551591352627522,6,3,0,3,0,53.0,53.0,53.0,1.0,0.0,1.0,1.0,3,0,0.0,1.0,0.0,1.0,1.0,0.0,1.0,0.0,1.0,1.0,19,2,2023,3,25,5,1,1,2,1,0,1,LEVE,0
6,1,5,0,4,1,-7.36073167,-78.130325,0,4,0,0,2,1,1,5,9936.932,2.0,2,0,1.0,9,32,3830.0,0.3417904861011918,68.7622191785171,42.11578088566062,5.620034093077237,435.9007514783612,1240.0428265524629,15935.565011852366,1733.9250000199986,935.692,13265.948011832368,2000.1670000199988,13935.398011832369,12.551591352627522,8,1,0,0,7,30.0,30.0,30.0,1.0,1.0,0.0,0.0,1,0,0.0,1.0,0.0,0.0,0.0,0.0,1.0,0.0,1.0,0.0,8,1,2021,6,19,5,1,1,2,1,0,1,GRAVE_MORTALIDAD,2
1,1,10,2,4,1,-13.6645926,-76.1721012,0,4,7,1,2,2,2,0,205.54999999999995,-1.0,2,0,1.0,13,31,15.0,0.5723734005661165,76.14778354007997,72.53650205141851,9.107715991741182,922.4721268572972,24272.76659528908,3721.461,698.1859999999996,744.866,2278.409,1102.9029999999996,2618.558,29.636290693359403,2,1,1,1,0,37.0,33.0,40.0,0.0,0.0,0.0,0.0,1,1,1.0,0.0,0.0,0.0,0.0,0.0,0.0,0.0,0.0,1.0,19,2,2023,4,11,1,0,0,0,1,0,1,LEVE,0
3,2,7,0,4,0,-14.446591,-72.079601,0,4,7,1,4,2,2,2,6543.555,2.0,4,4,1.0,14,33,1198.0,0.339323744940919,67.8567694463257,60.573677132379146,5.206321478431428,388.7128879370376,24527.03426124197,17779.13499998999,2097.3709999899997,2863.123,12818.640999999989,2878.713,14900.421999989989,16.19152450331032,2,2,0,0,0,38.5,18.0,59.0,1.0,1.0,0.0,0.0,2,0,0.0,0.0,0.0,1.0,1.0,0.0,0.0,1.0,1.0,1.0,18,2,2025,3,21,4,0,1,2,1,0,1,LEVE,0
6,1,3,2,4,0,-16.450423,-71.840037,0,3,7,1,2,0,1,0,6543.555,2.0,4,4,1.0,14,33,1198.0,0.6105481451420971,78.10653088113892,68.35418098658066,8.411557426919764,1158.5430895193692,35025.678800856535,10322.272,1495.236,1749.739,7077.2970000000005,2886.595,7435.677000000001,27.964725207783708,2,1,0,0,1,25.0,25.0,25.0,1.0,0.0,0.0,0.0,1,0,0.0,0.0,0.0,1.0,1.0,0.0,0.0,1.0,1.0,1.0,3,0,2025,5,3,5,1,0,0,1,0,1,LEVE,0
3,0,14,2,2,4,-12.029194,-77.076803,0,1,1,1,2,2,2,2,6543.555,2.0,4,4,1.0,14,33,1198.0,0.7419979630670723,80.31822295927182,79.00446395716813,11.084203715652809,1554.6868971011318,739416.2413542903,7626.313,1683.4029999999998,1599.0829999999996,4343.827000000001,1814.875,5811.438000000001,23.797541485643197,2,2,0,0,0,51.0,37.0,65.0,1.0,1.0,0.0,1.0,2,0,0.0,0.0,1.0,1.0,0.0,1.0,0.0,0.0,0.0,1.0,7,1,2021,7,16,4,0,1,0,1,0,1,LEVE,0
3,1,20,0,4,0,-15.613763245685014,-69.9810861654625,0,4,7,1,2,2,2,2,6543.555,2.0,4,4,1.0,14,33,1198.0,0.2886752467018767,70.36924972959979,63.68752373871576,6.450053665206414,206.72092593354532,8492.443254817987,13642.312999999998,2020.7790000000005,2354.117,9267.416999999998,3314.0520000000006,10328.260999999997,24.29244952817019,3,2,1,0,1,13.0,13.0,13.0,1.0,1.0,0.0,0.0,2,1,1.0,0.0,0.0,1.0,1.0,0.0,0.0,1.0,0.0,1.0,18,2,2021,7,29,3,0,1,2,1,0,1,LEVE,0
1,1,7,0,4,0,-13.5615,-71.993886,0,4,7,1,2,2,2,4,6543.555,2.0,4,4,1.0,14,33,1198.0,0.6348954939297919,77.6245715059073,78.73535107148551,10.276562257168177,1084.1455565765216,94654.62312633834,17779.13499998999,2097.3709999899997,2863.123,12818.640999999989,2878.713,14900.421999989989,16.19152450331032,2,1,1,1,0,37.0,33.0,40.0,0.0,0.0,0.0,0.0,1,1,1.0,0.0,0.0,0.0,0.0,0.0,0.0,0.0,0.0,1.0,18,2,2023,10,1,6,1,0,2,1,0,1,LEVE,0
6,1,7,0,4,1,-13.224433,-70.7423,0,4,0,1,2,2,2,2,3263.58,2.0,2,0,1.0,5,18,566.0,0.456269323491559,57.22814439496783,65.7020880165366,7.857170607722528,858.4104388154956,2071.82869379015,17779.13499998999,2097.3709999899997,2863.123,12818.640999999989,2878.713,14900.421999989989,16.19152450331032,2,1,0,0,1,21.0,21.0,21.0,1.0,0.0,1.0,1.0,1,0,0.0,0.0,0.0,1.0,1.0,0.0,0.0,0.0,0.0,0.0,9,1,2025,8,3,6,1,0,2,1,0,1,LEVE,0
3,2,12,0,4,1,-8.532783,-78.681809,0,4,7,1,2,2,2,0,6543.555,3.0,2,0,1.0,0,30,1475.0,0.4971504606547645,77.79759708660042,46.44666297237219,6.322206801902116,929.9716106661404,44368.59100642397,8931.828000000005,1335.5899999999997,1935.9830000000004,5660.255000000005,1219.309,7712.519000000005,13.651281686122925,3,2,0,0,1,23.5,18.0,29.0,1.0,1.0,0.0,0.0,2,0,0.0,0.0,1.0,0.0,1.0,0.0,1.0,1.0,0.0,1.0,3,0,2023,3,5,6,1,0,0,1,1,1,LEVE,0
6,1,19,2,4,1,-5.23145842995732,-80.6488168187739,0,4,7,1,2,2,2,0,6543.555,3.0,2,0,1.0,0,30,1475.0,0.5034350778485951,78.14388603810477,62.51585839041032,7.698619805954479,731.8176685454189,76220.84796573877,8965.846000060003,1782.4120000599992,636.9959999999999,6546.438000000004,2214.505000059999,6751.341000000004,24.699342371541725,1,1,0,0,0,21.0,21.0,21.0,1.0,1.0,1.0,1.0,1,0,0.0,0.0,0.0,1.0,1.0,0.0,0.0,1.0,1.0,1.0,0,0,2024,3,25,0,0,1,0,1,1,1,LEVE,0
6,1,20,0,4,1,-15.94117228,-69.86260569,0,4,7,1,2,2,2,2,6543.555,3.0,2,0,1.0,0,30,1475.0,0.2884525097354768,64.20597588940076,72.15764778998134,7.048790399873092,210.31224233114625,7037.970021413275,13642.312999999998,2020.7790000000005,2354.117,9267.416999999998,3314.0520000000006,10328.260999999997,24.29244952817019,2,1,0,0,1,23.0,23.0,23.0,1.0,1.0,0.0,0.0,1,0,0.0,0.0,0.0,1.0,0.0,1.0,0.0,0.0,1.0,0.0,15,3,2024,5,6,0,0,0,2,1,1,1,LEVE,0
3,2,3,2,4,1,-17.147878,-71.784527,0,3,0,0,2,0,1,0,1926.94,2.0,2,0,1.0,9,32,393.0,0.6064020802559494,77.82737834960788,75.48658600973863,8.303531284530445,1096.758694527593,6370.241970021414,10322.272,1495.236,1749.739,7077.2970000000005,2886.595,7435.677000000001,27.964725207783708,2,2,0,0,0,60.5,45.0,76.0,1.0,1.0,0.0,0.0,2,0,0.0,1.0,0.0,1.0,1.0,0.0,1.0,1.0,1.0,1.0,2,0,2024,3,17,6,1,1,0,1,0,1,LEVE,0