CLASE SINIESTRO,CANTIDAD DE VEHICULOS DAÑADOS,DEPARTAMENTO,ZONA,TIPO DE VÍA,RED VIAL,COORDENADAS LATITUD,COORDENADAS  LONGITUD,CONDICIÓN CLIMÁTICA,ZONIFICACIÓN,CARACTERÍSTICAS DE VÍA,PERFIL LONGITUDINAL VÍA,SUPERFICIE DE CALZADA,¿EXISTE SEÑAL VERTICAL?,¿EXISTE SEÑAL HORIZONTAL?,CAUSA FACTOR PRINCIPAL,MTC_RVN_LONGITUD_KM,MTC_RVN_N_CARRILES_MEDIANA,MTC_RVN_SUPERFICIE_DOMINANTE,MTC_RVN_ESTADO_DOMINANTE,MTC_RVN_ES_CONCESIONADA,MTC_RVN_CONCESION_PRINCIPAL,MTC_RVN_CORREDOR_LOGISTICO,MTC_RVN_N_TRAMOS,IDH_2019,IDH_ESP_VIDA_2019,IDH_EDUC_SECUND_PCT_2019,IDH_ANIOS_EDUC_2019,IDH_INGRESO_PERCAP_2019,IDH_POBLACION_2019,MTC_DEP_RED_TOTAL_KM,MTC_DEP_NACIONAL_TOTAL_KM,MTC_DEP_DEPARTAMENTAL_TOTAL_KM,MTC_DEP_VECINAL_TOTAL_KM,MTC_DEP_PAV_TOTAL_KM,MTC_DEP_NO_PAV_TOTAL_KM,MTC_DEP_PCT_PAVIMENTADA,PER_TOTAL_PERSONAS,PER_N_CONDUCTORES,PER_N_CONDUCTORES_FUGADOS,PER_N_PEATONES,PER_N_PASAJEROS_OCUPANTES,PER_EDAD_COND_PROM,PER_EDAD_COND_MIN,PER_EDAD_COND_MAX,PER_ANY_COND_MASCULINO,PER_ANY_LIC_PROBLEMA,PER_ANY_DOSAJE_POS,PER_ANY_DOSAJE_EVALUADO,VEH_TOTAL,VEH_N_FUGADOS,VEH_ANY_FUGADO,VEH_ANY_CARGA,VEH_ANY_PUBLICO,VEH_ANY_PARTICULAR,VEH_ANY_MOTO,VEH_ANY_AUTO,VEH_ANY_CAMION_BUS,VEH_ANY_SOAT_PROBLEMA,VEH_ANY_CITV_PROBLEMA,VEH_ANY_SEGURO_PROBLEMA,HORA_NUM,FRANJA_HORARIA,ANIO,MES,DIA_MES,DIA_SEMANA,ES_FIN_SEMANA,ES_QUINCENA,REGION_NATURAL,TIENE_SEÑALIZACION,ES_VIA_MULTICARRIL,ES_DEPTO_BAJO_PAVIMENTO,CATEGORIA_SEVERIDAD,CATEGORIA_SEVERIDAD_ENC
3,2,7,2,4,0,-14.783971,-71.4111533,5,3,7,1,2,1,1,2,6543.555,2.0,4,4,1.0,14,33,1198.0,0.553052655456334,69.21726434550523,74.04128761826507,8.709280027519238,977.6848841665504,33976.192719486084,17779.13499998999,2097.3709999899997,2863.123,12818.640999999989,2878.713,14900.421999989989,16.19152450331032,3,2,0,0,1,32.0,27.0,37.0,1.0,0.0,0.0,1.0,2,0,0.0,0.0,0.0,1.0,1.0,0.0,1.0,1.0,1.0,1.0,19,2,2022,12,6,1,0,0,2,1,0,1,LEVE,0
1,1,20,0,4,0,-16.248587,-69.074973,6,5,6,2,6,2,2,2,6543.555,2.0,4,4,1.0,14,33,1198.0,0.4165447461855686,74.77127585660097,73.32833413464006,6.399479128468322,475.6850527085419,23516.528907922908,13642.312999999998,2020.7790000000005,2354.117,9267.416999999998,3314.0520000000006,10328.260999999997,24.29244952817019,2,1,1,1,0,37.0,33.0,40.0,0.0,0.0,0.0,0.0,1,1,1.0,0.0,0.0,0.0,0.0,0.0,0.0,0.0,0.0,1.0,20,2,2024,11,5,1,0,0,2,1,0,1,LEVE,0
3,1,4,0,4,1,-12.90620418,-74.31250074,0,4,5,0,2,1,1,2,7586.903,2.0,2,0,1.0,9,5,1198.0,0.3536962066911246,75.00393511579166,67.02674454925531,5.385230942389032,353.13887310450355,5434.7570087257,12678.733000000004,1805.074000000001,1774.0339999999994,9099.625000000004,2485.375000000001,10193.358000000002,19.602707936195205,5,2,0,0,3,53.0,42.0,64.0,1.0,1.0,0.0,0.0,2,0,0.0,1.0,1.0,0.0,1.0,0.0,1.0,0.0,1.0,0.0,6,1,2022,7,26,1,0,1,2,1,0,1,GRAVE_LESIONADOS,1
10,1,3,0,3,4,-16.356588,-72.197789,0,3,0,1,2,2,2,0,6543.555,2.0,4,4,1.0,14,33,1198.0,0.6077843615696785,76.53072135400231,69.81276959706165,8.77367759087771,1135.5159013374655,74658.55888650964,10322.272,1495.236,1749.739,7077.2970000000005,2886.595,7435.677000000001,27.964725207783708,1,1,0,0,0,42.0,42.0,42.0,1.0,0.0,0.0,0.0,1,0,0.0,0.0,0.0,1.0,1.0,0.0,0.0,0.0,0.0,0.0,3,0,2023,12,17,6,1,1,0,1,0,1,LEVE,0
10,1,14,2,2,4,-12.036356258488178,-76.94102016715004,0,0,7,1,2,2,2,2,6543.555,2.0,4,4,1.0,14,33,1198.0,0.7347309224519117,80.70014842215761,76.47981423089655,10.519505095866096,1571.8150981252256,229834.5310492505,7626.313,1683.4029999999998,1599.0829999999996,4343.827000000001,1814.875,5811.438000000001,23.797541485643197,2,1,0,0,1,54.0,54.0,54.0,1.0,0.0,0.0,0.0,1,0,0.0,0.0,0.0,1.0,1.0,0.0,0.0,0.0,0.0,0.0,16,3,2024,5,13,0,0,0,0,1,0,1,LEVE,0
3,2,5,0,4,1,-5.685918175899451,-78.79005609596572,0,4,7,1,2,2,2,0,7758.33400008,2.0,2,0,1.0,9,20,2133.0,0.5803239946829384,74.49544278598792,68.33065356443184,8.733179344969395,1046.078117086984,102362.46895074946,15935.565011852366,1733.9250000199986,935.692,13265.948011832368,2000.1670000199988,13935.398011832369,12.551591352627522,2,2,0,0,0,40.5,38.0,43.0,1.0,1.0,0.0,0.0,2,0,0.0,0.0,1.0,0.0,1.0,0.0,1.0,0.0,0.0,0.0,17,3,2021,3,8,0,0,0,2,1,0,1,LEVE,0
6,1,21,2,4,1,-5.94353015523087,-77.306147902828,0,0,7,1,2,2,2,2,7758.33400008,2.0,2,0,1.0,9,20,2133.0,0.4789759027469384,73.43778249935497,54.01635312204597,6.285279694551369,847.2910954428505,47552.6295503212,5645.136,815.0759999999999,965.298,3864.762,1013.406,4631.73,17.95184385283189,1,1,0,0,0,30.0,30.0,30.0,1.0,0.0,0.0,0.0,1,0,0.0,0.0,0.0,1.0,0.0,1.0,0.0,0.0,0.0,0.0,12,3,2025,12,15,0,0,1,1,1,0,1,LEVE,0
5,1,12,0,4,1,-8.524511100100609,-78.68306559031146,0,4,7,1,2,2,2,0,6543.555,3.0,2,0,1.0,0,30,1475.0,0.4971504606547645,77.79759708660042,46.44666297237219,6.322206801902116,929.9716106661404,44368.59100642397,8931.828000000005,1335.5899999999997,1935.9830000000004,5660.255000000005,1219.309,7712.519000000005,13.651281686122925,4,2,1,0,2,43.0,43.0,43.0,1.0,1.0,0.0,0.0,2,1,1.0,0.0,1.0,0.0,1.0,0.0,0.0,1.0,0.0,1.0,19,2,2023,12,30,5,1,1,0,1,1,1,LEVE,0
3,2,1,0,4,1,-9.176811,-78.478681,0,4,7,1,4,1,1,2,6543.555,3.0,2,0,1.0,0,30,1475.0,0.6459598096056908,78.63908715089502,73.94922643905556,10.615650526897664,1131.8657131941532,175440.59743040687,10767.648,1885.0630000000003,1222.721,7659.864000000001,2100.343,8667.305000000002,19.506051832303577,2,2,0,0,0,53.5,52.0,55.0,1.0,1.0,1.0,1.0,2,0,0.0,1.0,1.0,0.0,1.0,0.0,1.0,0.0,1.0,1.0,1,0,2023,6,25,6,1,1,0,1,1,1,LEVE,0
1,1,3,2,6,4,-16.40197,-71.5762,0,0,7,1,2,1,1,0,6543.555,2.0,4,4,1.0,14,33,1198.0,0.6411767862503931,77.2408324916572,78.204125011303,10.595705083047717,1107.223861768016,193412.3169164882,10322.272,1495.236,1749.739,7077.2970000000005,2886.595,7435.677000000001,27.964725207783708,2,1,0,1,0,23.0,23.0,23.0,1.0,1.0,1.0,1.0,1,0,0.0,0.0,0.0,1.0,0.0,1.0,0.0,0.0,0.0,0.0,20,2,2025,9,19,4,0,1,0,1,0,1,LEVE,0
3,2,10,0,4,1,-13.453134,-76.1795333,0,4,7,1,2,2,2,0,205.54999999999995,-1.0,2,0,1.0,13,31,15.0,0.5935454717688132,79.82270610044196,65.40471106456853,9.554430232416086,978.9182940808604,5314.299785867237,3721.461,698.1859999999996,744.866,2278.409,1102.9029999999996,2618.558,29.636290693359403,3,2,0,0,1,51.0,51.0,51.0,1.0,1.0,0.0,1.0,2,0,0.0,0.0,0.0,1.0,0.0,1.0,0.0,0.0,0.0,0.0,2,0,2024,3,28,3,0,1,0,1,0,1,LEVE,0
2,1,14,2,2,4,-12.01569044797082,-77.01217545585838,0,3,0,1,2,2,2,0,6543.555,2.0,4,4,1.0,14,33,1198.0,0.701053025277506,79.62867561460851,73.1469484600971,10.064317505194426,1464.6926161541437,1150285.0494171206,7626.313,1683.4029999999998,1599.0829999999996,4343.827000000001,1814.875,5811.438000000001,23.797541485643197,2,1,0,0,1,19.0,19.0,19.0,1.0,1.0,0.0,0.0,1,0,0.0,0.0,1.0,0.0,0.0,0.0,1.0,0.0,0.0,0.0,19,2,2025,4,1,1,0,0,0,1,0,1,LEVE,0
3,2,13,2,7,4,-6.892505,-79.563207,0,3,1,1,2,0,1,0,6543.555,2.0,4,4,1.0,14,33,1198.0,0.5396489907562034,81.7229587411162,74.36334598401676,7.973429713499195,755.6839701415522,15028.072805139189,3459.691,515.0619999999999,689.7280000000001,2254.901,703.3549999999999,2756.336,20.329994788551925,2,2,0,0,0,44.5,17.0,72.0,1.0,1.0,0.0,1.0,2,0,0.0,0.0,1.0,1.0,1.0,0.0,0.0,1.0,1.0,0.0,11,1,2021,5,22,5,1,1,0,1,0,1,LEVE,0
0,1,14,2,2,4,-12.030284,-77.029465,0,0,7,1,2,2,2,2,6543.555,2.0,4,4,1.0,14,33,1198.0,0.7300036506368504,80.21724456394445,75.11639588359114,10.636845733066124,1559.041185521695,156759.78800856532,7626.313,1683.4029999999998,1599.0829999999996,4343.827000000001,1814.875,5811.438000000001,23.797541485643197,2,1,0,1,0,49.0,49.0,49.0,1.0,0.0,0.0,0.0,1,0,0.0,0.0,1.0,0.0,0.0,0.0,1.0,0.0,0.0,0.0,22,2,2022,7,5,1,0,0,0,1,0,1,LEVE,0
6,1,6,2,2,4,-12.06490615771504,-77.11599952363943,0,0,7,1,4,2,2,2,6543.555,2.0,4,4,1.0,14,33,1198.0,0.5563774842369664,77.00938809632027,69.10246351364754,8.476961866273152,914.8835608305218,27932.19700214133,51.58600000000001,44.68700000000001,6.899000000000001,0.0,49.838000000000015,1.748,96.61148373589734,1,1,0,0,0,42.0,42.0,42.0,1.0,0.0,0.0,0.0,1,0,0.0,0.0,0.0,1.0,1.0,0.0,0.0,0.0,1.0,0.0,23,2,2021,3,27,5,1,1,2,1,0,0,LEVE,0
3,1,14,2,2,4,-12.08725484,-76.99614485,0,0,7,1,2,2,2,0,6543.555,2.0,4,4,1.0,14,33,1198.0,0.8236163632543221,80.64134543571234,78.76297514209003,13.635913030045838,1867.8532062234744,106584.52890792293,7626.313,1683.4029999999998,1599.0829999999996,4343.827000000001,1814.875,5811.438000000001,23.797541485643197,3,2,0,0,1,43.5,41.0,46.0,1.0,1.0,0.0,0.0,2,0,0.0,1.0,1.0,0.0,0.0,0.0,1.0,0.0,0.0,0.0,7,1,2023,6,10,5,1,0,0,1,0,1,LEVE,0
3,2,20,0,4,1,-14.812665868258437,-70.24852685644093,0,4,7,1,2,2,2,2,1761.8050000000003,2.0,2,0,1.0,6,22,410.0,0.4384088880022875,66.28408395269946,71.45267205250292,8.282733608109961,563.5418969725097,28239.627408993576,13642.312999999998,2020.7790000000005,2354.117,9267.416999999998,3314.0520000000006,10328.260999999997,24.29244952817019,2,2,0,0,0,43.5,42.0,45.0,1.0,0.0,0.0,0.0,2,0,0.0,1.0,0.0,1.0,0.0,1.0,1.0,0.0,1.0,1.0,12,3,2021,9,18,5,1,1,2,1,0,1,LEVE,0
0,1,12,0,4,0,-8.336584689070525,-78.20781891674532,0,4,7,1,7,2,2,2,6543.555,2.0,4,4,1.0,14,33,1198.0,0.3206757529914507,75.21333323806027,45.341846366223095,5.318686972331122,324.76888338207965,18794.94860813704,8931.828000000005,1335.5899999999997,1935.9830000000004,5660.255000000005,1219.309,7712.519000000005,13.651281686122925,2,1,0,1,0,29.0,29.0,29.0,1.0,1.0,0.0,0.0,1,0,0.0,0.0,1.0,0.0,1.0,0.0,0.0,1.0,0.0,1.0,17,3,2023,9,19,1,0,1,0,1,0,1,LEVE,0
6,1,14,2,12,4,-12.081205518288693,-77.10803472707839,0,0,7,1,2,2,2,2,6543.555,2.0,4,4,1.0,14,33,1198.0,0.8224006497057281,80.32617651391924,76.66408959706945,12.77635923087604,1966.554093175902,146885.81156316918,7626.313,1683.4029999999998,1599.0829999999996,4343.827000000001,1814.875,5811.438000000001,23.797541485643197,1,1,0,0,0,27.0,27.0,27.0,1.0,0.0,0.0,0.0,1,0,0.0,0.0,0.0,1.0,1.0,0.0,0.0,0.0,0.0,0.0,6,1,2024,1,1,0,0,0,0,1,0,1,LEVE,0
0,1,11,2,4,1,-11.7990963,-75.5462135,0,3,0,1,2,1,1,4,7586.903,2.0,2,0,1.0,9,5,1198.0,0.4766174142212529,69.18958836027122,73.16893608420531,7.974870050709661,677.4285416246566,918.3832976445397,12264.545,1826.4639999999995,1105.5389999999998,9332.542,1588.5359999999996,10676.009,12.952261987705208,2,1,0,1,0,61.0,61.0,61.0,1.0,0.0,0.0,1.0,1,0,0.0,0.0,0.0,1.0,0.0,1.0,0.0,0.0,0.0,0.0,7,1,2021,1,19,1,0,1,2,1,0,1,LEVE,0
0,1,7,2,4,1,-13.323544391560455,-72.08126416001991,0,3,1,1,2,0,1,2,3447.8009999999995,1.0,2,3,0.0,9,12,1109.0,0.6467436323237573,79.23148267907465,67.52594538772321,10.132837841128774,1206.994437940653,3183.13704496788,17779.13499998999,2097.3709999899997,2863.123,12818.640999999989,2878.713,14900.421999989989,16.19152450331032,2,1,0,1,0,44.0,44.0,44.0,1.0,0.0,0.0,1.0,1,0,0.0,0.0,1.0,0.0,0.0,0.0,1.0,0.0,0.0,0.0,5,0,2022,11,17,3,0,1,2,1,0,1,LEVE,0
3,2,1,0,4,1,-9.859137723842816,-77.40590948703202,0,4,0,1,2,2,2,2,9936.932,2.0,2,0,1.0,9,32,3830.0,0.4654799331603382,71.10800342011737,71.6956954286478,8.000201643545543,613.215156662713,3873.366167023554,10767.648,1885.0630000000003,1222.721,7659.864000000001,2100.343,8667.305000000002,19.506051832303577,2,2,0,0,0,32.0,27.0,37.0,1.0,0.0,0.0,1.0,2,0,0.0,1.0,0.0,0.0,0.0,0.0,1.0,1.0,0.0,0.0,7,1,2021,3,3,2,0,0,0,1,0,1,LEVE,0
4,1,7,0,4,1,-15.061951155471377,-71.12463943903795,0,4,0,1,2,2,2,2,568.5409999999999,1.0,2,3,0.0,9,3,93.0,0.3491291336434085,68.34579473193322,63.63866309000273,4.984551874124405,419.36068685534286,1114.627408993576,17779.13499998999,2097.3709999899997,2863.123,12818.640999999989,2878.713,14900.421999989989,16.19152450331032,1,1,0,0,0,23.0,23.0,23.0,1.0,0.0,0.0,0.0,1,0,0.0,0.0,0.0,1.0,1.0,0.0,0.0,1.0,0.0,1.0,4,0,2023,2,20,0,0,1,2,1,0,1,LEVE,0
1,0,14,2,4,1,-12.042152628931484,-77.02061367069078,0,2,1,0,2,2,2,0,6543.555,3.0,2,0,1.0,0,30,1475.0,0.7300036506368504,80.21724456394445,75.11639588359114,10.636845733066124,1559.041185521695,156759.78800856532,7626.313,1683.4029999999998,1599.0829999999996,4343.827000000001,1814.875,5811.438000000001,23.797541485643197,2,1,1,1,0,37.0,33.0,40.0,0.0,0.0,0.0,0.0,1,1,1.0,0.0,0.0,0.0,0.0,0.0,0.0,0.0,0.0,1.0,23,2,2022,1,28,4,0,1,0,1,1,1,LEVE,0
6,1,14,2,2,4,-12.30941225,-76.83738474,0,0,1,1,2,1,1,2,6543.555,2.0,4,4,1.0,14,33,1198.0,0.6959889140821508,77.1307027422061,67.89627023388005,10.144340935046175,1549.2819792545554,12550.856531049252,7626.313,1683.4029999999998,1599.0829999999996,4343.827000000001,1814.875,5811.438000000001,23.797541485643197,2,1,1,1,0,37.0,33.0,40.0,0.0,0.0,0.0,0.0,1,0,0.0,0.0,0.0,1.0,0.0,1.0,0.0,1.0,1.0,0.0,23,2,2023,8,24,3,0,1,0,1,0,1,LEVE,0
4,1,11,2,4,1,-12.1025811,-75.1893799,0,4,9,1,2,0,1,2,200.335,2.0,1,3,0.0,9,32,113.0,0.4928687519261139,71.44878444957367,71.38203536953866,8.536671990950516,690.1106839322879,26022.21199143469,12264.545,1826.4639999999995,1105.5389999999998,9332.542,1588.5359999999996,10676.009,12.952261987705208,1,1,0,0,0,38.0,38.0,38.0,1.0,0.0,0.0,0.0,1,0,0.0,0.0,0.0,1.0,0.0,1.0,0.0,0.0,0.0,0.0,0,0,2023,5,30,1,0,1,2,1,0,1,LEVE,0
3,1,20,0,4,1,-13.336090691646229,-70.33358221300524,0,4,7,1,2,2,2,2,1761.8050000000003,2.0,2,0,1.0,6,22,410.0,0.38164453867226,66.41201008405402,69.23578094142847,5.847071191103413,481.9176140466285,12276.920770877943,13642.312999999998,2020.7790000000005,2354.117,9267.416999999998,3314.0520000000006,10328.260999999997,24.29244952817019,2,2,0,0,0,35.0,24.0,46.0,1.0,1.0,0.0,0.0,2,0,0.0,1.0,0.0,1.0,1.0,0.0,1.0,1.0,1.0,1.0,6,1,2023,2,26,6,1,1,2,1,0,1,LEVE,0
6,1,12,0,4,2,-7.892093556508674,-78.54110974854092,0,4,7,1,2,2,2,0,6543.555,2.0,4,4,1.0,14,33,1198.0,0.3809823047796905,74.4473973089921,51.51705644975158,5.622573590650768,479.1502137748447,26695.141327623125,8931.828000000005,1335.5899999999997,1935.9830000000004,5660.255000000005,1219.309,7712.519000000005,13.651281686122925,1,1,0,0,0,34.0,34.0,34.0,1.0,1.0,0.0,0.0,1,0,0.0,1.0,0.0,0.0,0.0,0.0,1.0,1.0,0.0,0.0,10,1,2024,5,13,0,0,0,0,1,0,1,LEVE,0
1,1,14,0,4,1,-11.5282159,-77.2877995,0,4,7,1,2,2,2,0,6543.555,3.0,2,0,1.0,0,30,1475.0,0.6328991168419597,79.8522840328396,72.51785912375117,8.65057438382499,1190.6734036432963,65701.61456102783,7626.313,1683.4029999999998,1599.0829999999996,4343.827000000001,1814.875,5811.438000000001,23.797541485643197,2,1,1,1,0,37.0,33.0,40.0,0.0,0.0,0.0,0.0,1,1,1.0,0.0,0.0,0.0,0.0,0.0,0.0,0.0,0.0,1.0,2,0,2024,3,10,6,1,0,0,1,1,1,LEVE,0
0,0,20,0,4,1,-13.9932258,-70.4806316,7,4,0,1,2,1,1,4,1761.8050000000003,2.0,2,0,1.0,6,22,410.0,0.4051932975167936,65.49749636446467,57.19930904384225,6.434003254546677,597.3379213355063,13134.7408993576,13642.312999999998,2020.7790000000005,2354.117,9267.416999999998,3314.0520000000006,10328.260999999997,24.29244952817019,2,1,0,1,0,55.0,55.0,55.0,1.0,0.0,0.0,0.0,1,0,0.0,1.0,0.0,0.0,0.0,0.0,1.0,0.0,0.0,0.0,9,1,2021,3,22,0,0,1,2,1,0,1,LEVE,0
5,2,23,0,4,0,-3.715058174141169,-80.45305257065677,0,4,0,0,2,2,2,2,6543.555,2.0,4,4,1.0,14,33,1198.0,0.5487372145199809,74.84097561571106,72.74741822907339,8.228710766965138,889.3745801533016,8740.119914346895,1009.101,138.47399999999996,287.471,583.156,276.972,732.129,27.447401201663663,2,2,1,0,0,15.0,15.0,15.0,1.0,1.0,0.0,0.0,2,0,0.0,1.0,0.0,1.0,1.0,0.0,1.0,1.0,1.0,1.0,21,2,2024,1,17,2,0,1,0,1,0,1,LEVE,0
3,1,12,0,4,2,-7.988286093293267,-79.21753460404763,0,4,7,1,2,2,2,2,6543.555,2.0,4,4,1.0,14,33,1198.0,0.6175807721294785,78.68058667122713,72.13823415758,9.27691307330927,1088.0099421422665,19535.08137044968,8931.828000000005,1335.5899999999997,1935.9830000000004,5660.255000000005,1219.309,7712.519000000005,13.651281686122925,3,2,0,0,1,47.5,27.0,68.0,1.0,1.0,0.0,0.0,2,0,0.0,0.0,0.0,1.0,1.0,0.0,0.0,1.0,0.0,1.0,16,3,2024,4,5,4,0,0,0,1,0,1,LEVE,0
0,1,13,0,4,1,-6.5912381,-79.9794219,0,4,7,1,2,2,2,0,6543.555,3.0,2,0,1.0,0,30,1475.0,0.3879800350664534,75.68222437543551,50.64551119758177,4.891651630735472,548.2382997194167,48902.40256959316,3459.691,515.0619999999999,689.7280000000001,2254.901,703.3549999999999,2756.336,20.329994788551925,2,1,0,1,0,60.0,60.0,60.0,1.0,0.0,0.0,1.0,1,0,0.0,0.0,0.0,1.0,0.0,1.0,0.0,0.0,1.0,0.0,23,2,2022,10,23,6,1,1,0,1,1,1,LEVE,0
5,1,14,0,4,1,-11.573817,-77.2631322,0,4,7,1,2,1,0,0,6543.555,3.0,2,0,1.0,0,30,1475.0,0.6328991168419597,79.8522840328396,72.51785912375117,8.65057438382499,1190.6734036432963,65701.61456102783,7626.313,1683.4029999999998,1599.0829999999996,4343.827000000001,1814.875,5811.438000000001,23.797541485643197,2,2,1,0,0,27.0,27.0,27.0,1.0,0.0,0.0,0.0,2,1,1.0,0.0,0.0,1.0,1.0,0.0,0.0,0.0,0.0,1.0,9,1,2024,1,13,5,1,0,0,1,1,1,LEVE,0
0,1,20,0,4,1,-15.016569,-70.179992,0,4,7,1,2,2,2,4,1761.8050000000003,2.0,2,0,1.0,6,22,410.0,0.192208961369019,68.76766266610497,65.94920879656723,5.568539909379126,92.3572780511386,4011.042826552462,13642.312999999998,2020.7790000000005,2354.117,9267.416999999998,3314.0520000000006,10328.260999999997,24.29244952817019,2,1,0,1,0,56.0,56.0,56.0,1.0,0.0,0.0,0.0,1,0,0.0,0.0,0.0,1.0,0.0,0.0,1.0,0.0,0.0,0.0,20,2,2022,7,29,4,0,1,2,1,0,1,LEVE,0
3,1,9,0,4,2,-8.753582,-76.264304,0,4,7,1,1,2,2,2,6543.555,2.0,4,4,1.0,14,33,1198.0,0.4431696013965035,69.69177354792248,52.35097110610642,5.742319584917666,790.5380840726359,2816.7806196644115,8209.057,1333.4779999999996,791.9770000000001,6083.602,1059.8589999999997,7149.198,12.910849565303296,2,2,0,0,0,23.0,21.0,25.0,1.0,1.0,0.0,0.0,2,0,0.0,0.0,1.0,0.0,1.0,0.0,0.0,1.0,1.0,1.0,19,2,2022,6,9,3,0,0,2,1,0,1,LEVE,0
6,1,19,0,4,1,-5.82389,-79.46549,0,4,0,1,2,1,0,5,305.38500000000005,2.0,2,0,1.0,1,20,50.0,0.2117580020098525,65.37756662211437,42.30794939557186,3.975264599118591,171.62326554814578,38712.25053533191,8965.846000060003,1782.4120000599992,636.9959999999999,6546.438000000004,2214.505000059999,6751.341000000004,24.699342371541725,4,1,0,0,3,36.0,36.0,36.0,1.0,0.0,0.0,1.0,1,0,0.0,0.0,0.0,1.0,0.0,0.0,1.0,0.0,1.0,0.0,17,3,2023,7,17,0,0,1,0,1,0,1,GRAVE_MORTALIDAD,2
0,0,14,2,2,4,-11.900935825697534,-77.03989323217921,0,0,1,1,2,2,2,0,6543.555,2.0,4,4,1.0,14,33,1198.0,0.7218926988400113,80.0902077245261,77.9581888264889,10.971588327733102,1458.3206086290393,530000.3426124197,7626.313,1683.4029999999998,1599.0829999999996,4343.827000000001,1814.875,5811.438000000001,23.797541485643197,2,1,0,1,0,23.0,23.0,23.0,1.0,1.0,0.0,0.0,1,0,0.0,1.0,0.0,0.0,0.0,0.0,1.0,0.0,0.0,0.0,18,2,2022,3,7,0,0,0,0,1,0,1,LEVE,0
3,1,20,0,4,1,-15.672656616209402,-70.37792971503441,0,4,7,1,2,2,2,2,1504.4250000000002,2.0,2,0,1.0,7,25,241.0,0.4387767884413746,74.08026937973001,72.73571788884047,7.487249530915593,506.6407671536068,4885.396145610278,13642.312999999998,2020.7790000000005,2354.117,9267.416999999998,3314.0520000000006,10328.260999999997,24.29244952817019,5,3,0,0,2,39.333333333333336,31.0,50.0,1.0,0.0,0.0,0.0,3,0,0.0,1.0,0.0,1.0,0.0,0.0,1.0,0.0,1.0,1.0,7,1,2023,3,1,2,0,0,2,1,0,1,LEVE,0
3,2,5,2,4,1,-7.14659055,-78.50834705,7,3,7,1,2,2,2,2,9936.932,2.0,2,0,1.0,9,32,3830.0,0.6070175276741574,73.19224654097276,74.29530430690215,9.490386956642766,1117.141592366869,257380.9443254818,15935.565011852366,1733.9250000199986,935.692,13265.948011832368,2000.1670000199988,13935.398011832369,12.551591352627522,3,2,0,0,1,26.5,20.0,33.0,1.0,1.0,0.0,1.0,2,0,0.0,0.0,1.0,1.0,1.0,0.0,1.0,1.0,1.0,0.0,10,1,2021,9,19,6,1,1,2,1,0,1,LEVE,0
6,1,21,0,4,1,-6.162995,-76.83646,2,4,0,1,2,2,2,0,7758.33400008,2.0,2,0,1.0,9,20,2133.0,0.3492524985551798,73.87945975179423,47.35782955662357,4.584830643679292,457.969668231556,16120.93790149893,5645.136,815.0759999999999,965.298,3864.762,1013.406,4631.73,17.95184385283189,1,1,0,0,0,28.0,28.0,28.0,1.0,1.0,0.0,0.0,1,0,0.0,0.0,0.0,1.0,1.0,0.0,0.0,0.0,1.0,0.0,3,0,2025,7,29,1,0,1,1,1,0,1,LEVE,0
10,1,2,0,4,0,-13.808653048158329,-72.42633211810039,6,5,6,2,6,2,2,0,6543.555,2.0,4,4,1.0,14,33,1198.0,0.2901560454891014,71.32208688690824,57.91815688426187,4.514973497070771,269.3845261568443,7519.826552462528,8358.971,1282.451,1298.0969999999998,5778.423,1432.683,6926.288,17.139466089785454,1,1,0,0,0,59.0,59.0,59.0,1.0,0.0,0.0,0.0,1,0,0.0,0.0,0.0,1.0,0.0,0.0,1.0,0.0,0.0,0.0,3,0,2023,3,29,2,0,1,2,1,0,1,LEVE,0
3,1,23,0,4,0,-3.61532449425017,-80.43716856461634,6,5,6,2,6,2,2,0,6543.555,2.0,4,4,1.0,14,33,1198.0,0.5566482397567897,75.31720479699564,65.17184477763281,8.439177621882797,953.440884102636,4360.802997858672,1009.101,138.47399999999996,287.471,583.156,276.972,732.129,27.447401201663663,4,2,0,0,2,36.0,36.0,36.0,1.0,1.0,1.0,1.0,2,0,0.0,0.0,0.0,1.0,1.0,1.0,0.0,1.0,1.0,0.0,20,2,2021,8,8,6,1,0,0,1,0,1,GRAVE_LESIONADOS,1
3,1,19,0,4,1,-5.2469066,-79.454381,0,4,7,1,2,2,2,0,722.9000000000002,2.0,1,0,1.0,2,32,123.0,0.341904333393324,65.35963059310035,62.21769324538303,5.350982713855533,406.3194918886913,29126.03426124197,8965.846000060003,1782.4120000599992,636.9959999999999,6546.438000000004,2214.505000059999,6751.341000000004,24.699342371541725,2,2,0,0,0,36.5,29.0,44.0,1.0,1.0,0.0,0.0,2,0,0.0,0.0,1.0,1.0,1.0,0.0,1.0,0.0,1.0,0.0,23,2,2023,12,3,6,1,0,0,1,0,1,LEVE,0
10,1,3,0,4,1,-16.693724,-71.870564,0,3,7,1,2,1,1,0,6639.975,2.0,2,0,1.0,9,31,1616.0,0.6105481451420971,78.10653088113892,68.35418098658066,8.411557426919764,1158.5430895193692,35025.678800856535,10322.272,1495.236,1749.739,7077.2970000000005,2886.595,7435.677000000001,27.964725207783708,1,1,0,0,0,23.0,23.0,23.0,1.0,1.0,0.0,0.0,1,0,0.0,0.0,0.0,1.0,1.0,0.0,0.0,0.0,1.0,0.0,22,2,2025,1,7,1,0,0,0,1,0,1,LEVE,0
0,1,14,2,2,4,-11.97830745,-77.07583634,0,1,7,1,2,1,1,0,6543.555,2.0,4,4,1.0,14,33,1198.0,0.758462599563312,80.5192231989937,79.20045639149897,11.33839041452458,1628.5661148492152,363987.54389721627,7626.313,1683.4029999999998,1599.0829999999996,4343.827000000001,1814.875,5811.438000000001,23.797541485643197,2,1,0,1,0,39.0,39.0,39.0,1.0,0.0,0.0,0.0,1,0,0.0,1.0,0.0,0.0,0.0,0.0,1.0,0.0,0.0,0.0,17,3,2023,11,27,0,0,1,0,1,0,1,LEVE,0
6,1,4,0,4,1,-14.6416945,-74.286133,0,4,5,1,2,2,2,0,2238.6850000000004,2.0,2,0,1.0,4,27,115.0,0.3765288260269777,68.18120476047088,50.993604658293634,5.607263086988291,529.4791469876697,3716.779443254818,12678.733000000004,1805.074000000001,1774.0339999999994,9099.625000000004,2485.375000000001,10193.358000000002,19.602707936195205,2,1,0,0,1,37.0,37.0,37.0,1.0,0.0,0.0,0.0,1,0,0.0,1.0,0.0,0.0,0.0,0.0,1.0,0.0,0.0,0.0,8,1,2021,10,17,6,1,1,2,1,0,1,LEVE,0
0,0,4,0,4,2,-13.366,-74.313,0,4,7,0,1,2,2,4,6543.555,2.0,4,4,1.0,14,33,1198.0,0.1859776092837948,69.85250115366037,39.77024304701982,3.1640035399309645,143.5227500887571,15617.884368308352,12678.733000000004,1805.074000000001,1774.0339999999994,9099.625000000004,2485.375000000001,10193.358000000002,19.602707936195205,3,1,0,2,0,25.0,25.0,25.0,1.0,0.0,0.0,1.0,1,0,0.0,0.0,0.0,0.0,0.0,0.0,0.0,1.0,0.0,1.0,16,3,2025,9,19,4,0,1,2,1,0,1,LEVE,0
0,1,21,2,4,1,-5.688564,-77.632204,0,0,7,1,3,2,2,4,7758.33400008,2.0,2,0,1.0,9,20,2133.0,0.395409368693869,74.01814372927417,48.94523443220634,5.029353255237231,594.0921143791977,22212.160599571733,5645.136,815.0759999999999,965.298,3864.762,1013.406,4631.73,17.95184385283189,2,1,0,1,0,38.0,38.0,38.0,1.0,0.0,0.0,1.0,1,0,0.0,0.0,0.0,1.0,0.0,1.0,0.0,0.0,0.0,0.0,8,1,2023,7,31,0,0,1,1,1,0,1,LEVE,0