CLASE SINIESTRO,CANTIDAD DE VEHICULOS DAÑADOS,DEPARTAMENTO,ZONA,TIPO DE VÍA,RED VIAL,COORDENADAS LATITUD,COORDENADAS  LONGITUD,CONDICIÓN CLIMÁTICA,ZONIFICACIÓN,CARACTERÍSTICAS DE VÍA,PERFIL LONGITUDINAL VÍA,SUPERFICIE DE CALZADA,¿EXISTE SEÑAL VERTICAL?,¿EXISTE SEÑAL HORIZONTAL?,CAUSA FACTOR PRINCIPAL,MTC_RVN_LONGITUD_KM,MTC_RVN_N_CARRILES_MEDIANA,MTC_RVN_SUPERFICIE_DOMINANTE,MTC_RVN_ESTADO_DOMINANTE,MTC_RVN_ES_CONCESIONADA,MTC_RVN_CONCESION_PRINCIPAL,MTC_RVN_CORREDOR_LOGISTICO,MTC_RVN_N_TRAMOS,IDH_2019,IDH_ESP_VIDA_2019,IDH_EDUC_SECUND_PCT_2019,IDH_ANIOS_EDUC_2019,IDH_INGRESO_PERCAP_2019,IDH_POBLACION_2019,MTC_DEP_RED_TOTAL_KM,MTC_DEP_NACIONAL_TOTAL_KM,MTC_DEP_DEPARTAMENTAL_TOTAL_KM,MTC_DEP_VECINAL_TOTAL_KM,MTC_DEP_PAV_TOTAL_KM,MTC_DEP_NO_PAV_TOTAL_KM,MTC_DEP_PCT_PAVIMENTADA,PER_TOTAL_PERSONAS,PER_N_CONDUCTORES,PER_N_CONDUCTORES_FUGADOS,PER_N_PEATONES,PER_N_PASAJEROS_OCUPANTES,PER_EDAD_COND_PROM,PER_EDAD_COND_MIN,PER_EDAD_COND_MAX,PER_ANY_COND_MASCULINO,PER_ANY_LIC_PROBLEMA,PER_ANY_DOSAJE_POS,PER_ANY_DOSAJE_EVALUADO,VEH_TOTAL,VEH_N_FUGADOS,VEH_ANY_FUGADO,VEH_ANY_CARGA,VEH_ANY_PUBLICO,VEH_ANY_PARTICULAR,VEH_ANY_MOTO,VEH_ANY_AUTO,VEH_ANY_CAMION_BUS,VEH_ANY_SOAT_PROBLEMA,VEH_ANY_CITV_PROBLEMA,VEH_ANY_SEGURO_PROBLEMA,HORA_NUM,FRANJA_HORARIA,ANIO,MES,DIA_MES,DIA_SEMANA,ES_FIN_SEMANA,ES_QUINCENA,REGION_NATURAL,TIENE_SEÑALIZACION,ES_VIA_MULTICARRIL,ES_DEPTO_BAJO_PAVIMENTO,CATEGORIA_SEVERIDAD,CATEGORIA_SEVERIDAD_ENC
3,1,14,2,2,4,-12.163841,-76.952571,0,0,7,1,2,2,2,6,6543.555,2.0,4,4,1.0,14,33,1198.0,0.689811994580126,79.88015655965044,73.89553442371854,9.755251380104111,1409.8432274455126,452660.364025696,7626.313,1683.4029999999998,1599.0829999999996,4343.827000000001,1814.875,5811.438000000001,23.797541485643197,4,2,0,0,2,24.0,18.0,30.0,1.0,0.0,0.0,0.0,2,0,0.0,0.0,1.0,1.0,1.0,0.0,1.0,0.0,1.0,0.0,11,1,2021,1,25,0,0,1,0,1,0,1,LEVE,0
6,1,20,0,4,1,-15.6652879,-70.6545816,0,4,0,1,2,2,2,2,1504.4250000000002,2.0,2,0,1.0,7,25,241.0,0.4698599762559323,78.4228993312338,68.12786536644234,6.991927650318564,610.3916333612686,6938.8501070663815,13642.312999999998,2020.7790000000005,2354.117,9267.416999999998,3314.0520000000006,10328.260999999997,24.29244952817019,3,1,0,0,2,42.0,42.0,42.0,1.0,0.0,0.0,0.0,1,0,0.0,0.0,1.0,0.0,0.0,0.0,1.0,1.0,1.0,1.0,3,0,2022,11,22,1,0,1,2,1,0,1,GRAVE_MORTALIDAD,2
0,1,20,0,4,1,-15.550033,-70.108568,0,4,7,1,2,2,2,4,7586.903,2.0,2,0,1.0,9,5,1198.0,0.3646929504779869,74.39003066237748,63.71456574957328,5.594162012040831,387.0285253251433,5552.2119914346895,13642.312999999998,2020.7790000000005,2354.117,9267.416999999998,3314.0520000000006,10328.260999999997,24.29244952817019,2,1,0,1,0,25.0,25.0,25.0,1.0,1.0,0.0,0.0,1,0,0.0,0.0,0.0,1.0,1.0,0.0,0.0,1.0,1.0,1.0,20,2,2023,11,6,0,0,0,2,1,0,1,LEVE,0
10,1,2,0,4,0,-14.610307132306088,-73.2851756227022,6,5,6,2,6,2,2,0,6543.555,2.0,4,4,1.0,14,33,1198.0,0.3664074671664916,64.98461839600242,49.21626723104894,6.514538355458617,485.1304734113088,4508.062098501071,8358.971,1282.451,1298.0969999999998,5778.423,1432.683,6926.288,17.139466089785454,1,1,0,0,0,52.0,52.0,52.0,1.0,0.0,0.0,0.0,1,0,0.0,0.0,0.0,1.0,0.0,0.0,1.0,0.0,0.0,0.0,15,3,2023,3,25,5,1,1,2,1,0,1,LEVE,0
3,2,3,2,2,4,-16.39663,-71.52217,0,0,1,1,2,0,1,0,6543.555,2.0,4,4,1.0,14,33,1198.0,0.6893081609955986,78.72461703282094,81.31677090898836,11.55271371546442,1241.4976449826772,53016.63811563169,10322.272,1495.236,1749.739,7077.2970000000005,2886.595,7435.677000000001,27.964725207783708,2,2,0,0,0,54.5,45.0,64.0,1.0,0.0,0.0,0.0,2,0,0.0,0.0,1.0,1.0,1.0,0.0,1.0,0.0,0.0,1.0,6,1,2022,1,21,4,0,1,0,1,0,1,LEVE,0
0,1,14,2,6,4,-11.975217,-77.00532,0,2,7,1,2,2,2,2,6543.555,2.0,4,4,1.0,14,33,1198.0,0.701053025277506,79.62867561460851,73.1469484600971,10.064317505194426,1464.6926161541437,1150285.0494171206,7626.313,1683.4029999999998,1599.0829999999996,4343.827000000001,1814.875,5811.438000000001,23.797541485643197,2,1,0,1,0,32.0,32.0,32.0,1.0,0.0,0.0,0.0,1,0,0.0,0.0,0.0,1.0,0.0,0.0,1.0,0.0,0.0,0.0,19,2,2021,4,26,0,0,1,0,1,0,1,LEVE,0
3,2,3,2,4,2,-17.175206,-71.791538,0,3,7,1,2,2,2,0,6543.555,2.0,4,4,1.0,14,33,1198.0,0.6064020802559494,77.82737834960788,75.48658600973863,8.303531284530445,1096.758694527593,6370.241970021414,10322.272,1495.236,1749.739,7077.2970000000005,2886.595,7435.677000000001,27.964725207783708,2,2,0,0,0,35.0,28.0,42.0,1.0,0.0,0.0,0.0,2,0,0.0,0.0,0.0,1.0,0.0,1.0,0.0,0.0,0.0,1.0,5,0,2022,9,4,6,1,0,0,1,0,1,LEVE,0
3,2,7,2,4,1,-14.809723,-71.43073,0,4,7,1,2,2,2,2,363.645,-1.0,0,0,0.0,9,32,37.0,0.553052655456334,69.21726434550523,74.04128761826507,8.709280027519238,977.6848841665504,33976.192719486084,17779.13499998999,2097.3709999899997,2863.123,12818.640999999989,2878.713,14900.421999989989,16.19152450331032,2,2,0,0,0,28.0,25.0,31.0,1.0,1.0,1.0,1.0,2,0,0.0,0.0,0.0,1.0,1.0,1.0,0.0,0.0,1.0,0.0,12,3,2024,6,6,3,0,0,2,1,0,1,LEVE,0
3,1,14,2,2,4,-12.19660856,-76.93395764,0,2,7,1,2,2,2,2,6543.555,2.0,4,4,1.0,14,33,1198.0,0.6990481232857558,80.14597904142546,74.3851677794309,10.004397644056358,1432.5044292531525,459161.0728051392,7626.313,1683.4029999999998,1599.0829999999996,4343.827000000001,1814.875,5811.438000000001,23.797541485643197,2,2,0,0,0,34.0,28.0,40.0,1.0,1.0,0.0,0.0,2,0,0.0,1.0,1.0,0.0,1.0,0.0,1.0,1.0,1.0,1.0,18,2,2023,4,11,1,0,0,0,1,0,1,LEVE,0
3,2,20,0,4,1,-15.289029,-69.947184,0,4,7,1,2,2,2,2,1762.84,2.0,1,0,0.0,9,32,485.0,0.3120136684565522,74.56643070176949,67.13828218150482,6.277409990126978,231.9912855577296,12390.518201284798,13642.312999999998,2020.7790000000005,2354.117,9267.416999999998,3314.0520000000006,10328.260999999997,24.29244952817019,2,2,0,0,0,42.0,33.0,51.0,1.0,0.0,0.0,0.0,2,0,0.0,0.0,0.0,1.0,1.0,0.0,1.0,0.0,1.0,1.0,8,1,2023,12,5,1,0,0,2,1,0,1,LEVE,0
5,1,5,0,4,1,-5.547119655589564,-78.81067826057718,0,4,0,0,2,1,1,0,7758.33400008,2.0,2,0,1.0,9,20,2133.0,0.4823525101155781,74.68609013731242,51.19107770858362,5.880567124588062,905.9911705096852,13071.734475374731,15935.565011852366,1733.9250000199986,935.692,13265.948011832368,2000.1670000199988,13935.398011832369,12.551591352627522,5,1,0,0,3,34.78544405920031,34.64255512498858,34.92833299341204,1.0,0.07144446710586405,0.0,0.07144446710586405,1,0,0.0,0.928555532894136,0.0,0.07144446710586405,0.07144446710586405,0.0,0.928555532894136,0.0,0.07144446710586405,0.0,6,1,2021,3,28,3,0,0,2,1,0,1,GRAVE_LESIONADOS,1
3,1,3,0,4,0,-16.505967179961,-71.78389482270475,0,4,7,1,2,1,1,0,3313.038782856033,2.0,2,1,1.0,9,27,584.4805988718734,0.6105481451420971,78.10653088113892,68.35418098658066,8.411557426919764,1158.5430895193692,35025.678800856535,10322.272,1495.236,1749.739,7077.2970000000005,2886.595,7435.677000000001,27.964725207783708,7,2,0,0,4,28.495867575025034,23.07674168925352,33.487602725075114,1.0,0.0,0.35891389641784055,1.0,2,0,0.0,1.0,0.6410861035821595,0.35891389641784055,0.0,0.35891389641784055,0.6410861035821595,0.0,0.0,0.0,12,1,2024,7,10,3,0,0,0,1,0,1,GRAVE_LESIONADOS,1
3,2,5,0,4,1,-5.660623140464393,-78.76020002879602,0,3,7,0,2,0,1,2,7758.33400008,2.0,2,0,1.0,9,20,2133.0,0.5803239946829384,74.49544278598792,68.33065356443184,8.733179344969395,1046.078117086984,102362.46895074946,15935.565011852366,1733.9250000199986,935.692,13265.948011832368,2000.1670000199988,13935.398011832369,12.551591352627522,5,2,0,0,2,40.94173541672676,38.7533883333814,43.130082500072106,1.0,1.0,0.6883470833453511,1.0,2,0,0.0,0.0,1.0,0.3116529166546489,1.0,0.0,0.0,0.6883470833453511,1.0,1.0,5,0,2023,3,12,4,0,0,2,1,0,1,GRAVE_LESIONADOS,1
3,2,13,0,4,1,-6.700906518925234,-79.90172341514754,0,4,7,1,2,2,2,0,6543.555,3.0,2,0,1.0,0,30,1475.0,0.5539280527450423,74.69452916859504,66.89728158703436,9.542777400516576,872.5509264417765,79617.09421841543,3459.691,515.0619999999999,689.7280000000001,2254.901,703.3549999999999,2756.336,20.329994788551925,9,2,0,0,7,40.75629384321093,30.79745388439423,50.71513380202764,1.0,1.0,0.0,0.4746817355492786,2,0,0.0,0.0,1.0,0.5253182644507214,0.5253182644507214,0.5253182644507214,0.4746817355492786,0.0,1.0,0.5253182644507214,2,0,2022,8,14,1,0,0,0,1,1,1,GRAVE_LESIONADOS,1
5,1,12,0,4,1,-7.921295220341374,-78.15841956682704,0,4,7,1,2,2,2,1,9712.781437708363,2.06605530782216,2,0,1.0,8,31,3674.439750078813,0.40571988525675506,73.2530970867835,58.18313422148087,5.679055123963821,552.3630922220157,69435.36760453142,8931.828000000005,1335.5899999999997,1935.9830000000004,5660.255000000005,1219.309,7712.519000000005,13.651281686122925,5,1,0,1,2,35.08991257906564,34.06605530782216,36.113769850309126,1.0,0.06605530782216007,0.0,0.0,1,0,0.0,1.0,0.06605530782216007,0.0,0.06605530782216007,0.0,1.0,0.0,1.0,0.06605530782216007,15,2,2021,5,28,1,0,0,0,1,0,1,GRAVE_LESIONADOS,1
5,1,5,0,4,1,-6.467208301894925,-78.88752029272959,0,4,5,1,2,0,1,0,9936.932,2.0,2,0,1.0,9,32,3830.0,0.30183127507317237,72.16202459248862,53.78339056868755,4.070455364900065,330.3118089136569,5375.173332899534,15935.565011852366,1733.9250000199986,935.692,13265.948011832368,2000.1670000199988,13935.398011832369,12.551591352627522,7,1,0,0,5,42.0,41.67081882779684,42.54863528700527,1.0,0.027431764350263177,0.0,0.027431764350263177,1,0,0.0,1.0,0.0,0.027431764350263177,0.0,0.027431764350263177,1.0,0.0,0.0,0.0,5,0,2022,2,4,4,0,0,2,1,0,1,GRAVE_LESIONADOS,1
4,1,8,0,4,1,-12.776800836096148,-75.14299098270901,0,4,4,0,2,2,2,0,1175.3378003253347,1.360059901930726,0,3,0.360059901930726,9,29,167.813777444067,0.49453236152471886,73.33334141553748,58.01558660836977,6.31516804792935,933.1200666842014,1523.9880948894945,8511.426,1445.3929999999996,2008.516,5057.516999999999,1879.579,6631.846999999998,22.08300935706896,5,1,0,0,4,27.59910147103911,26.959161372969838,28.239041569108384,1.0,0.360059901930726,0.0,0.0,1,0,0.0,0.0,0.0,1.0,0.0,1.0,0.639940098069274,0.0,0.0,0.0,9,1,2023,3,13,3,0,0,2,1,0,1,GRAVE_LESIONADOS,1
6,1,13,0,4,1,-9.638802185290825,-78.13030222613352,0,4,7,1,2,2,2,1,395.33732109391127,2.0,2,0,0.4778673549131358,8,14,76.50403097109111,0.6197820769105755,79.39078433118557,67.52025095042133,8.727947888707641,1167.0599249356512,35420.59029580619,8250.175999849425,1517.1945216855972,1760.0765118702354,4972.904966293592,1530.2734509038032,6719.902548945622,18.94897515298496,5,1,0,0,4,46.3631731583877,46.3631731583877,46.3631731583877,1.0,0.0,0.0,0.5221326450868642,1,0,0.0,0.0,0.0,1.0,0.0,0.5221326450868642,0.4778673549131358,0.0,0.4778673549131358,0.0,13,2,2023,9,9,2,0,0,0,1,0,1,GRAVE_LESIONADOS,1
4,2,11,0,4,1,-9.140720905220359,-78.29293039505461,0,4,7,1,2,2,2,2,665.5774494428574,0.9341480772892323,2,1,0.3552839742369226,10,15,145.8773532299047,0.5444085671589634,79.75867969328863,65.78516280766307,7.8617941498769515,858.6799684013389,16532.635852102994,3552.693685935999,580.123022498162,709.3176477714754,2263.2530156663615,845.3080013384138,2707.385684597585,23.636372583036724,5,1,0,0,3,46.223580128815385,36.55283974236923,55.89432051526155,1.0,0.6447160257630774,0.0,0.0,1,0,0.0,1.0,0.0,0.6447160257630774,0.6447160257630774,0.0,1.0,0.6447160257630774,0.6447160257630774,0.6447160257630774,1,0,2022,7,14,1,0,0,0,1,0,1,GRAVE_LESIONADOS,1
3,1,3,1,2,3,-16.37980517134881,-72.19312635962163,0,3,2,1,2,1,1,0,6574.167218982197,2.0,3,2,1.0,12,32,1330.7100968114282,0.6077843615696785,76.53072135400231,69.81276959706165,8.77367759087771,1135.5159013374655,74658.55888650964,10322.272,1495.236,1749.739,7077.2970000000005,2886.595,7435.677000000001,27.964725207783708,5,2,0,0,3,31.6825117301162,26.9524648096514,36.412558650581,1.0,0.6825117301162001,0.0,1.0,2,0,0.0,0.6825117301162001,0.6825117301162001,0.31748826988379986,0.6825117301162001,0.31748826988379986,1.0,0.0,1.0,0.0,9,1,2024,3,10,4,0,0,0,1,0,1,GRAVE_LESIONADOS,1
4,1,14,0,4,1,-11.287124691736306,-77.47185164946883,0,4,4,0,2,2,2,2,6543.555,2.662232158329593,2,1,1.0,4,31,1381.4383078572973,0.7327345537337897,78.20903814342847,76.31492653513806,13.642917835589472,1405.6698219039215,62016.21841541756,7626.313,1683.4029999999998,1599.0829999999996,4343.827000000001,1814.875,5811.438000000001,23.797541485643197,7,1,0,0,5,45.50665176250561,42.29785726663675,48.71544625837448,1.0,0.0,0.0,1.0,1,0,0.0,0.0,0.33776784167040697,0.662232158329593,0.0,0.662232158329593,0.33776784167040697,0.0,0.0,0.0,5,0,2023,9,15,1,0,0,0,1,0,1,GRAVE_LESIONADOS,1
3,1,12,0,4,0,-8.665951991509168,-78.82628050396293,0,4,5,1,2,1,1,1,6543.555,2.2846776894708642,3,2,1.0,10,32,1276.8557199834295,0.6202248635381694,79.67706691402563,72.18642999221919,9.1864597688249,1088.656080460525,19815.849161204773,8560.177006230448,1434.6046012079296,1840.075086417266,5285.497318605253,1388.853352807405,7171.323653423044,16.53969548262147,15,1,0,0,14,44.70080996312124,41.12419841047556,48.27742151576692,1.0,0.0,0.0,0.0,1,0,0.0,0.7153223105291356,0.28467768947086436,0.0,0.0,0.7153223105291356,1.0,0.0,0.7153223105291356,0.0,12,3,2022,2,18,3,0,1,0,1,0,1,GRAVE_LESIONADOS,1
5,0,11,0,4,1,-11.947326342495444,-75.32642725087612,3,2,7,1,2,2,2,0,214.55868312831393,2.0,1,0,0.7318567703880792,4,32,28.296419259701977,0.5094324469192663,69.80046164182401,68.30814412618273,8.9065528403411,781.4898849740999,1269.9314775160597,12264.545,1826.4639999999995,1105.5389999999998,9332.542,1588.5359999999996,10676.009,12.952261987705208,5,1,0,0,3,33.30136589588014,32.899151051462255,33.70358074029802,1.0,0.7318567703880792,0.0,0.0,1,0,0.0,0.0,0.0,1.0,0.7318567703880792,0.26814322961192083,0.26814322961192083,0.0,0.7318567703880792,0.0,15,2,2021,3,29,2,0,1,2,1,0,1,GRAVE_LESIONADOS,1
6,1,7,0,4,0,-14.091859692127363,-71.85948718634428,0,4,2,0,2,2,2,2,6543.555,2.0,4,4,1.0,14,33,1198.0,0.23775731885331838,67.10919985982412,44.74578852434747,3.8894987249606587,247.06779038063883,6758.240150739971,17779.13499998999,2097.3709999899997,2863.123,12818.640999999989,2878.713,14900.421999989989,16.19152450331032,5,1,0,0,4,29.63133696232813,29.63133696232813,29.63133696232813,1.0,0.315668481164066,0.0,0.684331518835934,1,0,0.0,0.0,0.0,1.0,0.0,0.0,1.0,0.0,0.0,0.0,12,2,2022,7,7,4,0,0,2,1,0,1,GRAVE_LESIONADOS,1
6,1,5,0,4,2,-6.567466459363217,-78.41526784613835,0,4,0,0,2,2,2,0,6543.555,2.0,4,4,1.0,14,33,1198.0,0.21011891809645394,72.79429698306987,37.66788406156986,3.481797840678105,180.90791139528835,9136.26921903805,15935.565011852366,1733.9250000199986,935.692,13265.948011832368,2000.1670000199988,13935.398011832369,12.551591352627522,7,1,0,0,6,30.256532008501406,30.256532008501406,30.256532008501406,1.0,0.874748768903792,0.0,1.0,1,0,0.0,1.0,0.0,0.0,0.874748768903792,0.0,0.12525123109620795,0.874748768903792,0.874748768903792,0.874748768903792,11,1,2024,4,6,4,0,0,2,1,0,1,GRAVE_LESIONADOS,1
3,1,18,1,4,1,-5.950173434020881,-78.14928137406625,0,1,7,1,2,2,2,0,5535.286796911069,2.0,2,0,1.0,6,20,1454.3546445368418,0.47599029137806503,73.9455549236921,55.74874890698232,6.312895301232661,811.1912566005728,46444.29890584425,4892.271990421228,711.7241686934395,870.3668829416333,3310.180938786155,906.596522280859,3985.675468140368,18.771093135632277,5,2,0,0,3,24.705715098538604,21.100410253384986,28.311019943692227,1.0,0.6555099718461126,0.0,0.0,2,0,0.3444900281538874,0.0,0.6555099718461126,0.6555099718461126,1.0,0.0,0.0,1.0,0.6555099718461126,1.0,8,1,2023,9,17,3,0,0,0,1,0,1,GRAVE_LESIONADOS,1
6,1,12,0,4,1,-7.759781968575703,-77.63447922988193,0,4,7,1,6,2,2,0,6543.555,2.0397971273356523,3,3,1.0,13,32,1209.0238042719757,0.4744048113112398,72.5962265783771,43.552144693741155,6.791289396171182,885.2452988301484,9399.511774866518,8931.828000000005,1335.5899999999997,1935.9830000000004,5660.255000000005,1219.309,7712.519000000005,13.651281686122925,6,1,0,0,5,32.96020287266435,32.96020287266435,32.96020287266435,1.0,0.0,0.0,0.0,1,0,0.0,0.9602028726643475,0.0,0.03979712733565255,0.0,0.03979712733565255,0.9602028726643475,0.0,0.03979712733565255,0.0,9,1,2023,10,4,5,1,0,0,1,0,1,GRAVE_LESIONADOS,1
3,2,1,1,4,1,-12.212063311853797,-75.24413929376924,2,4,7,1,2,1,1,0,6543.555,2.0,4,4,1.0,14,33,1198.0,0.5331656073528256,78.0715814877591,70.29013320386306,7.781068829836114,838.6876986126181,15250.21421899902,10588.465367866096,1728.2287118101037,1434.7496508970976,7425.487005158896,2416.6660683300092,8171.799299536088,22.909125549296643,5,2,0,0,3,39.34437605256302,32.35596437494572,46.332787730180314,1.0,0.0,0.0,0.40231766447654094,2,0,0.0,1.0,0.0,1.0,0.0,1.0,1.0,0.0,0.0,0.0,15,2,2022,4,12,3,0,0,0,1,0,1,GRAVE_LESIONADOS,1
5,1,12,0,4,1,-8.008036018896853,-78.29505444814565,0,4,7,1,2,2,2,1,6985.725987349818,2.0,3,3,1.0,13,32,1540.9604310705,0.4320883936567258,76.718936301794,43.003289188979466,6.269065613037991,662.0777072841523,13167.552462526766,8931.828000000005,1335.5899999999997,1935.9830000000004,5660.255000000005,1219.309,7712.519000000005,13.651281686122925,5,1,0,0,4,36.80454382727745,32.86969588485164,39.86969588485164,0.13030411514836615,0.0,0.0,0.0,1,0,0.0,0.13030411514836615,0.8696958848516338,0.0,0.8696958848516338,0.0,0.13030411514836615,0.8696958848516338,0.0,0.8696958848516338,17,1,2023,2,17,5,1,1,0,1,0,1,GRAVE_LESIONADOS,1
3,2,19,0,3,1,-5.174851985251831,-80.56774757810881,0,4,7,1,2,1,1,0,1877.0421452032915,2.0,2,0,1.0,2,21,275.9887265202293,0.6260247388640949,80.04211829298167,73.21935437948173,10.166829273356164,1039.3151872366093,161922.1484701097,8965.846000060003,1782.4120000599992,636.9959999999999,6546.438000000004,2214.505000059999,6751.341000000004,24.699342371541725,12,2,0,0,10,40.617912519013714,39.14414652092377,42.09167851710367,1.0,0.10916785171036647,0.0,0.8908321482896335,2,0,0.0,0.0,0.0,1.0,0.10916785171036647,0.8908321482896335,0.8908321482896335,0.10916785171036647,0.8908321482896335,0.0,12,1,2022,8,13,3,0,0,0,1,0,1,GRAVE_LESIONADOS,1
3,2,15,0,4,1,-13.495382910380485,-72.41189380799716,0,1,3,0,2,2,2,2,760.7340476397899,1.0,0,2,0.0,9,32,101.03563932707341,0.4590629841944932,74.41095378096254,66.71223752416157,7.858565131068669,617.3232155788537,46415.239184040234,12883.214857029401,1913.718772406289,1666.1976687672059,9303.298415855905,2363.357840122535,10519.857016906864,18.04443440305095,7,2,0,0,5,45.19422656221977,35.286528645179466,55.10192447926008,1.0,0.0,0.0,0.4490377603699617,2,0,0.0,0.5509622396300383,0.4490377603699617,1.0,0.0,1.0,1.0,0.4490377603699617,0.0,0.0,10,1,2022,6,30,1,0,1,2,1,0,1,GRAVE_LESIONADOS,1
4,1,7,0,4,1,-13.866649274590086,-72.00769418539085,1,4,7,1,2,0,1,2,2681.847797388349,1.0,1,3,0.0,9,21,824.6910169961074,0.4544090107784827,69.69175473877007,69.37176222285584,6.681567494623368,678.0238306050268,10261.578456716199,17779.13499998999,2097.3709999899997,2863.123,12818.640999999989,2878.713,14900.421999989989,16.19152450331032,9,1,0,0,8,30.110444676803894,27.947659429656188,32.2732299239516,1.0,0.0,0.0,0.0,1,0,0.0,0.0,0.5406963117869262,1.0,0.0,0.5406963117869262,1.0,0.0,0.0,0.0,8,1,2023,6,7,0,0,0,2,1,0,1,GRAVE_LESIONADOS,1
5,1,7,0,4,1,-13.145901277432836,-72.28150079879657,0,4,7,1,2,1,1,2,3447.8009999999995,1.0,2,3,0.0,9,12,1109.0,0.4436910265814239,73.23231952981627,68.31759937357421,6.347812015893606,607.5963608103546,11277.284796573877,17779.13499998999,2097.3709999899997,2863.123,12818.640999999989,2878.713,14900.421999989989,16.19152450331032,4,1,0,0,3,29.615753464064138,29.30787673203207,29.92363019609621,1.0,0.0,0.0,0.0,1,0,0.0,0.0,0.07696918300801736,1.0,0.0,1.0,0.07696918300801736,0.0,0.0,0.0,15,3,2021,5,24,1,0,0,2,1,0,1,GRAVE_LESIONADOS,1
3,2,15,0,4,1,-10.394452929711068,-76.744021010323,0,4,5,0,2,1,1,0,6575.299836246782,2.6707650254430355,2,0,1.0,2,30,1521.422131412532,0.6009047717641044,75.34514101935551,69.72694975028669,10.238054399385602,1036.9277435138818,77826.10530682173,3193.3007266214436,553.125184643505,623.1017059038309,2017.0738360741075,823.6400102494631,2369.66071637198,26.91129644512013,11,2,0,0,9,45.40300543253161,31.707650254430355,59.09836061063286,1.0,1.0,0.0,1.0,2,0,0.0,0.0,0.6707650254430357,0.32923497455696427,0.0,0.32923497455696427,1.0,0.0,0.6707650254430357,0.0,1,0,2021,7,23,2,0,1,0,1,0,1,GRAVE_LESIONADOS,1
3,1,19,0,4,1,-14.192895982594775,-71.44735967399515,0,4,1,1,2,2,2,2,6543.555,2.1787405796271546,3,3,1.0,11,32,1247.5111405567218,0.41704345362195205,76.79208761604279,72.18051286443797,7.320558832470612,445.77239285580293,50329.944039485345,12806.438577823463,1978.1731442667387,2047.197797170041,8781.067636386684,3117.518331903426,9688.920245920037,24.365177790840562,4,1,0,0,3,57.39133478335561,57.39133478335561,57.39133478335561,1.0,0.0,0.0,0.1787405796271545,1,0,0.0,0.1787405796271545,0.0,0.8212594203728455,0.0,0.0,1.0,0.0,0.1787405796271545,0.0,17,1,2022,7,25,0,0,1,1,1,0,1,GRAVE_LESIONADOS,1
3,1,14,1,2,3,-11.905243774532828,-77.1641073760981,0,0,2,1,2,2,2,0,6543.555,2.244655054604713,3,3,1.0,10,32,1265.7694501255055,0.8091709250050413,79.91077989320858,78.83373775256341,13.156749728086451,1844.2211905647907,58891.007009062,7626.313,1683.4029999999998,1599.0829999999996,4343.827000000001,1814.875,5811.438000000001,23.797541485643197,27,2,0,0,24,45.0,34.42517076446598,52.55344945395287,1.0,0.0,0.0,0.24465505460471304,2,0,0.0,0.0,0.755344945395287,1.0,0.755344945395287,0.24465505460471304,0.755344945395287,0.0,0.755344945395287,0.755344945395287,11,2,2023,7,23,3,0,1,0,1,0,1,GRAVE_LESIONADOS,1
8,1,5,0,4,0,-7.416522411550232,-78.2546087517553,4,4,2,0,1,0,1,1,6543.555,2.0,4,4,1.0,14,33,1198.0,0.2880724123941552,76.93224142686165,39.43201945191923,3.6808972439424816,335.47053678210756,23845.55791184646,15935.565011852366,1733.9250000199986,935.692,13265.948011832368,2000.1670000199988,13935.398011832369,12.551591352627522,6,1,0,0,5,46.52308853876626,46.52308853876626,46.52308853876626,1.0,0.0,0.0,0.0,1,0,0.0,0.0,0.5786991183666353,0.42130088163336465,0.0,1.0,0.0,0.0,0.0,0.0,10,1,2022,9,13,3,0,0,2,1,0,1,GRAVE_LESIONADOS,1
5,2,10,0,4,1,-12.457374893718526,-76.76391688241344,0,4,7,1,2,2,2,5,382.7671001128058,-0.5165180102958109,2,0,1.0,11,29,38.85177815873999,0.5207144606259015,78.89589510425998,60.955643792243904,8.031906701424049,785.7029129694802,14648.13171947067,3679.2739731850447,668.673614705803,735.9799233505635,2274.620435128678,1038.51157932589,2640.7623938591546,28.13648187308198,4,1,0,0,3,42.677678673530544,41.22723270441797,44.12812464264311,1.0,0.16116066323472966,0.0,0.0,1,0,0.0,0.8388393367652703,0.16116066323472966,0.16116066323472966,0.16116066323472966,0.0,0.8388393367652703,0.16116066323472966,0.16116066323472966,0.16116066323472966,7,0,2022,3,23,5,1,1,0,1,0,1,GRAVE_LESIONADOS,1
3,1,13,0,4,1,-7.684398030276702,-78.5492925333502,0,4,6,1,2,2,2,0,6140.5132059206135,2.877120467662288,2,0,1.0,0,28,1363.30250510502,0.53921245313167,79.41830320069037,67.55975664609797,7.846007529946529,839.5722493766245,10323.26078587842,3291.4320563699707,500.8533167962579,646.7561673847758,2143.822572188937,677.6079287097468,2613.824127660224,20.73470200270489,4,2,0,0,2,57.73521052240148,52.54240935324576,62.9280116915572,1.0,0.0,0.0,0.0,2,0,0.0,0.877120467662288,0.877120467662288,0.12287953233771198,0.12287953233771198,0.12287953233771198,0.877120467662288,0.0,0.12287953233771198,0.0,8,1,2022,2,16,3,0,0,0,1,0,1,GRAVE_LESIONADOS,1