CLASE SINIESTRO,CANTIDAD DE VEHICULOS DAÑADOS,DEPARTAMENTO,ZONA,TIPO DE VÍA,RED VIAL,COORDENADAS LATITUD,COORDENADAS  LONGITUD,CONDICIÓN CLIMÁTICA,ZONIFICACIÓN,CARACTERÍSTICAS DE VÍA,PERFIL LONGITUDINAL VÍA,SUPERFICIE DE CALZADA,¿EXISTE SEÑAL VERTICAL?,¿EXISTE SEÑAL HORIZONTAL?,CAUSA FACTOR PRINCIPAL,MTC_RVN_LONGITUD_KM,MTC_RVN_N_CARRILES_MEDIANA,MTC_RVN_SUPERFICIE_DOMINANTE,MTC_RVN_ESTADO_DOMINANTE,MTC_RVN_ES_CONCESIONADA,MTC_RVN_CONCESION_PRINCIPAL,MTC_RVN_CORREDOR_LOGISTICO,MTC_RVN_N_TRAMOS,IDH_2019,IDH_ESP_VIDA_2019,IDH_EDUC_SECUND_PCT_2019,IDH_ANIOS_EDUC_2019,IDH_INGRESO_PERCAP_2019,IDH_POBLACION_2019,MTC_DEP_RED_TOTAL_KM,MTC_DEP_NACIONAL_TOTAL_KM,MTC_DEP_DEPARTAMENTAL_TOTAL_KM,MTC_DEP_VECINAL_TOTAL_KM,MTC_DEP_PAV_TOTAL_KM,MTC_DEP_NO_PAV_TOTAL_KM,MTC_DEP_PCT_PAVIMENTADA,PER_TOTAL_PERSONAS,PER_N_CONDUCTORES,PER_N_CONDUCTORES_FUGADOS,PER_N_PEATONES,PER_N_PASAJEROS_OCUPANTES,PER_EDAD_COND_PROM,PER_EDAD_COND_MIN,PER_EDAD_COND_MAX,PER_ANY_COND_MASCULINO,PER_ANY_LIC_PROBLEMA,PER_ANY_DOSAJE_POS,PER_ANY_DOSAJE_EVALUADO,VEH_TOTAL,VEH_N_FUGADOS,VEH_ANY_FUGADO,VEH_ANY_CARGA,VEH_ANY_PUBLICO,VEH_ANY_PARTICULAR,VEH_ANY_MOTO,VEH_ANY_AUTO,VEH_ANY_CAMION_BUS,VEH_ANY_SOAT_PROBLEMA,VEH_ANY_CITV_PROBLEMA,VEH_ANY_SEGURO_PROBLEMA,HORA_NUM,FRANJA_HORARIA,ANIO,MES,DIA_MES,DIA_SEMANA,ES_FIN_SEMANA,ES_QUINCENA,REGION_NATURAL,TIENE_SEÑALIZACION,ES_VIA_MULTICARRIL,ES_DEPTO_BAJO_PAVIMENTO,CATEGORIA_SEVERIDAD,CATEGORIA_SEVERIDAD_ENC
4,2,3,0,4,1,-5.896763445949324,-78.87988001368106,0,4,5,1,2,1,1,0,7462.92406681515,2.243179980264226,2,0,1.0,6,22,1972.9875729861394,0.4998894798243855,72.38948424989375,65.71545476237067,6.782998052450967,849.3805637925473,49041.3188354389,3795.750118383493,999.4714650120599,610.4813757334672,2185.797277637966,885.1704142612434,2910.57970412225,23.237330973705664,8,2,0,0,6,31.702259861849583,25.486359960528453,37.91815976317071,1.0,0.24317998026422594,0.0,0.24317998026422594,2,0,0.0,0.24317998026422594,0.24317998026422594,0.7568200197357741,0.7568200197357741,0.0,1.0,0.0,0.7568200197357741,0.0,4,0,2022,1,19,5,0,0,0,1,0,1,GRAVE_LESIONADOS,1
4,1,22,0,4,1,-11.120705314480954,-74.87644613768498,2,4,6,1,6,2,2,2,6543.555,2.0,4,4,1.0,14,33,1198.0,0.38094218215176745,73.53287279882753,65.88056733731338,7.408731375857327,496.8383148508527,2552.8033080076502,1912.8467300512477,409.4643157506248,397.52456413847335,1105.8578501621494,712.8752884854341,1199.9714415658134,34.534496821603966,4,1,0,0,2,37.10114126908273,37.10114126908273,37.10114126908273,1.0,0.44942936545863577,0.44942936545863577,1.0,1,0,0.0,0.5505706345413642,0.0,0.44942936545863577,0.44942936545863577,0.44942936545863577,0.5505706345413642,0.44942936545863577,0.44942936545863577,0.0,15,2,2022,4,9,4,0,0,0,1,0,1,GRAVE_LESIONADOS,1
4,1,5,0,4,0,-8.574388969083461,-77.27512700247978,0,4,6,0,1,2,2,0,6543.555,2.0,4,4,1.0,14,33,1198.0,0.3208018988738526,76.96096168744472,39.95759680756158,4.224113145080399,403.78193818200765,26726.82176463984,16290.439607286631,1803.8858656402128,1306.7092658231627,13179.844475823256,2169.2810875346527,14121.15851975198,13.252253552906247,6,2,0,0,3,41.17372602722539,31.887397259537405,50.46005479491338,1.0,0.0,0.0,0.0,2,0,0.8075068493641729,0.19249315063582706,0.0,0.8075068493641729,0.8075068493641729,0.0,0.19249315063582706,0.8075068493641729,0.8075068493641729,0.8075068493641729,15,3,2021,8,18,5,0,0,2,1,0,1,GRAVE_LESIONADOS,1
3,1,21,1,4,1,-5.774106817107305,-77.46192321376837,0,4,7,1,2,2,2,1,7758.33400008,2.0,2,0,1.0,9,20,2133.0,0.4158792445095751,73.9968975350673,50.41272683360057,5.357660954155453,659.155795692848,22397.478726009023,5645.136,815.0759999999999,965.298,3864.762,1013.406,4631.73,17.95184385283189,5,2,0,0,3,35.18496988688355,27.101878764139556,43.26806100962754,1.0,0.10187876413955654,0.0,0.0,2,0,0.10187876413955654,0.0,0.8981212358604435,1.0,1.0,0.0,0.0,0.10187876413955654,1.0,1.0,21,2,2021,10,2,0,0,0,1,1,0,1,GRAVE_LESIONADOS,1
5,1,4,0,4,1,-13.54367430373585,-74.15418732081892,0,4,0,0,6,1,1,2,6636.287247113704,2.0,3,3,1.0,13,30,1198.0,0.3970533397263151,75.5160871703634,59.08427493528345,5.999435160227812,475.0316314979342,6322.345388165719,12678.733000000004,1805.074000000001,1774.0339999999994,9099.625000000004,2485.375000000001,10193.358000000002,19.602707936195205,5,1,0,0,4,38.42207197772868,37.44439749304021,39.39974646241714,0.08887949860804245,0.08887949860804245,0.0,0.9111205013919575,1,0,0.0,0.08887949860804245,0.08887949860804245,0.9111205013919575,0.08887949860804245,0.0,1.0,0.0,0.08887949860804245,0.0,14,2,2022,7,28,4,0,1,2,1,0,1,GRAVE_LESIONADOS,1
3,1,12,0,4,1,-8.354111149400614,-78.70104873914636,0,4,5,0,1,2,2,2,6543.555,2.820507504232109,2,0,1.0,2,30,1425.2805786722943,0.5830709662208324,78.03425292487579,64.31040781029928,8.818391791296758,1020.7705818071183,15344.901845251245,8697.497854387586,1398.0198234305171,1875.5119781757978,5423.966052781271,1326.2086277344997,7371.289226653086,15.472459180248238,11,1,0,0,9,46.82040383675824,45.58964258041007,48.051165093106405,1.0,0.0,0.0,0.17949249576789084,1,0,0.0,1.0,0.8205075042321092,0.0,0.0,0.0,1.0,0.0,0.0,0.0,7,1,2023,5,4,1,0,0,0,1,0,1,GRAVE_LESIONADOS,1
8,1,10,0,4,2,-15.372802841918187,-75.13911659857607,3,4,3,1,5,2,2,1,5020.555313193803,2.0,3,3,1.0,11,31,918.9205907970912,0.5563774842369664,77.00938809632027,69.10246351364754,8.476961866273152,914.8835608305218,27932.19700214133,3721.461,698.1859999999996,744.866,2278.409,1102.9029999999996,2618.558,29.636290693359403,4,1,0,0,3,53.359947647295236,48.68062823245713,58.03926706213335,1.0,0.0,0.7600349018031739,1.0,1,0,0.0,0.2399650981968261,0.2399650981968261,0.7600349018031739,0.0,0.0,1.0,0.0,0.2399650981968261,0.2399650981968261,4,0,2021,8,25,4,0,1,0,1,0,1,GRAVE_LESIONADOS,1
6,1,5,2,3,1,-7.384466092798271,-78.44522524546949,0,2,0,1,2,1,1,0,1163.1157099447958,2.0,2,0,1.0,8,17,205.86327052210547,0.6147063702025567,73.5357845144181,74.47405837364862,9.613462865471437,1142.3365219058442,257060.312775738,15530.353379143646,1731.4612280599458,968.043137003768,12830.849014079931,1991.1309912734991,13539.222387870148,13.100014942170844,4,1,0,0,2,25.796516540614626,24.85370104356058,27.5358485782833,1.0,0.0,0.0,0.0,1,0,0.0,0.0,0.0,1.0,0.04876631881314042,1.0,0.04876631881314042,0.0,1.0,0.04876631881314042,3,0,2021,8,28,3,0,0,1,1,0,1,GRAVE_LESIONADOS,1
3,2,19,1,4,1,-5.259835362941113,-80.6015779869827,0,0,7,0,2,1,1,0,389.83301686883635,1.5311863781307724,2,2,0.0,9,32,117.68542168560523,0.4974873530446423,77.52704936815189,62.29674358978524,7.5263461607789655,727.1437776813526,76172.90114846831,8965.846000060003,1782.4120000599992,636.9959999999999,6546.438000000004,2214.505000059999,6751.341000000004,24.699342371541725,5,2,0,0,2,31.937401032647866,25.468813621869227,35.593559134392315,1.0,0.8437287927102575,0.8437287927102575,1.0,2,0,0.0,0.0,1.0,0.8437287927102575,1.0,0.8437287927102575,0.0,0.15627120728974253,1.0,1.0,5,0,2022,5,9,0,0,0,0,1,0,1,GRAVE_LESIONADOS,1
4,1,5,0,4,1,-6.425959984317028,-78.78186565383027,5,4,3,1,4,1,1,0,7075.68174451931,2.0,3,2,1.0,11,27,1607.5712109715337,0.3986579649539004,69.6368846523906,48.795334191752076,5.59762923515279,636.6716457965331,12425.575412546666,15935.565011852366,1733.9250000199986,935.692,13265.948011832368,2000.1670000199988,13935.398011832369,12.551591352627522,5,1,0,0,3,34.17280995055464,33.296721798743874,35.048898102365406,1.0,0.43804407590538375,0.0,0.43804407590538375,1,0,0.0,0.0,0.0,1.0,0.43804407590538375,0.5619559240946163,0.0,0.0,0.43804407590538375,0.0,14,1,2021,4,8,5,1,0,2,1,0,1,GRAVE_LESIONADOS,1
6,1,12,0,4,1,-8.493442616200944,-78.87974830119936,0,4,7,1,2,2,2,0,6543.555,3.0,2,0,1.0,0,30,1475.0,0.5120393280267908,77.25075255957603,56.30993188062205,6.780133116167957,895.1055586941181,9705.099873397996,8931.828000000005,1335.5899999999997,1935.9830000000004,5660.255000000005,1219.309,7712.519000000005,13.651281686122925,4,1,0,0,3,49.19029758921305,49.19029758921305,49.19029758921305,1.0,0.0,0.0,0.0,1,0,0.0,0.0,0.0,1.0,0.0,1.0,0.0,0.0,0.34239512329585964,0.0,9,1,2022,3,16,5,1,0,0,1,1,1,GRAVE_LESIONADOS,1
3,1,6,0,4,1,-11.165056192990578,-74.41186946724078,0,4,7,1,2,1,1,2,8652.696703775897,2.0,2,0,1.0,9,17,2391.6742177812093,0.28635470577198485,69.74872763101902,54.85864089648697,4.971133684667339,278.5351813227219,5434.985867198189,16943.03243026541,1932.5396475128339,1988.9874790075023,13021.505303745074,2480.2716210824706,14462.76080918294,14.54072877518829,4,1,0,0,3,45.60570916923871,38.501516475908815,52.7099018625686,1.0,0.0,0.0,1.0,1,0,0.0,0.5464763610253764,0.0,1.0,0.45352363897462356,0.5464763610253764,0.5464763610253764,0.0,0.0,0.0,14,1,2022,5,4,1,0,0,2,1,0,1,GRAVE_LESIONADOS,1
3,2,10,1,4,1,-13.648273375154949,-76.16339738411118,0,4,7,1,2,2,2,2,6639.975,2.0,2,0,1.0,9,31,1616.0,0.5724922536001303,76.65268880884348,72.13677273159638,9.110554327507137,917.2326118495283,24490.93300582181,3721.461,698.1859999999996,744.866,2278.409,1102.9029999999996,2618.558,29.636290693359403,7,2,0,0,5,28.274059728170666,23.274059728170666,33.27405972817067,1.0,0.0,0.0,0.9086467572764442,2,0,0.0,0.09135324272355583,0.9086467572764442,0.9086467572764442,0.0,1.0,1.0,0.09135324272355583,0.09135324272355583,0.0,2,0,2021,9,7,1,0,0,0,1,0,1,GRAVE_LESIONADOS,1
3,1,14,2,2,4,-12.22641242501036,-76.93666839371095,0,2,2,1,2,2,2,1,6543.555,2.0,4,4,1.0,14,33,1198.0,0.6990481232857558,80.14597904142546,74.3851677794309,10.004397644056358,1432.5044292531525,459161.0728051392,7626.313,1683.4029999999998,1599.0829999999996,4343.827000000001,1814.875,5811.438000000001,23.797541485643197,10,2,0,0,8,40.950905279142056,33.38443978561806,48.51737077266604,1.0,1.0,0.0,0.0,2,0,0.0,0.7566465493523988,0.7566465493523988,0.24335345064760117,0.24335345064760117,0.0,1.0,1.0,0.24335345064760117,1.0,12,1,2023,4,27,6,1,1,0,1,0,1,GRAVE_LESIONADOS,1
4,1,19,0,4,1,-5.166305592100521,-80.52602966556975,0,3,7,0,2,2,2,0,1305.18,2.0,2,0,1.0,1,20,163.0,0.6220812987247925,80.20155828147696,72.71675503872983,10.02377668600292,1028.915688621886,159840.92719486082,8965.846000060003,1782.4120000599992,636.9959999999999,6546.438000000004,2214.505000059999,6751.341000000004,24.699342371541725,4,1,0,0,2,31.549301846449485,25.494610461329774,37.60399323156919,1.0,0.4175649231117041,0.4175649231117041,1.0,1,0,0.0,0.4175649231117041,0.0,1.0,0.4175649231117041,0.0,0.5824350768882959,0.4175649231117041,1.0,0.4175649231117041,12,1,2022,7,12,4,0,0,0,1,0,1,GRAVE_LESIONADOS,1
6,1,10,1,4,1,-12.995728318039884,-76.37999311658939,0,4,1,1,2,2,2,0,6543.555,2.1865900968731675,3,3,1.0,11,32,1249.6854568338674,0.6186423536212916,80.6096362401968,68.76072731113668,10.703340268027759,1005.5633528089036,64733.59098718783,4450.0677129553815,882.0177354710911,904.2544327807065,2663.7955447035843,1235.7499244509825,3214.3177885043992,28.546837913073507,5,1,0,0,4,30.358621743717016,30.358621743717016,30.358621743717016,1.0,0.0,0.0,1.0,1,0,0.0,0.0,0.0,1.0,0.0,1.0,0.0,0.0,0.0,0.0,5,0,2023,9,4,0,0,0,0,1,0,1,GRAVE_LESIONADOS,1
5,1,5,0,4,0,-13.77304533734998,-75.0145365692645,0,4,5,0,6,1,1,0,6739.946689164634,2.0,3,3,1.0,13,27,1198.0,0.4638205880341659,67.27923731359415,67.24124790466605,7.263405547921849,722.5204450958581,825.3029075658094,12600.76948164206,1809.1002867530606,1648.2017156153913,9143.46747927361,2316.5610221913294,10284.20845945073,18.350879865865796,4,1,0,0,3,35.03527709872975,34.75292879907618,35.31762539838332,1.0,0.0,0.0,0.1882321997690456,1,0,0.0,0.8117678002309544,0.0,0.1882321997690456,0.0,0.1882321997690456,0.8117678002309544,0.0,0.8117678002309544,0.0,17,2,2023,6,11,5,0,0,2,1,0,1,GRAVE_LESIONADOS,1
3,3,5,1,4,1,-14.52048640716099,-73.2491914884092,0,4,0,1,1,0,1,0,6622.209745015363,2.0,2,0,1.0,9,31,1538.9840636426222,0.5370715990095073,75.76123638049688,63.555197937387696,7.594176455415871,976.7044427423303,35704.92467185955,10072.35233855294,1548.147790775089,1544.7176027030678,6979.486945074783,2762.763323775576,7309.589014777363,27.363082823337567,9,3,0,0,6,44.41492165597892,35.23771898617151,51.55274595471802,1.0,0.0,0.0,0.18424865157267423,3,0,0.0,0.8157513484273258,0.18424865157267423,0.8157513484273258,0.0,0.8157513484273258,1.0,0.0,0.18424865157267423,0.0,19,2,2022,9,19,4,0,0,0,1,0,1,GRAVE_LESIONADOS,1
6,1,13,0,4,1,-11.02497787720365,-77.38423393339312,0,4,6,1,2,2,2,0,1375.9157433416394,2.0,2,0,0.057002387551933986,8,19,663.9125722439435,0.6113349816021244,75.91820130269997,63.66463255083331,7.7973470341849715,1328.102309880946,24798.926593269607,7700.7304719848635,1663.576828578399,1618.2871043662462,4418.866539040218,1780.9263160552448,5919.80415592962,23.219180452348336,5,1,0,0,4,18.368057301246417,18.368057301246417,18.368057301246417,1.0,0.942997612448066,0.0,0.942997612448066,1,0,0.0,0.0,0.0,1.0,0.0,0.0,1.0,0.057002387551933986,0.057002387551933986,0.057002387551933986,16,2,2021,3,7,0,0,0,0,1,0,1,GRAVE_LESIONADOS,1
4,1,14,0,4,1,-6.58225956470496,-78.90620536189655,0,4,7,1,4,1,1,0,6543.555,2.0,4,4,1.0,14,33,1198.0,0.4904181881737031,76.06476054957025,51.43771941647934,6.667526094551969,857.7557492268917,9433.610037079197,8945.85027237401,1519.7707212795767,1400.538544353977,6025.541006740456,1629.5303344038284,7316.319937970182,18.20530943208828,5,1,0,0,3,28.465782943088534,27.641379841831903,29.290186044345162,1.0,0.0,0.4122015506283152,0.4122015506283152,1,0,0.0,0.5877984493716848,0.0,0.4122015506283152,0.4122015506283152,0.0,0.5877984493716848,0.4122015506283152,0.4122015506283152,0.0,14,1,2022,6,3,5,1,0,0,0,0,1,GRAVE_LESIONADOS,1
6,1,7,0,4,1,-13.40518925011748,-72.22454830501565,0,4,0,0,2,1,1,2,2988.121893803487,1.0,2,3,0.0,9,10,946.7937484299242,0.46295355454988046,75.47571771984911,62.02655817601053,6.995517834678042,646.0273332873813,2950.802800391392,17779.13499998999,2097.3709999899997,2863.123,12818.640999999989,2878.713,14900.421999989989,16.19152450331032,4,1,0,0,3,29.75617004652641,29.75617004652641,29.75617004652641,1.0,0.0,0.0,0.0,1,0,0.0,0.0,0.0,1.0,0.0,1.0,0.0,0.0,1.0,0.0,6,0,2022,7,9,0,0,0,2,1,0,1,GRAVE_LESIONADOS,1
5,1,5,0,4,1,-5.503236398862196,-78.96573039645956,0,4,0,0,1,1,1,2,646.2958919339708,1.0174982139873885,1,2,0.0174982139873886,8,31,108.82241605740727,0.32669299078298497,74.57697716399987,44.80157897443518,5.191417738440611,356.66379215830614,7055.045924775229,15935.565011852366,1733.9250000199986,935.692,13265.948011832368,2000.1670000199988,13935.398011832369,12.551591352627522,7,1,0,0,6,35.93000714405044,35.75502500417656,36.10498928392433,1.0,0.0,0.0174982139873886,1.0,1,0,0.0,0.0,0.0,1.0,0.0,0.0174982139873886,0.9825017860126114,0.0,0.0,0.0,22,1,2023,9,19,4,0,1,2,0,0,1,GRAVE_LESIONADOS,1
6,1,14,0,4,1,-11.60951067587274,-77.2003680485203,0,4,6,0,2,1,0,0,6543.555,3.0,2,0,1.0,0,30,1475.0,0.606011890732538,79.10580202061365,64.14379964647316,7.172095916125169,1269.9879605915198,20981.39186295503,7626.313,1683.4029999999998,1599.0829999999996,4343.827000000001,1814.875,5811.438000000001,23.797541485643197,5,1,0,0,4,31.343032514798914,31.343032514798914,31.343032514798914,1.0,0.0,0.0,1.0,1,0,0.0,0.0,0.04900464497127355,0.9509953550287265,0.0,0.9509953550287265,0.04900464497127355,0.0,0.0,0.0,15,2,2024,2,27,3,0,1,0,1,1,1,GRAVE_LESIONADOS,1
6,0,20,0,4,1,-15.619201480536235,-69.96943518979526,0,4,2,1,2,2,2,2,7586.903,2.0,2,0,1.0,9,5,1198.0,0.4645268807487027,72.41349808926562,75.65517523592702,8.088530364445626,591.0604957996035,20490.03574331227,13642.312999999998,2020.7790000000005,2354.117,9267.416999999998,3314.0520000000006,10328.260999999997,24.29244952817019,5,1,0,0,4,31.73709470367808,31.73709470367808,31.73709470367808,1.0,0.0,0.0,0.0,1,0,0.0,0.0,0.0,1.0,0.0,0.4272297233130542,0.5727702766869458,0.0,1.0,0.0,10,0,2022,11,18,4,0,0,2,1,0,1,GRAVE_LESIONADOS,1
6,1,12,0,4,0,-7.710266458585006,-77.62791419633886,0,4,1,1,2,2,2,1,6543.555,2.0,4,4,1.0,14,33,1198.0,0.4686292122960986,72.39347765706144,42.14285241633188,6.687776775372348,878.2652317159998,9440.374732334049,8931.828000000005,1335.5899999999997,1935.9830000000004,5660.255000000005,1219.309,7712.519000000005,13.651281686122925,4,1,0,0,3,28.083025887683686,28.083025887683686,28.083025887683686,1.0,0.0,0.0,0.0,1,0,0.0,1.0,0.0,0.0,0.0,0.0,1.0,0.0,0.0,0.0,14,2,2021,6,1,1,0,0,0,1,0,1,GRAVE_LESIONADOS,1
3,2,3,0,4,1,-16.052794586287405,-71.34233342976405,0,4,3,0,2,0,1,0,1504.4250000000002,2.0,2,0,1.0,7,25,241.0,0.4685280505645348,81.83746865987648,70.74305753660312,6.037751599761188,617.4715908037651,1751.8736616702354,10322.272,1495.236,1749.739,7077.2970000000005,2886.595,7435.677000000001,27.964725207783708,4,2,0,0,2,53.10880830561754,45.77217775090186,60.445438860333226,1.0,0.3267388905686336,0.0,0.3267388905686336,2,0,0.0,0.6732611094313664,0.0,1.0,0.0,1.0,0.6732611094313664,0.0,0.3267388905686336,0.0,7,1,2021,9,10,6,1,0,0,1,0,1,GRAVE_LESIONADOS,1
6,1,7,0,4,1,-13.068311493516125,-72.4090802854335,1,4,0,0,2,1,1,2,3447.8009999999995,1.0,2,3,0.0,9,12,1109.0,0.4706944943299555,76.79406176595778,61.64424635983724,7.141255198110581,653.4175319142125,3282.6252676659524,17779.13499998999,2097.3709999899997,2863.123,12818.640999999989,2878.713,14900.421999989989,16.19152450331032,4,1,0,0,3,32.55269920834594,32.55269920834594,32.55269920834594,1.0,0.0,0.0,0.6503856011922778,1,0,0.0,0.0,0.0,0.34961439880772216,0.0,1.0,0.0,0.0,0.34961439880772216,0.0,12,2,2023,3,21,3,0,0,2,1,0,1,GRAVE_LESIONADOS,1
4,1,12,0,4,2,-7.564217688702516,-78.86202406515146,0,4,7,1,1,2,2,0,6543.555,2.0,4,4,1.0,14,33,1198.0,0.31875476233823197,77.01235475687075,41.856508548971824,4.537024912183021,436.1715529875609,24423.61877761484,8931.828000000005,1335.5899999999997,1935.9830000000004,5660.255000000005,1219.309,7712.519000000005,13.651281686122925,4,1,0,0,2,35.0,30.96346497496776,39.036535025032244,1.0,0.5963464974967759,0.0,0.0,1,0,0.0,0.0,0.40365350250322407,0.5963464974967759,0.40365350250322407,0.0,0.5963464974967759,0.0,0.0,0.0,19,2,2022,5,16,3,0,0,0,1,0,1,GRAVE_LESIONADOS,1
5,1,7,0,4,1,-14.028800325779379,-71.98199332927072,0,2,7,1,5,1,1,2,6829.654469441901,2.0,3,2,1.0,12,25,1198.0,0.398886276956022,71.2732069324389,57.9461806051292,5.464274430428445,591.1957375704842,7607.346096980206,17779.13499998999,2097.3709999899997,2863.123,12818.640999999989,2878.713,14900.421999989989,16.19152450331032,9,1,0,0,7,29.491829109817193,28.532083997882676,30.451574221751706,1.0,1.0,0.0,0.274212889124147,1,0,0.0,0.0,0.274212889124147,1.0,0.0,0.274212889124147,1.0,0.0,0.0,0.0,7,1,2022,7,14,4,0,0,2,1,0,1,GRAVE_LESIONADOS,1
6,1,8,0,4,1,-13.595344293093207,-75.32653380671313,1,4,0,0,2,2,2,0,1674.3491387650636,1.9733916339223159,1,3,0.9733916339223159,9,23,313.8026235265042,0.5207835691274972,73.69049294694275,52.76386332939912,8.82836647987117,877.4031988985472,2038.3969583414898,8511.426,1445.3929999999996,2008.516,5057.516999999999,1879.579,6631.846999999998,22.08300935706896,4,1,0,0,3,18.106433464310737,18.106433464310737,18.106433464310737,1.0,0.9733916339223159,0.0,0.0,1,0,0.0,0.0,0.0,1.0,0.0,1.0,0.0,0.0,0.0,0.0,16,2,2022,3,3,3,0,0,2,1,0,1,GRAVE_LESIONADOS,1
3,1,7,0,4,1,-13.48942721734242,-72.24145336864373,0,0,1,1,2,1,1,2,7586.903,2.0,2,0,1.0,9,5,1198.0,0.3842333823391329,69.43756346928255,56.43226941164579,6.16576161225133,513.6422730317472,8678.051583456967,17779.13499998999,2097.3709999899997,2863.123,12818.640999999989,2878.713,14900.421999989989,16.19152450331032,9,2,0,0,7,26.970457036203193,24.20568555430479,29.735228518101597,1.0,0.26477148189840394,0.0,0.26477148189840394,2,0,0.0,0.0,0.26477148189840394,1.0,0.0,1.0,0.26477148189840394,0.0,0.7352285181015961,0.0,8,1,2023,7,8,3,0,0,2,1,0,1,GRAVE_LESIONADOS,1
3,1,14,2,2,4,-12.198832887250457,-76.93972581727871,0,1,1,0,2,2,2,0,6543.555,2.0,4,4,1.0,14,33,1198.0,0.6932695401651625,79.97966722884505,74.07882871305624,9.848519305704947,1418.326450315054,455093.90492322284,7626.313,1683.4029999999998,1599.0829999999996,4343.827000000001,1814.875,5811.438000000001,23.797541485643197,6,2,0,0,4,45.641247823536325,32.512998258829064,58.76949738824359,1.0,1.0,0.0,0.0,2,0,0.0,0.3743500870585469,0.3743500870585469,0.6256499129414531,0.0,0.6256499129414531,0.3743500870585469,0.3743500870585469,0.0,1.0,11,2,2023,5,19,4,0,0,0,1,0,1,GRAVE_LESIONADOS,1
5,1,5,0,4,1,-9.643888832174106,-76.198209438823,0,4,6,0,1,2,2,0,6543.555,2.0,4,4,1.0,14,33,1198.0,0.35139002215623355,76.73578140521286,45.2031889509219,4.7501008715273,453.1595107540014,27493.910665824216,16708.470669700095,1886.2975551746388,1743.755883984152,13078.417230541303,2368.4921400652615,14339.978529634835,14.077611489889719,6,2,0,0,3,41.967354003305196,35.28866001416512,48.646047992445276,1.0,0.0,0.0,0.0,2,0,0.5807559990556591,0.4192440009443409,0.0,0.5807559990556591,0.5807559990556591,0.0,0.4192440009443409,0.5807559990556591,0.5807559990556591,0.5807559990556591,15,3,2021,8,15,3,0,0,2,1,0,1,GRAVE_LESIONADOS,1
8,1,5,0,4,2,-12.583500138114244,-74.08558261074032,0,4,5,0,5,2,2,2,6543.555,2.0,4,4,1.0,14,33,1198.0,0.41108657343666555,79.83675262306257,51.22047417176452,6.008058375494118,537.8147030469354,11510.962834516573,12571.741666018868,1810.5993764808654,1601.3511318103883,9159.791157727614,2253.7072525608983,10318.034413457968,17.88479219841821,6,1,0,0,5,51.575366708828284,51.575366708828284,51.575366708828284,1.0,0.7416841289918231,0.0,1.0,1,0,0.0,0.0,0.0,0.2583158710081769,0.0,0.2583158710081769,0.7416841289918231,0.7416841289918231,0.7416841289918231,0.0,6,1,2023,6,11,3,0,0,2,1,0,1,GRAVE_LESIONADOS,1
3,1,13,0,4,1,-5.796216375241786,-79.84577790308387,0,4,7,1,2,1,0,1,1305.18,2.0,2,0,1.0,1,20,163.0,0.4703091457296942,74.91176543888524,59.04522375211969,6.365443427676777,742.49897987499,44335.321199143465,3459.691,515.0619999999999,689.7280000000001,2254.901,703.3549999999999,2756.336,20.329994788551925,5,2,0,0,3,46.58169428929909,43.88077093905093,49.28261763954724,1.0,0.0,0.0,0.6752308375620375,2,0,0.3247691624379625,0.0,0.0,0.6752308375620375,1.0,0.0,0.6752308375620375,0.3247691624379625,0.6752308375620375,0.3247691624379625,8,0,2021,8,20,1,0,1,0,1,0,1,GRAVE_LESIONADOS,1
3,1,7,0,4,1,-13.449049856383628,-73.4476379821909,1,4,5,0,2,1,1,2,7586.903,2.0,2,0,1.0,9,5,1198.0,0.3559602381654514,74.87754324637123,66.3448265927747,5.428246086401168,360.11614208236074,5458.938874087277,12877.116766168869,1849.4837742600057,1893.4626413484445,9134.17035056042,2655.9846683176474,10221.132097851221,20.56824125919358,5,2,0,0,3,47.647068307363654,38.70588818914686,56.58824842558044,1.0,0.7941180118216788,0.0,0.0,2,0,0.0,0.7941180118216788,0.7941180118216788,0.20588198817832115,0.7941180118216788,0.20588198817832115,0.7941180118216788,0.0,1.0,0.20588198817832115,9,1,2021,7,25,2,0,1,2,1,0,1,GRAVE_LESIONADOS,1