CLASE SINIESTRO,CANTIDAD DE VEHICULOS DAÑADOS,DEPARTAMENTO,ZONA,TIPO DE VÍA,RED VIAL,COORDENADAS LATITUD,COORDENADAS  LONGITUD,CONDICIÓN CLIMÁTICA,ZONIFICACIÓN,CARACTERÍSTICAS DE VÍA,PERFIL LONGITUDINAL VÍA,SUPERFICIE DE CALZADA,¿EXISTE SEÑAL VERTICAL?,¿EXISTE SEÑAL HORIZONTAL?,CAUSA FACTOR PRINCIPAL,MTC_RVN_LONGITUD_KM,MTC_RVN_N_CARRILES_MEDIANA,MTC_RVN_SUPERFICIE_DOMINANTE,MTC_RVN_ESTADO_DOMINANTE,MTC_RVN_ES_CONCESIONADA,MTC_RVN_CONCESION_PRINCIPAL,MTC_RVN_CORREDOR_LOGISTICO,MTC_RVN_N_TRAMOS,IDH_2019,IDH_ESP_VIDA_2019,IDH_EDUC_SECUND_PCT_2019,IDH_ANIOS_EDUC_2019,IDH_INGRESO_PERCAP_2019,IDH_POBLACION_2019,MTC_DEP_RED_TOTAL_KM,MTC_DEP_NACIONAL_TOTAL_KM,MTC_DEP_DEPARTAMENTAL_TOTAL_KM,MTC_DEP_VECINAL_TOTAL_KM,MTC_DEP_PAV_TOTAL_KM,MTC_DEP_NO_PAV_TOTAL_KM,MTC_DEP_PCT_PAVIMENTADA,PER_TOTAL_PERSONAS,PER_N_CONDUCTORES,PER_N_CONDUCTORES_FUGADOS,PER_N_PEATONES,PER_N_PASAJEROS_OCUPANTES,PER_EDAD_COND_PROM,PER_EDAD_COND_MIN,PER_EDAD_COND_MAX,PER_ANY_COND_MASCULINO,PER_ANY_LIC_PROBLEMA,PER_ANY_DOSAJE_POS,PER_ANY_DOSAJE_EVALUADO,VEH_TOTAL,VEH_N_FUGADOS,VEH_ANY_FUGADO,VEH_ANY_CARGA,VEH_ANY_PUBLICO,VEH_ANY_PARTICULAR,VEH_ANY_MOTO,VEH_ANY_AUTO,VEH_ANY_CAMION_BUS,VEH_ANY_SOAT_PROBLEMA,VEH_ANY_CITV_PROBLEMA,VEH_ANY_SEGURO_PROBLEMA,HORA_NUM,FRANJA_HORARIA,ANIO,MES,DIA_MES,DIA_SEMANA,ES_FIN_SEMANA,ES_QUINCENA,REGION_NATURAL,TIENE_SEÑALIZACION,ES_VIA_MULTICARRIL,ES_DEPTO_BAJO_PAVIMENTO,CATEGORIA_SEVERIDAD,CATEGORIA_SEVERIDAD_ENC
3,1,14,0,4,0,-8.88625947310699,-76.43821690988406,3,4,6,1,3,2,2,1,5387.425978051982,2.0,3,2,1.0,10,27,975.2319783318021,0.500001746560992,78.57715769828546,60.2396095699126,8.143915303863048,756.3531973593302,10938.81913400894,2977.0387024204692,474.3042640608933,566.4629105165816,1936.2715278429941,629.4992937529126,2347.5394086675565,21.490901083003894,7,2,0,0,5,32.17232942249016,29.17232942249016,35.17232942249016,1.0,0.0,0.0,0.6475189530566489,2,0,0.0,0.0,0.6475189530566489,1.0,0.35248104694335114,1.0,0.6475189530566489,0.0,0.35248104694335114,0.0,17,2,2021,4,9,1,0,0,0,1,0,1,GRAVE_LESIONADOS,1
3,1,19,0,3,1,-15.069503901991013,-71.03050431475799,5,3,7,1,2,2,2,2,2139.9103982370098,2.0,2,0,1.0,7,26,361.68740558644413,0.5997718264561409,74.40139844665865,78.77549936732309,10.406909352728617,982.201354853667,235100.80862533592,12883.63438766139,1978.2324648410327,2258.8995552878214,8646.502367532537,3124.9905761286645,9758.643811532726,24.23003660480922,5,2,0,0,2,41.915926572214254,34.23445801649925,51.65719410868012,1.0,0.0,0.0,0.0,2,0,0.0,0.0,0.0,1.0,0.126110141678625,1.0,1.0,0.0,0.126110141678625,0.126110141678625,20,2,2021,10,23,5,1,0,1,1,0,1,GRAVE_LESIONADOS,1
3,1,17,0,4,0,-14.582439869820814,-71.35200606301589,5,4,5,1,5,2,2,0,6679.04105523552,2.0,3,3,1.0,13,29,1198.0,0.3222966324331829,71.33056723960175,57.96568390636318,6.420962793237589,284.93123103101607,7709.100259901134,13517.185379010798,1992.7681929206965,2278.7891540855153,9245.628032004586,3206.442479691911,10310.742899318884,23.6834536913347,6,2,0,0,4,38.49335565430563,33.29857013417881,43.68814117443245,1.0,0.0,0.0,0.12985701341788103,2,0,0.0,0.12985701341788103,0.12985701341788103,0.870142986582119,0.0,0.870142986582119,1.0,0.870142986582119,0.870142986582119,0.0,21,2,2021,4,17,1,0,0,2,1,0,1,GRAVE_LESIONADOS,1
3,2,17,1,2,3,-14.006813485615856,-71.66644509779925,1,3,2,1,3,2,2,1,6292.623865051762,2.0,3,3,0.6761957463565392,12,32,928.2710567149971,0.4992224999627039,75.279510519702,70.85359618650261,8.16637145017376,690.9428500002978,64173.43945840236,13196.185861066155,1957.858976453271,1949.822132594355,9288.504752018529,2755.3225794701502,10440.863281596005,20.620448565453053,7,2,0,0,4,45.142936195348085,36.22869791255694,56.085761717208854,1.0,0.32380425364346077,0.6761957463565392,0.6761957463565392,2,0,0.0,0.32380425364346077,0.6761957463565392,1.0,1.0,0.6761957463565392,0.32380425364346077,0.0,1.0,1.0,16,2,2022,2,15,4,0,0,2,1,0,1,GRAVE_LESIONADOS,1
6,1,7,0,4,2,-13.327998063666712,-72.07785162026782,0,4,6,0,1,1,1,2,6543.555,2.0,4,4,1.0,14,33,1198.0,0.2980772533522426,73.95127365245897,52.963989301586224,5.005313935046175,267.96231826205155,5301.777899718734,17779.13499998999,2097.3709999899997,2863.123,12818.640999999989,2878.713,14900.421999989989,16.19152450331032,6,1,0,0,5,47.020401497754975,47.020401497754975,47.020401497754975,1.0,0.0,0.0,0.0,1,0,0.0,0.0,0.0,1.0,0.0,0.0,1.0,0.8586001069824982,0.8586001069824982,0.8586001069824982,15,3,2023,6,13,3,0,0,2,1,0,1,GRAVE_LESIONADOS,1
6,1,12,0,4,0,-7.69551645984277,-77.70551132550598,0,4,0,1,1,2,2,2,6543.555,2.037267416138861,3,3,1.0,13,32,1208.3230742704645,0.4720536120197194,72.55074680010881,42.91120694609002,6.7362818378396785,882.7956266577379,9440.67518591384,8931.828000000005,1335.5899999999997,1935.9830000000004,5660.255000000005,1219.309,7712.519000000005,13.651281686122925,4,1,0,0,3,28.341626980998996,28.341626980998996,28.341626980998996,1.0,0.0,0.0,0.0,1,0,0.0,0.962732583861139,0.0,0.037267416138860976,0.0,0.037267416138860976,0.962732583861139,0.0,0.037267416138860976,0.0,16,3,2021,5,1,1,0,0,0,1,0,1,GRAVE_LESIONADOS,1
5,1,11,0,4,1,-10.98293439969331,-77.5447204486721,0,4,7,1,2,2,2,3,614.2306591291044,0.11495864735166683,2,0,1.0,8,26,70.00462660268224,0.5037379357305438,78.32029099863526,60.155784947965294,7.7317968585675105,745.0976819683879,15672.525233145541,3624.173424960918,630.1274375541242,724.3738033674413,2269.6721840393525,954.4098341226451,2669.7635908382726,26.1775789953999,4,1,0,0,3,37.79685964569222,37.79685964569222,37.79685964569222,1.0,0.0,0.0,0.0,1,0,0.3716528824505556,0.6283471175494444,0.3716528824505556,0.0,0.3716528824505556,0.0,0.6283471175494444,0.3716528824505556,0.3716528824505556,0.3716528824505556,4,0,2022,6,20,3,0,1,0,1,0,1,GRAVE_LESIONADOS,1
3,1,10,0,4,1,-13.95464668905389,-75.81060423221507,0,2,7,1,2,2,2,2,6639.975,2.0,2,0,1.0,9,31,1616.0,0.6053164595604621,78.88848309050202,67.63954639531094,9.133324993872453,1064.9426147896202,27932.19700214133,3721.461,698.1859999999996,744.866,2278.409,1102.9029999999996,2618.558,29.636290693359403,7,1,0,0,5,39.671544044875695,28.656911910248613,50.68617617950277,1.0,0.815898676639043,0.18410132336095697,1.0,1,0,0.0,0.0,0.0,0.815898676639043,0.815898676639043,0.0,1.0,0.0,0.0,0.0,5,0,2021,5,18,1,0,0,0,1,0,1,GRAVE_LESIONADOS,1
3,2,12,0,4,1,-8.390603473708518,-78.64437929389034,0,4,7,1,2,2,2,0,6902.066452288456,2.8943496545510694,2,0,1.0,0,30,1723.8065635322318,0.49389293777872245,76.6939653071904,52.274350192732925,6.5981027300750235,861.4729039405647,67818.63459044266,8931.828000000005,1335.5899999999997,1935.9830000000004,5660.255000000005,1219.309,7712.519000000005,13.651281686122925,5,2,0,0,3,48.86241964554157,34.57739861820428,63.14744067287887,1.0,0.8943496545510693,0.0,0.0,2,0,0.0,1.0,0.8943496545510693,0.0,0.8943496545510693,0.0,1.0,0.0,1.0,0.8943496545510693,0,0,2023,5,13,1,0,0,0,1,0,1,GRAVE_LESIONADOS,1
0,1,3,0,6,3,-16.177235587125757,-72.88372113222994,0,4,1,0,6,1,1,0,6561.599909324426,2.0,3,3,1.0,13,32,1276.2282938976352,0.5420758774211962,82.02100242379203,66.79403178549111,8.70492219380372,777.7107223886902,7983.5778386802895,10322.272,1495.236,1749.739,7077.2970000000005,2886.595,7435.677000000001,27.964725207783708,13,1,0,0,11,31.240172796970782,28.994384455411875,33.48596113852969,1.0,0.0,0.0,0.18714902846324222,1,0,0.0,1.0,0.18714902846324222,0.0,0.0,0.0,1.0,0.0,0.8128509715367578,0.0,8,0,2021,1,19,0,0,1,0,1,0,1,GRAVE_LESIONADOS,1
10,1,5,0,4,1,-9.65328916681289,-76.18869912954959,4,4,2,0,1,0,1,2,6543.555,2.0,4,4,1.0,14,33,1198.0,0.351659752773065,76.73379573201991,45.24944536199402,4.754739109466598,453.59492952698486,27500.674969752603,16712.156929732413,1887.0242737002254,1747.6098260129702,13077.522830019218,2370.2488127314027,14341.90811700101,14.084889618835193,6,1,0,0,5,48.63005181087999,48.63005181087999,48.63005181087999,1.0,0.0,0.0,0.0,1,0,0.0,0.4212435236400007,0.5787564763599993,0.0,0.0,0.5787564763599993,0.4212435236400007,0.0,0.0,0.0,9,1,2021,10,12,1,0,0,2,1,0,1,GRAVE_LESIONADOS,1
4,1,5,0,4,1,-6.140475012804829,-79.05467996943818,0,4,0,0,1,1,1,2,735.6295231858388,1.3817149789862802,1,1,0.38171497898628015,8,26,125.94060401235517,0.4118378163366603,74.01984308992705,52.386019994943865,6.150955660317308,612.1052797776482,7175.4066971349375,15935.565011852366,1733.9250000199986,935.692,13265.948011832368,2000.1670000199988,13935.398011832369,12.551591352627522,7,1,0,0,5,35.0457125525343,32.94628016810976,37.14514493695884,1.0,0.0,0.0,0.6182850210137198,1,0,0.0,0.38171497898628015,0.0,1.0,0.0,0.38171497898628015,1.0,0.0,0.0,0.0,18,1,2022,7,19,5,1,1,2,1,0,1,GRAVE_LESIONADOS,1
6,1,5,0,4,3,-7.0405654203386545,-78.15614029259167,0,4,7,0,1,2,2,2,6543.555,2.0,4,4,1.0,14,33,1198.0,0.2707955226079721,78.42706215249005,31.633633170231242,3.5108909535751542,323.8066024184261,7979.999533208344,15935.565011852366,1733.9250000199986,935.692,13265.948011832368,2000.1670000199988,13935.398011832369,12.551591352627522,4,1,0,0,3,27.993213159849304,27.993213159849304,27.993213159849304,1.0,0.0,0.0,1.0,1,0,0.0,0.21853791124529076,0.7814620887547092,0.0,0.0,0.0,1.0,0.0,0.0,0.0,9,1,2024,6,9,0,0,0,2,1,0,1,GRAVE_LESIONADOS,1
6,1,7,0,4,1,-15.050133351413155,-71.169713605624,2,4,0,0,2,1,1,2,568.5409999999999,1.0,2,3,0.0,9,3,93.0,0.37081332980568477,68.4023641146939,63.75742435123208,5.353632972497148,475.07554221262524,1141.209194647934,17779.13499998999,2097.3709999899997,2863.123,12818.640999999989,2878.713,14900.421999989989,16.19152450331032,5,1,0,0,4,31.263950494943032,31.263950494943032,31.263950494943032,1.0,0.0,0.0,0.0,1,0,0.0,0.0,0.0,1.0,0.0,1.0,0.0,0.0,0.2967227722675484,0.0,2,0,2022,6,11,6,1,0,2,1,0,1,GRAVE_LESIONADOS,1
5,1,6,0,4,1,-13.737386644567831,-74.08385018788869,0,4,0,1,2,2,2,4,1650.5887075702738,2.0,2,2,1.0,8,24,302.74991071135116,0.2937202798294253,78.26307874767637,46.82051618966806,4.5534576481276465,284.23369226885114,4383.3636986345045,12838.245716712925,1840.7821825676765,1870.0619533084764,9127.401580836773,2622.5556383979692,10215.690078314956,20.379055952984174,5,2,0,0,3,33.979751448590264,33.648667954302454,34.31083494287807,1.0,0.0,0.0,1.0,2,0,0.8344582528560966,0.0,0.0,1.0,0.0,0.16554174714390335,1.0,0.0,0.16554174714390335,0.8344582528560966,11,2,2022,2,18,4,0,0,2,1,0,1,GRAVE_LESIONADOS,1
6,1,12,0,4,1,-8.898014085280165,-78.65871183526309,0,4,7,1,2,2,2,0,6543.555,3.0,2,0,1.0,0,30,1475.0,0.4939354685626296,77.57724043224363,54.334527730012624,6.326959622122993,852.5567491695382,9758.623736471995,8931.828000000005,1335.5899999999997,1935.9830000000004,5660.255000000005,1219.309,7712.519000000005,13.651281686122925,4,1,0,0,3,41.43786094540121,41.43786094540121,41.43786094540121,1.0,0.0,0.0,0.0,1,0,0.0,0.0,0.0,1.0,0.0,1.0,0.0,0.0,0.05621390545987848,0.0,6,1,2021,2,19,5,1,0,0,1,1,1,GRAVE_LESIONADOS,1
5,1,10,0,4,1,-14.905435951022135,-74.99397997113809,0,4,5,0,2,1,1,0,6639.975,2.0,2,0,1.0,9,31,1616.0,0.5563774842369664,77.00938809632027,69.10246351364754,8.476961866273152,914.8835608305218,27932.19700214133,3721.461,698.1859999999996,744.866,2278.409,1102.9029999999996,2618.558,29.636290693359403,4,1,0,0,3,39.6510333141617,34.72768573071854,44.574380897604854,0.2524793632534952,1.0,0.0,0.2524793632534952,1,0,0.0,0.2524793632534952,0.0,1.0,0.0,1.0,0.2524793632534952,0.7475206367465048,0.7475206367465048,0.7475206367465048,14,1,2021,8,28,5,1,1,0,1,0,1,GRAVE_LESIONADOS,1
6,1,7,0,4,1,-13.882597188826274,-71.45995675596568,7,4,5,0,6,1,1,2,6699.167477353507,2.0,3,3,1.0,13,28,1198.0,0.2817996466757569,61.46221967841442,59.94392749373902,5.22767318167762,273.6262823371238,4178.871520342613,17779.13499998999,2097.3709999899997,2863.123,12818.640999999989,2878.713,14900.421999989989,16.19152450331032,31,1,0,0,30,36.447441728033716,36.447441728033716,36.447441728033716,1.0,0.14914724267790458,0.0,0.14914724267790458,1,0,0.0,0.0,0.14914724267790458,0.0,0.0,0.0,1.0,0.0,0.0,0.0,14,2,2023,8,16,5,0,1,2,1,0,1,GRAVE_LESIONADOS,1
5,1,5,0,4,1,-7.286145076410866,-77.62018107502715,0,4,2,1,2,0,1,0,8381.707231286708,2.0,2,0,1.0,9,23,2618.5711670517594,0.39998302031068267,71.92787751069199,61.8224829970103,5.59028645339678,577.2764372504337,5965.68305218081,3838.8903265579356,986.1485288369219,678.2485224790652,2174.493275241949,842.6674507694005,2996.2228757885355,21.853111014060563,13,1,0,0,12,42.569324787708425,39.13570427820866,46.0029452972082,1.0,0.0,0.0,0.28613504245831434,1,0,0.0,0.0,0.7138649575416857,0.28613504245831434,0.0,0.28613504245831434,0.7138649575416857,0.0,0.0,0.0,15,3,2023,4,20,4,0,1,1,1,0,1,GRAVE_LESIONADOS,1
5,1,5,0,4,0,-7.666450943705522,-78.18933437073457,2,4,4,0,2,1,1,0,6543.555,2.0,4,4,1.0,14,33,1198.0,0.2948350537014906,77.15212155268404,35.50451291723821,3.7775920646885006,361.8643687343071,26075.62526766595,15935.565011852366,1733.9250000199986,935.692,13265.948011832368,2000.1670000199988,13935.398011832369,12.551591352627522,6,2,0,0,4,44.634856349077594,37.26971269815518,52.0,1.0,0.0,0.0,0.0,2,0,0.6404472739932529,0.0,0.35955272600674715,0.6404472739932529,0.6404472739932529,0.35955272600674715,0.0,0.6404472739932529,0.6404472739932529,0.6404472739932529,12,2,2022,9,19,4,0,1,2,1,0,1,GRAVE_LESIONADOS,1
5,1,14,2,4,4,-12.165084574515578,-76.94236528403802,0,0,5,0,5,2,2,0,6543.555,2.0,4,4,1.0,14,33,1198.0,0.689811994580126,79.88015655965044,73.89553442371854,9.755251380104111,1409.8432274455126,452660.364025696,7626.313,1683.4029999999998,1599.0829999999996,4343.827000000001,1814.875,5811.438000000001,23.797541485643197,4,1,0,0,3,49.513296510695774,44.80086555314119,54.225727468250355,1.0,0.3141620638369721,0.0,0.0,1,0,0.0,0.0,0.6858379361630279,0.3141620638369721,0.6858379361630279,0.3141620638369721,0.0,0.6858379361630279,0.6858379361630279,0.3141620638369721,7,0,2024,9,17,1,0,0,0,1,0,1,GRAVE_LESIONADOS,1
5,1,20,0,4,1,-15.791071530581318,-70.03359209496534,0,3,0,0,2,0,1,2,7586.903,2.0,2,0,1.0,9,5,1198.0,0.6488901960567479,69.67312345830231,82.12448375199249,11.701623814093702,1230.336353415943,144745.3597430407,13642.312999999998,2020.7790000000005,2354.117,9267.416999999998,3314.0520000000006,10328.260999999997,24.29244952817019,4,1,0,0,3,25.546376135728096,25.12608680055264,25.966665470903557,1.0,0.0,0.0,0.0,1,0,0.0,0.0,0.042028933517546,0.042028933517546,0.042028933517546,0.042028933517546,0.957971066482454,0.0,1.0,0.0,6,1,2021,4,13,1,0,0,2,1,0,1,GRAVE_LESIONADOS,1
5,1,14,2,3,1,-12.145725373947686,-76.98677818822914,0,0,7,1,2,1,0,5,6636.752299145769,2.0,2,0,1.0,9,31,1602.0289467219595,0.8003104198906483,80.4860207945108,78.75831329384656,13.095941102198205,1761.55030116625,359917.3526534463,7626.313,1683.4029999999998,1599.0829999999996,4343.827000000001,1814.875,5811.438000000001,23.797541485643197,6,1,0,0,4,30.966576427564497,30.966576427564497,30.966576427564497,1.0,0.0,0.0,0.0,1,0,0.0,0.0,0.03342357243550376,1.0,0.03342357243550376,1.0,0.0,0.0,0.03342357243550376,0.0,2,0,2023,1,20,4,0,1,0,1,0,1,GRAVE_LESIONADOS,1
4,1,7,0,4,1,-14.063053447792523,-71.65393630973396,0,4,6,0,2,1,1,1,2045.0065605807204,0.7393785314988652,1,0,0.579792843832955,6,23,343.7104143876332,0.464644618371315,65.54859088578299,71.88170255605398,7.177234014837903,736.6793385208849,8439.727403315725,17779.13499998999,2097.3709999899997,2863.123,12818.640999999989,2878.713,14900.421999989989,16.19152450331032,7,1,0,0,6,30.11709981366137,30.11709981366137,30.11709981366137,0.579792843832955,0.0,0.0,0.579792843832955,1,0,0.0,0.0,0.0,1.0,0.0,1.0,0.579792843832955,0.0,0.579792843832955,0.0,17,2,2022,6,26,6,1,1,2,1,0,1,GRAVE_LESIONADOS,1
3,1,10,0,4,1,-14.969106708796579,-74.9954964257422,0,4,1,0,2,1,0,0,6639.975,2.0,2,0,1.0,9,31,1616.0,0.5563774842369664,77.00938809632027,69.10246351364754,8.476961866273152,914.8835608305218,27932.19700214133,3721.461,698.1859999999996,744.866,2278.409,1102.9029999999996,2618.558,29.636290693359403,5,1,0,0,3,45.751712755980094,29.498531923445636,62.00489358851455,0.8334964529504849,1.0,0.0,0.8334964529504849,1,0,0.0,0.8334964529504849,0.0,1.0,0.0,1.0,0.8334964529504849,0.1665035470495151,0.1665035470495151,0.1665035470495151,6,0,2022,2,28,5,1,1,0,1,0,1,GRAVE_LESIONADOS,1
3,2,10,1,2,3,-11.122384214055941,-74.35055020505314,0,3,2,1,2,1,1,1,5036.056517294898,2.0,3,2,1.0,10,29,900.1479123583592,0.617095648073235,78.43754402766402,73.51114039096466,9.49312053803941,1097.0816700249898,129568.54609983623,15242.848499875734,2006.7321636125369,2222.488628690413,11013.627707572783,2687.5673580575767,12555.281141818155,18.639902583820056,6,2,0,0,4,42.77332123106295,28.97108287248022,56.575559589645685,1.0,0.7122202051771587,0.0,0.28777979482284133,2,0,0.0,0.0,0.0,1.0,0.28777979482284133,1.0,0.7122202051771587,0.0,0.7122202051771587,0.0,15,1,2021,8,21,5,1,1,1,1,0,1,GRAVE_LESIONADOS,1
5,2,10,0,4,1,-12.385334992543331,-76.79226079224154,0,4,7,1,2,1,1,4,331.05387337913504,-0.47232914974401374,2,0,0.8241097165813379,12,26,50.7057275339884,0.5196675343546767,79.61953646259023,61.687862773888156,8.22401094446521,762.3521931625107,13338.80130997367,3675.4182005094967,665.9762677392406,735.1677615528619,2274.2741712173943,1032.62638904064,2642.7918114688564,27.99940366908488,4,1,0,0,3,42.47232914974401,41.768768016069366,43.17589028341866,1.0,0.0,0.0,0.0,1,0,0.0,1.0,0.0,0.17589028341866209,0.0,0.0,1.0,0.17589028341866209,0.17589028341866209,0.17589028341866209,7,0,2022,4,19,5,1,0,0,1,0,1,GRAVE_LESIONADOS,1
3,1,10,0,4,1,-13.953965882521569,-75.80587402884173,0,2,7,1,2,2,2,2,6639.975,2.0,2,0,1.0,9,31,1616.0,0.6053164595604621,78.88848309050202,67.63954639531094,9.133324993872453,1064.9426147896202,27932.19700214133,3721.461,698.1859999999996,744.866,2278.409,1102.9029999999996,2618.558,29.636290693359403,6,1,0,0,5,40.61769163094918,30.295365666577005,50.94001759532135,1.0,1.0,0.0,1.0,1,0,0.0,0.0,0.0,1.0,0.7646167381016424,0.23538326189835757,0.7646167381016424,0.0,0.0,0.0,4,0,2021,4,17,1,0,0,0,1,0,1,GRAVE_LESIONADOS,1
3,2,7,0,4,1,-13.555786400257325,-71.87082004687308,0,4,3,0,2,2,2,4,5400.9046979227805,2.0,2,0,1.0,6,11,878.4423525809191,0.3252017444855799,71.6825984703424,61.85913105658078,5.389447612216138,347.1284853839393,17854.02296463752,17779.13499998999,2097.3709999899997,2863.123,12818.640999999989,2878.713,14900.421999989989,16.19152450331032,10,2,0,0,8,37.68526432702622,29.52814594477121,45.842382709281225,1.0,0.4943708110457581,0.0,0.4943708110457581,2,0,0.0,0.0,0.4943708110457581,1.0,0.0,1.0,0.4943708110457581,0.0,0.4943708110457581,0.0,6,0,2022,1,11,0,0,0,2,1,0,1,GRAVE_LESIONADOS,1
6,1,8,1,4,1,-13.349704849922515,-75.39067662780826,0,4,0,0,2,1,0,0,1657.662834808796,2.0,2,2,0.9148349499968781,9,23,347.6182141511957,0.5101490594744708,74.20217925978369,54.5088800346819,8.434461837922937,851.4167481173935,2013.9764123902085,8436.045307096587,1465.6631335512427,1973.6466180820719,4996.735555463271,1874.0684806045979,6561.976826491987,22.229027571530942,4,1,0,0,3,37.93681555003434,37.93681555003434,37.93681555003434,1.0,0.0,0.0,0.0,1,0,0.0,0.0,0.0,1.0,0.0,1.0,0.0,0.0,0.0,0.0,15,3,2022,4,15,5,1,0,1,1,0,1,GRAVE_LESIONADOS,1
5,1,16,0,4,1,-14.805299026621825,-70.82835654158762,0,4,6,0,2,1,1,2,1745.2137199468207,2.0,1,0,0.21171437214797084,9,30,449.00855673484494,0.3572274673939587,69.63252436262188,64.12383979302398,6.2284974219431755,393.4079391552474,14928.760683697856,13438.309265285658,1975.1111513558226,2231.3050918612885,9231.893022068547,3138.6091692315367,10299.70009605412,23.29956383148898,6,1,0,0,4,22.281572768293547,20.058571860739853,24.50457367584724,1.0,0.0,0.0,1.0,1,0,0.0,0.21171437214797084,0.0,0.7882856278520292,0.0,1.0,0.21171437214797084,0.0,1.0,0.0,13,2,2022,8,7,3,0,0,2,1,0,1,GRAVE_LESIONADOS,1
3,2,13,0,4,1,-7.393808795810781,-79.13843005867282,0,4,7,1,2,2,2,0,899.3551287113603,1.5672799366456895,1,2,0.14424002111810352,9,8,209.7783187962681,0.5583384121694649,79.86355513806497,67.53713791523734,7.57373134796675,937.7608411656616,18432.89649920767,4060.6846452711547,683.5835305131461,820.893384403853,2556.2077303541555,863.6806682731943,3197.0039769979603,20.830153797368382,5,2,0,0,3,49.081800158385775,35.16360031677155,63.0,1.0,0.8557599788818965,0.0,0.14424002111810352,2,0,0.0,0.8557599788818965,0.0,1.0,0.8557599788818965,0.14424002111810352,0.8557599788818965,0.8557599788818965,0.8557599788818965,0.8557599788818965,1,0,2021,10,9,0,0,0,0,1,0,1,GRAVE_LESIONADOS,1
5,1,5,0,4,1,-6.814300242739008,-78.42374987580722,1,4,1,0,1,1,1,0,6836.344883196474,2.0,3,3,1.0,12,29,1423.3566622164813,0.32294436152441264,74.10877955085874,39.50528536730219,4.214563412504797,457.4661218018816,10994.655418862445,15935.565011852366,1733.9250000199986,935.692,13265.948011832368,2000.1670000199988,13935.398011832369,12.551591352627522,8,1,0,0,6,39.49237446005883,39.01032812376689,39.97442079635077,1.0,1.0,0.0,0.24102316814596936,1,0,0.0,0.7589768318540306,0.0,0.24102316814596936,0.24102316814596936,0.0,0.7589768318540306,0.7589768318540306,1.0,0.7589768318540306,15,2,2021,3,21,5,1,0,2,1,0,1,GRAVE_LESIONADOS,1
3,1,14,0,3,2,-11.612233286822427,-77.33171531961702,0,2,4,0,2,2,2,1,6543.555,2.500619532333931,2,1,1.0,6,31,1336.671610456499,0.7832688573851623,79.33410900811445,77.98018574073473,13.321497988446477,1695.6088608986822,59950.05044385002,7626.313,1683.4029999999998,1599.0829999999996,4343.827000000001,1814.875,5811.438000000001,23.797541485643197,19,2,0,0,16,43.24783163683124,29.498141402998208,55.0,1.0,0.0,0.0,0.500619532333931,2,0,0.0,0.0,0.49938046766606903,1.0,0.49938046766606903,0.500619532333931,1.0,0.0,0.49938046766606903,0.49938046766606903,17,2,2024,6,21,1,0,1,0,1,0,1,GRAVE_LESIONADOS,1
3,2,19,0,4,1,-5.175950516871239,-80.55758620662267,0,3,7,1,2,2,2,0,1305.18,2.0,2,0,1.0,1,20,163.0,0.6220812987247925,80.20155828147696,72.71675503872983,10.02377668600292,1028.915688621886,159840.92719486082,8965.846000060003,1782.4120000599992,636.9959999999999,6546.438000000004,2214.505000059999,6751.341000000004,24.699342371541725,12,2,0,0,10,40.60303300571797,39.32391713525365,41.882148876182285,1.0,0.0882148876182286,0.0882148876182286,1.0,2,0,0.0,0.0882148876182286,0.0,1.0,0.0882148876182286,0.9117851123817714,0.9117851123817714,0.0882148876182286,1.0,0.0882148876182286,11,1,2023,8,15,4,0,1,0,1,0,1,GRAVE_LESIONADOS,1
5,1,3,0,4,0,-15.6906176080226,-71.59337144723281,5,4,0,0,2,0,1,0,6543.555,2.0,4,4,1.0,14,33,1198.0,0.5649362269939818,77.38255516262952,62.90799914166011,8.553205457677265,965.713524953966,7715.586723768736,10322.272,1495.236,1749.739,7077.2970000000005,2886.595,7435.677000000001,27.964725207783708,6,1,0,0,4,31.853385442840157,31.560156328520474,32.14661455715984,1.0,0.0,0.0,0.0,1,0,0.0,0.0,0.0,1.0,0.0,1.0,0.14661455715984228,0.0,0.0,0.0,12,3,2021,10,8,2,0,0,0,1,0,1,GRAVE_LESIONADOS,1