CLASE SINIESTRO,CANTIDAD DE VEHICULOS DAÑADOS,DEPARTAMENTO,ZONA,TIPO DE VÍA,RED VIAL,COORDENADAS LATITUD,COORDENADAS  LONGITUD,CONDICIÓN CLIMÁTICA,ZONIFICACIÓN,CARACTERÍSTICAS DE VÍA,PERFIL LONGITUDINAL VÍA,SUPERFICIE DE CALZADA,¿EXISTE SEÑAL VERTICAL?,¿EXISTE SEÑAL HORIZONTAL?,CAUSA FACTOR PRINCIPAL,MTC_RVN_LONGITUD_KM,MTC_RVN_N_CARRILES_MEDIANA,MTC_RVN_SUPERFICIE_DOMINANTE,MTC_RVN_ESTADO_DOMINANTE,MTC_RVN_ES_CONCESIONADA,MTC_RVN_CONCESION_PRINCIPAL,MTC_RVN_CORREDOR_LOGISTICO,MTC_RVN_N_TRAMOS,IDH_2019,IDH_ESP_VIDA_2019,IDH_EDUC_SECUND_PCT_2019,IDH_ANIOS_EDUC_2019,IDH_INGRESO_PERCAP_2019,IDH_POBLACION_2019,MTC_DEP_RED_TOTAL_KM,MTC_DEP_NACIONAL_TOTAL_KM,MTC_DEP_DEPARTAMENTAL_TOTAL_KM,MTC_DEP_VECINAL_TOTAL_KM,MTC_DEP_PAV_TOTAL_KM,MTC_DEP_NO_PAV_TOTAL_KM,MTC_DEP_PCT_PAVIMENTADA,PER_TOTAL_PERSONAS,PER_N_CONDUCTORES,PER_N_CONDUCTORES_FUGADOS,PER_N_PEATONES,PER_N_PASAJEROS_OCUPANTES,PER_EDAD_COND_PROM,PER_EDAD_COND_MIN,PER_EDAD_COND_MAX,PER_ANY_COND_MASCULINO,PER_ANY_LIC_PROBLEMA,PER_ANY_DOSAJE_POS,PER_ANY_DOSAJE_EVALUADO,VEH_TOTAL,VEH_N_FUGADOS,VEH_ANY_FUGADO,VEH_ANY_CARGA,VEH_ANY_PUBLICO,VEH_ANY_PARTICULAR,VEH_ANY_MOTO,VEH_ANY_AUTO,VEH_ANY_CAMION_BUS,VEH_ANY_SOAT_PROBLEMA,VEH_ANY_CITV_PROBLEMA,VEH_ANY_SEGURO_PROBLEMA,HORA_NUM,FRANJA_HORARIA,ANIO,MES,DIA_MES,DIA_SEMANA,ES_FIN_SEMANA,ES_QUINCENA,REGION_NATURAL,TIENE_SEÑALIZACION,ES_VIA_MULTICARRIL,ES_DEPTO_BAJO_PAVIMENTO,CATEGORIA_SEVERIDAD,CATEGORIA_SEVERIDAD_ENC
4,1,8,0,4,1,-11.051954279985484,-75.74179243391333,0,4,7,1,2,1,1,0,1772.9824407700655,1.3540721069769606,1,1,0.3540721069769607,9,32,324.53164333955783,0.32498556157780956,77.7754661819987,48.97396743357796,5.094357442477306,505.5906461718255,19634.116431987502,9424.145436713477,1392.1161955904438,1870.0391945081833,6161.990046614849,1809.6484669531887,7614.496969760287,18.719272791933086,4,1,0,0,3,42.875567358138234,40.04299050232255,45.70814421395392,1.0,0.3540721069769607,0.0,0.3540721069769607,1,0,0.0,0.0,0.0,1.0,0.3540721069769607,1.0,0.0,0.3540721069769607,1.0,0.3540721069769607,15,2,2023,10,3,5,1,0,0,1,0,1,GRAVE_LESIONADOS,1
3,0,9,0,4,1,-12.325511025361786,-74.9805277421608,5,0,5,0,2,2,2,0,593.473236587793,1.7671208538481848,0,2,0.0,9,32,78.69934811478544,0.43946757434358596,69.86348416623012,62.953787821805356,7.8192039943393885,632.6619395267724,1571.484040914138,12361.00074778633,1821.4827150638125,1261.2175448067574,9278.300487915758,1797.3911005556477,10563.60964723068,14.501012161718357,9,1,0,0,7,46.19173579619142,45.04105451541914,47.3424170769637,1.0,0.0,0.0,0.23287914615181504,1,0,0.0,0.0,0.0,0.767120853848185,0.23287914615181504,0.767120853848185,0.767120853848185,0.23287914615181504,0.23287914615181504,0.23287914615181504,11,1,2021,5,20,4,0,0,2,1,0,1,GRAVE_LESIONADOS,1
5,1,3,0,4,0,-13.244269804896522,-73.98932265029498,0,3,1,1,2,1,0,2,7423.34732028717,2.0,2,0,1.0,9,9,1198.0,0.4844740470919994,78.1634786031214,70.2470152494801,7.058294120554435,677.2201232437209,26944.18481428229,8244.119217864947,1345.304407388732,1345.279694378142,5553.535116098073,1492.5955817472272,6751.523636117719,18.183188842835047,6,1,0,0,5,18.42978664410041,17.097323000561474,19.762250287639343,1.0,0.8432395713483607,0.0,0.1567604286516393,1,0,0.0,0.0,0.0,0.1567604286516393,1.0,0.1567604286516393,0.0,0.0,0.8432395713483607,0.0,1,0,2021,8,20,0,0,1,1,1,0,1,GRAVE_LESIONADOS,1
3,1,3,0,4,1,-16.325453083773557,-73.36666128073651,0,4,7,1,2,1,1,0,6639.975,2.0,2,0,1.0,9,31,1616.0,0.5938112941577862,81.58181511294627,53.86366904206018,9.19314147876197,1074.5822541050677,4759.8952187598325,10322.272,1495.236,1749.739,7077.2970000000005,2886.595,7435.677000000001,27.964725207783708,4,1,0,0,2,37.34171470757863,30.266282339370917,44.100576490943624,1.0,0.0,0.0,0.3165705848427295,1,0,0.0,0.0,0.0,1.0,0.0,0.3165705848427295,0.6834294151572705,0.0,0.0,0.0,5,0,2021,2,7,0,0,0,0,1,0,1,GRAVE_LESIONADOS,1
6,1,5,0,4,2,-6.913693821366211,-78.13121437455301,0,4,0,0,2,1,0,1,5006.585811728766,1.5936846199087333,2,3,0.5936846199087332,11,32,1202.0631538009127,0.2833704129173875,72.27307934415735,44.86177977857249,4.565103251101485,314.6469784052723,1482.817081382641,15935.565011852366,1733.9250000199986,935.692,13265.948011832368,2000.1670000199988,13935.398011832369,12.551591352627522,4,1,0,0,3,27.8757845610952,27.8757845610952,27.8757845610952,1.0,0.0,0.0,0.5936846199087332,1,0,0.0,0.0,0.0,1.0,0.0,1.0,0.0,0.0,0.5936846199087332,0.0,10,2,2023,4,4,2,0,0,2,1,0,1,GRAVE_LESIONADOS,1
3,1,10,0,4,1,-12.04170464562566,-76.69818969696118,0,4,7,1,2,2,2,1,760.2813802201086,1.2451725416376687,1,2,0.24517254163766877,7,29,227.16033396079814,0.5934487836839004,79.36324795119484,73.08245030922666,9.431284476380345,948.7498995361647,39557.29571436766,3657.2821837755073,653.2890234851432,731.3476763991822,2272.645483891182,1004.9448013337524,2652.3373824417545,27.354642473145525,5,2,0,0,3,39.454653062978466,22.471035249826013,56.438270876130915,1.0,0.7548274583623312,0.0,0.7548274583623312,2,0,0.24517254163766877,0.0,0.0,0.7548274583623312,1.0,0.0,0.0,0.24517254163766877,0.7548274583623312,0.24517254163766877,8,1,2021,5,17,1,0,0,0,1,0,1,GRAVE_LESIONADOS,1
3,1,11,1,2,3,-10.446386471311532,-77.45926674027841,0,1,5,0,2,2,2,1,7593.678189273218,2.0,3,2,1.0,12,32,2012.505501206352,0.6596210927456089,76.93253710721994,74.42975444775334,9.845195547773326,1295.925632473016,255836.06424230593,10197.715535928457,1699.0376682934027,1393.7883119487904,7104.889555686264,1872.2159397210548,8325.499596207403,20.31734078289488,6,1,0,0,4,33.84655460640708,27.286449082645813,40.40666013016835,1.0,0.30946257644618236,0.0,0.0,1,0,0.0,0.30946257644618236,0.6905374235538176,0.6905374235538176,0.0,0.0,1.0,0.0,0.0,0.0,13,1,2021,1,19,1,0,1,0,1,0,1,GRAVE_LESIONADOS,1
4,2,17,0,4,1,-8.095933936941366,-78.68634637895303,3,4,3,0,2,2,2,1,6586.748427108371,2.55202834361781,2,0,1.0,4,30,1538.1640035498888,0.5713737390567182,77.11536927172298,69.32253750262045,8.975359768269604,931.6697411363491,11853.150106703199,2224.1614019047965,389.2091117369881,492.37099577093176,1342.5812943968767,646.9656781273983,1577.1957237773981,28.427961652896172,23,1,0,0,21,43.94356067392394,41.92768822020409,45.9594331276438,1.0,0.0,0.0,1.0,1,0,0.0,0.0,0.0,0.44797165638218994,0.0,0.44797165638218994,1.0,0.0,0.0,0.0,16,1,2023,10,24,5,1,1,0,1,0,1,GRAVE_LESIONADOS,1
3,2,11,0,4,1,-10.838413354517327,-77.58523967963576,0,4,7,1,2,2,2,0,6600.879420968221,2.4054716763304187,2,0,1.0,5,30,1558.828493637411,0.5579664355742869,80.34886866768512,69.62260203813014,8.45404638855005,849.0642266071925,11552.72181233556,3615.320679286986,623.9344047436682,722.5091027104934,2268.8771718328244,940.8976026655337,2674.4230766214523,25.862851292410205,7,2,0,0,5,55.74377341064335,50.83830173431293,60.649245086973764,1.0,0.0,0.0,0.5945283236695815,2,0,0.0,0.4054716763304185,0.4054716763304185,0.5945283236695815,0.0,0.5945283236695815,1.0,0.0,0.0,0.0,16,1,2023,6,19,5,0,1,0,1,0,1,GRAVE_LESIONADOS,1
3,1,10,1,4,1,-15.294155041013763,-75.12895662646991,0,4,7,1,2,2,2,0,196.8,2.0,2,0,1.0,4,27,35.0,0.5563774842369664,77.00938809632027,69.10246351364754,8.476961866273152,914.8835608305218,27932.19700214133,3721.461,698.1859999999996,744.866,2278.409,1102.9029999999996,2618.558,29.636290693359403,5,1,0,0,3,54.698881700418575,35.50913715307155,73.8886262477656,1.0,0.0,0.0,0.9840894639665142,1,0,0.0,0.9840894639665142,0.9840894639665142,0.0159105360334858,0.0,0.0159105360334858,0.9840894639665142,0.0,0.9840894639665142,0.9840894639665142,19,2,2022,7,21,0,0,1,0,1,0,1,GRAVE_LESIONADOS,1
3,1,6,1,4,1,-11.116797186234628,-74.1608909891225,0,4,4,0,1,2,2,2,7281.985635483873,2.0,2,1,1.0,10,13,1198.0,0.4082459360694388,74.5960553910433,61.12497215368727,6.80638081573438,485.2985378675227,18941.02242950112,17240.353594280725,1991.1542856676633,2299.833301062845,12949.366007550214,2621.9588480582825,14618.39474622244,15.127757837422159,8,1,0,0,6,42.76937760815153,31.09148539435143,54.44726982195163,1.0,0.7077510432606121,0.0,1.0,1,0,0.0,0.0,0.7077510432606121,1.0,0.0,0.7077510432606121,1.0,0.0,1.0,0.0,6,0,2024,5,6,1,0,0,2,1,0,1,GRAVE_LESIONADOS,1
3,1,7,0,4,1,-13.674273218657481,-72.29400049111744,0,1,2,1,3,2,2,2,7279.306024005377,2.0,2,1,1.0,10,13,1198.0,0.3454956429146506,71.87978277793265,49.476734778128424,5.0798607220342795,424.3387573315969,8250.337121898629,17779.13499998999,2097.3709999899997,2863.123,12818.640999999989,2878.713,14900.421999989989,16.19152450331032,5,1,0,0,4,28.531860334213683,26.768903430080602,30.294817238346766,1.0,0.2948172383467669,0.0,0.0,1,0,0.0,0.0,0.0,1.0,0.0,0.7051827616532331,0.2948172383467669,0.0,0.7051827616532331,0.0,7,1,2023,8,3,3,0,0,2,1,0,1,GRAVE_LESIONADOS,1
6,1,8,2,3,2,-8.883136771771976,-77.99514732781084,2,2,2,1,2,1,1,2,2892.7021698920316,2.0,2,1,1.0,10,22,524.7937818082376,0.6629181043991456,75.68988786625636,75.59490894650253,10.38519189757671,1300.3175498106696,255049.84071909325,12989.534594344608,1716.0125154064692,1170.8960908030185,10102.62598813512,1934.472053302638,11055.06254104197,16.53882282886407,5,2,0,0,2,30.79095407753392,23.93635537351418,43.43650685908759,1.0,0.0,0.0,0.0,2,0,0.0,0.0,0.0,1.0,0.3545482088286074,1.0,0.3545482088286074,0.0,1.0,0.3545482088286074,6,1,2021,7,22,3,0,0,1,1,0,1,GRAVE_LESIONADOS,1
4,1,5,0,4,1,-6.469925242267727,-79.10859628670963,3,4,3,0,1,0,0,2,780.4853778825649,1.5645940812903216,1,1,0.5645940812903215,8,23,134.53592182064511,0.4545904042444072,73.7400971003932,56.19428995558886,6.632755101317861,740.3665638159498,7235.841778979211,15935.565011852366,1733.9250000199986,935.692,13265.948011832368,2000.1670000199988,13935.398011832369,12.551591352627522,6,1,0,0,5,33.74162367483871,28.0956828619355,39.387564487741926,1.0,0.0,0.5645940812903215,1.0,1,0,0.0,0.0,0.0,1.0,0.0,0.5645940812903215,0.4354059187096785,0.0,0.0,0.0,16,1,2022,9,25,3,0,1,2,0,0,1,GRAVE_LESIONADOS,1
3,1,5,0,4,1,-7.263597823508885,-78.51561083664217,0,4,5,0,2,1,1,2,692.226949001797,2.0,2,0,1.0,9,20,119.67481580307566,0.30300625894113714,72.54637726006663,43.0446018408789,4.509471083425099,338.9695390394906,5779.423478312965,15935.565011852366,1733.9250000199986,935.692,13265.948011832368,2000.1670000199988,13935.398011832369,12.551591352627522,9,1,0,0,8,36.738386278681276,35.99070902294502,37.486063534417525,1.0,0.7476772557362548,0.0,1.0,1,0,0.0,0.0,0.25232274426374524,0.7476772557362548,0.0,0.7476772557362548,0.25232274426374524,0.0,0.7476772557362548,0.0,6,0,2021,8,6,1,0,0,2,1,0,1,GRAVE_LESIONADOS,1
3,2,9,0,4,1,-9.044875672930134,-76.07853834301962,0,4,7,1,3,2,2,2,7758.33400008,2.0,2,0,1.0,9,20,2133.0,0.5472728973458986,76.61234732617059,67.38526600121571,8.335587291205501,898.0574742147421,28357.70306868785,8209.057,1333.4779999999996,791.9770000000001,6083.602,1059.8589999999997,7149.198,12.910849565303296,4,2,0,0,2,26.727242623311945,25.388402384829043,28.066082861794854,1.0,0.9152899403792739,0.0,0.08471005962072609,2,0,0.0,0.0,0.0,1.0,1.0,0.08471005962072609,0.0,0.0,0.08471005962072609,0.0,20,2,2021,1,29,5,0,0,2,1,0,1,GRAVE_LESIONADOS,1
3,1,17,1,4,1,-10.455971427588088,-73.02900036026668,4,4,6,1,4,2,2,0,4135.022010622222,2.2656855648662635,2,0,1.0,3,21,807.5081784634335,0.5870552415090676,74.74039160729802,60.46909243116036,8.516841698892831,1166.5220537360426,10568.49284165452,1803.107855565758,330.0984920491945,326.05922356627786,1146.9501399502853,436.20955388762104,1366.8983016781367,24.63947228653598,4,2,0,0,2,39.59411338919758,37.39117008379637,41.797056694598794,1.0,0.2656855648662635,0.0,0.2656855648662635,2,0,0.0,0.0,0.2656855648662635,1.0,1.0,1.0,0.0,0.2656855648662635,1.0,0.2656855648662635,16,2,2022,7,9,3,0,0,0,1,0,1,GRAVE_LESIONADOS,1
5,1,14,2,2,4,-11.939890938130533,-77.04295890062811,0,0,6,1,2,2,2,0,6543.555,2.0,4,4,1.0,14,33,1198.0,0.7182423180360327,80.04159783684781,77.78636363384324,10.78796871754461,1454.8959940599673,546140.7263600426,7626.313,1683.4029999999998,1599.0829999999996,4343.827000000001,1814.875,5811.438000000001,23.797541485643197,8,1,0,0,6,27.250211221277663,26.625105610638833,27.875316831916496,1.0,0.10418426843980533,0.0,0.0,1,0,0.0,0.10418426843980533,0.10418426843980533,0.8958157315601947,0.0,0.0,1.0,0.10418426843980533,0.10418426843980533,0.10418426843980533,20,2,2022,10,25,0,0,0,0,1,0,1,GRAVE_LESIONADOS,1
5,1,7,0,4,1,-13.159908326683626,-71.8862498921152,0,4,0,0,1,1,1,5,6543.555,2.0,4,4,1.0,14,33,1198.0,0.24448611274804888,68.98421680708108,42.01584025556364,3.6996964213112062,250.30421564561016,5481.703611006963,17779.13499998999,2097.3709999899997,2863.123,12818.640999999989,2878.713,14900.421999989989,16.19152450331032,7,1,0,0,6,35.51737531823292,32.82702366342172,38.207726973044124,1.0,0.0,0.0,0.0,1,0,0.0,0.0,0.0,1.0,0.10347506364658465,0.0,0.8965249363534153,0.10347506364658465,0.0,0.0,15,2,2022,6,8,2,0,0,2,1,0,1,GRAVE_LESIONADOS,1
6,1,4,0,4,1,-9.344577276072847,-77.57922674752474,3,4,3,1,6,2,2,0,9936.932,2.0,2,0,1.0,9,32,3830.0,0.3751990570707435,73.84748679522518,59.445121493706154,6.756507233902276,445.17106135869636,3346.9363581557664,10137.15894031933,1696.3534777756443,1467.6817737610193,6973.123688782669,1797.7630639459753,8339.395876373357,17.4953053952281,7,1,0,0,6,31.67686811841182,31.67686811841182,31.67686811841182,1.0,0.0,0.0,0.0,1,0,0.0,0.0,0.0,1.0,0.0,0.0,1.0,0.0,0.3434372976003477,0.0,14,2,2022,2,22,3,0,1,0,1,0,1,GRAVE_LESIONADOS,1
6,1,22,0,4,1,-17.000554865133132,-70.36261207077794,0,4,7,1,2,2,2,1,1566.1094162721213,2.0,2,0,1.0,9,22,217.95179494141897,0.3808762185591348,70.31815555788346,63.14452626544211,6.835044071826304,425.74547359000957,2552.3596178909534,2650.572,630.6729999999998,487.3610000000001,1532.5379999999998,1068.7019999999998,1581.87,40.31967439480987,4,1,0,0,3,38.5117682950119,38.5117682950119,38.5117682950119,1.0,0.09301448156175629,0.0,1.0,1,0,0.0,0.0,0.0,1.0,0.0,1.0,0.0,0.0,0.0,0.0,13,2,2023,3,4,0,0,0,0,1,0,1,GRAVE_LESIONADOS,1
3,1,13,0,4,1,-6.300517726922397,-80.129241753844,0,4,2,1,2,1,0,0,5659.5821606306745,2.8312505616017702,2,0,1.0,0,28,1253.6007368215228,0.4703091457296942,74.91176543888524,59.04522375211969,6.365443427676777,742.49897987499,44335.321199143465,3459.691,515.0619999999999,689.7280000000001,2254.901,703.3549999999999,2756.336,20.329994788551925,20,2,0,0,18,35.3125056160177,27.0,43.62501123203541,1.0,0.8312505616017705,0.0,0.8312505616017705,2,0,0.16874943839822953,0.8312505616017705,0.8312505616017705,0.0,0.16874943839822953,0.0,0.8312505616017705,0.16874943839822953,0.0,0.16874943839822953,8,1,2021,4,14,3,0,0,0,1,0,1,GRAVE_LESIONADOS,1
3,1,19,0,4,1,-15.255164442334543,-70.36222082312067,5,4,6,0,2,1,1,2,7553.856997165638,2.0,2,0,1.0,9,5,1198.0,0.2885630558868833,77.68414634574523,60.29854944148781,5.459239425252461,207.33148488379808,1484.183144985541,13611.793492212439,2013.9469669282103,2335.744007995256,9262.102517288971,3287.805280314171,10323.988211898266,24.143911155603384,5,1,0,0,3,43.524904401488826,37.7149426408933,49.33486616208435,1.0,0.0,0.968326960099255,1.0,1,0,0.0,0.03167303990074499,0.0,0.968326960099255,0.0,0.0,1.0,0.968326960099255,0.968326960099255,0.0,22,1,2021,4,11,5,0,0,2,1,0,1,GRAVE_LESIONADOS,1
3,1,16,0,4,1,-16.248118048039483,-72.85113760134645,0,4,0,1,2,2,2,1,6639.975,2.0,2,0,1.0,9,31,1616.0,0.5757838828166125,76.32045784745264,73.57433055539968,9.024514705176143,939.9600985579395,1907.3805896189983,3135.5598089520067,661.2485143117322,603.9807297237963,1870.3305649164781,1084.1910638095706,2051.3687451424357,35.48134768348868,5,2,0,0,3,36.557667208310235,30.86920064997228,42.246133766648185,1.0,0.0,0.0,0.5471166395844883,2,0,0.0,0.4528833604155117,0.5471166395844883,1.0,0.0,1.0,1.0,0.0,0.0,0.0,20,2,2023,6,13,3,0,0,0,1,0,1,GRAVE_LESIONADOS,1
3,1,12,0,4,1,-7.233172335144312,-79.44564154324277,0,4,7,1,2,2,2,1,6543.555,2.0,4,4,1.0,14,33,1198.0,0.5043890650331936,78.38031501402558,60.63001613820521,6.378927819653304,841.6132494295276,24809.438053624744,8931.828000000005,1335.5899999999997,1935.9830000000004,5660.255000000005,1219.309,7712.519000000005,13.651281686122925,4,1,0,0,2,35.27142445779488,25.814273373384633,44.72857554220512,1.0,0.054284891558975534,0.0,0.0,1,0,0.0,0.054284891558975534,0.9457151084410245,0.0,0.9457151084410245,0.0,0.054284891558975534,0.0,0.0,0.0,18,2,2021,3,5,4,0,0,0,1,0,1,GRAVE_LESIONADOS,1
3,1,14,1,4,1,-13.198563809082923,-72.218036677914,4,4,6,1,4,2,2,0,2233.5754233130174,1.030460130890141,2,0,0.676820043630047,6,22,387.9278440401559,0.5991286169169262,74.79968513658703,60.18425384992938,8.797979690947965,1210.7601343041006,10222.725478684544,2617.5201314363394,495.9826278653052,470.8587894365936,1650.67871413444,690.6661246458546,1926.8540067904844,25.566729043705244,4,2,0,0,2,41.71656949825446,39.20133943280939,44.23179956369953,1.0,0.0,0.0,0.323179956369953,2,0,0.0,0.0,0.0,1.0,0.676820043630047,1.0,0.0,0.0,0.676820043630047,0.0,15,3,2022,6,15,3,0,0,0,1,0,1,GRAVE_LESIONADOS,1
6,1,5,0,4,2,-6.948697825608363,-78.64655835296206,3,4,0,0,5,2,2,0,6543.555,2.0,4,4,1.0,14,33,1198.0,0.29154525920151647,67.7203829569196,44.3857382691396,4.752510158155446,342.9020969542784,11098.456363802958,15935.565011852366,1733.9250000199986,935.692,13265.948011832368,2000.1670000199988,13935.398011832369,12.551591352627522,5,1,0,0,4,40.26984947240252,40.26984947240252,40.26984947240252,1.0,0.30158686987355154,0.0,0.30158686987355154,1,0,0.0,0.30158686987355154,0.0,0.6984131301264485,0.30158686987355154,0.6984131301264485,0.0,0.30158686987355154,0.30158686987355154,0.30158686987355154,15,1,2022,3,10,5,1,0,2,1,0,1,GRAVE_LESIONADOS,1
6,1,4,0,4,1,-13.408332870951538,-74.71839097471042,0,4,4,0,1,1,0,2,1599.3474111075716,1.4350924252486807,1,3,0.8116974750828936,9,25,296.54635255812354,0.25787880486661013,78.69861617390262,44.45405491173434,4.050798797613481,213.71669494898887,3543.2388273384186,12678.733000000004,1805.074000000001,1774.0339999999994,9099.625000000004,2485.375000000001,10193.358000000002,19.602707936195205,5,1,0,0,4,38.49357980066315,38.49357980066315,38.49357980066315,1.0,0.0,0.18830252491710642,0.18830252491710642,1,0,0.0,0.0,0.0,0.18830252491710642,0.0,0.8116974750828936,0.18830252491710642,0.0,0.18830252491710642,0.0,11,1,2022,6,26,2,0,1,2,1,0,1,GRAVE_LESIONADOS,1
4,2,5,0,4,1,-5.7565237076537805,-79.08903351442585,0,4,7,1,2,2,2,0,7389.363044337421,2.3037350462250994,2,0,1.0,6,23,1933.1423395838847,0.5023105570157288,71.7549286577184,64.8238484278729,7.096500265905826,852.7724324041653,49987.78304441634,5441.273429804947,1345.6512608998128,600.8055402326881,3494.816628672447,1329.6121225563497,4111.661307248598,24.33183171141174,4,2,0,0,2,36.07470092450199,32.59337615562748,39.55602569337649,1.0,0.0,0.0,0.3037350462250994,2,0,0.0,0.3037350462250994,0.0,0.6962649537749006,0.6962649537749006,0.0,1.0,0.0,1.0,0.0,4,0,2022,1,21,4,0,1,0,1,0,1,GRAVE_LESIONADOS,1
6,1,7,0,4,0,-13.030998803078925,-72.16153415626265,4,4,0,0,1,1,0,6,6543.555,2.0,4,4,1.0,14,33,1198.0,0.30042670729937604,70.49291410922072,57.16838432526376,5.692239271098274,259.68068005020564,5190.654635764273,17779.13499998999,2097.3709999899997,2863.123,12818.640999999989,2878.713,14900.421999989989,16.19152450331032,4,1,0,0,3,49.5117214517972,49.5117214517972,49.5117214517972,1.0,0.906982590737325,0.0,0.0,1,0,0.0,0.0,0.0,1.0,0.0,0.906982590737325,0.09301740926267499,0.906982590737325,0.906982590737325,0.0,6,1,2021,1,14,3,0,0,2,1,0,1,GRAVE_LESIONADOS,1
5,1,1,0,4,1,-9.669024210855774,-76.84028800678237,1,4,1,1,2,1,1,0,1674.6189114987442,1.1438679663433298,0,2,0.14386796634332977,8,27,246.13679220194,0.35870263518841283,74.94358741483217,57.829268320822834,5.778934303477032,379.1049073118085,2697.4650764369235,10703.572660621872,1828.9793822842792,1298.542007886329,7576.051270451267,2213.4594762733755,8490.1131843485,20.72298396879637,6,1,0,0,5,47.99292423559669,46.985848471193385,49.0,1.0,0.14386796634332977,0.0,0.14386796634332977,1,0,0.0,0.0,0.0,1.0,0.0,1.0,0.0,0.0,1.0,0.0,17,1,2022,4,26,0,0,1,0,1,0,1,GRAVE_LESIONADOS,1
5,1,14,0,3,1,-11.414624482711744,-77.4252638491578,0,3,6,1,2,2,2,1,6543.555,2.895339559653519,2,0,1.0,1,30,1446.0090580240246,0.7433255616229731,78.44483113042565,76.66393249959505,13.575554482562659,1466.435409386047,61583.189765449104,7626.313,1683.4029999999998,1599.0829999999996,4343.827000000001,1814.875,5811.438000000001,23.797541485643197,9,1,0,0,7,45.0,43.53475383514927,46.04660440346481,1.0,0.0,0.0,0.8953395596535189,1,0,0.0,0.0,0.10466044034648114,1.0,0.10466044034648114,0.8953395596535189,0.10466044034648114,0.0,0.10466044034648114,0.10466044034648114,5,0,2023,9,17,1,0,1,0,1,0,1,GRAVE_LESIONADOS,1
5,1,19,1,4,1,-5.175874532277324,-80.5568794981704,0,2,7,0,2,2,2,0,4328.018114052818,2.5770564562584424,2,0,1.0,0,25,920.0980706110762,0.6220812987247925,80.20155828147696,72.71675503872983,10.02377668600292,1028.915688621886,159840.92719486082,8965.846000060003,1782.4120000599992,636.9959999999999,6546.438000000004,2214.505000059999,6751.341000000004,24.699342371541725,5,1,0,0,4,42.42641140646106,42.42641140646106,42.42641140646106,1.0,0.0,0.0,1.0,1,0,0.5770564562584423,0.0,0.5770564562584423,0.42294354374155774,0.5770564562584423,0.0,0.42294354374155774,0.0,1.0,0.5770564562584423,4,0,2022,7,13,5,0,0,0,1,0,1,GRAVE_LESIONADOS,1
5,1,4,0,4,0,-13.24234789079467,-73.73415704408127,0,4,0,0,2,2,2,2,6756.8378922884,2.0,3,3,1.0,12,27,1198.0,0.22741514066985055,76.39283472549727,44.46283996609883,4.926865892012146,166.12932112121257,6556.308261887947,12678.733000000004,1805.074000000001,1774.0339999999994,9099.625000000004,2485.375000000001,10193.358000000002,19.602707936195205,6,1,0,0,5,30.599486534204306,29.27074597987862,31.928227088529994,1.0,0.0,0.0,0.20442162374241357,1,0,0.0,0.20442162374241357,0.20442162374241357,0.7955783762575864,0.0,0.0,1.0,0.7955783762575864,0.7955783762575864,0.7955783762575864,7,0,2021,7,26,3,0,0,2,1,0,1,GRAVE_LESIONADOS,1
6,1,11,0,4,1,-8.669618019133926,-78.10132346874349,0,4,0,1,2,2,2,2,657.6864820474148,1.8586164457836598,1,0,0.8586164457836598,8,29,104.94842439757191,0.35410927805465414,72.79651779573948,51.42323868867764,5.473438908088489,428.5901512279673,26738.009002910625,8872.390071040347,1351.1143384036166,1946.2379733379742,5575.037759298755,1312.660319342423,7559.729751697923,14.84338931242554,5,1,0,0,4,42.555219096379744,42.555219096379744,42.555219096379744,1.0,0.0,0.0,0.0,1,0,0.0,0.0,0.0,1.0,0.0,0.1413835542163402,0.8586164457836598,0.8586164457836598,0.8586164457836598,0.8586164457836598,3,0,2021,10,5,4,0,0,0,1,0,1,GRAVE_LESIONADOS,1