CLASE SINIESTRO,CANTIDAD DE VEHICULOS DAÑADOS,DEPARTAMENTO,ZONA,TIPO DE VÍA,RED VIAL,COORDENADAS LATITUD,COORDENADAS  LONGITUD,CONDICIÓN CLIMÁTICA,ZONIFICACIÓN,CARACTERÍSTICAS DE VÍA,PERFIL LONGITUDINAL VÍA,SUPERFICIE DE CALZADA,¿EXISTE SEÑAL VERTICAL?,¿EXISTE SEÑAL HORIZONTAL?,CAUSA FACTOR PRINCIPAL,MTC_RVN_LONGITUD_KM,MTC_RVN_N_CARRILES_MEDIANA,MTC_RVN_SUPERFICIE_DOMINANTE,MTC_RVN_ESTADO_DOMINANTE,MTC_RVN_ES_CONCESIONADA,MTC_RVN_CONCESION_PRINCIPAL,MTC_RVN_CORREDOR_LOGISTICO,MTC_RVN_N_TRAMOS,IDH_2019,IDH_ESP_VIDA_2019,IDH_EDUC_SECUND_PCT_2019,IDH_ANIOS_EDUC_2019,IDH_INGRESO_PERCAP_2019,IDH_POBLACION_2019,MTC_DEP_RED_TOTAL_KM,MTC_DEP_NACIONAL_TOTAL_KM,MTC_DEP_DEPARTAMENTAL_TOTAL_KM,MTC_DEP_VECINAL_TOTAL_KM,MTC_DEP_PAV_TOTAL_KM,MTC_DEP_NO_PAV_TOTAL_KM,MTC_DEP_PCT_PAVIMENTADA,PER_TOTAL_PERSONAS,PER_N_CONDUCTORES,PER_N_CONDUCTORES_FUGADOS,PER_N_PEATONES,PER_N_PASAJEROS_OCUPANTES,PER_EDAD_COND_PROM,PER_EDAD_COND_MIN,PER_EDAD_COND_MAX,PER_ANY_COND_MASCULINO,PER_ANY_LIC_PROBLEMA,PER_ANY_DOSAJE_POS,PER_ANY_DOSAJE_EVALUADO,VEH_TOTAL,VEH_N_FUGADOS,VEH_ANY_FUGADO,VEH_ANY_CARGA,VEH_ANY_PUBLICO,VEH_ANY_PARTICULAR,VEH_ANY_MOTO,VEH_ANY_AUTO,VEH_ANY_CAMION_BUS,VEH_ANY_SOAT_PROBLEMA,VEH_ANY_CITV_PROBLEMA,VEH_ANY_SEGURO_PROBLEMA,HORA_NUM,FRANJA_HORARIA,ANIO,MES,DIA_MES,DIA_SEMANA,ES_FIN_SEMANA,ES_QUINCENA,REGION_NATURAL,TIENE_SEÑALIZACION,ES_VIA_MULTICARRIL,ES_DEPTO_BAJO_PAVIMENTO,CATEGORIA_SEVERIDAD,CATEGORIA_SEVERIDAD_ENC
6,1,7,0,4,2,-13.209094026162749,-71.96302449237784,0,4,0,0,1,1,1,5,6543.555,2.0,4,4,1.0,14,33,1198.0,0.2411928835947618,70.34937390933116,41.34070191127199,3.6744802754622525,233.01296084247454,5471.328269517425,17779.13499998999,2097.3709999899997,2863.123,12818.640999999989,2878.713,14900.421999989989,16.19152450331032,7,1,0,0,6,36.8244860644127,36.8244860644127,36.8244860644127,1.0,0.0,0.0,0.0,1,0,0.0,0.0,0.0,1.0,0.0,0.0,1.0,0.13032043317233588,0.13032043317233588,0.13032043317233588,15,3,2023,6,7,2,0,0,2,1,0,1,GRAVE_LESIONADOS,1
3,2,12,0,4,1,-7.185226977232655,-79.47672884071838,0,4,7,1,2,2,2,1,6543.555,2.3565710504826693,3,2,1.0,9,31,1296.7701809836994,0.5114727232493018,78.60606800160349,61.153108160372966,6.422343227671115,862.4189512831092,24701.19700214133,8931.828000000005,1335.5899999999997,1935.9830000000004,5660.255000000005,1219.309,7712.519000000005,13.651281686122925,4,2,0,0,2,30.721147394207968,24.28685789903466,37.15543688938128,1.0,0.35657105048266924,0.0,0.0,2,0,0.0,0.0,1.0,0.35657105048266924,1.0,0.0,0.0,0.35657105048266924,0.0,0.0,18,2,2021,2,9,4,0,0,0,1,0,1,GRAVE_LESIONADOS,1
6,1,5,0,4,2,-6.868212523898285,-78.2681482906756,1,4,0,0,1,2,2,1,6543.555,2.0,4,4,1.0,14,33,1198.0,0.23349472859210246,73.60575998694362,49.21639285186073,3.177467037859991,214.6960793897209,8340.215336111909,15935.565011852366,1733.9250000199986,935.692,13265.948011832368,2000.1670000199988,13935.398011832369,12.551591352627522,6,1,0,0,5,35.028170180319336,31.816902108191602,37.43662123441514,0.19718298196806627,0.19718298196806627,0.0,0.19718298196806627,1,0,0.0,1.0,0.0,0.0,0.19718298196806627,0.0,0.8028170180319337,0.19718298196806627,1.0,0.19718298196806627,18,1,2021,3,2,1,0,0,2,1,0,1,GRAVE_LESIONADOS,1
4,1,13,0,4,1,-6.577994260830864,-79.87451197287346,0,4,7,1,2,2,2,0,1305.18,2.0,2,0,1.0,1,20,163.0,0.4530607633213016,76.60203660440479,57.768100495203775,6.835929280138066,623.8856963091697,18730.47537473233,3459.691,515.0619999999999,689.7280000000001,2254.901,703.3549999999999,2756.336,20.329994788551925,5,2,0,0,3,30.1713204573079,29.292830114326975,31.049810800288824,1.0,0.0976100381089916,0.0,0.0,2,0,0.9023899618910084,0.0,1.0,0.0976100381089916,1.0,0.0,0.0,1.0,1.0,1.0,4,0,2022,9,17,0,0,1,0,1,0,1,GRAVE_LESIONADOS,1
3,1,14,1,2,3,-11.930577810903092,-77.15450102773679,0,0,2,0,2,2,2,0,6543.555,2.1668485782055775,3,3,1.0,11,32,1244.217056162945,0.8170444730490278,80.08607269168279,79.0931951392014,13.106670585288123,1889.395434363647,58569.08562862083,7626.313,1683.4029999999998,1599.0829999999996,4343.827000000001,1814.875,5811.438000000001,23.797541485643197,29,2,0,0,26,44.41602997628048,30.499454265383267,55.0,1.0,0.0,0.0,0.16684857820557764,2,0,0.0,0.0,0.8331514217944224,1.0,0.8331514217944224,0.16684857820557764,1.0,0.0,0.8331514217944224,0.8331514217944224,14,2,2024,6,24,3,0,1,0,1,0,1,GRAVE_LESIONADOS,1
3,1,8,0,4,0,-9.53576624369968,-75.77122051470775,0,4,7,1,2,2,2,1,7665.684501425692,2.0,2,0,1.0,9,20,2061.6888551447855,0.46122690318743914,72.76348511502668,50.31999889643418,6.930336898777042,749.9849757532995,33113.19085726561,8370.22895826226,1345.815056865764,865.0241708222673,6159.389730574227,1199.1816048216413,7171.047353440617,14.058987647199878,7,2,0,0,5,63.94925583507104,59.178061647440714,68.72045002270137,1.0,0.0,0.0762686041232239,1.0,2,0,0.0,0.0762686041232239,0.0,1.0,0.9237313958767761,1.0,0.0,0.0,0.9237313958767761,0.0,17,1,2021,5,14,3,0,0,1,1,0,1,GRAVE_LESIONADOS,1
3,1,12,0,4,1,-7.8125015796175115,-78.00432674676043,0,4,7,1,2,2,2,2,9936.932,2.0,2,0,1.0,9,32,3830.0,0.3986882084754764,72.97869269132666,58.65435142755623,5.605762371496486,527.7120199980477,69564.29978586723,8931.828000000005,1335.5899999999997,1935.9830000000004,5660.255000000005,1219.309,7712.519000000005,13.651281686122925,7,1,0,0,5,34.82147125277619,31.535586241671428,38.10735626388095,1.0,0.0,0.0,0.0,1,0,0.0,1.0,0.0,0.0,0.0,0.0,1.0,0.0,1.0,0.0,7,0,2021,8,10,1,0,0,0,1,0,1,GRAVE_LESIONADOS,1
4,1,5,0,4,1,-6.31128447522093,-78.98178837024174,1,4,5,1,2,0,1,0,9936.932,2.0,2,0,1.0,9,32,3830.0,0.3101798235490111,74.43486574000121,45.261237704414505,4.2272963278885625,368.3583784675984,6695.304899131286,15935.565011852366,1733.9250000199986,935.692,13265.948011832368,2000.1670000199988,13935.398011832369,12.551591352627522,7,1,0,0,5,42.0,37.75122525173887,49.08129124710188,1.0,0.3540645623550941,0.0,0.3540645623550941,1,0,0.0,1.0,0.0,0.3540645623550941,0.0,0.3540645623550941,1.0,0.0,0.0,0.0,5,0,2022,3,6,4,0,0,2,1,0,1,GRAVE_LESIONADOS,1
6,1,10,1,4,1,-13.954821415064233,-75.87144406964269,0,3,7,1,2,2,2,1,6639.975,2.0,2,0,1.0,9,31,1616.0,0.6053164595604621,78.88848309050202,67.63954639531094,9.133324993872453,1064.9426147896202,27932.19700214133,3721.461,698.1859999999996,744.866,2278.409,1102.9029999999996,2618.558,29.636290693359403,7,1,0,0,6,30.83731150991089,30.83731150991089,30.83731150991089,1.0,0.0,0.6558207673273928,0.6558207673273928,1,0,0.0,0.0,0.0,0.0,0.0,0.3441792326726072,0.6558207673273928,0.3441792326726072,0.0,0.3441792326726072,9,0,2021,6,9,4,0,0,0,1,0,1,GRAVE_LESIONADOS,1
6,1,22,0,4,1,-17.85772071621334,-70.38849281596383,0,4,3,1,2,2,2,3,1562.4728707429986,1.537275673668038,1,1,0.5372756736680381,9,32,292.58882118596426,0.5374133487861721,77.93529879177234,79.58194718606188,8.561816819211442,759.1324031374857,1833.2352583707936,2650.572,630.6729999999998,487.3610000000001,1532.5379999999998,1068.7019999999998,1581.87,40.31967439480987,6,1,0,0,5,26.776345957991772,26.776345957991772,26.776345957991772,1.0,0.5372756736680381,0.0,1.0,1,0,0.0,0.0,0.0,1.0,0.0,1.0,0.0,0.0,0.0,0.0,6,0,2022,3,14,0,0,0,0,1,0,1,GRAVE_LESIONADOS,1
5,1,14,2,2,4,-12.024596570018106,-77.01854739201306,0,0,7,1,2,2,2,0,6543.555,2.0,4,4,1.0,14,33,1198.0,0.7145167396825028,80.10821492954652,76.80454702432775,10.659305923388171,1449.9851906989836,507128.06119903666,7626.313,1683.4029999999998,1599.0829999999996,4343.827000000001,1814.875,5811.438000000001,23.797541485643197,7,1,0,0,5,41.82091108935437,41.82091108935437,41.82091108935437,1.0,0.32287573651743606,0.0,0.0,1,0,0.0,0.0,0.0,1.0,0.32287573651743606,0.0,1.0,0.32287573651743606,0.32287573651743606,0.32287573651743606,19,2,2023,8,25,1,0,1,0,1,0,1,GRAVE_LESIONADOS,1
7,1,10,0,4,1,-13.995428581533401,-75.89729095134804,0,4,7,1,2,1,1,0,6639.975,2.0,2,0,1.0,9,31,1616.0,0.611913018995911,79.3951228563756,70.46935175356592,9.199453342062686,1063.6922269524405,29038.77841291589,3721.461,698.1859999999996,744.866,2278.409,1102.9029999999996,2618.558,29.636290693359403,4,1,0,0,3,34.37996635652931,32.63465769507448,36.12527501798413,1.0,0.31732884753724067,0.0,1.0,1,0,0.0,0.31732884753724067,0.0,1.0,0.0,0.0,1.0,0.31732884753724067,0.0,0.0,8,0,2021,9,28,4,0,1,0,1,0,1,GRAVE_LESIONADOS,1
4,0,11,0,4,1,-11.721941849865189,-75.79738391960429,2,2,7,0,2,1,1,0,648.1359284696672,2.0,1,1,0.6287340150599929,5,20,101.79516619875896,0.6467049297684428,76.24342862795778,69.08520354901624,9.831491859244842,1316.750583144435,3078.354951424023,12264.545,1826.4639999999995,1105.5389999999998,9332.542,1588.5359999999996,10676.009,12.952261987705208,5,1,0,0,4,41.3833567816301,40.82645780422009,41.94025575904011,1.0,0.0,0.0,0.0,1,0,0.0,0.6287340150599929,0.0,0.37126598494000707,0.0,0.37126598494000707,1.0,0.0,0.6287340150599929,0.0,8,1,2022,2,15,2,0,0,2,1,0,1,GRAVE_LESIONADOS,1
3,1,7,0,4,0,-10.960753274268543,-74.96424230641419,0,4,7,1,2,2,2,1,7435.079645688329,2.0,2,1,1.0,10,23,1884.1952204176164,0.4919133822575718,73.86151550860157,54.02613972416909,7.234737278388836,833.946305319674,33506.21947452493,8771.38640351357,1376.5220251718576,1046.8387789330297,6348.025599408681,1545.9559495563688,7225.4304539572,16.91670647555779,6,2,0,0,4,56.35594525850766,52.15424936411958,60.55764115289573,1.0,0.0,0.2661013685373086,1.0,2,0,0.0,0.2661013685373086,0.0,1.0,0.7338986314626914,1.0,0.0,0.0,0.7338986314626914,0.0,14,1,2021,5,16,3,0,0,1,1,0,1,GRAVE_LESIONADOS,1
3,1,19,0,4,0,-14.711593677671052,-71.0648924669977,5,4,5,1,6,1,1,0,6584.252271090045,2.0,3,3,1.0,13,31,1198.0,0.32204243868319654,71.61823404866526,59.14594381117608,6.556226437889901,274.31690964412775,7783.306712716377,13604.727193081362,2012.3651200093568,2331.4900384246425,9260.872034647364,3281.728276261531,10322.99891681983,24.109519494364726,4,1,0,0,3,36.453910109320546,31.648942213134635,41.25887800550645,1.0,0.0,0.0,0.0,1,0,0.0,0.0,0.0,1.0,0.0,1.0,0.9609935792371819,0.9609935792371819,0.9609935792371819,0.0,21,2,2021,5,17,1,0,0,2,1,0,1,GRAVE_LESIONADOS,1
6,1,8,0,4,1,-13.398909744038852,-75.42690552164505,1,4,0,0,2,2,2,0,1589.9408464738963,1.5444332180098912,1,3,0.5444332180098912,9,20,294.4994948104451,0.43895476158526836,71.57745134142179,50.37536543589319,7.628301840720899,653.6401476941696,1657.2320419938515,8511.426,1445.3929999999996,2008.516,5057.516999999999,1879.579,6631.846999999998,22.08300935706896,4,1,0,0,3,19.822267127960437,19.822267127960437,19.822267127960437,1.0,0.5444332180098912,0.0,0.0,1,0,0.0,0.0,0.0,1.0,0.0,1.0,0.0,0.0,0.0,0.0,11,2,2022,3,4,4,0,0,2,1,0,1,GRAVE_LESIONADOS,1
5,2,3,0,4,1,-16.047898020371047,-71.33255569144907,0,4,0,0,2,0,1,0,1504.4250000000002,2.0,2,0,1.0,7,25,241.0,0.4685280505645348,81.83746865987648,70.74305753660312,6.037751599761188,617.4715908037651,1751.8736616702354,10322.272,1495.236,1749.739,7077.2970000000005,2886.595,7435.677000000001,27.964725207783708,4,2,0,0,2,36.663539172963944,31.672921654072113,41.654156691855775,1.0,0.0,0.0,0.10902611530929618,2,0,0.0,1.0,0.0,1.0,0.0,1.0,1.0,0.0,0.0,0.0,6,0,2023,6,6,1,0,0,0,1,0,1,GRAVE_LESIONADOS,1
4,1,12,0,4,1,-8.459571967553027,-78.72422730614542,0,4,7,1,2,2,2,1,6543.555,3.0,2,0,1.0,0,30,1475.0,0.5051395598219868,77.13285387085847,51.52067479184955,6.715328807318118,900.900383457586,67612.41755888652,8931.828000000005,1335.5899999999997,1935.9830000000004,5660.255000000005,1219.309,7712.519000000005,13.651281686122925,4,1,0,0,3,34.269328132220586,27.596535639258512,40.94212062518266,1.0,0.4305027414814241,0.0,0.0,1,0,0.0,1.0,0.4305027414814241,0.0,0.4305027414814241,0.0,1.0,0.0,0.4305027414814241,0.4305027414814241,12,1,2023,3,12,3,0,0,0,1,1,1,GRAVE_LESIONADOS,1
6,1,12,0,4,2,-7.602339345829767,-77.74883930030137,0,4,7,1,7,2,2,0,5695.423333790202,1.832391041701908,3,3,0.8323910417019079,13,32,1039.609534408303,0.1577696273838295,73.34939757302345,20.34278702044506,2.804184440523219,135.15658506181953,13367.980728051392,8931.828000000005,1335.5899999999997,1935.9830000000004,5660.255000000005,1219.309,7712.519000000005,13.651281686122925,9,1,0,0,8,24.67608958298092,24.67608958298092,24.67608958298092,1.0,0.0,0.0,0.0,1,0,0.0,0.16760895829809208,0.0,0.8323910417019079,0.0,0.0,1.0,0.0,0.16760895829809208,0.0,15,1,2023,9,21,3,0,0,0,1,0,1,GRAVE_LESIONADOS,1
3,1,19,0,4,2,-5.392652192380237,-80.7558073492857,5,4,6,1,5,2,2,0,6543.555,2.0,4,4,1.0,14,33,1198.0,0.468322141115324,76.41454522804248,62.30004455039537,6.702569574661959,672.2130763824805,43308.25680328652,8965.846000060003,1782.4120000599992,636.9959999999999,6546.438000000004,2214.505000059999,6751.341000000004,24.699342371541725,4,1,0,0,3,37.004187828519385,36.82411120218579,37.18426445485298,1.0,1.0,0.0,0.008375657038771855,1,0,0.0,0.9916243429612281,0.008375657038771855,0.0,1.0,0.0,0.0,1.0,1.0,1.0,21,2,2022,6,10,6,1,0,0,1,0,1,GRAVE_LESIONADOS,1
6,1,5,0,4,1,-6.680783123489484,-78.44357683987248,4,4,7,0,1,2,2,1,6543.555,2.8363837958617237,2,0,1.0,2,30,1429.6783114536975,0.3484871558022944,76.33677469666252,53.28672218475212,4.131981838863427,447.1658531581213,76209.5845824411,15935.565011852366,1733.9250000199986,935.692,13265.948011832368,2000.1670000199988,13935.398011832369,12.551591352627522,4,1,0,0,3,53.36383795861724,53.36383795861724,53.36383795861724,1.0,0.16361620413827627,0.0,0.8363837958617237,1,0,0.0,1.0,0.0,0.0,0.0,0.0,1.0,0.0,0.0,0.0,8,1,2024,2,15,1,0,0,2,1,0,1,GRAVE_LESIONADOS,1
6,1,7,0,4,1,-13.744058249757678,-72.0144301138114,1,4,0,0,2,1,1,2,2560.3486852759434,1.0,2,3,0.0,9,9,795.846081368254,0.45574990617408156,74.24887870335921,62.38233408589608,6.859895965601332,639.1500814487824,2642.011820827305,17779.13499998999,2097.3709999899997,2863.123,12818.640999999989,2878.713,14900.421999989989,16.19152450331032,5,1,0,0,4,36.23288944343207,36.23288944343207,36.23288944343207,1.0,0.0,0.0,0.6917776391419823,1,0,0.0,0.0,0.0,0.3082223608580177,0.0,1.0,0.0,0.0,0.3082223608580177,0.0,11,2,2022,3,20,5,1,0,2,1,0,1,GRAVE_LESIONADOS,1
8,1,10,0,4,1,-13.928920600272628,-75.94679544383116,0,4,7,1,2,2,2,0,6639.975,2.0,2,0,1.0,9,31,1616.0,0.6053164595604621,78.88848309050202,67.63954639531094,9.133324993872453,1064.9426147896202,27932.19700214133,3721.461,698.1859999999996,744.866,2278.409,1102.9029999999996,2618.558,29.636290693359403,5,1,0,0,4,34.931357836699775,34.931357836699775,34.931357836699775,1.0,0.32570642629997537,0.0,1.0,1,0,0.0,0.0,0.0,1.0,0.0,0.32570642629997537,0.6742935737000246,0.0,0.0,0.0,1,0,2021,7,20,3,0,0,0,1,0,1,GRAVE_LESIONADOS,1
6,1,12,0,4,1,-7.793090973756027,-77.77574352509757,0,4,6,1,1,2,2,0,1688.589,1.0,1,3,0.0,9,32,287.0,0.1492206538659984,78.92776803590996,33.56043543982053,2.142334776786642,136.3088563134413,18539.64239828694,8931.828000000005,1335.5899999999997,1935.9830000000004,5660.255000000005,1219.309,7712.519000000005,13.651281686122925,4,1,0,0,3,45.20044552641721,45.20044552641721,45.20044552641721,1.0,0.020044552641721558,0.0,0.0,1,0,0.0,0.020044552641721558,0.0,0.9799554473582784,0.0,0.9799554473582784,0.020044552641721558,0.0,1.0,0.0,11,2,2022,11,3,5,0,0,0,1,0,1,GRAVE_LESIONADOS,1
6,1,14,0,4,1,-11.595910101990633,-77.20995908578847,0,4,6,0,2,1,0,0,6543.555,3.0,2,0,1.0,0,30,1475.0,0.6063122147710532,79.15008214225158,64.26135142667084,7.197828524893965,1267.400292974715,20974.76755306885,7626.313,1683.4029999999998,1599.0829999999996,4343.827000000001,1814.875,5811.438000000001,23.797541485643197,5,1,0,0,4,31.33118311908559,31.33118311908559,31.33118311908559,1.0,0.0,0.0,0.9856007339528003,1,0,0.0,0.0,0.014399266047199655,0.9856007339528003,0.0,0.9856007339528003,0.014399266047199655,0.0,0.0,0.0,15,3,2024,1,27,4,0,1,0,1,1,1,GRAVE_LESIONADOS,1
3,1,13,1,4,1,-16.14053437737929,-73.60455278623566,0,4,4,0,2,1,1,0,492.1007086291838,1.6866786117241295,1,0,0.6866786117241295,5,28,79.17831574689774,0.5710656785305329,77.23227550611354,71.11838690619471,8.96905503690914,930.5279509811874,29976.434556611886,3385.928571830641,677.0327331133308,664.1841759120219,2044.7116628052881,1092.1870951995766,2293.7414766310644,32.98362330618167,5,1,0,0,3,48.07691154034465,34.686678611724126,61.46714446896518,1.0,0.0,0.0,0.6866786117241295,1,0,0.0,0.6866786117241295,1.0,0.0,0.0,0.0,1.0,0.0,0.6866786117241295,0.6866786117241295,17,2,2021,7,17,0,0,0,0,1,0,1,GRAVE_LESIONADOS,1
6,1,9,0,4,1,-12.019627023485265,-75.75906641082068,0,4,5,0,2,1,1,1,1071.5155854963657,2.0,2,0,1.0,4,16,194.7347519251689,0.613511908869108,79.60543206592818,62.97850512859954,8.840954374988637,1288.5221825078079,4080.49162161008,12365.447323461522,1821.2530795995008,1268.3942703661367,9275.799973495883,1807.019246426519,10558.428077035003,14.572408994035426,4,1,0,0,3,34.781926040089026,34.781926040089026,34.781926040089026,1.0,0.0,0.0,0.24361479198219427,1,0,0.24361479198219427,0.7563852080178057,0.0,0.24361479198219427,0.0,0.0,1.0,0.0,0.7563852080178057,0.24361479198219427,8,1,2022,1,12,1,0,0,2,1,0,1,GRAVE_LESIONADOS,1
3,1,14,2,5,4,-10.527293377255907,-76.14111424001062,0,2,7,1,2,2,2,0,6543.555,2.0,4,4,1.0,14,33,1198.0,0.6325769363426639,76.58892824685769,67.7910551666449,9.52687112700476,1234.5833775182489,142686.456759007,6310.73798608459,1370.251604160836,1341.5696758925174,3598.9167060312366,1504.5178361301269,4806.2201499544635,24.04556615182029,6,2,0,0,3,34.15595853595394,30.604332485608204,40.25921063664544,1.0,1.0,0.0,0.0,2,0,0.0,0.0,0.798555838130599,0.20144416186940095,1.0,0.0,1.0,0.798555838130599,1.0,1.0,6,0,2022,11,5,0,0,0,0,1,0,1,GRAVE_LESIONADOS,1
3,1,12,0,4,1,-7.200245249075257,-79.36681684893253,0,4,7,1,1,2,2,0,6543.555,2.892970865788962,2,0,1.0,1,30,1445.3529298235424,0.47688471679699596,78.3200367270334,57.689855909719,6.0839762080509585,785.9183091383522,24651.378721709378,8931.828000000005,1335.5899999999997,1935.9830000000004,5660.255000000005,1219.309,7712.519000000005,13.651281686122925,8,1,0,0,6,41.25079606052273,28.749203939477265,53.7523881815682,1.0,1.0,0.0,0.0,1,0,0.0,0.0,0.8929708657889619,1.0,0.8929708657889619,0.0,1.0,0.0,0.0,0.8929708657889619,6,0,2024,2,19,2,0,1,0,1,0,1,GRAVE_LESIONADOS,1
5,1,7,0,4,2,-13.592609944147794,-71.87487900944092,0,4,7,1,2,1,1,2,6772.36194239114,2.0,3,3,1.0,12,26,1198.0,0.2896541363981695,72.14353694512474,54.80212715865186,5.222293706018239,248.06579821946949,5299.083192046256,17779.13499998999,2097.3709999899997,2863.123,12818.640999999989,2878.713,14900.421999989989,16.19152450331032,5,1,0,0,4,45.27188817091769,42.42097912514886,48.122797216686514,1.0,0.0,0.0,0.2193006958283713,1,0,0.0,0.2193006958283713,0.0,1.0,0.0,0.2193006958283713,1.0,0.7806993041716287,0.7806993041716287,0.7806993041716287,15,2,2023,4,11,3,0,0,2,1,0,1,GRAVE_LESIONADOS,1
9,1,12,0,4,0,-8.239649387956277,-78.60480896364894,0,4,7,1,1,2,2,0,6543.555,2.0898038758553037,3,3,1.0,12,32,1222.8756736119192,0.49615561410071185,77.29115284596072,47.4722426815853,6.428659358351006,916.6671874052523,44756.76912515637,8934.882948254239,1375.7163474228064,1819.328932714347,5739.837668117085,1308.6814580410828,7626.201490213156,14.643440356358134,6,1,0,0,5,54.55098062072348,54.55098062072348,54.55098062072348,1.0,0.0,0.0,0.08980387585530358,1,0,0.0,0.08980387585530358,0.9101961241446964,0.0,0.0,0.0,1.0,0.0,0.08980387585530358,0.0,14,2,2022,9,16,5,0,1,0,1,0,1,GRAVE_LESIONADOS,1
6,1,10,0,4,1,-13.93178542369469,-75.73566367948386,0,4,7,1,2,2,2,0,6639.975,2.0,2,0,1.0,9,31,1616.0,0.5670525800234701,79.88868664005531,68.52133571968331,8.885417550966439,884.1697190567385,27147.61305240453,3721.461,698.1859999999996,744.866,2278.409,1102.9029999999996,2618.558,29.636290693359403,4,1,0,0,3,22.29700036861061,22.29700036861061,22.29700036861061,1.0,0.0,0.0,0.0,1,0,0.0,0.0,0.0,1.0,0.0,0.6171666052315647,0.38283339476843525,0.0,0.0,0.0,5,0,2023,3,26,1,0,1,0,1,0,1,GRAVE_LESIONADOS,1
3,2,10,0,4,1,-14.33450065808094,-75.49040535264994,0,2,4,1,2,1,1,2,6639.975,2.0,2,0,1.0,9,31,1616.0,0.5872401293762688,78.19441172227731,68.17989634518955,8.890887620862754,1009.5160965888998,27932.19700214133,3721.461,698.1859999999996,744.866,2278.409,1102.9029999999996,2618.558,29.636290693359403,6,2,0,0,4,42.162141172576135,27.0,57.32428234515228,1.0,1.0,0.0,1.0,2,0,0.0,0.0,0.0,1.0,0.6306352949830805,0.36936470501691954,0.6306352949830805,0.36936470501691954,0.36936470501691954,0.0,6,1,2021,4,20,1,0,1,0,1,0,1,GRAVE_LESIONADOS,1
4,2,10,1,4,1,-13.544857707353223,-76.18100336930597,0,4,7,1,2,2,2,2,6639.975,2.0,2,0,1.0,9,31,1616.0,0.5729330278682737,78.52516309751101,70.65435034446915,9.121080481764485,897.801526962731,25300.017441351374,3721.461,698.1859999999996,744.866,2278.409,1102.9029999999996,2618.558,29.636290693359403,7,2,0,0,5,29.290428196290478,24.290428196290478,34.29042819629048,1.0,0.0,0.0,0.5698572679031737,2,0,0.0,0.4301427320968263,0.5698572679031737,0.5698572679031737,0.0,1.0,1.0,0.4301427320968263,0.4301427320968263,0.0,7,1,2021,9,7,1,0,0,0,1,0,1,GRAVE_LESIONADOS,1
4,1,13,0,4,1,-11.84590070257664,-73.8198337979437,2,3,3,1,2,1,1,1,1234.2604851393517,2.0,2,0,1.0,7,21,203.35220527102095,0.5895634540556967,73.39861380027783,76.88032538485541,9.875281409859992,988.4066618972442,243580.01709480278,14646.218593070187,1895.2043429251903,1733.180101878464,11017.834148266533,2738.8790607356777,11907.339532334508,19.152712103345937,4,1,0,0,3,34.55799406520182,31.184584395130585,37.931403735273044,1.0,0.0,0.0,0.0,1,0,0.0,0.0,0.0,1.0,0.0,1.0,0.5622349450118715,0.0,0.43776505498812845,0.0,13,1,2022,10,27,4,0,1,2,1,0,1,GRAVE_LESIONADOS,1
3,3,12,1,4,1,-8.510637824519188,-77.6393960308716,0,1,7,1,2,2,2,2,8883.726563430955,2.0,2,1,1.0,10,32,3013.103819867428,0.5574326166130881,75.07425517005525,72.43356324165194,8.422826123842249,946.2882408776461,39037.469185226364,8443.942274815869,1472.8140447494866,743.8754092351345,6227.252820831247,1418.227505643756,7025.714769172112,16.569654558820194,6,3,0,0,3,33.70703989009466,21.517032887135038,53.48296711286496,1.0,1.0,0.0,1.0,3,0,0.0,0.0,1.0,0.68962911089188,1.0,0.68962911089188,0.0,1.0,1.0,1.0,21,2,2022,1,25,3,0,1,1,1,0,1,GRAVE_LESIONADOS,1
3,2,13,0,4,1,-7.134061210941754,-78.51272568542788,0,4,5,1,3,2,2,1,9129.748125054863,2.0,2,0,1.0,10,32,3203.925161025254,0.41455097447709477,73.26841272458866,59.23936093011466,5.8413624520685286,569.1482804633235,71074.71251684744,8939.919874585798,1441.8757187454169,1626.9924692799061,5871.051686560474,1456.0366502605907,7483.883224325206,16.27928807465134,7,2,0,0,5,35.0,29.334907343152274,40.665092656847726,1.0,0.23787037954967538,0.0,0.23787037954967538,2,0,0.0,0.7621296204503246,0.0,0.0,0.23787037954967538,0.0,0.7621296204503246,0.23787037954967538,1.0,0.0,7,0,2021,7,7,1,0,0,0,1,0,1,GRAVE_LESIONADOS,1
3,1,14,1,2,4,-12.17966465958624,-76.94029671555923,0,0,1,0,1,2,2,0,6543.555,2.0,4,4,1.0,14,33,1198.0,0.689811994580126,79.88015655965044,73.89553442371854,9.755251380104111,1409.8432274455126,452660.364025696,7626.313,1683.4029999999998,1599.0829999999996,4343.827000000001,1814.875,5811.438000000001,23.797541485643197,4,1,0,0,2,53.468237539996124,39.42558907749854,67.5108860024937,1.0,1.0,0.0,0.06382343583349481,1,0,0.0,0.06382343583349481,0.0,0.9361765641665052,0.0,0.9361765641665052,0.06382343583349481,0.06382343583349481,0.06382343583349481,0.9361765641665052,12,3,2023,5,14,3,0,0,0,1,0,1,GRAVE_LESIONADOS,1