CLASE SINIESTRO,CANTIDAD DE VEHICULOS DAÑADOS,DEPARTAMENTO,ZONA,TIPO DE VÍA,RED VIAL,COORDENADAS LATITUD,COORDENADAS  LONGITUD,CONDICIÓN CLIMÁTICA,ZONIFICACIÓN,CARACTERÍSTICAS DE VÍA,PERFIL LONGITUDINAL VÍA,SUPERFICIE DE CALZADA,¿EXISTE SEÑAL VERTICAL?,¿EXISTE SEÑAL HORIZONTAL?,CAUSA FACTOR PRINCIPAL,MTC_RVN_LONGITUD_KM,MTC_RVN_N_CARRILES_MEDIANA,MTC_RVN_SUPERFICIE_DOMINANTE,MTC_RVN_ESTADO_DOMINANTE,MTC_RVN_ES_CONCESIONADA,MTC_RVN_CONCESION_PRINCIPAL,MTC_RVN_CORREDOR_LOGISTICO,MTC_RVN_N_TRAMOS,IDH_2019,IDH_ESP_VIDA_2019,IDH_EDUC_SECUND_PCT_2019,IDH_ANIOS_EDUC_2019,IDH_INGRESO_PERCAP_2019,IDH_POBLACION_2019,MTC_DEP_RED_TOTAL_KM,MTC_DEP_NACIONAL_TOTAL_KM,MTC_DEP_DEPARTAMENTAL_TOTAL_KM,MTC_DEP_VECINAL_TOTAL_KM,MTC_DEP_PAV_TOTAL_KM,MTC_DEP_NO_PAV_TOTAL_KM,MTC_DEP_PCT_PAVIMENTADA,PER_TOTAL_PERSONAS,PER_N_CONDUCTORES,PER_N_CONDUCTORES_FUGADOS,PER_N_PEATONES,PER_N_PASAJEROS_OCUPANTES,PER_EDAD_COND_PROM,PER_EDAD_COND_MIN,PER_EDAD_COND_MAX,PER_ANY_COND_MASCULINO,PER_ANY_LIC_PROBLEMA,PER_ANY_DOSAJE_POS,PER_ANY_DOSAJE_EVALUADO,VEH_TOTAL,VEH_N_FUGADOS,VEH_ANY_FUGADO,VEH_ANY_CARGA,VEH_ANY_PUBLICO,VEH_ANY_PARTICULAR,VEH_ANY_MOTO,VEH_ANY_AUTO,VEH_ANY_CAMION_BUS,VEH_ANY_SOAT_PROBLEMA,VEH_ANY_CITV_PROBLEMA,VEH_ANY_SEGURO_PROBLEMA,HORA_NUM,FRANJA_HORARIA,ANIO,MES,DIA_MES,DIA_SEMANA,ES_FIN_SEMANA,ES_QUINCENA,REGION_NATURAL,TIENE_SEÑALIZACION,ES_VIA_MULTICARRIL,ES_DEPTO_BAJO_PAVIMENTO,CATEGORIA_SEVERIDAD,CATEGORIA_SEVERIDAD_ENC
6,1,12,0,4,1,-7.776634116222362,-77.77285828012836,0,4,7,1,2,2,2,0,1676.4301875777999,1.0,1,2,0.0,9,32,284.9855292139717,0.14972717320135723,78.59725437911207,32.77730112803155,2.1815488006789954,136.24058523185388,18233.22588799541,8931.828000000005,1335.5899999999997,1935.9830000000004,5660.255000000005,1219.309,7712.519000000005,13.651281686122925,4,1,0,0,3,44.28901031081354,44.28901031081354,44.28901031081354,1.0,0.0,0.0,0.0,1,0,0.0,0.05924914076553889,0.0,0.9407508592344611,0.0,0.9407508592344611,0.05924914076553889,0.0,1.0,0.0,11,2,2022,12,2,5,0,0,0,1,0,1,GRAVE_LESIONADOS,1
5,1,17,0,4,1,-16.70977349611241,-69.90216218302564,0,4,7,1,2,1,0,1,1598.6391124682193,2.0,2,0,1.0,9,22,233.7327879808622,0.33333504395679,73.86577113406199,74.59748224372785,8.026545619503112,323.00702413127044,20469.086761352555,13062.031968182539,1928.9239192029731,2248.483036609857,8884.625012369708,3239.3405163112157,9822.691451871322,24.934294589868014,5,1,0,0,4,45.60174972100053,44.20349944200106,47.0,1.0,0.17478128487493383,0.0,0.17478128487493383,1,0,0.0,0.0,0.0,1.0,0.17478128487493383,1.0,0.0,0.17478128487493383,0.17478128487493383,0.17478128487493383,8,0,2022,3,14,3,0,0,1,1,0,1,GRAVE_LESIONADOS,1
5,1,10,0,4,1,-9.086147415563325,-77.95109836492392,0,4,7,1,2,1,1,0,722.5660047822164,2.0,2,0,1.0,7,28,117.66114539842418,0.5939033992394677,79.98793186863013,66.34208319452586,8.577981568575334,1037.4805505349782,34563.5440079597,9105.98994079693,1355.5866753069276,1912.6547562866378,5837.748509203364,1428.1471593387025,7677.842781458227,15.444131382493023,5,1,0,0,4,28.004101605494945,25.874743649656565,30.13345956133332,1.0,0.0,0.0,0.0,1,0,0.0,0.12525635034343396,0.0,0.874743649656566,0.0,0.0,1.0,0.0,0.874743649656566,0.0,10,1,2022,8,6,4,0,0,0,1,0,1,GRAVE_LESIONADOS,1
3,2,10,0,4,1,-13.425846746384861,-76.21402593923109,0,4,7,1,2,2,2,0,6639.975,2.0,2,0,1.0,9,31,1616.0,0.5733328187715108,80.22353398995881,69.30976417426254,9.130627910056717,880.1771519952636,26033.872887673042,3721.461,698.1859999999996,744.866,2278.409,1102.9029999999996,2618.558,29.636290693359403,12,2,0,0,10,45.69835459425093,42.9106489185323,48.48606026996956,1.0,0.0,0.0,0.26256855857287786,2,0,0.0,0.7374314414271221,0.26256855857287786,0.26256855857287786,0.0,0.26256855857287786,1.0,0.0,0.0,0.0,17,1,2022,6,2,0,0,0,0,1,0,1,GRAVE_LESIONADOS,1
3,2,9,0,4,1,-8.985800242737637,-76.0907696810827,0,4,7,1,2,2,2,2,7758.33400008,2.0,2,0,1.0,9,20,2133.0,0.47607289187061885,73.50739535560945,53.95637858983519,7.230004946908555,766.4735293850906,31685.260335190433,8209.057,1333.4779999999996,791.9770000000001,6083.602,1059.8589999999997,7149.198,12.910849565303296,6,2,0,0,4,55.875154369627275,51.886503972388425,59.86380476686612,1.0,0.25283740069028926,0.0,0.7471625993097107,2,0,0.0,0.0,0.0,1.0,1.0,0.7471625993097107,0.0,0.0,0.7471625993097107,0.0,19,2,2021,3,17,3,0,0,2,1,0,1,GRAVE_LESIONADOS,1
6,1,22,0,4,1,-17.484365553522903,-70.05595152044549,0,4,0,1,2,2,2,5,1165.513887809065,1.0672846129215146,1,2,0.06728461292151455,9,31,177.61483071011634,0.5092245957748491,81.38692128919267,88.26058159282603,8.224738179214135,583.5204032210991,662.3342203530254,2650.572,630.6729999999998,487.3610000000001,1532.5379999999998,1068.7019999999998,1581.87,40.31967439480987,4,1,0,0,3,30.672846129215145,30.672846129215145,30.672846129215145,1.0,0.0,0.0,1.0,1,0,0.0,0.0,0.0,1.0,0.0,1.0,0.0,0.0,0.0,0.0,3,0,2022,4,23,1,0,0,0,1,0,1,GRAVE_LESIONADOS,1
5,1,9,0,3,1,-12.37904983724967,-74.2029439350956,0,3,1,1,1,1,0,2,6543.555,2.0,4,4,1.0,14,33,1198.0,0.6277143450433538,73.23617676237802,78.0419221562457,11.05027937986158,1099.869641952528,122453.52013269374,13742.44004798524,1899.0663355771658,1576.5667083197125,10266.80700408836,1934.299909797086,11808.140138188153,13.820375488608393,6,1,0,0,4,41.2059877009797,38.124019131809355,44.28795627015005,1.0,0.26799726688437797,0.0,0.732002733115622,1,0,0.0,0.732002733115622,0.0,0.26799726688437797,0.0,0.26799726688437797,1.0,0.0,0.26799726688437797,0.0,11,1,2021,7,18,5,1,1,2,1,0,1,GRAVE_LESIONADOS,1
3,2,13,1,4,0,-10.866393738201666,-77.46956231180312,0,3,7,1,2,2,2,2,6650.202590337799,2.0,3,3,1.0,13,31,1280.0852986092737,0.6015502917520154,75.96099682918398,65.58700730192744,8.341261612292314,1189.566106165165,26390.86394249495,7677.4731232649865,1652.682467255775,1528.2257411557898,4496.564914853422,1748.5908141018404,5928.8823091631475,22.84177960634024,4,2,0,0,2,30.753770012642967,22.912208236781524,38.59533178850441,1.0,0.08779176321847437,0.0,0.9122082367815256,2,0,0.0,0.0,0.0,1.0,1.0,0.9122082367815256,0.0,0.0,0.0,0.0,7,1,2022,6,24,0,0,1,0,1,0,1,GRAVE_LESIONADOS,1
3,3,8,1,4,1,-12.40747047953727,-75.07473379412136,0,4,3,1,2,0,1,0,6604.606087833451,2.0,2,1,1.0,10,31,1462.6686861064327,0.5387505743650074,78.00474015935728,61.79253852273901,7.265306254375079,954.6416222330326,36412.84074095812,9824.706017296183,1600.5782808801407,1341.5611382395464,6882.566598176497,2640.0580556327086,7184.647961663475,26.766913148820823,7,3,0,0,3,40.507598705754916,25.497680123436584,53.93457060083382,1.0,0.3668213251042277,0.0,0.3668213251042277,3,0,0.0,0.6331786748957723,0.3668213251042277,0.6331786748957723,0.3668213251042277,0.6331786748957723,0.6331786748957723,0.3668213251042277,0.3668213251042277,0.3668213251042277,21,2,2022,6,22,4,0,1,0,1,0,1,GRAVE_LESIONADOS,1
3,1,13,0,4,1,-10.20123986953336,-77.55818043306397,0,4,0,1,2,2,2,2,1195.794167980903,2.0,2,0,0.27894533910212815,8,21,531.1906872169274,0.5571194116827737,75.57203438222612,60.80559149021433,7.285494585526155,1128.293814666024,25245.217749641506,7990.480324377916,1586.3821847708714,1693.0596847435068,4711.038454863538,1648.7446401723018,6341.735684205615,20.967289605247725,7,1,0,0,5,37.75525402595957,26.578906782042562,48.93160126987659,1.0,0.0,0.0,0.7210546608978718,1,0,0.0,0.7210546608978718,0.0,0.27894533910212815,0.0,0.7210546608978718,1.0,0.27894533910212815,0.27894533910212815,0.27894533910212815,12,2,2022,5,10,2,0,0,0,1,0,1,GRAVE_LESIONADOS,1
6,1,8,0,4,1,-13.467904140616938,-75.05026201086417,3,4,0,0,2,1,1,0,1679.5849999999998,2.0,2,3,1.0,9,24,315.0,0.35792773128242383,73.08500819537166,48.094246634903485,6.001766453764905,446.6182855347759,3002.364917026258,8511.426,1445.3929999999996,2008.516,5057.516999999999,1879.579,6631.846999999998,22.08300935706896,6,1,0,0,5,41.77112476450893,41.77112476450893,41.77112476450893,1.0,0.25715235110909584,0.0,0.0,1,0,0.0,0.0,0.0,1.0,0.0,1.0,0.0,0.0,0.0,0.0,8,1,2022,3,5,5,0,0,2,1,0,1,GRAVE_LESIONADOS,1
3,1,10,0,4,1,-13.789395482939419,-76.0446493683514,0,2,6,1,2,2,2,1,218.70332764943652,-0.43877631114964055,1,3,0.0,9,32,80.38255975106688,0.6285207691531075,76.77116129725184,70.57498924935507,9.610543511084137,1176.1900631002609,7974.016362978925,3721.461,698.1859999999996,744.866,2278.409,1102.9029999999996,2618.558,29.636290693359403,7,1,0,0,5,54.691319121865824,53.612236888503595,55.77040135522805,1.0,0.0,0.0,1.0,1,0,0.0,0.0,0.0,1.0,0.0,0.7193881555748203,0.2806118444251797,0.0,0.0,0.0,14,2,2022,2,24,4,0,1,0,1,0,1,GRAVE_LESIONADOS,1
9,1,10,0,4,2,-15.382976778943915,-75.13794721052928,4,4,2,1,6,2,2,1,6546.266475635318,2.0,3,3,1.0,13,32,1209.7547896241722,0.5563774842369664,77.00938809632027,69.10246351364754,8.476961866273152,914.8835608305218,27932.19700214133,3721.461,698.1859999999996,744.866,2278.409,1102.9029999999996,2618.558,29.636290693359403,4,1,0,0,3,52.55005589955322,52.55005589955322,52.55005589955322,0.9718784937220762,0.028121506277923758,0.9718784937220762,0.9718784937220762,1,0,0.0,0.0,0.0,1.0,0.0,0.028121506277923758,0.9718784937220762,0.028121506277923758,0.028121506277923758,0.028121506277923758,0,0,2021,9,26,6,1,1,0,1,0,1,GRAVE_LESIONADOS,1
6,1,7,0,4,1,-13.067808588512642,-72.40984126247757,1,4,0,0,2,1,1,2,3447.8009999999995,1.0,2,3,0.0,9,12,1109.0,0.4706944943299555,76.79406176595778,61.64424635983724,7.141255198110581,653.4175319142125,3282.6252676659524,17779.13499998999,2097.3709999899997,2863.123,12818.640999999989,2878.713,14900.421999989989,16.19152450331032,4,1,0,0,3,32.3727505795889,32.3727505795889,32.3727505795889,1.0,0.0,0.0,0.6246786542269862,1,0,0.0,0.0,0.0,0.3753213457730138,0.0,1.0,0.0,0.0,0.3753213457730138,0.0,12,2,2023,3,21,3,0,0,2,1,0,1,GRAVE_LESIONADOS,1
4,1,17,0,4,1,-16.510039615930303,-72.29407917526339,0,4,2,0,2,1,0,2,931.7635942560507,1.0,1,3,0.0,9,32,202.87375890495215,0.6145243551864518,78.87347747650676,76.32231044839213,10.18920001653127,983.8227316940216,35781.16938932463,3050.2777333328513,655.8720011798613,583.473878983607,1810.9318531693827,1081.4674087265034,1968.8103246063476,36.33213720200605,5,1,0,0,3,37.545843188847854,29.147793531050304,45.9438928466454,1.0,0.3732466514576688,0.0,0.3732466514576688,1,0,0.0,0.0,0.6267533485423312,0.3732466514576688,0.3732466514576688,0.0,0.6267533485423312,0.0,0.3732466514576688,0.0,11,2,2021,5,10,2,0,0,0,1,0,1,GRAVE_LESIONADOS,1
3,2,7,0,4,1,-13.396855918445711,-72.15548406135561,0,4,5,1,2,0,1,2,3900.080027160804,1.1460965655413202,2,3,0.14609656554132022,9,15,1122.0025943331775,0.42298140391597727,72.44163451332852,65.9306311323898,6.05233082035255,569.6281399794842,11468.824902173223,17779.13499998999,2097.3709999899997,2863.123,12818.640999999989,2878.713,14900.421999989989,16.19152450331032,13,2,0,0,11,36.48866202060538,31.5390343445868,41.43828969662396,1.0,0.14609656554132022,0.0,0.0,2,0,0.0,0.0,0.8539034344586798,1.0,0.14609656554132022,0.8539034344586798,0.8539034344586798,0.14609656554132022,0.14609656554132022,0.14609656554132022,14,2,2023,9,2,0,0,0,2,1,0,1,GRAVE_LESIONADOS,1
3,1,3,0,4,1,-16.084171891400874,-71.29019558747216,1,4,1,1,2,2,2,1,1433.1582742331861,1.8230035744469348,2,0,0.8230035744469347,7,26,234.09713940343045,0.4774765547782821,81.40477808525539,71.05094180441743,6.37373807051558,634.6557979720368,1992.9689447796413,10322.272,1495.236,1749.739,7077.2970000000005,2886.595,7435.677000000001,27.964725207783708,5,1,0,0,3,35.70798570221226,33.238974978871454,38.176996425553064,1.0,0.0,0.0,0.0,1,0,0.0,0.17699642555306527,0.0,0.8230035744469347,0.0,0.8230035744469347,1.0,0.0,0.0,0.0,12,2,2021,4,10,3,0,0,0,1,0,1,GRAVE_LESIONADOS,1
2,1,5,0,4,1,-5.788103907608526,-78.78353879162226,0,3,7,0,2,1,1,0,7758.33400008,2.0,2,0,1.0,9,20,2133.0,0.5803239946829384,74.49544278598792,68.33065356443184,8.733179344969395,1046.078117086984,102362.46895074946,15935.565011852366,1733.9250000199986,935.692,13265.948011832368,2000.1670000199988,13935.398011832369,12.551591352627522,5,1,0,0,3,31.267202661286774,25.529937402376163,37.004467920197385,1.0,0.7649687011880814,0.23503129881191864,0.23503129881191864,1,0,0.0,0.7649687011880814,0.0,1.0,0.23503129881191864,0.7649687011880814,0.7649687011880814,0.0,1.0,0.0,18,2,2022,6,24,5,1,0,2,1,0,1,GRAVE_LESIONADOS,1
3,1,11,0,4,1,-11.215859659965044,-77.11326812928752,0,4,7,1,2,2,2,1,834.308048873056,1.3477188871815537,1,1,0.34771888718155375,6,27,218.44389458956795,0.576719768696558,78.75849615151833,71.17543663470302,9.01477764150038,920.7298827203928,40206.409689954,3630.4386269024844,634.5103265037649,725.6934759985835,2270.234824400136,963.9726140643843,2666.4660128381,26.400315837557496,5,2,0,0,3,37.762638361504365,23.08631332308932,52.4389633999194,1.0,0.6522811128184463,0.0,0.6522811128184463,2,0,0.34771888718155375,0.0,0.0,0.6522811128184463,1.0,0.0,0.0,0.34771888718155375,0.6522811128184463,0.34771888718155375,9,1,2021,5,18,1,0,0,0,1,0,1,GRAVE_LESIONADOS,1
4,1,12,0,4,1,-8.435780729305094,-78.7866966776938,0,4,7,1,2,2,2,1,6543.555,2.4051971425753296,3,2,1.0,8,31,1310.2396084933664,0.5051395598219868,77.13285387085847,51.52067479184955,6.715328807318118,900.900383457586,67612.41755888652,8931.828000000005,1335.5899999999997,1935.9830000000004,5660.255000000005,1219.309,7712.519000000005,13.651281686122925,5,1,0,0,4,37.11693570794492,30.836379998027308,43.397491417862526,1.0,1.0,0.0,0.0,1,0,0.0,0.4051971425753297,0.4051971425753297,0.5948028574246703,0.4051971425753297,0.5948028574246703,0.4051971425753297,0.0,1.0,0.4051971425753297,3,0,2023,6,23,3,0,0,0,1,0,1,GRAVE_LESIONADOS,1
6,1,3,0,4,0,-16.215932211146022,-71.64908072106262,5,4,0,0,2,1,0,0,6582.5044765240455,2.0,3,2,1.0,11,32,1366.8537770903436,0.5972580459590692,77.81262357721157,69.50171811205858,8.63648483519562,1070.9914952704075,7852.565140031139,10322.272,1495.236,1749.739,7077.2970000000005,2886.595,7435.677000000001,27.964725207783708,5,1,0,0,4,40.07912809044706,36.44352044974588,43.71473573114823,1.0,0.0,0.0,0.4039564045223528,1,0,0.0,0.0,0.0,1.0,0.0,1.0,0.4039564045223528,0.0,0.0,0.0,9,2,2022,10,14,3,0,0,0,1,0,1,GRAVE_LESIONADOS,1
3,1,18,0,4,0,-14.600508575610354,-71.22843677549766,5,4,5,1,5,2,2,0,6543.555,2.0,4,4,1.0,14,33,1198.0,0.309090461404752,72.45733857349003,57.959825403346535,6.427503032716423,252.53775300297707,7667.6970072857575,13538.775796497835,1997.601378545182,2291.786761079365,9249.387656873289,3225.010198399135,10313.7655980987,23.788534202425705,4,1,0,0,3,35.81804392108201,31.355296684226552,40.28079115793747,1.0,0.0,0.0,0.0,1,0,0.0,0.0,0.0,1.0,0.0,0.8925494473710919,1.0,1.0,1.0,0.10745055262890812,20,1,2021,5,19,1,0,1,2,1,0,1,GRAVE_LESIONADOS,1
5,1,12,0,4,1,-7.878415842889653,-77.77503507607844,0,4,0,1,1,2,2,0,1673.2611154718463,0.9661744001567854,0,2,0.016912799921607324,9,31,284.8689872098775,0.15694627266106573,78.9307790890725,34.07768575957729,2.2274021205897503,155.48254417940345,18580.939218441563,8909.748086010348,1341.4724916791338,1930.285077706411,5637.990516624803,1229.3816885981119,7680.3663974122355,13.822883348064858,8,1,0,0,7,55.00845639996081,54.88161040054875,55.13530239937286,1.0,0.9830872000783927,0.0,0.016912799921607324,1,0,0.0,0.9830872000783927,0.0,0.016912799921607324,0.0,0.016912799921607324,0.9830872000783927,0.0,0.9830872000783927,0.0,2,0,2021,6,3,3,0,0,0,1,0,1,GRAVE_LESIONADOS,1
5,1,12,0,4,1,-8.422589136337137,-78.82044625581516,0,4,7,1,2,2,2,1,6543.555,2.0904355726196986,3,3,1.0,12,32,1223.0506536156565,0.5051395598219868,77.13285387085847,51.52067479184955,6.715328807318118,900.900383457586,67612.41755888652,8931.828000000005,1335.5899999999997,1935.9830000000004,5660.255000000005,1219.309,7712.519000000005,13.651281686122925,5,1,0,0,4,30.034800383943224,28.633049008337892,31.436551759548557,1.0,1.0,0.0,0.0,1,0,0.0,0.09043557261969881,0.09043557261969881,0.9095644273803012,0.09043557261969881,0.9095644273803012,0.09043557261969881,0.0,1.0,0.09043557261969881,5,0,2023,6,28,5,0,0,0,1,0,1,GRAVE_LESIONADOS,1
3,1,20,0,4,1,-15.405327307568292,-70.18413271544576,5,4,7,1,3,2,2,1,7305.585069612777,2.0,2,1,1.0,10,12,1198.0,0.35592815390448146,74.9217525117262,66.97902256907146,5.796313877498426,349.89027036185206,5371.687483487738,13642.312999999998,2020.7790000000005,2354.117,9267.416999999998,3314.0520000000006,10328.260999999997,24.29244952817019,4,1,0,0,3,29.157040070137462,28.426670078904646,29.88741006137028,1.0,0.2696300087671828,0.0,0.2696300087671828,1,0,0.0,0.0,0.0,1.0,0.0,0.7303699912328172,0.2696300087671828,0.0,0.7303699912328172,0.7303699912328172,19,2,2021,6,23,4,0,1,2,1,0,1,GRAVE_LESIONADOS,1
3,1,8,0,4,1,-12.984230682934417,-75.77448149869987,0,4,0,0,2,2,2,0,6622.588256608092,2.0,2,0,1.0,9,31,1540.624987162232,0.5162086495720027,78.71401962703885,65.64399796329053,8.019137893966754,761.4198099113476,977.8247261607686,3754.3286530262026,780.5818887345106,716.0417295404508,2257.7050347512413,1074.17538266696,2680.1532703592425,28.650865194683526,6,1,0,0,4,43.80337855699941,40.9345090472678,46.672248066731015,1.0,0.0,0.0,0.0,1,0,0.0,0.8196770027804591,0.18032299721954093,0.8196770027804591,0.0,0.8196770027804591,1.0,0.0,0.0,0.0,16,1,2023,6,16,1,0,0,0,1,0,1,GRAVE_LESIONADOS,1
6,1,7,0,4,1,-13.137293059631222,-72.28407844795093,0,4,6,0,2,2,2,2,3446.7175350794596,1.0,1,3,0.0,9,12,1108.597835992292,0.4437061875075181,73.22731128944739,68.31909052011403,6.348284123526303,607.6959826837337,11275.848047977417,17779.13499998999,2097.3709999899997,2863.123,12818.640999999989,2878.713,14900.421999989989,16.19152450331032,4,1,0,0,3,29.011694591500397,29.011694591500397,29.011694591500397,1.0,0.0,0.0,0.0,1,0,0.0,0.0,0.0,1.0,0.0,1.0,0.0,0.0,0.0,0.0,15,2,2021,4,25,2,0,1,2,1,0,1,GRAVE_LESIONADOS,1
5,1,14,2,2,3,-11.978197287522372,-76.96342736204005,0,0,2,1,2,2,2,2,5345.186944256841,2.0,3,3,1.0,11,28,977.6886291651346,0.6980511112557517,79.62760916144146,73.81549350613423,9.883505801975385,1456.3954715226537,1051892.7224028178,7626.313,1683.4029999999998,1599.0829999999996,4343.827000000001,1814.875,5811.438000000001,23.797541485643197,9,1,0,0,7,36.61709987201742,35.98280609802069,37.25139364601416,1.0,0.21143125799891116,0.0,0.0,1,0,0.0,0.21143125799891116,1.0,0.0,0.0,0.0,1.0,0.7885687420010888,0.7885687420010888,0.7885687420010888,9,1,2023,8,18,2,0,1,0,1,0,1,GRAVE_LESIONADOS,1
3,1,11,0,4,1,-11.110124657905923,-75.37735882496578,4,4,6,1,4,2,2,0,600.0300000000001,2.0,2,0,0.0,9,8,178.0,0.5617120324488392,74.78972749256329,63.54828431669815,8.793891980035337,976.700843735816,25506.86725434594,12264.545,1826.4639999999995,1105.5389999999998,9332.542,1588.5359999999996,10676.009,12.952261987705208,20,2,0,0,18,33.86741462940832,31.08312184698309,36.651707411833556,1.0,0.0,0.0,0.0,2,0,0.0,0.7348292588166444,1.0,0.0,0.2651707411833556,0.2651707411833556,0.7348292588166444,0.0,0.7348292588166444,0.0,13,2,2022,3,24,4,0,1,2,1,0,1,GRAVE_LESIONADOS,1
4,1,10,0,4,1,-14.950407489827946,-74.99505106404573,0,4,2,0,2,1,0,0,6639.975,2.0,2,0,1.0,9,31,1616.0,0.5563774842369664,77.00938809632027,69.10246351364754,8.476961866273152,914.8835608305218,27932.19700214133,3721.461,698.1859999999996,744.866,2278.409,1102.9029999999996,2618.558,29.636290693359403,5,1,0,0,3,43.96002777016399,31.03426191128801,56.885793629039966,0.6628597876346657,1.0,0.0,0.6628597876346657,1,0,0.0,0.6628597876346657,0.0,1.0,0.0,1.0,0.6628597876346657,0.3371402123653343,0.3371402123653343,0.3371402123653343,8,0,2022,4,28,5,1,1,0,1,0,1,GRAVE_LESIONADOS,1
3,1,5,0,4,1,-5.651214857422657,-78.78208764850434,6,4,7,1,1,1,0,2,7716.361726968744,2.0,2,0,1.0,9,20,2100.694473351581,0.4772066246682898,74.37564418202304,51.043777527014036,5.8631709374779115,889.4322965685602,13032.005954099932,15935.565011852366,1733.9250000199986,935.692,13265.948011832368,2000.1670000199988,13935.398011832369,12.551591352627522,5,1,0,0,3,19.380065019393165,17.449167750191926,21.31096228859441,1.0,1.0,0.0,1.0,1,0,0.0,0.0,0.03455136539937875,0.9654486346006212,0.9654486346006212,0.0,0.03455136539937875,0.0,0.9654486346006212,0.0,10,1,2021,7,3,5,1,0,2,1,0,1,GRAVE_LESIONADOS,1
3,1,7,0,4,0,-12.940809048892081,-71.44483447296533,0,4,0,0,6,1,1,2,6543.555,2.0,4,4,1.0,14,33,1198.0,0.35025132587003954,63.32690868919727,63.644521539907586,5.767219728044729,435.14763407351836,5324.9708346573225,17779.13499998999,2097.3709999899997,2863.123,12818.640999999989,2878.713,14900.421999989989,16.19152450331032,4,1,0,0,2,39.57907174095372,15.767898687994379,63.39024479391306,1.0,0.0,0.0,0.0,1,0,0.0,0.0,0.0,1.0,0.9158143481907439,0.0,0.08418565180925608,0.9158143481907439,0.0,0.0,19,2,2021,7,18,3,0,0,2,1,0,1,GRAVE_LESIONADOS,1
4,1,3,0,4,0,-16.36783136616343,-71.60690577180777,3,4,0,0,2,1,1,0,6592.042257644724,2.0,2,1,1.0,11,31,1408.2019673874145,0.6051728746608331,77.91793689002768,71.11635979465223,8.656877932754867,1096.7715140875441,7886.107828384382,10322.272,1495.236,1749.739,7077.2970000000005,2886.595,7435.677000000001,27.964725207783708,27,1,0,0,26,43.06326144144287,37.02875520065585,49.097767682229886,1.0,0.0,0.0,0.5028755200655849,1,0,0.0,0.5028755200655849,0.5028755200655849,0.4971244799344151,0.0,0.4971244799344151,0.5028755200655849,0.0,0.0,0.0,6,1,2023,6,16,3,0,0,0,1,0,1,GRAVE_LESIONADOS,1
6,1,20,0,4,1,-16.351408789597677,-69.52954342315226,0,4,7,1,2,1,1,2,1576.994898113616,2.0,1,0,0.7951102825267247,9,23,258.39356947988347,0.29506204465406194,72.68191486106078,73.37148826860779,7.413659196785431,206.9846351932719,19100.38088457762,13642.312999999998,2020.7790000000005,2354.117,9267.416999999998,3314.0520000000006,10328.260999999997,24.29244952817019,6,1,0,0,5,41.26308791074829,41.26308791074829,41.26308791074829,1.0,0.0,0.0,0.20488971747327533,1,0,0.0,0.0,0.0,1.0,0.0,1.0,0.0,0.0,0.20488971747327533,0.0,7,0,2022,3,14,3,0,0,2,1,0,1,GRAVE_LESIONADOS,1
3,1,17,0,3,1,-14.940091571040396,-70.90172281943325,0,3,0,0,2,2,2,2,1248.9137112825345,1.135745853099901,0,3,0.13574585309990106,9,32,207.5647476524866,0.4112597509732,77.1029190594128,73.88197828356896,7.128246137486613,424.8096205478009,50062.72686247039,13953.612450721963,1981.839759057596,2161.571688316773,9810.201003347593,3135.697559802552,10817.91489091941,22.698676719006205,9,1,0,0,7,49.38234804514936,44.628950237198815,54.1357458530999,1.0,0.0,0.0,1.0,1,0,0.0,0.0,1.0,0.8642541469000989,0.0,0.8642541469000989,1.0,0.8642541469000989,0.0,0.0,13,3,2022,1,28,0,0,0,2,1,0,1,GRAVE_LESIONADOS,1
3,1,7,0,4,1,-13.472396527977622,-72.3892460014361,0,0,0,1,2,2,2,2,7563.3631746128885,2.0,2,0,1.0,9,5,1198.0,0.3405883309049149,71.1688311462535,49.008658815019295,5.35356157468624,396.83995162951663,8651.882388805958,17779.13499998999,2097.3709999899997,2863.123,12818.640999999989,2878.713,14900.421999989989,16.19152450331032,5,1,0,0,4,27.578966355285957,25.135370894775924,30.02256181579599,1.0,0.022561815795987705,0.0,0.0,1,0,0.0,0.0,0.0,1.0,0.0,0.9774381842040123,0.022561815795987705,0.0,0.9774381842040123,0.0,7,1,2023,8,1,3,0,0,2,1,0,1,GRAVE_LESIONADOS,1