CLASE SINIESTRO,CANTIDAD DE VEHICULOS DAÑADOS,DEPARTAMENTO,ZONA,TIPO DE VÍA,RED VIAL,COORDENADAS LATITUD,COORDENADAS  LONGITUD,CONDICIÓN CLIMÁTICA,ZONIFICACIÓN,CARACTERÍSTICAS DE VÍA,PERFIL LONGITUDINAL VÍA,SUPERFICIE DE CALZADA,¿EXISTE SEÑAL VERTICAL?,¿EXISTE SEÑAL HORIZONTAL?,CAUSA FACTOR PRINCIPAL,MTC_RVN_LONGITUD_KM,MTC_RVN_N_CARRILES_MEDIANA,MTC_RVN_SUPERFICIE_DOMINANTE,MTC_RVN_ESTADO_DOMINANTE,MTC_RVN_ES_CONCESIONADA,MTC_RVN_CONCESION_PRINCIPAL,MTC_RVN_CORREDOR_LOGISTICO,MTC_RVN_N_TRAMOS,IDH_2019,IDH_ESP_VIDA_2019,IDH_EDUC_SECUND_PCT_2019,IDH_ANIOS_EDUC_2019,IDH_INGRESO_PERCAP_2019,IDH_POBLACION_2019,MTC_DEP_RED_TOTAL_KM,MTC_DEP_NACIONAL_TOTAL_KM,MTC_DEP_DEPARTAMENTAL_TOTAL_KM,MTC_DEP_VECINAL_TOTAL_KM,MTC_DEP_PAV_TOTAL_KM,MTC_DEP_NO_PAV_TOTAL_KM,MTC_DEP_PCT_PAVIMENTADA,PER_TOTAL_PERSONAS,PER_N_CONDUCTORES,PER_N_CONDUCTORES_FUGADOS,PER_N_PEATONES,PER_N_PASAJEROS_OCUPANTES,PER_EDAD_COND_PROM,PER_EDAD_COND_MIN,PER_EDAD_COND_MAX,PER_ANY_COND_MASCULINO,PER_ANY_LIC_PROBLEMA,PER_ANY_DOSAJE_POS,PER_ANY_DOSAJE_EVALUADO,VEH_TOTAL,VEH_N_FUGADOS,VEH_ANY_FUGADO,VEH_ANY_CARGA,VEH_ANY_PUBLICO,VEH_ANY_PARTICULAR,VEH_ANY_MOTO,VEH_ANY_AUTO,VEH_ANY_CAMION_BUS,VEH_ANY_SOAT_PROBLEMA,VEH_ANY_CITV_PROBLEMA,VEH_ANY_SEGURO_PROBLEMA,HORA_NUM,FRANJA_HORARIA,ANIO,MES,DIA_MES,DIA_SEMANA,ES_FIN_SEMANA,ES_QUINCENA,REGION_NATURAL,TIENE_SEÑALIZACION,ES_VIA_MULTICARRIL,ES_DEPTO_BAJO_PAVIMENTO,CATEGORIA_SEVERIDAD,CATEGORIA_SEVERIDAD_ENC
5,1,12,0,4,2,-7.792055332054918,-78.47029811849968,0,4,7,1,1,2,2,0,6543.555,2.0,4,4,1.0,14,33,1198.0,0.19982808436649224,76.02887080478033,29.94853444481617,3.3735908289231853,173.13334506059675,24252.32464413518,8931.828000000005,1335.5899999999997,1935.9830000000004,5660.255000000005,1219.309,7712.519000000005,13.651281686122925,4,1,0,0,2,35.0,34.64353234035987,35.35646765964013,1.0,0.9643532340359865,0.0,0.0,1,0,0.0,0.0,0.035646765964013505,0.9643532340359865,0.035646765964013505,0.0,0.9643532340359865,0.0,0.0,0.0,19,2,2022,7,23,3,0,0,0,1,0,1,GRAVE_LESIONADOS,1
6,1,5,0,4,2,-6.756491675795344,-78.37810790373574,1,4,0,0,2,2,2,0,6543.555,2.0,4,4,1.0,14,33,1198.0,0.2200093987600369,72.7237852540654,41.4670171324684,3.522120719213414,192.70596774385817,9072.14127391391,15935.565011852366,1733.9250000199986,935.692,13265.948011832368,2000.1670000199988,13935.398011832369,12.551591352627522,6,1,0,0,5,28.63728957879171,27.982373747275027,29.128476452429222,0.836271042120829,0.836271042120829,0.0,0.836271042120829,1,0,0.0,0.836271042120829,0.16372895787917097,0.0,0.836271042120829,0.16372895787917097,0.0,0.836271042120829,1.0,0.836271042120829,10,1,2024,4,5,4,0,0,2,1,0,1,GRAVE_LESIONADOS,1
6,1,8,1,4,1,-13.532774816109315,-75.15810407604845,1,4,0,0,2,1,1,0,1679.5849999999998,2.0,2,3,1.0,9,24,315.0,0.45817040047817315,73.52467772863818,50.97009859899012,7.7334706501863595,712.0500401330974,2441.061632836954,8511.426,1445.3929999999996,2008.516,5057.516999999999,1879.579,6631.846999999998,22.08300935706896,4,1,0,0,3,40.89250062244039,40.89250062244039,40.89250062244039,1.0,0.0,0.0,0.0,1,0,0.0,0.0,0.0,1.0,0.0,1.0,0.0,0.0,0.0,0.0,13,2,2022,3,13,5,1,0,2,1,0,1,GRAVE_LESIONADOS,1
3,1,18,1,4,0,-5.184719646814295,-80.49643442058327,0,4,6,1,1,0,0,2,6543.555,2.0,4,4,1.0,14,33,1198.0,0.5161950233005008,80.40796852573315,62.433750415557945,6.643569096130175,833.4925827693495,9425.607254605764,8962.438927348809,1737.6605437580213,767.0960397463225,6457.682343844464,2114.831147155245,6847.6077801935635,23.592823881138994,4,1,0,0,2,22.500774987533834,20.701084982547368,24.3004649925203,1.0,0.0,0.8998450024932331,0.8998450024932331,1,0,0.0,0.10015499750676693,0.0,0.8998450024932331,0.8998450024932331,0.0,0.10015499750676693,0.8998450024932331,0.8998450024932331,0.0,21,2,2021,1,1,4,0,0,0,0,0,1,GRAVE_LESIONADOS,1
3,1,14,2,2,4,-11.989031332998595,-77.0408424348956,1,1,7,1,2,2,2,1,6543.555,2.0,4,4,1.0,14,33,1198.0,0.7068975071055023,80.09600613059983,76.76896286639064,9.6859414224414,1495.0794910219222,226314.49178883267,7626.313,1683.4029999999998,1599.0829999999996,4343.827000000001,1814.875,5811.438000000001,23.797541485643197,5,2,0,1,2,36.72087812635514,27.826259208814562,50.05355115923265,1.0,0.0,0.0,0.0,2,0,0.0,0.0,0.7282824011018203,0.2717175988981797,0.2717175988981797,0.2717175988981797,1.0,0.0,0.2717175988981797,0.2717175988981797,12,3,2021,7,17,2,0,0,0,1,0,1,GRAVE_LESIONADOS,1
3,2,9,1,2,3,-11.99270532990307,-73.46947471745247,0,3,2,1,2,1,1,1,5579.462408377884,2.0,3,3,1.0,11,30,1007.5142420447389,0.6399975282795269,78.10480771670606,76.80901038566293,10.052308203774544,1150.5952433050024,130171.33914127183,16157.100183342232,2039.4046194813068,2453.4172136235056,11664.278350237419,2756.469362986938,13400.630820355294,17.757339126668167,6,2,0,0,4,43.39573473649124,30.423381051812893,56.36808842116959,1.0,0.8159557894152066,0.0,0.18404421058479337,2,0,0.0,0.0,0.0,1.0,0.18404421058479337,1.0,0.8159557894152066,0.0,0.8159557894152066,0.0,17,1,2021,8,21,5,1,1,1,1,0,1,GRAVE_LESIONADOS,1
4,1,8,0,4,1,-11.2594982618723,-76.16567066114484,0,4,7,1,2,1,1,0,948.7541644184164,2.0,2,0,1.0,7,27,153.34250061030158,0.5996125944059224,79.4338136098157,66.11872379596092,8.477920520467123,1086.9717513476664,34847.70134215065,9457.854666089295,1395.9865734215048,1865.5239880591137,6196.344104608676,1850.0693154081368,7607.785350681159,19.066280762645675,6,1,0,0,4,27.261052023884197,24.486737571338963,29.783156071652595,1.0,0.0,0.0,0.37831560716525947,1,0,0.0,0.37831560716525947,0.37831560716525947,0.6216843928347405,0.0,0.0,1.0,0.0,0.6216843928347405,0.0,13,1,2023,7,3,3,0,0,0,1,0,1,GRAVE_LESIONADOS,1
6,0,20,0,4,1,-14.948532821560523,-70.56559234850978,0,4,6,1,2,2,2,2,7586.903,2.0,2,0,1.0,9,5,1198.0,0.5219768469218083,72.40197973886744,76.18503192141237,8.843668690738602,762.1485246065009,21085.520348693575,13642.312999999998,2020.7790000000005,2354.117,9267.416999999998,3314.0520000000006,10328.260999999997,24.29244952817019,5,1,0,0,4,23.50274844149489,23.50274844149489,23.50274844149489,1.0,0.0,0.0,0.0,1,0,0.0,0.0,0.0,1.0,0.0,0.9116030328532416,0.08839696714675838,0.0,1.0,0.0,17,1,2022,11,29,5,0,0,2,1,0,1,GRAVE_LESIONADOS,1
3,1,14,1,4,0,-10.790643243492166,-73.54399643754566,4,4,6,1,4,2,2,0,4386.0711656366875,2.0,2,1,1.0,8,23,782.2865316602677,0.5399640914307627,76.52613090789428,58.49900494737039,8.22741573291157,972.0796992212678,10990.709864550643,2559.000411079754,439.0028796557095,459.6996615938564,1660.297869830188,565.5308564324487,1993.469554647305,22.49639362115847,5,2,0,0,3,34.91997027698986,31.919970276989858,37.91997027698986,1.0,0.0,0.0,0.34222552477890456,2,0,0.0,0.0,0.34222552477890456,1.0,0.6577744752210954,1.0,0.34222552477890456,0.0,0.6577744752210954,0.0,17,2,2021,6,9,1,0,0,0,1,0,1,GRAVE_LESIONADOS,1
6,1,5,1,2,3,-6.736870056880134,-78.49394427533477,0,0,6,0,2,2,2,5,6429.504558312314,1.98138333424128,3,3,0.9813833342412801,13,32,1176.665301040507,0.4688203835467536,72.75650054937047,65.07472651668462,6.18380988269969,749.841591936872,46176.1118108163,15892.872305647199,1739.265265059178,962.0983441288122,13191.508696459208,2024.627157910022,13868.245147737178,12.770166985002135,6,1,0,0,5,54.87899167256832,54.776600010895365,54.98138333424128,1.0,0.0,0.0,1.0,1,0,0.0,0.0,1.0,0.018616665758719897,0.0,0.018616665758719897,1.0,0.018616665758719897,0.0,0.0,13,3,2023,6,11,2,0,0,2,1,0,1,GRAVE_LESIONADOS,1
6,1,8,0,4,1,-13.131511879273125,-75.54700826287147,0,4,4,1,2,0,1,0,1482.81,1.0,1,3,0.0,9,16,270.0,0.3350977923231871,68.89558289355473,47.3438883832626,6.105182048508107,369.6405022278763,1173.4582441113491,8511.426,1445.3929999999996,2008.516,5057.516999999999,1879.579,6631.846999999998,22.08300935706896,4,1,0,0,3,30.18588673836964,30.18588673836964,30.18588673836964,1.0,0.6296835952592029,0.0,0.0,1,0,0.0,0.0,0.0,1.0,0.0,1.0,0.0,0.0,0.0,0.0,8,1,2022,6,3,2,0,0,2,1,0,1,GRAVE_LESIONADOS,1
6,1,5,0,4,2,-6.988970520121546,-78.49555346198365,4,4,0,0,1,2,2,0,6543.555,2.0,4,4,1.0,14,33,1198.0,0.2852679797432633,73.56284541376043,49.08333353163202,4.076312619846415,305.4743153938998,8765.773062935588,15935.565011852366,1733.9250000199986,935.692,13265.948011832368,2000.1670000199988,13935.398011832369,12.551591352627522,6,1,0,0,5,32.83839053593842,30.503034321563053,34.58990769671995,0.41616094640615775,0.41616094640615775,0.0,0.41616094640615775,1,0,0.0,0.41616094640615775,0.5838390535938422,0.0,0.41616094640615775,0.5838390535938422,0.0,0.41616094640615775,1.0,0.41616094640615775,11,2,2023,4,7,2,0,0,2,1,0,1,GRAVE_LESIONADOS,1
6,1,7,0,4,0,-13.928006646046668,-71.82735971378227,0,4,1,0,1,2,2,2,6543.555,2.0,4,4,1.0,14,33,1198.0,0.20333451286492493,65.82306890799099,44.2052990052712,3.933264483750846,156.14064022269034,6336.412184312432,17779.13499998999,2097.3709999899997,2863.123,12818.640999999989,2878.713,14900.421999989989,16.19152450331032,5,1,0,0,4,32.3307702699454,32.3307702699454,32.3307702699454,1.0,0.0,0.0,0.83346148650273,1,0,0.0,0.0,0.0,1.0,0.0,0.0,1.0,0.16653851349727,0.16653851349727,0.16653851349727,15,3,2023,6,8,4,0,0,2,1,0,1,GRAVE_LESIONADOS,1
6,1,12,0,4,1,-7.792952440682548,-77.77568552122851,0,4,6,1,1,2,2,0,1688.589,1.0,1,3,0.0,9,32,287.0,0.1492206538659984,78.92776803590996,33.56043543982053,2.142334776786642,136.3088563134413,18539.64239828694,8931.828000000005,1335.5899999999997,1935.9830000000004,5660.255000000005,1219.309,7712.519000000005,13.651281686122925,4,1,0,0,3,45.138232027163056,45.138232027163056,45.138232027163056,1.0,0.013823202716305216,0.0,0.0,1,0,0.0,0.013823202716305216,0.0,0.9861767972836948,0.0,0.9861767972836948,0.013823202716305216,0.0,1.0,0.0,11,2,2022,11,3,5,0,0,0,1,0,1,GRAVE_LESIONADOS,1
3,2,3,0,4,1,-16.206582697010294,-71.40240077815528,1,4,0,0,2,2,2,1,1580.1189808511892,2.0,2,0,1.0,7,26,268.23095059200443,0.5064684851850471,81.14006930977787,72.11606203739821,6.700282420479898,751.1603348479083,1607.3168423309435,10322.272,1495.236,1749.739,7077.2970000000005,2886.595,7435.677000000001,27.964725207783708,5,2,0,0,3,33.65636756947347,30.92509405557877,36.38764108336816,1.0,0.0,0.0,0.0,2,0,0.0,0.0,0.0,1.0,0.0,1.0,0.8208490092631288,0.0,0.0,0.0,12,2,2021,3,8,3,0,0,0,1,0,1,GRAVE_LESIONADOS,1
6,1,12,0,4,1,-7.766976835690816,-78.03717289006092,0,4,7,1,5,2,2,0,6543.555,2.281477302450919,3,2,1.0,10,32,1275.9692127789046,0.5094788951666442,73.82748114594236,52.110501218327315,7.419901308541316,927.6338820119424,9151.359021699502,8931.828000000005,1335.5899999999997,1935.9830000000004,5660.255000000005,1219.309,7712.519000000005,13.651281686122925,6,1,0,0,5,32.71852269754908,32.71852269754908,32.71852269754908,1.0,0.0,0.0,0.0,1,0,0.0,0.7185226975490806,0.0,0.2814773024509194,0.0,0.2814773024509194,0.7185226975490806,0.0,0.2814773024509194,0.0,11,1,2023,8,5,5,1,0,0,1,0,1,GRAVE_LESIONADOS,1
3,1,20,0,4,1,-15.82621074869623,-69.93551053391944,0,4,0,1,2,2,2,1,7513.796966456689,2.0,2,0,1.0,9,6,1198.0,0.3480800541979105,69.51813640008335,72.23585648598754,6.496016982131747,322.68781311656977,6000.2475935228695,13642.312999999998,2020.7790000000005,2354.117,9267.416999999998,3314.0520000000006,10328.260999999997,24.29244952817019,26,1,0,0,24,33.14013739144238,32.21020608716357,34.07006869572119,1.0,0.07006869572118946,0.0,0.07006869572118946,1,0,0.0,0.9299313042788105,0.9299313042788105,0.07006869572118946,0.0,0.0,1.0,0.0,0.0,0.0,12,3,2022,10,5,3,0,0,2,1,0,1,GRAVE_LESIONADOS,1
3,2,5,0,4,1,-5.995980059906183,-79.1583703660312,4,4,7,0,1,2,2,0,9744.780135982815,2.0,2,0,1.0,9,32,3680.9615329822673,0.3262353479543767,78.73933657776948,28.603947421578862,4.5471500612987645,441.43750283533666,9274.47571355569,15935.565011852366,1733.9250000199986,935.692,13265.948011832368,2000.1670000199988,13935.398011832369,12.551591352627522,7,2,0,0,4,42.622881131153136,31.302387819683833,61.49036998360198,1.0,0.943374442622442,0.0,1.0,2,0,0.0,1.0,0.0,0.943374442622442,0.0,0.943374442622442,1.0,0.0,0.0,0.0,6,1,2021,6,11,4,0,0,2,1,0,1,GRAVE_LESIONADOS,1
5,1,14,2,2,4,-12.046325959608556,-77.04854929164485,6,2,7,1,2,2,2,5,6543.555,2.0,4,4,1.0,14,33,1198.0,0.7646845961658533,80.23682119426338,77.96082737891015,12.014176158371615,1633.787715186093,250806.0877944326,7626.313,1683.4029999999998,1599.0829999999996,4343.827000000001,1814.875,5811.438000000001,23.797541485643197,8,3,0,1,2,41.23301820874539,24.046428541594075,72.78676476730632,1.0,0.0,0.0,0.0,3,0,0.0,0.0,0.12037814950553383,0.8796218504944662,1.0,0.8796218504944662,1.0,0.0,0.8796218504944662,0.8796218504944662,13,2,2021,4,10,4,0,0,0,1,0,1,GRAVE_LESIONADOS,1
4,1,13,0,4,1,-9.986235083153,-77.44290654390525,0,4,7,1,2,2,2,1,1162.2448211246694,-0.16153716722884326,0,1,0.5807685836144216,9,22,213.8231584645829,0.4145106535084584,79.03116458104155,51.32229255228218,5.063462029599139,794.7140639782872,19957.733776423498,8173.6259025626205,1537.5888633726827,1740.3220641803014,4895.714975009637,1565.1950222689065,6608.430880293714,19.543910618874257,4,1,0,0,3,51.09807012795143,46.742305750843265,55.45383450505959,1.0,0.0,0.0,0.5807685836144216,1,0,0.0,0.0,0.0,1.0,0.0,1.0,0.0,0.0,0.41923141638557837,0.0,9,1,2021,12,4,6,1,0,0,1,0,1,GRAVE_LESIONADOS,1
6,1,5,0,4,3,-7.123866182012338,-78.63914762176653,6,4,0,0,1,2,2,0,6543.555,2.0,4,4,1.0,14,33,1198.0,0.34768732716026696,74.47782964234318,54.86404511489613,4.631230066488121,416.3467496792905,8482.798338072176,15935.565011852366,1733.9250000199986,935.692,13265.948011832368,2000.1670000199988,13935.398011832369,12.551591352627522,6,1,0,0,5,38.139785260712124,34.42473157589015,40.926075524328596,0.07123657879450762,0.0,0.0,0.07123657879450762,1,0,0.0,0.07123657879450762,0.9287634212054924,0.0,0.0,0.9287634212054924,0.07123657879450762,0.0,0.9287634212054924,0.0,12,2,2022,5,10,1,0,0,2,1,0,1,GRAVE_LESIONADOS,1
4,1,14,1,2,2,-11.715167910923345,-77.2652846901205,0,1,3,1,2,2,2,0,6543.555,2.4967434280059844,3,2,1.0,7,31,1335.5979295576576,0.7836610958601837,79.34284161247169,77.99311119303391,13.31900318350062,1697.8593172874566,59934.013207443306,7626.313,1683.4029999999998,1599.0829999999996,4343.827000000001,1814.875,5811.438000000001,23.797541485643197,20,2,0,0,18,45.0,37.95440799208378,50.03256571994015,1.0,0.0,0.0,0.4967434280059845,2,0,0.0,0.0,0.5032565719940155,1.0,0.5032565719940155,0.4967434280059845,0.5032565719940155,0.0,0.5032565719940155,0.5032565719940155,9,1,2023,8,21,2,0,1,0,1,0,1,GRAVE_LESIONADOS,1
5,1,6,0,4,1,-13.457173572406177,-72.91315943627461,0,4,4,0,1,1,1,2,445.88424229404916,-0.5288364473685916,0,0,0.15705451754380284,8,29,55.532433070168736,0.4810593200717646,66.70957899546761,69.77224529666948,7.185249723147427,805.661499749958,8801.062291406703,17489.5940049448,2040.2901638114863,2560.4112541960303,12888.892586937283,2740.7333818331035,14748.860623111697,15.619856558438137,6,1,0,0,5,23.806126951753733,22.942327105262816,24.669926798244646,0.15705451754380284,0.0,0.0,0.0,1,0,0.0,0.15705451754380284,0.0,1.0,0.0,1.0,0.15705451754380284,0.0,0.0,0.0,15,2,2021,8,25,6,1,1,2,1,0,1,GRAVE_LESIONADOS,1
4,1,11,0,4,1,-10.759774034012398,-74.83925527253287,2,4,4,0,2,2,2,0,6176.9899568258315,2.0,2,0,1.0,8,28,2229.7129213231497,0.5931753822195461,73.35590837045817,76.3453837637929,9.795631744912187,1015.0469368954338,246435.96687715064,14913.03462380081,1861.829360464347,1568.1487287746481,11483.056534561816,2586.0107415455855,12327.023882255226,17.786682918773632,6,1,0,0,4,29.25539225677558,26.580072537616733,31.93071197593443,1.0,0.5541133801401922,0.0,0.0,1,0,0.0,0.5541133801401922,0.0,0.4458866198598078,0.0,0.4458866198598078,1.0,0.0,0.0,0.0,22,2,2022,7,23,4,0,1,2,1,0,1,GRAVE_LESIONADOS,1
3,2,3,0,4,1,-16.659980219493352,-71.85071185233235,0,3,7,1,2,0,1,0,526.2471866209993,1.7085835457678251,2,0,0.7085835457678252,7,27,65.95195921257755,0.6572554397863761,76.22106671513735,77.51143276955936,10.65904351811859,1214.3160816649427,21896.0785728193,10322.272,1495.236,1749.739,7077.2970000000005,2886.595,7435.677000000001,27.964725207783708,8,2,0,0,6,58.5030025492139,46.13175573573128,70.87424936269653,1.0,0.0,0.0,0.0,2,0,0.0,0.0,0.29141645423217477,0.7085835457678252,0.0,0.7085835457678252,1.0,0.0,0.0,0.29141645423217477,17,2,2023,3,28,4,0,1,0,1,0,1,GRAVE_LESIONADOS,1
6,1,12,0,4,0,-9.08290113816915,-78.44443989507218,1,4,7,1,2,2,2,0,4841.816954736786,2.0,3,2,1.0,11,31,886.1679934642004,0.6048019282769983,80.09772744422374,73.04138176686516,8.848982607802556,1027.473215800165,28632.378239441947,3529.8786735605127,564.1625368571466,704.512001011497,2261.204135691869,810.484711562653,2719.393961997859,22.825266435509803,10,1,0,0,9,48.33724519919423,45.77569061869148,50.898799779696986,1.0,0.0,0.0,0.0,1,0,0.0,0.7318727372865008,0.0,1.0,0.0,0.2681272627134992,0.7318727372865008,0.0,0.0,0.0,11,1,2023,2,23,3,0,1,0,1,0,1,GRAVE_LESIONADOS,1
6,1,5,0,4,2,-6.78752446694985,-78.26090058759009,0,4,1,0,2,2,2,0,6543.555,2.0,4,4,1.0,14,33,1198.0,0.20550666905592369,73.58479781519186,37.29317058731092,3.2834877911893745,175.23734549568732,8943.305232910097,15935.565011852366,1733.9250000199986,935.692,13265.948011832368,2000.1670000199988,13935.398011832369,12.551591352627522,6,1,0,0,5,25.956217764579968,25.956217764579968,25.956217764579968,1.0,0.8260362940966613,0.0,1.0,1,0,0.0,0.8260362940966613,0.17396370590333865,0.0,0.8260362940966613,0.0,0.17396370590333865,0.8260362940966613,0.8260362940966613,0.8260362940966613,9,1,2024,4,5,4,0,0,2,1,0,1,GRAVE_LESIONADOS,1
4,1,9,0,4,0,-14.618996111344886,-73.21077539177057,1,4,5,0,5,1,1,0,6920.429052700296,2.0,3,2,1.0,12,22,1198.0,0.3989756419768589,70.71324094716627,64.20334907968427,6.528070000327901,542.4421717693681,1036.4045066157935,13026.793570107915,1882.9901100013783,1983.5692951388655,9160.234164967671,2784.7064401038997,10242.087130004014,21.29671791166336,4,1,0,0,3,37.61216058975812,35.444864235903246,39.779456943612985,1.0,0.0,0.36121605897581177,0.36121605897581177,1,0,0.0,0.6387839410241882,0.0,0.36121605897581177,0.0,0.0,1.0,0.36121605897581177,1.0,0.0,19,2,2022,5,8,6,1,0,2,1,0,1,GRAVE_LESIONADOS,1
1,1,5,1,4,1,-5.790313377213433,-78.78341520243991,0,1,7,0,2,0,1,1,7758.33400008,2.0,2,0,1.0,9,20,2133.0,0.5803239946829384,74.49544278598792,68.33065356443184,8.733179344969395,1046.078117086984,102362.46895074946,15935.565011852366,1733.9250000199986,935.692,13265.948011832368,2000.1670000199988,13935.398011832369,12.551591352627522,5,1,0,2,1,27.44562951288877,24.725395686923953,30.165863338853594,1.0,0.3626978434619761,0.6373021565380239,0.6373021565380239,1,0,0.0,0.3626978434619761,0.0,1.0,0.6373021565380239,0.3626978434619761,0.3626978434619761,0.0,1.0,0.0,20,2,2023,4,12,5,1,0,2,1,0,1,GRAVE_LESIONADOS,1
6,0,20,0,4,1,-14.924024708138738,-70.58737760277424,0,4,6,1,2,2,2,2,7586.903,2.0,2,0,1.0,9,5,1198.0,0.5240762297812945,72.40155882604527,76.20439437047179,8.871263562665659,768.4005609272572,21107.281025973323,13642.312999999998,2020.7790000000005,2354.117,9267.416999999998,3314.0520000000006,10328.260999999997,24.29244952817019,5,1,0,0,4,23.201842339134224,23.201842339134224,23.201842339134224,1.0,0.0,0.0,0.0,1,0,0.0,0.0,0.0,1.0,0.0,0.9293033918156338,0.07069660818436618,0.0,1.0,0.0,17,1,2022,11,29,5,0,0,2,1,0,1,GRAVE_LESIONADOS,1
4,1,10,0,4,1,-14.916826969768298,-74.98527315410068,0,4,2,1,2,1,0,1,6639.975,2.0,2,0,1.0,9,31,1616.0,0.5563774842369664,77.00938809632027,69.10246351364754,8.476961866273152,914.8835608305218,27932.19700214133,3721.461,698.1859999999996,744.866,2278.409,1102.9029999999996,2618.558,29.636290693359403,4,1,0,0,3,38.130736432503824,26.638459812237045,49.6230130527706,1.0,0.6384598122370434,0.0,0.6384598122370434,1,0,0.0,0.0,0.0,1.0,0.0,0.6384598122370434,0.3615401877629566,0.6384598122370434,0.6384598122370434,0.0,5,0,2022,2,20,2,0,1,0,1,0,1,GRAVE_LESIONADOS,1
3,1,11,0,4,1,-11.80184896333074,-75.5773346503179,0,4,3,1,2,2,2,2,7586.903,2.0,2,0,1.0,9,5,1198.0,0.5024143876998571,71.03940758381879,61.331723231883444,8.130443357557285,815.7403974425704,1055.6652471948346,12264.545,1826.4639999999995,1105.5389999999998,9332.542,1588.5359999999996,10676.009,12.952261987705208,5,2,0,0,3,37.23260026685941,25.373609606938537,49.09159092678027,1.0,0.0,0.0,0.5347994662811925,2,0,0.0,0.0,0.46520053371880754,1.0,0.5347994662811925,1.0,0.46520053371880754,0.0,0.5347994662811925,0.0,13,3,2022,3,23,3,0,1,2,1,0,1,GRAVE_LESIONADOS,1
6,1,7,0,4,1,-14.196583436182753,-72.04626402189064,0,4,6,0,6,2,2,2,6543.555,2.0,4,4,1.0,14,33,1198.0,0.35754179799121993,73.68477594451618,50.65633257859809,4.368277963600571,494.1938508985862,7207.780185688303,17779.13499998999,2097.3709999899997,2863.123,12818.640999999989,2878.713,14900.421999989989,16.19152450331032,5,1,0,0,4,30.99244898608928,30.99244898608928,30.99244898608928,1.0,0.9962244930446387,0.0,0.0037755069553613296,1,0,0.0,0.0,0.0,1.0,0.0,0.0,1.0,0.0,0.0,0.0,6,1,2022,8,8,4,0,0,2,1,0,1,GRAVE_LESIONADOS,1
4,1,7,0,4,1,-13.145619983522174,-71.7674709241886,0,4,3,0,4,2,2,2,6543.555,2.0,4,4,1.0,14,33,1198.0,0.3338403683659739,68.99891765716151,60.28174410638404,5.604314642319334,359.9531423342278,5287.778030840401,17779.13499998999,2097.3709999899997,2863.123,12818.640999999989,2878.713,14900.421999989989,16.19152450331032,5,1,0,0,3,44.72919793639804,32.391325308214576,57.06707056458149,1.0,0.0,0.0,0.0,1,0,0.0,0.0,0.0,1.0,0.47453356262244073,0.0,0.5254664373775593,1.0,0.5254664373775593,0.5254664373775593,17,2,2022,6,16,4,0,0,2,1,0,1,GRAVE_LESIONADOS,1
5,1,6,0,4,1,-13.822687332960022,-73.37301445667003,0,4,1,0,6,1,0,5,7586.903,2.0,2,0,1.0,9,5,1198.0,0.31805800703458337,67.7716498885293,51.35131651934152,5.479230020917503,354.1668548960508,7005.654523320523,12855.977029979782,1844.7514772066556,1880.7363481628513,9130.489204610276,2637.804534684775,10218.172495295008,20.465354212918918,4,1,0,0,3,26.770836479156365,23.735772971542705,29.80589998677003,1.0,0.0,0.18394324288567643,0.18394324288567643,1,0,0.0,0.0,0.0,1.0,0.18394324288567643,1.0,0.0,0.0,0.18394324288567643,0.18394324288567643,16,3,2022,5,6,5,0,0,2,1,0,1,GRAVE_LESIONADOS,1
7,1,5,0,4,1,-9.486270702390179,-75.82518079825635,0,3,3,0,3,2,2,0,6543.555,2.0,4,4,1.0,14,33,1198.0,0.5135170865200103,72.28980604428774,72.01144386232193,8.342185995216429,771.1251585641935,29788.536630362734,16732.111291457288,1890.958126495359,1768.471879323236,13072.68128563869,2379.757985037495,14352.35330641979,14.124287386867017,6,1,0,0,5,27.61687470586603,27.61687470586603,27.61687470586603,1.0,0.43206728506661773,0.0,0.5679327149333823,1,0,0.0,0.0,0.0,0.5679327149333823,0.0,0.0,0.5679327149333823,1.0,1.0,0.5679327149333823,12,1,2022,5,6,0,0,0,2,1,0,1,GRAVE_LESIONADOS,1