CLASE SINIESTRO,CANTIDAD DE VEHICULOS DAÑADOS,DEPARTAMENTO,ZONA,TIPO DE VÍA,RED VIAL,COORDENADAS LATITUD,COORDENADAS  LONGITUD,CONDICIÓN CLIMÁTICA,ZONIFICACIÓN,CARACTERÍSTICAS DE VÍA,PERFIL LONGITUDINAL VÍA,SUPERFICIE DE CALZADA,¿EXISTE SEÑAL VERTICAL?,¿EXISTE SEÑAL HORIZONTAL?,CAUSA FACTOR PRINCIPAL,MTC_RVN_LONGITUD_KM,MTC_RVN_N_CARRILES_MEDIANA,MTC_RVN_SUPERFICIE_DOMINANTE,MTC_RVN_ESTADO_DOMINANTE,MTC_RVN_ES_CONCESIONADA,MTC_RVN_CONCESION_PRINCIPAL,MTC_RVN_CORREDOR_LOGISTICO,MTC_RVN_N_TRAMOS,IDH_2019,IDH_ESP_VIDA_2019,IDH_EDUC_SECUND_PCT_2019,IDH_ANIOS_EDUC_2019,IDH_INGRESO_PERCAP_2019,IDH_POBLACION_2019,MTC_DEP_RED_TOTAL_KM,MTC_DEP_NACIONAL_TOTAL_KM,MTC_DEP_DEPARTAMENTAL_TOTAL_KM,MTC_DEP_VECINAL_TOTAL_KM,MTC_DEP_PAV_TOTAL_KM,MTC_DEP_NO_PAV_TOTAL_KM,MTC_DEP_PCT_PAVIMENTADA,PER_TOTAL_PERSONAS,PER_N_CONDUCTORES,PER_N_CONDUCTORES_FUGADOS,PER_N_PEATONES,PER_N_PASAJEROS_OCUPANTES,PER_EDAD_COND_PROM,PER_EDAD_COND_MIN,PER_EDAD_COND_MAX,PER_ANY_COND_MASCULINO,PER_ANY_LIC_PROBLEMA,PER_ANY_DOSAJE_POS,PER_ANY_DOSAJE_EVALUADO,VEH_TOTAL,VEH_N_FUGADOS,VEH_ANY_FUGADO,VEH_ANY_CARGA,VEH_ANY_PUBLICO,VEH_ANY_PARTICULAR,VEH_ANY_MOTO,VEH_ANY_AUTO,VEH_ANY_CAMION_BUS,VEH_ANY_SOAT_PROBLEMA,VEH_ANY_CITV_PROBLEMA,VEH_ANY_SEGURO_PROBLEMA,HORA_NUM,FRANJA_HORARIA,ANIO,MES,DIA_MES,DIA_SEMANA,ES_FIN_SEMANA,ES_QUINCENA,REGION_NATURAL,TIENE_SEÑALIZACION,ES_VIA_MULTICARRIL,ES_DEPTO_BAJO_PAVIMENTO,CATEGORIA_SEVERIDAD,CATEGORIA_SEVERIDAD_ENC
3,1,12,0,4,1,-15.152730779207149,-74.36174385983882,0,4,0,1,2,2,2,0,6639.975,2.0,2,0,1.0,9,31,1616.0,0.5719086680391626,78.55731969981511,74.81844296674043,8.91518499379799,882.3154518983497,1194.0246614677892,3503.418064555497,684.4397268562241,692.4355930281881,2126.542744671085,1095.9393591043163,2407.4787054511808,31.811526728788113,6,2,0,0,4,43.42781445239417,39.113377342873015,47.74225156191534,1.0,0.0,0.0,0.2036092773802911,2,0,0.0,0.7963907226197089,0.2036092773802911,1.0,0.0,1.0,1.0,0.0,0.0,0.0,18,2,2023,6,16,1,0,0,0,1,0,1,GRAVE_LESIONADOS,1
3,1,14,2,2,4,-11.964502106962211,-77.08112132595791,0,2,3,1,2,2,2,0,6543.555,2.0,4,4,1.0,14,33,1198.0,0.758462599563312,80.5192231989937,79.20045639149897,11.33839041452458,1628.5661148492152,363987.54389721627,7626.313,1683.4029999999998,1599.0829999999996,4343.827000000001,1814.875,5811.438000000001,23.797541485643197,11,2,0,0,9,40.42751119027935,38.64126678541902,42.21375559513967,1.0,0.5954148016201084,0.0,0.0,2,0,0.0,0.0,0.4045851983798916,1.0,0.0,0.4045851983798916,1.0,0.5954148016201084,1.0,0.5954148016201084,15,3,2023,4,10,0,0,0,0,1,0,1,GRAVE_LESIONADOS,1
9,1,5,0,4,0,-8.438001883624503,-77.49851705978935,6,4,0,0,1,0,1,2,6003.3644064798755,1.8865954415023984,3,3,0.8865954415023983,13,32,1117.709572583698,0.2998802740896341,76.09798625098271,38.34747041696014,3.9396164930665547,364.90911320080716,25900.007988289082,16144.634252416543,1775.141433184316,1154.271461589591,13215.221357642637,2099.798121267565,14044.836131148979,12.964376364541488,6,1,0,0,5,50.865954415023985,50.865954415023985,50.865954415023985,1.0,0.0,0.0,0.0,1,0,0.0,0.0,1.0,0.0,0.0,0.8865954415023983,0.11340455849760167,0.0,0.11340455849760167,0.0,6,0,2022,10,14,2,0,0,2,1,0,1,GRAVE_LESIONADOS,1
6,1,7,0,4,2,-13.130504418188087,-72.84684094734224,0,4,0,0,3,1,0,0,6543.555,2.0,4,4,1.0,14,33,1198.0,0.40151479198875395,77.08883457479128,58.08818852955934,6.389950332798637,487.63870859187165,3378.5288758253296,17779.13499998999,2097.3709999899997,2863.123,12818.640999999989,2878.713,14900.421999989989,16.19152450331032,10,1,0,0,9,58.30151702884901,58.30151702884901,58.30151702884901,1.0,0.5890574476498901,0.0,0.4109425523501099,1,0,0.0,1.0,0.0,0.0,0.0,0.0,1.0,0.5890574476498901,0.5890574476498901,0.0,10,1,2022,6,20,4,0,1,2,1,0,1,GRAVE_LESIONADOS,1
3,2,12,0,4,1,-7.167968294982527,-79.4896892778801,0,4,7,1,2,2,2,1,6543.555,2.395695580178521,3,2,1.0,8,31,1307.6076757094504,0.5114727232493018,78.60606800160349,61.153108160372966,6.422343227671115,862.4189512831092,24701.19700214133,8931.828000000005,1335.5899999999997,1935.9830000000004,5660.255000000005,1219.309,7712.519000000005,13.651281686122925,5,2,0,0,3,37.76986906124965,26.187086740535563,49.35265138196373,1.0,0.39569558017852113,0.0,0.0,2,0,0.0,0.0,1.0,0.39569558017852113,1.0,0.0,0.39569558017852113,0.0,0.0,0.39569558017852113,12,1,2022,2,10,3,0,0,0,1,0,1,GRAVE_LESIONADOS,1
4,1,6,0,4,1,-11.502892056359567,-73.96125959879802,0,4,6,1,2,0,1,1,8456.369830004018,2.0,2,0,1.0,9,14,2171.7908326112465,0.2502375267880824,66.45681782992433,53.75118079677222,4.698386716296527,217.46944938790074,5354.004158617443,17097.048543407298,1962.9027693972891,2150.0095356038273,12984.136238406183,2553.6673917903477,14543.381151616952,14.844817233761429,5,1,0,0,4,35.69981319381173,27.50957034576697,43.89005604185648,1.0,0.0,0.0,0.6300186806188274,1,0,0.0,1.0,0.0,0.6300186806188274,0.0,0.6300186806188274,1.0,0.0,0.0,0.0,13,1,2023,1,2,1,0,0,2,1,0,1,GRAVE_LESIONADOS,1
4,2,7,0,4,1,-13.91343465553669,-71.52103659702391,0,4,4,0,1,1,1,2,7151.42734243836,2.0,2,1,1.0,11,16,1198.0,0.4490630602103421,69.66837679336213,70.936564253119,7.361219730324979,647.2273124245703,9200.374019887106,17779.13499998999,2097.3709999899997,2863.123,12818.640999999989,2878.713,14900.421999989989,16.19152450331032,8,2,0,0,5,53.01719060321136,48.356254137615146,61.17382941800473,1.0,0.0,0.0,0.4173829418004733,2,0,0.5826170581995267,0.0,0.0,1.0,0.0,0.5826170581995267,1.0,0.4173829418004733,0.0,0.5826170581995267,10,1,2021,8,8,2,0,0,2,1,0,1,GRAVE_LESIONADOS,1
3,1,11,0,4,1,-7.551899381443758,-78.9661306027551,0,4,5,0,1,2,2,0,6543.555,2.8556879563125186,2,0,1.0,2,30,1435.0255638985677,0.46631793228793145,78.45469562466354,57.372703052661215,5.789703538357531,784.5116580508372,24710.00189092246,8827.52343987196,1335.2852129637317,1770.8891561492594,5721.349070758968,1196.298444634031,7631.224995237928,13.544428413555588,5,1,0,0,3,26.319177004812076,26.319177004812076,26.319177004812076,1.0,0.8556879563125185,0.0,0.0,1,0,0.0,0.14431204368748152,0.8556879563125185,0.8556879563125185,0.8556879563125185,0.0,0.14431204368748152,0.8556879563125185,0.14431204368748152,0.0,19,2,2021,1,14,5,0,0,0,1,0,1,GRAVE_LESIONADOS,1
5,1,9,0,4,2,-9.584154635265474,-76.46620989530832,0,4,0,0,1,2,2,2,6543.555,2.0,4,4,1.0,14,33,1198.0,0.22785027252432044,77.65528064093331,37.40794760144778,2.4486603628227015,373.0742557271066,24756.501524237363,8276.679026093438,1333.6755974673986,899.0095228641535,6043.993905761884,1074.7770474321717,7201.901978661264,12.980123955386023,4,1,0,0,3,44.97084652396431,44.03525245484095,45.906440593087666,1.0,0.0,0.0,0.0,1,0,0.0,0.9064405930876644,0.09355940691233555,0.0,0.09355940691233555,0.0,0.9064405930876644,0.0,0.9064405930876644,0.0,16,2,2021,4,3,0,0,0,1,1,0,1,GRAVE_LESIONADOS,1
6,1,8,0,4,2,-12.713051138736963,-74.45017554618877,0,4,0,0,1,1,0,1,6543.555,2.0,4,4,1.0,14,33,1198.0,0.25220376549553697,68.80888058245482,63.09675437448875,4.377918247694555,198.1050069863865,3388.472657589104,8511.426,1445.3929999999996,2008.516,5057.516999999999,1879.579,6631.846999999998,22.08300935706896,5,1,0,0,4,24.883299145802567,24.883299145802567,24.883299145802567,1.0,0.0,0.0,0.0,1,0,0.0,0.0,0.0,1.0,0.0,0.9833284494003669,0.0166715505996331,0.0,0.0,0.0,17,2,2021,9,2,5,0,0,2,1,0,1,GRAVE_LESIONADOS,1
6,1,7,0,4,1,-14.613887673702749,-71.73891906928263,0,4,5,0,2,2,2,2,542.7857381484255,-0.7470685284904293,0,0,0.0,9,32,94.28897829691778,0.4670263153502933,65.5237709552973,70.61273193256336,7.074467358088314,760.9316629253258,9065.880085653103,17779.13499998999,2097.3709999899997,2863.123,12818.640999999989,2878.713,14900.421999989989,16.19152450331032,6,1,0,0,5,22.0,22.0,22.0,0.12646573575478537,0.0,0.0,0.0,1,0,0.0,0.0,0.0,1.0,0.0,0.8735342642452146,0.12646573575478537,0.0,0.0,0.0,13,2,2021,8,24,5,0,0,2,1,0,1,GRAVE_LESIONADOS,1
4,1,14,0,4,1,-5.958238643716651,-79.17478943724149,0,3,7,1,2,2,2,0,2831.189025831699,2.0,2,0,1.0,2,20,628.8555771102283,0.4723586163347411,74.56320545261849,57.856022011213255,6.34648671592122,767.279686207207,45096.13390913304,3976.493914577494,586.0077843203796,754.8933915656171,2635.592738691497,776.6742830145195,3199.819631562974,19.76762175473716,5,2,0,0,3,26.17233780716457,24.871725789851748,27.47294982447739,1.0,0.23647491223869455,0.0,0.0,2,0,0.7635250877613055,0.0,0.23647491223869455,0.23647491223869455,1.0,0.0,0.0,1.0,0.23647491223869455,1.0,12,2,2021,9,23,1,0,0,0,1,0,1,GRAVE_LESIONADOS,1
3,1,10,0,4,1,-6.715483269404098,-79.39448883437397,0,4,5,1,2,1,1,0,6800.488957402677,2.788493250718232,2,0,1.0,1,27,1614.1714410274035,0.5063440476192944,78.20934074147208,65.77598856651406,7.158598613901309,764.2166633216086,9530.012440554072,3553.6086684578254,650.4387984385392,667.5811282827061,2235.5887417365802,754.1665354204548,2799.4421330373707,21.142501341702843,7,1,0,0,5,57.010138636850826,52.67342575790055,61.346851515801106,1.0,0.0,0.0,0.0,1,0,0.0,0.788493250718232,1.0,0.0,0.0,0.0,1.0,0.0,0.0,0.0,8,1,2023,2,18,4,0,1,0,1,0,1,GRAVE_LESIONADOS,1
3,1,23,0,4,0,-3.547342000925412,-80.37221335054961,6,4,6,1,3,2,2,1,6543.555,2.7360354004260654,2,1,1.0,3,30,1401.88180591802,0.519658761732871,72.2102838121649,66.43438283140912,8.032997711832884,850.1345706526319,5017.603478187051,1009.101,138.47399999999996,287.471,583.156,276.972,732.129,27.447401201663663,5,2,0,0,3,46.30449560596492,41.88828320340853,50.720708008521314,1.0,0.2639645995739345,0.2639645995739345,1.0,2,0,0.0,0.0,0.7360354004260655,1.0,0.2639645995739345,1.0,0.7360354004260655,0.2639645995739345,0.2639645995739345,0.0,13,1,2023,10,17,5,1,0,0,1,0,1,GRAVE_LESIONADOS,1
5,2,19,0,4,0,-4.668610523016915,-80.44161195101142,5,4,2,0,2,2,2,2,6543.555,2.6799838869126082,2,1,1.0,4,30,1386.3555366747926,0.5317073237719026,76.48020114549745,66.69764688049828,8.712226593812032,818.133660864359,11206.20877523718,1793.3292865708313,258.98822799535463,416.1997216021949,1118.1413369732818,413.42143034654134,1379.9078562242898,25.16971646607637,25,1,0,0,24,34.439871095300866,33.47982275603869,35.39991943456304,1.0,0.0,0.0,1.0,1,0,0.0,0.0,0.32001611308739175,0.32001611308739175,0.0,0.32001611308739175,1.0,0.0,0.0,0.0,13,1,2023,7,20,3,0,0,0,1,0,1,GRAVE_LESIONADOS,1
3,1,15,0,4,1,-13.631309579291287,-72.74636946867938,3,2,7,1,2,1,1,1,1021.3684637018812,2.0,1,1,0.5060446924118366,7,26,212.41787696473463,0.39816191291548,73.73188377854089,64.7423619512921,7.192516081729535,490.01153044361536,1359.986844223277,12961.757183774871,1924.796074406006,1737.375269962186,9299.585839406678,2461.7242134717026,10500.032970303168,18.69090370351235,6,2,0,0,3,42.31894413934198,37.36097207452776,45.92746369105796,1.0,0.0,0.0,0.0,2,0,0.0,0.0,0.0,1.0,0.0,1.0,1.0,0.5060446924118366,0.5060446924118366,0.0,15,1,2021,2,25,5,1,1,2,1,0,1,GRAVE_LESIONADOS,1
3,2,6,0,4,0,-11.679434024908533,-73.38730963812726,4,4,7,0,1,2,2,1,6543.555,2.0,4,4,1.0,14,33,1198.0,0.3153347834342859,74.14178494389417,63.00130992304882,5.441531133667315,274.82075470794047,17939.59925657868,17479.534477267327,2038.3070033567756,2549.8941349026586,12891.333339007891,2735.939553630431,14743.594923636894,15.59999508938133,6,2,0,0,3,36.88334808706327,27.950132783569476,43.862422542917805,1.0,0.8374889347025437,0.0,0.0,2,0,0.0,0.1625110652974563,0.0,0.8374889347025437,0.8374889347025437,0.0,0.1625110652974563,0.0,0.0,0.0,4,0,2021,8,6,5,0,0,2,1,0,1,GRAVE_LESIONADOS,1
3,2,11,0,4,1,-8.1503061713355,-78.48853135096728,0,4,0,0,2,1,1,1,617.3757378652795,1.8792371643859078,1,0,0.9597457214619692,8,29,102.41525671228185,0.37636768227892786,74.08539769274508,51.751196420066094,5.573887905514742,469.8319534958251,26791.949333405548,8914.90502079406,1340.010040546311,1938.9027635851994,5635.992216662549,1245.8876924903057,7669.017328303754,13.990694800346008,6,2,0,0,4,35.08368703880144,25.56355989953243,44.603814178070465,1.0,0.04025427853803076,0.0,0.0,2,0,0.0,0.9597457214619692,0.0,1.0,0.0,1.0,0.9597457214619692,0.0,0.9597457214619692,0.0,15,2,2021,9,15,3,0,1,0,1,0,1,GRAVE_LESIONADOS,1
4,1,5,0,4,0,-7.666462133814202,-78.18933943795359,1,4,5,0,2,1,1,0,6543.555,2.0,4,4,1.0,14,33,1198.0,0.2948350537014906,77.15212155268404,35.50451291723821,3.7775920646885006,361.8643687343071,26075.62526766595,15935.565011852366,1733.9250000199986,935.692,13265.948011832368,2000.1670000199988,13935.398011832369,12.551591352627522,6,2,0,0,3,42.20681389980177,32.41362779960354,52.0,1.0,0.0,0.0,0.0,2,0,0.8515814000172374,0.0,0.14841859998276263,0.8515814000172374,0.8515814000172374,0.14841859998276263,0.0,0.8515814000172374,0.8515814000172374,0.8515814000172374,14,2,2022,8,20,5,0,1,2,1,0,1,GRAVE_LESIONADOS,1
3,2,20,0,4,1,-15.839264564819972,-69.93056758366792,0,4,0,1,2,2,2,2,7586.903,2.0,2,0,1.0,9,5,1198.0,0.35137735541313103,69.7363010819452,70.84178106905529,6.3830755146041565,336.2287404668462,6011.957082045637,13642.312999999998,2020.7790000000005,2354.117,9267.416999999998,3314.0520000000006,10328.260999999997,24.29244952817019,24,2,0,0,22,32.18273773779002,31.18273773779002,33.18273773779002,1.0,0.0,0.0,0.0,2,0,0.0,0.8637896229650033,0.8637896229650033,0.13621037703499672,0.0,0.13621037703499672,0.8637896229650033,0.0,0.13621037703499672,0.13621037703499672,14,2,2021,10,6,4,0,0,2,1,0,1,GRAVE_LESIONADOS,1
3,2,14,0,4,1,-11.169115123245069,-77.52803033448198,1,4,2,0,2,2,2,2,6543.555,2.406773748572005,3,2,1.0,8,31,1310.6763283544456,0.7327345537337897,78.20903814342847,76.31492653513806,13.642917835589472,1405.6698219039215,62016.21841541756,7626.313,1683.4029999999998,1599.0829999999996,4343.827000000001,1814.875,5811.438000000001,23.797541485643197,6,2,0,0,4,44.46613125713998,33.339036262851955,55.59322625142799,1.0,0.0,0.0,1.0,2,0,0.0,0.0,0.5932262514279948,0.4067737485720052,0.0,0.4067737485720052,1.0,0.0,0.0,0.0,13,1,2023,7,14,1,0,0,0,1,0,1,GRAVE_LESIONADOS,1
3,1,10,1,2,3,-14.072168220724595,-71.46129684359116,0,3,0,1,2,0,1,2,6791.494952401049,2.0,3,3,1.0,12,26,1198.0,0.673086842320715,75.65106807065074,82.53272626579259,11.200582092987716,1241.9249186886902,134450.00294234586,16796.065640802903,2079.1697700726363,2742.1634319442333,11974.732438786032,2982.1664315859334,13813.899209216968,18.11661849406721,5,1,0,0,3,39.86604366728987,31.09888970965738,48.63319762492236,1.0,0.7623612137071728,0.0,0.0,1,0,0.0,0.0,0.0,0.7623612137071728,0.0,0.7623612137071728,1.0,0.0,1.0,0.0,16,1,2021,7,19,4,0,0,2,1,0,1,GRAVE_LESIONADOS,1
6,1,11,0,4,1,-8.800955670587149,-77.53708847050925,0,4,0,0,6,2,2,0,9598.81886242551,2.0,2,0,1.0,9,28,3451.3179590140985,0.21945994653509976,78.26044872036799,37.7096085428081,4.431989191531237,156.82196776973953,2473.5766887967966,8871.34217652183,1351.3880334902638,1946.4187691788873,5573.535373852678,1314.30610911921,7557.03606740262,14.864406246712266,11,1,0,0,10,55.58263770928758,55.58263770928758,55.58263770928758,1.0,0.0,0.0,0.0,1,0,0.0,0.0,0.0,1.0,0.0,0.14387615538978016,0.8561238446102198,0.0,0.8561238446102198,0.0,11,1,2023,5,25,3,0,1,0,1,0,1,GRAVE_LESIONADOS,1
6,1,5,1,4,2,-6.515044687105646,-78.73598355696512,0,3,6,1,1,2,2,1,6536.875729798508,2.0,3,3,0.9913809974082197,13,32,1190.820370841047,0.39932584136570914,76.29461462424126,52.72626444465113,5.415964471573336,536.1738472522271,52527.87228243523,15903.924480855734,1734.7225939006669,937.1559117332062,13232.045975221861,1996.6191513639694,13907.305329491766,12.555044733869707,6,1,0,0,4,42.931047979265756,42.801762940389054,43.060333018142465,1.0,1.0,0.0,0.9913809974082197,1,0,0.0,0.008619002591780278,0.9913809974082197,0.008619002591780278,0.008619002591780278,0.0,1.0,0.9913809974082197,1.0,1.0,6,1,2023,1,21,5,0,1,2,1,0,1,GRAVE_LESIONADOS,1
5,2,3,0,4,1,-16.05077433500855,-71.33745961576001,0,4,0,0,2,0,1,0,1504.4250000000002,2.0,2,0,1.0,7,25,241.0,0.4685280505645348,81.83746865987648,70.74305753660312,6.037751599761188,617.4715908037651,1751.8736616702354,10322.272,1495.236,1749.739,7077.2970000000005,2886.595,7435.677000000001,27.964725207783708,4,2,0,0,2,36.47004060113296,32.0,40.940081202265915,1.0,0.0,0.0,0.0,2,0,0.0,0.9800270674219719,0.0,1.0,0.0,1.0,1.0,0.0,0.0,0.0,5,0,2023,5,4,1,0,0,0,1,0,1,GRAVE_LESIONADOS,1
4,1,8,0,4,0,-12.805920348013473,-75.26801693670636,2,4,6,0,4,0,1,1,7155.584749517574,2.0,2,1,1.0,11,16,1198.0,0.47010054361986603,68.21672912217505,70.15022064127709,7.612551923201855,700.3918995538729,870.9814771617548,12435.769599587882,1817.6214111630836,1381.893671553738,9236.254516871059,1959.2876844278317,10476.48191516005,15.701544788295854,5,1,0,0,3,37.22630955572508,36.34640694961824,38.10621216183192,1.0,0.0,0.0,0.5866017374045605,1,0,0.0,0.41339826259543955,0.0,0.5866017374045605,0.0,0.5866017374045605,0.41339826259543955,0.0,0.41339826259543955,0.0,19,2,2023,6,19,4,0,0,2,1,0,1,GRAVE_LESIONADOS,1
3,2,3,0,4,1,-16.031140247078167,-71.30172664159203,0,4,3,0,2,1,1,0,1504.4250000000002,2.0,2,0,1.0,7,25,241.0,0.4685280505645348,81.83746865987648,70.74305753660312,6.037751599761188,617.4715908037651,1751.8736616702354,10322.272,1495.236,1749.739,7077.2970000000005,2886.595,7435.677000000001,27.964725207783708,5,2,0,0,3,39.82157962099176,31.732369431487644,47.910789810495885,1.0,0.4553949052479408,0.0,1.0,2,0,0.0,0.5446050947520592,0.0,1.0,0.0,1.0,0.5446050947520592,0.0,0.4553949052479408,0.0,13,2,2023,11,20,5,1,1,0,1,0,1,GRAVE_LESIONADOS,1
6,1,12,0,4,0,-13.594687064291502,-71.6723391691305,0,4,7,0,4,2,2,2,6543.555,2.0,4,4,1.0,14,33,1198.0,0.37517343010153786,75.21959371417026,60.95891701656891,5.7995850868597385,424.0406408531432,9925.091161679124,13177.882229901272,1916.812500836313,2074.5258976409004,9186.543831424058,2914.6424052874663,10263.239824613805,22.032066063252923,5,1,0,0,4,55.7049616277287,50.78381581309776,60.62610744235964,1.0,0.48198465109148025,0.0,0.48198465109148025,1,0,0.0,0.5180153489085197,0.5180153489085197,0.0,0.0,0.0,1.0,1.0,1.0,0.5180153489085197,12,1,2022,5,9,3,0,0,2,1,0,1,GRAVE_LESIONADOS,1
3,1,7,0,4,0,-12.921334398000988,-71.40432108683147,0,4,0,0,6,2,2,2,6543.555,2.0,4,4,1.0,14,33,1198.0,0.36082339820035947,62.82950730550446,65.80638351315122,5.976127727357847,452.96357539381324,5308.430500617927,17779.13499998999,2097.3709999899997,2863.123,12818.640999999989,2878.713,14900.421999989989,16.19152450331032,4,1,0,0,2,40.06716826375497,14.261209914602679,65.87312661290727,1.0,0.0,0.0,0.0,1,0,0.0,0.0,0.0,1.0,0.9925368595827806,0.0,0.007463140417219405,1.0,0.007463140417219405,0.007463140417219405,19,2,2021,7,19,4,0,0,2,1,0,1,GRAVE_LESIONADOS,1
4,1,13,0,4,1,-15.252307330561852,-71.59851631251121,0,4,6,0,2,1,1,2,1592.7108825260493,2.0,2,1,1.0,9,22,248.60896126060396,0.2328631082572127,71.9483951089247,59.57138150826596,5.671256828748387,142.44248652321332,18276.506437284635,13235.020627030499,1929.6033827067956,2108.923677609261,9196.493566714442,2963.7813200821442,10271.239306948353,22.31015850759145,6,1,0,0,4,41.71641725428218,37.27820774787921,46.15462676068515,1.0,0.0,0.0,0.4226866196574257,1,0,0.0,0.4226866196574257,0.0,0.5773133803425743,0.0,1.0,0.4226866196574257,0.0,0.4226866196574257,0.0,5,0,2022,2,14,3,0,0,2,1,0,1,GRAVE_LESIONADOS,1
5,1,8,0,4,1,-13.417586609514048,-74.94726000759927,3,4,0,0,2,1,1,0,1679.5849999999998,2.0,2,3,1.0,9,24,315.0,0.2997946406100768,72.83003345209801,46.42647217987546,4.997510303405721,292.6881439974165,3327.8779443254816,8511.426,1445.3929999999996,2008.516,5057.516999999999,1879.579,6631.846999999998,22.08300935706896,8,1,0,0,6,49.71806816120086,47.180681612008605,52.25545471039311,1.0,0.0,0.0,0.2819318387991392,1,0,0.0,0.2819318387991392,0.0,1.0,0.0,0.7180681612008608,0.2819318387991392,0.0,0.0,0.0,8,1,2022,3,5,4,0,0,2,1,0,1,GRAVE_LESIONADOS,1
4,1,17,2,5,2,-8.81437670688273,-76.91583936693216,3,1,3,1,2,2,2,1,6586.2395267437005,2.0,3,2,1.0,11,32,1383.0459674223882,0.6009501249945285,75.100774377583,65.14241067467997,8.6732382313059,1184.8900834945161,90628.9916230101,6522.190580382739,1199.4788941482775,1245.8706279014311,4076.84105833303,1368.2112786221387,5153.9793017606,20.539697378483403,4,1,0,0,3,31.788689400169616,29.838117357055637,33.73926144328359,1.0,0.5573062980325642,0.0,0.0,1,0,0.0,0.0,0.0,0.5573062980325642,0.5573062980325642,0.0,0.44269370196743585,0.5573062980325642,1.0,0.5573062980325642,17,1,2022,8,23,4,0,1,0,1,0,1,GRAVE_LESIONADOS,1
3,1,21,0,4,1,-6.119740976279435,-77.82162592247889,1,4,6,1,3,2,2,1,5665.240691223931,2.732219206312222,2,0,1.0,1,26,1231.5872585378102,0.5910842288016996,75.64191148270311,67.35466959987714,8.860701617296716,1083.322640924768,9724.955062858417,1298.6496944066573,208.3532725783814,301.5428807082927,788.753541119983,335.040800672782,963.6088937338751,26.42344007883103,6,2,0,0,4,42.39331523787333,41.58997285681,43.19665761893667,1.0,0.7322192063122223,0.0,0.7322192063122223,2,0,0.0,0.0,0.7322192063122223,1.0,1.0,1.0,0.0,0.7322192063122223,1.0,0.7322192063122223,18,2,2024,5,5,5,0,0,0,1,0,1,GRAVE_LESIONADOS,1
5,1,10,1,4,1,-14.288714875771444,-75.67613762707573,0,4,7,1,2,1,1,5,6639.975,2.0,2,0,1.0,9,31,1616.0,0.6261042306271147,80.48505954362174,76.55712631348362,9.341715591523595,1061.002261282891,31419.372591006424,3721.461,698.1859999999996,744.866,2278.409,1102.9029999999996,2618.558,29.636290693359403,4,1,0,0,3,26.077831876944607,24.796227572762017,27.3594361811272,1.0,1.0,0.0,1.0,1,0,0.0,0.23301896439683478,0.0,1.0,0.0,0.0,1.0,1.0,0.7669810356031652,0.0,17,2,2021,2,21,3,0,1,0,1,0,1,GRAVE_LESIONADOS,1
3,1,12,0,4,1,-8.997925757530126,-78.4882920206395,0,4,7,1,2,2,2,0,6543.555,3.0,2,0,1.0,0,30,1475.0,0.5476675041743402,77.3339475068392,56.153678972975925,8.009804206915295,995.2205889245533,66566.72300441682,8687.882083980963,1400.5816399951973,1873.0305413098936,5414.269902675873,1330.5952689588366,7357.2868150221275,15.547191454268933,5,1,0,0,3,49.47228102464949,36.868579955182746,62.075982094116235,1.0,0.8131420044817255,0.0,0.18685799551827453,1,0,0.0,0.8131420044817255,0.8131420044817255,0.18685799551827453,0.8131420044817255,0.18685799551827453,0.8131420044817255,0.0,0.8131420044817255,0.8131420044817255,0,0,2023,5,14,1,0,0,0,1,1,1,GRAVE_LESIONADOS,1
6,1,7,0,4,2,-13.660738879113744,-71.71911676514421,4,4,7,0,4,2,2,2,6543.555,2.0,4,4,1.0,14,33,1198.0,0.29304454902516447,66.89014674502668,58.000003125091695,5.242502061069243,274.08792442374363,4627.476180427027,17779.13499998999,2097.3709999899997,2863.123,12818.640999999989,2878.713,14900.421999989989,16.19152450331032,21,1,0,0,20,41.35039387410512,41.35039387410512,41.35039387410512,1.0,0.0,0.0,0.0,1,0,0.0,0.0,0.0,0.4115687595465477,0.0,0.0,1.0,0.4115687595465477,0.4115687595465477,0.4115687595465477,15,3,2023,8,14,5,0,0,2,1,0,1,GRAVE_LESIONADOS,1