CLASE SINIESTRO,CANTIDAD DE VEHICULOS DAÑADOS,DEPARTAMENTO,ZONA,TIPO DE VÍA,RED VIAL,COORDENADAS LATITUD,COORDENADAS  LONGITUD,CONDICIÓN CLIMÁTICA,ZONIFICACIÓN,CARACTERÍSTICAS DE VÍA,PERFIL LONGITUDINAL VÍA,SUPERFICIE DE CALZADA,¿EXISTE SEÑAL VERTICAL?,¿EXISTE SEÑAL HORIZONTAL?,CAUSA FACTOR PRINCIPAL,MTC_RVN_LONGITUD_KM,MTC_RVN_N_CARRILES_MEDIANA,MTC_RVN_SUPERFICIE_DOMINANTE,MTC_RVN_ESTADO_DOMINANTE,MTC_RVN_ES_CONCESIONADA,MTC_RVN_CONCESION_PRINCIPAL,MTC_RVN_CORREDOR_LOGISTICO,MTC_RVN_N_TRAMOS,IDH_2019,IDH_ESP_VIDA_2019,IDH_EDUC_SECUND_PCT_2019,IDH_ANIOS_EDUC_2019,IDH_INGRESO_PERCAP_2019,IDH_POBLACION_2019,MTC_DEP_RED_TOTAL_KM,MTC_DEP_NACIONAL_TOTAL_KM,MTC_DEP_DEPARTAMENTAL_TOTAL_KM,MTC_DEP_VECINAL_TOTAL_KM,MTC_DEP_PAV_TOTAL_KM,MTC_DEP_NO_PAV_TOTAL_KM,MTC_DEP_PCT_PAVIMENTADA,PER_TOTAL_PERSONAS,PER_N_CONDUCTORES,PER_N_CONDUCTORES_FUGADOS,PER_N_PEATONES,PER_N_PASAJEROS_OCUPANTES,PER_EDAD_COND_PROM,PER_EDAD_COND_MIN,PER_EDAD_COND_MAX,PER_ANY_COND_MASCULINO,PER_ANY_LIC_PROBLEMA,PER_ANY_DOSAJE_POS,PER_ANY_DOSAJE_EVALUADO,VEH_TOTAL,VEH_N_FUGADOS,VEH_ANY_FUGADO,VEH_ANY_CARGA,VEH_ANY_PUBLICO,VEH_ANY_PARTICULAR,VEH_ANY_MOTO,VEH_ANY_AUTO,VEH_ANY_CAMION_BUS,VEH_ANY_SOAT_PROBLEMA,VEH_ANY_CITV_PROBLEMA,VEH_ANY_SEGURO_PROBLEMA,HORA_NUM,FRANJA_HORARIA,ANIO,MES,DIA_MES,DIA_SEMANA,ES_FIN_SEMANA,ES_QUINCENA,REGION_NATURAL,TIENE_SEÑALIZACION,ES_VIA_MULTICARRIL,ES_DEPTO_BAJO_PAVIMENTO,CATEGORIA_SEVERIDAD,CATEGORIA_SEVERIDAD_ENC
3,1,17,0,4,1,-6.639966687981823,-79.6537433890112,0,3,7,1,2,2,2,0,2409.236150976135,2.0,2,0,1.0,3,22,381.13980790995294,0.49915501581063787,80.04688364951997,55.08907647061906,6.417929402588765,845.4986727959018,128706.81104316571,8683.521873178715,1761.5445563358978,839.76843804122,6082.208878801598,2130.27774262218,6553.244130556536,24.509276021761117,6,2,0,0,4,36.9192767542757,21.31839409372897,52.52015941482244,1.0,0.21076309942990623,0.0,0.7892369005700938,2,0,0.0,0.0,0.21076309942990623,0.7892369005700938,1.0,0.7892369005700938,0.21076309942990623,0.21076309942990623,0.21076309942990623,0.21076309942990623,5,0,2021,8,18,4,0,0,0,1,0,1,GRAVE_LESIONADOS,1
5,1,5,0,6,3,-13.227529447059563,-74.64082456349053,3,4,3,0,5,2,2,5,6790.536835041145,2.0,3,3,1.0,12,26,1198.0,0.30483688662700126,78.24358892607484,36.58061819210996,4.437634941642458,375.589288883327,2317.0249666727004,12580.686219547055,1810.1374509785142,1615.7875454940915,9154.76122307445,2273.0748451557247,10307.61137439133,18.02841120662846,5,1,0,0,3,31.01212404475758,30.420322855122997,31.60392523439216,1.0,0.0,0.0,0.7632795241461671,1,0,0.0,0.7632795241461671,0.23672047585383293,0.23672047585383293,0.0,0.23672047585383293,1.0,0.0,0.0,0.0,11,1,2021,4,26,0,0,1,2,1,0,1,GRAVE_LESIONADOS,1
6,1,8,0,4,1,-12.595212107235934,-74.66058939120482,0,4,0,0,1,1,0,1,6931.6486708523025,2.0,3,2,1.0,12,22,1198.0,0.27558095178013786,70.54585877804426,57.46984569660121,4.4864684188188075,250.9697015669873,3346.4560441944905,8511.426,1445.3929999999996,2008.516,5057.516999999999,1879.579,6631.846999999998,22.08300935706896,4,1,0,0,3,39.87878141721852,39.87878141721852,39.87878141721852,1.0,0.0,0.0,0.0,1,0,0.0,0.0,0.0,1.0,0.0,1.0,0.0,0.0,0.0,0.0,15,2,2022,10,10,5,1,0,2,1,0,1,GRAVE_LESIONADOS,1
6,1,14,2,2,4,-12.091750264238966,-76.98298770505659,0,1,2,0,1,2,2,0,6543.555,2.0,4,4,1.0,14,33,1198.0,0.7178205989601841,80.27837089697783,76.2798159308314,10.23462727127543,1506.6096585436762,384553.46863701096,7626.313,1683.4029999999998,1599.0829999999996,4343.827000000001,1814.875,5811.438000000001,23.797541485643197,5,1,0,1,3,35.979637559274664,32.65987918642489,38.46945633891199,0.17006040678755663,0.17006040678755663,0.0,0.0,1,0,0.0,0.0,0.0,1.0,0.17006040678755663,0.0,0.8299395932124434,0.17006040678755663,0.17006040678755663,0.17006040678755663,8,1,2024,11,8,1,0,0,0,1,0,1,GRAVE_LESIONADOS,1
3,1,11,0,4,1,-11.066588271763568,-75.35019955833926,2,4,6,1,3,2,2,1,600.0300000000001,2.0,2,0,0.0,9,8,178.0,0.5728838966137696,74.90642367741697,64.29955950374556,8.953049743749302,1014.8902089668502,25110.95968049309,12264.545,1826.4639999999995,1105.5389999999998,9332.542,1588.5359999999996,10676.009,12.952261987705208,13,2,0,0,11,33.70781389101458,27.571905602320708,39.84372217970845,1.0,0.0,0.0,0.0,2,0,0.0,0.4156277820291552,1.0,0.0,0.5843722179708448,0.5843722179708448,0.4156277820291552,0.0,0.4156277820291552,0.0,11,1,2022,6,23,3,0,1,2,1,0,1,GRAVE_LESIONADOS,1
6,1,3,0,4,1,-16.36587776287941,-72.10567826472783,0,4,1,0,2,0,1,0,6639.975,2.0,2,0,1.0,9,31,1616.0,0.59106088561654,78.55128107815675,62.94609062294842,7.957196371240563,1130.2851605012106,1388.80579078993,10322.272,1495.236,1749.739,7077.2970000000005,2886.595,7435.677000000001,27.964725207783708,40,1,0,0,39,36.90039485046889,36.90039485046889,36.90039485046889,1.0,0.0,0.0,0.2583004291275922,1,0,0.0,0.0,1.0,0.0,0.0,0.0,1.0,0.0,0.0,0.0,4,0,2024,4,4,5,1,0,0,1,0,1,GRAVE_LESIONADOS,1
6,1,4,0,4,1,-13.377317164596803,-74.1680708623877,0,4,0,0,7,1,0,5,7448.149826046962,2.0,2,0,1.0,9,8,1198.0,0.3349117047183069,69.5050493944911,48.21051812346743,5.249642147129212,399.9351014273377,6919.981623174891,12678.733000000004,1805.074000000001,1774.0339999999994,9099.625000000004,2485.375000000001,10193.358000000002,19.602707936195205,4,1,0,0,3,24.861837503251593,24.861837503251593,24.861837503251593,0.8670116069106004,0.0,0.0,0.13298839308939958,1,0,0.0,0.0,0.0,1.0,0.0,0.8670116069106004,0.13298839308939958,0.0,0.0,0.0,16,3,2022,5,4,5,1,0,2,1,0,1,GRAVE_LESIONADOS,1
6,1,5,0,4,1,-6.682432759532748,-78.68158797994957,0,4,0,0,1,1,1,2,288.7949819553299,1.6692682917508348,1,0,0.6692682917508349,11,32,45.758048867172356,0.3408805750246948,74.46338108645541,52.596151227890466,4.797283160888709,393.1082860563673,7994.9538107683775,15935.565011852366,1733.9250000199986,935.692,13265.948011832368,2000.1670000199988,13935.398011832369,12.551591352627522,8,1,0,0,7,33.9921951247475,33.9921951247475,33.9921951247475,1.0,0.0,0.0,1.0,1,0,0.0,0.0,0.6692682917508349,0.3307317082491651,0.0,0.0,1.0,0.0,0.0,0.0,14,1,2024,6,14,5,1,0,2,1,0,1,GRAVE_LESIONADOS,1
3,2,10,0,4,1,-14.061610682777031,-75.74676882237019,0,3,7,1,2,1,0,2,6639.975,2.0,2,0,1.0,9,31,1616.0,0.6167895320991846,79.7696568056409,72.56128817046344,9.248338789029871,1062.7678765040212,29856.819818028158,3721.461,698.1859999999996,744.866,2278.409,1102.9029999999996,2618.558,29.636290693359403,5,2,0,0,3,39.94808548728307,30.863401589018466,49.03276938554769,1.0,1.0,0.0,1.0,2,0,0.0,0.5519145127169235,0.0,1.0,0.4480854872830765,0.0,1.0,0.5519145127169235,0.0,0.0,14,1,2021,7,23,2,0,1,0,1,0,1,GRAVE_LESIONADOS,1
6,1,11,0,4,2,-12.142715585409471,-75.8061059838069,0,4,5,0,4,2,2,0,6543.555,2.0,4,4,1.0,14,33,1198.0,0.4654086721126589,75.18655084241792,61.206472850305545,7.423800727670649,642.2499772388559,1567.0561371546357,8058.159805544248,1567.277874521573,1798.8454406537903,4692.036490368885,1846.444094235352,6211.715711308896,22.96102092529919,5,1,0,0,4,53.87509394634164,53.87509394634164,53.87509394634164,1.0,0.0,0.0,0.0,1,0,0.0,0.0,0.0,0.5120998047206982,0.0,0.0,1.0,0.0,0.0,0.0,8,1,2025,4,23,2,0,1,0,1,0,1,GRAVE_LESIONADOS,1
6,1,12,0,4,1,-8.345075047989669,-78.60406579104855,0,4,7,1,1,2,2,2,7236.674200396606,2.7957435320636037,2,0,1.0,1,30,1956.0239819902135,0.48339618278889224,76.2843395810888,52.977774384859394,6.488692686196415,824.6742464623766,68011.10212839743,8931.828000000005,1335.5899999999997,1935.9830000000004,5660.255000000005,1219.309,7712.519000000005,13.651281686122925,4,1,0,0,3,27.10641169840991,27.10641169840991,27.10641169840991,1.0,0.0,0.0,0.0,1,0,0.0,0.7957435320636036,0.0,0.2042564679363964,0.0,0.0,1.0,0.0,0.0,0.0,20,2,2023,4,14,5,1,0,0,1,0,1,GRAVE_LESIONADOS,1
4,1,7,0,4,0,-13.551392444044966,-71.76935533015984,3,4,2,0,2,1,0,4,6932.929729527105,2.0,3,2,1.0,12,22,1198.0,0.27500458677050044,67.8287836068688,56.88032852635681,5.606857660439696,222.01340725013935,5251.282208760369,17779.13499998999,2097.3709999899997,2863.123,12818.640999999989,2878.713,14900.421999989989,16.19152450331032,4,1,0,0,3,43.909249971232036,39.057684162075006,48.760815780389066,1.0,0.6268026300648439,0.0,0.37319736993515606,1,0,0.0,0.37319736993515606,0.0,1.0,0.0,1.0,0.37319736993515606,0.6268026300648439,0.6268026300648439,0.0,10,1,2021,1,10,2,0,0,2,1,0,1,GRAVE_LESIONADOS,1
6,1,1,0,4,0,-9.20883367748918,-77.35834900888928,1,4,3,0,3,1,0,0,6543.555,2.0,4,4,1.0,14,33,1198.0,0.26116982749751894,81.06238879900295,50.609568862670855,4.090694654259093,207.05546083018825,2787.670629630251,10767.648,1885.0630000000003,1222.721,7659.864000000001,2100.343,8667.305000000002,19.506051832303577,7,1,0,0,6,35.56502995782844,35.56502995782844,35.56502995782844,1.0,0.0,0.0,0.0,1,0,0.0,0.35874251054288864,0.0,0.6412574894571114,0.0,0.0,1.0,0.0,0.0,0.0,13,1,2023,1,9,6,1,0,0,1,0,1,GRAVE_LESIONADOS,1
3,1,14,0,4,1,-11.136803482366874,-77.59629495147796,0,4,7,0,2,2,2,2,6543.555,3.0,2,0,1.0,0,30,1475.0,0.7327345537337897,78.20903814342847,76.31492653513806,13.642917835589472,1405.6698219039215,62016.21841541756,7626.313,1683.4029999999998,1599.0829999999996,4343.827000000001,1814.875,5811.438000000001,23.797541485643197,4,1,0,0,2,41.51524188163978,28.074031996536064,54.95645176674349,1.0,0.0,0.0,1.0,1,0,0.0,0.0,0.0,1.0,0.0,1.0,0.9956451766743493,0.0,0.0,0.0,21,1,2023,6,17,0,0,1,0,1,1,1,GRAVE_LESIONADOS,1
4,1,4,0,3,2,-11.336509561802359,-75.44595217841244,2,3,4,0,1,1,1,1,6543.555,2.5198164847381124,2,1,1.0,6,31,1341.9891662724572,0.472997399565262,76.42990468435723,61.222257724579535,6.360847621841818,777.7001990235686,75464.8076115072,13240.154241226108,1619.310476936051,1326.583950048394,10294.259814241663,2425.81511307696,10814.339128149148,19.95272414839843,5,1,0,0,3,43.95577914897658,41.07467805740525,46.836880240547906,1.0,0.48018351526188785,0.0,1.0,1,0,0.0,1.0,0.48018351526188785,0.0,0.48018351526188785,0.0,1.0,0.0,0.48018351526188785,0.0,6,1,2025,2,11,2,0,0,1,1,0,1,GRAVE_LESIONADOS,1
6,1,8,0,4,1,-13.371071874853223,-75.42837547519454,1,4,3,0,2,1,1,0,1583.9748598420388,1.5141143938103867,1,3,0.5141143938103868,9,20,293.13514772146743,0.4331710931962224,71.42810134713912,50.20654616333023,7.543481150712879,637.8245526151461,1630.291267174965,8511.426,1445.3929999999996,2008.516,5057.516999999999,1879.579,6631.846999999998,22.08300935706896,4,1,0,0,3,26.260055305223425,26.260055305223425,26.260055305223425,1.0,1.0,0.0,0.0,1,0,0.0,0.0,0.0,1.0,0.0,1.0,0.0,0.0,0.0,0.0,13,2,2021,5,2,1,0,0,2,1,0,1,GRAVE_LESIONADOS,1
3,2,10,0,4,1,-13.523838757687077,-76.13588474409701,0,3,3,1,2,1,1,1,6639.975,2.0,2,0,1.0,9,31,1616.0,0.5516844730860093,79.83626705497413,65.21892540390232,8.544935536300443,849.1408189948636,13254.591838194186,3721.461,698.1859999999996,744.866,2278.409,1102.9029999999996,2618.558,29.636290693359403,7,2,0,0,5,51.651222318883995,41.77563033848261,61.52681429928538,1.0,0.5658517874106719,0.0,0.4341482125893281,2,0,0.0,0.0,0.0,1.0,0.0,1.0,0.4341482125893281,0.0,0.0,0.0,21,2,2021,9,22,4,0,1,0,1,0,1,GRAVE_LESIONADOS,1
6,1,10,0,4,1,-14.748210793011241,-75.04596541940845,0,4,7,1,2,2,2,0,6639.975,2.0,2,0,1.0,9,31,1616.0,0.5604513601461673,77.1658114741555,68.98068444561119,8.531600156419998,927.3750762502968,27932.19700214133,3721.461,698.1859999999996,744.866,2278.409,1102.9029999999996,2618.558,29.636290693359403,4,1,0,0,3,25.58378001559373,25.58378001559373,25.58378001559373,1.0,0.0,0.0,0.0,1,0,0.0,0.0,0.0,0.9167560031187467,0.0,0.08324399688125328,0.9167560031187467,0.08324399688125328,0.0,0.08324399688125328,5,0,2023,3,27,2,0,1,0,1,0,1,GRAVE_LESIONADOS,1
3,1,10,2,2,3,-13.649379543802315,-76.1893800689822,0,0,0,1,2,1,1,0,6543.555,2.0,4,4,1.0,14,33,1198.0,0.5885803787608209,77.3544443268475,71.3695930453466,10.34722328845741,914.664139191653,60206.08917519866,3721.461,698.1859999999996,744.866,2278.409,1102.9029999999996,2618.558,29.636290693359403,7,1,0,0,5,20.19304615119212,19.792637101262248,20.593455201121998,1.0,0.8008180998597503,0.8008180998597503,1.0,1,0,0.0,0.0,0.0,1.0,0.8008180998597503,1.0,0.0,0.0,0.8008180998597503,0.8008180998597503,18,1,2023,9,6,4,0,0,0,1,0,1,GRAVE_LESIONADOS,1
6,1,7,0,4,0,-13.579356670859358,-71.95833365895913,2,4,0,0,1,1,1,3,6543.555,2.0,4,4,1.0,14,33,1198.0,0.23874524768793876,66.99809823185653,49.67376755712293,4.685250862944838,191.36585181405331,5922.218473234644,17779.13499998999,2097.3709999899997,2863.123,12818.640999999989,2878.713,14900.421999989989,16.19152450331032,4,1,0,0,3,38.92486153555251,38.92486153555251,38.92486153555251,1.0,0.4511300697978414,0.0,0.5488699302021586,1,0,0.0,0.0,0.0,1.0,0.0,0.4511300697978414,0.5488699302021586,0.4511300697978414,0.4511300697978414,0.0,10,2,2022,4,10,4,0,0,2,1,0,1,GRAVE_LESIONADOS,1
6,1,3,1,4,0,-16.44670828771114,-71.64176472146893,0,1,7,1,0,2,2,0,6570.678016774903,2.0,3,2,1.0,12,32,1315.5837068233714,0.647931050917028,77.89390360219876,75.82457232503563,9.799472426091244,1202.8017271258464,3896.5929493937783,10322.272,1495.236,1749.739,7077.2970000000005,2886.595,7435.677000000001,27.964725207783708,11,1,0,0,9,36.62439119167355,36.62439119167355,36.62439119167355,0.281300734027204,0.0,0.0,0.281300734027204,1,0,0.0,0.0,0.281300734027204,0.0,0.0,0.0,1.0,0.0,0.0,0.0,9,2,2024,10,15,5,1,0,0,1,0,1,GRAVE_LESIONADOS,1
6,1,7,0,4,2,-13.60544912765558,-71.9858491190642,0,4,2,0,3,1,1,4,6543.555,2.0,4,4,1.0,14,33,1198.0,0.2836415705265956,71.3666898529838,43.989432854169515,3.823040164468538,337.9813228305763,6208.628601816603,17779.13499998999,2097.3709999899997,2863.123,12818.640999999989,2878.713,14900.421999989989,16.19152450331032,6,1,0,0,5,33.344941995123044,33.344941995123044,33.344941995123044,1.0,0.41376450121923836,0.0,0.0,1,0,0.0,0.0,0.0,1.0,0.0,0.0,1.0,0.0,0.0,0.0,11,2,2022,7,7,2,0,0,2,1,0,1,GRAVE_LESIONADOS,1
3,2,7,0,4,1,-13.526772196014281,-72.08409689624106,0,2,3,1,2,1,1,2,7586.903,2.0,2,0,1.0,9,5,1198.0,0.424639794327285,67.90360051893423,63.277151014983346,6.889946886368543,622.8693788159112,8671.53280718516,17779.13499998999,2097.3709999899997,2863.123,12818.640999999989,2878.713,14900.421999989989,16.19152450331032,6,3,0,0,3,35.36831074513064,30.07632951298751,43.70608968506628,1.0,0.0,0.0,0.0,3,0,0.5076329512987511,0.0,0.0,1.0,0.0,1.0,0.5076329512987511,0.0,0.4923670487012489,0.5076329512987511,12,2,2022,10,3,1,0,0,2,1,0,1,GRAVE_LESIONADOS,1
5,1,5,0,4,1,-7.27251641965941,-78.6739879619794,1,4,1,0,1,0,0,2,262.91586183548645,2.0,2,0,1.0,11,29,41.92420818980907,0.38961946753611804,74.14017067187571,58.2883391829848,5.231964227791857,538.0633764235463,8254.092059541284,15935.565011852366,1733.9250000199986,935.692,13265.948011832368,2000.1670000199988,13935.398011832369,12.551591352627522,8,1,0,0,7,32.80768422721565,30.884526499372143,34.730841955059155,1.0,0.0,0.19231577278435052,1.0,1,0,0.0,0.0,0.8076842272156495,0.19231577278435052,0.0,0.19231577278435052,0.8076842272156495,0.0,0.0,0.0,10,1,2023,5,15,5,0,0,2,0,0,1,GRAVE_LESIONADOS,1
6,1,6,0,4,1,-8.781770231895457,-77.81103343063567,0,4,7,0,1,1,0,2,9936.932,2.0,2,0,1.0,9,32,3830.0,0.5082548615610457,73.69853884264501,66.90501747600064,8.103371836711126,794.2934543710462,66733.723700465,9915.944528824244,1630.1425495106507,1553.6291071443625,6732.172872169232,1691.5993780632834,8224.345150760962,16.78981164729728,4,1,0,0,3,41.1032988980038,41.1032988980038,41.1032988980038,1.0,0.0,0.0,0.0,1,0,0.0,0.0,0.0,1.0,0.0,0.5360637365451091,0.4639362634548909,0.0,0.0,0.0,7,1,2022,10,16,3,0,0,0,1,0,1,GRAVE_LESIONADOS,1
5,1,15,0,4,1,-14.511533536808477,-71.45599682897303,1,4,1,1,2,1,1,1,7330.428668867171,2.0,2,0,1.0,10,11,1198.0,0.4207235261455135,73.37995801354498,72.7816164373504,7.066306185758814,479.91669338509485,18949.028484846458,12935.66691153675,1987.4174846436447,2075.9988339170072,8872.250592976097,3015.6997685634183,9919.96714297333,23.115864009644152,5,1,0,0,4,41.45818587022575,39.245818587022576,43.67055315342892,1.0,0.0,0.0,0.0,1,0,0.0,0.24581858702257464,0.0,1.0,0.0,0.24581858702257464,1.0,0.0,0.7541814129774254,0.0,6,0,2022,9,9,3,0,0,1,1,0,1,GRAVE_LESIONADOS,1
3,2,3,0,4,1,-17.084973247498773,-71.91899908567528,0,4,0,0,2,0,1,0,1926.94,2.0,2,0,1.0,9,32,393.0,0.6803071451955962,77.94466657583487,78.40700901768477,9.735921607047414,1363.7066157637946,944.9743040685224,10322.272,1495.236,1749.739,7077.2970000000005,2886.595,7435.677000000001,27.964725207783708,7,2,0,0,5,43.96715869732978,42.46715869732978,45.46715869732978,1.0,0.9148421498516547,0.0,0.0,2,0,0.0,0.0,0.0,1.0,0.0,1.0,0.0,0.0,0.9148421498516547,0.0,6,0,2024,2,4,5,0,0,0,1,0,1,GRAVE_LESIONADOS,1
6,1,11,1,4,1,-12.692021079321266,-76.57891493353243,0,4,2,1,2,2,2,0,6543.555,2.335406813496347,3,2,1.0,9,31,1290.9076873384881,0.6395159950015948,80.17043685828664,70.14279940161867,11.241148180350994,1078.7644913757276,64236.43640077548,5031.1749664948375,1028.63449457243,1031.376202004409,2971.1642699179984,1341.7032598186208,3689.471706676217,27.67793442679499,5,1,0,0,4,33.03732264293424,33.03732264293424,33.03732264293424,1.0,0.0,0.0,1.0,1,0,0.0,0.0,0.0,1.0,0.0,1.0,0.0,0.0,0.0,0.0,5,0,2023,9,7,0,0,0,0,1,0,1,GRAVE_LESIONADOS,1
3,1,13,0,4,1,-11.38939092184769,-77.2301230097493,0,4,7,1,2,2,2,1,825.5625985325646,-0.9045280290667446,0,0,0.9522640145333723,9,15,167.0147341687951,0.584206510888194,79.09730339290726,62.6838726171838,6.931995311477096,1215.8706713458819,20864.83254599649,7688.633045066465,1666.7998036868955,1615.1652535037065,4406.667987875863,1786.4450700795824,5902.187974986883,23.31319977531267,4,1,0,0,3,54.99877215260041,47.856792043600116,62.1407522616007,1.0,0.0,0.0,0.9522640145333723,1,0,0.0,0.0,0.0,1.0,0.0,1.0,0.0,0.0,0.04773598546662772,0.0,7,1,2021,12,4,6,1,0,0,1,0,1,GRAVE_LESIONADOS,1
6,1,3,0,4,0,-16.298115125494384,-71.65768231586208,5,4,0,0,2,1,0,0,6588.577808929068,2.0,3,2,1.0,11,32,1393.1828887404108,0.6022979378402542,77.87968348845442,70.52986664360077,8.649470461378302,1087.407328439902,7873.923975335679,10322.272,1495.236,1749.739,7077.2970000000005,2886.595,7435.677000000001,27.964725207783708,5,1,0,0,4,41.33889419810578,37.13639180895818,45.541396587253374,1.0,0.0,0.0,0.4669447099052888,1,0,0.0,0.0,0.0,1.0,0.0,1.0,0.4669447099052888,0.0,0.0,0.0,9,2,2022,10,15,3,0,0,0,1,0,1,GRAVE_LESIONADOS,1
3,2,10,0,4,1,-14.866448349116641,-74.99563181279521,0,4,4,1,2,1,1,0,6639.975,2.0,2,0,1.0,9,31,1616.0,0.5563774842369664,77.00938809632027,69.10246351364754,8.476961866273152,914.8835608305218,27932.19700214133,3721.461,698.1859999999996,744.866,2278.409,1102.9029999999996,2618.558,29.636290693359403,6,2,0,0,3,45.63154437867616,28.89463313602848,62.36845562132384,1.0,0.3684556213238397,0.0,0.3684556213238397,2,0,0.0,0.6315443786761603,0.0,1.0,0.0,1.0,0.6315443786761603,0.3684556213238397,0.3684556213238397,0.0,4,0,2022,7,24,4,0,1,0,1,0,1,GRAVE_LESIONADOS,1
3,2,11,0,4,1,-10.454979203918743,-77.36090247191767,0,4,4,1,2,2,2,1,6587.624682342339,2.5429404444893278,2,0,1.0,4,30,1539.4453973270047,0.4929902967608733,75.66773684131405,51.91848426216607,7.840474499835757,801.0545105426993,4546.855225730063,9585.813464675697,1651.1554651192432,1145.585820977612,6789.072178578842,2521.6901566957436,7064.123307979954,26.191816799246663,5,2,0,0,3,38.58588088897866,24.11353599959605,53.05822577836126,1.0,0.0,0.0,0.5429404444893278,2,0,0.0,0.5429404444893278,0.0,1.0,0.0,0.5429404444893278,1.0,0.0,0.5429404444893278,0.0,10,1,2021,1,18,1,0,0,0,1,0,1,GRAVE_LESIONADOS,1
6,1,3,0,4,1,-16.303650864514523,-72.12180964812356,0,4,0,0,2,0,1,0,6627.500120912071,2.0,2,0,1.0,9,31,1561.918902107919,0.5530957484146221,77.98569434769217,55.99418050572394,7.583304213990286,1028.7228780259,932.0771287357127,10322.272,1495.236,1749.739,7077.2970000000005,2886.595,7435.677000000001,27.964725207783708,39,1,0,0,38,38.57681321336629,38.57681321336629,38.57681321336629,1.0,0.1293806169667009,0.0,0.0,1,0,0.0,0.1293806169667009,0.8706193830332991,0.0,0.0,0.0,1.0,0.0,0.1293806169667009,0.0,6,0,2023,2,4,4,0,0,0,1,0,1,GRAVE_LESIONADOS,1
4,1,3,0,4,0,-15.696287250487938,-71.59159443075593,2,4,0,0,2,0,1,0,6543.555,2.0,4,4,1.0,14,33,1198.0,0.5649362269939818,77.38255516262952,62.90799914166011,8.553205457677265,965.713524953966,7715.586723768736,10322.272,1495.236,1749.739,7077.2970000000005,2886.595,7435.677000000001,27.964725207783708,6,1,0,0,4,31.375821219007943,30.127463657023824,32.62417878099206,1.0,0.0,0.0,0.0,1,0,0.0,0.0,0.0,1.0,0.0,1.0,0.624178780992059,0.0,0.0,0.0,13,3,2021,11,17,3,0,0,0,1,0,1,GRAVE_LESIONADOS,1
3,1,11,0,4,1,-10.664574513571303,-75.24275812592725,0,0,6,1,2,2,2,1,1586.228124174782,1.0991461122776238,1,2,0.09914611227762393,9,32,245.7974406774485,0.5019069737123025,72.11971345078707,59.98265788812765,8.170030743947132,802.474867407004,42974.90430855963,11937.491818581864,1822.0964154678943,1059.084783115105,9056.310619998863,1650.5983927622603,10286.893425819602,14.116939338375337,5,1,0,0,4,41.95469638247307,29.79316889822099,54.11622386672514,1.0,0.09914611227762393,0.0,0.0,1,0,0.0,1.0,0.0,0.9008538877223761,0.09914611227762393,0.9008538877223761,0.9008538877223761,0.09914611227762393,0.09914611227762393,0.09914611227762393,9,1,2022,10,28,2,0,0,1,1,0,1,GRAVE_LESIONADOS,1
5,1,4,0,4,1,-13.11715938187815,-73.94377523375863,0,4,0,0,5,2,2,1,6936.945143909357,2.0,3,2,1.0,12,22,1198.0,0.2810536024925941,74.94309202285191,53.74285460337298,4.454951306625432,252.58126765899428,2862.0761244614923,8416.453541194021,1343.8876221326714,1565.957610885286,5506.608308176064,1601.1833294706234,6815.2702117233985,19.00340908611917,4,1,0,0,3,35.37704595581662,35.37704595581662,35.37704595581662,1.0,0.6229540441833817,0.0,0.0,1,0,0.0,0.0,0.0,1.0,0.0,0.6229540441833817,0.37704595581661826,0.6229540441833817,0.6229540441833817,0.6229540441833817,21,2,2021,10,25,4,0,1,2,1,0,1,GRAVE_LESIONADOS,1
4,1,13,0,4,1,-11.769745705227733,-73.89593575914556,2,3,3,1,2,1,1,1,1228.6388248030253,2.0,2,0,1.0,7,21,202.56881921276226,0.5898462390466993,73.39527030781632,76.83844374861104,9.869045480250135,990.492381652435,243803.61504494707,14667.108147188312,1892.5913496189105,1720.2594696728174,11054.257327896585,2726.9106980480087,11940.197449140303,19.045762980012068,4,1,0,0,3,34.40313868159254,31.08438385279517,37.721893510389904,1.0,0.0,0.0,0.0,1,0,0.0,0.0,0.0,1.0,0.0,1.0,0.5531258047995611,0.0,0.4468741952004389,0.0,13,1,2022,10,27,4,0,1,2,1,0,1,GRAVE_LESIONADOS,1
6,1,5,0,4,1,-6.6820613184123365,-78.4428134971604,4,4,7,0,1,2,2,1,6543.555,2.7779849715709366,2,0,1.0,3,30,1413.5018371251495,0.3484871558022944,76.33677469666252,53.28672218475212,4.131981838863427,447.1658531581213,76209.5845824411,15935.565011852366,1733.9250000199986,935.692,13265.948011832368,2000.1670000199988,13935.398011832369,12.551591352627522,4,1,0,0,3,52.77984971570937,52.77984971570937,52.77984971570937,1.0,0.22201502842906318,0.0,0.7779849715709368,1,0,0.0,1.0,0.0,0.0,0.0,0.0,1.0,0.0,0.0,0.0,9,1,2024,2,14,1,0,0,2,1,0,1,GRAVE_LESIONADOS,1