CLASE SINIESTRO,CANTIDAD DE VEHICULOS DAÑADOS,DEPARTAMENTO,ZONA,TIPO DE VÍA,RED VIAL,COORDENADAS LATITUD,COORDENADAS  LONGITUD,CONDICIÓN CLIMÁTICA,ZONIFICACIÓN,CARACTERÍSTICAS DE VÍA,PERFIL LONGITUDINAL VÍA,SUPERFICIE DE CALZADA,¿EXISTE SEÑAL VERTICAL?,¿EXISTE SEÑAL HORIZONTAL?,CAUSA FACTOR PRINCIPAL,MTC_RVN_LONGITUD_KM,MTC_RVN_N_CARRILES_MEDIANA,MTC_RVN_SUPERFICIE_DOMINANTE,MTC_RVN_ESTADO_DOMINANTE,MTC_RVN_ES_CONCESIONADA,MTC_RVN_CONCESION_PRINCIPAL,MTC_RVN_CORREDOR_LOGISTICO,MTC_RVN_N_TRAMOS,IDH_2019,IDH_ESP_VIDA_2019,IDH_EDUC_SECUND_PCT_2019,IDH_ANIOS_EDUC_2019,IDH_INGRESO_PERCAP_2019,IDH_POBLACION_2019,MTC_DEP_RED_TOTAL_KM,MTC_DEP_NACIONAL_TOTAL_KM,MTC_DEP_DEPARTAMENTAL_TOTAL_KM,MTC_DEP_VECINAL_TOTAL_KM,MTC_DEP_PAV_TOTAL_KM,MTC_DEP_NO_PAV_TOTAL_KM,MTC_DEP_PCT_PAVIMENTADA,PER_TOTAL_PERSONAS,PER_N_CONDUCTORES,PER_N_CONDUCTORES_FUGADOS,PER_N_PEATONES,PER_N_PASAJEROS_OCUPANTES,PER_EDAD_COND_PROM,PER_EDAD_COND_MIN,PER_EDAD_COND_MAX,PER_ANY_COND_MASCULINO,PER_ANY_LIC_PROBLEMA,PER_ANY_DOSAJE_POS,PER_ANY_DOSAJE_EVALUADO,VEH_TOTAL,VEH_N_FUGADOS,VEH_ANY_FUGADO,VEH_ANY_CARGA,VEH_ANY_PUBLICO,VEH_ANY_PARTICULAR,VEH_ANY_MOTO,VEH_ANY_AUTO,VEH_ANY_CAMION_BUS,VEH_ANY_SOAT_PROBLEMA,VEH_ANY_CITV_PROBLEMA,VEH_ANY_SEGURO_PROBLEMA,HORA_NUM,FRANJA_HORARIA,ANIO,MES,DIA_MES,DIA_SEMANA,ES_FIN_SEMANA,ES_QUINCENA,REGION_NATURAL,TIENE_SEÑALIZACION,ES_VIA_MULTICARRIL,ES_DEPTO_BAJO_PAVIMENTO,CATEGORIA_SEVERIDAD,CATEGORIA_SEVERIDAD_ENC
3,1,3,0,4,1,-16.20464969172995,-73.63844315586911,0,4,7,1,2,2,2,0,6639.975,2.0,2,0,1.0,9,31,1616.0,0.599902872079235,81.9338012278088,51.024650515618184,9.368863134157566,1113.5497300674124,4993.343124667756,10322.272,1495.236,1749.739,7077.2970000000005,2886.595,7435.677000000001,27.964725207783708,4,2,0,0,2,38.49211716449717,31.86611625299181,45.11811807600252,1.0,0.0,0.0,0.0,2,0,0.22047048099936983,0.0,0.0,1.0,0.0,0.22047048099936983,0.7795295190006302,0.0,0.0,0.0,4,0,2021,1,12,1,0,0,0,1,0,1,GRAVE_LESIONADOS,1
6,1,5,0,4,2,-6.8764325832365625,-78.2655404665262,1,4,0,0,1,2,2,1,6543.555,2.0,4,4,1.0,14,33,1198.0,0.23507591181451634,73.654878559801,49.651831444387454,3.1722394539036296,217.3750621342994,8305.627568144022,15935.565011852366,1733.9250000199986,935.692,13265.948011832368,2000.1670000199988,13935.398011832369,12.551591352627522,6,1,0,0,5,35.35433941570665,32.012603649423994,37.860641240418644,0.16456605842933492,0.16456605842933492,0.0,0.16456605842933492,1,0,0.0,1.0,0.0,0.0,0.16456605842933492,0.0,0.8354339415706651,0.16456605842933492,1.0,0.16456605842933492,19,1,2021,3,2,1,0,0,2,1,0,1,GRAVE_LESIONADOS,1
3,1,20,0,4,0,-14.602443430061092,-70.4847814658778,3,4,6,1,4,2,2,0,6543.555,2.0,4,4,1.0,14,33,1198.0,0.345457625299183,70.56503078376417,66.73229493424247,6.5300504494543326,324.56541545991337,8283.876037468677,13642.312999999998,2020.7790000000005,2354.117,9267.416999999998,3314.0520000000006,10328.260999999997,24.29244952817019,5,2,0,0,3,44.110814041865936,37.28231900252898,50.93930908120289,1.0,0.0,0.0,0.0,2,0,0.0,0.4063322309637678,0.4063322309637678,0.5936677690362322,0.0,0.5936677690362322,1.0,1.0,1.0,0.4063322309637678,20,2,2021,4,15,2,0,0,2,1,0,1,GRAVE_LESIONADOS,1
3,1,18,2,2,4,-5.083585417694722,-80.0755549644164,0,3,1,1,2,2,2,0,6543.555,2.0,4,4,1.0,14,33,1198.0,0.6188549503960884,79.66574329413119,71.45257706482857,10.059434468239358,1031.0212523994214,159078.85737667963,8388.054538915445,1661.0179212078992,613.7787008574296,6113.257916850116,2072.05927984577,6315.995259069675,24.723527491718336,6,2,0,0,3,33.54004040440627,32.07341461678162,35.936584671264754,1.0,1.0,0.0,0.9265853832183811,2,0,0.0,0.0,0.9265853832183811,1.0,1.0,0.9265853832183811,0.07341461678161887,0.9265853832183811,1.0,0.07341461678161887,14,3,2021,4,26,2,0,0,0,1,0,1,GRAVE_LESIONADOS,1
3,2,17,1,2,3,-14.16742767758441,-71.49429425465347,1,3,2,1,3,2,2,1,6319.147254278424,2.0,3,3,0.7104218150124118,12,32,956.781371905339,0.501690116020117,75.13112648900722,71.73898087368364,8.227591903095325,694.9300048611948,64307.87327584525,13243.34144322602,1964.509614984137,1992.556048944567,9286.275779297315,2814.380208552957,10428.961234673061,21.00857860278348,7,2,0,0,4,43.62927993027306,39.077170855211,50.31265445037235,1.0,0.0,0.7104218150124118,0.7104218150124118,2,0,0.0,0.0,1.0,1.0,0.7104218150124118,1.0,0.28957818498758825,0.0,1.0,0.7104218150124118,13,1,2022,2,12,3,0,0,2,1,0,1,GRAVE_LESIONADOS,1
3,2,9,0,4,1,-9.35274221306772,-76.24378849078255,0,4,7,1,2,2,2,2,8671.00017117309,2.0,2,0,1.0,9,25,2843.913391273583,0.4939237405835359,74.28585074360241,57.323190656255306,7.5071900824429765,799.4634860083166,30850.994650077126,8209.057,1333.4779999999996,791.9770000000001,6083.602,1059.8589999999997,7149.198,12.910849565303296,8,2,0,0,6,55.27013850579828,52.36475662976287,58.175520381833685,1.0,0.0,0.0,0.5810763752070813,2,0,0.0,0.41892362479291867,0.0,0.5810763752070813,0.5810763752070813,1.0,0.41892362479291867,0.41892362479291867,1.0,0.41892362479291867,19,2,2021,6,8,3,0,0,2,1,0,1,GRAVE_LESIONADOS,1
3,1,15,0,4,2,-8.217950273630978,-77.80173094420746,3,2,6,1,4,2,2,0,3887.1423683843905,1.5172721697543106,2,3,0.5172721697543106,11,32,687.7566834303062,0.48652852064329416,74.10758917491933,61.104651585004824,7.494467794454792,742.2872032775998,43147.27341821111,10558.219810934663,1803.6771264090187,863.1747457668059,7891.367938758838,1912.3323428599717,8645.887468074692,19.028699746130624,5,1,0,0,4,39.65500306635129,33.13817735803448,46.1718287746681,1.0,0.5172721697543106,0.0,0.0,1,0,0.0,1.0,0.0,0.48272783024568944,0.5172721697543106,0.48272783024568944,0.48272783024568944,0.5172721697543106,0.5172721697543106,0.5172721697543106,14,1,2022,8,19,4,0,0,0,1,0,1,GRAVE_LESIONADOS,1
6,1,7,0,4,1,-13.623768447109274,-71.68047484166098,2,4,0,0,1,1,1,2,6631.418476785603,2.0,3,3,1.0,13,30,1198.0,0.2484041908747999,63.44049367994859,53.54609299370429,3.615401513357776,262.7710723323346,2853.727747515874,17779.13499998999,2097.3709999899997,2863.123,12818.640999999989,2878.713,14900.421999989989,16.19152450331032,6,1,0,0,5,30.757917100593886,30.757917100593886,30.757917100593886,1.0,0.08421301117709834,0.0,1.0,1,0,0.0,0.0,0.08421301117709834,0.9157869888229017,0.0,0.9157869888229017,0.08421301117709834,0.0,0.0,0.0,17,1,2021,2,3,0,0,0,2,1,0,1,GRAVE_LESIONADOS,1
5,1,4,0,4,1,-14.852517857415936,-74.66641590645457,0,4,0,0,2,2,2,2,2227.359697673125,2.0,2,0,1.0,4,26,116.94343705660975,0.37748894504963315,68.27219254444233,51.328957265763876,5.636260192710928,529.1268854505074,3734.8043083685534,12693.59535776991,1808.4010562721915,1782.9812603024548,9102.213041195262,2498.1565999187324,10195.438757851176,19.67504299647908,38,1,0,0,37,52.575837150343105,52.49100458041173,52.660669720274484,1.0,0.0,0.0,0.9845758963761131,1,0,0.0,0.0,0.9845758963761131,0.015424103623886909,0.0,0.015424103623886909,0.9845758963761131,0.015424103623886909,0.015424103623886909,0.015424103623886909,5,0,2023,8,13,3,0,0,2,1,0,1,GRAVE_LESIONADOS,1
4,1,5,0,4,1,-14.787147167322576,-73.04585062855205,0,4,7,1,2,0,1,2,393.1238600383216,2.0,2,0,0.6664073046949189,7,19,66.04357281125363,0.626215498654904,75.46819185273556,73.15127656370359,10.039542482223224,1141.0191551215112,22619.751801538332,10970.200085088287,1605.7312412805113,1534.8385856844666,7829.630258123308,2453.5719995249815,8516.628085563305,22.956677139029324,4,1,0,0,3,26.50272330070335,23.0,30.005446601406703,1.0,0.6664073046949189,0.0,0.6664073046949189,1,0,0.0,0.0,0.33359269530508107,0.6664073046949189,0.33359269530508107,1.0,0.0,0.0,0.0,0.0,13,2,2021,4,10,3,0,0,0,1,0,1,GRAVE_LESIONADOS,1
5,1,12,0,4,1,-7.7644759114844515,-79.2904953494146,0,4,7,1,2,2,2,0,6543.555,2.7145959315365777,2,1,1.0,3,30,1395.9430730356319,0.5985606713845119,77.23844085537135,73.33232817422021,8.917911085651502,1038.2940950018965,8708.941745127313,8931.828000000005,1335.5899999999997,1935.9830000000004,5660.255000000005,1219.309,7712.519000000005,13.651281686122925,6,1,0,0,4,29.716767452292622,29.716767452292622,29.716767452292622,1.0,0.2854040684634225,0.0,0.0,1,0,0.0,0.0,0.0,1.0,0.0,1.0,0.0,0.0,1.0,0.0,16,2,2023,2,12,6,1,0,0,1,0,1,GRAVE_LESIONADOS,1
6,1,4,0,4,1,-14.12711775826063,-74.46132303703678,0,4,0,0,1,2,2,2,1661.5407119351994,0.242574817354267,1,1,0.41419160578475567,6,29,174.75245620995491,0.30475382488538905,75.52226886835459,51.86089311337745,4.647723045324087,329.8238484964336,2773.8223617612157,12678.733000000004,1805.074000000001,1774.0339999999994,9099.625000000004,2485.375000000001,10193.358000000002,19.602707936195205,19,1,0,0,18,40.69802372147987,40.69802372147987,40.69802372147987,1.0,0.0,0.5858083942152443,1.0,1,0,0.0,0.0,0.41419160578475567,0.5858083942152443,0.0,0.0,1.0,0.0,0.5858083942152443,0.0,14,1,2024,6,18,2,0,0,2,1,0,1,GRAVE_LESIONADOS,1
3,1,3,0,4,1,-16.316420280640344,-71.66474685372363,0,4,7,1,2,1,1,0,1504.4250000000002,2.0,2,0,1.0,7,25,241.0,0.6016055044992185,78.20494298811604,76.41152928345578,8.930894280469055,1013.8081769024564,33520.507589842266,10322.272,1495.236,1749.739,7077.2970000000005,2886.595,7435.677000000001,27.964725207783708,8,2,0,0,6,40.613223363126075,24.671552901793017,56.48190558041314,1.0,0.0,0.0,0.10948236606899397,2,0,0.0,1.0,0.10948236606899397,0.0,0.0,0.0,1.0,0.0,0.0,0.0,15,2,2021,9,12,2,0,0,0,1,0,1,GRAVE_LESIONADOS,1
6,1,8,0,4,1,-13.391146794132277,-74.94244154081245,3,4,0,0,2,1,1,0,1652.6656615536235,1.9658366688075835,1,3,0.9658366688075836,9,24,307.1424338257442,0.29867382130716114,72.64175848529821,46.818784034563194,4.961627514910803,291.5635175583549,3429.4553307150964,8511.426,1445.3929999999996,2008.516,5057.516999999999,1879.579,6631.846999999998,22.08300935706896,6,1,0,0,5,49.829183344037915,49.829183344037915,49.829183344037915,1.0,0.0,0.0,0.0,1,0,0.0,0.034163331192416435,0.0,0.9658366688075836,0.034163331192416435,0.9658366688075836,0.0,0.0,0.034163331192416435,0.0,6,1,2022,3,6,5,0,0,2,1,0,1,GRAVE_LESIONADOS,1
3,2,3,0,4,1,-15.897990248442191,-71.16690250097466,0,4,0,0,2,0,1,0,1504.4250000000002,2.0,2,0,1.0,7,25,241.0,0.4530918727978913,81.66903796172475,60.927428179567315,5.820665694890936,620.1014499925622,1427.3485811129417,10322.272,1495.236,1749.739,7077.2970000000005,2886.595,7435.677000000001,27.964725207783708,4,2,0,0,2,34.43696246970841,22.922634866717026,45.951290072699805,1.0,0.0,0.0,0.0,2,0,0.0,0.17478498788336594,0.0,1.0,0.0,1.0,1.0,0.0,0.0,0.0,5,0,2022,3,13,1,0,0,0,1,0,1,GRAVE_LESIONADOS,1
3,2,13,0,4,1,-9.25717949289303,-77.58385899694059,0,4,4,1,2,1,1,1,6577.491916733116,2.0,3,2,1.0,12,32,1345.1233270529206,0.48370981966293064,77.92670634723953,56.76231605997174,6.386578340155287,798.3286645266422,37476.25332234243,9443.266827840522,1681.3347546567056,1028.6477997962868,6733.2842733875295,2451.0603035771524,6992.20652426337,25.84865812984178,5,2,0,0,3,39.171855989237734,21.279545229171788,56.184242544441716,1.0,0.6480303180552142,0.0,0.6480303180552142,2,0,0.0,0.35196968194478584,0.6480303180552142,0.35196968194478584,0.6480303180552142,0.35196968194478584,0.35196968194478584,0.6480303180552142,0.6480303180552142,0.6480303180552142,21,2,2022,3,22,5,0,1,0,1,0,1,GRAVE_LESIONADOS,1
0,1,3,0,6,3,-15.910566232147337,-72.78580358592856,0,4,1,0,5,1,1,0,6543.555,2.0,4,4,1.0,14,33,1198.0,0.5298153648138417,81.50333408432788,63.679603074710045,8.658224610799216,745.9203855617724,7905.446215140124,10322.272,1495.236,1749.739,7077.2970000000005,2886.595,7435.677000000001,27.964725207783708,5,1,0,0,3,27.22727231269465,26.73636338761679,27.718181237772512,1.0,0.0,0.0,0.0,1,0,0.0,0.7545455374610696,0.0,0.24545446253893044,0.0,0.24545446253893044,1.0,0.0,0.7545455374610696,0.0,10,1,2021,3,19,1,0,1,0,1,0,1,GRAVE_LESIONADOS,1
4,1,9,0,4,1,-12.36741720357199,-75.02676527608928,0,4,5,0,2,0,0,2,7292.221233463585,2.0,2,1,1.0,10,12,1198.0,0.4463924799131122,71.29033736081665,67.32966157549012,7.680599534468838,642.4981460521141,14581.622783985196,12381.52768604357,1820.422637974852,1294.3478035063667,9266.75724456235,1841.8379671468697,10539.6897188967,14.83060474616737,6,1,0,0,5,46.99244696164645,46.63366627032218,47.351227652970714,0.7175613826485358,0.28243861735146425,0.0,0.7175613826485358,1,0,0.0,0.0,0.7175613826485358,0.28243861735146425,0.0,0.28243861735146425,0.7175613826485358,0.0,0.0,0.0,17,1,2022,9,6,3,0,0,2,1,0,1,GRAVE_LESIONADOS,1
3,1,15,1,5,3,-13.024935251123186,-75.33660022668592,0,3,5,1,2,1,1,0,6776.407980132588,2.0,3,3,1.0,12,26,1198.0,0.6468863532213713,75.76775241821069,73.39912057339559,9.8196758775345,1268.3182028973513,141818.4947793365,8968.955654682468,1758.6981144059428,1767.5904558071015,5442.667084469425,2149.4592731248176,6819.496381557652,23.90799438591616,5,1,0,0,3,29.660928203441685,28.884106836201404,30.437749570681966,1.0,0.7768213672402811,0.0,0.0,1,0,0.0,0.0,0.7768213672402811,0.0,0.7768213672402811,0.0,1.0,0.7768213672402811,1.0,0.7768213672402811,5,0,2021,9,8,0,0,0,0,1,0,1,GRAVE_LESIONADOS,1
6,1,6,0,4,1,-11.07930717008114,-75.22722744081837,0,4,0,0,1,1,1,2,6884.291872679715,2.0,3,2,1.0,12,23,1198.0,0.2845726518752016,77.89500395097609,46.785523546320086,3.6007748097457815,405.6784114259996,25517.39910404283,8258.015954759972,1316.8135885071633,957.2658068033456,5983.936559449462,1181.6159629883239,7076.399991771647,14.291832296198276,5,1,0,0,4,36.202591867342974,36.202591867342974,36.202591867342974,1.0,0.32658027108856735,0.0,0.0,1,0,0.0,0.6734197289114326,0.0,0.0,0.32658027108856735,0.0,0.6734197289114326,0.0,1.0,0.0,11,2,2021,6,8,0,0,0,2,1,0,1,GRAVE_LESIONADOS,1
6,1,14,0,4,1,-11.013387406565174,-77.60251487387072,0,4,2,0,2,1,0,0,6543.555,3.0,2,0,1.0,0,30,1475.0,0.6188284439488144,80.99548936699289,69.1604098852679,8.270254263054127,1159.5573074850304,20698.694478499605,7626.313,1683.4029999999998,1599.0829999999996,4343.827000000001,1814.875,5811.438000000001,23.797541485643197,27,1,0,0,26,45.13348758586943,45.13348758586943,45.13348758586943,1.0,0.0,0.0,0.38550053974480747,1,0,0.0,0.0,0.6144994602551925,0.38550053974480747,0.0,0.38550053974480747,0.6144994602551925,0.0,0.0,0.0,13,3,2023,1,24,5,0,1,0,1,1,1,GRAVE_LESIONADOS,1
5,1,5,0,4,1,-13.623112502731548,-73.70515957092121,0,4,0,0,6,1,0,5,7586.903,2.0,2,0,1.0,9,5,1198.0,0.3208301490604225,68.10552554153934,49.40309370328325,5.332262576167771,367.63683356497893,7002.628627506521,12782.347630449724,1828.2689540890822,1836.4108505730346,9117.667825787606,2574.48338863113,10207.864241818594,20.10700009871121,4,1,0,0,3,25.204383573983762,23.430123624191953,26.978643523775567,1.0,0.0,0.10753090604798832,0.10753090604798832,1,0,0.0,0.0,0.0,1.0,0.10753090604798832,1.0,0.0,0.0,0.10753090604798832,0.10753090604798832,16,3,2022,5,4,5,0,0,2,1,0,1,GRAVE_LESIONADOS,1
6,1,10,1,4,1,-13.930466730187524,-75.93005368275735,0,3,7,1,2,2,2,1,6639.975,2.0,2,0,1.0,9,31,1616.0,0.6053164595604621,78.88848309050202,67.63954639531094,9.133324993872453,1064.9426147896202,27932.19700214133,3721.461,698.1859999999996,744.866,2278.409,1102.9029999999996,2618.558,29.636290693359403,8,1,0,0,7,35.68549315604097,35.68549315604097,35.68549315604097,1.0,0.0,0.921373289010242,1.0,1,0,0.0,0.0,0.0,0.07862671098975804,0.0,0.0,1.0,0.0,0.0,0.0,3,0,2021,4,6,5,1,0,0,1,0,1,GRAVE_LESIONADOS,1
5,1,12,0,4,1,-7.586634886037636,-78.7786446314022,0,4,7,1,1,2,2,0,6543.555,2.330914765780195,3,2,1.0,9,32,1289.6633901211142,0.29524819178008915,76.8179632603042,39.502826109861,4.307065193856455,384.1804749588624,24389.761465668464,8931.828000000005,1335.5899999999997,1935.9830000000004,5660.255000000005,1219.309,7712.519000000005,13.651281686122925,5,1,0,0,4,37.316403360461365,32.683596639538635,41.949210081384095,1.0,1.0,0.0,0.0,1,0,0.0,0.0,0.3309147657801952,1.0,0.3309147657801952,0.0,1.0,0.0,0.0,0.3309147657801952,15,1,2023,6,22,2,0,1,0,1,0,1,GRAVE_LESIONADOS,1
6,1,3,0,4,1,-9.511299594464294,-77.52450427825762,4,4,4,1,6,2,2,0,9936.932,2.0,2,0,1.0,9,32,3830.0,0.40021150908475966,73.08850882080812,62.83916136088464,7.10107463387335,491.7279297907131,3492.7845256013948,10311.8368791441,1748.6357337048003,1399.8150242964566,7163.386121142846,1881.5932886709172,8430.243590473186,18.052385708890462,6,1,0,0,5,28.44177430744876,28.44177430744876,28.44177430744876,1.0,0.0,0.0,0.0,1,0,0.0,0.0,0.0,1.0,0.0,0.0,1.0,0.0,0.24828747963084596,0.0,15,2,2022,1,21,3,0,1,0,1,0,1,GRAVE_LESIONADOS,1
6,1,5,0,4,2,-6.914885529935015,-78.25334122088958,1,4,0,0,1,2,2,1,6543.555,2.0,4,4,1.0,14,33,1198.0,0.2424725925037723,73.8846523103619,51.68878717667903,3.1477851283369476,229.90718342978283,8143.828055104681,15935.565011852366,1733.9250000199986,935.692,13265.948011832368,2000.1670000199988,13935.398011832369,12.551591352627522,6,1,0,0,5,36.88013962065422,32.928083772392526,39.84418150685048,0.01198603793457842,0.01198603793457842,0.0,0.01198603793457842,1,0,0.0,1.0,0.0,0.0,0.01198603793457842,0.0,0.9880139620654216,0.01198603793457842,1.0,0.01198603793457842,20,1,2021,3,2,1,0,0,2,1,0,1,GRAVE_LESIONADOS,1
1,1,5,0,4,1,-5.788951720382329,-78.78349136825545,0,2,7,0,2,1,1,0,7758.33400008,2.0,2,0,1.0,9,20,2133.0,0.5803239946829384,74.49544278598792,68.33065356443184,8.733179344969395,1046.078117086984,102362.46895074946,15935.565011852366,1733.9250000199986,935.692,13265.948011832368,2000.1670000199988,13935.398011832369,12.551591352627522,5,1,0,1,2,29.800797093164704,25.221220440666254,34.38037374566315,1.0,0.6106102203331265,0.3893897796668735,0.3893897796668735,1,0,0.0,0.6106102203331265,0.0,1.0,0.3893897796668735,0.6106102203331265,0.6106102203331265,0.0,1.0,0.0,18,2,2022,5,19,5,1,0,2,1,0,1,GRAVE_LESIONADOS,1
3,1,19,1,2,3,-5.179416706687796,-80.58250551261855,0,4,2,0,2,2,2,0,5142.880048383424,2.0,3,2,1.0,10,29,921.2541437138127,0.6220812987247925,80.20155828147696,72.71675503872983,10.02377668600292,1028.915688621886,159840.92719486082,8965.846000060003,1782.4120000599992,636.9959999999999,6546.438000000004,2214.505000059999,6751.341000000004,24.699342371541725,5,1,0,0,3,31.296757146581793,30.930450796961594,31.663063496201993,1.0,0.7326126992403987,0.0,1.0,1,0,0.0,0.0,0.7326126992403987,1.0,0.7326126992403987,0.7326126992403987,0.26738730075960127,0.7326126992403987,1.0,0.0,12,2,2021,6,22,3,0,0,0,1,0,1,GRAVE_LESIONADOS,1
3,2,7,0,4,1,-14.316286713704486,-71.19407512185865,0,4,7,1,2,1,0,2,7586.903,2.0,2,0,1.0,9,5,1198.0,0.258360192196309,66.70537356651715,58.52626438831561,5.308592886672752,200.19959431496213,5225.9575748828465,17779.13499998999,2097.3709999899997,2863.123,12818.640999999989,2878.713,14900.421999989989,16.19152450331032,6,2,0,0,4,34.67983610701146,23.098572869546942,46.26109934447598,1.0,0.0,0.0,1.0,2,0,0.0,1.0,0.3152748361189954,0.6847251638810046,0.0,0.6847251638810046,1.0,0.0,0.0,0.0,16,1,2022,1,4,1,0,0,2,1,0,1,GRAVE_LESIONADOS,1
6,1,12,0,4,1,-7.8872204588506,-78.12137763288248,0,4,7,1,1,2,2,2,9936.932,2.0,2,0,1.0,9,32,3830.0,0.3986882084754764,72.97869269132666,58.65435142755623,5.605762371496486,527.7120199980477,69564.29978586723,8931.828000000005,1335.5899999999997,1935.9830000000004,5660.255000000005,1219.309,7712.519000000005,13.651281686122925,5,1,0,1,2,36.75705608720591,36.75705608720591,36.75705608720591,1.0,0.0,0.0,0.0,1,0,0.0,0.7879187625226223,0.0,0.21208123747737773,0.0,0.0,1.0,0.0,0.7879187625226223,0.0,17,3,2021,6,28,1,0,1,0,1,0,1,GRAVE_LESIONADOS,1
5,1,8,0,4,1,-12.812458040141351,-74.83586530815741,0,4,1,1,2,1,1,0,904.1704775215162,0.5220046395768974,1,0,0.0,9,32,140.9749420052888,0.20893928944488946,63.412212064151824,52.40221450973093,4.530793907036887,151.6843980015137,27500.646646959227,8511.426,1445.3929999999996,2008.516,5057.516999999999,1879.579,6631.846999999998,22.08300935706896,5,1,0,0,4,51.283006959365345,48.89303015724983,53.67298376148086,1.0,0.23899768021155132,0.0,0.0,1,0,0.0,0.0,0.0,1.0,0.0,1.0,0.0,0.0,0.0,0.0,13,2,2022,6,10,0,0,0,2,1,0,1,GRAVE_LESIONADOS,1
3,0,9,0,4,1,-12.404723687514208,-74.90783083464997,5,1,5,0,2,2,2,0,662.2037015124447,1.718715436446966,0,2,0.0,9,32,92.97894624814506,0.42492492887098054,69.87658380031057,61.84085067775007,7.593191594254692,601.7271008373202,1634.1636665521323,12381.049690808904,1820.4473231856005,1293.5763243123852,9267.026043310918,1840.8029666923396,10540.246724116565,14.822929773759261,9,1,0,0,7,45.29623557426887,44.21816241959842,46.37430872893932,1.0,0.0,0.0,0.2812845635530341,1,0,0.0,0.0,0.0,0.7187154364469659,0.2812845635530341,0.7187154364469659,0.7187154364469659,0.2812845635530341,0.2812845635530341,0.2812845635530341,12,1,2021,5,19,4,0,0,2,1,0,1,GRAVE_LESIONADOS,1
7,1,8,0,4,2,-11.884547324401131,-74.80520284967989,3,4,6,1,6,2,2,0,6543.555,2.0,4,4,1.0,14,33,1198.0,0.3932905367138634,77.69449054280165,45.30307668893814,5.251416900235204,558.1137078917125,11546.18902008434,12434.828985127697,1817.669987518032,1380.3755298800033,9236.783467729661,1957.2509771068635,10477.578008020833,15.686441729719016,7,1,0,0,6,48.75578189563131,48.75578189563131,48.75578189563131,1.0,0.4111272782593792,0.0,0.4111272782593792,1,0,0.0,0.5888727217406208,0.0,0.0,0.0,0.0,1.0,0.4111272782593792,0.4111272782593792,0.0,8,1,2022,6,6,4,0,0,2,1,0,1,GRAVE_LESIONADOS,1
6,1,5,0,4,1,-6.988730745015278,-78.58249294280985,0,3,1,0,2,1,1,0,7816.371700985579,2.0,2,0,1.0,8,28,2968.8553837343143,0.6070175276741574,73.19224654097276,74.29530430690215,9.490386956642766,1117.141592366869,257380.9443254818,15935.565011852366,1733.9250000199986,935.692,13265.948011832368,2000.1670000199988,13935.398011832369,12.551591352627522,6,1,0,0,5,20.40595039390316,20.40595039390316,20.40595039390316,1.0,0.7656749343494732,0.0,0.0,1,0,0.0,0.7656749343494732,0.0,0.2343250656505268,0.0,0.2343250656505268,0.7656749343494732,0.0,0.2343250656505268,0.0,18,1,2022,5,23,3,0,1,2,1,0,1,GRAVE_LESIONADOS,1
5,1,10,0,4,1,-13.83049826697725,-75.56746178084985,0,4,5,1,2,2,2,4,575.871750649792,0.9606970345063044,1,2,0.019651482746847804,9,31,243.42120451998446,0.6260799241924957,78.77162088708526,77.44809184995046,9.141182254436817,1101.972773072437,6618.52648360726,3721.461,698.1859999999996,744.866,2278.409,1102.9029999999996,2618.558,29.636290693359403,9,1,0,0,8,67.56766737956934,67.5087129313288,67.62662182780988,1.0,0.0,0.0,0.9803485172531522,1,0,0.0,0.0,0.0,1.0,0.0,0.019651482746847804,0.9803485172531522,0.0,0.0,0.0,19,2,2021,3,19,0,0,1,0,1,0,1,GRAVE_LESIONADOS,1
3,1,12,0,4,1,-7.809838805944668,-77.99791670466062,0,4,7,1,1,2,2,2,9936.932,2.0,2,0,1.0,9,32,3830.0,0.3986882084754764,72.97869269132666,58.65435142755623,5.605762371496486,527.7120199980477,69564.29978586723,8931.828000000005,1335.5899999999997,1935.9830000000004,5660.255000000005,1219.309,7712.519000000005,13.651281686122925,7,1,0,0,5,36.44728331831365,32.92971109108487,39.964855545542434,1.0,0.0,0.0,0.0,1,0,0.0,0.8793930568071955,0.0,0.12060694319280452,0.0,0.0,1.0,0.0,0.8793930568071955,0.0,6,0,2022,9,8,1,0,0,0,1,0,1,GRAVE_LESIONADOS,1