CLASE SINIESTRO,CANTIDAD DE VEHICULOS DAÑADOS,DEPARTAMENTO,ZONA,TIPO DE VÍA,RED VIAL,COORDENADAS LATITUD,COORDENADAS  LONGITUD,CONDICIÓN CLIMÁTICA,ZONIFICACIÓN,CARACTERÍSTICAS DE VÍA,PERFIL LONGITUDINAL VÍA,SUPERFICIE DE CALZADA,¿EXISTE SEÑAL VERTICAL?,¿EXISTE SEÑAL HORIZONTAL?,CAUSA FACTOR PRINCIPAL,MTC_RVN_LONGITUD_KM,MTC_RVN_N_CARRILES_MEDIANA,MTC_RVN_SUPERFICIE_DOMINANTE,MTC_RVN_ESTADO_DOMINANTE,MTC_RVN_ES_CONCESIONADA,MTC_RVN_CONCESION_PRINCIPAL,MTC_RVN_CORREDOR_LOGISTICO,MTC_RVN_N_TRAMOS,IDH_2019,IDH_ESP_VIDA_2019,IDH_EDUC_SECUND_PCT_2019,IDH_ANIOS_EDUC_2019,IDH_INGRESO_PERCAP_2019,IDH_POBLACION_2019,MTC_DEP_RED_TOTAL_KM,MTC_DEP_NACIONAL_TOTAL_KM,MTC_DEP_DEPARTAMENTAL_TOTAL_KM,MTC_DEP_VECINAL_TOTAL_KM,MTC_DEP_PAV_TOTAL_KM,MTC_DEP_NO_PAV_TOTAL_KM,MTC_DEP_PCT_PAVIMENTADA,PER_TOTAL_PERSONAS,PER_N_CONDUCTORES,PER_N_CONDUCTORES_FUGADOS,PER_N_PEATONES,PER_N_PASAJEROS_OCUPANTES,PER_EDAD_COND_PROM,PER_EDAD_COND_MIN,PER_EDAD_COND_MAX,PER_ANY_COND_MASCULINO,PER_ANY_LIC_PROBLEMA,PER_ANY_DOSAJE_POS,PER_ANY_DOSAJE_EVALUADO,VEH_TOTAL,VEH_N_FUGADOS,VEH_ANY_FUGADO,VEH_ANY_CARGA,VEH_ANY_PUBLICO,VEH_ANY_PARTICULAR,VEH_ANY_MOTO,VEH_ANY_AUTO,VEH_ANY_CAMION_BUS,VEH_ANY_SOAT_PROBLEMA,VEH_ANY_CITV_PROBLEMA,VEH_ANY_SEGURO_PROBLEMA,HORA_NUM,FRANJA_HORARIA,ANIO,MES,DIA_MES,DIA_SEMANA,ES_FIN_SEMANA,ES_QUINCENA,REGION_NATURAL,TIENE_SEÑALIZACION,ES_VIA_MULTICARRIL,ES_DEPTO_BAJO_PAVIMENTO,CATEGORIA_SEVERIDAD,CATEGORIA_SEVERIDAD_ENC
6,1,8,0,4,1,-12.73136184582805,-74.94055157101855,0,4,0,1,2,2,2,0,932.1291055548929,1.034390168619116,1,0,0.034390168619115924,8,31,133.79634409833093,0.1974471054526862,63.17235547504039,50.87630758080946,4.604025737046443,133.8392351316524,26987.915469110016,8525.883695667813,1441.6168563151148,2006.0215778995498,5078.245261453148,1856.8722033658564,6669.0114923019555,21.79304082071466,5,1,0,0,4,51.62170814518973,51.62170814518973,51.62170814518973,1.0,0.0,0.0,0.0,1,0,0.0,0.0,0.0,1.0,0.0,0.9656098313808841,0.034390168619115924,0.034390168619115924,0.034390168619115924,0.034390168619115924,15,2,2022,6,5,0,0,0,1,1,0,1,GRAVE_LESIONADOS,1
6,1,7,0,4,1,-13.094786515268897,-72.36960939194246,1,4,0,0,2,1,1,2,3447.8009999999995,1.0,2,3,0.0,9,12,1109.0,0.4706944943299555,76.79406176595778,61.64424635983724,7.141255198110581,653.4175319142125,3282.6252676659524,17779.13499998999,2097.3709999899997,2863.123,12818.640999999989,2878.713,14900.421999989989,16.19152450331032,5,1,0,0,4,35.0,35.0,35.0,1.0,0.34157038703156795,0.0,0.658429612968432,1,0,0.0,0.0,0.0,0.0,0.0,1.0,0.0,0.0,0.0,0.0,14,3,2023,3,29,3,0,1,2,1,0,1,GRAVE_LESIONADOS,1
3,2,8,0,4,1,-12.68271692972339,-74.85948931983742,0,4,3,0,2,1,0,0,834.5030918828634,-0.3229862411490543,1,0,0.0,9,32,151.53732801436317,0.2996993287796116,67.87804222983956,54.91783110503087,4.827915535585674,314.34232136566806,27621.80413869738,8511.426,1445.3929999999996,2008.516,5057.516999999999,1879.579,6631.846999999998,22.08300935706896,7,2,0,0,5,42.56836929091602,35.953438085170745,49.18330049666129,1.0,0.6614931205745271,0.0,0.33850687942547286,2,0,0.0,0.33850687942547286,0.0,0.6614931205745271,0.33850687942547286,0.6614931205745271,0.33850687942547286,0.0,0.0,0.0,6,1,2022,7,21,2,0,0,2,1,0,1,GRAVE_LESIONADOS,1
5,1,12,0,4,1,-7.994287785533847,-78.30603187088033,0,4,7,1,2,2,2,5,9936.932,2.0,2,0,1.0,9,32,3830.0,0.4320883936567258,76.718936301794,43.003289188979466,6.269065613037991,662.0777072841523,13167.552462526766,8931.828000000005,1335.5899999999997,1935.9830000000004,5660.255000000005,1219.309,7712.519000000005,13.651281686122925,20,1,0,0,19,48.90426052754599,48.879439182835696,48.92908187225629,1.0,0.0,0.0,0.0,1,0,0.0,0.007091812774370987,0.992908187225629,0.0,0.0,0.0,1.0,0.0,0.0,0.0,9,1,2023,6,28,3,0,1,0,1,0,1,GRAVE_LESIONADOS,1
3,2,12,0,4,1,-7.148520454795376,-79.48457073653397,0,4,7,1,2,2,2,0,6543.555,2.680250688330374,2,1,1.0,4,30,1386.4294406675135,0.5114727232493018,78.60606800160349,61.153108160372966,6.422343227671115,862.4189512831092,24701.19700214133,8931.828000000005,1335.5899999999997,1935.9830000000004,5660.255000000005,1219.309,7712.519000000005,13.651281686122925,7,2,0,0,5,39.76175481831262,27.04075206499112,52.48275757163412,1.0,0.680250688330374,0.0,0.0,2,0,0.0,0.0,1.0,0.680250688330374,1.0,0.0,0.680250688330374,0.0,0.0,0.680250688330374,9,0,2023,2,14,2,0,0,0,1,0,1,GRAVE_LESIONADOS,1
3,1,12,0,4,1,-8.36324428154728,-78.61978506546365,0,4,7,1,1,2,2,0,7135.903242884206,2.825439895748629,2,0,1.0,1,30,1886.0890455119793,0.48655740083324056,76.4077030622824,52.76593012907408,6.521642774607272,835.7565838266904,67953.13832391467,8931.828000000005,1335.5899999999997,1935.9830000000004,5660.255000000005,1219.309,7712.519000000005,13.651281686122925,5,1,0,0,3,49.8890396351202,37.09472125101645,62.683358019223945,1.0,0.8254398957486287,0.0,0.0,1,0,0.0,0.8254398957486287,0.8254398957486287,0.17456010425137125,0.8254398957486287,0.0,1.0,0.0,0.8254398957486287,0.8254398957486287,2,0,2024,5,16,1,0,0,0,1,0,1,GRAVE_LESIONADOS,1
3,1,14,2,3,1,-12.006442687289221,-76.85332721617151,0,0,6,1,2,2,2,5,1706.6289864859564,2.0,2,0,1.0,4,16,308.7658489751233,0.6868549636939637,79.62363164345142,76.30894566128948,9.209137883551294,1425.4498631666322,684921.8484148846,7626.313,1683.4029999999998,1599.0829999999996,4343.827000000001,1814.875,5811.438000000001,23.797541485643197,9,2,0,0,7,26.052516205040043,22.612691303960034,29.492341106120055,1.0,1.0,0.0,0.0,2,0,0.0,1.0,1.0,0.0,0.0,0.0,1.0,0.14660830036000316,0.14660830036000316,0.14660830036000316,19,2,2022,3,20,2,0,0,0,1,0,1,GRAVE_LESIONADOS,1
6,1,9,0,4,1,-11.421392632015081,-75.40172486916693,0,4,7,1,2,1,1,0,864.6852952030275,1.1596663493671509,0,2,0.15966634936715074,7,32,91.06732127595173,0.29799158814188814,68.56177000769064,58.05369141844786,4.331502930610792,330.3240100632552,6536.19477418932,8583.981582489001,1499.2035934069472,1789.5304085159655,5295.247580566087,1933.0554117377221,6650.926170751277,22.50074969821858,5,1,0,0,4,44.3613346025314,44.3613346025314,44.3613346025314,0.8403336506328493,0.15966634936715074,0.0,0.15966634936715074,1,0,0.0,1.0,0.0,0.0,1.0,0.0,0.0,0.15966634936715074,1.0,0.0,13,3,2024,2,12,1,0,0,1,1,0,1,GRAVE_LESIONADOS,1
5,2,12,0,4,0,-8.34968118672363,-78.84228550194715,1,4,7,1,2,1,1,0,6563.7951730377545,2.0,3,3,1.0,12,32,1285.745201511939,0.623290245552162,81.07296444971193,74.91952767777916,9.060098084756373,1067.1009527977546,29420.084691138123,3514.6409076549767,553.5027949322302,701.3023897630749,2259.8357229596713,787.2268176404118,2727.4140900145644,22.283542179693228,11,2,0,0,9,41.08016649994288,37.16033299988575,45.0,1.0,0.20991675002856225,0.0,0.20991675002856225,2,0,0.0,1.0,0.0,1.0,0.0,0.0,1.0,0.20991675002856225,0.0,0.0,10,1,2022,2,25,3,0,1,0,1,0,1,GRAVE_LESIONADOS,1
4,1,14,0,4,1,-11.276196174827113,-77.47545150570991,0,4,4,0,2,2,2,2,6543.555,2.6162907483541447,2,1,1.0,5,31,1368.7125372940982,0.7327345537337897,78.20903814342847,76.31492653513806,13.642917835589472,1405.6698219039215,62016.21841541756,7626.313,1683.4029999999998,1599.0829999999996,4343.827000000001,1814.875,5811.438000000001,23.797541485643197,7,1,0,0,6,40.02894714228148,36.383709251645854,43.67418503291711,0.38370925164585534,0.0,0.0,1.0,1,0,0.0,0.0,0.38370925164585534,0.6162907483541447,0.0,0.6162907483541447,0.38370925164585534,0.0,0.0,0.0,8,1,2023,9,17,3,0,0,0,1,0,1,GRAVE_LESIONADOS,1
3,1,15,2,2,4,-3.838336027210933,-73.6193830980577,0,0,6,1,2,2,2,1,6543.555,2.0,4,4,1.0,14,33,1198.0,0.5801058355449769,73.23049378964005,56.269536514888316,10.487691853507695,1056.3095115486851,149926.24026880218,1448.658848532789,203.04977132298438,334.9341064892079,910.6749707205968,361.2565362227323,1087.402312310057,25.01399581811502,6,2,0,0,3,46.031142100274,32.955139442372285,71.20557769489132,1.0,1.0,0.0,0.04486055762771701,2,0,0.0,0.0,0.04486055762771701,1.0,1.0,0.04486055762771701,0.955139442372283,0.04486055762771701,1.0,0.955139442372283,12,3,2021,10,2,1,0,0,0,1,0,1,GRAVE_LESIONADOS,1
6,1,4,0,4,1,-13.458446400346924,-74.6136925876137,0,4,3,0,1,1,0,2,1518.7484981058826,0.8676409713868449,1,3,0.6225469904622817,9,27,278.0096050653036,0.25697628193525435,79.1679632532174,46.32297290282663,4.0318040805804385,207.87748289609397,3208.576940568274,12678.733000000004,1805.074000000001,1774.0339999999994,9099.625000000004,2485.375000000001,10193.358000000002,19.602707936195205,5,1,0,0,4,36.980375923698254,36.980375923698254,36.980375923698254,1.0,0.0,0.3774530095377183,0.3774530095377183,1,0,0.0,0.0,0.0,0.3774530095377183,0.0,0.6225469904622817,0.3774530095377183,0.0,0.3774530095377183,0.0,13,1,2022,6,25,2,0,1,2,1,0,1,GRAVE_LESIONADOS,1
6,1,5,0,4,2,-6.836835653796392,-78.41869672968048,2,4,0,0,2,2,2,0,6543.555,2.0,4,4,1.0,14,33,1198.0,0.2425625648775484,73.01376188057299,44.0991927998801,3.713647746121463,231.67836400240367,8966.261356649162,15935.565011852366,1733.9250000199986,935.692,13265.948011832368,2000.1670000199988,13935.398011832369,12.551591352627522,6,1,0,0,5,30.08917722843766,28.853506337062598,31.015930396968958,0.6910822771562339,0.6910822771562339,0.0,0.6910822771562339,1,0,0.0,0.6910822771562339,0.30891772284376606,0.0,0.6910822771562339,0.30891772284376606,0.0,0.6910822771562339,1.0,0.6910822771562339,10,1,2024,4,6,3,0,0,2,1,0,1,GRAVE_LESIONADOS,1
4,1,12,0,4,1,-7.851435480255285,-78.06724894661782,0,4,7,1,2,2,2,2,9936.932,2.0,2,0,1.0,9,32,3830.0,0.3986882084754764,72.97869269132666,58.65435142755623,5.605762371496486,527.7120199980477,69564.29978586723,8931.828000000005,1335.5899999999997,1935.9830000000004,5660.255000000005,1219.309,7712.519000000005,13.651281686122925,6,1,0,1,3,34.36872515547085,32.89382453358746,35.84362577735423,1.0,0.0,0.0,0.0,1,0,0.0,1.0,0.0,0.0,0.0,0.0,1.0,0.0,1.0,0.0,12,1,2021,7,20,1,0,0,0,1,0,1,GRAVE_LESIONADOS,1
3,1,7,0,4,0,-10.691773066002298,-75.11656731841552,0,4,7,1,2,2,2,1,7478.608562648844,2.0,2,0,1.0,10,22,1917.698876107583,0.48612100986808626,73.6542515562914,53.32656947523131,7.1772787361369685,818.097784997311,33432.03148750669,8695.66402088376,1370.725785239133,1012.5194973491435,6312.4187382954815,1480.49890786603,7215.165113017729,16.377284158632403,7,2,0,0,5,57.789256731875206,53.48006247698457,62.09845098676585,1.0,0.0,0.2302685817031198,1.0,2,0,0.0,0.2302685817031198,0.0,1.0,0.7697314182968802,1.0,0.0,0.0,0.7697314182968802,0.0,15,1,2021,5,16,3,0,0,1,1,0,1,GRAVE_LESIONADOS,1
6,1,14,2,2,4,-11.947279787436624,-77.10076699339746,0,2,5,1,2,2,2,0,6543.555,2.0,4,4,1.0,14,33,1198.0,0.734256716292856,80.18785382340994,77.89701391829719,10.891379125776632,1537.6721457133226,817097.0733875234,7626.313,1683.4029999999998,1599.0829999999996,4343.827000000001,1814.875,5811.438000000001,23.797541485643197,5,1,0,0,3,47.2984167340535,47.2984167340535,47.2984167340535,1.0,0.0,0.0,0.0,1,0,0.0,0.0,1.0,0.0,0.8109351926726106,0.0,0.1890648073273894,0.1890648073273894,1.0,0.1890648073273894,10,1,2023,11,21,5,0,1,0,1,0,1,GRAVE_LESIONADOS,1
4,1,17,0,4,0,-6.298992243562614,-78.1405752143267,0,4,2,0,2,2,2,0,6543.555,2.4003566268398306,3,2,1.0,8,31,1308.898785634633,0.5392679679961891,73.35888552554297,63.067086052413565,8.47204474972351,920.7825796438613,83705.533358432,4770.178611656027,694.963406955275,854.9717243417479,3220.2434803590036,889.2750274916837,3880.903584164342,18.90395233957275,13,1,0,0,12,46.80249638787881,40.39679035844152,53.2082024173161,1.0,0.40035662683983064,0.0,0.40035662683983064,1,0,0.0,0.0,0.40035662683983064,0.5996433731601694,0.0,0.0,1.0,0.0,1.0,0.0,11,1,2021,9,26,4,0,1,0,1,0,1,GRAVE_LESIONADOS,1
9,1,5,0,4,0,-7.624593275861581,-78.18855079354212,6,3,0,0,1,0,1,1,6543.555,2.0,4,4,1.0,14,33,1198.0,0.30370319235391596,76.6976866577888,37.10869490938123,3.9669234641102937,379.58471102156943,26230.771573308964,15935.565011852366,1733.9250000199986,935.692,13265.948011832368,2000.1670000199988,13935.398011832369,12.551591352627522,7,1,0,0,6,50.41458808019064,50.41458808019064,50.41458808019064,1.0,0.0,0.0,0.05284706399364525,1,0,0.0,0.0,0.9471529360063548,0.05284706399364525,0.0,0.9471529360063548,0.05284706399364525,0.05284706399364525,0.05284706399364525,0.05284706399364525,7,1,2022,10,15,1,0,0,2,1,0,1,GRAVE_LESIONADOS,1
4,1,14,2,2,4,-11.917687840960745,-77.07820365223937,0,1,7,0,1,2,2,0,6543.555,2.0,4,4,1.0,14,33,1198.0,0.7197674673877188,79.96331732841739,76.75833938283739,10.64385919494868,1490.7291332839152,371999.60208616144,7626.313,1683.4029999999998,1599.0829999999996,4343.827000000001,1814.875,5811.438000000001,23.797541485643197,10,1,0,7,1,30.40646271795207,30.40646271795207,30.40646271795207,1.0,0.40646271795207223,0.0,0.0,1,0,0.0,0.0,0.5935372820479278,1.0,1.0,0.5935372820479278,0.0,0.40646271795207223,1.0,0.40646271795207223,12,2,2024,7,10,2,0,0,0,1,0,1,GRAVE_LESIONADOS,1
6,1,4,0,4,1,-13.22273006004585,-74.63603321295601,0,3,5,0,2,1,0,2,2083.0281731295554,1.77183603523011,2,3,0.7718360352301099,9,21,496.1621880272927,0.2321169131138301,78.01792065039265,41.1583891650591,3.5877023440508213,206.53112808661504,3788.706275704268,12678.733000000004,1805.074000000001,1774.0339999999994,9099.625000000004,2485.375000000001,10193.358000000002,19.602707936195205,5,1,0,0,4,42.50980361246879,42.50980361246879,42.50980361246879,1.0,0.0,0.0,0.2281639647698901,1,0,0.0,0.0,0.0,0.0,0.0,0.7718360352301099,0.2281639647698901,0.0,0.2281639647698901,0.0,9,1,2022,7,28,2,0,1,2,1,0,1,GRAVE_LESIONADOS,1
4,1,12,0,4,1,-7.969828559310834,-78.64089117465633,0,4,0,0,2,2,2,2,610.6099999999999,2.0,2,0,1.0,8,29,100.0,0.3809823047796905,74.4473973089921,51.51705644975158,5.622573590650768,479.1502137748447,26695.141327623125,8931.828000000005,1335.5899999999997,1935.9830000000004,5660.255000000005,1219.309,7712.519000000005,13.651281686122925,6,1,0,0,4,37.85479778033232,33.257963766971855,42.451631793692776,1.0,0.0,0.0,0.0,1,0,0.0,0.48387726456425906,0.0,1.0,0.0,0.48387726456425906,1.0,0.5161227354357409,1.0,0.5161227354357409,8,1,2021,10,10,4,0,0,0,1,0,1,GRAVE_LESIONADOS,1
3,1,5,0,3,1,-5.287391525430735,-78.98447593826519,0,3,0,0,2,2,2,2,7633.858422151973,2.0,2,0,1.0,9,21,2037.1927252981486,0.44234816936811455,75.24654109917482,57.12212325352103,6.455976622674518,625.2496597068118,38032.00709937929,15935.565011852366,1733.9250000199986,935.692,13265.948011832368,2000.1670000199988,13935.398011832369,12.551591352627522,4,1,0,0,2,41.53701510216874,30.76662718390373,52.307403020433746,1.0,0.897532326522084,0.0,1.0,1,0,0.0,0.0,0.10246767347791597,0.897532326522084,0.897532326522084,0.0,0.10246767347791597,0.0,0.0,0.897532326522084,17,2,2024,6,2,0,0,0,2,1,0,1,GRAVE_LESIONADOS,1
6,1,12,0,4,1,-8.002648211047523,-78.37871528095368,0,4,7,1,2,2,2,1,6543.555,2.0922387563498215,3,3,1.0,12,32,1223.5501355089004,0.4450081254586173,76.80675557984257,45.14419199983229,6.4715953356662475,691.2594801633256,13388.512674766827,8931.828000000005,1335.5899999999997,1935.9830000000004,5660.255000000005,1219.309,7712.519000000005,13.651281686122925,5,1,0,0,4,36.53880621825089,32.90776124365018,39.26208994920143,0.09223875634982137,0.0,0.0,0.0,1,0,0.0,0.0,1.0,0.0,0.9077612436501786,0.0,0.09223875634982137,0.9077612436501786,0.0,0.9077612436501786,18,2,2023,2,16,4,0,0,0,1,0,1,GRAVE_LESIONADOS,1
5,1,14,2,4,1,-11.754805579134695,-76.85621696908352,6,2,6,1,2,2,2,0,6631.54627138507,2.0,2,0,1.0,9,31,1579.459774309887,0.6768107899485813,77.8962074881776,70.059586897579,9.645591700602134,1431.041867481874,95080.40569141158,7453.12483083239,1607.496625471725,1543.6795384234247,4301.94866693724,1744.8131384123703,5708.31169242002,23.28652925880328,5,1,0,0,4,43.77087139928736,43.464912571738566,44.07683022683616,1.0,0.08741680787108386,0.0,0.0,1,0,0.0,0.0,0.0,0.08741680787108386,0.08741680787108386,0.0,0.9125831921289161,0.08741680787108386,1.0,0.08741680787108386,12,1,2021,11,29,3,0,1,0,1,0,1,GRAVE_LESIONADOS,1
6,1,12,0,4,1,-7.6767812563673,-79.32276951728193,0,4,7,1,2,2,2,1,6543.555,3.0,2,0,1.0,0,30,1475.0,0.5558348792737186,76.67503668854539,62.13726229280115,7.872543381757274,989.7162403432028,9473.223470025881,8931.828000000005,1335.5899999999997,1935.9830000000004,5660.255000000005,1219.309,7712.519000000005,13.651281686122925,4,1,0,0,3,61.66635995751474,61.66635995751474,61.66635995751474,1.0,0.0,0.0,0.0,1,0,0.0,0.0,0.0,1.0,0.0,1.0,0.0,0.0,0.9364933313102257,0.0,15,2,2023,3,10,5,1,0,0,1,1,1,GRAVE_LESIONADOS,1
3,1,11,0,4,1,-11.81248471692174,-75.49909198879696,0,4,1,1,2,1,1,2,7586.903,2.0,2,0,1.0,9,5,1198.0,0.5322748368286501,72.37186895460671,67.90298940253166,8.859914076834759,847.9829582350627,766.6351447523831,12264.545,1826.4639999999995,1105.5389999999998,9332.542,1588.5359999999996,10676.009,12.952261987705208,5,2,0,0,3,37.43616289619896,20.66376832807127,54.20855746432665,1.0,0.0,0.0,1.0,2,0,0.0,0.0,0.0,1.0,0.8255348415204157,1.0,0.0,0.0,0.8255348415204157,0.0,14,2,2023,2,20,5,0,1,2,1,0,1,GRAVE_LESIONADOS,1
5,1,3,0,4,0,-15.97063758693504,-71.59930723556002,5,4,0,0,2,1,1,0,6563.676820925973,2.0,3,3,1.0,12,32,1285.2321214173053,0.5816341113112637,77.60473426223294,66.31440262122008,8.59622869882959,1020.1015336053667,7786.351607118422,10322.272,1495.236,1749.739,7077.2970000000005,2886.595,7435.677000000001,27.964725207783708,14,1,0,0,13,36.59116428512133,34.086892856873334,39.095435713369326,1.0,0.0,0.0,0.20868928568733314,1,0,0.0,0.20868928568733314,0.20868928568733314,0.7913107143126669,0.0,0.7913107143126669,0.20868928568733314,0.0,0.0,0.0,9,2,2021,8,10,2,0,0,0,1,0,1,GRAVE_LESIONADOS,1
3,2,6,0,4,0,-12.040897674593547,-73.31927563549787,0,4,7,1,2,2,2,1,6787.617876327912,2.0,3,3,1.0,12,30,1385.8521026059634,0.6239314609074591,76.99589406273985,76.64492935632074,9.966479128630576,1076.497376310281,96203.21675701023,17408.74088386924,2024.3505772326826,2475.880255638594,12908.51005099796,2702.203146168661,14706.537737700575,15.460220657640894,18,2,0,0,16,33.5,30.794531961886864,36.20546803811313,1.0,0.20091133968552244,0.0,0.7990886603144776,2,0,0.0,0.20091133968552244,0.7990886603144776,1.0,0.0,0.20091133968552244,1.0,0.0,1.0,0.0,15,3,2023,7,12,1,0,0,2,1,0,1,GRAVE_LESIONADOS,1
3,2,10,0,4,1,-14.806180126228934,-74.99622830507462,0,4,7,1,2,2,2,0,6639.975,2.0,2,0,1.0,9,31,1616.0,0.5563774842369664,77.00938809632027,69.10246351364754,8.476961866273152,914.8835608305218,27932.19700214133,3721.461,698.1859999999996,744.866,2278.409,1102.9029999999996,2618.558,29.636290693359403,6,2,0,0,3,42.1023841750933,29.22047683501866,54.98429151516794,1.0,0.0,0.0,0.0,2,0,0.0,0.8051192087546649,0.0,1.0,0.0,0.8051192087546649,1.0,0.0,0.0,0.0,4,0,2023,8,28,5,0,1,0,1,0,1,GRAVE_LESIONADOS,1
5,1,3,1,4,2,-15.847568976811452,-73.01534014544535,0,4,2,0,1,2,2,0,6543.555,2.0,4,4,1.0,14,33,1198.0,0.6233694258679019,75.61871832692302,67.89762663783206,8.723605127579646,1297.3775190583556,2064.2143822346525,10322.272,1495.236,1749.739,7077.2970000000005,2886.595,7435.677000000001,27.964725207783708,5,1,0,0,4,30.997345306299263,30.997345306299263,30.997345306299263,1.0,0.1498672653149632,0.0,0.0,1,0,0.0,0.0,0.0,1.0,0.0,0.0,1.0,0.0,0.0,0.0,6,0,2021,4,24,4,0,1,0,1,0,1,GRAVE_LESIONADOS,1
5,1,7,0,4,1,-14.204052320056089,-71.88110736641445,0,4,5,0,2,1,1,2,2262.35966374912,1.0,1,3,0.0,9,26,668.9840570271194,0.46027890879819056,67.75270035377552,69.94909358551504,6.864354722859819,716.5947090351535,9705.30849742933,17779.13499998999,2097.3709999899997,2863.123,12818.640999999989,2878.713,14900.421999989989,16.19152450331032,7,1,0,0,5,44.10849665545849,42.951895317641885,45.26509799327509,1.0,0.0,0.0,0.0,1,0,0.0,0.0,0.28915033445415095,1.0,0.0,1.0,0.28915033445415095,0.0,0.0,0.0,8,1,2023,4,18,4,0,0,2,1,0,1,GRAVE_LESIONADOS,1
6,1,4,0,4,1,-13.543420013176265,-74.3195103948359,0,4,0,0,1,2,2,1,1203.0332374972393,-0.8567802350869713,1,2,0.047739921637676264,8,32,208.31133426194293,0.2661998741000839,80.19176523314103,53.23001904332299,4.204991846255157,216.96070735974263,2067.1444475733824,12658.959697336737,1806.0951569238307,1742.120101084821,9110.744439328086,2442.559976418389,10216.399720918347,19.28521616775869,4,1,0,0,3,31.76130039181162,31.76130039181162,31.76130039181162,1.0,0.047739921637676264,0.9522600783623237,0.9522600783623237,1,0,0.0,0.0,0.0,1.0,0.047739921637676264,0.0,0.9522600783623237,0.0,1.0,0.0,20,2,2023,4,22,2,0,1,2,1,0,1,GRAVE_LESIONADOS,1
3,1,14,2,3,3,-11.975125300453879,-77.07660787193583,0,2,1,1,2,1,1,0,6548.362515315807,2.0,3,3,1.0,13,32,1218.8415411948506,0.7606212891283621,80.5175104769563,79.17764875937631,11.429052396435484,1635.4260079828066,363777.5860237366,7626.313,1683.4029999999998,1599.0829999999996,4343.827000000001,1814.875,5811.438000000001,23.797541485643197,13,1,0,0,11,37.65097897520585,34.800559414403345,40.50139853600836,1.0,0.9501398536008357,0.0,0.0,1,0,0.0,0.0,0.0,1.0,0.0,0.04986014639916425,0.9501398536008357,0.9501398536008357,0.9501398536008357,0.9501398536008357,14,2,2023,2,4,0,0,0,0,1,0,1,GRAVE_LESIONADOS,1
3,2,3,0,4,1,-15.995225231059115,-71.26441759618606,1,4,1,0,2,0,1,0,1504.4250000000002,2.0,2,0,1.0,7,25,241.0,0.45262655617582004,81.66396069423654,60.63154045626125,5.814121738123879,620.1807259125958,1417.5659188149828,10322.272,1495.236,1749.739,7077.2970000000005,2886.595,7435.677000000001,27.964725207783708,8,2,0,0,6,39.44972775974142,32.44972775974142,46.44972775974142,1.0,1.0,0.0,0.14990925324713966,2,0,0.0,0.8500907467528603,0.0,0.14990925324713966,0.0,0.14990925324713966,0.8500907467528603,0.0,0.14990925324713966,0.0,12,2,2023,4,12,6,1,0,0,1,0,1,GRAVE_LESIONADOS,1
4,1,11,0,4,1,-12.027775671196652,-76.11892447845699,0,4,3,0,2,1,1,0,1200.8647199280406,1.5375811380515143,1,0,0.0,9,25,437.65818072300254,0.50485398322453,74.43800738150723,57.83173393571941,6.869720904437772,947.1596817668935,24706.860603158857,8035.60594615581,1573.3426866676407,1788.4125419041543,4673.850717584015,1844.7953500435149,6190.810596112295,23.004709489973784,5,1,0,0,4,23.011445205330315,23.011445205330315,23.011445205330315,1.0,0.5375811380515143,0.0,1.0,1,0,0.0,0.4624188619484857,0.0,0.5375811380515143,0.4624188619484857,0.0,1.0,0.0,0.0,0.0,12,2,2022,6,6,0,0,0,0,1,0,1,GRAVE_LESIONADOS,1
4,1,7,0,4,1,-13.073402290556283,-71.71196771929822,0,4,0,0,3,1,1,4,6543.555,2.0,4,4,1.0,14,33,1198.0,0.2862449420767877,66.75056590068793,50.555400510756996,4.516007856333727,323.28515649398423,5419.821475429408,17779.13499998999,2097.3709999899997,2863.123,12818.640999999989,2878.713,14900.421999989989,16.19152450331032,6,1,0,0,4,37.12103764438845,26.091641893568504,48.150433395208395,1.0,0.0,0.0,0.0,1,0,0.0,0.0,0.0,1.0,0.4242075288776903,0.0,0.5757924711223097,0.4242075288776903,0.0,0.0,17,2,2022,6,12,2,0,0,2,1,0,1,GRAVE_LESIONADOS,1
4,1,14,0,4,1,-15.476422637307802,-71.25388543365128,0,4,6,0,2,1,1,2,1582.50281546488,2.0,2,1,1.0,9,22,240.8077404203961,0.23837234773651506,72.19467129187244,61.89809693487746,5.965869429782984,142.31555109939026,18588.90549421379,13300.386717267085,1944.236098718422,2148.274595771438,9207.876022777225,3019.9960355795433,10280.39068168754,22.628295114917577,6,1,0,0,4,42.56437604126129,38.83845191592078,46.29030016660181,1.0,0.0,0.0,0.3548499166990966,1,0,0.0,0.3548499166990966,0.0,0.6451500833009034,0.0,1.0,0.3548499166990966,0.0,0.3548499166990966,0.0,5,0,2022,2,14,3,0,0,2,1,0,1,GRAVE_LESIONADOS,1