CLASE SINIESTRO,CANTIDAD DE VEHICULOS DAÑADOS,DEPARTAMENTO,ZONA,TIPO DE VÍA,RED VIAL,COORDENADAS LATITUD,COORDENADAS  LONGITUD,CONDICIÓN CLIMÁTICA,ZONIFICACIÓN,CARACTERÍSTICAS DE VÍA,PERFIL LONGITUDINAL VÍA,SUPERFICIE DE CALZADA,¿EXISTE SEÑAL VERTICAL?,¿EXISTE SEÑAL HORIZONTAL?,CAUSA FACTOR PRINCIPAL,MTC_RVN_LONGITUD_KM,MTC_RVN_N_CARRILES_MEDIANA,MTC_RVN_SUPERFICIE_DOMINANTE,MTC_RVN_ESTADO_DOMINANTE,MTC_RVN_ES_CONCESIONADA,MTC_RVN_CONCESION_PRINCIPAL,MTC_RVN_CORREDOR_LOGISTICO,MTC_RVN_N_TRAMOS,IDH_2019,IDH_ESP_VIDA_2019,IDH_EDUC_SECUND_PCT_2019,IDH_ANIOS_EDUC_2019,IDH_INGRESO_PERCAP_2019,IDH_POBLACION_2019,MTC_DEP_RED_TOTAL_KM,MTC_DEP_NACIONAL_TOTAL_KM,MTC_DEP_DEPARTAMENTAL_TOTAL_KM,MTC_DEP_VECINAL_TOTAL_KM,MTC_DEP_PAV_TOTAL_KM,MTC_DEP_NO_PAV_TOTAL_KM,MTC_DEP_PCT_PAVIMENTADA,PER_TOTAL_PERSONAS,PER_N_CONDUCTORES,PER_N_CONDUCTORES_FUGADOS,PER_N_PEATONES,PER_N_PASAJEROS_OCUPANTES,PER_EDAD_COND_PROM,PER_EDAD_COND_MIN,PER_EDAD_COND_MAX,PER_ANY_COND_MASCULINO,PER_ANY_LIC_PROBLEMA,PER_ANY_DOSAJE_POS,PER_ANY_DOSAJE_EVALUADO,VEH_TOTAL,VEH_N_FUGADOS,VEH_ANY_FUGADO,VEH_ANY_CARGA,VEH_ANY_PUBLICO,VEH_ANY_PARTICULAR,VEH_ANY_MOTO,VEH_ANY_AUTO,VEH_ANY_CAMION_BUS,VEH_ANY_SOAT_PROBLEMA,VEH_ANY_CITV_PROBLEMA,VEH_ANY_SEGURO_PROBLEMA,HORA_NUM,FRANJA_HORARIA,ANIO,MES,DIA_MES,DIA_SEMANA,ES_FIN_SEMANA,ES_QUINCENA,REGION_NATURAL,TIENE_SEÑALIZACION,ES_VIA_MULTICARRIL,ES_DEPTO_BAJO_PAVIMENTO,CATEGORIA_SEVERIDAD,CATEGORIA_SEVERIDAD_ENC
5,1,14,1,5,4,-12.156889702522966,-76.9418746721194,0,1,6,0,6,2,2,0,6543.555,2.0,4,4,1.0,14,33,1198.0,0.689811994580126,79.88015655965044,73.89553442371854,9.755251380104111,1409.8432274455126,452660.364025696,7626.313,1683.4029999999998,1599.0829999999996,4343.827000000001,1814.875,5811.438000000001,23.797541485643197,5,1,0,0,4,46.72849393095254,46.72849393095254,46.72849393095254,1.0,0.016969129315466458,0.0,0.016969129315466458,1,0,0.0,0.016969129315466458,0.9830308706845335,0.0,0.9830308706845335,0.0,0.016969129315466458,1.0,1.0,0.0,5,0,2023,10,18,1,0,1,0,1,0,1,GRAVE_LESIONADOS,1
6,1,7,0,4,1,-14.530353069974268,-71.75443588384256,0,4,5,0,2,2,2,2,1846.2549519691506,1.0,1,3,0.0,9,31,514.5329665089014,0.46610146259125906,65.82928559828746,70.52176842658086,7.045667663139078,754.8544903382194,9153.52518696271,17779.13499998999,2097.3709999899997,2863.123,12818.640999999989,2878.713,14900.421999989989,16.19152450331032,4,1,0,0,3,46.28660194319835,46.28660194319835,46.28660194319835,1.0,0.0,0.0,0.0,1,0,0.0,0.0,0.0,1.0,0.0,1.0,0.0,0.0,0.0,0.0,6,1,2023,2,25,5,0,1,2,1,0,1,GRAVE_LESIONADOS,1
5,1,12,0,4,1,-7.783472282249837,-78.47901369737097,0,4,7,1,1,2,2,0,6543.555,2.044588092734144,3,3,1.0,13,32,1210.350901687358,0.20271760291017815,76.05276615917387,30.237858190997546,3.4018583666638293,179.52428940097002,24256.486515832563,8931.828000000005,1335.5899999999997,1935.9830000000004,5660.255000000005,1219.309,7712.519000000005,13.651281686122925,4,1,0,0,3,35.31211664913901,34.68788335086099,35.93634994741702,1.0,1.0,0.0,0.0,1,0,0.0,0.0,0.04458809273414399,1.0,0.04458809273414399,0.0,1.0,0.0,0.0,0.04458809273414399,19,1,2023,7,23,2,0,1,0,1,0,1,GRAVE_LESIONADOS,1
3,1,14,0,4,1,-11.211443183216936,-77.4795849192355,1,4,1,0,2,2,2,2,6543.555,2.1430619527234023,3,3,1.0,11,32,1237.6281609043824,0.7327345537337897,78.20903814342847,76.31492653513806,13.642917835589472,1405.6698219039215,62016.21841541756,7626.313,1683.4029999999998,1599.0829999999996,4343.827000000001,1814.875,5811.438000000001,23.797541485643197,8,1,0,0,6,44.99784949640428,36.8569380472766,53.13876094553195,0.8569380472765976,0.0,0.0,1.0,1,0,0.0,0.0,0.8569380472765976,0.14306195272340239,0.0,0.14306195272340239,0.8569380472765976,0.0,0.0,0.0,7,1,2023,9,14,2,0,0,0,1,0,1,GRAVE_LESIONADOS,1
6,1,10,1,4,0,-14.227230675470283,-75.72020344011612,0,4,7,1,2,2,2,5,6638.623720220138,2.0,2,0,1.0,9,31,1610.1419316741083,0.6260543160856378,80.49548781635168,76.52807854569262,9.336720252761033,1061.1104400338315,31383.909169508308,3717.792419747204,695.619605492558,744.0932675326483,2278.0795467219978,1097.3035275514985,2620.488892195705,29.505867446298804,5,1,0,0,4,22.27328309175811,22.224232280416913,22.32233390309931,1.0,0.985985482473943,0.0,0.985985482473943,1,0,0.0,0.01401451752605698,0.0,1.0,0.0,0.0,1.0,0.985985482473943,0.985985482473943,0.0,15,2,2021,1,21,3,0,1,0,1,0,1,GRAVE_LESIONADOS,1
4,1,1,0,4,1,-11.793674717314335,-76.06133101543041,0,4,3,0,2,1,0,1,6585.318509861784,2.0,3,2,1.0,11,32,1379.0531748830683,0.5868470363334627,79.52413158104483,57.47998286804601,9.128814571518246,1049.8845959059463,5400.829726401004,10574.737141586791,1716.2127224757373,1450.9944022022128,7407.530016908842,2440.9014231056512,8133.835718481141,23.16985487041257,7,1,0,0,5,34.06398193388267,34.06398193388267,34.06398193388267,1.0,0.0,0.0,0.0,1,0,0.4331415667059053,0.0,0.0,1.0,0.0,0.4331415667059053,0.5668584332940947,0.0,0.5668584332940947,0.0,8,1,2021,6,27,4,0,1,0,1,0,1,GRAVE_LESIONADOS,1
3,1,15,1,4,1,-12.970284765277674,-70.69704156764855,5,4,6,1,5,2,2,0,3056.4500990368506,1.7968006517629167,2,0,1.0,5,18,528.6790530404558,0.5813031080887892,74.57307634999114,56.88786959418484,8.31699843802899,1187.0055751263126,11239.542605001758,2200.86845364302,419.6666070941899,367.442413379014,1413.7594331698156,535.0788186082982,1665.7896350347214,24.030786551225653,4,1,0,0,2,38.33866558039514,35.54186492863222,41.13546623215805,1.0,0.0,0.0,0.0,1,0,0.0,0.06773311607902777,0.0,0.9322668839209722,0.9322668839209722,0.9322668839209722,0.06773311607902777,0.0,0.9322668839209722,0.0,15,2,2022,7,11,3,0,0,0,1,0,1,GRAVE_LESIONADOS,1
6,1,4,0,4,0,-13.34628754571534,-73.80309527378833,0,4,0,0,3,2,2,2,6543.555,2.0,4,4,1.0,14,33,1198.0,0.26884405672443906,77.45431579094307,48.71213847008986,5.2711963804748745,235.5669476216013,6431.433216762132,12678.733000000004,1805.074000000001,1774.0339999999994,9099.625000000004,2485.375000000001,10193.358000000002,19.602707936195205,4,1,0,0,3,29.674581173114895,29.674581173114895,29.674581173114895,0.6659471660804642,0.0,0.0,0.3340528339195358,1,0,0.0,0.0,0.0,1.0,0.0,0.0,1.0,0.6659471660804642,0.6659471660804642,0.6659471660804642,8,1,2021,8,29,3,0,1,2,1,0,1,GRAVE_LESIONADOS,1
7,1,5,0,4,1,-7.01536659711345,-78.17736477201835,0,3,1,0,1,2,2,0,6543.555,2.0,4,4,1.0,14,33,1198.0,0.43288322407506064,70.07804341149065,60.476426149673486,6.724868185286575,637.7126529152192,28490.750298258383,15935.565011852366,1733.9250000199986,935.692,13265.948011832368,2000.1670000199988,13935.398011832369,12.551591352627522,8,1,0,0,7,25.280836833112094,23.24139772063701,27.32027594558718,1.0,0.0,0.0,0.8226574684804273,1,0,0.1773425315195727,0.0,0.0,1.0,0.1773425315195727,0.0,0.8226574684804273,1.0,1.0,1.0,11,1,2022,8,7,1,0,0,2,1,0,1,GRAVE_LESIONADOS,1
3,1,11,0,4,1,-12.00383438623338,-75.2514212272477,0,4,6,1,2,0,1,2,7573.046082933897,2.0,2,0,1.0,9,5,1198.0,0.5486241031175407,71.87711724222672,78.108456566804,9.445390356746687,838.444009531268,14159.653012095801,12264.545,1826.4639999999995,1105.5389999999998,9332.542,1588.5359999999996,10676.009,12.952261987705208,6,1,0,0,4,52.28086014293343,51.78750074466272,52.77421954120414,1.0,0.0,0.0,1.0,1,0,0.0,0.0,0.9867187965414199,0.013281203458580082,0.0,0.013281203458580082,0.9867187965414199,0.0,0.0,0.0,19,1,2022,10,3,4,0,0,2,1,0,1,GRAVE_LESIONADOS,1
4,1,12,0,4,1,-9.534543797574294,-77.51828756322975,0,4,3,1,1,2,2,0,1273.5225028438924,0.08403059695945214,0,1,0.45798470152027393,9,24,229.29392760844547,0.3584240521393973,79.00930487725495,47.56714836749016,4.445888430904871,655.5165425060086,19657.926298050243,8333.922102394763,1494.8830329898708,1781.6879540578198,5057.351115347072,1492.0691167456234,6841.852985649139,18.29811345195337,7,1,0,0,5,55.22899235076014,51.794107089358086,58.66387761216219,1.0,0.5420152984797261,0.0,0.45798470152027393,1,0,0.0,0.5420152984797261,0.0,0.45798470152027393,0.0,0.45798470152027393,0.5420152984797261,0.0,0.5420152984797261,0.0,4,0,2021,8,3,4,0,0,0,1,0,1,GRAVE_LESIONADOS,1
3,2,3,0,4,1,-16.013545584001136,-71.2859280017954,1,4,3,0,2,0,1,0,1504.4250000000002,2.0,2,0,1.0,7,25,241.0,0.4584188283274081,81.72716263821032,64.31475772899363,5.895581064408619,619.1938974131998,1539.3407269974766,10322.272,1495.236,1749.739,7077.2970000000005,2886.595,7435.677000000001,27.964725207783708,6,2,0,0,4,40.37868893251657,33.37868893251657,47.37868893251657,1.0,1.0,0.0,0.4595629775055219,2,0,0.0,0.5404370224944781,0.0,0.4595629775055219,0.0,0.4595629775055219,0.5404370224944781,0.0,0.4595629775055219,0.0,11,2,2023,7,13,6,1,0,0,1,0,1,GRAVE_LESIONADOS,1
3,1,17,0,3,2,-13.74030456278167,-73.59379884827086,2,2,7,1,2,2,2,1,4018.789336761325,2.0,2,1,1.0,10,28,718.512322619299,0.630542600980657,76.79468973941728,77.61132588580902,9.497530185193067,1165.1770088419048,225021.77291361865,10640.521847567708,1852.4391908505659,1977.3792372031976,6810.703419513945,2566.010734286904,8074.511113280803,24.04550627961216,5,2,0,0,2,38.50722439045445,33.00619233467524,44.00825644623366,1.0,0.0,0.0,0.0,2,0,0.0,0.0,0.49896794422079305,0.501032055779207,0.0,0.501032055779207,1.0,0.0,0.0,0.0,17,2,2022,10,23,3,0,1,1,1,0,1,GRAVE_LESIONADOS,1
3,1,18,0,4,0,-5.638637580774875,-80.01300061262384,0,4,6,1,1,1,1,0,1683.4597447302153,2.0,2,0,1.0,1,20,237.74064682191954,0.47058007798383517,80.06833289718183,52.70902439743365,6.0437365156338885,752.5540188643954,124982.67638455941,9204.055562307669,1785.5931352960522,670.8309824965048,6747.631444515112,2169.301784644584,7034.753777663085,23.851048278636387,6,1,0,0,5,38.60831977800278,20.51647689203895,56.700162663966616,1.0,0.0,0.0,1.0,1,0,0.0,0.07221318533518795,0.0,0.927786814664812,0.927786814664812,0.927786814664812,0.07221318533518795,0.0,0.0,0.0,6,1,2021,7,21,6,1,1,0,1,0,1,GRAVE_LESIONADOS,1
3,2,5,0,4,1,-6.153576249128759,-79.0771352559531,3,4,6,1,2,1,1,0,9936.932,2.0,2,0,1.0,9,32,3830.0,0.31862391319620686,76.73371738576633,36.64155693220721,4.38593218604525,406.84035470712365,8030.544111506337,15935.565011852366,1733.9250000199986,935.692,13265.948011832368,2000.1670000199988,13935.398011832369,12.551591352627522,7,2,0,0,4,42.0,33.786775667168314,55.68870722138615,1.0,0.6844353610693075,0.0,0.6844353610693075,2,0,0.0,1.0,0.0,0.6844353610693075,0.0,0.6844353610693075,1.0,0.0,0.0,0.0,5,0,2021,4,8,4,0,0,2,1,0,1,GRAVE_LESIONADOS,1
6,1,12,0,4,1,-7.892816507282367,-78.1253362032646,0,4,7,1,1,2,2,2,9936.932,2.0,2,0,1.0,9,32,3830.0,0.3986882084754764,72.97869269132666,58.65435142755623,5.605762371496486,527.7120199980477,69564.29978586723,8931.828000000005,1335.5899999999997,1935.9830000000004,5660.255000000005,1219.309,7712.519000000005,13.651281686122925,5,1,0,0,3,40.54186539316225,40.54186539316225,40.54186539316225,1.0,0.0,0.0,0.0,1,0,0.0,0.49677958514136555,0.0,0.5032204148586344,0.0,0.0,1.0,0.0,0.49677958514136555,0.0,17,3,2022,8,27,3,0,1,0,1,0,1,GRAVE_LESIONADOS,1
5,1,19,0,4,1,-5.144105119921949,-80.37769096252926,0,4,7,1,2,2,2,0,1305.18,2.0,2,0,1.0,1,20,163.0,0.459857589992435,80.72202071327797,50.86886521100652,5.65389066385764,729.6720832259953,125429.93361884369,8965.846000060003,1782.4120000599992,636.9959999999999,6546.438000000004,2214.505000059999,6751.341000000004,24.699342371541725,32,1,0,0,31,46.534062923543274,41.95446549583792,51.113660351248626,1.0,0.0,0.0,1.0,1,0,0.0,0.0,0.765148849861264,0.23485115013873603,0.23485115013873603,0.23485115013873603,0.765148849861264,0.0,0.0,0.0,6,1,2021,11,20,1,0,1,0,1,0,1,GRAVE_LESIONADOS,1
6,1,10,0,4,1,-14.572462891402006,-75.21992456416831,0,4,0,0,2,2,2,0,6639.975,2.0,2,0,1.0,9,31,1616.0,0.5833482144996767,80.3089383789589,80.53774279708965,8.818856311305257,876.9987824628329,1035.810167494671,3721.461,698.1859999999996,744.866,2278.409,1102.9029999999996,2618.558,29.636290693359403,14,1,0,0,13,50.16909848733943,48.36761570655544,51.97058126812343,1.0,0.0,0.0,0.0,1,0,0.0,0.5147093659382846,0.48529063406171535,0.5147093659382846,0.0,0.5147093659382846,1.0,0.0,0.0,0.0,11,1,2024,4,22,1,0,1,0,1,0,1,GRAVE_LESIONADOS,1
5,1,8,0,4,1,-13.045137692636686,-75.2624088387866,3,4,0,0,2,1,1,0,1641.1329717822264,2.0,2,2,0.8506183637735679,9,23,372.2131666747235,0.27951814383625345,73.62556284287561,47.781287265071526,5.180945094610818,258.6073946642901,3113.0674713068966,8379.206371814713,1480.9473232382527,1947.3542285349033,4950.904820041557,1869.9134106096049,6509.2929612051075,22.339128971798168,6,1,0,0,5,50.0,47.46051218415065,52.53948781584935,1.0,0.0,0.0,0.14938163622643208,1,0,0.0,0.0,0.14938163622643208,0.8506183637735679,0.0,0.8506183637735679,0.14938163622643208,0.0,0.0,0.0,6,1,2021,3,7,5,0,0,1,1,0,1,GRAVE_LESIONADOS,1
4,2,14,0,4,1,-10.053073643727313,-77.76232086423147,2,4,4,0,2,2,2,0,6606.059935512184,2.351743045922178,2,0,1.0,5,30,1566.404230524973,0.5727288377117093,78.33884119831762,69.560110816906,8.953139912092816,917.0241013014644,12073.52526349938,2767.407231962521,501.3111962808057,583.9804895104254,1682.1155461712901,812.3875143384494,1955.0197176240717,28.866364036363294,18,1,0,0,16,47.04798278820624,44.130826494856045,49.965139081556444,1.0,0.0,0.0,1.0,1,0,0.0,0.0,0.0,0.648256954077822,0.0,0.648256954077822,1.0,0.0,0.0,0.0,18,1,2023,10,23,5,1,1,0,1,0,1,GRAVE_LESIONADOS,1
6,1,9,0,4,1,-11.790740662469597,-75.46930137485386,1,4,7,0,2,1,1,2,7407.044033870299,2.0,2,0,1.0,9,9,1198.0,0.5779021802196536,76.64503764089231,66.20108944996568,9.204485126592152,1010.5756263516456,9334.102659064389,12335.945362547614,1822.7766557145703,1220.7784211354929,9292.390285697551,1743.138812604035,10592.80654994358,14.098708171142441,6,1,0,0,5,31.343977225260154,31.343977225260154,31.343977225260154,1.0,0.17238636210516622,0.0,0.17238636210516622,1,0,0.0,0.0,0.0,0.8276136378948338,0.0,0.8276136378948338,0.17238636210516622,0.17238636210516622,0.17238636210516622,0.0,5,0,2023,10,4,4,0,0,2,1,0,1,GRAVE_LESIONADOS,1
5,1,10,1,4,1,-14.308592443424951,-75.67065624858272,0,4,7,1,2,1,1,5,6639.975,2.0,2,0,1.0,9,31,1616.0,0.6261042306271147,80.48505954362174,76.55712631348362,9.341715591523595,1061.002261282891,31419.372591006424,3721.461,698.1859999999996,744.866,2278.409,1102.9029999999996,2618.558,29.636290693359403,4,1,0,0,3,24.23309514129074,23.531265239742222,24.934925042839257,1.0,1.0,0.0,1.0,1,0,0.0,0.1276054366451851,0.0,1.0,0.0,0.0,1.0,1.0,0.8723945633548149,0.0,16,2,2021,2,21,3,0,1,0,1,0,1,GRAVE_LESIONADOS,1
3,2,19,1,4,1,-5.231823231465417,-80.48564590676901,0,1,7,0,2,1,1,0,295.2069207960865,0.8393487172077245,2,1,0.0,9,32,95.08539142878567,0.48871017630695684,76.6167711274936,61.97339148552329,7.27211848872092,720.2464232275454,76102.14506894817,8965.846000060003,1782.4120000599992,636.9959999999999,6546.438000000004,2214.505000059999,6751.341000000004,24.699342371541725,5,2,0,0,3,30.861209115656457,26.160651282792276,33.518046151623174,1.0,0.6131162390692415,0.6131162390692415,1.0,2,0,0.0,0.0,1.0,0.6131162390692415,1.0,0.6131162390692415,0.0,0.3868837609307585,1.0,1.0,9,0,2022,5,9,0,0,0,0,1,0,1,GRAVE_LESIONADOS,1
3,2,10,0,4,0,-9.243966115229766,-77.96086152604411,0,4,7,1,2,1,1,2,6543.555,2.8427961164430458,2,0,1.0,2,30,1431.4545242547238,0.5873653805369139,78.14447806143876,67.99678491828391,8.779426035573481,1011.7778795347327,15377.884517088993,9150.41119666847,1360.6869711943332,1906.704719910819,5883.019505563318,1481.41283420014,7668.99836246833,15.901410594801128,11,2,0,0,9,46.49130096929767,44.59829126040528,48.384310678190054,1.0,0.0,0.0,0.15720388355695425,2,0,0.0,1.0,0.8427961164430458,0.15720388355695425,0.0,0.15720388355695425,1.0,0.0,0.0,0.0,8,1,2023,3,4,1,0,0,0,1,0,1,GRAVE_LESIONADOS,1
5,1,11,0,4,1,-8.279050415850971,-78.7342344068751,0,4,7,1,2,2,2,0,609.5812640400991,1.9623380574812068,1,0,0.9623380574812068,8,29,105.57396749278138,0.5944827802428855,80.26288643807626,65.2435896897426,8.59019316575424,1042.3758535826291,34862.398840178284,8735.595457544188,1311.5841271907507,1891.123220012843,5532.888110340594,1214.9249239191572,7520.670533625031,14.253308176515857,5,1,0,0,3,26.65908399407888,25.811690287406034,27.50647770075173,1.0,0.03766194251879318,0.0,0.03766194251879318,1,0,0.0,0.0,0.0,1.0,0.03766194251879318,0.0,0.9623380574812068,0.0,1.0,0.0,9,1,2022,7,5,4,0,0,0,1,0,1,GRAVE_LESIONADOS,1
4,1,19,0,4,1,-5.145037837731325,-80.38481340252612,0,4,7,1,2,2,2,0,1305.18,2.0,2,0,1.0,1,20,163.0,0.459857589992435,80.72202071327797,50.86886521100652,5.65389066385764,729.6720832259953,125429.93361884369,8965.846000060003,1782.4120000599992,636.9959999999999,6546.438000000004,2214.505000059999,6751.341000000004,24.699342371541725,24,1,0,0,22,43.942837365020864,34.55096390005962,53.334710829982114,1.0,0.0,0.0,1.0,1,0,0.0,0.0,0.5183654633353206,0.48163453666467937,0.48163453666467937,0.48163453666467937,0.5183654633353206,0.0,0.0,0.0,6,1,2021,10,20,2,0,1,0,1,0,1,GRAVE_LESIONADOS,1
3,2,5,1,4,1,-5.839043119916906,-78.76797914079701,0,3,0,1,2,1,0,0,720.9481216676265,2.0,2,0,1.0,1,20,192.5764597673739,0.5803239946829384,74.49544278598792,68.33065356443184,8.733179344969395,1046.078117086984,102362.46895074946,15935.565011852366,1733.9250000199986,935.692,13265.948011832368,2000.1670000199988,13935.398011832369,12.551591352627522,12,2,0,0,10,41.84391393315511,40.83362477005352,42.85420309625669,1.0,1.0,0.0,0.0,2,0,0.0,1.0,0.0,1.0,0.0,1.0,1.0,0.0,0.072898451871655,0.0,15,3,2022,10,7,6,1,0,2,1,0,1,GRAVE_LESIONADOS,1
4,1,14,2,3,4,-11.928733331851365,-77.08468494112022,0,3,3,0,1,2,2,0,6543.555,2.0,4,4,1.0,14,33,1198.0,0.72293720092406,80.00885467076367,76.95838677243918,10.700752110800103,1502.0201272268475,371343.2898290699,7626.313,1683.4029999999998,1599.0829999999996,4343.827000000001,1814.875,5811.438000000001,23.797541485643197,10,1,0,0,8,35.38783033090547,33.50733161766027,37.268329044150676,1.0,1.0,0.0,0.0,1,0,0.0,0.0,0.0,1.0,0.3731670955849328,0.0,0.6268329044150672,1.0,1.0,1.0,13,2,2024,4,2,1,0,0,0,1,0,1,GRAVE_LESIONADOS,1
3,1,14,2,2,3,-12.010625525144508,-77.05611800937095,0,0,7,1,2,1,1,1,6567.968438614175,2.0,3,2,1.0,12,32,1303.8371431313547,0.7694248184480085,80.51052568446146,79.08463508045072,11.798788475606905,1663.4019019274328,362921.33956523973,7626.313,1683.4029999999998,1599.0829999999996,4343.827000000001,1814.875,5811.438000000001,23.797541485643197,6,1,0,0,5,40.70841420883347,40.70841420883347,40.70841420883347,1.0,0.0,0.0,0.0,1,0,0.0,0.0,0.7468010929871898,1.0,0.0,1.0,0.7468010929871898,0.0,0.7468010929871898,0.0,11,2,2022,4,21,2,0,1,0,1,0,1,GRAVE_LESIONADOS,1
4,1,5,0,4,0,-7.511100521950167,-78.18648469666259,0,3,5,0,1,2,2,0,6543.555,2.0,4,4,1.0,14,33,1198.0,0.32777678320495807,75.4640704326802,41.46343297145457,4.480885505478346,427.6886352703522,26651.93421301117,15935.565011852366,1733.9250000199986,935.692,13265.948011832368,2000.1670000199988,13935.398011832369,12.551591352627522,6,2,0,0,3,36.8683288597301,27.625854163141117,46.11080355631907,1.0,0.0,0.0,0.19630654812269754,2,0,0.8036934518773025,0.0,0.0,1.0,0.8036934518773025,0.0,0.19630654812269754,1.0,1.0,1.0,15,2,2022,8,17,5,0,0,2,1,0,1,GRAVE_LESIONADOS,1
5,1,14,2,4,1,-12.263660255117133,-76.86985237431071,5,2,7,1,2,2,2,0,6639.975,2.0,2,0,1.0,9,31,1616.0,0.7150973552119023,78.82162254644705,72.3932765105364,10.520479006047129,1548.0700452874373,97853.46395298027,7626.313,1683.4029999999998,1599.0829999999996,4343.827000000001,1814.875,5811.438000000001,23.797541485643197,11,1,0,0,10,45.089110367830955,42.90297525062524,47.27524548503666,1.0,0.0,0.0,0.0,1,0,0.0,0.0,0.18217792643380937,0.0,0.0,0.0,1.0,0.0,1.0,0.0,10,1,2021,10,24,3,0,0,0,1,0,1,GRAVE_LESIONADOS,1
9,1,7,0,4,1,-13.906049080245944,-71.50596317087204,6,4,0,0,1,1,1,2,7564.93776583625,2.0,2,0,1.0,9,5,1198.0,0.28103193250681835,61.50769739221095,59.79685035170283,5.190609342473728,273.3767364534817,4148.408344264309,17779.13499998999,2097.3709999899997,2863.123,12818.640999999989,2878.713,14900.421999989989,16.19152450331032,29,1,0,0,28,38.81052620269196,38.81052620269196,38.81052620269196,1.0,0.9789473558546619,0.0,1.0,1,0,0.0,0.0,0.9789473558546619,0.02105264414533814,0.0,0.02105264414533814,0.9789473558546619,0.0,0.0,0.0,9,1,2022,2,27,0,0,0,2,1,0,1,GRAVE_LESIONADOS,1
6,1,5,0,4,2,-7.0680217172995095,-78.43146683097537,4,4,0,0,1,2,2,1,6543.555,2.0,4,4,1.0,14,33,1198.0,0.2962836012071628,74.1474417393843,54.229493160912405,3.882813691170373,323.68885501878515,8296.082157771745,15935.565011852366,1733.9250000199986,935.692,13265.948011832368,2000.1670000199988,13935.398011832369,12.551591352627522,6,1,0,0,5,37.0,33.0,40.0,0.0,0.0,0.0,0.0,1,0,0.0,0.5018695310245037,0.4981304689754963,0.0,0.0,0.4981304689754963,0.5018695310245037,0.0,1.0,0.0,16,2,2021,3,5,1,0,0,2,1,0,1,GRAVE_LESIONADOS,1
4,1,8,0,4,1,-12.899989878021906,-75.1692853556192,0,4,3,0,2,2,2,0,1250.1128229502676,1.454956879727737,0,3,0.45495687972773713,9,28,189.64008233737954,0.4991778644485998,73.4057403327158,57.258776974541554,6.698890037730941,926.9160696351406,1603.77613266479,8511.426,1445.3929999999996,2008.516,5057.516999999999,1879.579,6631.846999999998,22.08300935706896,5,1,0,0,4,26.175646804083943,25.630603683811678,26.720689924356208,1.0,0.45495687972773713,0.0,0.0,1,0,0.0,0.0,0.0,1.0,0.0,1.0,0.5450431202722629,0.0,0.0,0.0,11,1,2023,3,11,3,0,0,2,1,0,1,GRAVE_LESIONADOS,1
3,2,20,0,4,1,-15.383652940994233,-70.3679243509252,0,4,5,1,2,1,1,2,1567.875448670185,2.0,2,0,1.0,6,24,282.66262267954477,0.4076170822610388,72.70707983629117,70.39297001410432,7.101242263849938,449.99634644486883,5792.909454027333,13642.312999999998,2020.7790000000005,2354.117,9267.416999999998,3314.0520000000006,10328.260999999997,24.29244952817019,6,2,0,0,4,26.239573183660557,21.972195156428157,30.50695121089296,1.0,0.24652439455351938,0.0,0.24652439455351938,2,0,0.0,0.0,0.0,1.0,0.0,0.7534756054464806,0.24652439455351938,0.7534756054464806,1.0,0.7534756054464806,16,3,2021,6,14,1,0,0,2,1,0,1,GRAVE_LESIONADOS,1
6,1,12,0,4,1,-7.984012631002583,-78.25388435879988,0,4,7,1,2,2,2,0,753.4105856528136,1.8675293436580733,1,0,0.8675293436580734,8,29,124.77201273594027,0.39461671850869084,77.01154169136122,41.75238815508756,5.722394870613307,592.4287625119216,13879.196742244774,8931.828000000005,1335.5899999999997,1935.9830000000004,5660.255000000005,1219.309,7712.519000000005,13.651281686122925,4,1,0,0,3,59.74799884218725,59.74799884218725,59.74799884218725,1.0,0.8675293436580734,0.0,0.0,1,0,0.0,0.0,0.0,1.0,0.0,1.0,0.0,0.0,0.13247065634192656,0.0,13,3,2023,3,22,6,1,0,0,1,0,1,GRAVE_LESIONADOS,1