CLASE SINIESTRO,CANTIDAD DE VEHICULOS DAÑADOS,DEPARTAMENTO,ZONA,TIPO DE VÍA,RED VIAL,COORDENADAS LATITUD,COORDENADAS  LONGITUD,CONDICIÓN CLIMÁTICA,ZONIFICACIÓN,CARACTERÍSTICAS DE VÍA,PERFIL LONGITUDINAL VÍA,SUPERFICIE DE CALZADA,¿EXISTE SEÑAL VERTICAL?,¿EXISTE SEÑAL HORIZONTAL?,CAUSA FACTOR PRINCIPAL,MTC_RVN_LONGITUD_KM,MTC_RVN_N_CARRILES_MEDIANA,MTC_RVN_SUPERFICIE_DOMINANTE,MTC_RVN_ESTADO_DOMINANTE,MTC_RVN_ES_CONCESIONADA,MTC_RVN_CONCESION_PRINCIPAL,MTC_RVN_CORREDOR_LOGISTICO,MTC_RVN_N_TRAMOS,IDH_2019,IDH_ESP_VIDA_2019,IDH_EDUC_SECUND_PCT_2019,IDH_ANIOS_EDUC_2019,IDH_INGRESO_PERCAP_2019,IDH_POBLACION_2019,MTC_DEP_RED_TOTAL_KM,MTC_DEP_NACIONAL_TOTAL_KM,MTC_DEP_DEPARTAMENTAL_TOTAL_KM,MTC_DEP_VECINAL_TOTAL_KM,MTC_DEP_PAV_TOTAL_KM,MTC_DEP_NO_PAV_TOTAL_KM,MTC_DEP_PCT_PAVIMENTADA,PER_TOTAL_PERSONAS,PER_N_CONDUCTORES,PER_N_CONDUCTORES_FUGADOS,PER_N_PEATONES,PER_N_PASAJEROS_OCUPANTES,PER_EDAD_COND_PROM,PER_EDAD_COND_MIN,PER_EDAD_COND_MAX,PER_ANY_COND_MASCULINO,PER_ANY_LIC_PROBLEMA,PER_ANY_DOSAJE_POS,PER_ANY_DOSAJE_EVALUADO,VEH_TOTAL,VEH_N_FUGADOS,VEH_ANY_FUGADO,VEH_ANY_CARGA,VEH_ANY_PUBLICO,VEH_ANY_PARTICULAR,VEH_ANY_MOTO,VEH_ANY_AUTO,VEH_ANY_CAMION_BUS,VEH_ANY_SOAT_PROBLEMA,VEH_ANY_CITV_PROBLEMA,VEH_ANY_SEGURO_PROBLEMA,HORA_NUM,FRANJA_HORARIA,ANIO,MES,DIA_MES,DIA_SEMANA,ES_FIN_SEMANA,ES_QUINCENA,REGION_NATURAL,TIENE_SEÑALIZACION,ES_VIA_MULTICARRIL,ES_DEPTO_BAJO_PAVIMENTO,CATEGORIA_SEVERIDAD,CATEGORIA_SEVERIDAD_ENC
6,1,5,2,3,3,-6.512689820108018,-78.7204709238933,0,1,7,0,1,2,2,3,6543.555,2.0,4,4,1.0,14,33,1198.0,0.4311437016265108,74.63908352376873,58.23029256266177,5.74711621299168,635.8641132989256,49568.47645098047,15935.565011852366,1733.9250000199986,935.692,13265.948011832368,2000.1670000199988,13935.398011832369,12.551591352627522,6,1,0,0,5,48.437013834482514,48.437013834482514,48.437013834482514,1.0,0.5469155137931242,0.0,1.0,1,0,0.0,0.0,1.0,0.0,0.0,0.0,1.0,0.5469155137931242,0.5469155137931242,0.5469155137931242,9,1,2024,3,16,4,0,0,2,1,0,1,GRAVE_LESIONADOS,1
3,1,11,0,4,1,-14.258293684445059,-72.31122544460034,0,4,2,0,2,1,1,2,7586.903,2.0,2,0,1.0,9,5,1198.0,0.35169126628247765,72.2807503552811,69.26779229664953,5.894453568797695,341.8310389033873,5729.558560214794,13115.959737465915,1902.9506614137756,2037.2480533732953,9175.761022678846,2861.3891774663675,10254.570559999547,21.73068943832002,15,2,0,0,13,43.92495200261702,37.46247600130851,50.38742800392553,1.0,0.5462476001308509,0.0,0.0,2,0,0.0,1.0,1.0,0.0,0.5462476001308509,0.0,1.0,0.0,0.5462476001308509,0.0,9,1,2022,8,16,2,0,0,2,1,0,1,GRAVE_LESIONADOS,1
3,2,10,1,2,3,-13.491291605356341,-76.3182469220205,0,0,0,0,2,1,1,0,6543.555,2.0,4,4,1.0,14,33,1198.0,0.6005973193821673,76.56899570584176,72.79533745484555,10.714161794140288,958.7957402411928,59201.54002045296,4070.8403025523858,786.3364416358809,821.2954625477205,2463.2083983687844,1166.6053581935566,2904.234944358829,29.11387956843836,8,2,0,0,6,21.00524743869084,19.699989333397358,22.310505543984327,1.0,0.9105268771896128,0.9105268771896128,1.0,2,0,0.0,0.0,0.08947312281038722,0.9105268771896128,0.9105268771896128,0.9105268771896128,0.08947312281038722,0.0,0.9105268771896128,0.9105268771896128,20,1,2023,9,8,5,0,0,0,1,0,1,GRAVE_LESIONADOS,1
3,1,5,0,4,1,-9.1457289669287,-78.52863193428944,0,4,7,1,2,2,2,0,6543.555,3.0,2,0,1.0,0,30,1475.0,0.5596968583774891,79.13376675900773,64.69556455827428,7.977178654514725,944.9294138569638,25299.86455396534,10000.304456144699,1655.3920305842598,1520.8531647968323,6824.059260763609,1732.0848092095018,8268.219646935198,17.05885108689908,6,2,0,0,4,34.34931033261519,23.582015914493088,45.11660475073728,1.0,0.41798408550691357,0.0,0.0,2,0,0.0,0.5820159144930864,1.0,0.41798408550691357,0.41798408550691357,0.0,0.5820159144930864,0.41798408550691357,0.5820159144930864,0.0,14,1,2021,1,15,3,0,1,0,1,1,1,GRAVE_LESIONADOS,1
6,1,10,0,4,0,-8.742453127826337,-77.78594571474753,0,4,5,1,2,1,1,0,6696.630011984507,2.0,3,3,1.0,13,28,1198.0,0.3928543165951725,75.0554270069702,54.40135450332221,5.7985792218059755,493.51495147683994,26750.81739032702,8847.781169852817,1327.7937009110624,1842.3954270188385,5677.592041922915,1250.6142093905219,7597.166960462294,14.163051363541017,4,1,0,0,3,36.47883516561285,36.47883516561285,36.47883516561285,1.0,1.0,0.0,0.0,1,0,0.0,0.853284798567202,0.0,0.0,0.14671520143279804,0.0,0.853284798567202,0.0,0.14671520143279804,0.0,18,1,2021,9,17,4,0,1,0,1,0,1,GRAVE_LESIONADOS,1
3,1,14,0,4,0,-6.583548130825755,-79.48819919570532,0,4,5,0,2,2,2,0,6543.555,2.85615362199466,2,0,1.0,2,30,1435.1545532925209,0.5504112956411319,74.3741262275163,65.97846920726299,9.285923042538874,884.1210511673546,80597.85576487808,3774.0593475798796,558.2179272508938,729.3677463869315,2486.473673942054,747.9547133469334,3026.104634232946,19.987906390098587,13,1,0,0,12,49.993075353962624,36.29461740204806,63.691533305877186,1.0,0.8561536219946603,0.0,0.8561536219946603,1,0,0.0,0.0,0.8561536219946603,0.14384637800533973,0.0,0.0,1.0,0.0,1.0,0.0,2,0,2021,9,26,2,0,1,0,1,0,1,GRAVE_LESIONADOS,1
5,1,8,0,4,1,-13.066215823689204,-75.50357944922399,0,4,0,1,2,2,2,0,1424.1421810644583,1.0,0,3,0.0,9,17,251.64103198985902,0.3491705381621115,69.3087153645445,48.68788388744148,5.9815379509434745,427.8948858377987,1178.201464493945,8511.426,1445.3929999999996,2008.516,5057.516999999999,1879.579,6631.846999999998,22.08300935706896,4,1,0,0,3,23.09161431411649,22.99237664919681,23.19085197903617,1.0,0.0,0.0,0.0,1,0,0.0,0.0,0.0,1.0,0.0,1.0,0.099237664919681,0.0,0.0,0.0,6,1,2024,4,8,5,0,0,2,1,0,1,GRAVE_LESIONADOS,1
5,1,7,0,4,0,-13.941207246561667,-71.7389446080623,0,4,0,0,1,2,2,2,6543.555,2.0,4,4,1.0,14,33,1198.0,0.19843704483720703,63.93956887131407,44.17081902073237,3.8773559851665933,161.64071906366706,6437.141488837315,17779.13499998999,2097.3709999899997,2863.123,12818.640999999989,2878.713,14900.421999989989,16.19152450331032,4,1,0,0,3,29.99792971022614,27.639186758782536,32.35667266166974,1.0,0.0,0.0,0.9092791172521691,1,0,0.0,0.0,0.0,1.0,0.09072088274783086,0.0,0.9092791172521691,0.09072088274783086,0.0,0.0,15,2,2022,7,8,4,0,0,2,1,0,1,GRAVE_LESIONADOS,1
3,1,11,2,2,4,-13.28970019865993,-76.43042445747072,0,0,1,1,2,1,1,0,6543.555,2.0,4,4,1.0,14,33,1198.0,0.6523188511685962,77.4728394587988,74.34091600537445,11.102259730591399,1196.3312226427088,58650.12324908732,4747.247958761961,956.9980497654153,969.264942278162,2820.9849667183835,1289.9348241520215,3457.3131346099394,28.10247768514372,15,2,0,0,12,25.461430140551286,21.415041201025158,28.45703717206967,1.0,0.7373045229980647,0.7373045229980647,0.7373045229980647,2,0,0.0,0.0,0.2626954770019353,1.0,1.0,0.7373045229980647,0.2626954770019353,0.0,1.0,1.0,19,2,2023,9,12,5,0,0,0,1,0,1,GRAVE_LESIONADOS,1
6,1,14,0,4,1,-11.709529486577148,-77.14141690633045,0,3,0,0,2,1,1,1,6555.630056248544,2.8747660625539933,2,0,1.0,1,30,1492.657985179887,0.605126242761099,78.8430165483108,64.47543401063069,7.441124957181741,1243.984184765263,20743.758991733343,7626.313,1683.4029999999998,1599.0829999999996,4343.827000000001,1814.875,5811.438000000001,23.797541485643197,7,1,0,0,6,39.12710543701406,37.24859637532396,42.508421748056236,1.0,0.0,0.0,0.8747660625539935,1,0,0.0,0.12523393744600653,0.8747660625539935,0.0,0.0,0.0,1.0,0.0,0.0,0.12523393744600653,2,0,2021,9,18,1,0,0,0,1,0,1,GRAVE_LESIONADOS,1
3,1,11,0,4,1,-11.128710483770554,-75.38895320485946,5,4,6,1,5,2,2,0,600.0300000000001,2.0,2,0,0.0,9,8,178.0,0.5569427270390199,74.73990950896525,63.227562478251905,8.725947009322343,960.3976786144857,25675.88149457382,12264.545,1826.4639999999995,1105.5389999999998,9332.542,1588.5359999999996,10676.009,12.952261987705208,23,2,0,0,21,33.93554870746325,32.58207156419151,35.28902585073499,1.0,0.0,0.0,0.0,2,0,0.0,0.8710974149265011,1.0,0.0,0.12890258507349894,0.12890258507349894,0.8710974149265011,0.0,0.8710974149265011,0.0,14,2,2022,2,25,4,0,1,2,1,0,1,GRAVE_LESIONADOS,1
3,1,11,0,4,1,-11.695589602648662,-75.9156853769555,0,4,1,1,2,0,1,1,685.6066296554842,2.0,2,0,1.0,3,19,122.11961311792099,0.6666304772035151,77.17864624506656,69.19799625202687,9.965749766679684,1394.4454146952062,3340.8535014913527,12264.545,1826.4639999999995,1105.5389999999998,9332.542,1588.5359999999996,10676.009,12.952261987705208,5,1,0,0,3,33.119972822333295,27.0,39.239945644666584,1.0,0.28000319737255375,0.0,0.7199968026274463,1,0,0.0,0.0,0.0,1.0,0.28000319737255375,0.7199968026274463,0.7199968026274463,0.0,0.28000319737255375,0.0,7,0,2022,4,18,4,0,0,2,1,0,1,GRAVE_LESIONADOS,1
3,2,18,1,2,3,-14.875550005878537,-70.88469640845607,0,3,1,0,2,1,1,2,6886.848086785853,2.0,3,3,1.0,13,32,1464.2679108216876,0.5307129727862985,73.92079041013626,78.70551123956123,8.899270275027352,758.6439430185447,65327.80228844277,13351.495734094897,2007.0492067685884,2239.658622632214,9104.787904694094,3191.2663769850005,10160.229357109896,23.808230639553116,7,2,0,0,4,48.583681325416556,43.190675043095176,56.67319074889863,1.0,0.0,0.8988343803868968,0.8988343803868968,2,0,0.0,0.0,0.8988343803868968,1.0,0.8988343803868968,1.0,0.0,0.0,0.8988343803868968,0.8988343803868968,16,1,2022,2,11,4,0,0,1,1,0,1,GRAVE_LESIONADOS,1
4,2,10,0,4,1,-13.358024512912248,-76.21933251962973,0,4,7,1,2,2,2,1,6639.975,2.0,2,0,1.0,9,31,1616.0,0.5736744275518083,81.67473861808857,68.1608574885675,9.138785887908334,865.1176766860625,26660.92933618844,3721.461,698.1859999999996,744.866,2278.409,1102.9029999999996,2618.558,29.636290693359403,10,2,0,0,8,38.914105071295666,35.04469151005219,42.78351863253914,1.0,0.0,0.0,0.0,2,0,0.0,1.0,0.0,0.0,0.0,0.6231378537478254,1.0,0.6231378537478254,0.6231378537478254,0.0,18,2,2022,7,4,1,0,0,0,1,0,1,GRAVE_LESIONADOS,1
3,1,17,0,3,2,-14.245912147610188,-72.61111298366538,3,2,7,1,2,2,2,1,3298.694409010256,2.0,2,1,1.0,9,27,581.7564052570216,0.6149144046579619,75.86809705070301,77.97840594084325,9.69154277653957,1085.8447552841212,227259.24908080598,11500.212128499224,1900.6504388923795,2085.2740828768756,7514.2876067299685,2780.2440947084583,8719.968033790765,24.11622895815526,5,2,0,0,2,39.50752890616599,33.863596205285134,45.15146160704684,1.0,0.0,0.0,0.0,2,0,0.0,0.0,0.3560672991191448,0.6439327008808552,0.0,0.6439327008808552,1.0,0.0,0.0,0.0,18,2,2022,10,23,3,0,1,1,1,0,1,GRAVE_LESIONADOS,1
3,1,14,2,2,3,-12.178761430270546,-76.91524518659104,0,2,2,1,2,2,2,2,5347.143616984794,2.0,3,3,1.0,11,28,978.0483494104334,0.6964743175485997,80.03571879923203,74.79125042864635,9.83652941279863,1431.0153088549534,506816.02024635253,7626.313,1683.4029999999998,1599.0829999999996,4343.827000000001,1814.875,5811.438000000001,23.797541485643197,11,2,0,0,9,28.7334837777952,20.211086037034132,37.25588151855627,1.0,1.0,0.0,0.0,2,0,0.0,1.0,1.0,0.0,0.0,0.0,1.0,0.788913962965867,0.0,0.788913962965867,12,1,2023,3,28,5,0,1,0,1,0,1,GRAVE_LESIONADOS,1
5,1,3,0,4,1,-17.004222040340654,-71.70459915007775,3,4,0,0,2,1,0,0,6639.975,2.0,2,0,1.0,9,31,1616.0,0.6449493635682252,78.44719582624413,79.23084709401536,8.759364777311836,1226.330683483547,8054.678800856533,10322.272,1495.236,1749.739,7077.2970000000005,2886.595,7435.677000000001,27.964725207783708,15,2,0,0,13,52.46738089765073,42.766309551174636,62.16845224412682,1.0,0.0,0.0,1.0,2,0,0.0,0.2336904488253636,0.2336904488253636,0.7663095511746364,0.0,0.7663095511746364,1.0,0.0,0.0,0.0,5,0,2025,8,26,5,1,1,0,1,0,1,GRAVE_LESIONADOS,1
4,1,9,0,4,1,-14.191461290744176,-73.20348955028606,0,4,2,1,2,2,2,3,1616.3875924359454,2.0,2,1,1.0,8,24,288.30093537485703,0.3237207745048859,76.73366251823683,53.46876682730422,5.302750963424202,323.1188668861091,4240.444237236877,13026.390901236424,1882.8999693914395,1983.3268852019837,9160.164046643002,2784.360145626617,10242.030755609807,21.294758123213597,6,2,0,0,4,29.01561006164478,27.031220123289557,31.0,1.0,0.0,0.0,0.6392018293899598,2,0,0.6392018293899598,0.0,0.0,1.0,0.0,0.36079817061004016,0.6392018293899598,0.36079817061004016,0.36079817061004016,1.0,13,3,2022,3,20,3,0,1,2,1,0,1,GRAVE_LESIONADOS,1
3,2,10,1,4,1,-12.890501970837995,-76.47899341301748,0,0,7,0,2,2,2,2,6617.250490016194,2.235682534575885,2,0,1.0,6,30,1582.7687626248003,0.6355427309216113,80.02283953968913,71.97625534654364,11.157719355061385,1048.9158325501774,65538.91669720478,4641.766416503713,930.3844396672492,946.1900276378086,2765.1919491986555,1270.7023655070616,3371.0640509966515,28.260199481331906,9,2,0,0,6,45.95851854830734,33.3502222579688,58.05726986169646,1.0,0.0,0.0,0.23568253457588495,2,0,0.0,0.0,0.0,1.0,0.0,1.0,0.23568253457588495,0.0,0.764317465424115,0.0,22,2,2023,7,7,3,0,0,0,1,0,1,GRAVE_LESIONADOS,1
5,1,10,0,4,1,-11.808190845960102,-76.74873240283596,0,4,5,1,2,1,1,3,679.44501353377,1.2863397168878463,1,3,0.0,9,24,239.4098084933646,0.5772326980111463,79.37896679870062,73.26834779175897,8.822108299374467,933.4498328481741,7857.100656182316,3646.5058523102684,645.7503256846297,729.077800690238,2271.6777259354008,988.4965387968945,2658.0093135133734,26.971528558702307,8,1,0,0,7,59.982487927140305,58.83712905958892,61.12784679469169,1.0,0.0,0.0,0.7136602831121538,1,0,0.0,0.2863397168878462,0.0,1.0,0.0,0.0,1.0,0.2863397168878462,0.2863397168878462,0.2863397168878462,18,2,2021,4,14,1,0,0,0,1,0,1,GRAVE_LESIONADOS,1
6,1,5,0,4,3,-6.049261460135316,-78.94613363729174,0,4,6,0,1,2,2,1,6543.555,2.0,4,4,1.0,14,33,1198.0,0.32261506382822164,75.4219203529005,34.99343553664656,4.698085760642363,406.9312376459269,8713.872266401917,15935.565011852366,1733.9250000199986,935.692,13265.948011832368,2000.1670000199988,13935.398011832369,12.551591352627522,6,1,0,0,5,50.97884855297198,50.47356069121497,51.357814449289734,0.8736780345607488,0.0,0.0,0.8736780345607488,1,0,0.0,0.8736780345607488,0.12632196543925123,0.0,0.0,0.12632196543925123,0.8736780345607488,0.0,0.12632196543925123,0.0,17,2,2023,5,13,3,0,0,2,1,0,1,GRAVE_LESIONADOS,1
3,2,20,0,4,1,-15.771767338163562,-70.03264529522005,0,4,0,1,2,2,2,2,7586.903,2.0,2,0,1.0,9,5,1198.0,0.32406401884697567,69.25726165068384,70.45574603347762,6.389012875048519,273.8501729256361,5007.007783125929,13642.312999999998,2020.7790000000005,2354.117,9267.416999999998,3314.0520000000006,10328.260999999997,24.29244952817019,7,2,0,0,5,33.87319820087324,26.76081079476056,40.98558560698592,1.0,0.87319820087324,0.0,0.0,2,0,0.0,0.12680179912676004,0.12680179912676004,0.87319820087324,0.0,0.87319820087324,1.0,0.0,0.0,0.0,20,2,2022,2,1,5,0,0,2,1,0,1,GRAVE_LESIONADOS,1
5,1,3,0,4,0,-15.690460775984993,-71.59342060255727,6,4,0,0,2,0,1,0,6543.555,2.0,4,4,1.0,14,33,1198.0,0.5649362269939818,77.38255516262952,62.90799914166011,8.553205457677265,965.713524953966,7715.586723768736,10322.272,1495.236,1749.739,7077.2970000000005,2886.595,7435.677000000001,27.964725207783708,6,1,0,0,4,31.866595688595503,31.59978706578651,32.1334043114045,1.0,0.0,0.0,0.0,1,0,0.0,0.0,0.0,1.0,0.0,1.0,0.1334043114044965,0.0,0.0,0.0,12,3,2021,10,8,2,0,0,0,1,0,1,GRAVE_LESIONADOS,1
3,2,8,0,4,1,-12.658423115375944,-75.34492739074368,1,2,2,1,2,2,2,2,7202.048028512023,2.0,2,0,1.0,9,15,1367.8855436548236,0.6615756016502545,74.27106149710735,76.5805480951946,11.5692262000276,1270.9254157555436,105359.54973373699,10625.30448690789,1755.6238947798424,1702.9295843350353,7166.751007793012,2212.8672080847873,8412.437278823101,21.307592094303974,17,2,0,0,14,34.66853061958082,24.251397964685616,49.43854847351421,1.0,0.5935752544142979,0.0,0.5935752544142979,2,0,0.0,0.5935752544142979,0.4064247455857021,0.5935752544142979,0.5935752544142979,0.5935752544142979,1.0,0.0,1.0,0.0,8,1,2022,3,19,2,0,0,1,1,0,1,GRAVE_LESIONADOS,1
6,0,20,0,4,0,-16.083259864999626,-69.28210124197854,0,4,0,0,2,0,1,2,6676.175476425128,2.0,3,3,1.0,13,29,1198.0,0.431278959792735,74.46984626874931,73.70374166869229,6.727678478870561,516.066355779688,23221.335887237656,13642.312999999998,2020.7790000000005,2354.117,9267.416999999998,3314.0520000000006,10328.260999999997,24.29244952817019,5,1,0,0,4,38.58490067352655,38.58490067352655,38.58490067352655,1.0,0.0,0.0,0.0,1,0,0.0,0.0,0.0,1.0,0.0,0.12711049086702397,0.872889509132976,0.872889509132976,1.0,0.872889509132976,2,0,2022,4,5,2,0,0,2,1,0,1,GRAVE_LESIONADOS,1
6,1,8,0,4,2,-12.289028503894883,-74.95816089689347,1,4,1,0,7,2,2,2,6543.555,2.0,4,4,1.0,14,33,1198.0,0.38825838209054997,75.43389242825941,53.49766595567503,5.66026544300254,486.06252448836045,5462.116662105232,12441.62770598773,1817.318879713856,1391.3485925986902,9232.960233675183,1971.972210018949,10469.65549596878,15.795605987492102,4,1,0,0,3,50.166537326726626,50.166537326726626,50.166537326726626,0.572458144640288,0.0,0.0,0.427541855359712,1,0,0.0,0.0,0.0,1.0,0.0,0.0,1.0,0.0,0.0,0.0,9,1,2022,7,12,2,0,0,2,1,0,1,GRAVE_LESIONADOS,1
5,1,17,0,4,1,-14.899505558554711,-70.58946216209031,0,4,6,0,2,1,1,2,1749.447576265898,2.0,1,0,0.1608602934850979,9,30,457.65375010753337,0.36827518087196576,69.61833316511652,65.69494508898106,6.426194814146545,409.52859467969336,14884.303765003138,13487.311238403629,1986.0806303937975,2260.804678374284,9240.425929635547,3180.75077457565,10306.560463827978,23.538056319315825,6,1,0,0,4,21.493334549019018,19.80430146742549,23.182367630612546,1.0,0.0,0.0,1.0,1,0,0.0,0.1608602934850979,0.0,0.8391397065149021,0.0,1.0,0.1608602934850979,0.0,1.0,0.0,14,2,2022,9,7,3,0,0,2,1,0,1,GRAVE_LESIONADOS,1
6,1,10,0,4,1,-14.100069526722134,-75.73694016776095,0,4,7,1,2,2,2,1,6639.975,2.0,2,0,1.0,9,31,1616.0,0.611545559046343,79.36690059526526,70.31171804399247,9.195769676398974,1063.7618795427168,28977.13652923772,3721.461,698.1859999999996,744.866,2278.409,1102.9029999999996,2618.558,29.636290693359403,5,1,0,0,4,21.29965211113343,21.29965211113343,21.29965211113343,1.0,0.2996521111334305,0.0,0.2996521111334305,1,0,0.0,0.0,0.0,0.2996521111334305,0.0,0.7003478888665695,0.2996521111334305,1.0,0.2996521111334305,0.7003478888665695,18,2,2021,7,19,2,0,1,0,1,0,1,GRAVE_LESIONADOS,1
3,1,5,0,4,1,-6.333227661999265,-78.839082084882,0,4,1,0,2,1,1,5,9936.932,2.0,2,0,1.0,9,32,3830.0,0.2782523305862375,79.2337131180123,42.27932041199631,3.7308506939331045,283.14688789096544,5043.062320126331,15935.565011852366,1733.9250000199986,935.692,13265.948011832368,2000.1670000199988,13935.398011832369,12.551591352627522,6,1,0,0,4,42.932642873716674,33.4467911934923,52.418494553941045,1.0,0.0,0.0,1.0,1,0,0.0,0.7588681344179496,0.24113186558205035,0.0,0.0,0.0,1.0,0.0,0.7588681344179496,0.0,8,1,2023,10,5,3,0,0,2,1,0,1,GRAVE_LESIONADOS,1
6,1,14,0,4,1,-11.692870378049523,-77.15004932747028,0,3,0,0,2,1,1,1,6553.7559004847035,2.894203479727201,2,0,1.0,0,30,1489.9173093584648,0.6052637031767063,78.88380318295934,64.42396141768535,7.399369265319229,1248.020201272621,20780.641719739833,7626.313,1683.4029999999998,1599.0829999999996,4343.827000000001,1814.875,5811.438000000001,23.797541485643197,7,1,0,0,6,38.95216868245519,37.3652208783632,41.808674729820765,1.0,0.0,0.0,0.894203479727201,1,0,0.0,0.10579652027279896,0.894203479727201,0.0,0.0,0.0,1.0,0.0,0.0,0.10579652027279896,2,0,2021,9,18,1,0,0,0,1,0,1,GRAVE_LESIONADOS,1
4,1,5,0,3,2,-5.840722070189511,-78.84345356695741,0,2,3,0,2,2,2,3,7158.403064157039,2.0,2,1,1.0,11,26,1671.2407622694925,0.454444664853136,74.11896724840004,60.50551282071746,6.328224416649653,682.701604590903,41546.14495907709,15935.565011852366,1733.9250000199986,935.692,13265.948011832368,2000.1670000199988,13935.398011832369,12.551591352627522,4,1,0,0,3,47.407902209580335,41.334223977244605,53.481580441916066,1.0,0.5061398526946443,0.0,1.0,1,0,0.0,0.0,0.49386014730535566,0.5061398526946443,0.5061398526946443,0.0,0.49386014730535566,0.0,0.0,0.5061398526946443,16,2,2024,6,6,1,0,0,2,1,0,1,GRAVE_LESIONADOS,1
5,1,6,0,4,1,-13.826426670264462,-73.3667912139155,0,4,1,0,6,1,0,5,7586.903,2.0,2,0,1.0,9,5,1198.0,0.3180060667469301,67.76539422150498,51.38781943028029,5.4819836790218925,353.91447440463776,7005.711218070476,12857.356588514549,1845.0603022899304,1881.5668536253174,9130.729432599303,2638.990952447612,10218.365636066937,20.472068521060493,4,1,0,0,3,26.8001863514687,23.74149977589633,29.858872927041066,1.0,0.0,0.18537494397408283,0.18537494397408283,1,0,0.0,0.0,0.0,1.0,0.18537494397408283,1.0,0.0,0.0,0.18537494397408283,0.18537494397408283,16,3,2022,5,6,5,0,0,2,1,0,1,GRAVE_LESIONADOS,1
3,1,18,0,4,2,-5.76685079656801,-80.36538450175496,5,4,6,1,5,2,2,0,6192.26532461181,1.9361630415509965,3,3,0.9361630415509965,13,32,1130.5243349194034,0.4711219381120905,76.09910101737763,62.22869757408186,6.817669140541275,681.9894470202587,43319.95781642457,9176.424911054943,1785.2241457497644,666.9063600225713,6724.294405282606,2174.5450430128044,7001.879868042137,23.94944448918165,5,1,0,0,4,37.35110327146952,36.48930433240797,38.21290221053107,1.0,0.9361630415509965,0.0,0.0,1,0,0.0,1.0,0.0,0.0638369584490035,0.9361630415509965,0.0638369584490035,0.0638369584490035,0.9361630415509965,0.9361630415509965,0.9361630415509965,20,1,2022,7,11,5,0,0,0,1,0,1,GRAVE_LESIONADOS,1
2,1,3,0,5,2,-16.472497155360905,-72.47212911962761,1,4,1,0,4,1,1,0,6590.461607288759,2.0,3,2,1.0,11,32,1401.3495317019401,0.5799591316556802,80.70494491480196,71.3739002612884,8.724970724377208,942.9154284538752,8009.7608322515325,10322.272,1495.236,1749.739,7077.2970000000005,2886.595,7435.677000000001,27.964725207783708,5,1,0,0,3,38.64853546471398,34.27019626538991,43.02687466403805,1.0,0.0,0.0,0.48648213325823,1,0,0.0,0.51351786674177,0.0,0.48648213325823,0.0,0.48648213325823,1.0,0.0,0.51351786674177,0.0,8,1,2022,5,21,2,0,1,0,1,0,1,GRAVE_LESIONADOS,1
6,1,12,0,4,0,-7.702553342459464,-77.63744906916911,0,4,0,1,1,2,2,1,6543.555,2.0,4,4,1.0,14,33,1198.0,0.4686292122960986,72.39347765706144,42.14285241633188,6.687776775372348,878.2652317159998,9440.374732334049,8931.828000000005,1335.5899999999997,1935.9830000000004,5660.255000000005,1219.309,7712.519000000005,13.651281686122925,4,1,0,0,3,27.29832465833156,27.29832465833156,27.29832465833156,1.0,0.0,0.0,0.0,1,0,0.0,1.0,0.0,0.0,0.0,0.0,1.0,0.0,0.0,0.0,15,2,2021,6,1,1,0,0,0,1,0,1,GRAVE_LESIONADOS,1
4,1,3,0,4,2,-15.821660371318105,-72.02281058750116,2,4,2,1,6,2,2,0,6543.555,2.0,4,4,1.0,14,33,1198.0,0.4373889953943951,75.08349748772675,54.97228167033018,6.743861047105582,607.1539052055202,1358.6511481446903,10322.272,1495.236,1749.739,7077.2970000000005,2886.595,7435.677000000001,27.964725207783708,8,1,0,0,7,37.82190956133543,37.82190956133543,37.82190956133543,1.0,1.0,0.0,0.0,1,0,0.0,0.5356889704560298,0.0,0.4643110295439702,0.0,0.0,1.0,0.0,0.5356889704560298,0.0,19,2,2022,7,20,0,0,1,0,1,0,1,GRAVE_LESIONADOS,1
6,1,2,1,4,0,-13.340157148954297,-73.91595443267236,0,1,4,0,0,1,1,0,6543.555,2.0,4,4,1.0,14,33,1198.0,0.6014143697342491,76.72252462412153,66.51038882477232,9.829786083793188,1055.0180838958756,4782.497535269298,10497.83498572293,1648.9020979383986,1541.9935139169456,7306.939373867585,2576.661935239833,7921.173050483097,24.630396566244123,5,1,0,0,3,35.26971406480111,35.26971406480111,35.26971406480111,0.39419049459990796,0.0,0.0,0.0,1,0,0.0,0.0,0.0,0.39419049459990796,0.0,0.0,1.0,0.0,0.39419049459990796,0.0,12,3,2023,10,20,4,0,1,0,1,0,1,GRAVE_LESIONADOS,1