CLASE SINIESTRO,CANTIDAD DE VEHICULOS DAÑADOS,DEPARTAMENTO,ZONA,TIPO DE VÍA,RED VIAL,COORDENADAS LATITUD,COORDENADAS  LONGITUD,CONDICIÓN CLIMÁTICA,ZONIFICACIÓN,CARACTERÍSTICAS DE VÍA,PERFIL LONGITUDINAL VÍA,SUPERFICIE DE CALZADA,¿EXISTE SEÑAL VERTICAL?,¿EXISTE SEÑAL HORIZONTAL?,CAUSA FACTOR PRINCIPAL,MTC_RVN_LONGITUD_KM,MTC_RVN_N_CARRILES_MEDIANA,MTC_RVN_SUPERFICIE_DOMINANTE,MTC_RVN_ESTADO_DOMINANTE,MTC_RVN_ES_CONCESIONADA,MTC_RVN_CONCESION_PRINCIPAL,MTC_RVN_CORREDOR_LOGISTICO,MTC_RVN_N_TRAMOS,IDH_2019,IDH_ESP_VIDA_2019,IDH_EDUC_SECUND_PCT_2019,IDH_ANIOS_EDUC_2019,IDH_INGRESO_PERCAP_2019,IDH_POBLACION_2019,MTC_DEP_RED_TOTAL_KM,MTC_DEP_NACIONAL_TOTAL_KM,MTC_DEP_DEPARTAMENTAL_TOTAL_KM,MTC_DEP_VECINAL_TOTAL_KM,MTC_DEP_PAV_TOTAL_KM,MTC_DEP_NO_PAV_TOTAL_KM,MTC_DEP_PCT_PAVIMENTADA,PER_TOTAL_PERSONAS,PER_N_CONDUCTORES,PER_N_CONDUCTORES_FUGADOS,PER_N_PEATONES,PER_N_PASAJEROS_OCUPANTES,PER_EDAD_COND_PROM,PER_EDAD_COND_MIN,PER_EDAD_COND_MAX,PER_ANY_COND_MASCULINO,PER_ANY_LIC_PROBLEMA,PER_ANY_DOSAJE_POS,PER_ANY_DOSAJE_EVALUADO,VEH_TOTAL,VEH_N_FUGADOS,VEH_ANY_FUGADO,VEH_ANY_CARGA,VEH_ANY_PUBLICO,VEH_ANY_PARTICULAR,VEH_ANY_MOTO,VEH_ANY_AUTO,VEH_ANY_CAMION_BUS,VEH_ANY_SOAT_PROBLEMA,VEH_ANY_CITV_PROBLEMA,VEH_ANY_SEGURO_PROBLEMA,HORA_NUM,FRANJA_HORARIA,ANIO,MES,DIA_MES,DIA_SEMANA,ES_FIN_SEMANA,ES_QUINCENA,REGION_NATURAL,TIENE_SEÑALIZACION,ES_VIA_MULTICARRIL,ES_DEPTO_BAJO_PAVIMENTO,CATEGORIA_SEVERIDAD,CATEGORIA_SEVERIDAD_ENC
3,1,4,0,4,0,-15.186399240638256,-72.61841819878752,0,4,7,1,2,1,1,1,6543.555,2.0,4,4,1.0,14,33,1198.0,0.591313133718381,79.56957013745604,68.87121540325991,9.303223069621172,1030.2639892930058,14230.650533090205,10111.206950877604,1471.0022366609555,1778.0102565257946,6862.194457690854,2633.5062013924426,7477.7007494851605,25.791989261560776,4,1,0,0,3,24.696406257105792,21.303593742894208,28.089218771317373,1.0,0.0,0.0,0.8482031285528955,1,0,0.0,0.8482031285528955,0.0,1.0,0.0,0.8482031285528955,1.0,0.0,0.0,0.0,19,2,2021,3,20,3,0,1,0,1,0,1,GRAVE_LESIONADOS,1
4,1,10,1,4,1,-13.516465138670469,-76.19013483378612,0,4,7,1,2,2,2,1,6639.975,2.0,2,0,1.0,9,31,1616.0,0.5730147843759019,78.87247683501676,70.37938493482302,9.123032913367316,894.1973745550486,25450.089536312666,3721.461,698.1859999999996,744.866,2278.409,1102.9029999999996,2618.558,29.636290693359403,6,1,0,0,4,35.394740656871335,32.85965420916178,37.929827104580895,1.0,0.0,0.0,0.5070172895419109,1,0,0.0,0.0,0.5070172895419109,1.0,0.0,0.5070172895419109,1.0,0.0,0.49298271045808906,0.0,4,0,2021,8,7,3,0,0,0,1,0,1,GRAVE_LESIONADOS,1
4,1,4,0,4,1,-13.4726407148433,-74.13045103807536,1,4,3,0,1,2,2,2,7094.544459407526,2.0,2,1,1.0,11,18,1198.0,0.36085611604087964,71.87428849605145,52.158197727918186,5.566156499557949,433.9382974309831,6720.21170839275,12678.733000000004,1805.074000000001,1774.0339999999994,9099.625000000004,2485.375000000001,10193.358000000002,19.602707936195205,11,1,0,0,10,47.32024372358869,43.88761004225809,50.75287740491929,1.0,0.47190251056452304,0.0,1.0,1,0,0.0,1.0,0.528097489435477,0.0,0.0,0.0,1.0,0.47190251056452304,0.0,0.0,15,2,2025,2,13,5,1,0,2,1,0,1,GRAVE_LESIONADOS,1
3,1,19,0,4,1,-10.803894830303296,-75.11344448950076,0,4,3,1,2,2,2,2,6543.555,2.5096875105901715,2,1,1.0,6,31,1339.1834404334775,0.44486041418586425,74.92472692379071,66.41247793140218,7.395930170062596,581.1918860421562,49669.53128909189,11258.776176443493,1899.2863171937336,1478.921872127894,7880.567987121866,2753.6266268236895,8505.149549619804,24.499837728585184,5,1,0,0,3,54.41281240468845,54.41281240468845,54.41281240468845,1.0,0.0,0.0,0.5096875105901717,1,0,0.0,0.5096875105901717,0.0,0.4903124894098283,0.0,0.0,1.0,0.0,0.5096875105901717,0.0,11,0,2022,5,23,0,0,1,0,1,0,1,GRAVE_LESIONADOS,1
3,2,10,0,4,1,-14.117425364029154,-75.6638004923947,0,2,5,0,2,1,1,1,6639.975,2.0,2,0,1.0,9,31,1616.0,0.5978182745477761,78.60057755448189,67.8636872388616,9.032760318504558,1041.9513171178492,27932.19700214133,3721.461,698.1859999999996,744.866,2278.409,1102.9029999999996,2618.558,29.636290693359403,6,2,0,0,4,41.57250498691178,27.153214998130256,55.99179497569331,1.0,1.0,0.0,1.0,2,0,0.0,0.15321499813025463,0.0,1.0,0.8467850018697454,0.15321499813025463,1.0,0.0,0.0,0.0,5,0,2021,5,22,1,0,1,0,1,0,1,GRAVE_LESIONADOS,1
3,2,3,0,4,1,-15.993298355458744,-71.25783222393673,0,4,0,0,2,1,1,0,1504.4250000000002,2.0,2,0,1.0,7,25,241.0,0.46538440896858596,81.80316704993463,68.74406392538197,5.993541155261189,618.0071725301725,1685.7827836309116,10322.272,1495.236,1749.739,7077.2970000000005,2886.595,7435.677000000001,27.964725207783708,5,2,0,0,3,37.327766166752205,27.655532333504418,47.0,1.0,0.0,0.0,0.8319415416880521,2,0,0.0,0.8319415416880521,0.0,1.0,0.0,1.0,1.0,0.0,0.0,0.0,14,2,2022,9,23,4,0,1,0,1,0,1,GRAVE_LESIONADOS,1
3,2,12,0,4,2,-9.597172643349172,-76.9769166542291,0,4,2,1,4,1,1,0,6582.4623976710855,2.0,3,2,1.0,11,32,1366.6713568400082,0.522839908128859,75.13850465089055,64.62395683372019,7.4748665385660775,876.87795002612,75407.42229300288,9513.191009301496,1666.5307426867782,1086.010046947898,6760.650219666821,2485.7067517549294,7027.484257546567,26.016989628936486,6,2,0,0,4,33.385920030239156,26.017599962201057,40.75424009827725,1.0,0.5964800075597888,0.0,1.0,2,0,0.0,0.0,0.0,0.4035199924402112,0.5964800075597888,0.4035199924402112,0.4035199924402112,0.5964800075597888,1.0,0.0,15,3,2021,2,17,3,0,0,0,1,0,1,GRAVE_LESIONADOS,1
3,1,12,0,4,1,-9.288017145501088,-76.76311956621664,0,4,4,0,3,0,1,1,8805.919921412138,2.0,2,1,1.0,10,32,2952.7547688207783,0.34514378966485704,73.97652783296236,62.130153409387546,6.381703953223808,338.3991292884797,2976.120266273503,3752.64965650706,761.4118994487806,802.2469065579664,2188.990850500314,708.4371934745124,3044.2124630325484,18.76959487404406,5,1,0,0,3,35.0004016815537,27.0,43.0008033631074,1.0,0.0,0.0,0.666700140129475,1,0,0.0,0.0,0.333299859870525,0.666700140129475,0.0,0.666700140129475,0.333299859870525,0.0,0.0,0.0,12,2,2023,9,13,4,0,0,1,1,0,1,GRAVE_LESIONADOS,1
6,1,11,0,4,1,-10.673161598013445,-76.64340341493498,1,4,3,0,1,1,1,0,6543.555,2.4919280240391295,3,2,1.0,7,31,1334.2640626588388,0.45544125913146927,77.61639426130724,54.3570802930539,5.4460221551331225,817.0374918925856,20105.15700747139,7922.388895559342,1505.615913811892,1189.0150597701254,5227.757921977324,1431.272528997927,6491.116366561415,18.26631840999886,5,1,0,0,4,36.080719759608705,36.080719759608705,36.080719759608705,1.0,0.0,0.0,0.4919280240391293,1,0,0.0,0.0,0.0,1.0,0.0,1.0,0.0,0.0,0.5080719759608707,0.0,17,2,2022,4,28,3,0,1,1,1,0,1,GRAVE_LESIONADOS,1
6,1,2,0,4,1,-13.400049926396068,-74.16097662772769,0,4,4,0,4,2,2,0,6598.7817253888525,2.0,2,1,1.0,11,31,1437.4189090701116,0.49276061964890117,76.63822091549306,65.53328571311405,7.122053534402749,824.8197842789249,2708.8877664658958,10512.548870703326,1661.7808108467123,1524.5824225366318,7326.185637319983,2550.6865313258213,7961.862339377505,24.350947410623796,20,1,0,0,19,30.136137451314454,30.136137451314454,30.136137451314454,1.0,0.0,0.0,0.572772509737109,1,0,0.0,0.427227490262891,0.572772509737109,0.0,0.0,0.0,1.0,0.0,0.0,0.0,3,0,2023,7,4,5,1,0,0,1,0,1,GRAVE_LESIONADOS,1
6,1,12,0,4,1,-7.740965965317398,-79.26674391827277,0,4,7,1,2,2,2,0,6543.555,3.0,2,0,1.0,0,30,1475.0,0.6010664542124416,77.27960291025431,74.02866266109442,8.979072893315468,1040.8275498835126,8660.234904613733,8931.828000000005,1335.5899999999997,1935.9830000000004,5660.255000000005,1219.309,7712.519000000005,13.651281686122925,6,1,0,0,5,39.3884535294679,39.3884535294679,39.3884535294679,1.0,0.0,0.0,0.0,1,0,0.0,0.0,0.0,1.0,0.0,1.0,0.0,0.0,1.0,0.0,17,2,2023,1,8,6,1,0,0,1,1,1,GRAVE_LESIONADOS,1
5,1,10,0,4,1,-9.633581888160561,-76.8951789642073,0,4,7,1,2,1,1,1,9257.61077423866,2.0,2,0,1.0,9,31,3373.816557560318,0.4417714076260672,73.71057013621545,60.95348675399999,6.258495194502082,652.9469192381632,70613.94597069593,9218.321916187719,1368.4842465454947,1897.6083707977707,5952.229298844453,1562.8448026248818,7655.477113562837,16.6004939439717,5,1,0,1,2,33.381865254146774,32.96977542357795,33.79395508471559,1.0,0.0,0.0,0.20604491528440938,1,0,0.0,0.7939550847155906,0.0,0.20604491528440938,0.0,0.20604491528440938,1.0,0.0,1.0,0.0,16,3,2021,5,27,1,0,1,0,1,0,1,GRAVE_LESIONADOS,1
4,1,13,0,4,1,-9.93707146245784,-78.07812224196603,0,4,7,1,2,2,2,1,6543.555,3.0,2,0,1.0,0,30,1475.0,0.6220135116287219,77.68549304207089,64.25295037279712,10.272765165258436,1160.1081894313463,64738.67285232175,8261.423547905166,1514.1979698023085,1762.9790437752533,4984.246534327605,1525.142405143804,6736.281142761363,18.861560956532877,5,1,0,0,4,47.67565521152832,40.13517234267577,55.21613808038088,1.0,0.4864827657324229,0.0,0.5135172342675771,1,0,0.0,0.4864827657324229,0.4864827657324229,0.5135172342675771,0.4864827657324229,0.5135172342675771,0.4864827657324229,0.0,0.4864827657324229,0.4864827657324229,2,0,2023,7,15,1,0,0,0,1,1,1,GRAVE_LESIONADOS,1
6,1,5,0,4,2,-6.571230008518257,-78.5002704518394,1,4,2,0,1,2,2,2,6543.555,2.0,4,4,1.0,14,33,1198.0,0.2683123290371864,74.45983644363947,45.17342326091906,3.6678925183836877,289.2017676730747,8337.9356008498,15935.565011852366,1733.9250000199986,935.692,13265.948011832368,2000.1670000199988,13935.398011832369,12.551591352627522,6,1,0,0,5,42.34472877471936,39.68091096839919,44.342592129459476,0.3340455484199596,0.0,0.0,0.3340455484199596,1,0,0.0,1.0,0.0,0.0,0.0,0.0,1.0,0.0,0.6659544515800404,0.0,19,2,2022,4,6,2,0,0,2,1,0,1,GRAVE_LESIONADOS,1
5,1,20,0,4,1,-6.631221634026195,-77.19651784935492,0,4,6,0,2,1,1,0,7628.57010105965,2.1068209929639905,2,0,1.0,8,21,2062.711786629694,0.5973671241417597,74.37534541149856,63.43437967521962,8.136542149796757,1236.710307523662,23705.387012582443,5856.7672943774205,907.831552357443,1032.9995430256827,3915.9361989942945,1099.0197144098565,4757.747579967563,18.57628707853604,7,1,0,0,5,29.068209929639906,29.068209929639906,29.068209929639906,1.0,0.8931790070360094,0.0,0.10682099296399061,1,0,0.8931790070360094,0.0,0.10682099296399061,0.8931790070360094,0.8931790070360094,0.0,0.10682099296399061,0.8931790070360094,0.8931790070360094,0.8931790070360094,19,1,2024,3,4,0,0,0,0,1,0,1,GRAVE_LESIONADOS,1
3,2,4,0,4,1,-11.28468615462943,-75.3111187239025,1,3,1,0,2,1,1,2,7627.848464712259,2.0,2,0,1.0,9,8,1421.3202249773724,0.5577186615662737,71.004668598753,73.47269055210252,9.814760018891572,906.1223315977164,104005.29209640855,13456.611564278483,1788.0804056872212,1573.8000705369188,10094.731088054343,2369.485417415664,11087.126146862818,17.91858286476845,5,2,0,0,2,32.04505698289251,24.582677406054103,45.08923871677114,1.0,1.0,0.0,1.0,2,0,0.0,0.7611548395963931,0.23884516040360693,1.0,1.0,0.7611548395963931,0.7611548395963931,0.0,1.0,0.23884516040360693,10,1,2021,4,25,1,0,0,2,1,0,1,GRAVE_LESIONADOS,1
3,1,17,0,4,1,-11.075705109718037,-76.03989326860655,0,4,6,1,2,0,1,1,9769.714204189093,2.0,2,0,1.0,9,31,3717.708514267748,0.3905476551304518,74.54997539781345,82.52545930524062,7.522997904420393,350.58942244980807,3366.8709730841283,3679.3687935116473,571.3629847345721,902.4267396068865,2205.5790691701895,616.8473080316422,3062.5214854800056,16.757158629716354,5,2,0,0,3,39.43111004007414,27.862220080148276,51.0,1.0,0.0,0.0,0.9492811717559837,2,0,0.0,0.0507188282440163,0.0,1.0,0.0,1.0,0.0507188282440163,0.0,0.0,0.0,14,2,2023,8,15,3,0,1,1,1,0,1,GRAVE_LESIONADOS,1
6,1,7,0,4,1,-14.583230608667396,-71.53230844251719,0,4,0,0,2,1,1,2,1447.00232427199,1.0,2,3,0.0,9,5,402.98128180863904,0.4370012899791724,71.05583919710234,63.30829627031476,6.506918940862329,621.2509630477787,1838.3352310943942,17779.13499998999,2097.3709999899997,2863.123,12818.640999999989,2878.713,14900.421999989989,16.19152450331032,5,1,0,0,4,37.779601252721896,37.779601252721896,37.779601252721896,1.0,0.0,0.0,0.3050996868195266,1,0,0.0,0.0,0.0,0.6949003131804734,0.0,1.0,0.0,0.0,0.6949003131804734,0.0,5,0,2022,6,11,5,1,0,2,1,0,1,GRAVE_LESIONADOS,1
3,2,13,0,4,1,-5.8263603352315565,-79.94340533314347,0,4,6,1,2,1,0,1,2189.7282799380437,2.1688592893670355,2,0,1.0,0,21,384.54338764955037,0.4703091457296942,74.91176543888524,59.04522375211969,6.365443427676777,742.49897987499,44335.321199143465,3459.691,515.0619999999999,689.7280000000001,2254.901,703.3549999999999,2756.336,20.329994788551925,8,2,0,0,6,52.79167350202633,47.77851776582412,57.80482923822854,1.0,0.16885928936703531,0.0,1.0,2,0,0.0,0.16885928936703531,0.16885928936703531,0.8311407106329647,0.8311407106329647,0.0,1.0,0.0,0.8311407106329647,0.0,5,0,2021,7,16,2,0,0,0,1,0,1,GRAVE_LESIONADOS,1
4,1,12,0,4,1,-8.194640408692319,-78.44447756147837,0,4,7,1,2,2,2,0,8106.791455727846,2.5393272083450067,2,0,1.0,4,30,2559.8844243475087,0.45610031862174333,75.21914484329875,54.806965522384544,6.204181739801486,728.9826582495223,68511.59659337149,8931.828000000005,1335.5899999999997,1935.9830000000004,5660.255000000005,1219.309,7712.519000000005,13.651281686122925,5,1,0,0,2,42.898898937692614,34.53932720834501,51.258470667040214,1.0,0.5393272083450068,0.0,0.0,1,0,0.0,1.0,0.5393272083450068,0.0,0.5393272083450068,0.0,1.0,0.0,1.0,0.5393272083450068,7,1,2022,5,20,1,0,0,0,1,0,1,GRAVE_LESIONADOS,1
3,1,13,0,4,1,-5.791854519012856,-79.84819383618687,0,4,7,1,2,1,0,1,1305.18,2.0,2,0,1.0,1,20,163.0,0.4703091457296942,74.91176543888524,59.04522375211969,6.365443427676777,742.49897987499,44335.321199143465,3459.691,515.0619999999999,689.7280000000001,2254.901,703.3549999999999,2756.336,20.329994788551925,5,2,0,0,3,47.094455442552785,44.32280641599378,49.86610446911179,1.0,0.0,0.0,0.6929122566397513,2,0,0.3070877433602487,0.0,0.0,0.6929122566397513,1.0,0.0,0.6929122566397513,0.3070877433602487,0.6929122566397513,0.3070877433602487,8,0,2021,8,20,1,0,1,0,1,0,1,GRAVE_LESIONADOS,1
6,1,3,0,4,0,-16.947736469431838,-71.72567430200593,4,4,0,0,2,1,0,0,6636.584945088852,2.0,2,0,1.0,9,31,1601.3034333866408,0.6421361616744281,78.40976385870322,78.65694799771985,8.752116370197065,1217.167579581838,8042.756577653224,10322.272,1495.236,1749.739,7077.2970000000005,2886.595,7435.677000000001,27.964725207783708,5,1,0,0,3,51.29681499457612,42.61324824701686,59.98038174213537,1.0,0.0,0.0,0.9648407497288058,1,0,0.0,0.0,0.0,1.0,0.0,1.0,0.9648407497288058,0.0,0.0,0.0,6,1,2024,10,25,5,0,0,0,1,0,1,GRAVE_LESIONADOS,1
3,2,10,0,4,1,-14.863100060116853,-74.99872708710741,0,4,4,0,2,1,1,0,6639.975,2.0,2,0,1.0,9,31,1616.0,0.5563774842369664,77.00938809632027,69.10246351364754,8.476961866273152,914.8835608305218,27932.19700214133,3721.461,698.1859999999996,744.866,2278.409,1102.9029999999996,2618.558,29.636290693359403,6,2,0,0,4,46.48471782591913,29.353709565441164,63.61572608639709,1.0,0.32314521727941725,0.0,0.32314521727941725,2,0,0.0,1.0,0.0,1.0,0.0,1.0,1.0,0.0,0.0,0.0,4,0,2023,7,28,5,1,1,0,1,0,1,GRAVE_LESIONADOS,1
4,1,10,0,4,0,-11.599983061079344,-75.30975154510934,0,4,3,0,4,1,1,0,8090.566310022158,2.0,3,2,1.0,11,32,2397.9061017913186,0.42874315803016183,72.3035058492669,56.47992862536437,6.389089785046021,708.6148529077108,36706.35506183237,9703.889084363072,1626.1570618389123,1242.449062528276,6835.282959995884,2580.1949650908305,7123.6941192722425,26.47606533320491,5,1,0,0,3,36.57371889727116,35.48550164939222,37.661936145150094,1.0,0.0,0.5441086239394686,1.0,1,0,0.0,0.5441086239394686,0.0,1.0,0.0,0.5441086239394686,0.45589137606053143,0.0,0.45589137606053143,0.0,10,0,2022,7,23,3,0,1,0,1,0,1,GRAVE_LESIONADOS,1
4,1,2,0,4,1,-12.692093555719383,-74.190157662382,0,4,0,0,2,2,2,0,1593.541890716663,1.551712372019967,1,1,0.5517123720199669,7,26,243.6897257678802,0.41102129574705604,78.22769639412303,63.98114265876566,5.902229755851352,492.658091330238,2247.003987016799,10521.928550599236,1669.9906211525727,1513.483350877219,7338.4545785694445,2534.1279559254426,7987.800594673793,24.17280658443186,6,1,0,0,4,42.931163907780366,37.96575255960066,47.896575255960066,1.0,0.0,0.0,0.5517123720199669,1,0,0.0,0.5517123720199669,0.0,1.0,0.0,1.0,0.5517123720199669,0.0,0.4482876279800331,0.0,17,2,2022,7,26,2,0,1,0,1,0,1,GRAVE_LESIONADOS,1
3,1,3,0,4,0,-15.914728547968021,-73.14045339035334,0,4,4,0,2,1,1,0,6605.595588820125,2.0,2,1,1.0,10,31,1466.9583709480605,0.6281553132961534,82.28393208666272,62.56847005002455,8.966235264374099,1178.5311530851911,6242.812096159651,10322.272,1495.236,1749.739,7077.2970000000005,2886.595,7435.677000000001,27.964725207783708,6,2,0,0,4,38.07785186705422,37.36473402470045,38.790969709408,1.0,0.0,0.0,0.0,2,0,0.6434410788231113,0.0,0.0,1.0,0.0,1.0,0.3565589211768887,0.0,0.0,0.0,6,1,2021,4,28,5,1,1,0,1,0,1,GRAVE_LESIONADOS,1
6,1,14,2,2,4,-11.987869109306883,-77.03236186194772,0,2,4,0,1,2,2,0,6543.555,2.0,4,4,1.0,14,33,1198.0,0.6926672156683683,79.75886197518903,74.85631320770175,9.955716601267182,1406.4912011941105,384159.6206226633,7626.313,1683.4029999999998,1599.0829999999996,4343.827000000001,1814.875,5811.438000000001,23.797541485643197,5,1,0,1,3,33.683816537515604,31.8946055125052,35.0257248062734,0.5526972437473994,0.5526972437473994,0.0,0.0,1,0,0.0,0.0,0.0,1.0,0.5526972437473994,0.0,0.44730275625260063,0.5526972437473994,0.5526972437473994,0.5526972437473994,9,1,2024,9,5,2,0,0,0,1,0,1,GRAVE_LESIONADOS,1
3,1,12,0,4,1,-7.704482672373687,-79.36924380459952,0,4,6,1,1,2,2,2,6543.555,2.0,4,4,1.0,14,33,1198.0,0.5573479815296423,76.46798003286014,62.049251702886025,7.944437735252238,995.6379381206991,9448.158832895408,8931.828000000005,1335.5899999999997,1935.9830000000004,5660.255000000005,1219.309,7712.519000000005,13.651281686122925,4,1,0,0,2,24.1034462452957,24.1034462452957,24.1034462452957,1.0,0.9655179182347664,0.0,0.0,1,0,0.0,0.034482081765233596,0.0,0.9655179182347664,0.0,0.9655179182347664,0.034482081765233596,0.0,0.9655179182347664,0.0,12,3,2022,6,22,5,0,0,0,1,0,1,GRAVE_LESIONADOS,1
4,1,19,1,2,2,-5.160752104227625,-80.67121942385752,2,4,7,1,2,1,1,2,6543.555,2.3773484772303117,3,2,1.0,8,31,1302.5255281927964,0.636145053728092,78.61535445130608,75.41409524568454,10.72282426071877,1068.3823955327487,180780.6352599795,8965.846000060003,1782.4120000599992,636.9959999999999,6546.438000000004,2214.505000059999,6751.341000000004,24.699342371541725,5,1,0,0,3,33.91518946631204,25.509393908921247,42.32098502370283,1.0,0.6226515227696884,0.0,0.3773484772303116,1,0,0.0,0.0,0.0,1.0,0.6226515227696884,0.3773484772303116,0.0,1.0,0.3773484772303116,0.0,17,1,2021,4,5,4,0,0,0,1,0,1,GRAVE_LESIONADOS,1
5,1,14,0,4,1,-10.876255823981495,-76.97449519103264,0,4,5,0,2,1,0,2,1422.177,2.0,2,0,0.0,9,19,698.0,0.29559808446693386,78.2557910613219,67.48762565973655,4.132242284746874,330.5660819463567,1598.9525120271917,7626.313,1683.4029999999998,1599.0829999999996,4343.827000000001,1814.875,5811.438000000001,23.797541485643197,4,1,0,0,3,48.51645362651997,44.12659780110025,52.90630945193968,1.0,0.0,0.0,0.258226813259983,1,0,0.0,0.0,0.258226813259983,0.741773186740017,0.0,0.741773186740017,0.258226813259983,0.0,0.0,0.0,14,3,2021,8,13,3,0,0,0,1,0,1,GRAVE_LESIONADOS,1
3,1,5,0,4,1,-8.738516029063465,-76.95276041699344,0,4,5,0,2,2,2,2,733.2578785824862,2.0,2,0,0.7565329559332399,8,13,139.90504326786086,0.29251931563521033,72.58696352522598,42.54107619798339,4.663530627675755,303.365015010772,4970.152893621803,16384.413547394426,1822.4121233105825,1404.9579282126397,13157.043495871203,2214.0639977118058,14170.34954968262,13.437795117424871,8,2,0,0,6,37.51306591186648,36.51306591186648,38.51306591186648,1.0,1.0,0.0,0.7565329559332399,2,0,0.0,0.24346704406676012,0.0,0.7565329559332399,0.0,1.0,0.24346704406676012,0.0,1.0,0.0,9,0,2021,9,3,0,0,0,2,1,0,1,GRAVE_LESIONADOS,1
3,1,16,0,4,1,-15.325796162764874,-73.0093176715084,0,4,7,1,2,2,2,2,923.2283580323797,0.6267061618875975,2,0,1.0,10,25,115.31354664973519,0.46867820353405465,74.45036679827297,63.770121024217545,7.973197825068387,652.7312460009982,3794.203835522963,3140.7870883341175,661.578062297494,605.2376765943782,1873.9713494422451,1084.3580075190937,2056.4290808150236,35.42919939234574,4,1,0,0,2,42.746587676224806,41.3732938381124,44.11988151433721,1.0,0.0,0.0,0.5422353872958658,1,0,0.0,0.0,0.0,1.0,0.0,1.0,0.0,0.0,0.0,0.0,16,2,2023,2,14,1,0,0,0,1,0,1,GRAVE_LESIONADOS,1
3,1,11,0,4,1,-11.825998015694509,-75.33560169537856,1,4,6,1,2,0,1,1,7335.998828123526,2.0,2,0,1.0,10,11,1198.0,0.5153561528104351,72.5256598040625,70.55141208064313,8.464247159919136,790.3850911832083,13641.460118807712,12264.545,1826.4639999999995,1105.5389999999998,9332.542,1588.5359999999996,10676.009,12.952261987705208,7,1,0,0,5,50.21544141281097,49.835681338452495,50.59520148716944,1.0,0.0,0.0,0.7595201487169441,1,0,0.0,0.24047985128305593,0.7595201487169441,0.0,0.0,0.0,1.0,0.0,0.0,0.0,17,1,2022,9,3,4,0,0,2,1,0,1,GRAVE_LESIONADOS,1
5,1,5,0,4,1,-8.394224169369169,-77.07198194892896,0,4,5,0,1,2,2,0,6758.472359996676,2.0,3,3,1.0,12,27,1198.0,0.3132614966020616,75.92672574515379,50.506441141682274,4.390350488428101,347.66095609672027,20276.93072534065,16315.3186461332,1808.790581604383,1332.720011838573,13173.808052690245,2181.1370952819257,14134.181550851275,13.3013745729041,6,1,0,0,5,39.92694682884813,36.52814178973832,43.32575186795793,1.0,0.2059881841884732,0.0,0.2059881841884732,1,0,0.0,0.0,0.2059881841884732,1.0,0.0,1.0,0.2059881841884732,0.0,0.2059881841884732,0.0,12,2,2022,6,8,4,0,0,2,1,0,1,GRAVE_LESIONADOS,1
3,2,3,0,3,1,-13.990602796774615,-73.44572991186759,1,2,2,0,3,2,2,1,7283.597695660066,2.0,2,1,1.0,10,13,1198.0,0.5864486725743455,72.30992499132566,76.55145691020584,10.477529613651779,960.2923864103777,102603.74486697254,11993.700661058265,1715.002893441042,1766.9713494088846,8511.726418208338,2602.0112078685816,9391.689453189681,22.033578741961772,7,2,0,0,4,32.85276689811334,26.232669711466173,44.674369017126146,1.0,1.0,0.0,0.7092961271407681,2,0,0.0,0.7092961271407681,0.0,1.0,1.0,0.7092961271407681,0.7092961271407681,0.29070387285923194,1.0,0.0,12,1,2021,5,28,3,0,1,1,1,0,1,GRAVE_LESIONADOS,1
3,1,14,0,4,1,-11.140158728840857,-77.59411849935032,0,4,7,0,2,2,2,2,6543.555,3.0,2,0,1.0,0,30,1475.0,0.7327345537337897,78.20903814342847,76.31492653513806,13.642917835589472,1405.6698219039215,62016.21841541756,7626.313,1683.4029999999998,1599.0829999999996,4343.827000000001,1814.875,5811.438000000001,23.797541485643197,4,1,0,0,2,41.57402438172296,28.359546996940075,54.78850176650584,1.0,0.0,0.0,1.0,1,0,0.0,0.0,0.0,1.0,0.0,1.0,0.9788501766505837,0.0,0.0,0.0,21,1,2023,6,17,0,0,1,0,1,1,1,GRAVE_LESIONADOS,1
3,2,7,0,4,1,-14.271524625304082,-71.23390272688106,0,4,7,1,2,1,0,2,7586.903,2.0,2,0,1.0,9,5,1198.0,0.2708572326957184,67.85180917484291,60.24065927218226,5.385435344916817,215.6923102558263,5166.538153159764,17779.13499998999,2097.3709999899997,2863.123,12818.640999999989,2878.713,14900.421999989989,16.19152450331032,6,2,0,0,4,35.56093031286354,24.446128713791296,46.675731911935785,1.0,0.0,0.0,1.0,2,0,0.0,1.0,0.418932977983946,0.581067022016054,0.0,0.581067022016054,1.0,0.0,0.0,0.0,15,1,2022,1,5,1,0,0,2,1,0,1,GRAVE_LESIONADOS,1