CLASE SINIESTRO,CANTIDAD DE VEHICULOS DAÑADOS,DEPARTAMENTO,ZONA,TIPO DE VÍA,RED VIAL,COORDENADAS LATITUD,COORDENADAS  LONGITUD,CONDICIÓN CLIMÁTICA,ZONIFICACIÓN,CARACTERÍSTICAS DE VÍA,PERFIL LONGITUDINAL VÍA,SUPERFICIE DE CALZADA,¿EXISTE SEÑAL VERTICAL?,¿EXISTE SEÑAL HORIZONTAL?,CAUSA FACTOR PRINCIPAL,MTC_RVN_LONGITUD_KM,MTC_RVN_N_CARRILES_MEDIANA,MTC_RVN_SUPERFICIE_DOMINANTE,MTC_RVN_ESTADO_DOMINANTE,MTC_RVN_ES_CONCESIONADA,MTC_RVN_CONCESION_PRINCIPAL,MTC_RVN_CORREDOR_LOGISTICO,MTC_RVN_N_TRAMOS,IDH_2019,IDH_ESP_VIDA_2019,IDH_EDUC_SECUND_PCT_2019,IDH_ANIOS_EDUC_2019,IDH_INGRESO_PERCAP_2019,IDH_POBLACION_2019,MTC_DEP_RED_TOTAL_KM,MTC_DEP_NACIONAL_TOTAL_KM,MTC_DEP_DEPARTAMENTAL_TOTAL_KM,MTC_DEP_VECINAL_TOTAL_KM,MTC_DEP_PAV_TOTAL_KM,MTC_DEP_NO_PAV_TOTAL_KM,MTC_DEP_PCT_PAVIMENTADA,PER_TOTAL_PERSONAS,PER_N_CONDUCTORES,PER_N_CONDUCTORES_FUGADOS,PER_N_PEATONES,PER_N_PASAJEROS_OCUPANTES,PER_EDAD_COND_PROM,PER_EDAD_COND_MIN,PER_EDAD_COND_MAX,PER_ANY_COND_MASCULINO,PER_ANY_LIC_PROBLEMA,PER_ANY_DOSAJE_POS,PER_ANY_DOSAJE_EVALUADO,VEH_TOTAL,VEH_N_FUGADOS,VEH_ANY_FUGADO,VEH_ANY_CARGA,VEH_ANY_PUBLICO,VEH_ANY_PARTICULAR,VEH_ANY_MOTO,VEH_ANY_AUTO,VEH_ANY_CAMION_BUS,VEH_ANY_SOAT_PROBLEMA,VEH_ANY_CITV_PROBLEMA,VEH_ANY_SEGURO_PROBLEMA,HORA_NUM,FRANJA_HORARIA,ANIO,MES,DIA_MES,DIA_SEMANA,ES_FIN_SEMANA,ES_QUINCENA,REGION_NATURAL,TIENE_SEÑALIZACION,ES_VIA_MULTICARRIL,ES_DEPTO_BAJO_PAVIMENTO,CATEGORIA_SEVERIDAD,CATEGORIA_SEVERIDAD_ENC
5,1,4,0,4,0,-13.068227131117524,-74.27810087506242,0,3,1,1,2,1,0,2,7353.052264049197,2.0,2,0,1.0,10,11,1198.0,0.4941757537843556,77.97943946442494,69.8476499766461,7.159759230297152,720.2685654251907,26888.12244443729,8194.756746941342,1372.3183503768123,1365.5584774848737,5456.879919079657,1518.3455790000164,6676.411167941327,18.631773384510957,6,1,0,0,5,19.474091489356802,17.568944543580493,21.379238435133114,1.0,0.7758650652027869,0.0,0.22413493479721314,1,0,0.0,0.0,0.0,0.22413493479721314,1.0,0.22413493479721314,0.0,0.0,0.7758650652027869,0.0,2,0,2021,8,20,0,0,1,1,1,0,1,GRAVE_LESIONADOS,1
4,1,16,2,4,2,-10.182143766451473,-76.88810546982639,4,1,4,1,2,2,2,0,6607.31436840423,2.0,2,1,1.0,10,31,1474.4096244862876,0.6362373987729514,76.40109534843879,67.42967962624114,9.125537233710341,1299.3898100375152,92699.60709979171,6955.223058877679,1389.2720287112552,1384.3991336245017,4181.551896541923,1543.3910366684222,5411.832022209258,21.817411047917425,5,1,0,0,3,37.362309627752,36.17674428254149,38.54787497296251,1.0,0.3387329557744314,0.0,0.0,1,0,0.0,0.0,0.0,0.3387329557744314,0.3387329557744314,0.0,0.6612670442255686,0.3387329557744314,1.0,0.3387329557744314,15,1,2022,9,26,4,0,1,0,1,0,1,GRAVE_LESIONADOS,1
7,1,7,0,4,1,-12.103052929322452,-74.89290976490966,1,4,7,0,4,1,1,2,7131.728977318855,2.0,2,1,1.0,11,17,1198.0,0.5116692236508753,78.37468680780273,59.00678819091622,7.910734956281002,830.2131951341923,9850.27228657308,12445.239857426535,1817.1323365999172,1397.1785663692572,9230.928954457358,1979.7935816768095,10465.446275749724,15.853604813874155,6,1,0,0,5,39.52414985519262,39.52414985519262,39.52414985519262,1.0,0.43626289855460054,0.0,0.43626289855460054,1,0,0.0,0.0,0.0,0.5637371014453995,0.0,0.5637371014453995,0.43626289855460054,0.43626289855460054,0.43626289855460054,0.0,5,0,2023,9,5,4,0,0,2,1,0,1,GRAVE_LESIONADOS,1
3,1,13,0,4,1,-11.378918582797668,-77.32734969254962,0,4,7,1,2,2,2,2,6620.210902370926,2.204979232825911,2,0,1.0,7,30,1587.0979281715465,0.6712198367269533,76.20721422737171,66.52183426621023,10.060380952841452,1452.2464651966407,8529.738411167602,7893.91646314272,1612.1085580931212,1668.1405035390492,4613.66740151055,1692.7963382228036,6201.120124919917,21.717768935885154,20,1,0,0,19,41.53443928629959,31.994190080210522,51.07468849238866,1.0,0.0,0.0,0.0,1,0,0.0,0.7950207671740892,0.7950207671740892,0.2049792328259108,0.0,0.2049792328259108,0.7950207671740892,0.0,0.2049792328259108,0.0,10,1,2023,7,13,3,0,0,0,1,0,1,GRAVE_LESIONADOS,1
6,1,5,0,4,2,-6.80377778919879,-78.32661964988579,0,4,0,0,2,2,2,0,6543.555,2.0,4,4,1.0,14,33,1198.0,0.21463506576512797,72.79118268982582,37.80096903214718,3.4040143038349298,191.65639940529337,9486.572512261655,15935.565011852366,1733.9250000199986,935.692,13265.948011832368,2000.1670000199988,13935.398011832369,12.551591352627522,7,1,0,0,6,31.902087568602724,31.902087568602724,31.902087568602724,1.0,1.0,0.0,0.7419953911261723,1,0,0.0,1.0,0.0,0.0,0.7419953911261723,0.0,0.2580046088738277,1.0,1.0,1.0,11,1,2024,3,10,5,1,0,2,1,0,1,GRAVE_LESIONADOS,1
6,1,8,0,4,1,-12.67529153842429,-74.5855643330268,0,4,4,0,1,1,0,0,7532.357702162746,2.0,2,0,1.0,9,6,1198.0,0.26606858604579675,67.40069240265152,58.18839274326929,3.9672763101301025,256.16105645608434,6149.211246682157,8511.426,1445.3929999999996,2008.516,5057.516999999999,1879.579,6631.846999999998,22.08300935706896,4,1,0,0,3,36.37265076077488,32.581767173849926,39.215813450968604,1.0,0.0,0.0,0.0,1,0,0.0,0.0,0.0,1.0,0.0,1.0,0.0,0.0,0.0,0.0,2,0,2021,10,19,5,1,0,2,1,0,1,GRAVE_LESIONADOS,1
6,1,7,0,4,1,-13.337552415492546,-72.24384851317431,0,4,0,0,2,1,1,2,3023.232935684233,1.0,2,3,0.0,9,10,959.1833271935084,0.4527687877683615,75.54830265373502,61.9383377758835,6.823233430167363,618.9041285930468,2962.9380375105447,17779.13499998999,2097.3709999899997,2863.123,12818.640999999989,2878.713,14900.421999989989,16.19152450331032,4,1,0,0,3,28.0,28.0,28.0,1.0,0.0,0.0,0.0,1,0,0.0,0.0,0.0,1.0,0.0,1.0,0.0,0.0,0.8525426448755004,0.0,6,0,2023,6,10,0,0,0,2,1,0,1,GRAVE_LESIONADOS,1
3,2,12,0,4,1,-11.601129079676987,-77.0487496160464,1,3,0,0,2,1,1,2,6620.864904421223,2.1981963864216683,2,0,1.0,7,30,1588.0543095145447,0.5405759617036586,78.3539948488201,62.99964162417422,8.412980362232569,846.052586070861,13367.618691828187,3183.881049325324,587.253104163155,654.2119638326611,1942.4159813295078,939.2064603663648,2244.674588958959,29.202460705828944,11,1,0,0,9,48.22525059009665,37.0,59.45050118019329,1.0,0.8018036135783319,0.0,0.19819638642166815,1,0,0.0,0.0,0.0,0.8018036135783319,0.0,0.8018036135783319,0.19819638642166815,0.0,0.0,0.0,19,1,2021,9,23,3,0,1,0,1,0,1,GRAVE_LESIONADOS,1
6,1,13,0,4,1,-11.378316808525057,-77.0628084747508,0,4,6,0,1,1,0,0,6543.555,2.874398031708331,2,0,1.0,1,30,1440.2082547832076,0.5687888818069866,78.73760114552312,61.72439595552386,6.745388142315771,1158.0127423173244,20764.775265815675,7699.506793410161,1639.4517312455373,1497.7088977799835,4562.34616438464,1720.043504308297,5979.463289101865,22.430151552263496,5,1,0,0,4,32.256019682916694,32.256019682916694,32.256019682916694,1.0,0.0,0.0,0.8743980317083307,1,0,0.0,0.0,0.0,1.0,0.0,1.0,0.0,0.0,0.12560196829166925,0.0,16,2,2024,2,28,3,0,1,0,1,0,1,GRAVE_LESIONADOS,1
4,1,14,2,2,2,-12.029292972646118,-76.91183150939789,3,3,3,1,4,2,2,0,4545.459801171418,2.0,3,2,1.0,10,26,830.664530564861,0.6868549636939637,79.62363164345142,76.30894566128948,9.209137883551294,1425.4498631666322,684921.8484148846,7626.313,1683.4029999999998,1599.0829999999996,4343.827000000001,1814.875,5811.438000000001,23.797541485643197,8,2,0,0,6,43.64046786080828,39.40311406731087,47.87782165430569,1.0,0.6474707586994827,0.0,0.0,2,0,0.0,0.6474707586994827,0.6474707586994827,0.3525292413005173,0.0,0.3525292413005173,0.6474707586994827,0.6474707586994827,0.6474707586994827,0.6474707586994827,16,1,2022,5,15,5,1,0,0,1,0,1,GRAVE_LESIONADOS,1
3,2,12,0,4,1,-11.606177692175963,-76.4259974761713,0,4,0,0,2,2,2,2,1493.5604664616712,2.0,2,0,0.2773164255255134,9,20,591.7878090237284,0.20170031297722535,76.67867267074476,52.98084280570879,5.884937392436522,127.8111325319689,2288.6605117334707,7871.769373346164,1617.3989175606723,1712.6254960521874,4541.744959733304,1832.8184819972028,6038.950891348961,23.32207356429834,7,2,0,0,5,49.72268357447449,34.941214978678595,64.50415217027037,1.0,0.0,0.0,1.0,2,0,0.0,0.2773164255255134,0.7226835744744866,0.2773164255255134,0.0,0.0,1.0,0.0,0.0,0.0,12,3,2022,7,10,0,0,0,0,1,0,1,GRAVE_LESIONADOS,1
3,1,8,1,4,1,-10.372356017412367,-75.52553253266785,4,4,2,0,2,1,0,1,756.525260345669,1.6807747022138115,1,3,0.0,9,17,196.6470511630651,0.32446452321020136,70.7297754057035,44.560488024993134,4.585545826011261,426.81154024659276,8540.540465521626,8305.580834066312,1369.204099201741,1180.327024543512,5756.049710321058,1321.534361101294,6984.0464729650175,15.838835006172195,6,1,0,0,4,39.2134150311826,30.022956551296147,48.40387351106906,1.0,0.0,0.0,0.0,1,0,0.0,0.31922529778618847,0.0,0.6807747022138115,1.0,0.6807747022138115,0.0,0.0,1.0,0.0,15,3,2022,3,21,4,0,0,2,1,0,1,GRAVE_LESIONADOS,1
3,2,21,1,4,1,-5.996521981425205,-77.21581726625121,0,0,7,1,2,1,1,0,7087.817853189312,2.0,2,0,1.0,8,20,1938.4253361132512,0.48963166722825824,73.35846508827252,55.27499185842703,6.532227659540192,875.4119581693169,47532.44871190769,5645.136,815.0759999999999,965.298,3864.762,1013.406,4631.73,17.95184385283189,5,2,0,0,3,24.34679495888817,19.223148273949583,29.47044164382676,1.0,1.0,0.09408832876535245,0.09408832876535245,2,0,0.0,0.0,1.0,0.9059116712346476,1.0,0.0,0.09408832876535245,0.9059116712346476,1.0,0.9059116712346476,6,0,2024,10,12,5,0,0,1,1,0,1,GRAVE_LESIONADOS,1
5,1,14,2,2,4,-12.11612570130335,-76.97629450682595,0,1,1,0,2,2,2,0,6543.555,2.0,4,4,1.0,14,33,1198.0,0.732730930966783,80.51052450122017,77.20222474807728,10.482666724201547,1560.915888309241,382101.9352244989,7626.313,1683.4029999999998,1599.0829999999996,4343.827000000001,1814.875,5811.438000000001,23.797541485643197,6,1,0,0,4,37.12663712551837,33.25327425103675,40.12663712551837,0.12663712551837436,0.12663712551837436,0.0,0.0,1,0,0.0,0.0,0.0,1.0,0.0,0.0,1.0,0.12663712551837436,0.12663712551837436,0.12663712551837436,8,1,2024,10,9,0,0,0,0,1,0,1,GRAVE_LESIONADOS,1
3,2,20,2,2,3,-15.847106928365848,-70.01555818389896,0,0,7,1,2,0,0,2,6543.555,2.0,4,4,1.0,14,33,1198.0,0.6488901960567479,69.67312345830231,82.12448375199249,11.701623814093702,1230.336353415943,144745.3597430407,13642.312999999998,2020.7790000000005,2354.117,9267.416999999998,3314.0520000000006,10328.260999999997,24.29244952817019,11,2,0,0,9,36.375180737545904,33.4644406321822,39.285920842909604,1.0,0.0,0.0,0.0,2,0,0.0,0.0,1.0,1.0,0.0,1.0,1.0,0.0,0.0,0.0,14,2,2021,9,11,6,1,0,2,1,0,1,GRAVE_LESIONADOS,1
2,2,10,0,4,1,-13.627658947086555,-76.21036750426018,0,2,7,1,2,2,2,1,140.11894704337047,-1.0,2,1,0.4930301251588023,10,31,15.0,0.6116306119407614,77.88423285931401,66.61896346762828,9.677334090822484,1093.1180955609898,6925.579233155617,3721.461,698.1859999999996,744.866,2278.409,1102.9029999999996,2618.558,29.636290693359403,5,2,0,0,3,47.77439456194419,45.53484937420599,50.01393974968239,1.0,0.0,0.0,0.5069698748411977,2,0,0.0,0.0,0.0,1.0,0.0,1.0,0.0,0.0,0.0,0.0,15,2,2022,1,26,5,0,1,0,1,0,1,GRAVE_LESIONADOS,1
3,2,4,1,4,1,-6.275787149086224,-78.40035113341354,0,2,6,0,2,1,1,2,7744.287211530696,2.0,2,0,1.0,9,18,2056.3875594993333,0.5778905269925813,74.11966039184541,68.8841946605767,8.849611675823393,1031.0118546121516,102539.3191225784,15668.70528059172,1739.754838017485,1004.3844348601175,12924.566007714116,2039.924186147181,13628.78109444454,13.129348838961043,5,2,0,0,3,36.91277452022662,34.770923414427806,39.65550751230517,1.0,1.0,0.0,1.0,2,0,0.0,0.08193843903814613,0.9180615609618539,1.0,1.0,0.08193843903814613,0.08193843903814613,0.0,1.0,0.9180615609618539,12,2,2022,9,10,0,0,0,2,1,0,1,GRAVE_LESIONADOS,1
5,1,4,0,4,1,-13.476859555798642,-74.17452139446517,0,4,6,0,1,1,1,2,6748.030533748214,2.0,3,3,1.0,13,27,1198.0,0.39195678149056984,75.45588455573105,60.01789891107518,5.92723648504523,460.70334228278864,6218.010863520944,12678.733000000004,1805.074000000001,1774.0339999999994,9099.625000000004,2485.375000000001,10193.358000000002,19.602707936195205,5,1,0,0,4,47.371861292912335,45.21607926119295,49.52764332463171,1.0,1.0,0.0,0.8040198152982381,1,0,0.0,1.0,0.19598018470176193,0.0,0.19598018470176193,0.0,1.0,0.8040198152982381,0.19598018470176193,0.0,11,2,2024,5,18,4,0,1,2,1,0,1,GRAVE_LESIONADOS,1
3,1,14,2,2,4,-4.25047212154055,-73.49161410624022,0,0,7,1,2,2,2,1,6543.555,2.0,4,4,1.0,14,33,1198.0,0.581968151169494,73.16263425943116,56.36278422770974,10.440286279500164,1070.0594223832325,148983.54436307188,1462.8408998931172,216.28795832719288,392.6324580286225,853.9204835373025,360.8509418148558,1101.9899580782621,24.959537642419637,6,2,0,0,3,45.78567332132155,32.83129914663604,70.69442167069259,1.0,1.0,0.0,0.0,2,0,0.0,0.0,0.056233617787985635,0.9437663822120144,1.0,0.0,1.0,0.056233617787985635,1.0,1.0,11,2,2022,11,1,0,0,0,0,1,0,1,GRAVE_LESIONADOS,1
6,1,12,0,4,0,-7.009450034259634,-79.56518540395123,1,4,7,1,2,2,2,0,6394.340639338659,2.0,3,3,1.0,13,32,1170.6574759149928,0.6209870352461261,81.12995618104645,74.35790309271198,8.973324675445296,1065.1045329051053,28866.402779075655,3465.8453014013176,519.3673072919541,691.0243130636279,2255.4536810457353,712.7485088676839,2753.0967925336336,20.54878895873198,12,1,0,0,10,42.09951364072887,38.68179982671127,45.51722745474648,1.0,0.0,0.0,0.0,1,0,0.0,0.9764896611478872,0.0,1.0,0.0,0.023510338852112844,0.9764896611478872,0.0,0.0,0.0,8,1,2023,1,25,3,0,1,0,1,0,1,GRAVE_LESIONADOS,1
6,1,7,0,4,2,-13.817388030452001,-72.00785949306973,0,4,4,0,4,1,1,3,6543.555,2.0,4,4,1.0,14,33,1198.0,0.3103489625759495,72.21004137285819,46.3891086622914,4.019283253435738,394.4241358020133,6567.395143897214,17779.13499998999,2097.3709999899997,2863.123,12818.640999999989,2878.713,14900.421999989989,16.19152450331032,6,1,0,0,5,32.50503731732169,32.50503731732169,32.50503731732169,1.0,0.6237406706695781,0.0,0.0,1,0,0.0,0.0,0.0,1.0,0.0,0.0,1.0,0.0,0.0,0.0,9,1,2022,7,8,3,0,0,2,1,0,1,GRAVE_LESIONADOS,1
3,1,7,0,4,1,-13.7338341295893,-71.6025511044004,0,4,6,0,2,1,1,1,3041.114447349047,1.769858063041807,1,0,0.9232860210139356,5,19,525.418305116372,0.46323360291796234,65.56329523557037,72.63349305476133,7.238117217883012,722.3112619702448,8068.768747057409,17779.13499998999,2097.3709999899997,2863.123,12818.640999999989,2878.713,14900.421999989989,16.19152450331032,7,1,0,0,6,34.926004294195096,34.926004294195096,34.926004294195096,0.9232860210139356,0.0,0.0,0.9232860210139356,1,0,0.0,0.0,0.0,1.0,0.0,1.0,0.9232860210139356,0.0,0.9232860210139356,0.0,18,2,2023,5,26,6,1,1,2,1,0,1,GRAVE_LESIONADOS,1
6,1,7,0,4,1,-13.106470791305764,-72.35228033780143,0,4,0,0,2,1,1,2,3447.8009999999995,1.0,2,3,0.0,9,12,1109.0,0.4706944943299555,76.79406176595778,61.64424635983724,7.141255198110581,653.4175319142125,3282.6252676659524,17779.13499998999,2097.3709999899997,2863.123,12818.640999999989,2878.713,14900.421999989989,16.19152450331032,6,1,0,0,5,35.0,35.0,35.0,1.0,0.5448246756734317,0.0,0.45517532432656826,1,0,0.0,0.0,0.0,0.0,0.0,1.0,0.0,0.0,0.0,0.0,14,3,2023,4,29,2,0,1,2,1,0,1,GRAVE_LESIONADOS,1
5,1,4,0,4,1,-13.417132602669994,-74.18561349848403,0,4,1,0,5,1,1,2,6824.990262284464,2.0,3,2,1.0,12,25,1198.0,0.3884466848207354,75.41442186907827,60.66090351471527,5.877511883146753,450.8351767616403,6146.153690392651,12678.733000000004,1805.074000000001,1774.0339999999994,9099.625000000004,2485.375000000001,10193.358000000002,19.602707936195205,5,1,0,0,4,41.31587945398027,38.34871232936884,44.28304657859171,0.26974246587376705,0.26974246587376705,0.0,0.730257534126233,1,0,0.0,0.26974246587376705,0.26974246587376705,0.730257534126233,0.26974246587376705,0.0,1.0,0.0,0.26974246587376705,0.0,12,2,2022,7,28,3,0,1,2,1,0,1,GRAVE_LESIONADOS,1
3,1,10,2,3,1,-13.343091741934732,-75.3630990666854,0,0,7,0,3,2,2,1,6611.280284686592,2.0,2,1,1.0,10,31,1491.6026654116902,0.7790472387048042,79.90506755660084,79.16876539175124,12.930786310739578,1668.9855560625674,104007.82120087987,8428.633846314271,1627.4042601495728,1643.918418276881,5157.311167887817,2133.820242643501,6294.81360367077,25.037700690844325,29,1,0,0,26,40.4047974421612,31.976012789194016,48.83358209512838,1.0,0.29760127891940136,0.0,0.0,1,0,0.0,0.0,0.7023987210805986,0.29760127891940136,0.29760127891940136,0.0,0.7023987210805986,0.29760127891940136,1.0,0.0,9,1,2023,6,7,3,0,0,0,1,0,1,GRAVE_LESIONADOS,1
6,1,8,0,4,1,-10.807017325421725,-76.39092163554604,0,4,7,0,2,1,1,0,915.488681756294,2.0,2,0,1.0,7,27,148.09484527294512,0.5955326007566264,79.55096712859351,69.07113244279502,8.680816851954676,1027.2487636442108,34260.515463727905,9406.105936458833,1390.0449621875503,1872.455508063728,6143.605466207555,1788.0172425230326,7618.0886939358,18.533571413054233,5,1,0,0,4,24.294509032874288,24.294509032874288,24.294509032874288,0.6589018065748572,0.0,0.0,0.3410981934251428,1,0,0.0,0.0,0.0,1.0,0.0,0.0,1.0,0.0,0.6589018065748572,0.0,9,1,2022,7,5,3,0,0,0,1,0,1,GRAVE_LESIONADOS,1
6,1,5,0,4,3,-5.89624389024885,-78.98279409907644,0,4,7,0,1,2,2,2,6543.555,2.0,4,4,1.0,14,33,1198.0,0.3180019507706497,75.61029184794847,31.862139057218865,4.691943080298115,404.3129078005993,8739.529754304993,15935.565011852366,1733.9250000199986,935.692,13265.948011832368,2000.1670000199988,13935.398011832369,12.551591352627522,6,1,0,0,5,52.652010211479464,52.652010211479464,52.652010211479464,1.0,0.0,0.0,1.0,1,0,0.0,0.9891253191087334,0.010874680891266642,0.0,0.0,0.0,1.0,0.0,0.0,0.0,17,1,2024,6,13,3,0,0,2,1,0,1,GRAVE_LESIONADOS,1
5,1,9,0,3,1,-12.37438409071227,-74.21219943669912,0,3,1,1,1,1,0,2,6543.555,2.0,4,4,1.0,14,33,1198.0,0.6275010972454255,73.21893515869336,78.02331132476748,11.050303072648994,1099.282599854412,122418.1073157002,13726.172120671707,1898.2671654875357,1571.3818715939576,10256.523083590211,1930.4939141278467,11795.67820654386,13.810819730672915,6,1,0,0,4,41.19271279334178,38.14466898813502,44.24075659854853,1.0,0.2650472874092833,0.0,0.7349527125907167,1,0,0.0,0.7349527125907167,0.0,0.2650472874092833,0.0,0.2650472874092833,1.0,0.0,0.2650472874092833,0.0,11,1,2021,7,18,5,1,1,2,1,0,1,GRAVE_LESIONADOS,1
5,1,17,0,4,1,-8.86726798577272,-76.64598035064952,0,4,2,0,5,1,1,0,6575.175022753356,2.0,3,2,1.0,12,32,1335.0791278873946,0.48821315706768365,75.69334939273752,56.038511976340075,6.792224171384569,811.2996272569724,31619.783037259476,5014.285063782814,776.74303526613,893.0094202907317,3344.532608225952,1042.7556906902826,3971.529373092531,21.783647160836995,4,1,0,0,3,29.755137211404836,27.951464476044382,31.558809946765294,1.0,0.3279404973382646,0.0,0.3279404973382646,1,0,0.0,0.3279404973382646,0.0,1.0,0.0,0.0,1.0,1.0,0.6720595026617354,0.6720595026617354,17,2,2023,6,19,4,0,1,0,1,0,1,GRAVE_LESIONADOS,1
3,2,12,0,4,0,-7.044517527859976,-79.59006696179901,1,3,6,1,2,1,1,2,6548.57113045994,2.0,3,3,1.0,13,32,1219.7459296023087,0.4580167103840032,80.86151552201437,62.21381156326503,8.05865074668977,523.3847819695685,11034.194152879147,3473.3092583540583,524.5887981160123,692.5964858048137,2256.123974433232,724.1409872745053,2749.1682710795526,20.814143246935174,8,2,0,0,6,30.144522610647833,26.572261305323917,33.716783915971746,1.0,0.052023755029446894,0.0,0.9479762449705531,2,0,0.0,0.0,0.9479762449705531,1.0,0.0,1.0,0.9479762449705531,0.0,0.0,0.0,19,2,2021,3,8,0,0,0,0,1,0,1,GRAVE_LESIONADOS,1
3,2,20,0,4,1,-15.946339432269683,-69.83447932793584,0,4,6,1,2,2,2,2,7586.903,2.0,2,0,1.0,9,5,1198.0,0.29536504354874143,64.75107705178159,72.13582989176768,6.98727247277458,223.71178260686133,6929.606698365439,13642.312999999998,2020.7790000000005,2354.117,9267.416999999998,3314.0520000000006,10328.260999999997,24.29244952817019,7,2,0,0,5,42.30671659368445,27.568230193483597,57.0452029938853,1.0,0.0,0.8863539613032806,0.8863539613032806,2,0,0.0,0.11364603869671941,0.11364603869671941,0.8863539613032806,0.8863539613032806,0.8863539613032806,0.11364603869671941,0.0,0.8863539613032806,0.8863539613032806,12,3,2022,7,26,4,0,0,2,1,0,1,GRAVE_LESIONADOS,1
3,2,13,2,3,4,-6.795895716220161,-79.82224776991457,0,2,1,1,2,2,2,0,6543.555,2.0,4,4,1.0,14,33,1198.0,0.5696540704385994,80.74246768173467,73.19541763250703,9.604104392098334,808.4521360336865,96862.35014685482,3468.2543929449917,516.2375673425772,690.8077865852729,2261.209039017142,704.5698960719614,2763.68449687303,20.32067630149548,4,2,0,0,2,31.954938688062427,30.945142750684695,32.96473462544016,1.0,0.003918374951093262,0.0,0.9960816250489067,2,0,0.0,0.9960816250489067,0.0,1.0,1.0,0.0,0.9960816250489067,0.003918374951093262,1.0,1.0,8,1,2022,7,24,3,0,1,0,1,0,1,GRAVE_LESIONADOS,1
3,2,13,0,4,1,-11.567060265681747,-77.2040008890167,0,4,7,1,2,2,2,1,782.3737707412527,-0.9983820431790194,0,0,0.9994606810596731,9,14,161.03074117959864,0.6059818458477867,79.10627957345372,64.14593820359717,7.172349035692389,1269.7785836839544,20979.785744588993,7624.065861838218,1682.7728915699392,1598.5925676250185,4342.7004026432605,1814.2755362114476,5809.790325626771,23.795671372032988,5,2,0,0,3,55.49595510794755,47.991910215895096,63.0,1.0,0.0005393189403268828,0.0,0.9994606810596731,2,0,0.0,0.0005393189403268828,0.0,1.0,0.0005393189403268828,0.9994606810596731,0.0005393189403268828,0.0005393189403268828,0.0005393189403268828,0.0005393189403268828,6,0,2021,11,5,5,0,0,0,1,0,1,GRAVE_LESIONADOS,1
3,1,8,0,4,1,-11.629784547812841,-75.658205477386,0,4,4,1,2,1,0,0,745.4521516480622,-0.40682109144243306,1,0,0.19772630285252224,8,31,148.13642182884865,0.2890121990149316,67.23269166675617,56.18350052616847,4.65226071880695,293.43591466080875,28624.53913409882,8594.550533171807,1423.6820587678842,1994.1743180751982,5176.694156328724,1749.026254015565,6845.5242791562405,20.41583501803349,7,1,0,0,5,47.418189577179824,39.395452605705046,55.4409265486546,1.0,0.8022736971474778,0.0,0.0,1,0,0.0,0.0,0.0,1.0,0.0,0.8022736971474778,0.19772630285252224,0.19772630285252224,0.19772630285252224,0.19772630285252224,5,0,2021,6,25,2,0,0,1,1,0,1,GRAVE_LESIONADOS,1
5,1,7,0,4,1,-13.848136945849419,-73.84959567827889,0,4,1,1,2,2,2,4,1642.227403260727,2.0,2,2,1.0,8,24,299.21750309028204,0.2971670339234216,77.34603827027217,49.022153366783925,4.798591239154886,280.7639063413217,4091.595993007582,12884.242437463057,1851.0789121069024,1897.752353444323,9135.411171911832,2662.1127323196542,10222.129705143401,20.602921884610357,6,2,0,0,4,29.826976581034472,28.653953162068948,31.0,1.0,0.0,0.0,0.7867230147335408,2,0,0.7867230147335408,0.0,0.0,1.0,0.0,0.21327698526645922,0.7867230147335408,0.21327698526645922,0.21327698526645922,1.0,13,3,2022,2,20,4,0,1,2,1,0,1,GRAVE_LESIONADOS,1
1,1,5,2,4,1,-5.818222263679786,-78.77486588238786,0,1,3,0,2,0,0,0,3889.1364010323,2.0,2,0,1.0,4,20,1066.14332442184,0.5803239946829384,74.49544278598792,68.33065356443184,8.733179344969395,1046.078117086984,102362.46895074946,15935.565011852366,1733.9250000199986,935.692,13265.948011832368,2000.1670000199988,13935.398011832369,12.551591352627522,9,1,0,1,5,33.429932392831326,33.17506935518723,33.68479543047542,1.0,0.5097260752881797,0.4902739247118203,0.4902739247118203,1,0,0.0,0.5097260752881797,0.0,1.0,0.4902739247118203,0.5097260752881797,0.5097260752881797,0.0,0.4902739247118203,0.0,18,2,2022,7,4,5,1,0,2,1,0,1,GRAVE_LESIONADOS,1