CLASE SINIESTRO,CANTIDAD DE VEHICULOS DAÑADOS,DEPARTAMENTO,ZONA,TIPO DE VÍA,RED VIAL,COORDENADAS LATITUD,COORDENADAS  LONGITUD,CONDICIÓN CLIMÁTICA,ZONIFICACIÓN,CARACTERÍSTICAS DE VÍA,PERFIL LONGITUDINAL VÍA,SUPERFICIE DE CALZADA,¿EXISTE SEÑAL VERTICAL?,¿EXISTE SEÑAL HORIZONTAL?,CAUSA FACTOR PRINCIPAL,MTC_RVN_LONGITUD_KM,MTC_RVN_N_CARRILES_MEDIANA,MTC_RVN_SUPERFICIE_DOMINANTE,MTC_RVN_ESTADO_DOMINANTE,MTC_RVN_ES_CONCESIONADA,MTC_RVN_CONCESION_PRINCIPAL,MTC_RVN_CORREDOR_LOGISTICO,MTC_RVN_N_TRAMOS,IDH_2019,IDH_ESP_VIDA_2019,IDH_EDUC_SECUND_PCT_2019,IDH_ANIOS_EDUC_2019,IDH_INGRESO_PERCAP_2019,IDH_POBLACION_2019,MTC_DEP_RED_TOTAL_KM,MTC_DEP_NACIONAL_TOTAL_KM,MTC_DEP_DEPARTAMENTAL_TOTAL_KM,MTC_DEP_VECINAL_TOTAL_KM,MTC_DEP_PAV_TOTAL_KM,MTC_DEP_NO_PAV_TOTAL_KM,MTC_DEP_PCT_PAVIMENTADA,PER_TOTAL_PERSONAS,PER_N_CONDUCTORES,PER_N_CONDUCTORES_FUGADOS,PER_N_PEATONES,PER_N_PASAJEROS_OCUPANTES,PER_EDAD_COND_PROM,PER_EDAD_COND_MIN,PER_EDAD_COND_MAX,PER_ANY_COND_MASCULINO,PER_ANY_LIC_PROBLEMA,PER_ANY_DOSAJE_POS,PER_ANY_DOSAJE_EVALUADO,VEH_TOTAL,VEH_N_FUGADOS,VEH_ANY_FUGADO,VEH_ANY_CARGA,VEH_ANY_PUBLICO,VEH_ANY_PARTICULAR,VEH_ANY_MOTO,VEH_ANY_AUTO,VEH_ANY_CAMION_BUS,VEH_ANY_SOAT_PROBLEMA,VEH_ANY_CITV_PROBLEMA,VEH_ANY_SEGURO_PROBLEMA,HORA_NUM,FRANJA_HORARIA,ANIO,MES,DIA_MES,DIA_SEMANA,ES_FIN_SEMANA,ES_QUINCENA,REGION_NATURAL,TIENE_SEÑALIZACION,ES_VIA_MULTICARRIL,ES_DEPTO_BAJO_PAVIMENTO,CATEGORIA_SEVERIDAD,CATEGORIA_SEVERIDAD_ENC
5,1,9,0,4,1,-10.57041211876526,-76.05851905527427,0,4,2,1,1,1,1,0,1760.1102892775946,1.30006708290544,1,2,0.30006708290543993,9,32,318.8071107879766,0.29817693168332704,77.95122159489877,46.623010806530836,4.644098718395793,449.2657576604184,19467.18123610239,9349.054475023375,1383.4945095175217,1880.0973062113596,6085.462659294494,1719.6066463890793,7629.447828634296,17.946274929999444,7,1,0,0,6,50.19892667351296,47.79839001026944,52.59946333675648,1.0,1.0,0.0,0.30006708290543993,1,0,0.0,0.6999329170945601,0.0,0.30006708290543993,0.30006708290543993,0.30006708290543993,0.6999329170945601,0.30006708290543993,1.0,0.30006708290543993,8,0,2021,6,3,3,0,0,0,1,0,1,GRAVE_LESIONADOS,1
6,1,12,0,4,1,-7.99707760401155,-78.30611189164614,0,4,7,1,2,2,2,5,9423.635256182899,2.0,2,0,1.0,9,32,3431.872403294237,0.4320883936567258,76.718936301794,43.003289188979466,6.269065613037991,662.0777072841523,13167.552462526766,8931.828000000005,1335.5899999999997,1935.9830000000004,5660.255000000005,1219.309,7712.519000000005,13.651281686122925,18,1,0,0,17,47.18482858644789,46.579771448597185,47.638621439835916,0.8487357155373241,0.0,0.0,0.0,1,0,0.0,0.0,1.0,0.0,0.15126428446267592,0.0,0.8487357155373241,0.15126428446267592,0.0,0.15126428446267592,10,1,2023,5,27,3,0,1,0,1,0,1,GRAVE_LESIONADOS,1
3,2,3,0,4,1,-16.210518439328677,-71.64924942394353,0,4,1,0,2,1,1,1,1504.4250000000002,2.0,2,0,1.0,7,25,241.0,0.6005060748875158,78.21704200773246,77.40211893847457,8.994742794352394,996.014120858737,33335.45824411135,10322.272,1495.236,1749.739,7077.2970000000005,2886.595,7435.677000000001,27.964725207783708,5,2,0,0,3,47.00727682807475,38.59117996191719,55.42337369423232,1.0,0.0,0.0,0.7153252611535363,2,0,0.0,1.0,0.0,0.0,0.0,0.0,1.0,0.0,0.0,0.0,17,2,2021,4,22,3,0,0,0,1,0,1,GRAVE_LESIONADOS,1
4,1,3,0,4,1,-16.73101462676911,-71.94802464642622,0,4,7,1,2,0,1,0,289.55,2.0,2,0,1.0,7,25,10.0,0.6456305778571253,75.67334095395331,77.09261911098552,10.479683603540597,1179.2653123056473,21630.747323340474,10322.272,1495.236,1749.739,7077.2970000000005,2886.595,7435.677000000001,27.964725207783708,5,1,0,0,3,47.33712234476357,42.34489212019669,52.32935256933046,1.0,0.3759712219291391,0.0,0.3759712219291391,1,0,0.0,0.0,0.0,1.0,0.0,1.0,0.6240287780708609,0.0,0.0,0.0,18,2,2022,2,21,5,0,0,0,1,0,1,GRAVE_LESIONADOS,1
6,1,10,0,4,1,-13.37568044503765,-76.2086377097204,0,4,7,1,2,2,2,0,6639.975,2.0,2,0,1.0,9,31,1616.0,0.5736744275518083,81.67473861808857,68.1608574885675,9.138785887908334,865.1176766860625,26660.92933618844,3721.461,698.1859999999996,744.866,2278.409,1102.9029999999996,2618.558,29.636290693359403,5,1,0,0,4,25.604867769453236,25.604867769453236,25.604867769453236,1.0,0.0,0.0,0.0,1,0,0.0,0.0,0.0,1.0,0.0,0.756310096980294,0.24368990301970594,0.0,0.24368990301970594,0.0,6,1,2022,4,20,2,0,0,0,1,0,1,GRAVE_LESIONADOS,1
3,2,7,0,4,0,-13.746120653582407,-71.22307884721103,0,4,3,0,4,1,1,2,7106.610048128527,2.0,2,1,1.0,11,17,1198.0,0.2851945637769315,62.998517026694415,59.10025939388993,5.492223452722848,291.7440474628271,5361.589483665066,17779.13499998999,2097.3709999899997,2863.123,12818.640999999989,2878.713,14900.421999989989,16.19152450331032,4,2,0,0,2,35.68270568877478,16.698308944515762,54.6671024330338,1.0,0.0,0.0,0.5396617889031524,2,0,0.0,0.5396617889031524,0.0,1.0,0.4603382110968476,0.5396617889031524,0.5396617889031524,0.4603382110968476,0.0,0.0,19,2,2022,4,10,1,0,0,2,1,0,1,GRAVE_LESIONADOS,1
5,1,1,0,4,1,-9.919958634986992,-77.1224221026223,0,4,6,0,2,1,1,0,9936.932,2.0,2,0,1.0,9,32,3830.0,0.426221129056432,71.70919712410625,44.20010730533161,6.135635776990411,715.2846988556048,1959.174159048519,10767.648,1885.0630000000003,1222.721,7659.864000000001,2100.343,8667.305000000002,19.506051832303577,10,1,0,0,9,41.73609445227709,40.14768010788969,43.32450879666448,1.0,0.07748362655548269,0.0,0.9225163734445173,1,0,0.0,0.0,1.0,0.07748362655548269,0.07748362655548269,0.9225163734445173,0.07748362655548269,0.0,1.0,0.07748362655548269,12,2,2021,9,30,5,0,1,0,1,0,1,GRAVE_LESIONADOS,1
6,1,10,0,4,2,-11.347022293327143,-75.54433787756672,1,4,1,0,7,2,2,2,6543.555,2.0,4,4,1.0,14,33,1198.0,0.3789412433265031,75.33935421286273,50.05548655070257,5.374776468883098,485.44752741602605,4784.806090489899,12272.012399162673,1826.0783594983684,1117.5913023439878,9328.342737320316,1604.7051183657015,10667.307280796973,13.072162937291296,4,1,0,0,3,59.58533279394502,59.58533279394502,59.58533279394502,0.9819709910410878,0.0,0.0,0.01802900895891224,1,0,0.0,0.0,0.0,1.0,0.0,0.0,1.0,0.0,0.0,0.0,5,0,2022,7,1,0,0,0,2,1,0,1,GRAVE_LESIONADOS,1
3,1,12,0,4,1,-7.7481376943781255,-78.94754578614886,0,4,7,1,2,2,2,1,844.8674248727841,1.8976678204659367,1,0,0.0,9,32,222.36791692645255,0.5288767853504593,77.79962831333324,62.872253194703845,7.817788047860089,892.2717255835475,15867.675503542616,8931.828000000005,1335.5899999999997,1935.9830000000004,5660.255000000005,1219.309,7712.519000000005,13.651281686122925,5,1,0,0,3,45.44883391023297,45.0,45.897667820465934,1.0,0.0,0.0,0.0,1,0,0.0,0.8976678204659368,0.0,0.10233217953406315,0.0,0.10233217953406315,0.8976678204659368,0.0,0.10233217953406315,0.0,7,1,2021,2,10,0,0,0,0,1,0,1,GRAVE_LESIONADOS,1
4,1,14,2,2,4,-11.901881246394014,-77.08186624042841,0,1,7,0,1,2,2,0,6543.555,2.0,4,4,1.0,14,33,1198.0,0.7023422490768207,79.71298141765877,75.65860358600436,10.331097422487858,1428.6582897423723,375607.59759392834,7626.313,1683.4029999999998,1599.0829999999996,4343.827000000001,1814.875,5811.438000000001,23.797541485643197,8,1,0,5,1,30.58950128630262,30.58950128630262,30.58950128630262,1.0,0.5895012863026207,0.0,0.0,1,0,0.0,0.0,0.41049871369737934,1.0,1.0,0.41049871369737934,0.0,0.5895012863026207,1.0,0.5895012863026207,11,1,2024,7,7,2,0,0,0,1,0,1,GRAVE_LESIONADOS,1
3,2,14,0,4,1,-11.097125514679453,-77.14262100052663,0,4,0,1,2,2,2,2,1379.4286841825747,1.7995787511470551,1,0,0.0668070829509817,9,18,662.1245964553228,0.6239734897293541,76.21412323887978,64.38188558361533,7.878254175836176,1372.1090034957422,24436.923305644937,7626.313,1683.4029999999998,1599.0829999999996,4343.827000000001,1814.875,5811.438000000001,23.797541485643197,7,2,0,0,5,37.76933457606865,22.803791239676507,52.7348779124608,1.0,0.0,0.0,1.0,2,0,0.0,0.9331929170490183,0.0,0.0668070829509817,0.0,1.0,0.9331929170490183,0.0,0.0,0.0,15,2,2022,4,11,2,0,0,0,1,0,1,GRAVE_LESIONADOS,1
3,2,7,0,4,1,-13.515317663346071,-71.82865406107983,0,4,7,1,2,0,1,1,3330.378077509156,1.6374024812092216,2,1,0.6374024812092216,6,15,762.8904527033926,0.45594664931679413,68.34615764148025,71.17558121482277,6.923961737520904,678.670568063265,9179.361200032516,17779.13499998999,2097.3709999899997,2863.123,12818.640999999989,2878.713,14900.421999989989,16.19152450331032,10,2,0,0,8,36.36259751879078,34.912207443627665,37.81298759395389,1.0,0.0,0.0,0.6374024812092216,2,0,0.0,0.0,0.3625975187907784,1.0,0.0,1.0,1.0,0.0,0.6374024812092216,0.0,17,2,2023,6,17,3,0,0,2,1,0,1,GRAVE_LESIONADOS,1
6,1,9,0,4,2,-12.636362680299595,-75.17119177950299,0,4,6,0,2,2,2,0,6543.555,2.0,4,4,1.0,14,33,1198.0,0.42878381533308246,71.67055000290048,60.70709407293283,6.60671212983226,588.7361010768542,2076.3545459438656,8336.019527716517,1492.5604175706283,1927.3769836637318,4916.082126482156,1866.7563430255452,6469.26318469097,22.422785218783677,7,1,0,0,6,44.14339710385903,44.14339710385903,44.14339710385903,1.0,0.0,0.0,0.0,1,0,0.0,0.0,0.0,0.1981741001244849,0.0,0.0,1.0,0.0,0.0,0.0,10,2,2025,6,22,3,0,1,1,1,0,1,GRAVE_LESIONADOS,1
4,1,13,0,4,1,-9.994882478962113,-78.05287341026715,0,4,7,1,2,2,2,1,6543.555,3.0,2,0,1.0,0,30,1475.0,0.6265900307369074,77.70713313969647,64.75151743231818,10.41206631163526,1170.2581797302232,64626.1435217196,8235.172028744608,1521.1918531615893,1756.2046008885825,4957.775574694437,1537.1181482493039,6698.053880495305,19.06558368590413,5,1,0,0,4,47.56506026977502,40.336254054954516,54.79386648459552,1.0,0.46637459450454855,0.0,0.5336254054954515,1,0,0.0,0.46637459450454855,0.46637459450454855,0.5336254054954515,0.46637459450454855,0.5336254054954515,0.46637459450454855,0.0,0.46637459450454855,0.46637459450454855,2,0,2023,7,15,1,0,0,0,1,1,1,GRAVE_LESIONADOS,1
4,1,8,0,4,1,-12.22247132056452,-75.2220743550869,2,4,4,1,2,1,1,2,7586.903,2.0,2,0,1.0,9,5,1198.0,0.5139588683187123,73.00522578855119,62.13439074400023,8.268745260732931,860.1156139104183,8274.097868439118,12414.34275166639,1818.727962480458,1347.3109682854697,9248.30382090046,1912.892248386559,10501.45050327983,15.357502725395927,9,1,0,0,8,34.13748687188846,31.786657331120686,36.48831641265624,1.0,0.0,0.0,0.3616660831950428,1,0,0.0,0.3616660831950428,0.3616660831950428,0.6383339168049572,0.0,0.6383339168049572,0.3616660831950428,0.0,0.0,0.0,9,0,2023,7,6,5,1,0,2,1,0,1,GRAVE_LESIONADOS,1
5,1,7,0,4,1,-14.245176505457376,-71.20501579496148,1,4,0,0,1,2,2,2,6543.555,2.0,4,4,1.0,14,33,1198.0,0.3555620768491872,74.63380972071644,60.135190340079,5.755206000756867,362.7324655626738,10251.778507263314,17779.13499998999,2097.3709999899997,2863.123,12818.640999999989,2878.713,14900.421999989989,16.19152450331032,9,1,0,0,8,63.314387327634826,62.01358285503535,64.6151918002343,1.0,0.10840037271662273,0.0,0.8915996272833773,1,0,0.0,0.0,0.0,1.0,0.10840037271662273,0.0,0.8915996272833773,1.0,0.0,0.10840037271662273,4,0,2021,3,11,4,0,0,2,1,0,1,GRAVE_LESIONADOS,1
5,1,20,0,4,0,-6.133011195704331,-77.32090706323892,0,4,0,0,2,2,2,0,6543.555,2.1240669778137953,3,3,1.0,12,32,1232.3665528544211,0.5325132370156623,72.74347888572984,61.30229813458094,7.978697601185418,943.0056327644534,85589.30872495766,5373.994443671731,777.854169718172,931.1088629238525,3665.0314110297063,974.938909461855,4399.055534209875,18.246893852211723,12,1,0,0,10,42.44916277732756,41.890861377165486,43.00746417748964,1.0,0.12406697781379505,0.0,0.0,1,0,0.0,0.0,0.12406697781379505,1.0,0.12406697781379505,0.12406697781379505,0.875933022186205,0.0,1.0,0.12406697781379505,17,1,2021,8,23,5,0,0,0,1,0,1,GRAVE_LESIONADOS,1
5,1,19,0,4,1,-17.132385551342722,-71.44268191254707,0,4,1,0,2,1,0,2,1018.7241445392237,1.0,1,3,0.0,9,32,191.61247790999101,0.6098026254162552,78.39043757741247,75.99302435627891,10.129834859206081,975.8573959295704,35226.120260927106,2882.783539674338,645.3125169602389,543.19837672517,1694.272645988929,1076.1181438472165,1806.6653958271213,38.003089783103576,5,1,0,0,3,36.05997972423492,31.181080377362736,40.93887907110711,1.0,0.21683997097209717,0.0,0.21683997097209717,1,0,0.0,0.0,0.7831600290279028,0.21683997097209717,0.21683997097209717,0.0,0.7831600290279028,0.0,0.21683997097209717,0.0,12,2,2021,6,9,2,0,0,0,1,0,1,GRAVE_LESIONADOS,1
3,1,3,0,4,1,-16.3302344493798,-71.67036010951261,0,4,7,1,2,1,1,0,1504.4250000000002,2.0,2,0,1.0,7,25,241.0,0.6021943286346587,78.19846308736618,75.88099682281991,8.89669877983279,1023.3381818744828,33619.61490863192,10322.272,1495.236,1749.739,7077.2970000000005,2886.595,7435.677000000001,27.964725207783708,8,2,0,0,6,39.870504097095484,24.495645707206826,55.13328375525232,1.0,0.0,0.0,0.1681180975977251,2,0,0.0,1.0,0.1681180975977251,0.0,0.0,0.0,1.0,0.0,0.0,0.0,15,2,2021,9,11,2,0,0,0,1,0,1,GRAVE_LESIONADOS,1
6,1,4,0,4,1,-13.4708286704006,-74.15607128774171,0,4,0,0,7,1,0,4,7078.021034799169,2.0,2,1,1.0,11,18,1198.0,0.3620684577215812,71.98499932616654,52.34266660898187,5.580946719201736,435.5272134900041,6710.876773356861,12678.733000000004,1805.074000000001,1774.0339999999994,9099.625000000004,2485.375000000001,10193.358000000002,19.602707936195205,4,1,0,0,3,29.828352105732353,29.828352105732353,29.828352105732353,0.5122605638762605,0.0,0.0,0.4877394361237395,1,0,0.0,0.0,0.0,1.0,0.0,0.5122605638762605,0.4877394361237395,0.0,0.0,0.0,16,3,2022,5,14,5,1,0,2,1,0,1,GRAVE_LESIONADOS,1
6,1,12,0,4,1,-7.767328395458699,-78.45159492952997,0,4,7,1,4,2,2,0,6543.555,2.512625192078755,2,1,1.0,6,31,1339.997178205815,0.37019491020502016,75.5647715546385,43.857391400277315,5.705946983074318,567.449956375561,14493.242421096045,8931.828000000005,1335.5899999999997,1935.9830000000004,5660.255000000005,1219.309,7712.519000000005,13.651281686122925,10,1,0,0,9,27.613626728708795,27.613626728708795,27.613626728708795,1.0,0.0,0.0,0.0,1,0,0.0,0.0,0.5126251920787551,0.4873748079212449,0.0,0.0,1.0,0.0,0.0,0.0,16,2,2022,10,16,1,0,0,0,1,0,1,GRAVE_LESIONADOS,1
6,1,14,2,3,4,-12.145139051799802,-76.9540555790692,0,1,3,0,3,2,2,0,6543.555,2.0,4,4,1.0,14,33,1198.0,0.7143079941555522,80.2734058031066,75.78140304596391,10.132391548600575,1498.1457955344085,410196.7370268755,7626.313,1683.4029999999998,1599.0829999999996,4343.827000000001,1814.875,5811.438000000001,23.797541485643197,5,1,0,0,3,40.749084473134715,38.2487182623886,42.624359131194296,0.3749084473134714,0.0,0.0,0.0,1,0,0.0,0.0,0.3749084473134714,0.6250915526865286,0.3749084473134714,0.0,0.6250915526865286,0.3749084473134714,0.3749084473134714,0.0,6,0,2024,11,13,1,0,0,0,1,0,1,GRAVE_LESIONADOS,1
3,1,3,0,4,1,-15.861320447490284,-71.12608875193666,0,4,6,0,2,1,1,0,1504.4250000000002,2.0,2,0,1.0,7,25,241.0,0.45082901591094193,81.6443469681998,59.488512093856755,5.788842121573659,620.4869725660283,1379.7750286034752,10322.272,1495.236,1749.739,7077.2970000000005,2886.595,7435.677000000001,27.964725207783708,7,2,0,0,5,34.60762621201748,25.376691742061173,43.83856068197378,1.0,0.0,0.0,0.9461868939912612,2,0,0.0,0.05381310600873879,0.9461868939912612,1.0,0.0,0.05381310600873879,1.0,0.0,0.0,0.0,3,0,2024,9,2,2,0,0,0,1,0,1,GRAVE_LESIONADOS,1
4,1,8,0,4,1,-12.617700755358687,-74.93168591025092,0,4,2,1,1,2,2,0,7148.45837422,2.0,2,1,1.0,11,16,1198.0,0.3558537575454282,71.7150041030104,53.05230216170364,5.312307461983195,437.65539738790426,2900.7221904561216,8511.426,1445.3929999999996,2008.516,5057.516999999999,1879.579,6631.846999999998,22.08300935706896,5,1,0,0,4,36.840457116475044,36.840457116475044,36.840457116475044,1.0,0.0,0.0,0.0,1,0,0.0,0.0,0.0,0.5797714417624796,0.0,0.0,1.0,0.0,0.0,0.0,16,2,2023,7,25,4,0,1,2,1,0,1,GRAVE_LESIONADOS,1
4,1,3,0,4,1,-15.763364733355147,-71.16468605331993,3,4,3,0,2,0,1,0,1074.1216965018407,1.5402172667786185,2,1,0.5402172667786186,7,14,172.95215548323557,0.45899399491582926,81.47081187037023,55.59372693279258,5.798727534848331,678.3025920426418,1365.5633106992352,10322.272,1495.236,1749.739,7077.2970000000005,2886.595,7435.677000000001,27.964725207783708,6,1,0,0,5,32.10325900167928,28.321738134228948,35.88477986912961,1.0,0.5402172667786186,0.0,0.0,1,0,0.0,0.5402172667786186,0.0,0.4597827332213814,0.0,0.4597827332213814,0.5402172667786186,0.0,0.0,0.0,13,3,2023,3,16,5,0,0,0,1,0,1,GRAVE_LESIONADOS,1
6,1,3,0,4,1,-16.400379386433812,-72.07610012299227,0,4,6,0,1,2,2,0,6635.12286280644,2.0,2,0,1.0,9,31,1594.9650140333106,0.6459944280588455,78.43521263289715,77.8730550832221,8.49788128246004,1267.08894963504,2600.063343237407,10322.272,1495.236,1749.739,7077.2970000000005,2886.595,7435.677000000001,27.964725207783708,27,1,0,0,26,28.0,28.0,28.0,1.0,0.0,0.0,0.9496770670653361,1,0,0.0,0.0,0.9496770670653361,0.050322932934663944,0.0,0.0,1.0,0.0,0.0,0.0,3,0,2023,11,7,5,1,0,0,1,0,1,GRAVE_LESIONADOS,1
6,1,1,0,4,1,-9.438443157534659,-77.56999534236283,0,4,7,0,2,1,0,2,9936.932,2.0,2,0,1.0,9,32,3830.0,0.5902215737912141,74.23705508525603,73.07733314554932,9.971831176604535,993.7227798254984,64616.17233876953,10652.16119737659,1850.4970404299486,1267.5905121595679,7534.073644787077,2044.9193747739362,8607.241822602657,19.137743019741674,4,1,0,0,2,35.874185047963955,35.874185047963955,35.874185047963955,1.0,0.0,0.0,0.0,1,0,0.0,0.06290747601802393,0.0,0.9370925239819761,0.0,0.9370925239819761,0.06290747601802393,0.0,0.06290747601802393,0.0,1,0,2021,10,10,1,0,0,0,1,0,1,GRAVE_LESIONADOS,1
5,1,5,0,4,1,-6.946159094395377,-77.68054796276424,0,4,0,0,1,2,2,2,569.4363444603163,1.1873467913267888,1,2,0.0,9,26,105.18979813009817,0.32007678750045115,74.61252293539845,46.45745523077237,5.167497327895318,331.34401435757,6715.710273443539,16280.951933716316,1802.0154419349346,1296.7900133537842,13182.146478427598,2164.7597741492373,14116.19215956708,13.233521149051953,7,1,0,0,6,36.0,35.81265320867321,36.18734679132679,1.0,0.1873467913267889,0.0,0.8126532086732111,1,0,0.0,0.1873467913267889,0.0,0.8126532086732111,0.0,0.1873467913267889,1.0,0.0,0.1873467913267889,0.0,22,2,2023,9,16,4,0,0,2,1,0,1,GRAVE_LESIONADOS,1
6,1,8,0,4,1,-13.59172719103781,-75.32752968460079,1,4,0,0,2,1,1,0,1673.195563900356,1.9675292283082517,1,3,0.9675292283082517,9,23,313.5388152738713,0.5196652470642563,73.66161484008802,52.73122067001619,8.811965669403726,874.3451174646851,2033.1877276501473,8511.426,1445.3929999999996,2008.516,5057.516999999999,1879.579,6631.846999999998,22.08300935706896,4,1,0,0,3,18.55200311875972,18.55200311875972,18.55200311875972,1.0,1.0,0.0,0.0,1,0,0.0,0.0,0.0,1.0,0.0,1.0,0.0,0.0,0.0,0.0,16,2,2021,3,2,2,0,0,2,1,0,1,GRAVE_LESIONADOS,1
5,1,7,0,4,1,-13.68221346801135,-74.94580792899708,0,4,5,1,2,0,1,0,6615.229086190861,2.2566471044299874,2,0,1.0,6,30,1579.8127582753718,0.5676520003558392,79.7243581991335,63.96152282164381,8.144299030705156,968.5289784992747,4457.281192947267,9974.149194741849,1568.9388888771848,1464.1567310752623,6941.053574789403,2714.105047599048,7260.044147142801,27.12667415800682,4,1,0,0,3,37.64161776107497,29.66358764241016,44.87629498416976,1.0,0.0,0.0,1.0,1,0,0.0,0.2566471044299876,0.0,1.0,0.0,1.0,0.2566471044299876,0.0,0.2566471044299876,0.0,9,1,2021,2,14,2,0,0,0,1,0,1,GRAVE_LESIONADOS,1
0,1,15,1,2,3,-10.541013888585605,-76.84712332330443,0,1,2,1,2,0,1,2,4907.973674863512,2.0,3,2,1.0,10,29,884.5332344251602,0.7732052394579937,78.28967422430283,78.36076928497592,11.65309442134344,1790.7700828006402,46586.32543985882,7078.181361675848,1443.1632328761657,1423.7338967168137,4211.284232082869,1593.1328154117377,5485.048546264111,22.18021409863008,9,2,0,0,6,50.221592447852096,48.359927295855115,52.08325759984908,1.0,0.27666969600603686,0.27666969600603686,0.27666969600603686,2,0,0.0,0.0,1.0,0.7233303039939631,0.27666969600603686,0.0,1.0,0.7233303039939631,1.0,0.7233303039939631,13,3,2022,4,23,1,0,1,0,1,0,1,GRAVE_LESIONADOS,1
3,1,14,2,2,4,-12.216966411007041,-76.93640168876856,0,2,1,0,2,2,2,1,6543.555,2.0,4,4,1.0,14,33,1198.0,0.6977914903933419,80.10981223552788,74.31855010880055,9.970499741560303,1429.4212314675094,458276.6108474714,7626.313,1683.4029999999998,1599.0829999999996,4343.827000000001,1814.875,5811.438000000001,23.797541485643197,11,1,0,0,9,32.31295598533793,23.67351832965436,40.9523936410215,1.0,0.8639437655683571,0.0,0.0,1,0,0.0,0.8639437655683571,1.0,0.0,0.13605623443164294,0.0,0.8639437655683571,1.0,0.13605623443164294,0.8639437655683571,10,0,2023,4,28,5,0,1,0,1,0,1,GRAVE_LESIONADOS,1
6,1,5,0,4,1,-6.934156928487657,-78.17386943691956,0,4,0,0,2,1,1,0,3380.9193419616913,1.163921099204719,1,3,0.1639210992047191,9,32,1206.360789007953,0.3749805204278546,71.8069999554959,53.99863603710084,5.6860188469382225,490.6932062591502,1771.1313473761402,15935.565011852366,1733.9250000199986,935.692,13265.948011832368,2000.1670000199988,13935.398011832369,12.551591352627522,4,1,0,0,3,33.032946809543375,33.032946809543375,33.032946809543375,1.0,0.0,0.0,0.1639210992047191,1,0,0.0,0.0,0.0,1.0,0.0,1.0,0.0,0.0,0.1639210992047191,0.0,7,1,2022,7,8,4,0,0,2,1,0,1,GRAVE_LESIONADOS,1
9,1,10,0,4,2,-15.317133124385446,-75.11909813536852,4,4,2,1,6,2,2,1,6558.479469479862,2.0,3,3,1.0,13,32,1262.7005625656748,0.5563774842369664,77.00938809632027,69.10246351364754,8.476961866273152,914.8835608305218,27932.19700214133,3721.461,698.1859999999996,744.866,2278.409,1102.9029999999996,2618.558,29.636290693359403,4,1,0,0,3,50.52342344246221,50.52342344246221,50.52342344246221,0.845213965153888,0.15478603484611198,0.845213965153888,0.845213965153888,1,0,0.0,0.0,0.0,1.0,0.0,0.15478603484611198,0.845213965153888,0.15478603484611198,0.15478603484611198,0.15478603484611198,2,0,2021,9,26,6,1,1,0,1,0,1,GRAVE_LESIONADOS,1
3,2,13,0,4,1,-5.912760247741504,-79.98513301983037,0,4,5,1,2,1,0,1,2882.8506655372894,2.301175586997359,2,0,1.0,0,23,558.1423701405347,0.4703091457296942,74.91176543888524,59.04522375211969,6.365443427676777,742.49897987499,44335.321199143465,3459.691,515.0619999999999,689.7280000000001,2254.901,703.3549999999999,2756.336,20.329994788551925,10,2,0,0,8,50.277663847050185,44.47061032506603,56.08471736903434,1.0,0.3011755869973588,0.0,1.0,2,0,0.0,0.3011755869973588,0.3011755869973588,0.6988244130026412,0.6988244130026412,0.0,1.0,0.0,0.6988244130026412,0.0,5,0,2021,6,16,2,0,0,0,1,0,1,GRAVE_LESIONADOS,1
0,1,15,1,2,3,-10.515291569552252,-77.91188230287283,0,0,2,1,2,1,1,2,6543.555,2.248976899161365,3,3,1.0,10,32,1266.966601067698,0.753703507124171,78.39899530965685,76.40872790852733,11.40897113883551,1724.7348784384612,46894.39768353696,7959.82577267926,1708.053953824006,1359.5455620165394,4892.226256838715,1914.3736382267946,6045.452134452466,24.022069073875183,9,2,0,0,7,55.257161705870445,53.75511550419318,56.75920790754772,1.0,0.0,0.0,0.248976899161365,2,0,0.0,0.248976899161365,0.751023100838635,0.751023100838635,0.0,0.0,1.0,0.751023100838635,1.0,0.751023100838635,10,2,2022,1,24,1,0,1,0,1,0,1,GRAVE_LESIONADOS,1