CLASE SINIESTRO,CANTIDAD DE VEHICULOS DAÑADOS,DEPARTAMENTO,ZONA,TIPO DE VÍA,RED VIAL,COORDENADAS LATITUD,COORDENADAS  LONGITUD,CONDICIÓN CLIMÁTICA,ZONIFICACIÓN,CARACTERÍSTICAS DE VÍA,PERFIL LONGITUDINAL VÍA,SUPERFICIE DE CALZADA,¿EXISTE SEÑAL VERTICAL?,¿EXISTE SEÑAL HORIZONTAL?,CAUSA FACTOR PRINCIPAL,MTC_RVN_LONGITUD_KM,MTC_RVN_N_CARRILES_MEDIANA,MTC_RVN_SUPERFICIE_DOMINANTE,MTC_RVN_ESTADO_DOMINANTE,MTC_RVN_ES_CONCESIONADA,MTC_RVN_CONCESION_PRINCIPAL,MTC_RVN_CORREDOR_LOGISTICO,MTC_RVN_N_TRAMOS,IDH_2019,IDH_ESP_VIDA_2019,IDH_EDUC_SECUND_PCT_2019,IDH_ANIOS_EDUC_2019,IDH_INGRESO_PERCAP_2019,IDH_POBLACION_2019,MTC_DEP_RED_TOTAL_KM,MTC_DEP_NACIONAL_TOTAL_KM,MTC_DEP_DEPARTAMENTAL_TOTAL_KM,MTC_DEP_VECINAL_TOTAL_KM,MTC_DEP_PAV_TOTAL_KM,MTC_DEP_NO_PAV_TOTAL_KM,MTC_DEP_PCT_PAVIMENTADA,PER_TOTAL_PERSONAS,PER_N_CONDUCTORES,PER_N_CONDUCTORES_FUGADOS,PER_N_PEATONES,PER_N_PASAJEROS_OCUPANTES,PER_EDAD_COND_PROM,PER_EDAD_COND_MIN,PER_EDAD_COND_MAX,PER_ANY_COND_MASCULINO,PER_ANY_LIC_PROBLEMA,PER_ANY_DOSAJE_POS,PER_ANY_DOSAJE_EVALUADO,VEH_TOTAL,VEH_N_FUGADOS,VEH_ANY_FUGADO,VEH_ANY_CARGA,VEH_ANY_PUBLICO,VEH_ANY_PARTICULAR,VEH_ANY_MOTO,VEH_ANY_AUTO,VEH_ANY_CAMION_BUS,VEH_ANY_SOAT_PROBLEMA,VEH_ANY_CITV_PROBLEMA,VEH_ANY_SEGURO_PROBLEMA,HORA_NUM,FRANJA_HORARIA,ANIO,MES,DIA_MES,DIA_SEMANA,ES_FIN_SEMANA,ES_QUINCENA,REGION_NATURAL,TIENE_SEÑALIZACION,ES_VIA_MULTICARRIL,ES_DEPTO_BAJO_PAVIMENTO,CATEGORIA_SEVERIDAD,CATEGORIA_SEVERIDAD_ENC
4,2,14,0,4,1,-14.563273910110015,-71.9362210814479,0,4,6,1,2,1,0,2,1731.193910355324,2.0,2,1,1.0,7,22,374.6308256355605,0.2780928644025477,77.81584753067484,54.31144382694443,4.979686826402362,210.72122170571402,2352.042168717502,13283.565325956983,1940.4704973023013,2138.147981338451,9204.94684731623,3005.529670475783,10278.035655481199,22.546425443004637,5,2,0,0,2,36.44307355858061,31.21229938002267,40.0,1.0,0.0,0.0,0.0,2,0,0.0,0.0,0.0,0.6276929014269522,0.0,1.0,0.6276929014269522,0.6276929014269522,0.6276929014269522,0.0,15,1,2021,3,27,4,0,1,2,1,0,1,GRAVE_LESIONADOS,1
3,1,14,2,2,4,-12.215168638934681,-76.93719421832277,0,2,1,0,2,2,2,1,6543.555,2.0,4,4,1.0,14,33,1198.0,0.6966960159673358,80.07828368715842,74.26047590515985,9.940949118220864,1426.7334422612264,457505.5778264122,7626.313,1683.4029999999998,1599.0829999999996,4343.827000000001,1814.875,5811.438000000001,23.797541485643197,9,2,0,0,7,36.366594147249046,25.09327531779924,47.63991297669885,1.0,1.0,0.0,0.0,2,0,0.0,0.7453362341100381,0.7453362341100381,0.25466376588996187,0.0,0.25466376588996187,0.7453362341100381,0.7453362341100381,0.0,1.0,11,1,2023,4,25,5,0,0,0,1,0,1,GRAVE_LESIONADOS,1
4,1,3,0,4,1,-16.22520258595053,-71.33533930354697,0,4,4,0,4,1,1,0,1298.6536457758107,1.4889509264384522,3,1,0.48895092643845206,8,28,221.06908613109962,0.49436543555074236,80.5881433324979,71.63202447104277,7.007859182847759,667.0882603257268,2447.998008182425,10322.272,1495.236,1749.739,7077.2970000000005,2886.595,7435.677000000001,27.964725207783708,5,1,0,0,3,48.53454306554981,44.867411117261426,52.201675013838205,1.0,0.0,0.0,0.0,1,0,0.0,1.0,0.0,0.48895092643845206,0.0,0.48895092643845206,1.0,0.0,0.0,0.0,5,0,2022,8,13,4,0,0,0,1,0,1,GRAVE_LESIONADOS,1
4,1,12,0,4,2,-7.544324069047487,-78.82528486240965,1,4,2,0,4,2,2,3,6543.555,2.4074078813546853,3,2,1.0,8,31,1310.8519831352478,0.3199680439451138,77.0223881910008,41.977992863527646,4.548894184898888,438.8550502905025,24425.366308320838,8931.828000000005,1335.5899999999997,1935.9830000000004,5660.255000000005,1219.309,7712.519000000005,13.651281686122925,5,1,0,0,3,34.85184237290629,34.85184237290629,34.85184237290629,1.0,0.4074078813546854,0.0,0.0,1,0,0.0,0.0,0.4074078813546854,0.4074078813546854,0.4074078813546854,0.0,0.5925921186453146,0.4074078813546854,0.5925921186453146,0.0,13,1,2021,2,13,4,0,0,0,1,0,1,GRAVE_LESIONADOS,1
3,2,21,0,4,1,-17.824526296203157,-70.41569253026547,0,4,1,0,2,1,1,1,6638.680030300943,2.0134305092206732,2,0,1.0,8,30,1614.106298199885,0.6946962011578436,76.64412095532273,75.37652739817862,11.62621059484178,1365.1144912118216,74250.30406837107,2661.4388801901223,629.1202853984885,490.0788918594601,1542.2397029321733,1063.7952037477544,1597.6436764423675,40.05120281853972,5,2,0,0,3,33.966423726948314,25.02686101844135,42.90598643545528,1.0,1.0,0.0,0.9865694907793265,2,0,0.0,0.0,0.013430509220673459,1.0,0.013430509220673459,1.0,0.9865694907793265,0.0,0.013430509220673459,0.013430509220673459,5,0,2021,3,16,1,0,0,0,1,0,1,GRAVE_LESIONADOS,1
6,1,2,0,4,2,-13.516233425255724,-73.34001199418564,0,4,0,0,6,1,1,2,6543.555,2.0,4,4,1.0,14,33,1198.0,0.2571726374745809,75.51095462658868,57.70819732712305,4.280620885796947,191.9521807780265,2661.508121445927,8367.497251708799,1291.5637513425934,1337.8281417317437,5738.1053586344615,1457.6762621669036,6909.820989541895,17.415940421425585,4,1,0,0,3,34.44073649871774,34.44073649871774,34.44073649871774,1.0,0.9440736498717743,0.0,0.0,1,0,0.0,0.0,0.0,1.0,0.0,1.0,0.0,0.9440736498717743,0.9440736498717743,0.9440736498717743,22,2,2021,11,22,4,0,0,2,1,0,1,GRAVE_LESIONADOS,1
3,2,19,1,2,3,-5.185953540318116,-80.60616104048283,0,3,1,1,2,2,2,0,5798.755632466908,2.0,3,3,1.0,12,31,1050.842275439091,0.6220812987247925,80.20155828147696,72.71675503872983,10.02377668600292,1028.915688621886,159840.92719486082,8965.846000060003,1782.4120000599992,636.9959999999999,6546.438000000004,2214.505000059999,6751.341000000004,24.699342371541725,5,2,0,0,3,33.06872550554941,30.578186236126484,35.55926477497233,1.0,1.0,0.14218137638735162,1.0,2,0,0.0,0.14218137638735162,0.8578186236126484,1.0,1.0,0.8578186236126484,0.0,1.0,1.0,0.14218137638735162,15,2,2021,3,28,3,0,1,0,1,0,1,GRAVE_LESIONADOS,1
5,2,3,0,4,1,-16.051679111009623,-71.3392363029377,0,4,0,0,2,0,1,0,1504.4250000000002,2.0,2,0,1.0,7,25,241.0,0.4685280505645348,81.83746865987648,70.74305753660312,6.037751599761188,617.4715908037651,1751.8736616702354,10322.272,1495.236,1749.739,7077.2970000000005,2886.595,7435.677000000001,27.964725207783708,4,2,0,0,2,37.66216966598925,33.00369198426345,42.32064734771506,1.0,0.0,0.0,0.0,2,0,0.0,1.0,0.0,1.0,0.0,1.0,1.0,0.0,0.0,0.0,5,0,2023,6,4,1,0,0,0,1,0,1,GRAVE_LESIONADOS,1
4,1,2,0,4,1,-13.234907552214594,-75.36043219199654,0,4,4,0,2,1,1,0,6603.898608020201,2.0,2,1,1.0,10,31,1459.6016195026332,0.6127985479884037,81.38561541342185,59.14581950549055,9.15135233272397,1133.7071393025572,5409.618397455952,10488.913351943529,1641.0932044836056,1552.5505748972218,7295.269572562703,2592.411891237283,7896.501460706248,24.79983808557967,6,1,0,0,5,36.761776729753265,36.761776729753265,36.761776729753265,1.0,0.0,0.0,0.0,1,0,0.6258411949823758,0.0,0.0,1.0,0.0,0.6258411949823758,0.3741588050176242,0.0,0.3741588050176242,0.0,6,1,2021,4,28,4,0,1,0,1,0,1,GRAVE_LESIONADOS,1
5,1,12,0,4,2,-7.768687473170847,-78.45891506006043,1,4,0,0,6,2,2,5,6543.555,2.0545092774137195,3,3,1.0,13,32,1213.0990698436003,0.20592377665194694,76.07928014641728,30.55888821169214,3.4332236740249997,186.61560154152906,24261.10447676654,8931.828000000005,1335.5899999999997,1935.9830000000004,5660.255000000005,1219.309,7712.519000000005,13.651281686122925,5,1,0,0,3,41.90981445172561,41.90981445172561,41.90981445172561,1.0,0.05450927741371958,0.0,0.0,1,0,0.0,0.0,0.05450927741371958,0.05450927741371958,0.05450927741371958,0.0,0.9454907225862804,0.05450927741371958,0.9454907225862804,0.0,9,1,2021,2,11,4,0,0,0,1,0,1,GRAVE_LESIONADOS,1
6,1,7,0,4,1,-13.511813528457468,-71.81169166267757,2,4,0,0,1,1,1,2,6037.2126627410835,1.8364397373761232,3,3,0.8364397373761233,13,29,1183.443136626475,0.2821933904753682,65.77676864999503,54.37853019423744,4.068080811156911,325.83036534290466,2821.9529478959025,17779.13499998999,2097.3709999899997,2863.123,12818.640999999989,2878.713,14900.421999989989,16.19152450331032,4,1,0,0,3,30.817801313119382,30.817801313119382,30.817801313119382,1.0,0.0,0.0,1.0,1,0,0.0,0.0,0.0,0.8364397373761233,0.0,1.0,0.0,0.0,0.0,0.0,17,2,2021,1,5,0,0,0,2,1,0,1,GRAVE_LESIONADOS,1
6,1,3,1,4,0,-16.46766118185951,-72.22965729670196,0,1,7,1,0,1,1,0,6590.613877229649,2.0,3,2,1.0,11,32,1402.0096523749542,0.6344277879014891,80.09755336282608,70.96875309164301,9.532513375475945,1142.4885417198334,4455.235969606979,10322.272,1495.236,1749.739,7077.2970000000005,2886.595,7435.677000000001,27.964725207783708,4,1,0,0,2,38.53581589204578,36.5835704147735,40.0,0.4880613693180722,0.0,0.0,0.4880613693180722,1,0,0.0,0.0,0.0,0.4880613693180722,0.0,0.4880613693180722,0.5119386306819278,0.0,0.0,0.0,9,2,2022,6,14,3,0,0,0,1,0,1,GRAVE_LESIONADOS,1
6,1,7,0,4,1,-13.18554223761322,-72.86879813312791,0,4,0,0,4,1,1,2,5079.286961828781,1.5270076245815338,3,3,0.5270076245815337,11,23,1155.9036785877565,0.38197593648872963,77.17208910064522,57.083828901747694,6.177754606263218,440.816759895366,3405.61553099067,17779.13499998999,2097.3709999899997,2863.123,12818.640999999989,2878.713,14900.421999989989,16.19152450331032,5,1,0,0,4,41.175190614538344,41.175190614538344,41.175190614538344,1.0,0.0,0.0,0.5270076245815337,1,0,0.0,0.5270076245815337,0.0,0.4729923754184663,0.0,0.4729923754184663,0.5270076245815337,0.0,0.4729923754184663,0.0,12,2,2022,8,18,1,0,0,2,1,0,1,GRAVE_LESIONADOS,1
8,1,10,0,4,2,-15.34888513712783,-75.11983206622929,2,4,4,1,4,2,2,1,3761.1027497949076,2.0,3,2,1.0,9,30,688.1344124692819,0.5563774842369664,77.00938809632027,69.10246351364754,8.476961866273152,914.8835608305218,27932.19700214133,3721.461,698.1859999999996,744.866,2278.409,1102.9029999999996,2618.558,29.636290693359403,4,1,0,0,3,59.13767689202928,59.13767689202928,59.13767689202928,1.0,0.0,0.5615945077121942,0.5615945077121942,1,0,0.0,0.0,0.0,1.0,0.0,0.4384054922878058,0.5615945077121942,0.0,0.0,0.0,9,0,2022,7,21,6,1,1,0,1,0,1,GRAVE_LESIONADOS,1
1,2,10,0,4,1,-13.53018094231999,-76.19315674934043,0,3,7,1,2,2,2,3,183.5042706230015,-1.0,2,0,0.8291862936937893,12,31,15.0,0.5996389104032201,79.16957498688971,65.81382995634257,9.5958403134003,1017.3957112180516,5857.1892709131935,3721.461,698.1859999999996,744.866,2278.409,1102.9029999999996,2618.558,29.636290693359403,5,2,0,0,2,46.59784797207174,43.854068531531055,49.341627412612425,1.0,0.0,0.0,0.17081370630621073,2,0,0.0,0.0,0.0,1.0,0.0,1.0,0.0,0.0,0.0,0.0,17,2,2022,1,27,4,0,1,0,1,0,1,GRAVE_LESIONADOS,1
3,1,5,0,4,1,-8.460133202163162,-77.24484269341481,0,4,5,0,2,2,2,2,762.2171604437128,2.0,2,0,0.8023096968855125,8,14,142.74320120690177,0.29151472898268704,72.46209554054948,41.773848813699416,4.627215025488285,305.0965933962615,4952.0786287166475,16300.020921620066,1805.7747499198163,1316.7264186222599,13177.51975307799,2173.847025056066,14126.173896564,13.271170840502476,9,2,0,0,7,37.604619393771024,36.604619393771024,38.604619393771024,1.0,1.0,0.0,0.8023096968855125,2,0,0.0,0.19769030311448754,0.0,0.8023096968855125,0.0,1.0,0.19769030311448754,0.0,1.0,0.0,8,0,2021,9,3,0,0,0,2,1,0,1,GRAVE_LESIONADOS,1
5,1,14,2,2,4,-11.97269707675532,-77.06369733067041,1,3,6,1,3,2,2,0,6543.555,2.0,4,4,1.0,14,33,1198.0,0.7244174196317501,80.09677521547113,78.1450860303209,10.486400246851561,1513.483891926087,722042.4848857594,7626.313,1683.4029999999998,1599.0829999999996,4343.827000000001,1814.875,5811.438000000001,23.797541485643197,5,1,0,0,4,45.49300944839695,43.58010551115892,47.405913385634975,1.0,0.3188173228730047,0.0,0.0,1,0,0.0,0.3188173228730047,1.0,0.0,0.6811826771269953,0.0,0.3188173228730047,0.3188173228730047,1.0,0.3188173228730047,14,1,2023,9,17,5,1,0,0,1,0,1,GRAVE_LESIONADOS,1
4,1,12,0,4,1,-8.452135776354321,-78.95228436013268,0,4,7,1,2,2,2,0,6543.555,2.5934964158218516,2,1,1.0,5,31,1362.3985071826528,0.5167652560737982,77.18862771573811,56.93875246741689,6.898013863549794,905.3148895786852,9680.078354843361,8931.828000000005,1335.5899999999997,1935.9830000000004,5660.255000000005,1219.309,7712.519000000005,13.651281686122925,4,1,0,0,2,34.682935484793326,34.682935484793326,34.682935484793326,1.0,0.4065035841781486,0.0,0.0,1,0,0.0,0.0,0.0,1.0,0.0,1.0,0.0,0.0,0.4065035841781486,0.0,8,1,2021,4,21,5,1,1,0,1,0,1,GRAVE_LESIONADOS,1
0,1,3,0,6,3,-16.20158707616959,-72.84800495959072,0,4,1,0,5,1,1,0,6563.814555956155,2.0,3,3,1.0,12,32,1285.8292303430096,0.5449827757434308,81.92001729349757,67.14545914455445,8.706460579062984,790.387386328743,7985.5869401057425,10322.272,1495.236,1749.739,7077.2970000000005,2886.595,7435.677000000001,27.964725207783708,14,1,0,0,12,31.883297726326006,29.361884415043434,34.40471103760858,1.0,0.0,0.0,0.21011777594021452,1,0,0.0,1.0,0.21011777594021452,0.0,0.0,0.0,1.0,0.0,0.7898822240597855,0.0,8,0,2021,1,19,1,0,1,0,1,0,1,GRAVE_LESIONADOS,1
6,1,6,0,4,1,-14.279412253253406,-71.97067138251495,0,4,0,0,2,1,1,1,823.5766740384285,1.0,1,3,0.0,9,6,222.70987575358626,0.42077891408180507,68.89623103448771,63.276319712218324,6.215049534482405,601.3944158827322,1282.9556172781881,17564.669319178895,2055.0906990938142,2638.9016228398114,12870.676997245268,2776.5102264563084,14788.159092722584,15.768084793241776,5,1,0,0,4,38.534673091466956,38.534673091466956,38.534673091466956,1.0,0.0,0.0,0.0,1,0,0.0,0.0,0.0,1.0,0.0,1.0,0.0,0.0,0.8836682728667388,0.0,1,0,2022,9,4,5,1,0,2,1,0,1,GRAVE_LESIONADOS,1
6,1,5,0,4,2,-7.074690311455517,-78.76813822798712,4,4,0,0,6,2,2,0,6543.555,2.0,4,4,1.0,14,33,1198.0,0.3315924138158091,65.9468051337911,46.595149468223475,5.326529829695263,423.39921565161944,11874.47524492869,15935.565011852366,1733.9250000199986,935.692,13265.948011832368,2000.1670000199988,13935.398011832369,12.551591352627522,5,1,0,0,4,46.0,46.0,46.0,1.0,0.02988311358156781,0.0,0.0,1,0,0.0,0.02988311358156781,0.0,0.9701168864184322,0.0,0.9701168864184322,0.02988311358156781,0.02988311358156781,0.02988311358156781,0.02988311358156781,17,2,2022,3,13,6,1,0,2,1,0,1,GRAVE_LESIONADOS,1
6,1,8,0,4,1,-12.418171298597775,-75.02619763851274,0,4,0,0,1,1,1,0,7563.96831748201,2.0,2,0,1.0,9,5,1198.0,0.31820486373259094,73.25765057791794,48.0732899596881,4.738815026843998,349.07687330070394,3268.0473646016753,8511.426,1445.3929999999996,2008.516,5057.516999999999,1879.579,6631.846999999998,22.08300935706896,4,1,0,0,3,64.12072740761508,64.12072740761508,64.12072740761508,1.0,0.0,0.0,0.0,1,0,0.0,0.0,0.0,1.0,0.0,1.0,0.0,0.0,0.0,0.0,12,2,2022,10,24,5,1,0,2,1,0,1,GRAVE_LESIONADOS,1
3,1,14,2,2,4,-12.226481597902982,-76.93945414157491,0,0,5,1,2,2,2,0,6543.555,2.0,4,4,1.0,14,33,1198.0,0.6990481232857558,80.14597904142546,74.3851677794309,10.004397644056358,1432.5044292531525,459161.0728051392,7626.313,1683.4029999999998,1599.0829999999996,4343.827000000001,1814.875,5811.438000000001,23.797541485643197,6,2,0,0,4,66.12138324012096,64.14835729348118,68.09440918676076,1.0,1.0,0.0,0.0,2,0,0.0,0.19730259466397837,0.19730259466397837,0.8026974053360216,0.8026974053360216,0.0,1.0,1.0,0.8026974053360216,1.0,17,1,2023,4,22,6,1,1,0,1,0,1,GRAVE_LESIONADOS,1
3,1,14,2,2,4,-11.942865975333081,-77.078663347617,0,3,1,1,1,2,2,0,6543.555,2.0,4,4,1.0,14,33,1198.0,0.7382836076373133,80.22932575083225,77.92692515825489,10.9762017079819,1556.6859795007026,368165.72467643407,7626.313,1683.4029999999998,1599.0829999999996,4343.827000000001,1814.875,5811.438000000001,23.797541485643197,12,2,0,0,10,36.198298771387684,33.30428119660018,39.092316346175195,1.0,0.7880351495750221,0.0,0.0,2,0,0.0,0.0,0.21196485042497792,1.0,0.21196485042497792,0.21196485042497792,0.7880351495750221,1.0,1.0,1.0,12,2,2023,4,8,1,0,0,0,1,0,1,GRAVE_LESIONADOS,1
5,1,20,0,4,1,-15.247434634294175,-70.28257744143019,0,4,4,1,5,2,2,1,6853.652751252053,2.0,3,2,1.0,12,24,1198.0,0.32868394926863664,74.26142028945016,74.16172082700875,6.352195203670734,254.243586424464,4873.13300506488,13642.312999999998,2020.7790000000005,2354.117,9267.416999999998,3314.0520000000006,10328.260999999997,24.29244952817019,4,1,0,0,2,34.702785886154906,32.325072975394136,37.08049879691567,1.0,1.0,0.0,0.702785886154904,1,0,0.0,0.0,0.0,1.0,0.0,0.297214113845096,1.0,0.0,0.0,0.0,14,2,2022,4,14,1,0,0,2,1,0,1,GRAVE_LESIONADOS,1
5,1,8,0,4,1,-12.146262422512843,-74.73400084760927,0,4,6,0,2,1,1,0,864.7098980533486,1.1356266160073134,0,3,0.0,9,29,107.24276502519939,0.27843787473096016,67.99851499945615,55.25037072565526,4.074357600902505,293.0479000779861,6747.302101110105,8470.416715744484,1430.2143472695411,1843.520932189079,5196.681436285863,1768.403150326485,6702.013565417998,20.839020363033438,6,1,0,0,4,43.84717376393784,42.016214447839104,45.67813308003657,1.0,0.0,0.0,0.0,1,0,0.0,0.8643733839926866,0.0,0.1356266160073134,1.0,0.1356266160073134,0.0,0.0,1.0,0.0,13,3,2024,3,13,1,0,0,2,1,0,1,GRAVE_LESIONADOS,1
6,1,11,0,4,1,-11.312853311780243,-75.63894008141658,5,4,6,1,5,1,1,0,6695.49635728281,2.0,3,3,1.0,13,28,1198.0,0.4402668036444133,74.76725711949648,50.02459160180549,6.012577037362787,708.6990920225329,11528.76909285972,12264.545,1826.4639999999995,1105.5389999999998,9332.542,1588.5359999999996,10676.009,12.952261987705208,7,1,0,0,6,40.5243130060078,40.5243130060078,40.5243130060078,1.0,0.0,0.0,0.0,1,0,0.0,0.8543713532945766,0.0,0.14562864670542341,0.0,0.14562864670542341,0.8543713532945766,0.0,0.0,0.0,10,0,2022,6,4,5,1,0,2,1,0,1,GRAVE_LESIONADOS,1
6,1,2,1,4,1,-13.84896224157186,-74.506096459529,0,4,2,0,1,1,1,0,6543.555,2.0,4,4,1.0,14,33,1198.0,0.5304244410285525,78.40710506432806,63.287214362057014,7.29205931705626,1051.7330069189552,2280.4570176599727,10457.028696041369,1613.1853249472772,1590.2800160531108,7253.563355040981,2648.700003915977,7808.328692125392,25.405398084245867,5,1,0,0,4,30.723115444865268,30.723115444865268,30.723115444865268,1.0,0.0,0.0,0.0,1,0,0.0,0.0,0.0,1.0,0.0,0.0,1.0,0.0,0.0,0.0,8,0,2021,3,21,5,1,1,0,1,0,1,GRAVE_LESIONADOS,1
3,1,14,2,2,4,-11.961166988347374,-77.07740003692678,0,1,3,1,2,2,2,0,6543.555,2.0,4,4,1.0,14,33,1198.0,0.758462599563312,80.5192231989937,79.20045639149897,11.33839041452458,1628.5661148492152,363987.54389721627,7626.313,1683.4029999999998,1599.0829999999996,4343.827000000001,1814.875,5811.438000000001,23.797541485643197,14,2,0,4,7,35.14245272868939,33.214032955430866,37.07087250194791,1.0,0.6428065910861737,0.0,0.0,2,0,0.0,0.0,0.35719340891382634,1.0,0.35719340891382634,0.35719340891382634,0.6428065910861737,0.6428065910861737,1.0,0.6428065910861737,14,3,2024,4,8,0,0,0,0,1,0,1,GRAVE_LESIONADOS,1
6,1,3,1,4,2,-15.923427581558407,-72.9366193165206,0,4,1,0,2,2,2,0,6543.555,2.0,4,4,1.0,14,33,1198.0,0.6041135340002356,75.26871250848866,63.266622986643696,8.390127452921115,1257.303646336496,1784.1808782807989,10322.272,1495.236,1749.739,7077.2970000000005,2886.595,7435.677000000001,27.964725207783708,5,1,0,0,4,28.217254325748613,28.217254325748613,28.217254325748613,1.0,0.21725432574861325,0.0,0.0,1,0,0.0,0.21725432574861325,0.0,0.7827456742513867,0.0,0.0,1.0,0.0,0.21725432574861325,0.0,7,0,2021,4,22,3,0,1,0,1,0,1,GRAVE_LESIONADOS,1
6,1,5,0,4,2,-5.485005410949812,-78.94769056566673,0,4,0,0,1,2,2,1,6543.555,2.0,4,4,1.0,14,33,1198.0,0.3140676106691411,77.85862750191296,34.50955974660585,4.716852237687957,362.1895328884499,20446.155841505384,15935.565011852366,1733.9250000199986,935.692,13265.948011832368,2000.1670000199988,13935.398011832369,12.551591352627522,5,1,0,0,4,40.874962344798206,40.874962344798206,40.874962344798206,1.0,0.0,0.0,0.9374811723991047,1,0,0.0,0.0,0.0,1.0,0.0,0.06251882760089533,0.9374811723991047,0.0,0.9374811723991047,0.0,14,3,2023,9,9,2,0,0,2,1,0,1,GRAVE_LESIONADOS,1
6,1,6,0,4,0,-11.954903864033152,-75.36548876290422,1,4,4,0,2,1,1,0,6543.555,2.691927363266592,2,1,1.0,4,30,1389.663879624846,0.5395590871208781,78.05202609583606,69.1153976823976,8.263759492907443,841.3690629441633,25047.956776444782,11653.253626275242,1926.8733859669117,1571.273148909631,8155.1070913987005,2474.253531857068,9179.000094418176,20.980609990923913,13,1,0,0,12,34.08072636733408,34.08072636733408,34.08072636733408,1.0,0.0,0.0,0.691927363266592,1,0,0.0,0.0,0.691927363266592,0.308072636733408,0.0,0.0,1.0,0.308072636733408,0.308072636733408,0.308072636733408,7,0,2022,2,5,0,0,0,0,1,0,1,GRAVE_LESIONADOS,1
6,1,8,0,4,2,-12.90994464361295,-74.71830066213579,0,4,5,0,1,1,1,0,6543.555,2.0,4,4,1.0,14,33,1198.0,0.3813126149049695,69.36221952027574,60.83528355963297,5.816710864476693,498.19308239452954,2553.202884719466,8511.426,1445.3929999999996,2008.516,5057.516999999999,1879.579,6631.846999999998,22.08300935706896,7,1,0,0,6,35.97393002483123,35.97393002483123,35.97393002483123,1.0,0.0,0.0,0.0,1,0,0.0,0.0,0.0,0.15585153655144346,0.0,0.15585153655144346,0.8441484634485565,0.0,0.0,0.0,12,2,2024,8,18,4,0,0,2,1,0,1,GRAVE_LESIONADOS,1
3,2,10,0,4,0,-9.536525583056424,-76.44861669783087,0,3,7,1,3,2,2,2,7462.605021508856,2.0,2,0,1.0,10,23,1905.381153324341,0.568432830839518,76.72960207469198,68.1642875305794,8.440747300790404,988.1885748829923,27520.858737238974,8067.192275735658,1418.664657671636,988.4609966470636,5660.066621416958,1243.662070739753,6823.530204995905,15.561134334309696,4,2,0,0,2,25.069262242505992,22.24344261676541,27.89508186824657,1.0,0.7565573832345893,0.0,0.24344261676541068,2,0,0.0,0.0,0.0,1.0,1.0,0.24344261676541068,0.0,0.0,0.0,0.0,17,1,2021,2,29,4,0,1,1,1,0,1,GRAVE_LESIONADOS,1
3,2,13,0,4,0,-6.908717161308426,-79.71681732275685,0,4,7,1,2,2,2,0,6543.555,2.8421937308731144,2,0,1.0,2,30,1431.2876634518527,0.520369628449572,80.2717625426204,68.02098352119091,7.821760917051344,742.9689243518965,10325.332360537876,3459.691,515.0619999999999,689.7280000000001,2254.901,703.3549999999999,2756.336,20.329994788551925,5,2,0,0,3,55.52910252250311,50.42361819532032,60.634586849685896,1.0,0.0,0.0,0.15780626912688545,2,0,0.0,0.8421937308731146,1.0,0.15780626912688545,0.0,0.15780626912688545,1.0,0.0,0.0,0.0,8,1,2022,2,15,3,0,0,0,1,0,1,GRAVE_LESIONADOS,1
5,1,7,0,4,1,-14.418144638147082,-71.70935964827952,0,4,5,0,2,1,1,1,970.6190150242757,-0.3720817724973743,0,0,0.20930607583420857,8,29,147.72291411629635,0.46616651921138175,65.53273098698395,71.07083220816496,7.111566273467571,752.1765378751548,8839.838039416914,17779.13499998999,2097.3709999899997,2863.123,12818.640999999989,2878.713,14900.421999989989,16.19152450331032,7,1,0,0,6,24.93028506167892,24.93028506167892,24.93028506167892,0.20930607583420857,0.0,0.0,0.20930607583420857,1,0,0.0,0.0,0.0,1.0,0.0,1.0,0.20930607583420857,0.0,0.20930607583420857,0.0,16,2,2021,8,26,6,1,1,2,1,0,1,GRAVE_LESIONADOS,1
5,1,14,2,3,1,-12.131011719982483,-76.99001306871158,0,0,6,1,1,1,0,5,6632.9823981992495,2.0,2,0,1.0,9,31,1585.6856715130268,0.7917135406208573,80.38817743706144,78.34046835539613,12.900926476107454,1731.5776963156563,361511.5307961496,7626.313,1683.4029999999998,1599.0829999999996,4343.827000000001,1814.875,5811.438000000001,23.797541485643197,6,1,0,0,4,30.89121652456828,30.709910732182074,31.07252231695448,1.0,0.0,0.0,0.0,1,0,0.0,0.0,0.07252231695448141,1.0,0.07252231695448141,1.0,0.0,0.07252231695448141,0.07252231695448141,0.07252231695448141,2,0,2023,1,21,5,1,1,0,1,0,1,GRAVE_LESIONADOS,1