CLASE SINIESTRO,CANTIDAD DE VEHICULOS DAÑADOS,DEPARTAMENTO,ZONA,TIPO DE VÍA,RED VIAL,COORDENADAS LATITUD,COORDENADAS  LONGITUD,CONDICIÓN CLIMÁTICA,ZONIFICACIÓN,CARACTERÍSTICAS DE VÍA,PERFIL LONGITUDINAL VÍA,SUPERFICIE DE CALZADA,¿EXISTE SEÑAL VERTICAL?,¿EXISTE SEÑAL HORIZONTAL?,CAUSA FACTOR PRINCIPAL,MTC_RVN_LONGITUD_KM,MTC_RVN_N_CARRILES_MEDIANA,MTC_RVN_SUPERFICIE_DOMINANTE,MTC_RVN_ESTADO_DOMINANTE,MTC_RVN_ES_CONCESIONADA,MTC_RVN_CONCESION_PRINCIPAL,MTC_RVN_CORREDOR_LOGISTICO,MTC_RVN_N_TRAMOS,IDH_2019,IDH_ESP_VIDA_2019,IDH_EDUC_SECUND_PCT_2019,IDH_ANIOS_EDUC_2019,IDH_INGRESO_PERCAP_2019,IDH_POBLACION_2019,MTC_DEP_RED_TOTAL_KM,MTC_DEP_NACIONAL_TOTAL_KM,MTC_DEP_DEPARTAMENTAL_TOTAL_KM,MTC_DEP_VECINAL_TOTAL_KM,MTC_DEP_PAV_TOTAL_KM,MTC_DEP_NO_PAV_TOTAL_KM,MTC_DEP_PCT_PAVIMENTADA,PER_TOTAL_PERSONAS,PER_N_CONDUCTORES,PER_N_CONDUCTORES_FUGADOS,PER_N_PEATONES,PER_N_PASAJEROS_OCUPANTES,PER_EDAD_COND_PROM,PER_EDAD_COND_MIN,PER_EDAD_COND_MAX,PER_ANY_COND_MASCULINO,PER_ANY_LIC_PROBLEMA,PER_ANY_DOSAJE_POS,PER_ANY_DOSAJE_EVALUADO,VEH_TOTAL,VEH_N_FUGADOS,VEH_ANY_FUGADO,VEH_ANY_CARGA,VEH_ANY_PUBLICO,VEH_ANY_PARTICULAR,VEH_ANY_MOTO,VEH_ANY_AUTO,VEH_ANY_CAMION_BUS,VEH_ANY_SOAT_PROBLEMA,VEH_ANY_CITV_PROBLEMA,VEH_ANY_SEGURO_PROBLEMA,HORA_NUM,FRANJA_HORARIA,ANIO,MES,DIA_MES,DIA_SEMANA,ES_FIN_SEMANA,ES_QUINCENA,REGION_NATURAL,TIENE_SEÑALIZACION,ES_VIA_MULTICARRIL,ES_DEPTO_BAJO_PAVIMENTO,CATEGORIA_SEVERIDAD,CATEGORIA_SEVERIDAD_ENC
3,2,8,0,4,1,-12.407643167192978,-74.98945493170895,0,4,4,1,3,1,1,0,6606.297845137466,2.0,2,1,1.0,10,31,1470.0027926515286,0.5580441759860114,75.71549311507196,66.77440158887478,8.013144087355819,984.0675232962956,75097.06432514598,9848.505473765317,1595.5395742255128,1361.085003596746,6891.880895943059,2651.85035148786,7196.655122277457,26.82420660726945,6,2,0,0,4,32.3971024626648,27.253621921669,37.54058300366059,1.0,0.3492756156661997,0.0,1.0,2,0,0.0,0.0,0.0,0.6507243843338003,0.3492756156661997,0.6507243843338003,0.6507243843338003,0.3492756156661997,1.0,0.0,14,3,2021,2,19,3,0,0,0,1,0,1,GRAVE_LESIONADOS,1
6,1,8,0,4,1,-12.66496847991522,-74.51653500425296,0,4,0,0,1,1,0,1,6682.506536549887,2.0,3,3,1.0,13,29,1198.0,0.25878657815478173,69.47737766978611,61.17221041650863,4.387040585376541,212.31420464167078,3377.350079965339,8511.426,1445.3929999999996,2008.516,5057.516999999999,1879.579,6631.846999999998,22.08300935706896,4,1,0,0,3,30.327140572460436,30.327140572460436,30.327140572460436,1.0,0.0,0.0,0.0,1,0,0.0,0.0,0.0,1.0,0.0,1.0,0.0,0.0,0.0,0.0,17,2,2022,10,5,5,1,0,2,1,0,1,GRAVE_LESIONADOS,1
6,1,7,0,4,1,-14.18084901758639,-72.01820138011729,0,4,6,0,6,2,2,2,6543.555,2.0,4,4,1.0,14,33,1198.0,0.33954455053694577,72.69681597839762,49.76829161787166,4.296342864030187,457.0639247549733,7140.238186025275,17779.13499998999,2097.3709999899997,2863.123,12818.640999999989,2878.713,14900.421999989989,16.19152450331032,5,1,0,0,4,30.78794611492501,30.78794611492501,30.78794611492501,1.0,0.8939730574625047,0.0,0.10602694253749534,1,0,0.0,0.0,0.0,1.0,0.0,0.0,1.0,0.0,0.0,0.0,6,1,2022,8,8,4,0,0,2,1,0,1,GRAVE_LESIONADOS,1
6,1,2,1,4,2,-15.297683432247492,-73.55067866439725,0,4,2,0,1,2,2,0,6543.555,2.0,4,4,1.0,14,33,1198.0,0.6199366139591899,75.31402877603851,65.68176026648663,8.636823585341265,1326.7248324161276,2076.609292485163,10357.994463551162,1526.5030211209378,1707.468241594055,7124.02320083617,2823.531749146725,7534.462714404437,27.28627677017869,5,1,0,0,4,28.24062228466169,28.24062228466169,28.24062228466169,1.0,0.0,0.0,0.0,1,0,0.0,0.0,0.0802074282205637,0.9197925717794363,0.0,0.0802074282205637,0.9197925717794363,0.0,0.0802074282205637,0.0,4,0,2021,3,24,4,0,1,0,1,0,1,GRAVE_LESIONADOS,1
3,2,12,0,4,1,-8.260288207560913,-78.49584833322338,0,4,0,0,2,2,2,2,687.586475220884,2.0,2,0,0.9051508067468439,8,28,156.71981756538736,0.4041517860932141,74.59533466365257,52.73889177357365,5.841318053950211,564.5400603272656,26504.41503583404,8808.00095547011,1368.5797824529598,1904.028306793012,5535.392866224139,1275.7979546290092,7532.203000841101,14.613646242644352,6,2,0,0,4,34.689698386506315,24.620603226987377,44.758793546025245,1.0,0.0,0.0,0.0948491932531561,2,0,0.0,1.0,0.0,0.9051508067468439,0.0,1.0,1.0,0.0,0.9051508067468439,0.0,16,3,2021,9,14,3,0,0,0,1,0,1,GRAVE_LESIONADOS,1
6,1,14,0,4,1,-11.468906305379429,-77.3524224617928,0,3,3,1,2,1,0,0,6587.510370890718,2.544126001963101,2,0,1.0,4,30,1539.2782337232027,0.6141367543400126,79.82249309780012,69.79310825688344,9.123805388245282,1077.5455931830165,19866.04315361847,7626.313,1683.4029999999998,1599.0829999999996,4343.827000000001,1814.875,5811.438000000001,23.797541485643197,25,1,0,0,23,50.80888201374171,43.97077204318822,63.11747996073798,1.0,0.0,0.0,0.0,1,0,0.0,0.4558739980368991,0.5441260019631009,0.0,0.0,0.0,1.0,0.0,0.0,0.4558739980368991,9,2,2022,5,12,3,0,0,0,1,0,1,GRAVE_LESIONADOS,1
6,1,5,0,4,2,-13.008950937432298,-74.51017875656815,0,4,0,0,7,2,2,2,6543.555,2.0,4,4,1.0,14,33,1198.0,0.39537894789719763,75.50614267600422,56.12833032508148,5.878448629790976,486.5325322058961,5979.74708694505,12571.255157574376,1810.6245013411408,1600.5659123868395,9160.064743846395,2252.6538184999163,10318.60133907446,17.876980532909844,5,1,0,0,4,42.968281011978675,42.968281011978675,42.968281011978675,0.2594904787816814,0.0,0.0,0.7405095212183186,1,0,0.0,0.0,0.0,1.0,0.0,0.0,1.0,0.0,0.0,0.0,12,2,2022,7,21,3,0,0,2,1,0,1,GRAVE_LESIONADOS,1
5,1,14,2,3,1,-12.106252397390653,-77.00740458788209,0,0,7,1,2,1,0,4,6616.537886407147,2.0,2,0,1.0,10,31,1514.3954212630917,0.7912336642328973,80.49322236702722,78.85421374533388,12.714729893983737,1732.7061473703575,360800.1735772373,7626.313,1683.4029999999998,1599.0829999999996,4343.827000000001,1814.875,5811.438000000001,23.797541485643197,6,1,0,0,5,34.15995101334882,34.15995101334882,34.15995101334882,1.0,0.0,0.0,0.0,1,0,0.0,0.0,0.2430731548729862,1.0,0.0,1.0,0.2430731548729862,0.0,0.2430731548729862,0.0,5,0,2022,2,21,4,0,1,0,1,0,1,GRAVE_LESIONADOS,1
3,2,12,1,2,2,-8.740747478728402,-78.47140339355806,0,3,4,1,2,2,2,0,6543.555,2.393283798029996,3,2,1.0,8,31,1306.939612054309,0.5613919523462351,76.94222132536098,68.02235354411636,8.55933416767859,933.4739812605657,26374.619679153693,428.16113587069174,81.57190756583924,117.24342178087207,229.3458065239804,139.16612218174515,288.99501368894664,69.4103706695738,5,2,1,0,2,31.539554182269967,31.539554182269967,31.539554182269967,1.0,0.39328379802999613,0.0,0.0,2,0,0.0,0.0,1.0,1.0,0.39328379802999613,1.0,0.6067162019700039,0.0,1.0,0.39328379802999613,3,0,2022,3,20,5,1,1,1,1,0,0,GRAVE_LESIONADOS,1
4,1,5,0,4,0,-7.53446390310397,-78.18691450843232,0,3,5,0,1,2,2,0,6543.555,2.0,4,4,1.0,14,33,1198.0,0.3228232351084128,75.71790781579288,40.567372031821094,4.375129130890587,417.790440029213,26565.272883376478,15935.565011852366,1733.9250000199986,935.692,13265.948011832368,2000.1670000199988,13935.398011832369,12.551591352627522,6,2,0,0,3,37.41443429910203,27.832488653714282,46.996379944489775,1.0,0.0,0.0,0.16678733518367417,2,0,0.8332126648163258,0.0,0.0,1.0,0.8332126648163258,0.0,0.16678733518367417,1.0,1.0,1.0,15,2,2022,8,18,5,0,0,2,1,0,1,GRAVE_LESIONADOS,1
3,2,19,1,4,1,-5.8974674344605456,-77.8296622141728,0,0,7,1,2,1,1,0,6451.05763741466,2.0,2,0,1.0,7,20,1733.9184912650787,0.47722019591126286,73.73638114674445,55.035098948585336,6.301519219201882,826.0623667198322,46900.86900674076,5202.409762509041,754.2993300702544,909.4731820497045,3538.6372503890816,950.5960401701669,4251.813722338873,18.433608352033165,5,2,0,0,3,30.08383199689591,24.88770116598341,35.279962827808404,1.0,0.7974205539416643,0.0,0.20257944605833567,2,0,0.0,0.0,0.7974205539416643,1.0,1.0,0.0,0.20257944605833567,0.7974205539416643,1.0,0.7974205539416643,5,0,2024,9,13,5,0,0,0,1,0,1,GRAVE_LESIONADOS,1
3,2,13,0,4,0,-6.761034427577169,-79.75885676759418,1,4,7,1,2,2,2,1,6543.555,2.2798886664850544,3,2,1.0,10,32,1275.52916061636,0.475965092020691,80.7213952865738,64.16738708197877,7.97248525447241,585.6091623269208,10694.936563031579,3459.691,515.0619999999999,689.7280000000001,2254.901,703.3549999999999,2756.336,20.329994788551925,7,2,0,0,5,37.81649299427921,34.11677132806658,41.51621466049184,1.0,0.0,0.0,0.7201113335149457,2,0,0.0,0.2798886664850543,1.0,0.7201113335149457,0.0,0.7201113335149457,1.0,0.0,0.0,0.0,15,1,2021,2,10,1,0,0,0,1,0,1,GRAVE_LESIONADOS,1
9,1,4,0,4,2,-12.640710332094363,-73.82881408122734,0,4,6,0,6,2,2,1,6543.555,2.0,4,4,1.0,14,33,1198.0,0.37355302690468556,81.42985783526687,43.88080420148098,5.162111006774328,461.45393874733384,11039.767126465551,12643.056597053652,1806.9164441534347,1716.4526673983264,9119.68748550189,2408.1250807797346,10234.931516273915,19.029866643276858,7,1,0,0,6,55.79409919831349,55.79409919831349,55.79409919831349,1.0,0.9138642284509637,0.0,0.9138642284509637,1,0,0.0,0.08613577154903629,0.0,0.0,0.0,0.0,1.0,0.9138642284509637,0.9138642284509637,0.0,6,1,2023,7,7,3,0,0,2,1,0,1,GRAVE_LESIONADOS,1
5,1,9,0,3,2,-9.307958311639139,-77.89343059096186,0,3,4,0,2,2,2,0,8363.05040857594,2.0,2,1,1.0,11,32,2609.252541457042,0.6801450630682138,76.45958947582103,75.99540992027006,10.660945183811707,1356.7671400103495,254331.4612705567,12081.652293059913,1710.4924000485241,1243.379263400559,9127.780629610828,1914.2267499771585,10167.425543082754,17.7675735121183,9,1,0,0,7,28.97191123049909,28.276196493487525,29.667625967510652,1.0,0.5361901753256237,0.0,0.0,1,0,0.0,0.5361901753256237,0.46380982467437626,0.0,0.46380982467437626,0.0,1.0,0.0,0.0,0.0,16,1,2021,5,19,2,0,1,1,1,0,1,GRAVE_LESIONADOS,1
3,1,14,2,2,4,-11.981309675087513,-77.04026943169805,1,1,7,1,2,2,2,1,6543.555,2.0,4,4,1.0,14,33,1198.0,0.6991421067311502,80.0771078400784,76.60900695518498,9.373477291850651,1476.4639519611976,223027.56150874987,7626.313,1683.4029999999998,1599.0829999999996,4343.827000000001,1814.875,5811.438000000001,23.797541485643197,5,2,0,1,2,36.10185686363809,28.608180803825572,46.43716378230673,1.0,0.0,0.0,0.0,2,0,0.0,0.0,0.8260226004781964,0.17397739952180358,0.17397739952180358,0.17397739952180358,1.0,0.0,0.17397739952180358,0.17397739952180358,12,3,2021,8,18,1,0,0,0,1,0,1,GRAVE_LESIONADOS,1
4,1,12,0,4,2,-7.72286011562272,-78.80231246245594,0,4,7,1,3,2,2,1,6543.555,2.0,4,4,1.0,14,33,1198.0,0.5295066128945041,75.18933602517853,55.80230525036852,7.550077428682811,958.804505748403,9445.716057650732,8931.828000000005,1335.5899999999997,1935.9830000000004,5660.255000000005,1219.309,7712.519000000005,13.651281686122925,4,1,0,0,3,27.037293411416748,27.037293411416748,27.037293411416748,1.0,0.6625229542870281,0.0,0.0,1,0,0.0,0.3374770457129719,0.0,0.6625229542870281,0.0,0.6625229542870281,0.3374770457129719,0.0,0.6625229542870281,0.0,10,2,2023,8,16,5,1,0,0,1,0,1,GRAVE_LESIONADOS,1
5,1,11,0,4,1,-8.037107943087337,-78.28465279661397,0,4,6,0,2,1,1,0,612.1028653779623,2.0,2,0,0.9819189077943146,8,28,102.69408273864713,0.43062975943382586,76.63956388624325,42.91826225097074,6.2440381169237105,659.2401063714815,13102.877557233296,8918.75951090541,1335.5518127332614,1915.298122030143,5667.909576142005,1216.4259698478033,7702.3335410576055,13.637893864674334,5,1,0,0,4,61.53893214875502,61.29483740397827,61.783026893531776,1.0,0.9819189077943146,0.0,0.0,1,0,0.0,0.0,0.0,1.0,0.018081092205685434,1.0,0.0,0.0,0.018081092205685434,0.0,14,3,2022,2,26,6,1,1,0,1,0,1,GRAVE_LESIONADOS,1
4,1,14,2,2,4,-11.904914351463399,-77.08628657412528,0,2,7,0,1,2,2,0,6543.555,2.0,4,4,1.0,14,33,1198.0,0.7013741779719935,79.69907381791556,75.59750693694876,10.31372170706141,1425.20989735998,375808.0424971197,7626.313,1683.4029999999998,1599.0829999999996,4343.827000000001,1814.875,5811.438000000001,23.797541485643197,5,1,0,0,3,36.20428828933986,36.20428828933986,36.20428828933986,1.0,0.5996701315892418,0.0,0.0,1,0,0.0,0.0,0.40032986841075824,1.0,0.5996701315892418,0.40032986841075824,0.40032986841075824,0.5996701315892418,1.0,0.5996701315892418,12,1,2023,7,9,2,0,0,0,1,0,1,GRAVE_LESIONADOS,1
4,9,7,0,4,0,-13.59947188096196,-71.96313327726872,1,4,3,0,2,1,1,2,6543.555,2.0,4,4,1.0,14,33,1198.0,0.6348954939297919,77.6245715059073,78.73535107148551,10.276562257168177,1084.1455565765216,94654.62312633834,17779.13499998999,2097.3709999899997,2863.123,12818.640999999989,2878.713,14900.421999989989,16.19152450331032,13,1,0,0,11,33.225061539421894,32.54987692115621,33.900246157687576,1.0,0.0,0.0,1.0,1,0,0.0,0.0,0.45012307884378955,1.0,0.0,0.0,1.0,0.0,0.45012307884378955,0.0,16,2,2023,9,18,1,0,0,2,1,0,1,GRAVE_LESIONADOS,1
1,1,5,2,4,1,-5.811647628113372,-78.7770064284974,0,1,4,0,2,0,0,1,4870.684751143255,2.0,2,0,1.0,5,20,1336.7863667870927,0.5803239946829384,74.49544278598792,68.33065356443184,8.733179344969395,1046.078117086984,102362.46895074946,15935.565011852366,1733.9250000199986,935.692,13265.948011832368,2000.1670000199988,13935.398011832369,12.551591352627522,8,1,0,2,4,31.037722032698895,30.847513329112438,31.22793073628535,1.0,0.38041740717291317,0.6195825928270868,0.6195825928270868,1,0,0.0,0.38041740717291317,0.0,1.0,0.6195825928270868,0.38041740717291317,0.38041740717291317,0.0,0.6195825928270868,0.0,19,2,2023,6,3,5,1,0,2,1,0,1,GRAVE_LESIONADOS,1
6,1,12,0,4,2,-7.71617397848418,-78.21146120668996,0,4,7,1,5,2,2,0,6543.555,2.33650965487129,3,2,1.0,9,31,1291.2131743993473,0.2972148979492936,74.8036661994658,35.77880445884791,4.709028616738209,418.9329102050143,14106.651846477747,8931.828000000005,1335.5899999999997,1935.9830000000004,5660.255000000005,1219.309,7712.519000000005,13.651281686122925,10,1,0,0,9,26.02858689384161,26.02858689384161,26.02858689384161,1.0,0.0,0.0,0.0,1,0,0.0,0.0,0.3365096548712899,0.6634903451287101,0.0,0.0,1.0,0.0,0.0,0.0,17,2,2022,9,19,1,0,0,0,1,0,1,GRAVE_LESIONADOS,1
4,1,10,0,4,1,-15.043233766531833,-75.01326480599661,0,4,0,1,2,1,0,2,6624.19020840934,2.0,2,0,1.0,9,31,1547.5697688768282,0.5563774842369664,77.00938809632027,69.10246351364754,8.476961866273152,914.8835608305218,27932.19700214133,3721.461,698.1859999999996,744.866,2278.409,1102.9029999999996,2618.558,29.636290693359403,4,1,0,0,3,46.30966949518032,31.25642585933604,61.3629131310246,1.0,0.83629131310246,0.16370868689754003,1.0,1,0,0.0,0.0,0.0,1.0,0.0,0.83629131310246,0.16370868689754003,0.83629131310246,0.83629131310246,0.0,5,0,2021,3,18,2,0,1,0,1,0,1,GRAVE_LESIONADOS,1
3,1,10,2,2,3,-13.643832262770106,-76.18818463603327,0,0,0,1,2,1,1,0,6543.555,2.0,4,4,1.0,14,33,1198.0,0.5886594660044049,77.43181946746529,71.28132339524011,10.340754134535862,914.646203800608,60310.808299327335,3721.461,698.1859999999996,744.866,2278.409,1102.9029999999996,2618.558,29.636290693359403,7,1,0,0,5,20.331434711843706,19.93916616548157,20.72370325820584,1.0,0.78453709272427,0.78453709272427,1.0,1,0,0.0,0.0,0.0,1.0,0.78453709272427,1.0,0.0,0.0,0.78453709272427,0.78453709272427,18,1,2023,9,6,4,0,0,0,1,0,1,GRAVE_LESIONADOS,1
3,2,13,0,4,1,-6.317809383351371,-79.85620252810865,0,3,2,1,2,1,0,0,6689.913787789618,2.879518177561532,2,0,1.0,1,28,1554.277039164512,0.4713533324097631,74.73417728808742,58.43933625380112,6.355785155016356,755.1245249357884,44722.94837263986,3722.9973964390374,551.2082334770544,722.9291758093686,2448.8599871526144,740.7105095288694,2982.286886910168,20.043470829782628,21,2,0,0,19,35.37349539708068,25.91566359805379,44.83132719610758,1.0,1.0,0.0,0.879518177561532,2,0,0.0,0.879518177561532,1.0,0.12048182243846794,0.12048182243846794,0.0,0.879518177561532,0.12048182243846794,0.12048182243846794,0.12048182243846794,6,0,2021,3,12,4,0,0,0,1,0,1,GRAVE_LESIONADOS,1
6,1,5,0,4,2,-5.593254042972988,-78.9193516410921,0,4,1,0,1,2,2,1,6543.555,2.0,4,4,1.0,14,33,1198.0,0.3108329008311746,77.7460121486276,35.455401387162965,4.60970426865481,356.4164023215624,20476.975323278253,15935.565011852366,1733.9250000199986,935.692,13265.948011832368,2000.1670000199988,13935.398011832369,12.551591352627522,5,1,0,0,4,40.55461151569378,40.55461151569378,40.55461151569378,1.0,0.0,0.0,0.8515371718979257,1,0,0.0,0.14846282810207434,0.0,0.8515371718979257,0.0,0.0,1.0,0.0,0.8515371718979257,0.0,14,3,2023,9,9,2,0,0,2,1,0,1,GRAVE_LESIONADOS,1
3,2,20,0,4,1,-5.1927357007379875,-79.84708239164172,0,4,1,1,2,2,2,2,6558.65560761195,2.8433871851073502,2,0,1.0,1,30,1497.0824068998636,0.5696360501008325,76.7304123352634,67.32400936937148,8.752391368061385,955.9387152244116,24018.898022730387,1433.8913346022277,226.13207184919474,359.1049184678236,848.6543442852094,406.3233788171011,1027.5679557851267,27.790209346447075,6,2,0,0,4,35.59048466596615,34.807420591502904,36.3735487404294,1.0,0.8433871851073501,0.0,0.1566128148926499,2,0,0.0,0.0,1.0,1.0,0.8433871851073501,1.0,0.1566128148926499,0.0,0.8433871851073501,0.8433871851073501,2,0,2023,3,22,5,0,0,0,1,0,1,GRAVE_LESIONADOS,1
6,1,7,0,4,2,-13.213292846531923,-71.94512272904208,0,4,0,0,1,1,1,5,6543.555,2.0,4,4,1.0,14,33,1198.0,0.23422416104492766,69.80621373769691,39.54924783670052,3.4599262719732167,233.54366018825243,5544.7931705788105,17779.13499998999,2097.3709999899997,2863.123,12818.640999999989,2878.713,14900.421999989989,16.19152450331032,7,1,0,0,6,34.89904032534478,34.89904032534478,34.89904032534478,1.0,0.025239918663804706,0.0,0.0,1,0,0.0,0.0,0.0,1.0,0.0,0.0,1.0,0.0,0.0,0.0,14,2,2022,6,7,2,0,0,2,1,0,1,GRAVE_LESIONADOS,1
3,4,3,2,4,1,-15.48269750900714,-72.50231156193061,0,3,1,1,2,0,1,0,7159.119686816559,2.0,2,0,1.0,9,31,1964.6203601114178,0.6122909867990884,77.43384184785636,70.55326649984345,8.635575318751727,1149.4711659360794,35673.69703902483,9989.52142443864,1469.7652989110647,1598.9280996652974,6920.828025862279,2598.9539150187484,7390.567509419892,25.59431529470601,8,4,0,0,4,40.63601685133603,29.89776760579046,51.0,1.0,0.15746177060136302,0.0,0.15746177060136302,4,0,0.0,0.842538229398637,0.15746177060136302,1.0,0.15746177060136302,1.0,0.842538229398637,0.15746177060136302,0.15746177060136302,0.15746177060136302,21,2,2022,7,23,3,0,1,0,1,0,1,GRAVE_LESIONADOS,1
4,1,8,0,4,1,-12.71562024372811,-74.86566321647359,0,4,2,1,2,1,0,0,860.9879520718346,-0.0017532117791982937,1,0,0.0,9,32,147.52191514723998,0.22869412100719785,64.11503717149236,54.099214290149604,4.490299498810383,184.71368227429403,28051.040444976523,8511.426,1445.3929999999996,2008.516,5057.516999999999,1879.579,6631.846999999998,22.08300935706896,6,1,0,0,5,50.4973701823312,45.48860412343521,55.506136241227196,1.0,0.5008766058895991,0.0,0.0,1,0,0.0,0.0,0.0,1.0,0.0,1.0,0.0,0.0,0.0,0.0,10,1,2021,6,17,1,0,0,2,1,0,1,GRAVE_LESIONADOS,1
3,1,1,0,4,1,-9.63319191568118,-77.49121771170537,0,4,0,0,2,1,1,1,9936.932,2.0,2,0,1.0,9,32,3830.0,0.3242831289719802,74.43974472208055,52.22527993671787,5.670534634665199,308.15545025590984,1873.197479973905,10767.648,1885.0630000000003,1222.721,7659.864000000001,2100.343,8667.305000000002,19.506051832303577,8,1,0,0,6,50.32350353675924,30.204364325857725,70.44264274766076,1.0,0.9814214249220252,0.0,0.01857857507797478,1,0,0.0,0.0,1.0,0.9814214249220252,0.9814214249220252,0.01857857507797478,0.9814214249220252,0.0,1.0,0.9814214249220252,9,1,2022,1,30,0,0,1,0,1,0,1,GRAVE_LESIONADOS,1
6,1,12,0,4,1,-7.531770196138288,-77.73221626561313,0,4,7,1,7,2,2,0,1976.11787447447,1.0973767291080043,3,1,0.09737672910800421,9,32,345.021009007064,0.1577696273838295,73.34939757302345,20.34278702044506,2.804184440523219,135.15658506181953,13367.980728051392,8931.828000000005,1335.5899999999997,1935.9830000000004,5660.255000000005,1219.309,7712.519000000005,13.651281686122925,5,1,0,0,4,32.026232708919956,32.026232708919956,32.026232708919956,1.0,0.0,0.0,0.0,1,0,0.0,0.9026232708919958,0.0,0.09737672910800421,0.0,0.0,1.0,0.0,0.9026232708919958,0.0,2,0,2022,11,3,3,0,0,0,1,0,1,GRAVE_LESIONADOS,1
6,1,4,0,4,1,-13.353799553497991,-74.79549243932969,0,4,1,1,2,1,1,4,1679.5849999999998,2.0,2,3,1.0,9,24,315.0,0.2587772817968213,78.2313731727826,42.59351526103478,4.069708361522777,219.52972987349307,3876.4004282655246,12678.733000000004,1805.074000000001,1774.0339999999994,9099.625000000004,2485.375000000001,10193.358000000002,19.602707936195205,5,1,0,0,4,33.72759185057591,33.72759185057591,33.72759185057591,1.0,0.0,0.0,0.6969342388248984,1,0,0.6969342388248984,0.0,0.0,0.6969342388248984,0.0,0.30306576117510164,0.6969342388248984,0.0,0.0,0.6969342388248984,11,2,2022,2,23,4,0,1,2,1,0,1,GRAVE_LESIONADOS,1
4,1,20,0,4,1,-7.04930967968571,-76.97128886578359,6,4,2,0,3,2,2,1,5356.940125722829,2.6382244150406113,2,0,1.0,1,25,1146.1459932719158,0.5742824455845523,74.32392165387566,64.36182712951211,8.770353434709488,1054.6814949603825,11247.599434137528,1400.2853222607373,232.88187132424716,306.4823069896159,860.921143946874,355.4237591496133,1044.8615631111238,26.06401545137579,23,1,0,0,21,37.36177558495939,36.27644883008122,38.447102339837556,1.0,0.0,0.0,0.6382244150406114,1,0,0.0,0.0,0.0,0.36177558495938855,0.36177558495938855,0.36177558495938855,0.6382244150406114,0.0,0.36177558495938855,0.0,12,1,2023,9,20,4,0,0,0,1,0,1,GRAVE_LESIONADOS,1
4,1,12,0,4,1,-7.970674792342679,-78.64161462256973,0,4,0,0,2,2,2,2,610.6099999999999,2.0,2,0,1.0,8,29,100.0,0.3809823047796905,74.4473973089921,51.51705644975158,5.622573590650768,479.1502137748447,26695.141327623125,8931.828000000005,1335.5899999999997,1935.9830000000004,5660.255000000005,1219.309,7712.519000000005,13.651281686122925,6,1,0,0,4,38.72495535492434,35.39989010442914,42.05002060541953,1.0,0.0,0.0,0.0,1,0,0.0,0.35000686847317874,0.0,1.0,0.0,0.35000686847317874,1.0,0.6499931315268213,1.0,0.6499931315268213,6,1,2021,10,9,4,0,0,0,1,0,1,GRAVE_LESIONADOS,1
3,1,12,0,4,1,-7.696406766039058,-79.42660535634224,0,4,7,1,2,2,2,2,6543.555,2.0716274480192083,3,3,1.0,12,32,1217.8408031013207,0.5605164445866666,76.61349501649897,62.760180081206855,7.98931757140171,999.8297352720696,9448.43683083512,8931.828000000005,1335.5899999999997,1935.9830000000004,5660.255000000005,1219.309,7712.519000000005,13.651281686122925,4,1,0,0,2,26.79347047274912,26.79347047274912,26.79347047274912,1.0,0.9283725519807918,0.0,0.0,1,0,0.0,0.0,0.0,1.0,0.0,1.0,0.0,0.0,1.0,0.0,12,3,2023,6,22,6,1,0,0,1,0,1,GRAVE_LESIONADOS,1
6,1,7,0,4,1,-13.071770665788675,-72.48318230827871,0,4,0,0,2,1,1,2,3650.963224980831,1.0656260881778175,2,3,0.06562608817781757,9,13,1114.8407218478258,0.45964673784916416,76.84113595244516,61.076356363046614,7.0212744391032285,626.9432337059854,3297.940738428581,17779.13499998999,2097.3709999899997,2863.123,12818.640999999989,2878.713,14900.421999989989,16.19152450331032,4,1,0,0,3,29.640652204445438,29.640652204445438,29.640652204445438,1.0,0.0,0.0,0.06562608817781757,1,0,0.0,0.06562608817781757,0.0,0.9343739118221824,0.0,0.9343739118221824,0.06562608817781757,0.0,0.9343739118221824,0.0,7,1,2022,7,11,0,0,0,2,1,0,1,GRAVE_LESIONADOS,1
6,1,12,0,4,2,-9.136796083328464,-77.6018143183893,1,4,3,0,1,2,2,2,6543.555,2.0,4,4,1.0,14,33,1198.0,0.5225999725673621,78.05976822120465,48.68362925652026,8.146121681027472,910.8709099165661,13699.252289836171,8343.578387933074,1492.3104224553795,1784.179846221339,5067.088119256355,1487.6639928267796,6855.914395106293,18.22306630062225,5,1,0,0,4,33.84588282442675,31.648235496182892,35.494118320609644,0.45058816793903544,0.0,0.0,0.45058816793903544,1,0,0.0,0.45058816793903544,0.5494118320609646,0.0,0.5494118320609646,0.0,0.45058816793903544,0.5494118320609646,0.0,0.5494118320609646,17,2,2023,5,17,3,0,1,0,1,0,1,GRAVE_LESIONADOS,1