CLASE SINIESTRO,CANTIDAD DE VEHICULOS DAÑADOS,DEPARTAMENTO,ZONA,TIPO DE VÍA,RED VIAL,COORDENADAS LATITUD,COORDENADAS  LONGITUD,CONDICIÓN CLIMÁTICA,ZONIFICACIÓN,CARACTERÍSTICAS DE VÍA,PERFIL LONGITUDINAL VÍA,SUPERFICIE DE CALZADA,¿EXISTE SEÑAL VERTICAL?,¿EXISTE SEÑAL HORIZONTAL?,CAUSA FACTOR PRINCIPAL,MTC_RVN_LONGITUD_KM,MTC_RVN_N_CARRILES_MEDIANA,MTC_RVN_SUPERFICIE_DOMINANTE,MTC_RVN_ESTADO_DOMINANTE,MTC_RVN_ES_CONCESIONADA,MTC_RVN_CONCESION_PRINCIPAL,MTC_RVN_CORREDOR_LOGISTICO,MTC_RVN_N_TRAMOS,IDH_2019,IDH_ESP_VIDA_2019,IDH_EDUC_SECUND_PCT_2019,IDH_ANIOS_EDUC_2019,IDH_INGRESO_PERCAP_2019,IDH_POBLACION_2019,MTC_DEP_RED_TOTAL_KM,MTC_DEP_NACIONAL_TOTAL_KM,MTC_DEP_DEPARTAMENTAL_TOTAL_KM,MTC_DEP_VECINAL_TOTAL_KM,MTC_DEP_PAV_TOTAL_KM,MTC_DEP_NO_PAV_TOTAL_KM,MTC_DEP_PCT_PAVIMENTADA,PER_TOTAL_PERSONAS,PER_N_CONDUCTORES,PER_N_CONDUCTORES_FUGADOS,PER_N_PEATONES,PER_N_PASAJEROS_OCUPANTES,PER_EDAD_COND_PROM,PER_EDAD_COND_MIN,PER_EDAD_COND_MAX,PER_ANY_COND_MASCULINO,PER_ANY_LIC_PROBLEMA,PER_ANY_DOSAJE_POS,PER_ANY_DOSAJE_EVALUADO,VEH_TOTAL,VEH_N_FUGADOS,VEH_ANY_FUGADO,VEH_ANY_CARGA,VEH_ANY_PUBLICO,VEH_ANY_PARTICULAR,VEH_ANY_MOTO,VEH_ANY_AUTO,VEH_ANY_CAMION_BUS,VEH_ANY_SOAT_PROBLEMA,VEH_ANY_CITV_PROBLEMA,VEH_ANY_SEGURO_PROBLEMA,HORA_NUM,FRANJA_HORARIA,ANIO,MES,DIA_MES,DIA_SEMANA,ES_FIN_SEMANA,ES_QUINCENA,REGION_NATURAL,TIENE_SEÑALIZACION,ES_VIA_MULTICARRIL,ES_DEPTO_BAJO_PAVIMENTO,CATEGORIA_SEVERIDAD,CATEGORIA_SEVERIDAD_ENC
3,1,14,0,3,2,-11.860420538890493,-77.02284379290573,0,2,7,1,2,1,0,1,3318.1105848928532,2.0,2,3,0.4091337326048855,11,27,1095.7801357406452,0.694298512012715,79.53274279271767,76.19537576583271,10.085445163406218,1402.8040755368634,359772.71261757746,7626.313,1683.4029999999998,1599.0829999999996,4343.827000000001,1814.875,5811.438000000001,23.797541485643197,7,2,0,0,5,35.43243912277084,29.22834331512214,41.63653493041954,1.0,0.5908662673951145,0.0,0.0,2,0,0.0,0.0,1.0,0.4091337326048855,0.5908662673951145,0.4091337326048855,1.0,0.5908662673951145,1.0,0.5908662673951145,10,1,2022,4,25,1,0,1,0,1,0,1,GRAVE_LESIONADOS,1
3,2,6,0,4,1,-14.170394753225946,-73.63281141464057,0,3,2,0,2,0,0,1,998.5184108184432,1.0,2,0,0.0,9,32,158.26721570692598,0.47622828547003715,74.3290407011664,60.036241624365914,7.533436863358518,741.5231623919547,23971.91635632013,9140.281887970508,1462.7020721265717,1918.6500256866989,5758.929790157237,2229.287335706355,6910.994552264153,24.12556385595591,9,2,0,0,7,36.945437524455514,28.958184371331672,44.93269067757936,1.0,0.0,0.0,0.6527281237772241,2,0,0.0,0.6527281237772241,0.3472718762227759,0.0,0.6527281237772241,0.0,1.0,0.0,0.0,0.3472718762227759,9,1,2024,8,11,1,0,0,1,1,0,1,GRAVE_LESIONADOS,1
3,2,3,0,4,1,-16.822068208674736,-71.76874368356049,0,4,0,0,2,0,1,0,1818.9171856489586,2.0,2,0,1.0,8,30,354.13873405356424,0.6261623838906418,78.93992458284,76.44759548671836,8.790424448045556,1172.9195252143415,1151.2712154354197,10322.272,1495.236,1749.739,7077.2970000000005,2886.595,7435.677000000001,27.964725207783708,6,2,0,0,4,43.19900399001367,40.93200532001823,45.46600266000911,1.0,0.7443337766681856,0.0,0.0,2,0,0.0,0.25566622333181444,0.0,1.0,0.0,1.0,0.25566622333181444,0.0,0.7443337766681856,0.0,6,0,2024,3,4,4,0,0,0,1,0,1,GRAVE_LESIONADOS,1
8,1,10,0,4,1,-13.953388117573773,-75.90374897817972,0,4,7,1,2,2,2,0,6639.975,2.0,2,0,1.0,9,31,1616.0,0.6053164595604621,78.88848309050202,67.63954639531094,9.133324993872453,1064.9426147896202,27932.19700214133,3721.461,698.1859999999996,744.866,2278.409,1102.9029999999996,2618.558,29.636290693359403,5,1,0,0,4,27.98976929728149,27.98976929728149,27.98976929728149,1.0,0.0,0.0,0.6354335724801355,1,0,0.0,0.0,0.0,0.6354335724801355,0.0,0.36456642751986446,0.6354335724801355,0.36456642751986446,0.0,0.36456642751986446,8,0,2021,10,25,3,0,1,0,1,0,1,GRAVE_LESIONADOS,1
3,1,19,2,4,2,-15.264528884981289,-71.08398535775751,0,0,7,1,2,1,0,1,6543.555,2.0,4,4,1.0,14,33,1198.0,0.648486963519809,70.8995433420472,80.36868221501302,11.32292014160573,1237.979426641865,144156.3878118311,12701.895066464505,1968.0405623762517,2236.090485035067,8497.764019053186,3079.7014454215528,9622.19362104295,24.21508576509783,4,2,0,0,2,33.10920132416244,30.84368052966498,35.37472211865991,1.0,0.15631947033502236,0.0,0.0,2,0,0.0,0.0,1.0,0.8436805296649776,0.15631947033502236,0.8436805296649776,1.0,0.15631947033502236,0.15631947033502236,0.15631947033502236,6,0,2022,10,7,5,0,0,1,1,0,1,GRAVE_LESIONADOS,1
3,2,5,0,4,1,-6.0974179371229225,-79.10585382614613,4,4,7,1,2,2,2,0,9936.932,2.0,2,0,1.0,9,32,3830.0,0.3217069395633169,77.57305241583933,33.49442038971303,4.4438518143178625,420.89053090869425,8518.054058717595,15935.565011852366,1733.9250000199986,935.692,13265.948011832368,2000.1670000199988,13935.398011832369,12.551591352627522,7,2,0,0,5,41.22022892411936,31.559542151761278,57.32137354471617,1.0,0.8050572310298402,0.0,1.0,2,0,0.0,0.8050572310298402,0.19494276897015983,0.8050572310298402,0.0,0.8050572310298402,1.0,0.0,0.0,0.0,7,1,2021,7,9,3,0,0,2,1,0,1,GRAVE_LESIONADOS,1
5,0,11,0,4,1,-11.947703936466915,-75.32592791161107,2,3,7,1,2,2,2,0,208.29460283586025,2.0,1,0,0.826867847173362,4,32,30.671696179334052,0.5094324469192663,69.80046164182401,68.30814412618273,8.9065528403411,781.4898849740999,1269.9314775160597,12264.545,1826.4639999999995,1105.5389999999998,9332.542,1588.5359999999996,10676.009,12.952261987705208,4,1,0,0,3,31.068605591425992,30.808907362186034,31.328303820665948,1.0,0.826867847173362,0.0,0.0,1,0,0.0,0.0,0.0,1.0,0.826867847173362,0.17313215282663796,0.17313215282663796,0.0,0.826867847173362,0.0,15,2,2021,3,29,2,0,1,2,1,0,1,GRAVE_LESIONADOS,1
3,2,3,0,4,1,-16.012231054559383,-71.28438457839263,1,4,3,0,2,0,1,0,1504.4250000000002,2.0,2,0,1.0,7,25,241.0,0.4580032188518694,81.7226277465304,64.0504780199341,5.889736161581384,619.2647047344628,1530.6030912583353,10322.272,1495.236,1749.739,7077.2970000000005,2886.595,7435.677000000001,27.964725207783708,6,2,0,0,4,40.31203373129177,33.31203373129177,47.31203373129177,1.0,1.0,0.0,0.4373445770972576,2,0,0.0,0.5626554229027424,0.0,0.4373445770972576,0.0,0.4373445770972576,0.5626554229027424,0.0,0.4373445770972576,0.0,11,2,2023,6,13,6,1,0,0,1,0,1,GRAVE_LESIONADOS,1
6,1,10,0,4,1,-13.950048697272521,-75.84946582917497,0,4,7,1,2,2,2,1,6639.975,2.0,2,0,1.0,9,31,1616.0,0.6053164595604621,78.88848309050202,67.63954639531094,9.133324993872453,1064.9426147896202,27932.19700214133,3721.461,698.1859999999996,744.866,2278.409,1102.9029999999996,2618.558,29.636290693359403,5,1,0,0,4,36.24375022388164,36.24375022388164,36.24375022388164,1.0,0.7621875111940821,0.0,0.7621875111940821,1,0,0.0,0.0,0.0,0.7621875111940821,0.0,1.0,0.0,0.23781248880591788,0.0,0.23781248880591788,5,0,2023,3,6,1,0,0,0,1,0,1,GRAVE_LESIONADOS,1
5,1,10,0,4,1,-11.721159832880616,-76.78637632291341,2,4,3,1,2,1,1,3,790.0375464048939,1.2863926337365283,1,2,0.28639263373652846,6,28,223.65662613239508,0.5792119931364458,77.69797330592745,71.47451026998586,8.627523898034246,974.8021031627782,6947.497023027474,3646.4920002667886,645.7406353396316,729.0748829610353,2271.6764819661216,988.4753959758373,2658.0166042909514,26.97103609885012,9,1,0,0,8,61.55616574092811,59.9810062553772,63.131325226479014,1.0,0.0,0.0,1.0,1,0,0.0,0.0,0.0,0.7136073662634715,0.0,0.28639263373652846,0.7136073662634715,0.0,0.0,0.0,16,1,2021,4,22,0,0,1,0,1,0,1,GRAVE_LESIONADOS,1
4,2,4,0,4,1,-5.7861999548282,-78.21576369900538,0,3,7,1,2,2,2,0,7758.33400008,2.0,2,0,1.0,9,20,2133.0,0.5030820353780336,71.96474220874103,64.98627038403858,6.786042261559686,876.1633989354434,49930.7382186489,4265.09334810921,1084.557753551849,663.9304714649618,2516.6051230923995,958.0784150502953,3307.0149330589147,22.88085837073963,4,2,0,0,2,28.651175279998288,23.547419532305845,33.75493102769072,1.0,0.207511495384879,0.0,0.0,2,0,0.0,0.0,0.207511495384879,1.0,1.0,0.0,0.792488504615121,0.207511495384879,1.0,0.207511495384879,4,0,2023,2,19,6,1,0,1,1,0,1,GRAVE_LESIONADOS,1
4,1,3,1,4,0,-16.367574630590017,-72.37511985434145,0,1,7,1,0,2,2,0,6585.130075953046,2.0,3,2,1.0,11,32,1378.236276170641,0.6200265423682424,79.10734274432461,63.17647907140401,9.93042246732876,1129.584574909159,4599.021565438139,10322.272,1495.236,1749.739,7077.2970000000005,2886.595,7435.677000000001,27.964725207783708,4,1,0,0,2,38.92203184108468,35.2569401007726,42.58712358139676,0.43118726356612713,0.0,0.0,0.0,1,0,0.0,0.0,0.0,0.43118726356612713,0.0,0.0,1.0,0.0,0.0,0.0,8,1,2023,6,13,2,0,0,0,1,0,1,GRAVE_LESIONADOS,1
3,1,18,0,4,1,-14.843302066284831,-70.93360525451244,5,4,7,1,2,0,1,2,7586.903,2.0,2,0,1.0,9,5,1198.0,0.3142943640520379,76.46093141547694,62.836809049084046,5.84422577178296,267.9222525167728,1377.849210333283,13460.066192793965,1995.075624437322,2188.959038683077,9276.031529673566,3085.806183735632,10374.260009058333,22.792405273718508,5,2,0,0,3,43.40475418762291,38.0,48.809508375245834,1.0,0.0,0.8677231528050924,1.0,2,0,0.0,0.0,0.0,1.0,0.0,0.13227684719490762,0.8677231528050924,0.8677231528050924,0.8677231528050924,0.0,22,2,2021,4,13,5,0,0,2,1,0,1,GRAVE_LESIONADOS,1
6,1,14,0,4,1,-8.439786900113926,-77.61236222162913,0,4,7,1,2,1,1,1,795.8088120544056,1.5678837631980707,0,1,0.5678837631980707,5,32,106.57958300152669,0.3772607949604091,71.73912606740143,58.42134348861995,5.3140981414370145,510.71123477567346,7137.093429730107,8769.483739706542,1636.7806180233229,1229.6520610985822,5903.051060584636,2069.7780373069495,6699.705702399591,23.568782395107107,4,1,0,0,3,42.72846494720772,42.72846494720772,42.72846494720772,0.43211623680192934,0.5678837631980707,0.0,0.5678837631980707,1,0,0.0,1.0,0.0,0.0,1.0,0.0,0.0,0.5678837631980707,1.0,0.0,13,3,2022,1,16,2,0,0,0,1,0,1,GRAVE_LESIONADOS,1
3,1,14,0,4,1,-11.142373671559,-77.59269117815614,0,4,7,0,2,2,2,2,6543.555,3.0,2,0,1.0,0,30,1475.0,0.7327345537337897,78.20903814342847,76.31492653513806,13.642917835589472,1405.6698219039215,62016.21841541756,7626.313,1683.4029999999998,1599.0829999999996,4343.827000000001,1814.875,5811.438000000001,23.797541485643197,4,1,0,0,2,41.316249236228245,28.267273838213466,54.36522463424302,0.9665907702233167,0.0,0.0,1.0,1,0,0.0,0.0,0.0,1.0,0.0,1.0,0.9665907702233167,0.0,0.0,0.0,21,1,2023,6,17,0,0,1,0,1,1,1,GRAVE_LESIONADOS,1
6,1,1,0,4,1,-9.27170813090154,-77.35885827823994,0,4,6,0,4,2,2,0,8402.395680262132,2.0,2,1,1.0,11,32,2639.769856532278,0.34343042501400034,72.00353788770568,40.334556624253075,5.523286119780546,491.08206301398485,2063.4622114001727,10767.648,1885.0630000000003,1222.721,7659.864000000001,2100.343,8667.305000000002,19.506051832303577,8,1,0,0,7,36.47784899898282,36.47784899898282,36.47784899898282,1.0,0.0,0.0,0.5477848998982819,1,0,0.0,0.0,1.0,0.0,0.0,1.0,0.0,0.0,1.0,0.0,9,1,2022,5,27,5,0,1,0,1,0,1,GRAVE_LESIONADOS,1
5,1,9,0,4,1,-9.444648398365514,-76.62822465877939,0,4,0,0,1,2,2,2,6543.555,2.1427856366678846,3,3,1.0,12,32,1237.551621357004,0.2432530071653865,77.70691521844665,38.697480239515556,2.664459861623169,399.64918473711987,24753.49809176536,8312.258317400085,1333.779563264642,955.3246250618802,6023.154129073561,1082.626169766694,7229.632147633391,13.016572637083879,5,1,0,0,4,45.42885745332846,43.42985853997808,47.427856366678846,1.0,0.14278563666788469,0.0,0.0,1,0,0.0,0.8572143633321153,0.14278563666788469,0.14278563666788469,0.14278563666788469,0.0,1.0,0.0,0.8572143633321153,0.14278563666788469,14,2,2021,4,5,0,0,0,1,1,0,1,GRAVE_LESIONADOS,1
3,1,3,0,4,1,-15.903412405571252,-71.16852554747551,0,4,4,0,2,1,1,0,1504.4250000000002,2.0,2,0,1.0,7,25,241.0,0.4498224071382834,81.63336343193146,58.84842497065013,5.774685730039019,620.6584683449911,1358.612419700214,10322.272,1495.236,1749.739,7077.2970000000005,2886.595,7435.677000000001,27.964725207783708,8,2,0,0,6,36.25245606034953,27.726042760543713,44.77886936015535,1.0,0.38943468007767323,0.0,0.6105653199223268,2,0,0.0,0.38943468007767323,0.6105653199223268,0.6105653199223268,0.0,0.0,1.0,0.0,0.0,0.0,6,1,2024,7,5,4,0,0,0,1,0,1,GRAVE_LESIONADOS,1
6,1,8,0,4,1,-13.122264015434926,-75.54328076025273,0,4,6,1,2,0,1,0,1482.81,1.0,1,3,0.0,9,16,270.0,0.3350977923231871,68.89558289355473,47.3438883832626,6.105182048508107,369.6405022278763,1173.4582441113491,8511.426,1445.3929999999996,2008.516,5057.516999999999,1879.579,6631.846999999998,22.08300935706896,4,1,0,0,3,34.37213128307698,34.37213128307698,34.37213128307698,1.0,0.9517024063905372,0.0,0.0,1,0,0.0,0.0,0.0,1.0,0.0,1.0,0.0,0.0,0.0,0.0,9,1,2021,7,2,0,0,0,2,1,0,1,GRAVE_LESIONADOS,1
6,1,8,0,4,1,-13.27646983328815,-75.47161131396052,0,4,4,0,2,0,1,0,1545.7230701288497,1.3197208493398542,1,3,0.31972084933985423,9,18,284.38743822029346,0.3960882633743721,70.4705221691267,49.124136880156705,6.999640978462247,536.4205679127205,1457.5565768926353,8511.426,1445.3929999999996,2008.516,5057.516999999999,1879.579,6631.846999999998,22.08300935706896,4,1,0,0,3,29.56474556122248,29.56474556122248,29.56474556122248,1.0,1.0,0.0,0.0,1,0,0.0,0.0,0.0,1.0,0.0,1.0,0.0,0.0,0.0,0.0,12,1,2021,6,2,0,0,0,2,1,0,1,GRAVE_LESIONADOS,1
6,1,10,0,4,1,-13.379147328231957,-76.20658639876643,0,4,7,1,2,2,2,0,6639.975,2.0,2,0,1.0,9,31,1616.0,0.5736744275518083,81.67473861808857,68.1608574885675,9.138785887908334,865.1176766860625,26660.92933618844,3721.461,698.1859999999996,744.866,2278.409,1102.9029999999996,2618.558,29.636290693359403,5,1,0,0,4,23.033742323057556,23.033742323057556,23.033742323057556,1.0,0.0,0.0,0.0,1,0,0.0,0.0,0.0,1.0,0.0,0.8680981598670628,0.13190184013293715,0.0,0.13190184013293715,0.0,6,1,2022,4,22,1,0,0,0,1,0,1,GRAVE_LESIONADOS,1
3,1,18,0,4,1,-15.403495746302559,-70.92865911536887,0,4,6,1,2,1,1,2,1525.2251305966004,2.0,2,0,1.0,7,24,249.78744955554015,0.41740196972973775,74.57321012542273,69.15635187418219,7.081418846726119,472.5465271949878,4765.578591989696,13527.888531855035,1995.1641782921924,2285.232539182076,9247.491814380766,3215.647171144104,10312.24136071093,23.735545911035075,5,1,0,0,4,27.221865115612598,22.374986366362204,32.068743864862995,1.0,0.0,0.0,0.0,1,0,0.0,0.0,0.0,0.8812506816818898,0.0,1.0,0.0,0.8812506816818898,0.8812506816818898,0.8812506816818898,16,2,2022,7,18,2,0,1,2,1,0,1,GRAVE_LESIONADOS,1
4,1,12,0,4,1,-7.7590529008429945,-79.3032295849387,0,4,7,1,2,2,2,0,6543.555,2.649813475668039,2,1,1.0,4,31,1377.9983327600469,0.5951117314524239,77.18178572421223,72.37389881988763,8.83372845081989,1034.8070674710357,8775.981460357507,8931.828000000005,1335.5899999999997,1935.9830000000004,5660.255000000005,1219.309,7712.519000000005,13.651281686122925,5,1,0,0,4,29.198507805344313,29.198507805344313,29.198507805344313,1.0,0.35018652433196107,0.0,0.0,1,0,0.0,0.0,0.0,1.0,0.0,1.0,0.0,0.0,1.0,0.0,15,2,2023,3,13,6,1,0,0,1,0,1,GRAVE_LESIONADOS,1
3,1,3,0,4,0,-15.699760565083622,-71.5905058017456,0,4,0,0,2,0,1,0,6543.555,2.0,4,4,1.0,14,33,1198.0,0.5649362269939818,77.38255516262952,62.90799914166011,8.553205457677265,965.713524953966,7715.586723768736,10322.272,1495.236,1749.739,7077.2970000000005,2886.595,7435.677000000001,27.964725207783708,6,1,0,0,4,31.08325765805063,29.249772974151895,32.916742341949366,1.0,0.0,0.0,0.0,1,0,0.0,0.0,0.0,1.0,0.0,1.0,0.9167423419493679,0.0,0.0,0.0,13,3,2021,11,23,4,0,0,0,1,0,1,GRAVE_LESIONADOS,1
6,1,4,0,4,1,-14.492867771927187,-74.48398409235263,0,4,0,0,2,2,2,2,2085.5438800078473,1.7245579091588183,1,0,0.7245579091588182,5,28,167.33399725982454,0.3303838381290661,68.70175731068642,49.42979426975068,5.229944519941396,422.8645233746901,3399.4813610291726,12678.733000000004,1805.074000000001,1774.0339999999994,9099.625000000004,2485.375000000001,10193.358000000002,19.602707936195205,31,1,0,0,30,47.215716092335185,47.215716092335185,47.215716092335185,1.0,0.0,0.0,1.0,1,0,0.0,0.0,0.7245579091588182,0.0,0.27544209084118176,0.0,0.7245579091588182,0.27544209084118176,0.27544209084118176,0.27544209084118176,8,0,2023,9,11,3,0,0,2,1,0,1,GRAVE_LESIONADOS,1
6,1,6,0,4,1,-14.555484417524116,-73.45265548171263,0,4,7,0,2,1,1,0,1097.555671134843,2.0,2,0,0.688487700986014,7,17,183.05871238339859,0.6141584247909558,78.34013299287302,75.11121484333651,8.971402801077806,1084.5476092025176,34179.21298626186,9482.447613862554,1553.8523347685648,1702.8078030797487,6225.78747601424,2552.741038900731,6929.706574961823,26.666596226086057,5,1,0,0,4,34.70654115661539,34.70654115661539,34.70654115661539,0.311512299013986,0.0,0.0,1.0,1,0,0.0,0.0,0.0,1.0,0.0,0.311512299013986,0.688487700986014,0.0,0.0,0.0,11,1,2021,7,9,0,0,0,0,1,0,1,GRAVE_LESIONADOS,1
3,1,14,0,2,4,-12.14942001790472,-76.91794681474876,0,3,2,0,1,2,2,1,6543.555,2.0,4,4,1.0,14,33,1198.0,0.689811994580126,79.88015655965044,73.89553442371854,9.755251380104111,1409.8432274455126,452660.364025696,7626.313,1683.4029999999998,1599.0829999999996,4343.827000000001,1814.875,5811.438000000001,23.797541485643197,4,1,0,0,3,36.20983325781826,32.953687471681846,39.465979043954675,1.0,1.0,0.0,0.7829236142575724,1,0,0.0,0.7829236142575724,0.0,0.2170763857424276,0.0,0.2170763857424276,0.7829236142575724,0.7829236142575724,0.7829236142575724,0.2170763857424276,14,3,2021,2,17,3,0,0,0,1,0,1,GRAVE_LESIONADOS,1
1,1,6,0,4,0,-10.151318157101493,-74.97223230418433,0,2,7,0,2,1,1,2,7081.282813950374,2.0,3,2,1.0,11,27,1611.882283123505,0.6107391552113316,76.23944750720402,74.12966127530497,9.59337632836108,1067.294819925617,98066.53845015785,16963.06980663344,1936.4898660224176,2009.9363231625452,13016.643617448479,2489.8203536890423,14473.2494529444,14.580290446816706,14,1,0,1,11,29.294778941525884,28.458761213916535,30.130796669135236,1.0,0.0,0.4426548482604331,1.0,1,0,0.0,0.0,0.5573451517395669,1.0,0.4426548482604331,0.0,0.5573451517395669,0.0,1.0,0.0,18,2,2024,5,5,2,0,0,2,1,0,1,GRAVE_LESIONADOS,1
6,1,4,0,4,1,-13.832187529285463,-74.37974872711717,0,3,3,0,2,1,1,3,2825.428782434341,1.5147332576573784,2,1,0.5147332576573784,6,19,597.3551418885659,0.2626857550184587,72.60423929067119,43.86504651820078,3.835992414283767,351.42514254065316,3607.727345472884,12678.733000000004,1805.074000000001,1774.0339999999994,9099.625000000004,2485.375000000001,10193.358000000002,19.602707936195205,22,1,0,0,21,52.02946651531476,52.02946651531476,52.02946651531476,1.0,0.0,0.0,1.0,1,0,0.0,0.0,0.5147332576573784,0.0,0.0,0.0,1.0,0.0,0.48526674234262157,0.0,8,1,2023,8,21,2,0,0,2,1,0,1,GRAVE_LESIONADOS,1
3,2,7,0,4,1,-13.571501573550677,-71.73659192133832,0,4,7,1,2,0,1,1,3304.493751179378,1.7779094067485368,2,0,0.7779094067485368,5,16,686.5951921355445,0.45864823884912503,67.26906803976576,71.80558541718987,7.050966304372617,694.3379346654552,8716.901759951277,17779.13499998999,2097.3709999899997,2863.123,12818.640999999989,2878.713,14900.421999989989,16.19152450331032,9,2,0,0,7,36.222090593251465,35.33372822024561,37.11045296625731,1.0,0.0,0.0,0.7779094067485368,2,0,0.0,0.0,0.2220905932514632,1.0,0.0,1.0,1.0,0.0,0.7779094067485368,0.0,18,2,2023,6,20,4,0,0,2,1,0,1,GRAVE_LESIONADOS,1
4,1,13,0,4,0,-10.179218866170544,-77.96784524408366,0,4,2,0,2,1,1,2,6543.555,2.6176366689383723,2,1,1.0,5,31,1369.085357295929,0.6104354067601291,78.94321526320368,67.200578256094,7.9769008156217485,1200.406239277269,20428.3757652913,8125.494064150923,1550.4120627334619,1727.9012062346624,4847.1807951828,1587.1524003729505,6538.341663777973,19.91798379088194,7,1,0,0,5,39.147089993184885,37.23527333787674,41.05890664849302,1.0,0.0,0.0,0.6176366689383721,1,0,0.0,0.3823633310616279,0.6176366689383721,0.0,0.0,0.3823633310616279,1.0,0.0,0.3823633310616279,0.0,6,1,2021,6,19,1,0,1,0,1,0,1,GRAVE_LESIONADOS,1
4,1,7,0,4,0,-13.651917762684525,-71.69165893170552,2,4,3,0,2,1,0,4,7005.891029487972,2.0,3,2,1.0,11,20,1198.0,0.2689070516195439,67.3144324508521,56.4822187818254,5.5475066758029055,214.32262619036874,5268.619451908966,17779.13499998999,2097.3709999899997,2863.123,12818.640999999989,2878.713,14900.421999989989,16.19152450331032,4,1,0,0,3,42.58058043886462,36.819924949666735,48.34123592806251,1.0,0.5568726546770855,0.0,0.44312734532291453,1,0,0.0,0.44312734532291453,0.0,1.0,0.0,1.0,0.44312734532291453,0.5568726546770855,0.5568726546770855,0.0,11,1,2021,1,9,2,0,0,2,1,0,1,GRAVE_LESIONADOS,1
4,1,14,2,4,4,-12.183257438765114,-76.94166406442562,0,0,7,0,5,2,2,0,6543.555,2.0,4,4,1.0,14,33,1198.0,0.6932865381675134,79.9801564436789,74.07972982532922,9.848977829932506,1418.3681555764117,455105.86870876956,7626.313,1683.4029999999998,1599.0829999999996,4343.827000000001,1814.875,5811.438000000001,23.797541485643197,5,1,0,0,3,57.53333312554942,57.53333312554942,57.53333312554942,1.0,0.37619046876962214,0.0,0.0,1,0,0.0,0.0,0.6238095312303779,0.37619046876962214,1.0,0.0,0.37619046876962214,1.0,1.0,0.37619046876962214,10,0,2024,8,19,2,0,1,0,1,0,1,GRAVE_LESIONADOS,1
3,1,14,0,4,1,-14.708635121609204,-71.61681222858819,0,4,1,0,2,1,1,2,7586.903,2.0,2,0,1.0,9,5,1198.0,0.3326327002515131,71.3916569566524,69.0574156164378,6.009399421886433,297.98123585187636,5065.150397361121,13288.35102628912,1941.541814152115,2141.0290118764096,9205.780200260595,3009.6453638215703,10278.705662467548,22.56971743525681,4,2,0,0,2,40.97946979026832,31.87744824443648,50.08149133610016,1.0,1.0,0.0,0.0,2,0,0.0,0.36734051527727996,0.36734051527727996,0.63265948472272,0.36734051527727996,0.63265948472272,1.0,0.0,0.36734051527727996,0.0,16,1,2022,3,10,4,0,0,2,1,0,1,GRAVE_LESIONADOS,1
4,1,12,1,4,2,-11.112980721424169,-74.4620930607532,0,3,3,0,1,2,2,2,3639.3828464754506,1.5259465769014593,2,3,0.5259465769014594,11,32,654.7347771290724,0.4003690784479836,76.99978191686999,63.42250806578899,6.292500779441848,458.29968268196757,51613.91751037236,14848.441045606136,1869.9091206400271,1608.1012266585476,11370.430698307562,2623.0186818183447,12225.422363787791,18.11738536085801,7,1,0,0,6,45.60729382704197,43.0,48.21458765408395,1.0,0.5259465769014594,0.0,1.0,1,0,0.0,0.0,1.0,0.4740534230985406,0.0,0.4740534230985406,1.0,1.0,0.5259465769014594,0.5259465769014594,9,1,2023,1,25,3,0,1,2,1,0,1,GRAVE_LESIONADOS,1
5,1,19,0,4,1,-17.25069769933758,-71.74202753869551,0,4,7,1,2,2,2,1,1597.809275769836,1.4263983335034522,2,0,1.0,9,31,320.72619002143495,0.5604468288071002,75.31540632500061,69.52598045954363,8.9066863894545,913.1224284568686,3407.323886192732,2855.3265716776073,643.5815231033936,536.5960990437313,1675.148949530482,1075.241250198616,1780.0853214789909,38.27700549648519,6,1,0,0,5,28.206412220974684,27.632810554478137,28.78001388747123,1.0,0.8087994445011507,0.0,0.8087994445011507,1,0,0.0,0.0,0.0,1.0,0.0,1.0,0.0,0.0,0.0,0.0,11,1,2022,2,10,0,0,0,0,1,0,1,GRAVE_LESIONADOS,1