CLASE SINIESTRO,CANTIDAD DE VEHICULOS DAÑADOS,DEPARTAMENTO,ZONA,TIPO DE VÍA,RED VIAL,COORDENADAS LATITUD,COORDENADAS  LONGITUD,CONDICIÓN CLIMÁTICA,ZONIFICACIÓN,CARACTERÍSTICAS DE VÍA,PERFIL LONGITUDINAL VÍA,SUPERFICIE DE CALZADA,¿EXISTE SEÑAL VERTICAL?,¿EXISTE SEÑAL HORIZONTAL?,CAUSA FACTOR PRINCIPAL,MTC_RVN_LONGITUD_KM,MTC_RVN_N_CARRILES_MEDIANA,MTC_RVN_SUPERFICIE_DOMINANTE,MTC_RVN_ESTADO_DOMINANTE,MTC_RVN_ES_CONCESIONADA,MTC_RVN_CONCESION_PRINCIPAL,MTC_RVN_CORREDOR_LOGISTICO,MTC_RVN_N_TRAMOS,IDH_2019,IDH_ESP_VIDA_2019,IDH_EDUC_SECUND_PCT_2019,IDH_ANIOS_EDUC_2019,IDH_INGRESO_PERCAP_2019,IDH_POBLACION_2019,MTC_DEP_RED_TOTAL_KM,MTC_DEP_NACIONAL_TOTAL_KM,MTC_DEP_DEPARTAMENTAL_TOTAL_KM,MTC_DEP_VECINAL_TOTAL_KM,MTC_DEP_PAV_TOTAL_KM,MTC_DEP_NO_PAV_TOTAL_KM,MTC_DEP_PCT_PAVIMENTADA,PER_TOTAL_PERSONAS,PER_N_CONDUCTORES,PER_N_CONDUCTORES_FUGADOS,PER_N_PEATONES,PER_N_PASAJEROS_OCUPANTES,PER_EDAD_COND_PROM,PER_EDAD_COND_MIN,PER_EDAD_COND_MAX,PER_ANY_COND_MASCULINO,PER_ANY_LIC_PROBLEMA,PER_ANY_DOSAJE_POS,PER_ANY_DOSAJE_EVALUADO,VEH_TOTAL,VEH_N_FUGADOS,VEH_ANY_FUGADO,VEH_ANY_CARGA,VEH_ANY_PUBLICO,VEH_ANY_PARTICULAR,VEH_ANY_MOTO,VEH_ANY_AUTO,VEH_ANY_CAMION_BUS,VEH_ANY_SOAT_PROBLEMA,VEH_ANY_CITV_PROBLEMA,VEH_ANY_SEGURO_PROBLEMA,HORA_NUM,FRANJA_HORARIA,ANIO,MES,DIA_MES,DIA_SEMANA,ES_FIN_SEMANA,ES_QUINCENA,REGION_NATURAL,TIENE_SEÑALIZACION,ES_VIA_MULTICARRIL,ES_DEPTO_BAJO_PAVIMENTO,CATEGORIA_SEVERIDAD,CATEGORIA_SEVERIDAD_ENC
4,1,11,0,4,1,-10.937081284749603,-74.86367795745996,3,4,6,1,4,2,2,0,5768.608,2.0,3,1,0.0,9,32,365.0,0.4504704361939795,78.21109613042135,53.36127577481231,6.956854509393587,612.1696439943328,61517.46466809421,12264.545,1826.4639999999995,1105.5389999999998,9332.542,1588.5359999999996,10676.009,12.952261987705208,7,2,0,0,4,38.61768311922566,28.320671174219015,48.914695064232305,1.0,0.6382316880774341,0.0,0.0,2,0,0.0,1.0,0.36176831192256587,0.6382316880774341,0.6382316880774341,0.0,1.0,0.0,0.6382316880774341,0.6382316880774341,11,2,2022,5,15,3,0,0,2,1,0,1,GRAVE_LESIONADOS,1
6,1,12,0,4,1,-7.9580278747932525,-78.72966148525526,0,4,7,1,2,2,2,0,6543.555,2.5242547205377366,2,1,1.0,6,31,1343.218557588953,0.5055198952647398,77.21807216282592,55.17147585170298,7.420177871472811,827.9372959319596,14423.417555487733,8931.828000000005,1335.5899999999997,1935.9830000000004,5660.255000000005,1219.309,7712.519000000005,13.651281686122925,8,1,0,0,7,34.37872639731132,32.47574527946227,35.805962235698104,0.5242547205377367,0.0,0.0,0.0,1,0,0.0,0.0,1.0,0.0,0.4757452794622633,0.0,0.5242547205377367,0.4757452794622633,0.0,0.4757452794622633,17,2,2022,6,12,2,0,0,0,1,0,1,GRAVE_LESIONADOS,1
5,1,18,0,3,1,-6.295938297746511,-77.90405114145042,0,3,0,0,2,2,2,0,6543.555,2.0,4,4,1.0,14,33,1198.0,0.5427602919947452,75.20269321035447,64.70327606085775,8.3677017526181,905.2069471403381,89882.0898195907,4925.528679751905,716.2895878153363,874.5603290722175,3334.6787628643506,911.3146779808037,4014.214001771101,18.734903971937605,10,1,0,0,9,40.04872790531121,39.71945523075381,40.37800057986861,1.0,0.0,0.0,0.32927267455739917,1,0,0.0,0.32927267455739917,0.0,1.0,0.32927267455739917,0.0,1.0,0.0,1.0,0.32927267455739917,15,1,2021,8,25,5,0,1,0,1,0,1,GRAVE_LESIONADOS,1
3,1,14,2,2,4,-12.089771648737123,-76.9333732796372,4,4,4,1,4,2,2,0,6543.555,2.0,4,4,1.0,14,33,1198.0,0.6901402818630683,79.7643726371397,75.79060401399029,9.423412233089357,1427.3506415468967,624092.9900375111,7626.313,1683.4029999999998,1599.0829999999996,4343.827000000001,1814.875,5811.438000000001,23.797541485643197,10,2,0,0,8,35.84448442957076,28.76672664435614,42.92224221478538,1.0,1.0,0.0,0.0,2,0,0.0,1.0,1.0,0.0,0.0,0.0,1.0,1.0,0.730560553696345,1.0,19,1,2022,4,14,5,1,0,0,1,0,1,GRAVE_LESIONADOS,1
3,1,14,2,4,4,-9.883998551088556,-75.86957397168894,0,2,7,1,2,2,2,0,6543.555,2.0,4,4,1.0,14,33,1198.0,0.6273901756664902,76.23777642888409,66.61980187336981,9.620484632600148,1217.7217520541535,143331.82862966988,5813.889822613457,1251.9849190494738,1244.3156076722948,3317.5892958916884,1387.306437876275,4426.583384737182,24.139236675038017,6,2,0,0,3,35.34785727680415,30.83256841470718,43.378435000998095,1.0,1.0,0.0,0.0,2,0,0.0,0.0,0.7224771950976074,0.27752280490239256,1.0,0.0,1.0,0.7224771950976074,1.0,1.0,6,0,2022,11,5,0,0,0,0,1,0,1,GRAVE_LESIONADOS,1
3,1,8,0,4,1,-13.41300343865139,-74.9252614389398,2,4,0,0,2,1,1,1,1679.5849999999998,2.0,2,3,1.0,9,24,315.0,0.2997946406100768,72.83003345209801,46.42647217987546,4.997510303405721,292.6881439974165,3327.8779443254816,8511.426,1445.3929999999996,2008.516,5057.516999999999,1879.579,6631.846999999998,22.08300935706896,10,1,0,0,8,49.06658687297654,40.66586872976545,57.46730501618764,1.0,0.0,0.0,0.9334131270234548,1,0,0.0,0.9334131270234548,0.0,1.0,0.0,0.0665868729765452,0.9334131270234548,0.0,0.0,0.0,13,2,2024,3,3,0,0,0,2,1,0,1,GRAVE_LESIONADOS,1
3,1,4,0,4,1,-13.41960253868025,-74.1265882303434,1,4,1,0,1,2,2,2,7298.453350015845,2.0,2,1,1.0,10,12,1198.0,0.34589509839414767,70.50805098281359,49.88174198215047,5.3836363894173,414.3301279053476,6835.410360741489,12678.733000000004,1805.074000000001,1774.0339999999994,9099.625000000004,2485.375000000001,10193.358000000002,19.602707936195205,13,1,0,0,12,47.80883643332772,43.10586170667565,52.5118111599798,1.0,0.2764654266689114,0.0,1.0,1,0,0.0,1.0,0.7235345733310886,0.0,0.0,0.0,1.0,0.2764654266689114,0.0,0.0,16,2,2025,2,12,5,1,0,2,1,0,1,GRAVE_LESIONADOS,1
4,1,19,1,4,1,-5.183423691088522,-80.58154138739393,0,2,7,1,2,2,2,0,4328.700255061276,2.5771866762233087,2,0,1.0,0,25,920.2689192049812,0.6220812987247925,80.20155828147696,72.71675503872983,10.02377668600292,1028.915688621886,159840.92719486082,8965.846000060003,1782.4120000599992,636.9959999999999,6546.438000000004,2214.505000059999,6751.341000000004,24.699342371541725,9,2,0,0,7,47.92624011467971,47.92624011467971,47.92624011467971,1.0,0.0,0.0,1.0,2,0,0.5771866762233089,0.0,0.5771866762233089,0.4228133237766911,0.5771866762233089,0.4228133237766911,0.4228133237766911,0.0,1.0,0.5771866762233089,6,0,2023,6,18,5,0,1,0,1,0,1,GRAVE_LESIONADOS,1
4,1,4,0,4,1,-13.365925351089054,-74.20134428900434,0,4,6,0,1,1,1,2,6911.105576660364,2.0,3,2,1.0,12,23,1198.0,0.3845190062288052,75.36802653526037,61.38040376037345,5.821871747635011,439.79303573112924,6065.747961684918,12678.733000000004,1805.074000000001,1774.0339999999994,9099.625000000004,2485.375000000001,10193.358000000002,19.602707936195205,5,1,0,0,4,48.46595961905572,44.59088021768245,52.34103902042899,1.0,1.0,0.0,0.647720054420612,1,0,0.0,1.0,0.352279945579388,0.0,0.352279945579388,0.0,1.0,0.647720054420612,0.352279945579388,0.0,10,2,2023,5,20,3,0,1,2,1,0,1,GRAVE_LESIONADOS,1
5,1,20,0,4,0,-6.067339759527236,-77.04349567106175,0,4,0,0,2,2,2,0,6543.555,2.0292994431034184,3,3,1.0,13,32,1206.1159457396468,0.5301963597641516,72.53239399599518,60.69697469648176,7.809479198729294,950.628154872684,86235.4449376717,5581.10367856685,806.285756876771,957.223952463991,3817.593969226088,1004.321678366342,4576.782000200507,18.02152235086436,13,1,0,0,12,44.20509610172393,43.73630501206924,44.673887191378626,1.0,0.029299443103418366,0.0,0.029299443103418366,1,0,0.0,0.0,0.029299443103418366,0.9707005568965816,0.0,0.0,1.0,0.0,1.0,0.0,18,1,2021,9,26,5,0,1,0,1,0,1,GRAVE_LESIONADOS,1
4,1,14,2,2,4,-12.023489558413205,-77.02843339944437,0,0,4,0,2,2,2,0,6543.555,2.0,4,4,1.0,14,33,1198.0,0.7472108642133336,80.51541950298115,78.3266858649049,10.964206499474454,1598.9845724576521,371908.4580220011,7626.313,1683.4029999999998,1599.0829999999996,4343.827000000001,1814.875,5811.438000000001,23.797541485643197,10,1,0,7,1,32.67327924106812,31.14569110331491,33.81897034438303,0.6181029655616969,0.0,0.0,0.0,1,0,0.0,0.0,0.6181029655616969,1.0,0.6181029655616969,0.6181029655616969,0.38189703443830314,0.0,0.6181029655616969,0.0,11,2,2024,8,14,1,0,0,0,1,0,1,GRAVE_LESIONADOS,1
3,1,11,0,4,1,-10.945720697104203,-74.8460666823652,3,4,6,1,4,2,2,0,5768.608,2.0,3,1,0.0,9,32,365.0,0.4504704361939795,78.21109613042135,53.36127577481231,6.956854509393587,612.1696439943328,61517.46466809421,12264.545,1826.4639999999995,1105.5389999999998,9332.542,1588.5359999999996,10676.009,12.952261987705208,7,2,0,0,5,36.33834915518857,34.84785802841277,37.82884028196437,1.0,0.0,0.0,0.0,2,0,0.0,0.4904911267757981,1.0,0.5095088732242019,0.0,0.5095088732242019,1.0,0.0,0.5095088732242019,0.0,5,0,2022,6,6,2,0,0,2,1,0,1,GRAVE_LESIONADOS,1
6,1,3,0,4,1,-16.139976714807243,-72.61520400368082,0,4,0,0,1,0,1,0,6596.176184124333,2.0,2,1,1.0,11,31,1426.123366147804,0.609159383645523,77.17950850219445,62.41112159177261,8.322608912956547,1240.660475736033,1461.5362211937727,10322.272,1495.236,1749.739,7077.2970000000005,2886.595,7435.677000000001,27.964725207783708,26,1,0,0,25,34.54899615735323,34.54899615735323,34.54899615735323,1.0,0.0,0.0,0.0,1,0,0.0,0.0,0.5457496797794357,0.45425032022056433,0.0,0.0,1.0,0.0,0.0,0.0,4,0,2022,2,12,5,1,0,0,1,0,1,GRAVE_LESIONADOS,1
4,1,12,0,4,1,-7.852235348011684,-78.06854163597089,0,4,7,1,2,2,2,2,9936.932,2.0,2,0,1.0,9,32,3830.0,0.3986882084754764,72.97869269132666,58.65435142755623,5.605762371496486,527.7120199980477,69564.29978586723,8931.828000000005,1335.5899999999997,1935.9830000000004,5660.255000000005,1219.309,7712.519000000005,13.651281686122925,6,1,0,1,3,34.35942382683082,32.921728519507546,35.79711913415409,1.0,0.0,0.0,0.0,1,0,0.0,1.0,0.0,0.0,0.0,0.0,1.0,0.0,1.0,0.0,12,1,2021,7,20,1,0,0,0,1,0,1,GRAVE_LESIONADOS,1
3,1,14,2,2,4,-11.866342362434763,-77.06929776909756,0,3,1,1,1,2,2,0,6543.555,2.0,4,4,1.0,14,33,1198.0,0.671019182578335,79.26298485292436,73.68175044819188,9.768885941278027,1317.0815436046842,382093.22556137486,7626.313,1683.4029999999998,1599.0829999999996,4343.827000000001,1814.875,5811.438000000001,23.797541485643197,6,2,0,0,4,30.192528130560007,27.651791181703537,32.733265079416476,1.0,0.08147389771294189,0.0,0.0,2,0,0.0,0.0,0.9185261022870581,1.0,0.9185261022870581,0.9185261022870581,0.08147389771294189,1.0,1.0,1.0,3,0,2023,7,25,5,0,0,0,1,0,1,GRAVE_LESIONADOS,1
6,1,4,0,4,1,-13.563041014822929,-74.14701392693692,0,4,5,0,2,1,1,2,6745.275102710668,2.0,3,3,1.0,13,27,1198.0,0.3864823895859687,74.21447531144787,56.057469758191885,5.878789662648011,467.52453653900096,6522.891429330099,12678.733000000004,1805.074000000001,1774.0339999999994,9099.625000000004,2485.375000000001,10193.358000000002,19.602707936195205,5,1,0,0,4,41.5531976269228,41.5531976269228,41.5531976269228,1.0,0.8066607663879478,0.0,0.8066607663879478,1,0,0.0,0.8066607663879478,0.0,0.19333923361205219,0.0,0.19333923361205219,0.8066607663879478,0.8066607663879478,0.0,0.0,13,3,2024,5,13,5,1,0,2,1,0,1,GRAVE_LESIONADOS,1
5,1,14,2,2,4,-11.933790049193938,-77.04972550135784,0,0,6,1,2,2,2,0,6543.555,2.0,4,4,1.0,14,33,1198.0,0.7201669051470143,80.06722638584465,77.87695488140496,10.884778325656473,1456.701550634375,537631.0458102449,7626.313,1683.4029999999998,1599.0829999999996,4343.827000000001,1814.875,5811.438000000001,23.797541485643197,8,1,0,0,6,26.59106344144794,26.29553172072397,26.886595162171908,1.0,0.04925528678732827,0.0,0.0,1,0,0.0,0.04925528678732827,0.04925528678732827,0.9507447132126717,0.0,0.0,1.0,0.04925528678732827,0.04925528678732827,0.04925528678732827,20,2,2022,10,26,0,0,0,0,1,0,1,GRAVE_LESIONADOS,1
4,1,14,0,4,1,-13.314498477365511,-72.91834633554751,0,4,7,1,2,1,1,2,979.742545816868,2.0,2,0,0.40869956227093396,9,13,186.99139036996056,0.45654877500578367,74.41448878689097,68.87075543957862,8.484577427153866,687.4008652568535,22808.453194871752,12827.638178510899,1905.8804554426765,1615.8322820611181,9305.925441007104,2293.753633891493,10533.884544619406,17.586991671563545,5,1,0,0,3,39.017444090657605,32.80878949450241,45.226098686812804,1.0,0.0,0.0,0.0,1,0,0.0,0.0,0.591300437729066,0.40869956227093396,0.591300437729066,1.0,0.0,0.0,0.0,0.0,6,0,2022,6,19,3,0,1,2,1,0,1,GRAVE_LESIONADOS,1
3,1,14,2,2,4,-11.990832028097609,-76.99615807048752,0,0,7,1,2,2,2,0,6543.555,2.0,4,4,1.0,14,33,1198.0,0.6843377493672561,79.37390450703381,75.46825915671997,9.371202761033965,1411.9293751796554,234895.34324443614,7626.313,1683.4029999999998,1599.0829999999996,4343.827000000001,1814.875,5811.438000000001,23.797541485643197,5,2,0,0,2,37.566757357069754,30.466683155830864,44.666831558308644,1.0,0.0,0.0,0.0,2,0,0.0,0.0,1.0,0.46668315583086417,0.0,0.0,1.0,0.0,0.0,0.0,10,2,2021,5,19,1,0,1,0,1,0,1,GRAVE_LESIONADOS,1
3,1,18,0,4,1,-6.148920886585074,-80.18097383521868,0,4,2,1,2,1,1,1,6548.637277937669,2.9472902101465612,2,0,1.0,0,30,1482.432080369335,0.42866384019156895,71.73276603341787,55.983472675963455,6.628184168501502,608.9792389620193,4287.149323821713,9037.342929468581,1767.2750134458854,695.6484496908852,6574.41946633181,2249.9307227194345,6787.412206749147,24.871460014631065,5,1,0,0,3,39.368225525366405,20.685227268094707,57.99851399278466,1.0,0.0,0.0,1.0,1,0,0.0,0.947290210146561,0.0,1.0,0.0,1.0,0.947290210146561,0.0,0.947290210146561,0.0,15,2,2021,1,27,2,0,0,0,1,0,1,GRAVE_LESIONADOS,1
3,2,9,0,4,0,-9.127131853672527,-76.13432333665433,0,3,7,1,3,2,2,2,7712.699333317787,2.0,2,0,1.0,9,20,2097.875575376378,0.5582377744512311,76.96621362649515,68.95769126792956,8.471373507513965,926.195438024454,27868.72238177757,8187.165505130623,1346.623362873177,822.296929262324,6018.245212995121,1088.2221043653778,7098.943400765245,13.319821532957384,4,2,0,0,2,23.319312951123834,22.03756622954398,24.60105967270369,1.0,0.9624337704560194,0.0,0.03756622954398059,2,0,0.0,0.0,0.0,1.0,1.0,0.03756622954398059,0.0,0.0,0.0,0.0,20,1,2021,1,30,5,0,1,1,1,0,1,GRAVE_LESIONADOS,1
3,1,6,0,4,1,-14.81944518193011,-73.2988082695378,0,4,7,1,2,1,1,0,1135.0328598022409,2.0,2,0,0.7171814470467577,7,18,188.39574915069693,0.6129008915811863,78.32879494464453,75.3222325802396,8.973552673947033,1076.3926906312472,34101.49379384009,9559.80477679873,1548.4531186535528,1707.1306880862762,6304.220970058901,2583.492700428951,6976.312076369779,26.786168337597623,7,1,0,0,5,48.50482671792457,36.31274211812969,60.696911317719454,1.0,0.0,0.0,0.2828185529532423,1,0,0.0,0.7171814470467577,0.0,0.2828185529532423,0.0,0.2828185529532423,0.7171814470467577,0.0,0.0,0.0,15,3,2021,10,14,2,0,0,0,1,0,1,GRAVE_LESIONADOS,1
6,1,8,0,4,1,-12.700298254130239,-74.8946714889111,0,4,3,0,1,2,2,0,7025.483008378567,2.0,3,2,1.0,11,20,1198.0,0.3659799316824066,71.2547334342004,54.5444136891245,5.470593982472189,461.5019179884112,2798.492146653259,8511.426,1445.3929999999996,2008.516,5057.516999999999,1879.579,6631.846999999998,22.08300935706896,6,1,0,0,5,50.471444068729994,50.471444068729994,50.471444068729994,1.0,0.0,0.0,0.0,1,0,0.0,0.0,0.0,0.4619053358788887,0.0,0.4619053358788887,0.5380946641211113,0.0,0.0,0.0,12,3,2024,9,23,4,0,1,2,1,0,1,GRAVE_LESIONADOS,1
7,1,7,0,4,2,-12.563206327030008,-73.28330639172209,0,4,6,0,2,2,2,1,6543.555,2.0,4,4,1.0,14,33,1198.0,0.4297325556987851,76.15904795703717,58.63823936731875,6.097264629229048,579.625724446144,29458.58458244112,17779.13499998999,2097.3709999899997,2863.123,12818.640999999989,2878.713,14900.421999989989,16.19152450331032,4,1,0,0,3,31.7910563788096,31.7910563788096,31.7910563788096,1.0,0.5087059842162667,0.0,0.5087059842162667,1,0,0.0,1.0,0.0,0.0,0.0,0.0,1.0,0.0,0.0,0.0,13,3,2023,5,11,3,0,0,2,1,0,1,GRAVE_LESIONADOS,1
5,1,12,0,4,1,-7.61748483063803,-79.38491745243232,0,4,7,1,2,2,2,2,6543.555,2.756875469577331,2,0,1.0,3,30,1407.6545050729208,0.5605164445866666,76.61349501649897,62.760180081206855,7.98931757140171,999.8297352720696,9448.43683083512,8931.828000000005,1335.5899999999997,1935.9830000000004,5660.255000000005,1219.309,7712.519000000005,13.651281686122925,4,1,0,0,3,53.51814331351592,53.51814331351592,53.51814331351592,1.0,0.24312453042266868,0.0,0.0,1,0,0.0,0.0,0.0,1.0,0.0,1.0,0.0,0.0,1.0,0.0,15,3,2023,3,13,6,1,0,0,1,0,1,GRAVE_LESIONADOS,1
3,1,14,2,3,4,-12.175923680862812,-76.94231197362276,0,0,2,0,3,2,2,0,6543.555,2.0,4,4,1.0,14,33,1198.0,0.689811994580126,79.88015655965044,73.89553442371854,9.755251380104111,1409.8432274455126,452660.364025696,7626.313,1683.4029999999998,1599.0829999999996,4343.827000000001,1814.875,5811.438000000001,23.797541485643197,4,1,0,0,2,52.95800585303938,41.78674487859055,64.12926682748821,1.0,0.7447507316299222,0.0,0.0,1,0,0.0,0.0,0.2552492683700778,0.7447507316299222,0.2552492683700778,0.7447507316299222,0.0,0.2552492683700778,0.2552492683700778,0.7447507316299222,10,2,2024,7,15,3,0,0,0,1,0,1,GRAVE_LESIONADOS,1
3,1,9,0,4,1,-12.142748339725516,-75.9078089074951,0,4,0,0,2,0,1,2,1104.978980873561,2.0,2,0,1.0,3,16,149.10230025655184,0.6686734075977779,78.0515591234313,66.42319098050652,9.575109912100293,1447.1983665355215,4073.9764150389988,12334.226572227788,1822.865419572869,1218.004311951131,9293.356840703787,1739.4171253710806,10594.809446856707,14.071110263625094,11,1,0,0,9,38.44414013439861,31.37415105682079,45.514129211976424,1.0,0.0,0.0,1.0,1,0,0.0,0.0,0.16823657910849188,0.8317634208915081,0.0,0.8317634208915081,1.0,0.0,0.0,0.0,4,0,2023,5,13,4,0,0,2,1,0,1,GRAVE_LESIONADOS,1
3,2,10,0,4,1,-13.339665748265721,-76.23161060263293,0,4,7,1,2,2,2,0,6639.975,2.0,2,0,1.0,9,31,1616.0,0.5736744275518083,81.67473861808857,68.1608574885675,9.138785887908334,865.1176766860625,26660.92933618844,3721.461,698.1859999999996,744.866,2278.409,1102.9029999999996,2618.558,29.636290693359403,13,1,0,0,11,50.29058730705082,48.67045679437286,51.91071781972878,1.0,0.0,0.0,0.0,1,0,0.0,0.81006525633898,0.0,0.18993474366102003,0.0,0.0,1.0,0.0,0.18993474366102003,0.0,20,1,2022,5,2,1,0,0,0,1,0,1,GRAVE_LESIONADOS,1
4,1,13,1,4,0,-9.592955200111009,-78.04157836244718,0,3,7,1,2,2,2,1,6543.555,2.0,4,4,1.0,14,33,1198.0,0.5022764746655408,75.20924996677944,58.922352037083186,7.081685895923965,876.5253100757593,26451.050648998345,8227.779650377746,1523.161317546842,1754.296930527234,4950.321402303671,1540.490494958793,6687.289155418954,19.123036102342496,4,1,0,0,3,35.41605345646034,30.832106912920683,40.0,1.0,0.46071217134827547,0.0,0.5392878286517245,1,0,0.0,0.46071217134827547,0.0,0.5392878286517245,0.5392878286517245,0.5392878286517245,0.46071217134827547,0.0,0.0,0.0,13,1,2022,7,20,2,0,1,0,1,0,1,GRAVE_LESIONADOS,1
5,1,11,0,4,1,-13.39831388293095,-74.48701285795043,1,4,6,1,3,2,2,4,1081.0024067341785,-0.1411604136641773,2,0,1.0,10,27,172.74020402367944,0.5483264650585984,77.87381979388705,60.130860317305995,8.27866849619749,930.4767774783753,13057.957339838267,3254.5185053050764,612.6584597947468,628.9670292232913,2012.893016287038,928.5359478647208,2325.9825574403553,27.914956405340227,4,1,0,0,2,41.568600689440295,40.70976110310447,42.42744027577612,1.0,0.0,0.0,0.0,1,0,0.0,0.7137201378880591,0.0,0.2862798621119409,0.2862798621119409,0.2862798621119409,0.7137201378880591,0.0,0.2862798621119409,0.0,8,0,2022,5,19,4,0,0,0,1,0,1,GRAVE_LESIONADOS,1
3,2,13,0,4,1,-5.877686983738342,-79.96819404236044,0,4,5,1,2,1,0,1,2601.483894317183,2.2474629812331464,2,0,1.0,0,22,487.67143137788804,0.4703091457296942,74.91176543888524,59.04522375211969,6.365443427676777,742.49897987499,44335.321199143465,3459.691,515.0619999999999,689.7280000000001,2254.901,703.3549999999999,2756.336,20.329994788551925,9,2,0,0,7,51.29820335657022,45.81342546917134,56.7829812439691,1.0,0.24746298123314636,0.0,1.0,2,0,0.0,0.24746298123314636,0.24746298123314636,0.7525370187668536,0.7525370187668536,0.0,1.0,0.0,0.7525370187668536,0.0,5,0,2021,6,16,2,0,0,0,1,0,1,GRAVE_LESIONADOS,1
6,1,5,0,4,2,-7.112353607682644,-78.48435364059243,5,4,0,0,1,2,2,0,6543.555,2.0,4,4,1.0,14,33,1198.0,0.3120033957270721,74.2197178219519,54.93255553002448,4.10044858721808,351.0935914283261,8344.799203251381,15935.565011852366,1733.9250000199986,935.692,13265.948011832368,2000.1670000199988,13935.398011832369,12.551591352627522,6,1,0,0,5,37.0,33.0,40.0,0.0,0.0,0.0,0.0,1,0,0.0,0.35476235544666834,0.6452376445533317,0.0,0.0,0.6452376445533317,0.35476235544666834,0.0,1.0,0.0,15,2,2021,4,7,1,0,0,2,1,0,1,GRAVE_LESIONADOS,1
4,1,11,0,4,1,-11.704648033273227,-76.32520285323439,0,4,0,1,2,2,2,1,1255.1331243463596,1.6509717452185444,1,0,0.0,9,23,501.49709255804055,0.47365933479791483,71.38726119907366,59.67118785210005,6.75570378781285,940.3845732961171,25491.96890299595,7935.242445674378,1600.3307850794654,1741.9866854399354,4592.924975154978,1837.4585241973793,6097.783921476999,23.199121329040196,6,1,0,0,5,41.90993794911256,31.81987589822512,52.0,1.0,0.0,0.0,0.6509717452185445,1,0,0.0,0.6509717452185445,0.0,0.3490282547814555,0.0,1.0,0.6509717452185445,0.0,0.0,0.0,16,3,2023,4,9,1,0,0,0,1,0,1,GRAVE_LESIONADOS,1
3,2,17,0,4,1,-14.980099745334861,-70.85667813316282,0,4,5,0,2,1,1,2,1747.923773772384,1.8245170697999291,1,0,0.8245170697999292,6,23,391.57429232899256,0.2754142252428765,76.25356085556098,58.46358244609273,5.294453235485015,194.42628849650202,1643.8928250319873,13473.221158117814,1982.9264545411943,2252.3223354007523,9237.972368175868,3168.6333318505967,10304.587826267218,23.469479931729275,6,2,0,0,3,33.92387316286651,27.052897581200426,38.59613655839944,1.0,0.0,0.0,0.17548293020007077,2,0,0.0,0.0,0.0,0.8245170697999292,0.17548293020007077,0.8245170697999292,0.8245170697999292,1.0,1.0,0.17548293020007077,19,2,2021,3,23,4,0,0,2,1,0,1,GRAVE_LESIONADOS,1
3,1,7,1,4,1,-14.009997423357577,-73.88693406142106,0,4,7,1,2,0,1,1,235.58905290138568,2.0,2,0,1.0,4,29,24.557285825675603,0.6020909170474296,73.49607016353828,78.33367693951274,10.137395302693212,1021.0053819577387,20726.66817815403,11453.240928499697,1688.1072267786749,1374.626858843991,8390.506842877032,2130.746364736374,9322.494563763323,19.223096486098704,7,2,0,0,5,53.26562850459464,39.442714174324394,67.08854283486488,1.0,0.0,0.0,0.5822914330270241,2,0,0.0,0.0,0.5822914330270241,1.0,0.0,0.41770856697297587,1.0,0.0,0.0,0.5822914330270241,15,2,2024,1,15,4,0,0,1,1,0,1,GRAVE_LESIONADOS,1
3,1,10,0,4,1,-14.703991207969196,-74.89756424534117,0,4,0,1,2,2,2,0,6632.928135523259,2.0,2,0,1.0,9,31,1585.4504319510693,0.54534028240862,79.31262369012725,74.89103469852346,8.683542624610961,795.23139389824,793.5381339442972,3643.1949799560966,693.2518062495511,726.0462236353112,2223.896950071234,1100.4034168018143,2542.7915631542824,30.4170867636472,6,1,0,0,4,46.80569163525157,43.5614894538431,50.049893816660045,1.0,0.0,0.0,0.07308509102615024,1,0,0.0,1.0,0.0,0.9269149089738498,0.0,0.9269149089738498,1.0,0.0,0.0,0.0,17,2,2024,5,17,1,0,0,0,1,0,1,GRAVE_LESIONADOS,1
3,2,7,0,4,1,-13.267245671464316,-74.38157555374445,0,4,5,1,3,1,1,0,6613.588087165874,2.0,2,1,1.0,10,31,1501.6074511028307,0.5688116530167469,75.89196916224562,67.43213049268121,8.17778012427816,1016.852220674584,75002.13912165177,9951.063800182948,1573.8264177726244,1445.2186458433425,6932.018736566981,2702.666559374557,7248.397240808391,27.07109969160479,6,2,0,0,4,32.09466553968583,27.63166807539271,36.55766300397895,1.0,0.2736663849214577,0.0,1.0,2,0,0.0,0.0,0.0,0.7263336150785423,0.2736663849214577,0.7263336150785423,0.7263336150785423,0.2736663849214577,1.0,0.0,14,3,2021,2,20,2,0,0,0,1,0,1,GRAVE_LESIONADOS,1