CLASE SINIESTRO,CANTIDAD DE VEHICULOS DAÑADOS,DEPARTAMENTO,ZONA,TIPO DE VÍA,RED VIAL,COORDENADAS LATITUD,COORDENADAS  LONGITUD,CONDICIÓN CLIMÁTICA,ZONIFICACIÓN,CARACTERÍSTICAS DE VÍA,PERFIL LONGITUDINAL VÍA,SUPERFICIE DE CALZADA,¿EXISTE SEÑAL VERTICAL?,¿EXISTE SEÑAL HORIZONTAL?,CAUSA FACTOR PRINCIPAL,MTC_RVN_LONGITUD_KM,MTC_RVN_N_CARRILES_MEDIANA,MTC_RVN_SUPERFICIE_DOMINANTE,MTC_RVN_ESTADO_DOMINANTE,MTC_RVN_ES_CONCESIONADA,MTC_RVN_CONCESION_PRINCIPAL,MTC_RVN_CORREDOR_LOGISTICO,MTC_RVN_N_TRAMOS,IDH_2019,IDH_ESP_VIDA_2019,IDH_EDUC_SECUND_PCT_2019,IDH_ANIOS_EDUC_2019,IDH_INGRESO_PERCAP_2019,IDH_POBLACION_2019,MTC_DEP_RED_TOTAL_KM,MTC_DEP_NACIONAL_TOTAL_KM,MTC_DEP_DEPARTAMENTAL_TOTAL_KM,MTC_DEP_VECINAL_TOTAL_KM,MTC_DEP_PAV_TOTAL_KM,MTC_DEP_NO_PAV_TOTAL_KM,MTC_DEP_PCT_PAVIMENTADA,PER_TOTAL_PERSONAS,PER_N_CONDUCTORES,PER_N_CONDUCTORES_FUGADOS,PER_N_PEATONES,PER_N_PASAJEROS_OCUPANTES,PER_EDAD_COND_PROM,PER_EDAD_COND_MIN,PER_EDAD_COND_MAX,PER_ANY_COND_MASCULINO,PER_ANY_LIC_PROBLEMA,PER_ANY_DOSAJE_POS,PER_ANY_DOSAJE_EVALUADO,VEH_TOTAL,VEH_N_FUGADOS,VEH_ANY_FUGADO,VEH_ANY_CARGA,VEH_ANY_PUBLICO,VEH_ANY_PARTICULAR,VEH_ANY_MOTO,VEH_ANY_AUTO,VEH_ANY_CAMION_BUS,VEH_ANY_SOAT_PROBLEMA,VEH_ANY_CITV_PROBLEMA,VEH_ANY_SEGURO_PROBLEMA,HORA_NUM,FRANJA_HORARIA,ANIO,MES,DIA_MES,DIA_SEMANA,ES_FIN_SEMANA,ES_QUINCENA,REGION_NATURAL,TIENE_SEÑALIZACION,ES_VIA_MULTICARRIL,ES_DEPTO_BAJO_PAVIMENTO,CATEGORIA_SEVERIDAD,CATEGORIA_SEVERIDAD_ENC
4,1,21,0,4,1,-6.030864741399415,-77.202365997185,0,4,7,1,2,2,2,0,7758.33400008,2.0,2,0,1.0,9,20,2133.0,0.5923158614235291,73.81376957367146,63.06152827138308,8.187453387946935,1219.9611429407323,23994.79683266505,5645.136,815.0759999999999,965.298,3864.762,1013.406,4631.73,17.95184385283189,6,2,0,0,4,28.159956294425463,27.980005463196818,28.33990712565411,1.0,0.9800054631968169,0.0,0.0,2,0,0.9800054631968169,0.0,0.019994536803183083,1.0,1.0,0.0,0.0,0.9800054631968169,1.0,1.0,21,2,2024,3,2,0,0,0,1,1,0,1,GRAVE_LESIONADOS,1
4,1,1,0,4,1,-9.756112932724827,-77.45152422137038,2,4,2,1,3,1,1,1,9936.932,2.0,2,0,1.0,9,32,3830.0,0.3800408915488605,73.12804523109419,60.18464062672621,6.605417960858403,426.3313772226228,2679.6948029564155,10767.648,1885.0630000000003,1222.721,7659.864000000001,2100.343,8667.305000000002,19.506051832303577,6,1,0,0,5,38.18588654459741,25.962585752327023,50.4091873368678,1.0,0.5962585752327021,0.0,0.0,1,0,0.0,0.0,0.5962585752327021,1.0,0.5962585752327021,0.0,1.0,0.0,0.5962585752327021,0.5962585752327021,12,1,2022,1,26,1,0,1,0,1,0,1,GRAVE_LESIONADOS,1
4,1,5,0,4,0,-7.436737481839166,-78.18511665366987,0,3,4,0,1,2,2,0,6543.555,2.0,4,4,1.0,14,33,1198.0,0.34354337509378735,74.65613431342514,44.31549514332991,4.817496267152434,459.19348830929476,26927.767573314348,15935.565011852366,1733.9250000199986,935.692,13265.948011832368,2000.1670000199988,13935.398011832369,12.551591352627522,6,2,0,0,4,35.13013606881887,26.96815959360714,43.29211254403061,1.0,0.0,0.0,0.29026291519897973,2,0,0.7097370848010203,0.0,0.0,1.0,0.7097370848010203,0.0,0.29026291519897973,1.0,1.0,1.0,14,2,2022,8,16,4,0,0,2,1,0,1,GRAVE_LESIONADOS,1
3,1,19,0,4,1,-15.664003437560385,-70.58719349691937,0,4,0,1,2,2,2,2,1505.7137974371878,2.0,2,0,1.0,7,24,241.54447939228066,0.4683068657532287,78.4214901143911,67.93998796877106,6.970426458663504,607.5157380683404,6916.317124093359,13635.223142529541,2019.1918793606503,2349.848848117401,9266.18241505149,3307.954735819501,10327.26840671004,24.257943208549218,5,2,0,0,3,48.86755906674254,46.88227472599337,50.85284340749171,1.0,0.0,0.0,1.0,2,0,0.007357829625414536,0.0,0.0,1.0,0.0,0.9926421703745855,1.0,0.0,0.9926421703745855,0.007357829625414536,7,1,2022,11,2,4,0,0,2,1,0,1,GRAVE_LESIONADOS,1
4,1,7,0,4,1,-12.509923352936427,-75.45992444902373,0,4,2,1,2,0,0,2,1292.2633611875112,2.0,2,1,1.0,6,19,238.3947114170208,0.48473240110393445,79.10660670636274,55.578130988050546,7.108846297150858,900.4452614834618,4006.4002828675475,12479.179595801215,1815.379579388616,1451.956940935354,9211.843075477245,2053.2831106448402,10425.896485156376,16.398561199782748,5,1,0,0,4,37.831925794821345,33.73667451837277,41.92717707126992,1.0,0.0,0.0,0.48179426781747914,1,0,0.0,0.0,0.0,0.48179426781747914,0.0,1.0,0.48179426781747914,0.0,0.0,0.0,6,0,2022,6,20,3,0,0,2,1,0,1,GRAVE_LESIONADOS,1
6,1,10,0,4,1,-14.818414317252671,-74.98087528307055,0,4,7,1,2,2,2,0,6639.975,2.0,2,0,1.0,9,31,1616.0,0.5563774842369664,77.00938809632027,69.10246351364754,8.476961866273152,914.8835608305218,27932.19700214133,3721.461,698.1859999999996,744.866,2278.409,1102.9029999999996,2618.558,29.636290693359403,4,1,0,0,3,26.412815232849834,26.412815232849834,26.412815232849834,0.9624713424681969,0.03752865753180312,0.0,0.0,1,0,0.0,0.0,0.0,1.0,0.0,0.03752865753180312,0.9624713424681969,0.03752865753180312,0.03752865753180312,0.03752865753180312,4,0,2023,3,28,3,0,1,0,1,0,1,GRAVE_LESIONADOS,1
6,1,3,0,4,1,-16.255505310079275,-72.0194840065449,0,4,3,1,4,2,2,0,6598.440177049858,2.0,2,1,1.0,11,31,1435.9382286542252,0.5507354504071156,76.72655752075345,64.17223111498987,7.525820894447469,994.7362300954486,1824.923750954939,10322.272,1495.236,1749.739,7077.2970000000005,2886.595,7435.677000000001,27.964725207783708,19,1,0,0,18,28.430769787908552,28.430769787908552,28.430769787908552,1.0,0.430769787908552,0.0,0.569230212091448,1,0,0.0,0.430769787908552,0.569230212091448,0.0,0.0,0.0,1.0,0.0,0.430769787908552,0.0,9,0,2023,10,10,2,0,0,0,1,0,1,GRAVE_LESIONADOS,1
3,1,14,2,2,4,-12.019730212816507,-76.95469414410745,0,0,7,1,2,2,2,2,6543.555,2.0,4,4,1.0,14,33,1198.0,0.6896515776126817,78.73773032748232,74.76499800947143,10.163450644703733,1396.4678005248627,254800.06247092067,7626.313,1683.4029999999998,1599.0829999999996,4343.827000000001,1814.875,5811.438000000001,23.797541485643197,6,2,0,0,3,40.56602429196994,30.286937646724677,52.139187059825964,1.0,0.0,0.0,0.0,2,0,0.0,0.0,0.9207708496360754,1.0,0.07922915036392464,0.07922915036392464,1.0,0.0,0.07922915036392464,0.07922915036392464,9,1,2021,1,18,1,0,0,0,1,0,1,GRAVE_LESIONADOS,1
6,1,12,0,4,1,-7.919935148192166,-78.15082221808375,0,4,7,1,1,2,2,2,9829.766203800084,2.0315808694995923,2,0,1.0,8,31,3755.6270523284606,0.4020500347104058,73.10988471341773,58.429063716671685,5.640803444307297,539.4976330032298,69502.65764797838,8931.828000000005,1335.5899999999997,1935.9830000000004,5660.255000000005,1219.309,7712.519000000005,13.651281686122925,5,1,0,0,4,46.21047826251019,46.21047826251019,46.21047826251019,1.0,0.0,0.0,0.0,1,0,0.0,0.03158086949959216,0.0,0.9684191305004078,0.0,0.0,1.0,0.0,0.0,0.0,17,2,2023,9,25,5,1,0,0,1,0,1,GRAVE_LESIONADOS,1
4,1,7,0,4,1,-14.007186645054563,-71.44447813113226,1,4,3,0,1,1,1,2,7022.918447238317,2.0,3,2,1.0,11,20,1198.0,0.4320962875214135,71.10689156378733,69.1017472554574,7.067031616929773,589.0676721347102,9360.335106766608,17779.13499998999,2097.3709999899997,2863.123,12818.640999999989,2878.713,14900.421999989989,16.19152450331032,8,2,0,0,6,55.973264209334175,52.29768561244558,62.40552675388924,1.0,0.0,0.0,0.5405526753889242,2,0,0.45944732461107585,0.0,0.0,1.0,0.0,0.45944732461107585,1.0,0.5405526753889242,0.0,0.45944732461107585,9,1,2021,7,9,2,0,0,2,1,0,1,GRAVE_LESIONADOS,1
8,1,10,0,4,1,-13.929975684864225,-75.93265636956528,0,4,7,1,2,2,2,0,6639.975,2.0,2,0,1.0,9,31,1616.0,0.6053164595604621,78.88848309050202,67.63954639531094,9.133324993872453,1064.9426147896202,27932.19700214133,3721.461,698.1859999999996,744.866,2278.409,1102.9029999999996,2618.558,29.636290693359403,5,1,0,0,4,36.123843247269946,36.123843247269946,36.123843247269946,1.0,0.45820480525221596,0.0,1.0,1,0,0.0,0.0,0.0,1.0,0.0,0.45820480525221596,0.541795194747784,0.0,0.0,0.0,1,0,2022,5,17,3,0,0,0,1,0,1,GRAVE_LESIONADOS,1
5,1,10,0,4,1,-14.88379330172678,-74.99346450538401,0,4,6,0,2,1,1,0,6639.975,2.0,2,0,1.0,9,31,1616.0,0.5563774842369664,77.00938809632027,69.10246351364754,8.476961866273152,914.8835608305218,27932.19700214133,3721.461,698.1859999999996,744.866,2278.409,1102.9029999999996,2618.558,29.636290693359403,4,1,0,0,3,37.57732051039081,36.505153848236446,38.64948717254518,0.054982905751505995,1.0,0.0,0.054982905751505995,1,0,0.0,0.054982905751505995,0.0,1.0,0.0,1.0,0.054982905751505995,0.945017094248494,0.945017094248494,0.945017094248494,17,1,2021,10,28,5,1,1,0,1,0,1,GRAVE_LESIONADOS,1
5,1,4,0,4,1,-13.520578575509324,-74.13299290523977,0,4,0,0,5,2,2,2,6884.093529005912,2.0,3,2,1.0,12,23,1198.0,0.37629713028070333,73.28435921416835,54.50768934785528,5.754532430011555,454.17555882665766,6601.317120248612,12678.733000000004,1805.074000000001,1774.0339999999994,9099.625000000004,2485.375000000001,10193.358000000002,19.602707936195205,9,1,0,0,8,40.75348693203801,38.63195084001652,42.87502302405949,0.3263901680033049,0.0,0.0,1.0,1,0,0.0,0.3263901680033049,0.3263901680033049,0.6736098319966951,0.0,0.0,1.0,0.0,0.0,0.0,15,2,2023,5,23,5,1,0,2,1,0,1,GRAVE_LESIONADOS,1
3,1,16,0,4,1,-10.564696189125874,-76.22158086511737,0,4,6,1,2,0,1,1,9795.542559401372,2.0,2,0,1.0,9,31,3719.865922623319,0.3827080696936133,74.05255252727288,80.98182111683437,7.282817409776066,347.03106327671395,3729.2111402645082,3691.8268274259594,602.912231142935,889.6990624458386,2199.2155338371867,613.7688195838308,3078.058007842129,16.594888032800817,5,1,0,0,3,39.324496397692045,28.103287752152962,50.54570504323113,1.0,0.0,0.0,0.9351007204615905,1,0,0.0,0.0,0.06489927953840946,0.9351007204615905,0.0,0.9351007204615905,0.06489927953840946,0.0,0.0,0.0,14,3,2023,8,15,4,0,1,1,1,0,1,GRAVE_LESIONADOS,1
4,1,8,0,4,1,-12.393878864971803,-75.04434238884429,0,4,0,0,2,2,2,0,7586.903,2.0,2,0,1.0,9,5,1198.0,0.3197508632812603,73.35600919181914,47.73247021173725,4.747967817478287,352.6352900736821,3265.2034261241965,8511.426,1445.3929999999996,2008.516,5057.516999999999,1879.579,6631.846999999998,22.08300935706896,4,1,0,0,3,49.50604175235743,49.50604175235743,49.50604175235743,1.0,0.0,0.0,0.0,1,0,0.0,0.0,0.0,1.0,0.0,0.46572557766749756,0.5342744223325024,0.0,0.0,0.0,16,2,2023,8,26,4,0,1,2,1,0,1,GRAVE_LESIONADOS,1
6,1,9,0,4,1,-12.013692146119299,-75.76341178642062,0,4,5,0,2,1,1,1,1068.8065740187308,2.0,2,0,1.0,4,16,194.19895793582432,0.6150922879398721,79.61155363893234,63.06932234486716,8.862210764316572,1293.284653295876,4081.4008687652026,12364.051603707694,1821.3251590550483,1266.1415936182946,9276.58485103435,1803.9971021145077,10560.054501593186,14.549998497396043,4,1,0,0,3,34.79877490767848,34.79877490767848,34.79877490767848,1.0,0.0,0.0,0.2402450184643039,1,0,0.2402450184643039,0.7597549815356961,0.0,0.2402450184643039,0.0,0.0,1.0,0.0,0.7597549815356961,0.2402450184643039,8,1,2022,1,12,1,0,0,2,1,0,1,GRAVE_LESIONADOS,1
6,1,10,0,4,1,-14.068931693955786,-75.64503487709689,0,4,7,1,2,2,2,0,6639.975,2.0,2,0,1.0,9,31,1616.0,0.5655482488346427,79.48293678188895,68.60322806825222,8.82785810250558,888.4979041178439,27258.176379371085,3721.461,698.1859999999996,744.866,2278.409,1102.9029999999996,2618.558,29.636290693359403,4,1,0,0,3,40.18117407130791,40.18117407130791,40.18117407130791,0.5301956785513184,0.46980432144868156,0.0,0.0,1,0,0.0,0.0,0.0,1.0,0.0,0.46980432144868156,0.5301956785513184,0.46980432144868156,1.0,0.46980432144868156,13,1,2021,9,16,6,1,0,0,1,0,1,GRAVE_LESIONADOS,1
6,1,4,0,4,0,-13.273551987474942,-73.87969562349079,0,4,0,0,4,1,1,3,7018.764093621694,2.0,3,2,1.0,11,20,1198.0,0.2581231347398848,73.9260418332652,45.156614238884174,4.98952679836066,235.69622117349326,6695.800536078772,12678.733000000004,1805.074000000001,1774.0339999999994,9099.625000000004,2485.375000000001,10193.358000000002,19.602707936195205,4,1,0,0,3,24.633603283980914,24.633603283980914,24.633603283980914,1.0,0.0,0.0,0.0,1,0,0.0,0.0,0.0,1.0,0.0,0.45546557200636173,0.5445344279936383,0.5445344279936383,0.5445344279936383,0.5445344279936383,10,1,2021,7,16,4,0,0,2,1,0,1,GRAVE_LESIONADOS,1
3,1,3,0,5,1,-15.810031189437485,-72.2544704349592,4,4,0,0,4,1,1,0,6543.555,2.0,4,4,1.0,14,33,1198.0,0.5454868577206848,79.66457633086412,63.33530100428644,8.611363377587123,843.9956152440693,7820.727860076334,10322.272,1495.236,1749.739,7077.2970000000005,2886.595,7435.677000000001,27.964725207783708,5,1,0,0,4,29.492868816888453,29.492868816888453,29.492868816888453,1.0,0.0,0.0,0.0,1,0,0.0,0.417855197185258,0.0,0.582144802814742,0.0,0.582144802814742,0.417855197185258,0.0,0.417855197185258,0.0,11,2,2021,6,11,1,0,0,0,1,0,1,GRAVE_LESIONADOS,1
6,1,7,0,4,1,-14.598895838280699,-71.73545592099748,0,4,5,0,2,2,2,2,1274.7898920924401,0.28645901930149753,0,1,0.0,9,32,328.3829678717892,0.4670263153502933,65.5237709552973,70.61273193256336,7.074467358088314,760.9316629253258,9065.880085653103,17779.13499998999,2097.3709999899997,2863.123,12818.640999999989,2878.713,14900.421999989989,16.19152450331032,5,1,0,0,4,38.08073774126872,38.08073774126872,38.08073774126872,0.6432295096507488,0.0,0.0,0.0,1,0,0.0,0.0,0.0,1.0,0.0,1.0,0.0,0.0,0.0,0.0,9,1,2022,4,25,6,1,1,2,1,0,1,GRAVE_LESIONADOS,1
5,1,12,0,4,1,-7.784500001280684,-77.99002705020065,0,4,7,1,2,2,2,0,1534.1905474745754,1.1642704494559282,1,2,0.0,9,32,275.17252763917315,0.21869655790952303,78.72132193741824,38.92440791069028,3.180925264770755,274.64773565807036,18050.68067689741,8931.828000000005,1335.5899999999997,1935.9830000000004,5660.255000000005,1219.309,7712.519000000005,13.651281686122925,4,1,0,0,3,45.08213522472796,45.0,45.16427044945593,1.0,0.0,0.0,0.0,1,0,0.0,0.16427044945592806,0.0,0.8357295505440719,0.0,0.8357295505440719,0.16427044945592806,0.0,0.8357295505440719,0.0,11,2,2022,10,4,5,0,0,0,1,0,1,GRAVE_LESIONADOS,1
4,1,8,0,4,1,-12.714569020281203,-74.86598668789746,0,4,2,1,2,1,0,0,860.5191838332892,-0.007438869179912544,1,0,0.0,9,32,147.5929858647489,0.22890856973380175,64.12266669487347,54.117636084372954,4.489859911449115,185.07223192482354,28057.015249101943,8511.426,1445.3929999999996,2008.516,5057.516999999999,1879.579,6631.846999999998,22.08300935706896,6,1,0,0,5,50.48884169623013,45.45164735033057,55.5260360421297,1.0,0.5037194345899563,0.0,0.0,1,0,0.0,0.0,0.0,1.0,0.0,1.0,0.0,0.0,0.0,0.0,10,1,2021,6,17,1,0,0,2,1,0,1,GRAVE_LESIONADOS,1
3,1,14,2,3,1,-12.007337894931368,-76.85548139447779,1,0,6,1,2,2,2,4,1838.0605248599204,2.0,2,0,1.0,4,17,332.9285945117159,0.6868549636939637,79.62363164345142,76.30894566128948,9.209137883551294,1425.4498631666322,684921.8484148846,7626.313,1683.4029999999998,1599.0829999999996,4343.827000000001,1814.875,5811.438000000001,23.797541485643197,9,2,0,0,7,26.37715961915933,22.867768272196617,29.886550966122044,1.0,1.0,0.0,0.0,2,0,0.0,1.0,1.0,0.0,0.0,0.0,1.0,0.16979711565423794,0.16979711565423794,0.16979711565423794,19,2,2022,3,19,2,0,0,0,1,0,1,GRAVE_LESIONADOS,1
3,1,3,0,4,1,-16.409436707784636,-71.71547625621227,0,4,4,0,2,1,1,0,1504.4250000000002,2.0,2,0,1.0,7,25,241.0,0.6071741323316717,78.14366126833683,71.39417749962007,8.60750057914703,1103.935343464613,34457.785361921386,10322.272,1495.236,1749.739,7077.2970000000005,2886.595,7435.677000000001,27.964725207783708,7,2,0,0,4,35.94109284800382,29.391730982512748,42.04777989478316,1.0,0.0,0.0,1.0,2,0,0.0,1.0,0.6640122280676023,0.0,0.0,0.0,1.0,0.0,0.0,0.0,18,2,2023,5,10,2,0,0,0,1,0,1,GRAVE_LESIONADOS,1
3,2,15,0,4,1,-5.79305845998505,-79.01582926490293,0,2,7,1,2,1,0,1,3488.7199474938398,2.0,2,0,1.0,3,20,829.5846958726752,0.47324169780611147,74.4130169772262,57.34361552900765,6.338318596374534,777.9572643854756,45423.95495995485,4199.175360746934,616.5770969276876,782.9720328130118,2799.626231006234,808.266295197979,3390.909065548954,19.52530493158428,5,2,0,0,3,45.00304435743048,40.495492558542665,49.51059615631831,1.0,0.33836786592521584,0.0,0.6616321340747842,2,0,0.0,0.0,0.33836786592521584,1.0,1.0,0.0,0.6616321340747842,0.33836786592521584,1.0,0.33836786592521584,5,0,2022,8,15,3,0,0,0,1,0,1,GRAVE_LESIONADOS,1
5,1,8,0,4,1,-13.594956528568135,-75.2946913681958,2,4,0,0,2,2,2,0,1679.5849999999998,2.0,2,3,1.0,9,24,315.0,0.5112834505453058,73.75763431409958,52.49385360850529,8.651004993833869,852.6876566739916,2143.658045370862,8511.426,1445.3929999999996,2008.516,5057.516999999999,1879.579,6631.846999999998,22.08300935706896,5,1,0,0,4,19.998786294475426,19.41849349930514,20.57907908964571,1.0,0.9355230227588572,0.0,0.06447697724114276,1,0,0.0,0.06447697724114276,0.0,1.0,0.0,0.9355230227588572,0.06447697724114276,0.0,0.0,0.0,16,3,2022,3,3,2,0,0,2,1,0,1,GRAVE_LESIONADOS,1
5,1,1,0,4,0,-10.311738049607433,-76.70916347602032,0,4,0,0,3,1,0,1,6552.019945980154,2.0,3,3,1.0,13,32,1234.6972352178418,0.36067585357085724,75.95748344009293,49.235369582708955,5.1916834836033985,451.88717643465634,8308.307665698669,10728.547359252676,1850.8391408773552,1268.9891902153986,7608.719028159923,2169.3699726901878,8559.17738656249,20.248659311946856,8,1,0,0,7,58.56103785624591,57.5075287112361,59.61454700125572,1.0,0.0,0.0,0.08779242875081783,1,0,0.0,0.08779242875081783,0.08779242875081783,0.0,0.0,0.0,1.0,0.0,0.9122075712491822,0.0,3,0,2023,2,8,1,0,0,0,1,0,1,GRAVE_LESIONADOS,1
3,1,4,0,4,1,-13.615146860808721,-74.42748555133186,0,4,3,0,2,1,1,2,1642.915534363881,2.0,2,2,1.0,8,24,299.5082184455767,0.2506862607402913,69.83133295836627,46.17063462418388,4.282560633429412,266.4525194484748,15294.590817952412,12678.733000000004,1805.074000000001,1774.0339999999994,9099.625000000004,2485.375000000001,10193.358000000002,19.602707936195205,5,1,0,0,4,31.04575141016237,22.743909603695407,39.347593216629335,1.0,0.0,0.0,1.0,1,0,0.0,1.0,0.0,0.0,0.0,1.0,0.7906516006159012,0.0,0.7906516006159012,0.0,6,1,2024,4,13,3,0,0,2,1,0,1,GRAVE_LESIONADOS,1
3,2,20,0,4,1,-15.872475347661121,-69.91026710259105,0,4,0,1,2,2,2,2,7586.903,2.0,2,0,1.0,9,5,1198.0,0.349885263371196,69.21482285746785,71.64042815974553,6.471477989537975,330.5363208378406,6063.474268298155,13642.312999999998,2020.7790000000005,2354.117,9267.416999999998,3314.0520000000006,10328.260999999997,24.29244952817019,27,2,0,0,25,32.763494489277825,31.76349448927782,33.763494489277825,1.0,0.0,0.0,0.0,2,0,0.0,0.960582414879637,0.960582414879637,0.039417585120362975,0.0,0.039417585120362975,0.960582414879637,0.0,0.039417585120362975,0.039417585120362975,13,2,2021,10,4,4,0,0,2,1,0,1,GRAVE_LESIONADOS,1
3,2,3,0,4,1,-16.028741644270976,-71.30112126242852,0,4,0,0,2,1,1,0,1504.4250000000002,2.0,2,0,1.0,7,25,241.0,0.4685280505645348,81.83746865987648,70.74305753660312,6.037751599761188,617.4715908037651,1751.8736616702354,10322.272,1495.236,1749.739,7077.2970000000005,2886.595,7435.677000000001,27.964725207783708,5,2,0,0,3,43.303171478809375,34.69120841628323,51.91513454133552,1.0,0.0,0.0,0.7413087083507622,2,0,0.0,1.0,0.0,1.0,0.0,1.0,1.0,0.0,0.0,0.0,13,2,2022,10,20,5,1,0,0,1,0,1,GRAVE_LESIONADOS,1
3,1,10,0,4,1,-13.389644193382495,-76.20172110376788,4,4,6,1,5,2,2,0,6639.975,2.0,2,0,1.0,9,31,1616.0,0.5736744275518083,81.67473861808857,68.1608574885675,9.138785887908334,865.1176766860625,26660.92933618844,3721.461,698.1859999999996,744.866,2278.409,1102.9029999999996,2618.558,29.636290693359403,7,2,0,0,4,39.5858460797627,36.758235818413546,42.41345634111185,1.0,0.8276102613491533,0.0,0.0,2,0,0.0,1.0,0.0,0.8276102613491533,0.8276102613491533,0.8276102613491533,0.17238973865084672,0.0,0.8276102613491533,0.8276102613491533,8,0,2023,2,16,0,0,0,0,1,0,1,GRAVE_LESIONADOS,1
6,1,12,0,4,1,-8.10196998261478,-78.29652603937231,0,4,7,0,1,2,2,6,9936.932,2.0,2,0,1.0,9,32,3830.0,0.4320883936567258,76.718936301794,43.003289188979466,6.269065613037991,662.0777072841523,13167.552462526766,8931.828000000005,1335.5899999999997,1935.9830000000004,5660.255000000005,1219.309,7712.519000000005,13.651281686122925,9,1,0,0,8,31.578437812875606,31.578437812875606,31.578437812875606,1.0,0.0,0.0,0.0,1,0,0.0,0.9678645659513553,0.03213543404864472,0.0,0.0,0.0,1.0,0.0,0.0,0.0,15,2,2022,1,2,5,0,0,0,1,0,1,GRAVE_LESIONADOS,1
9,1,12,0,4,0,-8.139779455236331,-78.66917788870897,0,4,7,1,1,2,2,0,5872.702705440177,2.0,3,3,0.8898363940883107,13,32,1080.675759704051,0.49402441281040776,77.64391894201277,48.204139751826006,6.365426349933198,901.6406981750462,44255.96888851911,8935.575545552518,1384.8135227272824,1792.8819080475928,5757.880114777643,1328.943379955499,7606.632165597019,14.868375889559829,6,1,0,0,5,53.56787312314804,53.34754591132466,53.78820033497142,1.0,0.11016360591168928,0.0,0.0,1,0,0.0,0.0,1.0,0.11016360591168928,0.11016360591168928,0.0,0.8898363940883107,0.0,0.11016360591168928,0.0,16,3,2022,9,16,5,0,1,0,1,0,1,GRAVE_LESIONADOS,1
3,2,9,0,4,1,-9.38820480410338,-76.22580972059765,0,4,7,1,3,2,2,2,8628.608155103084,2.0,2,0,1.0,9,24,2810.892498353714,0.5563774842369664,77.00938809632027,69.10246351364754,8.476961866273152,914.8835608305218,27932.19700214133,8209.057,1333.4779999999996,791.9770000000001,6083.602,1059.8589999999997,7149.198,12.910849565303296,5,2,0,0,3,29.391443708697363,28.790908940490947,29.99197847690378,1.0,0.6005347682064148,0.0,0.0,2,0,0.0,0.3994652317935852,0.0,0.6005347682064148,0.6005347682064148,0.3994652317935852,0.3994652317935852,0.3994652317935852,0.3994652317935852,0.3994652317935852,20,2,2021,4,19,5,1,0,2,1,0,1,GRAVE_LESIONADOS,1
4,1,12,0,4,1,-7.743996135626959,-79.3385856642771,0,4,7,1,2,2,2,1,6543.555,2.469947660787619,3,2,1.0,7,31,1328.1755020381706,0.5855358920829274,77.02448509093938,69.71285927590725,8.599998839773733,1025.1254794555787,8962.114462689178,8931.828000000005,1335.5899999999997,1935.9830000000004,5660.255000000005,1219.309,7712.519000000005,13.651281686122925,5,1,0,0,3,27.759581286300953,27.759581286300953,27.759581286300953,1.0,0.5300523392123808,0.0,0.0,1,0,0.0,0.0,0.0,1.0,0.0,1.0,0.0,0.0,1.0,0.0,14,2,2023,4,15,6,1,0,0,1,0,1,GRAVE_LESIONADOS,1
3,1,15,2,2,3,-3.814349055875218,-73.49438544408378,0,0,7,1,2,2,2,1,6543.555,2.027841051262586,3,3,1.0,13,32,1205.7119711997364,0.5793578801878053,73.10627729178934,55.976465652208866,10.495958297961728,1056.797638541441,149749.57174297184,1314.7110615420913,174.90731974745862,329.5517046207417,810.2520371738912,328.23374119700526,986.4773203450862,25.01960258724128,6,2,0,0,3,46.842993324663034,33.55682102525173,72.44317897474828,1.0,0.9721589487374137,0.0,0.02784105126258629,2,0,0.02784105126258629,0.0,0.02784105126258629,0.9721589487374137,1.0,0.0,0.9721589487374137,0.0,1.0,1.0,11,2,2022,10,1,1,0,0,0,1,0,1,GRAVE_LESIONADOS,1
5,1,19,0,4,1,-7.409473755067909,-77.19659881408272,0,4,5,0,2,1,1,0,7458.700928218615,2.246656446844778,2,0,1.0,6,22,1970.7000579761361,0.5987205424939515,75.11594224795367,63.5454459484872,7.985549150894304,1241.9202326161399,23278.920318765653,6133.806079390597,1029.2544525193853,1121.6251561635174,3982.926470707694,1211.0934957962372,4922.712583594359,19.393722860270056,7,1,0,0,5,30.46656446844778,30.46656446844778,30.46656446844778,1.0,0.7533435531552222,0.0,0.24665644684477783,1,0,0.7533435531552222,0.0,0.24665644684477783,0.7533435531552222,0.7533435531552222,0.0,0.24665644684477783,0.7533435531552222,0.7533435531552222,0.7533435531552222,17,1,2024,4,7,0,0,0,0,1,0,1,GRAVE_LESIONADOS,1