CLASE SINIESTRO,CANTIDAD DE VEHICULOS DAÑADOS,DEPARTAMENTO,ZONA,TIPO DE VÍA,RED VIAL,COORDENADAS LATITUD,COORDENADAS  LONGITUD,CONDICIÓN CLIMÁTICA,ZONIFICACIÓN,CARACTERÍSTICAS DE VÍA,PERFIL LONGITUDINAL VÍA,SUPERFICIE DE CALZADA,¿EXISTE SEÑAL VERTICAL?,¿EXISTE SEÑAL HORIZONTAL?,CAUSA FACTOR PRINCIPAL,MTC_RVN_LONGITUD_KM,MTC_RVN_N_CARRILES_MEDIANA,MTC_RVN_SUPERFICIE_DOMINANTE,MTC_RVN_ESTADO_DOMINANTE,MTC_RVN_ES_CONCESIONADA,MTC_RVN_CONCESION_PRINCIPAL,MTC_RVN_CORREDOR_LOGISTICO,MTC_RVN_N_TRAMOS,IDH_2019,IDH_ESP_VIDA_2019,IDH_EDUC_SECUND_PCT_2019,IDH_ANIOS_EDUC_2019,IDH_INGRESO_PERCAP_2019,IDH_POBLACION_2019,MTC_DEP_RED_TOTAL_KM,MTC_DEP_NACIONAL_TOTAL_KM,MTC_DEP_DEPARTAMENTAL_TOTAL_KM,MTC_DEP_VECINAL_TOTAL_KM,MTC_DEP_PAV_TOTAL_KM,MTC_DEP_NO_PAV_TOTAL_KM,MTC_DEP_PCT_PAVIMENTADA,PER_TOTAL_PERSONAS,PER_N_CONDUCTORES,PER_N_CONDUCTORES_FUGADOS,PER_N_PEATONES,PER_N_PASAJEROS_OCUPANTES,PER_EDAD_COND_PROM,PER_EDAD_COND_MIN,PER_EDAD_COND_MAX,PER_ANY_COND_MASCULINO,PER_ANY_LIC_PROBLEMA,PER_ANY_DOSAJE_POS,PER_ANY_DOSAJE_EVALUADO,VEH_TOTAL,VEH_N_FUGADOS,VEH_ANY_FUGADO,VEH_ANY_CARGA,VEH_ANY_PUBLICO,VEH_ANY_PARTICULAR,VEH_ANY_MOTO,VEH_ANY_AUTO,VEH_ANY_CAMION_BUS,VEH_ANY_SOAT_PROBLEMA,VEH_ANY_CITV_PROBLEMA,VEH_ANY_SEGURO_PROBLEMA,HORA_NUM,FRANJA_HORARIA,ANIO,MES,DIA_MES,DIA_SEMANA,ES_FIN_SEMANA,ES_QUINCENA,REGION_NATURAL,TIENE_SEÑALIZACION,ES_VIA_MULTICARRIL,ES_DEPTO_BAJO_PAVIMENTO,CATEGORIA_SEVERIDAD,CATEGORIA_SEVERIDAD_ENC
3,2,11,0,4,1,-10.654011182032278,-76.66107675553381,0,4,3,0,2,2,2,2,741.336835251803,0.3788442551987794,0,1,0.5403852482670736,9,12,201.44609815249754,0.46980189148840545,77.75844611453739,55.29048594540801,5.610645962837101,860.2375176062399,20188.72766453865,7894.150738883853,1522.5723079998554,1228.1251761878445,5143.453254696153,1467.8585086056128,6426.292230278241,18.79385728148332,5,2,0,0,3,55.729807375866464,51.217303262130486,60.24231148960244,1.0,0.0,0.0,1.0,2,0,0.0,0.45961475173292643,0.0,0.5403852482670736,0.0,1.0,0.45961475173292643,0.0,0.45961475173292643,0.0,11,1,2021,6,4,3,0,0,0,1,0,1,GRAVE_LESIONADOS,1
3,1,14,0,4,1,-14.563370150512704,-71.67230078307493,4,4,6,0,2,1,1,2,7586.903,2.0,2,0,1.0,9,5,1198.0,0.3606077030493873,74.61809377254218,64.94502725588104,5.516544934513819,374.4386516976514,5508.577923442548,13284.346788042525,1940.6454337675266,2138.618427872176,9205.082926402822,3006.2017264095516,10278.145061632973,22.550228817135604,5,2,0,0,3,36.65889859782723,31.943937598662913,41.37385959699156,1.0,0.3714960999164322,0.0,0.0,2,0,0.0,0.3714960999164322,0.3714960999164322,0.6285039000835678,0.3714960999164322,0.6285039000835678,0.3714960999164322,0.0,1.0,0.6285039000835678,16,1,2021,7,25,4,0,1,2,1,0,1,GRAVE_LESIONADOS,1
4,1,10,0,4,0,-11.740378165190414,-75.2098477447307,0,4,3,0,4,1,1,0,8045.966445609472,2.0,3,2,1.0,11,32,2363.3131747059433,0.4339845403796072,72.47080529170033,56.822259700697415,6.447396910548111,721.5861467943932,36657.90167763567,9721.716875287326,1622.3826475415167,1257.0740767622283,6842.26015098358,2589.028384681535,7132.68849060579,26.51898294352404,5,1,0,0,3,36.297711500313376,35.183207833676555,37.4122151669502,1.0,0.0,0.5572518333184107,1.0,1,0,0.0,0.5572518333184107,0.0,1.0,0.0,0.5572518333184107,0.44274816668158934,0.0,0.44274816668158934,0.0,9,0,2022,7,23,3,0,1,0,1,0,1,GRAVE_LESIONADOS,1
3,1,20,0,4,1,-4.48510921679005,-80.34923814853497,0,4,7,1,2,2,2,1,6543.555,3.0,2,0,1.0,0,30,1475.0,0.5778094334840195,77.18527283487661,70.73952058072584,8.729002303042238,971.6290722340076,9493.210488450217,1639.794670045946,235.39419791775146,390.9974746986122,1013.4029974295822,386.7076388115517,1253.087031234394,25.61563694411997,6,2,0,0,4,48.246506170252104,46.83100411350141,49.66200822700281,1.0,0.7426359896816905,0.0,0.7426359896816905,2,0,0.0,0.25736401031830947,1.0,0.7426359896816905,0.7426359896816905,0.7426359896816905,0.25736401031830947,0.7426359896816905,0.7426359896816905,0.7426359896816905,15,1,2024,4,7,5,0,0,0,1,1,1,GRAVE_LESIONADOS,1
6,1,20,0,4,0,-16.37331502633032,-69.18336893232991,0,4,1,0,2,0,1,2,5140.677713413478,2.0,3,2,1.0,12,29,918.7926029747332,0.37476046912712485,74.41083871171156,73.53555141219685,6.709318761231364,382.23352740247185,22595.121613164025,13642.312999999998,2020.7790000000005,2354.117,9267.416999999998,3314.0520000000006,10328.260999999997,24.29244952817019,5,1,0,0,4,42.67860158532225,42.67860158532225,42.67860158532225,1.0,0.0,0.0,0.0,1,0,0.0,0.0,0.0,1.0,0.0,0.27976693088704085,0.7202330691129591,0.7202330691129591,0.7202330691129591,0.7202330691129591,1,0,2022,2,6,2,0,0,2,1,0,1,GRAVE_LESIONADOS,1
4,2,10,0,4,1,-13.503706922738727,-76.18800907859624,0,4,7,1,2,2,2,2,6639.975,2.0,2,0,1.0,9,31,1616.0,0.5731084191543093,79.27025122377901,70.06447024547546,9.125269010600306,890.0695806725844,25621.965363258652,3721.461,698.1859999999996,744.866,2278.409,1102.9029999999996,2618.558,29.636290693359403,7,2,0,0,5,29.69485782295742,24.69485782295742,34.69485782295742,1.0,0.0,0.0,0.43504739234752676,2,0,0.0,0.5649526076524732,0.43504739234752676,0.43504739234752676,0.0,1.0,1.0,0.5649526076524732,0.5649526076524732,0.0,8,1,2021,9,7,1,0,0,0,1,0,1,GRAVE_LESIONADOS,1
3,1,7,1,4,1,-13.637292492157831,-71.83013106245664,0,0,7,1,2,0,1,2,7494.939966642704,2.0,2,0,1.0,9,7,1198.0,0.4934819880792577,65.58060299430049,74.82148483168841,8.006689072667966,813.5724441101848,8530.683173229943,17779.13499998999,2097.3709999899997,2863.123,12818.640999999989,2878.713,14900.421999989989,16.19152450331032,18,1,0,0,16,25.984782338649357,22.79328019051713,29.176284486781583,1.0,1.0,0.0,0.9118577566092079,1,0,0.0,0.0,0.9118577566092079,1.0,0.0,0.9118577566092079,1.0,0.0,0.0,0.0,10,1,2022,5,26,5,0,0,2,1,0,1,GRAVE_LESIONADOS,1
8,1,14,0,4,0,-7.323634848698721,-78.92815627984947,0,4,4,1,1,2,2,0,6543.555,2.0,4,4,1.0,14,33,1198.0,0.37909343982271826,72.65985868158941,44.73461985366416,5.351357726768144,616.2690454244466,42028.75796388479,8945.900073806077,1520.4248566033152,1398.6368625172208,6026.838354685541,1630.9872744327326,7314.912799373345,18.221483494135736,9,1,0,0,8,54.586334476416795,54.586334476416795,54.586334476416795,1.0,0.0,0.0,0.41366552358320696,1,0,0.0,0.0,1.0,0.0,0.0,0.0,1.0,0.0,0.41366552358320696,0.0,15,3,2022,10,11,6,1,0,0,1,0,1,GRAVE_LESIONADOS,1
1,1,3,0,6,3,-16.232354263342085,-72.81390318466734,0,4,1,0,5,1,1,0,6567.644492486517,2.0,3,3,1.0,12,32,1302.4327718249767,0.5500098694182707,81.7453769540426,67.75320597917886,8.709121011575249,812.3099890643364,7989.061413564535,10322.272,1495.236,1749.739,7077.2970000000005,2886.595,7435.677000000001,27.964725207783708,5,1,0,0,3,32.495818343180375,30.247265839771785,34.744370846588964,1.0,0.0,0.0,0.249839167045399,1,0,0.0,0.750160832954601,0.0,0.249839167045399,0.0,0.249839167045399,1.0,0.0,0.750160832954601,0.0,9,1,2021,3,19,1,0,1,0,1,0,1,GRAVE_LESIONADOS,1
6,1,4,0,4,1,-14.203089695374558,-74.50988049374398,0,3,2,0,2,1,1,3,2609.398933705288,1.693400853429044,2,0,0.693400853429044,5,22,419.7595516915303,0.3046009864109163,70.975747418941,46.489669705976695,4.488146466764734,416.9818315041114,3647.8786157422937,12678.733000000004,1805.074000000001,1774.0339999999994,9099.625000000004,2485.375000000001,10193.358000000002,19.602707936195205,28,1,0,0,27,52.38680170685809,52.38680170685809,52.38680170685809,1.0,0.0,0.0,1.0,1,0,0.0,0.0,0.693400853429044,0.0,0.0,0.0,1.0,0.0,0.306599146570956,0.0,7,0,2023,8,18,2,0,0,2,1,0,1,GRAVE_LESIONADOS,1
3,2,9,0,4,1,-9.060295200748826,-76.08046067207906,0,4,7,1,3,2,2,2,7778.719714161416,2.0,2,0,1.0,9,20,2148.879275018812,0.5563774842369664,77.00938809632027,69.10246351364754,8.476961866273152,914.8835608305218,27932.19700214133,8209.057,1333.4779999999996,791.9770000000001,6083.602,1059.8589999999997,7149.198,12.910849565303296,4,2,0,0,2,23.149716205245134,22.159073468072958,24.140358942417315,1.0,0.990642737172179,0.0,0.0,2,0,0.0,0.009357262827821011,0.0,0.990642737172179,0.990642737172179,0.009357262827821011,0.009357262827821011,0.009357262827821011,0.009357262827821011,0.009357262827821011,20,2,2021,1,30,5,1,0,2,1,0,1,GRAVE_LESIONADOS,1
5,1,9,0,4,1,-11.750357589712511,-75.22065654166195,1,4,2,0,5,1,1,2,6833.492150517073,2.0,3,2,1.0,12,25,1198.0,0.3716296685902579,75.24313873839638,54.66221750996197,5.368605635441083,448.66057499270715,4943.889162922781,12379.644169690619,1820.5199088151219,1291.3078282671845,9267.81643260831,1837.759599539733,10541.884570150884,14.800361900651804,4,1,0,0,3,58.054762118085705,54.997959732220394,61.11156450395102,1.0,0.277891125987756,0.0,0.0,1,0,0.0,0.277891125987756,0.277891125987756,0.722108874012244,0.277891125987756,0.0,1.0,0.0,0.277891125987756,0.0,5,0,2022,7,7,0,0,0,2,1,0,1,GRAVE_LESIONADOS,1
6,1,5,0,4,1,-7.042741202050391,-78.55992437105235,0,3,1,0,2,1,1,0,5428.492212351602,2.0,2,0,1.0,8,24,1999.1543255356266,0.6070175276741574,73.19224654097276,74.29530430690215,9.490386956642766,1117.141592366869,257380.9443254818,15935.565011852366,1733.9250000199986,935.692,13265.948011832368,2000.1670000199988,13935.398011832369,12.551591352627522,5,1,0,0,4,21.989135795043875,21.989135795043875,21.989135795043875,1.0,0.5018107008260209,0.0,0.0,1,0,0.0,0.5018107008260209,0.0,0.49818929917397914,0.0,0.49818929917397914,0.5018107008260209,0.0,0.49818929917397914,0.0,13,1,2022,6,25,3,0,1,2,1,0,1,GRAVE_LESIONADOS,1
5,1,18,0,4,1,-7.870707574902973,-77.19664679810957,0,4,4,0,2,1,1,0,7358.027373539676,2.3295304137739965,2,0,1.0,6,23,1916.1689877367103,0.5995226505763307,75.55485953272601,63.611269760705646,7.896062626194685,1245.0079127990625,23026.17335296457,6297.9940765695255,1101.216155601133,1174.1494332937523,4022.6284876746404,1277.5144111970312,5020.479665372494,19.878179012569873,7,1,0,0,5,31.29530413773997,31.29530413773997,31.29530413773997,1.0,0.6704695862260033,0.0,0.3295304137739967,1,0,0.6704695862260033,0.0,0.3295304137739967,0.6704695862260033,0.6704695862260033,0.0,0.3295304137739967,0.6704695862260033,0.6704695862260033,0.6704695862260033,15,1,2023,4,8,0,0,0,0,1,0,1,GRAVE_LESIONADOS,1
4,1,10,0,4,0,-8.711437381966054,-77.84312119880194,0,4,3,0,1,2,2,1,6543.555,2.0,4,4,1.0,14,33,1198.0,0.48190771756449224,77.57631439206692,60.128758747218086,6.852662394031851,775.3886167443733,19412.45407034962,8613.372846648339,1334.6594462231067,1431.93039389762,5846.783006527612,1149.0548334632645,7464.318013185074,13.325044987940357,5,1,0,0,4,41.0,38.203015570295875,43.796984429704125,1.0,0.0,0.0,0.0,1,0,0.0,0.5593968859408253,0.0,0.44060311405917474,0.0,1.0,0.5593968859408253,0.0,1.0,0.0,15,2,2021,4,22,3,0,1,0,1,0,1,GRAVE_LESIONADOS,1
5,1,10,0,4,1,-13.385731359236377,-76.20286210043376,0,4,6,1,2,2,2,0,6639.975,2.0,2,0,1.0,9,31,1616.0,0.5736744275518083,81.67473861808857,68.1608574885675,9.138785887908334,865.1176766860625,26660.92933618844,3721.461,698.1859999999996,744.866,2278.409,1102.9029999999996,2618.558,29.636290693359403,5,1,0,0,3,22.431847792220402,22.002698181828567,22.860997402612238,1.0,0.14304987013061188,0.0,0.0,1,0,0.0,0.14304987013061188,0.0,1.0,0.14304987013061188,1.0,0.0,0.0,0.14304987013061188,0.14304987013061188,5,0,2023,3,24,1,0,1,0,1,0,1,GRAVE_LESIONADOS,1
6,1,3,0,4,2,-13.292624073986058,-73.64174545628421,0,4,0,0,5,1,1,2,6543.555,2.0,4,4,1.0,14,33,1198.0,0.2550386616324504,73.68612915276583,59.230074498474266,4.294649949610166,191.6227186776893,2863.2926854599036,8407.114905442138,1333.9066048706375,1522.4408730136704,5550.76742755783,1573.808701134566,6833.306204307572,18.700592190006642,4,1,0,0,3,31.842090751884868,31.842090751884868,31.842090751884868,1.0,0.6842090751884866,0.0,0.0,1,0,0.0,0.0,0.0,1.0,0.0,1.0,0.0,0.6842090751884866,0.6842090751884866,0.6842090751884866,21,2,2021,11,17,4,0,0,2,1,0,1,GRAVE_LESIONADOS,1
6,1,12,0,4,1,-8.355828036351289,-78.74648239138132,0,4,7,1,2,2,2,2,6942.476357428517,2.0,3,3,1.0,13,32,1507.4147843731648,0.492625265778251,76.64449563164258,52.35930131845482,6.584889499002217,857.028804046337,67841.8785081202,8931.828000000005,1335.5899999999997,1935.9830000000004,5660.255000000005,1219.309,7712.519000000005,13.651281686122925,5,1,0,0,4,28.705352851914512,28.705352851914512,28.705352851914512,1.0,0.8824411913475817,0.0,0.0,1,0,0.0,0.1175588086524183,0.0,0.8824411913475817,0.0,0.8824411913475817,0.1175588086524183,0.0,1.0,0.0,7,1,2022,6,29,5,0,1,0,1,0,1,GRAVE_LESIONADOS,1
3,1,3,0,4,2,-15.737883404061007,-72.0460692162621,4,4,4,1,5,1,1,0,6563.177541065361,2.0,3,3,1.0,12,32,1283.0676432827286,0.4758170185804242,76.53741826774662,64.30430415428847,7.3852300520853476,668.7905782321905,1823.987779945936,10322.272,1495.236,1749.739,7077.2970000000005,2886.595,7435.677000000001,27.964725207783708,17,1,0,0,16,46.37191113334491,46.37191113334491,46.37191113334491,1.0,0.7964888916681135,0.0,0.0,1,0,0.0,0.0,0.20351110833188646,0.7964888916681135,0.0,0.0,1.0,0.0,0.0,0.0,18,1,2023,5,22,1,0,0,0,1,0,1,GRAVE_LESIONADOS,1
6,1,11,0,4,2,-11.948336251591186,-75.34120517813305,0,4,0,1,2,2,2,1,6543.555,2.0,4,4,1.0,14,33,1198.0,0.5134768658289993,73.57884983387481,69.63456474001396,8.081170909062514,783.4083470797852,12967.029000025292,12264.545,1826.4639999999995,1105.5389999999998,9332.542,1588.5359999999996,10676.009,12.952261987705208,5,1,0,0,4,36.88647217510994,36.88647217510994,36.88647217510994,1.0,0.0,0.0,0.873361117841438,1,0,0.0,0.126638882158562,0.0,0.873361117841438,0.0,0.873361117841438,0.126638882158562,0.0,0.0,0.0,6,1,2021,3,18,5,1,0,2,1,0,1,GRAVE_LESIONADOS,1
3,1,8,0,4,1,-12.258647591074299,-75.14483441581928,0,4,4,1,2,1,0,0,768.640455767468,-0.8207131774648467,1,0,0.05976227417838442,8,31,156.41426354929695,0.2731964414324414,65.9920055273003,56.98597158642398,4.485399617227874,261.49931624150855,28956.33051058651,8536.550179589141,1438.8309230083905,2004.1812629670194,5093.537993613731,1840.119763228238,6696.430416360901,21.579110136200413,7,1,0,0,5,48.52190180657293,39.11952454835677,57.92427906478908,1.0,0.9402377258216156,0.0,0.0,1,0,0.0,0.0,0.0,1.0,0.0,0.9402377258216156,0.05976227417838442,0.05976227417838442,0.05976227417838442,0.05976227417838442,5,0,2021,6,28,2,0,0,1,1,0,1,GRAVE_LESIONADOS,1
5,1,5,0,4,1,-13.611272559750779,-74.31273725048719,0,4,0,1,2,2,2,4,1660.0720499613715,2.0,2,2,1.0,8,24,306.75634675234926,0.282292045846831,78.25270932464917,45.43806023634686,4.3952456930150605,263.07202717173556,4217.559526108951,12786.076505356372,1829.1036922133048,1838.6556636061748,9118.317149536892,2577.6902140851826,10208.386291271188,20.125148524105033,5,2,0,0,3,33.00521295213126,32.78241151300556,33.22801439125695,1.0,0.0,0.0,1.0,2,0,0.8885992804371524,0.0,0.0,1.0,0.0,0.11140071956284758,1.0,0.0,0.11140071956284758,0.8885992804371524,11,2,2022,2,19,4,0,0,2,1,0,1,GRAVE_LESIONADOS,1
3,2,12,0,4,1,-9.102325000118771,-78.53171289301245,0,4,7,1,2,2,2,0,6575.284293815604,2.670926220539272,2,0,1.0,2,30,1521.3994029039627,0.5467437392353076,80.25809966607346,69.39036224492774,8.152846850142986,821.4111257057376,10958.38386690579,3545.8326432494346,575.3233067899662,707.8724700519057,2262.6368664075626,834.8357704359747,2710.9968728134595,23.392452754726815,6,2,0,0,4,57.867409764314175,52.6964835437749,63.03833598485345,1.0,0.0,0.0,0.3290737794607279,2,0,0.0,0.6709262205392721,0.6709262205392721,0.3290737794607279,0.0,0.3290737794607279,1.0,0.0,0.0,0.0,12,1,2023,4,18,4,0,1,0,1,0,1,GRAVE_LESIONADOS,1
3,1,18,1,4,1,-7.284180730252973,-77.60612294091898,0,4,4,1,2,1,1,1,7376.179549323727,2.3145876334140665,2,0,1.0,6,23,1926.0013372135443,0.46822364020935947,76.5860670486732,56.29472490541727,6.265626175508143,750.1865803980575,21680.25151773002,6268.38978380438,1088.240935959536,1164.6789232433339,4015.4699246015102,1265.5382359647383,5002.851547839641,19.79082803679221,16,1,0,0,14,41.6625774014532,35.493866102179794,47.831288700726596,1.0,0.0,0.0,0.0,1,0,0.0,0.0,1.0,0.6854123665859335,0.6854123665859335,0.0,0.3145876334140665,0.0,0.6854123665859335,0.6854123665859335,18,2,2021,7,8,2,0,0,0,1,0,1,GRAVE_LESIONADOS,1
5,1,9,2,3,2,-9.53578758153885,-77.81278295871282,0,2,3,1,2,1,1,0,3647.0411858337648,2.0,2,1,1.0,10,24,663.8916145032936,0.68394509146969,76.6293749866123,76.08375488610946,10.721772538170832,1369.2191374947133,254172.9967174155,11881.386036179989,1709.2747390822108,1259.3680470152965,8912.743250082482,1909.76091656389,9971.6251196161,18.03861888840305,7,1,0,0,6,32.56262706117071,31.830759926218704,33.29449419612271,1.0,0.0,0.0,0.0,1,0,0.0,0.0,0.4879114233013361,0.5120885766986639,0.4879114233013361,0.5120885766986639,0.4879114233013361,0.0,0.5120885766986639,0.0,5,0,2021,8,23,2,0,1,1,1,0,1,GRAVE_LESIONADOS,1
5,1,1,0,4,1,-9.6267660016995,-77.37258996225705,0,4,6,0,2,1,0,1,9689.709486051253,2.0,2,0,0.9406901877232318,9,32,3624.491500460998,0.5940280984211652,74.55221902651083,72.81877419691955,10.068726307100702,1000.5210432799738,64119.91932313351,10856.428680067656,1881.587504310394,1215.7709575777837,7759.070218179481,2069.987822908064,8786.440857159596,19.11734778691906,4,1,0,0,3,35.52552150178585,35.46621168950909,35.584831314062626,1.0,0.0,0.0,0.0,1,0,0.0,0.0,0.05930981227676824,1.0,0.0,1.0,0.05930981227676824,0.0,0.05930981227676824,0.0,0,0,2022,10,9,1,0,0,0,1,0,1,GRAVE_LESIONADOS,1
6,1,13,0,4,2,-11.450630232250688,-76.69624557109447,0,4,5,0,6,2,2,0,6543.555,2.0,4,4,1.0,14,33,1198.0,0.5167561371358753,80.1159279377407,61.90659393088219,8.569345908935952,717.2755780493252,853.0278915542938,7668.604907037253,1672.0305573921785,1618.6462674856016,4377.928082159473,1817.9666454203457,5850.638261616908,23.715618800749805,4,1,0,0,3,67.51877769487643,67.51877769487643,67.51877769487643,1.0,0.0,0.0,0.0,1,0,0.0,0.0,0.0,0.9522186353185946,0.0,0.0,1.0,0.0,0.0,0.0,6,1,2025,2,24,1,0,1,0,1,0,1,GRAVE_LESIONADOS,1
6,1,4,0,4,1,-13.356096694000477,-74.80890971484841,0,4,3,1,2,1,0,3,1679.5849999999998,2.0,2,3,1.0,9,24,315.0,0.2587772817968213,78.2313731727826,42.59351526103478,4.069708361522777,219.52972987349307,3876.4004282655246,12678.733000000004,1805.074000000001,1774.0339999999994,9099.625000000004,2485.375000000001,10193.358000000002,19.602707936195205,5,1,0,0,4,36.82992122436329,36.82992122436329,36.82992122436329,1.0,0.0,0.0,0.3522309750707453,1,0,0.3522309750707453,0.0,0.0,0.3522309750707453,0.0,0.6477690249292547,0.3522309750707453,0.0,0.0,0.3522309750707453,10,1,2022,4,25,3,0,1,2,1,0,1,GRAVE_LESIONADOS,1
6,1,10,0,4,1,-13.356673132914965,-76.21988409599234,0,4,7,1,2,2,2,0,6639.975,2.0,2,0,1.0,9,31,1616.0,0.5736744275518083,81.67473861808857,68.1608574885675,9.138785887908334,865.1176766860625,26660.92933618844,3721.461,698.1859999999996,744.866,2278.409,1102.9029999999996,2618.558,29.636290693359403,5,1,0,0,4,39.701155739716725,39.701155739716725,39.701155739716725,1.0,0.0,0.0,0.0,1,0,0.0,0.0,0.0,1.0,0.0,0.14342801131666427,0.8565719886833357,0.0,0.8565719886833357,0.0,8,1,2022,7,9,5,0,0,0,1,0,1,GRAVE_LESIONADOS,1
4,1,12,0,4,1,-7.849085295212937,-78.0634507447805,0,4,7,1,2,2,2,2,9936.932,2.0,2,0,1.0,9,32,3830.0,0.3986882084754764,72.97869269132666,58.65435142755623,5.605762371496486,527.7120199980477,69564.29978586723,8931.828000000005,1335.5899999999997,1935.9830000000004,5660.255000000005,1219.309,7712.519000000005,13.651281686122925,6,1,0,1,3,34.39605447743547,32.8118365676936,35.98027238717734,1.0,0.0,0.0,0.0,1,0,0.0,1.0,0.0,0.0,0.0,0.0,1.0,0.0,1.0,0.0,12,1,2021,7,19,1,0,0,0,1,0,1,GRAVE_LESIONADOS,1
6,1,7,0,4,1,-14.58636827911093,-71.73141912344326,0,4,5,0,2,2,2,2,1780.161,1.0,1,3,0.0,9,32,490.0,0.4670263153502933,65.5237709552973,70.61273193256336,7.074467358088314,760.9316629253258,9065.880085653103,17779.13499998999,2097.3709999899997,2863.123,12818.640999999989,2878.713,14900.421999989989,16.19152450331032,4,1,0,0,3,42.02107756007332,42.02107756007332,42.02107756007332,1.0,0.0,0.0,0.0,1,0,0.0,0.0,0.0,1.0,0.0,0.800843102402933,0.199156897597067,0.0,0.0,0.0,4,0,2024,2,22,5,0,0,2,1,0,1,GRAVE_LESIONADOS,1
3,1,9,1,4,1,-12.49744597276919,-75.81009832380556,0,1,4,1,2,2,2,2,7042.224504539791,2.0,2,0,1.0,9,19,1438.43603220347,0.7076513324414401,76.08242972885978,77.20111368677,12.156881460759346,1440.6597708839213,105707.86833021774,9772.551617642453,1735.0881328367745,1673.4011668181113,6364.062317987567,2099.699498582712,7672.852119059741,22.0156006021839,22,2,0,0,19,36.46886206579827,25.601646549348708,50.45123491201153,1.0,0.4247941813314118,0.0,0.4247941813314118,2,0,0.0,0.4247941813314118,0.5752058186685882,0.4247941813314118,0.4247941813314118,0.4247941813314118,1.0,0.0,1.0,0.0,8,1,2022,4,14,2,0,0,0,1,0,1,GRAVE_LESIONADOS,1
6,1,5,0,4,2,-7.026797348766715,-78.27466671648396,1,4,0,0,1,2,2,1,6543.555,2.0,4,4,1.0,14,33,1198.0,0.25433820447973177,73.91147157812851,45.65895110145475,3.3539227723644967,263.33180395100254,8980.849892886043,15935.565011852366,1733.9250000199986,935.692,13265.948011832368,2000.1670000199988,13935.398011832369,12.551591352627522,7,1,0,0,6,40.46997251342502,38.0121825193917,42.31331500895001,0.3855525014916693,0.3855525014916693,0.0,0.0,1,0,0.0,1.0,0.0,0.0,0.0,0.0,1.0,0.3855525014916693,1.0,0.3855525014916693,19,2,2021,3,11,2,0,0,2,1,0,1,GRAVE_LESIONADOS,1
3,2,7,0,4,0,-13.5392269847467,-71.64904887412496,0,4,0,0,2,2,2,5,3541.0127445942494,2.0,2,0,1.0,5,19,619.4569606730435,0.21670271089641419,70.47818835836193,52.82025139976813,3.413280610177413,172.99832615783663,17389.68788635477,17779.13499998999,2097.3709999899997,2863.123,12818.640999999989,2878.713,14900.421999989989,16.19152450331032,9,2,0,0,7,32.394724393155386,31.49249720880022,33.099589380932855,1.0,0.08458379853329656,0.0,0.0,2,0,0.0,0.0,0.0,1.0,0.08458379853329656,0.9154162014667034,0.0,0.0,0.0,0.0,7,0,2021,1,16,0,0,0,2,1,0,1,GRAVE_LESIONADOS,1
3,1,19,1,2,3,-5.1632516743070855,-80.66556746496671,1,4,7,1,2,1,1,2,6543.555,2.238065624256903,3,3,1.0,10,32,1263.944177919162,0.6442872254150132,78.66175175775348,76.11782926519284,10.948476895420177,1088.9767935626958,180088.44720073693,8965.846000060003,1782.4120000599992,636.9959999999999,6546.438000000004,2214.505000059999,6751.341000000004,24.699342371541725,4,1,0,0,2,35.23837656955942,24.95226249702761,45.52449064209124,1.0,0.7619343757430971,0.0,0.23806562425690292,1,0,0.0,0.0,0.0,1.0,0.7619343757430971,0.23806562425690292,0.0,1.0,0.23806562425690292,0.0,18,1,2021,3,4,3,0,0,0,1,0,1,GRAVE_LESIONADOS,1
3,1,17,0,3,2,-4.48367887005341,-76.96477148264235,0,1,7,1,2,2,2,0,3897.570300679491,2.0,2,1,1.0,7,26,675.2053998049535,0.6003326379046121,76.58965490499516,64.19499136984379,10.264144102180715,1043.1091940240972,154703.8507516683,5070.98120774013,964.1002811908064,480.4892893884862,3626.3916371608375,1254.2851668004002,3816.6960409397298,24.862373117768584,4,2,0,0,2,41.53132518326927,27.44372888681593,61.88745777363186,1.0,1.0,0.5051155557440064,0.5051155557440064,2,0,0.0,0.5051155557440064,0.0,1.0,1.0,0.0,0.49488444425599365,0.5051155557440064,1.0,1.0,17,2,2023,5,13,3,0,0,0,1,0,1,GRAVE_LESIONADOS,1