CLASE SINIESTRO,CANTIDAD DE VEHICULOS DAÑADOS,DEPARTAMENTO,ZONA,TIPO DE VÍA,RED VIAL,COORDENADAS LATITUD,COORDENADAS  LONGITUD,CONDICIÓN CLIMÁTICA,ZONIFICACIÓN,CARACTERÍSTICAS DE VÍA,PERFIL LONGITUDINAL VÍA,SUPERFICIE DE CALZADA,¿EXISTE SEÑAL VERTICAL?,¿EXISTE SEÑAL HORIZONTAL?,CAUSA FACTOR PRINCIPAL,MTC_RVN_LONGITUD_KM,MTC_RVN_N_CARRILES_MEDIANA,MTC_RVN_SUPERFICIE_DOMINANTE,MTC_RVN_ESTADO_DOMINANTE,MTC_RVN_ES_CONCESIONADA,MTC_RVN_CONCESION_PRINCIPAL,MTC_RVN_CORREDOR_LOGISTICO,MTC_RVN_N_TRAMOS,IDH_2019,IDH_ESP_VIDA_2019,IDH_EDUC_SECUND_PCT_2019,IDH_ANIOS_EDUC_2019,IDH_INGRESO_PERCAP_2019,IDH_POBLACION_2019,MTC_DEP_RED_TOTAL_KM,MTC_DEP_NACIONAL_TOTAL_KM,MTC_DEP_DEPARTAMENTAL_TOTAL_KM,MTC_DEP_VECINAL_TOTAL_KM,MTC_DEP_PAV_TOTAL_KM,MTC_DEP_NO_PAV_TOTAL_KM,MTC_DEP_PCT_PAVIMENTADA,PER_TOTAL_PERSONAS,PER_N_CONDUCTORES,PER_N_CONDUCTORES_FUGADOS,PER_N_PEATONES,PER_N_PASAJEROS_OCUPANTES,PER_EDAD_COND_PROM,PER_EDAD_COND_MIN,PER_EDAD_COND_MAX,PER_ANY_COND_MASCULINO,PER_ANY_LIC_PROBLEMA,PER_ANY_DOSAJE_POS,PER_ANY_DOSAJE_EVALUADO,VEH_TOTAL,VEH_N_FUGADOS,VEH_ANY_FUGADO,VEH_ANY_CARGA,VEH_ANY_PUBLICO,VEH_ANY_PARTICULAR,VEH_ANY_MOTO,VEH_ANY_AUTO,VEH_ANY_CAMION_BUS,VEH_ANY_SOAT_PROBLEMA,VEH_ANY_CITV_PROBLEMA,VEH_ANY_SEGURO_PROBLEMA,HORA_NUM,FRANJA_HORARIA,ANIO,MES,DIA_MES,DIA_SEMANA,ES_FIN_SEMANA,ES_QUINCENA,REGION_NATURAL,TIENE_SEÑALIZACION,ES_VIA_MULTICARRIL,ES_DEPTO_BAJO_PAVIMENTO,CATEGORIA_SEVERIDAD,CATEGORIA_SEVERIDAD_ENC
3,2,19,0,3,1,-5.175883947812501,-80.55759720200838,0,4,6,1,2,2,2,0,1366.0993325498903,2.0,2,0,1.0,1,20,175.03646344317394,0.6220812987247925,80.20155828147696,72.71675503872983,10.02377668600292,1028.915688621886,159840.92719486082,8965.846000060003,1782.4120000599992,636.9959999999999,6546.438000000004,2214.505000059999,6751.341000000004,24.699342371541725,12,2,0,0,10,40.90114981713336,40.89533510049414,40.906964533772566,1.0,0.011629433278428913,0.0,1.0,2,0,0.0,0.0,0.011629433278428913,1.0,0.011629433278428913,1.0,0.9883705667215711,0.011629433278428913,1.0,0.0,11,1,2022,8,15,3,0,1,0,1,0,1,GRAVE_LESIONADOS,1
6,1,7,0,4,1,-14.226508824505329,-71.74579612980159,0,4,0,0,2,1,1,2,1908.1959847015146,1.0,2,3,0.0,9,7,565.721971776338,0.44476773466680875,72.37852693325192,62.92472481024704,6.653136480873965,628.6655109575383,2171.2509895706753,17779.13499998999,2097.3709999899997,2863.123,12818.640999999989,2878.713,14900.421999989989,16.19152450331032,4,1,0,0,3,33.881947155964845,33.881947155964845,33.881947155964845,1.0,0.0,0.0,0.0,1,0,0.0,0.0,0.0,1.0,0.0,1.0,0.0,0.0,1.0,0.0,3,0,2022,8,6,3,0,0,2,1,0,1,GRAVE_LESIONADOS,1
3,1,3,0,4,1,-16.240309490350224,-73.56329745621157,0,4,7,1,2,2,2,0,6639.975,2.0,2,0,1.0,9,31,1616.0,0.5867322629614568,81.29567587057257,48.66135233497281,9.405023295497628,1075.4825873638847,4903.1580986511735,10322.272,1495.236,1749.739,7077.2970000000005,2886.595,7435.677000000001,27.964725207783708,4,2,0,0,2,37.76207023869124,29.757091800663577,45.7670486767189,1.0,0.0,0.0,0.0,2,0,0.05823783082027523,0.0,0.0,1.0,0.0,0.05823783082027523,0.9417621691797248,0.0,0.0,0.0,4,0,2021,1,8,0,0,0,0,1,0,1,GRAVE_LESIONADOS,1
5,1,19,0,4,1,-5.159929178036329,-80.67106479908375,5,3,7,1,2,2,2,1,6543.555,3.0,2,0,1.0,0,30,1475.0,0.605604126009994,78.87835961060492,72.38578200101325,9.795293951973397,990.1122729717213,177571.47985458016,8965.846000060003,1782.4120000599992,636.9959999999999,6546.438000000004,2214.505000059999,6751.341000000004,24.699342371541725,7,1,0,0,5,34.556858045374625,34.556858045374625,34.556858045374625,1.0,0.0,0.0,1.0,1,0,0.2622743218149849,0.0,0.2622743218149849,0.7377256781850151,0.2622743218149849,0.7377256781850151,0.0,0.7377256781850151,1.0,0.2622743218149849,7,0,2022,6,10,6,1,0,0,1,1,1,GRAVE_LESIONADOS,1
6,1,12,0,4,1,-8.216105928217528,-78.46657122825759,0,4,7,1,1,2,2,2,8023.306537955171,2.5639295197806873,2,0,1.0,3,30,2501.945980916481,0.45871926792031925,75.3213468103916,54.63146058811145,6.231479638814148,738.1639545915258,68463.57577893753,8931.828000000005,1335.5899999999997,1935.9830000000004,5660.255000000005,1219.309,7712.519000000005,13.651281686122925,4,1,0,0,3,32.901762005482816,32.901762005482816,32.901762005482816,1.0,0.0,0.0,0.0,1,0,0.0,0.5639295197806874,0.0,0.4360704802193126,0.0,0.0,1.0,0.0,0.0,0.0,19,2,2023,6,17,5,1,0,0,1,0,1,GRAVE_LESIONADOS,1
9,1,5,0,4,2,-12.534270421352966,-73.96625367071483,0,4,6,0,6,2,2,1,6543.555,2.0,4,4,1.0,14,33,1198.0,0.3763313415815107,80.90405565088174,44.08100780186168,5.174681988470001,475.06007538101807,11111.052683423319,12613.74581591017,1808.4301471304861,1669.1453802714389,9136.170288508245,2344.6586074634183,10269.08720844675,18.559235515135192,7,1,0,0,6,54.80336326195432,54.80336326195432,54.80336326195432,1.0,0.8430973758538799,0.0,0.8430973758538799,1,0,0.0,0.1569026241461201,0.0,0.0,0.0,0.0,1.0,0.8430973758538799,0.8430973758538799,0.0,6,1,2023,7,7,3,0,0,2,1,0,1,GRAVE_LESIONADOS,1
3,1,11,0,4,1,-11.813988740181944,-75.49436648804823,0,4,0,1,2,1,1,2,7586.903,2.0,2,0,1.0,9,5,1198.0,0.540502098466339,72.84227261017696,67.12457892122255,8.990740989449233,873.1942551866882,744.2037834281908,12264.545,1826.4639999999995,1105.5389999999998,9332.542,1588.5359999999996,10676.009,12.952261987705208,5,2,0,0,3,37.131087184189894,18.101132347195097,56.161042021184684,1.0,0.0,0.0,1.0,2,0,0.0,0.0,0.0,1.0,0.947565126324043,1.0,0.0,0.0,0.947565126324043,0.0,13,2,2023,2,19,5,0,1,2,1,0,1,GRAVE_LESIONADOS,1
4,1,14,0,4,1,-6.08958465924152,-78.9589353728973,0,4,7,1,2,1,1,0,1148.1993629007065,2.0,2,0,1.0,1,20,140.15119198614178,0.4987348193775071,74.3715559588595,60.99164680056598,6.958690808797245,836.6149417554004,45035.43202175348,3969.2299105086367,585.0105947700986,753.9774492283564,2630.241866510182,775.6437323827015,3193.586178125935,19.775526276733103,5,2,0,0,3,28.28233106200225,27.932604408728906,28.63205771527559,1.0,0.2331511021822269,0.2331511021822269,0.2331511021822269,2,0,0.7668488978177731,0.0,0.2331511021822269,0.0,1.0,0.0,0.2331511021822269,0.7668488978177731,0.2331511021822269,0.7668488978177731,15,3,2021,9,25,0,0,1,0,1,0,1,GRAVE_LESIONADOS,1
3,2,19,1,2,3,-5.169730930510719,-80.62935649378407,0,4,7,1,2,1,1,1,5138.166036459166,2.0,3,2,1.0,10,29,920.3227475572553,0.6485127579782912,79.13288945161692,76.08549743791556,10.982606666975725,1098.6197830627598,173790.60397225077,8965.846000060003,1782.4120000599992,636.9959999999999,6546.438000000004,2214.505000059999,6751.341000000004,24.699342371541725,6,2,0,0,4,38.4390052014972,28.560882407272135,48.317127995722274,1.0,0.7317127995722273,0.0,0.26828720042777265,2,0,0.0,0.0,0.0,1.0,0.7317127995722273,0.26828720042777265,0.26828720042777265,0.7317127995722273,0.26828720042777265,0.0,19,1,2021,3,6,3,0,0,0,1,0,1,GRAVE_LESIONADOS,1
4,1,3,0,4,0,-16.241349803897986,-71.60448610970377,4,4,0,0,2,1,1,0,6583.009626878203,2.0,3,2,1.0,11,32,1369.0437049895113,0.5976772397391741,77.8182012956131,69.58723452384025,8.637564916644763,1072.3568847117133,7854.3416644330555,10322.272,1495.236,1749.739,7077.2970000000005,2886.595,7435.677000000001,27.964725207783708,23,1,0,0,22,41.00230026260585,36.09195466482084,45.91264586039086,1.0,0.0,0.0,0.40919546648208416,1,0,0.0,0.40919546648208416,0.40919546648208416,0.5908045335179158,0.0,0.5908045335179158,0.40919546648208416,0.0,0.0,0.0,7,1,2022,7,14,3,0,0,0,1,0,1,GRAVE_LESIONADOS,1
6,1,19,0,4,1,-5.155585507131252,-80.5537552202066,1,4,7,0,2,2,2,0,2764.333771626146,2.2785508428904278,2,0,1.0,0,22,528.4587058722415,0.615859839334291,79.70194424338398,72.59178606807292,9.937506057188138,1014.2642748836885,166535.63843282225,8965.846000060003,1782.4120000599992,636.9959999999999,6546.438000000004,2214.505000059999,6751.341000000004,24.699342371541725,4,1,0,0,3,28.0,28.0,28.0,1.0,0.0,0.0,1.0,1,0,0.0,0.0,0.0,1.0,0.0,0.278550842890428,0.721449157109572,0.278550842890428,1.0,0.0,6,1,2021,10,4,4,0,0,0,1,0,1,GRAVE_LESIONADOS,1
5,1,20,0,4,1,-15.08281161682689,-70.35216906837104,0,4,6,1,6,2,2,1,6604.82151208295,2.0,3,3,1.0,13,31,1198.0,0.3331898229548954,75.92990870676809,75.595304868414,6.353505536295198,253.92539122195632,4953.2543722598575,13642.312999999998,2020.7790000000005,2354.117,9267.416999999998,3314.0520000000006,10328.260999999997,24.29244952817019,5,1,0,0,4,34.882557857813595,34.82383678672039,34.9412789289068,1.0,0.941278928906798,0.0,0.941278928906798,1,0,0.0,0.058721071093202015,0.058721071093202015,0.941278928906798,0.0,0.0,1.0,0.0,0.0,0.0,12,3,2022,6,19,0,0,0,2,1,0,1,GRAVE_LESIONADOS,1
6,1,7,0,4,0,-14.061498641061892,-71.80533766091412,0,4,0,0,1,2,2,2,6543.555,2.0,4,4,1.0,14,33,1198.0,0.20302992516852864,65.20283752439583,43.03222937427634,3.750693136557084,175.42208089353664,6627.911464727551,17779.13499998999,2097.3709999899997,2863.123,12818.640999999989,2878.713,14900.421999989989,16.19152450331032,5,1,0,0,4,29.236729301649177,29.236729301649177,29.236729301649177,1.0,0.11836465082458936,0.0,0.8816353491754106,1,0,0.0,0.0,0.0,1.0,0.0,0.0,1.0,0.0,0.0,0.0,13,2,2022,7,7,4,0,0,2,1,0,1,GRAVE_LESIONADOS,1
4,1,14,2,4,4,-12.19072789426331,-76.93903584218465,0,1,4,0,4,2,2,0,6543.555,2.0,4,4,1.0,14,33,1198.0,0.6942897415770033,80.0090293652822,74.13291248090992,9.876039425696781,1420.8295542469073,455811.9581775816,7626.313,1683.4029999999998,1599.0829999999996,4343.827000000001,1814.875,5811.438000000001,23.797541485643197,8,1,0,0,6,38.75826784434963,33.91019010573177,43.60634558296749,1.0,0.4848077738617863,0.0,0.0,1,0,0.0,0.4848077738617863,1.0,0.0,0.5151922261382137,0.0,0.4848077738617863,1.0,0.5151922261382137,0.4848077738617863,7,0,2023,7,24,3,0,1,0,1,0,1,GRAVE_LESIONADOS,1
6,1,4,0,4,0,-13.313827248554949,-74.05136790025135,0,4,0,0,5,1,0,5,7351.787261555805,2.0,2,0,1.0,10,11,1198.0,0.2971664737187593,70.78966532939975,46.03870585468311,5.069196313787455,324.1462858132137,6873.156443265204,12678.733000000004,1805.074000000001,1774.0339999999994,9099.625000000004,2485.375000000001,10193.358000000002,19.602707936195205,4,1,0,0,3,23.676042140620947,23.676042140620947,23.676042140620947,1.0,0.0,0.0,0.0,1,0,0.0,0.0,0.0,1.0,0.0,0.7746526197930176,0.22534738020698242,0.22534738020698242,0.22534738020698242,0.22534738020698242,14,2,2021,5,7,5,0,0,2,1,0,1,GRAVE_LESIONADOS,1
3,2,8,0,4,1,-12.628445866844858,-75.43155176762119,1,2,3,1,2,2,2,2,7172.285607452448,2.0,2,0,1.0,9,16,1381.0234929000694,0.670155848577316,74.60837544606471,76.69611014746646,11.67865967310514,1302.5334370283313,105424.41380677007,10466.504397133569,1751.7997143429566,1697.4307868268893,7017.273895963724,2191.7930574413963,8274.711339692172,21.43943781264106,18,2,0,0,15,35.00378929250576,24.50284196937932,49.62713147703449,1.0,0.562144753827585,0.0,0.562144753827585,2,0,0.0,0.562144753827585,0.437855246172415,0.562144753827585,0.562144753827585,0.562144753827585,1.0,0.0,1.0,0.0,8,1,2022,3,18,2,0,0,1,1,0,1,GRAVE_LESIONADOS,1
5,1,19,0,4,1,-5.171833796391021,-80.54378499234383,0,2,7,0,2,2,2,0,3648.284759982694,2.44729610995446,2,0,1.0,0,24,749.8524962602514,0.6220812987247925,80.20155828147696,72.71675503872983,10.02377668600292,1028.915688621886,159840.92719486082,8965.846000060003,1782.4120000599992,636.9959999999999,6546.438000000004,2214.505000059999,6751.341000000004,24.699342371541725,5,1,0,0,3,39.1824027488615,39.1824027488615,39.1824027488615,1.0,0.0,0.0,1.0,1,0,0.4472961099544599,0.0,0.4472961099544599,0.5527038900455401,0.4472961099544599,0.0,0.5527038900455401,0.0,1.0,0.4472961099544599,5,0,2022,8,11,4,0,0,0,1,0,1,GRAVE_LESIONADOS,1
3,1,4,0,4,0,-15.562195143911348,-72.45736381544995,0,4,7,1,2,1,1,2,6543.555,2.0,4,4,1.0,14,33,1198.0,0.6417289468692304,80.22793435093698,73.59135652808835,9.984709707036604,1129.827941253543,14245.33991104378,10162.729732480413,1476.917905319141,1771.1090012887382,6914.702825872533,2695.287339250149,7467.4423932302625,26.322372667545245,4,1,0,0,2,26.376903500058305,22.376903500058305,30.26216154172011,0.8852580416618081,0.0,0.0,0.8852580416618081,1,0,0.0,0.8852580416618081,0.1147419583381919,0.8852580416618081,0.1147419583381919,0.8852580416618081,0.8852580416618081,0.1147419583381919,0.0,0.1147419583381919,19,2,2021,2,18,4,0,1,0,1,0,1,GRAVE_LESIONADOS,1
3,1,14,2,2,4,-11.858642726770647,-77.07097550067222,0,3,1,0,1,2,2,0,6543.555,2.0,4,4,1.0,14,33,1198.0,0.6632628912836565,79.15155564666024,73.19223743118206,9.629669813837666,1289.452647666346,383699.2119914347,7626.313,1683.4029999999998,1599.0829999999996,4343.827000000001,1814.875,5811.438000000001,23.797541485643197,5,1,0,0,3,29.68920648702423,27.504550632064607,31.87386234198385,1.0,0.12613765801615207,0.0,0.0,1,0,0.0,0.0,0.8738623419838479,1.0,1.0,0.8738623419838479,0.0,1.0,1.0,1.0,3,0,2023,8,23,5,0,0,0,1,0,1,GRAVE_LESIONADOS,1
4,1,4,0,4,0,-13.284122733468612,-73.89229050879271,1,4,0,0,2,2,2,2,7096.0428381664515,2.0,2,1,1.0,11,18,1198.0,0.26718322577751424,73.19823889948748,45.361305501252694,5.0080142812852415,256.22124948507485,6736.956356948495,12678.733000000004,1805.074000000001,1774.0339999999994,9099.625000000004,2485.375000000001,10193.358000000002,19.602707936195205,10,1,0,0,9,37.914506338005296,34.47253784035932,41.35647483565127,1.0,0.0,0.0,0.5295336150224574,1,0,0.0,0.5295336150224574,0.5295336150224574,0.47046638497754256,0.0,0.0,1.0,0.47046638497754256,0.47046638497754256,0.47046638497754256,11,1,2023,4,19,4,0,0,2,1,0,1,GRAVE_LESIONADOS,1
3,1,11,0,4,1,-13.543379307229753,-74.63965996777414,1,2,6,1,3,2,2,0,933.373747971777,-0.19341536506298018,2,2,0.2688615449790066,7,28,163.14271128343265,0.6172655134301275,75.5226177520717,64.77460019560465,9.400061628674603,1206.7926029119856,9179.851646639343,3282.9289998310915,617.8622691297966,636.0187478229741,2029.0479828783207,939.1450790457313,2343.78392078536,28.019688698765698,5,2,0,0,3,46.408092232741424,44.50479991527291,48.31138455020994,1.0,0.0,0.0,0.7311384550209934,2,0,0.0,0.0,0.0,1.0,0.2688615449790066,1.0,0.0,0.0,0.2688615449790066,0.0,13,3,2022,3,21,5,0,0,0,1,0,1,GRAVE_LESIONADOS,1
5,1,14,2,2,4,-11.947476782790144,-77.12106459959634,0,3,6,1,2,2,2,0,6543.555,2.0,4,4,1.0,14,33,1198.0,0.7410944314769,80.31459948077269,78.90728827404105,11.061487940648412,1552.1165564426344,733520.5407094796,7626.313,1683.4029999999998,1599.0829999999996,4343.827000000001,1814.875,5811.438000000001,23.797541485643197,4,1,0,0,3,48.6002988532511,48.38992982864641,48.810667877855785,1.0,0.02103690246046863,0.0,0.0,1,0,0.0,0.02103690246046863,1.0,0.0,0.9789630975395314,0.0,0.02103690246046863,0.02103690246046863,0.9789630975395314,0.02103690246046863,11,1,2023,11,22,6,1,1,0,1,0,1,GRAVE_LESIONADOS,1
3,1,18,1,4,1,-5.948877541558613,-77.98450597216177,0,1,7,1,2,2,2,0,5969.772700063298,2.0,2,0,1.0,6,20,1586.9932316834181,0.4765738174724356,73.84631278431269,55.41015890936004,6.307497938642738,818.2468292670814,46660.91780641029,5039.4163239677,731.9238809189183,888.9207994187815,3418.57164363,927.4720180084646,4111.944305959234,18.61097405942151,5,2,0,0,3,24.470062786349256,20.49444716489809,28.445678407800425,1.0,0.7228392039002123,0.0,0.0,2,0,0.2771607960997877,0.0,0.7228392039002123,0.7228392039002123,1.0,0.0,0.0,1.0,0.7228392039002123,1.0,7,0,2023,9,16,4,0,0,0,1,0,1,GRAVE_LESIONADOS,1
3,1,14,2,2,4,-11.94998315980909,-77.07072041776557,0,0,7,0,1,2,2,0,6543.555,2.0,4,4,1.0,14,33,1198.0,0.7553698850354095,80.47479233481482,79.00526980530896,11.282879897513888,1617.5494724086418,364627.9089086835,7626.313,1683.4029999999998,1599.0829999999996,4343.827000000001,1814.875,5811.438000000001,23.797541485643197,13,1,0,11,0,30.032486596690166,30.032486596690166,30.032486596690166,1.0,0.03248659669016496,0.0,0.0,1,0,0.0,0.0,0.967513403309835,1.0,1.0,0.967513403309835,0.0,0.03248659669016496,1.0,0.03248659669016496,13,2,2024,7,16,2,0,0,0,1,0,1,GRAVE_LESIONADOS,1
3,2,11,0,4,0,-10.772377855430207,-77.60898582071052,0,3,3,1,2,1,1,2,6600.951593019253,2.0,2,1,1.0,11,31,1446.825719581495,0.5013953003972084,79.98763749486305,61.84374486451055,8.175001052522106,691.5264009945902,12655.755756932589,3615.516618695808,624.0714762503386,722.5503744647954,2268.8947679806743,941.1966713094425,2674.3199473863656,25.869817217145318,7,2,0,0,5,42.0960905042892,32.548045252144604,51.6441357564338,1.0,0.5952768411040545,0.0,0.40472315889594546,2,0,0.0,0.0,0.40472315889594546,1.0,0.0,1.0,0.40472315889594546,0.0,0.0,0.0,20,2,2021,6,16,1,0,0,0,1,0,1,GRAVE_LESIONADOS,1
6,1,6,0,4,2,-9.046599488331998,-76.01194191423298,0,4,2,0,1,2,2,2,7103.33270200068,2.0,3,2,1.0,11,27,1628.853802490961,0.434086582861694,75.87459008070783,57.531430223658866,6.27797341761186,593.7184920376495,32985.323929499835,16929.60650849554,1929.8928277042194,1974.9508338086036,13024.762846982716,2473.873551064591,14455.732957430948,14.514220718513968,5,1,0,0,3,42.15677517650926,36.62710070603703,47.68644964698149,1.0,0.4608062058726856,0.0,0.4608062058726856,1,0,0.0,0.5391937941273144,0.0,0.4608062058726856,0.4608062058726856,0.0,0.5391937941273144,0.0,0.0,0.4608062058726856,15,2,2022,7,4,0,0,0,2,1,0,1,GRAVE_LESIONADOS,1
3,1,19,0,4,1,-5.176164608376915,-80.55827299314633,0,3,7,1,2,2,2,0,1468.5403452444943,2.0311853094221957,2,0,1.0,0,20,203.91512596192047,0.6220812987247925,80.20155828147696,72.71675503872983,10.02377668600292,1028.915688621886,159840.92719486082,8965.846000060003,1782.4120000599992,636.9959999999999,6546.438000000004,2214.505000059999,6751.341000000004,24.699342371541725,12,2,0,0,10,41.37422371306634,41.37422371306634,41.37422371306634,1.0,0.0,0.0,1.0,2,0,0.03118530942219555,0.0,0.03118530942219555,0.9688146905778044,0.03118530942219555,0.9688146905778044,0.9688146905778044,0.0,1.0,0.03118530942219555,10,0,2023,8,15,4,0,1,0,1,0,1,GRAVE_LESIONADOS,1
3,2,5,1,4,1,-5.815870884368572,-78.77491431774254,0,3,3,1,2,1,0,0,3843.130561197315,2.0,2,0,1.0,4,20,1053.458100654614,0.5803239946829384,74.49544278598792,68.33065356443184,8.733179344969395,1046.078117086984,102362.46895074946,15935.565011852366,1733.9250000199986,935.692,13265.948011832368,2000.1670000199988,13935.398011832369,12.551591352627522,9,2,0,0,7,38.142081745871224,34.25258977043774,42.03157372130472,1.0,1.0,0.0,0.0,2,0,0.0,1.0,0.0,1.0,0.0,1.0,1.0,0.0,0.48421313934764165,0.0,15,3,2022,9,18,6,1,0,2,1,0,1,GRAVE_LESIONADOS,1
6,1,22,0,4,1,-16.924474611367362,-70.31023931366056,0,4,6,1,2,2,2,2,1504.311888071207,1.9363985636222028,1,0,0.9363985636222026,9,21,198.47356552693287,0.37321611820999534,70.69721275177542,64.15426293141142,6.746472649971767,391.4165170450265,2384.8585167950605,2650.572,630.6729999999998,487.3610000000001,1532.5379999999998,1068.7019999999998,1581.87,40.31967439480987,4,1,0,0,3,39.363985636222026,39.363985636222026,39.363985636222026,1.0,0.0,0.0,1.0,1,0,0.0,0.0,0.0,1.0,0.0,1.0,0.0,0.0,0.0,0.0,13,2,2023,3,5,0,0,0,0,1,0,1,GRAVE_LESIONADOS,1
3,1,3,0,4,1,-15.943514670810572,-71.2076842698553,1,4,3,1,2,2,2,1,1504.4250000000002,2.0,2,0,1.0,7,25,241.0,0.46014208554662434,81.74596583035512,65.41055063876529,5.919816005105282,618.9003063506241,1575.5699150997002,10322.272,1495.236,1749.739,7077.2970000000005,2886.595,7435.677000000001,27.964725207783708,6,2,0,0,4,34.77584398390323,28.86181577464523,40.68987219316123,1.0,0.0,0.0,0.4483120321935383,2,0,0.0,0.0,0.4483120321935383,1.0,0.0,0.5516879678064617,1.0,0.0,0.0,0.0,9,1,2022,6,5,3,0,0,0,1,0,1,GRAVE_LESIONADOS,1
6,1,5,0,4,1,-6.828067727019295,-78.78712137556556,4,4,0,0,6,2,2,0,6736.5880349678555,2.0,3,3,1.0,13,30,1346.575080473945,0.35708439135633696,67.1287938869636,47.60529702474819,5.45708555757794,502.8926156304219,12104.608958851004,15935.565011852366,1733.9250000199986,935.692,13265.948011832368,2000.1670000199988,13935.398011832369,12.551591352627522,5,1,0,0,4,44.41096170616102,44.41096170616102,44.41096170616102,1.0,0.0,0.0,0.0,1,0,0.0,0.15890382938389858,0.0,0.8410961706161014,0.0,0.8410961706161014,0.15890382938389858,0.0,0.0,0.0,16,1,2022,3,15,5,0,0,2,1,0,1,GRAVE_LESIONADOS,1
3,2,20,2,5,4,-6.046508914468543,-76.98102661234215,0,0,1,1,2,2,2,1,6543.555,2.0,4,4,1.0,14,33,1198.0,0.5296071216597901,72.49330830962657,60.549951721042554,7.7630037346871905,952.5276504721164,86468.19417608673,5638.250284086452,814.1307411744118,964.4297572694363,3859.689785642603,1012.4291174407447,4625.821166645706,17.95933673036617,4,2,0,0,2,20.536233230763443,17.04411002005984,24.02835644146704,1.0,0.9968492842814399,0.0,0.003150715718560071,2,0,0.0,0.003150715718560071,0.0,1.0,1.0,0.0,0.003150715718560071,0.9968492842814399,1.0,1.0,22,1,2023,5,19,5,0,1,0,1,0,1,GRAVE_LESIONADOS,1
3,1,14,0,2,4,-12.177339246522488,-76.92163857615827,0,3,2,0,1,2,2,2,6543.555,2.0,4,4,1.0,14,33,1198.0,0.6937866995199075,79.99455145009541,74.10624479595982,9.862469774046096,1419.595320951021,455457.89967307,7626.313,1683.4029999999998,1599.0829999999996,4343.827000000001,1814.875,5811.438000000001,23.797541485643197,8,1,0,0,6,30.56965682631093,26.266225089420203,34.873088563201655,1.0,1.0,0.0,0.5696568263109275,1,0,0.0,1.0,0.4303431736890725,0.0,0.0,0.0,1.0,1.0,0.5696568263109275,0.4303431736890725,13,2,2021,2,23,4,0,1,0,1,0,1,GRAVE_LESIONADOS,1
5,1,1,2,4,2,-10.577656554293315,-76.61399721024335,3,4,4,0,2,1,0,0,6543.555,2.0,4,4,1.0,14,33,1198.0,0.35985896800937867,74.24434017391364,57.19031917304563,5.073658342739862,455.0841988843448,15763.820740229843,11379.766122304387,1859.4426238864287,1399.3058606221064,8121.017637795854,2223.668265421006,9156.097856883383,19.5370106608347,6,1,0,0,4,43.87522012005212,37.757908802522806,49.992531437581434,0.6797012575032575,0.3202987424967425,0.0,0.0,1,0,0.0,0.6797012575032575,0.0,1.0,0.0,1.0,0.6797012575032575,0.0,0.0,0.0,12,2,2022,5,9,3,0,0,0,1,0,1,GRAVE_LESIONADOS,1
6,1,8,0,4,2,-12.976593064805437,-74.81747981064129,0,4,6,0,1,2,2,0,6543.555,2.0,4,4,1.0,14,33,1198.0,0.40666521457662824,68.99140816615625,59.87166306709964,6.186088779743569,562.1096670521089,2456.705558436774,8511.426,1445.3929999999996,2008.516,5057.516999999999,1879.579,6631.846999999998,22.08300935706896,8,1,0,0,7,36.13306593903998,36.13306593903998,36.13306593903998,1.0,0.0,0.0,0.0,1,0,0.0,0.0,0.0,0.09334670304800108,0.0,0.0,1.0,0.0,0.0,0.0,12,3,2024,7,21,3,0,0,2,1,0,1,GRAVE_LESIONADOS,1
3,1,15,1,2,3,-12.68453470545039,-75.64945634989665,0,0,7,1,2,2,2,2,5579.861050108645,2.0,3,3,1.0,12,31,1014.9812824741518,0.6626899183011817,77.64307229494774,75.332057719608,10.03685942411183,1282.7448655448304,250877.24562932766,8776.825648521946,1747.9235045391854,1743.4773096848598,5285.424834297901,2101.5808013419523,6675.244847179994,23.892188753392954,5,2,0,0,3,40.78686319361418,31.956210645380608,49.617515741847754,1.0,0.0,0.0,0.0,2,0,0.0,0.0,0.8087578709238786,1.0,0.0,0.19124212907612137,1.0,0.0,0.0,0.0,11,1,2021,2,20,1,0,1,0,1,0,1,GRAVE_LESIONADOS,1