CLASE SINIESTRO,CANTIDAD DE VEHICULOS DAÑADOS,DEPARTAMENTO,ZONA,TIPO DE VÍA,RED VIAL,COORDENADAS LATITUD,COORDENADAS  LONGITUD,CONDICIÓN CLIMÁTICA,ZONIFICACIÓN,CARACTERÍSTICAS DE VÍA,PERFIL LONGITUDINAL VÍA,SUPERFICIE DE CALZADA,¿EXISTE SEÑAL VERTICAL?,¿EXISTE SEÑAL HORIZONTAL?,CAUSA FACTOR PRINCIPAL,MTC_RVN_LONGITUD_KM,MTC_RVN_N_CARRILES_MEDIANA,MTC_RVN_SUPERFICIE_DOMINANTE,MTC_RVN_ESTADO_DOMINANTE,MTC_RVN_ES_CONCESIONADA,MTC_RVN_CONCESION_PRINCIPAL,MTC_RVN_CORREDOR_LOGISTICO,MTC_RVN_N_TRAMOS,IDH_2019,IDH_ESP_VIDA_2019,IDH_EDUC_SECUND_PCT_2019,IDH_ANIOS_EDUC_2019,IDH_INGRESO_PERCAP_2019,IDH_POBLACION_2019,MTC_DEP_RED_TOTAL_KM,MTC_DEP_NACIONAL_TOTAL_KM,MTC_DEP_DEPARTAMENTAL_TOTAL_KM,MTC_DEP_VECINAL_TOTAL_KM,MTC_DEP_PAV_TOTAL_KM,MTC_DEP_NO_PAV_TOTAL_KM,MTC_DEP_PCT_PAVIMENTADA,PER_TOTAL_PERSONAS,PER_N_CONDUCTORES,PER_N_CONDUCTORES_FUGADOS,PER_N_PEATONES,PER_N_PASAJEROS_OCUPANTES,PER_EDAD_COND_PROM,PER_EDAD_COND_MIN,PER_EDAD_COND_MAX,PER_ANY_COND_MASCULINO,PER_ANY_LIC_PROBLEMA,PER_ANY_DOSAJE_POS,PER_ANY_DOSAJE_EVALUADO,VEH_TOTAL,VEH_N_FUGADOS,VEH_ANY_FUGADO,VEH_ANY_CARGA,VEH_ANY_PUBLICO,VEH_ANY_PARTICULAR,VEH_ANY_MOTO,VEH_ANY_AUTO,VEH_ANY_CAMION_BUS,VEH_ANY_SOAT_PROBLEMA,VEH_ANY_CITV_PROBLEMA,VEH_ANY_SEGURO_PROBLEMA,HORA_NUM,FRANJA_HORARIA,ANIO,MES,DIA_MES,DIA_SEMANA,ES_FIN_SEMANA,ES_QUINCENA,REGION_NATURAL,TIENE_SEÑALIZACION,ES_VIA_MULTICARRIL,ES_DEPTO_BAJO_PAVIMENTO,CATEGORIA_SEVERIDAD,CATEGORIA_SEVERIDAD_ENC
4,1,6,1,2,3,-13.063339587433177,-73.90082403771703,0,3,2,0,3,2,2,0,6543.555,2.0,4,4,1.0,14,33,1198.0,0.4401759839147755,76.07134888539255,55.77670115209857,7.319086365838655,671.3513576665315,12923.138956287066,9787.547442334046,1433.8407645693464,1821.3630571486078,6532.34362061609,2245.405014029588,7542.142428304457,22.46018870304369,8,1,0,0,6,25.76943011764817,24.230857830065855,27.308002405230486,1.0,0.0,0.0,0.0,1,0,0.0,0.0,0.6154289150329266,1.0,0.0,0.6154289150329266,1.0,0.0,0.0,0.0,14,2,2022,10,27,4,0,1,0,1,0,1,GRAVE_LESIONADOS,1
4,2,11,0,4,0,-9.710967839159288,-78.09537876332016,1,3,7,1,2,2,2,0,6582.673984779527,2.0,3,2,1.0,11,32,1367.5886293076362,0.6155537060694841,80.27951632272634,71.70736500136258,9.045341194178858,1067.1882391627983,28500.74886722331,3565.8948648178466,589.3580482137116,712.0982819204892,2264.4385346836457,865.4573867526491,2700.4374780651974,24.105693272828404,10,2,0,0,8,41.09428557581905,33.537141334009576,48.65142981762853,1.0,0.4057144241809477,0.0,0.4057144241809477,2,0,0.0,0.5942855758190523,0.0,1.0,0.4057144241809477,0.0,1.0,0.0,0.0,0.0,7,1,2022,3,24,2,0,1,0,1,0,1,GRAVE_LESIONADOS,1
6,1,10,0,4,1,-13.381963912615634,-76.20491986139693,0,4,7,1,2,2,2,0,6639.975,2.0,2,0,1.0,9,31,1616.0,0.5736744275518083,81.67473861808857,68.1608574885675,9.138785887908334,865.1176766860625,26660.92933618844,3721.461,698.1859999999996,744.866,2278.409,1102.9029999999996,2618.558,29.636290693359403,5,1,0,0,4,20.944894393977773,20.944894393977773,20.944894393977773,1.0,0.0,0.0,0.0,1,0,0.0,0.0,0.0,1.0,0.0,0.9589176350444447,0.041082364955555284,0.0,0.041082364955555284,0.0,6,1,2022,4,24,1,0,0,0,1,0,1,GRAVE_LESIONADOS,1
4,0,11,0,4,1,-11.821530642226117,-75.58828736023514,4,1,7,0,2,1,1,0,475.64921436298994,2.0,0,1,0.34728847430569776,6,25,60.704117248631874,0.5852564837789496,73.3593086598319,68.73736184772586,9.417453559892975,1077.1472961698994,2268.8350108204877,12264.545,1826.4639999999995,1105.5389999999998,9332.542,1588.5359999999996,10676.009,12.952261987705208,6,1,0,0,4,45.46431712256738,44.48524983402593,46.44338441110884,1.0,0.0,0.0,0.0,1,0,0.0,0.34728847430569776,0.0,0.6527115256943022,0.0,0.6527115256943022,1.0,0.0,0.34728847430569776,0.0,9,1,2021,2,19,3,0,0,2,1,0,1,GRAVE_LESIONADOS,1
3,1,14,0,3,1,-11.807685167063777,-77.0054912459964,0,3,5,1,1,1,0,1,2532.5550677785004,2.0,2,3,0.2652285225026746,10,25,1070.8845343929627,0.6534216997666051,78.92974149523505,73.86993871147558,9.327089478309368,1257.877269904926,363974.2889852701,7626.313,1683.4029999999998,1599.0829999999996,4343.827000000001,1814.875,5811.438000000001,23.797541485643197,7,2,0,0,5,29.5,21.121828180021396,37.878171819978604,1.0,0.7347714774973254,0.0,0.0,2,0,0.0,0.0,1.0,0.2652285225026746,1.0,0.2652285225026746,0.7347714774973254,1.0,1.0,1.0,5,0,2023,4,27,2,0,1,0,1,0,1,GRAVE_LESIONADOS,1
3,2,20,0,4,1,-15.932706341395857,-69.8497349480749,0,4,4,1,2,2,2,2,7586.903,2.0,2,0,1.0,9,5,1198.0,0.3075460526124021,65.71163397330167,72.09738320592571,6.878867877902778,247.3239523201097,6738.6528953357665,13642.312999999998,2020.7790000000005,2354.117,9267.416999999998,3314.0520000000006,10328.260999999997,24.29244952817019,12,2,0,0,10,40.20395711640661,28.569544230282567,51.83837000253066,1.0,0.0,0.6860911539434869,0.6860911539434869,2,0,0.0,0.31390884605651315,0.31390884605651315,0.6860911539434869,0.6860911539434869,0.6860911539434869,0.31390884605651315,0.0,0.6860911539434869,0.6860911539434869,12,3,2022,8,21,4,0,0,2,1,0,1,GRAVE_LESIONADOS,1
6,1,4,0,4,1,-13.3698338062378,-74.77170850978573,0,4,4,0,2,1,0,2,1679.7446200186941,1.9487904976919181,1,2,0.9487904976919181,9,24,314.4879049769192,0.25622811942358636,77.8134888740867,42.73293995535143,4.078295652679773,215.58056199154697,3809.235053876406,12678.733000000004,1805.074000000001,1774.0339999999994,9099.625000000004,2485.375000000001,10193.358000000002,19.602707936195205,5,1,0,0,4,39.59032398153535,39.59032398153535,39.59032398153535,1.0,0.0,0.0,0.051209502308081856,1,0,0.0,0.0,0.0,0.0,0.051209502308081856,0.9487904976919181,0.0,0.051209502308081856,0.051209502308081856,0.051209502308081856,9,1,2022,7,27,3,0,0,2,1,0,1,GRAVE_LESIONADOS,1
5,1,13,1,4,0,-11.231980312411324,-77.41232394062051,0,2,7,1,2,2,2,0,6614.129890192952,2.0,2,1,1.0,10,31,1503.9562756757293,0.6039365641669917,77.45592615025117,68.22498345261839,9.308676014487139,1069.22540746597,19204.823320984455,7976.252623830624,1590.1727036162736,1689.388097427863,4696.691822786487,1655.2352088016542,6321.01741502897,21.07786508396885,6,2,0,0,3,45.39171687572817,33.07218874951455,66.49467875339815,1.0,0.0,0.0,0.0,2,0,0.0,1.0,0.0,0.0,0.0,0.26804718737863775,1.0,0.0,0.26804718737863775,0.7319528126213622,7,1,2022,8,5,1,0,0,0,1,0,1,GRAVE_LESIONADOS,1
3,2,14,0,4,0,-6.732297791643219,-79.13174029353665,2,4,6,1,2,2,2,2,6772.582217918342,2.0,3,3,1.0,13,30,1374.2793468931777,0.4691291152849127,79.77193336140144,60.08334807500263,7.987734216946981,604.5823721399104,10500.790954341726,3871.7218206106527,571.6248577313472,741.6823311479711,2558.4146317313343,761.8101741000819,3109.911646510571,19.881632335330398,8,2,0,0,6,29.659869212969113,26.18853406084832,33.13120436508991,1.0,0.18853406084831825,0.0,0.8114659391516817,2,0,0.0,0.0,1.0,1.0,0.0,1.0,0.8114659391516817,0.0,0.0,0.0,16,1,2021,2,11,1,0,0,0,1,0,1,GRAVE_LESIONADOS,1
5,1,4,0,4,0,-14.095620709430184,-74.92999059563736,0,4,5,0,6,1,1,0,6601.314554283056,2.0,3,3,1.0,13,31,1198.0,0.4617259683810287,66.96654580803953,66.27098762473344,7.146951084271117,729.9012116880818,810.0672536989681,12655.803628141917,1806.2581464843136,1737.0262391757574,9112.519242481847,2435.7261571367744,10220.077471005143,19.234540465928013,4,1,0,0,3,34.304478993161254,34.22143926775364,34.38751871856887,1.0,0.0,0.0,0.05535981693840952,1,0,0.0,0.9446401830615905,0.0,0.05535981693840952,0.0,0.05535981693840952,0.9446401830615905,0.0,0.9446401830615905,0.0,17,2,2023,6,8,5,0,0,2,1,0,1,GRAVE_LESIONADOS,1
8,1,11,1,4,1,-14.759617557869419,-71.99693552187674,0,4,3,0,2,1,0,3,7025.455520416981,2.0,3,2,1.0,11,20,1198.0,0.2106690121688112,71.5043416852148,50.274599390849744,4.4824894500347385,138.3283278216516,16451.283191051523,13123.790357145837,1904.703607529363,2041.9621501330748,9177.1245994834,2868.1234957632387,10255.666861382599,21.76880104587089,5,1,0,0,4,35.77127393976112,35.77127393976112,35.77127393976112,0.46187898996018684,0.5381210100398132,0.0,0.0,1,0,0.0,0.0,0.46187898996018684,0.5381210100398132,0.0,0.5381210100398132,0.46187898996018684,0.0,0.0,0.0,8,0,2022,3,14,2,0,0,2,1,0,1,GRAVE_LESIONADOS,1
3,1,23,0,4,0,-3.608808273383018,-80.43094251286931,6,4,6,1,5,2,2,0,6543.555,2.0705500637098946,3,3,1.0,13,32,1217.5423676476407,0.553102744486219,75.01940190151733,65.29286088647557,8.400244686707243,943.5388236972354,4423.7582792283365,1009.101,138.47399999999996,287.471,583.156,276.972,732.129,27.447401201663663,4,2,0,0,2,36.98770089193852,36.56440050967916,37.41100127419789,1.0,0.9294499362901054,0.9294499362901054,1.0,2,0,0.0,0.0,0.07055006370989458,1.0,0.9294499362901054,1.0,0.07055006370989458,0.9294499362901054,0.9294499362901054,0.0,19,1,2021,8,8,5,1,0,0,1,0,1,GRAVE_LESIONADOS,1
6,1,9,0,4,1,-9.82378778309094,-76.21945977562085,1,4,0,0,1,1,1,0,6543.555,2.065967008869361,3,3,1.0,13,32,1216.272861456813,0.33058064389771286,76.57055338602956,46.69055768510434,4.116792273963654,425.43482102489247,19340.185175070426,8170.615121383434,1356.5615055786106,845.2193686605143,5968.834247144308,1109.665147168509,7060.949974214925,13.629012067770356,7,1,0,0,6,41.85757111530169,41.85757111530169,41.85757111530169,1.0,0.0,0.0,0.0,1,0,0.0,0.0,0.06596700886936069,0.9340329911306393,0.0,0.9340329911306393,0.06596700886936069,0.0,0.9340329911306393,0.0,18,2,2021,6,28,3,0,1,1,1,0,1,GRAVE_LESIONADOS,1
5,1,13,0,4,1,-7.6567653839739,-79.14493348037936,0,4,7,0,2,1,1,1,5024.855847276995,1.2990538416721709,3,3,0.7663512805573902,12,32,926.2665392882449,0.49584857575476976,76.44681759022073,53.762076112504076,6.687498743578121,854.4062609811128,69552.07867005834,8939.776262152021,1439.9893881328044,1632.4763508774029,5867.310523141815,1451.8352710084262,7487.940991143596,16.232646917595268,6,1,0,0,5,28.0,28.0,28.0,1.0,0.7663512805573902,0.0,0.2336487194426098,1,0,0.0,0.0,0.2336487194426098,0.7663512805573902,0.2336487194426098,0.7663512805573902,0.0,0.2336487194426098,1.0,0.2336487194426098,9,1,2023,7,25,4,0,0,0,1,0,1,GRAVE_LESIONADOS,1
4,1,10,0,4,1,-8.05160003833357,-78.3413602450174,0,4,4,0,1,2,2,1,6543.555,2.657949911204592,2,1,1.0,4,31,1380.2521254036722,0.40444631115494784,78.24728342860132,52.192747890126256,4.92285325874081,677.7621763737527,24722.066452205672,8684.604115271259,1334.8675902124637,1544.6756461175212,5805.060878941273,1164.7691133415722,7519.835001929685,13.3980168134496,7,1,0,0,5,43.36820035518163,34.15690159831734,52.57949911204592,1.0,0.6579499112045923,0.0,0.0,1,0,0.0,0.34205008879540766,0.6579499112045923,0.6579499112045923,0.6579499112045923,0.0,1.0,0.0,0.34205008879540766,0.6579499112045923,8,1,2023,3,13,1,0,0,0,1,0,1,GRAVE_LESIONADOS,1
3,1,14,1,2,3,-11.932117101653754,-77.06338883950203,0,1,7,1,2,1,1,0,5582.2335238679825,2.0,3,3,0.8238963816246643,13,31,1167.534074021067,0.7393389355280864,80.22520951334626,78.30481282392404,10.964958718515119,1561.2792951260749,362731.3424855869,7626.313,1683.4029999999998,1599.0829999999996,4343.827000000001,1814.875,5811.438000000001,23.797541485643197,7,2,0,0,5,41.44649753355763,39.59740954061661,43.295585526498655,1.0,0.17610361837533572,0.0,0.0,2,0,0.0,0.0,1.0,0.8238963816246643,0.17610361837533572,0.8238963816246643,1.0,0.17610361837533572,1.0,0.17610361837533572,13,2,2022,5,22,1,0,1,0,1,0,1,GRAVE_LESIONADOS,1
3,2,12,0,4,1,-7.1853392382300365,-79.47695919216876,0,4,7,1,2,2,2,1,6543.555,2.352480204429837,3,2,1.0,9,31,1295.637016627065,0.5114727232493018,78.60606800160349,61.153108160372966,6.422343227671115,862.4189512831092,24701.19700214133,8931.828000000005,1335.5899999999997,1935.9830000000004,5660.255000000005,1219.309,7712.519000000005,13.651281686122925,4,2,0,0,2,30.770237546841958,24.295039591140327,37.245435502543586,1.0,0.35248020442983685,0.0,0.0,2,0,0.0,0.0,1.0,0.35248020442983685,1.0,0.0,0.0,0.35248020442983685,0.0,0.0,18,2,2021,2,9,4,0,0,0,1,0,1,GRAVE_LESIONADOS,1
6,1,8,0,4,1,-13.135171290359677,-75.53344934033467,0,4,6,0,2,0,1,0,1488.920966246029,1.0310556028257087,1,3,0.03105560282570885,9,16,271.3975021271569,0.3410220098054981,69.04856224638006,47.51681013786435,6.192063968564053,385.8404325416125,1201.0537074804686,8511.426,1445.3929999999996,2008.516,5057.516999999999,1879.579,6631.846999999998,22.08300935706896,4,1,0,0,3,35.06211120565142,35.06211120565142,35.06211120565142,1.0,0.9689443971742911,0.0,0.0,1,0,0.0,0.0,0.0,1.0,0.0,1.0,0.0,0.0,0.0,0.0,10,1,2021,7,2,0,0,0,2,1,0,1,GRAVE_LESIONADOS,1
3,1,14,0,4,1,-11.19107281879261,-77.56117288662301,0,4,7,0,2,2,2,2,6543.555,3.0,2,0,1.0,0,30,1475.0,0.7327345537337897,78.20903814342847,76.31492653513806,13.642917835589472,1405.6698219039215,62016.21841541756,7626.313,1683.4029999999998,1599.0829999999996,4343.827000000001,1814.875,5811.438000000001,23.797541485643197,4,1,0,0,3,39.926768713256244,30.28833641708183,49.56520100943066,0.7139579478647715,0.0,0.0,1.0,1,0,0.0,0.0,0.0,1.0,0.0,1.0,0.7139579478647715,0.0,0.0,0.0,18,1,2023,7,17,1,0,1,0,1,1,1,GRAVE_LESIONADOS,1
6,1,3,0,4,1,-16.052423784702608,-72.03126498273654,0,4,0,0,6,1,1,0,6550.81941686408,2.0,3,3,1.0,13,32,1229.4927011946208,0.4364491463456409,74.58830661457057,46.30969852401534,6.388107814927444,679.1538007666409,777.9464637343256,10322.272,1495.236,1749.739,7077.2970000000005,2886.595,7435.677000000001,27.964725207783708,8,1,0,0,7,29.828755294595286,29.828755294595286,29.828755294595286,1.0,0.9246586095822468,0.0,0.0,1,0,0.0,0.9246586095822468,0.07534139041775323,0.0,0.0,0.0,1.0,0.0,0.9246586095822468,0.0,17,1,2022,7,14,0,0,0,0,1,0,1,GRAVE_LESIONADOS,1
3,2,3,1,4,1,-16.693630307930142,-71.78692758432165,0,3,7,1,2,0,0,0,1500.223447988502,1.482868107989362,3,1,0.48286810798936197,9,32,294.2278086259681,0.6662594296481996,76.64530549154391,77.83582319748378,10.797966015633522,1241.4645135242572,22101.589820597732,10322.272,1495.236,1749.739,7077.2970000000005,2886.595,7435.677000000001,27.964725207783708,9,2,0,0,7,44.68845081211702,28.93147243195745,60.44542919227659,1.0,0.48286810798936197,0.0,0.48286810798936197,2,0,0.0,0.0,0.517131892010638,0.48286810798936197,0.48286810798936197,0.48286810798936197,0.517131892010638,0.48286810798936197,0.48286810798936197,1.0,17,2,2023,5,14,2,0,0,0,1,0,1,GRAVE_LESIONADOS,1
6,1,13,0,4,1,-11.49680286554422,-76.58761965615919,0,4,4,0,6,2,2,0,6665.693921155801,2.0,3,3,1.0,13,29,1198.0,0.49861577394715273,79.79709055923078,60.31441900461453,8.231805479598298,681.7808029330836,1066.9641780227898,7729.928233767615,1655.5404990661866,1647.0130338004026,4427.374700901027,1822.4495357775784,5907.478697990037,23.59683078847311,4,1,0,0,3,68.53174234807256,68.53174234807256,68.53174234807256,1.0,0.0,0.0,0.0,1,0,0.0,0.0,0.0,1.0,0.0,0.11706441298186265,0.8829355870181373,0.0,0.0,0.0,6,1,2024,3,25,1,0,1,0,1,0,1,GRAVE_LESIONADOS,1
4,1,10,0,4,1,-15.128491557302127,-75.04091217692813,0,4,3,0,2,1,0,0,3599.9414902297485,2.0,2,0,1.0,6,29,870.04897756979,0.5563774842369664,77.00938809632027,69.10246351364754,8.476961866273152,914.8835608305218,27932.19700214133,3721.461,698.1859999999996,744.866,2278.409,1102.9029999999996,2618.558,29.636290693359403,5,1,0,0,4,56.70053443225117,46.401068864502335,67.0,1.0,0.5281777214230171,0.0,0.5281777214230171,1,0,0.0,0.5281777214230171,0.0,1.0,0.0,1.0,0.5281777214230171,0.0,0.0,0.0,12,0,2023,3,22,5,1,1,0,1,0,1,GRAVE_LESIONADOS,1
6,1,12,0,4,0,-8.80367808513381,-78.49966273139698,0,4,6,1,1,2,2,0,6543.555,2.8731271719369067,2,0,1.0,1,30,1439.856226626523,0.48449352790599987,76.92420071769163,51.5801599223912,6.218706913579384,845.3602041892701,9788.195317840005,8931.828000000005,1335.5899999999997,1935.9830000000004,5660.255000000005,1219.309,7712.519000000005,13.651281686122925,4,1,0,0,3,40.0969075790536,40.0969075790536,40.0969075790536,1.0,0.0,0.0,0.0,1,0,0.0,0.1268728280630933,0.0,0.8731271719369067,0.0,0.8731271719369067,0.1268728280630933,0.0,0.0,0.0,7,1,2021,3,17,4,0,0,0,1,0,1,GRAVE_LESIONADOS,1
4,1,13,0,4,1,-6.623972996935651,-79.70760680474558,0,4,7,1,2,2,2,0,1147.8437698426142,2.0,2,1,0.592493479176405,4,14,185.41285864529772,0.4926875901023742,77.9831737223377,61.98212185473654,7.164175174166132,728.9725051605966,18434.16403258546,3459.691,515.0619999999999,689.7280000000001,2254.901,703.3549999999999,2756.336,20.329994788551925,5,2,0,0,3,36.74262389564831,30.63002608329438,42.85522170800223,1.0,0.40750652082359495,0.0,0.0,2,0,0.592493479176405,0.40750652082359495,0.592493479176405,0.40750652082359495,1.0,0.0,0.40750652082359495,1.0,1.0,1.0,1,0,2022,10,14,0,0,0,0,1,0,1,GRAVE_LESIONADOS,1
3,2,14,0,4,1,-11.325358759102572,-77.17167619654839,0,4,3,1,2,2,2,2,1091.0362120912594,0.4474791815829888,0,0,0.5175069394723371,9,16,420.098773503355,0.6152986595384452,77.61070393320672,64.2668983224078,7.537204195153132,1322.7880768750288,22768.02130588451,7626.313,1683.4029999999998,1599.0829999999996,4343.827000000001,1814.875,5811.438000000001,23.797541485643197,6,2,0,0,4,46.332631849974405,34.9726873657531,57.69257633419571,1.0,0.0,0.0,1.0,2,0,0.0,0.48249306052766294,0.0,0.5175069394723371,0.0,1.0,0.48249306052766294,0.0,0.0,0.0,11,1,2021,8,8,4,0,0,0,1,0,1,GRAVE_LESIONADOS,1
6,1,10,0,4,1,-12.020641506410337,-75.70124416330866,0,4,1,0,3,2,2,0,7193.117796178038,2.0,2,1,1.0,10,15,1198.0,0.3962094620084206,76.10934998854941,53.11082066839686,6.237188620188787,493.3336785774549,2325.5317378586797,8177.362578101966,1535.2238295618192,1853.9859128608691,4788.152835679278,1855.1581185413722,6322.204459560594,22.730115963599005,4,1,0,0,3,66.50969840866887,66.50969840866887,66.50969840866887,1.0,0.0,0.0,0.0,1,0,0.0,0.0,0.0,1.0,0.0,0.6225753978327817,0.3774246021672183,0.0,0.0,0.0,9,2,2023,7,25,3,0,1,1,1,0,1,GRAVE_LESIONADOS,1
6,1,4,0,4,1,-13.60321094040905,-74.13908374255014,0,4,0,0,7,1,1,2,6554.037497589597,2.0,3,3,1.0,13,32,1198.0,0.4005137011996977,75.49581223245565,58.19246222314014,6.049967626716184,485.9142171934526,6414.851439888613,12678.733000000004,1805.074000000001,1774.0339999999994,9099.625000000004,2485.375000000001,10193.358000000002,19.602707936195205,5,1,0,0,4,36.85934226523236,36.85934226523236,36.85934226523236,0.010046981054831594,0.0,0.0,0.9899530189451684,1,0,0.0,0.0,0.0,1.0,0.0,0.010046981054831594,0.9899530189451684,0.0,0.0,0.0,15,3,2022,6,28,5,1,0,2,1,0,1,GRAVE_LESIONADOS,1
6,1,4,0,4,0,-13.293993047238287,-73.73334782724099,0,4,1,0,1,2,2,2,6543.555,2.0,4,4,1.0,14,33,1198.0,0.24115851277546313,77.84904719695356,46.70586858631816,5.106437376907277,183.02260287850802,6436.137520773419,12678.733000000004,1805.074000000001,1774.0339999999994,9099.625000000004,2485.375000000001,10193.358000000002,19.602707936195205,4,1,0,0,3,29.896809833107284,29.896809833107284,29.896809833107284,1.0,0.1948404916553641,0.0,0.1948404916553641,1,0,0.0,0.1948404916553641,0.0,0.8051595083446359,0.0,0.0,1.0,1.0,0.8051595083446359,0.8051595083446359,6,0,2021,8,27,3,0,1,2,1,0,1,GRAVE_LESIONADOS,1
4,1,3,0,4,1,-15.970304598508013,-72.0807312502304,2,4,2,0,3,0,1,0,6592.600919755033,2.0,2,1,1.0,11,31,1410.6238794607293,0.5126953492977457,77.30405428418436,61.72408203467561,7.5356145125181175,828.4798726861948,1491.877359095531,10322.272,1495.236,1749.739,7077.2970000000005,2886.595,7435.677000000001,27.964725207783708,27,1,0,0,26,43.930643455297044,43.930643455297044,43.930643455297044,1.0,0.4913304319121309,0.0,0.0,1,0,0.0,0.0,0.5086695680878691,0.4913304319121309,0.0,0.0,1.0,0.0,0.0,0.0,13,0,2023,3,14,3,0,0,0,1,0,1,GRAVE_LESIONADOS,1
3,1,2,0,4,0,-15.401965914739518,-71.86781072218065,0,4,0,0,2,0,0,0,6543.555,2.0,4,4,1.0,14,33,1198.0,0.5534718943028599,77.30015913785665,62.08836554217296,8.369827005313887,936.5917941986733,7746.13249154178,10344.316525753678,1514.5310480963924,1723.6534860215827,7106.131991635703,2847.6783263065804,7496.638199447098,27.546051002016632,5,1,0,0,4,32.38590027550423,30.484893152325956,34.286907398682494,1.0,0.0,0.0,0.0,1,0,0.0,0.0,0.0,0.9505035615891348,0.0,0.9505035615891348,1.0,0.0,0.04949643841086515,0.0,13,2,2021,11,24,4,0,0,0,1,0,1,GRAVE_LESIONADOS,1
4,2,10,0,4,1,-13.354565341730202,-76.22239699541342,0,4,7,1,2,2,2,0,6639.975,2.0,2,0,1.0,9,31,1616.0,0.5736744275518083,81.67473861808857,68.1608574885675,9.138785887908334,865.1176766860625,26660.92933618844,3721.461,698.1859999999996,744.866,2278.409,1102.9029999999996,2618.558,29.636290693359403,11,1,0,0,9,39.72451070863493,38.491728789345245,40.957292627924616,1.0,0.0,0.0,0.0,1,0,0.0,0.6163909596448416,0.0,0.3836090403551584,0.0,0.3836090403551584,0.6163909596448416,0.0,0.0,0.0,16,1,2023,4,10,0,0,0,0,1,0,1,GRAVE_LESIONADOS,1
4,1,7,0,4,1,-14.189870483053836,-71.66921246406214,2,4,7,1,2,1,1,1,2409.6825265164566,1.4243720260536348,1,1,0.42437202605363467,7,26,522.2522739800762,0.4652830624226907,65.54193758894715,71.54153890253765,7.149686110440053,743.1804813550548,8607.575563186474,17779.13499998999,2097.3709999899997,2863.123,12818.640999999989,2878.713,14900.421999989989,16.19152450331032,5,1,0,0,4,27.941208364750885,27.941208364750885,27.941208364750885,1.0,0.0,0.0,0.42437202605363467,1,0,0.0,0.0,0.0,1.0,0.0,0.42437202605363467,1.0,0.0,0.42437202605363467,0.0,8,0,2024,3,19,3,0,0,2,1,0,1,GRAVE_LESIONADOS,1
6,1,7,0,4,1,-14.607776931165384,-71.73671868293584,1,4,5,0,2,2,2,2,767.7825547846955,-0.42939217801324436,0,0,0.0,9,32,166.24267168000017,0.4670263153502933,65.5237709552973,70.61273193256336,7.074467358088314,760.9316629253258,9065.880085653103,17779.13499998999,2097.3709999899997,2863.123,12818.640999999989,2878.713,14900.421999989989,16.19152450331032,6,1,0,0,5,22.0,22.0,22.0,0.2853039109933778,0.0,0.0,0.0,1,0,0.0,0.0,0.0,1.0,0.0,0.7146960890066222,0.2853039109933778,0.0,0.0,0.0,11,2,2021,7,22,4,0,0,2,1,0,1,GRAVE_LESIONADOS,1
6,1,10,0,4,1,-13.375793525123186,-76.20806126632887,0,4,7,1,2,2,2,1,6639.975,2.0,2,0,1.0,9,31,1616.0,0.5736744275518083,81.67473861808857,68.1608574885675,9.138785887908334,865.1176766860625,26660.92933618844,3721.461,698.1859999999996,744.866,2278.409,1102.9029999999996,2618.558,29.636290693359403,6,1,0,0,5,26.641720330147297,23.622756543716708,29.66068411657789,1.0,0.0,0.0,0.0,1,0,0.0,0.603792757286118,0.0,0.39620724271388197,0.0,1.0,0.603792757286118,0.603792757286118,0.603792757286118,0.0,11,2,2022,7,14,1,0,0,0,1,0,1,GRAVE_LESIONADOS,1
7,1,12,0,4,0,-8.93737464432407,-78.56946039497544,1,4,7,1,2,2,2,0,6572.377459392482,2.0,3,2,1.0,12,32,1322.9511307411033,0.6173932558255927,80.52947365654866,72.4383188489681,9.029531222510675,1067.591759559064,28602.913003236332,3537.9408983112403,569.802552310607,706.2101900641219,2261.9281559365118,822.7903454194886,2715.150552891752,23.11188999505191,10,1,0,0,8,38.66020157406584,36.20644309941,41.113960048721665,1.0,0.0,0.0,0.29892615009833323,1,0,0.0,0.7010738499016668,0.0,1.0,0.0,0.0,1.0,0.0,0.0,0.0,6,0,2022,3,27,3,0,1,0,1,0,1,GRAVE_LESIONADOS,1