CLASE SINIESTRO,CANTIDAD DE VEHICULOS DAÑADOS,DEPARTAMENTO,ZONA,TIPO DE VÍA,RED VIAL,COORDENADAS LATITUD,COORDENADAS  LONGITUD,CONDICIÓN CLIMÁTICA,ZONIFICACIÓN,CARACTERÍSTICAS DE VÍA,PERFIL LONGITUDINAL VÍA,SUPERFICIE DE CALZADA,¿EXISTE SEÑAL VERTICAL?,¿EXISTE SEÑAL HORIZONTAL?,CAUSA FACTOR PRINCIPAL,MTC_RVN_LONGITUD_KM,MTC_RVN_N_CARRILES_MEDIANA,MTC_RVN_SUPERFICIE_DOMINANTE,MTC_RVN_ESTADO_DOMINANTE,MTC_RVN_ES_CONCESIONADA,MTC_RVN_CONCESION_PRINCIPAL,MTC_RVN_CORREDOR_LOGISTICO,MTC_RVN_N_TRAMOS,IDH_2019,IDH_ESP_VIDA_2019,IDH_EDUC_SECUND_PCT_2019,IDH_ANIOS_EDUC_2019,IDH_INGRESO_PERCAP_2019,IDH_POBLACION_2019,MTC_DEP_RED_TOTAL_KM,MTC_DEP_NACIONAL_TOTAL_KM,MTC_DEP_DEPARTAMENTAL_TOTAL_KM,MTC_DEP_VECINAL_TOTAL_KM,MTC_DEP_PAV_TOTAL_KM,MTC_DEP_NO_PAV_TOTAL_KM,MTC_DEP_PCT_PAVIMENTADA,PER_TOTAL_PERSONAS,PER_N_CONDUCTORES,PER_N_CONDUCTORES_FUGADOS,PER_N_PEATONES,PER_N_PASAJEROS_OCUPANTES,PER_EDAD_COND_PROM,PER_EDAD_COND_MIN,PER_EDAD_COND_MAX,PER_ANY_COND_MASCULINO,PER_ANY_LIC_PROBLEMA,PER_ANY_DOSAJE_POS,PER_ANY_DOSAJE_EVALUADO,VEH_TOTAL,VEH_N_FUGADOS,VEH_ANY_FUGADO,VEH_ANY_CARGA,VEH_ANY_PUBLICO,VEH_ANY_PARTICULAR,VEH_ANY_MOTO,VEH_ANY_AUTO,VEH_ANY_CAMION_BUS,VEH_ANY_SOAT_PROBLEMA,VEH_ANY_CITV_PROBLEMA,VEH_ANY_SEGURO_PROBLEMA,HORA_NUM,FRANJA_HORARIA,ANIO,MES,DIA_MES,DIA_SEMANA,ES_FIN_SEMANA,ES_QUINCENA,REGION_NATURAL,TIENE_SEÑALIZACION,ES_VIA_MULTICARRIL,ES_DEPTO_BAJO_PAVIMENTO,CATEGORIA_SEVERIDAD,CATEGORIA_SEVERIDAD_ENC
3,2,16,0,4,1,-13.860914177422849,-72.46854388640965,2,4,7,1,2,1,1,2,7586.903,2.0,2,0,1.0,9,5,1198.0,0.35734036220415766,73.93984770328761,58.71262685650157,6.159226263532082,423.94431611317987,1438.4068274933352,13076.303316311854,1940.9512120953154,1841.1806864552123,9294.171417761327,2605.1817363860746,10471.12157992578,19.63371455773771,5,2,0,0,3,41.32969342881172,36.76755081329772,45.89183604432572,1.0,0.0,0.5891836044325722,0.5891836044325722,2,0,0.0,0.0,0.4108163955674278,1.0,0.0,0.4108163955674278,1.0,0.5891836044325722,0.5891836044325722,0.0,19,2,2021,4,17,3,0,0,2,1,0,1,GRAVE_LESIONADOS,1
3,1,11,0,4,1,-11.822295212381935,-75.53907139331241,0,4,7,0,2,1,1,1,344.65244646630083,2.0,2,0,1.0,3,28,61.34167566172513,0.4580095600793602,71.82382367311406,63.566475651598864,8.209207330077767,672.8434520925978,4632.4269271522035,12264.545,1826.4639999999995,1105.5389999999998,9332.542,1588.5359999999996,10676.009,12.952261987705208,6,1,0,0,4,42.25840160914214,36.78230020114277,47.73450301714151,1.0,0.0,0.0,0.7823002011427675,1,0,0.0,0.21769979885723245,0.0,0.7823002011427675,0.0,0.0,1.0,0.0,0.21769979885723245,0.0,5,0,2022,3,11,1,0,0,2,1,0,1,GRAVE_LESIONADOS,1
3,1,11,0,4,1,-8.13422525379437,-78.50798352034363,0,4,0,0,2,2,2,1,621.9238347534144,1.9660214591302085,1,0,0.9660214591302085,8,29,101.1892489304427,0.37452394233483044,74.05064340559028,51.494509339186756,5.58673223035513,466.99917427700086,26705.44366487036,8917.543353461262,1339.3209457231253,1938.4475655049089,5639.774842233228,1241.7440111800972,7675.799342281165,13.937779489393115,5,1,0,0,4,35.09462446522135,25.91742060348437,44.27182832695833,1.0,0.0,0.0,0.0,1,0,0.0,0.9660214591302085,0.0,1.0,0.0,1.0,0.9660214591302085,0.0,0.9660214591302085,0.0,16,3,2021,9,14,3,0,0,0,1,0,1,GRAVE_LESIONADOS,1
3,2,5,0,4,1,-5.769683174815147,-78.77979412463965,0,4,7,1,2,1,1,0,7758.33400008,2.0,2,0,1.0,9,20,2133.0,0.5803239946829384,74.49544278598792,68.33065356443184,8.733179344969395,1046.078117086984,102362.46895074946,15935.565011852366,1733.9250000199986,935.692,13265.948011832368,2000.1670000199988,13935.398011832369,12.551591352627522,5,2,0,0,3,34.67570943401624,27.828881341803037,41.52253752622944,1.0,1.0,0.13063438155735974,0.13063438155735974,2,0,0.0,0.8693656184426403,0.13063438155735974,0.8693656184426403,0.13063438155735974,0.8693656184426403,0.8693656184426403,0.13063438155735974,1.0,0.13063438155735974,15,2,2022,6,28,6,1,0,2,1,0,1,GRAVE_LESIONADOS,1
4,1,16,0,3,2,-10.826358995235847,-76.28890541565607,0,3,7,1,2,1,1,0,3253.0005163531177,2.0,2,1,1.0,5,24,547.8510720262441,0.524785477207906,76.84959494898737,64.48259624647834,8.206205489482148,820.48340779613,18327.046795516573,3158.8307927084034,558.0504225005081,614.4805054176475,1986.2998647902473,839.2044537309876,2319.6263389774153,27.76289297785581,4,2,0,0,2,33.833878199363454,30.8591839228321,36.808572475894806,1.0,0.0,0.0,0.37183678456641944,2,0,0.6281632154335806,0.0,0.6281632154335806,0.37183678456641944,0.6281632154335806,0.37183678456641944,0.0,0.6281632154335806,1.0,0.6281632154335806,7,1,2022,8,16,1,0,1,0,1,0,1,GRAVE_LESIONADOS,1
3,1,18,1,4,0,-5.00969303712801,-80.75766046842749,0,4,7,1,2,0,0,1,6543.555,2.0258389722200114,3,3,1.0,13,32,1205.157395304943,0.5205928508785126,81.20394635344528,64.38881053062791,6.62603662699672,828.8211397661022,9434.680905952986,8964.967009901471,1770.866578813159,670.5604890071555,6523.539942081157,2188.7901582609825,6776.17685164049,24.41387183840619,4,1,0,0,2,22.516779444400225,20.568457388840248,24.465101499960202,1.0,0.0,0.9741610277799888,0.9741610277799888,1,0,0.0,0.0,0.0,1.0,0.9741610277799888,0.02583897222001119,0.0,0.9741610277799888,0.9741610277799888,0.0,21,1,2021,1,2,5,1,0,0,0,0,1,GRAVE_LESIONADOS,1
6,1,7,0,4,2,-13.140805579059855,-72.36526456648626,0,4,0,0,1,1,0,0,6543.555,2.0,4,4,1.0,14,33,1198.0,0.4207139910447748,73.87285948376342,59.717763473221964,6.326412210975823,566.5587755451747,3160.4793814040854,17779.13499998999,2097.3709999899997,2863.123,12818.640999999989,2878.713,14900.421999989989,16.19152450331032,11,1,0,0,10,54.90305625812651,54.90305625812651,54.90305625812651,1.0,0.7782205080664536,0.0,0.2217794919335464,1,0,0.0,0.7782205080664536,0.0,0.2217794919335464,0.0,0.2217794919335464,0.7782205080664536,0.7782205080664536,0.7782205080664536,0.0,8,1,2022,3,12,4,0,0,2,1,0,1,GRAVE_LESIONADOS,1
6,1,5,1,4,2,-6.524826739594204,-78.62514863510947,0,4,5,0,1,2,2,0,5247.994227178542,1.7804711383801548,3,3,0.7804711383801549,12,32,958.7135408343688,0.2870457430655193,76.91787011746544,42.41085812123651,3.8217678628153102,313.9624035163376,20703.6132326766,15935.565011852366,1733.9250000199986,935.692,13265.948011832368,2000.1670000199988,13935.398011832369,12.551591352627522,6,1,0,0,5,43.70775040211598,43.70775040211598,43.70775040211598,1.0,0.0,0.0,0.21952886161984508,1,0,0.0,0.7804711383801549,0.0,0.21952886161984508,0.0,0.0,1.0,0.0,0.0,0.0,15,2,2022,8,11,1,0,0,2,1,0,1,GRAVE_LESIONADOS,1
4,1,16,0,4,1,-11.647593571493362,-75.90040449414312,0,4,5,0,2,0,1,1,9273.665909678553,2.0,2,0,1.0,9,31,3384.598035712421,0.424622845543598,75.57175624432618,83.48602755719537,7.720313098260281,441.4101457731913,3065.1647890907525,3686.0402015359277,591.4638098585618,877.4541361199241,2217.1222555574427,693.8847483127133,2992.155453223215,18.798437815660996,8,1,0,0,6,41.81645325204431,32.230556039510866,51.40235046457776,1.0,0.0,0.0,0.7988247677111205,1,0,0.0,0.0,0.20117523228887946,0.7988247677111205,0.0,0.7988247677111205,0.20117523228887946,0.0,0.0,0.0,11,2,2023,7,17,3,0,1,1,1,0,1,GRAVE_LESIONADOS,1
3,2,22,0,4,1,-5.148773298722528,-80.15351463430692,6,4,0,1,2,2,2,2,6551.274713271843,2.9199365974710343,2,0,1.0,0,30,1486.288939756584,0.5444856247601382,72.97752569024846,54.9175411279367,7.693841609852649,1079.9471570952846,6153.154554303271,1140.5227534126236,177.8811266613543,303.47487353151496,659.1667532197544,340.36059768425787,800.1621557283657,28.47799919178934,4,2,0,0,2,22.900317012644827,20.0,25.800634025289657,1.0,0.0,0.0,1.0,2,0,0.0,0.0,0.0800634025289656,1.0,0.0,1.0,0.0800634025289656,0.0,0.0,0.0,17,2,2022,2,24,5,1,0,0,1,0,1,GRAVE_LESIONADOS,1
3,2,3,0,4,1,-16.595293027257966,-71.77521368741704,0,3,7,1,2,0,1,0,674.9151062651172,1.5255468201554767,3,0,0.5255468201554767,7,28,101.09501053014847,0.6645569378051892,76.56508960198774,77.77448682705608,10.771698280722733,1236.3312354441719,22062.731355810563,10322.272,1495.236,1749.739,7077.2970000000005,2886.595,7435.677000000001,27.964725207783708,9,2,0,0,7,56.30656184186572,41.18976414419787,71.42335953953356,1.0,0.0,0.0,0.0,2,0,0.0,0.0,0.4744531798445233,0.5255468201554767,0.0,0.5255468201554767,1.0,0.0,0.0,0.4744531798445233,16,2,2023,3,27,3,0,1,0,1,0,1,GRAVE_LESIONADOS,1
3,1,10,1,4,1,-12.048202361204833,-75.25411990857965,0,4,6,0,2,0,1,2,211.66143418704425,2.0,2,0,1.0,3,31,37.79138572566518,0.5670206471800988,71.91344527703035,78.83063032327341,9.824782209803727,899.8610891314729,20033.65901917765,12268.674137396221,1826.250758069028,1112.2033835738516,9330.21999575334,1597.4767985100705,10671.19733888615,13.018561844454933,8,2,0,0,6,46.87538456581852,28.95015382632741,64.80061530530963,1.0,0.0,0.0,1.0,2,0,0.0,0.009969234734518495,0.9900307652654815,0.9900307652654815,0.0,0.009969234734518495,1.0,0.0,0.009969234734518495,0.9900307652654815,11,2,2024,1,5,3,0,0,2,1,0,1,GRAVE_LESIONADOS,1
6,1,12,0,4,0,-7.414053249314499,-79.35095421713645,1,4,7,1,2,2,2,0,6551.728152609788,2.0,3,3,1.0,13,32,1233.4322525502073,0.6210824058862243,81.0307539889582,73.90422017740914,8.997824899947457,1068.4010050222037,28807.799458367692,3481.880236244181,530.5847172631677,694.4018362227592,2256.8936827582543,737.2231474687325,2744.6570887754483,21.11885370435599,12,1,0,0,10,41.45761692278683,38.254298463279,44.66093538229467,1.0,0.08476615442633317,0.0,0.08476615442633317,1,0,0.0,0.9152338455736668,0.0,1.0,0.0,0.08476615442633317,0.9152338455736668,0.0,0.0,0.0,7,0,2023,1,23,2,0,0,0,1,0,1,GRAVE_LESIONADOS,1
6,1,3,0,4,1,-16.471159076080312,-72.81122193869149,0,4,7,1,2,0,1,0,6639.975,2.0,2,0,1.0,9,31,1616.0,0.624357269898374,81.90422836073094,69.1304255585163,8.662447053866018,1132.2420286120077,4156.488927792517,10322.272,1495.236,1749.739,7077.2970000000005,2886.595,7435.677000000001,27.964725207783708,8,1,0,0,7,35.26863282606678,32.03812934781487,37.6915104347557,1.0,0.0,0.0,1.0,1,0,0.0,0.0,0.1923741304370249,0.8076258695629751,0.0,0.8076258695629751,0.1923741304370249,0.0,0.0,0.0,6,0,2021,4,9,2,0,0,0,1,0,1,GRAVE_LESIONADOS,1
3,1,14,1,2,4,-12.17273740521864,-76.9351776782886,0,0,1,0,1,2,2,0,6543.555,2.0,4,4,1.0,14,33,1198.0,0.689811994580126,79.88015655965044,73.89553442371854,9.755251380104111,1409.8432274455126,452660.364025696,7626.313,1683.4029999999998,1599.0829999999996,4343.827000000001,1814.875,5811.438000000001,23.797541485643197,4,1,0,0,2,49.51536027663055,37.943260103736456,61.08746044952465,1.0,1.0,0.0,0.2285266551403936,1,0,0.0,0.2285266551403936,0.0,0.7714733448596064,0.0,0.7714733448596064,0.2285266551403936,0.2285266551403936,0.2285266551403936,0.7714733448596064,12,3,2023,5,14,3,0,0,0,1,0,1,GRAVE_LESIONADOS,1
3,2,5,0,4,0,-13.430894652781554,-73.75625367343743,1,4,0,1,2,2,2,2,7498.363257991808,2.0,2,0,1.0,9,7,1198.0,0.32940677665812484,68.59832005858341,49.242470144404464,5.2341940268727996,388.1238373059193,7165.573140525827,12760.503535434254,1823.3789807445628,1823.2605276430663,9113.864027046624,2555.697507723333,10204.80602771092,20.000684939686423,15,2,0,0,13,49.00916707757062,42.25458353878531,55.763750616355935,1.0,0.0,0.0,0.915138820404896,2,0,0.0,1.0,1.0,0.0,0.0,0.0,1.0,0.08486117959510397,0.08486117959510397,0.08486117959510397,18,2,2024,1,11,4,0,0,2,1,0,1,GRAVE_LESIONADOS,1
4,1,14,0,3,4,-12.142746688347827,-76.91573972650804,0,3,3,0,1,2,2,1,6543.555,2.0,4,4,1.0,14,33,1198.0,0.689811994580126,79.88015655965044,73.89553442371854,9.755251380104111,1409.8432274455126,452660.364025696,7626.313,1683.4029999999998,1599.0829999999996,4343.827000000001,1814.875,5811.438000000001,23.797541485643197,5,1,0,0,4,33.32775302542801,33.32775302542801,33.32775302542801,1.0,0.8545154359107495,0.0,0.8545154359107495,1,0,0.0,0.8545154359107495,0.14548456408925048,0.0,0.14548456408925048,0.0,0.8545154359107495,1.0,1.0,0.0,13,2,2021,3,18,2,0,1,0,1,0,1,GRAVE_LESIONADOS,1
0,1,13,1,2,3,-10.27347329490119,-78.0422220320664,0,1,1,1,2,1,0,1,6543.555,2.316824436760182,3,2,1.0,9,32,1285.7603689825703,0.7245314736021239,78.70760917244024,75.10698284014813,10.694658458052892,1627.0935317017515,45676.69472483776,6306.225331657417,1313.244020731172,1310.9771143099447,3682.0041966163008,1462.7183020523225,4843.507029605095,22.698937956397625,15,2,0,0,12,50.66351126479636,46.12891577071491,55.19810675887781,1.0,0.3168244367601819,0.0,0.3168244367601819,2,0,0.0,0.3168244367601819,1.0,0.6831755632398181,0.0,0.0,1.0,0.6831755632398181,0.6831755632398181,0.6831755632398181,10,2,2022,1,20,2,0,0,0,1,0,1,GRAVE_LESIONADOS,1
3,1,12,0,4,1,-7.73151712136661,-79.0104411925182,0,4,7,1,2,2,2,1,787.1333745973667,1.9476671426993373,2,0,0.0,9,32,216.98864857742518,0.55047069615481,77.44485983981944,63.81317881679173,8.168542376855175,934.3179027869517,15448.201423238796,8931.828000000005,1335.5899999999997,1935.9830000000004,5660.255000000005,1219.309,7712.519000000005,13.651281686122925,5,1,0,0,4,44.84583928374172,44.372005712392045,45.31967285509138,1.0,0.0,0.0,0.0,1,0,0.0,1.0,0.0,0.0,0.0,0.0,1.0,0.0,0.05233285730066284,0.0,6,0,2021,1,10,0,0,0,0,1,0,1,GRAVE_LESIONADOS,1
3,1,20,0,4,1,-15.680692077333115,-70.52304939571965,0,4,1,1,2,2,2,2,1504.4250000000002,2.0,2,0,1.0,7,25,241.0,0.4631102190646208,77.47989123569221,69.12846690979475,7.099487481231656,587.8619893791935,6492.939741435415,13642.312999999998,2020.7790000000005,2354.117,9267.416999999998,3314.0520000000006,10328.260999999997,24.29244952817019,5,2,0,0,3,43.89694252268645,41.13691268563976,46.656972359733146,1.0,0.0,0.0,0.7828486179866575,2,0,0.0,0.0,0.0,1.0,0.0,1.0,0.7828486179866575,0.2171513820133425,1.0,0.2171513820133425,9,1,2022,11,5,3,0,0,2,1,0,1,GRAVE_LESIONADOS,1
3,2,3,1,4,1,-16.500444989982498,-71.63154147115213,0,3,7,1,2,0,0,0,1229.2582993268031,1.1544891891594395,4,1,0.15448918915943954,9,32,231.50743512945294,0.6793587572133933,77.2625032875531,78.30775803299622,11.000075450345209,1280.9610264328671,22400.5749587747,10322.272,1495.236,1749.739,7077.2970000000005,2886.595,7435.677000000001,27.964725207783708,11,2,0,0,9,48.30061891924616,27.61795675663776,68.98328108185457,1.0,0.15448918915943954,0.0,0.15448918915943954,2,0,0.0,0.0,0.8455108108405605,0.15448918915943954,0.15448918915943954,0.15448918915943954,0.8455108108405605,0.15448918915943954,0.15448918915943954,1.0,14,2,2023,4,21,0,0,0,0,1,0,1,GRAVE_LESIONADOS,1
6,1,7,0,4,2,-13.892538123417935,-73.38359588716924,0,4,1,0,7,2,2,1,6543.555,2.0,4,4,1.0,14,33,1198.0,0.38740006930131654,75.72598322247332,61.82801294207974,6.1165216389154695,439.1778092610614,6102.279644307998,12872.333425977064,1848.4129857462615,1890.583031634167,9133.337408596635,2651.871004688135,10220.462421288927,20.544960753738838,5,1,0,0,4,36.59816429154391,36.59816429154391,36.59816429154391,0.20091785422804553,0.20091785422804553,0.0,1.0,1,0,0.0,0.0,0.0,1.0,0.0,0.0,1.0,0.0,0.0,0.0,14,3,2022,6,27,3,0,1,2,1,0,1,GRAVE_LESIONADOS,1
4,1,12,0,4,1,-8.04403749016713,-78.26699077340379,0,4,7,0,1,2,2,3,9936.932,2.0,2,0,1.0,9,32,3830.0,0.4320883936567258,76.718936301794,43.003289188979466,6.269065613037991,662.0777072841523,13167.552462526766,8931.828000000005,1335.5899999999997,1935.9830000000004,5660.255000000005,1219.309,7712.519000000005,13.651281686122925,9,1,0,0,7,33.21184434111388,31.491520964691976,34.93216771753579,1.0,0.0,0.0,0.0,1,0,0.0,1.0,0.0,0.0,0.0,0.0,1.0,0.0,0.0,0.0,13,2,2022,4,10,5,1,0,0,1,0,1,GRAVE_LESIONADOS,1
6,1,11,0,4,1,-9.176431047957207,-77.27736761910002,0,4,0,0,5,2,2,0,9389.605925020398,2.0,2,0,1.0,9,25,3217.0023606745644,0.22988889024958511,77.75045115075966,38.75185507514261,4.464846836190351,177.18399239877826,2555.8955164067274,8833.915601228084,1361.1633205892288,1952.8760690627632,5519.876211576092,1373.0870970050933,7460.828504222991,15.615046563677968,10,1,0,0,9,56.5619202251443,56.5619202251443,56.5619202251443,1.0,0.0,0.0,0.0,1,0,0.0,0.0,0.0,1.0,0.0,0.23290183864948166,0.7670981613505183,0.0,0.7670981613505183,0.0,11,1,2023,5,25,3,0,1,0,1,0,1,GRAVE_LESIONADOS,1
5,1,10,0,4,1,-13.827166171606933,-75.6603500837991,0,3,5,1,2,2,2,4,504.90699431885224,0.6906599513774534,1,3,0.0,9,32,211.96188433547331,0.6271166602824969,78.32497825172668,76.15986959203384,9.235593245091827,1119.8659884136696,6930.482555716713,3721.461,698.1859999999996,744.866,2278.409,1102.9029999999996,2618.558,29.636290693359403,9,1,0,0,8,65.13860455024144,64.90659951377454,65.37060958670835,1.0,0.0,0.0,1.0,1,0,0.0,0.0,0.0,1.0,0.0,0.1546700243112733,0.8453299756887267,0.0,0.0,0.0,18,2,2021,3,20,0,0,1,0,1,0,1,GRAVE_LESIONADOS,1
5,1,19,0,3,1,-5.154474336216404,-80.68541453965643,5,4,7,1,2,1,1,2,6543.555,2.7271628097401384,2,1,1.0,3,30,1399.4240982980184,0.6156956711010397,78.4988258015932,73.64663973308274,10.15608884352979,1016.6587594462376,182519.09264181842,8965.846000060003,1782.4120000599992,636.9959999999999,6546.438000000004,2214.505000059999,6751.341000000004,24.699342371541725,6,1,0,0,4,30.591953307468685,26.908651238960555,34.27525537597681,1.0,0.27283719025986153,0.0,0.7271628097401385,1,0,0.0,0.0,0.0,1.0,0.27283719025986153,0.7271628097401385,0.0,1.0,0.7271628097401385,0.0,12,1,2021,6,6,5,0,0,0,1,0,1,GRAVE_LESIONADOS,1
5,1,19,0,4,1,-5.143290213141397,-80.37146815366984,0,4,7,1,2,2,2,0,1305.18,2.0,2,0,1.0,1,20,163.0,0.459857589992435,80.72202071327797,50.86886521100652,5.65389066385764,729.6720832259953,125429.93361884369,8965.846000060003,1782.4120000599992,636.9959999999999,6546.438000000004,2214.505000059999,6751.341000000004,24.699342371541725,39,1,0,0,38,48.79799233108294,48.422835231665545,49.17314943050034,1.0,0.0,0.0,1.0,1,0,0.0,0.0,0.9807611743888516,0.019238825611148425,0.019238825611148425,0.019238825611148425,0.9807611743888516,0.0,0.0,0.0,6,1,2021,11,20,0,0,1,0,1,0,1,GRAVE_LESIONADOS,1
3,2,10,0,4,1,-14.832360112940448,-74.99941883387866,0,4,5,0,2,1,1,0,6639.975,2.0,2,0,1.0,9,31,1616.0,0.5563774842369664,77.00938809632027,69.10246351364754,8.476961866273152,914.8835608305218,27932.19700214133,3721.461,698.1859999999996,744.866,2278.409,1102.9029999999996,2618.558,29.636290693359403,6,2,0,0,4,46.2335388966339,29.688614804488132,62.778462988779665,1.0,0.15569259775593292,0.0,0.15569259775593292,2,0,0.0,1.0,0.0,1.0,0.0,1.0,1.0,0.0,0.0,0.0,4,0,2023,8,28,5,1,1,0,1,0,1,GRAVE_LESIONADOS,1
5,1,4,0,4,1,-6.980650504521075,-77.75050229244368,0,4,1,1,2,0,1,0,8249.966409369988,2.0,2,0,1.0,9,22,2515.9527974393372,0.40159269588435664,71.72990082456437,60.03722066759052,5.43257684261047,598.7306435548333,6174.076945027159,3852.5936665893596,1021.8583911119377,658.5456141021019,2172.1896613753206,863.9961679179605,2988.5974986714,22.34307091504584,14,1,0,0,13,42.87167708473972,40.163702088115066,45.57965208136439,1.0,0.0,0.0,0.22566458305205506,1,0,0.0,0.0,0.7743354169479449,0.22566458305205506,0.0,0.22566458305205506,0.7743354169479449,0.0,0.0,0.0,15,3,2023,3,21,4,0,1,1,1,0,1,GRAVE_LESIONADOS,1
6,1,1,0,4,1,-10.842341012735965,-75.97242123257176,0,4,1,0,5,2,2,0,6563.976577611575,2.0,3,3,1.0,12,32,1286.531626650468,0.36363557979640515,74.9905851735933,54.675289053973295,5.9810460707057,458.29426880830226,2776.9928839659333,10673.318187198376,1802.4983626261437,1334.3424373542498,7536.477387217984,2266.869718940631,8406.448468257746,21.297583203682194,12,1,0,0,11,31.941009250592487,31.941009250592487,31.941009250592487,1.0,0.0,0.0,0.2117981498815027,1,0,0.0,0.7882018501184973,0.2117981498815027,0.0,0.0,0.0,1.0,0.0,0.0,0.0,3,0,2023,3,2,5,1,0,0,1,0,1,GRAVE_LESIONADOS,1
3,2,3,0,4,1,-16.000871784999305,-71.2742280532932,1,4,0,0,2,0,1,0,1504.4250000000002,2.0,2,0,1.0,7,25,241.0,0.45370308427028594,81.67570714995063,61.316088206841556,5.829261436502476,619.997317989726,1440.1984883448365,10322.272,1495.236,1749.739,7077.2970000000005,2886.595,7435.677000000001,27.964725207783708,8,2,0,0,6,43.04547453138393,35.941744415194606,50.149204647573264,1.0,0.7925397676213367,0.0,0.0,2,0,0.0,1.0,0.0,0.2074602323786633,0.0,0.2074602323786633,1.0,0.0,0.0,0.0,11,2,2022,4,11,6,1,0,0,1,0,1,GRAVE_LESIONADOS,1
3,0,9,0,4,1,-12.250280755808305,-75.0495698346639,5,0,5,0,2,2,2,0,528.1981749711513,1.8130927035498818,0,2,0.0,9,32,65.13765245278486,0.45327909271951966,69.85104311228564,64.01077238801338,8.033853689461154,662.0415385702033,1511.9556144716064,12341.959759302083,1822.4660529289317,1230.4855931404215,9289.008113232729,1756.1617528410275,10585.798006461055,14.195278860125116,8,1,0,0,7,47.04221501567282,45.82257596034799,48.261854070997636,1.0,0.0,0.0,0.18690729645011817,1,0,0.0,0.0,0.0,0.8130927035498818,0.18690729645011817,0.8130927035498818,0.8130927035498818,0.18690729645011817,0.18690729645011817,0.18690729645011817,11,1,2021,5,21,4,0,0,2,1,0,1,GRAVE_LESIONADOS,1
5,1,11,0,4,1,-8.580690656622803,-77.86355065538447,0,4,7,1,2,1,1,2,6543.555,2.0,4,4,1.0,14,33,1198.0,0.4478743034632904,76.98316345568361,45.30656717967833,6.548853190595566,697.2992466871492,13248.70973478263,9024.514760418842,1346.2319751919713,1923.5680066543885,5754.714778572482,1330.4500010267807,7694.064759392061,14.605413395462335,4,1,0,0,3,36.20008204212033,32.20008204212033,39.26674187194363,0.0666598298233061,0.0,0.0,0.0666598298233061,1,0,0.0,0.0666598298233061,0.9333401701766939,0.0666598298233061,0.9333401701766939,0.0666598298233061,0.0666598298233061,0.9333401701766939,0.0,0.9333401701766939,19,2,2023,2,17,4,0,1,0,1,0,1,GRAVE_LESIONADOS,1
6,1,8,0,4,1,-13.150254437594398,-75.55396035825552,0,4,0,0,2,2,2,0,1483.0931972841129,1.0014391934143714,1,3,0.0014391934143713758,9,16,270.0647637036467,0.3353723352078864,68.90267233497877,47.351902004888984,6.10920837148352,370.39124705004747,1174.7370861087256,8511.426,1445.3929999999996,2008.516,5057.516999999999,1879.579,6631.846999999998,22.08300935706896,4,1,0,0,3,21.994243226342515,21.994243226342515,21.994243226342515,1.0,0.0014391934143713758,0.0,0.0,1,0,0.0,0.0,0.0,1.0,0.0,1.0,0.0,0.0,0.0,0.0,6,1,2023,3,6,5,0,0,2,1,0,1,GRAVE_LESIONADOS,1
3,1,7,0,4,0,-12.928848381028732,-71.4164872798041,0,4,0,0,6,2,2,2,6543.555,2.0,4,4,1.0,14,33,1198.0,0.3599194166638664,63.03619399277336,65.62129784819246,5.963671299522859,449.84755340876757,5307.7386045826615,17779.13499998999,2097.3709999899997,2863.123,12818.640999999989,2878.713,14900.421999989989,16.19152450331032,4,1,0,0,2,40.223354903006346,14.86860240058022,65.57810740543246,1.0,0.0,0.0,0.0,1,0,0.0,0.0,0.0,1.0,0.9751827885548509,0.0,0.024817211445149145,1.0,0.024817211445149145,0.024817211445149145,19,2,2021,7,19,4,0,0,2,1,0,1,GRAVE_LESIONADOS,1
3,1,20,1,2,3,-16.120204279944378,-71.82007604705419,0,2,7,1,2,0,1,1,5680.501603634698,2.0,3,3,1.0,11,30,1027.477602264426,0.614173498066563,77.15811831938754,72.85063919495484,9.913933157474231,1065.496310363354,17824.26776302117,2783.8791612883188,611.6254010390264,520.702165277831,1651.551594971461,1008.508911646861,1775.3702496414576,37.02625594415769,4,2,0,0,2,39.85817278206525,33.17622030079433,46.54012526333618,1.0,0.0,0.0,0.8352440601588657,2,0,0.16475593984113435,0.0,0.16475593984113435,0.8352440601588657,0.16475593984113435,0.8352440601588657,0.0,0.16475593984113435,1.0,0.16475593984113435,13,2,2022,6,16,2,0,1,0,1,0,1,GRAVE_LESIONADOS,1