CLASE SINIESTRO,CANTIDAD DE VEHICULOS DAÑADOS,DEPARTAMENTO,ZONA,TIPO DE VÍA,RED VIAL,COORDENADAS LATITUD,COORDENADAS  LONGITUD,CONDICIÓN CLIMÁTICA,ZONIFICACIÓN,CARACTERÍSTICAS DE VÍA,PERFIL LONGITUDINAL VÍA,SUPERFICIE DE CALZADA,¿EXISTE SEÑAL VERTICAL?,¿EXISTE SEÑAL HORIZONTAL?,CAUSA FACTOR PRINCIPAL,MTC_RVN_LONGITUD_KM,MTC_RVN_N_CARRILES_MEDIANA,MTC_RVN_SUPERFICIE_DOMINANTE,MTC_RVN_ESTADO_DOMINANTE,MTC_RVN_ES_CONCESIONADA,MTC_RVN_CONCESION_PRINCIPAL,MTC_RVN_CORREDOR_LOGISTICO,MTC_RVN_N_TRAMOS,IDH_2019,IDH_ESP_VIDA_2019,IDH_EDUC_SECUND_PCT_2019,IDH_ANIOS_EDUC_2019,IDH_INGRESO_PERCAP_2019,IDH_POBLACION_2019,MTC_DEP_RED_TOTAL_KM,MTC_DEP_NACIONAL_TOTAL_KM,MTC_DEP_DEPARTAMENTAL_TOTAL_KM,MTC_DEP_VECINAL_TOTAL_KM,MTC_DEP_PAV_TOTAL_KM,MTC_DEP_NO_PAV_TOTAL_KM,MTC_DEP_PCT_PAVIMENTADA,PER_TOTAL_PERSONAS,PER_N_CONDUCTORES,PER_N_CONDUCTORES_FUGADOS,PER_N_PEATONES,PER_N_PASAJEROS_OCUPANTES,PER_EDAD_COND_PROM,PER_EDAD_COND_MIN,PER_EDAD_COND_MAX,PER_ANY_COND_MASCULINO,PER_ANY_LIC_PROBLEMA,PER_ANY_DOSAJE_POS,PER_ANY_DOSAJE_EVALUADO,VEH_TOTAL,VEH_N_FUGADOS,VEH_ANY_FUGADO,VEH_ANY_CARGA,VEH_ANY_PUBLICO,VEH_ANY_PARTICULAR,VEH_ANY_MOTO,VEH_ANY_AUTO,VEH_ANY_CAMION_BUS,VEH_ANY_SOAT_PROBLEMA,VEH_ANY_CITV_PROBLEMA,VEH_ANY_SEGURO_PROBLEMA,HORA_NUM,FRANJA_HORARIA,ANIO,MES,DIA_MES,DIA_SEMANA,ES_FIN_SEMANA,ES_QUINCENA,REGION_NATURAL,TIENE_SEÑALIZACION,ES_VIA_MULTICARRIL,ES_DEPTO_BAJO_PAVIMENTO,CATEGORIA_SEVERIDAD,CATEGORIA_SEVERIDAD_ENC
3,2,16,1,2,2,-13.825010841032173,-71.84968436069843,2,3,2,1,3,2,2,1,6260.415062240847,2.0,3,2,0.6346331584493472,12,32,893.6494209883062,0.4962259387643194,75.45970136726278,69.77842511550875,8.092028104408453,686.1010296886569,64010.18911810332,13138.922257450438,1949.782742184085,1897.927999710369,9291.211515555984,2683.605669034884,10455.316588415555,20.149121023918436,7,2,0,0,4,41.96192948588564,37.7887636936389,48.03899475348042,1.0,0.0,0.6346331584493472,0.6346331584493472,2,0,0.0,0.0,1.0,1.0,0.6346331584493472,1.0,0.3653668415506528,0.0,1.0,0.6346331584493472,11,1,2022,2,12,3,0,0,2,1,0,1,GRAVE_LESIONADOS,1
3,1,4,0,4,1,-14.986155470411635,-72.79439533902652,0,4,7,1,2,1,1,0,1362.8585221634316,2.0,2,0,1.0,7,25,218.66777982585194,0.5993105683556366,78.5376863205525,75.39954518208869,8.919282360702622,1003.5221963987365,33557.82030316884,10102.047166327497,1469.9505416884963,1779.2371703128656,6852.859454326135,2622.5226734377684,7479.524492889728,25.697697036322985,7,1,0,0,5,39.465847356125046,25.158384540242185,53.7733101720079,1.0,0.0,0.0,0.0,1,0,0.0,0.8416154597578153,0.0,0.15838454024218473,0.0,0.0,1.0,0.0,0.15838454024218473,0.0,14,2,2021,9,12,3,0,0,0,1,0,1,GRAVE_LESIONADOS,1
3,1,3,0,4,1,-15.880922282322972,-71.23878301898489,0,4,0,1,2,0,1,0,1289.211831401796,1.554620491211145,1,0,0.554620491211145,7,28,257.03366231639876,0.4498224071382834,81.63336343193146,58.84842497065013,5.774685730039019,620.6584683449911,1358.612419700214,10322.272,1495.236,1749.739,7077.2970000000005,2886.595,7435.677000000001,27.964725207783708,14,2,0,0,12,33.554620491211146,26.34455410546626,40.76468687695603,1.0,0.0,0.0,0.445379508788855,2,0,0.0,0.0,0.445379508788855,0.554620491211145,0.0,0.554620491211145,1.0,0.0,0.0,0.0,9,1,2023,3,10,1,0,0,0,1,0,1,GRAVE_LESIONADOS,1
5,1,1,0,4,1,-5.9497474399117785,-78.38126028774089,0,4,0,1,2,1,1,0,7638.837683396341,2.09836877051364,2,0,1.0,8,20,2068.273349002025,0.41991859481639643,71.89160417740167,54.92204749087588,5.132788121291082,689.450742005262,7273.414746198407,3860.052232772353,1092.1591831138103,595.3181939604833,2172.5748556980598,919.9592800468852,2940.092952725468,23.793625547243444,15,1,0,0,14,45.62308471347506,45.082056475650035,46.164112951300076,1.0,0.0,0.0,0.0,1,0,0.0,0.0983687705136399,1.0,0.0,0.0,0.0,1.0,0.0,0.0,0.0,15,2,2023,2,22,4,0,1,0,1,0,1,GRAVE_LESIONADOS,1
6,1,11,0,4,1,-8.14894030930177,-78.89188564034866,0,4,6,1,2,1,1,0,6620.561400010272,2.9261929864146268,2,0,1.0,0,28,1454.5554572368515,0.5881613098684,76.73749358122046,76.10483282854707,8.894536265220204,995.0620015994901,8257.681126059902,8900.799383874686,1343.6942315127144,1941.3364441163883,5615.768708245583,1268.0415568600145,7632.757827014671,14.273602324880606,6,1,0,0,5,32.369035067926866,32.07380701358537,32.590456108682986,1.0,0.0,0.0,0.0,1,0,0.0,0.0,0.0,1.0,0.0,1.0,0.0,0.0,0.9261929864146267,0.0,16,1,2022,1,8,5,1,0,0,1,0,1,GRAVE_LESIONADOS,1
3,1,21,1,5,3,-6.044175735757357,-76.97187322624086,0,0,0,0,2,2,2,1,6543.555,2.0,4,4,1.0,14,33,1198.0,0.5294800468051228,72.46713251445857,60.50982579904599,7.757161651692042,952.984823255978,86435.21199143468,5645.136,815.0759999999999,965.298,3864.762,1013.406,4631.73,17.95184385283189,4,1,0,0,2,20.713807260098235,17.24565089458095,24.18196362561552,1.0,0.990901818719224,0.0,0.0,1,0,0.0,0.0,0.0,1.0,0.990901818719224,0.0,0.009098181280775997,0.990901818719224,1.0,0.990901818719224,22,2,2023,5,19,6,1,1,1,1,0,1,GRAVE_LESIONADOS,1
3,1,17,0,4,0,-6.3944928404852295,-79.89535252818814,0,3,2,1,1,2,2,1,6543.555,2.9245878240072116,2,0,1.0,1,30,1454.1108272499976,0.43546087922401927,71.61297368161036,56.841216697735234,6.799522313579798,626.7417852136357,4283.127465935657,9068.137036288672,1760.7554330025696,720.9103709507431,6586.471232335359,2265.1887694184675,6802.948266870205,24.945591996672235,5,1,0,0,3,39.53770608799639,21.508243519855764,57.56716865613702,0.9245878240072117,0.0,0.0,0.9245878240072117,1,0,0.0,0.9245878240072117,0.0,0.9245878240072117,0.0,0.9245878240072117,1.0,0.0,0.9245878240072117,0.0,15,3,2021,1,27,3,0,1,0,1,0,1,GRAVE_LESIONADOS,1
5,1,9,0,4,1,-10.088466185251658,-77.04879452343148,0,4,5,0,2,2,2,0,834.3843878713742,2.0,2,0,1.0,7,27,135.30058086949063,0.5948476878126537,79.73466620041408,67.92384579028925,8.63758511177901,1031.5501856645376,34387.90803619463,9279.937793379422,1375.5587697410685,1889.3551887698059,6015.023834868548,1636.7286047912733,7643.209188588149,17.23477722199011,5,1,0,0,3,31.758250780129675,30.5064571322754,33.010044427983956,1.0,0.0,0.0,0.2503587295708555,1,0,0.0,0.2503587295708555,0.0,0.7496412704291445,0.0,0.0,1.0,0.0,0.7496412704291445,0.0,12,1,2022,6,10,4,0,0,0,1,0,1,GRAVE_LESIONADOS,1
3,1,12,0,4,1,-7.831942379917873,-78.02996947536278,0,4,7,1,1,2,2,2,9936.932,2.0,2,0,1.0,9,32,3830.0,0.3986882084754764,72.97869269132666,58.65435142755623,5.605762371496486,527.7120199980477,69564.29978586723,8931.828000000005,1335.5899999999997,1935.9830000000004,5660.255000000005,1219.309,7712.519000000005,13.651281686122925,7,1,0,0,5,38.96821500363798,36.290953338183975,41.645476669091984,1.0,0.0,0.0,0.0,1,0,0.0,0.6693154163635017,0.0,0.33068458363649833,0.0,0.0,1.0,0.0,0.6693154163635017,0.0,8,0,2022,9,12,2,0,0,0,1,0,1,GRAVE_LESIONADOS,1
6,1,13,0,4,1,-10.74975979171155,-77.62369061352875,0,4,7,1,2,2,2,1,244.37981473928863,2.0,2,0,0.11172780348849398,8,4,60.02775115698223,0.638592190482229,78.79422320491554,69.45698572556977,8.874957802060695,1253.7622617991435,35898.269910235074,7772.175323371282,1644.5426174852562,1636.7240969952734,4490.9086088907525,1748.3337189875715,6023.8416043837115,22.66392216461919,5,1,0,0,4,60.64261566394873,60.64261566394873,60.64261566394873,1.0,0.0,0.0,0.888272196511506,1,0,0.0,0.0,0.0,1.0,0.0,0.888272196511506,0.11172780348849398,0.0,0.11172780348849398,0.0,15,2,2023,10,12,1,0,0,0,1,0,1,GRAVE_LESIONADOS,1
3,1,11,1,4,1,-11.563591343904982,-75.28597577208085,0,4,7,1,2,0,1,2,382.30559766416116,2.0,2,0,0.5400580487060372,5,20,100.77169903503668,0.5784802327278671,73.3711368641494,72.8095253504463,9.555375427472905,979.7519102661881,22155.833663503396,12264.545,1826.4639999999995,1105.5389999999998,9332.542,1588.5359999999996,10676.009,12.952261987705208,7,2,0,0,5,40.790783657531506,26.240348292236224,55.341219022826785,1.0,0.0,0.0,0.5400580487060372,2,0,0.0,0.0,1.0,0.5400580487060372,0.45994195129396276,0.45994195129396276,0.5400580487060372,0.0,0.0,0.5400580487060372,10,2,2023,4,12,3,0,0,2,1,0,1,GRAVE_LESIONADOS,1
4,1,9,0,4,1,-11.065773086968552,-76.0138011752081,1,4,2,0,3,2,2,1,1602.4688021172897,1.6069731162742653,2,2,0.6069731162742654,9,27,290.63233320900446,0.2662859611453512,76.59763827156681,36.39154175141335,4.515257174849172,250.11908238088995,3392.4833163366293,8676.655287972068,1402.2374690862628,1980.0085810427215,5294.409237843083,1620.0751394824092,7056.580148489657,18.769113706132995,8,1,0,0,7,44.283677395291186,38.8209193488228,49.74643544175957,1.0,0.0,0.0,0.6069731162742654,1,0,0.0,0.6069731162742654,0.0,1.0,0.0,0.0,1.0,0.0,0.3930268837257346,0.0,14,3,2024,3,4,1,0,0,1,1,0,1,GRAVE_LESIONADOS,1
6,1,14,1,4,1,-12.297703479311469,-76.83663675555826,0,2,5,0,2,1,1,0,6621.799844193452,2.188499852795561,2,0,1.0,7,30,1589.421520755826,0.600273003384179,77.40298524581657,66.29274857214217,8.915370230356508,1101.4867672151113,19441.560776352362,7626.313,1683.4029999999998,1599.0829999999996,4343.827000000001,1814.875,5811.438000000001,23.797541485643197,6,2,0,0,3,45.30350132483995,33.13099911677337,67.2140052993598,1.0,0.0,0.0,0.18849985279556114,2,0,0.0,0.8115001472044389,0.18849985279556114,0.0,0.0,0.0,1.0,0.0,0.0,0.8115001472044389,5,0,2021,10,4,1,0,0,0,1,0,1,GRAVE_LESIONADOS,1
3,1,14,0,4,1,-9.907264504970886,-76.50203526703123,0,4,5,1,2,0,1,1,9512.033134376576,2.0,2,0,1.0,9,29,3499.0287170972197,0.3861721303373009,73.62650192552519,77.13989354140001,6.943422524998619,393.2010325028718,4177.679822028893,3721.3167455599473,679.7607157205127,847.297928583168,2194.2581012562673,659.668733121089,3061.6480124388586,17.649293552612686,7,1,0,0,5,39.97516583059157,30.31556382401135,49.63476783717179,1.0,0.0,0.0,0.8049668338816853,1,0,0.0,0.0,0.19503316611831467,0.8049668338816853,0.0,0.8049668338816853,0.19503316611831467,0.0,0.0,0.0,14,3,2023,7,16,4,0,1,1,1,0,1,GRAVE_LESIONADOS,1
3,2,3,0,4,1,-15.988288999619884,-71.25627358541672,1,4,0,0,2,0,1,0,1504.4250000000002,2.0,2,0,1.0,7,25,241.0,0.4504335558373676,81.64003193521106,59.23704508133633,5.783280588841285,620.554347036834,1371.461007206855,10322.272,1495.236,1749.739,7077.2970000000005,2886.595,7435.677000000001,27.964725207783708,8,2,0,0,6,39.09801566593959,32.09801566593959,46.09801566593959,1.0,1.0,0.0,0.032671888646530256,2,0,0.0,0.9673281113534697,0.0,0.032671888646530256,0.0,0.032671888646530256,0.9673281113534697,0.0,0.032671888646530256,0.0,12,2,2023,3,12,6,1,0,0,1,0,1,GRAVE_LESIONADOS,1
6,1,5,0,4,2,-6.234710055191168,-78.8106631221852,0,4,5,0,1,2,2,1,6543.555,2.0,4,4,1.0,14,33,1198.0,0.3062196646281316,75.12867050643779,32.920673703140544,4.433804468073504,381.1628529549229,9175.924788108978,15935.565011852366,1733.9250000199986,935.692,13265.948011832368,2000.1670000199988,13935.398011832369,12.551591352627522,7,1,0,0,6,51.119807469597816,51.119807469597816,51.119807469597816,1.0,0.26859893291459747,0.0,0.7314010670854025,1,0,0.0,1.0,0.0,0.0,0.0,0.0,1.0,0.26859893291459747,0.26859893291459747,0.26859893291459747,17,2,2023,5,17,4,0,0,2,1,0,1,GRAVE_LESIONADOS,1
4,1,11,1,4,1,-10.865050726694168,-76.6910964211957,0,4,3,0,2,1,1,2,8257.800996835593,2.4948259516005464,2,0,1.0,4,31,2664.6848839807135,0.5226303707738056,75.51303779145785,63.25161717611018,6.765849194595948,950.4211701829245,19900.57469076226,7920.700145660491,1506.6299711138208,1191.3539944925105,5222.71618005416,1433.460510673638,6487.239634986854,18.297867254567468,6,1,0,0,5,45.07243667759235,43.55691453239399,46.58795882279071,1.0,0.0,0.0,1.0,1,0,0.0,0.5051740483994537,0.4948259516005463,0.5051740483994537,0.0,0.5051740483994537,1.0,0.0,0.0,0.0,4,0,2021,4,19,1,0,1,1,1,0,1,GRAVE_LESIONADOS,1
6,1,5,0,4,2,-7.1543105030882,-78.31208798854438,0,4,0,0,1,2,2,0,6543.555,2.0,4,4,1.0,14,33,1198.0,0.26562701070499717,73.79380401333914,36.0272004320149,3.6528323295564338,300.71215707688236,10236.57678968629,15935.565011852366,1733.9250000199986,935.692,13265.948011832368,2000.1670000199988,13935.398011832369,12.551591352627522,8,1,0,0,7,44.363793900378894,44.363793900378894,44.363793900378894,1.0,1.0,0.0,0.0861161105063738,1,0,0.0,1.0,0.0,0.0,0.0861161105063738,0.0,0.9138838894936262,1.0,1.0,1.0,16,2,2022,3,25,5,1,0,2,1,0,1,GRAVE_LESIONADOS,1
6,1,12,0,4,2,-7.746484490478065,-78.35374757249693,0,4,7,1,4,2,2,0,6543.555,2.4408633435370315,3,2,1.0,7,31,1320.1191461597577,0.34045772364493176,75.25464373691021,40.56560725837579,5.299732369941129,506.933672905353,14335.718248593676,8931.828000000005,1335.5899999999997,1935.9830000000004,5660.255000000005,1219.309,7712.519000000005,13.651281686122925,10,1,0,0,9,26.967770091833284,26.967770091833284,26.967770091833284,1.0,0.0,0.0,0.0,1,0,0.0,0.0,0.4408633435370316,0.5591366564629684,0.0,0.0,1.0,0.0,0.0,0.0,17,2,2022,9,18,1,0,0,0,1,0,1,GRAVE_LESIONADOS,1
6,1,8,0,4,1,-13.594416983979352,-75.28244034918075,1,4,0,0,2,1,1,0,1679.5849999999998,2.0,2,3,1.0,9,24,315.0,0.5258594244692153,73.82156528983522,52.91202227434253,8.902806700766412,891.2832603689374,2062.0406852248398,8511.426,1445.3929999999996,2008.516,5057.516999999999,1879.579,6631.846999999998,22.08300935706896,4,1,0,0,3,27.447114604913068,27.447114604913068,27.447114604913068,1.0,0.5027834418466806,0.0,0.0,1,0,0.0,0.0,0.0,1.0,0.0,1.0,0.0,0.0,0.0,0.0,16,3,2022,3,9,3,0,0,2,1,0,1,GRAVE_LESIONADOS,1
6,1,22,0,4,1,-18.053222052766746,-70.59715621416842,0,4,5,1,2,2,2,1,1813.1738810728325,1.8555635158449224,1,0,0.8555635158449224,9,32,361.65728293834815,0.5478749179522072,75.40025931105434,73.33504486322971,8.693708196252263,854.3563764074553,2605.889559412683,2650.572,630.6729999999998,487.3610000000001,1532.5379999999998,1068.7019999999998,1581.87,40.31967439480987,6,1,0,0,5,24.866618904930466,24.866618904930466,24.866618904930466,1.0,0.8555635158449224,0.0,1.0,1,0,0.0,0.0,0.0,1.0,0.0,1.0,0.0,0.0,0.0,0.0,8,0,2022,3,8,0,0,0,0,1,0,1,GRAVE_LESIONADOS,1
6,1,9,1,4,2,-11.015826907032338,-74.68292845124054,0,4,3,0,7,2,2,2,6543.555,2.0,4,4,1.0,14,33,1198.0,0.25756915249342727,72.81453587385975,40.86635902071927,5.269298680106183,259.73501523897795,1545.6883022498869,3349.752304368953,923.2802586626517,541.8471398255282,1884.6249058807732,998.8983459894154,2350.8539583795377,31.310068300826295,4,1,0,0,3,31.862728344298826,31.862728344298826,31.862728344298826,1.0,0.0,0.0,0.44206621311807504,1,0,0.0,0.44206621311807504,0.557933786881925,0.0,0.0,0.0,1.0,0.0,0.0,0.0,10,1,2023,5,10,4,0,0,0,1,0,1,GRAVE_LESIONADOS,1
4,1,12,0,4,1,-8.018180476411134,-78.22865693929235,0,4,7,1,2,2,2,2,8803.188958016455,2.3341046520865634,2,0,1.0,5,31,3043.1835443361433,0.43425410018124677,74.36661726692564,56.2709568770854,5.9764736795036,652.3959883344506,68912.1668535079,8931.828000000005,1335.5899999999997,1935.9830000000004,5660.255000000005,1219.309,7712.519000000005,13.651281686122925,6,1,0,0,4,30.656639522874677,27.99305813122093,33.32022091452843,1.0,0.0,0.0,0.0,1,0,0.0,1.0,0.0,0.0,0.0,0.0,1.0,0.0,0.6658953479134367,0.0,10,0,2022,6,7,2,0,0,0,1,0,1,GRAVE_LESIONADOS,1
6,1,2,2,4,2,-11.382645341603604,-75.97467504930667,2,4,3,0,2,1,0,1,6543.555,2.0,4,4,1.0,14,33,1198.0,0.3083029635254093,72.94215531706311,52.0252484061335,4.50744369904233,362.7059038855842,15720.55045352227,11764.91115833262,1843.3222701152138,1510.4131453571295,8411.175742860278,2301.264585580508,9463.646572752112,19.556489971600936,6,1,0,0,4,40.65070599511697,36.347183872863674,44.95422811737026,0.47816912469481065,0.5218308753051893,0.0,0.0,1,0,0.0,0.47816912469481065,0.0,1.0,0.0,1.0,0.47816912469481065,0.0,0.0,0.0,11,1,2022,4,11,3,0,0,1,1,0,1,GRAVE_LESIONADOS,1
4,1,13,0,4,1,-11.956880902070008,-73.65961680138845,2,4,4,0,2,2,2,1,4998.397716916303,2.0,2,0,1.0,7,27,1728.0865901460397,0.5888364203341838,73.40720984265799,76.98800211039102,9.891313841762662,983.0443242771582,243005.15189690219,14592.51202888021,1901.9222887433793,1766.3987507305947,10924.190989406237,2769.6494465131545,11822.862582367055,19.427675844788748,5,1,0,0,4,32.470049714862384,28.956123702289588,35.98397572743518,1.0,0.4143456645712008,0.0,0.0,1,0,0.0,0.4143456645712008,0.0,0.5856543354287992,0.0,0.5856543354287992,1.0,0.0,0.0,0.0,22,2,2022,8,24,4,0,1,2,1,0,1,GRAVE_LESIONADOS,1
4,2,0,0,4,1,-5.746686737663412,-78.44417844602536,0,3,7,1,2,2,2,0,7758.33400008,2.0,2,0,1.0,9,20,2133.0,0.5091357561040794,71.59482080019094,67.74112187798033,6.911797677292183,883.4140377972046,50527.94748297004,3918.526234568909,1152.2321209725114,588.2486986327497,2178.0454149636485,944.1841188204623,2974.342115748447,24.118671080172255,4,2,0,0,2,29.944778739053138,24.940530949749533,34.94902652835674,1.0,0.008495578607209509,0.0,0.0,2,0,0.0,0.0,0.008495578607209509,1.0,1.0,0.0,0.9915044213927905,0.008495578607209509,1.0,0.008495578607209509,4,0,2023,1,21,6,1,0,1,1,0,1,GRAVE_LESIONADOS,1
3,1,20,0,4,1,-15.394255222036467,-70.48480641574456,0,4,0,1,2,1,1,2,1565.9372801084437,2.0,2,0,1.0,6,24,281.38998888152514,0.43222338402094085,76.05379290036696,66.95792866452345,6.736090395082251,530.6816468000072,7327.8791433174965,13642.312999999998,2020.7790000000005,2354.117,9267.416999999998,3314.0520000000006,10328.260999999997,24.29244952817019,6,2,0,0,4,44.10062265046589,42.459113676041554,45.74213162489022,1.0,0.23899401705044465,0.0,1.0,2,0,0.0,0.0,0.0,1.0,0.0,0.7610059829495553,1.0,0.0,1.0,0.0,8,1,2021,9,3,3,0,0,2,1,0,1,GRAVE_LESIONADOS,1
6,1,2,0,4,1,-14.206552607797029,-74.33096692573065,0,4,4,0,2,0,0,0,6612.303838021309,2.0,2,1,1.0,10,31,1496.0399739982076,0.5932464212587601,80.58355720386531,63.14069340871835,8.814012762190604,1033.0716020759162,4767.475000613619,10450.088546747786,1607.1107776464132,1598.492366068391,7244.485403032982,2660.9519130048775,7789.136633742909,25.537206839211304,5,1,0,0,4,34.41712862675567,31.565071459308705,36.55617150234089,1.0,0.0,0.0,0.7130142918617408,1,0,0.0,0.0,0.0,1.0,0.0,0.7130142918617408,0.2869857081382592,0.0,0.2869857081382592,0.0,8,1,2021,5,14,2,0,0,0,1,0,1,GRAVE_LESIONADOS,1
4,1,10,0,4,1,-8.117137064153464,-78.26076447076468,0,4,4,0,1,2,2,1,6543.555,2.6337136137934776,2,1,1.0,5,31,1373.5386710207933,0.39686284885123013,78.22186139275732,51.55785269923412,4.816605413637295,664.6781379177437,24723.545177734868,8667.08682235513,1334.8164031523315,1516.9491764614218,5815.3212427413755,1160.90463571937,7506.182186635759,13.380071480356673,7,1,0,0,5,43.465145544826086,34.5931549517174,52.33713613793478,1.0,0.6337136137934778,0.0,0.0,1,0,0.0,0.3662863862065222,0.6337136137934778,0.6337136137934778,0.6337136137934778,0.0,1.0,0.0,0.3662863862065222,0.6337136137934778,9,1,2023,3,13,1,0,0,0,1,0,1,GRAVE_LESIONADOS,1
5,1,1,0,4,1,-9.929461653667461,-77.38790759731741,5,4,5,1,5,1,1,0,9936.932,2.0,2,0,1.0,9,32,3830.0,0.45789464082296316,71.28734306837393,70.67374206707836,7.876372516005783,596.6235836133242,3767.391824610213,10767.648,1885.0630000000003,1222.721,7659.864000000001,2100.343,8667.305000000002,19.506051832303577,5,1,0,0,4,21.614546034848956,20.529359355688182,22.69973271400973,1.0,0.05293593556881826,0.0,0.0,1,0,0.0,0.0,0.05293593556881826,1.0,0.05293593556881826,0.0,1.0,0.0,0.05293593556881826,0.05293593556881826,16,2,2022,1,21,3,0,1,0,1,0,1,GRAVE_LESIONADOS,1
5,1,10,0,4,1,-15.288397320582535,-75.10065208372623,0,4,7,1,2,2,2,0,196.8,2.0,2,0,1.0,4,27,35.0,0.5563774842369664,77.00938809632027,69.10246351364754,8.476961866273152,914.8835608305218,27932.19700214133,3721.461,698.1859999999996,744.866,2278.409,1102.9029999999996,2618.558,29.636290693359403,5,1,0,0,3,63.93665674731313,59.15784127312161,68.71547222150465,1.0,0.0,0.0,0.24506746021494963,1,0,0.0,0.24506746021494963,0.24506746021494963,0.7549325397850504,0.0,0.7549325397850504,0.24506746021494963,0.0,0.24506746021494963,0.24506746021494963,21,2,2023,6,17,4,0,1,0,1,0,1,GRAVE_LESIONADOS,1
3,2,5,1,4,1,-5.840624703015856,-78.76750579161919,0,3,0,1,2,1,0,0,507.848657530968,2.0,2,0,1.0,1,20,133.8183891192689,0.5803239946829384,74.49544278598792,68.33065356443184,8.733179344969395,1046.078117086984,102362.46895074946,15935.565011852366,1733.9250000199986,935.692,13265.948011832368,2000.1670000199988,13935.398011832369,12.551591352627522,12,2,0,0,10,42.096576444303196,41.28280256765012,42.91035032095626,1.0,1.0,0.0,0.0,2,0,0.0,1.0,0.0,1.0,0.0,1.0,1.0,0.0,0.044824839521867554,0.0,15,3,2022,10,7,6,1,0,2,1,0,1,GRAVE_LESIONADOS,1
3,2,3,0,4,1,-16.028051800736385,-71.29986161988853,0,4,0,0,2,1,1,0,1504.4250000000002,2.0,2,0,1.0,7,25,241.0,0.4685280505645348,81.83746865987648,70.74305753660312,6.037751599761188,617.4715908037651,1751.8736616702354,10322.272,1495.236,1749.739,7077.2970000000005,2886.595,7435.677000000001,27.964725207783708,5,2,0,0,3,42.92310771845129,34.28333511248431,51.56288032441827,1.0,0.0,0.0,0.7598484039779858,2,0,0.0,1.0,0.0,1.0,0.0,1.0,1.0,0.0,0.0,0.0,13,2,2022,10,20,5,1,0,0,1,0,1,GRAVE_LESIONADOS,1
3,3,4,1,4,1,-14.07307409529898,-73.19084413392116,0,4,2,1,2,0,1,0,7001.791663520222,2.0,2,0,1.0,9,27,1783.2622253020486,0.5582503696829637,76.2352002915577,62.037948994443894,7.892779672514336,1015.4510537443582,34355.85538033751,9638.594933381686,1442.9033055311243,1439.8794188979873,6755.812208952574,2295.6009412004582,7342.993992181227,23.09442590530483,8,3,0,0,5,50.25723418999169,41.029263025848174,57.7940168884778,1.0,0.0,0.0,0.3235246137370379,3,0,0.0,0.6764753862629621,0.0,1.0,0.3235246137370379,1.0,0.6764753862629621,0.0,0.3235246137370379,0.0,20,2,2021,7,19,3,0,0,0,1,0,1,GRAVE_LESIONADOS,1
3,1,11,0,4,1,-13.38640135520155,-75.06609223153427,1,4,6,1,2,2,2,0,6019.350079018048,2.0,2,0,1.0,8,28,1422.9964660440942,0.5768828566415244,79.33674901978328,67.50882345286205,8.805097796745406,950.6012988252621,12201.066742604335,3421.649310352896,643.2709802028601,670.4502707577346,2107.9280593923013,990.9464290873053,2430.7028812655903,28.53106650151175,8,2,0,0,6,49.83471310251368,45.6104324367364,54.05899376829096,1.0,0.0,0.0,0.816187110518185,2,0,0.0,0.0,0.0,1.0,0.18381288948181496,1.0,0.816187110518185,0.0,0.18381288948181496,0.0,21,2,2022,9,19,5,0,0,0,1,0,1,GRAVE_LESIONADOS,1
3,1,18,0,4,1,-5.035121745991737,-80.20549750227343,0,4,7,1,2,2,2,1,6543.555,3.0,2,0,1.0,0,30,1475.0,0.5677737563390806,77.8457875190078,70.3742539615886,8.517136992657626,930.4630557602525,9655.73296227519,2045.8571054923693,297.7947791818134,457.6514058316749,1290.410920478881,457.35924491985713,1588.4978605725119,24.43628365280231,6,2,0,0,4,50.98055396481014,48.65370264320676,53.30740528641353,1.0,0.5769361233448397,0.0,0.5769361233448397,2,0,0.0,0.4230638766551603,1.0,0.5769361233448397,0.5769361233448397,0.5769361233448397,0.4230638766551603,0.5769361233448397,0.5769361233448397,0.5769361233448397,13,1,2024,3,9,5,0,0,0,1,1,1,GRAVE_LESIONADOS,1