CLASE SINIESTRO,CANTIDAD DE VEHICULOS DAÑADOS,DEPARTAMENTO,ZONA,TIPO DE VÍA,RED VIAL,COORDENADAS LATITUD,COORDENADAS  LONGITUD,CONDICIÓN CLIMÁTICA,ZONIFICACIÓN,CARACTERÍSTICAS DE VÍA,PERFIL LONGITUDINAL VÍA,SUPERFICIE DE CALZADA,¿EXISTE SEÑAL VERTICAL?,¿EXISTE SEÑAL HORIZONTAL?,CAUSA FACTOR PRINCIPAL,MTC_RVN_LONGITUD_KM,MTC_RVN_N_CARRILES_MEDIANA,MTC_RVN_SUPERFICIE_DOMINANTE,MTC_RVN_ESTADO_DOMINANTE,MTC_RVN_ES_CONCESIONADA,MTC_RVN_CONCESION_PRINCIPAL,MTC_RVN_CORREDOR_LOGISTICO,MTC_RVN_N_TRAMOS,IDH_2019,IDH_ESP_VIDA_2019,IDH_EDUC_SECUND_PCT_2019,IDH_ANIOS_EDUC_2019,IDH_INGRESO_PERCAP_2019,IDH_POBLACION_2019,MTC_DEP_RED_TOTAL_KM,MTC_DEP_NACIONAL_TOTAL_KM,MTC_DEP_DEPARTAMENTAL_TOTAL_KM,MTC_DEP_VECINAL_TOTAL_KM,MTC_DEP_PAV_TOTAL_KM,MTC_DEP_NO_PAV_TOTAL_KM,MTC_DEP_PCT_PAVIMENTADA,PER_TOTAL_PERSONAS,PER_N_CONDUCTORES,PER_N_CONDUCTORES_FUGADOS,PER_N_PEATONES,PER_N_PASAJEROS_OCUPANTES,PER_EDAD_COND_PROM,PER_EDAD_COND_MIN,PER_EDAD_COND_MAX,PER_ANY_COND_MASCULINO,PER_ANY_LIC_PROBLEMA,PER_ANY_DOSAJE_POS,PER_ANY_DOSAJE_EVALUADO,VEH_TOTAL,VEH_N_FUGADOS,VEH_ANY_FUGADO,VEH_ANY_CARGA,VEH_ANY_PUBLICO,VEH_ANY_PARTICULAR,VEH_ANY_MOTO,VEH_ANY_AUTO,VEH_ANY_CAMION_BUS,VEH_ANY_SOAT_PROBLEMA,VEH_ANY_CITV_PROBLEMA,VEH_ANY_SEGURO_PROBLEMA,HORA_NUM,FRANJA_HORARIA,ANIO,MES,DIA_MES,DIA_SEMANA,ES_FIN_SEMANA,ES_QUINCENA,REGION_NATURAL,TIENE_SEÑALIZACION,ES_VIA_MULTICARRIL,ES_DEPTO_BAJO_PAVIMENTO,CATEGORIA_SEVERIDAD,CATEGORIA_SEVERIDAD_ENC
6,1,5,0,4,2,-7.9322262696984405,-77.10083279454072,0,4,0,0,1,1,0,2,6543.555,2.0,4,4,1.0,14,33,1198.0,0.2042799697753901,71.30601660538099,38.81460284502133,3.4994299491821406,165.79079372175647,1445.8459726840572,16221.025959945788,1790.2014855343925,1234.1381041267387,13196.686370284657,2136.2022879188453,14084.823672026943,13.115203678102752,4,1,0,0,3,24.083889762532184,24.083889762532184,24.083889762532184,1.0,0.0,0.0,1.0,1,0,0.0,0.0,0.0,1.0,0.0,1.0,0.0,0.0,0.8451586053525451,0.0,13,2,2023,1,1,0,0,0,2,1,0,1,GRAVE_LESIONADOS,1
4,2,16,1,2,2,-13.859877205671486,-71.81949370161979,2,3,2,1,3,2,2,1,6267.523572096435,2.0,3,2,0.6438060565386206,12,32,901.290445096671,0.4968872823397587,75.41993309573489,70.01571627468257,8.108435743313025,687.1696235015453,64046.21860543809,13151.560382905102,1951.5651738763022,1909.3810784608777,9290.614130567921,2699.4336514542947,10452.126731450806,20.253143408540367,7,2,0,0,4,44.65709084807931,35.45134535692689,55.79425450884759,1.0,0.35619394346137945,0.6438060565386206,0.6438060565386206,2,0,0.0,0.35619394346137945,0.6438060565386206,1.0,1.0,0.6438060565386206,0.35619394346137945,0.0,1.0,1.0,15,2,2022,2,15,3,0,0,2,1,0,1,GRAVE_LESIONADOS,1
5,1,1,0,4,1,-9.849682114569259,-77.41718560362938,4,4,4,1,4,1,1,0,9936.932,2.0,2,0,1.0,9,32,3830.0,0.4220643433717908,72.13448153793023,65.8463878534727,7.29144654670502,518.2507311112172,3266.80568475203,10767.648,1885.0630000000003,1222.721,7659.864000000001,2100.343,8667.305000000002,19.506051832303577,5,1,0,0,4,29.24110307500498,23.02986986065737,35.45233628935259,1.0,0.30298698606573704,0.0,0.0,1,0,0.0,0.0,0.30298698606573704,1.0,0.30298698606573704,0.0,1.0,0.0,0.30298698606573704,0.30298698606573704,14,2,2022,1,23,2,0,1,0,1,0,1,GRAVE_LESIONADOS,1
5,1,15,0,4,1,-6.984139272785839,-79.42279037829519,0,4,7,0,2,1,1,1,3684.341880862039,0.6803479490280453,3,2,0.5601159830093484,11,32,686.4148882398722,0.4876476796908507,75.84127223647944,55.74049940278581,6.662933911851709,813.367178010552,71264.16417756373,8946.791974516385,1532.1398562661893,1364.5793804213645,6050.072737828831,1657.079814199421,7289.7121603169635,18.51114700038144,6,1,0,0,5,28.0,28.0,28.0,1.0,0.5601159830093484,0.0,0.4398840169906516,1,0,0.0,0.0,0.4398840169906516,0.5601159830093484,0.4398840169906516,0.5601159830093484,0.0,0.4398840169906516,1.0,0.4398840169906516,12,1,2023,7,21,3,0,0,0,1,0,1,GRAVE_LESIONADOS,1
4,1,7,1,4,1,-13.82045830832136,-71.90117938807542,0,1,7,1,3,0,1,2,7183.688056433578,2.0,2,1,1.0,10,15,1198.0,0.4492256561607355,68.2438714065304,66.92642218869298,6.8172276801226,709.5341402726297,8098.702572482086,17779.13499998999,2097.3709999899997,2863.123,12818.640999999989,2878.713,14900.421999989989,16.19152450331032,14,1,0,0,12,27.625544103803644,25.478163078951418,29.77292512865587,1.0,1.0,0.0,0.6135374356720648,1,0,0.0,0.0,0.6135374356720648,1.0,0.0,0.6135374356720648,1.0,0.0,0.0,0.0,9,1,2022,6,20,5,0,0,2,1,0,1,GRAVE_LESIONADOS,1
4,1,5,0,4,1,-13.693967110690554,-73.63900018942945,0,4,4,0,2,0,1,2,459.17324552956904,2.0,2,1,0.5797503981924581,7,18,110.43965483200252,0.5044369746014585,75.88387397551246,63.555839062896325,7.661956530369158,842.7353906226707,20633.081967786016,9434.194237716276,1427.2572649108156,1347.2399008736052,6659.697071931855,2118.909923392498,7315.284314323778,21.63833996337106,4,1,0,0,3,36.86823685964888,36.44798725784134,37.28848646145642,1.0,0.5797503981924581,0.0,1.0,1,0,0.0,0.4202496018075419,0.0,0.5797503981924581,0.0,1.0,0.4202496018075419,0.0,0.4202496018075419,0.0,17,3,2021,1,4,2,0,0,0,1,0,1,GRAVE_LESIONADOS,1
3,1,14,1,2,4,-12.188752950676182,-76.92763431464175,0,1,5,0,1,2,2,0,6543.555,2.0,4,4,1.0,14,33,1198.0,0.6950037230388694,80.0295782695021,74.17076266145979,9.895299206436588,1422.5813355949083,456314.4831753854,7626.313,1683.4029999999998,1599.0829999999996,4343.827000000001,1814.875,5811.438000000001,23.797541485643197,5,1,0,0,3,55.7328788354221,55.7328788354221,55.7328788354221,1.0,1.0,0.0,0.4378891173767705,1,0,0.0,0.4378891173767705,0.0,0.5621108826232295,0.5621108826232295,0.0,1.0,1.0,1.0,0.5621108826232295,17,2,2022,3,19,4,0,1,0,1,0,1,GRAVE_LESIONADOS,1
3,1,10,0,4,1,-11.616291168160311,-76.13711081749103,0,4,0,0,2,0,1,2,883.6637120811191,2.0,2,0,1.0,3,14,155.75954615662639,0.7257041152996008,79.97839032310901,69.43526199948899,10.34968909913111,1626.3499916691012,4143.706259009639,12266.974099914127,1826.338553470493,1109.4595412689278,9331.176005174706,1593.7957166935935,10673.178383220533,12.991265043521377,6,1,0,0,4,35.60263273802532,27.152482925066195,44.05278255098445,1.0,0.0,0.0,1.0,1,0,0.0,0.0,0.005864727887161303,0.9941352721128387,0.0,0.9941352721128387,1.0,0.0,0.0,0.0,4,0,2023,5,13,4,0,0,2,1,0,1,GRAVE_LESIONADOS,1
5,1,12,0,4,1,-8.369993340275814,-78.76336030761705,0,4,7,1,2,2,2,2,6809.968581883506,2.0,3,3,1.0,13,32,1404.6379737699012,0.49678207823106324,76.80671122311833,52.08073880610947,6.628216892401221,871.6014141339597,67765.65957576371,8931.828000000005,1335.5899999999997,1935.9830000000004,5660.255000000005,1219.309,7712.519000000005,13.651281686122925,6,1,0,0,5,28.54956907917527,28.23552960536083,28.86360855298971,1.0,0.9214901315463901,0.0,0.0,1,0,0.0,0.07850986845360985,0.0,0.9214901315463901,0.0,0.9214901315463901,0.07850986845360985,0.0,1.0,0.0,5,0,2022,7,28,5,0,0,0,1,0,1,GRAVE_LESIONADOS,1
3,2,12,0,4,1,-7.191753483895552,-79.49012076053768,0,4,7,1,2,2,2,1,6543.555,2.1187419322369885,3,3,1.0,12,32,1230.8915152296458,0.5114727232493018,78.60606800160349,61.153108160372966,6.422343227671115,862.4189512831092,24701.19700214133,8931.828000000005,1335.5899999999997,1935.9830000000004,5660.255000000005,1219.309,7712.519000000005,13.651281686122925,4,2,0,0,2,33.57509681315614,24.762516135526024,42.38767749078626,1.0,0.11874193223698837,0.0,0.0,2,0,0.0,0.0,1.0,0.11874193223698837,1.0,0.0,0.0,0.11874193223698837,0.0,0.0,18,2,2021,2,6,4,0,0,0,1,0,1,GRAVE_LESIONADOS,1
3,1,18,0,4,0,-5.993143096398489,-80.37891030925111,0,4,7,1,1,2,2,1,6543.555,2.9221210109087092,2,0,1.0,1,30,1453.4275200217126,0.4869352121325271,72.59734408304375,56.977484601394394,7.4152792114340915,793.3595979880388,48354.46796161124,8963.196712604422,1747.6139543915779,738.1597944027284,6477.422963810117,2137.00014162763,6826.196570976793,23.838930573942076,6,1,0,0,4,50.38939494545645,50.38939494545645,50.38939494545645,1.0,0.0,0.0,0.9221210109087092,1,0,0.0,0.9221210109087092,0.07787898909129076,0.0,0.0,0.0,1.0,0.0,0.9221210109087092,0.0,4,0,2022,3,20,0,0,1,0,1,0,1,GRAVE_LESIONADOS,1
4,1,13,0,4,1,-5.890461032149271,-79.7935779280154,0,4,7,1,2,1,1,0,1305.18,2.0,2,0,1.0,1,20,163.0,0.4703091457296942,74.91176543888524,59.04522375211969,6.365443427676777,742.49897987499,44335.321199143465,3459.691,515.0619999999999,689.7280000000001,2254.901,703.3549999999999,2756.336,20.329994788551925,5,2,0,0,3,35.50269570989535,34.32991009473737,36.675481325053326,1.0,0.0,0.0,0.29319640378949485,2,0,0.7068035962105051,0.0,0.0,0.29319640378949485,1.0,0.0,0.29319640378949485,0.7068035962105051,0.29319640378949485,0.7068035962105051,12,2,2021,8,24,0,0,1,0,1,0,1,GRAVE_LESIONADOS,1
5,1,19,0,3,1,-5.160252919387267,-80.50779983154526,0,4,6,0,2,2,2,0,1724.0500820852421,2.0,2,0,1.0,2,21,245.76050014713053,0.6220812987247925,80.20155828147696,72.71675503872983,10.02377668600292,1028.915688621886,159840.92719486082,8965.846000060003,1782.4120000599992,636.9959999999999,6546.438000000004,2214.505000059999,6751.341000000004,24.699342371541725,4,1,0,0,3,28.359828261509264,28.31984734356379,28.399809179454735,1.0,0.07996183589094741,0.0,1.0,1,0,0.0,0.0,0.07996183589094741,1.0,0.07996183589094741,0.07996183589094741,0.9200381641090526,0.07996183589094741,1.0,0.0,6,1,2021,11,5,3,0,0,0,1,0,1,GRAVE_LESIONADOS,1
6,1,3,0,4,0,-16.042046804023048,-71.63088117404641,6,4,0,0,2,1,0,0,6569.654313126774,2.0,3,2,1.0,12,32,1311.1457465981237,0.5865944711933847,77.67073593474291,67.32632645787277,8.609009405376343,1036.2583167676287,7807.373389385021,10322.272,1495.236,1749.739,7077.2970000000005,2886.595,7435.677000000001,27.964725207783708,5,1,0,0,4,37.41367208603462,34.97751964731904,39.849824524750204,1.0,0.0,0.0,0.2706836043017311,1,0,0.0,0.0,0.0,1.0,0.0,1.0,0.2706836043017311,0.0,0.0,0.0,10,2,2022,10,11,3,0,0,0,1,0,1,GRAVE_LESIONADOS,1
6,1,11,0,4,1,-11.759418064481455,-76.14325442948717,0,4,3,0,5,2,2,0,6930.106499873171,2.0,3,2,1.0,12,22,1198.0,0.4472765792330077,77.9483214000921,56.703050421720626,7.231847358007056,587.3069035468568,1697.9198661250862,7954.239787330058,1595.2223330654647,1750.7744205495878,4608.243033715005,1838.8472779434987,6115.392509386559,23.16232201344302,4,1,0,0,3,67.51803425176195,67.51803425176195,67.51803425176195,1.0,0.0,0.0,0.0,1,0,0.0,0.0,0.0,1.0,0.0,0.37049143705951426,0.6295085629404857,0.0,0.0,0.0,8,1,2024,5,25,2,0,1,0,1,0,1,GRAVE_LESIONADOS,1
6,1,7,0,4,2,-13.030073581712081,-72.50081586279023,0,4,0,0,1,1,0,0,5209.041717829404,1.5689214058447163,3,3,0.5689214058447163,11,23,1159.6340051201798,0.4706944943299555,76.79406176595778,61.64424635983724,7.141255198110581,653.4175319142125,3282.6252676659524,17779.13499998999,2097.3709999899997,2863.123,12818.640999999989,2878.713,14900.421999989989,16.19152450331032,9,1,0,0,8,47.34332779872035,47.34332779872035,47.34332779872035,1.0,0.5689214058447163,0.0,0.0,1,0,0.0,0.5689214058447163,0.0,0.4310785941552837,0.0,0.4310785941552837,0.5689214058447163,0.5689214058447163,1.0,0.0,6,1,2023,5,13,3,0,0,2,1,0,1,GRAVE_LESIONADOS,1
6,1,11,0,4,1,-9.382162181762894,-78.17490666325324,0,4,7,1,2,2,2,0,6666.973709945522,2.8817089696385847,2,0,1.0,1,27,1442.233384589888,0.48810159281878235,77.41764531299141,55.57837127711353,6.395461566050018,817.6129784817778,9867.560113333804,8882.098214254005,1348.5787100067741,1944.5630033052048,5588.956500942026,1297.4130186167317,7584.685195637273,14.648679440045989,4,1,0,0,3,39.752470423133104,39.752470423133104,39.752470423133104,1.0,0.0,0.0,0.0,1,0,0.0,0.0,0.0,1.0,0.0,1.0,0.0,0.0,0.0,0.0,5,0,2021,3,18,4,0,0,0,1,0,1,GRAVE_LESIONADOS,1
3,1,8,0,4,1,-12.552536197924313,-74.91584572397258,0,4,4,1,2,1,0,0,788.2644781886929,-0.8838111745208403,1,0,0.0,9,32,158.5476396815105,0.26196313346598593,65.29866139925214,56.95712308371423,4.42210306962041,240.338133766584,28977.95587150003,8511.426,1445.3929999999996,2008.516,5057.516999999999,1879.579,6631.846999999998,22.08300935706896,7,1,0,0,5,49.17428323821874,39.75522736561454,58.59333911082294,1.0,0.9419055872604202,0.0,0.0,1,0,0.0,0.0,0.0,1.0,0.0,1.0,0.0,0.0,0.0,0.0,6,1,2021,6,28,1,0,0,2,1,0,1,GRAVE_LESIONADOS,1
2,1,10,0,4,1,-13.573588772663111,-76.02051415765372,0,4,6,1,2,2,2,4,303.928680842209,-0.4791264962225361,1,0,0.7395632481112681,11,31,75.68176319007455,0.6021884869461538,79.54347762800862,68.60412323106247,9.44464788540845,1011.6086161958178,5660.777144590336,3721.461,698.1859999999996,744.866,2278.409,1102.9029999999996,2618.558,29.636290693359403,6,1,0,0,3,51.7296085415521,49.510918797218295,53.948298285885905,1.0,0.0,0.0,0.26043675188873194,1,0,0.0,0.0,0.0,1.0,0.0,0.7395632481112681,0.26043675188873194,0.0,0.0,0.0,19,2,2021,1,25,2,0,1,0,1,0,1,GRAVE_LESIONADOS,1
6,1,5,2,2,3,-6.549373346128703,-78.67049184585706,0,0,7,0,1,2,2,5,6543.555,2.0,4,4,1.0,14,33,1198.0,0.4639196979340524,72.9741300397316,63.827531092491256,6.097148161701599,737.81226218057,46641.37789216816,15935.565011852366,1733.9250000199986,935.692,13265.948011832368,2000.1670000199988,13935.398011832369,12.551591352627522,6,1,0,0,5,53.96056286974367,53.96056286974367,53.96056286974367,1.0,0.08661976085469403,0.0,1.0,1,0,0.0,0.0,1.0,0.0,0.0,0.0,1.0,0.08661976085469403,0.08661976085469403,0.08661976085469403,13,2,2024,6,11,3,0,0,2,1,0,1,GRAVE_LESIONADOS,1
3,1,6,2,4,1,-11.281159225440053,-74.27130587380998,0,4,7,1,1,2,2,1,7241.715649868976,2.0,2,1,1.0,10,14,1198.0,0.39078610375833556,74.34492722084089,63.277056523303564,6.284208302663329,456.5899031260557,19140.522765044614,17169.197530433994,1977.126401212444,2225.440463156693,12966.630666064855,2588.0497067351375,14581.147823698855,14.987267746275979,8,1,0,0,7,41.68034785544168,30.63930428911664,52.72139142176672,1.0,0.6691541555348508,0.0,0.6691541555348508,1,0,0.0,0.3308458444651492,0.6691541555348508,0.6691541555348508,0.0,0.6691541555348508,1.0,0.0,0.6691541555348508,0.0,7,0,2023,4,7,1,0,0,2,1,0,1,GRAVE_LESIONADOS,1
4,1,10,0,4,1,-14.006727627578108,-75.70197670831396,3,4,6,1,4,2,2,0,6639.975,2.0,2,0,1.0,9,31,1616.0,0.5665774273327082,79.76052793516646,68.54720194519557,8.867237028606686,885.5368041728178,27182.535191025283,3721.461,698.1859999999996,744.866,2278.409,1102.9029999999996,2618.558,29.636290693359403,5,2,0,0,3,37.0,35.23091116561799,38.76908883438201,0.5896962781273379,1.0,0.0,0.0,2,0,0.0,0.5896962781273379,0.0,1.0,0.5896962781273379,1.0,0.0,0.41030372187266206,1.0,1.0,10,0,2022,5,23,3,0,1,0,1,0,1,GRAVE_LESIONADOS,1
4,1,11,0,4,1,-10.936430654720942,-74.8642967876318,3,4,6,1,4,2,2,0,5768.608,2.0,3,1,0.0,9,32,365.0,0.4504704361939795,78.21109613042135,53.36127577481231,6.956854509393587,612.1696439943328,61517.46466809421,12264.545,1826.4639999999995,1105.5389999999998,9332.542,1588.5359999999996,10676.009,12.952261987705208,7,2,0,0,5,39.707009994910614,30.826122988294415,48.58789700152681,1.0,0.5292990005089384,0.0,0.0,2,0,0.0,1.0,0.4707009994910616,0.5292990005089384,0.5292990005089384,0.0,1.0,0.0,0.5292990005089384,0.5292990005089384,11,2,2022,6,12,3,0,0,2,1,0,1,GRAVE_LESIONADOS,1
3,1,11,0,4,1,-8.20907736863245,-78.44989162764237,0,4,0,0,2,2,2,1,626.9749395332335,1.950851609654823,1,0,0.950851609654823,8,29,101.7201936620812,0.37164058173022274,73.87351110857843,51.48444309547477,5.570730718025291,461.5742962382964,26710.043182721467,8911.165918402112,1340.986640705071,1939.547880196907,5630.631397500133,1251.76020769321,7659.405710708901,14.065687528978811,5,1,0,0,4,35.3600968310406,26.32700653931978,44.39318712276142,1.0,0.0,0.0,0.0,1,0,0.0,0.950851609654823,0.0,1.0,0.0,1.0,0.950851609654823,0.0,0.950851609654823,0.0,16,3,2021,9,14,3,0,0,0,1,0,1,GRAVE_LESIONADOS,1
5,1,18,0,4,1,-15.109669680883718,-71.33796584364639,0,3,1,1,2,0,1,1,7387.558699037256,2.0,2,0,1.0,9,10,1198.0,0.6483973433686183,71.17212039210085,79.97844783462436,11.238751635159101,1239.6781322653455,144025.4862880534,12492.883169692308,1956.3192196758835,2209.858588680762,8326.705361335662,3027.616035121145,9465.267134571162,24.197891338785265,4,1,0,0,3,26.14637283607815,25.95531069673179,26.337434975424507,1.0,0.19106213934635818,0.0,0.0,1,0,0.0,0.0,0.19106213934635818,0.0,0.19106213934635818,0.0,1.0,0.19106213934635818,1.0,0.19106213934635818,5,0,2021,5,12,1,0,0,1,1,0,1,GRAVE_LESIONADOS,1
3,1,13,0,4,1,-10.524124340869353,-77.7625079853118,0,4,7,1,2,2,2,1,891.8362448928063,-0.37154082260094334,0,0,1.0,7,16,161.4189727849327,0.5739707108274967,78.58129723599004,62.80817743182295,7.1016735802846815,1134.6383280826685,20509.85548809423,6753.462388449063,1438.6514587394695,1408.58550157876,3906.2254281308333,1582.0266850458001,5171.435703403264,23.07113763736093,5,2,0,0,3,49.94861059964167,44.019758543139304,55.87746265614402,1.0,0.0,0.0,0.7905136075336477,2,0,0.20948639246635226,0.0,0.20948639246635226,0.7905136075336477,0.20948639246635226,0.7905136075336477,0.0,0.20948639246635226,0.20948639246635226,0.20948639246635226,6,0,2021,11,7,4,0,0,0,1,0,1,GRAVE_LESIONADOS,1
3,2,7,0,4,0,-13.720244404337732,-71.6026727397848,0,4,0,0,1,2,2,2,6543.555,2.0,4,4,1.0,14,33,1198.0,0.2717335889453663,63.28126540333577,46.900906760916165,4.142965220627512,313.7487739358682,12636.298947898023,17779.13499998999,2097.3709999899997,2863.123,12818.640999999989,2878.713,14900.421999989989,16.19152450331032,4,2,0,0,2,33.22697941652393,21.90791766609572,44.54604116695214,1.0,1.0,0.0,0.0,2,0,0.0,0.0,0.0,1.0,1.0,0.0,0.0,1.0,0.4539588330478598,1.0,8,1,2023,6,4,2,0,0,2,1,0,1,GRAVE_LESIONADOS,1
3,2,9,0,4,1,-9.243719849209661,-76.20226353799315,0,4,7,1,2,2,2,2,8415.534756349005,2.0,2,0,1.0,9,23,2644.92082404806,0.4813205567734524,73.73624010600142,54.94612993440879,7.311489851672698,776.1716810137262,31440.008872595292,8209.057,1333.4779999999996,791.9770000000001,6083.602,1059.8589999999997,7149.198,12.910849565303296,8,2,0,0,6,58.55345723432783,55.061768442483576,62.04514602617209,1.0,0.0,0.0,0.6983377583688511,2,0,0.0,0.30166224163114885,0.0,0.6983377583688511,0.6983377583688511,1.0,0.30166224163114885,0.30166224163114885,1.0,0.30166224163114885,19,2,2021,6,9,3,0,0,2,1,0,1,GRAVE_LESIONADOS,1
3,2,20,0,4,1,-15.927933517520762,-69.85507580501651,0,4,4,1,2,2,2,2,7586.903,2.0,2,0,1.0,9,5,1198.0,0.3118105155592026,66.04791640924005,72.08392336312093,6.840916393286215,255.5903629523871,6671.801667057807,13642.312999999998,2020.7790000000005,2354.117,9267.416999999998,3314.0520000000006,10328.260999999997,24.29244952817019,13,2,0,0,11,39.46779972336794,28.92009536982479,50.015504076911085,1.0,0.0,0.6159809260350418,0.6159809260350418,2,0,0.0,0.38401907396495816,0.38401907396495816,0.6159809260350418,0.6159809260350418,0.6159809260350418,0.38401907396495816,0.0,0.6159809260350418,0.6159809260350418,12,3,2022,8,19,4,0,0,2,1,0,1,GRAVE_LESIONADOS,1
3,2,13,0,4,0,-6.911922864820782,-79.71590478550509,0,4,7,1,2,2,2,0,6543.555,2.85439951332568,2,0,1.0,2,30,1434.6686651912134,0.5213335040144271,80.26200250344625,68.10463234951544,7.818489190386618,746.3846841301844,10317.309476208884,3459.691,515.0619999999999,689.7280000000001,2254.901,703.3549999999999,2756.336,20.329994788551925,5,2,0,0,3,55.913584669758926,50.777585886444726,61.049583453073126,1.0,0.0,0.0,0.1456004866743198,2,0,0.0,0.8543995133256802,1.0,0.1456004866743198,0.0,0.1456004866743198,1.0,0.0,0.0,0.0,8,1,2022,2,15,3,0,0,0,1,0,1,GRAVE_LESIONADOS,1
6,1,19,0,4,1,-5.155814914817931,-80.54830478339562,1,4,7,0,2,2,2,0,2620.0172722013094,2.251000982595043,2,0,1.0,0,22,492.3132891646966,0.6164751680666084,79.75135819168959,72.6041460295332,9.946038588437297,1015.7133618705693,165873.50308471156,8965.846000060003,1782.4120000599992,636.9959999999999,6546.438000000004,2214.505000059999,6751.341000000004,24.699342371541725,4,1,0,0,3,28.0,28.0,28.0,1.0,0.0,0.0,1.0,1,0,0.0,0.0,0.0,1.0,0.0,0.2510009825950431,0.7489990174049569,0.2510009825950431,1.0,0.0,6,1,2021,10,4,4,0,0,0,1,0,1,GRAVE_LESIONADOS,1
6,1,12,0,4,1,-8.029011104077032,-78.31228698008852,0,4,7,1,2,2,2,2,9012.86319445985,2.0,2,1,1.0,10,32,3113.26587461939,0.4276765504978644,74.1099347428851,56.71174144114235,5.907914396166053,629.3369574168902,69032.77220197629,8931.828000000005,1335.5899999999997,1935.9830000000004,5660.255000000005,1219.309,7712.519000000005,13.651281686122925,5,1,0,1,2,32.3661076169135,32.3661076169135,32.3661076169135,1.0,0.2723153971810828,0.0,0.0,1,0,0.0,0.7276846028189172,0.0,0.2723153971810828,0.0,0.2723153971810828,0.7276846028189172,0.0,1.0,0.0,14,2,2021,6,29,2,0,1,0,1,0,1,GRAVE_LESIONADOS,1
6,1,5,0,4,2,-6.0352256295219835,-78.91405584077948,0,4,6,0,1,2,2,1,6543.555,2.0,4,4,1.0,14,33,1198.0,0.313222402828219,75.37723944542043,32.32702182232016,4.588393188231288,394.8247483794474,8936.465662626764,15935.565011852366,1733.9250000199986,935.692,13265.948011832368,2000.1670000199988,13935.398011832369,12.551591352627522,7,1,0,0,6,52.17748711851338,52.17748711851338,52.17748711851338,1.0,0.11750184021237331,0.0,0.8824981597876267,1,0,0.0,1.0,0.0,0.0,0.0,0.0,1.0,0.11750184021237331,0.11750184021237331,0.11750184021237331,17,2,2023,5,15,4,0,0,2,1,0,1,GRAVE_LESIONADOS,1
3,1,5,0,4,0,-14.39159007255858,-73.3638317183254,0,4,7,1,2,1,1,2,6543.555,2.0,4,4,1.0,14,33,1198.0,0.6092248885979151,79.68387607921672,68.84878020894703,9.408611665431192,1057.3048505233305,14078.232614798582,9971.882584704332,1455.0054919074105,1796.6721567918787,6720.204936005043,2466.441893027942,7505.44069167639,24.35776289472233,4,1,0,0,2,28.02397865972886,24.02397865972886,31.77198043808479,0.7480017783559283,0.0,0.0,0.7480017783559283,1,0,0.0,0.7480017783559283,0.2519982216440717,0.7480017783559283,0.2519982216440717,0.7480017783559283,0.7480017783559283,0.2519982216440717,0.0,0.2519982216440717,19,2,2021,2,18,4,0,1,0,1,0,1,GRAVE_LESIONADOS,1
5,1,14,2,3,1,-12.137353536737493,-76.99156131209361,0,0,7,1,2,1,0,5,6632.334337010698,2.0,2,0,1.0,9,31,1582.8761965408787,0.798326649037458,80.48759473460503,78.77927282251977,13.012625464730366,1755.2462654796257,360110.2976310615,7626.313,1683.4029999999998,1599.0829999999996,4343.827000000001,1814.875,5811.438000000001,23.797541485643197,6,1,0,0,5,32.030166136288464,32.030166136288464,32.030166136288464,1.0,0.0,0.0,0.0,1,0,0.0,0.0,0.0792435489452663,1.0,0.0,1.0,0.0792435489452663,0.0,0.0792435489452663,0.0,3,0,2022,1,21,4,0,1,0,1,0,1,GRAVE_LESIONADOS,1
3,1,3,1,2,2,-16.379621491684887,-72.19138735726499,0,3,3,1,2,1,1,0,6583.898204254527,2.0,3,2,1.0,11,32,1372.8958657788023,0.6077843615696785,76.53072135400231,69.81276959706165,8.77367759087771,1135.5159013374655,74658.55888650964,10322.272,1495.236,1749.739,7077.2970000000005,2886.595,7435.677000000001,27.964725207783708,5,2,0,0,3,31.581588837849754,27.255233486450734,35.907944189248774,1.0,0.5815888378497553,0.0,1.0,2,0,0.0,0.5815888378497553,0.5815888378497553,0.41841116215024465,0.5815888378497553,0.41841116215024465,1.0,0.0,1.0,0.0,10,1,2023,3,12,3,0,0,0,1,0,1,GRAVE_LESIONADOS,1