CLASE SINIESTRO,CANTIDAD DE VEHICULOS DAÑADOS,DEPARTAMENTO,ZONA,TIPO DE VÍA,RED VIAL,COORDENADAS LATITUD,COORDENADAS  LONGITUD,CONDICIÓN CLIMÁTICA,ZONIFICACIÓN,CARACTERÍSTICAS DE VÍA,PERFIL LONGITUDINAL VÍA,SUPERFICIE DE CALZADA,¿EXISTE SEÑAL VERTICAL?,¿EXISTE SEÑAL HORIZONTAL?,CAUSA FACTOR PRINCIPAL,MTC_RVN_LONGITUD_KM,MTC_RVN_N_CARRILES_MEDIANA,MTC_RVN_SUPERFICIE_DOMINANTE,MTC_RVN_ESTADO_DOMINANTE,MTC_RVN_ES_CONCESIONADA,MTC_RVN_CONCESION_PRINCIPAL,MTC_RVN_CORREDOR_LOGISTICO,MTC_RVN_N_TRAMOS,IDH_2019,IDH_ESP_VIDA_2019,IDH_EDUC_SECUND_PCT_2019,IDH_ANIOS_EDUC_2019,IDH_INGRESO_PERCAP_2019,IDH_POBLACION_2019,MTC_DEP_RED_TOTAL_KM,MTC_DEP_NACIONAL_TOTAL_KM,MTC_DEP_DEPARTAMENTAL_TOTAL_KM,MTC_DEP_VECINAL_TOTAL_KM,MTC_DEP_PAV_TOTAL_KM,MTC_DEP_NO_PAV_TOTAL_KM,MTC_DEP_PCT_PAVIMENTADA,PER_TOTAL_PERSONAS,PER_N_CONDUCTORES,PER_N_CONDUCTORES_FUGADOS,PER_N_PEATONES,PER_N_PASAJEROS_OCUPANTES,PER_EDAD_COND_PROM,PER_EDAD_COND_MIN,PER_EDAD_COND_MAX,PER_ANY_COND_MASCULINO,PER_ANY_LIC_PROBLEMA,PER_ANY_DOSAJE_POS,PER_ANY_DOSAJE_EVALUADO,VEH_TOTAL,VEH_N_FUGADOS,VEH_ANY_FUGADO,VEH_ANY_CARGA,VEH_ANY_PUBLICO,VEH_ANY_PARTICULAR,VEH_ANY_MOTO,VEH_ANY_AUTO,VEH_ANY_CAMION_BUS,VEH_ANY_SOAT_PROBLEMA,VEH_ANY_CITV_PROBLEMA,VEH_ANY_SEGURO_PROBLEMA,HORA_NUM,FRANJA_HORARIA,ANIO,MES,DIA_MES,DIA_SEMANA,ES_FIN_SEMANA,ES_QUINCENA,REGION_NATURAL,TIENE_SEÑALIZACION,ES_VIA_MULTICARRIL,ES_DEPTO_BAJO_PAVIMENTO,CATEGORIA_SEVERIDAD,CATEGORIA_SEVERIDAD_ENC
3,2,13,0,4,1,-6.064450548589479,-80.05839334108934,0,4,4,1,2,1,0,0,4099.749388483452,2.5334802087447827,2,0,1.0,0,25,862.9260338731551,0.4703091457296942,74.91176543888524,59.04522375211969,6.365443427676777,742.49897987499,44335.321199143465,3459.691,515.0619999999999,689.7280000000001,2254.901,703.3549999999999,2756.336,20.329994788551925,15,2,0,0,13,45.863876033849124,38.662994781380426,53.06475728631782,1.0,0.5334802087447829,0.0,1.0,2,0,0.0,0.5334802087447829,0.5334802087447829,0.46651979125521714,0.46651979125521714,0.0,1.0,0.0,0.46651979125521714,0.0,6,0,2021,5,14,3,0,0,0,1,0,1,GRAVE_LESIONADOS,1
3,1,9,2,2,2,-11.899720059143803,-75.62180109367358,0,1,3,1,2,1,1,0,4085.753464687214,2.0,3,3,0.5963935996924615,11,32,768.1591836724715,0.565668322792342,77.18180494525615,66.86768953158136,8.339777388182249,972.5807107897529,75289.10875801709,9774.809784880665,1611.1420716389339,1300.6288033025887,6863.038909939142,2615.335174441522,7159.474610439142,26.64679579562206,5,2,0,0,2,32.26907093353836,25.596393599692462,37.59639359969246,1.0,1.0,0.40360640030753847,1.0,2,0,0.0,0.5963935996924615,1.0,0.40360640030753847,1.0,0.40360640030753847,0.5963935996924615,0.0,1.0,0.40360640030753847,5,0,2023,4,6,2,0,0,0,1,0,1,GRAVE_LESIONADOS,1
5,1,5,0,4,1,-6.749791439093418,-78.69709846031088,0,4,7,1,2,2,2,2,9936.932,2.0,2,0,1.0,9,32,3830.0,0.32483289808476,74.03781944530233,55.31287177885174,4.346022314571052,364.6667343725842,5339.262268143328,15935.565011852366,1733.9250000199986,935.692,13265.948011832368,2000.1670000199988,13935.398011832369,12.551591352627522,8,1,0,0,7,46.784678377916364,46.784678377916364,46.784678377916364,1.0,0.0,0.0,1.0,1,0,0.0,0.0,0.6339717342534847,0.36602826574651526,0.36602826574651526,0.0,0.6339717342534847,0.0,0.0,0.0,12,2,2022,11,4,1,0,0,2,1,0,1,GRAVE_LESIONADOS,1
6,1,8,0,4,1,-13.513657374319118,-75.36320982376373,1,4,1,0,2,1,1,0,1641.628483923372,1.8071070203195128,1,3,0.8071070203195128,9,22,306.31981591437807,0.48906284483585494,72.87137786756306,51.83796833683222,8.363164545564722,790.6620344223603,1890.6393704666975,8511.426,1445.3929999999996,2008.516,5057.516999999999,1879.579,6631.846999999998,22.08300935706896,4,1,0,0,3,21.279180654568282,21.279180654568282,21.279180654568282,1.0,1.0,0.0,0.0,1,0,0.0,0.0,0.0,1.0,0.0,1.0,0.0,0.0,0.0,0.0,15,2,2021,3,2,2,0,0,2,1,0,1,GRAVE_LESIONADOS,1
4,2,10,0,4,1,-14.839050573700524,-74.99684847260653,0,4,7,1,2,2,2,0,6639.975,2.0,2,0,1.0,9,31,1616.0,0.5563774842369664,77.00938809632027,69.10246351364754,8.476961866273152,914.8835608305218,27932.19700214133,3721.461,698.1859999999996,744.866,2278.409,1102.9029999999996,2618.558,29.636290693359403,5,2,0,0,3,41.709576243702244,33.33699625489825,50.08215623250624,0.5232862493002498,0.4767137506997502,0.0,0.0,2,0,0.0,0.5232862493002498,0.0,1.0,0.0,1.0,0.5232862493002498,0.4767137506997502,0.4767137506997502,0.4767137506997502,10,0,2022,10,28,6,1,1,0,1,0,1,GRAVE_LESIONADOS,1
5,1,12,0,4,1,-7.873104264101397,-78.10226849322109,0,4,7,1,2,2,2,2,9936.932,2.0,2,0,1.0,9,32,3830.0,0.3986882084754764,72.97869269132666,58.65435142755623,5.605762371496486,527.7120199980477,69564.29978586723,8931.828000000005,1335.5899999999997,1935.9830000000004,5660.255000000005,1219.309,7712.519000000005,13.651281686122925,5,1,0,1,2,34.11674790276879,33.64975629169361,34.58373951384398,1.0,0.0,0.0,0.0,1,0,0.0,1.0,0.0,0.0,0.0,0.0,1.0,0.0,1.0,0.0,15,2,2021,6,26,1,0,0,0,1,0,1,GRAVE_LESIONADOS,1
3,2,7,0,4,0,-13.438262332206765,-71.58953858673634,0,4,0,0,1,2,2,2,6543.555,2.0,4,4,1.0,14,33,1198.0,0.2537619766020489,60.580577103640394,43.879265272525934,4.034472771672471,293.54073703911473,12664.836720727006,17779.13499998999,2097.3709999899997,2863.123,12818.640999999989,2878.713,14900.421999989989,16.19152450331032,4,2,0,0,2,33.064532562414534,21.258130249658127,44.87093487517094,1.0,1.0,0.0,0.0,2,0,0.0,0.0,0.0,1.0,1.0,0.0,0.0,1.0,0.12906512482906296,1.0,8,1,2023,5,5,4,0,0,2,1,0,1,GRAVE_LESIONADOS,1
6,1,11,0,4,0,-10.634818473327295,-77.63387768160469,0,4,7,1,2,2,2,1,6595.318958905783,2.0,2,1,1.0,11,31,1422.4071232380945,0.6132945887269273,79.97254830195811,70.8096939771074,9.064757130639572,1066.6926831593512,28375.2829641196,3600.22461877999,613.3737943441452,719.3293396198613,2267.5214848159835,917.8559982668279,2682.368620513162,25.32616486510768,9,1,0,0,7,41.23157042674869,39.61057743950786,42.85256341398953,1.0,0.5368591465026183,0.0,0.5368591465026183,1,0,0.0,0.46314085349738165,0.0,1.0,0.0,0.5368591465026183,0.46314085349738165,0.0,0.0,0.0,4,0,2023,1,13,1,0,0,0,1,0,1,GRAVE_LESIONADOS,1
3,1,13,0,4,1,-6.57286183803393,-79.87304714839925,0,4,7,1,2,2,2,0,1305.18,2.0,2,0,1.0,1,20,163.0,0.4530607633213016,76.60203660440479,57.768100495203775,6.835929280138066,623.8856963091697,18730.47537473233,3459.691,515.0619999999999,689.7280000000001,2254.901,703.3549999999999,2756.336,20.329994788551925,5,2,0,0,3,40.23884261685007,31.809710654212516,48.66797457948762,1.0,0.9365702180708392,0.0,0.0,2,0,0.06342978192916082,0.0,1.0,0.9365702180708392,1.0,0.0,0.0,1.0,1.0,1.0,17,1,2022,3,24,4,0,1,0,1,0,1,GRAVE_LESIONADOS,1
6,1,4,1,4,1,-12.947045737689301,-74.25700765401722,0,3,6,0,2,1,0,4,2902.567844818198,1.3083521216761986,2,3,0.30835212167619874,9,15,864.1684153890982,0.17796001753899665,77.58432102156864,38.24312662534567,2.608572990475008,180.12624494484848,3610.5675890546195,12678.733000000004,1805.074000000001,1774.0339999999994,9099.625000000004,2485.375000000001,10193.358000000002,19.602707936195205,5,1,0,0,4,47.60812666156181,47.60812666156181,47.60812666156181,1.0,0.0,0.0,0.6916478783238013,1,0,0.0,0.0,0.0,0.0,0.0,0.30835212167619874,0.6916478783238013,0.0,0.6916478783238013,0.0,11,2,2022,7,30,0,0,1,2,1,0,1,GRAVE_LESIONADOS,1
3,1,3,0,4,2,-15.623499226616852,-72.17524176827324,5,4,5,1,5,2,2,0,6543.555,2.0,4,4,1.0,14,33,1198.0,0.4776398625564581,75.96362367745479,66.31242031552655,7.505711728059,675.0971296952218,2048.3491941468833,10322.272,1495.236,1749.739,7077.2970000000005,2886.595,7435.677000000001,27.964725207783708,10,1,0,0,9,45.39082337718436,45.39082337718436,45.39082337718436,1.0,0.8695411688592183,0.0,0.0,1,0,0.0,0.0,0.0,1.0,0.0,0.0,1.0,0.0,0.0,0.0,19,1,2022,5,26,1,0,1,0,1,0,1,GRAVE_LESIONADOS,1
5,1,10,2,4,1,-13.389501384867591,-76.13145563000174,0,3,1,1,2,2,2,0,6566.300903542065,2.0,3,3,1.0,12,32,1296.6080448100283,0.5955614014910809,81.02392066832762,67.87959456331207,10.114507557128839,919.7093623271395,65656.11660729343,3721.461,698.1859999999996,744.866,2278.409,1102.9029999999996,2618.558,29.636290693359403,6,1,0,0,4,31.79672307289612,28.887235307368964,34.54894122947586,1.0,0.0,0.0,0.7640955865788793,1,0,0.0,0.0,0.0,1.0,0.0,1.0,0.0,0.0,0.23590441342112067,0.0,9,0,2023,8,2,1,0,0,0,1,0,1,GRAVE_LESIONADOS,1
3,1,12,0,4,2,-7.3457639912060015,-79.22558074186237,0,4,5,0,3,2,2,2,6543.555,2.0,4,4,1.0,14,33,1198.0,0.4313885626381829,77.9437987099616,53.1343849691235,5.63889712816457,685.2913761271836,24585.84906565405,8931.828000000005,1335.5899999999997,1935.9830000000004,5660.255000000005,1219.309,7712.519000000005,13.651281686122925,4,1,0,0,2,36.98249954325526,29.460623972324324,44.50437511418619,1.0,0.0,0.0,0.0,1,0,0.0,0.0,0.7521875570930932,0.0,0.7521875570930932,0.0,0.24781244290690685,0.0,0.24781244290690685,0.0,15,1,2021,3,6,4,0,0,0,1,0,1,GRAVE_LESIONADOS,1
3,1,5,0,4,1,-7.49150330688552,-78.93485647634657,0,4,0,0,1,1,1,2,868.2507122554243,1.8909777550512725,1,0,0.9636592516837575,8,17,150.71179169868338,0.5531303958966938,72.79968320858478,65.4556518608628,7.7542087159441735,1035.3861756415215,7441.004078091872,16002.561724794654,1747.1328996314535,1005.7362848679235,13249.692540295277,2032.0940190895135,13970.467705705141,12.683869247144433,6,1,0,0,4,33.082081394363215,27.781955510102545,38.38220727862388,0.9636592516837575,0.0,0.0,0.0,1,0,0.0,0.9636592516837575,0.0,1.0,0.0,1.0,0.9636592516837575,0.0,0.0,0.0,10,1,2021,3,21,6,1,1,2,1,0,1,GRAVE_LESIONADOS,1
9,1,7,0,4,1,-13.92368183293126,-71.4973048052565,6,4,0,0,2,1,0,2,7586.903,2.0,2,0,1.0,9,5,1198.0,0.28781995154927764,62.767500274186,60.952924206230925,5.28761141197974,276.570904438792,4245.539169868609,17779.13499998999,2097.3709999899997,2863.123,12818.640999999989,2878.713,14900.421999989989,16.19152450331032,27,1,0,0,26,39.15277089771357,38.28706914400332,40.01847265142383,1.0,0.8981527348576173,0.0,1.0,1,0,0.0,0.10184726514238274,1.0,0.0,0.0,0.0,1.0,0.0,0.0,0.0,9,1,2022,2,26,1,0,0,2,1,0,1,GRAVE_LESIONADOS,1
6,1,5,1,4,2,-9.110859387190663,-76.01140284489892,0,4,1,0,7,2,2,1,6543.555,2.0,4,4,1.0,14,33,1198.0,0.263700069808399,73.04020596489907,33.042669126530875,4.87241432652046,301.19405296914385,1688.9851219120148,3563.491458140258,1012.7301866184223,558.5035320977395,1992.2577394240966,977.5593954424129,2585.9320626978456,28.55583513620806,4,1,0,0,3,29.98656672767816,29.98656672767816,29.98656672767816,1.0,0.0,0.0,0.2715060661525598,1,0,0.0,0.2715060661525598,0.7284939338474402,0.0,0.0,0.0,1.0,0.0,0.0,0.0,10,1,2023,6,10,5,0,0,0,1,0,1,GRAVE_LESIONADOS,1
3,1,11,0,4,1,-13.601861744673808,-75.05037942012893,1,2,6,1,2,2,2,0,712.8530244211787,-0.4009907858780599,2,2,0.1996697380406467,8,29,125.01802566039633,0.6203416220199767,75.64523074855408,65.55314595253923,9.502177744245195,1206.1196896940655,9002.975015593443,3395.7856803740424,638.5336674116662,664.0307049029344,2093.2213080594415,981.2883556239406,2414.497324750101,28.435722955783856,5,2,0,0,3,47.203798012532566,45.40429340547159,49.00330261959353,1.0,0.0,0.0,0.8003302619593533,2,0,0.0,0.0,0.0,1.0,0.1996697380406467,1.0,0.0,0.0,0.1996697380406467,0.0,13,3,2022,3,23,5,0,0,0,1,0,1,GRAVE_LESIONADOS,1
3,2,14,0,3,2,-15.202790097367734,-73.94190917341324,0,2,3,1,2,0,1,2,6604.17705784487,2.0,2,1,1.0,10,31,1460.8087552287454,0.5753843042243111,78.56851710580563,66.86151396264336,9.100532354363873,941.46989234064,15267.851716703191,3323.871055210899,673.120386343919,649.2618816152586,2001.4887872517215,1090.2051632477946,2233.6658919631045,33.60272039430924,5,2,0,0,3,47.658561715451455,35.88618723848382,59.4309361924191,1.0,0.6287290794946062,0.0,0.3712709205053938,2,0,0.0,0.0,0.0,1.0,0.0,1.0,0.0,0.0,0.3712709205053938,0.0,19,2,2021,7,20,3,0,1,0,1,0,1,GRAVE_LESIONADOS,1
4,1,7,0,4,1,-12.62511260144168,-75.10556019654989,0,4,5,1,2,1,0,2,940.7518619335561,2.0,2,1,1.0,6,27,175.47576648179896,0.3206485860623654,73.89805794060042,52.21545999308689,5.83172832908799,312.2982141041332,4320.54972623089,12472.34277416987,1815.732654839123,1440.9223839794645,9215.687735351283,2038.4793783420364,10433.863395827833,16.288785173633446,5,1,0,0,4,41.9932033359743,38.505097498019275,45.481309173929326,1.0,0.0,0.0,0.49830083399357517,1,0,0.0,0.0,0.0,0.49830083399357517,0.0,0.5016991660064248,0.49830083399357517,0.0,0.0,0.0,7,0,2022,5,20,2,0,0,2,1,0,1,GRAVE_LESIONADOS,1
3,1,7,0,4,0,-11.0240368728171,-74.92840444692807,0,4,7,1,2,2,2,1,7424.838496259757,2.0,2,1,1.0,10,23,1876.3127375009021,0.49327616716766864,73.91027898021953,54.19072924202117,7.248255683123855,837.6750235184356,33523.673854599394,8789.20178440859,1377.8857200078382,1054.9131560488354,6356.402908351915,1561.356179838023,7227.845604570566,17.043617617356926,6,2,0,0,4,56.018726738006514,51.842322232656024,60.195131243357,1.0,0.0,0.2745318315498372,1.0,2,0,0.0,0.2745318315498372,0.0,1.0,0.7254681684501628,1.0,0.0,0.0,0.7254681684501628,0.0,14,1,2021,5,16,3,0,0,1,1,0,1,GRAVE_LESIONADOS,1
3,1,4,0,4,1,-15.358042880513747,-72.46935969244112,0,4,7,1,2,1,1,0,1403.217234182645,2.0,2,0,1.0,7,25,225.03439752046333,0.5996513913002669,78.44627490960646,75.9704522129503,8.940795122459907,1001.3817443427973,33494.427850077926,10164.83032500669,1477.1590881315738,1770.8276359446727,6916.843600930443,2697.8061666971857,7467.024158309504,26.343996488775655,7,1,0,0,5,40.188300427853996,25.113231223259124,55.263369632448864,1.0,0.0,0.0,0.0,1,0,0.0,0.8867687767408746,0.0,0.11323122325912538,0.0,0.0,1.0,0.0,0.11323122325912538,0.0,14,2,2021,9,12,3,0,0,0,1,0,1,GRAVE_LESIONADOS,1
4,1,5,0,4,1,-6.521236493787939,-79.11617952063054,4,4,4,0,1,0,0,2,787.6080735791653,1.5936335947225384,1,1,0.5936335947225385,8,23,135.9007789519593,0.46137912058852515,73.6956760193712,56.799008074183945,6.709260405435712,760.7332718418419,7245.4383121472065,15935.565011852366,1733.9250000199986,935.692,13265.948011832368,2000.1670000199988,13935.398011832369,12.551591352627522,6,1,0,0,5,33.625465621109846,27.68912967388446,39.561801568335234,1.0,0.0,0.5936335947225385,1.0,1,0,0.0,0.0,0.0,1.0,0.0,0.5936335947225385,0.4063664052774615,0.0,0.0,0.0,15,1,2022,9,25,3,0,1,2,0,0,1,GRAVE_LESIONADOS,1
4,1,5,0,4,1,-7.260463579349309,-78.87273035597376,3,4,3,0,1,0,0,2,489.22591095457784,2.0,2,0,1.0,10,24,82.91020727997736,0.45006338582635685,73.75374542804894,60.8157459963718,6.1554805536664645,722.0769211572833,7937.165846876389,15935.565011852366,1733.9250000199986,935.692,13265.948011832368,2000.1670000199988,13935.398011832369,12.551591352627522,7,1,0,0,6,32.514927090857306,27.66419799943035,37.365656182284255,1.0,0.0,0.4850729091426954,1.0,1,0,0.0,0.0,0.5149270908573046,0.4850729091426954,0.0,0.4850729091426954,0.5149270908573046,0.0,0.0,0.0,10,1,2022,6,20,4,0,0,2,0,0,1,GRAVE_LESIONADOS,1
6,1,12,0,4,0,-8.280238749186884,-78.09260124747065,0,4,3,1,1,2,2,1,6543.555,2.45917293602846,3,2,1.0,7,31,1325.1909032798835,0.47697217150159554,74.77616081817115,47.10588224181281,6.44109542978538,860.9606527438114,9623.291728381275,8931.828000000005,1335.5899999999997,1935.9830000000004,5660.255000000005,1219.309,7712.519000000005,13.651281686122925,4,1,0,0,3,33.887594040426904,33.887594040426904,33.887594040426904,1.0,0.0,0.0,0.0,1,0,0.0,0.5408270639715397,0.0,0.4591729360284603,0.0,0.4591729360284603,0.5408270639715397,0.0,0.0,0.0,11,2,2021,4,9,2,0,0,0,1,0,1,GRAVE_LESIONADOS,1
6,1,9,0,4,1,-13.109097636984126,-75.61898729738627,1,4,1,0,2,1,1,0,1632.8295759802597,2.0,2,2,0.8183606413952167,9,23,384.567874345632,0.4923524797661025,74.63333581512613,56.317788129707864,7.903924407036584,806.256272010277,1959.5295766284412,8350.654642387244,1488.6249837415241,1934.1468524883678,4927.882806157351,1867.826206940836,6482.828435446407,22.39443587321048,4,1,0,0,3,23.4491807581435,23.4491807581435,23.4491807581435,1.0,0.8183606413952167,0.0,0.0,1,0,0.0,0.0,0.0,1.0,0.0,1.0,0.0,0.0,0.0,0.0,16,3,2022,3,4,3,0,0,1,1,0,1,GRAVE_LESIONADOS,1
6,1,11,0,4,1,-11.317261587497256,-75.56856516085499,1,4,1,0,6,2,2,1,6543.555,2.0,4,4,1.0,14,33,1198.0,0.36132372566151205,75.49710627691722,49.23557288735435,5.2562096308007575,442.6457096882501,4823.70585293626,12264.545,1826.4639999999995,1105.5389999999998,9332.542,1588.5359999999996,10676.009,12.952261987705208,4,1,0,0,3,57.08147068426531,57.08147068426531,57.08147068426531,1.0,0.1716781950432169,0.0,0.0,1,0,0.0,0.0,0.0,0.8283218049567831,0.0,0.1716781950432169,0.8283218049567831,0.0,0.0,0.0,5,0,2022,6,5,0,0,0,2,1,0,1,GRAVE_LESIONADOS,1
6,1,12,0,4,1,-7.796923721697619,-77.77734829863041,0,4,5,1,1,2,2,0,1688.589,1.0,1,3,0.0,9,32,287.0,0.1492206538659984,78.92776803590996,33.56043543982053,2.142334776786642,136.3088563134413,18539.64239828694,8931.828000000005,1335.5899999999997,1935.9830000000004,5660.255000000005,1219.309,7712.519000000005,13.651281686122925,4,1,0,0,3,46.921685481733775,46.921685481733775,46.921685481733775,1.0,0.1921685481733777,0.0,0.0,1,0,0.0,0.1921685481733777,0.0,0.8078314518266223,0.0,0.8078314518266223,0.1921685481733777,0.0,1.0,0.0,10,2,2022,10,3,5,0,0,0,1,0,1,GRAVE_LESIONADOS,1
3,1,18,1,4,1,-10.09775442561006,-73.51012867415635,6,4,4,1,4,2,2,0,4270.931079115673,2.307121572303348,2,0,1.0,3,21,845.1735092237432,0.5797184740886664,74.27363283848587,60.30802581522866,8.537243528141428,1137.2837062985618,11144.505211103824,1758.303515084113,319.28547585643526,323.88176137545906,1115.1362778522184,427.2240728028744,1331.0794422812382,24.79791852951205,13,1,0,0,11,37.692878427696655,35.6142431446067,39.77151371078661,1.0,0.0,0.0,0.3071215723033478,1,0,0.0,0.0,0.0,0.6928784276966522,0.6928784276966522,0.6928784276966522,0.3071215723033478,0.0,0.6928784276966522,0.0,14,2,2022,8,15,3,0,0,0,1,0,1,GRAVE_LESIONADOS,1
4,1,3,0,4,1,-15.939739322848906,-71.21373339479393,0,4,3,0,2,1,1,0,1504.4250000000002,2.0,2,0,1.0,7,25,241.0,0.458130129323069,81.72401252063642,64.13117844756937,5.891520960570769,619.2430830173588,1533.2712149034658,10322.272,1495.236,1749.739,7077.2970000000005,2886.595,7435.677000000001,27.964725207783708,6,2,0,0,4,35.388258371602085,28.108904300607286,42.66761244259688,1.0,0.0,0.0,0.5558708141989593,2,0,0.0,0.44412918580104066,0.5558708141989593,1.0,0.0,0.44412918580104066,1.0,0.0,0.0,0.0,3,0,2024,8,2,2,0,0,0,1,0,1,GRAVE_LESIONADOS,1
7,1,10,0,4,1,-13.936451708878915,-75.9223863334331,0,3,7,1,2,2,2,0,6639.975,2.0,2,0,1.0,9,31,1616.0,0.6053164595604621,78.88848309050202,67.63954639531094,9.133324993872453,1064.9426147896202,27932.19700214133,3721.461,698.1859999999996,744.866,2278.409,1102.9029999999996,2618.558,29.636290693359403,5,1,0,0,4,34.554013101578136,30.49763935201286,38.61038685114342,1.0,0.3004721295974281,0.0,1.0,1,0,0.0,0.0,0.0,1.0,0.3004721295974281,0.0,1.0,0.0,0.0,0.0,3,0,2021,8,27,3,0,1,0,1,0,1,GRAVE_LESIONADOS,1
6,1,9,0,4,1,-13.16338613116786,-75.06550289915131,0,4,7,0,2,1,1,1,736.455489022148,2.0,2,0,0.4120177389516564,8,10,131.6352994450081,0.6262750078967623,78.44937734725744,73.07801689188504,8.950688347507493,1163.121874933436,34928.05289488513,8737.095931486368,1605.8748581146835,1661.1559444795005,5470.065128892185,2256.442651189269,6480.6532802971005,25.514495100635678,5,1,0,0,4,46.87121948612712,46.87121948612712,46.87121948612712,0.5879822610483436,0.0,0.0,1.0,1,0,0.0,0.0,0.0,1.0,0.0,0.5879822610483436,0.4120177389516564,0.0,0.0,0.0,13,2,2022,8,11,0,0,0,0,1,0,1,GRAVE_LESIONADOS,1
3,1,17,0,4,1,-15.177977195975515,-70.69310767639128,6,4,6,0,2,1,1,2,7586.903,2.0,2,0,1.0,9,5,1198.0,0.3631710276843752,74.47499355674509,64.17296329974407,5.5652464563672845,382.33827926850745,5535.956505367838,13508.955854112834,1990.9259487187462,2273.8349131388522,9244.194992255236,3199.365103652693,10309.59075046014,23.643400613026543,5,2,0,0,3,30.59833723517124,28.214361375489993,32.982313094852486,1.0,0.13839758596812457,0.0,0.0,2,0,0.0,0.13839758596812457,0.13839758596812457,0.8616024140318754,0.13839758596812457,0.8616024140318754,0.13839758596812457,0.0,1.0,0.8616024140318754,19,1,2021,7,25,5,0,1,2,1,0,1,GRAVE_LESIONADOS,1
2,2,11,0,4,1,-8.79843998079339,-78.62774407844687,4,4,2,1,2,1,0,1,937.6454311530059,0.997295720796102,2,0,1.0,5,23,113.53325555927437,0.5051719425832271,76.66201743364515,59.1357536944639,8.098965341093235,761.1232796205509,6903.983233148492,3547.1836330557344,576.2684061416446,708.1570361822482,2262.7581907318418,836.8978297824528,2710.2858032732815,23.440482364314647,7,2,0,0,5,45.667117379867314,41.0027042792039,50.33153048053074,1.0,0.0,0.0,0.6657652402653673,2,0,0.0,0.0,0.0,0.3342347597346327,0.0,1.0,0.0,0.0,0.0,0.0,13,1,2021,3,29,1,0,1,0,1,0,1,GRAVE_LESIONADOS,1
3,1,13,0,4,1,-6.637021059228968,-79.65956943008766,0,4,7,1,2,2,2,0,1102.6066457502147,2.0,2,1,0.47532769331437774,5,13,191.85697686770922,0.504081047786534,78.38027660913022,63.1937322192312,7.258552039724146,759.1869383380722,18348.968951063074,3459.691,515.0619999999999,689.7280000000001,2254.901,703.3549999999999,2756.336,20.329994788551925,5,2,0,0,3,38.96877382702682,31.09868922674249,46.83885842731115,1.0,0.5246723066856223,0.0,0.0,2,0,0.47532769331437774,0.5246723066856223,0.47532769331437774,0.5246723066856223,1.0,0.0,0.5246723066856223,1.0,1.0,1.0,1,0,2022,10,13,0,0,0,0,1,0,1,GRAVE_LESIONADOS,1
4,1,3,0,4,1,-16.122717292219477,-72.0191851643004,2,4,6,1,3,2,2,0,6605.203518268335,2.0,2,1,1.0,10,31,1465.25866662688,0.5754932223345064,77.6642993375515,73.92715529584501,8.04422325499055,1007.5053108335094,2418.1068912490973,10322.272,1495.236,1749.739,7077.2970000000005,2886.595,7435.677000000001,27.964725207783708,22,1,0,0,21,35.212503989144494,35.212503989144494,35.212503989144494,1.0,0.3606251994572245,0.0,0.6393748005427755,1,0,0.0,0.0,0.6393748005427755,0.3606251994572245,0.0,0.0,1.0,0.0,0.0,0.0,9,0,2023,9,14,3,0,0,0,1,0,1,GRAVE_LESIONADOS,1
3,1,3,0,4,1,-15.940439809059766,-71.20668455388217,1,4,2,0,2,0,1,0,1504.4250000000002,2.0,2,0,1.0,7,25,241.0,0.4498224071382834,81.63336343193146,58.84842497065013,5.774685730039019,620.6584683449911,1358.612419700214,10322.272,1495.236,1749.739,7077.2970000000005,2886.595,7435.677000000001,27.964725207783708,8,2,0,0,6,37.47900548537179,29.63400853280057,45.32400243794302,1.0,0.66200121897151,0.0,0.33799878102849,2,0,0.0,0.66200121897151,0.33799878102849,0.33799878102849,0.0,0.0,1.0,0.0,0.0,0.0,9,1,2023,5,8,4,0,0,0,1,0,1,GRAVE_LESIONADOS,1
3,1,10,0,4,0,-12.028410772995084,-75.4717997103274,4,4,6,0,2,0,1,1,7489.732429734363,2.0,2,0,1.0,9,7,1198.0,0.4751492453413694,68.97041542509339,72.48885750943846,7.8932443392352845,682.6018969897499,907.7042644184016,12303.119746064769,1824.4718760892988,1167.7982273812063,9310.849642594263,1672.0616856451188,10631.05806041965,13.571640781104502,5,1,0,0,3,38.987766175369096,37.62746630935934,40.34806604137885,1.0,0.0,0.0,0.9068665773398359,1,0,0.0,0.09313342266016411,0.0,0.9068665773398359,0.0,0.9068665773398359,0.09313342266016411,0.0,0.09313342266016411,0.0,20,2,2023,6,26,3,0,0,2,1,0,1,GRAVE_LESIONADOS,1