CLASE SINIESTRO,CANTIDAD DE VEHICULOS DAÑADOS,DEPARTAMENTO,ZONA,TIPO DE VÍA,RED VIAL,COORDENADAS LATITUD,COORDENADAS  LONGITUD,CONDICIÓN CLIMÁTICA,ZONIFICACIÓN,CARACTERÍSTICAS DE VÍA,PERFIL LONGITUDINAL VÍA,SUPERFICIE DE CALZADA,¿EXISTE SEÑAL VERTICAL?,¿EXISTE SEÑAL HORIZONTAL?,CAUSA FACTOR PRINCIPAL,MTC_RVN_LONGITUD_KM,MTC_RVN_N_CARRILES_MEDIANA,MTC_RVN_SUPERFICIE_DOMINANTE,MTC_RVN_ESTADO_DOMINANTE,MTC_RVN_ES_CONCESIONADA,MTC_RVN_CONCESION_PRINCIPAL,MTC_RVN_CORREDOR_LOGISTICO,MTC_RVN_N_TRAMOS,IDH_2019,IDH_ESP_VIDA_2019,IDH_EDUC_SECUND_PCT_2019,IDH_ANIOS_EDUC_2019,IDH_INGRESO_PERCAP_2019,IDH_POBLACION_2019,MTC_DEP_RED_TOTAL_KM,MTC_DEP_NACIONAL_TOTAL_KM,MTC_DEP_DEPARTAMENTAL_TOTAL_KM,MTC_DEP_VECINAL_TOTAL_KM,MTC_DEP_PAV_TOTAL_KM,MTC_DEP_NO_PAV_TOTAL_KM,MTC_DEP_PCT_PAVIMENTADA,PER_TOTAL_PERSONAS,PER_N_CONDUCTORES,PER_N_CONDUCTORES_FUGADOS,PER_N_PEATONES,PER_N_PASAJEROS_OCUPANTES,PER_EDAD_COND_PROM,PER_EDAD_COND_MIN,PER_EDAD_COND_MAX,PER_ANY_COND_MASCULINO,PER_ANY_LIC_PROBLEMA,PER_ANY_DOSAJE_POS,PER_ANY_DOSAJE_EVALUADO,VEH_TOTAL,VEH_N_FUGADOS,VEH_ANY_FUGADO,VEH_ANY_CARGA,VEH_ANY_PUBLICO,VEH_ANY_PARTICULAR,VEH_ANY_MOTO,VEH_ANY_AUTO,VEH_ANY_CAMION_BUS,VEH_ANY_SOAT_PROBLEMA,VEH_ANY_CITV_PROBLEMA,VEH_ANY_SEGURO_PROBLEMA,HORA_NUM,FRANJA_HORARIA,ANIO,MES,DIA_MES,DIA_SEMANA,ES_FIN_SEMANA,ES_QUINCENA,REGION_NATURAL,TIENE_SEÑALIZACION,ES_VIA_MULTICARRIL,ES_DEPTO_BAJO_PAVIMENTO,CATEGORIA_SEVERIDAD,CATEGORIA_SEVERIDAD_ENC
3,1,14,1,2,2,-11.829533240930912,-77.03299207258385,0,3,3,1,1,1,1,0,4291.073133375103,2.0,3,3,0.5873698685755769,11,28,1126.614987263575,0.6577363129209728,79.02699011131023,73.57281830145004,9.459747916432574,1271.720668847778,372622.1658326853,7626.313,1683.4029999999998,1599.0829999999996,4343.827000000001,1814.875,5811.438000000001,23.797541485643197,6,2,0,0,4,29.5,23.698958948604616,35.30104105139539,1.0,0.41263013142442306,0.0,0.0,2,0,0.0,0.0,1.0,0.5873698685755769,1.0,0.5873698685755769,0.41263013142442306,1.0,1.0,1.0,4,0,2023,5,27,3,0,1,0,1,0,1,GRAVE_LESIONADOS,1
6,1,1,0,4,2,-9.901238777927604,-76.70689736701169,0,4,0,0,6,2,2,0,6543.555,2.0,4,4,1.0,14,33,1198.0,0.3191167121655512,74.15392278516313,50.00596311743667,5.624626975158839,344.33202087121697,2752.9493064945923,10729.611783156468,1851.7708057563418,1267.7296464660078,7610.11133093412,2167.490874078668,8562.120909077801,20.22844355237465,7,1,0,0,6,32.57298757854563,32.57298757854563,32.57298757854563,1.0,0.0,0.0,0.0,1,0,0.0,0.9145975157091262,0.0,0.08540248429087383,0.0,0.0,1.0,0.0,0.0,0.0,4,0,2022,1,2,5,1,0,0,1,0,1,GRAVE_LESIONADOS,1
4,1,10,0,4,1,-8.607691983420546,-76.99290831435074,0,4,0,0,1,2,2,0,1240.847810396942,1.4498039907044287,1,3,0.0,9,22,269.9074483532317,0.2213846625277416,77.68925267144051,38.65262046250691,2.8766215708686653,245.2381751407743,18862.2067607515,8606.722719834572,1334.6400139716318,1421.4045358101896,5850.67817005275,1147.5877536821788,7459.134966152394,13.318232363332513,7,1,0,0,6,55.44980399070443,55.0,55.899607981408856,1.0,0.5501960092955713,0.0,0.44980399070442867,1,0,0.0,1.0,0.0,0.0,0.0,0.44980399070442867,1.0,0.0,1.0,0.0,8,1,2021,3,3,2,0,0,0,1,0,1,GRAVE_LESIONADOS,1
3,2,7,0,4,1,-13.781191318571508,-71.62902733998854,0,4,5,0,1,1,1,2,7332.697577004662,2.0,2,0,1.0,10,11,1198.0,0.47299580712539135,67.63925725688058,73.52469410229885,7.776191380643461,729.2653038120422,8974.738403807836,17779.13499998999,2097.3709999899997,2863.123,12818.640999999989,2878.713,14900.421999989989,16.19152450331032,7,3,0,0,4,48.84745468615277,42.7966062482037,59.436439452563654,1.0,0.0,0.0,0.24364394525636568,3,0,0.7563560547436343,0.0,0.0,1.0,0.0,0.7563560547436343,1.0,0.24364394525636568,0.0,0.7563560547436343,13,2,2021,9,7,1,0,0,2,1,0,1,GRAVE_LESIONADOS,1
9,1,5,0,4,0,-8.747671960620842,-77.06682072205375,5,4,1,0,3,0,1,2,6543.555,2.0,4,4,1.0,14,33,1198.0,0.3536207858984425,77.16230366175853,44.68469723161288,4.983004735284874,466.12716779647104,27050.283062447394,16315.092355437548,1808.7459700904753,1332.4834275458045,13173.862957801268,2181.0292573442407,14134.063098093307,13.300927785958066,6,1,0,0,5,48.50028754944863,48.50028754944863,48.50028754944863,1.0,0.20586543826772763,0.0,0.0,1,0,0.0,0.0,0.7941345617322724,0.0,0.0,0.7941345617322724,0.0,0.20586543826772763,0.20586543826772763,0.0,8,1,2021,9,14,1,0,0,2,1,0,1,GRAVE_LESIONADOS,1
5,1,5,0,4,0,-7.275014459327663,-78.18214146535885,0,3,3,0,1,2,2,0,6543.555,2.0,4,4,1.0,14,33,1198.0,0.3778321950661915,72.89905349737589,50.51809409756716,5.549549578939761,527.7095152177308,27527.64359601523,15935.565011852366,1733.9250000199986,935.692,13265.948011832368,2000.1670000199988,13935.398011832369,12.551591352627522,7,2,0,0,5,31.349954523870466,25.537820630653687,37.16208841708723,1.0,0.0,0.0,0.49459705276375876,2,0,0.5054029472362412,0.0,0.0,1.0,0.5054029472362412,0.0,0.49459705276375876,1.0,1.0,1.0,13,2,2022,8,13,3,0,0,2,1,0,1,GRAVE_LESIONADOS,1
3,1,13,0,4,1,-6.32631583790645,-80.15794240201575,0,4,2,1,2,1,0,0,5992.203306353417,2.894747570831301,2,0,1.0,0,28,1336.908812930667,0.4703091457296942,74.91176543888524,59.04522375211969,6.365443427676777,742.49897987499,44335.321199143465,3459.691,515.0619999999999,689.7280000000001,2254.901,703.3549999999999,2756.336,20.329994788551925,22,2,0,0,20,35.94747570831301,27.0,44.89495141662602,1.0,0.8947475708313011,0.0,0.8947475708313011,2,0,0.10525242916869892,0.8947475708313011,0.8947475708313011,0.0,0.10525242916869892,0.0,0.8947475708313011,0.10525242916869892,0.0,0.10525242916869892,7,1,2021,3,13,3,0,0,0,1,0,1,GRAVE_LESIONADOS,1
3,1,8,0,4,1,-13.840862322898511,-73.27403098871143,0,4,5,0,2,1,1,2,1701.869735738611,2.0,1,2,0.7323315628057024,9,26,360.5036343230306,0.24412681341808248,69.77780634533724,48.03969380286526,4.20457596597508,228.37318459139453,15383.88713028197,12936.652952711684,1862.8114202449967,1929.3039100529793,9144.537622413707,2707.1856775288597,10229.467275182822,20.858003738964246,6,1,0,0,4,30.35113922348839,22.661657814028512,38.04062063294826,1.0,0.0,0.0,1.0,1,0,0.0,0.7323315628057024,0.0,0.26766843719429756,0.0,1.0,0.7323315628057024,0.0,1.0,0.0,8,1,2023,5,9,3,0,0,2,1,0,1,GRAVE_LESIONADOS,1
3,1,3,0,3,2,-16.37931028962897,-72.18844102615212,0,3,4,1,2,1,1,0,6600.385073612287,2.0,2,1,1.0,11,31,1444.3697445544046,0.6077843615696785,76.53072135400231,69.81276959706165,8.77367759087771,1135.5159013374655,74658.55888650964,10322.272,1495.236,1749.739,7077.2970000000005,2886.595,7435.677000000001,27.964725207783708,6,2,0,0,4,31.410598697238267,27.7682039082852,35.05299348619133,1.0,0.4105986972382666,0.0,1.0,2,0,0.0,0.4105986972382666,0.4105986972382666,0.5894013027617334,0.4105986972382666,0.5894013027617334,1.0,0.0,1.0,0.0,11,2,2023,2,15,3,0,0,0,1,0,1,GRAVE_LESIONADOS,1
3,1,14,1,4,0,-11.621316384536879,-76.93364657160848,0,2,6,0,2,2,2,0,6630.19771411706,2.0,2,0,1.0,9,31,1573.6135086178294,0.6745527938844269,77.81300129739147,69.91322692874951,9.616649556370106,1423.7151486907235,94947.90915381255,7425.4155314903,1595.351959563622,1534.8152429649545,4295.248328961725,1733.603567316802,5691.811964173499,23.20476968579647,6,2,0,0,3,36.361926260163756,24.23086796748266,48.49298455284485,1.0,0.0,0.0,0.0,2,0,0.0,0.8985969105689701,0.0,0.10140308943102994,0.0,0.0,1.0,0.0,0.10140308943102994,0.0,3,0,2023,5,11,4,0,0,0,1,0,1,GRAVE_LESIONADOS,1
6,1,7,0,4,2,-13.787420041616656,-71.56705380964229,6,4,6,0,6,1,1,1,6543.555,2.0,4,4,1.0,14,33,1198.0,0.30139621841300435,63.05279531911541,60.12032415595337,5.426194463363313,313.0270736236131,4085.891991239893,17779.13499998999,2097.3709999899997,2863.123,12818.640999999989,2878.713,14900.421999989989,16.19152450331032,30,1,0,0,29,38.69732537173895,38.69732537173895,38.69732537173895,1.0,0.1037432835284211,0.0,0.0,1,0,0.0,0.1037432835284211,0.0,0.0,0.0,0.0,1.0,0.1037432835284211,0.1037432835284211,0.0,14,2,2023,9,15,6,1,1,2,1,0,1,GRAVE_LESIONADOS,1
3,2,10,0,4,1,-13.35681872557197,-76.22158259845136,1,4,6,1,3,2,2,0,6639.975,2.0,2,0,1.0,9,31,1616.0,0.5736744275518083,81.67473861808857,68.1608574885675,9.138785887908334,865.1176766860625,26660.92933618844,3721.461,698.1859999999996,744.866,2278.409,1102.9029999999996,2618.558,29.636290693359403,12,2,0,0,9,47.285691532370215,44.971404301194895,49.599978763545536,1.0,0.3142872311753191,0.0,0.0,2,0,0.0,1.0,0.0,0.3142872311753191,0.3142872311753191,0.3142872311753191,0.6857127688246809,0.0,0.3142872311753191,0.3142872311753191,17,1,2023,4,6,0,0,0,0,1,0,1,GRAVE_LESIONADOS,1
6,1,10,0,4,1,-14.04738770614501,-75.75345678007486,0,4,7,1,2,2,2,0,6639.975,2.0,2,0,1.0,9,31,1616.0,0.60824793966283,79.1136314283985,68.89709863636553,9.16271212193809,1064.3869482939563,28423.956595771833,3721.461,698.1859999999996,744.866,2278.409,1102.9029999999996,2618.558,29.636290693359403,5,1,0,0,4,21.14101945287778,21.14101945287778,21.14101945287778,1.0,0.14101945287777984,0.0,0.14101945287777984,1,0,0.0,0.0,0.0,0.14101945287777984,0.0,0.8589805471222202,0.14101945287777984,1.0,0.14101945287777984,0.8589805471222202,18,2,2021,8,19,2,0,1,0,1,0,1,GRAVE_LESIONADOS,1
3,1,13,1,4,0,-10.761957354989297,-77.68798167220848,0,3,7,1,2,2,2,1,6543.555,2.0,4,4,1.0,14,33,1198.0,0.5859312843230761,75.73468856893373,64.02967577242026,8.088014248568355,1150.5890847401315,26282.704888614713,7742.207831610367,1652.5265037001516,1628.9907136375546,4460.690614272661,1762.0046604919444,5980.203171118423,22.896824855853094,4,1,0,0,3,32.254572769127975,24.509145538255954,40.0,1.0,0.08877326695623267,0.0,0.9112267330437673,1,0,0.0,0.08877326695623267,0.0,0.9112267330437673,0.9112267330437673,0.9112267330437673,0.08877326695623267,0.0,0.0,0.0,7,1,2022,7,23,0,0,1,0,1,0,1,GRAVE_LESIONADOS,1
5,1,8,0,4,1,-13.418620239657622,-74.9522212853616,3,4,0,0,2,1,1,0,1679.5849999999998,2.0,2,3,1.0,9,24,315.0,0.2997946406100768,72.83003345209801,46.42647217987546,4.997510303405721,292.6881439974165,3327.8779443254816,8511.426,1445.3929999999996,2008.516,5057.516999999999,1879.579,6631.846999999998,22.08300935706896,7,1,0,0,6,49.864994976207775,48.64994976207777,51.08004019033779,1.0,0.0,0.0,0.13500502379222368,1,0,0.0,0.13500502379222368,0.0,1.0,0.0,0.8649949762077763,0.13500502379222368,0.0,0.0,0.0,7,1,2022,3,5,5,0,0,2,1,0,1,GRAVE_LESIONADOS,1
6,1,7,0,4,2,-13.243301847254823,-72.12703126164386,1,4,4,0,2,1,1,3,6543.555,2.0,4,4,1.0,14,33,1198.0,0.30861633143803563,73.34347932091401,56.434014348954236,5.475278632131218,270.9996049933281,5233.558214700015,17779.13499998999,2097.3709999899997,2863.123,12818.640999999989,2878.713,14900.421999989989,16.19152450331032,5,1,0,0,4,49.641239813100455,49.641239813100455,49.641239813100455,1.0,0.32061990655022676,0.0,0.0,1,0,0.0,0.0,0.0,1.0,0.0,0.32061990655022676,0.6793800934497732,1.0,1.0,0.6793800934497732,12,2,2023,4,14,4,0,0,2,1,0,1,GRAVE_LESIONADOS,1
6,1,9,0,4,2,-12.176187451651233,-75.01039420871328,0,4,1,0,2,2,2,2,6543.555,2.0,4,4,1.0,14,33,1198.0,0.5003172939634533,74.96665925676379,67.75876050360381,7.886326948789101,740.4648944230863,12727.805692616483,12338.407772469618,1822.6494889491603,1224.7527244007001,9291.005559119758,1748.4706552746088,10589.93711719501,14.138246072021532,5,1,0,0,4,39.744961760992545,39.744961760992545,39.744961760992545,1.0,0.17833151242821632,0.0,1.0,1,0,0.0,0.0,0.0,0.8216684875717837,0.0,0.8216684875717837,0.17833151242821632,0.17833151242821632,0.17833151242821632,0.0,6,1,2021,3,17,4,0,0,2,1,0,1,GRAVE_LESIONADOS,1
3,1,11,0,4,1,-10.38667441076137,-76.1763373450698,4,4,4,1,5,2,2,0,602.5625328684989,2.0,2,0,0.23936983634204634,8,13,159.32915276532037,0.5113915153570102,74.63404604754294,60.19365589408557,7.934205490659866,833.4711544953481,26041.470098049227,11466.793077135646,1708.9635709554339,1304.3222443712343,8453.507261808976,1500.154193436935,9966.63888369871,13.119586218515323,21,1,0,0,19,35.67558885439433,35.67558885439433,35.67558885439433,1.0,0.0,0.0,0.0,1,0,0.0,0.7606301636579537,0.7606301636579537,0.23936983634204634,0.0,0.0,1.0,0.23936983634204634,1.0,0.23936983634204634,12,2,2021,4,21,5,1,0,1,1,0,1,GRAVE_LESIONADOS,1
3,2,5,0,4,1,-5.710492374518846,-78.76660520386714,0,4,7,1,2,0,1,1,7758.33400008,2.0,2,0,1.0,9,20,2133.0,0.5803239946829384,74.49544278598792,68.33065356443184,8.733179344969395,1046.078117086984,102362.46895074946,15935.565011852366,1733.9250000199986,935.692,13265.948011832368,2000.1670000199988,13935.398011832369,12.551591352627522,5,2,0,0,2,38.73828342787502,34.14844088780558,43.32812596794445,1.0,1.0,0.5820314919861129,0.5820314919861129,2,0,0.0,0.4179685080138871,0.5820314919861129,0.4179685080138871,0.5820314919861129,0.4179685080138871,0.4179685080138871,0.5820314919861129,1.0,0.5820314919861129,8,1,2023,3,21,6,1,0,2,1,0,1,GRAVE_LESIONADOS,1
4,1,1,0,4,1,-11.250451504086188,-76.18812042400396,0,4,0,0,4,1,0,1,6543.555,2.0,4,4,1.0,14,33,1198.0,0.3798058971959444,77.50785305549043,50.76502440132832,5.813921770374155,451.9745165907884,8240.904246591112,10655.77310975728,1787.1415744210547,1355.103707882637,7513.52782745359,2297.843216004271,8357.929893753011,21.630802953784865,5,1,0,0,3,50.71066384805258,50.71066384805258,50.71066384805258,1.0,0.0,0.0,0.0,1,0,0.0,0.2511920046044672,0.0,0.0,0.0,0.0,1.0,0.0,1.0,0.0,5,0,2022,1,9,0,0,0,0,1,0,1,GRAVE_LESIONADOS,1
6,1,8,0,4,1,-12.589737413218096,-74.73666645816043,0,4,3,0,2,1,0,0,7586.903,2.0,2,0,1.0,9,5,1198.0,0.2839013641722203,69.25427531509243,54.64734007071772,4.203886488722758,289.5389458966657,5327.934047004976,8511.426,1445.3929999999996,2008.516,5057.516999999999,1879.579,6631.846999999998,22.08300935706896,4,1,0,0,3,45.975892408461974,43.258162752527966,48.014189650412476,1.0,0.0,0.0,0.0,1,0,0.0,0.0,0.0,1.0,0.0,1.0,0.0,0.0,0.0,0.0,5,0,2021,11,21,5,1,1,2,1,0,1,GRAVE_LESIONADOS,1
3,1,11,0,4,1,-11.789196273848846,-75.65561444779054,0,4,7,1,2,1,1,2,7586.903,2.0,2,0,1.0,9,5,1198.0,0.45754100031413475,68.7958821978596,57.50146981930461,7.1980297314558666,729.1642564800235,1356.4490857013764,12264.545,1826.4639999999995,1105.5389999999998,9332.542,1588.5359999999996,10676.009,12.952261987705208,5,2,0,0,3,37.769956972143284,35.40493545821493,40.134978486071645,1.0,0.0,0.0,0.1349784860716421,2,0,0.0,0.0,0.8650215139283579,1.0,0.0,1.0,0.8650215139283579,0.0,0.0,0.0,15,2,2022,6,28,1,0,1,2,1,0,1,GRAVE_LESIONADOS,1
6,1,5,0,4,2,-7.104748502839463,-78.79607090361736,1,4,4,1,2,2,2,1,6543.555,2.0,4,4,1.0,14,33,1198.0,0.3334181514351879,65.70103407075928,46.92785453731552,5.377079435778443,426.7373479842607,11921.895074946468,15935.565011852366,1733.9250000199986,935.692,13265.948011832368,2000.1670000199988,13935.398011832369,12.551591352627522,10,1,0,0,9,34.738828248943975,34.738828248943975,34.738828248943975,1.0,0.7038232344410015,0.0,0.7038232344410015,1,0,0.0,0.0,0.7038232344410015,0.2961767655589985,0.0,0.2961767655589985,0.7038232344410015,0.0,0.0,0.0,18,2,2023,8,24,5,1,0,2,1,0,1,GRAVE_LESIONADOS,1
6,1,7,0,4,1,-13.196706844108268,-72.90663929919131,0,4,0,0,4,1,1,2,5219.450908003659,1.572283814542001,3,3,0.5722838145420012,11,24,1159.9332594942382,0.37435396274399,77.20456612112315,56.69203508795715,6.094978506281471,422.5518383065928,3416.1818497038,17779.13499998999,2097.3709999899997,2863.123,12818.640999999989,2878.713,14900.421999989989,16.19152450331032,5,1,0,0,4,42.30709536355003,42.30709536355003,42.30709536355003,1.0,0.0,0.0,0.5722838145420012,1,0,0.0,0.5722838145420012,0.0,0.42771618545799883,0.0,0.42771618545799883,0.5722838145420012,0.0,0.42771618545799883,0.0,12,2,2022,8,19,1,0,0,2,1,0,1,GRAVE_LESIONADOS,1
4,1,12,0,4,0,-12.01576388747749,-75.89968465530791,0,2,4,1,1,1,0,2,6586.158534534141,2.0,3,2,1.0,11,32,1382.6948499820646,0.7034614338172369,75.63392511769955,77.41684113526588,12.193952562611646,1409.4394666752708,113646.10495992526,10215.124991813369,1763.251966666784,1323.6132465060957,7128.259778640488,1688.544726435623,8526.580265377746,17.744288949153102,19,1,0,0,17,40.44185370809107,35.139609210998294,45.74409820518383,1.0,0.0,0.0,0.558146291908936,1,0,0.0,0.558146291908936,0.44185370809106395,0.0,0.0,0.0,1.0,0.0,0.44185370809106395,0.0,7,1,2022,6,10,4,0,0,1,1,0,1,GRAVE_LESIONADOS,1
5,1,5,0,4,1,-9.301814110808136,-76.54265667835556,0,4,6,0,1,2,2,0,6543.555,2.0,4,4,1.0,14,33,1198.0,0.3416065484878114,76.80780430578527,43.525409894780566,4.5818660627389285,437.36631623176777,27248.560730596284,16574.76531439115,1859.9385469057445,1603.9684886876935,13110.858278797708,2304.77538082183,14269.989933569317,13.813624465613788,6,2,0,0,3,41.71351566432569,34.20078141853867,49.22624991011271,1.0,0.0,0.0,0.0,2,0,0.6532812387640888,0.34671876123591117,0.0,0.6532812387640888,0.6532812387640888,0.0,0.34671876123591117,0.6532812387640888,0.6532812387640888,0.6532812387640888,15,3,2021,8,16,4,0,0,2,1,0,1,GRAVE_LESIONADOS,1
6,1,9,0,4,1,-11.651364192318779,-75.78098523165129,0,4,0,1,2,2,2,0,859.1561653455533,1.253547871142886,1,0,0.253547871142886,8,31,126.12582450999899,0.239102804586597,65.73137277569748,51.02173386526562,4.835198411818424,212.21205019242376,26921.466572131743,8618.018032124213,1417.5526831048974,1990.1254122623932,5210.339936756921,1712.1689471204866,6905.849085003724,19.945162756044027,5,1,0,0,4,49.21097341742825,49.21097341742825,49.21097341742825,1.0,0.0,0.0,0.0,1,0,0.0,0.0,0.0,1.0,0.0,0.746452128857114,0.253547871142886,0.253547871142886,0.253547871142886,0.253547871142886,12,2,2022,7,5,1,0,0,1,1,0,1,GRAVE_LESIONADOS,1
3,1,17,0,4,1,-11.292231565622426,-75.98574015888404,0,4,6,0,2,0,1,1,9585.838954755,2.0,2,0,1.0,9,31,3594.231076664806,0.40408212540524757,74.95673150850708,83.20918864086363,7.5940652763701735,386.15246503315893,3272.4388100327687,3681.841751947583,578.813961331824,893.1698915418915,2209.857899073868,645.4035568973362,3036.438195050247,17.513820276644402,6,1,0,0,5,40.490860400493546,29.768740743773733,51.212980057213365,1.0,0.0,0.0,0.8935099713933179,1,0,0.0,0.0,0.10649002860668211,0.8935099713933179,0.0,0.8935099713933179,0.10649002860668211,0.0,0.0,0.0,12,2,2023,8,16,3,0,1,1,1,0,1,GRAVE_LESIONADOS,1
5,1,15,0,4,1,-10.254430988211823,-77.19954657582849,0,4,7,0,2,1,0,0,6839.002344611306,2.756789222902397,2,0,1.0,2,27,1635.0326913302229,0.6036579388552457,77.81770857140992,63.95062607080919,7.434712610105155,1260.9265252030234,21723.13004973742,7144.469402262102,1472.2165155551695,1444.9396576371955,4227.313229069738,1619.9491016903612,5524.520300571741,22.37580482168954,5,1,0,0,4,30.27036766870719,30.27036766870719,30.27036766870719,1.0,0.24321077709760297,0.0,0.756789222902397,1,0,0.24321077709760297,0.0,0.0,1.0,0.24321077709760297,0.756789222902397,0.0,0.24321077709760297,0.24321077709760297,0.24321077709760297,17,2,2025,2,21,3,0,0,0,1,0,1,GRAVE_LESIONADOS,1
5,1,4,0,4,1,-14.320583964969325,-73.27593163181226,0,4,4,0,2,0,1,2,423.55378339224825,2.0,2,0,0.6679992978823208,7,20,89.34816780612532,0.5340864497632837,75.83966380274593,66.39844959589723,8.253655636719756,913.4038580608363,20842.583343891296,9620.683136274389,1441.5322304268484,1431.7613435383673,6747.389562309173,2280.117365416359,7340.56577085803,22.966827924887983,4,1,0,0,3,33.95602316988341,33.624022467765734,34.28802387200109,1.0,0.6679992978823208,0.0,1.0,1,0,0.0,0.3320007021176792,0.0,0.6679992978823208,0.0,1.0,0.3320007021176792,0.0,0.3320007021176792,0.0,17,3,2021,1,4,3,0,0,0,1,0,1,GRAVE_LESIONADOS,1
6,1,5,0,4,2,-6.853500997475783,-78.27281554091067,1,4,0,0,1,2,2,1,6543.555,2.0,4,4,1.0,14,33,1198.0,0.2306648683930352,73.51785196186866,48.43708383525727,3.1868228997017365,209.90147587040371,8402.117427254438,15935.565011852366,1733.9250000199986,935.692,13265.948011832368,2000.1670000199988,13935.398011832369,12.551591352627522,6,1,0,0,5,34.444421678375534,31.46665300702532,36.6777481818882,0.2555578321624463,0.2555578321624463,0.0,0.2555578321624463,1,0,0.0,1.0,0.0,0.0,0.2555578321624463,0.0,0.7444421678375537,0.2555578321624463,1.0,0.2555578321624463,18,1,2022,3,2,2,0,0,2,1,0,1,GRAVE_LESIONADOS,1
3,1,6,0,4,2,-13.11155772707438,-72.71254485209765,0,4,0,1,2,2,2,1,6543.555,2.0,4,4,1.0,14,33,1198.0,0.3067224036985648,67.49816975014012,51.211587269838496,4.485154644205439,359.7222387535971,12487.050346400356,17498.94889678915,2042.134410595095,2570.191684913857,12886.622801280197,2745.1914186111917,14753.757478177957,15.6383267988762,4,1,0,0,2,35.39975228092564,26.49554419690318,44.303960364948104,1.0,0.8480198175259488,0.0,0.0,1,0,0.0,0.0,0.0,1.0,0.8480198175259488,0.1519801824740512,0.0,0.8480198175259488,0.8480198175259488,0.8480198175259488,10,1,2023,8,3,0,0,0,2,1,0,1,GRAVE_LESIONADOS,1
3,1,3,0,4,1,-16.17152159530631,-71.64570586484538,0,4,0,0,2,1,1,1,1504.4250000000002,2.0,2,0,1.0,7,25,241.0,0.6005060748875158,78.21704200773246,77.40211893847457,8.994742794352394,996.014120858737,33335.45824411135,10322.272,1495.236,1749.739,7077.2970000000005,2886.595,7435.677000000001,27.964725207783708,5,1,0,0,3,45.351096333443856,41.00268627390031,49.6995063929874,0.8696820119087091,0.0,0.0,1.0,1,0,0.0,0.8696820119087091,0.0,0.13031798809129091,0.0,0.0,1.0,0.0,0.0,0.0,16,1,2021,3,23,3,0,0,0,1,0,1,GRAVE_LESIONADOS,1
6,1,7,0,4,0,-13.074675260330588,-72.10052312113392,3,4,0,0,1,1,0,6,6543.555,2.0,4,4,1.0,14,33,1198.0,0.28109407562642863,70.27342238450855,52.18082580016076,5.063933272394487,250.5114551119383,5277.277019451678,17779.13499998999,2097.3709999899997,2863.123,12818.640999999989,2878.713,14900.421999989989,16.19152450331032,5,1,0,0,4,45.46996740742146,45.46996740742146,45.46996740742146,1.0,0.6543729629638411,0.0,0.0,1,0,0.0,0.0,0.0,1.0,0.0,0.6543729629638411,0.34562703703615894,0.6543729629638411,0.6543729629638411,0.0,9,1,2021,2,12,3,0,0,2,1,0,1,GRAVE_LESIONADOS,1
3,1,5,0,4,0,-15.3807079336795,-72.6699765929845,0,4,5,0,1,1,1,2,6543.555,2.0,4,4,1.0,14,33,1198.0,0.6619904109144163,80.49274529587437,73.33579782959848,10.460261329459703,1195.0268266294083,14377.830800333837,9803.845471145647,1531.420068324087,1720.7682081107014,6551.657194710859,2680.5057829518964,7123.339688193751,27.16338565025792,4,1,0,0,2,25.961488154779715,22.73067867860349,29.19229763095594,1.0,0.0,0.0,1.0,1,0,0.0,1.0,0.0,0.807702369044057,0.0,0.807702369044057,1.0,0.0,0.0,0.0,19,2,2021,4,18,3,0,1,0,1,0,1,GRAVE_LESIONADOS,1
3,1,12,0,4,1,-7.988236005388448,-78.25328669896194,0,4,7,1,2,2,2,0,9100.97952381766,2.0,2,0,1.0,10,32,3181.6114132582616,0.4320883936567258,76.718936301794,43.003289188979466,6.269065613037991,662.0777072841523,13167.552462526766,8931.828000000005,1335.5899999999997,1935.9830000000004,5660.255000000005,1219.309,7712.519000000005,13.651281686122925,8,1,0,0,6,35.86952237086345,32.2463482472423,39.2463482472423,0.7536517527576981,0.0,0.0,0.0,1,0,0.0,0.7536517527576981,0.24634824724230187,0.0,0.24634824724230187,0.0,0.7536517527576981,0.24634824724230187,0.0,0.24634824724230187,12,1,2023,6,18,5,1,1,0,1,0,1,GRAVE_LESIONADOS,1