CLASE SINIESTRO,CANTIDAD DE VEHICULOS DAÑADOS,DEPARTAMENTO,ZONA,TIPO DE VÍA,RED VIAL,COORDENADAS LATITUD,COORDENADAS  LONGITUD,CONDICIÓN CLIMÁTICA,ZONIFICACIÓN,CARACTERÍSTICAS DE VÍA,PERFIL LONGITUDINAL VÍA,SUPERFICIE DE CALZADA,¿EXISTE SEÑAL VERTICAL?,¿EXISTE SEÑAL HORIZONTAL?,CAUSA FACTOR PRINCIPAL,MTC_RVN_LONGITUD_KM,MTC_RVN_N_CARRILES_MEDIANA,MTC_RVN_SUPERFICIE_DOMINANTE,MTC_RVN_ESTADO_DOMINANTE,MTC_RVN_ES_CONCESIONADA,MTC_RVN_CONCESION_PRINCIPAL,MTC_RVN_CORREDOR_LOGISTICO,MTC_RVN_N_TRAMOS,IDH_2019,IDH_ESP_VIDA_2019,IDH_EDUC_SECUND_PCT_2019,IDH_ANIOS_EDUC_2019,IDH_INGRESO_PERCAP_2019,IDH_POBLACION_2019,MTC_DEP_RED_TOTAL_KM,MTC_DEP_NACIONAL_TOTAL_KM,MTC_DEP_DEPARTAMENTAL_TOTAL_KM,MTC_DEP_VECINAL_TOTAL_KM,MTC_DEP_PAV_TOTAL_KM,MTC_DEP_NO_PAV_TOTAL_KM,MTC_DEP_PCT_PAVIMENTADA,PER_TOTAL_PERSONAS,PER_N_CONDUCTORES,PER_N_CONDUCTORES_FUGADOS,PER_N_PEATONES,PER_N_PASAJEROS_OCUPANTES,PER_EDAD_COND_PROM,PER_EDAD_COND_MIN,PER_EDAD_COND_MAX,PER_ANY_COND_MASCULINO,PER_ANY_LIC_PROBLEMA,PER_ANY_DOSAJE_POS,PER_ANY_DOSAJE_EVALUADO,VEH_TOTAL,VEH_N_FUGADOS,VEH_ANY_FUGADO,VEH_ANY_CARGA,VEH_ANY_PUBLICO,VEH_ANY_PARTICULAR,VEH_ANY_MOTO,VEH_ANY_AUTO,VEH_ANY_CAMION_BUS,VEH_ANY_SOAT_PROBLEMA,VEH_ANY_CITV_PROBLEMA,VEH_ANY_SEGURO_PROBLEMA,HORA_NUM,FRANJA_HORARIA,ANIO,MES,DIA_MES,DIA_SEMANA,ES_FIN_SEMANA,ES_QUINCENA,REGION_NATURAL,TIENE_SEÑALIZACION,ES_VIA_MULTICARRIL,ES_DEPTO_BAJO_PAVIMENTO,CATEGORIA_SEVERIDAD,CATEGORIA_SEVERIDAD_ENC
5,1,5,0,4,1,-6.526074108339548,-78.85148919298,0,4,5,1,2,0,1,0,9936.932,2.0,2,0,1.0,9,32,3830.0,0.30522621347351003,72.32828608896925,54.6397369457562,4.10718035015073,333.605583264418,5277.257608165812,15935.565011852366,1733.9250000199986,935.692,13265.948011832368,2000.1670000199988,13935.398011832369,12.551591352627522,6,1,0,0,5,43.26506817797359,43.26506817797359,43.26506817797359,1.0,0.0,0.0,0.06325340889867959,1,0,0.0,0.9367465911013204,0.0,0.06325340889867959,0.06325340889867959,0.0,0.9367465911013204,0.0,0.0,0.0,5,0,2022,2,4,4,0,0,2,1,0,1,GRAVE_LESIONADOS,1
5,1,14,2,3,1,-12.01452363425017,-76.8814392477811,0,0,0,1,2,2,2,0,1622.1844989530719,2.0,2,0,1.0,4,16,293.241335685022,0.6868549636939637,79.62363164345142,76.30894566128948,9.209137883551294,1425.4498631666322,684921.8484148846,7626.313,1683.4029999999998,1599.0829999999996,4343.827000000001,1814.875,5811.438000000001,23.797541485643197,6,2,0,0,4,51.89264743669832,50.234099760666545,53.55119511273009,1.0,0.1317095352063551,0.0,0.0,2,0,0.0,0.1317095352063551,0.1317095352063551,0.8682904647936449,0.0,0.8682904647936449,0.1317095352063551,0.1317095352063551,0.1317095352063551,0.1317095352063551,8,1,2022,7,24,5,1,0,0,1,0,1,GRAVE_LESIONADOS,1
6,1,1,0,4,1,-9.94479553150385,-77.13190077344525,0,4,6,0,2,2,2,0,9936.932,2.0,2,0,1.0,9,32,3830.0,0.4392702677760791,71.42328044438536,47.49326617280244,6.433251086075877,730.8355622761236,2235.8921369463983,10767.648,1885.0630000000003,1222.721,7659.864000000001,2100.343,8667.305000000002,19.506051832303577,10,1,0,0,9,38.03364433912118,38.03364433912118,38.03364433912118,1.0,0.0,0.0,0.8587449685295802,1,0,0.0,0.0,0.8587449685295802,0.14125503147041985,0.0,0.8587449685295802,0.14125503147041985,0.0,0.8587449685295802,0.0,13,3,2021,8,29,5,0,1,0,1,0,1,GRAVE_LESIONADOS,1
6,1,5,0,4,3,-6.423926455933563,-78.60159808897893,0,4,7,0,1,2,2,2,6543.555,2.0,4,4,1.0,14,33,1198.0,0.29623358543390915,76.90919302402645,31.756767822343797,4.147322883920573,367.1889241466972,8389.286535729962,15935.565011852366,1733.9250000199986,935.692,13265.948011832368,2000.1670000199988,13935.398011832369,12.551591352627522,5,1,0,0,4,41.28106511191321,41.28106511191321,41.28106511191321,1.0,0.0,0.0,1.0,1,0,0.0,0.6337832847472876,0.3662167152527124,0.0,0.0,0.0,1.0,0.0,0.0,0.0,13,1,2024,6,11,2,0,0,2,1,0,1,GRAVE_LESIONADOS,1
5,1,5,0,3,1,-11.045069556877461,-75.6603016841062,0,3,5,0,2,1,0,2,9077.724995847078,2.0,2,1,1.0,10,32,3163.5745380102217,0.5826937455310737,74.20864155877656,75.35826211091113,9.880222587741418,949.9721727453115,64578.04008351397,11495.516522298953,1919.4264490879202,1509.1917834321382,8066.8982897788965,2407.655530792611,9087.860991506344,20.717973297248378,5,1,0,0,3,39.54481628717967,38.025609306959815,41.823626757509466,1.0,0.0,0.25320116336997667,0.25320116336997667,1,0,0.0,0.0,0.25320116336997667,1.0,0.25320116336997667,1.0,0.0,0.0,0.25320116336997667,0.25320116336997667,4,0,2022,8,9,2,0,0,0,1,0,1,GRAVE_LESIONADOS,1
4,1,8,0,4,1,-13.416441506131184,-74.94176367413385,3,4,0,0,2,1,1,0,1679.5849999999998,2.0,2,3,1.0,9,24,315.0,0.2997946406100768,72.83003345209801,46.42647217987546,4.997510303405721,292.6881439974165,3327.8779443254816,8511.426,1445.3929999999996,2008.516,5057.516999999999,1879.579,6631.846999999998,22.08300935706896,8,1,0,0,7,49.55529582532818,45.552958253281815,53.55763339737455,1.0,0.0,0.0,0.44470417467181866,1,0,0.0,0.44470417467181866,0.0,1.0,0.0,0.5552958253281813,0.44470417467181866,0.0,0.0,0.0,9,1,2023,3,4,3,0,0,2,1,0,1,GRAVE_LESIONADOS,1
4,1,10,0,4,2,-8.585575241591016,-77.73289518006459,0,4,3,0,1,2,2,2,6543.555,2.0,4,4,1.0,14,33,1198.0,0.34639469540510226,78.0526770341486,47.33260747048881,4.109523036848021,577.6034965406541,24733.38613743419,8550.508748720009,1334.4757518374372,1332.428746467665,5883.604250414907,1135.1864292042776,7415.322319515732,13.260644787389303,4,1,0,0,3,40.803375846678854,36.07917207093236,45.52757962242535,1.0,0.0,0.0,0.0,1,0,0.0,0.5275796224253504,0.4724203775746496,0.0,0.4724203775746496,0.0,0.5275796224253504,0.0,0.5275796224253504,0.0,16,2,2021,4,3,1,0,0,1,1,0,1,GRAVE_LESIONADOS,1
1,1,16,1,2,2,-10.162331500834808,-76.80003986926418,0,1,3,1,2,0,1,2,4506.604487848196,2.0,3,2,1.0,9,28,807.6089635732692,0.7562181432175994,77.75513071616666,77.33134815932381,11.395610370359009,1730.2654990842366,46656.893522459766,6943.670685459134,1384.208756851444,1380.7034915960144,4178.7584370116765,1538.7176182048584,5404.953067254276,21.783324400461826,8,2,0,0,6,48.5581814717962,46.73046348257587,50.385899461016535,1.0,0.34456402155933874,0.34456402155933874,0.34456402155933874,2,0,0.0,0.0,1.0,0.6554359784406613,0.34456402155933874,0.0,1.0,0.6554359784406613,1.0,0.6554359784406613,13,3,2022,4,23,1,0,1,0,1,0,1,GRAVE_LESIONADOS,1
3,1,13,1,4,1,-13.110981132517777,-73.90651761279648,0,4,7,1,2,0,1,2,507.5382896893378,2.0,2,0,1.0,4,29,73.47594647956669,0.5000463013852902,72.29534270130944,78.02188548142307,9.335728782496227,728.8961377655718,20111.918416479017,12585.823350480361,1871.775839637436,1396.6918503246327,9317.355660518291,1990.9048561553695,10594.918494324991,15.596652586948721,8,1,0,0,6,47.0,33.1973759795891,60.8026240204109,1.0,0.0,0.0,0.7668124455783837,1,0,0.0,0.0,0.7668124455783837,1.0,0.0,0.23318755442161632,0.7668124455783837,0.0,0.0,0.7668124455783837,10,2,2023,1,7,3,0,0,2,1,0,1,GRAVE_LESIONADOS,1
3,1,14,2,2,4,-11.858727043386189,-77.07118230552562,0,3,1,0,1,2,2,0,6543.555,2.0,4,4,1.0,14,33,1198.0,0.6632628912836565,79.15155564666024,73.19223743118206,9.629669813837666,1289.452647666346,383699.2119914347,7626.313,1683.4029999999998,1599.0829999999996,4343.827000000001,1814.875,5811.438000000001,23.797541485643197,5,1,0,0,3,29.703395519208403,27.54238805122241,31.8644029871944,1.0,0.13559701280560232,0.0,0.0,1,0,0.0,0.0,0.8644029871943977,1.0,1.0,0.8644029871943977,0.0,1.0,1.0,1.0,3,0,2023,8,23,5,0,0,0,1,0,1,GRAVE_LESIONADOS,1
8,1,7,0,4,2,-12.492631315029898,-73.34470708467337,0,4,5,0,1,2,2,1,6543.555,2.0,4,4,1.0,14,33,1198.0,0.4297325556987851,76.15904795703717,58.63823936731875,6.097264629229048,579.625724446144,29458.58458244112,17779.13499998999,2097.3709999899997,2863.123,12818.640999999989,2878.713,14900.421999989989,16.19152450331032,5,1,0,0,4,36.57515451007969,36.57515451007969,36.57515451007969,1.0,0.30936856208001284,0.0,0.30936856208001284,1,0,0.0,1.0,0.0,0.0,0.0,0.0,1.0,0.0,0.0,0.0,13,3,2022,6,9,2,0,0,2,1,0,1,GRAVE_LESIONADOS,1
5,1,5,0,4,2,-9.283087063818222,-76.60662844728232,0,4,4,1,1,2,2,2,6543.555,2.0,4,4,1.0,14,33,1198.0,0.3237893856477437,66.34923462748235,48.47293428501206,5.055375207719319,402.5659781703027,12125.738316052,16499.45471490307,1845.0916268997755,1525.2321320449278,13129.130955958366,2268.886411939675,14230.568302963395,13.664931685063934,10,1,0,0,8,31.070539211083172,27.85892157783366,34.28215684433268,1.0,1.0,0.0,0.6941316539762369,1,0,0.0,0.0,0.6941316539762369,0.3058683460237631,0.3058683460237631,0.0,0.6941316539762369,0.3058683460237631,0.3058683460237631,0.3058683460237631,15,1,2024,10,21,3,0,0,2,1,0,1,GRAVE_LESIONADOS,1
4,1,14,0,3,4,-12.140562284768514,-76.91170315636595,0,3,3,0,1,2,2,1,6543.555,2.0,4,4,1.0,14,33,1198.0,0.689811994580126,79.88015655965044,73.89553442371854,9.755251380104111,1409.8432274455126,452660.364025696,7626.313,1683.4029999999998,1599.0829999999996,4343.827000000001,1814.875,5811.438000000001,23.797541485643197,5,1,0,0,4,31.25799434195544,31.25799434195544,31.25799434195544,1.0,0.9838753536277851,0.0,0.9838753536277851,1,0,0.0,0.9838753536277851,0.01612464637221489,0.0,0.01612464637221489,0.0,0.9838753536277851,1.0,1.0,0.0,14,2,2021,2,18,2,0,1,0,1,0,1,GRAVE_LESIONADOS,1
4,1,5,0,4,1,-6.1307830175848,-79.05847482706805,2,4,2,0,1,1,1,2,733.4078501919169,1.3726571298941472,1,1,0.37265712989414723,8,26,125.51488510502492,0.40972031638894774,74.03369867498517,52.19739956663338,6.127092536678383,605.7526055762479,7172.413398041058,15935.565011852366,1733.9250000199986,935.692,13265.948011832368,2000.1670000199988,13935.398011832369,12.551591352627522,7,1,0,0,5,34.50937148042341,30.78280018148194,38.23594277936488,1.0,0.0,0.37265712989414723,1.0,1,0,0.0,0.0,0.0,1.0,0.0,0.37265712989414723,0.6273428701058528,0.0,0.0,0.0,18,1,2022,9,23,4,0,1,2,0,0,1,GRAVE_LESIONADOS,1
6,1,17,0,4,1,-16.707044908890804,-72.16214930136188,0,4,2,0,2,1,0,3,3073.9316785478377,1.3517098179588083,1,1,0.3517098179588083,9,31,682.4621378606839,0.6112922628902107,78.69299000095577,75.89546874020546,9.799289348323294,998.6445951203872,33388.38257604973,3027.2141752440903,654.4179849398528,577.928036673483,1794.8681536307543,1080.7308274840088,1946.483347760081,36.56222345798863,5,1,0,0,4,29.7794821844943,29.7794821844943,29.7794821844943,1.0,0.3517098179588083,0.0,0.3517098179588083,1,0,0.0,0.0,0.6482901820411917,0.3517098179588083,0.0,0.0,1.0,0.3517098179588083,0.3517098179588083,0.0,14,3,2021,4,12,3,0,0,0,1,0,1,GRAVE_LESIONADOS,1
4,1,11,0,4,1,-14.355585847527001,-72.18304560856878,0,4,3,0,2,1,1,2,1718.813751245798,1.4565155714169855,1,0,0.4565155714169855,7,27,352.93413499878346,0.2457711767804204,73.49417541511936,52.595571266246246,4.8226643430855445,171.2110157273717,2054.9244943371987,13118.62227430598,1903.5466913325015,2038.8509222142789,9176.2246607592,2863.678954175114,10254.943320130866,21.74364799885367,9,1,0,0,7,33.06520299997297,29.260906571498086,35.65212457133588,1.0,0.0,0.0,0.5434844285830145,1,0,0.0,0.0,0.0,0.4565155714169855,0.5434844285830145,0.4565155714169855,0.4565155714169855,1.0,1.0,0.5434844285830145,18,2,2022,6,17,3,0,0,2,1,0,1,GRAVE_LESIONADOS,1
3,3,3,1,4,1,-16.517529685289126,-71.79795878782694,0,4,1,1,2,0,1,0,6266.434290830119,2.0,2,0,1.0,8,30,1515.9876400563548,0.6105481451420971,78.10653088113892,68.35418098658066,8.411557426919764,1158.5430895193692,35025.678800856535,10322.272,1495.236,1749.739,7077.2970000000005,2886.595,7435.677000000001,27.964725207783708,9,3,0,0,5,41.31048995204454,30.34537364400523,49.908956073342054,1.0,0.0,0.0,0.0727362617771965,3,0,0.0,1.0,0.0727362617771965,0.9272637382228035,0.0,0.9272637382228035,1.0,0.0,0.0,0.0,20,2,2022,8,21,3,0,0,0,1,0,1,GRAVE_LESIONADOS,1
5,1,4,0,4,0,-13.24304779630385,-73.73680644922688,0,4,0,0,2,2,2,2,6762.521011485613,2.0,3,3,1.0,12,27,1198.0,0.2280814244922362,76.33931171798588,44.47789306833957,4.928225471153031,167.63874241303134,6559.3348824294635,12678.733000000004,1805.074000000001,1774.0339999999994,9099.625000000004,2485.375000000001,10193.358000000002,19.602707936195205,6,1,0,0,5,30.722044091162562,29.357898020382265,32.08619016194286,1.0,0.0,0.0,0.2098686262738917,1,0,0.0,0.2098686262738917,0.2098686262738917,0.7901313737261083,0.0,0.0,1.0,0.7901313737261083,0.7901313737261083,0.7901313737261083,7,0,2021,7,26,3,0,0,2,1,0,1,GRAVE_LESIONADOS,1
3,2,20,0,4,0,-5.847656857883546,-79.12937343099628,0,3,7,0,2,2,2,0,2445.9975074591866,2.0,2,0,1.0,3,22,388.4031298294334,0.4790178427579673,79.2959230647047,52.92544832231255,6.470027435931956,767.927093898366,122869.08927610287,7598.899717126826,1479.758753118516,783.8969909010884,5335.243973107221,1789.1993478094355,5809.70036931739,21.4388597488943,6,2,0,0,4,38.39110959911621,20.74224641414055,56.03997278409188,1.0,0.0,0.0,0.7822191982324315,2,0,0.0,0.0,0.21778080176756853,1.0,1.0,0.7822191982324315,0.0,0.21778080176756853,0.21778080176756853,0.21778080176756853,9,1,2021,8,18,4,0,0,0,1,0,1,GRAVE_LESIONADOS,1
3,1,15,2,5,3,-13.390872280016898,-74.65463206261443,0,2,4,0,2,1,1,0,6880.516949918485,2.0,3,2,1.0,12,23,1198.0,0.6471437490203462,74.98489067731171,74.51990299557522,10.061414143733748,1263.4393928823074,142194.4537779785,9569.253505669825,1792.362690166367,1842.9304304783761,5933.960385025083,2299.0524797986327,7270.201025871193,23.957378068490183,6,2,0,0,4,33.26073529582593,29.35407562976402,37.16739496188784,1.0,0.6770378148820102,0.0,0.0,2,0,0.0,0.0,1.0,0.3229621851179898,1.0,0.3229621851179898,0.6770378148820102,0.6770378148820102,1.0,0.6770378148820102,6,0,2021,10,6,0,0,0,0,1,0,1,GRAVE_LESIONADOS,1
8,1,10,0,4,2,-15.3772637440463,-75.13965916354068,4,4,2,1,6,2,2,1,5294.590559260065,2.0,3,3,1.0,12,31,969.1356993328803,0.5563774842369664,77.00938809632027,69.10246351364754,8.476961866273152,914.8835608305218,27932.19700214133,3721.461,698.1859999999996,744.866,2278.409,1102.9029999999996,2618.558,29.636290693359403,4,1,0,0,3,53.29518181513386,49.457818218393676,57.13254541187405,1.0,0.0,0.8032121232440932,1.0,1,0,0.0,0.1967878767559068,0.1967878767559068,0.8032121232440932,0.0,0.0,1.0,0.0,0.1967878767559068,0.1967878767559068,3,0,2021,8,25,4,0,1,0,1,0,1,GRAVE_LESIONADOS,1
3,1,11,0,4,1,-14.154405699729686,-72.44570938673016,0,4,2,0,2,1,1,2,7586.903,2.0,2,0,1.0,9,5,1198.0,0.3391095170478109,72.50239623081308,68.4330046470016,5.817473879796918,314.941655638873,5178.80072027255,13100.899602504804,1899.579331153925,2028.1817295925541,9173.138541758324,2848.4374895326523,10252.46211297215,21.65739179691206,4,2,0,0,2,44.67566216858875,34.990031299864214,54.36129303731329,1.0,1.0,0.0,0.0,2,0,0.0,0.5618769562415131,0.5618769562415131,0.4381230437584869,0.5618769562415131,0.4381230437584869,1.0,0.0,0.5618769562415131,0.0,13,1,2022,4,15,3,0,0,2,1,0,1,GRAVE_LESIONADOS,1
6,1,19,0,4,1,-5.155747334462374,-80.54991040726533,1,4,7,0,2,2,2,0,2662.5309319877197,2.2591167932780145,2,0,1.0,0,22,502.96123278075504,0.6162939006683081,79.73680152079375,72.60050495454462,9.943525021852121,1015.2864807349632,166068.5590695388,8965.846000060003,1782.4120000599992,636.9959999999999,6546.438000000004,2214.505000059999,6751.341000000004,24.699342371541725,4,1,0,0,3,28.0,28.0,28.0,1.0,0.0,0.0,1.0,1,0,0.0,0.0,0.0,1.0,0.0,0.2591167932780145,0.7408832067219855,0.2591167932780145,1.0,0.0,6,1,2021,10,4,4,0,0,0,1,0,1,GRAVE_LESIONADOS,1
3,1,13,1,4,1,-13.211208103189009,-72.30683697040578,3,3,6,1,4,2,2,0,2185.8973680382587,0.9855809366450166,2,1,0.6618603122150055,6,22,379.68503203046805,0.599793692167073,74.82619488646253,60.3525806494945,8.82005787808715,1210.614645965941,10184.483568101094,2641.920500555471,500.45192242420586,476.9151619013161,1664.5534162299487,699.7777828963965,1942.1427176590742,25.656678432510663,4,2,0,0,2,41.88860640952743,39.39581594120493,44.381396877849944,1.0,0.0,0.0,0.3381396877849945,2,0,0.0,0.0,0.0,1.0,0.6618603122150055,1.0,0.0,0.0,0.6618603122150055,0.0,14,3,2022,5,16,4,0,0,0,1,0,1,GRAVE_LESIONADOS,1
3,2,23,0,4,1,-3.712861216911581,-80.56702322528321,7,4,4,1,2,2,2,2,6543.555,3.0,2,0,1.0,0,30,1475.0,0.5188096741895859,71.75278318408701,62.105078149215856,7.772904548528822,909.942889609763,5675.402570448495,1009.101,138.47399999999996,287.471,583.156,276.972,732.129,27.447401201663663,5,2,0,0,3,40.22293057831979,35.46728486835182,44.97857628828776,1.0,0.0,0.0,1.0,2,0,0.0,0.0,0.6444702028479924,1.0,0.0,1.0,0.6444702028479924,0.0,0.0,0.0,13,1,2023,8,22,5,1,1,0,1,1,1,GRAVE_LESIONADOS,1
6,1,9,0,4,1,-8.52871600281043,-77.79129635796691,0,4,1,0,6,2,2,0,9936.932,2.0,2,0,1.0,9,32,3830.0,0.24701791549019125,77.63017000378517,37.456288252344294,4.722295104388024,243.62036683279308,2269.0535267525615,9282.729316871404,1440.6170719816096,1799.6490592681591,6042.463185621636,1387.711125921102,7895.018190950303,14.770371005486561,12,1,0,0,11,51.51516100743635,51.51516100743635,51.51516100743635,1.0,0.0,0.0,0.1911414609664347,1,0,0.0,0.0,0.1911414609664347,0.8088585390335653,0.0,0.1911414609664347,0.8088585390335653,0.0,1.0,0.0,11,1,2023,5,26,3,0,1,0,1,0,1,GRAVE_LESIONADOS,1
5,1,3,0,4,1,-16.286208643198247,-71.32094424724689,0,4,7,1,5,1,1,0,1220.4400330775584,1.2947013698855279,4,1,0.294701369885528,8,29,213.4933534255356,0.504186215659159,80.11327525546108,71.96992046134694,7.37659670253431,685.9475373519149,2712.5946048914525,10322.272,1495.236,1749.739,7077.2970000000005,2886.595,7435.677000000001,27.964725207783708,4,1,0,0,3,39.88410410965658,37.82119452045789,41.94701369885528,1.0,0.294701369885528,0.0,0.294701369885528,1,0,0.0,0.705298630114472,0.0,0.294701369885528,0.0,0.294701369885528,0.705298630114472,0.0,0.294701369885528,0.0,6,0,2024,9,17,3,0,1,0,1,0,1,GRAVE_LESIONADOS,1
6,1,4,0,4,1,-13.949435585254513,-74.42088544200264,0,3,3,0,2,1,1,3,2757.1383217399566,1.571212917751517,2,1,0.5712129177515172,6,20,541.214359754992,0.2759358242970459,72.08944718758086,44.69473152560539,4.042148651255874,372.1486514319083,3620.4197986699496,12678.733000000004,1805.074000000001,1774.0339999999994,9099.625000000004,2485.375000000001,10193.358000000002,19.602707936195205,24,1,0,0,23,52.14242583550303,52.14242583550303,52.14242583550303,1.0,0.0,0.0,1.0,1,0,0.0,0.0,0.5712129177515172,0.0,0.0,0.0,1.0,0.0,0.42878708224848283,0.0,8,1,2023,8,20,2,0,0,2,1,0,1,GRAVE_LESIONADOS,1
6,1,8,0,4,2,-12.844038418863626,-74.64972969839782,1,4,1,0,1,1,0,1,6543.555,2.0,4,4,1.0,14,33,1198.0,0.29193242072594683,67.77298828560113,61.093888424198745,5.039132096382866,302.99805566936794,3301.306461667601,8511.426,1445.3929999999996,2008.516,5057.516999999999,1879.579,6631.846999999998,22.08300935706896,6,1,0,0,5,23.217784173990776,23.217784173990776,23.217784173990776,1.0,0.0,0.0,0.0,1,0,0.0,0.0,0.0,1.0,0.0,0.7453977391415395,0.2546022608584605,0.0,0.0,0.0,16,2,2021,9,4,4,0,0,2,1,0,1,GRAVE_LESIONADOS,1
4,1,8,0,4,1,-10.984052388529761,-75.84550157374093,0,4,4,0,3,2,2,1,8650.991731628163,2.0,2,1,1.0,10,32,2832.58804537348,0.4178816123031762,71.61358915499567,62.18690613960637,6.995542995872351,614.2417065315917,27578.307362251966,8323.641519494098,1375.8888506466665,1252.9916435673983,5694.761025280032,1370.4967383915086,6953.144781102589,16.386693724137555,6,1,0,0,4,32.178793623374865,32.178793623374865,32.178793623374865,1.0,0.3789559098125076,0.0,0.0,1,0,0.0,0.6210440901874924,0.0,0.3789559098125076,0.0,1.0,0.6210440901874924,0.6210440901874924,0.6210440901874924,0.6210440901874924,17,2,2023,6,2,5,1,0,2,1,0,1,GRAVE_LESIONADOS,1
5,1,3,0,4,1,-16.171567556304062,-72.01884420951168,1,4,6,1,3,2,2,0,6610.782147273529,2.0,2,1,1.0,10,31,1489.4431400159162,0.5867385676609356,77.81253725026461,74.64222270047028,8.112931632259857,1047.7929398829524,2451.8268408983945,10322.272,1495.236,1749.739,7077.2970000000005,2886.595,7435.677000000001,27.964725207783708,23,1,0,0,22,34.055352152348505,34.055352152348505,34.055352152348505,1.0,0.30276760761742505,0.0,0.697232392382575,1,0,0.0,0.0,0.697232392382575,0.30276760761742505,0.0,0.0,1.0,0.0,0.0,0.0,8,0,2023,10,13,3,0,0,0,1,0,1,GRAVE_LESIONADOS,1
3,2,7,0,4,1,-13.476631253182475,-71.89204505123357,0,4,7,1,2,0,1,1,3348.2011813400472,1.5406539898271774,2,1,0.5406539898271773,6,15,815.4248835238427,0.4540864227793242,69.0878064509548,70.7417808458416,6.836510530440759,667.8825298446991,9497.79570410773,17779.13499998999,2097.3709999899997,2863.123,12818.640999999989,2878.713,14900.421999989989,16.19152450331032,11,2,0,0,9,36.45934601017282,34.62196196948153,38.29673005086411,1.0,0.0,0.0,0.5406539898271773,2,0,0.0,0.0,0.4593460101728227,1.0,0.0,1.0,1.0,0.0,0.5406539898271773,0.0,17,2,2023,7,14,3,0,0,2,1,0,1,GRAVE_LESIONADOS,1
6,1,4,0,4,1,-13.53915895457615,-74.00233100550207,0,4,0,0,2,2,2,2,1682.1345922118862,1.1820365056508464,1,0,0.1820365056508464,9,30,306.8203650565085,0.21805980420974513,71.55655530131507,44.8205298778867,4.206872176150616,156.45012521234233,2803.575623133166,12678.733000000004,1805.074000000001,1774.0339999999994,9099.625000000004,2485.375000000001,10193.358000000002,19.602707936195205,11,1,0,0,10,31.817963494349154,31.817963494349154,31.817963494349154,1.0,0.0,0.0,1.0,1,0,0.1820365056508464,0.0,0.0,0.1820365056508464,0.8179634943491536,0.0,0.1820365056508464,0.8179634943491536,0.8179634943491536,1.0,16,2,2022,9,11,3,0,0,2,1,0,1,GRAVE_LESIONADOS,1
5,1,19,0,3,1,-5.159962707268754,-80.50666850538154,0,4,6,0,2,2,2,0,1672.2760839818284,2.0,2,0,1.0,1,20,235.530975144237,0.6220812987247925,80.20155828147696,72.71675503872983,10.02377668600292,1028.915688621886,159840.92719486082,8965.846000060003,1782.4120000599992,636.9959999999999,6546.438000000004,2214.505000059999,6751.341000000004,24.699342371541725,4,1,0,0,3,28.315352065844507,28.28031294741734,28.350391184271675,1.0,0.07007823685433523,0.0,1.0,1,0,0.0,0.0,0.07007823685433523,1.0,0.07007823685433523,0.07007823685433523,0.9299217631456648,0.07007823685433523,1.0,0.0,6,1,2021,11,4,3,0,0,0,1,0,1,GRAVE_LESIONADOS,1
4,1,11,0,4,1,-10.766576526232178,-77.4211533174164,0,4,7,1,2,2,2,0,598.1839534222679,1.5450834128598903,1,1,0.5450834128598901,8,30,167.32765489673625,0.611376309778777,80.49972320086965,70.61927025060791,9.386641986975963,1030.8275953765135,36225.13910732806,6561.54562661255,1045.6243476905452,1394.1241194754339,4121.797159446571,1166.353979757368,5395.191646855181,20.92312742909886,5,1,0,0,3,33.96104027495193,23.72541706429945,44.19666348560439,1.0,0.45491658714010985,0.0,0.45491658714010985,1,0,0.0,0.0,0.0,1.0,0.45491658714010985,0.0,0.5450834128598901,0.0,1.0,0.0,8,1,2022,6,9,3,0,0,0,1,0,1,GRAVE_LESIONADOS,1
4,1,14,0,3,2,-10.80781743269738,-75.88701611774957,0,3,4,1,2,2,2,2,6543.555,2.0,4,4,1.0,14,33,1198.0,0.5110396747095334,76.03019261090951,60.90121736539689,7.4026316265434104,842.5926561250909,66878.76964447675,10526.48636181602,1567.5496322404922,2077.5354897032003,6881.401239872328,1928.4502966617179,8598.036065154301,17.25367661547911,6,1,0,0,5,35.44774348287966,33.41654071482157,38.49454763496679,1.0,0.6614662053236519,0.33853379467634814,0.33853379467634814,1,0,0.0,0.0,0.33853379467634814,1.0,0.33853379467634814,1.0,0.0,0.0,1.0,0.33853379467634814,10,1,2022,5,23,5,1,0,0,1,0,1,GRAVE_LESIONADOS,1