CLASE SINIESTRO,CANTIDAD DE VEHICULOS DAÑADOS,DEPARTAMENTO,ZONA,TIPO DE VÍA,RED VIAL,COORDENADAS LATITUD,COORDENADAS  LONGITUD,CONDICIÓN CLIMÁTICA,ZONIFICACIÓN,CARACTERÍSTICAS DE VÍA,PERFIL LONGITUDINAL VÍA,SUPERFICIE DE CALZADA,¿EXISTE SEÑAL VERTICAL?,¿EXISTE SEÑAL HORIZONTAL?,CAUSA FACTOR PRINCIPAL,MTC_RVN_LONGITUD_KM,MTC_RVN_N_CARRILES_MEDIANA,MTC_RVN_SUPERFICIE_DOMINANTE,MTC_RVN_ESTADO_DOMINANTE,MTC_RVN_ES_CONCESIONADA,MTC_RVN_CONCESION_PRINCIPAL,MTC_RVN_CORREDOR_LOGISTICO,MTC_RVN_N_TRAMOS,IDH_2019,IDH_ESP_VIDA_2019,IDH_EDUC_SECUND_PCT_2019,IDH_ANIOS_EDUC_2019,IDH_INGRESO_PERCAP_2019,IDH_POBLACION_2019,MTC_DEP_RED_TOTAL_KM,MTC_DEP_NACIONAL_TOTAL_KM,MTC_DEP_DEPARTAMENTAL_TOTAL_KM,MTC_DEP_VECINAL_TOTAL_KM,MTC_DEP_PAV_TOTAL_KM,MTC_DEP_NO_PAV_TOTAL_KM,MTC_DEP_PCT_PAVIMENTADA,PER_TOTAL_PERSONAS,PER_N_CONDUCTORES,PER_N_CONDUCTORES_FUGADOS,PER_N_PEATONES,PER_N_PASAJEROS_OCUPANTES,PER_EDAD_COND_PROM,PER_EDAD_COND_MIN,PER_EDAD_COND_MAX,PER_ANY_COND_MASCULINO,PER_ANY_LIC_PROBLEMA,PER_ANY_DOSAJE_POS,PER_ANY_DOSAJE_EVALUADO,VEH_TOTAL,VEH_N_FUGADOS,VEH_ANY_FUGADO,VEH_ANY_CARGA,VEH_ANY_PUBLICO,VEH_ANY_PARTICULAR,VEH_ANY_MOTO,VEH_ANY_AUTO,VEH_ANY_CAMION_BUS,VEH_ANY_SOAT_PROBLEMA,VEH_ANY_CITV_PROBLEMA,VEH_ANY_SEGURO_PROBLEMA,HORA_NUM,FRANJA_HORARIA,ANIO,MES,DIA_MES,DIA_SEMANA,ES_FIN_SEMANA,ES_QUINCENA,REGION_NATURAL,TIENE_SEÑALIZACION,ES_VIA_MULTICARRIL,ES_DEPTO_BAJO_PAVIMENTO,CATEGORIA_SEVERIDAD,CATEGORIA_SEVERIDAD_ENC
3,2,3,0,4,1,-16.728785834109075,-71.9310167389698,0,3,7,1,2,0,1,0,368.1140658088867,1.9032736222389142,2,0,0.9032736222389142,7,25,28.57146453012848,0.6494890792219568,75.85514101402664,77.23163091887211,10.539216394502514,1190.8992949055548,21718.815551116186,10322.272,1495.236,1749.739,7077.2970000000005,2886.595,7435.677000000001,27.964725207783708,6,2,0,0,4,60.83928346686697,51.38838780045069,70.29017913328326,1.0,0.0,0.0,0.0,2,0,0.0,0.0,0.09672637776108584,0.9032736222389142,0.0,0.9032736222389142,1.0,0.0,0.0,0.09672637776108584,19,2,2023,3,30,5,0,1,0,1,0,1,GRAVE_LESIONADOS,1
3,1,17,0,4,1,-11.248406840298479,-76.00045523726192,0,4,6,1,2,0,1,1,9612.02726840614,2.0,2,0,1.0,9,31,3611.8172709717455,0.39956951182585715,74.81868088325876,82.1743078027661,7.589876007578014,375.65808929567345,3236.0918495263327,3681.48954243942,577.7527608019176,894.4882921493313,2209.248489488172,641.3364515947117,3040.1530908447085,17.406053230244595,5,2,0,0,3,39.83764823701001,28.67529647402002,51.0,1.0,0.0,0.0,0.9014531485870576,2,0,0.0,0.0985468514129424,0.0,1.0,0.0,1.0,0.0985468514129424,0.0,0.0,0.0,14,2,2023,8,15,3,0,1,1,1,0,1,GRAVE_LESIONADOS,1
5,1,19,0,4,1,-5.158737442911858,-80.67399155176174,5,3,7,1,2,2,2,1,6543.555,3.0,2,0,1.0,0,30,1475.0,0.604929701216322,78.82419995554537,72.37223499106582,9.785941957949744,988.5240159298969,178297.20656305144,8965.846000060003,1782.4120000599992,636.9959999999999,6546.438000000004,2214.505000059999,6751.341000000004,24.699342371541725,7,1,0,0,5,33.801964446654125,33.801964446654125,33.801964446654125,1.0,0.0,0.0,1.0,1,0,0.23207857786616504,0.0,0.23207857786616504,0.767921422133835,0.23207857786616504,0.767921422133835,0.0,0.767921422133835,1.0,0.23207857786616504,7,0,2022,7,10,6,1,0,0,1,1,1,GRAVE_LESIONADOS,1
7,1,2,1,4,2,-8.572354553151342,-77.26864785125512,0,4,0,0,5,2,2,0,6571.622861397223,2.0,3,2,1.0,12,32,1319.6797973868386,0.36790925787418616,75.54224281954362,39.57788350077157,5.563621395805775,524.5035330850511,1742.2506887655518,3850.672913039482,1022.1072243565668,631.5497518006971,2197.0159368822187,989.9667222040478,2860.7061908354344,25.762308156782,10,1,0,0,9,34.568599837458855,34.568599837458855,34.568599837458855,1.0,0.0,0.0,0.0,1,0,0.0,0.0,1.0,0.0,0.0,0.0,1.0,0.0,0.0,0.0,8,0,2023,7,15,5,0,0,0,1,0,1,GRAVE_LESIONADOS,1
5,1,5,0,4,1,-5.780837131556581,-79.00434305254483,0,4,0,0,1,1,1,2,685.2352533599988,1.1762555380877004,1,2,0.17625553808770034,8,29,116.28401029012191,0.36380650659253444,74.33412970813063,48.10753761479667,5.609667768338005,468.00739557198506,7107.5096111915645,15935.565011852366,1733.9250000199986,935.692,13265.948011832368,2000.1670000199988,13935.398011832369,12.551591352627522,7,1,0,0,6,35.559361154780746,34.5899556952984,36.5287666142631,1.0,0.0,0.0,0.8237444619122997,1,0,0.0,0.17625553808770034,0.0,1.0,0.0,0.17625553808770034,1.0,0.0,0.0,0.0,20,1,2023,8,19,5,1,1,2,1,0,1,GRAVE_LESIONADOS,1
6,1,8,0,4,2,-12.513953392218939,-74.7731313021149,0,4,0,0,1,1,0,1,6543.555,2.0,4,4,1.0,14,33,1198.0,0.28843832013251913,70.56417842599895,63.05773729807051,4.955244802066376,267.196901497588,3020.1292221098506,8384.880534352762,1479.4215209670388,1949.9789661564735,4955.480047229249,1870.3282062491016,6514.552328103659,22.32813768144966,4,1,0,0,3,31.290722753454574,31.290722753454574,31.290722753454574,1.0,0.0,0.0,0.0,1,0,0.0,0.0,0.0,1.0,0.0,0.8570290283305779,0.14297097166942208,0.0,0.0,0.0,16,1,2022,8,5,5,0,0,1,1,0,1,GRAVE_LESIONADOS,1
3,1,3,0,4,1,-15.929964848720891,-71.19588946589269,1,4,2,0,2,0,1,0,1504.4250000000002,2.0,2,0,1.0,7,25,241.0,0.4498224071382834,81.63336343193146,58.84842497065013,5.774685730039019,620.6584683449911,1358.612419700214,10322.272,1495.236,1749.739,7077.2970000000005,2886.595,7435.677000000001,27.964725207783708,8,2,0,0,6,37.1320177041528,29.094249762015473,45.16978564629014,1.0,0.5848928231450674,0.0,0.4151071768549326,2,0,0.0,0.5848928231450674,0.4151071768549326,0.4151071768549326,0.0,0.0,1.0,0.0,0.0,0.0,8,1,2023,5,7,4,0,0,0,1,0,1,GRAVE_LESIONADOS,1
3,2,10,1,2,3,-13.486630881997979,-76.32844246617009,0,0,1,0,2,1,1,0,6543.555,2.089339902291867,3,3,1.0,12,32,1222.747152934847,0.6005779861902351,76.5687557488351,72.79482249862184,10.713733283562254,958.7303574410099,59201.128200742154,4070.3200961442008,786.2051905162857,821.1816633160515,2462.933242311863,1166.5105089145445,2903.809587229656,29.11465740963532,7,2,0,0,5,20.554817752712935,18.89339902291867,22.216236482507206,1.0,0.9106600977081332,0.9106600977081332,1.0,2,0,0.0,0.0,0.0,1.0,0.9106600977081332,1.0,0.08933990229186684,0.0,0.9106600977081332,0.9106600977081332,22,2,2023,9,8,5,0,0,0,1,0,1,GRAVE_LESIONADOS,1
4,1,6,0,4,0,-10.608838934039209,-74.74403858155047,0,4,3,0,1,2,2,2,6543.555,2.0,4,4,1.0,14,33,1198.0,0.28462013690075705,62.219037924167516,44.53901807402532,4.598010048669602,347.33841831475087,12345.96434728943,16972.054207077857,1938.261073204495,2019.3294094269163,13014.463724446447,2494.1018342530833,14477.952372824775,14.598029191332545,7,1,0,0,6,31.68665556810114,24.94003329569658,38.4332778405057,1.0,1.0,0.0,0.4377814772996199,1,0,0.0,0.0,0.4377814772996199,0.5622185227003801,0.5622185227003801,0.0,0.4377814772996199,0.5622185227003801,0.0,0.5622185227003801,12,1,2023,7,16,5,1,0,2,1,0,1,GRAVE_LESIONADOS,1
8,1,12,0,4,1,-15.348617693692828,-74.18347306365789,0,4,0,0,2,2,2,0,6639.975,2.0,2,0,1.0,9,31,1616.0,0.5939893298451355,79.05556717225296,82.61728223434389,8.873845996233774,932.6016212885913,1669.8174832432721,3474.369865427758,682.6084156113508,685.4506893487327,2106.3107604676748,1095.0116462803283,2379.3582191474297,32.1013168537383,18,1,0,0,17,47.116267949720125,45.385758523167226,48.84677737627303,1.0,0.0,0.0,0.23073459020705378,1,0,0.0,0.0,1.0,0.23073459020705378,0.0,0.23073459020705378,1.0,0.0,0.0,0.0,8,0,2023,3,23,3,0,0,0,1,0,1,GRAVE_LESIONADOS,1
5,1,8,0,4,0,-11.820008179101968,-75.19740212733349,0,4,1,0,2,1,1,0,6847.374238927818,2.0,3,2,1.0,12,24,1198.0,0.3002557690308342,75.90722225405871,52.13055929007146,4.931280454544301,270.297498217491,5236.650936216449,12385.155077302143,1820.2353078276221,1300.202374182968,9264.717395291553,1849.6923375027175,10535.462739799425,14.888848272052158,5,1,0,0,3,45.91196454996624,42.70880354500338,49.11512555492911,1.0,1.0,0.0,0.0,1,0,0.0,0.29119645499662417,0.29119645499662417,0.0,0.29119645499662417,0.7088035450033758,0.29119645499662417,0.0,0.29119645499662417,0.0,8,1,2022,2,27,3,0,1,2,1,0,1,GRAVE_LESIONADOS,1
3,2,12,0,4,0,-8.23671980790417,-78.95078034017239,1,4,7,1,2,2,2,1,6565.512962169728,2.0,3,3,1.0,12,32,1293.1921612419226,0.48147428795919467,80.84097104656107,64.00918700321328,8.244863525388428,594.7368547771457,11239.099210483475,3519.3045216466458,556.7652759216884,702.2847114510937,2260.254534273864,794.3450422006881,2724.9594794459576,22.449340291746847,9,2,0,0,7,34.35171241431861,31.010113749574874,37.693311079062354,1.0,0.0,0.0,1.0,2,0,0.0,0.0,0.7722675568375058,1.0,0.0,1.0,1.0,0.0,0.0,0.0,19,2,2021,4,11,1,0,0,0,1,0,1,GRAVE_LESIONADOS,1
9,1,10,0,4,1,-14.362194216681482,-75.24852768475961,0,4,0,0,2,1,1,0,6888.984554962651,2.0,2,0,1.0,9,31,1783.2169684613136,0.5815328449779391,80.26991338290212,85.60079246867065,8.68471675733055,863.5220578805619,1481.8042111895552,3718.112043131315,688.0956568340272,757.4019102114906,2272.6144760857974,1064.231243777595,2653.8807993537202,28.611596067308643,21,1,0,0,20,51.94262079563758,51.03629576332694,52.84894582794823,1.0,0.0,0.0,0.07552708602588687,1,0,0.0,0.0,0.9244729139741131,0.07552708602588687,0.0,0.07552708602588687,0.9244729139741131,0.0,0.0,0.0,4,0,2023,3,27,3,0,1,0,1,0,1,GRAVE_LESIONADOS,1
3,1,3,0,4,1,-16.01189640482164,-71.28735432279083,0,4,7,1,2,1,1,0,1504.4250000000002,2.0,2,0,1.0,7,25,241.0,0.4653028462987404,81.80227708496838,68.69219947106711,5.9923941027813115,618.0210683494614,1684.0680371177373,10322.272,1495.236,1749.739,7077.2970000000005,2886.595,7435.677000000001,27.964725207783708,4,2,0,0,2,40.70685913110527,33.27581217480702,48.13790608740351,1.0,0.8275812174807021,0.0,1.0,2,0,0.0,0.0,0.17241878251929788,1.0,0.0,0.8275812174807021,0.17241878251929788,0.0,0.8275812174807021,0.0,8,0,2024,11,12,5,0,0,0,1,0,1,GRAVE_LESIONADOS,1
4,1,10,0,4,1,-13.98322084344804,-75.77519755385846,0,3,7,1,2,2,2,0,6639.975,2.0,2,0,1.0,9,31,1616.0,0.6053164595604621,78.88848309050202,67.63954639531094,9.133324993872453,1064.9426147896202,27932.19700214133,3721.461,698.1859999999996,744.866,2278.409,1102.9029999999996,2618.558,29.636290693359403,5,1,0,0,4,29.339547173571297,23.566014514945014,35.11307983219758,1.0,0.42766908582416907,0.0,0.42766908582416907,1,0,0.0,0.0,0.0,0.42766908582416907,0.42766908582416907,0.5723309141758309,0.42766908582416907,0.5723309141758309,0.0,0.5723309141758309,13,1,2021,8,20,1,0,1,0,1,0,1,GRAVE_LESIONADOS,1
4,1,20,0,5,1,-14.58675894672829,-70.34365120698558,4,4,5,1,5,2,2,2,6543.555,2.0,4,4,1.0,14,33,1198.0,0.3404336385789089,71.32749613147854,62.76454839583319,6.317365623093927,322.6646094943727,9209.538764125027,13642.312999999998,2020.7790000000005,2354.117,9267.416999999998,3314.0520000000006,10328.260999999997,24.29244952817019,4,1,0,0,3,42.65510496459167,39.67478530908869,45.635424620094646,1.0,0.0,0.0,0.0,1,0,0.0,0.0,0.0,1.0,0.0,0.5960639311005951,1.0,0.5960639311005951,1.0,0.0,17,2,2021,3,18,0,0,1,2,1,0,1,GRAVE_LESIONADOS,1
6,1,5,2,3,3,-6.483725884427788,-78.75993252855974,0,2,7,0,1,2,2,2,6543.555,2.0,4,4,1.0,14,33,1198.0,0.4052650047866318,75.95366832117986,53.81092304312657,5.470744120441386,555.369680313898,51879.60364031693,15935.565011852366,1733.9250000199986,935.692,13265.948011832368,2000.1670000199988,13935.398011832369,12.551591352627522,6,1,0,0,5,44.07582677482815,44.07582677482815,44.07582677482815,1.0,0.910347768764321,0.0,1.0,1,0,0.0,0.0,1.0,0.0,0.0,0.0,1.0,0.910347768764321,0.910347768764321,0.910347768764321,6,1,2024,1,20,5,0,0,2,1,0,1,GRAVE_LESIONADOS,1
4,1,3,1,4,0,-16.312302255126827,-72.33983819070534,0,1,7,1,0,2,2,0,6576.08316233521,2.0,3,2,1.0,12,32,1339.016094753343,0.6536864575378111,80.11112106404748,70.62518049650181,9.939753945522252,1219.9228304613662,4741.730885954902,10322.272,1495.236,1749.739,7077.2970000000005,2886.595,7435.677000000001,27.964725207783708,4,1,0,0,2,40.67471815671456,40.67471815671456,40.67471815671456,0.33735907835727963,0.0,0.0,0.0,1,0,0.33735907835727963,0.0,0.0,0.33735907835727963,0.0,0.33735907835727963,0.6626409216427204,0.0,0.0,0.0,8,1,2022,6,23,5,1,1,0,1,0,1,GRAVE_LESIONADOS,1
3,2,7,0,4,1,-14.116311688667716,-71.6211207506479,0,4,0,0,1,2,2,2,6543.555,2.0,4,4,1.0,14,33,1198.0,0.2969762139181448,67.07460684734542,51.14505366529699,4.295351892954592,342.13264328916506,12596.215271301904,17779.13499998999,2097.3709999899997,2863.123,12818.640999999989,2878.713,14900.421999989989,16.19152450331032,4,2,0,0,2,33.45514954049258,22.82059816197031,44.089700919014845,1.0,1.0,0.0,0.0,2,0,0.0,0.0,0.0,1.0,1.0,0.0,0.0,1.0,0.9102990809851542,1.0,8,1,2023,8,2,0,0,0,2,1,0,1,GRAVE_LESIONADOS,1
2,1,13,0,3,1,-6.58885892722442,-80.08374362634203,0,3,1,1,2,1,0,0,6543.555,2.9615437228811095,2,0,1.0,0,30,1464.3476112380674,0.48461944137918844,75.12543528653808,59.94934780418163,6.609136999100624,792.2932275813721,44410.82775236299,3619.9237702816654,559.9920452653614,724.6984078794486,2335.2333171368555,746.099921143189,2873.8238491384764,20.46334372525796,23,2,0,0,21,37.76912554237781,28.07677575932893,47.46147532542668,1.0,0.9615437228811096,0.0,0.9615437228811096,2,0,0.0,0.9615437228811096,1.0,0.038456277118890436,0.0,0.0,1.0,0.038456277118890436,0.038456277118890436,0.038456277118890436,7,1,2021,2,12,3,0,0,0,1,0,1,GRAVE_LESIONADOS,1
3,1,18,0,3,1,-4.905767900526731,-79.15649958866119,0,3,7,1,2,2,2,0,2314.815757710603,2.0,2,0,1.0,3,22,362.4841929473308,0.6136110364959073,78.79486161186827,69.39785768110151,10.117390498050435,1034.4435100219177,157840.2346040189,7448.946802920011,1463.7112349370123,576.0426893377773,5409.19287864522,1840.5365128813146,5608.410290038695,24.762836541749714,11,2,0,0,9,42.092183987151245,39.45809319461,47.16762722155998,1.0,0.19273835067374956,0.0,0.8072616493262504,2,0,0.0,0.0,0.0,1.0,0.19273835067374956,0.8072616493262504,1.0,0.0,1.0,0.19273835067374956,11,1,2022,9,12,3,0,0,0,1,0,1,GRAVE_LESIONADOS,1
6,1,12,0,4,2,-7.799408951450319,-78.0059591059377,0,4,7,1,4,2,2,0,6543.555,2.0,4,4,1.0,14,33,1198.0,0.28385551749750687,74.89814793983902,30.75829604726907,4.396757317364026,377.34679179746735,13275.85733231742,8931.828000000005,1335.5899999999997,1935.9830000000004,5660.255000000005,1219.309,7712.519000000005,13.651281686122925,7,1,0,0,6,29.434858560990442,27.596327543564602,30.813756824059823,0.5403672456435398,0.0,0.0,0.0,1,0,0.0,0.0,0.4596327543564602,0.5403672456435398,0.4596327543564602,0.0,0.5403672456435398,0.4596327543564602,0.0,0.4596327543564602,18,2,2024,5,21,3,0,1,0,1,0,1,GRAVE_LESIONADOS,1
3,1,3,0,4,0,-16.480313763874175,-71.83488994137153,0,4,5,1,2,1,1,0,6565.114757709369,2.0,3,3,1.0,12,32,1291.4658651992945,0.6105481451420971,78.10653088113892,68.35418098658066,8.411557426919764,1158.5430895193692,35025.678800856535,10322.272,1495.236,1749.739,7077.2970000000005,2886.595,7435.677000000001,27.964725207783708,5,2,0,0,2,30.409938861935984,26.341615289942027,33.91925606312076,1.0,0.0,0.7763974516763289,0.7763974516763289,2,0,0.0,1.0,0.0,1.0,0.0,1.0,0.2236025483236711,0.0,0.0,0.0,6,0,2022,8,26,5,0,1,0,1,0,1,GRAVE_LESIONADOS,1
3,1,7,1,4,1,-13.574689060105092,-71.8482673981131,0,0,6,1,2,0,1,2,7586.903,2.0,2,0,1.0,9,5,1198.0,0.49548654259375136,65.21402028534953,75.2786522620531,8.159700108424193,814.3831729541878,8660.1030840593,17779.13499998999,2097.3709999899997,2863.123,12818.640999999989,2878.713,14900.421999989989,16.19152450331032,19,2,0,0,17,25.633089789500296,22.199634684250444,29.066544894750148,1.0,0.9334551052498522,0.0,0.9334551052498522,2,0,0.0,0.0,0.9334551052498522,1.0,0.0,1.0,0.9334551052498522,0.0,0.0665448947501478,0.0,10,1,2023,5,26,5,0,0,2,1,0,1,GRAVE_LESIONADOS,1
3,2,20,0,4,1,-15.90945875785071,-69.87574932053072,0,4,2,1,2,2,2,2,7586.903,2.0,2,0,1.0,9,5,1198.0,0.32831749971067803,67.34960642500602,72.03182268488045,6.694012887990063,287.5881809657828,6413.03234968834,13642.312999999998,2020.7790000000005,2354.117,9267.416999999998,3314.0520000000006,10328.260999999997,24.29244952817019,20,2,0,0,18,36.618264255133205,30.27701702136514,42.95951148890126,1.0,0.0,0.34459659572697177,0.34459659572697177,2,0,0.0,0.6554034042730282,0.6554034042730282,0.34459659572697177,0.34459659572697177,0.34459659572697177,0.6554034042730282,0.0,0.34459659572697177,0.34459659572697177,12,3,2022,9,12,4,0,0,2,1,0,1,GRAVE_LESIONADOS,1
3,1,14,0,3,1,-11.81752503716212,-76.99858600355967,0,3,7,1,2,1,0,1,1963.5032550723088,2.0,2,3,0.16098443168737475,9,24,1052.8503066819158,0.6673511732521434,79.11844528295218,74.93331580809074,9.559238972073544,1307.9895712733985,358002.5871370037,7626.313,1683.4029999999998,1599.0829999999996,4343.827000000001,1814.875,5811.438000000001,23.797541485643197,7,2,0,0,5,31.834274259466934,23.02461079218437,40.6439377267495,1.0,0.8390155683126252,0.0,0.0,2,0,0.0,0.0,1.0,0.16098443168737475,0.8390155683126252,0.16098443168737475,1.0,0.8390155683126252,1.0,0.8390155683126252,8,1,2022,3,26,1,0,1,0,1,0,1,GRAVE_LESIONADOS,1
6,1,7,0,4,1,-13.65346192745296,-71.9571726699889,0,4,3,0,1,2,2,2,6543.555,2.0,4,4,1.0,14,33,1198.0,0.253676292462228,70.0238975892564,49.447294383877214,4.566390880234799,212.58323240365797,5828.3870954613285,17779.13499998999,2097.3709999899997,2863.123,12818.640999999989,2878.713,14900.421999989989,16.19152450331032,5,1,0,0,4,40.2632877690791,40.2632877690791,40.2632877690791,1.0,0.0,0.0,0.4368356115460451,1,0,0.0,0.0,0.0,1.0,0.0,0.0,1.0,0.5631643884539549,0.5631643884539549,0.5631643884539549,15,3,2023,6,10,4,0,0,2,1,0,1,GRAVE_LESIONADOS,1
5,1,8,0,4,1,-13.419174450936627,-74.95488142072168,3,4,0,0,2,1,1,0,1679.5849999999998,2.0,2,3,1.0,9,24,315.0,0.2997946406100768,72.83003345209801,46.42647217987546,4.997510303405721,292.6881439974165,3327.8779443254816,8511.426,1445.3929999999996,2008.516,5057.516999999999,1879.579,6631.846999999998,22.08300935706896,7,1,0,0,6,49.94377412034481,49.43774120344816,50.44980703724147,1.0,0.0,0.0,0.056225879655183886,1,0,0.0,0.056225879655183886,0.0,1.0,0.0,0.9437741203448161,0.056225879655183886,0.0,0.0,0.0,6,1,2022,3,5,5,0,0,2,1,0,1,GRAVE_LESIONADOS,1
6,1,12,0,4,2,-7.803384297033464,-78.40244001904486,1,4,0,0,6,2,2,5,6543.555,2.0,4,4,1.0,14,33,1198.0,0.1883083184611077,75.93360618381381,28.79507521744373,3.260895439511201,147.65429669929867,24235.73233404711,8931.828000000005,1335.5899999999997,1935.9830000000004,5660.255000000005,1219.309,7712.519000000005,13.651281686122925,4,1,0,0,3,42.96935767599742,42.96935767599742,42.96935767599742,1.0,0.003830290500322575,0.0,0.0,1,0,0.0,0.0,0.0,0.003830290500322575,0.0,0.0,1.0,0.0,0.9961697094996774,0.0,9,1,2022,3,11,3,0,0,0,1,0,1,GRAVE_LESIONADOS,1
6,1,1,0,4,2,-8.7416582362717,-77.49354509498964,0,4,0,0,3,1,0,1,6543.555,2.0,4,4,1.0,14,33,1198.0,0.4712116368821214,75.0265708153382,52.442304650887166,8.18123797423878,714.2554089009548,4770.493783875193,10767.648,1885.0630000000003,1222.721,7659.864000000001,2100.343,8667.305000000002,19.506051832303577,8,1,0,0,7,29.190624216269995,29.190624216269995,29.190624216269995,1.0,0.0,0.0,0.0,1,0,0.0,0.23812484325399874,0.0,0.7618751567460013,0.0,0.0,1.0,0.0,0.7618751567460013,0.0,10,2,2022,8,18,3,0,0,0,1,0,1,GRAVE_LESIONADOS,1
5,1,21,0,4,0,-6.048745347047898,-76.95780008738126,0,3,0,0,2,2,2,0,6543.555,2.0,4,4,1.0,14,33,1198.0,0.5294800468051228,72.46713251445857,60.50982579904599,7.757161651692042,952.984823255978,86435.21199143468,5645.136,815.0759999999999,965.298,3864.762,1013.406,4631.73,17.95184385283189,12,1,0,0,11,42.55351954964458,42.338086291081005,42.768952808208155,1.0,0.061552359589592376,0.0,0.0,1,0,0.0,0.0,0.0,1.0,0.061552359589592376,0.0,0.9384476404104076,0.061552359589592376,1.0,0.061552359589592376,19,2,2021,8,25,6,1,1,1,1,0,1,GRAVE_LESIONADOS,1
5,1,14,2,3,1,-12.119918325187946,-77.00044300809611,0,0,7,1,2,1,0,4,6623.478891075632,2.0,2,0,1.0,9,31,1544.4860658537064,0.7943503416357872,80.49074956956814,78.82128449380971,12.845626042692537,1742.6103384415771,360497.0401529473,7626.313,1683.4029999999998,1599.0829999999996,4343.827000000001,1814.875,5811.438000000001,23.797541485643197,6,1,0,0,5,33.224117569143104,33.224117569143104,33.224117569143104,1.0,0.0,0.0,0.0,1,0,0.0,0.0,0.17108596685716204,1.0,0.0,1.0,0.17108596685716204,0.0,0.17108596685716204,0.0,4,0,2022,1,21,4,0,1,0,1,0,1,GRAVE_LESIONADOS,1
6,1,10,1,4,1,-14.286640734863514,-75.69997923295891,0,4,7,1,2,2,2,5,6639.975,2.0,2,0,1.0,9,31,1616.0,0.6237501516796287,80.3042577152636,75.54726878327581,9.318116720956295,1061.448480514674,31024.47279084922,3721.461,698.1859999999996,744.866,2278.409,1102.9029999999996,2618.558,29.636290693359403,5,1,0,0,4,23.1324345163982,23.1324345163982,23.1324345163982,1.0,0.8867565483601801,0.0,1.0,1,0,0.0,0.0,0.0,1.0,0.0,0.0,1.0,0.8867565483601801,0.8867565483601801,0.0,14,2,2021,2,22,3,0,1,0,1,0,1,GRAVE_LESIONADOS,1
3,2,5,0,4,1,-7.229834324655868,-79.21309424475025,3,4,3,1,1,0,0,2,887.28,2.0,2,0,1.0,8,17,155.0,0.5563774842369664,73.07406660240972,65.2611721745993,7.77984257932775,1045.7361851012442,7379.728051391864,15935.565011852366,1733.9250000199986,935.692,13265.948011832368,2000.1670000199988,13935.398011832369,12.551591352627522,6,2,0,0,4,32.85528082369971,25.421123294798825,40.289438352600584,1.0,0.0,0.42981278420019553,0.42981278420019553,2,0,0.0,0.5701872157998045,0.0,1.0,0.0,1.0,0.5701872157998045,0.0,0.0,0.0,10,1,2021,5,24,4,0,1,2,0,0,1,GRAVE_LESIONADOS,1
6,1,8,1,4,1,-13.52153495873154,-75.28699787767489,0,4,0,0,2,1,1,0,1652.3993183288399,1.86184382329483,1,3,0.8618438232948299,9,22,308.78297204826737,0.499504526709882,73.14101039544813,52.14275018456845,8.516297574954274,819.2150912982286,1939.277532473253,8511.426,1445.3929999999996,2008.516,5057.516999999999,1879.579,6631.846999999998,22.08300935706896,4,1,0,0,3,34.92765734942245,34.92765734942245,34.92765734942245,1.0,0.0,0.0,0.0,1,0,0.0,0.0,0.0,1.0,0.0,1.0,0.0,0.0,0.0,0.0,14,2,2022,4,14,5,1,0,2,1,0,1,GRAVE_LESIONADOS,1
4,1,20,0,4,1,-15.47888468986057,-70.13017899726216,0,4,3,1,4,2,2,1,7089.111425928678,2.0,2,1,1.0,11,18,1198.0,0.3411231381738317,72.5138025368362,73.80543589025177,6.42943372059778,290.56108607480513,5511.078298618649,13642.312999999998,2020.7790000000005,2354.117,9267.416999999998,3314.0520000000006,10328.260999999997,24.29244952817019,16,1,0,0,15,33.95421963538785,33.43132945308178,34.47710981769393,1.0,0.47710981769392613,0.0,0.47710981769392613,1,0,0.0,0.5228901823060739,0.5228901823060739,0.47710981769392613,0.0,0.0,1.0,0.0,0.0,0.0,12,3,2022,8,11,2,0,0,2,1,0,1,GRAVE_LESIONADOS,1
6,1,8,0,4,1,-12.413337808945965,-75.03617931275821,0,4,0,0,1,1,1,0,7581.231628083286,2.0,2,0,1.0,9,5,1198.0,0.31936856287589394,73.33168671514179,47.816749361696004,4.7457044820376435,351.7553517994809,3265.90668560038,8511.426,1445.3929999999996,2008.516,5057.516999999999,1879.579,6631.846999999998,22.08300935706896,4,1,0,0,3,64.78257026738099,64.78257026738099,64.78257026738099,1.0,0.0,0.0,0.0,1,0,0.0,0.0,0.0,1.0,0.0,1.0,0.0,0.0,0.0,0.0,12,2,2022,10,24,5,1,0,2,1,0,1,GRAVE_LESIONADOS,1