CLASE SINIESTRO,CANTIDAD DE VEHICULOS DAÑADOS,DEPARTAMENTO,ZONA,TIPO DE VÍA,RED VIAL,COORDENADAS LATITUD,COORDENADAS  LONGITUD,CONDICIÓN CLIMÁTICA,ZONIFICACIÓN,CARACTERÍSTICAS DE VÍA,PERFIL LONGITUDINAL VÍA,SUPERFICIE DE CALZADA,¿EXISTE SEÑAL VERTICAL?,¿EXISTE SEÑAL HORIZONTAL?,CAUSA FACTOR PRINCIPAL,MTC_RVN_LONGITUD_KM,MTC_RVN_N_CARRILES_MEDIANA,MTC_RVN_SUPERFICIE_DOMINANTE,MTC_RVN_ESTADO_DOMINANTE,MTC_RVN_ES_CONCESIONADA,MTC_RVN_CONCESION_PRINCIPAL,MTC_RVN_CORREDOR_LOGISTICO,MTC_RVN_N_TRAMOS,IDH_2019,IDH_ESP_VIDA_2019,IDH_EDUC_SECUND_PCT_2019,IDH_ANIOS_EDUC_2019,IDH_INGRESO_PERCAP_2019,IDH_POBLACION_2019,MTC_DEP_RED_TOTAL_KM,MTC_DEP_NACIONAL_TOTAL_KM,MTC_DEP_DEPARTAMENTAL_TOTAL_KM,MTC_DEP_VECINAL_TOTAL_KM,MTC_DEP_PAV_TOTAL_KM,MTC_DEP_NO_PAV_TOTAL_KM,MTC_DEP_PCT_PAVIMENTADA,PER_TOTAL_PERSONAS,PER_N_CONDUCTORES,PER_N_CONDUCTORES_FUGADOS,PER_N_PEATONES,PER_N_PASAJEROS_OCUPANTES,PER_EDAD_COND_PROM,PER_EDAD_COND_MIN,PER_EDAD_COND_MAX,PER_ANY_COND_MASCULINO,PER_ANY_LIC_PROBLEMA,PER_ANY_DOSAJE_POS,PER_ANY_DOSAJE_EVALUADO,VEH_TOTAL,VEH_N_FUGADOS,VEH_ANY_FUGADO,VEH_ANY_CARGA,VEH_ANY_PUBLICO,VEH_ANY_PARTICULAR,VEH_ANY_MOTO,VEH_ANY_AUTO,VEH_ANY_CAMION_BUS,VEH_ANY_SOAT_PROBLEMA,VEH_ANY_CITV_PROBLEMA,VEH_ANY_SEGURO_PROBLEMA,HORA_NUM,FRANJA_HORARIA,ANIO,MES,DIA_MES,DIA_SEMANA,ES_FIN_SEMANA,ES_QUINCENA,REGION_NATURAL,TIENE_SEÑALIZACION,ES_VIA_MULTICARRIL,ES_DEPTO_BAJO_PAVIMENTO,CATEGORIA_SEVERIDAD,CATEGORIA_SEVERIDAD_ENC
6,1,8,0,4,2,-12.06549374698119,-75.16908658335828,2,4,2,0,7,2,2,3,6543.555,2.0,4,4,1.0,14,33,1198.0,0.33998993792258425,77.21445157014577,43.79106461043507,4.802979457860174,414.19939701491046,4061.5961289126208,12397.428232111759,1819.6014826531177,1320.011114717349,9257.815634741291,1876.267332158046,10521.160899953713,15.085913258673695,4,1,0,0,3,50.054322685677775,50.054322685677775,50.054322685677775,1.0,0.0,0.0,0.32082830046200717,1,0,0.0,0.32082830046200717,0.0,0.6791716995379928,0.0,0.0,1.0,0.0,0.0,0.0,6,0,2021,6,9,0,0,0,2,1,0,1,GRAVE_LESIONADOS,1
6,1,10,1,4,1,-13.737071557813366,-75.77037368800136,0,4,6,0,2,2,2,5,6632.832697446769,2.0,2,0,1.0,9,31,1585.0366887860328,0.6109057720998421,79.95691362291038,74.29554910627034,9.060708716934865,1033.4798479066692,31441.46198212641,3863.957047128058,706.8446159038289,761.1944799462134,2395.9179512780156,1096.2735180293862,2767.6835290986714,28.770766377841916,5,1,0,0,4,22.222224721631342,22.222224721631342,22.222224721631342,1.0,0.9259250927895523,0.0,0.9259250927895523,1,0,0.0,0.0,0.0,1.0,0.0,0.0,1.0,1.0,1.0,0.07407490721044774,16,3,2021,1,20,3,0,1,0,1,0,1,GRAVE_LESIONADOS,1
3,1,20,2,5,3,-6.088614745781357,-76.97171722581813,0,0,1,1,2,2,2,1,6544.246125863224,2.0,3,3,1.0,13,32,1200.9961689569343,0.5306372534851904,72.50977508648482,60.58483422634695,7.77199429164765,956.7397137372736,86503.1155103245,5659.336815850699,821.3000535929853,969.8408874219392,3868.1958748357747,1019.1508242529789,4640.18599159772,17.99374504369087,4,2,0,0,2,20.60751802477037,17.035839341590123,24.179196707950616,1.0,0.9928321316819754,0.0,0.0,2,0,0.0,0.007167868318024628,0.0,0.9928321316819754,0.9928321316819754,0.0,0.007167868318024628,0.9928321316819754,0.9928321316819754,0.9928321316819754,22,1,2024,5,18,5,0,0,0,1,0,1,GRAVE_LESIONADOS,1
4,1,5,0,4,0,-9.477950879403373,-78.15133696431312,0,4,7,1,2,2,2,0,6543.555,2.5921057632198097,2,1,1.0,5,31,1362.0132964118873,0.5073065840614488,77.44661715537202,60.82648675111102,7.677911911436932,790.0267090219387,26123.561474897462,10018.827602234192,1660.9361300336784,1513.6564591143124,6844.235013086203,1740.9743089926017,8277.853293241593,17.117924832003776,5,1,0,0,4,41.48026440804952,30.526307788483045,52.434221027616005,1.0,0.40789423678019043,0.0,0.0,1,0,0.0,1.0,0.5921057632198096,0.0,0.0,0.0,1.0,0.0,0.5921057632198096,0.0,15,1,2022,4,15,2,0,1,0,1,0,1,GRAVE_LESIONADOS,1
3,1,11,0,4,1,-11.805852236229645,-75.51993062427937,3,4,4,1,2,0,1,2,7586.903,2.0,2,0,1.0,9,5,1198.0,0.495994045563928,70.2974707417524,71.33564408574665,8.282990172211365,736.8055285512061,865.5535423706687,12264.545,1826.4639999999995,1105.5389999999998,9332.542,1588.5359999999996,10676.009,12.952261987705208,5,2,0,0,3,38.78149366538629,31.964546789244867,45.59844054152772,1.0,0.0,0.0,1.0,2,0,0.0,0.0,0.0,1.0,0.28740253384548253,1.0,0.0,0.0,0.28740253384548253,0.0,18,2,2023,4,26,3,0,1,2,1,0,1,GRAVE_LESIONADOS,1
6,1,11,0,4,1,-13.473901045659002,-71.96377530081504,0,4,7,0,4,2,2,2,6543.555,2.0,4,4,1.0,14,33,1198.0,0.37444057093399996,76.22322643571673,58.421097217326455,5.703946863450852,427.0957043630841,10075.69029139098,13104.751776288022,1900.4416707063328,2030.5007695525892,9173.8093360291,2851.750351790229,10253.001424497792,21.676140317647935,6,1,0,0,4,55.89469795894471,51.69455020293463,60.0948457149548,1.0,0.5578791835778856,0.0,0.5578791835778856,1,0,0.0,0.4421208164221144,0.4421208164221144,0.0,0.0,0.0,1.0,1.0,1.0,0.4421208164221144,11,1,2023,5,9,3,0,0,2,1,0,1,GRAVE_LESIONADOS,1
3,2,4,0,4,1,-7.995855755772467,-77.39632898579316,0,4,4,1,2,2,2,0,7706.166245282213,2.0,2,0,1.0,9,15,1848.472401647492,0.5712864452577935,73.09984095670549,70.38642567724085,9.165592295816255,990.1241825810695,103019.26508372574,14944.486305360473,1755.5761808643758,1190.805835142287,11998.10428935381,2147.819478026131,12796.666827334342,14.697299659821164,5,2,0,0,3,32.53635929256726,24.47846204089568,42.82584555092519,1.0,1.0,0.0,0.3043075918208643,2,0,0.0,1.0,0.0,1.0,0.3043075918208643,1.0,1.0,0.0,1.0,0.0,14,2,2021,5,31,4,0,1,2,1,0,1,GRAVE_LESIONADOS,1
6,1,10,1,4,0,-13.68227931607402,-76.0106187127319,0,4,7,1,2,2,2,5,6631.638767163476,2.0,2,0,1.0,9,31,1579.8607620237763,0.6257963008808981,80.54939300798276,76.37792659533811,9.310898652172753,1061.6696310380262,31200.593813144285,3698.8290183611575,682.3535554661288,740.098905972409,2276.3765569226193,1068.359075945157,2630.4699424160003,28.831691548907266,5,1,0,0,4,23.68592138884297,23.383320113922437,23.988522663763504,1.0,0.9135424928798477,0.0,0.9135424928798477,1,0,0.0,0.08645750712015232,0.0,1.0,0.0,0.0,1.0,0.9135424928798477,0.9135424928798477,0.0,15,2,2021,1,21,3,0,1,0,1,0,1,GRAVE_LESIONADOS,1
6,1,19,0,4,1,-5.681850608619453,-79.65748893845048,0,4,0,0,1,1,1,2,6548.401906552987,2.0,3,3,1.0,13,32,1201.759398984393,0.2117580020098525,65.37756662211437,42.30794939557186,3.975264599118591,171.62326554814578,38712.25053533191,8965.846000060003,1782.4120000599992,636.9959999999999,6546.438000000004,2214.505000059999,6751.341000000004,24.699342371541725,11,1,0,0,10,53.99142994152494,53.99142994152494,53.99142994152494,1.0,0.0,0.0,1.0,1,0,0.0,0.0,0.9985716569208233,0.0014283430791767193,0.0,0.0,1.0,0.0,1.0,0.0,14,2,2022,10,6,5,0,0,0,1,0,1,GRAVE_LESIONADOS,1
4,1,10,0,4,1,-15.289990703902602,-75.10848504241685,0,4,7,1,2,2,2,0,196.8,2.0,2,0,1.0,4,27,35.0,0.5563774842369664,77.00938809632027,69.10246351364754,8.476961866273152,914.8835608305218,27932.19700214133,3721.461,698.1859999999996,744.866,2278.409,1102.9029999999996,2618.558,29.636290693359403,5,1,0,0,3,61.38020808849672,52.6133327065516,70.14708347044184,1.0,0.0,0.0,0.4495833529202623,1,0,0.0,0.4495833529202623,0.4495833529202623,0.5504166470797377,0.0,0.5504166470797377,0.4495833529202623,0.0,0.4495833529202623,0.4495833529202623,20,2,2023,6,18,3,0,1,0,1,0,1,GRAVE_LESIONADOS,1
3,1,17,0,4,1,-15.040532882466842,-70.89955315244028,5,4,6,0,2,1,1,2,7416.69477785327,2.0,2,0,1.0,9,9,1198.0,0.2844681498967428,78.16048234197794,56.30057902836473,5.209419758929519,214.94752067450784,1634.8198094127417,13485.117856389099,1985.5896244913877,2259.484244555468,9240.043987342244,3178.8644701404664,10306.25338624863,23.52738113421378,5,1,0,0,3,41.55295133339888,36.53177080003933,46.574131866758435,1.0,0.0,0.8368634222265923,1.0,1,0,0.0,0.16313657777340773,0.0,0.8368634222265923,0.0,0.0,1.0,0.8368634222265923,0.8368634222265923,0.0,21,1,2021,4,13,5,0,0,2,1,0,1,GRAVE_LESIONADOS,1
3,1,3,0,4,1,-15.880309285024218,-71.2344828189578,0,4,0,1,2,0,1,0,1297.762137776759,1.5723151856300766,1,0,0.5723151856300766,7,27,256.39665331731726,0.4498224071382834,81.63336343193146,58.84842497065013,5.774685730039019,620.6584683449911,1358.612419700214,10322.272,1495.236,1749.739,7077.2970000000005,2886.595,7435.677000000001,27.964725207783708,13,2,0,0,11,33.572315185630075,26.13221777243908,41.01241259882107,1.0,0.0,0.0,0.42768481436992345,2,0,0.0,0.0,0.42768481436992345,0.5723151856300766,0.0,0.5723151856300766,1.0,0.0,0.0,0.0,8,1,2023,3,10,1,0,0,0,1,0,1,GRAVE_LESIONADOS,1
5,1,12,0,4,1,-7.813612172895786,-78.43315296153115,0,4,7,1,1,2,2,0,6543.555,2.000792701056559,3,3,1.0,13,32,1198.2195781926669,0.18856449122622565,75.93572464712038,28.82072546434577,3.263401522513132,148.22089139617844,24236.101308381298,8931.828000000005,1335.5899999999997,1935.9830000000004,5660.255000000005,1219.309,7712.519000000005,13.651281686122925,4,1,0,0,3,34.99048758732129,34.99048758732129,34.99048758732129,1.0,1.0,0.0,0.0,1,0,0.0,0.0,0.000792701056559153,1.0,0.000792701056559153,0.0,0.9992072989434408,0.000792701056559153,0.0,0.0,20,2,2022,7,23,3,0,1,0,1,0,1,GRAVE_LESIONADOS,1
3,1,12,0,4,1,-8.783316800216747,-78.52795053602064,0,4,6,1,2,1,0,1,822.7647648581268,1.7131533543528001,1,3,0.0,9,14,226.605399369416,0.5034496546674707,80.31567316987837,66.67823601282053,8.358849094891665,678.5753040332265,9664.331045418261,3534.7788464310674,567.5905051374976,705.5441503476953,2261.6441909458745,817.9640035750473,2716.81484285602,22.999474552246223,6,1,0,0,4,48.0317060781216,45.179092660710396,50.8843194955328,1.0,0.0,0.0,0.28684664564719997,1,0,0.0,0.7131533543528,0.0,1.0,0.0,0.0,1.0,0.7131533543528,0.7131533543528,0.7131533543528,17,2,2021,5,9,4,0,0,0,1,0,1,GRAVE_LESIONADOS,1
6,1,7,0,4,0,-13.063406961152078,-72.11626365139395,3,4,0,0,1,1,0,6,6543.555,2.0,4,4,1.0,14,33,1198.0,0.28608179421229046,70.33005010976137,53.467590001464,5.226032957546436,252.87706753430393,5254.928894251842,17779.13499998999,2097.3709999899997,2863.123,12818.640999999989,2878.713,14900.421999989989,16.19152450331032,5,1,0,0,4,46.51271896383911,46.51271896383911,46.51271896383911,1.0,0.7195449352399447,0.0,0.0,1,0,0.0,0.0,0.0,1.0,0.0,0.7195449352399447,0.28045506476005533,0.7195449352399447,0.7195449352399447,0.0,8,1,2021,2,12,3,0,0,2,1,0,1,GRAVE_LESIONADOS,1
3,2,8,0,4,1,-11.801879505755684,-75.51602844292042,0,4,4,0,2,1,0,0,751.8351094711797,-0.5207516192981674,1,0,0.1597494602339442,8,31,150.41503238596334,0.2846586545267341,66.89117262943917,56.404393736189675,4.606329486914626,284.64484655705564,28715.870106441154,8578.58499258127,1427.8520300179318,1996.9288924008515,5153.804070162487,1774.1012238913336,6804.483768689936,20.73604541279572,7,2,0,0,5,46.683632826607806,36.76350755672478,56.603758096490836,1.0,0.8402505397660558,0.0,0.0,2,0,0.0,0.1597494602339442,0.0,1.0,0.0,1.0,0.1597494602339442,0.0,0.1597494602339442,0.0,7,1,2021,6,27,2,0,1,1,1,0,1,GRAVE_LESIONADOS,1
3,1,7,0,4,1,-13.811242153850918,-71.61334548252033,0,4,7,1,2,1,1,1,3020.2049559590246,1.8359364117346648,1,0,0.8359364117346648,5,20,553.5311672918345,0.4635924212489373,65.55955594962829,72.44231427543042,7.2226347444280625,725.9650343190674,8163.102771240528,17779.13499998999,2097.3709999899997,2863.123,12818.640999999989,2878.713,14900.421999989989,16.19152450331032,7,1,0,0,5,33.70310976428531,33.70310976428531,33.70310976428531,1.0,0.0,0.0,0.8359364117346648,1,0,0.0,0.0,0.0,1.0,0.0,0.8359364117346648,1.0,0.0,0.8359364117346648,0.0,15,1,2024,4,24,5,0,0,2,1,0,1,GRAVE_LESIONADOS,1
6,1,2,0,4,2,-13.869207424225683,-73.63709090190211,0,4,1,0,7,2,2,0,6543.555,2.0,4,4,1.0,14,33,1198.0,0.3704031126012825,73.80363786646991,42.85210782431301,5.835222315261029,512.3377287690398,1167.6019443540204,10449.287265384572,1606.4094351628091,1599.4405305439766,7243.4372996777865,2662.366468513908,7786.920796870664,25.55242494106971,5,1,0,0,4,29.570373192020096,29.570373192020096,29.570373192020096,1.0,0.7148134039899522,0.0,0.0,1,0,0.0,0.7148134039899522,0.2851865960100478,0.0,0.0,0.2851865960100478,0.7148134039899522,0.0,1.0,0.0,14,1,2022,6,17,1,0,1,0,1,0,1,GRAVE_LESIONADOS,1
6,1,5,0,4,2,-6.702913302578574,-78.40611155843955,1,4,1,0,1,2,2,2,6543.555,2.0,4,4,1.0,14,33,1198.0,0.25871793921921316,74.24821174351094,47.70903365363432,3.4696025365314656,267.05295151487746,8259.3768444323,15935.565011852366,1733.9250000199986,935.692,13265.948011832368,2000.1670000199988,13935.398011832369,12.551591352627522,6,1,0,0,5,40.314559275623566,37.14319909452946,42.693079411444145,0.20715995472647286,0.0,0.0,0.20715995472647286,1,0,0.0,1.0,0.0,0.0,0.0,0.0,1.0,0.0,0.7928400452735271,0.0,20,2,2021,3,4,1,0,0,2,1,0,1,GRAVE_LESIONADOS,1
5,1,4,0,4,1,-13.590381111276141,-74.13902615408814,0,4,6,0,1,2,2,2,6641.883464003044,2.0,3,3,1.0,13,30,1198.0,0.3940683468564664,74.9072236018048,57.21174257728351,5.971336158429731,477.4668238677401,6464.480158454594,12678.733000000004,1805.074000000001,1774.0339999999994,9099.625000000004,2485.375000000001,10193.358000000002,19.602707936195205,7,1,0,0,5,46.23560802340888,45.62302716254579,46.84818888427197,1.0,0.9057567906364479,0.0,1.0,1,0,0.0,1.0,0.09424320936355213,0.0,0.0,0.0,1.0,0.9057567906364479,0.0,0.0,13,2,2025,4,16,5,1,0,2,1,0,1,GRAVE_LESIONADOS,1
3,1,1,0,4,1,-9.635246531226523,-77.49588054764116,0,4,0,1,2,1,1,1,9936.932,2.0,2,0,1.0,9,32,3830.0,0.32575781136953796,74.41146425736879,52.871174803891606,5.719252186382468,307.59611296611894,1921.3042927015206,10767.648,1885.0630000000003,1222.721,7659.864000000001,2100.343,8667.305000000002,19.506051832303577,7,1,0,0,5,49.74015867608428,29.75087169707681,69.72944565509175,1.0,0.9750871697076813,0.0,0.0,1,0,0.0,0.0,0.9750871697076813,1.0,0.9750871697076813,0.0,1.0,0.0,0.9750871697076813,0.9750871697076813,9,1,2022,1,29,0,0,1,0,1,0,1,GRAVE_LESIONADOS,1
5,1,8,0,4,1,-12.814938539347565,-74.83510203502789,0,4,1,1,2,1,1,0,905.2765974877655,0.5354206918070947,1,0,0.0,9,32,140.80724135241132,0.208433269627998,63.39420920591426,52.358745876984365,4.531831170906805,150.8383532085195,27486.548315216307,8511.426,1445.3929999999996,2008.516,5057.516999999999,1879.579,6631.846999999998,22.08300935706896,5,1,0,0,4,51.30313103771064,48.980234496746114,53.62602757867517,1.0,0.23228965409645264,0.0,0.0,1,0,0.0,0.0,0.0,1.0,0.0,1.0,0.0,0.0,0.0,0.0,13,2,2022,6,10,0,0,0,2,1,0,1,GRAVE_LESIONADOS,1
5,1,5,0,4,0,-14.357843719688097,-74.34137434465848,0,4,5,0,6,1,1,0,6667.402968378629,2.0,3,3,1.0,13,29,1198.0,0.44051910548394035,68.1103137914401,65.3201177292,6.910999959062601,670.3631863897695,880.1842011734564,12793.112310997176,1830.6787129233132,1842.8912758475403,9119.542322226323,2583.7409937931525,10209.371317204024,20.159391773598315,4,1,0,0,3,35.18702454385908,34.47480981754363,35.89923927017453,1.0,0.0,0.11870245438590832,0.11870245438590832,1,0,0.0,0.8812975456140917,0.0,0.11870245438590832,0.0,0.0,1.0,0.11870245438590832,1.0,0.0,17,2,2023,6,7,6,1,0,2,1,0,1,GRAVE_LESIONADOS,1
3,2,10,2,4,1,-13.413477493632747,-76.13307338275962,0,1,4,1,2,2,2,1,6608.32464429188,2.0,2,1,1.0,10,31,1478.789372682073,0.6012720025159582,80.7719274151837,69.45321643664988,10.27244220963446,930.6604413322148,66208.86221854249,3721.461,698.1859999999996,744.866,2278.409,1102.9029999999996,2618.558,29.636290693359403,9,2,0,0,6,40.65881318469415,32.373959285781304,48.495837143125215,1.0,0.0,0.0,0.32825508927733704,2,0,0.0,0.0,0.0,1.0,0.0,1.0,0.0,0.0,0.671744910722663,0.0,17,1,2023,8,4,3,0,0,0,1,0,1,GRAVE_LESIONADOS,1
6,1,8,1,4,1,-13.562924322092606,-75.21172212556272,0,4,0,0,2,1,1,0,1679.5849999999998,2.0,2,3,1.0,9,24,315.0,0.5003501511624583,73.70968029735913,52.180189270191335,8.462130928788405,823.7374614924272,2204.878450811517,8511.426,1445.3929999999996,2008.516,5057.516999999999,1879.579,6631.846999999998,22.08300935706896,4,1,0,0,3,38.4669270787195,38.4669270787195,38.4669270787195,1.0,0.0,0.0,0.0,1,0,0.0,0.0,0.0,1.0,0.0,1.0,0.0,0.0,0.0,0.0,14,2,2022,3,14,5,1,0,2,1,0,1,GRAVE_LESIONADOS,1
5,1,10,0,4,1,-13.385503465548183,-76.20298127719612,0,4,6,1,2,2,2,0,6639.975,2.0,2,0,1.0,9,31,1616.0,0.5736744275518083,81.67473861808857,68.1608574885675,9.138785887908334,865.1176766860625,26660.92933618844,3721.461,698.1859999999996,744.866,2278.409,1102.9029999999996,2618.558,29.636290693359403,5,1,0,0,3,22.209576266157185,21.81965104271768,22.599501489596687,1.0,0.12997507447983436,0.0,0.0,1,0,0.0,0.12997507447983436,0.0,1.0,0.12997507447983436,1.0,0.0,0.0,0.12997507447983436,0.12997507447983436,5,0,2023,3,24,1,0,1,0,1,0,1,GRAVE_LESIONADOS,1
6,1,1,0,4,1,-8.703351798751974,-77.6309859433567,0,4,5,0,5,1,1,0,6543.555,2.0,4,4,1.0,14,33,1198.0,0.2375338937018633,77.1400277388808,42.09433725111784,4.25087519104831,180.71312747834475,2395.715694786616,10767.648,1885.0630000000003,1222.721,7659.864000000001,2100.343,8667.305000000002,19.506051832303577,5,1,0,0,4,33.18336619213829,33.18336619213829,33.18336619213829,1.0,0.0,0.0,0.0,1,0,0.0,0.0,0.6361056346436186,0.3638943653563814,0.0,0.6361056346436186,0.3638943653563814,0.0,0.6361056346436186,0.0,10,0,2024,1,20,4,0,1,0,1,0,1,GRAVE_LESIONADOS,1
6,1,19,0,4,0,-7.079075040783118,-76.93846047547922,1,3,1,0,2,2,2,0,6559.438353000136,2.0,3,3,1.0,13,32,1266.8575145618838,0.5560748006288182,73.44713783674119,62.23365844980029,8.098043202904545,1039.2791643663836,87995.76068143331,5971.49706250519,958.11628480138,1069.7019709727356,3943.678806731074,1145.4327065511925,4826.064355953997,18.914810862103838,11,1,0,0,10,44.32946179216212,44.32946179216212,44.32946179216212,1.0,0.0,0.0,0.0,1,0,0.0,0.0,0.0,0.8352691039189383,0.0,0.0,1.0,0.0,1.0,0.0,17,1,2021,9,26,5,0,1,0,1,0,1,GRAVE_LESIONADOS,1
6,1,11,0,4,2,-11.601905172933591,-75.4744970877266,3,4,3,1,4,2,2,0,6543.555,2.0,4,4,1.0,14,33,1198.0,0.46063818081078123,74.11763974067362,57.86867519772372,6.681190622995314,709.137202173712,12455.78438170607,12264.545,1826.4639999999995,1105.5389999999998,9332.542,1588.5359999999996,10676.009,12.952261987705208,6,1,0,0,5,39.991181197408984,39.991181197408984,39.991181197408984,1.0,0.0,0.0,0.42983125751300255,1,0,0.0,0.5701687424869974,0.0,0.42983125751300255,0.0,0.42983125751300255,0.5701687424869974,0.0,0.0,0.0,8,1,2021,4,11,5,1,0,2,1,0,1,GRAVE_LESIONADOS,1
5,1,9,0,4,2,-9.073616116047022,-77.11382152608277,0,4,2,0,1,2,2,2,6543.555,2.0,4,4,1.0,14,33,1198.0,0.2884578661743958,77.85845543847077,42.482077095190206,3.2978010276445056,477.6428622928695,24744.683440042547,8416.678531383996,1334.08468825158,1120.6015264855348,5961.992316646879,1105.6622394481483,7311.016291935846,13.12354438954288,4,1,0,0,3,42.84016535635226,39.96758840758158,45.71274230512293,1.0,0.0,0.0,0.0,1,0,0.0,0.7127423051229324,0.28725769487706765,0.0,0.28725769487706765,0.0,0.7127423051229324,0.0,0.7127423051229324,0.0,16,2,2021,4,3,1,0,0,1,1,0,1,GRAVE_LESIONADOS,1
3,1,6,0,4,1,-12.354122961525709,-73.12769618870693,0,4,6,1,2,0,1,1,8205.443396488545,2.0,2,0,1.0,9,12,1890.7566951547615,0.24161222156584788,65.52224710518259,53.62442124398667,4.807041248942425,198.88640695826484,5369.206575746341,17293.89736614929,2001.710038817342,2355.8126923636637,12936.374634968282,2647.4749211673325,14646.422444981956,15.233474328518803,5,1,0,0,3,34.63205431289803,25.05372491966547,44.21038370613059,1.0,0.0,0.0,0.736794568710197,1,0,0.0,1.0,0.0,0.736794568710197,0.0,0.736794568710197,1.0,0.0,0.0,0.0,15,1,2023,1,2,1,0,0,2,1,0,1,GRAVE_LESIONADOS,1
3,1,7,1,4,1,-12.62905848524368,-74.93042361542334,0,4,6,0,2,0,1,2,869.1625122277553,2.0,2,1,1.0,5,28,161.95654457479506,0.396346768763291,70.9903229738967,61.33500089068695,6.841337255293098,561.0878145102573,18055.779066195573,12452.344561729806,1816.765426826947,1408.6454830911698,9226.933651811689,1995.177358856838,10457.167202872968,15.967682121639978,7,2,0,0,5,41.332297117196646,26.73291884687866,55.93167538751464,1.0,0.0,0.0,1.0,2,0,0.0,0.45341623062426806,0.5465837693757319,0.5465837693757319,0.0,0.45341623062426806,1.0,0.0,0.45341623062426806,0.5465837693757319,9,2,2024,2,7,3,0,0,2,1,0,1,GRAVE_LESIONADOS,1
6,1,4,0,4,1,-13.36772907445563,-74.783154448767,0,4,0,0,2,2,2,4,1685.57858269102,2.0,2,2,1.0,8,24,312.85598902127697,0.2600395848147765,78.12363481571253,42.68356468048467,4.086191032581705,222.85240463920104,3874.689282544037,12678.733000000004,1805.074000000001,1774.0339999999994,9099.625000000004,2485.375000000001,10193.358000000002,19.602707936195205,6,1,0,0,4,31.235841207659533,31.235841207659533,31.235841207659533,1.0,0.0,0.0,1.0,1,0,0.989279945106385,0.0,0.01072005489361505,0.989279945106385,0.0,0.0,1.0,0.0,0.0,0.989279945106385,11,2,2022,1,21,4,0,0,2,1,0,1,GRAVE_LESIONADOS,1
3,1,3,0,4,2,-15.599925795481543,-72.08685856963106,5,4,5,1,5,2,2,0,6543.555,2.0,4,4,1.0,14,33,1198.0,0.4623082712902681,75.99990971125408,66.14564746001317,7.377582312290862,609.6296406978679,2046.6800847802197,10322.272,1495.236,1749.739,7077.2970000000005,2886.595,7435.677000000001,27.964725207783708,10,1,0,0,9,46.9051003548081,46.9051003548081,46.9051003548081,1.0,0.9452550177404049,0.0,0.0,1,0,0.0,0.0,0.0,1.0,0.0,0.0,1.0,0.0,0.0,0.0,21,1,2022,5,26,1,0,1,0,1,0,1,GRAVE_LESIONADOS,1
3,2,7,1,4,1,-13.535013125566575,-71.95924698709875,0,4,4,0,2,2,2,3,6052.057334562043,2.0,2,0,1.0,7,9,973.6303518018921,0.3612329896345734,72.13906940468375,64.99877115764949,6.0589407122752545,402.9116573783617,17995.43815018225,17779.13499998999,2097.3709999899997,2863.123,12818.640999999989,2878.713,14900.421999989989,16.19152450331032,10,2,0,0,8,39.417324439433166,28.775076330681234,50.059572548185095,1.0,0.6449847338637533,0.0,0.6449847338637533,2,0,0.0,0.0,0.6449847338637533,1.0,0.0,1.0,0.6449847338637533,0.0,0.6449847338637533,0.0,5,0,2022,2,9,0,0,0,2,1,0,1,GRAVE_LESIONADOS,1
3,1,17,0,4,1,-9.542174650106887,-76.56329714535433,1,4,4,1,2,2,2,2,7219.396611052501,2.0,2,0,1.0,9,25,1883.8576136041418,0.6143147184565251,75.38729411503638,58.823592090818174,9.110574328585605,1286.255792184204,8593.614605566723,6599.865527374444,1233.5229264061052,1270.7190974117968,4095.623503556542,1399.6340450334665,5200.231482340978,20.76888651895806,15,2,0,0,13,34.18665058488492,25.55429949867007,42.81900167109978,1.0,0.5180998328900226,0.0,0.0,2,0,0.0,0.4819001671099774,1.0,0.5180998328900226,0.0,0.5180998328900226,0.4819001671099774,0.0,0.0,0.0,8,1,2021,4,19,4,0,0,0,1,0,1,GRAVE_LESIONADOS,1
6,1,14,2,3,4,-12.147487559429907,-76.95178234195407,0,1,3,0,4,2,2,0,6543.555,2.0,4,4,1.0,14,33,1198.0,0.7095287213388352,80.19668121737752,75.41346212506193,10.058809911328037,1480.9175921286194,418481.56972332386,7626.313,1683.4029999999998,1599.0829999999996,4343.827000000001,1814.875,5811.438000000001,23.797541485643197,5,1,0,0,3,41.968664452516805,39.956130233523524,43.47806511676176,0.4968664452516802,0.0,0.0,0.0,1,0,0.0,0.0,0.4968664452516802,0.5031335547483198,0.4968664452516802,0.0,0.5031335547483198,0.4968664452516802,0.4968664452516802,0.0,6,0,2024,11,14,1,0,0,0,1,0,1,GRAVE_LESIONADOS,1