CLASE SINIESTRO,CANTIDAD DE VEHICULOS DAÑADOS,DEPARTAMENTO,ZONA,TIPO DE VÍA,RED VIAL,COORDENADAS LATITUD,COORDENADAS  LONGITUD,CONDICIÓN CLIMÁTICA,ZONIFICACIÓN,CARACTERÍSTICAS DE VÍA,PERFIL LONGITUDINAL VÍA,SUPERFICIE DE CALZADA,¿EXISTE SEÑAL VERTICAL?,¿EXISTE SEÑAL HORIZONTAL?,CAUSA FACTOR PRINCIPAL,MTC_RVN_LONGITUD_KM,MTC_RVN_N_CARRILES_MEDIANA,MTC_RVN_SUPERFICIE_DOMINANTE,MTC_RVN_ESTADO_DOMINANTE,MTC_RVN_ES_CONCESIONADA,MTC_RVN_CONCESION_PRINCIPAL,MTC_RVN_CORREDOR_LOGISTICO,MTC_RVN_N_TRAMOS,IDH_2019,IDH_ESP_VIDA_2019,IDH_EDUC_SECUND_PCT_2019,IDH_ANIOS_EDUC_2019,IDH_INGRESO_PERCAP_2019,IDH_POBLACION_2019,MTC_DEP_RED_TOTAL_KM,MTC_DEP_NACIONAL_TOTAL_KM,MTC_DEP_DEPARTAMENTAL_TOTAL_KM,MTC_DEP_VECINAL_TOTAL_KM,MTC_DEP_PAV_TOTAL_KM,MTC_DEP_NO_PAV_TOTAL_KM,MTC_DEP_PCT_PAVIMENTADA,PER_TOTAL_PERSONAS,PER_N_CONDUCTORES,PER_N_CONDUCTORES_FUGADOS,PER_N_PEATONES,PER_N_PASAJEROS_OCUPANTES,PER_EDAD_COND_PROM,PER_EDAD_COND_MIN,PER_EDAD_COND_MAX,PER_ANY_COND_MASCULINO,PER_ANY_LIC_PROBLEMA,PER_ANY_DOSAJE_POS,PER_ANY_DOSAJE_EVALUADO,VEH_TOTAL,VEH_N_FUGADOS,VEH_ANY_FUGADO,VEH_ANY_CARGA,VEH_ANY_PUBLICO,VEH_ANY_PARTICULAR,VEH_ANY_MOTO,VEH_ANY_AUTO,VEH_ANY_CAMION_BUS,VEH_ANY_SOAT_PROBLEMA,VEH_ANY_CITV_PROBLEMA,VEH_ANY_SEGURO_PROBLEMA,HORA_NUM,FRANJA_HORARIA,ANIO,MES,DIA_MES,DIA_SEMANA,ES_FIN_SEMANA,ES_QUINCENA,REGION_NATURAL,TIENE_SEÑALIZACION,ES_VIA_MULTICARRIL,ES_DEPTO_BAJO_PAVIMENTO,CATEGORIA_SEVERIDAD,CATEGORIA_SEVERIDAD_ENC
5,1,6,1,4,2,-9.747668934877606,-75.83035664866746,0,4,0,0,5,2,2,0,6574.017531994424,2.0,3,2,1.0,12,32,1330.0611737571962,0.370588802200212,73.39056704058981,36.81043101132994,5.797572837034446,572.1598854682957,2211.159998996358,3507.8138648192153,989.4290898214975,554.1646553932859,1964.220119604432,983.1180466744893,2524.695818144726,29.273294110594293,5,1,0,0,3,27.15796791119282,24.78844924330054,29.527486579085092,1.0,0.0,0.0,0.3159358223856368,1,0,0.0,0.0,1.0,0.3159358223856368,0.0,0.3159358223856368,1.0,0.0,0.0,0.0,13,1,2023,8,10,5,1,0,0,1,0,1,GRAVE_LESIONADOS,1
6,1,7,0,4,2,-13.043745530596002,-72.49014165970736,0,4,0,0,1,1,0,0,5705.349418104793,1.729240249097568,3,3,0.729240249097568,12,27,1173.9023821696835,0.4706944943299555,76.79406176595778,61.64424635983724,7.141255198110581,653.4175319142125,3282.6252676659524,17779.13499998999,2097.3709999899997,2863.123,12818.640999999989,2878.713,14900.421999989989,16.19152450331032,12,1,0,0,11,54.68948672563434,54.68948672563434,54.68948672563434,1.0,1.0,0.0,0.0,1,0,0.0,0.729240249097568,0.0,0.0,0.0,0.270759750902432,0.729240249097568,0.729240249097568,0.729240249097568,0.0,7,1,2023,4,20,4,0,1,2,1,0,1,GRAVE_LESIONADOS,1
5,1,3,1,4,0,-16.40160740416602,-71.8085874057706,0,0,7,1,0,2,2,0,6555.631887174193,2.0,3,3,1.0,13,32,1250.3557232816086,0.6506451583637177,78.5462293344869,73.26429488271543,10.178107598375679,1195.4230086845293,4522.483070015221,10322.272,1495.236,1749.739,7077.2970000000005,2886.595,7435.677000000001,27.964725207783708,4,1,0,0,2,40.25050585302205,40.25050585302205,40.25050585302205,0.12525292651102526,0.0,0.0,0.0,1,0,0.12525292651102526,0.0,0.0,0.12525292651102526,0.0,0.12525292651102526,0.8747470734889747,0.0,0.0,0.0,10,2,2023,8,20,5,1,1,0,1,0,1,GRAVE_LESIONADOS,1
6,1,10,0,4,1,-15.452479578258846,-74.7953446345667,0,4,6,0,2,1,1,0,254.55613867539375,1.938719301977863,1,0,0.938719301977863,4,27,43.64057842112132,0.5592502622619444,77.05298134135099,69.49674618082912,8.573207491745578,917.9433556113343,28332.017470671628,3655.8361745757716,694.048756234431,729.0859138558096,2232.7015044855307,1100.8071388469446,2555.029035728827,30.29097590382261,5,1,0,0,4,64.97773696526949,64.97773696526949,64.97773696526949,1.0,0.0,0.0,0.0,1,0,0.0,0.0,0.06128069802213698,0.938719301977863,0.0,0.938719301977863,0.06128069802213698,0.0,0.0,0.0,21,2,2023,6,15,5,0,0,0,1,0,1,GRAVE_LESIONADOS,1
5,1,17,0,4,1,-6.598921938934119,-78.8229624033913,0,3,1,0,6,1,0,2,9936.932,2.0,2,0,1.0,9,32,3830.0,0.29164213648578274,67.02586968240237,50.106566684938315,5.117217431253774,352.75122324211304,38795.83208797001,8818.342811583045,1694.9117900684232,667.2028233702325,6456.228198144388,1989.4568471963705,6828.8859643866745,22.401687046054718,7,1,0,0,5,44.88149402879242,43.322241043188626,48.58471986960142,1.0,0.1949066232004738,0.0,1.0,1,0,0.0,0.0,0.1949066232004738,1.0,0.1949066232004738,0.1949066232004738,0.8050933767995262,0.1949066232004738,1.0,0.1949066232004738,20,2,2022,5,21,0,0,1,0,1,0,1,GRAVE_LESIONADOS,1
6,1,10,1,4,1,-13.9301486568265,-75.93401052103194,0,3,7,1,2,2,2,1,6639.975,2.0,2,0,1.0,9,31,1616.0,0.6053164595604621,78.88848309050202,67.63954639531094,9.133324993872453,1064.9426147896202,27932.19700214133,3721.461,698.1859999999996,744.866,2278.409,1102.9029999999996,2618.558,29.636290693359403,8,1,0,0,7,35.402320789226394,35.402320789226394,35.402320789226394,1.0,0.0,0.8505801973065994,1.0,1,0,0.0,0.0,0.0,0.1494198026934006,0.0,0.0,1.0,0.0,0.0,0.0,3,0,2021,4,7,5,1,0,0,1,0,1,GRAVE_LESIONADOS,1
4,1,1,0,4,1,-11.91568337223641,-76.00199589579337,0,4,3,0,2,1,0,1,6586.89142211422,2.0,3,2,1.0,11,32,1385.872064340842,0.5890439811667609,79.68171690178394,57.62100552762799,9.130722522727153,1056.9806566702541,5401.573737991637,10567.47166380893,1709.8534229047912,1459.5917167578511,7398.02652414629,2453.7276562969273,8113.744007512005,23.307842331433648,7,1,0,0,5,34.292365791320066,34.292365791320066,34.292365791320066,1.0,0.0,0.0,0.0,1,0,0.4494546993800045,0.0,0.0,1.0,0.0,0.4494546993800045,0.5505453006199955,0.0,0.5505453006199955,0.0,8,1,2021,6,27,4,0,1,0,1,0,1,GRAVE_LESIONADOS,1
6,1,12,0,4,1,-7.811034989477974,-77.78325669370199,0,4,1,1,1,2,2,0,1688.589,1.0,1,3,0.0,9,32,287.0,0.1492206538659984,78.92776803590996,33.56043543982053,2.142334776786642,136.3088563134413,18539.64239828694,8931.828000000005,1335.5899999999997,1935.9830000000004,5660.255000000005,1219.309,7712.519000000005,13.651281686122925,8,1,0,0,7,53.258882264268145,53.258882264268145,53.258882264268145,1.0,0.8258882264268146,0.0,0.0,1,0,0.0,0.8258882264268146,0.0,0.1741117735731854,0.0,0.1741117735731854,0.8258882264268146,0.0,1.0,0.0,3,0,2021,7,3,3,0,0,0,1,0,1,GRAVE_LESIONADOS,1
3,2,12,0,4,1,-7.175898754274838,-79.45758800162022,0,4,7,1,2,2,2,0,6543.555,2.696496090852048,2,1,1.0,4,30,1390.9294171660172,0.5114727232493018,78.60606800160349,61.153108160372966,6.422343227671115,862.4189512831092,24701.19700214133,8931.828000000005,1335.5899999999997,1935.9830000000004,5660.255000000005,1219.309,7712.519000000005,13.651281686122925,4,2,0,0,2,26.642046909775427,23.607007818295905,29.67708600125495,1.0,0.6964960908520478,0.0,0.0,2,0,0.0,0.0,1.0,0.6964960908520478,1.0,0.0,0.0,0.6964960908520478,0.0,0.0,19,2,2021,1,13,5,0,0,0,1,0,1,GRAVE_LESIONADOS,1
4,1,1,0,4,1,-11.5548512416979,-75.18369556766842,1,4,0,0,2,2,2,0,1624.003812965261,1.3984787621092143,0,1,0.3984787621092144,8,26,244.6091274273447,0.39136434542112086,76.99380457843867,61.66978592713084,5.855905699446676,449.9943596182974,2416.249360731459,10590.175122846846,1729.7252196032514,1432.726480249274,7427.723422994322,2413.647723665894,8176.527399180954,22.87665352805107,6,1,0,0,5,44.61673361679864,41.03042475781571,48.20304247578157,1.0,0.0,0.0,0.3984787621092144,1,0,0.0,0.3984787621092144,0.0,1.0,0.0,1.0,0.3984787621092144,0.0,0.6015212378907856,0.0,17,2,2022,6,26,1,0,1,0,1,0,1,GRAVE_LESIONADOS,1
3,1,9,0,4,1,-13.809081376499345,-72.96217123242617,0,4,3,0,2,1,1,2,7586.903,2.0,2,0,1.0,9,5,1198.0,0.34314503426969284,73.19446574750192,68.04395223129453,5.697890625432832,325.50920267523423,5249.612949459529,12984.104041855275,1873.43372164573,1957.8698517949024,9152.800468414644,2747.9935255521104,10236.110516303164,21.088948078138177,4,2,0,0,2,46.97865273744766,36.929391778903295,57.02791369599203,1.0,1.0,0.0,0.0,2,0,0.0,0.6830869861814557,0.6830869861814557,0.3169130138185443,0.6830869861814557,0.3169130138185443,1.0,0.0,0.6830869861814557,0.0,11,1,2022,5,18,2,0,0,2,1,0,1,GRAVE_LESIONADOS,1
6,1,11,0,4,1,-11.415989276750741,-75.71686252705312,4,4,6,1,4,1,1,0,7031.202641664922,2.0,3,2,1.0,11,19,1198.0,0.5083958858827152,75.0488913204269,57.88671127043531,7.532958374124065,866.7609866592029,10575.258921980514,12264.545,1826.4639999999995,1105.5389999999998,9332.542,1588.5359999999996,10676.009,12.952261987705208,7,1,0,0,6,35.05441529738527,35.05441529738527,35.05441529738527,1.0,0.0,0.0,0.0,1,0,0.0,0.5326126645520746,0.0,0.46738733544792543,0.0,0.46738733544792543,0.5326126645520746,0.0,0.0,0.0,8,0,2022,8,4,5,1,0,2,1,0,1,GRAVE_LESIONADOS,1
5,1,5,0,4,1,-8.756980205024398,-76.65017941211437,0,4,5,1,2,0,1,0,9265.811620030334,2.0,2,0,1.0,9,24,3078.354450059909,0.278061149834868,69.47156836753364,54.160083429596455,4.347887495599857,277.4148721065954,5304.964001464041,16462.051021573778,1837.717769214899,1486.127005306451,13138.206247052425,2251.0618295422764,14210.9891920315,13.591082064933806,6,1,0,0,5,39.14420383761364,35.43166882651136,42.856738848715906,1.0,0.0,0.0,0.28557961623863637,1,0,0.0,1.0,0.0,0.28557961623863637,0.0,0.28557961623863637,1.0,0.0,0.0,0.0,8,0,2023,1,3,3,0,0,2,1,0,1,GRAVE_LESIONADOS,1
3,2,20,1,5,3,-6.0702994817126426,-77.08406992564686,0,0,1,1,2,2,2,1,6543.555,2.038388557745553,3,3,1.0,13,32,1208.6336304955182,0.5304185704929111,72.55263905953814,60.75503101441035,7.825708864977162,949.8970819634261,86173.47428358915,5561.23991841777,803.5588952365256,954.7192651420579,3802.961758039186,1001.5035892824335,4559.736329135336,18.043137637355418,4,2,0,0,2,20.922274135201086,17.38388557745553,24.460662692946638,1.0,1.0,0.0,0.0,2,0,0.0,0.0,0.038388557745553165,1.0,1.0,0.038388557745553165,0.0,0.9616114422544468,1.0,1.0,22,1,2023,5,18,5,0,0,0,1,0,1,GRAVE_LESIONADOS,1
6,1,8,0,4,1,-12.780230697948884,-74.85456320095221,0,4,4,0,1,2,2,0,6869.960816940458,2.0,3,2,1.0,12,24,1198.0,0.3787861126755774,70.67264691160112,56.431429458719954,5.670772826203406,491.65969077964553,2669.2057620651813,8511.426,1445.3929999999996,2008.516,5057.516999999999,1879.579,6631.846999999998,22.08300935706896,6,1,0,0,5,46.44680495615304,46.44680495615304,46.44680495615304,1.0,0.0,0.0,0.0,1,0,0.0,0.0,0.0,0.31284462800566815,0.0,0.31284462800566815,0.6871553719943319,0.0,0.0,0.0,12,3,2024,8,22,4,0,1,2,1,0,1,GRAVE_LESIONADOS,1
5,1,12,0,4,1,-7.750733540808977,-78.53119683655319,0,4,7,1,1,2,2,0,6543.555,2.0980445381109396,3,3,1.0,12,32,1225.1583370567303,0.219992823262463,76.19562646835811,31.9676036115118,3.570858127663192,217.73306711599383,24281.368602437367,8931.828000000005,1335.5899999999997,1935.9830000000004,5660.255000000005,1219.309,7712.519000000005,13.651281686122925,4,1,0,0,3,33.82346554266872,33.82346554266872,33.82346554266872,1.0,1.0,0.0,0.0,1,0,0.0,0.0,0.09804453811093983,1.0,0.09804453811093983,0.0,0.9019554618890602,0.09804453811093983,0.0,0.0,20,2,2022,7,23,3,0,1,0,1,0,1,GRAVE_LESIONADOS,1
3,2,11,0,4,1,-11.757813142044665,-76.08980811565588,0,4,2,1,2,1,1,1,1117.6876318161126,0.5804514981512403,1,0,0.0,9,25,443.42763533512243,0.45542747347995693,71.01383033334999,61.055727851303516,6.265244693809775,843.8929882522823,26773.760914225502,8045.1332777056205,1570.7807536916587,1792.819667252481,4681.532856761481,1845.491822087874,6199.641455617746,22.986254314146823,8,2,0,0,6,42.41478542436983,29.51729101109256,55.312279837647104,1.0,0.4731828339495866,0.0,0.5268171660504134,2,0,0.0,0.5268171660504134,0.0,0.4731828339495866,0.0,1.0,0.5268171660504134,0.0,0.0,0.0,11,2,2022,4,20,2,0,0,0,1,0,1,GRAVE_LESIONADOS,1
6,1,0,1,4,2,-6.5676181441506785,-77.95793863784155,0,4,0,0,6,2,2,0,6549.060493143685,2.0,3,3,1.0,13,32,1221.8674147900838,0.2919858135771125,73.8197484136633,24.313282115333855,4.500137304047688,398.0474292197224,1882.7970500810152,3893.3244938727194,1129.0304325906534,594.1451734913046,2170.148887790762,952.6875683852579,2940.6369254874617,24.483544647918144,6,1,0,0,5,28.484576039574584,28.484576039574584,28.484576039574584,1.0,0.0,0.0,0.0,1,0,0.0,0.0,1.0,0.0,0.0,0.0,1.0,0.0,0.0,0.0,9,0,2023,8,11,5,0,0,0,1,0,1,GRAVE_LESIONADOS,1
5,1,1,0,4,1,-9.417901368571602,-77.0506158136626,1,4,0,0,2,2,2,0,1681.2436817968521,1.1105431663085805,0,2,0.11054316630858052,8,27,246.33674100214853,0.3544276987740954,74.67524420966886,57.326601177918846,5.768859882353733,369.8265229621565,2734.272068317702,10718.414726762148,1841.9702891074253,1280.9792384216155,7595.46519923311,2187.2577855964537,8531.156941165698,20.44110036999924,6,1,0,0,5,47.78402517060562,46.78913667382839,48.77891366738284,1.0,0.0,0.0,0.11054316630858052,1,0,0.0,0.11054316630858052,0.0,1.0,0.0,1.0,0.11054316630858052,0.0,0.8894568336914195,0.0,18,2,2022,3,27,0,0,1,0,1,0,1,GRAVE_LESIONADOS,1
9,1,10,0,4,1,-13.927312716525659,-75.96928966886965,0,3,7,1,2,2,2,0,6639.975,2.0,2,0,1.0,9,31,1616.0,0.6053164595604621,78.88848309050202,67.63954639531094,9.133324993872453,1064.9426147896202,27932.19700214133,3721.461,698.1859999999996,744.866,2278.409,1102.9029999999996,2618.558,29.636290693359403,5,1,0,0,4,32.877557556784986,32.877557556784986,32.877557556784986,1.0,0.0,0.2193893891962463,1.0,1,0,0.0,0.0,0.0,0.7806106108037537,0.0,0.0,1.0,0.0,0.0,0.0,2,0,2021,8,24,5,1,0,0,1,0,1,GRAVE_LESIONADOS,1
4,2,7,0,4,1,-13.875011074514585,-71.90437203765481,0,4,7,1,4,1,1,2,7102.424095485968,2.0,2,1,1.0,11,18,1198.0,0.43767088425172185,68.93921730850107,64.86512058296712,6.50667426347834,682.3710470262937,7985.917868138544,17779.13499998999,2097.3709999899997,2863.123,12818.640999999989,2878.713,14900.421999989989,16.19152450331032,6,2,0,0,3,37.4277970014143,33.142599000471435,44.92689350306432,1.0,0.4643502498821417,0.0,0.0,2,0,0.5356497501178583,0.0,0.0,1.0,0.0,0.5356497501178583,1.0,0.0,0.0,0.5356497501178583,11,2,2022,10,7,2,0,0,2,1,0,1,GRAVE_LESIONADOS,1
4,1,19,0,4,2,-5.473407949391282,-80.26226615263275,0,4,3,1,1,2,2,2,6543.555,2.0,4,4,1.0,14,33,1198.0,0.3268427161270694,72.43442577508382,46.93170822778394,4.718539737238314,415.9257631793284,38766.092910357984,8965.846000060003,1782.4120000599992,636.9959999999999,6546.438000000004,2214.505000059999,6751.341000000004,24.699342371541725,7,1,0,0,5,44.64864038309896,32.46353542774306,56.83374533845486,1.0,0.5667490676909721,0.0,1.0,1,0,0.0,0.0,1.0,0.0,0.5667490676909721,0.0,0.4332509323090279,0.5667490676909721,1.0,0.5667490676909721,18,2,2022,5,15,6,1,0,0,1,0,1,GRAVE_LESIONADOS,1
6,1,12,0,4,1,-8.426794018896766,-78.80912512778868,0,4,7,1,2,2,2,2,6543.555,2.200308137997209,3,3,1.0,11,32,1253.4853542252267,0.5051395598219868,77.13285387085847,51.52067479184955,6.715328807318118,900.900383457586,67612.41755888652,8931.828000000005,1335.5899999999997,1935.9830000000004,5660.255000000005,1219.309,7712.519000000005,13.651281686122925,5,1,0,0,4,26.79815117201675,26.79815117201675,26.79815117201675,1.0,0.7996918620027912,0.0,0.0,1,0,0.0,0.2003081379972088,0.0,0.7996918620027912,0.0,0.7996918620027912,0.2003081379972088,0.0,0.7996918620027912,0.0,9,1,2023,6,26,5,1,0,0,1,0,1,GRAVE_LESIONADOS,1
4,1,10,0,4,1,-13.951244337937279,-75.83594278537834,0,2,7,1,2,2,2,1,6639.975,2.0,2,0,1.0,9,31,1616.0,0.6053164595604621,78.88848309050202,67.63954639531094,9.133324993872453,1064.9426147896202,27932.19700214133,3721.461,698.1859999999996,744.866,2278.409,1102.9029999999996,2618.558,29.636290693359403,6,1,0,0,4,38.285534558014966,28.302626730579433,48.2684423854505,1.0,0.7394746538841134,0.0,1.0,1,0,0.0,0.0,0.0,1.0,0.7394746538841134,0.0,1.0,0.0,0.0,0.0,4,0,2021,7,24,2,0,1,0,1,0,1,GRAVE_LESIONADOS,1
6,1,12,0,4,1,-9.016968868015617,-78.10565207635084,1,4,4,0,1,2,2,0,6543.555,2.5736817060092987,2,1,1.0,5,31,1356.9098325645757,0.598079437493069,78.5337420857862,61.69308018652943,9.304658134164525,1078.9671579690216,15044.88218056947,8375.263072420732,1483.8690447877875,1792.3563667545327,5099.037660878412,1473.209681078866,6902.053391341867,17.976817854240842,8,1,0,0,7,31.1473634120186,31.1473634120186,31.1473634120186,1.0,0.0,0.0,0.4263182939907013,1,0,0.0,0.4263182939907013,0.5736817060092987,0.0,0.0,0.0,1.0,0.0,0.0,0.0,16,3,2021,10,11,0,0,0,0,1,0,1,GRAVE_LESIONADOS,1
3,1,14,0,3,2,-11.848470879615657,-77.01576023524068,0,3,4,1,2,1,0,1,2906.3528764821513,2.0,2,3,0.3337042075756299,10,26,1082.730827910584,0.6861073748384537,79.40680947649687,75.81174952623043,9.925495153742997,1373.983470376848,359234.65055676096,7626.313,1683.4029999999998,1599.0829999999996,4343.827000000001,1814.875,5811.438000000001,23.797541485643197,10,2,0,0,8,32.336485764392854,24.33926732121008,40.33370420757563,1.0,1.0,0.0,0.0,2,0,0.0,0.0,0.6662957924243701,0.3337042075756299,0.6662957924243701,0.0,1.0,1.0,1.0,1.0,9,1,2023,3,19,0,0,0,0,1,0,1,GRAVE_LESIONADOS,1
3,1,12,0,4,1,-11.644818696568503,-76.40105480329028,0,4,0,1,2,2,2,1,1270.715989354519,1.6835312159385014,1,0,0.0,9,23,519.8280745733763,0.4878015035467358,71.81822855799328,60.11222029963757,6.865138048029154,981.3404423459003,25416.625032781078,7906.423634867025,1608.0802647055225,1728.6557636646512,4569.687606496851,1835.3517962039152,6071.07183866311,23.254945587678936,7,1,0,0,5,41.40526615295323,30.810532305906456,52.0,1.0,0.0,0.0,0.6835312159385014,1,0,0.0,0.6835312159385014,0.0,0.3164687840614986,0.0,1.0,0.6835312159385014,0.0,0.0,0.0,16,3,2023,4,9,1,0,0,0,1,0,1,GRAVE_LESIONADOS,1
6,1,7,0,4,0,-13.247332384148235,-72.0910787104536,3,4,0,0,1,1,0,5,6543.555,2.0,4,4,1.0,14,33,1198.0,0.2792160186247592,69.10141724507955,55.16269415804264,5.413691043514165,233.53717693976319,5473.123604294182,17779.13499998999,2097.3709999899997,2863.123,12818.640999999989,2878.713,14900.421999989989,16.19152450331032,4,1,0,0,3,46.0278919204682,46.0278919204682,46.0278919204682,1.0,0.773995087294009,0.0,0.226004912705991,1,0,0.0,0.0,0.0,1.0,0.0,0.773995087294009,0.226004912705991,0.773995087294009,0.773995087294009,0.0,8,1,2021,2,13,4,0,0,2,1,0,1,GRAVE_LESIONADOS,1
6,1,3,0,4,2,-16.02162536087693,-72.08348678028078,0,4,0,0,6,2,2,0,6543.555,2.0,4,4,1.0,14,33,1198.0,0.43728759666885775,74.33312767279752,46.581329928605875,6.4155973144847005,686.7017589622678,831.2562032904887,10322.272,1495.236,1749.739,7077.2970000000005,2886.595,7435.677000000001,27.964725207783708,5,1,0,0,4,28.94792759377873,28.94792759377873,28.94792759377873,1.0,0.9479275937787303,0.0,0.0,1,0,0.0,0.9479275937787303,0.0,0.05207240622126974,0.0,0.0,1.0,0.0,0.9479275937787303,0.0,17,1,2021,7,15,0,0,1,0,1,0,1,GRAVE_LESIONADOS,1
3,2,11,0,4,1,-8.025090265331366,-78.59046128928252,0,4,0,0,2,1,1,1,612.764998741495,1.9615350514681826,1,0,0.9871783504893942,8,29,100.76929897063636,0.3795124716469805,74.3320944798007,51.59163387965037,5.607066399523045,476.1821946800965,26725.97626902669,8926.437752902448,1336.9978555812127,1936.9129927039533,5652.526904617281,1227.7747505223676,7698.663002380079,13.759390343088672,6,2,0,0,4,34.68591391790378,25.179503093148483,44.19232474265909,1.0,0.012821649510605826,0.0,0.0,2,0,0.0,0.9871783504893942,0.0,1.0,0.0,1.0,0.9871783504893942,0.0,0.9871783504893942,0.0,15,2,2021,9,15,3,0,1,0,1,0,1,GRAVE_LESIONADOS,1
4,1,13,0,4,1,-6.57734062237205,-79.8743254205083,0,4,7,1,2,2,2,0,1305.18,2.0,2,0,1.0,1,20,163.0,0.4530607633213016,76.60203660440479,57.768100495203775,6.835929280138066,623.8856963091697,18730.47537473233,3459.691,515.0619999999999,689.7280000000001,2254.901,703.3549999999999,2756.336,20.329994788551925,5,2,0,0,3,31.453467296880223,29.613366824220055,33.29356776954039,1.0,0.20445560807335195,0.0,0.0,2,0,0.795544391926648,0.0,1.0,0.20445560807335195,1.0,0.0,0.0,1.0,1.0,1.0,6,0,2022,8,18,1,0,1,0,1,0,1,GRAVE_LESIONADOS,1
3,1,20,0,4,1,-15.053511515003393,-70.40014398941254,0,4,0,1,2,1,1,2,1638.9970657479387,2.0,2,0,1.0,6,23,329.36226245785065,0.38752139352340254,73.23994162235975,65.56836345082496,6.43222562217496,436.0079569087198,7789.939368461783,13642.312999999998,2020.7790000000005,2354.117,9267.416999999998,3314.0520000000006,10328.260999999997,24.29244952817019,7,2,0,0,5,38.28150070777551,37.06578114379194,39.49722027175908,1.0,0.5228536240109507,0.0,1.0,2,0,0.0,0.0,0.0,1.0,0.0,0.4771463759890493,1.0,0.0,1.0,0.0,11,2,2021,7,5,1,0,0,2,1,0,1,GRAVE_LESIONADOS,1
3,2,7,0,4,0,-13.439838488654559,-71.58961200090717,0,4,0,0,1,2,2,2,6543.555,2.0,4,4,1.0,14,33,1198.0,0.2538624300544904,60.595672769988525,43.89615492681798,4.035079197008894,293.65369112662586,12664.677207058956,17779.13499998999,2097.3709999899997,2863.123,12818.640999999989,2878.713,14900.421999989989,16.19152450331032,4,2,0,0,2,33.06544056927679,21.261762277107152,44.869118861446424,1.0,1.0,0.0,0.0,2,0,0.0,0.0,0.0,1.0,1.0,0.0,0.0,1.0,0.13088113855357597,1.0,8,1,2023,5,5,4,0,0,2,1,0,1,GRAVE_LESIONADOS,1
3,1,3,0,4,1,-16.795551266276377,-71.72746489787696,0,4,1,0,2,0,1,0,1827.4098591448044,2.0,2,0,1.0,8,30,357.1939779416358,0.6260127924653565,78.81359789817706,73.79967288729995,8.802789375530663,1188.6697844683713,1042.4133533612103,10322.272,1495.236,1749.739,7077.2970000000005,2886.595,7435.677000000001,27.964725207783708,7,2,0,0,5,42.90877471946049,39.524247242704476,46.293302196216494,1.0,0.7644340654054987,0.0,0.23556593459450126,2,0,0.0,0.0,0.23556593459450126,1.0,0.0,0.7644340654054987,0.23556593459450126,0.0,0.7644340654054987,0.0,6,0,2024,3,3,5,0,0,0,1,0,1,GRAVE_LESIONADOS,1
6,1,18,0,4,1,-15.159556511104032,-70.1173534730021,0,4,6,1,2,2,2,2,1745.39800903966,2.0,1,0,0.06749604690261746,8,31,468.53096455576133,0.40942067362378265,69.58545435776726,70.64292686999532,7.149786440811526,478.75870460167357,14698.451101779241,13577.275159125575,2006.2197652028715,2314.963690624589,9256.091703298114,3258.1195783408803,10319.155580784693,23.975910509717092,5,1,0,0,4,18.93250395309738,18.93250395309738,18.93250395309738,1.0,0.0,0.0,1.0,1,0,0.0,0.06749604690261746,0.0,0.9325039530973825,0.0,1.0,0.0,0.0,0.9325039530973825,0.0,15,2,2022,9,8,3,0,0,2,1,0,1,GRAVE_LESIONADOS,1
3,2,1,1,4,1,-10.315824315082214,-76.79686629454004,4,4,7,1,2,1,1,0,6543.555,2.0,4,4,1.0,14,33,1198.0,0.4737052372325069,76.9277333273084,67.10724750916059,6.604772584205049,684.5925705363877,15629.213891961961,10705.073997271915,1830.2934664789273,1296.7654607921177,7578.015070000871,2210.8090664089723,8494.264930862944,20.694470271719435,5,2,0,0,3,45.62807141499755,37.33055653687306,53.92558629312204,1.0,0.0,0.0,0.14049702437510203,2,0,0.0,1.0,0.0,1.0,0.0,1.0,1.0,0.0,0.0,0.0,13,2,2022,5,9,3,0,0,0,1,0,1,GRAVE_LESIONADOS,1
3,2,19,0,3,1,-5.174976068900029,-80.59083179527006,0,2,7,1,2,1,1,0,2825.434737532998,2.0,2,1,1.0,4,23,463.37247301818843,0.6325646531559924,79.77769844061268,74.05287954927498,10.40407178940203,1056.562014173616,165373.705557777,8965.846000060003,1782.4120000599992,636.9959999999999,6546.438000000004,2214.505000059999,6751.341000000004,24.699342371541725,4,2,0,0,2,36.79021494977603,22.580429899552055,51.0,1.0,1.0,0.7097850502239725,0.7097850502239725,2,0,0.0,0.7097850502239725,0.0,1.0,1.0,0.0,0.0,1.0,0.7097850502239725,0.7097850502239725,22,2,2023,1,19,5,0,0,0,1,0,1,GRAVE_LESIONADOS,1