CLASE SINIESTRO,CANTIDAD DE VEHICULOS DAÑADOS,DEPARTAMENTO,ZONA,TIPO DE VÍA,RED VIAL,COORDENADAS LATITUD,COORDENADAS  LONGITUD,CONDICIÓN CLIMÁTICA,ZONIFICACIÓN,CARACTERÍSTICAS DE VÍA,PERFIL LONGITUDINAL VÍA,SUPERFICIE DE CALZADA,¿EXISTE SEÑAL VERTICAL?,¿EXISTE SEÑAL HORIZONTAL?,CAUSA FACTOR PRINCIPAL,MTC_RVN_LONGITUD_KM,MTC_RVN_N_CARRILES_MEDIANA,MTC_RVN_SUPERFICIE_DOMINANTE,MTC_RVN_ESTADO_DOMINANTE,MTC_RVN_ES_CONCESIONADA,MTC_RVN_CONCESION_PRINCIPAL,MTC_RVN_CORREDOR_LOGISTICO,MTC_RVN_N_TRAMOS,IDH_2019,IDH_ESP_VIDA_2019,IDH_EDUC_SECUND_PCT_2019,IDH_ANIOS_EDUC_2019,IDH_INGRESO_PERCAP_2019,IDH_POBLACION_2019,MTC_DEP_RED_TOTAL_KM,MTC_DEP_NACIONAL_TOTAL_KM,MTC_DEP_DEPARTAMENTAL_TOTAL_KM,MTC_DEP_VECINAL_TOTAL_KM,MTC_DEP_PAV_TOTAL_KM,MTC_DEP_NO_PAV_TOTAL_KM,MTC_DEP_PCT_PAVIMENTADA,PER_TOTAL_PERSONAS,PER_N_CONDUCTORES,PER_N_CONDUCTORES_FUGADOS,PER_N_PEATONES,PER_N_PASAJEROS_OCUPANTES,PER_EDAD_COND_PROM,PER_EDAD_COND_MIN,PER_EDAD_COND_MAX,PER_ANY_COND_MASCULINO,PER_ANY_LIC_PROBLEMA,PER_ANY_DOSAJE_POS,PER_ANY_DOSAJE_EVALUADO,VEH_TOTAL,VEH_N_FUGADOS,VEH_ANY_FUGADO,VEH_ANY_CARGA,VEH_ANY_PUBLICO,VEH_ANY_PARTICULAR,VEH_ANY_MOTO,VEH_ANY_AUTO,VEH_ANY_CAMION_BUS,VEH_ANY_SOAT_PROBLEMA,VEH_ANY_CITV_PROBLEMA,VEH_ANY_SEGURO_PROBLEMA,HORA_NUM,FRANJA_HORARIA,ANIO,MES,DIA_MES,DIA_SEMANA,ES_FIN_SEMANA,ES_QUINCENA,REGION_NATURAL,TIENE_SEÑALIZACION,ES_VIA_MULTICARRIL,ES_DEPTO_BAJO_PAVIMENTO,CATEGORIA_SEVERIDAD,CATEGORIA_SEVERIDAD_ENC
3,3,10,1,4,1,-11.114638843307404,-76.1044407180909,0,4,3,1,2,0,1,0,6593.478843290875,2.0,2,1,1.0,11,31,1414.4298537189975,0.5161626835122287,77.97271626650766,59.728211524150524,6.9046896472242025,890.4931553986245,36849.24913415325,9668.169159743396,1633.7195127762852,1213.1462505187521,6821.303396448359,2562.496244971519,7105.672914771878,26.390075217437364,6,3,0,0,3,39.9594301558977,23.7666215449401,54.85780184269861,1.0,0.48222523033732656,0.0,0.48222523033732656,3,0,0.0,0.5177747696626734,0.48222523033732656,0.5177747696626734,0.48222523033732656,0.5177747696626734,0.5177747696626734,0.48222523033732656,0.48222523033732656,0.48222523033732656,21,2,2022,5,22,4,0,1,0,1,0,1,GRAVE_LESIONADOS,1
4,1,13,2,3,2,-9.662184028782297,-78.27855869652537,3,3,4,1,2,2,2,0,6593.724604037374,2.0,2,1,1.0,11,31,1415.4952757479991,0.6328293179287219,79.54770267025673,72.0636876457687,9.723299552053446,1155.9549075103341,96385.73209240897,5627.682868008804,1122.9774257480697,1162.8868910952674,3341.8185511654674,1281.705116984249,4345.977751024555,22.13424125997042,5,1,0,0,4,39.2845307666794,38.80485439287079,39.76420714048801,1.0,0.0,0.0,0.4796763738086143,1,0,0.0,0.4796763738086143,0.0,0.4796763738086143,0.4796763738086143,0.0,1.0,0.0,1.0,0.4796763738086143,9,1,2021,10,27,3,0,1,0,1,0,1,GRAVE_LESIONADOS,1
5,1,14,2,2,4,-11.868569758009643,-77.0895849342559,0,2,7,0,1,2,2,0,6543.555,2.0,4,4,1.0,14,33,1198.0,0.6656196043029509,79.18541289249531,73.34097368366044,9.671969986377544,1297.8475591379258,383211.24048743397,7626.313,1683.4029999999998,1599.0829999999996,4343.827000000001,1814.875,5811.438000000001,23.797541485643197,5,1,0,1,2,30.97524453528396,30.97524453528396,30.97524453528396,1.0,0.9752445352839586,0.0,0.0,1,0,0.0,0.0,0.024755464716041398,1.0,1.0,0.024755464716041398,0.0,0.9752445352839586,1.0,0.9752445352839586,10,1,2024,7,1,2,0,0,0,1,0,1,GRAVE_LESIONADOS,1
6,1,4,0,4,1,-13.282170061482583,-74.22984485950583,0,4,0,0,6,1,0,5,7586.903,2.0,2,0,1.0,9,5,1198.0,0.3348782388547557,68.81291385803543,47.49117510689463,5.293997471215546,411.98426478047566,7066.779133784728,12664.555528611549,1805.806170205316,1751.151712884426,9107.597645521808,2454.676599122741,10209.878929488807,19.375066123406853,4,1,0,0,3,23.102688668347138,23.102688668347138,23.102688668347138,1.0,0.0,0.0,0.0,1,0,0.0,0.0,0.0,1.0,0.0,1.0,0.0,0.0,0.0,0.0,16,2,2022,5,1,5,1,0,2,1,0,1,GRAVE_LESIONADOS,1
3,1,14,2,2,4,-12.211484402644608,-76.93695204194576,0,2,2,0,3,2,2,1,6543.555,2.0,4,4,1.0,14,33,1198.0,0.6970598706725397,80.08875568942533,74.27976487416178,9.950764165554252,1427.6261739636616,457761.67142925685,7626.313,1683.4029999999998,1599.0829999999996,4343.827000000001,1814.875,5811.438000000001,23.797541485643197,10,1,0,0,8,33.65957377835918,25.812264236217526,41.50688332050084,1.0,0.7847309542141657,0.0,0.0,1,0,0.0,0.7847309542141657,1.0,0.0,0.21526904578583428,0.0,0.7847309542141657,1.0,0.21526904578583428,0.7847309542141657,9,0,2023,5,27,4,0,1,0,1,0,1,GRAVE_LESIONADOS,1
4,1,13,0,4,1,-5.916191197476609,-79.77932657379895,0,4,7,1,2,1,1,0,1305.18,2.0,2,0,1.0,1,20,163.0,0.4703091457296942,74.91176543888524,59.04522375211969,6.365443427676777,742.49897987499,44335.321199143465,3459.691,515.0619999999999,689.7280000000001,2254.901,703.3549999999999,2756.336,20.329994788551925,5,2,0,0,3,32.477967577145776,31.722385842367046,33.233549311924506,1.0,0.0,0.0,0.18889543369468187,2,0,0.8111045663053181,0.0,0.0,0.18889543369468187,1.0,0.0,0.18889543369468187,0.8111045663053181,0.18889543369468187,0.8111045663053181,13,2,2021,8,25,0,0,1,0,1,0,1,GRAVE_LESIONADOS,1
5,1,14,0,4,1,-11.301710829380196,-77.47382281465474,0,4,5,0,2,2,2,2,6543.555,2.802757333832983,2,0,1.0,2,30,1420.3637814717363,0.7327345537337897,78.20903814342847,76.31492653513806,13.642917835589472,1405.6698219039215,62016.21841541756,7626.313,1683.4029999999998,1599.0829999999996,4343.827000000001,1814.875,5811.438000000001,23.797541485643197,7,1,0,0,6,38.07104799475368,36.197242666167014,39.94485332334034,0.1972426661670168,0.0,0.0,1.0,1,0,0.0,0.0,0.1972426661670168,0.8027573338329832,0.0,0.8027573338329832,0.1972426661670168,0.0,0.0,0.0,8,1,2023,9,18,3,0,0,0,1,0,1,GRAVE_LESIONADOS,1
3,1,14,0,4,1,-11.177096365125154,-77.57021850582404,0,4,7,0,2,2,2,2,6543.555,3.0,2,0,1.0,0,30,1475.0,0.7327345537337897,78.20903814342847,76.31492653513806,13.642917835589472,1405.6698219039215,62016.21841541756,7626.313,1683.4029999999998,1599.0829999999996,4343.827000000001,1814.875,5811.438000000001,23.797541485643197,4,1,0,0,2,40.32554387163827,29.708299823071613,50.94278792020492,0.7864625221160486,0.0,0.0,1.0,1,0,0.0,0.0,0.0,1.0,0.0,1.0,0.7864625221160486,0.0,0.0,0.0,19,1,2023,6,17,0,0,1,0,1,1,1,GRAVE_LESIONADOS,1
3,1,7,0,4,1,-11.877334752271876,-74.69157655341974,0,4,2,0,2,1,1,2,562.4380509146772,2.0,2,2,0.3239069658354232,8,14,171.58623516533385,0.418479829303959,76.01204421203028,55.31479313288394,5.946554629344477,637.8595980367996,20025.714042127285,8893.542058807905,1385.8725429796061,1102.2027834124667,6405.466732415831,1651.5515151423374,7241.990543665566,17.78690474872291,5,1,0,0,3,45.31107012743104,44.63497709326646,45.98716316159561,1.0,0.3239069658354232,0.0,1.0,1,0,0.0,0.6760930341645768,0.0,0.3239069658354232,0.0,1.0,0.6760930341645768,0.0,0.6760930341645768,0.0,17,3,2021,1,4,1,0,0,1,1,0,1,GRAVE_LESIONADOS,1
6,1,5,0,4,1,-9.114847693036074,-76.19129992195496,0,4,2,0,1,2,2,2,1102.9588353651084,1.0,1,3,0.0,9,32,262.71041966044345,0.32569643313476754,73.85660663920038,44.656172874946286,4.961464040021524,375.4302708008684,22085.576670572602,16682.21288237114,1881.1210292850992,1716.303672451697,13084.788180634341,2355.979095171596,14326.233787199542,14.02576827743929,6,1,0,0,5,55.089975831073936,55.089975831073936,55.089975831073936,1.0,0.0,0.0,0.5949989014124516,1,0,0.0,0.0,0.4050010985875484,0.5949989014124516,0.0,0.0,1.0,0.0,0.4050010985875484,0.0,13,1,2023,9,5,2,0,0,2,1,0,1,GRAVE_LESIONADOS,1
5,1,5,1,4,2,-7.218719817086426,-78.10597396306031,0,4,7,0,1,2,2,0,6543.555,2.0,4,4,1.0,14,33,1198.0,0.28177093457768165,76.4268120152797,46.31240901432851,3.702846410071114,297.22191322310323,20549.973426319073,16061.767688430953,1758.8049114327086,1067.6354318662727,13235.327345131971,2060.308387332825,14001.45930109813,12.800765134550145,6,1,0,0,4,37.90872587614203,37.178532885278244,38.479189150254356,1.0,0.0684555928934798,0.0,0.0,1,0,0.0,0.9315444071065202,0.0,0.0684555928934798,0.0684555928934798,0.0,0.9315444071065202,0.0,0.0,0.0,13,2,2021,7,12,2,0,0,2,1,0,1,GRAVE_LESIONADOS,1
6,1,7,0,4,1,-14.583705839858974,-71.72805104551877,3,4,6,0,2,2,2,2,1654.0772863640452,0.8219805302079823,0,2,0.0,9,32,449.678590092108,0.4670263153502933,65.5237709552973,70.61273193256336,7.074467358088314,760.9316629253258,9065.880085653103,17779.13499998999,2097.3709999899997,2863.123,12818.640999999989,2878.713,14900.421999989989,16.19152450331032,4,1,0,0,3,22.0,22.0,22.0,0.9109902651039912,0.0,0.0,0.0,1,0,0.0,0.0,0.0,1.0,0.0,0.08900973489600883,0.9109902651039912,0.0,0.0,0.0,1,0,2023,2,15,2,0,0,2,1,0,1,GRAVE_LESIONADOS,1
6,1,6,0,4,1,-9.038667243173574,-77.67861445571526,0,4,3,0,4,2,2,0,9936.932,2.0,2,0,1.0,9,32,3830.0,0.3310129334569094,75.18827076070676,53.44932927639809,6.147806506764942,362.9253246169591,3089.2860825253542,9828.578998089119,1603.9934715674854,1587.5728016150608,6637.012724906574,1649.671518575049,8178.9074795140705,16.51118678148623,16,1,0,0,15,41.788141020237326,41.788141020237326,41.788141020237326,1.0,0.0,0.0,0.48847435919050697,1,0,0.0,0.0,0.48847435919050697,0.511525640809493,0.0,0.0,1.0,0.0,0.511525640809493,0.0,8,0,2022,6,15,2,0,0,0,1,0,1,GRAVE_LESIONADOS,1
4,1,8,0,4,1,-12.402370623871867,-75.01154360791836,0,4,0,1,2,1,1,0,7586.903,2.0,2,0,1.0,9,5,1198.0,0.3154517420417249,72.86412362391421,48.56171091574111,4.682720836219971,345.0686896990608,3512.5689192011246,8511.426,1445.3929999999996,2008.516,5057.516999999999,1879.579,6631.846999999998,22.08300935706896,4,1,0,0,3,36.08147846955688,35.75556459132936,36.32591387822752,1.0,0.0,0.0,0.0,1,0,0.0,0.0,0.0,1.0,0.0,0.08147846955687876,0.9185215304431212,0.0,0.0,0.0,18,1,2022,7,27,4,0,1,2,1,0,1,GRAVE_LESIONADOS,1
3,1,12,0,4,1,-7.981751097892505,-78.24346773657936,0,4,7,1,2,2,2,0,9936.932,2.0,2,0,1.0,9,32,3830.0,0.4320883936567258,76.718936301794,43.003289188979466,6.269065613037991,662.0777072841523,13167.552462526766,8931.828000000005,1335.5899999999997,1935.9830000000004,5660.255000000005,1219.309,7712.519000000005,13.651281686122925,10,1,0,0,8,36.79446558352668,33.63006777184842,39.95886339520495,1.0,0.0,0.0,0.0,1,0,0.0,0.9041136604795051,0.09588633952049486,0.0,0.0,0.0,1.0,0.0,0.0,0.0,10,1,2023,7,19,4,0,1,0,1,0,1,GRAVE_LESIONADOS,1
3,1,3,0,4,1,-16.7496659247291,-71.96138440756971,0,4,7,1,2,0,1,0,289.55,2.0,2,0,1.0,7,25,10.0,0.6456305778571253,75.67334095395331,77.09261911098552,10.479683603540597,1179.2653123056473,21630.747323340474,10322.272,1495.236,1749.739,7077.2970000000005,2886.595,7435.677000000001,27.964725207783708,5,1,0,0,3,55.89536067678609,49.147594384112026,62.64312696946016,1.0,0.15652921341574122,0.0,0.15652921341574122,1,0,0.0,0.0,0.0,1.0,0.0,1.0,0.8434707865842588,0.0,0.0,0.0,19,2,2023,2,26,5,0,0,0,1,0,1,GRAVE_LESIONADOS,1
6,1,10,1,4,1,-14.210894501118089,-75.70219472584672,0,4,7,1,2,2,2,3,6639.975,2.0,2,0,1.0,9,31,1616.0,0.6184826500531055,79.89969442482177,73.28760532185845,9.265311742079055,1062.4469434301652,30140.842553272418,3721.461,698.1859999999996,744.866,2278.409,1102.9029999999996,2618.558,29.636290693359403,5,1,0,0,4,21.633362299903542,21.633362299903542,21.633362299903542,1.0,0.6333622999035435,0.0,0.6333622999035435,1,0,0.0,0.0,0.0,0.6333622999035435,0.0,0.36663770009645646,0.6333622999035435,1.0,0.6333622999035435,0.36663770009645646,17,2,2021,4,20,2,0,1,0,1,0,1,GRAVE_LESIONADOS,1
4,1,4,0,4,1,-13.836484292942556,-74.34230843385801,0,4,3,0,2,1,1,2,1612.8703044321792,2.0,2,1,1.0,8,24,286.8149836034555,0.30370547653343904,69.81398873794153,51.41481348670349,5.199053537890897,367.1753721487286,15029.699337060121,12678.733000000004,1805.074000000001,1774.0339999999994,9099.625000000004,2485.375000000001,10193.358000000002,19.602707936195205,5,1,0,0,4,28.21550310077049,21.714728400280176,34.7162778012608,1.0,0.0,0.0,1.0,1,0,0.0,1.0,0.0,0.0,0.0,1.0,0.6191214000466962,0.0,0.6191214000466962,0.0,7,1,2024,5,16,3,0,0,2,1,0,1,GRAVE_LESIONADOS,1
3,2,14,0,4,1,-6.573057391209254,-79.44464169978865,0,3,6,1,2,2,2,0,6543.555,2.840605115228598,2,0,1.0,2,30,1430.8476169183216,0.5500311656553583,74.33949353556875,65.87915380772553,9.258159383986689,885.371678156191,80703.86731520368,3808.039753949237,562.8826969598074,733.6524483964554,2511.5046085929744,752.7755434182579,3055.2642105309787,19.950929694183827,12,2,0,0,10,46.13845601447223,32.13089207411476,60.146019954829704,1.0,1.0,0.0,0.8406051152285978,2,0,0.0,0.0,0.8406051152285978,0.15939488477140218,0.15939488477140218,0.0,0.8406051152285978,0.15939488477140218,1.0,0.15939488477140218,3,0,2022,9,24,2,0,1,0,1,0,1,GRAVE_LESIONADOS,1
6,1,4,0,4,1,-13.350691027103066,-74.17148757909699,0,4,0,0,7,1,0,5,7553.538997159578,2.0,2,0,1.0,9,5,1198.0,0.32717918631714027,68.79891716733049,47.033944687138685,5.155307647727439,389.80072853571215,6979.521403162437,12678.733000000004,1805.074000000001,1774.0339999999994,9099.625000000004,2485.375000000001,10193.358000000002,19.602707936195205,4,1,0,0,3,23.44768959135966,23.44768959135966,23.44768959135966,0.9680221720457387,0.0,0.0,0.031977827954261295,1,0,0.0,0.0,0.0,1.0,0.0,0.9680221720457387,0.031977827954261295,0.0,0.0,0.0,16,3,2022,5,1,5,1,0,2,1,0,1,GRAVE_LESIONADOS,1
3,1,19,0,4,2,-5.345511241455339,-80.6334307030451,0,4,6,1,1,2,2,2,6543.555,2.0,4,4,1.0,14,33,1198.0,0.3975080472890461,76.76754067077795,49.7708294055851,5.174932092926815,565.9345374221178,38799.15368033903,8965.846000060003,1782.4120000599992,636.9959999999999,6546.438000000004,2214.505000059999,6751.341000000004,24.699342371541725,4,1,0,0,2,38.9066360759936,19.239525508348905,58.5737466436383,1.0,0.9147493287276603,0.0,1.0,1,0,0.0,0.0,1.0,0.0,0.9147493287276603,0.0,0.08525067127233965,0.9147493287276603,1.0,0.9147493287276603,21,2,2022,1,20,6,1,0,0,1,0,1,GRAVE_LESIONADOS,1
5,1,5,0,6,3,-13.36172345050947,-74.52224832950824,5,4,2,0,6,1,1,5,6717.742135395256,2.0,3,3,1.0,13,28,1198.0,0.2948322865765366,79.188791739713,37.91558458832577,4.346322703231924,332.5465192673129,2314.034296307068,12609.584239246075,1808.645064329548,1662.428640066352,9138.510534850175,2335.647568384906,10273.936670861167,18.49241479443574,5,1,0,0,4,30.752976879861926,30.502551611310224,31.00340214841363,1.0,0.0,0.0,1.0,1,0,0.0,0.8330498209655308,0.0,0.16695017903446918,0.0,0.16695017903446918,0.8330498209655308,0.0,0.0,0.0,12,1,2021,4,26,0,0,1,2,1,0,1,GRAVE_LESIONADOS,1
3,1,5,0,4,1,-7.244251962344136,-79.14004789202602,6,4,6,0,1,0,0,2,793.6231937814205,2.0,2,0,1.0,8,18,138.03823542346203,0.5313631980201773,73.23398594456852,64.2152228184912,7.39765190812774,969.5834867663489,7510.885713195582,15935.565011852366,1733.9250000199986,935.692,13265.948011832368,2000.1670000199988,13935.398011832369,12.551591352627522,6,1,0,0,4,32.12115546126098,23.33271007387084,40.90960084865113,1.0,0.0,0.8788445387390146,1.0,1,0,0.0,0.0,0.12115546126098542,0.8788445387390146,0.0,0.8788445387390146,0.12115546126098542,0.0,0.0,0.0,10,1,2021,8,27,3,0,0,2,0,0,1,GRAVE_LESIONADOS,1
3,1,14,0,3,1,-11.804739626891635,-76.99127232402601,0,3,6,1,2,1,0,1,1550.9462422930708,2.0,2,3,0.0854084828082653,9,23,1039.77566752583,0.6591441354363328,78.99226750488467,74.548944872948,9.398978467333098,1279.1130195333003,357463.4805897162,7626.313,1683.4029999999998,1599.0829999999996,4343.827000000001,1814.875,5811.438000000001,23.797541485643197,8,2,0,0,6,30.225972103870255,20.366535724932245,40.08540848280826,1.0,1.0,0.0,0.0,2,0,0.0,0.0,0.9145915171917347,0.0854084828082653,0.9145915171917347,0.0,1.0,1.0,1.0,1.0,7,1,2023,3,25,0,0,0,0,1,0,1,GRAVE_LESIONADOS,1
3,2,3,1,2,3,-16.472563220152857,-71.51252234218796,0,3,0,0,2,1,1,0,6543.555,2.0,4,4,1.0,14,33,1198.0,0.621378890850384,78.03581428765384,77.88590343433549,10.169887688431375,1023.076777481896,12802.721272156223,10322.272,1495.236,1749.739,7077.2970000000005,2886.595,7435.677000000001,27.964725207783708,6,2,0,0,4,27.273609160091578,24.637774656146526,29.90944366403663,1.0,0.0,0.0,0.09055633596336887,2,0,0.0,0.09055633596336887,0.9094436640366311,1.0,0.0,1.0,1.0,0.0,0.0,0.0,13,2,2021,10,27,5,0,1,0,1,0,1,GRAVE_LESIONADOS,1
3,1,13,0,4,1,-11.433043758167297,-77.29817234557667,0,4,7,1,2,2,2,2,6621.305792259522,2.1936238097954606,2,0,1.0,7,30,1588.69904281884,0.6728010329680616,76.20141124659412,66.57556264203217,10.089962319505265,1458.7084138229732,8516.616478227646,7879.091788045122,1616.0581218436112,1664.3148615200905,4598.718804681421,1699.5592420953567,6179.532545949766,21.832984008085553,21,1,0,0,19,41.22784286447744,31.551328582022972,50.904357146931915,1.0,0.0,0.0,0.0,1,0,0.0,0.8063761902045392,0.8063761902045392,0.1936238097954608,0.0,0.1936238097954608,0.8063761902045392,0.0,0.1936238097954608,0.0,10,1,2023,7,13,3,0,0,0,1,0,1,GRAVE_LESIONADOS,1
4,1,12,0,4,1,-7.7729732395460545,-78.54153233567581,0,4,4,1,1,2,2,1,1139.952869478553,1.5837150714556452,1,1,0.0,9,32,244.97251485519354,0.39609483256051614,78.19418692298333,52.620659506230425,5.832839812322249,627.8792459312556,16802.176365380412,8931.828000000005,1335.5899999999997,1935.9830000000004,5660.255000000005,1219.309,7712.519000000005,13.651281686122925,7,1,0,0,5,49.45470682117137,49.16284928544355,49.74656435689919,1.0,0.4162849285443547,0.0,0.0,1,0,0.0,1.0,0.0,0.0,0.0,0.0,1.0,0.0,0.4162849285443547,0.0,4,0,2021,3,7,1,0,0,0,1,0,1,GRAVE_LESIONADOS,1
6,1,3,0,4,0,-16.4079787560239,-71.66918108589849,5,4,0,0,2,1,0,0,6596.696751323834,2.0,2,1,1.0,11,31,1428.3801291574628,0.6090353579467758,77.96933041045206,71.90431449927071,8.666829885151971,1109.3523159652,7902.476858973901,10322.272,1495.236,1749.739,7077.2970000000005,2886.595,7435.677000000001,27.964725207783708,5,1,0,0,3,43.02297268695994,38.06263497782797,47.98331039609191,1.0,0.0,0.0,0.551148634347997,1,0,0.0,0.0,0.0,1.0,0.0,1.0,0.551148634347997,0.0,0.0,0.0,8,1,2023,10,17,4,0,0,0,1,0,1,GRAVE_LESIONADOS,1
3,2,12,1,2,2,-8.675682208536374,-78.4975725777176,0,3,4,1,2,2,2,0,6543.555,2.4009889557864326,3,2,1.0,8,31,1309.0739407528417,0.5614901950606314,76.94090540396064,68.00119219002238,8.560947993572942,933.83820201639,26344.103855589172,435.53893999984587,82.29455119634213,119.40527330291093,233.8391155005928,140.91622548359555,294.62271451625037,68.87745050256834,5,2,1,0,2,31.60890060207789,31.60890060207789,31.60890060207789,1.0,0.40098895578643245,0.0,0.0,2,0,0.0,0.0,1.0,1.0,0.40098895578643245,1.0,0.5990110442135675,0.0,1.0,0.40098895578643245,3,0,2022,3,20,5,1,1,1,1,0,0,GRAVE_LESIONADOS,1
6,1,7,0,4,2,-13.836063769523642,-71.5825610145422,6,4,6,0,7,2,2,2,6543.555,2.0,4,4,1.0,14,33,1198.0,0.28327387066289345,62.61351105159724,59.445144510933595,5.233794652638849,271.9318979212674,4131.320203970457,17779.13499998999,2097.3709999899997,2863.123,12818.640999999989,2878.713,14900.421999989989,16.19152450331032,30,1,0,0,29,37.21950084370622,37.21950084370622,37.21950084370622,1.0,0.0,0.0,0.07173534374742496,1,0,0.0,0.07173534374742496,0.0,0.0,0.0,0.0,1.0,0.0,0.0,0.0,15,3,2022,10,15,5,0,1,2,1,0,1,GRAVE_LESIONADOS,1
3,1,15,0,3,3,-7.587982559479531,-78.4019413490972,0,3,0,1,5,1,1,0,6543.555,2.0,4,4,1.0,14,33,1198.0,0.49766739907256924,74.72593401033878,63.08629980037893,7.089975805241129,800.2329672407402,75629.34108956101,9273.427284412508,1717.2923673357832,889.3200642021022,6666.814852874623,2366.9071992151066,6906.520085197402,25.439796068771333,5,2,0,0,3,34.31972414779845,24.453517234801033,44.18593106079587,1.0,1.0,0.0,1.0,2,0,0.0,0.22675861740051595,0.22675861740051595,0.0,1.0,0.0,0.22675861740051595,0.773241382599484,1.0,0.0,14,2,2021,3,11,5,1,0,0,1,0,1,GRAVE_LESIONADOS,1
5,1,5,1,4,2,-7.219033156710614,-78.1056425039178,0,4,7,0,1,2,2,0,6543.555,2.0,4,4,1.0,14,33,1198.0,0.2817732922458256,76.4266515052155,46.313581314031026,3.7029685427145633,297.220339670021,20549.790062484666,16061.867278427555,1758.8245448538073,1067.7395520504674,13235.30318152328,2060.355846552554,14001.511431875002,12.800961764421775,6,1,0,0,4,37.90865384922523,37.17788464302711,38.47956729156752,1.0,0.06850961308107395,0.0,0.0,1,0,0.0,0.931490386918926,0.0,0.06850961308107395,0.06850961308107395,0.0,0.931490386918926,0.0,0.0,0.0,13,2,2021,7,12,2,0,0,2,1,0,1,GRAVE_LESIONADOS,1
6,1,2,0,4,1,-15.778233449760645,-72.47667717921729,0,4,6,0,2,2,2,0,6631.143902542836,2.0,2,0,1.0,9,31,1577.7154248382622,0.6128223829679968,78.17020923244559,75.62916042880414,8.182973772709792,1165.6189022432843,2645.5629418815283,10363.063940065154,1530.9402131138154,1701.469477912467,7130.654249038872,2814.582263660127,7548.4816764050265,27.189996220673276,27,1,0,0,26,28.45794946365715,28.45794946365715,28.45794946365715,1.0,0.0,0.0,0.9084101072685695,1,0,0.0,0.09158989273143048,0.9084101072685695,0.0,0.0,0.0,1.0,0.0,0.0,0.0,3,0,2023,10,6,5,1,0,0,1,0,1,GRAVE_LESIONADOS,1
3,1,5,0,4,1,-6.8398955220801625,-79.15257475161935,0,4,0,0,1,1,1,2,833.6358448330785,1.7812906474056922,1,0,0.7812906474056922,8,20,144.72066042806753,0.505248674519335,73.4086213081742,60.706773956850554,7.203647472866963,892.3455459220642,7307.452337777684,15935.565011852366,1733.9250000199986,935.692,13265.948011832368,2000.1670000199988,13935.398011832369,12.551591352627522,6,1,0,0,4,34.04677338148577,29.749674820754464,38.34387194221708,1.0,0.0,0.0,0.2187093525943078,1,0,0.0,0.7812906474056922,0.0,1.0,0.0,0.7812906474056922,1.0,0.0,0.0,0.0,12,1,2021,4,20,5,1,1,2,1,0,1,GRAVE_LESIONADOS,1
3,2,10,0,4,1,-13.337021796912065,-76.23352518221544,0,4,7,1,2,2,2,0,6639.975,2.0,2,0,1.0,9,31,1616.0,0.5736744275518083,81.67473861808857,68.1608574885675,9.138785887908334,865.1176766860625,26660.92933618844,3721.461,698.1859999999996,744.866,2278.409,1102.9029999999996,2618.558,29.636290693359403,14,1,0,0,12,51.82538878943606,49.86419128067249,53.78658629819963,1.0,0.0,0.0,0.0,1,0,0.0,0.9805987543817846,0.0,0.019401245618215435,0.0,0.0,1.0,0.0,0.019401245618215435,0.0,22,1,2022,5,1,0,0,0,0,1,0,1,GRAVE_LESIONADOS,1
3,1,7,1,4,1,-13.836187638961414,-71.59650644585986,0,1,4,0,1,0,1,2,7245.721142103129,2.0,2,1,1.0,10,14,1198.0,0.4615124821931324,68.61286212750076,72.28286690500701,7.577081169216523,689.9021285260573,9083.002077214225,17779.13499998999,2097.3709999899997,2863.123,12818.640999999989,2878.713,14900.421999989989,16.19152450331032,16,1,0,0,15,39.07078089258824,36.71530458232459,41.42625720285188,1.0,0.6729932315038979,0.0,1.0,1,0,0.0,0.0,0.6729932315038979,1.0,0.0,0.6729932315038979,1.0,0.3270067684961021,0.0,0.0,8,0,2022,4,22,5,0,0,2,1,0,1,GRAVE_LESIONADOS,1
3,1,7,0,4,1,-13.503104865532631,-72.17837873638163,0,0,2,1,2,1,1,2,7586.903,2.0,2,0,1.0,9,5,1198.0,0.40208054041953667,68.76002547673878,59.455593631876795,6.485627901553636,561.8869284633296,8675.172297103905,17779.13499998999,2097.3709999899997,2863.123,12818.640999999989,2878.713,14900.421999989989,16.19152450331032,11,2,0,0,9,26.755917470685816,23.883876206028724,29.627958735342908,1.0,0.3720412646570922,0.0,0.3720412646570922,2,0,0.0,0.0,0.3720412646570922,1.0,0.0,1.0,0.3720412646570922,0.0,0.6279587353429078,0.0,9,1,2023,6,11,4,0,0,2,1,0,1,GRAVE_LESIONADOS,1