CLASE SINIESTRO,CANTIDAD DE VEHICULOS DAÑADOS,DEPARTAMENTO,ZONA,TIPO DE VÍA,RED VIAL,COORDENADAS LATITUD,COORDENADAS  LONGITUD,CONDICIÓN CLIMÁTICA,ZONIFICACIÓN,CARACTERÍSTICAS DE VÍA,PERFIL LONGITUDINAL VÍA,SUPERFICIE DE CALZADA,¿EXISTE SEÑAL VERTICAL?,¿EXISTE SEÑAL HORIZONTAL?,CAUSA FACTOR PRINCIPAL,MTC_RVN_LONGITUD_KM,MTC_RVN_N_CARRILES_MEDIANA,MTC_RVN_SUPERFICIE_DOMINANTE,MTC_RVN_ESTADO_DOMINANTE,MTC_RVN_ES_CONCESIONADA,MTC_RVN_CONCESION_PRINCIPAL,MTC_RVN_CORREDOR_LOGISTICO,MTC_RVN_N_TRAMOS,IDH_2019,IDH_ESP_VIDA_2019,IDH_EDUC_SECUND_PCT_2019,IDH_ANIOS_EDUC_2019,IDH_INGRESO_PERCAP_2019,IDH_POBLACION_2019,MTC_DEP_RED_TOTAL_KM,MTC_DEP_NACIONAL_TOTAL_KM,MTC_DEP_DEPARTAMENTAL_TOTAL_KM,MTC_DEP_VECINAL_TOTAL_KM,MTC_DEP_PAV_TOTAL_KM,MTC_DEP_NO_PAV_TOTAL_KM,MTC_DEP_PCT_PAVIMENTADA,PER_TOTAL_PERSONAS,PER_N_CONDUCTORES,PER_N_CONDUCTORES_FUGADOS,PER_N_PEATONES,PER_N_PASAJEROS_OCUPANTES,PER_EDAD_COND_PROM,PER_EDAD_COND_MIN,PER_EDAD_COND_MAX,PER_ANY_COND_MASCULINO,PER_ANY_LIC_PROBLEMA,PER_ANY_DOSAJE_POS,PER_ANY_DOSAJE_EVALUADO,VEH_TOTAL,VEH_N_FUGADOS,VEH_ANY_FUGADO,VEH_ANY_CARGA,VEH_ANY_PUBLICO,VEH_ANY_PARTICULAR,VEH_ANY_MOTO,VEH_ANY_AUTO,VEH_ANY_CAMION_BUS,VEH_ANY_SOAT_PROBLEMA,VEH_ANY_CITV_PROBLEMA,VEH_ANY_SEGURO_PROBLEMA,HORA_NUM,FRANJA_HORARIA,ANIO,MES,DIA_MES,DIA_SEMANA,ES_FIN_SEMANA,ES_QUINCENA,REGION_NATURAL,TIENE_SEÑALIZACION,ES_VIA_MULTICARRIL,ES_DEPTO_BAJO_PAVIMENTO,CATEGORIA_SEVERIDAD,CATEGORIA_SEVERIDAD_ENC
3,2,21,0,4,1,-14.407481632132754,-73.02055485961752,0,4,0,0,3,1,1,1,6613.441159780802,2.0,2,1,1.0,10,31,1500.970491478687,0.6329781687737855,75.98984239563357,71.53520618673777,10.262563306959132,1187.4669501964568,74655.19058195935,4388.473589484037,947.6202993342822,528.5390873387241,2912.3142028110306,1384.0157702371948,3004.457819246842,36.02111191735471,5,2,0,0,3,34.27519021177348,24.724809788226523,43.825570635320425,1.0,1.0,0.0,1.0,2,0,0.0,0.0,0.0,0.7248097882265243,0.2751902117734757,0.7248097882265243,0.7248097882265243,0.2751902117734757,0.2751902117734757,0.0,8,1,2021,3,15,2,0,0,0,1,0,1,GRAVE_LESIONADOS,1
3,1,3,0,4,0,-16.521118162039553,-71.75853611671312,0,4,7,1,2,1,1,0,1960.029397353659,2.0,2,0,1.0,7,25,327.52553283353507,0.6105481451420971,78.10653088113892,68.35418098658066,8.411557426919764,1158.5430895193692,35025.678800856535,10322.272,1495.236,1749.739,7077.2970000000005,2886.595,7435.677000000001,27.964725207783708,8,2,0,0,5,29.122368955125477,22.271239914838667,35.36710686537644,1.0,0.0,0.09041330494622268,1.0,2,0,0.0,1.0,0.9095866950537773,0.09041330494622268,0.0,0.09041330494622268,0.9095866950537773,0.0,0.0,0.0,17,1,2024,7,4,2,0,0,0,1,0,1,GRAVE_LESIONADOS,1
6,1,4,0,4,1,-13.496991278044172,-74.17816890292002,0,4,0,0,2,2,2,3,1681.5608334525316,1.366110538167558,1,1,0.3661105381675581,9,29,308.66110538167555,0.22722284185768524,73.05865246140077,44.31936379427832,4.176004910498362,170.64552302624722,3045.003497884228,12678.733000000004,1805.074000000001,1774.0339999999994,9099.625000000004,2485.375000000001,10193.358000000002,19.602707936195205,10,1,0,0,9,31.633889461832442,31.633889461832442,31.633889461832442,1.0,0.0,0.0,1.0,1,0,0.3661105381675581,0.0,0.0,0.3661105381675581,0.6338894618324419,0.0,0.3661105381675581,0.6338894618324419,0.6338894618324419,1.0,15,2,2022,7,13,3,0,0,2,1,0,1,GRAVE_LESIONADOS,1
3,1,11,0,4,0,-11.046063200980267,-74.90759570014025,0,0,7,1,1,2,2,1,1436.3319128550147,1.0719067173164456,1,2,0.0719067173164456,9,32,217.00540020348302,0.5049492787303757,72.0905203775504,58.762412206364225,8.185830668813889,824.8882158018877,43037.18654024038,12024.900260785287,1791.1668620440066,1165.253501955138,9068.479896786142,1561.9860984854004,10462.914162299887,13.002526199557957,6,1,0,0,4,43.39883396645557,30.869574650227584,55.928093282683555,1.0,0.0,0.0,0.0,1,0,0.0,0.9280932826835544,0.0719067173164456,0.9280932826835544,0.0,0.9280932826835544,1.0,0.0,0.0,0.0,8,1,2022,10,28,2,0,1,1,1,0,1,GRAVE_LESIONADOS,1
6,1,2,0,4,2,-13.486057914076035,-73.38073015470596,0,4,0,0,6,1,1,2,6543.555,2.0,4,4,1.0,14,33,1198.0,0.2568846628817664,75.26469908685539,57.91357076672863,4.282514072148648,191.90772070855462,2688.738433294332,8372.843552954053,1297.2778113439329,1362.7411585849286,5712.824583025191,1473.3480383716796,6899.495514582372,17.58930089845714,4,1,0,0,3,34.09005588835703,34.09005588835703,34.09005588835703,1.0,0.909005588835703,0.0,0.0,1,0,0.0,0.0,0.0,1.0,0.0,1.0,0.0,0.909005588835703,0.909005588835703,0.909005588835703,22,2,2021,11,21,4,0,0,2,1,0,1,GRAVE_LESIONADOS,1
3,1,3,0,4,1,-17.03710313749111,-71.62442248104682,0,4,0,0,2,1,0,0,6639.975,2.0,2,0,1.0,9,31,1616.0,0.6449493635682252,78.44719582624413,79.23084709401536,8.759364777311836,1226.330683483547,8054.678800856533,10322.272,1495.236,1749.739,7077.2970000000005,2886.595,7435.677000000001,27.964725207783708,47,2,0,0,45,53.915533316352445,42.042233341823774,65.78883329088112,1.0,0.0,0.0,1.0,2,0,0.0,0.9577666581762225,0.9577666581762225,0.04223334182377747,0.0,0.04223334182377747,1.0,0.0,0.0,0.0,2,0,2025,4,26,5,1,1,0,1,0,1,GRAVE_LESIONADOS,1
5,1,12,0,4,1,-7.985724186550813,-78.37042394979426,0,4,7,1,2,2,2,5,9673.224466815142,2.0777124183917257,2,0,1.0,8,31,3646.9872546874863,0.44297344504976116,76.79292524905048,44.807029195425656,6.43969968449008,686.6637515148215,13353.714474473249,8931.828000000005,1335.5899999999997,1935.9830000000004,5660.255000000005,1219.309,7712.519000000005,13.651281686122925,20,1,0,0,19,49.11656862758759,49.0,49.23313725517518,1.0,0.0,0.0,0.0,1,0,0.0,0.07771241839172549,1.0,0.0,0.0,0.0,1.0,0.0,0.0,0.0,8,1,2023,5,26,2,0,0,0,1,0,1,GRAVE_LESIONADOS,1
3,1,3,0,4,1,-15.946036099449742,-71.30991688087904,2,4,0,0,2,0,1,0,1278.455386149335,1.532360234861315,1,0,0.5323602348613149,7,28,257.83503154499266,0.4498224071382834,81.63336343193146,58.84842497065013,5.774685730039019,620.6584683449911,1358.612419700214,10322.272,1495.236,1749.739,7077.2970000000005,2886.595,7435.677000000001,27.964725207783708,16,2,0,0,14,36.19416140916789,32.467639765138685,39.920683053197095,1.0,0.5323602348613149,0.0,0.4676397651386851,2,0,0.0,0.5323602348613149,0.4676397651386851,0.0,0.0,0.0,1.0,0.0,0.0,0.0,13,3,2023,3,8,3,0,0,0,1,0,1,GRAVE_LESIONADOS,1
3,2,7,1,4,0,-13.223946720724037,-72.23517491242127,1,4,7,0,2,2,2,2,7270.38848288041,2.0,2,1,1.0,10,13,1198.0,0.4086260538719511,73.3496869173067,70.61814124843396,7.082446086535663,454.21641754861804,18043.368099805575,17779.13499998999,2097.3709999899997,2863.123,12818.640999999989,2878.713,14900.421999989989,16.19152450331032,8,2,0,0,6,41.427010738203165,26.69663571778583,55.44953576678744,1.0,1.0,0.0,0.6966357177858296,2,0,0.0,0.0,0.6966357177858296,1.0,0.30336428221417044,0.6966357177858296,0.6966357177858296,0.0,0.6966357177858296,0.0,3,0,2023,4,5,2,0,0,2,1,0,1,GRAVE_LESIONADOS,1
3,2,3,0,4,1,-16.00624659185447,-71.27194014084166,0,4,0,0,2,1,1,0,1504.4250000000002,2.0,2,0,1.0,7,25,241.0,0.4611797428759758,81.75728815062553,66.07038106430853,5.934409046445754,618.7235208339197,1597.3852785588028,10322.272,1495.236,1749.739,7077.2970000000005,2886.595,7435.677000000001,27.964725207783708,7,2,0,0,5,38.3928390764814,30.178517229444207,46.6071609235186,1.0,0.39283907648140237,0.0,0.6071609235185976,2,0,0.0,1.0,0.0,0.6071609235185976,0.0,0.6071609235185976,1.0,0.0,0.0,0.0,14,3,2023,7,19,5,1,0,0,1,0,1,GRAVE_LESIONADOS,1
3,1,14,2,2,3,-12.032452538175251,-76.9159158871019,4,4,6,1,5,2,2,1,5525.312556519188,2.0,3,3,1.0,12,29,1010.8034308905337,0.6868549636939637,79.62363164345142,76.30894566128948,9.209137883551294,1425.4498631666322,684921.8484148846,7626.313,1683.4029999999998,1599.0829999999996,4343.827000000001,1814.875,5811.438000000001,23.797541485643197,9,2,0,0,7,35.48488294862521,30.02383660249124,40.94592929475919,1.0,1.0,0.0,0.0,2,0,0.0,1.0,1.0,0.0,0.0,0.0,1.0,0.8203487820446581,0.8203487820446581,0.8203487820446581,21,2,2022,3,11,4,0,0,0,1,0,1,GRAVE_LESIONADOS,1
4,1,13,0,4,0,-10.031978088951686,-78.0476038689617,0,4,2,0,2,1,1,2,6543.555,2.5780721020124124,2,1,1.0,5,31,1358.1259722574382,0.6108931245424168,78.92639180205494,67.5168745953439,8.060176994904067,1193.20635778728,20371.153117014856,8177.146199741267,1536.650992017243,1741.2305088320181,4899.264698892006,1563.5890895071245,6613.557110234144,19.51655141599565,7,1,0,0,5,39.26578369396276,37.15614420402483,41.3754231839007,1.0,0.0,0.0,0.5780721020124125,1,0,0.0,0.42192789798758745,0.5780721020124125,0.0,0.0,0.42192789798758745,1.0,0.0,0.42192789798758745,0.0,6,1,2021,6,19,1,0,1,0,1,0,1,GRAVE_LESIONADOS,1
6,1,5,0,4,2,-7.335712911667744,-77.93895710625799,0,4,6,0,1,2,2,1,6543.555,2.0,4,4,1.0,14,33,1198.0,0.25476759814920386,78.93893185032104,31.860027603638137,3.181416303311229,294.57877872639926,7824.558553841423,15935.565011852366,1733.9250000199986,935.692,13265.948011832368,2000.1670000199988,13935.398011832369,12.551591352627522,4,1,0,0,3,21.252123880506655,21.252123880506655,21.252123880506655,1.0,0.04202064675110939,0.0,1.0,1,0,0.0,0.04202064675110939,0.9579793532488906,0.0,0.04202064675110939,0.0,0.9579793532488906,0.04202064675110939,0.04202064675110939,0.04202064675110939,7,1,2024,6,7,0,0,0,2,1,0,1,GRAVE_LESIONADOS,1
4,1,7,0,4,1,-11.94122540292417,-74.70198840001697,3,4,3,1,6,1,1,2,5005.190014581234,1.503072600271609,3,3,0.503072600271609,11,22,1153.773461424173,0.4125114597007086,74.21981654535874,52.27140434683524,5.853411257019912,587.4059846715949,11270.36256323879,12470.366365838705,1815.83472291981,1437.7324820814304,9216.799160837463,2034.1998722450107,10436.166493593693,16.257050799922556,7,1,0,0,5,41.01229040108644,36.53994380353092,45.48463699864195,1.0,0.49692739972839095,0.0,0.49692739972839095,1,0,0.0,1.0,0.0,0.49692739972839095,0.49692739972839095,0.0,1.0,0.49692739972839095,0.49692739972839095,0.0,6,0,2021,4,9,3,0,0,2,1,0,1,GRAVE_LESIONADOS,1
3,1,1,0,4,1,-9.653752164218758,-77.48908923190184,0,4,0,1,2,1,1,1,9936.932,2.0,2,0,1.0,9,32,3830.0,0.3340689941882039,74.21496232481292,53.99092613876145,5.854931402355176,325.7754514450417,2037.420072385495,10767.648,1885.0630000000003,1222.721,7659.864000000001,2100.343,8667.305000000002,19.506051832303577,7,1,0,0,5,47.971105267468324,29.170854186055188,66.77135634888145,1.0,0.9170854186055188,0.0,0.0,1,0,0.0,0.0,0.9170854186055188,1.0,0.9170854186055188,0.0,1.0,0.0,0.9170854186055188,0.9170854186055188,9,1,2022,1,29,0,0,1,0,1,0,1,GRAVE_LESIONADOS,1
3,2,10,0,4,1,-14.280649154870435,-75.48650326622104,0,2,7,1,2,2,2,1,6639.975,2.0,2,0,1.0,9,31,1616.0,0.5867197141965517,78.17442949844367,68.19545294951192,8.88390788063012,1007.9203743855212,27932.19700214133,3721.461,698.1859999999996,744.866,2278.409,1102.9029999999996,2618.558,29.636290693359403,7,2,0,0,4,42.589992665874256,28.139995999567773,57.03998933218073,1.0,0.6200013334774084,0.0,0.6200013334774084,2,0,0.0,0.3799986665225916,0.0,1.0,0.6200013334774084,0.3799986665225916,1.0,0.0,0.0,0.0,5,0,2021,7,24,2,0,1,0,1,0,1,GRAVE_LESIONADOS,1
9,1,6,0,4,2,-10.509119917688515,-75.05088191169287,0,3,3,0,1,2,2,1,6543.555,2.0,4,4,1.0,14,33,1198.0,0.4409293257069744,73.57131764052453,61.095142966486556,6.526951291147621,619.6197203811342,29306.437150734073,17151.91009814534,1973.7183135588746,2207.3666535818193,12970.825131004645,2579.81144912363,14572.09864902171,14.953135547182619,7,1,0,0,6,36.51509412207235,36.51509412207235,36.51509412207235,1.0,0.0,0.0,0.34022299445125703,1,0,0.0,0.659777005548743,0.0,0.34022299445125703,0.0,0.0,1.0,0.34022299445125703,0.34022299445125703,0.34022299445125703,12,2,2021,9,6,1,0,0,2,1,0,1,GRAVE_LESIONADOS,1
3,1,3,0,4,1,-16.324570018876063,-71.66805842217144,0,4,7,1,2,1,1,0,1504.4250000000002,2.0,2,0,1.0,7,25,241.0,0.6019528842555555,78.20112013812044,76.09853899346575,8.910720473106409,1019.4304512044395,33578.9764503733,10322.272,1495.236,1749.739,7077.2970000000005,2886.595,7435.677000000001,27.964725207783708,8,2,0,0,6,40.17505240148977,24.567775568773893,55.686279360599855,1.0,0.0,0.0,0.14407481040870218,2,0,0.0,1.0,0.14407481040870218,0.0,0.0,0.0,1.0,0.0,0.0,0.0,15,2,2021,9,12,2,0,0,0,1,0,1,GRAVE_LESIONADOS,1
4,1,1,0,4,1,-11.839683432593773,-74.97851889359511,1,4,0,0,2,1,1,0,1616.8075921835757,1.4346781483164701,0,1,0.4346781483164702,8,26,244.39193111010118,0.3960080364293782,77.28529497927138,62.215812970675145,5.866849136786932,460.0730943174459,2376.267409967155,10574.052785015403,1715.6137214762357,1451.8042083694495,7406.63485516972,2442.1095634701214,8131.943221545283,23.182852312371107,6,1,0,0,4,53.129442409006465,49.869356296632944,56.389528521379994,1.0,0.0,0.0,0.0,1,0,0.0,0.4346781483164702,0.0,1.0,0.0,1.0,0.4346781483164702,0.0,0.5653218516835298,0.0,13,1,2021,5,19,2,0,0,0,1,0,1,GRAVE_LESIONADOS,1
5,1,14,2,2,4,-11.960363278007337,-77.08794150581791,1,3,6,1,2,2,2,0,6543.555,2.0,4,4,1.0,14,33,1198.0,0.7313642086320595,80.18427824155434,78.48466126309422,10.722616753849387,1529.7648780163472,728907.5639303102,7626.313,1683.4029999999998,1599.0829999999996,4343.827000000001,1814.875,5811.438000000001,23.797541485643197,5,1,0,0,3,46.8787643016353,45.721726647981825,48.035801955288775,1.0,0.1928396089422456,0.0,0.0,1,0,0.0,0.1928396089422456,1.0,0.0,0.8071603910577544,0.0,0.1928396089422456,0.1928396089422456,1.0,0.1928396089422456,13,1,2023,10,19,5,1,0,0,1,0,1,GRAVE_LESIONADOS,1
5,1,5,1,4,2,-7.930141157052315,-77.35341319801366,0,4,7,0,1,2,2,0,6543.555,2.0,4,4,1.0,14,33,1198.0,0.2871238976269858,76.06238225241059,48.97405459256799,3.9801422327153877,293.6492426898286,20133.655365325034,16287.881602410114,1803.3815741588714,1304.0349014492162,13180.465126802026,2168.0620804089917,14119.819522001122,13.2472030439429,6,1,0,0,4,37.74519250307847,35.70673252770626,39.337739358838014,1.0,0.19110562269114495,0.0,0.0,1,0,0.0,0.808894377308855,0.0,0.19110562269114495,0.19110562269114495,0.0,0.808894377308855,0.0,0.0,0.0,11,2,2021,7,11,2,0,0,2,1,0,1,GRAVE_LESIONADOS,1
5,1,21,0,4,0,-6.047911013476606,-76.96036960401133,0,3,0,0,2,2,2,0,6543.555,2.0,4,4,1.0,14,33,1198.0,0.5294800468051228,72.46713251445857,60.50982579904599,7.757161651692042,952.984823255978,86435.21199143468,5645.136,815.0759999999999,965.298,3864.762,1013.406,4631.73,17.95184385283189,10,1,0,0,9,38.56595824694727,37.756632879471326,39.37528361442321,1.0,0.23123581927883963,0.0,0.0,1,0,0.0,0.0,0.0,1.0,0.23123581927883963,0.0,0.7687641807211604,0.23123581927883963,1.0,0.23123581927883963,19,2,2021,8,24,6,1,1,1,1,0,1,GRAVE_LESIONADOS,1
6,1,8,1,4,1,-13.45891307094545,-75.3234462050853,0,4,1,0,2,0,1,0,1627.3240003430692,1.73441240169264,1,3,0.7344124016926401,9,21,303.04855807616883,0.4751955007383596,72.51328545590275,51.4331949671568,8.159792288407665,752.741413059826,1826.0442087914166,8511.426,1445.3929999999996,2008.516,5057.516999999999,1879.579,6631.846999999998,22.08300935706896,4,1,0,0,3,36.46882480338528,36.46882480338528,36.46882480338528,1.0,0.2655875983073599,0.0,0.0,1,0,0.0,0.0,0.0,1.0,0.0,1.0,0.0,0.0,0.0,0.0,14,2,2021,5,12,3,0,0,2,1,0,1,GRAVE_LESIONADOS,1
6,1,7,0,4,1,-13.060141613110064,-72.4214426429339,0,4,0,0,2,1,1,2,3447.8009999999995,1.0,2,3,0.0,9,12,1109.0,0.4706944943299555,76.79406176595778,61.64424635983724,7.141255198110581,653.4175319142125,3282.6252676659524,17779.13499998999,2097.3709999899997,2863.123,12818.640999999989,2878.713,14900.421999989989,16.19152450331032,4,1,0,0,3,29.62936624088544,29.62936624088544,29.62936624088544,1.0,0.0,0.0,0.23276660584077702,1,0,0.0,0.0,0.0,0.767233394159223,0.0,1.0,0.0,0.0,0.767233394159223,0.0,9,1,2023,5,14,1,0,0,2,1,0,1,GRAVE_LESIONADOS,1
3,1,8,0,4,1,-10.666406421891717,-75.38307298647635,4,4,6,1,5,1,1,0,6626.813018763874,2.0,2,0,0.20588731076659939,9,32,1078.3995318062669,0.4818906650872261,77.41028372992966,57.61990638099406,7.637944760192339,697.167474603034,62087.05962859326,11956.35290217541,1838.5287905236116,1129.6652868502515,8988.158824801547,1693.9105668615207,10262.44233531389,14.301604154139016,5,1,0,0,3,29.647098486132794,28.852985796899393,30.441211175366195,1.0,0.0,0.0,0.0,1,0,0.0,0.0,0.7941126892334006,1.0,0.0,1.0,0.7941126892334006,0.0,0.7941126892334006,0.0,0,0,2022,5,11,1,0,0,1,1,0,1,GRAVE_LESIONADOS,1
3,1,3,0,4,1,-16.18240177696903,-73.6853260656251,0,4,7,1,2,2,2,0,6639.975,2.0,2,0,1.0,9,31,1616.0,0.6081199288305089,82.33192345799169,52.499096769157994,9.346303046373514,1137.2995710319808,5049.6089716203505,10322.272,1495.236,1749.739,7077.2970000000005,2886.595,7435.677000000001,27.964725207783708,4,2,0,0,2,38.94758865915589,33.181922793117025,44.71325452519476,1.0,0.0,0.0,0.0,2,0,0.3216863687013094,0.0,0.0,1.0,0.0,0.3216863687013094,0.6783136312986906,0.0,0.0,0.0,4,0,2021,1,14,1,0,0,0,1,0,1,GRAVE_LESIONADOS,1
4,1,17,0,3,2,-13.895540460695269,-73.36628893916082,5,3,7,1,2,2,2,3,3850.0743674300625,2.0,2,1,1.0,10,28,686.4710326247923,0.6638160221899365,76.66759625107908,78.45911991182913,11.0310945512322,1235.2461886288634,241199.98441948483,10841.943373802767,1863.7348671861841,2002.658509250964,6975.54999736562,2616.204637118769,8225.738736683998,24.062076281818243,6,2,0,0,2,41.68967535170687,29.48318238584421,61.49912220075128,1.0,0.0,0.0,0.0,2,0,0.0,0.0,0.0,1.0,0.4654869724396994,1.0,1.0,0.0,0.4654869724396994,0.4654869724396994,18,2,2021,7,18,5,1,0,1,1,0,1,GRAVE_LESIONADOS,1
3,1,1,2,4,2,-9.525168351671997,-77.44988342712908,4,4,6,0,2,1,0,0,6543.555,2.0,4,4,1.0,14,33,1198.0,0.4272662255377419,75.94689084427351,63.94342695985489,5.813959626481069,575.8648447730068,15820.39477828065,10876.20555958859,1880.5192928211297,1254.0378665179546,7741.648400249509,2122.214415600831,8753.991143987763,19.511542300157082,6,1,0,0,4,48.091133595095215,39.602370947854155,56.57989624233627,0.9431958496934507,0.056804150306549284,0.0,0.0,1,0,0.0,0.9431958496934507,0.0,1.0,0.0,1.0,0.9431958496934507,0.0,0.0,0.0,12,2,2022,5,8,3,0,0,0,1,0,1,GRAVE_LESIONADOS,1
3,2,10,0,4,1,-14.904651972836605,-75.04242139989036,0,3,0,1,2,1,0,2,6639.975,2.0,2,0,1.0,9,31,1616.0,0.5597184783563092,77.13767123432527,69.00259224627546,8.52177084183848,925.1278786470984,27932.19700214133,3721.461,698.1859999999996,744.866,2278.409,1102.9029999999996,2618.558,29.636290693359403,5,2,0,0,3,44.69279141139221,27.0,62.38558282278442,1.0,1.0,0.0,1.0,2,0,0.0,0.0,0.0,1.0,0.06826857524617536,0.9317314247538246,0.06826857524617536,0.9317314247538246,0.9317314247538246,0.0,6,1,2021,2,17,1,0,1,0,1,0,1,GRAVE_LESIONADOS,1
5,1,8,0,4,2,-13.073159700827214,-75.22808482292858,5,4,3,0,1,2,2,0,6759.394357478093,2.0,3,3,1.0,12,27,1198.0,0.39640264587643526,66.35403544859562,53.353185993342635,6.6218427773465605,573.8985386664643,3077.2524407652213,8511.426,1445.3929999999996,2008.516,5057.516999999999,1879.579,6631.846999999998,22.08300935706896,8,1,0,0,7,21.72369375760118,21.72369375760118,21.72369375760118,1.0,0.0,0.0,0.0,1,0,0.0,0.0,0.0,1.0,0.0,0.0,1.0,0.0,0.0,0.0,14,2,2021,7,15,0,0,0,2,1,0,1,GRAVE_LESIONADOS,1
4,2,3,0,4,1,-16.047633492343333,-71.32887301779907,0,4,4,0,2,0,1,0,1504.4250000000002,2.0,2,0,1.0,7,25,241.0,0.4685280505645348,81.83746865987648,70.74305753660312,6.037751599761188,617.4715908037651,1751.8736616702354,10322.272,1495.236,1749.739,7077.2970000000005,2886.595,7435.677000000001,27.964725207783708,4,2,0,0,2,40.0297952731631,33.92534287627078,46.134247670055416,1.0,0.6417809587569272,0.0,0.6417809587569272,2,0,0.0,0.3582190412430728,0.0,1.0,0.0,1.0,0.3582190412430728,0.0,0.6417809587569272,0.0,8,0,2024,9,11,4,0,0,0,1,0,1,GRAVE_LESIONADOS,1
6,1,14,2,3,1,-11.998436609513389,-76.90088589502615,0,0,1,1,2,2,2,0,1722.4485528263094,2.0,2,0,1.0,4,16,311.6741627688308,0.6920895798975885,79.69333782463113,76.55534158158184,9.472446902092136,1430.3607324367354,661776.6701896589,7626.313,1683.4029999999998,1599.0829999999996,4343.827000000001,1814.875,5811.438000000001,23.797541485643197,6,1,0,0,4,49.81681712329438,48.966216511748144,50.667417734840605,1.0,0.0,0.0,0.0,1,0,0.0,0.0,0.0,1.0,0.0,0.8506006115462277,0.14939938845377232,0.0,0.0,0.0,8,1,2023,8,27,5,0,1,0,1,0,1,GRAVE_LESIONADOS,1
6,1,7,0,4,1,-13.21909982629256,-72.79828782922156,0,4,0,0,4,2,2,2,5026.589349225076,1.509985079313497,3,3,0.5099850793134971,11,22,1154.3886720589012,0.3848415794064509,77.15987867499459,57.23113210762278,6.208876039190351,447.68384510800206,3401.6428990450977,17779.13499998999,2097.3709999899997,2863.123,12818.640999999989,2878.713,14900.421999989989,16.19152450331032,6,1,0,0,5,44.17973142764295,44.17973142764295,44.17973142764295,1.0,0.4900149206865029,0.0,0.5099850793134971,1,0,0.0,0.5099850793134971,0.0,0.0,0.0,0.4900149206865029,0.5099850793134971,0.0,0.0,0.0,15,3,2022,8,28,1,0,1,2,1,0,1,GRAVE_LESIONADOS,1
6,1,3,1,4,2,-15.956129327168505,-72.6525098044173,0,4,1,0,3,2,2,0,6543.555,2.0,4,4,1.0,14,33,1198.0,0.5485572943211174,74.9571447978361,57.71010009172139,7.732571011882118,1067.2822640297932,1466.8386682697305,10322.272,1495.236,1749.739,7077.2970000000005,2886.595,7435.677000000001,27.964725207783708,5,1,0,0,4,28.460582550694667,28.460582550694667,28.460582550694667,1.0,0.4605825506946666,0.0,0.0,1,0,0.0,0.4605825506946666,0.0,0.5394174493053334,0.0,0.0,1.0,0.0,0.4605825506946666,0.0,10,0,2021,5,19,2,0,1,0,1,0,1,GRAVE_LESIONADOS,1
5,1,12,0,4,2,-7.7526840539642485,-78.53798996675631,0,4,7,1,1,2,2,0,6543.555,2.0,4,4,1.0,14,33,1198.0,0.22037910149399387,76.19882086046788,32.00628115011388,3.574637004428682,218.5874249061544,24281.924972093704,8931.828000000005,1335.5899999999997,1935.9830000000004,5660.255000000005,1219.309,7712.519000000005,13.651281686122925,4,1,0,0,2,35.0,34.00760162450732,35.99239837549268,1.0,0.9007601624507324,0.0,0.0,1,0,0.0,0.0,0.09923983754926757,0.9007601624507324,0.09923983754926757,0.0,0.9007601624507324,0.0,0.0,0.0,19,2,2022,7,22,3,0,0,0,1,0,1,GRAVE_LESIONADOS,1
5,1,12,0,3,2,-8.912748039287745,-78.22162752096783,0,3,6,1,2,2,2,2,6543.555,2.0,4,4,1.0,14,33,1198.0,0.5063594566802544,76.90486966506201,53.460178451086676,6.857434268962789,888.8447854325766,67460.72987094808,9261.536617995824,1383.5495451967126,1965.250131362708,5912.736941436403,1365.9297449097953,7895.606873086028,14.39610620908881,6,1,0,0,5,29.539881688596402,29.119913955342838,30.16983328847675,1.0,0.9300053777910726,0.06999462220892738,0.06999462220892738,1,0,0.0,0.0,0.06999462220892738,1.0,0.06999462220892738,1.0,0.0,0.0,1.0,0.06999462220892738,6,1,2022,6,28,5,1,0,0,1,0,1,GRAVE_LESIONADOS,1
3,2,12,0,4,1,-7.15288208378201,-79.48571868808487,0,4,7,1,2,2,2,0,6543.555,2.616432608992708,2,1,1.0,5,31,1368.75183269098,0.5114727232493018,78.60606800160349,61.153108160372966,6.422343227671115,862.4189512831092,24701.19700214133,8931.828000000005,1335.5899999999997,1935.9830000000004,5660.255000000005,1219.309,7712.519000000005,13.651281686122925,7,2,0,0,5,39.31502826294896,26.849297826978123,51.78075869891978,1.0,0.6164326089927079,0.0,0.0,2,0,0.0,0.0,1.0,0.6164326089927079,1.0,0.0,0.6164326089927079,0.0,0.0,0.6164326089927079,9,0,2023,2,13,2,0,0,0,1,0,1,GRAVE_LESIONADOS,1