CLASE SINIESTRO,CANTIDAD DE VEHICULOS DAÑADOS,DEPARTAMENTO,ZONA,TIPO DE VÍA,RED VIAL,COORDENADAS LATITUD,COORDENADAS  LONGITUD,CONDICIÓN CLIMÁTICA,ZONIFICACIÓN,CARACTERÍSTICAS DE VÍA,PERFIL LONGITUDINAL VÍA,SUPERFICIE DE CALZADA,¿EXISTE SEÑAL VERTICAL?,¿EXISTE SEÑAL HORIZONTAL?,CAUSA FACTOR PRINCIPAL,MTC_RVN_LONGITUD_KM,MTC_RVN_N_CARRILES_MEDIANA,MTC_RVN_SUPERFICIE_DOMINANTE,MTC_RVN_ESTADO_DOMINANTE,MTC_RVN_ES_CONCESIONADA,MTC_RVN_CONCESION_PRINCIPAL,MTC_RVN_CORREDOR_LOGISTICO,MTC_RVN_N_TRAMOS,IDH_2019,IDH_ESP_VIDA_2019,IDH_EDUC_SECUND_PCT_2019,IDH_ANIOS_EDUC_2019,IDH_INGRESO_PERCAP_2019,IDH_POBLACION_2019,MTC_DEP_RED_TOTAL_KM,MTC_DEP_NACIONAL_TOTAL_KM,MTC_DEP_DEPARTAMENTAL_TOTAL_KM,MTC_DEP_VECINAL_TOTAL_KM,MTC_DEP_PAV_TOTAL_KM,MTC_DEP_NO_PAV_TOTAL_KM,MTC_DEP_PCT_PAVIMENTADA,PER_TOTAL_PERSONAS,PER_N_CONDUCTORES,PER_N_CONDUCTORES_FUGADOS,PER_N_PEATONES,PER_N_PASAJEROS_OCUPANTES,PER_EDAD_COND_PROM,PER_EDAD_COND_MIN,PER_EDAD_COND_MAX,PER_ANY_COND_MASCULINO,PER_ANY_LIC_PROBLEMA,PER_ANY_DOSAJE_POS,PER_ANY_DOSAJE_EVALUADO,VEH_TOTAL,VEH_N_FUGADOS,VEH_ANY_FUGADO,VEH_ANY_CARGA,VEH_ANY_PUBLICO,VEH_ANY_PARTICULAR,VEH_ANY_MOTO,VEH_ANY_AUTO,VEH_ANY_CAMION_BUS,VEH_ANY_SOAT_PROBLEMA,VEH_ANY_CITV_PROBLEMA,VEH_ANY_SEGURO_PROBLEMA,HORA_NUM,FRANJA_HORARIA,ANIO,MES,DIA_MES,DIA_SEMANA,ES_FIN_SEMANA,ES_QUINCENA,REGION_NATURAL,TIENE_SEÑALIZACION,ES_VIA_MULTICARRIL,ES_DEPTO_BAJO_PAVIMENTO,CATEGORIA_SEVERIDAD,CATEGORIA_SEVERIDAD_ENC
4,1,1,0,4,1,-12.231926842157176,-75.8482007069671,0,4,3,0,2,1,0,1,6590.968372465892,2.0,3,2,1.0,11,32,1403.5464601819376,0.5947384088100331,80.09017422533157,57.98653283576975,9.135667885915773,1075.3734738052888,5403.50219796223,10548.639721889975,1693.3702728867365,1481.875747253982,7373.393701749257,2486.972941174566,8061.66678071541,23.66550247863167,7,1,0,0,5,34.884331202265855,34.884331202265855,34.884331202265855,1.0,0.0,0.0,0.0,1,0,0.49173794301898943,0.0,0.0,1.0,0.0,0.49173794301898943,0.5082620569810106,0.0,0.5082620569810106,0.0,7,1,2021,6,27,4,0,1,0,1,0,1,GRAVE_LESIONADOS,1
6,1,4,0,4,1,-13.379962551108704,-74.73029957385941,0,4,0,0,1,2,2,4,1635.3702281236585,1.6887087474383993,1,3,0.8962362491461331,9,24,304.83115241632106,0.2582821777806886,78.4888465464284,43.61876212298693,4.059288282030464,216.32646795293937,3692.8123570599264,12678.733000000004,1805.074000000001,1774.0339999999994,9099.625000000004,2485.375000000001,10193.358000000002,19.602707936195205,5,1,0,0,4,31.103763750853865,31.103763750853865,31.103763750853865,1.0,0.0,0.10376375085386691,1.0,1,0,0.8962362491461331,0.0,0.0,1.0,0.0,0.0,1.0,0.0,0.10376375085386691,0.8962362491461331,12,2,2022,1,22,4,0,1,2,1,0,1,GRAVE_LESIONADOS,1
3,1,12,0,4,1,-7.917309091315283,-78.14393475091344,0,4,7,1,2,2,2,2,9281.018720522514,2.0,2,0,1.0,9,32,3321.2549499850015,0.4192644235457441,73.78165961269872,57.27546743180265,5.820232900328948,599.8464168951747,69187.01619119068,8931.828000000005,1335.5899999999997,1935.9830000000004,5660.255000000005,1219.309,7712.519000000005,13.651281686122925,7,1,0,0,5,33.64695465421543,30.420123423235186,36.87378588519567,1.0,0.19329219225493854,0.0,0.0,1,0,0.0,0.8067078077450615,0.0,0.19329219225493854,0.0,0.19329219225493854,0.8067078077450615,0.0,1.0,0.0,5,0,2022,8,10,1,0,0,0,1,0,1,GRAVE_LESIONADOS,1
3,1,12,0,4,1,-6.776316514740847,-79.70845962407691,0,4,6,1,2,1,0,0,917.8572472135803,1.9963436886553507,1,3,0.0,9,7,218.1096893403395,0.45449469429071665,80.93717671876377,62.30570478618653,8.051477170776446,509.4663611957646,10863.426231619946,3460.6481126206886,515.7315583586775,689.9296016949213,2254.9869525670897,704.8158718851319,2755.8322407355568,20.364021503845336,5,1,0,0,3,40.10237671765018,36.11700196302878,44.087751472271584,1.0,0.0,0.0,0.0036563113446492768,1,0,0.0,0.9963436886553507,0.0,1.0,0.0,0.0,1.0,0.9963436886553507,0.9963436886553507,0.9963436886553507,17,2,2021,5,5,5,0,0,0,1,0,1,GRAVE_LESIONADOS,1
3,2,3,0,4,1,-16.00529200405536,-71.27623725768558,1,4,2,0,2,0,1,0,1504.4250000000002,2.0,2,0,1.0,7,25,241.0,0.45580932722106293,81.69868926223513,62.65541588583289,5.8588824776538715,619.6384777080399,1484.4794414154335,10322.272,1495.236,1749.739,7077.2970000000005,2886.595,7435.677000000001,27.964725207783708,7,2,0,0,5,39.96017869255075,32.96017869255075,46.96017869255075,1.0,1.0,0.0,0.3200595641835825,2,0,0.0,0.6799404358164175,0.0,0.3200595641835825,0.0,0.3200595641835825,0.6799404358164175,0.0,0.3200595641835825,0.0,12,2,2023,5,12,6,1,0,0,1,0,1,GRAVE_LESIONADOS,1
3,2,10,1,4,1,-15.164825519019512,-75.07320219917887,0,4,4,0,2,1,1,0,2914.3652512867984,2.0,2,0,1.0,6,28,701.825076501015,0.5563774842369664,77.00938809632027,69.10246351364754,8.476961866273152,914.8835608305218,27932.19700214133,3721.461,698.1859999999996,744.866,2278.409,1102.9029999999996,2618.558,29.636290693359403,5,2,0,0,3,51.54758030644712,32.04758030644712,71.04758030644712,1.0,0.4217742419361259,0.0,1.0,2,0,0.0,1.0,0.5782257580638741,0.4217742419361259,0.0,0.4217742419361259,1.0,0.0,0.5782257580638741,0.5782257580638741,12,1,2022,5,24,2,0,1,0,1,0,1,GRAVE_LESIONADOS,1
5,1,10,0,4,1,-14.86077152188656,-74.9948695174683,0,4,7,1,2,2,2,0,6639.975,2.0,2,0,1.0,9,31,1616.0,0.5563774842369664,77.00938809632027,69.10246351364754,8.476961866273152,914.8835608305218,27932.19700214133,3721.461,698.1859999999996,744.866,2278.409,1102.9029999999996,2618.558,29.636290693359403,4,1,0,0,3,39.06744655314908,35.39198601421738,42.74290709208079,0.22971628368323171,0.7702837163167683,0.0,0.0,1,0,0.0,0.22971628368323171,0.0,1.0,0.0,1.0,0.22971628368323171,0.7702837163167683,0.7702837163167683,0.7702837163167683,14,1,2021,10,28,6,1,1,0,1,0,1,GRAVE_LESIONADOS,1
6,1,8,0,4,1,-13.1438640055553,-75.5519869891881,0,4,1,1,2,1,1,0,1482.81,1.0,1,3,0.0,9,16,270.0,0.3350977923231871,68.89558289355473,47.3438883832626,6.105182048508107,369.6405022278763,1173.4582441113491,8511.426,1445.3929999999996,2008.516,5057.516999999999,1879.579,6631.846999999998,22.08300935706896,4,1,0,0,3,24.594431006647206,24.594431006647206,24.594431006647206,1.0,0.19957161589593875,0.0,0.0,1,0,0.0,0.0,0.0,1.0,0.0,1.0,0.0,0.0,0.0,0.0,6,1,2023,4,6,4,0,0,2,1,0,1,GRAVE_LESIONADOS,1
5,1,12,0,4,1,-8.916519276718917,-78.65489771217122,0,4,7,1,2,2,2,0,6543.555,2.9622154934043206,2,0,1.0,0,30,1464.5336916729968,0.48958413510735943,77.54593804263759,53.32209807364537,6.220024096814169,846.5960400745043,9823.989331868963,8931.828000000005,1335.5899999999997,1935.9830000000004,5660.255000000005,1219.309,7712.519000000005,13.651281686122925,4,1,0,0,2,41.319878881277766,41.319878881277766,41.319878881277766,1.0,0.03778450659567967,0.0,0.0,1,0,0.0,0.0,0.0,1.0,0.0,1.0,0.0,0.0,0.03778450659567967,0.0,6,1,2021,3,20,5,1,1,0,1,0,1,GRAVE_LESIONADOS,1
3,2,5,0,4,1,-14.200382831563093,-73.41642994142428,0,4,4,0,2,0,1,0,433.4948947187179,2.0,2,1,0.6433697250697605,7,19,95.23463570832723,0.5258115147791792,75.85200251374444,65.60509938590772,8.088517076644735,893.6808454177644,20784.113159954155,9568.635553563294,1437.5481999878343,1408.172074622264,6722.915278953196,2235.1256380950335,7333.50991546826,22.596057398640284,6,2,0,0,4,59.86021835041856,54.35663027493024,65.36380642590689,1.0,0.0,0.0,0.35663027493023947,2,0,0.0,0.35663027493023947,0.0,0.6433697250697605,0.0,1.0,1.0,0.0,0.35663027493023947,0.0,18,2,2023,2,21,4,0,0,0,1,0,1,GRAVE_LESIONADOS,1
3,1,11,0,4,1,-11.809021911025075,-75.56966716760921,0,4,7,0,2,1,1,1,375.06936007706804,2.0,2,0,1.0,3,27,66.76374514846304,0.4734612111020553,72.2949072111117,63.90887398461859,8.33341758667693,727.8313664588438,4604.577062675771,12264.545,1826.4639999999995,1105.5389999999998,9332.542,1588.5359999999996,10676.009,12.952261987705208,6,1,0,0,4,41.89991767613468,36.73748970951684,47.06234564275252,1.0,0.0,0.0,0.7374897095168343,1,0,0.0,0.26251029048316565,0.0,0.7374897095168343,0.0,0.0,1.0,0.0,0.26251029048316565,0.0,5,0,2022,3,11,1,0,0,2,1,0,1,GRAVE_LESIONADOS,1
5,1,13,0,4,1,-11.302105385016835,-77.17349367215488,0,4,6,0,2,1,1,0,1397.1237974443088,1.947652821568687,1,0,0.0,9,19,668.5285385431707,0.6116291135356737,75.82948168814994,63.65550413816777,7.8089161261102555,1330.4867044707237,24686.857534742325,7672.646168142875,1670.943848061563,1620.5156623066675,4381.186657774645,1818.2620718332196,5854.384096309656,23.707790566382503,5,1,0,0,4,17.68051331960707,17.68051331960707,17.68051331960707,1.0,0.9476528215686869,0.0,1.0,1,0,0.0,0.05234717843131309,0.0,0.9476528215686869,0.05234717843131309,0.0,1.0,0.0,0.0,0.0,16,2,2021,3,7,0,0,0,0,1,0,1,GRAVE_LESIONADOS,1
3,1,12,0,4,1,-8.460247715492793,-78.72345041526866,0,4,7,1,2,2,2,0,6543.555,3.0,2,0,1.0,0,30,1475.0,0.5051395598219868,77.13285387085847,51.52067479184955,6.715328807318118,900.900383457586,67612.41755888652,8931.828000000005,1335.5899999999997,1935.9830000000004,5660.255000000005,1219.309,7712.519000000005,13.651281686122925,4,1,0,0,3,43.917089649950185,31.997268963135173,55.8369103367652,1.0,0.7690206894719364,0.0,0.0,1,0,0.0,1.0,0.7690206894719364,0.0,0.7690206894719364,0.0,1.0,0.0,0.7690206894719364,0.7690206894719364,5,0,2023,4,13,1,0,0,0,1,1,1,GRAVE_LESIONADOS,1
3,1,3,0,4,1,-15.860339248918557,-71.16542091596354,0,4,5,1,2,1,1,0,1408.7072468838799,1.8019139528361265,1,0,0.8019139528361265,7,26,248.13109769789943,0.4498224071382834,81.63336343193146,58.84842497065013,5.774685730039019,620.6584683449911,1358.612419700214,10322.272,1495.236,1749.739,7077.2970000000005,2886.595,7435.677000000001,27.964725207783708,11,2,0,0,9,34.20287092925419,26.58468837731099,41.821053481197396,1.0,0.0,0.0,1.0,2,0,0.0,0.0,1.0,0.8019139528361265,0.0,0.0,1.0,0.0,0.0,0.0,4,0,2025,8,2,2,0,0,0,1,0,1,GRAVE_LESIONADOS,1
5,1,19,0,3,1,-5.1622657231593125,-80.51564629082283,0,4,6,0,2,2,2,0,2083.1353580922714,2.0,2,0,1.0,2,21,316.7086969958242,0.6220812987247925,80.20155828147696,72.71675503872983,10.02377668600292,1028.915688621886,159840.92719486082,8965.846000060003,1782.4120000599992,636.9959999999999,6546.438000000004,2214.505000059999,6751.341000000004,24.699342371541725,4,1,0,0,3,28.66829868259054,28.594043273413813,28.742554091767268,1.0,0.14851081835345337,0.0,1.0,1,0,0.0,0.0,0.14851081835345337,1.0,0.14851081835345337,0.14851081835345337,0.8514891816465466,0.14851081835345337,1.0,0.0,7,1,2021,10,6,3,0,0,0,1,0,1,GRAVE_LESIONADOS,1
4,1,5,0,4,0,-9.302901100804759,-75.32103433125792,0,4,0,0,1,2,2,0,7171.515269771679,2.0,2,1,1.0,11,26,1681.333060744262,0.3684793923818713,67.35393164429571,47.07913583350306,4.967961588813269,606.2591230219055,12880.652294912583,16826.13144377307,1909.4934945560321,1866.7688560391725,13049.869093177864,2424.5629174599335,14401.568526313136,14.309920192482489,4,1,0,0,3,34.550801264420095,28.75400632210046,40.34759620673972,1.0,0.48306624519330266,0.0,0.0,1,0,0.0,0.5169337548066973,0.0,0.48306624519330266,0.48306624519330266,0.0,0.5169337548066973,0.48306624519330266,0.0,0.48306624519330266,6,1,2022,3,18,3,0,0,2,1,0,1,GRAVE_LESIONADOS,1
6,1,8,0,4,2,-12.26264123042737,-74.97458075922121,1,4,1,0,7,2,2,2,6543.555,2.0,4,4,1.0,14,33,1198.0,0.3879973924221767,75.4312442442933,53.40124437345584,5.652268387837151,486.0452973238817,5443.143985412496,12436.876478835235,1817.5642483599584,1383.6801628148542,9235.632067660421,1961.6844039786558,10475.192074856577,15.719317492010173,4,1,0,0,3,50.430374580600215,50.430374580600215,50.430374580600215,0.5839293295913138,0.0,0.0,0.41607067040868617,1,0,0.0,0.0,0.0,1.0,0.0,0.0,1.0,0.0,0.0,0.0,9,1,2022,7,12,2,0,0,2,1,0,1,GRAVE_LESIONADOS,1
3,1,19,1,2,3,-5.167126562383583,-80.6568056749714,0,4,7,1,2,1,1,2,6543.555,2.022146306498218,3,3,1.0,13,32,1204.1345269000064,0.6569093976220236,78.73367787457329,77.20877309734439,11.298288533357253,1120.9026787477583,179015.4021681162,8965.846000060003,1782.4120000599992,636.9959999999999,6546.438000000004,2214.505000059999,6751.341000000004,24.699342371541725,4,1,0,0,2,37.289610088266926,24.088585225992873,50.49063495054098,1.0,0.9778536935017818,0.0,0.02214630649821825,1,0,0.0,0.0,0.0,1.0,0.9778536935017818,0.02214630649821825,0.0,1.0,0.02214630649821825,0.0,21,1,2021,2,4,3,0,0,0,1,0,1,GRAVE_LESIONADOS,1
3,2,7,1,2,3,-11.00849625568116,-77.64456140177394,0,3,7,1,2,2,2,0,6543.555,2.0,4,4,1.0,14,33,1198.0,0.569647868061673,77.8557261253897,70.18189680628646,8.578911576356884,945.7379767305431,28124.076825442055,735.1314191653989,139.02760175373837,143.8503659418622,452.2534514697984,180.91041464001668,554.2210045253823,81.3121128723019,6,2,1,0,3,30.707622904438942,30.005646595880698,31.40959921299719,1.0,0.0,0.0,0.0,2,0,0.0,0.2005646595880699,0.7994353404119301,1.0,0.0,0.7994353404119301,1.0,0.0,0.7994353404119301,0.0,4,0,2021,3,18,4,0,1,1,1,0,0,GRAVE_LESIONADOS,1
5,1,13,0,4,1,-9.942719178012396,-77.25905897453855,3,4,1,0,1,2,2,2,6543.555,2.2153592828546085,3,3,1.0,10,32,1257.6545213507266,0.6198675643130247,79.2588614524229,57.89344828787222,10.010581645926695,1163.4524035948275,14609.337055153577,7907.467774155935,1608.4982417524898,1671.6375423937175,4627.3319900097285,1686.6143333474122,6220.853440808523,21.612450251561967,6,1,0,0,5,34.41486529851947,34.09182637423756,34.73790422280139,1.0,0.0,0.0,0.7846407171453915,1,0,0.0,1.0,0.21535928285460848,0.0,0.0,0.0,1.0,0.0,0.0,0.0,13,2,2023,8,13,1,0,0,0,1,0,1,GRAVE_LESIONADOS,1
3,2,10,1,4,1,-15.204697374820926,-75.09056232979674,0,4,4,0,2,1,1,0,2077.351298401505,2.0,2,0,1.0,5,28,496.442006894548,0.5563774842369664,77.00938809632027,69.10246351364754,8.476961866273152,914.8835608305218,27932.19700214133,3721.461,698.1859999999996,744.866,2278.409,1102.9029999999996,2618.558,29.636290693359403,5,2,0,0,3,52.456929760745204,32.956929760745204,71.9569297607452,1.0,0.29186717703639975,0.0,1.0,2,0,0.0,1.0,0.7081328229636003,0.29186717703639975,0.0,0.29186717703639975,1.0,0.0,0.7081328229636003,0.7081328229636003,14,1,2022,5,23,1,0,1,0,1,0,1,GRAVE_LESIONADOS,1
6,1,10,0,4,1,-13.988507951735514,-75.795352171114,0,3,7,1,2,2,2,0,6639.975,2.0,2,0,1.0,9,31,1616.0,0.6053164595604621,78.88848309050202,67.63954639531094,9.133324993872453,1064.9426147896202,27932.19700214133,3721.461,698.1859999999996,744.866,2278.409,1102.9029999999996,2618.558,29.636290693359403,5,1,0,0,4,23.591359774216308,23.591359774216308,23.591359774216308,1.0,0.0,0.1727573182810873,0.1727573182810873,1,0,0.0,0.0,0.0,0.0,0.0,0.8272426817189127,0.1727573182810873,0.8272426817189127,0.0,0.8272426817189127,16,1,2021,8,16,2,0,0,0,1,0,1,GRAVE_LESIONADOS,1
3,1,17,0,4,1,-16.482553840747347,-72.52783625783474,0,4,0,1,2,2,2,1,6639.975,2.0,2,0,1.0,9,31,1616.0,0.5766132598544095,75.84172261247444,73.30806447063748,9.047913550755919,952.2972589573035,2060.0536827408987,3056.830446095283,656.285109631559,585.0495383655691,1815.4957980981549,1081.6766828241812,1975.1537632711018,36.266766146064256,5,2,0,0,3,35.08731196408373,29.104774356900478,41.069849571266985,1.0,0.0,0.0,0.6206344017958134,2,0,0.0,0.3793655982041866,0.6206344017958134,1.0,0.0,1.0,1.0,0.0,0.0,0.0,20,2,2023,6,13,3,0,0,0,1,0,1,GRAVE_LESIONADOS,1
6,1,5,0,4,1,-7.65758883935718,-77.56482745879872,0,4,0,0,2,1,1,0,2565.3756275088153,1.0,1,3,0.0,9,29,1108.5801630935755,0.40450190015285115,71.33645740497012,58.032448804839234,6.012891383491419,545.4933359624691,1812.757464050093,16099.948354943148,1766.3319435548055,1107.552875038912,13226.063536349431,2078.5032332332753,14021.445121709874,12.876148805713775,5,1,0,0,4,34.37583958892828,34.37583958892828,34.37583958892828,1.0,0.0,0.0,0.0,1,0,0.0,0.0,0.0,1.0,0.0,1.0,0.0,0.0,0.0,0.0,5,0,2022,8,10,5,1,0,2,1,0,1,GRAVE_LESIONADOS,1
3,1,3,0,4,1,-16.326040488741878,-71.42268920953914,0,4,4,0,2,1,1,0,1666.946307116818,2.0,2,0,1.0,7,27,299.4671282244567,0.5384788593341863,80.21449822096731,66.37167655858953,7.298383663909862,906.4735427665713,1199.5056253241564,10322.272,1495.236,1749.739,7077.2970000000005,2886.595,7435.677000000001,27.964725207783708,7,2,0,0,5,38.731173753085685,32.30839102805709,45.153956478114274,1.0,0.3846521593714257,0.0,0.6153478406285743,2,0,0.0,0.0,0.6153478406285743,1.0,0.0,0.3846521593714257,0.6153478406285743,0.0,0.3846521593714257,0.0,4,0,2024,6,2,4,0,0,0,1,0,1,GRAVE_LESIONADOS,1
4,1,16,2,4,2,-9.723994846909392,-76.89739524976721,4,1,4,1,2,2,2,0,6600.255113782806,2.0,2,1,1.0,11,31,1443.8063426800738,0.6244175305855515,75.96553825288822,66.66353323345528,8.974034609186766,1261.0368422302054,92006.03121869561,6810.173972660002,1325.6986892831587,1337.9974566877763,4146.477826689066,1484.7126116302777,5325.461361029724,21.3894265215757,5,1,0,0,3,35.49536301038728,34.05355009024436,36.9371759305302,1.0,0.41194654861226365,0.0,0.0,1,0,0.0,0.0,0.0,0.41194654861226365,0.41194654861226365,0.0,0.5880534513877363,0.41194654861226365,1.0,0.41194654861226365,15,1,2022,9,25,4,0,1,0,1,0,1,GRAVE_LESIONADOS,1
3,2,3,0,4,1,-15.988504702369848,-71.25594157071757,1,4,0,0,2,0,1,0,1504.4250000000002,2.0,2,0,1.0,7,25,241.0,0.45104929542764544,81.64675053165624,59.62858446951834,5.791940011409529,620.4494435792633,1384.406112086965,10322.272,1495.236,1749.739,7077.2970000000005,2886.595,7435.677000000001,27.964725207783708,8,2,0,0,6,38.934410794571214,31.803232383713645,46.065589205428786,1.0,0.9344107945712148,0.0,0.06558920542878521,2,0,0.0,1.0,0.0,0.06558920542878521,0.0,0.06558920542878521,1.0,0.0,0.0,0.0,13,3,2023,3,12,5,1,0,0,1,0,1,GRAVE_LESIONADOS,1
3,1,12,0,4,1,-7.889179945571696,-79.08877452435586,0,4,7,1,2,2,2,2,6543.555,2.951535767524178,2,0,1.0,0,30,1461.5754076041972,0.5653684529595109,77.6248806948911,65.08886015649666,8.358363893867534,963.1171158055591,15446.979825453904,8931.828000000005,1335.5899999999997,1935.9830000000004,5660.255000000005,1219.309,7712.519000000005,13.651281686122925,12,1,0,0,10,49.8457328615764,48.224572280386845,51.418429210290135,0.9515357675241777,0.0,0.0,0.0,1,0,0.0,0.9515357675241777,1.0,0.0,0.04846423247582232,0.0,0.9515357675241777,0.04846423247582232,0.0,0.04846423247582232,6,1,2024,3,2,1,0,0,0,1,0,1,GRAVE_LESIONADOS,1
3,2,19,1,4,1,-5.253275467075762,-80.5744289507048,0,0,7,0,2,1,1,0,367.67342730241865,1.3691714662944159,2,2,0.0,9,32,112.3929345656176,0.4954319091223919,77.31387992503421,62.221020821825185,7.46681098916097,725.5285515425403,76156.3314520889,8965.846000060003,1782.4120000599992,636.9959999999999,6546.438000000004,2214.505000059999,6751.341000000004,24.699342371541725,5,2,0,0,2,31.685377836457977,25.630828533705586,35.10751439888325,1.0,0.7897238220981386,0.7897238220981386,1.0,2,0,0.0,0.0,1.0,0.7897238220981386,1.0,0.7897238220981386,0.0,0.21027617790186137,1.0,1.0,6,0,2022,5,9,0,0,0,0,1,0,1,GRAVE_LESIONADOS,1
4,1,4,0,4,1,-13.905174296797973,-74.31587451135667,0,4,2,0,2,1,1,2,1603.546048069624,2.0,2,1,1.0,8,24,282.87575677753017,0.3201594947360198,69.80860612119947,53.04229539436004,5.483478546955144,398.43376831610493,14947.49274114752,12678.733000000004,1805.074000000001,1774.0339999999994,9099.625000000004,2485.375000000001,10193.358000000002,19.602707936195205,5,1,0,0,4,27.337161984179023,21.395331630610553,33.278992337747496,1.0,0.0,0.0,1.0,1,0,0.0,1.0,0.0,0.0,0.0,1.0,0.565888605101759,0.0,0.565888605101759,0.0,7,1,2024,5,17,3,0,0,2,1,0,1,GRAVE_LESIONADOS,1
3,2,16,0,4,1,-6.940490569348678,-78.41231374869581,0,4,5,1,2,2,2,0,7010.573599980769,2.615552623193179,2,0,1.0,3,26,1727.9663739388882,0.5336025640645801,78.06053300475519,62.051185269496116,7.760623004925887,877.9510554262695,9703.270497991663,4299.879597405583,630.4015953053215,795.6701636266557,2873.8078384736054,822.5532936263315,3477.3263037792503,19.415720899663672,5,2,0,0,3,49.735473449409014,44.235473449409014,55.235473449409014,1.0,0.38444737680682084,0.0,0.0,2,0,0.0,0.6155526231931792,1.0,0.38444737680682084,0.0,0.38444737680682084,0.6155526231931792,0.0,0.0,0.0,7,1,2022,1,19,4,0,1,0,1,0,1,GRAVE_LESIONADOS,1
5,1,3,0,4,1,-16.372233994611854,-71.31845121527633,0,4,6,0,6,2,2,0,1117.7076322299033,1.039557506562613,4,1,0.03955750656261314,8,31,203.5427427559419,0.5170856622379395,79.489543197103,72.41374174926862,7.860927874221198,710.7189133350963,3060.1382446528282,10322.272,1495.236,1749.739,7077.2970000000005,2886.595,7435.677000000001,27.964725207783708,5,1,0,0,4,38.960442493437384,38.60442493437387,39.31646005250091,1.0,0.0,0.0,0.03955750656261314,1,0,0.0,1.0,0.0,0.03955750656261314,0.0,0.03955750656261314,1.0,0.0,0.0,0.0,5,0,2023,9,19,3,0,1,0,1,0,1,GRAVE_LESIONADOS,1
7,1,5,0,4,0,-7.666438361054169,-78.18932867293019,4,4,2,0,2,0,1,1,6543.555,2.0,4,4,1.0,14,33,1198.0,0.2948350537014906,77.15212155268404,35.50451291723821,3.7775920646885006,361.8643687343071,26075.62526766595,15935.565011852366,1733.9250000199986,935.692,13265.948011832368,2000.1670000199988,13935.398011832369,12.551591352627522,6,1,0,0,4,47.36505428406798,42.73010856813596,52.0,1.0,0.0,0.0,0.0,1,0,0.4030387579071322,0.0,0.5969612420928678,0.4030387579071322,0.4030387579071322,0.5969612420928678,0.0,0.4030387579071322,0.4030387579071322,0.4030387579071322,10,1,2022,9,18,3,0,1,2,1,0,1,GRAVE_LESIONADOS,1
3,1,14,2,2,4,-11.927824547583947,-77.07682245606348,0,3,1,1,1,2,2,0,6543.555,2.0,4,4,1.0,14,33,1198.0,0.7250621593641373,80.03938246082804,77.09249659084381,10.738892566561766,1509.5894994156495,370903.3044946426,7626.313,1683.4029999999998,1599.0829999999996,4343.827000000001,1814.875,5811.438000000001,23.797541485643197,11,2,0,0,9,35.01780870106242,32.193231718646985,37.84238568347786,1.0,0.6491539648308727,0.0,0.0,2,0,0.0,0.0,0.35084603516912727,1.0,0.35084603516912727,0.35084603516912727,0.6491539648308727,1.0,1.0,1.0,10,1,2023,4,12,2,0,0,0,1,0,1,GRAVE_LESIONADOS,1
3,1,7,0,4,0,-12.947333696191048,-71.63607674935196,1,4,0,0,5,1,1,3,6543.555,2.0,4,4,1.0,14,33,1198.0,0.3450086072129749,65.10566962901315,63.808389002333,5.964006896297338,396.56064366895606,5263.447684770683,17779.13499998999,2097.3709999899997,2863.123,12818.640999999989,2878.713,14900.421999989989,16.19152450331032,4,1,0,0,2,43.32122398956258,25.17138978307414,61.471058196051025,1.0,0.3019294535965984,0.0,0.0,1,0,0.0,0.0,0.0,1.0,0.6980705464034016,0.3019294535965984,0.0,1.0,0.3019294535965984,0.0,15,1,2021,5,18,4,0,1,2,1,0,1,GRAVE_LESIONADOS,1
3,2,15,0,4,1,-6.991415664380893,-79.10562515246008,0,2,7,1,2,2,2,2,7771.482732019051,2.0,3,2,1.0,12,32,2150.4157765771793,0.4896508542439704,76.3835561622471,61.99291361360187,6.932295660741753,782.9783289598234,38928.05118547627,8691.994258723675,1619.9606990345264,693.077439768126,6378.956119921022,1796.6846859190878,6895.309572804587,20.43355721549003,5,2,0,0,2,35.50976946383948,18.894880779869844,56.105119220130156,1.0,1.0,0.0,1.0,2,0,0.0,0.0,1.0,0.3618600974837307,1.0,0.3618600974837307,0.0,1.0,1.0,1.0,21,2,2022,1,23,4,0,1,0,1,0,1,GRAVE_LESIONADOS,1