CLASE SINIESTRO,CANTIDAD DE VEHICULOS DAÑADOS,DEPARTAMENTO,ZONA,TIPO DE VÍA,RED VIAL,COORDENADAS LATITUD,COORDENADAS  LONGITUD,CONDICIÓN CLIMÁTICA,ZONIFICACIÓN,CARACTERÍSTICAS DE VÍA,PERFIL LONGITUDINAL VÍA,SUPERFICIE DE CALZADA,¿EXISTE SEÑAL VERTICAL?,¿EXISTE SEÑAL HORIZONTAL?,CAUSA FACTOR PRINCIPAL,MTC_RVN_LONGITUD_KM,MTC_RVN_N_CARRILES_MEDIANA,MTC_RVN_SUPERFICIE_DOMINANTE,MTC_RVN_ESTADO_DOMINANTE,MTC_RVN_ES_CONCESIONADA,MTC_RVN_CONCESION_PRINCIPAL,MTC_RVN_CORREDOR_LOGISTICO,MTC_RVN_N_TRAMOS,IDH_2019,IDH_ESP_VIDA_2019,IDH_EDUC_SECUND_PCT_2019,IDH_ANIOS_EDUC_2019,IDH_INGRESO_PERCAP_2019,IDH_POBLACION_2019,MTC_DEP_RED_TOTAL_KM,MTC_DEP_NACIONAL_TOTAL_KM,MTC_DEP_DEPARTAMENTAL_TOTAL_KM,MTC_DEP_VECINAL_TOTAL_KM,MTC_DEP_PAV_TOTAL_KM,MTC_DEP_NO_PAV_TOTAL_KM,MTC_DEP_PCT_PAVIMENTADA,PER_TOTAL_PERSONAS,PER_N_CONDUCTORES,PER_N_CONDUCTORES_FUGADOS,PER_N_PEATONES,PER_N_PASAJEROS_OCUPANTES,PER_EDAD_COND_PROM,PER_EDAD_COND_MIN,PER_EDAD_COND_MAX,PER_ANY_COND_MASCULINO,PER_ANY_LIC_PROBLEMA,PER_ANY_DOSAJE_POS,PER_ANY_DOSAJE_EVALUADO,VEH_TOTAL,VEH_N_FUGADOS,VEH_ANY_FUGADO,VEH_ANY_CARGA,VEH_ANY_PUBLICO,VEH_ANY_PARTICULAR,VEH_ANY_MOTO,VEH_ANY_AUTO,VEH_ANY_CAMION_BUS,VEH_ANY_SOAT_PROBLEMA,VEH_ANY_CITV_PROBLEMA,VEH_ANY_SEGURO_PROBLEMA,HORA_NUM,FRANJA_HORARIA,ANIO,MES,DIA_MES,DIA_SEMANA,ES_FIN_SEMANA,ES_QUINCENA,REGION_NATURAL,TIENE_SEÑALIZACION,ES_VIA_MULTICARRIL,ES_DEPTO_BAJO_PAVIMENTO,CATEGORIA_SEVERIDAD,CATEGORIA_SEVERIDAD_ENC
5,1,7,0,4,1,-13.7329283463479,-71.62004840067952,2,4,2,0,1,1,1,2,6878.013999010522,2.0,3,2,1.0,12,24,1198.0,0.2759718805418403,67.03828959774555,58.37308023999024,4.220158430354893,274.84079916202285,3405.562250357143,17779.13499998999,2097.3709999899997,2863.123,12818.640999999989,2878.713,14900.421999989989,16.19152450331032,5,1,0,0,4,33.36591385578971,30.64112644872185,36.090701262857564,1.0,0.0,0.0,1.0,1,0,0.0,0.32056322436092455,0.32056322436092455,0.6794367756390755,0.0,0.6794367756390755,0.32056322436092455,0.0,0.0,0.0,15,1,2021,2,4,1,0,0,2,1,0,1,GRAVE_LESIONADOS,1
5,1,14,2,2,4,-12.044751900954688,-77.07099573154245,0,2,7,1,2,2,2,2,6543.555,2.0,4,4,1.0,14,33,1198.0,0.7646845961658533,80.23682119426338,77.96082737891015,12.014176158371615,1633.787715186093,250806.0877944326,7626.313,1683.4029999999998,1599.0829999999996,4343.827000000001,1814.875,5811.438000000001,23.797541485643197,11,2,0,0,9,40.57793343633159,37.410157898835536,45.273204325926834,1.0,0.0,0.0,0.0,2,0,0.0,0.0,0.9064798764020905,0.09352012359790951,1.0,0.09352012359790951,1.0,0.0,0.09352012359790951,0.09352012359790951,8,1,2021,7,16,1,0,0,0,1,0,1,GRAVE_LESIONADOS,1
4,1,12,0,4,1,-8.43669919520333,-78.78434686015018,0,4,7,1,2,2,2,1,6543.555,2.427112446419334,3,2,1.0,8,31,1316.3101476581555,0.5051395598219868,77.13285387085847,51.52067479184955,6.715328807318118,900.900383457586,67612.41755888652,8931.828000000005,1335.5899999999997,1935.9830000000004,5660.255000000005,1219.309,7712.519000000005,13.651281686122925,5,1,0,0,4,37.61003004443502,30.98978712493534,44.230272963934695,1.0,1.0,0.0,0.0,1,0,0.0,0.4271124464193341,0.4271124464193341,0.5728875535806659,0.4271124464193341,0.5728875535806659,0.4271124464193341,0.0,1.0,0.4271124464193341,3,0,2023,6,23,3,0,0,0,1,0,1,GRAVE_LESIONADOS,1
3,1,19,0,4,2,-5.324368982401121,-80.72843970449,0,4,6,1,2,2,2,1,6543.555,2.0,4,4,1.0,14,33,1198.0,0.4217660792807392,77.64537651620904,52.002849056892096,5.470570505380376,611.7106059026862,39391.67182492746,8965.846000060003,1782.4120000599992,636.9959999999999,6546.438000000004,2214.505000059999,6751.341000000004,24.699342371541725,4,1,0,0,2,37.43562278131597,18.703843184729166,56.16740237790278,1.0,1.0,0.0,0.8712455626319445,1,0,0.0,0.12875443736805547,0.8712455626319445,0.0,1.0,0.0,0.0,1.0,1.0,1.0,21,2,2022,1,20,6,1,0,0,1,0,1,GRAVE_LESIONADOS,1
5,1,7,0,4,0,-13.067590355309576,-72.14593081722609,4,4,0,0,2,1,0,5,6598.201751129779,2.0,3,3,1.0,13,31,1198.0,0.309293034079514,70.76776702585721,59.57300398830512,5.917971881130039,265.12491715584093,5141.719905155944,17779.13499998999,2097.3709999899997,2863.123,12818.640999999989,2878.713,14900.421999989989,16.19152450331032,4,1,0,0,3,50.450048414467005,50.00484951189267,50.89524731704133,1.0,0.9476236585206671,0.0,0.0523763414793329,1,0,0.0,0.0523763414793329,0.0523763414793329,0.9476236585206671,0.0,0.9476236585206671,0.0523763414793329,0.9476236585206671,0.9476236585206671,0.0,6,1,2021,1,14,4,0,0,2,1,0,1,GRAVE_LESIONADOS,1
6,1,7,0,4,1,-12.420898097569902,-75.05075514698771,1,4,3,0,4,1,0,3,7586.903,2.0,2,0,1.0,9,5,1198.0,0.4803115231269934,72.2175349752027,59.383086302345724,7.709821796861927,775.9165006923093,8047.255521821603,12461.355070656182,1816.3000951757763,1423.1883480817964,9221.86662739861,2014.6877643128682,10446.667306343314,16.11236014848588,5,1,0,0,4,24.574487401932114,24.574487401932114,24.574487401932114,1.0,0.0,0.0,0.0,1,0,0.0,0.0,0.0,1.0,0.0,1.0,0.0,0.0,0.0,0.0,10,1,2022,8,2,5,1,0,2,1,0,1,GRAVE_LESIONADOS,1
3,2,17,0,4,1,-14.19020985440038,-71.95937866265719,3,4,7,1,2,1,1,2,7586.903,2.0,2,0,1.0,9,5,1198.0,0.3419020474637969,74.7664197996986,59.29315477962759,6.013521790057646,374.19614799598367,1440.5666570476628,13205.203461864687,1959.1307835348455,1957.994174599851,9288.078503729988,2766.6162185004355,10438.587243364249,20.694670992030233,5,2,0,0,3,41.93781536668036,37.048222476929396,46.827408256431326,1.0,0.0,0.6827408256431324,0.6827408256431324,2,0,0.0,0.0,0.31725917435686757,1.0,0.0,0.31725917435686757,1.0,0.6827408256431324,0.6827408256431324,0.0,20,2,2021,4,16,4,0,0,2,1,0,1,GRAVE_LESIONADOS,1
3,3,6,1,4,1,-13.984717789879879,-73.63765280970087,0,4,0,1,1,0,1,0,6617.442038537285,2.0,2,0,1.0,10,31,1518.3151017277003,0.5173525122141804,75.13182375493186,62.26728270106761,7.374813853738208,927.9039445252425,35887.21560673157,10005.280765985548,1562.3478620863805,1489.6954910090583,6953.237412890109,2729.530303172323,7275.750462813225,27.201618532715738,9,3,0,0,6,44.99592716435292,36.3750063642653,51.7010877866433,1.0,0.0,0.0,0.2336959288810999,3,0,0.0,0.7663040711189001,0.2336959288810999,0.7663040711189001,0.0,0.7663040711189001,1.0,0.0,0.2336959288810999,0.0,19,2,2022,9,19,4,0,0,0,1,0,1,GRAVE_LESIONADOS,1
7,1,12,0,4,1,-14.248965086557066,-72.13630064938366,0,4,3,0,2,1,1,2,4143.390305786917,2.0,2,1,0.49794859258226387,11,32,840.037346511154,0.2950449691931324,69.7124000866892,55.28081065096261,5.115749724470147,302.67218327774833,15178.988232796746,13162.499695159584,1913.3689988370436,2065.2654865691024,9183.865209753438,2901.413454144708,10261.086241014875,21.957199302871743,6,1,0,0,5,25.971280296151694,25.971280296151694,25.971280296151694,0.5020514074177361,0.49794859258226387,0.0,0.5020514074177361,1,0,0.0,0.0,0.0,1.0,0.0,1.0,0.0,0.0,0.5020514074177361,0.0,13,2,2022,7,10,3,0,0,2,1,0,1,GRAVE_LESIONADOS,1
6,1,5,0,4,1,-6.016781153990288,-78.80341839298507,1,4,0,0,3,2,2,0,7381.711178399377,2.0,2,1,1.0,10,24,1843.1181875483592,0.43617779158018316,71.90041704902147,49.86933347353225,5.724468810385687,757.4061793887793,12715.245139091894,15935.565011852366,1733.9250000199986,935.692,13265.948011832368,2000.1670000199988,13935.398011832369,12.551591352627522,5,1,0,0,4,39.1003402401245,39.1003402401245,39.1003402401245,1.0,0.0,0.0,0.0,1,0,0.0,0.6899659759875499,0.0,0.31003402401245006,0.0,0.31003402401245006,0.6899659759875499,0.0,0.0,0.0,9,1,2022,3,25,3,0,0,2,1,0,1,GRAVE_LESIONADOS,1
3,1,3,0,4,2,-15.641424655374367,-72.24244907133946,4,4,5,1,5,2,2,0,6543.555,2.0,4,4,1.0,14,33,1198.0,0.4892981292467827,75.93603148224024,66.43923575121912,7.603142377882973,724.8791407745397,2049.618398484126,10322.272,1495.236,1749.739,7077.2970000000005,2886.595,7435.677000000001,27.964725207783708,9,1,0,0,8,44.23935484781603,44.23935484781603,44.23935484781603,1.0,0.8119677423908017,0.0,0.0,1,0,0.0,0.0,0.0,1.0,0.0,0.0,1.0,0.0,0.0,0.0,18,1,2022,5,26,1,0,1,0,1,0,1,GRAVE_LESIONADOS,1
5,13,7,0,4,0,-13.591473176363861,-71.9733641723442,1,4,0,0,2,1,1,2,6543.555,2.0,4,4,1.0,14,33,1198.0,0.6348954939297919,77.6245715059073,78.73535107148551,10.276562257168177,1084.1455565765216,94654.62312633834,17779.13499998999,2097.3709999899997,2863.123,12818.640999999989,2878.713,14900.421999989989,16.19152450331032,8,1,0,0,6,33.06642392449944,32.86715215100112,33.26569569799776,1.0,0.0,0.0,1.0,1,0,0.0,0.0,0.13284784899887803,1.0,0.0,0.0,1.0,0.0,0.13284784899887803,0.0,17,2,2023,11,25,2,0,0,2,1,0,1,GRAVE_LESIONADOS,1
6,1,5,0,4,2,-7.086582968335888,-78.78866842758143,3,4,2,1,5,2,2,0,6543.555,2.0,4,4,1.0,14,33,1198.0,0.3334181514351879,65.70103407075928,46.92785453731552,5.377079435778443,426.7373479842607,11921.895074946468,15935.565011852366,1733.9250000199986,935.692,13265.948011832368,2000.1670000199988,13935.398011832369,12.551591352627522,7,1,0,0,6,40.76813066061883,40.76813066061883,40.76813066061883,1.0,0.326991833711323,0.0,0.326991833711323,1,0,0.0,0.0,0.326991833711323,0.673008166288677,0.0,0.673008166288677,0.326991833711323,0.0,0.0,0.0,18,2,2022,5,18,5,1,0,2,1,0,1,GRAVE_LESIONADOS,1
3,1,10,1,4,1,-12.096661098143164,-75.2271150912612,0,4,6,0,2,0,1,2,266.5143839259603,2.0,2,0,1.0,3,31,48.150038274146844,0.5527819394620206,71.83643250399041,77.37103289603246,9.575884129474707,871.5984534852163,19868.651609647866,12283.997100188188,1825.4594310046996,1136.9344815574134,9321.603187626073,1630.6555256276697,10653.341574560518,13.264596340429453,8,2,0,0,6,46.41294471990416,28.765177887961663,64.06071155184665,1.0,0.0,0.0,1.0,2,0,0.0,0.046964422407667294,0.9530355775923327,0.9530355775923327,0.0,0.046964422407667294,1.0,0.0,0.046964422407667294,0.9530355775923327,11,2,2024,1,5,3,0,0,2,1,0,1,GRAVE_LESIONADOS,1
6,1,12,0,4,1,-8.441304982066177,-78.16634947926407,0,4,7,1,4,2,2,0,6543.555,2.566322880166532,2,1,1.0,6,31,1354.8714378061295,0.478919036272301,75.33216999811073,48.26402621509547,6.383531295827125,856.9225561472647,9665.976182038075,8931.828000000005,1335.5899999999997,1935.9830000000004,5660.255000000005,1219.309,7712.519000000005,13.651281686122925,4,1,0,0,3,38.09690592149879,38.09690592149879,38.09690592149879,1.0,0.0,0.0,0.0,1,0,0.0,0.4336771198334679,0.0,0.5663228801665321,0.0,0.5663228801665321,0.4336771198334679,0.0,0.0,0.0,7,1,2021,6,13,5,1,0,0,1,0,1,GRAVE_LESIONADOS,1
6,1,5,0,4,1,-6.709213244759776,-78.78950890869154,3,4,0,0,5,2,2,0,6831.09937011779,2.0,3,3,1.0,12,29,1419.3192572825417,0.36867167191325806,67.8278425577021,47.93698115324576,5.496257533466409,540.1791662207804,12194.067911413833,15935.565011852366,1733.9250000199986,935.692,13265.948011832368,2000.1670000199988,13935.398011832369,12.551591352627522,5,1,0,0,4,43.632949119972814,43.632949119972814,43.632949119972814,1.0,0.0,0.0,0.0,1,0,0.0,0.2367050880027184,0.0,0.7632949119972816,0.0,0.7632949119972816,0.2367050880027184,0.0,0.0,0.0,15,1,2022,3,17,5,0,0,2,1,0,1,GRAVE_LESIONADOS,1
3,1,6,0,4,1,-12.510870473235517,-72.59028960553286,0,4,0,0,1,2,2,5,2905.726979593971,1.8634969879164178,1,0,0.8634969879164178,5,19,503.48162046571935,0.22187910405067324,71.24304379226668,49.133175172529384,3.410719684225622,191.65038872951897,17803.981055891534,17527.48214362231,2047.7595262643651,2600.022862916729,12879.699754441215,2758.788824748747,14768.693318873562,15.694662664459234,9,1,0,0,7,36.36809638667463,36.36809638667463,36.36809638667463,1.0,0.0,0.0,0.13650301208358218,1,0,0.0,0.0,0.0,1.0,0.0,0.8634969879164178,0.13650301208358218,0.0,0.0,0.0,9,1,2021,2,16,0,0,0,2,1,0,1,GRAVE_LESIONADOS,1
5,1,8,0,4,1,-11.843497739156161,-74.86909694924377,1,4,5,0,2,1,1,0,846.2452893877255,1.2286707513846034,0,3,0.0,9,26,122.50200322707495,0.28629355618783914,68.46467780809388,53.42585566573996,4.161605575579021,315.87825124185775,7053.366301579212,8442.283053574589,1419.8013128587918,1730.329112781326,5292.15262793447,1692.1330116750128,6750.150041899575,19.98560468566626,6,1,0,0,4,43.05629861323087,39.969243469538725,46.14335375692302,1.0,0.0,0.0,0.0,1,0,0.0,0.7713292486153966,0.0,0.22867075138460335,1.0,0.22867075138460335,0.0,0.0,1.0,0.0,13,3,2024,3,14,2,0,0,2,1,0,1,GRAVE_LESIONADOS,1
3,2,1,1,4,1,-10.14930355318889,-76.93322109138838,4,4,7,1,2,1,1,0,6543.555,2.0,4,4,1.0,14,33,1198.0,0.4684836453594614,76.8272847723041,66.82773814783874,6.501474557232591,671.060500910676,15662.496254789938,10715.314139914826,1839.2564193233968,1284.6481947172008,7591.40952587423,2192.7314586499674,8522.582681264861,20.49998735855232,5,2,0,0,3,46.17988252163528,37.767406996294596,54.59235804697596,1.0,0.0,0.0,0.11750489493186356,2,0,0.0,1.0,0.0,1.0,0.0,1.0,1.0,0.0,0.0,0.0,13,2,2022,5,9,3,0,0,0,1,0,1,GRAVE_LESIONADOS,1
6,1,8,0,4,1,-12.399458650631177,-74.91580405821651,0,4,7,1,2,2,2,0,7565.909041748039,2.020121721853074,2,0,1.0,8,5,1203.5737169533015,0.4990743476672864,76.19701761487681,74.90901549321586,8.216325677046237,653.542832434977,10069.646087333482,8519.885212110476,1443.1835745753665,2007.056511148831,5069.645126386277,1866.2932307120707,6653.591981398404,21.913348478133315,5,1,0,0,4,23.80486887412296,23.80486887412296,23.80486887412296,1.0,0.0,0.0,0.0,1,0,0.0,0.0,0.0,1.0,0.0,1.0,0.0,0.0,0.020121721853074037,0.0,5,0,2023,10,6,0,0,0,1,1,0,1,GRAVE_LESIONADOS,1
6,1,1,0,4,1,-10.507643243209117,-76.11805304833385,0,3,1,0,1,1,0,1,6543.555,2.0,4,4,1.0,14,33,1198.0,0.5582699287607082,75.9042874985264,58.94987119452699,9.384947879679512,940.4716050420386,5136.7540033647765,10657.518601736381,1788.669361957287,1353.0382492772299,7515.810990501866,2294.7617824300505,8362.756819306333,21.597652208053763,7,1,0,0,5,30.96727434608829,30.96727434608829,30.96727434608829,0.752727137825976,0.0,0.0,0.0,1,0,0.0,0.0,0.0,0.752727137825976,0.0,0.0,1.0,0.0,0.752727137825976,0.0,12,3,2022,10,22,3,0,1,0,1,0,1,GRAVE_LESIONADOS,1
4,1,12,0,4,1,-14.684993185862304,-72.02637870387869,0,4,3,0,2,2,2,2,1588.887881269594,1.526226707485577,1,0,0.5262267074855771,7,28,271.32149072092307,0.329913826631708,72.1808248710796,59.74505823109547,5.947556562023325,334.0788372256156,3785.9692054442976,13185.794530798954,1918.5837319381772,2079.2891671583557,9187.92163170242,2921.4469692790262,10264.347561519926,22.070575213098373,9,1,0,0,7,28.57952640134375,25.685279510173075,31.473773292514423,1.0,0.0,0.0,0.4737732925144229,1,0,0.0,0.0,0.0,0.5262267074855771,0.4737732925144229,0.5262267074855771,0.0,1.0,1.0,1.0,17,2,2022,9,13,2,0,0,2,1,0,1,GRAVE_LESIONADOS,1
3,1,23,0,4,1,-3.5711555045218035,-80.44880632808976,3,4,7,1,2,2,2,2,6543.555,3.0,2,0,1.0,0,30,1475.0,0.5452639873735504,73.35819717725589,68.86175864362616,8.410383730555722,912.4845947999428,7034.713897110856,1009.101,138.47399999999996,287.471,583.156,276.972,732.129,27.447401201663663,6,2,0,0,4,47.319367046962356,44.0,50.63873409392472,1.0,0.44677215883960686,0.0,1.0,2,0,0.0,0.0,1.0,1.0,0.44677215883960686,1.0,0.5532278411603931,0.44677215883960686,0.44677215883960686,0.44677215883960686,14,1,2024,8,13,5,1,0,0,1,1,1,GRAVE_LESIONADOS,1
5,2,10,0,4,1,-13.538216160640895,-76.19290361630071,0,4,7,1,2,2,2,5,213.35356002735273,-0.9787104025153385,2,0,1.0,12,30,16.050286809243303,0.5331399724131323,79.31719308151408,61.54107900698696,8.251564046661857,815.4228220520075,13898.354379444478,3719.603340688813,696.8864545834059,744.4747113912969,2278.24217471411,1100.0675946347324,2619.5357460540804,29.570248262063902,4,1,0,0,3,42.985806935010224,42.92193814255624,43.04967572746421,1.0,0.0070965324948871755,0.0,0.0,1,0,0.0,0.9929034675051128,0.0070965324948871755,0.0070965324948871755,0.0070965324948871755,0.0,0.9929034675051128,0.0070965324948871755,0.0070965324948871755,0.0070965324948871755,5,0,2022,3,23,5,1,1,0,1,0,1,GRAVE_LESIONADOS,1
6,1,4,0,4,1,-13.43326764793196,-73.86029861909066,0,3,1,0,2,1,1,2,2001.4820019192744,1.0,1,0,0.0,9,28,450.2038223029398,0.19688553510246287,71.37589041879019,43.688470992788815,3.8255838972196567,146.05051887514406,2732.280089118081,12678.733000000004,1805.074000000001,1774.0339999999994,9099.625000000004,2485.375000000001,10193.358000000002,19.602707936195205,11,1,0,0,10,35.431433611636635,35.431433611636635,35.431433611636635,1.0,0.0,0.0,1.0,1,0,0.0,0.0,0.0,0.0,0.8193982309664928,0.0,0.18060176903350722,0.8193982309664928,1.0,0.8193982309664928,17,2,2023,10,12,2,0,0,2,1,0,1,GRAVE_LESIONADOS,1
6,1,4,0,5,2,-13.874224752673607,-74.52686229230471,3,4,3,0,7,2,2,3,6543.555,2.0,4,4,1.0,14,33,1198.0,0.3312483804494301,76.0269079614669,43.4502256861828,4.871070219284555,432.3839905999388,1949.642509714284,12678.733000000004,1805.074000000001,1774.0339999999994,9099.625000000004,2485.375000000001,10193.358000000002,19.602707936195205,4,1,0,0,3,30.79912450318283,30.79912450318283,30.79912450318283,1.0,0.0,0.0,0.6401750993634335,1,0,0.0,1.0,0.0,0.0,0.0,0.0,1.0,0.0,0.35982490063656647,0.0,13,1,2022,5,19,2,0,0,2,1,0,1,GRAVE_LESIONADOS,1
3,2,5,0,4,1,-7.2303208936174626,-79.21356905512928,3,4,3,1,1,0,0,2,887.28,2.0,2,0,1.0,8,17,155.0,0.5563774842369664,73.07406660240972,65.2611721745993,7.77984257932775,1045.7361851012442,7379.728051391864,15935.565011852366,1733.9250000199986,935.692,13265.948011832368,2000.1670000199988,13935.398011832369,12.551591352627522,6,2,0,0,4,32.81114844695082,25.244593787803257,40.37770310609837,1.0,0.0,0.4592343686994571,0.4592343686994571,2,0,0.0,0.5407656313005429,0.0,1.0,0.0,1.0,0.5407656313005429,0.0,0.0,0.0,10,1,2021,5,25,4,0,1,2,0,0,1,GRAVE_LESIONADOS,1
5,1,10,0,4,1,-11.550506482226663,-76.90030125683101,0,4,5,1,2,1,1,3,691.654202535349,1.3226993136643406,1,3,0.0,9,23,238.31902059006978,0.5709472341237865,79.45876337257835,72.70694631354613,8.782643960844801,911.7374640697246,8011.055831150785,3636.988000662085,639.092010884531,727.0730052431757,2270.8229845343785,973.9691346240397,2663.0188660380454,26.633155392120766,8,1,0,0,7,58.964419217398465,57.6736219627411,60.25521647205583,1.0,0.0,0.0,0.6773006863356594,1,0,0.0,0.32269931366434057,0.0,1.0,0.0,0.0,1.0,0.32269931366434057,0.32269931366434057,0.32269931366434057,18,2,2021,4,14,1,0,0,0,1,0,1,GRAVE_LESIONADOS,1
3,2,13,0,4,1,-6.655019917110207,-79.58608864831176,0,4,7,1,2,2,2,0,1033.898233685203,2.0,2,2,0.2973704235620842,6,10,201.64462670408537,0.5213860025358579,78.98341638260955,65.03398678572175,7.40189635478094,805.0781342688399,18219.570389934473,3459.691,515.0619999999999,689.7280000000001,2254.901,703.3549999999999,2756.336,20.329994788551925,5,2,0,0,3,45.918407035065414,32.702629576437914,59.134184493692906,1.0,1.0,0.0,0.0,2,0,0.0,0.7026295764379158,0.2973704235620842,1.0,1.0,0.0,0.7026295764379158,1.0,1.0,1.0,5,0,2022,7,14,1,0,0,0,1,0,1,GRAVE_LESIONADOS,1
5,1,12,0,4,1,-7.912039306192759,-79.07742202070877,0,4,7,1,2,2,2,0,6692.931255920959,2.9559800588260723,2,0,1.0,0,30,1578.6669614645998,0.5659909575762491,77.62911204480316,65.19201414639208,8.36812227657207,964.5231657623572,15457.626234709454,8931.828000000005,1335.5899999999997,1935.9830000000004,5660.255000000005,1219.309,7712.519000000005,13.651281686122925,10,1,0,0,9,32.15406979410875,32.0,32.30813958821749,1.0,0.0,0.0,0.0,1,0,0.0,0.04401994117392771,0.9559800588260723,0.0,0.0,0.0,1.0,0.0,0.0,0.0,15,2,2021,10,8,0,0,0,0,1,0,1,GRAVE_LESIONADOS,1
4,1,12,0,4,1,-9.808106994344252,-78.13444718394824,0,4,7,1,2,2,2,0,6543.555,3.0,2,0,1.0,0,30,1475.0,0.611804240311806,77.63721844236716,63.14074997332243,9.962013005265325,1137.465652084576,64989.70260661111,8319.985279049695,1498.596056844915,1778.0914302454137,5043.297791959366,1498.4269894106856,6821.558289639009,18.40642827823961,5,1,0,0,3,47.92236974280135,39.68660046763391,56.15813901796879,1.0,0.5313399532366091,0.0,0.4686600467633909,1,0,0.0,0.5313399532366091,0.5313399532366091,0.4686600467633909,0.5313399532366091,0.4686600467633909,0.5313399532366091,0.0,0.5313399532366091,0.5313399532366091,2,0,2023,7,15,1,0,0,0,1,1,1,GRAVE_LESIONADOS,1
5,1,10,1,2,2,-10.004476807167405,-77.68478489981125,0,2,5,0,2,2,2,1,7899.95413072695,2.0,3,2,1.0,12,32,2250.061858164693,0.7016619863448983,77.42096697704422,76.49564614248071,11.005368271902451,1427.2741589601137,253434.18649474488,10947.683483110986,1703.5976311623238,1333.9126473595234,7910.17320458914,1888.9398350471474,9058.74364806384,19.302315348193368,10,1,0,0,8,31.906029654049807,31.005608980511447,32.806450327588166,1.0,0.3997195509744276,0.0,0.0,1,0,0.0,0.3997195509744276,0.6002804490255724,0.0,0.6002804490255724,0.0,1.0,0.0,0.0,0.0,13,1,2021,6,18,2,0,1,0,1,0,1,GRAVE_LESIONADOS,1
5,1,1,0,4,1,-8.510877628289654,-77.67500179690992,0,4,4,0,6,1,1,0,6700.656049046448,2.0,3,3,1.0,13,32,1319.8520550738249,0.23670795078721804,72.72935827672337,37.22168932192561,4.776182530422797,182.89783640791435,2166.5373502059624,10767.648,1885.0630000000003,1222.721,7659.864000000001,2100.343,8667.305000000002,19.506051832303577,5,1,0,0,4,31.902779283411697,30.95370362649171,32.851854940331684,1.0,0.04629637350829208,0.0,0.0,1,0,0.0,0.0,1.0,0.04629637350829208,0.04629637350829208,0.9537036264917079,0.04629637350829208,0.0,1.0,0.04629637350829208,5,0,2024,1,24,3,0,1,0,1,0,1,GRAVE_LESIONADOS,1
3,1,13,0,3,3,-9.079053246642255,-77.34993911331553,0,3,0,1,5,1,1,0,6543.555,2.0,4,4,1.0,14,33,1198.0,0.516341727664582,75.03200122405404,64.22701694693843,7.375508566796929,857.0923605679104,75464.709724511,9451.296982383801,1679.6346488922152,1035.2353307469966,6736.427002744589,2455.0391321802235,6996.257850203578,25.867989467356065,5,2,0,0,3,33.926330705076566,24.715779529948957,43.13688188020417,1.0,1.0,0.0,1.0,2,0,0.0,0.3578897649744789,0.3578897649744789,0.0,1.0,0.0,0.3578897649744789,0.6421102350255211,1.0,0.0,13,2,2022,3,10,5,1,0,0,1,0,1,GRAVE_LESIONADOS,1
3,4,7,2,4,1,-11.907359926242238,-74.92444237172799,0,1,5,1,2,1,1,1,8953.943095821516,2.0,2,0,1.0,9,31,3169.8951112037057,0.6183164611679756,75.10817415910452,78.15609911633598,9.41006568050712,1118.1070756824765,37914.071125214,8839.112805138962,1381.7062053305829,1077.5340815281465,6379.872518280232,1604.5009892232097,7234.611815915752,17.399167951451794,8,4,0,0,4,35.0560411518347,26.08705249393589,51.0,1.0,0.7018496437234444,0.0,0.7018496437234444,4,0,0.0,0.2981503562765556,0.7018496437234444,1.0,0.7018496437234444,1.0,0.2981503562765556,0.7018496437234444,0.7018496437234444,0.7018496437234444,21,2,2022,3,25,3,0,1,1,1,0,1,GRAVE_LESIONADOS,1
4,1,19,1,4,1,-5.187363649122002,-80.59417059971788,0,1,7,1,2,2,2,0,5881.087858484068,2.873535754596429,2,0,1.0,0,28,1309.0789100305146,0.6220812987247925,80.20155828147696,72.71675503872983,10.02377668600292,1028.915688621886,159840.92719486082,8965.846000060003,1782.4120000599992,636.9959999999999,6546.438000000004,2214.505000059999,6751.341000000004,24.699342371541725,7,2,0,0,5,51.48242905515715,51.48242905515715,51.48242905515715,1.0,0.0,0.0,1.0,2,0,0.8735357545964288,0.0,0.8735357545964288,0.12646424540357115,0.8735357545964288,0.12646424540357115,0.12646424540357115,0.0,1.0,0.8735357545964288,4,0,2023,4,20,5,0,1,0,1,0,1,GRAVE_LESIONADOS,1