CLASE SINIESTRO,CANTIDAD DE VEHICULOS DAÑADOS,DEPARTAMENTO,ZONA,TIPO DE VÍA,RED VIAL,COORDENADAS LATITUD,COORDENADAS  LONGITUD,CONDICIÓN CLIMÁTICA,ZONIFICACIÓN,CARACTERÍSTICAS DE VÍA,PERFIL LONGITUDINAL VÍA,SUPERFICIE DE CALZADA,¿EXISTE SEÑAL VERTICAL?,¿EXISTE SEÑAL HORIZONTAL?,CAUSA FACTOR PRINCIPAL,MTC_RVN_LONGITUD_KM,MTC_RVN_N_CARRILES_MEDIANA,MTC_RVN_SUPERFICIE_DOMINANTE,MTC_RVN_ESTADO_DOMINANTE,MTC_RVN_ES_CONCESIONADA,MTC_RVN_CONCESION_PRINCIPAL,MTC_RVN_CORREDOR_LOGISTICO,MTC_RVN_N_TRAMOS,IDH_2019,IDH_ESP_VIDA_2019,IDH_EDUC_SECUND_PCT_2019,IDH_ANIOS_EDUC_2019,IDH_INGRESO_PERCAP_2019,IDH_POBLACION_2019,MTC_DEP_RED_TOTAL_KM,MTC_DEP_NACIONAL_TOTAL_KM,MTC_DEP_DEPARTAMENTAL_TOTAL_KM,MTC_DEP_VECINAL_TOTAL_KM,MTC_DEP_PAV_TOTAL_KM,MTC_DEP_NO_PAV_TOTAL_KM,MTC_DEP_PCT_PAVIMENTADA,PER_TOTAL_PERSONAS,PER_N_CONDUCTORES,PER_N_CONDUCTORES_FUGADOS,PER_N_PEATONES,PER_N_PASAJEROS_OCUPANTES,PER_EDAD_COND_PROM,PER_EDAD_COND_MIN,PER_EDAD_COND_MAX,PER_ANY_COND_MASCULINO,PER_ANY_LIC_PROBLEMA,PER_ANY_DOSAJE_POS,PER_ANY_DOSAJE_EVALUADO,VEH_TOTAL,VEH_N_FUGADOS,VEH_ANY_FUGADO,VEH_ANY_CARGA,VEH_ANY_PUBLICO,VEH_ANY_PARTICULAR,VEH_ANY_MOTO,VEH_ANY_AUTO,VEH_ANY_CAMION_BUS,VEH_ANY_SOAT_PROBLEMA,VEH_ANY_CITV_PROBLEMA,VEH_ANY_SEGURO_PROBLEMA,HORA_NUM,FRANJA_HORARIA,ANIO,MES,DIA_MES,DIA_SEMANA,ES_FIN_SEMANA,ES_QUINCENA,REGION_NATURAL,TIENE_SEÑALIZACION,ES_VIA_MULTICARRIL,ES_DEPTO_BAJO_PAVIMENTO,CATEGORIA_SEVERIDAD,CATEGORIA_SEVERIDAD_ENC
5,1,5,0,6,3,-13.377128701833435,-74.53340887182272,4,4,2,0,6,2,2,5,6707.825446005307,2.0,3,3,1.0,13,28,1198.0,0.2892860467030469,79.2312178400253,34.66167288092329,4.16352745819018,338.0281812928818,2409.6918132865694,12613.520963852863,1808.4417592136606,1668.7824714569658,9136.296733182236,2344.1717365395325,10269.34922731333,18.55562515835633,5,1,0,0,3,30.338286737545957,29.94467299120891,30.731900483883006,1.0,0.0,0.0,0.8425545014651813,1,0,0.0,0.8425545014651813,0.1574454985348187,0.1574454985348187,0.0,0.1574454985348187,1.0,0.0,0.0,0.0,11,1,2021,4,26,0,0,1,2,1,0,1,GRAVE_LESIONADOS,1
6,1,1,0,4,0,-11.846286326451121,-75.16892788612253,2,4,0,0,3,1,0,1,6543.555,2.0,4,4,1.0,14,33,1198.0,0.4172051470041769,76.32078784877727,52.346079829780905,6.190163705104928,590.446612211335,8109.203987312045,10606.341006473951,1743.8748323275645,1413.5972239413682,7448.86895020502,2385.109009560107,8221.231996913846,22.569627712947188,5,1,0,0,4,49.22109672455791,49.22109672455791,49.22109672455791,1.0,0.0,0.0,0.0,1,0,0.0,0.0,0.0,0.36218160279415157,0.0,0.36218160279415157,0.6378183972058484,0.0,0.6378183972058484,0.0,6,1,2022,4,6,1,0,0,0,1,0,1,GRAVE_LESIONADOS,1
3,2,16,0,4,1,-14.555120977286778,-71.36467305696992,0,2,2,0,2,2,2,2,628.9411062333022,1.0,0,2,0.0,9,32,82.21819479856563,0.4371726557764016,75.7117422562344,70.00616791093947,7.636483621645229,523.4236024276092,48054.385156061646,13174.519047064829,1954.8031739069295,1930.1869637617588,9289.52890939614,2728.187071729868,10446.33197533496,20.44211249277651,8,2,0,0,6,46.462818328186586,38.246576099102036,54.679060557271136,1.0,0.0,0.0,0.6604697213644312,2,0,0.0,0.33953027863556884,0.6604697213644312,1.0,0.0,1.0,1.0,0.6604697213644312,0.0,0.0,11,2,2022,4,30,0,0,1,2,1,0,1,GRAVE_LESIONADOS,1
4,8,6,0,4,0,-9.860861559346446,-75.1770235381978,1,3,3,0,2,1,1,2,7115.492899138551,2.0,3,2,1.0,11,26,1638.2133521071148,0.6092023360549595,76.15132632625986,73.83664864662921,9.549912240736234,1066.2227810216295,98283.60349841198,16911.151979324604,1926.2546556512655,1955.6568380051676,13029.24048566817,2465.0791180411834,14446.07286128342,14.477784210574612,6,1,0,0,4,35.11867388714654,34.412449258097695,35.82489851619539,1.0,0.47081641936589813,0.0,1.0,1,0,0.0,0.0,0.47081641936589813,1.0,0.47081641936589813,0.0,0.5291835806341019,0.0,0.47081641936589813,0.47081641936589813,15,2,2023,11,19,1,0,0,2,1,0,1,GRAVE_LESIONADOS,1
6,1,7,1,2,3,-8.486021968112254,-76.87507434147231,0,0,5,0,2,2,2,5,5324.860441881748,1.8010702202049615,3,3,0.8010702202049617,13,32,970.0264723548861,0.4565468773024123,73.68327623508515,66.95267425150514,6.385189606171239,680.5358572343101,47004.84478286748,15479.368894120045,1790.9888030693462,1217.8589729057774,12470.521118144923,2261.5378537420247,13217.831040378023,14.887197684093001,6,1,0,0,5,53.70695643133225,52.61284264245954,54.80107022020496,1.0,0.0,0.0,1.0,1,0,0.0,0.0,1.0,0.19892977979503834,0.0,0.19892977979503834,1.0,0.19892977979503834,0.0,0.0,13,3,2023,5,14,2,0,0,2,1,0,1,GRAVE_LESIONADOS,1
3,1,6,0,4,1,-11.565248611257788,-74.00540085844746,0,4,7,1,2,1,1,2,8522.951020830258,2.0,2,0,1.0,9,15,2246.360846110936,0.2783196178208904,68.9537631181671,54.670353288080264,4.983763074141919,263.26258616237874,5431.540132987469,17044.816385769365,1952.6055911586222,2095.4014217399517,12996.80937287079,2528.7763632650413,14516.040022504323,14.74169038566706,4,1,0,0,3,43.94940174138605,36.127475829320005,51.77132765345209,1.0,0.0,0.0,1.0,1,0,0.0,0.6016866086204651,0.0,1.0,0.3983133913795349,0.6016866086204651,0.6016866086204651,0.0,0.0,0.0,15,1,2022,4,4,1,0,0,2,1,0,1,GRAVE_LESIONADOS,1
6,1,11,0,4,1,-7.98436363136573,-77.31130003784045,0,4,7,1,7,2,2,0,1460.2177049868333,1.0,3,1,0.0,9,32,249.9051634835152,0.23301762140361382,82.23269415736506,24.024593580926386,4.023264280027638,216.5504094136956,3469.304465594919,9016.204409124068,1345.2778092257004,1924.6811425063495,5746.245457392017,1320.4850312985072,7695.71937782556,14.519865366269563,5,1,0,0,4,37.12136613790136,37.12136613790136,37.12136613790136,1.0,0.0,0.0,0.0,1,0,0.0,0.06068306895068232,0.0,0.9393169310493177,0.0,0.0,1.0,0.0,0.9393169310493177,0.0,13,2,2023,5,6,4,0,0,0,1,0,1,GRAVE_LESIONADOS,1
6,1,5,0,4,1,-6.219689147859372,-78.78849571577004,0,4,0,0,1,1,1,2,423.86086343313883,1.4133424598711923,1,1,0.4133424598711922,10,32,69.55915123197911,0.33389104376172446,74.51705528591529,49.47619578136346,4.930370557203672,374.4791640393775,7633.32513011191,15935.565011852366,1733.9250000199986,935.692,13265.948011832368,2000.1670000199988,13935.398011832369,12.551591352627522,8,1,0,0,7,34.75997262038642,34.75997262038642,34.75997262038642,1.0,0.0,0.0,1.0,1,0,0.0,0.0,0.4133424598711922,0.5866575401288078,0.0,0.0,1.0,0.0,0.0,0.0,17,1,2024,7,16,5,1,0,2,1,0,1,GRAVE_LESIONADOS,1
3,1,11,0,4,1,-11.807897970868646,-75.51350311692353,2,4,3,1,2,0,1,2,7586.903,2.0,2,0,1.0,9,5,1198.0,0.5071845600736855,70.9373019717436,70.27686971229863,8.460937650771228,771.0973010474823,835.0429684487119,12264.545,1826.4639999999995,1105.5389999999998,9332.542,1588.5359999999996,10676.009,12.952261987705208,5,2,0,0,3,38.36653734915918,28.47891373293709,48.25416096538126,1.0,0.0,0.0,1.0,2,0,0.0,0.0,0.0,1.0,0.45338506033632897,1.0,0.0,0.0,0.45338506033632897,0.0,17,2,2023,4,24,4,0,1,2,1,0,1,GRAVE_LESIONADOS,1
3,1,18,0,4,1,-5.0782169302582725,-80.19423497767926,0,4,7,1,2,2,2,1,6543.555,3.0,2,0,1.0,0,30,1475.0,0.5669874299686098,77.89754088918048,70.34563419126994,8.500536689744592,927.237570937151,9668.467101199454,2077.6733543052487,302.6840578893674,462.8739476680173,1312.115348747864,462.89501696560205,1614.7783373396464,24.34387767165412,6,2,0,0,4,51.19477507295655,48.79651671530437,53.59303343060874,1.0,0.5639530258814209,0.0,0.5639530258814209,2,0,0.0,0.43604697411857907,1.0,0.5639530258814209,0.5639530258814209,0.5639530258814209,0.43604697411857907,0.5639530258814209,0.5639530258814209,0.5639530258814209,13,1,2024,3,9,5,0,0,0,1,1,1,GRAVE_LESIONADOS,1
3,1,12,0,4,1,-7.915401995385551,-78.92141803671116,0,4,7,1,2,2,2,2,6543.555,2.7486721752509906,2,1,1.0,3,30,1405.3821925445245,0.5369536812490409,77.43173699997607,60.38030540029188,7.912933917354849,898.9367266780466,14961.015094593226,8931.828000000005,1335.5899999999997,1935.9830000000004,5660.255000000005,1219.309,7712.519000000005,13.651281686122925,10,1,0,0,9,47.10707436588838,44.97875480401585,48.98406610301189,0.7486721752509908,0.0,0.0,0.0,1,0,0.0,0.7486721752509908,1.0,0.0,0.25132782474900917,0.0,0.7486721752509908,0.25132782474900917,0.0,0.25132782474900917,9,1,2024,3,5,2,0,0,0,1,0,1,GRAVE_LESIONADOS,1
6,1,12,0,4,2,-7.812269436402349,-78.42718659665226,0,4,5,0,2,2,2,1,6543.555,2.0,4,4,1.0,14,33,1198.0,0.1883083184611077,75.93360618381381,28.79507521744373,3.260895439511201,147.65429669929867,24235.73233404711,8931.828000000005,1335.5899999999997,1935.9830000000004,5660.255000000005,1219.309,7712.519000000005,13.651281686122925,4,1,0,0,3,36.3766003636375,36.3766003636375,36.3766003636375,1.0,0.8279249545453125,0.0,0.0,1,0,0.0,0.0,0.0,0.8279249545453125,0.0,0.0,1.0,0.0,0.17207504545468755,0.0,18,1,2022,7,21,3,0,0,0,1,0,1,GRAVE_LESIONADOS,1
3,1,22,1,4,0,-7.627430389236105,-75.8942094166065,0,0,7,0,3,2,2,0,5345.240437938549,2.0,3,3,1.0,11,30,961.2365816243392,0.5277111938096951,75.67167685638005,58.15199332833804,8.54413547798912,865.1473491294607,116361.02833892003,4124.979198528159,710.6039313837073,1157.2272181860435,2257.1480489584083,708.3390020328136,3416.6401964953457,13.152756904351882,12,1,0,0,10,40.51632618563504,32.03265237127008,49.0,1.0,0.0,0.0,0.22875692596682196,1,0,0.0,0.0,1.0,0.771243074033178,0.771243074033178,0.0,0.22875692596682196,0.771243074033178,0.771243074033178,0.771243074033178,16,1,2021,8,10,0,0,0,0,1,0,1,GRAVE_LESIONADOS,1
6,1,19,1,6,3,-14.232298096142618,-69.69207227378702,1,4,3,1,3,2,2,4,6543.555,2.0,4,4,1.0,14,33,1198.0,0.3739757559163539,70.82135362245063,67.5753440181496,5.980175267013802,416.4090249690289,11338.772277754973,13588.837762519228,2013.23706204595,2305.656007247036,9269.944693226242,3247.079637543571,10341.758124975655,23.852303420986075,4,1,0,0,3,50.41780578282297,50.41780578282297,50.41780578282297,1.0,0.0,0.0,0.03881294781180211,1,0,0.0,0.0,0.0,1.0,0.0,0.03881294781180211,0.9611870521881979,0.0,0.9611870521881979,0.0,11,2,2021,1,18,0,0,1,2,1,0,1,GRAVE_LESIONADOS,1
3,1,20,0,4,1,-5.516618698590424,-79.69007824435245,1,4,1,1,2,2,2,1,6562.272896046401,2.805871229554028,2,0,1.0,1,30,1502.372156632882,0.5700103810135668,77.77743655378448,66.70643548406663,8.774228650094106,943.3158894076001,24493.80182353737,1535.6481118068373,247.1302023638559,376.26452895813543,912.2533804848457,437.3089695032122,1098.339142303625,27.872327627328666,6,2,0,0,3,37.0,36.41761368866209,37.58238631133791,1.0,1.0,0.0,0.0,2,0,0.0,0.1941287704459722,0.8058712295540278,1.0,1.0,1.0,0.0,0.0,1.0,1.0,3,0,2024,2,24,5,0,1,0,1,0,1,GRAVE_LESIONADOS,1
6,1,5,0,4,2,-6.96283371704635,-78.48234945868228,3,4,0,0,1,2,2,0,6543.555,2.0,4,4,1.0,14,33,1198.0,0.27793118019460405,73.4685127435093,48.22705707146516,4.014006715777188,292.7961549178923,8800.216995337476,15935.565011852366,1733.9250000199986,935.692,13265.948011832368,2000.1670000199988,13935.398011832369,12.551591352627522,6,1,0,0,5,32.36607509263774,30.219645055582646,33.975897620429066,0.4633924907362257,0.4633924907362257,0.0,0.4633924907362257,1,0,0.0,0.4633924907362257,0.5366075092637743,0.0,0.4633924907362257,0.5366075092637743,0.0,0.4633924907362257,1.0,0.4633924907362257,11,2,2023,4,7,2,0,0,2,1,0,1,GRAVE_LESIONADOS,1
3,1,13,1,2,3,-11.68653502939846,-77.0548239985784,0,0,6,0,2,2,2,1,6764.728388864935,2.0,3,3,1.0,13,32,1369.548389551915,0.6782301373856425,78.25570282839205,74.47731754864888,9.970712685291433,1359.1722998565251,255289.54724498323,8167.893091570777,1686.6959208740016,1555.8445282320536,4925.3526424647225,1826.9519544833906,6340.941137087387,23.064553402702472,6,1,0,0,4,39.09867386954173,30.217864485325613,47.979483253757834,1.0,0.06517795955619876,0.0,0.0,1,0,0.0,0.06517795955619876,0.9348220404438012,0.9348220404438012,0.0,0.0,1.0,0.0,0.0,0.0,9,1,2021,1,19,1,0,1,0,1,0,1,GRAVE_LESIONADOS,1
3,1,13,0,4,1,-10.949990999830188,-77.29885249619893,0,4,5,1,1,2,2,1,931.8768592947921,-0.6699135501042337,0,0,0.8349567750521169,9,17,181.7954463434333,0.530621591872152,79.07641871762783,59.096222588051546,6.3419679169712,1082.8819051654382,20578.397656791443,7841.779405817837,1625.9988208012016,1654.6860624849417,4561.094522531694,1716.580866690689,6125.198539127148,22.122970047171307,5,1,0,0,3,55.41747838752606,49.15530257463518,61.679654200416934,1.0,0.16504322494788315,0.0,0.8349567750521169,1,0,0.0,0.16504322494788315,0.0,0.8349567750521169,0.0,0.8349567750521169,0.16504322494788315,0.0,0.16504322494788315,0.0,6,0,2021,11,4,5,0,0,0,1,0,1,GRAVE_LESIONADOS,1
3,1,12,0,4,1,-7.982611721964727,-78.24776266691323,0,4,7,1,2,2,2,0,9936.932,2.0,2,0,1.0,9,32,3830.0,0.4320883936567258,76.718936301794,43.003289188979466,6.269065613037991,662.0777072841523,13167.552462526766,8931.828000000005,1335.5899999999997,1935.9830000000004,5660.255000000005,1219.309,7712.519000000005,13.651281686122925,10,1,0,0,9,37.625784137250676,34.67691335801937,40.57465491648198,1.0,0.0,0.0,0.0,1,0,0.0,0.8425345083518017,0.15746549164819834,0.0,0.0,0.0,1.0,0.0,0.0,0.0,10,1,2023,7,20,4,0,1,0,1,0,1,GRAVE_LESIONADOS,1
3,2,17,1,2,3,-14.10584663501726,-71.55820844026613,1,3,2,1,3,2,2,1,6308.584719870521,2.0,3,3,0.6967918062403251,12,32,945.4275745981909,0.5007074256373315,75.19021816150816,71.38638995316967,8.203211793339165,693.3421813727274,64254.337062573584,13224.56245330012,1961.861099829589,1975.5379198519327,9287.163433618596,2790.8614103365812,10433.701042963537,20.854011747129835,7,2,0,0,4,43.329419737287154,38.845460706085525,49.903754187209756,1.0,0.0,0.6967918062403251,0.6967918062403251,2,0,0.0,0.0,1.0,1.0,0.6967918062403251,1.0,0.3032081937596749,0.0,1.0,0.6967918062403251,12,1,2022,2,12,3,0,0,2,1,0,1,GRAVE_LESIONADOS,1
6,1,5,0,4,2,-6.328430848610835,-78.61668375940533,0,4,3,0,2,2,2,0,6543.555,2.0,4,4,1.0,14,33,1198.0,0.24786725419901562,73.75974467921587,35.6500391813576,3.9084257814590018,258.9927989165765,9002.029249632618,15935.565011852366,1733.9250000199986,935.692,13265.948011832368,2000.1670000199988,13935.398011832369,12.551591352627522,7,1,0,0,6,38.16564532404627,38.16564532404627,38.16564532404627,1.0,0.5705521029212974,0.0,1.0,1,0,0.0,1.0,0.0,0.0,0.5705521029212974,0.0,0.42944789707870257,0.5705521029212974,0.5705521029212974,0.5705521029212974,13,1,2024,4,8,4,0,0,2,1,0,1,GRAVE_LESIONADOS,1
4,1,11,0,4,1,-10.759718488226838,-75.98000196896258,0,4,3,1,1,2,2,1,6543.555,2.0,4,4,1.0,14,33,1198.0,0.39947089411317394,71.36916580200923,54.56806551062795,6.063454017199641,636.1722962153987,36976.95929470752,9604.323785325727,1647.2365489053557,1160.770747934178,6796.3164884861935,2530.8617601633255,7073.462025162402,26.23637749282421,8,1,0,0,6,41.29093942246969,40.349527527837814,42.23235131710156,1.0,0.0,0.4707059473159374,1.0,1,0,0.0,0.4707059473159374,0.5292940526840626,0.4707059473159374,0.0,0.4707059473159374,0.5292940526840626,0.0,0.5292940526840626,0.0,8,1,2022,9,15,6,1,0,0,1,0,1,GRAVE_LESIONADOS,1
3,1,12,0,4,1,-7.233156806521642,-79.30940954117729,0,4,5,0,2,2,2,0,6543.555,2.8426284166500895,2,0,1.0,2,30,1431.4080714120748,0.46061582918545235,78.18549845389575,56.06087328205563,5.924821183570318,749.9353058687032,24627.9460903299,8931.828000000005,1335.5899999999997,1935.9830000000004,5660.255000000005,1219.309,7712.519000000005,13.651281686122925,8,1,0,0,6,42.157371583349914,30.360573750248655,53.954169416451165,1.0,0.8426284166500896,0.0,0.0,1,0,0.0,0.0,0.8426284166500896,0.8426284166500896,0.8426284166500896,0.0,1.0,0.0,0.15737158334991042,0.8426284166500896,5,0,2024,2,17,2,0,0,0,1,0,1,GRAVE_LESIONADOS,1
3,1,14,1,4,0,-12.057468862687376,-76.93182898443567,0,2,6,0,2,2,2,0,6636.97941088183,2.0,2,0,1.0,9,31,1603.0135215578173,0.6859079250059509,78.23143303051003,70.64924975154544,9.76219535598859,1460.560143190395,95614.2148137156,7564.761534926679,1656.4257036692218,1579.3924850730168,4328.943346184441,1789.9748567211059,5774.7866782055735,23.615926590217306,6,2,0,0,3,35.764079107077876,22.683498865378038,48.84465934877772,1.0,0.0,0.0,0.0,2,0,0.0,0.9689318697555437,0.0,0.031068130244456316,0.0,0.0,1.0,0.0,0.031068130244456316,0.0,2,0,2023,5,10,4,0,0,0,1,0,1,GRAVE_LESIONADOS,1
5,1,7,0,4,0,-13.016996674955676,-72.66511549213278,0,4,6,0,6,2,2,2,6226.202178708696,2.0,4,3,0.9469028994605169,13,31,1141.6639763276085,0.5789377212571261,76.77763747988337,79.77606830169846,9.58389128173747,874.1319652520878,30978.178509663318,17779.13499998999,2097.3709999899997,2863.123,12818.640999999989,2878.713,14900.421999989989,16.19152450331032,4,1,0,0,3,34.46902899460517,34.46902899460517,34.46902899460517,1.0,0.9469028994605169,0.0,0.05309710053948313,1,0,0.0,0.0,0.0,0.05309710053948313,0.0,0.0,0.05309710053948313,0.9469028994605169,1.0,0.0,14,2,2021,2,8,0,0,0,2,1,0,1,GRAVE_LESIONADOS,1
5,1,14,2,2,4,-11.988328685192059,-76.98119492231467,1,1,2,1,2,2,2,1,6543.555,2.0,4,4,1.0,14,33,1198.0,0.6976353731623218,79.62746146726927,73.90808098225689,9.858465007261968,1455.2463916139654,1038266.2700312262,7626.313,1683.4029999999998,1599.0829999999996,4343.827000000001,1814.875,5811.438000000001,23.797541485643197,10,1,0,0,8,39.51857482867299,38.07429931469195,40.96285034265403,1.0,0.24071258566350673,0.0,0.0,1,0,0.0,0.24071258566350673,1.0,0.0,0.0,0.0,1.0,1.0,1.0,1.0,10,1,2022,8,15,2,0,0,0,1,0,1,GRAVE_LESIONADOS,1
3,1,5,0,4,1,-7.236573109516011,-79.04713742465574,0,4,0,0,1,1,1,2,701.7922989545212,2.0,2,0,1.0,8,20,121.40715347869161,0.5068365845311064,73.39078753628944,63.18966504866015,7.022912337691399,894.915443791923,7639.48635561691,15935.565011852366,1733.9250000199986,935.692,13265.948011832368,2000.1670000199988,13935.398011832369,12.551591352627522,6,1,0,0,4,33.380025548138185,29.199744518618157,37.56030657765821,1.0,0.0,0.0,0.2399489037236313,1,0,0.0,0.7600510962763687,0.2399489037236313,0.7600510962763687,0.0,0.7600510962763687,1.0,0.0,0.0,0.0,10,1,2021,3,18,6,1,0,2,1,0,1,GRAVE_LESIONADOS,1
6,1,20,0,4,1,-17.76934740664508,-70.6649501983176,0,4,0,0,2,1,0,1,1060.7014925087508,1.0833790537687595,1,2,0.08337905376875954,8,31,164.2435534186049,0.5993477603036069,77.66144466223798,75.00004241106808,9.916579219510279,960.6511855114385,33912.60891021835,2739.8617115113734,636.30217005709,508.8315232407245,1594.7280182135582,1071.5536470179452,1668.3080644934278,39.428903970734346,5,1,0,0,4,36.751508774369064,36.751508774369064,36.751508774369064,1.0,0.0,0.0,0.0,1,0,0.0,0.0,0.9166209462312405,0.08337905376875954,0.0,0.08337905376875954,0.9166209462312405,0.0,0.0,0.0,14,2,2021,6,8,3,0,0,0,1,0,1,GRAVE_LESIONADOS,1
3,1,18,0,3,1,-15.563392414500228,-70.32484725548213,0,3,0,0,2,2,2,2,855.2797421156674,1.0714922480562215,0,3,0.07149224805622145,9,32,133.9301162724298,0.4068861532626852,77.43317057324334,74.55117482365824,7.200006715106831,400.1128960270126,50358.041384419834,13806.262741686776,2000.2711626775108,2252.7106080508543,9553.28097095841,3220.119407664082,10586.143334022694,23.45306918309138,9,1,0,0,7,48.964699612365436,43.857906976674656,54.071492248056224,1.0,0.0,0.0,1.0,1,0,0.0,0.0,1.0,0.9285077519437785,0.0,0.9285077519437785,1.0,0.9285077519437785,0.0,0.0,13,3,2022,1,29,0,0,0,2,1,0,1,GRAVE_LESIONADOS,1
5,1,14,0,4,1,-7.04813261352032,-79.39635520004683,0,4,7,0,2,1,1,1,3811.8777668248977,0.7392113448193158,3,2,0.579737114939772,11,32,709.2342646749548,0.4884279091934186,75.8988835446157,55.5522731153638,6.6652709987126055,817.271617603786,71101.27714504155,8946.1245028492,1523.3727028535964,1390.06697572427,6032.684824271332,1637.552942185614,7308.571560663585,18.29437154409751,6,1,0,0,5,28.0,28.0,28.0,1.0,0.579737114939772,0.0,0.420262885060228,1,0,0.0,0.0,0.420262885060228,0.579737114939772,0.420262885060228,0.579737114939772,0.0,0.420262885060228,1.0,0.420262885060228,11,1,2023,7,21,3,0,0,0,1,0,1,GRAVE_LESIONADOS,1
0,1,15,1,2,3,-9.986076913154164,-78.20633155431936,0,1,2,1,2,1,1,2,6543.555,2.3329631428746462,3,2,1.0,9,32,1290.230790576277,0.7237745668066882,77.7010871002952,74.33520953633112,10.972683850761364,1619.2897545413525,47095.32137338724,8072.328117684282,1716.3693478328532,1278.74348876116,5077.215281090269,1947.9370608069723,6124.391056877311,24.097807942859113,9,2,0,0,6,54.66925799987747,53.33518428562677,56.00333171412819,1.0,0.0,0.0,0.3329631428746461,2,0,0.0,0.3329631428746461,0.6670368571253539,0.6670368571253539,0.0,0.0,1.0,0.6670368571253539,1.0,0.6670368571253539,9,2,2022,1,23,1,0,1,0,1,0,1,GRAVE_LESIONADOS,1
3,2,13,0,4,1,-11.127822411730275,-77.43888445195937,0,4,7,1,2,2,2,1,828.5346771878951,-0.7347306617891576,0,0,1.0,8,15,161.1768462254739,0.592487475950211,78.88441128894935,63.5800404816436,7.1423710157728815,1212.8575872372844,20782.358820555462,7257.887313161755,1580.094652041802,1518.6750003170928,4159.11766080286,1716.590941730628,5541.296371431127,23.490930213125665,5,2,0,0,3,54.21786486531426,46.58523019620884,61.85049953441968,1.0,0.08842311273694747,0.0,0.9115768872630525,2,0,0.0,0.0,0.08842311273694747,1.0,0.08842311273694747,0.9115768872630525,0.0,0.08842311273694747,0.08842311273694747,0.08842311273694747,8,1,2021,11,6,5,1,0,0,1,0,1,GRAVE_LESIONADOS,1
3,1,3,0,4,1,-16.645665288434166,-71.65829614331182,0,4,4,0,2,2,2,0,1780.910294336883,2.0,2,0,1.0,8,29,340.46573432708,0.6006469710991735,79.21955460626279,71.64716789588837,8.366838594179907,1106.894189551489,1087.935979456952,10322.272,1495.236,1749.739,7077.2970000000005,2886.595,7435.677000000001,27.964725207783708,9,2,0,0,7,29.919341182305526,25.65437983109921,34.18430253351184,1.0,0.0,0.0,0.3456201689007895,2,0,0.0,0.0,0.3456201689007895,1.0,0.0,0.6543798310992105,0.3456201689007895,0.0,0.0,0.0,4,0,2024,5,3,1,0,0,0,1,0,1,GRAVE_LESIONADOS,1
3,1,6,0,4,0,-11.80442309230757,-74.48646732071437,0,4,7,1,2,2,2,1,7298.549029966731,2.0,2,1,1.0,10,24,1779.1093359141087,0.5100814467086722,74.51160921645717,56.220376647514215,7.41495885751126,883.6559785433662,33738.91379025841,9008.893427493334,1394.7022203649256,1154.4829146697664,6459.708292458641,1751.2652204808605,7257.6282070124735,18.60863143501861,6,2,0,0,4,51.86029244552336,47.99577051210911,55.724814378937616,1.0,0.0,0.3784926888619159,1.0,2,0,0.0,0.3784926888619159,0.0,1.0,0.6215073111380841,1.0,0.0,0.0,0.6215073111380841,0.0,12,1,2021,6,18,4,0,0,1,1,0,1,GRAVE_LESIONADOS,1
3,1,3,0,4,1,-16.315249898282975,-71.97189496291995,0,4,7,1,2,1,1,0,1453.7486441840529,2.0,2,0,0.9612005452711125,7,24,233.78330142042694,0.6118589446753487,78.12614987104047,68.41989954354489,8.431277660223131,1163.2640700535544,35065.190437439676,10217.670260828565,1502.5367769979707,1743.8936293483648,6971.239854482228,2845.0128483779567,7372.657412450607,27.80304075160956,8,2,0,0,5,30.717180551996982,23.66837655334216,37.125184187137734,1.0,0.0,0.0,1.0,2,0,0.0,0.9612005452711125,0.9612005452711125,0.03879945472888746,0.0,0.03879945472888746,0.9612005452711125,0.0,0.0,0.0,18,2,2024,7,2,1,0,0,0,1,0,1,GRAVE_LESIONADOS,1