CLASE SINIESTRO,CANTIDAD DE VEHICULOS DAÑADOS,DEPARTAMENTO,ZONA,TIPO DE VÍA,RED VIAL,COORDENADAS LATITUD,COORDENADAS  LONGITUD,CONDICIÓN CLIMÁTICA,ZONIFICACIÓN,CARACTERÍSTICAS DE VÍA,PERFIL LONGITUDINAL VÍA,SUPERFICIE DE CALZADA,¿EXISTE SEÑAL VERTICAL?,¿EXISTE SEÑAL HORIZONTAL?,CAUSA FACTOR PRINCIPAL,MTC_RVN_LONGITUD_KM,MTC_RVN_N_CARRILES_MEDIANA,MTC_RVN_SUPERFICIE_DOMINANTE,MTC_RVN_ESTADO_DOMINANTE,MTC_RVN_ES_CONCESIONADA,MTC_RVN_CONCESION_PRINCIPAL,MTC_RVN_CORREDOR_LOGISTICO,MTC_RVN_N_TRAMOS,IDH_2019,IDH_ESP_VIDA_2019,IDH_EDUC_SECUND_PCT_2019,IDH_ANIOS_EDUC_2019,IDH_INGRESO_PERCAP_2019,IDH_POBLACION_2019,MTC_DEP_RED_TOTAL_KM,MTC_DEP_NACIONAL_TOTAL_KM,MTC_DEP_DEPARTAMENTAL_TOTAL_KM,MTC_DEP_VECINAL_TOTAL_KM,MTC_DEP_PAV_TOTAL_KM,MTC_DEP_NO_PAV_TOTAL_KM,MTC_DEP_PCT_PAVIMENTADA,PER_TOTAL_PERSONAS,PER_N_CONDUCTORES,PER_N_CONDUCTORES_FUGADOS,PER_N_PEATONES,PER_N_PASAJEROS_OCUPANTES,PER_EDAD_COND_PROM,PER_EDAD_COND_MIN,PER_EDAD_COND_MAX,PER_ANY_COND_MASCULINO,PER_ANY_LIC_PROBLEMA,PER_ANY_DOSAJE_POS,PER_ANY_DOSAJE_EVALUADO,VEH_TOTAL,VEH_N_FUGADOS,VEH_ANY_FUGADO,VEH_ANY_CARGA,VEH_ANY_PUBLICO,VEH_ANY_PARTICULAR,VEH_ANY_MOTO,VEH_ANY_AUTO,VEH_ANY_CAMION_BUS,VEH_ANY_SOAT_PROBLEMA,VEH_ANY_CITV_PROBLEMA,VEH_ANY_SEGURO_PROBLEMA,HORA_NUM,FRANJA_HORARIA,ANIO,MES,DIA_MES,DIA_SEMANA,ES_FIN_SEMANA,ES_QUINCENA,REGION_NATURAL,TIENE_SEÑALIZACION,ES_VIA_MULTICARRIL,ES_DEPTO_BAJO_PAVIMENTO,CATEGORIA_SEVERIDAD,CATEGORIA_SEVERIDAD_ENC
3,1,22,0,4,0,-6.161408253874684,-78.55077993196673,4,4,6,1,6,2,2,0,6543.555,2.0,4,4,1.0,14,33,1198.0,0.4970426913574427,74.71189790702833,65.41226788773247,8.089614752920896,798.5455611309969,3747.4672114416016,1315.6826886880801,230.40325162283355,324.8049606681205,760.474476397126,424.845413776432,890.837274911648,29.851588210029373,4,1,0,0,2,36.373545056462255,36.373545056462255,36.373545056462255,1.0,0.8132274717688707,0.8132274717688707,1.0,1,0,0.0,0.18677252823112933,0.0,0.8132274717688707,0.8132274717688707,0.8132274717688707,0.18677252823112933,0.8132274717688707,0.8132274717688707,0.0,18,2,2021,6,8,5,0,0,0,1,0,1,GRAVE_LESIONADOS,1
5,1,7,0,4,1,-14.093550952677953,-72.00710949843518,0,3,7,1,6,1,1,2,6719.624351751019,2.0,3,3,1.0,13,28,1198.0,0.3832412985644358,72.21469428473554,55.15521083661596,5.04379001662166,554.4173389803692,7454.637391325905,17779.13499998999,2097.3709999899997,2863.123,12818.640999999989,2878.713,14900.421999989989,16.19152450331032,7,1,0,0,6,30.071851927994683,29.48121224580948,30.662491610179885,1.0,1.0,0.0,0.1687541949100575,1,0,0.0,0.0,0.1687541949100575,1.0,0.0,0.1687541949100575,1.0,0.0,0.0,0.0,6,1,2022,8,12,4,0,0,2,1,0,1,GRAVE_LESIONADOS,1
3,1,3,0,4,1,-16.445152889835764,-71.72603382935635,0,4,5,0,2,1,1,0,1504.4250000000002,2.0,2,0,1.0,7,25,241.0,0.6082060165908552,78.13230557283724,70.46444642684963,8.547574708725508,1120.636191016015,34631.465882256125,10322.272,1495.236,1749.739,7077.2970000000005,2886.595,7435.677000000001,27.964725207783708,8,2,0,0,5,33.92022232534606,27.131096160556613,40.19816958590996,1.0,0.0,0.0,1.0,2,0,0.0,1.0,0.7667683563383357,0.0,0.0,0.0,1.0,0.0,0.0,0.0,18,2,2024,6,7,2,0,0,0,1,0,1,GRAVE_LESIONADOS,1
4,1,12,0,4,1,-8.029121441274079,-78.24098936021241,0,4,7,1,2,2,2,2,8747.069155591222,2.3506426914571468,2,0,1.0,5,31,3004.236461618419,0.4360145968208672,74.43531894806449,56.15297985202707,5.994823732903496,658.5677921819881,68879.88654839134,8931.828000000005,1335.5899999999997,1935.9830000000004,5660.255000000005,1219.309,7712.519000000005,13.651281686122925,6,1,0,0,4,30.44164501105709,27.84421577688568,33.039074245228505,1.0,0.0,0.0,0.0,1,0,0.0,1.0,0.0,0.0,0.0,0.0,1.0,0.0,0.6493573085428531,0.0,10,0,2022,6,7,2,0,0,0,1,0,1,GRAVE_LESIONADOS,1
4,1,19,0,4,1,-5.159439887750106,-80.64390509137912,4,4,7,1,2,2,2,1,4569.67962773326,2.6231893722257875,2,0,1.0,0,26,980.6244563602332,0.6081623052237748,79.08379408617408,72.43716753663054,9.83076725743782,996.1367343922653,174818.7059383244,8965.846000060003,1782.4120000599992,636.9959999999999,6546.438000000004,2214.505000059999,6751.341000000004,24.699342371541725,9,1,0,0,7,32.898538161064764,32.898538161064764,32.898538161064764,1.0,0.0,0.0,1.0,1,0,0.0,0.0,0.0,1.0,0.0,1.0,0.3768106277742125,0.6231893722257875,1.0,0.0,9,1,2022,8,10,5,0,0,0,1,0,1,GRAVE_LESIONADOS,1
4,1,3,0,4,1,-16.311629749062487,-71.68884311370019,0,4,7,0,2,1,1,0,1504.4250000000002,2.0,2,0,1.0,7,25,241.0,0.6051901540357087,78.1654945826899,73.18174839533135,8.722718565297017,1071.825037709598,34123.85412912174,10322.272,1495.236,1749.739,7077.2970000000005,2886.595,7435.677000000001,27.964725207783708,6,1,0,0,4,24.887046387053502,21.46644556644642,27.996683496696306,0.46644556644642055,0.0,0.0,1.0,1,0,0.0,0.46644556644642055,0.46644556644642055,0.5335544335535795,0.0,0.0,1.0,0.0,0.0,0.0,13,1,2022,6,4,0,0,0,0,1,0,1,GRAVE_LESIONADOS,1
6,1,10,0,4,1,-14.000538415095592,-75.7681774928091,0,3,7,1,2,2,2,0,6639.975,2.0,2,0,1.0,9,31,1616.0,0.6053164595604621,78.88848309050202,67.63954639531094,9.133324993872453,1064.9426147896202,27932.19700214133,3721.461,698.1859999999996,744.866,2278.409,1102.9029999999996,2618.558,29.636290693359403,5,1,0,0,4,21.003615070277018,21.003615070277018,21.003615070277018,1.0,0.0,0.0002410046851345493,0.0002410046851345493,1,0,0.0,0.0,0.0,0.0,0.0,0.9997589953148655,0.0002410046851345493,0.9997589953148655,0.0,0.9997589953148655,18,1,2021,9,18,2,0,0,0,1,0,1,GRAVE_LESIONADOS,1
5,1,5,2,3,4,-14.004281090730176,-73.54444220446764,0,0,5,0,5,2,2,0,6543.555,2.0,4,4,1.0,14,33,1198.0,0.6487553653880339,78.79640102284345,78.46646326183114,10.867243979377312,1105.11429338856,97679.50386382792,8666.713203147816,1258.774574168262,1494.0173501119941,5913.921278867559,2359.900715788336,6306.812487359479,26.1228897369668,11,1,0,0,9,37.31128964773381,37.07004531169578,37.55253398377183,1.0,0.7587556639619721,0.0,0.24124433603802786,1,0,0.0,0.24124433603802786,0.0,1.0,1.0,0.0,0.24124433603802786,0.7587556639619721,1.0,0.24124433603802786,14,2,2022,9,22,5,0,1,0,1,0,1,GRAVE_LESIONADOS,1
3,1,7,0,4,0,-13.81118923822624,-71.60851177112933,2,4,5,0,2,1,0,2,7369.644758952237,2.0,2,0,1.0,10,10,1198.0,0.3339630452686735,73.50687547692989,67.5924141478434,5.838551074102514,294.3171375876997,4901.19431142725,17779.13499998999,2097.3709999899997,2863.123,12818.640999999989,2878.713,14900.421999989989,16.19152450331032,7,1,0,0,6,42.68643399038625,35.956404363556075,49.41646361721643,1.0,0.20823180860821444,0.0,0.7917681913917856,1,0,0.0,0.7917681913917856,0.7917681913917856,0.20823180860821444,0.0,0.20823180860821444,0.7917681913917856,0.20823180860821444,0.20823180860821444,0.0,9,1,2021,2,11,4,0,0,2,1,0,1,GRAVE_LESIONADOS,1
3,1,15,1,4,1,-11.37867251424182,-72.66021789944547,4,4,6,1,4,1,1,0,2676.323983759913,2.0,2,0,0.7495170532502365,6,15,478.8319345310823,0.5519730251412747,75.90978457375002,57.9759424094628,8.252508132281797,1036.9068576100722,11006.303352502766,2433.377298984451,428.3945936156219,427.61663985901953,1577.3660655098092,546.3079423154247,1887.069356669026,22.79855039590386,4,2,0,0,2,38.500965893499526,35.25048294674976,41.75144884024929,1.0,0.0,0.0,0.0,2,0,0.0,0.25048294674976346,0.0,1.0,0.7495170532502365,0.7495170532502365,0.25048294674976346,0.25048294674976346,1.0,0.25048294674976346,16,3,2022,7,9,3,0,0,0,1,0,1,GRAVE_LESIONADOS,1
6,1,5,0,4,2,-7.160772217535849,-78.54211580185147,6,4,0,0,1,2,2,0,6543.555,2.0,4,4,1.0,14,33,1198.0,0.3291723138863028,74.29865664935842,55.70042945234785,4.338146078371882,381.024623668906,8398.007212156335,15935.565011852366,1733.9250000199986,935.692,13265.948011832368,2000.1670000199988,13935.398011832369,12.551591352627522,6,1,0,0,5,37.0,33.0,40.0,0.0,0.0,0.0,0.0,1,0,0.0,0.19409415746655867,0.8059058425334413,0.0,0.0,0.8059058425334413,0.19409415746655867,0.0,1.0,0.0,13,2,2021,4,8,1,0,0,2,1,0,1,GRAVE_LESIONADOS,1
0,1,5,2,4,1,-5.758527744621409,-78.78042934731067,0,0,7,0,2,0,1,2,7758.33400008,2.0,2,0,1.0,9,20,2133.0,0.5803239946829384,74.49544278598792,68.33065356443184,8.733179344969395,1046.078117086984,102362.46895074946,15935.565011852366,1733.9250000199986,935.692,13265.948011832368,2000.1670000199988,13935.398011832369,12.551591352627522,5,1,0,2,1,27.77559706337698,27.356086278557317,28.19510784819665,1.0,0.27967385654644317,0.7203261434535568,1.0,1,0,0.0,0.0,0.27967385654644317,1.0,1.0,0.0,0.0,0.0,1.0,0.27967385654644317,19,2,2023,4,3,3,0,0,2,1,0,1,GRAVE_LESIONADOS,1
6,1,7,0,4,1,-14.593794425161954,-71.73411613876603,0,4,5,0,2,2,2,2,1508.8679829748123,0.6169573558997037,0,2,0.0,9,32,403.24084111128286,0.4670263153502933,65.5237709552973,70.61273193256336,7.074467358088314,760.9316629253258,9065.880085653103,17779.13499998999,2097.3709999899997,2863.123,12818.640999999989,2878.713,14900.421999989989,16.19152450331032,4,1,0,0,3,42.211966948746294,42.211966948746294,42.211966948746294,0.8084786779498518,0.0,0.0,0.0,1,0,0.0,0.0,0.0,1.0,0.0,1.0,0.0,0.0,0.0,0.0,7,1,2023,3,25,6,1,1,2,1,0,1,GRAVE_LESIONADOS,1
6,1,4,0,4,1,-13.175731729855853,-73.91589013462485,0,3,3,0,2,1,1,3,2557.7260696176804,1.0,1,1,0.0,9,22,703.5721775224026,0.1757499747038726,73.65266530558621,40.84831174535114,3.1070036148247113,152.39967501601313,3024.483518195543,12678.733000000004,1805.074000000001,1774.0339999999994,9099.625000000004,2485.375000000001,10193.358000000002,19.602707936195205,9,1,0,0,8,41.4189942449324,41.4189942449324,41.4189942449324,1.0,0.0,0.0,1.0,1,0,0.0,0.0,0.0,0.0,0.5042634607930315,0.0,0.4957365392069685,0.5042634607930315,1.0,0.5042634607930315,15,2,2023,9,19,1,0,0,2,1,0,1,GRAVE_LESIONADOS,1
5,1,10,0,4,1,-14.83910869058606,-74.98247801048973,0,4,6,0,2,1,1,0,6639.975,2.0,2,0,1.0,9,31,1616.0,0.5563774842369664,77.00938809632027,69.10246351364754,8.476961866273152,914.8835608305218,27932.19700214133,3721.461,698.1859999999996,744.866,2278.409,1102.9029999999996,2618.558,29.636290693359403,4,1,0,0,3,28.888631717986264,26.268709927254537,31.508553508717988,1.0,0.13435496362726806,0.0,0.13435496362726806,1,0,0.0,0.13435496362726806,0.0,1.0,0.0,0.13435496362726806,1.0,0.0,0.0,0.0,4,0,2023,2,28,3,0,1,0,1,0,1,GRAVE_LESIONADOS,1
6,1,7,0,4,1,-14.231789061648103,-71.86139917522542,3,4,7,1,2,2,2,2,2182.645420107568,1.0,1,3,0.0,9,27,639.3954666754124,0.46139435031696413,67.38422687077443,70.05880236918352,6.899089306457684,723.924233172044,9599.601957698684,17779.13499998999,2097.3709999899997,2863.123,12818.640999999989,2878.713,14900.421999989989,16.19152450331032,4,1,0,0,3,23.6894479268625,23.6894479268625,23.6894479268625,1.0,0.0,0.0,0.0,1,0,0.0,0.0,0.0,1.0,0.0,0.24134970383749987,0.7586502961625001,0.0,0.0,0.0,3,0,2023,2,16,2,0,0,2,1,0,1,GRAVE_LESIONADOS,1
3,1,13,0,4,1,-6.689475397062135,-79.77314760054456,0,4,7,1,2,2,2,0,6543.555,3.0,2,0,1.0,0,30,1475.0,0.5375879728446735,79.8325147684108,69.27558778054555,7.8798785100578215,806.6419679893447,10144.57573162735,3267.2308687743953,485.4861933991454,658.1362465828972,2123.6084287923527,669.868481189278,2597.362387585117,20.88896914666709,5,2,0,0,3,59.20415199391882,54.136101329279214,64.27220265855843,1.0,0.0785362427927987,0.0,0.0785362427927987,2,0,0.0,0.9214637572072013,1.0,0.0785362427927987,0.0785362427927987,0.0785362427927987,0.9214637572072013,0.0785362427927987,0.0785362427927987,0.0785362427927987,7,1,2023,2,15,4,0,0,0,1,1,1,GRAVE_LESIONADOS,1
4,1,4,0,3,2,-10.135461661206485,-76.21921288118595,3,3,4,0,1,1,1,1,6543.555,2.6435952641503353,2,1,1.0,4,31,1376.275888169643,0.4409019079303751,76.40589820384064,59.176683747375336,5.786304187254588,692.4970702515844,75656.7916789866,13934.960798716354,1648.8551100176505,1225.8222060042121,11060.283482694493,2316.0941372026177,11618.866661513737,18.044905252889986,5,1,0,0,3,46.802691075457716,44.664262660359725,48.9411194905557,1.0,0.3564047358496647,0.0,1.0,1,0,0.0,1.0,0.3564047358496647,0.0,0.3564047358496647,0.0,1.0,0.0,0.3564047358496647,0.0,6,1,2025,2,13,2,0,0,1,1,0,1,GRAVE_LESIONADOS,1
5,1,10,0,4,1,-15.288454044634815,-75.10093093511917,0,4,7,1,2,2,2,0,196.8,2.0,2,0,1.0,4,27,35.0,0.5563774842369664,77.00938809632027,69.10246351364754,8.476961866273152,914.8835608305218,27932.19700214133,3721.461,698.1859999999996,744.866,2278.409,1102.9029999999996,2618.558,29.636290693359403,5,1,0,0,3,63.84564780706222,58.92485838607929,68.76643722804515,1.0,0.0,0.0,0.2523481754350222,1,0,0.0,0.2523481754350222,0.2523481754350222,0.7476518245649778,0.0,0.7476518245649778,0.2523481754350222,0.0,0.2523481754350222,0.2523481754350222,21,2,2023,6,17,4,0,1,0,1,0,1,GRAVE_LESIONADOS,1
4,1,3,0,4,1,-16.854132453646713,-71.97699549788705,0,4,7,1,2,0,0,0,1191.24519097781,2.0,2,0,1.0,8,28,220.91447861810633,0.6456305778571253,75.67334095395331,77.09261911098552,10.479683603540597,1179.2653123056473,21630.747323340474,10322.272,1495.236,1749.739,7077.2970000000005,2886.595,7435.677000000001,27.964725207783708,4,1,0,0,3,31.811048715116712,27.405524357558356,36.216573072675075,1.0,1.0,0.0,1.0,1,0,0.0,0.0,0.0,1.0,0.5506905446947946,1.0,0.0,0.5506905446947946,0.5506905446947946,0.5506905446947946,20,2,2022,5,5,4,0,0,0,1,0,1,GRAVE_LESIONADOS,1
3,2,13,0,4,1,-6.249448411641697,-80.14773987678521,0,4,2,1,2,1,0,0,5583.849967344023,2.8167933695743477,2,0,1.0,0,28,1234.632900881544,0.4703091457296942,74.91176543888524,59.04522375211969,6.365443427676777,742.49897987499,44335.321199143465,3459.691,515.0619999999999,689.7280000000001,2254.901,703.3549999999999,2756.336,20.329994788551925,20,2,0,0,18,40.4809259780874,31.580165760641314,49.38168619553348,1.0,0.8167933695743474,0.0,1.0,2,0,0.0,0.8167933695743474,0.8167933695743474,0.18320663042565255,0.18320663042565255,0.0,1.0,0.0,0.18320663042565255,0.0,6,0,2021,3,13,3,0,0,0,1,0,1,GRAVE_LESIONADOS,1
3,1,8,0,4,1,-13.412819269241568,-74.92437745195167,2,4,0,0,2,1,1,1,1679.5849999999998,2.0,2,3,1.0,9,24,315.0,0.2997946406100768,72.83003345209801,46.42647217987546,4.997510303405721,292.6881439974165,3327.8779443254816,8511.426,1445.3929999999996,2008.516,5057.516999999999,1879.579,6631.846999999998,22.08300935706896,10,1,0,0,8,49.040407852390764,40.40407852390766,57.67673718087387,1.0,0.0,0.0,0.959592147609234,1,0,0.0,0.959592147609234,0.0,1.0,0.0,0.04040785239076605,0.959592147609234,0.0,0.0,0.0,13,2,2024,3,3,0,0,0,2,1,0,1,GRAVE_LESIONADOS,1
5,1,7,0,4,1,-14.312653896489683,-71.83907800649489,0,4,5,0,2,1,1,2,2125.9253472699334,1.0,1,3,0.0,9,27,618.341926890749,0.46218803437267014,67.1220423245779,70.13686483225582,6.923804439182457,729.1395011582651,9524.387261315223,17779.13499998999,2097.3709999899997,2863.123,12818.640999999989,2878.713,14900.421999989989,16.19152450331032,6,1,0,0,5,44.926624767516174,44.09727467452264,45.7559748605097,1.0,0.0,0.0,0.0,1,0,0.0,0.0,0.20733752324838295,1.0,0.0,1.0,0.20733752324838295,0.0,0.0,0.0,7,1,2023,3,20,4,0,0,2,1,0,1,GRAVE_LESIONADOS,1
3,1,3,0,5,2,-16.591553265999543,-72.3026871238279,2,4,0,0,3,1,0,0,6601.773692862115,2.0,2,1,1.0,10,31,1450.3896869566888,0.5948071358939367,80.18912789046918,73.16893893770167,8.732828567451708,1007.6659422469306,8020.023023485415,10322.272,1495.236,1749.739,7077.2970000000005,2886.595,7435.677000000001,27.964725207783708,5,1,0,0,3,41.698880049937586,36.26465234034381,47.13310775953137,1.0,0.0,0.0,0.6038030788437534,1,0,0.0,0.3961969211562466,0.0,0.6038030788437534,0.0,0.6038030788437534,1.0,0.0,0.3961969211562466,0.0,7,1,2023,6,22,3,0,1,0,1,0,1,GRAVE_LESIONADOS,1
3,1,11,0,4,1,-11.584799509248702,-75.33158129155768,3,4,6,1,4,1,1,0,401.13933877668285,2.0,2,0,0.4933415880523805,6,19,107.45215290850959,0.5615217187297875,73.33185904869201,70.96553433434775,9.268573125652834,926.4761123466888,22995.278896315525,12264.545,1826.4639999999995,1105.5389999999998,9332.542,1588.5359999999996,10676.009,12.952261987705208,17,2,0,0,15,40.413440644680946,31.5332920597381,49.29358922962379,1.0,0.0,0.0,0.4933415880523805,2,0,0.0,0.5066584119476195,1.0,0.4933415880523805,0.0,0.0,1.0,0.0,0.5066584119476195,0.4933415880523805,14,3,2022,1,15,4,0,0,2,1,0,1,GRAVE_LESIONADOS,1
6,1,12,0,4,1,-7.759790064849862,-77.63493237491195,0,4,7,1,6,2,2,0,6543.555,2.0400690863482667,3,3,1.0,13,32,1209.0991369184699,0.4744442796425132,72.59761209035098,43.56177528172346,6.791996763562504,885.2929980558823,9399.232532360604,8931.828000000005,1335.5899999999997,1935.9830000000004,5660.255000000005,1219.309,7712.519000000005,13.651281686122925,6,1,0,0,5,32.95993091365173,32.95993091365173,32.95993091365173,1.0,0.0,0.0,0.0,1,0,0.0,0.9599309136517333,0.0,0.04006908634826667,0.0,0.04006908634826667,0.9599309136517333,0.0,0.04006908634826667,0.0,9,1,2023,10,4,5,1,0,0,1,0,1,GRAVE_LESIONADOS,1
6,1,5,0,4,1,-5.610674867406056,-78.86975860069319,0,4,0,0,1,2,2,2,659.8480495589472,1.0,1,3,0.0,9,32,113.98900409303621,0.3167797326896281,77.78245435806745,34.24094063275953,4.801247523284912,366.73911293969485,20488.068204105748,15964.468541184186,1739.6231141074802,965.9103040524737,13258.935123024232,2013.9408628205247,13950.527678363662,12.6086583016794,6,1,0,0,5,63.65508353390891,63.65508353390891,63.65508353390891,1.0,0.0,0.0,0.9843219788140413,1,0,0.0,0.0,0.015678021185958735,0.9843219788140413,0.0,0.0,1.0,0.0,0.015678021185958735,0.0,19,1,2023,11,4,0,0,0,2,1,0,1,GRAVE_LESIONADOS,1
3,2,20,0,4,1,-15.70057074397057,-70.00209049977694,4,4,7,1,2,2,2,2,7586.903,2.0,2,0,1.0,9,5,1198.0,0.3354561806764331,70.48463790567065,66.95232832842214,6.151984539136271,319.2611667453164,6121.972148645761,13642.312999999998,2020.7790000000005,2354.117,9267.416999999998,3314.0520000000006,10328.260999999997,24.29244952817019,5,2,0,0,3,33.3274385224882,26.38348112257504,40.27139592240136,1.0,0.0,0.3834811225750425,0.3834811225750425,2,0,0.0,0.0,0.0,1.0,0.3834811225750425,1.0,0.0,0.0,1.0,1.0,18,2,2021,7,26,5,0,1,2,1,0,1,GRAVE_LESIONADOS,1
6,1,2,0,4,1,-9.377814670616132,-77.71463662424934,0,4,7,0,2,1,0,2,9420.364280143425,2.152228213916867,2,0,1.0,7,31,3471.502556225779,0.5881701096197799,74.74949244163022,70.61663264047883,9.724578426539761,1006.1138850616076,64790.68087551598,10488.184400327138,1801.4177066144578,1331.2996003147723,7355.46709339791,1966.2247677799671,8521.959632547172,18.614790630056703,4,1,0,0,3,33.868805005163864,33.868805005163864,33.868805005163864,1.0,0.0,0.0,0.0,1,0,0.0,0.1522282139168668,0.0,0.8477717860831332,0.0,0.8477717860831332,0.1522282139168668,0.0,0.0,0.0,3,0,2022,9,9,2,0,0,0,1,0,1,GRAVE_LESIONADOS,1
3,1,14,2,2,4,-11.927549672599024,-77.07647567346959,0,1,5,1,1,2,2,0,6543.555,2.0,4,4,1.0,14,33,1198.0,0.7267333798248622,80.06339171503936,77.19797021718624,10.768888969713984,1515.5425992213607,370557.2683183835,7626.313,1683.4029999999998,1599.0829999999996,4343.827000000001,1814.875,5811.438000000001,23.797541485643197,6,2,0,0,4,39.16727840324862,38.334050541739764,40.00050626475748,1.0,0.0,0.0,0.0,2,0,0.0,0.0,1.0,1.0,0.33329114460354325,1.0,0.6667088553964567,0.33329114460354325,1.0,0.33329114460354325,10,2,2022,6,22,2,0,1,0,1,0,1,GRAVE_LESIONADOS,1
3,1,9,0,4,1,-12.334478629871331,-75.18679086194145,5,4,5,0,3,0,1,3,7290.291382148831,2.0,2,1,1.0,10,12,1198.0,0.4145810490237692,72.60193699719225,61.138305107022575,6.736584546823819,559.7333958984227,1394.666017595519,12382.29379788387,1820.383073496248,1295.5842998188687,9266.326424568753,1843.4968249040826,10538.796972979788,14.842905888123259,5,1,0,0,4,36.51497296449768,35.441405398140866,37.58854053085449,1.0,0.0,0.0,1.0,1,0,0.0,0.28428828909545933,0.0,0.7157117109045407,0.0,0.7157117109045407,0.28428828909545933,0.0,0.0,0.0,18,1,2022,5,28,2,0,1,2,1,0,1,GRAVE_LESIONADOS,1
6,1,15,0,4,0,-7.964880385102864,-78.1642986991819,0,4,4,1,1,1,1,0,3475.0287500115737,2.0,2,1,1.0,6,25,591.7194895863657,0.5213628053503098,76.97240495823516,61.42419408101749,7.890083708709092,860.92505178829,122864.42339984557,10332.238803493172,1800.6592956440916,831.0766916031539,7700.502816245927,1955.2150385115829,8377.02376498159,19.83344642343699,25,1,0,0,24,45.272004438379426,45.272004438379426,45.272004438379426,1.0,0.0,0.0,1.0,1,0,0.0,0.4142217290689524,0.5857782709310476,0.0,0.0,0.0,1.0,0.0,0.0,0.0,6,1,2021,9,19,2,0,1,0,1,0,1,GRAVE_LESIONADOS,1
4,1,5,0,4,1,-6.490772307780354,-78.7934136097899,2,4,7,1,1,1,1,2,7045.540667709514,2.0,3,2,1.0,11,27,1584.372006165307,0.3949626080665096,69.41394758727468,48.68955516770405,5.585136706799733,624.7804077399188,12397.04561602816,15935.565011852366,1733.9250000199986,935.692,13265.948011832368,2000.1670000199988,13935.398011832369,12.551591352627522,9,1,0,0,8,25.454446986290503,24.627982801979684,26.28091117060132,1.0,1.0,0.0,1.0,1,0,0.0,0.0,0.5867679078445912,0.4132320921554088,0.4132320921554088,0.0,0.5867679078445912,0.0,0.4132320921554088,0.0,15,1,2022,9,18,5,1,0,2,1,0,1,GRAVE_LESIONADOS,1
6,1,10,0,4,0,-10.07052560454455,-76.90564137466338,0,4,3,0,4,2,2,0,6543.555,2.0,4,4,1.0,14,33,1198.0,0.29626163513985404,69.24278752355454,51.2212839034128,5.152407341702357,319.7531201823782,26830.287181993022,8744.442291832795,1384.5324715245974,1968.313121099548,5391.596699208649,1513.6110288475375,7230.831262985256,17.40955415079547,4,1,0,0,3,31.531133402845484,31.531133402845484,31.531133402845484,1.0,1.0,0.0,0.0,1,0,0.0,0.5542701790971308,0.0,0.44572982090286917,0.0,0.44572982090286917,0.5542701790971308,0.0,0.0,0.0,19,2,2023,5,9,5,1,0,0,1,0,1,GRAVE_LESIONADOS,1
5,1,6,0,4,1,-13.406681881476583,-72.9641253214621,0,4,4,0,1,1,1,2,449.4590287490716,-0.5083558466351281,0,0,0.16388138445495737,8,29,56.33800336568497,0.48166930861011004,66.76112385899032,69.73571091043478,7.190065225905254,807.6058223185479,8789.551155876828,17477.008197994386,2037.8089663402995,2547.2529392785973,12891.946292375489,2734.7356652159124,14742.272532778474,15.595007219252928,6,1,0,0,5,23.88463592123201,22.983288306729744,24.785983535734275,0.16388138445495737,0.0,0.0,0.0,1,0,0.0,0.16388138445495737,0.0,1.0,0.0,1.0,0.16388138445495737,0.0,0.0,0.0,15,2,2021,8,25,6,1,1,2,1,0,1,GRAVE_LESIONADOS,1
3,2,3,0,4,1,-16.019109905757585,-71.2836151367812,0,4,0,0,2,2,2,0,1504.4250000000002,2.0,2,0,1.0,7,25,241.0,0.4685280505645348,81.83746865987648,70.74305753660312,6.037751599761188,617.4715908037651,1751.8736616702354,10322.272,1495.236,1749.739,7077.2970000000005,2886.595,7435.677000000001,27.964725207783708,5,2,0,0,3,37.20509881533367,29.79490118466633,44.61529644600101,1.0,0.0,0.0,0.735032938444557,2,0,0.0,0.735032938444557,0.0,1.0,0.0,1.0,1.0,0.0,0.0,0.0,15,3,2022,9,20,4,0,0,0,1,0,1,GRAVE_LESIONADOS,1
4,1,13,1,2,2,-10.46812359201925,-77.65558993039667,0,1,3,1,1,1,1,1,6543.555,2.0,4,4,1.0,14,33,1198.0,0.687525097435794,79.26993798430561,66.35598995784326,9.840006039938554,1540.531031553463,45432.82337660446,8212.009577845829,1527.3627524116607,1750.2273201160147,4934.419505318153,1547.6846819405926,6664.324895905236,19.245598656557586,9,1,0,0,7,56.10273481676453,55.0,57.20546963352906,1.0,0.0,0.0,0.0,1,0,0.0,0.0,1.0,0.5513674083822658,0.0,0.0,1.0,0.5513674083822658,0.5513674083822658,0.5513674083822658,13,3,2022,5,20,3,0,1,0,1,0,1,GRAVE_LESIONADOS,1