CLASE SINIESTRO,CANTIDAD DE VEHICULOS DAÑADOS,DEPARTAMENTO,ZONA,TIPO DE VÍA,RED VIAL,COORDENADAS LATITUD,COORDENADAS  LONGITUD,CONDICIÓN CLIMÁTICA,ZONIFICACIÓN,CARACTERÍSTICAS DE VÍA,PERFIL LONGITUDINAL VÍA,SUPERFICIE DE CALZADA,¿EXISTE SEÑAL VERTICAL?,¿EXISTE SEÑAL HORIZONTAL?,CAUSA FACTOR PRINCIPAL,MTC_RVN_LONGITUD_KM,MTC_RVN_N_CARRILES_MEDIANA,MTC_RVN_SUPERFICIE_DOMINANTE,MTC_RVN_ESTADO_DOMINANTE,MTC_RVN_ES_CONCESIONADA,MTC_RVN_CONCESION_PRINCIPAL,MTC_RVN_CORREDOR_LOGISTICO,MTC_RVN_N_TRAMOS,IDH_2019,IDH_ESP_VIDA_2019,IDH_EDUC_SECUND_PCT_2019,IDH_ANIOS_EDUC_2019,IDH_INGRESO_PERCAP_2019,IDH_POBLACION_2019,MTC_DEP_RED_TOTAL_KM,MTC_DEP_NACIONAL_TOTAL_KM,MTC_DEP_DEPARTAMENTAL_TOTAL_KM,MTC_DEP_VECINAL_TOTAL_KM,MTC_DEP_PAV_TOTAL_KM,MTC_DEP_NO_PAV_TOTAL_KM,MTC_DEP_PCT_PAVIMENTADA,PER_TOTAL_PERSONAS,PER_N_CONDUCTORES,PER_N_CONDUCTORES_FUGADOS,PER_N_PEATONES,PER_N_PASAJEROS_OCUPANTES,PER_EDAD_COND_PROM,PER_EDAD_COND_MIN,PER_EDAD_COND_MAX,PER_ANY_COND_MASCULINO,PER_ANY_LIC_PROBLEMA,PER_ANY_DOSAJE_POS,PER_ANY_DOSAJE_EVALUADO,VEH_TOTAL,VEH_N_FUGADOS,VEH_ANY_FUGADO,VEH_ANY_CARGA,VEH_ANY_PUBLICO,VEH_ANY_PARTICULAR,VEH_ANY_MOTO,VEH_ANY_AUTO,VEH_ANY_CAMION_BUS,VEH_ANY_SOAT_PROBLEMA,VEH_ANY_CITV_PROBLEMA,VEH_ANY_SEGURO_PROBLEMA,HORA_NUM,FRANJA_HORARIA,ANIO,MES,DIA_MES,DIA_SEMANA,ES_FIN_SEMANA,ES_QUINCENA,REGION_NATURAL,TIENE_SEÑALIZACION,ES_VIA_MULTICARRIL,ES_DEPTO_BAJO_PAVIMENTO,CATEGORIA_SEVERIDAD,CATEGORIA_SEVERIDAD_ENC
3,2,6,0,4,1,-12.899352561558244,-74.15032107251689,0,4,3,0,2,1,1,1,506.5759854025308,2.0,2,1,0.4623078714090285,8,16,138.5084187332422,0.46497915367627285,75.94270931983381,59.7728642628698,6.874517385070741,748.6890805948068,20354.27542106557,9186.012928479631,1408.2599966633816,1234.757911536454,6542.9950202797945,1904.3734317862427,7281.639496693388,19.870374770034637,6,2,0,0,4,58.77384722845417,54.53769212859097,63.01000232831737,1.0,0.0,0.0,0.5376921285909715,2,0,0.0,0.5376921285909715,0.0,0.4623078714090285,0.0,1.0,1.0,0.0,0.5376921285909715,0.0,18,2,2022,1,16,3,0,0,1,1,0,1,GRAVE_LESIONADOS,1
3,2,13,0,4,1,-5.935744947162338,-79.99623370625659,0,4,5,1,2,1,0,1,3067.239853350597,2.3363752792327004,2,0,1.0,0,23,604.3243663533029,0.4703091457296942,74.91176543888524,59.04522375211969,6.365443427676777,742.49897987499,44335.321199143465,3459.691,515.0619999999999,689.7280000000001,2254.901,703.3549999999999,2756.336,20.329994788551925,11,2,0,0,9,49.608869694578694,43.590618019182486,55.627121369974894,1.0,0.3363752792327004,0.0,1.0,2,0,0.0,0.3363752792327004,0.3363752792327004,0.6636247207672996,0.6636247207672996,0.0,1.0,0.0,0.6636247207672996,0.0,5,0,2021,6,15,2,0,0,0,1,0,1,GRAVE_LESIONADOS,1
3,1,10,0,4,1,-13.460181810932365,-76.18718735933025,4,4,6,1,5,2,2,0,6639.975,2.0,2,0,1.0,9,31,1616.0,0.573393369099647,80.48076074024763,69.10611988632549,9.132073915734361,877.5078524218237,26145.01895858045,3721.461,698.1859999999996,744.866,2278.409,1102.9029999999996,2618.558,29.636290693359403,6,2,0,0,3,35.055746654550305,31.623690355561486,38.48780295353912,1.0,0.7839718505055895,0.0,0.21602814949441052,2,0,0.0,0.7839718505055895,0.21602814949441052,1.0,0.7839718505055895,1.0,0.21602814949441052,0.0,0.7839718505055895,0.7839718505055895,4,0,2023,3,17,1,0,0,0,1,0,1,GRAVE_LESIONADOS,1
4,1,15,0,4,1,-6.882584664955593,-78.38764628182301,2,4,4,0,2,1,0,2,711.164353516444,2.0,1,1,0.6051927171217439,4,23,172.74571764266028,0.4178390200749284,74.00755402037639,50.713115466496824,5.774115110128109,624.0720281489288,8490.711984841695,8667.06019123416,1605.169587304644,698.183627507755,6363.706976421761,1758.642350090064,6908.417841144097,20.045159557480865,4,1,0,0,3,39.223367227047845,33.893468908191394,44.5532655459043,0.39480728287825606,0.6051927171217439,0.0,0.6051927171217439,1,0,0.0,0.6051927171217439,0.0,0.39480728287825606,1.0,0.39480728287825606,0.0,0.6051927171217439,1.0,0.0,15,3,2021,1,23,4,0,1,0,1,0,1,GRAVE_LESIONADOS,1
3,1,13,0,4,1,-9.167187973810503,-76.79484207168807,0,1,7,1,2,2,2,1,832.9778211625908,1.3539530559034039,1,2,0.0,9,32,138.16837555277277,0.4925353104204853,73.33112931094848,60.66640332698876,7.75834118930473,765.7963718515252,43079.94642497506,11096.960408465735,1810.8716600025798,939.6967733278511,8346.391975135304,1810.0996404720345,9286.860767993701,17.110176987507074,5,2,0,0,3,42.3230234720483,32.893483614937445,51.75256332915915,1.0,0.353953055903404,0.0,0.0,2,0,0.0,0.646046944096596,0.353953055903404,1.0,0.353953055903404,0.646046944096596,0.646046944096596,0.0,0.353953055903404,0.0,11,1,2022,7,25,2,0,1,1,1,0,1,GRAVE_LESIONADOS,1
6,1,13,0,4,1,-10.722005930808505,-77.50923813148431,0,4,5,1,2,2,2,0,1299.946120651041,2.0,2,0,0.15061095306851913,8,20,607.9346500650256,0.5884685571747338,75.77219896908892,62.45877883676737,7.581463749131572,1243.8293627814464,24987.15818458132,7822.937858395248,1631.018552580379,1649.8238300887838,4542.095475726086,1725.1762371247944,6097.761621270455,22.26940362715665,5,1,0,0,4,20.61466287364446,20.61466287364446,20.61466287364446,1.0,0.8493890469314809,0.0,0.8493890469314809,1,0,0.0,0.0,0.0,1.0,0.0,0.0,1.0,0.15061095306851913,0.15061095306851913,0.15061095306851913,14,2,2021,4,7,0,0,0,0,1,0,1,GRAVE_LESIONADOS,1
6,1,6,0,4,2,-12.870597410528394,-73.589210149339,0,4,0,0,6,1,1,2,6543.555,2.0,4,4,1.0,14,33,1198.0,0.2952387042580561,77.18824053191707,51.86151226370121,5.191257822854155,243.1498926439055,3360.7022401015784,17654.96705950604,2072.892221541782,2733.3068610766904,12848.767976887568,2819.5412581405394,14835.4258013655,15.946368091713431,5,1,0,0,4,50.97944301627436,50.97944301627436,50.97944301627436,1.0,0.0,0.0,1.0,1,0,0.0,0.9326481005424786,0.0,0.0673518994575214,0.0,0.0673518994575214,0.9326481005424786,0.0,0.0673518994575214,0.0,16,3,2022,9,25,2,0,0,2,1,0,1,GRAVE_LESIONADOS,1
4,1,19,0,4,1,-5.20387852963303,-80.36999289345971,0,2,7,0,2,0,1,0,200.80860474469824,0.14917641926301073,2,1,0.0,9,32,72.53976302925835,0.4799541276257777,75.70868407093472,61.65081774106136,7.018502782991143,713.3656717998591,76031.55931053367,8965.846000060003,1782.4120000599992,636.9959999999999,6546.438000000004,2214.505000059999,6751.341000000004,24.699342371541725,6,2,0,0,3,29.787607763298016,26.85082358073699,31.447529257789032,1.0,0.38305880642100354,0.38305880642100354,1.0,2,0,0.0,0.0,1.0,0.38305880642100354,1.0,0.38305880642100354,0.0,0.6169411935789965,1.0,1.0,13,1,2022,6,9,0,0,0,0,1,0,1,GRAVE_LESIONADOS,1
6,1,12,0,4,1,-8.037428772396481,-78.30173219587516,0,4,7,0,1,2,2,3,7461.39078565786,2.0,3,2,1.0,12,32,1909.899617358014,0.4320883936567258,76.718936301794,43.003289188979466,6.269065613037991,662.0777072841523,13167.552462526766,8931.828000000005,1335.5899999999997,1935.9830000000004,5660.255000000005,1219.309,7712.519000000005,13.651281686122925,6,1,0,0,5,35.37712853185863,32.45904284395288,37.565692797787946,0.27047857802356157,0.0,0.0,0.0,1,0,0.0,0.27047857802356157,0.7295214219764384,0.0,0.7295214219764384,0.0,0.27047857802356157,0.7295214219764384,0.0,0.7295214219764384,18,2,2023,1,12,5,1,0,0,1,0,1,GRAVE_LESIONADOS,1
5,1,14,2,2,4,-12.044605370168718,-77.07308529438836,0,2,7,1,2,2,2,2,6543.555,2.0,4,4,1.0,14,33,1198.0,0.7646845961658533,80.23682119426338,77.96082737891015,12.014176158371615,1633.787715186093,250806.0877944326,7626.313,1683.4029999999998,1599.0829999999996,4343.827000000001,1814.875,5811.438000000001,23.797541485643197,11,2,0,0,9,40.51695090156848,38.65420160800298,42.711937865876216,1.0,0.0,0.0,0.0,2,0,0.0,0.0,0.9796589181178224,0.020341081882177647,1.0,0.020341081882177647,1.0,0.0,0.020341081882177647,0.020341081882177647,8,1,2021,7,16,1,0,0,0,1,0,1,GRAVE_LESIONADOS,1
6,1,10,0,4,1,-14.633530020296162,-75.18581557036487,0,4,7,1,2,2,2,0,6639.975,2.0,2,0,1.0,9,31,1616.0,0.5664191327602833,77.39495422942315,68.80229172982952,8.611639141133315,945.6737493793875,27932.19700214133,3721.461,698.1859999999996,744.866,2278.409,1102.9029999999996,2618.558,29.636290693359403,4,1,0,0,3,27.231122857428844,27.231122857428844,27.231122857428844,1.0,0.0,0.0,0.205187142904807,1,0,0.0,0.0,0.0,1.0,0.0,0.0,1.0,0.0,0.0,0.0,3,0,2023,4,28,3,0,1,0,1,0,1,GRAVE_LESIONADOS,1
3,1,17,2,4,2,-9.227293509801564,-76.95098914256296,0,1,4,1,2,2,2,0,6593.010501076321,2.0,2,1,1.0,11,31,1412.3994964727444,0.6122873027000835,75.51854453498932,65.87726978357784,8.818553910791456,1221.67682296344,91294.24379770487,6661.3162660846465,1260.4560755351404,1290.377389645881,4110.4828009036255,1424.4934402835263,5236.82282580112,20.95020420930715,5,2,0,0,2,28.19376183514633,19.56458727838211,36.82293639191055,1.0,0.487082544323578,0.0,0.0,2,0,0.0,0.512917455676422,0.0,0.487082544323578,0.487082544323578,0.0,0.512917455676422,0.487082544323578,0.487082544323578,0.487082544323578,12,0,2024,5,14,4,0,0,0,1,0,1,GRAVE_LESIONADOS,1
6,1,5,0,4,2,-7.151891837583855,-78.5778593816268,6,4,0,0,1,2,2,0,6543.555,2.0,4,4,1.0,14,33,1198.0,0.33100123353813227,74.1508592910827,54.4208527607814,4.4646906455534765,384.50244296585777,8551.070031759462,15935.565011852366,1733.9250000199986,935.692,13265.948011832368,2000.1670000199988,13935.398011832369,12.551591352627522,6,1,0,0,5,35.782524677323465,32.26951480639408,38.41728208052051,0.12174753226765345,0.12174753226765345,0.0,0.12174753226765345,1,0,0.0,0.12174753226765345,0.8782524677323466,0.0,0.12174753226765345,0.8782524677323466,0.0,0.12174753226765345,1.0,0.12174753226765345,11,2,2022,4,9,1,0,0,2,1,0,1,GRAVE_LESIONADOS,1
6,1,11,0,4,2,-14.280393367217357,-72.36193648055816,0,4,3,0,7,2,2,1,6543.555,2.0,4,4,1.0,14,33,1198.0,0.3686177432716089,75.94236451848873,66.58831464734864,6.193869859456721,374.5831406479326,5687.405292630075,13134.260482610527,1907.04742787989,2048.265250851161,9178.947803879477,2877.1277841043234,10257.132698506204,21.81975912186349,5,1,0,0,4,36.05451029990135,36.05451029990135,36.05451029990135,0.4727448500493229,0.4727448500493229,0.0,1.0,1,0,0.0,0.0,0.0,1.0,0.0,0.0,1.0,0.0,0.0,0.0,13,3,2022,6,24,2,0,1,2,1,0,1,GRAVE_LESIONADOS,1
6,1,10,0,4,1,-14.05112501343253,-75.18858061190068,0,4,5,1,2,2,2,4,649.6241991416264,1.070129517706121,1,2,0.07012951770612097,9,31,244.63378315010618,0.6082551350023818,78.1309145582677,76.6165713196968,8.95795309969222,1053.4496083571812,6354.771778589837,3646.3600709132097,693.4513458711062,726.8072985430854,2226.101426499018,1100.5045003649325,2545.855570548277,30.385511239811557,9,1,0,0,8,66.0363735042286,66.0363735042286,66.0363735042286,1.0,0.0,0.0,1.0,1,0,0.0,0.0,0.0,1.0,0.0,0.07012951770612097,0.929870482293879,0.0,0.0,0.0,18,2,2021,3,17,0,0,0,0,1,0,1,GRAVE_LESIONADOS,1
3,1,11,0,4,1,-11.737337136748307,-75.78014424356516,0,4,3,1,2,0,1,2,547.2735045685636,2.0,2,0,1.0,3,22,97.46057551348164,0.560940117719407,74.96192789187522,65.84734850466667,9.036629005443512,1039.1432527331654,4446.906164578124,12264.545,1826.4639999999995,1105.5389999999998,9332.542,1588.5359999999996,10676.009,12.952261987705208,6,2,0,0,4,39.61227362095377,31.83796896582796,47.386578276079575,1.0,0.0,0.0,1.0,2,0,0.0,0.0,0.0,1.0,0.0,0.5162031034172037,1.0,0.0,0.0,0.0,4,0,2022,4,12,3,0,0,2,1,0,1,GRAVE_LESIONADOS,1
4,1,6,0,4,0,-10.28191953865687,-75.1241707062303,0,4,3,0,1,2,2,2,6543.555,2.0,4,4,1.0,14,33,1198.0,0.2891914470852804,62.54522505696889,44.76279997494865,4.670991866838212,354.7763671596242,12306.238301012752,16874.957764538387,1919.1192375924186,1917.8162070291314,13038.022319916836,2447.8309078688267,14427.12685666956,14.4063225773787,8,1,0,0,6,31.52865270979215,25.41404187062355,37.64326354896075,1.0,1.0,0.0,0.49044909673594994,1,0,0.0,0.0,0.49044909673594994,0.5095509032640501,0.5095509032640501,0.0,0.49044909673594994,0.5095509032640501,0.0,0.5095509032640501,13,1,2023,7,17,5,1,0,2,1,0,1,GRAVE_LESIONADOS,1
3,1,14,2,2,4,-11.95395852788163,-77.07133171054257,0,0,7,1,2,2,2,0,6543.555,2.0,4,4,1.0,14,33,1198.0,0.758462599563312,80.5192231989937,79.20045639149897,11.33839041452458,1628.5661148492152,363987.54389721627,7626.313,1683.4029999999998,1599.0829999999996,4343.827000000001,1814.875,5811.438000000001,23.797541485643197,13,2,0,10,0,31.676455039007447,31.676455039007447,31.676455039007447,1.0,0.0,0.0,0.0,2,0,0.0,0.0,1.0,1.0,0.8802532114994681,1.0,0.11974678850053189,0.0,1.0,0.0,14,3,2023,6,17,1,0,1,0,1,0,1,GRAVE_LESIONADOS,1
3,1,5,0,4,1,-7.19556445096487,-78.44384499362036,0,4,5,0,2,2,2,1,1257.0183273625048,1.8026562441522198,1,0,0.8026562441522198,8,19,362.8029749077125,0.3113995519351205,71.86490035326496,42.21461174878408,4.794654069344485,360.97635715141064,4283.388906146332,15935.565011852366,1733.9250000199986,935.692,13265.948011832368,2000.1670000199988,13935.398011832369,12.551591352627522,9,1,0,0,7,37.40796873245666,36.60531248830444,38.21062497660888,1.0,0.8026562441522198,0.0,0.8026562441522198,1,0,0.0,0.0,0.0,1.0,0.0,1.0,0.0,0.0,0.8026562441522198,0.0,5,0,2021,9,5,0,0,0,2,1,0,1,GRAVE_LESIONADOS,1
6,1,9,0,4,1,-12.025528168346192,-75.75474573335605,0,4,5,0,2,1,1,1,1074.2091995634585,2.0,2,0,1.0,4,16,195.26750058226293,0.6119405123167146,79.59934528656498,62.888204096916105,8.81981880218578,1283.7867805300873,4079.587542410814,12366.83511025891,1821.1814098273294,1270.6341434071687,9275.01955702441,1810.0242135515477,10556.81089670736,14.594692114463946,4,1,0,0,3,34.76517293766469,34.76517293766469,34.76517293766469,1.0,0.0,0.0,0.2469654124670625,1,0,0.2469654124670625,0.7530345875329375,0.0,0.2469654124670625,0.0,0.0,1.0,0.0,0.7530345875329375,0.2469654124670625,8,1,2022,1,12,1,0,0,2,1,0,1,GRAVE_LESIONADOS,1
3,2,19,0,4,1,-15.753750992783463,-70.18020090839774,0,3,0,0,2,2,2,2,479.875048937108,1.0,0,2,0.0,9,32,60.93448844586396,0.41241332560757715,77.18301535565668,73.73180913667613,7.385295548484049,417.2172687293397,49908.36174065392,13504.002300257514,2001.2722008723817,2228.7753627555066,9273.954736629626,3140.8317442117605,10363.170556045754,23.154036330931824,9,2,0,0,7,47.89767493623389,41.594574851212414,54.20077502125537,1.0,0.0,0.0,0.8996124893723151,2,0,0.0,0.10038751062768492,0.8996124893723151,1.0,0.0,1.0,1.0,0.8996124893723151,0.0,0.0,12,2,2022,2,30,0,0,1,2,1,0,1,GRAVE_LESIONADOS,1
3,1,20,1,4,1,-5.945259375148879,-77.52444864357955,0,0,7,1,2,2,2,0,7182.868960794843,2.0,2,0,1.0,8,20,1957.3237140508804,0.4782030379327186,73.56922607720728,54.46480658134037,6.292428357954053,837.9461768338593,47265.7235696674,5450.247238199963,788.3220176382033,940.7238303964473,3721.2013901653118,985.7569603376596,4464.490277862303,18.163917316696722,5,2,0,0,3,23.812115228843613,18.802582017026435,28.82164844066079,1.0,0.9108242203303961,0.0,0.0,2,0,0.08917577966960388,0.0,0.9108242203303961,0.9108242203303961,1.0,0.0,0.0,1.0,0.9108242203303961,1.0,5,0,2024,9,13,5,0,0,0,1,0,1,GRAVE_LESIONADOS,1
3,1,12,0,4,1,-7.165639160787073,-79.4194951242831,0,4,7,1,1,2,2,0,6543.555,2.94331011187415,2,0,1.0,0,30,1459.2969009891394,0.49315256929560203,78.45456644013238,59.318734892865734,6.2431211062446135,821.8990229784409,24674.809862180533,8931.828000000005,1335.5899999999997,1935.9830000000004,5660.255000000005,1219.309,7712.519000000005,13.651281686122925,8,1,0,0,6,41.60317078311905,28.396829216880953,54.80951234935714,1.0,1.0,0.0,0.0,1,0,0.0,0.0,0.9433101118741497,1.0,0.9433101118741497,0.0,1.0,0.0,0.0,0.9433101118741497,5,0,2024,2,19,2,0,1,0,1,0,1,GRAVE_LESIONADOS,1
4,1,16,1,2,2,-4.438465250857109,-76.74895974996502,0,1,7,0,2,2,2,1,4030.3423883553987,2.0,3,2,1.0,7,26,701.4385562216981,0.5992187565957314,76.40466734673532,63.75853997874649,10.27645478072585,1043.8361298343405,154440.74979664056,4871.501472934704,922.1895568467733,472.47362805163687,3476.838288036294,1205.106464096462,3666.3950088382426,24.870722914682354,5,2,0,0,3,37.710969129924344,30.60115244551545,51.41037200963905,1.0,0.52023048910309,0.0,0.47976951089691,2,0,0.0,0.0,0.0,1.0,0.52023048910309,0.0,1.0,0.0,1.0,0.52023048910309,9,2,2021,11,1,2,0,0,0,1,0,1,GRAVE_LESIONADOS,1
3,1,14,0,4,1,-10.897016822699014,-76.99044451284949,0,4,2,0,2,1,1,2,1422.177,2.0,2,0,0.0,9,19,698.0,0.22131983285240997,78.1991677589237,60.71613225191983,5.314253747473672,180.34706986547167,1763.2344702804544,7626.313,1683.4029999999998,1599.0829999999996,4343.827000000001,1814.875,5811.438000000001,23.797541485643197,5,1,0,0,3,49.35418756956729,37.84359322824533,60.86478191088924,1.0,0.0,0.0,0.6770937847836443,1,0,0.0,0.0,0.6770937847836443,0.32290621521635565,0.0,0.32290621521635565,0.6770937847836443,0.0,0.0,0.0,12,3,2021,8,13,1,0,0,0,1,0,1,GRAVE_LESIONADOS,1
5,1,11,0,4,1,-12.240898310472495,-76.18120477010073,0,4,7,1,2,1,1,1,487.59762389266075,2.0,2,0,0.2214841199383365,8,6,96.19604630853058,0.6346253415541239,78.52466481083746,71.67680657229026,8.936412656305476,1217.2725649428107,35444.12768580171,8223.425106504837,1641.726997603563,1632.4509115734297,4949.247197327846,2052.2439610203137,6171.181145484525,24.72050650496285,6,1,0,0,5,59.90586524141826,56.14063520246654,63.67109528036998,1.0,0.0,0.0,0.7785158800616635,1,0,0.0,0.2214841199383365,0.0,0.7785158800616635,0.0,0.7785158800616635,0.2214841199383365,0.0,0.0,0.0,15,3,2022,10,14,1,0,0,0,1,0,1,GRAVE_LESIONADOS,1
3,1,14,0,4,1,-11.08244581097244,-77.16056033641419,0,4,0,1,2,2,2,1,1422.177,2.0,2,0,0.0,9,19,698.0,0.625259356790912,76.00710856837651,64.39893010534446,7.928807895834627,1379.4198272918734,24684.304068522484,7626.313,1683.4029999999998,1599.0829999999996,4343.827000000001,1814.875,5811.438000000001,23.797541485643197,7,1,0,0,5,33.94521493631592,20.475941525398138,47.41448834723371,1.0,0.1310146186504656,0.0,1.0,1,0,0.0,0.8689853813495344,0.0,0.1310146186504656,0.0,0.8689853813495344,1.0,0.0,0.0,0.0,16,3,2022,3,11,1,0,0,0,1,0,1,GRAVE_LESIONADOS,1
4,1,11,0,4,1,-11.44044795606188,-76.197926509295,0,4,7,0,2,1,0,1,1210.464041720312,1.6009571949974972,1,1,0.0,9,24,453.3867605334658,0.39546668555280684,76.20288494540979,67.36245451900025,3.9844309959351834,636.0577623969516,1387.3712256698866,7979.51097426418,1588.426821981354,1762.4642927805894,4628.619859502236,1840.6946656548819,6138.816308609298,23.113369775790023,4,1,0,0,3,42.01435792496246,41.61531511995996,42.41340072996496,1.0,0.0,0.0,0.0,1,0,0.0,0.0,0.0,1.0,0.0,1.0,0.3990428050025028,0.0,0.0,0.0,11,2,2022,6,15,4,0,0,0,1,0,1,GRAVE_LESIONADOS,1
3,1,14,2,4,1,-12.037272161776402,-76.93243182089276,0,1,6,1,2,2,2,0,6636.667996356335,2.0,2,0,1.0,9,31,1601.6634772552156,0.685386499042391,78.21221870640488,70.61545169096198,9.75551191411584,1458.8682264213376,95583.61815507537,7558.362786789609,1653.6212062549992,1577.3455046224803,4327.39607591213,1787.3862953403361,5770.976491449273,23.59704632518403,5,2,0,0,2,34.98553148045033,21.828510493483442,48.14255246741721,1.0,0.03429790130331167,0.0,0.0,2,0,0.0,0.9657020986966883,0.0,0.03429790130331167,0.03429790130331167,0.0,0.9657020986966883,0.03429790130331167,0.03429790130331167,0.03429790130331167,2,0,2024,5,10,4,0,0,0,1,0,1,GRAVE_LESIONADOS,1
3,2,13,0,4,0,-6.819483289234343,-79.74221868382257,0,4,7,1,2,2,2,0,6543.555,2.502433916611274,2,1,1.0,6,31,1337.1741949013228,0.4935392155563886,80.54344271633163,65.69253710776286,7.91283260772276,647.8879320153309,10548.657141235552,3459.691,515.0619999999999,689.7280000000001,2254.901,703.3549999999999,2756.336,20.329994788551925,6,2,0,0,4,44.82666837325513,40.57058358172695,49.08275316478332,1.0,0.0,0.0,0.4975660833887259,2,0,0.0,0.5024339166112741,1.0,0.4975660833887259,0.0,0.4975660833887259,1.0,0.0,0.0,0.0,12,1,2022,2,12,2,0,0,0,1,0,1,GRAVE_LESIONADOS,1
3,2,10,1,4,1,-13.076078075441108,-76.36075967219296,0,0,7,0,2,2,2,2,6625.045068638178,2.1548426816202273,2,0,1.0,7,30,1594.167181891548,0.6252630068278159,80.21468055444747,71.51736547842542,10.894866432264397,1011.1828991221838,65911.50325186214,4326.098755010108,850.7396422578352,877.1352509655858,2598.223861786687,1213.146653718516,3112.952101291592,28.732203108728648,9,2,0,0,7,46.43008435721534,33.916101228658405,58.38062927351909,1.0,0.0,0.0,0.1548426816202274,2,0,0.0,0.0,0.0,1.0,0.0,1.0,0.1548426816202274,0.0,0.8451573183797726,0.0,22,2,2023,7,6,4,0,0,0,1,0,1,GRAVE_LESIONADOS,1
3,1,14,2,4,1,-12.121164040386988,-76.9717417906734,0,0,7,1,2,2,2,1,6639.975,2.0,2,0,1.0,9,31,1616.0,0.7993438287810694,80.23432654235687,77.33825948713141,12.939081377133071,1796.3270474628675,104631.64453374753,7626.313,1683.4029999999998,1599.0829999999996,4343.827000000001,1814.875,5811.438000000001,23.797541485643197,30,2,0,0,27,39.99392390720853,27.719539518265407,52.26830829615166,1.0,0.0,0.0,0.0,2,0,0.0,0.1829229259620847,0.8170770740379153,0.0,0.0,0.0,1.0,0.0,0.8170770740379153,0.0,6,0,2024,5,3,3,0,0,0,1,0,1,GRAVE_LESIONADOS,1
8,1,10,0,4,1,-13.953423831678913,-75.9036462970804,0,4,7,1,2,2,2,0,6639.975,2.0,2,0,1.0,9,31,1616.0,0.6053164595604621,78.88848309050202,67.63954639531094,9.133324993872453,1064.9426147896202,27932.19700214133,3721.461,698.1859999999996,744.866,2278.409,1102.9029999999996,2618.558,29.636290693359403,5,1,0,0,4,27.984476766381384,27.984476766381384,27.984476766381384,1.0,0.0,0.0,0.6349524333073985,1,0,0.0,0.0,0.0,0.6349524333073985,0.0,0.3650475666926015,0.6349524333073985,0.3650475666926015,0.0,0.3650475666926015,8,0,2021,10,25,3,0,1,0,1,0,1,GRAVE_LESIONADOS,1
3,2,3,0,4,1,-16.55864613703247,-71.57662825201032,0,4,0,0,2,0,1,0,1744.228810504777,2.0,2,0,1.0,8,28,327.2695506590916,0.5806369780986965,79.53979619316135,69.94915034739851,8.022935987698142,1042.3849801600609,1123.8467988382445,10322.272,1495.236,1749.739,7077.2970000000005,2886.595,7435.677000000001,27.964725207783708,6,2,0,0,4,40.526972582760216,34.05394516552043,47.0,1.0,0.567562833283497,0.0,0.0,2,0,0.0,0.0,0.0,1.0,0.0,1.0,0.432437166716503,0.0,0.567562833283497,0.0,6,1,2023,2,9,4,0,0,0,1,0,1,GRAVE_LESIONADOS,1
4,1,6,0,4,1,-12.69063444291833,-75.29682089644848,0,4,0,1,2,1,1,3,1376.647659667793,2.0,2,1,1.0,6,20,255.08441550061775,0.43550441505797544,78.91592289131947,52.749221938404816,6.446720825749184,752.0967735564742,3978.07770691552,12522.65554017214,1813.1343418392569,1522.126649937644,9187.39454839524,2147.421334045023,10375.234206127116,17.096636513645983,6,2,0,0,4,32.69572408960516,29.49268969812875,35.898758481081565,1.0,0.0,0.0,1.0,2,0,0.6231724245321872,0.0,0.0,1.0,0.0,0.37682757546781276,1.0,0.0,0.0,0.6231724245321872,8,1,2022,2,18,5,1,0,2,1,0,1,GRAVE_LESIONADOS,1
3,1,8,0,4,0,-9.521952818274196,-75.7790431355886,0,4,7,1,2,2,2,1,7667.919920351724,2.0,2,0,1.0,9,20,2063.409428759988,0.46092943704837064,72.75284111572621,50.28407260458588,6.927386126697679,749.1710781249634,33109.38094785722,8366.340250270548,1345.5173921097771,863.2617109005097,6157.56114726026,1195.8200713847,7170.520178885848,14.031285720743208,7,2,0,0,5,64.02286326245937,59.24614851777492,68.79957800714382,1.0,0.0,0.07442841843851566,1.0,2,0,0.0,0.07442841843851566,0.0,1.0,0.9255715815614843,1.0,0.0,0.0,0.9255715815614843,0.0,17,1,2021,5,14,3,0,0,1,1,0,1,GRAVE_LESIONADOS,1