CLASE SINIESTRO,CANTIDAD DE VEHICULOS DAÑADOS,DEPARTAMENTO,ZONA,TIPO DE VÍA,RED VIAL,COORDENADAS LATITUD,COORDENADAS  LONGITUD,CONDICIÓN CLIMÁTICA,ZONIFICACIÓN,CARACTERÍSTICAS DE VÍA,PERFIL LONGITUDINAL VÍA,SUPERFICIE DE CALZADA,¿EXISTE SEÑAL VERTICAL?,¿EXISTE SEÑAL HORIZONTAL?,CAUSA FACTOR PRINCIPAL,MTC_RVN_LONGITUD_KM,MTC_RVN_N_CARRILES_MEDIANA,MTC_RVN_SUPERFICIE_DOMINANTE,MTC_RVN_ESTADO_DOMINANTE,MTC_RVN_ES_CONCESIONADA,MTC_RVN_CONCESION_PRINCIPAL,MTC_RVN_CORREDOR_LOGISTICO,MTC_RVN_N_TRAMOS,IDH_2019,IDH_ESP_VIDA_2019,IDH_EDUC_SECUND_PCT_2019,IDH_ANIOS_EDUC_2019,IDH_INGRESO_PERCAP_2019,IDH_POBLACION_2019,MTC_DEP_RED_TOTAL_KM,MTC_DEP_NACIONAL_TOTAL_KM,MTC_DEP_DEPARTAMENTAL_TOTAL_KM,MTC_DEP_VECINAL_TOTAL_KM,MTC_DEP_PAV_TOTAL_KM,MTC_DEP_NO_PAV_TOTAL_KM,MTC_DEP_PCT_PAVIMENTADA,PER_TOTAL_PERSONAS,PER_N_CONDUCTORES,PER_N_CONDUCTORES_FUGADOS,PER_N_PEATONES,PER_N_PASAJEROS_OCUPANTES,PER_EDAD_COND_PROM,PER_EDAD_COND_MIN,PER_EDAD_COND_MAX,PER_ANY_COND_MASCULINO,PER_ANY_LIC_PROBLEMA,PER_ANY_DOSAJE_POS,PER_ANY_DOSAJE_EVALUADO,VEH_TOTAL,VEH_N_FUGADOS,VEH_ANY_FUGADO,VEH_ANY_CARGA,VEH_ANY_PUBLICO,VEH_ANY_PARTICULAR,VEH_ANY_MOTO,VEH_ANY_AUTO,VEH_ANY_CAMION_BUS,VEH_ANY_SOAT_PROBLEMA,VEH_ANY_CITV_PROBLEMA,VEH_ANY_SEGURO_PROBLEMA,HORA_NUM,FRANJA_HORARIA,ANIO,MES,DIA_MES,DIA_SEMANA,ES_FIN_SEMANA,ES_QUINCENA,REGION_NATURAL,TIENE_SEÑALIZACION,ES_VIA_MULTICARRIL,ES_DEPTO_BAJO_PAVIMENTO,CATEGORIA_SEVERIDAD,CATEGORIA_SEVERIDAD_ENC
3,2,11,2,3,2,-10.788615856388,-76.47067915158097,0,1,4,1,2,1,1,0,3476.273650768457,2.0,2,3,0.49630823876255536,11,32,661.5682742821215,0.5552244870683402,77.34325911490393,66.1373755397902,8.232179841757702,932.1764274539956,75445.47102438858,9639.051399101962,1639.8841852553455,1189.2595185253622,6809.907695321253,2548.068804220147,7090.982594881814,26.31997877588246,5,2,0,0,2,32.33579450749163,25.496308238762555,37.49630823876255,1.0,1.0,0.5036917612374446,1.0,2,0,0.0,0.49630823876255536,1.0,0.5036917612374446,1.0,0.5036917612374446,0.49630823876255536,0.0,1.0,0.5036917612374446,5,0,2023,4,7,2,0,0,0,1,0,1,GRAVE_LESIONADOS,1
6,1,11,0,4,2,-8.17359901532644,-77.99161532682093,1,4,0,0,5,2,2,5,6543.555,2.0,4,4,1.0,14,33,1198.0,0.19018342303899535,76.23010497555691,29.92040866668534,3.0376574468597415,179.59755595675028,24331.880358992887,8799.83185198184,1335.204295724905,1727.0587552396712,5737.5688010172635,1190.189422981143,7609.642429000697,13.51606017361466,5,1,0,0,4,43.5478753907593,43.5478753907593,43.5478753907593,1.0,0.0,0.0,0.0,1,0,0.0,0.18262513025310112,0.0,0.0,0.0,0.0,1.0,0.0,1.0,0.0,10,1,2021,3,9,3,0,0,0,1,0,1,GRAVE_LESIONADOS,1
3,2,11,1,4,0,-10.193803275451094,-76.95321166434381,0,3,7,1,2,2,2,2,7061.081010884198,2.0,3,2,1.0,11,27,1596.3332113453214,0.5848008957505539,76.34972450549434,66.89048546622531,8.391577220651762,1087.7179594683582,26962.367003878968,7874.576410601303,1534.326263122982,1255.235807619169,5085.014339859152,1493.2194407517654,6381.356969849538,19.159540465797043,4,2,0,0,2,27.878788987769806,22.57397517503174,33.18360280050787,1.0,0.4260248249682581,0.0,0.5739751750317419,2,0,0.0,0.0,0.0,1.0,1.0,0.5739751750317419,0.0,0.0,0.0,0.0,12,1,2022,4,26,2,0,1,0,1,0,1,GRAVE_LESIONADOS,1
4,1,3,0,4,0,-16.32607682584658,-72.7961019868899,0,2,7,1,1,2,2,0,6605.013552714224,2.0,2,1,1.0,10,31,1464.4351279251746,0.6062419650490773,79.81765302504687,57.6065974223963,9.744650284316533,1105.0162473441421,4697.546209171527,10322.272,1495.236,1749.739,7077.2970000000005,2886.595,7435.677000000001,27.964725207783708,4,1,0,0,2,38.40648846934704,32.988549265126984,43.8244276735671,0.6374046122611835,0.0,0.0,0.0,1,0,0.0,0.0,0.0,0.6374046122611835,0.0,0.0,1.0,0.0,0.0,0.0,7,1,2022,4,11,1,0,0,0,1,0,1,GRAVE_LESIONADOS,1
4,1,8,2,3,4,-11.00850800081567,-76.1592029149503,0,1,3,0,4,2,2,0,6543.555,2.0,4,4,1.0,14,33,1198.0,0.6159334306722408,79.61904427463891,76.29568866482639,10.345094039307945,981.5358221830828,97356.81297274618,6501.80963345626,949.564061167563,1159.6210642521528,4392.624508036544,1671.1650827235474,4830.644550732713,23.714400112111726,8,1,0,0,6,35.10303520413002,34.54632594757717,35.65974446068287,1.0,0.44329074344714614,0.0,0.5567092565528539,1,0,0.0,0.5567092565528539,0.0,1.0,1.0,0.0,0.5567092565528539,0.44329074344714614,1.0,0.5567092565528539,11,1,2022,8,23,4,0,1,0,1,0,1,GRAVE_LESIONADOS,1
5,1,5,0,4,2,-8.970621640290016,-76.92359871666531,0,4,5,1,1,2,2,2,6543.555,2.0,4,4,1.0,14,33,1198.0,0.32517966821884603,66.2556419535629,48.24984261453163,5.1018255826888455,406.05604480125504,12096.305706348732,16418.035554495436,1829.0404499108488,1440.109345943285,13148.885758641301,2230.0864324660897,14187.949122029346,13.504178199720048,10,1,0,0,9,30.915965713325924,28.168068573348155,33.66386285330369,1.0,1.0,0.0,0.7382955104783077,1,0,0.0,0.0,0.7382955104783077,0.26170448952169234,0.26170448952169234,0.0,0.7382955104783077,0.26170448952169234,0.26170448952169234,0.26170448952169234,16,1,2024,10,22,3,0,0,2,1,0,1,GRAVE_LESIONADOS,1
4,1,10,1,4,1,-9.95124552775745,-75.71316948994529,1,3,2,1,2,1,1,0,1094.3995670370512,2.0,2,0,1.0,7,19,183.8623950047175,0.5965988432647545,73.3154312710325,75.838354908818,9.720138126865779,1040.2971466318152,249142.8958035884,15165.928437300667,1830.1958541607664,1411.7285422624004,11924.0040408775,2441.1189518827437,12724.809485417923,16.491931891661004,4,1,0,0,3,30.705357152095324,28.691701686649914,32.71901261754073,1.0,0.0,0.0,0.0,1,0,0.0,0.0,0.0,1.0,0.0,1.0,0.3356092442409013,0.0,0.6643907557590987,0.0,9,0,2022,9,27,3,0,1,2,1,0,1,GRAVE_LESIONADOS,1
3,2,10,0,4,1,-11.999459584653952,-76.97210636899008,0,3,2,1,2,1,1,1,6617.326577565267,2.2348934083668692,2,0,1.0,6,30,1582.8800294202715,0.5335053955136767,79.52662255371027,63.33783058120007,8.14841151366679,809.8245788658974,13008.286398489256,3659.9729524918043,655.1713794862251,731.9144472494676,2272.887125756112,1009.0518084738338,2650.9211440179706,27.45030312900854,5,2,0,0,3,53.23148737948526,41.228081350603645,65.23489340836687,1.0,0.7651065916331309,0.0,0.0,2,0,0.0,0.23489340836686912,0.23489340836686912,0.7651065916331309,0.0,0.7651065916331309,0.23489340836686912,0.0,0.0,0.0,17,1,2021,7,21,3,0,1,0,1,0,1,GRAVE_LESIONADOS,1
3,1,12,0,4,1,-11.059044242756155,-75.97471078474692,4,4,3,1,4,2,2,0,6103.97955166852,2.0,3,2,0.43276708170819367,11,32,725.4949790629253,0.5726250546126217,78.21020550139625,63.294860228907545,9.850362623187559,955.570400323198,61733.30887181436,10257.270873074442,1764.5519085237438,1319.1285965745885,7173.590367976109,1686.4880685067506,8570.78280456769,17.645741946337537,7,2,0,0,5,36.00619101160159,31.327670817081938,40.68471120612123,1.0,0.0,0.0,0.43276708170819367,2,0,0.0,0.0,1.0,0.5672329182918063,0.0,0.5672329182918063,1.0,0.0,0.5672329182918063,0.0,3,0,2022,6,12,1,0,0,1,1,0,1,GRAVE_LESIONADOS,1
4,1,5,0,4,1,-10.80376770347485,-75.59148484748619,0,4,2,0,1,1,1,2,633.744050220847,0.5474465050322097,1,0,0.5158155016774032,8,24,97.86622919793358,0.5131150333550349,69.4183304923253,67.85231445125252,7.438310831702743,907.8382504114902,8196.136728196268,16828.193021681378,1909.8999191828282,1868.924211786421,13049.368890712127,2425.54535427364,14402.647667407738,14.313990559118661,6,1,0,0,4,27.931878269290138,25.094893010064418,30.768863528515855,0.5158155016774032,0.0,0.0,0.0,1,0,0.0,0.5158155016774032,0.0,1.0,0.0,1.0,0.5158155016774032,0.0,0.0,0.0,12,1,2021,5,23,6,1,1,2,1,0,1,GRAVE_LESIONADOS,1
6,1,12,0,4,1,-7.806678947616866,-78.63631787516061,0,4,7,1,3,2,2,0,6543.555,2.6481021272610716,2,1,1.0,4,31,1377.5242892513168,0.42633480874404933,76.15025210056092,50.07184707399482,6.472826765742651,681.6967432096719,14790.62734834389,8931.828000000005,1335.5899999999997,1935.9830000000004,5660.255000000005,1219.309,7712.519000000005,13.651281686122925,10,1,0,0,9,28.832919145349642,28.832919145349642,28.832919145349642,1.0,0.0,0.0,0.0,1,0,0.0,0.0,0.6481021272610714,0.3518978727389286,0.0,0.0,1.0,0.0,0.0,0.0,16,2,2022,10,14,1,0,0,0,1,0,1,GRAVE_LESIONADOS,1
6,1,12,0,4,1,-7.9964275280092725,-78.30633681199733,0,4,7,0,1,2,2,6,9936.932,2.0,2,0,1.0,9,32,3830.0,0.4320883936567258,76.718936301794,43.003289188979466,6.269065613037991,662.0777072841523,13167.552462526766,8931.828000000005,1335.5899999999997,1935.9830000000004,5660.255000000005,1219.309,7712.519000000005,13.651281686122925,20,1,0,0,19,48.669549088013966,48.669549088013966,48.669549088013966,1.0,0.0,0.0,0.0,1,0,0.0,0.01835838399922396,0.981641616000776,0.0,0.0,0.0,1.0,0.0,0.0,0.0,9,1,2022,5,28,3,0,0,0,1,0,1,GRAVE_LESIONADOS,1
6,1,11,0,4,1,-11.714378689394177,-75.81433221979331,0,4,7,0,2,1,1,0,640.8047375578503,2.0,2,0,1.0,3,20,114.13330079185005,0.6522200302104382,76.50228320198066,69.11642292144526,9.868652486677941,1338.2553774906214,3151.0107152978553,12264.545,1826.4639999999995,1105.5389999999998,9332.542,1588.5359999999996,10676.009,12.952261987705208,4,1,0,0,3,32.885947992782235,32.885947992782235,32.885947992782235,1.0,0.3460057785797517,0.0,0.0,1,0,0.0,0.6539942214202483,0.0,0.3460057785797517,0.3460057785797517,0.0,0.6539942214202483,0.0,1.0,0.0,11,1,2022,1,17,1,0,0,2,1,0,1,GRAVE_LESIONADOS,1
4,1,14,2,4,1,-12.269847408523146,-76.89826216065882,2,2,7,1,2,2,2,0,6639.975,2.0,2,0,1.0,9,31,1616.0,0.6909236767275176,78.41626133969348,70.97436336767564,9.826485374940413,1476.8351947609171,95908.53319057816,7626.313,1683.4029999999998,1599.0829999999996,4343.827000000001,1814.875,5811.438000000001,23.797541485643197,6,2,0,0,3,39.50485593474279,31.153956422269232,47.855755447216346,1.0,0.0,0.0,0.0,2,0,0.0,0.6185851490721154,0.0,0.0,0.0,0.0,1.0,0.0,0.38141485092788463,0.0,5,0,2022,7,17,3,0,0,0,1,0,1,GRAVE_LESIONADOS,1
3,1,4,0,4,1,-9.521768329717627,-78.37665688880597,0,4,7,1,2,2,2,0,6543.555,2.69015288324672,2,1,1.0,4,30,1389.1723486593414,0.568656771094085,79.23181174819064,65.35374329062837,8.26606283410983,960.2596326551351,25411.095351497384,10198.824466121994,1714.810375216225,1443.723174189678,7040.290916716093,1827.3571553383906,8371.467310783606,17.69196818325632,6,2,0,0,4,40.1761466243504,24.30984711675328,56.04244613194752,1.0,0.0,0.0,0.0,2,0,0.0,0.6901528832467201,1.0,0.0,0.3098471167532799,0.0,0.6901528832467201,0.0,0.6901528832467201,0.0,13,1,2021,2,11,1,0,0,0,1,0,1,GRAVE_LESIONADOS,1
6,1,12,0,4,1,-7.785813286991792,-79.09144107845322,0,4,7,1,2,2,2,0,6543.555,2.9142057151005103,2,0,1.0,1,30,1451.2349830828414,0.601304256483038,77.05095509340853,74.51662259798945,9.065632561826286,1038.608896566984,8501.685139548821,8931.828000000005,1335.5899999999997,1935.9830000000004,5660.255000000005,1219.309,7712.519000000005,13.651281686122925,6,1,0,0,5,32.08579428489949,32.08579428489949,32.08579428489949,1.0,0.0,0.0,0.0,1,0,0.0,0.08579428489948948,0.0,0.9142057151005105,0.0,0.9142057151005105,0.08579428489948948,0.0,0.9142057151005105,0.0,17,1,2023,1,7,5,1,0,0,1,0,1,GRAVE_LESIONADOS,1
3,1,14,2,2,4,-11.867070274813862,-77.06934414615345,0,2,1,1,1,2,2,0,6543.555,2.0,4,4,1.0,14,33,1198.0,0.6719199195876572,79.27592511086316,73.73859752551455,9.785053090436811,1320.2900833761914,381906.7225847504,7626.313,1683.4029999999998,1599.0829999999996,4343.827000000001,1814.875,5811.438000000001,23.797541485643197,6,2,0,0,4,30.818564023739096,28.5459026485217,33.091225398956496,1.0,0.0,0.0,0.0,2,0,0.0,0.0,1.0,1.0,0.9090645500869589,1.0,0.09093544991304114,0.9090645500869589,1.0,0.9090645500869589,3,0,2022,7,26,5,0,1,0,1,0,1,GRAVE_LESIONADOS,1
3,1,5,0,4,0,-8.18883819730307,-77.72165991732675,0,4,7,1,1,2,2,0,6177.839457046956,1.9232237469852285,3,3,0.9232237469852286,13,32,1143.6424128655417,0.298250728716385,76.43845924750488,37.42922941188873,3.887284555647674,363.9256974376879,25956.730252740344,16077.10740771206,1761.829022070902,1083.6729301245139,13231.605455516645,2067.618469999579,14009.488937712482,12.831051781161198,6,2,0,0,3,40.615164379522156,29.99809128919203,51.232237469852286,1.0,0.0,0.0,0.0,2,0,0.9232237469852286,0.0,0.07677625301477142,0.9232237469852286,0.9232237469852286,0.0,0.07677625301477142,0.9232237469852286,1.0,0.9232237469852286,15,2,2022,7,19,6,1,0,2,1,0,1,GRAVE_LESIONADOS,1
6,1,15,0,4,2,-13.77692291804604,-72.75741249841796,0,4,4,0,7,2,2,3,6543.555,2.0,4,4,1.0,14,33,1198.0,0.2486828847928472,72.48744536880719,52.206163365544626,5.844550380781043,199.64350055176595,1337.991177212849,3039.95472581263,793.6298385417521,517.7050493270485,1728.6198379438292,1029.8274251578855,2010.1273006547444,35.302106025890026,4,1,0,0,3,34.58207253348421,34.58207253348421,34.58207253348421,1.0,0.0,0.0,0.6892793212258371,1,0,0.0,0.6892793212258371,0.3107206787741629,0.0,0.0,0.0,1.0,0.0,0.0,0.0,11,2,2023,3,10,3,0,0,0,1,0,1,GRAVE_LESIONADOS,1
3,1,14,0,3,1,-11.810426367745908,-76.99393506326138,0,3,7,1,2,1,0,1,1778.5478321562684,2.0,2,3,0.1271026137707404,9,24,1046.988752182338,0.6636718365711707,79.06187791509224,74.76099662149628,9.487391812740759,1295.0437851783631,357760.8976823059,7626.313,1683.4029999999998,1599.0829999999996,4343.827000000001,1814.875,5811.438000000001,23.797541485643197,8,2,0,1,5,29.56355130688537,20.398128751478144,38.7289738622926,1.0,0.8728973862292596,0.0,0.0,2,0,0.0,0.0,1.0,0.1271026137707404,1.0,0.1271026137707404,0.8728973862292596,0.8728973862292596,1.0,0.8728973862292596,7,1,2023,3,26,1,0,1,0,1,0,1,GRAVE_LESIONADOS,1
4,1,14,0,4,1,-14.850204881280316,-72.06417333913176,0,4,0,1,2,2,2,3,1566.908630336148,2.0,2,1,1.0,7,24,267.39751452885906,0.3945618885022147,78.35457751298553,59.01917107059815,5.949504324203713,470.9621363869975,5846.403351795498,13298.581688517324,1943.832028764223,2147.187953777782,9207.56170597532,3018.4437142266042,10280.13797429072,22.61951004424108,5,2,0,0,3,42.57898295243969,41.2924292910575,43.865536613821874,1.0,0.0,0.0,1.0,2,0,0.35672316930890635,0.0,0.0,1.0,0.0,0.6432768306910936,1.0,0.0,0.6432768306910936,0.35672316930890635,8,1,2022,8,9,4,0,0,2,1,0,1,GRAVE_LESIONADOS,1
3,2,6,0,4,1,-10.900925871551307,-76.22035414760806,2,4,7,1,2,0,1,1,7161.720946721243,2.0,2,1,1.0,11,16,1198.0,0.5052505781908267,73.6728483667529,72.97003008920161,8.038249509380172,742.3191981969419,14849.750528555309,11654.534016122318,1850.3440890403601,1153.292657808623,8650.897269273335,1797.1060563402052,9857.427959782113,15.623042803774057,6,2,0,0,4,51.073690478655585,47.10979592681916,55.03758503049202,1.0,0.0,0.0,0.5924829939015964,2,0,0.0,0.4075170060984036,0.5924829939015964,0.4075170060984036,0.0,0.4075170060984036,1.0,0.0,0.0,0.0,17,2,2023,8,5,3,0,0,1,1,0,1,GRAVE_LESIONADOS,1
5,1,15,0,4,1,-10.693499674433305,-77.19986830772925,0,4,7,0,2,1,0,0,6743.299039674841,2.835571705090649,2,0,1.0,1,28,1583.193818050353,0.604420446890695,78.2349565257552,64.01320016380623,7.349644031883751,1263.8617667273238,21482.86119246931,7300.5514439763765,1540.6254719662475,1494.8708131108765,4265.055158899253,1683.090818907297,5617.4606250690795,22.8363433913244,5,1,0,0,4,30.506715115271945,30.506715115271945,30.506715115271945,1.0,0.1644282949093513,0.0,0.8355717050906487,1,0,0.1644282949093513,0.0,0.0,1.0,0.1644282949093513,0.8355717050906487,0.0,0.1644282949093513,0.1644282949093513,0.1644282949093513,16,2,2025,2,23,3,0,0,0,1,0,1,GRAVE_LESIONADOS,1
3,3,9,1,4,1,-9.762895113498661,-76.3997389209567,0,1,6,1,1,2,2,2,9788.774008706638,2.0,2,0,1.0,9,32,3715.0844356273615,0.6037216906767984,73.46521696457587,80.57305446675375,9.578430325377278,1060.3552131895074,39122.35617009239,8242.099110582409,1353.078875373465,785.2103856071293,6103.809849601814,1110.2719166973798,7131.827193885029,13.425546109350286,8,3,0,0,4,32.96054043168619,25.309827861390257,51.13098278613903,1.0,0.9563390712869915,0.0,1.0,3,0,0.0,0.0,1.0,0.9563390712869915,0.9563390712869915,0.9563390712869915,0.04366092871300853,0.9563390712869915,1.0,0.9563390712869915,20,2,2022,1,26,3,0,0,1,1,0,1,GRAVE_LESIONADOS,1
6,1,8,0,4,1,-11.734719141499477,-75.7161199934314,0,4,0,1,2,2,2,0,864.7882662144311,1.236633131470009,1,0,0.23663313147000886,8,31,126.7178403985497,0.2358877895603039,65.53386609005265,51.01050976629559,4.817356348463035,206.16318333117476,26926.595142932558,8610.907041736255,1419.4099722651981,1991.352289075086,5200.144780395971,1723.3372422842972,6887.569799451957,20.087783234590674,5,1,0,0,4,49.3970355538299,49.3970355538299,49.3970355538299,1.0,0.0,0.0,0.0,1,0,0.0,0.0,0.0,1.0,0.0,0.7633668685299911,0.23663313147000886,0.23663313147000886,0.23663313147000886,0.23663313147000886,12,2,2022,7,5,1,0,0,1,1,0,1,GRAVE_LESIONADOS,1
3,2,18,0,4,1,-15.666375846849482,-70.29938337146118,0,4,6,1,2,2,2,2,7586.903,2.0,2,0,1.0,9,5,1198.0,0.29245227561153664,64.6877060573753,69.34666802559776,6.836739442554719,229.74730753669758,7033.604128645679,13536.07733206882,1996.9973059516656,2290.162263537515,9248.91776257964,3222.689524031005,10313.387808037814,23.7754007824012,6,2,0,0,4,44.0512550485231,28.653765145569302,59.4487449514769,1.0,0.0,0.88974899029538,1.0,2,0,0.0,0.11025100970461998,0.11025100970461998,0.88974899029538,0.88974899029538,0.88974899029538,0.11025100970461998,0.0,0.88974899029538,0.88974899029538,12,2,2022,6,27,4,0,0,2,1,0,1,GRAVE_LESIONADOS,1
6,1,2,0,4,1,-13.645786975683514,-73.33151945044041,0,4,0,0,2,1,0,1,7577.340141546816,2.0,2,0,1.0,9,5,1198.0,0.4594172847820723,78.44667577767288,70.98995038825716,6.801551590488965,572.8841322194667,27073.926095161136,8360.368333953273,1283.9444530780515,1304.6083809960364,5771.815499879185,1436.779047714947,6923.589286238326,17.18477638368761,6,1,0,0,5,16.04582775091908,16.04582775091908,16.04582775091908,1.0,1.0,0.0,0.0,1,0,0.0,0.0,0.0,0.009165550183816484,0.9908344498161835,0.009165550183816484,0.0,0.0,0.9908344498161835,0.0,1,0,2021,8,19,0,0,0,2,1,0,1,GRAVE_LESIONADOS,1
5,1,3,0,4,1,-16.31272639344011,-71.31262257262601,0,4,5,1,5,2,2,0,1182.8723417444448,1.2013991027938875,4,1,0.2013991027938874,8,30,209.8545650089616,0.5089033489437033,79.88518583820203,72.13221922020134,7.5537093156029025,695.0060563698115,2839.686078230073,10322.272,1495.236,1749.739,7077.2970000000005,2886.595,7435.677000000001,27.964725207783708,5,1,0,0,3,38.19440358882445,37.590206280442786,38.798600897206114,1.0,0.0,0.0,0.0,1,0,0.0,0.7986008972061126,0.0,0.2013991027938874,0.0,0.2013991027938874,1.0,0.0,0.0,0.0,6,0,2023,7,16,3,0,0,0,1,0,1,GRAVE_LESIONADOS,1
9,1,10,0,4,1,-13.926511104377354,-75.97926173826765,0,3,7,1,2,2,2,0,6639.975,2.0,2,0,1.0,9,31,1616.0,0.6053164595604621,78.88848309050202,67.63954639531094,9.133324993872453,1064.9426147896202,27932.19700214133,3721.461,698.1859999999996,744.866,2278.409,1102.9029999999996,2618.558,29.636290693359403,5,1,0,0,4,32.16390329610814,32.16390329610814,32.16390329610814,1.0,0.0,0.040975824027034036,1.0,1,0,0.0,0.0,0.0,0.959024175972966,0.0,0.0,1.0,0.0,0.0,0.0,2,0,2021,9,28,5,1,0,0,1,0,1,GRAVE_LESIONADOS,1
6,1,10,0,4,2,-9.05112822199758,-77.03444117291059,0,4,2,0,1,2,2,1,6543.555,2.0,4,4,1.0,14,33,1198.0,0.19460642545714055,76.9294872331237,32.57484865147936,2.511082986446666,254.9454136737357,24558.674614550695,8488.478933987326,1334.2944953001447,1234.2476071675574,5919.936831519623,1121.5020755720395,7366.976858415286,13.197099255987837,4,1,0,0,3,41.74742031174388,41.74742031174388,41.74742031174388,1.0,0.3865981534778289,0.0,0.0,1,0,0.0,0.6134018465221711,0.0,0.3865981534778289,0.0,0.0,1.0,0.0,0.6134018465221711,0.0,17,2,2021,6,11,1,0,0,1,1,0,1,GRAVE_LESIONADOS,1
3,3,7,1,4,1,-13.585430554453739,-74.13651909445765,0,4,2,1,2,0,1,0,6614.744646828812,2.0,2,1,1.0,10,31,1506.6213687455222,0.5593314704813315,78.03391864336335,63.67344452609195,7.593881107953337,1013.0903255911862,36015.20840497859,9967.334154853055,1570.3817364011927,1458.5660184736812,6938.3863999781815,2710.7282912122982,7256.605863640757,27.11026801842961,7,3,0,0,4,41.007061008471844,27.074929500437403,53.093370933100054,1.0,0.26167136663750645,0.0,0.26167136663750645,3,0,0.0,0.7383286333624935,0.26167136663750645,0.7383286333624935,0.26167136663750645,0.7383286333624935,0.7383286333624935,0.26167136663750645,0.26167136663750645,0.26167136663750645,21,2,2022,6,22,4,0,1,0,1,0,1,GRAVE_LESIONADOS,1
6,1,12,0,4,1,-8.421442279747485,-78.6854812427524,0,4,7,1,1,2,2,2,6770.881038927699,2.9330089056041526,2,0,1.0,0,30,1632.7640273022212,0.4980082672953672,76.85456206714488,51.99856759674163,6.640997737477527,875.9000865736363,67743.17628540377,8931.828000000005,1335.5899999999997,1935.9830000000004,5660.255000000005,1219.309,7712.519000000005,13.651281686122925,4,1,0,0,3,23.67477735989619,23.67477735989619,23.67477735989619,1.0,0.0,0.0,0.0,1,0,0.0,0.9330089056041524,0.0,0.0669910943958476,0.0,0.0,1.0,0.0,0.0,0.0,21,2,2023,3,12,5,1,0,0,1,0,1,GRAVE_LESIONADOS,1
5,1,4,0,4,1,-13.417389269785186,-74.66022480278527,0,4,0,1,2,2,2,4,1674.6470048072645,2.0,2,2,1.0,8,24,312.91384080690557,0.26385170916896994,78.11434799252089,43.44326435714441,4.166053428121528,227.62377487161186,3904.8453700429795,12705.897611828137,1811.155013091169,1790.3873173406455,9104.355281396323,2508.7365154277836,10197.161096400354,19.73491803802407,6,2,0,0,4,30.84494762754028,30.689895255080557,31.0,1.0,0.0,0.0,0.9718086595527778,2,0,0.9718086595527778,0.0,0.0,1.0,0.0,0.028191340447222157,0.9718086595527778,0.028191340447222157,0.028191340447222157,1.0,12,3,2022,1,21,4,0,1,2,1,0,1,GRAVE_LESIONADOS,1
3,1,9,0,4,1,-12.2469625228788,-75.25146129633136,0,4,6,1,2,1,1,2,559.7647533030702,2.0,2,0,1.0,4,30,103.52862229833963,0.35255317737646913,71.66353818771806,57.17711738769226,6.740332529690971,360.13526249581747,4549.580001287214,12365.915475044661,1821.228902746566,1269.1498620118873,9275.536710286206,1808.032932476502,10557.882542568157,14.579925910989473,6,1,0,0,4,43.02101968145229,37.734235238910784,48.3078041239938,1.0,0.0,0.0,0.7552549203630727,1,0,0.0,0.0,0.0,0.7552549203630727,0.0,0.24474507963692727,0.7552549203630727,0.0,0.0,0.0,5,0,2022,4,15,1,0,0,2,1,0,1,GRAVE_LESIONADOS,1
5,1,4,2,3,4,-15.169772635552896,-72.52718174837311,0,0,6,0,6,2,2,0,6543.555,2.0,4,4,1.0,14,33,1198.0,0.6615245859691133,78.47635550350793,79.31099299175044,11.070383977639967,1153.1919210957415,97805.0452495935,9508.958837280286,1379.0714817297408,1624.1126651082607,6505.774690442284,2627.8501007592927,6881.108736520991,27.05990138948884,12,1,0,0,10,38.17040073712237,38.05188655671128,38.28891491753346,1.0,0.8814858195889105,0.0,0.11851418041108952,1,0,0.0,0.11851418041108952,0.0,1.0,1.0,0.0,0.11851418041108952,0.8814858195889105,1.0,0.11851418041108952,15,2,2022,9,22,5,0,1,0,1,0,1,GRAVE_LESIONADOS,1
4,1,6,0,4,1,-12.865118929777031,-74.6482157822277,0,4,7,1,2,1,1,0,1132.6751370840716,2.0,2,0,1.0,7,26,182.35617474405115,0.5973667060472858,79.05904557494158,72.14341270524521,8.796585672033757,1015.7301305766553,33919.37518713055,9743.967354863957,1428.8370487460197,1827.2004226309855,6487.9298834869505,2193.1479869809227,7550.819367883033,22.011568607108757,6,1,0,0,5,35.34538153123985,25.41591365429751,45.274849408182185,1.0,0.0,0.0,0.0,1,0,0.0,0.5840863457024905,0.0,0.4159136542975095,0.0,0.0,1.0,0.0,0.4159136542975095,0.0,12,2,2021,9,10,3,0,0,0,1,0,1,GRAVE_LESIONADOS,1