CLASE SINIESTRO,CANTIDAD DE VEHICULOS DAÑADOS,DEPARTAMENTO,ZONA,TIPO DE VÍA,RED VIAL,COORDENADAS LATITUD,COORDENADAS  LONGITUD,CONDICIÓN CLIMÁTICA,ZONIFICACIÓN,CARACTERÍSTICAS DE VÍA,PERFIL LONGITUDINAL VÍA,SUPERFICIE DE CALZADA,¿EXISTE SEÑAL VERTICAL?,¿EXISTE SEÑAL HORIZONTAL?,CAUSA FACTOR PRINCIPAL,MTC_RVN_LONGITUD_KM,MTC_RVN_N_CARRILES_MEDIANA,MTC_RVN_SUPERFICIE_DOMINANTE,MTC_RVN_ESTADO_DOMINANTE,MTC_RVN_ES_CONCESIONADA,MTC_RVN_CONCESION_PRINCIPAL,MTC_RVN_CORREDOR_LOGISTICO,MTC_RVN_N_TRAMOS,IDH_2019,IDH_ESP_VIDA_2019,IDH_EDUC_SECUND_PCT_2019,IDH_ANIOS_EDUC_2019,IDH_INGRESO_PERCAP_2019,IDH_POBLACION_2019,MTC_DEP_RED_TOTAL_KM,MTC_DEP_NACIONAL_TOTAL_KM,MTC_DEP_DEPARTAMENTAL_TOTAL_KM,MTC_DEP_VECINAL_TOTAL_KM,MTC_DEP_PAV_TOTAL_KM,MTC_DEP_NO_PAV_TOTAL_KM,MTC_DEP_PCT_PAVIMENTADA,PER_TOTAL_PERSONAS,PER_N_CONDUCTORES,PER_N_CONDUCTORES_FUGADOS,PER_N_PEATONES,PER_N_PASAJEROS_OCUPANTES,PER_EDAD_COND_PROM,PER_EDAD_COND_MIN,PER_EDAD_COND_MAX,PER_ANY_COND_MASCULINO,PER_ANY_LIC_PROBLEMA,PER_ANY_DOSAJE_POS,PER_ANY_DOSAJE_EVALUADO,VEH_TOTAL,VEH_N_FUGADOS,VEH_ANY_FUGADO,VEH_ANY_CARGA,VEH_ANY_PUBLICO,VEH_ANY_PARTICULAR,VEH_ANY_MOTO,VEH_ANY_AUTO,VEH_ANY_CAMION_BUS,VEH_ANY_SOAT_PROBLEMA,VEH_ANY_CITV_PROBLEMA,VEH_ANY_SEGURO_PROBLEMA,HORA_NUM,FRANJA_HORARIA,ANIO,MES,DIA_MES,DIA_SEMANA,ES_FIN_SEMANA,ES_QUINCENA,REGION_NATURAL,TIENE_SEÑALIZACION,ES_VIA_MULTICARRIL,ES_DEPTO_BAJO_PAVIMENTO,CATEGORIA_SEVERIDAD,CATEGORIA_SEVERIDAD_ENC
5,1,10,0,4,1,-9.247654413529236,-77.60285254948121,0,4,1,1,2,1,1,2,657.6149689774256,1.161000107497979,1,0,0.720333369165993,8,29,116.77999785004042,0.3489222114373193,71.93240469911682,53.14374407202685,5.284329756048838,414.41159338184195,27367.715021605756,8814.255589064125,1366.298235065466,1956.2680597342833,5491.689294264375,1403.9644863407698,7410.291102723355,16.009354555966272,6,1,0,0,5,43.237333046672056,40.440666738331984,46.03399935501213,1.0,0.279666630834007,0.0,0.0,1,0,0.0,0.0,0.0,1.0,0.0,0.279666630834007,0.720333369165993,0.720333369165993,0.720333369165993,0.720333369165993,3,0,2021,9,12,4,0,0,0,1,0,1,GRAVE_LESIONADOS,1
9,1,4,1,4,2,-13.190852516796955,-74.52685447062632,0,4,0,0,2,1,0,2,6543.555,2.0,4,4,1.0,14,33,1198.0,0.2139720141406959,70.14442873660303,42.48512287473359,3.598473573799936,197.5438487572453,15413.19800575325,12644.887642233958,1806.8218830932235,1719.4079547263243,9118.65780441441,2412.0898328451267,10232.79780938883,19.059266980806843,5,1,0,0,4,33.24514489386013,33.24514489386013,33.24514489386013,0.08171496462004224,0.9182850353799578,0.0,0.08171496462004224,1,0,0.0,0.0,0.0,1.0,0.0,1.0,0.0,0.0,0.0,0.0,10,1,2021,3,14,3,0,0,2,1,0,1,GRAVE_LESIONADOS,1
4,1,10,0,4,1,-13.34589874068331,-76.22709707026242,0,4,7,1,2,2,2,0,6639.975,2.0,2,0,1.0,9,31,1616.0,0.5736744275518083,81.67473861808857,68.1608574885675,9.138785887908334,865.1176766860625,26660.92933618844,3721.461,698.1859999999996,744.866,2278.409,1102.9029999999996,2618.558,29.636290693359403,9,1,0,0,7,46.67236415442535,45.85628323121971,47.488445077630985,1.0,0.0,0.0,0.0,1,0,0.0,0.4080404616028166,0.0,0.5919595383971834,0.0,0.0,1.0,0.0,0.5919595383971834,0.0,14,1,2022,6,4,3,0,0,0,1,0,1,GRAVE_LESIONADOS,1
6,1,12,0,4,1,-7.993237248659675,-78.23454605521638,0,4,7,1,2,2,2,2,9287.855768501231,2.191277371037397,2,0,1.0,7,31,3379.5417912069297,0.4190499431044152,73.77328972061312,57.289840514847356,5.817997322331783,599.0945090623368,69190.94888491574,8931.828000000005,1335.5899999999997,1935.9830000000004,5660.255000000005,1219.309,7712.519000000005,13.651281686122925,4,1,0,1,2,31.704671547551236,31.704671547551236,31.704671547551236,1.0,0.0,0.0,0.0,1,0,0.0,1.0,0.0,0.0,0.0,0.0,1.0,0.0,0.8087226289626029,0.0,17,2,2021,5,25,1,0,0,0,1,0,1,GRAVE_LESIONADOS,1
4,1,7,0,4,1,-13.920609764677545,-71.56895935871619,0,4,7,1,2,1,1,2,7083.088958923706,2.0,2,1,1.0,11,18,1198.0,0.26321657749546834,68.73886081626182,54.233664002566236,5.1660581490193,211.83060201915896,5340.129039365619,17779.13499998999,2097.3709999899997,2863.123,12818.640999999989,2878.713,14900.421999989989,16.19152450331032,5,1,0,0,3,40.20899517543237,33.48646207429242,46.93152827657232,1.0,0.0,0.0,0.5171179308569195,1,0,0.0,0.5171179308569195,0.0,1.0,0.0,0.5171179308569195,1.0,0.4828820691430805,0.4828820691430805,0.4828820691430805,17,2,2023,3,7,1,0,0,2,1,0,1,GRAVE_LESIONADOS,1
5,1,6,0,4,0,-12.20390508935796,-73.3143992650855,0,4,6,0,6,2,2,2,6655.213006724471,2.0,3,3,1.0,13,31,1283.9417525990361,0.5674098999093053,77.04901534840131,77.90440040750386,9.343994618568637,844.6001512737886,31389.3164901481,17609.68084403327,2063.964383719913,2685.9606490334622,12859.755811279894,2797.9602909335254,14811.720553099745,15.85695526875095,4,1,0,0,2,35.45958156470073,34.35658580941898,36.56257731998247,1.0,1.0,0.0,0.09191631294014557,1,0,0.0,0.0,0.0,0.09191631294014557,0.09191631294014557,0.0,0.0,0.9080836870598544,0.9080836870598544,0.09191631294014557,15,2,2021,2,7,0,0,0,2,1,0,1,GRAVE_LESIONADOS,1
5,1,10,1,4,1,-14.295766052479662,-75.67419321571552,0,4,7,1,2,1,1,5,6639.975,2.0,2,0,1.0,9,31,1616.0,0.6261042306271147,80.48505954362174,76.55712631348362,9.341715591523595,1061.002261282891,31419.372591006424,3721.461,698.1859999999996,744.866,2278.409,1102.9029999999996,2618.558,29.636290693359403,4,1,0,0,3,25.42344775259024,24.347507030347593,26.499388474832887,1.0,1.0,0.0,1.0,1,0,0.0,0.1956255858622994,0.0,1.0,0.0,0.0,1.0,1.0,0.8043744141377006,0.0,16,2,2021,2,21,3,0,1,0,1,0,1,GRAVE_LESIONADOS,1
3,2,18,1,2,3,-15.085193804413397,-70.62332553249936,0,3,1,0,2,1,1,2,6766.940476382129,2.0,3,3,1.0,13,32,1371.2641477318207,0.527868043333171,73.90503619626752,78.88870758563726,8.845582344294652,748.1724689095123,65368.83708779284,13453.074253328457,2011.8448369781268,2279.6373785383016,9161.59203781203,3234.1537266415507,10218.920526686907,23.977361717577534,7,2,0,0,4,49.078382192915846,43.47336125309477,57.485913602647464,1.0,0.0,0.9341701566368462,0.9341701566368462,2,0,0.0,0.0,0.9341701566368462,1.0,0.9341701566368462,1.0,0.0,0.0,0.9341701566368462,0.9341701566368462,16,1,2022,2,11,4,0,0,1,1,0,1,GRAVE_LESIONADOS,1
5,1,5,0,4,1,-7.2735114090804505,-78.53199237952607,0,4,2,0,2,1,1,2,351.9004483560269,2.0,2,0,1.0,10,27,58.03980798913855,0.33062612386002604,73.63431194263582,51.04286009700887,4.577670925322833,385.02324541141127,7359.1556903648925,15935.565011852366,1733.9250000199986,935.692,13265.948011832368,2000.1670000199988,13935.398011832369,12.551591352627522,9,1,0,0,8,34.53713599961209,34.229708799689675,34.844563199534505,1.0,0.3074271999224182,0.0,1.0,1,0,0.0,0.0,0.6925728000775818,0.3074271999224182,0.0,0.3074271999224182,0.6925728000775818,0.0,0.3074271999224182,0.0,8,0,2023,6,9,4,0,0,2,1,0,1,GRAVE_LESIONADOS,1
4,1,16,1,2,2,-13.527447874025075,-74.09866694520156,6,2,7,1,2,2,2,4,4386.290962348588,2.0,3,2,1.0,11,29,788.3059289932188,0.6838968806218187,77.37815552608915,78.35992011731634,11.226805879367634,1314.587609435831,243112.36202482707,10201.777504886933,1827.834501462888,1922.3149260277262,6451.628077396319,2456.676387972553,7745.10111691438,24.009412844803993,6,3,0,1,2,41.618734985027366,27.99343468557465,64.58502815130966,1.0,0.0,0.0,0.0,3,0,0.0,0.0,0.0,1.0,0.5718975224589538,1.0,1.0,0.0,0.5718975224589538,0.5718975224589538,17,2,2021,6,16,5,1,0,0,1,0,1,GRAVE_LESIONADOS,1
3,1,21,0,4,1,-17.063062324392668,-71.3427834870631,0,4,0,1,2,1,1,2,6945.064928502418,2.0,2,0,1.0,9,31,1820.876527569014,0.5623937349085295,73.45405545917919,72.9486319390396,9.009809314609015,951.9281415943742,2908.735310213414,2745.565478570385,624.5576114720296,526.5488642281105,1594.4590028702446,1024.485684774554,1721.0797937958303,38.07559806453746,5,2,0,0,3,28.56417347201611,20.647757765575022,36.480589178457194,1.0,0.0,0.0,1.0,2,0,0.0,0.0,0.9074631763464255,1.0,0.0,1.0,0.9074631763464255,0.0,0.0,0.0,21,2,2023,6,10,4,0,0,0,1,0,1,GRAVE_LESIONADOS,1
3,2,5,0,4,1,-5.793713235581095,-78.78154584083047,0,3,6,1,2,1,1,0,6828.609532409393,2.0,2,0,1.0,8,20,1876.646394532328,0.5803239946829384,74.49544278598792,68.33065356443184,8.733179344969395,1046.078117086984,102362.46895074946,15935.565011852366,1733.9250000199986,935.692,13265.948011832368,2000.1670000199988,13935.398011832369,12.551591352627522,6,2,0,0,4,34.602332751652675,27.959702669604756,41.2449628337006,1.0,1.0,0.0,0.0,2,0,0.0,1.0,0.0,1.0,0.0,1.0,1.0,0.0,0.8775185831497028,0.0,16,3,2022,7,27,6,1,0,2,1,0,1,GRAVE_LESIONADOS,1
4,1,12,0,4,1,-8.129132549773674,-78.43378107090305,0,4,7,1,2,2,2,2,8124.746136281922,2.0,3,2,1.0,11,32,2424.4169500453436,0.4555370743939501,75.19716478126949,54.844710484164565,6.1983109182250145,727.0080831131862,68521.9241879372,8931.828000000005,1335.5899999999997,1935.9830000000004,5660.255000000005,1219.309,7712.519000000005,13.651281686122925,6,1,0,0,5,31.261747207567403,29.39789166038603,33.125602754748776,1.0,0.5340361132046566,0.0,0.0,1,0,0.0,0.4659638867953434,0.0,0.5340361132046566,0.0,0.5340361132046566,0.4659638867953434,0.0,1.0,0.0,5,0,2022,7,18,3,0,0,0,1,0,1,GRAVE_LESIONADOS,1
6,1,11,0,4,0,-11.365545428740877,-75.56205348735314,0,4,0,0,2,2,2,0,6543.555,2.0,4,4,1.0,14,33,1198.0,0.29038240104019336,76.16463618680656,46.48005746465794,4.81920730036089,266.29658493168097,5107.015164529946,12264.545,1826.4639999999995,1105.5389999999998,9332.542,1588.5359999999996,10676.009,12.952261987705208,4,1,0,0,3,45.04913421029783,45.04913421029783,45.04913421029783,1.0,0.8794626935118923,0.0,0.0,1,0,0.0,0.0,0.0,0.12053730648810768,0.0,0.8794626935118923,0.12053730648810768,0.0,0.0,0.0,8,0,2022,1,24,4,0,0,2,1,0,1,GRAVE_LESIONADOS,1
3,2,3,0,4,1,-16.635575854665014,-71.64486501121223,0,4,0,0,2,0,1,0,1753.6987997448125,2.0,2,0,1.0,8,29,330.6763844152551,0.5858029201111581,79.45712002891396,70.38752432341298,8.111720672579183,1059.0392006277,1114.5757705805477,10322.272,1495.236,1749.739,7077.2970000000005,2886.595,7435.677000000001,27.964725207783708,7,2,0,0,5,42.83484538617867,39.07971455909909,46.589976213258254,1.0,1.0,0.0,0.0,2,0,0.0,0.410023786741743,0.0,0.589976213258257,0.0,0.589976213258257,0.410023786741743,0.0,0.589976213258257,0.0,9,1,2023,2,7,6,1,0,0,1,0,1,GRAVE_LESIONADOS,1
4,1,7,0,4,1,-13.057816222758598,-71.68056674564298,0,4,0,0,3,1,1,4,6543.555,2.0,4,4,1.0,14,33,1198.0,0.29376876323663814,66.34812190924026,52.094000255449174,4.663085285145255,336.4343648374015,5408.671974148856,17779.13499998999,2097.3709999899997,2863.123,12818.640999999989,2878.713,14900.421999989989,16.19152450331032,6,1,0,0,4,37.40997458866433,24.87810672760979,49.94184244971888,1.0,0.0,0.0,0.0,1,0,0.0,0.0,0.0,1.0,0.48199491773286707,0.0,0.5180050822671329,0.48199491773286707,0.0,0.0,17,2,2022,6,13,2,0,0,2,1,0,1,GRAVE_LESIONADOS,1
6,1,14,2,2,4,-11.969981439042513,-77.00565006711919,0,0,1,1,2,2,2,1,6543.555,2.0,4,4,1.0,14,33,1198.0,0.7039380333411903,79.67726158779693,73.55967297146543,10.13617937872651,1471.0336741758192,1121334.954768798,7626.313,1683.4029999999998,1599.0829999999996,4343.827000000001,1814.875,5811.438000000001,23.797541485643197,9,1,0,0,7,40.63414609900263,40.63414609900263,40.63414609900263,1.0,0.0,0.0,0.0,1,0,0.0,0.0,1.0,0.0,0.0704606776669583,0.0,0.9295393223330417,0.9295393223330417,1.0,0.9295393223330417,7,1,2023,10,18,2,0,1,0,1,0,1,GRAVE_LESIONADOS,1
6,1,6,2,4,1,-12.342835170458448,-73.8857907220448,0,4,7,1,1,2,2,1,3105.0687480524994,1.2781436404489108,1,3,0.2781436404489108,10,32,686.9256974378288,0.32248478979399686,70.29704724468654,56.19379579166358,4.745091374176579,363.81988519233255,23485.47030688993,17266.357732067037,1996.280806451749,2327.0203249459155,12943.056600669372,2634.351017263734,14632.006714803301,15.179100245788732,6,1,0,0,4,40.88742543820436,40.88742543820436,40.88742543820436,1.0,0.0,0.0,0.0,1,0,0.0,0.2781436404489108,0.7218563595510892,0.0,0.0,0.0,1.0,0.0,0.7218563595510892,0.0,6,0,2023,7,8,4,0,0,2,1,0,1,GRAVE_LESIONADOS,1
6,1,9,0,4,1,-11.088387152749107,-76.09970628126426,0,4,5,1,2,1,0,0,7248.329636602877,2.3245066491689474,2,0,1.0,6,13,1287.8883418197984,0.37951557969724775,70.61892670987997,64.2847825650629,5.6805659285540475,517.3907833503936,6986.661900282148,8647.849244323925,1409.7611964013017,1984.978559215829,5253.109488706794,1665.3169947532192,6982.532249570705,19.34685766386517,4,1,0,0,3,35.377466754155265,32.675493350831054,37.40394680664842,1.0,0.0,0.0,0.0,1,0,0.0,0.0,0.0,1.0,0.0,1.0,0.0,0.0,0.32450664916894734,0.0,7,0,2021,7,16,5,1,0,1,1,0,1,GRAVE_LESIONADOS,1
5,1,10,0,4,1,-11.340722238627471,-75.50409590495927,5,4,5,1,6,1,1,0,6373.667601191779,1.945122448744887,3,3,0.9451224487448869,13,31,1193.115897938295,0.4097715784416993,74.5934097811179,47.10727264556476,5.382864552513114,631.6654355181411,11884.13410595389,12287.274623199253,1825.2901691786526,1142.2243686262866,9319.760085394313,1637.752328190084,10649.522295009168,13.317222176112828,7,1,0,0,6,42.780489794979545,42.28659183368353,43.274387756275566,1.0,0.054877551255113066,0.0,0.054877551255113066,1,0,0.0,1.0,0.0,0.054877551255113066,0.054877551255113066,0.0,1.0,0.054877551255113066,0.054877551255113066,0.0,10,0,2021,5,5,5,0,0,2,1,0,1,GRAVE_LESIONADOS,1
5,1,7,0,4,1,-14.207206018191949,-71.87365556193107,2,4,7,1,2,1,1,2,2251.5483971328586,1.0,1,3,0.0,9,26,664.9710961749774,0.46043019086653125,67.70272603445989,69.96397287002182,6.869065610487003,717.5887777987057,9690.972018377362,17779.13499998999,2097.3709999899997,2863.123,12818.640999999989,2878.713,14900.421999989989,16.19152450331032,7,1,0,0,5,26.240010408117385,25.10934096595275,27.370679850282023,1.0,0.0,0.0,0.0,1,0,0.0,0.0,0.28266736054115904,1.0,0.0,0.28266736054115904,1.0,0.0,0.0,0.0,4,0,2023,4,10,1,0,0,2,1,0,1,GRAVE_LESIONADOS,1
3,2,20,2,4,1,-15.824749877272442,-70.02316982919972,0,0,3,0,2,0,0,2,7106.056526793879,2.0,2,1,1.0,11,17,1198.0,0.6488901960567479,69.67312345830231,82.12448375199249,11.701623814093702,1230.336353415943,144745.3597430407,13642.312999999998,2020.7790000000005,2354.117,9267.416999999998,3314.0520000000006,10328.260999999997,24.29244952817019,5,2,0,0,3,35.92609069128657,29.382606205808955,42.469575176764174,1.0,0.0,0.0,0.0,2,0,0.0,0.0,1.0,1.0,0.539131264730348,1.0,0.460868735269652,0.0,0.539131264730348,0.0,8,1,2021,9,6,2,0,0,2,1,0,1,GRAVE_LESIONADOS,1
6,1,7,0,4,1,-14.598029136586401,-71.73522829945361,0,4,5,0,2,2,2,2,1314.5584568495792,0.34260884712855955,0,2,0.0,9,32,341.1009038746187,0.4670263153502933,65.5237709552973,70.61273193256336,7.074467358088314,760.9316629253258,9065.880085653103,17779.13499998999,2097.3709999899997,2863.123,12818.640999999989,2878.713,14900.421999989989,16.19152450331032,4,1,0,0,3,38.782610589106994,38.782610589106994,38.782610589106994,0.6713044235642798,0.0,0.0,0.0,1,0,0.0,0.0,0.0,1.0,0.0,1.0,0.0,0.0,0.0,0.0,9,1,2023,4,25,6,1,1,2,1,0,1,GRAVE_LESIONADOS,1
0,1,3,0,6,3,-16.150766973610207,-72.92254247773947,0,4,1,0,6,1,1,0,6559.192720767568,2.0,3,3,1.0,13,32,1265.7926496664927,0.5389162526408906,82.13076722625526,66.41205124503644,8.703250060950067,763.9319461548491,7981.394065480706,10322.272,1495.236,1749.739,7077.2970000000005,2886.595,7435.677000000001,27.964725207783708,12,1,0,0,10,30.541134427420566,28.59493395852604,32.4873348963151,1.0,0.0,0.0,0.1621833724078774,1,0,0.0,1.0,0.1621833724078774,0.0,0.0,0.0,1.0,0.0,0.8378166275921226,0.0,8,0,2021,1,19,0,0,1,0,1,0,1,GRAVE_LESIONADOS,1
6,1,7,0,4,1,-14.047116814344255,-71.77141934877856,3,4,0,0,2,1,1,2,1969.135107602113,1.0,2,3,0.0,9,7,587.2254653361445,0.4082636778895354,72.45538991517613,62.66849425482534,6.033663787401056,533.2158572926753,2169.2334626846387,17779.13499998999,2097.3709999899997,2863.123,12818.640999999989,2878.713,14900.421999989989,16.19152450331032,5,1,0,0,4,31.40509670999312,31.40509670999312,31.40509670999312,1.0,0.0,0.0,0.4864423871418745,1,0,0.0,0.0,0.0,0.5135576128581255,0.0,1.0,0.0,0.0,0.0,0.0,9,1,2023,3,20,5,1,0,2,1,0,1,GRAVE_LESIONADOS,1
3,2,5,0,4,1,-8.821953648039628,-77.35487870109218,0,4,0,0,1,1,1,2,721.8745671532487,2.0,2,0,0.7385390394759076,8,13,138.78942044750627,0.4917297486039815,73.48626964246708,62.635986083211826,7.121970391807108,844.152859784462,6827.81811601371,16417.58659174422,1828.9519402707942,1439.639960603912,13148.994690869513,2229.872481039369,14187.71411070485,13.503291770448532,5,2,0,0,3,34.15365240131023,29.830226723668645,38.47707807895181,1.0,0.2614609605240924,0.0,0.0,2,0,0.0,1.0,0.0,0.7385390394759076,0.0,1.0,1.0,0.0,0.2614609605240924,0.0,13,1,2021,3,16,5,0,0,2,1,0,1,GRAVE_LESIONADOS,1
3,1,15,2,2,3,-3.963255381859434,-74.26401413966263,0,0,7,1,2,2,2,1,6543.555,2.133144786972934,3,3,1.0,12,32,1234.8811059915026,0.5839856579602616,73.87483432158277,57.78976481646836,10.444811839105826,1053.7774806863588,150842.66195095173,2143.4778928265087,349.03136420400097,362.85390573540343,1431.5926228871049,532.5536318684894,1610.9242609580206,24.984912172513972,6,2,0,0,3,47.509916984161904,35.662895739458676,70.33710426054132,1.0,0.866855213027066,0.0,0.13314478697293397,2,0,0.13314478697293397,0.0,0.13314478697293397,0.866855213027066,1.0,0.0,0.866855213027066,0.0,1.0,1.0,10,2,2022,10,3,1,0,0,0,1,0,1,GRAVE_LESIONADOS,1
6,1,4,0,4,1,-13.136139718041898,-74.5169841771015,0,3,5,0,2,1,0,3,2340.439330393502,1.6262592746624267,2,3,0.6262592746624267,9,19,611.7501359180333,0.21510664546563152,77.88173031562236,40.24272744665852,3.280165285477769,198.2375557779841,3732.7542735400743,12678.733000000004,1805.074000000001,1774.0339999999994,9099.625000000004,2485.375000000001,10193.358000000002,19.602707936195205,5,1,0,0,4,44.111147978713305,44.111147978713305,44.111147978713305,1.0,0.0,0.0,0.3737407253375733,1,0,0.0,0.0,0.0,0.0,0.0,0.6262592746624267,0.3737407253375733,0.0,0.3737407253375733,0.0,10,1,2022,7,29,1,0,1,2,1,0,1,GRAVE_LESIONADOS,1
6,1,5,0,4,2,-7.017639524613424,-78.37136216569603,3,4,0,0,1,2,2,1,6543.555,2.0,4,4,1.0,14,33,1198.0,0.27841840958905284,74.0653016030841,53.43047864912843,3.6354765446348125,292.54399071536386,8240.716335307618,15935.565011852366,1733.9250000199986,935.692,13265.948011832368,2000.1670000199988,13935.398011832369,12.551591352627522,6,1,0,0,5,37.0,33.0,40.0,0.0,0.0,0.0,0.0,1,0,0.0,0.6690535153169479,0.3309464846830521,0.0,0.0,0.3309464846830521,0.6690535153169479,0.0,1.0,0.0,18,2,2021,3,4,1,0,0,2,1,0,1,GRAVE_LESIONADOS,1
6,1,6,1,4,1,-13.536127192935128,-72.88666000222372,0,4,6,0,1,2,2,1,2381.6989356085005,1.126283472584569,1,3,0.12628347258456896,9,32,579.4086985898748,0.3316784803315356,68.9647104869717,58.585112431344704,4.996912630787674,377.4109044561822,24054.140784827396,17546.32257993528,2051.4737770168167,2619.720320152852,12875.128482765609,2767.7671602972428,14778.555419638034,15.731861105066404,6,1,0,0,4,41.6211495822463,41.6211495822463,41.6211495822463,1.0,0.0,0.0,0.0,1,0,0.0,0.0,0.873716527415431,0.12628347258456896,0.0,0.12628347258456896,0.873716527415431,0.0,0.873716527415431,0.0,4,0,2023,7,7,6,1,0,2,1,0,1,GRAVE_LESIONADOS,1
3,2,6,0,4,0,-12.307547063067936,-72.72287465146285,4,4,7,0,1,2,2,1,6543.555,2.0,4,4,1.0,14,33,1198.0,0.32006090801780585,73.82003034828082,65.35127357571588,5.686355279142564,271.66644822747236,17572.03254548714,17679.170177661657,2077.6636848098224,2758.610939864024,12842.89555298781,2831.0751585508738,14848.095019110782,15.994154578091159,6,2,0,0,3,36.73896467033819,26.650682033043836,44.62043548072443,1.0,0.9457764972463472,0.0,0.0,2,0,0.0,0.05422350275365284,0.0,0.9457764972463472,0.9457764972463472,0.0,0.05422350275365284,0.0,0.0,0.0,3,0,2021,8,5,5,0,0,2,1,0,1,GRAVE_LESIONADOS,1
6,1,5,0,4,2,-7.183164668354597,-78.37276358188771,0,4,0,0,1,2,2,0,6543.555,2.0,4,4,1.0,14,33,1198.0,0.28042192885489636,72.83510296542401,37.27032669320339,3.909761160197392,329.8403994712983,10545.425729259832,15935.565011852366,1733.9250000199986,935.692,13265.948011832368,2000.1670000199988,13935.398011832369,12.551591352627522,8,1,0,0,7,46.0,46.0,46.0,1.0,0.8674259225155176,0.0,0.0,1,0,0.0,0.8674259225155176,0.0,0.13257407748448236,0.0,0.13257407748448236,0.8674259225155176,0.8674259225155176,0.8674259225155176,0.8674259225155176,17,2,2022,3,25,6,1,0,2,1,0,1,GRAVE_LESIONADOS,1
3,2,22,0,4,1,-14.6199088518769,-73.13598384625233,1,4,0,1,2,2,2,2,6618.248964603069,2.225327062818202,2,0,1.0,6,30,1584.2288841426337,0.571975466898184,73.27489365242916,67.7660905293566,8.80741852648642,1031.632367507741,3657.4628494035346,2280.7041608687437,519.7672450079438,442.32037341326975,1318.6165424475298,890.303804554945,1390.4003563137985,37.41920288440476,4,2,0,0,2,26.373364685908992,20.0,32.746729371817985,1.0,0.0,0.0,1.0,2,0,0.0,0.0,0.7746729371817983,1.0,0.0,1.0,0.7746729371817983,0.0,0.0,0.0,20,2,2022,5,13,5,1,0,0,1,0,1,GRAVE_LESIONADOS,1
3,2,9,0,4,1,-12.142367349206907,-75.50925140722966,0,4,3,1,2,1,0,0,949.0921845337739,-0.20555103466504354,1,0,0.0,9,28,302.4711811167355,0.3613917358764015,68.24905735470512,59.204600231520885,5.344131474649892,547.3723330383029,27930.69100206259,8277.033630981827,1508.4219327464573,1900.0914589253375,4868.520239310031,1862.4443247156555,6414.58930626617,22.53704544892874,8,2,0,0,6,45.68979597777101,34.23330620799026,57.146285747551765,1.0,0.7351836782216812,0.0,0.2648163217783188,2,0,0.0,0.2648163217783188,0.0,0.7351836782216812,0.0,1.0,0.2648163217783188,0.0,0.0,0.0,8,1,2021,5,25,2,0,0,1,1,0,1,GRAVE_LESIONADOS,1
6,1,3,0,4,0,-16.47981801464995,-72.90041242781277,0,3,7,1,1,0,1,0,6633.572050915675,2.0,2,0,1.0,9,31,1588.241934067123,0.621263046053723,82.35726919809218,67.45059770851655,8.814688696520959,1107.3737037143567,4512.036977708104,10322.272,1495.236,1749.739,7077.2970000000005,2886.595,7435.677000000001,27.964725207783708,4,1,0,0,2,37.199220568896244,33.46484799409124,40.0,0.9335931437012516,0.0,0.0,0.9335931437012516,1,0,0.0,0.0,0.0,0.9335931437012516,0.0,0.9335931437012516,0.06640685629874843,0.0,0.0,0.0,7,1,2021,3,10,2,0,0,0,1,0,1,GRAVE_LESIONADOS,1
3,1,6,0,4,1,-12.07442654208025,-73.52556417128004,0,4,0,0,2,2,2,2,2580.6600174211453,2.0,4,1,0.28004046063052046,9,7,695.9607594185188,0.5211640608132698,70.9883743090396,69.05518248779978,8.087630107749053,874.7766494365833,34854.34443545299,17262.860811307328,1995.5914147440806,2323.3643349264553,12943.90506163679,2632.6845734804992,14630.176237826827,15.172195947128806,4,1,0,0,2,29.200606909457807,25.84012138189156,32.56109243702405,1.0,0.28004046063052046,0.0,1.0,1,0,0.0,0.0,0.0,1.0,0.28004046063052046,0.0,0.7199595393694795,0.0,0.7199595393694795,0.28004046063052046,7,0,2022,7,6,0,0,0,2,1,0,1,GRAVE_LESIONADOS,1