CLASE SINIESTRO,CANTIDAD DE VEHICULOS DAÑADOS,DEPARTAMENTO,ZONA,TIPO DE VÍA,RED VIAL,COORDENADAS LATITUD,COORDENADAS  LONGITUD,CONDICIÓN CLIMÁTICA,ZONIFICACIÓN,CARACTERÍSTICAS DE VÍA,PERFIL LONGITUDINAL VÍA,SUPERFICIE DE CALZADA,¿EXISTE SEÑAL VERTICAL?,¿EXISTE SEÑAL HORIZONTAL?,CAUSA FACTOR PRINCIPAL,MTC_RVN_LONGITUD_KM,MTC_RVN_N_CARRILES_MEDIANA,MTC_RVN_SUPERFICIE_DOMINANTE,MTC_RVN_ESTADO_DOMINANTE,MTC_RVN_ES_CONCESIONADA,MTC_RVN_CONCESION_PRINCIPAL,MTC_RVN_CORREDOR_LOGISTICO,MTC_RVN_N_TRAMOS,IDH_2019,IDH_ESP_VIDA_2019,IDH_EDUC_SECUND_PCT_2019,IDH_ANIOS_EDUC_2019,IDH_INGRESO_PERCAP_2019,IDH_POBLACION_2019,MTC_DEP_RED_TOTAL_KM,MTC_DEP_NACIONAL_TOTAL_KM,MTC_DEP_DEPARTAMENTAL_TOTAL_KM,MTC_DEP_VECINAL_TOTAL_KM,MTC_DEP_PAV_TOTAL_KM,MTC_DEP_NO_PAV_TOTAL_KM,MTC_DEP_PCT_PAVIMENTADA,PER_TOTAL_PERSONAS,PER_N_CONDUCTORES,PER_N_CONDUCTORES_FUGADOS,PER_N_PEATONES,PER_N_PASAJEROS_OCUPANTES,PER_EDAD_COND_PROM,PER_EDAD_COND_MIN,PER_EDAD_COND_MAX,PER_ANY_COND_MASCULINO,PER_ANY_LIC_PROBLEMA,PER_ANY_DOSAJE_POS,PER_ANY_DOSAJE_EVALUADO,VEH_TOTAL,VEH_N_FUGADOS,VEH_ANY_FUGADO,VEH_ANY_CARGA,VEH_ANY_PUBLICO,VEH_ANY_PARTICULAR,VEH_ANY_MOTO,VEH_ANY_AUTO,VEH_ANY_CAMION_BUS,VEH_ANY_SOAT_PROBLEMA,VEH_ANY_CITV_PROBLEMA,VEH_ANY_SEGURO_PROBLEMA,HORA_NUM,FRANJA_HORARIA,ANIO,MES,DIA_MES,DIA_SEMANA,ES_FIN_SEMANA,ES_QUINCENA,REGION_NATURAL,TIENE_SEÑALIZACION,ES_VIA_MULTICARRIL,ES_DEPTO_BAJO_PAVIMENTO,CATEGORIA_SEVERIDAD,CATEGORIA_SEVERIDAD_ENC
3,2,3,1,2,3,-16.48423769199053,-71.54453371119119,0,3,1,0,2,1,1,0,6543.555,2.0,4,4,1.0,14,33,1198.0,0.6295112410271233,78.48877526669757,77.82944863135728,10.220613365345207,1051.7196316203526,13073.497391714807,10322.272,1495.236,1749.739,7077.2970000000005,2886.595,7435.677000000001,27.964725207783708,6,2,0,0,4,26.884534282445923,24.015254851913475,29.75381371297837,1.0,0.0,0.0,0.24618628702163103,2,0,0.0,0.24618628702163103,0.753813712978369,1.0,0.0,1.0,1.0,0.0,0.0,0.0,14,2,2021,9,25,5,0,1,0,1,0,1,GRAVE_LESIONADOS,1
6,1,8,0,4,0,-11.44705154328019,-75.44136743840974,0,4,5,1,1,2,2,0,7358.348049906317,2.0,2,0,1.0,10,11,1198.0,0.49141974178450404,75.35713843332401,67.92611239982739,7.885123447145849,697.2170856479934,9941.760482481744,8603.518914472721,1421.3396456205053,1992.6269810004476,5189.552287851768,1734.940799803751,6868.57811466897,20.235962066005385,4,1,0,0,3,23.876236692239534,23.876236692239534,23.876236692239534,1.0,0.0,0.0,0.0,1,0,0.0,0.21905917305988332,0.0,0.7809408269401167,0.0,0.7809408269401167,0.21905917305988332,0.0,0.0,0.0,7,0,2022,9,4,0,0,0,1,1,0,1,GRAVE_LESIONADOS,1
3,1,12,0,4,1,-11.061449747130911,-76.00198749965764,4,4,3,1,4,2,2,0,6111.940500773489,2.0,3,2,0.4430399766351608,11,32,734.052300537089,0.5755247242337613,78.2101843599121,63.530660671358675,9.919047849212618,963.7219442753928,61738.43251665505,10209.622803091544,1763.082257902597,1324.1987222284235,7122.341822960524,1688.8132252716255,8520.80957781992,17.757154363073443,7,2,0,0,5,36.196239567750474,31.43039976635161,40.96207936914934,1.0,0.0,0.0,0.4430399766351608,2,0,0.0,0.0,1.0,0.5569600233648392,0.0,0.5569600233648392,1.0,0.0,0.5569600233648392,0.0,3,0,2022,6,12,1,0,0,1,1,0,1,GRAVE_LESIONADOS,1
3,2,12,0,4,1,-7.152787728041144,-79.48569385428553,0,4,7,1,2,2,2,0,6543.555,2.6178131945892864,2,1,1.0,5,31,1369.1342549012325,0.5114727232493018,78.60606800160349,61.153108160372966,6.422343227671115,862.4189512831092,24701.19700214133,8931.828000000005,1335.5899999999997,1935.9830000000004,5660.255000000005,1219.309,7712.519000000005,13.651281686122925,7,2,0,0,5,39.324692362125006,26.85343958376786,51.79594514048215,1.0,0.6178131945892864,0.0,0.0,2,0,0.0,0.0,1.0,0.6178131945892864,1.0,0.0,0.6178131945892864,0.0,0.0,0.6178131945892864,9,0,2023,2,13,2,0,0,0,1,0,1,GRAVE_LESIONADOS,1
3,2,4,0,4,1,-11.349720466778653,-75.27100889046419,1,3,1,0,2,1,1,2,7626.336652675626,2.0,2,0,1.0,9,8,1413.0746669768282,0.5574567550292653,70.96422431181688,73.53226645366784,9.827291267484114,904.5007967624363,104024.32592876909,13427.89028379532,1788.7078529663825,1581.1932230345578,10057.98920779438,2373.7643593473895,11054.12592444793,17.980765100873697,5,2,0,0,2,31.981855736186024,24.450395726900986,45.15978894565281,1.0,1.0,0.0,1.0,2,0,0.0,0.7699736182066009,0.23002638179339907,1.0,1.0,0.7699736182066009,0.7699736182066009,0.0,1.0,0.23002638179339907,10,1,2021,4,25,1,0,0,2,1,0,1,GRAVE_LESIONADOS,1
3,1,7,0,4,1,-14.337934757176393,-71.17972769469347,0,4,7,1,2,1,1,2,7478.43719306056,2.0,2,0,1.0,9,7,1198.0,0.22957919911843694,64.40697905594895,53.51038957526275,5.094507794617133,165.7273664805979,5392.353025028161,17779.13499998999,2097.3709999899997,2863.123,12818.640999999989,2878.713,14900.421999989989,16.19152450331032,5,1,0,0,3,33.767309390510626,22.11878127737169,45.415837503649556,1.0,0.0,0.0,0.8960406240876104,1,0,0.0,0.8960406240876104,0.0,1.0,0.0,0.8960406240876104,1.0,0.10395937591238957,0.10395937591238957,0.10395937591238957,18,2,2023,1,3,0,0,0,2,1,0,1,GRAVE_LESIONADOS,1
3,2,20,0,4,1,-15.881076593063897,-69.90763078844802,0,4,0,1,2,2,2,2,7586.903,2.0,2,0,1.0,9,5,1198.0,0.34819092661711404,69.01343974537463,71.90058932811077,6.502372872224809,325.87490791481156,6038.016227253052,13642.312999999998,2020.7790000000005,2354.117,9267.416999999998,3314.0520000000006,10328.260999999997,24.29244952817019,27,2,0,0,25,33.03763468354547,31.77419189872717,34.30107746836377,1.0,0.037634683545471614,0.0,0.0,2,0,0.0,0.9623653164545284,0.9623653164545284,0.037634683545471614,0.0,0.037634683545471614,1.0,0.0,0.0,0.0,13,2,2022,10,3,4,0,0,2,1,0,1,GRAVE_LESIONADOS,1
6,1,4,0,4,0,-13.006344187527123,-73.84719584784652,0,4,0,0,2,2,2,2,6543.555,2.0,4,4,1.0,14,33,1198.0,0.2217444907726619,78.06489180971755,44.557247501817784,4.929234880048724,150.7522303265032,6257.443268420397,12633.263719095654,1807.422179856839,1700.6470671623674,9125.194472076448,2386.9206159594783,10246.343103136174,18.872626439456802,4,1,0,0,3,29.732497201145097,29.732497201145097,29.732497201145097,1.0,0.0,0.0,0.0,1,0,0.0,0.0,0.0,1.0,0.0,0.0,1.0,0.890220670554556,0.890220670554556,0.890220670554556,5,0,2021,8,26,2,0,0,2,1,0,1,GRAVE_LESIONADOS,1
6,1,12,0,4,2,-11.800616432272898,-76.24610373494346,0,4,5,0,5,2,2,0,6543.555,2.0,4,4,1.0,14,33,1198.0,0.49078982520306685,77.62315164910173,61.55254407933123,7.990045966934702,679.3352794832679,1214.1105690674174,7865.602051979318,1619.0573319761456,1709.7726344523783,4536.772085550794,1832.3676351994263,6033.234416779892,23.33402014132376,5,1,0,0,4,60.619193694636884,60.619193694636884,60.619193694636884,1.0,0.0,0.0,0.0,1,0,0.0,0.0,0.0,0.7296514095044156,0.0,0.0,1.0,0.0,0.0,0.0,7,1,2025,3,24,1,0,1,0,1,0,1,GRAVE_LESIONADOS,1
5,1,2,0,4,1,-9.789288516024282,-77.06067608522321,0,4,7,0,2,1,0,2,9198.139267277504,2.0,2,0,0.822760243032332,9,32,3215.8642421070303,0.5760309433669786,75.01091539660831,70.37947830259743,9.678605442890365,951.8352382869023,63793.66171192979,11032.95766048563,1874.676927481452,1201.9516907990146,7956.329042205166,2009.6304517056485,9023.327208779985,18.344459713029792,5,1,0,0,3,37.59515781270901,37.24067829877367,37.94963732664435,1.0,0.0,0.0,0.0,1,0,0.0,0.17723975696766803,0.17723975696766803,0.822760243032332,0.0,0.822760243032332,0.17723975696766803,0.0,0.0,0.0,1,0,2022,10,7,2,0,0,0,1,0,1,GRAVE_LESIONADOS,1
4,2,6,0,4,0,-9.133296422966232,-75.56815218596937,2,4,3,0,1,2,2,2,6543.555,2.0,4,4,1.0,14,33,1198.0,0.31953412164163436,75.72127582042583,50.7740633563085,5.320454844754251,316.47341346851,18850.23060520421,16891.13144050234,1922.307756537581,1934.7255973085698,13034.098086656188,2455.5384093005778,14435.593031201763,14.438255782892135,5,2,0,0,3,38.753929666827425,33.22514115440265,43.07329569215929,1.0,0.5183239230398234,0.0,0.48167607696017656,2,0,0.0,0.0,0.0,1.0,0.5183239230398234,0.0,0.48167607696017656,0.0,0.48167607696017656,0.0,8,1,2022,9,6,4,0,0,2,1,0,1,GRAVE_LESIONADOS,1
4,1,12,0,4,1,-7.894911144748492,-79.1229257407913,0,4,7,1,2,2,2,1,6543.555,3.0,2,0,1.0,0,30,1475.0,0.5721567587688113,77.67102283812494,66.21373667954742,8.464777379360486,978.4498488219192,15563.077087794432,8931.828000000005,1335.5899999999997,1935.9830000000004,5660.255000000005,1219.309,7712.519000000005,13.651281686122925,12,1,0,0,10,41.95658009110265,41.149289813445684,42.763870368759626,1.0,0.0,0.0,0.0,1,0,0.0,0.5381935184379814,1.0,0.0,0.0,0.0,1.0,0.0,0.0,0.0,10,1,2022,7,4,0,0,0,0,1,1,1,GRAVE_LESIONADOS,1
3,2,5,0,4,1,-5.964310600008021,-79.11357638854938,3,4,7,0,1,2,2,0,8869.938537324011,2.0,2,1,1.0,10,32,3002.409433504381,0.32416735507407207,77.87335744687206,29.495238279682738,4.591274465172869,431.6024512544128,9131.213104143444,15935.565011852366,1733.9250000199986,935.692,13265.948011832368,2000.1670000199988,13935.398011832369,12.551591352627522,7,2,0,0,4,45.45877516392546,37.231984433662326,59.17009304769735,1.0,0.6855658941885946,0.0,1.0,2,0,0.0,1.0,0.0,0.6855658941885946,0.0,0.6855658941885946,1.0,0.0,0.0,0.0,9,1,2021,6,11,4,0,0,2,1,0,1,GRAVE_LESIONADOS,1
6,1,5,1,4,2,-6.217170217563018,-78.71956697070218,0,4,4,0,1,2,2,0,6543.555,2.0,4,4,1.0,14,33,1198.0,0.29455450299148583,77.17928511112967,40.21526773981598,4.07049137012395,327.3636214367889,20632.07170305963,15935.565011852366,1733.9250000199986,935.692,13265.948011832368,2000.1670000199988,13935.398011832369,12.551591352627522,5,1,0,0,4,39.257094240105225,39.257094240105225,39.257094240105225,1.0,0.0,0.0,0.41903141336840755,1,0,0.0,0.5809685866315925,0.0,0.41903141336840755,0.0,0.0,1.0,0.0,0.41903141336840755,0.0,14,3,2022,8,11,2,0,0,2,1,0,1,GRAVE_LESIONADOS,1
3,2,20,0,4,1,-15.600230000563062,-70.0954937959954,5,4,5,1,2,2,2,2,7586.903,2.0,2,0,1.0,9,5,1198.0,0.3527296489378781,73.0136083885497,65.47620639851505,5.804213145493745,354.3252771743855,5362.684381822011,13642.312999999998,2020.7790000000005,2354.117,9267.416999999998,3314.0520000000006,10328.260999999997,24.29244952817019,4,2,0,0,2,28.890776176074816,26.0,31.78155235214963,1.0,0.27011088229640223,0.0,0.0,2,0,0.0,0.0,0.0,1.0,0.0,1.0,0.27011088229640223,0.0,0.7298891177035978,0.7298891177035978,22,2,2021,5,18,6,1,0,2,1,0,1,GRAVE_LESIONADOS,1
4,1,12,0,4,2,-7.525274679224369,-78.8446918584958,1,4,2,0,4,2,2,3,6543.555,2.4109329049627584,3,2,1.0,8,31,1311.8284146746842,0.321107206101281,77.03180868200018,42.09205569356227,4.560038362987841,441.37461257212635,24427.007082264594,8931.828000000005,1335.5899999999997,1935.9830000000004,5660.255000000005,1219.309,7712.519000000005,13.651281686122925,6,1,0,0,5,42.589067095037244,36.83600642555862,48.34212776451586,1.0,0.41093290496275825,0.0,0.0,1,0,0.0,0.0,0.41093290496275825,0.41093290496275825,0.41093290496275825,0.0,1.0,0.0,0.5890670950372418,0.41093290496275825,7,0,2023,2,14,3,0,0,0,1,0,1,GRAVE_LESIONADOS,1
3,2,14,0,4,1,-13.10314385576936,-72.7994998496969,0,1,4,0,2,2,2,2,809.5143456738236,1.0,0,2,0.0,9,32,108.000508177738,0.4671652143511442,73.92949514724641,65.49306065280845,7.940763783757593,652.078120249133,45808.544863516065,12775.39493088735,1898.5122725105934,1568.4877584320925,9308.394899944664,2228.324214957104,10547.070715930246,17.156985875396124,7,2,0,0,5,44.72468484195025,34.19093129788391,55.258438386016586,1.0,0.0,0.0,0.3707808069917079,2,0,0.0,0.6292191930082921,0.3707808069917079,1.0,0.0,1.0,1.0,0.3707808069917079,0.0,0.0,9,1,2022,7,30,1,0,1,2,1,0,1,GRAVE_LESIONADOS,1
3,1,15,2,5,3,-13.310849323612898,-74.80674661919859,0,2,4,0,2,1,1,0,6857.276262338456,2.0,3,2,1.0,12,24,1198.0,0.6470862894627241,75.1596522293279,74.26970597439028,10.007449883666355,1264.528510367142,142110.52685363847,9435.246466329692,1784.8476039123082,1826.111967888426,5824.286894528958,2265.6581528011557,7169.588313528537,23.946353939247388,6,2,0,0,4,33.10480955191287,29.398625842310608,36.81099326151514,1.0,0.6993129211553037,0.0,0.0,2,0,0.0,0.0,1.0,0.30068707884469625,1.0,0.30068707884469625,0.6993129211553037,0.6993129211553037,1.0,0.6993129211553037,6,0,2021,10,6,0,0,0,0,1,0,1,GRAVE_LESIONADOS,1
3,2,3,0,3,1,-13.984670816901355,-73.45062263329814,1,2,2,0,3,2,2,1,7285.502525539265,2.0,2,1,1.0,10,13,1198.0,0.586223692993142,72.29484841436734,76.54225491227946,10.475498728668136,959.676375207226,102615.78442380816,11998.00282804566,1715.568561540383,1767.015704544386,8515.418561960892,2601.2787045771274,9396.724123468532,22.01831229169849,7,2,0,0,4,32.83694425253419,26.199807293724852,44.68897453612229,1.0,1.0,0.0,0.7111218170152859,2,0,0.0,0.7111218170152859,0.0,1.0,1.0,0.7111218170152859,0.7111218170152859,0.2888781829847141,1.0,0.0,12,1,2021,5,28,3,0,1,1,1,0,1,GRAVE_LESIONADOS,1
5,1,12,0,4,1,-7.790068122262274,-77.84340323510044,0,4,7,1,2,2,2,0,1639.745856502111,1.0519660981311802,1,2,0.0,9,32,283.25844093455504,0.1711989929965971,78.86245989163598,35.257300096351166,2.470887449500749,180.0716377704264,18384.961913268016,8931.828000000005,1335.5899999999997,1935.9830000000004,5660.255000000005,1219.309,7712.519000000005,13.651281686122925,4,1,0,0,3,45.02598304906559,45.0,45.05196609813118,1.0,0.0,0.0,0.0,1,0,0.0,0.05196609813118025,0.0,0.9480339018688198,0.0,0.9480339018688198,0.05196609813118025,0.0,0.9480339018688198,0.0,11,2,2022,11,3,5,0,0,0,1,0,1,GRAVE_LESIONADOS,1
5,1,7,0,4,1,-14.439297371218231,-71.79466366401665,0,4,4,0,2,2,2,2,348.359614602587,-0.579243417055201,0,0,0.0,9,27,44.85412288163625,0.444879846130519,66.80382934795776,68.45396857973192,6.820503728378939,692.7433299104896,8533.339500580325,17779.13499998999,2097.3709999899997,2863.123,12818.640999999989,2878.713,14900.421999989989,16.19152450331032,6,1,0,0,5,23.96353072040906,23.82327852609413,24.103782914723997,0.14025219431493308,0.14025219431493308,0.0,0.0,1,0,0.0,0.14025219431493308,0.0,0.8597478056850669,0.0,1.0,0.14025219431493308,0.0,0.14025219431493308,0.0,16,2,2021,8,22,5,0,0,2,1,0,1,GRAVE_LESIONADOS,1
3,2,19,0,4,1,-5.176791632805897,-80.5602800957719,0,3,7,1,2,2,2,0,1305.18,2.0,2,0,1.0,1,20,163.0,0.6220812987247925,80.20155828147696,72.71675503872983,10.02377668600292,1028.915688621886,159840.92719486082,8965.846000060003,1782.4120000599992,636.9959999999999,6546.438000000004,2214.505000059999,6751.341000000004,24.699342371541725,8,2,0,0,6,38.93786008355728,32.293187019464085,45.58253314765048,1.0,0.45825331476504794,0.45825331476504794,1.0,2,0,0.0,0.45825331476504794,0.0,1.0,0.45825331476504794,0.5417466852349521,0.5417466852349521,0.45825331476504794,1.0,0.45825331476504794,16,1,2023,5,20,4,0,1,0,1,0,1,GRAVE_LESIONADOS,1
3,2,19,1,4,1,-5.246942117840615,-80.54821750898756,0,1,7,0,2,1,1,0,346.27912127800073,1.2127517549113567,2,2,0.0,9,32,107.28322399377099,0.49344745015229896,77.10807230899307,62.14791314688844,7.409331870380632,723.969107392692,76140.3339917564,8965.846000060003,1782.4120000599992,636.9959999999999,6546.438000000004,2214.505000059999,6751.341000000004,24.699342371541725,5,2,0,0,2,31.442058285417666,25.787248245088644,34.63825526473407,1.0,0.7375839183037856,0.7375839183037856,1.0,2,0,0.0,0.0,1.0,0.7375839183037856,1.0,0.7375839183037856,0.0,0.26241608169621444,1.0,1.0,7,0,2022,5,9,0,0,0,0,1,0,1,GRAVE_LESIONADOS,1
5,1,14,2,2,3,-11.979066068556937,-76.9586683357915,0,0,2,1,2,2,2,2,5173.261574523525,2.0,3,3,1.0,11,28,946.0813832061717,0.6976204379115947,79.62745616140597,73.9114071560955,9.857565425161214,1455.2051113059713,1037776.744327647,7626.313,1683.4029999999998,1599.0829999999996,4343.827000000001,1814.875,5811.438000000001,23.797541485643197,9,1,0,0,7,36.13176788032509,35.40647435788605,36.85706140276414,1.0,0.2417645074796816,0.0,0.0,1,0,0.0,0.2417645074796816,1.0,0.0,0.0,0.0,1.0,0.7582354925203184,0.7582354925203184,0.7582354925203184,9,1,2023,8,18,2,0,1,0,1,0,1,GRAVE_LESIONADOS,1
4,1,3,0,4,0,-16.369139839355867,-71.6627185734559,2,4,0,0,2,0,0,0,6593.402779239586,2.0,2,1,1.0,11,31,1414.1001008312287,0.6063018893899552,77.93295936061072,71.3466811712218,8.659786916434031,1100.4489178644703,7890.892542069558,10322.272,1495.236,1749.739,7077.2970000000005,2886.595,7435.677000000001,27.964725207783708,5,2,0,0,3,41.85670363027704,36.23780242018469,47.475604840369385,1.0,0.0,0.0,0.5169858871560495,2,0,0.0,0.0,0.0,1.0,0.0,1.0,1.0,0.0,0.0,0.0,9,1,2023,10,25,5,1,1,0,1,0,1,GRAVE_LESIONADOS,1
6,1,10,1,4,1,-13.938711827674476,-75.90783276406272,0,3,7,1,2,2,2,1,6639.975,2.0,2,0,1.0,9,31,1616.0,0.6053164595604621,78.88848309050202,67.63954639531094,9.133324993872453,1064.9426147896202,27932.19700214133,3721.461,698.1859999999996,744.866,2278.409,1102.9029999999996,2618.558,29.636290693359403,8,1,0,0,7,34.30247309203439,34.30247309203439,34.30247309203439,1.0,0.0,0.8868315394689592,0.8868315394689592,1,0,0.0,0.0,0.0,0.0,0.0,0.1131684605310408,0.8868315394689592,0.1131684605310408,0.0,0.1131684605310408,5,0,2021,4,5,5,0,0,0,1,0,1,GRAVE_LESIONADOS,1
4,1,12,0,4,0,-9.291607118115696,-78.45155665407763,0,4,7,0,2,1,1,1,6543.555,2.3783475816826467,3,2,1.0,8,31,1302.8022801260931,0.6132037138301727,78.84146587036186,69.11355919338243,8.480560592004522,1156.8608853419416,20082.289447651317,8437.889556899583,1467.184207427786,1808.5176997311164,5162.18764974068,1444.6399558324074,6993.249601067175,17.490094544395276,5,1,0,0,4,37.21652418317353,34.10826209158677,40.3247862747603,1.0,0.0,0.0,0.3783475816826469,1,0,0.0,0.6216524183173531,0.0,0.3783475816826469,0.0,1.0,0.6216524183173531,0.0,0.6216524183173531,0.0,14,3,2023,2,21,3,0,1,0,1,0,1,GRAVE_LESIONADOS,1
5,1,8,0,6,3,-14.082848718603152,-73.29712535868332,5,4,3,0,5,1,1,4,6804.678141544884,2.0,3,2,1.0,12,25,1198.0,0.2661967147840064,80.285889437521,38.46166962192133,4.0947265683909695,248.93020650448418,2306.959303288212,12919.892264914315,1859.0594077900566,1919.2138396285613,9141.619017495697,2692.7715173326546,10227.12074758166,20.7764295109049,5,1,0,0,3,32.75411379824685,31.25246827894811,34.25575931754559,1.0,0.0,0.2502742532164567,1.0,1,0,0.0,0.7497257467835433,0.0,0.2502742532164567,0.0,0.0,1.0,0.2502742532164567,0.2502742532164567,0.0,14,1,2021,4,22,1,0,0,2,1,0,1,GRAVE_LESIONADOS,1
3,1,14,2,2,3,-11.980938573154884,-77.07124088195917,0,0,7,1,2,1,1,0,6552.8902620417875,2.0,3,3,1.0,13,32,1238.4702295526574,0.7626543558933137,80.51589742508065,79.15616839480396,11.514438394149987,1641.8866964332556,363579.8464406478,7626.313,1683.4029999999998,1599.0829999999996,4343.827000000001,1814.875,5811.438000000001,23.797541485643197,6,1,0,0,5,42.74135649716616,42.74135649716616,42.74135649716616,1.0,0.0,0.0,0.0,1,0,0.0,0.0,0.9031812690127814,1.0,0.0,1.0,0.9031812690127814,0.0,0.9031812690127814,0.0,13,2,2022,5,21,1,0,1,0,1,0,1,GRAVE_LESIONADOS,1
6,1,7,0,4,1,-11.699979922620914,-74.66184900095502,0,4,7,1,7,2,2,0,1301.7136187993679,1.0,3,1,0.0,9,32,228.72110819029587,0.35951921909002504,80.97688731089319,45.453099231952606,5.7535162502263315,436.7740901045239,3312.1953926313595,9593.758185165734,1411.5905482716082,1847.320295564578,6334.847341329548,2013.031674702635,7580.726510463099,20.465292405470237,5,1,0,0,4,37.952113404302125,37.952113404302125,37.952113404302125,1.0,0.0,0.0,0.0,1,0,0.0,0.4760567021510618,0.0,0.5239432978489382,0.0,0.0,1.0,0.0,0.5239432978489382,0.0,9,1,2023,6,12,4,0,0,0,1,0,1,GRAVE_LESIONADOS,1
3,2,20,0,4,1,-15.953510025693376,-69.82645533319716,0,4,6,1,2,2,2,2,7586.903,2.0,2,0,1.0,9,5,1198.0,0.28895820123438876,64.2458531661432,72.15605168557899,7.044290010637425,211.2924955624223,7030.04262275752,13642.312999999998,2020.7790000000005,2354.117,9267.416999999998,3314.0520000000006,10328.260999999997,24.29244952817019,5,2,0,0,3,43.41270447412372,27.041569298036322,59.78383965021112,1.0,0.0,0.9916861403927356,0.9916861403927356,2,0,0.0,0.008313859607264384,0.008313859607264384,0.9916861403927356,0.9916861403927356,0.9916861403927356,0.008313859607264384,0.0,0.9916861403927356,0.9916861403927356,12,3,2022,7,28,4,0,0,2,1,0,1,GRAVE_LESIONADOS,1
3,1,10,0,4,1,-14.18737513744447,-75.70408276965239,0,4,7,1,2,1,0,2,6639.975,2.0,2,0,1.0,9,31,1616.0,0.6261042306271147,80.48505954362174,76.55712631348362,9.341715591523595,1061.002261282891,31419.372591006424,3721.461,698.1859999999996,744.866,2278.409,1102.9029999999996,2618.558,29.636290693359403,4,1,0,0,2,35.4826615488659,31.245253633508042,39.720069464223755,1.0,1.0,0.0,1.0,1,0,0.0,0.770437802792337,0.0,1.0,0.0,0.0,1.0,1.0,0.22956219720766302,0.0,19,2,2021,7,23,3,0,1,0,1,0,1,GRAVE_LESIONADOS,1
6,1,5,0,4,1,-5.864769745405106,-78.80647197806341,1,4,0,0,3,2,2,0,7502.588413403758,2.0,2,0,1.0,10,22,1936.155863308027,0.4509975847057235,72.79447986506683,50.29354777845155,5.774568622514515,805.0945876740218,12829.660524453107,15935.565011852366,1733.9250000199986,935.692,13265.948011832368,2000.1670000199988,13935.398011832369,12.551591352627522,5,1,0,0,4,38.10528488440613,38.10528488440613,38.10528488440613,1.0,0.0,0.0,0.0,1,0,0.0,0.789471511559387,0.0,0.210528488440613,0.0,0.210528488440613,0.789471511559387,0.0,0.0,0.0,8,1,2022,3,27,3,0,0,2,1,0,1,GRAVE_LESIONADOS,1
6,1,5,0,4,2,-7.094992487681082,-78.79209531630933,2,4,3,1,3,2,2,1,6543.555,2.0,4,4,1.0,14,33,1198.0,0.3334181514351879,65.70103407075928,46.92785453731552,5.377079435778443,426.7373479842607,11921.895074946468,15935.565011852366,1733.9250000199986,935.692,13265.948011832368,2000.1670000199988,13935.398011832369,12.551591352627522,9,1,0,0,8,37.976936420833425,37.976936420833425,37.976936420833425,1.0,0.5014414736979107,0.0,0.5014414736979107,1,0,0.0,0.0,0.5014414736979107,0.4985585263020893,0.0,0.4985585263020893,0.5014414736979107,0.0,0.0,0.0,18,2,2023,7,21,5,1,0,2,1,0,1,GRAVE_LESIONADOS,1
3,1,5,0,4,1,-7.23094737562955,-79.04263550646738,0,4,1,0,1,1,1,2,887.28,2.0,2,0,1.0,8,17,155.0,0.4934854319123604,72.80511243450651,58.99987604586367,7.0066709520198796,874.4514702290318,6794.333430556615,15935.565011852366,1733.9250000199986,935.692,13265.948011832368,2000.1670000199988,13935.398011832369,12.551591352627522,6,2,0,0,4,34.55131143641855,30.1026228728371,39.0,1.0,0.23362476364856655,0.0,0.23362476364856655,2,0,0.0,0.7663752363514335,0.0,1.0,0.0,1.0,0.7663752363514335,0.0,0.23362476364856655,0.0,8,0,2021,4,17,4,0,0,2,1,0,1,GRAVE_LESIONADOS,1
6,1,5,0,4,2,-9.639573803901275,-75.47215951713335,0,4,0,0,1,1,0,2,6543.555,2.0,4,4,1.0,14,33,1198.0,0.21665287956747123,68.99027998113661,43.077164033747366,3.4896987528191334,194.71850846259616,1833.436922307014,16690.619245667345,1882.7782807775623,1725.0924275945054,13082.748537295276,2359.985114414577,14330.63413125277,14.042365748994715,4,1,0,0,3,25.866926490837564,25.866926490837564,25.866926490837564,1.0,0.0,0.0,1.0,1,0,0.0,0.0,0.0,1.0,0.0,1.0,0.0,0.0,0.5904390727374907,0.0,15,2,2022,1,1,0,0,0,2,1,0,1,GRAVE_LESIONADOS,1
6,1,3,0,4,1,-9.561012383393798,-77.5081872872835,4,4,4,1,6,2,2,0,9936.932,2.0,2,0,1.0,9,32,3830.0,0.407669651219412,72.86219891696098,63.85118656040961,7.203816765772766,505.6101250235401,3536.2731192937895,10363.921852453124,1764.2251087737225,1379.5787090627516,7220.118034616651,1906.5895477673107,8457.332304685815,18.218494339798877,6,1,0,0,5,27.477143193011198,27.477143193011198,27.477143193011198,1.0,0.0,0.0,0.0,1,0,0.0,0.0,0.0,1.0,0.0,0.0,1.0,0.0,0.21991597626503523,0.0,15,2,2022,1,21,3,0,1,0,1,0,1,GRAVE_LESIONADOS,1