CLASE SINIESTRO,CANTIDAD DE VEHICULOS DAÑADOS,DEPARTAMENTO,ZONA,TIPO DE VÍA,RED VIAL,COORDENADAS LATITUD,COORDENADAS  LONGITUD,CONDICIÓN CLIMÁTICA,ZONIFICACIÓN,CARACTERÍSTICAS DE VÍA,PERFIL LONGITUDINAL VÍA,SUPERFICIE DE CALZADA,¿EXISTE SEÑAL VERTICAL?,¿EXISTE SEÑAL HORIZONTAL?,CAUSA FACTOR PRINCIPAL,MTC_RVN_LONGITUD_KM,MTC_RVN_N_CARRILES_MEDIANA,MTC_RVN_SUPERFICIE_DOMINANTE,MTC_RVN_ESTADO_DOMINANTE,MTC_RVN_ES_CONCESIONADA,MTC_RVN_CONCESION_PRINCIPAL,MTC_RVN_CORREDOR_LOGISTICO,MTC_RVN_N_TRAMOS,IDH_2019,IDH_ESP_VIDA_2019,IDH_EDUC_SECUND_PCT_2019,IDH_ANIOS_EDUC_2019,IDH_INGRESO_PERCAP_2019,IDH_POBLACION_2019,MTC_DEP_RED_TOTAL_KM,MTC_DEP_NACIONAL_TOTAL_KM,MTC_DEP_DEPARTAMENTAL_TOTAL_KM,MTC_DEP_VECINAL_TOTAL_KM,MTC_DEP_PAV_TOTAL_KM,MTC_DEP_NO_PAV_TOTAL_KM,MTC_DEP_PCT_PAVIMENTADA,PER_TOTAL_PERSONAS,PER_N_CONDUCTORES,PER_N_CONDUCTORES_FUGADOS,PER_N_PEATONES,PER_N_PASAJEROS_OCUPANTES,PER_EDAD_COND_PROM,PER_EDAD_COND_MIN,PER_EDAD_COND_MAX,PER_ANY_COND_MASCULINO,PER_ANY_LIC_PROBLEMA,PER_ANY_DOSAJE_POS,PER_ANY_DOSAJE_EVALUADO,VEH_TOTAL,VEH_N_FUGADOS,VEH_ANY_FUGADO,VEH_ANY_CARGA,VEH_ANY_PUBLICO,VEH_ANY_PARTICULAR,VEH_ANY_MOTO,VEH_ANY_AUTO,VEH_ANY_CAMION_BUS,VEH_ANY_SOAT_PROBLEMA,VEH_ANY_CITV_PROBLEMA,VEH_ANY_SEGURO_PROBLEMA,HORA_NUM,FRANJA_HORARIA,ANIO,MES,DIA_MES,DIA_SEMANA,ES_FIN_SEMANA,ES_QUINCENA,REGION_NATURAL,TIENE_SEÑALIZACION,ES_VIA_MULTICARRIL,ES_DEPTO_BAJO_PAVIMENTO,CATEGORIA_SEVERIDAD,CATEGORIA_SEVERIDAD_ENC
5,1,1,0,4,1,-10.156792837999147,-78.09784463566497,1,4,7,1,2,2,2,0,6543.555,3.0,2,0,1.0,0,30,1475.0,0.594329796273136,79.51274210494626,67.23963656911357,9.093808711905876,1004.1856289962402,25729.80728051392,10767.648,1885.0630000000003,1222.721,7659.864000000001,2100.343,8667.305000000002,19.506051832303577,14,1,0,0,13,33.630914624160354,29.398573707032824,37.86325554128789,1.0,0.0,0.0,0.7712248152904037,1,0,0.0,0.22877518470959635,1.0,0.0,0.0,0.0,1.0,0.0,0.22877518470959635,0.0,11,1,2022,2,8,0,0,0,0,1,1,1,GRAVE_LESIONADOS,1
6,1,12,0,4,0,-7.719864087377476,-78.00451082568932,0,4,1,1,1,2,2,1,6543.555,2.2281003779023854,3,3,1.0,10,32,1261.1838046789608,0.5017325141212565,73.55554910964014,50.22032238899464,7.281067535349586,918.2720375613798,9206.165464867583,8931.828000000005,1335.5899999999997,1935.9830000000004,5660.255000000005,1219.309,7712.519000000005,13.651281686122925,4,1,0,0,3,28.140501889511924,28.140501889511924,28.140501889511924,1.0,0.0,0.0,0.0,1,0,0.0,0.7718996220976149,0.0,0.22810037790238513,0.0,0.22810037790238513,0.7718996220976149,0.0,0.22810037790238513,0.0,16,2,2021,4,2,2,0,0,0,1,0,1,GRAVE_LESIONADOS,1
3,2,3,0,4,1,-16.053431007445226,-71.3462036189054,0,4,1,0,2,0,1,0,1504.4250000000002,2.0,2,0,1.0,7,25,241.0,0.4685280505645348,81.83746865987648,70.74305753660312,6.037751599761188,617.4715908037651,1751.8736616702354,10322.272,1495.236,1749.739,7077.2970000000005,2886.595,7435.677000000001,27.964725207783708,5,2,0,0,3,56.90557802217464,49.28891299940692,64.52224304494234,1.0,0.0,0.0,0.07777668184513986,2,0,0.0,1.0,0.0,1.0,0.0,1.0,1.0,0.0,0.0,0.0,6,1,2021,8,9,5,1,0,0,1,0,1,GRAVE_LESIONADOS,1
3,2,14,0,3,2,-12.784022895603734,-72.93978168873468,0,3,4,1,2,2,2,2,6084.346064470946,2.0,3,2,0.4074318172351732,11,32,704.3907037568993,0.47984527630837315,76.44471227013885,63.90101656939143,7.685631180666753,659.6332825122959,63117.78327580028,12825.891519968469,1905.6341135660525,1614.249403499858,9306.008002902558,2291.566119548367,10534.3254004201,17.572615205104526,9,2,0,0,6,47.03715908617587,43.40743181723517,51.88918180682208,1.0,0.0,0.4074318172351732,0.4074318172351732,2,0,0.0,0.5925681827648268,1.0,0.4074318172351732,0.4074318172351732,0.4074318172351732,0.5925681827648268,0.0,0.4074318172351732,0.4074318172351732,13,1,2022,6,5,5,1,0,2,1,0,1,GRAVE_LESIONADOS,1
4,1,8,0,4,1,-11.273126543429434,-76.15424456972059,0,4,7,1,2,1,1,0,950.192030126213,2.0,2,0,1.0,7,27,153.56932502564405,0.599640891470286,79.4303791047132,66.12450831267445,8.477748797910595,1087.156950869089,34848.16188041944,9460.09145082239,1396.2433933549216,1865.224380354071,6198.623677113398,1852.7514513808933,7607.339999441497,19.089306567314736,6,1,0,0,4,27.266414303206712,24.480302836151942,29.799242909620144,1.0,0.0,0.0,0.3799242909620145,1,0,0.0,0.3799242909620145,0.3799242909620145,0.6200757090379855,0.0,0.0,1.0,0.0,0.6200757090379855,0.0,13,1,2023,7,3,3,0,0,0,1,0,1,GRAVE_LESIONADOS,1
4,1,11,0,4,1,-14.643113497534522,-72.007609100417,0,4,3,0,4,1,0,4,7586.903,2.0,2,0,1.0,9,5,1198.0,0.3066620917916076,66.39913051256268,59.36020707375364,6.083394067432291,298.7935248844571,7018.093587376058,13158.65791307118,1912.5089855476651,2062.9527024938957,9183.196225029618,2898.1095287252597,10260.548384345919,21.93850135849007,4,1,0,0,3,33.21032059399236,24.99225767687656,41.42838351110815,1.0,0.0,0.49806441921913935,0.49806441921913935,1,0,0.0,0.0,0.0,1.0,0.49806441921913935,1.0,0.0,0.0,0.49806441921913935,0.49806441921913935,14,3,2022,5,14,5,0,0,2,1,0,1,GRAVE_LESIONADOS,1
4,1,21,0,4,1,-6.047106135353153,-76.96284840600919,0,2,0,0,2,2,2,0,6543.555,2.0,4,4,1.0,14,33,1198.0,0.5294800468051228,72.46713251445857,60.50982579904599,7.757161651692042,952.984823255978,86435.21199143468,5645.136,815.0759999999999,965.298,3864.762,1013.406,4631.73,17.95184385283189,9,1,0,0,8,34.71917445578698,33.336923842819076,36.10142506875488,1.0,0.3949287465622563,0.0,0.0,1,0,0.0,0.0,0.0,1.0,0.3949287465622563,0.0,0.6050712534377437,0.3949287465622563,1.0,0.3949287465622563,20,2,2022,7,23,6,1,1,1,1,0,1,GRAVE_LESIONADOS,1
3,2,16,0,4,1,-11.647585838087995,-75.67665452406058,0,4,4,0,2,1,1,0,6585.99035491943,2.5598905318457854,2,0,1.0,3,30,1537.0554350097443,0.6167248405132028,75.56424368175797,70.67988017656064,10.472198676624535,1092.2839412462833,77222.96468095579,3103.59006723653,565.9434957227768,600.6643672580361,1936.9822042557169,864.1476738617376,2239.442393374792,29.12764204863526,10,2,0,0,8,43.51813904137835,30.598905318457852,56.43737276429885,1.0,1.0,0.0,1.0,2,0,0.0,0.0,0.5598905318457854,0.4401094681542146,0.0,0.4401094681542146,1.0,0.0,0.5598905318457854,0.0,2,0,2021,6,22,2,0,1,0,1,0,1,GRAVE_LESIONADOS,1
3,1,14,2,4,4,-8.117762287032974,-75.1240304828371,0,1,7,1,2,2,2,0,6543.555,2.0,4,4,1.0,14,33,1198.0,0.6131493572631846,75.27365072809279,63.40399792652006,9.877510745141786,1171.4263161914985,145103.76764643047,4449.738879133241,927.2708072978737,977.293932492824,2545.1741393425436,1065.489731545796,3384.249147587446,24.396419335694414,6,2,0,0,3,38.620345556733454,31.459215106608536,51.942606456983306,1.0,1.0,0.0,0.0,2,0,0.0,0.0,0.5135949644638218,0.4864050355361782,1.0,0.0,1.0,0.5135949644638218,1.0,1.0,8,1,2022,11,4,0,0,0,0,1,0,1,GRAVE_LESIONADOS,1
6,1,8,0,4,1,-12.556370465377848,-74.74080154517956,0,4,0,0,1,1,1,0,7070.375631281067,2.0,2,1,1.0,11,18,1198.0,0.28493237044673175,71.14080887285355,55.40830036453785,4.54183168025222,272.49379907593527,3329.2536721835604,8511.426,1445.3929999999996,2008.516,5057.516999999999,1879.579,6631.846999999998,22.08300935706896,4,1,0,0,3,45.197312163576,45.197312163576,45.197312163576,1.0,0.0,0.0,0.0,1,0,0.0,0.0,0.0,1.0,0.0,1.0,0.0,0.0,0.0,0.0,14,2,2022,10,13,5,1,0,2,1,0,1,GRAVE_LESIONADOS,1
3,1,19,0,4,1,-5.378403937638297,-80.73894813285352,1,4,6,1,2,2,2,0,1528.2329697416556,2.0,2,3,0.17641191042788618,9,32,320.87868460569877,0.4687740488762445,76.40259786416358,62.39999678810319,6.714528273892864,672.8003583579583,43346.27408993576,8965.846000060003,1782.4120000599992,636.9959999999999,6546.438000000004,2214.505000059999,6751.341000000004,24.699342371541725,5,1,0,0,3,41.11794044786057,39.470764268716344,42.765116627004794,1.0,1.0,0.0,0.0,1,0,0.0,0.17641191042788618,0.8235880895721138,0.8235880895721138,1.0,0.0,0.0,0.17641191042788618,1.0,0.17641191042788618,17,2,2023,2,16,3,0,0,0,1,0,1,GRAVE_LESIONADOS,1
3,3,4,1,4,1,-15.102308202291304,-72.60579291232763,0,4,2,1,2,0,1,0,6849.406841889705,2.0,2,0,1.0,9,28,1712.817088474481,0.5802764065920335,77.02334082475105,64.69813019266263,8.111271144968404,1075.7165322222559,34637.962128729516,9926.536364370213,1464.9440491345163,1570.3816918926584,6891.210623343039,2544.5074546779124,7382.028909692301,25.145629637257873,8,3,0,0,5,46.884860618459186,36.805279966554934,54.932609009601734,1.0,0.0,0.0,0.18726709569532063,3,0,0.0,0.8127329043046794,0.0,1.0,0.18726709569532063,1.0,0.8127329043046794,0.0,0.18726709569532063,0.0,20,2,2021,8,21,3,0,0,0,1,0,1,GRAVE_LESIONADOS,1
4,1,15,0,4,0,-13.309760340883283,-73.1873789751138,4,4,6,1,4,1,1,0,7021.658453710182,2.0,3,2,1.0,11,20,1198.0,0.45905594446276365,73.4708380851817,64.80711486868617,8.188524387132802,663.2243724725201,8356.682688982424,13010.965032484492,1931.7361565693384,1781.9690167513131,9297.25985916384,2523.352100223341,10487.61293226115,19.095925617818633,5,1,0,0,3,31.959363519351168,29.250561919646092,34.66816511905625,1.0,0.0,0.0,0.0,1,0,0.0,0.0,0.0,1.0,0.0,1.0,0.5417603199410154,0.5417603199410154,0.5417603199410154,0.0,14,1,2021,7,11,2,0,0,2,1,0,1,GRAVE_LESIONADOS,1
6,1,4,0,4,1,-13.378137692783039,-74.16841658123475,0,4,0,0,6,1,0,5,7450.141088450122,2.0,2,0,1.0,9,8,1198.0,0.3347656036245092,69.491707468174,48.18828750505014,5.2478597558266085,399.7436187967633,6921.106590039417,12678.733000000004,1805.074000000001,1774.0339999999994,9099.625000000004,2485.375000000001,10193.358000000002,19.602707936195205,4,1,0,0,3,26.01483681920817,26.01483681920817,26.01483681920817,1.0,0.1310798617047031,0.0,0.1310798617047031,1,0,0.0,0.1310798617047031,0.0,0.8689201382952969,0.0,0.8689201382952969,0.1310798617047031,0.1310798617047031,0.0,0.0,16,3,2022,5,3,5,1,0,2,1,0,1,GRAVE_LESIONADOS,1
3,1,8,0,4,1,-9.92225201189847,-75.7913531717268,0,4,5,0,4,2,2,1,7474.266557764918,2.0,2,0,1.0,10,23,1914.3568899798975,0.4709156263447347,73.67979425428149,64.83507002896357,7.5628204755348865,729.3660355079239,27713.821784949178,8279.763843351517,1359.648527976363,1076.4560057975891,5843.659309577564,1251.5447006905652,7028.219142660952,15.055693995755682,4,1,0,0,2,22.532314203165555,21.766157101582777,23.298471304748332,1.0,1.0,0.0,0.0,1,0,0.0,0.0,0.0,1.0,0.7661571015827779,0.23384289841722206,0.0,0.0,0.0,0.0,19,2,2021,1,23,5,1,0,2,1,0,1,GRAVE_LESIONADOS,1
3,1,11,0,4,1,-11.867222261516156,-75.4414322967523,0,4,6,1,2,1,1,2,242.73635191723804,2.0,2,0,1.0,3,30,43.174278616340544,0.4062366567953574,70.24539283646004,62.419222471081326,7.793023610141021,488.5988061262069,4725.741766964024,12264.545,1826.4639999999995,1105.5389999999998,9332.542,1588.5359999999996,10676.009,12.952261987705208,6,2,0,0,4,43.42577381620748,36.32443978377351,50.52710784864146,1.0,0.0,0.0,1.0,2,0,0.0,0.0,0.0,1.0,0.0,0.06755602162264918,1.0,0.0,0.0,0.0,4,0,2022,4,12,1,0,0,2,1,0,1,GRAVE_LESIONADOS,1
5,1,14,2,2,4,-12.042404146834542,-77.0448030860074,6,1,7,1,2,2,2,5,6543.555,2.0,4,4,1.0,14,33,1198.0,0.7605035519691887,80.22663286302354,77.87459292266205,11.845722400111399,1623.7518191909585,249034.0579688893,7626.313,1683.4029999999998,1599.0829999999996,4343.827000000001,1814.875,5811.438000000001,23.797541485643197,7,3,0,1,2,40.999610361834094,22.421544806104304,75.0503552717676,1.0,0.0,0.0,0.0,3,0,0.0,0.0,0.0526931007630379,0.9473068992369621,0.9473068992369621,0.9473068992369621,1.0,0.0,0.9473068992369621,0.9473068992369621,13,3,2021,4,10,4,0,0,0,1,0,1,GRAVE_LESIONADOS,1
6,1,5,0,4,1,-9.974207222041642,-76.02798032468596,1,4,2,0,2,1,1,2,729.0006996188292,1.6309822675888273,1,1,0.6309822675888273,10,32,190.28342289530707,0.3931299609208292,71.12073966286833,61.7886484436166,5.529083008216938,544.0321059442949,8685.022161443958,16615.875028416205,1868.0430187828397,1646.9482169989992,13100.883792634366,2324.366052751525,14291.50897566468,13.894791230020743,7,1,0,0,6,28.9408049434771,28.9408049434771,28.9408049434771,1.0,0.0,0.0,0.6309822675888273,1,0,0.0,0.0,0.6309822675888273,0.36901773241117275,0.0,0.0,1.0,0.0,0.0,0.0,6,0,2024,3,12,4,0,0,2,1,0,1,GRAVE_LESIONADOS,1
4,1,14,0,3,4,-12.142578371459164,-76.91542869289977,0,3,3,0,1,2,2,1,6543.555,2.0,4,4,1.0,14,33,1198.0,0.689811994580126,79.88015655965044,73.89553442371854,9.755251380104111,1409.8432274455126,452660.364025696,7626.313,1683.4029999999998,1599.0829999999996,4343.827000000001,1814.875,5811.438000000001,23.797541485643197,5,1,0,0,4,33.16826997697206,33.16826997697206,33.16826997697206,1.0,0.864483126439246,0.0,0.864483126439246,1,0,0.0,0.864483126439246,0.13551687356075404,0.0,0.13551687356075404,0.0,0.864483126439246,1.0,1.0,0.0,13,2,2021,3,18,2,0,1,0,1,0,1,GRAVE_LESIONADOS,1
3,2,11,0,4,0,-13.834453837751349,-72.05042869895011,1,4,3,1,2,2,2,2,7084.426213648356,2.0,2,1,1.0,11,18,1198.0,0.3512656691571699,68.70561279390533,61.30906444138221,5.742620460170358,395.28355168528947,7947.271687253984,13142.793487768911,1908.9576085371154,2053.4021893838117,9180.433689847985,2884.466152600592,10258.327335168318,21.8612892378848,11,2,0,0,9,51.38960224020161,43.444801120100806,59.33440336030242,1.0,0.0,0.0,0.5183996266330652,2,0,0.0,1.0,1.0,0.0,0.0,0.0,1.0,0.48160037336693484,0.48160037336693484,0.48160037336693484,18,2,2023,1,11,4,0,0,2,1,0,1,GRAVE_LESIONADOS,1
6,1,1,0,4,1,-9.944743643803827,-77.12356771816171,0,4,6,0,2,2,2,0,9936.932,2.0,2,0,1.0,9,32,3830.0,0.4383959722450719,71.43379737732997,46.68592752777679,6.380981137199393,734.7591146555759,2181.269683525203,10767.648,1885.0630000000003,1222.721,7659.864000000001,2100.343,8667.305000000002,19.506051832303577,10,1,0,0,9,38.63520618366637,38.63520618366637,38.63520618366637,1.0,0.0,0.0,0.8873907706507793,1,0,0.0,0.0,0.8873907706507793,0.11260922934922069,0.0,0.8873907706507793,0.11260922934922069,0.0,0.8873907706507793,0.0,13,3,2021,8,29,5,0,1,0,1,0,1,GRAVE_LESIONADOS,1
3,1,10,0,4,1,-12.088364484082442,-75.19838031830179,0,4,6,0,2,0,0,2,7518.0289051303025,2.0,2,0,1.0,9,6,1198.0,0.5249370608970172,71.72400784262003,75.64194794856745,9.042864826797436,792.995747446801,14269.072537781183,12291.886619101097,1825.0519908819845,1149.6680806614077,9317.166547557703,1647.7386575685625,10644.147961532533,13.391275092807339,6,1,0,0,5,51.21275466099604,50.745760951739726,51.67974837025234,0.9339874185126172,0.06601258148738276,0.0,0.9339874185126172,1,0,0.0,0.0,0.9339874185126172,0.06601258148738276,0.0,0.06601258148738276,0.9339874185126172,0.0,0.0,0.0,19,1,2022,10,3,3,0,0,2,1,0,1,GRAVE_LESIONADOS,1
3,1,9,1,4,1,-9.044461654560632,-76.2789308759119,5,4,1,0,2,1,0,1,1767.1855802859989,2.0,2,3,0.183579627355146,9,14,423.2170663600335,0.3729344439211001,72.3409463937684,39.00608654626203,5.215859253537414,573.6383825933017,9563.035337485828,8341.743030843108,1333.8657201729736,1001.9931951720513,6005.884115498082,1089.1307715817777,7252.612259261329,13.046777818125145,6,1,0,0,4,35.85747130425699,24.83579627355146,46.87914633496252,1.0,0.0,0.0,0.0,1,0,0.0,0.183579627355146,0.0,0.816420372644854,0.816420372644854,0.816420372644854,0.183579627355146,0.0,0.816420372644854,0.0,15,2,2022,4,22,5,1,0,1,1,0,1,GRAVE_LESIONADOS,1
3,2,10,0,4,1,-9.233560686619988,-77.6518958076288,0,4,0,0,2,1,1,2,694.7734483879391,1.7472341400488358,1,0,0.7472341400488359,8,29,108.84680509829074,0.37691161916131244,73.98394219603827,51.18341539948459,5.626596280164481,470.4270341121321,26199.200096526954,8825.564726944815,1363.3444497202174,1954.316866119838,5507.903411104759,1386.2027143499552,7439.362012594858,15.782534581743626,6,2,0,0,4,33.362553630219764,26.26382929975582,40.4612779606837,1.0,0.0,0.0,0.2527658599511641,2,0,0.0,1.0,0.0,0.7472341400488359,0.2527658599511641,0.7472341400488359,1.0,0.0,0.7472341400488359,0.0,13,2,2022,10,12,3,0,0,0,1,0,1,GRAVE_LESIONADOS,1
8,1,10,0,4,1,-14.288141202436021,-75.57444296147078,0,4,7,1,2,2,2,0,6639.975,2.0,2,0,1.0,9,31,1616.0,0.5854160846056066,78.12437442838102,68.23442193143191,8.866423771290117,1003.923122260048,27932.19700214133,3721.461,698.1859999999996,744.866,2278.409,1102.9029999999996,2618.558,29.636290693359403,4,1,0,0,3,29.56018083869018,29.56018083869018,29.56018083869018,1.0,0.0,0.0,0.5933634731150296,1,0,0.0,0.0,0.0,1.0,0.0,0.0,1.0,0.0,0.0,0.0,2,0,2022,7,29,4,0,1,0,1,0,1,GRAVE_LESIONADOS,1
6,1,5,0,4,2,-13.184160474064791,-74.19743529804911,0,4,4,0,3,2,2,0,6543.555,2.0,4,4,1.0,14,33,1198.0,0.3489429775833574,71.92342553722578,59.23807097501291,5.396110244780473,415.8917800671333,2482.2428271425215,8453.010660945818,1382.9594151640388,1736.3086814106944,5333.742564371084,1708.344331658801,6744.666329287016,20.18881922826123,6,1,0,0,5,36.850506594322624,36.850506594322624,36.850506594322624,1.0,0.3831644685591258,0.0,0.0,1,0,0.0,0.0,0.0,0.3831644685591258,0.0,0.3831644685591258,0.6168355314408742,0.3831644685591258,0.3831644685591258,0.3831644685591258,16,2,2023,9,22,4,0,1,2,1,0,1,GRAVE_LESIONADOS,1
6,1,7,0,4,2,-13.131162794787226,-72.37938589451832,0,4,0,0,1,1,0,0,6543.555,2.0,4,4,1.0,14,33,1198.0,0.4244194673127958,74.08943284776093,59.860589898485635,6.386823394387944,572.9983477631423,3169.535086189554,17779.13499998999,2097.3709999899997,2863.123,12818.640999999989,2878.713,14900.421999989989,16.19152450331032,11,1,0,0,10,55.42921255673245,55.42921255673245,55.42921255673245,1.0,0.794662892397889,0.0,0.205337107602111,1,0,0.0,0.794662892397889,0.0,0.205337107602111,0.0,0.205337107602111,0.794662892397889,0.794662892397889,0.794662892397889,0.0,8,1,2022,3,12,4,0,0,2,1,0,1,GRAVE_LESIONADOS,1
4,1,19,1,4,1,-5.182978262433943,-80.5801136023754,0,2,7,1,2,2,2,0,4153.196375146354,2.5436831794490375,2,0,1.0,0,25,876.3123314371375,0.6220812987247925,80.20155828147696,72.71675503872983,10.02377668600292,1028.915688621886,159840.92719486082,8965.846000060003,1782.4120000599992,636.9959999999999,6546.438000000004,2214.505000059999,6751.341000000004,24.699342371541725,9,2,0,0,7,47.524198153388454,47.524198153388454,47.524198153388454,1.0,0.0,0.0,1.0,2,0,0.5436831794490377,0.0,0.5436831794490377,0.45631682055096234,0.5436831794490377,0.45631682055096234,0.45631682055096234,0.0,1.0,0.5436831794490377,7,0,2023,6,18,5,0,1,0,1,0,1,GRAVE_LESIONADOS,1
3,1,14,0,3,1,-11.81921628603079,-76.9995424199002,0,3,7,1,2,1,0,1,2016.9116084366156,2.0,2,3,0.1707682600033369,9,24,1054.5429089805773,0.6684136309541425,79.13477986738296,74.98307527912428,9.579985800759983,1311.7278402435181,358072.3782012364,7626.313,1683.4029999999998,1599.0829999999996,4343.827000000001,1814.875,5811.438000000001,23.797541485643197,7,2,0,0,5,31.976139770048384,23.26920650008342,40.68307304001335,1.0,0.8292317399966631,0.0,0.0,2,0,0.0,0.0,1.0,0.1707682600033369,0.8292317399966631,0.1707682600033369,1.0,0.8292317399966631,1.0,0.8292317399966631,8,1,2022,3,26,1,0,1,0,1,0,1,GRAVE_LESIONADOS,1
3,1,3,0,4,1,-16.153101143603692,-73.732541577123,0,4,7,1,2,1,1,0,6639.975,2.0,2,0,1.0,9,31,1616.0,0.6514607541495455,84.38383578395252,63.59502937098084,9.064870596245534,1244.5377260351509,5184.542854751242,10322.272,1495.236,1749.739,7077.2970000000005,2886.595,7435.677000000001,27.964725207783708,5,1,0,0,3,40.66395052256963,39.59511094062533,41.46558020902785,1.0,0.0,0.0,0.2672098954860741,1,0,0.7327901045139259,0.0,0.0,1.0,0.0,1.0,0.0,0.0,0.0,0.0,3,0,2021,1,25,4,0,0,0,1,0,1,GRAVE_LESIONADOS,1
3,2,5,1,2,2,-9.803776639494297,-77.30846257594534,0,1,3,1,2,1,1,0,7139.873751094558,2.0,3,2,1.0,11,26,1656.9789848496669,0.5492163377101239,74.03743987573104,70.1959399279881,8.703747129275023,899.5875298731264,54815.490903748316,3810.935394168485,922.4892753393394,666.398756395455,2222.0473624336905,1024.6988716209944,2786.236522547491,26.953703365876372,6,2,0,0,4,24.145196070343495,21.436206303687346,26.854185836999648,1.0,0.509113385187522,0.509113385187522,0.509113385187522,2,0,0.0,0.0,0.0,1.0,1.0,0.509113385187522,0.490886614812478,0.0,1.0,0.509113385187522,13,1,2023,5,14,6,1,0,0,1,0,1,GRAVE_LESIONADOS,1
6,1,20,0,4,1,-16.43435871580119,-71.09947856082881,0,4,6,1,2,2,2,2,1389.6416103591873,1.852546082573865,1,0,0.8525460825738651,9,22,207.07778803645448,0.40211260773368285,71.21778880305926,64.64611833007793,7.006132977968601,484.5693712141133,3120.4510207795365,2808.4787781785562,640.6280563271904,525.3311210068169,1642.5196008445484,1073.745071429891,1734.7337067486649,38.744367616664476,4,1,0,0,3,44.128709687931774,44.128709687931774,44.128709687931774,1.0,0.0,0.0,1.0,1,0,0.0,0.0,0.0,1.0,0.0,0.8525460825738651,0.1474539174261349,0.0,0.0,0.0,14,2,2023,3,6,0,0,0,0,1,0,1,GRAVE_LESIONADOS,1
3,2,20,2,2,3,-15.841883556389533,-70.01510118606156,0,0,7,1,2,0,0,2,6543.555,2.0,4,4,1.0,14,33,1198.0,0.6488901960567479,69.67312345830231,82.12448375199249,11.701623814093702,1230.336353415943,144745.3597430407,13642.312999999998,2020.7790000000005,2354.117,9267.416999999998,3314.0520000000006,10328.260999999997,24.29244952817019,9,2,0,0,7,35.64079486476105,32.834967026938045,38.44662270258406,1.0,0.0,0.0,0.0,2,0,0.0,0.0,1.0,1.0,0.0,1.0,1.0,0.0,0.0,0.0,12,2,2021,9,10,6,1,0,2,1,0,1,GRAVE_LESIONADOS,1
6,1,9,0,4,1,-10.823593978259288,-76.14732092182842,2,4,3,0,4,1,1,0,1594.3798447657068,1.5657473065511458,2,2,0.5657473065511459,9,27,288.07633300617107,0.2627711317510094,76.9928340350905,35.33894675204122,4.46467214736254,245.65388138074837,3399.2599743310516,8693.986700831287,1397.710751501235,1977.0183493860745,5319.257599943977,1592.854974096525,7101.131726734761,18.42150890553341,6,1,0,0,5,44.3547149851649,44.3547149851649,44.3547149851649,1.0,0.0,0.0,0.0,1,0,0.0,0.0,0.0,1.0,0.0,0.5657473065511459,0.4342526934488541,0.0,0.4342526934488541,0.0,9,1,2022,3,6,5,1,0,1,1,0,1,GRAVE_LESIONADOS,1
5,1,8,0,4,1,-13.41756293079575,-74.94714635311728,3,4,0,0,2,1,1,0,1679.5849999999998,2.0,2,3,1.0,9,24,315.0,0.2997946406100768,72.83003345209801,46.42647217987546,4.997510303405721,292.6881439974165,3327.8779443254816,8511.426,1445.3929999999996,2008.516,5057.516999999999,1879.579,6631.846999999998,22.08300935706896,8,1,0,0,6,49.71470231638226,47.147023163822574,52.282381468941935,1.0,0.0,0.0,0.2852976836177423,1,0,0.0,0.2852976836177423,0.0,1.0,0.0,0.7147023163822577,0.2852976836177423,0.0,0.0,0.0,8,1,2022,3,5,4,0,0,2,1,0,1,GRAVE_LESIONADOS,1
3,1,12,0,4,0,-8.052507308761243,-79.12833244021775,0,4,6,1,2,1,1,1,6543.555,2.0622953846206324,3,3,1.0,13,32,1215.2558215399151,0.6181593727622947,78.89864422293543,72.14878074470997,9.257119378188538,1088.1513351510719,19596.52116064428,8850.500440947,1357.2571446110558,1914.9956849213092,5578.247611414635,1256.4100130369716,7594.090427910029,14.2833468427949,8,1,0,0,6,41.80984000006822,37.12131692317138,46.498363076965056,1.0,0.0,0.0,0.0,1,0,0.0,0.9377046153793677,0.06229538462063233,0.0,0.0,0.9377046153793677,1.0,0.0,0.9377046153793677,0.0,12,3,2022,2,17,3,0,1,0,1,0,1,GRAVE_LESIONADOS,1