CLASE SINIESTRO,CANTIDAD DE VEHICULOS DAÑADOS,DEPARTAMENTO,ZONA,TIPO DE VÍA,RED VIAL,COORDENADAS LATITUD,COORDENADAS  LONGITUD,CONDICIÓN CLIMÁTICA,ZONIFICACIÓN,CARACTERÍSTICAS DE VÍA,PERFIL LONGITUDINAL VÍA,SUPERFICIE DE CALZADA,¿EXISTE SEÑAL VERTICAL?,¿EXISTE SEÑAL HORIZONTAL?,CAUSA FACTOR PRINCIPAL,MTC_RVN_LONGITUD_KM,MTC_RVN_N_CARRILES_MEDIANA,MTC_RVN_SUPERFICIE_DOMINANTE,MTC_RVN_ESTADO_DOMINANTE,MTC_RVN_ES_CONCESIONADA,MTC_RVN_CONCESION_PRINCIPAL,MTC_RVN_CORREDOR_LOGISTICO,MTC_RVN_N_TRAMOS,IDH_2019,IDH_ESP_VIDA_2019,IDH_EDUC_SECUND_PCT_2019,IDH_ANIOS_EDUC_2019,IDH_INGRESO_PERCAP_2019,IDH_POBLACION_2019,MTC_DEP_RED_TOTAL_KM,MTC_DEP_NACIONAL_TOTAL_KM,MTC_DEP_DEPARTAMENTAL_TOTAL_KM,MTC_DEP_VECINAL_TOTAL_KM,MTC_DEP_PAV_TOTAL_KM,MTC_DEP_NO_PAV_TOTAL_KM,MTC_DEP_PCT_PAVIMENTADA,PER_TOTAL_PERSONAS,PER_N_CONDUCTORES,PER_N_CONDUCTORES_FUGADOS,PER_N_PEATONES,PER_N_PASAJEROS_OCUPANTES,PER_EDAD_COND_PROM,PER_EDAD_COND_MIN,PER_EDAD_COND_MAX,PER_ANY_COND_MASCULINO,PER_ANY_LIC_PROBLEMA,PER_ANY_DOSAJE_POS,PER_ANY_DOSAJE_EVALUADO,VEH_TOTAL,VEH_N_FUGADOS,VEH_ANY_FUGADO,VEH_ANY_CARGA,VEH_ANY_PUBLICO,VEH_ANY_PARTICULAR,VEH_ANY_MOTO,VEH_ANY_AUTO,VEH_ANY_CAMION_BUS,VEH_ANY_SOAT_PROBLEMA,VEH_ANY_CITV_PROBLEMA,VEH_ANY_SEGURO_PROBLEMA,HORA_NUM,FRANJA_HORARIA,ANIO,MES,DIA_MES,DIA_SEMANA,ES_FIN_SEMANA,ES_QUINCENA,REGION_NATURAL,TIENE_SEÑALIZACION,ES_VIA_MULTICARRIL,ES_DEPTO_BAJO_PAVIMENTO,CATEGORIA_SEVERIDAD,CATEGORIA_SEVERIDAD_ENC
6,1,3,0,4,2,-16.016831135135046,-72.12513853651053,0,4,0,0,6,2,2,0,6543.555,2.0,4,4,1.0,14,33,1198.0,0.44543239595778417,74.37880492674473,47.395941644317034,6.511998101585064,714.559764263411,877.7800253017181,10322.272,1495.236,1749.739,7077.2970000000005,2886.595,7435.677000000001,27.964725207783708,5,1,0,0,4,28.912254561101157,28.912254561101157,28.912254561101157,1.0,0.9122545611011557,0.0,0.0,1,0,0.0,0.9122545611011557,0.0,0.08774543889884434,0.0,0.0,1.0,0.0,0.9122545611011557,0.0,16,1,2021,7,15,0,0,1,0,1,0,1,GRAVE_LESIONADOS,1
5,1,20,0,4,1,-15.071664185503245,-70.3625311015495,0,4,6,1,6,2,2,1,6599.816896039121,2.0,3,3,1.0,13,31,1198.0,0.3315507734123935,75.98094591770013,75.5205560484018,6.3454050375943005,250.18930405601606,4880.952139082645,13642.312999999998,2020.7790000000005,2354.117,9267.416999999998,3314.0520000000006,10328.260999999997,24.29244952817019,4,1,0,0,2,34.94607561806883,34.51468056261948,35.37747067351818,1.0,1.0,0.0,0.9460756180688313,1,0,0.0,0.0,0.0,1.0,0.0,0.05392438193116866,1.0,0.0,0.0,0.0,12,2,2022,5,18,0,0,0,2,1,0,1,GRAVE_LESIONADOS,1
6,1,8,0,4,1,-13.46556653873156,-75.04574090586354,3,4,0,0,2,1,1,0,1679.5849999999998,2.0,2,3,1.0,9,24,315.0,0.3551162191581998,73.07267675773788,48.01358744327009,5.953197242840351,439.17370527574496,3018.107823729823,8511.426,1445.3929999999996,2008.516,5057.516999999999,1879.579,6631.846999999998,22.08300935706896,6,1,0,0,5,42.16910089524157,42.16910089524157,42.16910089524157,1.0,0.24471559702370094,0.0,0.0,1,0,0.0,0.0,0.0,1.0,0.0,1.0,0.0,0.0,0.0,0.0,8,1,2022,3,5,5,0,0,2,1,0,1,GRAVE_LESIONADOS,1
6,1,13,0,4,1,-11.431995682063468,-76.97927345147511,0,4,6,1,2,2,2,0,1359.2102389383247,1.8684346933606455,1,0,0.0,9,20,623.9287323620433,0.5681141168087497,74.26566893578881,62.6168197726168,7.486609307103145,1213.9266128424981,24988.75125912561,7742.763163255479,1652.089141366767,1652.9501781932706,4437.723843695442,1823.3878016007927,5919.3753616546865,23.571968540404303,5,1,0,0,4,21.60478573237741,21.60478573237741,21.60478573237741,1.0,0.8684346933606454,0.0,0.8684346933606454,1,0,0.0,0.0,0.0,1.0,0.0,0.13156530663935462,0.8684346933606454,0.0,0.0,0.0,16,3,2021,3,7,0,0,0,0,1,0,1,GRAVE_LESIONADOS,1
5,1,13,0,4,0,-10.482630383200169,-77.80884314729428,0,4,7,0,2,1,0,0,6543.555,2.6977232995035516,2,1,1.0,4,30,1391.2693539624838,0.6095088940296399,78.97726932780066,66.56033093282547,7.808333101547094,1214.9802456117977,20544.20589938712,8020.939766648623,1578.2672339702285,1700.9200203972534,4741.752512281141,1634.8492745921321,6386.090492056491,20.730563551064453,5,1,0,0,4,34.022767004964486,32.51138350248224,35.534150507446725,1.0,0.0,0.0,0.6977232995035515,1,0,0.0,0.3022767004964485,0.0,0.6977232995035515,0.0,1.0,0.3022767004964485,0.0,0.3022767004964485,0.0,15,3,2024,2,24,3,0,1,0,1,0,1,GRAVE_LESIONADOS,1
3,1,6,0,4,1,-13.616035707731893,-71.8919747345385,0,4,6,1,2,0,1,1,7833.455886529151,2.0,2,0,1.0,9,7,1474.13582527906,0.22882558220184113,64.1367867058652,53.43650572730055,4.968116861736549,171.3378558390231,5391.743497081868,17585.717173191326,2059.240125694373,2660.9069096301505,12865.570137866798,2786.540498195253,14799.17667499607,15.80964154566427,5,1,0,0,3,33.04914827233685,21.413041026374763,44.685255518298945,1.0,0.0,0.0,0.8950851727663146,1,0,0.0,1.0,0.0,0.8950851727663146,0.0,0.8950851727663146,1.0,0.0,0.0,0.0,17,1,2023,1,2,0,0,0,2,1,0,1,GRAVE_LESIONADOS,1
5,1,14,2,2,4,-12.044359172410761,-77.04494816312936,6,1,7,1,2,2,2,5,6543.555,2.0,4,4,1.0,14,33,1198.0,0.7624671207079586,80.2314176698282,77.91509172500159,11.924834343943981,1628.4650369219055,249866.26691142586,7626.313,1683.4029999999998,1599.0829999999996,4343.827000000001,1814.875,5811.438000000001,23.797541485643197,7,3,0,1,2,41.156338672615426,22.223572203012093,75.96597856106906,1.0,0.0,0.0,0.0,3,0,0.0,0.0,0.027946525376511766,0.9720534746234882,0.9720534746234882,0.9720534746234882,1.0,0.0,0.9720534746234882,0.9720534746234882,13,3,2021,4,10,4,0,0,0,1,0,1,GRAVE_LESIONADOS,1
3,1,20,0,4,0,-14.934141858580842,-70.78219126093637,5,4,6,1,5,2,2,0,6690.328030950521,2.0,3,3,1.0,13,29,1198.0,0.3172233893801296,70.68164850944531,61.41182103601565,6.675423217227555,261.3969118987459,7705.8347972504935,13642.312999999998,2020.7790000000005,2354.117,9267.416999999998,3314.0520000000006,10328.260999999997,24.29244952817019,5,2,0,0,3,37.9143878180419,31.29662475535238,44.532150880731436,1.0,0.0,0.14067504892952398,0.14067504892952398,2,0,0.0,0.0,0.0,1.0,0.14067504892952398,1.0,0.859324951070476,0.859324951070476,1.0,0.14067504892952398,20,2,2021,5,19,1,0,1,2,1,0,1,GRAVE_LESIONADOS,1
5,1,10,2,4,1,-13.382576206860492,-76.13098836377728,0,3,0,1,2,2,2,0,6554.162908671118,2.0,3,3,1.0,13,32,1243.9874074313132,0.5939119708427565,81.0967055456279,67.42507495400127,10.068890247297457,916.5462897775944,65496.46343804746,3721.461,698.1859999999996,744.866,2278.409,1102.9029999999996,2618.558,29.636290693359403,5,1,0,0,4,29.237026996260052,27.880141769020348,30.520567076081395,1.0,0.0,0.0,0.8899822788724564,1,0,0.0,0.0,0.0,1.0,0.0,1.0,0.0,0.0,0.1100177211275436,0.0,6,0,2023,8,2,0,0,0,0,1,0,1,GRAVE_LESIONADOS,1
3,1,21,1,5,3,-6.04438949653354,-76.97121490217461,0,0,0,0,2,2,2,1,6543.555,2.0,4,4,1.0,14,33,1198.0,0.5294800468051228,72.46713251445857,60.50982579904599,7.757161651692042,952.984823255978,86435.21199143468,5645.136,815.0759999999999,965.298,3864.762,1013.406,4631.73,17.95184385283189,4,1,0,0,2,21.735442045594862,18.419444052385586,25.051440038804138,1.0,0.9474279980597932,0.0,0.0,1,0,0.0,0.0,0.0,1.0,0.9474279980597932,0.0,0.052572001940206836,0.9474279980597932,1.0,0.9474279980597932,22,2,2023,5,19,6,1,1,1,1,0,1,GRAVE_LESIONADOS,1
6,1,12,0,4,2,-7.809560179307761,-78.41964086909908,0,4,4,0,3,2,2,2,6543.555,2.0,4,4,1.0,14,33,1198.0,0.1883083184611077,75.93360618381381,28.79507521744373,3.260895439511201,147.65429669929867,24235.73233404711,8931.828000000005,1335.5899999999997,1935.9830000000004,5660.255000000005,1219.309,7712.519000000005,13.651281686122925,4,1,0,0,3,38.38686421880629,38.38686421880629,38.38686421880629,1.0,0.576641972649214,0.0,0.0,1,0,0.0,0.0,0.0,0.576641972649214,0.0,0.0,1.0,0.0,0.423358027350786,0.0,15,1,2022,5,18,3,0,0,0,1,0,1,GRAVE_LESIONADOS,1
5,1,10,1,4,1,-14.330899065881484,-75.66450504121586,0,4,7,1,2,1,1,5,6639.975,2.0,2,0,1.0,9,31,1616.0,0.6261042306271147,80.48505954362174,76.55712631348362,9.341715591523595,1061.002261282891,31419.372591006424,3721.461,698.1859999999996,744.866,2278.409,1102.9029999999996,2618.558,29.636290693359403,4,1,0,0,3,22.162930088341188,22.111723489148243,22.214136687534136,1.0,1.0,0.0,1.0,1,0,0.0,0.009310290762353679,0.0,1.0,0.0,0.0,1.0,1.0,0.9906897092376463,0.0,16,2,2021,1,21,3,0,1,0,1,0,1,GRAVE_LESIONADOS,1
4,1,11,0,4,2,-5.951646675515438,-79.22385336639805,1,4,3,0,3,2,2,0,6543.555,2.0,4,4,1.0,14,33,1198.0,0.4001975201324789,75.39000448837537,56.74933436154805,5.222144537455597,559.862550038701,76078.8330756466,12852.20494626174,1755.3753453453523,803.5507592134775,10293.27884170291,2094.988789642181,10757.21615661956,17.925680367562656,4,1,0,0,3,40.57606259251806,35.70973144428793,45.442393740748194,1.0,1.0,0.0,0.4423937407481936,1,0,0.0,0.5576062592518064,0.0,0.0,0.4423937407481936,0.0,0.5576062592518064,0.4423937407481936,0.4423937407481936,0.0,19,2,2021,3,6,3,0,0,1,1,0,1,GRAVE_LESIONADOS,1
5,1,5,1,4,2,-6.8605690302868485,-78.5104966157805,0,4,7,1,1,2,2,0,6543.555,2.0,4,4,1.0,14,33,1198.0,0.2795227381599639,76.65425781647627,44.39737246979364,3.5586507458744485,302.10211537277996,21026.19362116914,15935.565011852366,1733.9250000199986,935.692,13265.948011832368,2000.1670000199988,13935.398011832369,12.551591352627522,6,1,0,0,4,38.11517292418867,37.58537747292079,38.64496837545654,1.0,0.0,0.0,0.0,1,0,0.04606916967546759,0.9539308303245324,0.0,0.04606916967546759,0.04606916967546759,0.0,0.9539308303245324,0.04606916967546759,0.04606916967546759,0.04606916967546759,14,3,2022,7,13,2,0,0,2,1,0,1,GRAVE_LESIONADOS,1
3,1,17,0,4,1,-5.436143422416762,-80.10069422621372,0,4,7,1,2,2,2,0,6543.555,3.0,2,0,1.0,0,30,1475.0,0.5604566065305752,78.32737783171959,70.10793306129723,8.36266308990842,900.4483487098391,9774.230326334571,2341.922794818223,343.29189857422284,506.2497009325077,1492.3811953114923,508.87229965844074,1833.0504951597823,23.576400997641645,5,2,0,0,3,52.97398569915844,49.982657132772296,55.965314265544585,1.0,0.45612207883888245,0.0,0.45612207883888245,2,0,0.0,0.5438779211611176,1.0,0.45612207883888245,0.45612207883888245,0.45612207883888245,0.5438779211611176,0.45612207883888245,0.45612207883888245,0.45612207883888245,12,1,2023,3,11,4,0,0,0,1,1,1,GRAVE_LESIONADOS,1
3,2,3,0,4,1,-16.918336383049336,-72.01107435367014,0,4,7,1,2,0,0,0,1372.5950210148467,2.0,2,0,1.0,8,29,263.3338074916094,0.6456305778571253,75.67334095395331,77.09261911098552,10.479683603540597,1179.2653123056473,21630.747323340474,10322.272,1495.236,1749.739,7077.2970000000005,2886.595,7435.677000000001,27.964725207783708,5,2,0,0,3,46.78674263105218,38.78674263105218,54.78674263105218,1.0,0.6614459725629487,0.0,0.6614459725629487,2,0,0.0,0.0,0.0,1.0,0.6614459725629487,1.0,0.3385540274370513,0.6614459725629487,0.6614459725629487,0.6614459725629487,21,2,2023,6,13,5,1,0,0,1,0,1,GRAVE_LESIONADOS,1
3,2,3,0,4,1,-16.03300853500991,-71.30469342850319,0,4,3,1,2,1,1,0,1504.4250000000002,2.0,2,0,1.0,7,25,241.0,0.4685280505645348,81.83746865987648,70.74305753660312,6.037751599761188,617.4715908037651,1751.8736616702354,10322.272,1495.236,1749.739,7077.2970000000005,2886.595,7435.677000000001,27.964725207783708,4,2,0,0,2,38.68595546484166,33.57969519921785,43.792215730465465,1.0,0.5265650664059512,0.0,0.5265650664059512,2,0,0.0,0.0,0.0,1.0,0.0,1.0,0.47343493359404876,0.0,0.5265650664059512,0.0,11,1,2022,8,12,5,0,0,0,1,0,1,GRAVE_LESIONADOS,1
3,2,10,0,4,0,-8.755805051169569,-78.04571648553272,0,4,7,1,2,2,2,2,7856.213800772604,2.0,3,2,1.0,12,32,2216.1356105241157,0.549257406480631,76.09396590809445,68.36257426131155,8.15162992614954,913.7008373657102,19266.93719415135,8652.238754804666,1334.7730158018892,1493.4475717122905,5824.018167290486,1157.6290140204899,7494.609740784176,13.36486059593206,6,2,0,0,4,45.25512603182571,41.02878531033948,49.48146675331195,1.0,0.0,0.0,0.38682963925688296,2,0,0.0,1.0,0.0,0.38682963925688296,0.0,1.0,1.0,0.0,0.613170360743117,0.0,10,2,2022,2,17,2,0,1,0,1,0,1,GRAVE_LESIONADOS,1
3,1,16,0,4,1,-11.384966177218082,-75.96347112169305,0,4,6,0,2,0,1,1,9504.374854464233,2.0,2,0,1.0,9,31,3539.525626140654,0.4094423937300973,75.11722722570713,83.28143201228896,7.627010674399103,400.57240716665984,3218.348965006092,3682.937371584592,582.1150423998349,889.068737082746,2211.7535921020117,658.0551189138803,3024.8822526707118,17.849051692951015,7,1,0,0,5,40.83678465855051,30.411171508736672,51.26239780836436,1.0,0.0,0.0,0.8688010958178203,1,0,0.0,0.0,0.13119890418217972,0.8688010958178203,0.0,0.8688010958178203,0.13119890418217972,0.0,0.0,0.0,12,2,2023,8,16,3,0,1,1,1,0,1,GRAVE_LESIONADOS,1
6,1,10,0,4,1,-13.976977853119754,-75.82139661440176,0,3,7,1,2,2,2,0,6639.975,2.0,2,0,1.0,9,31,1616.0,0.6053164595604621,78.88848309050202,67.63954639531094,9.133324993872453,1064.9426147896202,27932.19700214133,3721.461,698.1859999999996,744.866,2278.409,1102.9029999999996,2618.558,29.636290693359403,6,1,0,0,5,26.07147635292107,26.07147635292107,26.07147635292107,1.0,0.0,0.3380984235280714,0.3380984235280714,1,0,0.0,0.0,0.0,0.0,0.0,0.6619015764719286,0.3380984235280714,0.6619015764719286,0.0,0.6619015764719286,13,1,2021,7,13,3,0,0,0,1,0,1,GRAVE_LESIONADOS,1
3,2,11,0,4,1,-10.723507082639042,-77.74961210256093,0,2,7,1,2,1,1,0,442.21570848197814,0.3021466054345421,2,3,0.0,9,21,103.11192030107068,0.5531054712185531,78.14592708273452,65.39060637629832,9.037555209333172,901.6914081526111,9528.348561780584,3607.8400276984667,618.7012350088014,720.9334134898501,2268.205379199815,929.4796426972796,2678.360385001187,25.59690348615459,5,2,0,0,3,45.37653574945728,42.79141357826183,47.96165792065273,1.0,0.0,0.0,0.5659511315218193,2,0,0.0,0.4340488684781807,0.0,1.0,0.0,0.5659511315218193,0.4340488684781807,0.4340488684781807,0.4340488684781807,0.4340488684781807,14,3,2022,3,16,6,1,0,0,1,0,1,GRAVE_LESIONADOS,1
3,1,13,1,4,0,-12.067534211300305,-76.63107484850423,0,0,6,1,1,1,1,2,6622.564233650897,2.0,2,0,1.0,9,31,1540.5208428342125,0.7847436988380901,79.02133891142691,78.327472281311,13.16940827976514,1719.5466528033924,108869.09831681197,8463.848507414796,1709.2358318260635,1509.9627006118862,5244.649974976845,1774.0044809718968,6689.844026442899,21.83918608915575,30,1,0,0,27,40.81942785367036,30.98629360962598,50.65256209771475,1.0,0.0,0.0,0.18057214632963492,1,0,0.0,0.18057214632963492,0.8194278536703651,0.0,0.0,0.0,1.0,0.0,0.8194278536703651,0.0,7,1,2023,5,4,3,0,0,0,1,0,1,GRAVE_LESIONADOS,1
6,1,5,0,4,2,-5.954287895369996,-78.93194366725848,0,4,6,0,1,2,2,1,6543.555,2.0,4,4,1.0,14,33,1198.0,0.30695164712643835,75.27088124626829,32.49167110269257,4.576191714728975,381.2127071919058,8791.914369936572,15935.565011852366,1733.9250000199986,935.692,13265.948011832368,2000.1670000199988,13935.398011832369,12.551591352627522,7,1,0,0,6,50.54513557690144,50.54513557690144,50.54513557690144,1.0,0.09441786242686778,0.0,1.0,1,0,0.0,1.0,0.0,0.0,0.09441786242686778,0.0,0.9055821375731322,0.09441786242686778,0.09441786242686778,0.09441786242686778,17,1,2024,5,13,4,0,0,2,1,0,1,GRAVE_LESIONADOS,1
6,1,20,1,6,3,-14.374020812569979,-69.64193303715604,2,4,4,1,4,2,2,4,6543.555,2.0,4,4,1.0,14,33,1198.0,0.3622484370888121,70.83903423191065,66.4339235939562,5.967231704209629,385.04781290132456,10853.721691549279,13642.312999999998,2020.7790000000005,2354.117,9267.416999999998,3314.0520000000006,10328.260999999997,24.29244952817019,4,1,0,0,3,49.323360469949236,48.72456063778825,49.92216030211023,1.0,0.0,0.0,0.0,1,0,0.0,0.0,0.0,1.0,0.0,0.11975996643219722,1.0,0.11975996643219722,1.0,0.0,13,2,2021,1,18,0,0,1,2,1,0,1,GRAVE_LESIONADOS,1
4,8,7,0,4,0,-13.60153435906116,-71.96049522547301,0,4,3,0,2,1,1,2,6543.555,2.0,4,4,1.0,14,33,1198.0,0.6348954939297919,77.6245715059073,78.73535107148551,10.276562257168177,1084.1455565765216,94654.62312633834,17779.13499998999,2097.3709999899997,2863.123,12818.640999999989,2878.713,14900.421999989989,16.19152450331032,14,1,0,0,12,33.26596648877639,32.46806702244721,34.063865955105584,1.0,0.0,0.0,1.0,1,0,0.0,0.0,0.5319329775527915,1.0,0.0,0.0,1.0,0.0,0.5319329775527915,0.0,16,2,2023,9,17,1,0,0,2,1,0,1,GRAVE_LESIONADOS,1
3,1,14,2,2,4,-12.226470812903885,-76.93901980542012,0,0,5,1,2,2,2,0,6543.555,2.0,4,4,1.0,14,33,1198.0,0.6990481232857558,80.14597904142546,74.3851677794309,10.004397644056358,1432.5044292531525,459161.0728051392,7626.313,1683.4029999999998,1599.0829999999996,4343.827000000001,1814.875,5811.438000000001,23.797541485643197,6,2,0,0,4,62.196961811590015,59.35184221416557,65.04208140901446,1.0,1.0,0.0,0.0,2,0,0.0,0.28451195974244414,0.28451195974244414,0.7154880402575559,0.7154880402575559,0.0,1.0,1.0,0.7154880402575559,1.0,16,1,2023,4,23,6,1,1,0,1,0,1,GRAVE_LESIONADOS,1
3,1,12,0,4,2,-7.707194823375201,-79.34329755205259,0,4,7,1,2,2,2,1,6543.555,2.0,4,4,1.0,14,33,1198.0,0.5561921213654751,76.41489594450233,61.78990394427631,7.928065502454852,994.1087641154045,9448.057418822258,8931.828000000005,1335.5899999999997,1935.9830000000004,5660.255000000005,1219.309,7712.519000000005,13.651281686122925,4,1,0,0,2,24.423550780892526,24.423550780892526,24.423550780892526,1.0,0.9529388021230526,0.0,0.0,1,0,0.0,0.0470611978769474,0.0,0.9529388021230526,0.0,0.9529388021230526,0.0470611978769474,0.0,0.9529388021230526,0.0,11,2,2023,7,22,5,1,0,0,1,0,1,GRAVE_LESIONADOS,1
3,1,8,0,4,1,-8.090741448762477,-79.04312293020932,0,4,7,1,2,2,2,0,6543.555,3.0,2,0,1.0,0,30,1475.0,0.5389359739362335,78.90658812961101,63.170508116732655,7.307809291309644,909.407985133837,25042.133278347646,9540.316606175846,1517.714641795633,1699.5699528503917,6323.032011529823,1511.330631016945,8028.985975158902,15.591864600422477,11,1,0,0,9,38.35401364625384,28.994359914658045,47.71366737784963,1.0,0.6685466951139853,0.0,0.33145330488601465,1,0,0.0,0.0,1.0,0.6685466951139853,0.6685466951139853,0.0,1.0,0.0,0.0,0.6685466951139853,6,0,2024,2,15,1,0,0,0,1,1,1,GRAVE_LESIONADOS,1
9,1,3,2,4,2,-12.744476800220326,-74.89310839312566,0,4,0,0,2,1,0,1,6543.555,2.0,4,4,1.0,14,33,1198.0,0.22108362594749212,70.73919754802552,43.287293334901875,3.549555929334135,206.4258783674199,15647.348393331304,12416.476291240668,1816.0508282818148,1698.3777456333776,8902.047717325475,2432.5373579866814,9983.938933253985,19.589443894204337,6,1,0,0,4,35.19566756065239,33.96060455778542,36.43073056351936,0.1372292225407744,0.8627707774592256,0.0,0.0,1,0,0.0,0.1372292225407744,0.0,1.0,0.0,1.0,0.1372292225407744,0.0,0.0,0.0,11,1,2022,4,13,3,0,0,1,1,0,1,GRAVE_LESIONADOS,1
3,1,17,0,4,0,-14.535052364379206,-71.4655501364099,5,4,5,1,6,1,1,0,6713.51915874368,2.0,3,3,1.0,13,28,1198.0,0.32238909187869813,71.22593243382627,57.536380761149104,6.371762521462226,288.79204299041805,7682.108693502195,13485.343260198671,1985.6400829159543,2259.61993948279,9240.083237799929,3179.058316995637,10306.284943203034,23.528478174024425,4,1,0,0,3,34.71936283731648,30.533876109703453,38.90484956492951,1.0,0.0,0.0,0.0,1,0,0.0,0.0,0.0,1.0,0.0,1.0,0.837097345522606,0.837097345522606,0.837097345522606,0.0,21,2,2021,5,15,1,0,0,2,1,0,1,GRAVE_LESIONADOS,1
5,1,1,0,4,1,-10.13491822931467,-78.10981229977554,1,4,7,1,2,2,2,0,6543.555,3.0,2,0,1.0,0,30,1475.0,0.594329796273136,79.51274210494626,67.23963656911357,9.093808711905876,1004.1856289962402,25729.80728051392,10767.648,1885.0630000000003,1222.721,7659.864000000001,2100.343,8667.305000000002,19.506051832303577,15,1,0,0,13,33.157242937325144,29.686895603367304,36.62759027128298,1.0,0.0,0.0,0.8124136576239005,1,0,0.0,0.1875863423760995,1.0,0.0,0.0,0.0,1.0,0.0,0.1875863423760995,0.0,11,1,2022,2,8,0,0,0,0,1,1,1,GRAVE_LESIONADOS,1
5,1,5,0,4,0,-13.875912709571857,-74.98237183837587,0,4,4,0,6,2,2,0,6696.514268205699,2.0,3,3,1.0,13,28,1198.0,0.47304839463312626,67.7464050857461,66.00210880530827,7.384093551872146,755.1210339618175,793.5811888963076,12618.011272082202,1808.2098652596455,1676.0297808907771,9133.771625931779,2353.894576269538,10264.116695812663,18.62772418626461,4,1,0,0,3,34.43981279938917,31.50772747012801,37.37189812865034,1.0,0.0,0.0,0.14660426646305835,1,0,0.0,0.8533957335369416,0.0,0.14660426646305835,0.14660426646305835,0.14660426646305835,0.8533957335369416,0.0,1.0,0.0,16,3,2023,6,8,6,1,0,2,1,0,1,GRAVE_LESIONADOS,1
3,2,4,0,4,1,-12.429058260525071,-74.6138577690692,1,3,0,1,2,1,1,1,6951.368360998983,2.0,2,0,1.0,8,6,1098.806232607788,0.5531692434900348,70.30213565639316,74.50754705696653,10.032432664698538,877.9556429188532,104335.91714300055,12957.711788444904,1798.9794081569917,1702.2219953859046,9456.510384902007,2443.8122975070332,10513.899490937869,18.99871241093978,5,2,0,0,2,31.375524614224446,22.798850704003847,46.657361770665936,1.0,1.0,0.0,0.9143404426664835,2,0,0.0,1.0,0.0,1.0,0.9143404426664835,1.0,1.0,0.0,0.9143404426664835,0.0,10,1,2021,3,28,2,0,0,2,1,0,1,GRAVE_LESIONADOS,1
6,1,4,0,4,1,-13.50245692896069,-74.00503573178261,0,4,0,0,5,2,2,2,6543.555,2.0,4,4,1.0,14,33,1198.0,0.34852483330578105,76.31825341015954,54.48631226509672,5.745383392195838,386.79295213152125,6417.893927175303,12678.733000000004,1805.074000000001,1774.0339999999994,9099.625000000004,2485.375000000001,10193.358000000002,19.602707936195205,5,1,0,0,4,34.08186402005342,34.08186402005342,34.08186402005342,0.2652850890860524,0.0,0.0,0.7347149109139476,1,0,0.0,0.0,0.0,1.0,0.0,0.0,1.0,0.2652850890860524,0.2652850890860524,0.2652850890860524,12,2,2022,7,29,4,0,1,2,1,0,1,GRAVE_LESIONADOS,1
5,1,3,0,4,1,-16.459681406979325,-73.05186370841967,0,4,7,1,2,0,1,0,6639.975,2.0,2,0,1.0,9,31,1616.0,0.6157186149238003,82.53776730119066,65.09044658620257,8.775919239407923,1098.2669611307438,4554.146581677029,10322.272,1495.236,1749.739,7077.2970000000005,2886.595,7435.677000000001,27.964725207783708,4,1,0,0,2,37.04802346740505,32.615812260759554,40.57628160886067,1.0,0.0,0.0,0.9039530651898893,1,0,0.0,0.0,0.0,1.0,0.0,0.9039530651898893,0.09604693481011073,0.0,0.0,0.0,6,0,2021,2,9,1,0,0,0,1,0,1,GRAVE_LESIONADOS,1
4,1,19,1,4,1,-5.184781781882407,-80.58589463604415,0,1,7,1,2,2,2,0,4863.803242157542,2.679337245263568,2,0,1.0,0,26,1054.290465785801,0.6220812987247925,80.20155828147696,72.71675503872983,10.02377668600292,1028.915688621886,159840.92719486082,8965.846000060003,1782.4120000599992,636.9959999999999,6546.438000000004,2214.505000059999,6751.341000000004,24.699342371541725,8,2,0,0,6,49.152046943162816,49.152046943162816,49.152046943162816,1.0,0.0,0.0,1.0,2,0,0.6793372452635678,0.0,0.6793372452635678,0.32066275473643224,0.6793372452635678,0.32066275473643224,0.32066275473643224,0.0,1.0,0.6793372452635678,6,0,2023,5,19,5,0,1,0,1,0,1,GRAVE_LESIONADOS,1
4,1,7,0,4,1,-13.859114755119457,-71.84282646944312,0,1,0,0,1,2,2,2,7119.835761662773,2.0,2,1,1.0,11,17,1198.0,0.3529960880019274,73.51068995753221,54.91824502261558,5.641889796320301,384.515434596614,9254.523155306146,17779.13499998999,2097.3709999899997,2863.123,12818.640999999989,2878.713,14900.421999989989,16.19152450331032,7,1,0,0,6,45.18264846850764,43.80180343486888,46.5634935021464,1.0,0.0,0.0,0.4476619865444972,1,0,0.0,0.0,0.0,1.0,0.0,0.5523380134555028,0.4476619865444972,0.4476619865444972,0.5523380134555028,0.0,6,0,2022,5,5,3,0,0,2,1,0,1,GRAVE_LESIONADOS,1