CLASE SINIESTRO,CANTIDAD DE VEHICULOS DAÑADOS,DEPARTAMENTO,ZONA,TIPO DE VÍA,RED VIAL,COORDENADAS LATITUD,COORDENADAS  LONGITUD,CONDICIÓN CLIMÁTICA,ZONIFICACIÓN,CARACTERÍSTICAS DE VÍA,PERFIL LONGITUDINAL VÍA,SUPERFICIE DE CALZADA,¿EXISTE SEÑAL VERTICAL?,¿EXISTE SEÑAL HORIZONTAL?,CAUSA FACTOR PRINCIPAL,MTC_RVN_LONGITUD_KM,MTC_RVN_N_CARRILES_MEDIANA,MTC_RVN_SUPERFICIE_DOMINANTE,MTC_RVN_ESTADO_DOMINANTE,MTC_RVN_ES_CONCESIONADA,MTC_RVN_CONCESION_PRINCIPAL,MTC_RVN_CORREDOR_LOGISTICO,MTC_RVN_N_TRAMOS,IDH_2019,IDH_ESP_VIDA_2019,IDH_EDUC_SECUND_PCT_2019,IDH_ANIOS_EDUC_2019,IDH_INGRESO_PERCAP_2019,IDH_POBLACION_2019,MTC_DEP_RED_TOTAL_KM,MTC_DEP_NACIONAL_TOTAL_KM,MTC_DEP_DEPARTAMENTAL_TOTAL_KM,MTC_DEP_VECINAL_TOTAL_KM,MTC_DEP_PAV_TOTAL_KM,MTC_DEP_NO_PAV_TOTAL_KM,MTC_DEP_PCT_PAVIMENTADA,PER_TOTAL_PERSONAS,PER_N_CONDUCTORES,PER_N_CONDUCTORES_FUGADOS,PER_N_PEATONES,PER_N_PASAJEROS_OCUPANTES,PER_EDAD_COND_PROM,PER_EDAD_COND_MIN,PER_EDAD_COND_MAX,PER_ANY_COND_MASCULINO,PER_ANY_LIC_PROBLEMA,PER_ANY_DOSAJE_POS,PER_ANY_DOSAJE_EVALUADO,VEH_TOTAL,VEH_N_FUGADOS,VEH_ANY_FUGADO,VEH_ANY_CARGA,VEH_ANY_PUBLICO,VEH_ANY_PARTICULAR,VEH_ANY_MOTO,VEH_ANY_AUTO,VEH_ANY_CAMION_BUS,VEH_ANY_SOAT_PROBLEMA,VEH_ANY_CITV_PROBLEMA,VEH_ANY_SEGURO_PROBLEMA,HORA_NUM,FRANJA_HORARIA,ANIO,MES,DIA_MES,DIA_SEMANA,ES_FIN_SEMANA,ES_QUINCENA,REGION_NATURAL,TIENE_SEÑALIZACION,ES_VIA_MULTICARRIL,ES_DEPTO_BAJO_PAVIMENTO,CATEGORIA_SEVERIDAD,CATEGORIA_SEVERIDAD_ENC
3,1,8,0,4,1,-10.03840831592116,-76.36905159755305,0,4,6,0,2,2,2,1,9765.541110149563,2.0,2,0,1.0,9,32,3697.0643367694333,0.5379186714015939,76.29023277880418,68.18075388117032,8.279517471160855,874.8138342639689,27885.030378790867,8224.328893448086,1339.1305435981944,853.4213080588338,6031.777041791058,1101.2609839906381,7123.067909457448,13.374112158454931,7,1,0,0,5,38.09086552501892,38.09086552501892,38.09086552501892,1.0,0.05050747083228213,0.0,0.0,1,0,0.0,0.9494925291677179,0.0,0.05050747083228213,0.0,1.0,0.9494925291677179,0.9494925291677179,0.9494925291677179,0.9494925291677179,18,2,2022,8,2,5,1,0,2,1,0,1,GRAVE_LESIONADOS,1
6,1,7,0,4,1,-13.074292554268242,-72.40002996797789,1,4,0,0,2,1,1,2,3447.8009999999995,1.0,2,3,0.0,9,12,1109.0,0.4706944943299555,76.79406176595778,61.64424635983724,7.141255198110581,653.4175319142125,3282.6252676659524,17779.13499998999,2097.3709999899997,2863.123,12818.640999999989,2878.713,14900.421999989989,16.19152450331032,4,1,0,0,3,34.692832381418796,34.692832381418796,34.692832381418796,1.0,0.0,0.0,0.9561189116312564,1,0,0.0,0.0,0.0,0.043881088368743604,0.0,1.0,0.0,0.0,0.043881088368743604,0.0,15,2,2023,1,27,4,0,0,2,1,0,1,GRAVE_LESIONADOS,1
1,1,2,0,6,2,-14.213109030484713,-74.30002180152508,0,4,1,0,6,1,1,0,6543.555,2.0,4,4,1.0,14,33,1198.0,0.4666389665560121,80.85121892188073,59.01419351247253,7.617484251837123,591.3532612490108,8069.41399400236,10446.811060006183,1604.2420716002437,1602.3706498277002,7240.19833857824,2666.73787925712,7780.073180749064,25.599453547250548,5,1,0,0,3,35.22768397983731,35.22768397983731,35.22768397983731,1.0,0.0,0.0,0.0,1,0,0.0,0.7203732127322029,0.0,0.0,0.0,0.0,1.0,0.0,1.0,0.0,8,0,2021,1,14,0,0,0,0,1,0,1,GRAVE_LESIONADOS,1
4,1,6,0,4,1,-9.999500022778122,-74.86841062110062,0,4,0,0,1,2,2,4,2098.3419572528946,1.555520022022209,1,1,0.555520022022209,6,24,362.4281700861717,0.25559852776706576,73.63179218404355,43.67208237409555,3.904367619051507,253.97313584902832,18738.349536955764,16959.705052262063,1935.8265299272175,2006.4185115662883,13017.460010768556,2488.2168932764125,14471.48815898565,14.573647096654199,8,1,0,0,7,46.22335929528931,46.22335929528931,46.22335929528931,1.0,0.0,0.0,0.44447997797779104,1,0,0.0,0.0,0.0,1.0,0.0,0.555520022022209,0.44447997797779104,0.0,0.0,0.0,13,1,2021,5,11,0,0,0,2,1,0,1,GRAVE_LESIONADOS,1
6,1,7,0,4,2,-13.668993132773176,-71.63429084820581,3,4,1,0,2,2,2,2,6543.555,2.0,4,4,1.0,14,33,1198.0,0.25467930601759214,63.068769538268704,54.748266977839464,3.9183526220496008,264.8108017220227,3102.7265875018707,17779.13499998999,2097.3709999899997,2863.123,12818.640999999989,2878.713,14900.421999989989,16.19152450331032,11,1,0,0,10,31.537754252215304,31.537754252215304,31.537754252215304,1.0,0.0,0.0,0.7437076246307824,1,0,0.0,0.0,0.0,0.7437076246307824,0.0,0.7437076246307824,0.25629237536921756,0.0,0.0,0.0,17,2,2021,4,4,1,0,0,2,1,0,1,GRAVE_LESIONADOS,1
3,2,10,0,4,1,-14.94147878342424,-74.99032780254579,0,4,1,1,2,1,0,1,6639.975,2.0,2,0,1.0,9,31,1616.0,0.5563774842369664,77.00938809632027,69.10246351364754,8.476961866273152,914.8835608305218,27932.19700214133,3721.461,698.1859999999996,744.866,2278.409,1102.9029999999996,2618.558,29.636290693359403,5,2,0,0,3,45.19041349602491,27.571240488074732,62.80958650397509,1.0,0.8095865039750898,0.0,0.8095865039750898,2,0,0.0,0.1904134960249102,0.0,1.0,0.0,1.0,0.1904134960249102,0.8095865039750898,0.8095865039750898,0.0,5,0,2021,3,19,2,0,1,0,1,0,1,GRAVE_LESIONADOS,1
3,2,1,2,3,2,-11.663880430393363,-75.60485635978237,3,3,4,0,2,1,1,0,6543.555,2.0,4,4,1.0,14,33,1198.0,0.4995061954989581,76.79524118866884,69.53127594321386,7.348797546408732,735.4090650858828,14780.59214098863,10620.653205944915,1756.4019594811766,1396.6614511543567,7467.589795309384,2359.842727904958,8260.810478039959,22.297807451842868,6,2,0,0,4,41.90400005347319,35.04930236288827,48.75869774405811,1.0,0.0,0.0,0.0,2,0,0.0,0.6699534908592181,0.33004650914078193,1.0,0.0,1.0,1.0,0.0,0.0,0.0,13,3,2022,7,14,3,0,0,0,1,0,1,GRAVE_LESIONADOS,1
3,1,15,2,2,4,-3.775547095808459,-73.29384498855347,0,0,6,1,2,2,2,1,6543.555,2.0,4,4,1.0,14,33,1198.0,0.578151997596622,72.90601064370706,55.50396545831401,10.509285779826156,1057.5846157817368,149464.7399041914,1098.7552522669992,129.5349695092286,320.87398789646977,648.3462948613007,274.9931122584948,823.7621400085044,25.02864203754712,6,2,0,0,3,46.660978126307675,32.99959845597466,72.98393823898641,1.0,1.0,0.0,0.00040154402533987277,2,0,0.0,0.0,0.00040154402533987277,1.0,1.0,0.00040154402533987277,0.9995984559746601,0.00040154402533987277,1.0,0.9995984559746601,12,3,2021,10,1,1,0,0,0,1,0,1,GRAVE_LESIONADOS,1
6,1,7,0,4,1,-10.572853523528305,-75.60291397532025,0,4,0,0,1,1,1,2,6746.0780604008005,2.0,3,3,1.0,13,27,1198.0,0.24968957831858582,77.75795708069909,41.987519460933825,2.967070741395406,371.9653200398038,25211.07010314059,8238.156631261023,1323.5732086906075,890.2193614460882,6024.364061124326,1132.2274307353518,7105.929200525671,13.73166137478539,5,1,0,0,4,40.176735075905626,40.176735075905626,40.176735075905626,1.0,0.19410883080314578,0.0,0.0,1,0,0.0,0.8058911691968542,0.0,0.0,0.19410883080314578,0.0,0.8058911691968542,0.0,1.0,0.0,13,2,2021,5,6,0,0,0,2,1,0,1,GRAVE_LESIONADOS,1
3,1,17,0,4,0,-6.4362454729097305,-79.86048698945868,0,3,2,1,1,2,2,1,6543.555,2.920750393870071,2,0,1.0,1,30,1453.0478591020096,0.4363465309614938,71.63791421713866,56.91584763683795,6.814129052837162,629.0420057786953,4283.5835367011205,9073.342226299643,1759.6534151652759,725.1804444738352,6588.5083666605315,2267.767867839108,6805.574358460534,24.958122675177332,5,1,0,0,3,39.53962480306497,21.584992122598578,57.49425748353135,0.9207503938700712,0.0,0.0,0.9207503938700712,1,0,0.0,0.9207503938700712,0.0,0.9207503938700712,0.0,0.9207503938700712,1.0,0.0,0.9207503938700712,0.0,15,3,2021,1,27,3,0,1,0,1,0,1,GRAVE_LESIONADOS,1
3,1,12,0,4,0,-8.40889139096124,-78.95285369680978,0,4,5,1,2,1,1,1,6543.555,2.1914896149081193,3,3,1.0,11,32,1251.042623329549,0.6193593310554456,79.35087319178905,72.17065328333723,9.216069287218854,1088.444569730999,19723.94097595733,8681.83543539323,1402.1925774300375,1871.4701487374548,5408.172709225738,1333.353703992369,7348.4817314008615,15.594185067890795,12,1,0,0,10,43.48936499380555,39.44681306834615,47.53191691926496,1.0,0.0,0.0,0.0,1,0,0.0,0.8085103850918806,0.19148961490811944,0.0,0.0,0.8085103850918806,1.0,0.0,0.8085103850918806,0.0,12,3,2022,2,18,3,0,1,0,1,0,1,GRAVE_LESIONADOS,1
3,2,20,0,4,1,-15.70170367946195,-70.00130274159575,4,4,7,1,2,2,2,2,7586.903,2.0,2,0,1.0,9,5,1198.0,0.33524611746958594,70.45657805733447,66.97559132207498,6.15599243705689,318.77426519088806,6126.065817220295,13642.312999999998,2020.7790000000005,2354.117,9267.416999999998,3314.0520000000006,10328.260999999997,24.29244952817019,5,2,0,0,3,33.372900522434975,26.38623639529909,40.35956464957087,1.0,0.0,0.3862363952990896,0.3862363952990896,2,0,0.0,0.0,0.0,1.0,0.3862363952990896,1.0,0.0,0.0,1.0,1.0,18,2,2021,7,26,5,0,1,2,1,0,1,GRAVE_LESIONADOS,1
3,1,11,2,2,4,-12.928122796923807,-76.62190885601368,0,0,1,1,2,1,1,0,6543.555,2.0,4,4,1.0,14,33,1198.0,0.7070411555817343,78.37351927921061,75.94051205365253,11.673866631148465,1434.3533292471886,58417.69623392549,5614.762619497907,1175.8770729668802,1159.0405780640708,3279.844968466956,1448.1088466331535,4166.653772864754,26.805322110987724,21,2,0,0,18,31.348756602476747,24.303163616309348,36.45491462977973,1.0,0.5151412602838964,0.5151412602838964,0.5151412602838964,2,0,0.0,0.0,0.4848587397161036,1.0,1.0,0.5151412602838964,0.4848587397161036,0.0,1.0,1.0,17,2,2023,8,16,5,0,0,0,1,0,1,GRAVE_LESIONADOS,1
3,2,5,0,4,1,-14.21213236059732,-73.40980221311425,0,4,4,0,2,0,1,0,432.83490362040226,2.0,2,1,0.6450048841860582,7,19,94.8438326795321,0.5263608883098938,75.85118334583088,65.65776996359713,8.099480637564525,894.9902576503521,20787.994999684957,9572.090996335242,1437.8127000561683,1409.7381678878075,6724.540128391265,2238.1126421185027,7333.978354216738,22.620672880632696,6,2,0,0,4,59.87002930511635,54.35499511581394,65.38506349441876,1.0,0.0,0.0,0.35499511581394183,2,0,0.0,0.35499511581394183,0.0,0.6450048841860582,0.0,1.0,1.0,0.0,0.35499511581394183,0.0,18,2,2023,2,21,4,0,0,0,1,0,1,GRAVE_LESIONADOS,1
3,1,10,2,3,1,-13.54743845561837,-75.20361898670566,0,1,7,0,3,2,2,0,6609.051933052215,2.0,2,1,1.0,10,31,1481.942315036565,0.6854495969294495,78.33641770981014,73.9095687017992,10.288330270044698,1387.9282700305655,96555.6472427885,8490.939847598893,1623.0555540514003,1647.4002119278734,5220.484081619619,2158.5886414569673,6332.351206141925,25.134007999058188,8,2,0,0,5,36.62249257744503,27.452106804732995,45.79287835015706,1.0,0.3207121649842939,0.0,0.0,2,0,0.0,0.6792878350157061,0.0,0.3207121649842939,0.3207121649842939,0.0,0.6792878350157061,0.3207121649842939,0.3207121649842939,0.0,6,0,2023,6,13,4,0,0,0,1,0,1,GRAVE_LESIONADOS,1
3,2,10,0,4,1,-13.339028462775957,-76.23234683833914,0,4,6,1,2,2,2,0,6639.975,2.0,2,0,1.0,9,31,1616.0,0.5736744275518083,81.67473861808857,68.1608574885675,9.138785887908334,865.1176766860625,26660.92933618844,3721.461,698.1859999999996,744.866,2278.409,1102.9029999999996,2618.558,29.636290693359403,14,2,0,0,12,51.45874018109782,49.422656193171015,53.49482416902464,1.0,0.036083987926811556,0.0,0.0,2,0,0.0,1.0,0.0,0.036083987926811556,0.036083987926811556,0.036083987926811556,0.9639160120731884,0.0,0.036083987926811556,0.036083987926811556,22,1,2023,4,1,0,0,0,0,1,0,1,GRAVE_LESIONADOS,1
8,1,9,1,4,1,-14.43101662755205,-72.54815170582123,0,4,2,0,2,1,0,3,6917.512122734068,2.0,3,2,1.0,12,22,1198.0,0.20513825673683916,71.13433735475246,47.92167411647164,4.18715495068516,139.49185341408298,16264.605865046567,13024.099650747492,1882.3870548573943,1981.9475337652877,9159.76506212481,2782.3896744862686,10241.709976261223,21.28360661247699,5,1,0,0,4,35.15052191253963,35.15052191253963,35.15052191253963,0.35842031875660574,0.6415796812433943,0.0,0.0,1,0,0.0,0.0,0.35842031875660574,0.6415796812433943,0.0,0.6415796812433943,0.35842031875660574,0.0,0.0,0.0,8,0,2022,3,14,2,0,0,2,1,0,1,GRAVE_LESIONADOS,1
3,1,14,0,2,4,-12.142310295630761,-76.91188510426215,0,3,3,0,1,2,2,1,6543.555,2.0,4,4,1.0,14,33,1198.0,0.6900284243718524,79.88638556600152,73.90700798028934,9.761089613387256,1410.3742463760425,452812.69484438107,7626.313,1683.4029999999998,1599.0829999999996,4343.827000000001,1814.875,5811.438000000001,23.797541485643197,5,1,0,0,3,32.031050036165084,32.031050036165084,32.031050036165084,1.0,1.0,0.0,0.9765670446326118,1,0,0.0,0.9765670446326118,0.0,0.02343295536738821,0.02343295536738821,0.0,1.0,1.0,1.0,0.02343295536738821,15,2,2021,2,18,3,0,1,0,1,0,1,GRAVE_LESIONADOS,1
6,1,5,0,4,1,-6.20031804947668,-78.79973152809379,2,4,0,0,4,2,2,0,7235.765340161512,2.0,2,1,1.0,11,25,1730.7855256045673,0.41828453707167007,70.82093548145983,49.357141807982515,5.663978850663856,699.827722029401,12577.101266730439,15935.565011852366,1733.9250000199986,935.692,13265.948011832368,2000.1670000199988,13935.398011832369,12.551591352627522,5,1,0,0,4,40.301759084443134,40.301759084443134,40.301759084443134,1.0,0.0,0.0,0.0,1,0,0.0,0.5698240915556868,0.0,0.4301759084443132,0.0,0.4301759084443132,0.5698240915556868,0.0,0.0,0.0,11,1,2022,3,23,4,0,0,2,1,0,1,GRAVE_LESIONADOS,1
6,1,12,0,4,0,-7.706992511939797,-77.63196141466243,0,4,0,1,1,2,2,1,6543.555,2.0,4,4,1.0,14,33,1198.0,0.4686292122960986,72.39347765706144,42.14285241633188,6.687776775372348,878.2652317159998,9440.374732334049,8931.828000000005,1335.5899999999997,1935.9830000000004,5660.255000000005,1219.309,7712.519000000005,13.651281686122925,4,1,0,0,3,27.74994780153618,27.74994780153618,27.74994780153618,1.0,0.0,0.0,0.0,1,0,0.0,1.0,0.0,0.0,0.0,0.0,1.0,0.0,0.0,0.0,15,2,2021,6,1,1,0,0,0,1,0,1,GRAVE_LESIONADOS,1
5,1,18,0,4,1,-16.773860664572727,-72.16210758265568,0,4,0,0,2,2,2,1,6639.975,2.0,2,0,1.0,9,31,1616.0,0.586025131068206,75.59885970996608,76.12056468452656,9.053127232963345,983.2935051723233,2386.223733475893,2973.3981140091337,651.0252115131432,564.9874752816792,1757.3854272143112,1079.012103031431,1894.3860109777024,37.099102286208726,10,1,0,0,8,35.187132753472035,29.948054151552043,40.42621135539203,1.0,0.0,0.0,0.698543813589332,1,0,0.0,0.0,1.0,0.698543813589332,0.0,0.698543813589332,1.0,0.0,0.0,0.0,16,1,2023,5,15,4,0,0,0,1,0,1,GRAVE_LESIONADOS,1
5,1,10,0,4,1,-15.258202887805913,-75.08225147087094,0,4,6,0,2,1,1,0,806.043076741719,2.0,2,0,1.0,4,27,184.4935810883078,0.5563774842369664,77.00938809632027,69.10246351364754,8.476961866273152,914.8835608305218,27932.19700214133,3721.461,698.1859999999996,744.866,2278.409,1102.9029999999996,2618.558,29.636290693359403,5,1,0,0,4,65.15615127689944,63.31230255379886,67.0,1.0,0.09455634477438823,0.0,0.09455634477438823,1,0,0.0,0.09455634477438823,0.0,1.0,0.0,1.0,0.09455634477438823,0.0,0.0,0.0,20,1,2023,5,17,5,1,1,0,1,0,1,GRAVE_LESIONADOS,1
3,1,19,1,4,1,-5.9481933924627315,-77.89751500221743,0,0,7,1,2,2,2,0,6199.153722385236,2.0,2,0,1.0,7,20,1657.0180000321382,0.47688188227064227,73.79391922396213,55.23140484797599,6.304648473240669,821.9717245043462,46775.27885818573,5117.099207147328,742.5880488637775,898.7160915070336,3475.7950667765167,938.4929568162255,4178.606250331102,18.526441334359536,5,2,0,0,3,24.345653299435288,20.17453705569074,28.516769543179837,1.0,0.7583847715899178,0.0,0.0,2,0,0.2416152284100822,0.0,0.7583847715899178,0.7583847715899178,1.0,0.0,0.0,1.0,0.7583847715899178,1.0,7,0,2024,9,15,4,0,0,0,1,0,1,GRAVE_LESIONADOS,1
3,2,16,1,2,2,-13.695707331861593,-71.98388683829508,2,3,2,1,3,2,2,1,6238.236601017371,2.0,3,2,0.6060138319360813,12,32,869.8095220027557,0.4941625551380388,75.58377787358043,69.03807968737755,8.040836477667188,682.767030450524,63897.77757138124,13099.49146519891,1944.2215777526596,1862.1945382510885,9293.075349195162,2634.2225632270192,10465.26890197189,19.8245724939762,7,2,0,0,4,41.33230430259378,37.30223514291338,47.18041495808244,1.0,0.0,0.6060138319360813,0.6060138319360813,2,0,0.0,0.0,1.0,1.0,0.6060138319360813,1.0,0.39398616806391873,0.0,1.0,0.6060138319360813,11,1,2022,2,12,3,0,0,2,1,0,1,GRAVE_LESIONADOS,1
3,1,18,1,2,2,-13.093694505594934,-74.37492135072047,0,2,7,1,2,0,1,1,4292.690783185662,2.0,3,2,1.0,8,27,753.2734456004315,0.5630700554291432,76.98173443472274,68.0665999165696,8.93761930598441,925.4215812050652,18111.708285807257,2998.240313979927,580.9963993423298,574.315568728674,1842.928345908923,911.7169637968896,2086.523350183037,31.730359095445216,4,2,0,0,2,36.41406260174455,31.85156253913252,40.97656266435658,1.0,0.0,0.0,0.5703125078265039,2,0,0.4296874921734961,0.0,0.4296874921734961,0.5703125078265039,0.4296874921734961,0.5703125078265039,0.0,0.4296874921734961,1.0,0.4296874921734961,10,1,2022,7,16,1,0,1,0,1,0,1,GRAVE_LESIONADOS,1
3,1,12,0,4,1,-7.966904672744657,-78.6383915326479,0,4,0,0,2,2,2,2,610.6099999999999,2.0,2,0,1.0,8,29,100.0,0.3809823047796905,74.4473973089921,51.51705644975158,5.622573590650768,479.1502137748447,26695.141327623125,8931.828000000005,1335.5899999999997,1935.9830000000004,5660.255000000005,1219.309,7712.519000000005,13.651281686122925,6,1,0,0,4,34.848247637448154,25.85722495371853,43.83927032117778,1.0,0.0,0.0,0.0,1,0,0.0,0.9464234403925921,0.0,1.0,0.0,0.9464234403925921,1.0,0.053576559607407925,1.0,0.053576559607407925,15,2,2021,10,14,4,0,0,0,1,0,1,GRAVE_LESIONADOS,1
3,2,14,0,4,1,-11.184008986161915,-77.4971358619416,1,4,0,0,2,2,2,2,6543.555,2.1404990097955174,3,3,1.0,12,32,1236.9182257133582,0.7327345537337897,78.20903814342847,76.31492653513806,13.642917835589472,1405.6698219039215,62016.21841541756,7626.313,1683.4029999999998,1599.0829999999996,4343.827000000001,1814.875,5811.438000000001,23.797541485643197,8,2,0,0,6,45.79750495102241,35.73550891184034,55.85950099020448,1.0,0.0,0.0,1.0,2,0,0.0,0.0,0.8595009902044827,0.14049900979551733,0.0,0.14049900979551733,1.0,0.0,0.0,0.0,9,1,2023,8,13,1,0,0,0,1,0,1,GRAVE_LESIONADOS,1
4,1,17,0,3,2,-7.723031361200169,-79.31605986994546,4,2,7,1,2,2,2,1,6543.555,2.6225493962131137,2,1,1.0,5,31,1370.4461827510324,0.6320526929260393,79.02527103161654,73.79911927684624,9.375576955347507,1152.5906949967555,196444.79615592395,8460.238460394896,1745.0409932070165,1000.1363190455138,5715.061148142366,2063.664415245999,6396.574045148897,24.35895708266378,6,1,0,0,4,30.642154226508204,28.754901207573774,32.529407245442634,1.0,0.0,0.0,0.6225493962131138,1,0,0.0,0.0,0.3774506037868862,0.6225493962131138,0.0,0.6225493962131138,0.3774506037868862,0.6225493962131138,0.6225493962131138,0.0,10,1,2022,8,11,4,0,0,0,1,0,1,GRAVE_LESIONADOS,1
3,2,1,1,4,1,-10.803439562043721,-76.39758468434549,3,4,7,1,2,1,1,0,6543.555,2.0,4,4,1.0,14,33,1198.0,0.48899538953398625,77.22187230672726,67.92572218282513,6.9072555440481,724.2179205373019,15531.75464792954,10675.08824878643,1804.0476553556266,1332.2479052779527,7538.792688152852,2263.7449109946924,8411.343337791739,21.263965826841435,5,2,0,0,3,44.012227804987944,36.05134701228212,51.97310859769376,1.0,0.0,0.0,0.2078238414588358,2,0,0.0,1.0,0.0,1.0,0.0,1.0,1.0,0.0,0.0,0.0,14,2,2022,5,10,3,0,0,0,1,0,1,GRAVE_LESIONADOS,1
6,1,7,0,4,1,-13.103660027395582,-72.3564490068592,1,4,0,0,2,1,1,2,3447.8009999999995,1.0,2,3,0.0,9,12,1109.0,0.4706944943299555,76.79406176595778,61.64424635983724,7.141255198110581,653.4175319142125,3282.6252676659524,17779.13499998999,2097.3709999899997,2863.123,12818.640999999989,2878.713,14900.421999989989,16.19152450331032,5,1,0,0,4,35.0,35.0,35.0,1.0,0.4959299202515757,0.0,0.5040700797484243,1,0,0.0,0.0,0.0,0.0,0.0,1.0,0.0,0.0,0.0,0.0,14,3,2023,3,29,2,0,1,2,1,0,1,GRAVE_LESIONADOS,1
4,1,5,0,4,1,-11.942224396094886,-74.74291562826353,0,4,3,1,2,1,0,2,8656.44423626203,2.0,2,0,1.0,9,17,2395.871402370636,0.5048990121849467,77.87155156676612,70.23241512233653,7.575320604329274,730.8092574779674,27464.921869569233,8290.74239307941,1305.6743222069779,1067.7525189331966,5917.315551939236,1263.0039697122224,7027.738423367187,15.214945266734889,7,1,0,0,6,26.46772122132395,26.46772122132395,26.46772122132395,1.0,0.5448816860293935,0.0,0.0,1,0,0.0,0.45511831397060654,0.0,0.0,0.5448816860293935,0.45511831397060654,0.45511831397060654,0.45511831397060654,1.0,0.45511831397060654,9,0,2021,9,12,2,0,0,2,1,0,1,GRAVE_LESIONADOS,1
6,1,2,0,4,1,-14.108262748900174,-73.70915875508702,0,4,1,0,3,0,1,0,6612.639236714076,2.0,2,1,1.0,10,31,1497.4939944667474,0.4758178337412326,76.86718466414959,51.59214306720419,6.914604180697414,828.063647732039,1304.0828791128579,10448.53929837411,1605.7547574617497,1600.3256075977902,7242.458933314571,2663.686904635093,7784.852393739017,25.566630485681735,32,1,0,0,31,37.448435287561544,37.448435287561544,37.448435287561544,1.0,0.0,0.0,0.0,1,0,0.0,0.0,1.0,0.0,0.0,0.2835071902709394,0.7164928097290606,0.0,0.2835071902709394,0.0,5,0,2024,1,8,4,0,0,0,1,0,1,GRAVE_LESIONADOS,1
3,1,4,0,4,0,-13.337947657408602,-74.0960380555374,1,4,0,0,2,2,2,2,7533.092489183906,2.0,2,0,1.0,9,6,1198.0,0.3184225367873998,69.08215212697519,46.51893617073999,5.1125701718859204,372.3004704085553,6969.712948096682,12678.733000000004,1805.074000000001,1774.0339999999994,9099.625000000004,2485.375000000001,10193.358000000002,19.602707936195205,16,1,0,0,14,47.339565999683586,41.174802488663886,53.50432951070329,1.0,0.0,0.0,0.9484251555414929,1,0,0.0,0.9484251555414929,0.9484251555414929,0.05157484445850713,0.0,0.0,1.0,0.05157484445850713,0.05157484445850713,0.05157484445850713,17,1,2024,1,11,4,0,0,2,1,0,1,GRAVE_LESIONADOS,1
5,1,14,0,4,1,-10.8712651128367,-76.97066115302577,0,4,5,0,2,1,0,2,1422.177,2.0,2,0,0.0,9,19,698.0,0.31345374272270377,78.26940266788182,69.11541669605023,3.8480999917593866,366.6770469318488,1559.4609725738674,7626.313,1683.4029999999998,1599.0829999999996,4343.827000000001,1814.875,5811.438000000001,23.797541485643197,4,1,0,0,3,48.31507178632885,45.63696160253363,50.99318197012407,1.0,0.0,0.0,0.15753589316442485,1,0,0.0,0.0,0.15753589316442485,0.8424641068355752,0.0,0.8424641068355752,0.15753589316442485,0.0,0.0,0.0,14,3,2021,8,13,4,0,0,0,1,0,1,GRAVE_LESIONADOS,1
5,1,12,0,4,2,-9.188676332121986,-78.45553921203506,0,4,5,0,2,2,2,2,6543.555,2.0,4,4,1.0,14,33,1198.0,0.5683259596620552,77.43163113559282,58.40421593420811,8.638611049798604,1041.037752107604,66058.7644200969,8569.382449817236,1432.1521031897132,1842.45063472149,5294.779711906033,1384.6538995531646,7184.728550264072,16.468152204910083,6,1,0,0,5,33.136090108793226,30.498638431304812,35.77354178628164,1.0,0.7223735076327985,0.0,0.2776264923672015,1,0,0.0,0.0,0.2776264923672015,0.7223735076327985,0.0,0.7223735076327985,0.2776264923672015,0.0,0.7223735076327985,0.0,6,1,2023,7,25,4,0,0,0,1,0,1,GRAVE_LESIONADOS,1
5,1,1,0,4,0,-10.156787139885777,-76.88511160881067,0,4,0,0,4,1,0,1,6543.555,2.0,4,4,1.0,14,33,1198.0,0.34775148903467035,76.27365029260812,47.7198454662901,5.1481370831434585,400.52288412856853,8304.209835034215,10732.911403754042,1854.6588850392195,1263.825171487354,7614.427347227471,2161.6658334521308,8571.245570301915,20.1657764735516,5,1,0,0,3,56.4262024084895,56.4262024084895,56.4262024084895,1.0,0.0,0.0,0.0,1,0,0.0,0.07799386640940908,0.0,0.0,0.0,0.0,1.0,0.0,1.0,0.0,4,0,2022,1,7,0,0,0,0,1,0,1,GRAVE_LESIONADOS,1