CLASE SINIESTRO,CANTIDAD DE VEHICULOS DAÑADOS,DEPARTAMENTO,ZONA,TIPO DE VÍA,RED VIAL,COORDENADAS LATITUD,COORDENADAS  LONGITUD,CONDICIÓN CLIMÁTICA,ZONIFICACIÓN,CARACTERÍSTICAS DE VÍA,PERFIL LONGITUDINAL VÍA,SUPERFICIE DE CALZADA,¿EXISTE SEÑAL VERTICAL?,¿EXISTE SEÑAL HORIZONTAL?,CAUSA FACTOR PRINCIPAL,MTC_RVN_LONGITUD_KM,MTC_RVN_N_CARRILES_MEDIANA,MTC_RVN_SUPERFICIE_DOMINANTE,MTC_RVN_ESTADO_DOMINANTE,MTC_RVN_ES_CONCESIONADA,MTC_RVN_CONCESION_PRINCIPAL,MTC_RVN_CORREDOR_LOGISTICO,MTC_RVN_N_TRAMOS,IDH_2019,IDH_ESP_VIDA_2019,IDH_EDUC_SECUND_PCT_2019,IDH_ANIOS_EDUC_2019,IDH_INGRESO_PERCAP_2019,IDH_POBLACION_2019,MTC_DEP_RED_TOTAL_KM,MTC_DEP_NACIONAL_TOTAL_KM,MTC_DEP_DEPARTAMENTAL_TOTAL_KM,MTC_DEP_VECINAL_TOTAL_KM,MTC_DEP_PAV_TOTAL_KM,MTC_DEP_NO_PAV_TOTAL_KM,MTC_DEP_PCT_PAVIMENTADA,PER_TOTAL_PERSONAS,PER_N_CONDUCTORES,PER_N_CONDUCTORES_FUGADOS,PER_N_PEATONES,PER_N_PASAJEROS_OCUPANTES,PER_EDAD_COND_PROM,PER_EDAD_COND_MIN,PER_EDAD_COND_MAX,PER_ANY_COND_MASCULINO,PER_ANY_LIC_PROBLEMA,PER_ANY_DOSAJE_POS,PER_ANY_DOSAJE_EVALUADO,VEH_TOTAL,VEH_N_FUGADOS,VEH_ANY_FUGADO,VEH_ANY_CARGA,VEH_ANY_PUBLICO,VEH_ANY_PARTICULAR,VEH_ANY_MOTO,VEH_ANY_AUTO,VEH_ANY_CAMION_BUS,VEH_ANY_SOAT_PROBLEMA,VEH_ANY_CITV_PROBLEMA,VEH_ANY_SEGURO_PROBLEMA,HORA_NUM,FRANJA_HORARIA,ANIO,MES,DIA_MES,DIA_SEMANA,ES_FIN_SEMANA,ES_QUINCENA,REGION_NATURAL,TIENE_SEÑALIZACION,ES_VIA_MULTICARRIL,ES_DEPTO_BAJO_PAVIMENTO,CATEGORIA_SEVERIDAD,CATEGORIA_SEVERIDAD_ENC
6,1,8,0,4,1,-13.436719337560106,-74.98727847751881,3,4,0,0,2,1,1,0,1679.5849999999998,2.0,2,3,1.0,9,24,315.0,0.3237869004861365,72.93526474518256,47.11478373663086,5.411979485465055,356.21705525621076,3193.5346115750544,8511.426,1445.3929999999996,2008.516,5057.516999999999,1879.579,6631.846999999998,22.08300935706896,6,1,0,0,5,48.62030974898275,48.62030974898275,48.62030974898275,1.0,0.0,0.0,0.0,1,0,0.0,0.0,0.0,1.0,0.0,1.0,0.0,0.0,0.0,0.0,7,1,2022,3,7,5,1,0,2,1,0,1,GRAVE_LESIONADOS,1
6,1,14,2,2,2,-11.99116810516513,-76.93602587997898,0,0,0,1,2,2,2,1,3750.5270014922057,2.0,3,2,1.0,8,23,684.5218376087162,0.6940564853816945,79.62619003971321,74.7051216965219,9.64290094028484,1445.3545195215117,920962.7449112149,7626.313,1683.4029999999998,1599.0829999999996,4343.827000000001,1814.875,5811.438000000001,23.797541485643197,8,1,0,0,6,46.89893884210938,46.406157496244425,47.391720187974336,1.0,0.0,0.0,0.0,1,0,0.0,0.0,0.5072186541350443,0.4927813458649557,0.0,0.4927813458649557,0.5072186541350443,0.5072186541350443,0.5072186541350443,0.5072186541350443,7,1,2023,9,22,3,0,1,0,1,0,1,GRAVE_LESIONADOS,1
6,1,8,0,4,1,-11.9302501833261,-75.43505978624286,0,4,7,1,2,2,2,0,7419.223048548284,2.160713349190986,2,0,1.0,7,9,1242.517597725903,0.496042559855471,76.41251386082502,71.5895279613731,7.888239889843596,677.6338675211138,10043.242198220256,8578.990213426589,1427.746192118782,1996.8589786431303,5154.385042664676,1773.464796929668,6805.52541649692,20.72791816360491,4,1,0,0,3,26.053553634628727,26.053553634628727,26.053553634628727,1.0,0.0,0.0,0.0,1,0,0.0,0.0,0.0,1.0,0.0,1.0,0.0,0.0,0.0,0.0,5,0,2022,9,8,0,0,0,1,1,0,1,GRAVE_LESIONADOS,1
9,1,3,2,4,2,-13.205802376369714,-74.52672358269288,0,4,0,0,2,1,0,1,6543.555,2.0,4,4,1.0,14,33,1198.0,0.19153774425639736,69.99293724128658,40.327277885047366,3.2250678111818765,153.48542648063528,15622.55091756494,12637.196453369228,1806.8125238377418,1762.0514674948245,9068.332462036662,2477.006507953681,10160.189945415546,19.600607160580076,6,1,0,0,4,33.34775258352842,33.152141755293684,33.54336341176315,0.021734536470525923,0.9782654635294741,0.0,0.0,1,0,0.0,0.021734536470525923,0.0,1.0,0.0,1.0,0.021734536470525923,0.0,0.0,0.0,11,1,2022,4,13,3,0,0,1,1,0,1,GRAVE_LESIONADOS,1
3,1,19,0,4,2,-5.45507844618293,-80.72259955034231,5,4,6,1,5,2,2,0,6543.555,2.1585202340274092,3,3,1.0,11,32,1241.9101048255925,0.47151619854123766,75.72976693437555,61.68140597811795,6.840245576727803,690.0824697632241,44193.53724586803,8965.846000060003,1782.4120000599992,636.9959999999999,6546.438000000004,2214.505000059999,6751.341000000004,24.699342371541725,5,1,0,0,4,39.06076304235632,39.06076304235632,39.06076304235632,1.0,0.8414797659725906,0.0,0.15852023402740945,1,0,0.0,1.0,0.0,0.0,0.8414797659725906,0.0,0.15852023402740945,0.8414797659725906,1.0,0.8414797659725906,18,1,2022,6,11,5,0,0,0,1,0,1,GRAVE_LESIONADOS,1
6,1,13,0,4,2,-9.099464587463164,-77.2366411430895,2,4,3,0,3,2,2,1,6543.555,2.0,4,4,1.0,14,33,1198.0,0.40132135376293654,76.60155551817236,38.41826035214679,6.715149290077704,688.2163187371195,13870.049334436055,8262.709571215753,1513.8553497437686,1763.310913767813,4985.543307704171,1524.555731104063,6738.15384011169,18.851566183115914,7,1,0,0,6,26.58772515175218,26.58772515175218,26.58772515175218,1.0,0.0,0.0,0.512532164536026,1,0,0.0,0.512532164536026,0.0,0.487467835463974,0.0,0.0,1.0,0.0,0.0,0.0,16,2,2023,9,21,1,0,1,0,1,0,1,GRAVE_LESIONADOS,1
4,1,7,0,4,1,-14.39652114022573,-73.77156864139931,0,4,7,1,2,1,1,0,1028.8428464487415,2.0,2,0,0.6358789431584946,7,16,173.27348342748,0.6164640582189778,78.36092082002627,74.72432283576997,8.967461100998017,1099.4993040879074,34321.70780600451,9340.616559718632,1563.7515669026955,1694.881978060486,6081.983014755451,2496.3591809618215,6844.257378756811,26.447365866825187,7,1,0,0,5,50.37478430735462,39.56484227366022,61.184726341049036,1.0,0.0,0.0,0.3641210568415054,1,0,0.0,0.6358789431584946,0.0,0.3641210568415054,0.0,0.3641210568415054,0.6358789431584946,0.0,0.0,0.0,15,3,2021,10,14,2,0,0,0,1,0,1,GRAVE_LESIONADOS,1
6,1,4,0,4,1,-13.143947860809977,-74.52771922961246,0,3,5,0,2,1,0,3,2317.2276994021204,1.6393864214540979,2,3,0.639386421454098,9,19,601.3271813654462,0.21664051858873692,77.89401105678714,40.325295747684635,3.307896937810356,198.9854151251642,3737.7996540172408,12678.733000000004,1805.074000000001,1774.0339999999994,9099.625000000004,2485.375000000001,10193.358000000002,19.602707936195205,5,1,0,0,4,43.966749364004926,43.966749364004926,43.966749364004926,1.0,0.0,0.0,0.36061357854590204,1,0,0.0,0.0,0.0,0.0,0.0,0.639386421454098,0.36061357854590204,0.0,0.36061357854590204,0.0,10,1,2022,7,29,1,0,1,2,1,0,1,GRAVE_LESIONADOS,1
3,1,14,1,2,3,-11.973859901794889,-77.11945339145198,0,0,0,0,2,2,2,0,6543.555,2.0,4,4,1.0,14,33,1198.0,0.8208708374538474,80.17126098554418,79.21928549938627,13.082333266412709,1911.3490844234316,58412.639195019496,7626.313,1683.4029999999998,1599.0829999999996,4343.827000000001,1814.875,5811.438000000001,23.797541485643197,31,2,0,0,27,45.193554613334136,31.774218453336548,55.12903640888943,1.0,0.0,0.0,0.12903640888942491,2,0,0.0,0.0,1.0,0.8709635911105751,0.8709635911105751,0.0,1.0,0.0,0.8709635911105751,0.8709635911105751,12,2,2023,7,24,3,0,0,0,1,0,1,GRAVE_LESIONADOS,1
6,1,5,0,4,2,-6.632214039041314,-78.60463692538085,0,4,3,0,1,2,2,0,6543.555,2.0,4,4,1.0,14,33,1198.0,0.29226561120738703,74.63335793666926,34.10361812025294,4.1257622140735855,353.93938505774236,9653.084626673539,15935.565011852366,1733.9250000199986,935.692,13265.948011832368,2000.1670000199988,13935.398011832369,12.551591352627522,8,1,0,0,7,49.012214996296734,49.012214996296734,49.012214996296734,1.0,0.5696835719576091,0.0,0.4303164280423909,1,0,0.0,1.0,0.0,0.0,0.0,0.0,1.0,0.5696835719576091,0.5696835719576091,0.5696835719576091,17,2,2022,4,21,5,0,0,2,1,0,1,GRAVE_LESIONADOS,1
3,1,3,0,4,1,-15.790591133889578,-71.28735863743017,2,4,1,1,2,0,1,0,896.8609980651456,1.0,0,2,0.0,9,24,226.45427396348558,0.455302128622542,81.53624423013223,56.90385013852717,5.789049916211502,655.0989328238468,1362.765348033444,10322.272,1495.236,1749.739,7077.2970000000005,2886.595,7435.677000000001,27.964725207783708,19,1,0,0,18,30.527654704735706,30.527654704735706,30.527654704735706,1.0,0.0,0.0,0.7252949671928564,1,0,0.0,0.0,0.7252949671928564,0.27470503280714365,0.0,0.27470503280714365,0.7252949671928564,0.0,0.0,0.0,13,3,2024,3,8,1,0,0,0,1,0,1,GRAVE_LESIONADOS,1
3,1,1,0,4,1,-9.660495207723745,-77.48627891031279,0,4,0,0,2,1,1,2,9936.932,2.0,2,0,1.0,9,32,3830.0,0.338272304444096,74.11558313818743,54.557230884138576,5.923550015668393,334.9694977728611,2096.144643636703,10767.648,1885.0630000000003,1222.721,7659.864000000001,2100.343,8667.305000000002,19.506051832303577,9,1,0,0,7,48.08665778044129,29.88775152467169,66.2855640362109,1.0,0.887751524671688,0.0,0.11224847532831195,1,0,0.0,0.0,1.0,0.887751524671688,0.887751524671688,0.0,1.0,0.0,0.887751524671688,0.887751524671688,8,0,2022,2,27,0,0,0,0,1,0,1,GRAVE_LESIONADOS,1
3,1,20,0,4,1,-15.725856887717272,-70.0649549087074,0,4,0,1,2,2,2,1,7544.557978415691,2.0,2,0,1.0,9,6,1198.0,0.32088086020299234,69.5811152009387,70.46316391302597,6.370677073505794,265.27876850466436,4851.85043030713,13642.312999999998,2020.7790000000005,2354.117,9267.416999999998,3314.0520000000006,10328.260999999997,24.29244952817019,4,1,0,0,2,34.04058571213469,26.365271409212255,41.71590001505714,1.0,1.0,0.0,0.040585712134695084,1,0,0.0,0.0,0.0,1.0,0.0,0.9594142878653049,1.0,0.0,0.0,0.0,21,2,2022,1,1,5,0,0,2,1,0,1,GRAVE_LESIONADOS,1
3,1,13,0,4,1,-11.243836658511103,-77.25219579005646,0,4,7,1,2,2,2,1,860.4878231843801,-0.8274549880129185,0,0,0.9137274940064593,9,16,171.87033575518615,0.5666033660121726,79.09044258260126,61.505296174652074,6.738165818085508,1172.1826232729375,20770.73601762973,7738.9430506621575,1653.3963008728683,1628.1482072692236,4457.398542520066,1763.4940286954509,5975.449021966708,22.92219822627706,4,1,0,0,3,54.594138687067826,47.741182482019376,61.44709489211627,1.0,0.0,0.0,0.9137274940064593,1,0,0.0,0.0,0.0,1.0,0.0,1.0,0.0,0.0,0.08627250599354075,0.0,7,1,2021,12,4,6,1,0,0,1,0,1,GRAVE_LESIONADOS,1
5,1,10,0,4,1,-9.301928768448207,-77.12695882383889,0,4,7,1,2,1,1,1,9386.320856061286,2.0,2,0,1.0,9,31,3460.249022756343,0.43360849164822735,73.57190229802124,60.51787266634033,6.134822781700308,629.2188307919671,70415.07091540423,9164.040298013817,1362.2518177565676,1904.8791603406653,5896.909319916584,1497.7555347085222,7666.284763305293,16.04171065173086,5,1,0,1,2,33.498982415659,33.164970692765,33.832994138553,1.0,0.0,0.0,0.16700586144699958,1,0,0.0,0.8329941385530004,0.0,0.16700586144699958,0.0,0.16700586144699958,1.0,0.0,1.0,0.0,16,3,2021,5,27,1,0,1,0,1,0,1,GRAVE_LESIONADOS,1
5,1,14,0,4,1,-11.287982710006172,-77.4746991292912,0,4,4,0,2,2,2,2,6543.555,2.7024292835591845,2,1,1.0,4,30,1392.5729115458942,0.7327345537337897,78.20903814342847,76.31492653513806,13.642917835589472,1405.6698219039215,62016.21841541756,7626.313,1683.4029999999998,1599.0829999999996,4343.827000000001,1814.875,5811.438000000001,23.797541485643197,7,1,0,0,6,39.124492522628564,36.297570716440816,41.95141432881631,0.29757071644081545,0.0,0.0,1.0,1,0,0.0,0.0,0.29757071644081545,0.7024292835591845,0.0,0.7024292835591845,0.29757071644081545,0.0,0.0,0.0,8,1,2023,9,17,3,0,0,0,1,0,1,GRAVE_LESIONADOS,1
3,2,3,0,4,1,-16.02466141586885,-71.29216649584832,1,4,1,1,2,1,1,1,1504.4250000000002,2.0,2,0,1.0,7,25,241.0,0.4685280505645348,81.83746865987648,70.74305753660312,6.037751599761188,617.4715908037651,1751.8736616702354,10322.272,1495.236,1749.739,7077.2970000000005,2886.595,7435.677000000001,27.964725207783708,4,2,0,0,2,36.474965417260265,32.632128035968684,40.31780279855185,1.0,0.21070934532289531,0.0,0.21070934532289531,2,0,0.0,0.0,0.0,1.0,0.0,1.0,0.7892906546771047,0.0,0.21070934532289531,0.0,13,2,2021,5,10,4,0,0,0,1,0,1,GRAVE_LESIONADOS,1
3,2,19,0,4,0,-5.247419482484602,-80.21769309804199,0,3,7,0,2,2,2,0,1468.6883341394869,2.0,2,0,1.0,1,20,195.30603495060373,0.462603744386893,80.51762443664842,51.163626184037156,5.770863942370043,735.1550049261177,125062.89911092783,8769.92762738499,1739.0340470519639,658.0506701366572,6372.842910196369,2153.5478195776636,6616.379807807327,24.232031799400197,6,2,0,0,4,38.48439321983063,19.24970848270998,57.719077956951274,1.0,0.0,0.0,0.9687864396612524,2,0,0.0,0.0,0.03121356033874756,1.0,1.0,0.9687864396612524,0.0,0.03121356033874756,0.03121356033874756,0.03121356033874756,6,1,2021,8,21,5,0,0,0,1,0,1,GRAVE_LESIONADOS,1
6,1,14,2,5,4,-12.149593199418513,-76.94616126167332,0,0,7,0,6,2,2,0,6543.555,2.0,4,4,1.0,14,33,1198.0,0.6908749710619777,79.88711648940883,74.03014824170246,9.795554035521612,1411.4494987942462,455222.9816564878,7626.313,1683.4029999999998,1599.0829999999996,4343.827000000001,1814.875,5811.438000000001,23.797541485643197,5,1,0,0,4,46.304176556161266,46.304176556161266,46.304176556161266,1.0,0.0,0.0,0.0,1,0,0.0,0.0,0.9668655502933936,0.033134449706606395,0.9668655502933936,0.0,0.033134449706606395,0.9668655502933936,0.9668655502933936,0.0,5,0,2023,11,19,0,0,1,0,1,0,1,GRAVE_LESIONADOS,1
3,1,18,0,4,1,-5.202220735038578,-80.16182773949528,0,4,7,1,2,2,2,1,6543.555,3.0,2,0,1.0,0,30,1475.0,0.5647248230579537,78.0464581039654,70.2632825208489,8.452770314991666,917.9564320550902,9705.108821245098,2169.222699638888,316.7526637599963,477.90149817865915,1374.5685377002324,478.82386859373776,1690.3988310451502,24.0779850100527,6,2,0,0,4,51.811183447268476,49.20745563151232,54.414911263024635,1.0,0.5265949425897893,0.0,0.5265949425897893,2,0,0.0,0.47340505741021066,1.0,0.5265949425897893,0.5265949425897893,0.5265949425897893,0.47340505741021066,0.5265949425897893,0.5265949425897893,0.5265949425897893,13,1,2024,3,10,5,0,0,0,1,1,1,GRAVE_LESIONADOS,1
2,1,3,0,4,1,-15.785082658199045,-72.07075691704175,0,4,0,0,3,0,1,0,6543.555,2.0,4,4,1.0,14,33,1198.0,0.5508197945330112,79.0388555414864,63.21813659647687,8.595416715890416,877.3701639140113,7791.898594282381,10322.272,1495.236,1749.739,7077.2970000000005,2886.595,7435.677000000001,27.964725207783708,5,1,0,0,3,29.483594869672775,28.090156921803665,30.87703281754188,1.0,0.0,0.0,0.0,1,0,0.0,0.30328102606544527,0.0,0.6967189739345547,0.0,0.6967189739345547,1.0,0.0,0.30328102606544527,0.0,12,2,2021,8,22,3,0,1,0,1,0,1,GRAVE_LESIONADOS,1
3,2,3,0,4,1,-16.634829104253704,-71.8213573080934,0,3,7,1,2,0,1,0,584.0509627657746,1.637416787405323,3,0,0.6374167874053229,7,27,79.615976818178,0.6600943451669808,76.35482672192148,77.61371117561976,10.702844969667794,1222.8758235641608,21960.875068155958,10322.272,1495.236,1749.739,7077.2970000000005,2886.595,7435.677000000001,27.964725207783708,8,2,0,0,6,57.64900144886388,44.21025325994372,71.08774963778403,1.0,0.0,0.0,0.0,2,0,0.0,0.0,0.3625832125946771,0.6374167874053229,0.0,0.6374167874053229,1.0,0.0,0.0,0.3625832125946771,17,2,2023,3,28,3,0,1,0,1,0,1,GRAVE_LESIONADOS,1
5,1,2,0,3,1,-9.936827789021162,-77.04198873452584,0,3,6,0,2,1,0,2,9711.593600890279,2.0,2,0,1.0,9,32,3655.221109691971,0.5977329199239959,74.2919231914845,74.38982973247201,10.164033545583134,1005.3276140212236,64361.11748006385,10958.54114540552,1894.0752689502451,1297.851751283793,7766.614125171484,2180.9397751431866,8777.601370262335,19.823894263100108,4,1,0,0,3,36.929674948446966,36.53124282768398,37.52732312959144,1.0,0.0,0.06640535346049736,0.06640535346049736,1,0,0.0,0.0,0.06640535346049736,1.0,0.06640535346049736,1.0,0.0,0.0,0.06640535346049736,0.06640535346049736,1,0,2022,10,9,2,0,0,0,1,0,1,GRAVE_LESIONADOS,1
3,2,5,0,4,1,-7.222902292691359,-79.20632973450745,0,4,0,1,1,0,0,2,887.28,2.0,2,0,1.0,8,17,155.0,0.5563774842369664,73.07406660240972,65.2611721745993,7.77984257932775,1045.7361851012442,7379.728051391864,15935.565011852366,1733.9250000199986,935.692,13265.948011832368,2000.1670000199988,13935.398011832369,12.551591352627522,6,2,0,0,4,33.484024271063056,27.936097084252236,39.03195145787388,1.0,0.0,0.010650485957960809,0.010650485957960809,2,0,0.0,0.9893495140420392,0.0,1.0,0.0,1.0,0.9893495140420392,0.0,0.0,0.0,10,1,2021,3,21,5,0,1,2,0,0,1,GRAVE_LESIONADOS,1
3,3,9,1,4,1,-9.785710403164646,-76.3765178338173,0,1,6,0,2,1,1,2,9936.932,2.0,2,0,1.0,9,32,3830.0,0.6055123556869669,73.50216495976385,80.74786653925571,9.604028086349244,1064.4153372471023,39124.22971560661,8238.792711881006,1351.1174901066381,785.8874950486006,6101.787726725766,1105.2272873028237,7133.565424578182,13.37404237805535,7,3,0,0,4,32.62867112241108,24.94300668361662,50.882124164547925,1.0,0.9607080548493075,0.0,1.0,3,0,0.0,0.0,0.9607080548493075,1.0,0.9607080548493075,0.9607080548493075,0.03929194515069245,0.9607080548493075,1.0,0.9607080548493075,20,2,2022,1,26,2,0,1,1,1,0,1,GRAVE_LESIONADOS,1
4,1,7,0,4,1,-14.0898926687647,-71.38329284715147,1,2,2,0,1,1,1,2,6903.606962877928,2.0,3,2,1.0,12,23,1198.0,0.4163438306103941,72.4424515051175,67.39824852737397,6.7938986136794846,535.0705305201336,9508.847742298845,17779.13499998999,2097.3709999899997,2863.123,12818.640999999989,2878.713,14900.421999989989,16.19152450331032,13,1,0,0,12,52.67864561063615,51.47082054165365,53.88647067961864,1.0,0.34509287685214096,0.0,1.0,1,0,0.0,0.0,0.34509287685214096,1.0,0.0,0.34509287685214096,1.0,0.654907123147859,0.0,0.0,6,0,2021,3,17,4,0,0,2,1,0,1,GRAVE_LESIONADOS,1
4,1,8,0,4,1,-12.73711954972476,-74.85904767613007,0,4,2,1,2,1,1,0,870.5750592008435,0.11452814458708338,1,0,0.0,9,32,146.06839819266145,0.22430828010208295,63.95900045231339,53.72245729126272,4.499289807407449,177.38073258179355,27928.84554669799,8511.426,1445.3929999999996,2008.516,5057.516999999999,1879.579,6631.846999999998,22.08300935706896,6,1,0,0,4,50.671792216880625,46.24443293981604,55.09915149394521,1.0,0.4427359277064583,0.0,0.0,1,0,0.0,0.0,0.0,1.0,0.0,1.0,0.0,0.0,0.0,0.0,11,2,2022,6,16,0,0,0,2,1,0,1,GRAVE_LESIONADOS,1
5,1,12,0,4,0,-7.452339958313885,-79.4438976054825,0,4,7,1,2,1,1,2,6543.555,2.948916218188715,2,0,1.0,0,30,1460.849792438274,0.558522786204514,76.85289948542653,62.85887384493644,7.920320295991988,991.0780382624762,9447.186645519658,8933.565768092727,1358.4153575595467,1869.6258315163047,5705.524579016875,1270.1473753265286,7663.418392766198,14.215658407614693,4,1,0,0,3,60.90556494573732,60.803397382114746,61.00773250935989,1.0,0.0,0.05108378181128492,0.05108378181128492,1,0,0.0,0.0,0.0,1.0,0.05108378181128492,0.9489162181887151,0.0,0.05108378181128492,1.0,0.0,16,2,2023,2,9,5,1,0,0,0,0,1,GRAVE_LESIONADOS,1
6,1,20,0,4,0,-16.36040128768436,-69.17081478724988,0,4,1,0,2,0,1,2,5310.001602218591,2.0,3,3,1.0,12,30,952.4922591738184,0.37980373010945995,74.4543426016284,73.51054078895918,6.671921868411864,393.5129000396147,22706.333240733813,13642.312999999998,2020.7790000000005,2354.117,9267.416999999998,3314.0520000000006,10328.260999999997,24.29244952817019,5,1,0,0,4,42.47599844184077,42.47599844184077,42.47599844184077,1.0,0.0,0.0,0.0,1,0,0.0,0.0,0.0,1.0,0.0,0.24599974030679517,0.7540002596932048,0.7540002596932048,0.7540002596932048,0.7540002596932048,1,0,2022,2,5,2,0,0,2,1,0,1,GRAVE_LESIONADOS,1
3,2,17,0,4,1,-11.989740263020273,-75.39706548859795,0,4,4,0,2,1,1,0,6588.671188435897,2.532086823938011,2,0,1.0,4,30,1540.9757578247404,0.6206919979387745,75.61918748559967,70.91884405697118,10.530914427032162,1106.1654707369835,77071.71667751684,3081.0935588978996,569.1579101977024,595.0378142998636,1916.8978344003335,874.3056751347192,2206.78788376318,29.683429261577643,5,2,0,0,3,32.669782940154974,26.06417364787602,39.27539223243392,1.0,1.0,0.0,0.4679131760619887,2,0,0.0,0.0,0.5320868239380113,1.0,0.5320868239380113,1.0,0.4679131760619887,0.0,0.5320868239380113,0.5320868239380113,5,0,2021,5,10,1,0,0,0,1,0,1,GRAVE_LESIONADOS,1
3,3,4,0,4,1,-9.220476335579928,-76.56951376467218,0,4,3,1,2,0,1,2,7675.643192847861,2.0,2,0,1.0,9,12,1681.996944975126,0.5659986272167257,72.2832823760692,71.58924608297944,9.418594619246727,957.3858582377583,103403.55271280279,14364.611870624321,1768.244161894807,1340.071468615682,11256.296240113832,2234.210091264373,12130.401779359949,15.952741214152205,5,3,0,0,2,36.631332795576505,30.835232036927692,45.96471241716551,1.0,1.0,0.517643791417247,1.0,3,0,0.0,0.48235620858275297,0.517643791417247,0.48235620858275297,1.0,0.48235620858275297,0.48235620858275297,0.517643791417247,1.0,0.517643791417247,5,0,2022,1,22,4,0,0,2,1,0,1,GRAVE_LESIONADOS,1
3,1,20,0,4,1,-15.671861422669243,-72.41122342754267,0,4,2,1,2,1,1,2,7619.6115572239105,2.0,2,0,1.0,9,31,2273.8536928730755,0.5214922906138338,73.63689760829125,75.19178018533027,8.658602972066682,810.356658692125,3043.294243769225,2955.5938168859593,611.0366318214948,613.192306807887,1731.3648782565776,926.7244557617954,2028.8693611241638,33.11399828112491,5,2,0,0,3,30.917035893423837,22.07993489164929,39.75413689519838,1.0,0.0,0.0,1.0,2,0,0.0,0.0,0.7028664440501013,1.0,0.0,1.0,0.7028664440501013,0.0,0.0,0.0,19,2,2023,6,11,4,0,0,0,1,0,1,GRAVE_LESIONADOS,1
3,2,17,0,4,1,-6.300271077530412,-80.10144338253605,0,4,2,1,2,2,2,1,6550.112546564853,2.9319897680475795,2,0,1.0,0,30,1484.5894427052913,0.42920642597358416,71.79912584043734,54.860322312031016,6.710080218458116,614.2023300042204,4314.741068173053,9058.096846942215,1762.8810936847503,712.6739095334322,6582.541843724033,2260.213996848821,6797.882850093395,24.921421815647996,5,2,0,0,3,39.36397953609516,20.612092087571785,58.115866984618535,1.0,0.0,0.0,0.9319897680475795,2,0,0.0,0.9319897680475795,0.0,1.0,0.0,0.9319897680475795,1.0,0.0,0.9319897680475795,0.0,15,2,2021,1,26,2,0,0,0,1,0,1,GRAVE_LESIONADOS,1
3,2,7,1,4,1,-12.984321325733948,-73.10482235619789,0,4,0,1,6,0,1,5,3121.0733019371437,1.193789130023355,2,2,0.19378913002335485,8,13,973.541398113675,0.3956210697068849,72.77055674377551,59.13367948593771,6.298325414321958,486.61900101760335,10183.270103073404,12865.464329907907,1846.8752842916886,1886.4477799113374,9132.14126570488,2645.9635949003646,10219.500735007541,20.511528879338382,6,2,0,0,4,36.965214134754774,29.61242173995329,44.31800652955626,1.0,1.0,0.0,1.0,2,0,0.0,0.8062108699766452,0.0,1.0,0.8062108699766452,0.0,1.0,0.8062108699766452,1.0,0.0,3,0,2021,3,13,0,0,0,2,1,0,1,GRAVE_LESIONADOS,1
6,1,12,2,2,3,-10.994961214594733,-77.3609282421761,5,2,5,1,2,1,1,4,5329.917372229316,2.0,3,3,1.0,12,29,974.2088926431577,0.7308547899803655,78.72530330114944,77.17433508041857,11.472659782350387,1522.9336327917179,252216.82070315347,9409.186163029253,1694.2432438450219,1456.742629433784,6258.200289750448,1854.6321446489353,7554.554018380319,21.38455621857953,7,3,0,1,2,37.82877460515012,22.64369446027855,65.84262935517181,1.0,0.0,0.0,0.0,3,0,0.0,0.0,0.0,1.0,0.7854351799071502,1.0,0.7854351799071502,0.0,1.0,0.7854351799071502,11,2,2021,5,14,4,0,0,0,1,0,1,GRAVE_LESIONADOS,1
6,1,9,0,4,0,-9.40515231002422,-77.18300605578536,0,4,5,1,2,1,1,0,6816.754886237433,2.0,3,2,1.0,12,25,1198.0,0.40217082036659385,75.53257536753382,56.66479343108266,5.936698788391187,504.78760981446,26794.50891087304,8781.82582696635,1321.6755929615324,1768.9530324029463,5691.197201601871,1275.1808208364093,7506.64500612994,14.564660139194949,4,1,0,0,3,33.71561811620055,33.71561811620055,33.71561811620055,1.0,1.0,0.0,0.0,1,0,0.0,0.7381507548416897,0.0,0.0,0.2618492451583103,0.0,0.7381507548416897,0.0,0.2618492451583103,0.0,16,1,2021,9,17,3,0,1,0,1,0,1,GRAVE_LESIONADOS,1