CLASE SINIESTRO,CANTIDAD DE VEHICULOS DAÑADOS,DEPARTAMENTO,ZONA,TIPO DE VÍA,RED VIAL,COORDENADAS LATITUD,COORDENADAS  LONGITUD,CONDICIÓN CLIMÁTICA,ZONIFICACIÓN,CARACTERÍSTICAS DE VÍA,PERFIL LONGITUDINAL VÍA,SUPERFICIE DE CALZADA,¿EXISTE SEÑAL VERTICAL?,¿EXISTE SEÑAL HORIZONTAL?,CAUSA FACTOR PRINCIPAL,MTC_RVN_LONGITUD_KM,MTC_RVN_N_CARRILES_MEDIANA,MTC_RVN_SUPERFICIE_DOMINANTE,MTC_RVN_ESTADO_DOMINANTE,MTC_RVN_ES_CONCESIONADA,MTC_RVN_CONCESION_PRINCIPAL,MTC_RVN_CORREDOR_LOGISTICO,MTC_RVN_N_TRAMOS,IDH_2019,IDH_ESP_VIDA_2019,IDH_EDUC_SECUND_PCT_2019,IDH_ANIOS_EDUC_2019,IDH_INGRESO_PERCAP_2019,IDH_POBLACION_2019,MTC_DEP_RED_TOTAL_KM,MTC_DEP_NACIONAL_TOTAL_KM,MTC_DEP_DEPARTAMENTAL_TOTAL_KM,MTC_DEP_VECINAL_TOTAL_KM,MTC_DEP_PAV_TOTAL_KM,MTC_DEP_NO_PAV_TOTAL_KM,MTC_DEP_PCT_PAVIMENTADA,PER_TOTAL_PERSONAS,PER_N_CONDUCTORES,PER_N_CONDUCTORES_FUGADOS,PER_N_PEATONES,PER_N_PASAJEROS_OCUPANTES,PER_EDAD_COND_PROM,PER_EDAD_COND_MIN,PER_EDAD_COND_MAX,PER_ANY_COND_MASCULINO,PER_ANY_LIC_PROBLEMA,PER_ANY_DOSAJE_POS,PER_ANY_DOSAJE_EVALUADO,VEH_TOTAL,VEH_N_FUGADOS,VEH_ANY_FUGADO,VEH_ANY_CARGA,VEH_ANY_PUBLICO,VEH_ANY_PARTICULAR,VEH_ANY_MOTO,VEH_ANY_AUTO,VEH_ANY_CAMION_BUS,VEH_ANY_SOAT_PROBLEMA,VEH_ANY_CITV_PROBLEMA,VEH_ANY_SEGURO_PROBLEMA,HORA_NUM,FRANJA_HORARIA,ANIO,MES,DIA_MES,DIA_SEMANA,ES_FIN_SEMANA,ES_QUINCENA,REGION_NATURAL,TIENE_SEÑALIZACION,ES_VIA_MULTICARRIL,ES_DEPTO_BAJO_PAVIMENTO,CATEGORIA_SEVERIDAD,CATEGORIA_SEVERIDAD_ENC
6,1,17,0,4,1,-16.535494804264697,-72.5068462816829,0,4,6,1,2,2,2,2,1425.481784538742,1.6267926308948732,1,1,0.6267926308948731,9,32,338.8849314797566,0.5802806165364618,75.92956288546854,73.1833336856116,8.895131591355808,974.7741100083167,4332.961034514407,3050.23566629362,655.8693491103942,583.4637635814157,1810.90255360181,1081.4660652307641,1968.7696010628556,36.33255687045095,8,1,0,0,7,40.42112424062558,40.42112424062558,40.42112424062558,1.0,0.6267926308948731,0.0,1.0,1,0,0.0,0.0,0.0,1.0,0.0,0.6267926308948731,0.37320736910512686,0.0,0.0,0.0,13,1,2022,3,10,0,0,0,0,1,0,1,GRAVE_LESIONADOS,1
6,0,10,0,4,1,-12.46306624883439,-74.3687773313714,0,4,7,1,2,2,2,1,7072.274214646324,2.4932474930259856,2,0,1.0,4,17,1334.6295555681982,0.5629777948455996,75.90828021952855,71.82173982788747,9.036885664988752,897.3551315751359,23431.37431616836,12224.391695460454,1953.8374232364856,1796.0587593803718,8474.495512843598,2715.393078486924,9508.99861697353,21.931570864058628,10,1,0,0,9,26.43922743723387,26.43922743723387,26.43922743723387,1.0,0.0,0.0,0.4932474930259858,1,0,0.0,0.0,0.4932474930259858,0.5067525069740142,0.0,0.5067525069740142,0.4932474930259858,0.0,0.5067525069740142,0.0,15,1,2022,7,19,3,0,0,1,1,0,1,GRAVE_LESIONADOS,1
6,0,8,0,4,1,-12.051617606093377,-75.01202957414964,1,4,7,1,2,2,2,0,6982.66907721964,2.579129804035049,2,0,1.0,3,19,1358.4189557177085,0.5682912018841451,76.51914945530646,71.04518399100468,9.046532746654142,915.460320752311,23820.903192613623,11977.508821883584,1942.1818195155797,1698.8918562339618,8336.435146134045,2611.1569446744247,9366.351877209161,21.520503968529148,11,1,0,0,10,27.212168236315442,27.212168236315442,27.212168236315442,1.0,0.0,0.0,0.5791298040350491,1,0,0.0,0.0,0.5791298040350491,0.4208701959649509,0.0,0.4208701959649509,0.5791298040350491,0.0,0.4208701959649509,0.0,14,1,2022,6,17,2,0,0,0,1,0,1,GRAVE_LESIONADOS,1
3,1,2,0,4,0,-15.644624684234435,-72.67465405579117,0,4,0,0,2,1,0,0,6621.744132622692,2.0,2,0,1.0,9,31,1536.96554072065,0.5860266249331653,77.93114115689764,73.01354010101102,8.019874304195572,1065.8080503550384,8107.249676396566,10406.482649129186,1568.9435745394526,1650.0916730610422,7187.447401528692,2737.9323165614655,7668.550332567721,26.365379091870537,40,1,0,0,38,54.94538826889175,45.21432011423193,64.67645642355156,1.0,0.0,0.0,0.8109223462216512,1,0,0.0,0.8109223462216512,0.8109223462216512,0.0,0.0,0.0,1.0,0.0,0.18907765377834884,0.0,2,0,2024,3,22,4,0,0,0,1,0,1,GRAVE_LESIONADOS,1
6,1,10,0,4,1,-13.993988850396953,-75.77871279100928,0,4,7,1,2,2,2,0,6639.975,2.0,2,0,1.0,9,31,1616.0,0.6053164595604621,78.88848309050202,67.63954639531094,9.133324993872453,1064.9426147896202,27932.19700214133,3721.461,698.1859999999996,744.866,2278.409,1102.9029999999996,2618.558,29.636290693359403,5,1,0,0,4,22.981845394660187,22.981845394660187,22.981845394660187,1.0,0.09909226973300933,0.0,0.09909226973300933,1,0,0.0,0.0,0.0,0.09909226973300933,0.0,1.0,0.0,0.9009077302669907,0.0,0.9009077302669907,17,1,2022,9,17,1,0,0,0,1,0,1,GRAVE_LESIONADOS,1
3,2,13,0,3,1,-14.96032687203958,-74.2145458392977,0,3,7,1,2,1,1,0,6608.560105606151,2.0,2,1,1.0,10,31,1479.8101446107785,0.5981909306295348,79.43849238105616,71.88282567810123,9.437688053360443,976.4391649479126,14149.879131085327,3372.5513874451963,676.1893834763333,660.9675102583698,2035.394493710493,1091.7598678369213,2280.791519608275,33.117076533952954,8,2,0,0,6,49.078962962710946,43.43861728361459,54.719308641807295,1.0,0.0,0.0,1.0,2,0,0.0,0.0,0.0,1.0,0.0,1.0,0.6741869488296138,0.0,0.32581305117038617,0.0,20,2,2022,8,20,5,0,1,0,1,0,1,GRAVE_LESIONADOS,1
6,1,8,1,4,2,-10.174417121838493,-75.2697055708297,0,4,2,0,7,2,2,1,6543.555,2.0,4,4,1.0,14,33,1198.0,0.2602771324286759,72.91421265094299,37.41069420505909,5.093997854649004,278.0471594973649,1608.9814266706608,3444.1592764506477,962.7896171598113,549.2041426604272,1932.1655166304092,989.4730924829894,2454.6861839676585,30.09354428596656,4,1,0,0,3,31.034041909287623,31.034041909287623,31.034041909287623,1.0,0.0,0.0,0.3667310826625111,1,0,0.0,0.3667310826625111,0.6332689173374889,0.0,0.0,0.0,1.0,0.0,0.0,0.0,10,1,2023,6,10,4,0,0,0,1,0,1,GRAVE_LESIONADOS,1
3,2,10,0,4,1,-12.839510820450904,-76.49428993386763,0,4,7,1,2,2,2,0,6630.381573871663,2.099496226180638,2,0,1.0,8,30,1601.97103210853,0.5709022456371645,80.45349330769852,69.890292596902,8.80122320793235,880.9384972910008,12237.78381018515,3695.4158728726943,679.9658530768965,739.379977080852,2276.0700427149454,1063.149481821978,2632.266391050716,28.71034937111073,9,2,0,0,7,53.295969809445104,48.69647358326446,57.895466035625745,1.0,0.0,0.0,0.9005037738193619,2,0,0.0,0.09949622618063814,0.09949622618063814,0.9005037738193619,0.0,0.9005037738193619,1.0,0.0,0.0,0.0,21,1,2023,9,21,5,0,1,0,1,0,1,GRAVE_LESIONADOS,1
6,1,14,1,4,1,-11.738824261798456,-77.18903021456666,0,2,4,1,2,1,1,0,6601.809451118602,2.395826061827408,2,0,1.0,5,30,1560.1885252823354,0.6099949079002904,79.05526011125829,68.97514285195899,9.17736156035792,1073.4030855996057,19652.866911834164,7626.313,1683.4029999999998,1599.0829999999996,4343.827000000001,1814.875,5811.438000000001,23.797541485643197,19,2,0,0,17,49.770782432791854,40.70817336020298,66.08347876345184,1.0,0.0,0.0,0.0,2,0,0.0,0.6041739381725918,0.3958260618274082,0.0,0.0,0.0,1.0,0.0,0.0,0.6041739381725918,8,1,2022,7,9,2,0,0,0,1,0,1,GRAVE_LESIONADOS,1
3,2,10,1,4,1,-15.234947795172019,-75.11390111039746,0,4,7,1,2,2,2,0,976.1707149184979,2.0,2,0,1.0,4,27,226.23880699905638,0.5563774842369664,77.00938809632027,69.10246351364754,8.476961866273152,914.8835608305218,27932.19700214133,3721.461,698.1859999999996,744.866,2278.409,1102.9029999999996,2618.558,29.636290693359403,5,2,0,0,3,53.471834370972815,34.39519668880754,72.5484720531381,1.0,0.0,0.0,0.8790393377615077,2,0,0.0,1.0,0.8790393377615077,0.12096066223849233,0.0,0.12096066223849233,1.0,0.0,0.8790393377615077,0.8790393377615077,17,1,2022,8,22,0,0,1,0,1,0,1,GRAVE_LESIONADOS,1
3,1,3,0,4,0,-16.007132694625394,-73.8099108811052,0,4,6,0,2,1,1,0,6632.38697015766,2.0,2,0,1.0,9,31,1583.1043717683233,0.6554556126831028,84.40052480036975,62.42184904686856,9.144596547937448,1270.4335405229444,5606.814478746286,10322.272,1495.236,1749.739,7077.2970000000005,2886.595,7435.677000000001,27.964725207783708,6,2,0,0,4,41.134325572850614,40.97693022245981,41.29172092324141,1.0,0.0,0.0,0.0,2,0,0.921302324804601,0.0,0.0,1.0,0.0,1.0,0.07869767519539905,0.0,0.0,0.0,2,0,2021,1,30,5,1,1,0,1,0,1,GRAVE_LESIONADOS,1
4,1,5,0,4,1,-7.267132233083464,-78.34848013046977,0,4,7,1,1,2,2,0,6543.555,2.0,4,4,1.0,14,33,1198.0,0.28724753845523016,76.90542152362626,39.91107750604109,3.669102882237107,332.25114614222235,23573.545193699236,15935.565011852366,1733.9250000199986,935.692,13265.948011832368,2000.1670000199988,13935.398011832369,12.551591352627522,6,2,0,0,3,39.31827723910598,33.25420193921846,45.38235253899351,1.0,0.0,0.0,0.0,2,0,0.5273108956423933,0.4726891043576067,0.0,0.5273108956423933,0.5273108956423933,0.0,0.4726891043576067,0.5273108956423933,0.5273108956423933,0.5273108956423933,15,3,2022,7,17,4,0,0,2,1,0,1,GRAVE_LESIONADOS,1
3,2,10,1,4,1,-15.096712695550194,-75.07740366219885,0,4,7,1,2,2,2,0,2792.0176833300256,2.0,2,0,1.0,6,28,671.8039293275085,0.5563774842369664,77.00938809632027,69.10246351364754,8.476961866273152,914.8835608305218,27932.19700214133,3721.461,698.1859999999996,744.866,2278.409,1102.9029999999996,2618.558,29.636290693359403,5,2,0,0,3,51.07632296060479,32.986072329767524,69.16657359144206,1.0,0.0,0.0,0.597214465953505,2,0,0.0,1.0,0.597214465953505,0.402785534046495,0.0,0.402785534046495,1.0,0.0,0.597214465953505,0.597214465953505,12,1,2022,8,24,2,0,1,0,1,0,1,GRAVE_LESIONADOS,1
6,1,10,0,4,1,-14.258162841058677,-75.49386074907252,0,4,7,1,2,2,2,0,6639.975,2.0,2,0,1.0,9,31,1616.0,0.5634898096857194,78.9277323169927,68.71528478657561,8.749097106933444,894.4203403737249,27409.464794019033,3721.461,698.1859999999996,744.866,2278.409,1102.9029999999996,2618.558,29.636290693359403,5,1,0,0,4,34.53286162093734,32.476912971718455,36.58881027015622,0.4111897298437768,0.5888102701562232,0.0,0.0,1,0,0.0,0.4111897298437768,0.0,0.5888102701562232,0.0,1.0,0.4111897298437768,1.0,1.0,0.5888102701562232,16,2,2021,10,19,4,0,0,0,1,0,1,GRAVE_LESIONADOS,1
3,1,13,2,3,1,-12.467287946136999,-76.49584607959594,0,0,7,0,2,2,2,1,6631.372198555921,2.0,2,0,1.0,9,31,1578.7051337520743,0.8102543443303442,80.42060609982829,78.88463283785909,13.42451294843318,1808.2318129007328,105812.02064147008,7866.852306973425,1666.6143323031733,1612.524854950831,4587.713119719421,1910.4961819503037,5956.356125023122,24.169346652025407,33,1,0,0,31,40.821555663885526,29.892221680572387,51.75088964719866,1.0,0.0892221680572386,0.0,0.0,1,0,0.0,0.0,0.9107778319427614,0.0892221680572386,0.0892221680572386,0.0,0.9107778319427614,0.0892221680572386,1.0,0.0,7,1,2023,5,3,3,0,0,0,1,0,1,GRAVE_LESIONADOS,1
3,1,17,0,4,1,-6.2722385695631075,-77.81430148007712,0,4,7,1,2,0,1,1,922.0608962150591,2.0,2,0,1.0,1,20,107.23634015903133,0.5396834253457521,73.59335715829788,63.79556664590868,7.813293361129876,972.193696585009,46043.976711471565,4703.246220215773,685.7750473829425,846.531997371181,3170.93917546165,879.7792703811447,3823.4669498346284,18.976786627021582,5,2,0,0,3,30.12959315434008,29.276067748610966,30.98311856006919,1.0,0.5690169371527416,0.5690169371527416,0.5690169371527416,2,0,0.4309830628472584,0.0,0.5690169371527416,0.0,1.0,0.0,0.5690169371527416,0.4309830628472584,0.5690169371527416,0.4309830628472584,15,3,2021,10,23,0,0,1,0,1,0,1,GRAVE_LESIONADOS,1
3,2,10,0,4,1,-12.34710658866715,-76.76273676398195,0,4,7,1,2,2,2,0,6623.122064935346,2.174786715045158,2,0,1.0,7,30,1591.3550731786327,0.5677191684882761,80.42774862690787,69.82442275987918,8.715794418005164,873.0952882335121,12069.212597379183,3675.707081602629,666.1783575940701,735.2286101058401,2274.3001139027183,1033.067317577137,2642.639764025492,28.0096738029199,9,2,0,0,7,53.898293720361266,49.22350700531611,58.573080435406425,1.0,0.0,0.0,0.825213284954842,2,0,0.0,0.17478671504515797,0.17478671504515797,0.825213284954842,0.0,0.825213284954842,1.0,0.0,0.0,0.0,20,1,2023,8,21,5,0,1,0,1,0,1,GRAVE_LESIONADOS,1
3,1,3,1,2,3,-16.2554951436426,-72.279015674515,0,3,1,0,1,1,1,0,6543.555,2.0,4,4,1.0,14,33,1198.0,0.6044394498951626,76.52821945878732,69.59958500542888,8.713800114510333,1126.6362448618218,74678.56698471664,10394.682997535652,1498.3150675911165,1739.2378636462695,7157.130066298267,2875.1601549658008,7519.522842569852,27.7658971054121,4,1,0,0,3,32.167698882986485,26.245098367441784,38.09029939853119,1.0,1.0,0.0,0.9871000859241166,1,0,0.0,1.0,0.9871000859241166,0.0,0.9871000859241166,0.0,1.0,0.0,0.9871000859241166,0.0,8,1,2024,4,4,4,0,0,0,1,0,1,GRAVE_LESIONADOS,1
7,1,4,1,4,2,-9.838158965506953,-76.83342488870511,0,4,0,0,4,2,2,0,6585.868896517,2.0,3,2,1.0,11,32,1381.439211202097,0.4158478448929045,76.62983768210613,49.216058225282325,6.235112595234048,604.3487903085805,1653.508745687697,3823.7424103707717,954.5951723190663,655.1672608426622,2213.979977209043,1013.5050373565273,2810.2373730142444,26.569728266783446,12,1,0,0,11,38.410094476685465,38.410094476685465,38.410094476685465,1.0,0.0,0.0,0.0,1,0,0.0,0.0,1.0,0.0,0.0,0.0,1.0,0.0,0.0,0.0,7,0,2023,6,17,4,0,0,0,1,0,1,GRAVE_LESIONADOS,1
3,1,5,1,4,1,-14.764455653486358,-72.75914429287546,1,3,6,1,3,0,1,0,944.9514449770802,1.3125631390591326,4,1,0.0,9,24,194.4984846625808,0.6439223602920725,76.65891279949261,73.6520466559944,10.334542083817643,1188.7180401974879,23570.98250461982,10929.354945789799,1598.7656634242783,1548.3858258181067,7782.203456547414,2480.869604276041,8448.485341513759,23.272382578706196,17,2,0,0,15,44.99898977505388,29.187941973413928,60.81003757669383,1.0,0.0,0.0,0.0,2,0,0.0,0.3125631390591327,1.0,0.0,0.0,0.0,1.0,0.0,0.3125631390591327,0.6874368609408673,13,3,2022,3,24,1,0,1,0,1,0,1,GRAVE_LESIONADOS,1
6,1,12,0,4,2,-7.884043691970365,-78.12442943454441,0,4,7,1,3,2,2,1,6543.555,2.0,4,4,1.0,14,33,1198.0,0.34282005237722574,75.62242680198403,35.629147533890496,5.141529939108696,490.6079416352105,13232.775484093987,8931.828000000005,1335.5899999999997,1935.9830000000004,5660.255000000005,1219.309,7712.519000000005,13.651281686122925,6,1,0,0,5,32.44414407044349,29.74581719317392,34.46788922839567,0.3254182806826078,0.0,0.0,0.0,1,0,0.0,0.0,0.6745817193173922,0.3254182806826078,0.6745817193173922,0.0,0.3254182806826078,0.6745817193173922,0.0,0.6745817193173922,18,2,2024,4,19,4,0,1,0,1,0,1,GRAVE_LESIONADOS,1
5,1,7,0,4,1,-14.455241361550934,-71.77603213612078,3,4,7,1,2,1,1,2,1938.1514038426255,1.0,1,3,0.0,9,30,548.643388248414,0.464815555416268,66.25407048177108,70.39529356464999,7.0056248195501745,746.4048428055905,9275.386168103667,17779.13499998999,2097.3709999899997,2863.123,12818.640999999989,2878.713,14900.421999989989,16.19152450331032,5,1,0,0,3,23.421083721690163,23.042128062572786,23.80003938080754,1.0,0.0,0.0,0.0,1,0,0.0,0.0,0.09473891477934415,1.0,0.0,0.09473891477934415,1.0,0.0,0.0,0.0,1,0,2023,2,12,1,0,0,2,1,0,1,GRAVE_LESIONADOS,1
3,1,12,0,4,1,-7.946258213494977,-79.07125948241895,0,4,6,0,1,2,2,2,6543.555,2.9758708627835366,2,0,1.0,0,30,1468.3162289910397,0.573623953305787,77.7198517797855,65.95787259309819,8.512313687944456,984.1390157641499,15533.747837331686,8900.327049426855,1343.9824276026695,1927.853893671774,5628.49072815241,1233.6794937354603,7666.647555691394,13.896102181059435,12,1,0,0,10,50.0053526870625,48.5415463928872,51.469158981237804,1.0,0.0,0.0,0.02412913721646337,1,0,0.0,1.0,0.9758708627835366,0.0,0.0,0.0,1.0,0.0,0.0,0.0,6,1,2023,4,2,1,0,0,0,1,0,1,GRAVE_LESIONADOS,1
5,1,16,0,4,1,-6.442966965451911,-78.81786487541468,2,4,4,0,2,1,0,2,714.3909501732351,2.0,1,0,0.7137409646168168,4,25,159.0686384582811,0.42975264294279425,74.30859783469533,52.93941436297414,5.933608706569605,645.4038079063329,8293.4314721721,8749.208310914222,1653.9005862521099,681.360711562721,6413.947013099391,1883.9771498737728,6865.23116104045,21.324779792206318,4,1,0,0,3,39.711834340775674,35.8473373631027,43.57633131844865,0.2862590353831832,0.7137409646168168,0.0,0.7137409646168168,1,0,0.0,0.7137409646168168,0.0,0.2862590353831832,1.0,0.2862590353831832,0.0,0.7137409646168168,1.0,0.0,14,3,2021,1,22,3,0,1,0,1,0,1,GRAVE_LESIONADOS,1
5,1,5,0,4,1,-6.4013874916841464,-78.84317190197739,0,4,4,0,2,1,1,3,9936.932,2.0,2,0,1.0,9,32,3830.0,0.28835347407303646,76.02710038107134,47.674674556605105,3.8749791553109056,302.56062224681665,5140.746286056998,15935.565011852366,1733.9250000199986,935.692,13265.948011832368,2000.1670000199988,13935.398011832369,12.551591352627522,8,1,0,0,7,40.75475320362823,35.45715088895855,46.05235551829791,1.0,0.0,0.0,1.0,1,0,0.0,0.4238081851735742,0.5761918148264258,0.0,0.0,0.0,1.0,0.0,0.4238081851735742,0.0,11,2,2023,11,3,1,0,0,2,1,0,1,GRAVE_LESIONADOS,1
6,1,8,0,4,2,-12.789347439944107,-74.5532056757968,0,4,2,0,1,1,0,1,6543.555,2.0,4,4,1.0,14,33,1198.0,0.3041264590562914,69.08087213900416,62.24087000206598,4.947587400385791,318.27438687868266,3045.593597522768,8511.426,1445.3929999999996,2008.516,5057.516999999999,1879.579,6631.846999999998,22.08300935706896,6,1,0,0,5,29.551769017866526,29.551769017866526,29.551769017866526,1.0,0.0,0.0,0.0,1,0,0.0,0.0,0.0,0.649863921702575,0.0,0.649863921702575,0.350136078297425,0.0,0.0,0.0,15,2,2023,9,9,5,0,0,2,1,0,1,GRAVE_LESIONADOS,1
3,1,18,1,4,0,-4.971109149367951,-80.77857739595837,0,4,7,1,2,0,0,2,6543.555,2.024697297686111,3,3,1.0,13,32,1204.8411514590528,0.5224530839923535,81.18425734481761,64.64446294073728,6.672006542864427,832.7404274596406,9424.568020161145,8965.005847385835,1771.3767041118138,669.0774686293885,6524.551674644633,2189.92634819049,6775.079499195345,24.426485127939713,4,1,0,0,2,23.012589205130563,21.061983800502784,24.96319460975834,1.0,0.0,0.9753027023138887,0.9753027023138887,1,0,0.0,0.0,0.0,1.0,0.9753027023138887,0.024697297686111286,0.0,0.9753027023138887,1.0,0.0,21,2,2021,1,2,5,1,0,0,0,0,1,GRAVE_LESIONADOS,1
3,2,15,2,3,3,-7.095876203201281,-78.8340802303876,0,2,2,0,2,2,2,0,6543.555,2.0,4,4,1.0,14,33,1198.0,0.5656425536704028,79.52248147066427,70.79138393179474,9.571531040224315,826.3732216538306,100084.89567104558,3313.485793538356,491.8443585057477,807.7096316078289,2013.93180342478,619.535642719925,2693.950150818431,18.318352905189585,4,2,0,0,2,33.13844521689628,30.241036522069148,36.03585391172341,1.0,0.0,0.0,0.8102591305172869,2,0,0.0,0.8102591305172869,0.18974086948271307,1.0,1.0,0.0,0.8102591305172869,0.18974086948271307,1.0,1.0,10,1,2022,8,21,2,0,0,0,1,0,1,GRAVE_LESIONADOS,1
3,1,14,2,2,2,-12.02149753252423,-76.88955436558696,3,2,6,1,4,2,2,2,3916.9334745903666,2.0,3,2,1.0,8,24,715.1144740098223,0.6868549636939637,79.62363164345142,76.30894566128948,9.209137883551294,1425.4498631666322,684921.8484148846,7626.313,1683.4029999999998,1599.0829999999996,4343.827000000001,1814.875,5811.438000000001,23.797541485643197,9,2,0,0,7,31.512094660400685,26.902360090314822,36.12182923048655,1.0,1.0,0.0,0.0,2,0,0.0,1.0,1.0,0.0,0.0,0.0,1.0,0.5365781900286203,0.5365781900286203,0.5365781900286203,20,2,2022,3,15,3,0,0,0,1,0,1,GRAVE_LESIONADOS,1
5,1,5,0,4,1,-8.698285987083736,-76.70765541793408,0,4,5,1,2,0,1,0,9283.113542089843,2.0,2,0,1.0,9,24,3097.73236363486,0.2786558833454186,69.53600904686758,54.16882377580816,4.340395529811662,278.6962132042295,5303.915761816287,16448.47786811652,1835.0419237830674,1471.936431089247,13141.499513244204,2244.5935968450003,14203.884271271518,13.564283314929044,6,1,0,0,5,39.217828129311776,35.60100469741709,42.834651561206464,1.0,0.0,0.0,0.27821718706882215,1,0,0.0,1.0,0.0,0.27821718706882215,0.0,0.27821718706882215,1.0,0.0,0.0,0.0,8,0,2023,1,3,3,0,0,2,1,0,1,GRAVE_LESIONADOS,1
3,3,3,1,4,1,-15.849316299766286,-72.2857177066246,0,4,0,1,1,0,1,0,6634.0347580581,2.0,2,0,1.0,9,31,1590.2478621477478,0.585979487869224,77.32232503828057,66.74952513379755,8.138246363631502,1097.7409475193037,35252.80105805372,10238.705326945375,1512.9283347880466,1681.1851456217018,7044.591846535625,2845.1888891684807,7393.516437776893,27.76355155003423,9,3,0,0,5,42.973893827186515,32.41698366172679,51.184823955877405,1.0,0.0,0.0,0.06160798529246925,3,0,0.0,0.9383920147075308,0.06160798529246925,0.9383920147075308,0.0,0.9383920147075308,1.0,0.0,0.06160798529246925,0.0,20,2,2022,9,21,4,0,0,0,1,0,1,GRAVE_LESIONADOS,1
6,1,4,0,4,2,-13.614316186160298,-74.14054031419624,0,4,5,0,1,2,2,2,6543.555,2.0,4,4,1.0,14,33,1198.0,0.4012828134779898,75.56604743111033,58.30948969455957,6.059350575193293,486.92222910100446,6408.9293361884365,12678.733000000004,1805.074000000001,1774.0339999999994,9099.625000000004,2485.375000000001,10193.358000000002,19.602707936195205,6,1,0,0,5,44.53751426073003,44.53751426073003,44.53751426073003,0.8375015845255586,0.8375015845255586,0.0,1.0,1,0,0.0,0.8375015845255586,0.0,0.16249841547444144,0.0,0.0,1.0,0.8375015845255586,0.0,0.0,13,3,2024,5,18,5,1,1,2,1,0,1,GRAVE_LESIONADOS,1
3,1,10,0,4,1,-13.398838440159816,-76.19600776637655,5,4,6,1,5,2,2,0,6639.975,2.0,2,0,1.0,9,31,1616.0,0.5736744275518083,81.67473861808857,68.1608574885675,9.138785887908334,865.1176766860625,26660.92933618844,3721.461,698.1859999999996,744.866,2278.409,1102.9029999999996,2618.558,29.636290693359403,5,2,0,0,3,35.21557560050843,32.530474023948116,37.90067717706874,1.0,0.8950338588534369,0.0,0.0,2,0,0.0,0.8950338588534369,0.0,1.0,0.8950338588534369,1.0,0.0,0.0,0.8950338588534369,0.8950338588534369,5,0,2023,2,20,1,0,1,0,1,0,1,GRAVE_LESIONADOS,1
6,1,7,0,4,2,-13.605236558002588,-71.79896652797072,4,4,4,0,5,1,1,1,6543.555,2.0,4,4,1.0,14,33,1198.0,0.3411080530624956,66.27604669634322,60.47778642927865,5.828491580349482,392.87153466544794,3897.471907613909,17779.13499998999,2097.3709999899997,2863.123,12818.640999999989,2878.713,14900.421999989989,16.19152450331032,26,1,0,0,25,44.163370177666835,44.163370177666835,44.163370177666835,1.0,0.313975776064109,0.0,0.0,1,0,0.0,0.313975776064109,0.0,0.0,0.0,0.0,1.0,0.313975776064109,0.313975776064109,0.0,12,2,2023,8,15,6,1,1,2,1,0,1,GRAVE_LESIONADOS,1
3,1,16,0,4,1,-14.883976062208262,-71.1615108384886,5,4,6,0,2,1,1,2,7586.903,2.0,2,0,1.0,9,5,1198.0,0.3619448452732502,74.54344644220625,64.54228493398303,5.54194977803141,378.55944288953,5522.859789040882,13401.512699065126,1966.8739491343154,2209.153259607708,9225.485490323103,3106.9641910191076,10294.548508046017,23.120475030303513,5,2,0,0,3,33.497444762559134,29.998427546190236,36.99646197892803,1.0,0.24990172163688984,0.0,0.0,2,0,0.0,0.24990172163688984,0.24990172163688984,0.7500982783631102,0.24990172163688984,0.7500982783631102,0.24990172163688984,0.0,1.0,0.7500982783631102,18,1,2021,7,25,4,0,1,2,1,0,1,GRAVE_LESIONADOS,1
5,1,12,0,4,1,-7.5368953495797655,-77.81864955514476,0,4,7,1,6,2,2,0,1435.1778396033012,1.0656007649450294,2,0,0.0,9,32,250.50717093208888,0.18495374018606076,73.63289949621988,23.351956406837115,3.1755236673533767,190.47726823747263,13511.980728378585,8931.828000000005,1335.5899999999997,1935.9830000000004,5660.255000000005,1219.309,7712.519000000005,13.651281686122925,5,1,0,0,4,33.82000956181287,33.78720917934035,33.85280994428538,1.0,0.0,0.0,0.0,1,0,0.0,1.0,0.0,0.0,0.0,0.0,1.0,0.0,0.9343992350549705,0.0,1,0,2021,11,1,2,0,0,0,1,0,1,GRAVE_LESIONADOS,1