CLASE SINIESTRO,CANTIDAD DE VEHICULOS DAÑADOS,DEPARTAMENTO,ZONA,TIPO DE VÍA,RED VIAL,COORDENADAS LATITUD,COORDENADAS  LONGITUD,CONDICIÓN CLIMÁTICA,ZONIFICACIÓN,CARACTERÍSTICAS DE VÍA,PERFIL LONGITUDINAL VÍA,SUPERFICIE DE CALZADA,¿EXISTE SEÑAL VERTICAL?,¿EXISTE SEÑAL HORIZONTAL?,CAUSA FACTOR PRINCIPAL,MTC_RVN_LONGITUD_KM,MTC_RVN_N_CARRILES_MEDIANA,MTC_RVN_SUPERFICIE_DOMINANTE,MTC_RVN_ESTADO_DOMINANTE,MTC_RVN_ES_CONCESIONADA,MTC_RVN_CONCESION_PRINCIPAL,MTC_RVN_CORREDOR_LOGISTICO,MTC_RVN_N_TRAMOS,IDH_2019,IDH_ESP_VIDA_2019,IDH_EDUC_SECUND_PCT_2019,IDH_ANIOS_EDUC_2019,IDH_INGRESO_PERCAP_2019,IDH_POBLACION_2019,MTC_DEP_RED_TOTAL_KM,MTC_DEP_NACIONAL_TOTAL_KM,MTC_DEP_DEPARTAMENTAL_TOTAL_KM,MTC_DEP_VECINAL_TOTAL_KM,MTC_DEP_PAV_TOTAL_KM,MTC_DEP_NO_PAV_TOTAL_KM,MTC_DEP_PCT_PAVIMENTADA,PER_TOTAL_PERSONAS,PER_N_CONDUCTORES,PER_N_CONDUCTORES_FUGADOS,PER_N_PEATONES,PER_N_PASAJEROS_OCUPANTES,PER_EDAD_COND_PROM,PER_EDAD_COND_MIN,PER_EDAD_COND_MAX,PER_ANY_COND_MASCULINO,PER_ANY_LIC_PROBLEMA,PER_ANY_DOSAJE_POS,PER_ANY_DOSAJE_EVALUADO,VEH_TOTAL,VEH_N_FUGADOS,VEH_ANY_FUGADO,VEH_ANY_CARGA,VEH_ANY_PUBLICO,VEH_ANY_PARTICULAR,VEH_ANY_MOTO,VEH_ANY_AUTO,VEH_ANY_CAMION_BUS,VEH_ANY_SOAT_PROBLEMA,VEH_ANY_CITV_PROBLEMA,VEH_ANY_SEGURO_PROBLEMA,HORA_NUM,FRANJA_HORARIA,ANIO,MES,DIA_MES,DIA_SEMANA,ES_FIN_SEMANA,ES_QUINCENA,REGION_NATURAL,TIENE_SEÑALIZACION,ES_VIA_MULTICARRIL,ES_DEPTO_BAJO_PAVIMENTO,CATEGORIA_SEVERIDAD,CATEGORIA_SEVERIDAD_ENC
3,1,11,0,4,1,-11.797619728135782,-75.57560830116944,3,4,7,1,2,0,1,2,7586.903,2.0,2,0,1.0,9,5,1198.0,0.46979451992046933,69.04877491678123,67.5652903042916,7.697024360599222,695.9324027671292,1075.06246089052,12264.545,1826.4639999999995,1105.5389999999998,9332.542,1588.5359999999996,10676.009,12.952261987705208,5,2,0,0,3,38.88123062477327,37.07184593715991,40.69061531238663,1.0,0.0,0.0,0.6906153123866363,2,0,0.0,0.0,0.3093846876133637,1.0,0.0,1.0,0.3093846876133637,0.0,0.0,0.0,19,2,2022,6,28,2,0,1,2,1,0,1,GRAVE_LESIONADOS,1
4,1,14,2,4,4,-12.186821113097228,-76.94156293674226,0,0,7,0,4,2,2,0,6543.555,2.0,4,4,1.0,14,33,1198.0,0.6937612918566206,79.99382019912152,74.10489786372962,9.861784397674088,1419.5329822587448,455440.0168755194,7626.313,1683.4029999999998,1599.0829999999996,4343.827000000001,1814.875,5811.438000000001,23.797541485643197,5,1,0,0,3,58.97258367290257,58.97258367290257,58.97258367290257,1.0,0.4275922740322349,0.0,0.0,1,0,0.0,0.0,0.5724077259677651,0.4275922740322349,1.0,0.0,0.4275922740322349,1.0,1.0,0.4275922740322349,10,0,2024,8,19,3,0,1,0,1,0,1,GRAVE_LESIONADOS,1
8,1,10,0,4,2,-15.187314888707496,-75.08193504504584,2,4,4,1,4,2,2,1,6582.558772548264,2.0,3,2,1.0,11,32,1367.0891612235423,0.5563774842369664,77.00938809632027,69.10246351364754,8.476961866273152,914.8835608305218,27932.19700214133,3721.461,698.1859999999996,744.866,2278.409,1102.9029999999996,2618.558,29.636290693359403,4,1,0,0,3,46.52768760866824,46.52768760866824,46.52768760866824,0.595480475541765,0.404519524458235,0.595480475541765,0.595480475541765,1,0,0.0,0.0,0.0,1.0,0.0,0.404519524458235,0.595480475541765,0.404519524458235,0.404519524458235,0.404519524458235,7,0,2021,9,26,6,1,1,0,1,0,1,GRAVE_LESIONADOS,1
4,1,3,0,4,1,-15.75513768267501,-71.25945756329834,3,4,2,1,2,0,1,0,856.615641658229,1.0,0,2,0.0,9,21,210.09549334902826,0.4570756032289717,81.50481226070049,56.27450171361554,5.793698787416381,666.2453550210986,1364.1094150562778,10322.272,1495.236,1749.739,7077.2970000000005,2886.595,7435.677000000001,27.964725207783708,18,1,0,0,16,29.727496957289425,29.727496957289425,29.727496957289425,1.0,0.0,0.0,0.6363885508099362,1,0,0.0,0.0,0.6363885508099362,0.36361144919006383,0.0,0.36361144919006383,0.6363885508099362,0.0,0.0,0.0,13,3,2024,3,10,2,0,0,0,1,0,1,GRAVE_LESIONADOS,1
5,1,8,0,4,2,-6.332772583744208,-78.82041068328904,1,4,5,0,2,2,2,0,6543.555,2.0,4,4,1.0,14,33,1198.0,0.37383006680577724,75.87276881621344,54.98372574241014,4.666263440000997,502.3977664587953,76145.5041250089,14424.430430881264,1744.437673825646,870.930443037079,11809.06231401854,2046.6385383027646,12377.791892578502,15.185397193960492,4,1,0,0,3,42.83185724070891,40.446900205488724,45.21681427592911,1.0,1.0,0.0,0.2168142759291083,1,0,0.0,0.7831857240708917,0.0,0.0,0.2168142759291083,0.0,0.7831857240708917,0.2168142759291083,0.2168142759291083,0.0,20,2,2021,3,3,3,0,0,1,1,0,1,GRAVE_LESIONADOS,1
3,1,13,0,4,1,-15.557009197592954,-73.80421911369311,0,4,0,1,2,2,2,0,6639.975,2.0,2,0,1.0,9,31,1616.0,0.5733389071388034,77.73175325628266,74.35927403876198,8.95553569355156,903.5905636720969,1457.305434017331,3367.6513289022055,675.8804647626171,659.7892466146935,2031.9816175248948,1091.6033745848392,2276.047954317366,33.165960410409184,6,2,0,0,4,40.892225130750354,36.07067015690042,45.71378010460028,1.0,0.0,0.0,0.33038874346248237,2,0,0.0,0.6696112565375176,0.33038874346248237,1.0,0.0,1.0,1.0,0.0,0.0,0.0,19,2,2023,6,15,2,0,0,0,1,0,1,GRAVE_LESIONADOS,1
6,1,13,0,4,1,-10.929671483192255,-76.92295428068287,0,4,7,0,2,0,0,1,1423.9554854707742,1.9706680277938706,1,0,0.0,9,18,685.4459158957766,0.34120524069467106,78.01512141974625,70.94887244386734,3.482789740391497,421.60417082778787,1488.1646154609039,7652.275109915284,1676.421697295219,1611.0924773762717,4364.760935243794,1816.7728959296253,5835.502213985659,23.74725087690134,4,1,0,0,3,47.61868436132032,47.61868436132032,47.61868436132032,1.0,0.029331972206129486,0.0,0.0,1,0,0.0,0.0,0.0,1.0,0.0,1.0,0.0,0.0,0.0,0.0,14,2,2021,8,12,4,0,0,0,1,0,1,GRAVE_LESIONADOS,1
6,1,7,0,4,1,-14.645304208053204,-71.37688439379062,3,4,0,0,2,1,1,2,1074.470878728139,1.0,2,3,0.0,9,4,271.52668977021506,0.3704900208816875,69.830284050712,63.288213663960626,5.363517528895735,460.488042924654,1495.5776857039045,17779.13499998999,2097.3709999899997,2863.123,12818.640999999989,2878.713,14900.421999989989,16.19152450331032,5,1,0,0,4,29.23000672085778,29.23000672085778,29.23000672085778,1.0,0.17571524583682585,0.0,0.0,1,0,0.0,0.0,0.0,0.8242847541631741,0.0,1.0,0.0,0.0,0.0,0.0,4,0,2023,5,16,4,0,0,2,1,0,1,GRAVE_LESIONADOS,1
4,1,22,0,4,1,-11.755220351643,-74.40633514906446,2,4,6,1,6,2,2,2,6543.555,2.0,4,4,1.0,14,33,1198.0,0.3660877545962288,73.38202296039225,65.94048370026209,7.321616057694133,458.23651660283633,2399.9525709334575,1989.2506153734685,432.37420325501057,406.828641174899,1150.0477709435586,749.7271415648743,1239.5234738085937,35.1336494626713,4,1,0,0,2,37.194233240031004,37.194233240031004,37.194233240031004,1.0,0.40288337998449664,0.40288337998449664,1.0,1,0,0.0,0.5971166200155034,0.0,0.40288337998449664,0.40288337998449664,0.40288337998449664,0.5971166200155034,0.40288337998449664,0.40288337998449664,0.0,15,2,2022,3,9,4,0,0,0,1,0,1,GRAVE_LESIONADOS,1
7,1,10,0,4,1,-14.474180946375993,-75.4125138218249,0,4,7,1,2,2,2,0,6639.975,2.0,2,0,1.0,9,31,1616.0,0.5771366662127144,77.80647211117923,68.48191593425419,8.755381296143465,978.5363689993504,27932.19700214133,3721.461,698.1859999999996,744.866,2278.409,1102.9029999999996,2618.558,29.636290693359403,4,1,0,0,3,34.87907472127012,34.87907472127012,34.87907472127012,0.4241850557459762,0.5758149442540238,0.0,0.4241850557459762,1,0,0.0,0.0,0.0,1.0,0.0,0.5758149442540238,0.4241850557459762,0.5758149442540238,0.5758149442540238,0.5758149442540238,11,1,2021,10,28,5,1,1,0,1,0,1,GRAVE_LESIONADOS,1
4,1,7,0,4,1,-13.157676270570274,-71.78699174479985,0,4,3,0,4,2,2,2,6543.555,2.0,4,4,1.0,14,33,1198.0,0.33238991780601107,69.33054923278978,59.98477166221,5.584328135959385,354.95344305873175,5286.667874325833,17779.13499998999,2097.3709999899997,2863.123,12818.640999999989,2878.713,14900.421999989989,16.19152450331032,5,1,0,0,3,44.97980150429802,33.36589473893673,56.5937082696593,1.0,0.0,0.0,0.0,1,0,0.0,0.0,0.0,1.0,0.4466887217446649,0.0,0.5533112782553351,1.0,0.5533112782553351,0.5533112782553351,17,2,2022,6,16,4,0,0,2,1,0,1,GRAVE_LESIONADOS,1
3,1,10,0,4,1,-13.953483028040472,-75.80756650012879,0,2,7,1,2,2,2,2,6639.975,2.0,2,0,1.0,9,31,1616.0,0.6053164595604621,78.88848309050202,67.63954639531094,9.133324993872453,1064.9426147896202,27932.19700214133,3721.461,698.1859999999996,744.866,2278.409,1102.9029999999996,2618.558,29.636290693359403,6,1,0,0,5,40.627073640063905,30.558061921789403,50.696085358338415,1.0,1.0,0.0,1.0,1,0,0.0,0.0,0.0,1.0,0.7458527198721856,0.2541472801278144,0.7458527198721856,0.0,0.0,0.0,4,0,2021,4,16,1,0,0,0,1,0,1,GRAVE_LESIONADOS,1
3,2,14,0,3,1,-8.668095916129076,-77.85008408349314,0,3,7,1,2,1,1,0,1902.6086458886184,2.0,2,3,0.17486512433858092,9,11,389.36782185180925,0.5670289450960841,79.51503637915494,69.4584649249071,8.14497928871911,929.1242753652202,17940.770853388174,3318.204305460292,535.2783318899076,654.3410693829744,2128.5849041874094,767.2414485817274,2550.962856878564,23.825492598388617,5,2,0,0,3,46.950809253968515,33.17486512433858,60.72675338359845,1.0,0.8251348756614191,0.0,0.17486512433858092,2,0,0.0,0.8251348756614191,0.0,1.0,0.8251348756614191,0.17486512433858092,0.8251348756614191,0.8251348756614191,1.0,0.8251348756614191,2,0,2022,9,11,0,0,0,0,1,0,1,GRAVE_LESIONADOS,1
6,1,12,0,4,1,-8.43934430191831,-78.77613205445529,0,4,7,1,2,2,2,2,6543.555,2.514744395852759,2,1,1.0,6,31,1340.5841976512143,0.5051395598219868,77.13285387085847,51.52067479184955,6.715328807318118,900.900383457586,67612.41755888652,8931.828000000005,1335.5899999999997,1935.9830000000004,5660.255000000005,1219.309,7712.519000000005,13.651281686122925,4,1,0,0,3,24.911533624883447,24.911533624883447,24.911533624883447,1.0,0.4852556041472411,0.0,0.0,1,0,0.0,0.5147443958527589,0.0,0.4852556041472411,0.0,0.4852556041472411,0.5147443958527589,0.0,0.4852556041472411,0.0,14,1,2023,4,20,5,1,0,0,1,0,1,GRAVE_LESIONADOS,1
6,1,14,0,4,1,-11.993526360074414,-76.99425533340721,0,3,3,0,2,1,1,1,6587.579807731044,2.543405852198264,2,0,1.0,4,30,1539.3797748400448,0.6027828803778498,78.14770462922144,65.35291526618741,8.152956921059268,1175.1800187096628,20114.9990900541,7626.313,1683.4029999999998,1599.0829999999996,4343.827000000001,1814.875,5811.438000000001,23.797541485643197,7,1,0,0,5,42.10934733021563,35.26043511318959,54.43738932086249,1.0,0.0,0.0,0.5434058521982641,1,0,0.0,0.4565941478017359,0.5434058521982641,0.0,0.0,0.0,1.0,0.0,0.0,0.4565941478017359,3,0,2021,9,11,1,0,0,0,1,0,1,GRAVE_LESIONADOS,1
3,1,4,0,4,1,-13.738264309760797,-74.38010635608516,0,4,3,0,2,1,1,2,1626.2030785144204,2.0,2,2,1.0,8,24,292.4476924529979,0.28017784077247065,69.82168535311409,49.087673631898674,4.792353610117377,322.4789247251605,15147.246724085464,12678.733000000004,1805.074000000001,1774.0339999999994,9099.625000000004,2485.375000000001,10193.358000000002,19.602707936195205,5,1,0,0,4,29.471444938844126,22.171434523216046,36.7714553544722,1.0,0.0,0.0,1.0,1,0,0.0,1.0,0.0,0.0,0.0,1.0,0.6952390872026742,0.0,0.6952390872026742,0.0,6,1,2024,4,15,3,0,0,2,1,0,1,GRAVE_LESIONADOS,1
5,1,13,0,4,1,-10.030795281796482,-77.17911172645988,3,4,1,0,1,2,2,2,6543.555,2.1818084656669496,3,3,1.0,11,32,1248.3609449897451,0.6219076528270563,79.326756581885,57.53767720860261,10.076679409173229,1171.3630138382232,14568.555641723875,7863.666679055189,1620.167652130981,1660.3342720831952,4583.164754841013,1706.5960593365974,6157.070619718592,21.952865559234162,6,1,0,0,5,33.72707354617247,33.45436084767204,33.9997862446729,1.0,0.0,0.0,0.8181915343330503,1,0,0.0,1.0,0.18180846566694975,0.0,0.0,0.0,1.0,0.0,0.0,0.0,14,2,2023,8,14,1,0,0,0,1,0,1,GRAVE_LESIONADOS,1
5,1,5,0,4,1,-6.0013343903953436,-78.42111383642876,0,4,0,0,1,2,2,2,6543.555,2.0,4,4,1.0,14,33,1198.0,0.31693670344132474,77.5727113958707,36.631344908037036,4.881921802313024,358.11576554983407,20162.93346585707,16093.946825212339,1765.1487869681837,1101.2783454441505,13227.519692800004,2075.6432279323158,14018.303597280024,12.864299422634996,5,1,0,0,3,40.627721651121114,39.711344176957695,41.343641552811285,1.0,0.08591038820282049,0.0,0.9140896117971795,1,0,0.0,0.0,0.0,1.0,0.08591038820282049,0.0,0.9140896117971795,0.0,0.9140896117971795,0.0,13,2,2023,9,8,2,0,0,2,1,0,1,GRAVE_LESIONADOS,1
6,1,6,0,4,0,-12.669896755367557,-74.18802585011954,0,4,0,0,3,2,2,2,6543.555,2.0,4,4,1.0,14,33,1198.0,0.25275966948251966,77.52490851499206,45.61491922777151,5.014884622516237,216.95557482297613,5960.230645698229,12560.324578741413,1811.1889915756167,1582.9240751126013,9166.211512053194,2228.9858962279613,10331.33868251345,17.701472735208473,4,1,0,0,3,35.71994920855286,35.71994920855286,35.71994920855286,1.0,0.0,0.0,0.0,1,0,0.0,0.0,0.0,1.0,0.0,0.0,1.0,0.7141191409249159,0.7141191409249159,0.7141191409249159,5,0,2021,8,21,2,0,0,2,1,0,1,GRAVE_LESIONADOS,1
6,1,7,0,4,1,-13.10397719833574,-72.59234269355336,0,4,0,0,2,1,1,2,4055.2940624723055,1.1962342816878557,2,3,0.19623428168785562,9,16,1126.464851070219,0.43765963551898596,76.93482239070143,59.94614902244947,6.782490281384525,574.254427174449,3328.42139062962,17779.13499998999,2097.3709999899997,2863.123,12818.640999999989,2878.713,14900.421999989989,16.19152450331032,4,1,0,0,3,32.90585704219639,32.90585704219639,32.90585704219639,1.0,0.0,0.0,0.19623428168785562,1,0,0.0,0.19623428168785562,0.0,0.8037657183121444,0.0,0.8037657183121444,0.19623428168785562,0.0,0.8037657183121444,0.0,8,1,2022,7,13,0,0,0,2,1,0,1,GRAVE_LESIONADOS,1
6,1,12,0,4,1,-8.015513199283,-79.13901472654823,0,4,7,1,2,2,2,1,6543.555,3.0,2,0,1.0,0,30,1475.0,0.537669513683313,76.9138301042169,59.720222562978186,7.41943727202349,950.4739526682952,9569.40035373021,8931.828000000005,1335.5899999999997,1935.9830000000004,5660.255000000005,1219.309,7712.519000000005,13.651281686122925,4,1,0,0,3,56.49158243796475,56.49158243796475,56.49158243796475,1.0,0.0,0.0,0.0,1,0,0.0,0.0,0.0,1.0,0.0,1.0,0.0,0.0,0.6900753541887977,0.0,12,2,2023,3,13,5,1,0,0,1,1,1,GRAVE_LESIONADOS,1
3,1,14,0,4,1,-15.7482999032008,-73.54041749274614,0,4,0,1,2,2,2,0,6639.975,2.0,2,0,1.0,9,31,1616.0,0.5740156473112089,77.34112348153475,74.14201102339524,8.974628263118962,913.6572181310103,1581.8808811932386,3303.4111580692233,671.8305149980316,644.3421132606792,1987.2385298105123,1089.5517351687479,2213.8594229004752,33.806832054487586,6,2,0,0,4,39.69247107906092,34.63096529487311,44.75397686324874,1.0,0.0,0.0,0.3903764460469539,2,0,0.0,0.6096235539530461,0.3903764460469539,1.0,0.0,1.0,1.0,0.0,0.0,0.0,19,2,2023,6,14,2,0,0,0,1,0,1,GRAVE_LESIONADOS,1
6,1,9,0,4,1,-10.745571423103051,-76.39338576039854,1,4,2,0,4,2,2,0,6543.555,2.0,4,4,1.0,14,33,1198.0,0.26993756924827694,67.6256320936666,51.1293826468264,5.006319174907533,270.2258960410692,26872.279158573598,8686.218557885653,1399.7396795269328,1978.3586063598177,5308.120271998901,1605.0553721505628,7081.163185735089,18.577309462682436,4,1,0,0,3,28.89972121880338,28.89972121880338,28.89972121880338,1.0,1.0,0.0,0.0,1,0,0.0,0.41577480098965147,0.0,0.5842251990103485,0.0,0.5842251990103485,0.41577480098965147,0.0,0.0,0.0,18,2,2023,4,7,5,1,0,1,1,0,1,GRAVE_LESIONADOS,1
3,1,19,0,4,2,-5.351308361153301,-80.73923690264357,2,4,6,1,3,2,2,1,6543.555,2.0,4,4,1.0,14,33,1198.0,0.4401335723050918,77.15978378759985,56.06534186544009,5.9566239518990916,635.5802946328483,40936.859378051944,8965.846000060003,1782.4120000599992,636.9959999999999,6546.438000000004,2214.505000059999,6751.341000000004,24.699342371541725,4,1,0,0,2,37.265411251953616,25.852727417948206,48.67809508595902,1.0,1.0,0.0,0.5308225039072283,1,0,0.0,0.4691774960927717,0.5308225039072283,0.0,1.0,0.0,0.0,1.0,1.0,1.0,21,2,2022,3,16,6,1,0,0,1,0,1,GRAVE_LESIONADOS,1
4,1,14,0,4,1,-11.209393013061451,-77.5492082054672,0,4,7,0,2,2,2,2,6543.555,3.0,2,0,1.0,0,30,1475.0,0.7327345537337897,78.20903814342847,76.31492653513806,13.642917835589472,1405.6698219039215,62016.21841541756,7626.313,1683.4029999999998,1599.0829999999996,4343.827000000001,1814.875,5811.438000000001,23.797541485643197,4,1,0,0,3,42.7869797784464,34.25104463816823,51.32291491872457,1.0,0.0,0.0,1.0,1,0,0.0,0.0,0.0,1.0,0.0,1.0,0.6322914918724568,0.0,0.0,0.0,15,1,2023,7,17,0,0,1,0,1,1,1,GRAVE_LESIONADOS,1
3,2,5,0,4,1,-7.062614699288858,-78.09366617041697,0,4,0,0,2,1,0,5,9700.472135547574,2.0,2,0,1.0,9,29,3565.168219950143,0.27801900569258564,80.81059315321434,41.56140156794204,3.8473890484383486,272.53242932076944,4958.74532497175,16121.064982067024,1770.4949282586217,1129.630063318114,13220.93999049029,2088.566278526984,14032.49870354004,12.917841343340976,5,2,0,0,3,44.09752009110964,32.0,56.19504018221928,1.0,0.0,0.0,1.0,2,0,0.0,1.0,0.10061997722259008,0.0,0.0,0.0,1.0,0.0,0.8993800227774099,0.0,7,1,2022,9,6,4,0,0,2,1,0,1,GRAVE_LESIONADOS,1
6,1,10,2,3,1,-13.538315719384961,-75.20399615041975,4,2,7,0,3,2,2,0,6610.1203008795255,2.0,2,1,1.0,10,31,1486.5739034188105,0.6856387221139038,78.33917624490392,73.80815964845966,10.272373889392982,1390.9999348873364,96533.28995736303,8461.067664863462,1625.1405112071943,1645.7308899677885,5190.19626368848,2146.71360341625,6314.354061447213,25.08783412414396,8,1,0,0,7,43.83257732998008,43.83257732998008,43.83257732998008,1.0,0.3096318100028458,0.0,0.0,1,0,0.0,0.0,0.0,0.3096318100028458,0.3096318100028458,0.0,0.6903681899971542,0.3096318100028458,1.0,0.0,12,1,2021,11,27,3,0,1,0,1,0,1,GRAVE_LESIONADOS,1
4,2,12,1,4,1,-8.54989090270146,-77.32523593663993,0,2,4,0,3,1,1,2,9936.932,2.0,2,0,1.0,9,32,3830.0,0.4837951655260139,70.99069233321363,68.8653345467695,7.864066942178403,788.4358049565645,38996.87887425193,8463.539136924972,1484.4390785364028,739.8622149547073,6239.237843433862,1448.1267753823622,7015.41236154261,16.87491463524797,7,2,0,0,4,37.38025022889698,32.070375343345475,49.99120308208182,1.0,0.6637343606939384,0.0,1.0,2,0,0.0,0.0,0.6637343606939384,1.0,0.6637343606939384,0.6637343606939384,0.33626563930606157,0.6637343606939384,1.0,0.6637343606939384,20,2,2022,2,24,1,0,1,1,1,0,1,GRAVE_LESIONADOS,1
6,1,10,0,4,1,-9.342656782351394,-76.6511363403257,0,4,7,1,5,2,2,0,6892.258176296256,2.0,3,2,1.0,12,23,1198.0,0.47838276876420327,73.66182171849668,53.17719377767607,7.200199638605136,800.782902180026,9654.950450237246,8791.32309394632,1372.2878753655132,1960.2246600082588,5458.810558572547,1439.9815332421485,7351.34156070417,16.469296596319637,5,1,0,0,4,29.65784401468871,29.65784401468871,29.65784401468871,1.0,0.0,0.0,0.0,1,0,0.0,0.665784401468871,0.0,0.33421559853112903,0.0,0.33421559853112903,0.665784401468871,0.0,0.0,0.0,7,0,2023,11,4,3,0,0,0,1,0,1,GRAVE_LESIONADOS,1
6,1,10,0,4,1,-13.361101674440434,-76.21726378396214,0,4,7,1,2,2,2,0,6639.975,2.0,2,0,1.0,9,31,1616.0,0.5736744275518083,81.67473861808857,68.1608574885675,9.138785887908334,865.1176766860625,26660.92933618844,3721.461,698.1859999999996,744.866,2278.409,1102.9029999999996,2618.558,29.636290693359403,5,1,0,0,4,36.41684093348013,36.41684093348013,36.41684093348013,1.0,0.0,0.0,0.0,1,0,0.0,0.0,0.0,1.0,0.0,0.28622430723999437,0.7137756927600056,0.0,0.7137756927600056,0.0,8,1,2022,6,12,4,0,0,0,1,0,1,GRAVE_LESIONADOS,1
3,1,14,0,2,4,-12.179901307159472,-76.92236043335083,0,3,2,0,1,2,2,2,6543.555,2.0,4,4,1.0,14,33,1198.0,0.6940615616568111,80.00246218171321,74.12081601673205,9.869884230545575,1420.2697059181617,455651.3572096044,7626.313,1683.4029999999998,1599.0829999999996,4343.827000000001,1814.875,5811.438000000001,23.797541485643197,8,1,0,0,6,30.53989737344231,25.93887110786543,35.14092363901919,1.0,1.0,0.0,0.539897373442312,1,0,0.0,1.0,0.46010262655768797,0.0,0.0,0.0,1.0,1.0,0.539897373442312,0.46010262655768797,13,2,2021,2,23,4,0,1,0,1,0,1,GRAVE_LESIONADOS,1
5,1,12,0,4,1,-7.960970593952113,-78.47282725860018,0,4,7,1,2,2,2,0,637.3202260077481,2.0,2,0,0.8065527719880625,8,29,122.2464312213728,0.4591842306198227,76.90311480307471,47.49328591694647,6.693819967746273,723.2790210848336,13630.960060919131,8931.828000000005,1335.5899999999997,1935.9830000000004,5660.255000000005,1219.309,7712.519000000005,13.651281686122925,5,1,0,0,4,58.80812073780303,58.71139712379706,58.904844351809004,1.0,0.8065527719880625,0.0,0.0,1,0,0.0,0.19344722801193748,0.0,0.8065527719880625,0.0,0.8065527719880625,0.19344722801193748,0.0,0.0,0.0,12,2,2022,1,23,4,0,0,0,1,0,1,GRAVE_LESIONADOS,1
3,2,9,1,2,3,-10.285323285165186,-77.85017660686034,0,3,5,1,2,2,2,0,6543.555,2.2103720815298358,3,3,1.0,11,32,1256.2730665837646,0.5590597815988103,76.97345980868899,68.52470011808028,8.52102376913787,924.8277931176724,27099.03076132002,253.0204236460407,64.41716641043871,65.92351565898909,122.6797415766129,97.62065236619773,155.39977127984298,82.06129172606924,5,2,1,0,2,29.893348733768523,29.893348733768523,29.893348733768523,1.0,0.21037208152983577,0.0,0.0,2,0,0.0,0.0,1.0,1.0,0.21037208152983577,1.0,0.7896279184701642,0.0,1.0,0.21037208152983577,3,0,2021,3,18,5,1,1,1,1,0,0,GRAVE_LESIONADOS,1
6,0,20,0,4,1,-16.178837241621636,-69.47197513887645,0,4,0,1,2,2,2,2,7586.903,2.0,2,0,1.0,9,5,1198.0,0.4165880735399097,72.423109513186,75.2130392489843,7.458409355652476,448.297034390538,19993.13690081056,13642.312999999998,2020.7790000000005,2354.117,9267.416999999998,3314.0520000000006,10328.260999999997,24.29244952817019,5,1,0,0,4,38.608199497087675,38.608199497087675,38.608199497087675,1.0,0.0,0.0,0.0,1,0,0.0,0.0,0.0,1.0,0.0,0.023047088406607408,0.9769529115933926,0.0,1.0,0.0,4,0,2022,11,10,3,0,0,2,1,0,1,GRAVE_LESIONADOS,1
3,1,15,1,2,3,-3.9196143352857282,-74.04114841590558,0,0,7,1,2,2,2,1,6002.6747083729815,2.0,3,3,1.0,12,31,1091.1326791545157,0.5826720249398158,73.6566730480572,57.27504484173334,10.459330184742877,1054.6347774885103,150532.37924894417,1908.2255688482182,299.60481312519323,353.40080033822574,1255.2199553847995,474.5557399391473,1433.6698289090718,24.99475933383403,6,2,0,0,3,46.08156378281055,33.826027600738044,69.69588959704782,1.0,0.8967465499077446,0.0,0.1032534500922554,2,0,0.0,0.0,0.0,1.0,0.8967465499077446,0.1032534500922554,1.0,0.0,1.0,0.8967465499077446,11,2,2022,10,2,1,0,0,0,1,0,1,GRAVE_LESIONADOS,1
5,1,3,0,4,1,-15.585387370123533,-71.12586785927387,4,4,5,1,2,0,1,0,663.9217967776946,1.0,1,2,0.0,9,9,131.77002637378274,0.46556695903299716,81.35431671083555,53.26119586685985,5.815957476288835,719.6141692548084,1370.5447771832357,10322.272,1495.236,1749.739,7077.2970000000005,2886.595,7435.677000000001,27.964725207783708,8,1,0,0,7,25.896359985674156,25.896359985674156,25.896359985674156,1.0,0.0,0.0,0.2107066650749062,1,0,0.0,0.0,0.2107066650749062,0.7892933349250938,0.0,0.7892933349250938,0.2107066650749062,0.0,0.0,0.0,14,3,2024,3,18,3,0,0,0,1,0,1,GRAVE_LESIONADOS,1
3,2,20,0,4,0,-5.879035143785252,-79.07247993008372,0,3,7,0,2,2,2,0,2497.087772597046,2.0,2,0,1.0,3,22,398.4975626292395,0.47987591373557675,79.23205684026327,53.0175501490707,6.5065772292173865,769.6403027379253,122754.40466126135,7537.682521942112,1466.20475825959,790.475791213214,5281.001972469308,1770.1524990399894,5767.530022902123,21.29284259840417,6,2,0,0,4,38.38623306153177,20.820271015491706,55.95219510757183,1.0,0.0,0.0,0.7724661230635367,2,0,0.0,0.0,0.22753387693646332,1.0,1.0,0.7724661230635367,0.0,0.22753387693646332,0.22753387693646332,0.22753387693646332,9,1,2021,8,18,4,0,0,0,1,0,1,GRAVE_LESIONADOS,1