CLASE SINIESTRO,CANTIDAD DE VEHICULOS DAÑADOS,DEPARTAMENTO,ZONA,TIPO DE VÍA,RED VIAL,COORDENADAS LATITUD,COORDENADAS  LONGITUD,CONDICIÓN CLIMÁTICA,ZONIFICACIÓN,CARACTERÍSTICAS DE VÍA,PERFIL LONGITUDINAL VÍA,SUPERFICIE DE CALZADA,¿EXISTE SEÑAL VERTICAL?,¿EXISTE SEÑAL HORIZONTAL?,CAUSA FACTOR PRINCIPAL,MTC_RVN_LONGITUD_KM,MTC_RVN_N_CARRILES_MEDIANA,MTC_RVN_SUPERFICIE_DOMINANTE,MTC_RVN_ESTADO_DOMINANTE,MTC_RVN_ES_CONCESIONADA,MTC_RVN_CONCESION_PRINCIPAL,MTC_RVN_CORREDOR_LOGISTICO,MTC_RVN_N_TRAMOS,IDH_2019,IDH_ESP_VIDA_2019,IDH_EDUC_SECUND_PCT_2019,IDH_ANIOS_EDUC_2019,IDH_INGRESO_PERCAP_2019,IDH_POBLACION_2019,MTC_DEP_RED_TOTAL_KM,MTC_DEP_NACIONAL_TOTAL_KM,MTC_DEP_DEPARTAMENTAL_TOTAL_KM,MTC_DEP_VECINAL_TOTAL_KM,MTC_DEP_PAV_TOTAL_KM,MTC_DEP_NO_PAV_TOTAL_KM,MTC_DEP_PCT_PAVIMENTADA,PER_TOTAL_PERSONAS,PER_N_CONDUCTORES,PER_N_CONDUCTORES_FUGADOS,PER_N_PEATONES,PER_N_PASAJEROS_OCUPANTES,PER_EDAD_COND_PROM,PER_EDAD_COND_MIN,PER_EDAD_COND_MAX,PER_ANY_COND_MASCULINO,PER_ANY_LIC_PROBLEMA,PER_ANY_DOSAJE_POS,PER_ANY_DOSAJE_EVALUADO,VEH_TOTAL,VEH_N_FUGADOS,VEH_ANY_FUGADO,VEH_ANY_CARGA,VEH_ANY_PUBLICO,VEH_ANY_PARTICULAR,VEH_ANY_MOTO,VEH_ANY_AUTO,VEH_ANY_CAMION_BUS,VEH_ANY_SOAT_PROBLEMA,VEH_ANY_CITV_PROBLEMA,VEH_ANY_SEGURO_PROBLEMA,HORA_NUM,FRANJA_HORARIA,ANIO,MES,DIA_MES,DIA_SEMANA,ES_FIN_SEMANA,ES_QUINCENA,REGION_NATURAL,TIENE_SEÑALIZACION,ES_VIA_MULTICARRIL,ES_DEPTO_BAJO_PAVIMENTO,CATEGORIA_SEVERIDAD,CATEGORIA_SEVERIDAD_ENC
3,1,13,0,4,1,-12.791070266951042,-74.0217519288061,1,4,1,1,2,1,1,2,7586.903,2.0,2,0,1.0,9,5,1198.0,0.47288214527068806,74.30959149617227,65.24437408449207,8.060653758432702,694.3090893396206,934.0121371457049,12649.770906652617,1880.7947523844387,1454.6431975691933,9314.332956698985,2070.9927456520973,10578.77816100052,16.122994670483692,5,2,0,0,3,38.957210028515924,22.871630085547768,55.042789971484076,1.0,0.0,0.2796014326451318,1.0,2,0,0.0,0.0,0.0,1.0,0.7203985673548682,0.7203985673548682,0.2796014326451318,0.2796014326451318,1.0,0.0,15,2,2022,2,16,6,1,0,2,1,0,1,GRAVE_LESIONADOS,1
6,1,7,0,4,2,-13.81027503116714,-71.53511305829723,6,4,7,0,6,2,2,2,6543.555,2.0,4,4,1.0,14,33,1198.0,0.2852806964189879,63.14252632176226,59.342152821618654,5.232263712141527,273.769191454265,4317.744681556091,17779.13499998999,2097.3709999899997,2863.123,12818.640999999989,2878.713,14900.421999989989,16.19152450331032,28,1,0,0,27,37.65630493204058,37.65630493204058,37.65630493204058,1.0,0.0,0.0,0.0,1,0,0.0,0.0,0.0,0.127408071695429,0.0,0.0,1.0,0.127408071695429,0.127408071695429,0.127408071695429,15,3,2023,9,14,5,0,0,2,1,0,1,GRAVE_LESIONADOS,1
4,1,14,0,3,2,-11.607707546297593,-77.32248580366661,0,2,4,1,2,2,2,1,6543.555,2.6392628831813627,2,1,1.0,5,31,1375.0758186412374,0.7692389830816825,79.0217547917994,77.51785865499087,13.410734006917615,1615.112881359094,60523.682112566625,7626.313,1683.4029999999998,1599.0829999999996,4343.827000000001,1814.875,5811.438000000001,23.797541485643197,16,1,0,0,14,45.0,39.94968036453908,48.607371168186376,1.0,0.0,0.0,0.6392628831813628,1,0,0.0,0.0,0.3607371168186372,1.0,0.3607371168186372,0.6392628831813628,0.3607371168186372,0.0,0.3607371168186372,0.3607371168186372,7,1,2023,8,20,2,0,1,0,1,0,1,GRAVE_LESIONADOS,1
5,1,12,0,4,0,-7.843091317321512,-78.62086484673931,0,4,7,1,2,2,2,0,6543.555,2.0751429531775867,3,3,1.0,12,32,1218.8145980301915,0.39078774018487616,74.75989210612799,52.241137832259604,5.682670643038244,507.9501585718609,26545.310462534733,8931.828000000005,1335.5899999999997,1935.9830000000004,5660.255000000005,1219.309,7712.519000000005,13.651281686122925,4,1,0,0,3,38.72256979598103,38.72256979598103,38.72256979598103,1.0,1.0,0.0,0.0,1,0,0.0,0.9248570468224134,0.07514295317758657,0.07514295317758657,0.07514295317758657,0.0,0.9248570468224134,0.07514295317758657,0.0,0.0,21,2,2021,8,17,5,1,1,0,1,0,1,GRAVE_LESIONADOS,1
6,1,3,0,4,1,-16.41610441179619,-72.03309450589747,0,4,6,0,2,1,1,0,6639.975,2.0,2,0,1.0,9,31,1616.0,0.6357196479954504,78.58157172927307,75.59080686600015,8.379246029289712,1235.396992659822,2404.012871201804,10322.272,1495.236,1749.739,7077.2970000000005,2886.595,7435.677000000001,27.964725207783708,31,1,0,0,30,29.610429115916205,29.610429115916205,29.610429115916205,1.0,0.0,0.0,0.8657975736736497,1,0,0.0,0.0,1.0,0.0,0.0,0.0,1.0,0.0,0.0,0.0,3,0,2024,10,6,5,1,0,0,1,0,1,GRAVE_LESIONADOS,1
4,1,14,2,2,4,-11.97626334517779,-77.05668722469868,2,3,6,1,3,2,2,0,6543.555,2.0,4,4,1.0,14,33,1198.0,0.7224087834641287,80.07147406655768,78.0468992142039,10.418099191597996,1508.776310120453,720057.47482401,7626.313,1683.4029999999998,1599.0829999999996,4343.827000000001,1814.875,5811.438000000001,23.797541485643197,6,1,0,0,4,45.09232399249102,42.96086435203158,47.223783632950465,1.0,0.35524327340990713,0.0,0.0,1,0,0.0,0.35524327340990713,1.0,0.0,0.6447567265900929,0.0,0.35524327340990713,0.35524327340990713,1.0,0.35524327340990713,14,1,2023,9,17,5,1,0,0,1,0,1,GRAVE_LESIONADOS,1
6,1,3,1,4,2,-15.939878198877114,-72.79369799005867,0,4,1,0,3,2,2,0,6543.555,2.0,4,4,1.0,14,33,1198.0,0.5761659605121311,75.11197833172875,60.47141343248545,8.059343601014357,1161.713365622737,1624.5418388787966,10322.272,1495.236,1749.739,7077.2970000000005,2886.595,7435.677000000001,27.964725207783708,5,1,0,0,4,28.339660620481443,28.339660620481443,28.339660620481443,1.0,0.33966062048144274,0.0,0.0,1,0,0.0,0.33966062048144274,0.0,0.6603393795185573,0.0,0.0,1.0,0.0,0.33966062048144274,0.0,8,0,2021,5,20,3,0,1,0,1,0,1,GRAVE_LESIONADOS,1
3,1,14,2,3,4,-12.20625809360419,-76.94101136647315,0,0,7,0,3,2,2,0,6543.555,2.0,4,4,1.0,14,33,1198.0,0.6963506918244091,80.06834500791139,74.24216929377552,9.931633936199825,1425.8861760156683,457262.52667812014,7626.313,1683.4029999999998,1599.0829999999996,4343.827000000001,1814.875,5811.438000000001,23.797541485643197,5,1,0,0,3,66.8225391476333,66.8225391476333,66.8225391476333,1.0,0.707947826701189,0.0,0.0,1,0,0.0,0.0,0.29205217329881095,0.707947826701189,1.0,0.0,0.707947826701189,1.0,1.0,0.707947826701189,14,1,2024,6,20,4,0,1,0,1,0,1,GRAVE_LESIONADOS,1
3,1,7,0,4,1,-13.517659430161967,-72.12421603736401,0,1,3,1,2,1,1,2,7586.903,2.0,2,0,1.0,9,5,1198.0,0.41381573041624253,68.31451829645454,61.443545102145336,6.695952237876147,593.6096372141908,8673.279056048052,17779.13499998999,2097.3709999899997,2863.123,12818.640999999989,2878.713,14900.421999989989,16.19152450331032,6,2,0,0,3,34.3599164576128,29.42575255329858,41.94953189390617,1.0,0.0,0.0,0.0,2,0,0.442575255329858,0.0,0.0,1.0,0.0,1.0,0.442575255329858,0.0,0.557424744670142,0.442575255329858,11,1,2023,9,3,2,0,0,2,1,0,1,GRAVE_LESIONADOS,1
8,1,10,0,4,1,-13.945330996371046,-75.92691388905361,0,4,7,1,2,2,2,0,6639.975,2.0,2,0,1.0,9,31,1616.0,0.6053164595604621,78.88848309050202,67.63954639531094,9.133324993872453,1064.9426147896202,27932.19700214133,3721.461,698.1859999999996,744.866,2278.409,1102.9029999999996,2618.558,29.636290693359403,5,1,0,0,4,29.183767096323358,29.183767096323358,29.183767096323358,1.0,0.0,0.0,0.7439788269384869,1,0,0.0,0.0,0.0,0.7439788269384869,0.0,0.25602117306151306,0.7439788269384869,0.25602117306151306,0.0,0.25602117306151306,6,0,2021,10,27,4,0,1,0,1,0,1,GRAVE_LESIONADOS,1
6,1,11,0,4,1,-11.474789009311243,-75.76128756312275,3,4,6,1,3,1,1,1,7222.59504048714,2.0,2,1,1.0,10,14,1198.0,0.5472375432652826,75.20945621841702,62.369051974828096,8.399756062177044,956.8750136652127,10031.645032708688,12264.545,1826.4639999999995,1105.5389999999998,9332.542,1588.5359999999996,10676.009,12.952261987705208,6,1,0,0,5,31.935924841681423,31.935924841681423,31.935924841681423,1.0,0.0,0.0,0.0,1,0,0.0,0.34917204951067193,0.0,0.6508279504893281,0.0,0.6508279504893281,0.34917204951067193,0.0,0.0,0.0,7,0,2022,9,4,5,1,0,2,1,0,1,GRAVE_LESIONADOS,1
3,1,8,0,4,1,-13.413352985340861,-74.92693921336245,2,4,0,0,2,1,1,1,1679.5849999999998,2.0,2,3,1.0,9,24,315.0,0.2997946406100768,72.83003345209801,46.42647217987546,4.997510303405721,292.6881439974165,3327.8779443254816,8511.426,1445.3929999999996,2008.516,5057.516999999999,1879.579,6631.846999999998,22.08300935706896,10,1,0,0,8,49.11627368029288,41.162736802928805,57.06981055765696,1.0,0.0,0.0,0.8837263197071193,1,0,0.0,0.8837263197071193,0.0,1.0,0.0,0.11627368029288065,0.8837263197071193,0.0,0.0,0.0,13,2,2024,3,3,0,0,0,2,1,0,1,GRAVE_LESIONADOS,1
3,2,20,2,2,2,-15.838370498344615,-70.02302091167438,0,0,3,0,2,0,1,2,7027.240299634217,2.0,3,2,1.0,11,20,1198.0,0.6488901960567479,69.67312345830231,82.12448375199249,11.701623814093702,1230.336353415943,144745.3597430407,13642.312999999998,2020.7790000000005,2354.117,9267.416999999998,3314.0520000000006,10328.260999999997,24.29244952817019,10,2,0,0,8,37.46358961691997,31.218462298480183,43.70871693535976,1.0,0.0,0.0,0.0,2,0,0.0,0.0,1.0,1.0,0.4635896169199696,1.0,0.5364103830800304,0.0,0.4635896169199696,0.0,13,2,2021,9,9,3,0,0,2,1,0,1,GRAVE_LESIONADOS,1
3,2,20,0,4,1,-15.812367152250097,-69.98621221196747,0,4,0,1,2,2,2,2,7586.903,2.0,2,0,1.0,9,5,1198.0,0.33302527259299836,69.16670093800856,70.99239198536675,6.431117222154386,293.17328120578657,5389.946548845023,13642.312999999998,2020.7790000000005,2354.117,9267.416999999998,3314.0520000000006,10328.260999999997,24.29244952817019,14,2,0,0,12,33.56285189495497,28.622888630270207,38.502815159639724,1.0,0.5628518949549653,0.0,0.0,2,0,0.0,0.43714810504503465,0.43714810504503465,0.5628518949549653,0.0,0.5628518949549653,1.0,0.0,0.0,0.0,18,2,2022,5,2,5,0,0,2,1,0,1,GRAVE_LESIONADOS,1
5,1,6,0,4,1,-11.378847303485397,-74.48671108095559,0,4,7,0,3,2,2,0,6543.555,2.0,4,4,1.0,14,33,1198.0,0.39359707852564696,76.4250661391045,52.441325179217074,5.475885628402251,521.293209892431,28552.37915026666,17285.291302092857,2000.013417817368,2346.815152396597,12938.462731878892,2643.373735315426,14641.917566777433,15.216482569020943,4,1,0,0,3,25.491408447757536,22.410862245356967,28.571954650158105,1.0,0.7321264171825592,0.0,0.7321264171825592,1,0,0.2678735828174408,0.7321264171825592,0.0,0.2678735828174408,0.2678735828174408,0.0,0.7321264171825592,0.2678735828174408,0.2678735828174408,0.2678735828174408,13,3,2024,3,17,6,1,1,2,1,0,1,GRAVE_LESIONADOS,1
3,1,7,1,4,1,-13.53268186524677,-72.04198406132917,0,0,4,1,2,0,1,2,7586.903,2.0,2,0,1.0,9,5,1198.0,0.4406738264948457,67.29489486853045,65.9933301165388,7.177317365684399,666.212770162472,8668.946032876522,17779.13499998999,2097.3709999899997,2863.123,12818.640999999989,2878.713,14900.421999989989,16.19152450331032,14,2,0,0,12,26.291990004521,23.1879850067815,29.3959950022605,1.0,0.6040049977395001,0.0,0.6040049977395001,2,0,0.0,0.0,0.6040049977395001,1.0,0.0,1.0,0.6040049977395001,0.0,0.3959950022604999,0.0,9,1,2023,6,17,4,0,0,2,1,0,1,GRAVE_LESIONADOS,1
3,2,13,0,4,1,-11.431300316284402,-77.40867598505,0,3,7,0,2,2,2,2,6555.96101502655,2.8713335923402825,2,0,1.0,1,30,1493.1419634800202,0.7163731289844499,78.51437633131816,75.58454778402134,13.22455560356393,1345.6132926409816,62609.23500039788,7123.889720717137,1556.6386678447159,1489.1739672481388,4078.0770856242825,1723.2681204056955,5400.621600311442,24.548792371426064,4,2,0,0,2,42.250554044681685,28.90066485361802,55.51466563063887,1.0,0.0,0.0,0.8713335923402825,2,0,0.0,0.0,0.0,1.0,0.0,1.0,0.8713335923402825,0.0,0.12866640765971749,0.0,22,2,2023,6,15,0,0,0,0,1,0,1,GRAVE_LESIONADOS,1
9,1,5,0,4,2,-6.881039463196611,-78.16959658399537,0,3,0,0,1,2,2,0,6543.555,2.0,4,4,1.0,14,33,1198.0,0.46260660115061,68.56139577878555,65.85178046271685,7.358837283094638,697.0492706300298,29011.875256299954,15937.584274497158,1734.3230825098744,937.8031156309532,13265.45807635633,2001.129271661925,13936.455002835235,12.55557817226985,8,1,0,0,7,22.02409660521231,22.02409660521231,22.02409660521231,1.0,0.0,0.0,0.9989046997630767,1,0,0.0,0.00109530023692328,0.0,0.9989046997630767,0.0,0.0,1.0,0.9989046997630767,0.9989046997630767,0.9989046997630767,11,1,2022,9,5,1,0,0,2,1,0,1,GRAVE_LESIONADOS,1
4,1,1,0,4,1,-11.57396064432572,-76.02842759150043,0,4,2,0,2,1,0,1,6581.374513837759,2.0,3,2,1.0,12,32,1361.9551626652485,0.5494951323272683,77.58616995128136,51.41252272780549,9.211456543629545,940.054934746819,5180.919730981093,10592.954950891872,1732.1583368509432,1429.4370811423778,7431.359532898552,2408.7403075499446,8184.2146433419275,22.823858457205617,6,1,0,0,5,31.72625369693747,28.392237231256576,35.06027016261836,1.0,0.0,0.0,0.0,1,0,0.0,0.0,0.0,1.0,0.0,0.0,1.0,0.0,0.6077627687434245,0.0,9,1,2022,7,17,1,0,0,0,1,0,1,GRAVE_LESIONADOS,1
3,1,19,0,4,1,-9.92725604018699,-76.06175699006027,0,4,4,1,2,2,2,2,6543.555,2.5952941256708297,2,1,1.0,5,31,1362.89647281082,0.4520558754907307,74.4416935034982,64.92045035813739,7.415426604329491,616.2210805836744,49498.701180612625,10858.43966604223,1878.8805251819385,1331.9249556339792,7647.634185226312,2659.4981300367335,8198.941536005495,24.534670447606768,5,1,0,0,3,53.64235286896253,53.64235286896253,53.64235286896253,1.0,0.0,0.0,0.5952941256708298,1,0,0.0,0.5952941256708298,0.0,0.40470587432917016,0.0,0.0,1.0,0.0,0.5952941256708298,0.0,10,0,2022,5,23,0,0,1,0,1,0,1,GRAVE_LESIONADOS,1
5,1,15,0,4,1,-14.654009934284904,-71.28726141785143,1,4,1,1,2,1,1,1,7351.933622403627,2.0,2,0,1.0,10,11,1198.0,0.42014757223126603,73.29977378419508,72.9833733450469,7.096170688207574,476.58286210516036,19034.199517789053,12994.918031256992,1990.2147931870584,2099.3185876437906,8905.384650426144,3040.7161156036946,9954.201915653297,23.21451878260256,5,1,0,0,4,41.25207100216202,39.2252071002162,43.27893490410783,1.0,0.0,0.0,0.0,1,0,0.0,0.2252071002162016,0.0,1.0,0.0,0.2252071002162016,1.0,0.0,0.7747928997837984,0.0,6,0,2022,9,9,3,0,0,1,1,0,1,GRAVE_LESIONADOS,1
6,1,13,0,4,0,-10.203851080143851,-76.41336503627804,0,4,3,1,1,1,0,1,5196.789272714882,2.0,3,2,1.0,10,29,931.9055474760594,0.5701667838501887,73.99710984501372,69.79977719594126,9.664487987232379,965.0734076388866,120828.70813829136,11416.462387023861,1815.1384030853917,985.078426986546,8616.245556951922,1749.470181997994,9666.992205025866,15.972390416199605,14,1,0,0,13,42.313864804556005,42.313864804556005,42.313864804556005,1.0,0.0,0.0,1.0,1,0,0.0,0.7429039106048883,0.25709608939511175,0.0,0.0,0.0,1.0,0.0,0.0,0.0,7,1,2021,8,18,4,0,1,1,1,0,1,GRAVE_LESIONADOS,1
6,1,14,0,4,1,-11.140472484757856,-77.51235106434063,0,4,0,0,2,1,0,1,6543.555,3.0,2,0,1.0,0,30,1475.0,0.6160118348166438,80.58020527719567,68.05794263274748,8.028919266324941,1183.82592173432,20760.821012932178,7626.313,1683.4029999999998,1599.0829999999996,4343.827000000001,1814.875,5811.438000000001,23.797541485643197,23,1,0,0,22,45.67127965039625,45.67127965039625,45.67127965039625,1.0,0.0,0.0,0.5205450218502343,1,0,0.0,0.0,1.0,0.0,0.0,0.0,1.0,0.0,0.0,0.0,6,1,2021,5,21,3,0,1,0,1,1,1,GRAVE_LESIONADOS,1
4,1,14,0,4,1,-14.25253861269496,-71.28651186961018,0,4,4,1,3,1,1,3,2381.688602827645,1.6327222987192909,1,1,0.0,9,24,714.1812855991626,0.4077784026495801,71.12379903617054,66.06770097954833,6.808176274673084,488.6235448092661,13211.463866835704,13288.411552599935,1941.5553634452453,2141.065449207982,9205.790739946708,3009.6974163358063,10278.714136264127,22.570012016669086,6,1,0,0,4,26.345554025614184,23.040054714087802,29.651053337140567,1.0,0.36727770128070925,0.0,1.0,1,0,0.0,0.36727770128070925,0.0,1.0,0.36727770128070925,0.6327222987192908,0.36727770128070925,0.36727770128070925,1.0,0.0,10,1,2021,7,9,2,0,0,2,1,0,1,GRAVE_LESIONADOS,1
4,2,1,0,4,1,-5.762111523234476,-78.35501211772163,0,3,7,1,2,2,2,0,7758.33400008,2.0,2,0,1.0,9,20,2133.0,0.5067725634610472,71.73922712330138,66.66570973431807,6.862706500687045,880.5836038887362,50294.81473640605,4053.815735042832,1125.8140593459993,617.7926133361863,2310.2090623606464,949.6080391029395,3104.207695939893,23.635465788623613,4,2,0,0,2,29.439794397062137,24.39670165837461,34.482887135749664,1.0,0.08618547737505577,0.0,0.0,2,0,0.0,0.0,0.08618547737505577,1.0,1.0,0.0,0.9138145226249442,0.08618547737505577,1.0,0.08618547737505577,4,0,2023,1,21,6,1,0,1,1,0,1,GRAVE_LESIONADOS,1
4,1,13,0,4,0,-9.623230367029528,-78.35492946776918,0,4,2,1,2,1,0,0,6543.555,2.6317045323442905,2,1,1.0,5,31,1372.9821554593684,0.623448054985073,80.89179291973004,72.24518151702458,9.076195684761885,1089.4437338276066,20158.109772450385,8107.128257456546,1555.3050485082645,1723.1617430532085,4828.661465895073,1595.5307415101597,6511.597515946386,20.06071998782255,28,1,0,0,26,49.21215892047577,47.37068158219723,51.053636258754324,1.0,0.0,0.0,0.0,1,0,0.0,0.36829546765570953,0.6317045323442905,0.0,0.0,0.36829546765570953,1.0,0.0,0.36829546765570953,0.0,12,3,2022,1,20,4,0,1,0,1,0,1,GRAVE_LESIONADOS,1
6,1,5,2,3,3,-6.506342874379927,-78.72911825227872,0,1,7,0,1,2,2,3,6543.555,2.0,4,4,1.0,14,33,1198.0,0.4254728326475916,74.92715205341392,57.261864141795805,5.686554047285281,618.2251500306108,50074.92001594965,15935.565011852366,1733.9250000199986,935.692,13265.948011832368,2000.1670000199988,13935.398011832369,12.551591352627522,6,1,0,0,5,47.48133509374523,47.48133509374523,47.48133509374523,1.0,0.6265554088545645,0.0,1.0,1,0,0.0,0.0,1.0,0.0,0.0,0.0,1.0,0.6265554088545645,0.6265554088545645,0.6265554088545645,8,1,2024,3,17,4,0,0,2,1,0,1,GRAVE_LESIONADOS,1
6,1,1,0,4,0,-8.874559656374933,-77.59449862159768,1,4,5,0,3,1,0,0,6543.555,2.0,4,4,1.0,14,33,1198.0,0.24098725677005245,80.26089620224498,45.987411578571624,3.9160823329022896,183.1351607435222,2544.8402835569423,10767.648,1885.0630000000003,1222.721,7659.864000000001,2100.343,8667.305000000002,19.506051832303577,6,1,0,0,5,34.69879292539614,34.69879292539614,34.69879292539614,1.0,0.0,0.0,0.0,1,0,0.0,0.0,0.38353451243397696,0.616465487566023,0.0,0.38353451243397696,0.616465487566023,0.0,0.38353451243397696,0.0,13,1,2023,1,18,5,0,1,0,1,0,1,GRAVE_LESIONADOS,1
3,1,11,0,4,1,-8.77272579714398,-78.01245035960135,0,4,0,0,2,2,2,1,665.0105685538808,1.836620210367658,1,0,0.8366202103676581,8,29,105.71829263713197,0.3499284139827274,72.53967650597113,51.40864266603397,5.450236764073132,420.7240946374875,26744.678289749445,8863.142809678988,1353.5295910409998,1947.833426281403,5561.779792356585,1327.1837737005462,7535.9590359784415,15.028855579239284,5,1,0,0,4,37.35914631856598,29.41125432007323,45.30703831705873,1.0,0.0,0.0,0.0,1,0,0.0,0.8366202103676581,0.0,1.0,0.0,1.0,0.8366202103676581,0.0,0.8366202103676581,0.0,16,3,2021,9,13,3,0,0,0,1,0,1,GRAVE_LESIONADOS,1
7,1,10,0,4,1,-14.50538087660491,-75.33000746312428,0,4,7,1,2,2,2,0,6639.975,2.0,2,0,1.0,9,31,1616.0,0.5734675459857164,77.66559001452666,68.5915957702914,8.706171536196283,967.2859350357039,27932.19700214133,3721.461,698.1859999999996,744.866,2278.409,1102.9029999999996,2618.558,29.636290693359403,4,1,0,0,3,28.095270074918588,28.095270074918588,28.095270074918588,1.0,0.0,0.0,0.34921167915309814,1,0,0.0,0.0,0.0,1.0,0.0,0.0,1.0,0.0,0.0,0.0,3,0,2022,5,28,3,0,1,0,1,0,1,GRAVE_LESIONADOS,1
3,2,16,0,4,2,-6.430578938166504,-78.77858191735567,0,2,4,1,2,2,2,0,6543.555,2.614168850318893,2,1,1.0,5,31,1368.1247715383333,0.5444952505058327,73.83513015673371,64.43280217681756,8.853831223258915,903.5848293229315,82247.73643744063,4302.903756914828,630.8167465404276,796.0514899176228,2876.0355204567772,822.9823337897769,3479.9214231250503,19.412430078907864,10,2,0,0,8,39.23214993472622,28.055039305740067,50.40926056371239,1.0,1.0,0.0,0.6141688503188927,2,0,0.0,0.0,0.6141688503188927,0.3858311496811073,0.3858311496811073,0.0,0.6141688503188927,0.3858311496811073,1.0,0.3858311496811073,8,0,2022,8,23,3,0,1,0,1,0,1,GRAVE_LESIONADOS,1
3,2,18,1,5,2,-6.271907610640497,-77.94739820649308,0,1,3,1,2,2,2,1,6543.555,2.334143022383862,3,2,1.0,9,31,1290.5576172003298,0.5376491774011461,73.21140156451943,62.644149581387715,8.353812694820494,926.108397872369,84156.9855117889,4914.8848024463005,714.8284152825279,873.2182073216791,3326.8381798420933,909.8046217668611,4005.080180679439,18.74648639417839,4,2,0,0,2,24.175573246222484,20.34143022383862,28.009716268606347,1.0,1.0,0.0,0.0,2,0,0.0,0.0,0.3341430223838622,1.0,1.0,0.3341430223838622,0.0,0.6658569776161378,1.0,1.0,16,1,2023,5,14,4,0,0,0,1,0,1,GRAVE_LESIONADOS,1
3,1,17,0,4,1,-14.475955148236714,-71.33762971210099,0,3,1,0,1,2,2,2,1532.8654471593836,1.1820958231675607,0,3,0.18209582316756057,9,32,260.6818133500244,0.40144830352860295,77.5233546917633,71.18494488237006,6.938006153011711,402.29353271060563,51007.67697076346,14059.90461282892,1968.5440847447346,2095.827732023553,9995.532796060632,3074.7990293811317,10985.105583447787,22.154488294001165,9,1,0,0,7,47.49847297257842,43.0,51.99694594515683,1.0,0.18209582316756057,0.0,1.0,1,0,0.0,0.0,1.0,0.8179041768324394,0.0,0.8179041768324394,1.0,1.0,0.18209582316756057,0.18209582316756057,11,2,2022,1,29,1,0,1,2,1,0,1,GRAVE_LESIONADOS,1
5,1,19,0,3,1,-5.150266477855889,-80.69492923287004,6,4,7,1,2,1,1,2,6543.555,2.961636138644299,2,0,1.0,0,30,1464.3732104044707,0.6019888718850152,78.42071905217887,72.4619507732097,9.776217787581974,981.9894734589604,183684.34475299754,8965.846000060003,1782.4120000599992,636.9959999999999,6546.438000000004,2214.505000059999,6751.341000000004,24.699342371541725,6,1,0,0,5,28.36445668287916,27.846544554577196,28.882368811181127,1.0,0.038363861355701134,0.0,0.9616361386442989,1,0,0.0,0.0,0.0,1.0,0.038363861355701134,0.9616361386442989,0.0,1.0,0.9616361386442989,0.0,9,1,2021,7,6,5,0,0,0,1,0,1,GRAVE_LESIONADOS,1
3,1,14,1,2,3,-11.97371048316693,-77.11952244209876,0,0,0,0,2,2,2,0,6543.555,2.0,4,4,1.0,14,33,1198.0,0.8208539968737177,80.17088605515671,79.21873055098366,13.082440379725844,1911.252462104213,58413.327746454306,7626.313,1683.4029999999998,1599.0829999999996,4343.827000000001,1814.875,5811.438000000001,23.797541485643197,31,2,0,0,27,45.19380424149283,31.77521696597132,55.129202827661885,1.0,0.0,0.0,0.12920282766188684,2,0,0.0,0.0,1.0,0.8707971723381132,0.8707971723381132,0.0,1.0,0.0,0.8707971723381132,0.8707971723381132,12,2,2023,7,24,3,0,0,0,1,0,1,GRAVE_LESIONADOS,1
3,1,3,0,4,1,-16.41142729450001,-71.70335204818745,0,4,7,1,2,1,1,0,1504.4250000000002,2.0,2,0,1.0,7,25,241.0,0.605655145404276,78.16037743864551,72.76278966029928,8.695714555640027,1079.3508332530869,34202.11866521208,10322.272,1495.236,1749.739,7077.2970000000005,2886.595,7435.677000000001,27.964725207783708,8,2,0,0,6,35.505167935943554,23.46175030061821,47.206752304739624,1.0,0.0,0.0,0.5127498997939296,2,0,0.0,1.0,0.5127498997939296,0.0,0.0,0.0,1.0,0.0,0.0,0.0,17,2,2023,8,7,2,0,0,0,1,0,1,GRAVE_LESIONADOS,1
6,1,5,0,4,2,-7.095998864430546,-78.12068915391015,1,4,2,0,1,2,2,2,6543.555,2.0,4,4,1.0,14,33,1198.0,0.24877019858029986,76.02266537116918,43.77229788686432,3.157844068300107,258.8023966274034,7985.150960491657,15935.565011852366,1733.9250000199986,935.692,13265.948011832368,2000.1670000199988,13935.398011832369,12.551591352627522,5,1,0,0,4,30.627996242185397,28.220997181639046,32.433245537595155,0.3982502348634128,0.0,0.0,0.3982502348634128,1,0,0.0,0.6017497651365872,0.3982502348634128,0.0,0.0,0.0,1.0,0.0,0.6017497651365872,0.0,15,1,2022,4,4,0,0,0,2,1,0,1,GRAVE_LESIONADOS,1