CLASE SINIESTRO,CANTIDAD DE VEHICULOS DAÑADOS,DEPARTAMENTO,ZONA,TIPO DE VÍA,RED VIAL,COORDENADAS LATITUD,COORDENADAS  LONGITUD,CONDICIÓN CLIMÁTICA,ZONIFICACIÓN,CARACTERÍSTICAS DE VÍA,PERFIL LONGITUDINAL VÍA,SUPERFICIE DE CALZADA,¿EXISTE SEÑAL VERTICAL?,¿EXISTE SEÑAL HORIZONTAL?,CAUSA FACTOR PRINCIPAL,MTC_RVN_LONGITUD_KM,MTC_RVN_N_CARRILES_MEDIANA,MTC_RVN_SUPERFICIE_DOMINANTE,MTC_RVN_ESTADO_DOMINANTE,MTC_RVN_ES_CONCESIONADA,MTC_RVN_CONCESION_PRINCIPAL,MTC_RVN_CORREDOR_LOGISTICO,MTC_RVN_N_TRAMOS,IDH_2019,IDH_ESP_VIDA_2019,IDH_EDUC_SECUND_PCT_2019,IDH_ANIOS_EDUC_2019,IDH_INGRESO_PERCAP_2019,IDH_POBLACION_2019,MTC_DEP_RED_TOTAL_KM,MTC_DEP_NACIONAL_TOTAL_KM,MTC_DEP_DEPARTAMENTAL_TOTAL_KM,MTC_DEP_VECINAL_TOTAL_KM,MTC_DEP_PAV_TOTAL_KM,MTC_DEP_NO_PAV_TOTAL_KM,MTC_DEP_PCT_PAVIMENTADA,PER_TOTAL_PERSONAS,PER_N_CONDUCTORES,PER_N_CONDUCTORES_FUGADOS,PER_N_PEATONES,PER_N_PASAJEROS_OCUPANTES,PER_EDAD_COND_PROM,PER_EDAD_COND_MIN,PER_EDAD_COND_MAX,PER_ANY_COND_MASCULINO,PER_ANY_LIC_PROBLEMA,PER_ANY_DOSAJE_POS,PER_ANY_DOSAJE_EVALUADO,VEH_TOTAL,VEH_N_FUGADOS,VEH_ANY_FUGADO,VEH_ANY_CARGA,VEH_ANY_PUBLICO,VEH_ANY_PARTICULAR,VEH_ANY_MOTO,VEH_ANY_AUTO,VEH_ANY_CAMION_BUS,VEH_ANY_SOAT_PROBLEMA,VEH_ANY_CITV_PROBLEMA,VEH_ANY_SEGURO_PROBLEMA,HORA_NUM,FRANJA_HORARIA,ANIO,MES,DIA_MES,DIA_SEMANA,ES_FIN_SEMANA,ES_QUINCENA,REGION_NATURAL,TIENE_SEÑALIZACION,ES_VIA_MULTICARRIL,ES_DEPTO_BAJO_PAVIMENTO,CATEGORIA_SEVERIDAD,CATEGORIA_SEVERIDAD_ENC
3,1,3,0,4,1,-15.85795844960274,-71.12222871127405,0,4,3,1,2,1,1,0,1504.4250000000002,2.0,2,0,1.0,7,25,241.0,0.4498224071382834,81.63336343193146,58.84842497065013,5.774685730039019,620.6584683449911,1358.612419700214,10322.272,1495.236,1749.739,7077.2970000000005,2886.595,7435.677000000001,27.964725207783708,6,2,0,0,4,34.251416359641155,23.011330877129257,45.491501842153056,1.0,0.0,0.0,0.5028327192823143,2,0,0.0,0.0,0.5028327192823143,1.0,0.0,0.4971672807176857,1.0,0.0,0.0,0.0,4,0,2023,6,8,2,0,0,0,1,0,1,GRAVE_LESIONADOS,1
3,2,7,0,4,1,-11.967217662663916,-74.67612400812261,0,4,2,0,2,1,1,1,558.9355935117176,2.0,2,2,0.33258446946616893,8,14,169.51231179758562,0.4213952586098272,76.00769703109039,55.59430668271401,6.004736330892152,644.8084198909984,20046.31428709565,8911.87948964295,1387.2761986119083,1110.513766644857,6414.089524386185,1667.4030234147513,7244.476466228199,17.917534809267327,6,2,0,0,4,57.99550681679701,54.66741553053383,61.32359810306019,1.0,0.0,0.0,0.6674155305338311,2,0,0.0,0.6674155305338311,0.0,0.33258446946616893,0.0,1.0,1.0,0.0,0.6674155305338311,0.0,17,2,2022,1,12,2,0,0,1,1,0,1,GRAVE_LESIONADOS,1
5,1,19,0,4,0,-5.184335583468187,-80.29681560009061,0,3,7,0,2,2,2,0,1372.0500911356908,2.0,2,0,1.0,1,20,176.21221644602377,0.4609806862284557,80.63842865836563,50.98941376428692,5.701729288327338,731.9144366552968,125279.82731922633,8885.721158076365,1764.6716953459136,645.6067397416763,6475.442722988775,2189.5753092544455,6696.14584882192,24.508226116139614,39,1,0,0,38,48.85958030830313,48.71916061660626,49.0,1.0,0.0,0.0,0.9872345734821026,1,0,0.0,0.0,1.0,0.01276542651789736,0.01276542651789736,0.0,0.9872345734821026,0.01276542651789736,0.01276542651789736,0.01276542651789736,6,1,2021,11,19,0,0,0,0,1,0,1,GRAVE_LESIONADOS,1
3,1,13,2,3,1,-11.549918989315582,-77.30383836862376,0,2,6,1,2,2,2,0,6627.590029999705,2.0,2,0,1.0,9,31,1562.3086759995476,0.6753671203795265,78.7192396525158,71.26606354070071,9.798854188345954,1390.9096010752742,96036.31791458625,7091.118139259777,1533.3317675262854,1482.2780384295895,4075.508333303903,1672.1023194904715,5419.015819769306,23.35214154975749,5,2,0,0,3,35.05043149760387,23.156033291875772,46.94482970333196,1.0,0.0,0.0,0.12844814354175227,2,0,0.0,1.0,0.0,0.12844814354175227,0.12844814354175227,0.0,1.0,0.0,0.12844814354175227,0.12844814354175227,2,0,2023,5,11,3,0,0,0,1,0,1,GRAVE_LESIONADOS,1
6,1,4,0,4,1,-13.502047708780006,-74.49899086682534,0,4,0,0,1,2,2,3,1443.8351791304374,0.3402185759341785,1,3,0.4467395253113928,9,28,260.7804734805165,0.2561374246142146,79.60420173526944,48.060054017093165,4.014149285460375,202.45017948972406,2897.522712429852,12678.733000000004,1805.074000000001,1774.0339999999994,9099.625000000004,2485.375000000001,10193.358000000002,19.602707936195205,5,1,0,0,4,31.553260474688607,31.553260474688607,31.553260474688607,1.0,0.0,0.5532604746886072,1.0,1,0,0.4467395253113928,0.0,0.0,1.0,0.0,0.0,1.0,0.0,0.5532604746886072,0.4467395253113928,16,2,2023,3,22,3,0,1,2,1,0,1,GRAVE_LESIONADOS,1
7,1,10,0,4,1,-13.937883599847813,-75.91401880557237,0,3,7,1,2,2,2,0,6639.975,2.0,2,0,1.0,9,31,1616.0,0.6053164595604621,78.88848309050202,67.63954639531094,9.133324993872453,1064.9426147896202,27932.19700214133,3721.461,698.1859999999996,744.866,2278.409,1102.9029999999996,2618.558,29.636290693359403,5,1,0,0,4,34.91521541745067,30.28516740149961,39.54526343340172,1.0,0.3429665197000782,0.0,1.0,1,0,0.0,0.0,0.0,1.0,0.3429665197000782,0.0,1.0,0.0,0.0,0.0,3,0,2021,8,27,3,0,1,0,1,0,1,GRAVE_LESIONADOS,1
6,1,10,1,4,1,-14.286743406263357,-75.67841485364423,0,4,7,1,2,2,2,5,6639.975,2.0,2,0,1.0,9,31,1616.0,0.623230413457734,80.26433992878219,75.32431043360893,9.312906515478494,1061.546997682227,30937.286029258492,3721.461,698.1859999999996,744.866,2278.409,1102.9029999999996,2618.558,29.636290693359403,5,1,0,0,4,21.861754434365942,21.861754434365942,21.861754434365942,1.0,0.8617544343659429,0.0,0.8617544343659429,1,0,0.0,0.0,0.0,0.8617544343659429,0.0,0.1382455656340571,0.8617544343659429,1.0,0.8617544343659429,0.1382455656340571,16,2,2021,2,20,2,0,1,0,1,0,1,GRAVE_LESIONADOS,1
6,1,12,0,4,1,-8.447410156537956,-78.89248400202318,0,4,7,1,2,2,2,0,6543.555,3.0,2,0,1.0,0,30,1475.0,0.5425917305874751,77.5410177782923,63.763771250117486,7.5296935879259985,934.2190672277205,9212.435408605426,8931.828000000005,1335.5899999999997,1935.9830000000004,5660.255000000005,1219.309,7712.519000000005,13.651281686122925,5,1,0,0,4,37.60534625641558,37.60534625641558,37.60534625641558,1.0,0.0,0.0,0.0,1,0,0.0,0.0,0.0,1.0,0.0,1.0,0.0,0.0,0.43946537435844213,0.0,11,1,2021,2,14,5,1,0,0,1,1,1,GRAVE_LESIONADOS,1
4,1,1,0,4,1,-12.281012737679829,-74.54929341544258,1,4,0,0,2,2,2,0,1604.5530110052932,1.4963227712843787,0,1,0.49632277128437885,8,26,244.02206337229373,0.4039158661297092,77.78167952444625,63.14565280378325,5.885484924282075,477.23636324596856,2308.1813859037684,10546.597749416449,1691.5829830385246,1484.2920342767507,7370.722732101174,2490.577771567885,8056.019977848564,23.704284043411267,6,1,0,0,5,43.540449515871835,39.07354457431242,48.00735445743124,1.0,0.0,0.0,0.49632277128437885,1,0,0.0,0.49632277128437885,0.0,1.0,0.0,1.0,0.49632277128437885,0.0,0.5036772287156212,0.0,17,2,2022,6,26,2,0,1,0,1,0,1,GRAVE_LESIONADOS,1
5,1,10,1,2,2,-9.98443346004698,-77.69078898734054,0,2,4,0,2,2,2,1,7913.280409220195,2.0,3,2,1.0,11,32,2260.3980999068335,0.7010428051387034,77.39330192135009,76.48125110730454,10.995456989495432,1425.245215487242,253460.00689995947,10980.315108297487,1703.7960383072718,1331.307415693277,7945.21165429694,1889.667503324158,9090.647604973332,19.258150888012935,9,1,0,0,8,31.821596068390228,30.927066110130443,32.71612602665001,1.0,0.4036466944934778,0.0,0.0,1,0,0.0,0.4036466944934778,0.5963533055065222,0.0,0.5963533055065222,0.0,1.0,0.0,0.0,0.0,14,1,2021,6,19,2,0,1,0,1,0,1,GRAVE_LESIONADOS,1
8,1,5,0,4,0,-9.852757808458119,-76.23188242432495,4,4,2,0,1,0,1,2,5012.886418974478,1.6786600938268972,3,3,0.6786600938268971,12,32,970.4913464294432,0.30913104557013266,74.1651539789809,43.56023579396971,4.236699840447406,370.4918693757993,25578.001178961156,16527.97761886406,1850.7147035493483,1555.05249669513,13122.210418619581,2282.4788892223273,14245.498729641731,13.721247129744299,6,1,0,0,5,48.78660093826897,48.78660093826897,48.78660093826897,1.0,0.0,0.0,0.0,1,0,0.0,0.0,1.0,0.0,0.0,0.6786600938268971,0.32133990617310293,0.0,0.32133990617310293,0.0,5,0,2022,9,13,3,0,0,2,1,0,1,GRAVE_LESIONADOS,1
4,2,5,0,4,1,-6.007672558502571,-79.19116609856805,0,4,4,1,2,1,1,0,7247.037735736724,2.420896528759226,2,0,1.0,5,24,1856.0500840764294,0.4929434229792285,72.98176655685218,64.14915048672535,6.684947836035047,824.2826201650273,47936.256026133145,3716.8366844732245,885.7223886988986,629.0900755263785,2202.0242202479476,842.4765015169985,2874.3601829562263,22.554630016190654,12,2,0,0,10,32.94627570131458,25.84179305751845,40.05075834511071,1.0,0.420896528759226,0.0,0.420896528759226,2,0,0.0,0.420896528759226,0.420896528759226,0.579103471240774,0.579103471240774,0.0,1.0,0.0,0.579103471240774,0.0,5,0,2022,1,17,5,0,0,0,1,0,1,GRAVE_LESIONADOS,1
3,1,19,0,4,1,-5.1784483033702315,-80.56558737289086,0,1,7,1,2,2,2,0,1507.289195647957,2.0385824221534268,2,0,1.0,0,20,213.62013786529587,0.6220812987247925,80.20155828147696,72.71675503872983,10.02377668600292,1028.915688621886,159840.92719486082,8965.846000060003,1782.4120000599992,636.9959999999999,6546.438000000004,2214.505000059999,6751.341000000004,24.699342371541725,4,2,0,0,2,37.13660996553154,23.19605508675623,51.07716484430685,1.0,0.9614175778465733,0.9614175778465733,1.0,2,0,0.038582422153426665,0.9614175778465733,0.038582422153426665,0.9614175778465733,1.0,0.0,0.0,0.9614175778465733,1.0,1.0,21,1,2024,1,25,6,1,1,0,1,0,1,GRAVE_LESIONADOS,1
4,0,11,0,4,1,-11.732364956868746,-75.77549957136878,2,2,7,0,2,1,1,0,630.0832195733665,2.0,1,1,0.5992775178235918,5,21,97.49451760224441,0.6402736465631039,75.94157246195543,69.04879793361617,9.788158012178243,1291.6733566881821,2993.6294239585977,12264.545,1826.4639999999995,1105.5389999999998,9332.542,1588.5359999999996,10676.009,12.952261987705208,5,1,0,0,4,41.81047599155792,41.20939226829331,42.41155971482253,1.0,0.0,0.0,0.0,1,0,0.0,0.5992775178235918,0.0,0.40072248217640816,0.0,0.40072248217640816,1.0,0.0,0.5992775178235918,0.0,8,1,2022,2,15,2,0,0,2,1,0,1,GRAVE_LESIONADOS,1
3,2,20,2,3,2,-15.831449644269883,-70.01418831305615,0,0,7,1,2,0,0,2,6543.555,2.0,4,4,1.0,14,33,1198.0,0.6488901960567479,69.67312345830231,82.12448375199249,11.701623814093702,1230.336353415943,144745.3597430407,13642.312999999998,2020.7790000000005,2354.117,9267.416999999998,3314.0520000000006,10328.260999999997,24.29244952817019,5,2,0,0,3,34.17382722521832,31.577566193044273,36.770088257392366,1.0,0.0,0.0,0.0,2,0,0.0,0.0,1.0,1.0,0.0,1.0,1.0,0.0,0.0,0.0,8,1,2022,9,8,6,1,0,2,1,0,1,GRAVE_LESIONADOS,1
3,1,11,0,4,1,-11.922646362238853,-75.28932186217597,0,4,6,1,2,0,1,1,7472.806737202532,2.0,2,0,1.0,9,8,1198.0,0.5336430495111802,72.16067547241708,74.70949890300113,9.006303472415468,816.8379577887952,13931.691325747635,12264.545,1826.4639999999995,1105.5389999999998,9332.542,1588.5359999999996,10676.009,12.952261987705208,7,1,0,0,5,51.46111892045995,51.01579687201469,51.90644096890521,1.0,0.0,0.0,0.8906440968905212,1,0,0.0,0.10935590310947885,0.8906440968905212,0.0,0.0,0.0,1.0,0.0,0.0,0.0,19,1,2022,10,3,4,0,0,2,1,0,1,GRAVE_LESIONADOS,1
4,1,19,1,4,1,-5.183763006233197,-80.58262903425981,0,2,7,1,2,2,2,0,4462.394223314492,2.602708707054094,2,0,1.0,0,26,953.7538236549717,0.6220812987247925,80.20155828147696,72.71675503872983,10.02377668600292,1028.915688621886,159840.92719486082,8965.846000060003,1782.4120000599992,636.9959999999999,6546.438000000004,2214.505000059999,6751.341000000004,24.699342371541725,9,2,0,0,7,48.232504484649134,48.232504484649134,48.232504484649134,1.0,0.0,0.0,1.0,2,0,0.6027087070540943,0.0,0.6027087070540943,0.3972912929459057,0.6027087070540943,0.3972912929459057,0.3972912929459057,0.0,1.0,0.6027087070540943,6,0,2023,5,18,5,0,1,0,1,0,1,GRAVE_LESIONADOS,1
6,1,12,0,4,1,-7.93892916960192,-78.14119744399993,0,4,7,1,2,2,2,0,973.7247483583001,1.6631522985528473,1,1,0.6631522985528473,8,30,162.99052017061757,0.33680504569466796,77.46297619431449,39.82248560847365,4.878985816355638,484.97367834215777,14977.128609354962,8931.828000000005,1335.5899999999997,1935.9830000000004,5660.255000000005,1219.309,7712.519000000005,13.651281686122925,4,1,0,0,3,56.273589075398405,56.273589075398405,56.273589075398405,1.0,0.6631522985528473,0.0,0.0,1,0,0.0,0.0,0.0,1.0,0.0,1.0,0.0,0.0,0.3368477014471527,0.0,13,3,2023,5,18,6,1,0,0,1,0,1,GRAVE_LESIONADOS,1
3,1,16,1,2,2,-13.519204109711842,-74.02612258382584,2,1,7,1,2,2,2,2,4374.120786530744,2.0,3,2,1.0,10,29,785.9946454467183,0.637034367854296,76.4348641170524,76.38560104717713,10.077719118588135,1166.0081860664677,245539.16892707685,10216.306952970263,1828.6493098200292,1924.1384345556764,6463.519208594558,2460.297101800549,7756.009851169714,24.01060811420391,5,2,0,0,3,41.14577641779511,33.15258805931704,49.138964776273184,1.0,0.0,0.0,0.0,2,0,0.0,0.0,0.5694823881365918,1.0,0.0,0.4305176118634082,1.0,0.0,0.0,0.0,14,1,2021,5,22,2,0,1,0,1,0,1,GRAVE_LESIONADOS,1
3,1,12,0,4,0,-8.263784911087892,-79.024302181802,0,4,6,1,2,1,1,1,6543.555,2.1388864799385745,3,3,1.0,12,32,1236.4715549429852,0.6188707522086041,79.16674220209384,72.16174759073024,9.23278337321933,1088.3251754039356,19672.060317449654,8750.509617142996,1383.896523246875,1889.1921449086944,5477.4209489874265,1302.025065311097,7448.4845518319,15.060459994220562,10,1,0,0,8,42.80552423920147,38.49995663889434,47.111091839508596,1.0,0.0,0.0,0.0,1,0,0.0,0.8611135200614256,0.1388864799385744,0.0,0.0,0.8611135200614256,1.0,0.0,0.8611135200614256,0.0,12,3,2022,2,17,3,0,1,0,1,0,1,GRAVE_LESIONADOS,1
3,2,9,0,4,1,-9.733484586144673,-76.11650581514539,0,4,0,0,2,2,2,2,700.1568936580388,1.76498534671398,1,2,0.07833821776200667,9,10,242.10623683694342,0.33287106966739605,76.4039600083174,46.390320556278006,4.040932824869205,448.31867750013095,19391.86869148552,8163.405873628498,1360.8905008503698,855.2042455850222,5947.311127193105,1119.005607821799,7044.400265806698,13.763693607666761,5,2,0,0,3,55.960830891118995,54.45163247566595,57.47002930657204,1.0,0.0,0.0,1.0,2,0,0.0,0.9216617822379933,0.0,0.07833821776200667,0.0,1.0,0.9216617822379933,0.0,0.9216617822379933,0.0,16,2,2021,1,4,1,0,0,1,1,0,1,GRAVE_LESIONADOS,1
3,1,23,1,4,0,-8.130500910470685,-74.98764558523699,0,0,7,0,3,2,2,0,6163.380992292538,2.0,3,3,1.0,13,32,1122.8850840237244,0.5414520241499202,74.64894682888843,59.62687781753769,9.129430309781,892.5820399837567,114524.51145827494,3144.6697429151773,493.55528546905964,1262.5776860261126,1388.5367714200045,403.32983112945647,2741.339911785721,10.814492420407026,6,1,0,0,4,38.798322778491816,28.59664555698364,49.0,1.0,0.0,0.0,0.07257479804471079,1,0,0.0,0.0,1.0,0.9274252019552892,0.9274252019552892,0.0,0.07257479804471079,0.9274252019552892,0.9274252019552892,0.9274252019552892,18,1,2021,8,8,0,0,0,0,1,0,1,GRAVE_LESIONADOS,1
5,1,14,2,3,1,-12.122519156159308,-76.99679647684317,0,0,7,1,2,1,0,5,6625.542633420556,2.0,2,0,1.0,9,31,1553.4328020098765,0.795277011396004,80.49001434216656,78.8114937655214,12.884544893461246,1745.5551136552706,360406.9106524286,7626.313,1683.4029999999998,1599.0829999999996,4343.827000000001,1814.875,5811.438000000001,23.797541485643197,7,1,0,1,4,30.8503177081576,30.8503177081576,30.8503177081576,1.0,0.0,0.0,0.0,1,0,0.0,0.0,0.14968229184240112,1.0,0.14968229184240112,1.0,0.0,0.0,0.14968229184240112,0.0,3,0,2023,1,20,4,0,1,0,1,0,1,GRAVE_LESIONADOS,1
5,1,14,2,3,1,-12.111989894407703,-77.00448184133693,0,0,7,1,2,1,0,4,6619.451994704182,2.0,2,0,1.0,10,31,1527.0286640359666,0.7925421686804133,80.49218418884746,78.84038874309503,12.769685274540402,1736.864318522021,360672.90617589944,7626.313,1683.4029999999998,1599.0829999999996,4343.827000000001,1814.875,5811.438000000001,23.797541485643197,6,1,0,0,5,33.76705111849865,33.76705111849865,33.76705111849865,1.0,0.0,0.0,0.0,1,0,0.0,0.0,0.21285008603835742,1.0,0.0,1.0,0.21285008603835742,0.0,0.21285008603835742,0.0,4,0,2022,2,21,4,0,1,0,1,0,1,GRAVE_LESIONADOS,1
6,1,4,0,4,1,-13.353987354680674,-74.79658935970008,0,4,1,1,2,1,1,4,1679.5849999999998,2.0,2,3,1.0,9,24,315.0,0.2587772817968213,78.2313731727826,42.59351526103478,4.069708361522777,219.52972987349307,3876.4004282655246,12678.733000000004,1805.074000000001,1774.0339999999994,9099.625000000004,2485.375000000001,10193.358000000002,19.602707936195205,5,1,0,0,4,33.98122070995168,33.98122070995168,33.98122070995168,1.0,0.0,0.0,0.6687532544498137,1,0,0.6687532544498137,0.0,0.0,0.6687532544498137,0.0,0.3312467455501863,0.6687532544498137,0.0,0.0,0.6687532544498137,11,2,2022,2,23,4,0,1,2,1,0,1,GRAVE_LESIONADOS,1
4,1,13,2,3,2,-9.314385952303004,-78.46742672366842,3,3,3,1,2,2,2,0,6587.630690477771,2.0,3,2,1.0,11,32,1389.0769406731833,0.6251748537138327,79.69678043538084,72.20721610322103,9.70970387417519,1113.6759887511198,96448.6074213217,5364.3450303865575,1049.1362199594444,1105.4140559470397,3209.794754480073,1211.4550983183178,4152.889932068239,21.915086210852408,5,1,0,0,3,38.39970614694873,37.85682801458792,38.942584279309536,1.0,0.0,0.0,0.5428781323608052,1,0,0.0,0.5428781323608052,0.0,0.5428781323608052,0.5428781323608052,0.0,1.0,0.0,1.0,0.5428781323608052,9,1,2021,9,27,3,0,1,0,1,0,1,GRAVE_LESIONADOS,1
6,1,6,0,4,2,-11.75754658364259,-73.97466135306999,0,3,5,0,3,2,2,0,6543.555,2.0,4,4,1.0,14,33,1198.0,0.43523204284532796,74.8880394783445,59.84499004220407,6.308312661164486,599.2694669203125,29383.854741206513,17471.06264669852,2036.6368454823967,2541.036934487088,12893.388866729034,2731.902336217138,14739.16031048138,15.583268359648915,4,1,0,0,3,20.33421281022554,20.33421281022554,20.33421281022554,1.0,0.8328935948872295,0.0,1.0,1,0,0.0,0.8328935948872295,0.0,0.16710640511277053,0.0,0.0,1.0,0.16710640511277053,0.16710640511277053,0.16710640511277053,12,2,2024,3,14,5,0,0,2,1,0,1,GRAVE_LESIONADOS,1
3,1,22,2,4,0,-8.830602583092858,-74.86840692048834,0,0,7,0,3,2,2,0,6555.616072686426,2.0,3,3,1.0,13,32,1250.2871643116166,0.5823340456227497,74.98273427856458,62.62021181247549,9.931095376084835,1025.7313349838876,112784.66409742559,3306.724713332636,554.150006459305,1347.5014411123673,1405.0732657609633,455.89572660395936,2850.8289867286767,11.487896693485162,8,2,0,0,5,38.375266729509214,27.250177819672807,49.500355639345614,1.0,0.0,0.0,0.0,2,0,0.0,0.0,1.0,0.8749110901635965,0.8749110901635965,0.0,0.12508890983640353,0.8749110901635965,1.0,0.8749110901635965,18,1,2022,7,7,0,0,0,0,1,0,1,GRAVE_LESIONADOS,1
3,1,14,1,2,3,-12.470145489032907,-76.06641814616604,0,0,7,1,2,2,2,2,5889.561763938218,2.0,3,3,1.0,13,31,1073.797701803461,0.6692796810611261,77.95340690552015,75.06144958744666,10.026364397174088,1312.729294245305,252248.35864189174,8407.087321787229,1727.1886578436315,1697.0735517414057,4982.825112202192,2009.4426372031273,6397.644684584103,23.861772119162325,5,2,0,0,3,40.69467444858392,31.648914828613055,49.74043406855478,1.0,0.0,0.0,0.0,2,0,0.0,0.0,0.8702170342773887,1.0,0.0,0.12978296572261128,1.0,0.0,0.0,0.0,10,1,2021,2,19,1,0,1,0,1,0,1,GRAVE_LESIONADOS,1
3,2,10,0,4,0,-8.883292474032178,-77.87567861396441,0,4,7,1,2,2,2,2,8047.437383053878,2.0,3,2,1.0,11,32,2364.4540757474942,0.5393042954930719,75.71715596476551,67.81254922021539,7.987702579337119,888.3080914213746,19227.874880373045,8611.509163076717,1334.6540003769073,1428.9805450685458,5847.874617631262,1148.643687546376,7462.86547553034,13.323135764715472,6,2,0,0,4,45.87499803693862,41.761361316382,49.988634757495234,1.0,0.0,0.0,0.44318163972169244,2,0,0.0,1.0,0.0,0.44318163972169244,0.0,1.0,1.0,0.0,0.5568183602783076,0.0,10,2,2022,2,17,2,0,1,0,1,0,1,GRAVE_LESIONADOS,1
5,1,4,0,4,1,-13.693368635796022,-73.64481343151131,0,4,0,0,2,2,2,2,1673.1425471847704,1.053621346641629,1,0,0.0536213466416291,8,31,301.56823381493575,0.22131923052109637,70.28606281590011,46.78642275680353,4.411659197926831,161.94230177693646,2689.252539502469,12730.401457196944,1816.6403925773336,1805.1388316239156,9108.622232995696,2529.809776670946,10200.591680525997,19.854178195758163,12,1,0,0,11,31.65146124682941,31.35654384030045,31.94637865335837,1.0,0.0,0.0,0.9463786533583709,1,0,0.0,0.0,0.0,0.0536213466416291,0.9463786533583709,0.0536213466416291,0.0,1.0,1.0,1.0,17,2,2022,10,9,2,0,0,2,1,0,1,GRAVE_LESIONADOS,1
4,2,9,1,4,1,-12.02028545338688,-75.06197285460149,0,4,0,1,1,0,1,0,6599.960916137892,2.0,2,1,1.0,11,31,1442.5309370010248,0.44505112968186333,72.82403924726229,57.54505326230648,6.5705058479060225,748.9735748796521,36555.5978067368,9759.358250629093,1614.4133962827793,1287.9531493572517,6856.991704989062,2607.679156601499,7151.679094027593,26.60959865052095,10,2,0,0,7,47.12622366085636,40.54494844252735,52.244993275112265,1.0,0.0,0.0,0.41499775837075425,2,0,0.0,0.5850022416292457,0.41499775837075425,0.5850022416292457,0.0,0.5850022416292457,1.0,0.0,0.41499775837075425,0.0,18,2,2022,9,15,4,0,0,0,1,0,1,GRAVE_LESIONADOS,1
6,1,1,0,4,1,-11.062580143378993,-75.83093950386403,0,4,5,0,5,2,2,0,6575.078757306558,2.0,3,2,1.0,12,32,1334.6617979064624,0.36759427776269205,74.58716428826345,50.18383466638591,5.95574953835458,530.7766957686499,2327.1432915154546,10622.035835156965,1757.6121418840132,1395.0253717920289,7469.398321480924,2357.4018802094542,8264.633954947512,22.271548271051522,12,1,0,0,11,30.019173699235914,30.019173699235914,30.019173699235914,1.0,0.0,0.0,0.32694210025469495,1,0,0.0,0.0,1.0,0.0,0.0,0.673057899745305,0.32694210025469495,0.0,0.673057899745305,0.0,4,0,2024,4,18,4,0,0,0,1,0,1,GRAVE_LESIONADOS,1
3,1,23,0,4,0,-3.88334091001497,-80.75581030441451,6,4,2,1,3,2,2,1,6543.555,2.6066893231978856,2,1,1.0,5,31,1366.0529425258144,0.5473469635823235,73.87695170711194,58.05217719121807,7.909118482006397,1033.5695123441758,5622.725714798191,1009.101,138.47399999999996,287.471,583.156,276.972,732.129,27.447401201663663,4,2,0,0,2,27.80969413682854,26.292970828833827,29.326417444823257,1.0,0.3933106768021142,0.3933106768021142,1.0,2,0,0.0,0.0,0.0,1.0,0.3933106768021142,1.0,0.0,0.3933106768021142,0.3933106768021142,0.0,18,2,2021,4,18,5,1,0,0,1,0,1,GRAVE_LESIONADOS,1
5,1,11,0,4,0,-8.50925127287125,-78.6002998396227,0,4,7,1,2,1,1,0,6543.555,2.930448600545031,2,0,1.0,0,30,1455.7342623509735,0.5788854788475974,77.88049268464314,67.00260714186594,8.603986754352235,993.1951027221803,15481.142709522155,9028.53532606377,1346.6936027173876,1923.0294691599092,5758.812254186472,1335.2710745916772,7693.264251472092,14.64680171407409,10,1,0,0,9,31.51314020381522,31.234934605995342,31.791345801635092,1.0,0.0,0.0,0.06955139945496891,1,0,0.0,0.06955139945496891,0.9304486005450311,0.06955139945496891,0.0,0.06955139945496891,1.0,0.0,0.0,0.0,16,2,2021,10,8,0,0,0,0,1,0,1,GRAVE_LESIONADOS,1