CLASE SINIESTRO,CANTIDAD DE VEHICULOS DAÑADOS,DEPARTAMENTO,ZONA,TIPO DE VÍA,RED VIAL,COORDENADAS LATITUD,COORDENADAS  LONGITUD,CONDICIÓN CLIMÁTICA,ZONIFICACIÓN,CARACTERÍSTICAS DE VÍA,PERFIL LONGITUDINAL VÍA,SUPERFICIE DE CALZADA,¿EXISTE SEÑAL VERTICAL?,¿EXISTE SEÑAL HORIZONTAL?,CAUSA FACTOR PRINCIPAL,MTC_RVN_LONGITUD_KM,MTC_RVN_N_CARRILES_MEDIANA,MTC_RVN_SUPERFICIE_DOMINANTE,MTC_RVN_ESTADO_DOMINANTE,MTC_RVN_ES_CONCESIONADA,MTC_RVN_CONCESION_PRINCIPAL,MTC_RVN_CORREDOR_LOGISTICO,MTC_RVN_N_TRAMOS,IDH_2019,IDH_ESP_VIDA_2019,IDH_EDUC_SECUND_PCT_2019,IDH_ANIOS_EDUC_2019,IDH_INGRESO_PERCAP_2019,IDH_POBLACION_2019,MTC_DEP_RED_TOTAL_KM,MTC_DEP_NACIONAL_TOTAL_KM,MTC_DEP_DEPARTAMENTAL_TOTAL_KM,MTC_DEP_VECINAL_TOTAL_KM,MTC_DEP_PAV_TOTAL_KM,MTC_DEP_NO_PAV_TOTAL_KM,MTC_DEP_PCT_PAVIMENTADA,PER_TOTAL_PERSONAS,PER_N_CONDUCTORES,PER_N_CONDUCTORES_FUGADOS,PER_N_PEATONES,PER_N_PASAJEROS_OCUPANTES,PER_EDAD_COND_PROM,PER_EDAD_COND_MIN,PER_EDAD_COND_MAX,PER_ANY_COND_MASCULINO,PER_ANY_LIC_PROBLEMA,PER_ANY_DOSAJE_POS,PER_ANY_DOSAJE_EVALUADO,VEH_TOTAL,VEH_N_FUGADOS,VEH_ANY_FUGADO,VEH_ANY_CARGA,VEH_ANY_PUBLICO,VEH_ANY_PARTICULAR,VEH_ANY_MOTO,VEH_ANY_AUTO,VEH_ANY_CAMION_BUS,VEH_ANY_SOAT_PROBLEMA,VEH_ANY_CITV_PROBLEMA,VEH_ANY_SEGURO_PROBLEMA,HORA_NUM,FRANJA_HORARIA,ANIO,MES,DIA_MES,DIA_SEMANA,ES_FIN_SEMANA,ES_QUINCENA,REGION_NATURAL,TIENE_SEÑALIZACION,ES_VIA_MULTICARRIL,ES_DEPTO_BAJO_PAVIMENTO,CATEGORIA_SEVERIDAD,CATEGORIA_SEVERIDAD_ENC
5,1,5,2,4,2,-7.908426837071113,-77.48914035120931,0,4,7,1,1,2,2,0,6713.6960194572275,2.0,3,3,1.0,13,28,1198.0,0.3060782241532428,76.07329197974786,49.323141890125385,4.2148694746184745,337.5678213776063,20382.227975997564,16236.19996512058,1793.1929268790595,1250.002350212454,13193.004688029067,2143.433400182425,14092.766564938156,13.145163139810062,6,1,0,0,5,38.89689691935457,36.206206161290865,41.58758767741828,1.0,0.1630721671553763,0.0,0.1630721671553763,1,0,0.0,0.8369278328446237,0.1630721671553763,0.1630721671553763,0.0,0.1630721671553763,1.0,0.0,0.1630721671553763,0.0,12,2,2022,6,11,1,0,0,2,1,0,1,GRAVE_LESIONADOS,1
3,1,18,0,4,2,-5.407264879621314,-80.74549253222082,5,4,6,1,5,2,2,0,6543.555,2.0,4,4,1.0,14,33,1198.0,0.46890220779783076,76.40889822367896,62.32794532248846,6.712756397407638,673.9618438416073,43350.891271084634,8965.692361529655,1780.393977974767,642.8627309444867,6542.435652610401,2210.0103075269853,6755.682054002669,24.649445028843367,5,1,0,0,4,37.08129500680204,37.08129500680204,37.08129500680204,1.0,0.9954836107332199,0.0,0.0,1,0,0.0,0.9954836107332199,0.0045163892667801075,0.0,0.9954836107332199,0.0,0.0045163892667801075,0.9954836107332199,0.9954836107332199,0.9954836107332199,20,2,2022,7,10,6,1,0,0,1,0,1,GRAVE_LESIONADOS,1
5,1,11,0,4,1,-8.237872863066322,-78.69013683311182,0,4,6,0,2,2,2,0,630.7821381950325,2.0,2,0,1.0,7,28,103.18217023153517,0.5931282989918455,80.19581988901155,65.04372524075018,8.529057201164587,1042.3483710403762,34707.71125626933,8963.20835110225,1339.1929840339265,1931.7797367900569,5692.235630278267,1256.9372828131584,7706.271068289092,13.97431582715405,5,1,0,0,3,26.519077413654674,26.40623449764279,26.63192032966656,1.0,0.0,0.0,0.02256858320237709,1,0,0.0,0.02256858320237709,0.0,0.9774314167976229,0.0,0.0,1.0,0.0,0.9774314167976229,0.0,10,1,2022,7,5,4,0,0,0,1,0,1,GRAVE_LESIONADOS,1
3,2,5,0,4,1,-5.676841952098578,-78.75578758809421,0,3,6,1,2,0,0,1,6901.657279532164,2.0,2,0,1.0,8,20,1896.7879031161888,0.5803239946829384,74.49544278598792,68.33065356443184,8.733179344969395,1046.078117086984,102362.46895074946,15935.565011852366,1733.9250000199986,935.692,13265.948011832368,2000.1670000199988,13935.398011832369,12.551591352627522,5,2,0,0,3,42.5,40.22571628942553,44.77428371057447,1.0,1.0,0.8871418552872378,0.8871418552872378,2,0,0.0,0.11285814471276223,0.8871418552872378,0.11285814471276223,0.8871418552872378,0.11285814471276223,0.11285814471276223,0.8871418552872378,0.8871418552872378,0.8871418552872378,3,0,2023,2,13,6,1,0,2,1,0,1,GRAVE_LESIONADOS,1
4,1,10,0,4,1,-13.382530531906736,-76.20453817632894,2,4,6,1,3,2,2,1,6639.975,2.0,2,0,1.0,9,31,1616.0,0.5736744275518083,81.67473861808857,68.1608574885675,9.138785887908334,865.1176766860625,26660.92933618844,3721.461,698.1859999999996,744.866,2278.409,1102.9029999999996,2618.558,29.636290693359403,7,2,0,0,4,33.343193419800265,29.124257893067025,37.56212894653351,1.0,0.390532236633378,0.0,0.0,2,0,0.0,1.0,0.0,0.390532236633378,0.390532236633378,1.0,0.609467763366622,0.609467763366622,1.0,0.390532236633378,11,1,2022,6,12,1,0,0,0,1,0,1,GRAVE_LESIONADOS,1
6,1,5,0,4,1,-7.179692142449478,-78.3164851996354,1,4,4,0,1,1,1,0,6543.555,2.0,4,4,1.0,14,33,1198.0,0.28166331738099903,76.72385648466876,43.154198612635405,3.589257562747336,310.45655643696705,21732.07696266737,15935.565011852366,1733.9250000199986,935.692,13265.948011832368,2000.1670000199988,13935.398011832369,12.551591352627522,6,1,0,0,5,41.33250628865996,41.33250628865996,41.33250628865996,1.0,0.0,0.0,0.0,1,0,0.0,0.0,0.17942356066615028,0.8205764393338497,0.0,1.0,0.0,0.0,0.0,0.0,13,2,2022,7,11,5,0,0,2,1,0,1,GRAVE_LESIONADOS,1
5,1,12,0,4,0,-7.689631960934216,-78.80706234036069,0,4,7,1,2,2,2,0,6543.555,2.2852443423067665,3,2,1.0,10,32,1277.0126828189743,0.41820395837338953,75.63363459557645,54.26568568238177,5.850703354759559,588.4754527321344,26126.379989904763,8931.828000000005,1335.5899999999997,1935.9830000000004,5660.255000000005,1219.309,7712.519000000005,13.651281686122925,4,1,0,0,3,35.15084618078497,35.15084618078497,35.15084618078497,1.0,1.0,0.0,0.0,1,0,0.0,0.7147556576932335,0.28524434230676654,0.28524434230676654,0.28524434230676654,0.0,0.7147556576932335,0.28524434230676654,0.0,0.0,21,2,2021,6,17,5,1,1,0,1,0,1,GRAVE_LESIONADOS,1
3,1,16,0,4,1,-15.177153579610016,-71.22312159134209,0,4,5,0,2,2,2,2,1547.0708351414767,1.7607889119657814,1,0,0.7607889119657812,7,26,256.30950963419,0.38381120056935414,73.12122800961932,66.17665286742664,6.709848955267603,419.5131732947724,4330.288631686348,13411.813979791987,1969.1799722555795,2215.3547144198465,9227.279293116562,3115.8232732010683,10295.990706590917,23.170611339354526,7,1,0,0,5,27.054872072222423,22.870533056410626,31.239211088034217,1.0,0.0,0.0,0.23921108803421876,1,0,0.0,0.0,0.0,0.7607889119657812,0.23921108803421876,0.7607889119657812,0.0,1.0,1.0,1.0,17,2,2022,8,15,2,0,0,2,1,0,1,GRAVE_LESIONADOS,1
5,1,19,0,4,0,-6.193213618938176,-77.58192659179448,0,4,1,0,2,2,2,0,6543.555,2.2130242006187992,3,3,1.0,11,32,1257.0077035714073,0.5346880637271978,72.94162190616697,61.87050846227014,8.137541019197727,935.8504566844778,84982.78790311243,5179.583325878649,751.1657574755516,906.5949210354776,3521.8226473676195,947.3576335739407,4232.225692304708,18.4584475548645,11,1,0,0,10,41.33719749226501,40.378588589480415,42.29580639504961,1.0,0.21302420061879912,0.0,0.0,1,0,0.0,0.0,0.21302420061879912,1.0,0.21302420061879912,0.21302420061879912,0.7869757993812009,0.0,1.0,0.21302420061879912,16,1,2021,8,21,4,0,0,0,1,0,1,GRAVE_LESIONADOS,1
3,1,3,0,4,1,-16.47885194894958,-72.355483232505,0,4,7,1,2,1,0,0,1913.5013287522283,1.9436181461467683,1,0,0.9436181461467684,9,32,387.02352349155746,0.6176420660713637,75.85683158606419,74.63819389332586,10.009608420467144,1120.4614938286104,21456.4650972111,10243.876189600898,1486.2348625597472,1760.2397819890414,6997.40154505211,2792.5903244164606,7451.285865184437,27.157706727008947,4,1,0,0,3,39.33829112311939,31.789345953945244,46.88723629229354,1.0,0.9436181461467684,0.0,0.9436181461467684,1,0,0.0,0.0,0.0,1.0,0.9436181461467684,1.0,0.0,0.9436181461467684,1.0,0.9436181461467684,22,2,2023,8,4,5,1,0,0,1,0,1,GRAVE_LESIONADOS,1
7,1,17,0,4,1,-16.28631480667149,-72.12624272726475,0,4,4,0,5,2,2,3,6579.170874879913,2.0,3,2,1.0,12,32,1352.4019466895206,0.3706406510577007,75.28410893908912,73.61127516619702,7.3868122099298965,413.52035777052134,1165.416514649327,3046.139814087067,655.6111306862427,582.4788786657537,1808.0498047350702,1081.3352559299717,1964.804558157095,36.37341783802746,11,1,0,0,10,43.54073971373877,43.54073971373877,43.54073971373877,1.0,0.0,0.0,0.6306173524174149,1,0,0.0,0.6306173524174149,0.3693826475825851,0.0,0.0,0.0,1.0,0.0,0.0,0.0,9,1,2024,1,17,3,0,0,0,1,0,1,GRAVE_LESIONADOS,1
7,1,10,1,4,1,-13.928599600837108,-75.95328080512164,0,3,7,1,2,2,2,1,6639.975,2.0,2,0,1.0,9,31,1616.0,0.6053164595604621,78.88848309050202,67.63954639531094,9.133324993872453,1064.9426147896202,27932.19700214133,3721.461,698.1859999999996,744.866,2278.409,1102.9029999999996,2618.558,29.636290693359403,7,1,0,0,6,34.02323689036932,34.02323689036932,34.02323689036932,1.0,0.0,0.5058092225923297,1.0,1,0,0.0,0.0,0.0,0.49419077740767026,0.0,0.0,1.0,0.0,0.0,0.0,3,0,2021,6,16,5,1,0,0,1,0,1,GRAVE_LESIONADOS,1
4,1,10,0,4,1,-13.345408645847128,-76.22745196543308,0,4,7,1,2,2,2,0,6639.975,2.0,2,0,1.0,9,31,1616.0,0.5736744275518083,81.67473861808857,68.1608574885675,9.138785887908334,865.1176766860625,26660.92933618844,3721.461,698.1859999999996,744.866,2278.409,1102.9029999999996,2618.558,29.636290693359403,9,1,0,0,7,46.95686193084709,46.077559279547735,47.836164582146445,1.0,0.0,0.0,0.0,1,0,0.0,0.43965132564967657,0.0,0.5603486743503234,0.0,0.0,1.0,0.0,0.5603486743503234,0.0,15,1,2022,6,4,3,0,0,0,1,0,1,GRAVE_LESIONADOS,1
3,2,12,0,4,1,-8.476381843663578,-78.86709328162401,0,4,7,1,2,2,2,1,1006.7570848640413,1.1858454703783305,2,0,1.0,4,22,122.83504320533098,0.4749483730585825,77.34415538930024,58.79934795817955,7.222856944029797,676.2374853191266,17409.738322660578,3530.7314104063544,564.7590780274793,704.69161748476,2261.280714894115,811.7862713337594,2718.945139072595,22.855582443518124,4,1,0,0,3,41.542769686414445,34.985233275279455,48.100306097549435,1.0,0.7286151567927769,0.0,0.0,1,0,0.0,0.2713848432072231,0.7286151567927769,0.7286151567927769,0.7286151567927769,0.0,0.2713848432072231,0.7286151567927769,0.7286151567927769,0.7286151567927769,15,1,2022,3,24,5,1,1,0,1,0,1,GRAVE_LESIONADOS,1
6,1,14,2,3,4,-12.0095282284309,-77.01555757177287,0,0,7,0,3,2,2,0,6543.555,2.0,4,4,1.0,14,33,1198.0,0.7105089981287472,80.01567196696834,76.5165732858891,10.539976363616255,1441.118617232947,502556.58196070214,7626.313,1683.4029999999998,1599.0829999999996,4343.827000000001,1814.875,5811.438000000001,23.797541485643197,6,1,0,0,5,33.45176019204382,33.45176019204382,33.45176019204382,1.0,0.0,0.0,0.0,1,0,0.0,0.0,0.35484572343065823,0.6451542765693418,0.35484572343065823,0.0,0.6451542765693418,0.35484572343065823,0.35484572343065823,0.0,14,1,2023,11,24,0,0,1,0,1,0,1,GRAVE_LESIONADOS,1
7,1,7,0,4,2,-13.360080355320738,-72.14755277716567,2,4,0,0,1,1,0,0,6947.660014352438,2.0,3,2,1.0,12,22,1198.0,0.3975325626231794,70.85579930047548,60.98568624395228,6.400094925396962,506.3184351974126,3629.755472354341,17779.13499998999,2097.3709999899997,2863.123,12818.640999999989,2878.713,14900.421999989989,16.19152450331032,20,1,0,0,19,53.09173992751597,53.09173992751597,53.09173992751597,1.0,1.0,0.0,0.3873156553253928,1,0,0.0,0.6126843446746072,0.3873156553253928,0.0,0.0,0.0,1.0,0.6126843446746072,0.6126843446746072,0.0,7,1,2023,3,20,4,0,1,2,1,0,1,GRAVE_LESIONADOS,1
4,1,8,0,4,1,-13.526679790469009,-75.15557957145994,2,4,0,0,2,2,2,0,1679.5849999999998,2.0,2,3,1.0,9,24,315.0,0.4321274090397662,73.41045182082412,50.22295380845605,7.283574833134734,643.0910133239972,2586.887923594898,8511.426,1445.3929999999996,2008.516,5057.516999999999,1879.579,6631.846999999998,22.08300935706896,7,1,0,0,6,30.853361893480354,27.121740698598963,34.584983088361746,1.0,0.5853754227909563,0.0,0.41462457720904367,1,0,0.0,0.41462457720904367,0.0,1.0,0.0,0.5853754227909563,0.41462457720904367,0.0,0.0,0.0,15,3,2023,3,3,1,0,0,2,1,0,1,GRAVE_LESIONADOS,1
6,1,10,0,4,1,-12.099656485020159,-76.1859848719385,0,4,7,0,2,0,0,0,1455.3806070309386,1.4523838993462528,1,1,0.0,9,17,463.62030892019624,0.33794419421367417,73.1457820147655,58.3450900583735,4.883005131176553,393.8583875938878,1320.1284664156678,8111.01512969794,1553.0648918834013,1823.2951029389656,4734.655134875573,1850.3079521767,6260.707177521239,22.858636086947804,4,1,0,0,3,40.88099069150129,40.88099069150129,40.88099069150129,1.0,0.5476161006537471,0.0,0.0,1,0,0.0,0.0,0.0,1.0,0.0,1.0,0.0,0.0,0.0,0.0,12,1,2021,8,6,2,0,0,1,1,0,1,GRAVE_LESIONADOS,1
4,1,8,0,4,1,-12.61146085111933,-75.22696356469467,0,4,4,1,2,2,2,0,1104.1658843437212,1.0,0,3,0.0,9,26,151.51059076869075,0.4259237766484201,71.56195403134467,56.01808146490674,5.307178801959656,745.6162921121992,1204.0711511482386,8511.426,1445.3929999999996,2008.516,5057.516999999999,1879.579,6631.846999999998,22.08300935706896,5,1,0,0,3,29.045316224564335,28.40483293142212,29.685799517706545,1.0,0.0,0.0,0.0,1,0,0.0,0.0,0.0,1.0,0.0,1.0,0.6404832931422122,0.0,0.0,0.0,6,1,2024,4,14,4,0,0,2,1,0,1,GRAVE_LESIONADOS,1
6,1,1,0,4,0,-11.565878005135476,-75.78017942610904,1,4,0,0,3,1,0,1,6568.571089074384,2.0,3,2,1.0,12,32,1306.4497535064559,0.4141696703196234,76.42599075244553,54.87983704398038,5.86304005617116,597.6198514515045,8260.58047501464,10652.095565986385,1783.9227079900452,1359.4553832379554,7508.717474758385,2304.335429650617,8347.76013633577,21.700647627907504,5,1,0,0,3,57.18385580252347,54.84881326291078,59.518898342136154,1.0,0.0,0.0,0.2594491710680763,1,0,0.0,0.0,0.0,0.2594491710680763,0.0,0.2594491710680763,1.0,0.0,0.7405508289319237,0.0,4,0,2023,4,11,2,0,0,0,1,0,1,GRAVE_LESIONADOS,1
3,1,4,0,4,1,-13.36669211572086,-74.12261541103815,1,4,0,0,2,2,2,2,7498.584892244985,2.0,2,0,1.0,9,7,1198.0,0.33121122891682686,69.16712259190389,47.64745686658871,5.20449740719192,395.08519358321576,6948.4749941103055,12678.733000000004,1805.074000000001,1774.0339999999994,9099.625000000004,2485.375000000001,10193.358000000002,19.602707936195205,16,1,0,0,14,47.52653933377677,41.57675623207685,53.476322435476675,0.915351246415371,0.0,0.0,1.0,1,0,0.0,0.915351246415371,0.915351246415371,0.08464875358462898,0.0,0.0,1.0,0.0,0.0,0.0,17,2,2024,1,12,5,1,0,2,1,0,1,GRAVE_LESIONADOS,1
6,1,13,0,4,1,-11.136128459274621,-76.79644596101045,0,4,6,0,2,1,0,1,1429.4087992907857,1.8807283279602567,1,0,0.0,9,18,646.9517243669898,0.3406393396270022,77.17012752463371,68.76169297550345,3.725774128755499,416.78934575648975,1459.0047010880826,7731.881907454113,1655.0151493378205,1647.9167584982479,4428.949999618046,1822.5923542676596,5909.289553186454,23.59304637190229,4,1,0,0,3,44.89893652696667,44.89893652696667,44.89893652696667,1.0,0.0,0.0,0.0,1,0,0.0,0.0,0.0,1.0,0.0,1.0,0.0,0.0,0.0,0.0,13,2,2022,7,12,5,1,0,0,1,0,1,GRAVE_LESIONADOS,1
3,1,19,0,4,1,-5.379276064037949,-80.73994974148252,1,4,6,1,2,2,2,0,1821.5718774091958,2.0,2,3,0.22458238265390107,10,32,372.18023752640465,0.4687740488762445,76.40259786416358,62.39999678810319,6.714528273892864,672.8003583579583,43346.27408993576,8965.846000060003,1782.4120000599992,636.9959999999999,6546.438000000004,2214.505000059999,6751.341000000004,24.699342371541725,5,1,0,0,3,40.877088086730495,39.326252852038294,42.42792332142269,1.0,1.0,0.0,0.0,1,0,0.0,0.22458238265390107,0.7754176173460989,0.7754176173460989,1.0,0.0,0.0,0.22458238265390107,1.0,0.22458238265390107,17,2,2023,2,16,3,0,0,0,1,0,1,GRAVE_LESIONADOS,1
6,1,7,0,4,1,-12.495306474760907,-74.85063562188587,0,4,3,0,1,2,2,1,6543.555,2.0,4,4,1.0,14,33,1198.0,0.33981621544572493,75.92204175464732,52.16257266454591,5.402327892688077,361.6426931026617,5782.344504768824,12471.720982518313,1815.764766159168,1439.9188189073038,9216.03739745184,2037.1330162963195,10434.587966221994,16.278801321445776,5,1,0,0,4,44.500593806568354,44.500593806568354,44.500593806568354,1.0,1.0,0.0,0.5001979355227852,1,0,0.0,0.5001979355227852,0.0,0.0,0.0,0.49980206447721476,0.5001979355227852,0.5001979355227852,0.0,0.0,11,2,2024,3,22,5,1,1,2,1,0,1,GRAVE_LESIONADOS,1
3,1,13,0,4,1,-11.15450570827714,-77.05717615346548,2,4,0,0,2,2,2,1,6419.906588207386,2.0,3,3,0.8404427505460201,13,32,1065.0888112048347,0.6876972675195827,78.20936651017247,72.65250515489322,12.57610796158653,1279.0611160754238,61936.638639339784,8366.376540249432,1706.2294196641355,1520.3344768754846,5139.812643709812,1778.7609717158357,6587.615568533597,22.067098519392573,8,2,0,0,6,43.54819088510137,35.404427505460205,51.69195426474255,1.0,0.0,0.0,0.8404427505460201,2,0,0.0,0.0,1.0,0.15955724945397987,0.0,0.15955724945397987,1.0,0.0,0.15955724945397987,0.0,6,0,2022,8,12,1,0,0,0,1,0,1,GRAVE_LESIONADOS,1
6,1,10,0,4,1,-13.979724846624656,-75.81519164435471,0,3,7,1,2,2,2,0,6639.975,2.0,2,0,1.0,9,31,1616.0,0.6053164595604621,78.88848309050202,67.63954639531094,9.133324993872453,1064.9426147896202,27932.19700214133,3721.461,698.1859999999996,744.866,2278.409,1102.9029999999996,2618.558,29.636290693359403,6,1,0,0,5,25.48059986867424,25.48059986867424,25.48059986867424,1.0,0.0,0.2987066579116159,0.2987066579116159,1,0,0.0,0.0,0.0,0.0,0.0,0.7012933420883841,0.2987066579116159,0.7012933420883841,0.0,0.7012933420883841,14,1,2021,8,14,3,0,0,0,1,0,1,GRAVE_LESIONADOS,1
3,1,9,1,4,1,-12.311472531050061,-75.10740616217895,0,4,6,0,2,0,1,2,509.6705509466035,2.0,2,0,1.0,4,30,94.06863082342682,0.489663554606979,71.49504465168434,70.90082267961992,8.472550516976867,746.3137753347326,19137.194697626936,12351.921850226763,1821.9515785238816,1246.5643012939522,9283.405970408929,1777.73261356804,10574.189236658724,14.355236046785603,8,2,0,0,6,44.36300755252559,27.945203021010236,60.780812084040946,1.0,0.0,0.0,1.0,2,0,0.0,0.21095939579795286,0.7890406042020471,0.7890406042020471,0.0,0.21095939579795286,1.0,0.0,0.21095939579795286,0.7890406042020471,10,2,2024,1,6,3,0,0,2,1,0,1,GRAVE_LESIONADOS,1
4,1,5,0,4,1,-6.411467146147476,-78.86434833072536,0,4,3,0,2,0,1,2,9936.932,2.0,2,0,1.0,9,32,3830.0,0.2905491771205986,75.33007341892052,48.847472027849506,3.9063086084863072,306.78061929422154,5161.980018848956,15935.565011852366,1733.9250000199986,935.692,13265.948011832368,2000.1670000199988,13935.398011832369,12.551591352627522,6,1,0,0,4,42.87743905981523,38.490243760739084,47.26463435889137,1.0,0.0,0.0,0.3509756239260914,1,0,0.0,1.0,0.0,0.0,0.0,0.0,1.0,0.0,0.3509756239260914,0.0,5,0,2023,4,4,4,0,0,2,1,0,1,GRAVE_LESIONADOS,1
4,1,22,0,4,1,-17.959985635760248,-70.759704004552,0,4,4,1,2,2,2,1,3834.0872472705746,2.0,2,0,1.0,9,31,887.8915260361769,0.5640621424072357,73.89438195680788,71.08045531182081,8.921529835910322,945.475653855056,2912.553098653538,2650.572,630.6729999999998,487.3610000000001,1532.5379999999998,1068.7019999999998,1581.87,40.31967439480987,6,1,0,0,4,25.416288095769925,22.3813850334058,28.45119115813405,1.0,0.5953462583514498,0.0,1.0,1,0,0.0,0.0,0.40465374164855017,1.0,0.0,1.0,0.40465374164855017,0.0,0.0,0.0,14,1,2023,4,7,2,0,0,0,1,0,1,GRAVE_LESIONADOS,1
6,1,5,0,4,3,-6.692057422419837,-78.762503910714,4,4,2,0,1,2,2,0,6543.555,2.0,4,4,1.0,14,33,1198.0,0.33761253155479404,74.85719391496288,46.87943170342374,4.658094711484296,412.5633114630938,8575.65084870692,15935.565011852366,1733.9250000199986,935.692,13265.948011832368,2000.1670000199988,13935.398011832369,12.551591352627522,6,1,0,0,5,43.298910175849805,40.87363771981226,45.11786451787797,0.3936818859906128,0.0,0.0,0.3936818859906128,1,0,0.0,0.3936818859906128,0.6063181140093872,0.0,0.0,0.6063181140093872,0.3936818859906128,0.0,0.6063181140093872,0.0,14,2,2022,5,11,2,0,0,2,1,0,1,GRAVE_LESIONADOS,1
3,1,6,0,4,0,-12.13524531604706,-72.96917875581603,0,4,1,0,1,2,2,2,6543.555,2.0,4,4,1.0,14,33,1198.0,0.2632764138352186,60.69605052033187,43.49416687653754,4.25725353621852,312.6101863828869,12531.447654260992,17425.403355693456,2027.6354586166772,2493.3006763100475,12904.46722076673,2710.1435813380003,14715.259774355454,15.493118938669301,5,1,0,0,3,32.42438044678649,22.726858659640513,42.121902233932474,1.0,1.0,0.0,0.19187318440450152,1,0,0.0,0.0,0.19187318440450152,0.8081268155954985,0.8081268155954985,0.0,0.19187318440450152,0.8081268155954985,0.0,0.8081268155954985,10,1,2023,6,10,5,1,0,2,1,0,1,GRAVE_LESIONADOS,1
4,1,14,1,2,3,-12.256446277761402,-76.65059022421136,0,2,7,1,2,2,2,2,6235.076301448982,2.0,3,3,1.0,13,32,1139.4156581566015,0.7531323295378585,79.82804533302439,78.01789577962327,11.901585879803152,1588.1435884215327,249705.92088347801,7994.592415391729,1704.0560312578457,1645.3036582647735,4645.232725869111,1906.6496059057058,6087.942809486024,23.827838102095075,11,2,0,0,9,40.59182498721536,38.816350025569285,42.36729994886143,1.0,0.0,0.0,0.0,2,0,0.0,0.0,0.938783341856428,0.06121665814357202,0.938783341856428,0.06121665814357202,1.0,0.0,0.0,0.0,8,1,2021,8,17,1,0,1,0,1,0,1,GRAVE_LESIONADOS,1
4,1,5,0,4,1,-10.121646055103941,-76.42555842317803,2,4,6,0,3,1,0,1,8231.737731717958,2.0,2,0,0.5909160928272268,9,32,2412.524261646341,0.5406494706580427,75.91268865196051,65.58394918401596,8.911648072756822,856.1214726673618,63152.256182437406,11380.004473395202,1861.0910921235827,1174.78372958968,8344.12965168194,1890.9709927216243,9489.03348067358,16.825001875886034,4,1,0,0,3,32.727328742617814,32.31824483544504,33.136412649790586,1.0,0.0,0.0,0.0,1,0,0.0,0.0,0.4090839071727732,1.0,0.0,1.0,0.4090839071727732,0.0,0.4090839071727732,0.0,0,0,2022,8,10,1,0,0,0,1,0,1,GRAVE_LESIONADOS,1
5,1,3,0,4,1,-16.675081376670366,-71.9062420408856,0,3,7,1,2,0,1,1,298.3085332252973,1.9892166834205862,2,0,0.9892166834205861,7,25,12.070396783247475,0.6460607339603741,75.69360851330273,77.10811652097249,10.48632047909262,1180.5622999563589,21640.565406087655,10322.272,1495.236,1749.739,7077.2970000000005,2886.595,7435.677000000001,27.964725207783708,4,1,0,0,3,23.291149547644174,23.043133266317657,23.539165828970695,1.0,0.9892166834205861,0.0,0.9892166834205861,1,0,0.0,0.0,0.010783316579413893,0.9892166834205861,0.0,0.9892166834205861,0.010783316579413893,0.0,0.0,0.010783316579413893,16,3,2021,2,5,3,0,0,0,1,0,1,GRAVE_LESIONADOS,1
3,1,17,0,4,1,-15.279885371368671,-70.76245897717156,0,4,0,0,2,1,1,2,7586.903,2.0,2,0,1.0,9,5,1198.0,0.32595697524221223,70.24680599289415,69.70100274509176,6.207219150550514,280.49994803700207,4948.009782328034,13481.559232904025,1984.792998493704,2257.3419242633368,9239.424310146984,3175.804060590932,10305.755172313093,23.510061322088028,4,2,0,0,2,37.169764394054994,28.669275279204207,45.67025350890578,1.0,1.0,0.0,0.0,2,0,0.0,0.16682970495026284,0.16682970495026284,0.8331702950497372,0.16682970495026284,0.8331702950497372,1.0,0.0,0.16682970495026284,0.0,19,1,2022,2,5,5,0,0,2,1,0,1,GRAVE_LESIONADOS,1
3,2,5,1,4,1,-5.840519917301334,-78.76753715274832,0,3,0,1,2,1,0,0,521.967283121128,2.0,2,0,1.0,1,20,137.71132804917997,0.5803239946829384,74.49544278598792,68.33065356443184,8.733179344969395,1046.078117086984,102362.46895074946,15935.565011852366,1733.9250000199986,935.692,13265.948011832368,2000.1670000199988,13935.398011832369,12.551591352627522,12,2,0,0,10,42.07983662090653,41.25304288161162,42.906630360201454,1.0,1.0,0.0,0.0,2,0,0.0,1.0,0.0,1.0,0.0,1.0,1.0,0.0,0.046684819899273755,0.0,15,3,2022,10,7,6,1,0,2,1,0,1,GRAVE_LESIONADOS,1