CLASE SINIESTRO,CANTIDAD DE VEHICULOS DAÑADOS,DEPARTAMENTO,ZONA,TIPO DE VÍA,RED VIAL,COORDENADAS LATITUD,COORDENADAS  LONGITUD,CONDICIÓN CLIMÁTICA,ZONIFICACIÓN,CARACTERÍSTICAS DE VÍA,PERFIL LONGITUDINAL VÍA,SUPERFICIE DE CALZADA,¿EXISTE SEÑAL VERTICAL?,¿EXISTE SEÑAL HORIZONTAL?,CAUSA FACTOR PRINCIPAL,MTC_RVN_LONGITUD_KM,MTC_RVN_N_CARRILES_MEDIANA,MTC_RVN_SUPERFICIE_DOMINANTE,MTC_RVN_ESTADO_DOMINANTE,MTC_RVN_ES_CONCESIONADA,MTC_RVN_CONCESION_PRINCIPAL,MTC_RVN_CORREDOR_LOGISTICO,MTC_RVN_N_TRAMOS,IDH_2019,IDH_ESP_VIDA_2019,IDH_EDUC_SECUND_PCT_2019,IDH_ANIOS_EDUC_2019,IDH_INGRESO_PERCAP_2019,IDH_POBLACION_2019,MTC_DEP_RED_TOTAL_KM,MTC_DEP_NACIONAL_TOTAL_KM,MTC_DEP_DEPARTAMENTAL_TOTAL_KM,MTC_DEP_VECINAL_TOTAL_KM,MTC_DEP_PAV_TOTAL_KM,MTC_DEP_NO_PAV_TOTAL_KM,MTC_DEP_PCT_PAVIMENTADA,PER_TOTAL_PERSONAS,PER_N_CONDUCTORES,PER_N_CONDUCTORES_FUGADOS,PER_N_PEATONES,PER_N_PASAJEROS_OCUPANTES,PER_EDAD_COND_PROM,PER_EDAD_COND_MIN,PER_EDAD_COND_MAX,PER_ANY_COND_MASCULINO,PER_ANY_LIC_PROBLEMA,PER_ANY_DOSAJE_POS,PER_ANY_DOSAJE_EVALUADO,VEH_TOTAL,VEH_N_FUGADOS,VEH_ANY_FUGADO,VEH_ANY_CARGA,VEH_ANY_PUBLICO,VEH_ANY_PARTICULAR,VEH_ANY_MOTO,VEH_ANY_AUTO,VEH_ANY_CAMION_BUS,VEH_ANY_SOAT_PROBLEMA,VEH_ANY_CITV_PROBLEMA,VEH_ANY_SEGURO_PROBLEMA,HORA_NUM,FRANJA_HORARIA,ANIO,MES,DIA_MES,DIA_SEMANA,ES_FIN_SEMANA,ES_QUINCENA,REGION_NATURAL,TIENE_SEÑALIZACION,ES_VIA_MULTICARRIL,ES_DEPTO_BAJO_PAVIMENTO,CATEGORIA_SEVERIDAD,CATEGORIA_SEVERIDAD_ENC
3,1,21,0,4,1,-16.1931637265952,-72.0108641394711,0,4,1,1,2,1,1,2,7366.849564888812,2.0,2,0,1.0,9,31,2104.116856441812,0.5368186299788459,73.56838411504322,74.35124137645646,8.790204867446365,863.4054599944608,2992.873142122751,2876.893280882846,616.1031307250162,580.7258052544737,1680.0643449033557,963.3569463358388,1913.5363345470068,34.973178644685134,5,2,0,0,3,30.03538565902477,21.54327822723247,38.527493090817075,1.0,0.0,0.0,1.0,2,0,0.0,0.0,0.779531681823933,1.0,0.0,1.0,0.779531681823933,0.0,0.0,0.0,20,2,2023,6,11,4,0,0,0,1,0,1,GRAVE_LESIONADOS,1
6,1,16,0,4,1,-7.338650858156548,-78.69059116682412,1,4,5,0,2,1,1,1,964.5452438051755,2.0,1,0,1.0,3,29,171.49651328346704,0.42040941486276007,74.52850553176036,55.682482448366905,6.011533181059887,598.3587685122526,6650.352407389364,8851.065866887175,1697.2857166579652,983.4227598882328,6170.357390340976,2129.907379169956,6721.158487717218,24.038493263258644,4,1,0,0,3,43.27327406016252,43.27327406016252,43.27327406016252,0.2525860066847242,0.7474139933152758,0.0,0.7474139933152758,1,0,0.0,0.7474139933152758,0.0,0.2525860066847242,0.7474139933152758,0.2525860066847242,0.0,0.7474139933152758,0.7474139933152758,0.0,11,2,2021,1,17,3,0,0,0,1,0,1,GRAVE_LESIONADOS,1
3,2,12,0,4,1,-7.915231060810133,-79.11772735188407,0,4,7,1,2,1,0,1,797.5298926525018,1.4889314160587852,2,2,0.17035619464707163,9,11,183.41769248664446,0.46746551889519933,80.67116571723324,62.13320291803619,8.083994395704046,560.0097151554162,11387.405842819848,3504.2851410727635,546.2583077885502,699.1210998604503,2258.905733423763,771.420476858848,2732.8646642139156,21.915379945154555,4,1,0,0,3,40.51106858394122,37.192493362529504,43.82964380535293,1.0,0.0,0.0,0.0,1,0,0.0,1.0,0.0,0.8296438053529284,0.0,0.0,1.0,0.8296438053529284,0.8296438053529284,0.8296438053529284,14,2,2022,5,8,5,1,0,0,1,0,1,GRAVE_LESIONADOS,1
6,1,5,0,4,3,-6.822785162455945,-78.72515846897595,4,4,2,0,1,2,2,0,6543.555,2.0,4,4,1.0,14,33,1198.0,0.34066262081669807,74.74234345649414,49.29672973908386,4.649961587157368,413.7087266881957,8547.540259001853,15935.565011852366,1733.9250000199986,935.692,13265.948011832368,2000.1670000199988,13935.398011832369,12.551591352627522,6,1,0,0,5,41.737013327447755,38.921266659309694,43.8488233285513,0.2960633329654846,0.0,0.0,0.2960633329654846,1,0,0.0,0.2960633329654846,0.7039366670345154,0.0,0.0,0.7039366670345154,0.2960633329654846,0.0,0.7039366670345154,0.0,13,2,2022,5,11,1,0,0,2,1,0,1,GRAVE_LESIONADOS,1
3,2,5,0,4,1,-7.238365538562729,-79.22141929058847,6,4,6,1,1,0,0,2,887.28,2.0,2,0,1.0,8,17,155.0,0.5563774842369664,73.07406660240972,65.2611721745993,7.77984257932775,1045.7361851012442,7379.728051391864,15935.565011852366,1733.9250000199986,935.692,13265.948011832368,2000.1670000199988,13935.398011832369,12.551591352627522,6,2,0,0,4,32.081489694423794,22.32595877769517,41.83702061115241,1.0,0.0,0.9456735370508046,0.9456735370508046,2,0,0.0,0.05432646294919541,0.0,1.0,0.0,1.0,0.05432646294919541,0.0,0.0,0.0,10,1,2021,8,29,3,0,1,2,0,0,1,GRAVE_LESIONADOS,1
3,2,19,0,4,1,-5.848614940844229,-79.22051713477316,0,2,7,1,2,2,2,1,7040.3112185579685,2.5910727642433278,2,0,1.0,3,25,1744.07412112789,0.4831704899975373,72.68142635313266,56.29229440472734,7.0077576513870135,808.5940039721302,48225.54880572632,7607.917238985928,1386.8419635075477,771.2476293533869,5449.827646124993,1723.3429060953608,5884.574332890566,21.940106454013474,5,2,0,0,3,39.16342825244819,36.914328455786496,41.41252804910989,1.0,0.408927235756672,0.0,0.591072764243328,2,0,0.0,0.591072764243328,0.408927235756672,0.408927235756672,0.408927235756672,0.0,0.591072764243328,0.408927235756672,1.0,0.408927235756672,4,0,2023,5,17,2,0,0,0,1,0,1,GRAVE_LESIONADOS,1
3,1,16,0,4,1,-7.359280871319175,-78.67353065235052,0,2,7,1,2,2,2,0,652.2705345911018,1.6619698394506341,1,2,0.0,9,32,135.70424128439493,0.48120661763622347,74.7955180417871,61.492931316557176,7.260680918997581,721.4585211415304,43206.92387062423,10080.905752613753,1797.3029046722381,795.3776655142814,7488.2251824272325,2002.9085984707913,8077.997154142961,20.72847490340716,5,2,0,0,3,42.16901508027468,36.28166823395698,48.05636192659239,1.0,0.6619698394506341,0.0,0.0,2,0,0.0,0.33803016054936585,0.6619698394506341,1.0,0.6619698394506341,0.33803016054936585,0.33803016054936585,0.0,0.6619698394506341,0.0,13,2,2023,4,22,2,0,1,0,1,0,1,GRAVE_LESIONADOS,1
3,2,23,0,4,1,-3.808799539606471,-80.67721084653161,7,4,3,1,2,2,2,2,6543.555,3.0,2,0,1.0,0,30,1475.0,0.5250825316526994,72.08456916987134,59.689142954131256,7.715096601407895,958.8755750820081,5888.7256417331055,1009.101,138.47399999999996,287.471,583.156,276.972,732.129,27.447401201663663,4,2,0,0,2,35.28350647236495,31.156514739518496,39.41049820521139,1.0,0.0,0.0,1.0,2,0,0.0,0.0,0.4648547808132707,1.0,0.0,1.0,0.4648547808132707,0.0,0.0,0.0,14,2,2022,6,23,5,1,1,0,1,1,1,GRAVE_LESIONADOS,1
4,1,3,0,4,1,-16.272603537130458,-71.67772143688546,0,4,7,0,2,1,1,0,1504.4250000000002,2.0,2,0,1.0,7,25,241.0,0.6042157291419799,78.17621794849565,74.05970839299397,8.77930752805851,1056.05415889676,33959.84482181447,10322.272,1495.236,1749.739,7077.2970000000005,2886.595,7435.677000000001,27.964725207783708,6,1,0,0,4,24.078427522428804,21.369411302691457,26.541169540371847,0.3694113026914565,0.0,0.0,1.0,1,0,0.0,0.3694113026914565,0.3694113026914565,0.6305886973085435,0.0,0.0,1.0,0.0,0.0,0.0,12,1,2022,6,5,0,0,0,0,1,0,1,GRAVE_LESIONADOS,1
3,2,12,0,4,1,-7.164284287082999,-79.48871967166308,0,4,7,1,2,2,2,1,6543.555,2.449598906007737,3,2,1.0,7,31,1322.5388969641433,0.5114727232493018,78.60606800160349,61.153108160372966,6.422343227671115,862.4189512831092,24701.19700214133,8931.828000000005,1335.5899999999997,1935.9830000000004,5660.255000000005,1219.309,7712.519000000005,13.651281686122925,6,2,0,0,4,38.14719234205416,26.348796718023213,49.945587966085114,1.0,0.44959890600773733,0.0,0.0,2,0,0.0,0.0,1.0,0.44959890600773733,1.0,0.0,0.44959890600773733,0.0,0.0,0.44959890600773733,12,1,2022,2,11,3,0,0,0,1,0,1,GRAVE_LESIONADOS,1
5,1,8,0,4,1,-13.362659133677194,-75.26804087601369,1,4,1,0,2,2,2,0,1530.9503351076858,1.8113677535759252,1,3,0.8113677535759252,9,25,271.6145833224628,0.5166252879071881,73.67765374804482,54.41637683503008,8.140060166378152,903.6153064186644,1903.4413583261808,8511.426,1445.3929999999996,2008.516,5057.516999999999,1879.579,6631.846999999998,22.08300935706896,5,1,0,0,4,20.829483696361123,20.64085144993705,21.018115942785197,1.0,0.8113677535759252,0.0,0.0,1,0,0.0,0.0,0.0,1.0,0.0,1.0,0.18863224642407483,0.0,0.0,0.0,14,2,2022,3,6,3,0,0,2,1,0,1,GRAVE_LESIONADOS,1
4,1,15,0,4,1,-6.35423860622456,-79.16557010301747,0,4,7,1,4,1,1,0,6543.555,2.0,4,4,1.0,14,33,1198.0,0.49464175716805525,76.77640099937373,53.23943383798184,6.663600708241575,853.7801968733622,9432.29877044165,8948.568345731926,1555.472260816063,1296.7481407219839,6096.34794419388,1709.047523212625,7239.520822519302,19.088060897568976,5,1,0,0,3,27.58687157603719,26.60266640804395,28.571076744030428,1.0,0.0,0.4921025839966191,0.4921025839966191,1,0,0.0,0.5078974160033809,0.0,0.4921025839966191,0.4921025839966191,0.0,0.5078974160033809,0.4921025839966191,0.4921025839966191,0.0,15,1,2022,6,3,5,1,0,0,0,0,1,GRAVE_LESIONADOS,1
4,1,3,0,4,1,-15.689351053751125,-71.2076849559045,3,4,3,1,2,0,1,0,781.9372609322548,1.0,1,2,0.0,9,16,179.7405069355106,0.4603664229331811,81.44648780317904,55.106696891373616,5.802325128559289,686.9284060584043,1366.6034356791183,10322.272,1495.236,1749.739,7077.2970000000005,2886.595,7435.677000000001,27.964725207783708,14,1,0,0,12,28.24274218706302,28.24274218706302,28.24274218706302,1.0,0.0,0.0,0.47141579856255766,1,0,0.0,0.0,0.47141579856255766,0.5285842014374423,0.0,0.5285842014374423,0.47141579856255766,0.0,0.0,0.0,14,3,2024,3,13,2,0,0,0,1,0,1,GRAVE_LESIONADOS,1
3,1,7,0,4,1,-13.308955296340393,-73.56774806922475,0,4,5,0,2,1,1,1,7389.296903874543,2.0,2,0,1.0,9,10,1198.0,0.3496222933871226,75.26116124432666,68.69248236469086,5.566799176338972,333.47042600447935,5330.196737373487,12861.231343893476,1845.9276969110429,1883.8994878897006,9131.404159092734,2642.3232348353154,10218.90810905816,20.490926946369534,4,1,0,0,3,49.5908692686829,40.674226937821125,58.50751159954467,1.0,1.0,0.0,0.18939615173983892,1,0,0.0,0.8106038482601611,0.8106038482601611,0.18939615173983892,0.8106038482601611,0.0,1.0,0.0,0.8106038482601611,0.0,7,1,2022,6,24,0,0,1,2,1,0,1,GRAVE_LESIONADOS,1
6,1,9,0,4,0,-8.46325268540812,-78.45113624951182,0,4,7,1,2,2,2,0,6543.555,2.264479294206419,3,2,1.0,10,32,1271.260764495178,0.43740829875058684,75.7870761255382,55.67535334282431,6.540643405544852,618.0112098259734,26439.83046017026,9417.364377890031,1480.9142312254835,1747.3399696557417,6189.110177008806,1452.324250491858,7965.040127398173,15.199747162125595,7,1,0,0,6,37.61968635214223,37.61968635214223,37.61968635214223,1.0,0.7355207057935812,0.0,0.2644792942064188,1,0,0.0,0.7355207057935812,0.2644792942064188,0.0,0.0,0.0,1.0,0.0,0.0,0.0,19,1,2022,7,14,3,0,0,0,1,0,1,GRAVE_LESIONADOS,1
3,2,14,0,4,1,-11.23354963438585,-77.15998845087412,0,4,2,1,2,2,2,2,1207.0449929527795,0.9913748718243323,1,0,0.3362083760585559,9,17,517.4561020565554,0.6187881974841839,77.04891526185644,64.31315310808426,7.6743949899924555,1342.6279170994912,23439.353969201245,7626.313,1683.4029999999998,1599.0829999999996,4343.827000000001,1814.875,5811.438000000001,23.797541485643197,6,2,0,0,4,42.88795914511256,30.077626153581008,55.69829213664411,1.0,0.0,0.0,1.0,2,0,0.0,0.6637916239414441,0.0,0.3362083760585559,0.0,1.0,0.6637916239414441,0.0,0.0,0.0,12,2,2022,6,9,3,0,0,0,1,0,1,GRAVE_LESIONADOS,1
6,1,8,0,4,1,-12.097507037091887,-75.25521585300051,0,4,7,1,2,2,2,0,7468.600800629415,2.1133870955525724,2,0,1.0,7,7,1229.4082254680625,0.49656380604539835,76.34653689134544,72.64050253152821,7.986226068364238,668.4456190470227,10054.773994909812,8559.094161744493,1432.9427567470404,2000.2916937982855,5125.859711199166,1804.7129024195028,6754.381259324989,21.126960245970132,4,1,0,0,3,25.154354815498877,25.154354815498877,25.154354815498877,1.0,0.0,0.0,0.0,1,0,0.0,0.0,0.0,1.0,0.0,1.0,0.0,0.0,0.0,0.0,5,0,2022,10,7,0,0,0,1,1,0,1,GRAVE_LESIONADOS,1
5,1,19,0,4,1,-5.166605005914895,-80.52684044826026,0,3,7,0,2,2,2,0,2768.6966383944623,2.279383709336285,2,0,1.0,0,22,529.551426649206,0.6220812987247925,80.20155828147696,72.71675503872983,10.02377668600292,1028.915688621886,159840.92719486082,8965.846000060003,1782.4120000599992,636.9959999999999,6546.438000000004,2214.505000059999,6751.341000000004,24.699342371541725,4,1,0,0,3,34.984592733407126,34.984592733407126,34.984592733407126,1.0,0.0,0.0,1.0,1,0,0.279383709336285,0.0,0.279383709336285,0.720616290663715,0.279383709336285,0.0,0.720616290663715,0.0,1.0,0.279383709336285,5,0,2021,9,8,4,0,0,0,1,0,1,GRAVE_LESIONADOS,1
1,1,5,1,4,1,-5.724036936781695,-78.76885720791866,0,1,7,0,2,0,1,2,7758.33400008,2.0,2,0,1.0,9,20,2133.0,0.5803239946829384,74.49544278598792,68.33065356443184,8.733179344969395,1046.078117086984,102362.46895074946,15935.565011852366,1733.9250000199986,935.692,13265.948011832368,2000.1670000199988,13935.398011832369,12.551591352627522,5,1,0,2,0,33.24435460744148,31.995117498327765,34.49359171655519,1.0,0.4996948436454852,1.0,1.0,1,0,0.0,0.0,0.4996948436454852,0.5003051563545148,1.0,0.0,0.0,0.4996948436454852,1.0,0.4996948436454852,12,1,2024,2,7,5,1,0,2,1,0,1,GRAVE_LESIONADOS,1
3,2,18,0,4,2,-5.185745310384903,-80.18854009254017,0,4,0,1,6,2,2,0,6543.555,2.105900463893841,3,3,1.0,12,32,1227.334428498594,0.47475263492324304,74.2493909179643,61.72619646787932,6.908260098716454,719.9799039922146,76306.18619941328,8382.741631282257,1648.199047137786,642.58034326205,6091.962240882422,2054.4735140404673,6328.268117241791,24.236626435589674,6,2,0,0,4,36.69440742230145,25.16490510283225,48.223909741770655,1.0,1.0,0.0,1.0,2,0,0.0,0.0,0.10590046389384078,0.0,0.8940995361061592,0.0,0.10590046389384078,0.8940995361061592,1.0,0.0,14,2,2021,3,14,4,0,0,0,1,0,1,GRAVE_LESIONADOS,1
6,1,3,1,4,0,-16.456530292688445,-71.61550876360837,0,0,7,1,0,1,1,0,6551.281044531133,2.0,3,3,1.0,13,32,1231.4939495334331,0.6464815263216067,78.02854024452351,74.19000309410546,10.189759146922377,1174.6399562236152,4403.228531742475,10322.272,1495.236,1749.739,7077.2970000000005,2886.595,7435.677000000001,27.964725207783708,4,1,0,0,2,39.75961280239163,39.4390965389138,40.0,0.08012906586945723,0.0,0.0,0.08012906586945723,1,0,0.0,0.0,0.0,0.08012906586945723,0.0,0.08012906586945723,0.9198709341305428,0.0,0.0,0.0,11,2,2023,9,18,4,0,0,0,1,0,1,GRAVE_LESIONADOS,1
3,1,19,0,4,2,-5.388950183202728,-80.75432359841588,5,4,6,1,5,2,2,0,6543.555,2.0,4,4,1.0,14,33,1198.0,0.4657980803947892,76.48127537629051,61.74177682643785,6.635776114563085,668.93290397924,43095.91714411094,8965.846000060003,1782.4120000599992,636.9959999999999,6546.438000000004,2214.505000059999,6751.341000000004,24.699342371541725,4,1,0,0,3,37.02757829530089,35.841711597362504,38.21344499323928,1.0,1.0,0.0,0.05515659060178546,1,0,0.0,0.9448434093982145,0.05515659060178546,0.0,1.0,0.0,0.0,1.0,1.0,1.0,21,2,2022,6,10,6,1,0,0,1,0,1,GRAVE_LESIONADOS,1
6,1,14,1,4,1,-12.306917807872557,-76.83320554519699,0,2,7,0,2,1,1,0,6622.681259249379,2.1793584396455215,2,0,1.0,7,30,1590.7104600099815,0.6002083557800428,77.38380330024223,66.31695612162389,8.935007923331845,1099.5886295126909,19424.21483723898,7626.313,1683.4029999999998,1599.0829999999996,4343.827000000001,1814.875,5811.438000000001,23.797541485643197,5,2,0,0,3,44.13026496567166,31.820641560354478,66.28758709524259,1.0,0.0,0.0,0.17935843964552123,2,0,0.0,0.8206415603544788,0.0,0.17935843964552123,0.0,0.17935843964552123,0.8206415603544788,0.0,0.0,0.8206415603544788,7,1,2022,9,5,1,0,0,0,1,0,1,GRAVE_LESIONADOS,1
6,1,12,0,4,1,-7.780869995859386,-79.23951047889186,0,4,7,1,2,2,2,0,6543.555,3.0,2,0,1.0,0,30,1475.0,0.6117482766070316,77.45507133263925,76.99704492994547,9.239797629520286,1051.6273346008854,8452.60405409924,8931.828000000005,1335.5899999999997,1935.9830000000004,5660.255000000005,1219.309,7712.519000000005,13.651281686122925,6,1,0,0,5,33.16861910310279,33.16861910310279,33.16861910310279,1.0,0.0,0.0,0.0,1,0,0.0,0.0,0.0,1.0,0.0,1.0,0.0,0.0,1.0,0.0,17,2,2023,1,8,6,1,0,0,1,1,1,GRAVE_LESIONADOS,1
4,1,11,0,4,1,-12.47261982240977,-75.99037144372527,0,4,6,1,2,1,1,1,6987.658199320137,2.0,2,0,1.0,9,21,1462.5230964594805,0.540860380315334,72.87744556052165,63.97354901090811,8.153717776705829,1088.2221384529346,7561.5773395314045,7951.299608907799,1596.0129573883273,1749.41436135719,4605.872290162281,1838.6323434609708,6112.6672654468275,23.168017365752505,17,1,0,0,15,36.36716962569502,27.304526631255204,45.06264299443982,1.0,0.0,0.0,0.0,1,0,0.0,0.6328303743049773,0.6328303743049773,0.36716962569502265,0.0,0.36716962569502265,0.6328303743049773,0.0,0.0,0.0,6,0,2022,9,16,3,0,0,0,1,0,1,GRAVE_LESIONADOS,1
3,1,23,0,4,0,-3.854895705045802,-80.72199211617247,6,4,2,1,3,2,2,1,6543.555,2.542299975621079,2,1,1.0,6,31,1348.217093247039,0.5483341296352033,74.02980911411932,58.80780405545325,7.965374890169084,1025.06527484169,5488.794924640566,1009.101,138.47399999999996,287.471,583.156,276.972,732.129,27.447401201663663,4,2,0,0,2,28.67895032911543,27.323200390062734,30.03470026816813,1.0,0.4577000243789209,0.4577000243789209,1.0,2,0,0.0,0.0,0.0,1.0,0.4577000243789209,1.0,0.0,0.4577000243789209,0.4577000243789209,0.0,18,2,2021,4,17,5,1,0,0,1,0,1,GRAVE_LESIONADOS,1
3,2,17,0,4,1,-15.026568365147686,-70.75798622868626,0,4,5,0,2,1,1,2,1750.0897825261986,1.8518992013728726,1,0,0.8518992013728726,6,23,394.4494161441516,0.27761989521103914,76.45888027823358,58.90020744600199,5.329557944523163,196.15368269532837,1613.308918990795,13499.606032458873,1988.832917232136,2268.20624442998,9242.566870796756,3191.3242744960685,10308.281757962803,23.59789505304384,6,2,0,0,3,33.98776480320337,26.888604791762766,38.81519361098298,1.0,0.0,0.0,0.14810079862712744,2,0,0.0,0.0,0.0,0.8518992013728726,0.14810079862712744,0.8518992013728726,0.8518992013728726,1.0,1.0,0.14810079862712744,19,2,2021,3,24,4,0,0,2,1,0,1,GRAVE_LESIONADOS,1
6,1,8,0,4,1,-12.696222306590839,-74.47617675905579,0,4,1,0,1,1,0,1,6808.237976283679,2.0,3,2,1.0,12,25,1198.0,0.25387651347881574,68.48509098460282,61.88565557947715,4.234068728012556,208.2631037013317,4131.940660950856,8511.426,1445.3929999999996,2008.516,5057.516999999999,1879.579,6631.846999999998,22.08300935706896,4,1,0,0,3,28.044234249171076,27.029489499447386,28.80529281146385,1.0,0.0,0.0,0.0,1,0,0.0,0.0,0.0,1.0,0.0,1.0,0.0,0.0,0.0,0.0,13,1,2021,10,6,5,1,0,2,1,0,1,GRAVE_LESIONADOS,1
3,1,13,1,4,0,-11.030860282386897,-77.5914704179324,0,3,6,0,1,2,2,2,6543.555,2.0,4,4,1.0,14,33,1198.0,0.6024947101550862,75.87427699630348,64.9955990621285,8.275653195141098,1208.5374155403554,26230.15703323955,7631.181653728089,1680.4794801425642,1592.3398681344415,4358.362305451084,1808.5670646747685,5822.614589053321,23.706586395235547,5,1,0,0,3,31.621143210496008,23.192158195959188,40.05012822503283,1.0,0.0,0.0,0.9916452958278614,1,0,0.0,0.008354704172138572,0.0,0.9916452958278614,0.9916452958278614,0.9916452958278614,0.008354704172138572,0.0,0.008354704172138572,0.0,6,1,2022,6,23,0,0,0,0,1,0,1,GRAVE_LESIONADOS,1
6,1,7,0,4,2,-13.156845731991016,-72.3697511746962,1,4,1,0,2,1,0,0,6543.555,2.0,4,4,1.0,14,33,1198.0,0.4388470027613653,74.20912777925705,61.35757421697864,6.818627091039499,589.3850886319416,3433.731533029809,17779.13499998999,2097.3709999899997,2863.123,12818.640999999989,2878.713,14900.421999989989,16.19152450331032,17,1,0,0,16,57.61642474071504,57.61642474071504,57.61642474071504,1.0,0.8314009515659632,0.0,0.0,1,0,0.0,0.8314009515659632,0.0,0.0,0.0,0.0,1.0,0.8314009515659632,0.8314009515659632,0.0,7,1,2023,5,15,6,1,1,2,1,0,1,GRAVE_LESIONADOS,1
4,1,7,2,3,2,-14.53334414984117,-73.82365054392861,0,0,7,0,4,2,2,0,6583.974569665528,2.0,3,2,1.0,11,32,1373.2269251212472,0.7366355332602574,79.20443004464975,79.55491290339415,12.259792051315193,1479.7443204241433,101555.8419575724,9192.117440614948,1574.116202916961,1686.5835271984051,5931.4177104995815,2437.326578490567,6754.7908621243805,26.217828580879413,22,1,0,0,20,39.83840634029305,34.80796829853476,44.86884438205134,1.0,0.5807968298534757,0.0,0.0,1,0,0.0,0.0,0.4192031701465243,0.5807968298534757,0.5807968298534757,0.0,0.4192031701465243,0.5807968298534757,1.0,0.0,12,2,2023,7,13,4,0,0,0,1,0,1,GRAVE_LESIONADOS,1
3,1,14,2,2,4,-11.935103683425424,-77.08331041490565,0,1,7,0,1,2,2,0,6543.555,2.0,4,4,1.0,14,33,1198.0,0.7312723787882209,80.12860033504926,77.4844343264291,10.850358557965288,1531.7110907411293,369617.4414779177,7626.313,1683.4029999999998,1599.0829999999996,4343.827000000001,1814.875,5811.438000000001,23.797541485643197,6,1,0,0,4,40.2870383064848,40.2870383064848,40.2870383064848,1.0,0.28561243796270763,0.0,0.0,1,0,0.0,0.0,0.7143875620372924,1.0,0.28561243796270763,0.7143875620372924,0.7143875620372924,0.28561243796270763,1.0,0.28561243796270763,13,2,2022,6,15,1,0,0,0,1,0,1,GRAVE_LESIONADOS,1
6,1,3,0,4,1,-16.054955870850428,-72.03217757103378,0,4,0,0,6,1,1,0,6551.592272038253,2.0,3,3,1.0,13,32,1232.843183073943,0.4376248127806057,74.62254845834096,46.4073072001702,6.400154049148121,682.6770635410876,779.4999273262936,10322.272,1495.236,1749.739,7077.2970000000005,2886.595,7435.677000000001,27.964725207783708,9,1,0,0,8,29.916925870366924,29.916925870366924,29.916925870366924,1.0,0.9166431026939161,0.0,0.0,1,0,0.0,0.9166431026939161,0.08335689730608387,0.0,0.0,0.0,1.0,0.0,0.9166431026939161,0.0,16,1,2022,7,13,0,0,0,0,1,0,1,GRAVE_LESIONADOS,1
6,1,1,0,4,2,-9.081010314141242,-77.22619117507033,0,4,1,0,7,2,2,0,6543.555,2.0,4,4,1.0,14,33,1198.0,0.2715824856396255,73.61736412787819,44.82369755677165,5.141248162313989,223.7972548824514,2629.622275040231,10767.648,1885.0630000000003,1222.721,7659.864000000001,2100.343,8667.305000000002,19.506051832303577,7,1,0,0,6,32.41099330386925,32.41099330386925,32.41099330386925,1.0,0.0,0.0,0.0,1,0,0.0,0.7054966519346239,0.29450334806537615,0.0,0.0,0.29450334806537615,0.7054966519346239,0.0,0.29450334806537615,0.0,4,0,2023,1,7,5,0,0,0,1,0,1,GRAVE_LESIONADOS,1
3,2,12,0,4,1,-7.186004966734334,-79.47832521892879,0,4,7,1,2,2,2,1,6543.555,2.328220729745134,3,2,1.0,9,32,1288.9171421394021,0.5114727232493018,78.60606800160349,61.153108160372966,6.422343227671115,862.4189512831092,24701.19700214133,8931.828000000005,1335.5899999999997,1935.9830000000004,5660.255000000005,1219.309,7712.519000000005,13.651281686122925,4,2,0,0,2,31.06135124305839,24.343558540509733,37.779143945607046,1.0,0.32822072974513405,0.0,0.0,2,0,0.0,0.0,1.0,0.32822072974513405,1.0,0.0,0.0,0.32822072974513405,0.0,0.0,18,2,2021,2,8,4,0,0,0,1,0,1,GRAVE_LESIONADOS,1
3,2,3,0,4,1,-16.222799870638664,-71.65001851445936,0,4,2,0,2,1,1,1,1504.4250000000002,2.0,2,0,1.0,7,25,241.0,0.6005060748875158,78.21704200773246,77.40211893847457,8.994742794352394,996.014120858737,33335.45824411135,10322.272,1495.236,1749.739,7077.2970000000005,2886.595,7435.677000000001,27.964725207783708,6,2,0,0,4,46.23961197554535,36.50751821933738,55.971705731753325,1.0,0.0,0.0,0.6056588536493357,2,0,0.0,1.0,0.0,0.0,0.0,0.0,1.0,0.0,0.0,0.0,16,2,2021,5,21,3,0,0,0,1,0,1,GRAVE_LESIONADOS,1
6,1,3,0,4,1,-16.38634703570958,-71.31991286156072,0,4,6,0,6,1,1,0,1102.297167516239,1.0012844255268014,4,1,0.0012844255268014138,8,31,202.05009259554527,0.5190206551387955,79.39597971764765,72.48031755437252,7.933580400293053,714.4347655136492,3112.2718359327932,10322.272,1495.236,1749.739,7077.2970000000005,2886.595,7435.677000000001,27.964725207783708,4,1,0,0,3,38.996788936182995,38.991009021312394,39.0025688510536,1.0,0.0,0.0,0.0,1,0,0.0,1.0,0.0,0.0012844255268014138,0.0,0.0012844255268014138,1.0,0.0,0.0,0.0,5,0,2024,8,18,2,0,0,0,1,0,1,GRAVE_LESIONADOS,1