CLASE SINIESTRO,CANTIDAD DE VEHICULOS DAÑADOS,DEPARTAMENTO,ZONA,TIPO DE VÍA,RED VIAL,COORDENADAS LATITUD,COORDENADAS  LONGITUD,CONDICIÓN CLIMÁTICA,ZONIFICACIÓN,CARACTERÍSTICAS DE VÍA,PERFIL LONGITUDINAL VÍA,SUPERFICIE DE CALZADA,¿EXISTE SEÑAL VERTICAL?,¿EXISTE SEÑAL HORIZONTAL?,CAUSA FACTOR PRINCIPAL,MTC_RVN_LONGITUD_KM,MTC_RVN_N_CARRILES_MEDIANA,MTC_RVN_SUPERFICIE_DOMINANTE,MTC_RVN_ESTADO_DOMINANTE,MTC_RVN_ES_CONCESIONADA,MTC_RVN_CONCESION_PRINCIPAL,MTC_RVN_CORREDOR_LOGISTICO,MTC_RVN_N_TRAMOS,IDH_2019,IDH_ESP_VIDA_2019,IDH_EDUC_SECUND_PCT_2019,IDH_ANIOS_EDUC_2019,IDH_INGRESO_PERCAP_2019,IDH_POBLACION_2019,MTC_DEP_RED_TOTAL_KM,MTC_DEP_NACIONAL_TOTAL_KM,MTC_DEP_DEPARTAMENTAL_TOTAL_KM,MTC_DEP_VECINAL_TOTAL_KM,MTC_DEP_PAV_TOTAL_KM,MTC_DEP_NO_PAV_TOTAL_KM,MTC_DEP_PCT_PAVIMENTADA,PER_TOTAL_PERSONAS,PER_N_CONDUCTORES,PER_N_CONDUCTORES_FUGADOS,PER_N_PEATONES,PER_N_PASAJEROS_OCUPANTES,PER_EDAD_COND_PROM,PER_EDAD_COND_MIN,PER_EDAD_COND_MAX,PER_ANY_COND_MASCULINO,PER_ANY_LIC_PROBLEMA,PER_ANY_DOSAJE_POS,PER_ANY_DOSAJE_EVALUADO,VEH_TOTAL,VEH_N_FUGADOS,VEH_ANY_FUGADO,VEH_ANY_CARGA,VEH_ANY_PUBLICO,VEH_ANY_PARTICULAR,VEH_ANY_MOTO,VEH_ANY_AUTO,VEH_ANY_CAMION_BUS,VEH_ANY_SOAT_PROBLEMA,VEH_ANY_CITV_PROBLEMA,VEH_ANY_SEGURO_PROBLEMA,HORA_NUM,FRANJA_HORARIA,ANIO,MES,DIA_MES,DIA_SEMANA,ES_FIN_SEMANA,ES_QUINCENA,REGION_NATURAL,TIENE_SEÑALIZACION,ES_VIA_MULTICARRIL,ES_DEPTO_BAJO_PAVIMENTO,CATEGORIA_SEVERIDAD,CATEGORIA_SEVERIDAD_ENC
6,1,4,0,6,3,-13.741024534906007,-74.38912849810333,4,4,2,0,7,2,2,5,6543.555,2.0,4,4,1.0,14,33,1198.0,0.28272753258657,79.4676557005793,35.05804026404883,4.037201487666124,319.84969286701454,2378.64760113559,12678.733000000004,1805.074000000001,1774.0339999999994,9099.625000000004,2485.375000000001,10193.358000000002,19.602707936195205,4,1,0,0,3,29.60079629367811,29.60079629367811,29.60079629367811,1.0,0.0,0.0,0.8798407412643781,1,0,0.0,1.0,0.0,0.0,0.0,0.0,1.0,0.0,0.12015925873562194,0.0,11,1,2021,4,23,0,0,0,2,1,0,1,GRAVE_LESIONADOS,1
6,1,7,0,4,1,-13.354214665535347,-72.02356404929932,2,4,0,0,1,1,1,2,5102.650370146687,1.5345545447560391,3,3,0.5345545447560391,11,23,1156.5753544832876,0.35022661451222636,69.7530953425763,57.000849563060825,5.1772412208128635,444.06209258062813,2988.217348992842,17779.13499998999,2097.3709999899997,2863.123,12818.640999999989,2878.713,14900.421999989989,16.19152450331032,4,1,0,0,3,32.3272272762198,32.3272272762198,32.3272272762198,1.0,0.0,0.0,1.0,1,0,0.0,0.0,0.0,0.5345545447560391,0.0,1.0,0.0,0.0,0.0,0.0,17,2,2021,1,13,2,0,0,2,1,0,1,GRAVE_LESIONADOS,1
3,1,12,0,4,1,-7.73185153461309,-79.36710344155652,0,4,7,1,2,2,2,1,6543.555,2.3248701141555803,3,2,1.0,9,32,1287.9890216210958,0.5778121382190116,76.89760834132433,67.5664976185341,8.411475419865504,1017.3164300388316,9112.247045378597,8931.828000000005,1335.5899999999997,1935.9830000000004,5660.255000000005,1219.309,7712.519000000005,13.651281686122925,4,1,0,0,3,26.598960913244643,26.598960913244643,26.598960913244643,1.0,0.6751298858444197,0.0,0.0,1,0,0.0,0.0,0.0,1.0,0.0,1.0,0.0,0.0,1.0,0.0,13,2,2023,5,18,6,1,0,0,1,0,1,GRAVE_LESIONADOS,1
3,2,5,1,4,1,-5.719654690512436,-78.77744469008505,0,2,7,0,2,1,1,1,7758.33400008,2.0,2,0,1.0,9,20,2133.0,0.5803239946829384,74.49544278598792,68.33065356443184,8.733179344969395,1046.078117086984,102362.46895074946,15935.565011852366,1733.9250000199986,935.692,13265.948011832368,2000.1670000199988,13935.398011832369,12.551591352627522,6,2,0,0,4,35.83020686441415,31.825517161035375,39.834896567792924,1.0,1.0,0.0,0.5825517161035375,2,0,0.0,0.4174482838964625,0.5825517161035375,1.0,0.5825517161035375,0.4174482838964625,0.4174482838964625,0.0,1.0,0.5825517161035375,14,3,2022,8,18,2,0,0,2,1,0,1,GRAVE_LESIONADOS,1
5,1,13,0,4,0,-6.94691834957476,-78.49567505771937,0,4,1,1,1,1,1,2,6543.555,2.0,4,4,1.0,14,33,1198.0,0.4828655209955579,74.79219143206358,48.21585909079998,6.674545545728854,864.8649082854155,9435.954869259858,8940.98976140199,1455.9285427270204,1586.1385371482293,5898.922681526741,1487.3361704591512,7453.653590942839,16.626756310614248,4,1,0,0,2,25.65339505764195,25.114753080698733,26.19203703458517,1.0,0.0,0.2693209884716098,0.2693209884716098,1,0,0.0,0.7306790115283902,0.0,0.2693209884716098,0.2693209884716098,0.0,0.7306790115283902,0.2693209884716098,0.2693209884716098,0.0,17,2,2021,4,1,2,0,0,0,0,0,1,GRAVE_LESIONADOS,1
6,1,7,0,4,1,-12.509679189009493,-75.40026190797073,0,4,3,0,2,1,1,2,1295.2029271519684,2.0,2,1,1.0,6,19,238.9761049578164,0.48301752150090865,79.09996414770231,55.479584636316325,7.0857808509128075,895.2774734726298,4005.4136528689137,12480.694100379047,1815.3013655028449,1454.4013351180845,9210.991399758117,2056.5624590834163,10424.13164129563,16.422878975366785,5,1,0,0,3,33.39068852333911,33.39068852333911,33.39068852333911,1.0,0.0,0.0,0.5218622953321788,1,0,0.5218622953321788,0.47813770466782124,0.0,0.5218622953321788,0.0,0.0,1.0,0.0,0.47813770466782124,0.5218622953321788,10,2,2022,1,16,3,0,0,2,1,0,1,GRAVE_LESIONADOS,1
5,1,12,0,4,0,-7.840763434631594,-78.62285059556517,0,4,7,1,2,2,2,0,6543.555,2.0741761955943123,3,3,1.0,12,32,1218.5468061796246,0.390661587583276,74.75587167969957,52.23182210619554,5.681897459676781,507.5796306134428,26547.23812333202,8931.828000000005,1335.5899999999997,1935.9830000000004,5660.255000000005,1219.309,7712.519000000005,13.651281686122925,4,1,0,0,3,40.148352391188624,39.10988565286825,41.186819129509,1.0,1.0,0.0,0.0,1,0,0.0,0.9258238044056878,0.07417619559431221,0.07417619559431221,0.07417619559431221,0.0,1.0,0.0,0.0,0.07417619559431221,20,1,2022,8,17,4,0,1,0,1,0,1,GRAVE_LESIONADOS,1
3,2,10,0,4,1,-14.77919131249786,-75.14099937573606,0,3,1,1,2,1,0,2,6639.975,2.0,2,0,1.0,9,31,1616.0,0.565774562804797,77.37020487231568,68.82155965310771,8.602994253308367,943.697337795545,27932.19700214133,3721.461,698.1859999999996,744.866,2278.409,1102.9029999999996,2618.558,29.636290693359403,5,2,0,0,3,44.135926870644234,27.0,61.27185374128846,1.0,1.0,0.0,1.0,2,0,0.0,0.0,0.0,1.0,0.19201625096794883,0.8079837490320512,0.19201625096794883,0.8079837490320512,0.8079837490320512,0.0,6,1,2021,2,17,1,0,1,0,1,0,1,GRAVE_LESIONADOS,1
6,1,11,0,4,1,-11.316465042322713,-75.56867258482897,1,4,1,0,6,2,2,1,6543.555,2.0,4,4,1.0,14,33,1198.0,0.3624940544577994,75.4860939441183,49.28103100453795,5.2634189183928415,445.5549654711717,4819.032060229621,12264.545,1826.4639999999995,1105.5389999999998,9332.542,1588.5359999999996,10676.009,12.952261987705208,4,1,0,0,3,57.279969795147025,57.279969795147025,57.279969795147025,1.0,0.1600017767560571,0.0,0.0,1,0,0.0,0.0,0.0,0.8399982232439429,0.0,0.1600017767560571,0.8399982232439429,0.0,0.0,0.0,5,0,2022,6,5,0,0,0,2,1,0,1,GRAVE_LESIONADOS,1
3,1,4,0,4,1,-13.343938436937306,-74.13527585727957,1,4,0,0,3,1,1,3,7586.903,2.0,2,0,1.0,9,5,1198.0,0.3247312330485405,68.57537050324747,46.66146619568446,5.125443322268163,386.5923984732166,6998.3704496788005,12678.733000000004,1805.074000000001,1774.0339999999994,9099.625000000004,2485.375000000001,10193.358000000002,19.602707936195205,13,1,0,0,11,41.485275038923206,36.77334218586435,46.19720789198206,1.0,0.0,0.0,0.7249127466244395,1,0,0.0,0.7249127466244395,0.7249127466244395,0.2750872533755605,0.0,0.2750872533755605,0.7249127466244395,0.0,0.0,0.0,17,2,2024,2,8,5,1,0,2,1,0,1,GRAVE_LESIONADOS,1
6,1,7,0,4,1,-13.0812007124146,-72.38975861748871,1,4,0,0,2,1,1,2,3447.8009999999995,1.0,2,3,0.0,9,12,1109.0,0.4706944943299555,76.79406176595778,61.64424635983724,7.141255198110581,653.4175319142125,3282.6252676659524,17779.13499998999,2097.3709999899997,2863.123,12818.640999999989,2878.713,14900.421999989989,16.19152450331032,5,1,0,0,4,35.0,35.0,35.0,1.0,0.10523801298750501,0.0,0.894761987012495,1,0,0.0,0.0,0.0,0.0,0.0,1.0,0.0,0.0,0.0,0.0,15,3,2023,1,28,4,0,1,2,1,0,1,GRAVE_LESIONADOS,1
3,2,19,0,4,0,-5.525210528436564,-79.71401660099316,0,3,7,0,2,2,2,0,1920.9889548638862,2.0,2,0,1.0,2,21,284.67175284016935,0.4702002216169698,79.95221862244428,51.979000958471275,6.094438191705822,750.3219925992543,124047.5995750889,8227.973591594822,1619.0409275908435,716.2925965930399,5892.640067410939,1984.9266253439248,6243.046966250898,22.939346243259827,6,2,0,0,4,38.44122137543953,19.94045799296749,56.94198475791157,1.0,0.0,0.0,0.8824427508790634,2,0,0.0,0.0,0.11755724912093657,1.0,1.0,0.8824427508790634,0.0,0.11755724912093657,0.11755724912093657,0.11755724912093657,7,1,2021,8,20,5,0,0,0,1,0,1,GRAVE_LESIONADOS,1
6,1,12,0,4,2,-7.617492838841505,-77.75240880682205,0,4,7,1,7,2,2,0,6494.07925543104,1.990222534615074,3,3,0.9902225346150739,13,32,1188.7602952112447,0.1577696273838295,73.34939757302345,20.34278702044506,2.804184440523219,135.15658506181953,13367.980728051392,8931.828000000005,1335.5899999999997,1935.9830000000004,5660.255000000005,1219.309,7712.519000000005,13.651281686122925,9,1,0,0,8,23.09777465384926,23.09777465384926,23.09777465384926,1.0,0.0,0.0,0.0,1,0,0.0,0.009777465384926076,0.0,0.9902225346150739,0.0,0.0,1.0,0.0,0.009777465384926076,0.0,17,1,2023,9,25,3,0,0,0,1,0,1,GRAVE_LESIONADOS,1
3,1,9,1,4,1,-9.057106633904311,-76.47860394805251,5,4,1,0,2,1,0,1,675.8853346627237,2.0,2,2,0.2094067139499336,8,13,217.7983996214599,0.3683098115716823,73.24838827747355,39.28549794283151,5.174741765257759,538.0039951141689,10339.65106590294,8360.41010004831,1333.920266979862,1031.539537199008,5994.950295869438,1093.2489005393168,7267.161199508992,13.065901022627115,5,1,0,0,4,41.839871205723306,31.16686184404741,52.5128805673992,1.0,0.2094067139499336,0.0,0.0,1,0,0.0,0.0,0.0,1.0,0.7905932860500664,1.0,0.0,0.0,0.7905932860500664,0.0,16,3,2022,2,26,6,1,1,1,1,0,1,GRAVE_LESIONADOS,1
3,2,3,0,4,1,-16.044823055399377,-71.32265169911388,0,4,6,0,2,0,1,0,1504.4250000000002,2.0,2,0,1.0,7,25,241.0,0.4683077003991115,81.83506432554182,70.60294023650113,6.034652716360624,617.5091318269415,1747.2410928914974,10322.272,1495.236,1749.739,7077.2970000000005,2886.595,7435.677000000001,27.964725207783708,4,2,0,0,2,41.96466037114008,34.96466037114008,48.96466037114008,1.0,1.0,0.0,0.988220123713358,2,0,0.0,0.01177987628664201,0.0,0.988220123713358,0.0,0.988220123713358,0.01177987628664201,0.0,0.988220123713358,0.0,10,1,2023,11,14,6,1,0,0,1,0,1,GRAVE_LESIONADOS,1
5,1,14,0,4,1,-11.587099891892567,-77.1977952371025,0,4,0,0,2,1,1,2,6546.6855595196685,2.9974229390535543,2,0,1.0,0,29,1476.6957061027615,0.6054691551977691,79.09269081512218,64.10463201761746,7.166573937695512,1268.246135802381,20984.563629000273,7621.207386125303,1681.1652683995553,1597.4496974280564,4342.592420297692,1812.809565540313,5808.397820584991,23.782476766568948,7,1,0,0,6,37.99484587810711,37.9716523295891,38.01803942662512,1.0,0.0,0.0,0.9974229390535542,1,0,0.0,0.0,1.0,0.0025770609464458305,0.0025770609464458305,0.0,0.9974229390535542,0.0,0.0025770609464458305,0.0025770609464458305,2,0,2021,9,20,1,0,0,0,1,0,1,GRAVE_LESIONADOS,1
5,1,4,0,4,1,-9.404001230375687,-76.68497044624885,3,4,7,0,1,1,1,1,6570.656144034618,2.718926114554887,2,0,1.0,2,30,1514.631417847761,0.421368828912394,76.3912880372101,57.93176254198012,5.436641298936158,640.6430757462203,75773.63176366042,14357.81493486912,1666.835755371369,1164.499353224938,11526.479826272815,2249.3187621417183,12108.496172727402,16.883820772181885,5,1,0,0,4,48.25422674931728,47.69207897842706,48.81637452020751,1.0,0.0,0.0,1.0,1,0,0.0,0.7189261145548869,0.0,0.28107388544511314,0.0,0.28107388544511314,1.0,0.0,0.28107388544511314,0.0,8,1,2024,2,19,1,0,1,1,1,0,1,GRAVE_LESIONADOS,1
3,1,13,0,4,1,-8.933827177331892,-76.58262131036717,1,4,6,1,3,2,2,0,5454.667103754884,2.66801945251256,2,0,1.0,1,26,1173.229682333917,0.550070940205476,78.18071992635585,64.93457110098606,7.959247446981782,928.8108176468309,10496.244190137275,3005.110036325448,476.67475731347974,573.6320786798099,1954.8032003321584,633.7947839044091,2371.3152524210386,21.423382108397576,4,2,0,0,2,53.0304376815326,48.3603890502512,57.70048631281399,1.0,0.0,0.0,0.0,2,0,0.0,0.6680194525125599,0.6680194525125599,0.3319805474874401,0.3319805474874401,0.3319805474874401,0.6680194525125599,0.0,0.3319805474874401,0.0,9,1,2022,3,15,3,0,0,0,1,0,1,GRAVE_LESIONADOS,1
3,1,14,2,3,1,-12.040642290000312,-76.85662480277377,0,0,5,1,2,2,2,5,1877.0850382851677,2.0,2,0,1.0,4,17,340.10297137171005,0.6890092793477626,79.71592119052944,75.96904813316152,9.349646218408623,1426.6962802283083,645033.9121299173,7626.313,1683.4029999999998,1599.0829999999996,4343.827000000001,1814.875,5811.438000000001,23.797541485643197,9,2,0,0,7,25.06009388505783,20.823317685823696,29.296870084291967,1.0,1.0,0.0,0.0,2,0,0.0,1.0,1.0,0.0,0.0,0.0,1.0,0.1766823141763052,0.0,0.1766823141763052,17,1,2023,3,23,2,0,1,0,1,0,1,GRAVE_LESIONADOS,1
3,2,11,0,4,0,-9.543103104694495,-78.25171143296673,1,4,7,1,2,2,2,1,6584.029364925359,2.0,3,2,1.0,11,32,1373.4644735407587,0.5047582603401753,80.75307743694391,65.49328168623872,8.411286182364528,668.4837406931348,11542.836273977182,3569.5745771262305,591.9322302695641,712.8733591916038,2264.7689876650625,871.0738504168971,2698.5007267093333,24.236512280302076,9,2,0,0,7,38.864629493320166,35.23497229161888,42.49428669502146,1.0,0.0,0.0,1.0,2,0,0.0,0.0,0.5802285321991417,1.0,0.0,1.0,1.0,0.0,0.0,0.0,20,2,2021,5,13,2,0,0,0,1,0,1,GRAVE_LESIONADOS,1
2,2,10,0,4,1,-13.742799225520733,-76.23069671717613,0,2,7,1,2,2,2,0,88.87253254321523,-1.0,2,2,0.09596501354544074,9,31,15.0,0.6257951186644938,76.36599650633725,67.56998105244776,9.773593921391578,1182.5608004852913,8187.55333719539,3721.461,698.1859999999996,744.866,2278.409,1102.9029999999996,2618.558,29.636290693359403,5,2,0,0,3,49.16412245259096,47.520174932272795,50.80806997290912,1.0,0.0,0.0,0.9040349864545593,2,0,0.0,0.0,0.0,1.0,0.0,1.0,0.0,0.0,0.0,0.0,13,2,2022,1,26,5,0,1,0,1,0,1,GRAVE_LESIONADOS,1
3,1,19,0,4,1,-12.744499668283881,-73.01417641323974,0,4,2,1,2,2,2,2,6543.555,2.3201811674284385,3,2,1.0,9,32,1286.6901833776774,0.4289319072829547,75.99401224734066,69.71536158168415,7.3527711459716265,503.64817572012623,50047.69586351555,12144.996336518643,1944.4583756827963,1804.3271936041122,8396.210767231734,2961.9977579167735,9182.998578601868,24.422728953779167,4,1,0,0,3,56.11836949314405,56.11836949314405,56.11836949314405,1.0,0.0,0.0,0.3201811674284386,1,0,0.0,0.3201811674284386,0.0,0.6798188325715614,0.0,0.0,1.0,0.0,0.3201811674284386,0.0,14,1,2022,7,24,0,0,1,1,1,0,1,GRAVE_LESIONADOS,1
6,1,10,0,4,1,-14.343619452622873,-75.38392527021234,0,4,7,1,2,2,2,0,6639.975,2.0,2,0,1.0,9,31,1616.0,0.5620810825216216,78.54776888123274,68.79197267074471,8.695195705965686,898.4734584052493,27513.001543909995,3721.461,698.1859999999996,744.866,2278.409,1102.9029999999996,2618.558,29.636290693359403,4,1,0,0,3,24.021523856266157,24.021523856266157,24.021523856266157,1.0,0.0,0.0,0.0,1,0,0.0,0.0,0.0,1.0,0.0,0.3297460239556408,0.6702539760443592,0.0,0.0,0.0,4,0,2023,3,27,2,0,1,0,1,0,1,GRAVE_LESIONADOS,1
5,1,7,0,6,3,-13.981020384978088,-73.55205364477142,5,4,2,0,6,1,1,5,6739.60383356565,2.0,3,3,1.0,13,27,1198.0,0.26425395551046654,80.5118790392921,36.564899802508116,3.9762038294977917,252.54350658893992,2378.4263351213453,12859.793140094382,1845.6057436217634,1883.0336775009514,9131.153718971666,2641.086382254706,10218.706757839675,20.483927211864504,5,1,0,0,3,31.818553831976246,30.69113229918575,32.945975364766745,1.0,0.0,0.1879035887984165,1.0,1,0,0.0,0.8120964112015835,0.0,0.1879035887984165,0.0,0.0,1.0,0.1879035887984165,0.1879035887984165,0.0,13,1,2021,4,23,1,0,0,2,1,0,1,GRAVE_LESIONADOS,1
4,1,7,0,4,1,-14.018753231573474,-71.62349297028592,1,2,0,0,1,2,2,2,6935.0239703376155,2.0,3,2,1.0,12,22,1198.0,0.35806657222178884,74.4606422666292,57.27193176040047,5.747002345919265,380.5404994469175,9479.812580348982,17779.13499998999,2097.3709999899997,2863.123,12818.640999999989,2878.713,14900.421999989989,16.19152450331032,8,1,0,0,7,52.17941824938965,51.241406746186456,53.117429752592834,1.0,0.0,0.0,0.6247953987187252,1,0,0.0,0.0,0.0,1.0,0.0,0.37520460128127475,0.6247953987187252,0.6247953987187252,0.37520460128127475,0.0,5,0,2022,4,7,3,0,0,2,1,0,1,GRAVE_LESIONADOS,1
6,1,3,0,4,1,-16.134907699125343,-72.06099298195068,0,4,0,0,5,1,1,0,6575.995542922245,2.0,3,2,1.0,12,32,1338.6362470597192,0.4747470414211384,75.7037510135161,49.48934772268369,6.780519642396298,793.9257667309513,828.5512814610262,10322.272,1495.236,1749.739,7077.2970000000005,2886.595,7435.677000000001,27.964725207783708,18,1,0,0,17,32.70095386999261,32.70095386999261,32.70095386999261,1.0,0.6635496481824898,0.0,0.0,1,0,0.0,0.6635496481824898,0.33645035181751015,0.0,0.0,0.0,1.0,0.0,0.6635496481824898,0.0,13,1,2022,5,10,1,0,0,0,1,0,1,GRAVE_LESIONADOS,1
6,1,8,0,4,1,-10.644312754011473,-75.42587655788961,4,4,6,1,5,1,1,0,6648.992453270365,2.0,2,0,0.21120825858795167,9,32,1096.8366160072526,0.4827026888970151,77.3895875491799,57.729966350991894,7.655546843937268,699.3641569527769,62101.78023013415,11948.38799134447,1838.840592744995,1130.288806157853,8979.258592441622,1696.6338652031234,10251.754126141348,14.336476527934233,5,1,0,0,3,35.21120825858795,23.379332137407225,47.04308437976868,1.0,0.7887917414120483,0.0,0.0,1,0,0.0,0.7887917414120483,0.0,1.0,0.7887917414120483,0.21120825858795167,0.7887917414120483,0.0,0.7887917414120483,0.7887917414120483,9,2,2022,4,20,2,0,0,1,1,0,1,GRAVE_LESIONADOS,1
3,2,12,0,4,1,-10.945745977206212,-76.83366306913044,0,4,4,0,2,2,2,2,754.3876497310386,-0.06045384788909458,0,0,0.6868179492963649,9,13,188.5600204619199,0.5131982316217746,78.18771206788338,58.11114092529848,6.108122019295131,990.7835105014997,20441.269514306725,7808.81796095524,1573.8127709075302,1346.3118877847917,4888.693302262917,1578.417540805944,6230.400420149295,20.388024984652453,5,2,0,0,3,55.656591025351815,50.192274354925445,61.120907695778186,1.0,0.0,0.0,1.0,2,0,0.0,0.31318205070363514,0.0,0.6868179492963649,0.0,1.0,0.31318205070363514,0.0,0.31318205070363514,0.0,10,1,2021,8,4,4,0,0,0,1,0,1,GRAVE_LESIONADOS,1
3,1,11,0,4,1,-10.57875667027414,-75.9800071291312,4,4,4,1,5,2,2,0,601.9221385048126,2.0,2,0,0.17884106850779935,8,11,164.05039665639165,0.5217691064750396,74.6488990190685,60.88411480361814,8.11815853023037,861.666999183579,25989.452815557397,11668.518330685893,1738.675569337302,1254.0564922958908,8675.7862690527,1522.5030487980705,10146.015281887823,13.077275417478232,22,1,0,0,20,35.2518874795546,35.2518874795546,35.2518874795546,1.0,0.0,0.0,0.0,1,0,0.0,0.8211589314922006,0.8211589314922006,0.17884106850779935,0.0,0.0,1.0,0.17884106850779935,1.0,0.17884106850779935,13,2,2021,3,22,5,1,0,1,1,0,1,GRAVE_LESIONADOS,1
3,1,11,0,4,1,-11.811939164223926,-75.5102573002725,0,4,0,1,2,2,2,2,7586.903,2.0,2,0,1.0,9,5,1198.0,0.5352613943982298,72.62166234892749,65.63924851702642,8.853716215540361,869.6294868196308,802.2667194161052,12264.545,1826.4639999999995,1105.5389999999998,9332.542,1588.5359999999996,10676.009,12.952261987705208,5,2,0,0,3,37.04904194608106,18.76551005891811,55.332573833244005,1.0,0.0,0.0,0.9019161078378828,2,0,0.0,0.0,0.09808389216211721,1.0,0.9019161078378828,1.0,0.09808389216211721,0.0,0.9019161078378828,0.0,13,3,2022,2,19,5,0,1,2,1,0,1,GRAVE_LESIONADOS,1
4,1,8,0,4,1,-13.479509844331453,-75.05056400792434,1,4,0,0,2,1,1,1,1679.5849999999998,2.0,2,3,1.0,9,24,315.0,0.38958460821704277,73.22385689541315,49.002447627950595,6.548642819618914,530.4422744336603,2825.103984799089,8511.426,1445.3929999999996,2008.516,5057.516999999999,1879.579,6631.846999999998,22.08300935706896,8,1,0,0,6,44.23375736419445,38.80843934104861,49.659075387340295,1.0,0.0,0.0,0.6028131136828712,1,0,0.0,0.6028131136828712,0.0,1.0,0.0,0.39718688631712884,0.6028131136828712,0.0,0.0,0.0,14,3,2023,3,8,1,0,0,2,1,0,1,GRAVE_LESIONADOS,1
8,1,5,1,4,1,-12.97636241487696,-74.65226916533872,0,4,1,0,2,0,0,2,6799.466672286397,2.0,3,3,1.0,12,26,1198.0,0.2749935179119695,70.3439872816576,49.190698475112235,4.707881949749012,314.08423971277193,15263.66586196084,12577.14125523128,1810.3205243334023,1610.0660110211597,9156.754719876717,2265.398953406094,10311.742301825185,17.97149117617998,6,1,0,0,5,37.782946447000164,37.66030679451298,37.905586099487344,0.24527930497436734,0.7547206950256327,0.0,0.24527930497436734,1,0,0.0,0.0,0.24527930497436734,0.7547206950256327,0.0,0.7547206950256327,0.24527930497436734,0.0,0.0,0.0,13,1,2022,5,11,3,0,0,2,1,0,1,GRAVE_LESIONADOS,1
4,1,13,1,4,0,-9.631627650083281,-78.02988082172277,0,3,7,1,2,2,2,1,6543.555,2.0,4,4,1.0,14,33,1198.0,0.5050439087784041,75.22663231117505,59.09131042678571,7.114976837870406,885.5917754973079,26445.481503578627,8211.716162563918,1527.440923592725,1750.1516016382677,4934.123637332925,1547.8185357575048,6663.897626806413,19.24787903455356,4,1,0,0,3,35.31146664863543,30.62293329727086,40.0,1.0,0.4484078410159329,0.0,0.5515921589840671,1,0,0.0,0.4484078410159329,0.0,0.5515921589840671,0.5515921589840671,0.5515921589840671,0.4484078410159329,0.0,0.0,0.0,13,1,2022,7,20,2,0,1,0,1,0,1,GRAVE_LESIONADOS,1
3,1,10,1,4,1,-13.587854170870312,-76.17031783700793,1,4,6,1,3,2,2,1,6639.975,2.0,2,0,1.0,9,31,1616.0,0.5727904267690219,77.91937253489654,71.13394971593456,9.117675017161677,904.0879512501155,25038.259125967055,3721.461,698.1859999999996,744.866,2278.409,1102.9029999999996,2618.558,29.636290693359403,6,2,0,0,4,30.88482550125846,26.52589783487145,35.243753167645465,1.0,0.32053616680649555,0.0,0.6794638331935045,2,0,0.0,0.32053616680649555,0.6794638331935045,1.0,0.32053616680649555,1.0,0.6794638331935045,0.0,0.32053616680649555,0.32053616680649555,2,0,2021,6,11,1,0,0,0,1,0,1,GRAVE_LESIONADOS,1
3,2,7,0,4,1,-11.41390301982688,-74.9882402735499,0,4,1,0,2,1,1,1,590.0162213204037,2.0,2,2,0.25558074618667403,8,13,187.91620166138492,0.3955238881024654,76.0462736923498,53.1139177413919,5.48843488792493,583.1449302574886,19863.50876715173,8749.154066552874,1374.8202303416638,1036.7625266292414,6337.571309581967,1526.73754996606,7222.416516586813,16.758330335009838,6,2,0,0,4,57.53348447712004,54.74441925381333,60.32254970042676,1.0,0.0,0.0,0.744419253813326,2,0,0.0,0.744419253813326,0.0,0.25558074618667403,0.0,1.0,1.0,0.0,0.744419253813326,0.0,17,2,2022,1,10,2,0,0,1,1,0,1,GRAVE_LESIONADOS,1
5,1,5,1,4,2,-6.751335147700548,-78.50194549707093,0,3,6,1,1,2,2,2,6543.555,2.0,4,4,1.0,14,33,1198.0,0.3989715239984805,76.32177556367174,53.37045469266545,5.4565964595635705,530.8254657624478,52398.97539942118,15869.565016882487,1742.1806834154215,976.5143964838176,13150.86993698325,2037.9807260917505,13831.584290790739,12.889494285459554,5,1,0,0,4,43.46048140983209,43.46048140983209,43.46048140983209,1.0,0.9712199118854944,0.0,0.9712199118854944,1,0,0.0,0.0,0.9712199118854944,0.02878008811450561,0.0,0.0,1.0,0.9712199118854944,0.9712199118854944,0.9712199118854944,6,1,2023,1,21,5,0,1,2,1,0,1,GRAVE_LESIONADOS,1