CLASE SINIESTRO,CANTIDAD DE VEHICULOS DAÑADOS,DEPARTAMENTO,ZONA,TIPO DE VÍA,RED VIAL,COORDENADAS LATITUD,COORDENADAS  LONGITUD,CONDICIÓN CLIMÁTICA,ZONIFICACIÓN,CARACTERÍSTICAS DE VÍA,PERFIL LONGITUDINAL VÍA,SUPERFICIE DE CALZADA,¿EXISTE SEÑAL VERTICAL?,¿EXISTE SEÑAL HORIZONTAL?,CAUSA FACTOR PRINCIPAL,MTC_RVN_LONGITUD_KM,MTC_RVN_N_CARRILES_MEDIANA,MTC_RVN_SUPERFICIE_DOMINANTE,MTC_RVN_ESTADO_DOMINANTE,MTC_RVN_ES_CONCESIONADA,MTC_RVN_CONCESION_PRINCIPAL,MTC_RVN_CORREDOR_LOGISTICO,MTC_RVN_N_TRAMOS,IDH_2019,IDH_ESP_VIDA_2019,IDH_EDUC_SECUND_PCT_2019,IDH_ANIOS_EDUC_2019,IDH_INGRESO_PERCAP_2019,IDH_POBLACION_2019,MTC_DEP_RED_TOTAL_KM,MTC_DEP_NACIONAL_TOTAL_KM,MTC_DEP_DEPARTAMENTAL_TOTAL_KM,MTC_DEP_VECINAL_TOTAL_KM,MTC_DEP_PAV_TOTAL_KM,MTC_DEP_NO_PAV_TOTAL_KM,MTC_DEP_PCT_PAVIMENTADA,PER_TOTAL_PERSONAS,PER_N_CONDUCTORES,PER_N_CONDUCTORES_FUGADOS,PER_N_PEATONES,PER_N_PASAJEROS_OCUPANTES,PER_EDAD_COND_PROM,PER_EDAD_COND_MIN,PER_EDAD_COND_MAX,PER_ANY_COND_MASCULINO,PER_ANY_LIC_PROBLEMA,PER_ANY_DOSAJE_POS,PER_ANY_DOSAJE_EVALUADO,VEH_TOTAL,VEH_N_FUGADOS,VEH_ANY_FUGADO,VEH_ANY_CARGA,VEH_ANY_PUBLICO,VEH_ANY_PARTICULAR,VEH_ANY_MOTO,VEH_ANY_AUTO,VEH_ANY_CAMION_BUS,VEH_ANY_SOAT_PROBLEMA,VEH_ANY_CITV_PROBLEMA,VEH_ANY_SEGURO_PROBLEMA,HORA_NUM,FRANJA_HORARIA,ANIO,MES,DIA_MES,DIA_SEMANA,ES_FIN_SEMANA,ES_QUINCENA,REGION_NATURAL,TIENE_SEÑALIZACION,ES_VIA_MULTICARRIL,ES_DEPTO_BAJO_PAVIMENTO,CATEGORIA_SEVERIDAD,CATEGORIA_SEVERIDAD_ENC
3,3,10,1,4,1,-11.609702371190286,-75.7101354364284,0,4,3,1,2,0,1,0,6597.739794821213,2.0,2,1,1.0,11,31,1432.9019315003836,0.5248122559852695,77.98497916364475,60.51870347838933,7.042780427760707,915.0575034617111,36682.135433746815,9728.111759206522,1621.0287534220852,1262.3201147452903,6844.762891039146,2592.19695969636,7135.914799510161,26.5343776235069,6,3,0,0,3,40.16934013068618,24.4294951495353,54.50426925358117,1.0,0.4380336566976468,0.0,0.4380336566976468,3,0,0.0,0.5619663433023532,0.4380336566976468,0.5619663433023532,0.4380336566976468,0.5619663433023532,0.5619663433023532,0.4380336566976468,0.4380336566976468,0.4380336566976468,21,2,2022,5,22,4,0,1,0,1,0,1,GRAVE_LESIONADOS,1
3,1,11,0,4,1,-11.812922236654659,-75.49771734261947,0,4,0,1,2,1,1,2,7586.903,2.0,2,0,1.0,9,5,1198.0,0.5346681437738394,72.50870917988426,67.67655012137509,8.897971570611736,855.316913899624,760.1098711909699,12264.545,1826.4639999999995,1105.5389999999998,9332.542,1588.5359999999996,10676.009,12.952261987705208,5,2,0,0,3,37.3474165000694,19.91829860058295,54.77653439955584,1.0,0.0,0.0,1.0,2,0,0.0,0.0,0.0,1.0,0.8610333999722404,1.0,0.0,0.0,0.8610333999722404,0.0,14,2,2023,2,20,5,0,1,2,1,0,1,GRAVE_LESIONADOS,1
3,2,3,0,4,1,-16.386520560641436,-71.48446541018293,0,4,1,0,2,0,1,0,1687.8543634749576,2.0,2,0,1.0,7,28,306.98881281893784,0.5498843429099014,80.03196391625539,67.33952853435561,7.494404498588809,943.2431072626092,1179.0368395212809,10322.272,1495.236,1749.739,7077.2970000000005,2886.595,7435.677000000001,27.964725207783708,7,2,0,0,5,31.178109978137527,23.1706846322019,39.18553532407315,1.0,0.0,0.0,0.0,2,0,0.0,0.0,0.0,1.0,0.0,1.0,0.5658630735596195,0.0,0.0,0.0,5,0,2022,3,11,1,0,0,0,1,0,1,GRAVE_LESIONADOS,1
6,1,11,0,4,2,-8.131210589880999,-78.07402145908988,0,4,5,0,1,2,2,0,6543.555,2.0,4,4,1.0,14,33,1198.0,0.1899227365590814,76.1888842206029,29.763959144311116,3.0686931166424523,175.1566432146006,24318.513376441955,8818.18262110418,1335.2579182753207,1756.1044557182067,5726.820247110652,1194.2377732007244,7623.944847903455,13.534859349148716,4,1,0,0,3,36.729592316036566,36.729592316036566,36.729592316036566,1.0,0.8427643349057665,0.0,0.0,1,0,0.0,0.15723566509423348,0.0,0.8427643349057665,0.0,0.0,1.0,0.0,0.15723566509423348,0.0,19,2,2022,7,20,2,0,0,0,1,0,1,GRAVE_LESIONADOS,1
6,1,22,0,4,1,-17.082805583008795,-70.23832953562183,0,4,4,1,2,2,2,3,1408.5035573181485,1.6906227420813416,1,0,0.6906227420813416,9,24,192.5749458099522,0.41167781277038534,73.7201442047776,70.97126347381253,7.164509806793569,445.74137330587877,1897.7476796708581,2650.572,630.6729999999998,487.3610000000001,1532.5379999999998,1068.7019999999998,1581.87,40.31967439480987,4,1,0,0,3,36.906227420813416,36.906227420813416,36.906227420813416,1.0,0.0,0.0,1.0,1,0,0.0,0.0,0.0,1.0,0.0,1.0,0.0,0.0,0.0,0.0,10,2,2023,3,10,0,0,0,0,1,0,1,GRAVE_LESIONADOS,1
3,1,20,0,4,1,-15.68007752964733,-70.47797197162195,0,4,3,1,2,2,2,2,1504.4250000000002,2.0,2,0,1.0,7,25,241.0,0.45390079535129746,76.19324330587992,70.49369580910977,7.246242990998315,557.1223595435696,5884.536004995143,13642.312999999998,2020.7790000000005,2354.117,9267.416999999998,3314.0520000000006,10328.260999999997,24.29244952817019,5,2,0,0,3,36.934289317543225,33.13726857760285,40.7313100574836,1.0,0.0,0.0,0.4865655028741799,2,0,0.0,0.0,0.0,1.0,0.0,1.0,0.4865655028741799,0.5134344971258201,1.0,0.5134344971258201,12,2,2022,9,9,2,0,0,2,1,0,1,GRAVE_LESIONADOS,1
3,2,7,0,4,1,-12.712817429436496,-75.18774573491929,1,2,2,1,2,2,2,2,7256.052533850068,2.0,2,0,1.0,9,14,1344.0464732806208,0.6460065728388309,73.65899862357296,76.37085845145565,11.370656985206432,1213.5720320998757,105241.8525823073,10913.450410209396,1762.5629462906072,1712.9072618494783,7437.98020206931,2251.106673840536,8662.343736368859,21.06835541441556,15,2,0,0,12,34.0601970853109,23.79514781398317,49.09636086048738,1.0,0.6506065232521034,0.0,0.6506065232521034,2,0,0.0,0.6506065232521034,0.34939347674789656,0.6506065232521034,0.6506065232521034,0.6506065232521034,1.0,0.0,1.0,0.0,8,1,2022,3,20,2,0,0,1,1,0,1,GRAVE_LESIONADOS,1
3,1,13,2,3,1,-11.64878083351832,-77.25120111623127,0,2,6,1,2,2,2,0,6629.338660320161,2.0,2,0,1.0,9,31,1569.889338454956,0.6775635460560784,78.67646223244704,71.22487847791722,9.802755427563174,1403.041410713754,96018.27602648428,7166.682146344176,1554.5202812913915,1498.769697059106,4113.392167993679,1692.2603528216569,5474.42179352252,23.415027437458484,5,2,0,0,3,35.11390594400083,22.992813286855018,47.23499860114664,1.0,0.0,0.0,0.11031258742833505,2,0,0.0,1.0,0.0,0.11031258742833505,0.11031258742833505,0.0,1.0,0.0,0.11031258742833505,0.11031258742833505,2,0,2023,5,11,3,0,0,0,1,0,1,GRAVE_LESIONADOS,1
6,1,5,0,4,2,-7.050634610043813,-78.41072445740916,4,4,0,0,1,2,2,1,6543.555,2.0,4,4,1.0,14,33,1198.0,0.2901182482074822,74.11909483180234,53.95374988189703,3.7974565983989956,312.9406309491876,8276.975178853983,15935.565011852366,1733.9250000199986,935.692,13265.948011832368,2000.1670000199988,13935.398011832369,12.551591352627522,6,1,0,0,5,37.0,33.0,40.0,0.0,0.0,0.0,0.0,1,0,0.0,0.5595654293439539,0.4404345706560461,0.0,0.0,0.4404345706560461,0.5595654293439539,0.0,1.0,0.0,17,2,2021,3,5,1,0,0,2,1,0,1,GRAVE_LESIONADOS,1
3,2,20,1,4,1,-5.927671829821577,-77.62626432815308,0,0,7,1,2,2,2,0,7638.286652026451,2.0988223767826444,2,0,1.0,8,20,2067.97487607702,0.4796772023276373,73.31132613630542,54.39687129269834,6.406071910310063,840.8212684011537,47665.13596953859,5973.296454811825,910.6704426733453,932.8544160575043,4129.771596080975,1132.1014579371865,4841.194996874638,18.61864769378817,5,2,0,0,3,26.118792984740075,21.16231605704462,31.07526991243553,1.0,0.9011776232173556,0.0,0.09882237678264438,2,0,0.0,0.09882237678264438,0.9011776232173556,0.9011776232173556,0.9011776232173556,0.0,0.09882237678264438,0.9011776232173556,1.0,0.9011776232173556,4,0,2024,9,12,5,0,0,0,1,0,1,GRAVE_LESIONADOS,1
3,1,14,2,2,4,-11.99894747824731,-77.04288663497906,0,0,5,0,2,2,2,0,6543.555,2.0,4,4,1.0,14,33,1198.0,0.7511166240440774,80.51673986136429,78.62999355193342,11.094095130805979,1609.25306850832,369158.9098635106,7626.313,1683.4029999999998,1599.0829999999996,4343.827000000001,1814.875,5811.438000000001,23.797541485643197,11,1,0,9,0,31.745316900028417,30.747992957155034,32.49330985718345,0.7506690142816549,0.0,0.0,0.0,1,0,0.0,0.0,0.7506690142816549,1.0,0.7506690142816549,0.7506690142816549,0.2493309857183451,0.0,0.7506690142816549,0.0,12,2,2024,8,15,1,0,0,0,1,0,1,GRAVE_LESIONADOS,1
4,1,14,0,4,1,-11.25872462815059,-77.47656677661169,1,4,3,0,2,2,2,2,6543.555,2.4886049258779845,3,2,1.0,7,31,1333.3435644682017,0.7327345537337897,78.20903814342847,76.31492653513806,13.642917835589472,1405.6698219039215,62016.21841541756,7626.313,1683.4029999999998,1599.0829999999996,4343.827000000001,1814.875,5811.438000000001,23.797541485643197,8,1,0,0,6,41.36964827828116,36.511395074122014,46.2279014824403,0.5113950741220152,0.0,0.0,1.0,1,0,0.0,0.0,0.5113950741220152,0.48860492587798476,0.0,0.48860492587798476,0.5113950741220152,0.0,0.0,0.0,7,1,2023,9,16,2,0,0,0,1,0,1,GRAVE_LESIONADOS,1
6,1,4,0,4,2,-13.222936095038536,-73.73578085791253,0,4,0,0,4,1,1,2,6543.555,2.0,4,4,1.0,14,33,1198.0,0.25437360687192045,73.11742127681788,59.704368367114576,4.299022115166382,191.52004163049992,2926.1789572955695,8419.461769308266,1347.10277877162,1579.975533608005,5492.383456928639,1610.0014404629987,6809.460328845265,19.100954629660656,4,1,0,0,3,31.032221356579637,31.032221356579637,31.032221356579637,1.0,0.6032221356579637,0.0,0.0,1,0,0.0,0.0,0.0,1.0,0.0,1.0,0.0,0.6032221356579637,0.6032221356579637,0.6032221356579637,21,2,2021,11,15,4,0,0,2,1,0,1,GRAVE_LESIONADOS,1
3,1,8,0,4,0,-12.58250179203565,-75.42100407108683,0,4,6,0,3,2,2,1,7247.208576548554,2.0,2,1,1.0,10,14,1198.0,0.4566118727556659,68.11643589461254,58.57625078998582,7.083850326273021,735.8498922763118,1222.5913688570843,12399.396798115786,1819.4998195754183,1323.1883591832961,9256.70861935707,1880.5298573072178,10518.866940808568,15.117521711371053,4,1,0,0,3,36.36046603618346,34.67441886748099,38.04651320488593,1.0,0.0,0.0,0.0,1,0,0.0,0.32558113251901144,0.6744188674809886,0.6744188674809886,0.0,0.6744188674809886,1.0,0.0,0.32558113251901144,0.0,15,3,2022,6,21,2,0,0,2,1,0,1,GRAVE_LESIONADOS,1
6,1,4,0,4,1,-14.815274883464951,-74.73465753205127,0,4,0,0,2,1,1,2,2229.514250283949,2.0,2,0,1.0,4,26,118.28054005224516,0.374597382741674,68.34605466051286,50.8558205097429,5.582043037691249,524.3951396026041,3719.3976584273505,12678.733000000004,1805.074000000001,1774.0339999999994,9099.625000000004,2485.375000000001,10193.358000000002,19.602707936195205,38,1,0,0,37,52.78676489660406,52.78676489660406,52.78676489660406,1.0,0.0,0.0,0.9835972997387742,1,0,0.0,0.0,0.9835972997387742,0.0,0.0,0.01640270026122581,0.9835972997387742,0.0,0.0,0.0,5,0,2023,8,13,3,0,0,2,1,0,1,GRAVE_LESIONADOS,1
6,1,7,0,4,0,-14.09447262390992,-71.86414740102862,0,4,2,0,2,2,2,2,6543.555,2.0,4,4,1.0,14,33,1198.0,0.2407460266713956,67.27326515270781,44.89326079580671,3.90144460696436,253.233761084325,6769.456493847679,17779.13499998999,2097.3709999899997,2863.123,12818.640999999989,2878.713,14900.421999989989,16.19152450331032,5,1,0,0,4,29.665297673899207,29.665297673899207,29.665297673899207,1.0,0.332648836949604,0.0,0.667351163050396,1,0,0.0,0.0,0.0,1.0,0.0,0.0,1.0,0.0,0.0,0.0,12,2,2022,7,7,4,0,0,2,1,0,1,GRAVE_LESIONADOS,1
5,1,10,0,4,1,-14.823017523235157,-74.98072535538724,0,4,6,1,2,1,1,0,6639.975,2.0,2,0,1.0,9,31,1616.0,0.5563774842369664,77.00938809632027,69.10246351364754,8.476961866273152,914.8835608305218,27932.19700214133,3721.461,698.1859999999996,744.866,2278.409,1102.9029999999996,2618.558,29.636290693359403,4,1,0,0,3,26.83309019743597,26.04384685249663,27.622333542375305,1.0,0.043846852496629896,0.0,0.043846852496629896,1,0,0.0,0.0,0.0,1.0,0.0,0.043846852496629896,0.9561531475033701,0.043846852496629896,0.043846852496629896,0.0,4,0,2023,2,27,2,0,1,0,1,0,1,GRAVE_LESIONADOS,1
3,1,18,0,3,1,-14.3500951218446,-72.40862564133755,3,3,7,1,2,2,2,1,3150.3152439119635,2.0,2,1,1.0,9,27,553.5771638008443,0.611694136561371,75.6771679881043,78.0540446240101,9.731520042332091,1069.4979472528066,227720.2922472277,11677.355615019978,1910.5846079263601,2107.506356015458,7659.264651078161,2824.3879512064177,8852.96766381356,24.130801720150007,5,2,0,0,2,39.71364665976394,34.040268565511944,45.38702475401593,1.0,0.0,0.0,0.0,2,0,0.0,0.0,0.32662190574800876,0.6733780942519912,0.0,0.6733780942519912,1.0,0.0,0.0,0.0,18,2,2022,10,24,3,0,1,1,1,0,1,GRAVE_LESIONADOS,1
4,1,10,0,4,1,-14.326094479677414,-72.53521229459434,0,4,2,0,5,1,0,4,7586.903,2.0,2,0,1.0,9,5,1198.0,0.31106556161486065,66.9294826190005,56.26550979651408,5.849940405273638,320.1902080397991,7013.2870367805,13041.699677918448,1886.3269600660033,1992.5428933217445,9162.829824530701,2797.525664975846,10244.174012942602,21.369265903292003,4,1,0,0,3,30.72205410793932,24.50674226496377,36.937365950914874,1.0,0.0,0.3766855662409425,0.3766855662409425,1,0,0.0,0.0,0.0,1.0,0.3766855662409425,1.0,0.0,0.0,0.3766855662409425,0.3766855662409425,15,3,2022,5,11,5,0,0,2,1,0,1,GRAVE_LESIONADOS,1
5,1,12,0,4,1,-8.004893386391787,-78.35025884131795,0,4,7,1,2,2,2,2,6543.555,2.05633327779924,3,3,1.0,13,32,1213.6043179503895,0.43997890377947024,76.77257045713405,44.3108097753103,6.392757253937296,679.8999870213397,13302.50021671689,8931.828000000005,1335.5899999999997,1935.9830000000004,5660.255000000005,1219.309,7712.519000000005,13.651281686122925,5,1,0,0,4,37.76049925028974,33.90133244478784,40.67599933359088,0.0563332777992398,0.0,0.0,0.0,1,0,0.0,0.0563332777992398,1.0,0.0,0.9436667222007602,0.0,0.0563332777992398,0.9436667222007602,0.0,0.9436667222007602,18,1,2024,2,16,4,0,0,0,1,0,1,GRAVE_LESIONADOS,1
3,2,18,1,4,0,-4.971677029321736,-80.7812046403522,0,4,7,1,2,0,0,2,6543.555,2.0,4,4,1.0,14,33,1198.0,0.5224213507050632,81.18806797298693,64.64603386060311,6.670908305381807,832.6011257026453,9424.548120819243,8965.033507638274,1771.7400179249641,668.0212540290792,6525.272235684231,2190.7355483945203,6774.297959243755,24.435468376425682,4,2,0,0,2,22.047768382638285,20.09553676527657,24.0,1.0,0.023884191319142767,0.9761158086808572,0.9761158086808572,2,0,0.0,0.0,0.0,1.0,0.9761158086808572,0.023884191319142767,0.0,0.9761158086808572,1.0,0.0,21,2,2021,1,2,5,1,0,0,0,0,1,GRAVE_LESIONADOS,1
4,1,5,0,4,1,-12.912054874345767,-74.25047052353699,0,4,0,0,4,2,2,0,7117.371109737147,2.0,2,1,1.0,11,17,1198.0,0.2917958230646787,74.50252353067285,52.07439348901742,4.536291637354109,280.3559048296353,2973.982815137603,8442.81755456279,1372.0651503628605,1688.810229778898,5381.942174421029,1678.464967451983,6764.352587110804,19.858295057636912,4,1,0,0,3,35.5499757604722,35.5499757604722,35.5499757604722,1.0,0.45002423952780257,0.0,0.0,1,0,0.0,0.0,0.0,1.0,0.0,0.45002423952780257,0.5499757604721974,0.45002423952780257,0.45002423952780257,0.45002423952780257,21,2,2022,9,26,4,0,1,2,1,0,1,GRAVE_LESIONADOS,1
6,1,4,0,4,1,-9.182168897620647,-77.92975467534616,0,4,7,0,2,1,0,2,8807.988796105026,2.33269017969267,2,0,1.0,6,31,3046.5146268237622,0.5704957112947499,75.2568295525524,66.55174849558752,9.084010869669482,983.7174858922733,65391.33326468715,10156.888714316603,1702.2587288937298,1460.0162629479532,6994.613722474922,1807.2316402246481,8349.657074091958,17.558227300311454,4,1,0,0,3,31.342337484302618,31.342337484302618,31.342337484302618,1.0,0.0,0.0,0.0,1,0,0.0,0.33269017969267,0.0,0.66730982030733,0.0,0.66730982030733,0.33269017969267,0.0,0.0,0.0,7,0,2022,8,9,2,0,0,0,1,0,1,GRAVE_LESIONADOS,1
6,1,7,0,4,2,-13.467891791900502,-72.38380952245652,1,4,0,0,3,2,2,2,6543.555,2.0,4,4,1.0,14,33,1198.0,0.2703238376534037,69.70992207393633,52.97225782142848,4.276182110539367,256.61561225991034,3075.5539414956083,17779.13499998999,2097.3709999899997,2863.123,12818.640999999989,2878.713,14900.421999989989,16.19152450331032,4,1,0,0,3,40.08086798476282,40.08086798476282,40.08086798476282,1.0,0.0,0.0,1.0,1,0,0.0,0.4382986080331659,0.0,0.5617013919668341,0.0,0.5617013919668341,0.4382986080331659,0.0,0.0,0.0,17,2,2021,5,12,1,0,0,2,1,0,1,GRAVE_LESIONADOS,1
5,1,5,0,4,1,-7.611670953018613,-77.03446445215211,0,4,0,0,1,2,2,3,1330.6744765419844,1.2626933098800053,1,2,0.26269330988000517,7,28,228.31353592504234,0.28765919812769525,75.9030313193082,38.47963610063573,4.373731622593601,313.2300516306611,19626.753802660907,16419.85851403168,1829.3998327147665,1442.0152289553282,13148.443452361586,2230.9551566365844,14188.903357395096,13.507777439722341,7,1,0,0,6,55.59381408383983,55.59381408383983,55.59381408383983,1.0,0.0,0.0,0.7373066901199948,1,0,0.0,0.0,0.0,1.0,0.0,0.26269330988000517,0.7373066901199948,0.0,0.0,0.0,16,1,2022,9,7,0,0,0,2,1,0,1,GRAVE_LESIONADOS,1
6,1,7,0,4,1,-13.209158770673072,-72.21191248461413,0,4,0,0,1,2,2,2,3957.7266239697205,1.1647177469429808,2,3,0.1647177469429809,9,15,1123.6598794779252,0.4335734971609384,74.62445692967324,60.21342911951927,6.536063528750355,588.9067039443108,3191.906351286448,17779.13499998999,2097.3709999899997,2863.123,12818.640999999989,2878.713,14900.421999989989,16.19152450331032,6,1,0,0,5,34.1764112652851,34.1764112652851,34.1764112652851,1.0,0.8352822530570191,0.0,0.1647177469429809,1,0,0.0,0.0,0.0,0.1647177469429809,0.0,1.0,0.0,0.0,0.0,0.0,13,2,2022,6,26,0,0,0,2,1,0,1,GRAVE_LESIONADOS,1
3,2,7,0,4,1,-13.552196733451423,-71.97216484158754,0,2,4,1,2,1,1,2,7586.903,2.0,2,0,1.0,9,5,1198.0,0.45483883845814593,66.75714349507729,68.39289555746635,7.4311902677011386,704.5038032936246,8666.66078805193,17779.13499998999,2097.3709999899997,2863.123,12818.640999999989,2878.713,14900.421999989989,16.19152450331032,6,3,0,0,3,38.181722033195236,31.891433569803375,48.60687063846912,1.0,0.0,0.0,0.0,3,0,0.6891433569803377,0.0,0.0,1.0,0.0,1.0,0.6891433569803377,0.0,0.3108566430196623,0.6891433569803377,13,2,2022,10,4,1,0,0,2,1,0,1,GRAVE_LESIONADOS,1
6,1,5,0,4,1,-10.972671707753062,-74.77357498421846,0,4,0,0,2,1,1,0,1696.642462189527,1.0,1,3,0.0,9,17,666.7467946385975,0.4158863389847328,70.12789992709332,60.66575072917875,6.169311766978926,581.7663849549647,1552.5193401500335,16830.487133276198,1910.3521860823694,1871.322678800837,13048.81226839299,2426.63860409768,14403.848529178518,14.3185200388233,5,1,0,0,4,36.9417155349288,36.9417155349288,36.9417155349288,1.0,0.0,0.0,0.0,1,0,0.0,0.0,0.0,1.0,0.0,1.0,0.0,0.0,0.4854288837321995,0.0,3,0,2022,9,7,5,1,0,2,1,0,1,GRAVE_LESIONADOS,1
9,1,7,1,4,1,-13.928338702545151,-73.39137575667165,0,4,1,0,2,1,0,2,6752.385495998605,2.0,3,3,1.0,12,27,1198.0,0.19667757264328167,70.56832249624084,44.322282010434876,3.7353664144426895,141.27175899721976,15979.035855273994,12871.597594875668,1848.2482641375454,1890.140055324166,9133.209275413956,2651.2381913154923,10220.359403560175,20.54137946550031,5,1,0,0,4,34.2009252674962,34.2009252674962,34.2009252674962,0.20015421124936683,0.7998457887506332,0.0,0.0,1,0,0.0,0.0,0.20015421124936683,0.7998457887506332,0.0,0.7998457887506332,0.20015421124936683,0.0,0.0,0.0,9,0,2022,3,14,2,0,0,2,1,0,1,GRAVE_LESIONADOS,1
6,1,13,0,4,1,-10.175092978567704,-77.73489075653421,0,4,4,1,2,2,2,0,1162.8087680984518,2.0,2,0,0.3195894262599983,8,22,506.885523096521,0.547190993890162,75.50864134185858,60.282019494599744,7.191759797419792,1091.7031780286557,25326.946394460687,8043.541789823823,1572.245642884231,1706.7526777069934,4764.543469232599,1624.538403760038,6419.003386063786,20.554904137629627,5,1,0,0,4,24.670146230239958,24.670146230239958,24.670146230239958,1.0,0.6804105737400017,0.0,0.6804105737400017,1,0,0.0,0.0,0.0,1.0,0.0,0.0,1.0,0.3195894262599983,0.3195894262599983,0.3195894262599983,12,2,2021,5,7,1,0,0,0,1,0,1,GRAVE_LESIONADOS,1
4,1,5,0,4,1,-6.400245388650915,-78.86186144239296,0,4,2,0,2,0,1,2,9936.932,2.0,2,0,1.0,9,32,3830.0,0.28882425667419315,75.8776502235548,47.926135082997995,3.881696530629535,303.4654354860462,5145.299029182788,15935.565011852366,1733.9250000199986,935.692,13265.948011832368,2000.1670000199988,13935.398011832369,12.551591352627522,6,1,0,0,4,43.020480230841684,37.91807907663326,48.12288138505011,1.0,0.0,0.0,0.4081920923366741,1,0,0.0,1.0,0.0,0.0,0.0,0.0,1.0,0.0,0.4081920923366741,0.0,5,0,2023,5,4,4,0,0,2,1,0,1,GRAVE_LESIONADOS,1
3,2,5,1,4,1,-5.679856815956896,-78.77379054765146,0,2,7,0,2,1,1,1,7758.33400008,2.0,2,0,1.0,9,20,2133.0,0.5803239946829384,74.49544278598792,68.33065356443184,8.733179344969395,1046.078117086984,102362.46895074946,15935.565011852366,1733.9250000199986,935.692,13265.948011832368,2000.1670000199988,13935.398011832369,12.551591352627522,6,2,0,0,4,37.21108260691009,35.27770651727522,39.14445869654496,1.0,1.0,0.0,0.9277706517275222,2,0,0.0,0.07222934827247784,0.9277706517275222,1.0,0.9277706517275222,0.07222934827247784,0.07222934827247784,0.0,1.0,0.9277706517275222,13,3,2022,9,10,0,0,0,2,1,0,1,GRAVE_LESIONADOS,1
3,2,14,0,4,1,-5.83266335016726,-79.36748459215413,0,4,7,1,2,0,0,2,1205.8998888610813,2.0,2,0,1.0,1,20,148.5496050919144,0.48828654785457193,74.57011784332013,60.27621058045618,6.740634069139511,802.0212453472801,44778.09606337285,3781.9414418357255,559.2999671219835,730.3616257634811,2492.279848950261,749.0729529759882,3032.868488859737,19.979329276590825,5,2,0,0,3,52.53485428224478,48.90348680541023,56.166221759079335,1.0,0.14745300926617955,0.14745300926617955,1.0,2,0,0.0,0.0,0.14745300926617955,0.8525469907338205,1.0,0.0,1.0,0.0,1.0,0.0,6,0,2021,8,18,1,0,1,0,1,0,1,GRAVE_LESIONADOS,1
6,1,1,0,4,0,-9.629659761057972,-77.22056087730581,1,4,4,0,1,1,0,0,6543.555,2.0,4,4,1.0,14,33,1198.0,0.2760777726315551,84.30760154767172,53.095124914700705,3.8156360535709903,277.64861706370647,2719.7409561209015,10735.026165825066,1856.5098858876288,1261.3227517854684,7617.193528151972,2157.9325027206437,8577.093663104426,20.125612473637716,6,1,0,0,5,36.34078956303349,36.34078956303349,36.34078956303349,1.0,0.0,0.0,0.0,1,0,0.0,0.0,0.0,1.0,0.0,0.0,1.0,0.0,0.0,0.0,17,1,2022,1,15,5,1,1,0,1,0,1,GRAVE_LESIONADOS,1
5,1,7,0,4,1,-14.187754186713944,-71.3912959982574,1,3,0,0,1,2,2,2,6739.37333554739,2.0,3,3,1.0,13,27,1198.0,0.3634344302420832,75.46630738660126,59.76365753743571,5.858279537195841,376.33244226770967,9718.3147814537,17779.13499998999,2097.3709999899997,2863.123,12818.640999999989,2878.713,14900.421999989989,16.19152450331032,9,1,0,0,8,59.586534642207695,59.11732797399299,60.0557413104224,1.0,0.0,0.0,0.8123173327141189,1,0,0.0,0.0,0.0,1.0,0.0,0.18768266728588112,0.8123173327141189,0.8123173327141189,0.18768266728588112,0.0,4,0,2021,3,9,3,0,0,2,1,0,1,GRAVE_LESIONADOS,1
5,1,12,0,4,1,-8.31405676625208,-78.95659580422482,0,4,7,1,2,2,2,1,1032.9217651169217,1.2572276996360277,2,0,1.0,3,22,126.35656651537737,0.4730293437842559,77.27908900286809,58.708931777779796,7.188932476124546,671.6474630700385,17525.535940446884,3524.5028350220923,560.4018115772839,703.3796596991563,2260.721363745652,802.279395688608,2722.223439333484,22.634147727579148,4,1,0,0,3,32.46627073503187,32.46627073503187,32.46627073503187,1.0,0.0,0.0,0.0,1,0,0.7524092332120093,0.24759076678799075,0.7524092332120093,0.0,0.7524092332120093,0.0,0.24759076678799075,0.7524092332120093,0.7524092332120093,0.7524092332120093,3,0,2022,8,18,1,0,1,0,1,0,1,GRAVE_LESIONADOS,1