CLASE SINIESTRO,CANTIDAD DE VEHICULOS DAÑADOS,DEPARTAMENTO,ZONA,TIPO DE VÍA,RED VIAL,COORDENADAS LATITUD,COORDENADAS  LONGITUD,CONDICIÓN CLIMÁTICA,ZONIFICACIÓN,CARACTERÍSTICAS DE VÍA,PERFIL LONGITUDINAL VÍA,SUPERFICIE DE CALZADA,¿EXISTE SEÑAL VERTICAL?,¿EXISTE SEÑAL HORIZONTAL?,CAUSA FACTOR PRINCIPAL,MTC_RVN_LONGITUD_KM,MTC_RVN_N_CARRILES_MEDIANA,MTC_RVN_SUPERFICIE_DOMINANTE,MTC_RVN_ESTADO_DOMINANTE,MTC_RVN_ES_CONCESIONADA,MTC_RVN_CONCESION_PRINCIPAL,MTC_RVN_CORREDOR_LOGISTICO,MTC_RVN_N_TRAMOS,IDH_2019,IDH_ESP_VIDA_2019,IDH_EDUC_SECUND_PCT_2019,IDH_ANIOS_EDUC_2019,IDH_INGRESO_PERCAP_2019,IDH_POBLACION_2019,MTC_DEP_RED_TOTAL_KM,MTC_DEP_NACIONAL_TOTAL_KM,MTC_DEP_DEPARTAMENTAL_TOTAL_KM,MTC_DEP_VECINAL_TOTAL_KM,MTC_DEP_PAV_TOTAL_KM,MTC_DEP_NO_PAV_TOTAL_KM,MTC_DEP_PCT_PAVIMENTADA,PER_TOTAL_PERSONAS,PER_N_CONDUCTORES,PER_N_CONDUCTORES_FUGADOS,PER_N_PEATONES,PER_N_PASAJEROS_OCUPANTES,PER_EDAD_COND_PROM,PER_EDAD_COND_MIN,PER_EDAD_COND_MAX,PER_ANY_COND_MASCULINO,PER_ANY_LIC_PROBLEMA,PER_ANY_DOSAJE_POS,PER_ANY_DOSAJE_EVALUADO,VEH_TOTAL,VEH_N_FUGADOS,VEH_ANY_FUGADO,VEH_ANY_CARGA,VEH_ANY_PUBLICO,VEH_ANY_PARTICULAR,VEH_ANY_MOTO,VEH_ANY_AUTO,VEH_ANY_CAMION_BUS,VEH_ANY_SOAT_PROBLEMA,VEH_ANY_CITV_PROBLEMA,VEH_ANY_SEGURO_PROBLEMA,HORA_NUM,FRANJA_HORARIA,ANIO,MES,DIA_MES,DIA_SEMANA,ES_FIN_SEMANA,ES_QUINCENA,REGION_NATURAL,TIENE_SEÑALIZACION,ES_VIA_MULTICARRIL,ES_DEPTO_BAJO_PAVIMENTO,CATEGORIA_SEVERIDAD,CATEGORIA_SEVERIDAD_ENC
6,1,1,0,4,1,-8.823717523996049,-77.53733272011668,0,4,5,0,5,2,2,0,7380.657223158363,2.0,3,3,1.0,12,32,1847.2803632937953,0.28248803978904413,72.35536015397653,38.218785816090815,5.089021173314697,318.56523186654783,2127.993215017129,10767.648,1885.0630000000003,1222.721,7659.864000000001,2100.343,8667.305000000002,19.506051832303577,6,1,0,0,5,33.46687068120743,33.46687068120743,33.46687068120743,1.0,0.0,0.0,0.24668706812074293,1,0,0.0,0.0,1.0,0.0,0.0,1.0,0.0,0.0,1.0,0.0,6,0,2024,3,25,4,0,1,0,1,0,1,GRAVE_LESIONADOS,1
5,1,18,0,3,1,-6.261748675834957,-77.7728842475596,0,3,0,0,2,2,2,0,6543.555,2.0,4,4,1.0,14,33,1198.0,0.5409212300062012,74.82386995661602,64.12256276323171,8.283153532606896,911.8232764778642,89404.76263907521,5025.180640272968,729.969631597617,887.125774901689,3408.0852337736624,925.4523890700859,4099.728251202881,18.626465002684434,10,1,0,0,9,40.59590412171234,40.312229465188366,40.87957877823631,1.0,0.0,0.0,0.28367465652397195,1,0,0.0,0.28367465652397195,0.0,1.0,0.28367465652397195,0.0,1.0,0.0,1.0,0.28367465652397195,15,1,2021,8,25,5,0,1,0,1,0,1,GRAVE_LESIONADOS,1
6,1,7,0,4,1,-13.094156709534914,-72.37054346245125,1,4,0,0,2,1,1,2,3447.8009999999995,1.0,2,3,0.0,9,12,1109.0,0.4706944943299555,76.79406176595778,61.64424635983724,7.141255198110581,653.4175319142125,3282.6252676659524,17779.13499998999,2097.3709999899997,2863.123,12818.640999999989,2878.713,14900.421999989989,16.19152450331032,5,1,0,0,4,35.0,35.0,35.0,1.0,0.3306145763301308,0.0,0.6693854236698692,1,0,0.0,0.0,0.0,0.0,0.0,1.0,0.0,0.0,0.0,0.0,15,3,2023,2,28,3,0,1,2,1,0,1,GRAVE_LESIONADOS,1
4,1,7,1,2,3,-12.24566120514788,-74.47926143439936,0,3,3,0,4,2,2,0,6543.555,2.0,4,4,1.0,14,33,1198.0,0.3977661631435704,75.66258518501576,50.45548258603903,6.641069823278237,590.8293592102712,12989.942196992462,9659.041453213911,1419.0861486775357,1838.575882287693,6401.379422248683,2091.313057376784,7567.728395837127,21.1373283667294,8,1,0,0,6,25.35353638079821,24.04601616924365,26.661056592352775,1.0,0.0,0.0,0.0,1,0,0.0,0.0,0.523008084621825,1.0,0.0,0.523008084621825,1.0,0.0,0.0,0.0,15,2,2022,10,27,4,0,1,0,1,0,1,GRAVE_LESIONADOS,1
3,2,3,1,4,1,-16.53598183195679,-71.70598999336832,0,3,7,1,2,0,1,0,811.2275927453841,1.357721836492885,3,1,0.357721836492885,8,29,133.31740739336607,0.6712516258882515,76.8805215742986,78.01567909464103,10.874990577010827,1256.5167627527926,22215.53402690985,10322.272,1495.236,1749.739,7077.2970000000005,2886.595,7435.677000000001,27.964725207783708,10,2,0,0,8,54.292662037914624,36.65848958530789,71.92683449052134,1.0,0.0,0.0,0.0,2,0,0.0,0.0,0.642278163507115,0.357721836492885,0.0,0.357721836492885,1.0,0.0,0.0,0.642278163507115,15,2,2023,3,26,2,0,1,0,1,0,1,GRAVE_LESIONADOS,1
6,1,8,0,4,2,-12.938626036399173,-74.7575648739597,0,4,6,0,1,1,1,0,6543.555,2.0,4,4,1.0,14,33,1198.0,0.3996696446387061,69.42913180767655,60.500995735173035,6.023412767132442,540.982787451412,2436.0985820610153,8511.426,1445.3929999999996,2008.516,5057.516999999999,1879.579,6631.846999999998,22.08300935706896,7,1,0,0,6,37.50129978775633,37.50129978775633,37.50129978775633,1.0,0.0,0.0,0.0,1,0,0.0,0.0,0.0,0.03836155478797465,0.0,0.03836155478797465,0.9616384452120254,0.0,0.0,0.0,12,2,2024,8,21,4,0,0,2,1,0,1,GRAVE_LESIONADOS,1
3,3,4,0,4,1,-8.453203353265557,-77.0397793844729,0,4,4,1,2,0,1,2,7693.441267490192,2.0,2,0,1.0,9,14,1779.0692351840935,0.5690819682551885,72.75941989865998,70.88787824276432,9.271068278400458,976.4756639372476,103179.4735542341,14702.738225935966,1760.8574278048213,1253.0342729810657,11688.84652515008,2183.835490423976,12518.90273551199,15.220689839502636,5,3,0,0,2,37.89448380899088,32.807824030478905,45.75707115468643,1.0,1.0,0.6214644226567846,1.0,3,0,0.0,0.3785355773432154,0.6214644226567846,0.3785355773432154,1.0,0.3785355773432154,0.3785355773432154,0.6214644226567846,1.0,0.6214644226567846,5,0,2022,1,20,4,0,0,2,1,0,1,GRAVE_LESIONADOS,1
6,1,7,0,4,2,-13.31481875934989,-72.06512419995428,0,4,5,0,1,1,1,2,6543.555,2.0,4,4,1.0,14,33,1198.0,0.291772198993769,73.55203966655009,51.6756660041227,4.85780454711524,264.0885371291389,5320.57083532895,17779.13499998999,2097.3709999899997,2863.123,12818.640999999989,2878.713,14900.421999989989,16.19152450331032,6,1,0,0,5,45.89028787751628,45.89028787751628,45.89028787751628,1.0,0.0,0.0,0.0,1,0,0.0,0.0,0.0,1.0,0.0,0.0,1.0,0.7778777055368772,0.7778777055368772,0.7778777055368772,15,3,2023,6,12,3,0,0,2,1,0,1,GRAVE_LESIONADOS,1
3,2,22,0,4,1,-10.879576461603925,-75.907340834967,3,4,0,1,2,2,2,2,6591.799553108263,2.49964163961561,2,0,1.0,4,30,1545.550528814199,0.5611192030029662,73.1574573625005,62.69195287981704,8.367645725540878,1050.7128010428016,4643.059187623308,1830.4247381785253,384.74988462283636,387.4876326572358,1058.187220898453,673.1207246671331,1157.304013511392,33.88815071100624,4,2,0,0,2,25.00179180192195,20.0,30.0035836038439,1.0,0.0,0.0,1.0,2,0,0.0,0.0,0.5003583603843902,1.0,0.0,1.0,0.5003583603843902,0.0,0.0,0.0,19,2,2022,4,17,5,1,0,0,1,0,1,GRAVE_LESIONADOS,1
4,1,11,0,4,1,-10.011757330529436,-76.55954582828795,3,4,3,1,4,2,2,1,603.8124910147602,2.0,2,0,0.35751332842723693,8,15,150.11396038267551,0.49113594270974154,74.60505517284551,58.84597891944615,7.5751554843214235,778.4369009833425,26143.00038888872,11073.054252623966,1650.9700024216081,1402.4337985124284,8019.650451689929,1456.5324262847962,9616.521826339169,13.20217084672273,18,1,0,0,17,36.50259329899066,36.50259329899066,36.50259329899066,1.0,0.0,0.0,0.0,1,0,0.0,0.6424866715727631,0.6424866715727631,0.35751332842723693,0.0,0.0,1.0,0.35751332842723693,1.0,0.35751332842723693,10,1,2021,5,18,5,1,0,1,1,0,1,GRAVE_LESIONADOS,1
6,1,11,0,4,1,-10.561274890085972,-76.03943775906386,0,4,7,1,2,1,1,0,844.8161741707048,1.2774267348009791,0,2,0.2774267348009791,7,32,95.54221592243721,0.3208587467483293,69.47835676164776,58.15974972958826,4.614956763867049,382.36115593148963,6709.5388180386135,8637.494256844906,1538.8910807525363,1628.0196846857611,5470.583491406609,1972.496426596598,6664.997830248308,22.80885008242614,5,1,0,0,4,43.89029306079608,43.89029306079608,43.89029306079608,0.7225732651990209,0.2774267348009791,0.0,0.2774267348009791,1,0,0.0,1.0,0.0,0.0,1.0,0.0,0.0,0.2774267348009791,1.0,0.0,13,3,2023,2,13,1,0,0,1,1,0,1,GRAVE_LESIONADOS,1
1,1,15,1,2,3,-9.694195141208837,-78.36672353991055,2,1,2,1,3,1,1,1,6543.555,2.0,4,4,1.0,14,33,1198.0,0.7089594053605084,79.0158091100446,75.35610177493116,10.563507946020252,1549.9205893125632,45244.1381961157,8104.791441361668,1718.7688118369338,1255.4274960342873,5130.595133490448,1957.6220167151585,6147.16942464651,24.11966291324817,8,1,0,0,6,49.85604100324165,48.570436902917486,51.141645103565814,1.0,0.3571979498379175,0.0,0.0,1,0,0.0,0.3571979498379175,0.6428020501620825,0.6428020501620825,0.3571979498379175,0.0,0.6428020501620825,1.0,1.0,1.0,15,2,2022,3,19,3,0,0,0,1,0,1,GRAVE_LESIONADOS,1
5,1,14,0,4,0,-7.717094242485146,-79.29713313174497,0,4,7,1,2,1,1,0,6543.555,2.6928011986299087,2,1,1.0,4,30,1389.9059320204847,0.49745561870163885,78.72454899157576,56.55820922454815,6.300491290046783,836.8710722870446,9711.31884234136,8942.278288843443,1472.8531828442183,1536.9357506046695,5932.489355394556,1525.032018346741,7417.246270496703,17.04523268614761,4,1,0,0,2,35.85602397259817,35.241626369858,36.47042157533836,1.0,0.0,0.30719880137009126,0.30719880137009126,1,0,0.0,0.0,0.0,1.0,0.30719880137009126,0.6928011986299087,0.0,0.30719880137009126,0.30719880137009126,0.0,10,1,2021,2,14,5,1,0,0,0,0,1,GRAVE_LESIONADOS,1
5,1,22,0,4,1,-15.488357868970866,-71.64046063681211,0,4,6,1,6,2,2,4,6543.555,2.0,4,4,1.0,14,33,1198.0,0.2786924722810391,72.49450547323492,66.29299862792419,6.809077436035085,231.12476536598,1500.6628966098501,2438.769057113968,567.1633816847434,461.5687135365237,1410.0369618927002,966.5431778391707,1472.2258792747966,38.658734089473164,4,1,0,0,2,37.741935199725084,37.741935199725084,37.741935199725084,1.0,0.12903240013745743,0.12903240013745743,1.0,1,0,0.0,0.8709675998625426,0.0,0.12903240013745743,0.12903240013745743,0.12903240013745743,0.8709675998625426,0.12903240013745743,0.12903240013745743,0.0,13,2,2023,1,10,3,0,0,0,1,0,1,GRAVE_LESIONADOS,1
4,1,5,0,4,1,-5.562162930674535,-78.802130720719,2,4,2,0,2,1,1,0,7758.33400008,2.0,2,0,1.0,9,20,2133.0,0.4823525101155781,74.68609013731242,51.19107770858362,5.880567124588062,905.9911705096852,13071.734475374731,15935.565011852366,1733.9250000199986,935.692,13265.948011832368,2000.1670000199988,13935.398011832369,12.551591352627522,5,1,0,0,3,30.180320598163156,29.495652433241176,30.86498876308514,1.0,0.34233408246099073,0.0,0.34233408246099073,1,0,0.0,0.6576659175390093,0.0,0.34233408246099073,0.34233408246099073,0.0,0.6576659175390093,0.0,0.34233408246099073,0.0,7,1,2021,4,21,3,0,0,2,1,0,1,GRAVE_LESIONADOS,1
6,1,7,0,4,1,-13.442734163033238,-72.85839681202899,1,4,0,0,5,1,1,2,6783.762602633864,2.0,3,3,1.0,12,26,1198.0,0.29761914012067414,73.81641177552659,54.591624047467775,5.293361008350764,255.4443076889743,3668.6113806282888,17779.13499998999,2097.3709999899997,2863.123,12818.640999999989,2878.713,14900.421999989989,16.19152450331032,11,1,0,0,10,49.7768123033982,49.7768123033982,49.7768123033982,1.0,0.23022769261441445,0.0,1.0,1,0,0.0,0.7697723073855856,0.23022769261441445,0.0,0.0,0.0,1.0,0.0,0.0,0.0,15,2,2022,8,27,2,0,1,2,1,0,1,GRAVE_LESIONADOS,1
4,1,11,0,4,1,-13.838981482289798,-72.58764298310247,0,4,5,0,4,1,1,1,7129.244476456298,2.0,2,1,1.0,11,17,1198.0,0.3442609656519469,75.59967448067164,70.88461697409765,5.805745549485013,307.5864704373327,5192.593936094572,13101.40175492764,1899.6917419432395,2028.484029436776,9173.225983547623,2848.869339678253,10252.532415249385,21.659835771572055,4,1,0,0,3,45.10440483540808,38.92949076932537,51.2793189014908,1.0,1.0,0.0,0.43864417581066206,1,0,0.0,0.5613558241893379,0.5613558241893379,0.43864417581066206,0.5613558241893379,0.0,1.0,0.0,0.5613558241893379,0.0,8,1,2022,6,23,0,0,1,2,1,0,1,GRAVE_LESIONADOS,1
6,1,12,2,3,1,-12.76971401999605,-76.2241280318122,6,2,7,0,2,2,2,0,6628.67809443118,2.0,2,0,1.0,9,31,1567.025653103437,0.6889238698306346,78.38709263050345,72.04666119442997,9.995207907418974,1444.3554560988741,96144.93879524927,7942.181017428016,1661.356693941422,1616.734385660403,4664.089937826192,1940.4414762104889,6001.739541217528,24.285783354518365,6,1,0,0,5,45.17985543474656,45.17985543474656,45.17985543474656,1.0,0.11716350932192088,0.0,0.0,1,0,0.0,0.0,0.0,0.11716350932192088,0.11716350932192088,0.0,0.8828364906780791,0.11716350932192088,1.0,0.0,11,1,2021,11,29,3,0,1,0,1,0,1,GRAVE_LESIONADOS,1
6,1,11,0,4,1,-14.900804935558769,-72.05117452776534,0,4,3,1,2,2,2,2,1626.4454340347872,2.0,1,0,0.5278121082956208,7,28,356.2138455758685,0.4517016729708934,69.66736416656902,70.49495244257264,7.819775803817565,603.1377514801736,14390.002870208515,13133.723808688506,1906.9272891800938,2047.942168783551,9178.854350724861,2876.6662455339106,10257.057563154596,21.817147131148214,5,1,0,0,4,18.47218789170438,18.47218789170438,18.47218789170438,1.0,0.0,0.0,1.0,1,0,0.0,0.5278121082956208,0.0,0.47218789170437925,0.0,1.0,0.0,0.0,0.47218789170437925,0.0,12,1,2023,8,16,3,0,0,2,1,0,1,GRAVE_LESIONADOS,1
4,1,15,0,4,1,-10.079805660555262,-76.43228868364933,0,4,3,0,4,1,1,0,6590.065131945868,2.0,3,2,1.0,11,32,1399.6307317296496,0.5198985561868481,76.79441594240566,60.753396470762354,7.378060883745601,868.677725896605,31573.731579298776,4717.21256014346,758.6917506414381,858.9681783334207,3099.552631168601,1056.5766832478669,3660.6358768955924,23.588072480371977,4,1,0,0,3,31.994367488229475,29.341331544418296,34.647403432040655,1.0,0.48237017160203277,0.0,0.48237017160203277,1,0,0.0,0.48237017160203277,0.0,1.0,0.0,0.0,1.0,1.0,0.5176298283979672,0.5176298283979672,18,2,2022,6,20,4,0,1,0,1,0,1,GRAVE_LESIONADOS,1
1,2,4,0,4,1,-9.984081665207327,-76.1490466046643,1,2,2,0,2,1,1,2,7659.267954085273,2.0,2,0,1.0,9,11,1592.68492885275,0.5631617784729166,71.84520883311936,72.23454430060843,9.554327225367107,939.822153593152,103609.71825581917,14053.516434099798,1775.0403764758817,1420.1506282093342,10858.325429414583,2280.5575829402233,11772.958851159576,16.626270024839208,5,2,0,1,1,27.65988818245909,22.266368755677274,37.29117287314091,1.0,0.5778770814409091,0.4221229185590909,1.0,2,0,0.0,0.5778770814409091,0.0,1.0,1.0,0.5778770814409091,0.5778770814409091,0.0,1.0,0.0,15,1,2022,3,18,3,0,0,2,1,0,1,GRAVE_LESIONADOS,1
3,1,17,2,2,4,-4.833229084283399,-78.77754708849449,0,2,2,1,2,2,2,0,6543.555,2.0,4,4,1.0,14,33,1198.0,0.611064473732382,78.37194184131096,68.40003964447963,10.145535252187901,1036.1054354452813,157238.7314727788,6992.894923170061,1367.8946617025344,557.7172317484396,5067.283029719087,1728.1038397896273,5264.7910833804335,24.781925902289366,6,2,0,0,3,36.051365802148844,32.250684644857564,43.027385794302624,1.0,1.0,0.0,0.7493153551424344,2,0,0.0,0.0,0.7493153551424344,1.0,1.0,0.7493153551424344,0.2506846448575656,0.7493153551424344,1.0,0.2506846448575656,14,3,2021,5,21,2,0,0,0,1,0,1,GRAVE_LESIONADOS,1
3,2,13,0,3,1,-7.089390156669134,-79.13865980445792,0,3,7,1,2,1,1,0,1117.682342543686,2.0,2,3,0.03530952117153907,9,7,252.6033307481083,0.5536803383253212,79.89511156752282,68.38156299279808,7.743107081068841,891.3266400932052,17990.707852580534,3431.1213955392054,519.1441690521627,682.5825181290793,2229.3947083579633,716.2552276314582,2714.866167907747,21.035820803821373,5,2,0,0,3,47.78814287297077,33.03530952117154,62.54097622476999,1.0,0.9646904788284609,0.0,0.03530952117153907,2,0,0.0,0.9646904788284609,0.0,1.0,0.9646904788284609,0.03530952117153907,0.9646904788284609,0.9646904788284609,1.0,0.9646904788284609,0,0,2022,9,10,0,0,0,0,1,0,1,GRAVE_LESIONADOS,1
3,1,18,0,4,1,-15.348924556159051,-70.42075401898822,6,4,6,0,2,1,1,2,7586.903,2.0,2,0,1.0,9,5,1198.0,0.3638839931195739,74.43519153313862,63.95822073184024,5.5787923417573575,384.5354888345872,5543.571608937262,13571.428823144772,2004.9110166788887,2311.444148796456,9255.073657669427,3253.0917403185426,10318.337082826227,23.947456406259327,5,2,0,0,3,28.912647209609908,27.17701366745225,30.648280751767565,1.0,0.07356335421576565,0.0,0.0,2,0,0.0,0.07356335421576565,0.07356335421576565,0.9264366457842343,0.07356335421576565,0.9264366457842343,0.07356335421576565,0.0,1.0,0.9264366457842343,20,1,2021,7,25,5,0,1,2,1,0,1,GRAVE_LESIONADOS,1
6,1,2,1,4,0,-16.03219943077402,-71.82306353103431,0,0,6,0,0,1,1,0,6543.555,2.0,4,4,1.0,14,33,1198.0,0.642419167306705,77.50018327363034,73.69596100917767,10.252563621306363,1163.883909296642,4445.809553336778,10346.070489474503,1516.0662507462832,1721.5780027170908,7108.426236011128,2844.5819370008576,7501.488552473645,27.512739359209444,4,1,0,0,2,39.358784771307796,39.358784771307796,39.358784771307796,0.05343460239101716,0.0,0.0,0.0,1,0,0.0,0.0,0.0,0.05343460239101716,0.0,0.0,1.0,0.0,0.05343460239101716,0.0,12,3,2023,10,19,4,0,1,0,1,0,1,GRAVE_LESIONADOS,1
5,1,11,0,4,1,-11.31220392356124,-75.58163078676598,5,4,6,1,5,1,1,0,6608.711730566729,2.0,3,3,1.0,13,31,1198.0,0.4181408374508139,74.46595987153017,48.446528548832745,5.582611405950173,649.758509685466,12098.556543007533,12264.545,1826.4639999999995,1105.5389999999998,9332.542,1588.5359999999996,10676.009,12.952261987705208,7,1,0,0,6,43.59327179463028,43.562046963333955,43.62449662592661,1.0,0.0,0.0,0.06244966259266149,1,0,0.0,0.9375503374073385,0.06244966259266149,0.0,0.0,0.0,1.0,0.0,0.0,0.0,11,1,2022,6,4,5,0,0,2,1,0,1,GRAVE_LESIONADOS,1
3,1,3,0,4,1,-15.881779518705173,-71.24479656573531,0,4,0,1,2,0,1,0,1277.254790614724,1.5298756255182062,1,0,0.5298756255182061,7,28,257.9244774813446,0.4498224071382834,81.63336343193146,58.84842497065013,5.774685730039019,620.6584683449911,1358.612419700214,10322.272,1495.236,1749.739,7077.2970000000005,2886.595,7435.677000000001,27.964725207783708,14,2,0,0,12,33.52987562551821,26.641492493781527,40.41825875725488,1.0,0.0,0.0,0.4701243744817939,2,0,0.0,0.0,0.4701243744817939,0.5298756255182061,0.0,0.5298756255182061,1.0,0.0,0.0,0.0,9,1,2023,3,10,1,0,0,0,1,0,1,GRAVE_LESIONADOS,1
4,1,14,0,4,1,-11.276006288000467,-77.47546362686073,0,4,4,0,2,2,2,2,6543.555,2.614903014566936,2,1,1.0,5,31,1368.3281350350412,0.7327345537337897,78.20903814342847,76.31492653513806,13.642917835589472,1405.6698219039215,62016.21841541756,7626.313,1683.4029999999998,1599.0829999999996,4343.827000000001,1814.875,5811.438000000001,23.797541485643197,7,1,0,0,6,40.04351834704717,36.385096985433066,43.70193970866128,0.3850969854330639,0.0,0.0,1.0,1,0,0.0,0.0,0.3850969854330639,0.6149030145669361,0.0,0.6149030145669361,0.3850969854330639,0.0,0.0,0.0,8,1,2023,9,17,3,0,0,0,1,0,1,GRAVE_LESIONADOS,1
6,1,12,0,4,1,-8.181044723023165,-78.43251862528976,0,4,7,1,2,2,2,2,8180.6001539087165,2.517576398405271,2,0,1.0,4,30,2611.1075817555866,0.4537849155107774,75.12878847302372,54.96212876705933,6.18004777114042,720.8655090841928,68554.0516127153,8931.828000000005,1335.5899999999997,1935.9830000000004,5660.255000000005,1219.309,7712.519000000005,13.651281686122925,4,1,0,0,2,27.789083219136746,27.789083219136746,27.789083219136746,1.0,0.0,0.0,0.0,1,0,0.0,1.0,0.0,0.0,0.0,0.0,1.0,0.0,0.48242360159472886,0.0,19,2,2022,4,19,3,0,0,0,1,0,1,GRAVE_LESIONADOS,1
6,1,14,1,4,1,-12.288795714382976,-76.85611026829783,0,2,6,1,2,1,1,0,6630.944548419588,2.0936574526074745,2,0,1.0,8,30,1602.794299182346,0.6015556868382438,77.4919841970612,67.30849707604102,9.286484962751825,1064.962517423941,19218.50956523135,7626.313,1683.4029999999998,1599.0829999999996,4343.827000000001,1814.875,5811.438000000001,23.797541485643197,9,2,0,0,6,47.65560216825232,34.06046395736444,72.12685094785051,1.0,0.0,0.0,0.0,2,0,0.0,0.9063425473925255,0.09365745260747449,0.0,0.0,0.0,1.0,0.0,0.0,0.9063425473925255,6,1,2022,10,3,1,0,0,0,1,0,1,GRAVE_LESIONADOS,1
3,3,11,1,4,1,-8.984151473295736,-76.99186130991616,0,1,5,0,3,1,1,2,9936.932,2.0,2,0,1.0,9,32,3830.0,0.5265659556216683,71.8732108040978,73.04079473430318,8.475480274785875,885.4135829572446,39041.62930019327,8384.56440740983,1437.5905630029085,756.0352599567034,6190.9385844502185,1327.6336715803145,7056.930735829516,15.644726259505129,7,3,0,0,4,35.71056994530134,29.565854917952002,50.304268135256,1.0,0.7680893784186665,0.0,1.0,3,0,0.0,0.0,0.7680893784186665,1.0,0.7680893784186665,0.7680893784186665,0.23191062158133346,0.7680893784186665,1.0,0.7680893784186665,20,2,2022,2,25,2,0,1,1,1,0,1,GRAVE_LESIONADOS,1
6,1,8,0,4,1,-13.460415464049426,-75.02941980096553,2,4,0,0,2,1,1,0,1679.5849999999998,2.0,2,3,1.0,9,24,315.0,0.3569382465830424,73.080668264288,48.06585940680012,5.984672986282833,443.99823698646634,3007.9054818962263,8511.426,1445.3929999999996,2008.516,5057.516999999999,1879.579,6631.846999999998,22.08300935706896,6,1,0,0,5,46.71392038615163,46.71392038615163,46.71392038615163,1.0,0.0,0.0,0.0,1,0,0.0,0.0,0.0,1.0,0.0,1.0,0.0,0.0,0.0,0.0,8,1,2022,3,8,5,1,0,2,1,0,1,GRAVE_LESIONADOS,1
3,2,11,2,2,4,-14.258315575128808,-71.3170706911061,0,2,2,1,2,0,1,2,6543.555,2.0,4,4,1.0,14,33,1198.0,0.6707361018492466,75.07030178663186,82.49306489334889,11.249259047589145,1240.7990721934482,135450.21229514532,16489.673842168573,2073.4970191933394,2704.4641391402297,11711.712683835001,3014.4096122753594,13475.264229893211,18.71660974072338,8,2,0,0,6,42.16222508880391,33.311703321492814,51.01274685611501,1.0,0.688296678507188,0.0,0.0,2,0,0.0,0.0,0.311703321492812,1.0,0.0,1.0,1.0,0.0,0.688296678507188,0.0,18,2,2021,8,18,5,1,0,2,1,0,1,GRAVE_LESIONADOS,1
3,1,5,0,4,1,-13.931853945495549,-73.92514017084036,0,4,7,1,2,1,1,0,1230.7037690261773,2.0,2,0,1.0,7,26,197.82026642279556,0.6051613365906827,78.76034504427285,67.25300371611029,8.444247621354751,1123.2873346149427,34938.00781659194,9896.463478907644,1446.3461294562667,1806.7742219883185,6643.343127463058,2376.006593780121,7520.456885127523,23.581387067090972,7,2,0,0,5,28.312535849238664,23.224956980913603,32.937607547716,1.0,0.0,0.0,0.6937607547715996,2,0,0.0,0.6937607547715996,0.6937607547715996,0.3062392452284004,0.0,0.0,1.0,0.0,0.3062392452284004,0.0,16,1,2024,7,2,2,0,0,0,1,0,1,GRAVE_LESIONADOS,1
3,1,8,0,4,1,-11.791907980020468,-75.52585634447206,0,4,4,1,2,1,0,0,751.430190095695,-0.5135241427165553,1,0,0.16215861909448148,8,31,150.2704828543311,0.28493483283844434,66.91283776951039,56.39038080627078,4.609243252953582,285.20253061279607,28710.076290892295,8579.59780778456,1427.5874971475682,1996.75414888122,5155.256161755769,1772.5105285704867,6807.087279214071,20.715732041367623,7,1,0,0,5,47.70273104724415,39.32431723818896,56.08114485629933,1.0,0.8378413809055185,0.0,0.0,1,0,0.0,0.0,0.0,1.0,0.0,0.8378413809055185,0.16215861909448148,0.16215861909448148,0.16215861909448148,0.16215861909448148,5,0,2021,6,26,2,0,0,1,1,0,1,GRAVE_LESIONADOS,1
6,1,22,0,4,1,-16.97455905036022,-70.35511353984558,0,4,7,1,2,2,2,1,1557.8912496335206,2.0,2,0,1.0,9,21,213.96495074407605,0.37696458263890903,70.22860784017868,62.97699454966276,6.791348554324567,414.9993826973511,2543.154723569463,2650.572,630.6729999999998,487.3610000000001,1532.5379999999998,1068.7019999999998,1581.87,40.31967439480987,4,1,0,0,3,38.84228387613877,38.84228387613877,38.84228387613877,1.0,0.07235725774132662,0.0,1.0,1,0,0.0,0.0,0.0,1.0,0.0,1.0,0.0,0.0,0.0,0.0,13,2,2023,3,4,0,0,0,0,1,0,1,GRAVE_LESIONADOS,1