CLASE SINIESTRO,CANTIDAD DE VEHICULOS DAÑADOS,DEPARTAMENTO,ZONA,TIPO DE VÍA,RED VIAL,COORDENADAS LATITUD,COORDENADAS  LONGITUD,CONDICIÓN CLIMÁTICA,ZONIFICACIÓN,CARACTERÍSTICAS DE VÍA,PERFIL LONGITUDINAL VÍA,SUPERFICIE DE CALZADA,¿EXISTE SEÑAL VERTICAL?,¿EXISTE SEÑAL HORIZONTAL?,CAUSA FACTOR PRINCIPAL,MTC_RVN_LONGITUD_KM,MTC_RVN_N_CARRILES_MEDIANA,MTC_RVN_SUPERFICIE_DOMINANTE,MTC_RVN_ESTADO_DOMINANTE,MTC_RVN_ES_CONCESIONADA,MTC_RVN_CONCESION_PRINCIPAL,MTC_RVN_CORREDOR_LOGISTICO,MTC_RVN_N_TRAMOS,IDH_2019,IDH_ESP_VIDA_2019,IDH_EDUC_SECUND_PCT_2019,IDH_ANIOS_EDUC_2019,IDH_INGRESO_PERCAP_2019,IDH_POBLACION_2019,MTC_DEP_RED_TOTAL_KM,MTC_DEP_NACIONAL_TOTAL_KM,MTC_DEP_DEPARTAMENTAL_TOTAL_KM,MTC_DEP_VECINAL_TOTAL_KM,MTC_DEP_PAV_TOTAL_KM,MTC_DEP_NO_PAV_TOTAL_KM,MTC_DEP_PCT_PAVIMENTADA,PER_TOTAL_PERSONAS,PER_N_CONDUCTORES,PER_N_CONDUCTORES_FUGADOS,PER_N_PEATONES,PER_N_PASAJEROS_OCUPANTES,PER_EDAD_COND_PROM,PER_EDAD_COND_MIN,PER_EDAD_COND_MAX,PER_ANY_COND_MASCULINO,PER_ANY_LIC_PROBLEMA,PER_ANY_DOSAJE_POS,PER_ANY_DOSAJE_EVALUADO,VEH_TOTAL,VEH_N_FUGADOS,VEH_ANY_FUGADO,VEH_ANY_CARGA,VEH_ANY_PUBLICO,VEH_ANY_PARTICULAR,VEH_ANY_MOTO,VEH_ANY_AUTO,VEH_ANY_CAMION_BUS,VEH_ANY_SOAT_PROBLEMA,VEH_ANY_CITV_PROBLEMA,VEH_ANY_SEGURO_PROBLEMA,HORA_NUM,FRANJA_HORARIA,ANIO,MES,DIA_MES,DIA_SEMANA,ES_FIN_SEMANA,ES_QUINCENA,REGION_NATURAL,TIENE_SEÑALIZACION,ES_VIA_MULTICARRIL,ES_DEPTO_BAJO_PAVIMENTO,CATEGORIA_SEVERIDAD,CATEGORIA_SEVERIDAD_ENC
6,1,4,0,4,1,-13.386767848735522,-74.00637495111687,0,4,0,0,2,2,2,1,1506.0454137414495,1.118894851643434,1,0,0.11889485164343416,8,32,272.8983900562728,0.24471827886595576,70.03890922991523,48.04977842929543,4.792536269500925,218.39494444437048,2410.8645344285733,12629.488179187512,1807.6171608766538,1694.553386150622,9127.317632160237,2378.745460146955,10250.742719040556,18.81200415178681,11,1,0,0,10,31.405525741782828,31.405525741782828,31.405525741782828,1.0,0.11889485164343416,0.0,0.8811051483565658,1,0,0.0,0.0,0.0,0.11889485164343416,1.0,0.0,0.0,0.8811051483565658,1.0,0.8811051483565658,17,2,2022,10,11,2,0,0,2,1,0,1,GRAVE_LESIONADOS,1
6,1,9,0,4,1,-12.042605344940139,-75.74224223211895,0,4,5,0,2,1,1,1,1082.004182432674,2.0,2,0,1.0,4,16,196.8092086934504,0.6073930868498324,79.58173090689402,62.62688418340507,8.758655092825167,1270.0831183217074,4076.971250063373,12370.85119201461,1820.9740064531263,1277.116056386969,9272.761129174514,1818.7202133045619,10552.130978710047,14.659176683406088,4,1,0,0,3,34.71669155052043,34.71669155052043,34.71669155052043,1.0,0.0,0.0,0.2566616898959144,1,0,0.2566616898959144,0.7433383101040856,0.0,0.2566616898959144,0.0,0.0,1.0,0.0,0.7433383101040856,0.2566616898959144,9,1,2022,1,13,2,0,0,2,1,0,1,GRAVE_LESIONADOS,1
4,1,16,0,4,1,-9.48814036606569,-76.5365608606836,0,4,2,0,4,1,1,0,6582.7994106214155,2.0,3,2,1.0,11,32,1368.1323754382036,0.5044374687577732,76.25714367622321,58.45273927808834,7.092198218897635,840.6797260530468,31596.202674426502,4862.17093463855,767.4999871651395,875.578813917239,3219.092133556171,1049.8326440301264,3812.338290608423,22.707591930966718,4,1,0,0,3,30.90172115754534,28.663137270200554,33.14030504489012,1.0,0.4070152522445061,0.0,0.4070152522445061,1,0,0.0,0.4070152522445061,0.0,1.0,0.0,0.0,1.0,1.0,0.5929847477554939,0.5929847477554939,18,2,2022,6,19,4,0,1,0,1,0,1,GRAVE_LESIONADOS,1
9,1,7,0,4,2,-12.535920677292477,-73.30865155977409,0,4,4,0,1,2,2,2,6161.002512830806,2.0,4,3,0.9359941790017777,13,31,1130.0898239208861,0.4376257599293497,75.71473339778906,59.6241241164958,6.264448819256611,605.103827769911,29747.73780020093,17779.13499998999,2097.3709999899997,2863.123,12818.640999999989,2878.713,14900.421999989989,16.19152450331032,5,1,0,0,4,42.783889401033775,42.783889401033775,42.783889401033775,1.0,0.0,0.0,0.06400582099822227,1,0,0.0,0.9359941790017777,0.0,0.06400582099822227,0.0,0.0,1.0,0.0,0.06400582099822227,0.0,13,2,2021,8,7,0,0,0,2,1,0,1,GRAVE_LESIONADOS,1
5,1,7,1,4,2,-5.2856171863379435,-78.87000402452105,1,4,1,0,6,2,2,0,6543.555,2.0,4,4,1.0,14,33,1198.0,0.36461162844805695,74.01672449597446,34.93889795606665,5.59205086046373,555.8913728521011,2703.6676352331033,2972.015414745524,827.885206819727,489.2443159647246,1654.8858919610732,729.0213438518576,2242.994070893667,25.225946173279677,4,1,0,0,3,29.896897486170182,29.896897486170182,29.896897486170182,1.0,0.32187749846335356,0.32187749846335356,0.32187749846335356,1,0,0.0,0.0,0.6781225015366464,0.32187749846335356,0.32187749846335356,0.32187749846335356,0.6781225015366464,0.32187749846335356,0.32187749846335356,0.0,13,1,2022,8,9,6,1,0,0,1,0,1,GRAVE_LESIONADOS,1
3,1,14,0,4,1,-8.8122191423466,-77.16370830892082,0,1,7,1,2,2,2,1,797.4973176218389,1.4144298124670365,1,2,0.0,9,32,137.6845615002637,0.4903110076152684,73.61865091860099,60.828685821606435,7.660629374149235,757.0909715383898,43104.877482241354,10897.465792069666,1808.2075379260673,911.360812377257,8177.897441766341,1847.9562153050435,9049.509576764622,17.82060230821378,5,2,0,0,3,42.29278509376648,33.558727937137405,51.02684225039556,1.0,0.4144298124670366,0.0,0.0,2,0,0.0,0.5855701875329634,0.4144298124670366,1.0,0.4144298124670366,0.5855701875329634,0.5855701875329634,0.0,0.4144298124670366,0.0,11,1,2022,6,25,2,0,1,1,1,0,1,GRAVE_LESIONADOS,1
6,1,3,0,4,0,-16.588534968034367,-71.68807882622023,4,4,0,0,2,1,0,0,6610.039888422661,2.0,2,1,1.0,10,31,1486.2252993224636,0.6201080218237437,78.11666132038356,74.16316119157077,8.695359361049967,1145.4179711878378,7949.402310889564,10322.272,1495.236,1749.739,7077.2970000000005,2886.595,7435.677000000001,27.964725207783708,5,1,0,0,3,45.79068417810831,39.58487629795957,51.99649205825704,1.0,0.0,0.0,0.6895342089054152,1,0,0.0,0.0,0.0,1.0,0.0,1.0,0.6895342089054152,0.0,0.0,0.0,7,1,2023,10,19,4,0,0,0,1,0,1,GRAVE_LESIONADOS,1
4,1,13,0,4,1,-10.27812414115202,-77.40301120232013,0,4,4,1,1,2,2,1,1094.0449606175268,-0.31204072736725963,0,1,0.6560203636836298,9,20,204.34143417586264,0.4488850072026808,79.04456195530332,53.623745149337694,5.44196050865729,880.0254346024781,20141.47977012281,8075.383574905568,1563.762410753894,1714.969739474985,4796.651424676689,1610.0124239176046,6465.371150987964,20.307434729832806,6,1,0,0,4,55.32801018184181,50.40785745421459,60.24816290946904,1.0,0.3439796363163702,0.0,0.6560203636836298,1,0,0.0,0.3439796363163702,0.0,0.6560203636836298,0.0,0.6560203636836298,0.3439796363163702,0.0,0.3439796363163702,0.0,5,0,2021,9,4,4,0,0,0,1,0,1,GRAVE_LESIONADOS,1
3,2,15,0,4,1,-14.74571582557459,-71.49914681637803,0,4,6,1,2,1,0,2,1739.0088130077702,2.0,2,0,1.0,6,22,383.6604504468273,0.28101773525720736,77.75292637189995,56.085836473493536,5.117480728073501,209.38738936221895,2121.2155280501947,13375.15233517425,1960.9729733013994,2193.284106068915,9220.895255803936,3084.2943273150063,10290.858007859244,22.992179201292295,5,2,0,0,2,35.90446435931206,29.881617828888608,40.0,1.0,0.0,0.0,0.0,2,0,0.0,0.0,0.0,0.7227415836508139,0.0,1.0,0.7227415836508139,0.7227415836508139,0.7227415836508139,0.0,16,1,2021,3,27,4,0,1,2,1,0,1,GRAVE_LESIONADOS,1
3,1,3,0,4,1,-15.854539039462598,-71.1167638710371,0,4,6,0,2,2,2,0,1505.826364823429,2.0,2,0,1.0,7,25,241.50414175392868,0.45058686095471767,81.62112904967657,58.91329535792535,5.787824048478232,623.1229525311304,1357.240497035041,10322.272,1495.236,1749.739,7077.2970000000005,2886.595,7435.677000000001,27.964725207783708,8,2,0,0,6,34.47678294554276,25.00331672206532,43.950249169020196,1.0,0.0,0.0,0.9966832779346797,2,0,0.0,0.0,0.9966832779346797,1.0,0.0,0.003316722065320299,0.9966832779346797,0.0,0.0,0.0,3,0,2024,9,2,2,0,0,0,1,0,1,GRAVE_LESIONADOS,1
6,1,16,0,4,2,-14.46393150512162,-72.27831072547583,0,4,5,0,7,2,2,3,6543.555,2.0,4,4,1.0,14,33,1198.0,0.24647182722983638,72.40605957677909,55.0277034096345,5.987682983384154,184.69168922908173,1286.3125293707667,2962.8717138947372,761.3705648382225,511.6980783936756,1689.803070662839,1037.5231166131343,1925.348597281603,36.29539426581673,4,1,0,0,3,35.25869254297766,35.25869254297766,35.25869254297766,1.0,0.0,0.0,0.7507902311797877,1,0,0.0,0.7507902311797877,0.24920976882021229,0.0,0.0,0.0,1.0,0.0,0.0,0.0,11,2,2023,2,10,3,0,0,0,1,0,1,GRAVE_LESIONADOS,1
4,1,8,0,4,1,-8.402510668521602,-78.58816809363167,1,4,7,1,2,1,1,0,6543.555,2.6447199773818175,2,1,1.0,4,31,1376.5874337347634,0.5258428528616911,77.18887366593907,65.924369948064,7.579695387796102,844.6701799486634,15658.829998901054,9584.058171122915,1530.8067798680804,1682.5752605073103,6370.676130747524,1532.3227794473876,8051.735391675527,15.731364556082246,9,1,0,0,7,38.0397603845091,34.84224018094546,41.23728058807274,1.0,0.0,0.0,0.0,1,0,0.0,0.35528002261818237,0.6447199773818176,0.35528002261818237,0.0,0.35528002261818237,1.0,0.0,0.0,0.0,14,3,2021,9,8,1,0,0,0,1,0,1,GRAVE_LESIONADOS,1
4,1,8,0,4,1,-12.220633061068447,-75.66159611161392,0,4,0,1,2,0,1,3,1161.2926735286585,2.0,2,1,1.0,5,17,212.4910532718717,0.5611378853067357,79.40256212498207,59.96880757396809,8.136514120047824,1130.6931135941072,4050.359020636445,12411.701706745725,1818.8643545315388,1343.0483500438982,9249.789002170286,1907.1736083351707,10504.528098410554,15.315096555993584,6,2,0,0,4,33.901196605513064,28.421158572877275,39.381234638148854,1.0,0.0,0.0,1.0,2,0,0.3552896432193188,0.0,0.0,1.0,0.0,0.6447103567806812,1.0,0.0,0.0,0.3552896432193188,6,1,2022,3,16,5,1,0,2,1,0,1,GRAVE_LESIONADOS,1
3,2,22,0,4,1,-4.096896358258236,-80.31956293334183,0,4,1,1,2,2,2,2,6548.29508714713,2.9508391708449517,2,0,1.0,0,30,1481.9316769108618,0.569351256746608,77.07635201802844,66.4447999323453,8.70864855452737,957.3829431689618,24103.957885073647,1142.4428665669864,165.98990600803026,309.9569174513733,666.4960431075829,317.57545278485804,824.8674137821283,27.555008824004197,6,2,0,0,4,36.70503502506971,36.45923087929447,36.95083917084495,1.0,0.9508391708449518,0.0,0.0,2,0,0.0,0.04916082915504816,0.9508391708449518,0.9508391708449518,0.9508391708449518,1.0,0.04916082915504816,0.04916082915504816,1.0,0.9508391708449518,3,0,2023,2,24,5,0,0,0,1,0,1,GRAVE_LESIONADOS,1
5,1,12,0,4,1,-8.458774595590251,-78.72514402518638,0,4,7,1,2,2,2,1,6543.555,3.0,2,0,1.0,0,30,1475.0,0.5051395598219868,77.13285387085847,51.52067479184955,6.715328807318118,900.900383457586,67612.41755888652,8931.828000000005,1335.5899999999997,1935.9830000000004,5660.255000000005,1219.309,7712.519000000005,13.651281686122925,4,1,0,0,3,22.885120967001935,22.403739388457023,23.366502545546847,1.0,0.03105687603515561,0.0,0.0,1,0,0.0,1.0,0.03105687603515561,0.0,0.03105687603515561,0.0,1.0,0.0,0.03105687603515561,0.03105687603515561,21,1,2023,3,11,4,0,0,0,1,1,1,GRAVE_LESIONADOS,1
8,1,7,0,4,1,-12.621861936537886,-73.12647196689811,0,4,5,0,3,2,2,2,6543.555,2.0,4,4,1.0,14,33,1198.0,0.49689811760992797,76.62382898554121,68.20524385361529,7.673532605670809,708.3334013183768,30061.100501228128,17779.13499998999,2097.3709999899997,2863.123,12818.640999999989,2878.713,14900.421999989989,16.19152450331032,5,1,0,0,4,39.98763129903919,39.98763129903919,39.98763129903919,1.0,0.4458187445512012,0.0,0.0,1,0,0.0,0.5541812554487988,0.0,0.0,0.0,0.0,0.5541812554487988,0.4458187445512012,0.4458187445512012,0.0,14,3,2021,5,7,0,0,0,2,1,0,1,GRAVE_LESIONADOS,1
5,1,9,0,4,1,-12.61736399543848,-75.89897910471805,0,4,0,0,2,2,2,0,1468.3813299747608,1.2379672789609488,1,2,0.0,9,16,371.84999539528616,0.29439602141235044,71.09914412812157,49.28381493053483,6.133806903893772,297.03719310397264,1343.9432003312327,8300.798067817037,1502.031592065495,1911.0843430731818,4887.68213267836,1864.1815651821107,6436.616502634925,22.491011902396895,4,1,0,0,3,28.66308381090657,24.617640068570438,32.7085275532427,1.0,0.0,0.0,0.23796727896094894,1,0,0.0,0.0,0.23796727896094894,0.7620327210390511,0.0,0.7620327210390511,0.23796727896094894,0.0,0.0,0.0,7,1,2023,5,8,4,0,0,1,1,0,1,GRAVE_LESIONADOS,1
6,1,5,0,4,2,-7.069677573780654,-78.283441858808,0,4,0,0,1,2,2,0,6543.555,2.0,4,4,1.0,14,33,1198.0,0.25878195053607705,73.91492480797622,43.22145030134619,3.4358541802581044,276.10640817574614,9315.465836905487,15935.565011852366,1733.9250000199986,935.692,13265.948011832368,2000.1670000199988,13935.398011832369,12.551591352627522,7,1,0,0,6,41.8364127139947,39.985929475770114,43.22427514266313,0.5373791904438551,0.5373791904438551,0.0,0.0,1,0,0.0,1.0,0.0,0.0,0.0,0.0,1.0,0.5373791904438551,1.0,0.5373791904438551,18,2,2021,3,15,3,0,0,2,1,0,1,GRAVE_LESIONADOS,1
6,1,5,0,4,2,-7.2537699670102604,-77.98708106276935,0,4,5,0,1,2,2,1,6543.555,2.0,4,4,1.0,14,33,1198.0,0.247404098197022,78.13859847380283,32.67217119972653,3.1966739001520565,276.7396787730949,7991.788268535326,15935.565011852366,1733.9250000199986,935.692,13265.948011832368,2000.1670000199988,13935.398011832369,12.551591352627522,4,1,0,0,3,21.955289568365313,21.955289568365313,21.955289568365313,1.0,0.15921492806088544,0.0,1.0,1,0,0.0,0.15921492806088544,0.8407850719391146,0.0,0.15921492806088544,0.0,0.8407850719391146,0.15921492806088544,0.15921492806088544,0.15921492806088544,7,1,2024,6,7,0,0,0,2,1,0,1,GRAVE_LESIONADOS,1
5,1,13,1,4,0,-12.306213331436899,-76.83515148486562,0,2,7,1,2,2,2,0,6636.752013679152,2.0,2,0,1.0,9,31,1602.0277091670334,0.5995630404313559,77.06337263074234,66.97062739994767,9.318857329337876,1063.2041998960228,19098.962180331062,7669.9518403511975,1671.776817245247,1610.344398999106,4387.830624106845,1794.9672933918023,5874.984546959396,23.458387196682107,6,2,0,0,3,46.79944080144067,32.133706132372886,73.06405707338979,1.0,0.0,0.0,0.0,2,0,0.0,1.0,0.0,0.0,0.0,0.03342653309322163,1.0,0.0,0.03342653309322163,0.9665734669067784,6,1,2022,10,1,1,0,0,0,1,0,1,GRAVE_LESIONADOS,1
3,1,14,1,2,4,-12.166923780825972,-76.93088158082136,0,1,1,0,1,2,2,0,6543.555,2.0,4,4,1.0,14,33,1198.0,0.689811994580126,79.88015655965044,73.89553442371854,9.755251380104111,1409.8432274455126,452660.364025696,7626.313,1683.4029999999998,1599.0829999999996,4343.827000000001,1814.875,5811.438000000001,23.797541485643197,4,1,0,0,2,46.19795016577744,36.69923131216654,55.69666901938834,1.0,1.0,0.0,0.3667520764259401,1,0,0.0,0.3667520764259401,0.0,0.6332479235740599,0.0,0.6332479235740599,0.3667520764259401,0.3667520764259401,0.3667520764259401,0.6332479235740599,13,3,2022,4,15,3,0,0,0,1,0,1,GRAVE_LESIONADOS,1
3,2,6,0,4,1,-11.889189562465756,-73.80422068628283,0,4,0,0,1,1,1,2,404.6354708646085,2.0,2,0,0.23707039117417805,8,5,107.69836425279904,0.36773872318030926,74.27685383105528,57.60101444480819,5.860205438561327,457.5264301096581,5769.283301777552,17342.079141745227,2011.2087146064214,2406.186178868763,12924.684248270043,2670.435756120232,14671.643385624997,15.32860412743009,5,2,0,0,3,35.40732402206456,33.34050726178075,37.47414078234836,1.0,0.762929608825822,0.0,0.0,2,0,0.0,1.0,0.0,0.23707039117417805,0.0,1.0,1.0,0.0,0.762929608825822,0.0,19,1,2021,5,7,3,0,0,2,1,0,1,GRAVE_LESIONADOS,1
4,1,10,1,4,1,-13.943881712489093,-75.86258635512236,0,2,7,1,2,2,2,2,6639.975,2.0,2,0,1.0,9,31,1616.0,0.6053164595604621,78.88848309050202,67.63954639531094,9.133324993872453,1064.9426147896202,27932.19700214133,3721.461,698.1859999999996,744.866,2278.409,1102.9029999999996,2618.558,29.636290693359403,8,1,0,0,6,38.01272835670705,31.974543286585902,44.050913426828195,1.0,0.44727296815712203,0.552727031842878,1.0,1,0,0.0,0.0,0.0,0.44727296815712203,0.44727296815712203,0.0,1.0,0.0,0.0,0.0,4,0,2021,4,12,3,0,0,0,1,0,1,GRAVE_LESIONADOS,1
3,2,14,0,4,1,-11.533040781235844,-77.19811512256256,0,4,6,1,2,2,2,2,828.6119893478756,-0.7828708204176326,0,0,0.9276236068058775,9,15,199.86612314524376,0.6074049529039695,78.88152976492648,64.16226506888022,7.2268639999033235,1277.9082444037915,21249.395292708497,7626.313,1683.4029999999998,1599.0829999999996,4343.827000000001,1814.875,5811.438000000001,23.797541485643197,5,2,0,0,3,54.12484852931167,46.045837383758695,62.20385967486465,1.0,0.0,0.0,1.0,2,0,0.0,0.07237639319412248,0.0,0.9276236068058775,0.0,1.0,0.07237639319412248,0.0,0.0,0.0,7,1,2021,11,5,5,0,0,0,1,0,1,GRAVE_LESIONADOS,1
4,1,12,0,4,1,-6.332185553422597,-79.56785443462768,0,4,7,1,2,2,2,0,1272.0683200755338,1.9541316415710726,1,0,0.9541316415710726,1,20,166.89881046645883,0.4777919326738075,75.18226725112417,59.89821940289578,6.551744408848227,755.0321634582156,44044.97645467201,3471.6979601859402,523.4615972689388,692.2570895470543,2255.979273369947,721.681610873561,2750.016349312379,20.756859304759296,5,2,0,0,3,27.756827914077302,26.724789849426436,28.788865978728168,1.0,0.04586835842892745,0.0,0.04586835842892745,2,0,0.9541316415710726,0.0,0.0,0.04586835842892745,1.0,0.0,0.0,0.9541316415710726,0.04586835842892745,0.9541316415710726,14,2,2021,8,26,0,0,0,0,1,0,1,GRAVE_LESIONADOS,1
5,1,4,0,4,0,-13.070525262532326,-74.27433104871291,0,3,1,1,2,1,0,2,7353.969923805084,2.0,2,0,1.0,10,11,1198.0,0.49404910382813594,77.98184198488838,69.85286345051455,7.15843466420644,719.706593857662,26888.85430501725,8195.401144363324,1371.9656995695623,1365.2937501462625,5458.141694647499,1518.009428245501,6677.391716117823,18.62591738263772,6,1,0,0,5,19.460458716575094,17.562787807485527,21.358129625664663,1.0,0.7767445989306391,0.0,0.22325540106936093,1,0,0.0,0.0,0.0,0.22325540106936093,1.0,0.22325540106936093,0.0,0.0,0.7767445989306391,0.0,2,0,2021,8,20,0,0,1,1,1,0,1,GRAVE_LESIONADOS,1
3,1,14,1,5,3,-11.679998590441656,-77.13287184467058,0,3,7,1,2,2,2,0,6136.573993398823,2.0,3,3,1.0,12,31,1117.5885476255103,0.6318247013447318,77.76759384678446,69.33667892912132,8.997354825318903,1236.5338842577198,139769.6806425581,7730.384298587809,1691.095229461807,1524.3363207916752,4514.952748334327,1845.9231436881564,5884.461154899654,23.867604402539527,8,1,0,0,6,32.39846004129548,31.47615226581189,33.32076781677906,1.0,0.9223077754835848,0.0,0.07769222451641522,1,0,0.0,0.0,1.0,0.0,0.9223077754835848,0.0,1.0,0.9223077754835848,0.9223077754835848,0.9223077754835848,5,0,2021,11,8,0,0,0,0,1,0,1,GRAVE_LESIONADOS,1
5,1,11,1,4,2,-10.542444535859815,-74.80787386371864,0,3,4,1,1,2,2,2,6543.555,2.0,4,4,1.0,14,33,1198.0,0.400217920515022,76.92644950472624,62.33528916677475,6.202090299054904,466.1439906162781,51698.82849742265,14958.884677230344,1856.0941551063738,1539.7894984329055,11563.001023691064,2559.7416280168522,12399.143049213491,17.55194248384761,5,1,0,0,4,49.814290480586905,49.814290480586905,49.814290480586905,1.0,0.5741068449633182,0.0,0.5741068449633182,1,0,0.0,0.0,0.5741068449633182,0.4258931550366818,0.0,0.0,1.0,0.5741068449633182,0.5741068449633182,0.5741068449633182,11,1,2023,4,23,3,0,1,2,1,0,1,GRAVE_LESIONADOS,1
5,1,21,0,4,1,-17.937597178801713,-70.34111614901136,0,4,0,0,2,1,0,2,1131.2365628485686,1.0,1,3,0.0,9,32,177.04226240562429,0.603693496238506,77.76546467866672,75.56698318682163,10.053026267353552,965.5515827006293,34507.97945439884,2666.074046462453,631.6503091915403,491.08860806611517,1543.3351292047969,1069.197089118538,1596.8769573439145,40.1650231559643,5,1,0,0,3,34.13752073407543,33.81181373231783,34.46322773583302,1.0,0.014475866744781962,0.0,0.014475866744781962,1,0,0.0,0.0,0.985524133255218,0.014475866744781962,0.014475866744781962,0.0,0.985524133255218,0.0,0.014475866744781962,0.0,13,2,2021,6,8,2,0,0,0,1,0,1,GRAVE_LESIONADOS,1
3,2,17,0,4,1,-12.95885765095128,-74.56969407819236,0,4,3,0,2,1,1,1,6596.977309333234,2.4459416165397894,2,0,1.0,4,30,1553.1222320678896,0.6329835815052857,75.78942180804648,71.65923426344769,10.71283550436419,1149.1751024360183,76603.09966182837,3011.3918348330576,579.1172437702182,577.6048671143076,1854.6697239485316,905.7785682220374,2105.6132666110198,31.405444357082743,5,2,0,0,3,32.885145958650526,25.89188323307958,39.878408684221476,1.0,1.0,0.0,0.5540583834602107,2,0,0.0,0.0,0.44594161653978925,1.0,0.44594161653978925,1.0,0.5540583834602107,0.0,0.44594161653978925,0.44594161653978925,5,0,2021,4,11,1,0,0,0,1,0,1,GRAVE_LESIONADOS,1
6,1,12,0,4,1,-8.420231644786993,-78.68419057933711,0,4,7,1,1,2,2,2,6778.265167861691,2.9308328641758075,2,0,1.0,0,30,1637.8886048659733,0.49777662474473383,76.8455224403182,52.014090772637346,6.6385832749456775,875.088013234172,67747.42366199291,8931.828000000005,1335.5899999999997,1935.9830000000004,5660.255000000005,1219.309,7712.519000000005,13.651281686122925,4,1,0,0,3,23.729178395604812,23.729178395604812,23.729178395604812,1.0,0.0,0.0,0.0,1,0,0.0,0.9308328641758075,0.0,0.06916713582419254,0.0,0.0,1.0,0.0,0.0,0.0,21,2,2023,3,12,5,1,0,0,1,0,1,GRAVE_LESIONADOS,1
3,2,3,0,4,1,-16.056125969479677,-71.35112457366115,0,4,1,0,2,0,1,0,1504.4250000000002,2.0,2,0,1.0,7,25,241.0,0.4685280505645348,81.83746865987648,70.74305753660312,6.037751599761188,617.4715908037651,1751.8736616702354,10322.272,1495.236,1749.739,7077.2970000000005,2886.595,7435.677000000001,27.964725207783708,5,2,0,0,3,58.390345731768434,50.8823222487271,65.89836921480976,1.0,0.0,0.0,0.005348988694222845,2,0,0.0,1.0,0.0,1.0,0.0,1.0,1.0,0.0,0.0,0.0,6,1,2021,8,8,5,1,0,0,1,0,1,GRAVE_LESIONADOS,1
5,1,14,2,2,4,-12.06732542311526,-76.98802597555773,0,1,1,0,1,2,2,0,6543.555,2.0,4,4,1.0,14,33,1198.0,0.7124498374104719,80.16744512172502,75.97586899842081,10.175074141388043,1485.2323211528646,384469.37403441424,7626.313,1683.4029999999998,1599.0829999999996,4343.827000000001,1814.875,5811.438000000001,23.797541485643197,5,1,0,0,3,35.11179104635675,31.489432837085403,37.9859104494472,0.2517611938190999,0.0,0.0,0.0,1,0,0.0,0.0,0.2517611938190999,1.0,0.2517611938190999,0.2517611938190999,0.7482388061809001,0.2517611938190999,0.2517611938190999,0.2517611938190999,6,0,2023,10,14,2,0,0,0,1,0,1,GRAVE_LESIONADOS,1
6,1,6,0,4,2,-12.168817188562617,-73.62087288343336,0,3,6,0,3,2,2,0,6543.555,2.0,4,4,1.0,14,33,1198.0,0.43292316761320354,75.42165287138941,59.33835430138892,6.219707385665178,591.0223432783654,29415.228917548688,17600.402093680244,2062.135147660405,2676.2598233600347,12862.007122659803,2793.5385390825413,14806.863554597701,15.838635361601119,4,1,0,0,3,20.19389869379497,20.19389869379497,20.19389869379497,1.0,0.9030506531025154,0.0,1.0,1,0,0.0,0.9030506531025154,0.0,0.09694934689748458,0.0,0.0,1.0,0.09694934689748458,0.09694934689748458,0.09694934689748458,12,2,2024,2,14,5,0,0,2,1,0,1,GRAVE_LESIONADOS,1
6,1,13,0,4,1,-11.445789195180787,-76.95888984787145,0,4,6,1,2,2,2,0,1355.3071558055735,1.860279433021046,1,0,0.0,9,20,619.3373207908488,0.5645718888375041,74.15772335399208,62.50635316034246,7.459199006431752,1203.6682834793367,25007.622845886955,7749.981490200443,1650.1481078533388,1656.2892108998938,4443.544171447211,1823.9154795658062,5926.066010634638,23.557986084535173,5,1,0,0,4,21.89021984426339,21.89021984426339,21.89021984426339,1.0,0.8602794330210459,0.0,0.8602794330210459,1,0,0.0,0.0,0.0,1.0,0.0,0.13972056697895407,0.8602794330210459,0.0,0.0,0.0,16,3,2021,3,7,0,0,0,0,1,0,1,GRAVE_LESIONADOS,1