CLASE SINIESTRO,CANTIDAD DE VEHICULOS DAÑADOS,DEPARTAMENTO,ZONA,TIPO DE VÍA,RED VIAL,COORDENADAS LATITUD,COORDENADAS  LONGITUD,CONDICIÓN CLIMÁTICA,ZONIFICACIÓN,CARACTERÍSTICAS DE VÍA,PERFIL LONGITUDINAL VÍA,SUPERFICIE DE CALZADA,¿EXISTE SEÑAL VERTICAL?,¿EXISTE SEÑAL HORIZONTAL?,CAUSA FACTOR PRINCIPAL,MTC_RVN_LONGITUD_KM,MTC_RVN_N_CARRILES_MEDIANA,MTC_RVN_SUPERFICIE_DOMINANTE,MTC_RVN_ESTADO_DOMINANTE,MTC_RVN_ES_CONCESIONADA,MTC_RVN_CONCESION_PRINCIPAL,MTC_RVN_CORREDOR_LOGISTICO,MTC_RVN_N_TRAMOS,IDH_2019,IDH_ESP_VIDA_2019,IDH_EDUC_SECUND_PCT_2019,IDH_ANIOS_EDUC_2019,IDH_INGRESO_PERCAP_2019,IDH_POBLACION_2019,MTC_DEP_RED_TOTAL_KM,MTC_DEP_NACIONAL_TOTAL_KM,MTC_DEP_DEPARTAMENTAL_TOTAL_KM,MTC_DEP_VECINAL_TOTAL_KM,MTC_DEP_PAV_TOTAL_KM,MTC_DEP_NO_PAV_TOTAL_KM,MTC_DEP_PCT_PAVIMENTADA,PER_TOTAL_PERSONAS,PER_N_CONDUCTORES,PER_N_CONDUCTORES_FUGADOS,PER_N_PEATONES,PER_N_PASAJEROS_OCUPANTES,PER_EDAD_COND_PROM,PER_EDAD_COND_MIN,PER_EDAD_COND_MAX,PER_ANY_COND_MASCULINO,PER_ANY_LIC_PROBLEMA,PER_ANY_DOSAJE_POS,PER_ANY_DOSAJE_EVALUADO,VEH_TOTAL,VEH_N_FUGADOS,VEH_ANY_FUGADO,VEH_ANY_CARGA,VEH_ANY_PUBLICO,VEH_ANY_PARTICULAR,VEH_ANY_MOTO,VEH_ANY_AUTO,VEH_ANY_CAMION_BUS,VEH_ANY_SOAT_PROBLEMA,VEH_ANY_CITV_PROBLEMA,VEH_ANY_SEGURO_PROBLEMA,HORA_NUM,FRANJA_HORARIA,ANIO,MES,DIA_MES,DIA_SEMANA,ES_FIN_SEMANA,ES_QUINCENA,REGION_NATURAL,TIENE_SEÑALIZACION,ES_VIA_MULTICARRIL,ES_DEPTO_BAJO_PAVIMENTO,CATEGORIA_SEVERIDAD,CATEGORIA_SEVERIDAD_ENC
3,1,11,0,4,1,-10.955358231619519,-74.82962903982819,5,4,6,1,5,2,2,0,5768.608,2.0,3,1,0.0,9,32,365.0,0.4504704361939795,78.21109613042135,53.36127577481231,6.956854509393587,612.1696439943328,61517.46466809421,12264.545,1826.4639999999995,1105.5389999999998,9332.542,1588.5359999999996,10676.009,12.952261987705208,6,2,0,0,4,29.634139479446574,28.538013627714424,30.730265331178728,1.0,0.0,0.0,0.0,2,0,0.0,0.09612585173215149,1.0,0.9038741482678485,0.0,0.9038741482678485,1.0,0.0,0.9038741482678485,0.0,1,0,2022,4,10,1,0,0,2,1,0,1,GRAVE_LESIONADOS,1
6,1,3,0,4,0,-16.43872454853845,-71.79535378376386,0,2,7,1,1,2,2,0,6599.03770921513,2.0,2,1,1.0,11,31,1438.5286501962705,0.6469710279458746,78.1780693060716,76.87207831106424,9.256403134413913,1225.6441663866383,3377.538754148939,10322.272,1495.236,1749.739,7077.2970000000005,2886.595,7435.677000000001,27.964725207783708,18,1,0,0,16,33.09487128623147,33.09487128623147,33.09487128623147,0.5754273928140444,0.0,0.0,0.5754273928140444,1,0,0.0,0.0,0.5754273928140444,0.0,0.0,0.0,1.0,0.0,0.0,0.0,6,1,2024,11,12,5,1,0,0,1,0,1,GRAVE_LESIONADOS,1
5,1,1,0,4,0,-10.064637126629485,-76.82699724174611,0,4,0,0,3,0,0,1,6543.555,2.0,4,4,1.0,14,33,1198.0,0.34867812943678356,75.82827302133637,47.44679370609937,5.094035499028159,416.37408580896647,8291.78856691116,10738.110176497861,1859.209246941084,1257.6734102476328,7621.227519309147,2152.4880926951673,8585.622083802697,20.067040303229636,5,1,0,0,4,57.14300937172219,57.01036718398805,57.275651559456314,1.0,0.0,0.0,0.0,1,0,0.0,0.0,0.0,0.06632109386706486,0.0,0.06632109386706486,1.0,0.0,0.9336789061329351,0.0,4,0,2022,2,8,1,0,0,0,1,0,1,GRAVE_LESIONADOS,1
6,1,4,0,4,1,-13.432968398199117,-73.90926239454723,0,4,3,0,1,2,2,2,6543.555,2.0,4,4,1.0,14,33,1198.0,0.3102759616900338,76.86359327774618,51.71455674704188,5.517761136096781,314.2004865503465,6424.393142812922,12678.733000000004,1805.074000000001,1774.0339999999994,9099.625000000004,2485.375000000001,10193.358000000002,19.602707936195205,5,1,0,0,4,36.84773120380878,36.84773120380878,36.84773120380878,1.0,0.5423865601904387,0.0,0.5423865601904387,1,0,0.0,0.5423865601904387,0.0,0.45761343980956126,0.0,0.0,1.0,1.0,0.45761343980956126,0.45761343980956126,9,1,2023,6,22,4,0,1,2,1,0,1,GRAVE_LESIONADOS,1
6,1,1,0,4,1,-9.935338089448658,-77.38433772712288,3,4,6,1,4,2,2,0,9936.932,2.0,2,0,1.0,9,32,3830.0,0.4654799331603382,71.10800342011737,71.6956954286478,8.000201643545543,613.215156662713,3873.366167023554,10767.648,1885.0630000000003,1222.721,7659.864000000001,2100.343,8667.305000000002,19.506051832303577,12,1,0,0,11,24.25289182650441,24.25289182650441,24.25289182650441,1.0,0.0,0.0,0.47254353627826784,1,0,0.0,0.0,0.47254353627826784,0.5274564637217322,0.0,0.0,1.0,0.0,0.0,0.0,11,1,2021,5,13,2,0,0,0,1,0,1,GRAVE_LESIONADOS,1
3,1,5,1,2,3,-14.775661146479365,-73.330784086934,0,3,0,1,2,1,1,0,6543.555,2.0,4,4,1.0,14,33,1198.0,0.5876866536277091,76.20132533627921,68.58510564421917,8.466381185476184,1074.3226179904113,74835.73864837148,10130.844863868193,1535.7640341571937,1592.7018997452576,7002.378929965741,2791.745547160676,7339.099316707517,27.503894403343647,5,2,0,0,3,32.42337835489796,25.717747763401356,39.12900894639458,1.0,1.0,0.0,1.0,2,0,0.0,0.8588738817006781,0.8588738817006781,0.0,1.0,0.0,0.8588738817006781,0.14112611829932187,1.0,0.0,9,1,2024,3,6,5,1,0,0,1,0,1,GRAVE_LESIONADOS,1
5,1,12,0,4,1,-8.963112649700989,-78.62505977219817,0,4,7,1,2,2,2,0,6543.555,2.9992104889067814,2,0,1.0,0,30,1474.7813054271785,0.4868569492657743,77.58178835454251,52.959225303652595,6.151998790026269,840.7045532885215,9838.428470691733,8931.828000000005,1335.5899999999997,1935.9830000000004,5660.255000000005,1219.309,7712.519000000005,13.651281686122925,4,1,0,0,2,41.98578880032206,41.98578880032206,41.98578880032206,1.0,0.0007895110932187865,0.0,0.0,1,0,0.0,0.0,0.0,1.0,0.0,1.0,0.0,0.0,0.0007895110932187865,0.0,6,1,2021,3,20,5,1,1,0,1,0,1,GRAVE_LESIONADOS,1
5,1,18,0,4,1,-15.113948453364898,-71.32975892457017,0,3,1,1,2,0,1,1,7388.8130433990955,2.0,2,0,1.0,9,10,1198.0,0.6484004445708477,71.16268817686698,79.99195144641689,11.241664189493962,1239.619350511502,144030.0159846895,12500.115785924692,1956.724823255341,2210.7663132759085,8332.624649393443,3029.418390823509,9470.697395101184,24.198486332126674,4,1,0,0,3,26.139159455527235,25.949299546272695,26.32901936478177,1.0,0.18985990925453877,0.0,0.0,1,0,0.0,0.0,0.18985990925453877,0.0,0.18985990925453877,0.0,1.0,0.18985990925453877,1.0,0.18985990925453877,5,0,2021,5,12,1,0,0,1,1,0,1,GRAVE_LESIONADOS,1
3,2,3,0,4,1,-16.188445387734266,-71.64786716041023,0,4,0,0,2,1,1,1,1504.4250000000002,2.0,2,0,1.0,7,25,241.0,0.6005060748875158,78.21704200773246,77.40211893847457,8.994742794352394,996.014120858737,33335.45824411135,10322.272,1495.236,1749.739,7077.2970000000005,2886.595,7435.677000000001,27.964725207783708,5,2,0,0,3,48.386978059096336,42.336083303261475,54.43787281493119,1.0,0.0,0.0,0.9124254370137618,2,0,0.0,1.0,0.0,0.0,0.0,0.0,1.0,0.0,0.0,0.0,17,2,2021,3,24,3,0,0,0,1,0,1,GRAVE_LESIONADOS,1
3,2,11,0,4,1,-11.200171018882738,-77.5127752791802,0,2,7,1,2,1,1,0,385.0044104332535,0.09845054379402818,2,3,0.0,9,22,89.32848679672924,0.5650119032013837,77.8100906185485,65.76748334455398,9.15633377180854,949.0096545598751,9366.31830418897,3625.6138670503456,631.1351142060871,724.6772113054283,2269.80154153883,956.608427376061,2669.0054396742844,26.22878876091143,5,2,0,0,3,46.02157327798558,43.60619782482389,48.43694873114727,1.0,0.0,0.0,0.633849818735324,2,0,0.0,0.366150181264676,0.0,1.0,0.0,0.633849818735324,0.366150181264676,0.366150181264676,0.366150181264676,0.366150181264676,14,3,2022,3,18,6,1,0,0,1,0,1,GRAVE_LESIONADOS,1
3,2,13,0,4,1,-10.798884914666129,-77.26637136227329,0,4,0,0,2,2,2,2,1352.8825321415302,2.0,2,0,0.08538354548480853,8,19,646.9406398000845,0.6044021160096169,75.8739348911177,63.29903006014259,7.7318934341393355,1302.5516157975512,24855.99648309745,7737.7824993836,1653.705492894292,1627.8487164738317,4456.228290015477,1764.0234633497944,5973.759036033806,22.931217850550176,7,2,0,0,5,36.32923290903038,21.341534181939235,51.31693163612153,1.0,0.0,0.0,0.9146164545151915,2,0,0.0,1.0,0.0,0.08538354548480853,0.0,1.0,1.0,0.0,0.08538354548480853,0.0,16,3,2022,4,12,2,0,0,0,1,0,1,GRAVE_LESIONADOS,1
5,1,10,0,4,1,-9.791685687673759,-76.92580644680967,0,4,7,1,2,1,1,2,6543.555,2.0,4,4,1.0,14,33,1198.0,0.4814998651653817,77.54599363622778,50.212778930685964,7.14482862488625,772.3246371113108,13421.582815856367,9221.946800739666,1368.9004433280907,1897.1228330857216,5955.923524325854,1567.1914136822677,7654.7553870573975,16.637809060802596,4,1,0,0,3,34.49617704209883,30.49617704209883,37.704828955257256,0.208651913158431,0.0,0.0,0.208651913158431,1,0,0.0,0.208651913158431,0.791348086841569,0.208651913158431,0.791348086841569,0.208651913158431,0.208651913158431,0.791348086841569,0.0,0.791348086841569,19,2,2023,2,17,4,0,1,0,1,0,1,GRAVE_LESIONADOS,1
6,1,4,1,4,1,-13.458506729214962,-74.24864207120184,0,3,4,0,2,1,0,4,3043.0770306594286,1.3347271637630893,2,1,0.3347271637630892,7,17,776.2811992194894,0.22045651336417482,74.2449310988454,41.220760821427305,3.1789527138421994,285.3773320354064,3567.27527975344,12678.733000000004,1805.074000000001,1774.0339999999994,9099.625000000004,2485.375000000001,10193.358000000002,19.602707936195205,17,1,0,0,16,51.669454327526175,51.669454327526175,51.669454327526175,1.0,0.0,0.0,1.0,1,0,0.0,0.0,0.3347271637630892,0.0,0.0,0.0,1.0,0.0,0.6652728362369108,0.0,10,1,2023,7,24,1,0,0,2,1,0,1,GRAVE_LESIONADOS,1
3,1,8,0,4,1,-9.34516384559942,-75.98085002385464,0,4,6,0,4,2,2,1,7662.732621759533,2.0,2,0,1.0,9,21,2059.4168307784785,0.5276157530729179,75.88883109777068,67.66629506137183,8.169312470685492,852.4486299602305,27858.703990818176,8232.853009940474,1342.2855512122205,887.7168878091769,6002.850570919075,1124.3697972986793,7108.483212641793,13.6326854862491,4,1,0,0,2,22.84260284658498,21.92130142329249,23.76390426987747,1.0,1.0,0.0,0.0,1,0,0.0,0.0,0.0,1.0,0.9213014232924905,0.07869857670750946,0.0,0.0,0.0,0.0,20,2,2021,1,28,5,1,0,2,1,0,1,GRAVE_LESIONADOS,1
4,1,12,0,4,2,-12.057526512327756,-76.94580309554006,1,4,0,0,2,2,2,1,6543.555,2.0,4,4,1.0,14,33,1198.0,0.6771556294435381,79.3784665508047,72.63497061939394,12.210930732950217,1210.76178145992,63339.9604791687,6079.035480924591,1293.0158315462613,1260.6039077035339,3525.4157416747958,1532.7597572683528,4546.275723656238,26.111115825622957,7,1,0,0,5,38.77322530483345,33.03755143837613,44.50889917129078,1.0,0.0,0.0,1.0,1,0,0.0,0.0,0.603755143837613,0.396244856162387,0.0,0.396244856162387,0.603755143837613,0.0,0.0,0.0,6,0,2023,9,8,1,0,0,0,1,0,1,GRAVE_LESIONADOS,1
3,1,9,0,4,1,-12.119483739738344,-75.30016507293195,0,4,0,0,2,2,2,2,7415.865166806918,2.0,2,0,1.0,9,9,1198.0,0.49721241049830855,74.38016674325524,60.898467112642976,8.157163081898885,782.2915389162308,1039.3421112347773,12332.443551638165,1822.9575004888106,1215.126535798611,9294.359515350743,1735.556360687949,10596.887190950216,14.042481037147429,5,1,0,0,3,35.68854623237438,18.967180651438433,52.40991181331032,1.0,0.0,0.0,1.0,1,0,0.0,0.16393172095320274,0.0,0.8360682790467973,0.8360682790467973,0.8360682790467973,0.16393172095320274,0.0,0.8360682790467973,0.0,12,2,2022,2,20,5,0,1,2,1,0,1,GRAVE_LESIONADOS,1
5,1,5,0,4,1,-6.359626932407089,-78.93280395031937,1,4,7,1,2,2,2,1,9936.932,2.0,2,0,1.0,9,32,3830.0,0.3078790115452044,73.8084837755104,47.60989408044698,4.1840718594223505,357.8729624474705,6331.484222641177,15935.565011852366,1733.9250000199986,935.692,13265.948011832368,2000.1670000199988,13935.398011832369,12.551591352627522,9,1,0,0,8,39.05618575793929,35.88762848412142,44.33711454763573,1.0,0.264046439484822,0.0,1.0,1,0,0.0,0.264046439484822,0.735953560515178,0.264046439484822,0.0,0.264046439484822,1.0,0.0,0.0,0.0,12,2,2023,10,4,1,0,0,2,1,0,1,GRAVE_LESIONADOS,1
3,1,3,0,4,1,-15.911029534848726,-71.18164597828513,0,4,4,0,2,1,1,0,1504.4250000000002,2.0,2,0,1.0,7,25,241.0,0.45545713232752627,81.69484631401954,62.431460539589935,5.853929402591514,619.6984810968979,1477.075012811104,10322.272,1495.236,1749.739,7077.2970000000005,2886.595,7435.677000000001,27.964725207783708,6,2,0,0,4,35.102462589587816,27.108619063557356,43.096306115618276,1.0,0.0,0.0,0.6987687052060918,2,0,0.0,0.3012312947939082,0.6987687052060918,1.0,0.0,0.3012312947939082,1.0,0.0,0.0,0.0,3,0,2024,8,2,2,0,0,0,1,0,1,GRAVE_LESIONADOS,1
3,1,17,2,3,4,-14.173651495003773,-73.18747047517076,0,1,7,1,2,0,1,1,6543.555,2.0,4,4,1.0,14,33,1198.0,0.6476948597900977,73.30870350427239,76.91961295926325,10.579000532066695,1252.993360920748,142999.42050222892,10854.552691031247,1864.4419950135239,2004.2410330581927,6985.869662959531,2619.346857593277,8235.20583343797,24.063113591078075,9,2,0,0,7,34.21965394717212,32.14643596478142,36.29287192956283,1.0,0.46339100880464623,0.0,0.0,2,0,0.0,0.0,1.0,0.5366089911953538,0.46339100880464623,0.5366089911953538,1.0,0.46339100880464623,0.46339100880464623,0.46339100880464623,10,1,2021,9,9,3,0,0,1,1,0,1,GRAVE_LESIONADOS,1
4,1,14,2,3,2,-12.072439968574727,-77.01841601688858,0,0,7,1,2,1,0,3,6601.352092862304,2.0,2,1,1.0,11,31,1448.5619665675458,0.7844148790790628,80.4986324471936,78.92625761205286,12.428350330066719,1711.0373821094581,361463.3803920533,7626.313,1683.4029999999998,1599.0829999999996,4343.827000000001,1814.875,5811.438000000001,23.797541485643197,9,1,0,4,2,30.599430542027623,30.599430542027623,30.599430542027623,1.0,0.0,0.0,0.0,1,0,0.0,0.0,0.4005694579723783,1.0,0.4005694579723783,1.0,0.0,0.0,0.4005694579723783,0.0,6,1,2023,3,19,3,0,1,0,1,0,1,GRAVE_LESIONADOS,1
5,1,7,0,4,1,-14.360526832541822,-71.82055093786646,0,4,5,0,2,1,1,2,2065.783390563448,1.0,1,3,0.0,9,28,596.0182412024024,0.46302960085396744,66.84404036094153,70.21963675125416,6.950010619251783,734.6694027565565,9444.634912855894,17779.13499998999,2097.3709999899997,2863.123,12818.640999999989,2878.713,14900.421999989989,16.19152450331032,5,1,0,0,4,45.287265893337604,44.602172250672645,45.972359536002564,1.0,0.0,0.0,0.0,1,0,0.0,0.0,0.17127341066623958,1.0,0.0,1.0,0.17127341066623958,0.0,0.0,0.0,7,1,2023,3,21,4,0,0,2,1,0,1,GRAVE_LESIONADOS,1
7,1,6,0,4,1,-11.4270628641224,-74.43860223334082,1,4,5,0,3,1,1,1,6543.555,2.0,4,4,1.0,14,33,1198.0,0.3948801428197303,76.41562061748174,52.6613593381727,5.497948965361495,523.3644255636495,28584.555834347968,17302.826236323668,2003.4702986230502,2365.14772237598,12934.208215324636,2651.7299390004036,14651.096297323264,15.251103434413876,4,1,0,0,3,28.26758980423613,28.26758980423613,28.26758980423613,1.0,0.7416378186176209,0.0,0.7416378186176209,1,0,0.0,0.7416378186176209,0.2583621813823791,0.0,0.0,0.2583621813823791,0.7416378186176209,0.0,0.0,0.0,11,2,2024,4,16,4,0,1,2,1,0,1,GRAVE_LESIONADOS,1
7,1,10,1,4,1,-14.209683535537234,-75.76011863221395,0,4,7,1,2,2,2,4,6639.975,2.0,2,0,1.0,9,31,1616.0,0.6198130125104229,80.00187110199687,73.85830688939183,9.278648190064944,1062.194771210397,30364.012582931908,3721.461,698.1859999999996,744.866,2278.409,1102.9029999999996,2618.558,29.636290693359403,5,1,0,0,4,25.026403406368146,25.026403406368146,25.026403406368146,1.0,0.6973596593631854,0.0,1.0,1,0,0.0,0.0,0.0,1.0,0.0,0.0,1.0,0.6973596593631854,0.6973596593631854,0.0,11,2,2021,3,23,3,0,1,0,1,0,1,GRAVE_LESIONADOS,1
3,1,12,0,4,1,-11.11280857134734,-76.58436017002238,3,4,2,0,3,2,2,1,6281.911085723808,2.0,3,2,0.6623718599127535,12,32,916.7557593073236,0.6374342447154556,78.2097329777492,68.56512812071706,11.385514710260406,1137.7618326774077,61847.82511534724,9192.31064345315,1731.7044193490212,1432.4486572287797,6028.1575668753485,1738.4565844007925,7453.854059052357,20.135869940028048,7,2,0,0,5,40.25387940838594,33.623718599127535,46.88404021764434,1.0,0.0,0.0,0.6623718599127535,2,0,0.0,0.0,1.0,0.3376281400872465,0.0,0.3376281400872465,1.0,0.0,0.3376281400872465,0.0,4,0,2022,7,12,1,0,0,0,1,0,1,GRAVE_LESIONADOS,1
6,1,6,0,4,0,-11.962050661690931,-73.5974870585109,0,3,5,0,6,2,2,1,6543.555,2.0,4,4,1.0,14,33,1198.0,0.5617519275953233,75.83266797819387,77.844016571072,9.273202549176885,841.2355770072433,30525.365674392586,17487.329118089758,2039.8436583502635,2558.0433413074556,12889.442118432038,2739.6540589434335,14747.675059146324,15.615384779878463,4,1,0,0,3,32.94232034090814,32.94232034090814,32.94232034090814,1.0,0.8417169493006263,0.0,0.15828305069937365,1,0,0.0,0.0,0.0,0.15828305069937365,0.0,0.0,0.15828305069937365,1.0,1.0,0.15828305069937365,14,2,2021,3,7,0,0,0,2,1,0,1,GRAVE_LESIONADOS,1
3,1,20,0,4,1,-16.09612939853812,-69.53460193766296,0,4,0,0,2,2,2,2,4632.884250301199,1.6881176592063503,2,3,0.6881176592063503,12,32,840.5828374504774,0.4020198374784472,77.80062735845667,75.295761294875,7.279851651626652,372.63390314535104,50686.62526766595,13642.312999999998,2020.7790000000005,2354.117,9267.416999999998,3314.0520000000006,10328.260999999997,24.29244952817019,5,1,0,0,4,55.72523542166668,54.0098825473016,57.44058829603175,1.0,0.0,0.0,0.31188234079364974,1,0,0.0,0.0,0.31188234079364974,1.0,0.0,0.31188234079364974,1.0,0.31188234079364974,0.0,0.0,17,2,2022,6,27,0,0,1,2,1,0,1,GRAVE_LESIONADOS,1
3,1,11,2,3,4,-8.016174971479026,-78.77096108319402,0,2,1,0,2,2,2,0,6543.555,2.0,4,4,1.0,14,33,1198.0,0.5831491855411779,80.44074288125088,74.12740677868138,9.823543686513933,858.0992567275763,97034.49262915917,4339.392032895691,640.7086160789214,825.6087672478905,2873.0746495688795,983.2203280827123,3356.1717048129785,21.308676167420657,6,1,0,0,4,32.89731650967323,32.02550458248369,33.76912843686277,1.0,0.12818807281046174,0.0,0.8718119271895383,1,0,0.0,0.8718119271895383,0.0,1.0,1.0,0.0,0.8718119271895383,0.12818807281046174,1.0,0.8718119271895383,9,1,2022,8,24,3,0,1,0,1,0,1,GRAVE_LESIONADOS,1
7,1,6,0,4,0,-10.347951732935545,-75.04984475508655,0,3,4,0,4,2,2,1,6543.555,2.0,4,4,1.0,14,33,1198.0,0.5303049466082334,73.5228788425466,74.04143737750735,8.666220972823252,795.5266880252514,30044.985757681272,16994.960529207274,1942.7768828594194,2043.2777030378493,13008.905943310006,2505.0177516364975,14489.942777570777,14.643255291678923,6,1,0,0,5,29.470365548490214,29.470365548490214,29.470365548490214,1.0,0.5746435037300164,0.0,0.4253564962699836,1,0,0.0,0.0,0.0,0.4253564962699836,0.0,0.0,0.4253564962699836,1.0,1.0,0.4253564962699836,13,2,2021,4,6,0,0,0,2,1,0,1,GRAVE_LESIONADOS,1
5,1,12,0,4,1,-7.876355126842194,-78.09437315936174,0,4,7,1,1,2,2,2,9936.932,2.0,2,0,1.0,9,32,3830.0,0.3986882084754764,72.97869269132666,58.65435142755623,5.605762371496486,527.7120199980477,69564.29978586723,8931.828000000005,1335.5899999999997,1935.9830000000004,5660.255000000005,1219.309,7712.519000000005,13.651281686122925,6,1,0,0,5,44.03352711513348,43.044702820177974,45.02235141008899,1.0,0.0,0.0,0.0,1,0,0.0,0.24720607373887682,0.0,0.7527939262611232,0.0,0.0,1.0,0.0,0.24720607373887682,0.0,14,2,2023,9,21,4,0,0,0,1,0,1,GRAVE_LESIONADOS,1
5,1,3,0,4,0,-15.691864289038788,-71.59298070430313,5,4,0,0,2,0,1,0,6543.555,2.0,4,4,1.0,14,33,1198.0,0.5649362269939818,77.38255516262952,62.90799914166011,8.553205457677265,965.713524953966,7715.586723768736,10322.272,1495.236,1749.739,7077.2970000000005,2886.595,7435.677000000001,27.964725207783708,6,1,0,0,4,31.748375249428182,31.245125748284547,32.251624750571814,1.0,0.0,0.0,0.0,1,0,0.0,0.0,0.0,1.0,0.0,1.0,0.25162475057181743,0.0,0.0,0.0,12,3,2021,10,10,2,0,0,0,1,0,1,GRAVE_LESIONADOS,1
3,1,3,0,4,0,-16.14363118724695,-73.34321412334769,0,2,7,1,1,2,2,0,6614.709584865447,2.0,2,1,1.0,10,31,1506.4693681161264,0.6594305740300346,83.06673965918061,65.64067236266013,9.489574246004441,1266.1957626094572,5155.825298681849,10322.272,1495.236,1749.739,7077.2970000000005,2886.595,7435.677000000001,27.964725207783708,5,1,0,0,3,41.47592999098625,41.47592999098625,41.47592999098625,0.7379649954931254,0.0,0.0,0.0,1,0,0.7379649954931254,0.0,0.0,0.7379649954931254,0.0,0.7379649954931254,0.26203500450687456,0.0,0.0,0.0,4,0,2021,3,27,5,1,1,0,1,0,1,GRAVE_LESIONADOS,1
3,1,14,2,5,4,-11.230478136321931,-76.43793456311833,0,2,7,1,2,2,2,0,6543.555,2.0,4,4,1.0,14,33,1198.0,0.6382465778632369,76.97277185397716,69.07135065688513,9.424542322699573,1253.0147989398583,141981.0015852357,6853.842083787929,1499.528767745448,1447.877974588265,3906.435341454217,1632.6414669884375,5221.200616799492,23.94317502162439,6,2,0,0,3,32.85309553313879,30.35484808081381,36.849590437788756,1.0,1.0,0.0,0.0,2,0,0.0,0.0,0.8817173063953962,0.11828269360460375,1.0,0.0,1.0,0.8817173063953962,1.0,1.0,5,0,2022,11,6,0,0,0,0,1,0,1,GRAVE_LESIONADOS,1
3,1,5,0,4,0,-13.498471237055748,-73.77685567418601,2,4,0,1,2,2,2,1,7474.033833930667,2.0,2,0,1.0,9,8,1198.0,0.3244285533925069,68.91790800003606,48.06685347227253,5.286507681401353,373.9534600784447,7086.731330364488,12782.97288069282,1828.4089212985375,1836.7872563066173,9117.776703087664,2575.021102672203,10207.951778020615,20.110043190172675,15,2,0,0,13,47.25593243117605,40.918202114066126,53.593662748285965,1.0,0.0,0.0,0.8918202114066128,2,0,0.0,0.8918202114066128,0.8918202114066128,0.10817978859338717,0.0,0.10817978859338717,1.0,0.10817978859338717,0.10817978859338717,0.0,18,2,2024,1,11,4,0,0,2,1,0,1,GRAVE_LESIONADOS,1
6,1,12,0,4,1,-8.349422987773089,-78.60870114934687,0,4,7,1,1,2,2,2,7210.154440926752,2.8035586847772143,2,0,1.0,1,30,1937.6192973496607,0.4842281163562354,76.3168049851038,52.92202361254183,6.4973641173382575,827.5907705137553,67995.84787071458,8931.828000000005,1335.5899999999997,1935.9830000000004,5660.255000000005,1219.309,7712.519000000005,13.651281686122925,4,1,0,0,3,26.911032880569646,26.911032880569646,26.911032880569646,1.0,0.0,0.0,0.0,1,0,0.0,0.8035586847772141,0.0,0.19644131522278585,0.0,0.0,1.0,0.0,0.0,0.0,21,2,2023,4,13,5,1,0,0,1,0,1,GRAVE_LESIONADOS,1
5,1,10,0,4,1,-14.558365759081253,-75.22752601998698,0,4,0,0,2,2,2,0,6639.975,2.0,2,0,1.0,9,31,1616.0,0.5805420769270012,80.22196503614443,79.52003208638469,8.825296328903258,871.1049338812919,981.7533472793427,3721.461,698.1859999999996,744.866,2278.409,1102.9029999999996,2618.558,29.636290693359403,13,1,0,0,11,49.62384730245752,47.47538649493048,51.77230810998455,1.0,0.0,0.0,0.0,1,0,0.0,0.6138459450077243,0.38615405499227573,0.6138459450077243,0.0,0.6138459450077243,1.0,0.0,0.0,0.0,12,1,2024,4,21,1,0,1,0,1,0,1,GRAVE_LESIONADOS,1
3,1,11,0,3,1,-11.354019935632287,-74.41429458474107,5,4,5,1,5,2,2,0,5836.584523297962,2.0,3,1,0.08771764171996432,9,32,438.0687955527303,0.4567946641794643,77.83080421397842,55.63041914489561,7.113755782785568,622.3882824563393,61862.00372550299,12385.399559797232,1843.5088535508144,1215.0613176634295,9326.829388582986,1739.8941942700656,10645.505365527166,13.946996495416919,6,2,0,0,4,29.929788117839216,28.491199909239395,31.63152925159893,1.0,0.0,0.08771764171996432,0.08771764171996432,2,0,0.0,0.0,1.0,1.0,0.08771764171996432,1.0,0.9122823582800357,0.0,1.0,0.08771764171996432,2,0,2022,3,12,1,0,0,2,1,0,1,GRAVE_LESIONADOS,1
4,1,5,0,4,1,-7.305528024687389,-78.28362298171372,0,4,5,0,1,2,2,0,6543.555,2.0,4,4,1.0,14,33,1198.0,0.28506812340630067,76.8345601495862,41.17680585942396,3.6379407759076137,323.7451331893922,22854.855241871177,15935.565011852366,1733.9250000199986,935.692,13265.948011832368,2000.1670000199988,13935.398011832369,12.551591352627522,6,1,0,0,4,39.587305649402445,35.08462900398371,44.08998229482118,1.0,0.0,0.0,0.0,1,0,0.3915370996016292,0.0,0.0,1.0,0.3915370996016292,0.6084629003983708,0.0,0.3915370996016292,0.3915370996016292,0.3915370996016292,15,3,2022,7,14,6,1,0,2,1,0,1,GRAVE_LESIONADOS,1