CLASE SINIESTRO,CANTIDAD DE VEHICULOS DAÑADOS,DEPARTAMENTO,ZONA,TIPO DE VÍA,RED VIAL,COORDENADAS LATITUD,COORDENADAS  LONGITUD,CONDICIÓN CLIMÁTICA,ZONIFICACIÓN,CARACTERÍSTICAS DE VÍA,PERFIL LONGITUDINAL VÍA,SUPERFICIE DE CALZADA,¿EXISTE SEÑAL VERTICAL?,¿EXISTE SEÑAL HORIZONTAL?,CAUSA FACTOR PRINCIPAL,MTC_RVN_LONGITUD_KM,MTC_RVN_N_CARRILES_MEDIANA,MTC_RVN_SUPERFICIE_DOMINANTE,MTC_RVN_ESTADO_DOMINANTE,MTC_RVN_ES_CONCESIONADA,MTC_RVN_CONCESION_PRINCIPAL,MTC_RVN_CORREDOR_LOGISTICO,MTC_RVN_N_TRAMOS,IDH_2019,IDH_ESP_VIDA_2019,IDH_EDUC_SECUND_PCT_2019,IDH_ANIOS_EDUC_2019,IDH_INGRESO_PERCAP_2019,IDH_POBLACION_2019,MTC_DEP_RED_TOTAL_KM,MTC_DEP_NACIONAL_TOTAL_KM,MTC_DEP_DEPARTAMENTAL_TOTAL_KM,MTC_DEP_VECINAL_TOTAL_KM,MTC_DEP_PAV_TOTAL_KM,MTC_DEP_NO_PAV_TOTAL_KM,MTC_DEP_PCT_PAVIMENTADA,PER_TOTAL_PERSONAS,PER_N_CONDUCTORES,PER_N_CONDUCTORES_FUGADOS,PER_N_PEATONES,PER_N_PASAJEROS_OCUPANTES,PER_EDAD_COND_PROM,PER_EDAD_COND_MIN,PER_EDAD_COND_MAX,PER_ANY_COND_MASCULINO,PER_ANY_LIC_PROBLEMA,PER_ANY_DOSAJE_POS,PER_ANY_DOSAJE_EVALUADO,VEH_TOTAL,VEH_N_FUGADOS,VEH_ANY_FUGADO,VEH_ANY_CARGA,VEH_ANY_PUBLICO,VEH_ANY_PARTICULAR,VEH_ANY_MOTO,VEH_ANY_AUTO,VEH_ANY_CAMION_BUS,VEH_ANY_SOAT_PROBLEMA,VEH_ANY_CITV_PROBLEMA,VEH_ANY_SEGURO_PROBLEMA,HORA_NUM,FRANJA_HORARIA,ANIO,MES,DIA_MES,DIA_SEMANA,ES_FIN_SEMANA,ES_QUINCENA,REGION_NATURAL,TIENE_SEÑALIZACION,ES_VIA_MULTICARRIL,ES_DEPTO_BAJO_PAVIMENTO,CATEGORIA_SEVERIDAD,CATEGORIA_SEVERIDAD_ENC
6,1,8,0,4,1,-8.372656883461886,-77.96039449373626,0,4,7,0,1,1,1,2,9936.932,2.0,2,0,1.0,9,32,3830.0,0.457282693551715,73.36365484343027,63.0666750226472,6.941443771032331,670.2754865098145,68050.55318941211,9458.117702546977,1493.1119693257474,1731.5062834275368,6233.499449793694,1471.882303370576,7986.235399176402,15.329717065797578,5,1,0,0,4,43.846539024513994,43.846539024513994,43.846539024513994,1.0,0.0,0.0,0.0,1,0,0.0,0.0,0.0,1.0,0.0,0.28667827049872774,0.7133217295012723,0.0,0.0,0.0,12,2,2023,10,21,4,0,0,0,1,0,1,GRAVE_LESIONADOS,1
4,1,12,0,4,0,-7.389357163945189,-79.16393957620735,0,4,7,1,2,2,2,0,6543.555,2.6594232468499164,2,1,1.0,4,31,1380.660239377427,0.46703072020972586,77.18972143969349,57.87129295558322,6.149960281426704,731.8865290786127,25380.288086475954,8931.828000000005,1335.5899999999997,1935.9830000000004,5660.255000000005,1219.309,7712.519000000005,13.651281686122925,7,1,0,0,5,41.31884649369983,32.086921037801005,50.55077194959866,1.0,1.0,0.0,0.0,1,0,0.0,0.34057675315008373,0.6594232468499163,0.6594232468499163,0.6594232468499163,0.0,1.0,0.0,0.0,0.6594232468499163,10,0,2023,4,18,3,0,1,0,1,0,1,GRAVE_LESIONADOS,1
4,1,10,0,4,1,-9.68244986151947,-76.656777613692,0,4,4,0,5,2,2,0,1557.01185695506,1.375299330593392,2,1,0.37529933059339204,9,28,276.2685584967903,0.24653392140911468,78.81849213072658,30.476347606505087,4.230988050839056,225.0263061206656,3430.5656250256916,8774.05141081988,1376.7989923971459,1963.2045863459307,5434.0478320768025,1467.1078890108988,7306.94352180898,16.815703436774754,7,1,0,0,5,41.503591967120705,38.12589799178018,44.88128594246123,1.0,0.0,0.0,0.37529933059339204,1,0,0.0,0.37529933059339204,0.0,1.0,0.0,0.0,1.0,0.0,0.624700669406608,0.0,14,3,2023,4,4,3,0,0,0,1,0,1,GRAVE_LESIONADOS,1
5,1,10,2,4,1,-13.392066911959107,-76.13162873517774,0,2,1,1,2,2,2,0,6570.797590074333,2.0,3,2,1.0,12,32,1316.1020810109014,0.5961724556776323,80.99695651312828,68.04797758106501,10.131407114670099,920.8811658981042,65715.26231163878,3721.461,698.1859999999996,744.866,2278.409,1102.9029999999996,2618.558,29.636290693359403,6,1,0,0,5,32.74499756113635,29.26032690929955,36.041307637198194,1.0,0.0,0.0,0.7174591363375564,1,0,0.0,0.0,0.0,1.0,0.0,1.0,0.0,0.0,0.2825408636624436,0.0,10,0,2023,8,2,1,0,0,0,1,0,1,GRAVE_LESIONADOS,1
3,1,18,1,4,1,-9.411824946027096,-74.18304490988533,3,4,6,1,4,2,2,0,4503.492383521103,2.378024949434402,2,0,1.0,3,22,909.6246790358714,0.588025405100024,74.95747389029279,62.127111130803634,8.599641754836101,1146.4879768735882,10365.372409361094,1681.6364024260756,300.78274327044676,320.1557889072222,1060.6978702484062,411.84853366525107,1269.787868760824,25.069044403253358,5,2,0,0,3,40.268149696606415,38.402224544909615,42.13407484830321,1.0,0.378024949434402,0.0,0.378024949434402,2,0,0.0,0.0,0.378024949434402,1.0,1.0,1.0,0.0,0.378024949434402,1.0,0.378024949434402,17,2,2023,6,8,4,0,0,0,1,0,1,GRAVE_LESIONADOS,1
3,0,11,0,4,1,-12.287587096660321,-74.80462245373899,6,0,7,1,2,1,1,0,417.1257561750055,2.0,0,2,0.10294614470028618,8,30,51.17845788011447,0.486796358316425,70.60024229012096,67.58274667957292,8.557861353562236,722.1935949182086,1288.251702885667,12406.380903891424,1846.4679801074358,1234.0752914575937,9325.837632326393,1766.1712198186588,10640.209684072765,14.1196905751743,7,2,0,0,5,48.83570399401204,46.63223867189342,50.76464626359657,1.0,0.0,0.0,0.0,2,0,0.0,0.0,0.0,1.0,0.0,1.0,1.0,0.10294614470028618,0.10294614470028618,0.0,11,1,2021,3,24,5,1,1,2,1,0,1,GRAVE_LESIONADOS,1
3,2,7,0,4,1,-13.372795385064874,-72.06218899753442,0,4,7,1,2,0,1,1,3396.039103003098,1.2809771795663991,2,2,0.280977179566399,7,13,956.4293914954453,0.4490935005465101,71.07842144067651,69.57744335077771,6.601788002123987,638.9270049207364,10352.486615707525,17779.13499998999,2097.3709999899997,2863.123,12818.640999999989,2878.713,14900.421999989989,16.19152450331032,13,2,0,0,11,36.7190228204336,33.8429315386992,39.595114102168004,1.0,0.0,0.0,0.280977179566399,2,0,0.0,0.0,0.719022820433601,1.0,0.0,1.0,1.0,0.0,0.280977179566399,0.0,16,2,2023,8,8,1,0,0,2,1,0,1,GRAVE_LESIONADOS,1
4,2,3,0,4,1,-16.048447056098933,-71.330952845278,0,4,3,0,2,0,1,0,1504.4250000000002,2.0,2,0,1.0,7,25,241.0,0.4685280505645348,81.83746865987648,70.74305753660312,6.037751599761188,617.4715908037651,1751.8736616702354,10322.272,1495.236,1749.739,7077.2970000000005,2886.595,7435.677000000001,27.964725207783708,4,2,0,0,2,39.271388382352,33.51166639037382,45.03111037433019,1.0,0.5038887967912735,0.0,0.5038887967912735,2,0,0.0,0.4961112032087265,0.0,1.0,0.0,1.0,0.4961112032087265,0.0,0.5038887967912735,0.0,7,0,2024,9,9,3,0,0,0,1,0,1,GRAVE_LESIONADOS,1
3,2,5,0,4,1,-7.227542539308962,-79.21085784342769,2,4,2,1,1,0,0,2,887.28,2.0,2,0,1.0,8,17,155.0,0.5563774842369664,73.07406660240972,65.2611721745993,7.77984257932775,1045.7361851012442,7379.728051391864,15935.565011852366,1733.9250000199986,935.692,13265.948011832368,2000.1670000199988,13935.398011832369,12.551591352627522,6,2,0,0,4,33.06314844851848,26.252593794073928,39.873703102963034,1.0,0.0,0.2912343676543454,0.2912343676543454,2,0,0.0,0.7087656323456546,0.0,1.0,0.0,1.0,0.7087656323456546,0.0,0.0,0.0,10,1,2021,4,23,5,0,1,2,0,0,1,GRAVE_LESIONADOS,1
6,1,16,0,4,2,-14.677501178014834,-71.31590465083309,0,4,5,0,7,2,2,1,6543.555,2.0,4,4,1.0,14,33,1198.0,0.3493873512875344,76.16390774661804,71.46217678827772,6.273063277669475,308.4475195567469,5262.633813619101,13402.43599837623,1967.0806369836912,2209.7090933052555,9225.646268087283,3107.7582267019025,10294.677771674325,23.12496872587744,4,1,0,0,3,35.49788704959374,35.49788704959374,35.49788704959374,0.7510564752031272,0.7510564752031272,0.0,1.0,1,0,0.0,0.0,0.0,1.0,0.0,0.0,1.0,0.0,0.0,0.0,12,3,2022,6,22,1,0,1,2,1,0,1,GRAVE_LESIONADOS,1
6,1,10,0,4,1,-10.361867290021067,-76.45860207238299,1,4,0,0,1,1,1,0,6543.555,2.324438228635066,3,2,1.0,9,32,1287.8693893319132,0.4058045039590766,77.12539965290027,51.13081374079789,4.8770087972636365,667.718921060012,19816.299515590814,8019.992568892288,1447.0070471551253,1053.8330409607338,5519.152480776428,1304.815053631133,6715.177515261154,16.44290860763406,5,1,0,0,4,40.0266853140948,40.0266853140948,40.0266853140948,1.0,0.0,0.0,0.3244382286350662,1,0,0.0,0.0,0.3244382286350662,0.6755617713649338,0.0,0.6755617713649338,0.3244382286350662,0.0,0.6755617713649338,0.0,13,1,2021,7,26,2,0,1,1,1,0,1,GRAVE_LESIONADOS,1
4,1,3,1,4,1,-16.49926801133828,-71.67594690808244,0,3,7,1,2,0,1,0,830.320276617217,1.3342153372601147,3,1,0.33421533726011465,8,29,137.83065524605797,0.6721893210803126,76.9247027281012,78.04946182310734,10.889458269665745,1259.3440598085583,22236.936417618148,10322.272,1495.236,1749.739,7077.2970000000005,2886.595,7435.677000000001,27.964725207783708,9,1,0,0,8,40.976185893976904,25.663138650959542,56.28923313699427,1.0,0.33421533726011465,0.0,0.33421533726011465,1,0,0.0,0.0,0.6657846627398853,0.33421533726011465,0.0,0.33421533726011465,0.6657846627398853,0.0,0.0,0.6657846627398853,14,3,2022,3,17,1,0,0,0,1,0,1,GRAVE_LESIONADOS,1
5,1,8,0,4,1,-13.355045402986406,-75.00944793829119,3,4,0,0,2,1,1,0,1672.9586977917884,2.0,2,2,0.9742575902527838,9,23,324.8593429331838,0.29630046353868184,72.96712422215965,46.659942678230166,5.029120973072901,286.8151288398126,3290.8604142319177,8488.641058481411,1451.5199509439344,1997.976207949968,5039.144899587508,1877.913363119716,6610.727695361694,22.127145545647483,6,1,0,0,5,50.0,49.56237903429732,50.43762096570268,1.0,0.0,0.0,0.0257424097472162,1,0,0.0,0.0,0.0257424097472162,0.9742575902527838,0.0,0.9742575902527838,0.0257424097472162,0.0,0.0,0.0,6,1,2021,3,6,5,0,0,1,1,0,1,GRAVE_LESIONADOS,1
6,1,12,0,4,0,-7.719734707605759,-77.616209646729,0,4,2,1,3,2,2,1,6543.555,2.0,4,4,1.0,14,33,1198.0,0.4686292122960986,72.39347765706144,42.14285241633188,6.687776775372348,878.2652317159998,9440.374732334049,8931.828000000005,1335.5899999999997,1935.9830000000004,5660.255000000005,1219.309,7712.519000000005,13.651281686122925,4,1,0,0,3,29.04628723698374,29.04628723698374,29.04628723698374,1.0,0.0,0.0,0.0,1,0,0.0,1.0,0.0,0.0,0.0,0.0,1.0,0.0,0.0,0.0,13,2,2021,7,2,2,0,0,0,1,0,1,GRAVE_LESIONADOS,1
6,1,8,1,4,1,-13.490622829649856,-75.30287688365303,0,4,1,0,2,0,1,0,1640.880257454011,1.8033045735180335,1,3,0.8033045735180335,9,22,306.1487058083115,0.48833748387785625,72.85264708155617,51.816795803927874,8.352526726654002,788.678515585152,1887.260583005635,8511.426,1445.3929999999996,2008.516,5057.516999999999,1879.579,6631.846999999998,22.08300935706896,4,1,0,0,3,36.60660914703607,36.60660914703607,36.60660914703607,1.0,0.19669542648196647,0.0,0.0,1,0,0.0,0.0,0.0,1.0,0.0,1.0,0.0,0.0,0.0,0.0,14,2,2021,4,13,4,0,0,2,1,0,1,GRAVE_LESIONADOS,1
3,2,18,1,4,1,-5.923152335241641,-77.42408067315961,0,0,7,1,2,2,2,0,7758.33400008,2.0,2,0,1.0,9,20,2133.0,0.4820999052636338,73.2468857825114,55.43798510502938,6.350175360046169,851.0327635965097,47860.817411830256,5466.291189692578,849.99913301278,926.2426719637106,3690.049384716087,1006.2358944807679,4460.05529521181,18.590612999024554,4,2,0,0,2,24.1675597776267,18.71891052975183,29.61620902550157,1.0,0.8972984957497385,0.0,0.0,2,0,0.0,0.0,0.8972984957497385,1.0,1.0,0.0,0.10270150425026148,0.8972984957497385,1.0,0.8972984957497385,4,0,2024,9,13,6,1,0,1,1,0,1,GRAVE_LESIONADOS,1
6,1,8,1,4,1,-13.373239035142362,-75.39357268087804,0,4,0,0,2,1,1,0,1584.7824090592594,1.5182183156359275,1,3,0.5182183156359275,9,20,293.31982420361675,0.4339539640218622,71.44831719380744,50.229397349533365,7.554962383582954,639.9653337154164,1633.9379400488428,8511.426,1445.3929999999996,2008.516,5057.516999999999,1879.579,6631.846999999998,22.08300935706896,4,1,0,0,3,29.773274734538912,29.773274734538912,29.773274734538912,1.0,0.0,0.0,0.0,1,0,0.0,0.0,0.0,1.0,0.0,1.0,0.0,0.0,0.0,0.0,11,2,2022,4,11,5,1,0,2,1,0,1,GRAVE_LESIONADOS,1
1,1,3,0,5,2,-16.461743352773112,-72.46643541895106,0,4,1,0,4,1,1,0,6587.474473453038,2.0,3,2,1.0,11,32,1388.399708601634,0.5760382829699617,80.84115450024345,70.89989211027407,8.722895737517232,925.8170384728851,8007.050939503234,10322.272,1495.236,1749.739,7077.2970000000005,2886.595,7435.677000000001,27.964725207783708,25,1,0,0,23,38.75404746613817,33.288027123507526,44.22006780876881,1.0,0.0,0.0,0.45550169521922024,1,0,0.0,1.0,0.45550169521922024,0.0,0.0,0.0,1.0,0.0,0.5444983047807798,0.0,6,0,2022,2,21,2,0,1,0,1,0,1,GRAVE_LESIONADOS,1
3,2,19,1,2,3,-15.336488875301974,-70.2809404160594,0,3,1,1,2,2,2,1,6519.66755421278,2.0,3,3,0.9691753813006297,13,32,1172.3230926234246,0.5203456169339258,74.00932376288819,78.43260518819466,8.690426553563336,725.073418350301,65324.21056082053,13599.843826743805,2014.7893142174323,2315.630059233578,9269.424453292795,3260.863627240338,10338.980199503465,23.94289257125601,7,2,0,0,4,49.321858388613855,43.475981482110704,58.075261439018895,1.0,0.0,0.9691753813006297,0.9691753813006297,2,0,0.0,0.0,1.0,1.0,0.9691753813006297,1.0,0.030824618699370254,0.0,1.0,0.9691753813006297,17,1,2022,2,12,4,0,0,2,1,0,1,GRAVE_LESIONADOS,1
6,1,5,0,4,1,-7.144917008705534,-78.32557086997137,0,4,4,0,1,1,1,0,6543.555,2.0,4,4,1.0,14,33,1198.0,0.2807222335528785,76.69325813986048,43.70074732291771,3.5758015877914584,306.7836116091225,21421.742549114373,15935.565011852366,1733.9250000199986,935.692,13265.948011832368,2000.1670000199988,13935.398011832369,12.551591352627522,6,1,0,0,5,40.57034361139003,40.57034361139003,40.57034361139003,1.0,0.0,0.0,0.0,1,0,0.0,0.0,0.12079566241461737,0.8792043375853826,0.0,1.0,0.0,0.0,0.0,0.0,14,2,2022,7,10,5,0,0,2,1,0,1,GRAVE_LESIONADOS,1
9,1,10,0,4,1,-13.93790313663058,-75.96852666870612,0,4,7,1,2,2,2,0,6639.975,2.0,2,0,1.0,9,31,1616.0,0.6046797530466599,78.86403566358022,67.65857925924486,9.124785569497513,1062.9903144711277,27932.19700214133,3721.461,698.1859999999996,744.866,2278.409,1102.9029999999996,2618.558,29.636290693359403,4,1,0,0,3,31.921938719444764,31.921938719444764,31.921938719444764,1.0,0.0,0.0,0.9869897865741273,1,0,0.0,0.0,0.0,1.0,0.0,0.0,1.0,0.0,0.0,0.0,2,0,2021,9,29,4,0,1,0,1,0,1,GRAVE_LESIONADOS,1
6,1,8,0,4,2,-12.934503286332625,-74.75192091750624,0,4,6,0,1,1,1,0,6543.555,2.0,4,4,1.0,14,33,1198.0,0.39703094971477104,69.41951363329463,60.54904727718882,5.993700811047136,534.832065947553,2452.931508382855,8511.426,1445.3929999999996,2008.516,5057.516999999999,1879.579,6631.846999999998,22.08300935706896,7,1,0,0,6,37.28175104273275,37.28175104273275,37.28175104273275,1.0,0.0,0.0,0.0,1,0,0.0,0.0,0.0,0.055249919789788215,0.0,0.055249919789788215,0.9447500802102118,0.0,0.0,0.0,12,2,2024,8,20,4,0,0,2,1,0,1,GRAVE_LESIONADOS,1
4,1,12,0,4,0,-14.008354316142565,-72.25766721778105,3,4,3,1,4,2,2,0,6543.555,2.0,4,4,1.0,14,33,1198.0,0.26346058213592843,74.99980925087917,51.94519252962841,5.763818837492205,191.3492140467764,7143.744435323008,13170.91400708913,1915.252609076736,2070.330970812266,9185.330427200128,2908.6497466859,10262.26426040323,21.998151739227673,4,1,0,0,3,31.618621264431003,29.064702507871456,34.17254002099055,1.0,0.0,0.0,0.0,1,0,0.0,0.0,0.0,1.0,0.0,0.5107837513119093,1.0,1.0,1.0,0.48921624868809066,13,1,2021,6,23,1,0,1,2,1,0,1,GRAVE_LESIONADOS,1
6,1,7,1,4,2,-9.897466745941829,-75.46284350040625,0,4,2,0,7,2,2,1,6543.555,2.0,4,4,1.0,14,33,1198.0,0.26116846513502767,72.94702130300188,36.273260713660505,5.036297516050996,284.07460929064945,1629.814384533124,3475.2333700318954,975.7941387137217,551.625703160973,1947.813528157201,986.3707664256276,2488.8626036062683,29.693124907524094,4,1,0,0,3,30.76127942932199,30.76127942932199,30.76127942932199,1.0,0.0,0.0,0.3419344935747266,1,0,0.0,0.3419344935747266,0.6580655064252734,0.0,0.0,0.0,1.0,0.0,0.0,0.0,10,1,2023,6,10,4,0,0,0,1,0,1,GRAVE_LESIONADOS,1
3,2,3,0,4,1,-16.282140298299595,-71.65373454388356,0,4,6,0,2,1,1,0,1504.4250000000002,2.0,2,0,1.0,7,25,241.0,0.6005060748875158,78.21704200773246,77.40211893847457,8.994742794352394,996.014120858737,33335.45824411135,10322.272,1495.236,1749.739,7077.2970000000005,2886.595,7435.677000000001,27.964725207783708,7,2,0,0,5,42.53047095610138,26.43984973798946,58.6210921742133,1.0,0.0,0.0,0.07578156515733991,2,0,0.0,1.0,0.0,0.0,0.0,0.0,1.0,0.0,0.0,0.0,15,2,2021,9,14,3,0,0,0,1,0,1,GRAVE_LESIONADOS,1
6,1,4,0,4,1,-13.596352220170235,-74.12645042726473,0,4,0,0,6,2,2,2,6543.555,2.0,4,4,1.0,14,33,1198.0,0.3964321091458456,75.63520718266506,57.95797693271544,6.030483625212537,477.7160859547931,6409.753563730772,12678.733000000004,1805.074000000001,1774.0339999999994,9099.625000000004,2485.375000000001,10193.358000000002,19.602707936195205,5,1,0,0,4,36.73169907578894,36.73169907578894,36.73169907578894,0.024390993110096737,0.0,0.0,0.9756090068899033,1,0,0.0,0.0,0.0,1.0,0.0,0.0,1.0,0.024390993110096737,0.024390993110096737,0.024390993110096737,14,2,2022,7,29,4,0,1,2,1,0,1,GRAVE_LESIONADOS,1
4,1,14,1,4,1,-12.000579809369018,-76.98345891471472,0,1,7,1,2,1,0,4,4314.681461470444,2.0,2,1,0.5814248948690871,9,27,1368.6221128676304,0.7381808960516901,79.80041914622714,76.8056671841638,11.508012246117573,1548.6282090141463,358553.3757225328,7626.313,1683.4029999999998,1599.0829999999996,4343.827000000001,1814.875,5811.438000000001,23.797541485643197,6,1,0,0,5,30.37213734230363,25.977098738429046,34.76717594617821,1.0,0.4185751051309129,0.0,0.0,1,0,0.0,0.0,0.4185751051309129,0.5814248948690871,0.4185751051309129,0.5814248948690871,0.4185751051309129,0.4185751051309129,0.4185751051309129,0.4185751051309129,4,0,2023,1,23,3,0,1,0,1,0,1,GRAVE_LESIONADOS,1
3,1,20,0,4,0,-15.302547119830937,-70.43674594920616,3,4,6,1,4,2,2,0,7014.1753484286655,2.0,3,2,1.0,11,20,1198.0,0.3068312052170079,68.34260350008998,65.29326685871808,6.810285292021277,242.94487634697987,7464.598733832032,13642.312999999998,2020.7790000000005,2354.117,9267.416999999998,3314.0520000000006,10328.260999999997,24.29244952817019,5,2,0,0,3,39.93193859075431,29.744662622496687,50.11921455901192,1.0,0.0,0.4510674755006624,0.4510674755006624,2,0,0.0,0.0,0.0,1.0,0.4510674755006624,1.0,0.5489325244993376,0.5489325244993376,1.0,0.4510674755006624,17,2,2021,5,22,2,0,1,2,1,0,1,GRAVE_LESIONADOS,1
3,1,19,0,4,1,-8.028850213651335,-78.11537587703644,0,4,5,1,2,2,2,2,6543.555,2.780679598788618,2,0,1.0,3,30,1414.248248864447,0.4676380124207631,73.39566009745523,61.68938886465503,7.457647123004045,692.0785805782236,49128.75990383918,9991.490618738631,1834.6907461223936,1013.5956666484896,7143.204205967748,2455.658089237612,7535.832529501019,24.61010246988344,5,1,0,0,3,51.97388361090244,51.97388361090244,51.97388361090244,1.0,0.0,0.0,0.7806795987886179,1,0,0.0,0.7806795987886179,0.0,0.21932040121138208,0.0,0.0,1.0,0.0,0.7806795987886179,0.0,7,0,2022,4,22,0,0,1,0,1,0,1,GRAVE_LESIONADOS,1
6,1,14,2,2,4,-11.958992702599256,-77.05169142359449,0,1,3,1,2,2,2,1,6543.555,2.0,4,4,1.0,14,33,1198.0,0.7186137944728673,79.92441380405552,75.65916323572993,10.501733882267422,1503.2900321457066,974068.5817051306,7626.313,1683.4029999999998,1599.0829999999996,4343.827000000001,1814.875,5811.438000000001,23.797541485643197,7,1,0,0,5,43.859986882151894,43.859986882151894,43.859986882151894,1.0,0.0,0.0,0.0,1,0,0.0,0.0,1.0,0.0,0.42888743135021057,0.0,0.5711125686497894,0.5711125686497894,1.0,0.5711125686497894,8,1,2023,10,19,3,0,1,0,1,0,1,GRAVE_LESIONADOS,1
6,1,8,0,4,2,-13.062961946400206,-74.98325138763309,4,4,3,0,1,1,1,0,6543.555,2.0,4,4,1.0,14,33,1198.0,0.3583322829027601,66.04166601098112,57.74642996413759,6.144241448000129,478.3094004773475,3155.622613017354,8511.426,1445.3929999999996,2008.516,5057.516999999999,1879.579,6631.846999999998,22.08300935706896,8,1,0,0,7,20.43415195839361,20.43415195839361,20.43415195839361,1.0,0.0,0.0,0.0,1,0,0.0,0.0,0.0,1.0,0.0,0.3477359940562298,0.6522640059437702,0.0,0.0,0.0,14,2,2021,8,8,2,0,0,2,1,0,1,GRAVE_LESIONADOS,1
3,2,12,0,4,1,-7.97821376714322,-78.18236712074116,0,4,7,1,2,2,2,1,9010.985279481605,2.2728688031180724,2,0,1.0,6,31,3187.3939686569393,0.4277354613077001,74.11223368034506,56.70779362213959,5.908528436819121,629.5434820728442,69031.69201876357,8931.828000000005,1335.5899999999997,1935.9830000000004,5660.255000000005,1219.309,7712.519000000005,13.651281686122925,7,2,0,0,5,39.22946644833012,32.09147521247229,46.367457684187954,1.0,0.2728688031180725,0.0,0.0,2,0,0.0,1.0,0.2728688031180725,0.0,0.2728688031180725,0.0,1.0,0.0,1.0,0.2728688031180725,3,0,2022,7,8,1,0,0,0,1,0,1,GRAVE_LESIONADOS,1
6,1,1,0,4,0,-9.134690808936286,-77.53873069298646,1,4,4,0,2,1,0,0,6543.555,2.0,4,4,1.0,14,33,1198.0,0.24626111160735492,84.99213165211926,51.896549210000146,3.409057213100298,186.85351817352463,2771.3218137300164,10767.648,1885.0630000000003,1222.721,7659.864000000001,2100.343,8667.305000000002,19.506051832303577,7,1,0,0,6,36.99713256517368,36.99713256517368,36.99713256517368,1.0,0.0,0.0,0.0,1,0,0.0,0.0007168587065797816,0.0,0.9992831412934202,0.0,0.0,1.0,0.0,0.0,0.0,18,1,2023,1,14,6,1,0,0,1,0,1,GRAVE_LESIONADOS,1
6,1,5,0,4,2,-6.699636494848147,-78.3309369245971,0,4,0,0,2,2,2,0,6543.555,2.0,4,4,1.0,14,33,1198.0,0.19948564621859716,72.49330954350609,38.327945689608555,3.3300918702654787,159.25654823507563,9263.7504670583,15935.565011852366,1733.9250000199986,935.692,13265.948011832368,2000.1670000199988,13935.398011832369,12.551591352627522,7,1,0,0,6,28.199784828270708,28.199784828270708,28.199784828270708,1.0,1.0,0.0,0.9368534300910153,1,0,0.0,1.0,0.0,0.0,0.9368534300910153,0.0,0.0631465699089847,1.0,1.0,1.0,10,1,2024,3,6,5,1,0,2,1,0,1,GRAVE_LESIONADOS,1
3,1,23,0,4,1,-3.9869626871655925,-80.89823622503741,5,4,1,1,2,2,2,2,6543.555,3.0,2,0,1.0,0,30,1475.0,0.5498854781573284,73.47238251685772,56.37668223892396,7.811054299696084,1077.2983564422937,6901.48280775964,1009.101,138.47399999999996,287.471,583.156,276.972,732.129,27.447401201663663,4,2,0,0,2,26.037295506445467,23.948608937427498,28.125982075463437,1.0,0.1645253723928124,0.0,1.0,2,0,0.0,0.0,0.1645253723928124,1.0,0.1645253723928124,1.0,0.0,0.1645253723928124,0.1645253723928124,0.1645253723928124,17,2,2022,2,22,5,1,0,0,1,1,1,GRAVE_LESIONADOS,1
3,1,12,0,4,2,-7.339624612711732,-79.24817156040028,0,4,7,1,1,2,2,1,6543.555,2.0,4,4,1.0,14,33,1198.0,0.4359878412536652,77.9818332097615,53.594904774982155,5.683890880541406,695.4639128986282,24592.473562852716,8931.828000000005,1335.5899999999997,1935.9830000000004,5660.255000000005,1219.309,7712.519000000005,13.651281686122925,4,1,0,0,2,35.0,27.335804342223593,42.66419565777641,1.0,0.2335804342223592,0.0,0.0,1,0,0.0,0.0,0.7664195657776408,0.2335804342223592,0.7664195657776408,0.0,0.2335804342223592,0.0,0.0,0.0,18,2,2021,4,9,3,0,0,0,1,0,1,GRAVE_LESIONADOS,1
3,1,19,0,4,2,-5.372465028875018,-80.74771641272292,4,4,6,1,4,2,2,0,6543.555,2.0,4,4,1.0,14,33,1198.0,0.4545583647389451,76.77842666345182,59.25579444650985,6.338342897892192,654.3262010522363,42150.362478101706,8965.846000060003,1782.4120000599992,636.9959999999999,6546.438000000004,2214.505000059999,6751.341000000004,24.699342371541725,4,1,0,0,3,37.131736722846924,31.46705764042919,42.79641580526466,1.0,1.0,0.0,0.26347344569384823,1,0,0.0,0.7365265543061518,0.26347344569384823,0.0,1.0,0.0,0.0,1.0,1.0,1.0,21,2,2022,5,13,6,1,0,0,1,0,1,GRAVE_LESIONADOS,1