CLASE SINIESTRO,CANTIDAD DE VEHICULOS DAÑADOS,DEPARTAMENTO,ZONA,TIPO DE VÍA,RED VIAL,COORDENADAS LATITUD,COORDENADAS  LONGITUD,CONDICIÓN CLIMÁTICA,ZONIFICACIÓN,CARACTERÍSTICAS DE VÍA,PERFIL LONGITUDINAL VÍA,SUPERFICIE DE CALZADA,¿EXISTE SEÑAL VERTICAL?,¿EXISTE SEÑAL HORIZONTAL?,CAUSA FACTOR PRINCIPAL,MTC_RVN_LONGITUD_KM,MTC_RVN_N_CARRILES_MEDIANA,MTC_RVN_SUPERFICIE_DOMINANTE,MTC_RVN_ESTADO_DOMINANTE,MTC_RVN_ES_CONCESIONADA,MTC_RVN_CONCESION_PRINCIPAL,MTC_RVN_CORREDOR_LOGISTICO,MTC_RVN_N_TRAMOS,IDH_2019,IDH_ESP_VIDA_2019,IDH_EDUC_SECUND_PCT_2019,IDH_ANIOS_EDUC_2019,IDH_INGRESO_PERCAP_2019,IDH_POBLACION_2019,MTC_DEP_RED_TOTAL_KM,MTC_DEP_NACIONAL_TOTAL_KM,MTC_DEP_DEPARTAMENTAL_TOTAL_KM,MTC_DEP_VECINAL_TOTAL_KM,MTC_DEP_PAV_TOTAL_KM,MTC_DEP_NO_PAV_TOTAL_KM,MTC_DEP_PCT_PAVIMENTADA,PER_TOTAL_PERSONAS,PER_N_CONDUCTORES,PER_N_CONDUCTORES_FUGADOS,PER_N_PEATONES,PER_N_PASAJEROS_OCUPANTES,PER_EDAD_COND_PROM,PER_EDAD_COND_MIN,PER_EDAD_COND_MAX,PER_ANY_COND_MASCULINO,PER_ANY_LIC_PROBLEMA,PER_ANY_DOSAJE_POS,PER_ANY_DOSAJE_EVALUADO,VEH_TOTAL,VEH_N_FUGADOS,VEH_ANY_FUGADO,VEH_ANY_CARGA,VEH_ANY_PUBLICO,VEH_ANY_PARTICULAR,VEH_ANY_MOTO,VEH_ANY_AUTO,VEH_ANY_CAMION_BUS,VEH_ANY_SOAT_PROBLEMA,VEH_ANY_CITV_PROBLEMA,VEH_ANY_SEGURO_PROBLEMA,HORA_NUM,FRANJA_HORARIA,ANIO,MES,DIA_MES,DIA_SEMANA,ES_FIN_SEMANA,ES_QUINCENA,REGION_NATURAL,TIENE_SEÑALIZACION,ES_VIA_MULTICARRIL,ES_DEPTO_BAJO_PAVIMENTO,CATEGORIA_SEVERIDAD,CATEGORIA_SEVERIDAD_ENC
3,2,13,0,4,1,-6.649554775858592,-79.80225248435369,0,3,6,1,2,2,2,0,6543.555,2.9621798634479646,2,0,1.0,0,30,1464.5238221750863,0.5530034258219696,74.61028872298006,66.65570713691255,9.475245169066566,875.592947402702,79874.95636361887,3542.3448283269627,526.4085704475223,700.1500950296445,2315.786162849796,715.081171158095,2827.2636571688677,20.240052795421644,13,2,0,0,11,49.84648583516292,34.31923754206336,65.37373412826248,1.0,1.0,0.0,0.9621798634479647,2,0,0.0,0.0,0.9621798634479647,0.03782013655203531,0.03782013655203531,0.0,0.9621798634479647,0.03782013655203531,1.0,0.03782013655203531,0,0,2022,9,25,2,0,1,0,1,0,1,GRAVE_LESIONADOS,1
6,1,9,0,4,1,-11.68882165818231,-75.2034462744981,0,4,7,1,2,1,1,0,870.8630304472224,1.123052123590325,0,2,0.12305212359032491,8,32,89.67598069643235,0.2908816988102062,68.2767835563488,58.020715618179395,4.243371063430525,314.1445469901509,6482.298398636673,8567.343346009298,1486.8639036476704,1839.7475514533976,5240.73189090823,1920.792355552996,6646.550990456301,22.40495469051931,5,1,0,0,4,44.5077915056387,44.5077915056387,44.5077915056387,0.8769478764096751,0.12305212359032491,0.0,0.12305212359032491,1,0,0.0,1.0,0.0,0.0,1.0,0.0,0.0,0.12305212359032491,1.0,0.0,13,3,2024,2,12,1,0,0,1,1,0,1,GRAVE_LESIONADOS,1
3,1,15,1,2,3,-3.794100618437506,-73.39008679497074,0,0,7,1,2,2,2,1,6472.050777602625,2.0,3,3,1.0,13,32,1183.8721702472076,0.5787342301856427,73.00270477451215,55.7321012761918,10.502850912677575,1057.2046419770998,149602.26438637663,1203.0245325996048,151.4419620658066,325.06382321883177,726.5187473149672,300.6991216615679,902.3254109380377,25.024277547510216,6,2,0,0,3,46.589316230016905,33.10920061644671,72.56319753421319,1.0,0.986349922944162,0.0,0.013650077055837984,2,0,0.0,0.0,0.0,1.0,0.986349922944162,0.013650077055837984,1.0,0.0,1.0,0.986349922944162,11,2,2022,10,1,1,0,0,0,1,0,1,GRAVE_LESIONADOS,1
6,1,1,0,4,1,-9.27635285244314,-77.19408206420856,0,4,1,0,5,1,1,0,6543.555,2.0,4,4,1.0,14,33,1198.0,0.27474664501448254,77.48371696714169,49.43756334238751,4.711436723497169,225.4526246743688,2802.558893095138,10767.648,1885.0630000000003,1222.721,7659.864000000001,2100.343,8667.305000000002,19.506051832303577,7,1,0,0,6,34.26086694950914,34.26086694950914,34.26086694950914,1.0,0.0,0.0,0.0,1,0,0.0,0.6847832626227139,0.0,0.31521673737728606,0.0,0.0,1.0,0.0,0.0,0.0,8,0,2023,1,5,6,1,0,0,1,0,1,GRAVE_LESIONADOS,1
5,1,18,0,4,1,-15.953894300578847,-69.83562647215695,1,4,7,1,2,1,1,4,7586.903,2.0,2,0,1.0,9,5,1198.0,0.27511704092141126,73.24753153328025,64.31902378477847,6.41522440661799,213.75085535129443,17047.693832327157,13483.454847365747,1998.374268630768,2210.1545952266506,9274.925983508328,3115.0981238025256,10368.356723563222,22.98491354010528,5,1,0,0,4,40.55656471957717,40.498914174407645,40.61421526474669,1.0,0.0,0.0,0.11530109033904934,1,0,0.0,0.0,1.0,0.0,0.0,0.0,1.0,0.0,0.0,0.0,6,0,2023,3,12,2,0,0,2,1,0,1,GRAVE_LESIONADOS,1
6,1,4,0,4,1,-13.715530787486143,-73.92523993851735,0,4,0,0,2,2,2,2,1742.1873223616506,1.1069912611746233,1,0,0.10699126117462332,8,31,284.6716603768216,0.2269225065280942,69.86888428301829,45.92358671524812,4.383961388018004,183.8246746366544,2688.0697083893065,12678.733000000004,1805.074000000001,1774.0339999999994,9099.625000000004,2485.375000000001,10193.358000000002,19.602707936195205,15,1,0,0,14,34.24681648466709,34.24681648466709,34.24681648466709,1.0,0.0,0.0,1.0,1,0,0.0,0.0,0.10699126117462332,0.0,0.8930087388253767,0.0,0.10699126117462332,0.8930087388253767,0.8930087388253767,0.8930087388253767,16,1,2023,10,9,3,0,0,2,1,0,1,GRAVE_LESIONADOS,1
5,1,8,0,3,1,-14.043404328588203,-75.58503670385242,0,3,7,1,2,2,2,0,6612.925330082739,2.0,2,1,1.0,10,31,1498.7342664860482,0.5563774842369664,77.00938809632027,69.10246351364754,8.476961866273152,914.8835608305218,27932.19700214133,2691.9141488528385,514.8533694123587,537.8367139615061,1639.224065478973,807.4761108543786,1884.438037998459,48.42551351482287,4,1,0,0,2,26.561080064660057,26.561080064660057,26.561080064660057,1.0,0.0,0.0,0.0,1,0,0.0,0.0,0.2805400323300281,1.0,0.0,0.2805400323300281,1.0,0.0,0.2805400323300281,0.0,4,0,2023,3,24,3,0,1,0,1,0,0,GRAVE_LESIONADOS,1
6,1,2,0,4,2,-13.519279679448506,-73.5659121330837,1,4,0,0,6,2,2,1,6543.555,2.0,4,4,1.0,14,33,1198.0,0.28072113778693625,74.24925860405409,57.00815675350928,4.689609282154121,255.9529004110347,2677.7297059097473,8381.142734324903,1306.1478727451934,1401.4141842665952,5673.580677313114,1497.675682318469,6883.467052006434,17.858412191558937,4,1,0,0,3,32.527667288554895,32.527667288554895,32.527667288554895,1.0,0.8545686640326409,0.0,0.0,1,0,0.0,0.0,0.0,1.0,0.0,0.8545686640326409,0.14543133596735913,0.8545686640326409,0.8545686640326409,0.8545686640326409,21,2,2021,11,22,3,0,0,2,1,0,1,GRAVE_LESIONADOS,1
3,2,10,0,4,1,-9.254545311189094,-77.63556174805208,0,4,0,0,2,1,1,2,696.1674071673351,1.7430477004915301,1,0,0.7430477004915301,8,29,108.99333048279644,0.37684419835020516,73.97626621155888,51.177889462987274,5.626662906039155,470.28255627634957,26190.986060072973,8823.804739382043,1363.8041333429283,1954.6205211402482,5505.380084898867,1388.9668947964574,7434.837844585586,15.817833500001704,6,2,0,0,4,33.34371465221189,26.28476149754235,40.402667806881425,1.0,0.0,0.0,0.2569522995084699,2,0,0.0,1.0,0.0,0.7430477004915301,0.2569522995084699,0.7430477004915301,1.0,0.0,0.7430477004915301,0.0,13,2,2022,10,12,3,0,0,0,1,0,1,GRAVE_LESIONADOS,1
5,1,19,0,3,1,-5.149953242108368,-80.69563751289894,6,4,7,1,2,1,1,2,6543.555,2.979090487664765,2,0,1.0,0,30,1469.20806508314,0.6009685287245027,78.4149047343138,72.37376174683745,9.747939936005958,979.4086689779543,183771.0868875525,8965.846000060003,1782.4120000599992,636.9959999999999,6546.438000000004,2214.505000059999,6751.341000000004,24.699342371541725,6,1,0,0,5,28.198640367184733,27.91636195065906,28.480918783710404,1.0,0.02090951233523497,0.0,0.979090487664765,1,0,0.0,0.0,0.0,1.0,0.02090951233523497,0.979090487664765,0.0,1.0,0.979090487664765,0.0,9,1,2021,7,6,5,0,0,0,1,0,1,GRAVE_LESIONADOS,1
7,1,16,1,6,3,-13.974682302748304,-70.40158822839678,1,4,4,0,4,2,2,4,6543.555,2.0,4,4,1.0,14,33,1198.0,0.36827732598047025,73.24909990540101,62.06497177060215,5.715807528589119,410.584777641673,11197.04955133641,13427.347920026423,1972.657367571245,2224.7062728301626,9229.984279625016,3129.1824327847585,10298.165487241664,23.246214989912538,4,1,0,0,3,52.338540110672135,52.338540110672135,52.338540110672135,1.0,0.2230900184453558,0.0,0.2230900184453558,1,0,0.0,0.0,0.0,0.7769099815546442,0.0,0.0,1.0,0.2230900184453558,1.0,0.0,10,2,2021,2,15,0,0,0,2,1,0,1,GRAVE_LESIONADOS,1
5,1,4,0,4,1,-13.342392467967029,-74.16966177107163,0,4,0,0,6,1,0,5,7586.903,2.0,2,0,1.0,9,5,1198.0,0.3247312330485405,68.57537050324747,46.66146619568446,5.125443322268163,386.5923984732166,6998.3704496788005,12678.733000000004,1805.074000000001,1774.0339999999994,9099.625000000004,2485.375000000001,10193.358000000002,19.602707936195205,4,1,0,0,3,24.441150115317313,24.07379812513839,24.808502105496235,1.0,0.0,0.0,0.056515690796757334,1,0,0.0,0.056515690796757334,0.056515690796757334,0.9434843092032427,0.0,0.9434843092032427,0.056515690796757334,0.0,0.0,0.0,17,2,2022,4,1,5,1,0,2,1,0,1,GRAVE_LESIONADOS,1
3,1,10,1,4,1,-13.642665864597685,-76.16525342102281,0,4,7,1,2,2,2,1,6639.975,2.0,2,0,1.0,9,31,1616.0,0.5725079201688561,76.71924271012776,72.08408255912694,9.110928461686488,916.5419671163916,24519.690530546595,3721.461,698.1859999999996,744.866,2278.409,1102.9029999999996,2618.558,29.636290693359403,6,1,0,0,4,29.55092404945062,25.06789873260083,34.03394936630041,1.0,0.0,0.0,0.8966050633699585,1,0,0.0,0.0,0.8966050633699585,1.0,0.0,0.8966050633699585,1.0,0.0,0.10339493663004151,0.0,1,0,2021,8,7,1,0,0,0,1,0,1,GRAVE_LESIONADOS,1
3,1,3,0,5,2,-16.555719818210623,-72.35368568977441,2,4,0,0,4,1,0,0,6598.368987084291,2.0,2,1,1.0,11,31,1435.6296059036854,0.590338191109942,80.34437823680517,72.62866910740641,8.730463517829028,988.1773654501317,8016.934314373328,10322.272,1495.236,1749.739,7077.2970000000005,2886.595,7435.677000000001,27.964725207783708,5,1,0,0,3,40.7807888839613,35.66436196259008,45.897215805332515,1.0,0.0,0.0,0.5684918801523576,1,0,0.0,0.43150811984764237,0.0,0.5684918801523576,0.0,0.5684918801523576,1.0,0.0,0.43150811984764237,0.0,7,1,2023,6,22,3,0,1,0,1,0,1,GRAVE_LESIONADOS,1
6,1,10,0,4,1,-13.949525591797522,-75.8503081407967,0,4,7,1,2,2,2,1,6639.975,2.0,2,0,1.0,9,31,1616.0,0.6053164595604621,78.88848309050202,67.63954639531094,9.133324993872453,1064.9426147896202,27932.19700214133,3721.461,698.1859999999996,744.866,2278.409,1102.9029999999996,2618.558,29.636290693359403,5,1,0,0,4,36.40163258276735,36.40163258276735,36.40163258276735,1.0,0.7700816291383674,0.0,0.7700816291383674,1,0,0.0,0.0,0.0,0.7700816291383674,0.0,1.0,0.0,0.22991837086163258,0.0,0.22991837086163258,5,0,2023,3,5,1,0,0,0,1,0,1,GRAVE_LESIONADOS,1
3,2,7,0,4,1,-13.466751325190494,-71.90823415783227,0,4,7,1,2,0,1,1,3352.752934312168,1.5159458785254234,2,1,0.5159458785254234,6,15,828.8413879606951,0.4536113488667731,69.27721241552896,70.6309947483385,6.814176805881929,665.1274269462018,9579.119092789213,17779.13499998999,2097.3709999899997,2863.123,12818.640999999989,2878.713,14900.421999989989,16.19152450331032,11,2,0,0,9,36.48405412147458,34.54783763557627,38.420270607372885,1.0,0.0,0.0,0.5159458785254234,2,0,0.0,0.0,0.4840541214745766,1.0,0.0,1.0,1.0,0.0,0.5159458785254234,0.0,17,2,2023,7,14,3,0,0,2,1,0,1,GRAVE_LESIONADOS,1
4,1,18,0,4,1,-16.020899937296257,-71.81319672129773,0,4,7,1,2,2,2,2,1193.5920754076794,1.239518740228429,2,0,1.0,10,23,153.10365564741977,0.42163821906105925,72.4264996877779,63.15433843199119,7.3775161148703905,529.8500947282603,3221.553445132238,2922.0356719318393,647.7871237636524,552.6369089324929,1721.6116392356937,1077.371739855149,1844.6639320766901,37.6115033628425,4,1,0,0,2,41.52096251954314,40.76048125977157,42.28144377931471,1.0,0.0,0.0,0.7465062467428096,1,0,0.0,0.0,0.0,1.0,0.0,1.0,0.0,0.0,0.0,0.0,15,2,2023,2,10,1,0,0,0,1,0,1,GRAVE_LESIONADOS,1
9,1,10,0,4,1,-13.93927560699845,-75.96576273468855,0,4,7,1,2,1,1,0,6639.975,2.0,2,0,1.0,9,31,1616.0,0.6065525565321394,78.9834198354,68.16980976487565,9.14571646123356,1064.7083107355015,28139.553874183166,3721.461,698.1859999999996,744.866,2278.409,1102.9029999999996,2618.558,29.636290693359403,4,1,0,0,3,32.44597024172789,32.11892539779411,32.77301508566168,1.0,0.05946269889705236,0.0,1.0,1,0,0.0,0.05946269889705236,0.0,1.0,0.0,0.0,1.0,0.05946269889705236,0.0,0.0,3,0,2021,9,29,4,0,1,0,1,0,1,GRAVE_LESIONADOS,1
3,2,3,0,4,1,-16.117526934877848,-71.34607118236609,1,4,0,0,2,2,2,1,1544.1650843916345,2.0,2,0,1.0,7,25,255.2965168752078,0.4884471518817005,81.47132714220315,71.46389840291928,6.385586796580628,687.6594962459504,1675.9799098113722,10322.272,1495.236,1749.739,7077.2970000000005,2886.595,7435.677000000001,27.964725207783708,5,2,0,0,3,34.29457975944698,31.43566380755759,37.15349571133638,1.0,0.0,0.0,0.0,2,0,0.0,0.0,0.0,1.0,0.0,1.0,0.9059439679262645,0.0,0.0,0.0,13,2,2021,3,8,3,0,0,0,1,0,1,GRAVE_LESIONADOS,1
4,1,14,2,2,4,-12.011208925071342,-77.05875704239523,0,1,7,1,2,2,2,1,6543.555,2.0,4,4,1.0,14,33,1198.0,0.730311921290986,80.1530621664339,77.25188750929776,10.629305300334046,1551.2818688250495,236238.0989866231,7626.313,1683.4029999999998,1599.0829999999996,4343.827000000001,1814.875,5811.438000000001,23.797541485643197,8,2,0,0,6,38.11743357755756,35.1012549450942,41.133612210020935,1.0,0.0,0.0,0.0,2,0,0.0,0.0,1.0,0.0,0.566806105010466,0.0,1.0,0.0,0.0,0.0,9,1,2021,8,18,1,0,1,0,1,0,1,GRAVE_LESIONADOS,1
4,1,10,0,4,1,-9.557803300200788,-76.71471403852136,0,4,4,0,5,2,2,0,1552.915885891837,1.3544239919873862,2,1,0.35442399198738617,9,29,274.97428750321797,0.24475413214015873,79.01860573515604,29.943349536255923,4.205373524786815,222.76528120816866,3433.997092623315,8782.827444920522,1374.5068175921906,1961.6904354108215,5446.630191917509,1453.3245291895114,7329.50291573101,16.639688266610126,7,1,0,0,5,41.25308790384864,38.06327197596216,44.44290383173511,1.0,0.0,0.0,0.35442399198738617,1,0,0.0,0.35442399198738617,0.0,1.0,0.0,0.0,1.0,0.0,0.6455760080126138,0.0,14,3,2023,4,4,3,0,0,0,1,0,1,GRAVE_LESIONADOS,1
4,1,4,0,4,1,-13.345436959935446,-74.20629819800499,0,4,6,0,1,1,1,2,6941.223837077177,2.0,3,2,1.0,12,22,1198.0,0.38314532667456314,75.3518000747733,61.63204420232901,5.8024119790315485,435.9311200947951,6037.6265910114935,12678.733000000004,1805.074000000001,1774.0339999999994,9099.625000000004,2485.375000000001,10193.358000000002,19.602707936195205,5,1,0,0,4,48.66802817424315,44.475412471861056,52.86064387662524,1.0,1.0,0.0,0.6188531179652644,1,0,0.0,1.0,0.38114688203473557,0.0,0.38114688203473557,0.0,1.0,0.6188531179652644,0.38114688203473557,0.0,10,2,2023,5,20,3,0,1,2,1,0,1,GRAVE_LESIONADOS,1
3,2,4,1,4,1,-8.708745370208455,-76.8998270902337,0,2,4,0,2,1,1,2,7687.729751295307,2.0,2,0,1.0,9,13,1747.9181152598953,0.5680925043592653,72.60662431678273,71.1129516767431,9.318410426461323,970.3496229692814,103251.38199201855,14594.231311952884,1763.2278781052103,1280.9650667559235,11550.03836709175,2200.001022611738,12394.230289341149,15.455609816287897,5,2,0,0,3,34.548391970797766,29.822215752832545,42.294818265155975,1.0,1.0,0.0,1.0,2,0,0.0,0.41185228314449696,0.588147716855503,1.0,1.0,0.41185228314449696,0.41185228314449696,0.0,1.0,0.588147716855503,11,2,2022,7,18,0,0,0,2,1,0,1,GRAVE_LESIONADOS,1
3,2,20,0,4,1,-15.899892344434674,-69.88733322695855,0,4,5,1,2,2,2,2,7586.903,2.0,2,0,1.0,9,5,1198.0,0.2971563791230057,65.59213053889421,71.6342826002825,6.864366889314077,225.47050893567481,6442.070497221719,13642.312999999998,2020.7790000000005,2354.117,9267.416999999998,3314.0520000000006,10328.260999999997,24.29244952817019,4,2,0,0,2,40.91200356028197,26.727579322134943,55.09642779842899,1.0,0.27242067786505597,0.727579322134944,0.727579322134944,2,0,0.0,0.0,0.0,1.0,0.727579322134944,1.0,0.27242067786505597,0.0,0.727579322134944,0.727579322134944,14,2,2022,5,21,4,0,0,2,1,0,1,GRAVE_LESIONADOS,1
3,1,14,2,2,4,-12.20229202772631,-76.94144773573093,0,0,3,0,2,2,2,0,6543.555,2.0,4,4,1.0,14,33,1198.0,0.6939833904712194,80.00021235830563,74.11667194066499,9.867775548492775,1420.0779098671649,455596.33760900423,7626.313,1683.4029999999998,1599.0829999999996,4343.827000000001,1814.875,5811.438000000001,23.797541485643197,4,2,0,0,2,64.03277991037676,55.80736484315933,72.25819497759419,1.0,1.0,0.0,0.0,2,0,0.0,0.0,0.0,1.0,0.4516389955188379,0.5483610044811621,0.4516389955188379,0.4516389955188379,0.4516389955188379,1.0,15,2,2024,5,17,4,0,0,0,1,0,1,GRAVE_LESIONADOS,1
0,1,14,1,2,3,-11.125550627401978,-77.57153549796469,0,0,1,1,2,1,1,1,6543.555,2.0,4,4,1.0,14,33,1198.0,0.788894352724649,79.8854995293461,79.66796152077802,11.84446858409024,1841.8308061536673,45875.75733248768,7818.227964575713,1697.5880247349935,1461.244744044019,4659.3951957967,1872.1300114864443,5946.097953089269,23.92674254680691,10,1,0,0,7,54.134598930117946,52.42113903710615,55.84805882312975,1.0,0.1432700534941026,0.0,0.0,1,0,0.0,0.1432700534941026,0.8567299465058974,0.8567299465058974,0.1432700534941026,0.0,0.8567299465058974,1.0,1.0,1.0,13,2,2022,1,22,2,0,0,0,1,0,1,GRAVE_LESIONADOS,1
3,1,14,1,2,3,-12.047170179750275,-77.08862141783032,0,0,1,1,2,2,2,0,6543.555,2.0559052140696354,3,3,1.0,13,32,1213.485744297289,0.8282712750854653,80.33602068665135,79.4631524570971,13.035263308770555,1953.8088715386277,58110.06161691494,7626.313,1683.4029999999998,1599.0829999999996,4343.827000000001,1814.875,5811.438000000001,23.797541485643197,33,2,0,0,29,44.49685307337328,31.279526070348176,53.93780093267692,0.9440947859303646,0.0,0.0,0.055905214069635445,2,0,0.0,0.0,0.9440947859303646,1.0,0.9440947859303646,0.055905214069635445,0.9440947859303646,0.0,0.9440947859303646,0.9440947859303646,12,2,2023,7,25,4,0,1,0,1,0,1,GRAVE_LESIONADOS,1
6,1,4,0,4,1,-13.177143188157732,-73.8678127843399,0,4,0,0,5,2,2,1,6894.063747235604,2.0,3,2,1.0,12,23,1198.0,0.27850052528225405,75.0478008555768,54.139393663320156,4.43561934976685,245.98013777993566,2835.4795358202014,8410.187670813384,1337.19073812387,1536.7595303373087,5536.237402352206,1582.815992160432,6827.371678652952,18.800230434491674,4,1,0,0,3,45.078384601368015,45.078384601368015,45.078384601368015,1.0,0.6640538466210661,0.0,0.0,1,0,0.0,0.0,0.0,1.0,0.0,1.0,0.0,0.6640538466210661,0.6640538466210661,0.6640538466210661,19,2,2021,11,24,4,0,1,2,1,0,1,GRAVE_LESIONADOS,1
6,1,12,0,4,1,-7.775289186911441,-78.50241166155898,0,4,7,1,4,2,2,0,6543.555,2.56069448137568,2,1,1.0,6,31,1353.3123713410635,0.5500005752870998,75.24997029603433,61.99811473022399,8.146147243801732,976.6061264626643,8864.663964280497,8931.828000000005,1335.5899999999997,1935.9830000000004,5660.255000000005,1219.309,7712.519000000005,13.651281686122925,6,1,0,0,5,32.43930551862432,32.43930551862432,32.43930551862432,1.0,0.0,0.0,0.0,1,0,0.0,0.4393055186243199,0.0,0.5606944813756801,0.0,0.5606944813756801,0.4393055186243199,0.0,0.5606944813756801,0.0,14,1,2023,5,6,5,1,0,0,1,0,1,GRAVE_LESIONADOS,1
3,2,7,0,4,1,-14.061653563466518,-71.42063802130544,1,4,7,1,2,1,0,2,7586.903,2.0,2,0,1.0,9,5,1198.0,0.3294507267252437,73.22697523714744,68.27875328306722,5.745718094944751,288.3312969843289,4887.944870843534,17779.13499998999,2097.3709999899997,2863.123,12818.640999999989,2878.713,14900.421999989989,16.19152450331032,8,2,0,0,6,39.692019436923204,30.764265021176662,48.619773852669745,1.0,0.0,0.0,1.0,2,0,0.0,1.0,0.9049434631674356,0.09505653683256443,0.0,0.09505653683256443,1.0,0.0,0.0,0.0,10,1,2022,2,10,3,0,0,2,1,0,1,GRAVE_LESIONADOS,1
3,1,10,0,4,1,-13.954864329993828,-75.80272484702972,0,2,7,1,2,2,2,2,6639.975,2.0,2,0,1.0,9,31,1616.0,0.6053164595604621,78.88848309050202,67.63954639531094,9.133324993872453,1064.9426147896202,27932.19700214133,3721.461,698.1859999999996,744.866,2278.409,1102.9029999999996,2618.558,29.636290693359403,6,1,0,0,5,40.60023452388318,29.806566668729026,51.393902379037335,1.0,1.0,0.0,1.0,1,0,0.0,0.0,0.0,1.0,0.799530952233641,0.200469047766359,0.799530952233641,0.0,0.0,0.0,4,0,2021,4,17,1,0,0,0,1,0,1,GRAVE_LESIONADOS,1
4,1,10,0,4,1,-13.809856839971422,-75.8364645259307,0,3,5,1,2,2,2,2,373.7472417051572,0.17306846657967978,1,3,0.0,9,32,151.6624763565327,0.6277601271334114,77.61290405041574,73.60046309439126,9.407423273345081,1145.6778579402105,7408.707162680371,3721.461,698.1859999999996,744.866,2278.409,1102.9029999999996,2618.558,29.636290693359403,8,1,0,0,6,60.350883315862035,59.7306846657968,60.971081965927276,1.0,0.0,0.0,1.0,1,0,0.0,0.0,0.0,1.0,0.0,0.4134657667101601,0.5865342332898399,0.0,0.0,0.0,16,2,2021,3,21,2,0,1,0,1,0,1,GRAVE_LESIONADOS,1
3,2,5,0,4,1,-7.879448232839146,-77.31457345781074,0,4,1,0,2,1,0,5,9452.349637752059,2.0,2,0,1.0,9,26,3287.274451746518,0.2854021842386259,80.04373198593122,44.882446345788296,4.078515792465784,276.05498323786577,4944.036993820758,16315.714150361355,1808.8685522974506,1333.1335069132815,13173.712091150623,2181.325571260519,14134.388579100836,13.302155453999234,5,2,0,0,3,43.67518913639289,32.0,55.35037827278577,1.0,0.0,0.0,1.0,2,0,0.0,1.0,0.20620271590177885,0.0,0.0,0.0,1.0,0.0,0.7937972840982211,0.0,7,1,2022,8,7,4,0,0,2,1,0,1,GRAVE_LESIONADOS,1
5,1,12,0,4,2,-7.724863492910215,-78.53047656559642,1,4,0,0,6,2,2,5,6543.555,2.1234395092112823,3,3,1.0,12,32,1232.1927440515253,0.22819957398271862,76.26349355898766,32.78933492296143,3.6511430028787553,235.8844948626961,24293.18906423185,8931.828000000005,1335.5899999999997,1935.9830000000004,5660.255000000005,1219.309,7712.519000000005,13.651281686122925,5,1,0,0,3,40.531209815774346,40.531209815774346,40.531209815774346,1.0,0.12343950921128244,0.0,0.0,1,0,0.0,0.0,0.12343950921128244,0.12343950921128244,0.12343950921128244,0.0,0.8765604907887176,0.12343950921128244,0.8765604907887176,0.0,10,1,2021,2,11,4,0,0,0,1,0,1,GRAVE_LESIONADOS,1
4,2,3,0,4,1,-5.776426628136742,-78.2722605399096,0,3,7,1,2,2,2,0,7758.33400008,2.0,2,0,1.0,9,20,2133.0,0.5045793822052422,71.8732446533573,65.66766424585599,6.817147012054898,877.9567953582718,50078.45388601747,4179.372319446337,1101.2965500583841,645.2110974541538,2432.8646719338003,954.6417549667659,3224.730564479572,23.18702296224004,4,2,0,0,2,28.971139335615863,23.891996207586313,34.05028246364541,1.0,0.15828625605909807,0.0,0.0,2,0,0.0,0.0,0.15828625605909807,1.0,1.0,0.0,0.8417137439409019,0.15828625605909807,1.0,0.15828625605909807,4,0,2023,2,20,6,1,0,1,1,0,1,GRAVE_LESIONADOS,1
4,1,7,0,4,1,-14.010068783260591,-71.44212455889688,1,4,3,0,1,1,1,2,7018.967806845776,2.0,3,2,1.0,11,20,1198.0,0.43157469236326035,71.15111460802456,69.04534102666989,7.057987640308736,587.27971945029,9365.252655315113,17779.13499998999,2097.3709999899997,2863.123,12818.640999999989,2878.713,14900.421999989989,16.19152450331032,8,2,0,0,6,56.064140282725795,52.41885371030106,62.44339178446908,1.0,0.0,0.0,0.544339178446908,2,0,0.45566082155309195,0.0,0.0,1.0,0.0,0.45566082155309195,1.0,0.544339178446908,0.0,0.45566082155309195,9,1,2021,7,9,2,0,0,2,1,0,1,GRAVE_LESIONADOS,1
4,1,12,2,4,1,-11.545958950661223,-76.53313824096635,0,2,7,1,2,2,2,0,7939.9676492711305,2.0,2,0,1.0,9,31,2488.9818816218353,0.5366470913760374,75.03058818449456,65.05139294535333,8.156180713263014,894.7898645528634,18988.46605646126,7856.08940181745,1545.4273067179217,1280.8404911706082,5029.82160392892,1517.1716177350534,6338.917784082398,19.50491059257384,6,2,0,0,3,48.97150379770062,38.703112912182114,66.50828556873763,1.0,0.0,0.0,0.39430075954012433,2,0,0.0,1.0,0.0,0.39430075954012433,0.0,0.39430075954012433,1.0,0.0,0.0,0.6056992404598757,6,1,2022,7,7,1,0,0,0,1,0,1,GRAVE_LESIONADOS,1