CLASE SINIESTRO,CANTIDAD DE VEHICULOS DAÑADOS,DEPARTAMENTO,ZONA,TIPO DE VÍA,RED VIAL,COORDENADAS LATITUD,COORDENADAS  LONGITUD,CONDICIÓN CLIMÁTICA,ZONIFICACIÓN,CARACTERÍSTICAS DE VÍA,PERFIL LONGITUDINAL VÍA,SUPERFICIE DE CALZADA,¿EXISTE SEÑAL VERTICAL?,¿EXISTE SEÑAL HORIZONTAL?,CAUSA FACTOR PRINCIPAL,MTC_RVN_LONGITUD_KM,MTC_RVN_N_CARRILES_MEDIANA,MTC_RVN_SUPERFICIE_DOMINANTE,MTC_RVN_ESTADO_DOMINANTE,MTC_RVN_ES_CONCESIONADA,MTC_RVN_CONCESION_PRINCIPAL,MTC_RVN_CORREDOR_LOGISTICO,MTC_RVN_N_TRAMOS,IDH_2019,IDH_ESP_VIDA_2019,IDH_EDUC_SECUND_PCT_2019,IDH_ANIOS_EDUC_2019,IDH_INGRESO_PERCAP_2019,IDH_POBLACION_2019,MTC_DEP_RED_TOTAL_KM,MTC_DEP_NACIONAL_TOTAL_KM,MTC_DEP_DEPARTAMENTAL_TOTAL_KM,MTC_DEP_VECINAL_TOTAL_KM,MTC_DEP_PAV_TOTAL_KM,MTC_DEP_NO_PAV_TOTAL_KM,MTC_DEP_PCT_PAVIMENTADA,PER_TOTAL_PERSONAS,PER_N_CONDUCTORES,PER_N_CONDUCTORES_FUGADOS,PER_N_PEATONES,PER_N_PASAJEROS_OCUPANTES,PER_EDAD_COND_PROM,PER_EDAD_COND_MIN,PER_EDAD_COND_MAX,PER_ANY_COND_MASCULINO,PER_ANY_LIC_PROBLEMA,PER_ANY_DOSAJE_POS,PER_ANY_DOSAJE_EVALUADO,VEH_TOTAL,VEH_N_FUGADOS,VEH_ANY_FUGADO,VEH_ANY_CARGA,VEH_ANY_PUBLICO,VEH_ANY_PARTICULAR,VEH_ANY_MOTO,VEH_ANY_AUTO,VEH_ANY_CAMION_BUS,VEH_ANY_SOAT_PROBLEMA,VEH_ANY_CITV_PROBLEMA,VEH_ANY_SEGURO_PROBLEMA,HORA_NUM,FRANJA_HORARIA,ANIO,MES,DIA_MES,DIA_SEMANA,ES_FIN_SEMANA,ES_QUINCENA,REGION_NATURAL,TIENE_SEÑALIZACION,ES_VIA_MULTICARRIL,ES_DEPTO_BAJO_PAVIMENTO,CATEGORIA_SEVERIDAD,CATEGORIA_SEVERIDAD_ENC
5,1,12,0,4,2,-7.699928615292546,-78.17666406865465,0,4,7,1,5,2,2,0,6543.555,2.3081360918391556,3,2,1.0,9,32,1283.353697439446,0.28545725855723647,74.68104629260517,34.47728217735151,4.548417426188855,395.0056756311428,14044.36914155297,8931.828000000005,1335.5899999999997,1935.9830000000004,5660.255000000005,1219.309,7712.519000000005,13.651281686122925,10,1,0,0,9,31.473742525576778,31.011538387818046,31.93594666333551,1.0,0.0,0.0,0.0,1,0,0.0,0.3081360918391556,0.3081360918391556,0.6918639081608444,0.0,0.0,1.0,0.0,0.0,0.0,14,1,2024,7,18,2,0,0,0,1,0,1,GRAVE_LESIONADOS,1
3,2,10,0,4,1,-14.982186374831912,-74.99290756153658,0,4,0,0,2,1,0,0,6639.975,2.0,2,0,1.0,9,31,1616.0,0.5563774842369664,77.00938809632027,69.10246351364754,8.476961866273152,914.8835608305218,27932.19700214133,3721.461,698.1859999999996,744.866,2278.409,1102.9029999999996,2618.558,29.636290693359403,5,2,0,0,3,46.54232657568373,27.616930630273494,65.46772252109398,1.0,1.0,0.0,1.0,2,0,0.0,0.6169306302734933,0.0,1.0,0.0,1.0,0.6169306302734933,0.38306936972650674,0.38306936972650674,0.0,4,0,2022,1,23,3,0,1,0,1,0,1,GRAVE_LESIONADOS,1
3,2,18,1,2,3,-14.3240170891148,-71.22409437865565,0,3,1,0,1,2,2,2,6543.555,2.1309009312752716,3,3,1.0,12,32,1234.2595579632502,0.49978065255026993,74.19784515988597,75.83399965153703,8.141640759785528,691.815910617094,66854.34105510385,13942.501824000363,1983.2295442625814,2168.4438465558733,9790.828433181909,3142.0632299140084,10800.438594086354,22.755560259020772,7,2,0,0,4,50.65450465637636,45.439910244027985,58.47639627489892,1.0,0.0,0.8690990687247285,1.0,2,0,0.0,0.13090093127527147,0.8690990687247285,0.8690990687247285,0.8690990687247285,0.8690990687247285,0.13090093127527147,0.0,0.8690990687247285,0.8690990687247285,16,1,2022,2,12,4,0,0,2,1,0,1,GRAVE_LESIONADOS,1
6,1,3,0,4,0,-16.252105205888558,-71.65286673237561,5,4,0,0,2,1,0,0,6585.1776674530665,2.0,3,2,1.0,11,32,1378.4425948494272,0.5994763657152691,77.84214014809564,69.95426000255877,8.642200487790314,1078.2169611916745,7861.966279468746,10322.272,1495.236,1749.739,7077.2970000000005,2886.595,7435.677000000001,27.964725207783708,5,1,0,0,4,40.63361697844149,36.74848933814282,44.51874461874016,1.0,0.0,0.0,0.4316808489220745,1,0,0.0,0.0,0.0,1.0,0.0,1.0,0.4316808489220745,0.0,0.0,0.0,9,2,2022,10,14,3,0,0,0,1,0,1,GRAVE_LESIONADOS,1
6,1,4,0,4,1,-13.604694315979472,-74.07542682843237,0,4,0,0,1,2,2,2,1442.1236060781612,-0.12098443910489642,1,1,0.0,9,32,255.67668467938455,0.2342246217518615,76.03563600335825,49.32812640992014,4.087123864805249,168.33302522376138,2308.2779187808655,12678.733000000004,1805.074000000001,1774.0339999999994,9099.625000000004,2485.375000000001,10193.358000000002,19.602707936195205,8,1,0,0,7,32.0,32.0,32.0,1.0,0.0,0.5604922195524482,1.0,1,0,0.0,0.0,0.0,0.5604922195524482,0.4395077804475518,0.0,0.5604922195524482,0.4395077804475518,1.0,0.4395077804475518,19,2,2023,7,16,2,0,0,2,1,0,1,GRAVE_LESIONADOS,1
3,1,7,0,4,1,-13.349700117791224,-72.21174599419732,0,4,6,0,2,0,1,2,3335.6678290294612,1.0,1,3,0.0,9,13,1067.3780475217893,0.44526010619403006,72.71399183604468,68.47192554207412,6.396672781840078,617.9067237471259,11128.588541665904,17779.13499998999,2097.3709999899997,2863.123,12818.640999999989,2878.713,14900.421999989989,16.19152450331032,14,1,0,0,12,37.67240634052037,33.94136887672851,41.40344380431222,1.0,0.0,0.0,0.0,1,0,0.0,0.0,0.9327593659479634,1.0,0.0,1.0,0.9327593659479634,0.0,0.0,0.0,14,2,2023,9,3,0,0,0,2,1,0,1,GRAVE_LESIONADOS,1
3,1,11,0,3,3,-10.293455089293637,-76.49313637109434,0,3,0,1,4,1,1,0,6543.555,2.0,4,4,1.0,14,33,1198.0,0.5315510260886362,75.28127752698926,65.15607350787309,7.608060594515022,903.4014675894877,75330.62578416115,9596.162876957322,1648.9643372419096,1154.075953186078,6793.1225865293345,2526.818144879429,7069.344732077893,26.21673138598498,5,2,0,0,3,33.605931594664504,24.92937893689033,42.28248425243868,1.0,1.0,0.0,1.0,2,0,0.0,0.464689468445165,0.464689468445165,0.0,1.0,0.0,0.464689468445165,0.535310531554835,1.0,0.0,12,2,2022,3,9,5,1,0,0,1,0,1,GRAVE_LESIONADOS,1
5,1,11,0,4,1,-12.039363197731733,-75.29374961424723,0,4,1,1,2,1,1,2,6730.5899019565895,2.0,3,3,1.0,13,27,1198.0,0.5322081605100518,73.14379490327427,73.92319643850568,8.656126039696094,810.7606427403534,13303.154582900035,12264.545,1826.4639999999995,1105.5389999999998,9332.542,1588.5359999999996,10676.009,12.952261987705208,5,1,0,0,4,38.95785862654045,38.868226546948314,39.047490706132585,1.0,0.0,0.0,1.0,1,0,0.0,0.0,0.17926415918426974,0.8207358408157303,0.0,0.8207358408157303,0.17926415918426974,0.0,0.0,0.0,8,1,2021,4,16,4,0,0,2,1,0,1,GRAVE_LESIONADOS,1
4,1,12,0,4,1,-9.248541466057775,-77.55477512659657,0,4,7,1,2,2,2,0,1339.2517648627777,0.22908203644263092,0,1,0.38545898177868454,9,25,238.43216829588573,0.32529493891400063,78.99639283437585,45.34906786628352,4.081101384146066,573.2956495122406,19480.83666069655,8428.605517403204,1469.6576448293893,1806.1218690387614,5152.826003535053,1448.875263942004,6979.7302534612,17.56224865730801,4,1,0,0,3,49.04731930867619,46.156376945336056,51.938261672016324,1.0,0.0,0.0,0.38545898177868454,1,0,0.0,0.0,0.0,1.0,0.0,1.0,0.0,0.0,0.6145410182213155,0.0,10,2,2022,12,3,6,1,0,0,1,0,1,GRAVE_LESIONADOS,1
3,1,14,2,2,4,-11.963635068658181,-77.07955918818298,0,2,2,1,2,2,2,0,6543.555,2.0,4,4,1.0,14,33,1198.0,0.758462599563312,80.5192231989937,79.20045639149897,11.33839041452458,1628.5661148492152,363987.54389721627,7626.313,1683.4029999999998,1599.0829999999996,4343.827000000001,1814.875,5811.438000000001,23.797541485643197,14,2,0,2,9,36.65729962983295,34.16081226864559,39.153786991020304,1.0,0.8321624537291183,0.0,0.0,2,0,0.0,0.0,0.16783754627088165,1.0,0.16783754627088165,0.16783754627088165,0.8321624537291183,0.8321624537291183,1.0,0.8321624537291183,14,3,2024,3,6,0,0,0,0,1,0,1,GRAVE_LESIONADOS,1
3,1,17,1,2,2,-12.358871669210075,-74.99522619443046,0,2,7,1,2,0,1,1,3955.736615024363,2.0,3,2,1.0,7,26,686.6979209297187,0.5506623715068497,76.9389092281034,66.90505689374052,8.700574734169738,891.4120727414556,18181.49754009474,3050.2862289036393,573.5598167503435,587.3326597441697,1889.3937524091261,888.2163181815554,2162.069910722084,30.444539377777517,4,2,0,0,2,35.577848282209025,31.529941647003472,39.62575491741458,1.0,0.0,0.0,0.5059883294006944,2,0,0.4940116705993056,0.0,0.4940116705993056,0.5059883294006944,0.4940116705993056,0.5059883294006944,0.0,0.4940116705993056,1.0,0.4940116705993056,9,1,2022,7,16,1,0,1,0,1,0,1,GRAVE_LESIONADOS,1
6,1,2,0,4,1,-9.414422244358967,-77.6743855633735,0,4,7,0,2,1,0,2,9534.946774551603,2.118461705094482,2,0,1.0,7,31,3551.0226845024954,0.5914771927738773,74.65456383460639,71.37721920369385,9.844435981938805,1010.3045088691778,64678.291906954415,10550.173632553448,1819.97149151662,1307.2152326991004,7422.98690833773,1995.974210113788,8554.199422439662,18.812485777850746,4,1,0,0,3,34.341536128677255,34.341536128677255,34.341536128677255,1.0,0.0,0.0,0.0,1,0,0.0,0.11846170509448184,0.0,0.8815382949055182,0.0,0.8815382949055182,0.11846170509448184,0.0,0.0,0.0,2,0,2022,10,9,2,0,0,0,1,0,1,GRAVE_LESIONADOS,1
5,1,19,0,4,1,-15.741120874948992,-70.12680800034698,0,3,0,1,2,0,1,1,7572.6718941268255,2.0,2,0,1.0,9,5,1198.0,0.648855011510459,69.78013621946693,81.97127914970285,11.668579563757213,1231.0032590822077,144693.96827960917,13560.255687451338,2016.1772433712742,2343.8184526391515,9200.259991440911,3293.603456839302,10266.652230612035,24.285699058767186,4,1,0,0,3,25.081839075015285,25.068199229179406,25.095478920851168,1.0,0.01363984583588107,0.0,0.0,1,0,0.0,0.0,0.01363984583588107,0.0,0.01363984583588107,0.0,1.0,0.01363984583588107,1.0,0.01363984583588107,5,0,2021,4,13,1,0,0,1,1,0,1,GRAVE_LESIONADOS,1
7,1,7,0,4,1,-13.945412893659269,-71.48830421166772,5,4,2,0,2,1,0,2,7586.903,2.0,2,0,1.0,9,5,1198.0,0.29972329059790503,65.34829938843039,62.94791120773103,5.406121203800899,282.3930074688899,4377.354360719385,17779.13499998999,2097.3709999899997,2863.123,12818.640999999989,2878.713,14900.421999989989,16.19152450331032,23,1,0,0,22,39.454829320077884,36.87746317296986,42.032195467185915,1.0,0.6967804532814088,0.0,1.0,1,0,0.0,0.3032195467185912,1.0,0.0,0.0,0.0,1.0,0.0,0.0,0.0,9,1,2022,2,22,1,0,0,2,1,0,1,GRAVE_LESIONADOS,1
3,1,19,0,4,1,-5.179765213661342,-80.56981443806664,0,3,7,1,2,2,2,0,2887.219163867752,2.3020095285022073,2,0,1.0,0,23,559.2365013948963,0.6220812987247925,80.20155828147696,72.71675503872983,10.02377668600292,1028.915688621886,159840.92719486082,8965.846000060003,1782.4120000599992,636.9959999999999,6546.438000000004,2214.505000059999,6751.341000000004,24.699342371541725,11,2,0,0,9,44.62411434202649,44.62411434202649,44.62411434202649,1.0,0.0,0.0,1.0,2,0,0.3020095285022075,0.0,0.3020095285022075,0.6979904714977925,0.3020095285022075,0.6979904714977925,0.6979904714977925,0.0,1.0,0.3020095285022075,8,0,2023,7,16,4,0,1,0,1,0,1,GRAVE_LESIONADOS,1
5,1,8,0,4,1,-11.991948574925328,-75.11173261033383,1,4,1,0,6,2,2,0,6798.342864166392,2.0,3,3,1.0,12,30,1394.1069898145163,0.26756358368355226,65.75719900875708,54.68102934517936,5.387668616302282,287.9367399809064,27194.209321824386,8448.007096894946,1421.9199371496343,1753.3589932813243,5272.728166463986,1707.650848459085,6740.356248435859,20.159239681281896,4,1,0,0,2,21.419480192116612,21.209740096058304,21.62922028817492,1.0,1.0,0.0,0.0,1,0,0.0,0.0,0.0,1.0,0.20974009605830624,0.7902599039416938,0.0,0.0,0.0,0.0,17,2,2024,1,7,5,1,0,2,1,0,1,GRAVE_LESIONADOS,1
3,1,12,0,4,1,-7.757727613158248,-78.69501706367824,0,4,7,1,2,2,2,1,1026.6642722709862,1.7042471653796705,1,0,0.0,9,32,236.29420409266373,0.4470722068805234,78.04270879276535,56.55643027818668,6.594897057924939,729.3842631375593,16443.404715805133,8931.828000000005,1335.5899999999997,1935.9830000000004,5660.255000000005,1219.309,7712.519000000005,13.651281686122925,5,1,0,0,3,45.352123582689835,45.0,45.70424716537967,1.0,0.0,0.0,0.0,1,0,0.0,0.7042471653796706,0.0,0.2957528346203294,0.0,0.2957528346203294,0.7042471653796706,0.0,0.2957528346203294,0.0,8,1,2021,4,8,1,0,0,0,1,0,1,GRAVE_LESIONADOS,1
4,1,11,0,4,1,-9.573381363550471,-77.00761661044966,3,4,3,1,4,2,2,1,605.2740184829447,2.0,2,0,0.4956539208832471,8,18,139.33899417110672,0.46745188905055407,74.57115727008474,57.27019262406755,7.155332270012153,714.0874878134598,26261.715810967868,10612.67075175575,1583.1603772403566,1517.1518246739674,7512.358549841425,1405.527189754041,9207.14356200171,13.298733842000575,16,1,0,0,14,37.46957744618273,37.46957744618273,37.46957744618273,1.0,0.0,0.0,0.0,1,0,0.0,0.5043460791167529,0.5043460791167529,0.4956539208832471,0.0,0.0,1.0,0.4956539208832471,1.0,0.4956539208832471,9,1,2021,6,16,5,1,0,1,1,0,1,GRAVE_LESIONADOS,1
4,1,5,0,4,0,-9.801828356424245,-76.05959018590117,0,4,7,0,2,2,2,0,6543.555,2.0,4,4,1.0,14,33,1198.0,0.3516429419534856,76.73391948806281,45.24656245537386,4.754450033713613,453.5677922797562,27500.25338804914,16711.927185504435,1886.9789813483148,1747.3696310922865,13077.578573063834,2370.139329026522,14341.787856477913,14.084436013256356,5,2,0,0,3,31.867062459101327,25.209929860093265,38.524195058109385,1.0,0.4211189044340816,0.0,0.4211189044340816,2,0,0.5788810955659184,0.4211189044340816,0.0,0.5788810955659184,0.5788810955659184,0.0,0.4211189044340816,0.5788810955659184,0.5788810955659184,0.5788810955659184,14,3,2023,5,18,6,1,1,2,1,0,1,GRAVE_LESIONADOS,1
4,1,7,0,4,1,-13.570607159128706,-72.0136192243912,0,4,4,1,2,2,2,2,4718.67855174707,1.4105227843514279,2,3,0.41052278435142786,11,20,1145.536527807277,0.38549820098018106,71.01054098689976,61.610358550364644,5.517527178823322,500.9078861387828,11815.501264389271,17779.13499998999,2097.3709999899997,2863.123,12818.640999999989,2878.713,14900.421999989989,16.19152450331032,4,1,0,0,2,30.847352529581425,26.536863293891432,35.15784176527142,1.0,0.41052278435142786,0.0,0.0,1,0,0.0,0.0,0.0,1.0,0.41052278435142786,0.5894772156485721,0.0,0.41052278435142786,0.41052278435142786,0.41052278435142786,13,2,2022,6,16,1,0,0,2,1,0,1,GRAVE_LESIONADOS,1
2,1,17,0,3,1,-6.92731380308165,-79.8801477456242,0,3,5,1,2,1,1,0,1862.7761239036365,2.0,2,3,0.2313487132001505,10,32,379.3863795581603,0.5552183487009615,77.34310989100341,67.06298474222206,8.099801538120444,988.4817360106902,44029.32794560217,8655.946764206983,1759.5063953008846,859.573589436593,6036.866779469507,2122.051113789942,6533.895650417042,24.490711897026344,6,2,0,0,4,45.470230698002254,43.470230698002254,47.470230698002254,1.0,0.7686512867998495,0.0,0.0,2,0,0.0,0.0,1.0,1.0,0.7686512867998495,0.0,0.2313487132001505,0.2313487132001505,1.0,0.2313487132001505,15,3,2023,1,19,2,0,1,0,1,0,1,GRAVE_LESIONADOS,1
6,1,12,0,4,0,-7.872060353114279,-77.77517438975961,0,4,0,1,1,2,2,1,6543.555,2.1363711050294585,3,3,1.0,12,32,1235.77479609316,0.47110701200247934,73.10111765524172,43.61683707110919,6.614514165474618,873.1258945048002,9494.699782706972,8931.828000000005,1335.5899999999997,1935.9830000000004,5660.255000000005,1219.309,7712.519000000005,13.651281686122925,4,1,0,0,3,29.045566575441875,29.045566575441875,29.045566575441875,1.0,0.0,0.0,0.0,1,0,0.0,0.8636288949705416,0.0,0.13637110502945837,0.0,0.13637110502945837,0.8636288949705416,0.0,0.0,0.0,14,2,2021,5,3,1,0,0,0,1,0,1,GRAVE_LESIONADOS,1
6,1,7,0,4,2,-13.652296792308844,-71.64885134548682,2,4,1,0,2,2,2,2,6543.555,2.0,4,4,1.0,14,33,1198.0,0.2525057693053497,63.19752511492072,54.33186517013368,3.8134182357041047,264.1042925009737,3016.479864103178,17779.13499998999,2097.3709999899997,2863.123,12818.640999999989,2878.713,14900.421999989989,16.19152450331032,9,1,0,0,8,31.180131349387278,31.180131349387278,31.180131349387278,1.0,0.0,0.0,0.8033114417687869,1,0,0.0,0.0,0.0,0.8033114417687869,0.0,0.8033114417687869,0.19668855823121312,0.0,0.0,0.0,17,2,2021,3,3,1,0,0,2,1,0,1,GRAVE_LESIONADOS,1
3,2,18,0,4,2,-5.638622417349851,-79.77625825347384,0,4,0,1,6,1,1,0,6548.890148770291,2.0,3,3,1.0,13,32,1221.1289378342788,0.4732546656223926,74.3258158872452,61.59505348842777,6.716702133590303,725.9013409873248,75844.56176604753,9040.900288647112,1766.5218664406582,698.566726489303,6575.8116957171505,2251.6933441452925,6789.20694450182,24.88002379887321,6,2,0,0,4,34.77867045134661,24.27666193581673,45.2806789668765,1.0,0.9446676128366539,0.0,1.0,2,0,0.0,0.0,0.0,0.0553323871633461,0.9446676128366539,0.0553323871633461,0.0553323871633461,0.9446676128366539,1.0,0.0,15,3,2021,2,13,4,0,0,0,1,0,1,GRAVE_LESIONADOS,1
6,1,5,0,4,2,-5.664903065252705,-78.89640885345028,0,4,1,0,1,2,2,1,6543.555,2.0,4,4,1.0,14,33,1198.0,0.3089635290517679,77.68093058833165,36.002012910055136,4.547782365434823,353.0800513345589,20494.786215867727,15935.565011852366,1733.9250000199986,935.692,13265.948011832368,2000.1670000199988,13935.398011832369,12.551591352627522,5,1,0,0,4,40.405607774529265,40.405607774529265,40.405607774529265,1.0,0.0,0.0,0.801869258176423,1,0,0.0,0.19813074182357704,0.0,0.801869258176423,0.0,0.0,1.0,0.0,0.801869258176423,0.0,14,3,2023,9,9,2,0,0,2,1,0,1,GRAVE_LESIONADOS,1
3,2,18,0,3,1,-5.224190718500101,-80.32162641524218,0,3,6,1,2,1,1,0,1353.3777520983472,2.0,2,0,1.0,1,20,172.52292904226775,0.46188888770724085,80.69250844170928,51.16137201497264,5.703488191105351,734.4185057090244,125483.3987543059,9046.936169891242,1785.309905574547,657.478366628093,6604.147897688602,2220.616309869405,6826.319860021837,24.621062810320755,6,2,0,0,4,38.555205385752274,19.12881256675531,57.98159820474924,1.0,0.009200897625379456,0.0,0.9907991023746205,2,0,0.0,0.0,0.0,1.0,0.9907991023746205,1.0,0.009200897625379456,0.0,0.009200897625379456,0.0,6,1,2021,8,21,5,1,1,0,1,0,1,GRAVE_LESIONADOS,1
6,1,12,0,4,0,-7.732700475073799,-78.23497053327621,0,4,2,1,1,2,2,1,6543.555,2.372741599364022,3,2,1.0,8,31,1301.249423023834,0.5227237200738092,74.29243273899833,55.342344254585846,7.657280415811075,943.6408393032632,9057.650522299264,8931.828000000005,1335.5899999999997,1935.9830000000004,5660.255000000005,1219.309,7712.519000000005,13.651281686122925,5,1,0,0,4,28.86370799682011,28.86370799682011,28.86370799682011,1.0,0.0,0.0,0.0,1,0,0.0,0.6272584006359783,0.0,0.37274159936402174,0.0,0.37274159936402174,0.6272584006359783,0.0,0.37274159936402174,0.0,16,2,2021,4,3,2,0,0,0,1,0,1,GRAVE_LESIONADOS,1
6,1,1,0,4,1,-11.583330438679345,-75.44763074890767,0,4,2,0,5,2,2,0,6574.059916780321,2.0,3,2,1.0,12,32,1330.2449202880514,0.4010441717765996,75.46791887487325,57.82094048771618,6.311605369696494,564.4797420072554,2757.2622681594835,10626.741986559304,1761.731324064282,1389.4565344506418,7475.554128044381,2349.0937968093804,8277.648189749925,22.18216806743045,14,1,0,0,13,31.418122963061585,31.418122963061585,31.418122963061585,1.0,0.0,0.0,0.3163754073876829,1,0,0.0,0.6836245926123171,0.3163754073876829,0.0,0.0,0.0,1.0,0.0,0.0,0.0,3,0,2023,4,2,5,1,0,0,1,0,1,GRAVE_LESIONADOS,1
3,1,1,0,4,1,-9.635817633932943,-77.48784091343435,0,4,0,0,2,1,1,1,9936.932,2.0,2,0,1.0,9,32,3830.0,0.325216502509948,74.41474304586559,52.151799156581376,5.674793233993862,311.8832423144242,1873.9847070831686,10767.648,1885.0630000000003,1222.721,7659.864000000001,2100.343,8667.305000000002,19.506051832303577,8,1,0,0,6,50.24487475855563,30.295408174304008,70.19434134280726,1.0,0.9731447114269086,0.0,0.026855288573091385,1,0,0.0,0.0,1.0,0.9731447114269086,0.9731447114269086,0.026855288573091385,0.9731447114269086,0.0,1.0,0.9731447114269086,9,1,2022,1,30,0,0,1,0,1,0,1,GRAVE_LESIONADOS,1
6,1,5,0,4,2,-6.716864499261877,-78.39613588726063,1,4,1,0,1,2,2,2,6543.555,2.0,4,4,1.0,14,33,1198.0,0.2577014608544973,74.22579114843388,47.97766909105582,3.448594689204364,264.7063934891966,8251.053930961787,15935.565011852366,1733.9250000199986,935.692,13265.948011832368,2000.1670000199988,13935.398011832369,12.551591352627522,6,1,0,0,5,40.099472812420764,36.87434101552596,42.51832166009187,0.19371705077629786,0.0,0.0,0.19371705077629786,1,0,0.0,1.0,0.0,0.0,0.0,0.0,1.0,0.0,0.8062829492237021,0.0,20,2,2021,3,4,1,0,0,2,1,0,1,GRAVE_LESIONADOS,1
7,1,14,0,4,1,-15.370368438904892,-70.97242299338221,1,4,4,0,2,1,1,3,7226.083452824626,2.0,2,1,1.0,10,14,1198.0,0.22094869625128233,72.19204658793238,54.64784076587911,5.031410006965954,136.16575244489158,16798.249163475146,13309.079506221082,1946.1820482413698,2153.5077254491,9209.389732530612,3027.4718178415574,10281.607688379523,22.670602898296043,5,1,0,0,4,36.92502857814244,36.92502857814244,36.92502857814244,0.6541714296904061,0.3458285703095939,0.0,0.0,1,0,0.0,0.0,0.6541714296904061,0.3458285703095939,0.0,0.3458285703095939,0.6541714296904061,0.0,0.0,0.0,7,0,2023,2,14,2,0,0,2,1,0,1,GRAVE_LESIONADOS,1
4,1,10,0,4,1,-12.522623801763066,-75.68890866419461,2,4,0,0,2,1,1,0,1587.4738230364,2.0,2,1,0.6421588413584668,9,22,452.0531637597072,0.2512226388431528,74.73571052272364,49.67190858075084,5.436925213284617,211.0482909551608,2813.3031244541144,8194.696138551317,1530.562774168271,1862.004020893921,4802.129343489124,1856.4252456712582,6338.2708928800575,22.6965395204861,6,1,0,0,5,50.0,43.91670030309393,56.08329969690607,1.0,0.0,0.0,0.3578411586415332,1,0,0.0,0.0,0.3578411586415332,0.6421588413584668,0.0,0.6421588413584668,0.3578411586415332,0.0,0.0,0.0,8,1,2021,5,8,3,0,0,1,1,0,1,GRAVE_LESIONADOS,1
6,1,2,0,4,1,-13.646416594936646,-73.33042114267906,0,4,0,0,2,1,0,1,7578.085148486224,2.0,2,0,1.0,9,5,1198.0,0.45961078670697636,78.45797274778157,71.0044619188577,6.803161400384251,573.2093968771759,27073.980565105503,8360.259472832202,1283.8281036714095,1304.101103381197,5772.330265779596,1436.4599397843294,6923.7995330478725,17.181246426243504,6,1,0,0,5,16.0422574803123,16.0422574803123,16.0422574803123,1.0,1.0,0.0,0.0,1,0,0.0,0.0,0.0,0.00845149606246054,0.9915485039375395,0.00845149606246054,0.0,0.0,0.9915485039375395,0.0,1,0,2021,8,19,0,0,0,2,1,0,1,GRAVE_LESIONADOS,1
3,1,19,0,4,1,-5.17478822775884,-80.55367976125378,0,2,7,0,2,2,2,0,1305.18,2.0,2,0,1.0,1,20,163.0,0.6220812987247925,80.20155828147696,72.71675503872983,10.02377668600292,1028.915688621886,159840.92719486082,8965.846000060003,1782.4120000599992,636.9959999999999,6546.438000000004,2214.505000059999,6751.341000000004,24.699342371541725,4,1,0,0,2,35.1332676008354,22.964752281763246,47.30178291990755,1.0,0.8392079530394589,0.8392079530394589,1.0,1,0,0.0,0.8392079530394589,0.0,1.0,0.8392079530394589,0.0,0.16079204696054106,0.8392079530394589,1.0,0.8392079530394589,19,1,2024,2,22,5,0,0,0,1,0,1,GRAVE_LESIONADOS,1
3,1,17,0,4,1,-10.730930145550328,-76.15066696493516,0,4,6,1,2,0,1,1,9867.228933121054,2.0,2,0,1.0,9,31,3775.705401135081,0.3818321695507193,74.16028094814534,81.9532662670351,7.368634622189997,335.35682116542233,3615.8142275526193,3684.3701959854666,583.4808165268686,900.4203410345551,2200.469038424044,602.162862020885,3082.207333964582,16.328277819970264,5,1,0,0,3,39.15997230072163,27.54390582245352,50.77603877898973,1.0,0.0,0.0,0.9680055398556753,1,0,0.0,0.0,0.03199446014432472,0.9680055398556753,0.0,0.9680055398556753,0.03199446014432472,0.0,0.0,0.0,14,3,2023,8,15,4,0,1,1,1,0,1,GRAVE_LESIONADOS,1