CLASE SINIESTRO,CANTIDAD DE VEHICULOS DAÑADOS,DEPARTAMENTO,ZONA,TIPO DE VÍA,RED VIAL,COORDENADAS LATITUD,COORDENADAS  LONGITUD,CONDICIÓN CLIMÁTICA,ZONIFICACIÓN,CARACTERÍSTICAS DE VÍA,PERFIL LONGITUDINAL VÍA,SUPERFICIE DE CALZADA,¿EXISTE SEÑAL VERTICAL?,¿EXISTE SEÑAL HORIZONTAL?,CAUSA FACTOR PRINCIPAL,MTC_RVN_LONGITUD_KM,MTC_RVN_N_CARRILES_MEDIANA,MTC_RVN_SUPERFICIE_DOMINANTE,MTC_RVN_ESTADO_DOMINANTE,MTC_RVN_ES_CONCESIONADA,MTC_RVN_CONCESION_PRINCIPAL,MTC_RVN_CORREDOR_LOGISTICO,MTC_RVN_N_TRAMOS,IDH_2019,IDH_ESP_VIDA_2019,IDH_EDUC_SECUND_PCT_2019,IDH_ANIOS_EDUC_2019,IDH_INGRESO_PERCAP_2019,IDH_POBLACION_2019,MTC_DEP_RED_TOTAL_KM,MTC_DEP_NACIONAL_TOTAL_KM,MTC_DEP_DEPARTAMENTAL_TOTAL_KM,MTC_DEP_VECINAL_TOTAL_KM,MTC_DEP_PAV_TOTAL_KM,MTC_DEP_NO_PAV_TOTAL_KM,MTC_DEP_PCT_PAVIMENTADA,PER_TOTAL_PERSONAS,PER_N_CONDUCTORES,PER_N_CONDUCTORES_FUGADOS,PER_N_PEATONES,PER_N_PASAJEROS_OCUPANTES,PER_EDAD_COND_PROM,PER_EDAD_COND_MIN,PER_EDAD_COND_MAX,PER_ANY_COND_MASCULINO,PER_ANY_LIC_PROBLEMA,PER_ANY_DOSAJE_POS,PER_ANY_DOSAJE_EVALUADO,VEH_TOTAL,VEH_N_FUGADOS,VEH_ANY_FUGADO,VEH_ANY_CARGA,VEH_ANY_PUBLICO,VEH_ANY_PARTICULAR,VEH_ANY_MOTO,VEH_ANY_AUTO,VEH_ANY_CAMION_BUS,VEH_ANY_SOAT_PROBLEMA,VEH_ANY_CITV_PROBLEMA,VEH_ANY_SEGURO_PROBLEMA,HORA_NUM,FRANJA_HORARIA,ANIO,MES,DIA_MES,DIA_SEMANA,ES_FIN_SEMANA,ES_QUINCENA,REGION_NATURAL,TIENE_SEÑALIZACION,ES_VIA_MULTICARRIL,ES_DEPTO_BAJO_PAVIMENTO,CATEGORIA_SEVERIDAD,CATEGORIA_SEVERIDAD_ENC
3,1,6,2,4,1,-13.08738253962209,-72.54803613728984,0,4,7,1,1,2,2,1,7524.489750205084,2.0,2,0,1.0,9,6,1198.0,0.436150315744225,73.41932377429585,70.74989546583852,7.392416012544607,520.3306433335806,18475.543560320584,17668.85233861139,2075.629600204798,2747.823759032017,12845.398979374571,2826.1582330832325,14842.694105528153,15.973783100661961,9,1,0,0,7,43.170989091010824,27.658021817978344,58.68395636404331,1.0,0.9401798347292414,0.0,0.9401798347292414,1,0,0.0,0.05982016527075862,0.9401798347292414,0.9401798347292414,0.0,0.9401798347292414,1.0,0.0,0.9401798347292414,0.0,4,0,2023,3,5,1,0,0,2,1,0,1,GRAVE_LESIONADOS,1
6,1,5,0,4,2,-6.723568539281068,-78.32994479932283,0,4,0,0,2,2,2,0,6543.555,2.0,4,4,1.0,14,33,1198.0,0.2029670373802991,72.56176186510962,38.20684455619058,3.3470795116790484,166.70215069911754,9314.955775381875,15935.565011852366,1733.9250000199986,935.692,13265.948011832368,2000.1670000199988,13935.398011832369,12.551591352627522,7,1,0,0,6,29.05058732922121,29.05058732922121,29.05058732922121,1.0,1.0,0.0,0.8920743510936207,1,0,0.0,1.0,0.0,0.0,0.8920743510936207,0.0,0.10792564890637935,1.0,1.0,1.0,10,1,2024,3,7,5,1,0,2,1,0,1,GRAVE_LESIONADOS,1
4,1,12,0,4,1,-7.640580162130956,-78.45357693961272,0,4,7,1,4,2,2,1,1089.9319389927196,1.5355219160859637,2,0,0.0,9,32,232.65016718873338,0.3796830179844809,75.66372261559611,44.90768587457033,5.835556017312028,586.758609493014,14543.502936614308,8931.828000000005,1335.5899999999997,1935.9830000000004,5660.255000000005,1219.309,7712.519000000005,13.651281686122925,5,1,0,0,4,39.69402395107454,39.426262993031564,39.961784909117526,1.0,0.0,0.0,0.0,1,0,0.0,1.0,0.0,0.0,0.0,0.0,1.0,0.0,0.46447808391403644,0.0,4,0,2021,6,6,1,0,0,0,1,0,1,GRAVE_LESIONADOS,1
4,1,12,0,4,1,-7.642048873932744,-79.39789259643133,0,4,7,1,2,2,2,2,6543.555,2.543595574911292,2,1,1.0,6,31,1348.5759742504279,0.5605164445866666,76.61349501649897,62.760180081206855,7.98931757140171,999.8297352720696,9448.43683083512,8931.828000000005,1335.5899999999997,1935.9830000000004,5660.255000000005,1219.309,7712.519000000005,13.651281686122925,4,1,0,0,3,45.20022742154039,45.20022742154039,45.20022742154039,1.0,0.45640442508870793,0.0,0.0,1,0,0.0,0.0,0.0,1.0,0.0,1.0,0.0,0.0,1.0,0.0,14,3,2023,4,15,6,1,0,0,1,0,1,GRAVE_LESIONADOS,1
3,1,14,1,2,2,-11.902710141364679,-77.046758940812,0,2,7,1,2,1,1,0,4653.584076949985,2.0,3,3,0.6537779229561563,12,29,1138.103580671415,0.7208652194296862,79.94118834733487,77.43960911807247,10.60421868870098,1496.2793242815826,361517.83506367734,7626.313,1683.4029999999998,1599.0829999999996,4343.827000000001,1814.875,5811.438000000001,23.797541485643197,7,2,0,0,5,38.979779882864264,35.344448073903905,42.61511169182462,1.0,0.34622207704384367,0.0,0.0,2,0,0.0,0.0,1.0,0.6537779229561563,0.34622207704384367,0.6537779229561563,1.0,0.34622207704384367,1.0,0.34622207704384367,12,2,2022,4,23,1,0,1,0,1,0,1,GRAVE_LESIONADOS,1
4,1,5,0,4,1,-10.085358434754594,-76.31664107880121,0,4,1,0,1,1,1,2,684.6070670004755,0.8388499641953391,1,0,0.612949988065113,8,22,109.32809859168333,0.5217941132529835,70.15172458208292,67.33249344278954,7.506827091528453,935.5025913939452,8032.35321637671,16649.118797763833,1874.5967786460744,1681.704191553671,13092.817827564088,2340.2082397976055,14308.910557966228,13.960427522041488,6,1,0,0,4,29.048924862748798,25.677699928390677,32.42014979710692,0.612949988065113,0.0,0.0,0.0,1,0,0.0,0.612949988065113,0.0,1.0,0.0,1.0,0.612949988065113,0.0,0.0,0.0,12,1,2021,5,22,6,1,1,2,1,0,1,GRAVE_LESIONADOS,1
4,1,12,0,4,1,-7.865247278274529,-78.07826547815303,0,4,7,1,1,2,2,2,9936.932,2.0,2,0,1.0,9,32,3830.0,0.3986882084754764,72.97869269132666,58.65435142755623,5.605762371496486,527.7120199980477,69564.29978586723,8931.828000000005,1335.5899999999997,1935.9830000000004,5660.255000000005,1219.309,7712.519000000005,13.651281686122925,6,1,0,0,5,42.76666740077427,41.35555653436569,44.177778267182845,1.0,0.0,0.0,0.0,1,0,0.0,0.3527777166021445,0.0,0.6472222833978555,0.0,0.0,1.0,0.0,0.3527777166021445,0.0,12,1,2023,9,18,3,0,0,0,1,0,1,GRAVE_LESIONADOS,1
3,1,18,0,4,1,-5.637978434060338,-80.46222390339668,0,3,7,1,2,2,2,0,480.2197182757614,1.9552316113115131,1,2,0.0,9,32,133.35814710950788,0.47042060630099775,76.1897577613022,62.27986591123089,6.786860203858985,679.2445985429831,43327.81868118813,9113.52343905564,1784.3841371158182,657.9719151412696,6671.167386798552,2186.4813765583694,6927.04206249727,24.173444510963233,5,2,0,0,3,42.02238419434424,39.507547724426644,44.537220664261845,1.0,0.9552316113115131,0.0,0.0,2,0,0.0,0.04476838868848687,0.9552316113115131,1.0,0.9552316113115131,0.04476838868848687,0.04476838868848687,0.0,0.9552316113115131,0.0,16,2,2023,1,18,2,0,1,0,1,0,1,GRAVE_LESIONADOS,1
3,2,3,0,4,1,-16.054312698738517,-71.34783014846194,0,4,1,0,2,0,1,0,1504.4250000000002,2.0,2,0,1.0,7,25,241.0,0.4685280505645348,81.83746865987648,70.74305753660312,6.037751599761188,617.4715908037651,1751.8736616702354,10322.272,1495.236,1749.739,7077.2970000000005,2886.595,7435.677000000001,27.964725207783708,5,2,0,0,3,57.22988075728143,49.97309508035519,64.48666643420765,1.0,0.0,0.0,0.0,2,0,0.0,0.9459523726502734,0.0,1.0,0.0,1.0,1.0,0.0,0.0,0.0,6,1,2021,7,8,5,0,0,0,1,0,1,GRAVE_LESIONADOS,1
4,1,1,0,4,1,-9.092056933504308,-77.58327446351281,0,4,2,0,4,1,1,1,8385.37681036269,2.0,2,1,1.0,11,32,2626.5695355613593,0.2812066345397413,73.64895580876885,45.118030756063476,5.236782617830808,243.74767300283327,2012.9123807004762,10767.648,1885.0630000000003,1222.721,7659.864000000001,2100.343,8667.305000000002,19.506051832303577,6,1,0,0,5,41.58400681741888,30.457230419619545,52.71078321521823,1.0,0.5427695803804556,0.0,0.0,1,0,0.0,0.0,1.0,0.5427695803804556,0.5427695803804556,0.45723041961954436,0.5427695803804556,0.0,1.0,0.5427695803804556,7,0,2023,1,27,1,0,1,0,1,0,1,GRAVE_LESIONADOS,1
6,1,8,0,4,2,-12.951818083438997,-74.81392792870626,3,4,2,0,1,1,0,1,6543.555,2.0,4,4,1.0,14,33,1198.0,0.3246221683917023,66.92062976511623,59.445879395360585,5.583195663129997,389.306723140041,3229.5838993726493,8511.426,1445.3929999999996,2008.516,5057.516999999999,1879.579,6631.846999999998,22.08300935706896,7,1,0,0,6,21.847356107742243,21.847356107742243,21.847356107742243,1.0,0.0,0.0,0.0,1,0,0.0,0.0,0.0,1.0,0.0,0.5496223011060349,0.45037769889396506,0.0,0.0,0.0,15,2,2021,8,6,3,0,0,2,1,0,1,GRAVE_LESIONADOS,1
3,1,13,0,4,1,-11.145973913960646,-77.26703632314153,0,4,7,1,2,2,2,1,883.969638557691,-0.775635280671638,0,0,0.887817640335819,9,16,175.1349773176868,0.5547679719069298,79.08582974810918,60.712885683301806,6.6078454429669735,1142.8091635716298,20707.470646299815,7772.768753276984,1644.384516938122,1636.8772369708622,4491.506999368,1748.0630007842424,6024.705752492742,22.659310119567195,4,1,0,0,3,54.3220852235261,47.663452921007455,60.98071752604474,1.0,0.0,0.0,0.887817640335819,1,0,0.0,0.0,0.0,1.0,0.0,1.0,0.0,0.0,0.112182359664181,0.0,7,1,2021,12,4,6,1,0,0,1,0,1,GRAVE_LESIONADOS,1
5,1,5,0,4,1,-6.975029945925735,-78.22322044714751,0,4,0,0,2,2,2,0,2564.7654528260136,1.1046606339078964,1,2,0.10466063390789626,8,30,1097.7923524949852,0.3970758958658521,71.65995729288244,55.492659716826005,5.941584352757945,532.1712967970391,2194.3418516271886,15935.565011852366,1733.9250000199986,935.692,13265.948011832368,2000.1670000199988,13935.398011832369,12.551591352627522,5,1,0,0,4,35.313981901723686,35.209321267815795,35.418642535631584,1.0,0.10466063390789626,0.0,0.10466063390789626,1,0,0.0,0.0,0.0,1.0,0.0,1.0,0.0,0.0,0.10466063390789626,0.0,5,0,2021,9,9,4,0,0,2,1,0,1,GRAVE_LESIONADOS,1
3,1,12,0,4,1,-7.928022492242107,-79.28792137693416,0,4,7,1,2,2,2,1,6543.555,2.1773520728061104,3,3,1.0,11,32,1247.1265241672927,0.5474424583524898,76.78535953603004,61.02058700789959,7.663207809844822,971.5862558713397,9517.657306874456,8931.828000000005,1335.5899999999997,1935.9830000000004,5660.255000000005,1219.309,7712.519000000005,13.651281686122925,4,1,0,0,2,27.19233731050999,27.19233731050999,27.19233731050999,1.0,0.8226479271938894,0.0,0.0,1,0,0.0,0.0,0.0,1.0,0.0,1.0,0.0,0.0,0.8226479271938894,0.0,10,2,2022,6,22,5,1,1,0,1,0,1,GRAVE_LESIONADOS,1
6,1,9,0,4,2,-12.308836939301495,-75.12557884580788,0,4,0,0,2,1,1,2,6543.555,2.0,4,4,1.0,14,33,1198.0,0.45660435140452593,72.67461546938858,66.01545478769197,7.364100324130257,665.7540321312309,13639.145983335156,12351.544086538328,1821.9710874553225,1245.9545947430618,9283.618404339943,1776.9146439296824,10574.629442608646,14.349170450990364,5,1,0,0,4,35.36985798812379,35.36985798812379,35.36985798812379,0.7899526627079304,0.2100473372920696,0.0,0.7899526627079304,1,0,0.0,0.0,0.0,1.0,0.0,1.0,0.0,0.0,0.0,0.0,7,1,2021,3,18,4,0,0,2,1,0,1,GRAVE_LESIONADOS,1
3,1,14,2,2,4,-12.226457262403164,-76.93847409629896,0,1,4,1,2,2,2,0,6543.555,2.0,4,4,1.0,14,33,1198.0,0.6990481232857558,80.14597904142546,74.3851677794309,10.004397644056358,1432.5044292531525,459161.0728051392,7626.313,1683.4029999999998,1599.0829999999996,4343.827000000001,1814.875,5811.438000000001,23.797541485643197,7,2,0,0,5,57.26623581704857,53.32539933194825,61.20707230214889,1.0,1.0,0.0,0.0,2,0,0.0,0.39408364851003186,0.39408364851003186,0.6059163514899681,0.6059163514899681,0.0,1.0,1.0,0.6059163514899681,1.0,15,1,2023,4,24,6,1,1,0,1,0,1,GRAVE_LESIONADOS,1
3,2,5,1,4,1,-5.825313568629128,-78.77208823365362,0,3,2,1,2,1,0,0,2570.8414495647294,2.0,2,0,1.0,3,20,702.6488960937752,0.5803239946829384,74.49544278598792,68.33065356443184,8.733179344969395,1046.078117086984,102362.46895074946,15935.565011852366,1733.9250000199986,935.692,13265.948011832368,2000.1670000199988,13935.398011832369,12.551591352627522,10,2,0,0,8,39.65057808655328,36.934361042761395,42.366795130345174,1.0,1.0,0.0,0.0,2,0,0.0,1.0,0.0,1.0,0.0,1.0,1.0,0.0,0.3166024348274129,0.0,15,3,2022,9,13,6,1,0,2,1,0,1,GRAVE_LESIONADOS,1
6,1,10,0,4,1,-13.378304277560101,-76.2067475337165,0,4,7,1,2,2,2,0,6639.975,2.0,2,0,1.0,9,31,1616.0,0.5736744275518083,81.67473861808857,68.1608574885675,9.138785887908334,865.1176766860625,26660.92933618844,3721.461,698.1859999999996,744.866,2278.409,1102.9029999999996,2618.558,29.636290693359403,6,1,0,0,4,24.40170800151939,22.400931637192393,26.402484365846384,1.0,0.0,0.0,0.0,1,0,0.0,0.400155272865399,0.0,0.599844727134601,0.0,1.0,0.400155272865399,0.400155272865399,0.400155272865399,0.0,9,1,2022,6,17,1,0,0,0,1,0,1,GRAVE_LESIONADOS,1
4,1,19,2,3,1,-5.18877756100488,-80.60159951498987,0,1,6,1,2,2,2,0,6543.555,2.8495045019274143,2,0,1.0,2,30,1433.3127470338939,0.6220812987247925,80.20155828147696,72.71675503872983,10.02377668600292,1028.915688621886,159840.92719486082,8965.846000060003,1782.4120000599992,636.9959999999999,6546.438000000004,2214.505000059999,6751.341000000004,24.699342371541725,6,2,0,0,4,49.914842289511995,49.8395945404757,49.99009003854829,1.0,0.15049549807258555,0.0,1.0,2,0,0.8495045019274144,0.0,1.0,0.15049549807258555,1.0,0.15049549807258555,0.0,0.15049549807258555,1.0,0.8495045019274144,5,0,2023,4,22,5,0,1,0,1,0,1,GRAVE_LESIONADOS,1
3,2,8,0,4,1,-12.756671018285397,-74.82878541974996,0,4,2,0,2,1,0,1,861.7211874187742,0.007140148807109892,1,0,0.0,9,32,147.41074813991114,0.31596337675887765,69.0597771993377,53.73986013596197,5.030178752519065,346.85548841428067,26900.9781145894,8511.426,1445.3929999999996,2008.516,5057.516999999999,1879.579,6631.846999999998,22.08300935706896,7,2,0,0,5,39.43216858633245,34.467869330368,44.39646784229691,1.0,0.49642992559644505,0.0,0.503570074403555,2,0,0.0,0.503570074403555,0.0,0.49642992559644505,0.503570074403555,0.49642992559644505,0.503570074403555,0.0,0.0,0.0,7,1,2023,8,17,2,0,0,2,1,0,1,GRAVE_LESIONADOS,1
3,1,3,0,4,1,-16.09202600028284,-71.29096627447119,1,4,1,1,2,2,2,1,1424.5573805826511,1.8016425898313673,2,0,0.8016425898313673,7,26,233.2640610034233,0.4785565136545414,81.35255840523133,71.08809911472812,6.414286922337855,636.7296906159429,2022.0657619458268,10322.272,1495.236,1749.739,7077.2970000000005,2886.595,7435.677000000001,27.964725207783708,5,1,0,0,3,35.79342964067453,33.38850187118043,38.19835741016863,1.0,0.0,0.0,0.0,1,0,0.0,0.19835741016863273,0.0,0.8016425898313673,0.0,0.8016425898313673,1.0,0.0,0.0,0.0,12,2,2021,4,10,3,0,0,0,1,0,1,GRAVE_LESIONADOS,1
4,1,5,0,4,1,-7.2934527163415686,-78.33799134998047,0,4,7,1,1,2,2,0,6543.555,2.0,4,4,1.0,14,33,1198.0,0.28774763407491527,76.9216816034948,39.62063938800157,3.676253439852646,334.20296336069345,23738.4581124191,15935.565011852366,1733.9250000199986,935.692,13265.948011832368,2000.1670000199988,13935.398011832369,12.551591352627522,6,2,0,0,3,39.39616497405276,32.973806093410076,45.81852385469544,1.0,0.0,0.0,0.0,2,0,0.558465989621103,0.44153401037889695,0.0,0.558465989621103,0.558465989621103,0.0,0.44153401037889695,0.558465989621103,0.558465989621103,0.558465989621103,15,3,2022,7,17,4,0,0,2,1,0,1,GRAVE_LESIONADOS,1
3,3,13,1,4,1,-7.675205941782387,-78.44568663649355,0,2,7,1,2,2,2,2,8272.095175659297,2.0,2,1,1.0,11,32,2538.70506823594,0.5201589071866171,75.79424979735613,66.69217017576673,7.603172024700323,856.4828715492602,38977.299390488646,8580.34795751986,1553.7311151117183,715.9412173937212,6310.675625014421,1626.344002985988,6954.003954533872,18.694444175422127,6,3,0,0,3,34.69837466744009,20.075091392814407,54.92490860718559,1.0,1.0,0.0,1.0,3,0,0.0,0.0,1.0,0.5093864241018009,1.0,0.5093864241018009,0.0,1.0,1.0,1.0,21,2,2022,1,24,4,0,1,1,1,0,1,GRAVE_LESIONADOS,1
3,2,10,0,4,1,-14.877958499419515,-75.01964720263572,0,4,7,1,2,2,2,0,5665.558086294932,2.0,2,0,1.0,8,30,1376.9015523297578,0.5563774842369664,77.00938809632027,69.10246351364754,8.476961866273152,914.8835608305218,27932.19700214133,3721.461,698.1859999999996,744.866,2278.409,1102.9029999999996,2618.558,29.636290693359403,6,2,0,0,3,47.28547552510883,30.75616207359343,63.81478897662423,1.0,0.0,0.0,0.15123241471868576,2,0,0.0,1.0,0.15123241471868576,0.8487675852813142,0.0,0.8487675852813142,1.0,0.0,0.15123241471868576,0.15123241471868576,6,0,2022,9,27,5,0,1,0,1,0,1,GRAVE_LESIONADOS,1
5,1,7,2,3,1,-8.585509936292828,-78.09274654116268,0,2,2,1,2,1,1,0,2549.896137625772,2.0,2,1,1.0,9,21,461.5813864325339,0.6533624830461012,75.26294209613415,75.37275506952598,10.232234312855123,1269.0055277733031,255448.31860076074,13493.127809540747,1719.0744680818627,1130.690401272162,10643.362940186722,1945.7019201916303,11547.425889349117,15.857247137412838,6,1,0,0,5,29.55609922311052,29.115186395067568,29.997012051153476,1.0,0.0,0.0,0.0,1,0,0.0,0.0,0.2939418853619692,0.7060581146380308,0.2939418853619692,0.7060581146380308,0.2939418853619692,0.0,0.7060581146380308,0.0,4,0,2021,8,25,2,0,1,1,1,0,1,GRAVE_LESIONADOS,1
4,1,9,0,4,1,-10.29548104024512,-76.74746142185953,0,4,2,1,2,1,0,1,696.2518752880371,0.47136322555935406,1,0,0.4904544085197847,8,30,130.57273548881292,0.32256961830246267,69.86514381258591,54.48084052429055,5.006301802154581,361.19807010510186,27920.55373986698,8717.614014250537,1391.5396345813017,1972.9418703868346,5353.1325092824,1555.7466676866416,7161.867346563894,17.947631349415218,7,1,0,0,5,45.07636473184172,39.98090881703957,50.17182064664387,1.0,0.5095455914802153,0.0,0.0,1,0,0.0,0.0,0.0,1.0,0.0,0.5095455914802153,0.4904544085197847,0.4904544085197847,0.4904544085197847,0.4904544085197847,4,0,2021,8,18,3,0,0,1,1,0,1,GRAVE_LESIONADOS,1
5,1,5,0,4,1,-7.023381970827964,-78.27159221356658,0,4,1,0,2,2,2,0,2278.0428759439583,1.2576956481891797,1,2,0.25769564818917967,8,28,936.6464824567938,0.3782914216878295,71.7048909052321,52.58145765395689,5.690120747936167,494.63693461905683,2652.3638522393476,15935.565011852366,1733.9250000199986,935.692,13265.948011832368,2000.1670000199988,13935.398011832369,12.551591352627522,6,1,0,0,5,35.77308694456754,35.51539129637836,36.03078259275672,1.0,0.25769564818917967,0.0,0.25769564818917967,1,0,0.0,0.0,0.0,1.0,0.0,1.0,0.0,0.0,0.25769564818917967,0.0,5,0,2021,9,8,3,0,0,2,1,0,1,GRAVE_LESIONADOS,1
6,1,7,0,4,1,-14.414123606752169,-71.79098502619367,3,4,7,1,2,2,2,2,1972.0617598914598,1.0,1,3,0.0,9,29,561.2303437029657,0.4643410477583474,66.41081871687079,70.34862356257844,6.990848763939485,743.2868708874462,9320.353619781123,17779.13499998999,2097.3709999899997,2863.123,12818.640999999989,2878.713,14900.421999989989,16.19152450331032,4,1,0,0,3,22.805512772085233,22.805512772085233,22.805512772085233,1.0,0.0,0.0,0.0,1,0,0.0,0.0,0.0,1.0,0.0,0.11507325315503336,0.8849267468449666,0.0,0.0,0.0,1,0,2023,2,15,2,0,0,2,1,0,1,GRAVE_LESIONADOS,1
4,1,9,0,4,1,-10.81373976011797,-76.42844215361637,0,4,0,0,2,2,2,0,802.7404831509052,1.4229795983094418,1,0,0.42297959830944165,8,30,120.19571405916955,0.2713069980478029,67.70975964554705,51.134163527865084,5.0139189637738415,272.8023979909973,26870.09465476954,8689.247469088488,1398.948571166828,1977.8360207958215,5312.462877125838,1600.298260624225,7088.949208464262,18.5165605737576,5,1,0,0,4,44.59785702958477,40.57955084564507,48.616163213524466,1.0,0.0,0.0,0.0,1,0,0.0,0.42297959830944165,0.0,1.0,0.0,1.0,0.42297959830944165,0.0,0.42297959830944165,0.0,16,3,2022,7,9,1,0,0,1,1,0,1,GRAVE_LESIONADOS,1
3,2,3,0,4,1,-15.993595709312194,-71.26059545932267,2,4,0,0,2,0,1,0,1504.4250000000002,2.0,2,0,1.0,7,25,241.0,0.4539591154775817,81.6785008153026,61.47889453575546,5.832862118429768,619.9536979930335,1445.5812035110475,10322.272,1495.236,1749.739,7077.2970000000005,2886.595,7435.677000000001,27.964725207783708,8,2,0,0,6,38.11540955955723,32.0,44.23081911911445,1.0,0.7788523898893066,0.0,0.0,2,0,0.0,0.7788523898893066,0.0,0.2211476101106934,0.0,0.2211476101106934,1.0,0.0,0.0,0.0,13,3,2022,3,11,5,0,0,0,1,0,1,GRAVE_LESIONADOS,1
3,1,14,0,4,1,-11.189697295659688,-77.5619842522872,0,4,7,0,2,2,2,2,6543.555,3.0,2,0,1.0,0,30,1475.0,0.7327345537337897,78.20903814342847,76.31492653513806,13.642917835589472,1405.6698219039215,62016.21841541756,7626.313,1683.4029999999998,1599.0829999999996,4343.827000000001,1814.875,5811.438000000001,23.797541485643197,4,1,0,0,2,42.44191913423304,32.57503579484617,52.3088024736199,1.0,0.0,0.0,1.0,1,0,0.0,0.0,0.0,1.0,0.0,1.0,0.7308802473619896,0.0,0.0,0.0,17,1,2023,7,17,0,0,1,0,1,1,1,GRAVE_LESIONADOS,1
3,2,9,0,4,1,-8.161552544954949,-78.83371709130829,0,4,7,1,2,1,1,1,6543.555,2.803133088936246,2,0,1.0,2,30,1420.46786563534,0.5464934086934516,77.40385549924478,66.05339348273058,7.974337876364016,904.3201806798021,15616.13546044372,9293.240212669065,1443.763052222934,1795.565313280845,6053.911847165286,1392.7554421221434,7900.484770546922,14.803892199789793,11,2,0,0,9,50.20469963340437,47.228197800426216,53.181201466382525,1.0,0.0,0.0,0.0,2,0,0.0,1.0,0.8031330889362459,0.1968669110637541,0.0,0.1968669110637541,1.0,0.0,0.0,0.0,7,1,2023,4,3,1,0,0,0,1,0,1,GRAVE_LESIONADOS,1
3,1,11,0,4,1,-11.185530591985378,-75.39380567017145,5,4,6,1,5,1,1,0,582.2327166444425,2.0,2,0,0.04414556208745546,8,9,171.68718462149386,0.5532446558054864,74.57100495542538,63.643739139175715,8.715981551436458,943.320335822333,25581.586094925602,12264.545,1826.4639999999995,1105.5389999999998,9332.542,1588.5359999999996,10676.009,12.952261987705208,25,2,0,0,23,34.57389230713692,33.779272189562725,35.36851242471112,1.0,0.0,0.0,0.04414556208745546,2,0,0.0,0.9558544379125445,1.0,0.04414556208745546,0.0,0.0,1.0,0.0,0.9558544379125445,0.04414556208745546,15,3,2022,1,25,4,0,0,2,1,0,1,GRAVE_LESIONADOS,1
3,1,3,0,4,1,-16.292490025494796,-71.65502302265124,0,4,7,1,2,1,1,0,1504.4250000000002,2.0,2,0,1.0,7,25,241.0,0.6005854857009325,78.21616810641213,77.33056953737615,8.990131073539208,997.299369545304,33348.824192154134,10322.272,1495.236,1749.739,7077.2970000000005,2886.595,7435.677000000001,27.964725207783708,8,2,0,0,6,41.89983436903172,24.97627656108646,58.81812030166286,1.0,0.0,0.0,0.007907812971179928,2,0,0.0,1.0,0.007907812971179928,0.0,0.0,0.0,1.0,0.0,0.0,0.0,15,2,2021,9,13,2,0,0,0,1,0,1,GRAVE_LESIONADOS,1
9,1,5,0,4,0,-7.563255305075441,-78.18742415486415,6,3,0,0,1,0,1,1,6543.555,2.0,4,4,1.0,14,33,1198.0,0.3167090554327187,76.031220079752,39.46136125358492,4.244593711938962,405.5730671502391,26458.306537235498,15935.565011852366,1733.9250000199986,935.692,13265.948011832368,2000.1670000199988,13935.398011832369,12.551591352627522,7,1,0,0,6,48.089449608556244,48.089449608556244,48.089449608556244,1.0,0.0,0.0,0.13035167971479178,1,0,0.0,0.0,0.8696483202852082,0.13035167971479178,0.0,0.8696483202852082,0.13035167971479178,0.13035167971479178,0.13035167971479178,0.13035167971479178,7,1,2022,10,14,1,0,0,2,1,0,1,GRAVE_LESIONADOS,1
5,1,10,0,4,1,-14.848273363277439,-74.9819497360983,0,4,5,1,2,1,1,0,6639.975,2.0,2,0,1.0,9,31,1616.0,0.5563774842369664,77.00938809632027,69.10246351364754,8.476961866273152,914.8835608305218,27932.19700214133,3721.461,698.1859999999996,744.866,2278.409,1102.9029999999996,2618.558,29.636290693359403,4,1,0,0,3,29.87469801745819,26.203931474603063,33.54546456031332,1.0,0.2039314746030626,0.0,0.2039314746030626,1,0,0.0,0.0,0.0,1.0,0.0,0.2039314746030626,0.7960685253969374,0.2039314746030626,0.2039314746030626,0.0,4,0,2023,2,25,2,0,1,0,1,0,1,GRAVE_LESIONADOS,1
6,1,8,0,3,2,-8.956410612648714,-77.9877028418275,2,3,3,0,2,2,2,2,8597.310519899258,2.0,2,1,1.0,10,32,2790.9513662569307,0.6692605945824293,75.97327073124734,75.74236233878803,10.486716638220225,1321.10072916169,254785.35325570847,12655.277416737605,1713.9801614581645,1197.5823921684832,9743.714863110958,1927.0182920168452,10728.259124720762,16.991214878787336,7,2,0,0,4,27.816648741234253,20.18432595031505,41.896968372757605,1.0,0.6052246832283171,0.0,0.0,2,0,0.0,0.6052246832283171,0.0,0.39477531677168287,0.39477531677168287,0.39477531677168287,1.0,0.0,0.39477531677168287,0.39477531677168287,19,2,2021,4,17,4,0,0,1,1,0,1,GRAVE_LESIONADOS,1