CLASE SINIESTRO,CANTIDAD DE VEHICULOS DAÑADOS,DEPARTAMENTO,ZONA,TIPO DE VÍA,RED VIAL,COORDENADAS LATITUD,COORDENADAS  LONGITUD,CONDICIÓN CLIMÁTICA,ZONIFICACIÓN,CARACTERÍSTICAS DE VÍA,PERFIL LONGITUDINAL VÍA,SUPERFICIE DE CALZADA,¿EXISTE SEÑAL VERTICAL?,¿EXISTE SEÑAL HORIZONTAL?,CAUSA FACTOR PRINCIPAL,MTC_RVN_LONGITUD_KM,MTC_RVN_N_CARRILES_MEDIANA,MTC_RVN_SUPERFICIE_DOMINANTE,MTC_RVN_ESTADO_DOMINANTE,MTC_RVN_ES_CONCESIONADA,MTC_RVN_CONCESION_PRINCIPAL,MTC_RVN_CORREDOR_LOGISTICO,MTC_RVN_N_TRAMOS,IDH_2019,IDH_ESP_VIDA_2019,IDH_EDUC_SECUND_PCT_2019,IDH_ANIOS_EDUC_2019,IDH_INGRESO_PERCAP_2019,IDH_POBLACION_2019,MTC_DEP_RED_TOTAL_KM,MTC_DEP_NACIONAL_TOTAL_KM,MTC_DEP_DEPARTAMENTAL_TOTAL_KM,MTC_DEP_VECINAL_TOTAL_KM,MTC_DEP_PAV_TOTAL_KM,MTC_DEP_NO_PAV_TOTAL_KM,MTC_DEP_PCT_PAVIMENTADA,PER_TOTAL_PERSONAS,PER_N_CONDUCTORES,PER_N_CONDUCTORES_FUGADOS,PER_N_PEATONES,PER_N_PASAJEROS_OCUPANTES,PER_EDAD_COND_PROM,PER_EDAD_COND_MIN,PER_EDAD_COND_MAX,PER_ANY_COND_MASCULINO,PER_ANY_LIC_PROBLEMA,PER_ANY_DOSAJE_POS,PER_ANY_DOSAJE_EVALUADO,VEH_TOTAL,VEH_N_FUGADOS,VEH_ANY_FUGADO,VEH_ANY_CARGA,VEH_ANY_PUBLICO,VEH_ANY_PARTICULAR,VEH_ANY_MOTO,VEH_ANY_AUTO,VEH_ANY_CAMION_BUS,VEH_ANY_SOAT_PROBLEMA,VEH_ANY_CITV_PROBLEMA,VEH_ANY_SEGURO_PROBLEMA,HORA_NUM,FRANJA_HORARIA,ANIO,MES,DIA_MES,DIA_SEMANA,ES_FIN_SEMANA,ES_QUINCENA,REGION_NATURAL,TIENE_SEÑALIZACION,ES_VIA_MULTICARRIL,ES_DEPTO_BAJO_PAVIMENTO,CATEGORIA_SEVERIDAD,CATEGORIA_SEVERIDAD_ENC
6,0,10,0,4,1,-12.468007091566424,-74.36105289668274,0,4,7,1,2,2,2,1,7073.3502295993885,2.492216183287467,2,0,1.0,4,17,1334.3438827706284,0.5629139892917063,75.9009446531655,71.83106502637912,9.036769818906446,897.137717095987,23426.696694909777,12227.356365469932,1953.9773884689585,1797.2255790932932,8476.153397907683,2716.644788398352,9510.71157707158,21.9365071226148,10,1,0,0,9,26.429945649587204,26.429945649587204,26.429945649587204,1.0,0.0,0.0,0.49221618328746686,1,0,0.0,0.0,0.49221618328746686,0.5077838167125331,0.0,0.5077838167125331,0.49221618328746686,0.0,0.5077838167125331,0.0,15,1,2022,7,19,3,0,0,1,1,0,1,GRAVE_LESIONADOS,1
6,1,11,0,4,1,-9.385902671057213,-78.17088467974826,0,4,7,1,2,2,2,0,6668.077981303488,2.8806505774645776,2,0,1.0,1,27,1441.940209957688,0.48811324983461896,77.41616982100138,55.60187500231078,6.3976529037650085,817.4074948541889,9867.818007471415,8881.653264067269,1348.6949246426566,1944.639771664762,5588.3185677598485,1298.111843217463,7583.541420849804,14.657603514626274,4,1,0,0,3,39.73236097182698,39.73236097182698,39.73236097182698,1.0,0.0,0.0,0.0,1,0,0.0,0.0,0.0,1.0,0.0,1.0,0.0,0.0,0.0,0.0,5,0,2021,3,18,4,0,0,0,1,0,1,GRAVE_LESIONADOS,1
4,1,14,2,4,4,-12.185803277176293,-76.94159182024259,0,0,7,0,4,2,2,0,6543.555,2.0,4,4,1.0,14,33,1198.0,0.6936256954711667,79.98991763681973,74.0977095150883,9.85812666033434,1419.2002912414264,455344.5794209889,7626.313,1683.4029999999998,1599.0829999999996,4343.827000000001,1814.875,5811.438000000001,23.797541485643197,5,1,0,0,3,58.56151330849797,58.56151330849797,58.56151330849797,1.0,0.41291118958921325,0.0,0.0,1,0,0.0,0.0,0.5870888104107868,0.41291118958921325,1.0,0.0,0.41291118958921325,1.0,1.0,0.41291118958921325,10,0,2024,8,19,3,0,1,0,1,0,1,GRAVE_LESIONADOS,1
1,1,3,0,5,2,-15.85021042557767,-72.44187635244539,0,4,1,0,4,1,1,0,6543.555,2.0,4,4,1.0,14,33,1198.0,0.5399181954660731,80.31795510964129,63.45764429060573,8.628014910542147,809.1458512240954,7850.8314315050975,10322.272,1495.236,1749.739,7077.2970000000005,2886.595,7435.677000000001,27.964725207783708,5,1,0,0,3,28.312531231633827,27.387518738980297,29.23754372428736,1.0,0.0,0.0,0.0,1,0,0.0,0.5374937536732345,0.0,0.4625062463267655,0.0,0.4625062463267655,1.0,0.0,0.5374937536732345,0.0,11,1,2021,6,21,2,0,1,0,1,0,1,GRAVE_LESIONADOS,1
3,2,10,0,4,1,-14.936705977817187,-75.03481423533806,0,3,0,0,2,1,0,0,6639.975,2.0,2,0,1.0,9,31,1616.0,0.5587901591990655,77.10202684516818,69.03034219358095,8.509320346881625,922.2814215321448,27932.19700214133,3721.461,698.1859999999996,744.866,2278.409,1102.9029999999996,2618.558,29.636290693359403,6,2,0,0,4,47.15490236313581,27.95070033759083,66.35910438868079,1.0,1.0,0.0,1.0,2,0,0.0,0.9507003375908301,0.0,1.0,0.04929966240916994,0.9507003375908301,1.0,0.0,0.0,0.0,4,0,2022,1,27,4,0,1,0,1,0,1,GRAVE_LESIONADOS,1
3,2,7,2,2,3,-13.542167075514552,-71.90189826582439,0,2,0,0,2,0,1,2,6546.00423216466,2.0,3,3,1.0,13,32,1198.0,0.6805547729464828,77.49607068641329,82.65872417220858,11.045943108187291,1245.501554911948,131272.4960467059,17769.42391845071,2097.1912022715674,2861.928121716623,12810.304594462516,2879.7349469259834,14889.688971524723,16.210541213108375,6,2,0,0,4,44.48474141986156,32.98826263066273,55.981220209060375,1.0,0.9976525261325468,0.0,0.0,2,0,0.0,0.0,0.0023474738674531537,1.0,0.0023474738674531537,1.0,0.9976525261325468,0.0,1.0,0.0,19,1,2021,8,20,4,0,0,2,1,0,1,GRAVE_LESIONADOS,1
3,2,6,0,4,1,-13.595429488325928,-74.14949598968948,0,4,5,1,3,1,1,0,6616.371396245174,2.0,2,0,1.0,10,31,1513.6736530852786,0.5729225201819279,75.95934516738556,67.6832418854922,8.240635784564939,1029.3689444705205,74965.89805040744,9990.21908747845,1565.5366483438315,1477.3396549164404,6947.342784218178,2722.0674533689576,7268.151634109492,27.165359904169655,6,2,0,0,4,31.979199492006902,27.77600063499137,36.182398349022435,1.0,0.2447998730017259,0.0,1.0,2,0,0.0,0.0,0.0,0.7552001269982741,0.2447998730017259,0.7552001269982741,0.7552001269982741,0.2447998730017259,1.0,0.0,14,3,2021,2,20,2,0,0,0,1,0,1,GRAVE_LESIONADOS,1
6,1,6,0,4,3,-11.057061407656827,-74.32375736434592,0,4,0,0,1,1,0,0,6543.555,2.0,4,4,1.0,14,33,1198.0,0.38319473971148554,75.49073455082488,53.52440959932767,5.979884149952415,492.04440532884945,2620.668268540542,17190.267576391285,1981.2802027885361,2247.4689513675125,12961.518422235236,2598.0905539577993,14592.177022433485,15.028868314336773,10,1,0,0,9,49.542740623831925,49.542740623831925,49.542740623831925,1.0,0.6805830929187673,0.0,0.3194169070812327,1,0,0.0,0.6805830929187673,0.0,0.3194169070812327,0.0,0.3194169070812327,0.6805830929187673,0.6805830929187673,1.0,0.0,8,1,2023,3,11,4,0,0,2,1,0,1,GRAVE_LESIONADOS,1
5,1,5,0,4,1,-6.892301706214748,-78.78213998460235,5,4,0,1,6,1,1,0,6690.86504589962,2.0,3,3,1.0,13,31,1311.3826752907928,0.3514786605580768,66.79060593649571,47.44483384054554,5.43813481666958,484.8540116647649,12061.330227219534,15935.565011852366,1733.9250000199986,935.692,13265.948011832368,2000.1670000199988,13935.398011832369,12.551591352627522,5,1,0,0,3,42.72584787930331,42.48331809258504,42.96837766602158,1.0,0.1212648933591367,0.0,0.1212648933591367,1,0,0.0,0.0,0.0,1.0,0.1212648933591367,0.8787351066408633,0.0,0.0,0.1212648933591367,0.0,17,1,2021,3,11,5,1,0,2,1,0,1,GRAVE_LESIONADOS,1
5,1,3,0,4,1,-16.331148616704102,-72.01773039922324,0,4,6,1,2,2,2,0,6629.006071932065,2.0,2,0,1.0,9,31,1568.4475012196983,0.6234741752443215,78.29679181358259,76.9781612429931,8.33738396447276,1179.4021068995519,2561.981113807812,10322.272,1495.236,1749.739,7077.2970000000005,2886.595,7435.677000000001,27.964725207783708,26,1,0,0,25,30.275239176090988,30.275239176090988,30.275239176090988,1.0,0.11376195880454942,0.0,0.8862380411954506,1,0,0.0,0.0,0.8862380411954506,0.11376195880454942,0.0,0.0,1.0,0.0,0.0,0.0,5,0,2023,11,9,4,0,0,0,1,0,1,GRAVE_LESIONADOS,1
4,1,14,2,2,4,-12.032715521801219,-77.00914388137677,0,0,4,0,2,2,2,0,6543.555,2.0,4,4,1.0,14,33,1198.0,0.7087087931111489,80.00388497009016,76.28859790288665,10.471721756158956,1438.3983145818688,498216.65798693604,7626.313,1683.4029999999998,1599.0829999999996,4343.827000000001,1814.875,5811.438000000001,23.797541485643197,6,1,0,0,4,37.917857633041194,31.753448512502647,44.082266753579745,1.0,0.4109606080359033,0.0,0.0,1,0,0.0,0.0,0.0,1.0,0.0,0.4109606080359033,0.5890393919640967,0.0,0.0,0.4109606080359033,16,2,2023,8,21,1,0,0,0,1,0,1,GRAVE_LESIONADOS,1
1,1,17,0,3,3,-7.749577999997066,-79.4470535569961,3,3,4,1,4,1,1,0,6543.555,2.0,4,4,1.0,14,33,1198.0,0.6003610380607208,77.83426133017105,69.49807666994798,8.823214889517903,1153.3359415156717,44386.03033181917,8494.112091876865,1747.5446973944315,975.807407036527,5770.759987445907,2073.770115777875,6420.341976098991,24.381761500977976,7,1,0,0,5,44.04325922783547,43.338933305051924,44.74758515061902,1.0,0.6478370386082265,0.0,0.0,1,0,0.0,0.6478370386082265,0.3521629613917735,0.3521629613917735,0.6478370386082265,0.0,0.3521629613917735,1.0,1.0,1.0,17,2,2022,4,15,4,0,0,0,1,0,1,GRAVE_LESIONADOS,1
3,0,11,0,4,1,-11.945562076367688,-75.32876035844174,5,1,7,1,2,2,2,0,243.82690644890607,2.0,0,2,0.2879280077520695,7,32,17.19820019380174,0.5094324469192663,69.80046164182401,68.30814412618273,8.9065528403411,781.4898849740999,1269.9314775160597,12264.545,1826.4639999999995,1105.5389999999998,9332.542,1588.5359999999996,10676.009,12.952261987705208,6,1,0,0,5,43.73369181782637,42.66558382945447,44.80179980619826,1.0,0.2879280077520695,0.0,0.0,1,0,0.0,0.0,0.0,1.0,0.2879280077520695,0.7120719922479305,0.7120719922479305,0.0,0.2879280077520695,0.0,12,1,2021,3,26,4,0,1,2,1,0,1,GRAVE_LESIONADOS,1
5,1,9,0,4,1,-9.348207079821634,-76.74682574939584,0,4,1,0,1,2,2,2,6543.555,2.1784506740983747,3,3,1.0,11,32,1247.4308367252497,0.25441248678089784,77.74432513484417,39.63176324337168,2.820809377733167,418.90306305689717,24751.32206625892,8338.035972168758,1333.8548878236954,996.1256418725854,6008.055442472476,1088.3129599849856,7249.723012183772,13.042980176387648,5,1,0,0,4,45.2861973036065,42.787887866229255,47.78450674098375,1.0,0.17845067409837478,0.0,0.0,1,0,0.0,0.8215493259016252,0.17845067409837478,0.17845067409837478,0.17845067409837478,0.0,1.0,0.0,0.8215493259016252,0.17845067409837478,14,2,2021,4,5,0,0,0,1,1,0,1,GRAVE_LESIONADOS,1
5,1,7,0,4,1,-14.50706251536561,-71.71601445970698,3,4,7,1,2,1,1,1,1898.223569986488,1.0795881473720423,1,2,0.07958814737204245,8,30,496.0486992002752,0.4666993798729505,65.52717798645725,70.78692349437274,7.08857413417104,757.6025470361836,8979.928124552967,17779.13499998999,2097.3709999899997,2863.123,12818.640999999989,2878.713,14900.421999989989,16.19152450331032,4,1,0,0,3,23.114234063208595,23.114234063208595,23.114234063208595,1.0,0.0,0.0,0.07958814737204245,1,0,0.0,0.0,0.0,1.0,0.0,0.07958814737204245,1.0,0.0,0.07958814737204245,0.0,1,0,2024,2,14,2,0,0,2,1,0,1,GRAVE_LESIONADOS,1
6,1,10,1,4,1,-13.853430042556734,-75.74959565263474,0,4,6,0,2,2,2,5,6634.22808201303,2.0,2,0,1.0,9,31,1591.0859601892375,0.6138750798688493,80.06009696763732,74.73739120226567,9.115608751327398,1038.8568745119132,31437.146399691028,3836.1177357248052,705.152990702105,758.0044010133158,2372.9603440093842,1097.568713347024,2738.5490223777806,28.939863004958347,5,1,0,0,4,22.178808898163368,22.178808898163368,22.178808898163368,1.0,0.9403970339455442,0.0,0.9403970339455442,1,0,0.0,0.0,0.0,1.0,0.0,0.0,1.0,1.0,1.0,0.05960296605445581,16,3,2021,1,20,3,0,1,0,1,0,1,GRAVE_LESIONADOS,1
5,1,9,0,4,2,-9.944189038825325,-76.17480458100438,0,4,7,1,5,1,1,0,6543.555,2.0,4,4,1.0,14,33,1198.0,0.2910044784180646,75.26095605082452,35.25634893992755,4.801442918534926,410.2374014501851,13633.09295159231,9294.270007635183,1377.204345310509,1887.4354502461042,6029.6302120785695,1653.9144103164363,7640.355597318747,17.38231523092119,8,1,0,0,7,23.521332765124203,22.478667234875797,24.56399829537261,1.0,0.0,0.0,0.26066638256210173,1,0,0.0,0.26066638256210173,0.0,1.0,0.0,0.26066638256210173,1.0,0.0,0.0,0.0,18,2,2023,7,24,3,0,1,0,1,0,1,GRAVE_LESIONADOS,1
6,1,10,0,4,1,-13.356773165069662,-76.21982490823112,0,4,7,1,2,2,2,0,6639.975,2.0,2,0,1.0,9,31,1616.0,0.5736744275518083,81.67473861808857,68.1608574885675,9.138785887908334,865.1176766860625,26660.92933618844,3721.461,698.1859999999996,744.866,2278.409,1102.9029999999996,2618.558,29.636290693359403,5,1,0,0,4,39.62696944500065,39.62696944500065,39.62696944500065,1.0,0.0,0.0,0.0,1,0,0.0,0.0,0.0,1.0,0.0,0.14665350239127617,0.8533464976087238,0.0,0.8533464976087238,0.0,8,1,2022,7,9,5,0,0,0,1,0,1,GRAVE_LESIONADOS,1
3,1,11,0,4,1,-11.636795771125213,-76.04233409591576,0,4,0,1,2,0,1,2,783.0093616596564,2.0,2,0,1.0,3,16,139.482465506001,0.6806928396398221,78.61289928931743,68.50098935507806,9.999277999802473,1465.3082242571013,4231.065341402078,12264.545,1826.4639999999995,1105.5389999999998,9332.542,1588.5359999999996,10676.009,12.952261987705208,6,2,0,0,4,36.66032267106604,28.365085495371815,44.95555984676027,1.0,0.0,0.0,1.0,2,0,0.0,0.0,0.0,1.0,0.0,0.8634914504628183,1.0,0.0,0.0,0.0,4,0,2022,4,12,4,0,0,2,1,0,1,GRAVE_LESIONADOS,1
3,1,20,0,4,1,-15.426832831610708,-70.1728138468546,5,4,7,1,3,2,2,1,7349.564901070267,2.0,2,0,1.0,10,11,1198.0,0.35729839815279996,74.8386257899974,66.4686737956244,5.764710470778476,355.69627850240187,5399.909777823989,13642.312999999998,2020.7790000000005,2354.117,9267.416999999998,3314.0520000000006,10328.260999999997,24.29244952817019,4,1,0,0,3,28.819819265899646,28.0472966741371,29.592341857662188,1.0,0.22747740823745555,0.0,0.22747740823745555,1,0,0.0,0.0,0.0,1.0,0.0,0.7725225917625445,0.22747740823745555,0.0,0.7725225917625445,0.7725225917625445,19,2,2021,6,23,4,0,1,2,1,0,1,GRAVE_LESIONADOS,1
6,1,12,0,4,1,-8.76560264284775,-78.7274065532334,0,4,7,1,2,2,2,0,6543.555,3.0,2,0,1.0,0,30,1475.0,0.5082332707501581,77.56659628657047,57.10534186611812,6.680386942916605,876.5534891816402,9598.124504842046,8931.828000000005,1335.5899999999997,1935.9830000000004,5660.255000000005,1219.309,7712.519000000005,13.651281686122925,4,1,0,0,3,40.3116639334743,40.3116639334743,40.3116639334743,1.0,0.0,0.0,0.0,1,0,0.0,0.0,0.0,1.0,0.0,1.0,0.0,0.0,0.16883360665257008,0.0,8,1,2021,2,17,5,1,0,0,1,1,1,GRAVE_LESIONADOS,1
6,1,8,1,4,1,-13.552363254197967,-75.19294026354441,0,4,0,0,2,1,1,0,1679.5849999999998,2.0,2,3,1.0,9,24,315.0,0.4855750098715022,73.64487576324744,51.756306711574716,8.206888581576909,784.6144841339701,2287.611037618237,8511.426,1445.3929999999996,2008.516,5057.516999999999,1879.579,6631.846999999998,22.08300935706896,4,1,0,0,3,39.3165810296954,39.3165810296954,39.3165810296954,1.0,0.0,0.0,0.0,1,0,0.0,0.0,0.0,1.0,0.0,1.0,0.0,0.0,0.0,0.0,14,2,2022,3,14,5,1,0,2,1,0,1,GRAVE_LESIONADOS,1
5,2,3,0,4,1,-16.036406518386496,-71.31904336553332,0,4,0,0,2,0,1,0,1504.4250000000002,2.0,2,0,1.0,7,25,241.0,0.464211733804901,81.79037149267229,67.99837772398266,5.977049297440172,618.2069610141685,1661.1288500136939,10322.272,1495.236,1749.739,7077.2970000000005,2886.595,7435.677000000001,27.964725207783708,5,2,0,0,3,37.07687360189603,32.0,42.153747203792065,1.0,0.2307494407584133,0.0,0.0,2,0,0.0,1.0,0.0,0.7692505592415867,0.0,0.7692505592415867,1.0,0.0,0.0,0.0,6,0,2023,5,5,2,0,0,0,1,0,1,GRAVE_LESIONADOS,1
4,1,14,2,3,2,-12.071899518448648,-77.0186493330366,0,0,7,1,2,1,0,3,6601.091030706042,2.0,2,1,1.0,11,31,1447.4302098643986,0.784297655915842,80.49872545301444,78.92749613324938,12.423427119024456,1710.664869829093,361474.78171926166,7626.313,1683.4029999999998,1599.0829999999996,4343.827000000001,1814.875,5811.438000000001,23.797541485643197,9,1,0,4,2,30.596722990106215,30.596722990106215,30.596722990106215,1.0,0.0,0.0,0.0,1,0,0.0,0.0,0.4032770098937829,1.0,0.4032770098937829,1.0,0.0,0.0,0.4032770098937829,0.0,6,1,2023,3,19,3,0,1,0,1,0,1,GRAVE_LESIONADOS,1
3,2,5,2,4,1,-5.785279386724304,-78.76886627997273,0,2,2,0,2,1,0,0,2727.207639263317,2.0,2,0,1.0,3,20,745.7638596086181,0.5803239946829384,74.49544278598792,68.33065356443184,8.733179344969395,1046.078117086984,102362.46895074946,15935.565011852366,1733.9250000199986,935.692,13265.948011832368,2000.1670000199988,13935.398011832369,12.551591352627522,10,2,0,0,8,40.813989824155236,39.976787788986286,41.651191859324186,1.0,1.0,0.0,0.33720203516895275,2,0,0.0,0.6627979648310472,0.33720203516895275,1.0,0.33720203516895275,0.6627979648310472,0.6627979648310472,0.0,0.33720203516895275,0.33720203516895275,14,3,2022,10,7,3,0,0,2,1,0,1,GRAVE_LESIONADOS,1
3,1,10,0,4,1,-13.392855869941158,-76.19913729556185,4,4,6,1,4,2,2,0,6639.975,2.0,2,0,1.0,9,31,1616.0,0.5736744275518083,81.67473861808857,68.1608574885675,9.138785887908334,865.1176766860625,26660.92933618844,3721.461,698.1859999999996,744.866,2278.409,1102.9029999999996,2618.558,29.636290693359403,6,2,0,0,3,35.424948374400735,31.89993116586765,38.94996558293382,1.0,0.7374913957334559,0.0,0.0,2,0,0.0,1.0,0.0,0.7374913957334559,0.7374913957334559,1.0,0.2625086042665441,0.2625086042665441,1.0,0.7374913957334559,7,0,2023,3,16,1,0,0,0,1,0,1,GRAVE_LESIONADOS,1
6,1,11,0,4,1,-8.170196572360647,-77.36419587257528,0,4,6,0,6,1,1,0,1507.2900041914993,1.121889212080359,2,1,0.12188921208035897,9,31,260.55713114898225,0.22492868577262085,81.24771319255633,24.006172118659393,3.920047940833562,197.57924996264364,3472.220930695184,8880.585531462997,1348.9738011540594,1944.823990219825,5586.787740089113,1299.7887900602987,7580.796741402698,14.679018328410697,5,1,0,0,4,38.584559757044666,38.584559757044666,38.584559757044666,1.0,0.0,0.0,0.0,1,0,0.0,0.0,0.0,1.0,0.0,0.12188921208035897,0.878110787919641,0.0,0.878110787919641,0.0,13,2,2022,4,6,5,1,0,0,1,0,1,GRAVE_LESIONADOS,1
4,1,7,0,4,0,-13.755209288462542,-72.07890469214009,0,2,0,0,1,2,2,2,7055.04898376311,2.0,3,2,1.0,11,19,1198.0,0.25964765756747366,67.51575821217179,45.41909420529848,4.505159605417511,260.94357106723635,7596.606625919287,17779.13499998999,2097.3709999899997,2863.123,12818.640999999989,2878.713,14900.421999989989,16.19152450331032,5,1,0,0,4,28.26463560035131,27.039028267603484,29.49024293309913,1.0,0.0,0.0,0.5097570669008714,1,0,0.0,0.0,0.0,1.0,0.0,0.4902429330991286,0.5097570669008714,0.0,0.4902429330991286,0.0,11,2,2023,7,4,3,0,0,2,1,0,1,GRAVE_LESIONADOS,1
4,1,12,0,4,1,-9.682720120125712,-78.22503036023718,0,4,7,1,2,2,2,0,6583.544146383341,2.5852608755098467,2,0,1.0,3,30,1533.4782165531117,0.6494257565790639,76.91338678529414,73.38121525572366,9.830257809508293,1267.345012520442,8363.525165692974,8390.37985189124,1479.8416591062935,1796.2573889592672,5114.280803825679,1466.3135214161027,6924.066330475138,17.859332592225602,14,1,0,0,13,33.65895649796062,28.682087004078774,38.63582599184245,1.0,0.0,0.0,0.0,1,0,0.0,0.4147391244901535,0.4147391244901535,0.5852608755098465,0.0,0.5852608755098465,0.4147391244901535,0.0,0.5852608755098465,0.0,14,1,2023,4,10,4,0,0,0,1,0,1,GRAVE_LESIONADOS,1
3,1,11,0,4,1,-11.46569099328626,-75.35014385195976,3,4,6,1,4,1,1,0,455.1624859735605,2.0,2,0,0.3593389905157872,6,16,126.61452435624243,0.5590525340805075,73.70151674963097,68.78132183452342,9.1037259274552,931.5010225612762,23766.817072542406,12264.545,1826.4639999999995,1105.5389999999998,9332.542,1588.5359999999996,10676.009,12.952261987705208,19,2,0,0,17,38.671406876705234,32.20330504742106,45.1395087059894,1.0,0.0,0.0,0.3593389905157872,2,0,0.0,0.6406610094842128,1.0,0.3593389905157872,0.0,0.0,1.0,0.0,0.6406610094842128,0.3593389905157872,14,3,2022,1,18,4,0,0,2,1,0,1,GRAVE_LESIONADOS,1
4,1,12,0,4,1,-7.757190660601143,-78.47460204235698,0,4,7,1,4,2,2,1,6543.555,2.5246409323191314,2,1,1.0,6,31,1343.3255382523994,0.3751740783346968,75.61669908124021,44.40856481596047,5.773963197433895,577.5827491793615,14519.618128757313,8931.828000000005,1335.5899999999997,1935.9830000000004,5660.255000000005,1219.309,7712.519000000005,13.651281686122925,11,1,0,0,10,37.427625638776114,36.64066424029742,38.214587037254816,1.0,0.0,0.0,0.0,1,0,0.0,0.5246409323191314,0.5246409323191314,0.47535906768086855,0.0,0.0,1.0,0.0,0.0,0.0,11,1,2024,6,13,1,0,0,0,1,0,1,GRAVE_LESIONADOS,1
4,1,10,0,4,1,-12.232862358711241,-75.65552993291311,0,4,0,1,2,2,2,0,1117.5569287535589,1.3635144573692668,1,0,0.0,9,27,339.6586394988972,0.3488025916460328,67.58238644505425,55.77745160825633,5.789543253136552,578.7981353647191,26157.156146803336,8189.674628094516,1531.913075998459,1859.681185175929,4798.080366920128,1856.058160550379,6333.616467544136,22.706266573429797,6,1,0,0,4,46.36552591077637,40.73105182155273,52.0,1.0,0.0,0.0,0.3635144573692667,1,0,0.0,0.3635144573692667,0.0,0.6364855426307333,0.0,1.0,0.3635144573692667,0.0,0.0,0.0,16,3,2023,5,7,0,0,0,1,1,0,1,GRAVE_LESIONADOS,1
6,1,8,0,4,1,-13.13928565199365,-75.5501416089804,0,4,2,1,2,1,1,0,1482.81,1.0,1,3,0.0,9,16,270.0,0.3350977923231871,68.89558289355473,47.3438883832626,6.105182048508107,369.6405022278763,1173.4582441113491,8511.426,1445.3929999999996,2008.516,5057.516999999999,1879.579,6631.846999999998,22.08300935706896,4,1,0,0,3,26.666921254830882,26.666921254830882,26.666921254830882,1.0,0.35899394267929874,0.0,0.0,1,0,0.0,0.0,0.0,1.0,0.0,1.0,0.0,0.0,0.0,0.0,7,1,2022,5,5,3,0,0,2,1,0,1,GRAVE_LESIONADOS,1
3,1,14,2,2,4,-12.029720821407421,-76.95160748056334,5,4,6,1,5,2,2,0,6543.555,2.0,4,4,1.0,14,33,1198.0,0.692299827136538,79.69221614023316,76.5751032732234,9.394283369246594,1438.2108302793472,690302.6679443669,7626.313,1683.4029999999998,1599.0829999999996,4343.827000000001,1814.875,5811.438000000001,23.797541485643197,9,1,0,0,7,39.0861487142378,33.67859346745843,44.49370396101718,1.0,0.9012592077965633,0.0,0.0,1,0,0.0,0.9012592077965633,1.0,0.0,0.09874079220343668,0.0,0.9012592077965633,0.9012592077965633,1.0,0.9012592077965633,20,1,2022,4,10,5,1,0,0,1,0,1,GRAVE_LESIONADOS,1
6,1,5,0,4,2,-7.944720319902205,-77.29968144373117,0,4,0,0,2,1,0,2,6543.555,2.0,4,4,1.0,14,33,1198.0,0.21406725914544839,73.50015985124124,38.971950923196815,3.8016578458500625,164.8930823774249,1588.1952692297984,16237.76348740977,1793.5011635749952,1251.636994597405,13192.62532923737,2144.1784905570157,14093.584996852755,13.148250148520807,4,1,0,0,3,27.917607861408346,27.917607861408346,27.917607861408346,1.0,0.0,0.0,1.0,1,0,0.0,0.16392026204694488,0.0,0.8360797379530551,0.0,0.8360797379530551,0.16392026204694488,0.0,0.8360797379530551,0.0,13,3,2023,2,5,0,0,0,2,1,0,1,GRAVE_LESIONADOS,1
4,1,12,0,4,1,-9.796372674113336,-76.67771170398872,0,4,2,1,1,2,2,1,6543.555,2.0,4,4,1.0,14,33,1198.0,0.36386007590301817,70.23250573144831,52.242211589159666,5.667305766951999,548.0431810788102,37306.159597463164,9483.198826418771,1672.8805436443756,1061.4059833580313,6748.9122994163645,2470.846047084905,7012.352779333866,25.944788152990867,8,1,0,0,7,43.70196213261567,42.93914451280942,44.46477975242192,1.0,0.0,0.3814088099031234,1.0,1,0,0.0,0.3814088099031234,0.6185911900968766,0.3814088099031234,0.0,0.3814088099031234,0.6185911900968766,0.0,0.6185911900968766,0.0,9,1,2022,9,14,6,1,0,0,1,0,1,GRAVE_LESIONADOS,1
3,3,3,1,4,0,-16.510219272885628,-71.80773913215054,0,4,1,1,2,0,1,0,6626.392449207058,2.0,2,0,1.0,9,31,1557.11692354854,0.6105481451420971,78.10653088113892,68.35418098658066,8.411557426919764,1158.5430895193692,35025.678800856535,10322.272,1495.236,1749.739,7077.2970000000005,2886.595,7435.677000000001,27.964725207783708,8,3,0,0,4,40.10175378974937,30.15478837629483,47.900890713081054,1.0,0.0,0.14086860395086132,0.14086860395086132,3,0,0.0,1.0,0.0,1.0,0.0,1.0,0.8591313960491387,0.0,0.0,0.0,18,1,2022,8,23,4,0,1,0,1,0,1,GRAVE_LESIONADOS,1