CLASE SINIESTRO,CANTIDAD DE VEHICULOS DAÑADOS,DEPARTAMENTO,ZONA,TIPO DE VÍA,RED VIAL,COORDENADAS LATITUD,COORDENADAS  LONGITUD,CONDICIÓN CLIMÁTICA,ZONIFICACIÓN,CARACTERÍSTICAS DE VÍA,PERFIL LONGITUDINAL VÍA,SUPERFICIE DE CALZADA,¿EXISTE SEÑAL VERTICAL?,¿EXISTE SEÑAL HORIZONTAL?,CAUSA FACTOR PRINCIPAL,MTC_RVN_LONGITUD_KM,MTC_RVN_N_CARRILES_MEDIANA,MTC_RVN_SUPERFICIE_DOMINANTE,MTC_RVN_ESTADO_DOMINANTE,MTC_RVN_ES_CONCESIONADA,MTC_RVN_CONCESION_PRINCIPAL,MTC_RVN_CORREDOR_LOGISTICO,MTC_RVN_N_TRAMOS,IDH_2019,IDH_ESP_VIDA_2019,IDH_EDUC_SECUND_PCT_2019,IDH_ANIOS_EDUC_2019,IDH_INGRESO_PERCAP_2019,IDH_POBLACION_2019,MTC_DEP_RED_TOTAL_KM,MTC_DEP_NACIONAL_TOTAL_KM,MTC_DEP_DEPARTAMENTAL_TOTAL_KM,MTC_DEP_VECINAL_TOTAL_KM,MTC_DEP_PAV_TOTAL_KM,MTC_DEP_NO_PAV_TOTAL_KM,MTC_DEP_PCT_PAVIMENTADA,PER_TOTAL_PERSONAS,PER_N_CONDUCTORES,PER_N_CONDUCTORES_FUGADOS,PER_N_PEATONES,PER_N_PASAJEROS_OCUPANTES,PER_EDAD_COND_PROM,PER_EDAD_COND_MIN,PER_EDAD_COND_MAX,PER_ANY_COND_MASCULINO,PER_ANY_LIC_PROBLEMA,PER_ANY_DOSAJE_POS,PER_ANY_DOSAJE_EVALUADO,VEH_TOTAL,VEH_N_FUGADOS,VEH_ANY_FUGADO,VEH_ANY_CARGA,VEH_ANY_PUBLICO,VEH_ANY_PARTICULAR,VEH_ANY_MOTO,VEH_ANY_AUTO,VEH_ANY_CAMION_BUS,VEH_ANY_SOAT_PROBLEMA,VEH_ANY_CITV_PROBLEMA,VEH_ANY_SEGURO_PROBLEMA,HORA_NUM,FRANJA_HORARIA,ANIO,MES,DIA_MES,DIA_SEMANA,ES_FIN_SEMANA,ES_QUINCENA,REGION_NATURAL,TIENE_SEÑALIZACION,ES_VIA_MULTICARRIL,ES_DEPTO_BAJO_PAVIMENTO,CATEGORIA_SEVERIDAD,CATEGORIA_SEVERIDAD_ENC
6,1,14,1,4,1,-12.140697526331138,-76.92080347504786,0,2,7,0,2,1,1,0,6603.812078342724,2.3750562295921682,2,0,1.0,5,30,1563.1170716275044,0.6015923204961253,77.79444706988275,65.7987250936809,8.514607592239997,1140.2236327973278,19795.5536984547,7626.313,1683.4029999999998,1599.0829999999996,4343.827000000001,1814.875,5811.438000000001,23.797541485643197,5,2,0,0,3,40.99910032652531,31.624943770407832,57.872582127536774,1.0,0.0,0.0,0.375056229592168,2,0,0.0,0.624943770407832,0.0,0.375056229592168,0.0,0.375056229592168,0.624943770407832,0.0,0.0,0.624943770407832,9,1,2023,7,11,2,0,0,0,1,0,1,GRAVE_LESIONADOS,1
5,1,9,1,4,2,-9.06496612882796,-76.24753453121443,0,3,5,1,1,2,2,2,6543.555,2.0,4,4,1.0,14,33,1198.0,0.39973217247896126,76.69079481905739,58.84149671660691,5.911555013034441,491.35177891220854,51971.69108816824,15313.796762264581,1811.6995788857348,1320.2688475786385,12181.828335800208,2356.399970655153,12957.39679160943,15.734884247929061,5,1,0,0,4,47.338071848182466,47.338071848182466,47.338071848182466,1.0,0.7288705094885958,0.0,0.7288705094885958,1,0,0.0,0.0,0.7288705094885958,0.2711294905114042,0.0,0.0,1.0,0.7288705094885958,0.7288705094885958,0.7288705094885958,9,1,2023,3,22,4,0,1,2,1,0,1,GRAVE_LESIONADOS,1
3,1,3,0,4,1,-16.068755309570268,-71.32322617193094,0,4,7,1,2,1,1,0,1477.0100022167028,1.9319127325974559,2,0,0.9319127325974559,7,25,238.34459657130077,0.4719703754439801,81.67102055921721,70.86149494801528,6.166999411441051,624.0820390368908,1844.618579875607,10322.272,1495.236,1749.739,7077.2970000000005,2886.595,7435.677000000001,27.964725207783708,4,1,0,0,2,41.79573819779237,35.27234906961018,48.31912732597456,1.0,0.9319127325974559,0.0,0.9319127325974559,1,0,0.0,0.06808726740254412,0.0,0.9319127325974559,0.0,0.9319127325974559,0.06808726740254412,0.0,0.9319127325974559,0.0,9,0,2024,11,15,5,0,1,0,1,0,1,GRAVE_LESIONADOS,1
3,1,13,0,4,1,-15.12581108751861,-74.18776613134925,0,4,5,0,2,1,1,2,738.345002281834,1.0,1,3,0.0,9,32,227.92122130921052,0.6250264773655348,79.94786001946389,77.05471211887185,10.321240638454379,1001.5393172393658,37015.7156351979,3422.8201217583214,679.3585196423431,673.0550846281702,2070.406517487808,1093.3653012499483,2329.454820508373,32.615586485167896,5,1,0,0,3,40.850716700520834,24.625335041392542,57.07609835964912,1.0,0.7211280737390351,0.0,0.7211280737390351,1,0,0.0,0.0,0.2788719262609649,0.7211280737390351,0.7211280737390351,0.0,0.2788719262609649,0.0,0.7211280737390351,0.0,8,1,2021,4,12,2,0,0,0,1,0,1,GRAVE_LESIONADOS,1
3,2,3,0,4,1,-16.011445441220932,-71.27617888519241,1,4,0,1,2,1,1,1,1504.4250000000002,2.0,2,0,1.0,7,25,241.0,0.4675967191348305,81.82730650670054,70.15083812447054,6.02465386732976,617.6302615935973,1732.2936586526848,10322.272,1495.236,1749.739,7077.2970000000005,2886.595,7435.677000000001,27.964725207783708,5,2,0,0,3,34.95021120586543,31.452323264519734,38.448099147211124,1.0,0.0,0.0,0.0,2,0,0.0,0.0,0.0,1.0,0.0,1.0,1.0,0.0,0.0,0.0,13,2,2021,3,9,3,0,0,0,1,0,1,GRAVE_LESIONADOS,1
6,1,5,0,4,2,-7.218066500885106,-78.59280770297163,6,4,0,0,1,2,2,0,6543.555,2.0,4,4,1.0,14,33,1198.0,0.34500450310362635,74.3643751090406,55.31005594536557,4.565841140210437,410.7202285335703,8580.76101508837,15935.565011852366,1733.9250000199986,935.692,13265.948011832368,2000.1670000199988,13935.398011832369,12.551591352627522,6,1,0,0,5,37.56936404638607,33.82241473366877,40.37957603092405,0.0632626718206748,0.0632626718206748,0.0,0.0,1,0,0.0,0.0632626718206748,0.9367373281793252,0.0,0.0,0.9367373281793252,0.0632626718206748,0.0632626718206748,1.0,0.0632626718206748,12,3,2022,4,11,1,0,0,2,1,0,1,GRAVE_LESIONADOS,1
3,2,7,0,4,0,-13.355781349352752,-71.42214266440496,0,4,2,0,5,1,1,2,6957.749691686284,2.0,3,2,1.0,12,21,1198.0,0.35315278220881924,67.32091155094675,67.4599929410281,5.91586262202515,394.0549421780823,5120.051676662735,17779.13499998999,2097.3709999899997,2863.123,12818.640999999989,2878.713,14900.421999989989,16.19152450331032,5,2,0,0,3,40.1984930683177,21.145750459437412,59.251235677198,1.0,0.0,0.0,0.3969861366354118,2,0,0.0,0.3969861366354118,0.3969861366354118,0.6030138633645882,0.6030138633645882,0.0,0.3969861366354118,0.6030138633645882,0.0,0.0,16,1,2021,6,16,4,0,0,2,1,0,1,GRAVE_LESIONADOS,1
5,1,12,0,4,1,-8.029432791935948,-77.75162310120297,0,4,0,1,1,2,2,0,1636.8102449190528,0.88573456131334,0,2,0.057132719343329974,9,31,279.80127736274045,0.17531837940038697,78.93793960159161,35.30774620361406,2.429698708324458,201.0790264035585,18679.146185158548,8857.240377906497,1355.4615025129613,1916.7349868532324,5585.043888540304,1253.3353051284296,7603.905072778068,14.230965099633428,8,1,0,0,7,55.028566359671665,54.60007096459669,55.45706175474664,1.0,0.94286728065667,0.0,0.057132719343329974,1,0,0.0,0.94286728065667,0.0,0.057132719343329974,0.0,0.057132719343329974,0.94286728065667,0.0,0.94286728065667,0.0,2,0,2021,6,3,3,0,0,0,1,0,1,GRAVE_LESIONADOS,1
3,1,3,0,4,0,-16.274486721262214,-73.31946731622718,0,3,7,1,1,2,2,0,6629.732707184007,2.0,2,0,1.0,9,31,1571.5976104844929,0.5891049673224816,80.70071134334518,50.68211602943084,9.513698155409466,1074.4728825474147,4820.0321263367405,10322.272,1495.236,1749.739,7077.2970000000005,2886.595,7435.677000000001,27.964725207783708,4,1,0,0,2,37.765564530595135,30.168483934618607,45.36264512657167,0.8937741877619448,0.0,0.0,0.0,1,0,0.0,0.0,0.0,0.8937741877619448,0.0,0.0,1.0,0.0,0.0,0.0,5,0,2022,2,8,0,0,0,0,1,0,1,GRAVE_LESIONADOS,1
4,1,17,0,4,1,-8.847874913649603,-77.33574208046984,0,4,3,0,2,1,1,2,7114.733083499112,2.529809057070054,2,0,1.0,4,25,1784.3856404479043,0.5069884923117516,76.71363117130339,56.99757193719476,6.1645977239460485,952.1878553385144,21560.088175753535,6694.781518258878,1275.1235090984687,1301.083033235144,4118.574975925266,1438.0315351608792,5256.749983098,21.048947403588297,6,1,0,0,5,37.05961811414011,32.82789962777059,41.291336600509624,1.0,0.0,0.0,0.5298090570700541,1,0,0.0,0.0,1.0,0.4701909429299459,0.4701909429299459,0.0,0.5298090570700541,0.0,0.4701909429299459,0.4701909429299459,10,0,2021,9,12,1,0,0,0,1,0,1,GRAVE_LESIONADOS,1
5,1,16,0,4,2,-6.4146066626507405,-79.98146104468871,4,4,6,1,4,2,2,0,6543.555,2.0,4,4,1.0,14,33,1198.0,0.47815675623024617,76.86385665774694,57.12500065110008,6.584806532147956,757.8344570700558,43684.30486441568,8954.597892236414,1634.6695688246944,1066.5081938876879,6253.420129524031,1885.441801325892,7069.156090910521,21.046282885035286,5,1,0,0,4,42.95172968626967,42.95172968626967,42.95172968626967,1.0,0.6693483507627961,0.0,0.0,1,0,0.0,0.6693483507627961,0.3306516492372039,0.0,0.6693483507627961,0.0,0.3306516492372039,0.6693483507627961,0.6693483507627961,0.6693483507627961,19,2,2022,7,11,6,1,0,0,1,0,1,GRAVE_LESIONADOS,1
3,2,2,0,4,0,-15.32095672157122,-72.69843553595958,0,4,7,1,2,1,1,1,6543.555,2.0,4,4,1.0,14,33,1198.0,0.6306511843930307,79.94692632234853,75.50849037138858,9.709612463915947,1091.3274391523819,14628.842341527037,10397.284931173706,1560.8930311841061,1660.9754272854748,7175.416472704126,2754.1696623949447,7643.115268778762,26.54006405914581,4,2,0,0,2,29.042225778149138,24.200095407701404,33.88435614859688,1.0,0.0,0.0,0.8315739259104525,2,0,0.0,1.0,0.0,1.0,0.0,1.0,1.0,0.0,0.0,0.0,18,2,2021,3,17,3,0,0,0,1,0,1,GRAVE_LESIONADOS,1
3,2,9,0,4,1,-9.178775118959354,-76.1329780219959,0,4,7,1,3,2,2,2,8085.800421590305,2.0,2,0,1.0,9,21,2388.077126355295,0.5563774842369664,77.00938809632027,69.10246351364754,8.476961866273152,914.8835608305218,27932.19700214133,8209.057,1333.4779999999996,791.9770000000001,6083.602,1059.8589999999997,7149.198,12.910849565303296,4,2,0,0,2,25.4049699597435,24.555280582227468,26.254659337259532,1.0,0.8496893775160312,0.0,0.0,2,0,0.0,0.15031062248396876,0.0,0.8496893775160312,0.8496893775160312,0.15031062248396876,0.15031062248396876,0.15031062248396876,0.15031062248396876,0.15031062248396876,20,2,2021,2,26,5,1,0,2,1,0,1,GRAVE_LESIONADOS,1
3,3,3,1,4,1,-16.084519544005648,-72.14605942125387,0,4,1,1,2,0,1,0,6636.254001597926,2.0,2,0,1.0,9,31,1599.86872710986,0.6029946573538276,78.09582195372515,67.66386116537811,8.29096568348896,1137.0915664874922,35171.615643308214,10269.925402008821,1506.3185703934612,1706.7965095942752,7056.810322021085,2860.657997139315,7409.267404869506,27.838708983807155,8,3,0,0,4,42.06669008079386,30.421126570927992,51.30873249550507,1.0,0.038591561938133845,0.0,0.038591561938133845,3,0,0.0,0.9614084380618662,0.038591561938133845,0.9614084380618662,0.038591561938133845,0.9614084380618662,0.9614084380618662,0.038591561938133845,0.038591561938133845,0.038591561938133845,21,2,2022,8,22,4,0,1,0,1,0,1,GRAVE_LESIONADOS,1
6,1,7,0,4,1,-13.166875429009478,-71.97172998899569,0,4,0,0,1,1,0,6,6543.555,2.0,4,4,1.0,14,33,1198.0,0.24028325869175804,69.8100795376866,41.65218482864934,3.7375912861693745,231.15539605495664,5460.135220182738,17779.13499998999,2097.3709999899997,2863.123,12818.640999999989,2878.713,14900.421999989989,16.19152450331032,7,1,0,0,6,36.937901665394364,36.937901665394364,36.937901665394364,1.0,0.12111885408714784,0.0,0.0,1,0,0.0,0.0,0.0,1.0,0.0,0.12111885408714784,0.8788811459128522,0.12111885408714784,0.12111885408714784,0.0,13,2,2022,5,7,2,0,0,2,1,0,1,GRAVE_LESIONADOS,1
3,2,17,1,2,3,-14.047057019721038,-71.62452749440045,1,3,2,1,3,2,2,1,6299.498440180383,2.0,3,3,0.6850667725410675,12,32,935.6606215267093,0.49986207931021154,75.24105098656385,71.083078305011,8.182239128298185,691.9762773427256,64208.28324740462,13208.40807707036,1959.5827499063178,1960.8983007257812,9287.927026438261,2770.629677087973,10437.778399982386,20.72104766606198,7,2,0,0,4,45.27600158811601,36.44160254098562,56.16560095286961,1.0,0.3149332274589325,0.6850667725410675,0.6850667725410675,2,0,0.0,0.3149332274589325,0.6850667725410675,1.0,1.0,0.6850667725410675,0.3149332274589325,0.0,1.0,1.0,16,2,2022,2,15,4,0,0,2,1,0,1,GRAVE_LESIONADOS,1
5,1,12,0,4,0,-11.077067991691708,-75.73459025698445,0,4,2,1,1,1,0,1,5867.915113187036,2.0,3,3,1.0,12,31,1064.506830295384,0.58919010948533,72.83736816945347,73.06449966072519,10.356133861939504,1005.6694440402098,120035.20573313255,11839.082405407307,1820.7822211557307,1045.106835543082,8973.193348708493,1669.272798023998,10169.80960738331,14.467387586945067,6,1,0,0,5,39.80653163810925,37.29144293352953,42.32162034268897,1.0,0.0,0.0,1.0,1,0,0.0,0.8710210920728347,0.0,0.12897890792716526,0.12897890792716526,0.12897890792716526,0.8710210920728347,0.0,0.0,0.0,7,1,2021,7,18,6,1,1,1,1,0,1,GRAVE_LESIONADOS,1
4,1,17,0,3,2,-13.885251962352761,-73.38675952230786,5,3,7,1,2,2,2,3,3865.062073642651,2.0,2,1,1.0,10,28,689.3174038923419,0.6643772991245293,76.68745698228621,78.45634719388158,11.036564847967451,1237.4638482776193,241253.43698695107,10824.050197684086,1862.7314216765071,2000.4128383171887,6960.9059376903915,2611.7456879674933,8212.304509716592,24.060604294323646,6,2,0,0,2,41.68769250860861,29.44154268078079,61.58537587552551,1.0,0.0,0.0,0.0,2,0,0.0,0.0,0.0,1.0,0.46846123708708653,1.0,1.0,0.0,0.46846123708708653,0.46846123708708653,18,2,2021,7,18,5,1,0,1,1,0,1,GRAVE_LESIONADOS,1
4,1,14,2,3,4,-12.198582667110534,-76.93824728096641,0,2,3,0,4,2,2,1,6543.555,2.0,4,4,1.0,14,33,1198.0,0.6953380265006147,80.03919976555304,74.18848503530468,9.904317103563704,1423.4015621695971,456549.7775847673,7626.313,1683.4029999999998,1599.0829999999996,4343.827000000001,1814.875,5811.438000000001,23.797541485643197,9,1,0,0,7,36.82879671316768,30.84573595620749,42.81185747012787,1.0,0.5983060756960188,0.0,0.0,1,0,0.0,0.5983060756960188,1.0,0.0,0.4016939243039812,0.0,0.5983060756960188,1.0,0.4016939243039812,0.5983060756960188,8,0,2023,6,25,3,0,1,0,1,0,1,GRAVE_LESIONADOS,1
6,0,20,0,4,0,-14.87074080158711,-70.62499043763763,0,4,6,0,2,1,1,2,7554.589882860331,2.0,2,0,1.0,9,5,1198.0,0.5288713214619795,72.47332130041833,76.19026105909695,8.901513510588021,783.5327329521957,21266.118947601313,13642.312999999998,2020.7790000000005,2354.117,9267.416999999998,3314.0520000000006,10328.260999999997,24.29244952817019,5,1,0,0,4,22.588441465027692,22.588441465027692,22.588441465027692,1.0,0.0,0.0,0.0,1,0,0.0,0.0,0.0,1.0,0.0,0.9690293965774899,0.030970603422510123,0.030970603422510123,1.0,0.030970603422510123,18,1,2022,11,30,5,0,0,2,1,0,1,GRAVE_LESIONADOS,1
3,1,7,0,4,0,-13.744146080885924,-71.65696567617532,2,4,5,0,2,1,0,3,7300.091164748785,2.0,2,1,1.0,10,12,1198.0,0.3317387877022087,73.25991642000237,66.86938108599479,5.845711684189442,291.6851559205815,4922.880190192257,17779.13499998999,2097.3709999899997,2863.123,12818.640999999989,2878.713,14900.421999989989,16.19152450331032,7,1,0,0,5,43.386404411699424,37.223017506884666,49.549791316514174,1.0,0.2748956582570877,0.0,0.7251043417429123,1,0,0.0,0.7251043417429123,0.7251043417429123,0.2748956582570877,0.0,0.2748956582570877,0.7251043417429123,0.2748956582570877,0.2748956582570877,0.0,8,1,2021,2,12,4,0,0,2,1,0,1,GRAVE_LESIONADOS,1
6,1,8,0,4,1,-12.612244711576006,-74.97686876891436,1,4,0,0,6,2,2,0,6543.555,2.0,4,4,1.0,14,33,1198.0,0.1971448353435775,63.153786240703596,50.87525231058753,4.602348257347886,133.27053121232981,26988.397648397782,8525.215132745756,1441.7914754047736,2006.136926719074,5077.286730621907,1857.9222270111939,6667.29290573456,21.806449749524905,4,1,0,0,3,21.623197611261023,21.623197611261023,21.623197611261023,1.0,1.0,0.0,0.0,1,0,0.0,0.03279987427689601,0.0,0.967200125723104,0.0,0.967200125723104,0.03279987427689601,0.0,0.0,0.0,16,2,2024,2,1,5,1,0,1,1,0,1,GRAVE_LESIONADOS,1
4,1,3,0,4,0,-16.244184189577144,-71.6491604802622,1,4,0,0,2,0,0,0,6584.083738226231,2.0,3,2,1.0,11,32,1373.7001926837186,0.598568579896669,77.83006131032332,69.7690697884923,8.639861515532141,1075.2601397155227,7858.119123964545,10322.272,1495.236,1749.739,7077.2970000000005,2886.595,7435.677000000001,27.964725207783708,5,2,0,0,3,39.82704317310548,34.884695448736984,44.76939089747397,1.0,0.0,0.0,0.42033538919549895,2,0,0.0,0.0,0.0,1.0,0.0,1.0,1.0,0.0,0.0,0.0,10,2,2022,11,25,5,1,1,0,1,0,1,GRAVE_LESIONADOS,1
6,1,7,0,4,2,-13.786417678288254,-71.5683297804363,6,4,6,0,6,1,1,1,6543.555,2.0,4,4,1.0,14,33,1198.0,0.3016147107042185,63.070529467758654,60.12229089337084,5.428407879580795,313.4663733786552,4084.8553144873435,17779.13499998999,2097.3709999899997,2863.123,12818.640999999989,2878.713,14900.421999989989,16.19152450331032,30,1,0,0,29,38.72739924427765,38.72739924427765,38.72739924427765,1.0,0.10489997093375569,0.0,0.0,1,0,0.0,0.10489997093375569,0.0,0.0,0.0,0.0,1.0,0.10489997093375569,0.10489997093375569,0.0,14,2,2023,9,15,6,1,1,2,1,0,1,GRAVE_LESIONADOS,1
6,1,14,2,2,4,-12.138253612391717,-76.96072033766563,0,1,1,0,2,2,2,0,6543.555,2.0,4,4,1.0,14,33,1198.0,0.7283200386438876,80.49834971190057,76.86014551379799,10.348120847706706,1548.6560639023548,385906.9655965867,7626.313,1683.4029999999998,1599.0829999999996,4343.827000000001,1814.875,5811.438000000001,23.797541485643197,5,1,0,0,3,37.173475885064306,33.242866239090034,40.12143311954502,0.01734758850643081,0.0,0.0,0.0,1,0,0.0,0.0,0.01734758850643081,0.9826524114935692,0.01734758850643081,0.0,0.9826524114935692,0.01734758850643081,0.01734758850643081,0.0,7,0,2024,11,10,1,0,0,0,1,0,1,GRAVE_LESIONADOS,1
4,1,13,0,4,0,-9.484133323954987,-76.98775112571988,0,4,3,1,1,1,0,1,4642.273978084565,2.0,3,2,1.0,9,28,822.3442178762544,0.5544488299534983,74.95534220344283,67.10231208541556,9.093018088646382,931.5310796157761,121484.33662620198,11067.27412771664,1810.4752188487182,935.48017186125,8321.318737006672,1815.7329800026644,9251.541147713977,17.215893552208218,6,1,0,0,5,39.45557133025544,32.377998623576175,46.5331440369347,1.0,0.0,0.0,1.0,1,0,0.0,0.6370475535036275,0.0,0.3629524464963725,0.3629524464963725,0.3629524464963725,0.6370475535036275,0.0,0.0,0.0,7,1,2021,7,19,6,1,1,1,1,0,1,GRAVE_LESIONADOS,1
3,1,13,0,4,1,-11.274536193970617,-76.76861695566262,0,4,0,0,2,2,2,1,1431.9775782872412,1.8383623062154082,1,0,0.0,9,18,628.8190670601947,0.1917048406667542,76.65876229605352,54.17827881358109,6.206027844959587,113.85795119078765,1774.0793114093851,7769.380624058761,1644.931612502329,1665.2628058793066,4459.186205677126,1825.333605338638,5944.047018720124,23.52040846646087,5,1,0,0,3,45.47414457403143,31.22198536836949,59.72630377969337,1.0,0.0,0.0,0.8383623062154082,1,0,0.0,0.0,0.8383623062154082,0.1616376937845918,0.0,0.1616376937845918,0.8383623062154082,0.0,0.0,0.0,11,2,2021,8,12,0,0,0,0,1,0,1,GRAVE_LESIONADOS,1
6,1,4,0,4,1,-13.427162028295792,-73.96934325030006,0,4,0,0,2,2,2,1,1542.8109523475487,1.0941506100006944,1,0,0.09415061000069425,8,32,279.57933529981256,0.23728426108409933,70.04560559839051,47.480858934243386,4.6770015681761405,202.58144329497827,2442.905572108458,12639.736947145037,1807.0878815479157,1711.0947879675855,9121.554277629535,2400.937061077588,10238.799886067447,18.97656439336823,12,1,0,0,11,31.52924694999653,31.52924694999653,31.52924694999653,1.0,0.09415061000069425,0.0,0.9058493899993058,1,0,0.0,0.0,0.0,0.09415061000069425,1.0,0.0,0.0,0.9058493899993058,1.0,0.9058493899993058,17,2,2022,10,11,2,0,0,2,1,0,1,GRAVE_LESIONADOS,1
6,1,6,1,4,1,-10.116143973568143,-75.4259464859134,0,4,3,0,1,2,2,2,1229.5750737099113,1.0,1,3,0.0,9,32,305.20666846242307,0.32824432658483776,72.73481929752434,47.63226276089656,5.007244944751681,377.91371681593347,22542.05509363787,16887.304005145375,1921.553206355281,1930.7240581183157,13035.02674067178,2453.714460090795,14433.589545054581,14.430698918261253,6,1,0,0,4,52.642547889598674,52.642547889598674,52.642547889598674,1.0,0.0,0.0,0.48375217679993954,1,0,0.0,0.0,0.5162478232000605,0.48375217679993954,0.0,0.0,1.0,0.0,0.5162478232000605,0.0,11,0,2023,9,5,3,0,0,2,1,0,1,GRAVE_LESIONADOS,1
5,1,12,0,4,2,-7.709812527219119,-78.57060085460903,1,4,1,0,6,2,2,5,6543.555,2.0,4,4,1.0,14,33,1198.0,0.23799462339344152,76.34449534992028,33.77010052342266,3.7469658621900797,257.5488706570394,24307.297206574807,8931.828000000005,1335.5899999999997,1935.9830000000004,5660.255000000005,1219.309,7712.519000000005,13.651281686122925,4,1,0,0,3,41.770005503176655,40.232512382147476,43.307498624205834,1.0,0.0,0.0,0.0,1,0,0.0,0.0,0.1537493121029181,0.0,0.1537493121029181,0.0,0.8462506878970819,0.0,0.8462506878970819,0.0,10,1,2021,3,10,4,0,0,0,1,0,1,GRAVE_LESIONADOS,1
9,1,10,0,4,1,-13.932137090126151,-75.96484749518307,0,4,7,1,2,2,2,0,6639.975,2.0,2,0,1.0,9,31,1616.0,0.6053164595604621,78.88848309050202,67.63954639531094,9.133324993872453,1064.9426147896202,27932.19700214133,3721.461,698.1859999999996,744.866,2278.409,1102.9029999999996,2618.558,29.636290693359403,5,1,0,0,4,31.138993363968275,31.138993363968275,31.138993363968275,1.0,0.0,0.0,0.9217266694516614,1,0,0.0,0.0,0.0,0.9217266694516614,0.0,0.07827333054833863,0.9217266694516614,0.07827333054833863,0.0,0.07827333054833863,3,0,2021,10,29,4,0,1,0,1,0,1,GRAVE_LESIONADOS,1
3,1,7,0,4,1,-14.185319509137686,-71.32206924628292,0,4,7,1,2,1,1,2,7333.858819133849,2.0,2,0,1.0,10,11,1198.0,0.2418803479512537,65.99114300780315,53.774890163789756,5.120673673202452,182.5872642906334,5373.254776256298,17779.13499998999,2097.3709999899997,2863.123,12818.640999999989,2878.713,14900.421999989989,16.19152450331032,5,1,0,0,3,36.12302613770725,26.27592847830691,45.97012379710759,1.0,0.0,0.0,0.757469050723103,1,0,0.0,0.757469050723103,0.0,1.0,0.0,0.757469050723103,1.0,0.242530949276897,0.242530949276897,0.242530949276897,18,2,2023,2,4,0,0,0,2,1,0,1,GRAVE_LESIONADOS,1
4,1,1,2,4,2,-10.369934596689074,-76.77897000601766,3,4,5,0,2,1,0,0,6543.555,2.0,4,4,1.0,14,33,1198.0,0.37316264918666087,74.58036024262961,58.523131042950425,5.21976623401376,478.92179833886746,15774.986347506221,11280.382028877877,1863.6023730598527,1370.635370979181,8046.144284838845,2203.6450554328594,9076.736973445019,19.531984155336822,6,1,0,0,4,44.70728436357042,38.12193690906206,51.29263181807879,0.7317052727231516,0.26829472727684844,0.0,0.0,1,0,0.0,0.7317052727231516,0.0,1.0,0.0,1.0,0.7317052727231516,0.0,0.0,0.0,12,2,2022,5,9,3,0,0,0,1,0,1,GRAVE_LESIONADOS,1
6,1,12,0,4,0,-7.716772417017918,-77.61987159912044,0,4,2,1,2,2,2,1,6543.555,2.0,4,4,1.0,14,33,1198.0,0.4686292122960986,72.39347765706144,42.14285241633188,6.687776775372348,878.2652317159998,9440.374732334049,8931.828000000005,1335.5899999999997,1935.9830000000004,5660.255000000005,1219.309,7712.519000000005,13.651281686122925,4,1,0,0,3,28.744915777233572,28.744915777233572,28.744915777233572,1.0,0.0,0.0,0.0,1,0,0.0,1.0,0.0,0.0,0.0,0.0,1.0,0.0,0.0,0.0,13,2,2021,7,1,2,0,0,0,1,0,1,GRAVE_LESIONADOS,1
3,1,14,2,2,3,-12.033651068883083,-76.92079957536225,4,3,4,1,5,2,2,0,5408.051933104791,2.0,3,3,1.0,11,29,989.2459064175071,0.6868549636939637,79.62363164345142,76.30894566128948,9.209137883551294,1425.4498631666322,684921.8484148846,7626.313,1683.4029999999998,1599.0829999999996,4343.827000000001,1814.875,5811.438000000001,23.797541485643197,9,2,0,0,7,41.20543713754308,36.20713624302529,46.20373803206087,1.0,0.7996601789035577,0.0,0.0,2,0,0.0,0.7996601789035577,0.7996601789035577,0.20033982109644233,0.0,0.20033982109644233,0.7996601789035577,0.7996601789035577,0.7996601789035577,0.7996601789035577,18,1,2022,4,12,5,1,0,0,1,0,1,GRAVE_LESIONADOS,1