CLASE SINIESTRO,CANTIDAD DE VEHICULOS DAÑADOS,DEPARTAMENTO,ZONA,TIPO DE VÍA,RED VIAL,COORDENADAS LATITUD,COORDENADAS  LONGITUD,CONDICIÓN CLIMÁTICA,ZONIFICACIÓN,CARACTERÍSTICAS DE VÍA,PERFIL LONGITUDINAL VÍA,SUPERFICIE DE CALZADA,¿EXISTE SEÑAL VERTICAL?,¿EXISTE SEÑAL HORIZONTAL?,CAUSA FACTOR PRINCIPAL,MTC_RVN_LONGITUD_KM,MTC_RVN_N_CARRILES_MEDIANA,MTC_RVN_SUPERFICIE_DOMINANTE,MTC_RVN_ESTADO_DOMINANTE,MTC_RVN_ES_CONCESIONADA,MTC_RVN_CONCESION_PRINCIPAL,MTC_RVN_CORREDOR_LOGISTICO,MTC_RVN_N_TRAMOS,IDH_2019,IDH_ESP_VIDA_2019,IDH_EDUC_SECUND_PCT_2019,IDH_ANIOS_EDUC_2019,IDH_INGRESO_PERCAP_2019,IDH_POBLACION_2019,MTC_DEP_RED_TOTAL_KM,MTC_DEP_NACIONAL_TOTAL_KM,MTC_DEP_DEPARTAMENTAL_TOTAL_KM,MTC_DEP_VECINAL_TOTAL_KM,MTC_DEP_PAV_TOTAL_KM,MTC_DEP_NO_PAV_TOTAL_KM,MTC_DEP_PCT_PAVIMENTADA,PER_TOTAL_PERSONAS,PER_N_CONDUCTORES,PER_N_CONDUCTORES_FUGADOS,PER_N_PEATONES,PER_N_PASAJEROS_OCUPANTES,PER_EDAD_COND_PROM,PER_EDAD_COND_MIN,PER_EDAD_COND_MAX,PER_ANY_COND_MASCULINO,PER_ANY_LIC_PROBLEMA,PER_ANY_DOSAJE_POS,PER_ANY_DOSAJE_EVALUADO,VEH_TOTAL,VEH_N_FUGADOS,VEH_ANY_FUGADO,VEH_ANY_CARGA,VEH_ANY_PUBLICO,VEH_ANY_PARTICULAR,VEH_ANY_MOTO,VEH_ANY_AUTO,VEH_ANY_CAMION_BUS,VEH_ANY_SOAT_PROBLEMA,VEH_ANY_CITV_PROBLEMA,VEH_ANY_SEGURO_PROBLEMA,HORA_NUM,FRANJA_HORARIA,ANIO,MES,DIA_MES,DIA_SEMANA,ES_FIN_SEMANA,ES_QUINCENA,REGION_NATURAL,TIENE_SEÑALIZACION,ES_VIA_MULTICARRIL,ES_DEPTO_BAJO_PAVIMENTO,CATEGORIA_SEVERIDAD,CATEGORIA_SEVERIDAD_ENC
2,2,5,0,4,1,-5.684512838108244,-78.76049336619114,0,3,7,0,2,0,1,2,7758.33400008,2.0,2,0,1.0,9,20,2133.0,0.5803239946829384,74.49544278598792,68.33065356443184,8.733179344969395,1046.078117086984,102362.46895074946,15935.565011852366,1733.9250000199986,935.692,13265.948011832368,2000.1670000199988,13935.398011832369,12.551591352627522,5,2,0,0,1,38.59637620341077,36.62389293267958,40.56885947414195,1.0,0.7889933082924739,1.0,1.0,2,0,0.0,0.0,0.7889933082924739,0.21100669170752606,1.0,0.0,0.0,0.7889933082924739,1.0,0.7889933082924739,6,0,2024,1,11,5,1,0,2,1,0,1,GRAVE_LESIONADOS,1
7,1,8,0,3,3,-14.357799677841786,-75.76353662240562,3,3,3,1,5,2,2,1,6543.555,2.0,4,4,1.0,14,33,1198.0,0.5563774842369664,77.00938809632027,69.10246351364754,8.476961866273152,914.8835608305218,27932.19700214133,2577.5352676032226,494.4857861792124,514.836519170366,1568.2129622536438,774.655266388797,1802.8800012144252,50.51292729640467,4,1,0,0,2,45.207324960681376,45.207324960681376,45.207324960681376,1.0,0.0,0.688292998427255,0.688292998427255,1,0,0.0,0.0,0.311707001572745,1.0,0.0,0.311707001572745,1.0,0.0,0.311707001572745,0.0,1,0,2021,7,23,5,1,1,0,1,0,0,GRAVE_LESIONADOS,1
3,1,14,0,3,1,-11.82767864077946,-77.00432795709159,0,3,7,1,2,1,0,1,2284.146337212639,2.0,2,3,0.21972275011039688,10,25,1063.0120357690987,0.6737297580755505,79.21651180564837,75.23205241300036,9.683794901541741,1330.4326912900844,358421.5856743448,7626.313,1683.4029999999998,1599.0829999999996,4343.827000000001,1814.875,5811.438000000001,23.797541485643197,7,2,0,0,5,32.685979876600754,24.49306875275992,40.878891000441584,1.0,0.7802772498896031,0.0,0.0,2,0,0.0,0.0,1.0,0.21972275011039688,0.7802772498896031,0.21972275011039688,1.0,0.7802772498896031,1.0,0.7802772498896031,8,1,2022,3,26,1,0,1,0,1,0,1,GRAVE_LESIONADOS,1
4,1,12,0,4,1,-7.945487544062854,-78.66721534874155,0,4,7,1,2,2,2,4,8448.353553517562,2.438671696803049,2,0,1.0,5,31,2796.9281540288202,0.49353242104887335,77.13658971818963,53.18505557322498,7.2322622192610995,800.8612114337388,14218.40131462642,8931.828000000005,1335.5899999999997,1935.9830000000004,5660.255000000005,1219.309,7712.519000000005,13.651281686122925,17,1,0,0,16,49.658007545204576,49.0,50.316015090409145,1.0,0.0,0.0,0.0,1,0,0.0,0.43867169680304885,1.0,0.0,0.0,0.0,1.0,0.0,0.0,0.0,7,1,2023,5,17,2,0,0,0,1,0,1,GRAVE_LESIONADOS,1
3,1,8,0,4,1,-9.863314613324349,-75.81070628300965,0,4,5,0,4,2,2,1,7493.514395755743,2.0,2,0,1.0,10,22,1929.1717069303352,0.4767063497789254,73.9054008296937,65.12422002013078,7.624760855770792,741.9363295295366,27728.61845002093,8274.972889996987,1357.8752656886536,1057.1802810937722,5859.917343214559,1238.556463524134,7036.416426472851,14.910363655268867,4,1,0,0,2,22.564003651187882,21.78200182559394,23.346005476781823,1.0,1.0,0.0,0.0,1,0,0.0,0.0,0.0,1.0,0.7820018255939414,0.21799817440605862,0.0,0.0,0.0,0.0,19,2,2021,1,24,5,1,0,2,1,0,1,GRAVE_LESIONADOS,1
3,2,5,0,4,1,-6.1076466528161095,-79.09910318824885,3,4,7,1,2,2,2,0,9936.932,2.0,2,0,1.0,9,32,3830.0,0.3211675151085233,77.4261974145924,34.04506193845437,4.43371785496023,418.4322293131778,8432.756446512161,15935.565011852366,1733.9250000199986,935.692,13265.948011832368,2000.1670000199988,13935.398011832369,12.551591352627522,7,2,0,0,5,41.135810072391365,31.728379855217273,56.814860434348184,1.0,0.783952518097841,0.0,1.0,2,0,0.0,0.783952518097841,0.21604748190215906,0.783952518097841,0.0,0.783952518097841,1.0,0.0,0.0,0.0,7,1,2021,7,9,3,0,0,2,1,0,1,GRAVE_LESIONADOS,1
3,1,17,0,3,2,-13.936921958694152,-73.29509064033348,2,3,7,1,2,2,2,2,3788.4699957882353,2.0,2,1,1.0,10,28,674.7715163072477,0.6615089905213016,76.58596215383909,78.47051668892607,11.00860984354649,1226.1308825747385,240980.2768948848,10915.490176484427,1867.8593562323158,2011.88895084271,7035.741869409402,2634.5323756499997,8280.957800834429,24.0681266315771,8,2,0,0,6,41.32010734121121,37.359785317577575,45.28042936484484,1.0,0.0,0.0,0.0,2,0,0.0,0.0,0.45326177252585964,0.5467382274741404,0.45326177252585964,0.5467382274741404,1.0,0.0,0.0,0.0,15,1,2021,9,21,3,0,1,1,1,0,1,GRAVE_LESIONADOS,1
3,1,3,0,4,1,-15.878739208140292,-71.14309830683378,0,4,5,0,2,1,1,0,1504.4250000000002,2.0,2,0,1.0,7,25,241.0,0.4498224071382834,81.63336343193146,58.84842497065013,5.774685730039019,620.6584683449911,1358.612419700214,10322.272,1495.236,1749.739,7077.2970000000005,2886.595,7435.677000000001,27.964725207783708,8,2,0,0,6,35.4351452777614,26.454670432073286,44.41562012344951,1.0,0.2078100617247549,0.0,0.7921899382752451,2,0,0.0,0.2078100617247549,0.7921899382752451,0.7921899382752451,0.0,0.0,1.0,0.0,0.0,0.0,5,0,2024,8,4,3,0,0,0,1,0,1,GRAVE_LESIONADOS,1
3,1,19,0,4,2,-5.373489556083086,-80.55223581744019,0,4,5,1,1,2,2,2,6543.555,2.0,4,4,1.0,14,33,1198.0,0.3820495034341568,75.81964096462892,49.149751452440235,5.075093018667396,533.1190510001408,38791.92140173473,8965.846000060003,1782.4120000599992,636.9959999999999,6546.438000000004,2214.505000059999,6751.341000000004,24.699342371541725,5,1,0,0,3,40.162740362732066,22.132371744473843,58.19310898099028,1.0,0.8386217961980568,0.0,1.0,1,0,0.0,0.0,1.0,0.0,0.8386217961980568,0.0,0.16137820380194323,0.8386217961980568,1.0,0.8386217961980568,20,2,2022,2,19,6,1,0,0,1,0,1,GRAVE_LESIONADOS,1
4,1,14,2,2,4,-12.005588955123509,-76.99904276021869,3,4,6,1,4,2,2,0,6543.555,2.0,4,4,1.0,14,33,1198.0,0.7058916642244777,79.86342140862,77.23950393988372,9.856456076731092,1470.0656211129203,703734.6342766113,7626.313,1683.4029999999998,1599.0829999999996,4343.827000000001,1814.875,5811.438000000001,23.797541485643197,7,1,0,0,6,41.79746673587314,37.86881222816758,45.726121243578696,1.0,0.6547757512842602,0.0,0.0,1,0,0.0,0.6547757512842602,1.0,0.0,0.34522424871573976,0.0,0.6547757512842602,0.6547757512842602,1.0,0.6547757512842602,18,1,2022,6,13,5,1,0,0,1,0,1,GRAVE_LESIONADOS,1
5,1,3,0,4,0,-16.69828704700127,-71.69843211280852,3,4,0,0,2,0,0,0,6617.950179320423,2.0,2,0,1.0,10,31,1520.5179937350804,0.6266722946503837,78.20400437525576,75.50228663839786,8.712272659012985,1166.7989869202288,7977.221404136721,10322.272,1495.236,1749.739,7077.2970000000005,2886.595,7435.677000000001,27.964725207783708,5,2,0,0,3,47.20305710152318,39.80203806768212,54.60407613536424,1.0,0.0,0.0,0.7715741476915798,2,0,0.0,0.0,0.0,1.0,0.0,1.0,1.0,0.0,0.0,0.0,7,1,2024,10,25,5,1,1,0,1,0,1,GRAVE_LESIONADOS,1
3,1,9,0,4,1,-11.28206262334381,-75.94206756056533,0,4,3,1,2,1,0,0,732.630470011699,-0.17796465884335744,1,0,0.2740117803855475,8,31,143.55929317686716,0.297757323605172,67.91871349089807,55.739784228331054,4.74452447000337,311.09485579648083,28441.079258072106,8626.621100497647,1415.3056844783252,1988.6411035332953,5222.674312486025,1698.6572417648345,6927.96385873281,19.77261664622695,7,1,0,0,5,46.807905756915616,39.54802356077109,54.06778795306015,1.0,0.7259882196144525,0.0,0.0,1,0,0.0,0.0,0.0,1.0,0.0,0.7259882196144525,0.2740117803855475,0.2740117803855475,0.2740117803855475,0.2740117803855475,4,0,2021,7,23,2,0,0,1,1,0,1,GRAVE_LESIONADOS,1
3,1,14,0,3,1,-11.811049964789026,-77.00972661792468,0,3,5,1,1,1,0,1,2803.382492791421,2.0,2,3,0.31484115540873536,10,26,1079.4675198857112,0.6540861885730525,78.94471864718643,73.82417952529475,9.347520057844504,1260.0092764861874,365306.1389470273,7626.313,1683.4029999999998,1599.0829999999996,4343.827000000001,1814.875,5811.438000000001,23.797541485643197,7,2,0,0,5,29.5,21.51872924326988,37.48127075673012,1.0,0.6851588445912646,0.0,0.0,2,0,0.0,0.0,1.0,0.31484115540873536,1.0,0.31484115540873536,0.6851588445912646,1.0,1.0,1.0,5,0,2023,4,27,2,0,1,0,1,0,1,GRAVE_LESIONADOS,1
3,1,2,0,4,0,-16.17762244635898,-72.27142319048646,0,4,0,0,2,1,0,0,6628.712747932293,2.0,2,0,1.0,9,31,1567.175882967208,0.6085494095071434,78.12839926837263,75.39006008765,8.302539112490761,1127.1666492415113,8087.154844892094,10374.293746286117,1540.7693949056033,1688.181132750268,7145.343218630246,2794.7575366859646,7579.536209600153,26.976717411547817,43,1,0,0,41,54.58402053866976,43.98566983147718,65.18237124586234,1.0,0.0,0.0,0.883195892266048,1,0,0.0,0.883195892266048,0.883195892266048,0.0,0.0,0.0,1.0,0.0,0.116804107733952,0.0,2,0,2024,3,23,4,0,0,0,1,0,1,GRAVE_LESIONADOS,1
3,1,3,0,4,1,-15.791207402171189,-71.28784362680135,2,4,1,1,2,0,1,0,897.5605614584429,1.0,0,2,0.0,9,24,226.7386298519301,0.45527130126693216,81.53679059515808,56.9147897638406,5.788969107382722,654.9051805594465,1362.7419848389973,10322.272,1495.236,1749.739,7077.2970000000005,2886.595,7435.677000000001,27.964725207783708,19,1,0,0,18,30.541563416670492,30.541563416670492,30.541563416670492,1.0,0.0,0.0,0.7268403796300549,1,0,0.0,0.0,0.7268403796300549,0.2731596203699451,0.0,0.2731596203699451,0.7268403796300549,0.0,0.0,0.0,13,3,2024,3,8,1,0,0,0,1,0,1,GRAVE_LESIONADOS,1
6,1,1,0,4,1,-11.315617604919389,-76.46373857075561,4,4,6,1,5,1,1,0,9246.156126768228,2.0,2,0,1.0,9,31,3366.1244373720538,0.4977083683749912,73.53550953210548,70.69639736295521,8.148435390202984,715.6542707546923,4008.9538187091284,10674.333165952581,1803.3867493439188,1333.1414025587421,7537.805014049923,2265.0779091541767,8409.255256798406,21.27830651664724,4,1,0,0,3,23.561826813313047,22.723749916062918,24.190384486250643,1.0,0.0,0.0,0.20951922431253212,1,0,0.0,0.0,0.0,1.0,0.0,0.20951922431253212,0.7904807756874679,0.0,0.0,0.0,14,2,2021,1,18,3,0,0,0,1,0,1,GRAVE_LESIONADOS,1
4,1,19,0,3,2,-5.157749329744065,-80.67800921466151,3,4,7,1,2,1,1,2,6543.555,2.544671250191398,2,1,1.0,6,31,1348.8739363030172,0.6263637294983179,78.55961660700599,74.56868803971884,10.451744054087573,1043.6420078089782,181612.172114736,8965.846000060003,1782.4120000599992,636.9959999999999,6546.438000000004,2214.505000059999,6751.341000000004,24.699342371541725,5,1,0,0,4,32.32562312318172,26.17868500076559,38.47256124559785,1.0,0.45532874980860216,0.0,0.5446712501913978,1,0,0.0,0.0,0.0,1.0,0.45532874980860216,0.5446712501913978,0.0,1.0,0.5446712501913978,0.0,14,1,2021,5,5,4,0,0,0,1,0,1,GRAVE_LESIONADOS,1
6,1,5,0,4,1,-6.930942984701671,-78.78505483099029,4,4,0,0,6,2,2,0,6654.783144040603,2.0,3,3,1.0,13,31,1283.6108927394323,0.34705494652203606,66.52372783671807,47.3182057048446,5.423180003181978,470.6190031662789,12027.177190002763,15935.565011852366,1733.9250000199986,935.692,13265.948011832368,2000.1670000199988,13935.398011832369,12.551591352627522,5,1,0,0,4,45.08437547872265,45.08437547872265,45.08437547872265,1.0,0.0,0.0,0.0,1,0,0.0,0.09156245212773506,0.0,0.9084375478722649,0.0,0.9084375478722649,0.09156245212773506,0.0,0.0,0.0,16,1,2022,3,14,5,0,0,2,1,0,1,GRAVE_LESIONADOS,1
3,2,12,0,4,1,-7.170437148852362,-79.4463811821561,0,4,7,1,2,2,2,0,6543.555,2.895519683246042,2,0,1.0,1,30,1446.0589522591536,0.5114727232493018,78.60606800160349,61.153108160372966,6.422343227671115,862.4189512831092,24701.19700214133,8931.828000000005,1335.5899999999997,1935.9830000000004,5660.255000000005,1219.309,7712.519000000005,13.651281686122925,4,2,0,0,2,24.253763801047498,23.208960633507917,25.298566968587078,1.0,0.8955196832460419,0.0,0.0,2,0,0.0,0.0,1.0,0.8955196832460419,1.0,0.0,0.0,0.8955196832460419,0.0,0.0,19,2,2021,1,15,5,0,0,0,1,0,1,GRAVE_LESIONADOS,1
3,1,6,0,4,1,-15.00519068636564,-73.34981287711688,0,4,7,1,2,1,1,0,1139.064138146933,2.0,2,0,0.7202679239473956,7,18,188.96983385421558,0.6199986046211646,78.24797773428573,68.82799146931146,8.553734213700368,1192.5798999606327,35310.54548794966,9568.125791977298,1547.8723455545905,1707.5956843502188,6312.657762072488,2586.8005394529027,6981.325252524394,26.799030253896724,8,2,0,0,5,39.310444045876224,34.02847927026199,44.11223020552553,1.0,0.0,0.0,1.0,2,0,0.0,0.7202679239473956,0.7202679239473956,0.2797320760526044,0.0,0.2797320760526044,0.7202679239473956,0.0,0.0,0.0,18,2,2024,8,5,1,0,0,0,1,0,1,GRAVE_LESIONADOS,1
6,1,5,0,4,3,-6.90070957427049,-78.25717165875179,0,4,7,0,1,2,2,2,6543.555,2.0,4,4,1.0,14,33,1198.0,0.27656496308160294,78.08280419372349,31.66156053445177,3.655235912653641,333.64586276351656,8072.827238440347,15935.565011852366,1733.9250000199986,935.692,13265.948011832368,2000.1670000199988,13935.398011832369,12.551591352627522,4,1,0,0,3,31.006943858779913,31.006943858779913,31.006943858779913,1.0,0.0,0.0,1.0,1,0,0.0,0.31271699558687227,0.6872830044131277,0.0,0.0,0.0,1.0,0.0,0.0,0.0,10,1,2024,6,9,1,0,0,2,1,0,1,GRAVE_LESIONADOS,1
5,1,10,0,4,1,-13.378783801940777,-76.20699812193386,0,4,7,1,2,2,2,0,6639.975,2.0,2,0,1.0,9,31,1616.0,0.5736744275518083,81.67473861808857,68.1608574885675,9.138785887908334,865.1176766860625,26660.92933618844,3721.461,698.1859999999996,744.866,2278.409,1102.9029999999996,2618.558,29.636290693359403,5,1,0,0,4,23.064134357227445,22.87262595990073,23.25564275455416,1.0,0.0,0.0,0.0,1,0,0.0,0.09575419866335766,0.0,0.9042458013366423,0.0,0.9042458013366423,0.09575419866335766,0.0,0.0,0.0,7,1,2023,4,22,0,0,0,0,1,0,1,GRAVE_LESIONADOS,1
6,1,5,0,4,2,-7.15895405408469,-78.31189548579691,0,4,0,0,1,2,2,0,6543.555,2.0,4,4,1.0,14,33,1198.0,0.26630250742001477,73.80708586425185,36.003703096033625,3.6561284532718603,302.1568324299755,10246.512190782421,15935.565011852366,1733.9250000199986,935.692,13265.948011832368,2000.1670000199988,13935.398011832369,12.551591352627522,8,1,0,0,7,44.528875693210196,44.528875693210196,44.528875693210196,1.0,1.0,0.0,0.07742759509419994,1,0,0.0,1.0,0.0,0.0,0.07742759509419994,0.0,0.9225724049058001,1.0,1.0,1.0,16,2,2022,3,25,5,1,0,2,1,0,1,GRAVE_LESIONADOS,1
8,1,10,0,4,1,-14.336900239507713,-75.55510285280963,0,4,7,1,2,2,2,0,6639.975,2.0,2,0,1.0,9,31,1616.0,0.5841979313104123,78.07760136572462,68.27083579781383,8.850086058834064,1000.1879616882195,27932.19700214133,3721.461,698.1859999999996,744.866,2278.409,1102.9029999999996,2618.558,29.636290693359403,4,1,0,0,3,34.157638989215904,34.157638989215904,34.157638989215904,0.5684722021568196,0.4315277978431804,0.0,0.5684722021568196,1,0,0.0,0.0,0.0,1.0,0.0,0.4315277978431804,0.5684722021568196,0.4315277978431804,0.4315277978431804,0.4315277978431804,8,0,2021,10,29,5,1,1,0,1,0,1,GRAVE_LESIONADOS,1
6,1,7,0,4,1,-14.44888467440615,-71.61617189439426,0,4,0,0,2,1,1,2,1615.80134398513,1.0,2,3,0.0,9,6,462.5451294738552,0.4398438447721164,71.53994904596865,63.1679073361107,6.560435238974156,623.964721987175,1960.1839434672306,17779.13499998999,2097.3709999899997,2863.123,12818.640999999989,2878.713,14900.421999989989,16.19152450331032,4,1,0,0,3,34.99901926750747,34.99901926750747,34.99901926750747,1.0,0.0,0.0,0.0,1,0,0.0,0.0,0.0,1.0,0.0,1.0,0.0,0.0,1.0,0.0,3,0,2022,8,6,3,0,0,2,1,0,1,GRAVE_LESIONADOS,1
3,1,13,0,4,1,-12.382744227527034,-73.88725240102754,0,4,7,1,2,1,1,2,826.223915539098,2.0,2,0,0.24346141650469333,9,11,183.35615116310325,0.5094645991789946,74.67481226810843,67.4181092345205,8.757768253280306,839.9098059579321,23530.94159567288,12599.978348894838,1873.7722051481092,1409.519568496597,9316.68657525013,2008.6325695615124,10591.345779333325,15.713160109735687,5,1,0,0,3,36.78672912281336,28.84307399611264,44.73038424951408,1.0,0.0,0.0,0.0,1,0,0.0,0.0,0.7565385834953067,0.24346141650469333,0.7565385834953067,1.0,0.0,0.0,0.0,0.0,7,0,2022,7,20,3,0,1,2,1,0,1,GRAVE_LESIONADOS,1
3,1,7,0,4,1,-10.86091101985078,-75.64345651954534,0,4,5,1,2,1,1,2,9332.115709157866,2.0,2,0,1.0,9,25,3152.6141134868994,0.5320625166078854,77.4166161285292,69.63617665027554,8.051087180733628,827.9392412159036,27711.48765958579,8247.639685330823,1320.3454127541395,922.234805806235,6005.059466770447,1155.8110196631305,7091.828665667692,13.999149395531372,7,1,0,0,6,33.08059445676242,33.08059445676242,33.08059445676242,1.0,0.25736545840163405,0.0,0.0,1,0,0.0,0.742634541598366,0.0,0.0,0.25736545840163405,0.742634541598366,0.742634541598366,0.742634541598366,1.0,0.742634541598366,14,1,2021,9,7,3,0,0,2,1,0,1,GRAVE_LESIONADOS,1
5,1,4,0,4,1,-13.532781033081173,-74.13483109981763,0,4,4,0,1,2,2,2,6863.330898537396,2.0,3,2,1.0,12,24,1198.0,0.3778205071178062,73.42347372033312,54.73948507430105,5.773117189060647,456.17212296277864,6589.587239113696,12678.733000000004,1805.074000000001,1774.0339999999994,9099.625000000004,2485.375000000001,10193.358000000002,19.602707936195205,9,1,0,0,8,46.7662254073842,44.77403934818528,48.75841146658311,1.0,0.6935098370463204,0.0,1.0,1,0,0.0,1.0,0.3064901629536796,0.0,0.0,0.0,1.0,0.6935098370463204,0.0,0.0,14,2,2025,3,15,5,1,0,2,1,0,1,GRAVE_LESIONADOS,1
3,1,19,0,4,1,-15.168193794437068,-70.44162725172755,4,4,6,1,2,1,1,2,7586.903,2.0,2,0,1.0,9,5,1198.0,0.29965563772222703,77.38969178793984,61.481303193038066,5.659509983564986,232.4418521417521,1419.5637760169384,13587.600168965599,2013.0625167005992,2304.534459871859,9270.00319239314,3245.529675954767,10342.070493010831,23.842116986842576,5,2,0,0,3,43.72202154699427,37.16606464098281,50.27797845300573,1.0,0.0,0.9602887924277528,1.0,2,0,0.0,0.0,0.0,1.0,0.03971120757224722,0.03971120757224722,0.9602887924277528,0.9602887924277528,1.0,0.0,22,2,2021,3,11,6,1,0,2,1,0,1,GRAVE_LESIONADOS,1
6,1,5,1,4,2,-6.604514544253561,-78.59853193105451,0,4,5,0,1,2,2,0,5595.813343761037,1.8394080376092719,3,3,0.839408037609272,13,32,1022.9547609941064,0.28482751065087797,76.84064308952253,43.059477840252875,3.7482901445722026,310.0034254320848,20724.74797949952,15935.565011852366,1733.9250000199986,935.692,13265.948011832368,2000.1670000199988,13935.398011832369,12.551591352627522,6,1,0,0,5,42.175391022158934,42.175391022158934,42.175391022158934,1.0,0.0,0.0,0.16059196239072804,1,0,0.0,0.839408037609272,0.0,0.16059196239072804,0.0,0.0,1.0,0.0,0.0,0.0,14,2,2022,7,11,1,0,0,2,1,0,1,GRAVE_LESIONADOS,1
4,1,6,0,4,1,-10.575369058706652,-74.69331212328412,0,4,3,0,1,2,2,3,4733.569173958749,2.0,2,1,1.0,9,24,849.2439753174733,0.23913463809839716,73.07316597473253,48.53890108166289,3.3515407600479574,224.61497197381522,18910.261104368194,16952.900676863268,1934.4850983369342,1999.3046161548532,13019.110962371482,2484.9742950417717,14467.926381821497,14.560212580067834,8,1,0,0,6,34.68902508212791,34.68902508212791,34.68902508212791,1.0,0.0,0.0,0.0,1,0,0.0,0.4481708470213185,0.0,0.5518291529786815,0.0,0.5518291529786815,0.4481708470213185,0.0,0.0,0.0,10,1,2021,3,15,0,0,0,2,1,0,1,GRAVE_LESIONADOS,1
4,1,14,0,3,2,-11.609645315330614,-77.32145432990538,0,2,4,1,2,2,2,1,6543.555,2.636692914357942,2,1,1.0,5,31,1374.36393727715,0.7694990484893351,79.02754476003723,77.52642860219225,13.409079879373847,1616.6049987708777,60513.04896286476,7626.313,1683.4029999999998,1599.0829999999996,4343.827000000001,1814.875,5811.438000000001,23.797541485643197,16,1,0,0,14,45.0,39.91370080101119,48.63307085642058,1.0,0.0,0.0,0.6366929143579417,1,0,0.0,0.0,0.36330708564205827,1.0,0.36330708564205827,0.6366929143579417,0.36330708564205827,0.0,0.36330708564205827,0.36330708564205827,7,1,2023,8,20,2,0,1,0,1,0,1,GRAVE_LESIONADOS,1
3,1,5,0,4,1,-7.24339051223979,-79.06387336499499,5,4,7,0,1,0,0,2,887.28,2.0,2,0,1.0,8,17,155.0,0.496820011295467,72.81937256738725,59.33185422451564,7.047665037484238,883.5331022913186,6825.371451442681,15935.565011852366,1733.9250000199986,935.692,13265.948011832368,2000.1670000199988,13935.398011832369,12.551591352627522,6,2,0,0,4,33.327426918840104,25.318567297100255,41.33628654057995,1.0,0.22123781980668367,0.7787621801933163,1.0,2,0,0.0,0.0,0.0,1.0,0.0,1.0,0.0,0.0,0.22123781980668367,0.0,9,0,2021,9,24,2,0,0,2,0,0,1,GRAVE_LESIONADOS,1
6,1,3,1,4,1,-16.066340023364425,-72.8114198065337,0,4,3,0,1,2,2,0,6574.6915526254725,2.0,3,2,1.0,12,32,1332.9831881087687,0.6510907881695236,76.52903214766495,71.50751046744253,8.814228775959185,1372.5999052869595,2248.603784475683,10322.272,1495.236,1749.739,7077.2970000000005,2886.595,7435.677000000001,27.964725207783708,12,1,0,0,11,28.0,28.0,28.0,1.0,0.0,0.0,0.32292628734155204,1,0,0.0,0.0,0.32292628734155204,0.677073712658448,0.0,0.0,1.0,0.0,0.0,0.0,3,0,2021,6,18,5,1,0,0,1,0,1,GRAVE_LESIONADOS,1
3,1,7,0,4,1,-13.506734525464584,-73.3557346583641,1,4,5,0,2,1,1,2,7586.903,2.0,2,0,1.0,9,5,1198.0,0.3562008220220927,74.86411240685416,66.27236361964759,5.432817025170248,360.8575709443493,5461.50852318246,12898.197714954758,1854.2029112884416,1906.153544039,9137.841259627317,2674.114244893588,10224.08347006117,20.670842187315255,5,2,0,0,3,47.07824717322519,38.35584441429243,55.80064993215795,1.0,0.7722402758932766,0.0,0.0,2,0,0.0,0.7722402758932766,0.7722402758932766,0.2277597241067234,0.7722402758932766,0.2277597241067234,0.7722402758932766,0.0,1.0,0.2277597241067234,9,1,2021,7,25,2,0,1,2,1,0,1,GRAVE_LESIONADOS,1
4,1,7,0,5,2,-12.688133380564073,-74.9580054556676,5,4,4,0,4,0,1,3,7093.176967890537,2.0,2,1,1.0,11,18,1198.0,0.37335453916146366,74.86962667059298,53.143302094649115,5.913677057389373,481.5186250848535,1711.181567608775,12460.544223449277,1816.341969932543,1421.8796493662858,9222.322604150448,2012.9320413122175,10447.61218213706,16.099340709192596,5,1,0,0,4,34.53126153771382,33.741081318040415,35.32144175738721,1.0,0.0,0.0,1.0,1,0,0.0,0.47321318688439873,0.0,0.5267868131156013,0.0,0.5267868131156013,0.47321318688439873,0.0,0.0,0.0,16,1,2022,5,27,1,0,1,2,1,0,1,GRAVE_LESIONADOS,1
6,1,8,0,4,1,-13.296830025018169,-75.428585392724,0,4,4,0,2,0,1,0,1558.0317845177403,1.3822730759382056,1,3,0.3822730759382057,9,19,287.2022884172193,0.4080208282146418,70.77865333619833,49.4724360530415,7.1746386296474425,569.0504839233492,1513.1393871004827,8511.426,1445.3929999999996,2008.516,5057.516999999999,1879.579,6631.846999999998,22.08300935706896,4,1,0,0,3,35.76454615187641,35.76454615187641,35.76454615187641,1.0,0.6177269240617943,0.0,0.0,1,0,0.0,0.0,0.0,1.0,0.0,1.0,0.0,0.0,0.0,0.0,12,1,2021,6,7,1,0,0,2,1,0,1,GRAVE_LESIONADOS,1