CLASE SINIESTRO,CANTIDAD DE VEHICULOS DAÑADOS,DEPARTAMENTO,ZONA,TIPO DE VÍA,RED VIAL,COORDENADAS LATITUD,COORDENADAS  LONGITUD,CONDICIÓN CLIMÁTICA,ZONIFICACIÓN,CARACTERÍSTICAS DE VÍA,PERFIL LONGITUDINAL VÍA,SUPERFICIE DE CALZADA,¿EXISTE SEÑAL VERTICAL?,¿EXISTE SEÑAL HORIZONTAL?,CAUSA FACTOR PRINCIPAL,MTC_RVN_LONGITUD_KM,MTC_RVN_N_CARRILES_MEDIANA,MTC_RVN_SUPERFICIE_DOMINANTE,MTC_RVN_ESTADO_DOMINANTE,MTC_RVN_ES_CONCESIONADA,MTC_RVN_CONCESION_PRINCIPAL,MTC_RVN_CORREDOR_LOGISTICO,MTC_RVN_N_TRAMOS,IDH_2019,IDH_ESP_VIDA_2019,IDH_EDUC_SECUND_PCT_2019,IDH_ANIOS_EDUC_2019,IDH_INGRESO_PERCAP_2019,IDH_POBLACION_2019,MTC_DEP_RED_TOTAL_KM,MTC_DEP_NACIONAL_TOTAL_KM,MTC_DEP_DEPARTAMENTAL_TOTAL_KM,MTC_DEP_VECINAL_TOTAL_KM,MTC_DEP_PAV_TOTAL_KM,MTC_DEP_NO_PAV_TOTAL_KM,MTC_DEP_PCT_PAVIMENTADA,PER_TOTAL_PERSONAS,PER_N_CONDUCTORES,PER_N_CONDUCTORES_FUGADOS,PER_N_PEATONES,PER_N_PASAJEROS_OCUPANTES,PER_EDAD_COND_PROM,PER_EDAD_COND_MIN,PER_EDAD_COND_MAX,PER_ANY_COND_MASCULINO,PER_ANY_LIC_PROBLEMA,PER_ANY_DOSAJE_POS,PER_ANY_DOSAJE_EVALUADO,VEH_TOTAL,VEH_N_FUGADOS,VEH_ANY_FUGADO,VEH_ANY_CARGA,VEH_ANY_PUBLICO,VEH_ANY_PARTICULAR,VEH_ANY_MOTO,VEH_ANY_AUTO,VEH_ANY_CAMION_BUS,VEH_ANY_SOAT_PROBLEMA,VEH_ANY_CITV_PROBLEMA,VEH_ANY_SEGURO_PROBLEMA,HORA_NUM,FRANJA_HORARIA,ANIO,MES,DIA_MES,DIA_SEMANA,ES_FIN_SEMANA,ES_QUINCENA,REGION_NATURAL,TIENE_SEÑALIZACION,ES_VIA_MULTICARRIL,ES_DEPTO_BAJO_PAVIMENTO,CATEGORIA_SEVERIDAD,CATEGORIA_SEVERIDAD_ENC
3,2,17,0,4,1,-6.145884624134505,-77.96302111522355,0,4,7,1,2,0,0,2,939.1242445096209,2.0,2,0,1.0,1,20,109.71994053459505,0.5365936355543309,73.6520763906824,63.58399600243374,7.748809059906838,961.9635594972906,45967.87665842215,4647.860791411958,678.1718342903469,839.5482651722616,3130.1406919493497,871.9216909929414,3775.9391004190165,19.037055775563434,5,2,0,0,3,43.223659209826366,40.58284440027037,45.864474019382364,1.0,0.5436740761776014,0.5436740761776014,1.0,2,0,0.0,0.0,0.5436740761776014,0.45632592382239856,1.0,0.0,1.0,0.0,1.0,0.0,10,1,2021,10,19,1,0,1,0,1,0,1,GRAVE_LESIONADOS,1
3,1,20,0,4,1,-15.678662792719344,-70.08642234340452,0,4,0,1,2,2,2,1,7476.403441932434,2.0,2,0,1.0,9,7,1198.0,0.3216505980736838,70.04280518585492,70.82800907878665,6.368853924364018,264.1901999280855,4853.949855757621,13642.312999999998,2020.7790000000005,2354.117,9267.416999999998,3314.0520000000006,10328.260999999997,24.29244952817019,4,1,0,0,2,34.10590863074216,26.95317767667939,41.25863958480492,1.0,1.0,0.0,0.10590863074215451,1,0,0.0,0.0,0.0,1.0,0.0,0.8940913692578455,1.0,0.0,0.0,0.0,20,2,2022,1,3,5,0,0,2,1,0,1,GRAVE_LESIONADOS,1
3,2,13,2,3,2,-14.686607771915023,-70.95600185806795,0,1,4,1,2,1,0,2,6543.555,2.0,4,4,1.0,14,33,1198.0,0.664692107578526,73.57709224868347,82.39109144679952,11.37441247830513,1237.9044056619687,138021.85287870368,15701.909179068622,2058.9117962689743,2607.535400096872,11035.461982702776,3097.3101288240773,12604.599050244544,20.259248624635266,4,2,0,0,2,38.976560985657514,31.99573836102864,45.957383610286385,1.0,0.49786918051431917,0.0,0.0,2,0,0.0,0.0,0.5021308194856808,1.0,0.0,1.0,1.0,0.0,0.49786918051431917,0.0,13,1,2022,9,14,5,1,0,2,1,0,1,GRAVE_LESIONADOS,1
6,1,10,0,4,1,-8.145695215894163,-78.02590153071118,0,4,7,0,2,1,1,2,9936.932,2.0,2,0,1.0,9,32,3830.0,0.43102109935652044,73.19111778971438,61.08910577596138,6.342801717210367,606.3796454640079,68729.00268476542,9222.238735790717,1422.5118432238075,1823.151163419314,5976.575729147597,1358.6809058495037,7863.557829941215,14.577455333886773,4,1,0,1,2,34.316382581942364,34.316382581942364,34.316382581942364,1.0,0.0,0.0,0.0,1,0,0.0,0.8418087090288189,0.0,0.15819129097118112,0.0,0.15819129097118112,0.8418087090288189,0.0,0.8418087090288189,0.0,14,2,2021,6,25,1,0,0,0,1,0,1,GRAVE_LESIONADOS,1
5,2,10,0,4,1,-13.364117207465073,-76.21521119674662,0,4,7,1,2,2,2,1,6639.975,2.0,2,0,1.0,9,31,1616.0,0.5736744275518083,81.67473861808857,68.1608574885675,9.138785887908334,865.1176766860625,26660.92933618844,3721.461,698.1859999999996,744.866,2278.409,1102.9029999999996,2618.558,29.636290693359403,9,2,0,0,7,35.17160677632478,30.767550601514035,39.57566295113553,1.0,0.0,0.0,0.0,2,0,0.0,1.0,0.0,0.0,0.0,0.8013520582702486,1.0,0.8013520582702486,0.8013520582702486,0.0,16,2,2022,8,5,1,0,0,0,1,0,1,GRAVE_LESIONADOS,1
4,1,4,0,4,0,-13.291827416637112,-73.9214556274611,1,4,0,0,2,2,2,2,7158.603615655835,2.0,2,1,1.0,11,16,1198.0,0.2745177954936465,72.60904820204003,45.527012703077666,5.022980768026154,272.8372250256774,6770.2739291605085,12678.733000000004,1805.074000000001,1774.0339999999994,9099.625000000004,2485.375000000001,10193.358000000002,19.602707936195205,11,1,0,0,10,39.263641519661974,35.4319228584263,43.09536018089766,1.0,0.0,0.0,0.5894951786516435,1,0,0.0,0.5894951786516435,0.5894951786516435,0.41050482134835653,0.0,0.0,1.0,0.41050482134835653,0.41050482134835653,0.41050482134835653,12,1,2023,4,18,4,0,0,2,1,0,1,GRAVE_LESIONADOS,1
6,1,12,0,4,2,-7.7090258335927375,-77.87944229254298,0,4,7,1,5,2,2,0,6543.555,2.0,4,4,1.0,14,33,1198.0,0.22088612132869828,74.12467617922671,25.556617147127508,3.6013998644478127,256.39296371731547,13321.865292424283,8931.828000000005,1335.5899999999997,1935.9830000000004,5660.255000000005,1219.309,7712.519000000005,13.651281686122925,8,1,0,0,7,26.22118288600465,25.30084491857475,26.911436361577074,0.769915508142525,0.0,0.0,0.0,1,0,0.0,0.0,0.23008449185747504,0.769915508142525,0.23008449185747504,0.0,0.769915508142525,0.23008449185747504,0.0,0.23008449185747504,18,2,2024,7,23,3,0,1,0,1,0,1,GRAVE_LESIONADOS,1
4,1,8,0,4,1,-12.650585155840927,-75.25076188425125,0,4,4,1,2,2,2,0,1131.694665537348,1.0,0,3,0.0,9,25,160.12519452355764,0.41932040280527594,71.36809931500767,55.387436610009225,5.365196491546514,718.2815077438026,1201.8454833386156,8511.426,1445.3929999999996,2008.516,5057.516999999999,1879.579,6631.846999999998,22.08300935706896,5,1,0,0,3,28.533096541842518,27.939178674402292,29.127014409282747,1.0,0.0,0.0,0.0,1,0,0.0,0.0,0.0,1.0,0.0,1.0,0.593917867440229,0.0,0.0,0.0,6,1,2024,4,14,4,0,0,2,1,0,1,GRAVE_LESIONADOS,1
3,1,12,0,4,1,-7.912117258499593,-78.10910475501922,0,4,7,1,2,2,2,2,9347.22203995599,2.17378262422478,2,0,1.0,7,31,3420.7419199506435,0.41718760366474705,73.7006137225584,57.414642381432124,5.798585738465305,592.5656731301972,69225.09657028482,8931.828000000005,1335.5899999999997,1935.9830000000004,5660.255000000005,1219.309,7712.519000000005,13.651281686122925,7,1,0,0,5,32.74082588507786,29.435956381976982,36.04569538817874,1.0,0.0,0.0,0.0,1,0,0.0,1.0,0.0,0.0,0.0,0.0,1.0,0.0,0.8262173757752201,0.0,7,0,2022,7,6,1,0,0,0,1,0,1,GRAVE_LESIONADOS,1
6,1,5,0,4,1,-8.950874223700053,-76.99490197932532,0,4,1,0,2,1,1,2,171.02041627067734,1.3171023925418228,1,0,0.7723674641806076,11,32,20.007915788026633,0.37657188768312944,72.37486131047324,59.81142207306509,5.182806288030557,495.43107849923126,8599.682722835618,16355.22152321266,1816.6571346265848,1374.4380061469074,13164.126382439168,2200.15265382943,14155.06886938323,13.380158565930518,8,1,0,0,7,30.496042105986685,30.496042105986685,30.496042105986685,0.7723674641806076,0.0,0.0,0.7723674641806076,1,0,0.0,0.0,0.7723674641806076,0.22763253581939236,0.0,0.22763253581939236,0.7723674641806076,0.0,0.0,0.0,11,1,2023,5,15,6,1,0,2,1,0,1,GRAVE_LESIONADOS,1
3,1,20,0,4,0,-14.554562887043677,-70.35283059865434,2,4,6,1,3,2,2,1,6543.555,2.0,4,4,1.0,14,33,1198.0,0.35229518147326006,70.22300883051936,68.790047263726,6.505562134550318,340.4951939960216,8420.110524946704,13642.312999999998,2020.7790000000005,2354.117,9267.416999999998,3314.0520000000006,10328.260999999997,24.29244952817019,5,2,0,0,3,46.177636052510614,38.81767249615074,53.53759960887049,1.0,0.0,0.0,0.0,2,0,0.0,0.5244363458577493,0.5244363458577493,0.47556365414225066,0.0,0.47556365414225066,1.0,1.0,1.0,0.5244363458577493,19,2,2021,3,14,2,0,0,2,1,0,1,GRAVE_LESIONADOS,1
3,1,3,0,4,1,-16.44823406262966,-71.72777256526057,0,4,7,0,2,1,1,0,1504.4250000000002,2.0,2,0,1.0,7,25,241.0,0.6086009550625271,78.12795934797194,70.10860557970226,8.524638966206657,1127.028193945487,34697.93953824005,10322.272,1495.236,1749.739,7077.2970000000005,2886.595,7435.677000000001,27.964725207783708,8,2,0,0,5,27.71747289967289,21.806096747960748,33.09145121941121,0.8060967479607475,0.0,0.0,1.0,2,0,0.0,0.8060967479607475,0.8060967479607475,0.19390325203925252,0.0,0.0,1.0,0.0,0.0,0.0,17,1,2024,6,2,1,0,0,0,1,0,1,GRAVE_LESIONADOS,1
6,1,4,0,4,1,-13.881988444980685,-74.79100873888243,0,4,3,0,2,1,0,2,1877.2142563442767,2.0,2,1,1.0,7,25,244.30450497432423,0.3003998003437646,74.67886501778366,45.562757652030506,4.613199323752035,329.0898672525249,3819.9780055064352,12678.733000000004,1805.074000000001,1774.0339999999994,9099.625000000004,2485.375000000001,10193.358000000002,19.602707936195205,17,1,0,0,16,44.59520717666892,44.59520717666892,44.59520717666892,1.0,0.0,0.0,0.3534774751283788,1,0,0.0,0.0,0.3534774751283788,0.0,0.0,0.6465225248716212,0.3534774751283788,0.0,0.0,0.0,7,0,2022,7,22,3,0,0,2,1,0,1,GRAVE_LESIONADOS,1
3,1,14,0,4,1,-9.088047068397692,-76.33987059298113,2,4,6,1,3,2,2,0,5370.011554127923,2.6422096370026975,2,0,1.0,1,25,1149.768560035452,0.551411228046214,78.02796219839459,64.61053845795954,7.973224908377363,939.82573778851,10517.595926507336,2969.7686559477934,473.6903425362588,564.6062055273023,1931.4721078842322,628.3868274508121,2341.381828496981,21.508387465547628,4,2,0,0,2,52.44971683256069,47.84419274005395,57.05524092506744,1.0,0.0,0.0,0.0,2,0,0.0,0.6422096370026974,0.6422096370026974,0.3577903629973026,0.3577903629973026,0.3577903629973026,0.6422096370026974,0.0,0.3577903629973026,0.0,10,1,2022,4,14,3,0,0,0,1,0,1,GRAVE_LESIONADOS,1
5,2,19,0,4,1,-6.118715369401831,-79.61985173794864,5,4,1,0,2,2,2,1,6567.238796369787,2.7543684259511854,2,0,1.0,2,30,1509.634051940883,0.5700047380537716,75.87934539374498,69.08252685517989,8.997807584359826,946.4656348145708,11630.514057610204,1675.3422561870425,275.95693957401,399.82165381205755,999.563662800975,479.84673158571127,1195.4955246013312,27.985061572927798,28,1,0,0,26,40.80728939775663,39.70194731453696,41.91263148097629,1.0,0.0,0.0,1.0,1,0,0.0,0.0,0.0,0.24563157404881453,0.0,0.24563157404881453,1.0,0.0,0.0,0.0,13,1,2023,10,25,5,1,1,0,1,0,1,GRAVE_LESIONADOS,1
6,1,1,0,4,1,-9.94219078404655,-77.12320689995386,0,4,7,0,2,2,2,0,9936.932,2.0,2,0,1.0,9,32,3830.0,0.43829434425638636,71.43501986412578,46.59208259803373,6.374905285745718,735.2151878284157,2174.920377276469,10767.648,1885.0630000000003,1222.721,7659.864000000001,2100.343,8667.305000000002,19.506051832303577,11,1,0,0,10,39.68864665558208,39.68864665558208,39.68864665558208,1.0,0.0,0.0,1.0,1,0,0.0,0.0,1.0,0.0,0.0,0.8907205546318401,0.10927944536815992,0.0,0.8907205546318401,0.0,12,2,2021,10,28,5,0,0,0,1,0,1,GRAVE_LESIONADOS,1
3,2,5,1,4,1,-5.668272018046596,-78.76919476126615,0,2,7,0,2,0,1,2,7758.33400008,2.0,2,0,1.0,9,20,2133.0,0.5803239946829384,74.49544278598792,68.33065356443184,8.733179344969395,1046.078117086984,102362.46895074946,15935.565011852366,1733.9250000199986,935.692,13265.948011832368,2000.1670000199988,13935.398011832369,12.551591352627522,5,2,0,0,3,38.528078874535716,36.82246309962858,40.23369464944286,1.0,1.0,0.20561577490714367,1.0,2,0,0.0,0.0,1.0,0.7943842250928563,1.0,0.0,0.0,0.20561577490714367,1.0,1.0,10,2,2023,8,10,1,0,0,2,1,0,1,GRAVE_LESIONADOS,1
5,1,3,0,4,0,-16.865657236468056,-71.71659232109567,3,4,0,0,2,0,0,0,6630.432445330933,2.0,2,0,1.0,9,31,1574.6311154151606,0.6370305735868594,78.34182980534126,77.61539730206113,8.738961473244727,1200.5377620671857,8021.119324778354,10322.272,1495.236,1749.739,7077.2970000000005,2886.595,7435.677000000001,27.964725207783708,5,2,0,0,3,49.92165890841716,41.614439272278105,58.22887854455621,1.0,0.0,0.0,0.9010313765912932,2,0,0.0,0.0,0.0,1.0,0.0,1.0,1.0,0.0,0.0,0.0,6,1,2024,10,25,5,1,1,0,1,0,1,GRAVE_LESIONADOS,1
5,1,5,2,3,4,-13.71808828571553,-73.79423605724455,0,0,5,0,5,2,2,0,6543.555,2.0,4,4,1.0,14,33,1198.0,0.6456198136354849,78.87498994553266,78.25908438087956,10.817361844949385,1093.3085697064882,97648.67649189435,8459.89519437335,1229.2350124592633,1462.0717360202946,5768.588445893792,2294.1042830064475,6165.790911366902,25.892801415556043,10,1,0,0,9,37.10033023444291,36.82894883936332,37.371711629522494,1.0,0.7286186049204154,0.0,0.2713813950795846,1,0,0.0,0.2713813950795846,0.0,1.0,1.0,0.0,0.2713813950795846,0.7286186049204154,1.0,0.2713813950795846,14,2,2022,9,22,5,0,1,0,1,0,1,GRAVE_LESIONADOS,1
6,1,9,0,4,1,-11.52931434995574,-75.32170899776283,0,4,7,1,2,1,1,0,867.1783372265181,1.1448905780025598,0,2,0.1448905780025599,7,32,90.50584196409727,0.29512237277645037,68.44676294260343,58.04038394368925,4.295937073576766,323.794743307017,6514.44474382134,8577.267176464617,1494.2238777165376,1809.7956744579292,5273.247624290149,1928.1066217367786,6649.160554727837,22.4620913597831,5,1,0,0,4,44.42043768798976,44.42043768798976,44.42043768798976,0.8551094219974401,0.1448905780025599,0.0,0.1448905780025599,1,0,0.0,1.0,0.0,0.0,1.0,0.0,0.0,0.1448905780025599,1.0,0.0,13,3,2024,2,12,1,0,0,1,1,0,1,GRAVE_LESIONADOS,1
4,1,6,2,4,1,-11.177038367297746,-74.37064482175086,0,4,7,1,1,2,2,1,7225.414962265047,2.0,2,1,1.0,10,14,1198.0,0.38817105574969035,74.39828420300198,62.84628010858967,6.220324984998918,452.9155288020597,19178.85590187161,17140.39462052032,1971.4481234888,2195.3273555366777,12973.619141494843,2574.3237937211143,14566.070826799207,14.930399459579244,8,1,0,0,6,41.59441892106733,30.81116215786534,52.37767568426932,1.0,0.6535307129213328,0.0,0.6535307129213328,1,0,0.0,0.3464692870786672,0.6535307129213328,0.6535307129213328,0.0,0.6535307129213328,1.0,0.0,0.6535307129213328,0.0,7,1,2023,4,7,1,0,0,2,1,0,1,GRAVE_LESIONADOS,1
6,1,1,0,4,2,-8.660781397190444,-77.53096869083261,0,4,4,0,7,2,2,0,6543.555,2.0,4,4,1.0,14,33,1198.0,0.23775636380777807,72.68734861286379,36.72543335698128,4.7747859381332285,189.86026276536182,2142.6542473591735,10755.643045585219,1874.5553494650571,1236.926585989746,7644.161110130418,2121.5361478537916,8634.10689773143,19.734052416713517,5,1,0,0,4,30.94609069902832,30.94609069902832,30.94609069902832,1.0,0.026954650485838894,0.0,0.0,1,0,0.0,0.026954650485838894,0.9730453495141611,0.0,0.0,0.9730453495141611,0.026954650485838894,0.0,1.0,0.0,5,0,2024,1,23,3,0,1,0,1,0,1,GRAVE_LESIONADOS,1
6,1,4,0,4,1,-13.347603729702731,-74.1718837469834,0,4,0,0,7,1,0,5,7565.758858717637,2.0,2,0,1.0,9,5,1198.0,0.3262826017500557,68.71704122157163,46.89752114045888,5.144369574008208,388.62564923291467,6986.425033402282,12678.733000000004,1805.074000000001,1774.0339999999994,9099.625000000004,2485.375000000001,10193.358000000002,19.602707936195205,4,1,0,0,3,23.283719313165964,23.283719313165964,23.283719313165964,0.9797343347738597,0.0,0.0,0.02026566522614026,1,0,0.0,0.0,0.0,1.0,0.0,0.9797343347738597,0.02026566522614026,0.0,0.0,0.0,16,3,2022,5,1,5,1,0,2,1,0,1,GRAVE_LESIONADOS,1
1,1,2,0,6,2,-14.284783756901822,-74.25434357141955,0,4,1,0,6,1,1,0,6543.555,2.0,4,4,1.0,14,33,1198.0,0.4687396941746736,80.9321040163105,59.21376330207575,7.661117323254649,594.7252113656624,8065.265179356057,10441.755700885524,1599.8172362253488,1608.3527082526075,7233.585756407568,2675.6624423663498,7766.093258519174,25.695465976293445,5,1,0,0,3,34.85310867496737,34.85310867496737,34.85310867496737,1.0,0.0,0.0,0.0,1,0,0.0,0.7317239795464433,0.0,0.0,0.0,0.0,1.0,0.0,1.0,0.0,8,0,2021,1,15,0,0,0,0,1,0,1,GRAVE_LESIONADOS,1
3,1,7,0,4,1,-13.391664490032696,-72.10986408737828,0,4,0,0,2,2,2,2,259.1260115519043,1.8770653332503286,1,0,0.0,9,3,90.70521955400613,0.31559234751985454,74.2766028189944,55.851457939763044,5.33790521132536,294.6708912552318,5424.4538597377,17779.13499998999,2097.3709999899997,2863.123,12818.640999999989,2878.713,14900.421999989989,16.19152450331032,5,1,0,0,3,35.426304888501534,34.467283110751424,36.38532666625164,0.9590217777501095,0.9590217777501095,0.0,0.0,1,0,0.0,0.9590217777501095,0.0,0.04097822224989045,0.0,1.0,0.9590217777501095,0.0,0.9590217777501095,0.0,21,2,2021,6,3,3,0,0,2,1,0,1,GRAVE_LESIONADOS,1
3,1,14,2,2,4,-11.888498624213867,-77.07187090509422,0,2,2,1,1,2,2,0,6543.555,2.0,4,4,1.0,14,33,1198.0,0.691340780588264,79.55493102284434,74.96428179911291,10.133634256014876,1389.4696599589884,377885.5173408923,7626.313,1683.4029999999998,1599.0829999999996,4343.827000000001,1814.875,5811.438000000001,23.797541485643197,6,2,0,0,4,33.776582379022,32.01392416850855,35.53924058953545,1.0,0.0,0.0,0.0,2,0,0.0,0.0,1.0,1.0,0.7050632842053791,1.0,0.2949367157946209,0.7050632842053791,1.0,0.7050632842053791,5,0,2022,7,25,4,0,1,0,1,0,1,GRAVE_LESIONADOS,1
6,1,5,0,4,1,-7.033079246052636,-78.56396167344198,0,3,1,0,2,1,1,0,5855.661094335412,2.0,2,0,1.0,8,25,2172.624602767337,0.6070175276741574,73.19224654097276,74.29530430690215,9.490386956642766,1117.141592366869,257380.9443254818,15935.565011852366,1733.9250000199986,935.692,13265.948011832368,2000.1670000199988,13935.398011832369,12.551591352627522,5,1,0,0,4,21.70591901589006,21.70591901589006,21.70591901589006,1.0,0.5490134973516563,0.0,0.0,1,0,0.0,0.5490134973516563,0.0,0.4509865026483437,0.0,0.4509865026483437,0.5490134973516563,0.0,0.4509865026483437,0.0,13,1,2022,6,25,3,0,1,2,1,0,1,GRAVE_LESIONADOS,1
6,1,11,0,4,1,-11.298468900785446,-75.62807220924341,5,4,6,1,5,1,1,0,6648.675278239536,2.0,3,3,1.0,13,30,1198.0,0.43076481546895684,74.72797749383405,48.92805887787948,5.800528892731117,686.6541414010857,11661.755507342465,12264.545,1826.4639999999995,1105.5389999999998,9332.542,1588.5359999999996,10676.009,12.952261987705208,7,1,0,0,6,41.2872016526872,41.2872016526872,41.2872016526872,1.0,0.0,0.0,0.0,1,0,0.0,0.8992471560404237,0.0,0.10075284395957629,0.0,0.10075284395957629,0.8992471560404237,0.0,0.0,0.0,10,0,2022,6,4,5,1,0,2,1,0,1,GRAVE_LESIONADOS,1
7,1,10,0,4,2,-15.367377498317817,-75.13845673174328,3,4,3,1,5,2,2,1,4687.273988962988,2.0,3,2,1.0,11,31,857.8490384714638,0.5563774842369664,77.00938809632027,69.10246351364754,8.476961866273152,914.8835608305218,27932.19700214133,3721.461,698.1859999999996,744.866,2278.409,1102.9029999999996,2618.558,29.636290693359403,4,1,0,0,3,53.438715771532934,47.73541074160477,59.1420208014611,1.0,0.0,0.7075228189780428,1.0,1,0,0.0,0.2924771810219572,0.2924771810219572,0.7075228189780428,0.0,0.0,1.0,0.0,0.2924771810219572,0.2924771810219572,5,0,2021,8,24,4,0,1,0,1,0,1,GRAVE_LESIONADOS,1
5,1,12,0,4,1,-7.785757714065841,-79.2405217269442,0,4,7,1,2,2,2,0,6543.555,2.9688250908880787,2,0,1.0,0,30,1466.364550175998,0.612095525656907,77.46077553185783,77.09354231442244,9.24827337584724,1051.978418418181,8445.854305516781,8931.828000000005,1335.5899999999997,1935.9830000000004,5660.255000000005,1219.309,7712.519000000005,13.651281686122925,6,1,0,0,5,31.75060072710463,31.75060072710463,31.75060072710463,1.0,0.031174909111921223,0.0,0.0,1,0,0.0,0.0,0.0,1.0,0.0,1.0,0.0,0.0,1.0,0.0,17,2,2023,1,8,6,1,0,0,1,0,1,GRAVE_LESIONADOS,1
6,1,12,0,4,1,-7.89987023680866,-78.1303259179046,0,4,7,1,1,2,2,2,9936.932,2.0,2,0,1.0,9,32,3830.0,0.3986882084754764,72.97869269132666,58.65435142755623,5.605762371496486,527.7120199980477,69564.29978586723,8931.828000000005,1335.5899999999997,1935.9830000000004,5660.255000000005,1219.309,7712.519000000005,13.651281686122925,5,1,0,0,4,45.31255697639915,45.31255697639915,45.31255697639915,1.0,0.0,0.0,0.0,1,0,0.0,0.12980330950775787,0.0,0.8701966904922421,0.0,0.0,1.0,0.0,0.12980330950775787,0.0,17,3,2023,9,26,4,0,1,0,1,0,1,GRAVE_LESIONADOS,1
6,1,20,0,4,1,-17.545119191344654,-71.36614774275526,0,4,6,1,2,2,2,1,1740.640222519555,1.8613474708866962,1,0,0.8613474708866963,9,32,372.895383278571,0.5628978052272762,74.87390828650763,71.49705892354712,8.806155774076949,926.2514702200207,3467.8861197352285,2799.053468249617,640.0338481980262,523.0647195093213,1635.954900542269,1073.444055148204,1725.6094131014124,38.838396225115915,7,1,0,0,6,30.100711280985365,30.100711280985365,30.100711280985365,1.0,0.8613474708866963,0.0,1.0,1,0,0.0,0.0,0.0,1.0,0.0,0.8613474708866963,0.13865252911330372,0.0,0.0,0.0,11,1,2022,3,7,0,0,0,0,1,0,1,GRAVE_LESIONADOS,1
6,1,4,0,4,1,-13.581112391878545,-74.1449221557803,0,4,6,0,1,1,1,2,6676.385594066638,2.0,3,3,1.0,13,29,1198.0,0.39153688795248554,74.67605121771273,56.82655793923178,5.940453088248202,474.1490498694401,6483.972191757456,12678.733000000004,1805.074000000001,1774.0339999999994,9099.625000000004,2485.375000000001,10193.358000000002,19.602707936195205,5,1,0,0,4,43.07182678882533,43.07182678882533,43.07182678882533,1.0,0.872688121253275,0.0,0.872688121253275,1,0,0.0,0.872688121253275,0.0,0.127311878746725,0.0,0.127311878746725,0.872688121253275,0.872688121253275,0.0,0.0,13,3,2024,5,14,5,1,0,2,1,0,1,GRAVE_LESIONADOS,1
3,2,8,0,4,1,-12.098527565969617,-75.4218564024198,0,4,0,0,2,1,0,2,885.0863949454005,1.1756722979685845,1,0,0.17567229796858452,8,31,128.85146957109953,0.36770686116504164,72.93596341388557,50.42897611990373,5.635692507910662,450.7019152302535,25077.76271703416,8585.278985410589,1426.103654666155,1995.7739612114449,5163.401369532989,1763.5878518202826,6821.691133590305,20.60178838126857,6,2,0,0,4,30.79052534085863,29.121638510157076,32.45941217156018,1.0,0.0,0.0,0.8243277020314155,2,0,0.0,1.0,0.0,0.17567229796858452,0.8243277020314155,0.17567229796858452,1.0,0.0,0.17567229796858452,0.0,9,1,2024,10,6,2,0,0,1,1,0,1,GRAVE_LESIONADOS,1
3,1,19,2,2,4,-15.70767885714199,-70.28789050861813,0,0,7,1,2,0,1,1,6543.555,2.0,4,4,1.0,14,33,1198.0,0.6487877014856447,69.98485767729936,81.6781900901735,11.605364046016662,1232.2790872988483,144595.65350668534,13403.275412688272,2007.37382296262,2324.1167497176993,9071.784840007953,3254.4842385250613,10148.791174163209,24.27278502942903,12,2,0,0,10,36.7615981509524,33.84106543396827,39.682130867936536,1.0,0.03973364150793346,0.0,0.0,2,0,0.0,0.0,1.0,0.9602663584920665,0.03973364150793346,0.9602663584920665,1.0,0.03973364150793346,0.03973364150793346,0.03973364150793346,15,2,2021,9,11,5,0,0,1,1,0,1,GRAVE_LESIONADOS,1
5,1,7,0,4,1,-14.298005443847766,-71.68516788364582,2,4,7,1,2,1,1,1,2235.3194007816,1.306830639746154,1,2,0.306830639746154,7,27,513.3191286207077,0.4657659037817229,65.53690584516423,71.28428052507563,7.128852229116723,748.0971543736994,8734.515478200823,17779.13499998999,2097.3709999899997,2863.123,12818.640999999989,2878.713,14900.421999989989,16.19152450331032,5,1,0,0,3,26.295628956446155,26.295628956446155,26.295628956446155,1.0,0.0,0.0,0.306830639746154,1,0,0.0,0.0,0.0,1.0,0.0,0.306830639746154,1.0,0.0,0.306830639746154,0.0,5,0,2024,2,17,3,0,0,2,1,0,1,GRAVE_LESIONADOS,1