CLASE SINIESTRO,CANTIDAD DE VEHICULOS DAÑADOS,DEPARTAMENTO,ZONA,TIPO DE VÍA,RED VIAL,COORDENADAS LATITUD,COORDENADAS  LONGITUD,CONDICIÓN CLIMÁTICA,ZONIFICACIÓN,CARACTERÍSTICAS DE VÍA,PERFIL LONGITUDINAL VÍA,SUPERFICIE DE CALZADA,¿EXISTE SEÑAL VERTICAL?,¿EXISTE SEÑAL HORIZONTAL?,CAUSA FACTOR PRINCIPAL,MTC_RVN_LONGITUD_KM,MTC_RVN_N_CARRILES_MEDIANA,MTC_RVN_SUPERFICIE_DOMINANTE,MTC_RVN_ESTADO_DOMINANTE,MTC_RVN_ES_CONCESIONADA,MTC_RVN_CONCESION_PRINCIPAL,MTC_RVN_CORREDOR_LOGISTICO,MTC_RVN_N_TRAMOS,IDH_2019,IDH_ESP_VIDA_2019,IDH_EDUC_SECUND_PCT_2019,IDH_ANIOS_EDUC_2019,IDH_INGRESO_PERCAP_2019,IDH_POBLACION_2019,MTC_DEP_RED_TOTAL_KM,MTC_DEP_NACIONAL_TOTAL_KM,MTC_DEP_DEPARTAMENTAL_TOTAL_KM,MTC_DEP_VECINAL_TOTAL_KM,MTC_DEP_PAV_TOTAL_KM,MTC_DEP_NO_PAV_TOTAL_KM,MTC_DEP_PCT_PAVIMENTADA,PER_TOTAL_PERSONAS,PER_N_CONDUCTORES,PER_N_CONDUCTORES_FUGADOS,PER_N_PEATONES,PER_N_PASAJEROS_OCUPANTES,PER_EDAD_COND_PROM,PER_EDAD_COND_MIN,PER_EDAD_COND_MAX,PER_ANY_COND_MASCULINO,PER_ANY_LIC_PROBLEMA,PER_ANY_DOSAJE_POS,PER_ANY_DOSAJE_EVALUADO,VEH_TOTAL,VEH_N_FUGADOS,VEH_ANY_FUGADO,VEH_ANY_CARGA,VEH_ANY_PUBLICO,VEH_ANY_PARTICULAR,VEH_ANY_MOTO,VEH_ANY_AUTO,VEH_ANY_CAMION_BUS,VEH_ANY_SOAT_PROBLEMA,VEH_ANY_CITV_PROBLEMA,VEH_ANY_SEGURO_PROBLEMA,HORA_NUM,FRANJA_HORARIA,ANIO,MES,DIA_MES,DIA_SEMANA,ES_FIN_SEMANA,ES_QUINCENA,REGION_NATURAL,TIENE_SEÑALIZACION,ES_VIA_MULTICARRIL,ES_DEPTO_BAJO_PAVIMENTO,CATEGORIA_SEVERIDAD,CATEGORIA_SEVERIDAD_ENC
3,1,3,0,4,2,-15.734164582357941,-72.04551461140129,4,4,4,1,5,1,1,0,6562.706756550597,2.0,3,3,1.0,13,32,1281.0266981761997,0.47522695218406685,76.52515181905606,64.34558862509579,7.382823847278631,666.2354927746194,1829.3016646964702,10322.272,1495.236,1749.739,7077.2970000000005,2886.595,7435.677000000001,27.964725207783708,17,1,0,0,16,46.41097228370909,46.41097228370909,46.41097228370909,1.0,0.8013715354636367,0.0,0.0,1,0,0.0,0.0,0.1986284645363633,0.8013715354636367,0.0,0.0,1.0,0.0,0.0,0.0,18,1,2023,5,22,1,0,0,0,1,0,1,GRAVE_LESIONADOS,1
4,1,3,0,4,0,-15.696028277449381,-71.59167559978192,2,4,0,0,2,0,1,0,6543.555,2.0,4,4,1.0,14,33,1198.0,0.5649362269939818,77.38255516262952,62.90799914166011,8.553205457677265,965.713524953966,7715.586723768736,10322.272,1495.236,1749.739,7077.2970000000005,2886.595,7435.677000000001,27.964725207783708,6,1,0,0,4,31.397634985732754,30.19290495719826,32.60236501426725,1.0,0.0,0.0,0.0,1,0,0.0,0.0,0.0,1.0,0.0,1.0,0.602365014267247,0.0,0.0,0.0,13,3,2021,11,17,3,0,0,0,1,0,1,GRAVE_LESIONADOS,1
5,1,14,0,4,0,-13.826523681503764,-71.11295681951647,0,4,7,0,3,2,2,2,6543.555,2.0,4,4,1.0,14,33,1198.0,0.3765800795814907,73.29322162474155,65.83000693253668,5.983153039859064,418.176753645566,9636.031275586374,13318.248782030774,1948.2346631135442,2159.0277040907426,9210.986414826488,3035.3573779093767,10282.891404121397,22.71522974207965,5,1,0,0,4,55.34078181876239,49.035752730059464,61.64581090746531,1.0,0.33631272750495556,0.0,0.33631272750495556,1,0,0.0,0.6636872724950444,0.6636872724950444,0.0,0.0,0.0,1.0,1.0,1.0,0.6636872724950444,13,1,2022,4,9,3,0,0,2,1,0,1,GRAVE_LESIONADOS,1
6,1,7,0,4,1,-13.114570241761363,-72.34040583301912,0,4,0,0,2,1,1,2,3447.8009999999995,1.0,2,3,0.0,9,12,1109.0,0.4706944943299555,76.79406176595778,61.64424635983724,7.141255198110581,653.4175319142125,3282.6252676659524,17779.13499998999,2097.3709999899997,2863.123,12818.640999999989,2878.713,14900.421999989989,16.19152450331032,6,1,0,0,5,33.35861195251781,33.35861195251781,33.35861195251781,1.0,0.7655159932168301,0.0,0.0,1,0,0.0,0.0,0.0,0.23448400678316994,0.0,1.0,0.0,0.0,0.23448400678316994,0.0,11,2,2023,7,26,0,0,0,2,1,0,1,GRAVE_LESIONADOS,1
6,1,14,2,2,2,-11.990699633406432,-76.93751732084053,0,0,0,1,2,2,2,1,3819.297250048522,2.0,3,2,1.0,8,23,697.1647544984698,0.6942287549715183,79.626251239817,74.66675618037956,9.653277106198702,1445.8306643051453,926609.1444062446,7626.313,1683.4029999999998,1599.0829999999996,4343.827000000001,1814.875,5811.438000000001,23.797541485643197,8,1,0,0,6,46.729072396373724,46.248424368061315,47.20972042468613,1.0,0.0,0.0,0.0,1,0,0.0,0.0,0.5193519716875911,0.48064802831240894,0.0,0.48064802831240894,0.5193519716875911,0.5193519716875911,0.5193519716875911,0.5193519716875911,7,1,2023,9,22,3,0,1,0,1,0,1,GRAVE_LESIONADOS,1
6,1,1,0,4,1,-9.935906101001239,-77.38420216795983,3,4,6,1,4,2,2,0,9936.932,2.0,2,0,1.0,9,32,3830.0,0.4654799331603382,71.10800342011737,71.6956954286478,8.000201643545543,613.215156662713,3873.366167023554,10767.648,1885.0630000000003,1222.721,7659.864000000001,2100.343,8667.305000000002,19.506051832303577,11,1,0,0,10,24.033541398192483,24.033541398192483,24.033541398192483,1.0,0.0,0.0,0.4481712664658315,1,0,0.0,0.0,0.4481712664658315,0.5518287335341685,0.0,0.0,1.0,0.0,0.0,0.0,11,1,2021,5,13,2,0,0,0,1,0,1,GRAVE_LESIONADOS,1
4,1,8,0,4,0,-12.686675521357682,-75.3877295979556,0,4,6,0,3,2,2,1,7202.716019575415,2.0,2,1,1.0,10,15,1198.0,0.45688005944875193,68.03548978827784,59.03723399030249,7.084772312237031,735.6681945277247,1196.105777466704,12417.059441057154,1818.5876639057324,1351.695675892351,9246.776101259069,1918.7746809933064,10498.284760063847,15.401123486866837,4,1,0,0,3,36.211211952784645,34.63177484365276,37.79064906191653,1.0,0.0,0.0,0.0,1,0,0.0,0.3682251563472446,0.6317748436527554,0.6317748436527554,0.0,0.6317748436527554,1.0,0.0,0.3682251563472446,0.0,15,3,2022,6,20,2,0,0,2,1,0,1,GRAVE_LESIONADOS,1
3,2,13,0,4,0,-6.882633984634941,-79.7242421735789,0,4,7,1,2,2,2,0,6543.555,2.7428814960013055,2,1,1.0,3,30,1403.7781743923615,0.5125270639227915,80.35117501016086,67.34037561116133,7.848381290487156,715.1766268334603,10390.610483913146,3459.691,515.0619999999999,689.7280000000001,2254.901,703.3549999999999,2756.336,20.329994788551925,6,2,0,0,4,52.400767124041124,47.54356338403786,57.25797086404439,1.0,0.0,0.0,0.2571185039986945,2,0,0.0,0.7428814960013055,1.0,0.2571185039986945,0.0,0.2571185039986945,1.0,0.0,0.0,0.0,10,1,2022,2,14,2,0,0,0,1,0,1,GRAVE_LESIONADOS,1
6,0,20,0,4,0,-16.19237487237068,-69.16125418158639,0,4,0,0,2,0,1,2,6597.126661998027,2.0,3,3,1.0,13,31,1198.0,0.42249658961462966,74.64951423703907,73.47997893390387,6.532054317018838,491.9969645450871,23397.286531823807,13642.312999999998,2020.7790000000005,2354.117,9267.416999999998,3314.0520000000006,10328.260999999997,24.29244952817019,5,1,0,0,4,40.024427537156825,40.024427537156825,40.024427537156825,1.0,0.0,0.0,0.0,1,0,0.0,0.0,0.0,1.0,0.0,0.05134591909700936,0.9486540809029906,0.9486540809029906,1.0,0.9486540809029906,0,0,2022,3,3,2,0,0,2,1,0,1,GRAVE_LESIONADOS,1
3,2,20,0,4,1,-15.788943456017904,-70.01328637989731,0,4,1,1,2,2,2,2,7586.903,2.0,2,0,1.0,9,5,1198.0,0.31497881327580673,68.43048309983605,70.56261651523755,6.486733020189619,256.5092569225072,5221.879848818075,13642.312999999998,2020.7790000000005,2354.117,9267.416999999998,3314.0520000000006,10328.260999999997,24.29244952817019,4,2,0,0,2,35.61270573296779,26.169758498207138,45.05565296772845,1.0,0.8302415017928642,0.16975849820713584,0.16975849820713584,2,0,0.0,0.0,0.0,1.0,0.16975849820713584,1.0,0.8302415017928642,0.0,0.16975849820713584,0.16975849820713584,20,2,2022,2,5,5,0,0,2,1,0,1,GRAVE_LESIONADOS,1
9,1,12,0,3,0,-8.60575988912606,-78.3661837994733,0,3,6,1,1,1,1,0,6543.555,2.0,4,4,1.0,14,33,1198.0,0.5090096389069045,77.88931494066459,47.68689256173926,6.541344229684058,968.0057371036578,44434.88618940144,8886.987704455178,1347.5362723249696,1924.4115545788047,5615.039877551403,1239.764801317067,7647.22290313811,13.999773498231624,7,1,0,0,6,55.068693650467175,55.0,55.13738730093435,1.0,0.0,0.0,0.0,1,0,0.0,0.0,1.0,0.034346825233587674,0.0,0.0,1.0,0.034346825233587674,0.034346825233587674,0.034346825233587674,15,3,2022,9,16,5,0,1,0,1,0,1,GRAVE_LESIONADOS,1
6,1,8,0,4,1,-13.149168738299517,-75.55412514839348,0,4,0,1,2,1,1,0,1482.81,1.0,1,3,0.0,9,16,270.0,0.3350977923231871,68.89558289355473,47.3438883832626,6.105182048508107,369.6405022278763,1173.4582441113491,8511.426,1445.3929999999996,2008.516,5057.516999999999,1879.579,6631.846999999998,22.08300935706896,4,1,0,0,3,22.19312959259755,22.19312959259755,22.19312959259755,1.0,0.014856122507503788,0.0,0.0,1,0,0.0,0.0,0.0,1.0,0.0,1.0,0.0,0.0,0.0,0.0,6,1,2023,4,6,5,0,0,2,1,0,1,GRAVE_LESIONADOS,1
6,1,11,0,4,1,-10.64954484567296,-76.62987165432578,1,4,0,0,1,1,1,0,6543.555,2.4811256918168456,3,2,1.0,7,31,1331.2718166332663,0.4522399135299967,77.58472733576967,54.14900073184222,5.409323374077269,807.4071212470262,20086.527009239784,7928.6838898478845,1501.8359077090095,1180.296432619527,5246.551549519348,1423.1165953327873,6505.567294515097,18.148716747073696,6,1,0,0,5,39.556622924549465,39.556622924549465,39.556622924549465,1.0,0.0,0.0,0.4811256918168456,1,0,0.0,0.0,0.4811256918168456,0.5188743081831544,0.0,0.5188743081831544,0.4811256918168456,0.0,0.5188743081831544,0.0,10,1,2021,7,25,2,0,1,1,1,0,1,GRAVE_LESIONADOS,1
6,1,4,0,4,1,-9.361013561312811,-77.3795125131004,0,4,4,0,3,2,2,0,9936.932,2.0,2,0,1.0,9,32,3830.0,0.3574998497633619,74.01191142734176,41.016283857272256,5.576569282511306,541.4051924136638,2091.2220409723473,10155.644655428852,1701.886373886578,1460.499610950696,6993.25867059158,1806.6346001128122,8349.010055316043,17.55425976600194,11,1,0,0,10,45.333781895515315,45.333781895515315,45.333781895515315,1.0,0.0,0.0,0.6666321618834372,1,0,0.0,0.0,0.6666321618834372,0.3333678381165628,0.0,0.6666321618834372,0.3333678381165628,0.0,1.0,0.0,12,2,2022,7,28,4,0,1,0,1,0,1,GRAVE_LESIONADOS,1
4,1,3,0,4,1,-16.00245119389075,-72.0855254187819,2,4,2,0,3,0,1,0,6596.6705204288455,2.0,2,1,1.0,11,31,1428.2664129771551,0.5177960578573984,77.41008909690828,61.36720685092082,7.556414458981201,850.5667875563363,1445.942566673221,10322.272,1495.236,1749.739,7077.2970000000005,2886.595,7435.677000000001,27.964725207783708,29,1,0,0,28,43.59298731144201,43.59298731144201,43.59298731144201,1.0,0.4491234139302508,0.0,0.0,1,0,0.0,0.0,0.5508765860697492,0.4491234139302508,0.0,0.0,1.0,0.0,0.0,0.0,12,0,2023,3,13,3,0,0,0,1,0,1,GRAVE_LESIONADOS,1
3,2,7,0,4,1,-13.564756341391346,-71.83263711903459,0,4,3,0,2,2,2,4,5119.735700407038,2.0,2,0,1.0,6,12,837.3399860841414,0.3096433815031707,71.48549341726874,60.5034282457408,5.100359166289116,323.04120128896733,17792.959607575292,17779.13499998999,2097.3709999899997,2863.123,12818.640999999989,2878.713,14900.421999989989,16.19152450331032,10,2,0,0,8,36.937357341720926,29.853322894903947,44.021391788537905,1.0,0.42933542101921096,0.0,0.42933542101921096,2,0,0.0,0.0,0.42933542101921096,1.0,0.0,1.0,0.42933542101921096,0.0,0.42933542101921096,0.0,6,0,2022,1,12,0,0,0,2,1,0,1,GRAVE_LESIONADOS,1
6,1,7,0,4,1,-13.955610377647508,-71.97295352917467,0,4,5,0,2,2,2,2,2506.5669034683137,1.0,1,3,0.0,9,23,759.6296888098668,0.45686171656347807,68.88153113837208,69.61299707366572,6.757944169416284,694.1404677834411,10029.14400170842,17779.13499998999,2097.3709999899997,2863.123,12818.640999999989,2878.713,14900.421999989989,16.19152450331032,4,1,0,0,3,39.159395155771236,39.159395155771236,39.159395155771236,1.0,0.0,0.0,0.0,1,0,0.0,0.0,0.0,1.0,0.0,1.0,0.0,0.0,0.0,0.0,10,1,2022,3,25,4,0,1,2,1,0,1,GRAVE_LESIONADOS,1
3,2,11,0,4,1,-10.743201331927988,-76.71384042800028,0,4,4,0,2,2,2,2,745.3267744668703,0.24454055090478488,0,1,0.585153149698405,9,12,197.50652282654036,0.4830691676085297,77.8896827560262,56.15282614144299,5.762736028125903,900.1484808071525,20265.935614390248,7868.062512932153,1538.237715908214,1264.2576180404808,5065.567178983458,1501.658990472691,6366.403522459463,19.281231632286367,5,2,0,0,3,55.7074234251508,50.90392795211116,60.51091889819043,1.0,0.0,0.0,1.0,2,0,0.0,0.41484685030159496,0.0,0.585153149698405,0.0,1.0,0.41484685030159496,0.0,0.41484685030159496,0.0,11,1,2021,7,4,3,0,0,0,1,0,1,GRAVE_LESIONADOS,1
6,1,8,1,4,1,-13.458135662628168,-75.32395049027117,0,4,1,0,2,0,1,0,1626.9916500679533,1.7327234154133064,1,3,0.7327234154133065,9,21,302.9725536935988,0.47487330695904173,72.50496553922319,51.423790465413276,8.155067138755276,751.8603655986119,1824.5434052403193,8511.426,1445.3929999999996,2008.516,5057.516999999999,1879.579,6631.846999999998,22.08300935706896,4,1,0,0,3,36.465446830826615,36.465446830826615,36.465446830826615,1.0,0.26727658458669346,0.0,0.0,1,0,0.0,0.0,0.0,1.0,0.0,1.0,0.0,0.0,0.0,0.0,14,2,2021,5,12,3,0,0,2,1,0,1,GRAVE_LESIONADOS,1
6,1,12,0,4,0,-7.7604900502593335,-78.73389418085789,0,4,4,1,1,2,2,0,6543.555,2.6858762750864646,2,1,1.0,4,30,1387.9877281989507,0.5681677117834546,75.88771666976527,66.43104109852507,8.471746009612495,998.5619152360917,8736.129603773265,8931.828000000005,1335.5899999999997,1935.9830000000004,5660.255000000005,1219.309,7712.519000000005,13.651281686122925,6,1,0,0,5,30.429381375432325,30.429381375432325,30.429381375432325,1.0,0.0,0.0,0.0,1,0,0.0,0.31412372491353535,0.0,0.6858762750864646,0.0,0.6858762750864646,0.31412372491353535,0.0,0.6858762750864646,0.0,17,2,2022,2,5,4,0,0,0,1,0,1,GRAVE_LESIONADOS,1
6,1,8,1,4,1,-12.557507211286858,-75.65333738375666,0,4,1,0,2,1,1,0,1646.8709915195357,1.8332712820358479,2,2,0.8332712820358479,9,25,304.6628194862226,0.47395297863807684,75.25453078229373,47.57370591219505,8.04710162393438,773.4217409123407,2300.498811015321,8581.519086489567,1427.0856865813819,1996.4226658999062,5158.010734008277,1769.4930293898092,6812.026057099755,20.67719821226926,4,1,0,0,3,37.0,37.0,37.0,1.0,0.0,0.0,0.0,1,0,0.0,0.0,0.0,1.0,0.0,0.8332712820358479,0.16672871796415212,0.0,0.16672871796415212,0.0,15,3,2022,4,14,5,1,0,1,1,0,1,GRAVE_LESIONADOS,1
6,1,4,0,4,1,-14.467683003583872,-74.7458148821202,0,4,0,0,2,2,2,2,2098.9329335889984,2.0,2,0,1.0,5,26,164.99179624789912,0.3470957699918304,70.69333461809768,48.893926870234125,5.222937474210958,452.00450645003457,3756.678142052539,12678.733000000004,1805.074000000001,1774.0339999999994,9099.625000000004,2485.375000000001,10193.358000000002,19.602707936195205,30,1,0,0,29,47.500902412731094,47.500902412731094,47.500902412731094,1.0,0.0,0.0,1.0,1,0,0.24995898123949556,0.0,0.7500410187605044,0.24995898123949556,0.0,0.0,1.0,0.0,0.0,0.24995898123949556,6,0,2023,7,15,4,0,0,2,1,0,1,GRAVE_LESIONADOS,1
3,2,5,0,4,1,-9.621127580828404,-76.45125393709546,4,4,4,0,1,0,0,2,640.2599258406157,2.0,2,0,0.6095285097540636,8,11,130.79076760475195,0.4598311485123605,73.68965959576703,61.3406621174869,6.797361933124858,744.6872587628802,6555.493739253367,16655.426532493148,1875.8403012522094,1688.2988549162155,13091.287376324723,2343.2141658817964,14312.212366611351,13.97288147437022,5,2,0,0,3,33.561885960983744,27.076129373197173,40.04764254877032,1.0,0.3904714902459364,0.6095285097540636,0.6095285097540636,2,0,0.0,0.3904714902459364,0.0,0.6095285097540636,0.0,1.0,0.3904714902459364,0.0,0.3904714902459364,0.0,15,1,2021,7,19,3,0,0,2,0,0,1,GRAVE_LESIONADOS,1
4,1,14,2,2,4,-11.982094733705523,-77.04522464064746,2,3,6,1,3,2,2,0,6543.555,2.0,4,4,1.0,14,33,1198.0,0.7191243593780283,80.03010285944868,77.8863489119687,10.306416630765414,1501.0787015047406,716811.682996174,7626.313,1683.4029999999998,1599.0829999999996,4343.827000000001,1814.875,5811.438000000001,23.797541485643197,6,1,0,0,5,44.437142639321394,41.94831135167851,46.92597392696427,1.0,0.41480521460714614,0.0,0.0,1,0,0.0,0.41480521460714614,1.0,0.0,0.5851947853928539,0.0,0.41480521460714614,0.41480521460714614,1.0,0.41480521460714614,15,1,2023,8,16,5,1,0,0,1,0,1,GRAVE_LESIONADOS,1
4,1,10,0,4,1,-13.394223469956488,-76.19842116014611,3,4,6,1,4,2,2,0,6639.975,2.0,2,0,1.0,9,31,1616.0,0.5736744275518083,81.67473861808857,68.1608574885675,9.138785887908334,865.1176766860625,26660.92933618844,3721.461,698.1859999999996,744.866,2278.409,1102.9029999999996,2618.558,29.636290693359403,5,2,0,0,3,30.71445721516429,28.823670647782357,32.605243782546225,1.0,0.6302621891273112,0.0,0.0,2,0,0.0,0.6302621891273112,0.0,1.0,0.6302621891273112,1.0,0.0,0.0,0.6302621891273112,0.6302621891273112,5,0,2023,2,21,1,0,1,0,1,0,1,GRAVE_LESIONADOS,1
4,1,1,0,4,1,-12.217661923106448,-74.6352570793494,1,4,3,1,2,1,1,0,1606.5936770149985,1.486057541902681,0,1,0.4860575419026809,8,26,244.0836547485839,0.4025990329352299,77.69902022713167,62.990813359310316,5.882381642533628,474.3782892727889,2319.5192548215864,10551.169636217552,1695.5846466127039,1478.882073618467,7376.702915986381,2482.5067144360664,8068.662921781486,23.6174538209471,5,1,0,0,4,45.597597206681236,42.195194413362465,49.0,1.0,0.4860575419026809,0.0,0.4860575419026809,1,0,0.0,0.0,0.0,1.0,0.0,1.0,0.0,0.0,1.0,0.0,14,1,2022,7,21,2,0,1,0,1,0,1,GRAVE_LESIONADOS,1
5,1,14,0,4,1,-15.612100172182714,-71.04524877797432,0,4,6,0,2,1,1,2,1576.322936924646,2.0,2,0,1.0,9,21,236.0849464801588,0.24170759530367303,72.3437648361105,63.3066710212335,6.144225437821166,142.23870545398267,18778.029274096625,13339.958802353465,1953.0946227782383,2172.0973129647828,9214.766866610446,3054.0279548318395,10285.930847521626,22.82089235989026,6,1,0,0,4,43.07772320867839,39.78301070396824,46.37243571338854,1.0,0.0,0.0,0.31378214330572873,1,0,0.0,0.31378214330572873,0.0,0.6862178566942713,0.0,1.0,0.31378214330572873,0.0,0.31378214330572873,0.0,5,0,2022,2,15,3,0,0,2,1,0,1,GRAVE_LESIONADOS,1
6,1,5,0,4,2,-6.981337309857333,-78.20547766693606,1,4,0,0,1,2,2,2,6543.555,2.0,4,4,1.0,14,33,1198.0,0.24508970386241977,74.65776751722068,48.972201256134056,3.1501309939133932,240.83259572480202,8079.128915807042,15935.565011852366,1733.9250000199986,935.692,13265.948011832368,2000.1670000199988,13935.398011832369,12.551591352627522,5,1,0,0,4,34.73048963812823,31.29786722859618,37.304956445277284,0.1418443976169852,0.0,0.0,0.1418443976169852,1,0,0.0,0.8581556023830148,0.1418443976169852,0.0,0.0,0.0,1.0,0.0,0.8581556023830148,0.0,19,1,2021,3,2,0,0,0,2,1,0,1,GRAVE_LESIONADOS,1
3,1,20,0,4,0,-14.448441877232838,-70.06037862562476,1,4,6,1,2,2,2,1,6543.555,2.0,4,4,1.0,14,33,1198.0,0.36744973737642683,69.4649615576926,73.35078825335873,6.451286962582557,375.8014808044228,8722.056586355657,13642.312999999998,2020.7790000000005,2354.117,9267.416999999998,3314.0520000000006,10328.260999999997,24.29244952817019,5,2,0,0,3,50.75847881340218,42.220584261384474,59.296373365419875,1.0,0.0,0.0,0.0,2,0,0.0,0.7861987893372672,0.7861987893372672,0.21380121066273283,0.0,0.21380121066273283,1.0,1.0,1.0,0.7861987893372672,18,2,2021,3,12,3,0,0,2,1,0,1,GRAVE_LESIONADOS,1
5,1,12,0,4,1,-11.144604357036195,-76.21343212060947,3,4,0,0,1,1,1,2,6543.555,2.0,4,4,1.0,14,33,1198.0,0.6367547020931643,79.79892896081124,57.92541483438194,10.438175212062681,1211.7212380206665,14351.519022052193,7910.773464638136,1663.548813697625,1614.979263912219,4632.2453870282925,1927.9560851210952,5982.817379517041,24.23723623538997,4,1,0,0,3,29.472431767993996,29.05037718238919,29.8944863535988,1.0,0.0,0.0,1.0,1,0,0.0,1.0,0.0,0.10551364640120109,0.0,0.10551364640120109,1.0,0.0,0.0,0.0,16,2,2022,9,17,1,0,1,0,1,0,1,GRAVE_LESIONADOS,1
6,1,3,1,4,0,-16.46299168262898,-71.97201695381142,0,1,7,1,0,1,1,0,6574.1134315601685,2.0,3,2,1.0,12,32,1330.4769175705283,0.6394844299552099,79.22958540308942,72.32009386744865,9.808233363059164,1155.9763236012693,4433.418423195568,10322.272,1495.236,1749.739,7077.2970000000005,2886.595,7435.677000000001,27.964725207783708,4,1,0,0,2,39.049208725570374,37.781487026330865,40.0,0.3169304248098759,0.0,0.0,0.3169304248098759,1,0,0.0,0.0,0.0,0.3169304248098759,0.0,0.3169304248098759,0.6830695751901241,0.0,0.0,0.0,10,2,2023,7,16,4,0,0,0,1,0,1,GRAVE_LESIONADOS,1
4,1,14,2,3,4,-12.202902601956968,-76.93781359139302,0,2,3,0,3,2,2,1,6543.555,2.0,4,4,1.0,14,33,1198.0,0.6959145578222174,80.05579275506345,74.21904859441766,9.919869141588164,1424.816104240595,456955.56039089925,7626.313,1683.4029999999998,1599.0829999999996,4343.827000000001,1814.875,5811.438000000001,23.797541485643197,9,1,0,0,7,35.76763431714443,29.160360386052908,42.37490824823594,1.0,0.6607273931091515,0.0,0.0,1,0,0.0,0.6607273931091515,1.0,0.0,0.3392726068908485,0.0,0.6607273931091515,1.0,0.3392726068908485,0.6607273931091515,8,0,2023,6,26,4,0,1,0,1,0,1,GRAVE_LESIONADOS,1
6,1,10,0,4,1,-13.997282141877303,-75.77340988782777,0,4,7,1,2,2,2,0,6639.975,2.0,2,0,1.0,9,31,1616.0,0.6053164595604621,78.88848309050202,67.63954639531094,9.133324993872453,1064.9426147896202,27932.19700214133,3721.461,698.1859999999996,744.866,2278.409,1102.9029999999996,2618.558,29.636290693359403,5,1,0,0,4,21.987872568402544,21.987872568402544,21.987872568402544,1.0,0.04939362842012718,0.0,0.04939362842012718,1,0,0.0,0.0,0.0,0.04939362842012718,0.0,1.0,0.0,0.9506063715798728,0.0,0.9506063715798728,18,1,2022,9,18,1,0,0,0,1,0,1,GRAVE_LESIONADOS,1
3,1,12,0,4,1,-7.683419434222368,-78.71590877310167,0,4,7,1,3,2,2,1,947.287295955922,1.7296784136472412,2,0,0.0,9,32,225.27222028140483,0.460138972048654,76.50279424084054,53.81382880019134,6.934596916436772,750.4894760016937,14969.695157631528,8931.828000000005,1335.5899999999997,1935.9830000000004,5660.255000000005,1219.309,7712.519000000005,13.651281686122925,5,1,0,0,4,42.120980170590514,41.756140963766896,42.48581937741414,1.0,0.0,0.0,0.0,1,0,0.0,1.0,0.0,0.0,0.0,0.0,1.0,0.0,0.2703215863527587,0.0,5,0,2021,3,8,0,0,0,0,1,0,1,GRAVE_LESIONADOS,1
6,1,5,0,4,2,-5.46726228487163,-78.95443139343537,0,4,0,0,1,2,2,1,6543.555,2.0,4,4,1.0,14,33,1198.0,0.3144617868751766,77.87235061617142,34.394301102690015,4.7299091058565255,362.8930367010929,20442.40023219087,15935.565011852366,1733.9250000199986,935.692,13265.948011832368,2000.1670000199988,13935.398011832369,12.551591352627522,5,1,0,0,4,40.895908322487735,40.895908322487735,40.895908322487735,1.0,0.0,0.0,0.9479541612438686,1,0,0.0,0.0,0.0,1.0,0.0,0.052045838756131446,0.9479541612438686,0.0,0.9479541612438686,0.0,14,3,2023,9,9,2,0,0,2,1,0,1,GRAVE_LESIONADOS,1
3,2,10,0,4,1,-15.022881165746682,-75.011399896182,0,4,0,0,2,1,0,0,5894.14639852969,2.0,2,0,1.0,8,30,1432.9916199816766,0.5563774842369664,77.00938809632027,69.10246351364754,8.476961866273152,914.8835608305218,27932.19700214133,3721.461,698.1859999999996,744.866,2278.409,1102.9029999999996,2618.558,29.636290693359403,5,2,0,0,3,48.31028378249732,28.810283782497322,67.81028378249732,1.0,0.8842451739289542,0.0,1.0,2,0,0.0,1.0,0.11575482607104581,0.8842451739289542,0.0,0.8842451739289542,1.0,0.0,0.11575482607104581,0.11575482607104581,5,0,2022,1,27,4,0,1,0,1,0,1,GRAVE_LESIONADOS,1
9,1,10,0,4,2,-15.382337335596928,-75.1351468348384,4,4,2,1,6,2,2,1,5671.9879038016,2.0,3,3,1.0,12,32,1038.291214505879,0.5563774842369664,77.00938809632027,69.10246351364754,8.476961866273152,914.8835608305218,27932.19700214133,3721.461,698.1859999999996,744.866,2278.409,1102.9029999999996,2618.558,29.636290693359403,4,1,0,0,3,54.92254771875984,54.92254771875984,54.92254771875984,1.0,0.0,0.8626751629457258,0.8626751629457258,1,0,0.0,0.0,0.0,1.0,0.0,0.13732483705427423,0.8626751629457258,0.0,0.0,0.0,3,0,2021,8,24,6,1,1,0,1,0,1,GRAVE_LESIONADOS,1