CLASE SINIESTRO,CANTIDAD DE VEHICULOS DAÑADOS,DEPARTAMENTO,ZONA,TIPO DE VÍA,RED VIAL,COORDENADAS LATITUD,COORDENADAS  LONGITUD,CONDICIÓN CLIMÁTICA,ZONIFICACIÓN,CARACTERÍSTICAS DE VÍA,PERFIL LONGITUDINAL VÍA,SUPERFICIE DE CALZADA,¿EXISTE SEÑAL VERTICAL?,¿EXISTE SEÑAL HORIZONTAL?,CAUSA FACTOR PRINCIPAL,MTC_RVN_LONGITUD_KM,MTC_RVN_N_CARRILES_MEDIANA,MTC_RVN_SUPERFICIE_DOMINANTE,MTC_RVN_ESTADO_DOMINANTE,MTC_RVN_ES_CONCESIONADA,MTC_RVN_CONCESION_PRINCIPAL,MTC_RVN_CORREDOR_LOGISTICO,MTC_RVN_N_TRAMOS,IDH_2019,IDH_ESP_VIDA_2019,IDH_EDUC_SECUND_PCT_2019,IDH_ANIOS_EDUC_2019,IDH_INGRESO_PERCAP_2019,IDH_POBLACION_2019,MTC_DEP_RED_TOTAL_KM,MTC_DEP_NACIONAL_TOTAL_KM,MTC_DEP_DEPARTAMENTAL_TOTAL_KM,MTC_DEP_VECINAL_TOTAL_KM,MTC_DEP_PAV_TOTAL_KM,MTC_DEP_NO_PAV_TOTAL_KM,MTC_DEP_PCT_PAVIMENTADA,PER_TOTAL_PERSONAS,PER_N_CONDUCTORES,PER_N_CONDUCTORES_FUGADOS,PER_N_PEATONES,PER_N_PASAJEROS_OCUPANTES,PER_EDAD_COND_PROM,PER_EDAD_COND_MIN,PER_EDAD_COND_MAX,PER_ANY_COND_MASCULINO,PER_ANY_LIC_PROBLEMA,PER_ANY_DOSAJE_POS,PER_ANY_DOSAJE_EVALUADO,VEH_TOTAL,VEH_N_FUGADOS,VEH_ANY_FUGADO,VEH_ANY_CARGA,VEH_ANY_PUBLICO,VEH_ANY_PARTICULAR,VEH_ANY_MOTO,VEH_ANY_AUTO,VEH_ANY_CAMION_BUS,VEH_ANY_SOAT_PROBLEMA,VEH_ANY_CITV_PROBLEMA,VEH_ANY_SEGURO_PROBLEMA,HORA_NUM,FRANJA_HORARIA,ANIO,MES,DIA_MES,DIA_SEMANA,ES_FIN_SEMANA,ES_QUINCENA,REGION_NATURAL,TIENE_SEÑALIZACION,ES_VIA_MULTICARRIL,ES_DEPTO_BAJO_PAVIMENTO,CATEGORIA_SEVERIDAD,CATEGORIA_SEVERIDAD_ENC
4,1,5,0,4,1,-10.76847376104456,-76.52902055697655,0,4,0,0,4,2,2,0,6597.230054671097,2.0,2,1,1.0,11,31,1430.692105917012,0.43832143442984994,77.00881069891979,51.187734554027486,6.806786745156272,634.9294636852052,1279.1931902713022,3802.2654381875604,900.7545707722729,674.0021333651257,2227.508734050162,1032.2767530570595,2769.988685130501,27.213642695562896,6,1,0,0,4,38.41193342415968,36.463554546864124,40.36031230145523,1.0,0.0,0.0,0.0,1,0,0.0,0.5566796792273013,0.4433203207726987,0.5566796792273013,0.0,0.5566796792273013,1.0,0.0,0.0,0.0,14,1,2023,7,14,3,0,0,0,1,0,1,GRAVE_LESIONADOS,1
4,1,7,0,4,1,-8.371278013092923,-78.94497350370305,0,4,7,1,2,2,2,1,6543.555,2.4141369494720784,3,2,1.0,8,31,1312.7159350037657,0.5457868987135778,78.9815552489272,63.67376446844394,7.528695793932048,921.1297707280166,25127.18252502218,9692.108894579833,1563.1470720372713,1640.5948511456465,6488.366971396917,1584.1777331411831,8107.9311614386515,16.075958334322376,9,1,0,0,7,33.343452202111685,27.48482169683247,39.2020827073909,1.0,0.0,0.0,0.41413694947207846,1,0,0.0,0.0,1.0,0.0,0.5858630505279215,0.0,0.41413694947207846,0.0,0.0,0.0,15,1,2021,2,5,2,0,0,0,1,0,1,GRAVE_LESIONADOS,1
3,1,21,1,2,3,-17.7290587103368,-70.46195250137546,0,2,7,1,2,0,1,1,6418.244334865732,2.0,3,3,1.0,13,32,1173.241074109057,0.6413394437351809,77.2518817681951,75.39377414645384,10.43292928916871,1139.95826997846,17671.46800586257,2669.927475708168,627.9073920954802,492.2019560925339,1549.8181275201537,1059.9622905338372,1609.9651851743306,39.8414879252881,4,2,0,0,2,41.68901832214274,33.8803916623626,49.497644981922896,1.0,0.0,0.0,0.9760783324725189,2,0,0.02392166752748115,0.0,0.02392166752748115,0.9760783324725189,0.02392166752748115,0.9760783324725189,0.0,0.02392166752748115,1.0,0.02392166752748115,15,2,2022,6,16,2,0,1,0,1,0,1,GRAVE_LESIONADOS,1
4,1,20,0,4,1,-15.30427766749465,-70.2373175434426,3,4,7,1,4,2,2,1,7098.933693412257,2.0,2,1,1.0,11,18,1198.0,0.3494896831268123,75.31234635610915,69.37703713347518,5.94481120627094,322.60913869958625,5239.077244411225,13642.312999999998,2020.7790000000005,2354.117,9267.416999999998,3314.0520000000006,10328.260999999997,24.29244952817019,4,1,0,0,3,30.74156508921467,30.209260725366505,31.273869453062836,1.0,0.46769563615183374,0.0,0.46769563615183374,1,0,0.0,0.0,0.0,1.0,0.0,0.5323043638481663,0.46769563615183374,0.0,0.5323043638481663,0.5323043638481663,17,2,2021,6,22,3,0,1,2,1,0,1,GRAVE_LESIONADOS,1
6,1,13,0,4,1,-10.80149257538087,-77.60009976829058,0,4,7,1,2,2,2,1,237.35033676968004,2.0,2,0,0.09467817162391023,8,3,59.260517723075964,0.6394681010755529,78.76644377614842,69.54717159816161,8.88180345665704,1257.7996374925638,35920.5135098231,7749.91677322759,1650.4727010929728,1630.980076020095,4468.463996114522,1758.4879000386343,5991.4288731889565,22.836912159003436,5,1,0,0,4,61.3075513066675,61.3075513066675,61.3075513066675,1.0,0.0,0.0,0.9053218283760898,1,0,0.0,0.0,0.0,1.0,0.0,0.9053218283760898,0.09467817162391023,0.0,0.09467817162391023,0.0,15,2,2023,10,13,1,0,0,0,1,0,1,GRAVE_LESIONADOS,1
3,1,12,0,4,1,-7.695092493504396,-79.4259111353141,0,4,7,1,2,2,2,2,6543.555,2.0830387578101863,3,3,1.0,12,32,1221.0017359134217,0.5605164445866666,76.61349501649897,62.760180081206855,7.98931757140171,999.8297352720696,9448.43683083512,8931.828000000005,1335.5899999999997,1935.9830000000004,5660.255000000005,1219.309,7712.519000000005,13.651281686122925,4,1,0,0,2,27.23851155459727,27.23851155459727,27.23851155459727,1.0,0.9169612421898136,0.0,0.0,1,0,0.0,0.0,0.0,1.0,0.0,1.0,0.0,0.0,1.0,0.0,12,3,2023,6,21,6,1,0,0,1,0,1,GRAVE_LESIONADOS,1
3,1,15,2,2,3,-4.045139758815025,-74.68723703370743,0,0,7,1,2,2,2,1,6543.555,2.1910518687086826,3,3,1.0,11,32,1250.9213676323052,0.58653049745638,74.29746790093886,58.78690762633946,10.416686130616151,1052.1166798934014,151443.75804304238,2599.2211607678437,444.78309804788705,381.16696242725226,1773.2711002927042,644.9102214001018,1954.3109393677414,24.96583572980745,6,2,0,0,3,47.876661835154984,36.821037374173656,69.17896262582634,1.0,0.8089481312913172,0.0,0.19105186870868285,2,0,0.19105186870868285,0.0,0.19105186870868285,0.8089481312913172,1.0,0.0,0.8089481312913172,0.0,1.0,1.0,10,2,2022,9,4,1,0,0,0,1,0,1,GRAVE_LESIONADOS,1
4,1,10,0,4,1,-14.05170712695717,-75.66538256181826,3,4,6,1,4,2,2,0,6639.975,2.0,2,0,1.0,9,31,1616.0,0.5660507142793675,79.61846231273266,68.57587499889566,8.847083678684413,887.0522361374608,27221.24684439428,3721.461,698.1859999999996,744.866,2278.409,1102.9029999999996,2618.558,29.636290693359403,5,2,0,0,3,37.0,35.32226483032395,38.67773516967605,0.5592450565586822,1.0,0.0,0.0,2,0,0.0,0.5592450565586822,0.0,1.0,0.5592450565586822,1.0,0.0,0.4407549434413178,1.0,1.0,10,0,2022,5,23,3,0,1,0,1,0,1,GRAVE_LESIONADOS,1
4,1,7,0,4,1,-7.938394772476398,-77.3419372622975,0,4,2,1,2,0,1,0,8662.981986916746,2.0,2,0,1.0,9,24,2837.667696251594,0.3965462639807807,72.35056990930318,65.63412784738549,5.927006170102889,531.4703875559729,5520.749276663579,3809.632852962616,909.9057770546619,720.315443409881,2179.4116324980737,797.1293281390757,3012.503524823541,20.80701649747049,12,1,0,0,10,41.923784041686524,36.94086574173418,46.90670234163887,1.0,0.0,0.0,0.4152431916626953,1,0,0.0,0.0,0.5847568083373047,0.4152431916626953,0.0,0.4152431916626953,0.5847568083373047,0.0,0.0,0.0,15,3,2023,4,19,4,0,1,1,1,0,1,GRAVE_LESIONADOS,1
1,1,12,0,4,1,-14.337264006074712,-75.17503078551995,0,4,7,1,2,2,2,3,521.8935380818943,-0.44868355558840056,2,0,1.0,12,31,84.4658719958615,0.5860249315918206,78.79857562203632,66.34112927666783,9.407252488572412,963.9684228285066,4881.004412197437,3524.6614280535023,685.7789909628128,697.5437529939304,2141.3386840967587,1096.6178087615592,2428.0436192919424,31.599599065548905,5,1,0,0,2,41.957012740981604,39.50832918539321,44.40569629657001,1.0,0.18377214813719978,0.0,0.18377214813719978,1,0,0.0,0.0,0.0,1.0,0.0,1.0,0.0,0.0,0.0,0.0,17,1,2022,1,23,3,0,0,0,1,0,1,GRAVE_LESIONADOS,1
3,1,14,0,4,1,-11.138196162052711,-77.5953948797604,0,4,7,0,2,2,2,2,6543.555,3.0,2,0,1.0,0,30,1475.0,0.7327345537337897,78.20903814342847,76.31492653513806,13.642917835589472,1405.6698219039215,62016.21841541756,7626.313,1683.4029999999998,1599.0829999999996,4343.827000000001,1814.875,5811.438000000001,23.797541485643197,4,1,0,0,2,41.435441633287525,28.093903078854506,54.776980187720554,0.9882621151431868,0.0,0.0,1.0,1,0,0.0,0.0,0.0,1.0,0.0,1.0,0.9882621151431868,0.0,0.0,0.0,21,1,2023,6,17,0,0,1,0,1,1,1,GRAVE_LESIONADOS,1
6,1,11,0,4,1,-11.867160261317714,-76.33620143563478,0,4,4,1,2,2,2,0,1236.0738403419773,1.6111485035258837,1,0,0.0,9,24,479.0766074850725,0.45636215546147385,70.86014829101943,59.131764410495165,6.6218555741384115,890.2917604881131,25584.121419215702,7970.490514598694,1590.8524553241953,1758.2916347558867,4621.346424518612,1840.0352472278612,6130.455267370833,23.130843101694154,5,1,0,0,4,30.609802376594075,30.609802376594075,30.609802376594075,1.0,0.6111485035258836,0.0,0.6111485035258836,1,0,0.0,0.0,0.0,1.0,0.0,0.38885149647411643,0.6111485035258836,0.0,0.0,0.0,16,3,2021,4,6,0,0,0,0,1,0,1,GRAVE_LESIONADOS,1
3,1,9,2,4,1,-10.252831985221944,-76.22195106652987,0,3,7,1,2,2,2,1,9780.604686518494,2.0,2,0,1.0,9,31,3725.021781585852,0.44844772480223005,72.23159047064348,62.5870128601957,6.507913274104538,657.5495366103324,18853.370987960694,8181.425822533183,1350.069916476319,830.2464444224795,6001.1094616343835,1095.658563935942,7085.7672585972405,13.427048988167336,6,2,0,0,3,51.76292181929958,48.19393418561856,55.900897086661615,1.0,0.0,0.0,0.9525843638599151,2,0,0.0,1.0,0.0,0.9525843638599151,0.0,0.9525843638599151,1.0,0.0,0.0,0.04741563614008493,6,1,2022,1,17,1,0,0,1,1,0,1,GRAVE_LESIONADOS,1
3,1,19,0,4,2,-5.3775807069132755,-80.74976675657003,4,4,6,1,5,2,2,0,6543.555,2.0,4,4,1.0,14,33,1198.0,0.45804627667436554,76.68621458684323,60.02724524470574,6.430642462950805,658.8589574880939,42443.78728582372,8965.846000060003,1782.4120000599992,636.9959999999999,6546.438000000004,2214.505000059999,6751.341000000004,24.699342371541725,4,1,0,0,3,37.09941424835234,32.82460156920182,41.37422692750285,1.0,1.0,0.0,0.19882849670467517,1,0,0.0,0.8011715032953248,0.19882849670467517,0.0,1.0,0.0,0.0,1.0,1.0,1.0,21,2,2022,5,12,6,1,0,0,1,0,1,GRAVE_LESIONADOS,1
3,1,14,0,2,4,-12.174349785687086,-76.92079629952563,0,3,2,0,1,2,2,2,6543.555,2.0,4,4,1.0,14,33,1198.0,0.6934659851771059,79.9853210587419,74.08924281981854,9.853818445892104,1418.8084358093704,455232.16975847137,7626.313,1683.4029999999998,1599.0829999999996,4343.827000000001,1814.875,5811.438000000001,23.797541485643197,7,1,0,0,6,30.60438071908281,26.648187909910888,34.56057352825473,1.0,1.0,0.0,0.6043807190828081,1,0,0.0,1.0,0.3956192809171919,0.0,0.0,0.0,1.0,1.0,0.6043807190828081,0.3956192809171919,13,2,2021,2,22,4,0,1,0,1,0,1,GRAVE_LESIONADOS,1
3,2,1,1,4,1,-10.736221938903315,-76.45262554077522,4,4,7,1,2,1,1,0,6543.555,2.0,4,4,1.0,14,33,1198.0,0.4868876463869771,77.1813253320527,67.81289568179348,6.865558354044667,718.7555773071313,15545.189377006905,10679.221775688715,1807.6656329559858,1327.3566603950019,7544.19948233773,2256.447719870841,8422.774055817876,21.185461026503745,5,2,0,0,3,44.23497138716316,36.22768568150417,52.24225709282215,1.0,0.0,0.0,0.19854285886820167,2,0,0.0,1.0,0.0,1.0,0.0,1.0,1.0,0.0,0.0,0.0,14,2,2022,5,10,3,0,0,0,1,0,1,GRAVE_LESIONADOS,1
1,1,5,1,4,1,-5.724701784972843,-78.7689978989206,0,1,7,0,2,0,1,2,7758.33400008,2.0,2,0,1.0,9,20,2133.0,0.5803239946829384,74.49544278598792,68.33065356443184,8.733179344969395,1046.078117086984,102362.46895074946,15935.565011852366,1733.9250000199986,935.692,13265.948011832368,2000.1670000199988,13935.398011832369,12.551591352627522,5,1,0,2,0,33.154326447496274,31.917255305942724,34.391397589049824,1.0,0.49482845662142017,1.0,1.0,1,0,0.0,0.0,0.49482845662142017,0.5051715433785798,1.0,0.0,0.0,0.49482845662142017,1.0,0.49482845662142017,12,1,2024,2,7,5,1,0,2,1,0,1,GRAVE_LESIONADOS,1
5,1,6,0,4,1,-10.780092223408733,-74.64961925766859,0,4,5,0,3,2,2,1,6856.591102261404,2.0,3,2,1.0,12,29,1438.9399204259676,0.4321673931125405,75.99997483828764,58.01929506310609,6.1983196990497245,587.506611843326,31430.7902186239,17304.06590240541,2003.71468949598,2366.4437788593123,12933.907434050117,2652.320696977825,14651.745205427585,15.253551023437211,4,1,0,0,2,25.153795089325513,22.061518035730206,28.24607214292082,1.0,1.0,0.0,1.0,1,0,0.0,0.7423102455337244,0.0,0.2576897544662756,0.2576897544662756,0.0,0.7423102455337244,0.0,0.0,0.2576897544662756,14,2,2025,3,12,4,0,0,2,1,0,1,GRAVE_LESIONADOS,1
3,2,10,0,4,1,-14.934815690589518,-74.99079882624456,0,4,1,1,2,1,0,1,6639.975,2.0,2,0,1.0,9,31,1616.0,0.5563774842369664,77.00938809632027,69.10246351364754,8.476961866273152,914.8835608305218,27932.19700214133,3721.461,698.1859999999996,744.866,2278.409,1102.9029999999996,2618.558,29.636290693359403,5,2,0,0,3,45.229588212931354,27.68876463879407,62.770411787068646,1.0,0.7704117870686438,0.0,0.7704117870686438,2,0,0.0,0.22958821293135623,0.0,1.0,0.0,1.0,0.22958821293135623,0.7704117870686438,0.7704117870686438,0.0,5,0,2021,3,19,2,0,1,0,1,0,1,GRAVE_LESIONADOS,1
6,1,7,0,4,1,-13.158656072126155,-72.72447122237058,2,4,0,0,4,1,1,3,6543.555,2.0,4,4,1.0,14,33,1198.0,0.3049460194025227,74.04520104658249,55.995585379316786,5.618069555189195,256.52670498614594,4336.752158236116,17779.13499998999,2097.3709999899997,2863.123,12818.640999999989,2878.713,14900.421999989989,16.19152450331032,5,1,0,0,4,52.00076317600248,52.00076317600248,52.00076317600248,1.0,0.499618411998762,0.0,0.500381588001238,1,0,0.0,0.500381588001238,0.0,0.499618411998762,0.0,0.499618411998762,0.500381588001238,0.499618411998762,0.499618411998762,0.0,11,2,2021,5,21,3,0,1,2,1,0,1,GRAVE_LESIONADOS,1
2,1,13,0,4,1,-14.903342207047514,-74.50800057083202,0,4,7,1,2,2,2,3,730.9432400185168,-0.08435640961342261,2,0,1.0,11,31,130.37109238870875,0.5810551234777199,78.12179817763825,66.95994371275314,9.309992833234489,954.0890804267459,4594.669280253822,3394.610117044836,677.58005142741,666.2717324191682,2050.758333198258,1092.4643578550624,2302.1457591897733,32.89701462998392,5,1,0,0,3,39.2852803371651,37.20092392755168,41.369636746778525,1.0,0.30521453012885913,0.0,0.30521453012885913,1,0,0.0,0.0,0.0,1.0,0.0,1.0,0.0,0.0,0.0,0.0,16,1,2022,1,21,2,0,0,0,1,0,1,GRAVE_LESIONADOS,1
6,1,19,1,6,3,-14.240331256830716,-69.62666848653606,2,4,4,1,4,2,2,4,6543.555,2.0,4,4,1.0,14,33,1198.0,0.3688283441171626,70.81924018165891,66.80800981230564,5.86462922929781,406.9411525415482,11285.330155523745,13606.136369770009,2015.6767898288103,2321.332565596458,9269.12701434474,3268.7444051887337,10337.391964581275,23.99468548415833,4,1,0,0,3,50.78994065630795,50.78994065630795,50.78994065630795,1.0,0.0,0.0,0.0,1,0,0.0,0.02625741796150649,0.0,0.9737425820384935,0.0,0.0,1.0,0.0,0.9737425820384935,0.0,11,2,2021,1,17,0,0,0,2,1,0,1,GRAVE_LESIONADOS,1
6,1,5,0,4,1,-6.691721243009292,-78.43704455463967,3,4,7,0,1,2,2,0,6543.555,2.3366373890435073,3,2,1.0,9,31,1291.2485567650515,0.3484871558022944,76.33677469666252,53.28672218475212,4.131981838863427,447.1658531581213,76209.5845824411,15935.565011852366,1733.9250000199986,935.692,13265.948011832368,2000.1670000199988,13935.398011832369,12.551591352627522,4,1,0,0,3,48.36637389043507,48.36637389043507,48.36637389043507,1.0,0.6633626109564928,0.0,0.33663738904350715,1,0,0.0,1.0,0.0,0.0,0.0,0.0,1.0,0.0,0.0,0.0,16,1,2022,3,6,2,0,0,2,1,0,1,GRAVE_LESIONADOS,1
5,1,11,0,4,1,-9.440095830158459,-78.36090464783817,0,4,7,1,2,2,2,2,856.2697766012295,0.7752874419611038,2,0,1.0,5,24,102.58084713674779,0.48598575426025625,77.71838757016111,59.31938059302389,7.417975011973596,702.6371999900384,16743.72323531821,3566.5553354392805,589.8200874927713,712.2374003417162,2264.4978476047927,866.4654843797747,2700.0898510595057,24.129173943033148,4,1,0,0,3,34.71532527084818,34.71532527084818,34.71532527084818,1.0,0.0,0.0,0.0,1,0,0.5917624806537013,0.4082375193462987,0.5917624806537013,0.0,0.5917624806537013,0.0,0.4082375193462987,0.5917624806537013,0.5917624806537013,0.5917624806537013,3,0,2022,7,19,2,0,1,0,1,0,1,GRAVE_LESIONADOS,1
3,1,9,0,4,0,-12.483192866516713,-75.35260277772521,3,4,6,0,3,0,1,1,7294.282255952525,2.0,2,1,1.0,10,12,1198.0,0.4721961509844063,68.52956807643962,71.12093844443642,7.729061300593853,693.0076525840468,886.2243153539386,12380.709501906878,1820.4648916342624,1293.0272630646887,9267.217347207925,1840.0663575324763,10540.6431443744,14.81746750081748,5,1,0,0,3,37.95745226687441,36.87814710318139,39.036757430567434,1.0,0.0,0.0,0.7195367757953476,1,0,0.0,0.2804632242046524,0.0,0.7195367757953476,0.0,0.7195367757953476,0.2804632242046524,0.0,0.2804632242046524,0.0,19,2,2023,6,22,3,0,0,2,1,0,1,GRAVE_LESIONADOS,1
6,1,5,0,4,1,-6.79423705903172,-78.65575781349692,0,4,0,0,1,1,1,2,256.1614763079381,1.731102983003562,1,0,0.7311029830035621,11,32,40.00742258066872,0.34256932799063344,74.45041276853509,53.34996916155255,4.765127680528152,397.60930105657127,8082.327553591806,15935.565011852366,1733.9250000199986,935.692,13265.948011832368,2000.1670000199988,13935.398011832369,12.551591352627522,8,1,0,0,7,33.806691050989315,33.806691050989315,33.806691050989315,1.0,0.0,0.0,1.0,1,0,0.0,0.0,0.7311029830035621,0.26889701699643787,0.0,0.0,1.0,0.0,0.0,0.0,13,1,2024,6,13,5,1,0,2,1,0,1,GRAVE_LESIONADOS,1
5,1,9,0,4,1,-10.049171120770268,-77.10939997934786,0,4,7,1,2,1,1,0,827.0771964233934,2.0,2,0,1.0,7,28,134.14786582872125,0.5947859797357188,79.75121679499189,67.8204795834708,8.633690094795801,1031.937727589823,34399.38562722559,9268.570518825185,1374.2536183552625,1890.8777863588346,6003.439114111087,1623.0980682702505,7645.472450554934,17.117760756510528,5,1,0,0,4,29.874935129500283,25.757816554406233,33.99205370459433,1.0,0.0,0.0,0.0,1,0,0.0,0.2421834455937677,0.0,0.7578165544062323,0.0,0.0,1.0,0.0,0.7578165544062323,0.0,11,1,2022,8,7,4,0,0,0,1,0,1,GRAVE_LESIONADOS,1
6,1,5,0,4,1,-5.744934179886748,-78.86887104833419,0,4,0,0,1,2,2,1,1655.3592571376585,1.1717099889736882,1,3,0.17170998897368817,9,32,295.1638879813201,0.30995793783739156,77.71555060135064,35.71124394334931,4.5807216048428545,354.8548169376074,20485.311745210856,15935.565011852366,1733.9250000199986,935.692,13265.948011832368,2000.1670000199988,13935.398011832369,12.551591352627522,6,1,0,0,5,59.7072502756578,59.7072502756578,59.7072502756578,1.0,0.0,0.0,0.8282900110263118,1,0,0.0,0.0,0.0,1.0,0.0,0.17170998897368817,0.8282900110263118,0.0,0.0,0.0,19,2,2022,11,5,1,0,0,2,1,0,1,GRAVE_LESIONADOS,1
3,2,5,1,4,1,-5.755010309994274,-78.76094015736591,0,3,3,1,2,0,0,0,3736.503235571557,2.0,2,0,1.0,4,20,1024.057670402387,0.5803239946829384,74.49544278598792,68.33065356443184,8.733179344969395,1046.078117086984,102362.46895074946,15935.565011852366,1733.9250000199986,935.692,13265.948011832368,2000.1670000199988,13935.398011832369,12.551591352627522,9,2,0,0,6,42.5,41.05966777792414,43.94033222207586,1.0,1.0,0.4701661110379297,0.4701661110379297,2,0,0.0,0.5298338889620703,0.4701661110379297,0.5298338889620703,0.4701661110379297,0.5298338889620703,0.5298338889620703,0.4701661110379297,0.4701661110379297,0.4701661110379297,8,1,2022,6,9,6,1,0,2,1,0,1,GRAVE_LESIONADOS,1
6,1,14,0,4,1,-11.607657132970738,-77.19952345218626,0,4,4,0,2,1,0,0,6543.555,3.0,2,0,1.0,0,30,1475.0,0.606011890732538,79.10580202061365,64.14379964647316,7.172095916125169,1269.9879605915198,20981.39186295503,7626.313,1683.4029999999998,1599.0829999999996,4343.827000000001,1814.875,5811.438000000001,23.797541485643197,5,1,0,0,4,33.029911748508994,33.029911748508994,33.029911748508994,1.0,0.0,0.0,1.0,1,0,0.0,0.0,0.28998739264414186,0.7100126073558581,0.0,0.7100126073558581,0.28998739264414186,0.0,0.0,0.0,11,2,2023,4,25,3,0,1,0,1,1,1,GRAVE_LESIONADOS,1
4,1,8,1,4,1,-13.109213164368196,-75.16958690628528,0,4,2,0,2,1,1,0,1387.1770979940115,1.628905144923615,1,3,0.628905144923615,9,26,229.64818333243147,0.507693174349195,73.53844915377191,55.87152812906681,7.402260956310386,915.5440054343936,1750.0293756719975,8511.426,1445.3929999999996,2008.516,5057.516999999999,1879.579,6631.846999999998,22.08300935706896,4,1,0,0,3,35.51562057969446,35.14452572461808,35.88671543477084,1.0,0.0,0.0,0.0,1,0,0.0,0.0,0.0,1.0,0.0,1.0,0.37109485507638496,0.0,0.0,0.0,12,2,2022,4,17,4,0,1,2,1,0,1,GRAVE_LESIONADOS,1
6,1,12,0,4,1,-7.963272730379722,-78.21441817937989,0,4,7,1,1,2,2,2,9536.721613271298,2.0,2,0,1.0,9,32,3519.5854077310173,0.41124293979185533,73.46862895605462,57.813015058159706,5.736623166622215,571.7253610629494,69334.09738250656,8931.828000000005,1335.5899999999997,1935.9830000000004,5660.255000000005,1219.309,7712.519000000005,13.651281686122925,6,1,0,0,5,44.75916517738956,44.75916517738956,44.75916517738956,1.0,0.11793867487423348,0.0,0.0,1,0,0.0,0.0,0.0,1.0,0.0,0.11793867487423348,0.8820613251257665,0.0,0.11793867487423348,0.0,15,2,2023,9,26,5,1,1,0,1,0,1,GRAVE_LESIONADOS,1
4,1,14,0,4,0,-7.563408680932838,-79.38003992939889,0,4,7,1,2,1,1,0,6543.555,2.6549411045673215,2,1,1.0,4,31,1379.4186859651481,0.4987690031061493,78.86529192066816,57.00271311138835,6.318970862937897,836.414118069291,9695.6154968171,8943.566213525537,1489.7699057957234,1487.7559805985916,5966.040327131222,1562.710232519723,7380.855981005813,17.463513302906737,4,1,0,0,2,35.098822091346435,34.40870430048108,35.78893988221179,1.0,0.0,0.3450588954326784,0.3450588954326784,1,0,0.0,0.0,0.0,1.0,0.3450588954326784,0.6549411045673216,0.0,0.3450588954326784,0.3450588954326784,0.0,11,1,2021,2,13,5,1,0,0,0,0,1,GRAVE_LESIONADOS,1
5,1,13,0,4,0,-10.553411678583432,-77.77064734045821,0,4,7,0,2,1,0,0,6543.555,2.7167034720022976,2,1,1.0,3,30,1396.5268617446366,0.6092893146651085,78.98533998848112,66.40859518677473,7.768383308825419,1218.4342197929445,20571.657122021617,7996.160866748922,1584.868784707535,1694.5256002824258,4716.766481758961,1646.1532200065205,6350.007646742401,20.923141312276442,5,1,0,0,4,33.832965279977024,32.41648263998851,35.24944791996553,1.0,0.0,0.0,0.7167034720022978,1,0,0.0,0.2832965279977022,0.0,0.7167034720022978,0.0,1.0,0.2832965279977022,0.0,0.2832965279977022,0.0,15,3,2024,2,24,3,0,1,0,1,0,1,GRAVE_LESIONADOS,1
3,2,13,0,4,1,-6.368920068642688,-80.20543988742732,0,4,2,1,2,1,0,0,6542.28241833161,2.999757065565487,2,0,1.0,0,29,1474.6812700219193,0.4703091457296942,74.91176543888524,59.04522375211969,6.365443427676777,742.49897987499,44335.321199143465,3459.691,515.0619999999999,689.7280000000001,2254.901,703.3549999999999,2756.336,20.329994788551925,23,2,0,0,21,37.004615754255745,27.006073360862818,47.00315814764866,1.0,0.9997570655654873,0.0,1.0,2,0,0.0,0.9997570655654873,0.9997570655654873,0.00024293443451273156,0.00024293443451273156,0.0,1.0,0.0,0.00024293443451273156,0.0,6,0,2021,3,12,3,0,0,0,1,0,1,GRAVE_LESIONADOS,1
3,2,10,0,4,1,-14.952275442546277,-74.98956457104951,0,4,0,1,2,1,0,1,6639.975,2.0,2,0,1.0,9,31,1616.0,0.5563774842369664,77.00938809632027,69.10246351364754,8.476961866273152,914.8835608305218,27932.19700214133,3721.461,698.1859999999996,744.866,2278.409,1102.9029999999996,2618.558,29.636290693359403,5,2,0,0,3,45.12693605767418,27.38080817302253,62.87306394232582,1.0,0.8730639423258236,0.0,0.8730639423258236,2,0,0.0,0.12693605767417637,0.0,1.0,0.0,1.0,0.12693605767417637,0.8730639423258236,0.8730639423258236,0.0,5,0,2021,3,18,2,0,1,0,1,0,1,GRAVE_LESIONADOS,1