CLASE SINIESTRO,CANTIDAD DE VEHICULOS DAÑADOS,DEPARTAMENTO,ZONA,TIPO DE VÍA,RED VIAL,COORDENADAS LATITUD,COORDENADAS  LONGITUD,CONDICIÓN CLIMÁTICA,ZONIFICACIÓN,CARACTERÍSTICAS DE VÍA,PERFIL LONGITUDINAL VÍA,SUPERFICIE DE CALZADA,¿EXISTE SEÑAL VERTICAL?,¿EXISTE SEÑAL HORIZONTAL?,CAUSA FACTOR PRINCIPAL,MTC_RVN_LONGITUD_KM,MTC_RVN_N_CARRILES_MEDIANA,MTC_RVN_SUPERFICIE_DOMINANTE,MTC_RVN_ESTADO_DOMINANTE,MTC_RVN_ES_CONCESIONADA,MTC_RVN_CONCESION_PRINCIPAL,MTC_RVN_CORREDOR_LOGISTICO,MTC_RVN_N_TRAMOS,IDH_2019,IDH_ESP_VIDA_2019,IDH_EDUC_SECUND_PCT_2019,IDH_ANIOS_EDUC_2019,IDH_INGRESO_PERCAP_2019,IDH_POBLACION_2019,MTC_DEP_RED_TOTAL_KM,MTC_DEP_NACIONAL_TOTAL_KM,MTC_DEP_DEPARTAMENTAL_TOTAL_KM,MTC_DEP_VECINAL_TOTAL_KM,MTC_DEP_PAV_TOTAL_KM,MTC_DEP_NO_PAV_TOTAL_KM,MTC_DEP_PCT_PAVIMENTADA,PER_TOTAL_PERSONAS,PER_N_CONDUCTORES,PER_N_CONDUCTORES_FUGADOS,PER_N_PEATONES,PER_N_PASAJEROS_OCUPANTES,PER_EDAD_COND_PROM,PER_EDAD_COND_MIN,PER_EDAD_COND_MAX,PER_ANY_COND_MASCULINO,PER_ANY_LIC_PROBLEMA,PER_ANY_DOSAJE_POS,PER_ANY_DOSAJE_EVALUADO,VEH_TOTAL,VEH_N_FUGADOS,VEH_ANY_FUGADO,VEH_ANY_CARGA,VEH_ANY_PUBLICO,VEH_ANY_PARTICULAR,VEH_ANY_MOTO,VEH_ANY_AUTO,VEH_ANY_CAMION_BUS,VEH_ANY_SOAT_PROBLEMA,VEH_ANY_CITV_PROBLEMA,VEH_ANY_SEGURO_PROBLEMA,HORA_NUM,FRANJA_HORARIA,ANIO,MES,DIA_MES,DIA_SEMANA,ES_FIN_SEMANA,ES_QUINCENA,REGION_NATURAL,TIENE_SEÑALIZACION,ES_VIA_MULTICARRIL,ES_DEPTO_BAJO_PAVIMENTO,CATEGORIA_SEVERIDAD,CATEGORIA_SEVERIDAD_ENC
6,1,2,0,4,1,-13.4878417663515,-73.3922028360723,0,4,0,0,6,2,2,1,6612.817262766511,2.0,3,3,1.0,13,31,1198.0,0.2617556418203358,75.73455533143465,56.74017687505461,4.308826723450364,202.68526597028026,2661.040323610209,8369.091667572151,1293.267843104794,1345.25789689377,5730.565927573586,1462.3500221070078,6906.741645465142,17.467641341739935,4,1,0,0,3,36.99153866494718,36.99153866494718,36.99153866494718,1.0,0.9336153778350941,0.0,0.0,1,0,0.0,0.0,0.0,1.0,0.0,1.0,0.0,0.9336153778350941,0.9336153778350941,0.9336153778350941,22,2,2021,11,24,4,0,1,2,1,0,1,GRAVE_LESIONADOS,1
5,1,7,0,4,1,-14.41180324071078,-71.80070670829735,0,4,5,0,2,1,1,2,2001.3657096256647,1.0,1,3,0.0,9,29,572.1074783875935,0.4639309975501993,66.54627416286115,70.30829324599816,6.978079897984144,740.5924464399297,9359.212661595187,17779.13499998999,2097.3709999899997,2863.123,12818.640999999989,2878.713,14900.421999989989,16.19152450331032,5,1,0,0,4,45.67354639115358,45.14296494761501,46.204127834692144,1.0,0.0,0.0,0.0,1,0,0.0,0.0,0.13264536088464218,1.0,0.0,1.0,0.13264536088464218,0.0,0.0,0.0,7,1,2023,3,21,5,0,0,2,1,0,1,GRAVE_LESIONADOS,1
6,1,12,0,4,1,-7.741906323929863,-79.26610214853369,0,4,7,1,2,2,2,0,6543.555,3.0,2,0,1.0,0,30,1475.0,0.60131817674646,77.28373791215672,74.09861408689504,8.985217003267344,1041.0820522591828,8655.34197886556,8931.828000000005,1335.5899999999997,1935.9830000000004,5660.255000000005,1219.309,7712.519000000005,13.651281686122925,6,1,0,0,5,39.24187999312334,39.24187999312334,39.24187999312334,1.0,0.0,0.0,0.0,1,0,0.0,0.0,0.0,1.0,0.0,1.0,0.0,0.0,1.0,0.0,17,2,2023,1,8,6,1,0,0,1,1,1,GRAVE_LESIONADOS,1
6,1,1,0,4,2,-10.134837273316428,-76.42894796405334,0,4,3,0,7,2,2,0,6543.555,2.0,4,4,1.0,14,33,1198.0,0.2752972098317298,73.00327375516076,38.45936611378805,5.074903951684582,281.1258008019112,1866.7010958092696,10668.940165358852,1798.6663844332554,1339.5229956102444,7530.750785315355,2274.598533307298,8394.341632051555,21.380731502583,5,1,0,0,4,30.55674380909098,30.55674380909098,30.55674380909098,1.0,0.2216280954545088,0.0,0.0,1,0,0.0,0.2216280954545088,0.7783719045454912,0.0,0.0,0.7783719045454912,0.2216280954545088,0.0,1.0,0.0,7,0,2024,2,22,3,0,1,0,1,0,1,GRAVE_LESIONADOS,1
4,1,7,0,4,1,-8.480466409391617,-77.80480459486206,0,4,7,0,2,1,1,2,9936.932,2.0,2,0,1.0,9,32,3830.0,0.47869268841838586,73.50431718886563,64.67890568561957,7.4294919528767815,722.3671310087863,67497.44129129787,9650.420097819357,1550.6693409839168,1656.7919916904555,6442.958765144986,1564.1707349795606,8086.249362839798,15.943005036774995,6,1,0,0,4,35.39142840682602,32.95714203413013,37.825714779521924,1.0,0.0,0.0,0.0,1,0,0.0,0.6085715931739742,0.0,0.39142840682602575,0.0,0.39142840682602575,0.6085715931739742,0.0,0.6085715931739742,0.0,3,0,2022,9,7,1,0,0,0,1,0,1,GRAVE_LESIONADOS,1
6,1,6,0,4,2,-13.402178563469423,-71.88293488501083,1,4,0,0,1,1,1,2,6543.555,2.0,4,4,1.0,14,33,1198.0,0.24391995222888352,63.88692435509156,52.47087720306962,3.4682534143521533,258.4685974086832,2687.5990202994317,17725.495799222765,2086.796433748482,2807.043838894533,12831.655526579749,2853.151450626019,14872.344348596745,16.085619597988018,4,1,0,0,3,29.796332980149085,29.796332980149085,29.796332980149085,1.0,0.0,0.0,1.0,1,0,0.0,0.0,0.0,1.0,0.0,1.0,0.0,0.0,0.02909528855013055,0.0,17,2,2021,1,1,0,0,0,2,1,0,1,GRAVE_LESIONADOS,1
3,2,3,0,4,1,-16.033017492985604,-71.30892888932573,0,4,0,0,2,1,1,0,1504.4250000000002,2.0,2,0,1.0,7,25,241.0,0.4685280505645348,81.83746865987648,70.74305753660312,6.037751599761188,617.4715908037651,1751.8736616702354,10322.272,1495.236,1749.739,7077.2970000000005,2886.595,7435.677000000001,27.964725207783708,5,2,0,0,3,45.65891602044821,37.2193245097493,54.09850753114712,1.0,0.0,0.0,0.6263943404659409,2,0,0.0,1.0,0.0,1.0,0.0,1.0,1.0,0.0,0.0,0.0,12,2,2022,9,18,5,1,0,0,1,0,1,GRAVE_LESIONADOS,1
0,1,16,2,2,3,-10.128122354189024,-77.12410851762874,0,0,2,1,2,1,1,1,6930.509958612487,2.0,3,2,1.0,12,28,1495.8343272964448,0.7266540120276299,78.22855898151187,73.46477022133853,10.65825568086326,1658.253382537436,46698.16695528113,6995.230091924932,1406.8066492851976,1397.197514304195,4191.22592833554,1559.5755556535246,5435.654536271408,21.935456542277663,9,2,0,0,6,46.32893051932524,43.21404266313534,49.443818375515136,1.0,0.31853938748282873,0.0,0.0,2,0,0.0,0.0,1.0,1.0,0.31853938748282873,0.0,0.6814606125171713,1.0,1.0,1.0,9,2,2023,3,20,3,0,0,0,1,0,1,GRAVE_LESIONADOS,1
3,2,3,0,4,1,-16.185753302018533,-71.64769857602137,0,4,0,0,2,1,1,1,1504.4250000000002,2.0,2,0,1.0,7,25,241.0,0.6005060748875158,78.21704200773246,77.40211893847457,8.994742794352394,996.014120858737,33335.45824411135,10322.272,1495.236,1749.739,7077.2970000000005,2886.595,7435.677000000001,27.964725207783708,5,2,0,0,3,48.55524994303257,42.79282127394555,54.31767861211959,1.0,0.0,0.0,0.9364642775760814,2,0,0.0,1.0,0.0,0.0,0.0,0.0,1.0,0.0,0.0,0.0,17,2,2021,3,25,3,0,0,0,1,0,1,GRAVE_LESIONADOS,1
6,1,7,0,4,1,-13.708504026661236,-72.06348194795846,1,4,7,1,2,2,2,2,2787.0030745550885,1.0,1,3,0.0,9,19,863.7228923206447,0.45293757284328307,70.17782760935773,69.22703956066562,6.6357472672882265,668.355067446704,10401.02154713422,17779.13499998999,2097.3709999899997,2863.123,12818.640999999989,2878.713,14900.421999989989,16.19152450331032,4,1,0,0,3,26.226268572285157,26.226268572285157,26.226268572285157,1.0,0.0,0.0,0.0,1,0,0.0,0.0,0.0,1.0,0.0,0.6037526531835941,0.39624734681640594,0.0,0.0,0.0,9,1,2022,3,21,2,0,0,2,1,0,1,GRAVE_LESIONADOS,1
3,1,23,2,4,0,-8.499156663648932,-74.65374431632033,0,0,7,0,3,2,2,0,6547.043701108236,2.0,3,3,1.0,13,32,1213.1242176233404,0.5578154588192877,74.4077184622153,60.97981914785734,9.554619826068175,940.1567334061224,113414.7084136823,2867.7775024409066,439.3977617984485,1321.9362677076772,1106.4434729347804,317.79919468260664,2549.9783077582997,10.237017236926029,5,2,0,0,3,38.10854701643546,27.07236467762364,49.14472935524728,1.0,0.0,0.0,0.0,2,0,0.0,0.0,1.0,0.9638176611881805,0.9638176611881805,0.0,0.03618233881181954,0.9638176611881805,1.0,0.9638176611881805,19,1,2022,7,7,0,0,0,0,1,0,1,GRAVE_LESIONADOS,1
4,1,5,0,4,1,-9.980672214457472,-75.47445211204321,0,4,3,0,1,2,2,2,6543.555,2.0,4,4,1.0,14,33,1198.0,0.29340378499066094,62.845797621131894,44.96900890537496,4.738242625737934,361.6302345614943,12269.631830699558,16785.486035673573,1901.48055711077,1824.2745541777297,13059.730924385074,2405.1935086861236,14380.292526987452,14.229670150815323,8,1,0,0,7,31.38305737664964,25.850827870051084,36.91528688324819,1.0,1.0,0.0,0.5389808744501206,1,0,0.0,0.0,0.5389808744501206,0.46101912554987945,0.46101912554987945,0.0,0.5389808744501206,0.46101912554987945,0.0,0.46101912554987945,13,1,2023,8,18,5,1,0,2,1,0,1,GRAVE_LESIONADOS,1
3,2,8,1,4,1,-13.15896456585273,-72.77255903561614,0,4,0,1,5,0,1,4,2962.4373088954653,1.2878795033348447,2,2,0.2878795033348446,8,14,907.7722271689436,0.38590635015696084,72.2733287633855,59.61205299016309,6.254341695595377,462.13969265115037,9994.596741969168,12956.127931823392,1867.1710482668434,1941.0280059329864,9147.928877623563,2723.93412318501,10232.193808638382,20.95278841646173,7,2,0,0,5,35.97726521498413,29.42424099333031,42.53028943663795,1.0,1.0,0.0,1.0,2,0,0.0,0.7121204966651554,0.0,1.0,0.7121204966651554,0.0,1.0,0.7121204966651554,1.0,0.0,5,0,2021,3,12,0,0,0,2,1,0,1,GRAVE_LESIONADOS,1
6,1,4,0,4,1,-14.688183138911668,-74.62437535333866,0,4,0,0,2,2,2,2,2171.816389106868,1.8797290368713933,1,0,0.8797290368713931,4,27,137.8514829944353,0.3563797554143828,68.40850247078913,50.3107715407908,5.442508065972995,482.9261912416271,3578.2321869818393,12678.733000000004,1805.074000000001,1774.0339999999994,9099.625000000004,2485.375000000001,10193.358000000002,19.602707936195205,35,1,0,0,34,50.47430977429926,50.47430977429926,50.47430977429926,1.0,0.0,0.0,1.0,1,0,0.0,0.0,0.8797290368713931,0.0,0.12027096312860686,0.0,0.8797290368713931,0.12027096312860686,0.12027096312860686,0.12027096312860686,6,0,2023,9,12,3,0,0,2,1,0,1,GRAVE_LESIONADOS,1
6,1,7,0,4,2,-13.029836739608907,-72.50918917057854,0,4,0,0,1,1,0,0,5625.751673230334,1.7035283401815304,3,3,0.7035283401815304,12,26,1171.6140222761562,0.4706944943299555,76.79406176595778,61.64424635983724,7.141255198110581,653.4175319142125,3282.6252676659524,17779.13499998999,2097.3709999899997,2863.123,12818.640999999989,2878.713,14900.421999989989,16.19152450331032,11,1,0,0,10,53.99526518490132,53.99526518490132,53.99526518490132,1.0,0.7035283401815304,0.0,0.29647165981846957,1,0,0.0,0.7035283401815304,0.0,0.0,0.0,0.29647165981846957,0.7035283401815304,0.7035283401815304,0.7035283401815304,0.0,8,1,2023,3,19,5,1,1,2,1,0,1,GRAVE_LESIONADOS,1
6,1,4,0,4,1,-13.356077281571036,-74.8087963295705,0,4,3,1,2,1,0,3,1679.5849999999998,2.0,2,3,1.0,9,24,315.0,0.2587772817968213,78.2313731727826,42.59351526103478,4.069708361522777,219.52972987349307,3876.4004282655246,12678.733000000004,1805.074000000001,1774.0339999999994,9099.625000000004,2485.375000000001,10193.358000000002,19.602707936195205,5,1,0,0,4,36.80370439086754,36.80370439086754,36.80370439086754,1.0,0.0,0.0,0.3551439565702732,1,0,0.3551439565702732,0.0,0.0,0.3551439565702732,0.0,0.6448560434297268,0.3551439565702732,0.0,0.0,0.3551439565702732,10,1,2022,4,25,3,0,1,2,1,0,1,GRAVE_LESIONADOS,1
3,2,11,0,4,1,-10.912453846858845,-77.27049232860908,0,4,7,1,2,1,1,2,853.2357482698609,1.3739387136037746,1,1,0.3739387136037746,6,27,216.21520934367916,0.5724423674214913,78.60386863035272,70.68783693267937,8.908282018898717,913.5655125679446,40372.38006830189,3623.57506293994,629.708847010022,724.247767209315,2269.6184487206024,953.4965348570388,2670.078528082901,26.156306374299618,5,2,0,0,3,48.174233920047186,32.59210012171701,63.756367718377355,1.0,0.6260612863962254,0.0,1.0,2,0,0.0,0.0,0.0,1.0,1.0,0.0,0.3739387136037746,0.0,1.0,0.0,6,0,2021,5,15,2,0,0,0,1,0,1,GRAVE_LESIONADOS,1
6,1,5,1,4,2,-6.833992871190885,-78.51709169684736,0,4,6,0,1,2,2,0,6543.555,2.0,4,4,1.0,14,33,1198.0,0.2787832446449395,76.6302139673737,44.82684454743621,3.548077185984384,299.2159549691333,20782.33618843683,15935.565011852366,1733.9250000199986,935.692,13265.948011832368,2000.1670000199988,13935.398011832369,12.551591352627522,6,1,0,0,5,38.049058648134164,38.049058648134164,38.049058648134164,1.0,0.0,0.0,0.0,1,0,0.0,0.9509413518658343,0.0,0.04905864813416572,0.0,0.04905864813416572,0.9509413518658343,0.0,0.0,0.0,14,3,2022,7,12,2,0,0,2,1,0,1,GRAVE_LESIONADOS,1
6,1,1,0,4,1,-9.946310805827087,-77.37525063670446,5,4,6,1,5,2,2,0,9936.932,2.0,2,0,1.0,9,32,3830.0,0.46480228342691704,71.11615489356493,71.06994269609982,7.959688206537256,616.25622702131,3831.029348765955,10767.648,1885.0630000000003,1222.721,7659.864000000001,2100.343,8667.305000000002,19.506051832303577,5,1,0,0,4,20.466259072744858,20.466259072744858,20.466259072744858,1.0,0.0,0.0,0.022202812987850318,1,0,0.0,0.0,0.022202812987850318,0.9777971870121497,0.0,0.022202812987850318,0.9777971870121497,0.0,0.022202812987850318,0.0,16,3,2021,1,21,4,0,1,0,1,0,1,GRAVE_LESIONADOS,1
3,1,5,0,4,1,-6.0851443069661135,-78.63826462483493,4,4,4,0,1,1,0,1,7389.376643294245,2.0,2,1,1.0,10,23,1849.018198724243,0.4185612916756999,74.45506464674875,46.514711171026,5.2138734350972005,726.5024830696366,12240.538548554874,15935.565011852366,1733.9250000199986,935.692,13265.948011832368,2000.1670000199988,13935.398011832369,12.551591352627522,6,1,0,0,4,27.200543994059295,25.807991697322947,28.593096290795646,1.0,1.0,0.0,0.6962761483681742,1,0,0.0,0.3037238516318258,0.0,0.6962761483681742,0.6962761483681742,0.0,0.3037238516318258,0.3037238516318258,1.0,0.3037238516318258,12,1,2021,5,10,5,1,0,2,1,0,1,GRAVE_LESIONADOS,1
6,1,18,0,4,1,-16.218078434416963,-69.55042011479493,1,4,6,0,2,1,1,4,7504.551006391695,2.0,2,0,1.0,9,7,1198.0,0.23521669195624634,73.146567224903,60.71781224117859,5.7933007504778224,133.16414111717697,17279.83098686508,13566.25713560855,2003.7532935422516,2308.33075082112,9254.173091245177,3248.644098698279,10317.61303691027,23.922285815193387,5,1,0,0,4,38.52641691779749,38.52641691779749,38.52641691779749,0.9210694862995814,0.07893051370041859,0.0,0.0,1,0,0.0,0.0,0.9210694862995814,0.07893051370041859,0.0,0.07893051370041859,0.9210694862995814,0.0,0.0,0.0,5,0,2023,2,14,2,0,0,2,1,0,1,GRAVE_LESIONADOS,1
3,1,1,0,4,1,-9.251605971478142,-77.55809289275126,0,4,1,0,3,1,1,1,8847.877065121893,2.0,2,1,1.0,10,32,2985.297926343233,0.2934226961236871,73.9014095700169,47.28578461107095,5.363229482296276,260.45255702481103,1970.7382773326572,10767.648,1885.0630000000003,1222.721,7659.864000000001,2100.343,8667.305000000002,19.506051832303577,7,1,0,0,5,44.241758952770915,30.32093543831944,58.162582467222386,1.0,0.6790645616805596,0.0,0.0,1,0,0.0,0.0,1.0,0.6790645616805596,0.6790645616805596,0.3209354383194404,0.6790645616805596,0.0,1.0,0.6790645616805596,7,0,2023,1,28,1,0,1,0,1,0,1,GRAVE_LESIONADOS,1
3,2,15,0,4,1,-5.915509865182692,-78.99600629805101,0,4,7,1,2,0,0,2,1135.3381669653138,2.0,2,0,1.0,1,20,138.2792222821933,0.5010636935949611,74.32729737960318,61.15111441811297,7.007294706371715,844.3257260199991,45092.791086109806,4010.975694484613,590.741381696225,759.2413134254693,2660.9929993629185,781.5662433896293,3229.409451094983,19.73009947568122,5,2,0,0,3,50.07205840440349,46.70269048904142,53.44142631976557,1.0,0.2522528338551704,0.2522528338551704,1.0,2,0,0.0,0.0,0.2522528338551704,0.7477471661448296,1.0,0.0,1.0,0.0,1.0,0.0,7,0,2021,9,18,1,0,1,0,1,0,1,GRAVE_LESIONADOS,1
8,1,7,0,4,2,-12.548008323817086,-73.29652874765662,0,4,5,0,2,2,2,1,6543.555,2.0,4,4,1.0,14,33,1198.0,0.4297325556987851,76.15904795703717,58.63823936731875,6.097264629229048,579.625724446144,29458.58458244112,17779.13499998999,2097.3709999899997,2863.123,12818.640999999989,2878.713,14900.421999989989,16.19152450331032,5,1,0,0,4,32.821289838349934,32.821289838349934,32.821289838349934,1.0,0.4657795900687527,0.0,0.4657795900687527,1,0,0.0,1.0,0.0,0.0,0.0,0.0,1.0,0.0,0.0,0.0,13,3,2022,5,11,3,0,0,2,1,0,1,GRAVE_LESIONADOS,1
5,1,12,0,4,1,-11.118228601453348,-76.62610855753177,0,4,7,0,2,1,0,1,1328.6946660238411,1.823801749920538,1,0,0.0,9,21,589.9904727012897,0.36526756938749416,77.36881982765216,69.76362416116856,3.6600367496837807,517.1735432976291,1448.9698507360652,7782.268361722583,1641.466054498587,1671.2243781247842,4469.577929099212,1826.2757315731415,5955.9926301494415,23.4954439248834,4,1,0,0,3,45.35702624880807,45.1808279987286,45.533224498887535,1.0,0.0,0.0,0.0,1,0,0.0,0.0,0.0,1.0,0.0,1.0,0.1761982500794621,0.0,0.0,0.0,13,2,2022,7,14,4,0,0,0,1,0,1,GRAVE_LESIONADOS,1
3,2,19,0,4,0,-5.478848082517885,-79.79807861341301,0,3,7,0,2,2,2,0,1845.5014135161846,2.0,2,0,1.0,2,21,269.7568975091037,0.4689323936222085,80.04658306242584,51.84291749057687,6.040434674119076,747.7906703842586,124217.04985258175,8318.424004021279,1639.067399259739,706.572203495846,5972.784401265693,2013.0689687071329,6305.355035314146,23.155091369172847,6,2,0,0,4,38.44842661956082,19.825174087026888,57.07167915209475,1.0,0.0,0.0,0.896853239121639,2,0,0.0,0.0,0.10314676087836105,1.0,1.0,0.896853239121639,0.0,0.10314676087836105,0.10314676087836105,0.10314676087836105,7,1,2021,8,20,5,0,0,0,1,0,1,GRAVE_LESIONADOS,1
6,1,7,0,4,1,-13.164542431512455,-72.35704598192062,0,4,0,0,2,1,1,2,3283.742808454582,1.0,2,3,0.0,9,11,1051.109041000068,0.46376778634637594,76.31268550563574,61.757886809792744,7.018367773205167,640.0811389802002,3159.094288189237,17779.13499998999,2097.3709999899997,2863.123,12818.640999999989,2878.713,14900.421999989989,16.19152450331032,4,1,0,0,3,28.0,28.0,28.0,1.0,0.0,0.0,0.0,1,0,0.0,0.0,0.0,1.0,0.0,1.0,0.0,0.0,0.9430207096457361,0.0,6,0,2023,6,10,0,0,0,2,1,0,1,GRAVE_LESIONADOS,1
6,1,5,0,4,0,-12.824561385994041,-74.0313465553197,0,4,0,0,3,2,2,2,6543.555,2.0,4,4,1.0,14,33,1198.0,0.23850201523863315,77.77313842801925,45.12870833363954,4.975511500548973,186.521947325624,6096.85906403923,12593.854646510666,1809.4573910715355,1637.0412457052016,9147.35600973393,2301.5883676856347,10292.26627882503,18.23985120911075,4,1,0,0,3,32.96752203984042,32.96752203984042,32.96752203984042,1.0,0.0,0.0,0.0,1,0,0.0,0.0,0.0,1.0,0.0,0.0,1.0,0.795072881181164,0.795072881181164,0.795072881181164,5,0,2021,8,24,2,0,0,2,1,0,1,GRAVE_LESIONADOS,1
3,3,5,1,4,1,-14.486361562140807,-73.41895087394322,0,4,2,1,2,0,1,0,6622.49885035972,2.0,2,0,1.0,9,31,1540.2373931794514,0.5750722140532201,78.05623502025773,65.1120047770288,7.845182726945715,1057.793240686333,35711.090032232896,10076.419440874106,1547.2867233991474,1548.0540468867994,6981.07867058816,2764.778515757232,7311.640925116874,27.372873734241196,8,3,0,0,4,41.38906128613013,28.28124616672672,52.450002044412415,1.0,0.18125025555155194,0.0,0.18125025555155194,3,0,0.0,0.8187497444484481,0.18125025555155194,0.8187497444484481,0.18125025555155194,0.8187497444484481,0.8187497444484481,0.18125025555155194,0.18125025555155194,0.18125025555155194,21,2,2022,7,22,4,0,1,0,1,0,1,GRAVE_LESIONADOS,1
3,1,19,0,4,2,-5.47636729611783,-80.43977681563268,4,4,4,1,4,2,2,0,6543.555,2.0,4,4,1.0,14,33,1198.0,0.3947554735344037,73.22747663891188,56.61364709582495,5.925642143378808,528.4653455988828,42011.71219858966,8965.846000060003,1782.4120000599992,636.9959999999999,6546.438000000004,2214.505000059999,6751.341000000004,24.699342371541725,7,1,0,0,6,41.895864659631236,41.895864659631236,41.895864659631236,1.0,0.7120079611981627,0.0,0.2879920388018373,1,0,0.0,0.7120079611981627,0.2879920388018373,0.0,0.7120079611981627,0.0,0.2879920388018373,0.7120079611981627,1.0,0.7120079611981627,18,2,2022,8,8,6,1,0,0,1,0,1,GRAVE_LESIONADOS,1
4,1,8,0,4,1,-12.71556278549108,-75.13571594587384,2,4,1,0,1,2,2,0,7185.257086653551,2.0,2,1,1.0,10,15,1198.0,0.3569551577720668,69.95747775080109,50.460583741625776,5.6574860763566654,460.02930991160537,3173.9781007320544,8511.426,1445.3929999999996,2008.516,5057.516999999999,1879.579,6631.846999999998,22.08300935706896,6,1,0,0,5,29.07074299252397,29.07074299252397,29.07074299252397,1.0,0.0,0.0,0.0,1,0,0.0,0.0,0.0,1.0,0.0,0.0,1.0,0.0,0.0,0.0,17,2,2022,7,21,2,0,0,2,1,0,1,GRAVE_LESIONADOS,1
4,1,12,0,4,1,-7.654300495345207,-78.53759517784268,0,4,7,1,4,2,2,1,1044.2464747412125,1.5977053219236814,2,0,0.0,9,32,230.2871977669001,0.40545102114932086,75.93245599333446,47.76009775338382,6.187550965309865,639.1974567536217,14680.001504405107,8931.828000000005,1335.5899999999997,1935.9830000000004,5660.255000000005,1219.309,7712.519000000005,13.651281686122925,5,1,0,0,4,40.47131652404602,40.172463863084175,40.77016918500786,1.0,0.0,0.0,0.0,1,0,0.0,1.0,0.0,0.0,0.0,0.0,1.0,0.0,0.4022946780763187,0.0,4,0,2021,5,6,1,0,0,0,1,0,1,GRAVE_LESIONADOS,1
5,1,15,0,4,1,-9.57841380819394,-77.77609957970019,0,4,1,1,2,1,0,0,6806.809644814543,2.7832900924388664,2,0,1.0,1,27,1617.595119175226,0.576709240043761,80.41200248461978,67.24469207351407,8.10754269164173,982.7509036335659,20887.762976679547,7196.972315467756,1495.2279360971634,1461.7355112363666,4240.008868134227,1641.188727096886,5555.783588370871,22.53072089200632,33,1,0,0,31,50.0992216638996,48.14883249584939,52.0496108319498,1.0,0.0,0.0,0.0,1,0,0.0,0.0,1.0,0.21670990756113362,0.21670990756113362,0.0,0.7832900924388664,0.0,0.21670990756113362,0.21670990756113362,13,2,2021,3,18,4,0,0,0,1,0,1,GRAVE_LESIONADOS,1
5,1,8,0,4,1,-12.410505085361578,-75.03979869866035,0,4,0,0,2,2,2,0,7586.903,2.0,2,0,1.0,9,5,1198.0,0.3197508632812603,73.35600919181914,47.73247021173725,4.747967817478287,352.6352900736821,3265.2034261241965,8511.426,1445.3929999999996,2008.516,5057.516999999999,1879.579,6631.846999999998,22.08300935706896,4,1,0,0,3,63.92075943144123,63.92075943144123,63.92075943144123,1.0,0.0,0.0,0.0,1,0,0.0,0.0,0.0,1.0,0.0,0.9627848079807322,0.03721519201926782,0.0,0.0,0.0,12,2,2023,10,25,4,0,1,2,1,0,1,GRAVE_LESIONADOS,1
5,1,19,0,4,2,-5.635150560267072,-79.7928785943674,0,4,0,1,1,2,2,2,6543.555,2.0,4,4,1.0,14,33,1198.0,0.23747688846037904,66.95461845427796,43.341257157531984,4.141370141678571,226.21946665402692,38724.28311446411,8965.846000060003,1782.4120000599992,636.9959999999999,6546.438000000004,2214.505000059999,6751.341000000004,24.699342371541725,10,1,0,0,9,51.9101780980213,49.18707683180663,54.63327936423597,1.0,0.12665587284719393,0.0,1.0,1,0,0.0,0.0,1.0,0.0,0.12665587284719393,0.0,0.8733441271528061,0.12665587284719393,1.0,0.12665587284719393,15,2,2022,9,8,6,1,0,0,1,0,1,GRAVE_LESIONADOS,1
4,1,7,0,4,1,-13.818803518549624,-72.0302006030766,0,4,6,0,2,0,1,2,2746.341191771405,1.0,1,3,0.0,9,20,848.6298833720108,0.4535065546239091,69.98987091692446,69.28300152553011,6.653465224610225,672.0938252608603,10347.101109184334,17779.13499998999,2097.3709999899997,2863.123,12818.640999999989,2878.713,14900.421999989989,16.19152450331032,10,1,0,0,8,41.206302368788194,38.88882331630347,43.523781421272915,1.0,0.0,0.0,0.0,1,0,0.0,0.0,0.5793697631211806,1.0,0.0,1.0,0.5793697631211806,0.0,0.0,0.0,11,2,2023,6,11,2,0,0,2,1,0,1,GRAVE_LESIONADOS,1
4,1,12,0,4,1,-7.950008718998541,-78.70054820563865,0,4,7,1,2,2,2,2,6543.555,2.4809416080843034,3,2,1.0,7,31,1331.220825439352,0.4994530984154716,77.17683433161241,54.16615912944951,7.325074760822758,814.2342337884008,14319.659928008547,8931.828000000005,1335.5899999999997,1935.9830000000004,5660.255000000005,1219.309,7712.519000000005,13.651281686122925,8,1,0,0,7,43.4927117091381,40.695065729348855,45.771299297011645,0.48094160808430353,0.0,0.0,0.0,1,0,0.0,0.48094160808430353,1.0,0.0,0.5190583919156965,0.0,0.48094160808430353,0.5190583919156965,0.0,0.5190583919156965,12,1,2024,2,9,3,0,0,0,1,0,1,GRAVE_LESIONADOS,1