CLASE SINIESTRO,CANTIDAD DE VEHICULOS DAÑADOS,DEPARTAMENTO,ZONA,TIPO DE VÍA,RED VIAL,COORDENADAS LATITUD,COORDENADAS  LONGITUD,CONDICIÓN CLIMÁTICA,ZONIFICACIÓN,CARACTERÍSTICAS DE VÍA,PERFIL LONGITUDINAL VÍA,SUPERFICIE DE CALZADA,¿EXISTE SEÑAL VERTICAL?,¿EXISTE SEÑAL HORIZONTAL?,CAUSA FACTOR PRINCIPAL,MTC_RVN_LONGITUD_KM,MTC_RVN_N_CARRILES_MEDIANA,MTC_RVN_SUPERFICIE_DOMINANTE,MTC_RVN_ESTADO_DOMINANTE,MTC_RVN_ES_CONCESIONADA,MTC_RVN_CONCESION_PRINCIPAL,MTC_RVN_CORREDOR_LOGISTICO,MTC_RVN_N_TRAMOS,IDH_2019,IDH_ESP_VIDA_2019,IDH_EDUC_SECUND_PCT_2019,IDH_ANIOS_EDUC_2019,IDH_INGRESO_PERCAP_2019,IDH_POBLACION_2019,MTC_DEP_RED_TOTAL_KM,MTC_DEP_NACIONAL_TOTAL_KM,MTC_DEP_DEPARTAMENTAL_TOTAL_KM,MTC_DEP_VECINAL_TOTAL_KM,MTC_DEP_PAV_TOTAL_KM,MTC_DEP_NO_PAV_TOTAL_KM,MTC_DEP_PCT_PAVIMENTADA,PER_TOTAL_PERSONAS,PER_N_CONDUCTORES,PER_N_CONDUCTORES_FUGADOS,PER_N_PEATONES,PER_N_PASAJEROS_OCUPANTES,PER_EDAD_COND_PROM,PER_EDAD_COND_MIN,PER_EDAD_COND_MAX,PER_ANY_COND_MASCULINO,PER_ANY_LIC_PROBLEMA,PER_ANY_DOSAJE_POS,PER_ANY_DOSAJE_EVALUADO,VEH_TOTAL,VEH_N_FUGADOS,VEH_ANY_FUGADO,VEH_ANY_CARGA,VEH_ANY_PUBLICO,VEH_ANY_PARTICULAR,VEH_ANY_MOTO,VEH_ANY_AUTO,VEH_ANY_CAMION_BUS,VEH_ANY_SOAT_PROBLEMA,VEH_ANY_CITV_PROBLEMA,VEH_ANY_SEGURO_PROBLEMA,HORA_NUM,FRANJA_HORARIA,ANIO,MES,DIA_MES,DIA_SEMANA,ES_FIN_SEMANA,ES_QUINCENA,REGION_NATURAL,TIENE_SEÑALIZACION,ES_VIA_MULTICARRIL,ES_DEPTO_BAJO_PAVIMENTO,CATEGORIA_SEVERIDAD,CATEGORIA_SEVERIDAD_ENC
4,1,10,0,4,1,-13.956518184824226,-75.74282580021067,3,4,6,1,4,2,2,0,6639.975,2.0,2,0,1.0,9,31,1616.0,0.5671653833852326,79.91911208651,68.51519496272114,8.889733687822336,883.8451669708359,27139.32238139931,3721.461,698.1859999999996,744.866,2278.409,1102.9029999999996,2618.558,29.636290693359403,5,2,0,0,3,37.0,35.128935450864994,38.871064549135006,0.6236881830450024,1.0,0.0,0.0,2,0,0.0,0.6236881830450024,0.0,1.0,0.6236881830450024,1.0,0.0,0.3763118169549976,1.0,1.0,9,0,2022,5,23,2,0,1,0,1,0,1,GRAVE_LESIONADOS,1
3,2,16,1,4,0,-5.921680439197154,-80.31185082151684,0,4,7,1,2,0,0,2,6543.555,2.0,4,4,1.0,14,33,1198.0,0.5356634815456919,79.59791324550197,63.99049741355634,7.129196925338816,890.7310028752046,9432.852009625169,8953.491032427633,1620.1311094010769,1108.773950248768,6224.585972777789,1853.0606368723156,7100.430395555318,20.686806892440796,4,2,0,0,2,22.72637824743245,21.4527564948649,24.0,1.0,0.363189123716225,0.636810876283775,0.636810876283775,2,0,0.0,0.0,0.0,1.0,0.636810876283775,0.363189123716225,0.0,0.636810876283775,1.0,0.0,18,2,2021,3,9,5,1,0,0,0,0,1,GRAVE_LESIONADOS,1
3,1,19,0,4,1,-15.559389811300539,-70.77705893230772,0,4,0,1,2,2,2,2,1513.5803798100894,2.0,2,0,1.0,7,24,244.86788139955814,0.458826965071243,78.41288851412835,66.79321890938137,6.839187141770412,589.9618024653732,6778.779942881021,13591.947957310995,2009.5043870636264,2323.7968345148665,9258.646735732502,3270.7381573710595,10321.209799939936,24.04732298394946,5,2,0,0,3,48.05916398389126,46.16370131901446,49.95462664876807,1.0,0.0,0.0,1.0,2,0,0.05226866756159654,0.0,0.0,1.0,0.0,0.9477313324384035,1.0,0.0,0.9477313324384035,0.05226866756159654,7,1,2022,11,3,4,0,0,2,1,0,1,GRAVE_LESIONADOS,1
5,1,3,0,4,1,-16.40976945753046,-73.16891918628642,0,4,7,1,2,0,1,0,6639.975,2.0,2,0,1.0,9,31,1616.0,0.6075725168386951,82.18230255160839,60.9158406619529,8.931060679174392,1089.4599532538405,4630.65290558832,10322.272,1495.236,1749.739,7077.2970000000005,2886.595,7435.677000000001,27.964725207783708,4,1,0,0,2,37.15723068971869,31.74215448225049,41.88676827662426,1.0,0.0,0.0,0.6855386205626233,1,0,0.0,0.0,0.0,1.0,0.0,0.6855386205626233,0.31446137943737673,0.0,0.0,0.0,6,0,2021,2,9,1,0,0,0,1,0,1,GRAVE_LESIONADOS,1
4,1,15,0,4,1,-15.751880634866673,-73.3312747998377,0,4,3,0,2,1,1,2,825.8258537745742,1.0,1,3,0.0,9,32,216.59256196735674,0.6202764966044845,79.46193000246039,76.72345584658541,10.261520288308287,993.5263233837529,36457.34554422672,3254.3237790647318,668.7358560569741,632.5386065195028,1953.0493164882546,1087.984030720077,2166.3397483446543,34.29653668755741,5,1,0,0,3,39.35596303735957,26.67078742256059,52.04113865215855,1.0,0.5637855828799546,0.0,0.5637855828799546,1,0,0.0,0.0,0.4362144171200454,0.5637855828799546,0.5637855828799546,0.0,0.4362144171200454,0.0,0.5637855828799546,0.0,10,1,2021,5,11,2,0,0,0,1,0,1,GRAVE_LESIONADOS,1
5,1,7,0,3,1,-8.391105791784431,-76.82711171810374,4,3,5,0,1,2,2,2,6543.555,2.8052061973560733,2,0,1.0,2,30,1421.0421166676324,0.3823970247773918,75.85736995093256,58.34031167192929,5.030678819010515,502.00001041871633,74112.7655580875,15488.853732042808,1789.802381479724,1211.992399515212,12487.058951047873,2256.103655402919,13232.75007663989,14.838637762944515,5,1,0,0,4,54.02603098678036,52.857268170916804,55.77917521057571,1.0,0.0,0.19479380264392676,1.0,1,0,0.0,0.8052061973560732,0.19479380264392676,0.19479380264392676,0.19479380264392676,0.19479380264392676,0.8052061973560732,0.0,0.19479380264392676,0.19479380264392676,8,1,2024,2,16,1,0,0,2,1,0,1,GRAVE_LESIONADOS,1
3,2,11,0,4,1,-8.806278871144237,-77.95454761869468,0,4,0,0,2,1,1,1,641.5301691005798,1.4481005069062052,1,0,0.8160335023020684,8,29,111.0379898618759,0.3598929704158582,72.79301909162962,52.58710196725266,5.400074633824672,436.5647354001812,27137.564603352377,8854.488116434799,1355.7900733467256,1949.3266419775243,5549.371401110548,1340.7765594350133,7513.711556999784,15.202437095289604,6,2,0,0,4,37.167514216620006,27.575530967771044,46.759497465468975,1.0,0.1839664976979316,0.0,0.0,2,0,0.0,0.8160335023020684,0.0,1.0,0.0,1.0,0.8160335023020684,0.0,0.8160335023020684,0.0,14,2,2021,9,17,3,0,1,0,1,0,1,GRAVE_LESIONADOS,1
6,1,9,0,4,1,-12.675173653107564,-75.82346864615359,0,4,7,0,2,0,0,0,1470.8386658426775,1.197439251848372,1,2,0.0,9,16,354.50399979110324,0.3363400811414446,70.75054752848348,52.145272851865144,5.571772931753495,380.2102001656784,1237.471262704733,8336.669951478732,1492.3855163324306,1927.6778547979654,4916.606580348334,1866.8038906484028,6469.866060830327,22.421525297804653,4,1,0,0,3,37.566710274028836,37.566710274028836,37.566710274028836,1.0,0.8025607481516279,0.0,0.0,1,0,0.0,0.0,0.0,1.0,0.0,1.0,0.0,0.0,0.0,0.0,10,1,2021,8,4,0,0,0,1,1,0,1,GRAVE_LESIONADOS,1
3,1,23,0,4,1,-3.849763929488195,-80.77274464246885,3,4,3,1,2,2,2,2,6543.555,3.0,2,0,1.0,0,30,1475.0,0.5666481912968038,74.50754160352646,62.128523380674785,8.29146665953241,1061.2217057165417,7802.696696692228,1009.101,138.47399999999996,287.471,583.156,276.972,732.129,27.447401201663663,5,2,0,0,3,32.95742000391122,31.67339907413345,34.241440933688985,1.0,0.4863916280888938,0.0,1.0,2,0,0.0,0.0,0.4863916280888938,1.0,0.4863916280888938,1.0,0.0,0.4863916280888938,0.4863916280888938,0.4863916280888938,17,2,2023,3,15,5,1,0,0,1,1,1,GRAVE_LESIONADOS,1
3,1,15,1,2,3,-13.058512350604824,-74.92211384035298,1,1,7,1,2,2,2,2,5039.623319890486,2.0,3,2,1.0,11,30,912.3827172815932,0.6511948254029859,77.10172880383772,75.80410287988448,10.055166806943838,1230.440434267521,248485.494662335,9421.792177464928,1784.0930902553869,1824.423396489038,5813.275690720502,2262.3053668275165,7159.486810637411,23.945247118142724,5,2,0,0,3,40.94767599172164,32.4922533057388,49.40309867770448,1.0,0.0,0.0,0.0,2,0,0.0,0.0,0.7015493388522395,1.0,0.0,0.29845066114776053,1.0,0.0,0.0,0.0,12,1,2021,3,21,2,0,1,0,1,0,1,GRAVE_LESIONADOS,1
4,1,12,0,4,1,-7.580131849296368,-78.79720852233727,0,4,7,1,1,2,2,0,6543.555,2.3619072742035474,3,2,1.0,8,31,1298.2483149543827,0.30526386731761496,76.90078955570313,40.50568271840785,4.40504639106099,406.3328245367658,24404.187383315148,8931.828000000005,1335.5899999999997,1935.9830000000004,5660.255000000005,1219.309,7712.519000000005,13.651281686122925,4,1,0,0,3,30.657112709557428,30.657112709557428,30.657112709557428,1.0,1.0,0.0,0.0,1,0,0.0,0.0,0.3619072742035476,1.0,0.3619072742035476,0.0,0.6380927257964524,0.3619072742035476,0.0,0.0,20,2,2022,5,21,4,0,1,0,1,0,1,GRAVE_LESIONADOS,1
3,2,2,0,4,0,-14.453839342993149,-73.40847080516775,1,4,7,1,2,1,1,1,6543.555,2.0,4,4,1.0,14,33,1198.0,0.6034609829702176,79.42386429268348,74.05301165557114,9.171712484704782,1020.8623955916264,14802.152353324647,10450.608045623998,1607.565482633698,1597.8776377068646,7245.164925283435,2660.034806940745,7790.573238683252,25.527340408795652,4,2,0,0,2,31.915651258657675,26.47489057977066,37.35641193754469,1.0,0.0,0.0,0.7118478642225969,2,0,0.0,1.0,0.0,1.0,0.0,1.0,1.0,0.0,0.0,0.0,17,2,2021,3,15,3,0,0,0,1,0,1,GRAVE_LESIONADOS,1
5,1,17,0,4,1,-6.81590444587924,-79.54233551175146,0,3,7,1,2,2,2,0,2541.478042009475,2.0,2,0,1.0,4,23,407.268207885042,0.5038619918990794,79.9660169273527,55.5945659034146,6.509444609983969,859.3721766236959,129099.30961934199,8649.705589115529,1759.0450908724185,864.0561616613489,6026.604336581761,2120.1891508505737,6529.5164382649555,24.486510210896725,31,1,0,0,30,44.75185725417318,44.51584932384947,44.9878651844969,1.0,0.23600793032371203,0.0,0.763992069676288,1,0,0.0,0.0,1.0,0.0,0.23600793032371203,0.0,1.0,0.23600793032371203,0.23600793032371203,0.23600793032371203,5,0,2021,11,16,0,0,0,0,1,0,1,GRAVE_LESIONADOS,1
3,1,14,0,4,1,-11.230631081055288,-77.47717906079171,1,4,1,0,2,2,2,2,6543.555,2.2694853459736732,3,2,1.0,10,32,1272.6474408347076,0.7327345537337897,78.20903814342847,76.31492653513806,13.642917835589472,1405.6698219039215,62016.21841541756,7626.313,1683.4029999999998,1599.0829999999996,4343.827000000001,1814.875,5811.438000000001,23.797541485643197,8,1,0,0,6,46.09577198103949,39.155882767789386,53.035661194289595,1.0,0.0,0.0,1.0,1,0,0.0,0.0,0.7305146540263266,0.26948534597367335,0.0,0.26948534597367335,0.7305146540263266,0.0,0.0,0.0,6,0,2023,9,14,1,0,0,0,1,0,1,GRAVE_LESIONADOS,1
9,1,12,0,4,0,-8.35429426260603,-78.5065803806455,0,4,7,1,1,2,2,0,6543.555,2.0,4,4,1.0,14,33,1198.0,0.4938304306602159,77.79886490330306,46.60875730988778,6.280451189632964,916.7736043977804,44144.32870510691,8933.19978400725,1353.608204265014,1883.6010378306019,5695.990541911636,1259.4405172717507,7673.759266735501,14.09679738171405,6,1,0,0,5,54.294308304883366,53.427315650882925,55.1613009588838,1.0,0.0403252397209507,0.0,0.0403252397209507,1,0,0.0,0.0,1.0,0.0,0.0403252397209507,0.0,0.9596747602790493,0.0403252397209507,0.0403252397209507,0.0403252397209507,16,2,2022,9,16,6,1,1,0,1,0,1,GRAVE_LESIONADOS,1
3,2,13,0,4,0,-6.92527328882757,-79.71210444676942,0,4,7,1,2,2,2,0,6543.555,2.9052315289654063,2,0,1.0,1,30,1448.7491335234174,0.5253476455066154,80.22135599300154,68.45299498551694,7.80486380736537,760.6099052617459,10283.897494365692,3459.691,515.0619999999999,689.7280000000001,2254.901,703.3549999999999,2756.336,20.329994788551925,5,2,0,0,3,57.51479316241029,52.251714339996774,62.777871984823804,1.0,0.0,0.0,0.09476847103459396,2,0,0.0,0.905231528965406,1.0,0.09476847103459396,0.0,0.09476847103459396,1.0,0.0,0.0,0.0,8,1,2022,2,16,3,0,0,0,1,0,1,GRAVE_LESIONADOS,1
3,2,13,0,4,1,-11.07629932616687,-77.12200983951847,0,4,0,0,2,1,1,2,1418.9282002768318,1.9932118259764102,1,0,0.0,9,19,694.178258024719,0.6234918410245786,75.9840746205998,64.30252558097315,7.913260807695902,1373.074374429242,24684.635191872072,7632.321301074542,1681.7873467006452,1601.862302455,4348.671651918897,1815.3142220120224,5817.0070790625205,23.7859029431854,7,2,0,0,5,36.455876868846666,21.061093566212307,51.850660171481024,1.0,0.0,0.0,1.0,2,0,0.0,1.0,0.0,0.0,0.006788174023589777,0.9932118259764102,1.0,0.0,0.0,0.0,15,2,2023,4,11,2,0,0,0,1,0,1,GRAVE_LESIONADOS,1
3,2,6,0,4,1,-13.743680143933767,-73.46418674054004,1,4,1,1,2,2,2,2,7586.903,2.0,2,0,1.0,9,5,1198.0,0.3191826495037802,67.90710136803719,50.560933451672334,5.41960615301526,359.6315496804627,7004.426934362933,12826.105995623993,1838.0646100386828,1862.7537424402242,9125.287643145088,2612.1155009388976,10213.990494685095,20.319971959018197,15,2,0,0,13,47.73528406762287,39.705852202868606,55.76471593237713,1.0,0.0,0.15294318647542615,1.0,2,0,0.0,0.8470568135245738,0.8470568135245738,0.15294318647542615,0.15294318647542615,0.15294318647542615,0.8470568135245738,0.0,0.15294318647542615,0.15294318647542615,17,2,2024,1,13,4,0,0,2,1,0,1,GRAVE_LESIONADOS,1
5,1,19,0,3,1,-5.1599307536257655,-80.50654394134705,0,4,6,0,2,2,2,0,1666.575536878653,2.0,2,0,1.0,1,20,234.40465901532554,0.6220812987247925,80.20155828147696,72.71675503872983,10.02377668600292,1028.915688621886,159840.92719486082,8965.846000060003,1782.4120000599992,636.9959999999999,6546.438000000004,2214.505000059999,6751.341000000004,24.699342371541725,4,1,0,0,3,28.310455039197066,28.275960034841837,28.3449500435523,1.0,0.06899000871045946,0.0,1.0,1,0,0.0,0.0,0.06899000871045946,1.0,0.06899000871045946,0.06899000871045946,0.9310099912895405,0.06899000871045946,1.0,0.0,6,1,2021,11,4,3,0,0,0,1,0,1,GRAVE_LESIONADOS,1
6,1,5,0,4,1,-6.487570367065276,-78.84847621097315,0,4,6,1,2,1,1,1,9936.932,2.0,2,0,1.0,9,32,3830.0,0.3011301347839704,71.97114344661169,54.49911076138603,4.057283312480806,327.1165249840737,5264.304068522484,15935.565011852366,1733.9250000199986,935.692,13265.948011832368,2000.1670000199988,13935.398011832369,12.551591352627522,10,1,0,0,9,38.01679052888033,38.01679052888033,38.01679052888033,1.0,0.0,0.0,0.9958023677799186,1,0,0.0,0.004197632220081404,0.9958023677799186,0.0,0.0,0.0,1.0,0.0,0.0,0.0,14,2,2023,11,2,0,0,0,2,1,0,1,GRAVE_LESIONADOS,1
3,2,9,0,4,1,-6.188838549404013,-79.69964056675305,0,4,3,1,2,1,0,0,6894.395286513964,2.7111900300459104,2,0,1.0,2,27,1665.036960229791,0.4815972924202407,73.94923810687476,61.59064956991186,6.524786383056482,783.2860444807231,46131.17622477692,3587.9344678683838,699.9174205588446,659.4867080461073,2228.530339263432,772.7375519418906,2815.196915926493,21.439462897725146,18,2,0,0,16,34.978330210321374,26.42238006009182,43.53428036055092,1.0,0.7111900300459104,0.0,0.7111900300459104,2,0,0.0,0.7111900300459104,0.7111900300459104,0.2888099699540896,0.2888099699540896,0.0,1.0,0.0,0.2888099699540896,0.0,6,0,2021,2,14,4,0,0,0,1,0,1,GRAVE_LESIONADOS,1
5,1,2,0,4,1,-9.607235133305846,-78.35480968841688,1,4,7,1,2,2,2,0,6543.555,3.0,2,0,1.0,0,30,1475.0,0.5819618856472776,79.3774046634016,66.33111256948594,8.695044368159664,983.0243987512795,25576.26866845008,10493.618796981542,1803.044257274591,1329.1882012524927,7361.386338454461,1968.8328057259623,8524.785991255583,18.632121927947953,15,1,0,0,14,29.805855898646023,29.805855898646023,29.805855898646023,1.0,0.14926801266924727,0.0,0.8507319873307527,1,0,0.0,0.0,1.0,0.14926801266924727,0.14926801266924727,0.0,0.8507319873307527,0.14926801266924727,0.0,0.0,12,1,2021,1,8,0,0,0,0,1,1,1,GRAVE_LESIONADOS,1
5,1,7,0,4,2,-13.616504264758772,-71.85259319780904,0,4,7,1,2,1,1,2,6794.997963787525,2.0,3,3,1.0,12,26,1198.0,0.2877281978181651,71.89551112953677,54.76071542591035,5.21819702564049,245.42611569155358,5302.073323668932,17779.13499998999,2097.3709999899997,2863.123,12818.640999999989,2878.713,14900.421999989989,16.19152450331032,5,1,0,0,4,44.903063614069396,41.77011226012246,48.03601496801633,1.0,0.0,0.0,0.24099625799591795,1,0,0.0,0.24099625799591795,0.0,1.0,0.0,0.24099625799591795,1.0,0.759003742004082,0.759003742004082,0.759003742004082,15,2,2023,4,11,3,0,0,2,1,0,1,GRAVE_LESIONADOS,1
0,1,5,1,4,0,-6.291869257705549,-78.3465366960714,0,0,7,0,2,0,1,2,7680.740685744843,2.0,2,0,1.0,9,20,2073.277409390026,0.5838097180075291,74.69531409455011,68.99524767099268,8.831762046380815,1048.5096530273088,101870.13470405844,16053.321991170418,1757.1399055441066,1058.8055535208268,13237.376532105485,2056.2836236444223,13997.038367525996,12.784090002259504,6,1,0,3,1,24.60680707036872,24.51099542767892,24.70261871305852,1.0,0.0,0.9361255715401346,1.0,1,0,0.0,0.0,0.06387442845986535,1.0,0.9361255715401346,0.0,0.06387442845986535,0.0,1.0,0.0,21,2,2024,3,2,4,0,0,2,1,0,1,GRAVE_LESIONADOS,1
6,1,3,1,4,0,-16.46743684651661,-72.21727955943003,0,1,7,1,0,1,1,0,6589.821151295988,2.0,3,2,1.0,11,32,1398.5730267758026,0.6346707226302546,80.05585383997364,71.03367514888028,9.545759707663816,1143.136531155946,4454.187795806367,10322.272,1495.236,1749.739,7077.2970000000005,2886.595,7435.677000000001,27.964725207783708,4,1,0,0,2,38.560480669073186,36.64112156117077,40.0,0.4798397769756043,0.0,0.0,0.4798397769756043,1,0,0.0,0.0,0.0,0.4798397769756043,0.0,0.4798397769756043,0.5201602230243957,0.0,0.0,0.0,9,2,2022,6,14,3,0,0,0,1,0,1,GRAVE_LESIONADOS,1
1,1,15,1,2,3,-9.643210025935167,-78.39504826732727,2,1,2,1,3,1,1,1,6543.555,2.0,4,4,1.0,14,33,1198.0,0.7061121095314375,78.9848305958263,75.20251262932305,10.517879919703232,1539.522699900207,45221.639819725206,8114.998879023443,1719.5232749192332,1248.0962521774627,5147.379351926747,1960.6672558493976,6154.3316231740455,24.12653476808544,8,1,0,0,6,49.70363807384286,48.433274266458575,50.97400188122715,1.0,0.3648180963078569,0.0,0.0,1,0,0.0,0.3648180963078569,0.6351819036921431,0.6351819036921431,0.3648180963078569,0.0,0.6351819036921431,1.0,1.0,1.0,15,2,2022,3,19,3,0,0,0,1,0,1,GRAVE_LESIONADOS,1
6,1,8,0,4,1,-12.518436603075491,-75.06926741311307,0,4,0,0,1,2,2,0,7454.806230826668,2.0,2,0,1.0,9,8,1198.0,0.3319869322621727,72.23827088458226,48.62971569902166,5.0470980202505835,387.9559607881617,3235.2004549731037,8511.426,1445.3929999999996,2008.516,5057.516999999999,1879.579,6631.846999999998,22.08300935706896,4,1,0,0,3,59.04939852173331,59.04939852173331,59.04939852173331,1.0,0.0,0.0,0.0,1,0,0.0,0.0,0.0,1.0,0.0,0.8733914579092193,0.12660854209078065,0.0,0.0,0.0,12,3,2022,10,23,4,0,0,2,1,0,1,GRAVE_LESIONADOS,1
4,1,6,0,4,0,-13.172066725647682,-74.30817990016308,0,4,7,1,2,1,1,2,6543.555,2.0,4,4,1.0,14,33,1198.0,0.5753625221164396,79.11708222133934,63.908016934262186,8.808439131550442,981.7511010137501,13904.142091702975,9773.060148256724,1432.1773832679291,1823.3035679481343,6517.57919704066,2228.033251777386,7545.026896479338,22.311054278674618,4,1,0,0,2,29.73988324658839,25.73988324658839,33.34489297603936,0.6050097294509675,0.0,0.0,0.6050097294509675,1,0,0.0,0.6050097294509675,0.39499027054903246,0.6050097294509675,0.39499027054903246,0.6050097294509675,0.6050097294509675,0.39499027054903246,0.0,0.39499027054903246,19,2,2022,2,18,4,0,1,0,1,0,1,GRAVE_LESIONADOS,1
4,1,14,2,4,4,-12.180360878190413,-76.94007661408003,0,1,4,0,5,2,2,0,6543.555,2.0,4,4,1.0,14,33,1198.0,0.6929061768497443,79.9692093691325,74.05956579401933,9.838717513701056,1417.4349242566127,454838.1571776087,7626.313,1683.4029999999998,1599.0829999999996,4343.827000000001,1814.875,5811.438000000001,23.797541485643197,7,1,0,0,6,41.30485431071917,37.954768611142214,44.65494001029613,1.0,0.3350085699576958,0.0,0.0,1,0,0.0,0.3350085699576958,1.0,0.0,0.6649914300423042,0.0,0.3350085699576958,1.0,0.6649914300423042,0.3350085699576958,7,0,2023,8,22,2,0,1,0,1,0,1,GRAVE_LESIONADOS,1
3,2,7,0,4,1,-13.343327414169554,-72.1104747869105,0,4,7,1,2,0,1,1,3409.615206413365,1.2072825225497357,2,2,0.20728252254973556,8,13,996.4455902554936,0.4476765403986686,71.64334554295752,69.24701164120685,6.535175214478385,630.7096077805529,10595.042558698171,17779.13499998999,2097.3709999899997,2863.123,12818.640999999989,2878.713,14900.421999989989,16.19152450331032,13,2,0,0,11,36.79271747745027,33.621847567649205,39.96358738725132,1.0,0.0,0.0,0.20728252254973556,2,0,0.0,0.0,0.7927174774502644,1.0,0.0,1.0,1.0,0.0,0.20728252254973556,0.0,15,2,2023,8,6,1,0,0,2,1,0,1,GRAVE_LESIONADOS,1
4,1,14,2,4,4,-12.183322085626019,-76.93977933071,0,1,4,0,5,2,2,0,6543.555,2.0,4,4,1.0,14,33,1198.0,0.6933013746703315,79.98058344898877,74.08051635038677,9.849378047314167,1418.4045575144091,455116.31115572964,7626.313,1683.4029999999998,1599.0829999999996,4343.827000000001,1814.875,5811.438000000001,23.797541485643197,7,1,0,0,6,40.577453993540004,36.79948575444589,44.35542223263412,1.0,0.3777968239094115,0.0,0.0,1,0,0.0,0.3777968239094115,1.0,0.0,0.6222031760905885,0.0,0.3777968239094115,1.0,0.6222031760905885,0.3777968239094115,7,0,2023,8,23,2,0,1,0,1,0,1,GRAVE_LESIONADOS,1
3,1,12,0,4,1,-7.89114152241116,-79.12475792046716,0,4,7,1,2,2,2,1,6543.555,3.0,2,0,1.0,0,30,1475.0,0.5721567587688113,77.67102283812494,66.21373667954742,8.464777379360486,978.4498488219192,15563.077087794432,8931.828000000005,1335.5899999999997,1935.9830000000004,5660.255000000005,1219.309,7712.519000000005,13.651281686122925,12,1,0,0,10,44.64133941368687,43.61636594771226,45.666312879661476,1.0,0.0,0.0,0.0,1,0,0.0,0.683315643983074,1.0,0.0,0.0,0.0,1.0,0.0,0.0,0.0,9,1,2023,6,3,0,0,0,0,1,1,1,GRAVE_LESIONADOS,1
5,1,7,1,4,2,-9.826181089609245,-75.7812328868121,0,4,0,0,5,2,2,0,6574.669352244474,2.0,3,2,1.0,12,32,1332.886945013377,0.3726671193444962,73.3903772084491,37.157538124274666,5.830887340422066,576.5457038539462,2217.4523001886964,3499.3422296340586,985.8837068459915,553.5044727531786,1959.9540500348885,983.9638243482502,2515.378405285808,29.38245922224469,5,1,0,0,3,27.16134802035093,24.74112771508699,29.58156832561487,1.0,0.0,0.0,0.322696040701859,1,0,0.0,0.0,1.0,0.322696040701859,0.0,0.322696040701859,1.0,0.0,0.0,0.0,13,1,2023,8,10,5,1,0,0,1,0,1,GRAVE_LESIONADOS,1
3,1,4,0,3,1,-7.580707159815703,-78.04418673781177,0,2,5,1,2,1,1,0,7406.555011659632,2.0,2,1,1.0,10,23,1862.2401711328703,0.6058349358791768,74.15310477304813,72.11470171442538,8.592453183872752,1217.7870275629405,49321.35909874168,4981.72707433586,1308.102330388861,878.6736854119208,2794.9510585350786,1195.8997772563298,3785.8272970795306,24.063215718396226,6,2,0,0,3,37.81873302610963,33.68748114012181,41.94998491209745,1.0,0.0,0.0,0.0,2,0,0.0,0.0,0.2895827046707271,1.0,0.7104172953292729,0.0,1.0,0.2895827046707271,1.0,0.2895827046707271,6,0,2023,1,22,4,0,1,0,1,0,1,GRAVE_LESIONADOS,1
6,1,7,0,4,1,-15.085132081992336,-71.1665203151774,2,4,0,0,2,1,1,2,568.5409999999999,1.0,2,3,0.0,9,3,93.0,0.38002694295534994,68.42640044073391,63.807886001271804,5.510455500563736,498.7487796298642,1152.5037931663078,17779.13499998999,2097.3709999899997,2863.123,12818.640999999989,2878.713,14900.421999989989,16.19152450331032,5,1,0,0,4,32.65080278935182,32.65080278935182,32.65080278935182,1.0,0.0,0.0,0.0,1,0,0.0,0.0,0.0,1.0,0.0,1.0,0.0,0.0,0.42280025357743856,0.0,2,0,2022,6,9,6,1,0,2,1,0,1,GRAVE_LESIONADOS,1
3,2,20,2,2,3,-15.849677593524568,-70.0169524482207,0,0,6,0,2,0,1,2,6612.303458601779,2.0,3,3,1.0,13,31,1198.0,0.6488901960567479,69.67312345830231,82.12448375199249,11.701623814093702,1230.336353415943,144745.3597430407,13642.312999999998,2020.7790000000005,2354.117,9267.416999999998,3314.0520000000006,10328.260999999997,24.29244952817019,12,2,0,0,10,37.065892165031975,33.60464700980816,40.52713732025578,1.0,0.0,0.0,0.0,2,0,0.0,0.0,1.0,1.0,0.0658921650319727,1.0,0.9341078349680273,0.0,0.0658921650319727,0.0,15,2,2021,9,11,5,0,0,2,1,0,1,GRAVE_LESIONADOS,1