CLASE SINIESTRO,CANTIDAD DE VEHICULOS DAÑADOS,DEPARTAMENTO,ZONA,TIPO DE VÍA,RED VIAL,COORDENADAS LATITUD,COORDENADAS  LONGITUD,CONDICIÓN CLIMÁTICA,ZONIFICACIÓN,CARACTERÍSTICAS DE VÍA,PERFIL LONGITUDINAL VÍA,SUPERFICIE DE CALZADA,¿EXISTE SEÑAL VERTICAL?,¿EXISTE SEÑAL HORIZONTAL?,CAUSA FACTOR PRINCIPAL,MTC_RVN_LONGITUD_KM,MTC_RVN_N_CARRILES_MEDIANA,MTC_RVN_SUPERFICIE_DOMINANTE,MTC_RVN_ESTADO_DOMINANTE,MTC_RVN_ES_CONCESIONADA,MTC_RVN_CONCESION_PRINCIPAL,MTC_RVN_CORREDOR_LOGISTICO,MTC_RVN_N_TRAMOS,IDH_2019,IDH_ESP_VIDA_2019,IDH_EDUC_SECUND_PCT_2019,IDH_ANIOS_EDUC_2019,IDH_INGRESO_PERCAP_2019,IDH_POBLACION_2019,MTC_DEP_RED_TOTAL_KM,MTC_DEP_NACIONAL_TOTAL_KM,MTC_DEP_DEPARTAMENTAL_TOTAL_KM,MTC_DEP_VECINAL_TOTAL_KM,MTC_DEP_PAV_TOTAL_KM,MTC_DEP_NO_PAV_TOTAL_KM,MTC_DEP_PCT_PAVIMENTADA,PER_TOTAL_PERSONAS,PER_N_CONDUCTORES,PER_N_CONDUCTORES_FUGADOS,PER_N_PEATONES,PER_N_PASAJEROS_OCUPANTES,PER_EDAD_COND_PROM,PER_EDAD_COND_MIN,PER_EDAD_COND_MAX,PER_ANY_COND_MASCULINO,PER_ANY_LIC_PROBLEMA,PER_ANY_DOSAJE_POS,PER_ANY_DOSAJE_EVALUADO,VEH_TOTAL,VEH_N_FUGADOS,VEH_ANY_FUGADO,VEH_ANY_CARGA,VEH_ANY_PUBLICO,VEH_ANY_PARTICULAR,VEH_ANY_MOTO,VEH_ANY_AUTO,VEH_ANY_CAMION_BUS,VEH_ANY_SOAT_PROBLEMA,VEH_ANY_CITV_PROBLEMA,VEH_ANY_SEGURO_PROBLEMA,HORA_NUM,FRANJA_HORARIA,ANIO,MES,DIA_MES,DIA_SEMANA,ES_FIN_SEMANA,ES_QUINCENA,REGION_NATURAL,TIENE_SEÑALIZACION,ES_VIA_MULTICARRIL,ES_DEPTO_BAJO_PAVIMENTO,CATEGORIA_SEVERIDAD,CATEGORIA_SEVERIDAD_ENC
3,1,11,0,4,1,-11.792407582471805,-75.64009879302336,0,4,5,1,2,2,2,2,7586.903,2.0,2,0,1.0,9,5,1198.0,0.47167950901921957,69.55889495464562,57.30118041048208,7.453678386330572,765.3164839510546,1292.7697444371138,12264.545,1826.4639999999995,1105.5389999999998,9332.542,1588.5359999999996,10676.009,12.952261987705208,5,2,0,0,3,37.40435542165174,31.556795179462743,43.25191566384074,1.0,0.0,0.0,0.19128915669651436,2,0,0.0,0.0,0.8087108433034856,1.0,0.19128915669651436,1.0,0.8087108433034856,0.0,0.19128915669651436,0.0,14,3,2022,5,26,1,0,1,2,1,0,1,GRAVE_LESIONADOS,1
4,1,5,0,4,1,-6.292642567239104,-78.83498220870648,0,4,2,1,2,1,1,0,7263.426631604645,2.4074052716113488,2,0,1.0,5,24,1864.9273312797325,0.45861975715174036,74.7206752488098,59.782422784535264,6.03994241661139,722.9307871097345,8283.915135406585,3722.827355788425,894.3575892577117,627.6774059904244,2200.7923605402893,845.717587169176,2877.1097686192493,22.606456895853444,12,1,0,0,10,50.72218698158726,48.48145798772484,52.962915975449675,1.0,0.0,0.0,0.0,1,0,0.0,0.40740527161134876,1.0,0.0,0.0,0.0,1.0,0.0,0.0,0.0,12,2,2023,2,20,4,0,1,0,1,0,1,GRAVE_LESIONADOS,1
3,1,23,0,4,0,-3.6431783468441377,-80.47028370058776,6,4,5,1,5,2,2,0,6543.555,2.063050746091305,3,3,1.0,13,32,1215.4650566672913,0.5556815960728195,75.16752516954017,64.43192677334133,8.384090738095951,961.7683255141177,4491.949477234988,1009.101,138.47399999999996,287.471,583.156,276.972,732.129,27.447401201663663,4,2,0,0,2,35.14881492776739,34.99118806253912,35.30644179299565,1.0,0.9369492539086954,0.9369492539086954,1.0,2,0,0.0,0.0,0.0,1.0,0.9369492539086954,1.0,0.0,0.9369492539086954,0.9369492539086954,0.0,19,2,2021,7,9,5,1,0,0,1,0,1,GRAVE_LESIONADOS,1
3,1,14,1,3,2,-11.899378915874975,-77.04426688424748,0,3,3,1,2,1,1,0,4484.196770295734,2.0,3,3,0.6227480142843046,12,29,1132.7354064711847,0.7174955808387318,79.8893823827665,77.28179442714915,10.53841906726645,1484.4232142817393,361296.48915701214,7626.313,1683.4029999999998,1599.0829999999996,4343.827000000001,1814.875,5811.438000000001,23.797541485643197,11,2,0,0,9,34.79335812141659,28.96396822854887,40.622748014284305,1.0,1.0,0.0,0.0,2,0,0.0,0.0,0.3772519857156954,0.6227480142843046,0.3772519857156954,0.0,1.0,1.0,1.0,1.0,11,2,2023,3,13,0,0,0,0,1,0,1,GRAVE_LESIONADOS,1
6,1,7,0,4,1,-13.441141265966959,-71.90402282686945,1,4,0,0,1,2,2,2,5503.611117000872,1.664074121199834,3,3,0.6640741211998341,12,25,1168.1025967867852,0.3210379210063182,68.04710855814525,55.87578048960748,4.701371618796127,393.33644054999104,2916.8839569146903,17779.13499998999,2097.3709999899997,2863.123,12818.640999999989,2878.713,14900.421999989989,16.19152450331032,5,1,0,0,4,31.67962939400083,31.67962939400083,31.67962939400083,1.0,0.3359258788001659,0.0,0.6640741211998341,1,0,0.0,0.0,0.0,0.6640741211998341,0.0,1.0,0.0,0.0,0.0,0.0,16,2,2021,3,11,0,0,0,2,1,0,1,GRAVE_LESIONADOS,1
6,1,12,0,4,2,-7.692524065894612,-78.10044163319346,0,4,7,1,5,2,2,0,6543.555,2.2550872224213983,3,2,1.0,10,32,1268.6591606107272,0.2634744897359955,74.45178895824434,32.04388015881726,4.248129370549397,350.2699214010588,13927.921761405567,8931.828000000005,1335.5899999999997,1935.9830000000004,5660.255000000005,1219.309,7712.519000000005,13.651281686122925,10,1,0,0,9,25.295785001792584,25.295785001792584,25.295785001792584,1.0,0.0,0.0,0.0,1,0,0.0,0.0,0.25508722242139814,0.7449127775786019,0.0,0.0,1.0,0.0,0.0,0.0,17,2,2023,9,21,2,0,0,0,1,0,1,GRAVE_LESIONADOS,1
3,2,14,0,4,1,-6.593419806292547,-79.53983213364407,0,3,6,1,2,2,2,0,6543.555,2.8729664240267683,2,0,1.0,1,30,1439.8116994554148,0.5508223351250795,74.41157500650927,66.08586023691528,9.315944246629275,882.7687319835464,80483.2241005287,3737.3158934428193,553.173851262033,724.7346425309436,2459.407399649843,742.7418872640764,2994.574006178743,20.02788977098332,12,2,0,0,10,47.125475932816435,32.71339563248183,61.53755623315104,1.0,1.0,0.0,0.8729664240267683,2,0,0.0,0.0,0.8729664240267683,0.12703357597323173,0.12703357597323173,0.0,0.8729664240267683,0.12703357597323173,1.0,0.12703357597323173,2,0,2022,9,25,2,0,1,0,1,0,1,GRAVE_LESIONADOS,1
6,1,5,0,4,1,-5.548708565455846,-78.95118407647682,0,4,0,0,1,2,2,1,987.4607307390199,1.0585366000800502,1,3,0.05853660008005013,9,32,171.80489408725464,0.3142174914108285,77.86384555036902,34.46573403929152,4.721816954114912,362.4570317166499,20444.72781642186,15935.565011852366,1733.9250000199986,935.692,13265.948011832368,2000.1670000199988,13935.398011832369,12.551591352627522,6,1,0,0,5,62.4780483979187,62.4780483979187,62.4780483979187,1.0,0.0,0.0,0.9414633999199499,1,0,0.0,0.05853660008005013,0.0,0.9414633999199499,0.0,0.0,1.0,0.0,0.0,0.0,19,2,2022,11,4,0,0,0,2,1,0,1,GRAVE_LESIONADOS,1
3,2,19,0,4,1,-5.831990324106462,-79.55576738602909,0,2,7,1,2,2,2,1,6914.564904370698,2.6945865014572488,2,0,1.0,2,26,1675.9620820411303,0.48390508213009004,72.5489667710025,56.69087678256942,7.1342841941257475,801.8170370743724,48343.39620317724,7951.656341295778,1486.9745280153236,737.2638623985822,5727.417950881872,1847.6731523554745,6103.983188940303,22.63856524253052,5,2,0,0,3,41.90654228861709,40.22676804663196,43.58631653060222,1.0,0.30541349854275135,0.0,0.6945865014572487,2,0,0.0,0.6945865014572487,0.30541349854275135,0.30541349854275135,0.30541349854275135,0.0,0.6945865014572487,0.30541349854275135,1.0,0.30541349854275135,4,0,2022,5,18,1,0,0,0,1,0,1,GRAVE_LESIONADOS,1
6,1,2,0,4,2,-13.467180205933431,-73.51082702266024,0,4,1,0,6,2,2,1,6543.555,2.0,4,4,1.0,14,33,1198.0,0.28097069371373246,74.88634192844542,57.85541444102669,4.56348856988928,249.24314892331466,2583.361508955358,8383.007211840322,1308.1406030283417,1410.1023889960325,5664.764219815948,1503.141082231431,6879.866129608891,17.918870197320313,4,1,0,0,3,35.472983080390726,35.472983080390726,35.472983080390726,1.0,0.842338973203092,0.0,0.0,1,0,0.0,0.0,0.0,0.842338973203092,0.0,0.842338973203092,0.15766102679690797,0.842338973203092,0.842338973203092,0.842338973203092,21,2,2021,11,23,4,0,1,2,1,0,1,GRAVE_LESIONADOS,1
5,1,8,0,4,1,-12.91445184137659,-74.79610252681294,0,4,0,0,2,1,1,0,943.58,1.0,1,0,0.0,9,32,135.0,0.22118261982536608,64.48359164030887,50.739268300771656,4.754069797846784,177.7634755598622,26604.163861444315,8511.426,1445.3929999999996,2008.516,5057.516999999999,1879.579,6631.846999999998,22.08300935706896,5,1,0,0,4,48.17177014364527,48.17177014364527,48.17177014364527,1.0,0.0,0.0,0.1740104480161242,1,0,0.0,0.1740104480161242,0.0,0.8259895519838758,0.1740104480161242,0.8259895519838758,0.1740104480161242,0.0,0.0,0.0,14,2,2023,6,5,0,0,0,2,1,0,1,GRAVE_LESIONADOS,1
3,1,19,0,4,1,-5.427499224470821,-80.41842911876604,0,4,5,0,3,1,1,2,7355.388860383817,2.0,3,3,1.0,12,32,1827.6815003255474,0.36623865757479934,74.85013851441512,48.51451906082576,4.972978600344786,499.55569584275236,38784.524298663586,8965.846000060003,1782.4120000599992,636.9959999999999,6546.438000000004,2214.505000059999,6751.341000000004,24.699342371541725,4,1,0,0,2,40.01202726193702,23.6557021316176,56.368352392256455,1.0,0.76075930838695,0.0,1.0,1,0,0.0,0.0,0.76075930838695,0.23924069161304995,0.76075930838695,0.0,0.23924069161304995,0.76075930838695,1.0,0.76075930838695,21,2,2022,2,21,4,0,1,0,1,0,1,GRAVE_LESIONADOS,1
3,1,7,0,4,1,-14.432400969588189,-71.0867117886952,0,4,6,0,1,1,1,2,7570.378380355808,2.0,2,0,1.0,9,5,1198.0,0.22051949742656146,63.32123620064575,53.08941231031185,5.048926269315091,154.2456624368619,5408.1853554369245,17779.13499998999,2097.3709999899997,2863.123,12818.640999999989,2878.713,14900.421999989989,16.19152450331032,5,1,0,0,3,32.04751421283462,19.253409135117987,44.84161929055126,1.0,0.0,0.0,0.9841619290551258,1,0,0.0,0.9841619290551258,0.0,1.0,0.0,0.9841619290551258,1.0,0.0,0.0,0.0,18,2,2023,1,2,0,0,0,2,1,0,1,GRAVE_LESIONADOS,1
4,1,11,0,4,1,-11.677322350614798,-75.40679468757337,2,4,6,1,3,0,1,1,7125.545079065814,2.0,2,1,1.0,11,17,1198.0,0.48722513322822364,73.08712091737974,64.15496200283837,7.630393445369837,749.6922322107466,13194.99290791877,12264.545,1826.4639999999995,1105.5389999999998,9332.542,1588.5359999999996,10676.009,12.952261987705208,7,1,0,0,5,48.299196194486626,48.02029113161891,48.57810125735435,1.0,0.0,0.0,0.5578101257354344,1,0,0.0,0.4421898742645656,0.5578101257354344,0.0,0.0,0.0,1.0,0.0,0.0,0.0,16,1,2022,8,3,4,0,0,2,1,0,1,GRAVE_LESIONADOS,1
3,2,3,0,4,1,-16.029121025904946,-71.29885925219276,1,4,2,1,2,1,1,1,1504.4250000000002,2.0,2,0,1.0,7,25,241.0,0.4685280505645348,81.83746865987648,70.74305753660312,6.037751599761188,617.4715908037651,1751.8736616702354,10322.272,1495.236,1749.739,7077.2970000000005,2886.595,7435.677000000001,27.964725207783708,4,2,0,0,2,37.65622966415425,33.13838414178039,42.174075186528114,1.0,0.3794613805934648,0.0,0.3794613805934648,2,0,0.0,0.0,0.0,1.0,0.0,1.0,0.6205386194065352,0.0,0.3794613805934648,0.0,12,2,2022,7,11,4,0,0,0,1,0,1,GRAVE_LESIONADOS,1
6,1,4,0,4,2,-13.411408801337574,-74.26188859405276,3,4,2,0,4,2,2,1,6543.555,2.0,4,4,1.0,14,33,1198.0,0.3359739236774537,70.29020756645518,56.116731404491766,5.675547748258669,408.93759694825104,2820.4687785171664,8434.199919763942,1362.8547299149013,1648.6532556149698,5422.691934234071,1653.20383124087,6780.996088523071,19.5788575154786,6,1,0,0,5,26.611349998445302,26.611349998445302,26.611349998445302,1.0,0.5065499999085472,0.0,0.0,1,0,0.0,0.0,0.0,1.0,0.0,0.5065499999085472,0.4934500000914528,0.5065499999085472,0.5065499999085472,0.5065499999085472,18,2,2021,9,18,2,0,0,2,1,0,1,GRAVE_LESIONADOS,1
4,1,3,0,4,1,-17.01916864018518,-71.66815363296533,1,4,0,0,2,1,0,0,6639.975,2.0,2,0,1.0,9,31,1616.0,0.6449493635682252,78.44719582624413,79.23084709401536,8.759364777311836,1226.330683483547,8054.678800856533,10322.272,1495.236,1749.739,7077.2970000000005,2886.595,7435.677000000001,27.964725207783708,29,2,0,0,27,53.1256604744292,42.437169762785395,63.81415118607301,1.0,0.0,0.0,1.0,2,0,0.0,0.5628302372146029,0.5628302372146029,0.4371697627853971,0.0,0.4371697627853971,1.0,0.0,0.0,0.0,3,0,2025,6,26,5,1,1,0,1,0,1,GRAVE_LESIONADOS,1
3,1,16,1,4,0,-5.799091173332113,-79.79702815483718,0,4,7,1,3,0,0,1,6543.555,2.0,4,4,1.0,14,33,1198.0,0.5049245991510227,78.50898458065357,57.625947878481284,6.654043831769125,844.1011844786261,9429.106316938589,8955.185857811153,1642.3924200684073,1044.0565613199765,6268.7368764227695,1902.6427239880918,7052.543133823062,21.23723706632794,4,1,0,0,2,25.44704463903006,24.073780027944615,26.820309250115503,1.0,0.0,0.6866323055427218,0.6866323055427218,1,0,0.0,0.3133676944572782,0.0,0.6866323055427218,0.6866323055427218,0.0,0.3133676944572782,0.6866323055427218,0.6866323055427218,0.0,17,1,2021,4,2,5,1,0,0,0,0,1,GRAVE_LESIONADOS,1
3,2,14,0,4,1,-6.219322252263226,-79.98847821159191,0,4,4,1,3,2,2,0,6543.555,2.7048911398157145,2,1,1.0,4,30,1393.254845728953,0.5277952047069336,74.54760565900442,65.19049954118329,8.673221644503185,822.192930811528,78524.28715141039,5084.606126065711,889.0682139722602,674.1663195847623,3521.371592508688,1149.3087540851889,3935.2973719805213,21.619427973517006,5,2,0,0,3,32.532881010645,26.114673419447143,38.951088601842855,1.0,1.0,0.0,0.2951088601842853,2,0,0.0,0.0,0.7048911398157147,0.7048911398157147,1.0,0.7048911398157147,0.0,0.2951088601842853,1.0,0.7048911398157147,8,0,2021,5,7,2,0,0,0,1,0,1,GRAVE_LESIONADOS,1
6,1,7,0,4,0,-13.061011086848145,-72.11961041485691,3,4,0,0,1,1,0,6,6543.555,2.0,4,4,1.0,14,33,1198.0,0.28714228671482395,70.34209033958436,53.74118278031057,5.260498715348803,253.3800458388398,5250.177218949374,17779.13499998999,2097.3709999899997,2863.123,12818.640999999989,2878.713,14900.421999989989,16.19152450331032,5,1,0,0,4,46.73442958935849,46.73442958935849,46.73442958935849,1.0,0.7334018493349057,0.0,0.0,1,0,0.0,0.0,0.0,1.0,0.0,0.7334018493349057,0.2665981506650943,0.7334018493349057,0.7334018493349057,0.0,8,1,2021,2,12,3,0,0,2,1,0,1,GRAVE_LESIONADOS,1
6,1,8,0,4,1,-12.830295073451197,-75.72575821289536,0,4,7,0,2,0,0,0,1475.00513762075,1.1287230118788427,1,2,0.0,9,16,325.0934490841447,0.3359077181956388,70.10495049650807,50.47421157989557,5.757419243344028,376.53155018549495,1215.192339412342,8397.491588786881,1476.030364057283,1955.8125510774098,4965.648673652187,1871.2501062393912,6526.241482547489,22.30370909662208,4,1,0,0,3,36.673399154424956,36.673399154424956,36.673399154424956,1.0,0.8712769881211572,0.0,0.0,1,0,0.0,0.0,0.0,1.0,0.0,1.0,0.0,0.0,0.0,0.0,10,1,2021,8,3,0,0,0,1,1,0,1,GRAVE_LESIONADOS,1
3,2,9,1,2,3,-10.43555257472064,-77.78975454247899,0,3,5,1,2,2,2,0,6543.555,2.192581632458528,3,3,1.0,11,32,1251.3451121910123,0.5588329488638629,76.97649814137398,68.57355959691111,8.51729760436734,923.9868433263727,27169.488787249484,235.98580180352735,62.74865356338796,60.93201378215409,112.30513445798528,93.57983650683528,142.40596529669205,83.29175181395826,5,2,1,0,2,29.73323469212675,29.73323469212675,29.73323469212675,1.0,0.19258163245852788,0.0,0.0,2,0,0.0,0.0,1.0,1.0,0.19258163245852788,1.0,0.8074183675414721,0.0,1.0,0.19258163245852788,3,0,2021,3,18,5,1,1,1,1,0,0,GRAVE_LESIONADOS,1
5,1,8,0,4,1,-12.908473870336449,-74.80162014131136,0,4,0,0,2,1,1,0,943.58,1.0,1,0,0.0,9,32,135.0,0.2078929695537408,63.73166314938559,50.789411175746636,4.672274307892057,153.08145038048505,26777.210826724026,8511.426,1445.3929999999996,2008.516,5057.516999999999,1879.579,6631.846999999998,22.08300935706896,5,1,0,0,4,49.85238726822672,49.85238726822672,49.85238726822672,1.0,0.0,0.0,0.09761876053514895,1,0,0.0,0.09761876053514895,0.0,0.902381239464851,0.09761876053514895,0.902381239464851,0.09761876053514895,0.0,0.0,0.0,15,2,2023,6,5,0,0,0,2,1,0,1,GRAVE_LESIONADOS,1
5,1,8,0,4,1,-13.474854371808997,-75.29198865078381,1,4,0,0,2,2,2,0,1599.0521836046605,1.897795806392026,1,3,0.8977958063920259,9,24,291.493035470166,0.5208562105496495,73.74359154272466,53.727107434437016,8.489537517197597,897.9649749004773,1976.1088436668308,8511.426,1445.3929999999996,2008.516,5057.516999999999,1879.579,6631.846999999998,22.08300935706896,5,1,0,0,4,19.53306290411961,19.430858710511636,19.635267097727585,1.0,0.8977958063920259,0.0,0.0,1,0,0.0,0.0,0.0,1.0,0.0,1.0,0.10220419360797406,0.0,0.0,0.0,15,2,2022,3,4,3,0,0,2,1,0,1,GRAVE_LESIONADOS,1
4,1,6,0,5,2,-13.019262135048134,-74.74379250794051,5,4,3,0,5,1,1,4,6908.617732205586,2.0,3,2,1.0,12,23,1198.0,0.3347539468162744,76.99287612684567,45.6575398239661,5.14318456012112,408.28573455808436,2007.5366982706114,12533.810497702814,1812.5582639674183,1540.1306320290319,9181.121601706363,2171.575102277931,10362.235395424881,17.275747067586334,5,1,0,0,4,32.67390236829769,32.14905917282659,33.19874556376878,1.0,0.0,0.0,1.0,1,0,0.0,0.6501045363526013,0.0,0.34989546364739865,0.0,0.34989546364739865,0.6501045363526013,0.0,0.0,0.0,14,1,2021,4,27,1,0,1,2,1,0,1,GRAVE_LESIONADOS,1
6,1,7,0,4,2,-13.434548641829808,-72.56093460700362,0,4,0,0,4,2,2,2,6543.555,2.0,4,4,1.0,14,33,1198.0,0.2767678606547594,71.27963553976763,52.97599428745601,4.484799572168477,255.28577492120763,3164.175187691723,17779.13499998999,2097.3709999899997,2863.123,12818.640999999989,2878.713,14900.421999989989,16.19152450331032,5,1,0,0,4,42.68029998524473,42.68029998524473,42.68029998524473,1.0,0.0,0.0,1.0,1,0,0.0,0.5513173906628142,0.0,0.44868260933718584,0.0,0.44868260933718584,0.5513173906628142,0.0,0.0,0.0,17,2,2021,6,15,1,0,0,2,1,0,1,GRAVE_LESIONADOS,1
4,1,7,0,4,1,-13.993810859584286,-71.64194616668078,0,4,6,0,2,1,1,1,2730.226868099281,1.6404568554799965,1,1,0.6404568554799965,6,23,538.6747210164797,0.4643954202399319,65.55118780736986,72.01447557921563,7.187986540896642,734.1418058386728,8374.212738865872,17779.13499998999,2097.3709999899997,2863.123,12818.640999999989,2878.713,14900.421999989989,16.19152450331032,6,1,0,0,4,39.95497458972004,39.95497458972004,39.95497458972004,1.0,0.0,0.0,0.6404568554799965,1,0,0.0,0.0,0.0,1.0,0.0,1.0,0.6404568554799965,0.0,0.6404568554799965,0.0,14,1,2024,3,25,6,1,1,2,1,0,1,GRAVE_LESIONADOS,1
3,2,7,1,4,0,-13.377357045839066,-72.19566951020896,0,4,7,0,2,2,2,2,7455.64738397802,2.0,2,0,1.0,9,8,1198.0,0.43059677902836924,73.27086903993765,71.66066032128822,7.407041660676942,501.14823811096335,18210.417009692424,17779.13499998999,2097.3709999899997,2863.123,12818.640999999989,2878.713,14900.421999989989,16.19152450331032,9,2,0,0,7,42.64035070163531,26.87419766365395,58.11296495480923,1.0,1.0,0.0,0.8741976636539487,2,0,0.0,0.0,0.8741976636539487,1.0,0.1258023363460513,0.8741976636539487,0.8741976636539487,0.0,0.8741976636539487,0.0,3,0,2023,3,5,1,0,0,2,1,0,1,GRAVE_LESIONADOS,1
3,1,14,0,2,4,-12.175696182037054,-76.92320662212559,0,2,4,0,1,2,2,1,6543.555,2.0,4,4,1.0,14,33,1198.0,0.6936049803627181,79.98932144097691,74.09661134848766,9.8575678664888,1419.1494659153636,455329.9994068238,7626.313,1683.4029999999998,1599.0829999999996,4343.827000000001,1814.875,5811.438000000001,23.797541485643197,5,1,0,0,3,49.06940762229996,49.06940762229996,49.06940762229996,1.0,1.0,0.0,0.589331644947728,1,0,0.0,0.589331644947728,0.0,0.41066835505227195,0.41066835505227195,0.0,1.0,1.0,1.0,0.41066835505227195,16,2,2022,2,19,4,0,1,0,1,0,1,GRAVE_LESIONADOS,1
4,1,13,0,4,1,-9.776126505132853,-77.4747687537573,0,4,7,1,2,2,2,1,1212.6596225905541,-0.050281703539259315,0,1,0.5251408517696297,9,23,220.83225267702664,0.38910039307499567,79.0212609542812,49.621009369282895,4.783667825696659,731.6500667674622,19821.904791970777,8246.248740901974,1518.24081507655,1759.0630470388119,4968.944878786613,1532.0650365250312,6714.183704376944,18.979497199518953,4,1,0,0,3,50.51397894358111,46.57542255530889,54.45253533185333,1.0,0.0,0.0,0.5251408517696297,1,0,0.0,0.0,0.0,1.0,0.0,1.0,0.0,0.0,0.47485914823037034,0.0,9,1,2021,12,4,6,1,0,0,1,0,1,GRAVE_LESIONADOS,1
5,1,3,0,4,1,-15.575279288236677,-71.07411539151565,3,4,5,1,2,0,1,0,758.5194241500944,1.202993559191197,2,2,0.20299355919119721,8,7,123.04304676029719,0.46572081741552995,81.35158981981661,53.2065965338018,5.8163607906648025,720.5811808399075,1370.6613821672593,10322.272,1495.236,1749.739,7077.2970000000005,2886.595,7435.677000000001,27.964725207783708,4,1,0,0,3,26.029935591911972,23.39101932242641,28.668851861397535,1.0,0.0,0.0,0.0,1,0,0.0,0.0,0.0,1.0,0.0,1.0,0.20299355919119721,0.0,0.0,0.0,13,2,2023,3,20,3,0,1,0,1,0,1,GRAVE_LESIONADOS,1
3,2,10,0,4,1,-14.880635851342289,-74.99462887768077,0,4,3,1,2,1,1,0,6639.975,2.0,2,0,1.0,9,31,1616.0,0.5563774842369664,77.00938809632027,69.10246351364754,8.476961866273152,914.8835608305218,27932.19700214133,3721.461,698.1859999999996,744.866,2278.409,1102.9029999999996,2618.558,29.636290693359403,6,2,0,0,3,45.54813095534772,28.644392866043166,62.45186904465228,1.0,0.45186904465227784,0.0,0.45186904465227784,2,0,0.0,0.5481309553477222,0.0,1.0,0.0,1.0,0.5481309553477222,0.45186904465227784,0.45186904465227784,0.0,4,0,2022,6,23,4,0,1,0,1,0,1,GRAVE_LESIONADOS,1
6,1,8,0,4,1,-13.242579979429156,-75.50678498604842,0,4,0,0,2,2,2,0,1522.7656548973212,1.203052495984354,1,3,0.20305249598435415,9,17,279.13736231929596,0.3738324178684873,69.89581591429447,48.474511867821455,6.673246716976516,475.5613662805816,1353.8871266673139,8511.426,1445.3929999999996,2008.516,5057.516999999999,1879.579,6631.846999999998,22.08300935706896,4,1,0,0,3,21.187790016062582,21.187790016062582,21.187790016062582,1.0,0.20305249598435415,0.0,0.0,1,0,0.0,0.0,0.0,1.0,0.0,1.0,0.0,0.0,0.0,0.0,8,1,2023,3,6,5,0,0,2,1,0,1,GRAVE_LESIONADOS,1
4,1,6,0,4,1,-12.851212601607756,-74.59843845128911,0,4,2,0,2,2,2,1,1138.34170734938,2.0,2,0,1.0,7,26,183.25008053821267,0.5974145593376202,79.04621094377372,72.22357098194631,8.799606174175661,1015.4296001244265,33910.474561422794,9752.782432509752,1429.8491656567624,1826.0196808527742,6496.913586000215,2203.7181757463436,7549.064256763408,22.102312366671995,5,1,0,0,3,39.5798003714815,36.627669855942045,42.53193088702096,1.0,0.0,0.0,0.5904261031078913,1,0,0.0,0.5904261031078913,0.0,0.40957389689210866,0.0,0.0,1.0,0.0,0.40957389689210866,0.0,14,1,2021,5,17,4,0,0,0,1,0,1,GRAVE_LESIONADOS,1
6,1,13,1,4,1,-12.198255730966453,-76.69002677307702,0,2,6,0,1,2,2,0,6630.6302313242,2.0,2,0,1.0,9,31,1575.4885572859962,0.5709032186573751,76.92670029383642,64.66840324104984,8.782851511685044,996.0678068095393,19100.635576521217,7682.790990844329,1649.4892043260816,1520.8604438202658,4512.441342697982,1741.7008673871858,5941.090123457144,22.742432404122006,5,2,0,0,3,46.41849603759803,32.87225594360295,70.80172820678916,1.0,0.0,0.0,0.0,2,0,0.0,0.9030826729330051,0.0,0.09691732706699485,0.0,0.09691732706699485,0.9030826729330051,0.0,0.09691732706699485,0.9030826729330051,7,1,2021,10,3,1,0,0,0,1,0,1,GRAVE_LESIONADOS,1
6,1,7,0,4,2,-13.485646017090321,-71.9512007858691,3,4,3,0,4,1,1,1,6543.555,2.0,4,4,1.0,14,33,1198.0,0.36717605709963225,68.3918827098616,60.71243506907115,6.092571116394242,445.2837626864523,3773.7874809438176,17779.13499998999,2097.3709999899997,2863.123,12818.640999999989,2878.713,14900.421999989989,16.19152450331032,23,1,0,0,22,47.75144107204249,47.75144107204249,47.75144107204249,1.0,0.45197850277086493,0.0,0.0,1,0,0.0,0.45197850277086493,0.0,0.0,0.0,0.0,1.0,0.45197850277086493,0.45197850277086493,0.0,10,2,2023,7,15,6,1,1,2,1,0,1,GRAVE_LESIONADOS,1
3,1,7,0,4,0,-13.632618555407392,-71.45785963002209,0,4,0,0,1,2,2,2,6543.555,2.0,4,4,1.0,14,33,1198.0,0.28294337484405263,64.55079846703089,48.49887920526493,4.579440160045577,311.2581937143733,11867.873689342796,17779.13499998999,2097.3709999899997,2863.123,12818.640999999989,2878.713,14900.421999989989,16.19152450331032,5,1,0,0,4,43.106897824154046,34.674038232679,51.53975741562909,1.0,0.7027382992895869,0.0,0.29726170071041313,1,0,0.0,0.0,0.0,1.0,0.7027382992895869,0.0,0.29726170071041313,1.0,0.0,0.7027382992895869,6,0,2022,4,7,4,0,0,2,1,0,1,GRAVE_LESIONADOS,1