CLASE SINIESTRO,CANTIDAD DE VEHICULOS DAÑADOS,DEPARTAMENTO,ZONA,TIPO DE VÍA,RED VIAL,COORDENADAS LATITUD,COORDENADAS  LONGITUD,CONDICIÓN CLIMÁTICA,ZONIFICACIÓN,CARACTERÍSTICAS DE VÍA,PERFIL LONGITUDINAL VÍA,SUPERFICIE DE CALZADA,¿EXISTE SEÑAL VERTICAL?,¿EXISTE SEÑAL HORIZONTAL?,CAUSA FACTOR PRINCIPAL,MTC_RVN_LONGITUD_KM,MTC_RVN_N_CARRILES_MEDIANA,MTC_RVN_SUPERFICIE_DOMINANTE,MTC_RVN_ESTADO_DOMINANTE,MTC_RVN_ES_CONCESIONADA,MTC_RVN_CONCESION_PRINCIPAL,MTC_RVN_CORREDOR_LOGISTICO,MTC_RVN_N_TRAMOS,IDH_2019,IDH_ESP_VIDA_2019,IDH_EDUC_SECUND_PCT_2019,IDH_ANIOS_EDUC_2019,IDH_INGRESO_PERCAP_2019,IDH_POBLACION_2019,MTC_DEP_RED_TOTAL_KM,MTC_DEP_NACIONAL_TOTAL_KM,MTC_DEP_DEPARTAMENTAL_TOTAL_KM,MTC_DEP_VECINAL_TOTAL_KM,MTC_DEP_PAV_TOTAL_KM,MTC_DEP_NO_PAV_TOTAL_KM,MTC_DEP_PCT_PAVIMENTADA,PER_TOTAL_PERSONAS,PER_N_CONDUCTORES,PER_N_CONDUCTORES_FUGADOS,PER_N_PEATONES,PER_N_PASAJEROS_OCUPANTES,PER_EDAD_COND_PROM,PER_EDAD_COND_MIN,PER_EDAD_COND_MAX,PER_ANY_COND_MASCULINO,PER_ANY_LIC_PROBLEMA,PER_ANY_DOSAJE_POS,PER_ANY_DOSAJE_EVALUADO,VEH_TOTAL,VEH_N_FUGADOS,VEH_ANY_FUGADO,VEH_ANY_CARGA,VEH_ANY_PUBLICO,VEH_ANY_PARTICULAR,VEH_ANY_MOTO,VEH_ANY_AUTO,VEH_ANY_CAMION_BUS,VEH_ANY_SOAT_PROBLEMA,VEH_ANY_CITV_PROBLEMA,VEH_ANY_SEGURO_PROBLEMA,HORA_NUM,FRANJA_HORARIA,ANIO,MES,DIA_MES,DIA_SEMANA,ES_FIN_SEMANA,ES_QUINCENA,REGION_NATURAL,TIENE_SEÑALIZACION,ES_VIA_MULTICARRIL,ES_DEPTO_BAJO_PAVIMENTO,CATEGORIA_SEVERIDAD,CATEGORIA_SEVERIDAD_ENC
6,1,5,0,4,2,-6.7498290244903885,-78.42560060340858,1,4,0,0,3,2,2,0,6543.555,2.0,4,4,1.0,14,33,1198.0,0.22335770915718461,71.00877422599216,40.2460509676886,3.7354357073052613,206.3813058136752,9757.534699944557,15935.565011852366,1733.9250000199986,935.692,13265.948011832368,2000.1670000199988,13935.398011832369,12.551591352627522,6,1,0,0,5,30.938635290165724,30.938635290165724,30.938635290165724,1.0,0.7927034057807514,0.0,0.7927034057807514,1,0,0.0,0.7927034057807514,0.0,0.20729659421924862,0.7927034057807514,0.20729659421924862,0.0,0.7927034057807514,0.7927034057807514,0.7927034057807514,11,1,2024,3,6,5,1,0,2,1,0,1,GRAVE_LESIONADOS,1
4,1,14,2,2,4,-12.038911523409977,-77.0130095143607,0,0,7,1,2,2,2,0,6543.555,2.0,4,4,1.0,14,33,1198.0,0.7134200473433766,80.1108923255805,76.6330181289653,10.612874305048692,1448.7458415116982,503727.30269851506,7626.313,1683.4029999999998,1599.0829999999996,4343.827000000001,1814.875,5811.438000000001,23.797541485643197,6,1,0,0,4,44.17323864692093,44.17323864692093,44.17323864692093,1.0,0.37088242136573324,0.0,0.0,1,0,0.0,0.0,0.0,1.0,0.37088242136573324,0.0,1.0,0.37088242136573324,0.37088242136573324,0.37088242136573324,19,2,2023,8,24,2,0,1,0,1,0,1,GRAVE_LESIONADOS,1
3,1,14,2,2,4,-12.215922245447176,-76.94073712331945,0,0,7,0,2,2,2,0,6543.555,2.0,4,4,1.0,14,33,1198.0,0.6976381528300919,80.10539906926401,74.31042125004991,9.966363432699215,1429.0450117789098,458168.6865346552,7626.313,1683.4029999999998,1599.0829999999996,4343.827000000001,1814.875,5811.438000000001,23.797541485643197,5,1,0,0,3,70.72557139285806,70.72557139285806,70.72557139285806,1.0,0.8473418354592163,0.0,0.0,1,0,0.0,0.0,0.15265816454078374,0.8473418354592163,1.0,0.0,0.8473418354592163,1.0,1.0,0.8473418354592163,16,1,2024,5,20,5,0,1,0,1,0,1,GRAVE_LESIONADOS,1
3,2,10,0,4,1,-14.253861677335436,-75.55376567193002,0,2,4,1,2,1,1,2,6639.975,2.0,2,0,1.0,9,31,1616.0,0.5911326362060286,78.34387112657154,68.06353888496777,8.943093412669683,1021.4514893620839,27932.19700214133,3721.461,698.1859999999996,744.866,2278.409,1102.9029999999996,2618.558,29.636290693359403,6,2,0,0,4,41.80422030034428,27.0,56.60844060068855,1.0,1.0,0.0,1.0,2,0,0.0,0.0,0.0,1.0,0.7101732665901607,0.28982673340983933,0.7101732665901607,0.28982673340983933,0.28982673340983933,0.0,6,1,2021,4,20,1,0,1,0,1,0,1,GRAVE_LESIONADOS,1
4,1,20,0,4,1,-14.623061210122962,-70.46339446754753,4,4,5,1,5,2,2,1,6543.555,2.0,4,4,1.0,14,33,1198.0,0.3367110969455462,71.41084871237118,62.13839537694371,6.377113508902157,312.01935545732573,8928.970534378488,13642.312999999998,2020.7790000000005,2354.117,9267.416999999998,3314.0520000000006,10328.260999999997,24.29244952817019,4,1,0,0,3,41.51721415485877,38.13050492445119,44.90392338526635,1.0,0.0,0.0,0.0,1,0,0.0,0.0,0.0,1.0,0.0,0.6773418460815164,1.0,0.6773418460815164,1.0,0.0,18,2,2021,3,18,0,0,1,2,1,0,1,GRAVE_LESIONADOS,1
3,1,11,0,4,1,-10.957110417550098,-74.82664053629136,5,4,6,1,5,2,2,0,5768.608,2.0,3,1,0.0,9,32,365.0,0.4504704361939795,78.21109613042135,53.36127577481231,6.956854509393587,612.1696439943328,61517.46466809421,12264.545,1826.4639999999995,1105.5389999999998,9332.542,1588.5359999999996,10676.009,12.952261987705208,6,2,0,0,4,28.415257009990764,27.39083012705013,29.4396838929314,1.0,0.0,0.0,0.0,2,0,0.0,0.02442688294063322,1.0,0.9755731170593668,0.0,0.9755731170593668,1.0,0.0,0.9755731170593668,0.0,1,0,2022,4,11,1,0,0,2,1,0,1,GRAVE_LESIONADOS,1
6,1,9,0,4,2,-12.276753420054295,-75.34443389486837,0,4,2,0,7,2,2,0,6543.555,2.0,4,4,1.0,14,33,1198.0,0.41334156132429145,78.69635227486758,60.08776699088314,6.875388664733824,505.79548171752316,1534.1842500122484,7927.983222641332,1518.3119491843568,1475.1527165226828,4934.518556934293,1657.5083354283497,6270.474887212983,21.056094470758786,4,1,0,0,3,55.00057930193174,55.00057930193174,55.00057930193174,1.0,0.41174766759024317,0.0,0.0,1,0,0.0,0.0,0.0,1.0,0.0,0.41174766759024317,0.5882523324097568,0.41174766759024317,0.41174766759024317,0.41174766759024317,12,1,2023,6,24,2,0,1,0,1,0,1,GRAVE_LESIONADOS,1
5,1,14,2,2,4,-12.045900313743493,-77.05461909997399,4,2,7,1,2,2,2,4,6543.555,2.0,4,4,1.0,14,33,1198.0,0.7646845961658533,80.23682119426338,77.96082737891015,12.014176158371615,1633.787715186093,250806.0877944326,7626.313,1683.4029999999998,1599.0829999999996,4343.827000000001,1814.875,5811.438000000001,23.797541485643197,9,3,0,1,4,41.055874794198026,27.660154198360345,65.34674135631694,1.0,0.0,0.0,0.0,3,0,0.0,0.0,0.3329502469623733,0.6670497530376267,1.0,0.6670497530376267,1.0,0.0,0.6670497530376267,0.6670497530376267,12,2,2021,5,12,3,0,0,0,1,0,1,GRAVE_LESIONADOS,1
5,1,5,2,4,2,-9.024818787905911,-76.42402041401068,0,4,7,1,1,2,2,0,6888.47326158509,2.0,3,2,1.0,12,23,1198.0,0.33411697258449374,75.50119426111344,53.941960161280775,4.89983138240162,376.9647490715432,19971.217097222245,16545.02700863472,1854.0758629053516,1572.8774355835358,13118.07371014583,2290.603708611606,14254.423300023112,13.75490933916648,7,1,0,0,5,39.81823364660496,34.363532706790075,45.272934586419844,1.0,0.3305879357463566,0.0,0.3305879357463566,1,0,0.0,0.6694120642536434,0.3305879357463566,0.3305879357463566,0.0,0.3305879357463566,1.0,0.0,0.3305879357463566,0.0,10,2,2022,5,10,1,0,0,2,1,0,1,GRAVE_LESIONADOS,1
5,1,19,0,4,1,-5.164635467034004,-80.52045791322773,0,3,7,0,2,2,2,0,2437.3804358142197,2.2161358123109207,2,0,1.0,0,22,446.57018575192797,0.6220812987247925,80.20155828147696,72.71675503872983,10.02377668600292,1028.915688621886,159840.92719486082,8965.846000060003,1782.4120000599992,636.9959999999999,6546.438000000004,2214.505000059999,6751.341000000004,24.699342371541725,4,1,0,0,3,33.40339530777302,33.40339530777302,33.40339530777302,1.0,0.0,0.0,1.0,1,0,0.21613581231092072,0.0,0.21613581231092072,0.7838641876890793,0.21613581231092072,0.0,0.7838641876890793,0.0,1.0,0.21613581231092072,5,0,2021,10,6,4,0,0,0,1,0,1,GRAVE_LESIONADOS,1
3,2,4,0,4,1,-10.099144919222823,-76.08303690595937,1,3,0,1,2,1,1,1,4551.4557850983,2.0,2,0,1.0,5,11,724.2296868041914,0.5627758481649449,71.78561247370335,72.32233189957954,9.572792547706259,937.4327537503121,103637.76540908495,14011.194418205037,1775.9649464558781,1431.0447496500856,10804.184722099075,2286.8627840106765,11724.331634194361,16.717898167475845,8,2,0,0,5,35.311058270479855,29.591689617540574,45.363487691897035,1.0,1.0,0.0,0.5908719229742585,2,0,0.0,1.0,0.0,1.0,0.5908719229742585,1.0,1.0,0.0,0.5908719229742585,0.0,12,1,2021,6,20,3,0,0,2,1,0,1,GRAVE_LESIONADOS,1
3,1,14,2,2,3,-11.883112095336523,-77.0608993623231,0,2,1,1,1,1,1,0,6551.9236811618775,2.0,3,3,1.0,13,32,1234.279907961676,0.6752833967549673,79.26727961593686,73.67401263676808,9.935796398715022,1330.8270322546334,381622.87259899237,7626.313,1683.4029999999998,1599.0829999999996,4343.827000000001,1814.875,5811.438000000001,23.797541485643197,6,1,0,0,4,29.63019105727874,27.34717615274331,31.91320596181417,1.0,0.0,0.0,0.0,1,0,0.0,0.0,0.9132059618141724,1.0,0.9132059618141724,1.0,0.0,0.9132059618141724,0.9132059618141724,0.9132059618141724,2,0,2023,7,26,5,1,1,0,1,0,1,GRAVE_LESIONADOS,1
3,1,14,0,4,1,-10.90299970270411,-76.99504076950801,0,4,1,0,2,1,1,2,1422.177,2.0,2,0,0.0,9,19,698.0,0.19991441433451973,78.18285012274686,58.76473130702858,5.6548844099173134,137.05713299912497,1810.57705030777,7626.313,1683.4029999999998,1599.0829999999996,4343.827000000001,1814.875,5811.438000000001,23.797541485643197,5,1,0,0,3,49.595604744417216,36.03296441687088,63.15824507196355,1.0,0.0,0.0,0.7978023722086077,1,0,0.0,0.0,0.7978023722086077,0.20219762779139228,0.0,0.20219762779139228,0.7978023722086077,0.0,0.0,0.0,12,3,2021,8,13,1,0,0,0,1,0,1,GRAVE_LESIONADOS,1
3,2,21,0,3,1,-4.280646714693181,-80.2652512930545,0,3,1,1,2,2,2,1,6543.555,2.9214577362165306,2,0,1.0,1,30,1453.243792931979,0.5681263039326718,76.85201741126498,66.57178288969467,8.669958869353895,958.4406227043883,24282.817899285623,933.8956042933711,131.1077567065397,265.4342399657444,537.3536076210869,259.13238145780537,674.7632228355657,32.87970481640911,5,2,1,0,3,36.293119625948776,36.293119625948776,36.293119625948776,1.0,0.9214577362165304,0.0,0.0,2,0,0.0,0.0,1.0,1.0,0.9214577362165304,1.0,0.07854226378346962,0.0,1.0,0.9214577362165304,3,0,2023,2,24,5,1,1,0,1,0,0,GRAVE_LESIONADOS,1
3,1,3,0,4,1,-16.04132842263212,-71.31896775523965,0,4,7,1,2,1,1,0,1504.4250000000002,2.0,2,0,1.0,7,25,241.0,0.4681259908461856,81.83308161535781,70.48739391090702,6.0320972532585,617.5400896550177,1743.4208915312404,10322.272,1495.236,1749.739,7077.2970000000005,2886.595,7435.677000000001,27.964725207783708,4,2,0,0,2,41.838794751995174,34.7850596693269,48.89252983466345,1.0,0.97850596693269,0.0,1.0,2,0,0.0,0.0,0.021494033067310014,1.0,0.0,0.97850596693269,0.021494033067310014,0.0,0.97850596693269,0.0,9,0,2024,11,14,5,0,0,0,1,0,1,GRAVE_LESIONADOS,1
3,1,23,0,4,1,-3.62968214397824,-80.57010964092302,0,4,7,1,2,2,2,2,6543.555,3.0,2,0,1.0,0,30,1475.0,0.5924684461668386,76.10533925868354,71.25969185941786,9.045578242103923,1033.1939630590434,9198.23307082699,1009.101,138.47399999999996,287.471,583.156,276.972,732.129,27.447401201663663,6,2,0,0,4,44.064020762036975,44.0,44.12804152407395,1.0,0.9893298729938372,0.0,1.0,2,0,0.0,0.0,1.0,1.0,0.9893298729938372,1.0,0.010670127006162766,0.9893298729938372,0.9893298729938372,0.9893298729938372,18,1,2024,5,4,5,1,0,0,1,1,1,GRAVE_LESIONADOS,1
3,2,17,1,5,2,-6.2815101113364875,-78.08171338568968,0,1,3,1,2,2,2,1,6543.555,2.377258723622522,3,2,1.0,8,31,1302.5006664434386,0.5387032703211327,73.30743733319918,62.91954921681778,8.43080076997386,922.6404340078666,83863.01758287741,4820.657808752777,701.8931012911124,861.3368135313415,3257.427893930322,896.4365554821132,3924.2212532706626,18.84902203942334,7,2,0,0,5,32.006391070486934,23.790657025205405,40.22212511576846,1.0,1.0,0.0,0.37725872362252244,2,0,0.0,0.0,0.37725872362252244,0.6227412763774776,0.6227412763774776,0.0,0.37725872362252244,0.6227412763774776,1.0,0.6227412763774776,14,1,2023,6,21,4,0,1,0,1,0,1,GRAVE_LESIONADOS,1
3,9,6,0,4,0,-10.369702982260158,-74.78729082994745,1,2,2,0,2,0,1,2,7045.0636308031935,2.0,3,2,1.0,11,27,1584.0048369045776,0.6123662290459203,76.33274388966568,74.43988201880988,9.639392985184644,1068.4298177834373,97836.72555450673,17018.036676360858,1947.3261722445009,2067.403546738153,13003.306957378205,2516.01459846476,14502.0220778961,14.688816693499755,5,1,0,1,2,29.284445420169842,29.284445420169842,29.284445420169842,1.0,0.0,0.41283939775890643,1.0,1,0,0.0,0.0,0.0,1.0,0.41283939775890643,0.0,0.5871606022410936,0.0,0.41283939775890643,0.0,19,2,2023,8,17,3,0,0,2,1,0,1,GRAVE_LESIONADOS,1
6,1,1,0,4,1,-8.665198888536183,-77.60048476963439,0,4,5,0,6,2,2,0,7019.121549150076,2.0,3,3,1.0,13,32,1566.8629814379597,0.2609239632244489,72.47985023192457,37.4701337321277,4.935359275764375,257.52124512706473,2150.827101443622,10767.648,1885.0630000000003,1222.721,7659.864000000001,2100.343,8667.305000000002,19.506051832303577,5,1,0,0,4,32.40145509664878,32.40145509664878,32.40145509664878,1.0,0.0,0.0,0.14014550966487826,1,0,0.0,0.0,1.0,0.0,0.0,1.0,0.0,0.0,1.0,0.0,6,0,2024,2,24,4,0,1,0,1,0,1,GRAVE_LESIONADOS,1
3,2,7,0,4,1,-13.592574997290138,-71.78768839237988,0,2,7,1,2,0,1,2,7586.903,2.0,2,0,1.0,9,5,1198.0,0.5065580412535501,64.79370905469777,77.15417383818448,8.35812941450031,844.3117831870799,8658.316916488222,17779.13499998999,2097.3709999899997,2863.123,12818.640999999989,2878.713,14900.421999989989,16.19152450331032,10,3,0,0,6,38.593242714840194,31.726408873881287,49.94918834374431,1.0,0.2518147020091317,0.0,0.2518147020091317,3,0,0.7481852979908683,0.0,0.2518147020091317,1.0,0.0,1.0,1.0,0.0,0.0,0.7481852979908683,14,2,2022,10,11,2,0,0,2,1,0,1,GRAVE_LESIONADOS,1
6,1,5,0,4,2,-7.203460562402889,-78.30281037387245,0,4,0,0,1,2,2,0,6543.555,2.0,4,4,1.0,14,33,1198.0,0.2720392546869386,74.02599913260399,35.714147411662495,3.6758352764213935,314.76438992900404,10286.288567007958,15935.565011852366,1733.9250000199986,935.692,13265.948011832368,2000.1670000199988,13935.398011832369,12.551591352627522,8,1,0,0,7,45.5257372278769,45.5257372278769,45.5257372278769,1.0,0.9810294891150761,0.0,0.018970510884923852,1,0,0.0,0.9810294891150761,0.018970510884923852,0.0,0.0,0.0,1.0,0.9810294891150761,0.9810294891150761,0.9810294891150761,16,2,2022,3,26,5,0,0,2,1,0,1,GRAVE_LESIONADOS,1
6,1,20,0,4,1,-16.088146905138466,-69.5989582336107,0,4,7,1,2,1,1,2,1619.3949677386922,2.0,1,0,0.6137079695437473,9,25,310.093228680032,0.31973822940361696,71.9727254223756,72.7539244031201,7.331044035982296,264.8282949655442,18106.41079975709,13642.312999999998,2020.7790000000005,2354.117,9267.416999999998,3314.0520000000006,10328.260999999997,24.29244952817019,6,1,0,0,5,36.18382314722493,36.18382314722493,36.18382314722493,1.0,0.0,0.0,0.3862920304562527,1,0,0.0,0.0,0.0,1.0,0.0,1.0,0.0,0.0,0.3862920304562527,0.0,9,1,2022,5,13,3,0,0,2,1,0,1,GRAVE_LESIONADOS,1
3,2,19,0,4,2,-7.686556017885886,-78.17003151354801,0,4,0,0,5,1,1,0,6563.462123677096,2.0,3,3,1.0,12,32,1284.3013658683487,0.5131167455594705,74.70745438833269,64.08228364600036,7.64057921260158,840.2204127752574,75555.44865666458,7661.978124370892,1544.620974153243,606.1019691825111,5511.255181035139,1977.9395361336126,5684.03858823728,27.924356699113847,5,2,0,0,3,34.79353740222883,24.206462597771168,45.38061220668649,1.0,1.0,0.0,1.0,2,0,0.0,0.0,0.0,0.20646259777116904,0.793537402228831,0.20646259777116904,0.20646259777116904,0.793537402228831,0.793537402228831,0.0,13,2,2021,3,13,4,0,0,0,1,0,1,GRAVE_LESIONADOS,1
3,1,11,0,4,1,-11.86142458390429,-75.44887579032817,0,4,7,0,2,1,1,1,254.98412046056688,2.0,2,0,1.0,3,30,45.35754589155496,0.4124584664029985,70.4350807913854,62.55709364322296,7.843038496365228,510.74040985551386,4714.527654367482,12264.545,1826.4639999999995,1105.5389999999998,9332.542,1588.5359999999996,10676.009,12.952261987705208,6,1,0,0,4,43.315203577417854,36.91440044717723,49.71600670765847,1.0,0.0,0.0,0.9144004471772317,1,0,0.0,0.08559955282276832,0.0,0.9144004471772317,0.0,0.0,1.0,0.0,0.08559955282276832,0.0,5,0,2022,3,11,1,0,0,2,1,0,1,GRAVE_LESIONADOS,1
6,0,20,0,4,1,-15.127492054045176,-70.39103845669692,0,4,7,1,2,2,2,2,7586.903,2.0,2,0,1.0,9,5,1198.0,0.4787035589833656,72.58865081021163,73.75572952667724,8.437919085722717,672.0885500201679,20502.201933432607,13642.312999999998,2020.7790000000005,2354.117,9267.416999999998,3314.0520000000006,10328.260999999997,24.29244952817019,5,1,0,0,4,25.118784040900707,25.118784040900707,25.118784040900707,1.0,0.0,0.0,0.0,1,0,0.0,0.0,0.18345788475886504,0.816542115241135,0.0,0.816542115241135,0.18345788475886504,0.0,0.816542115241135,0.0,16,1,2023,10,27,5,0,0,2,1,0,1,GRAVE_LESIONADOS,1
5,1,6,0,4,1,-12.831900080551623,-73.54430520323017,0,4,3,0,1,1,1,2,490.15329267073497,-0.2752110191026098,0,0,0.2415963269657968,8,28,65.50836658196403,0.48861322956341413,67.3478946511455,69.31981475150127,7.244883420672448,829.7393893862766,8658.511947469682,17333.73526235156,2009.5637813468363,2397.4627499199873,12926.708731084738,2666.459513334339,14667.275749017223,15.312130023704315,6,1,0,0,5,24.778357760106665,23.44957796179478,26.107137558418543,0.2415963269657968,0.0,0.0,0.0,1,0,0.0,0.2415963269657968,0.0,1.0,0.0,1.0,0.2415963269657968,0.0,0.0,0.0,14,2,2021,7,24,6,1,1,2,1,0,1,GRAVE_LESIONADOS,1
3,2,4,1,4,1,-12.66543467385663,-73.71151253080691,0,4,0,1,6,0,1,5,3410.731811787788,1.0219865220393236,2,2,0.02198652203932361,8,12,1093.6314210945127,0.41335948539990236,73.67846114235657,58.2602020756154,6.3786366865606885,531.316549459452,10527.774799505109,12699.918772906654,1809.8166027364932,1786.7880076641363,9103.314162506025,2503.5947251239813,10196.324047782673,19.705819043065897,6,2,0,0,4,38.769141518587105,29.956026955921352,47.58225608125285,1.0,1.0,0.0,1.0,2,0,0.0,0.9780134779606764,0.0,1.0,0.9780134779606764,0.0,1.0,0.9780134779606764,1.0,0.0,1,0,2021,3,14,0,0,0,2,1,0,1,GRAVE_LESIONADOS,1
6,1,9,0,4,1,-12.52119439524671,-75.0708975613154,0,4,0,1,2,2,2,2,5620.779365056938,2.0,3,3,1.0,12,31,1022.7522325003501,0.5224307842039864,72.75229015086386,72.50859017691276,8.485687928941147,791.0837315156876,13288.908677528983,12340.391940778627,1822.5470201182677,1227.9551508199354,9289.889769840422,1752.7669640090057,10587.62497676962,14.170105044497229,5,1,0,0,4,32.70380374608809,32.70380374608809,32.70380374608809,1.0,0.0,0.0,1.0,1,0,0.0,0.1831220141062172,0.0,0.8168779858937828,0.0,1.0,0.0,0.0,0.0,0.0,6,1,2021,3,20,4,0,1,2,1,0,1,GRAVE_LESIONADOS,1
3,2,10,0,4,1,-13.3369372655858,-76.23358639436715,0,4,7,1,2,2,2,0,6639.975,2.0,2,0,1.0,9,31,1616.0,0.5736744275518083,81.67473861808857,68.1608574885675,9.138785887908334,865.1176766860625,26660.92933618844,3721.461,698.1859999999996,744.866,2278.409,1102.9029999999996,2618.558,29.636290693359403,14,1,0,0,12,51.8744588317728,49.90235686915662,53.84656079438897,1.0,0.0,0.0,0.0,1,0,0.0,0.9860509813080885,0.0,0.013949018691911452,0.0,0.0,1.0,0.0,0.013949018691911452,0.0,22,1,2022,5,1,0,0,0,0,1,0,1,GRAVE_LESIONADOS,1
3,1,13,0,4,1,-5.800684451765039,-79.84330313697222,0,4,7,1,2,1,0,1,1305.18,2.0,2,0,1.0,1,20,163.0,0.4703091457296942,74.91176543888524,59.04522375211969,6.365443427676777,742.49897987499,44335.321199143465,3459.691,515.0619999999999,689.7280000000001,2254.901,703.3549999999999,2756.336,20.329994788551925,5,2,0,0,3,46.05644633277693,43.42797097653183,48.68492168902202,1.0,0.0,0.0,0.6571188390612733,2,0,0.34288116093872667,0.0,0.0,0.6571188390612733,1.0,0.0,0.6571188390612733,0.34288116093872667,0.6571188390612733,0.34288116093872667,8,1,2021,8,21,1,0,1,0,1,0,1,GRAVE_LESIONADOS,1
4,1,5,0,4,1,-9.414534399321466,-76.08924774293283,0,4,5,0,1,2,2,0,6924.475011486014,2.0,3,2,1.0,12,22,1198.0,0.3398925758396267,75.38334986252694,54.89337430543067,5.0409242786817225,385.0799837579007,19886.554410684355,16608.641206043234,1866.616924941615,1639.3853397663097,13102.63894133531,2320.9188032566694,14287.722402786567,13.880508815992012,7,1,0,0,6,40.64292264104313,34.61887295721833,46.66697232486792,1.0,0.36509392023180587,0.0,0.36509392023180587,1,0,0.0,0.0,0.36509392023180587,1.0,0.0,1.0,0.36509392023180587,0.0,0.36509392023180587,0.0,10,1,2022,5,8,4,0,0,2,1,0,1,GRAVE_LESIONADOS,1
6,1,7,0,4,2,-13.768493161133408,-71.54751914541893,5,4,4,0,4,2,2,2,6543.555,2.0,4,4,1.0,14,33,1198.0,0.26763226208435026,62.30146465755055,57.229768344230884,4.5436977052817715,269.02116672274354,3616.7045722272937,17779.13499998999,2097.3709999899997,2863.123,12818.640999999989,2878.713,14900.421999989989,16.19152450331032,21,1,0,0,20,33.668969116315196,33.668969116315196,33.668969116315196,1.0,0.0,0.0,0.3885051472808009,1,0,0.0,0.0,0.0,0.3885051472808009,0.0,0.3885051472808009,0.6114948527191991,0.0,0.0,0.0,16,2,2022,6,9,3,0,0,2,1,0,1,GRAVE_LESIONADOS,1
5,1,7,0,4,1,-14.082953473015019,-71.53528576664121,1,2,0,0,1,2,2,2,6860.700023580723,2.0,3,2,1.0,12,24,1198.0,0.36010571916412654,74.84267527619346,58.21849088699727,5.789274429772019,378.9419387365332,9570.41502033245,17779.13499998999,2097.3709999899997,2863.123,12818.640999999989,2878.713,14900.421999989989,16.19152450331032,8,1,0,0,7,54.993240576069994,54.233319093542775,55.75316205859721,1.0,0.0,0.0,0.6960314069891137,1,0,0.0,0.0,0.0,1.0,0.0,0.3039685930108863,0.6960314069891137,0.6960314069891137,0.3039685930108863,0.0,5,0,2021,4,8,3,0,0,2,1,0,1,GRAVE_LESIONADOS,1
1,2,11,0,4,1,-11.072081279408465,-77.44128216377003,2,4,4,1,2,1,1,2,582.1460252738357,0.027425657558912686,2,0,1.0,8,27,65.68633243957302,0.5480853877217139,78.19682136138672,62.17990685499396,8.805726894472095,866.8827133628761,6132.046273844717,3631.811261873601,635.4705679617269,725.9826013645056,2270.3580925473684,966.0677111245502,2665.7435507490504,26.449114963547856,6,2,0,0,3,45.82876239040685,41.972574342441085,49.68495043837261,1.0,0.0,0.0,0.3424752191863042,2,0,0.0,0.0,0.0,0.6575247808136958,0.0,1.0,0.0,0.0,0.0,0.0,15,1,2021,2,29,2,0,1,0,1,0,1,GRAVE_LESIONADOS,1
6,1,7,0,4,1,-14.761320797821215,-71.31230125068126,3,4,0,0,2,1,1,2,879.3929583476042,1.0,2,3,0.0,9,3,202.68984728060892,0.3622536275886048,69.25789032322058,63.42334097726086,5.217394844830729,444.63003684499694,1348.6897653148949,17779.13499998999,2097.3709999899997,2863.123,12818.640999999989,2878.713,14900.421999989989,16.19152450331032,4,1,0,0,3,28.0,28.0,28.0,1.0,0.0,0.0,0.0,1,0,0.0,0.0,0.0,1.0,0.0,1.0,0.0,0.0,0.10796244811083555,0.0,3,0,2023,5,13,5,0,0,2,1,0,1,GRAVE_LESIONADOS,1
3,1,12,0,4,1,-8.421822472086884,-78.68177149046063,0,4,7,1,1,2,2,0,6779.889685762007,2.9303541322517344,2,0,1.0,0,30,1639.0160185471657,0.49772566308448357,76.84353371074381,52.01750589137887,6.638052090070969,874.9093560508913,67748.358090327,8931.828000000005,1335.5899999999997,1935.9830000000004,5660.255000000005,1219.309,7712.519000000005,13.651281686122925,5,1,0,0,3,50.25623946288107,35.83575041297919,64.67672851278296,1.0,0.9303541322517344,0.0,0.0,1,0,0.0,0.9303541322517344,0.9303541322517344,0.06964586774826564,0.9303541322517344,0.0,1.0,0.0,0.9303541322517344,0.9303541322517344,1,0,2024,5,14,1,0,0,0,1,0,1,GRAVE_LESIONADOS,1