CLASE SINIESTRO,CANTIDAD DE VEHICULOS DAÑADOS,DEPARTAMENTO,ZONA,TIPO DE VÍA,RED VIAL,COORDENADAS LATITUD,COORDENADAS  LONGITUD,CONDICIÓN CLIMÁTICA,ZONIFICACIÓN,CARACTERÍSTICAS DE VÍA,PERFIL LONGITUDINAL VÍA,SUPERFICIE DE CALZADA,¿EXISTE SEÑAL VERTICAL?,¿EXISTE SEÑAL HORIZONTAL?,CAUSA FACTOR PRINCIPAL,MTC_RVN_LONGITUD_KM,MTC_RVN_N_CARRILES_MEDIANA,MTC_RVN_SUPERFICIE_DOMINANTE,MTC_RVN_ESTADO_DOMINANTE,MTC_RVN_ES_CONCESIONADA,MTC_RVN_CONCESION_PRINCIPAL,MTC_RVN_CORREDOR_LOGISTICO,MTC_RVN_N_TRAMOS,IDH_2019,IDH_ESP_VIDA_2019,IDH_EDUC_SECUND_PCT_2019,IDH_ANIOS_EDUC_2019,IDH_INGRESO_PERCAP_2019,IDH_POBLACION_2019,MTC_DEP_RED_TOTAL_KM,MTC_DEP_NACIONAL_TOTAL_KM,MTC_DEP_DEPARTAMENTAL_TOTAL_KM,MTC_DEP_VECINAL_TOTAL_KM,MTC_DEP_PAV_TOTAL_KM,MTC_DEP_NO_PAV_TOTAL_KM,MTC_DEP_PCT_PAVIMENTADA,PER_TOTAL_PERSONAS,PER_N_CONDUCTORES,PER_N_CONDUCTORES_FUGADOS,PER_N_PEATONES,PER_N_PASAJEROS_OCUPANTES,PER_EDAD_COND_PROM,PER_EDAD_COND_MIN,PER_EDAD_COND_MAX,PER_ANY_COND_MASCULINO,PER_ANY_LIC_PROBLEMA,PER_ANY_DOSAJE_POS,PER_ANY_DOSAJE_EVALUADO,VEH_TOTAL,VEH_N_FUGADOS,VEH_ANY_FUGADO,VEH_ANY_CARGA,VEH_ANY_PUBLICO,VEH_ANY_PARTICULAR,VEH_ANY_MOTO,VEH_ANY_AUTO,VEH_ANY_CAMION_BUS,VEH_ANY_SOAT_PROBLEMA,VEH_ANY_CITV_PROBLEMA,VEH_ANY_SEGURO_PROBLEMA,HORA_NUM,FRANJA_HORARIA,ANIO,MES,DIA_MES,DIA_SEMANA,ES_FIN_SEMANA,ES_QUINCENA,REGION_NATURAL,TIENE_SEÑALIZACION,ES_VIA_MULTICARRIL,ES_DEPTO_BAJO_PAVIMENTO,CATEGORIA_SEVERIDAD,CATEGORIA_SEVERIDAD_ENC
3,2,16,0,4,1,-6.939820907124495,-78.3228153427557,0,4,4,1,2,2,2,0,7042.906887480376,2.5889360225625477,2,0,1.0,3,25,1745.4800971538434,0.533655954750773,77.91617832290181,61.56300127271898,7.759318760268488,884.2388618835002,9667.384366968388,4358.048714170793,638.3869481269196,803.0049002624387,2916.656865781434,830.8057972684594,3527.2429169023326,19.352422605968247,5,2,0,0,3,48.990208631751344,43.490208631751344,54.490208631751344,1.0,0.41106397743745215,0.0,0.0,2,0,0.0,0.5889360225625478,1.0,0.41106397743745215,0.0,0.41106397743745215,0.5889360225625478,0.0,0.0,0.0,7,1,2022,1,19,4,0,1,0,1,0,1,GRAVE_LESIONADOS,1
6,1,5,0,4,2,-7.095918711982106,-78.79247275376875,2,4,3,1,3,2,2,1,6543.555,2.0,4,4,1.0,14,33,1198.0,0.3334181514351879,65.70103407075928,46.92785453731552,5.377079435778443,426.7373479842607,11921.895074946468,15935.565011852366,1733.9250000199986,935.692,13265.948011832368,2000.1670000199988,13935.398011832369,12.551591352627522,9,1,0,0,8,37.66951434025422,37.66951434025422,37.66951434025422,1.0,0.5206553537341115,0.0,0.5206553537341115,1,0,0.0,0.0,0.5206553537341115,0.47934464626588846,0.0,0.47934464626588846,0.5206553537341115,0.0,0.0,0.0,18,2,2023,7,21,5,1,0,2,1,0,1,GRAVE_LESIONADOS,1
8,0,8,1,4,1,-13.687957460533452,-73.48242200322115,0,4,1,0,2,1,0,2,6812.529061535485,2.0,3,2,1.0,12,25,1198.0,0.2753007623108088,70.5092122483292,49.18286740894355,4.663743003858421,311.05314831021553,17055.451586103474,12927.142951631062,1860.682531327527,1923.5788120259858,9142.881608277548,2699.0070943645283,10228.135857266532,20.81171858608901,5,1,0,0,4,30.16421110033246,30.16421110033246,30.16421110033246,0.2577989908788675,0.7422010091211325,0.0,0.0,1,0,0.0,0.0,0.0,1.0,0.0,1.0,0.0,0.0,0.2577989908788675,0.0,13,1,2022,6,18,3,0,0,2,1,0,1,GRAVE_LESIONADOS,1
6,1,5,0,4,1,-6.346431005728973,-78.80730328001908,0,4,3,0,1,2,2,1,7139.118006932149,2.0,3,2,1.0,11,26,1656.397298146319,0.4064353788365201,70.10608800081398,49.01796147111667,5.623921570751987,661.6984788633515,12485.620502174808,15935.565011852366,1733.9250000199986,935.692,13265.948011832368,2000.1670000199988,13935.398011832369,12.551591352627522,9,1,0,0,8,32.941586939976375,32.941586939976375,32.941586939976375,1.0,0.5097355100039371,0.0,0.5097355100039371,1,0,0.0,0.49026448999606287,0.5097355100039371,0.0,0.0,0.0,1.0,0.0,0.0,0.0,12,1,2023,7,30,4,0,1,2,1,0,1,GRAVE_LESIONADOS,1
6,1,8,0,4,1,-12.33458588852991,-75.52846104481921,0,4,4,0,2,1,1,2,1215.280507292674,2.0,2,1,1.0,5,18,223.16888061490977,0.5296425434593713,79.2805654230666,58.15891314744181,7.712895976332298,1035.7819316611708,4032.2386528689267,12439.516976881312,1817.4278845512397,1387.9418984066922,9234.14719392338,1967.4018598855037,10472.115116995807,15.761714880472724,4,1,0,0,3,33.887771049845604,33.887771049845604,33.887771049845604,1.0,0.0,0.0,0.4224457900308791,1,0,0.4224457900308791,0.5775542099691209,0.0,0.4224457900308791,0.0,0.0,1.0,0.0,0.5775542099691209,0.4224457900308791,9,1,2022,1,15,2,0,0,2,1,0,1,GRAVE_LESIONADOS,1
4,1,4,0,4,1,-13.3436539442611,-74.141603630234,1,4,0,0,3,1,1,3,7586.903,2.0,2,0,1.0,9,5,1198.0,0.3247312330485405,68.57537050324747,46.66146619568446,5.125443322268163,386.5923984732166,6998.3704496788005,12678.733000000004,1805.074000000001,1774.0339999999994,9099.625000000004,2485.375000000001,10193.358000000002,19.602707936195205,11,1,0,0,10,38.34877695497612,34.43634361351161,42.26121029644061,1.0,0.0,0.0,0.6019128217637691,1,0,0.0,0.6019128217637691,0.6019128217637691,0.39808717823623085,0.0,0.39808717823623085,0.6019128217637691,0.0,0.0,0.0,17,2,2023,2,7,5,1,0,2,1,0,1,GRAVE_LESIONADOS,1
3,1,19,1,2,3,-5.167049383885982,-80.65698018886052,0,4,7,1,2,1,1,2,6543.555,2.0264469025976677,3,3,1.0,13,32,1205.325792019554,0.6566579941574169,78.73224527845055,77.18704410691421,11.291321122653708,1120.2667915157886,179036.77465729282,8965.846000060003,1782.4120000599992,636.9959999999999,6546.438000000004,2214.505000059999,6751.341000000004,24.699342371541725,4,1,0,0,2,37.24875442532216,24.10578761039067,50.391721240253645,1.0,0.9735530974023325,0.0,0.026446902597667465,1,0,0.0,0.0,0.0,1.0,0.9735530974023325,0.026446902597667465,0.0,1.0,0.026446902597667465,0.0,21,1,2021,2,4,3,0,0,0,1,0,1,GRAVE_LESIONADOS,1
6,1,7,0,4,1,-14.351973919122019,-71.55850385708462,2,4,0,0,2,1,1,2,1534.6974285571168,1.0,2,3,0.0,9,6,433.92611692380365,0.389921265898631,71.18067157705661,62.969422193011404,5.708249206411085,497.90014682124524,1842.1147037340234,17779.13499998999,2097.3709999899997,2863.123,12818.640999999989,2878.713,14900.421999989989,16.19152450331032,5,1,0,0,4,30.3489004118766,30.3489004118766,30.3489004118766,1.0,0.33555720169665715,0.0,0.0,1,0,0.0,0.0,0.0,0.6644427983033429,0.0,1.0,0.0,0.0,0.0,0.0,6,1,2023,5,19,3,0,0,2,1,0,1,GRAVE_LESIONADOS,1
6,1,13,0,4,1,-11.565676261777957,-77.17424422893261,0,4,6,0,1,1,0,0,6543.555,2.976020157524494,2,0,1.0,0,30,1468.3575836342848,0.5989052991508974,79.03550535962891,63.68188873709237,7.090629157775796,1248.6097279738574,20940.035569358428,7640.287109323546,1675.0118536217583,1579.728725258964,4385.546530442824,1796.7698352535135,5843.517274070034,23.536480328314084,5,1,0,0,4,31.239798424755058,31.239798424755058,31.239798424755058,1.0,0.0,0.0,0.9760201575244942,1,0,0.0,0.0,0.0,1.0,0.0,1.0,0.0,0.0,0.023979842475505775,0.0,16,2,2024,2,28,3,0,1,0,1,0,1,GRAVE_LESIONADOS,1
6,1,7,0,4,1,-13.08241978414501,-72.38795060131797,1,4,0,0,2,1,1,2,3447.8009999999995,1.0,2,3,0.0,9,12,1109.0,0.4706944943299555,76.79406176595778,61.64424635983724,7.141255198110581,653.4175319142125,3282.6252676659524,17779.13499998999,2097.3709999899997,2863.123,12818.640999999989,2878.713,14900.421999989989,16.19152450331032,5,1,0,0,4,35.0,35.0,35.0,1.0,0.1264444237729112,0.0,0.8735555762270888,1,0,0.0,0.0,0.0,0.0,0.0,1.0,0.0,0.0,0.0,0.0,15,3,2023,1,28,4,0,1,2,1,0,1,GRAVE_LESIONADOS,1
5,1,5,0,4,1,-8.155445803604495,-76.54119396924455,0,4,0,0,1,2,2,3,1505.4936354632964,1.3293780670342177,1,2,0.3293780670342177,7,27,258.8551547016717,0.280358095022861,75.38580722774132,39.66210000991806,4.266844431994905,299.73560978245007,19424.439531944565,16542.796530987434,1853.636140961436,1570.5454971218292,13118.614892904166,2289.5407832940555,14253.255747693378,13.750505497933192,7,1,0,0,6,53.459901854905034,53.459901854905034,53.459901854905034,1.0,0.0,0.0,0.6706219329657823,1,0,0.0,0.0,0.0,1.0,0.0,0.3293780670342177,0.6706219329657823,0.0,0.0,0.0,16,1,2022,8,8,0,0,0,2,1,0,1,GRAVE_LESIONADOS,1
4,1,8,0,4,0,-11.466997163677716,-76.05899661904292,0,4,7,1,2,1,1,0,6543.555,2.5877954050663723,2,1,1.0,5,31,1360.819327203385,0.6120353141427198,78.91247065817562,70.88907077668003,9.289818204981684,1065.8393400295813,15077.483304325993,9504.975405797897,1401.3968147627738,1859.2123674211816,6244.366223613941,1906.5719502685085,7598.403455529387,19.551348875074467,8,1,0,0,6,29.114567835464605,27.465749455730094,30.763386215199116,1.0,0.0,0.0,0.4122045949336278,1,0,0.0,0.4122045949336278,0.5877954050663722,0.4122045949336278,0.0,0.4122045949336278,1.0,0.0,0.0,0.0,17,2,2021,7,12,1,0,0,0,1,0,1,GRAVE_LESIONADOS,1
6,1,12,0,4,1,-7.826329392242805,-77.85975229485766,0,4,7,1,2,2,2,0,1523.9780984556062,1.1527032544645062,1,2,0.15270325446450606,8,31,258.44449141513735,0.1924154783150615,78.59047224154598,35.00238993874946,2.772500005781256,216.59547095273274,17719.30678182034,8931.828000000005,1335.5899999999997,1935.9830000000004,5660.255000000005,1219.309,7712.519000000005,13.651281686122925,4,1,0,0,3,47.595955325896604,47.595955325896604,47.595955325896604,1.0,0.15270325446450606,0.0,0.0,1,0,0.0,0.0,0.0,1.0,0.0,1.0,0.0,0.0,0.847296745535494,0.0,12,3,2023,10,6,6,1,0,0,1,0,1,GRAVE_LESIONADOS,1
3,1,7,0,4,1,-12.76699972608339,-74.85355248247784,0,4,5,0,2,0,1,2,1025.3053345289893,2.0,2,1,1.0,6,27,191.44318570998078,0.35581527465759166,70.77110063867251,57.18015301472432,6.132831169240989,480.6362122448807,17586.073740461445,12495.962465010165,1814.5128580630842,1479.0443122542624,9202.405294692817,2089.6229651034055,10406.339499906759,16.6680368111831,7,2,0,0,5,40.015929209375855,26.206371683750344,53.82548673500138,1.0,0.0,0.0,1.0,2,0,0.0,0.5587256632499313,0.44127433675006866,0.44127433675006866,0.0,0.5587256632499313,1.0,0.0,0.5587256632499313,0.44127433675006866,8,1,2024,2,8,3,0,0,2,1,0,1,GRAVE_LESIONADOS,1
6,1,9,0,4,1,-9.799308690718643,-76.12366205106093,1,4,0,0,1,1,1,0,6543.555,2.017957863750151,3,3,1.0,13,32,1202.9743282587917,0.3149769356272981,76.22695562305319,45.227246017367314,3.8358025487067153,394.48908062430576,19287.73507799194,8198.592162646783,1339.761905472771,806.4708995799294,6052.359357594081,1073.4174744571837,7125.174688189599,13.10635129549863,5,1,0,0,4,40.82042136249849,40.82042136249849,40.82042136249849,1.0,0.0,0.0,0.01795786375015096,1,0,0.0,0.0,0.0,1.0,0.0,1.0,0.0,0.0,0.982042136249849,0.0,18,2,2021,6,28,3,0,1,1,1,0,1,GRAVE_LESIONADOS,1
3,2,20,1,5,3,-6.091014547295987,-77.19118270382444,0,0,1,1,2,2,2,1,6543.555,2.0745104618186403,3,3,1.0,12,32,1218.6393979237632,0.5313016790182511,72.63309686781157,60.98575807965515,7.890208705767595,946.9916564584789,85927.19088743314,5482.2974837707625,792.7218183079424,944.7651520366373,3744.8105134261823,990.3039568026687,4491.993526968093,18.12904097732682,4,2,0,0,2,22.772569085468522,18.34118831273552,27.203949858201522,1.0,1.0,0.0,0.07451046181864007,2,0,0.0,0.0,0.07451046181864007,0.9254895381813599,0.9254895381813599,0.0,0.07451046181864007,0.9254895381813599,1.0,0.9254895381813599,21,1,2023,5,19,5,0,1,0,1,0,1,GRAVE_LESIONADOS,1
4,1,15,1,4,1,-15.628273407994213,-73.2693742081211,0,4,0,0,2,1,1,0,6590.762933807558,2.0,3,2,1.0,11,32,1402.6558424762407,0.6434591754187492,78.96214809989782,71.17193952501228,10.824904330098137,1138.0406762026043,69675.42292885671,3197.145950972395,665.1311437964149,618.7896777108988,1913.2251294650812,1086.1579414628468,2110.9880095095477,34.86695311421415,5,1,0,0,3,30.427250950559053,26.020785442697413,34.833716458420696,1.0,0.4896072786512934,0.0,1.0,1,0,0.0,0.0,0.0,1.0,0.0,1.0,0.4896072786512934,0.0,0.0,0.0,5,0,2022,6,9,0,0,0,0,1,0,1,GRAVE_LESIONADOS,1
5,1,4,0,4,1,-13.673947090811247,-74.14548613813943,0,4,0,0,1,1,1,2,1269.0098821626807,-0.908318127027635,1,2,0.030560624324121655,8,31,222.89820049455548,0.2550920680030042,80.616653214687,52.74265963590673,4.016660428885049,189.17357447559965,2086.9651572549756,12708.18060638624,1811.6660794698357,1791.7616986398089,9104.752828276596,2510.699886483041,10197.480719903198,19.74602936716476,5,1,0,0,3,32.07130812342295,31.81663625405527,32.24448499459297,1.0,0.0,0.9694393756758783,0.9694393756758783,1,0,0.0,0.0,0.0,1.0,0.0,0.030560624324121655,1.0,0.030560624324121655,1.0,0.0,20,2,2023,4,22,2,0,1,2,1,0,1,GRAVE_LESIONADOS,1
5,1,7,0,4,1,-14.119528246262835,-71.35838712047715,1,2,2,0,1,1,1,2,6863.644210545029,2.0,3,2,1.0,12,24,1198.0,0.41106762826034837,72.8897902625493,66.82767061415167,6.702414154984274,516.9844727647061,9558.591266184223,17779.13499998999,2097.3709999899997,2863.123,12818.640999999989,2878.713,14900.421999989989,16.19152450331032,13,1,0,0,11,54.268196002083016,53.19442939984905,55.341962604316976,1.0,0.30679045778113223,0.0,1.0,1,0,0.0,0.0,0.30679045778113223,1.0,0.0,0.30679045778113223,1.0,0.6932095422188678,0.0,0.0,6,0,2021,3,16,4,0,0,2,1,0,1,GRAVE_LESIONADOS,1
3,1,11,0,4,1,-12.050840392255497,-75.15532497459796,5,4,7,1,2,0,1,2,7586.903,2.0,2,0,1.0,9,5,1198.0,0.4633512792063235,69.78385158172787,72.32452494175553,7.800739422659221,643.9609243324442,955.9339525030609,12362.251059245935,1840.2440797393851,1194.083396473986,9327.923583032563,1710.9030229863145,10651.34803625962,13.756464898274103,5,2,0,0,3,39.819122861473566,38.0,41.638245722947126,1.0,0.0,0.07091619143856953,1.0,2,0,0.0,0.0,0.0,1.0,0.0,0.9290838085614305,0.07091619143856953,0.07091619143856953,0.07091619143856953,0.0,21,2,2022,5,27,3,0,0,2,1,0,1,GRAVE_LESIONADOS,1
5,12,6,0,4,0,-12.110860916715307,-73.26643111428702,1,4,1,0,2,1,1,1,6773.586615348712,2.0,3,3,1.0,13,30,1375.0524188653917,0.6245617870391328,77.0320369510379,76.76510843920042,9.98430591723202,1076.937072895629,96114.18756211748,17430.034972452657,2028.548547132631,2498.1429778116144,12903.343447508409,2712.3507600203493,14717.684212432305,15.50226357407319,6,1,0,0,4,33.09468043789593,31.67447386945696,34.5148870063349,1.0,0.18936087579186278,0.0,0.8106391242081372,1,0,0.0,0.18936087579186278,0.0,1.0,0.0,0.18936087579186278,1.0,0.0,0.18936087579186278,0.0,17,2,2022,11,28,3,0,1,2,1,0,1,GRAVE_LESIONADOS,1
3,1,14,2,2,4,-12.21640831672993,-76.940858370083,0,0,5,0,2,2,2,0,6543.555,2.0,4,4,1.0,14,33,1198.0,0.6969360344045078,80.08519159183085,74.27319996267042,9.947423659536494,1427.3223368528527,457674.5111545935,7626.313,1683.4029999999998,1599.0829999999996,4343.827000000001,1814.875,5811.438000000001,23.797541485643197,4,2,0,0,2,70.426462864337,66.99631001258976,73.85661571608425,1.0,1.0,0.0,0.0,2,0,0.0,0.0,0.0,1.0,0.77132314321685,0.22867685678314997,0.77132314321685,0.77132314321685,0.77132314321685,1.0,17,2,2024,4,19,5,0,0,0,1,0,1,GRAVE_LESIONADOS,1
6,1,12,0,4,0,-10.87507359083094,-75.88845147136898,0,4,2,1,1,1,0,1,5712.957002560794,2.0,3,3,1.0,11,30,1033.8901515547132,0.5847977609562145,73.10514414829657,72.31069881689827,10.196437823575597,996.2961123633404,120218.41970891134,11741.502494737419,1819.4791043151056,1031.2467094491785,8890.776680973133,1687.7897949094627,10053.712699827956,14.814881873179615,11,1,0,0,10,41.427042160393796,41.427042160393796,41.427042160393796,1.0,0.0,0.0,1.0,1,0,0.0,0.8414397599562448,0.15856024004375524,0.0,0.0,0.0,1.0,0.0,0.0,0.0,7,1,2021,7,18,5,0,1,1,1,0,1,GRAVE_LESIONADOS,1
4,1,6,0,4,1,-10.811584842945036,-75.02198236870323,0,4,4,1,3,1,1,2,7692.7950006543115,2.0,2,0,1.0,9,14,1775.5444380863323,0.5202586366690839,77.61430797304392,69.8952716193753,7.844343181162307,785.7314815450952,27604.342685319752,8266.369933806123,1313.970101649445,985.4694160382303,5966.930416118448,1202.3916335988247,7063.978300207299,14.527472555545211,5,1,0,0,3,20.323862103320135,19.706167517131547,20.941556689508726,1.0,1.0,0.0,0.0,1,0,0.0,0.0,0.0,0.6176945861885909,1.0,0.0,0.0,0.0,0.38230541381140914,0.0,13,1,2021,4,26,3,0,1,2,1,0,1,GRAVE_LESIONADOS,1
3,1,11,0,4,1,-11.78383908530051,-75.65887735058676,0,4,4,1,2,1,1,2,438.2419966869768,2.0,2,0,1.0,3,25,78.0247964747922,0.5055526174679632,73.27329671964822,64.61999825398024,8.591388842530609,842.0353115614787,4546.73590920706,12264.545,1826.4639999999995,1105.5389999999998,9332.542,1588.5359999999996,10676.009,12.952261987705208,6,2,0,0,4,40.97759694185344,33.44423169629817,48.510962187408715,1.0,0.0,0.0,1.0,2,0,0.0,0.0,0.0,1.0,0.0,0.3555768303701834,1.0,0.0,0.0,0.0,4,0,2022,4,12,2,0,0,2,1,0,1,GRAVE_LESIONADOS,1
3,1,20,0,4,0,-14.360596344883813,-69.81142239103653,0,4,6,1,2,2,2,2,6543.555,2.0,4,4,1.0,14,33,1198.0,0.3794848935087203,68.89880960494399,76.80046908471208,6.392000921404404,404.52812414054324,9033.811004588255,13642.312999999998,2020.7790000000005,2354.117,9267.416999999998,3314.0520000000006,10328.260999999997,24.29244952817019,4,1,0,0,3,54.40081892365816,45.17002470230031,63.631613145016,1.0,0.0,0.0,0.0,1,0,0.0,0.9716625496166154,0.9716625496166154,0.028337450383384644,0.0,0.0,1.0,0.9716625496166154,1.0,0.9716625496166154,17,2,2021,2,11,3,0,0,2,1,0,1,GRAVE_LESIONADOS,1
3,1,9,1,4,1,-12.259746375780205,-75.13623182834161,0,4,6,0,2,0,1,2,451.1190414671994,2.0,2,0,1.0,4,30,83.01152731717761,0.5048623330482056,71.57725015078958,72.45883611379226,8.738231002331894,776.4820705099455,19313.328031371802,12335.565708844455,1822.7962622524483,1220.1656641210593,9292.603782470946,1742.3167505271795,10593.248958317276,14.092612228159997,8,2,0,0,6,44.85662824476886,28.14265129790754,61.57060519163017,1.0,0.0,0.0,1.0,2,0,0.0,0.1714697404184915,0.8285302595815085,0.8285302595815085,0.0,0.1714697404184915,1.0,0.0,0.1714697404184915,0.8285302595815085,10,2,2024,1,6,3,0,0,2,1,0,1,GRAVE_LESIONADOS,1
3,1,13,0,4,1,-8.057804678235723,-77.72839709644164,1,4,6,1,2,1,0,0,1415.4727158195308,2.0,2,2,0.21172479182917037,8,9,291.6802275565513,0.481577013211236,79.52278843715507,61.04211943619306,8.105417234122076,656.8919849045902,10914.89479031313,3169.776242548317,490.5800505960011,615.6863582237963,2063.5098337285194,658.992092643242,2510.7841499050746,21.02731637692521,4,2,0,0,2,39.57655041634166,35.78827520817083,43.36482562451249,1.0,0.0,0.0,0.0,2,0,0.0,0.7882752081708296,0.0,1.0,0.21172479182917037,0.21172479182917037,0.7882752081708296,0.7882752081708296,1.0,0.7882752081708296,16,3,2022,6,6,5,0,0,0,1,0,1,GRAVE_LESIONADOS,1
5,1,3,0,4,1,-16.29153449839797,-71.31054311100415,0,4,5,1,5,2,2,0,1206.0792055974923,1.2590351441033472,4,1,0.25903514410334716,8,30,212.10237062003054,0.5059894123661152,80.02608456966031,72.03196165667806,7.444300721348473,689.4102954886187,2761.1772741489217,10322.272,1495.236,1749.739,7077.2970000000005,2886.595,7435.677000000001,27.964725207783708,5,1,0,0,3,37.96385942358661,37.18675399127657,38.74096485589665,1.0,0.0,0.0,0.0,1,0,0.0,0.7409648558966528,0.0,0.25903514410334716,0.0,0.25903514410334716,1.0,0.0,0.0,0.0,7,0,2023,7,16,3,0,0,0,1,0,1,GRAVE_LESIONADOS,1
4,1,19,1,4,1,-5.185834042356005,-80.5892658079768,0,1,7,1,2,2,2,0,5017.494412949312,2.708676719965507,2,0,1.0,0,27,1092.783856594745,0.6220812987247925,80.20155828147696,72.71675503872983,10.02377668600292,1028.915688621886,159840.92719486082,8965.846000060003,1782.4120000599992,636.9959999999999,6546.438000000004,2214.505000059999,6751.341000000004,24.699342371541725,6,2,0,0,4,48.193165879430865,43.968978318930716,52.41735343993101,1.0,0.29132328003449304,0.29132328003449304,1.0,2,0,0.708676719965507,0.29132328003449304,0.708676719965507,0.29132328003449304,1.0,0.0,0.0,0.29132328003449304,1.0,1.0,9,0,2024,3,22,6,1,1,0,1,0,1,GRAVE_LESIONADOS,1
5,1,12,0,4,1,-11.589681476023824,-76.75557813641406,0,4,5,0,2,1,1,0,1319.348229928815,1.785145393575002,1,0,0.0,9,21,577.036856582726,0.5693151657601798,75.27805392617346,61.34760053285455,7.4367221756553405,1178.5779259718356,24694.784556604627,7816.48360525665,1632.265455124786,1687.0515660724059,4497.166584059458,1828.7769524541231,5987.706652802526,23.429166359955367,5,1,0,0,4,19.793109883524977,19.793109883524977,19.793109883524977,1.0,0.7851453935750019,0.0,1.0,1,0,0.0,0.2148546064249981,0.0,0.7851453935750019,0.2148546064249981,0.0,1.0,0.0,0.0,0.0,15,2,2021,4,7,0,0,0,0,1,0,1,GRAVE_LESIONADOS,1
3,1,9,1,4,1,-10.163016046678651,-76.26243613725292,0,4,6,1,2,1,1,1,9800.0765590815,2.040330161051513,2,0,1.0,8,31,3735.022470723687,0.4484547145083416,72.40471586829966,62.77818174726507,6.4724296343822845,655.6651477545204,18909.629692298036,8185.554840628198,1347.5905316059502,824.5277149656425,6013.436594056604,1090.3089168764689,7095.245923751729,13.34991160376881,7,1,0,0,5,52.08066032210303,49.201650805257565,54.959669838948486,1.0,0.0,0.0,0.959669838948487,1,0,0.0,0.959669838948487,0.04033016105151299,0.959669838948487,0.0,0.959669838948487,1.0,0.0,0.0,0.0,7,1,2022,1,18,1,0,1,1,1,0,1,GRAVE_LESIONADOS,1
5,1,11,0,4,1,-11.877769741711838,-75.49002539112757,1,4,5,1,2,1,1,0,333.40947374492214,2.0,2,0,1.0,3,28,59.33752165343565,0.5533469034807514,71.8616132139896,68.55673103567432,9.202447498357149,952.7236398461341,1848.4591798011343,12264.545,1826.4639999999995,1105.5389999999998,9332.542,1588.5359999999996,10676.009,12.952261987705208,4,1,0,0,3,28.709660612018208,27.0,30.419321224036413,1.0,0.7988634574096227,0.0,0.20113654259037728,1,0,0.0,0.0,0.0,1.0,0.7988634574096227,0.20113654259037728,0.20113654259037728,0.0,0.7988634574096227,0.0,14,2,2021,3,27,2,0,0,2,1,0,1,GRAVE_LESIONADOS,1
5,1,3,0,4,0,-16.762667609633446,-71.70541761262047,3,4,0,0,2,0,0,0,6622.751603703351,2.0,2,0,1.0,9,31,1541.333129516703,0.6306567068563798,78.2570202603557,76.31511509885492,8.722538769613083,1179.7769331925108,7994.107164010057,10322.272,1495.236,1749.739,7077.2970000000005,2886.595,7435.677000000001,27.964725207783708,5,2,0,0,3,48.248793588159714,40.499195725439805,55.998391450879616,1.0,0.0,0.0,0.8213711232457005,2,0,0.0,0.0,0.0,1.0,0.0,1.0,1.0,0.0,0.0,0.0,7,1,2024,10,25,5,1,1,0,1,0,1,GRAVE_LESIONADOS,1
4,1,4,0,4,1,-13.432823050227666,-74.12707501970246,1,4,0,0,3,2,2,2,7234.514303102691,2.0,2,1,1.0,10,14,1198.0,0.35058637598547354,70.93645763145366,50.59556279834996,5.44086862607977,420.47859778049843,6799.287894404272,12678.733000000004,1805.074000000001,1774.0339999999994,9099.625000000004,2485.375000000001,10193.358000000002,19.602707936195205,13,1,0,0,11,44.61589803754926,40.31126001632576,48.92053605877275,0.6622520032651528,0.0,0.0,1.0,1,0,0.0,0.6622520032651528,0.6622520032651528,0.33774799673484723,0.0,0.0,1.0,0.0,0.0,0.0,16,2,2024,3,17,5,1,0,2,1,0,1,GRAVE_LESIONADOS,1
4,1,3,1,4,1,-16.521877874993447,-71.70556320911446,0,3,7,1,2,0,1,0,761.9027649091777,1.418449497175458,3,1,0.4184494971754581,8,29,121.65769654231204,0.6688291454123931,76.7663821573603,77.92840339905922,10.8376141424466,1249.2126068020839,22160.24220706636,10322.272,1495.236,1749.739,7077.2970000000005,2886.595,7435.677000000001,27.964725207783708,9,1,0,0,7,38.70186357626263,25.326202011298168,52.0775251412271,1.0,0.4184494971754581,0.0,0.4184494971754581,1,0,0.0,0.0,0.5815505028245419,0.4184494971754581,0.0,0.4184494971754581,0.5815505028245419,0.0,0.0,0.5815505028245419,14,3,2022,3,16,1,0,0,0,1,0,1,GRAVE_LESIONADOS,1