CLASE SINIESTRO,CANTIDAD DE VEHICULOS DAÑADOS,DEPARTAMENTO,ZONA,TIPO DE VÍA,RED VIAL,COORDENADAS LATITUD,COORDENADAS  LONGITUD,CONDICIÓN CLIMÁTICA,ZONIFICACIÓN,CARACTERÍSTICAS DE VÍA,PERFIL LONGITUDINAL VÍA,SUPERFICIE DE CALZADA,¿EXISTE SEÑAL VERTICAL?,¿EXISTE SEÑAL HORIZONTAL?,CAUSA FACTOR PRINCIPAL,MTC_RVN_LONGITUD_KM,MTC_RVN_N_CARRILES_MEDIANA,MTC_RVN_SUPERFICIE_DOMINANTE,MTC_RVN_ESTADO_DOMINANTE,MTC_RVN_ES_CONCESIONADA,MTC_RVN_CONCESION_PRINCIPAL,MTC_RVN_CORREDOR_LOGISTICO,MTC_RVN_N_TRAMOS,IDH_2019,IDH_ESP_VIDA_2019,IDH_EDUC_SECUND_PCT_2019,IDH_ANIOS_EDUC_2019,IDH_INGRESO_PERCAP_2019,IDH_POBLACION_2019,MTC_DEP_RED_TOTAL_KM,MTC_DEP_NACIONAL_TOTAL_KM,MTC_DEP_DEPARTAMENTAL_TOTAL_KM,MTC_DEP_VECINAL_TOTAL_KM,MTC_DEP_PAV_TOTAL_KM,MTC_DEP_NO_PAV_TOTAL_KM,MTC_DEP_PCT_PAVIMENTADA,PER_TOTAL_PERSONAS,PER_N_CONDUCTORES,PER_N_CONDUCTORES_FUGADOS,PER_N_PEATONES,PER_N_PASAJEROS_OCUPANTES,PER_EDAD_COND_PROM,PER_EDAD_COND_MIN,PER_EDAD_COND_MAX,PER_ANY_COND_MASCULINO,PER_ANY_LIC_PROBLEMA,PER_ANY_DOSAJE_POS,PER_ANY_DOSAJE_EVALUADO,VEH_TOTAL,VEH_N_FUGADOS,VEH_ANY_FUGADO,VEH_ANY_CARGA,VEH_ANY_PUBLICO,VEH_ANY_PARTICULAR,VEH_ANY_MOTO,VEH_ANY_AUTO,VEH_ANY_CAMION_BUS,VEH_ANY_SOAT_PROBLEMA,VEH_ANY_CITV_PROBLEMA,VEH_ANY_SEGURO_PROBLEMA,HORA_NUM,FRANJA_HORARIA,ANIO,MES,DIA_MES,DIA_SEMANA,ES_FIN_SEMANA,ES_QUINCENA,REGION_NATURAL,TIENE_SEÑALIZACION,ES_VIA_MULTICARRIL,ES_DEPTO_BAJO_PAVIMENTO,CATEGORIA_SEVERIDAD,CATEGORIA_SEVERIDAD_ENC
4,1,2,0,4,1,-12.390598418402373,-74.50463804758773,0,4,1,0,2,0,1,0,1602.1245196036048,1.5085388914977078,1,1,0.5085388914977079,7,26,243.94876665101376,0.4054829614187187,77.88004809227822,63.3299192431498,5.889177979886117,480.6376097195447,2294.688772683651,10541.156982660317,1686.8208095441232,1490.7301495193392,7363.606023596856,2500.1827205178556,8040.974262142462,23.807616214211418,5,1,0,0,4,53.83111946922823,50.017077782995415,57.64516115546103,1.0,0.0,0.0,0.0,1,0,0.0,0.5085388914977079,0.0,1.0,0.0,1.0,0.5085388914977079,0.0,0.4914611085022921,0.0,12,1,2021,5,17,3,0,0,0,1,0,1,GRAVE_LESIONADOS,1
4,1,12,0,4,1,-13.272106356870099,-73.36951201358471,2,4,6,1,3,2,2,3,1663.4776539207326,0.43026162652498456,2,0,1.0,9,24,277.6913854050888,0.5580498702265699,76.90057136980877,59.17464070671644,8.289970360797572,1006.1161757791621,12521.784412410896,2943.842056274631,555.7533959225092,551.8545772698309,1836.2340830822907,812.5222262592629,2131.319830015368,26.76968042323981,4,1,0,0,2,40.61623062245836,39.18596899593337,42.04649224898334,1.0,0.0,0.0,0.0,1,0,0.0,0.5232461244916718,0.0,0.47675387550832815,0.47675387550832815,0.47675387550832815,0.5232461244916718,0.0,0.47675387550832815,0.0,10,1,2022,5,17,4,0,0,0,1,0,1,GRAVE_LESIONADOS,1
5,1,3,1,4,0,-16.399875127934788,-72.04744150271188,0,1,7,1,0,2,2,0,6569.653445507173,2.0,3,2,1.0,12,32,1311.141985293491,0.630755994344057,78.55446108038407,67.51188786053756,10.07502129469365,1148.7077358615397,4522.33329209501,10322.272,1495.236,1749.739,7077.2970000000005,2886.595,7435.677000000001,27.964725207783708,4,1,0,0,2,39.32331348508678,37.02257933438182,41.62404763579173,0.27067460596528936,0.0,0.0,0.0,1,0,0.0,0.0,0.0,0.27067460596528936,0.0,0.0,1.0,0.0,0.0,0.0,10,2,2023,7,15,3,0,0,0,1,0,1,GRAVE_LESIONADOS,1
5,1,5,0,4,1,-7.027876837818705,-78.78221973820102,5,4,0,1,6,1,1,0,6578.990915602079,2.0,3,3,1.0,13,32,1225.2745751167597,0.3377626662515459,65.96313416339618,47.05221560750189,5.391766508279835,440.71750240400814,11955.436659009772,15935.565011852366,1733.9250000199986,935.692,13265.948011832368,2000.1670000199988,13935.398011832369,12.551591352627522,5,1,0,0,3,45.21239194849999,45.15405061135184,45.27073328564814,1.0,0.029170668574074465,0.0,0.029170668574074465,1,0,0.0,0.0,0.0,1.0,0.029170668574074465,0.9708293314259255,0.0,0.0,0.029170668574074465,0.0,17,1,2021,3,12,5,1,0,2,1,0,1,GRAVE_LESIONADOS,1
6,1,10,0,4,1,-12.229425456098411,-76.10424385667807,0,4,7,0,2,0,0,0,1458.866126661105,1.3948983777628494,1,1,0.0,9,17,439.0165056824995,0.3375824950074312,72.60569888256472,56.947140623718845,5.03831012249373,390.7809620402284,1301.4907247937801,8161.896312163191,1539.3827628913355,1846.8315724974232,4775.681976774432,1854.0274953652327,6307.868816797958,22.76007531326521,4,1,0,0,3,40.13367891091704,40.13367891091704,40.13367891091704,1.0,0.6051016222371507,0.0,0.0,1,0,0.0,0.0,0.0,1.0,0.0,1.0,0.0,0.0,0.0,0.0,11,1,2021,8,6,1,0,0,1,1,0,1,GRAVE_LESIONADOS,1
4,1,15,0,4,0,-7.841300222904651,-78.28016706580654,0,4,5,1,1,1,1,0,3378.2398230516346,2.0,2,1,1.0,6,25,572.5958988920117,0.5186192851870279,77.13966144808991,60.95335990189225,7.790335408148836,855.0703423356688,122978.86132147502,10271.289074508895,1799.8453512806902,822.4194698111688,7649.024253417036,1966.781004641536,8304.50806986736,20.05049604383715,6,1,0,0,5,39.09361724477103,27.31064142679444,50.876593062747624,1.0,0.0,0.0,1.0,1,0,0.0,0.3957448298473544,0.0,0.6042551701526456,0.6042551701526456,0.6042551701526456,0.3957448298473544,0.0,0.0,0.0,6,1,2021,7,20,6,1,1,0,1,0,1,GRAVE_LESIONADOS,1
5,1,4,0,4,1,-13.329361820768295,-74.5094397875003,0,4,3,0,2,1,0,2,3132.31741336832,2.0,2,3,1.0,10,26,578.7275149732063,0.1859776092837948,69.85250115366037,39.77024304701982,3.1640035399309645,143.5227500887571,15617.884368308352,12678.733000000004,1805.074000000001,1774.0339999999994,9099.625000000004,2485.375000000001,10193.358000000002,19.602707936195205,6,1,0,0,4,34.05199176391868,26.68804941648795,41.4159341113494,0.7013278426124503,0.2986721573875497,0.0,0.7013278426124503,1,0,0.0,0.7013278426124503,0.0,0.2986721573875497,0.0,1.0,0.7013278426124503,0.0,0.7013278426124503,0.0,7,1,2023,4,11,3,0,0,2,1,0,1,GRAVE_LESIONADOS,1
6,1,9,0,4,1,-10.12453574160987,-76.19031879774018,1,3,0,0,1,2,2,0,6556.384544650282,2.0,3,3,1.0,13,32,1253.6186440968459,0.34814695180572025,76.28516813681506,47.79673290641996,4.512674524953041,469.4741045488289,19233.76064020344,8131.517691063224,1380.0386555875325,899.3696826852365,5852.109352790454,1160.3206416062776,6971.197049456947,14.35942143924921,5,1,0,0,3,41.798353743016925,39.80246938547461,45.39094558659309,1.0,0.0,0.0,0.0,1,0,0.0,0.13305895716948768,0.0,0.8669410428305123,0.0,0.8669410428305123,0.13305895716948768,0.0,0.8669410428305123,0.13305895716948768,17,1,2021,7,25,2,0,0,1,1,0,1,GRAVE_LESIONADOS,1
3,2,14,0,4,1,-5.773331441097862,-80.01535581522641,0,4,7,1,2,2,2,1,6851.20591131652,2.74674330779816,2,0,1.0,2,27,1641.6429034688108,0.4919788478866789,72.01148360035803,60.39738019283181,7.358065730345475,807.6291335900147,49162.750829860684,7683.83175285618,1623.5463563368194,623.8322236527326,5436.453172866628,1892.6375243317943,5791.194228524386,24.565665480828187,5,2,0,0,3,44.93486615596319,43.668582694954,46.2011496169724,1.0,0.0,0.0,0.7467433077981598,2,0,0.0,0.7467433077981598,0.0,0.2532566922018402,0.2532566922018402,0.0,1.0,0.0,1.0,0.0,4,0,2022,2,21,1,0,1,0,1,0,1,GRAVE_LESIONADOS,1
6,1,10,1,4,0,-12.918018095560335,-76.45864593943264,0,3,7,1,2,2,2,1,6626.260754174071,2.0,2,0,1.0,9,31,1556.5459992196809,0.6077666101322307,79.22140863510816,68.61312538207117,9.112267226343299,1065.4800755059437,28068.27242789991,3684.228287597454,672.1394582801547,737.0234768061597,2275.0653525111393,1046.0735093211122,2638.1547782763414,28.312614798655325,9,1,0,0,8,36.782289483951566,36.28446890325512,37.28011006464802,1.0,0.0,0.8577655483724422,0.8577655483724422,1,0,0.0,0.14223445162755777,0.0,0.14223445162755777,0.0,0.0,1.0,0.0,0.0,0.0,4,0,2021,3,7,5,0,0,0,1,0,1,GRAVE_LESIONADOS,1
4,2,11,0,4,1,-10.104369876742021,-77.83219166965534,0,4,7,1,2,2,2,2,565.8974515748441,0.515051615862617,2,1,0.494982794712461,10,18,117.51849267337042,0.5420908749969532,79.6672221000087,64.87138635638746,7.948442924405635,849.603523291879,15954.349144623657,3589.2626461718805,605.7052292989245,717.0203613348557,2266.5370555381005,901.1243856617741,2688.1382605101066,24.93645114393466,5,1,0,0,3,45.5250860264377,37.94982794712461,53.10034410575078,1.0,0.505017205287539,0.0,0.0,1,0,0.0,1.0,0.0,0.505017205287539,0.505017205287539,0.0,1.0,0.505017205287539,0.505017205287539,0.505017205287539,2,0,2022,7,16,2,0,0,0,1,0,1,GRAVE_LESIONADOS,1
3,2,20,0,4,1,-15.894913275919782,-69.8920259190755,0,4,0,1,2,2,2,2,7586.903,2.0,2,0,1.0,9,5,1198.0,0.34131371963437146,68.37444836839994,71.99080296459881,6.57835334383162,312.7805889892219,6209.299013109287,13642.312999999998,2020.7790000000005,2354.117,9267.416999999998,3314.0520000000006,10328.260999999997,24.29244952817019,24,2,0,0,22,34.37477814733116,31.34534373936611,37.40421255529621,1.0,0.0,0.13093125212677748,0.13093125212677748,2,0,0.0,0.8690687478732225,0.8690687478732225,0.13093125212677748,0.13093125212677748,0.13093125212677748,0.8690687478732225,0.0,0.13093125212677748,0.13093125212677748,12,3,2022,10,7,4,0,0,2,1,0,1,GRAVE_LESIONADOS,1
6,1,7,0,4,1,-14.585573106174664,-71.73081803450596,1,4,5,0,2,2,2,2,1780.161,1.0,1,3,0.0,9,32,490.0,0.4670263153502933,65.5237709552973,70.61273193256336,7.074467358088314,760.9316629253258,9065.880085653103,17779.13499998999,2097.3709999899997,2863.123,12818.640999999989,2878.713,14900.421999989989,16.19152450331032,4,1,0,0,3,39.40553590303181,39.40553590303181,39.40553590303181,1.0,0.0,0.0,0.0,1,0,0.0,0.0,0.0,1.0,0.0,0.6962214361212724,0.3037785638787276,0.0,0.0,0.0,4,0,2024,2,21,4,0,0,2,1,0,1,GRAVE_LESIONADOS,1
6,1,3,0,4,2,-13.50048311950457,-73.68718641486642,1,4,1,0,5,2,2,1,6543.555,2.0,4,4,1.0,14,33,1198.0,0.2903489661707243,73.55939177945291,56.85282539529859,4.861409603090679,282.6105680718973,2702.6020679558596,8390.387978120321,1316.0290738505232,1444.4957286691879,5629.863175600611,1524.7765479588038,6865.611430161517,18.15820073715754,5,1,0,0,4,31.496745741068022,31.496745741068022,31.496745741068022,1.0,0.7939262200628248,0.0,0.0,1,0,0.0,0.0,0.0,1.0,0.0,0.7939262200628248,0.20607377993717524,0.7939262200628248,0.7939262200628248,0.7939262200628248,20,2,2021,10,21,3,0,0,2,1,0,1,GRAVE_LESIONADOS,1
6,1,14,2,2,4,-11.93567501706314,-77.0944935793479,0,1,7,1,2,2,2,0,6543.555,2.0,4,4,1.0,14,33,1198.0,0.7331269239851647,80.2176158726971,78.54281632747964,11.03451446530636,1512.1672315269934,647015.7336498703,7626.313,1683.4029999999998,1599.0829999999996,4343.827000000001,1814.875,5811.438000000001,23.797541485643197,5,1,0,0,4,38.85171761089052,38.85171761089052,38.85171761089052,1.0,0.0,0.0,0.0,1,0,0.0,0.0,0.5587703309082832,0.4412296690917168,0.5587703309082832,0.0,0.4412296690917168,0.0,0.5587703309082832,0.0,14,1,2023,11,24,3,0,1,0,1,0,1,GRAVE_LESIONADOS,1
3,1,1,0,4,1,-10.342791873268418,-77.97809072661859,0,4,7,1,2,2,2,0,6543.555,3.0,2,0,1.0,0,30,1475.0,0.5889440211565911,79.45380757290945,66.84400742058561,8.920161347780892,994.9706830982238,25662.946800898764,10648.31825163185,1849.3468214938878,1269.0835927272622,7529.8878374107035,2043.0750949092048,8605.243156722649,19.125487153687434,7,2,0,0,5,42.46749960552555,24.260003155795555,60.674996055255555,1.0,0.0650007889488885,0.0,0.0,2,0,0.0,0.9349992110511115,1.0,0.0650007889488885,0.0650007889488885,0.0,1.0,0.0,0.9349992110511115,0.0650007889488885,10,0,2022,2,15,1,0,1,0,1,1,1,GRAVE_LESIONADOS,1
3,1,1,0,4,1,-9.683033897034118,-77.47834323401962,1,4,1,1,2,1,1,1,9936.932,2.0,2,0,1.0,9,32,3830.0,0.3472198999031225,73.90403445278514,55.76272499703652,6.069618603402402,354.54088369602937,2221.1517630431354,10767.648,1885.0630000000003,1222.721,7659.864000000001,2100.343,8667.305000000002,19.506051832303577,7,1,0,0,5,45.17190627390096,28.253084024229825,62.0907285235721,1.0,0.8253084024229824,0.0,0.0,1,0,0.0,0.0,0.8253084024229824,1.0,0.8253084024229824,0.0,1.0,0.0,0.8253084024229824,0.8253084024229824,10,1,2022,1,28,0,0,1,0,1,0,1,GRAVE_LESIONADOS,1
3,1,18,1,4,0,-5.264213280493643,-80.40543041369918,0,4,7,1,2,0,0,1,6543.555,2.0,4,4,1.0,14,33,1198.0,0.5148319940633688,80.17830807962584,61.852301542163374,6.64483589591852,834.7755721318663,9426.03042628049,8961.561751325293,1726.1389509383166,800.5912554923696,6434.831544894607,2089.169377844534,6872.392373480759,23.307942526488393,4,1,0,0,2,23.385347051522505,21.637228333617507,25.133465769427506,1.0,0.0,0.8740593589524994,0.8740593589524994,1,0,0.0,0.12594064104750058,0.0,0.8740593589524994,0.8740593589524994,0.0,0.12594064104750058,0.8740593589524994,0.8740593589524994,0.0,20,1,2021,2,2,5,1,0,0,0,0,1,GRAVE_LESIONADOS,1
6,1,7,0,4,1,-13.880749344273173,-71.45738396326536,7,4,6,0,6,1,1,2,6644.658022215117,2.0,3,3,1.0,13,30,1198.0,0.2817996466757569,61.46221967841442,59.94392749373902,5.22767318167762,273.6262823371238,4178.871520342613,17779.13499998999,2097.3709999899997,2863.123,12818.640999999989,2878.713,14900.421999989989,16.19152450331032,31,1,0,0,30,36.29070747885207,36.29070747885207,36.29070747885207,1.0,0.09690249295069031,0.0,0.09690249295069031,1,0,0.0,0.0,0.09690249295069031,0.0,0.0,0.0,1.0,0.0,0.0,0.0,14,2,2023,9,16,5,0,1,2,1,0,1,GRAVE_LESIONADOS,1
6,1,12,0,4,1,-7.776115302109361,-79.26888293477971,0,4,7,1,2,2,2,1,6543.555,3.0,2,0,1.0,0,30,1475.0,0.5505078373628005,76.74506349461228,61.428458945186634,7.739668806531563,978.2083348136302,9501.427597699758,8931.828000000005,1335.5899999999997,1935.9830000000004,5660.255000000005,1219.309,7712.519000000005,13.651281686122925,4,1,0,0,3,60.1488426474927,60.1488426474927,60.1488426474927,1.0,0.0,0.0,0.0,1,0,0.0,0.0,0.0,1.0,0.0,1.0,0.0,0.0,0.8642306022615571,0.0,14,2,2023,3,11,5,1,0,0,1,1,1,GRAVE_LESIONADOS,1
3,2,20,0,4,1,-15.815956181826706,-69.98210752053289,0,4,0,1,2,2,2,2,7586.903,2.0,2,0,1.0,9,5,1198.0,0.3338174487509835,69.1586953575993,71.03983156697156,6.434839252672672,294.8814468388036,5423.798392433939,13642.312999999998,2020.7790000000005,2354.117,9267.416999999998,3314.0520000000006,10328.260999999997,24.29244952817019,15,2,0,0,13,33.53541723556076,28.787496586635477,38.28333788448603,1.0,0.5354172355607539,0.0,0.0,2,0,0.0,0.46458276443924607,0.46458276443924607,0.5354172355607539,0.0,0.5354172355607539,1.0,0.0,0.0,0.0,17,2,2022,5,2,5,0,0,2,1,0,1,GRAVE_LESIONADOS,1
5,1,5,0,4,1,-7.451484203897286,-77.24445735217773,0,4,1,0,1,2,2,2,6810.26792277584,2.0,3,2,1.0,12,25,1198.0,0.3495869256676236,76.7325545457516,43.683222717016875,5.521357787693873,409.33787790433473,19888.19676298203,16406.84011841126,1826.833353630862,1428.404647610155,13151.602117170241,2224.7512915964326,14182.088826814826,13.482074000149998,6,1,0,0,5,41.639079489240025,37.42115486025587,45.857004118224175,1.0,0.25563179569600936,0.0,1.0,1,0,0.0,0.0,0.25563179569600936,1.0,0.0,0.25563179569600936,1.0,0.0,1.0,0.0,11,2,2024,8,7,1,0,0,2,1,0,1,GRAVE_LESIONADOS,1
4,1,19,0,4,1,-5.165790116471968,-80.61004739550927,2,4,7,1,2,2,2,0,3298.6694114378315,2.380554926181847,2,0,1.0,0,23,662.2880631505828,0.6135815684977078,79.5189877984263,72.54602298525667,9.905914135527043,1008.8989921518892,168987.21199706968,8965.846000060003,1782.4120000599992,636.9959999999999,6546.438000000004,2214.505000059999,6751.341000000004,24.699342371541725,10,1,0,0,9,36.05278595963599,36.05278595963599,36.05278595963599,1.0,0.0,0.0,1.0,1,0,0.0,0.0,0.0,1.0,0.0,1.0,0.6194450738181533,0.3805549261818467,1.0,0.0,10,1,2022,8,11,4,0,0,0,1,0,1,GRAVE_LESIONADOS,1
6,1,9,0,4,1,-11.819782717968641,-75.4157024647186,1,4,7,0,2,1,1,2,7381.442365281801,2.0,2,0,1.0,9,10,1198.0,0.5717431483637501,76.80587848011223,65.53208820147937,9.084178727401705,993.8036442897705,9382.101500480665,12346.108705851415,1822.251787989604,1237.181948475429,9286.67496938638,1765.145444001459,10580.963261849955,14.261896784279148,6,1,0,0,5,32.104655087529906,32.104655087529906,32.104655087529906,1.0,0.19692435766225513,0.0,0.19692435766225513,1,0,0.0,0.0,0.0,0.8030756423377449,0.0,0.8030756423377449,0.19692435766225513,0.19692435766225513,0.19692435766225513,0.0,5,0,2023,10,4,4,0,0,2,1,0,1,GRAVE_LESIONADOS,1
3,1,19,0,4,1,-13.828719643526183,-73.82675319780333,0,4,3,1,2,0,1,2,8513.289150328183,2.0,2,0,1.0,9,31,2873.9835068599905,0.46730373976294226,73.87913724715237,78.16363007733945,8.193304910343246,622.7947367949182,3221.5655429657772,3233.851259555722,593.1232718905376,727.9824486987789,1912.7455389664062,797.2048404779274,2436.646419077795,26.540589767037496,5,2,0,0,3,34.03424134096201,23.977364294498614,44.09111838742541,1.0,0.0,0.0,1.0,2,0,0.0,0.0,0.43180510078591205,1.0,0.0,1.0,0.43180510078591205,0.0,0.0,0.0,17,2,2023,7,12,4,0,0,1,1,0,1,GRAVE_LESIONADOS,1
6,1,1,0,4,1,-9.927649269947636,-77.32377186647759,0,4,7,0,2,2,2,1,9936.932,2.0,2,0,1.0,9,32,3830.0,0.4589426163062838,71.18664104384229,65.65903123001519,7.609366730598944,642.5524964846499,3464.941014776904,10767.648,1885.0630000000003,1222.721,7659.864000000001,2100.343,8667.305000000002,19.506051832303577,18,1,0,0,17,31.5702981890678,31.5702981890678,31.5702981890678,1.0,0.0,0.0,1.0,1,0,0.0,0.0,1.0,0.0,0.0,0.21419151575564999,0.78580848424435,0.0,0.21419151575564999,0.0,6,0,2021,10,10,2,0,0,0,1,0,1,GRAVE_LESIONADOS,1
6,1,8,0,4,2,-12.864710718136726,-75.1660184775676,3,4,2,0,1,2,2,0,7026.058395171288,2.0,3,2,1.0,11,20,1198.0,0.3717016665840417,68.61041622124753,51.541914559994346,6.017987980848265,502.59662321691974,3137.8195044414315,8511.426,1445.3929999999996,2008.516,5057.516999999999,1879.579,6631.846999999998,22.08300935706896,7,1,0,0,6,39.73547040206195,39.73547040206195,39.73547040206195,1.0,0.0,0.0,0.0,1,0,0.0,0.0,0.0,1.0,0.0,0.46245681706514796,0.537543182934852,0.0,0.0,0.0,12,3,2021,8,18,2,0,0,2,1,0,1,GRAVE_LESIONADOS,1
6,1,11,0,4,2,-12.001140720569934,-75.32088826969479,0,4,0,1,2,2,2,1,6543.555,2.0,4,4,1.0,14,33,1198.0,0.5215307584379818,73.4967252305342,71.42797066580644,8.29456173956464,794.7290645581526,13044.955035683513,12264.545,1826.4639999999995,1105.5389999999998,9332.542,1588.5359999999996,10676.009,12.952261987705208,5,1,0,0,4,36.41323948510044,36.41323948510044,36.41323948510044,1.0,0.0,0.0,0.9409657878427938,1,0,0.0,0.05903421215720617,0.0,0.9409657878427938,0.0,0.9409657878427938,0.05903421215720617,0.0,0.0,0.0,6,1,2021,3,19,5,1,0,2,1,0,1,GRAVE_LESIONADOS,1
6,1,12,0,4,1,-7.905945634272184,-78.0587545099388,0,4,7,1,2,2,2,0,1134.9089108753917,1.5136278991748524,1,1,0.5136278991748524,8,30,190.95158285430261,0.2945094167990485,77.79325043268524,38.41054857321641,4.261938866670505,406.3584066891037,15780.387130404073,8931.828000000005,1335.5899999999997,1935.9830000000004,5660.255000000005,1219.309,7712.519000000005,13.651281686122925,4,1,0,0,3,53.73167428597249,53.73167428597249,53.73167428597249,1.0,0.5136278991748524,0.0,0.0,1,0,0.0,0.0,0.0,1.0,0.0,1.0,0.0,0.0,0.4863721008251476,0.0,13,3,2023,6,14,6,1,0,0,1,0,1,GRAVE_LESIONADOS,1
4,1,2,0,4,1,-12.573296885653352,-75.68218598953347,0,4,3,0,2,1,1,0,6595.36924980015,2.0,2,1,1.0,11,31,1422.625144331701,0.6008852772742477,80.53108481343232,58.38110247893315,9.14100617431498,1095.2276601604322,5405.58388035778,10528.311520856756,1675.5774829201102,1505.9303165440297,7346.803721392618,2522.859672203561,8005.451848653197,24.05157988929387,6,1,0,0,5,35.52333019292779,35.52333019292779,35.52333019292779,1.0,0.0,0.0,0.0,1,0,0.5373807280662705,0.0,0.0,1.0,0.0,0.5373807280662705,0.46261927193372954,0.0,0.46261927193372954,0.0,7,1,2021,5,27,4,0,1,0,1,0,1,GRAVE_LESIONADOS,1
5,1,8,1,4,2,-8.528430086008152,-76.77033732404391,0,3,5,1,1,2,2,2,6543.555,2.0,4,4,1.0,14,33,1198.0,0.3995557764464811,76.60521845332579,57.572750204491996,5.806049137673394,500.50581251173065,52070.779246733146,15442.680625979208,1795.5779962387605,1240.5514447617745,12406.551184978673,2282.557857185325,13160.122768793884,15.075032143943721,5,1,0,0,4,46.438850214983795,46.438850214983795,46.438850214983795,1.0,0.7850718615635127,0.0,0.7850718615635127,1,0,0.0,0.0,0.7850718615635127,0.21492813843648728,0.0,0.0,1.0,0.7850718615635127,0.7850718615635127,0.7850718615635127,9,1,2023,2,22,4,0,1,2,1,0,1,GRAVE_LESIONADOS,1
5,1,3,1,4,0,-16.418439365436615,-71.85911317206948,0,0,7,1,0,2,2,0,6560.758478960421,2.0,3,3,1.0,13,32,1272.5805248439697,0.6369225896325887,78.236700446229,70.00360052891922,10.158127351700616,1159.6984923788905,4478.257830818016,10322.272,1495.236,1749.739,7077.2970000000005,2886.595,7435.677000000001,27.964725207783708,4,1,0,0,2,39.55394422940209,38.03735460936922,41.07053384943497,0.17842230823916205,0.0,0.0,0.0,1,0,0.0,0.0,0.0,0.17842230823916205,0.0,0.0,1.0,0.0,0.0,0.0,10,2,2023,8,16,4,0,0,0,1,0,1,GRAVE_LESIONADOS,1
4,1,19,1,4,1,-5.183121927230009,-80.58057410809592,0,2,7,1,2,2,2,0,4209.801914232163,2.5544891143211705,2,0,1.0,0,25,890.489717989376,0.6220812987247925,80.20155828147696,72.71675503872983,10.02377668600292,1028.915688621886,159840.92719486082,8965.846000060003,1782.4120000599992,636.9959999999999,6546.438000000004,2214.505000059999,6751.341000000004,24.699342371541725,9,2,0,0,7,47.65386937185405,47.65386937185405,47.65386937185405,1.0,0.0,0.0,1.0,2,0,0.5544891143211708,0.0,0.5544891143211708,0.44551088567882924,0.5544891143211708,0.44551088567882924,0.44551088567882924,0.0,1.0,0.5544891143211708,7,0,2023,6,18,5,0,1,0,1,0,1,GRAVE_LESIONADOS,1
8,1,5,0,4,2,-7.929006677370593,-77.26809700876458,0,3,1,0,1,2,2,0,6543.555,2.0,4,4,1.0,14,33,1198.0,0.4567254850195144,69.9206040590518,64.56128906394342,7.133143877150097,676.0423789578592,29091.79086716475,16267.034864744654,1799.271796138136,1282.2398794626267,13185.52318914389,2158.1276498712477,14108.907214873407,13.20604337438853,8,1,0,0,7,21.64040437300985,21.64040437300985,21.64040437300985,1.0,0.1797978134950754,0.0,1.0,1,0,0.0,0.1797978134950754,0.0,0.8202021865049246,0.0,0.0,1.0,0.8202021865049246,0.8202021865049246,0.8202021865049246,11,1,2023,7,6,1,0,0,2,1,0,1,GRAVE_LESIONADOS,1
6,1,4,0,4,1,-14.250797626291265,-74.30998583754247,0,4,0,0,2,2,2,2,1978.6193754775122,1.5322417690424204,1,0,0.5322417690424205,6,29,203.87406388194012,0.29816499339425323,69.06521177358084,48.33792782014581,4.966497309723444,348.42523622509793,3177.9409920404833,12678.733000000004,1805.074000000001,1774.0339999999994,9099.625000000004,2485.375000000001,10193.358000000002,19.602707936195205,26,1,0,0,25,43.177077149890835,43.177077149890835,43.177077149890835,1.0,0.0,0.0,1.0,1,0,0.0,0.0,0.5322417690424205,0.0,0.4677582309575795,0.0,0.5322417690424205,0.4677582309575795,0.4677582309575795,0.4677582309575795,11,0,2023,9,11,3,0,0,2,1,0,1,GRAVE_LESIONADOS,1
3,1,23,0,4,1,-3.6336309434469074,-80.5782609938542,0,4,6,0,2,2,2,2,6543.555,3.0,2,0,1.0,0,30,1475.0,0.5925968753543769,76.10251870897433,71.22653089914485,9.0570162059732,1033.2965304671677,9308.45071823883,1009.101,138.47399999999996,287.471,583.156,276.972,732.129,27.447401201663663,7,1,0,0,5,43.77650752036775,43.77650752036775,43.77650752036775,1.0,0.9680725029096784,0.0,1.0,1,0,0.0,0.0,0.9680725029096784,0.9680725029096784,0.9680725029096784,0.9680725029096784,0.03192749709032161,0.9680725029096784,0.9680725029096784,0.9680725029096784,18,1,2024,5,4,5,1,0,0,1,1,1,GRAVE_LESIONADOS,1