CLASE SINIESTRO,CANTIDAD DE VEHICULOS DAÑADOS,DEPARTAMENTO,ZONA,TIPO DE VÍA,RED VIAL,COORDENADAS LATITUD,COORDENADAS  LONGITUD,CONDICIÓN CLIMÁTICA,ZONIFICACIÓN,CARACTERÍSTICAS DE VÍA,PERFIL LONGITUDINAL VÍA,SUPERFICIE DE CALZADA,¿EXISTE SEÑAL VERTICAL?,¿EXISTE SEÑAL HORIZONTAL?,CAUSA FACTOR PRINCIPAL,MTC_RVN_LONGITUD_KM,MTC_RVN_N_CARRILES_MEDIANA,MTC_RVN_SUPERFICIE_DOMINANTE,MTC_RVN_ESTADO_DOMINANTE,MTC_RVN_ES_CONCESIONADA,MTC_RVN_CONCESION_PRINCIPAL,MTC_RVN_CORREDOR_LOGISTICO,MTC_RVN_N_TRAMOS,IDH_2019,IDH_ESP_VIDA_2019,IDH_EDUC_SECUND_PCT_2019,IDH_ANIOS_EDUC_2019,IDH_INGRESO_PERCAP_2019,IDH_POBLACION_2019,MTC_DEP_RED_TOTAL_KM,MTC_DEP_NACIONAL_TOTAL_KM,MTC_DEP_DEPARTAMENTAL_TOTAL_KM,MTC_DEP_VECINAL_TOTAL_KM,MTC_DEP_PAV_TOTAL_KM,MTC_DEP_NO_PAV_TOTAL_KM,MTC_DEP_PCT_PAVIMENTADA,PER_TOTAL_PERSONAS,PER_N_CONDUCTORES,PER_N_CONDUCTORES_FUGADOS,PER_N_PEATONES,PER_N_PASAJEROS_OCUPANTES,PER_EDAD_COND_PROM,PER_EDAD_COND_MIN,PER_EDAD_COND_MAX,PER_ANY_COND_MASCULINO,PER_ANY_LIC_PROBLEMA,PER_ANY_DOSAJE_POS,PER_ANY_DOSAJE_EVALUADO,VEH_TOTAL,VEH_N_FUGADOS,VEH_ANY_FUGADO,VEH_ANY_CARGA,VEH_ANY_PUBLICO,VEH_ANY_PARTICULAR,VEH_ANY_MOTO,VEH_ANY_AUTO,VEH_ANY_CAMION_BUS,VEH_ANY_SOAT_PROBLEMA,VEH_ANY_CITV_PROBLEMA,VEH_ANY_SEGURO_PROBLEMA,HORA_NUM,FRANJA_HORARIA,ANIO,MES,DIA_MES,DIA_SEMANA,ES_FIN_SEMANA,ES_QUINCENA,REGION_NATURAL,TIENE_SEÑALIZACION,ES_VIA_MULTICARRIL,ES_DEPTO_BAJO_PAVIMENTO,CATEGORIA_SEVERIDAD,CATEGORIA_SEVERIDAD_ENC
6,1,7,0,4,1,-14.586004544518547,-71.73114416836164,0,4,5,0,2,2,2,2,1780.161,1.0,1,3,0.0,9,32,490.0,0.4670263153502933,65.5237709552973,70.61273193256336,7.074467358088314,760.9316629253258,9065.880085653103,17779.13499998999,2097.3709999899997,2863.123,12818.640999999989,2878.713,14900.421999989989,16.19152450331032,4,1,0,0,3,40.82465482597963,40.82465482597963,40.82465482597963,1.0,0.0,0.0,0.0,1,0,0.0,0.0,0.0,1.0,0.0,0.7529861930391851,0.24701380696081487,0.0,0.0,0.0,4,0,2024,2,22,5,0,0,2,1,0,1,GRAVE_LESIONADOS,1
3,2,9,1,2,3,-11.952491447512955,-73.5101855141803,0,3,2,1,2,1,1,1,5554.35390509535,2.0,3,3,1.0,11,30,1002.5532950149018,0.6389393286100499,78.12018206375124,76.65662966814398,10.026470490987364,1148.1226059037342,130143.48660726745,16114.856453982524,2037.894962558386,2442.746973885641,11634.214517538496,2753.285690808681,13361.570763173842,17.79811867621773,6,2,0,0,4,43.3669756232748,30.356276454307853,56.377674792241734,1.0,0.8111626038791322,0.0,0.1888373961208678,2,0,0.0,0.0,0.0,1.0,0.1888373961208678,1.0,0.8111626038791322,0.0,0.8111626038791322,0.0,17,1,2021,8,21,5,1,1,1,1,0,1,GRAVE_LESIONADOS,1
6,1,8,0,4,1,-12.930388399674525,-74.77921747082888,0,4,6,0,1,2,2,0,6577.8034185420565,2.0,3,3,1.0,13,32,1198.0,0.40284326161224704,69.57916383685254,59.97629731895174,6.04682031922106,548.3128047738851,2426.333838641832,8511.426,1445.3929999999996,2008.516,5057.516999999999,1879.579,6631.846999999998,22.08300935706896,7,1,0,0,6,38.88628846811948,38.88628846811948,38.88628846811948,1.0,0.0,0.0,0.0,1,0,0.0,0.0,0.0,0.03282549881924013,0.0,0.03282549881924013,0.9671745011807599,0.0,0.0,0.0,12,3,2024,8,22,4,0,1,2,1,0,1,GRAVE_LESIONADOS,1
3,2,17,0,4,1,-6.136767113679721,-78.00390342909733,0,4,7,1,2,0,0,2,946.8897761915798,2.0,2,0,1.0,1,20,110.85022733814768,0.5351874718810781,73.67879951978641,63.48771017936345,7.719462247341565,957.3078229856717,45933.24351592559,4622.6548766834885,674.711611177275,836.3699678819046,3111.573297624309,868.345705750816,3754.309170932672,19.06448427168079,5,2,0,0,3,43.49469737190276,40.82504871531736,46.164346028488154,1.0,0.5321405373658401,0.5321405373658401,1.0,2,0,0.0,0.0,0.5321405373658401,0.4678594626341599,1.0,0.0,1.0,0.0,1.0,0.0,10,1,2021,10,19,1,0,1,0,1,0,1,GRAVE_LESIONADOS,1
3,1,14,0,4,1,-14.74841150787023,-71.55732326565816,0,4,1,0,2,1,1,2,7586.903,2.0,2,0,1.0,9,5,1198.0,0.3321678668152841,71.31194052035336,69.10222884887445,6.023173689715124,296.76400670097905,5056.993848891562,13301.804191969748,1944.5534116356037,2149.127927075476,9208.122853258668,3021.2150611759425,10280.589130793804,22.63519396095906,4,2,0,0,2,40.71419846050645,31.654061861479114,49.77433505953378,1.0,1.0,0.0,0.0,2,0,0.0,0.35337886634244464,0.35337886634244464,0.6466211336575554,0.35337886634244464,0.6466211336575554,1.0,0.0,0.35337886634244464,0.0,16,1,2022,3,9,4,0,0,2,1,0,1,GRAVE_LESIONADOS,1
4,1,12,0,4,1,-7.331601979228554,-79.06553715902795,0,4,7,1,2,2,2,0,1182.4831438208528,1.8300326836280747,1,0,0.8300326836280747,2,22,177.44722189161365,0.4980369576557413,75.91412237239604,62.20603845326021,7.05579030059207,788.9412693355623,43259.43536562337,3504.1833444066788,546.1870948432922,699.0996578901153,2258.896591673271,771.2651013217699,2732.9182430849087,21.91176092885509,5,2,0,0,3,29.804460720136767,25.98019610176845,33.628725338505085,1.0,0.1699673163719253,0.0,0.1699673163719253,2,0,0.8300326836280747,0.0,0.0,0.1699673163719253,1.0,0.0,0.0,0.8300326836280747,0.1699673163719253,0.8300326836280747,13,2,2021,8,24,0,0,0,0,1,0,1,GRAVE_LESIONADOS,1
5,1,3,0,4,1,-16.470370011627978,-73.02679637006298,0,4,7,1,2,0,1,0,6639.975,2.0,2,0,1.0,9,31,1616.0,0.6174630954103832,82.61388979724164,65.98443515569242,8.742695822318478,1100.152974928507,4537.762812691056,10322.272,1495.236,1749.739,7077.2970000000005,2886.595,7435.677000000001,27.964725207783708,4,1,0,0,2,37.02463682679139,32.802905385668915,40.29564192149663,1.0,0.0,0.0,0.9507263464172285,1,0,0.0,0.0,0.0,1.0,0.0,0.9507263464172285,0.04927365358277147,0.0,0.0,0.0,6,0,2021,2,9,1,0,0,0,1,0,1,GRAVE_LESIONADOS,1
6,1,5,0,4,1,-6.481380182317418,-78.87499081599222,0,4,5,1,2,0,1,0,9936.932,2.0,2,0,1.0,9,32,3830.0,0.3011301347839704,71.97114344661169,54.49911076138603,4.057283312480806,327.1165249840737,5264.304068522484,15935.565011852366,1733.9250000199986,935.692,13265.948011832368,2000.1670000199988,13935.398011832369,12.551591352627522,7,1,0,0,6,41.409755542567495,41.409755542567495,41.409755542567495,1.0,0.0,0.0,0.1475611143581269,1,0,0.0,0.8524388856418731,0.1475611143581269,0.0,0.0,0.0,1.0,0.0,0.0,0.0,6,0,2023,3,3,4,0,0,2,1,0,1,GRAVE_LESIONADOS,1
6,1,8,0,4,1,-12.690253630290357,-74.50737002511907,0,4,2,0,1,1,0,1,7014.7299794522005,2.0,3,2,1.0,11,20,1198.0,0.2573532389389261,68.17586085674186,60.83133378433165,4.15798945709939,221.92181766606055,4707.1911744966765,8511.426,1445.3929999999996,2008.516,5057.516999999999,1879.579,6631.846999999998,22.08300935706896,4,1,0,0,3,30.41918875909706,28.612792506064707,31.773985948871324,1.0,0.0,0.0,0.0,1,0,0.0,0.0,0.0,1.0,0.0,1.0,0.0,0.0,0.0,0.0,10,1,2021,10,10,5,1,0,2,1,0,1,GRAVE_LESIONADOS,1
6,1,22,0,4,1,-18.02074321474961,-70.56249074931857,0,4,5,1,2,2,2,1,1771.5246645059135,1.8026860294239402,1,0,0.8026860294239401,9,32,350.182868384995,0.546136926712153,75.82140802600848,74.37284916794202,8.671796946200038,838.5367198378004,2477.5277060914023,2650.572,630.6729999999998,487.3610000000001,1532.5379999999998,1068.7019999999998,1581.87,40.31967439480987,6,1,0,0,5,25.18388382345636,25.18388382345636,25.18388382345636,1.0,0.8026860294239401,0.0,1.0,1,0,0.0,0.0,0.0,1.0,0.0,1.0,0.0,0.0,0.0,0.0,8,0,2022,3,9,0,0,0,0,1,0,1,GRAVE_LESIONADOS,1
3,1,2,0,4,1,-13.810570806881058,-74.83721356278429,0,4,4,0,2,1,1,0,6609.385252029921,2.0,2,1,1.0,10,31,1483.3873195240253,0.5650343579140528,79.24979965916927,49.691960354796535,9.310185176891393,998.2567575277201,5032.676277540177,10463.569859281502,1618.9106492629373,1582.539790337112,7262.119419681453,2637.1524515559904,7826.417407725512,25.281166955168445,5,1,0,0,3,34.48607544372785,28.6827447835503,40.2894061039054,1.0,0.0,0.0,0.0,1,0,0.0,0.0,0.0,1.0,0.0,0.0,1.0,0.0,0.3172552164497,0.0,7,0,2022,4,12,0,0,0,0,1,0,1,GRAVE_LESIONADOS,1
3,1,4,0,4,1,-13.343922611043277,-74.1356278616459,1,4,0,0,3,1,1,3,7586.903,2.0,2,0,1.0,9,5,1198.0,0.3247312330485405,68.57537050324747,46.66146619568446,5.125443322268163,386.5923984732166,6998.3704496788005,12678.733000000004,1805.074000000001,1774.0339999999994,9099.625000000004,2485.375000000001,10193.358000000002,19.602707936195205,13,1,0,0,11,41.3107964303352,36.64333851672035,45.978254343950056,1.0,0.0,0.0,0.7180704482484392,1,0,0.0,0.7180704482484392,0.7180704482484392,0.28192955175156076,0.0,0.28192955175156076,0.7180704482484392,0.0,0.0,0.0,17,2,2024,2,8,5,1,0,2,1,0,1,GRAVE_LESIONADOS,1
3,2,3,0,4,1,-16.033132801941353,-71.30473954694396,0,4,3,0,2,1,1,0,1504.4250000000002,2.0,2,0,1.0,7,25,241.0,0.4685280505645348,81.83746865987648,70.74305753660312,6.037751599761188,617.4715908037651,1751.8736616702354,10322.272,1495.236,1749.739,7077.2970000000005,2886.595,7435.677000000001,27.964725207783708,4,2,0,0,2,40.1234361371539,32.18515420573085,48.06171806857695,1.0,0.5308590342884758,0.0,1.0,2,0,0.0,0.4691409657115242,0.0,1.0,0.0,1.0,0.4691409657115242,0.0,0.5308590342884758,0.0,12,1,2023,11,19,5,1,1,0,1,0,1,GRAVE_LESIONADOS,1
3,1,13,1,2,3,-11.75503066928016,-77.03248589706016,0,0,6,0,2,2,2,1,6718.943997439797,2.0,3,3,1.0,13,32,1334.036709526099,0.6792579484586744,78.328783655806,74.47994454443044,9.977645223005855,1362.6655272804246,255259.3621262781,8055.78233978553,1686.0142639215037,1564.795185118074,4804.972890745952,1824.451943003127,6231.330396782403,23.2162869067716,6,1,0,0,4,39.388757881910664,30.379771841066418,48.39774392275491,1.0,0.05168567991113182,0.0,0.0,1,0,0.0,0.05168567991113182,0.9483143200888682,0.9483143200888682,0.0,0.0,1.0,0.0,0.0,0.0,9,1,2021,1,19,1,0,1,0,1,0,1,GRAVE_LESIONADOS,1
3,1,12,0,4,1,-8.37219114880487,-78.62925248518269,0,4,7,1,1,2,2,0,7081.5279539219955,2.8414638415000764,2,0,1.0,1,30,1848.35265326732,0.48826317151238535,76.47426911566599,52.651620481655144,6.539422406982505,841.7365339178376,67921.86146899631,8931.828000000005,1335.5899999999997,1935.9830000000004,5660.255000000005,1219.309,7712.519000000005,13.651281686122925,5,1,0,0,3,49.94512344525027,36.90243390199908,62.98781298850145,1.0,0.8414638415000765,0.0,0.0,1,0,0.0,0.8414638415000765,0.8414638415000765,0.15853615849992353,0.8414638415000765,0.0,1.0,0.0,0.8414638415000765,0.8414638415000765,2,0,2024,5,15,1,0,0,0,1,0,1,GRAVE_LESIONADOS,1
6,1,14,2,2,4,-11.936527553518344,-77.04470571077117,0,0,5,1,2,2,2,0,6543.555,2.0,4,4,1.0,14,33,1198.0,0.7179892830079763,80.00375954963307,77.05701003587247,10.801650191129431,1459.5141299661532,646183.9832845534,7626.313,1683.4029999999998,1599.0829999999996,4343.827000000001,1814.875,5811.438000000001,23.797541485643197,8,1,0,1,6,28.622297392739046,28.622297392739046,28.622297392739046,1.0,0.0,0.0,0.0,1,0,0.0,0.0,0.1873069566242176,0.8126930433757824,0.0,0.0,1.0,0.1873069566242176,0.1873069566242176,0.1873069566242176,17,1,2023,10,25,0,0,1,0,1,0,1,GRAVE_LESIONADOS,1
3,0,11,0,4,1,-11.89749620344609,-75.42879012058516,6,0,7,0,2,1,1,0,344.07768176909065,2.0,0,2,0.13260399074681106,8,29,29.360182649034414,0.5383840840337099,71.15932423577763,68.47203088600008,9.10162834471376,894.3797604495634,1651.3394558604884,12264.545,1826.4639999999995,1105.5389999999998,9332.542,1588.5359999999996,10676.009,12.952261987705208,7,1,0,0,5,48.57724213417124,47.27614812029146,49.87833614805102,1.0,0.0,0.0,0.0,1,0,0.0,0.13260399074681106,0.0,0.8673960092531889,0.0,0.8673960092531889,1.0,0.0,0.13260399074681106,0.0,9,1,2021,3,22,4,0,0,2,1,0,1,GRAVE_LESIONADOS,1
4,1,13,0,4,1,-7.743495660530219,-79.25107058088005,0,4,7,1,2,2,2,0,1183.1417586257346,1.299811191625619,1,0,1.0,2,18,162.53320746108375,0.4887589858684988,77.18640611214622,59.25616489229739,6.914389318893744,774.683554481119,19255.830885945295,4432.16503104216,787.7484308549774,901.9680646130951,2742.4485355740876,962.7796214280972,3469.3854096140626,21.139307251824878,5,2,0,0,3,35.18500114064037,33.434529119704415,36.93547316157632,1.0,0.0,0.0,0.23339626945812697,2,0,0.766603730541873,0.0,0.766603730541873,0.23339626945812697,0.766603730541873,0.23339626945812697,0.0,0.766603730541873,0.766603730541873,0.766603730541873,3,0,2021,10,14,1,0,0,0,1,0,1,GRAVE_LESIONADOS,1
4,1,17,2,3,2,-4.547949489120064,-77.28603056582403,0,0,7,1,2,2,2,0,6543.555,2.5466293943958425,2,1,1.0,6,31,1349.4163422476483,0.6021570444032642,76.89264275546742,64.90984738539521,10.243980659485795,1041.9185587151674,155134.77915339946,5397.705537906074,1032.7451154714936,493.6179993482908,3871.34242308629,1334.8340943145013,4062.8714435915736,24.84869713305598,6,2,0,0,4,50.12865283117367,43.93258788791685,62.06741211208315,1.0,0.4533706056041573,0.0,0.5466293943958427,2,0,0.5466293943958427,0.0,0.5466293943958427,0.4533706056041573,1.0,0.0,0.4533706056041573,0.0,1.0,1.0,7,1,2023,7,11,3,0,0,0,1,0,1,GRAVE_LESIONADOS,1
3,1,5,0,4,1,-6.728297385210055,-78.64250242831662,0,4,3,0,2,1,1,4,9936.932,2.0,2,0,1.0,9,32,3830.0,0.3168099829486558,79.64656928679614,47.245638513342,4.21575604838803,346.69172017732603,5212.429588496282,15935.565011852366,1733.9250000199986,935.692,13265.948011832368,2000.1670000199988,13935.398011832369,12.551591352627522,4,1,0,0,3,52.950384458016714,46.48637335660008,59.414395559433345,1.0,0.0,0.0,1.0,1,0,0.0,0.5171208881133305,0.0,0.48287911188666954,0.48287911188666954,0.0,0.5171208881133305,0.0,0.5171208881133305,0.0,7,1,2022,10,6,4,0,0,2,1,0,1,GRAVE_LESIONADOS,1
6,1,12,0,4,1,-8.02444474898237,-78.29710304893194,0,4,7,1,1,2,2,2,9134.773238481655,2.0,2,0,1.0,10,32,3207.8227823444654,0.42385219236470273,73.96069286016166,56.96802502905385,5.868052249096589,615.929838249825,69102.8952823816,8931.828000000005,1335.5899999999997,1935.9830000000004,5660.255000000005,1219.309,7712.519000000005,13.651281686122925,6,1,0,0,5,42.50859911266902,42.50859911266902,42.50859911266902,1.0,0.23638952038584138,0.0,0.0,1,0,0.0,0.0,0.0,1.0,0.0,0.23638952038584138,0.7636104796141586,0.0,0.23638952038584138,0.0,14,2,2023,9,26,5,1,1,0,1,0,1,GRAVE_LESIONADOS,1
3,2,3,0,4,1,-16.03091465403951,-71.30155103824131,1,4,3,1,2,1,1,1,1504.4250000000002,2.0,2,0,1.0,7,25,241.0,0.4685280505645348,81.83746865987648,70.74305753660312,6.037751599761188,617.4715908037651,1751.8736616702354,10322.272,1495.236,1749.739,7077.2970000000005,2886.595,7435.677000000001,27.964725207783708,4,2,0,0,2,38.13132698666331,33.341997279998566,42.92065669332806,1.0,0.4473324266661878,0.0,0.4473324266661878,2,0,0.0,0.0,0.0,1.0,0.0,1.0,0.5526675733338122,0.0,0.4473324266661878,0.0,12,2,2022,7,11,4,0,0,0,1,0,1,GRAVE_LESIONADOS,1
3,1,18,0,4,0,-14.0988467457787,-71.96990734661739,5,4,6,1,5,1,1,0,6762.799327371813,2.0,3,3,1.0,12,27,1198.0,0.384813754172608,72.53465562341363,62.01635636779774,7.336194275090564,450.1911370634392,8063.490345435459,13352.79519919489,1979.946543836521,2091.746588803311,9281.102066555059,2951.460041430759,10401.335157764132,21.909474921826522,5,1,0,0,3,34.68851083139093,30.73918772621323,38.63783393656862,1.0,0.0,0.0,0.0,1,0,0.0,0.0,0.0,1.0,0.0,1.0,0.7898646210355388,0.7898646210355388,0.7898646210355388,0.0,18,1,2021,6,15,1,0,0,2,1,0,1,GRAVE_LESIONADOS,1
3,2,9,0,4,1,-10.789000298353306,-76.34054601761177,0,4,3,0,2,1,0,0,714.5385555566652,0.14496107886362752,1,0,0.38165369295454254,8,30,137.10077842272744,0.31009705020831346,68.88671819641671,55.11368247893089,4.874712376807428,336.0123402149816,28182.209908704306,8671.873975825478,1403.486279552512,1980.8335126889283,5287.554183584036,1627.5845161529041,7044.289459672572,18.865009353465403,7,2,0,0,5,43.46602145215913,33.656848298636405,53.27519460568186,1.0,0.6183463070454575,0.0,0.0,2,0,0.0,0.38165369295454254,0.0,1.0,0.0,1.0,0.38165369295454254,0.0,0.38165369295454254,0.0,9,1,2021,7,24,2,0,1,1,1,0,1,GRAVE_LESIONADOS,1
5,1,5,0,6,3,-13.858893237518165,-73.85780022117542,5,4,2,0,6,1,1,5,6661.557386928366,2.0,3,3,1.0,13,29,1198.0,0.2619239198530792,80.78291819349774,34.2900212968268,3.8340543560176727,256.87709446690803,2464.1398533975544,12787.71364691401,1829.4701792924166,1839.6412361441887,9118.602231477405,2579.098152766516,10208.615494147492,20.13311648821264,5,1,0,0,3,30.696496091357336,30.0178976548144,31.375094527900274,1.0,0.0,0.11309973942382245,1.0,1,0,0.0,0.8869002605761775,0.0,0.11309973942382245,0.0,0.0,1.0,0.11309973942382245,0.11309973942382245,0.0,12,1,2021,4,24,0,0,0,2,1,0,1,GRAVE_LESIONADOS,1
3,1,5,1,2,3,-14.602763955386143,-73.45276906937407,0,3,0,1,2,1,1,0,6543.555,2.0,4,4,1.0,14,33,1198.0,0.5855212707341223,76.16583529412848,68.45283371897108,8.433272216959052,1067.7294836218193,74854.82848819467,10110.219972355937,1540.1306371612816,1575.7822862484377,6994.307048946217,2781.5262035799365,7328.693768775999,27.454243212090713,5,2,0,0,3,32.46899431517851,25.687337123214323,39.250651507142706,1.0,1.0,0.0,1.0,2,0,0.0,0.8436685616071614,0.8436685616071614,0.0,1.0,0.0,0.8436685616071614,0.15633143839283858,1.0,0.0,9,1,2024,3,6,5,1,0,0,1,0,1,GRAVE_LESIONADOS,1
4,1,12,0,4,2,-7.735023207598327,-78.38227233181378,0,4,7,1,4,2,2,0,6543.555,2.0,4,4,1.0,14,33,1198.0,0.508787031745314,74.23776756511913,51.15331993453081,7.25659399828592,931.3930195875608,9443.898141276915,8931.828000000005,1335.5899999999997,1935.9830000000004,5660.255000000005,1219.309,7712.519000000005,13.651281686122925,5,1,0,0,3,29.066696470952063,29.066696470952063,29.066696470952063,1.0,0.4370337254497708,0.0,0.0,1,0,0.0,0.5629662745502292,0.0,0.4370337254497708,0.0,0.4370337254497708,0.5629662745502292,0.0,0.4370337254497708,0.0,10,1,2023,9,12,5,1,0,0,1,0,1,GRAVE_LESIONADOS,1
6,1,13,0,4,1,-9.884509272358809,-78.01825648929486,0,4,7,1,2,2,2,1,361.9505123236455,2.0,2,0,0.3968893930890396,8,12,72.86002268900678,0.6239422520481304,79.25884473623914,67.94859264165665,8.760461620439017,1186.2356149076122,35526.23723132808,8144.45805601864,1545.3597095215216,1732.7950365316974,4866.30330996542,1578.501171715533,6565.956884303107,19.770598591687875,5,1,0,0,4,49.52131366952746,49.52131366952746,49.52131366952746,1.0,0.0,0.0,0.6031106069109604,1,0,0.0,0.0,0.0,1.0,0.0,0.6031106069109604,0.3968893930890396,0.0,0.3968893930890396,0.0,13,2,2023,9,10,2,0,0,0,1,0,1,GRAVE_LESIONADOS,1
6,1,11,0,4,1,-12.380090890030946,-75.97300757690392,0,4,7,0,2,1,1,1,533.2743939840333,2.0,2,0,0.2564557303627054,8,7,102.7007658474632,0.6330926744212001,78.51084612697582,71.93399258320652,8.939032896837519,1207.3334432013282,35349.40442052583,8317.70713437291,1635.1464945848406,1637.7195945135236,5044.841045274546,2089.723735344319,6227.9833990285915,24.86623963066032,5,1,0,0,4,53.71594786404096,53.71594786404096,53.71594786404096,0.7435442696372946,0.0,0.0,1.0,1,0,0.0,0.0,0.0,1.0,0.0,0.7435442696372946,0.2564557303627054,0.0,0.0,0.0,14,2,2022,9,12,0,0,0,0,1,0,1,GRAVE_LESIONADOS,1
6,1,5,0,4,2,-6.835660948507579,-78.52096613417092,2,4,0,0,4,2,2,0,6543.555,2.0,4,4,1.0,14,33,1198.0,0.252787507000897,69.58950208295555,42.032743118069114,4.174405804648037,265.3037818686074,10336.277497800625,15935.565011852366,1733.9250000199986,935.692,13265.948011832368,2000.1670000199988,13935.398011832369,12.551591352627522,6,1,0,0,5,34.96599434385031,34.96599434385031,34.96599434385031,1.0,0.5807371397973519,0.0,0.5807371397973519,1,0,0.0,0.5807371397973519,0.0,0.41926286020264814,0.5807371397973519,0.41926286020264814,0.0,0.5807371397973519,0.5807371397973519,0.5807371397973519,13,1,2023,3,8,5,1,0,2,1,0,1,GRAVE_LESIONADOS,1
3,2,14,0,4,1,-13.19011682442494,-72.71355418029158,0,1,4,0,2,2,2,2,798.6980659534628,1.0,0,2,0.0,9,32,106.45615579079981,0.4653686696135139,74.03625118330882,65.7633943449058,7.92253749863937,644.371755472396,45943.06998410809,12799.302338746307,1901.8840796349518,1590.1534260116264,9307.264833099727,2258.2658413986774,10541.036497347628,17.353763916929204,7,2,0,0,5,44.8287984860135,34.43386313403149,55.2237338379955,1.0,0.0,0.0,0.3881330810022493,2,0,0.0,0.6118669189977507,0.3881330810022493,1.0,0.0,1.0,1.0,0.3881330810022493,0.0,0.0,9,1,2022,7,30,1,0,1,2,1,0,1,GRAVE_LESIONADOS,1
6,1,22,0,4,1,-17.47983263652136,-70.08766025444028,0,4,1,1,2,2,2,5,2062.119677042416,1.1707602834503856,1,3,0.17076028345038563,9,32,350.5170096862941,0.4715586058836106,80.48329578375515,86.08532269473429,8.036662689871953,517.4047962018028,622.5500503079655,2650.572,630.6729999999998,487.3610000000001,1532.5379999999998,1068.7019999999998,1581.87,40.31967439480987,4,1,0,0,3,31.366082267603083,31.366082267603083,31.366082267603083,1.0,0.0,0.0,1.0,1,0,0.0,0.17076028345038563,0.0,0.8292397165496144,0.0,0.8292397165496144,0.17076028345038563,0.0,0.0,0.0,4,0,2022,4,22,2,0,0,0,1,0,1,GRAVE_LESIONADOS,1
6,1,10,0,4,1,-14.83008859042621,-74.98332323057016,0,4,7,1,2,2,2,0,6639.975,2.0,2,0,1.0,9,31,1616.0,0.5563774842369664,77.00938809632027,69.10246351364754,8.476961866273152,914.8835608305218,27932.19700214133,3721.461,698.1859999999996,744.866,2278.409,1102.9029999999996,2618.558,29.636290693359403,4,1,0,0,3,28.495208125580447,28.495208125580447,28.495208125580447,0.7731628976745049,0.22683710232549514,0.0,0.0,1,0,0.0,0.0,0.0,1.0,0.0,0.22683710232549514,0.7731628976745049,0.22683710232549514,0.22683710232549514,0.22683710232549514,7,0,2023,4,28,3,0,1,0,1,0,1,GRAVE_LESIONADOS,1
4,1,10,0,4,1,-8.298088471130516,-78.04512952030456,0,4,4,0,1,2,2,1,6543.555,2.575501018469059,2,1,1.0,5,31,1357.4137821159293,0.3786483082901848,78.16080080005182,50.032912804583596,4.561411201989024,633.25189227762,24727.096893963087,8625.012446619903,1334.6934581510063,1450.3536181347145,5839.965370334182,1151.6226373948914,7473.389809225012,13.336969004942198,5,1,0,0,3,32.76347657521164,32.76347657521164,32.76347657521164,1.0,0.575501018469059,0.0,0.0,1,0,0.0,0.424498981530941,0.575501018469059,0.575501018469059,0.575501018469059,0.0,0.424498981530941,0.575501018469059,0.424498981530941,0.0,18,2,2021,2,11,3,0,0,0,1,0,1,GRAVE_LESIONADOS,1
4,1,6,0,4,1,-12.803141007553482,-74.70238549455655,0,4,7,1,2,1,1,0,1125.949044598492,2.0,2,0,1.0,7,26,181.29512850912926,0.5973099052592503,79.07427999580139,72.04826661910612,8.79300040337774,1016.086853518714,33929.94003127558,9733.504054359915,1427.6356885529676,1828.6019367797571,6477.2664290271905,2180.6014087338444,7552.902645626071,21.90385778897099,6,1,0,0,5,35.22497912160332,25.423438804899792,45.02651943830685,1.0,0.0,0.0,0.0,1,0,0.0,0.5765611951002075,0.0,0.42343880489979246,0.0,0.0,1.0,0.0,0.42343880489979246,0.0,12,2,2021,9,10,3,0,0,0,1,0,1,GRAVE_LESIONADOS,1
7,1,10,0,4,1,-14.384495594341487,-75.46602614537403,0,4,7,1,2,2,2,0,6639.975,2.0,2,0,1.0,9,31,1616.0,0.5801164349109406,77.92088538623545,68.39284266272564,8.795345563669745,987.6730799524724,27932.19700214133,3721.461,698.1859999999996,744.866,2278.409,1102.9029999999996,2618.558,29.636290693359403,4,1,0,0,3,28.910434946835966,28.910434946835966,28.910434946835966,1.0,0.0,0.0,0.48507249113932793,1,0,0.0,0.0,0.0,1.0,0.0,0.0,1.0,0.0,0.0,0.0,3,0,2022,6,28,3,0,1,0,1,0,1,GRAVE_LESIONADOS,1