CLASE SINIESTRO,CANTIDAD DE VEHICULOS DAÑADOS,DEPARTAMENTO,ZONA,TIPO DE VÍA,RED VIAL,COORDENADAS LATITUD,COORDENADAS  LONGITUD,CONDICIÓN CLIMÁTICA,ZONIFICACIÓN,CARACTERÍSTICAS DE VÍA,PERFIL LONGITUDINAL VÍA,SUPERFICIE DE CALZADA,¿EXISTE SEÑAL VERTICAL?,¿EXISTE SEÑAL HORIZONTAL?,CAUSA FACTOR PRINCIPAL,MTC_RVN_LONGITUD_KM,MTC_RVN_N_CARRILES_MEDIANA,MTC_RVN_SUPERFICIE_DOMINANTE,MTC_RVN_ESTADO_DOMINANTE,MTC_RVN_ES_CONCESIONADA,MTC_RVN_CONCESION_PRINCIPAL,MTC_RVN_CORREDOR_LOGISTICO,MTC_RVN_N_TRAMOS,IDH_2019,IDH_ESP_VIDA_2019,IDH_EDUC_SECUND_PCT_2019,IDH_ANIOS_EDUC_2019,IDH_INGRESO_PERCAP_2019,IDH_POBLACION_2019,MTC_DEP_RED_TOTAL_KM,MTC_DEP_NACIONAL_TOTAL_KM,MTC_DEP_DEPARTAMENTAL_TOTAL_KM,MTC_DEP_VECINAL_TOTAL_KM,MTC_DEP_PAV_TOTAL_KM,MTC_DEP_NO_PAV_TOTAL_KM,MTC_DEP_PCT_PAVIMENTADA,PER_TOTAL_PERSONAS,PER_N_CONDUCTORES,PER_N_CONDUCTORES_FUGADOS,PER_N_PEATONES,PER_N_PASAJEROS_OCUPANTES,PER_EDAD_COND_PROM,PER_EDAD_COND_MIN,PER_EDAD_COND_MAX,PER_ANY_COND_MASCULINO,PER_ANY_LIC_PROBLEMA,PER_ANY_DOSAJE_POS,PER_ANY_DOSAJE_EVALUADO,VEH_TOTAL,VEH_N_FUGADOS,VEH_ANY_FUGADO,VEH_ANY_CARGA,VEH_ANY_PUBLICO,VEH_ANY_PARTICULAR,VEH_ANY_MOTO,VEH_ANY_AUTO,VEH_ANY_CAMION_BUS,VEH_ANY_SOAT_PROBLEMA,VEH_ANY_CITV_PROBLEMA,VEH_ANY_SEGURO_PROBLEMA,HORA_NUM,FRANJA_HORARIA,ANIO,MES,DIA_MES,DIA_SEMANA,ES_FIN_SEMANA,ES_QUINCENA,REGION_NATURAL,TIENE_SEÑALIZACION,ES_VIA_MULTICARRIL,ES_DEPTO_BAJO_PAVIMENTO,CATEGORIA_SEVERIDAD,CATEGORIA_SEVERIDAD_ENC
3,1,20,1,4,1,-15.820343383945245,-70.01717022238167,0,0,5,1,2,0,0,2,6721.630960767715,2.0,3,3,1.0,13,28,1198.0,0.6488901960567479,69.67312345830231,82.12448375199249,11.701623814093702,1230.336353415943,144745.3597430407,13642.312999999998,2020.7790000000005,2354.117,9267.416999999998,3314.0520000000006,10328.260999999997,24.29244952817019,4,1,0,0,2,32.04924179993101,29.9759353881866,34.12254821167543,1.0,0.0,0.0,0.0,1,0,0.0,0.0,0.8293225646977663,0.8293225646977663,0.0,0.8293225646977663,1.0,0.0,0.17067743530223367,0.0,6,1,2022,8,9,5,0,0,2,1,0,1,GRAVE_LESIONADOS,1
4,1,7,0,4,2,-13.722340850605322,-71.75388127984586,0,4,7,1,2,1,1,2,6895.261087428802,2.0,3,2,1.0,12,23,1198.0,0.27919751945419585,70.7969151095447,54.57728788768034,5.200051346943671,233.734007302205,5315.317697816588,17779.13499998999,2097.3709999899997,2863.123,12818.640999999989,2878.713,14900.421999989989,16.19152450331032,5,1,0,0,4,43.26940628985762,38.88718757033698,47.651625009378265,1.0,0.0,0.0,0.3370937476554342,1,0,0.0,0.3370937476554342,0.0,1.0,0.0,0.3370937476554342,1.0,0.6629062523445658,0.6629062523445658,0.6629062523445658,16,2,2023,4,9,2,0,0,2,1,0,1,GRAVE_LESIONADOS,1
3,1,20,0,4,0,-14.942196422200812,-70.77463867813364,5,4,6,1,5,2,2,0,6697.408409805409,2.0,3,3,1.0,13,28,1198.0,0.31699618168985866,70.630509210365,61.496682343941444,6.678371750475049,260.9934890655178,7700.560575015877,13642.312999999998,2020.7790000000005,2354.117,9267.416999999998,3314.0520000000006,10328.260999999997,24.29244952817019,5,2,0,0,3,37.958498184436216,31.262693704279833,44.65430266459259,1.0,0.0,0.14746125914403296,0.14746125914403296,2,0,0.0,0.0,0.0,1.0,0.14746125914403296,1.0,0.852538740855967,0.852538740855967,1.0,0.14746125914403296,20,2,2021,5,19,1,0,1,2,1,0,1,GRAVE_LESIONADOS,1
5,1,12,0,4,1,-7.990781963247097,-78.2885361221899,0,4,7,1,2,2,2,4,9936.932,2.0,2,0,1.0,9,32,3830.0,0.4320883936567258,76.718936301794,43.003289188979466,6.269065613037991,662.0777072841523,13167.552462526766,8931.828000000005,1335.5899999999997,1935.9830000000004,5660.255000000005,1219.309,7712.519000000005,13.651281686122925,17,1,0,0,16,45.517816658376844,44.61502838462269,46.42060493213099,1.0,0.0,0.0,0.0,1,0,0.0,0.2579395067869006,0.7420604932130994,0.0,0.0,0.0,1.0,0.0,0.0,0.0,9,1,2023,6,26,3,0,1,0,1,0,1,GRAVE_LESIONADOS,1
3,1,11,0,4,1,-11.808367912833377,-75.51202660311888,2,4,3,1,2,0,1,2,7586.903,2.0,2,0,1.0,9,5,1198.0,0.5097552221110888,71.08428268937274,70.03365023515796,8.501815380511593,778.9747366805432,828.0341419955428,12264.545,1826.4639999999995,1105.5389999999998,9332.542,1588.5359999999996,10676.009,12.952261987705208,5,2,0,0,3,38.27121443542043,27.67820125753164,48.864227613309225,1.0,0.0,0.0,1.0,2,0,0.0,0.0,0.0,1.0,0.4915142258318266,1.0,0.0,0.0,0.4915142258318266,0.0,17,2,2023,4,24,4,0,1,2,1,0,1,GRAVE_LESIONADOS,1
3,1,13,0,4,2,-11.245332060241948,-77.44779015889554,1,4,0,0,2,2,2,1,6543.555,2.0,4,4,1.0,14,33,1198.0,0.7293019168014124,78.28126377917427,76.0876469908285,13.554476184766273,1393.632011770149,62097.97469182989,7530.750841781926,1659.2921085159855,1578.1780284142474,4293.280704851694,1797.4511434976694,5733.299698284258,23.940431273933108,8,1,0,0,6,46.022782915907584,36.75527329020902,55.29029254160615,1.0,0.0,0.0,1.0,1,0,0.0,0.0,0.9755273290209018,0.02447267097909822,0.0,0.02447267097909822,0.9755273290209018,0.0,0.0,0.0,6,0,2023,9,12,1,0,0,0,1,0,1,GRAVE_LESIONADOS,1
3,1,10,0,4,1,-13.951447690290408,-75.81470063854167,0,2,7,1,2,2,2,2,6639.975,2.0,2,0,1.0,9,31,1616.0,0.6053164595604621,78.88848309050202,67.63954639531094,9.133324993872453,1064.9426147896202,27932.19700214133,3721.461,698.1859999999996,744.866,2278.409,1102.9029999999996,2618.558,29.636290693359403,6,1,0,0,5,40.666620870275366,31.66538436771019,49.667857372840544,1.0,1.0,0.0,1.0,1,0,0.0,0.0,0.0,1.0,0.6667582594492724,0.33324174055072764,0.6667582594492724,0.0,0.0,0.0,4,0,2021,4,15,1,0,0,0,1,0,1,GRAVE_LESIONADOS,1
6,1,7,0,4,2,-13.248229715602356,-72.20794781773529,0,4,0,0,1,1,0,0,6543.555,2.0,4,4,1.0,14,33,1198.0,0.3794336328705537,71.46015315665268,58.12662496222651,5.653409576873728,494.81959050690773,3059.5955246404305,17779.13499998999,2097.3709999899997,2863.123,12818.640999999989,2878.713,14900.421999989989,16.19152450331032,9,1,0,0,8,49.041483037560354,49.041483037560354,49.041483037560354,1.0,0.5950463449237612,0.0,0.4049536550762388,1,0,0.0,0.5950463449237612,0.0,0.4049536550762388,0.0,0.4049536550762388,0.5950463449237612,0.5950463449237612,0.5950463449237612,0.0,10,1,2022,3,9,3,0,0,2,1,0,1,GRAVE_LESIONADOS,1
6,1,5,0,4,2,-7.4723058813567675,-77.6555328344642,0,4,0,0,2,1,0,2,6543.555,2.0,4,4,1.0,14,33,1198.0,0.20628254142649294,73.14645582411735,37.735782262927366,3.6683887689199093,157.38789164606285,1418.2036372713526,16101.847097800595,1766.706266472271,1109.5379886326573,13225.602842695667,2079.408071646319,14022.439026154278,12.879897671835439,4,1,0,0,3,25.70587100600733,25.70587100600733,25.70587100600733,1.0,0.0,0.0,1.0,1,0,0.0,0.09019570020024437,0.0,0.9098042997997556,0.0,0.9098042997997556,0.09019570020024437,0.0,0.9098042997997556,0.0,13,3,2023,1,3,0,0,0,2,1,0,1,GRAVE_LESIONADOS,1
4,1,7,0,4,1,-13.777401759847793,-71.88465496301434,0,4,2,1,2,2,2,2,5323.874367985746,1.606015002479443,3,3,0.6060150024794432,12,24,1162.9353352206704,0.3577865976549316,69.95252318106668,58.4163497498067,5.1221429744280345,450.10250490959936,12071.801609064383,17779.13499998999,2097.3709999899997,2863.123,12818.640999999989,2878.713,14900.421999989989,16.19152450331032,4,1,0,0,2,31.727067511157493,25.363909985123342,38.090225037191644,1.0,0.6060150024794432,0.0,0.0,1,0,0.0,0.0,0.0,1.0,0.6060150024794432,0.3939849975205568,0.0,0.6060150024794432,0.6060150024794432,0.6060150024794432,11,1,2022,7,11,0,0,0,2,1,0,1,GRAVE_LESIONADOS,1
3,2,18,0,4,1,-15.105259895522954,-70.63287087502563,0,4,6,1,2,1,1,2,1754.4354755988945,2.0,2,0,1.0,6,22,401.4849815360613,0.2867914470747597,77.62871964413486,59.58849771955757,5.389486679104755,206.75439667743012,1665.5624174509494,13555.945615879134,2001.444978339328,2302.1231320461375,9252.37750549367,3239.7762109932496,10316.169404885884,23.87209967294105,5,2,0,0,2,34.03456075565128,26.44815886652309,39.193314040258436,1.0,0.0,0.0,0.08963177330461791,2,0,0.08963177330461791,0.0,0.0,1.0,0.0,0.9103682266953821,1.0,0.9103682266953821,0.9103682266953821,0.08963177330461791,19,2,2021,1,26,5,1,1,2,1,0,1,GRAVE_LESIONADOS,1
5,1,8,0,4,1,-12.82592826470928,-74.90363783516786,0,4,0,1,2,2,2,0,963.0897983603247,1.040764564676178,1,0,0.0,9,31,157.9504499126882,0.20861654607460295,63.310367712259776,51.405661404994284,4.704762236714477,172.8178768199257,26904.011838533836,8475.344753865773,1455.0953740385767,1991.8256419909385,5028.423737836258,1876.9413696071924,6598.4033842585795,22.15290151291361,5,1,0,0,4,51.36814924751924,50.73629849503848,52.0,1.0,0.0,0.0,0.04076456467617795,1,0,0.0,0.04076456467617795,0.0,0.959235435323822,0.0,1.0,0.04076456467617795,0.0,0.0,0.0,16,3,2023,5,5,0,0,0,1,1,0,1,GRAVE_LESIONADOS,1
3,1,9,1,4,1,-8.958170786459563,-76.65378355854389,5,4,1,0,2,1,0,1,669.6986868683504,2.0,2,2,0.2843373479276886,8,15,206.6337351587744,0.3743546005601028,73.57731892778533,39.63786174351926,5.278459291244891,549.7634194312147,10607.67313011028,8414.567789299046,1334.0785204788228,1117.2606320533637,5963.2286367668585,1105.1965901270696,7309.371199171975,13.121382070857624,5,1,0,0,4,43.75060237215606,34.089156569179856,53.41204817513226,1.0,0.2843373479276886,0.0,0.0,1,0,0.0,0.0,0.0,1.0,0.7156626520723114,1.0,0.0,0.0,0.7156626520723114,0.0,16,3,2022,2,26,6,1,1,1,1,0,1,GRAVE_LESIONADOS,1
3,2,3,0,4,1,-16.019111127675128,-71.28360107410408,0,4,0,0,2,2,2,0,1504.4250000000002,2.0,2,0,1.0,7,25,241.0,0.4685280505645348,81.83746865987648,70.74305753660312,6.037751599761188,617.4715908037651,1751.8736616702354,10322.272,1495.236,1749.739,7077.2970000000005,2886.595,7435.677000000001,27.964725207783708,5,2,0,0,3,37.36447936440712,29.63552063559288,45.09343809322136,1.0,0.0,0.0,0.7881597881357064,2,0,0.0,0.7881597881357064,0.0,1.0,0.0,1.0,1.0,0.0,0.0,0.0,15,3,2022,9,21,4,0,0,0,1,0,1,GRAVE_LESIONADOS,1
3,2,7,0,4,1,-13.378760766449611,-72.052414210186,0,4,7,1,2,0,1,1,3393.290809445711,1.2958956392283631,2,2,0.29589563922836315,7,13,948.3286678989988,0.4493803444462436,70.96406040321288,69.64433466053917,6.615272835702047,640.5905028285216,10303.38453425734,17779.13499998999,2097.3709999899997,2863.123,12818.640999999989,2878.713,14900.421999989989,16.19152450331032,12,2,0,0,10,36.70410436077164,33.88768691768509,39.52052180385819,1.0,0.0,0.0,0.29589563922836315,2,0,0.0,0.0,0.7041043607716369,1.0,0.0,1.0,1.0,0.0,0.29589563922836315,0.0,16,2,2023,8,9,1,0,0,2,1,0,1,GRAVE_LESIONADOS,1
4,1,6,0,4,1,-12.750732972921146,-75.03262126487381,0,4,2,1,2,2,2,3,1071.2741904357563,2.0,2,1,1.0,6,27,200.1241301014104,0.3097183958960972,74.66358179855656,50.51564637287813,5.520449723426287,295.90972535132653,4242.08627137724,12508.803689994442,1813.8496959183249,1499.7699119719366,9195.18408210418,2117.427998985782,10391.37569100866,16.87422306638685,6,2,0,0,4,36.33352253100595,33.46162578354121,39.205419278470686,1.0,0.0,0.0,1.0,2,0,0.5897290360764658,0.0,0.0,1.0,0.0,0.0,1.0,0.0,0.0,0.5897290360764658,9,1,2022,2,17,3,0,0,2,1,0,1,GRAVE_LESIONADOS,1
4,1,3,0,4,1,-16.716215776898135,-71.93742436006015,0,4,7,1,2,0,1,1,289.55,2.0,2,0,1.0,7,25,10.0,0.6456305778571253,75.67334095395331,77.09261911098552,10.479683603540597,1179.2653123056473,21630.747323340474,10322.272,1495.236,1749.739,7077.2970000000005,2886.595,7435.677000000001,27.964725207783708,4,1,0,0,3,40.546598462334714,36.94729621365067,44.145900711018754,1.0,0.5500872189144946,0.0,0.5500872189144946,1,0,0.0,0.0,0.0,1.0,0.0,1.0,0.44991278108550536,0.0,0.0,0.0,18,2,2022,2,16,4,0,0,0,1,0,1,GRAVE_LESIONADOS,1
6,1,8,0,4,1,-13.542673549144457,-75.35344685700049,1,4,0,0,2,2,2,0,1651.716421802483,1.8583733797610624,1,3,0.8583733797610624,9,22,308.6268020892478,0.4988424992371099,73.12391505169352,52.123426290310995,8.506588576569936,817.4047595613013,1936.1937572862712,8511.426,1445.3929999999996,2008.516,5057.516999999999,1879.579,6631.846999999998,22.08300935706896,4,1,0,0,3,18.566506480955752,18.566506480955752,18.566506480955752,1.0,0.8583733797610624,0.0,0.0,1,0,0.0,0.0,0.0,1.0,0.0,1.0,0.0,0.0,0.0,0.0,15,2,2022,3,3,3,0,0,2,1,0,1,GRAVE_LESIONADOS,1
3,1,14,2,4,0,-11.931375289492227,-76.87663784155536,0,0,7,0,2,2,2,1,6635.813095064503,2.0,2,0,1.0,9,31,1597.9573090330005,0.811712536349714,80.36217401363562,77.96656095673224,13.453133336536638,1826.3065521370045,106890.41678568158,7413.203180066254,1627.6905371118364,1586.671053037675,4198.841589916744,1747.8288351742863,5665.3743448919695,23.190236804962833,34,2,0,0,31,40.87050700262919,28.913671335086125,52.82734267017225,1.0,0.0,0.0,0.0,2,0,0.0,0.0,1.0,0.04316433245693696,0.04316433245693696,0.0,0.956835667543063,0.04316433245693696,1.0,0.04316433245693696,7,1,2023,5,2,2,0,0,0,1,0,1,GRAVE_LESIONADOS,1
4,1,10,1,4,1,-13.945393353357318,-75.85528691504176,0,2,7,1,2,2,2,2,6639.975,2.0,2,0,1.0,9,31,1616.0,0.6053164595604621,78.88848309050202,67.63954639531094,9.133324993872453,1064.9426147896202,27932.19700214133,3721.461,698.1859999999996,744.866,2278.409,1102.9029999999996,2618.558,29.636290693359403,8,1,0,0,6,38.245662778068365,31.508674443863267,44.982651112273466,1.0,0.4990361729040813,0.5009638270959187,1.0,1,0,0.0,0.0,0.0,0.4990361729040813,0.4990361729040813,0.0,1.0,0.0,0.0,0.0,4,0,2021,4,12,3,0,0,0,1,0,1,GRAVE_LESIONADOS,1
3,1,12,0,4,2,-7.237399520400842,-79.42392926429784,0,4,7,1,1,2,2,1,6543.555,2.0,4,4,1.0,14,33,1198.0,0.48934728816070905,78.42309803461409,58.937717025502906,6.2058948602565405,813.4826243414725,24669.328986520297,8931.828000000005,1335.5899999999997,1935.9830000000004,5660.255000000005,1219.309,7712.519000000005,13.651281686122925,4,1,0,0,2,35.0,25.68464950844738,44.31535049155262,1.0,0.06846495084473803,0.0,0.0,1,0,0.0,0.0,0.931535049155262,0.06846495084473803,0.931535049155262,0.0,0.06846495084473803,0.0,0.0,0.0,18,2,2021,3,6,3,0,0,0,1,0,1,GRAVE_LESIONADOS,1
3,1,14,2,2,4,-11.92069584514231,-77.0759499878157,0,3,1,1,1,2,2,0,6543.555,2.0,4,4,1.0,14,33,1198.0,0.7187960141444859,79.94936113985979,76.69702928115191,10.626422774193692,1487.2686932944248,372200.7472813064,7626.313,1683.4029999999998,1599.0829999999996,4343.827000000001,1814.875,5811.438000000001,23.797541485643197,10,2,0,0,8,34.4583297349024,31.66666327990814,37.249996189896656,1.0,0.5833329099885175,0.0,0.0,2,0,0.0,0.0,0.4166670900114825,1.0,0.4166670900114825,0.4166670900114825,0.5833329099885175,1.0,1.0,1.0,9,1,2023,5,13,2,0,0,0,1,0,1,GRAVE_LESIONADOS,1
6,1,11,0,4,2,-11.626731365852683,-75.46494502711198,3,4,3,1,4,2,2,0,6543.555,2.0,4,4,1.0,14,33,1198.0,0.46442474462871725,74.07902859117492,58.71185082957956,6.781517016341742,714.4596743344225,12492.421560946517,12264.545,1826.4639999999995,1105.5389999999998,9332.542,1588.5359999999996,10676.009,12.952261987705208,6,1,0,0,5,39.76868930827503,39.76868930827503,39.76868930827503,1.0,0.0,0.0,0.4616158131035668,1,0,0.0,0.5383841868964332,0.0,0.4616158131035668,0.0,0.4616158131035668,0.5383841868964332,0.0,0.0,0.0,8,1,2021,4,11,5,1,0,2,1,0,1,GRAVE_LESIONADOS,1
6,1,4,0,4,1,-13.466651540402106,-74.15817105800531,0,4,3,0,4,1,0,4,7112.7193495364945,2.0,2,1,1.0,11,17,1198.0,0.3595226045341684,71.75251245863055,51.95529174898144,5.5498880429044055,432.19057409388165,6730.479641503452,12678.733000000004,1805.074000000001,1774.0339999999994,9099.625000000004,2485.375000000001,10193.358000000002,19.602707936195205,4,1,0,0,3,33.45310285797321,33.45310285797321,33.45310285797321,1.0,0.4544827329553567,0.0,0.4544827329553567,1,0,0.0,0.4544827329553567,0.0,0.5455172670446433,0.0,0.5455172670446433,0.4544827329553567,0.4544827329553567,0.0,0.0,15,3,2023,5,8,5,1,0,2,1,0,1,GRAVE_LESIONADOS,1
3,2,10,2,4,1,-13.420022029092914,-76.13351496568676,0,0,5,1,2,2,2,1,6619.795474033266,2.0,2,0,1.0,10,31,1528.51771568041,0.6028307721758831,80.70314316011225,69.88275336659251,10.315552163123431,933.6496555361466,66359.74004816465,3721.461,698.1859999999996,744.866,2278.409,1102.9029999999996,2618.558,29.636290693359403,9,2,0,0,7,43.077815515554235,33.32569790775904,52.302791631036165,1.0,0.0,0.0,0.20928776153011985,2,0,0.0,0.0,0.0,1.0,0.0,1.0,0.0,0.0,0.7907122384698801,0.0,19,1,2023,8,4,3,0,0,0,1,0,1,GRAVE_LESIONADOS,1
3,1,13,2,2,3,-11.999298946402206,-76.95275420225383,0,0,6,1,2,1,1,1,6522.515575506332,2.0,3,3,1.0,13,32,1194.1203937667642,0.6829118903313618,78.58859122393308,74.48928370231408,10.002290890389048,1375.0842006046514,255152.05187047075,7657.220599135867,1683.5909247039242,1596.6154104902466,4377.014263941696,1815.5642233923743,5841.656375743493,23.75571036557157,5,1,0,0,3,40.442345257320085,30.977682035091647,49.90700847954852,1.0,0.0,0.0,0.0,1,0,0.0,0.0,0.9962803391819408,1.0,0.0,0.0037196608180591895,0.9962803391819408,0.0,0.0037196608180591895,0.0,8,0,2021,1,19,1,0,1,0,1,0,1,GRAVE_LESIONADOS,1
3,1,7,0,4,1,-13.891778435599058,-71.62720336551277,0,4,6,0,2,1,1,1,2563.227640022168,1.2754813194318162,1,0,0.7584937731439387,5,21,438.2432059931436,0.46391054331673703,65.5562407639945,72.2728185073772,7.20890825376422,729.2044050940183,8246.73767014735,17779.13499998999,2097.3709999899997,2863.123,12818.640999999989,2878.713,14900.421999989989,16.19152450331032,7,1,0,0,6,32.61891282401514,32.61891282401514,32.61891282401514,0.7584937731439387,0.0,0.0,0.7584937731439387,1,0,0.0,0.0,0.0,1.0,0.0,1.0,0.7584937731439387,0.0,0.7584937731439387,0.0,18,2,2023,5,26,6,1,1,2,1,0,1,GRAVE_LESIONADOS,1
6,1,15,0,5,2,-13.161787403455307,-72.44108189581415,0,4,1,1,2,2,2,3,6543.555,2.0,4,4,1.0,14,33,1198.0,0.4497123275993824,72.09695264666293,70.23009297021633,7.2053447081407604,606.600916013991,12208.013056863427,12940.032725306099,1921.7321419098532,1717.687861845564,9300.61272155068,2434.5165118273026,10505.516213478795,18.512093168465146,4,1,0,0,3,43.35415242594652,43.35415242594652,43.35415242594652,1.0,0.0,0.0,0.5097231716035652,1,0,0.0,0.0,0.0,1.0,0.0,0.5097231716035652,0.4902768283964348,0.0,0.4902768283964348,0.0,8,1,2021,2,19,2,0,1,2,1,0,1,GRAVE_LESIONADOS,1
3,1,13,2,3,2,-8.870117943223448,-78.7306513636914,0,2,3,1,2,2,2,0,6580.190738596885,2.0,3,2,1.0,12,32,1356.8232600445765,0.6158296529859684,79.87878685673641,72.38244747244524,9.693105150183962,1062.058400469318,96525.3708044958,5042.840496204435,958.9847905831114,1035.2464823871671,3048.609223234156,1125.68808613576,3917.1524100686747,21.647523666037188,5,2,0,0,3,33.329859832909136,27.58036042966223,39.07935923615604,1.0,0.0,0.0,0.6200400477402475,2,0,0.0,1.0,0.0,0.6200400477402475,0.6200400477402475,0.0,1.0,0.0,0.6200400477402475,0.6200400477402475,5,0,2022,6,19,3,0,0,0,1,0,1,GRAVE_LESIONADOS,1
4,1,7,0,4,0,-12.061043142075343,-75.00103593471754,0,4,2,0,2,1,1,0,7011.481165666092,2.0,3,2,1.0,11,20,1198.0,0.312114599207045,75.70677612670552,55.43613347688803,5.032015440623183,288.68061481159185,5280.6121456230285,12450.302199615957,1816.8709009730237,1405.3491324936203,9228.082166149312,1990.7550433966544,10459.547156219302,15.934888755232937,5,1,0,0,3,47.48485228002634,42.55151477199737,52.41818978805531,1.0,1.0,0.0,0.0,1,0,0.0,0.4484852280026338,0.4484852280026338,0.0,0.4484852280026338,0.5515147719973662,0.4484852280026338,0.0,0.4484852280026338,0.0,7,1,2022,3,27,3,0,1,2,1,0,1,GRAVE_LESIONADOS,1
3,1,3,0,4,1,-16.671478149308623,-72.03459070454421,0,4,7,1,2,0,1,0,287.7566705070005,2.0,2,0,1.0,6,25,10.483794510898761,0.6441835877273463,75.60098188442916,77.13386422853968,10.468308048847375,1174.0057270701568,21600.701301499797,10359.858440642676,1501.645851530239,1737.272583043161,7120.940006069275,2861.47524723909,7498.383193403584,27.674207315745967,6,2,0,0,4,61.70972329346074,53.51620548910124,69.90324109782024,1.0,0.0,0.0,0.019351780435950428,2,0,0.0,0.0,0.019351780435950428,1.0,0.0,0.9806482195640496,1.0,0.0,0.0,0.019351780435950428,19,2,2024,2,30,5,0,0,0,1,0,1,GRAVE_LESIONADOS,1
4,1,14,0,4,1,-16.771037785145403,-70.35501499951613,0,4,7,1,2,1,0,1,1668.4556085852319,2.0,2,0,1.0,9,24,267.6025675391802,0.39974784013847103,74.2501690936912,75.12809827316958,8.548230162681417,505.09898830757584,20716.125600403713,12479.394368210635,1836.69580750133,2142.4200851596133,8500.27847554969,3164.3256232508015,9315.068744959832,25.578746236219736,5,1,0,0,4,44.19782103464538,41.39564206929076,47.0,1.0,0.3502723706693276,0.0,0.3502723706693276,1,0,0.0,0.0,0.0,1.0,0.3502723706693276,1.0,0.0,0.3502723706693276,0.3502723706693276,0.3502723706693276,11,0,2022,4,12,3,0,0,1,1,0,1,GRAVE_LESIONADOS,1
4,1,14,2,2,4,-12.091671073931343,-76.99259897387324,0,0,7,1,2,2,2,0,6543.555,2.0,4,4,1.0,14,33,1198.0,0.7093780506083132,80.12076020341792,76.00082693888511,10.44174477032302,1444.1780651263887,491193.38204871904,7626.313,1683.4029999999998,1599.0829999999996,4343.827000000001,1814.875,5811.438000000001,23.797541485643197,6,1,0,0,4,52.84303597135471,52.84303597135471,52.84303597135471,1.0,0.5478170606398921,0.0,0.0,1,0,0.0,0.0,0.0,1.0,0.5478170606398921,0.0,1.0,0.5478170606398921,0.5478170606398921,0.5478170606398921,19,2,2023,7,23,3,0,1,0,1,0,1,GRAVE_LESIONADOS,1
3,1,12,0,4,1,-8.455113185881173,-78.73723621790874,0,4,7,1,2,2,2,0,6543.555,2.8664844486471805,2,0,1.0,1,30,1438.016192275269,0.5051395598219868,77.13285387085847,51.52067479184955,6.715328807318118,900.900383457586,67612.41755888652,8931.828000000005,1335.5899999999997,1935.9830000000004,5660.255000000005,1219.309,7712.519000000005,13.651281686122925,5,1,0,0,3,47.49590009456156,34.06539114053027,60.92640904859286,1.0,1.0,0.0,0.0,1,0,0.0,0.8664844486471804,0.8664844486471804,0.13351555135281956,0.8664844486471804,0.13351555135281956,0.8664844486471804,0.0,1.0,0.8664844486471804,0,0,2023,5,16,1,0,0,0,1,0,1,GRAVE_LESIONADOS,1
6,1,7,0,4,1,-14.876060375019572,-71.23722911088284,3,4,0,0,2,1,1,2,706.623780696521,1.0,2,3,0.0,9,3,141.72505615597944,0.35495913268481977,68.7509544619072,63.5430153860896,5.087982475082096,430.58552240572163,1218.599670223748,17779.13499998999,2097.3709999899997,2863.123,12818.640999999989,2878.713,14900.421999989989,16.19152450331032,4,1,0,0,3,28.0,28.0,28.0,1.0,0.0,0.0,0.0,1,0,0.0,0.0,0.0,1.0,0.0,1.0,0.0,0.0,0.04795773243698764,0.0,3,0,2023,5,13,5,0,0,2,1,0,1,GRAVE_LESIONADOS,1
3,1,16,0,4,1,-14.950713785467205,-71.05518417163155,5,4,6,0,2,1,1,2,7586.903,2.0,2,0,1.0,9,5,1198.0,0.3622231864529935,74.5279077615636,64.45844959395032,5.547238081691025,379.41723188261824,5525.832719854548,13425.902100071036,1972.3337093451746,2223.835877453358,9229.732513272504,3127.939030323965,10297.96306974707,23.239178187592763,5,2,0,0,3,32.839352620595136,29.593447766520086,36.08525747467019,1.0,0.22459048540750537,0.0,0.0,2,0,0.0,0.22459048540750537,0.22459048540750537,0.7754095145924946,0.22459048540750537,0.7754095145924946,0.22459048540750537,0.0,1.0,0.7754095145924946,18,1,2021,7,25,4,0,1,2,1,0,1,GRAVE_LESIONADOS,1
3,2,7,0,4,1,-14.205995226314055,-71.29220829557983,1,4,7,1,2,1,0,2,7586.903,2.0,2,0,1.0,9,5,1198.0,0.28915225829315994,69.53013203865451,62.75044535201017,5.497928758106279,238.37285087865587,5079.551170804993,17779.13499998999,2097.3709999899997,2863.123,12818.640999999989,2878.713,14900.421999989989,16.19152450331032,7,2,0,0,5,36.85080698811182,26.41888127593572,47.282732700287916,1.0,0.0,0.0,1.0,2,0,0.0,1.0,0.5706831750719786,0.42931682492802137,0.0,0.42931682492802137,1.0,0.0,0.0,0.0,13,1,2022,2,7,2,0,0,2,1,0,1,GRAVE_LESIONADOS,1