CLASE SINIESTRO,CANTIDAD DE VEHICULOS DAÑADOS,DEPARTAMENTO,ZONA,TIPO DE VÍA,RED VIAL,COORDENADAS LATITUD,COORDENADAS  LONGITUD,CONDICIÓN CLIMÁTICA,ZONIFICACIÓN,CARACTERÍSTICAS DE VÍA,PERFIL LONGITUDINAL VÍA,SUPERFICIE DE CALZADA,¿EXISTE SEÑAL VERTICAL?,¿EXISTE SEÑAL HORIZONTAL?,CAUSA FACTOR PRINCIPAL,MTC_RVN_LONGITUD_KM,MTC_RVN_N_CARRILES_MEDIANA,MTC_RVN_SUPERFICIE_DOMINANTE,MTC_RVN_ESTADO_DOMINANTE,MTC_RVN_ES_CONCESIONADA,MTC_RVN_CONCESION_PRINCIPAL,MTC_RVN_CORREDOR_LOGISTICO,MTC_RVN_N_TRAMOS,IDH_2019,IDH_ESP_VIDA_2019,IDH_EDUC_SECUND_PCT_2019,IDH_ANIOS_EDUC_2019,IDH_INGRESO_PERCAP_2019,IDH_POBLACION_2019,MTC_DEP_RED_TOTAL_KM,MTC_DEP_NACIONAL_TOTAL_KM,MTC_DEP_DEPARTAMENTAL_TOTAL_KM,MTC_DEP_VECINAL_TOTAL_KM,MTC_DEP_PAV_TOTAL_KM,MTC_DEP_NO_PAV_TOTAL_KM,MTC_DEP_PCT_PAVIMENTADA,PER_TOTAL_PERSONAS,PER_N_CONDUCTORES,PER_N_CONDUCTORES_FUGADOS,PER_N_PEATONES,PER_N_PASAJEROS_OCUPANTES,PER_EDAD_COND_PROM,PER_EDAD_COND_MIN,PER_EDAD_COND_MAX,PER_ANY_COND_MASCULINO,PER_ANY_LIC_PROBLEMA,PER_ANY_DOSAJE_POS,PER_ANY_DOSAJE_EVALUADO,VEH_TOTAL,VEH_N_FUGADOS,VEH_ANY_FUGADO,VEH_ANY_CARGA,VEH_ANY_PUBLICO,VEH_ANY_PARTICULAR,VEH_ANY_MOTO,VEH_ANY_AUTO,VEH_ANY_CAMION_BUS,VEH_ANY_SOAT_PROBLEMA,VEH_ANY_CITV_PROBLEMA,VEH_ANY_SEGURO_PROBLEMA,HORA_NUM,FRANJA_HORARIA,ANIO,MES,DIA_MES,DIA_SEMANA,ES_FIN_SEMANA,ES_QUINCENA,REGION_NATURAL,TIENE_SEÑALIZACION,ES_VIA_MULTICARRIL,ES_DEPTO_BAJO_PAVIMENTO,CATEGORIA_SEVERIDAD,CATEGORIA_SEVERIDAD_ENC
5,1,8,0,4,1,-11.808925909583472,-74.88452318505787,1,4,5,0,2,1,1,0,844.136868759411,1.239295193956105,0,3,0.0,9,26,124.24441180880122,0.28719057388981667,68.51790760027002,53.21751953153541,4.1715681712081985,318.48518346648643,7088.314893533889,8439.070551498686,1418.612278368402,1717.404064039834,5303.054209090449,1683.4239436103016,6755.646607888383,19.888155600702007,6,1,0,0,4,42.96599085137311,39.73550573296569,46.19647596978052,1.0,0.0,0.0,0.0,1,0,0.0,0.760704806043895,0.0,0.239295193956105,1.0,0.239295193956105,0.0,0.0,1.0,0.0,13,3,2024,3,14,2,0,0,2,1,0,1,GRAVE_LESIONADOS,1
3,1,15,2,2,3,-3.9868957372088834,-74.38620032436876,0,0,7,1,2,2,2,1,6543.555,2.1498627988865517,3,3,1.0,11,32,1239.5119952915747,0.5847203635565218,73.9968503687221,58.07764403392014,10.43669183175068,1053.2980006882212,151016.20085720604,2275.0528428086736,376.6752823426591,368.1409602850731,1530.2366001809419,564.9914399233778,1710.0614028852963,24.979404725292017,6,2,0,0,3,47.615797726281485,35.99725597773103,70.00274402226897,1.0,0.8501372011134484,0.0,0.14986279888655163,2,0,0.14986279888655163,0.0,0.14986279888655163,0.8501372011134484,1.0,0.0,0.8501372011134484,0.0,1.0,1.0,10,2,2022,9,3,1,0,0,0,1,0,1,GRAVE_LESIONADOS,1
4,0,6,0,4,1,-12.880182456282755,-74.4714816298742,2,2,2,0,2,2,2,1,1074.7450975721333,1.428171228817309,0,1,0.0,9,32,178.6894874988938,0.33763549656106007,69.95521183428856,55.16065953342139,6.236595634079549,416.0466816255694,2010.3860636149857,12501.389615078619,1814.2325825844025,1487.8036743917726,9199.353358102442,2101.3743433187137,10400.015271759905,16.755178322247147,10,1,0,0,9,39.921167733120214,39.278910889894256,40.56342457634618,1.0,0.0,0.0,0.5718287711826909,1,0,0.0,0.0,0.0,0.42817122881730907,0.5718287711826909,0.42817122881730907,0.42817122881730907,0.5718287711826909,0.5718287711826909,0.5718287711826909,14,1,2022,8,15,3,0,0,2,1,0,1,GRAVE_LESIONADOS,1
3,1,13,1,4,1,-13.205352216973537,-73.78766929160318,0,4,7,1,2,0,1,2,534.788845379439,2.0,2,0,1.0,4,29,76.85100826632697,0.49383482250392385,72.3270218438739,77.91644157092139,9.28694619954343,713.2312370481434,20114.88280304272,12614.005484588368,1875.7505374016441,1422.231413328206,9316.023533858517,2026.2001477556328,10587.805336832735,15.828615214963985,8,1,0,0,6,47.0,33.56556453814476,60.43443546185524,1.0,0.0,0.0,0.7463575256586245,1,0,0.0,0.0,0.7463575256586245,1.0,0.0,0.25364247434137555,0.7463575256586245,0.0,0.0,0.7463575256586245,10,2,2023,1,8,3,0,0,2,1,0,1,GRAVE_LESIONADOS,1
3,1,14,0,3,1,-11.805164469428085,-77.00231836819582,0,3,5,1,1,1,0,1,2329.667968566505,2.0,2,3,0.22806181690001992,10,25,1064.4546943237035,0.6529239059911317,78.9185215424783,73.90421865393743,9.311784156047763,1256.2801028870274,362976.54964881385,7626.313,1683.4029999999998,1599.0829999999996,4343.827000000001,1814.875,5811.438000000001,23.797541485643197,7,2,0,0,5,29.5,20.82449453520016,38.17550546479984,1.0,0.7719381830999801,0.0,0.0,2,0,0.0,0.0,1.0,0.22806181690001992,1.0,0.22806181690001992,0.7719381830999801,1.0,1.0,1.0,5,0,2023,4,27,2,0,1,0,1,0,1,GRAVE_LESIONADOS,1
3,1,10,2,2,3,-13.713317844965854,-76.20315870241815,0,0,0,1,2,1,1,0,6543.555,2.0,4,4,1.0,14,33,1198.0,0.5876688143441084,76.46261371385579,72.38699444241672,10.421787153043997,914.8708636080767,58999.09013237996,3721.461,698.1859999999996,744.866,2278.409,1102.9029999999996,2618.558,29.636290693359403,7,1,0,0,5,18.597971119450374,18.103734126476866,19.092208112423883,1.0,0.9884739859470147,0.9884739859470147,1.0,1,0,0.0,0.0,0.0,1.0,0.9884739859470147,1.0,0.0,0.0,0.9884739859470147,0.9884739859470147,21,1,2023,9,7,5,0,0,0,1,0,1,GRAVE_LESIONADOS,1
3,1,11,0,4,1,-11.143531176805764,-75.30787059755563,0,4,7,1,2,1,1,2,547.4831372931287,2.0,2,0,0.1303407235690719,8,11,159.36127652962273,0.5852704855781347,74.65116505627972,67.09553821008872,9.25563980061839,1044.1344474499738,24006.66193135707,12264.545,1826.4639999999995,1105.5389999999998,9332.542,1588.5359999999996,10676.009,12.952261987705208,5,2,0,0,3,35.25959976818247,23.78204434141443,46.73715519495051,1.0,0.0,0.0,0.1303407235690719,2,0,0.0,0.0,1.0,0.1303407235690719,0.8696592764309281,0.8696592764309281,0.1303407235690719,0.0,0.0,0.1303407235690719,8,1,2022,7,19,3,0,0,2,1,0,1,GRAVE_LESIONADOS,1
7,1,8,0,4,2,-12.270856645254085,-74.795445911927,0,4,2,0,3,2,2,2,6543.555,2.0,4,4,1.0,14,33,1198.0,0.4795779439809436,76.09858523668285,63.91486788095037,7.4497724855645275,693.3641513363954,12444.982358243931,12392.640140565836,1819.8487550950215,1312.2831861969885,9260.508199273827,1865.8997038492753,10526.740436716562,15.00903284682551,5,1,0,0,4,42.494630341493604,42.494630341493604,42.494630341493604,1.0,0.30926811149969535,0.0,1.0,1,0,0.0,0.0,0.0,0.6907318885003046,0.0,0.6907318885003046,0.30926811149969535,0.30926811149969535,0.30926811149969535,0.0,6,1,2021,4,16,4,0,0,2,1,0,1,GRAVE_LESIONADOS,1
6,1,10,0,4,1,-14.71210443455272,-75.09740457371075,0,4,7,1,2,2,2,0,6639.975,2.0,2,0,1.0,9,31,1616.0,0.5620974110173671,77.22901439027287,68.93147957400909,8.55367677512455,932.42227707271,27932.19700214133,3721.461,698.1859999999996,744.866,2278.409,1102.9029999999996,2618.558,29.636290693359403,4,1,0,0,3,26.701272563545633,26.701272563545633,26.701272563545633,1.0,0.0,0.0,0.11687876059093905,1,0,0.0,0.0,0.0,1.0,0.0,0.0,1.0,0.0,0.0,0.0,3,0,2023,3,28,3,0,1,0,1,0,1,GRAVE_LESIONADOS,1
3,1,19,0,4,1,-5.92775403892483,-80.38825701101703,0,4,6,1,2,2,2,2,6543.555,2.9858584404109374,2,0,1.0,0,30,1471.0827879938297,0.48488383406760305,72.23794305015574,58.11335109160915,7.504375472149474,776.0352882721304,48719.32047279795,9031.978536805938,1785.7828811937168,661.2787689431304,6584.916886669091,2230.0543094806253,6801.924227325313,24.693588272150823,5,1,0,0,3,50.127274036301564,50.127274036301564,50.127274036301564,1.0,0.0,0.0,0.9858584404109375,1,0,0.0,0.9858584404109375,0.0,0.014141559589062491,0.0,0.0,1.0,0.0,0.9858584404109375,0.0,4,0,2022,3,21,0,0,1,0,1,0,1,GRAVE_LESIONADOS,1
3,1,3,0,4,1,-16.17167204078215,-73.69115486188026,0,4,7,1,2,1,1,0,6639.975,2.0,2,0,1.0,9,31,1616.0,0.6496428358357936,84.28831829532926,63.78333272568121,9.044680449569336,1236.4883355246202,5147.00638972536,10322.272,1495.236,1749.739,7077.2970000000005,2886.595,7435.677000000001,27.964725207783708,5,1,0,0,3,40.456836757380245,39.22230616328444,41.3827347029521,1.0,0.0,0.0,0.30863264852395067,1,0,0.6913673514760493,0.0,0.0,1.0,0.0,1.0,0.0,0.0,0.0,0.0,3,0,2021,1,24,4,0,0,0,1,0,1,GRAVE_LESIONADOS,1
3,1,5,0,4,1,-5.7905394432786315,-78.78149186053784,6,4,6,1,2,1,0,1,7600.019206418467,2.0,2,0,1.0,9,21,2011.1471098333232,0.4629427966927695,73.51512216937752,50.63547763923115,5.814950621866359,843.5329208859947,12921.882866637081,15935.565011852366,1733.9250000199986,935.692,13265.948011832368,2000.1670000199988,13935.398011832369,12.551591352627522,5,1,0,0,3,22.51874656096286,20.779394454367516,24.258098667558205,1.0,0.8696760532976718,0.0,0.8696760532976718,1,0,0.0,0.0,0.0,1.0,0.8696760532976718,0.13032394670232816,0.0,0.0,0.8696760532976718,0.0,11,1,2021,6,4,5,1,0,2,1,0,1,GRAVE_LESIONADOS,1
5,1,11,0,4,1,-8.147960448464627,-77.42688773360405,0,4,5,0,2,2,2,0,1490.4196786586713,1.1990823128279577,1,3,0.0,9,27,279.4348721125376,0.18116029434099157,78.37960370583055,35.81422596328088,2.4673285880152633,184.5207467703437,18682.40871571056,8787.937077675027,1335.169538155307,1708.2316396309398,5744.535899888781,1187.565325219582,7600.371752455446,13.503874747018044,4,1,0,0,3,47.189905441107534,46.99082312827958,47.388987753935496,1.0,0.0,0.0,0.19908231282795774,1,0,0.0,0.19908231282795774,0.0,0.8009176871720423,0.0,1.0,0.19908231282795774,0.0,1.0,0.0,12,3,2022,9,3,5,0,0,0,1,0,1,GRAVE_LESIONADOS,1
6,1,4,0,4,1,-13.355696408918599,-74.80657170582207,0,4,2,1,2,1,0,3,1679.5849999999998,2.0,2,3,1.0,9,24,315.0,0.2587772817968213,78.2313731727826,42.59351526103478,4.069708361522777,219.52972987349307,3876.4004282655246,12678.733000000004,1805.074000000001,1774.0339999999994,9099.625000000004,2485.375000000001,10193.358000000002,19.602707936195205,5,1,0,0,4,36.28932905507329,36.28932905507329,36.28932905507329,1.0,0.0,0.0,0.4122967716585235,1,0,0.4122967716585235,0.0,0.0,0.4122967716585235,0.0,0.5877032283414765,0.4122967716585235,0.0,0.0,0.4122967716585235,10,1,2022,4,25,3,0,1,2,1,0,1,GRAVE_LESIONADOS,1
0,1,13,1,2,3,-11.718133325366168,-77.2417842238513,0,0,1,1,2,1,0,1,6543.555,2.0640435238647887,3,3,1.0,13,32,1215.7400561105464,0.8185959506938293,80.1121044380876,81.04997369556384,12.296505752340234,1954.4012259240724,46173.014620635455,7359.467844507447,1608.578325284289,1540.8447013559348,4210.044817867224,1743.6893423538104,5615.778502153637,23.575467575995763,11,2,0,0,8,55.71912952270423,53.20678133178592,58.23147771362254,1.0,0.06404352386478851,0.0,0.06404352386478851,2,0,0.0,0.06404352386478851,1.0,0.9359564761352115,0.0,0.0,1.0,0.9359564761352115,0.9359564761352115,0.9359564761352115,11,2,2022,1,24,2,0,0,0,1,0,1,GRAVE_LESIONADOS,1
5,1,7,0,4,2,-13.291520592102648,-72.00370448397436,0,4,6,0,2,2,2,2,6543.555,2.0,4,4,1.0,14,33,1198.0,0.3162875663656416,73.0121970785643,56.68789633519559,5.362445530404521,299.44867988206863,5274.343338181803,17779.13499998999,2097.3709999899997,2863.123,12818.640999999989,2878.713,14900.421999989989,16.19152450331032,5,1,0,0,4,47.76190717127041,44.185194554940495,51.33861978760034,1.0,0.0,0.0,0.0,1,0,0.0,0.0,0.0,1.0,0.13756586985884312,0.0,0.8624341301411569,1.0,0.8624341301411569,0.8624341301411569,15,2,2023,6,14,4,0,0,2,1,0,1,GRAVE_LESIONADOS,1
3,2,3,0,4,1,-16.04593599596584,-71.32454870198714,0,4,6,0,2,0,1,0,1504.4250000000002,2.0,2,0,1.0,7,25,241.0,0.4685280505645348,81.83746865987648,70.74305753660312,6.037751599761188,617.4715908037651,1751.8736616702354,10322.272,1495.236,1749.739,7077.2970000000005,2886.595,7435.677000000001,27.964725207783708,4,2,0,0,2,42.63525529258707,35.61600513220564,49.65450545296849,1.0,0.9614996792371473,0.0,0.9614996792371473,2,0,0.0,0.0385003207628527,0.0,1.0,0.0,1.0,0.0385003207628527,0.0,0.9614996792371473,0.0,9,1,2023,11,14,6,1,0,0,1,0,1,GRAVE_LESIONADOS,1
3,2,10,0,4,1,-13.340546572010028,-76.23097276670816,0,4,7,1,2,2,2,0,6639.975,2.0,2,0,1.0,9,31,1616.0,0.5736744275518083,81.67473861808857,68.1608574885675,9.138785887908334,865.1176766860625,26660.92933618844,3721.461,698.1859999999996,744.866,2278.409,1102.9029999999996,2618.558,29.636290693359403,12,1,0,0,10,49.77927321399357,48.272768055328335,51.28577837265881,1.0,0.0,0.0,0.0,1,0,0.0,0.7532525793326191,0.0,0.24674742066738087,0.0,0.0,1.0,0.0,0.24674742066738087,0.0,19,1,2022,5,2,1,0,0,0,1,0,1,GRAVE_LESIONADOS,1
6,1,12,0,4,2,-7.8081957910265505,-78.41584082285492,1,4,3,0,4,2,2,3,6543.555,2.0,4,4,1.0,14,33,1198.0,0.1883083184611077,75.93360618381381,28.79507521744373,3.260895439511201,147.65429669929867,24235.73233404711,8931.828000000005,1335.5899999999997,1935.9830000000004,5660.255000000005,1219.309,7712.519000000005,13.651281686122925,4,1,0,0,3,39.39923785127313,39.39923785127313,39.39923785127313,1.0,0.45009526859085935,0.0,0.0,1,0,0.0,0.0,0.0,0.45009526859085935,0.0,0.0,1.0,0.0,0.5499047314091406,0.0,13,1,2022,5,16,3,0,0,0,1,0,1,GRAVE_LESIONADOS,1
6,1,12,0,4,0,-7.5919213301552855,-79.3318550416829,0,4,6,1,1,2,2,2,6543.555,2.977865548970503,2,0,1.0,0,30,1468.8687570648294,0.558482571143295,76.52008724891287,62.30382685164958,7.960508680389105,997.1389717211827,9448.258380710653,8931.828000000005,1335.5899999999997,1935.9830000000004,5660.255000000005,1219.309,7712.519000000005,13.651281686122925,4,1,0,0,3,62.20315976293811,62.20315976293811,62.20315976293811,1.0,0.0,0.0,0.0,1,0,0.0,0.02213445102949707,0.0,0.9778655489705029,0.0,0.9778655489705029,0.02213445102949707,0.0,0.9778655489705029,0.0,16,3,2023,3,9,5,0,0,0,1,0,1,GRAVE_LESIONADOS,1
8,1,6,0,4,2,-12.229861372334232,-74.3593191519051,2,4,6,0,6,2,2,1,6543.555,2.0,4,4,1.0,14,33,1198.0,0.3842770841395059,79.40030633536865,44.65357299077924,5.210633921880663,513.9724634564047,11314.923284696244,12529.919486559322,1812.759208293085,1533.8505816790234,9183.309696587212,2163.1499172341373,10366.769569325183,17.213270705898474,7,1,0,0,6,51.9699431461811,51.9699431461811,51.9699431461811,1.0,0.6407102247272215,0.0,0.6407102247272215,1,0,0.0,0.3592897752727785,0.0,0.0,0.0,0.0,1.0,0.6407102247272215,0.6407102247272215,0.0,7,1,2023,7,6,4,0,0,2,1,0,1,GRAVE_LESIONADOS,1
4,1,12,0,4,1,-8.054466133988392,-78.33161209490916,0,4,7,1,2,2,2,2,8532.32483490368,2.0,2,1,1.0,11,32,2740.546615205586,0.4427511967127086,74.69820825288535,55.70153677831631,6.065040832423595,682.1844081959512,68756.3648698702,8931.828000000005,1335.5899999999997,1935.9830000000004,5660.255000000005,1219.309,7712.519000000005,13.651281686122925,7,1,0,0,5,32.10251759363188,29.758221825842234,34.44681336142152,1.0,0.41392605805258886,0.0,0.0,1,0,0.0,0.5860739419474111,0.0,0.41392605805258886,0.0,0.41392605805258886,0.5860739419474111,0.0,1.0,0.0,5,0,2022,8,15,3,0,0,0,1,0,1,GRAVE_LESIONADOS,1
6,1,7,0,4,1,-14.590671055755289,-71.73055911485191,2,4,6,0,2,2,2,2,1397.6188618316887,0.4598830677968886,0,2,0.0,9,32,367.66351485599523,0.4670263153502933,65.5237709552973,70.61273193256336,7.074467358088314,760.9316629253258,9065.880085653103,17779.13499998999,2097.3709999899997,2863.123,12818.640999999989,2878.713,14900.421999989989,16.19152450331032,4,1,0,0,3,22.0,22.0,22.0,0.7299415338984443,0.0,0.0,0.0,1,0,0.0,0.0,0.0,1.0,0.0,0.2700584661015557,0.7299415338984443,0.0,0.0,0.0,4,0,2023,3,17,3,0,0,2,1,0,1,GRAVE_LESIONADOS,1
3,1,13,0,4,1,-11.393885091485428,-77.34470663137115,0,4,7,1,2,2,2,2,6620.031765794347,2.0,2,0,1.0,10,31,1529.5420877622576,0.6709611348387706,76.20816366175892,66.51304368607049,10.055541101081126,1451.1892160914952,8531.885310293666,7896.341950466643,1611.4623640451052,1668.7664225667352,4616.113163854802,1691.689849378509,6204.652101088134,21.698918425144974,20,2,0,0,18,33.517954672600695,24.0,43.0359093452014,1.0,0.20683711061660848,0.0,0.0,2,0,0.0,0.7931628893833915,0.7931628893833915,0.20683711061660848,0.0,0.20683711061660848,0.7931628893833915,0.0,0.20683711061660848,0.0,9,1,2023,8,15,3,0,0,0,1,0,1,GRAVE_LESIONADOS,1
6,1,14,0,4,1,-15.003017621148926,-71.28727176488704,0,4,4,1,2,2,2,2,1673.4343736131887,2.0,1,0,0.34597692234123956,8,29,400.58163094873754,0.4349997283214865,69.63500795186323,70.55340566587637,7.555114953094722,554.0052335977017,14511.846851440092,13308.93655717043,1946.1500479663837,2153.421668957527,9209.364840246519,3027.348881925029,10281.587675245399,22.66990716560298,5,1,0,0,4,18.65402307765876,18.65402307765876,18.65402307765876,1.0,0.0,0.0,1.0,1,0,0.0,0.34597692234123956,0.0,0.6540230776587604,0.0,1.0,0.0,0.0,0.6540230776587604,0.0,13,2,2022,8,13,3,0,0,2,1,0,1,GRAVE_LESIONADOS,1
3,2,3,0,4,1,-16.61587432284584,-71.79923467201642,0,3,7,1,2,0,1,0,627.6139591153767,1.5837829689676854,3,0,0.5837829689676856,7,27,89.91366995820437,0.6622338459570746,76.45563305458504,77.69079184624398,10.735855312610893,1229.3267516864905,22009.708028181754,10322.272,1495.236,1749.739,7077.2970000000005,2886.595,7435.677000000001,27.964725207783708,8,2,0,0,6,57.00539562761223,42.76214016212751,71.24865109309694,1.0,0.0,0.0,0.0,2,0,0.0,0.0,0.41621703103231444,0.5837829689676856,0.0,0.5837829689676856,1.0,0.0,0.0,0.41621703103231444,17,2,2023,3,28,3,0,1,0,1,0,1,GRAVE_LESIONADOS,1
6,1,7,0,4,1,-13.883676369393699,-71.46145932168828,7,4,5,0,6,1,1,2,6731.002159890781,2.0,3,3,1.0,13,27,1198.0,0.2817996466757569,61.46221967841442,59.94392749373902,5.22767318167762,273.6262823371238,4178.871520342613,17779.13499998999,2097.3709999899997,2863.123,12818.640999999989,2878.713,14900.421999989989,16.19152450331032,31,1,0,0,30,36.538977867089734,36.538977867089734,36.538977867089734,1.0,0.17965928902991202,0.0,0.17965928902991202,1,0,0.0,0.0,0.17965928902991202,0.0,0.0,0.0,1.0,0.0,0.0,0.0,13,2,2023,8,17,5,0,1,2,1,0,1,GRAVE_LESIONADOS,1
3,1,12,0,4,0,-7.366460214909888,-79.19138555473683,0,4,7,1,2,2,2,0,6543.555,2.689109081486824,2,1,1.0,4,30,1388.8832155718503,0.4709044371941157,77.3131750501837,58.15734719321742,6.17370211061891,743.2641814417796,25321.0961849545,8931.828000000005,1335.5899999999997,1935.9830000000004,5660.255000000005,1219.309,7712.519000000005,13.651281686122925,7,1,0,0,5,41.378218162973646,31.730691022158112,51.025745303789186,1.0,1.0,0.0,0.0,1,0,0.0,0.31089091851317596,0.689109081486824,0.689109081486824,0.689109081486824,0.0,1.0,0.0,0.0,0.689109081486824,10,0,2024,4,18,2,0,1,0,1,0,1,GRAVE_LESIONADOS,1
8,1,10,0,4,1,-14.313313939505592,-75.54611889702957,0,4,7,1,2,2,2,0,6639.975,2.0,2,0,1.0,9,31,1616.0,0.5840315427524906,78.07121259472537,68.27580959769561,8.847854477286793,999.6777730415159,27932.19700214133,3721.461,698.1859999999996,744.866,2278.409,1102.9029999999996,2618.558,29.636290693359403,4,1,0,0,3,29.39043369822016,29.39043369822016,29.39043369822016,1.0,0.0,0.0,0.5650722830366937,1,0,0.0,0.0,0.0,1.0,0.0,0.0,1.0,0.0,0.0,0.0,2,0,2022,6,29,4,0,1,0,1,0,1,GRAVE_LESIONADOS,1
3,2,12,0,4,1,-6.889131037782453,-79.29878741619319,0,4,7,1,2,1,0,2,1203.1574763727795,1.8586720549294962,1,0,0.8586720549294962,2,21,175.0128753309928,0.4933648411684258,75.74522594567037,61.67344343574008,6.939467346025129,781.1157767623964,43440.72135943583,3496.6864161811054,540.9425386130908,697.5205402352975,2258.223337332717,759.8222977970295,2736.864118384076,21.645234464996413,5,2,0,0,3,54.2334006866187,47.618833702814385,60.847967670423024,1.0,0.14132794507050384,0.0,1.0,2,0,0.0,0.0,0.0,1.0,1.0,0.0,0.8586720549294962,0.0,1.0,0.0,5,0,2021,7,17,2,0,0,0,1,0,1,GRAVE_LESIONADOS,1
6,1,10,0,4,1,-15.299540406444061,-75.09724152907225,0,4,6,1,2,2,2,0,942.3907485738757,2.0,2,0,1.0,5,27,171.62447039336124,0.5563774842369664,77.00938809632027,69.10246351364754,8.476961866273152,914.8835608305218,27932.19700214133,3721.461,698.1859999999996,744.866,2278.409,1102.9029999999996,2618.558,29.636290693359403,4,1,0,0,3,65.3553374157291,65.3553374157291,65.3553374157291,1.0,0.0,0.1174758988764929,0.1174758988764929,1,0,0.0,0.0,0.0,1.0,0.0,0.8825241011235071,0.1174758988764929,0.0,0.0,0.0,19,1,2023,6,17,6,1,1,0,1,0,1,GRAVE_LESIONADOS,1
7,1,5,0,4,1,-7.044643519769705,-78.17790337410923,0,3,1,0,1,2,2,0,6543.555,2.0,4,4,1.0,14,33,1198.0,0.42667587576610255,70.39612996684554,59.353561841111215,6.592343651323395,625.3091101829557,28382.153985579975,15935.565011852366,1733.9250000199986,935.692,13265.948011832368,2000.1670000199988,13935.398011832369,12.551591352627522,8,1,0,0,6,25.965167864027563,23.500333786388808,28.430001941666315,1.0,0.0,0.0,0.7856666019444561,1,0,0.21433339805554386,0.0,0.0,1.0,0.21433339805554386,0.0,0.7856666019444561,1.0,1.0,1.0,12,1,2022,8,8,2,0,0,2,1,0,1,GRAVE_LESIONADOS,1
3,1,10,0,4,1,-14.931441770292817,-74.99085712438392,0,4,2,0,2,1,0,0,6639.975,2.0,2,0,1.0,9,31,1616.0,0.5563774842369664,77.00938809632027,69.10246351364754,8.476961866273152,914.8835608305218,27932.19700214133,3721.461,698.1859999999996,744.866,2278.409,1102.9029999999996,2618.558,29.636290693359403,5,1,0,0,3,40.48061091657107,27.34703357363452,53.61418825950762,1.0,0.673516786817259,0.0,0.673516786817259,1,0,0.0,0.673516786817259,0.0,1.0,0.0,0.673516786817259,1.0,0.0,0.0,0.0,4,0,2023,1,28,4,0,1,0,1,0,1,GRAVE_LESIONADOS,1
9,1,12,0,4,0,-8.159969214312483,-78.55650995296963,0,4,6,1,1,2,2,0,6543.555,2.0,4,4,1.0,14,33,1198.0,0.464327206622339,76.36915774744637,45.970665646641216,6.052282780478583,842.7532570520822,43718.04998982499,8935.740442055923,1386.9794168223045,1786.5852882024801,5762.175737031139,1333.767424294476,7601.973017761447,14.921929495686618,7,1,0,0,6,54.8849890631719,54.8849890631719,54.8849890631719,1.0,0.0,0.0,0.11501093682809782,1,0,0.0,0.0,1.0,0.0,0.0,0.0,1.0,0.0,0.11501093682809782,0.0,15,3,2022,10,14,6,1,0,0,1,0,1,GRAVE_LESIONADOS,1
3,1,6,0,4,0,-14.699725314597332,-73.23961130142459,1,4,4,0,1,1,1,2,6543.555,2.0,4,4,1.0,14,33,1198.0,0.6579335981437738,80.38120957526112,70.85847337723996,10.45671083504939,1197.7105674274233,14373.601002038597,9499.521200084235,1552.660667722228,1703.761911879554,6243.098620482453,2559.5282726181204,6939.992927466114,26.69298712097042,4,1,0,0,2,26.525896350641396,23.746613431154515,29.305179270128278,1.0,0.0,0.0,1.0,1,0,0.0,1.0,0.0,0.6948207298717207,0.0,0.6948207298717207,1.0,0.0,0.0,0.0,18,2,2021,5,18,3,0,1,0,1,0,1,GRAVE_LESIONADOS,1
6,1,11,0,4,1,-10.576879056194212,-76.58660988731944,1,4,0,0,1,1,1,0,6543.555,2.44154728887983,3,2,1.0,7,31,1320.308599019713,0.4405105810535939,77.4687036556132,53.38662307606114,5.274863600573025,772.1226398961851,20018.269010730415,7951.747966689012,1487.9864350612743,1148.3524661386443,5315.409065489093,1393.2342678608939,6558.513698828118,17.717838867599333,6,1,0,0,5,39.67535813336051,39.67535813336051,39.67535813336051,1.0,0.0,0.0,0.4415472888798304,1,0,0.0,0.0,0.4415472888798304,0.5584527111201696,0.0,0.5584527111201696,0.4415472888798304,0.0,0.5584527111201696,0.0,11,1,2021,7,25,2,0,1,1,1,0,1,GRAVE_LESIONADOS,1
5,1,14,2,4,1,-12.298989202978802,-76.84985086885246,6,2,7,1,2,2,2,0,6639.975,2.0,2,0,1.0,9,31,1616.0,0.6909236767275176,78.41626133969348,70.97436336767564,9.826485374940413,1476.8351947609171,95908.53319057816,7626.313,1683.4029999999998,1599.0829999999996,4343.827000000001,1814.875,5811.438000000001,23.797541485643197,6,1,0,0,4,45.422340248336354,44.67963485334023,46.16504564333247,1.0,0.0,0.0,0.0,1,0,0.0,0.05501521444415691,0.0,0.0,0.0,0.0,1.0,0.0,0.9449847855558431,0.0,10,0,2021,11,28,3,0,0,0,1,0,1,GRAVE_LESIONADOS,1