CLASE SINIESTRO,CANTIDAD DE VEHICULOS DAÑADOS,DEPARTAMENTO,ZONA,TIPO DE VÍA,RED VIAL,COORDENADAS LATITUD,COORDENADAS  LONGITUD,CONDICIÓN CLIMÁTICA,ZONIFICACIÓN,CARACTERÍSTICAS DE VÍA,PERFIL LONGITUDINAL VÍA,SUPERFICIE DE CALZADA,¿EXISTE SEÑAL VERTICAL?,¿EXISTE SEÑAL HORIZONTAL?,CAUSA FACTOR PRINCIPAL,MTC_RVN_LONGITUD_KM,MTC_RVN_N_CARRILES_MEDIANA,MTC_RVN_SUPERFICIE_DOMINANTE,MTC_RVN_ESTADO_DOMINANTE,MTC_RVN_ES_CONCESIONADA,MTC_RVN_CONCESION_PRINCIPAL,MTC_RVN_CORREDOR_LOGISTICO,MTC_RVN_N_TRAMOS,IDH_2019,IDH_ESP_VIDA_2019,IDH_EDUC_SECUND_PCT_2019,IDH_ANIOS_EDUC_2019,IDH_INGRESO_PERCAP_2019,IDH_POBLACION_2019,MTC_DEP_RED_TOTAL_KM,MTC_DEP_NACIONAL_TOTAL_KM,MTC_DEP_DEPARTAMENTAL_TOTAL_KM,MTC_DEP_VECINAL_TOTAL_KM,MTC_DEP_PAV_TOTAL_KM,MTC_DEP_NO_PAV_TOTAL_KM,MTC_DEP_PCT_PAVIMENTADA,PER_TOTAL_PERSONAS,PER_N_CONDUCTORES,PER_N_CONDUCTORES_FUGADOS,PER_N_PEATONES,PER_N_PASAJEROS_OCUPANTES,PER_EDAD_COND_PROM,PER_EDAD_COND_MIN,PER_EDAD_COND_MAX,PER_ANY_COND_MASCULINO,PER_ANY_LIC_PROBLEMA,PER_ANY_DOSAJE_POS,PER_ANY_DOSAJE_EVALUADO,VEH_TOTAL,VEH_N_FUGADOS,VEH_ANY_FUGADO,VEH_ANY_CARGA,VEH_ANY_PUBLICO,VEH_ANY_PARTICULAR,VEH_ANY_MOTO,VEH_ANY_AUTO,VEH_ANY_CAMION_BUS,VEH_ANY_SOAT_PROBLEMA,VEH_ANY_CITV_PROBLEMA,VEH_ANY_SEGURO_PROBLEMA,HORA_NUM,FRANJA_HORARIA,ANIO,MES,DIA_MES,DIA_SEMANA,ES_FIN_SEMANA,ES_QUINCENA,REGION_NATURAL,TIENE_SEÑALIZACION,ES_VIA_MULTICARRIL,ES_DEPTO_BAJO_PAVIMENTO,CATEGORIA_SEVERIDAD,CATEGORIA_SEVERIDAD_ENC
5,1,12,0,4,1,-7.978601281987554,-78.42296354254309,0,4,7,1,2,2,2,5,9456.391299874285,2.1416113506178993,2,0,1.0,7,31,3496.505269294847,0.4519236640190893,76.85376256210894,46.290152006564625,6.580003321834533,706.8795935451927,13506.785940149357,8931.828000000005,1335.5899999999997,1935.9830000000004,5660.255000000005,1219.309,7712.519000000005,13.651281686122925,19,1,0,0,18,49.21241702592685,49.0,49.4248340518537,1.0,0.0,0.0,0.0,1,0,0.0,0.1416113506178993,1.0,0.0,0.0,0.0,1.0,0.0,0.0,0.0,8,1,2023,5,25,2,0,0,0,1,0,1,GRAVE_LESIONADOS,1
4,1,17,0,4,2,-14.518498956261505,-72.47186354878109,0,3,2,1,2,0,1,1,7214.253932640819,2.0,2,1,1.0,10,15,1198.0,0.6479688700208894,72.47530945838612,78.11273985329933,10.836342564750495,1247.7996325711179,143399.64697211082,11493.598679147479,1900.2795580598506,2084.44406640117,7508.875054686458,2778.596034342966,8715.002644804512,24.115684900762805,4,1,0,0,3,27.142999655105573,26.78583304592131,27.500166264289835,1.0,0.357166609184262,0.0,0.0,1,0,0.0,0.0,0.357166609184262,0.0,0.357166609184262,0.0,1.0,0.357166609184262,1.0,0.357166609184262,5,0,2021,6,11,1,0,0,1,1,0,1,GRAVE_LESIONADOS,1
6,1,4,0,4,1,-13.124084189884453,-73.94903422915819,0,4,0,0,5,2,2,1,6942.093116473674,2.0,3,2,1.0,12,22,1198.0,0.28136010303718706,74.93052157879174,53.695249526121906,4.457272135498608,253.37374267489517,2865.269082696306,8417.205767831052,1344.6915925678231,1569.4628819177406,5503.051293345489,1603.3883543972088,6813.817413433843,19.027800971770446,4,1,0,0,3,46.459401363888375,46.459401363888375,46.459401363888375,1.0,0.618019954537054,0.0,0.0,1,0,0.0,0.0,0.0,1.0,0.0,1.0,0.0,0.618019954537054,0.618019954537054,0.618019954537054,18,2,2021,11,24,4,0,1,2,1,0,1,GRAVE_LESIONADOS,1
6,1,19,1,6,3,-14.222358449441487,-69.71759671236349,1,4,3,1,3,2,2,4,6543.555,2.0,4,4,1.0,14,33,1198.0,0.37467896679507423,70.83319750567347,67.59999325037491,5.991550913681332,418.1749486681759,11346.843141784238,13582.813635070652,2012.3874427158669,2300.196747777017,9270.229444577766,3239.5350231392895,10343.27861193136,23.802719793673987,4,1,0,0,3,50.35222005886317,50.35222005886317,50.35222005886317,1.0,0.0,0.0,0.04318532940912223,1,0,0.0,0.0,0.0,1.0,0.0,0.04318532940912223,0.9568146705908778,0.0,0.9568146705908778,0.0,11,2,2021,1,18,0,0,1,2,1,0,1,GRAVE_LESIONADOS,1
3,1,13,0,4,1,-12.958728421482748,-73.78275509037545,5,4,7,1,2,0,1,2,7586.903,2.0,2,0,1.0,9,5,1198.0,0.414889740700461,71.95471068702344,69.2398689324086,7.164635679796677,521.7028422097469,1093.1074777459949,12719.173851534293,1890.58307177833,1517.5383948117428,9311.05238494422,2157.9129614216968,10561.260890112595,16.694239183942237,5,2,0,0,3,40.98488702880624,38.0,43.96977405761249,1.0,0.0,0.32997489529027646,1.0,2,0,0.0,0.0,0.0,1.0,0.0,0.6700251047097235,0.32997489529027646,0.32997489529027646,0.32997489529027646,0.0,21,2,2022,5,23,3,0,0,2,1,0,1,GRAVE_LESIONADOS,1
5,1,14,2,3,1,-12.145218436079823,-76.98755484249327,0,0,7,1,2,1,0,5,6636.3289653932,2.0,2,0,1.0,9,31,1600.1937101675726,0.8001203328926516,80.48617161109682,78.76032165780579,13.087957710675452,1760.9462418733092,359935.84084300435,7626.313,1683.4029999999998,1599.0829999999996,4343.827000000001,1814.875,5811.438000000001,23.797541485643197,6,1,0,0,5,31.491583176606596,31.491583176606596,31.491583176606596,1.0,0.0,0.0,0.0,1,0,0.0,0.0,0.03781409050819984,1.0,0.0,1.0,0.03781409050819984,0.0,0.03781409050819984,0.0,2,0,2022,1,21,4,0,1,0,1,0,1,GRAVE_LESIONADOS,1
9,1,12,0,4,0,-8.216139499272849,-78.6233750924441,0,4,7,1,1,2,2,0,6543.555,2.098514148899251,3,3,1.0,12,32,1225.2884192450924,0.4960591217718441,77.24203171866534,47.571715885948684,6.438984423099771,915.3767624854938,44794.41936432079,8935.17925432317,1379.6082890453715,1808.014401263809,5747.556564013989,1317.3498869338496,7617.82936738932,14.739671981534233,6,1,0,0,5,54.507429255503745,54.507429255503745,54.507429255503745,1.0,0.0,0.0,0.09851414889925092,1,0,0.0,0.09851414889925092,0.9014858511007491,0.0,0.0,0.0,1.0,0.0,0.09851414889925092,0.0,14,2,2022,9,16,5,0,1,0,1,0,1,GRAVE_LESIONADOS,1
5,1,14,2,2,3,-11.957516971613382,-77.04790050788979,0,2,7,1,2,2,2,1,5011.053916331261,2.0,3,2,1.0,11,27,916.260668806296,0.7270882204918377,80.13041711208162,78.2756409994894,10.577217349548734,1519.7433697439687,724681.8710850436,7626.313,1683.4029999999998,1599.0829999999996,4343.827000000001,1814.875,5811.438000000001,23.797541485643197,5,1,0,0,4,42.24041911723359,41.429269411301625,43.05156882316556,1.0,0.27038323531065633,0.0,0.0,1,0,0.0,0.27038323531065633,1.0,0.0,0.7296167646893437,0.0,0.27038323531065633,0.0,0.7296167646893437,0.0,13,1,2023,9,22,4,0,1,0,1,0,1,GRAVE_LESIONADOS,1
3,1,14,2,4,1,-12.260283434829649,-76.91415014319224,1,2,7,1,2,2,2,0,6639.975,2.0,2,0,1.0,9,31,1616.0,0.6909236767275176,78.41626133969348,70.97436336767564,9.826485374940413,1476.8351947609171,95908.53319057816,7626.313,1683.4029999999998,1599.0829999999996,4343.827000000001,1814.875,5811.438000000001,23.797541485643197,6,2,0,0,3,37.56281134332251,26.714997356165735,48.410625330479284,1.0,0.0,0.0,0.0,2,0,0.0,0.8035417768264277,0.0,0.0,0.0,0.0,1.0,0.0,0.1964582231735723,0.0,3,0,2023,6,13,3,0,0,0,1,0,1,GRAVE_LESIONADOS,1
2,2,12,0,4,1,-6.478741147088845,-79.83824035214984,6,4,0,1,2,1,0,0,1300.3462484291892,1.9868126054105177,2,0,1.0,1,20,162.34942186691887,0.4613891925519763,75.0961227239933,56.02993461016027,7.3778867997776825,653.2214591993784,7691.557449574422,3460.841688093896,515.8669761489347,689.9703755209583,2255.004336424003,705.1113323778127,2755.730355716083,20.370903387306317,8,2,0,0,6,45.50219789909825,40.01318739458948,50.99120840360701,1.0,0.0,0.0,0.995604201803506,2,0,0.0,0.0,0.0,0.00439579819649405,0.0,1.0,0.0,0.0,0.0,0.0,10,1,2021,4,30,0,0,1,0,1,0,1,GRAVE_LESIONADOS,1
5,1,12,0,4,1,-7.8614162451282805,-78.08337914862123,0,4,7,1,2,2,2,2,9936.932,2.0,2,0,1.0,9,32,3830.0,0.3986882084754764,72.97869269132666,58.65435142755623,5.605762371496486,527.7120199980477,69564.29978586723,8931.828000000005,1335.5899999999997,1935.9830000000004,5660.255000000005,1219.309,7712.519000000005,13.651281686122925,5,1,0,1,3,34.25266300217128,33.242010993486154,35.26331501085641,1.0,0.0,0.0,0.0,1,0,0.0,1.0,0.0,0.0,0.0,0.0,1.0,0.0,1.0,0.0,13,2,2021,6,23,1,0,0,0,1,0,1,GRAVE_LESIONADOS,1
8,1,7,0,4,1,-13.897242628298203,-71.48034790829668,7,4,3,0,4,1,1,2,7131.192413940853,2.0,2,1,1.0,11,17,1198.0,0.2817996466757569,61.46221967841442,59.94392749373902,5.22767318167762,273.6262823371238,4178.871520342613,17779.13499998999,2097.3709999899997,2863.123,12818.640999999989,2878.713,14900.421999989989,16.19152450331032,30,1,0,0,29,37.68966849203004,37.68966849203004,37.68966849203004,1.0,0.5632228306766803,0.0,0.5632228306766803,1,0,0.0,0.0,0.5632228306766803,0.0,0.0,0.0,1.0,0.0,0.0,0.0,11,1,2023,5,22,3,0,1,2,1,0,1,GRAVE_LESIONADOS,1
4,1,10,0,4,1,-13.802719300587663,-75.90908568735001,0,2,6,1,2,2,2,2,319.6632412620737,-0.04036147313351934,1,3,0.0,9,32,126.797888379945,0.6280254620456576,77.31927875262612,72.54508643048256,9.478277747671175,1156.3214367446164,7605.9040873428785,3721.461,698.1859999999996,744.866,2278.409,1102.9029999999996,2618.558,29.636290693359403,7,1,0,0,6,58.37665637351495,57.596385268664804,59.156927478365084,1.0,0.0,0.0,1.0,1,0,0.0,0.0,0.0,1.0,0.0,0.5201807365667597,0.47981926343324033,0.0,0.0,0.0,15,2,2022,2,22,3,0,1,0,1,0,1,GRAVE_LESIONADOS,1
5,2,10,0,4,1,-11.553553370917772,-77.13930974303237,0,4,7,1,2,2,2,4,415.9936879858103,-0.11520659258840704,2,0,0.7050688641961357,11,23,74.87102056818446,0.5386054136671269,79.52968359946009,63.49720365118098,8.07874968293332,835.9539114237198,15084.69268657029,3644.2568765806222,644.1770306870528,728.6040870340465,2271.475758859523,985.0638545518373,2659.193022028785,26.891574272027682,4,1,0,0,3,44.47465567901932,40.05068864196136,48.898622716077284,1.0,0.2949311358038643,0.0,0.0,1,0,0.0,1.0,0.0,0.2949311358038643,0.2949311358038643,0.0,1.0,0.2949311358038643,0.2949311358038643,0.2949311358038643,3,0,2022,5,19,3,0,0,0,1,0,1,GRAVE_LESIONADOS,1
3,2,22,0,4,1,-4.265232342117866,-80.80816431497962,6,4,0,1,2,2,2,2,6545.02683583867,2.9847351603539702,2,0,1.0,0,30,1477.15234239009,0.5419211591495208,72.94978490116418,53.71892882158745,7.589958521214161,1084.454335265289,6385.972026290887,1034.1577915986081,145.98733880893616,290.5222887968449,597.648163992827,289.05763149295115,745.100160105657,27.643894387836927,4,2,0,0,2,22.57632419823015,20.0,25.152648396460297,1.0,0.0,0.0,1.0,2,0,0.0,0.0,0.01526483964602976,1.0,0.0,1.0,0.01526483964602976,0.0,0.0,0.0,17,2,2022,2,25,5,1,0,0,1,0,1,GRAVE_LESIONADOS,1
3,1,11,0,4,1,-11.798972840657965,-75.562756409872,3,4,7,1,2,0,1,2,7586.903,2.0,2,0,1.0,9,5,1198.0,0.4717628799608242,69.08939866721492,69.18190518167856,7.777181011089236,690.5941607748803,1029.861554868246,12264.545,1826.4639999999995,1105.5389999999998,9332.542,1588.5359999999996,10676.009,12.952261987705208,5,2,0,0,3,39.05974151160495,37.33961226740742,40.77987075580247,1.0,0.0,0.0,0.7798707558024733,2,0,0.0,0.0,0.22012924419752666,1.0,0.0,1.0,0.22012924419752666,0.0,0.0,0.0,19,2,2022,6,28,2,0,1,2,1,0,1,GRAVE_LESIONADOS,1
3,1,12,0,4,0,-8.929901584656795,-78.6445859560795,0,4,5,0,2,1,1,2,6543.555,2.2819368843417585,3,2,1.0,10,32,1276.096516962667,0.6143190777531058,78.80047056200746,69.8843081994443,8.683487481903708,1139.316257682536,19942.849644497433,8563.755168438573,1433.6513135535597,1840.9984636652619,5289.105391219751,1387.2210224598837,7176.53414597869,16.511886561721706,6,1,0,0,4,40.154189346974725,36.563873768683514,43.74450492526593,1.0,0.0,0.0,0.28193688434175845,1,0,0.0,0.7180631156582415,0.28193688434175845,0.0,0.0,0.7180631156582415,1.0,0.0,0.7180631156582415,0.0,9,2,2021,4,18,2,0,1,0,1,0,1,GRAVE_LESIONADOS,1
6,1,6,0,4,0,-11.100556518625785,-75.64048651932391,0,4,3,1,2,1,0,1,7124.074138829073,2.0,2,1,1.0,11,17,1198.0,0.4260055256564574,76.75327905988476,62.45542059212812,6.290054429637275,533.6268069964202,26906.286305207905,8613.090194098035,1306.023444528347,1581.0630390750532,5726.003710494634,1338.0303573309332,7275.059836767102,15.592108530177997,5,1,0,0,4,26.64639283163649,26.64639283163649,26.64639283163649,1.0,1.0,0.0,0.0,1,0,0.0,0.44359970131818716,0.0,0.0,0.5564002986818128,0.0,0.44359970131818716,0.0,0.5564002986818128,0.0,10,0,2021,9,18,2,0,1,1,1,0,1,GRAVE_LESIONADOS,1
3,1,2,0,4,1,-9.977833005696867,-78.14839014158234,0,4,7,1,2,2,2,0,6543.555,3.0,2,0,1.0,0,30,1475.0,0.5801527457246778,79.35760791875106,66.19821647344448,8.636714346557449,979.9289990830895,25553.80951256287,10453.534648079109,1791.046807878753,1344.7618959581,7317.725944242258,1949.5958990335268,8503.938749045585,18.504286149751273,7,2,0,0,5,42.4144487607933,24.684409913653607,60.14448760793299,1.0,0.17110247841340187,0.0,0.0,2,0,0.0,0.8288975215865981,1.0,0.17110247841340187,0.17110247841340187,0.0,1.0,0.0,0.8288975215865981,0.17110247841340187,9,0,2022,2,15,1,0,1,0,1,1,1,GRAVE_LESIONADOS,1
3,1,14,2,2,4,-4.846697545542205,-73.74328597585277,0,0,7,1,2,2,2,1,6543.555,2.0,4,4,1.0,14,33,1198.0,0.5867754004392747,73.48809256104323,57.448337791939096,10.353522404220106,1085.687295300513,148385.3938703698,1923.3350541752725,325.9011583833808,482.77051868419403,1114.6633771076986,469.4860695650509,1453.848984610223,24.872720921454096,6,2,0,0,3,44.68098492150286,32.61976307007502,67.80342862435857,1.0,1.0,0.0,0.0,2,0,0.0,0.0,0.12674564330832738,0.8732543566916726,1.0,0.0,1.0,0.12674564330832738,1.0,1.0,11,2,2022,11,1,0,0,0,0,1,0,1,GRAVE_LESIONADOS,1
6,1,1,0,4,1,-9.929388101409396,-77.29978889802287,0,4,7,0,2,2,2,1,9936.932,2.0,2,0,1.0,9,32,3830.0,0.45647355670031087,71.2163414522183,63.37906162468348,7.46175346391723,653.6328284187096,3310.684143343461,10767.648,1885.0630000000003,1222.721,7659.864000000001,2100.343,8667.305000000002,19.506051832303577,17,1,0,0,16,32.541066407223965,32.541066407223965,32.541066407223965,1.0,0.0,0.0,1.0,1,0,0.0,0.0,1.0,0.0,0.0,0.2950888672686639,0.7049111327313361,0.0,0.2950888672686639,0.0,7,0,2021,10,12,2,0,0,0,1,0,1,GRAVE_LESIONADOS,1
6,1,5,0,4,2,-6.9289221425232395,-78.39912917028943,0,4,4,0,1,2,2,0,6543.555,2.0,4,4,1.0,14,33,1198.0,0.2819899702029137,76.74185505720558,43.88918561835047,3.6542981912661516,304.9391407464389,20751.783333672363,15935.565011852366,1733.9250000199986,935.692,13265.948011832368,2000.1670000199988,13935.398011832369,12.551591352627522,5,1,0,0,4,39.17040095511933,39.17040095511933,39.17040095511933,1.0,0.0,0.0,0.08520047755966198,1,0,0.0,0.0,0.0,1.0,0.0,0.914799522440338,0.08520047755966198,0.0,0.08520047755966198,0.0,14,3,2022,7,9,5,0,0,2,1,0,1,GRAVE_LESIONADOS,1
5,1,11,0,4,1,-11.135356373313204,-77.46408699230746,0,4,7,1,2,2,2,3,590.3188379529972,0.049722646580205865,2,0,1.0,8,27,66.78631723129016,0.5054917307089617,78.37975496998533,60.238416018410256,7.7628003259213925,749.2924892488041,15566.698144781998,3629.8657009348995,634.1095300225485,725.5727975709535,2270.1833733413973,963.098138668057,2666.7675622668426,26.379947504341725,4,1,0,0,3,38.10129431595904,38.10129431595904,38.10129431595904,1.0,0.0,0.0,0.0,1,0,0.3499075488600686,0.6500924511399314,0.3499075488600686,0.0,0.3499075488600686,0.0,0.6500924511399314,0.3499075488600686,0.3499075488600686,0.3499075488600686,4,0,2022,6,20,3,0,1,0,1,0,1,GRAVE_LESIONADOS,1
4,1,21,0,4,1,-5.935442647374374,-77.29882842651014,0,4,7,1,2,2,2,0,7758.33400008,2.0,2,0,1.0,9,20,2133.0,0.5267445592133218,73.88182766223525,58.360699179436544,7.135782946097603,1011.5421789598888,23401.165929231563,5645.136,815.0759999999999,965.298,3864.762,1013.406,4631.73,17.95184385283189,6,2,0,0,4,30.770748188755036,27.65365647640562,33.887839901104456,1.0,0.6536564764056204,0.0,0.0,2,0,0.6536564764056204,0.0,0.3463435235943796,1.0,1.0,0.0,0.0,0.6536564764056204,1.0,1.0,21,2,2023,5,2,0,0,0,1,1,0,1,GRAVE_LESIONADOS,1
3,2,10,0,4,0,-13.647010778882702,-75.95486638056654,0,2,7,1,2,2,2,1,6635.753845562719,2.0,2,0,1.0,9,31,1597.7004505830364,0.606070599750838,78.99095537791294,67.93920758792548,9.126843551876068,1065.1080416542375,27974.080120946142,3710.001016624692,690.1690462023153,742.4521230723624,2277.3798473500146,1085.4112574869637,2624.5897591377284,29.228871980921816,7,2,0,0,5,40.54377882635637,27.481567089920095,53.60599056279265,1.0,0.9562211736436277,0.0,0.9562211736436277,2,0,0.0,0.04377882635637231,0.0,1.0,0.9562211736436277,0.0,1.0,0.0,0.0,0.0,6,1,2021,5,22,1,0,1,0,1,0,1,GRAVE_LESIONADOS,1
5,1,7,0,4,1,-13.139545523033618,-72.28244416137505,0,4,6,1,2,2,2,2,3457.152874584321,1.0030208713561612,2,3,0.0030208713561612477,9,12,1109.2688575506984,0.4432628090824351,73.21597035891547,68.2682434974717,6.341702285137192,606.8112834176903,11281.24531417001,17779.13499998999,2097.3709999899997,2863.123,12818.640999999989,2878.713,14900.421999989989,16.19152450331032,4,1,0,0,2,29.013593921102725,28.981874771863033,29.04531307034242,1.0,0.0030208713561612477,0.0,0.0,1,0,0.0,0.0,0.0,1.0,0.0030208713561612477,0.9969791286438388,0.0,0.0030208713561612477,0.0030208713561612477,0.0030208713561612477,15,2,2021,5,25,1,0,0,2,1,0,1,GRAVE_LESIONADOS,1
3,1,16,0,4,1,-14.889168409089045,-71.15323838162253,5,4,6,0,2,1,1,2,7586.903,2.0,2,0,1.0,9,5,1198.0,0.36196650085102333,74.54223749745915,64.5357623535733,5.542361220101513,378.62618082701323,5523.091089829751,13403.41025001612,1967.298730914639,2210.295600719298,9225.815918382183,3108.596081292274,10294.814168723846,23.129710406315645,5,2,0,0,3,33.44624369495099,29.966919196892917,36.925568193009056,1.0,0.2479324498058072,0.0,0.0,2,0,0.0,0.2479324498058072,0.2479324498058072,0.7520675501941928,0.2479324498058072,0.7520675501941928,0.2479324498058072,0.0,1.0,0.7520675501941928,18,1,2021,7,25,4,0,1,2,1,0,1,GRAVE_LESIONADOS,1
3,1,19,0,4,1,-15.053815412557253,-70.61534543610028,5,4,7,1,2,0,1,2,7586.903,2.0,2,0,1.0,9,5,1198.0,0.3030575151147718,76.96429174167342,62.121565277030285,5.696731451805659,239.57408936453544,1409.6558394431004,13542.826410955968,2006.7478013148148,2263.9590297354725,9272.11957990568,3189.4550423257774,10353.371368630189,23.473591362266735,5,2,0,0,3,43.67506165718892,38.0,49.35012331437784,1.0,0.0,0.9277914793753155,1.0,2,0,0.0,0.0,0.0,1.0,0.0,0.07220852062468452,0.9277914793753155,0.9277914793753155,0.9277914793753155,0.0,22,2,2021,4,12,5,0,0,2,1,0,1,GRAVE_LESIONADOS,1
6,1,14,2,2,3,-11.933913712556166,-77.04343372646552,0,0,6,1,2,2,2,0,6158.897837077197,2.0,3,3,1.0,13,31,1127.283539845011,0.7195148249423371,80.05854303273475,77.84626115031067,10.851977716781926,1456.089799836566,540514.2586318352,7626.313,1683.4029999999998,1599.0829999999996,4343.827000000001,1814.875,5811.438000000001,23.797541485643197,7,1,0,0,5,27.900250368848074,27.83238428424636,27.96811645344979,1.0,0.0,0.0,0.0,1,0,0.0,0.0,0.0,1.0,0.0,0.06786608460171695,0.932133915398283,0.0,0.0,0.0,19,1,2023,10,27,0,0,1,0,1,0,1,GRAVE_LESIONADOS,1
3,1,12,0,4,1,-9.264023176225392,-78.37207457029167,0,4,7,1,2,2,2,0,6543.555,3.0,2,0,1.0,0,30,1475.0,0.5687326920042016,77.43355437187427,58.44852545046761,8.650991262836104,1041.9398196461493,66048.76351829489,8567.049379284661,1432.7736757194402,1841.8485646859679,5292.427138879253,1385.718228561107,7181.331150723554,16.486284466702642,5,1,0,0,3,48.963225306538504,37.794135806293625,60.132314806783384,1.0,0.7205864193706374,0.0,0.2794135806293626,1,0,0.0,0.7205864193706374,0.7205864193706374,0.2794135806293626,0.7205864193706374,0.2794135806293626,0.7205864193706374,0.0,0.7205864193706374,0.7205864193706374,1,0,2023,6,14,1,0,0,0,1,1,1,GRAVE_LESIONADOS,1
5,1,3,0,4,1,-16.42810236221534,-73.12592413315244,0,4,7,1,2,0,1,0,6639.975,2.0,2,0,1.0,9,31,1616.0,0.6105646187581152,82.31286650362561,62.449193964144165,8.87407646478645,1092.6948105925967,4602.551756273495,10322.272,1495.236,1749.739,7077.2970000000005,2886.595,7435.677000000001,27.964725207783708,4,1,0,0,2,37.11711833947623,32.06305328419016,41.40542007371476,1.0,0.0,0.0,0.76576332104754,1,0,0.0,0.0,0.0,1.0,0.0,0.76576332104754,0.23423667895246003,0.0,0.0,0.0,6,0,2021,2,9,1,0,0,0,1,0,1,GRAVE_LESIONADOS,1
3,1,5,0,4,1,-5.5936046897049065,-78.7842656157465,6,4,6,0,2,1,0,1,7758.33400008,2.0,2,0,1.0,9,20,2133.0,0.4823525101155781,74.68609013731242,51.19107770858362,5.880567124588062,905.9911705096852,13071.734475374731,15935.565011852366,1733.9250000199986,935.692,13265.948011832368,2000.1670000199988,13935.398011832369,12.551591352627522,5,1,0,0,3,20.555210284804,18.738176200663297,22.372244368944706,1.0,0.9085170420703529,0.0,0.9085170420703529,1,0,0.0,0.09148295792964711,0.0,0.9085170420703529,0.9085170420703529,0.0,0.09148295792964711,0.0,0.9085170420703529,0.0,9,1,2021,6,5,4,0,0,2,1,0,1,GRAVE_LESIONADOS,1
3,2,6,0,4,1,-13.07048589827842,-74.05378739382489,0,4,3,0,2,1,1,1,496.9631338123645,2.0,2,1,0.4861241652217664,8,17,132.81632451199783,0.4729808467775934,75.93077803833545,60.54001771052815,7.034202999453523,767.7608309477076,20410.814894589104,9236.341877809116,1412.1124727179424,1257.5682527311294,6566.661152360043,1947.8795130805483,7288.462364728567,20.22890229535637,6,2,0,0,4,58.916744991330596,54.51387583477823,63.319614147882966,1.0,0.0,0.0,0.5138758347782336,2,0,0.0,0.5138758347782336,0.0,0.4861241652217664,0.0,1.0,1.0,0.0,0.5138758347782336,0.0,18,2,2022,1,17,3,0,0,1,1,0,1,GRAVE_LESIONADOS,1
3,1,1,0,4,1,-9.701185267164243,-77.47168192793478,1,4,1,1,2,1,1,1,9936.932,2.0,2,0,1.0,9,32,3830.0,0.35537197746912813,73.71129425791567,56.861040355470976,6.20270044227379,372.3722057367396,2335.0446785611366,10767.648,1885.0630000000003,1222.721,7659.864000000001,2100.343,8667.305000000002,19.506051832303577,7,1,0,0,5,43.43671876568552,27.684170087110004,59.189267444261034,1.0,0.7684170087110006,0.0,0.0,1,0,0.0,0.0,0.7684170087110006,1.0,0.7684170087110006,0.0,1.0,0.0,0.7684170087110006,0.7684170087110006,10,1,2022,1,27,0,0,1,0,1,0,1,GRAVE_LESIONADOS,1
5,1,5,0,4,1,-5.553215696245469,-78.80721451015121,1,4,1,0,2,1,1,0,7758.33400008,2.0,2,0,1.0,9,20,2133.0,0.4823525101155781,74.68609013731242,51.19107770858362,5.880567124588062,905.9911705096852,13071.734475374731,15935.565011852366,1733.9250000199986,935.692,13265.948011832368,2000.1670000199988,13935.398011832369,12.551591352627522,5,1,0,0,3,32.91929325856851,32.55685717134127,33.28172934579574,1.0,0.18121804361361726,0.0,0.18121804361361726,1,0,0.0,0.8187819563863827,0.0,0.18121804361361726,0.18121804361361726,0.0,0.8187819563863827,0.0,0.18121804361361726,0.0,6,1,2021,3,25,3,0,0,2,1,0,1,GRAVE_LESIONADOS,1
6,1,10,0,4,1,-13.35810806378429,-76.21903506553892,0,4,7,1,2,2,2,0,6639.975,2.0,2,0,1.0,9,31,1616.0,0.5736744275518083,81.67473861808857,68.1608574885675,9.138785887908334,865.1176766860625,26660.92933618844,3721.461,698.1859999999996,744.866,2278.409,1102.9029999999996,2618.558,29.636290693359403,5,1,0,0,4,38.63697587983665,38.63697587983665,38.63697587983665,1.0,0.0,0.0,0.0,1,0,0.0,0.0,0.0,1.0,0.0,0.18969670087666746,0.8103032991233325,0.0,0.8103032991233325,0.0,8,1,2022,7,10,5,0,0,0,1,0,1,GRAVE_LESIONADOS,1