CLASE SINIESTRO,CANTIDAD DE VEHICULOS DAÑADOS,DEPARTAMENTO,ZONA,TIPO DE VÍA,RED VIAL,COORDENADAS LATITUD,COORDENADAS  LONGITUD,CONDICIÓN CLIMÁTICA,ZONIFICACIÓN,CARACTERÍSTICAS DE VÍA,PERFIL LONGITUDINAL VÍA,SUPERFICIE DE CALZADA,¿EXISTE SEÑAL VERTICAL?,¿EXISTE SEÑAL HORIZONTAL?,CAUSA FACTOR PRINCIPAL,MTC_RVN_LONGITUD_KM,MTC_RVN_N_CARRILES_MEDIANA,MTC_RVN_SUPERFICIE_DOMINANTE,MTC_RVN_ESTADO_DOMINANTE,MTC_RVN_ES_CONCESIONADA,MTC_RVN_CONCESION_PRINCIPAL,MTC_RVN_CORREDOR_LOGISTICO,MTC_RVN_N_TRAMOS,IDH_2019,IDH_ESP_VIDA_2019,IDH_EDUC_SECUND_PCT_2019,IDH_ANIOS_EDUC_2019,IDH_INGRESO_PERCAP_2019,IDH_POBLACION_2019,MTC_DEP_RED_TOTAL_KM,MTC_DEP_NACIONAL_TOTAL_KM,MTC_DEP_DEPARTAMENTAL_TOTAL_KM,MTC_DEP_VECINAL_TOTAL_KM,MTC_DEP_PAV_TOTAL_KM,MTC_DEP_NO_PAV_TOTAL_KM,MTC_DEP_PCT_PAVIMENTADA,PER_TOTAL_PERSONAS,PER_N_CONDUCTORES,PER_N_CONDUCTORES_FUGADOS,PER_N_PEATONES,PER_N_PASAJEROS_OCUPANTES,PER_EDAD_COND_PROM,PER_EDAD_COND_MIN,PER_EDAD_COND_MAX,PER_ANY_COND_MASCULINO,PER_ANY_LIC_PROBLEMA,PER_ANY_DOSAJE_POS,PER_ANY_DOSAJE_EVALUADO,VEH_TOTAL,VEH_N_FUGADOS,VEH_ANY_FUGADO,VEH_ANY_CARGA,VEH_ANY_PUBLICO,VEH_ANY_PARTICULAR,VEH_ANY_MOTO,VEH_ANY_AUTO,VEH_ANY_CAMION_BUS,VEH_ANY_SOAT_PROBLEMA,VEH_ANY_CITV_PROBLEMA,VEH_ANY_SEGURO_PROBLEMA,HORA_NUM,FRANJA_HORARIA,ANIO,MES,DIA_MES,DIA_SEMANA,ES_FIN_SEMANA,ES_QUINCENA,REGION_NATURAL,TIENE_SEÑALIZACION,ES_VIA_MULTICARRIL,ES_DEPTO_BAJO_PAVIMENTO,CATEGORIA_SEVERIDAD,CATEGORIA_SEVERIDAD_ENC
5,1,19,0,4,1,-15.309060764606537,-70.95552286593956,0,3,0,1,2,0,1,1,7446.011230170625,2.0,2,0,1.0,9,8,1198.0,0.6485418595998721,70.73257853151834,80.60771704707469,11.374476861911388,1236.9388986058,144236.57045417457,12829.923569729825,1975.220373599264,2252.1586155095397,8602.544580621021,3111.6059313656674,9718.317638364157,24.22561806827913,4,1,0,0,3,25.810228820083285,25.675190683402736,25.94526695676383,1.0,0.13503813668054743,0.0,0.0,1,0,0.0,0.0,0.13503813668054743,0.0,0.13503813668054743,0.0,1.0,0.13503813668054743,1.0,0.13503813668054743,5,0,2021,4,13,1,0,0,1,1,0,1,GRAVE_LESIONADOS,1
3,2,11,0,4,1,-10.636007185296478,-76.65042583737788,0,4,3,0,2,2,2,2,740.5314228526972,0.4059549109891556,0,1,0.5313483630036148,9,12,202.2413440556819,0.46712374826026926,77.73195457855786,55.116413246878906,5.579944937643077,852.1810578735003,20173.142404521357,7899.416929549822,1519.4100759240396,1220.8314518703953,5159.175401755387,1461.0355156415371,6438.381413908285,18.69547549570058,5,2,0,0,3,55.73432581849819,51.280561458974695,60.18809017802169,1.0,0.0,0.0,1.0,2,0,0.0,0.46865163699638523,0.0,0.5313483630036148,0.0,1.0,0.46865163699638523,0.0,0.46865163699638523,0.0,11,1,2021,6,4,3,0,0,0,1,0,1,GRAVE_LESIONADOS,1
4,1,14,0,2,4,-12.127270388292473,-76.92008116704523,0,3,3,0,1,2,2,1,6543.555,2.0,4,4,1.0,14,33,1198.0,0.691782447911088,79.89305827197411,74.14506980909026,9.829960936684035,1412.8207935380638,457410.72166087106,7626.313,1683.4029999999998,1599.0829999999996,4343.827000000001,1814.875,5811.438000000001,23.797541485643197,5,1,0,0,4,30.692891197930166,30.692891197930166,30.692891197930166,1.0,0.938578239586033,0.0,0.938578239586033,1,0,0.0,0.938578239586033,0.0,0.061421760413966964,0.0,0.0,1.0,0.938578239586033,0.938578239586033,0.0,15,2,2021,2,18,2,0,1,0,1,0,1,GRAVE_LESIONADOS,1
3,1,18,0,4,1,-14.657904745244906,-71.21016047952656,4,4,5,1,2,1,1,2,7586.903,2.0,2,0,1.0,9,5,1198.0,0.3368415848594662,76.72849709985192,62.289108864489044,6.17495537783389,331.58932622020893,1315.3320517214268,13386.279540467847,1984.6690441228207,2122.0911837263357,9279.519312618691,2993.395814809113,10392.883725658734,22.185079167029098,5,2,0,0,3,42.699175611042605,34.09752683312781,51.300824388957395,1.0,0.0,0.8141679444346575,1.0,2,0,0.0,0.0,0.0,1.0,0.18583205556534255,0.18583205556534255,0.8141679444346575,0.8141679444346575,1.0,0.0,21,2,2021,3,12,6,1,0,2,1,0,1,GRAVE_LESIONADOS,1
3,1,2,0,4,0,-16.876728480239883,-71.74252578975842,0,4,0,0,2,1,0,0,6637.853125916841,2.0,2,0,1.0,9,31,1606.801251122582,0.6380913995761155,78.38713269234505,78.50722038429984,8.673296153303209,1207.6476001202268,8060.797477276517,10332.07320090916,1503.8147576043953,1738.1411381916769,7090.117305113088,2869.2922854010344,7462.780915508126,27.77857876707284,48,1,0,0,46,54.110032881308825,42.37411179645001,65.84595396616764,1.0,0.0,0.0,0.9779934237382346,1,0,0.0,0.9779934237382346,0.9779934237382346,0.0,0.0,0.0,1.0,0.0,0.022006576261765387,0.0,2,0,2024,3,25,4,0,0,0,1,0,1,GRAVE_LESIONADOS,1
3,1,14,2,2,4,-11.858118381555743,-77.06828856898768,0,2,1,1,1,2,2,0,6543.555,2.0,4,4,1.0,14,33,1198.0,0.6638066733728929,79.1593677831933,73.22655646343406,9.639430050239161,1291.3896686195112,383586.6186626072,7626.313,1683.4029999999998,1599.0829999999996,4343.827000000001,1814.875,5811.438000000001,23.797541485643197,6,2,0,0,4,29.582824206464643,27.097104242061995,32.06854417086729,1.0,0.0,0.0,0.0,2,0,0.0,0.0,1.0,1.0,0.994287985761059,1.0,0.005712014238940966,0.994287985761059,1.0,0.994287985761059,2,0,2022,7,26,5,0,1,0,1,0,1,GRAVE_LESIONADOS,1
8,1,10,0,4,1,-14.34913105873182,-75.54239909638893,0,4,7,1,2,2,2,0,6639.975,2.0,2,0,1.0,9,31,1616.0,0.5835688184592794,78.05344551036548,68.28964166682118,8.841648479668319,998.2589454256092,27932.19700214133,3721.461,698.1859999999996,744.866,2278.409,1102.9029999999996,2618.558,29.636290693359403,4,1,0,0,3,34.221914226587984,34.221914226587984,34.221914226587984,0.5556171546824029,0.4443828453175971,0.0,0.5556171546824029,1,0,0.0,0.0,0.0,1.0,0.0,0.4443828453175971,0.5556171546824029,0.4443828453175971,0.4443828453175971,0.4443828453175971,9,0,2021,10,29,5,1,1,0,1,0,1,GRAVE_LESIONADOS,1
3,1,4,0,4,1,-15.435447234518387,-73.01050371992424,0,4,5,1,1,1,0,0,1886.3863077360343,1.829857259822842,1,0,0.8298572598228421,9,32,374.9648695412213,0.5611700331381403,76.22705809538417,69.68593409527818,9.061144228343867,1001.8138429976759,21104.81826121676,10085.698047777114,1468.0733921016774,1781.4270645015547,6836.197591173881,2602.918391300987,7482.779656476126,25.529396705637353,5,1,0,0,3,41.72228384283453,35.08342576425179,48.361141921417264,1.0,1.0,0.0,0.8298572598228421,1,0,0.0,0.17014274017715791,0.0,0.8298572598228421,0.8298572598228421,0.8298572598228421,0.17014274017715791,0.8298572598228421,1.0,0.8298572598228421,19,1,2022,7,4,4,0,0,0,1,0,1,GRAVE_LESIONADOS,1
7,1,13,0,4,1,-15.608709651451546,-73.81459497336625,0,4,0,0,2,2,2,0,6639.975,2.0,2,0,1.0,9,31,1616.0,0.5925359467419076,78.42475416027204,81.43169912952477,8.906562949625664,941.8523607001723,1800.554142171363,3382.947752657862,676.8448107004459,663.4674108307797,2042.6355311266361,1092.0918967275331,2290.8558559303287,33.01336050113599,17,1,0,0,15,44.93932535750716,42.568538697950444,47.31011201706388,1.0,0.0,0.0,0.31610488794089564,1,0,0.0,0.0,1.0,0.31610488794089564,0.0,0.31610488794089564,1.0,0.0,0.0,0.0,9,0,2023,3,22,3,0,0,0,1,0,1,GRAVE_LESIONADOS,1
6,1,7,0,4,0,-13.680144807724448,-71.84485705077965,0,4,0,0,1,1,1,3,6543.555,2.0,4,4,1.0,14,33,1198.0,0.2029191626458679,66.4557282147766,40.83967258722281,3.5693282393676378,172.47836147493263,6104.832879007064,17779.13499998999,2097.3709999899997,2863.123,12818.640999999989,2878.713,14900.421999989989,16.19152450331032,6,1,0,0,5,31.54695699605921,31.54695699605921,31.54695699605921,1.0,0.0,0.0,0.5755071673234649,1,0,0.0,0.0,0.0,1.0,0.0,0.0,1.0,0.0,0.0,0.0,15,3,2023,6,7,3,0,0,2,1,0,1,GRAVE_LESIONADOS,1
3,2,7,2,2,2,-12.889683557624904,-74.37690509034906,0,3,2,0,2,1,1,0,6543.555,2.0,4,4,1.0,14,33,1198.0,0.5872123397794062,78.86346900875799,73.82745280830865,9.057204119391152,951.3812529401414,11648.76929330557,9902.696579669235,1584.0664934728563,1405.540634614958,6913.08945158142,2678.701282069641,7223.995297599593,26.954663194730504,6,2,0,0,4,25.798716766029774,23.453378878208884,28.144054653850663,1.0,0.0,0.30932422435822293,0.30932422435822293,2,0,0.0,0.0,0.6906757756417771,1.0,0.30932422435822293,0.6906757756417771,0.6906757756417771,0.30932422435822293,0.30932422435822293,0.0,15,2,2021,7,19,5,1,0,0,0,0,1,GRAVE_LESIONADOS,1
5,1,1,0,4,1,-9.856813397882924,-77.41456851959718,4,4,4,1,4,1,1,0,9936.932,2.0,2,0,1.0,9,32,3830.0,0.425267119487389,72.05875805668934,66.27789235878522,7.343731541726973,525.2562744072815,3311.5517640923463,10767.648,1885.0630000000003,1222.721,7659.864000000001,2100.343,8667.305000000002,19.506051832303577,5,1,0,0,4,28.559385186233733,22.806355798765157,34.312414573702306,1.0,0.2806355798765158,0.0,0.0,1,0,0.0,0.0,0.2806355798765158,1.0,0.2806355798765158,0.0,1.0,0.0,0.2806355798765158,0.2806355798765158,14,2,2022,1,23,2,0,1,0,1,0,1,GRAVE_LESIONADOS,1
3,2,19,0,4,1,-14.429202243998997,-70.35589871379742,0,4,0,1,2,0,1,2,1808.6255991800583,1.9722297092163577,2,0,0.9722297092163575,6,21,429.41143325776613,0.3152480023357409,68.65682625867714,63.09142069360614,5.9344336549893235,284.09363830125835,8622.313383196763,13615.554103206696,2014.788809426515,2338.0079264113524,9262.75736736883,3291.039398744284,10324.514704462412,24.162214040460903,9,2,0,0,7,28.791588053228246,28.055540581567286,29.527635524889206,1.0,1.0,0.0,1.0,2,0,0.0,0.02777029078364246,0.0,1.0,0.02777029078364246,0.0,1.0,0.02777029078364246,1.0,0.0,14,2,2021,3,8,0,0,0,2,1,0,1,GRAVE_LESIONADOS,1
3,1,14,2,2,4,-11.979681243475074,-77.0401485902244,1,1,7,1,2,2,2,0,6543.555,2.0,4,4,1.0,14,33,1198.0,0.6975065591217976,80.0731223522388,76.57527362156634,9.307581279120445,1472.538093986377,222334.37602480283,7626.313,1683.4029999999998,1599.0829999999996,4343.827000000001,1814.875,5811.438000000001,23.797541485643197,5,2,0,1,2,35.971310573633055,28.773081380674036,45.674498614382586,1.0,0.0,0.0,0.0,2,0,0.0,0.0,0.8466351725842544,0.15336482741574564,0.15336482741574564,0.15336482741574564,1.0,0.0,0.15336482741574564,0.15336482741574564,12,3,2021,8,18,1,0,0,0,1,0,1,GRAVE_LESIONADOS,1
1,2,10,0,4,1,-13.557977796824904,-76.19806457292145,0,3,7,1,2,2,2,2,171.13249988272435,-1.0,2,0,0.7333279087168623,11,31,15.0,0.6030584672940656,78.80304647417735,66.0434220486698,9.619079101263111,1038.988727051586,6161.851644810579,3721.461,698.1859999999996,744.866,2278.409,1102.9029999999996,2618.558,29.636290693359403,5,2,0,0,2,46.93335231949098,44.33336045641569,49.533344182566275,1.0,0.0,0.0,0.26667209128313774,2,0,0.0,0.0,0.0,1.0,0.0,1.0,0.0,0.0,0.0,0.0,17,2,2022,1,27,4,0,1,0,1,0,1,GRAVE_LESIONADOS,1
6,1,14,0,4,1,-11.60219915578225,-77.19703643798242,0,4,0,0,2,1,0,1,6543.555,3.0,2,0,1.0,0,30,1475.0,0.606011890732538,79.10580202061365,64.14379964647316,7.172095916125169,1269.9879605915198,20981.39186295503,7626.313,1683.4029999999998,1599.0829999999996,4343.827000000001,1814.875,5811.438000000001,23.797541485643197,7,1,0,0,6,37.99712797392578,37.99712797392578,37.99712797392578,1.0,0.0,0.0,1.0,1,0,0.0,0.0,0.9995897105608251,0.00041028943917487126,0.0,0.00041028943917487126,0.9995897105608251,0.0,0.0,0.0,2,0,2021,8,21,1,0,1,0,1,1,1,GRAVE_LESIONADOS,1
4,1,14,0,4,1,-11.213775948072383,-77.5464793265095,0,4,7,0,2,2,2,2,6543.555,3.0,2,0,1.0,0,30,1475.0,0.7327345537337897,78.20903814342847,76.31492653513806,13.642917835589472,1405.6698219039215,62016.21841541756,7626.313,1683.4029999999998,1599.0829999999996,4343.827000000001,1814.875,5811.438000000001,23.797541485643197,5,1,0,0,3,39.279004681713076,31.230538644780985,47.32747071864516,0.5961826694023769,0.0,0.0,1.0,1,0,0.0,0.0,0.0,1.0,0.0,1.0,0.5961826694023769,0.0,0.0,0.0,16,1,2023,7,18,1,0,1,0,1,1,1,GRAVE_LESIONADOS,1
3,1,19,2,2,3,-5.187417368441404,-80.61197285958959,0,3,1,1,2,2,2,0,6543.555,2.0840569960459474,3,3,1.0,12,32,1221.2837879047274,0.6220812987247925,80.20155828147696,72.71675503872983,10.02377668600292,1028.915688621886,159840.92719486082,8965.846000060003,1782.4120000599992,636.9959999999999,6546.438000000004,2214.505000059999,6751.341000000004,24.699342371541725,6,2,0,0,4,34.223168418941924,33.765196916964896,34.68113992091895,1.0,0.9159430039540524,0.0,1.0,2,0,0.08405699604594763,0.0,1.0,0.9159430039540524,1.0,0.9159430039540524,0.0,0.9159430039540524,1.0,0.08405699604594763,14,2,2021,4,28,3,0,1,0,1,0,1,GRAVE_LESIONADOS,1
2,2,5,0,4,1,-5.69502269769666,-78.76271739672255,0,2,7,0,2,0,1,2,7758.33400008,2.0,2,0,1.0,9,20,2133.0,0.5803239946829384,74.49544278598792,68.33065356443184,8.733179344969395,1046.078117086984,102362.46895074946,15935.565011852366,1733.9250000199986,935.692,13265.948011832368,2000.1670000199988,13935.398011832369,12.551591352627522,5,2,0,1,1,37.17321925927545,35.3930544945085,38.9533840240424,1.0,0.712065905906781,1.0,1.0,2,0,0.0,0.0,0.712065905906781,0.287934094093219,1.0,0.0,0.0,0.712065905906781,1.0,0.712065905906781,7,0,2024,1,10,5,1,0,2,1,0,1,GRAVE_LESIONADOS,1
5,1,5,0,4,1,-7.9593399053298235,-77.43126450219307,0,4,5,1,2,0,1,0,9500.940577891079,2.0,2,0,1.0,9,26,3341.695633121683,0.2861434351474267,70.34730169493591,54.27886263164303,4.246073483142295,294.8279893264392,5290.718676862711,16277.59513185746,1801.35367361795,1293.280516016961,13182.96094222255,2163.1601034750565,14114.435028382404,13.22689350028085,6,1,0,0,5,40.14474024742281,37.73290256907246,42.556577925773155,1.0,0.0,0.0,0.1855259752577192,1,0,0.0,1.0,0.0,0.1855259752577192,0.0,0.1855259752577192,1.0,0.0,0.0,0.0,7,0,2023,1,3,4,0,0,2,1,0,1,GRAVE_LESIONADOS,1
4,1,14,2,2,4,-11.967006791916981,-77.01288424135704,2,1,6,1,3,2,2,0,6543.555,2.0,4,4,1.0,14,33,1198.0,0.7096883477469447,79.92768984826134,77.38372410889129,10.357691227499087,1446.8710638270745,583962.6332912773,7626.313,1683.4029999999998,1599.0829999999996,4343.827000000001,1814.875,5811.438000000001,23.797541485643197,8,1,0,0,6,30.179842461458875,28.089921230729438,32.26976369218831,1.0,0.348320205121573,0.0,0.0,1,0,0.0,0.348320205121573,0.348320205121573,0.651679794878427,0.0,0.0,1.0,0.348320205121573,0.348320205121573,0.348320205121573,20,2,2022,8,20,1,0,0,0,1,0,1,GRAVE_LESIONADOS,1
7,1,7,0,4,1,-13.94370557768794,-71.48901134959246,5,4,2,0,2,1,0,2,7586.903,2.0,2,0,1.0,9,5,1198.0,0.2987880964477328,65.14553710260864,62.79117365990089,5.396810399194182,281.9355898759603,4366.998208140358,17779.13499998999,2097.3709999899997,2863.123,12818.640999999989,2878.713,14900.421999989989,16.19152450331032,23,1,0,0,22,39.43109788905241,36.988209851088754,41.873985927016065,1.0,0.7126014072983932,0.0,1.0,1,0,0.0,0.28739859270160684,1.0,0.0,0.0,0.0,1.0,0.0,0.0,0.0,9,1,2022,2,23,1,0,0,2,1,0,1,GRAVE_LESIONADOS,1
3,1,5,0,4,1,-14.133059789918539,-73.82646841683952,0,4,4,1,1,1,0,0,1852.5817622227237,1.6880305189519813,1,0,0.6880305189519813,9,32,359.93123500891,0.49076583148252706,76.68862288181995,63.51190636220515,7.878685216741858,853.894727974078,20666.41692400655,9888.495906893671,1445.431320228608,1807.8414440283073,6635.223142636755,2366.452651821373,7522.043255072297,23.49936766032107,6,1,0,0,4,43.9915116967683,38.48726754515245,49.49575584838415,1.0,1.0,0.0,0.6880305189519813,1,0,0.0,0.3119694810480187,0.0,0.6880305189519813,0.6880305189519813,0.6880305189519813,0.3119694810480187,0.6880305189519813,1.0,0.6880305189519813,16,1,2022,7,4,4,0,0,0,1,0,1,GRAVE_LESIONADOS,1
3,2,22,1,4,0,-7.336939062096754,-76.42908321406476,0,1,7,0,3,2,2,0,4870.853438618035,2.0,3,2,1.0,9,28,867.5070291778779,0.5197437715390576,76.26469211063528,57.296802831482324,8.204760712254894,849.2397393643736,117425.90616165382,4693.397496067479,836.4564579380626,1096.1412690179022,2760.7997691115133,885.1941702310603,3808.203325836418,14.508565837490758,4,2,0,0,2,38.15965844001069,24.445464959829007,51.873851920192365,1.0,0.0,0.0,0.31931688002137404,2,0,0.0,0.0,0.680683119978626,1.0,1.0,0.31931688002137404,0.0,0.680683119978626,0.680683119978626,0.680683119978626,15,1,2021,8,12,1,0,0,0,1,0,1,GRAVE_LESIONADOS,1
5,2,10,0,4,1,-11.818668999169681,-77.10134805764075,0,4,7,1,2,2,2,4,482.879327486465,-0.24339279352200738,2,0,1.0,9,28,52.32595551958097,0.5133718027683899,78.64693578926277,60.60969019667332,7.90210369937563,768.1404070794922,15091.200670786237,3655.441977186752,652.0016873069743,730.9600639497388,2272.4802259300386,1002.1360346220433,2653.3059425647084,27.289220510961414,4,1,0,0,3,42.49559519568134,40.22577357624736,44.765416815115316,1.0,0.2522024021593309,0.0,0.0,1,0,0.0,0.7477975978406691,0.2522024021593309,0.2522024021593309,0.2522024021593309,0.0,0.7477975978406691,0.2522024021593309,0.2522024021593309,0.2522024021593309,8,0,2022,3,23,5,1,1,0,1,0,1,GRAVE_LESIONADOS,1
5,1,12,0,4,1,-7.811744853939673,-77.8420211371732,0,4,0,1,1,2,2,0,1647.156903759525,1.0440812000379558,1,2,0.0,9,32,283.8261535972672,0.16786418490949312,78.87236919944966,34.99983214366856,2.4210356338791934,173.43144186437019,18408.431827409077,8931.828000000005,1335.5899999999997,1935.9830000000004,5660.255000000005,1219.309,7712.519000000005,13.651281686122925,8,1,0,0,7,54.58122859963942,54.55918799962044,54.6032691996584,1.0,0.9559187999620442,0.0,0.0,1,0,0.0,1.0,0.0,0.0,0.0,0.0,1.0,0.0,0.9559187999620442,0.0,2,0,2021,5,3,2,0,0,0,1,0,1,GRAVE_LESIONADOS,1
5,1,11,0,3,3,-8.297026801690501,-77.27258195536336,0,3,6,0,6,2,2,0,6543.555,2.0,4,4,1.0,14,33,1198.0,0.19296574164580288,73.68863253424209,24.7588919050742,3.3668736306569143,201.982178915619,13312.540397246374,9038.475738523131,1347.8349267027386,1921.6979936182252,5768.9428182021675,1347.1906560546624,7691.285082468468,14.7491298425849,9,1,0,0,8,23.345152212785315,23.15340098346014,23.536903442110493,1.0,0.0,0.0,0.0,1,0,0.0,0.0,0.07670049173007054,1.0,0.0,0.07670049173007054,1.0,0.0,0.0,0.0,17,2,2023,9,26,3,0,1,0,1,0,1,GRAVE_LESIONADOS,1
4,1,3,0,4,1,-16.200217575258314,-71.64401742417783,0,4,7,0,2,1,1,0,1504.4250000000002,2.0,2,0,1.0,7,25,241.0,0.6005060748875158,78.21704200773246,77.40211893847457,8.994742794352394,996.014120858737,33335.45824411135,10322.272,1495.236,1749.739,7077.2970000000005,2886.595,7435.677000000001,27.964725207783708,6,1,0,0,4,30.603648807749227,22.82926643957128,38.37803117592717,0.4573166098928203,0.0,0.0,0.5426833901071797,1,0,0.0,0.4573166098928203,0.0,0.5426833901071797,0.0,0.0,1.0,0.0,0.0,0.0,11,1,2021,7,10,1,0,0,0,1,0,1,GRAVE_LESIONADOS,1
3,1,19,0,4,2,-5.032280411689163,-80.21439663080413,0,4,1,0,6,1,1,0,5543.826665463466,1.5385815984631201,3,3,0.8461938661543734,13,32,1019.1234663375363,0.4653748048968089,74.19666709322776,61.11371397478021,6.596218102126203,701.9088264424688,75914.02997858672,8965.846000060003,1782.4120000599992,636.9959999999999,6546.438000000004,2214.505000059999,6751.341000000004,24.699342371541725,6,2,0,0,4,33.923357063080616,24.615224535382506,43.23148959077872,1.0,0.8461938661543734,0.0,1.0,2,0,0.0,0.0,0.15380613384562658,0.0,1.0,0.0,0.0,1.0,1.0,0.15380613384562658,16,2,2021,3,12,4,0,0,0,1,0,1,GRAVE_LESIONADOS,1
3,2,6,0,4,0,-10.021069934455493,-75.03369656604028,0,3,7,0,2,1,1,2,7093.028061873299,2.0,3,2,1.0,11,27,1620.922451588067,0.6102115236107378,76.20919312134801,74.02906211136211,9.578453931001077,1066.926759961981,98141.06275470497,16945.24501169336,1932.9758413512945,1991.300707179851,13020.968463162215,2481.326018027346,14463.918993666017,14.545097282237116,14,2,0,0,12,35.309293910537185,33.809293910537185,36.809293910537185,1.0,0.45232347763429603,0.0,1.0,2,0,0.0,0.0,1.0,1.0,0.45232347763429603,0.0,0.547676522365704,0.0,1.0,0.45232347763429603,14,3,2023,8,8,0,0,0,2,1,0,1,GRAVE_LESIONADOS,1
7,1,6,0,4,0,-10.689664781823023,-75.05075265580248,2,4,4,0,4,1,1,2,6543.555,2.0,4,4,1.0,14,33,1198.0,0.4592031638512285,77.18059128442619,61.172808440454844,7.147991568307304,653.3888356466772,28800.821565880018,16996.744142976313,1943.1285089403493,2045.1424505074833,13008.47318352848,2505.8677257369554,14490.876417239358,14.646776847642467,5,1,0,0,4,42.214613307232675,42.214613307232675,42.214613307232675,1.0,0.5756109819274896,0.0,0.0,1,0,0.0,0.0,0.4243890180725104,0.0,0.0,0.4243890180725104,0.0,0.5756109819274896,0.5756109819274896,0.0,11,2,2021,5,11,0,0,0,2,1,0,1,GRAVE_LESIONADOS,1
3,1,8,1,4,1,-9.84370515927647,-75.76142091062557,5,4,1,0,2,1,0,1,724.28460695108,1.8432370524007053,1,3,0.0,9,13,223.29087659371567,0.3381811585105243,71.54373219248984,41.3747417833491,4.7378876254972395,466.6751220901399,9074.952539046255,8256.457255702651,1351.0221252805748,982.6852395094984,5922.749890912577,1188.3607234060935,7068.096532296558,14.348704370112214,6,1,0,0,4,37.832485054594,26.448784847184484,49.21618526200353,1.0,0.0,0.0,0.0,1,0,0.0,0.15676294759929466,0.0,0.8432370524007053,1.0,0.8432370524007053,0.0,0.0,1.0,0.0,16,3,2022,3,24,5,0,0,2,1,0,1,GRAVE_LESIONADOS,1
3,2,19,1,2,2,-5.171031616220703,-80.61370857743138,0,4,7,1,2,1,1,1,4309.880173823862,2.0,3,2,1.0,8,27,756.6697315308081,0.6428010742360989,79.36382253490824,75.35753190984823,10.775409116461217,1083.557135966214,170776.16041489365,8965.846000060003,1782.4120000599992,636.9959999999999,6546.438000000004,2214.505000059999,6751.341000000004,24.699342371541725,7,2,0,0,5,38.9924211977219,31.248902960363537,46.73593943508027,1.0,0.5735939435080272,0.0,0.42640605649197283,2,0,0.0,0.0,0.0,1.0,0.5735939435080272,0.42640605649197283,0.42640605649197283,0.5735939435080272,0.42640605649197283,0.0,17,1,2021,4,8,3,0,0,0,1,0,1,GRAVE_LESIONADOS,1
6,1,16,0,4,1,-16.28296622615545,-72.85832366153242,0,4,0,0,2,2,2,1,6639.975,2.0,2,0,1.0,9,31,1616.0,0.5887682288879628,76.78944861525605,78.35822000248565,8.991377647930285,965.8337706710154,2139.472933035564,3145.947112039791,661.903370224311,606.4784512258568,1877.5652905896234,1084.5228032829477,2061.424308756843,35.37772205607999,13,1,0,0,11,39.29586806570492,35.26524102620637,43.32649510520348,1.0,0.0,0.0,0.537416938599807,1,0,0.0,0.0,1.0,0.537416938599807,0.0,0.537416938599807,1.0,0.0,0.0,0.0,13,1,2023,4,18,4,0,0,0,1,0,1,GRAVE_LESIONADOS,1
5,1,14,2,4,1,-12.010527651033332,-76.87291352126995,0,0,0,1,2,2,2,0,875.67,2.0,2,0,1.0,3,14,156.0,0.6868549636939637,79.62363164345142,76.30894566128948,9.209137883551294,1425.4498631666322,684921.8484148846,7626.313,1683.4029999999998,1599.0829999999996,4343.827000000001,1814.875,5811.438000000001,23.797541485643197,6,2,0,0,4,53.3248701771394,52.27986152228203,54.36987883199678,1.0,0.022504327428686466,0.0,0.0,2,0,0.0,0.022504327428686466,0.022504327428686466,0.9774956725713135,0.0,0.9774956725713135,0.022504327428686466,0.0,0.0,0.0,7,1,2023,7,26,5,0,1,0,1,0,1,GRAVE_LESIONADOS,1
3,2,3,0,4,1,-16.736587319055307,-71.82147950091154,0,3,7,1,2,0,0,0,1560.4757126494617,1.5558869948245935,3,0,0.5558869948245936,9,32,308.1744160114974,0.6633466412130934,76.5080643550473,77.73088297637983,10.753024622945679,1232.6820027079837,22035.10698409973,10322.272,1495.236,1749.739,7077.2970000000005,2886.595,7435.677000000001,27.964725207783708,8,2,0,0,6,43.88524305692947,29.223547979298374,58.54693813456056,1.0,0.5558869948245936,0.0,0.5558869948245936,2,0,0.0,0.0,0.4441130051754064,0.5558869948245936,0.5558869948245936,0.5558869948245936,0.4441130051754064,0.5558869948245936,0.5558869948245936,1.0,18,2,2023,6,13,2,0,0,0,1,0,1,GRAVE_LESIONADOS,1