CLASE SINIESTRO,CANTIDAD DE VEHICULOS DAÑADOS,DEPARTAMENTO,ZONA,TIPO DE VÍA,RED VIAL,COORDENADAS LATITUD,COORDENADAS  LONGITUD,CONDICIÓN CLIMÁTICA,ZONIFICACIÓN,CARACTERÍSTICAS DE VÍA,PERFIL LONGITUDINAL VÍA,SUPERFICIE DE CALZADA,¿EXISTE SEÑAL VERTICAL?,¿EXISTE SEÑAL HORIZONTAL?,CAUSA FACTOR PRINCIPAL,MTC_RVN_LONGITUD_KM,MTC_RVN_N_CARRILES_MEDIANA,MTC_RVN_SUPERFICIE_DOMINANTE,MTC_RVN_ESTADO_DOMINANTE,MTC_RVN_ES_CONCESIONADA,MTC_RVN_CONCESION_PRINCIPAL,MTC_RVN_CORREDOR_LOGISTICO,MTC_RVN_N_TRAMOS,IDH_2019,IDH_ESP_VIDA_2019,IDH_EDUC_SECUND_PCT_2019,IDH_ANIOS_EDUC_2019,IDH_INGRESO_PERCAP_2019,IDH_POBLACION_2019,MTC_DEP_RED_TOTAL_KM,MTC_DEP_NACIONAL_TOTAL_KM,MTC_DEP_DEPARTAMENTAL_TOTAL_KM,MTC_DEP_VECINAL_TOTAL_KM,MTC_DEP_PAV_TOTAL_KM,MTC_DEP_NO_PAV_TOTAL_KM,MTC_DEP_PCT_PAVIMENTADA,PER_TOTAL_PERSONAS,PER_N_CONDUCTORES,PER_N_CONDUCTORES_FUGADOS,PER_N_PEATONES,PER_N_PASAJEROS_OCUPANTES,PER_EDAD_COND_PROM,PER_EDAD_COND_MIN,PER_EDAD_COND_MAX,PER_ANY_COND_MASCULINO,PER_ANY_LIC_PROBLEMA,PER_ANY_DOSAJE_POS,PER_ANY_DOSAJE_EVALUADO,VEH_TOTAL,VEH_N_FUGADOS,VEH_ANY_FUGADO,VEH_ANY_CARGA,VEH_ANY_PUBLICO,VEH_ANY_PARTICULAR,VEH_ANY_MOTO,VEH_ANY_AUTO,VEH_ANY_CAMION_BUS,VEH_ANY_SOAT_PROBLEMA,VEH_ANY_CITV_PROBLEMA,VEH_ANY_SEGURO_PROBLEMA,HORA_NUM,FRANJA_HORARIA,ANIO,MES,DIA_MES,DIA_SEMANA,ES_FIN_SEMANA,ES_QUINCENA,REGION_NATURAL,TIENE_SEÑALIZACION,ES_VIA_MULTICARRIL,ES_DEPTO_BAJO_PAVIMENTO,CATEGORIA_SEVERIDAD,CATEGORIA_SEVERIDAD_ENC
3,2,19,1,4,1,-5.252259067875621,-80.57022244204614,0,0,7,0,2,1,1,0,364.2399903130105,1.344068655185601,2,2,0.0,9,32,111.57290940272964,0.4951134358415057,77.28085116117475,62.2092882330209,7.45758652858189,725.278286204609,76153.76412076347,8965.846000060003,1782.4120000599992,636.9959999999999,6546.438000000004,2214.505000059999,6751.341000000004,24.699342371541725,5,2,0,0,2,31.6463290191776,25.655931344814398,35.032205965556805,1.0,0.7813562183952003,0.7813562183952003,1.0,2,0,0.0,0.0,1.0,0.7813562183952003,1.0,0.7813562183952003,0.0,0.2186437816047997,1.0,1.0,6,0,2022,5,9,0,0,0,0,1,0,1,GRAVE_LESIONADOS,1
8,1,10,0,4,1,-14.056333145007088,-75.87995667781263,0,4,7,1,2,2,2,1,6639.975,2.0,2,0,1.0,9,31,1616.0,0.6119675888924264,79.39931402297766,70.4927612577279,9.200000387405458,1063.6818831458627,29047.932583914095,3721.461,698.1859999999996,744.866,2278.409,1102.9029999999996,2618.558,29.636290693359403,5,1,0,0,4,28.800460563742696,28.800460563742696,28.800460563742696,1.0,0.31995394362573015,0.0,1.0,1,0,0.0,0.0,0.0,1.0,0.0,0.0,1.0,0.31995394362573015,0.31995394362573015,0.0,6,0,2021,7,27,4,0,1,0,1,0,1,GRAVE_LESIONADOS,1
6,1,5,0,4,1,-6.620755564304593,-78.69583727292145,0,4,0,0,1,1,1,2,306.79735849910287,1.635156988863935,1,1,0.635156988863935,10,32,48.930400035654046,0.33994896911294475,74.47053510002857,52.180305181993205,4.815021833271978,390.6252869039512,7946.753809354437,15935.565011852366,1733.9250000199986,935.692,13265.948011832368,2000.1670000199988,13935.398011832369,12.551591352627522,8,1,0,0,7,34.09452903340819,34.09452903340819,34.09452903340819,1.0,0.0,0.0,1.0,1,0,0.0,0.0,0.635156988863935,0.364843011136065,0.0,0.0,1.0,0.0,0.0,0.0,14,1,2024,6,14,5,1,0,2,1,0,1,GRAVE_LESIONADOS,1
5,1,7,0,4,1,-14.142768752391472,-72.02316675010158,0,4,7,1,6,1,1,2,6637.920162850902,2.0,3,3,1.0,13,30,1198.0,0.371623931459226,72.91380705579724,53.08274262548707,4.731554251576471,527.1070962130875,7341.24170298788,17779.13499998999,2097.3709999899997,2863.123,12818.640999999989,2878.713,14900.421999989989,16.19152450331032,5,1,0,0,3,32.08533485875357,31.36177828625119,33.351558860632736,1.0,0.9095554284372025,0.0,0.0,1,0,0.0904445715627975,0.0,0.0,1.0,0.0,0.0904445715627975,1.0,0.0,0.0,0.0904445715627975,6,1,2022,9,8,3,0,0,2,1,0,1,GRAVE_LESIONADOS,1
6,1,7,0,4,1,-13.130438970130344,-72.3178415068283,0,4,0,0,1,1,1,1,3503.6236665444944,1.01803200982523,2,3,0.01803200982523001,9,12,1110.6048488744455,0.4706944943299555,76.79406176595778,61.64424635983724,7.141255198110581,653.4175319142125,3282.6252676659524,17779.13499998999,2097.3709999899997,2863.123,12818.640999999989,2878.713,14900.421999989989,16.19152450331032,7,1,0,0,6,35.48686426528121,35.48686426528121,35.48686426528121,1.0,1.0,0.0,0.0,1,0,0.0,0.01803200982523001,0.0,0.0,0.0,0.98196799017477,0.01803200982523001,0.01803200982523001,0.01803200982523001,0.0,12,2,2023,6,30,0,0,1,2,1,0,1,GRAVE_LESIONADOS,1
4,1,9,1,4,1,-12.474463769790834,-73.86490116129406,3,4,7,1,2,1,1,2,7005.708515041505,2.0,3,2,1.0,11,20,1198.0,0.3521612874600851,75.03597510465326,64.1207416351172,5.993514550183073,393.8806428686545,16536.73453188626,12040.9878006387,1945.1787297923352,1723.875589172451,8371.933481673916,2637.95833121021,9403.029469428491,21.626198245131622,5,1,0,0,4,44.57047586192234,39.55704758619223,49.58390413765245,1.0,0.0,0.0,0.0,1,0,0.0,0.5570475861922342,0.44295241380776584,0.5570475861922342,0.0,0.5570475861922342,1.0,0.0,0.0,0.0,9,1,2023,4,10,2,0,0,0,1,0,1,GRAVE_LESIONADOS,1
3,2,12,0,4,1,-8.625088898753203,-78.31917038845482,0,4,0,0,2,2,2,2,783.1906571426791,2.0,2,0,0.7873488484097071,8,26,227.16538865099517,0.4329281011969586,74.77907170444854,54.256401717254064,6.112996971485154,670.5935838309888,26267.534468814705,8654.208731831603,1409.5528349880742,1864.3408270292307,5380.315069814298,1345.9567957480244,7308.251936083579,15.808895516825206,6,2,0,0,4,34.92530230318059,24.149395393638827,45.70120921272235,1.0,0.0,0.0,0.2126511515902929,2,0,0.0,1.0,0.0,0.7873488484097071,0.0,1.0,1.0,0.0,0.7873488484097071,0.0,16,3,2021,8,14,3,0,0,0,1,0,1,GRAVE_LESIONADOS,1
6,1,7,0,4,1,-12.594637299036537,-74.88702685552845,0,4,3,0,2,0,0,2,7108.356188870602,2.0,2,1,1.0,11,17,1198.0,0.38243715554991686,70.93721896635783,60.561340139045456,6.571368094842828,519.9547090319024,14836.118410868361,12454.51838050973,1816.6531638359802,1412.154003341116,9225.711213332632,1999.8843167135783,10454.634063796151,16.00258623353528,6,1,0,0,5,43.55603996267471,43.28537227132408,43.82670765402534,0.5413353827012672,0.45866461729873276,0.0,0.5413353827012672,1,0,0.0,0.0,0.5413353827012672,0.45866461729873276,0.0,0.45866461729873276,0.5413353827012672,0.0,0.0,0.0,15,1,2022,7,8,3,0,0,2,1,0,1,GRAVE_LESIONADOS,1
3,1,5,0,4,1,-6.075502979297917,-78.78165949354853,6,4,4,1,3,1,0,1,7364.872484586048,2.0,2,1,1.0,10,24,1830.1576583373455,0.43411333371258876,71.7758704376705,49.81023868375226,5.717489701403652,750.7629888365539,12699.306607394326,15935.565011852366,1733.9250000199986,935.692,13265.948011832368,2000.1670000199988,13935.398011832369,12.551591352627522,5,1,0,0,3,27.745179919670235,26.392971024830995,29.09738881450948,1.0,0.6761044474196208,0.0,0.6761044474196208,1,0,0.0,0.0,0.0,1.0,0.6761044474196208,0.32389555258037916,0.0,0.0,0.6761044474196208,0.0,12,1,2021,5,6,5,1,0,2,1,0,1,GRAVE_LESIONADOS,1
5,1,5,0,4,1,-6.911878679617497,-78.79909450090996,0,4,7,1,1,1,1,2,6709.069325222768,2.0,3,3,1.0,13,31,1325.3942783609994,0.35371054196700236,66.92525303721024,47.50872110351401,5.445679917895608,492.03595212584025,12078.56134301984,15935.565011852366,1733.9250000199986,935.692,13265.948011832368,2000.1670000199988,13935.398011832369,12.551591352627522,11,1,0,0,10,28.501243783988244,28.22874265380429,28.773744914172198,1.0,1.0,0.0,1.0,1,0,0.0,0.0,0.8637494349080221,0.13625056509197786,0.13625056509197786,0.0,0.8637494349080221,0.0,0.13625056509197786,0.0,17,1,2023,10,26,5,1,0,2,1,0,1,GRAVE_LESIONADOS,1
6,1,7,0,4,2,-13.269408754727097,-73.18446992688555,0,4,0,0,6,1,1,1,6543.555,2.0,4,4,1.0,14,33,1198.0,0.32127859966014616,77.43071878334362,53.96379177233453,5.518569860918727,295.3646585172208,3489.7600619806412,17779.13499998999,2097.3709999899997,2863.123,12818.640999999989,2878.713,14900.421999989989,16.19152450331032,6,1,0,0,5,54.01193235365428,54.01193235365428,54.01193235365428,1.0,0.11243692818380868,0.0,0.8875630718161913,1,0,0.0,1.0,0.0,0.0,0.0,0.0,1.0,0.11243692818380868,0.11243692818380868,0.0,15,2,2022,9,25,3,0,1,2,1,0,1,GRAVE_LESIONADOS,1
6,1,14,0,4,1,-11.332409955629362,-77.46954378235523,0,4,7,1,2,2,2,2,6543.555,3.0,2,0,1.0,0,30,1475.0,0.7327345537337897,78.20903814342847,76.31492653513806,13.642917835589472,1405.6698219039215,62016.21841541756,7626.313,1683.4029999999998,1599.0829999999996,4343.827000000001,1814.875,5811.438000000001,23.797541485643197,6,1,0,0,5,40.76313846851157,40.76313846851157,40.76313846851157,0.529237607612397,0.0,0.0,1.0,1,0,0.0,0.0,0.0,1.0,0.0,1.0,0.0,0.0,0.0,0.0,6,0,2023,10,18,2,0,1,0,1,1,1,GRAVE_LESIONADOS,1
3,1,10,0,4,1,-14.0633423836437,-75.35763877086954,0,4,0,1,2,1,1,0,7041.823954491613,2.0,2,0,1.0,9,31,1885.852953873657,0.5466204127838774,79.19842056003925,76.450747059672,8.67994933236271,784.2624564408932,1104.4698791321189,3716.056489251325,681.9023122020924,765.0963177195102,2269.0578593297223,1040.4949337366033,2675.5615555147215,27.982649473794808,6,2,0,0,4,46.463979174378466,41.927958348756924,51.0,1.0,0.0,0.0,0.1218848030142986,2,0,0.0,0.8781151969857014,0.0,1.0,0.0,1.0,0.8781151969857014,0.0,0.0,0.0,17,2,2023,6,17,1,0,1,0,1,0,1,GRAVE_LESIONADOS,1
4,1,6,0,4,1,-11.150790659925566,-74.30605304899831,0,4,6,1,2,0,1,1,8560.162522570505,2.0,2,0,1.0,9,16,2288.037213755901,0.25380528025542803,66.84339173748668,53.80361335681705,4.653443079450968,225.1561007415543,5347.715862142572,17015.624402256883,1946.850610492269,2064.881542193484,13003.89224957113,2514.865038763453,14500.759363493431,14.684053914469889,5,1,0,0,4,36.14147877566832,28.52540118403713,43.75755636729951,1.0,0.0,0.0,0.5858521224331683,1,0,0.0,1.0,0.0,0.5858521224331683,0.0,0.5858521224331683,1.0,0.0,0.0,0.0,13,1,2023,1,2,2,0,0,2,1,0,1,GRAVE_LESIONADOS,1
3,2,12,0,4,1,-11.541502170118624,-76.41637010228595,0,4,1,1,2,1,1,1,1212.52223350482,1.0225763498450022,1,0,0.0,9,23,522.7153587388705,0.5083223876896077,72.56900960073793,62.096983432796556,6.783369036176767,1010.685263387686,26122.99005516444,7914.689793086547,1605.857465675536,1732.4794991179701,4576.35282829304,1835.956073286543,6078.733719800004,23.23893340183685,8,2,0,0,6,40.57259854231249,26.864541900929986,54.280655183694996,1.0,0.3258078833849992,0.0,0.6741921166150008,2,0,0.0,0.6741921166150008,0.0,0.3258078833849992,0.0,1.0,0.6741921166150008,0.0,0.0,0.0,12,2,2022,4,17,2,0,0,0,1,0,1,GRAVE_LESIONADOS,1
6,1,12,0,4,2,-7.935104116193266,-78.19590298310516,0,4,7,1,2,2,2,1,6543.555,2.0,4,4,1.0,14,33,1198.0,0.3783935550141413,76.05938668074735,38.56774865330591,5.590853772114107,558.9387750867412,13206.784059850486,8931.828000000005,1335.5899999999997,1935.9830000000004,5660.255000000005,1219.309,7712.519000000005,13.651281686122925,5,1,0,0,4,34.2596561612983,31.042611543784503,36.67243962443365,0.19573884562154997,0.0,0.0,0.0,1,0,0.0,0.0,0.80426115437845,0.19573884562154997,0.80426115437845,0.0,0.19573884562154997,0.80426115437845,0.0,0.80426115437845,18,2,2024,3,18,4,0,1,0,1,0,1,GRAVE_LESIONADOS,1
4,1,19,1,4,1,-5.184513466373903,-80.58503457268868,0,2,7,1,2,2,2,0,4758.083925944729,2.6591555446001345,2,0,1.0,0,26,1027.8120745153763,0.6220812987247925,80.20155828147696,72.71675503872983,10.02377668600292,1028.915688621886,159840.92719486082,8965.846000060003,1782.4120000599992,636.9959999999999,6546.438000000004,2214.505000059999,6751.341000000004,24.699342371541725,9,2,0,0,7,48.909866535201616,48.909866535201616,48.909866535201616,1.0,0.0,0.0,1.0,2,0,0.6591555446001344,0.0,0.6591555446001344,0.34084445539986563,0.6591555446001344,0.34084445539986563,0.34084445539986563,0.0,1.0,0.6591555446001344,6,0,2023,5,18,5,0,1,0,1,0,1,GRAVE_LESIONADOS,1
4,1,12,0,4,1,-8.113046462578458,-78.3590888237368,0,4,7,1,2,2,2,1,8586.18185890143,2.3980548406789377,2,0,1.0,5,31,2892.580850201102,0.44106168417576924,74.63227665779982,55.81475691087495,6.047430662330163,676.2614545581678,68787.34361698237,8931.828000000005,1335.5899999999997,1935.9830000000004,5660.255000000005,1219.309,7712.519000000005,13.651281686122925,5,1,0,1,2,40.56790487120247,34.39805484067894,46.73775490172601,1.0,0.3980548406789377,0.0,0.0,1,0,0.0,1.0,0.3980548406789377,0.0,0.3980548406789377,0.0,1.0,0.0,1.0,0.3980548406789377,10,1,2022,5,23,1,0,0,0,1,0,1,GRAVE_LESIONADOS,1
4,1,10,0,4,1,-13.525704995546237,-76.1820285371029,0,4,7,1,2,2,2,0,6639.975,2.0,2,0,1.0,9,31,1616.0,0.5730416514593599,78.98661217961917,70.28902492773234,9.123674527647829,893.0129665324787,25499.40670526954,3721.461,698.1859999999996,744.866,2278.409,1102.9029999999996,2618.558,29.636290693359403,5,1,0,0,4,23.89093292857079,21.45909984821405,26.322766008927537,1.0,0.0,0.0,0.486366616071349,1,0,0.0,0.0,0.486366616071349,1.0,0.0,1.0,0.486366616071349,0.0,0.0,0.0,3,0,2022,6,16,1,0,0,0,1,0,1,GRAVE_LESIONADOS,1
5,1,11,0,4,1,-8.144162751400582,-77.43061438701879,0,4,5,0,2,2,2,0,1492.5377578997163,1.1969544753241201,1,3,0.0,9,27,279.51572993768343,0.18081891612463283,78.38546261214543,35.79013693229923,2.463854979485082,184.00544700720621,18680.882796505666,8789.475016915514,1335.1740321481152,1710.665898502355,5743.635086265044,1187.9046089095689,7601.570408005945,13.505450266253769,4,1,0,0,3,47.16649922856532,46.9695447532412,47.36345370388944,1.0,0.0,0.0,0.19695447532412014,1,0,0.0,0.19695447532412014,0.0,0.8030455246758799,0.0,1.0,0.19695447532412014,0.0,1.0,0.0,12,3,2022,9,3,5,0,0,0,1,0,1,GRAVE_LESIONADOS,1
5,1,6,0,4,1,-11.820475473441906,-73.92380019126725,0,3,0,0,1,2,2,1,2799.963663723611,2.0,4,2,0.3736502963729842,10,14,533.4429644517362,0.5192709292190227,68.96908604220324,70.98423128802334,8.205203572253524,872.8734133634168,32121.091007687308,17090.284527538028,1961.5692943856332,2142.9378356115226,12985.77739754087,2550.444026730173,14539.840500807855,14.831462402779842,5,1,0,0,4,23.87904911088105,23.87904911088105,23.87904911088105,1.0,0.0,0.0,1.0,1,0,0.0,0.0,0.0,1.0,0.0,0.0,1.0,0.3736502963729842,1.0,0.3736502963729842,5,0,2022,8,6,0,0,0,2,1,0,1,GRAVE_LESIONADOS,1
1,1,4,1,4,1,-8.607641706408591,-77.01404909436737,0,1,4,0,2,0,1,2,7691.79795059367,2.0,2,0,1.0,9,14,1770.1064379214552,0.568797279797135,72.71545756837057,70.95263634978795,9.284689556739082,974.7130800124287,103200.16304311615,14671.518626961952,1761.5394535398589,1261.0705183102152,11648.908655111878,2188.486635807966,12483.031991153986,15.28828099288632,5,1,0,2,0,26.458102559533813,22.835635629694508,32.926793505675434,1.0,0.3881214567684971,0.6118785432315029,1.0,1,0,0.0,0.3881214567684971,0.0,1.0,1.0,0.3881214567684971,0.3881214567684971,0.0,1.0,0.0,17,1,2022,3,13,3,0,0,2,1,0,1,GRAVE_LESIONADOS,1
5,1,19,0,4,2,-5.654103501570729,-79.7628866363543,0,4,0,1,1,2,2,1,6543.555,2.0,4,4,1.0,14,33,1198.0,0.23635189736326623,66.43255314120916,44.230559742406044,4.237385058071208,219.58095972472836,39155.68078708746,8965.846000060003,1782.4120000599992,636.9959999999999,6546.438000000004,2214.505000059999,6751.341000000004,24.699342371541725,11,1,0,0,10,52.37326802701398,52.37326802701398,52.37326802701398,1.0,0.09569011605800115,0.0,0.9043098839419988,1,0,0.0,0.09569011605800115,0.9043098839419988,0.0,0.09569011605800115,0.0,0.9043098839419988,0.09569011605800115,1.0,0.09569011605800115,14,2,2022,10,6,6,1,0,0,1,0,1,GRAVE_LESIONADOS,1
9,1,3,2,4,2,-12.951438404541793,-74.72873946999093,0,4,0,0,2,1,0,1,6543.555,2.0,4,4,1.0,14,33,1198.0,0.2078286420662146,70.40440745983386,41.95936013980011,3.4039828568923465,182.67553496039335,15636.223657064638,12515.496595385757,1811.9063056110485,1726.943288735407,8976.647001039302,2452.4872742623006,10063.009321123456,19.594452000492037,6,1,0,0,4,34.36664903645204,33.597908953447764,35.135389119456306,0.0854155647782523,0.9145844352217477,0.0,0.0,1,0,0.0,0.0854155647782523,0.0,1.0,0.0,1.0,0.0854155647782523,0.0,0.0,0.0,11,1,2022,4,13,3,0,0,1,1,0,1,GRAVE_LESIONADOS,1
3,2,4,1,4,1,-6.3428796715093485,-78.3589719012757,0,2,6,0,2,1,1,2,7742.727553565305,2.0,2,0,1.0,9,18,2047.881045526012,0.5776203316199189,74.07793612140303,68.94565602427157,8.862539514212086,1029.3390013336195,102558.95533894241,15639.075027096978,1740.4021427902314,1012.0115663439915,12886.661317962755,2044.3385483202262,13594.736478776753,13.193499022646217,5,2,0,0,3,36.847573076224336,34.634455275818375,39.72829051956354,1.0,1.0,0.0,1.0,2,0,0.0,0.09103631494544173,0.9089636850545583,1.0,1.0,0.09103631494544173,0.09103631494544173,0.0,1.0,0.9089636850545583,12,2,2022,9,11,0,0,0,2,1,0,1,GRAVE_LESIONADOS,1
4,2,15,0,4,1,-7.1829733710547385,-78.45931208110422,0,2,2,1,1,2,2,2,7737.313886057153,2.0,3,2,1.0,12,32,2123.9134449554012,0.35594245769760235,68.35262144514292,56.38382812119265,6.036397871734905,498.5447019668801,38863.108534254,8699.61457523101,1624.481138907582,691.5168934698453,6383.616542853582,1808.311133943157,6891.303441287852,20.552258790593328,10,2,0,0,8,46.26060190386823,43.446275323456675,52.94462753234567,1.0,0.3517908225514441,0.0,1.0,2,0,0.0,0.0,1.0,0.3517908225514441,0.3517908225514441,0.3517908225514441,0.6482091774485559,0.3517908225514441,1.0,0.3517908225514441,16,2,2022,7,13,4,0,0,0,1,0,1,GRAVE_LESIONADOS,1
3,2,5,0,4,1,-6.167968730290268,-78.9733483586036,2,4,2,0,2,1,1,3,9936.932,2.0,2,0,1.0,9,32,3830.0,0.2940005648060219,80.4622000047968,34.269357532932034,4.003270405665628,341.2457561986096,6763.208311205455,15935.565011852366,1733.9250000199986,935.692,13265.948011832368,2000.1670000199988,13935.398011832369,12.551591352627522,5,2,0,0,3,43.46701380299301,31.173611042394406,59.06597239401399,1.0,0.4131944788027977,0.0,1.0,2,0,0.0,1.0,0.0,0.4131944788027977,0.0,0.4131944788027977,1.0,0.0,0.5868055211972023,0.0,6,1,2022,8,8,4,0,0,2,1,0,1,GRAVE_LESIONADOS,1
3,2,16,0,4,2,-6.140252815108245,-79.31187968082715,0,4,2,1,4,2,2,0,7919.974509646843,2.0,3,2,1.0,11,32,2265.5902351523246,0.4383254283181772,73.7026330589819,60.11614883795815,6.194470052593169,631.2512240280374,73338.45628952928,8952.047639617957,1601.172332842945,1163.8903148897464,6186.984991885265,1810.834205331007,7141.21343428695,20.218034732817028,6,2,0,0,4,35.0,26.839335731788097,43.1606642682119,1.0,0.5943806097445576,0.0,0.5943806097445576,2,0,0.0,0.40561939025544236,0.0,0.0,0.5943806097445576,0.0,0.40561939025544236,0.5943806097445576,1.0,0.0,11,1,2021,5,10,3,0,0,0,1,0,1,GRAVE_LESIONADOS,1
5,1,1,0,4,0,-12.027510869884457,-75.41112320615343,0,4,0,0,3,1,0,1,6574.452611917663,2.0,3,2,1.0,12,32,1331.947332312618,0.43317893773944727,76.59247692467886,56.88562384206443,6.101609621732983,649.4066103625789,8243.62040399988,10624.928078765395,1760.14365379562,1391.6029501931373,7473.18147477664,2352.296009391054,8272.632069374344,22.216618180507723,19,1,0,0,17,57.39775918286342,53.55238122173563,61.24313714399121,1.0,0.0,0.0,0.3204481634273161,1,0,0.0,0.3204481634273161,0.3204481634273161,0.0,0.0,0.0,1.0,0.0,0.6795518365726839,0.0,3,0,2023,2,13,2,0,0,0,1,0,1,GRAVE_LESIONADOS,1
3,3,9,1,4,1,-9.643546395136605,-76.55325749880875,0,1,6,1,2,2,2,1,9709.25767084962,2.0,2,0,1.0,9,32,3653.4092957181592,0.6113617229529626,74.00675891551967,80.98350995130484,9.624925561755454,1072.2048021659587,39423.22144877003,8259.83279882726,1363.598657768487,781.5787462232888,6114.655394835483,1137.3285100101841,7122.504288817075,13.701783549754307,7,3,0,0,4,32.33546866314939,24.872218524188423,50.060687743181695,1.0,1.0,0.0,0.9329062673701213,3,0,0.0,0.06709373262987872,0.9329062673701213,0.9329062673701213,1.0,0.9329062673701213,0.0,1.0,1.0,1.0,21,2,2022,1,25,3,0,0,1,1,0,1,GRAVE_LESIONADOS,1
4,1,17,2,3,2,-4.6145185620321625,-77.63009565783807,0,0,7,1,2,2,2,0,6543.555,2.5937057829514347,2,1,1.0,5,31,1362.4565018775475,0.6042259079919629,77.2362287556945,65.72048886405095,10.221115463354804,1040.5683870073358,155623.44880039772,5768.2085320149345,1110.5878540829199,508.5058601526082,4149.1148177794075,1426.1759873442438,4342.032544670691,24.833188666695875,6,2,0,0,4,50.426803292025745,44.87411565902869,61.12588434097131,1.0,0.4062942170485654,0.0,0.5937057829514346,2,0,0.5937057829514346,0.0,0.5937057829514346,0.4062942170485654,1.0,0.0,0.4062942170485654,0.0,1.0,1.0,7,1,2023,6,12,3,0,0,0,1,0,1,GRAVE_LESIONADOS,1
6,1,6,0,4,2,-12.28542570463359,-72.96592760398917,5,4,5,0,5,1,1,2,6543.555,2.0,4,4,1.0,14,33,1198.0,0.26241299220727077,64.02720620413243,54.53640931222672,4.835037203296393,245.03442912571225,3502.116391027662,17358.85964235929,2014.516864481347,2423.729997268482,12920.61278060946,2678.4324374434277,14680.42720491586,15.361735443769142,25,1,0,0,24,33.036413217640614,33.036413217640614,33.036413217640614,1.0,0.0,0.0,0.22796821402764522,1,0,0.0,0.0,0.0,0.22796821402764522,0.0,0.22796821402764522,0.7720317859723548,0.0,0.22796821402764522,0.0,14,3,2023,7,11,4,0,0,2,1,0,1,GRAVE_LESIONADOS,1
3,1,3,0,3,1,-16.378875652780646,-72.18432606596886,0,3,5,1,2,1,1,0,6623.411274115426,2.0,2,0,1.0,9,31,1544.1929327965963,0.6077843615696785,76.53072135400231,69.81276959706165,8.77367759087771,1135.5159013374655,74658.55888650964,10322.272,1495.236,1749.739,7077.2970000000005,2886.595,7435.677000000001,27.964725207783708,6,2,0,0,4,31.171787242113407,28.484638273659783,33.85893621056703,1.0,0.1717872421134058,0.0,1.0,2,0,0.0,0.1717872421134058,0.1717872421134058,0.8282127578865942,0.1717872421134058,0.8282127578865942,1.0,0.0,1.0,0.0,12,2,2022,2,19,2,0,0,0,1,0,1,GRAVE_LESIONADOS,1
3,1,13,0,4,1,-11.543117634391376,-77.23883464075975,0,4,7,1,2,2,2,2,6623.532459854652,2.1705303893937753,2,0,1.0,7,30,1591.9552150954778,0.6760166973634402,76.18960977743528,66.68482955062981,10.15012167548804,1471.850019894524,8489.93052271084,7848.942981309416,1624.0903136737827,1656.5346881867627,4568.317979448871,1713.3128981103068,6135.630083199109,22.067295851140596,21,1,0,0,19,40.60432051363193,30.650685186357236,50.55795584090663,1.0,0.0,0.0,0.0,1,0,0.0,0.8294696106062247,0.8294696106062247,0.1705303893937753,0.0,0.1705303893937753,0.8294696106062247,0.0,0.1705303893937753,0.0,10,1,2023,7,13,3,0,0,0,1,0,1,GRAVE_LESIONADOS,1
3,2,12,0,4,1,-7.13086311673102,-79.47488810876207,0,4,7,1,2,2,2,0,6543.555,3.0,2,0,1.0,0,30,1475.0,0.5114727232493018,78.60606800160349,61.153108160372966,6.422343227671115,862.4189512831092,24701.19700214133,8931.828000000005,1335.5899999999997,1935.9830000000004,5660.255000000005,1219.309,7712.519000000005,13.651281686122925,8,2,0,0,6,40.0509619514853,27.48709525039087,52.61482865257973,1.0,1.0,0.0,0.0,2,0,0.0,0.0,1.0,1.0,1.0,0.0,0.8974190500781737,0.10258094992182631,0.0,0.8974190500781737,6,0,2024,1,18,2,0,1,0,1,1,1,GRAVE_LESIONADOS,1
6,1,4,0,4,1,-13.532283345574061,-74.4594306713867,0,4,1,0,1,1,1,2,1399.9945888028863,0.03156172445767336,1,3,0.3438539081525578,9,29,250.69768299895065,0.25564651057305426,79.85949615872204,49.076624401876764,4.003817389199988,199.27402619046927,2715.488313580977,12678.733000000004,1805.074000000001,1774.0339999999994,9099.625000000004,2485.375000000001,10193.358000000002,19.602707936195205,5,1,0,0,4,34.75083126522046,34.75083126522046,34.75083126522046,1.0,0.0,0.6561460918474422,0.6561460918474422,1,0,0.0,0.0,0.0,0.6561460918474422,0.0,0.3438539081525578,0.6561460918474422,0.0,0.6561460918474422,0.0,16,1,2023,5,24,2,0,1,2,1,0,1,GRAVE_LESIONADOS,1