CLASE SINIESTRO,CANTIDAD DE VEHICULOS DAÑADOS,DEPARTAMENTO,ZONA,TIPO DE VÍA,RED VIAL,COORDENADAS LATITUD,COORDENADAS  LONGITUD,CONDICIÓN CLIMÁTICA,ZONIFICACIÓN,CARACTERÍSTICAS DE VÍA,PERFIL LONGITUDINAL VÍA,SUPERFICIE DE CALZADA,¿EXISTE SEÑAL VERTICAL?,¿EXISTE SEÑAL HORIZONTAL?,CAUSA FACTOR PRINCIPAL,MTC_RVN_LONGITUD_KM,MTC_RVN_N_CARRILES_MEDIANA,MTC_RVN_SUPERFICIE_DOMINANTE,MTC_RVN_ESTADO_DOMINANTE,MTC_RVN_ES_CONCESIONADA,MTC_RVN_CONCESION_PRINCIPAL,MTC_RVN_CORREDOR_LOGISTICO,MTC_RVN_N_TRAMOS,IDH_2019,IDH_ESP_VIDA_2019,IDH_EDUC_SECUND_PCT_2019,IDH_ANIOS_EDUC_2019,IDH_INGRESO_PERCAP_2019,IDH_POBLACION_2019,MTC_DEP_RED_TOTAL_KM,MTC_DEP_NACIONAL_TOTAL_KM,MTC_DEP_DEPARTAMENTAL_TOTAL_KM,MTC_DEP_VECINAL_TOTAL_KM,MTC_DEP_PAV_TOTAL_KM,MTC_DEP_NO_PAV_TOTAL_KM,MTC_DEP_PCT_PAVIMENTADA,PER_TOTAL_PERSONAS,PER_N_CONDUCTORES,PER_N_CONDUCTORES_FUGADOS,PER_N_PEATONES,PER_N_PASAJEROS_OCUPANTES,PER_EDAD_COND_PROM,PER_EDAD_COND_MIN,PER_EDAD_COND_MAX,PER_ANY_COND_MASCULINO,PER_ANY_LIC_PROBLEMA,PER_ANY_DOSAJE_POS,PER_ANY_DOSAJE_EVALUADO,VEH_TOTAL,VEH_N_FUGADOS,VEH_ANY_FUGADO,VEH_ANY_CARGA,VEH_ANY_PUBLICO,VEH_ANY_PARTICULAR,VEH_ANY_MOTO,VEH_ANY_AUTO,VEH_ANY_CAMION_BUS,VEH_ANY_SOAT_PROBLEMA,VEH_ANY_CITV_PROBLEMA,VEH_ANY_SEGURO_PROBLEMA,HORA_NUM,FRANJA_HORARIA,ANIO,MES,DIA_MES,DIA_SEMANA,ES_FIN_SEMANA,ES_QUINCENA,REGION_NATURAL,TIENE_SEÑALIZACION,ES_VIA_MULTICARRIL,ES_DEPTO_BAJO_PAVIMENTO,CATEGORIA_SEVERIDAD,CATEGORIA_SEVERIDAD_ENC
3,2,7,0,4,0,-12.740436383928953,-72.29451788303483,4,4,6,0,2,2,2,2,6156.041700321819,2.0,3,3,1.0,12,31,1123.3322341186715,0.30878243193443977,73.24840593773465,64.7588415701578,5.499758665230329,257.55654402687253,17388.199191892258,17779.13499998999,2097.3709999899997,2863.123,12818.640999999989,2878.713,14900.421999989989,16.19152450331032,6,2,0,0,3,36.11532240382984,26.708871195075904,43.464112410668875,1.0,0.8818548008206828,0.0,0.0,2,0,0.0,0.0,0.0,1.0,0.8818548008206828,0.1181451991793172,0.0,0.0,0.0,0.0,3,0,2021,8,6,5,0,0,2,1,0,1,GRAVE_LESIONADOS,1
4,1,14,2,4,1,-12.005620687384384,-76.8561928320936,0,0,3,1,2,2,2,3,875.67,2.0,2,0,1.0,3,14,156.0,0.6868549636939637,79.62363164345142,76.30894566128948,9.209137883551294,1425.4498631666322,684921.8484148846,7626.313,1683.4029999999998,1599.0829999999996,4343.827000000001,1814.875,5811.438000000001,23.797541485643197,7,2,0,0,5,38.558421513305944,36.528982947526345,40.58786007908555,1.0,0.5147192828898017,0.0,0.0,2,0,0.0,0.5147192828898017,0.5147192828898017,0.48528071711019827,0.0,0.48528071711019827,0.5147192828898017,0.0,0.0,0.0,13,1,2023,5,24,3,0,1,0,1,0,1,GRAVE_LESIONADOS,1
6,1,4,0,4,1,-13.036501472096795,-74.08310375763264,0,4,0,0,4,2,2,1,7021.373593459524,2.0,3,2,1.0,11,20,1198.0,0.28608031260865724,74.7369325903962,52.96211562063567,4.493013666318575,265.5781195388056,2914.4416936007597,8428.790306373206,1357.0730026831716,1623.4452130093907,5448.272090680643,1637.3464662094407,6791.443840163764,19.40344406327053,4,1,0,0,3,48.73899964708394,48.73899964708394,48.73899964708394,1.0,0.542033345097202,0.0,0.0,1,0,0.0,0.0,0.0,1.0,0.0,1.0,0.0,0.542033345097202,0.542033345097202,0.542033345097202,17,2,2021,11,24,4,0,1,2,1,0,1,GRAVE_LESIONADOS,1
5,1,14,2,2,4,-12.04472675451561,-77.07135432557071,0,2,7,1,2,2,2,2,6543.555,2.0,4,4,1.0,14,33,1198.0,0.7646845961658533,80.23682119426338,77.96082737891015,12.014176158371615,1633.787715186093,250806.0877944326,7626.313,1683.4029999999998,1599.0829999999996,4343.827000000001,1814.875,5811.438000000001,23.797541485643197,11,2,0,0,9,40.567468102476106,37.62365070948741,44.83366030399651,1.0,0.0,0.0,0.0,2,0,0.0,0.0,0.9190382770286711,0.08096172297132886,1.0,0.08096172297132886,1.0,0.0,0.08096172297132886,0.08096172297132886,8,1,2021,7,16,1,0,0,0,1,0,1,GRAVE_LESIONADOS,1
3,2,13,0,4,1,-11.370283885125103,-77.08481388734553,0,4,6,0,2,2,2,2,773.3794380514852,-0.6997286300640155,0,0,0.8999095433546718,9,14,169.8079601847889,0.5763493941033456,78.81238787889063,62.21581059080667,6.832058442862683,1180.756470970287,20808.773118045814,7684.640113067326,1648.3788469583833,1518.2993918988154,4517.961874210127,1739.3051037854707,5945.3350092818555,22.707887519979373,5,2,0,0,3,55.550045228322666,48.700633196517295,62.39945726012803,1.0,0.0,0.0,1.0,2,0,0.0,0.10009045664532823,0.0,0.8999095433546718,0.0,1.0,0.10009045664532823,0.0,0.10009045664532823,0.0,8,1,2021,10,4,5,0,0,0,1,0,1,GRAVE_LESIONADOS,1
3,1,7,1,2,2,-12.533713354229487,-74.78937825975459,0,3,3,1,2,1,1,0,8064.333799990284,2.0,3,2,1.0,11,32,2377.5594187072134,0.5140756469808824,74.93884108630586,64.81200316479956,7.353941939400867,863.1219830393227,72375.51127879776,9699.129402589315,1423.6889092101321,1833.2062736997366,6442.234219679445,2139.38265008409,7559.746752505223,21.549999858198326,6,2,0,0,4,33.34448262010701,28.240804366845012,38.448160873369005,1.0,0.551839126630998,0.0,0.551839126630998,2,0,0.0,1.0,0.551839126630998,0.0,0.551839126630998,0.0,1.0,0.0,1.0,0.0,6,0,2023,6,5,3,0,0,0,1,0,1,GRAVE_LESIONADOS,1
3,1,14,2,2,4,-11.934464011661479,-77.03880788444555,0,2,1,0,1,2,2,0,6543.555,2.0,4,4,1.0,14,33,1198.0,0.6813019440797482,79.52412774797428,74.21311961152365,9.829693971355638,1361.2538092452621,383981.66485441657,7626.313,1683.4029999999998,1599.0829999999996,4343.827000000001,1814.875,5811.438000000001,23.797541485643197,5,1,0,0,3,31.558094737267613,28.64647578981409,34.19530105308545,0.7255873683643183,0.0,0.0,0.0,1,0,0.0,0.0,0.7255873683643183,1.0,0.7255873683643183,0.7255873683643183,0.27441263163568175,0.7255873683643183,0.7255873683643183,0.7255873683643183,3,0,2023,9,22,4,0,0,0,1,0,1,GRAVE_LESIONADOS,1
4,1,14,2,3,2,-12.022010828564182,-76.89684635419756,2,1,2,1,3,2,2,0,3104.1148085102745,2.0,2,1,1.0,7,21,565.6835928159633,0.6868549636939637,79.62363164345142,76.30894566128948,9.209137883551294,1425.4498631666322,684921.8484148846,7626.313,1683.4029999999998,1599.0829999999996,4343.827000000001,1814.875,5811.438000000001,23.797541485643197,7,2,0,0,5,47.709273046971774,44.74342087415045,50.675125219793095,1.0,0.39317043456426415,0.0,0.0,2,0,0.0,0.39317043456426415,0.39317043456426415,0.6068295654357359,0.0,0.6068295654357359,0.39317043456426415,0.39317043456426415,0.39317043456426415,0.39317043456426415,12,1,2022,6,19,5,1,0,0,1,0,1,GRAVE_LESIONADOS,1
4,1,4,0,4,1,-13.504542452525836,-74.1319114925313,0,4,0,0,5,2,2,2,6948.1281366428575,2.0,3,2,1.0,12,22,1198.0,0.37159884129487325,72.85531228620917,53.79280168381952,5.697214656353717,448.0178996961168,6637.493573768856,12678.733000000004,1805.074000000001,1774.0339999999994,9099.625000000004,2485.375000000001,10193.358000000002,19.602707936195205,10,1,0,0,8,41.45928977809212,38.93882164264875,43.979757913535494,0.38776432852974974,0.0,0.0,1.0,1,0,0.0,0.38776432852974974,0.38776432852974974,0.6122356714702503,0.0,0.0,1.0,0.0,0.0,0.0,16,2,2023,4,22,5,1,0,2,1,0,1,GRAVE_LESIONADOS,1
5,1,13,1,4,0,-11.145812579678221,-77.45862082502788,0,2,7,1,2,2,2,0,6612.315295914159,2.0,2,1,1.0,10,31,1496.089646257192,0.6042873787646439,77.48741414787682,68.32559944112776,9.307859338029246,1069.708388155847,19213.31478821092,8000.822008293164,1583.6269716116092,1695.7284501817032,4721.4665864998515,1644.0268427339975,6356.795165559167,20.88691564419127,6,2,0,0,3,45.278798750103235,33.147467499931174,65.96772750048177,1.0,0.0,0.0,0.0,2,0,0.0,1.0,0.0,0.0,0.0,0.28686687498279395,1.0,0.0,0.28686687498279395,0.713133125017206,8,1,2022,8,5,1,0,0,0,1,0,1,GRAVE_LESIONADOS,1
6,1,10,0,4,1,-9.090515511725021,-77.03921306097364,0,4,5,0,5,1,1,0,1536.0722727457758,1.2685796043329667,2,1,0.26857960433296657,9,29,269.65193546864396,0.29815160297895704,80.10782599086548,29.493420407343137,5.148923425508796,374.2378452329758,3108.13003830913,8818.916597179215,1365.0808462945724,1955.4638844410833,5498.371866443559,1396.6440553529278,7422.272541826287,15.915871767828936,4,1,0,0,3,37.0,37.0,37.0,1.0,0.0,0.0,0.0,1,0,0.0,0.0,0.0,1.0,0.0,0.26857960433296657,0.7314203956670334,0.0,0.7314203956670334,0.0,14,3,2022,4,8,5,1,0,0,1,0,1,GRAVE_LESIONADOS,1
3,1,5,0,4,1,-5.8099167140894865,-78.7842285991728,6,4,7,1,1,1,0,2,7589.556172982782,2.0,2,0,1.0,9,21,2003.0938456085378,0.4616600076632485,73.43773283186044,50.598758000036014,5.810614023586241,839.405051727133,12911.979165559309,15935.565011852366,1733.9250000199986,935.692,13265.948011832368,2000.1670000199988,13935.398011832369,12.551591352627522,6,1,0,0,4,20.528307698723086,18.806181825763648,22.250433571682525,1.0,1.0,0.0,1.0,1,0,0.0,0.0,0.13893706352028057,0.8610629364797194,0.8610629364797194,0.0,0.13893706352028057,0.0,0.8610629364797194,0.0,11,1,2021,7,6,5,1,0,2,1,0,1,GRAVE_LESIONADOS,1
3,1,21,1,5,3,-6.044474511064006,-76.97095308093506,0,0,0,0,2,2,2,1,6543.555,2.0,4,4,1.0,14,33,1198.0,0.5294800468051228,72.46713251445857,60.50982579904599,7.757161651692042,952.984823255978,86435.21199143468,5645.136,815.0759999999999,965.298,3864.762,1013.406,4631.73,17.95184385283189,4,1,0,0,2,22.14175513608955,18.886271858485866,25.397238413693234,1.0,0.9301380793153383,0.0,0.0,1,0,0.0,0.0,0.0,1.0,0.9301380793153383,0.0,0.06986192068466168,0.9301380793153383,1.0,0.9301380793153383,22,2,2023,5,19,6,1,1,1,1,0,1,GRAVE_LESIONADOS,1
6,1,7,0,4,1,-14.11477413195664,-71.90658812553393,2,4,7,1,2,2,2,2,2317.7894882834325,1.0,1,3,0.0,9,25,689.5586782803512,0.4595032791887329,68.00892081796432,69.87280685994612,6.840201801297147,711.4980761340786,9778.81223630624,17779.13499998999,2097.3709999899997,2863.123,12818.640999999989,2878.713,14900.421999989989,16.19152450331032,4,1,0,0,3,24.25672172530284,24.25672172530284,24.25672172530284,1.0,0.0,0.0,0.0,1,0,0.0,0.0,0.0,1.0,0.0,0.32238881790040586,0.6776111820995941,0.0,0.0,0.0,5,0,2023,2,17,2,0,0,2,1,0,1,GRAVE_LESIONADOS,1
3,1,14,2,5,4,-10.769329005103629,-76.24327955621679,0,2,7,1,2,2,2,0,6543.555,2.0,4,4,1.0,14,33,1198.0,0.6345284223887011,76.72104690734729,68.23173184345809,9.491649634960751,1240.9274579301032,142443.63965624594,6497.673979192421,1414.7486997692981,1378.1609067013642,3704.7643727217587,1548.6178867030508,4949.056092489371,24.01032320725488,6,2,0,0,3,33.70751413948442,30.518460154369357,39.08562210971454,1.0,1.0,0.0,0.0,2,0,0.0,0.0,0.8271799485435477,0.1728200514564523,1.0,0.0,1.0,0.8271799485435477,1.0,1.0,6,0,2022,11,5,0,0,0,0,1,0,1,GRAVE_LESIONADOS,1
4,1,10,1,4,1,-8.709638226057844,-76.58881187028119,4,4,2,0,3,1,0,1,965.4032124540954,1.6554941066059368,2,2,0.0,9,17,250.37802357357626,0.28470407367250294,72.68062098167191,32.11412978722984,4.168071437628038,377.67868692752853,10891.940870702432,8458.055869074322,1334.205596446848,1186.0938090781688,5937.756463549305,1114.7904647016833,7343.265404372639,13.165932794583924,5,1,0,0,4,35.29422937312078,26.445058933940633,44.14339981230093,1.0,0.0,0.0,0.0,1,0,0.0,0.34450589339406323,0.0,0.6554941066059368,0.6554941066059368,0.6554941066059368,0.34450589339406323,0.0,1.0,0.0,11,1,2022,6,18,4,0,0,1,1,0,1,GRAVE_LESIONADOS,1
3,2,5,0,4,1,-5.6672221648940875,-78.75515348727279,0,3,6,1,2,0,0,1,7291.1768906894395,2.0,2,0,1.0,8,20,2004.1904295557865,0.5803239946829384,74.49544278598792,68.33065356443184,8.733179344969395,1046.078117086984,102362.46895074946,15935.565011852366,1733.9250000199986,935.692,13265.948011832368,2000.1670000199988,13935.398011832369,12.551591352627522,5,2,0,0,2,42.5,40.12308606826967,44.87691393173033,1.0,1.0,0.9384569658651631,0.9384569658651631,2,0,0.0,0.06154303413483686,0.9384569658651631,0.06154303413483686,0.9384569658651631,0.06154303413483686,0.06154303413483686,0.9384569658651631,0.9384569658651631,0.9384569658651631,2,0,2023,1,13,6,1,0,2,1,0,1,GRAVE_LESIONADOS,1
5,1,20,0,3,1,-15.806372946203355,-70.02890480734001,0,2,1,1,2,0,1,2,7305.226545934128,2.0,2,1,1.0,10,12,1198.0,0.6488901960567479,69.67312345830231,82.12448375199249,11.701623814093702,1230.336353415943,144745.3597430407,13642.312999999998,2020.7790000000005,2354.117,9267.416999999998,3314.0520000000006,10328.260999999997,24.29244952817019,6,1,0,0,5,28.239683642265543,27.429762731699157,29.04960455283193,1.0,0.0,0.0,0.0,1,0,0.0,0.0,0.26997363685546205,0.26997363685546205,0.0,0.26997363685546205,1.0,0.0,0.730026363144538,0.0,8,1,2021,5,13,3,0,0,2,1,0,1,GRAVE_LESIONADOS,1
8,1,13,0,4,0,-7.7625628168593686,-78.95109089743752,0,4,7,1,1,2,2,0,5133.331954675557,2.0,3,3,0.7684210711172421,12,32,951.3684407398629,0.49057908160955876,77.47454466087622,50.141118929528254,6.41306018816344,870.416167517174,44131.84394992491,8939.705852016632,1439.064560175146,1635.1649819073732,5865.4763099341135,1449.7754237222996,7489.930428294333,16.20977974588392,6,1,0,0,5,51.98947392452415,51.52631606675863,52.452631782289664,1.0,0.23157892888275788,0.0,0.0,1,0,0.0,0.0,1.0,0.23157892888275788,0.23157892888275788,0.0,0.7684210711172421,0.0,0.23157892888275788,0.0,16,3,2022,7,16,5,0,1,0,1,0,1,GRAVE_LESIONADOS,1
5,2,10,0,4,1,-13.366977443707654,-76.21327642765958,0,4,7,1,2,2,2,1,6639.975,2.0,2,0,1.0,9,31,1616.0,0.5736744275518083,81.67473861808857,68.1608574885675,9.138785887908334,865.1176766860625,26660.92933618844,3721.461,698.1859999999996,744.866,2278.409,1102.9029999999996,2618.558,29.636290693359403,8,2,0,0,6,33.414678184507565,28.759632210865792,38.06972415814934,1.0,0.0,0.0,0.0,2,0,0.0,1.0,0.0,0.0,0.0,0.8850153245472586,1.0,0.8850153245472586,0.8850153245472586,0.0,15,2,2022,8,6,1,0,0,0,1,0,1,GRAVE_LESIONADOS,1
3,2,3,0,4,1,-15.899524665656697,-71.1644394327139,0,4,0,0,2,0,1,0,1504.4250000000002,2.0,2,0,1.0,7,25,241.0,0.4539662150510021,81.6785782817665,61.48340904591084,5.83296196292129,619.9524884398216,1445.7304625874206,10322.272,1495.236,1749.739,7077.2970000000005,2886.595,7435.677000000001,27.964725207783708,5,2,0,0,3,34.886108607609465,22.772217215218937,47.0,1.0,0.0,0.0,0.22152715190236705,2,0,0.0,0.22152715190236705,0.0,1.0,0.0,1.0,1.0,0.0,0.0,0.0,8,1,2022,4,17,2,0,1,0,1,0,1,GRAVE_LESIONADOS,1
6,1,7,0,4,1,-14.162885847213772,-71.30303345142859,3,4,3,0,2,1,1,2,7586.903,2.0,2,0,1.0,9,5,1198.0,0.2533150796991205,62.276342024836346,56.86969122577417,5.156845115077471,217.7467149002955,4748.019924859005,17779.13499998999,2097.3709999899997,2863.123,12818.640999999989,2878.713,14900.421999989989,16.19152450331032,18,1,0,0,16,35.755165125187546,29.729043214821562,41.78128703555353,1.0,0.5364521607410782,0.0,1.0,1,0,0.0,0.46354783925892185,0.5364521607410782,0.46354783925892185,0.0,0.46354783925892185,1.0,0.0,0.0,0.0,13,1,2023,1,15,0,0,0,2,1,0,1,GRAVE_LESIONADOS,1
3,2,13,2,3,2,-14.749682186562653,-70.90387184076664,0,1,4,1,2,1,0,2,6543.555,2.0,4,4,1.0,14,33,1198.0,0.6638178503140183,73.36110109655617,82.37634109753719,11.39251578732241,1237.4856952644864,138393.8379205775,15587.959868630982,2056.802059474903,2593.514762344326,10937.64304681175,3109.301599295065,12478.658269335916,20.48238967844228,4,2,0,0,2,38.67356452730927,31.940648095874412,45.406480958744126,1.0,0.4703240479372064,0.0,0.0,2,0,0.0,0.0,0.5296759520627936,1.0,0.0,1.0,1.0,0.0,0.4703240479372064,0.0,13,1,2022,9,14,5,1,0,2,1,0,1,GRAVE_LESIONADOS,1
6,1,1,0,4,1,-9.552917631131674,-76.86029122214404,0,3,0,0,1,1,0,1,6543.555,2.0,4,4,1.0,14,33,1198.0,0.5437276867146391,75.6284929335028,56.40152719257256,9.235010954096747,901.8626305500759,5256.159497773416,10711.341475378047,1835.7792407184002,1289.3490895091163,7586.213145150532,2199.7446686957974,8511.596806682252,20.57543702747693,7,1,0,0,6,29.51709633088319,29.51709633088319,29.51709633088319,0.8735753057597342,0.0,0.0,0.0,1,0,0.0,0.0,0.0,0.8735753057597342,0.0,0.0,1.0,0.0,0.8735753057597342,0.0,12,3,2022,10,23,3,0,1,0,1,0,1,GRAVE_LESIONADOS,1
5,1,11,0,4,1,-11.660831537125139,-75.91125507486014,0,4,7,0,2,1,1,0,714.6603691015679,2.0,2,0,1.0,3,18,127.29868539797245,0.645971868463229,77.55434069771061,67.73159567447851,9.720168619653881,1341.7464257821587,4293.645989925525,12264.545,1826.4639999999995,1105.5389999999998,9332.542,1588.5359999999996,10676.009,12.952261987705208,4,1,0,0,3,37.89760757699356,36.237200947124194,39.55801420686292,1.0,0.0,0.0,0.2372009471241946,1,0,0.0,0.7627990528758054,0.0,0.2372009471241946,0.0,0.0,1.0,0.0,0.7627990528758054,0.0,7,0,2022,1,10,1,0,0,2,1,0,1,GRAVE_LESIONADOS,1
4,1,10,0,4,1,-14.933993566974863,-74.99466013153993,0,4,3,0,2,1,0,0,6639.975,2.0,2,0,1.0,9,31,1616.0,0.5563774842369664,77.00938809632027,69.10246351364754,8.476961866273152,914.8835608305218,27932.19700214133,3721.461,698.1859999999996,744.866,2278.409,1102.9029999999996,2618.558,29.636290693359403,5,1,0,0,3,42.387310792864525,32.38230503468755,52.392316551041496,0.5130772183680499,1.0,0.0,0.5130772183680499,1,0,0.0,0.5130772183680499,0.0,1.0,0.0,1.0,0.5130772183680499,0.48692278163195013,0.48692278163195013,0.48692278163195013,10,0,2022,5,28,5,1,1,0,1,0,1,GRAVE_LESIONADOS,1
5,1,15,0,4,1,-12.128280093053872,-75.78497374135671,0,4,4,0,2,0,1,1,8851.399677825817,2.0,2,0,1.0,9,31,3101.0343018445064,0.4524076034820639,76.40368001797218,83.8604984728408,7.891084383193277,516.1553968287428,2784.792024162517,3691.7193064915145,608.5748447641713,856.1959495871045,2226.9485121402395,759.46366467844,2932.255641813075,20.536097796648896,10,1,0,0,9,43.60953919339517,35.56057278773389,51.658505599056454,1.0,0.0,0.0,0.6707472004717734,1,0,0.0,0.0,0.3292527995282266,0.6707472004717734,0.0,0.6707472004717734,0.3292527995282266,0.0,0.0,0.0,10,2,2023,7,19,3,0,1,1,1,0,1,GRAVE_LESIONADOS,1
3,1,12,0,4,2,-7.289516424332023,-79.33432359936641,0,4,7,1,1,2,2,1,6543.555,2.0,4,4,1.0,14,33,1198.0,0.4621433101019964,78.19813021149771,56.2138179662006,5.939764200479093,753.3137391166734,24630.146172972993,8931.828000000005,1335.5899999999997,1935.9830000000004,5660.255000000005,1219.309,7712.519000000005,13.651281686122925,4,1,0,0,2,35.0,26.52644946090633,43.473550539093665,1.0,0.15264494609063317,0.0,0.0,1,0,0.0,0.0,0.8473550539093668,0.15264494609063317,0.8473550539093668,0.0,0.15264494609063317,0.0,0.0,0.0,18,2,2021,3,7,3,0,0,0,1,0,1,GRAVE_LESIONADOS,1
6,1,8,0,4,0,-12.452457383464601,-74.85120364533276,0,4,6,1,1,2,2,0,7576.950551395356,2.0,2,0,1.0,9,5,1198.0,0.49753425976793303,76.15226507232816,74.84355619685341,8.20636204586654,648.6433065454719,10076.278295570413,8515.436195350247,1444.3455942311327,2007.8241110476652,5063.266490071448,1873.2807148255533,6642.1554805246915,22.00257949445989,4,1,0,0,3,23.03815581610218,23.03815581610218,23.03815581610218,1.0,0.0,0.0,0.0,1,0,0.0,0.009538954025544943,0.0,0.9904610459744551,0.0,0.9904610459744551,0.009538954025544943,0.0,0.0,0.0,5,0,2022,10,5,0,0,0,1,1,0,1,GRAVE_LESIONADOS,1
6,1,22,0,4,1,-17.89447262171919,-70.42771903113218,0,4,4,1,2,2,2,3,1609.6016525932741,1.5971099689499515,1,1,0.5971099689499514,9,32,305.57286326213944,0.5393799982639264,77.4587417866314,78.4076045042139,8.586610815567147,777.0333675462549,1978.4849961024925,2650.572,630.6729999999998,487.3610000000001,1532.5379999999998,1068.7019999999998,1581.87,40.31967439480987,6,1,0,0,5,26.417340186300294,26.417340186300294,26.417340186300294,1.0,0.5971099689499514,0.0,1.0,1,0,0.0,0.0,0.0,1.0,0.0,1.0,0.0,0.0,0.0,0.0,7,0,2022,3,13,0,0,0,0,1,0,1,GRAVE_LESIONADOS,1
3,1,2,0,4,1,-15.538978080826507,-73.91666736008503,0,4,6,0,2,1,1,0,6631.031386188856,2.0,2,0,1.0,9,31,1577.227643921819,0.5770427583878268,80.53541918124996,48.36234441609942,9.386480675648096,1043.2339536147044,4918.116723295222,10363.583667130804,1531.3951178298785,1700.8544795320315,7131.334069768895,2813.6647547579373,7549.9189123728665,27.18012545643647,4,1,0,0,2,36.618810089132246,28.90724316727708,44.33037701098742,1.0,0.0,0.0,0.0,1,0,0.0,0.0,0.0,1.0,0.0,0.0,1.0,0.0,0.09275683272292135,0.0,5,0,2022,2,8,0,0,0,0,1,0,1,GRAVE_LESIONADOS,1
3,2,10,0,4,1,-13.345599043064285,-76.227737564848,0,4,7,1,2,2,2,0,6639.975,2.0,2,0,1.0,9,31,1616.0,0.5736744275518083,81.67473861808857,68.1608574885675,9.138785887908334,865.1176766860625,26660.92933618844,3721.461,698.1859999999996,744.866,2278.409,1102.9029999999996,2618.558,29.636290693359403,13,2,0,0,11,46.54657364772298,43.76751274025483,49.32563455519113,1.0,0.0,0.0,0.0,2,0,0.0,1.0,0.0,0.0,0.0,0.2596869691560486,1.0,0.2596869691560486,0.2596869691560486,0.0,20,2,2022,6,2,0,0,0,0,1,0,1,GRAVE_LESIONADOS,1
3,1,5,0,4,0,-13.038112892968194,-73.78782181477617,0,4,7,1,2,2,2,0,7098.9016981644,2.0,3,2,1.0,11,27,1625.4433149976403,0.5366484227125838,75.46223463852009,59.42898700038404,7.6784950410612085,956.3459284965185,34079.1803232717,9356.197534863382,1421.2869350295312,1311.889840364952,6623.020759468898,2051.48688078553,7304.710654077852,21.082716108121616,5,2,0,0,3,45.286345026637015,41.91486914963924,48.657820903634786,1.0,0.0,0.5428413743340746,1.0,2,0,0.0,0.5428413743340746,0.0,1.0,0.45715862566592536,1.0,0.0,0.0,0.45715862566592536,0.0,9,0,2022,6,20,4,0,0,0,1,0,1,GRAVE_LESIONADOS,1
4,1,14,2,4,4,-12.189727707134246,-76.93913625359009,0,1,4,0,4,2,2,0,6543.555,2.0,4,4,1.0,14,33,1198.0,0.6941562582658269,80.00518761879043,74.125836152324,9.872438688922799,1420.5020477396974,455718.00797825784,7626.313,1683.4029999999998,1599.0829999999996,4343.827000000001,1814.875,5811.438000000001,23.797541485643197,8,1,0,0,6,39.00395695959727,34.3004022299486,43.70751168924593,1.0,0.47035547296486657,0.0,0.0,1,0,0.0,0.47035547296486657,1.0,0.0,0.5296445270351334,0.0,0.47035547296486657,1.0,0.5296445270351334,0.47035547296486657,7,0,2023,7,24,3,0,1,0,1,0,1,GRAVE_LESIONADOS,1
6,1,14,0,4,1,-11.333272131615793,-77.46894972957143,0,4,7,1,2,2,2,2,6543.555,3.0,2,0,1.0,0,30,1475.0,0.7327345537337897,78.20903814342847,76.31492653513806,13.642917835589472,1405.6698219039215,62016.21841541756,7626.313,1683.4029999999998,1599.0829999999996,4343.827000000001,1814.875,5811.438000000001,23.797541485643197,6,1,0,0,5,41.87006912156006,41.87006912156006,41.87006912156006,0.6522299023955622,0.0,0.0,1.0,1,0,0.0,0.0,0.0,1.0,0.0,1.0,0.0,0.0,0.0,0.0,6,0,2023,10,18,2,0,1,0,1,1,1,GRAVE_LESIONADOS,1
6,1,12,0,4,1,-7.693006652316687,-79.29947487365783,0,4,7,1,2,2,2,0,6543.555,3.0,2,0,1.0,0,30,1475.0,0.5882283309281011,77.06871331146941,70.46106378940182,8.665716596699841,1027.8476516485273,8909.779444680938,8931.828000000005,1335.5899999999997,1935.9830000000004,5660.255000000005,1219.309,7712.519000000005,13.651281686122925,6,1,0,0,5,46.863863457113055,46.863863457113055,46.863863457113055,1.0,0.0,0.0,0.0,1,0,0.0,0.0,0.0,1.0,0.0,1.0,0.0,0.0,1.0,0.0,17,2,2023,1,8,6,1,0,0,1,1,1,GRAVE_LESIONADOS,1
7,1,14,0,4,1,-15.374217209337775,-70.96596682008762,1,4,4,0,2,1,1,3,7227.347750393796,2.0,2,1,1.0,10,14,1198.0,0.22101347576349345,72.19638029972603,54.6753996325508,5.034869141082858,136.15212453795374,16800.435639855856,13310.247143338995,1946.4434330402648,2154.2106524943583,9209.593057804372,3028.4759835817767,10281.771159757216,22.6762857854006,5,1,0,0,4,36.93229919678072,36.93229919678072,36.93229919678072,0.6553831994634532,0.34461680053654675,0.0,0.0,1,0,0.0,0.0,0.6553831994634532,0.34461680053654675,0.0,0.34461680053654675,0.6553831994634532,0.0,0.0,0.0,7,0,2023,2,14,2,0,0,2,1,0,1,GRAVE_LESIONADOS,1