CLASE SINIESTRO,CANTIDAD DE VEHICULOS DAÑADOS,DEPARTAMENTO,ZONA,TIPO DE VÍA,RED VIAL,COORDENADAS LATITUD,COORDENADAS  LONGITUD,CONDICIÓN CLIMÁTICA,ZONIFICACIÓN,CARACTERÍSTICAS DE VÍA,PERFIL LONGITUDINAL VÍA,SUPERFICIE DE CALZADA,¿EXISTE SEÑAL VERTICAL?,¿EXISTE SEÑAL HORIZONTAL?,CAUSA FACTOR PRINCIPAL,MTC_RVN_LONGITUD_KM,MTC_RVN_N_CARRILES_MEDIANA,MTC_RVN_SUPERFICIE_DOMINANTE,MTC_RVN_ESTADO_DOMINANTE,MTC_RVN_ES_CONCESIONADA,MTC_RVN_CONCESION_PRINCIPAL,MTC_RVN_CORREDOR_LOGISTICO,MTC_RVN_N_TRAMOS,IDH_2019,IDH_ESP_VIDA_2019,IDH_EDUC_SECUND_PCT_2019,IDH_ANIOS_EDUC_2019,IDH_INGRESO_PERCAP_2019,IDH_POBLACION_2019,MTC_DEP_RED_TOTAL_KM,MTC_DEP_NACIONAL_TOTAL_KM,MTC_DEP_DEPARTAMENTAL_TOTAL_KM,MTC_DEP_VECINAL_TOTAL_KM,MTC_DEP_PAV_TOTAL_KM,MTC_DEP_NO_PAV_TOTAL_KM,MTC_DEP_PCT_PAVIMENTADA,PER_TOTAL_PERSONAS,PER_N_CONDUCTORES,PER_N_CONDUCTORES_FUGADOS,PER_N_PEATONES,PER_N_PASAJEROS_OCUPANTES,PER_EDAD_COND_PROM,PER_EDAD_COND_MIN,PER_EDAD_COND_MAX,PER_ANY_COND_MASCULINO,PER_ANY_LIC_PROBLEMA,PER_ANY_DOSAJE_POS,PER_ANY_DOSAJE_EVALUADO,VEH_TOTAL,VEH_N_FUGADOS,VEH_ANY_FUGADO,VEH_ANY_CARGA,VEH_ANY_PUBLICO,VEH_ANY_PARTICULAR,VEH_ANY_MOTO,VEH_ANY_AUTO,VEH_ANY_CAMION_BUS,VEH_ANY_SOAT_PROBLEMA,VEH_ANY_CITV_PROBLEMA,VEH_ANY_SEGURO_PROBLEMA,HORA_NUM,FRANJA_HORARIA,ANIO,MES,DIA_MES,DIA_SEMANA,ES_FIN_SEMANA,ES_QUINCENA,REGION_NATURAL,TIENE_SEÑALIZACION,ES_VIA_MULTICARRIL,ES_DEPTO_BAJO_PAVIMENTO,CATEGORIA_SEVERIDAD,CATEGORIA_SEVERIDAD_ENC
4,1,13,0,4,1,-6.6008236624804395,-79.79283273540933,0,4,7,1,2,2,2,0,1228.1016113416667,2.0,2,0,0.8003641884553453,2,17,173.979969634956,0.47247378696418807,77.27865014382921,59.83253267232962,6.996735628237857,675.3673028495818,18585.313635627343,3459.691,515.0619999999999,689.7280000000001,2254.901,703.3549999999999,2756.336,20.329994788551925,5,2,0,0,3,32.79308041934844,29.798543246178617,35.78761759251826,1.0,0.1996358115446547,0.0,0.0,2,0,0.8003641884553453,0.1996358115446547,0.8003641884553453,0.1996358115446547,1.0,0.0,0.1996358115446547,1.0,1.0,1.0,2,0,2022,10,15,0,0,0,0,1,0,1,GRAVE_LESIONADOS,1
3,2,5,0,4,1,-5.726884363196886,-78.77025767416482,0,4,7,1,2,1,1,0,7758.33400008,2.0,2,0,1.0,9,20,2133.0,0.5803239946829384,74.49544278598792,68.33065356443184,8.733179344969395,1046.078117086984,102362.46895074946,15935.565011852366,1733.9250000199986,935.692,13265.948011832368,2000.1670000199988,13935.398011832369,12.551591352627522,5,2,0,0,3,37.613215569733626,32.39833533069675,42.8280958087705,1.0,1.0,0.4570239521926255,0.4570239521926255,2,0,0.0,0.5429760478073745,0.4570239521926255,0.5429760478073745,0.4570239521926255,0.5429760478073745,0.5429760478073745,0.4570239521926255,1.0,0.4570239521926255,10,1,2022,4,23,6,1,0,2,1,0,1,GRAVE_LESIONADOS,1
7,1,7,0,4,2,-13.322593741265893,-72.63251085845465,0,4,3,0,1,2,2,2,4191.741922288603,2.0,4,3,0.6065122253232189,12,21,780.5094710679352,0.47825750732530165,73.42754097144773,64.69915054682271,7.125060755723741,736.2571373942361,31236.208155148663,17779.13499998999,2097.3709999899997,2863.123,12818.640999999989,2878.713,14900.421999989989,16.19152450331032,5,1,0,0,4,36.52373228114116,36.52373228114116,36.52373228114116,1.0,0.0,0.0,0.3934877746767811,1,0,0.0,0.6065122253232189,0.0,0.3934877746767811,0.0,0.0,1.0,0.0,0.3934877746767811,0.0,9,1,2021,8,7,0,0,0,2,1,0,1,GRAVE_LESIONADOS,1
3,2,11,0,4,1,-9.00077404555087,-78.23423571536378,0,4,7,1,2,1,0,2,1019.5008806982215,1.604259515986925,1,1,0.6042595159869252,4,24,196.63794114111136,0.534868720749553,77.2455860020894,66.4046524140857,7.972800721161332,850.6320874754226,41830.300883541306,3563.2839865001024,587.5315803944101,711.548338807513,2264.2040672981793,861.4723189064558,2701.8116675936462,24.012872834289333,5,2,0,0,3,51.05324394983656,39.73204499559468,62.37444290407845,1.0,0.3957404840130748,0.0,1.0,2,0,0.0,0.0,0.0,1.0,1.0,0.0,0.6042595159869252,0.0,1.0,0.0,5,0,2021,6,16,2,0,0,0,1,0,1,GRAVE_LESIONADOS,1
3,1,2,0,4,0,-14.657396723897794,-72.55962822878278,0,4,0,0,2,0,0,0,6543.555,2.0,4,4,1.0,14,33,1198.0,0.5249027103815973,77.09482776362503,60.045833832505394,7.912846832641211,864.0202713312543,7822.252722961796,10399.2516124859,1562.614420472905,1658.6482330680292,7177.988958944965,2750.6977485175157,7648.553863968384,26.502712439719758,5,1,0,0,4,35.839571844026544,34.185255547171295,37.49388814088179,1.0,0.0,0.0,0.0,1,0,0.0,0.0,0.0,0.8271581484276234,0.0,0.8271581484276234,1.0,0.0,0.17284185157237664,0.0,12,2,2021,10,21,4,0,0,0,1,0,1,GRAVE_LESIONADOS,1
4,1,11,0,3,2,-10.416608691571126,-74.91423500381443,2,3,4,0,1,2,2,2,6543.555,2.5749975858768024,2,1,1.0,5,31,1357.2743312878742,0.4224719334564465,75.29080623405291,64.31267733777081,6.092764887110204,566.8033821546863,71634.73088979714,14960.92737062223,1855.838642512395,1538.5260492526963,11566.562678857139,2558.571296891757,12402.356073730474,17.541484421111235,6,1,0,0,4,52.87498792938401,50.324973444644826,56.70000965649279,1.0,0.0,0.4250024141231975,1.0,1,0,0.0,0.5749975858768025,0.4250024141231975,0.4250024141231975,0.4250024141231975,0.4250024141231975,0.5749975858768025,0.0,0.4250024141231975,0.4250024141231975,11,1,2023,2,15,2,0,0,2,1,0,1,GRAVE_LESIONADOS,1
5,1,5,2,3,4,-13.679482818838409,-73.82793155252087,0,0,5,0,5,2,2,0,6543.555,2.0,4,4,1.0,14,33,1198.0,0.6451968489864669,78.88559105778505,78.23111037741297,10.810633083587552,1091.716057712536,97644.51808865977,8431.99684875657,1225.2503260830176,1457.7624895085828,5748.984033164968,2285.228790814169,6146.7680579423995,25.861764062710712,10,1,0,0,9,37.071873241466434,36.79642656167593,37.34731992125695,1.0,0.7245533202094909,0.0,0.2754466797905091,1,0,0.0,0.2754466797905091,0.0,1.0,1.0,0.0,0.2754466797905091,0.7245533202094909,1.0,0.2754466797905091,14,2,2022,9,22,5,0,1,0,1,0,1,GRAVE_LESIONADOS,1
3,2,5,0,4,1,-5.756258979532004,-78.78080560539148,0,3,7,0,2,1,1,0,7758.33400008,2.0,2,0,1.0,9,20,2133.0,0.5803239946829384,74.49544278598792,68.33065356443184,8.733179344969395,1046.078117086984,102362.46895074946,15935.565011852366,1733.9250000199986,935.692,13265.948011832368,2000.1670000199988,13935.398011832369,12.551591352627522,6,2,0,0,4,34.56013967256219,28.650349181405474,40.46993016371891,1.0,1.0,0.0,0.26503491814054747,2,0,0.0,0.7349650818594525,0.26503491814054747,1.0,0.26503491814054747,0.7349650818594525,0.7349650818594525,0.0,1.0,0.26503491814054747,15,3,2022,7,25,4,0,0,2,1,0,1,GRAVE_LESIONADOS,1
3,1,3,0,4,1,-15.963919824966574,-71.32544029253852,2,4,0,1,2,1,1,1,1280.3070798302394,1.5361922792822043,1,0,0.5361922792822041,7,28,257.69707794584065,0.4598522287224453,81.74280307931672,65.2262351174128,5.915739618326705,618.9496892123678,1569.4760613854703,10322.272,1495.236,1749.739,7077.2970000000005,2886.595,7435.677000000001,27.964725207783708,14,2,0,0,12,34.07238455856441,32.463807720717796,35.68096139641102,1.0,0.0,0.0,0.46380772071779586,2,0,0.0,0.0,0.46380772071779586,0.5361922792822041,0.0,0.5361922792822041,1.0,0.0,0.0,0.0,13,3,2022,3,6,2,0,0,0,1,0,1,GRAVE_LESIONADOS,1
4,1,7,0,5,2,-12.649874590986444,-74.96581662956874,2,4,0,0,4,2,2,3,7118.285120975752,2.0,2,1,1.0,11,17,1198.0,0.4157442503672597,76.7042010310433,50.647904031670805,6.60905812668331,605.2867706575917,1569.607799474506,12450.576795793251,1816.8567199435581,1405.79232778547,9227.927748064223,1991.349624990155,10459.227170803097,15.939297832837216,5,1,0,0,3,33.4068143781423,22.38977843278655,44.423850323498044,1.0,0.0,0.0,1.0,1,0,0.0,0.44914820273221256,0.0,0.5508517972677874,0.5508517972677874,0.5508517972677874,0.44914820273221256,0.0,0.5508517972677874,0.0,12,2,2022,2,22,3,0,1,2,1,0,1,GRAVE_LESIONADOS,1
3,1,14,2,3,2,-12.100073868293372,-76.88184869226214,0,1,4,1,2,2,2,4,3370.2239160539552,2.0,2,1,1.0,7,22,614.6058433663035,0.6922214264942457,79.85352758296973,75.46225105672212,9.559148222478079,1428.5547242315956,585559.8417953663,7626.313,1683.4029999999998,1599.0829999999996,4343.827000000001,1814.875,5811.438000000001,23.797541485643197,10,2,0,0,8,26.640724625909616,20.559879229015063,32.72157002280417,1.0,1.0,0.0,0.0,2,0,0.0,1.0,1.0,0.0,0.0,0.0,1.0,0.4401207709849362,0.0,0.4401207709849362,15,1,2023,3,25,3,0,1,0,1,0,1,GRAVE_LESIONADOS,1
3,1,22,1,4,0,-8.691534164585297,-74.60989169226941,0,0,6,0,3,1,1,0,6543.555,2.0,4,4,1.0,14,33,1198.0,0.5533513187037773,73.94550728425645,61.7739754556271,9.551875587307451,918.1997401785252,114178.3197030221,3561.816023543617,523.3667092546323,1292.7583461088936,1745.6909681800907,382.53159845701794,3179.284425086599,10.02180192474769,4,1,0,0,2,38.18227467817941,28.184785408166192,48.17976394819264,1.0,0.0,0.0,0.09113733908970723,1,0,0.0,0.09113733908970723,0.9088626609102928,0.9088626609102928,0.9088626609102928,0.0,0.09113733908970723,0.9088626609102928,0.9088626609102928,0.9088626609102928,18,1,2021,7,8,0,0,0,1,1,0,1,GRAVE_LESIONADOS,1
0,1,5,1,4,0,-7.993113832234334,-76.85914375756016,0,1,7,0,2,0,1,2,7416.499733569383,2.0,2,1,1.0,10,23,1869.8944975453328,0.5956802104359308,75.3759679026721,71.2584965221668,9.167481523144804,1056.7901521608424,100193.50996842347,16454.338710290114,1836.1973448726683,1478.0638734777556,13140.07749193969,2247.386558045963,14206.952152244152,13.575854925367413,9,1,0,2,5,26.67326446344314,26.251170074478434,27.09535885240785,1.0,0.0,0.7186037406901956,1.0,1,0,0.0,0.0,0.2813962593098044,1.0,0.7186037406901956,0.0,0.2813962593098044,0.0,1.0,0.0,20,2,2024,4,3,3,0,0,2,1,0,1,GRAVE_LESIONADOS,1
5,1,14,0,4,1,-10.874050686081793,-76.97280112734661,0,4,5,0,2,1,0,2,1422.177,2.0,2,0,0.0,9,19,698.0,0.3034875790903591,78.26180532835325,68.20686257865029,4.006694457794703,346.52165524523946,1581.5032371965026,7626.313,1683.4029999999998,1599.0829999999996,4343.827000000001,1814.875,5811.438000000001,23.797541485643197,4,1,0,0,3,48.42747337596382,44.79394968027134,52.0609970716563,1.0,0.0,0.0,0.2137366879819107,1,0,0.0,0.0,0.2137366879819107,0.7862633120180893,0.0,0.7862633120180893,0.2137366879819107,0.0,0.0,0.0,14,3,2021,8,13,3,0,0,0,1,0,1,GRAVE_LESIONADOS,1
3,1,4,0,4,1,-15.189244252335712,-73.16475347299833,0,4,5,1,1,1,0,0,1879.9959052861211,1.8030463697912786,1,0,0.8030463697912786,9,32,372.12291519787556,0.5478608412554374,76.31431218199425,68.51879750603675,8.837612485794981,973.8512521483598,21021.942986995124,10048.419006598066,1463.7931407516985,1786.4204319045932,6798.205433941775,2558.2169697038216,7490.202036894244,25.14564054540511,5,1,0,0,3,42.15125808333954,35.72688712500931,48.57562904166977,1.0,1.0,0.0,0.8030463697912786,1,0,0.0,0.19695363020872136,0.0,0.8030463697912786,0.8030463697912786,0.8030463697912786,0.19695363020872136,0.8030463697912786,1.0,0.8030463697912786,18,1,2022,7,4,4,0,0,0,1,0,1,GRAVE_LESIONADOS,1
3,1,14,0,4,1,-14.885204693950062,-73.76747883483796,0,4,7,1,2,2,2,3,751.8583385947454,0.23827496083218036,2,0,1.0,11,26,91.3602892513178,0.4984944937217398,75.73319479543089,64.16043476832361,8.350770626797441,730.6194533631444,4157.1782371361915,3279.4426551564625,670.319447523112,638.5786687369698,1970.5445388963803,1088.7862526881925,2190.6564024682693,34.04594620484898,4,1,0,0,2,43.52345007833564,41.76172503916782,45.28517511750346,1.0,0.0,0.0,0.41275832027739345,1,0,0.0,0.0,0.0,1.0,0.0,1.0,0.0,0.0,0.0,0.0,16,2,2022,1,18,2,0,0,0,1,0,1,GRAVE_LESIONADOS,1
3,2,6,2,2,3,-13.832432683121759,-73.61686914468869,0,3,1,0,2,1,1,0,6543.555,2.0,4,4,1.0,14,33,1198.0,0.5949720589674388,78.57579541330273,74.90602551762817,9.342755236072703,965.888354903409,11911.444995558886,10013.3075352064,1560.6484730461004,1496.280244813183,6956.378817347117,2733.507454395758,7279.800080810642,27.220941720597278,6,2,0,0,4,26.24721912110209,23.861108291910995,28.63332995029319,1.0,0.0,0.22777834161780142,0.22777834161780142,2,0,0.0,0.0,0.7722216583821986,1.0,0.22777834161780142,0.7722216583821986,0.7722216583821986,0.22777834161780142,0.22777834161780142,0.0,15,2,2021,8,22,5,1,0,0,0,0,1,GRAVE_LESIONADOS,1
6,1,12,0,4,1,-8.059285724088449,-78.30049378445304,0,4,7,0,1,2,2,6,9936.932,2.0,2,0,1.0,9,32,3830.0,0.4320883936567258,76.718936301794,43.003289188979466,6.269065613037991,662.0777072841523,13167.552462526766,8931.828000000005,1335.5899999999997,1935.9830000000004,5660.255000000005,1219.309,7712.519000000005,13.651281686122925,13,1,0,0,12,38.490551188455726,38.490551188455726,38.490551188455726,1.0,0.0,0.0,0.0,1,0,0.0,0.5838582673080154,0.4161417326919846,0.0,0.0,0.0,1.0,0.0,0.0,0.0,13,2,2022,3,13,4,0,0,0,1,0,1,GRAVE_LESIONADOS,1
6,1,7,0,4,1,-14.264727654952168,-71.63097221192373,3,4,0,0,2,1,1,2,1638.0805344121702,1.0,2,3,0.0,9,6,470.4067527638231,0.3942862084714327,71.48401621598131,62.89781039139092,5.7856880928060646,506.3042241150016,1919.9591332460004,17779.13499998999,2097.3709999899997,2863.123,12818.640999999989,2878.713,14900.421999989989,16.19152450331032,5,1,0,0,4,30.6002433753413,30.6002433753413,30.6002433753413,1.0,0.0,0.0,0.3714633393344715,1,0,0.0,0.0,0.0,0.6285366606655285,0.0,1.0,0.0,0.0,0.0,0.0,7,1,2023,3,19,5,1,0,2,1,0,1,GRAVE_LESIONADOS,1
4,1,4,0,4,1,-13.732728509237933,-73.92456520717138,0,4,0,1,4,1,1,3,2376.829267805486,1.55108827740721,2,1,0.5510882774072099,7,19,630.6553752105418,0.45940998082389056,71.56645516194962,64.86879845059795,7.556191194605946,643.775854245912,12501.628955064372,12678.733000000004,1805.074000000001,1774.0339999999994,9099.625000000004,2485.375000000001,10193.358000000002,19.602707936195205,5,1,0,0,4,27.427146174448595,23.386940671113482,31.467351677783704,1.0,0.4489117225927901,0.0,1.0,1,0,0.0,1.0,0.0,0.4489117225927901,0.4489117225927901,0.5510882774072099,0.4489117225927901,0.4489117225927901,0.4489117225927901,0.0,5,0,2022,5,20,1,0,1,2,1,0,1,GRAVE_LESIONADOS,1
4,1,3,0,4,2,-15.726982868887907,-72.56323006147333,3,4,4,1,3,2,2,0,6543.555,2.0,4,4,1.0,14,33,1198.0,0.5449431285481479,75.80433371582095,67.0445268307559,8.068179641602967,962.4890741643944,2055.676320843869,10322.272,1495.236,1749.739,7077.2970000000005,2886.595,7435.677000000001,27.964725207783708,8,1,0,0,7,38.74338643208058,38.74338643208058,38.74338643208058,1.0,0.5371693216040289,0.0,0.0,1,0,0.0,0.0,0.0,1.0,0.0,0.0,1.0,0.0,0.0,0.0,13,1,2022,5,25,2,0,1,0,1,0,1,GRAVE_LESIONADOS,1
6,1,5,0,4,1,-8.76621233834575,-77.15600861401535,0,4,1,0,2,1,1,2,453.32206579318597,1.796464477518195,1,0,0.7964644775181952,11,32,111.6793731788573,0.3737498092670586,72.5886077761414,59.47443311402876,5.123788548224885,487.147752982872,8585.137879104172,16310.796992619733,1807.899171517815,1327.9926756326277,13174.90514546929,2178.9823191502282,14131.814673469506,13.292447048250587,7,1,0,0,6,30.761109252700148,30.761109252700148,30.761109252700148,1.0,0.0,0.0,0.7964644775181952,1,0,0.0,0.0,0.7964644775181952,0.20353552248180484,0.0,0.0,1.0,0.0,0.0,0.0,7,0,2024,4,12,5,0,0,2,1,0,1,GRAVE_LESIONADOS,1
5,1,7,0,4,2,-13.52262042683646,-71.94015699848279,0,4,7,1,2,1,1,2,6706.058144213505,2.0,3,3,1.0,13,28,1198.0,0.2952954565168864,72.87003624160505,54.92342741375398,5.234293406151407,255.79776553471126,5290.324714566369,17779.13499998999,2097.3709999899997,2863.123,12818.640999999989,2878.713,14900.421999989989,16.19152450331032,5,1,0,0,4,46.35222241128599,44.32745131403411,48.37699350853788,1.0,0.0,0.0,0.1557516228655298,1,0,0.0,0.1557516228655298,0.0,1.0,0.0,0.1557516228655298,1.0,0.8442483771344702,0.8442483771344702,0.8442483771344702,15,2,2023,5,12,3,0,0,2,1,0,1,GRAVE_LESIONADOS,1
3,2,3,0,4,1,-15.879945567552989,-71.14530887271502,0,4,0,0,2,0,1,0,1504.4250000000002,2.0,2,0,1.0,7,25,241.0,0.4498224071382834,81.63336343193146,58.84842497065013,5.774685730039019,620.6584683449911,1358.612419700214,10322.272,1495.236,1749.739,7077.2970000000005,2886.595,7435.677000000001,27.964725207783708,5,2,0,0,3,34.59789048563198,22.315359068390347,46.88042190287361,1.0,0.11957809712639522,0.0,0.0,2,0,0.0,0.11957809712639522,0.0,0.8804219028736048,0.0,0.8804219028736048,1.0,0.0,0.0,0.0,6,1,2022,3,15,2,0,0,0,1,0,1,GRAVE_LESIONADOS,1
1,1,3,0,5,2,-16.438654303465576,-72.50029997933417,0,4,1,0,4,1,1,0,6585.374639427006,2.0,3,2,1.0,11,32,1379.296507783534,0.5732820852453274,80.93690431860156,70.56668359038333,8.721437105848294,913.7975632678945,8005.145994725826,10322.272,1495.236,1749.739,7077.2970000000005,2886.595,7435.677000000001,27.964725207783708,24,1,0,0,22,38.14426367927979,32.93957924530274,43.34894811325684,1.0,0.0,0.0,0.43372370283142103,1,0,0.0,1.0,0.43372370283142103,0.0,0.0,0.0,1.0,0.0,0.566276297168579,0.0,6,0,2022,2,21,2,0,1,0,1,0,1,GRAVE_LESIONADOS,1
3,2,5,0,4,1,-5.732775989156105,-78.77157044891375,0,4,7,1,2,1,1,0,7758.33400008,2.0,2,0,1.0,9,20,2133.0,0.5803239946829384,74.49544278598792,68.33065356443184,8.733179344969395,1046.078117086984,102362.46895074946,15935.565011852366,1733.9250000199986,935.692,13265.948011832368,2000.1670000199988,13935.398011832369,12.551591352627522,5,2,0,0,3,37.20884248669285,31.76931053485555,42.648374438530155,1.0,1.0,0.41209360963253916,0.41209360963253916,2,0,0.0,0.5879063903674608,0.41209360963253916,0.5879063903674608,0.41209360963253916,0.5879063903674608,0.5879063903674608,0.41209360963253916,1.0,0.41209360963253916,10,1,2022,4,23,6,1,0,2,1,0,1,GRAVE_LESIONADOS,1
6,1,12,0,4,1,-7.596566180429263,-79.36529293036386,0,4,7,1,2,2,2,1,6543.555,3.0,2,0,1.0,0,30,1475.0,0.5624123925790175,76.64463942153141,63.28704695796832,8.035594369676703,1001.7466207431382,9411.583822084249,8931.828000000005,1335.5899999999997,1935.9830000000004,5660.255000000005,1219.309,7712.519000000005,13.651281686122925,5,1,0,0,4,61.89602334154191,61.89602334154191,61.89602334154191,1.0,0.0,0.0,0.0,1,0,0.0,0.0,0.0,1.0,0.0,1.0,0.0,0.0,1.0,0.0,16,2,2023,2,9,6,1,0,0,1,1,1,GRAVE_LESIONADOS,1
6,1,5,0,4,1,-6.303894532504396,-78.79765089739648,2,4,0,0,4,2,2,0,7153.402845159351,2.0,2,1,1.0,11,26,1667.3921570807875,0.40818672885169277,70.21174513874986,49.06809359665063,5.629842186916376,667.3341239675996,12499.141702180159,15935.565011852366,1733.9250000199986,935.692,13265.948011832368,2000.1670000199988,13935.398011832369,12.551591352627522,5,1,0,0,4,40.979763025873936,40.979763025873936,40.979763025873936,1.0,0.0,0.0,0.0,1,0,0.0,0.5020236974126068,0.0,0.4979763025873932,0.0,0.4979763025873932,0.5020236974126068,0.0,0.0,0.0,11,1,2022,3,22,4,0,0,2,1,0,1,GRAVE_LESIONADOS,1
4,1,5,0,4,1,-13.512329910157423,-73.74424274069004,0,4,3,0,2,0,1,2,469.49824611476004,2.0,2,1,0.5541697216110001,7,18,116.55343653497098,0.4958424919779914,75.89668916227541,62.731852577543066,7.490440924777635,822.2507475688076,20572.35387979451,9380.13676825419,1423.119385828352,1322.7397009095948,6634.277681516243,2072.1807805767917,7307.955987677398,21.253251639263283,4,1,0,0,3,37.712399186837,37.266568908447994,38.158229465226,1.0,0.5541697216110001,0.0,1.0,1,0,0.0,0.4458302783889999,0.0,0.5541697216110001,0.0,1.0,0.4458302783889999,0.0,0.4458302783889999,0.0,17,3,2021,1,4,2,0,0,0,1,0,1,GRAVE_LESIONADOS,1
3,1,3,0,4,0,-15.847458674159672,-72.6530908362689,0,4,3,0,2,0,1,0,6586.0915632225515,2.0,3,2,1.0,11,32,1382.4045159409493,0.6082807972584721,80.74306049263475,62.67520959296443,8.836388915788788,1111.6265581155856,6705.815987364283,10322.272,1495.236,1749.739,7077.2970000000005,2886.595,7435.677000000001,27.964725207783708,6,2,0,0,4,35.85275041949867,34.73506867758934,36.970432161408,1.0,0.0,0.0,0.0,2,0,0.4411591290453335,0.0,0.0,1.0,0.0,1.0,0.5588408709546665,0.0,0.0,0.0,8,1,2021,7,27,5,1,1,0,1,0,1,GRAVE_LESIONADOS,1
5,1,3,0,4,1,-6.165668252406879,-78.66696865165183,0,4,2,1,2,1,1,0,7402.441616895447,2.2929688306771157,2,0,1.0,6,22,1940.226509414458,0.4442886886147118,73.67306817517294,57.982622281243906,5.704022521822535,710.5331020774992,7909.726106949135,3773.641827457303,967.603663205636,615.6947662602008,2190.343397991466,873.2093399934524,2900.4324874638505,23.046066310182177,13,1,0,0,12,48.833985706172406,47.22265713744827,50.445314274896546,1.0,0.0,0.0,0.0,1,0,0.0,0.29296883067711565,1.0,0.0,0.0,0.0,1.0,0.0,0.0,0.0,13,2,2023,2,21,4,0,1,0,1,0,1,GRAVE_LESIONADOS,1
6,1,5,0,4,2,-8.083981808808414,-76.95607012244517,0,4,0,0,1,1,0,2,6543.555,2.0,4,4,1.0,14,33,1198.0,0.20537972103179322,71.10018513123241,39.193475487073314,3.49856500345746,168.3619989730443,1480.2965296654988,16262.765196281389,1798.4300630148177,1277.775990698561,13186.55914256801,2156.092956220463,14106.672240060927,13.19761336745532,4,1,0,0,3,24.242372844937083,24.242372844937083,24.242372844937083,1.0,0.0,0.0,1.0,1,0,0.0,0.0,0.0,1.0,0.0,1.0,0.0,0.0,0.8225181650089882,0.0,13,2,2023,1,1,0,0,0,2,1,0,1,GRAVE_LESIONADOS,1
6,1,7,0,4,1,-13.192195076176914,-72.24384867626028,0,4,0,0,1,1,1,2,4228.621776686975,1.252223134230619,2,3,0.2522231342306188,10,17,1131.447858946525,0.41385317379528075,73.4718664226775,59.45331541546773,6.214558819066883,554.6356852440215,3143.7124313268014,17779.13499998999,2097.3709999899997,2863.123,12818.640999999989,2878.713,14900.421999989989,16.19152450331032,4,1,0,0,3,28.504446268461237,28.504446268461237,28.504446268461237,1.0,0.0,0.0,0.2522231342306188,1,0,0.0,0.0,0.0,1.0,0.0,1.0,0.0,0.0,0.7477768657693812,0.0,9,1,2022,5,7,0,0,0,2,1,0,1,GRAVE_LESIONADOS,1
3,1,23,0,4,1,-3.6474187662589497,-80.6066752617093,1,4,5,0,2,2,2,2,6543.555,3.0,2,0,1.0,0,30,1475.0,0.5886548355482827,75.82237178179908,70.83070781694505,9.05182203166529,1022.1031070779607,9641.931270985131,1009.101,138.47399999999996,287.471,583.156,276.972,732.129,27.447401201663663,12,1,0,0,10,42.67511325661289,42.67511325661289,42.67511325661289,1.0,0.8107304652304127,0.0,1.0,1,0,0.0,0.0,0.8107304652304127,0.8107304652304127,0.8107304652304127,0.8107304652304127,0.1892695347695873,0.8107304652304127,0.8107304652304127,0.8107304652304127,17,1,2024,5,8,5,1,0,0,1,1,1,GRAVE_LESIONADOS,1
5,1,10,0,4,1,-13.354784213808257,-76.2210650409916,0,4,6,1,2,2,2,0,6639.975,2.0,2,0,1.0,9,31,1616.0,0.5736744275518083,81.67473861808857,68.1608574885675,9.138785887908334,865.1176766860625,26660.92933618844,3721.461,698.1859999999996,744.866,2278.409,1102.9029999999996,2618.558,29.636290693359403,5,1,0,0,3,42.683023701060364,42.524535551590546,42.84151185053018,1.0,0.052829383156606013,0.0,0.0,1,0,0.0,0.052829383156606013,0.0,1.0,0.052829383156606013,0.052829383156606013,0.947170616843394,0.0,1.0,0.052829383156606013,8,0,2022,7,7,5,0,0,0,1,0,1,GRAVE_LESIONADOS,1
3,2,6,0,4,0,-11.867802516856251,-73.19952826900708,4,4,6,0,1,2,2,1,6543.555,2.0,4,4,1.0,14,33,1198.0,0.3164947729917885,74.06281284648239,63.57808974538145,5.501621266112421,274.04655535837935,17849.382941071777,17528.533466538505,2047.9667866944144,2601.1220088090577,12879.444671035031,2759.2898285341485,14769.243638004355,15.696738389904619,6,2,0,0,3,36.98384307719041,27.76712571577517,44.18440351579608,1.0,0.8640672526326794,0.0,0.0,2,0,0.0,0.0,0.0,1.0,0.8640672526326794,0.13593274736732064,0.0,0.0,0.0,0.0,4,0,2021,8,5,6,1,0,2,1,0,1,GRAVE_LESIONADOS,1