CLASE SINIESTRO,CANTIDAD DE VEHICULOS DAÑADOS,DEPARTAMENTO,ZONA,TIPO DE VÍA,RED VIAL,COORDENADAS LATITUD,COORDENADAS  LONGITUD,CONDICIÓN CLIMÁTICA,ZONIFICACIÓN,CARACTERÍSTICAS DE VÍA,PERFIL LONGITUDINAL VÍA,SUPERFICIE DE CALZADA,¿EXISTE SEÑAL VERTICAL?,¿EXISTE SEÑAL HORIZONTAL?,CAUSA FACTOR PRINCIPAL,MTC_RVN_LONGITUD_KM,MTC_RVN_N_CARRILES_MEDIANA,MTC_RVN_SUPERFICIE_DOMINANTE,MTC_RVN_ESTADO_DOMINANTE,MTC_RVN_ES_CONCESIONADA,MTC_RVN_CONCESION_PRINCIPAL,MTC_RVN_CORREDOR_LOGISTICO,MTC_RVN_N_TRAMOS,IDH_2019,IDH_ESP_VIDA_2019,IDH_EDUC_SECUND_PCT_2019,IDH_ANIOS_EDUC_2019,IDH_INGRESO_PERCAP_2019,IDH_POBLACION_2019,MTC_DEP_RED_TOTAL_KM,MTC_DEP_NACIONAL_TOTAL_KM,MTC_DEP_DEPARTAMENTAL_TOTAL_KM,MTC_DEP_VECINAL_TOTAL_KM,MTC_DEP_PAV_TOTAL_KM,MTC_DEP_NO_PAV_TOTAL_KM,MTC_DEP_PCT_PAVIMENTADA,PER_TOTAL_PERSONAS,PER_N_CONDUCTORES,PER_N_CONDUCTORES_FUGADOS,PER_N_PEATONES,PER_N_PASAJEROS_OCUPANTES,PER_EDAD_COND_PROM,PER_EDAD_COND_MIN,PER_EDAD_COND_MAX,PER_ANY_COND_MASCULINO,PER_ANY_LIC_PROBLEMA,PER_ANY_DOSAJE_POS,PER_ANY_DOSAJE_EVALUADO,VEH_TOTAL,VEH_N_FUGADOS,VEH_ANY_FUGADO,VEH_ANY_CARGA,VEH_ANY_PUBLICO,VEH_ANY_PARTICULAR,VEH_ANY_MOTO,VEH_ANY_AUTO,VEH_ANY_CAMION_BUS,VEH_ANY_SOAT_PROBLEMA,VEH_ANY_CITV_PROBLEMA,VEH_ANY_SEGURO_PROBLEMA,HORA_NUM,FRANJA_HORARIA,ANIO,MES,DIA_MES,DIA_SEMANA,ES_FIN_SEMANA,ES_QUINCENA,REGION_NATURAL,TIENE_SEÑALIZACION,ES_VIA_MULTICARRIL,ES_DEPTO_BAJO_PAVIMENTO,CATEGORIA_SEVERIDAD,CATEGORIA_SEVERIDAD_ENC
6,1,8,0,4,1,-13.13530368518226,-75.5485366121966,0,4,3,1,2,1,1,0,1482.81,1.0,1,3,0.0,9,16,270.0,0.3350977923231871,68.89558289355473,47.3438883832626,6.105182048508107,369.6405022278763,1173.4582441113491,8511.426,1445.3929999999996,2008.516,5057.516999999999,1879.579,6631.846999999998,22.08300935706896,4,1,0,0,3,28.469444208567836,28.469444208567836,28.469444208567836,1.0,0.4976495545052182,0.0,0.0,1,0,0.0,0.0,0.0,1.0,0.0,1.0,0.0,0.0,0.0,0.0,7,1,2022,5,4,3,0,0,2,1,0,1,GRAVE_LESIONADOS,1
3,2,10,0,4,1,-12.089496692101815,-76.90317942404707,0,4,7,1,2,2,2,0,6619.324125710849,2.2141762527395867,2,0,1.0,7,30,1585.8011483637183,0.5660538859375672,80.41427984632577,69.78996180116492,8.671100850573538,868.9919760691939,11981.02161547489,3665.3960823203583,658.9651878933155,733.0567497764447,2273.374144650598,1017.3293065704032,2648.0667757499546,27.643103109581975,8,2,0,0,6,54.213410021916694,49.49923376917711,58.92758627465628,1.0,0.0,0.0,0.7858237472604132,2,0,0.0,0.21417625273958685,0.21417625273958685,0.7858237472604132,0.0,0.7858237472604132,1.0,0.0,0.0,0.0,19,1,2023,8,20,5,0,1,0,1,0,1,GRAVE_LESIONADOS,1
5,1,12,0,4,1,-7.789666168577667,-77.85398777213285,0,4,7,1,2,2,2,0,1632.1259887704784,1.0600731683549824,1,2,0.0,9,32,282.67473187844126,0.17462776569922558,78.8522713700641,35.5220227025406,2.522143935665774,186.8989339350351,18360.830689270122,8931.828000000005,1335.5899999999997,1935.9830000000004,5660.255000000005,1219.309,7712.519000000005,13.651281686122925,4,1,0,0,3,45.030036584177495,45.0,45.06007316835498,1.0,0.0,0.0,0.0,1,0,0.0,0.06007316835498244,0.0,0.9399268316450176,0.0,0.9399268316450176,0.06007316835498244,0.0,0.9399268316450176,0.0,11,2,2022,11,3,5,0,0,0,1,0,1,GRAVE_LESIONADOS,1
6,1,7,0,4,1,-14.532582578761518,-71.56738387689101,0,4,0,0,2,1,1,2,1505.7497413330564,1.0,2,3,0.0,9,5,423.7113915361536,0.43799058927856294,71.22432479164578,63.259436464834494,6.525544311377411,622.1954373017575,1880.7424508536433,17779.13499998999,2097.3709999899997,2863.123,12818.640999999989,2878.713,14900.421999989989,16.19152450331032,4,1,0,0,3,35.41946328061251,35.41946328061251,35.41946328061251,1.0,0.0,0.0,0.0,1,0,0.0,0.0,0.0,1.0,0.0,1.0,0.0,0.0,1.0,0.0,2,0,2022,8,5,4,0,0,2,1,0,1,GRAVE_LESIONADOS,1
3,1,6,0,4,1,-13.31556660609542,-73.70026447421337,0,4,4,0,2,1,1,2,7586.903,2.0,2,0,1.0,9,5,1198.0,0.34891232959539653,74.18352590242311,67.4879441522323,5.526990117268279,340.6116446364505,5350.813121813711,12817.187521875006,1836.0681391903615,1857.384748679733,9123.734634004912,2604.4456301747787,10212.741891700227,20.27656576827372,4,2,0,0,2,50.269935121499955,39.700997997052596,60.83887224594732,1.0,1.0,0.0,0.0,2,0,0.0,0.8563123748157873,0.8563123748157873,0.14368762518421274,0.8563123748157873,0.14368762518421274,1.0,0.0,0.8563123748157873,0.0,8,1,2022,6,22,1,0,0,2,1,0,1,GRAVE_LESIONADOS,1
6,1,12,0,4,1,-8.007015259532505,-78.30458060653301,0,4,7,1,2,2,2,3,7527.861437068917,2.0,3,2,1.0,12,32,1961.4561507210638,0.4320883936567258,76.718936301794,43.003289188979466,6.269065613037991,662.0777072841523,13167.552462526766,8931.828000000005,1335.5899999999997,1935.9830000000004,5660.255000000005,1219.309,7712.519000000005,13.651281686122925,9,1,0,0,8,40.48080311878904,37.64107082505206,42.610602339091784,0.2900669265657537,0.0,0.0,0.0,1,0,0.0,0.0,1.0,0.0,0.7099330734342463,0.0,0.2900669265657537,0.7099330734342463,0.0,0.7099330734342463,16,1,2023,3,20,4,0,1,0,1,0,1,GRAVE_LESIONADOS,1
3,2,8,0,4,1,-12.770181665714285,-74.82317613462673,0,4,2,0,2,1,0,1,866.6936520873528,0.06745082734288887,1,0,0.0,9,32,146.6568646582139,0.3189346501838778,69.27566796126484,53.524657018000305,5.0671301512173095,352.79530790677666,26769.29065202098,8511.426,1445.3929999999996,2008.516,5057.516999999999,1879.579,6631.846999999998,22.08300935706896,7,2,0,0,5,38.859217140242556,34.196471276957,43.521963003528114,1.0,0.46627458632855556,0.0,0.5337254136714444,2,0,0.0,0.5337254136714444,0.0,0.46627458632855556,0.5337254136714444,0.46627458632855556,0.5337254136714444,0.0,0.0,0.0,7,1,2023,8,16,2,0,0,2,1,0,1,GRAVE_LESIONADOS,1
3,1,19,0,4,2,-5.367041900943889,-80.5709473312827,0,4,5,1,1,2,2,2,6543.555,2.0,4,4,1.0,14,33,1198.0,0.3856119538911136,76.03808623172642,49.292880032903966,5.09810112079243,540.681441461792,38793.58809391872,8965.846000060003,1782.4120000599992,636.9959999999999,6546.438000000004,2214.505000059999,6751.341000000004,24.699342371541725,5,1,0,0,3,39.87326877134013,21.465709897631815,58.28082764504845,1.0,0.8561655290096891,0.0,1.0,1,0,0.0,0.0,1.0,0.0,0.8561655290096891,0.0,0.14383447099031088,0.8561655290096891,1.0,0.8561655290096891,20,2,2022,2,19,6,1,0,0,1,0,1,GRAVE_LESIONADOS,1
5,1,3,1,4,2,-15.891352640691531,-73.17949699812341,0,4,2,0,1,2,2,0,6543.555,2.0,4,4,1.0,14,33,1198.0,0.6518452652521904,75.55132315231775,68.20737902848776,8.961583860541452,1418.9723143548126,2067.314470765237,10322.272,1495.236,1749.739,7077.2970000000005,2886.595,7435.677000000001,27.964725207783708,5,1,0,0,4,28.184831768110286,28.184831768110286,28.184831768110286,1.0,0.009241588405514367,0.0,0.0,1,0,0.0,0.0,0.0,1.0,0.0,0.0,1.0,0.0,0.0,0.0,4,0,2021,4,24,4,0,1,0,1,0,1,GRAVE_LESIONADOS,1
6,1,14,0,4,1,-11.33004481908634,-77.47117339854678,0,4,7,1,2,2,2,2,6543.555,3.0,2,0,1.0,0,30,1475.0,0.7327345537337897,78.20903814342847,76.31492653513806,13.642917835589472,1405.6698219039215,62016.21841541756,7626.313,1683.4029999999998,1599.0829999999996,4343.827000000001,1814.875,5811.438000000001,23.797541485643197,6,1,0,0,5,37.72658655878209,37.72658655878209,37.72658655878209,0.1918429509757873,0.0,0.0,1.0,1,0,0.0,0.0,0.0,1.0,0.0,1.0,0.0,0.0,0.0,0.0,8,0,2023,10,19,3,0,1,0,1,1,1,GRAVE_LESIONADOS,1
3,3,10,1,4,1,-9.14649420017868,-77.04476454293362,1,1,6,1,2,2,2,1,9339.037954593585,2.0,2,0,1.0,9,32,3366.2563229757006,0.5946865093505042,74.2869453095009,78.8102221584641,9.284563067189392,1025.4956145913995,39882.01104042807,8342.398988457207,1412.5776595475115,764.6702147382588,6165.151114171436,1263.301166310495,7079.097822146712,14.98791605486998,7,3,0,0,4,32.88097203082124,26.29052728013522,48.533278313700535,1.0,1.0,0.0,0.8238055938357525,3,0,0.0,0.17619440616424753,0.8238055938357525,0.8238055938357525,1.0,0.8238055938357525,0.0,1.0,1.0,1.0,21,2,2022,2,24,3,0,0,1,1,0,1,GRAVE_LESIONADOS,1
3,2,5,0,4,1,-5.729505597166084,-78.75925898095207,0,3,4,1,2,0,0,1,4769.227308602713,2.0,2,0,1.0,5,20,1308.8114321680632,0.5803239946829384,74.49544278598792,68.33065356443184,8.733179344969395,1046.078117086984,102362.46895074946,15935.565011852366,1733.9250000199986,935.692,13265.948011832368,2000.1670000199988,13935.398011832369,12.551591352627522,8,2,0,0,5,42.5,40.78756671555847,44.21243328444153,1.0,1.0,0.606216642220766,0.606216642220766,2,0,0.0,0.393783357779234,0.606216642220766,0.393783357779234,0.606216642220766,0.393783357779234,0.393783357779234,0.606216642220766,0.606216642220766,0.606216642220766,7,1,2023,4,10,6,1,0,2,1,0,1,GRAVE_LESIONADOS,1
3,2,18,1,2,2,-14.190945578803513,-73.3422079683802,0,2,7,1,2,0,1,1,4648.547807557237,2.0,3,3,0.6630780869232544,12,24,867.8165251847893,0.6137269114266191,78.1854041070927,73.2258341365811,9.550864947373315,1061.3532584807003,17766.07424669508,2923.1819213867434,591.7211207072842,555.5428767836019,1775.917923895857,945.60858982315,1977.573331563593,33.584713300078235,4,2,0,0,2,44.021531478460474,33.66307808692326,54.37998486999769,1.0,0.33692191307674557,0.0,0.6630780869232544,2,0,0.0,0.33692191307674557,0.0,1.0,0.33692191307674557,0.6630780869232544,0.33692191307674557,0.33692191307674557,1.0,0.33692191307674557,10,1,2022,7,13,1,0,0,0,1,0,1,GRAVE_LESIONADOS,1
3,2,9,0,4,1,-9.544566583261334,-76.29511856545241,0,4,7,1,2,2,2,2,9033.872494274421,2.0,2,0,1.0,9,27,3126.5696373206156,0.5563774842369664,77.00938809632027,69.10246351364754,8.476961866273152,914.8835608305218,27932.19700214133,8209.057,1333.4779999999996,791.9770000000001,6083.602,1059.8589999999997,7149.198,12.910849565303296,6,2,0,0,4,32.36777501304057,31.953260951355603,32.78228907472553,1.0,0.4145140616849644,0.0,0.0,2,0,0.0,0.5854859383150356,0.0,0.4145140616849644,0.4145140616849644,0.5854859383150356,0.5854859383150356,0.5854859383150356,0.5854859383150356,0.5854859383150356,19,2,2021,5,14,5,1,0,2,1,0,1,GRAVE_LESIONADOS,1
5,1,13,0,4,1,-9.08699965210726,-77.19147992300984,0,4,2,1,1,2,2,1,6543.555,2.0,4,4,1.0,14,33,1198.0,0.3376375570943456,69.39551035820384,50.52953686649538,5.375596520569702,483.1480875254192,37548.57079621424,9394.006786674188,1691.7638540587843,988.2373638491921,6714.0055687662125,2426.65264619961,6967.354140474578,25.730072307287337,9,1,0,0,8,45.477352071477256,44.846044817512606,46.1086593254419,1.0,0.0,0.315653626982324,1.0,1,0,0.0,0.315653626982324,0.684346373017676,0.315653626982324,0.0,0.315653626982324,0.684346373017676,0.0,0.684346373017676,0.0,10,2,2022,10,12,6,1,0,0,1,0,1,GRAVE_LESIONADOS,1
6,1,12,0,4,0,-8.854173142658494,-78.53893106993283,0,4,6,1,1,2,2,0,6543.555,2.913060439307746,2,0,1.0,1,30,1450.9177416882455,0.4852190968463184,77.13141746821609,52.01178378660365,6.197253575728235,843.855262750837,9804.103209478837,8931.828000000005,1335.5899999999997,1935.9830000000004,5660.255000000005,1219.309,7712.519000000005,13.651281686122925,4,1,0,0,3,40.695906589616186,40.695906589616186,40.695906589616186,1.0,0.0,0.0,0.0,1,0,0.0,0.08693956069225417,0.0,0.9130604393077458,0.0,0.9130604393077458,0.08693956069225417,0.0,0.0,0.0,6,1,2021,3,18,4,0,0,0,1,0,1,GRAVE_LESIONADOS,1
3,1,20,0,4,1,-15.594103467737085,-70.12488630350734,0,4,1,1,3,2,2,1,7354.288554471285,2.0,2,0,1.0,10,11,1198.0,0.3230297645724123,70.8700314199272,71.48171503376084,6.3655873237272775,262.2397732054957,4857.711470403519,13642.312999999998,2020.7790000000005,2354.117,9267.416999999998,3314.0520000000006,10328.260999999997,24.29244952817019,4,1,0,0,2,34.22295000855775,28.00655007701978,40.439349940095724,1.0,1.0,0.0,0.2229500085577536,1,0,0.0,0.0,0.0,1.0,0.0,0.7770499914422464,1.0,0.0,0.0,0.0,19,2,2022,2,5,4,0,0,2,1,0,1,GRAVE_LESIONADOS,1
3,1,6,0,4,1,-12.090465344917362,-72.97164861917405,0,4,0,0,1,2,2,5,2770.5701755240507,1.8119414335209245,1,0,0.8119414335209244,5,20,479.8691765525834,0.22752375860640492,71.64292190422815,48.21898450891591,3.4933566856073464,202.08325915496548,17960.39497766349,17432.435870816982,2029.021866243087,2500.653089152669,12902.760915421224,2713.494898657835,14718.940972159146,15.507003892913247,9,1,0,0,7,38.017874127330415,38.017874127330415,38.017874127330415,1.0,0.0,0.0,0.1880585664790756,1,0,0.0,0.0,0.0,1.0,0.0,0.8119414335209244,0.1880585664790756,0.0,0.0,0.0,10,1,2021,3,15,0,0,0,2,1,0,1,GRAVE_LESIONADOS,1
6,1,7,0,4,1,-13.748764381694134,-72.26621979181321,0,4,2,0,1,2,2,2,3124.918758416008,2.0,4,2,0.42801935243964384,11,15,591.1285329384621,0.5002692662153156,72.18848207168926,67.44848488029844,7.591286888180693,807.3078603903533,32042.569010092033,17779.13499998999,2097.3709999899997,2863.123,12818.640999999989,2878.713,14900.421999989989,16.19152450331032,4,1,0,0,3,33.132367696353235,33.132367696353235,33.132367696353235,1.0,0.0,0.0,0.5719806475603562,1,0,0.0,0.42801935243964384,0.0,0.5719806475603562,0.0,0.0,1.0,0.0,0.5719806475603562,0.0,7,1,2021,8,7,0,0,0,2,1,0,1,GRAVE_LESIONADOS,1
1,1,15,1,2,2,-9.791594036157463,-78.30207132572811,0,1,3,1,2,1,1,1,4462.639927551928,2.0,3,3,0.6582837834261573,12,32,834.0722293488576,0.7147442120861379,79.07874767637495,75.66814645726664,10.656209698616866,1571.0458197824082,45289.847798093375,8084.053148756313,1717.235980907262,1270.322270345121,5096.49489750393,1951.4350516499073,6132.618097106407,24.10570147247538,8,2,0,0,6,51.87425675139236,49.87425675139236,53.87425675139236,1.0,0.34171621657384266,0.0,0.0,2,0,0.0,0.0,1.0,1.0,0.34171621657384266,0.0,0.6582837834261573,0.6582837834261573,1.0,0.6582837834261573,13,3,2023,1,22,2,0,1,0,1,0,1,GRAVE_LESIONADOS,1
3,2,2,0,4,0,-14.630165968532356,-73.26408651980306,1,4,7,1,2,1,1,1,6543.555,2.0,4,4,1.0,14,33,1198.0,0.6089900573297673,79.53022793492735,74.34898041002636,9.281093395011812,1035.1913245884318,14766.91010088295,10439.76489443531,1598.074730778114,1610.7084499939206,7230.9817136632755,2679.1769459612765,7760.5879484740335,25.733275785345036,4,2,0,0,2,31.331345798712583,26.012315423980795,36.65037617344437,1.0,0.0,0.0,0.7361939250536425,2,0,0.0,1.0,0.0,1.0,0.0,1.0,1.0,0.0,0.0,0.0,18,2,2021,3,16,3,0,0,0,1,0,1,GRAVE_LESIONADOS,1
5,1,19,0,4,1,-15.746708233011235,-70.11609114272757,0,3,0,1,2,0,1,1,7574.309857143971,2.0,2,0,1.0,9,5,1198.0,0.6488590611595945,69.76781933090517,81.98891259820948,11.672382870433646,1230.9264999865336,144699.8833024646,13569.70026923148,2016.7068935080192,2345.0037884702333,9207.989587253229,3295.9570306058263,10273.743238625653,24.286476020117135,4,1,0,0,3,25.072419611803706,25.06034967650309,25.084489547104326,1.0,0.012069935300617951,0.0,0.0,1,0,0.0,0.0,0.012069935300617951,0.0,0.012069935300617951,0.0,1.0,0.012069935300617951,1.0,0.012069935300617951,5,0,2021,4,13,1,0,0,1,1,0,1,GRAVE_LESIONADOS,1
5,1,12,2,5,2,-13.504693878540868,-71.54544622181355,1,4,2,1,5,1,1,5,5054.303421172078,1.5189373642647568,3,3,0.5189373642647569,11,22,1155.1854254195634,0.3907744893360036,72.19713657214318,62.92685499874121,6.1244022585048254,466.30373828878004,10932.66221384531,13178.770665458236,1917.0113841587302,2075.0607430747928,9186.698538224713,2915.4064582068268,10263.364207251409,22.036390077017508,4,1,0,0,3,45.22724837117708,40.89768464955989,49.556812092794274,1.0,0.4810626357352431,0.0,0.4810626357352431,1,0,0.0,0.4810626357352431,0.0,1.0,0.4810626357352431,0.0,1.0,0.4810626357352431,1.0,0.0,6,1,2021,1,16,0,0,1,2,1,0,1,GRAVE_LESIONADOS,1
4,1,12,0,4,1,-12.157722823041928,-76.94468181209224,0,2,7,1,2,2,2,2,6581.567670036008,2.605759489358972,2,0,1.0,3,30,1530.587912000385,0.6826023042576591,79.14461010274046,74.07700836334037,12.361034374423197,1221.6535180791752,63833.251824009676,6086.862153542361,1294.990546827778,1262.3160537217527,3529.55555299283,1534.1867951578859,4552.675358384475,26.099412954798133,8,1,0,0,6,40.46805912059832,35.605759489358974,45.06753174474365,0.39424051064102794,0.0,0.0,0.6057594893589721,1,0,0.0,0.0,0.0,1.0,0.0,1.0,0.0,0.0,0.39424051064102794,0.0,14,1,2023,9,14,4,0,0,0,1,0,1,GRAVE_LESIONADOS,1
3,2,6,0,4,0,-12.416041836845814,-72.61124163784527,4,4,6,0,1,2,2,1,6543.555,2.0,4,4,1.0,14,33,1198.0,0.32080696191724534,73.769238993445,65.72223280787975,5.725002590524421,271.168517500469,17514.009407656577,17710.684157057352,2083.8764295540955,2791.558439124402,12835.24928837885,2846.0930210240567,14864.591136033292,16.05637558355903,6,2,0,0,3,36.75330218066244,26.482683577976474,44.77722296401086,1.0,0.9628704940018097,0.0,0.0,2,0,0.0,0.0,0.0,1.0,0.9628704940018097,0.037129505998190315,0.0,0.0,0.0,0.0,3,0,2021,8,5,6,1,0,2,1,0,1,GRAVE_LESIONADOS,1
6,1,11,0,4,1,-11.737466567298535,-75.76605621816671,0,4,7,0,2,1,1,0,597.006886431665,2.0,2,0,1.0,3,21,106.32596717428287,0.6381325311671131,75.84107791619108,69.03667770486169,9.773731222973133,1283.3245973597707,2965.4224354778125,12264.545,1826.4639999999995,1105.5389999999998,9332.542,1588.5359999999996,10676.009,12.952261987705208,4,1,0,0,3,32.30523722783922,32.30523722783922,32.30523722783922,1.0,0.41052919690675316,0.0,0.0,1,0,0.0,0.5894708030932468,0.0,0.41052919690675316,0.41052919690675316,0.0,0.5894708030932468,0.0,1.0,0.0,11,1,2022,1,18,1,0,0,2,1,0,1,GRAVE_LESIONADOS,1
3,1,22,0,4,0,-10.248002946354458,-75.92445280105287,3,4,3,1,4,2,2,0,6588.985458175241,2.0,3,2,1.0,11,32,1394.9501298200632,0.5680717067593423,74.40037517737161,68.35802490993878,8.782887831553854,982.8978681746913,3647.95321930331,1782.5170922149978,370.3846625533619,381.65368289409685,1030.478746767539,650.0134504364562,1132.5036417785416,33.51246310709301,4,2,0,0,2,31.995033245285796,28.461239049949732,35.52882744062186,1.0,0.5288274406218582,0.5288274406218582,1.0,2,0,0.0,0.0,0.47117255937814184,1.0,0.5288274406218582,1.0,0.47117255937814184,0.5288274406218582,0.5288274406218582,0.0,20,2,2021,7,8,5,1,0,0,1,0,1,GRAVE_LESIONADOS,1
6,1,12,0,4,1,-9.683044558534077,-78.19063835045729,0,4,7,1,2,2,2,2,6543.555,3.0,2,0,1.0,0,30,1475.0,0.6022312141785839,77.5919523317713,62.09786227261945,9.670627023227583,1116.234205195322,65225.08810313,8374.897423633844,1483.9664602916416,1792.2620077649365,5098.6689555772655,1473.376487270608,6901.520936363236,17.979659619817763,5,1,0,0,4,27.97237723743215,27.97237723743215,27.97237723743215,0.5734016258977038,0.0,0.0,0.4265983741022962,1,0,0.0,0.5734016258977038,0.0,0.4265983741022962,0.0,0.4265983741022962,0.5734016258977038,0.0,0.0,0.0,16,1,2023,5,14,4,0,0,0,1,1,1,GRAVE_LESIONADOS,1
3,1,12,0,4,1,-7.748244195545674,-78.98768974947124,0,4,6,1,1,2,2,1,816.4514863901613,1.9279006298620271,1,0,0.0,9,32,220.19115464993405,0.5416633319967109,77.76163337530916,63.85945422723762,8.008933249981425,917.7320136946905,15777.685571855482,8931.828000000005,1335.5899999999997,1935.9830000000004,5660.255000000005,1219.309,7712.519000000005,13.651281686122925,6,1,0,0,4,46.184944016310745,45.720993701379726,46.648894331241756,1.0,0.07209937013797296,0.0,0.0,1,0,0.0,1.0,0.0,0.0,0.0,0.0,1.0,0.0,0.07209937013797296,0.0,6,0,2021,1,10,0,0,0,0,1,0,1,GRAVE_LESIONADOS,1
5,1,11,0,4,1,-12.039699466784617,-75.29415023914872,0,4,1,1,2,1,1,2,6722.616318542814,2.0,3,3,1.0,13,28,1198.0,0.5320527887641354,73.15578360988809,73.88358426460886,8.648655900584266,810.4986283599433,13295.048094012935,12264.545,1826.4639999999995,1105.5389999999998,9332.542,1588.5359999999996,10676.009,12.952261987705208,5,1,0,0,4,38.83176059757284,38.74594967037366,38.917571524772015,1.0,0.0,0.0,1.0,1,0,0.0,0.0,0.17162185439835376,0.8283781456016462,0.0,0.8283781456016462,0.17162185439835376,0.0,0.0,0.0,8,1,2021,4,17,4,0,0,2,1,0,1,GRAVE_LESIONADOS,1
3,1,13,0,4,1,-8.917205401360224,-77.85633281768769,0,4,7,1,2,2,2,1,6543.555,2.0,4,4,1.0,14,33,1198.0,0.478035450316911,77.91866153255937,56.24373050821315,6.295986799996911,782.2137427673783,37585.88473613101,9403.94275142236,1689.660259308136,996.3883246994437,6717.894167414781,2431.5757769471024,6972.366974475258,25.75399158393908,4,2,0,0,2,34.108723299680015,18.90680860027427,49.310637999085756,1.0,0.677021266636192,0.322978733363808,1.0,2,0,0.0,0.322978733363808,0.677021266636192,0.322978733363808,0.677021266636192,0.322978733363808,0.0,0.677021266636192,0.677021266636192,0.677021266636192,15,1,2023,3,23,6,1,1,0,1,0,1,GRAVE_LESIONADOS,1
6,1,5,0,4,3,-7.253862803852121,-78.4481436989844,5,4,1,1,1,2,2,0,6543.555,2.0,4,4,1.0,14,33,1198.0,0.32796582829458093,75.54040221390204,50.68264391100972,4.281430506353637,389.61186750303557,8296.755424482293,15935.565011852366,1733.9250000199986,935.692,13265.948011832368,2000.1670000199988,13935.398011832369,12.551591352627522,5,1,0,0,4,33.2039301814858,30.15294763611435,35.49216709051439,0.23725436365713726,0.0,0.0,0.23725436365713726,1,0,0.0,0.0,1.0,0.0,0.0,0.7627456363428627,0.23725436365713726,0.0,0.7627456363428627,0.0,10,2,2022,5,9,0,0,0,2,1,0,1,GRAVE_LESIONADOS,1
6,1,12,0,4,1,-8.081020687154984,-78.29818779530864,0,4,7,0,1,2,2,4,9045.71714037005,2.0,2,1,1.0,10,32,3138.748332252494,0.4320883936567258,76.718936301794,43.003289188979466,6.269065613037991,662.0777072841523,13167.552462526766,8931.828000000005,1335.5899999999997,1935.9830000000004,5660.255000000005,1219.309,7712.519000000005,13.651281686122925,7,1,0,0,6,32.57580167419644,31.525267224732147,33.36370251129466,0.7373663876339264,0.0,0.0,0.0,1,0,0.0,0.7373663876339264,0.26263361236607363,0.0,0.26263361236607363,0.0,0.7373663876339264,0.26263361236607363,0.0,0.26263361236607363,16,2,2022,1,5,5,1,0,0,1,0,1,GRAVE_LESIONADOS,1
4,1,13,0,4,1,-6.164138181963562,-79.97751819004873,0,4,4,1,2,1,1,0,3901.208436081821,2.495578960284787,2,0,1.0,0,24,813.1995958936405,0.4703091457296942,74.91176543888524,59.04522375211969,6.365443427676777,742.49897987499,44335.321199143465,3459.691,515.0619999999999,689.7280000000001,2254.901,703.3549999999999,2756.336,20.329994788551925,14,2,0,0,12,31.95578960284787,27.0,36.91157920569574,1.0,0.495578960284787,0.0,0.495578960284787,2,0,0.504421039715213,0.495578960284787,0.495578960284787,0.0,0.504421039715213,0.0,0.495578960284787,0.504421039715213,0.0,0.504421039715213,11,2,2021,6,19,1,0,0,0,1,0,1,GRAVE_LESIONADOS,1
3,2,3,0,4,1,-16.025857005152382,-71.29396077554945,1,4,1,1,2,1,1,1,1504.4250000000002,2.0,2,0,1.0,7,25,241.0,0.4685280505645348,81.83746865987648,70.74305753660312,6.037751599761188,617.4715908037651,1751.8736616702354,10322.272,1495.236,1749.739,7077.2970000000005,2886.595,7435.677000000001,27.964725207783708,4,2,0,0,2,36.791653841399956,32.76785164631427,40.81545603648564,1.0,0.2559505487714222,0.0,0.2559505487714222,2,0,0.0,0.0,0.0,1.0,0.0,1.0,0.7440494512285778,0.0,0.2559505487714222,0.0,12,2,2021,6,10,4,0,0,0,1,0,1,GRAVE_LESIONADOS,1
4,1,12,0,4,1,-7.969746992421113,-78.64082144280476,0,4,0,0,2,2,2,2,610.6099999999999,2.0,2,0,1.0,8,29,100.0,0.3809823047796905,74.4473973089921,51.51705644975158,5.622573590650768,479.1502137748447,26695.141327623125,8931.828000000005,1335.5899999999997,1935.9830000000004,5660.255000000005,1219.309,7712.519000000005,13.651281686122925,6,1,0,0,4,37.770924846689255,33.05150731492739,42.49034237845111,1.0,0.0,0.0,0.0,1,0,0.0,0.4967807928170379,0.0,1.0,0.0,0.4967807928170379,1.0,0.5032192071829621,1.0,0.5032192071829621,8,1,2021,10,10,4,0,0,0,1,0,1,GRAVE_LESIONADOS,1