CLASE SINIESTRO,CANTIDAD DE VEHICULOS DAÑADOS,DEPARTAMENTO,ZONA,TIPO DE VÍA,RED VIAL,COORDENADAS LATITUD,COORDENADAS  LONGITUD,CONDICIÓN CLIMÁTICA,ZONIFICACIÓN,CARACTERÍSTICAS DE VÍA,PERFIL LONGITUDINAL VÍA,SUPERFICIE DE CALZADA,¿EXISTE SEÑAL VERTICAL?,¿EXISTE SEÑAL HORIZONTAL?,CAUSA FACTOR PRINCIPAL,MTC_RVN_LONGITUD_KM,MTC_RVN_N_CARRILES_MEDIANA,MTC_RVN_SUPERFICIE_DOMINANTE,MTC_RVN_ESTADO_DOMINANTE,MTC_RVN_ES_CONCESIONADA,MTC_RVN_CONCESION_PRINCIPAL,MTC_RVN_CORREDOR_LOGISTICO,MTC_RVN_N_TRAMOS,IDH_2019,IDH_ESP_VIDA_2019,IDH_EDUC_SECUND_PCT_2019,IDH_ANIOS_EDUC_2019,IDH_INGRESO_PERCAP_2019,IDH_POBLACION_2019,MTC_DEP_RED_TOTAL_KM,MTC_DEP_NACIONAL_TOTAL_KM,MTC_DEP_DEPARTAMENTAL_TOTAL_KM,MTC_DEP_VECINAL_TOTAL_KM,MTC_DEP_PAV_TOTAL_KM,MTC_DEP_NO_PAV_TOTAL_KM,MTC_DEP_PCT_PAVIMENTADA,PER_TOTAL_PERSONAS,PER_N_CONDUCTORES,PER_N_CONDUCTORES_FUGADOS,PER_N_PEATONES,PER_N_PASAJEROS_OCUPANTES,PER_EDAD_COND_PROM,PER_EDAD_COND_MIN,PER_EDAD_COND_MAX,PER_ANY_COND_MASCULINO,PER_ANY_LIC_PROBLEMA,PER_ANY_DOSAJE_POS,PER_ANY_DOSAJE_EVALUADO,VEH_TOTAL,VEH_N_FUGADOS,VEH_ANY_FUGADO,VEH_ANY_CARGA,VEH_ANY_PUBLICO,VEH_ANY_PARTICULAR,VEH_ANY_MOTO,VEH_ANY_AUTO,VEH_ANY_CAMION_BUS,VEH_ANY_SOAT_PROBLEMA,VEH_ANY_CITV_PROBLEMA,VEH_ANY_SEGURO_PROBLEMA,HORA_NUM,FRANJA_HORARIA,ANIO,MES,DIA_MES,DIA_SEMANA,ES_FIN_SEMANA,ES_QUINCENA,REGION_NATURAL,TIENE_SEÑALIZACION,ES_VIA_MULTICARRIL,ES_DEPTO_BAJO_PAVIMENTO,CATEGORIA_SEVERIDAD,CATEGORIA_SEVERIDAD_ENC
6,1,4,0,4,1,-14.757116355835427,-74.70172704365784,0,4,0,0,1,2,2,2,2171.8913128661857,1.7966108125156621,1,0,0.9322036041718874,4,27,121.91523237446748,0.3682222083069004,69.03079601415094,51.09397712133555,5.496214223366703,506.3727699207711,3607.649747987303,12678.733000000004,1805.074000000001,1774.0339999999994,9099.625000000004,2485.375000000001,10193.358000000002,19.602707936195205,36,1,0,0,35,51.57627568760964,51.57627568760964,51.57627568760964,1.0,0.0,0.06779639582811259,1.0,1,0,0.0,0.0,0.9322036041718874,0.06779639582811259,0.0,0.0,1.0,0.0,0.06779639582811259,0.0,6,0,2024,8,13,3,0,0,2,1,0,1,GRAVE_LESIONADOS,1
3,2,15,1,2,3,-13.049715950695274,-72.42963974171138,0,3,2,0,1,2,2,1,6543.555,2.0,4,4,1.0,14,33,1198.0,0.47444869262634054,74.55597871136301,72.05877638378641,7.470279985682832,650.8527126994634,68420.74449746647,14276.212114830834,1941.4870182495386,1962.03695502158,10372.688141559716,2950.868828603113,11325.343286227722,21.047049735053164,6,2,0,0,4,48.6179035021999,44.27641929956002,55.13012980615973,1.0,0.2764192995600191,0.7235807004399809,0.7235807004399809,2,0,0.0,0.2764192995600191,0.7235807004399809,0.7235807004399809,0.7235807004399809,0.7235807004399809,0.2764192995600191,0.0,0.7235807004399809,0.7235807004399809,19,2,2021,2,8,4,0,0,2,1,0,1,GRAVE_LESIONADOS,1
3,2,7,0,4,1,-13.743427023697617,-71.65986590134487,0,4,5,0,1,1,1,2,7384.462321808583,2.0,2,0,1.0,9,10,1198.0,0.47983020296251494,67.05980826331623,74.26377783263518,7.8946934702501315,752.6926232423897,8910.304382894454,17779.13499998999,2097.3709999899997,2863.123,12818.640999999989,2878.713,14900.421999989989,16.19152450331032,7,3,0,0,4,47.65671691189711,41.20895588252948,58.94029871329046,1.0,0.0,0.0,0.19402987132904614,3,0,0.8059701286709539,0.0,0.0,1.0,0.0,0.8059701286709539,1.0,0.19402987132904614,0.0,0.8059701286709539,13,2,2021,10,7,1,0,0,2,1,0,1,GRAVE_LESIONADOS,1
6,1,2,0,4,0,-13.944772719855937,-73.21657013112035,4,4,0,0,2,1,0,0,6543.555,2.0,4,4,1.0,14,33,1198.0,0.4978829208237049,76.90063213883357,58.1140748745792,7.480650094653347,795.3845244657631,7894.244721043903,10451.207401175561,1608.090084266025,1597.1684141203357,7245.9489027892005,2658.97672455389,7792.230676621671,25.5159573238372,5,1,0,0,4,39.81644235823243,39.81644235823243,39.81644235823243,1.0,0.0,0.0,0.0,1,0,0.0,0.0,0.0,0.7105021348802804,0.0,0.7105021348802804,0.28949786511971964,0.0,0.28949786511971964,0.0,9,2,2021,7,6,1,0,0,0,1,0,1,GRAVE_LESIONADOS,1
3,2,16,0,4,1,-14.573445649411783,-71.34656483050874,0,2,2,0,2,2,2,2,626.6621823038128,1.0,0,2,0.0,9,32,81.89280920378181,0.43679413479702295,75.73423509956777,70.0631255651233,7.632643454935835,521.7999185406234,48082.72877552791,13179.556191560941,1955.5135930288443,1934.7517873029271,9289.29081122917,2734.49558914525,10445.060602415691,20.483572421628352,8,2,0,0,6,46.484754435700104,38.29776034996691,54.6717485214333,1.0,0.0,0.0,0.6641257392833504,2,0,0.0,0.3358742607166496,0.6641257392833504,1.0,0.0,1.0,1.0,0.6641257392833504,0.0,0.0,11,2,2022,4,30,0,0,1,2,1,0,1,GRAVE_LESIONADOS,1
4,1,14,2,3,2,-12.045413772374753,-77.03984828060211,0,1,3,1,2,1,1,2,6584.686991099665,2.0,3,2,1.0,11,32,1376.3154146407364,0.7769318490911564,80.504569544669,79.0053195568041,12.114073400031817,1687.2577767120017,362191.1928060669,7626.313,1683.4029999999998,1599.0829999999996,4343.827000000001,1814.875,5811.438000000001,23.797541485643197,10,1,0,0,9,35.01385669261925,33.293632395782424,36.73408098945607,1.0,0.5734080989456066,0.0,0.0,1,0,0.0,0.0,0.0,1.0,0.0,0.4265919010543934,0.5734080989456066,0.5734080989456066,0.5734080989456066,0.5734080989456066,9,1,2023,2,11,2,0,0,0,1,0,1,GRAVE_LESIONADOS,1
6,1,8,0,4,1,-12.505183488449788,-75.06556441340386,0,4,0,0,1,2,2,0,7471.215901559516,2.0,2,0,1.0,9,8,1198.0,0.3304669112631904,72.37712149918875,48.51825572081772,5.009938684980979,383.56826394958557,3238.927562613038,8511.426,1445.3929999999996,2008.516,5057.516999999999,1879.579,6631.846999999998,22.08300935706896,4,1,0,0,3,59.788609719189814,59.788609719189814,59.788609719189814,1.0,0.0,0.0,0.0,1,0,0.0,0.0,0.0,1.0,0.0,0.8891193557274428,0.11088064427255717,0.0,0.0,0.0,12,3,2022,10,23,4,0,0,2,1,0,1,GRAVE_LESIONADOS,1
3,2,5,0,4,1,-8.169404933771217,-78.11027456466864,0,4,0,0,1,1,1,2,789.3665926036472,2.0,2,0,0.8452255581607399,8,14,145.4039846059659,0.518108607771773,73.31807433236466,63.70716689899623,7.390408529896504,926.406910866699,7053.019421459233,16220.902527757979,1790.1771518040673,1234.009057208687,13196.716318745224,2136.143466797018,14084.759060960962,13.114959974356672,5,2,0,0,3,33.88693610459815,29.083421092874822,38.690451116321476,1.0,0.15477444183926015,0.0,0.0,2,0,0.0,1.0,0.0,0.8452255581607399,0.0,1.0,1.0,0.0,0.15477444183926015,0.0,11,1,2021,3,18,5,0,0,2,1,0,1,GRAVE_LESIONADOS,1
6,1,7,0,4,1,-13.821593687492806,-72.01980886216334,1,4,7,1,2,2,2,2,2656.3924176610917,1.0,1,3,0.0,9,21,815.2424069536686,0.4547652079413337,69.57408903687374,69.40679584570817,6.692659389556572,680.3643887236437,10227.822881983562,17779.13499998999,2097.3709999899997,2863.123,12818.640999999989,2878.713,14900.421999989989,16.19152450331032,4,1,0,0,3,25.678023988167496,25.678023988167496,25.678023988167496,1.0,0.0,0.0,0.0,1,0,0.0,0.0,0.0,1.0,0.0,0.5254319983096423,0.47456800169035773,0.0,0.0,0.0,8,1,2022,3,20,2,0,0,2,1,0,1,GRAVE_LESIONADOS,1
5,1,5,0,4,1,-7.399104015050479,-77.57199381490489,0,4,2,1,2,0,1,0,8430.419400956915,2.0,2,0,1.0,9,23,2656.5150887543305,0.3993878305394487,72.00108089431357,62.48259730502259,5.648600780022901,569.343581492936,5888.627827240862,3833.82341248417,972.9445359914853,685.533822524194,2175.3450539684914,834.7809955805503,2999.04241690362,21.67194461870074,13,1,0,0,11,42.45752772906797,38.755594278831104,46.15946117930484,1.0,0.0,0.0,0.30849445418640553,1,0,0.0,0.0,0.6915055458135945,0.30849445418640553,0.0,0.30849445418640553,0.6915055458135945,0.0,0.0,0.0,15,3,2023,4,20,4,0,1,1,1,0,1,GRAVE_LESIONADOS,1
3,1,19,0,4,1,-5.177300864558408,-80.56191516914124,0,3,7,1,2,2,2,0,1916.2380099083366,2.116650298977896,2,0,1.0,0,21,316.0451922589996,0.6220812987247925,80.20155828147696,72.71675503872983,10.02377668600292,1028.915688621886,159840.92719486082,8965.846000060003,1782.4120000599992,636.9959999999999,6546.438000000004,2214.505000059999,6751.341000000004,24.699342371541725,12,2,0,0,10,42.39980358773475,42.39980358773475,42.39980358773475,1.0,0.0,0.0,1.0,2,0,0.11665029897789603,0.0,0.11665029897789603,0.883349701022104,0.11665029897789603,0.883349701022104,0.883349701022104,0.0,1.0,0.11665029897789603,10,0,2023,8,15,4,0,1,0,1,0,1,GRAVE_LESIONADOS,1
6,1,4,0,4,1,-14.23668557876784,-74.50313351589827,0,4,0,0,1,2,2,2,1750.2996445007823,0.5128489697651735,1,1,0.5042829899217245,6,29,165.56313502798412,0.3157920914297607,74.393287732119,51.72751295335228,4.795290562863977,360.5288065833709,2918.8395883704698,12678.733000000004,1805.074000000001,1774.0339999999994,9099.625000000004,2485.375000000001,10193.358000000002,19.602707936195205,22,1,0,0,21,42.58994278835621,42.58994278835621,42.58994278835621,1.0,0.0,0.4957170100782755,1.0,1,0,0.0,0.0,0.5042829899217245,0.4957170100782755,0.0,0.0,1.0,0.0,0.4957170100782755,0.0,12,0,2024,7,17,3,0,0,2,1,0,1,GRAVE_LESIONADOS,1
3,1,10,2,3,1,-13.51725622517117,-75.24380741529653,0,1,7,0,3,2,2,0,6609.771363602068,2.0,2,1,1.0,10,31,1485.0611904756724,0.6855769523513977,78.33827528579529,73.84128063738997,10.277585367949673,1389.9967051522349,96540.59202141651,8470.824153077505,1624.4595479144398,1646.2761035590838,5200.088501603981,2150.5920835966804,6320.232069480825,25.102914872356678,8,2,0,0,5,36.596377591710876,27.325262588309975,45.867492595111784,1.0,0.31325074048882195,0.0,0.0,2,0,0.0,0.686749259511178,0.0,0.31325074048882195,0.31325074048882195,0.0,0.686749259511178,0.31325074048882195,0.31325074048882195,0.0,6,0,2023,6,13,4,0,0,0,1,0,1,GRAVE_LESIONADOS,1
3,1,3,0,4,0,-16.709359289712534,-71.61246683437524,0,4,0,0,2,0,1,0,6616.223489017242,2.0,2,0,1.0,10,31,1513.032445646205,0.6252394186179236,78.18493877983744,75.209976917597,8.70858075590032,1162.1318522959245,7971.148939903233,10322.272,1495.236,1749.739,7077.2970000000005,2886.595,7435.677000000001,27.964725207783708,38,2,0,0,36,48.334321171920365,38.797659792824554,57.87098255101618,1.0,0.0,0.0,0.7536661379095813,2,0,0.0,0.7536661379095813,0.7536661379095813,0.24633386209041874,0.0,0.24633386209041874,1.0,0.0,0.0,0.0,4,0,2024,5,25,5,1,1,0,1,0,1,GRAVE_LESIONADOS,1
3,1,11,0,4,1,-7.721745294287398,-78.74700725378453,0,4,5,0,1,2,2,0,6543.555,2.7799337452153083,2,0,1.0,3,30,1414.0416474246404,0.4426146745477406,78.3752352088591,55.388242163293256,5.457609838149667,743.6155180840955,24714.623871086897,8772.770492963018,1335.1252200698943,1684.2258841287842,5753.419388764339,1184.2194356745808,7588.551057288437,13.488337562371862,8,1,0,0,6,42.88026501913877,31.96119258612445,53.79933745215308,1.0,0.7799337452153082,0.0,0.0,1,0,0.0,0.22006625478469177,0.7799337452153082,0.7799337452153082,0.7799337452153082,0.0,1.0,0.0,0.22006625478469177,0.7799337452153082,7,0,2024,2,15,1,0,0,0,1,0,1,GRAVE_LESIONADOS,1
4,1,6,0,4,0,-13.227154059538329,-74.26552255888816,0,4,7,1,2,1,1,2,6543.555,2.0,4,4,1.0,14,33,1198.0,0.5768921258697565,79.14268498046253,64.13119714387165,8.835549645547268,985.1639545982815,13912.005969665834,9782.041196441889,1433.2085563454273,1822.1005951292375,6526.732044967224,2238.802456365598,7543.238740076291,22.403506564393197,4,1,0,0,2,29.662373776072506,25.662373776072506,33.27384262806646,0.611468851993958,0.0,0.0,0.611468851993958,1,0,0.0,0.611468851993958,0.38853114800604205,0.611468851993958,0.38853114800604205,0.611468851993958,0.611468851993958,0.38853114800604205,0.0,0.38853114800604205,19,2,2022,2,18,4,0,1,0,1,0,1,GRAVE_LESIONADOS,1
6,1,2,0,4,1,-9.730348409064991,-77.17445775272324,0,4,6,0,2,1,0,1,9377.239619885939,2.0,2,0,0.8657272371067937,9,32,3364.74487657504,0.5825880875816836,74.84379241297923,71.26821960161107,9.820743395255088,969.573588797713,63912.53151114898,10968.640495956552,1877.1947503672213,1206.9866490986483,7884.459096490684,2031.6212600419167,8937.019235914637,18.626056362447915,4,1,0,0,3,35.865727237106796,33.851635793708695,37.87981868050489,1.0,0.13427276289320633,0.0,0.0,1,0,0.0,0.13427276289320633,0.0,1.0,0.13427276289320633,0.8657272371067937,0.13427276289320633,0.0,0.13427276289320633,0.13427276289320633,1,0,2022,9,10,2,0,0,0,1,0,1,GRAVE_LESIONADOS,1
3,1,14,0,3,1,-11.834641399502422,-77.00688525919689,0,2,7,1,2,1,0,1,2589.0493520442524,2.0,2,3,0.27557765973068493,10,25,1072.6749351334086,0.679795224169607,79.30976433498576,75.51612431896352,9.80223649758836,1351.7740996549167,358820.01596759347,7626.313,1683.4029999999998,1599.0829999999996,4343.827000000001,1814.875,5811.438000000001,23.797541485643197,9,2,0,3,4,29.637788829865343,22.031354257037535,37.24422340269315,1.0,0.7244223402693151,0.0,0.0,2,0,0.0,0.0,1.0,0.27557765973068493,1.0,0.27557765973068493,0.7244223402693151,0.7244223402693151,1.0,0.7244223402693151,8,1,2023,4,24,1,0,1,0,1,0,1,GRAVE_LESIONADOS,1
2,1,3,0,5,2,-16.38860332963401,-72.59152775603684,1,4,1,0,4,1,1,0,6582.490457125964,2.0,3,2,1.0,11,32,1366.7930001934546,0.5694963685662884,81.06841944218415,70.10901212506215,8.719433633387546,897.2884691088868,8002.529498401189,10322.272,1495.236,1749.739,7077.2970000000005,2886.595,7435.677000000001,27.964725207783708,5,1,0,0,3,36.49908613643498,32.86478708920749,40.133385183662476,1.0,0.0,0.0,0.40381100524749924,1,0,0.0,0.5961889947525008,0.0,0.40381100524749924,0.0,0.40381100524749924,1.0,0.0,0.5961889947525008,0.0,8,1,2022,4,21,2,0,1,0,1,0,1,GRAVE_LESIONADOS,1
6,1,6,1,4,1,-12.537396237318642,-73.57523179175698,0,4,5,0,1,2,2,2,1535.748041372411,1.0,1,3,0.0,9,32,407.96760008000746,0.33440543284651236,70.022205465546,54.82879840532441,5.117948561023518,383.9189815939902,23645.873650331927,17383.238480232394,2019.322969574134,2449.217788978557,12914.697721679702,2690.050076391442,14693.188403840952,15.409868870067257,6,1,0,0,4,46.72437905298386,46.72437905298386,46.72437905298386,1.0,0.0,0.0,0.2147445024083574,1,0,0.0,0.0,0.7852554975916426,0.2147445024083574,0.0,0.0,1.0,0.0,0.7852554975916426,0.0,6,0,2023,8,6,4,0,0,2,1,0,1,GRAVE_LESIONADOS,1
4,1,10,1,4,1,-13.941215344917474,-75.8754617613984,0,2,7,1,2,2,2,2,6639.975,2.0,2,0,1.0,9,31,1616.0,0.6053164595604621,78.88848309050202,67.63954639531094,9.133324993872453,1064.9426147896202,27932.19700214133,3721.461,698.1859999999996,744.866,2278.409,1102.9029999999996,2618.558,29.636290693359403,8,1,0,0,6,37.60185775874506,32.79628448250987,42.407431034980256,1.0,0.3559683908322365,0.6440316091677635,1.0,1,0,0.0,0.0,0.0,0.3559683908322365,0.3559683908322365,0.0,1.0,0.0,0.0,0.0,4,0,2021,4,10,4,0,0,0,1,0,1,GRAVE_LESIONADOS,1
3,1,14,0,4,1,-11.190699256014227,-77.56141465801376,0,4,7,0,2,2,2,2,6543.555,3.0,2,0,1.0,0,30,1475.0,0.7327345537337897,78.20903814342847,76.31492653513806,13.642917835589472,1405.6698219039215,62016.21841541756,7626.313,1683.4029999999998,1599.0829999999996,4343.827000000001,1814.875,5811.438000000001,23.797541485643197,4,1,0,0,3,39.93742717924912,30.272833193819466,49.602021164678774,0.715895850772567,0.0,0.0,1.0,1,0,0.0,0.0,0.0,1.0,0.0,1.0,0.715895850772567,0.0,0.0,0.0,18,1,2023,7,17,1,0,1,0,1,1,1,GRAVE_LESIONADOS,1
6,0,20,0,4,0,-15.079738568766349,-70.39352121630269,0,4,5,0,2,1,1,2,7403.180593602357,2.0,2,0,1.0,9,9,1198.0,0.5120496596027285,72.81745548608995,75.76166820944734,8.526816995247222,737.4304675847138,21603.13300953693,13642.312999999998,2020.7790000000005,2354.117,9267.416999999998,3314.0520000000006,10328.260999999997,24.29244952817019,5,1,0,0,4,25.345696470933223,25.345696470933223,25.345696470933223,1.0,0.0,0.0,0.0,1,0,0.0,0.0,0.0,1.0,0.0,0.8239107120561461,0.17608928794385392,0.17608928794385392,1.0,0.17608928794385392,15,1,2022,10,25,5,0,0,2,1,0,1,GRAVE_LESIONADOS,1
5,1,12,0,4,1,-7.779918917405314,-78.11065948568866,0,4,7,1,2,2,2,0,1447.346578792015,1.2566670864343434,1,2,0.0,9,32,268.5199697767273,0.25777443165929315,78.60520290760412,41.94146313148416,3.7650976987376374,352.45873122751846,17775.65605246129,8931.828000000005,1335.5899999999997,1935.9830000000004,5660.255000000005,1219.309,7712.519000000005,13.651281686122925,4,1,0,0,3,45.128333543217174,45.0,45.25666708643434,1.0,0.0,0.0,0.0,1,0,0.0,0.25666708643434333,0.0,0.7433329135656567,0.0,0.7433329135656567,0.25666708643434333,0.0,0.7433329135656567,0.0,10,2,2022,9,5,4,0,0,0,1,0,1,GRAVE_LESIONADOS,1
3,2,3,0,4,1,-16.849566285566045,-71.91235267213654,0,3,7,1,2,0,0,0,1718.9420121667126,1.7479301131498284,2,0,0.7479301131498285,9,32,344.8546516116172,0.6556858701668058,76.14711368929991,77.45488524247824,10.634826639277044,1209.58358479197,21860.25398661439,10322.272,1495.236,1749.739,7077.2970000000005,2886.595,7435.677000000001,27.964725207783708,7,2,0,0,5,41.77276875535188,29.991720452599314,53.55381705810446,1.0,0.7479301131498285,0.0,0.7479301131498285,2,0,0.0,0.0,0.2520698868501715,0.7479301131498285,0.7479301131498285,0.7479301131498285,0.2520698868501715,0.7479301131498285,0.7479301131498285,1.0,20,2,2023,6,9,3,0,0,0,1,0,1,GRAVE_LESIONADOS,1
4,2,11,0,4,1,-10.660607512434758,-75.97400699978945,0,4,0,0,4,0,0,1,8439.561380058101,2.0,2,0,1.0,9,31,2824.473221048571,0.3928755124440645,71.15864811749144,54.13730050466402,5.990084489644445,619.8501452595711,37037.929577093244,9581.89056492253,1651.986002619852,1142.3676732568879,6787.536889045791,2519.7464150578016,7062.144149864729,26.182373033406982,7,2,0,0,5,45.38853704653536,40.27915300714801,49.36250241050329,1.0,0.0,0.0,0.5458325298322362,2,0,0.0,0.4541674701677638,0.0,1.0,0.0,0.4541674701677638,1.0,0.0,0.5458325298322362,0.0,20,2,2022,7,21,1,0,1,0,1,0,1,GRAVE_LESIONADOS,1
4,1,10,0,4,1,-14.876975331683122,-74.98334118205405,0,4,4,1,2,1,1,0,6639.975,2.0,2,0,1.0,9,31,1616.0,0.5563774842369664,77.00938809632027,69.10246351364754,8.476961866273152,914.8835608305218,27932.19700214133,3721.461,698.1859999999996,744.866,2278.409,1102.9029999999996,2618.558,29.636290693359403,4,1,0,0,3,33.33132948988607,26.385859446836108,40.27679953293604,1.0,0.38585944683610907,0.0,0.38585944683610907,1,0,0.0,0.0,0.0,1.0,0.0,0.38585944683610907,0.6141405531638909,0.38585944683610907,0.38585944683610907,0.0,4,0,2022,2,23,2,0,1,0,1,0,1,GRAVE_LESIONADOS,1
5,1,10,0,3,0,-11.983526776402314,-74.98754813392172,0,3,1,1,1,1,0,2,6543.555,2.0,4,4,1.0,14,33,1198.0,0.609636976056526,71.77457746447061,76.46425115072107,11.052287856687787,1050.1051111037348,119451.5169895223,12363.380908549558,1831.3193635857774,1137.0395125480732,9395.022032415705,1611.6593538640172,10751.72155468554,13.010318063272193,6,1,0,0,4,40.08065179613966,39.874541650449416,40.28676194182991,1.0,0.017922621364369173,0.0,0.9820773786356308,1,0,0.0,0.9820773786356308,0.0,0.017922621364369173,0.0,0.017922621364369173,1.0,0.0,0.017922621364369173,0.0,8,1,2021,7,18,5,1,1,2,1,0,1,GRAVE_LESIONADOS,1
7,1,16,0,4,2,-9.853354688593656,-76.33415124151482,1,4,0,0,7,2,2,0,6543.555,2.0,4,4,1.0,14,33,1198.0,0.4739008458748913,74.78430623796349,55.05113392772447,6.6935950142674585,777.6176673735145,30237.143643206877,4892.801627238172,769.3612275815143,879.0887544379194,3244.351645218738,1048.407582574533,3844.3940446636384,22.52154038932438,4,1,0,0,3,35.950582836150176,35.950582836150176,35.950582836150176,1.0,0.0,0.3910922441482205,0.3910922441482205,1,0,0.0,0.0,0.0,1.0,0.0,0.0,1.0,0.6089077558517795,0.6089077558517795,0.6089077558517795,9,1,2022,6,20,4,0,1,0,1,0,1,GRAVE_LESIONADOS,1
3,1,5,0,4,1,-6.300445723993125,-78.83711505927326,0,4,0,0,2,1,1,5,9936.932,2.0,2,0,1.0,9,32,3830.0,0.27339411628162025,80.77595552733297,39.684387796884934,3.6615311209874077,273.8097190766727,4996.080546108733,15935.565011852366,1733.9250000199986,935.692,13265.948011832368,2000.1670000199988,13935.398011832369,12.551591352627522,5,1,0,0,3,43.980113861821096,32.47989489678053,55.480332826861655,1.0,0.0,0.0,1.0,1,0,0.0,0.9200175172032452,0.0799824827967548,0.0,0.0,0.0,1.0,0.0,0.9200175172032452,0.0,7,1,2023,10,5,3,0,0,2,1,0,1,GRAVE_LESIONADOS,1
5,1,18,0,4,1,-15.589830182432829,-70.17896546775705,0,4,0,1,2,1,1,1,7493.183480705422,2.0,2,0,1.0,9,7,1198.0,0.41636456434715685,72.7731039165057,74.30856265899861,7.292328133141833,454.68543298053777,19593.623945940664,13384.09405298237,2008.5882081639274,2252.4885028429544,9123.017341975486,3205.029675671489,10179.064377310879,23.862507753029686,5,1,0,0,4,39.89825752572084,39.08982575257208,40.7066892988696,1.0,0.0,0.0,0.0,1,0,0.0,0.08982575257208403,0.0,1.0,0.0,0.08982575257208403,1.0,0.0,0.910174247427916,0.0,4,0,2022,10,9,3,0,0,1,1,0,1,GRAVE_LESIONADOS,1
4,2,17,0,4,1,-5.627601765437587,-80.1339360431091,2,4,4,0,2,2,2,0,6543.555,3.0,2,0,1.0,0,30,1475.0,0.54736431889497,77.78557316323467,68.97506573242597,8.289217242945439,859.6885860385271,10687.589407265174,2456.796162010607,360.9447624169079,525.1058196903198,1570.7455799033792,528.8593439716838,1927.9368180389233,23.242766876735736,16,1,0,0,15,50.88271245179702,47.63356698435517,54.13185791923888,1.0,0.0,0.0,0.4092462786469352,1,0,0.0,0.5907537213530648,0.5907537213530648,0.0,0.0,0.0,1.0,0.0,0.0,0.0,8,1,2023,5,20,4,0,1,0,1,1,1,GRAVE_LESIONADOS,1
4,1,17,0,3,1,-6.34944721208889,-78.10933560197812,0,3,0,0,2,2,2,0,6543.555,2.0,4,4,1.0,14,33,1198.0,0.5456385399809294,75.79557549163943,65.61212899232733,8.500025048678047,894.8519744910789,90629.13695809274,4769.567077328634,694.879456611204,854.8946139525139,3219.793006764916,889.1882685800009,3880.3788087486328,18.904617797149086,9,1,0,0,8,39.192362620859186,38.79172617259745,39.59299906912092,1.0,0.0,0.0,0.4006364482617344,1,0,0.0,0.4006364482617344,0.0,1.0,0.4006364482617344,0.0,1.0,0.0,1.0,0.4006364482617344,14,1,2021,8,25,4,0,1,0,1,0,1,GRAVE_LESIONADOS,1
6,1,8,0,4,0,-12.145253292740652,-74.75432362434742,0,4,0,0,2,2,2,0,6543.555,2.0,4,4,1.0,14,33,1198.0,0.24652094092314897,77.16742382630893,45.1260003649739,4.799666179346924,183.17283704279066,5694.398097890285,12437.989948750032,1817.506745193576,1385.477291342702,9235.005912213752,1964.095394265474,10473.894554484557,15.737196019354343,4,1,0,0,3,35.88109716179487,35.88109716179487,35.88109716179487,1.0,0.581241009517345,0.0,0.0,1,0,0.0,0.0,0.0,0.41875899048265497,0.0,0.581241009517345,0.41875899048265497,0.41875899048265497,0.41875899048265497,0.41875899048265497,7,0,2022,4,28,4,0,1,2,1,0,1,GRAVE_LESIONADOS,1
4,1,11,1,4,1,-10.755792824968447,-74.90918249856131,2,3,3,1,2,1,1,0,1153.7901754919076,2.0,2,0,1.0,7,20,192.13855753883456,0.5936113321607801,73.35075394080849,76.28081775979538,9.78601824619955,1018.2623458939175,246780.67227640055,14945.238595652048,1857.8010905258375,1548.2298892676909,11539.20761585852,2567.559949684754,12377.678645967295,17.62180689806575,4,1,0,0,3,32.341342769304504,29.750280615432327,34.932404923176684,1.0,0.0,0.0,0.0,1,0,0.0,0.0,0.0,1.0,0.0,1.0,0.4318436923120297,0.0,0.5681563076879703,0.0,11,0,2022,9,27,3,0,1,2,1,0,1,GRAVE_LESIONADOS,1
6,1,4,0,4,1,-13.370439462575792,-74.76900127613476,0,4,4,0,2,1,0,2,1679.7531078607149,1.9460674171591288,1,2,0.9460674171591288,9,24,314.4606741715913,0.2560925669553801,77.79126775207908,42.74035390498523,4.0787522844439,215.3705638135653,3805.6635150948687,12678.733000000004,1805.074000000001,1774.0339999999994,9099.625000000004,2485.375000000001,10193.358000000002,19.602707936195205,5,1,0,0,4,39.56853933727303,39.56853933727303,39.56853933727303,1.0,0.0,0.0,0.05393258284087121,1,0,0.0,0.0,0.0,0.0,0.05393258284087121,0.9460674171591288,0.0,0.05393258284087121,0.05393258284087121,0.05393258284087121,9,1,2022,7,26,3,0,0,2,1,0,1,GRAVE_LESIONADOS,1