CLASE SINIESTRO,CANTIDAD DE VEHICULOS DAÑADOS,DEPARTAMENTO,ZONA,TIPO DE VÍA,RED VIAL,COORDENADAS LATITUD,COORDENADAS  LONGITUD,CONDICIÓN CLIMÁTICA,ZONIFICACIÓN,CARACTERÍSTICAS DE VÍA,PERFIL LONGITUDINAL VÍA,SUPERFICIE DE CALZADA,¿EXISTE SEÑAL VERTICAL?,¿EXISTE SEÑAL HORIZONTAL?,CAUSA FACTOR PRINCIPAL,MTC_RVN_LONGITUD_KM,MTC_RVN_N_CARRILES_MEDIANA,MTC_RVN_SUPERFICIE_DOMINANTE,MTC_RVN_ESTADO_DOMINANTE,MTC_RVN_ES_CONCESIONADA,MTC_RVN_CONCESION_PRINCIPAL,MTC_RVN_CORREDOR_LOGISTICO,MTC_RVN_N_TRAMOS,IDH_2019,IDH_ESP_VIDA_2019,IDH_EDUC_SECUND_PCT_2019,IDH_ANIOS_EDUC_2019,IDH_INGRESO_PERCAP_2019,IDH_POBLACION_2019,MTC_DEP_RED_TOTAL_KM,MTC_DEP_NACIONAL_TOTAL_KM,MTC_DEP_DEPARTAMENTAL_TOTAL_KM,MTC_DEP_VECINAL_TOTAL_KM,MTC_DEP_PAV_TOTAL_KM,MTC_DEP_NO_PAV_TOTAL_KM,MTC_DEP_PCT_PAVIMENTADA,PER_TOTAL_PERSONAS,PER_N_CONDUCTORES,PER_N_CONDUCTORES_FUGADOS,PER_N_PEATONES,PER_N_PASAJEROS_OCUPANTES,PER_EDAD_COND_PROM,PER_EDAD_COND_MIN,PER_EDAD_COND_MAX,PER_ANY_COND_MASCULINO,PER_ANY_LIC_PROBLEMA,PER_ANY_DOSAJE_POS,PER_ANY_DOSAJE_EVALUADO,VEH_TOTAL,VEH_N_FUGADOS,VEH_ANY_FUGADO,VEH_ANY_CARGA,VEH_ANY_PUBLICO,VEH_ANY_PARTICULAR,VEH_ANY_MOTO,VEH_ANY_AUTO,VEH_ANY_CAMION_BUS,VEH_ANY_SOAT_PROBLEMA,VEH_ANY_CITV_PROBLEMA,VEH_ANY_SEGURO_PROBLEMA,HORA_NUM,FRANJA_HORARIA,ANIO,MES,DIA_MES,DIA_SEMANA,ES_FIN_SEMANA,ES_QUINCENA,REGION_NATURAL,TIENE_SEÑALIZACION,ES_VIA_MULTICARRIL,ES_DEPTO_BAJO_PAVIMENTO,CATEGORIA_SEVERIDAD,CATEGORIA_SEVERIDAD_ENC
6,1,20,0,4,1,-16.344030720292263,-69.28155721260278,1,4,3,1,2,2,2,3,7586.903,2.0,2,0,1.0,9,5,1198.0,0.32375935472580825,72.94288636740633,68.64063920482513,6.697318868383055,281.12211959877897,18651.456395858844,13642.312999999998,2020.7790000000005,2354.117,9267.416999999998,3314.0520000000006,10328.260999999997,24.29244952817019,5,1,0,0,4,39.0,39.0,39.0,1.0,0.0,0.0,0.0,1,0,0.0,0.0,0.5165465103892622,0.48345348961073775,0.0,0.0,1.0,0.0,0.48345348961073775,0.0,4,0,2023,6,12,2,0,0,2,1,0,1,GRAVE_LESIONADOS,1
6,1,22,0,4,1,-17.386190582148377,-70.18818057687314,0,4,3,1,4,2,2,5,3867.033404613773,1.5047394753803518,2,3,0.5047394753803517,11,32,691.8437438387194,0.3772962380899483,77.09735985259411,78.18079123057696,7.444984830793657,359.00589066299335,805.5563443082025,2650.572,630.6729999999998,487.3610000000001,1532.5379999999998,1068.7019999999998,1581.87,40.31967439480987,4,1,0,0,3,34.037915803042814,34.037915803042814,34.037915803042814,1.0,0.0,0.0,1.0,1,0,0.0,0.5047394753803517,0.0,0.4952605246196483,0.0,0.4952605246196483,0.5047394753803517,0.0,0.0,0.0,7,1,2023,2,17,2,0,0,0,1,0,1,GRAVE_LESIONADOS,1
3,2,3,0,4,1,-16.041567860158494,-71.31753882916124,0,4,5,1,2,1,1,0,1504.4250000000002,2.0,2,0,1.0,7,25,241.0,0.4685280505645348,81.83746865987648,70.74305753660312,6.037751599761188,617.4715908037651,1751.8736616702354,10322.272,1495.236,1749.739,7077.2970000000005,2886.595,7435.677000000001,27.964725207783708,4,2,0,0,2,40.953154770101385,34.551352044329164,47.35495749587361,1.0,0.8504506814430555,0.0,0.8504506814430555,2,0,0.0,0.0,0.0,1.0,0.0,1.0,0.14954931855694453,0.0,0.8504506814430555,0.0,10,1,2023,10,14,5,0,0,0,1,0,1,GRAVE_LESIONADOS,1
3,1,12,2,3,1,-12.670165731937674,-76.37173054400199,0,1,7,0,2,2,2,0,6629.962806391185,2.0,2,0,1.0,9,31,1572.5951366056322,0.689151292802569,78.390409768044,71.92471684123295,9.976020364947553,1448.0491320761348,96118.05416689836,7906.25972754023,1663.8638542336648,1614.7270265539275,4627.668846752638,1926.1617468828033,5980.097980657428,24.23025928516172,6,2,0,0,3,35.86343785138825,23.76526956388577,47.96160613889072,1.0,0.10383938611092758,0.0,0.0,2,0,0.0,0.8961606138890724,0.0,0.10383938611092758,0.10383938611092758,0.0,0.8961606138890724,0.10383938611092758,0.10383938611092758,0.0,3,0,2023,5,11,4,0,0,0,1,0,1,GRAVE_LESIONADOS,1
5,1,8,0,4,2,-12.082939263599158,-75.42908275663906,1,4,0,0,6,2,2,0,6543.555,2.0,4,4,1.0,14,33,1198.0,0.23052317598278704,64.72759926276035,52.126237125417504,4.79692686384689,213.09312819739262,26714.478608087917,8563.376122193007,1431.8243698147037,1999.5529165393473,5131.9988358389555,1797.9877916318744,6765.388330561132,21.041079768713516,4,1,0,0,2,22.730014868392868,21.49428996239796,23.96573977438777,1.0,0.8764275094005095,0.0,0.0,1,0,0.0,0.0,0.12357249059949049,0.8764275094005095,0.12357249059949049,0.8764275094005095,0.0,0.0,0.0,0.0,16,2,2024,2,1,4,0,0,1,1,0,1,GRAVE_LESIONADOS,1
6,1,5,0,4,2,-7.187250326655684,-78.3578718991799,0,4,0,0,1,2,2,0,6543.555,2.0,4,4,1.0,14,33,1198.0,0.2784946059130722,73.09454890288512,36.91910968057455,3.856398938556015,326.31653111296674,10495.367426620614,15935.565011852366,1733.9250000199986,935.692,13265.948011832368,2000.1670000199988,13935.398011832369,12.551591352627522,8,1,0,0,7,46.0,46.0,46.0,1.0,0.8989717535087415,0.0,0.0,1,0,0.0,0.8989717535087415,0.0,0.10102824649125852,0.0,0.10102824649125852,0.8989717535087415,0.8989717535087415,0.8989717535087415,0.8989717535087415,17,2,2022,3,25,6,1,0,2,1,0,1,GRAVE_LESIONADOS,1
3,1,14,2,2,4,-11.898514749105198,-77.0730519728773,0,2,3,1,1,2,2,0,6543.555,2.0,4,4,1.0,14,33,1198.0,0.7004185572124972,79.68534508356629,75.5371960508144,10.296569460403273,1421.8058546909338,376005.9094819617,7626.313,1683.4029999999998,1599.0829999999996,4343.827000000001,1814.875,5811.438000000001,23.797541485643197,6,2,0,0,4,35.159231164716985,33.634960675875085,36.683501653558885,1.0,0.0,0.0,0.0,2,0,0.0,0.0,1.0,1.0,0.6097081955367598,1.0,0.3902918044632402,0.6097081955367598,1.0,0.6097081955367598,7,1,2022,7,24,4,0,1,0,1,0,1,GRAVE_LESIONADOS,1
6,1,9,0,4,1,-12.27749887091367,-75.11754862712267,1,4,5,0,1,2,2,0,404.48258811566177,1.4105520427912441,1,0,0.8035173475970814,4,32,70.75984273733118,0.45924554720118826,71.94453019823901,65.19702976062173,7.936465785824652,665.0089017880092,1434.4227992107114,12345.925756833461,1822.2612360651015,1236.8866707180887,9286.77785005027,1764.749305498381,10581.176451335079,14.258959247326766,4,1,0,0,3,27.982413262014592,27.982413262014592,27.982413262014592,1.0,0.8035173475970814,0.19648265240291862,0.19648265240291862,1,0,0.0,0.0,0.0,1.0,0.8035173475970814,0.0,0.19648265240291862,0.0,1.0,0.0,17,2,2021,3,29,2,0,1,2,1,0,1,GRAVE_LESIONADOS,1
6,1,5,0,4,2,-6.077667053577843,-78.82798206191303,0,4,5,0,1,2,2,1,6543.555,2.0,4,4,1.0,14,33,1198.0,0.28746769694252394,74.772561670916,33.533189569045696,4.355986047314753,340.9088894435497,8861.202851142189,15935.565011852366,1733.9250000199986,935.692,13265.948011832368,2000.1670000199988,13935.398011832369,12.551591352627522,7,1,0,0,6,46.46281604312595,46.46281604312595,46.46281604312595,1.0,0.25143015218746345,0.0,1.0,1,0,0.0,1.0,0.0,0.0,0.25143015218746345,0.0,0.7485698478125365,0.25143015218746345,0.25143015218746345,0.25143015218746345,15,1,2024,5,11,4,0,0,2,1,0,1,GRAVE_LESIONADOS,1
6,1,17,0,4,1,-15.704242260274873,-70.31392872426443,0,4,0,0,2,1,1,2,7405.806850543884,2.0,2,0,1.0,9,9,1198.0,0.3743014461144911,71.97737643845944,69.0403218428587,6.683326224742017,388.66910417619334,19210.299010875788,13475.062353338555,1983.3386206458142,2253.4307499042006,9238.29298278854,3170.216756301018,10304.845597037536,23.478441024534906,5,1,0,0,4,37.958567135091364,37.958567135091364,37.958567135091364,0.8264278558485603,0.17357214415143973,0.0,0.0,1,0,0.0,0.0,0.0,1.0,0.0,0.17357214415143973,0.8264278558485603,0.0,0.8264278558485603,0.0,5,0,2022,9,10,3,0,0,2,1,0,1,GRAVE_LESIONADOS,1
3,1,20,1,4,1,-15.821709018006972,-70.03131101824854,0,0,0,0,2,0,1,2,7586.903,2.0,2,0,1.0,9,5,1198.0,0.6488901960567479,69.67312345830231,82.12448375199249,11.701623814093702,1230.336353415943,144745.3597430407,13642.312999999998,2020.7790000000005,2354.117,9267.416999999998,3314.0520000000006,10328.260999999997,24.29244952817019,6,1,0,0,4,37.45185895783054,27.87350591334551,47.03021200231557,1.0,0.0,0.0,0.0,1,0,0.0,0.0,0.9578353044485031,0.9578353044485031,0.9578353044485031,0.9578353044485031,0.042164695551496933,0.0,1.0,0.0,9,1,2021,8,6,0,0,0,2,1,0,1,GRAVE_LESIONADOS,1
3,2,5,1,4,1,-5.815895862729758,-78.76495350799217,0,3,1,1,2,0,0,0,1271.1558923839311,2.0,2,0,1.0,2,20,344.2856496232084,0.5803239946829384,74.49544278598792,68.33065356443184,8.733179344969395,1046.078117086984,102362.46895074946,15935.565011852366,1733.9250000199986,935.692,13265.948011832368,2000.1670000199988,13935.398011832369,12.551591352627522,11,2,0,0,9,42.5,41.70923492630367,43.29076507369633,1.0,1.0,0.1453825368481646,0.1453825368481646,2,0,0.0,0.8546174631518354,0.1453825368481646,0.8546174631518354,0.1453825368481646,0.8546174631518354,0.8546174631518354,0.1453825368481646,0.1453825368481646,0.1453825368481646,13,2,2022,9,7,6,1,0,2,1,0,1,GRAVE_LESIONADOS,1
6,1,4,0,4,0,-14.101914878309673,-74.76230203430842,1,4,4,0,7,2,2,1,6543.555,2.0,4,4,1.0,14,33,1198.0,0.4141890702697607,70.14535387596698,57.7956808599928,6.2964708638799705,624.7481535015437,1216.3086998953286,12678.733000000004,1805.074000000001,1774.0339999999994,9099.625000000004,2485.375000000001,10193.358000000002,19.602707936195205,4,1,0,0,3,32.8475258132424,32.8475258132424,32.8475258132424,1.0,0.0,0.0,0.23049483735152088,1,0,0.0,1.0,0.0,0.0,0.0,0.0,1.0,0.0,0.7695051626484791,0.0,15,2,2023,6,11,4,0,0,2,1,0,1,GRAVE_LESIONADOS,1
6,1,9,0,4,1,-12.381422254594677,-76.00850161165457,0,4,7,0,2,0,0,0,1462.9486729006196,1.327566293922126,1,2,0.0,9,16,410.19837379866993,0.3371588411793183,71.97310615770716,55.30973965828281,5.220216947172694,387.1764113692921,1279.6605674442296,8221.492814887704,1523.3570536164048,1874.399549580582,4823.736211690718,1858.3841505180628,6363.108664369642,22.644632292236437,4,1,0,0,3,39.25836182098764,39.25836182098764,39.25836182098764,1.0,0.672433706077874,0.0,0.0,1,0,0.0,0.0,0.0,1.0,0.0,1.0,0.0,0.0,0.0,0.0,11,1,2021,8,5,1,0,0,1,1,0,1,GRAVE_LESIONADOS,1
5,1,4,0,4,1,-13.34274722164961,-74.16177123136406,0,4,0,0,5,1,0,5,7586.903,2.0,2,0,1.0,9,5,1198.0,0.3247312330485405,68.57537050324747,46.66146619568446,5.125443322268163,386.5923984732166,6998.3704496788005,12678.733000000004,1805.074000000001,1774.0339999999994,9099.625000000004,2485.375000000001,10193.358000000002,19.602707936195205,6,1,0,0,5,28.352267478777428,26.987964003794946,29.71657095375991,1.0,0.0,0.0,0.20989284230499716,1,0,0.0,0.20989284230499716,0.20989284230499716,0.7901071576950028,0.0,0.7901071576950028,0.20989284230499716,0.0,0.0,0.0,17,2,2022,4,3,5,1,0,2,1,0,1,GRAVE_LESIONADOS,1
3,1,19,0,4,1,-5.183444477433228,-80.58160494181072,0,1,7,1,2,2,2,0,3881.8107291405922,2.491875959460824,2,0,1.0,0,24,808.3412588126007,0.6220812987247925,80.20155828147696,72.71675503872983,10.02377668600292,1028.915688621886,159840.92719486082,8965.846000060003,1782.4120000599992,636.9959999999999,6546.438000000004,2214.505000059999,6751.341000000004,24.699342371541725,5,2,0,0,3,44.61595333110359,37.24815474328554,51.98375191892165,1.0,0.5081240405391763,0.5081240405391763,1.0,2,0,0.49187595946082374,0.5081240405391763,0.49187595946082374,0.5081240405391763,1.0,0.0,0.0,0.5081240405391763,1.0,1.0,13,1,2024,2,23,6,1,1,0,1,0,1,GRAVE_LESIONADOS,1
3,2,10,0,4,1,-13.298592598250787,-76.230012101554,0,4,6,0,2,2,2,0,6638.084152458833,2.0196105324742537,2,0,1.0,8,30,1613.2349149211302,0.5749759937807291,80.36772105514257,69.95407793735697,8.916292790684718,892.7372803246923,12438.972730539255,3668.270176138133,687.2097496477702,735.8962404989387,2245.1641859914243,1086.706053303007,2581.5641228351265,29.593365404899952,10,1,0,0,8,52.19603674664907,47.78428414278321,56.60778935051493,1.0,0.0,0.0,1.0,1,0,0.0,0.0,0.0,0.9803894675257464,0.0,0.9803894675257464,1.0,0.0,0.0,0.0,22,1,2023,10,22,5,1,1,0,1,0,1,GRAVE_LESIONADOS,1
5,1,10,0,4,1,-15.289048371842686,-75.10385260525925,0,4,7,1,2,2,2,0,196.8,2.0,2,0,1.0,4,27,35.0,0.5563774842369664,77.00938809632027,69.10246351364754,8.476961866273152,914.8835608305218,27932.19700214133,3721.461,698.1859999999996,744.866,2278.409,1102.9029999999996,2618.558,29.636290693359403,5,1,0,0,3,62.89210011120995,56.48377628469746,69.30042393772243,1.0,0.0,0.0,0.3286319911032043,1,0,0.0,0.3286319911032043,0.3286319911032043,0.6713680088967957,0.0,0.6713680088967957,0.3286319911032043,0.0,0.3286319911032043,0.3286319911032043,21,2,2023,6,17,4,0,1,0,1,0,1,GRAVE_LESIONADOS,1
4,1,15,0,3,2,-11.783851433410028,-74.68460098935542,0,3,4,1,2,2,2,2,6543.555,2.0,4,4,1.0,14,33,1198.0,0.5134501679311593,75.57970011313347,64.73364007574712,7.683429342947854,818.7710214311544,66579.03762934642,11177.984382656248,1662.3167904846,2135.3667901841504,7380.300801987498,2218.170127776544,8959.814254879704,18.725435848025757,6,1,0,0,5,38.490520704011885,35.62946960291774,42.78209735565311,1.0,0.5231581498176416,0.47684185018235836,0.47684185018235836,1,0,0.0,0.0,0.47684185018235836,1.0,0.47684185018235836,1.0,0.0,0.0,1.0,0.47684185018235836,11,1,2022,4,21,5,1,0,0,1,0,1,GRAVE_LESIONADOS,1
5,1,12,0,4,1,-8.836447727296076,-78.70617474863191,0,4,7,1,2,2,2,0,6543.555,2.898638928301103,2,0,1.0,1,30,1446.9229831394057,0.4942708530228833,77.48432863688315,53.945701454921526,6.336926809922474,856.7206660709815,9799.175412123002,8931.828000000005,1335.5899999999997,1935.9830000000004,5660.255000000005,1219.309,7712.519000000005,13.651281686122925,4,1,0,0,2,40.17550070941986,40.17550070941986,40.17550070941986,1.0,0.10136107169889674,0.0,0.0,1,0,0.0,0.0,0.0,1.0,0.0,1.0,0.0,0.0,0.10136107169889674,0.0,6,1,2021,3,20,5,1,1,0,1,0,1,GRAVE_LESIONADOS,1
3,2,22,0,4,1,-6.298619390918656,-79.30154917480897,5,4,0,1,2,2,2,2,6559.405742622946,2.8356073156715857,2,0,1.0,1,30,1498.1793684903064,0.547823037405129,73.01362773813267,56.47742317552191,7.829035754078017,1074.0814853718962,5850.164343879188,1278.9468239372463,219.38791483376104,320.33145367040675,739.2274554330784,407.1266199633353,871.820203973911,29.563508745293657,4,2,0,0,2,23.32196342164207,20.0,26.64392684328414,1.0,0.0,0.0,1.0,2,0,0.0,0.0,0.16439268432841414,1.0,0.0,1.0,0.16439268432841414,0.0,0.0,0.0,17,2,2022,2,23,5,1,0,0,1,0,1,GRAVE_LESIONADOS,1
3,1,10,0,4,1,-6.732810182867157,-79.4174159623333,0,4,5,1,2,1,1,0,6781.518974194776,2.804109246061132,2,0,1.0,1,28,1603.8961160917754,0.5082996650581627,78.35229719004342,66.02158932137937,7.2044382386728,765.9084512708457,9581.074270842151,3546.6745262697686,640.4436400753581,669.2162791550611,2237.01460703935,750.4150111632579,2796.259515106511,21.082512246351673,7,1,0,0,5,57.267802560008676,52.84520170667245,61.690403413344896,1.0,0.0,0.0,0.0,1,0,0.0,0.8041092460611317,1.0,0.0,0.0,0.0,1.0,0.0,0.0,0.0,8,1,2023,2,18,4,0,1,0,1,0,1,GRAVE_LESIONADOS,1
3,2,13,0,4,0,-6.895524136113611,-79.72057285626373,0,4,7,1,2,2,2,0,6543.555,2.7919610144667155,2,0,1.0,2,30,1417.3732010072804,0.5164028128776421,80.31192983888799,67.6767280105522,7.83522565954918,728.9114157143363,10358.350421840036,3459.691,515.0619999999999,689.7280000000001,2254.901,703.3549999999999,2756.336,20.329994788551925,5,2,0,0,3,53.94677195570155,48.96686941953476,58.92667449186834,1.0,0.0,0.0,0.20803898553328426,2,0,0.0,0.7919610144667157,1.0,0.20803898553328426,0.0,0.20803898553328426,1.0,0.0,0.0,0.0,9,1,2022,2,15,3,0,0,0,1,0,1,GRAVE_LESIONADOS,1
6,1,14,0,4,1,-11.329591540136411,-77.47148571485609,0,4,7,1,2,2,2,2,6543.555,3.0,2,0,1.0,0,30,1475.0,0.7327345537337897,78.20903814342847,76.31492653513806,13.642917835589472,1405.6698219039215,62016.21841541756,7626.313,1683.4029999999998,1599.0829999999996,4343.827000000001,1814.875,5811.438000000001,23.797541485643197,6,1,0,0,5,37.144630702951986,37.144630702951986,37.144630702951986,0.12718118921688693,0.0,0.0,1.0,1,0,0.0,0.0,0.0,1.0,0.0,1.0,0.0,0.0,0.0,0.0,8,0,2023,10,19,3,0,1,0,1,1,1,GRAVE_LESIONADOS,1
3,1,19,0,4,2,-5.361775015797355,-80.74343189708782,3,4,6,1,4,2,2,0,6543.555,2.0,4,4,1.0,14,33,1198.0,0.4472698247009415,76.971118286633,57.64372678708863,6.145468453847798,644.854294256148,41537.205237086804,8965.846000060003,1782.4120000599992,636.9959999999999,6546.438000000004,2214.505000059999,6751.341000000004,24.699342371541725,4,1,0,0,3,37.19927961207206,28.63025629297332,45.76830293117081,1.0,1.0,0.0,0.3985592241441276,1,0,0.0,0.6014407758558724,0.3985592241441276,0.0,1.0,0.0,0.0,1.0,1.0,1.0,21,2,2022,4,14,6,1,0,0,1,0,1,GRAVE_LESIONADOS,1
4,1,14,0,4,1,-5.959515155100628,-79.33710049502957,0,3,7,1,2,2,2,0,2403.2011968259158,2.0,2,0,1.0,2,20,498.2007030546983,0.47178381732633606,74.6609633487222,58.18954813243855,6.351803356761485,760.329635109983,44882.75471247267,3831.5502388260784,566.110174480331,736.6169633201946,2528.823101025553,756.1109965394985,3075.43924228658,19.925346125798857,5,2,0,0,3,26.40446575599419,25.468626229699346,27.340305282289034,1.0,0.1701526411445169,0.0,0.0,2,0,0.8298473588554831,0.0,0.1701526411445169,0.1701526411445169,1.0,0.0,0.0,1.0,0.1701526411445169,1.0,13,2,2021,9,24,1,0,0,0,1,0,1,GRAVE_LESIONADOS,1
6,1,13,0,4,1,-10.31588471937296,-77.82154348279767,0,4,7,1,2,2,2,1,303.3349887361451,2.0,2,0,0.2547205004575489,8,8,66.4624225205897,0.6312460601353725,79.02720509398034,68.70061038252183,8.817544327035266,1219.9013993673448,35711.71618751227,7958.854434154839,1594.8078985743582,1684.898336604148,4679.148198976332,1663.1721304244993,6295.682303730339,21.213081111737083,5,1,0,0,4,55.06590048215559,55.06590048215559,55.06590048215559,1.0,0.0,0.0,0.7452794995424511,1,0,0.0,0.0,0.0,1.0,0.0,0.7452794995424511,0.2547205004575489,0.0,0.2547205004575489,0.0,14,2,2023,10,11,2,0,0,0,1,0,1,GRAVE_LESIONADOS,1
3,2,3,0,4,1,-16.026049806662247,-71.29425012226764,1,4,1,1,2,1,1,1,1504.4250000000002,2.0,2,0,1.0,7,25,241.0,0.4685280505645348,81.83746865987648,70.74305753660312,6.037751599761188,617.4715908037651,1751.8736616702354,10322.272,1495.236,1749.739,7077.2970000000005,2886.595,7435.677000000001,27.964725207783708,4,2,0,0,2,36.84272322381381,32.78973852449163,40.89570792313599,1.0,0.26324617483054435,0.0,0.26324617483054435,2,0,0.0,0.0,0.0,1.0,0.0,1.0,0.7367538251694556,0.0,0.26324617483054435,0.0,12,2,2021,6,10,4,0,0,0,1,0,1,GRAVE_LESIONADOS,1
4,1,12,0,4,2,-7.539385014346076,-78.9047193929605,0,4,7,1,1,2,2,0,6543.555,2.0,4,4,1.0,14,33,1198.0,0.3317169200524316,77.1195474769046,43.154392598430846,4.66383091008429,464.8408372403334,24442.288613614197,8931.828000000005,1335.5899999999997,1935.9830000000004,5660.255000000005,1219.309,7712.519000000005,13.651281686122925,4,1,0,0,2,35.0,30.562363940257725,39.437636059742275,1.0,0.5562363940257727,0.0,0.0,1,0,0.0,0.0,0.44376360597422726,0.5562363940257727,0.44376360597422726,0.0,0.5562363940257727,0.0,0.0,0.0,19,2,2022,5,15,3,0,0,0,1,0,1,GRAVE_LESIONADOS,1
3,1,14,0,4,1,-13.244126292929373,-73.35128280441275,5,4,7,1,2,0,1,2,7586.903,2.0,2,0,1.0,9,5,1198.0,0.39965568155290965,72.63712806440554,68.27019620750004,6.964674177510188,483.2705738223524,1136.2284693912802,12831.373816629752,1906.4073152050348,1619.2176383556184,9305.748863069099,2298.4321453275916,10532.94167130216,17.617739110066328,5,2,0,0,3,41.35134919292209,38.0,44.70269838584419,1.0,0.0,0.4114109317604655,1.0,2,0,0.0,0.0,0.0,1.0,0.0,0.5885890682395345,0.4114109317604655,0.4114109317604655,0.4114109317604655,0.0,21,2,2022,5,21,4,0,0,2,1,0,1,GRAVE_LESIONADOS,1
3,1,3,0,4,1,-16.038310852345173,-71.28569545803754,1,4,0,1,2,2,2,1,1483.379874869119,1.9477328040063053,2,0,0.9477328040063053,7,25,238.96157935624592,0.47117055151973125,81.70969476276146,70.83397602447056,6.136968692215321,622.5461018920754,1823.0693051757964,10322.272,1495.236,1749.739,7077.2970000000005,2886.595,7435.677000000001,27.964725207783708,5,1,0,0,3,35.20906878397478,32.365870371955864,38.05226719599369,1.0,0.0,0.0,0.0,1,0,0.0,0.05226719599369467,0.0,0.9477328040063053,0.0,0.9477328040063053,1.0,0.0,0.0,0.0,13,2,2021,4,9,3,0,0,0,1,0,1,GRAVE_LESIONADOS,1
3,1,16,1,4,1,-11.761922403247572,-71.62065635746745,6,4,5,1,5,2,2,0,3678.070906332628,2.126370141947005,2,0,1.0,4,19,680.8704590298277,0.5826860412634253,74.24617981139167,58.09502643449368,8.409987148540225,1182.3768493430039,11088.225331049745,1953.7482292141228,366.4538268679354,333.3802490406849,1253.9141533055022,466.42038197850803,1487.3278472356144,24.106747086510488,7,1,0,0,5,37.87362985805299,35.25274028389401,40.49451943221198,1.0,0.0,0.0,0.12637014194700513,1,0,0.0,0.0,0.0,0.8736298580529949,0.8736298580529949,0.8736298580529949,0.12637014194700513,0.0,0.8736298580529949,0.0,15,2,2022,8,12,3,0,0,0,1,0,1,GRAVE_LESIONADOS,1
4,1,19,1,4,1,-5.188695227195912,-80.59843886401877,0,1,7,1,2,2,2,0,6405.744536895911,2.973692134850199,2,0,1.0,0,29,1440.4840809234609,0.6220812987247925,80.20155828147696,72.71675503872983,10.02377668600292,1028.915688621886,159840.92719486082,8965.846000060003,1782.4120000599992,636.9959999999999,6546.438000000004,2214.505000059999,6751.341000000004,24.699342371541725,7,2,0,0,5,52.68430561820239,52.68430561820239,52.68430561820239,1.0,0.0,0.0,1.0,2,0,0.9736921348501988,0.0,0.9736921348501988,0.026307865149801213,0.9736921348501988,0.026307865149801213,0.026307865149801213,0.0,1.0,0.9736921348501988,4,0,2023,4,20,5,0,1,0,1,0,1,GRAVE_LESIONADOS,1
5,1,7,2,3,1,-8.269120152132846,-78.15488057738598,0,2,1,1,2,1,1,0,2191.835574677936,2.0,2,0,1.0,9,20,395.55610174347726,0.6245870529521116,74.44149893596372,74.34021048664682,9.60889258458331,1176.855239296941,256864.95630003337,14019.130426641099,1722.272674634481,1088.6955981703807,11208.162153836238,1957.4315050928049,12061.698921548295,15.145341999223678,4,1,0,0,3,28.57489892332109,26.383831841285584,30.7659660053566,1.0,0.0,0.0,0.0,1,0,0.0,0.0,0.23063864021426395,1.0,0.0,0.769361359785736,0.23063864021426395,0.0,0.769361359785736,0.0,4,0,2021,7,26,2,0,1,1,1,0,1,GRAVE_LESIONADOS,1
3,1,14,2,2,4,-12.210759404586769,-76.94088363113335,0,0,7,0,3,2,2,0,6543.555,2.0,4,4,1.0,14,33,1198.0,0.6969503577297755,80.0856038275187,74.27395928273181,9.947810033859716,1427.3574796897267,457684.5924093363,7626.313,1683.4029999999998,1599.0829999999996,4343.827000000001,1814.875,5811.438000000001,23.797541485643197,5,1,0,0,3,68.64047021869189,68.64047021869189,68.64047021869189,1.0,0.7728739363818531,0.0,0.0,1,0,0.0,0.0,0.2271260636181469,0.7728739363818531,1.0,0.0,0.7728739363818531,1.0,1.0,0.7728739363818531,15,1,2024,5,20,4,0,1,0,1,0,1,GRAVE_LESIONADOS,1
4,1,14,2,3,2,-12.083886116739878,-76.89630722019389,0,0,2,1,2,2,2,0,2796.912560006042,2.0,2,1,1.0,6,20,509.2066630720799,0.6909880781006069,79.80069170237924,75.65684281470297,9.478707025857911,1427.8411489121613,608395.7349737303,7626.313,1683.4029999999998,1599.0829999999996,4343.827000000001,1814.875,5811.438000000001,23.797541485643197,5,2,0,0,3,61.11836844962925,60.45733837580207,61.77939852345643,1.0,0.3389699261728214,0.0,0.0,2,0,0.0,0.0,0.0,1.0,0.3389699261728214,0.6610300738271786,0.3389699261728214,0.3389699261728214,0.3389699261728214,0.3389699261728214,11,1,2023,6,24,6,1,1,0,1,0,1,GRAVE_LESIONADOS,1