CLASE SINIESTRO,CANTIDAD DE VEHICULOS DAÑADOS,DEPARTAMENTO,ZONA,TIPO DE VÍA,RED VIAL,COORDENADAS LATITUD,COORDENADAS  LONGITUD,CONDICIÓN CLIMÁTICA,ZONIFICACIÓN,CARACTERÍSTICAS DE VÍA,PERFIL LONGITUDINAL VÍA,SUPERFICIE DE CALZADA,¿EXISTE SEÑAL VERTICAL?,¿EXISTE SEÑAL HORIZONTAL?,CAUSA FACTOR PRINCIPAL,MTC_RVN_LONGITUD_KM,MTC_RVN_N_CARRILES_MEDIANA,MTC_RVN_SUPERFICIE_DOMINANTE,MTC_RVN_ESTADO_DOMINANTE,MTC_RVN_ES_CONCESIONADA,MTC_RVN_CONCESION_PRINCIPAL,MTC_RVN_CORREDOR_LOGISTICO,MTC_RVN_N_TRAMOS,IDH_2019,IDH_ESP_VIDA_2019,IDH_EDUC_SECUND_PCT_2019,IDH_ANIOS_EDUC_2019,IDH_INGRESO_PERCAP_2019,IDH_POBLACION_2019,MTC_DEP_RED_TOTAL_KM,MTC_DEP_NACIONAL_TOTAL_KM,MTC_DEP_DEPARTAMENTAL_TOTAL_KM,MTC_DEP_VECINAL_TOTAL_KM,MTC_DEP_PAV_TOTAL_KM,MTC_DEP_NO_PAV_TOTAL_KM,MTC_DEP_PCT_PAVIMENTADA,PER_TOTAL_PERSONAS,PER_N_CONDUCTORES,PER_N_CONDUCTORES_FUGADOS,PER_N_PEATONES,PER_N_PASAJEROS_OCUPANTES,PER_EDAD_COND_PROM,PER_EDAD_COND_MIN,PER_EDAD_COND_MAX,PER_ANY_COND_MASCULINO,PER_ANY_LIC_PROBLEMA,PER_ANY_DOSAJE_POS,PER_ANY_DOSAJE_EVALUADO,VEH_TOTAL,VEH_N_FUGADOS,VEH_ANY_FUGADO,VEH_ANY_CARGA,VEH_ANY_PUBLICO,VEH_ANY_PARTICULAR,VEH_ANY_MOTO,VEH_ANY_AUTO,VEH_ANY_CAMION_BUS,VEH_ANY_SOAT_PROBLEMA,VEH_ANY_CITV_PROBLEMA,VEH_ANY_SEGURO_PROBLEMA,HORA_NUM,FRANJA_HORARIA,ANIO,MES,DIA_MES,DIA_SEMANA,ES_FIN_SEMANA,ES_QUINCENA,REGION_NATURAL,TIENE_SEÑALIZACION,ES_VIA_MULTICARRIL,ES_DEPTO_BAJO_PAVIMENTO,CATEGORIA_SEVERIDAD,CATEGORIA_SEVERIDAD_ENC
6,1,6,0,4,1,-12.957022346768309,-74.55215729439288,0,4,0,0,5,2,2,1,6543.555,2.0,4,4,1.0,14,33,1198.0,0.3655337386642856,75.77309431694412,54.734432609665404,5.677225099193299,414.05944429745983,6044.506564591514,12558.334469136067,1811.2917672341541,1579.7120595046542,9167.330642397259,2224.676722837262,10333.657746298806,17.669518365787074,5,1,0,0,4,38.7441142311791,38.7441142311791,38.7441142311791,0.2906857051965166,0.2906857051965166,0.0,0.7093142948034834,1,0,0.0,0.0,0.0,0.7093142948034834,0.0,0.2906857051965166,0.7093142948034834,0.0,0.0,0.0,13,2,2023,5,28,5,1,1,2,1,0,1,GRAVE_LESIONADOS,1
6,1,10,1,4,1,-13.932255947231313,-75.90462949072476,0,3,7,1,2,2,2,2,6639.975,2.0,2,0,1.0,9,31,1616.0,0.6053164595604621,78.88848309050202,67.63954639531094,9.133324993872453,1064.9426147896202,27932.19700214133,3721.461,698.1859999999996,744.866,2278.409,1102.9029999999996,2618.558,29.636290693359403,7,1,0,0,6,38.06908822955829,38.06908822955829,38.06908822955829,1.0,0.4138176459116586,0.5861823540883414,1.0,1,0,0.0,0.0,0.0,0.4138176459116586,0.0,0.4138176459116586,0.5861823540883414,0.0,0.0,0.0,2,0,2022,2,3,3,0,0,0,1,0,1,GRAVE_LESIONADOS,1
6,1,12,0,4,1,-8.088761259480929,-78.33524031134274,0,4,7,1,2,2,2,2,8724.67532177673,2.357241968170136,2,0,1.0,5,31,2988.6951649593293,0.43671709874487447,74.46273340719857,56.10590274592706,6.0021460688449295,661.0305654585253,68867.00553746433,8931.828000000005,1335.5899999999997,1935.9830000000004,5660.255000000005,1219.309,7712.519000000005,13.651281686122925,4,1,0,1,2,29.713096381958366,29.713096381958366,29.713096381958366,1.0,0.0,0.0,0.0,1,0,0.0,1.0,0.0,0.0,0.0,0.0,1.0,0.0,0.6427580318298638,0.0,18,2,2021,4,22,2,0,0,0,1,0,1,GRAVE_LESIONADOS,1
4,1,13,0,4,1,-11.969786704463608,-73.69603407320785,2,3,4,1,2,1,1,1,1243.4055845718053,2.0,2,0,1.0,7,21,204.6265873873648,0.5891034303783476,73.40405286439461,76.94845680954742,9.885425778769552,985.0136937333375,243216.27660451573,14612.236275021649,1899.4550592923556,1754.1988862200342,10958.58232950926,2758.348729885759,11853.88754513589,19.326692797409205,4,1,0,0,3,34.809906809130254,31.347586758848987,38.27222685941152,1.0,0.0,0.0,0.0,1,0,0.0,0.0,0.0,1.0,0.0,1.0,0.5770533417135443,0.0,0.4229466582864557,0.0,13,1,2022,10,27,4,0,1,2,1,0,1,GRAVE_LESIONADOS,1
4,1,12,0,4,1,-7.592831270681017,-78.7774068752313,0,4,7,1,1,2,2,0,6543.555,2.3422655927897464,3,2,1.0,9,31,1292.8075692027596,0.2989163750344844,76.84829791208756,39.87011654416554,4.342950240799587,392.29364490558476,24395.04487459506,8931.828000000005,1335.5899999999997,1935.9830000000004,5660.255000000005,1219.309,7712.519000000005,13.651281686122925,4,1,0,0,3,30.892812886523046,30.892812886523046,30.892812886523046,1.0,1.0,0.0,0.0,1,0,0.0,0.0,0.3422655927897462,1.0,0.3422655927897462,0.0,0.6577344072102538,0.3422655927897462,0.0,0.0,20,2,2022,5,21,4,0,1,0,1,0,1,GRAVE_LESIONADOS,1
3,2,8,0,4,1,-13.20289146316146,-75.09744747098378,1,4,0,0,2,2,2,2,1657.9952287068036,2.0,2,2,0.9161262614479879,9,23,347.1236418654206,0.28840993742888715,73.27670163580555,47.18716411706787,5.100503965193963,273.55272727932385,3207.2676878888415,8437.188263649012,1465.355788512764,1974.175323603434,4997.657151532813,1874.1520336207307,6563.03623002828,22.22681357656002,10,2,0,0,8,49.083873738552015,39.41288383013592,58.75486364696811,1.0,0.0,0.0,1.0,2,0,0.0,0.9161262614479879,0.08387373855201208,0.9161262614479879,0.0,0.0,1.0,0.0,0.0,0.0,13,3,2024,3,3,0,0,0,1,1,0,1,GRAVE_LESIONADOS,1
3,1,10,0,4,1,-14.525217611427475,-75.21956550703123,0,4,0,1,2,2,2,0,6600.391914768028,1.9928039781860143,1,0,0.9928039781860144,9,31,1605.6377285878607,0.5692529108371713,79.89996498708562,75.66072646967862,8.846702703953454,846.3501374315941,769.4497567121084,3713.7548593956426,697.700174979272,743.0129884027897,2273.041696013581,1102.6568888579395,2611.097970537703,29.713168555522216,6,1,0,0,4,47.37406961825525,43.8992556946042,50.848883541906304,1.0,0.0,0.0,0.007196021813985598,1,0,0.0,0.9928039781860144,0.0,1.0,0.0,1.0,0.9928039781860144,0.0,0.0,0.0,17,1,2023,5,18,1,0,1,0,1,0,1,GRAVE_LESIONADOS,1
3,1,6,0,4,2,-13.288200504829122,-72.53505515750979,0,4,0,1,2,2,2,1,6543.555,2.0,4,4,1.0,14,33,1198.0,0.30594176874179424,67.55072145040435,51.336851845660135,4.45907304956417,357.7625881975093,12503.576572421543,17544.665245455388,2051.1470459508937,2617.9875962126357,12875.530603291858,2766.977364093516,14777.687881361871,15.728588874148166,4,1,0,0,2,35.089780670406384,25.92519643354775,44.25436490726502,1.0,0.8728175463674891,0.0,0.0,1,0,0.0,0.0,0.0,1.0,0.8728175463674891,0.1271824536325109,0.0,0.8728175463674891,0.8728175463674891,0.8728175463674891,10,1,2023,8,3,0,0,0,2,1,0,1,GRAVE_LESIONADOS,1
3,1,22,0,4,0,-4.601577916338638,-79.70645527315187,5,4,6,1,6,2,2,0,6543.555,2.0,4,4,1.0,14,33,1198.0,0.5335593779461376,75.08273254548887,65.26497530179118,8.303770617126762,893.4404847564625,4123.220665401406,1127.858773963757,174.08380217572355,301.9327184449895,651.8422533430437,334.25238593452167,793.6063880292352,28.378689363483996,4,1,0,0,2,36.144696767672116,36.144696767672116,36.144696767672116,1.0,0.9276516161639426,0.9276516161639426,1.0,1,0,0.0,0.07234838383605735,0.0,0.9276516161639426,0.9276516161639426,0.9276516161639426,0.07234838383605735,0.9276516161639426,0.9276516161639426,0.0,19,2,2021,7,8,5,0,0,0,1,0,1,GRAVE_LESIONADOS,1
3,1,12,0,4,1,-8.201791123401618,-78.83931061021804,0,4,6,0,1,2,2,2,6543.555,2.878530749207156,2,0,1.0,1,30,1441.3530175303822,0.5795428090687027,77.91683415360245,64.925683210956,8.70408140989219,1007.0898635853428,15415.429782875688,8773.248071051185,1377.8385845260111,1895.0600094078911,5500.349477117282,1291.651955817691,7481.596115233493,14.883740262320204,12,1,0,0,10,48.0098803587467,46.69208423493596,49.32767648255743,1.0,0.0,0.0,0.1214692507928441,1,0,0.0,1.0,0.8785307492071559,0.0,0.0,0.0,1.0,0.0,0.0,0.0,7,1,2023,4,3,1,0,0,0,1,0,1,GRAVE_LESIONADOS,1
5,1,14,2,2,4,-12.082040613996902,-76.99395171771913,0,0,2,0,2,2,2,0,6543.555,2.0,4,4,1.0,14,33,1198.0,0.7378927314633539,80.51226946938337,77.60307217274328,10.654325820193197,1574.486596778348,378468.16877062584,7626.313,1683.4029999999998,1599.0829999999996,4343.827000000001,1814.875,5811.438000000001,23.797541485643197,7,1,0,4,2,34.88715737374974,32.09449601732131,36.98165339107105,0.3018346608928951,0.0,0.0,0.0,1,0,0.0,0.0,0.3018346608928951,1.0,0.3018346608928951,0.3018346608928951,0.6981653391071049,0.0,0.3018346608928951,0.0,9,1,2024,10,12,1,0,0,0,1,0,1,GRAVE_LESIONADOS,1
4,1,8,0,4,0,-6.391353184410836,-79.24020946466185,1,4,4,1,2,1,1,1,6968.366892159935,2.0,3,2,1.0,12,28,1524.9723292412705,0.4376843459191184,77.464217732293,59.14588121261312,6.927243768608396,567.2608193034907,9505.573968572666,3614.9734813354253,738.8925690714848,653.1105961552371,2222.9703161087036,787.3662561364767,2827.607225198949,21.67338454413583,11,1,0,0,10,34.24554538889738,32.29465446667686,36.19643631111791,1.0,0.0,0.0,0.6502969740735076,1,0,0.0,0.0,1.0,0.6502969740735076,0.0,0.6502969740735076,1.0,0.0,0.0,0.0,17,2,2022,2,13,1,0,0,0,1,0,1,GRAVE_LESIONADOS,1
3,1,18,2,4,1,-14.641171876393095,-72.27795445350493,0,0,2,0,2,0,1,1,7243.635529968369,2.0,2,1,1.0,10,14,1198.0,0.6480415121739608,72.25437048951973,78.42904667957953,10.904565854354967,1246.422736501601,143505.7499902512,11663.014530352006,1909.7803629494747,2105.706487910206,7647.527679492326,2820.8141772221634,8842.200353129843,24.12962194652289,6,2,0,0,4,35.69695989236437,28.658011459324467,42.735908325404274,1.0,0.32900572966223285,0.0,0.0,2,0,0.0,0.0,1.0,0.6709942703377672,1.0,0.6709942703377672,0.32900572966223285,0.32900572966223285,1.0,0.32900572966223285,8,0,2021,9,6,0,0,0,1,1,0,1,GRAVE_LESIONADOS,1
4,1,12,0,4,1,-8.197673655370087,-79.11523941157886,0,4,7,1,2,2,2,1,6543.555,2.3914542707944713,3,2,1.0,8,31,1306.4328330100684,0.5316593375526164,76.99283707382033,58.92052302382881,7.26952300182388,937.4902855065272,9601.221348903016,8931.828000000005,1335.5899999999997,1935.9830000000004,5660.255000000005,1219.309,7712.519000000005,13.651281686122925,4,1,0,0,2,31.046176874300482,31.046176874300482,31.046176874300482,1.0,0.6085457292055289,0.0,0.0,1,0,0.0,0.0,0.0,1.0,0.0,1.0,0.0,0.0,0.6085457292055289,0.0,9,2,2022,5,21,5,1,1,0,1,0,1,GRAVE_LESIONADOS,1
3,1,15,0,4,0,-14.394292580035803,-71.77289359489411,4,4,4,1,4,2,2,0,6817.030045127781,2.0,3,2,1.0,12,25,1198.0,0.3226666755676502,70.91179562262136,56.24751784332435,6.224052432344332,300.3830537310594,7601.074046042881,13389.746182424054,1964.2399213711176,2202.0697208535807,9223.436540199356,3096.845008688038,10292.901173736016,23.063207421506846,8,2,0,0,6,40.01429917819316,34.621129720167964,45.407468636218354,1.0,0.0,0.0,0.2621129720167965,2,0,0.0,0.2621129720167965,0.2621129720167965,0.7378870279832035,0.0,0.7378870279832035,1.0,0.7378870279832035,0.7378870279832035,0.0,20,2,2022,3,16,2,0,0,2,1,0,1,GRAVE_LESIONADOS,1
4,1,11,0,4,1,-11.5928706637437,-76.09797292516741,0,4,4,0,2,0,1,0,875.67,2.0,2,0,1.0,3,14,156.0,0.727764014102057,80.04798576459473,69.54405534495044,10.377666215391256,1632.8207901729563,4146.224839400427,12264.545,1826.4639999999995,1105.5389999999998,9332.542,1588.5359999999996,10676.009,12.952261987705208,4,1,0,0,3,35.8284779971035,32.912603947862905,38.74435204634408,1.0,0.0,0.0,0.3430440057930102,1,0,0.0,0.6569559942069898,0.0,0.3430440057930102,0.0,0.3430440057930102,1.0,0.0,0.6569559942069898,0.0,6,0,2023,2,11,2,0,0,2,1,0,1,GRAVE_LESIONADOS,1
4,1,12,0,4,1,-8.031802351825794,-78.26118135360045,0,4,7,0,1,2,2,2,9936.932,2.0,2,0,1.0,9,32,3830.0,0.4320883936567258,76.718936301794,43.003289188979466,6.269065613037991,662.0777072841523,13167.552462526766,8931.828000000005,1335.5899999999997,1935.9830000000004,5660.255000000005,1219.309,7712.519000000005,13.651281686122925,9,1,0,0,7,33.65184819736056,31.589299599413458,35.71439679530766,1.0,0.0,0.0,0.0,1,0,0.0,1.0,0.0,0.0,0.0,0.0,1.0,0.0,0.0,0.0,13,1,2022,5,12,5,1,0,0,1,0,1,GRAVE_LESIONADOS,1
3,1,14,1,2,3,-11.838691231518633,-77.18191872280795,0,1,0,0,2,2,2,0,6543.555,2.0,4,4,1.0,14,33,1198.0,0.8056363325338065,79.83208746607316,78.71726216617039,13.179231252313137,1823.9415731504898,59035.5239258675,7626.313,1683.4029999999998,1599.0829999999996,4343.827000000001,1814.875,5811.438000000001,23.797541485643197,27,2,0,0,24,45.41937589636149,32.67750358544594,55.279583930907656,1.0,0.0,0.0,0.2795839309076571,2,0,0.0,0.0,1.0,0.7204160690923429,0.7204160690923429,0.0,1.0,0.0,0.7204160690923429,0.7204160690923429,11,2,2023,7,22,3,0,0,0,1,0,1,GRAVE_LESIONADOS,1
3,2,10,0,4,1,-12.04329276666624,-75.90967012724742,0,4,0,0,2,1,0,2,1177.3573120478113,1.4884638057652082,1,0,0.0,9,25,410.0051226458122,0.49206473254907723,74.27134016542192,57.1341777091121,6.757226514703431,901.2457562137383,24709.256519281946,8079.080335487739,1561.652270410177,1808.5227986141333,4708.905266463428,1847.9734379117679,6231.106897575971,22.920496245699056,7,2,0,0,5,33.17501473747385,25.603825748113124,40.74620372683458,1.0,0.0,0.0,1.0,2,0,0.0,1.0,0.0,0.0,0.5115361942347918,0.4884638057652082,1.0,0.0,0.0,0.0,11,1,2024,7,8,2,0,0,1,1,0,1,GRAVE_LESIONADOS,1
3,2,13,0,4,0,-6.935341175860196,-79.70923851673926,0,4,7,1,2,2,2,0,6543.555,2.943565217156977,2,0,1.0,0,30,1459.3675651524827,0.5283748095169705,80.19070344779249,68.71570391999484,7.7945885668962696,771.3374985796718,10258.700687240886,3459.691,515.0619999999999,689.7280000000001,2254.901,703.3549999999999,2756.336,20.329994788551925,5,2,0,0,3,58.72230434044477,53.36339129755233,64.08121738333722,1.0,0.0,0.0,0.05643478284302306,2,0,0.0,0.9435652171569769,1.0,0.05643478284302306,0.0,0.05643478284302306,1.0,0.0,0.0,0.0,7,1,2022,2,16,3,0,0,0,1,0,1,GRAVE_LESIONADOS,1
9,1,10,0,4,1,-14.773248285734171,-74.9994966356628,0,4,0,0,2,2,2,0,6639.975,2.0,2,0,1.0,9,31,1616.0,0.5972044703010242,80.45103711436003,85.24000173318505,8.801470309320893,912.1373497121559,1380.604872849027,3676.6117469223873,695.3585289707623,734.0815891845461,2247.171628767079,1101.4706486503196,2575.1410982720677,30.083715010306904,22,1,0,0,21,51.932049957111225,51.61794700332041,52.24615291090204,1.0,0.0,0.0,0.04188039383877551,1,0,0.0,0.0,1.0,0.04188039383877551,0.0,0.04188039383877551,1.0,0.0,0.0,0.0,4,0,2023,3,27,3,0,0,0,1,0,1,GRAVE_LESIONADOS,1
7,1,15,0,4,0,-12.229508579752647,-73.96781940132371,0,4,3,1,1,2,2,0,6543.555,2.0,4,4,1.0,14,33,1198.0,0.44987704051069666,77.79910292467683,60.78269379232705,6.798090863398529,653.0128488074145,47508.222369531264,11272.617212266672,1676.0821190840834,2143.76702998458,7452.768063198009,2260.253152644818,9012.364059621854,18.939215071025593,5,1,0,0,4,56.987726709471886,56.987726709471886,56.987726709471886,1.0,0.0,0.0,0.0,1,0,0.0,0.0,0.5030683226320282,0.49693167736797184,0.0,0.0,1.0,0.0,0.0,0.0,17,2,2022,9,20,3,0,1,0,1,0,1,GRAVE_LESIONADOS,1
4,1,1,0,4,1,-9.759952348439214,-77.4501152079969,2,4,2,1,3,1,1,1,9936.932,2.0,2,0,1.0,9,32,3830.0,0.38176523601913676,73.08727642258714,60.416958584891056,6.6335677093236285,430.10309569679816,2703.7856702828085,10767.648,1885.0630000000003,1222.721,7659.864000000001,2100.343,8667.305000000002,19.506051832303577,6,1,0,0,5,37.818856059367405,25.842247888317182,49.79546423041762,1.0,0.5842247888317181,0.0,0.0,1,0,0.0,0.0,0.5842247888317181,1.0,0.5842247888317181,0.0,1.0,0.0,0.5842247888317181,0.5842247888317181,12,1,2022,1,26,1,0,1,0,1,0,1,GRAVE_LESIONADOS,1
3,1,15,2,2,4,-3.8876848389311354,-73.87523900314866,0,0,6,1,2,2,2,1,6543.555,2.0,4,4,1.0,14,33,1198.0,0.581641449846598,73.48552054861423,56.87123527110944,10.470720158331693,1055.3073464008637,150288.9553858345,1723.6647501567477,260.8285554545473,345.984623350997,1116.8515713512043,429.0550696977491,1294.6096804589988,25.002484656688583,6,2,0,0,3,45.53612396938554,32.920196986074274,69.80787944297096,1.0,1.0,0.0,0.07980301392572609,2,0,0.0,0.0,0.07980301392572609,1.0,1.0,0.07980301392572609,0.9201969860742739,0.07980301392572609,1.0,0.9201969860742739,12,3,2021,10,3,1,0,0,0,1,0,1,GRAVE_LESIONADOS,1
2,1,5,2,4,1,-5.677467144893114,-78.7735312400596,0,1,7,0,2,0,1,2,7758.33400008,2.0,2,0,1.0,9,20,2133.0,0.5803239946829384,74.49544278598792,68.33065356443184,8.733179344969395,1046.078117086984,102362.46895074946,15935.565011852366,1733.9250000199986,935.692,13265.948011832368,2000.1670000199988,13935.398011832369,12.551591352627522,5,1,0,0,3,36.83635993111073,35.41009771654287,38.262622145678584,1.0,0.9508414763785724,0.049158523621427586,1.0,1,0,0.0,0.0,0.9508414763785724,1.0,1.0,0.0,0.0,0.0,1.0,0.9508414763785724,13,2,2023,9,8,0,0,0,2,1,0,1,GRAVE_LESIONADOS,1
3,2,7,0,4,0,-13.196658675144104,-71.92586388303562,2,4,2,0,2,2,2,4,4662.490698902115,2.0,2,1,1.0,8,24,835.5482623209434,0.2561919016209707,71.66622030619106,57.94021982393553,4.308084905083573,209.2618547080591,17389.04944676245,17779.13499998999,2097.3709999899997,2863.123,12818.640999999989,2878.713,14900.421999989989,16.19152450331032,8,2,0,0,5,33.990335270302324,29.440997509611297,37.544505395842194,1.0,0.426500415064784,0.0,0.0,2,0,0.0,0.0,0.0,1.0,0.426500415064784,0.573499584935216,0.0,0.0,0.0,0.0,5,0,2021,4,12,2,0,0,2,1,0,1,GRAVE_LESIONADOS,1
4,1,14,0,3,4,-12.142761641244602,-76.9157673580397,0,3,3,0,1,2,2,1,6543.555,2.0,4,4,1.0,14,33,1198.0,0.689811994580126,79.88015655965044,73.89553442371854,9.755251380104111,1409.8432274455126,452660.364025696,7626.313,1683.4029999999998,1599.0829999999996,4343.827000000001,1814.875,5811.438000000001,23.797541485643197,5,1,0,0,4,33.34192114355269,33.34192114355269,33.34192114355269,1.0,0.853629928527957,0.0,0.853629928527957,1,0,0.0,0.853629928527957,0.14637007147204295,0.0,0.14637007147204295,0.0,0.853629928527957,1.0,1.0,0.0,13,2,2021,3,18,2,0,1,0,1,0,1,GRAVE_LESIONADOS,1
8,1,10,0,4,2,-15.298346160768135,-75.10676192422125,3,4,1,0,5,1,1,1,6566.881671545257,2.0,3,3,1.0,12,32,1299.1257903538408,0.5563774842369664,77.00938809632027,69.10246351364754,8.476961866273152,914.8835608305218,27932.19700214133,3721.461,698.1859999999996,744.866,2278.409,1102.9029999999996,2618.558,29.636290693359403,4,1,0,0,3,51.6693974953442,46.95180679701909,56.38698819366931,1.0,0.24192772811923657,0.7580722718807634,1.0,1,0,0.0,0.24192772811923657,0.0,1.0,0.0,0.24192772811923657,1.0,0.0,0.0,0.0,0,0,2021,7,26,5,1,1,0,1,0,1,GRAVE_LESIONADOS,1
3,1,11,0,4,1,-10.955423062593749,-74.83007591954878,6,5,6,2,6,2,2,0,5768.608,2.0,3,1,0.0,9,32,365.0,0.4504704361939795,78.21109613042135,53.36127577481231,6.956854509393587,612.1696439943328,61517.46466809421,12264.545,1826.4639999999995,1105.5389999999998,9332.542,1588.5359999999996,10676.009,12.952261987705208,6,2,0,0,3,28.865953560332436,26.134046439667564,31.597860680997314,1.0,0.12370765147606255,0.0,0.0,2,0,0.0,0.12370765147606255,0.8762923485239374,1.0,0.12370765147606255,0.8762923485239374,1.0,0.0,1.0,0.12370765147606255,2,0,2022,3,13,1,0,0,2,1,0,1,GRAVE_LESIONADOS,1
6,1,4,0,4,0,-13.223503707693139,-73.64432520010786,0,4,0,0,2,2,2,2,6543.555,2.0,4,4,1.0,14,33,1198.0,0.20619726026577437,78.34751326951731,44.17235477353571,4.898380018973929,116.6697037660682,6442.078106976965,12678.733000000004,1805.074000000001,1774.0339999999994,9099.625000000004,2485.375000000001,10193.358000000002,19.602707936195205,4,1,0,0,3,26.20947750201721,26.20947750201721,26.20947750201721,0.9809565907257082,0.0,0.0,0.019043409274291823,1,0,0.0,0.0,0.0,1.0,0.0,0.0,1.0,0.9809565907257082,0.9809565907257082,0.9809565907257082,5,0,2021,8,29,3,0,1,2,1,0,1,GRAVE_LESIONADOS,1
6,1,2,0,4,0,-15.032685023487971,-73.19354804516568,2,4,0,0,2,1,0,0,6614.178275341074,2.0,2,1,1.0,10,31,1504.166034977899,0.5615735354597711,77.71697712964749,70.43334156127389,7.712983838431052,999.1907409542044,8129.06672619863,10441.430287094936,1599.5324092886858,1608.7377737368,7233.160104069451,2676.236917065653,7765.193370029284,25.70164630250423,5,1,0,0,3,53.87281759606389,47.280725933860325,60.46490925826746,1.0,0.0,0.0,0.7324546291337297,1,0,0.0,0.0,0.0,0.7324546291337297,0.0,0.7324546291337297,1.0,0.0,0.2675453708662703,0.0,5,0,2024,7,20,4,0,0,0,1,0,1,GRAVE_LESIONADOS,1
5,1,8,0,4,1,-13.093397061834304,-75.520113105117,0,4,0,1,2,2,2,0,1443.26753965659,1.0,0,3,0.0,9,17,257.6259459162008,0.3445829070650518,69.17403664634612,48.24974937980152,6.021845188311925,408.90430469266585,1176.6552029770762,8511.426,1445.3929999999996,2008.516,5057.516999999999,1879.579,6631.846999999998,22.08300935706896,4,1,0,0,3,22.735754567144816,22.66886778831347,22.802641345976163,1.0,0.0,0.0,0.0,1,0,0.0,0.0,0.0,1.0,0.0,1.0,0.06688677883134697,0.0,0.0,0.0,6,1,2024,4,7,5,0,0,2,1,0,1,GRAVE_LESIONADOS,1
2,2,11,0,4,1,-8.858694239575048,-78.59630139516825,4,4,2,1,2,1,0,1,928.2242646692616,0.9715929849201865,2,0,1.0,5,23,112.2652539227292,0.5063092010549841,76.70269160379571,59.21642745440013,8.117695381561868,763.9260332005431,6883.525965180433,3549.4263681124808,577.8373354098251,708.6294353324903,2262.9595973701653,840.3209886870362,2709.1053794254444,23.52021478618944,7,2,0,0,5,45.671401169179966,41.028407015079814,50.314395323280124,1.0,0.0,0.0,0.6571976616400622,2,0,0.0,0.0,0.0,0.3428023383599378,0.0,1.0,0.0,0.0,0.0,0.0,13,1,2021,3,29,1,0,1,0,1,0,1,GRAVE_LESIONADOS,1
4,1,6,0,4,1,-11.371680926587487,-75.01823804998881,0,4,2,0,1,1,1,2,593.5360781717018,0.3170877319413439,0,0,0.43902924398044796,8,25,88.80545078969286,0.5062540914753787,68.83857154507793,68.26324069790822,7.3841477081916045,885.969176978432,8325.610032815297,16969.753861872887,1937.8075773954522,2016.9244252455212,13015.02185923191,2493.0056138267337,14476.748248046151,14.59348740402668,6,1,0,0,5,27.04883630577515,24.634175463882688,29.463497147667617,0.43902924398044796,0.0,0.0,0.0,1,0,0.0,0.43902924398044796,0.0,1.0,0.0,1.0,0.43902924398044796,0.0,0.0,0.0,13,2,2021,6,23,6,1,1,2,1,0,1,GRAVE_LESIONADOS,1
4,1,19,1,4,1,-5.188448297334806,-80.59764735060199,0,1,7,1,2,2,2,0,6308.451405334726,2.955118983527282,2,0,1.0,0,29,1416.116106387794,0.6220812987247925,80.20155828147696,72.71675503872983,10.02377668600292,1028.915688621886,159840.92719486082,8965.846000060003,1782.4120000599992,636.9959999999999,6546.438000000004,2214.505000059999,6751.341000000004,24.699342371541725,7,2,0,0,5,52.461427802327385,52.461427802327385,52.461427802327385,1.0,0.0,0.0,1.0,2,0,0.955118983527282,0.0,0.955118983527282,0.04488101647271803,0.955118983527282,0.04488101647271803,0.04488101647271803,0.0,1.0,0.955118983527282,4,0,2023,4,20,5,0,1,0,1,0,1,GRAVE_LESIONADOS,1
6,1,3,2,3,3,-15.976210705405563,-71.96828329588965,0,0,7,0,6,2,2,0,6551.257626119433,2.0,3,3,1.0,13,32,1231.3924260311412,0.675218702026357,78.18719230277348,79.39538155074834,11.151504859682452,1221.7638302293037,97765.08446378312,10106.902116051462,1510.267944088521,1737.703666659934,6858.930505303007,2800.9793760141274,7305.922740037334,27.63182479103789,12,1,0,0,11,39.5592033067416,39.5592033067416,39.5592033067416,1.0,0.9201138133226288,0.0,0.0,1,0,0.0,0.0,0.0,0.9201138133226288,0.9201138133226288,0.0,0.07988618667737124,0.9201138133226288,1.0,0.0,16,2,2022,10,22,5,0,1,0,1,0,1,GRAVE_LESIONADOS,1
1,1,13,0,3,2,-9.056853451736625,-78.71631039898844,0,2,1,1,2,1,0,0,6543.555,2.529703777308425,2,1,1.0,6,31,1344.7279463144337,0.6453151133835653,77.52481406924403,70.10209556565411,9.345663426106036,1351.4514932886389,45258.719131237034,5419.2375879836145,1064.5283591156972,1117.3942215856969,3237.315007282221,1226.098657446139,4193.138930537476,21.9607689022006,17,2,0,0,15,46.405924453831496,40.168294235364094,52.6435546722989,1.0,0.5297037773084252,0.0,0.5297037773084252,2,0,0.0,0.5297037773084252,1.0,0.4702962226915748,0.0,0.0,1.0,0.4702962226915748,0.4702962226915748,0.4702962226915748,9,1,2021,2,18,3,0,0,0,1,0,1,GRAVE_LESIONADOS,1