CLASE SINIESTRO,CANTIDAD DE VEHICULOS DAÑADOS,DEPARTAMENTO,ZONA,TIPO DE VÍA,RED VIAL,COORDENADAS LATITUD,COORDENADAS  LONGITUD,CONDICIÓN CLIMÁTICA,ZONIFICACIÓN,CARACTERÍSTICAS DE VÍA,PERFIL LONGITUDINAL VÍA,SUPERFICIE DE CALZADA,¿EXISTE SEÑAL VERTICAL?,¿EXISTE SEÑAL HORIZONTAL?,CAUSA FACTOR PRINCIPAL,MTC_RVN_LONGITUD_KM,MTC_RVN_N_CARRILES_MEDIANA,MTC_RVN_SUPERFICIE_DOMINANTE,MTC_RVN_ESTADO_DOMINANTE,MTC_RVN_ES_CONCESIONADA,MTC_RVN_CONCESION_PRINCIPAL,MTC_RVN_CORREDOR_LOGISTICO,MTC_RVN_N_TRAMOS,IDH_2019,IDH_ESP_VIDA_2019,IDH_EDUC_SECUND_PCT_2019,IDH_ANIOS_EDUC_2019,IDH_INGRESO_PERCAP_2019,IDH_POBLACION_2019,MTC_DEP_RED_TOTAL_KM,MTC_DEP_NACIONAL_TOTAL_KM,MTC_DEP_DEPARTAMENTAL_TOTAL_KM,MTC_DEP_VECINAL_TOTAL_KM,MTC_DEP_PAV_TOTAL_KM,MTC_DEP_NO_PAV_TOTAL_KM,MTC_DEP_PCT_PAVIMENTADA,PER_TOTAL_PERSONAS,PER_N_CONDUCTORES,PER_N_CONDUCTORES_FUGADOS,PER_N_PEATONES,PER_N_PASAJEROS_OCUPANTES,PER_EDAD_COND_PROM,PER_EDAD_COND_MIN,PER_EDAD_COND_MAX,PER_ANY_COND_MASCULINO,PER_ANY_LIC_PROBLEMA,PER_ANY_DOSAJE_POS,PER_ANY_DOSAJE_EVALUADO,VEH_TOTAL,VEH_N_FUGADOS,VEH_ANY_FUGADO,VEH_ANY_CARGA,VEH_ANY_PUBLICO,VEH_ANY_PARTICULAR,VEH_ANY_MOTO,VEH_ANY_AUTO,VEH_ANY_CAMION_BUS,VEH_ANY_SOAT_PROBLEMA,VEH_ANY_CITV_PROBLEMA,VEH_ANY_SEGURO_PROBLEMA,HORA_NUM,FRANJA_HORARIA,ANIO,MES,DIA_MES,DIA_SEMANA,ES_FIN_SEMANA,ES_QUINCENA,REGION_NATURAL,TIENE_SEÑALIZACION,ES_VIA_MULTICARRIL,ES_DEPTO_BAJO_PAVIMENTO,CATEGORIA_SEVERIDAD,CATEGORIA_SEVERIDAD_ENC
6,1,8,1,4,1,-13.581922677864473,-75.246357355268,0,4,0,0,2,1,1,0,1679.5849999999998,2.0,2,3,1.0,9,24,315.0,0.5258594244692153,73.82156528983522,52.91202227434253,8.902806700766412,891.2832603689374,2062.0406852248398,8511.426,1445.3929999999996,2008.516,5057.516999999999,1879.579,6631.846999999998,22.08300935706896,4,1,0,0,3,36.44906185761699,36.44906185761699,36.44906185761699,1.0,0.02899674433594801,0.0,0.0,1,0,0.0,0.0,0.0,1.0,0.0,1.0,0.0,0.0,0.0,0.0,16,3,2022,3,15,4,0,0,2,1,0,1,GRAVE_LESIONADOS,1
6,1,17,1,6,3,-13.61540729729246,-71.27621221126117,1,4,2,1,3,2,2,4,6543.555,2.0,4,4,1.0,14,33,1198.0,0.4176195929437366,71.55642829889635,69.10516545101726,6.686189471660678,526.0087033309703,11839.679594496716,13214.958397802484,1960.5065814752486,1966.834413597523,9287.617402729713,2778.8332957149205,10436.125102087564,20.77496230593784,4,1,0,0,3,46.34731606993143,46.34731606993143,46.34731606993143,1.0,0.0,0.0,0.3101789286712381,1,0,0.0,0.0,0.0,1.0,0.0,0.3101789286712381,0.6898210713287619,0.0,0.6898210713287619,0.0,10,2,2021,1,18,1,0,1,2,1,0,1,GRAVE_LESIONADOS,1
4,1,7,0,4,1,-14.140942272398846,-71.66438899261216,0,4,5,0,2,1,1,1,2494.9275368628396,1.4818372535762583,1,1,0.4818372535762582,7,25,526.6196312717956,0.4650470043887865,65.54439757610916,71.66731086811821,7.159871660977058,740.7767515493533,8545.515455447743,17779.13499998999,2097.3709999899997,2863.123,12818.640999999989,2878.713,14900.421999989989,16.19152450331032,5,1,0,0,4,41.69979021066116,41.69979021066116,41.69979021066116,1.0,0.0,0.0,0.4818372535762582,1,0,0.0,0.0,0.0,1.0,0.0,1.0,0.4818372535762582,0.0,0.4818372535762582,0.0,12,1,2024,3,25,6,1,1,2,1,0,1,GRAVE_LESIONADOS,1
5,1,4,0,4,1,-13.58221193028274,-74.13843118688173,0,4,6,0,1,2,2,2,6673.290438262905,2.0,3,3,1.0,13,29,1198.0,0.3917639829087717,74.69678948937789,56.861112515015286,5.943223581366548,474.4466844626489,6482.223578559004,12678.733000000004,1805.074000000001,1774.0339999999994,9099.625000000004,2485.375000000001,10193.358000000002,19.602707936195205,7,1,0,0,6,46.310863293606026,45.50261873023036,47.1191078569817,1.0,0.8756546825575893,0.0,1.0,1,0,0.0,1.0,0.12434531744241073,0.0,0.0,0.0,1.0,0.8756546825575893,0.0,0.0,13,2,2025,4,16,5,1,0,2,1,0,1,GRAVE_LESIONADOS,1
9,1,5,0,4,2,-8.05523561846959,-77.160252159707,0,3,1,0,1,2,2,0,6543.555,2.0,4,4,1.0,14,33,1198.0,0.4555909426496535,70.18281268562087,64.31233680093534,7.08960473833112,671.9898814165947,29107.20760856525,16330.590088800709,1811.8012320201474,1348.686127690683,13170.102729089878,2188.414640998005,14142.175447802705,13.33152641459272,8,1,0,0,7,26.713979804825712,26.713979804825712,26.713979804825712,1.0,0.0,0.0,0.7857281906897404,1,0,0.0,0.21427180931025958,0.0,0.7857281906897404,0.0,0.0,1.0,0.7857281906897404,0.7857281906897404,0.7857281906897404,11,1,2022,9,5,1,0,0,2,1,0,1,GRAVE_LESIONADOS,1
3,2,4,2,2,3,-15.7201956772987,-72.0949714375911,0,3,0,0,2,1,1,0,6543.555,2.0,4,4,1.0,14,33,1198.0,0.6105101383272603,77.99975715114465,77.06576196512628,9.91454344190449,994.9374088864346,12437.427419485202,10234.795164275869,1513.7561756544576,1677.9774467575203,7043.061541863891,2843.2514585762997,7391.543705699569,27.754138446725623,6,2,0,0,4,27.145301257492847,24.67754659772077,29.613055917264923,1.0,0.0,0.06449068045584627,0.06449068045584627,2,0,0.0,0.0,0.9355093195441537,1.0,0.06449068045584627,0.9355093195441537,0.9355093195441537,0.06449068045584627,0.06449068045584627,0.0,13,2,2021,10,26,5,1,0,0,0,0,1,GRAVE_LESIONADOS,1
7,1,6,1,4,1,-12.743725485775657,-74.79533889238148,0,4,2,0,2,0,0,2,6987.714983932139,2.0,3,2,1.0,11,21,1198.0,0.34047351090780437,70.70552387342839,56.120373911282805,5.843557010749391,439.5490618783316,15003.103163988346,12502.410492624816,1814.1798611856339,1489.4513598274825,9198.7792716117,2103.5848438586977,10398.825648766118,16.77157013210407,6,1,0,0,5,41.30127597568281,41.0884227455371,41.514129205828525,0.42570646029142645,0.5742935397085736,0.0,0.42570646029142645,1,0,0.0,0.0,0.42570646029142645,0.5742935397085736,0.0,0.5742935397085736,0.42570646029142645,0.0,0.0,0.0,14,1,2022,6,9,3,0,0,2,1,0,1,GRAVE_LESIONADOS,1
3,2,16,0,4,2,-5.658242339807092,-80.09637341259875,0,4,2,1,5,2,2,0,6543.555,2.377970520747991,3,2,1.0,8,31,1302.6978342471934,0.49884532209993154,74.38484428111501,63.299732036965125,7.709930654553647,766.4065098407378,77313.67909767805,6884.68172736817,1303.391060567355,656.9271415000829,4924.363525300732,1643.3348476089948,5241.346879759176,23.047857790270097,5,2,0,0,3,33.67710317738203,25.133911562243973,42.22029479252009,1.0,1.0,0.0,0.6220294792520092,2,0,0.0,0.0,0.37797052074799076,0.37797052074799076,1.0,0.37797052074799076,0.0,0.6220294792520092,1.0,0.37797052074799076,11,1,2021,4,9,3,0,0,0,1,0,1,GRAVE_LESIONADOS,1
3,2,13,0,4,1,-9.53271262955974,-77.87959585021045,0,4,0,0,2,2,2,2,1021.0537598494328,2.0,2,0,0.4942577016445556,8,23,402.43389441655575,0.5045235424993381,75.23620926608403,58.031964839455576,6.788933828700625,934.4546372545144,25678.175870586805,8271.573843362494,1511.493746017902,1765.598419684051,4994.481677660542,1520.5119176623584,6751.061925700136,18.782674436843756,7,2,0,0,5,35.511484596710886,22.977030806578224,48.04593838684355,1.0,0.0,0.0,0.5057422983554444,2,0,0.0,1.0,0.0,0.4942577016445556,0.0,1.0,1.0,0.0,0.4942577016445556,0.0,16,3,2022,6,13,2,0,0,0,1,0,1,GRAVE_LESIONADOS,1
3,2,17,1,4,1,-5.907229908792738,-77.5161237228081,0,0,7,1,2,2,2,0,7758.33400008,2.0,2,0,1.0,9,20,2133.0,0.48453934021525175,73.09782056225994,56.54809264466612,6.400850336705273,853.9545141465212,48101.47158448593,5326.636922819286,877.2695051831258,895.7455991382344,3553.6218184979257,1000.6369854155776,4325.999937403708,19.08940766161205,4,2,0,0,2,24.688836135483,19.280285068981698,30.09738720198431,1.0,0.8171021330026149,0.0,0.0,2,0,0.0,0.0,0.8171021330026149,1.0,1.0,0.0,0.18289786699738508,0.8171021330026149,1.0,0.8171021330026149,4,0,2024,8,13,6,1,0,1,1,0,1,GRAVE_LESIONADOS,1
3,1,18,0,4,1,-14.819771256086883,-70.96917977514639,5,4,7,1,2,0,1,2,7586.903,2.0,2,0,1.0,9,5,1198.0,0.315550399188279,76.40466668686642,62.916757735205266,5.8607124264778605,271.0909601469892,1374.2939214840376,13450.815401715898,1993.770929112467,2180.575672091117,9276.468800512313,3074.220497308119,10376.594904407779,22.716263495332786,5,2,0,0,3,43.374539695886064,38.0,48.74907939177212,1.0,0.0,0.8610088213080136,1.0,2,0,0.0,0.0,0.0,1.0,0.0,0.1389911786919864,0.8610088213080136,0.8610088213080136,0.8610088213080136,0.0,22,2,2021,4,13,5,0,0,2,1,0,1,GRAVE_LESIONADOS,1
3,1,19,0,4,1,-5.180860269802341,-80.57332455071095,0,2,7,1,2,2,2,0,3318.6835510250266,2.3843756033168733,2,0,1.0,0,23,667.3007915517379,0.6220812987247925,80.20155828147696,72.71675503872983,10.02377668600292,1028.915688621886,159840.92719486082,8965.846000060003,1782.4120000599992,636.9959999999999,6546.438000000004,2214.505000059999,6751.341000000004,24.699342371541725,10,2,0,0,8,45.61250723980248,45.61250723980248,45.61250723980248,1.0,0.0,0.0,1.0,2,0,0.38437560331687337,0.0,0.38437560331687337,0.6156243966831266,0.38437560331687337,0.6156243966831266,0.6156243966831266,0.0,1.0,0.38437560331687337,8,0,2023,7,17,4,0,1,0,1,0,1,GRAVE_LESIONADOS,1
6,1,7,0,4,1,-13.05501591015456,-72.42995822654063,0,4,0,0,1,1,0,1,3487.2919230801963,1.0127564797074307,2,3,0.012756479707430546,9,12,1110.1353266939614,0.4706944943299555,76.79406176595778,61.64424635983724,7.141255198110581,653.4175319142125,3282.6252676659524,17779.13499998999,2097.3709999899997,2863.123,12818.640999999989,2878.713,14900.421999989989,16.19152450331032,4,1,0,0,3,28.43372031005264,28.43372031005264,28.43372031005264,1.0,0.012756479707430546,0.0,0.0,1,0,0.0,0.012756479707430546,0.0,0.9872435202925695,0.0,0.9872435202925695,0.012756479707430546,0.012756479707430546,1.0,0.0,6,1,2023,6,10,0,0,0,2,1,0,1,GRAVE_LESIONADOS,1
3,1,13,0,4,1,-13.364209316618908,-73.38527515659153,0,4,7,1,2,0,1,2,7586.903,2.0,2,0,1.0,9,5,1198.0,0.45458052266407,72.33555462066452,73.4032537388076,8.410036888645442,623.5416518559389,15163.790299420285,12684.447827659753,1885.6854494433785,1486.0685468858037,9312.69383133057,2114.42210533279,10570.025722326962,16.40841484829796,6,1,0,0,4,48.38560035259443,48.03798552472056,48.7332151804683,1.0,0.0,0.0,0.6952296557477357,1,0,0.0,0.0,1.0,0.0,0.0,0.0,1.0,0.0,0.0,0.0,15,1,2023,8,6,3,0,0,2,1,0,1,GRAVE_LESIONADOS,1
6,1,4,0,4,1,-13.59863492565055,-74.01263564368735,0,4,0,0,2,2,2,2,1503.285450118928,0.16400156615929684,1,1,0.0,9,32,268.2160689110091,0.2278113487702981,74.51927813143485,48.30816795974535,4.125327749247655,161.7431298715854,2373.498217094807,12678.733000000004,1805.074000000001,1774.0339999999994,9099.625000000004,2485.375000000001,10193.358000000002,19.602707936195205,9,1,0,0,8,32.0,32.0,32.0,1.0,0.0,0.4179992169203516,1.0,1,0,0.0,0.0,0.0,0.4179992169203516,0.5820007830796484,0.0,0.4179992169203516,0.5820007830796484,1.0,0.5820007830796484,19,2,2023,8,14,2,0,0,2,1,0,1,GRAVE_LESIONADOS,1
3,2,3,0,4,1,-16.386887313562422,-71.4847145351569,0,4,1,0,2,0,1,0,1687.9834799746031,2.0,2,0,1.0,7,28,307.03526254958916,0.5499547768178094,80.03083668615395,67.3455054485721,7.495615013980476,943.4701755935866,1178.9104357116871,10322.272,1495.236,1749.739,7077.2970000000005,2886.595,7435.677000000001,27.964725207783708,7,2,0,0,5,31.176123640971515,23.172212583868067,39.18003469807496,1.0,0.0,0.0,0.0,2,0,0.0,0.0,0.0,1.0,0.0,1.0,0.565557483226387,0.0,0.0,0.0,5,0,2022,3,11,1,0,0,0,1,0,1,GRAVE_LESIONADOS,1
4,1,14,2,2,2,-11.953748185579895,-76.97996458732952,0,0,7,1,2,2,2,2,4554.584207973805,2.0,3,2,1.0,10,26,832.3419873036776,0.7095972779159385,79.92647712704299,77.37943740783265,10.353110278889272,1446.785626420181,584365.3041629486,7626.313,1683.4029999999998,1599.0829999999996,4343.827000000001,1814.875,5811.438000000001,23.797541485643197,8,1,0,0,6,25.29816120403777,24.24540301009442,26.350919397981116,1.0,0.3509193979811156,0.0,0.0,1,0,0.0,0.3509193979811156,0.3509193979811156,0.6490806020188844,0.0,0.0,1.0,0.0,0.0,0.0,19,2,2023,8,25,0,0,1,0,1,0,1,GRAVE_LESIONADOS,1
7,1,7,0,4,1,-13.707696499690664,-71.6285888000318,3,4,0,0,1,1,1,2,6908.973671084927,2.0,3,2,1.0,12,23,1198.0,0.2581051143312746,62.86583212182526,55.404576469478606,4.083744396252801,265.9243624682159,3238.663901273893,17779.13499998999,2097.3709999899997,2863.123,12818.640999999989,2878.713,14900.421999989989,16.19152450331032,13,1,0,0,12,33.15212952894369,33.15212952894369,33.15212952894369,1.0,0.35023661432707676,0.0,1.0,1,0,0.0,0.0,0.35023661432707676,0.6497633856729232,0.0,0.6497633856729232,0.35023661432707676,0.0,0.0,0.0,14,1,2021,2,10,0,0,0,2,1,0,1,GRAVE_LESIONADOS,1
4,1,19,1,4,1,-5.1879428154552745,-80.5960270698964,0,1,7,1,2,2,2,0,6109.285882029298,2.9170985051717944,2,0,1.0,0,29,1366.233238785394,0.6220812987247925,80.20155828147696,72.71675503872983,10.02377668600292,1028.915688621886,159840.92719486082,8965.846000060003,1782.4120000599992,636.9959999999999,6546.438000000004,2214.505000059999,6751.341000000004,24.699342371541725,7,2,0,0,5,52.00518206206153,52.00518206206153,52.00518206206153,1.0,0.0,0.0,1.0,2,0,0.9170985051717943,0.0,0.9170985051717943,0.08290149482820575,0.9170985051717943,0.08290149482820575,0.08290149482820575,0.0,1.0,0.9170985051717943,4,0,2023,4,20,5,0,1,0,1,0,1,GRAVE_LESIONADOS,1
3,2,7,0,4,1,-14.077885399675663,-71.61933093203677,0,4,0,0,1,2,2,2,6543.555,2.0,4,4,1.0,14,33,1198.0,0.2945271845726313,66.70657838263739,50.73328823572268,4.280567399155051,339.37885167437025,12600.104173520505,17779.13499998999,2097.3709999899997,2863.123,12818.640999999989,2878.713,14900.421999989989,16.19152450331032,4,2,0,0,2,33.43301256662511,22.732050266500437,44.13397486674978,1.0,1.0,0.0,0.0,2,0,0.0,0.0,0.0,1.0,1.0,0.0,0.0,1.0,0.8660251332502188,1.0,8,1,2023,8,2,0,0,0,2,1,0,1,GRAVE_LESIONADOS,1
3,2,5,0,4,0,-8.35773294154954,-76.53734004479809,0,4,7,1,2,2,2,0,7359.293441790773,2.0,2,1,1.0,10,24,1825.86353980777,0.5982500878445015,75.52332462397924,71.74847384431139,9.240162408470901,1058.5828214863407,99830.53260613226,16541.155985406614,1853.3127197010804,1568.8303257805028,13119.01293992503,2288.7589877739033,14252.396997632712,13.747266414913152,11,2,0,0,9,33.5,27.970929156313776,39.02907084368623,1.0,0.6715118072810374,0.0,0.32848819271896257,2,0,0.0,0.6715118072810374,0.32848819271896257,1.0,0.0,0.6715118072810374,1.0,0.0,1.0,0.0,16,3,2022,7,23,4,0,0,2,1,0,1,GRAVE_LESIONADOS,1
5,1,8,0,4,1,-12.945507164452685,-74.77159789765803,0,4,6,1,1,2,2,0,6548.103559028538,2.0,3,3,1.0,13,32,1198.0,0.4052888404256939,69.46800357228805,60.3366581313769,6.08504819835149,554.0719932656233,2401.6441951654238,8511.426,1445.3929999999996,2008.516,5057.516999999999,1879.579,6631.846999999998,22.08300935706896,7,1,0,0,6,37.99128084008684,37.99128084008684,37.99128084008684,1.0,0.0,0.0,0.0,1,0,0.0,0.0,0.0,0.004359579956580428,0.0,0.0,1.0,0.0,0.0,0.0,12,2,2024,7,22,4,0,1,2,1,0,1,GRAVE_LESIONADOS,1
3,2,5,0,4,0,-6.374633160240404,-78.27078921129676,0,4,6,0,2,1,1,0,7666.801745246972,2.0,2,0,1.0,9,20,2062.5487835538443,0.5844358968275708,74.73121917607875,69.1146360201818,8.849471541340106,1048.946456572576,101781.69128817279,16074.47597256672,1761.310254362647,1080.921795257787,13232.243922946287,2066.364469969192,14008.111502597529,12.825856291930508,6,1,0,0,4,33.46232555270259,26.527442262163735,40.397208843241444,1.0,0.9246511054051808,0.0,0.0753488945948192,1,0,0.0,0.9246511054051808,0.0,1.0,0.0,0.9246511054051808,1.0,0.0,0.9246511054051808,0.0,17,2,2022,7,30,5,0,1,2,1,0,1,GRAVE_LESIONADOS,1
5,1,1,0,4,1,-9.435425487919568,-77.04239300044516,1,4,0,1,2,1,1,0,1680.853853337067,1.1125041332380916,0,2,0.1125041332380915,8,27,246.32497520057146,0.35467925343985474,74.69103461652908,57.35618015942087,5.7694527023147275,370.3725008780026,2732.106195040811,10717.541359154951,1841.2058512521949,1282.0127032908724,7594.322804611886,2188.799599766716,8528.741759388238,20.45768754875609,6,1,0,0,5,48.21247106733336,47.42494213466672,49.0,1.0,0.1125041332380915,0.0,0.1125041332380915,1,0,0.0,0.0,0.0,1.0,0.0,1.0,0.0,0.0,1.0,0.0,17,1,2022,4,26,0,0,1,0,1,0,1,GRAVE_LESIONADOS,1
3,1,14,0,2,4,-12.144280736795992,-76.91414903713822,0,3,2,0,1,2,2,1,6543.555,2.0,4,4,1.0,14,33,1198.0,0.689811994580126,79.88015655965044,73.89553442371854,9.755251380104111,1409.8432274455126,452660.364025696,7626.313,1683.4029999999998,1599.0829999999996,4343.827000000001,1814.875,5811.438000000001,23.797541485643197,4,1,0,0,3,33.27722152354179,31.853958071328172,34.70048497575541,1.0,1.0,0.0,0.9051157698524254,1,0,0.0,0.9051157698524254,0.0,0.09488423014757463,0.0,0.09488423014757463,0.9051157698524254,0.9051157698524254,0.9051157698524254,0.09488423014757463,14,3,2021,2,17,3,0,0,0,1,0,1,GRAVE_LESIONADOS,1
3,1,14,2,2,4,-11.96148222779321,-77.07767581792244,0,2,2,1,2,2,2,0,6543.555,2.0,4,4,1.0,14,33,1198.0,0.758462599563312,80.5192231989937,79.20045639149897,11.33839041452458,1628.5661148492152,363987.54389721627,7626.313,1683.4029999999998,1599.0829999999996,4343.827000000001,1814.875,5811.438000000001,23.797541485643197,14,2,0,3,8,35.33593893558205,33.33496183473878,37.336916036425315,1.0,0.6669923669477558,0.0,0.0,2,0,0.0,0.0,0.33300763305224423,1.0,0.33300763305224423,0.33300763305224423,0.6669923669477558,0.6669923669477558,1.0,0.6669923669477558,14,3,2024,4,8,0,0,0,0,1,0,1,GRAVE_LESIONADOS,1
4,1,14,0,4,1,-11.242983624751998,-77.47757158078731,1,4,2,0,2,2,2,2,6543.555,2.3735662860390807,3,2,1.0,8,31,1301.4778612328253,0.7327345537337897,78.20903814342847,76.31492653513806,13.642917835589472,1405.6698219039215,62016.21841541756,7626.313,1683.4029999999998,1599.0829999999996,4343.827000000001,1814.875,5811.438000000001,23.797541485643197,8,1,0,0,6,42.57755399658966,36.62643371396092,48.528674279218386,0.6264337139609194,0.0,0.0,1.0,1,0,0.0,0.0,0.6264337139609194,0.3735662860390806,0.0,0.3735662860390806,0.6264337139609194,0.0,0.0,0.0,7,1,2023,9,15,2,0,0,0,1,0,1,GRAVE_LESIONADOS,1
3,2,19,0,4,2,-5.067252177854133,-80.31948505064489,0,3,1,1,5,2,2,0,5238.553279582598,2.0,3,3,0.7856999276771214,12,32,969.7704229761342,0.4735311241430052,75.04255639858914,61.414193624456864,6.832462866985467,708.3182934682245,75979.78109542337,8965.846000060003,1782.4120000599992,636.9959999999999,6546.438000000004,2214.505000059999,6751.341000000004,24.699342371541725,5,2,0,0,3,34.499966497913285,24.214300072322878,44.07129934909409,1.0,1.0,0.21430007232287862,1.0,2,0,0.0,0.0,0.21430007232287862,0.21430007232287862,1.0,0.21430007232287862,0.0,0.7856999276771214,1.0,0.21430007232287862,13,2,2021,3,12,3,0,0,0,1,0,1,GRAVE_LESIONADOS,1
2,2,11,0,4,1,-9.365591951149844,-78.33178525104883,4,4,2,1,2,1,0,1,848.9673320052941,0.7553649827813742,2,0,1.0,5,24,101.59800581721446,0.5158765532796906,77.04486897327001,59.89510718796048,8.275264569918454,787.5046051477036,6711.426224386036,3568.2937028191063,591.036180964381,712.6035618598003,2264.653959994925,869.1188106198889,2699.174892199217,24.190975376459154,7,2,0,0,4,45.707439169536435,41.24463501721863,50.17024332185425,1.0,0.0,0.0,0.5851216609271247,2,0,0.0,0.0,0.0,0.4148783390728753,0.0,1.0,0.0,0.0,0.0,0.0,13,1,2021,3,29,1,0,1,0,1,0,1,GRAVE_LESIONADOS,1
4,1,7,0,4,2,-13.838885670222124,-71.6451819810067,0,4,7,1,2,1,1,2,7005.668538363887,2.0,3,2,1.0,11,20,1198.0,0.2698037322001433,69.58716638269755,54.37530169184099,5.180069741966247,220.858925852087,5329.902098698662,17779.13499998999,2097.3709999899997,2863.123,12818.640999999989,2878.713,14900.421999989989,16.19152450331032,5,1,0,0,4,41.47046033328662,35.71257705874109,47.228343607832144,1.0,0.0,0.0,0.4429140980419636,1,0,0.0,0.4429140980419636,0.0,1.0,0.0,0.4429140980419636,1.0,0.5570859019580364,0.5570859019580364,0.5570859019580364,16,2,2023,3,8,2,0,0,2,1,0,1,GRAVE_LESIONADOS,1
3,2,10,1,4,1,-13.664558506407072,-76.16121634750786,0,4,7,1,2,2,2,1,6639.975,2.0,2,0,1.0,9,31,1616.0,0.5724178639297108,76.33667048547454,72.38696182104864,9.10877782374414,920.5120047385676,24354.38346368529,3721.461,698.1859999999996,744.866,2278.409,1102.9029999999996,2618.558,29.636290693359403,7,2,0,0,5,28.8202141369861,23.92274090410936,33.71768736986284,1.0,0.0,0.0,0.9658244109589126,2,0,0.0,0.03417558904108742,0.9658244109589126,0.9658244109589126,0.0,0.9658244109589126,1.0,0.0,0.0,0.0,1,0,2021,8,6,0,0,0,0,1,0,1,GRAVE_LESIONADOS,1
4,1,5,0,4,1,-5.696318308403775,-78.75077427835666,0,3,0,0,1,2,2,1,7370.027387519996,2.0,2,1,1.0,10,24,1834.125321791294,0.44668074916754785,73.30779776322078,59.312465174155356,6.767774919764548,638.0085396556861,34522.618936336476,15935.565011852366,1733.9250000199986,935.692,13265.948011832368,2000.1670000199988,13935.398011832369,12.551591352627522,5,1,0,0,3,34.24626287940459,26.082087626468198,42.410438132340985,1.0,0.6803479377446994,0.0,1.0,1,0,0.0,0.0,0.0,1.0,0.6803479377446994,0.0,0.31965206225530063,0.31965206225530063,0.31965206225530063,1.0,15,1,2024,6,2,0,0,0,2,1,0,1,GRAVE_LESIONADOS,1
5,1,19,0,4,0,-6.177338852708962,-77.51309839893281,0,4,1,0,2,2,2,0,6543.555,2.1895670864268295,3,3,1.0,11,32,1250.5100829402318,0.5341145840600992,72.8893736085001,61.720677182455134,8.09565562667457,937.7372037869536,85142.72127028844,5230.847558803918,758.2032201327411,913.0589979933586,3559.585340677818,954.6305352862751,4276.217023517642,18.402662996799574,11,1,0,0,10,41.63041141966463,40.777359530743894,42.483463308585364,1.0,0.1895670864268295,0.0,0.0,1,0,0.0,0.0,0.1895670864268295,1.0,0.1895670864268295,0.1895670864268295,0.8104329135731705,0.0,1.0,0.1895670864268295,16,1,2021,8,22,5,0,0,0,1,0,1,GRAVE_LESIONADOS,1
6,1,7,0,4,1,-13.702074091433545,-71.96089823077759,1,4,0,0,2,1,1,2,2554.371041266383,1.0,2,3,0.0,9,9,793.7367594196585,0.4329729494949566,74.17257747222288,62.263110810053405,6.472033466919365,580.7900521373718,2609.8988596971585,17779.13499998999,2097.3709999899997,2863.123,12818.640999999989,2878.713,14900.421999989989,16.19152450331032,6,1,0,0,5,32.827910744033076,32.827910744033076,32.827910744033076,1.0,0.6897015348618686,0.0,0.0,1,0,0.0,0.0,0.0,0.3102984651381314,0.0,1.0,0.0,0.0,0.0,0.0,9,2,2023,6,25,1,0,0,2,1,0,1,GRAVE_LESIONADOS,1
6,1,14,0,4,1,-11.333781344683596,-77.46859887377721,0,4,7,1,2,2,2,2,6543.555,3.0,2,0,1.0,0,30,1475.0,0.7327345537337897,78.20903814342847,76.31492653513806,13.642917835589472,1405.6698219039215,62016.21841541756,7626.313,1683.4029999999998,1599.0829999999996,4343.827000000001,1814.875,5811.438000000001,23.797541485643197,6,1,0,0,5,42.523837682218925,42.523837682218925,42.523837682218925,0.7248708535798805,0.0,0.0,1.0,1,0,0.0,0.0,0.0,1.0,0.0,1.0,0.0,0.0,0.0,0.0,6,0,2023,10,17,1,0,1,0,1,1,1,GRAVE_LESIONADOS,1
5,1,12,2,4,1,-11.760021835281995,-76.58465184016984,0,2,7,1,2,2,2,0,7635.270520324359,2.0,2,0,1.0,9,31,2284.369130079079,0.5512475222193461,75.49393133693617,65.45934384571338,8.429033180254061,934.0623801720114,19010.82955272587,7802.233551191872,1577.7665646599266,1355.431358129356,4869.035628402588,1586.9484475538457,6215.285103638026,20.511033442175936,6,2,0,0,3,48.50941537958238,37.1320122905801,68.26422155758695,1.0,0.0,0.0,0.30188307591647645,2,0,0.0,1.0,0.0,0.30188307591647645,0.0,0.30188307591647645,1.0,0.0,0.0,0.6981169240835235,6,1,2022,7,6,1,0,0,0,1,0,1,GRAVE_LESIONADOS,1