CLASE SINIESTRO,CANTIDAD DE VEHICULOS DAÑADOS,DEPARTAMENTO,ZONA,TIPO DE VÍA,RED VIAL,COORDENADAS LATITUD,COORDENADAS  LONGITUD,CONDICIÓN CLIMÁTICA,ZONIFICACIÓN,CARACTERÍSTICAS DE VÍA,PERFIL LONGITUDINAL VÍA,SUPERFICIE DE CALZADA,¿EXISTE SEÑAL VERTICAL?,¿EXISTE SEÑAL HORIZONTAL?,CAUSA FACTOR PRINCIPAL,MTC_RVN_LONGITUD_KM,MTC_RVN_N_CARRILES_MEDIANA,MTC_RVN_SUPERFICIE_DOMINANTE,MTC_RVN_ESTADO_DOMINANTE,MTC_RVN_ES_CONCESIONADA,MTC_RVN_CONCESION_PRINCIPAL,MTC_RVN_CORREDOR_LOGISTICO,MTC_RVN_N_TRAMOS,IDH_2019,IDH_ESP_VIDA_2019,IDH_EDUC_SECUND_PCT_2019,IDH_ANIOS_EDUC_2019,IDH_INGRESO_PERCAP_2019,IDH_POBLACION_2019,MTC_DEP_RED_TOTAL_KM,MTC_DEP_NACIONAL_TOTAL_KM,MTC_DEP_DEPARTAMENTAL_TOTAL_KM,MTC_DEP_VECINAL_TOTAL_KM,MTC_DEP_PAV_TOTAL_KM,MTC_DEP_NO_PAV_TOTAL_KM,MTC_DEP_PCT_PAVIMENTADA,PER_TOTAL_PERSONAS,PER_N_CONDUCTORES,PER_N_CONDUCTORES_FUGADOS,PER_N_PEATONES,PER_N_PASAJEROS_OCUPANTES,PER_EDAD_COND_PROM,PER_EDAD_COND_MIN,PER_EDAD_COND_MAX,PER_ANY_COND_MASCULINO,PER_ANY_LIC_PROBLEMA,PER_ANY_DOSAJE_POS,PER_ANY_DOSAJE_EVALUADO,VEH_TOTAL,VEH_N_FUGADOS,VEH_ANY_FUGADO,VEH_ANY_CARGA,VEH_ANY_PUBLICO,VEH_ANY_PARTICULAR,VEH_ANY_MOTO,VEH_ANY_AUTO,VEH_ANY_CAMION_BUS,VEH_ANY_SOAT_PROBLEMA,VEH_ANY_CITV_PROBLEMA,VEH_ANY_SEGURO_PROBLEMA,HORA_NUM,FRANJA_HORARIA,ANIO,MES,DIA_MES,DIA_SEMANA,ES_FIN_SEMANA,ES_QUINCENA,REGION_NATURAL,TIENE_SEÑALIZACION,ES_VIA_MULTICARRIL,ES_DEPTO_BAJO_PAVIMENTO,CATEGORIA_SEVERIDAD,CATEGORIA_SEVERIDAD_ENC
6,1,9,0,4,1,-11.773122490024202,-75.50181680206524,1,4,7,0,2,1,1,2,7422.575118166206,2.0,2,0,1.0,9,9,1198.0,0.5816385164902587,76.5474646009354,66.60693466854553,9.277468214421175,1020.750239241114,9304.984476803527,12329.779837006421,1823.0950632766583,1210.827328885934,9295.857444843828,1729.7886340357556,10599.991202970665,13.999710869540891,6,1,0,0,5,30.88251699034992,30.88251699034992,30.88251699034992,1.0,0.15750054807580383,0.0,0.15750054807580383,1,0,0.0,0.0,0.0,0.8424994519241962,0.0,0.8424994519241962,0.15750054807580383,0.15750054807580383,0.15750054807580383,0.0,5,0,2023,10,4,4,0,0,2,1,0,1,GRAVE_LESIONADOS,1
4,1,12,0,4,2,-7.5565624180313,-78.84632161518856,1,4,2,0,4,2,2,4,6543.555,2.0,4,4,1.0,14,33,1198.0,0.3194058622081781,77.01773913558392,41.92170233494792,4.543394482015632,437.61163477486883,24424.556578871325,8931.828000000005,1335.5899999999997,1935.9830000000004,5660.255000000005,1219.309,7712.519000000005,13.651281686122925,4,1,0,0,3,39.75465387141276,35.69797121067872,43.81133653214681,1.0,0.0,0.0,0.0,1,0,0.0,0.0,0.4056682660734042,0.0,0.4056682660734042,0.0,0.5943317339265958,0.0,0.5943317339265958,0.0,12,1,2021,3,8,4,0,0,0,1,0,1,GRAVE_LESIONADOS,1
4,1,10,0,4,1,-14.880214260003735,-74.98349820242453,0,4,4,1,2,1,1,0,6639.975,2.0,2,0,1.0,9,31,1616.0,0.5563774842369664,77.00938809632027,69.10246351364754,8.476961866273152,914.8835608305218,27932.19700214133,3721.461,698.1859999999996,744.866,2278.409,1102.9029999999996,2618.558,29.636290693359403,4,1,0,0,3,33.72139965551813,26.406389455553587,41.03640985548267,1.0,0.40638945555358563,0.0,0.40638945555358563,1,0,0.0,0.0,0.0,1.0,0.0,0.40638945555358563,0.5936105444464144,0.40638945555358563,0.40638945555358563,0.0,4,0,2022,2,23,2,0,1,0,1,0,1,GRAVE_LESIONADOS,1
3,2,20,2,4,1,-15.823700388214778,-70.02834310265271,0,0,1,0,2,0,0,2,7415.600946121726,2.0,2,0,1.0,9,9,1198.0,0.6488901960567479,69.67312345830231,82.12448375199249,11.701623814093702,1230.336353415943,144745.3597430407,13642.312999999998,2020.7790000000005,2354.117,9267.416999999998,3314.0520000000006,10328.260999999997,24.29244952817019,6,2,0,0,4,37.261167661746384,28.492554892169075,46.029780431323694,1.0,0.0,0.0,0.0,2,0,0.0,0.0,1.0,1.0,0.8358150359436413,1.0,0.16418496405635874,0.0,0.8358150359436413,0.0,9,1,2021,9,6,0,0,0,2,1,0,1,GRAVE_LESIONADOS,1
3,2,20,0,4,0,-6.895683582085703,-76.76689319412093,2,4,2,1,2,2,2,2,7608.353043437073,2.0,2,0,1.0,9,21,2017.5615585617618,0.5248398878258034,75.49042085827685,52.17949283252696,7.7696041380691385,959.6493436338903,9120.95874995516,5375.313150108032,778.0351993907468,931.2751429870211,3666.0028077302636,975.1259955012115,4400.18715460682,18.24545886622698,7,2,0,0,5,32.067877491942426,26.876536426269265,37.25921855761558,1.0,0.876536426269264,0.0,0.12346357373073602,2,0,0.0,0.0,1.0,1.0,0.0,1.0,0.12346357373073602,0.0,0.0,0.0,9,1,2021,1,22,5,0,0,0,1,0,1,GRAVE_LESIONADOS,1
6,1,11,0,4,1,-7.544192813933537,-77.63530400991674,0,4,7,1,6,2,2,0,1471.5697572043919,1.0,2,1,0.0,9,32,249.64872642004946,0.21558293920744653,82.11499960559593,21.632438866032416,3.7740117197501513,185.88124822736077,3548.289214734831,8923.441796931205,1337.7803565053528,1937.429892420087,5648.231548005765,1232.4801036109163,7690.961693320289,13.819478270509707,5,1,0,0,4,37.15958445618812,37.15958445618812,37.15958445618812,1.0,0.0,0.0,0.0,1,0,0.0,0.01994805702351521,0.0,0.9800519429764848,0.01994805702351521,0.0,0.9800519429764848,0.0,1.0,0.0,13,3,2023,4,6,4,0,0,0,1,0,1,GRAVE_LESIONADOS,1
2,1,14,0,4,1,-15.315888027525856,-74.02188305786406,0,4,7,1,2,2,2,2,883.2942414490423,0.18115750895911265,2,0,1.0,11,31,163.82584612884818,0.5774332324341712,77.62857708980863,67.41092258602534,9.23911205343786,946.8892246295843,4385.994291998748,3299.831472129428,671.6048376992142,643.4813452184947,1984.7452892117192,1089.437410678696,2210.394061450732,33.84254365337928,5,1,0,0,3,37.338178267633175,35.519335776592285,39.157020758674065,1.0,0.39371916965303755,0.0,0.39371916965303755,1,0,0.0,0.0,0.0,1.0,0.0,1.0,0.0,0.0,0.0,0.0,15,1,2022,1,19,2,0,0,0,1,0,1,GRAVE_LESIONADOS,1
6,1,3,0,4,0,-16.47542454376103,-72.6580019913998,0,3,7,1,1,0,1,0,6618.046996916478,2.0,2,0,1.0,10,31,1520.9377173935648,0.6260207745727673,81.54060947177892,68.72205660944213,9.074110034685477,1120.0641816707189,4491.509133009118,10322.272,1495.236,1749.739,7077.2970000000005,2886.595,7435.677000000001,27.964725207783708,4,1,0,0,2,37.68226518617059,34.591952101064706,40.0,0.7725782712764707,0.0,0.0,0.7725782712764707,1,0,0.0,0.0,0.0,0.7725782712764707,0.0,0.7725782712764707,0.22742172872352928,0.0,0.0,0.0,8,1,2021,4,12,2,0,0,0,1,0,1,GRAVE_LESIONADOS,1
6,1,1,0,4,1,-9.931987420549207,-76.66274739021138,1,4,1,1,2,2,2,0,1600.1777373079053,1.0,0,2,0.0,9,28,239.2903954995531,0.3708865384709578,74.74585266863342,58.541437996544786,6.112454428418007,403.3829811192762,2900.5088347140745,10691.344159689088,1818.2760668089848,1313.0121187692557,7560.055974110849,2235.047265726341,8456.296893962748,20.95523019504606,6,1,0,0,5,47.28675455545625,47.28675455545625,47.28675455545625,1.0,0.0,0.0,0.0,1,0,0.0,0.17132454445437495,0.0,0.828675455545625,0.0,0.828675455545625,0.17132454445437495,0.0,0.828675455545625,0.0,16,1,2022,4,26,0,0,1,0,1,0,1,GRAVE_LESIONADOS,1
2,2,4,0,4,1,-10.634921761159276,-75.7400361717731,1,2,2,0,2,1,1,2,7643.886370665305,2.0,2,0,1.0,9,9,1508.7923977996752,0.5604970707251173,71.43371774937658,72.84068559168348,9.681823528420734,923.3242208257883,103803.37359997664,13761.298379886994,1781.4241943263817,1495.370555768796,10484.503629791816,2324.0926922509425,11437.205687636051,17.258928866492475,5,2,0,1,1,28.22814418602715,21.997194859250296,39.35483941241441,1.0,0.6676017135832351,0.33239828641676494,1.0,2,0,0.0,0.6676017135832351,0.0,1.0,1.0,0.6676017135832351,0.6676017135832351,0.0,1.0,0.0,13,1,2021,3,21,2,0,0,2,1,0,1,GRAVE_LESIONADOS,1
4,1,10,0,4,1,-8.182760672243093,-78.18006221982982,0,4,4,0,1,2,2,1,6543.555,2.609445297327279,2,1,1.0,5,31,1366.8163473596562,0.38926936788446687,78.19640577135559,50.922118735663744,4.710217202390089,651.5768138780113,24725.025856837805,8649.546386994538,1334.7651484679548,1489.1860768141912,5825.595161712391,1157.0350526588345,7492.511334335703,13.362102439326883,7,1,0,0,5,43.56221881069089,35.02998464810898,52.09445297327279,1.0,0.6094452973272788,0.0,0.0,1,0,0.0,0.3905547026727212,0.6094452973272788,0.6094452973272788,0.6094452973272788,0.0,1.0,0.0,0.3905547026727212,0.6094452973272788,9,1,2023,3,12,1,0,0,0,1,0,1,GRAVE_LESIONADOS,1
5,1,5,0,4,0,-7.666451108262518,-78.18933444525095,2,4,4,0,2,1,1,0,6543.555,2.0,4,4,1.0,14,33,1198.0,0.2948350537014906,77.15212155268404,35.50451291723821,3.7775920646885006,361.8643687343071,26075.62526766595,15935.565011852366,1733.9250000199986,935.692,13265.948011832368,2000.1670000199988,13935.398011832369,12.551591352627522,6,2,0,0,4,44.5991505856447,37.1983011712894,52.0,1.0,0.0,0.0,0.0,2,0,0.6435521229874175,0.0,0.3564478770125825,0.6435521229874175,0.6435521229874175,0.3564478770125825,0.0,0.6435521229874175,0.6435521229874175,0.6435521229874175,12,2,2022,9,19,4,0,1,2,1,0,1,GRAVE_LESIONADOS,1
3,2,18,0,4,1,-14.317397349801581,-70.56861044187836,0,4,0,1,2,0,1,2,1910.1828103601988,1.9119939724885477,2,0,0.9119939724885477,6,21,471.5162132305051,0.321467270775207,68.97514674850366,62.785170655010944,5.962591601528164,299.765052093603,8743.100223625186,13557.512152010513,2001.7956598356427,2303.066199543074,9252.650292631797,3241.123429139893,10316.388722870619,23.87972400060524,9,2,0,0,7,29.424063288870247,28.176012055022905,30.672114522717592,1.0,1.0,0.0,1.0,2,0,0.0,0.08800602751145226,0.0,1.0,0.08800602751145226,0.0,1.0,0.08800602751145226,1.0,0.0,13,2,2021,3,8,0,0,0,2,1,0,1,GRAVE_LESIONADOS,1
3,1,12,0,4,1,-8.766796996008859,-78.58923698845528,0,4,7,1,2,2,2,0,6543.555,3.0,2,0,1.0,0,30,1475.0,0.5293705556424776,77.24743027767006,54.16040513054337,7.452877458564686,954.6408719590352,67016.61588625141,8792.835801775966,1372.6200559096578,1900.1148011806238,5520.100944685684,1282.7161822441699,7510.119619531796,14.731507461611915,5,1,0,0,3,49.914440209241405,36.06465416501563,63.76422625346717,1.0,0.893534583498437,0.0,0.10646541650156305,1,0,0.0,0.893534583498437,0.893534583498437,0.10646541650156305,0.893534583498437,0.10646541650156305,0.893534583498437,0.0,0.893534583498437,0.893534583498437,0,0,2023,5,14,1,0,0,0,1,1,1,GRAVE_LESIONADOS,1
4,1,12,0,4,1,-7.657175094408862,-78.555198157681,0,4,7,1,3,2,2,1,1034.674739805243,1.6107336031909516,2,0,0.0,9,32,229.79212307874383,0.4108497732505417,75.98875934281993,48.3577173875394,6.261298762256562,650.1841185846829,14708.599837188602,8931.828000000005,1335.5899999999997,1935.9830000000004,5660.255000000005,1219.309,7712.519000000005,13.651281686122925,5,1,0,0,4,40.6341700398869,40.32880323829142,40.93953684148237,1.0,0.0,0.0,0.0,1,0,0.0,1.0,0.0,0.0,0.0,0.0,1.0,0.0,0.3892663968090483,0.0,4,0,2021,5,7,1,0,0,0,1,0,1,GRAVE_LESIONADOS,1
3,1,14,1,2,4,-12.16916900308354,-76.93254073404535,0,1,1,0,1,2,2,0,6543.555,2.0,4,4,1.0,14,33,1198.0,0.689811994580126,79.88015655965044,73.89553442371854,9.755251380104111,1409.8432274455126,452660.364025696,7626.313,1683.4029999999998,1599.0829999999996,4343.827000000001,1814.875,5811.438000000001,23.797541485643197,4,1,0,0,2,47.47913424567141,37.17967534212678,57.77859314921604,1.0,1.0,0.0,0.31336940643035793,1,0,0.0,0.31336940643035793,0.0,0.6866305935696421,0.0,0.6866305935696421,0.31336940643035793,0.31336940643035793,0.31336940643035793,0.6866305935696421,12,3,2023,4,15,3,0,0,0,1,0,1,GRAVE_LESIONADOS,1
4,1,5,0,4,1,-6.297909675482669,-78.75081474555056,0,4,3,0,1,2,2,2,755.4101663351365,1.4623614472477393,1,1,0.4623614472477392,8,25,129.73098802064374,0.3062227278816164,73.36419896143597,41.67381155851185,4.833254388507098,329.68057365730346,6043.516347991859,15935.565011852366,1733.9250000199986,935.692,13265.948011832368,2000.1670000199988,13935.398011832369,12.551591352627522,8,1,0,0,7,36.92472289449548,36.46236144724774,37.38708434174322,1.0,0.4623614472477392,0.0,1.0,1,0,0.0,0.0,0.0,1.0,0.0,0.4623614472477392,0.5376385527522608,0.0,0.4623614472477392,0.0,14,1,2022,10,12,2,0,0,2,1,0,1,GRAVE_LESIONADOS,1
4,1,3,0,4,1,-16.189013836355358,-71.64274739765165,0,4,7,0,2,1,1,0,1504.4250000000002,2.0,2,0,1.0,7,25,241.0,0.6005060748875158,78.21704200773246,77.40211893847457,8.994742794352394,996.014120858737,33335.45824411135,10322.272,1495.236,1749.739,7077.2970000000005,2886.595,7435.677000000001,27.964725207783708,6,1,0,0,4,29.191387380700192,22.560264262990515,35.82251049840987,0.39006606574762825,0.0,0.0,0.6099339342523717,1,0,0.0,0.39006606574762825,0.0,0.6099339342523717,0.0,0.0,1.0,0.0,0.0,0.0,11,1,2021,7,9,1,0,0,0,1,0,1,GRAVE_LESIONADOS,1
3,1,7,0,4,1,-13.962843560061593,-71.48986666372151,2,4,6,0,1,1,0,2,7444.566339071222,2.0,2,0,1.0,9,8,1198.0,0.32787178599205885,72.82457342242886,67.5462768382428,5.495720742720864,296.9770597147636,4546.751635890543,17779.13499998999,2097.3709999899997,2863.123,12818.640999999989,2878.713,14900.421999989989,16.19152450331032,8,1,0,0,6,39.06755853296103,31.72715400627829,46.40796305964378,1.0,0.0,0.0,1.0,1,0,0.0,0.8635770031391459,0.8635770031391459,0.13642299686085413,0.0,0.13642299686085413,0.8635770031391459,0.0,0.0,0.0,11,1,2021,2,9,3,0,0,2,1,0,1,GRAVE_LESIONADOS,1
3,1,22,0,4,0,-4.61111509408275,-79.75965646003857,5,4,5,1,5,2,2,0,6550.37565677142,2.0,3,3,1.0,13,32,1227.568912367281,0.5583632906432126,75.17955749154244,65.6501987711265,8.490780213253457,957.8633791851564,4253.780003497629,1125.217057780941,173.29167726857264,301.61102366769336,650.3143568446748,332.9782081065729,792.238849674368,28.35797325433314,4,2,0,0,2,35.398718289182085,34.86817560316627,35.92926097519789,1.0,0.9292609751978921,0.9292609751978921,1.0,2,0,0.0,0.0,0.07073902480210792,1.0,0.9292609751978921,1.0,0.07073902480210792,0.9292609751978921,0.9292609751978921,0.0,20,2,2021,7,8,5,1,0,0,1,0,1,GRAVE_LESIONADOS,1
3,1,13,0,4,1,-8.413468376770913,-76.95496292490512,6,4,1,1,3,1,0,0,1899.462779094909,2.0,2,0,1.0,2,19,285.2916462291913,0.4984202642516564,74.81784437555154,56.15826201302621,7.6573890810804,822.3604792597233,8717.658165641524,3044.172510715554,479.9734011287155,583.6082860350576,1980.5908235517809,639.7721441040975,2404.4003666114563,21.329426537018843,7,2,0,0,5,43.22410087662795,38.48273391775197,47.96546783550394,1.0,0.0,0.0,0.6965467835503938,2,0,0.0,0.0,0.0,0.3034532164496062,0.3034532164496062,1.0,0.0,0.0,0.3034532164496062,0.0,11,1,2021,5,24,0,0,0,0,1,0,1,GRAVE_LESIONADOS,1
3,1,10,0,4,1,-13.965537984005316,-75.78239746866386,0,2,7,1,2,2,2,1,6639.975,2.0,2,0,1.0,9,31,1616.0,0.6053164595604621,78.88848309050202,67.63954639531094,9.133324993872453,1064.9426147896202,27932.19700214133,3721.461,698.1859999999996,744.866,2278.409,1102.9029999999996,2618.558,29.636290693359403,6,1,0,0,4,37.846748245469115,26.18361484475973,49.50988164617851,1.0,0.8639358074599548,0.0,0.8639358074599548,1,0,0.0,0.0,0.0,0.8639358074599548,0.8639358074599548,0.1360641925400452,0.8639358074599548,0.1360641925400452,0.0,0.1360641925400452,7,1,2021,6,21,1,0,1,0,1,0,1,GRAVE_LESIONADOS,1
3,1,2,0,4,2,-14.174068153346935,-73.22810175588053,5,4,5,1,5,1,1,0,6543.555,2.0,4,4,1.0,14,33,1198.0,0.40643684876509273,77.98672582567778,62.938871853017375,6.437849668964866,480.25955438156257,2204.0472079357382,10419.576354661081,1580.4041829835132,1634.597756680258,7204.574414997311,2714.817123641633,7704.759231019449,26.11670072040684,10,1,0,0,9,45.59675442486374,45.59675442486374,45.59675442486374,1.0,0.7815231295330671,0.0,0.0,1,0,0.0,0.0,0.0,1.0,0.0,0.0,1.0,0.0,0.0,0.0,21,2,2023,4,24,2,0,1,0,1,0,1,GRAVE_LESIONADOS,1
3,2,7,0,4,0,-12.691390208231748,-72.33415002991498,4,4,6,0,2,2,2,2,6316.60589509901,2.0,3,3,1.0,13,31,1154.2704489218895,0.3144361766975319,73.41849879808916,65.49187747528038,5.627869548322499,262.74846442002877,17388.107785245644,17779.13499998999,2097.3709999899997,2863.123,12818.640999999989,2878.713,14900.421999989989,16.19152450331032,6,2,0,0,3,36.34376913760888,26.41515396593143,44.10049974048191,1.0,0.9308076723447618,0.0,0.0,2,0,0.0,0.0,0.0,1.0,0.9308076723447618,0.0691923276552382,0.0,0.0,0.0,0.0,3,0,2021,8,5,5,0,0,2,1,0,1,GRAVE_LESIONADOS,1
3,2,10,0,4,1,-13.34053111284013,-76.23098396124509,0,4,7,1,2,2,2,0,6639.975,2.0,2,0,1.0,9,31,1616.0,0.5736744275518083,81.67473861808857,68.1608574885675,9.138785887908334,865.1176766860625,26660.92933618844,3721.461,698.1859999999996,744.866,2278.409,1102.9029999999996,2618.558,29.636290693359403,12,1,0,0,10,49.78824719032701,48.27974781469879,51.29674656595523,1.0,0.0,0.0,0.0,1,0,0.0,0.7542496878141122,0.0,0.24575031218588783,0.0,0.0,1.0,0.0,0.24575031218588783,0.0,19,1,2022,5,2,1,0,0,0,1,0,1,GRAVE_LESIONADOS,1
8,1,10,0,4,1,-14.09822020891018,-75.84722338084052,0,4,7,1,2,2,2,2,6639.975,2.0,2,0,1.0,9,31,1616.0,0.6141105358995893,79.56390015012663,71.41204698275881,9.221482729409589,1063.2756842933097,29407.414726932195,3721.461,698.1859999999996,744.866,2278.409,1102.9029999999996,2618.558,29.636290693359403,5,1,0,0,4,27.769591501209792,27.769591501209792,27.769591501209792,1.0,0.4230408498790209,0.0,1.0,1,0,0.0,0.0,0.0,1.0,0.0,0.0,1.0,0.4230408498790209,0.4230408498790209,0.0,7,1,2021,6,26,4,0,1,0,1,0,1,GRAVE_LESIONADOS,1
6,1,22,0,4,1,-17.450733293151178,-70.11889702511709,0,4,1,1,3,2,2,5,2622.9980629752426,1.2745445847404446,1,3,0.27454458474044463,10,32,456.5845656047344,0.44226649962130415,79.4311134822238,83.62898321354623,7.852798321441132,468.18220948477574,679.419402691094,2650.572,630.6729999999998,487.3610000000001,1532.5379999999998,1068.7019999999998,1581.87,40.31967439480987,4,1,0,0,3,32.19635667792356,32.19635667792356,32.19635667792356,1.0,0.0,0.0,1.0,1,0,0.0,0.27454458474044463,0.0,0.7254554152595554,0.0,0.7254554152595554,0.27454458474044463,0.0,0.0,0.0,5,0,2022,3,21,2,0,0,0,1,0,1,GRAVE_LESIONADOS,1
3,1,5,1,2,3,-14.3801904156925,-73.60980244371335,0,3,0,1,2,1,1,0,6543.555,2.0,4,4,1.0,14,33,1198.0,0.582733735943243,76.12014835002364,68.28255778551946,8.390650470059242,1059.242027898481,74879.40316864359,10083.669193360314,1545.7518406112135,1554.0013756250542,6983.915977124046,2768.370666120197,7315.298527240116,27.390326376210982,5,2,0,0,3,32.527716528546875,25.648188980968747,39.407244076125004,1.0,1.0,0.0,1.0,2,0,0.0,0.8240944904843742,0.8240944904843742,0.0,1.0,0.0,0.8240944904843742,0.17590550951562578,1.0,0.0,9,1,2024,3,6,5,1,0,0,1,0,1,GRAVE_LESIONADOS,1
6,1,8,0,4,1,-12.416236332475279,-75.04071204458266,0,4,0,0,1,2,2,0,7581.348016416062,2.0,2,0,1.0,9,5,1198.0,0.3202654191083731,73.30900563536052,47.770201520260684,4.760546954547718,354.12060835376195,3263.9417297688906,8511.426,1445.3929999999996,2008.516,5057.516999999999,1879.579,6631.846999999998,22.08300935706896,4,1,0,0,3,64.74976304315997,64.74976304315997,64.74976304315997,1.0,0.0,0.0,0.0,1,0,0.0,0.0,0.0,1.0,0.0,0.9946758094289357,0.005324190571064258,0.0,0.0,0.0,12,3,2022,10,24,4,0,0,2,1,0,1,GRAVE_LESIONADOS,1
4,1,8,0,4,1,-13.053534775125124,-74.7550609644252,1,4,3,0,2,2,2,1,1336.6799075879646,1.564819162886396,1,3,0.5648191628863961,9,27,214.9084074638711,0.28551737122587234,70.43174104911186,51.423836177286105,4.540426600202472,278.3623783853214,4621.7954429404,8511.426,1445.3929999999996,2008.516,5057.516999999999,1879.579,6631.846999999998,22.08300935706896,8,1,0,0,7,47.25927665154558,42.17590418556802,52.34264911752315,1.0,0.0,0.0,0.5648191628863961,1,0,0.0,1.0,0.0,0.5648191628863961,0.4351808371136039,0.0,0.5648191628863961,0.0,0.4351808371136039,0.0,13,3,2025,3,6,0,0,0,2,1,0,1,GRAVE_LESIONADOS,1
6,1,8,0,4,2,-13.067659352592164,-74.99040770776823,4,4,3,0,1,1,1,0,6543.555,2.0,4,4,1.0,14,33,1198.0,0.3597570138453147,66.00451731314773,57.67460409747743,6.167953597943497,482.07102722385605,3152.4966985922642,8511.426,1445.3929999999996,2008.516,5057.516999999999,1879.579,6631.846999999998,22.08300935706896,8,1,0,0,7,20.374424018903426,20.374424018903426,20.374424018903426,1.0,0.0,0.0,0.0,1,0,0.0,0.0,0.0,1.0,0.0,0.339203431271918,0.660796568728082,0.0,0.0,0.0,14,2,2021,8,8,2,0,0,2,1,0,1,GRAVE_LESIONADOS,1
3,2,3,0,4,1,-16.033747143699472,-71.32003150149923,0,4,1,0,2,0,1,0,1504.4250000000002,2.0,2,0,1.0,7,25,241.0,0.4624920442004761,81.77160722828921,66.90485340589284,5.952864529713588,618.499944262771,1624.9746662613213,10322.272,1495.236,1749.739,7077.2970000000005,2886.595,7435.677000000001,27.964725207783708,6,2,0,0,4,52.20766771198251,44.86900956552142,59.546325858443595,1.0,0.32268370707782024,0.0,0.0,2,0,0.0,1.0,0.0,0.6773162929221798,0.0,0.6773162929221798,1.0,0.0,0.0,0.0,8,1,2021,6,9,6,1,0,0,1,0,1,GRAVE_LESIONADOS,1
6,1,8,0,4,2,-13.145596021449773,-75.09574991349632,4,4,5,0,1,2,2,0,6543.555,2.0,4,4,1.0,14,33,1198.0,0.41258475825852203,66.27593068053648,56.79803722533462,6.7485159906300485,604.3904009619033,2804.390082496099,8511.426,1445.3929999999996,2008.516,5057.516999999999,1879.579,6631.846999999998,22.08300935706896,9,1,0,0,8,25.10187352270166,25.10187352270166,25.10187352270166,1.0,0.0,0.0,0.0,1,0,0.0,0.0,0.0,0.644906323864917,0.0,0.0,1.0,0.0,0.0,0.0,12,3,2022,7,15,1,0,0,2,1,0,1,GRAVE_LESIONADOS,1
3,1,11,0,4,1,-14.910962809607465,-74.52645453030433,0,4,1,1,2,2,2,0,6625.655130602856,2.0,2,0,1.0,9,31,1553.9204998132495,0.5202899851876417,78.7237485300149,74.20486056541046,8.511349933581076,740.6172863310161,816.6006335623126,3562.4173304414135,688.1592696265353,706.6225031206,2167.635557694278,1097.8236196509874,2464.5937107904256,31.222939306970222,6,1,0,0,4,46.08910226848295,43.10890669588396,49.06929784108192,1.0,0.0,0.0,0.14851555068600608,1,0,0.0,1.0,0.0,0.8514844493139939,0.0,0.8514844493139939,1.0,0.0,0.0,0.0,17,2,2024,5,16,1,0,0,0,1,0,1,GRAVE_LESIONADOS,1
4,1,16,0,4,0,-13.277261385851572,-72.17584998007158,0,4,7,1,2,1,1,2,6951.300206780556,2.0,3,2,1.0,12,22,1198.0,0.4741457671633189,71.45219163540855,74.6627199121901,7.830546247910508,687.4893977153234,8979.70668764929,13103.8749160092,1944.8398024785943,1866.1669633950964,9292.868150135508,2639.712394975447,10464.162521033752,19.860651974892495,5,1,0,0,3,43.3620686547098,37.5747124364732,49.1494248729464,1.0,0.0,0.0,0.0,1,0,0.0,0.6091953913933262,0.6091953913933262,0.39080460860667376,0.0,0.39080460860667376,0.6091953913933262,0.6091953913933262,0.6091953913933262,0.6091953913933262,12,1,2022,6,8,4,0,0,2,1,0,1,GRAVE_LESIONADOS,1
6,1,4,0,4,1,-13.56715605689748,-74.14371037391845,0,4,0,0,7,1,1,2,6696.7466790748995,2.0,3,3,1.0,13,28,1198.0,0.39004297294364787,74.53962716054914,56.59924509956676,5.922227755026074,472.1910989170475,6495.475219145386,12678.733000000004,1805.074000000001,1774.0339999999994,9099.625000000004,2485.375000000001,10193.358000000002,19.602707936195205,5,1,0,0,4,34.94442170105411,34.94442170105411,34.94442170105411,0.14682702135327752,0.0,0.0,0.8531729786467225,1,0,0.0,0.0,0.0,1.0,0.0,0.14682702135327752,0.8531729786467225,0.0,0.0,0.0,15,3,2022,6,24,5,1,0,2,1,0,1,GRAVE_LESIONADOS,1
3,2,10,1,4,1,-13.595390594007817,-76.17240040543017,0,4,7,1,2,2,2,2,6639.975,2.0,2,0,1.0,9,31,1616.0,0.5727176485490099,77.61019989121723,71.3787191374702,9.115936996533454,907.296304988464,24904.667559232934,3721.461,698.1859999999996,744.866,2278.409,1102.9029999999996,2618.558,29.636290693359403,7,2,0,0,5,28.79379133564309,23.79379133564309,33.79379133564309,1.0,0.0,0.0,0.73540288811897,2,0,0.0,0.26459711188102997,0.73540288811897,0.73540288811897,0.0,1.0,1.0,0.26459711188102997,0.26459711188102997,0.0,4,0,2021,9,7,1,0,0,0,1,0,1,GRAVE_LESIONADOS,1