CLASE SINIESTRO,CANTIDAD DE VEHICULOS DAÑADOS,DEPARTAMENTO,ZONA,TIPO DE VÍA,RED VIAL,COORDENADAS LATITUD,COORDENADAS  LONGITUD,CONDICIÓN CLIMÁTICA,ZONIFICACIÓN,CARACTERÍSTICAS DE VÍA,PERFIL LONGITUDINAL VÍA,SUPERFICIE DE CALZADA,¿EXISTE SEÑAL VERTICAL?,¿EXISTE SEÑAL HORIZONTAL?,CAUSA FACTOR PRINCIPAL,MTC_RVN_LONGITUD_KM,MTC_RVN_N_CARRILES_MEDIANA,MTC_RVN_SUPERFICIE_DOMINANTE,MTC_RVN_ESTADO_DOMINANTE,MTC_RVN_ES_CONCESIONADA,MTC_RVN_CONCESION_PRINCIPAL,MTC_RVN_CORREDOR_LOGISTICO,MTC_RVN_N_TRAMOS,IDH_2019,IDH_ESP_VIDA_2019,IDH_EDUC_SECUND_PCT_2019,IDH_ANIOS_EDUC_2019,IDH_INGRESO_PERCAP_2019,IDH_POBLACION_2019,MTC_DEP_RED_TOTAL_KM,MTC_DEP_NACIONAL_TOTAL_KM,MTC_DEP_DEPARTAMENTAL_TOTAL_KM,MTC_DEP_VECINAL_TOTAL_KM,MTC_DEP_PAV_TOTAL_KM,MTC_DEP_NO_PAV_TOTAL_KM,MTC_DEP_PCT_PAVIMENTADA,PER_TOTAL_PERSONAS,PER_N_CONDUCTORES,PER_N_CONDUCTORES_FUGADOS,PER_N_PEATONES,PER_N_PASAJEROS_OCUPANTES,PER_EDAD_COND_PROM,PER_EDAD_COND_MIN,PER_EDAD_COND_MAX,PER_ANY_COND_MASCULINO,PER_ANY_LIC_PROBLEMA,PER_ANY_DOSAJE_POS,PER_ANY_DOSAJE_EVALUADO,VEH_TOTAL,VEH_N_FUGADOS,VEH_ANY_FUGADO,VEH_ANY_CARGA,VEH_ANY_PUBLICO,VEH_ANY_PARTICULAR,VEH_ANY_MOTO,VEH_ANY_AUTO,VEH_ANY_CAMION_BUS,VEH_ANY_SOAT_PROBLEMA,VEH_ANY_CITV_PROBLEMA,VEH_ANY_SEGURO_PROBLEMA,HORA_NUM,FRANJA_HORARIA,ANIO,MES,DIA_MES,DIA_SEMANA,ES_FIN_SEMANA,ES_QUINCENA,REGION_NATURAL,TIENE_SEÑALIZACION,ES_VIA_MULTICARRIL,ES_DEPTO_BAJO_PAVIMENTO,CATEGORIA_SEVERIDAD,CATEGORIA_SEVERIDAD_ENC
6,1,5,0,4,2,-7.209430349391154,-78.45515349788958,3,4,0,0,1,2,2,0,6543.555,2.0,4,4,1.0,14,33,1198.0,0.3096044831288424,74.15059453614467,45.804883963329516,4.137070682385855,364.1146790993844,9435.190516368451,15935.565011852366,1733.9250000199986,935.692,13265.948011832368,2000.1670000199988,13935.398011832369,12.551591352627522,7,1,0,0,6,41.67551669288483,39.753524111944756,43.11701112858989,0.5195018547649811,0.5195018547649811,0.0,0.0,1,0,0.0,0.5195018547649811,0.4804981452350189,0.0,0.0,0.4804981452350189,0.5195018547649811,0.5195018547649811,1.0,0.5195018547649811,14,3,2022,3,18,3,0,0,2,1,0,1,GRAVE_LESIONADOS,1
4,1,3,0,4,1,-15.960902159381169,-71.23738598151155,0,4,3,0,2,0,1,0,1504.4250000000002,2.0,2,0,1.0,7,25,241.0,0.4601004747142487,81.74551179687263,65.38409094686412,5.919230813269892,618.9073955816197,1574.695102763842,10322.272,1495.236,1749.739,7077.2970000000005,2886.595,7435.677000000001,27.964725207783708,5,2,0,0,3,35.598926921865846,28.846244226530466,42.35160961720123,1.0,0.0,0.0,0.450536539067076,2,0,0.0,0.549463460932924,0.450536539067076,1.0,0.0,0.549463460932924,1.0,0.0,0.0,0.0,4,0,2024,7,3,1,0,0,0,1,0,1,GRAVE_LESIONADOS,1
3,1,7,0,4,0,-12.921243792424578,-71.4054166986512,0,4,0,0,6,1,1,2,6543.555,2.0,4,4,1.0,14,33,1198.0,0.35969601022012093,62.821719053896885,65.57593227136924,5.951846643096769,451.6538906176999,5310.9748188007015,17779.13499998999,2097.3709999899997,2863.123,12818.640999999989,2878.713,14900.421999989989,16.19152450331032,4,1,0,0,2,39.94177550248452,14.24454288956502,65.63900811540401,1.0,0.0,0.0,0.0,1,0,0.0,0.0,0.0,1.0,0.9883551004969038,0.0,0.011644899503096218,0.9883551004969038,0.0,0.0,19,2,2021,7,19,3,0,0,2,1,0,1,GRAVE_LESIONADOS,1
6,1,5,0,4,2,-6.777579419243164,-78.29690175696174,0,4,0,0,2,2,2,0,6543.555,2.0,4,4,1.0,14,33,1198.0,0.21606084659946867,73.06418618910453,44.41531418524026,3.2351055711494228,185.15802942358005,8721.574723558611,15935.565011852366,1733.9250000199986,935.692,13265.948011832368,2000.1670000199988,13935.398011832369,12.551591352627522,6,1,0,0,5,31.431878568592598,29.659127141155558,32.76144213917038,0.5568121431407401,0.5568121431407401,0.0,0.5568121431407401,1,0,0.0,1.0,0.0,0.0,0.5568121431407401,0.0,0.4431878568592599,0.5568121431407401,1.0,0.5568121431407401,14,1,2023,3,3,3,0,0,2,1,0,1,GRAVE_LESIONADOS,1
6,1,4,0,5,2,-13.862359383204396,-74.51459307545217,3,4,3,0,7,2,2,3,6543.555,2.0,4,4,1.0,14,33,1198.0,0.32692618190875844,76.33340703375939,42.70265648279388,4.796789855818943,422.3595248525242,1987.8579420851843,12678.733000000004,1805.074000000001,1774.0339999999994,9099.625000000004,2485.375000000001,10193.358000000002,19.602707936195205,4,1,0,0,3,30.692378379269126,30.692378379269126,30.692378379269126,1.0,0.0,0.0,0.6615243241461749,1,0,0.0,1.0,0.0,0.0,0.0,0.0,1.0,0.0,0.3384756758538251,0.0,13,1,2022,5,19,2,0,0,2,1,0,1,GRAVE_LESIONADOS,1
3,1,16,0,4,1,-13.881742074607345,-72.3791191383622,2,4,4,1,2,1,1,2,7586.903,2.0,2,0,1.0,9,5,1198.0,0.3934023597495383,75.72280310008821,63.51780191267839,6.958960980965946,482.3951653608495,1156.792938208338,13080.065725147651,1941.4818474946917,1844.5903032407537,9293.993574412207,2609.8937754555764,10470.171949692076,19.6646823417201,5,2,0,0,3,41.14340083093349,29.430202492800472,52.85659916906651,1.0,0.0,0.5919144044190701,1.0,2,0,0.0,0.0,0.0,1.0,0.40808559558092994,0.40808559558092994,0.5919144044190701,0.5919144044190701,1.0,0.0,18,2,2021,3,14,6,1,0,2,1,0,1,GRAVE_LESIONADOS,1
6,1,5,0,4,2,-7.140468817709818,-78.6722154527509,0,4,5,0,1,2,2,1,6543.555,2.0,4,4,1.0,14,33,1198.0,0.3173059177329252,67.8699770573039,43.991714223263955,4.930976415210427,397.2781487533789,11503.412498228796,15935.565011852366,1733.9250000199986,935.692,13265.948011832368,2000.1670000199988,13935.398011832369,12.551591352627522,11,1,0,0,10,34.219521619465255,34.219521619465255,34.219521619465255,1.0,1.0,0.0,0.7362798987834215,1,0,0.0,0.2637201012165785,0.7362798987834215,0.0,0.0,0.0,1.0,0.2637201012165785,0.2637201012165785,0.2637201012165785,18,2,2023,8,29,5,1,1,2,1,0,1,GRAVE_LESIONADOS,1
7,1,7,0,4,2,-12.581090436084377,-74.94076940602996,0,4,0,0,2,1,1,2,6543.555,2.0,4,4,1.0,14,33,1198.0,0.3817105468752954,71.89361771482447,58.75230059039805,6.201756850256782,521.2306666654115,14186.74613791469,12442.091023389079,1817.2949525136114,1392.09638192676,9232.699688948707,1972.975428641671,10469.115594747407,15.803045283982254,5,1,0,0,4,34.714018585359234,34.714018585359234,34.714018585359234,0.5713395284530771,0.4286604715469229,0.0,0.5713395284530771,1,0,0.0,0.0,0.0,1.0,0.0,1.0,0.0,0.0,0.0,0.0,8,1,2021,3,17,4,0,0,2,1,0,1,GRAVE_LESIONADOS,1
3,1,19,0,4,1,-15.072944258964691,-70.58642592438349,5,4,7,1,2,0,1,2,7586.903,2.0,2,0,1.0,9,5,1198.0,0.3020364494140423,77.01003089568863,62.056572778921456,5.683328994228626,236.9981592941899,1412.5460320781685,13550.34663487478,2007.8084242286754,2270.774100298952,9271.764110347154,3198.873367250942,10351.473267623838,23.535489119788775,5,2,0,0,3,43.699623853171595,38.0,49.39924770634319,1.0,0.0,0.9332497451492431,1.0,2,0,0.0,0.0,0.0,1.0,0.0,0.06675025485075692,0.9332497451492431,0.9332497451492431,0.9332497451492431,0.0,22,2,2021,4,12,5,0,0,2,1,0,1,GRAVE_LESIONADOS,1
3,2,10,1,4,1,-13.1707359424454,-76.29109066956981,0,0,6,0,2,2,2,2,6628.747322567752,2.0,2,0,1.0,9,31,1567.3257709325906,0.6203803632922369,80.30580082985779,71.2994028533913,10.77001705765157,993.2605831339729,66088.473695421,4176.1635376132335,812.9101099021667,844.3357462470699,2518.917681463997,1185.8089526736399,2990.3545849395937,28.956394481867697,10,2,0,0,7,47.23629539659608,35.23289104816942,58.65066342774587,1.0,0.0,0.0,0.11644552408471143,2,0,0.0,0.0,0.11644552408471143,0.8835544759152886,0.0,0.8835544759152886,0.11644552408471143,0.0,0.8835544759152886,0.0,21,1,2023,8,5,4,0,0,0,1,0,1,GRAVE_LESIONADOS,1
5,1,14,2,2,4,-12.04575899683509,-77.05663431172177,4,2,7,1,2,2,2,4,6543.555,2.0,4,4,1.0,14,33,1198.0,0.7646845961658533,80.23682119426338,77.96082737891015,12.014176158371615,1633.787715186093,250806.0877944326,7626.313,1683.4029999999998,1599.0829999999996,4343.827000000001,1814.875,5811.438000000001,23.797541485643197,9,3,0,1,5,40.997062147953294,28.85993218175281,62.87661021403834,1.0,0.0,0.0,0.0,3,0,0.0,0.0,0.4035254224560476,0.5964745775439524,1.0,0.5964745775439524,1.0,0.0,0.5964745775439524,0.5964745775439524,11,2,2021,5,12,3,0,0,0,1,0,1,GRAVE_LESIONADOS,1
3,2,7,0,4,1,-13.592283933956004,-71.78835252249081,0,2,7,1,2,0,1,2,7586.903,2.0,2,0,1.0,9,5,1198.0,0.5065580412535501,64.79370905469777,77.15417383818448,8.35812941450031,844.3117831870799,8658.316916488222,17779.13499998999,2097.3709999899997,2863.123,12818.640999999989,2878.713,14900.421999989989,16.19152450331032,10,3,0,0,7,38.1878641404613,31.425270504342677,49.30058262473808,1.0,0.2749791919736402,0.0,0.2749791919736402,3,0,0.7250208080263598,0.0,0.2749791919736402,1.0,0.0,1.0,1.0,0.0,0.0,0.7250208080263598,14,2,2022,10,12,2,0,0,2,1,0,1,GRAVE_LESIONADOS,1
3,1,3,0,4,0,-15.803719073204503,-71.60136858684295,0,4,0,0,2,0,0,0,6551.2343833415325,2.0,3,3,1.0,13,32,1231.2916639365321,0.5713088835809138,77.46734860565876,64.20803447304031,8.56962504329128,986.4704121737285,7742.593756003061,10322.272,1495.236,1749.739,7077.2970000000005,2886.595,7435.677000000001,27.964725207783708,5,2,0,0,3,32.67254770973008,30.115031806486723,35.230063612973446,1.0,0.0,0.0,0.07964512903476584,2,0,0.0,0.0,0.0,1.0,0.0,1.0,1.0,0.0,0.0,0.0,13,2,2021,11,25,5,1,1,0,1,0,1,GRAVE_LESIONADOS,1
4,1,10,0,4,1,-12.02841141862435,-76.03611461689434,1,3,3,0,4,2,2,0,6543.555,2.0,4,4,1.0,14,33,1198.0,0.3691901696963811,68.39399586327879,57.03770010921625,6.183250468476864,591.7243621619224,26673.641131591427,8131.179026938026,1547.6427489681882,1832.622459941631,4750.913818028206,1851.7819840879051,6279.397042850121,22.81957706323513,4,1,0,0,3,25.51082880620974,21.859205486897093,29.16245212552239,1.0,0.5703972565514532,0.0,0.42960274344854676,1,0,0.0,0.0,0.0,1.0,0.42960274344854676,1.0,0.0,0.0,0.0,0.0,11,2,2024,4,10,2,0,0,1,1,0,1,GRAVE_LESIONADOS,1
4,1,12,0,4,1,-4.85196246533688,-79.74766851100338,3,4,0,1,2,1,1,1,7084.954548658189,2.5543225980836555,2,0,1.0,4,25,1768.2557304609547,0.4817222458852298,72.07321563739038,53.40910648306703,6.352596432574627,904.2491566970372,6668.535126442486,2299.172623586511,591.570593626046,420.08097390800265,1287.521056052462,574.0690239880718,1725.1035995984391,25.987410855847553,9,1,0,0,8,32.082064141201414,30.696257645992272,33.46787063641055,1.0,0.0,0.0,0.5543225980836554,1,0,0.0,0.0,0.44567740191634464,0.5543225980836554,0.0,0.5543225980836554,0.44567740191634464,0.0,0.0,0.0,16,3,2022,2,24,4,0,1,0,1,0,1,GRAVE_LESIONADOS,1
3,1,6,0,4,1,-14.580537206480276,-73.56586857393471,0,4,7,1,2,1,1,0,1075.0465771566955,2.0,2,0,0.6712540116503934,7,17,179.85324616697318,0.6149137091173911,78.34694271372399,74.98447593255104,8.97011157054064,1089.4455173709748,34225.891743882996,9435.986293994983,1557.0951463897804,1700.2114443792016,6178.679703226002,2534.2713493659594,6901.714944629024,26.594780276414234,7,1,0,0,5,49.561157732040954,38.14983953398426,60.97247593009764,1.0,0.0,0.0,0.32874598834960655,1,0,0.0,0.6712540116503934,0.0,0.32874598834960655,0.0,0.32874598834960655,0.6712540116503934,0.0,0.0,0.0,15,3,2021,10,14,2,0,0,0,1,0,1,GRAVE_LESIONADOS,1
6,1,12,0,4,1,-7.888517603636261,-78.12229521588635,0,4,7,1,1,2,2,2,9936.932,2.0,2,0,1.0,9,32,3830.0,0.3986882084754764,72.97869269132666,58.65435142755623,5.605762371496486,527.7120199980477,69564.29978586723,8931.828000000005,1335.5899999999997,1935.9830000000004,5660.255000000005,1219.309,7712.519000000005,13.651281686122925,5,1,0,1,2,37.63436187106488,37.63436187106488,37.63436187106488,1.0,0.0,0.0,0.0,1,0,0.0,0.720433702225778,0.0,0.27956629777422204,0.0,0.0,1.0,0.0,0.720433702225778,0.0,17,3,2021,7,28,2,0,1,0,1,0,1,GRAVE_LESIONADOS,1
1,1,5,2,4,1,-5.810417800385499,-78.77740683136867,0,1,4,0,2,0,0,1,5054.289662019335,2.0,2,0,1.0,6,20,1387.411882755905,0.5803239946829384,74.49544278598792,68.33065356443184,8.733179344969395,1046.078117086984,102362.46895074946,15935.565011852366,1733.9250000199986,935.692,13265.948011832368,2000.1670000199988,13935.398011832369,12.551591352627522,7,1,0,2,3,30.590243750126973,30.412129054177598,30.768358446076352,1.0,0.35622939189875535,0.6437706081012446,0.6437706081012446,1,0,0.0,0.35622939189875535,0.0,1.0,0.6437706081012446,0.35622939189875535,0.35622939189875535,0.0,0.6437706081012446,0.0,19,2,2023,5,3,5,1,0,2,1,0,1,GRAVE_LESIONADOS,1
3,2,3,0,4,1,-16.027903736006266,-71.29683277306658,0,4,2,0,2,1,1,0,1504.4250000000002,2.0,2,0,1.0,7,25,241.0,0.4685280505645348,81.83746865987648,70.74305753660312,6.037751599761188,617.4715908037651,1751.8736616702354,10322.272,1495.236,1749.739,7077.2970000000005,2886.595,7435.677000000001,27.964725207783708,5,2,0,0,3,39.33127344436669,30.99691016655003,47.66563672218334,1.0,0.33281836109167195,0.0,1.0,2,0,0.0,0.667181638908328,0.0,1.0,0.0,1.0,0.667181638908328,0.0,0.33281836109167195,0.0,14,2,2023,11,21,5,1,1,0,1,0,1,GRAVE_LESIONADOS,1
6,1,9,0,4,2,-12.378250864104519,-75.01388253338473,0,4,1,0,2,1,0,1,6543.555,2.0,4,4,1.0,14,33,1198.0,0.3163179155360292,71.76652158310867,62.92958292043473,5.4008641166006335,321.8164518258691,2752.574131355962,8294.460488679842,1503.7357893944732,1908.1527241286187,4882.57197515675,1863.7182721104996,6430.742216569342,22.503288281851386,4,1,0,0,3,35.785608728023334,35.785608728023334,35.785608728023334,1.0,0.0,0.0,0.0,1,0,0.0,0.0,0.0,1.0,0.0,0.7548725289085606,0.2451274710914394,0.0,0.0,0.0,15,1,2022,8,7,4,0,0,1,1,0,1,GRAVE_LESIONADOS,1
6,1,10,0,4,1,-14.856103725882928,-74.988778275595,0,4,7,1,2,2,2,0,6639.975,2.0,2,0,1.0,9,31,1616.0,0.5563774842369664,77.00938809632027,69.10246351364754,8.476961866273152,914.8835608305218,27932.19700214133,3721.461,698.1859999999996,744.866,2278.409,1102.9029999999996,2618.558,29.636290693359403,4,1,0,0,3,33.13564546786339,33.13564546786339,33.13564546786339,0.35130495746696455,0.6486950425330354,0.0,0.0,1,0,0.0,0.0,0.0,1.0,0.0,0.6486950425330354,0.35130495746696455,0.6486950425330354,0.6486950425330354,0.6486950425330354,13,1,2022,8,28,4,0,1,0,1,0,1,GRAVE_LESIONADOS,1
3,2,16,0,4,1,-14.439718498620561,-71.47871243533447,0,2,2,0,2,2,2,2,643.2929848568765,1.0,0,2,0.0,9,32,84.2673612941067,0.43955645063774884,75.57009006976057,69.64746820668343,7.660667669999949,533.6490047622511,47875.88679502867,13142.796844545406,1950.3291987655693,1901.4392760688406,9291.028369710995,2688.4582001037998,10454.338644441605,20.181012129168945,8,2,0,0,6,46.32467227230741,37.92423530205063,54.725109242564194,1.0,0.0,0.0,0.6374453787179021,2,0,0.0,0.3625546212820979,0.6374453787179021,1.0,0.0,1.0,1.0,0.6374453787179021,0.0,0.0,11,2,2022,4,30,0,0,1,2,1,0,1,GRAVE_LESIONADOS,1
6,1,5,0,4,1,-6.920698546132872,-78.14581562596655,0,4,0,0,2,1,1,0,4450.1040362327585,1.446572299212932,2,3,0.44657229921293196,11,32,1203.5342770078707,0.3147294624080922,72.11353574124254,47.98941640499942,4.948803790266672,374.9093503415879,1581.509917597611,15935.565011852366,1733.9250000199986,935.692,13265.948011832368,2000.1670000199988,13935.398011832369,12.551591352627522,4,1,0,0,3,29.641132409444815,29.641132409444815,29.641132409444815,1.0,0.0,0.0,0.44657229921293196,1,0,0.0,0.0,0.0,1.0,0.0,1.0,0.0,0.0,0.44657229921293196,0.0,9,1,2022,5,5,2,0,0,2,1,0,1,GRAVE_LESIONADOS,1
3,1,20,0,4,1,-15.87628125583609,-69.90744713805337,0,4,0,1,2,2,2,1,7575.019612579144,2.0,2,0,1.0,9,5,1198.0,0.3490829628613801,69.08628132076178,72.0095859981605,6.505615621759328,327.3192004680328,6070.76621442684,13642.312999999998,2020.7790000000005,2354.117,9267.416999999998,3314.0520000000006,10328.260999999997,24.29244952817019,27,1,0,0,25,33.02277933617711,32.03416900426566,34.011389668088555,1.0,0.011389668088552796,0.0,0.011389668088552796,1,0,0.0,0.9886103319114472,0.9886103319114472,0.011389668088552796,0.0,0.0,1.0,0.0,0.0,0.0,12,3,2022,10,4,3,0,0,2,1,0,1,GRAVE_LESIONADOS,1
3,1,17,0,4,1,-14.243264597346528,-71.84075826540831,5,4,7,1,2,0,1,2,7586.903,2.0,2,0,1.0,9,5,1198.0,0.3463233565817272,75.02617651065466,64.87550669109312,6.264636733886177,348.7245406762438,1287.189071370803,13224.170309164585,1961.8057933573118,1975.1825461312073,9287.181969676065,2790.3702892043084,10433.800019960276,20.850784071614186,5,2,0,0,3,42.634282325646,38.0,47.268564651292,1.0,0.0,0.6965071834768891,1.0,2,0,0.0,0.0,0.0,1.0,0.0,0.3034928165231109,0.6965071834768891,0.6965071834768891,0.6965071834768891,0.0,22,2,2021,4,16,5,0,0,2,1,0,1,GRAVE_LESIONADOS,1
4,2,3,0,3,2,-8.742897288961018,-77.60786354918052,0,2,4,1,2,1,1,0,7301.526329088127,2.0,2,1,1.0,10,24,1781.4009253129386,0.5388076575083792,73.39486283634838,69.58503971591934,8.236772154996073,895.4410179065083,53701.48020174706,3835.190486692743,983.2943441795375,645.1275282252165,2206.7686142879893,1003.4989698251818,2831.6915168675614,26.226496387419733,5,2,0,0,3,25.6755194022447,22.367707462235906,28.983331342253496,1.0,0.3760417911091565,0.3760417911091565,0.3760417911091565,2,0,0.0,0.0,0.0,1.0,1.0,0.3760417911091565,0.6239582088908435,0.0,1.0,0.3760417911091565,10,0,2023,4,16,6,1,0,0,1,0,1,GRAVE_LESIONADOS,1
3,2,10,0,4,1,-14.915680841559054,-75.03375570698239,0,3,0,1,2,1,0,2,6639.975,2.0,2,0,1.0,9,31,1616.0,0.5591861062153203,77.11722990267577,69.01850627621234,8.514630736407247,923.4954934305524,27932.19700214133,3721.461,698.1859999999996,744.866,2278.409,1102.9029999999996,2618.558,29.636290693359403,5,2,0,0,3,44.74174369571395,27.0,62.4834873914279,1.0,1.0,0.0,1.0,2,0,0.0,0.0,0.0,1.0,0.05739028984134442,0.9426097101586556,0.05739028984134442,0.9426097101586556,0.9426097101586556,0.0,6,1,2021,2,17,1,0,1,0,1,0,1,GRAVE_LESIONADOS,1
6,1,9,0,4,2,-9.461733504729636,-76.5627410526595,0,4,0,0,2,2,2,3,6543.555,2.0,4,4,1.0,14,33,1198.0,0.19670698181463164,77.26163533266384,33.8354857161943,2.261004142723814,290.72934652926426,24666.38292449871,8340.61232902376,1333.8624161634846,1000.2035139790507,6006.546398881223,1088.8813282517394,7251.731000772019,13.04561948727607,5,1,0,0,4,45.45395431323162,45.45395431323162,45.45395431323162,1.0,0.0,0.0,0.0,1,0,0.0,0.8179847710772054,0.0,0.0,0.0,0.0,1.0,0.0,1.0,0.0,14,2,2021,4,4,0,0,0,1,1,0,1,GRAVE_LESIONADOS,1
6,1,9,2,3,2,-13.948332307848816,-74.65979881892245,4,1,7,0,4,2,2,0,6600.22050075221,2.0,2,1,1.0,11,31,1443.6562882640885,0.6838862343683202,78.31361487420874,74.74784477702475,10.420230250441325,1362.5370147555454,96740.45892243617,8737.871805616833,1605.8207052482983,1661.1993019982904,5470.851798370245,2256.751083113902,6481.120722502932,25.51569438076082,8,1,0,0,7,43.113861286719185,43.113861286719185,43.113861286719185,1.0,0.4123055304686878,0.0,0.0,1,0,0.0,0.0,0.0,0.4123055304686878,0.4123055304686878,0.0,0.5876944695313122,0.4123055304686878,1.0,0.0,13,1,2021,11,26,4,0,1,0,1,0,1,GRAVE_LESIONADOS,1
5,1,9,0,4,1,-12.335552408885889,-75.5485561453928,1,3,1,0,5,2,2,0,6543.555,2.0,4,4,1.0,14,33,1198.0,0.29556281390958544,66.07168166229135,54.483694673567165,5.516068297085415,397.54429092108444,26807.73893452505,8288.216449526,1505.4148334928038,1905.264374637791,4877.537241395405,1863.2618170483659,6424.954632477634,22.51538346714562,4,1,0,0,3,23.647910809102328,21.50436396363854,25.79145765456612,1.0,0.7478180181807306,0.0,0.25218198181926943,1,0,0.0,0.0,0.0,1.0,0.25218198181926943,1.0,0.0,0.0,0.0,0.0,13,2,2024,3,6,3,0,0,1,1,0,1,GRAVE_LESIONADOS,1
3,2,7,1,4,1,-13.585733722394037,-71.80329838554216,0,0,7,1,2,0,1,2,7586.903,2.0,2,0,1.0,9,5,1198.0,0.5065580412535501,64.79370905469777,77.15417383818448,8.35812941450031,844.3117831870799,8658.316916488222,17779.13499998999,2097.3709999899997,2863.123,12818.640999999989,2878.713,14900.421999989989,16.19152450331032,17,2,0,0,14,29.065054382359165,24.648326112609666,34.70408701177466,1.0,0.7962826067223334,0.0,0.7962826067223334,2,0,0.20371739327766658,0.0,0.7962826067223334,1.0,0.0,1.0,1.0,0.0,0.0,0.20371739327766658,12,1,2022,6,23,4,0,0,2,1,0,1,GRAVE_LESIONADOS,1
4,1,10,0,4,1,-14.941155407589868,-74.98983647362702,0,4,2,1,2,1,0,1,6639.975,2.0,2,0,1.0,9,31,1616.0,0.5563774842369664,77.00938809632027,69.10246351364754,8.476961866273152,914.8835608305218,27932.19700214133,3721.461,698.1859999999996,744.866,2278.409,1102.9029999999996,2618.558,29.636290693359403,4,1,0,0,3,42.27692129857961,30.403848376775493,54.149994220383725,0.6596151623224509,1.0,0.0,0.6596151623224509,1,0,0.0,0.0,0.0,1.0,0.0,1.0,0.0,1.0,1.0,0.3403848376775491,10,1,2021,5,20,3,0,1,0,1,0,1,GRAVE_LESIONADOS,1
4,1,11,0,3,2,-10.505887234108629,-76.37497082442927,0,3,4,0,2,0,1,0,3141.2858906743522,0.4297038307400556,2,1,0.4765679435800185,11,32,589.2485183835615,0.5332426344665404,75.30900253248927,65.25940502377907,7.633925492909308,908.5520584469244,75315.71270201138,9612.275149469879,1645.55312426587,1167.2936432430606,6799.428381960947,2534.8015492321,7077.473600237778,26.255519154811054,6,2,0,0,4,29.906271774320075,27.046864112839963,32.76567943580019,1.0,0.4765679435800185,0.0,1.0,2,0,0.0,0.4765679435800185,1.0,0.0,1.0,0.0,0.4765679435800185,0.5234320564199815,1.0,0.5234320564199815,14,1,2023,5,7,2,0,0,0,1,0,1,GRAVE_LESIONADOS,1
0,1,4,1,4,1,-7.939890836086052,-77.43368684292162,0,1,4,0,2,0,1,2,7707.579193604828,2.0,2,0,1.0,9,15,1856.1787481135843,0.5715312246306131,73.13764042251282,70.33074569312552,9.153880517995944,991.6396784694838,103001.47595329476,14971.329381152127,1754.989764987839,1183.8961518170709,12032.443464347216,2143.8203540090553,12827.50902714307,14.639183780285567,5,1,0,2,0,25.875081563579997,23.11180346988316,30.809506730895784,1.0,0.2960655100389471,0.7039344899610529,1.0,1,0,0.0,0.2960655100389471,0.0,1.0,1.0,0.2960655100389471,0.2960655100389471,0.0,1.0,0.0,18,1,2023,3,10,4,0,0,2,1,0,1,GRAVE_LESIONADOS,1
4,1,10,0,4,1,-9.688461366065399,-76.81873132435636,0,4,0,0,4,2,2,2,6543.555,2.485070504607517,3,2,1.0,7,31,1332.3645297762823,0.3354490349312651,73.58464061421219,56.40757868675314,5.361672539599988,380.96550023594034,3421.398635179684,8653.348162512792,1524.9673345831827,977.4164043334656,6150.964423596144,1811.9217920823621,6841.42637043043,20.806539092547368,4,1,0,0,3,37.18281727073383,27.72394243088724,46.641692110580415,1.0,0.5149294953924828,0.0,0.4850705046075172,1,0,0.0,0.4850705046075172,0.0,1.0,0.0,1.0,0.4850705046075172,0.5149294953924828,1.0,0.5149294953924828,19,2,2021,6,25,3,0,1,1,1,0,1,GRAVE_LESIONADOS,1
5,1,9,0,4,1,-9.390341294070517,-76.69699129885227,0,4,1,0,1,2,2,2,6543.555,2.165370425513186,3,3,1.0,11,32,1243.8076078671525,0.2503197175601526,77.73060494719586,39.28911243406935,2.763467771380487,411.84165129916374,24752.120129477204,8328.581947818593,1333.8272623386836,981.161759009638,6013.59292647027,1086.2273143480772,7242.354633470514,13.033295140186869,5,1,0,0,3,42.19648021319672,42.19648021319672,42.19648021319672,1.0,0.16537042551318593,0.0,0.0,1,0,0.0,0.8346295744868141,0.16537042551318593,0.16537042551318593,0.16537042551318593,0.0,0.8346295744868141,0.16537042551318593,0.8346295744868141,0.0,16,2,2021,4,5,0,0,0,1,1,0,1,GRAVE_LESIONADOS,1