CLASE SINIESTRO,CANTIDAD DE VEHICULOS DAÑADOS,DEPARTAMENTO,ZONA,TIPO DE VÍA,RED VIAL,COORDENADAS LATITUD,COORDENADAS  LONGITUD,CONDICIÓN CLIMÁTICA,ZONIFICACIÓN,CARACTERÍSTICAS DE VÍA,PERFIL LONGITUDINAL VÍA,SUPERFICIE DE CALZADA,¿EXISTE SEÑAL VERTICAL?,¿EXISTE SEÑAL HORIZONTAL?,CAUSA FACTOR PRINCIPAL,MTC_RVN_LONGITUD_KM,MTC_RVN_N_CARRILES_MEDIANA,MTC_RVN_SUPERFICIE_DOMINANTE,MTC_RVN_ESTADO_DOMINANTE,MTC_RVN_ES_CONCESIONADA,MTC_RVN_CONCESION_PRINCIPAL,MTC_RVN_CORREDOR_LOGISTICO,MTC_RVN_N_TRAMOS,IDH_2019,IDH_ESP_VIDA_2019,IDH_EDUC_SECUND_PCT_2019,IDH_ANIOS_EDUC_2019,IDH_INGRESO_PERCAP_2019,IDH_POBLACION_2019,MTC_DEP_RED_TOTAL_KM,MTC_DEP_NACIONAL_TOTAL_KM,MTC_DEP_DEPARTAMENTAL_TOTAL_KM,MTC_DEP_VECINAL_TOTAL_KM,MTC_DEP_PAV_TOTAL_KM,MTC_DEP_NO_PAV_TOTAL_KM,MTC_DEP_PCT_PAVIMENTADA,PER_TOTAL_PERSONAS,PER_N_CONDUCTORES,PER_N_CONDUCTORES_FUGADOS,PER_N_PEATONES,PER_N_PASAJEROS_OCUPANTES,PER_EDAD_COND_PROM,PER_EDAD_COND_MIN,PER_EDAD_COND_MAX,PER_ANY_COND_MASCULINO,PER_ANY_LIC_PROBLEMA,PER_ANY_DOSAJE_POS,PER_ANY_DOSAJE_EVALUADO,VEH_TOTAL,VEH_N_FUGADOS,VEH_ANY_FUGADO,VEH_ANY_CARGA,VEH_ANY_PUBLICO,VEH_ANY_PARTICULAR,VEH_ANY_MOTO,VEH_ANY_AUTO,VEH_ANY_CAMION_BUS,VEH_ANY_SOAT_PROBLEMA,VEH_ANY_CITV_PROBLEMA,VEH_ANY_SEGURO_PROBLEMA,HORA_NUM,FRANJA_HORARIA,ANIO,MES,DIA_MES,DIA_SEMANA,ES_FIN_SEMANA,ES_QUINCENA,REGION_NATURAL,TIENE_SEÑALIZACION,ES_VIA_MULTICARRIL,ES_DEPTO_BAJO_PAVIMENTO,CATEGORIA_SEVERIDAD,CATEGORIA_SEVERIDAD_ENC
6,1,5,0,4,2,-7.127002001819593,-78.56528533143954,5,4,0,0,1,2,2,0,6543.555,2.0,4,4,1.0,14,33,1198.0,0.32401446720423677,74.06102716191984,53.605428609593524,4.405357309530502,372.42914803637024,8583.870669928247,15935.565011852366,1733.9250000199986,935.692,13265.948011832368,2000.1670000199988,13935.398011832369,12.551591352627522,6,1,0,0,5,35.332743050287576,31.999645830172547,37.832565965373846,0.16672569497124234,0.16672569497124234,0.0,0.16672569497124234,1,0,0.0,0.16672569497124234,0.8332743050287577,0.0,0.16672569497124234,0.8332743050287577,0.0,0.16672569497124234,1.0,0.16672569497124234,11,2,2022,4,9,1,0,0,2,1,0,1,GRAVE_LESIONADOS,1
4,1,7,0,4,1,-13.228145751657198,-75.09186540404109,0,4,3,0,2,2,2,2,1124.412236352738,2.0,2,0,1.0,3,29,71.34165794883401,0.38002859698708663,68.92011424892002,56.94719463701213,6.697904083481702,461.9288959868653,4290.312865907867,12452.698482781398,1816.7471492059308,1409.216707881322,9226.734625694144,1995.9437021646795,10456.754780616717,15.973364886045616,21,1,0,0,19,48.08843651924383,44.2683315897668,51.908541448720854,1.0,0.0,0.0,1.0,1,0,0.0,0.0,0.45427072436042526,0.5457292756395747,0.0,0.0,1.0,0.0,0.0,0.0,5,0,2022,6,12,2,0,0,2,1,0,1,GRAVE_LESIONADOS,1
4,1,1,0,4,1,-11.435148787652912,-76.07041303340257,0,4,0,0,4,1,0,1,6543.555,2.0,4,4,1.0,14,33,1198.0,0.3852192235394929,77.71628436690247,51.27929211973146,5.926359029186857,460.6636327967399,8230.21324247434,10642.746047866505,1775.739297568025,1370.518764157677,7496.487986140805,2320.840758453225,8321.905289413282,21.878215615392644,5,1,0,0,3,49.74542763775935,49.74542763775935,49.74542763775935,1.0,0.0,0.0,0.0,1,0,0.0,0.2804415867345651,0.0,0.0,0.0,0.0,1.0,0.0,1.0,0.0,5,0,2022,1,10,0,0,0,0,1,0,1,GRAVE_LESIONADOS,1
3,1,10,0,4,1,-13.55938714600631,-76.06592124620529,5,4,6,1,5,2,2,0,6639.975,2.0,2,0,1.0,9,31,1616.0,0.5718158153580155,81.17343169869574,68.26203608458341,9.06767076806513,870.4651810064589,26797.53113585365,3721.461,698.1859999999996,744.866,2278.409,1102.9029999999996,2618.558,29.636290693359403,5,2,0,0,3,37.0,34.32235964932566,39.67764035067434,0.8925467835581135,1.0,0.0,0.0,2,0,0.0,0.8925467835581135,0.0,1.0,0.8925467835581135,1.0,0.0,0.10745321644188655,1.0,1.0,6,0,2023,2,20,1,0,1,0,1,0,1,GRAVE_LESIONADOS,1
3,2,12,0,4,1,-7.899258121735022,-78.09391081657861,0,4,7,1,2,2,2,1,9414.75638352145,2.1538808144448884,2,0,1.0,7,31,3467.610681982288,0.4150690291194364,73.61793839696836,57.55661545686721,5.776503358321431,585.1385493085564,69263.94255907893,8931.828000000005,1335.5899999999997,1935.9830000000004,5660.255000000005,1219.309,7712.519000000005,13.651281686122925,7,2,0,0,5,37.38515262389576,31.615523257779554,43.15478199001198,1.0,0.15388081444488821,0.0,0.0,2,0,0.0,1.0,0.15388081444488821,0.0,0.15388081444488821,0.0,1.0,0.0,1.0,0.15388081444488821,4,0,2022,8,7,1,0,0,0,1,0,1,GRAVE_LESIONADOS,1
5,1,23,0,4,1,-3.695303835903,-80.70535793363467,5,4,1,0,2,2,2,2,6543.555,3.0,2,0,1.0,0,30,1475.0,0.5749641424470072,74.84942229577601,69.4560153715718,9.03378267897936,983.2283792942983,10800.108287826808,1009.101,138.47399999999996,287.471,583.156,276.972,732.129,27.447401201663663,26,1,0,0,25,38.84997409255323,38.84997409255323,38.84997409255323,1.0,0.26428201322189016,0.0,1.0,1,0,0.0,0.0,0.26428201322189016,0.26428201322189016,0.26428201322189016,0.26428201322189016,0.7357179867781098,0.26428201322189016,0.26428201322189016,0.26428201322189016,13,1,2024,8,20,5,1,0,0,1,1,1,GRAVE_LESIONADOS,1
3,1,13,0,4,1,-10.77002769965131,-77.32404721382613,0,4,7,1,2,2,2,1,974.1765874355165,-0.5765664430760686,0,0,0.7882832215380343,9,18,187.67631408620767,0.5093015216334975,79.06810923891544,57.66878830211167,6.10721109127123,1029.9690728241183,20464.432532484272,7902.712430033775,1609.765152132808,1670.4103826638361,4622.53689523713,1688.783685118521,6213.928744915254,21.649408047450617,4,1,0,0,3,53.27697382614936,47.364849664614106,59.18909798768462,1.0,0.0,0.0,0.7882832215380343,1,0,0.0,0.0,0.0,1.0,0.0,1.0,0.0,0.0,0.21171677846196568,0.0,8,1,2021,12,4,6,1,0,0,1,0,1,GRAVE_LESIONADOS,1
3,1,11,0,4,1,-10.95415685119985,-74.83167809727728,5,4,6,1,5,2,2,0,5768.608,2.0,3,1,0.0,9,32,365.0,0.4504704361939795,78.21109613042135,53.36127577481231,6.956854509393587,612.1696439943328,61517.46466809421,12264.545,1826.4639999999995,1105.5389999999998,9332.542,1588.5359999999996,10676.009,12.952261987705208,6,2,0,0,4,30.46986216567837,29.324576155932586,31.61514817542416,1.0,0.0,0.0,0.0,2,0,0.0,0.14528600974578665,1.0,0.8547139902542134,0.0,0.8547139902542134,1.0,0.0,0.8547139902542134,0.0,2,0,2022,4,10,1,0,0,2,1,0,1,GRAVE_LESIONADOS,1
3,1,14,2,3,1,-11.977863194554507,-76.90805388156122,0,0,7,1,2,2,2,4,2668.3786589567358,2.0,2,1,1.0,6,20,485.57662737210063,0.6979371312373335,79.77120608799372,76.8305886556301,9.766587474054079,1435.846628453299,635921.3614765126,7626.313,1683.4029999999998,1599.0829999999996,4343.827000000001,1814.875,5811.438000000001,23.797541485643197,8,1,0,0,6,24.63258469745125,22.58146174362812,26.683707651274375,1.0,0.6837076512743756,0.0,0.0,1,0,0.0,0.6837076512743756,0.6837076512743756,0.3162923487256244,0.0,0.0,1.0,0.0,0.0,0.0,19,2,2023,5,23,1,0,1,0,1,0,1,GRAVE_LESIONADOS,1
6,1,12,0,4,1,-8.527389716577819,-78.69522898523655,0,4,7,1,2,2,2,2,6543.555,3.0,2,0,1.0,0,30,1475.0,0.5105857746483685,77.15860632982275,52.11398670584388,6.8811019529764605,912.9792203086115,67478.50379293454,8900.587791123446,1343.912961260485,1927.921180434149,5628.753649428812,1233.560545359323,7667.027245764123,13.894075737093493,4,1,0,0,3,22.33501179555334,22.33501179555334,22.33501179555334,0.9760705860319043,0.0,0.0,0.02392941396809567,1,0,0.0,0.9760705860319043,0.0,0.02392941396809567,0.0,0.02392941396809567,0.9760705860319043,0.0,0.0,0.0,21,1,2023,3,11,4,0,0,0,1,1,1,GRAVE_LESIONADOS,1
3,1,14,2,2,4,-11.885334350669282,-77.07162216218767,0,3,1,1,1,2,2,0,6543.555,2.0,4,4,1.0,14,33,1198.0,0.687713182259445,79.50281585761032,74.73533776710391,10.068523216207256,1376.5476933998168,378636.6332374533,7626.313,1683.4029999999998,1599.0829999999996,4343.827000000001,1814.875,5811.438000000001,23.797541485643197,8,2,0,0,6,31.68306838382,29.05465259653647,34.31148417110353,1.0,0.25683157456705863,0.0,0.0,2,0,0.0,0.0,0.7431684254329414,1.0,0.7431684254329414,0.7431684254329414,0.25683157456705863,1.0,1.0,1.0,5,0,2023,6,21,4,0,0,0,1,0,1,GRAVE_LESIONADOS,1
4,1,7,0,4,1,-13.865923609747664,-72.01196488921828,0,4,6,0,2,0,1,2,2687.145021272236,1.0,1,3,0.0,9,21,826.657257662034,0.454334886717532,69.71624078349137,69.36447178186847,6.679259288995039,677.5367641970452,10268.602937930147,17779.13499998999,2097.3709999899997,2863.123,12818.640999999989,2878.713,14900.421999989989,16.19152450331032,9,1,0,0,8,41.561272089466335,39.38578092525287,43.7367632536798,1.0,0.0,0.0,0.0,1,0,0.0,0.0,0.5438727910533667,1.0,0.0,1.0,0.5438727910533667,0.0,0.0,0.0,10,2,2023,6,12,2,0,0,2,1,0,1,GRAVE_LESIONADOS,1
6,1,10,0,4,1,-13.371278614973386,-76.21042365961723,0,4,7,1,2,2,2,1,6639.975,2.0,2,0,1.0,9,31,1616.0,0.5736744275518083,81.67473861808857,68.1608574885675,9.138785887908334,865.1176766860625,26660.92933618844,3721.461,698.1859999999996,744.866,2278.409,1102.9029999999996,2618.558,29.636290693359403,7,1,0,0,5,30.6697775171093,25.819878645695983,35.51967638852262,1.0,0.0,0.0,0.0,1,0,0.0,0.9699797742826637,0.0,0.030020225717336313,0.0,1.0,0.9699797742826637,0.9699797742826637,0.9699797742826637,0.0,14,2,2022,8,7,1,0,0,0,1,0,1,GRAVE_LESIONADOS,1
4,1,3,0,4,1,-16.240723261855397,-71.3055572418245,0,4,4,1,5,2,2,0,1261.7216786421957,1.3972275295662326,3,1,0.39722752956623253,8,29,217.49187365308308,0.4990027450379003,80.36391366698446,71.7915767941996,7.1819746787082215,675.9934901861866,2572.9388270015834,10322.272,1495.236,1749.739,7077.2970000000005,2886.595,7435.677000000001,27.964725207783708,5,1,0,0,3,37.41108988173507,36.21940729303637,38.60277247043377,1.0,0.0,0.0,0.0,1,0,0.0,0.6027724704337675,0.0,0.39722752956623253,0.0,0.39722752956623253,1.0,0.0,0.0,0.0,8,1,2022,7,15,3,0,0,0,1,0,1,GRAVE_LESIONADOS,1
4,1,2,0,4,1,-12.82713450736384,-75.55873994660978,0,4,3,0,2,1,1,0,6598.6416758880605,2.0,2,1,1.0,11,31,1436.8117664510369,0.6054559960635806,80.85893928456349,58.6744985215208,9.14497564514898,1109.9909340369895,5407.131788027215,10513.195776806466,1662.34703234376,1523.816931893523,7327.031812569185,2549.544504774308,7963.65127203216,24.338661235726462,6,1,0,0,5,35.99848021606344,35.99848021606344,35.99848021606344,1.0,0.0,0.0,0.0,1,0,0.5713200154331027,0.0,0.0,1.0,0.0,0.5713200154331027,0.42867998456689727,0.0,0.42867998456689727,0.0,6,1,2021,5,27,4,0,1,0,1,0,1,GRAVE_LESIONADOS,1
5,2,3,0,4,1,-16.09995257306604,-71.36564481770257,0,4,0,0,2,0,1,0,1524.2305543461973,2.0,2,0,1.0,7,25,248.1250588987893,0.4784552776880781,81.65499205375723,71.10230823199898,6.211104751864152,652.4516467588949,1714.049941615581,10322.272,1495.236,1749.739,7077.2970000000005,2886.595,7435.677000000001,27.964725207783708,4,2,0,0,2,36.921878487428316,32.56250464990442,41.281252324952206,1.0,0.0468753874920349,0.0,0.0,2,0,0.0,0.9531246125079651,0.0,1.0,0.0,1.0,0.9531246125079651,0.0,0.0468753874920349,0.0,5,0,2024,5,4,1,0,0,0,1,0,1,GRAVE_LESIONADOS,1
3,2,5,0,4,0,-9.501330227341775,-75.46385302147088,0,4,7,1,2,0,1,2,7171.275095977586,2.0,2,1,1.0,11,26,1681.14820201896,0.6066964332425231,76.00763790706779,73.35886883289285,9.4790406752905,1064.4747384537027,98637.54489265234,16826.495935749554,1909.5653514162145,1867.1499281651268,13049.780656168212,2424.7366146724203,14401.759321077132,14.310639843180263,13,2,0,0,10,38.15062440446058,36.13388835952051,40.16736044940065,1.0,0.5167360449400644,0.5167360449400644,1.0,2,0,0.0,0.0,1.0,0.4832639550599356,0.5167360449400644,0.0,0.4832639550599356,0.5167360449400644,1.0,0.5167360449400644,8,1,2024,3,11,3,0,0,2,1,0,1,GRAVE_LESIONADOS,1
3,1,7,0,4,1,-13.481005010459674,-72.2855878821637,0,0,1,1,2,1,1,2,7586.903,2.0,2,0,1.0,9,5,1198.0,0.3702779299383625,69.9673592587332,54.0682035442707,5.915644548522806,475.91772386633835,8680.303019986375,17779.13499998999,2097.3709999899997,2863.123,12818.640999999989,2878.713,14900.421999989989,16.19152450331032,6,2,0,0,3,30.30383644424584,26.80892673822312,34.88410219320243,1.0,0.0,0.0,0.0,2,0,0.18089267382231222,0.0,0.0,1.0,0.0,1.0,0.18089267382231222,0.0,0.8191073261776878,0.18089267382231222,9,1,2023,8,1,2,0,0,2,1,0,1,GRAVE_LESIONADOS,1
4,2,9,0,3,1,-9.188480579159823,-78.52386640048684,1,3,7,1,2,2,2,0,6543.555,2.0,4,4,1.0,14,33,1198.0,0.5925782477857809,79.3181444425889,72.04708892235563,8.755074195001743,999.052446161022,28455.632963365413,1916.2544542772825,302.04216487334656,380.4936210476798,1233.7186683562563,407.3952155887002,1508.8592386885825,54.8757725164906,9,2,1,0,6,35.386223174680154,33.471276425689005,37.30116992367131,1.0,0.0,0.0,0.0,2,0,0.0,0.5471276425689006,0.45287235743109944,1.0,0.0,0.45287235743109944,1.0,0.0,0.45287235743109944,0.0,6,0,2022,2,21,3,0,1,0,1,0,0,GRAVE_LESIONADOS,1
5,1,1,0,4,1,-8.90018161385831,-77.50292535202603,2,4,0,1,2,2,2,0,1695.1111840390997,1.040785013435518,0,2,0.0407850134355181,8,27,246.75528991938688,0.34547905789398153,74.11352662070479,56.27437786787954,5.747771293432152,350.4042622673242,2811.3194253532906,10749.483333856142,1869.1639005674726,1244.21543621076,7636.103997077912,2132.410298383703,8617.073035472442,19.851038939569193,6,1,0,0,5,48.429009811902745,48.30665477159619,48.5513648522093,1.0,0.0,0.0,0.0,1,0,0.0,0.0,0.0,1.0,0.0,1.0,0.0407850134355181,0.0,0.9592149865644819,0.0,18,2,2021,3,27,0,0,0,0,1,0,1,GRAVE_LESIONADOS,1
3,1,14,0,4,1,-15.0181152828899,-71.48268868497463,0,4,4,0,2,2,2,2,1560.5837302760074,1.684991724810226,1,0,0.684991724810226,7,27,261.1605296121455,0.3663946293506543,72.8173431068852,64.0983266364852,6.463519333127353,391.9056464347023,4154.395497007205,13338.777326192638,1952.8301400001903,2171.3860547030904,9214.561131489358,3053.011887540564,10285.765438652072,22.815142118196405,8,1,0,0,6,27.54755378873353,23.78009930227729,31.315008275189776,1.0,0.0,0.0,0.31500827518977403,1,0,0.0,0.0,0.0,0.684991724810226,0.31500827518977403,0.684991724810226,0.0,1.0,1.0,1.0,17,2,2022,8,14,2,0,0,2,1,0,1,GRAVE_LESIONADOS,1
3,1,11,0,4,1,-11.798816021777263,-75.59749695277385,0,4,4,1,2,2,2,2,7586.903,2.0,2,0,1.0,9,5,1198.0,0.49254114012258704,70.56380890386336,60.03695491475473,7.913039925385781,799.5422602418461,1131.8325041826413,12264.545,1826.4639999999995,1105.5389999999998,9332.542,1588.5359999999996,10676.009,12.952261987705208,5,2,0,0,3,37.28777475391555,27.35989114095986,47.215658366871246,1.0,0.0,0.0,0.42445049216889674,2,0,0.0,0.0,0.5755495078311033,1.0,0.42445049216889674,1.0,0.5755495078311033,0.0,0.42445049216889674,0.0,14,3,2022,4,24,3,0,1,2,1,0,1,GRAVE_LESIONADOS,1
1,2,10,0,4,1,-13.494975348132547,-76.18694083576266,0,3,7,1,2,2,2,3,199.17350902496864,-1.0,2,0,0.9505939659311243,12,31,15.0,0.5953079335950816,79.63379492495491,65.52304431979908,9.56640765458052,990.0474746546636,5471.324751684278,3721.461,698.1859999999996,744.866,2278.409,1102.9029999999996,2618.558,29.636290693359403,5,2,0,0,2,46.17292111924107,43.24703017034438,49.098812068137754,1.0,0.0,0.0,0.04940603406887567,2,0,0.0,0.0,0.0,1.0,0.0,1.0,0.0,0.0,0.0,0.0,18,2,2022,1,27,4,0,1,0,1,0,1,GRAVE_LESIONADOS,1
5,1,12,0,4,2,-7.717647630877828,-78.55650428559875,1,4,0,0,6,2,2,5,6543.555,2.0,4,4,1.0,14,33,1198.0,0.23383237190482747,76.31007491866441,33.35333967727192,3.7062474520945474,248.3429364530541,24301.302174390054,8931.828000000005,1335.5899999999997,1935.9830000000004,5660.255000000005,1219.309,7712.519000000005,13.651281686122925,4,1,0,0,3,41.87304287800987,40.4643464755222,43.28173928049753,1.0,0.0,0.0,0.0,1,0,0.0,0.0,0.1408696402487667,0.0,0.1408696402487667,0.0,0.8591303597512333,0.0,0.8591303597512333,0.0,10,1,2021,3,10,4,0,0,0,1,0,1,GRAVE_LESIONADOS,1
3,1,12,0,4,1,-7.678355943831578,-79.4170706061127,0,4,7,1,2,2,2,2,6543.555,2.228355614178848,3,3,1.0,10,32,1261.2545051275408,0.5605164445866666,76.61349501649897,62.760180081206855,7.98931757140171,999.8297352720696,9448.43683083512,8931.828000000005,1335.5899999999997,1935.9830000000004,5660.255000000005,1219.309,7712.519000000005,13.651281686122925,4,1,0,0,2,32.905868952975055,32.905868952975055,32.905868952975055,1.0,0.7716443858211524,0.0,0.0,1,0,0.0,0.0,0.0,1.0,0.0,1.0,0.0,0.0,1.0,0.0,12,3,2023,6,20,6,1,0,0,1,0,1,GRAVE_LESIONADOS,1
3,2,10,0,4,0,-11.992881519658125,-76.94079148806829,0,4,7,1,2,2,2,0,6618.7520101895525,2.0,2,0,1.0,10,31,1523.9940910519897,0.5484212290061709,80.58825608000957,68.2763110844028,8.723368121733031,806.7766366078716,12112.415281761103,3663.8428497958835,657.8786074875703,732.7295841924033,2273.2346581159095,1014.9585576355029,2648.8842921603805,27.58788348364419,9,2,0,0,7,47.32741899454966,43.1575837395784,51.497254249520914,1.0,0.0,0.0,1.0,2,0,0.0,0.0,0.2201098300191635,1.0,0.0,1.0,1.0,0.0,0.0,0.0,22,2,2022,8,18,4,0,0,0,1,0,1,GRAVE_LESIONADOS,1
3,1,5,0,4,1,-8.723817681937852,-77.71719531589301,5,4,6,0,1,0,0,2,781.9387933653126,1.3964810986582976,1,0,0.7988270328860992,8,20,131.2615898805597,0.5384024444769392,71.55515122449295,66.33776132979628,7.637940153142388,988.441214327658,7718.9362591293375,16306.44145644815,1807.0405102196423,1323.439013177313,13175.961933051196,2176.9067055820246,14129.534750866127,13.28384750464663,6,1,0,0,4,29.98827032886099,22.0,37.97654065772198,0.7988270328860992,0.0,0.7988270328860992,0.7988270328860992,1,0,0.0,0.0,0.0,1.0,0.0,1.0,0.0,0.0,0.0,0.0,12,1,2021,9,29,3,0,1,2,0,0,1,GRAVE_LESIONADOS,1
2,2,5,0,4,1,-5.666273238944092,-78.75663361667877,0,3,7,0,2,0,1,2,7758.33400008,2.0,2,0,1.0,9,20,2133.0,0.5803239946829384,74.49544278598792,68.33065356443184,8.733179344969395,1046.078117086984,102362.46895074946,15935.565011852366,1733.9250000199986,935.692,13265.948011832368,2000.1670000199988,13935.398011832369,12.551591352627522,5,2,0,0,1,41.0662295815963,38.759982340840054,43.37247682235257,1.0,0.9224988963025031,1.0,1.0,2,0,0.0,0.0,0.9224988963025031,0.07750110369749685,1.0,0.0,0.0,0.9224988963025031,1.0,0.9224988963025031,3,0,2024,1,13,5,1,0,2,1,0,1,GRAVE_LESIONADOS,1
3,1,7,0,4,1,-14.290164457053967,-71.224282211537,0,4,7,1,2,1,1,2,7433.182525506374,2.0,2,0,1.0,9,9,1198.0,0.23342959794257834,64.90284030438731,53.59318125341334,5.102698010791801,171.00470533611355,5386.375056985195,17779.13499998999,2097.3709999899997,2863.123,12818.640999999989,2878.713,14900.421999989989,16.19152450331032,5,1,0,0,3,34.504675397270745,23.42001540694838,45.58933538759312,1.0,0.0,0.0,0.8526661531017207,1,0,0.0,0.8526661531017207,0.0,1.0,0.0,0.8526661531017207,1.0,0.14733384689827933,0.14733384689827933,0.14733384689827933,18,2,2023,1,3,0,0,0,2,1,0,1,GRAVE_LESIONADOS,1
6,1,12,0,4,1,-8.012714027734976,-78.25507701663503,0,4,7,1,2,2,2,2,9173.026616688216,2.225116567747051,2,0,1.0,6,31,3299.850482955694,0.42265217132263827,73.9138631979309,57.048442627908614,5.855544159215981,611.722903503198,69124.89875828286,8931.828000000005,1335.5899999999997,1935.9830000000004,5660.255000000005,1219.309,7712.519000000005,13.651281686122925,4,1,0,1,2,31.298601187035384,31.298601187035384,31.298601187035384,1.0,0.0,0.0,0.0,1,0,0.0,1.0,0.0,0.0,0.0,0.0,1.0,0.0,0.7748834322529488,0.0,18,2,2021,5,24,1,0,0,0,1,0,1,GRAVE_LESIONADOS,1
4,1,5,0,4,1,-7.334679057373654,-78.32156254670882,0,4,7,1,1,2,2,0,6543.555,2.0,4,4,1.0,14,33,1198.0,0.2885309446381605,76.9471501175527,39.16571989486015,3.68745351258448,337.2601367982749,23996.764776513046,15935.565011852366,1733.9250000199986,935.692,13265.948011832368,2000.1670000199988,13935.398011832369,12.551591352627522,6,2,0,0,3,39.51816221443943,32.53461602801805,46.501708400860814,1.0,0.0,0.0,0.0,2,0,0.6072648857757724,0.3927351142242276,0.0,0.6072648857757724,0.6072648857757724,0.0,0.3927351142242276,0.6072648857757724,0.6072648857757724,0.6072648857757724,15,3,2022,7,17,4,0,0,2,1,0,1,GRAVE_LESIONADOS,1
6,1,4,0,4,1,-13.477910424506566,-74.1568678363995,0,4,3,0,4,1,0,4,7069.79959906871,2.0,2,1,1.0,11,18,1198.0,0.3626716734258005,72.04008487870972,52.43445139850836,5.58830577721319,436.31779846678484,6706.232060153356,12678.733000000004,1805.074000000001,1774.0339999999994,9099.625000000004,2485.375000000001,10193.358000000002,19.602707936195205,4,1,0,0,3,34.399243801128364,34.399243801128364,34.399243801128364,1.0,0.4956192957012332,0.0,0.4956192957012332,1,0,0.0,0.4956192957012332,0.0,0.5043807042987668,0.0,0.5043807042987668,0.4956192957012332,0.4956192957012332,0.0,0.0,15,3,2023,5,8,5,1,0,2,1,0,1,GRAVE_LESIONADOS,1
6,1,14,0,4,1,-11.605767454048266,-77.19866238989916,0,4,3,0,2,1,0,1,6543.555,3.0,2,0,1.0,0,30,1475.0,0.606011890732538,79.10580202061365,64.14379964647316,7.172095916125169,1269.9879605915198,20981.39186295503,7626.313,1683.4029999999998,1599.0829999999996,4343.827000000001,1814.875,5811.438000000001,23.797541485643197,6,1,0,0,5,34.74967778643393,34.74967778643393,34.74967778643393,1.0,0.0,0.0,1.0,1,0,0.0,0.0,0.5356682552048472,0.4643317447951528,0.0,0.4643317447951528,0.5356682552048472,0.0,0.0,0.0,8,1,2022,5,24,2,0,1,0,1,1,1,GRAVE_LESIONADOS,1
6,1,7,0,4,1,-14.585956020888277,-71.7311074882685,1,4,5,0,2,2,2,2,1780.161,1.0,1,3,0.0,9,32,490.0,0.4670263153502933,65.5237709552973,70.61273193256336,7.074467358088314,760.9316629253258,9065.880085653103,17779.13499998999,2097.3709999899997,2863.123,12818.640999999989,2878.713,14900.421999989989,16.19152450331032,4,1,0,0,3,40.665047311015684,40.665047311015684,40.665047311015684,1.0,0.0,0.0,0.0,1,0,0.0,0.0,0.0,1.0,0.0,0.7466018924406274,0.25339810755937264,0.0,0.0,0.0,4,0,2024,2,22,4,0,0,2,1,0,1,GRAVE_LESIONADOS,1
4,1,7,0,4,1,-13.89947573214694,-71.91522615019265,0,4,7,1,4,1,1,2,7059.982998106777,2.0,3,2,1.0,11,19,1198.0,0.4316362633193144,69.30237020916738,63.788580611787346,6.344483943888373,668.1847894018222,7927.014677054694,17779.13499998999,2097.3709999899997,2863.123,12818.640999999989,2878.713,14900.421999989989,16.19152450331032,5,2,0,0,3,36.939663446214794,32.97988781540493,43.86927080013206,1.0,0.505028046148767,0.0,0.0,2,0,0.49497195385123305,0.0,0.0,1.0,0.0,0.49497195385123305,1.0,0.0,0.0,0.49497195385123305,10,1,2022,10,7,2,0,0,2,1,0,1,GRAVE_LESIONADOS,1
3,1,19,0,4,2,-5.402109716455969,-80.72257922092773,5,4,5,1,5,2,2,0,6543.555,2.0,4,4,1.0,14,33,1198.0,0.4609359467040578,76.06637247131232,61.787258703337045,6.630990188153799,657.5161871643795,43204.95236885199,8965.846000060003,1782.4120000599992,636.9959999999999,6546.438000000004,2214.505000059999,6751.341000000004,24.699342371541725,5,1,0,0,4,37.51844131349682,37.51844131349682,37.51844131349682,1.0,0.9695034521472455,0.0,0.030496547852754463,1,0,0.0,0.9695034521472455,0.030496547852754463,0.0,0.9695034521472455,0.0,0.030496547852754463,0.9695034521472455,1.0,0.9695034521472455,20,2,2022,7,9,6,1,0,0,1,0,1,GRAVE_LESIONADOS,1
6,1,12,0,4,2,-7.960275531422219,-78.2311375193647,0,4,7,1,2,2,2,1,6543.555,2.0,4,4,1.0,14,33,1198.0,0.3959303346169331,76.2747961434406,40.01639993450496,5.812358331564505,592.6240373603263,13193.970987065015,8931.828000000005,1335.5899999999997,1935.9830000000004,5660.255000000005,1219.309,7712.519000000005,13.651281686122925,5,1,0,0,4,35.154654771035574,31.681896265025408,37.75922365054319,0.13181037349745917,0.0,0.0,0.0,1,0,0.0,0.0,0.8681896265025408,0.13181037349745917,0.8681896265025408,0.0,0.13181037349745917,0.8681896265025408,0.0,0.8681896265025408,18,2,2024,2,18,4,0,1,0,1,0,1,GRAVE_LESIONADOS,1