CLASE SINIESTRO,CANTIDAD DE VEHICULOS DAÑADOS,DEPARTAMENTO,ZONA,TIPO DE VÍA,RED VIAL,COORDENADAS LATITUD,COORDENADAS  LONGITUD,CONDICIÓN CLIMÁTICA,ZONIFICACIÓN,CARACTERÍSTICAS DE VÍA,PERFIL LONGITUDINAL VÍA,SUPERFICIE DE CALZADA,¿EXISTE SEÑAL VERTICAL?,¿EXISTE SEÑAL HORIZONTAL?,CAUSA FACTOR PRINCIPAL,MTC_RVN_LONGITUD_KM,MTC_RVN_N_CARRILES_MEDIANA,MTC_RVN_SUPERFICIE_DOMINANTE,MTC_RVN_ESTADO_DOMINANTE,MTC_RVN_ES_CONCESIONADA,MTC_RVN_CONCESION_PRINCIPAL,MTC_RVN_CORREDOR_LOGISTICO,MTC_RVN_N_TRAMOS,IDH_2019,IDH_ESP_VIDA_2019,IDH_EDUC_SECUND_PCT_2019,IDH_ANIOS_EDUC_2019,IDH_INGRESO_PERCAP_2019,IDH_POBLACION_2019,MTC_DEP_RED_TOTAL_KM,MTC_DEP_NACIONAL_TOTAL_KM,MTC_DEP_DEPARTAMENTAL_TOTAL_KM,MTC_DEP_VECINAL_TOTAL_KM,MTC_DEP_PAV_TOTAL_KM,MTC_DEP_NO_PAV_TOTAL_KM,MTC_DEP_PCT_PAVIMENTADA,PER_TOTAL_PERSONAS,PER_N_CONDUCTORES,PER_N_CONDUCTORES_FUGADOS,PER_N_PEATONES,PER_N_PASAJEROS_OCUPANTES,PER_EDAD_COND_PROM,PER_EDAD_COND_MIN,PER_EDAD_COND_MAX,PER_ANY_COND_MASCULINO,PER_ANY_LIC_PROBLEMA,PER_ANY_DOSAJE_POS,PER_ANY_DOSAJE_EVALUADO,VEH_TOTAL,VEH_N_FUGADOS,VEH_ANY_FUGADO,VEH_ANY_CARGA,VEH_ANY_PUBLICO,VEH_ANY_PARTICULAR,VEH_ANY_MOTO,VEH_ANY_AUTO,VEH_ANY_CAMION_BUS,VEH_ANY_SOAT_PROBLEMA,VEH_ANY_CITV_PROBLEMA,VEH_ANY_SEGURO_PROBLEMA,HORA_NUM,FRANJA_HORARIA,ANIO,MES,DIA_MES,DIA_SEMANA,ES_FIN_SEMANA,ES_QUINCENA,REGION_NATURAL,TIENE_SEÑALIZACION,ES_VIA_MULTICARRIL,ES_DEPTO_BAJO_PAVIMENTO,CATEGORIA_SEVERIDAD,CATEGORIA_SEVERIDAD_ENC
6,1,1,0,4,0,-10.49551356308588,-76.5787927438377,0,4,0,0,3,1,0,1,6554.49003113739,2.0,3,3,1.0,13,32,1245.4055488013805,0.3686592467421187,76.02740326083948,50.07774736998399,5.291876436783218,473.63625536135316,8301.184881209765,10717.13772798334,1840.8525625057523,1282.4903242062342,7593.794841271356,2189.5121568329732,8527.625571150369,20.46535339569176,5,1,0,0,3,58.20612717318262,57.185433538703144,59.22682080766211,1.0,0.0,0.0,0.11341040383105361,1,0,0.0,0.0,0.0,0.11341040383105361,0.0,0.11341040383105361,1.0,0.0,0.8865895961689464,0.0,4,0,2023,2,9,1,0,0,0,1,0,1,GRAVE_LESIONADOS,1
3,1,14,2,2,4,-12.226413039241903,-76.93669313019576,0,2,2,1,2,2,2,1,6543.555,2.0,4,4,1.0,14,33,1198.0,0.6990481232857558,80.14597904142546,74.3851677794309,10.004397644056358,1432.5044292531525,459161.0728051392,7626.313,1683.4029999999998,1599.0829999999996,4343.827000000001,1814.875,5811.438000000001,23.797541485643197,10,2,0,0,8,41.17441048358595,33.65761281327172,48.691208153900185,1.0,1.0,0.0,0.0,2,0,0.0,0.7516797670314233,0.7516797670314233,0.24832023296857675,0.24832023296857675,0.0,1.0,1.0,0.24832023296857675,1.0,12,1,2023,4,27,6,1,1,0,1,0,1,GRAVE_LESIONADOS,1
4,1,6,0,4,1,-13.105264646159682,-74.46055512109515,0,4,7,1,2,1,0,0,1826.1488918323575,1.577131590940913,1,1,0.5771315909409129,9,32,348.17594863973676,0.4357145030578551,77.04953535649913,58.68423385909202,6.954082169400506,738.2319750423194,20323.616701448376,9734.29715783425,1427.7267499673528,1828.4957039768008,6478.074703890095,2181.552421733511,7552.744736100738,21.912022117621916,4,1,0,0,3,41.53721045435452,36.92015772682722,46.154263181881824,1.0,0.5771315909409129,0.0,0.5771315909409129,1,0,0.0,0.0,0.0,1.0,0.5771315909409129,1.0,0.0,0.5771315909409129,1.0,0.5771315909409129,18,2,2023,9,4,5,1,0,0,1,0,1,GRAVE_LESIONADOS,1
4,1,12,0,4,1,-7.847952610810995,-78.05318618503732,0,4,7,1,1,2,2,2,9936.932,2.0,2,0,1.0,9,32,3830.0,0.3986882084754764,72.97869269132666,58.65435142755623,5.605762371496486,527.7120199980477,69564.29978586723,8931.828000000005,1335.5899999999997,1935.9830000000004,5660.255000000005,1219.309,7712.519000000005,13.651281686122925,7,1,0,0,5,40.79419565259347,38.725594203457966,42.86279710172898,1.0,0.0,0.0,0.0,1,0,0.0,0.5171503622838772,0.0,0.48284963771612277,0.0,0.0,1.0,0.0,0.5171503622838772,0.0,10,1,2022,9,15,2,0,0,0,1,0,1,GRAVE_LESIONADOS,1
3,2,12,0,4,1,-7.177723509428514,-79.46133226726953,0,4,7,1,2,2,2,0,6543.555,2.630001114040023,2,1,1.0,5,31,1372.5103085890862,0.5114727232493018,78.60606800160349,61.153108160372966,6.422343227671115,862.4189512831092,24701.19700214133,8931.828000000005,1335.5899999999997,1935.9830000000004,5660.255000000005,1219.309,7712.519000000005,13.651281686122925,4,2,0,0,2,27.43998663151973,23.739997771919956,31.139975491119504,1.0,0.6300011140400226,0.0,0.0,2,0,0.0,0.0,1.0,0.6300011140400226,1.0,0.0,0.0,0.6300011140400226,0.0,0.0,19,2,2021,1,12,5,0,0,0,1,0,1,GRAVE_LESIONADOS,1
3,1,4,0,4,1,-13.090186414648196,-74.26801548777354,0,4,5,0,1,1,1,2,7316.446192842353,2.0,2,1,1.0,10,12,1198.0,0.36603161322378863,75.1496459448392,64.76705658782681,5.559976323154151,387.8182124176076,5687.282088858988,12678.733000000004,1805.074000000001,1774.0339999999994,9099.625000000004,2485.375000000001,10193.358000000002,19.602707936195205,5,1,0,0,3,51.18545907012471,43.03688053135731,59.3340376088921,1.0,1.0,0.0,0.25922013283932754,1,0,0.0,1.0,0.7407798671606725,0.0,0.7407798671606725,0.0,1.0,0.25922013283932754,0.7407798671606725,0.0,7,1,2022,6,23,2,0,1,2,1,0,1,GRAVE_LESIONADOS,1
6,1,9,0,4,1,-12.65621738777302,-75.85867207064918,0,4,1,0,2,1,1,0,1469.7246212383786,1.2158128207679204,1,2,0.0,9,16,362.3678872886699,0.3364556877343918,70.92316933617428,52.59208658123881,5.522134224772714,381.1938094110586,1243.4282727615634,8320.407266771643,1496.7586094709723,1920.1551093545281,4903.493547946142,1865.6150472450324,6454.79221952661,22.453027372033795,4,1,0,0,3,27.61113333996593,27.61113333996593,27.61113333996593,1.0,0.0,0.0,0.0,1,0,0.0,0.0,0.0,1.0,0.0,1.0,0.0,0.0,0.0,0.0,7,1,2023,4,8,5,1,0,1,1,0,1,GRAVE_LESIONADOS,1
3,5,5,0,4,0,-7.533410789110043,-77.1502370962833,0,4,5,0,2,0,1,2,7470.7778201308665,2.0,2,0,1.0,10,23,1911.6716528399538,0.5932418767474857,75.23615389575346,70.79359955580772,9.098520937474223,1055.0892437852026,100537.90769248061,16371.965330941528,1819.95805077432,1391.943462561535,13160.063817605673,2208.1318493030403,14163.833481638489,13.413217436064617,5,2,0,0,2,40.25120930693001,38.342996331422114,42.15942228243791,1.0,0.7632851902031591,0.7632851902031591,1.0,2,0,0.0,0.0,0.7632851902031591,0.2367148097968409,0.7632851902031591,0.0,0.2367148097968409,0.7632851902031591,0.7632851902031591,0.7632851902031591,5,0,2023,3,17,5,0,0,2,1,0,1,GRAVE_LESIONADOS,1
6,0,20,0,4,1,-15.281785560386103,-70.24596274328387,0,4,7,1,2,2,2,2,7586.903,2.0,2,0,1.0,9,5,1198.0,0.4511795949266133,72.68530261131556,72.46241818409169,8.159616228178958,609.9916185357054,20147.90173034782,13642.312999999998,2020.7790000000005,2354.117,9267.416999999998,3314.0520000000006,10328.260999999997,24.29244952817019,5,1,0,0,4,26.715600677814358,26.715600677814358,26.715600677814358,1.0,0.0,0.0,0.0,1,0,0.0,0.0,0.2773882751655504,0.7226117248344496,0.0,0.7226117248344496,0.2773882751655504,0.0,0.7226117248344496,0.0,15,1,2023,9,26,4,0,0,2,1,0,1,GRAVE_LESIONADOS,1
3,1,7,0,4,1,-13.850000899978646,-71.62000998168203,0,4,6,0,2,1,1,1,2960.2143784006716,1.7954956613072042,1,0,0.7954956613072042,5,20,550.4576702593475,0.46375854543302336,65.55782475093366,72.3538031376504,7.215466734746536,727.6566422941537,8206.777136361163,17779.13499998999,2097.3709999899997,2863.123,12818.640999999989,2878.713,14900.421999989989,16.19152450331032,7,1,0,0,5,38.24954772562076,38.24954772562076,38.24954772562076,1.0,0.0,0.0,0.7954956613072042,1,0,0.0,0.0,0.0,1.0,0.0,1.0,0.7954956613072042,0.0,0.7954956613072042,0.0,16,1,2024,4,25,6,1,1,2,1,0,1,GRAVE_LESIONADOS,1
4,1,19,0,4,1,-5.1444948575365395,-80.38066708536785,0,4,7,1,2,2,2,0,1305.18,2.0,2,0,1.0,1,20,163.0,0.459857589992435,80.72202071327797,50.86886521100652,5.65389066385764,729.6720832259953,125429.93361884369,8965.846000060003,1782.4120000599992,636.9959999999999,6546.438000000004,2214.505000059999,6751.341000000004,24.699342371541725,28,1,0,0,27,45.45131521797497,38.860900622785636,52.04172981316431,1.0,0.0,0.0,1.0,1,0,0.0,0.0,0.6620300207595212,0.3379699792404788,0.3379699792404788,0.3379699792404788,0.6620300207595212,0.0,0.0,0.0,6,1,2021,10,20,2,0,1,0,1,0,1,GRAVE_LESIONADOS,1
3,2,16,0,4,2,-6.377715385554137,-78.5314548212953,0,2,4,1,2,2,2,0,6543.555,2.530154565016325,2,1,1.0,6,31,1344.852814509522,0.5424412687597174,73.64799701875111,63.89616464388797,8.703813992296412,910.342425677877,82820.55572924958,4486.512356657898,656.0222083311921,819.2033065184513,3011.286841808254,849.0310469621234,3637.4813096957737,19.212631427701712,9,2,0,0,7,36.66971423299792,26.54278217029385,46.796646295701976,1.0,1.0,0.0,0.5301545650163251,2,0,0.0,0.0,0.5301545650163251,0.4698454349836749,0.4698454349836749,0.0,0.5301545650163251,0.4698454349836749,1.0,0.4698454349836749,10,0,2022,7,22,3,0,1,0,1,0,1,GRAVE_LESIONADOS,1
5,1,19,0,4,1,-5.158235514171644,-80.65032648439019,4,4,7,1,2,2,2,1,4810.737263530154,2.6692070085723443,2,0,1.0,0,26,1040.9995952469158,0.6071344969687138,79.00125598691713,72.41652219739329,9.81651502835464,993.7162662925421,175924.69716059795,8965.846000060003,1782.4120000599992,636.9959999999999,6546.438000000004,2214.505000059999,6751.341000000004,24.699342371541725,8,1,0,0,7,32.30030888855952,32.30030888855952,32.30030888855952,1.0,0.0,0.0,1.0,1,0,0.0,0.0,0.0,1.0,0.0,1.0,0.3307929914276556,0.6692070085723444,1.0,0.0,9,1,2022,8,9,5,0,0,0,1,0,1,GRAVE_LESIONADOS,1
3,1,11,0,4,1,-8.745788945539108,-77.84455398409095,1,4,1,0,2,2,2,1,608.0172673176751,2.0,2,0,0.754940200158329,8,23,119.11466438765035,0.4229975397368456,74.50753179312825,54.312482958883564,6.367335076310958,593.3053222116507,26484.5415534684,9748.542960948938,1455.88348418748,1732.4745595802835,6560.184917181174,1309.7916947161407,8438.751266232797,13.479980058743294,10,2,0,0,8,34.377470100079165,27.20553819857504,41.54940200158329,1.0,0.0,0.0,0.0,2,0,0.0,1.0,0.24505979984167103,0.754940200158329,0.0,0.754940200158329,1.0,0.0,1.0,0.0,16,3,2021,8,17,4,0,1,0,1,0,1,GRAVE_LESIONADOS,1
5,1,12,0,4,1,-8.459370053960086,-78.72445944126417,0,4,7,1,2,2,2,1,6543.555,3.0,2,0,1.0,0,30,1475.0,0.5051395598219868,77.13285387085847,51.52067479184955,6.715328807318118,900.900383457586,67612.41755888652,8931.828000000005,1335.5899999999997,1935.9830000000004,5660.255000000005,1219.309,7712.519000000005,13.651281686122925,4,1,0,0,3,31.38657544112371,26.28159581524941,36.491555066998004,1.0,0.3293535242499547,0.0,0.0,1,0,0.0,1.0,0.3293535242499547,0.0,0.3293535242499547,0.0,1.0,0.0,0.3293535242499547,0.3293535242499547,14,1,2023,3,11,3,0,0,0,1,1,1,GRAVE_LESIONADOS,1
3,1,5,0,4,0,-6.2174387208395245,-78.15265440802342,0,4,0,0,2,2,2,2,7590.4125639159365,2.0,2,0,1.0,9,21,2003.7529988557098,0.4587007404850687,75.7711860972308,59.53473959080578,6.923956761066664,645.8885873318354,36240.866874429696,16190.405538447449,1784.1648990296355,1202.1248092647493,13204.115830153065,2121.6102469341454,14068.795291513305,13.054746907805532,4,1,0,0,2,39.30883956607332,28.96762460749736,49.65005452464927,1.0,1.0,0.0,0.8617679132146628,1,0,0.0,0.0,0.0,0.8617679132146628,0.8617679132146628,0.0,0.0,0.13823208678533716,0.13823208678533716,0.8617679132146628,17,2,2024,5,2,0,0,0,2,1,0,1,GRAVE_LESIONADOS,1
3,1,10,1,4,1,-12.472883018666947,-75.8810771726873,0,1,4,1,2,2,2,2,7017.837577177197,2.0,2,0,1.0,9,20,1449.201091043809,0.7146818713261811,76.35882024007347,77.29580367751319,12.246549776170797,1466.5589582286564,105761.0170789144,9642.432960737893,1731.9546508411695,1668.8955261263025,6241.582783770423,2082.431623098388,7560.001337639505,22.12363320980408,23,2,0,0,20,36.74356851148475,25.80767638361357,50.605757287710176,1.0,0.3990404520483041,0.0,0.3990404520483041,2,0,0.0,0.3990404520483041,0.6009595479516959,0.3990404520483041,0.3990404520483041,0.3990404520483041,1.0,0.0,1.0,0.0,8,1,2022,4,13,2,0,0,0,1,0,1,GRAVE_LESIONADOS,1
3,1,3,0,4,1,-15.875339859181395,-71.13012383898494,0,4,6,0,2,1,1,0,1512.9114534329528,2.0,2,0,1.0,7,25,244.05300621707818,0.45445182383716903,81.55927386328291,59.24127022520831,5.854249399511518,635.5830118558993,1350.3042635249242,10322.272,1495.236,1749.739,7077.2970000000005,2886.595,7435.677000000001,27.964725207783708,7,2,0,0,5,34.72094123939382,25.381625777134772,44.06025670165286,1.0,0.02008556721761967,0.0,0.9799144327823803,2,0,0.0,0.0,0.9799144327823803,1.0,0.0,0.02008556721761967,0.9799144327823803,0.0,0.02008556721761967,0.0,3,0,2024,9,2,3,0,0,0,1,0,1,GRAVE_LESIONADOS,1
3,1,13,0,4,1,-7.910990912974561,-77.69613961379592,6,4,1,1,2,1,0,0,1747.546159089115,2.0,2,0,1.0,1,19,254.0302094122311,0.4888048448219293,74.88364601673462,56.11487671853343,7.583483281966292,778.7558383281793,8458.038960018313,3150.3915812700543,488.9431063410776,610.7356887272381,2050.7127862017387,656.0258416666148,2494.3657396034396,21.07394160880872,7,2,0,0,5,43.80588940299818,38.87059293533212,48.74118587066424,1.0,0.0,0.0,0.7741185870664241,2,0,0.0,0.0,0.0,0.2258814129335759,0.2258814129335759,1.0,0.0,0.0,0.2258814129335759,0.0,11,1,2021,5,26,0,0,0,0,1,0,1,GRAVE_LESIONADOS,1
4,1,3,0,4,2,-15.878276866843821,-72.06700673440662,3,4,3,1,4,1,1,0,6580.950662104694,2.0,3,2,1.0,12,32,1360.1176805617301,0.4980932854388457,77.00050290724259,62.74572719669584,7.476069423249906,765.2505119791267,1623.377280028395,10322.272,1495.236,1749.739,7077.2970000000005,2886.595,7435.677000000001,27.964725207783708,23,1,0,0,22,44.89726927154583,44.89726927154583,44.89726927154583,1.0,0.6121586589432291,0.0,0.0,1,0,0.0,0.0,0.3878413410567709,0.6121586589432291,0.0,0.0,1.0,0.0,0.0,0.0,15,1,2023,4,17,2,0,0,0,1,0,1,GRAVE_LESIONADOS,1
4,1,7,0,4,0,-12.522554557583394,-75.17321541579753,0,3,3,1,2,1,0,2,7135.161434395843,2.0,2,1,1.0,11,17,1198.0,0.5242477536287642,77.40898056211594,68.60975309897725,7.474266652666449,853.7041337879359,26714.348114753186,8041.74983125054,1456.05241027933,1428.4158263790534,5157.2815945921575,1598.161835864337,6443.587995386204,20.022233299992692,6,1,0,0,4,22.711082272515448,19.030811348877943,26.391353196152952,1.0,0.5670269501602937,0.0,0.4329730498397063,1,0,0.0,0.0,0.0,0.4329730498397063,1.0,0.4329730498397063,0.0,0.0,0.5670269501602937,0.0,3,0,2021,8,21,0,0,1,1,1,0,1,GRAVE_LESIONADOS,1
6,1,10,0,4,1,-14.8204799430378,-74.98130841868428,0,4,7,1,2,2,2,0,6639.975,2.0,2,0,1.0,9,31,1616.0,0.5563774842369664,77.00938809632027,69.10246351364754,8.476961866273152,914.8835608305218,27932.19700214133,3721.461,698.1859999999996,744.866,2278.409,1102.9029999999996,2618.558,29.636290693359403,4,1,0,0,3,26.781270244142593,26.781270244142593,26.781270244142593,0.9289754323506734,0.07102456764932663,0.0,0.0,1,0,0.0,0.0,0.0,1.0,0.0,0.07102456764932663,0.9289754323506734,0.07102456764932663,0.07102456764932663,0.07102456764932663,4,0,2023,3,28,3,0,1,0,1,0,1,GRAVE_LESIONADOS,1
6,1,9,0,4,1,-10.774014631291932,-76.67830898500904,0,4,7,1,2,2,2,0,7077.877918885137,2.4878766059980597,2,0,1.0,4,17,1333.1418198614624,0.4924392194685935,76.86860828093513,64.3242103678782,7.210867927722493,741.1516206503479,9963.523651499505,8716.5303009148,1391.8226850315948,1973.128846137143,5351.57876974606,1557.4487133576613,7159.081587557136,17.969366678267885,4,1,0,0,3,32.26965551396313,32.26965551396313,32.26965551396313,1.0,0.0,0.0,0.0,1,0,0.0,0.0,0.0,1.0,0.0,1.0,0.0,0.0,0.0,0.0,5,0,2022,7,12,2,0,0,1,1,0,1,GRAVE_LESIONADOS,1
3,1,15,1,5,3,-10.119749876607553,-77.90575215411022,0,3,7,1,2,2,2,0,4983.380065083104,2.0,3,2,1.0,10,29,889.7400801510034,0.5907782810046774,78.47277896080088,64.92864044621267,8.199311325698222,1115.5522478514206,136346.96056965058,8025.273710370611,1712.8914120027289,1312.5391724562687,4999.843125911613,1933.8990693601447,6091.374641010467,24.06612995792033,16,1,0,0,14,36.36104208433038,35.65887775568206,37.06320641297869,1.0,0.7021643286483125,0.0,0.29783567135168754,1,0,0.0,0.0,1.0,0.0,0.7021643286483125,0.0,1.0,0.7021643286483125,0.7021643286483125,0.7021643286483125,5,0,2021,11,10,0,0,0,0,1,0,1,GRAVE_LESIONADOS,1
6,1,10,0,4,0,-13.068434563196464,-73.74193912980309,1,4,3,0,2,1,1,0,6543.555,2.513219975827819,2,1,1.0,6,31,1340.1619333043059,0.5077875852940574,77.20469104996515,70.20349291723765,7.78226289215232,746.9221056959027,24652.427580804302,12166.977498186923,1951.1268377605522,1773.4619722283092,8442.388688198062,2691.152296357994,9475.82520182893,21.8359746183952,11,1,0,0,10,35.86780024172181,35.86780024172181,35.86780024172181,1.0,0.0,0.0,0.5132199758278188,1,0,0.0,0.0,0.5132199758278188,0.48678002417218125,0.0,0.0,1.0,0.48678002417218125,0.48678002417218125,0.48678002417218125,5,0,2022,2,4,0,0,0,0,1,0,1,GRAVE_LESIONADOS,1
3,1,12,0,4,0,-8.356625919993085,-78.95512274862618,0,4,6,0,2,1,1,2,6543.555,2.127893936253419,3,3,1.0,12,32,1233.426620342197,0.6161011823495748,78.73496913601555,71.11579445983438,9.007719721983264,1111.2838272333388,19720.05571238081,8764.860547812123,1380.0731736501102,1892.8955328762236,5491.891841285788,1295.4782800387038,7469.382267773419,14.948926790133397,6,1,0,0,4,40.61631819123974,36.255787872506836,44.97684850997265,1.0,0.0,0.0,0.12789393625341894,1,0,0.0,0.8721060637465811,0.12789393625341894,0.0,0.0,0.8721060637465811,1.0,0.0,0.8721060637465811,0.0,11,2,2021,3,17,2,0,1,0,1,0,1,GRAVE_LESIONADOS,1
3,2,15,0,4,1,-14.721373739363466,-71.5416033647782,0,4,4,1,2,1,1,2,1738.0485984904137,2.0,2,0,1.0,6,22,382.55098341752966,0.280658357337745,77.76065747397396,55.86781743288865,5.100550036717237,209.55127690335712,2149.577121433828,13363.899069489087,1958.4538408218768,2186.5095485662196,9218.93568010099,3074.616539847245,10289.28252964184,22.937409583689956,5,2,0,0,2,33.37020994447472,27.444685083287915,37.399566850081754,1.0,0.0,0.0,0.28893701665758265,2,0,0.28893701665758265,0.0,0.0,1.0,0.0,0.7110629833424174,1.0,0.7110629833424174,0.7110629833424174,0.28893701665758265,17,2,2021,1,25,5,1,1,2,1,0,1,GRAVE_LESIONADOS,1
3,2,12,0,4,1,-7.1640421739940505,-79.44380316538681,0,4,7,1,2,2,2,0,6543.555,3.0,2,0,1.0,0,30,1475.0,0.5114727232493018,78.60606800160349,61.153108160372966,6.422343227671115,862.4189512831092,24701.19700214133,8931.828000000005,1335.5899999999997,1935.9830000000004,5660.255000000005,1219.309,7712.519000000005,13.651281686122925,5,2,0,0,3,24.638734254775333,23.431245856519826,25.846222653030843,1.0,1.0,0.0,0.0,2,0,0.0,0.0,1.0,1.0,1.0,0.0,0.08624917130396492,0.9137508286960351,0.0,0.08624917130396492,18,1,2021,1,17,5,0,1,0,1,1,1,GRAVE_LESIONADOS,1
3,1,12,2,3,4,-7.401249720560887,-79.307678096708,0,2,1,0,2,2,2,0,6543.555,2.0,4,4,1.0,14,33,1198.0,0.5764120142551831,80.60960216826747,73.68182426168642,9.716364947244594,832.7330089733857,96968.25571093746,3895.014628182389,577.2387381587255,756.9691494207854,2560.8067406028777,841.8474940037747,3053.167134178614,20.81429924285191,5,1,0,0,3,32.44404071839396,31.507475106735953,33.38060633005196,1.0,0.06343438834199389,0.0,0.9365656116580061,1,0,0.0,0.9365656116580061,0.0,1.0,1.0,0.0,0.9365656116580061,0.06343438834199389,1.0,0.9365656116580061,8,1,2022,8,24,3,0,1,0,1,0,1,GRAVE_LESIONADOS,1
9,1,5,0,4,1,-7.174315029137035,-78.18028020874597,2,3,0,0,1,1,1,0,6543.555,2.0,4,4,1.0,14,33,1198.0,0.3991784281533066,71.80519676265968,54.37947291228293,6.005283565649807,570.3636246845365,27901.091659093814,15935.565011852366,1733.9250000199986,935.692,13265.948011832368,2000.1670000199988,13935.398011832369,12.551591352627522,8,1,0,0,7,33.34589048584657,33.34589048584657,33.34589048584657,1.0,0.0,0.0,0.621803650471781,1,0,0.0,0.0,0.378196349528219,0.621803650471781,0.0,0.378196349528219,0.621803650471781,0.621803650471781,0.621803650471781,0.621803650471781,9,1,2022,9,9,1,0,0,2,1,0,1,GRAVE_LESIONADOS,1
3,2,7,1,4,1,-13.54447184072131,-71.91898346331395,0,4,4,0,2,2,2,3,5755.5673779271765,2.0,2,0,1.0,7,10,930.2883085186963,0.34482684810858333,71.93122405489532,63.56919580920372,5.754099774782688,377.51185199487486,17931.047437666566,17779.13499998999,2097.3709999899997,2863.123,12818.640999999989,2878.713,14900.421999989989,16.19152450331032,10,2,0,0,8,38.62866384171679,29.117972242731835,48.139355440701735,1.0,0.5764055514536334,0.0,0.5764055514536334,2,0,0.0,0.0,0.5764055514536334,1.0,0.0,1.0,0.5764055514536334,0.0,0.5764055514536334,0.0,5,0,2022,2,10,0,0,0,2,1,0,1,GRAVE_LESIONADOS,1
6,1,12,0,4,1,-8.032917561284934,-79.10752170124782,0,4,7,1,2,2,2,0,6543.555,3.0,2,0,1.0,0,30,1475.0,0.5873486868312524,77.50769800257453,72.43735656223527,8.636040628166413,1009.3369789618598,8710.01853410933,8931.828000000005,1335.5899999999997,1935.9830000000004,5660.255000000005,1219.309,7712.519000000005,13.651281686122925,6,1,0,0,5,34.07996873869804,34.07996873869804,34.07996873869804,1.0,0.0,0.0,0.0,1,0,0.0,0.0,0.0,1.0,0.0,1.0,0.0,0.0,0.792003126130196,0.0,15,1,2022,1,10,5,1,0,0,1,1,1,GRAVE_LESIONADOS,1
3,1,8,0,4,1,-12.648796031949091,-75.68739648148346,0,4,0,0,2,0,1,2,1317.7143885673745,2.0,2,0,1.0,3,18,142.70313978110119,0.6138536433753994,76.19942653873818,63.52789071621749,8.83055929865536,1274.9920193650325,4006.949829541945,12398.8718278133,1819.5269307297012,1322.3410627325059,9257.003834351091,1879.3931419965118,10519.478685816788,15.10909247966651,16,1,0,0,15,41.17548911782266,35.43215526076509,46.91882297488023,1.0,0.0,0.0,1.0,1,0,0.0,0.0,0.3243136638755806,0.6756863361244194,0.0,0.6756863361244194,1.0,0.0,0.0,0.0,4,0,2023,6,13,4,0,0,2,1,0,1,GRAVE_LESIONADOS,1
3,1,12,0,4,1,-7.72841647872816,-79.37516959033795,0,4,7,1,2,2,2,1,6543.555,2.283835461822389,3,2,1.0,10,32,1276.6224229248016,0.5756275027473572,76.86172171771864,66.95940709049404,8.358152261511997,1015.1076690326805,9154.71149613313,8931.828000000005,1335.5899999999997,1935.9830000000004,5660.255000000005,1219.309,7712.519000000005,13.651281686122925,4,1,0,0,3,26.270683694579112,26.270683694579112,26.270683694579112,1.0,0.7161645381776112,0.0,0.0,1,0,0.0,0.0,0.0,1.0,0.0,1.0,0.0,0.0,1.0,0.0,13,2,2023,5,18,6,1,0,0,1,0,1,GRAVE_LESIONADOS,1
3,1,14,1,2,4,-12.17665342734494,-76.93807150348302,0,0,1,0,1,2,2,0,6543.555,2.0,4,4,1.0,14,33,1198.0,0.689811994580126,79.88015655965044,73.89553442371854,9.755251380104111,1409.8432274455126,452660.364025696,7626.313,1683.4029999999998,1599.0829999999996,4343.827000000001,1814.875,5811.438000000001,23.797541485643197,4,1,0,0,2,51.749947604372124,38.78123035163955,64.71866485710471,1.0,1.0,0.0,0.13541884981782804,1,0,0.0,0.13541884981782804,0.0,0.864581150182172,0.0,0.864581150182172,0.13541884981782804,0.13541884981782804,0.13541884981782804,0.864581150182172,12,3,2023,5,14,3,0,0,0,1,0,1,GRAVE_LESIONADOS,1
5,1,16,2,4,1,-10.479004244230868,-76.88208609840791,4,2,5,1,2,2,2,0,6611.888456894446,2.0,2,1,1.0,10,31,1494.2392136680987,0.6438961568049644,76.68331731158251,67.92610900653672,9.223704313414148,1324.2408570702473,93149.01395999831,7049.208527792639,1430.464774370285,1414.4653924273587,4204.278360994996,1581.412091720951,5467.796436071689,22.09472631715124,5,1,0,0,4,38.572009446259614,37.55248133104035,39.59153756147889,1.0,0.29129374720550527,0.0,0.0,1,0,0.0,0.0,0.0,0.29129374720550527,0.29129374720550527,0.0,0.7087062527944947,0.29129374720550527,1.0,0.29129374720550527,14,1,2021,9,26,3,0,1,0,1,0,1,GRAVE_LESIONADOS,1