CLASE SINIESTRO,CANTIDAD DE VEHICULOS DAÑADOS,DEPARTAMENTO,ZONA,TIPO DE VÍA,RED VIAL,COORDENADAS LATITUD,COORDENADAS  LONGITUD,CONDICIÓN CLIMÁTICA,ZONIFICACIÓN,CARACTERÍSTICAS DE VÍA,PERFIL LONGITUDINAL VÍA,SUPERFICIE DE CALZADA,¿EXISTE SEÑAL VERTICAL?,¿EXISTE SEÑAL HORIZONTAL?,CAUSA FACTOR PRINCIPAL,MTC_RVN_LONGITUD_KM,MTC_RVN_N_CARRILES_MEDIANA,MTC_RVN_SUPERFICIE_DOMINANTE,MTC_RVN_ESTADO_DOMINANTE,MTC_RVN_ES_CONCESIONADA,MTC_RVN_CONCESION_PRINCIPAL,MTC_RVN_CORREDOR_LOGISTICO,MTC_RVN_N_TRAMOS,IDH_2019,IDH_ESP_VIDA_2019,IDH_EDUC_SECUND_PCT_2019,IDH_ANIOS_EDUC_2019,IDH_INGRESO_PERCAP_2019,IDH_POBLACION_2019,MTC_DEP_RED_TOTAL_KM,MTC_DEP_NACIONAL_TOTAL_KM,MTC_DEP_DEPARTAMENTAL_TOTAL_KM,MTC_DEP_VECINAL_TOTAL_KM,MTC_DEP_PAV_TOTAL_KM,MTC_DEP_NO_PAV_TOTAL_KM,MTC_DEP_PCT_PAVIMENTADA,PER_TOTAL_PERSONAS,PER_N_CONDUCTORES,PER_N_CONDUCTORES_FUGADOS,PER_N_PEATONES,PER_N_PASAJEROS_OCUPANTES,PER_EDAD_COND_PROM,PER_EDAD_COND_MIN,PER_EDAD_COND_MAX,PER_ANY_COND_MASCULINO,PER_ANY_LIC_PROBLEMA,PER_ANY_DOSAJE_POS,PER_ANY_DOSAJE_EVALUADO,VEH_TOTAL,VEH_N_FUGADOS,VEH_ANY_FUGADO,VEH_ANY_CARGA,VEH_ANY_PUBLICO,VEH_ANY_PARTICULAR,VEH_ANY_MOTO,VEH_ANY_AUTO,VEH_ANY_CAMION_BUS,VEH_ANY_SOAT_PROBLEMA,VEH_ANY_CITV_PROBLEMA,VEH_ANY_SEGURO_PROBLEMA,HORA_NUM,FRANJA_HORARIA,ANIO,MES,DIA_MES,DIA_SEMANA,ES_FIN_SEMANA,ES_QUINCENA,REGION_NATURAL,TIENE_SEÑALIZACION,ES_VIA_MULTICARRIL,ES_DEPTO_BAJO_PAVIMENTO,CATEGORIA_SEVERIDAD,CATEGORIA_SEVERIDAD_ENC
3,1,9,0,4,1,-11.791288218639902,-74.7712452057333,0,3,7,1,2,1,1,1,672.6385616814989,1.8552893638634802,2,0,0.0,9,11,181.47305526727646,0.6016254132140285,75.41935255498089,67.19548979477071,9.440283551773978,1098.6124129215846,24298.186707797675,11983.477438619213,1778.5317854137725,1198.761591799146,9006.184061406293,1776.3789436327345,10207.098494986478,15.124725090258876,6,2,0,0,4,35.88772549625258,23.57884254454608,48.19660844795908,1.0,0.0,0.0,0.0,2,0,0.0,0.0,1.0,0.0,0.8552893638634801,0.8552893638634801,0.1447106361365199,0.0,0.0,0.1447106361365199,8,1,2022,8,22,2,0,1,1,1,0,1,GRAVE_LESIONADOS,1
6,1,4,0,4,1,-13.240756140352728,-74.63667262351247,0,3,1,0,2,1,1,5,2013.3701469457844,1.8112305584013577,2,3,0.8112305584013578,9,21,464.8829366293219,0.23672006117402153,78.05477511313717,41.40617635747835,3.670924939008488,208.77545146083162,3803.847445470237,12678.733000000004,1805.074000000001,1774.0339999999994,9099.625000000004,2485.375000000001,10193.358000000002,19.602707936195205,6,1,0,0,4,34.77538883197285,34.77538883197285,34.77538883197285,1.0,0.0,0.0,1.0,1,0,0.8112305584013578,0.0,0.0,0.8112305584013578,0.0,0.0,1.0,0.0,0.18876944159864217,0.8112305584013578,12,3,2022,2,23,4,0,1,2,1,0,1,GRAVE_LESIONADOS,1
3,2,10,0,4,1,-13.350958750645047,-76.22512825579061,1,4,6,1,2,2,2,0,6639.975,2.0,2,0,1.0,9,31,1616.0,0.5736744275518083,81.67473861808857,68.1608574885675,9.138785887908334,865.1176766860625,26660.92933618844,3721.461,698.1859999999996,744.866,2278.409,1102.9029999999996,2618.558,29.636290693359403,12,2,0,0,10,48.66026147159822,46.437612236371436,50.882910706825,1.0,0.22264923522678537,0.0,0.0,2,0,0.0,1.0,0.0,0.22264923522678537,0.22264923522678537,0.22264923522678537,0.7773507647732146,0.0,0.22264923522678537,0.22264923522678537,18,1,2023,4,5,0,0,0,0,1,0,1,GRAVE_LESIONADOS,1
3,1,12,0,4,1,-9.464897991898416,-76.69074481486801,0,4,5,1,2,0,1,1,9321.26795102129,2.0,2,0,1.0,9,28,3350.433833522642,0.3885029952240294,73.33982496177373,74.55477307035619,6.715053653597771,424.26745170274694,4479.44125482219,3741.1596472182273,731.4698088123395,818.7674482470135,2190.9223901588753,690.5534397623619,3050.606207455866,18.358772125680034,8,1,0,0,6,40.41298222297395,31.804139558111423,49.02182488783647,1.0,0.0,0.0,0.7174035554052103,1,0,0.0,0.0,0.2825964445947897,0.7174035554052103,0.0,0.7174035554052103,0.2825964445947897,0.0,0.0,0.0,14,3,2023,7,17,4,0,1,1,1,0,1,GRAVE_LESIONADOS,1
5,1,1,0,4,1,-5.739473443357524,-78.3913798031652,0,4,0,1,2,1,1,0,7689.45408378314,2.056701602754347,2,0,1.0,8,20,2095.6903453876394,0.41518169471405764,71.10177909210489,53.37844518076117,4.9983444397372,701.8555859753551,6922.792954562224,3739.6017829175803,1097.4754856646011,568.1466082052523,2073.979689047728,905.7926342734996,2833.8091486440812,24.357258988303315,16,1,0,0,15,42.780915540781535,42.63916153389566,42.9226695476674,1.0,0.0,0.0,0.056701602754347435,1,0,0.0,0.0,0.9432983972456526,0.056701602754347435,0.0,0.056701602754347435,0.9432983972456526,0.0,0.0,0.0,16,3,2023,2,23,4,0,1,0,1,0,1,GRAVE_LESIONADOS,1
3,1,10,0,4,1,-13.370470449453327,-76.21332243768671,3,4,6,1,4,2,2,0,6639.975,2.0,2,0,1.0,9,31,1616.0,0.5736744275518083,81.67473861808857,68.1608574885675,9.138785887908334,865.1176766860625,26660.92933618844,3721.461,698.1859999999996,744.866,2278.409,1102.9029999999996,2618.558,29.636290693359403,10,2,0,0,7,44.083416863966846,41.55564465489797,46.611189073035725,1.0,0.527772209068877,0.0,0.0,2,0,0.0,1.0,0.0,0.527772209068877,0.527772209068877,0.527772209068877,0.472227790931123,0.0,0.527772209068877,0.527772209068877,13,0,2023,3,11,0,0,0,0,1,0,1,GRAVE_LESIONADOS,1
8,1,7,0,4,2,-12.545951736156763,-73.29831799152467,0,4,5,0,2,2,2,1,6543.555,2.0,4,4,1.0,14,33,1198.0,0.4297325556987851,76.15904795703717,58.63823936731875,6.097264629229048,579.625724446144,29458.58458244112,17779.13499998999,2097.3709999899997,2863.123,12818.640999999989,2878.713,14900.421999989989,16.19152450331032,5,1,0,0,4,32.9607006142565,32.9607006142565,32.9607006142565,1.0,0.4599708077393123,0.0,0.4599708077393123,1,0,0.0,1.0,0.0,0.0,0.0,0.0,1.0,0.0,0.0,0.0,13,3,2022,5,11,3,0,0,2,1,0,1,GRAVE_LESIONADOS,1
3,2,10,1,4,1,-13.519666687712014,-76.19327039372916,0,4,7,1,2,2,2,1,6639.975,2.0,2,0,1.0,9,31,1616.0,0.5729732176795216,78.69589536041059,70.51918302587951,9.122040256831554,896.0298000485648,25373.789784924164,3721.461,698.1859999999996,744.866,2278.409,1102.9029999999996,2618.558,29.636290693359403,10,2,0,0,8,39.06480563434749,35.44790633864093,42.68170493005405,1.0,0.0,0.0,0.538966431902188,2,0,0.0,0.46103356809781204,0.538966431902188,0.538966431902188,0.0,0.538966431902188,1.0,0.0,0.0,0.0,11,0,2021,7,4,0,0,0,0,1,0,1,GRAVE_LESIONADOS,1
3,1,6,1,4,1,-11.396185903170283,-74.18057657603983,0,4,6,0,1,2,2,1,7246.88617067053,2.0,2,1,1.0,10,14,1198.0,0.39161558779326083,74.32800257368027,63.413697287620785,6.304471866439408,457.7554017440611,19128.363628806394,17178.333712199605,1978.9275309439302,2234.992235028648,12964.413946227025,2592.4035180886062,14585.930194110997,15.005306166891028,8,1,0,0,7,42.03349435472861,30.910681720723712,53.156306988733505,1.0,0.6741098566063572,0.0,0.6741098566063572,1,0,0.0,0.0,0.6741098566063572,1.0,0.0,1.0,0.6741098566063572,0.0,0.6741098566063572,0.0,7,0,2023,4,6,2,0,0,2,1,0,1,GRAVE_LESIONADOS,1
6,1,7,0,4,2,-13.163553955112658,-72.92717307882388,0,4,0,0,4,1,1,1,6543.555,2.0,4,4,1.0,14,33,1198.0,0.38242417849803245,77.17017915377284,57.10686997381214,6.182622600646389,441.89090491697004,3404.9941344745544,17779.13499998999,2097.3709999899997,2863.123,12818.640999999989,2878.713,14900.421999989989,16.19152450331032,9,1,0,0,8,57.28089527832425,57.28089527832425,57.28089527832425,1.0,0.4756550309249171,0.0,0.5243449690750829,1,0,0.0,1.0,0.0,0.0,0.0,0.0,1.0,0.4756550309249171,0.4756550309249171,0.0,11,2,2022,7,21,4,0,1,2,1,0,1,GRAVE_LESIONADOS,1
4,1,10,0,4,0,-8.629585072594901,-77.97808383355373,0,4,4,0,1,2,2,1,6543.555,2.0,4,4,1.0,14,33,1198.0,0.49527497439892487,77.68511338106299,61.3119984315595,7.091512927506255,806.1897921281907,19424.535987577816,8644.748802903981,1334.751129508147,1481.5924337583665,5828.405239637467,1155.9766610199347,7488.7721418840465,13.35718762486562,5,1,0,0,4,41.0,37.985962338666205,44.014037661333795,1.0,0.0,0.0,0.0,1,0,0.0,0.6028075322667594,0.0,0.3971924677332406,0.0,1.0,0.6028075322667594,0.0,1.0,0.0,15,2,2021,4,21,3,0,1,0,1,0,1,GRAVE_LESIONADOS,1
3,2,3,0,4,1,-16.033753459752475,-71.29308274143119,1,4,0,0,2,2,2,1,1510.343770884314,2.0,2,0,1.0,7,25,243.1292810300598,0.4714947427274371,81.78293662282827,70.85041744781341,6.08955714740889,627.925170294644,1740.5702702537305,10322.272,1495.236,1749.739,7077.2970000000005,2886.595,7435.677000000001,27.964725207783708,5,2,0,0,3,34.894936791279946,31.915949433023954,37.87392414953594,1.0,0.0,0.0,0.0,2,0,0.0,0.0,0.0,1.0,0.0,1.0,0.9859915721706594,0.0,0.0,0.0,13,2,2021,3,8,3,0,0,0,1,0,1,GRAVE_LESIONADOS,1
5,1,20,0,4,1,-15.064456674205793,-70.36354103388554,0,4,7,1,6,2,2,1,6608.48822256445,2.0,3,3,1.0,13,31,1198.0,0.3342092679166577,76.23934227281073,75.06824231082508,6.297239743977885,257.8628606473269,4924.353518206703,13642.312999999998,2020.7790000000005,2354.117,9267.416999999998,3314.0520000000006,10328.260999999997,24.29244952817019,4,1,0,0,3,34.502116474545794,34.43988103386402,34.56435191522757,1.0,0.9377645593182242,0.0,0.9377645593182242,1,0,0.0,0.0,0.0,1.0,0.0,0.06223544068177578,0.9377645593182242,0.0,0.06223544068177578,0.06223544068177578,12,2,2021,6,20,0,0,1,2,1,0,1,GRAVE_LESIONADOS,1
3,1,14,2,3,4,-11.952121960966082,-77.08265946733214,0,3,1,0,1,2,2,0,6543.555,2.0,4,4,1.0,14,33,1198.0,0.7453396014056036,80.33069427286604,78.37224118189211,11.10284833461629,1581.8203265950942,366704.7390311121,7626.313,1683.4029999999998,1599.0829999999996,4343.827000000001,1814.875,5811.438000000001,23.797541485643197,12,1,0,0,10,37.035070708051855,34.448611833172485,39.62152958293122,1.0,1.0,0.0,0.0,1,0,0.0,0.0,0.0,1.0,0.13784704170687823,0.0,0.8621529582931218,1.0,1.0,1.0,14,2,2024,3,3,0,0,0,0,1,0,1,GRAVE_LESIONADOS,1
3,1,23,0,4,0,-3.6643031647194624,-80.49539876192273,6,4,5,1,5,2,2,0,6543.555,2.1108694642951416,3,3,1.0,12,32,1228.7108416097542,0.554948477675452,75.0540056892824,63.87076084375943,8.342311943460974,968.0839934308456,4591.413114535012,1009.101,138.47399999999996,287.471,583.156,276.972,732.129,27.447401201663663,4,2,0,0,2,34.50326223201559,34.226088571277735,34.780435892753445,1.0,0.8891305357048583,0.8891305357048583,1.0,2,0,0.0,0.0,0.0,1.0,0.8891305357048583,1.0,0.0,0.8891305357048583,0.8891305357048583,0.0,19,2,2021,7,9,5,1,0,0,1,0,1,GRAVE_LESIONADOS,1
4,1,2,0,4,2,-12.248894790497804,-74.67126121744359,3,4,5,1,6,2,2,0,6543.555,2.0,4,4,1.0,14,33,1198.0,0.3489208233218628,74.44362731509042,52.204932680031234,6.091124229085843,382.1387362624545,2108.8152040942314,10530.640797857877,1677.6162435751874,1503.174059119794,7349.850495162897,2518.7476439382644,8011.893153919614,24.00734177733118,8,1,0,0,7,40.04656388403527,40.04656388403527,40.04656388403527,1.0,0.532150816707957,0.0,0.0,1,0,0.0,0.0,0.46784918329204295,0.532150816707957,0.0,0.46784918329204295,0.532150816707957,0.0,0.46784918329204295,0.0,14,1,2023,3,25,2,0,1,0,1,0,1,GRAVE_LESIONADOS,1
6,1,1,0,4,1,-9.931028856614763,-77.38536614986124,2,4,6,0,3,2,2,1,9936.932,2.0,2,0,1.0,9,32,3830.0,0.4654799331603382,71.10800342011737,71.6956954286478,8.000201643545543,613.215156662713,3873.366167023554,10767.648,1885.0630000000003,1222.721,7659.864000000001,2100.343,8667.305000000002,19.506051832303577,14,1,0,0,13,25.916998944597182,25.916998944597182,25.916998944597182,1.0,0.0,0.0,0.6574443271774648,1,0,0.0,0.0,0.6574443271774648,0.3425556728225352,0.0,0.0,1.0,0.0,0.0,0.0,9,1,2021,6,10,2,0,0,0,1,0,1,GRAVE_LESIONADOS,1
3,1,7,0,4,1,-13.247420824160525,-72.25029221781155,0,4,7,1,2,0,1,2,3447.8009999999995,1.0,2,3,0.0,9,12,1109.0,0.4436910265814239,73.23231952981627,68.31759937357421,6.347812015893606,607.5963608103546,11277.284796573877,17779.13499998999,2097.3709999899997,2863.123,12818.640999999989,2878.713,14900.421999989989,16.19152450331032,13,1,0,0,11,36.16053378348971,32.580266891744856,39.74080067523457,1.0,0.0,0.0,0.0,1,0,0.0,0.0,0.8950667229362141,1.0,0.0,1.0,0.8950667229362141,0.0,0.0,0.0,15,3,2022,9,4,0,0,0,2,1,0,1,GRAVE_LESIONADOS,1
4,1,20,0,4,1,-15.550697169024494,-70.08992971388119,0,4,2,1,3,2,2,1,7176.918605247802,2.0,2,1,1.0,10,16,1198.0,0.3425615369760958,71.89442427092432,73.48091262055326,6.443200349849852,297.2035474093387,5612.218017059879,13642.312999999998,2020.7790000000005,2354.117,9267.416999999998,3314.0520000000006,10328.260999999997,24.29244952817019,18,1,0,0,16,33.78590152998271,33.17885229497406,34.392950764991355,1.0,0.39295076499135306,0.0,0.39295076499135306,1,0,0.0,0.6070492350086469,0.6070492350086469,0.39295076499135306,0.0,0.0,1.0,0.0,0.0,0.0,12,3,2022,9,10,2,0,0,2,1,0,1,GRAVE_LESIONADOS,1
6,1,5,0,4,3,-5.936877681419457,-78.95344039274494,0,4,7,0,1,2,2,2,6543.555,2.0,4,4,1.0,14,33,1198.0,0.3163256944970113,75.7103127365892,31.854025026110513,4.650005019869334,401.4542039181689,8712.559543939919,15935.565011852366,1733.9250000199986,935.692,13265.948011832368,2000.1670000199988,13935.398011832369,12.551591352627522,6,1,0,0,5,51.776399307055,51.776399307055,51.776399307055,1.0,0.0,0.0,1.0,1,0,0.0,0.9617624783454688,0.038237521654531204,0.0,0.0,0.0,1.0,0.0,0.0,0.0,17,1,2024,6,13,3,0,0,2,1,0,1,GRAVE_LESIONADOS,1
3,2,20,0,4,1,-15.91430505196142,-69.8703262493637,0,4,2,1,2,2,2,2,7586.903,2.0,2,0,1.0,9,5,1198.0,0.32398739195785053,67.00814744150402,72.04548972113047,6.73254857696651,279.19452173754735,6480.912649145419,13642.312999999998,2020.7790000000005,2354.117,9267.416999999998,3314.0520000000006,10328.260999999997,24.29244952817019,18,2,0,0,16,37.36575365172642,29.921069689654086,44.810437613798754,1.0,0.0,0.415786062069183,0.415786062069183,2,0,0.0,0.584213937930817,0.584213937930817,0.415786062069183,0.415786062069183,0.415786062069183,0.584213937930817,0.0,0.415786062069183,0.415786062069183,12,3,2022,9,14,4,0,0,2,1,0,1,GRAVE_LESIONADOS,1
3,2,22,0,4,1,-12.252971871030102,-74.88973903677385,2,4,0,1,2,2,2,2,6601.511390597214,2.3989173346067845,2,0,1.0,5,30,1559.7526558204434,0.5651054645010046,73.20057825248008,64.55510209425505,8.529123873199573,1043.7067446037906,4281.1626112713075,1995.760763845667,434.3262868238752,407.6214139854499,1153.8130630363416,752.8671786717705,1242.8935851738963,35.184701482269624,4,2,0,0,2,25.505413326966078,20.0,31.010826653932156,1.0,0.0,0.0,1.0,2,0,0.0,0.0,0.6010826653932156,1.0,0.0,1.0,0.6010826653932156,0.0,0.0,0.0,20,2,2022,4,16,5,1,0,0,1,0,1,GRAVE_LESIONADOS,1
3,1,4,0,4,0,-12.996128972630146,-74.11581399518424,0,4,3,0,2,1,1,2,7284.128327983303,2.0,2,1,1.0,10,13,1198.0,0.30979367554496295,75.98989537600329,60.31486552798596,5.237408666515728,282.430783640472,5727.263590255802,12678.733000000004,1805.074000000001,1774.0339999999994,9099.625000000004,2485.375000000001,10193.358000000002,19.602707936195205,4,1,0,0,3,45.16472725835404,37.35687541235795,52.97257910435013,1.0,0.7098047132723719,0.0,0.0,1,0,0.0,0.7098047132723719,0.7098047132723719,0.29019528672762807,0.7098047132723719,0.0,1.0,0.29019528672762807,1.0,0.29019528672762807,5,0,2021,7,27,1,0,1,2,1,0,1,GRAVE_LESIONADOS,1
3,2,12,0,4,1,-7.659419229385778,-78.09026803542739,0,4,6,1,2,2,2,1,9769.272073555589,2.0,2,0,1.0,9,32,3699.9581784158695,0.4019830589594718,73.03887035464963,58.775863580130995,5.654698795284301,536.318733533067,69878.02717220044,8933.508760902152,1357.6665755363472,1871.8026672894744,5704.039518076331,1268.4796309578428,7665.029129944309,14.197144124004337,7,2,0,0,5,35.0,30.65414409153157,39.34585590846843,1.0,0.049407986924061675,0.0,0.049407986924061675,2,0,0.0,0.9505920130759383,0.0,0.0,0.049407986924061675,0.0,0.9505920130759383,0.049407986924061675,1.0,0.0,5,0,2021,8,6,1,0,0,0,1,0,1,GRAVE_LESIONADOS,1
3,2,15,0,4,1,-9.438069952651334,-77.55862824864667,0,4,5,0,2,1,1,0,6567.14090114412,2.755383725947734,2,0,1.0,2,30,1509.4908946413696,0.5888309970300668,75.17792327640949,68.99967937703386,10.059356992725592,994.6802493876663,78286.41835382202,3261.7673249551044,543.3423320594563,640.2257384688652,2078.1992544267828,792.7248218761731,2469.042503078931,25.219795733333314,11,2,0,0,9,46.841523341111476,32.55383725947734,61.12920942274562,1.0,1.0,0.0,1.0,2,0,0.0,0.0,0.755383725947734,0.24461627405226605,0.0,0.24461627405226605,1.0,0.0,0.755383725947734,0.0,1,0,2021,8,23,2,0,1,0,1,0,1,GRAVE_LESIONADOS,1
3,2,16,2,3,1,-15.242693880002456,-70.5072342758046,0,0,0,0,2,0,1,2,7322.029263883331,2.0,2,1,1.0,10,12,1198.0,0.6569477661514648,71.66380048068216,82.26042997506417,11.534775121752356,1234.1953872656636,141316.9689583536,14692.523954338321,2040.2233361122076,2483.337855290662,10168.96276293545,3203.5329139354326,11488.991040402887,22.235875616746913,6,2,0,0,4,39.65014864144882,29.26934510880679,50.030952174090864,1.0,0.2538690217613577,0.0,0.0,2,0,0.0,0.0,0.7461309782386423,1.0,0.7461309782386423,1.0,0.2538690217613577,0.0,1.0,0.0,12,1,2021,8,9,1,0,0,2,1,0,1,GRAVE_LESIONADOS,1
3,1,11,0,4,1,-14.271388509211969,-72.2707516625399,0,4,2,0,2,1,1,2,7586.903,2.0,2,0,1.0,9,5,1198.0,0.33774243656557396,72.26794927479804,68.56480087901774,5.857984159906013,311.3617707061076,5154.812217410936,13140.465517503286,1908.4364739907915,2052.000732342782,9180.028311169714,2882.464102520881,10258.001414982404,21.84995901208146,4,2,0,0,2,43.89549613673756,34.33304937830532,53.45794289516981,1.0,1.0,0.0,0.0,2,0,0.0,0.5208155861440822,0.5208155861440822,0.4791844138559178,0.5208155861440822,0.4791844138559178,1.0,0.0,0.5208155861440822,0.0,13,1,2022,4,14,3,0,0,2,1,0,1,GRAVE_LESIONADOS,1
5,1,1,0,4,1,-10.59771273490882,-76.03680506856567,1,4,1,1,2,1,1,0,1649.8314517874603,1.268557140620641,0,2,0.26855714062064107,8,27,245.38865715627617,0.3746978787017551,75.94762922873203,59.71006433219206,5.816629090838884,413.82121714650447,2559.746817948939,10648.03909493894,1780.3721755432775,1364.255447135609,7503.411472260056,2311.4965889272603,8336.542506011683,21.777688967466467,6,1,0,0,4,47.12010001565551,45.240200031311026,49.0,1.0,0.26855714062064107,0.0,0.26855714062064107,1,0,0.0,0.0,0.0,1.0,0.0,1.0,0.0,0.0,1.0,0.0,16,1,2022,5,24,1,0,1,0,1,0,1,GRAVE_LESIONADOS,1
3,2,15,2,3,3,-7.148556003880133,-78.65683102393426,0,2,2,0,2,2,2,0,6543.555,2.0,4,4,1.0,14,33,1198.0,0.5649030450617402,79.30033203072102,70.35615575611463,9.56446525593265,829.6525307891852,100649.16885076575,3287.554953618788,487.72649595168525,828.6347605872452,1971.1936970798579,604.669507727934,2682.885445890854,17.961569689903392,4,2,0,0,2,33.34035896122165,30.106427359185563,36.57429056325775,1.0,0.0,0.0,0.7766068397963906,2,0,0.0,0.7766068397963906,0.22339316020360944,1.0,1.0,0.0,0.7766068397963906,0.22339316020360944,1.0,1.0,10,1,2022,8,21,2,0,0,0,1,0,1,GRAVE_LESIONADOS,1
6,1,2,0,4,1,-13.55527768124681,-74.9622466712446,2,4,6,1,3,0,1,0,8116.278887824876,2.0,2,0,1.0,9,31,2607.3798716951037,0.5504232601465209,77.50609392802426,69.06188147567649,8.39089599556252,883.210243502475,4230.729661580682,10521.701449745293,1669.7918451866701,1513.7520816526603,7338.157522905964,2534.528872231247,7987.172577514047,24.177119730957024,4,1,0,0,3,29.387778762955392,27.178889642260003,31.04444560347693,1.0,0.0,0.0,0.5522222801738466,1,0,0.0,0.0,0.0,1.0,0.0,0.5522222801738466,0.44777771982615344,0.0,0.0,0.0,11,1,2021,2,14,2,0,0,0,1,0,1,GRAVE_LESIONADOS,1
3,1,11,0,4,1,-11.806488497660494,-75.51793155023083,3,4,4,1,2,0,1,2,7586.903,2.0,2,0,1.0,9,5,1198.0,0.4994745032137901,70.49647012619552,71.00634561029837,8.338335139816502,747.4709060732073,856.0641877645185,12264.545,1826.4639999999995,1105.5389999999998,9332.542,1588.5359999999996,10676.009,12.952261987705208,5,2,0,0,3,38.65243455162419,30.88045023364319,46.42441886960519,1.0,0.0,0.0,1.0,2,0,0.0,0.0,0.0,1.0,0.3390261793503242,1.0,0.0,0.0,0.3390261793503242,0.0,18,2,2023,4,25,4,0,1,2,1,0,1,GRAVE_LESIONADOS,1
3,1,10,0,4,1,-12.091149876802664,-76.72195574478528,0,4,7,1,2,2,2,1,592.1150426882053,1.322901068577901,1,2,0.322901068577901,8,31,200.21064185047067,0.6203718812933562,80.62583551105699,73.48174601815305,9.810740001176065,1024.6783071332702,36950.779507275176,5403.894071983034,904.004432715828,1129.4789521013038,3370.410687165902,1140.4906217888788,4263.403450194155,24.47471420369537,5,1,0,0,3,37.84923129988673,22.614505342889505,53.08395725688396,1.0,0.677098931422099,0.0,0.677098931422099,1,0,0.0,0.0,0.0,1.0,0.677098931422099,0.0,0.322901068577901,0.0,1.0,0.0,7,1,2021,5,11,2,0,0,0,1,0,1,GRAVE_LESIONADOS,1
3,2,19,1,2,2,-5.18172468662285,-80.58607980467374,0,4,3,1,2,2,2,0,4022.46156259507,2.0,3,2,1.0,7,26,699.8814598584288,0.6220812987247925,80.20155828147696,72.71675503872983,10.02377668600292,1028.915688621886,159840.92719486082,8965.846000060003,1782.4120000599992,636.9959999999999,6546.438000000004,2214.505000059999,6751.341000000004,24.699342371541725,9,2,0,0,7,36.59082859053464,36.33146556644844,36.85019161462084,1.0,0.518726048172395,0.0,1.0,2,0,0.0,0.0,0.518726048172395,1.0,0.518726048172395,1.0,0.481273951827605,0.518726048172395,1.0,0.0,13,2,2021,6,22,3,0,1,0,1,0,1,GRAVE_LESIONADOS,1
6,1,2,1,4,2,-13.048284015914287,-74.90961582398826,0,4,3,0,3,2,2,0,6543.555,2.0,4,4,1.0,14,33,1198.0,0.49256223395907817,74.43596300150377,56.08164705107426,7.353277795774018,948.7556624276995,2110.8890894790147,10492.693233111939,1644.401644400075,1548.0778026472292,7300.213786064635,2585.7390145478694,7906.95421856407,24.728049798375817,5,1,0,0,4,29.1479372470358,29.1479372470358,29.1479372470358,1.0,0.0,0.0,0.0,1,0,0.0,0.0,0.38264574901193293,0.6173542509880671,0.0,0.38264574901193293,0.6173542509880671,0.0,0.38264574901193293,0.0,4,0,2022,2,24,4,0,1,0,1,0,1,GRAVE_LESIONADOS,1
4,1,13,0,4,1,-4.779254934078543,-79.85877970406197,4,4,0,1,2,1,1,1,7035.432154080299,2.595089185730156,2,0,1.0,3,25,1741.4313157895574,0.48717344516505706,72.15279860000268,53.41161834787888,6.463540771900423,920.8298382144108,6647.705571154143,2181.1683952207327,550.1253645949942,407.95099805354926,1223.0920325721895,546.8932420977492,1634.275153122984,26.120957731098205,9,1,0,0,7,31.205582506801647,29.717859542476255,32.69330547112703,1.0,0.0,0.0,0.595089185730156,1,0,0.0,0.0,0.404910814269844,0.595089185730156,0.0,0.595089185730156,0.404910814269844,0.0,0.0,0.0,16,3,2022,2,24,4,0,1,0,1,0,1,GRAVE_LESIONADOS,1
3,2,9,0,4,1,-12.916700170370618,-75.33557370903033,1,4,0,0,2,2,2,2,1628.5223212628828,2.0,2,2,0.8016274601522987,9,23,390.9766827616696,0.2728683043759491,73.88646307596983,48.22560971955899,5.241104003053183,247.4303400537154,3042.618656805086,8335.843886137782,1492.607648209151,1927.2957358925362,4915.940502036094,1866.7435031816942,6469.100382956086,22.423125450064717,10,2,0,0,8,49.1983725398477,38.61139222106609,59.78535285862931,1.0,0.0,0.0,1.0,2,0,0.0,0.8016274601522987,0.1983725398477013,0.8016274601522987,0.0,0.0,1.0,0.0,0.0,0.0,13,3,2024,4,4,0,0,0,1,1,0,1,GRAVE_LESIONADOS,1