CLASE SINIESTRO,CANTIDAD DE VEHICULOS DAÑADOS,DEPARTAMENTO,ZONA,TIPO DE VÍA,RED VIAL,COORDENADAS LATITUD,COORDENADAS  LONGITUD,CONDICIÓN CLIMÁTICA,ZONIFICACIÓN,CARACTERÍSTICAS DE VÍA,PERFIL LONGITUDINAL VÍA,SUPERFICIE DE CALZADA,¿EXISTE SEÑAL VERTICAL?,¿EXISTE SEÑAL HORIZONTAL?,CAUSA FACTOR PRINCIPAL,MTC_RVN_LONGITUD_KM,MTC_RVN_N_CARRILES_MEDIANA,MTC_RVN_SUPERFICIE_DOMINANTE,MTC_RVN_ESTADO_DOMINANTE,MTC_RVN_ES_CONCESIONADA,MTC_RVN_CONCESION_PRINCIPAL,MTC_RVN_CORREDOR_LOGISTICO,MTC_RVN_N_TRAMOS,IDH_2019,IDH_ESP_VIDA_2019,IDH_EDUC_SECUND_PCT_2019,IDH_ANIOS_EDUC_2019,IDH_INGRESO_PERCAP_2019,IDH_POBLACION_2019,MTC_DEP_RED_TOTAL_KM,MTC_DEP_NACIONAL_TOTAL_KM,MTC_DEP_DEPARTAMENTAL_TOTAL_KM,MTC_DEP_VECINAL_TOTAL_KM,MTC_DEP_PAV_TOTAL_KM,MTC_DEP_NO_PAV_TOTAL_KM,MTC_DEP_PCT_PAVIMENTADA,PER_TOTAL_PERSONAS,PER_N_CONDUCTORES,PER_N_CONDUCTORES_FUGADOS,PER_N_PEATONES,PER_N_PASAJEROS_OCUPANTES,PER_EDAD_COND_PROM,PER_EDAD_COND_MIN,PER_EDAD_COND_MAX,PER_ANY_COND_MASCULINO,PER_ANY_LIC_PROBLEMA,PER_ANY_DOSAJE_POS,PER_ANY_DOSAJE_EVALUADO,VEH_TOTAL,VEH_N_FUGADOS,VEH_ANY_FUGADO,VEH_ANY_CARGA,VEH_ANY_PUBLICO,VEH_ANY_PARTICULAR,VEH_ANY_MOTO,VEH_ANY_AUTO,VEH_ANY_CAMION_BUS,VEH_ANY_SOAT_PROBLEMA,VEH_ANY_CITV_PROBLEMA,VEH_ANY_SEGURO_PROBLEMA,HORA_NUM,FRANJA_HORARIA,ANIO,MES,DIA_MES,DIA_SEMANA,ES_FIN_SEMANA,ES_QUINCENA,REGION_NATURAL,TIENE_SEÑALIZACION,ES_VIA_MULTICARRIL,ES_DEPTO_BAJO_PAVIMENTO,CATEGORIA_SEVERIDAD,CATEGORIA_SEVERIDAD_ENC
3,1,4,0,4,1,-12.98777571353095,-74.1616616361673,0,4,5,0,2,1,1,1,7546.880684376188,2.0,2,0,1.0,9,6,1198.0,0.3528710932595365,75.05603262444536,67.36411614812317,5.4220050162100595,349.15530775352545,5413.57980688921,12715.695454414823,1813.3483376051283,1796.285698296261,9106.061418513435,2517.162641749632,10198.532812665191,19.78260411483181,4,1,0,0,3,52.309528861675474,41.73148344620713,62.88757427714381,1.0,1.0,0.0,0.03835950768469598,1,0,0.0,0.961640492315304,0.961640492315304,0.03835950768469598,0.961640492315304,0.0,1.0,0.0,0.961640492315304,0.0,6,1,2022,6,25,0,0,1,2,1,0,1,GRAVE_LESIONADOS,1
8,1,7,1,4,2,-12.684215593834555,-74.87076662238889,0,4,0,0,2,1,0,2,6543.555,2.0,4,4,1.0,14,33,1198.0,0.35334200249348646,71.59778857913412,56.001136946181845,5.761480212786509,466.4875870048593,14394.168092057931,12476.388717475174,1815.5237093184887,1447.4524931807891,9213.412514975895,2047.2400371442814,10429.14868033089,16.353749217165777,5,1,0,0,4,34.46559737987215,34.46559737987215,34.46559737987215,0.4885324599573826,0.5114675400426174,0.0,0.4885324599573826,1,0,0.0,0.0,0.0,1.0,0.0,1.0,0.0,0.0,0.0,0.0,8,1,2021,3,16,3,0,0,2,1,0,1,GRAVE_LESIONADOS,1
5,1,3,0,4,1,-16.362339583929604,-73.26623714043446,0,4,7,1,2,0,1,0,6639.975,2.0,2,0,1.0,9,31,1616.0,0.630978254626013,83.30763951021729,65.71664470636405,8.837388059463223,1153.8451816840225,4761.619216658306,10322.272,1495.236,1749.739,7077.2970000000005,2886.595,7435.677000000001,27.964725207783708,4,1,0,0,3,38.3303981485615,35.3947166674107,40.532159259424596,1.0,0.0,0.0,0.7339203702877005,1,0,0.2660796297122995,0.0,0.0,1.0,0.0,1.0,0.0,0.0,0.0,0.0,5,0,2021,2,15,3,0,0,0,1,0,1,GRAVE_LESIONADOS,1
3,2,11,0,4,0,-9.86981423106603,-76.70448385432728,0,3,7,1,3,2,2,2,7259.002501306281,2.0,2,1,1.0,11,25,1748.6708740250856,0.5767326564502995,76.5369759093557,67.51837519737109,8.41581441515994,1038.6573712677116,27237.661913598215,7969.521714238369,1477.3136892051034,1123.7356562022558,5368.47236883101,1370.2062078899207,6599.315506348448,17.385793726268425,4,2,0,0,2,26.493901145226495,22.41104719355606,30.57675509689693,1.0,0.5889528064439419,0.0,0.4110471935560581,2,0,0.0,0.0,0.0,1.0,1.0,0.4110471935560581,0.0,0.0,0.0,0.0,14,1,2021,3,28,3,0,1,1,1,0,1,GRAVE_LESIONADOS,1
6,1,10,1,4,1,-14.267111313680624,-75.5945561613918,0,3,7,1,2,2,2,1,6639.975,2.0,2,0,1.0,9,31,1616.0,0.5879366749242181,78.22115677044636,68.15907473216923,8.900229598526677,1011.6518782490954,27932.19700214133,3721.461,698.1859999999996,744.866,2278.409,1102.9029999999996,2618.558,29.636290693359403,7,1,0,0,6,36.355131764025714,36.355131764025714,36.355131764025714,0.6448682359742837,0.35513176402571633,0.6448682359742837,0.6448682359742837,1,0,0.0,0.0,0.0,0.35513176402571633,0.0,0.35513176402571633,0.6448682359742837,0.35513176402571633,0.35513176402571633,0.35513176402571633,8,0,2021,6,12,6,1,0,0,1,0,1,GRAVE_LESIONADOS,1
3,2,20,0,4,1,-15.668741623248284,-70.07609340939852,2,4,2,1,2,2,2,2,7586.903,2.0,2,0,1.0,9,5,1198.0,0.33843605849021013,71.36907772122663,67.58099075653838,6.055179391272842,315.2518797674741,5136.239364010944,13642.312999999998,2020.7790000000005,2354.117,9267.416999999998,3314.0520000000006,10328.260999999997,24.29244952817019,4,2,0,0,2,31.149849910730126,26.0,36.29969982146025,1.0,0.592835701532875,0.0,0.0,2,0,0.0,0.0,0.0,1.0,0.0,1.0,0.592835701532875,0.0,0.407164298467125,0.407164298467125,22,2,2022,3,10,6,1,0,2,1,0,1,GRAVE_LESIONADOS,1
4,1,14,2,3,4,-12.198063433286658,-76.9382994082099,0,2,3,0,4,2,2,1,6543.555,2.0,4,4,1.0,14,33,1198.0,0.6952687304178398,80.03720537404035,74.1848114535879,9.902447829035365,1423.231541529317,456501.0045903631,7626.313,1683.4029999999998,1599.0829999999996,4343.827000000001,1814.875,5811.438000000001,23.797541485643197,9,1,0,0,7,36.956342944356045,31.048309382212544,42.864376506499546,1.0,0.5908033562143502,0.0,0.0,1,0,0.0,0.5908033562143502,1.0,0.0,0.4091966437856498,0.0,0.5908033562143502,1.0,0.4091966437856498,0.5908033562143502,8,0,2023,6,25,3,0,1,0,1,0,1,GRAVE_LESIONADOS,1
6,1,6,0,4,1,-11.252865896055454,-74.83396603195067,2,4,3,0,2,1,1,2,1020.8056411289759,1.4558198840580463,1,1,0.4558198840580464,10,32,273.4855550724279,0.41364378871120866,69.56700601657799,64.23823787868093,5.958085882147194,604.2440094146557,8790.749350967026,16938.799141744206,1931.7050864223131,1984.5616250501155,13022.532430271775,2478.2542641494556,14460.544877594748,14.532370596587047,6,1,0,0,5,27.01401872463851,27.01401872463851,27.01401872463851,1.0,0.0,0.0,0.4558198840580464,1,0,0.0,0.0,0.4558198840580464,0.5441801159419536,0.0,0.0,1.0,0.0,0.0,0.0,4,0,2024,3,13,3,0,0,2,1,0,1,GRAVE_LESIONADOS,1
4,1,6,0,4,1,-9.901238142474728,-74.95754619825436,0,4,0,0,1,2,2,4,2066.751567866262,1.5434698699813632,1,1,0.5434698699813632,6,24,356.90920045146436,0.25691786079358764,73.72525625602263,43.458407308042396,3.9236824812913826,256.4116252867457,18774.908382278194,16937.489753607064,1931.4469503689415,1983.1926749680488,13022.850128270073,2477.630280401777,14459.859473205288,14.529785348769956,8,1,0,0,7,46.60896416059638,46.60896416059638,46.60896416059638,1.0,0.0,0.0,0.45653013001863685,1,0,0.0,0.0,0.0,1.0,0.0,0.5434698699813632,0.45653013001863685,0.0,0.0,0.0,13,1,2021,6,11,0,0,0,2,1,0,1,GRAVE_LESIONADOS,1
3,1,14,1,2,2,-11.61553882267138,-77.32987521196495,0,1,3,0,2,2,2,0,6543.555,2.4971538158828714,3,2,1.0,7,31,1335.7116069995554,0.783619567072159,79.3419170359746,77.99174269299417,13.3192673244056,1697.6210471220336,59935.711171905365,7626.313,1683.4029999999998,1599.0829999999996,4343.827000000001,1814.875,5811.438000000001,23.797541485643197,19,2,0,0,16,43.25996164440995,29.508538552351386,55.0,1.0,0.0,0.0,0.49715381588287166,2,0,0.0,0.0,0.5028461841171283,1.0,0.5028461841171283,0.49715381588287166,1.0,0.0,0.5028461841171283,0.5028461841171283,17,2,2024,6,21,2,0,1,0,1,0,1,GRAVE_LESIONADOS,1
5,1,7,1,4,2,-7.794830684937402,-77.5449110838918,0,3,6,0,1,2,2,2,5717.822911220621,1.865214215082562,3,3,0.8652142150825619,13,32,1043.535490484616,0.399304238135169,76.48318773516449,55.763535163465335,5.6555992134393565,513.5593382681969,52212.077595261755,15626.46723942135,1772.58884156401,1126.875526971517,12727.002870885824,2177.2600210335513,13449.2072183878,14.13409213742236,6,1,0,0,5,43.74132181704591,43.0,44.48264363409182,1.0,0.8652142150825619,0.0,1.0,1,0,0.0,0.0,1.0,0.1347857849174381,0.0,0.1347857849174381,1.0,1.0,0.8652142150825619,0.8652142150825619,6,1,2023,1,22,5,0,1,2,1,0,1,GRAVE_LESIONADOS,1
4,1,10,1,4,1,-15.290414075947002,-75.11056630917344,0,4,7,1,2,2,2,0,196.8,2.0,2,0,1.0,4,27,35.0,0.5563774842369664,77.00938809632027,69.10246351364754,8.476961866273152,914.8835608305218,27932.19700214133,3721.461,698.1859999999996,744.866,2278.409,1102.9029999999996,2618.558,29.636290693359403,5,1,0,0,3,60.70094348125664,50.87441531201699,70.52747165049628,1.0,0.0,0.0,0.5039245214994689,1,0,0.0,0.5039245214994689,0.5039245214994689,0.49607547850053113,0.0,0.49607547850053113,0.5039245214994689,0.0,0.5039245214994689,0.5039245214994689,20,2,2022,7,19,2,0,1,0,1,0,1,GRAVE_LESIONADOS,1
8,1,12,0,3,0,-9.091169355820863,-78.18097347214076,0,3,5,1,1,1,1,0,6543.555,2.0,4,4,1.0,14,33,1198.0,0.5555381947344642,78.24916274820038,52.55283609180167,7.401112741943332,1117.2296493912695,44694.99014067723,8711.060321442337,1394.4065349170078,1879.0118959482827,5437.641890577047,1320.0215335579257,7391.038787884411,15.36705379290306,7,1,0,0,6,55.3382078008413,55.0,55.676415601682606,1.0,0.0,0.0,0.0,1,0,0.0,0.0,1.0,0.1691039004206515,0.0,0.0,1.0,0.1691039004206515,0.1691039004206515,0.1691039004206515,15,3,2022,8,17,5,0,1,0,1,0,1,GRAVE_LESIONADOS,1
9,1,3,2,4,2,-12.788787807430586,-74.85791658756324,0,4,0,0,2,1,0,1,6543.555,2.0,4,4,1.0,14,33,1198.0,0.21824570010003463,70.66751813647272,43.00297945177455,3.5183883633320456,201.34086928370488,15644.966558929988,12437.676790846961,1815.1634754100128,1704.4937012499224,8918.019614187026,2436.8086859309697,10000.868104915991,19.59051614253055,6,1,0,0,4,35.01817258073224,33.88295050407036,36.15339465739413,0.12613578629576516,0.8738642137042348,0.0,0.0,1,0,0.0,0.12613578629576516,0.0,1.0,0.0,1.0,0.12613578629576516,0.0,0.0,0.0,11,1,2022,4,13,3,0,0,1,1,0,1,GRAVE_LESIONADOS,1
5,1,4,0,4,1,-14.621186996460516,-74.82830852552199,0,4,0,0,2,1,1,2,2146.880102421772,2.0,2,0,1.0,3,26,117.76152558901212,0.4001860201643147,68.9804832824731,52.243056957291444,5.928570167695322,603.7939318920321,3745.7044298533438,12650.835664374106,1806.5147081060734,1729.0079988139832,9115.31295745405,2424.9690524945363,10225.86661187957,19.154771919973324,36,1,0,0,35,51.82130005347044,51.24878865087036,52.39381145607051,1.0,0.0,0.0,1.0,1,0,0.0,0.0,0.9326457173411677,0.06735428265883225,0.0,0.06735428265883225,1.0,0.0,0.0,0.0,4,0,2023,8,13,4,0,0,2,1,0,1,GRAVE_LESIONADOS,1
4,1,9,0,4,1,-12.172563405960542,-75.99492004693866,0,4,5,1,2,0,1,0,6601.884280267702,2.3950499868522956,2,0,1.0,5,30,1560.2979518538264,0.5397991747356516,78.12286622488004,62.362744629068885,7.840473993901852,896.476249797212,4423.187258056771,9786.415926557593,1608.6848750479976,1310.1498924800158,6867.581159029579,2621.085854360143,7165.330072197449,26.6747357612586,4,1,0,0,3,37.98762496713074,27.864350170920154,47.50594975019362,1.0,0.0,0.0,1.0,1,0,0.0,0.39504998685229575,0.0,1.0,0.0,1.0,0.39504998685229575,0.0,0.39504998685229575,0.0,10,1,2021,2,17,2,0,0,0,1,0,1,GRAVE_LESIONADOS,1
4,1,4,0,4,1,-13.43698309006841,-74.12785406814449,1,4,2,0,1,2,2,2,7231.6326331641685,2.0,2,1,1.0,10,14,1198.0,0.3507978072510435,70.95576549762386,50.6277340002499,5.443448026678729,420.75570326865494,6797.659890385216,12678.733000000004,1805.074000000001,1774.0339999999994,9099.625000000004,2485.375000000001,10193.358000000002,19.602707936195205,13,1,0,0,11,47.64872514531146,43.36203976750166,51.935410523121256,1.0,0.3405099418754157,0.0,1.0,1,0,0.0,1.0,0.6594900581245843,0.0,0.0,0.0,1.0,0.3405099418754157,0.0,0.0,16,2,2025,2,13,5,1,0,2,1,0,1,GRAVE_LESIONADOS,1
6,1,11,0,4,1,-11.394963998539977,-75.7009772721002,4,4,6,1,4,1,1,0,6962.765622354975,2.0,3,2,1.0,11,21,1198.0,0.49450710413025745,74.99147742576928,56.283941049527854,7.223013723865501,834.5385188691627,10769.641324135417,12264.545,1826.4639999999995,1105.5389999999998,9332.542,1588.5359999999996,10676.009,12.952261987705208,7,1,0,0,6,36.169507604332814,36.169507604332814,36.169507604332814,1.0,0.0,0.0,0.0,1,0,0.0,0.5982063296666362,0.0,0.4017936703333638,0.0,0.4017936703333638,0.5982063296666362,0.0,0.0,0.0,8,0,2022,8,4,5,1,0,2,1,0,1,GRAVE_LESIONADOS,1
3,1,14,2,5,4,-11.461009633838774,-76.53524388715763,0,2,7,1,2,2,2,0,6543.555,2.0,4,4,1.0,14,33,1198.0,0.6401053083508792,77.0986108179488,69.49108164909428,9.390994933920961,1259.0573405719201,141749.72575687946,7031.892872484459,1541.9108838701973,1482.7299974468795,4007.2519911673817,1674.6454099184466,5357.2474625660125,23.90960719997841,6,2,0,0,3,32.425966026667126,30.273057324255408,35.73178343149057,1.0,1.0,0.0,0.0,2,0,0.0,0.0,0.9089808919148642,0.0910191080851358,1.0,0.0,1.0,0.9089808919148642,1.0,1.0,5,0,2022,11,6,0,0,0,0,1,0,1,GRAVE_LESIONADOS,1
4,1,14,0,4,1,-7.281907389255986,-79.49996965977591,0,2,7,1,2,2,2,1,4338.6965093443305,2.0,3,3,0.6379304895796655,12,32,812.3959714023438,0.5045224188683606,77.49891779267254,55.50169553436214,7.071348497795107,839.6806876487967,70729.26774178303,8944.144880627207,1497.3706228067583,1465.659412867621,5981.114844952827,1579.639128513999,7364.5057521132085,17.651447609586654,5,1,0,0,3,29.689657715294892,26.913791468738996,31.25862559378301,1.0,1.0,0.36206951042033453,0.36206951042033453,1,0,0.0,0.0,0.36206951042033453,1.0,0.36206951042033453,1.0,0.0,0.0,1.0,0.36206951042033453,4,0,2022,6,22,3,0,0,0,1,0,1,GRAVE_LESIONADOS,1
6,1,11,0,4,2,-8.271330314829184,-77.88320604130872,1,4,0,0,5,2,2,5,6543.555,2.0,4,4,1.0,14,33,1198.0,0.19067836815673758,76.3083676128094,30.217447190884123,2.9787324376307205,188.02917113208076,24357.259207772127,8764.990675765437,1335.1024867644335,1671.9119457542015,5757.9762432468015,1182.503135695536,7582.4875400699,13.480367643065204,5,1,0,0,4,43.69249039142924,43.69249039142924,43.69249039142924,1.0,0.0,0.0,0.0,1,0,0.0,0.23083013047641254,0.0,0.0,0.0,0.0,1.0,0.0,1.0,0.0,10,1,2021,3,9,3,0,0,0,1,0,1,GRAVE_LESIONADOS,1
4,1,8,0,3,2,-11.127852918209147,-75.79391580464676,0,3,4,0,2,2,2,1,6543.555,2.0,4,4,1.0,14,33,1198.0,0.5001097411251897,77.10714822414873,55.87181865270857,7.695883838472724,788.9858042335644,12975.020006142064,9444.293473684775,1394.4295239303983,1867.3404515184027,6182.5234982359725,1833.808044735341,7610.485428949433,18.92667977075496,5,1,0,0,4,33.49865654423672,30.05150024777829,36.31437530972286,0.36856246902771383,0.0,0.0,0.0,1,0,0.0,0.0,1.0,0.36856246902771383,0.6314375309722862,0.36856246902771383,0.36856246902771383,0.6314375309722862,0.0,0.6314375309722862,16,2,2022,5,21,5,1,1,0,1,0,1,GRAVE_LESIONADOS,1
3,1,11,1,4,1,-11.994146426808566,-75.26353391937542,0,4,7,1,2,0,1,2,213.00121024776956,2.0,2,0,0.9600118808191255,3,31,40.71830104286505,0.5715203300570846,72.05912804363341,78.66627254910553,9.862599743838567,913.7608194514278,20258.76371800244,12264.545,1826.4639999999995,1105.5389999999998,9332.542,1588.5359999999996,10676.009,12.952261987705208,8,2,0,0,6,46.460160391058196,28.76007128491475,64.16024949720163,1.0,0.0,0.0,0.9600118808191255,2,0,0.0,0.0,1.0,0.9600118808191255,0.039988119180874526,0.039988119180874526,0.9600118808191255,0.0,0.0,0.9600118808191255,11,2,2023,1,5,3,0,0,2,1,0,1,GRAVE_LESIONADOS,1
5,1,5,0,4,1,-6.846065938340582,-78.79820666106114,1,4,7,1,1,1,1,2,6761.6548544171355,2.0,3,3,1.0,13,30,1365.8686937019754,0.3601576340437639,67.31419944480344,47.69326812525217,5.467474965848494,512.7819609671712,12128.335757424495,15935.565011852366,1733.9250000199986,935.692,13265.948011832368,2000.1670000199988,13935.398011832369,12.551591352627522,11,1,0,0,10,28.025074191741467,27.665996772058094,28.384151611424834,1.0,1.0,0.0,1.0,1,0,0.0,0.0,0.820461290158315,0.17953870984168496,0.17953870984168496,0.0,0.820461290158315,0.0,0.17953870984168496,0.0,17,1,2023,10,25,5,1,0,2,1,0,1,GRAVE_LESIONADOS,1
8,1,11,0,4,0,-8.885532517735399,-77.86169271330775,0,3,7,1,1,2,2,0,5739.845076091993,1.8539484630145435,3,3,0.8539484630145436,13,32,1043.6235254063727,0.49837773962323145,76.89948981591688,48.38475921583492,6.615480263959969,913.4349202084779,44159.0714761531,9418.576440187564,1407.2829021661987,1814.69537741965,6196.598160601714,1273.235170846529,8145.341269341034,13.549188784785906,6,1,0,0,5,53.1743557876818,51.202660038378134,55.14605153698545,1.0,0.0,0.0,0.0,1,0,0.0,0.14605153698545636,0.8539484630145436,0.14605153698545636,0.0,0.14605153698545636,1.0,0.0,0.0,0.0,14,2,2022,10,18,5,0,1,0,1,0,1,GRAVE_LESIONADOS,1
4,2,1,0,3,1,-7.117774887513632,-78.06650498505638,0,3,5,1,2,1,1,0,7549.156020077034,2.0,2,0,1.0,9,22,1971.9983599569198,0.5228629797683005,72.41052249563803,68.64922395215424,7.5214302160333055,889.089127390934,51994.967819953294,3872.3459786820404,1076.439412413813,612.542909259472,2183.3636570087556,971.0236131321317,2901.322365549909,25.112514528328326,4,2,0,0,2,28.019765924603824,23.79464012801972,32.24489172118793,1.0,0.17219426742575428,0.17219426742575428,0.17219426742575428,2,0,0.0,0.0,0.0,1.0,1.0,0.17219426742575428,0.8278057325742457,0.0,1.0,0.17219426742575428,7,0,2023,2,19,6,1,0,0,1,0,1,GRAVE_LESIONADOS,1
6,1,10,1,4,1,-14.242667948582447,-75.69223323044098,0,4,7,1,2,2,2,4,6639.975,2.0,2,0,1.0,9,31,1616.0,0.620471509494402,80.05244606627276,74.14079025240758,9.285249406693842,1062.0699521092208,30474.47630703733,3721.461,698.1859999999996,744.866,2278.409,1102.9029999999996,2618.558,29.636290693359403,5,1,0,0,4,21.72903679212878,21.72903679212878,21.72903679212878,1.0,0.7290367921287805,0.0,0.7290367921287805,1,0,0.0,0.0,0.0,0.7290367921287805,0.0,0.2709632078712195,0.7290367921287805,1.0,0.7290367921287805,0.2709632078712195,16,2,2021,3,20,2,0,1,0,1,0,1,GRAVE_LESIONADOS,1
3,1,3,0,4,1,-16.71856526805006,-71.70819676494015,0,4,4,0,2,2,2,0,1806.2584772346936,2.0,2,0,1.0,8,30,349.5847568480963,0.6144745731853261,78.99825651610524,72.82055716170481,8.604487272952914,1151.4723000153804,1063.1203525359247,10322.272,1495.236,1749.739,7077.2970000000005,2886.595,7435.677000000001,27.964725207783708,9,2,0,0,7,29.49938619778504,25.714373400316422,33.28439899525365,1.0,0.0,0.0,0.28562659968357706,2,0,0.0,0.0,0.28562659968357706,1.0,0.0,0.7143734003164229,0.28562659968357706,0.0,0.0,0.0,4,0,2024,4,4,1,0,0,0,1,0,1,GRAVE_LESIONADOS,1
6,1,12,0,4,1,-11.475012822019396,-76.57944570287086,0,4,7,0,2,0,0,1,1438.6030389331274,1.7290907767531287,1,0,0.0,9,18,582.0508524503391,0.3396852353517428,75.7454751711471,65.07412742606567,4.135443692932857,408.6715925879444,1409.8413392235857,7866.098275315708,1618.923895775012,1710.002176001636,4537.17220353906,1832.4039103809655,6033.694364934742,23.333058918459347,4,1,0,0,3,44.47818009779068,44.47818009779068,44.47818009779068,1.0,0.27090922324687117,0.0,0.0,1,0,0.0,0.0,0.0,1.0,0.0,1.0,0.0,0.0,0.0,0.0,13,2,2021,8,10,3,0,0,0,1,0,1,GRAVE_LESIONADOS,1
3,1,10,0,4,1,-14.171352487393849,-75.7085011276185,0,4,7,1,2,1,0,2,6639.975,2.0,2,0,1.0,9,31,1616.0,0.6261042306271147,80.48505954362174,76.55712631348362,9.341715591523595,1061.002261282891,31419.372591006424,3721.461,698.1859999999996,744.866,2278.409,1102.9029999999996,2618.558,29.636290693359403,4,1,0,0,2,36.96964283682504,32.264897945251455,41.67438772839862,1.0,1.0,0.0,1.0,1,0,0.0,0.8554081621042879,0.0,1.0,0.0,0.0,1.0,1.0,0.14459183789571206,0.0,20,2,2021,7,23,3,0,1,0,1,0,1,GRAVE_LESIONADOS,1
5,1,5,2,3,1,-7.3007985744036334,-78.46694200189094,0,2,0,1,2,1,1,0,1067.6291700184793,2.0,2,0,1.0,8,17,188.25584140256157,0.6094464386098069,73.36495028541526,74.30151239217108,9.506769847534073,1125.3967459775333,257309.6112110209,15670.626213117872,1732.3141163958326,956.8440861782232,12981.468010543816,1994.2590025455706,13676.367210572302,12.910166169544766,4,1,0,0,3,25.49421432573318,25.191308771251553,25.7971198802148,1.0,0.0,0.0,0.0,1,0,0.0,0.0,0.03188479520859211,1.0,0.0,0.9681152047914079,0.03188479520859211,0.0,0.9681152047914079,0.0,3,0,2021,8,28,2,0,1,1,1,0,1,GRAVE_LESIONADOS,1
5,1,5,0,4,1,-5.608201988124092,-78.92654014711307,0,4,0,0,1,2,2,2,660.6695008972484,1.0760999889807743,1,2,0.0760999889807743,8,30,111.57669948209639,0.31990642532547886,74.39972731933022,43.982371538544676,5.093955729406819,341.97024209646275,6883.727656303506,15935.565011852366,1733.9250000199986,935.692,13265.948011832368,2000.1670000199988,13935.398011832369,12.551591352627522,8,1,0,0,7,36.15219997796155,36.07609998898077,36.22829996694232,1.0,0.0760999889807743,0.0,1.0,1,0,0.0,0.0,0.0,1.0,0.0,0.0760999889807743,0.9239000110192257,0.0,0.0760999889807743,0.0,21,1,2023,10,17,4,0,0,2,1,0,1,GRAVE_LESIONADOS,1
5,1,1,0,4,1,-10.602791555629283,-76.64048005135285,0,4,1,0,2,1,0,1,6569.965871826135,2.0,3,2,1.0,12,32,1312.4964159232998,0.5654034378379555,77.98599721576707,56.10351075777241,9.110191737183616,980.6224662323973,5393.567693425152,10645.652890578336,1778.2835877269567,1367.0790672896305,7500.29023556175,2315.7091148625027,8329.943775715834,21.823008255648826,7,1,0,0,6,31.834808188818652,31.834808188818652,31.834808188818652,1.0,0.0,0.0,0.0,1,0,0.2739148706299037,0.0,0.0,1.0,0.0,0.2739148706299037,0.7260851293700963,0.0,0.7260851293700963,0.0,9,2,2021,8,25,3,0,1,0,1,0,1,GRAVE_LESIONADOS,1
5,1,14,2,2,4,-11.998426989902228,-77.08715786555774,0,3,5,1,2,2,2,0,6543.555,2.0,4,4,1.0,14,33,1198.0,0.7334134508292636,80.2837960550466,78.08119148933699,10.868379664078295,1530.2659238023462,683400.8071554903,7626.313,1683.4029999999998,1599.0829999999996,4343.827000000001,1814.875,5811.438000000001,23.797541485643197,5,1,0,0,4,45.20241348166057,43.20368373516614,47.201143228155004,1.0,0.19987297464944365,0.0,0.0,1,0,0.0,0.19987297464944365,1.0,0.0,0.8001270253505564,0.0,0.19987297464944365,0.19987297464944365,0.8001270253505564,0.19987297464944365,11,1,2023,10,23,6,1,1,0,1,0,1,GRAVE_LESIONADOS,1
4,1,5,0,4,1,-7.0361371413119045,-78.53818925537695,0,4,6,1,2,1,1,1,9936.932,2.0,2,0,1.0,9,32,3830.0,0.35087233083207797,76.30823281421988,56.20685510973121,4.663225829243379,405.9187242613434,5421.610008494004,15935.565011852366,1733.9250000199986,935.692,13265.948011832368,2000.1670000199988,13935.398011832369,12.551591352627522,4,1,0,0,3,57.362807722343035,57.362807722343035,57.362807722343035,1.0,0.0,0.0,0.7681403861171516,1,0,0.0,0.23185961388284837,0.0,0.7681403861171516,0.7681403861171516,0.0,0.23185961388284837,0.0,0.0,0.0,8,0,2021,8,7,4,0,0,2,1,0,1,GRAVE_LESIONADOS,1
6,1,4,0,4,1,-14.420112701912263,-74.58602344954603,0,3,1,0,2,1,1,2,2482.995122782807,1.7979431892533,2,0,0.7979431892533,5,23,315.84446988221976,0.3291265092258185,70.02288104490046,48.02539439921799,4.869736131466691,455.34049057457185,3671.37200614779,12678.733000000004,1805.074000000001,1774.0339999999994,9099.625000000004,2485.375000000001,10193.358000000002,19.602707936195205,32,1,0,0,31,52.5958863785066,52.5958863785066,52.5958863785066,1.0,0.0,0.0,1.0,1,0,0.0,0.0,0.7979431892533,0.0,0.0,0.0,1.0,0.0,0.2020568107467,0.0,6,0,2023,8,16,3,0,0,2,1,0,1,GRAVE_LESIONADOS,1
6,1,7,0,4,1,-13.089248659067213,-72.37815372057443,0,4,0,0,2,1,1,2,3447.8009999999995,1.0,2,3,0.0,9,12,1109.0,0.4706944943299555,76.79406176595778,61.64424635983724,7.141255198110581,653.4175319142125,3282.6252676659524,17779.13499998999,2097.3709999899997,2863.123,12818.640999999989,2878.713,14900.421999989989,16.19152450331032,5,1,0,0,4,31.058113842755674,31.058113842755674,31.058113842755674,1.0,0.4368734061079531,0.0,0.0,1,0,0.0,0.0,0.0,0.5631265938920469,0.0,1.0,0.0,0.0,0.5631265938920469,0.0,9,1,2023,7,19,0,0,0,2,1,0,1,GRAVE_LESIONADOS,1