CLASE SINIESTRO,CANTIDAD DE VEHICULOS DAÑADOS,DEPARTAMENTO,ZONA,TIPO DE VÍA,RED VIAL,COORDENADAS LATITUD,COORDENADAS  LONGITUD,CONDICIÓN CLIMÁTICA,ZONIFICACIÓN,CARACTERÍSTICAS DE VÍA,PERFIL LONGITUDINAL VÍA,SUPERFICIE DE CALZADA,¿EXISTE SEÑAL VERTICAL?,¿EXISTE SEÑAL HORIZONTAL?,CAUSA FACTOR PRINCIPAL,MTC_RVN_LONGITUD_KM,MTC_RVN_N_CARRILES_MEDIANA,MTC_RVN_SUPERFICIE_DOMINANTE,MTC_RVN_ESTADO_DOMINANTE,MTC_RVN_ES_CONCESIONADA,MTC_RVN_CONCESION_PRINCIPAL,MTC_RVN_CORREDOR_LOGISTICO,MTC_RVN_N_TRAMOS,IDH_2019,IDH_ESP_VIDA_2019,IDH_EDUC_SECUND_PCT_2019,IDH_ANIOS_EDUC_2019,IDH_INGRESO_PERCAP_2019,IDH_POBLACION_2019,MTC_DEP_RED_TOTAL_KM,MTC_DEP_NACIONAL_TOTAL_KM,MTC_DEP_DEPARTAMENTAL_TOTAL_KM,MTC_DEP_VECINAL_TOTAL_KM,MTC_DEP_PAV_TOTAL_KM,MTC_DEP_NO_PAV_TOTAL_KM,MTC_DEP_PCT_PAVIMENTADA,PER_TOTAL_PERSONAS,PER_N_CONDUCTORES,PER_N_CONDUCTORES_FUGADOS,PER_N_PEATONES,PER_N_PASAJEROS_OCUPANTES,PER_EDAD_COND_PROM,PER_EDAD_COND_MIN,PER_EDAD_COND_MAX,PER_ANY_COND_MASCULINO,PER_ANY_LIC_PROBLEMA,PER_ANY_DOSAJE_POS,PER_ANY_DOSAJE_EVALUADO,VEH_TOTAL,VEH_N_FUGADOS,VEH_ANY_FUGADO,VEH_ANY_CARGA,VEH_ANY_PUBLICO,VEH_ANY_PARTICULAR,VEH_ANY_MOTO,VEH_ANY_AUTO,VEH_ANY_CAMION_BUS,VEH_ANY_SOAT_PROBLEMA,VEH_ANY_CITV_PROBLEMA,VEH_ANY_SEGURO_PROBLEMA,HORA_NUM,FRANJA_HORARIA,ANIO,MES,DIA_MES,DIA_SEMANA,ES_FIN_SEMANA,ES_QUINCENA,REGION_NATURAL,TIENE_SEÑALIZACION,ES_VIA_MULTICARRIL,ES_DEPTO_BAJO_PAVIMENTO,CATEGORIA_SEVERIDAD,CATEGORIA_SEVERIDAD_ENC
3,2,3,0,4,1,-16.28998074941246,-71.65422553035236,0,4,6,0,2,1,1,0,1504.4250000000002,2.0,2,0,1.0,7,25,241.0,0.6005060748875158,78.21704200773246,77.40211893847457,8.994742794352394,996.014120858737,33335.45824411135,10322.272,1495.236,1749.739,7077.2970000000005,2886.595,7435.677000000001,27.964725207783708,7,2,0,0,5,42.04039462905077,25.109642564566393,58.97114669353516,1.0,0.0,0.0,0.0057706612929679935,2,0,0.0,1.0,0.0,0.0,0.0,0.0,1.0,0.0,0.0,0.0,15,2,2021,9,14,3,0,0,0,1,0,1,GRAVE_LESIONADOS,1
3,1,16,0,4,1,-13.80757678266868,-72.4908175792645,2,4,3,1,2,1,1,2,7586.903,2.0,2,0,1.0,9,5,1198.0,0.39880695667321353,75.62670521762735,63.635208201423396,7.033875694900946,496.8052362249039,1141.6439235981184,13050.805831741261,1937.3551467821894,1818.0740398425874,9295.376645116485,2573.24869861316,10477.5571331281,19.42384884969351,5,2,0,0,3,40.99474064007063,28.9842219202119,53.00525935992937,1.0,0.0,0.5706772342958047,1.0,2,0,0.0,0.0,0.0,1.0,0.42932276570419525,0.42932276570419525,0.5706772342958047,0.5706772342958047,1.0,0.0,18,2,2021,3,14,6,1,0,2,1,0,1,GRAVE_LESIONADOS,1
3,1,11,0,4,1,-11.508841160067462,-75.34341908026092,3,4,6,1,4,1,1,0,435.59119174027785,2.0,2,0,0.40788492685035893,6,17,119.67245546039868,0.5599470606269016,73.56759860516763,69.57260978645057,9.16344612494204,929.6806177642894,23487.307243096202,12264.545,1826.4639999999995,1105.5389999999998,9332.542,1588.5359999999996,10676.009,12.952261987705208,19,2,0,0,17,39.30250404905467,31.960575365748205,46.644432732361125,1.0,0.0,0.0,0.40788492685035893,2,0,0.0,0.5921150731496411,1.0,0.40788492685035893,0.0,0.0,1.0,0.0,0.5921150731496411,0.40788492685035893,14,3,2022,1,17,4,0,0,2,1,0,1,GRAVE_LESIONADOS,1
6,1,4,0,4,1,-13.58477077009387,-74.14449869662678,0,4,6,0,1,1,1,2,6662.439568984426,2.0,3,3,1.0,13,29,1198.0,0.3925601230195505,74.76949286496524,56.982252518483875,5.952936261622526,475.49011951679574,6476.093362686788,12678.733000000004,1805.074000000001,1774.0339999999994,9099.625000000004,2485.375000000001,10193.358000000002,19.602707936195205,5,1,0,0,4,43.379258802775496,43.379258802775496,43.379258802775496,1.0,0.8860547305554565,0.0,0.8860547305554565,1,0,0.0,0.8860547305554565,0.0,0.11394526944454353,0.0,0.11394526944454353,0.8860547305554565,0.8860547305554565,0.0,0.0,13,3,2024,5,15,5,1,0,2,1,0,1,GRAVE_LESIONADOS,1
5,1,8,0,4,1,-11.706119349628876,-75.01602559585153,4,4,4,1,6,1,1,1,5540.969646630116,1.6761417886014571,3,3,0.6761417886014571,12,26,1169.1766191855297,0.4114387548298561,74.36608393647236,50.249568834270086,5.669185119398695,604.7342277654268,11510.663386968361,12398.68318486274,1819.536672858185,1322.0365950288685,9257.109916975687,1878.984674452458,10519.698510410282,15.106063517585865,7,1,0,0,6,41.70456715440583,38.789843251818944,44.619291056992715,1.0,0.3238582113985429,0.0,0.3238582113985429,1,0,0.0,1.0,0.0,0.3238582113985429,0.3238582113985429,0.0,1.0,0.3238582113985429,0.3238582113985429,0.0,7,0,2021,5,8,4,0,0,2,1,0,1,GRAVE_LESIONADOS,1
6,1,5,0,4,2,-7.129488673013313,-78.50479533459841,5,4,0,0,1,2,2,0,6543.555,2.0,4,4,1.0,14,33,1198.0,0.31807937633054767,74.24765381534036,55.20430165955234,4.184568351337803,361.68601021960507,8363.629209140963,15935.565011852366,1733.9250000199986,935.692,13265.948011832368,2000.1670000199988,13935.398011832369,12.551591352627522,6,1,0,0,5,37.0,33.0,40.0,0.0,0.0,0.0,0.0,1,0,0.0,0.2979028116205089,0.7020971883794911,0.0,0.0,0.7020971883794911,0.2979028116205089,0.0,1.0,0.0,14,2,2021,4,7,1,0,0,2,1,0,1,GRAVE_LESIONADOS,1
3,1,7,0,4,0,-13.613907078424642,-71.46558311414236,0,4,0,0,1,2,2,2,6543.555,2.0,4,4,1.0,14,33,1198.0,0.2807251305604295,64.24279816603936,48.14343109142455,4.543524675700335,309.6858369229633,11917.239676346877,17779.13499998999,2097.3709999899997,2863.123,12818.640999999989,2878.713,14900.421999989989,16.19152450331032,5,1,0,0,3,42.489630552228675,33.838911923603504,51.14034918085385,1.0,0.7208932190520977,0.0,0.2791067809479023,1,0,0.0,0.0,0.0,1.0,0.7208932190520977,0.0,0.2791067809479023,1.0,0.0,0.7208932190520977,6,0,2022,4,7,4,0,0,2,1,0,1,GRAVE_LESIONADOS,1
4,1,15,1,2,3,-12.984374529979943,-75.19709525541984,1,2,7,1,2,2,2,2,5175.284795892669,2.0,3,2,1.0,12,30,938.1466948995726,0.713444033069486,78.42367871888716,78.21395666355316,11.514777256077899,1431.331276742202,245926.2513231471,9259.831791519511,1775.0103862712244,1804.0966680911138,5680.724737157172,2221.945113250307,7037.886678269204,23.931923398466,10,2,0,0,8,40.90729358166211,38.18541283667577,43.629174326648446,1.0,0.0,0.0,0.0,2,0,0.0,0.0,0.728470945558592,0.27152905444140796,0.728470945558592,0.27152905444140796,1.0,0.0,0.0,0.0,11,1,2021,8,19,2,0,1,0,1,0,1,GRAVE_LESIONADOS,1
3,2,7,0,4,1,-13.595738401745843,-71.78047033395174,0,3,7,1,2,0,1,2,7586.903,2.0,2,0,1.0,9,5,1198.0,0.5065580412535501,64.79370905469777,77.15417383818448,8.35812941450031,844.3117831870799,8658.316916488222,17779.13499998999,2097.3709999899997,2863.123,12818.640999999989,2878.713,14900.421999989989,16.19152450331032,7,3,0,0,3,42.999075528684806,34.99931324988014,56.99852084589569,1.0,5.282693229680113e-05,0.0,5.282693229680113e-05,3,0,0.9999471730677032,0.0,5.282693229680113e-05,1.0,0.0,1.0,1.0,0.0,0.0,0.9999471730677032,15,2,2022,11,6,1,0,0,2,1,0,1,GRAVE_LESIONADOS,1
3,1,10,0,4,1,-14.337068091402092,-75.29513098356408,0,4,0,1,2,1,1,0,6791.896128311922,2.0,2,0,1.0,9,31,1718.019340283357,0.5609197142497322,79.62430858637734,75.8941852161849,8.785948595131138,823.9953447673803,897.1899171099349,3719.4177960505176,692.0298654731179,752.5141788983249,2274.8737516790748,1079.3092995896175,2640.1084964609,29.01112286079111,6,2,0,0,4,47.10832683269714,43.216653665394276,51.0,1.0,0.0,0.0,0.046079196153277824,2,0,0.0,0.9539208038467222,0.0,1.0,0.0,1.0,0.9539208038467222,0.0,0.0,0.0,17,2,2023,6,17,1,0,1,0,1,0,1,GRAVE_LESIONADOS,1
6,1,1,0,4,1,-9.946014489221046,-77.32766281418563,4,4,6,1,5,2,2,0,9936.932,2.0,2,0,1.0,9,32,3830.0,0.45980941836807776,71.17621425011313,66.45945028427707,7.6611886807852905,638.6625723440701,3519.0953065084336,10767.648,1885.0630000000003,1222.721,7659.864000000001,2100.343,8667.305000000002,19.506051832303577,6,1,0,0,5,23.901615891852074,23.901615891852074,23.901615891852074,1.0,0.0,0.0,0.18579123294533695,1,0,0.0,0.0,0.18579123294533695,0.814208767054663,0.0,0.18579123294533695,0.814208767054663,0.0,0.18579123294533695,0.0,16,3,2021,2,22,4,0,1,0,1,0,1,GRAVE_LESIONADOS,1
3,2,3,0,4,1,-16.729036075373315,-71.93130880229151,0,3,7,1,2,0,1,0,367.5389465792848,1.9039816965892853,2,0,0.9039816965892853,7,25,28.435514254857225,0.6494608335054257,75.85381016754594,77.23061329888219,10.53878059153685,1190.8141296707727,21718.17085775938,10322.272,1495.236,1749.739,7077.2970000000005,2886.595,7435.677000000001,27.964725207783708,6,2,0,0,4,60.84778035907142,51.4075058079107,70.28805491023215,1.0,0.0,0.0,0.0,2,0,0.0,0.0,0.09601830341071471,0.9039816965892853,0.0,0.9039816965892853,1.0,0.0,0.0,0.09601830341071471,19,2,2023,3,30,5,0,1,0,1,0,1,GRAVE_LESIONADOS,1
6,1,12,0,4,1,-8.945248854204802,-78.60789969491961,0,4,7,1,2,2,2,0,6543.555,2.9843567046925656,2,0,1.0,0,30,1470.6668071998408,0.4865145169090831,77.50137919211849,52.78239865474199,6.158951103390529,841.1683625483886,9832.504924105957,8931.828000000005,1335.5899999999997,1935.9830000000004,5660.255000000005,1219.309,7712.519000000005,13.651281686122925,4,1,0,0,3,41.85921034223309,41.85921034223309,41.85921034223309,1.0,0.0,0.0,0.0,1,0,0.0,0.015643295307434135,0.0,0.9843567046925659,0.0,0.9843567046925659,0.015643295307434135,0.0,0.0,0.0,6,1,2021,3,19,5,1,0,0,1,0,1,GRAVE_LESIONADOS,1
5,1,4,0,4,1,-13.261106370841224,-74.8601756371649,0,4,5,1,2,1,0,2,1581.5171058054948,2.0,2,2,1.0,8,24,296.480462820007,0.2669896753776893,77.65619715832659,43.870669478017675,4.303587405172618,231.843213700063,3935.3539106085354,12651.338106908908,1806.488760358144,1729.8189356887874,9115.030410861977,2426.0569885536875,10225.281118355218,19.162839432600226,5,1,0,0,4,40.264564816857046,39.801576387357215,40.72755324635686,1.0,0.0,0.0,0.06614120421426062,1,0,0.0,0.0,0.0,0.06614120421426062,0.0,0.9338587957857394,0.06614120421426062,0.0,0.0,0.0,8,0,2022,6,26,2,0,0,2,1,0,1,GRAVE_LESIONADOS,1
5,1,4,2,3,4,-14.488908296183943,-73.12145149788924,0,0,5,0,6,2,2,0,6543.555,2.0,4,4,1.0,14,33,1198.0,0.6540649806430914,78.66332175140424,78.8176301877102,10.951712348205238,1125.1056236252132,97731.70567620712,9016.930370992943,1308.7956613183344,1548.1127480832065,6160.021961591401,2471.3177073730176,6545.612663619924,26.51251190167195,11,1,0,0,10,37.66851970081673,37.47830822950484,37.85873117212863,1.0,0.8097885286881047,0.0,0.1902114713118953,1,0,0.0,0.1902114713118953,0.0,1.0,1.0,0.0,0.1902114713118953,0.8097885286881047,1.0,0.1902114713118953,15,2,2022,9,22,5,0,1,0,1,0,1,GRAVE_LESIONADOS,1
5,1,12,0,4,1,-11.973882333380846,-76.53813753071742,0,4,7,1,2,1,1,1,410.92470519021435,2.0,2,0,0.1627808570413014,8,4,85.27723940968207,0.6388327297963895,78.52987172512387,69.77226364579677,8.837082912794664,1260.4129561031477,35878.26548662774,8065.16351656821,1652.7730144731092,1623.606912798414,4788.783589296687,1989.3305001083036,6075.833016459907,24.47587922338179,6,1,0,0,5,59.19414943219358,58.00042314722404,60.279355145802256,1.0,0.0,0.0,1.0,1,0,0.0,0.1627808570413014,0.1627808570413014,0.8372191429586986,0.0,0.8372191429586986,0.1627808570413014,0.0,0.0,0.0,16,2,2023,10,12,1,0,0,0,1,0,1,GRAVE_LESIONADOS,1
5,1,4,0,6,3,-13.498201029302868,-74.44647616740104,4,4,2,0,6,2,2,5,6640.886206274897,2.0,3,3,1.0,13,30,1198.0,0.27670058037473083,80.03051681694089,33.10864926818466,3.941689247508446,307.62956249508767,2484.6881146769265,12640.094484696781,1807.0694171592038,1711.671849750287,9121.35321778729,2401.7112351733354,10238.383249523444,18.982305226425762,5,1,0,0,3,29.792942770136733,29.559724308331813,30.026161231941654,1.0,0.0,0.0,0.9067126152780315,1,0,0.0,0.9067126152780315,0.09328738472196851,0.09328738472196851,0.0,0.09328738472196851,1.0,0.0,0.0,0.0,11,1,2021,4,26,0,0,1,2,1,0,1,GRAVE_LESIONADOS,1
3,1,19,1,2,3,-5.162836110506973,-80.66650712636451,1,4,7,1,2,1,1,2,6543.555,2.2612219710814023,3,2,1.0,10,32,1270.3584859895484,0.6429335559039286,78.65403801484196,76.00083059177362,10.910961217363198,1085.552890237609,180203.5263108027,8965.846000060003,1782.4120000599992,636.9959999999999,6546.438000000004,2214.505000059999,6751.341000000004,24.699342371541725,4,1,0,0,3,35.01839127472668,25.04488788432561,44.991894665127745,1.0,0.7387780289185977,0.0,0.2612219710814023,1,0,0.0,0.0,0.0,1.0,0.7387780289185977,0.2612219710814023,0.0,1.0,0.2612219710814023,0.0,18,1,2021,3,4,3,0,0,0,1,0,1,GRAVE_LESIONADOS,1
5,1,11,0,3,3,-7.973062198742722,-77.50175915462184,0,3,6,0,6,2,2,0,6543.555,2.0,4,4,1.0,14,33,1198.0,0.17616294846343883,73.52668014224913,22.650622324638682,3.098243121692363,170.07932099055506,13339.007876171598,8987.561598387298,1341.9891401653986,1928.517723945702,5717.0547342761965,1286.1393421933967,7701.4222561939005,14.225011885092057,9,1,0,0,8,23.18037489661059,23.08016662071582,23.280583172505363,1.0,0.0,0.0,0.0,1,0,0.0,0.0,0.04008331035790902,1.0,0.0,0.04008331035790902,1.0,0.0,0.0,0.0,17,2,2023,9,26,3,0,1,0,1,0,1,GRAVE_LESIONADOS,1
3,1,3,0,4,0,-16.508081046973295,-71.78035677270957,0,4,7,1,2,1,1,0,3124.2667354395044,2.0,2,1,1.0,9,27,548.6301942628203,0.6105481451420971,78.10653088113892,68.35418098658066,8.411557426919764,1158.5430895193692,35025.678800856535,10322.272,1495.236,1749.739,7077.2970000000005,2886.595,7435.677000000001,27.964725207783708,7,2,0,0,4,28.583277129975706,22.964357975745518,33.749831389927124,1.0,0.0,0.32145265858183936,1.0,2,0,0.0,1.0,0.6785473414181606,0.32145265858183936,0.0,0.32145265858183936,0.6785473414181606,0.0,0.0,0.0,13,1,2024,7,10,3,0,0,0,1,0,1,GRAVE_LESIONADOS,1
4,1,4,0,4,0,-13.271261154042588,-73.84360460153094,0,4,0,0,2,2,2,2,6991.608899607726,2.0,3,2,1.0,11,20,1198.0,0.2549394840302315,74.18178654013246,45.08468720415651,4.983030430069426,228.48387411445992,6681.338677166531,12678.733000000004,1805.074000000001,1774.0339999999994,9099.625000000004,2485.375000000001,10193.358000000002,19.602707936195205,9,1,0,0,8,35.66236839594635,32.8710175260063,38.45371926588641,1.0,0.0,0.0,0.42943859537539353,1,0,0.0,0.42943859537539353,0.42943859537539353,0.5705614046246065,0.0,0.0,1.0,0.5705614046246065,0.5705614046246065,0.5705614046246065,10,0,2022,5,21,3,0,0,2,1,0,1,GRAVE_LESIONADOS,1
5,1,22,0,4,1,-4.219047184124824,-80.18472807756126,6,4,0,0,2,2,2,1,6365.221702274766,2.9456296777489968,2,0,1.0,0,29,1425.5773770738383,0.5692354826633566,74.37061121527715,68.12549115511442,8.98677927834184,977.9912609932403,11343.315032509907,1067.8910857467872,152.66231618365498,290.3281604342902,624.9006091288418,288.7623131207745,779.1287726260125,27.239495715037084,32,1,0,0,31,37.054370322251,36.89125935549799,37.21748128900401,1.0,0.0,0.0,0.945629677748997,1,0,0.0,0.0,0.0,0.05437032225100302,0.05437032225100302,0.05437032225100302,0.945629677748997,0.0,0.05437032225100302,0.0,11,1,2023,9,25,4,0,0,0,1,0,1,GRAVE_LESIONADOS,1
3,2,9,0,4,1,-10.75885648975234,-76.46463260744926,0,4,0,0,2,1,0,2,796.0952265760848,1.442937121734436,1,0,0.442937121734436,8,30,119.49720073929474,0.3720110463687404,73.42600288800963,50.78175523539777,5.631439071927831,459.9254673178779,25602.151753404603,8697.637651851403,1396.7571752221934,1976.3884417492363,5324.4920348799715,1587.1209066324038,7110.516745218997,18.348284171251525,6,2,0,0,4,31.99321704780496,27.78531439132782,36.20111970428211,1.0,0.0,0.0,0.557062878265564,2,0,0.0,1.0,0.0,0.442937121734436,0.557062878265564,0.442937121734436,1.0,0.0,0.442937121734436,0.0,11,1,2023,10,9,2,0,0,1,1,0,1,GRAVE_LESIONADOS,1
8,1,10,0,4,1,-14.089145117298939,-75.85431525219839,0,4,7,1,2,2,2,2,6639.975,2.0,2,0,1.0,9,31,1616.0,0.6136462531689347,79.52824154714429,71.21287804146321,9.21682844707167,1063.3636897884626,29329.53069600462,3721.461,698.1859999999996,744.866,2278.409,1102.9029999999996,2618.558,29.636290693359403,5,1,0,0,4,27.992935663104788,27.992935663104788,27.992935663104788,1.0,0.4007064336895213,0.0,1.0,1,0,0.0,0.0,0.0,1.0,0.0,0.0,1.0,0.4007064336895213,0.4007064336895213,0.0,7,1,2021,6,26,4,0,1,0,1,0,1,GRAVE_LESIONADOS,1
4,1,5,0,4,1,-5.5696045677652615,-78.79790240678578,3,4,3,0,2,1,1,0,7758.33400008,2.0,2,0,1.0,9,20,2133.0,0.4823525101155781,74.68609013731242,51.19107770858362,5.880567124588062,905.9911705096852,13071.734475374731,15935.565011852366,1733.9250000199986,935.692,13265.948011832368,2000.1670000199988,13935.398011832369,12.551591352627522,5,1,0,0,3,27.902249010595774,26.949572423607044,28.854925597584508,1.0,0.4763382934943662,0.0,0.4763382934943662,1,0,0.0,0.5236617065056338,0.0,0.4763382934943662,0.4763382934943662,0.0,0.5236617065056338,0.0,0.4763382934943662,0.0,7,1,2021,4,17,3,0,0,2,1,0,1,GRAVE_LESIONADOS,1
3,2,6,0,4,1,-13.50107530578837,-71.9526869709908,1,4,6,0,2,1,0,2,7744.716327262878,2.0,2,0,1.0,9,6,1374.7487453796925,0.3362148341777615,74.76602566986598,67.7386030371905,5.669180607437227,300.2979699088495,4842.811041163136,17655.332309099802,2072.9642277605294,2733.6887252827028,12848.679356056566,2819.7153163925486,14835.616992707251,15.947089238246058,8,2,0,0,6,40.768615114558806,32.0,49.537230229117604,1.0,0.0,0.0,1.0,2,0,0.0,1.0,0.9328462213602992,0.0,0.0,0.0,1.0,0.0,0.06715377863970085,0.0,9,1,2022,3,10,4,0,0,2,1,0,1,GRAVE_LESIONADOS,1
6,1,12,0,4,1,-8.068480336710069,-78.25483707650766,0,4,7,0,1,2,2,5,9678.747838142644,2.0,2,0,1.0,9,32,3629.744999153185,0.4112169252782014,76.4625658682897,41.27917107311734,6.0054410757522545,621.9870576728916,13182.801992345292,8931.828000000005,1335.5899999999997,1935.9830000000004,5660.255000000005,1219.309,7712.519000000005,13.651281686122925,9,1,0,0,8,30.391322185875943,30.391322185875943,30.391322185875943,1.0,0.0,0.0,0.0,1,0,0.0,0.9239152732344927,0.0,0.07608472676550726,0.0,0.0,1.0,0.0,0.0,0.0,16,2,2022,1,3,5,0,0,0,1,0,1,GRAVE_LESIONADOS,1
3,2,17,0,4,1,-12.36330742378141,-75.0781373664434,0,4,3,0,2,1,1,1,6591.87296155358,2.498880299174652,2,0,1.0,4,30,1545.6578778163741,0.625430053443075,75.68480797006576,71.20424340150186,10.601039822766339,1122.7444592055451,76891.07816022758,3054.225528787895,572.9969497321192,588.3179095030769,1892.910669552699,886.4375793374384,2167.7879494504564,30.347217052434473,5,2,0,0,3,32.75279925206337,25.997760598349302,39.507837905777436,1.0,1.0,0.0,0.5011197008253482,2,0,0.0,0.0,0.4988802991746518,1.0,0.4988802991746518,1.0,0.5011197008253482,0.0,0.4988802991746518,0.4988802991746518,5,0,2021,4,11,1,0,0,0,1,0,1,GRAVE_LESIONADOS,1
3,1,17,0,4,1,-14.213637695162115,-71.87925967055446,3,4,4,1,2,1,1,2,7586.903,2.0,2,0,1.0,9,5,1198.0,0.36921635571796196,76.1528488195836,62.99239936869214,6.623711636964143,417.90894429104236,1224.5859917165767,13211.00609126273,1959.9491636478115,1963.252705360148,9287.804222254772,2773.8834288496364,10437.122662413094,20.742431504396357,5,2,0,0,3,41.80866708969807,31.426001269094204,52.19133291030193,1.0,0.0,0.6869524413854383,1.0,2,0,0.0,0.0,0.0,1.0,0.3130475586145617,0.3130475586145617,0.6869524413854383,0.6869524413854383,1.0,0.0,19,2,2021,3,13,6,1,0,2,1,0,1,GRAVE_LESIONADOS,1
5,1,5,0,4,1,-5.84388926880633,-78.86649116868328,0,4,1,0,1,2,2,2,693.0443318819474,1.208093461577763,1,2,0.2080934615777631,8,28,117.78039269415487,0.3152304248990174,74.04586601371518,43.193489184529525,5.004868727430395,337.77061000883907,6596.610197582933,15935.565011852366,1733.9250000199986,935.692,13265.948011832368,2000.1670000199988,13935.398011832369,12.551591352627522,8,1,0,0,7,36.41618692315553,36.20809346157776,36.62428038473329,1.0,0.2080934615777631,0.0,1.0,1,0,0.0,0.0,0.0,1.0,0.0,0.2080934615777631,0.7919065384222369,0.0,0.2080934615777631,0.0,19,1,2023,10,15,3,0,0,2,1,0,1,GRAVE_LESIONADOS,1
4,1,3,0,4,1,-16.566050999687285,-71.76342488304626,0,3,7,1,2,0,1,1,628.234763986449,1.5830186474441363,3,0,0.5830186474441363,7,27,90.06041969072582,0.662264335423444,76.45706961927517,77.69189030272767,10.736325734377347,1229.4186821765134,22010.4039339273,10322.272,1495.236,1749.739,7077.2970000000005,2886.595,7435.677000000001,27.964725207783708,7,1,0,0,6,34.25849651900832,24.667925410223454,43.84906762779318,1.0,0.5830186474441363,0.0,0.5830186474441363,1,0,0.0,0.0,0.41698135255586366,0.5830186474441363,0.0,0.5830186474441363,0.41698135255586366,0.0,0.0,0.41698135255586366,15,3,2021,2,12,2,0,0,0,1,0,1,GRAVE_LESIONADOS,1
6,1,5,0,4,1,-5.637005291372831,-78.92311326688186,0,4,0,0,1,1,1,2,593.9349751310738,1.091082255878546,1,2,0.09108225587854601,9,32,99.52935020329522,0.32508986978848875,74.58464150157803,45.54756743126161,5.097953372780803,351.0214903168502,7177.9645612235345,15935.565011852366,1733.9250000199986,935.692,13265.948011832368,2000.1670000199988,13935.398011832369,12.551591352627522,8,1,0,0,7,35.72675323236436,35.72675323236436,35.72675323236436,1.0,0.0,0.0,1.0,1,0,0.0,0.0,0.09108225587854601,0.908917744121454,0.0,0.0,1.0,0.0,0.0,0.0,21,1,2024,9,18,5,1,0,2,1,0,1,GRAVE_LESIONADOS,1
6,1,1,0,4,1,-9.946245948941774,-77.36483475759259,5,4,6,1,5,2,2,0,9936.932,2.0,2,0,1.0,9,32,3830.0,0.4637094601767211,71.12930050444248,70.0608120179991,7.89435353034033,621.1604603286535,3762.7541661024225,10767.648,1885.0630000000003,1222.721,7659.864000000001,2100.343,8667.305000000002,19.506051832303577,5,1,0,0,4,21.218179615438693,21.218179615438693,21.218179615438693,1.0,0.0,0.0,0.05800855311612829,1,0,0.0,0.0,0.05800855311612829,0.9419914468838717,0.0,0.05800855311612829,0.9419914468838717,0.0,0.05800855311612829,0.0,16,3,2021,1,21,4,0,1,0,1,0,1,GRAVE_LESIONADOS,1
9,1,12,0,4,0,-8.283374609439385,-78.56406967038937,0,4,6,1,1,2,2,0,6543.555,2.0,4,4,1.0,14,33,1198.0,0.49532531189214885,77.70787182025762,47.47276901074793,6.347440614222724,913.430555489957,44302.83637649779,8934.016011338463,1364.3292439496622,1852.4331652214369,5717.253602167364,1283.3192336492207,7650.6967776892425,14.361884367204631,6,1,0,0,5,53.842253982515494,53.842253982515494,53.842253982515494,1.0,0.06431922319358352,0.0,0.0,1,0,0.0,0.06431922319358352,0.9356807768064165,0.0,0.06431922319358352,0.0,0.9356807768064165,0.06431922319358352,0.06431922319358352,0.06431922319358352,16,2,2022,9,15,6,1,0,0,1,0,1,GRAVE_LESIONADOS,1
5,1,16,0,4,0,-6.868977894148603,-79.68724979663523,0,4,7,1,1,2,2,1,6543.555,2.5976294604586254,2,1,1.0,5,31,1363.5433605470394,0.490529926700355,74.4272971368126,53.27172082691188,7.030630389069979,841.432945498404,46951.85010799851,8952.158159021743,1602.6239908169011,1159.6701000472312,6189.864068157611,1814.0674485664395,7138.090710455303,20.253928232663917,6,1,0,0,4,52.01185269770687,52.01185269770687,52.01185269770687,1.0,0.0,0.0,0.5976294604586256,1,0,0.0,0.5976294604586256,0.40237053954137436,0.0,0.0,0.0,1.0,0.0,0.5976294604586256,0.0,8,1,2022,5,18,2,0,1,0,1,0,1,GRAVE_LESIONADOS,1