CLASE SINIESTRO,CANTIDAD DE VEHICULOS DAÑADOS,DEPARTAMENTO,ZONA,TIPO DE VÍA,RED VIAL,COORDENADAS LATITUD,COORDENADAS  LONGITUD,CONDICIÓN CLIMÁTICA,ZONIFICACIÓN,CARACTERÍSTICAS DE VÍA,PERFIL LONGITUDINAL VÍA,SUPERFICIE DE CALZADA,¿EXISTE SEÑAL VERTICAL?,¿EXISTE SEÑAL HORIZONTAL?,CAUSA FACTOR PRINCIPAL,MTC_RVN_LONGITUD_KM,MTC_RVN_N_CARRILES_MEDIANA,MTC_RVN_SUPERFICIE_DOMINANTE,MTC_RVN_ESTADO_DOMINANTE,MTC_RVN_ES_CONCESIONADA,MTC_RVN_CONCESION_PRINCIPAL,MTC_RVN_CORREDOR_LOGISTICO,MTC_RVN_N_TRAMOS,IDH_2019,IDH_ESP_VIDA_2019,IDH_EDUC_SECUND_PCT_2019,IDH_ANIOS_EDUC_2019,IDH_INGRESO_PERCAP_2019,IDH_POBLACION_2019,MTC_DEP_RED_TOTAL_KM,MTC_DEP_NACIONAL_TOTAL_KM,MTC_DEP_DEPARTAMENTAL_TOTAL_KM,MTC_DEP_VECINAL_TOTAL_KM,MTC_DEP_PAV_TOTAL_KM,MTC_DEP_NO_PAV_TOTAL_KM,MTC_DEP_PCT_PAVIMENTADA,PER_TOTAL_PERSONAS,PER_N_CONDUCTORES,PER_N_CONDUCTORES_FUGADOS,PER_N_PEATONES,PER_N_PASAJEROS_OCUPANTES,PER_EDAD_COND_PROM,PER_EDAD_COND_MIN,PER_EDAD_COND_MAX,PER_ANY_COND_MASCULINO,PER_ANY_LIC_PROBLEMA,PER_ANY_DOSAJE_POS,PER_ANY_DOSAJE_EVALUADO,VEH_TOTAL,VEH_N_FUGADOS,VEH_ANY_FUGADO,VEH_ANY_CARGA,VEH_ANY_PUBLICO,VEH_ANY_PARTICULAR,VEH_ANY_MOTO,VEH_ANY_AUTO,VEH_ANY_CAMION_BUS,VEH_ANY_SOAT_PROBLEMA,VEH_ANY_CITV_PROBLEMA,VEH_ANY_SEGURO_PROBLEMA,HORA_NUM,FRANJA_HORARIA,ANIO,MES,DIA_MES,DIA_SEMANA,ES_FIN_SEMANA,ES_QUINCENA,REGION_NATURAL,TIENE_SEÑALIZACION,ES_VIA_MULTICARRIL,ES_DEPTO_BAJO_PAVIMENTO,CATEGORIA_SEVERIDAD,CATEGORIA_SEVERIDAD_ENC
3,1,15,1,4,0,-11.135747583205216,-76.93567009243898,0,2,5,0,2,2,2,0,6622.647647261937,2.0,2,0,1.0,9,31,1540.8824575346362,0.6619111199656564,77.34716101155591,69.09381230262316,9.454613335094255,1382.695595413982,94206.11068468177,7270.281546820808,1527.358525606885,1485.1873740396873,4257.735647174237,1670.8453788464767,5599.436167974332,22.747028470876735,7,2,0,0,4,37.02750983482199,25.953554866598097,48.101464803045886,1.0,0.0,0.0,0.0,2,0,0.0,0.8202929606091773,0.0,0.17970703939082266,0.0,0.0,1.0,0.0,0.17970703939082266,0.0,5,0,2023,5,12,4,0,0,0,1,0,1,GRAVE_LESIONADOS,1
3,2,7,0,4,1,-14.66431521813315,-74.0851629767814,0,4,7,1,2,0,1,0,488.67512747534215,0.7876704567711288,1,0,1.0,7,20,71.02058700918653,0.6296202762354325,77.06043227298505,71.85987364873039,9.143054846782668,1215.927227891289,21368.336387113057,9232.808418988745,1571.276137720249,1688.857426778437,5972.67485449006,2453.502393976918,6779.306025011828,26.280725228312576,5,2,0,0,3,59.37328598967078,51.575340913542256,67.1712310657993,1.0,0.0,0.0,0.4041098477429571,2,0,0.0,0.0,0.0,1.0,0.0,1.0,0.5958901522570429,0.0,0.0,0.0,14,1,2022,6,20,6,1,0,0,1,0,1,GRAVE_LESIONADOS,1
5,1,7,0,4,1,-14.382423355780777,-71.70122353267664,0,4,5,0,2,1,1,1,2108.7398673565713,1.2215010508538526,1,2,0.22150105085385274,8,28,506.83407986489283,0.46611642418956156,65.53325303280683,71.0975228878081,7.11372779861443,751.6664306990724,8826.667962550999,17779.13499998999,2097.3709999899997,2863.123,12818.640999999989,2878.713,14900.421999989989,16.19152450331032,4,1,0,0,3,44.56348844060762,44.56348844060762,44.56348844060762,1.0,0.0,0.0,0.22150105085385274,1,0,0.0,0.0,0.0,1.0,0.0,1.0,0.22150105085385274,0.0,0.22150105085385274,0.0,8,1,2024,2,25,6,1,1,2,1,0,1,GRAVE_LESIONADOS,1
4,1,7,0,4,1,-14.135247564401313,-71.66352034506862,0,4,5,0,2,1,1,1,2504.034776151673,1.4879766108912407,1,1,0.48797661089124067,7,25,527.0862224277342,0.4650217848833623,65.54466039139467,71.68074784679548,7.160959844856115,740.5199465769887,8538.885199328693,17779.13499998999,2097.3709999899997,2863.123,12818.640999999989,2878.713,14900.421999989989,16.19152450331032,5,1,0,0,4,41.632257280196356,41.632257280196356,41.632257280196356,1.0,0.0,0.0,0.48797661089124067,1,0,0.0,0.0,0.0,1.0,0.0,1.0,0.48797661089124067,0.0,0.48797661089124067,0.0,12,1,2024,3,25,6,1,1,2,1,0,1,GRAVE_LESIONADOS,1
3,2,5,2,4,1,-5.748957777905048,-78.7701945308581,0,2,3,0,2,1,0,1,4333.7095190557575,2.0,2,0,1.0,5,20,1188.7257944571406,0.5803239946829384,74.49544278598792,68.33065356443184,8.733179344969395,1046.078117086984,102362.46895074946,15935.565011852366,1733.9250000199986,935.692,13265.948011832368,2000.1670000199988,13935.398011832369,12.551591352627522,9,2,0,0,7,39.75579122203263,38.706949466439156,40.804632977626106,1.0,1.0,0.0,0.5488417555934738,2,0,0.0,0.4511582444065262,0.5488417555934738,1.0,0.5488417555934738,0.4511582444065262,0.4511582444065262,0.0,0.5488417555934738,0.5488417555934738,13,3,2022,10,7,2,0,0,2,1,0,1,GRAVE_LESIONADOS,1
4,1,12,0,4,1,-7.952499288785763,-78.68465268965946,0,4,7,1,2,2,2,2,6543.555,2.4616736279900877,3,2,1.0,7,31,1325.8835949532543,0.4967542639446626,77.15848954718243,53.71894068922341,7.282767830216621,808.1383816628868,14273.503007213685,8931.828000000005,1335.5899999999997,1935.9830000000004,5660.255000000005,1219.309,7712.519000000005,13.651281686122925,8,1,0,0,7,43.23259397786619,40.3867780478414,45.54008353588105,0.46167362799008793,0.0,0.0,0.0,1,0,0.0,0.46167362799008793,1.0,0.0,0.5383263720099121,0.0,0.46167362799008793,0.5383263720099121,0.0,0.5383263720099121,12,1,2024,2,10,3,0,0,0,1,0,1,GRAVE_LESIONADOS,1
4,2,17,0,4,1,-7.994295545398415,-78.74372418466213,3,3,0,0,2,1,1,2,6585.490585025488,2.5650737914801054,2,0,1.0,3,30,1536.3245954013053,0.5532811151334687,76.5351157820018,65.64964096427448,8.69304586215935,900.2166727685864,12449.11400490149,2188.777450941022,381.9074180230871,486.4040731459572,1320.465959771977,636.1910383290449,1552.5864126119764,28.399406609155932,21,1,0,0,20,43.088966919278526,37.0,49.17793383855705,1.0,0.4349262085198947,0.0,0.5650737914801053,1,0,0.0,0.0,0.0,0.4349262085198947,0.0,0.4349262085198947,0.5650737914801053,0.0,0.0,0.0,15,1,2022,9,24,4,0,1,0,1,0,1,GRAVE_LESIONADOS,1
3,1,10,2,2,4,-13.633760709400697,-76.24821666559755,0,0,1,1,2,1,1,0,6543.555,2.0,4,4,1.0,14,33,1198.0,0.6002476102257333,76.61579375423636,72.81881359878898,10.558344759123855,969.8402772110674,58871.29016151757,3921.760702603898,748.7227865671487,788.6831308564816,2384.3547851802678,1139.4236619514136,2782.3370406524846,29.336791575368682,9,2,0,0,7,19.85931966666171,18.66683606289065,20.84662294338949,1.0,0.9487049182391808,0.9487049182391808,0.9487049182391808,2,0,0.0,0.0,0.051295081760819206,1.0,1.0,0.9487049182391808,0.051295081760819206,0.0,1.0,1.0,21,2,2023,9,8,5,0,0,0,1,0,1,GRAVE_LESIONADOS,1
6,1,1,0,4,1,-9.321386729555279,-77.08451944876809,0,4,0,0,6,1,1,0,6543.555,2.0,4,4,1.0,14,33,1198.0,0.283802098254985,75.09681772539874,48.65586018012021,5.125458697010093,237.72314806769617,2812.489053345883,10767.648,1885.0630000000003,1222.721,7659.864000000001,2100.343,8667.305000000002,19.506051832303577,7,1,0,0,6,33.391017507615075,33.391017507615075,33.391017507615075,1.0,0.0,0.0,0.0,1,0,0.0,0.9022456230962314,0.0,0.09775437690376865,0.0,0.0,1.0,0.0,0.0,0.0,5,0,2023,1,2,6,1,0,0,1,0,1,GRAVE_LESIONADOS,1
3,1,3,0,4,0,-15.867073410050196,-71.59386856156969,0,4,0,0,2,0,1,0,6555.5383633349875,2.0,3,3,1.0,13,32,1249.9502787183633,0.5748804967216431,77.5148718593034,64.93665105697667,8.578827548862442,998.1037977396111,7757.730091988592,10322.272,1495.236,1749.739,7077.2970000000005,2886.595,7435.677000000001,27.964725207783708,11,2,0,0,9,33.85850815914439,30.615678524733788,37.101337793555004,1.0,0.0,0.0,0.1242829634410606,2,0,0.0,0.1242829634410606,0.1242829634410606,0.8757170365589394,0.0,0.8757170365589394,1.0,0.0,0.0,0.0,12,2,2021,11,25,5,1,1,0,1,0,1,GRAVE_LESIONADOS,1
6,1,5,0,4,1,-6.93250649976527,-78.17042914118797,0,4,0,0,2,1,1,0,3512.0356293759364,1.198583189091373,1,3,0.19858318909137285,9,32,1206.0141681090863,0.3675918109909716,71.84459106057069,53.26171324664216,5.595612669432515,476.49439719298914,1747.8776868814095,15935.565011852366,1733.9250000199986,935.692,13265.948011832368,2000.1670000199988,13935.398011832369,12.551591352627522,4,1,0,0,3,32.617001730903525,32.617001730903525,32.617001730903525,1.0,0.0,0.0,0.19858318909137285,1,0,0.0,0.0,0.0,1.0,0.0,1.0,0.0,0.0,0.19858318909137285,0.0,7,1,2022,7,8,4,0,0,2,1,0,1,GRAVE_LESIONADOS,1
3,1,2,0,4,2,-15.218086277914269,-72.33501141607552,5,4,5,1,5,1,1,0,6543.555,2.0,4,4,1.0,14,33,1198.0,0.43962599085404197,76.53381425324359,65.22593122097946,7.065595063121954,541.0516729122637,2086.5340095798456,10347.467763298617,1517.2892512290957,1719.924594234736,7110.253917834785,2842.115236193545,7505.352527105072,27.486202044908058,10,1,0,0,9,47.37770917991814,47.37770917991814,47.37770917991814,1.0,0.9434281072652854,0.0,0.0,1,0,0.0,0.0,0.0,1.0,0.0,0.0,1.0,0.0,0.0,0.0,21,2,2023,5,26,1,0,1,0,1,0,1,GRAVE_LESIONADOS,1
4,1,19,0,4,1,-5.169312983784985,-80.22693860152326,0,3,7,0,2,0,1,0,84.04481384710112,-0.7045160749617903,2,0,0.0,9,32,44.65247488458152,0.4691235378434154,74.58544700883357,61.25181768658047,6.704798762931532,704.8546871284448,75944.24990629205,8965.846000060003,1782.4120000599992,636.9959999999999,6546.438000000004,2214.505000059999,6751.341000000004,24.699342371541725,6,2,0,0,4,28.459641661170547,27.70451607496179,28.88645177511463,1.0,0.09849464167940325,0.09849464167940325,1.0,2,0,0.0,0.0,1.0,0.09849464167940325,1.0,0.09849464167940325,0.0,0.9015053583205968,1.0,1.0,18,1,2022,6,9,0,0,0,0,1,0,1,GRAVE_LESIONADOS,1
8,1,5,0,4,2,-8.429196529773728,-76.83781728467908,0,3,1,0,1,2,2,0,6543.555,2.0,4,4,1.0,14,33,1198.0,0.45391741668747754,70.56958796676233,63.9451155436653,7.025381593281655,666.0121761963026,29129.94833440439,16424.338299810897,1830.2829888914534,1446.698792931623,13147.35651798782,2233.0899808648055,14191.24831894609,13.51662230098101,7,1,0,0,6,21.469753477108522,21.469753477108522,21.469753477108522,1.0,0.2651232614457395,0.0,1.0,1,0,0.0,0.2651232614457395,0.0,0.7348767385542605,0.0,0.0,1.0,0.7348767385542605,0.7348767385542605,0.7348767385542605,11,1,2023,7,7,2,0,0,2,1,0,1,GRAVE_LESIONADOS,1
4,1,5,0,4,1,-11.75483587895595,-74.89897679050165,0,4,3,1,2,1,1,2,8773.536171089301,2.0,2,0,1.0,9,18,2527.0127510371326,0.5096063698538139,77.79271255576518,70.12908869949251,7.657769592028242,747.6416060110091,27507.651016163978,8283.272817036861,1308.2167802610834,1042.5347152146985,5932.521321561079,1244.4277378827248,7038.845079154136,15.004251317641415,7,1,0,0,6,27.613713249944546,27.613713249944546,27.613713249944546,1.0,0.4950559456545849,0.0,0.0,1,0,0.0,0.5049440543454151,0.0,0.0,0.4950559456545849,0.5049440543454151,0.5049440543454151,0.5049440543454151,1.0,0.5049440543454151,10,1,2021,9,11,2,0,0,2,1,0,1,GRAVE_LESIONADOS,1
5,1,17,0,4,1,-14.913204306405184,-70.55472408394982,0,4,6,0,2,1,1,2,1750.063229224989,2.0,1,0,0.15346550687659477,9,30,458.9108638309789,0.36988164953347336,69.61626959656843,65.9234024459634,6.454942361380525,411.87272932389243,14877.839201379868,13494.43670688385,1987.6757228391846,2265.0942683745043,9241.66671567016,3186.8786641580245,10307.558042725825,23.5727359576375,6,1,0,0,4,21.378715356587218,19.767327534382975,22.990103178791465,1.0,0.0,0.0,1.0,1,0,0.0,0.15346550687659477,0.0,0.8465344931234052,0.0,1.0,0.15346550687659477,0.0,1.0,0.0,14,2,2022,9,7,3,0,0,2,1,0,1,GRAVE_LESIONADOS,1
3,1,15,0,4,1,-13.536488857070413,-72.90928110608039,5,4,7,1,2,0,1,2,7586.903,2.0,2,0,1.0,9,5,1198.0,0.3840498588042023,73.33619878015597,67.27686012270405,6.759832924694798,443.9004254938401,1180.4017620014104,12946.311847966746,1922.6177247654603,1723.3782062383698,9300.315916962916,2442.3804821161407,10503.931365850605,18.563775620489974,5,2,0,0,3,41.7267542981477,38.0,45.45350859629541,1.0,0.0,0.4948342884772675,1.0,2,0,0.0,0.0,0.0,1.0,0.0,0.5051657115227325,0.4948342884772675,0.4948342884772675,0.4948342884772675,0.0,21,2,2022,5,20,4,0,0,2,1,0,1,GRAVE_LESIONADOS,1
3,2,15,0,4,1,-9.52113014675544,-77.48788103026581,0,4,5,0,2,1,1,0,6567.849490432684,2.7480347393415885,2,0,1.0,2,30,1510.527101752836,0.5898795833150942,75.19244584584025,69.06284154095512,10.074876550935121,998.3493705940303,78246.44096824576,3255.8211202613265,544.1919557499795,638.7385460963394,2072.890618415008,795.4097520857684,2460.411368175558,25.366699621020835,11,2,0,0,9,46.71659056880701,32.48034739341588,60.95283374419813,1.0,1.0,0.0,1.0,2,0,0.0,0.0,0.7480347393415887,0.2519652606584113,0.0,0.2519652606584113,1.0,0.0,0.7480347393415887,0.0,1,0,2021,8,23,2,0,1,0,1,0,1,GRAVE_LESIONADOS,1
5,1,6,0,4,0,-14.379658090682623,-74.24693406460646,0,4,5,0,6,1,1,0,6688.538539221647,2.0,3,3,1.0,13,29,1198.0,0.4370489303896525,68.32773940369093,65.22683271089694,6.879013362532648,659.6777913481142,893.2334697563621,12812.631985499755,1835.0483463617184,1854.6422787165066,9122.94136042153,2600.527877401957,10212.104108097796,20.254393983457952,4,1,0,0,3,35.38959905248916,34.55583962099566,36.22335848398266,1.0,0.0,0.13895990524891622,0.13895990524891622,1,0,0.0,0.8610400947510838,0.0,0.13895990524891622,0.0,0.0,1.0,0.13895990524891622,1.0,0.0,17,2,2023,6,7,6,1,0,2,1,0,1,GRAVE_LESIONADOS,1
6,1,7,0,4,1,-13.07021302857674,-72.40620295369173,1,4,0,0,2,1,1,2,3447.8009999999995,1.0,2,3,0.0,9,12,1109.0,0.4706944943299555,76.79406176595778,61.64424635983724,7.141255198110581,653.4175319142125,3282.6252676659524,17779.13499998999,2097.3709999899997,2863.123,12818.640999999989,2878.713,14900.421999989989,16.19152450331032,4,1,0,0,3,33.23310330916408,33.23310330916408,33.23310330916408,1.0,0.0,0.0,0.7475861870234398,1,0,0.0,0.0,0.0,0.2524138129765602,0.0,1.0,0.0,0.0,0.2524138129765602,0.0,13,2,2023,2,23,3,0,0,2,1,0,1,GRAVE_LESIONADOS,1
3,2,20,0,4,1,-15.790268319471076,-70.01148614401124,0,4,0,1,2,2,2,2,7586.903,2.0,2,0,1.0,9,5,1198.0,0.328147584049853,69.21599392347628,70.70029091497616,6.40819945893559,282.65554489931503,5181.509639991364,13642.312999999998,2020.7790000000005,2354.117,9267.416999999998,3314.0520000000006,10328.260999999997,24.29244952817019,10,2,0,0,8,33.731776095037674,27.609343429773965,39.854208760301375,1.0,0.7317760950376724,0.0,0.0,2,0,0.0,0.2682239049623276,0.2682239049623276,0.7317760950376724,0.0,0.7317760950376724,1.0,0.0,0.0,0.0,19,2,2022,3,1,5,0,0,2,1,0,1,GRAVE_LESIONADOS,1
3,2,3,0,4,1,-16.046491930652437,-71.32595468305605,0,4,5,0,2,0,1,0,1504.4250000000002,2.0,2,0,1.0,7,25,241.0,0.4685280505645348,81.83746865987648,70.74305753660312,6.037751599761188,617.4715908037651,1751.8736616702354,10322.272,1495.236,1749.739,7077.2970000000005,2886.595,7435.677000000001,27.964725207783708,4,2,0,0,2,41.09396295111752,34.505797973336826,47.68212792889821,1.0,0.835265991112276,0.0,0.835265991112276,2,0,0.0,0.16473400888772405,0.0,1.0,0.0,1.0,0.16473400888772405,0.0,0.835265991112276,0.0,9,0,2024,11,13,5,0,0,0,1,0,1,GRAVE_LESIONADOS,1
6,1,12,0,4,1,-7.800468405435525,-77.77883245953312,0,4,4,1,1,2,2,0,1688.589,1.0,1,3,0.0,9,32,287.0,0.1492206538659984,78.92776803590996,33.56043543982053,2.142334776786642,136.3088563134413,18539.64239828694,8931.828000000005,1335.5899999999997,1935.9830000000004,5660.255000000005,1219.309,7712.519000000005,13.651281686122925,5,1,0,0,4,48.513559346549265,48.513559346549265,48.513559346549265,1.0,0.35135593465492676,0.0,0.0,1,0,0.0,0.35135593465492676,0.0,0.6486440653450732,0.0,0.6486440653450732,0.35135593465492676,0.0,1.0,0.0,8,1,2022,9,3,4,0,0,0,1,0,1,GRAVE_LESIONADOS,1
3,1,4,0,4,0,-14.481563032424997,-72.9703878435807,0,4,7,1,2,2,2,0,6865.308967821702,2.0,3,2,1.0,12,29,1445.6499510556894,0.5677324968430963,76.57449186664431,63.183147129480034,7.986839440677214,1041.3951186096247,34477.30128874253,9762.552650994494,1452.3917638685923,1496.0601631839581,6814.100723941943,2402.7542716666676,7359.798379327826,23.97746150076905,5,2,0,0,3,37.59465031254285,34.80005153910214,40.38924908598357,1.0,0.0,0.7351337421864286,1.0,2,0,0.0,0.7351337421864286,0.0,1.0,0.2648662578135714,1.0,0.0,0.0,0.2648662578135714,0.0,6,0,2022,7,23,5,0,0,0,1,0,1,GRAVE_LESIONADOS,1
6,1,2,1,4,2,-13.292116984949006,-74.76230820047388,0,4,3,0,3,2,2,0,6543.555,2.0,4,4,1.0,14,33,1198.0,0.5063695075934833,74.53114457897638,57.122291096496525,7.492413059386905,989.7271965415039,2107.173188862065,10478.09200192603,1631.6215346736662,1565.3555896342577,7281.114877618107,2611.5155431941876,7866.576458731844,25.00535940976366,5,1,0,0,4,29.049585082667434,29.049585082667434,29.049585082667434,1.0,0.0,0.0,0.0,1,0,0.0,0.0,0.3498616942224785,0.6501383057775215,0.0,0.3498616942224785,0.6501383057775215,0.0,0.3498616942224785,0.0,4,0,2022,2,24,4,0,1,0,1,0,1,GRAVE_LESIONADOS,1
3,2,12,0,4,1,-8.13703067593655,-78.66967838716974,0,4,7,1,2,1,0,2,1094.6235061686507,1.7083240490779703,1,0,0.7083240490779703,3,23,187.7924558283725,0.5178920345059088,76.63188091747112,64.46940560850732,7.550127547669611,822.1972373433068,42489.024921282435,3536.0430136728596,568.4748668366456,705.8104285819389,2261.757718254275,819.8935428389949,2716.1494708338646,23.044417496148437,5,2,0,0,3,52.35405061347463,42.95804552141708,61.750055705532176,1.0,0.2916759509220297,0.0,1.0,2,0,0.0,0.0,0.0,1.0,1.0,0.0,0.7083240490779703,0.0,1.0,0.0,5,0,2021,6,16,2,0,0,0,1,0,1,GRAVE_LESIONADOS,1
2,1,14,0,4,1,-15.195291177634772,-74.16398664449802,0,4,7,1,2,2,2,2,838.7584591474063,0.10354154342840305,2,0,1.0,11,31,154.04623447197878,0.5784919964036965,77.77275721851079,67.2790908505323,9.259832173087565,948.9939118805689,4446.994900865519,3327.537500033167,673.3515332595057,650.143511619823,2004.0424551538379,1090.3222585577348,2237.215241475432,33.566143273004904,5,1,0,0,3,37.90736201485838,36.010903558286785,39.80382047142997,1.0,0.367847181142801,0.0,0.367847181142801,1,0,0.0,0.0,0.0,1.0,0.0,1.0,0.0,0.0,0.0,0.0,15,1,2022,1,19,2,0,0,0,1,0,1,GRAVE_LESIONADOS,1
4,1,12,0,4,0,-14.827957200672968,-72.3061266260065,2,4,6,0,4,1,1,1,7122.887877116349,2.0,2,1,1.0,11,17,1198.0,0.3657346391515437,72.79597314215609,63.30976663132996,6.2216685892364,440.08617038086766,1161.4041858961486,13213.77363239856,1924.8470750031465,2096.1328139683815,9192.793743427032,2945.508944388781,10268.264688009778,22.206749434727886,4,1,0,0,3,39.5526332260794,36.22105329043176,42.88421316172705,1.0,0.0,0.5552633226079402,0.5552633226079402,1,0,0.0,0.4447366773920598,0.0,0.5552633226079402,0.0,0.0,1.0,0.5552633226079402,1.0,0.0,20,2,2022,5,9,6,1,0,2,1,0,1,GRAVE_LESIONADOS,1
3,2,20,0,4,1,-14.600497766843718,-70.27243409645423,0,4,0,1,2,1,1,2,1736.0845334837363,2.0,2,0,1.0,6,22,393.11151277780476,0.3250117458212931,69.06671225468375,64.18227356959783,6.077925163887427,299.8302504297304,8198.755058972307,13642.312999999998,2020.7790000000005,2354.117,9267.416999999998,3314.0520000000006,10328.260999999997,24.29244952817019,9,2,0,0,7,28.200204368836772,27.200544983564722,29.19986375410882,1.0,0.9000681229455904,0.0,0.9000681229455904,2,0,0.0,0.0,0.0,1.0,0.0,0.09993187705440965,0.9000681229455904,0.09993187705440965,1.0,0.09993187705440965,15,3,2021,3,8,0,0,0,2,1,0,1,GRAVE_LESIONADOS,1
3,1,23,1,4,0,-7.736220143302244,-75.69816362959058,0,0,7,0,3,2,2,0,5522.164558797944,2.0,3,3,1.0,11,30,996.1933124978398,0.5306826689613481,75.45050995537814,58.47093930923596,8.670706362426076,871.0801421374766,115963.87881146734,3912.985809762059,663.666836458138,1180.0094147237128,2069.3095585802075,642.3803117699415,3270.6054979921173,12.647103705818841,11,1,0,0,9,40.14480537441909,31.28961074883819,49.0,1.0,0.0,0.0,0.1949823067653722,1,0,0.0,0.0,1.0,0.8050176932346278,0.8050176932346278,0.0,0.1949823067653722,0.8050176932346278,0.8050176932346278,0.8050176932346278,17,1,2021,8,10,0,0,0,0,1,0,1,GRAVE_LESIONADOS,1
3,1,18,1,2,2,-13.776821345115387,-73.79825597446792,0,2,7,1,2,0,1,1,4605.939670620504,2.0,3,2,1.0,9,28,815.1652724541907,0.5746048383508404,77.02154681751912,69.14642647456824,9.157987401736435,957.0384647312894,18046.828820508596,2949.855914895785,587.9098061001945,562.2142515065342,1799.7318572890563,933.5643002853344,2016.2916146104503,32.92571927810477,4,2,0,0,2,37.19144786657438,32.15055687175938,42.23233886138938,1.0,0.0,0.0,0.6301113743518751,2,0,0.36988862564812486,0.0,0.36988862564812486,0.6301113743518751,0.36988862564812486,0.6301113743518751,0.0,0.36988862564812486,1.0,0.36988862564812486,11,1,2022,7,16,1,0,1,0,1,0,1,GRAVE_LESIONADOS,1
4,1,7,0,4,1,-14.256942241467438,-71.67910896783711,2,4,7,1,2,1,1,1,2301.5321063409183,1.3514658409666576,1,1,0.35146584096665756,7,27,516.711403913466,0.46558254945951333,65.53881660105452,71.38197189833916,7.136763693446727,746.2300954898733,8686.311276875877,17779.13499998999,2097.3709999899997,2863.123,12818.640999999989,2878.713,14900.421999989989,16.19152450331032,5,1,0,0,4,26.920521773533206,26.920521773533206,26.920521773533206,1.0,0.0,0.0,0.35146584096665756,1,0,0.0,0.0,0.0,1.0,0.0,0.35146584096665756,1.0,0.0,0.35146584096665756,0.0,6,0,2024,3,18,3,0,0,2,1,0,1,GRAVE_LESIONADOS,1
3,2,21,1,4,1,-6.098169821239525,-77.04238956761249,0,1,7,1,2,1,1,0,5801.335628379405,2.0,2,0,1.0,6,20,1565.10569623667,0.5100762928506948,73.2062831610383,57.689872349105826,7.00603305391333,929.3659012796776,47493.72885404724,5645.136,815.0759999999999,965.298,3864.762,1013.406,4631.73,17.95184385283189,5,2,0,0,3,25.971493585043504,21.569935178396175,30.373051991690836,1.0,1.0,0.27461039833816736,0.27461039833816736,2,0,0.0,0.0,1.0,0.7253896016618326,1.0,0.0,0.27461039833816736,0.7253896016618326,1.0,0.7253896016618326,8,0,2023,10,14,4,0,0,1,1,0,1,GRAVE_LESIONADOS,1
4,1,1,2,4,2,-10.135730973388254,-76.96497454286119,3,4,5,0,2,1,0,0,6543.555,2.0,4,4,1.0,14,33,1198.0,0.38816236501301893,74.95921820498816,60.02585792223761,5.384500852943091,505.7983607756586,15787.575414693158,11168.327843333838,1868.2924325012077,1338.3097919521679,7961.725618880466,2181.069164162512,8987.25867917133,19.52631684017322,6,1,0,0,4,45.645425246212795,38.5323735452181,52.75847694720749,0.7903390778882996,0.2096609221117004,0.0,0.0,1,0,0.0,0.7903390778882996,0.0,1.0,0.0,1.0,0.7903390778882996,0.0,0.0,0.0,12,2,2022,5,9,3,0,0,0,1,0,1,GRAVE_LESIONADOS,1
6,1,14,0,4,1,-11.334901571644524,-77.46782701982268,0,4,7,1,2,2,2,2,6543.555,3.0,2,0,1.0,0,30,1475.0,0.7327345537337897,78.20903814342847,76.31492653513806,13.642917835589472,1405.6698219039215,62016.21841541756,7626.313,1683.4029999999998,1599.0829999999996,4343.827000000001,1814.875,5811.438000000001,23.797541485643197,6,1,0,0,5,43.962074864580146,43.962074864580146,43.962074864580146,0.88467498495335,0.0,0.0,1.0,1,0,0.0,0.0,0.0,1.0,0.0,1.0,0.0,0.0,0.0,0.0,5,0,2023,10,17,1,0,1,0,1,1,1,GRAVE_LESIONADOS,1
4,1,5,0,4,0,-9.682132502074243,-76.09676487488318,0,4,7,1,3,2,2,0,6543.555,2.0,4,4,1.0,14,33,1198.0,0.4044238149746603,77.17110310958432,52.618274873985044,6.024730553175159,556.2317869679512,27892.588949218527,16643.082463764844,1873.4067606589451,1675.393274500959,13094.28242860494,2337.3316486600415,14305.750815104802,13.948509421631474,5,2,0,0,3,38.38923338383824,31.302654490358282,45.4758122773182,1.0,0.38377574839304707,0.0,0.0,2,0,0.6162242516069529,0.0,0.0,0.6162242516069529,0.6162242516069529,0.0,0.0,1.0,1.0,0.6162242516069529,15,3,2021,5,16,3,0,0,2,1,0,1,GRAVE_LESIONADOS,1