CLASE SINIESTRO,CANTIDAD DE VEHICULOS DAÑADOS,DEPARTAMENTO,ZONA,TIPO DE VÍA,RED VIAL,COORDENADAS LATITUD,COORDENADAS  LONGITUD,CONDICIÓN CLIMÁTICA,ZONIFICACIÓN,CARACTERÍSTICAS DE VÍA,PERFIL LONGITUDINAL VÍA,SUPERFICIE DE CALZADA,¿EXISTE SEÑAL VERTICAL?,¿EXISTE SEÑAL HORIZONTAL?,CAUSA FACTOR PRINCIPAL,MTC_RVN_LONGITUD_KM,MTC_RVN_N_CARRILES_MEDIANA,MTC_RVN_SUPERFICIE_DOMINANTE,MTC_RVN_ESTADO_DOMINANTE,MTC_RVN_ES_CONCESIONADA,MTC_RVN_CONCESION_PRINCIPAL,MTC_RVN_CORREDOR_LOGISTICO,MTC_RVN_N_TRAMOS,IDH_2019,IDH_ESP_VIDA_2019,IDH_EDUC_SECUND_PCT_2019,IDH_ANIOS_EDUC_2019,IDH_INGRESO_PERCAP_2019,IDH_POBLACION_2019,MTC_DEP_RED_TOTAL_KM,MTC_DEP_NACIONAL_TOTAL_KM,MTC_DEP_DEPARTAMENTAL_TOTAL_KM,MTC_DEP_VECINAL_TOTAL_KM,MTC_DEP_PAV_TOTAL_KM,MTC_DEP_NO_PAV_TOTAL_KM,MTC_DEP_PCT_PAVIMENTADA,PER_TOTAL_PERSONAS,PER_N_CONDUCTORES,PER_N_CONDUCTORES_FUGADOS,PER_N_PEATONES,PER_N_PASAJEROS_OCUPANTES,PER_EDAD_COND_PROM,PER_EDAD_COND_MIN,PER_EDAD_COND_MAX,PER_ANY_COND_MASCULINO,PER_ANY_LIC_PROBLEMA,PER_ANY_DOSAJE_POS,PER_ANY_DOSAJE_EVALUADO,VEH_TOTAL,VEH_N_FUGADOS,VEH_ANY_FUGADO,VEH_ANY_CARGA,VEH_ANY_PUBLICO,VEH_ANY_PARTICULAR,VEH_ANY_MOTO,VEH_ANY_AUTO,VEH_ANY_CAMION_BUS,VEH_ANY_SOAT_PROBLEMA,VEH_ANY_CITV_PROBLEMA,VEH_ANY_SEGURO_PROBLEMA,HORA_NUM,FRANJA_HORARIA,ANIO,MES,DIA_MES,DIA_SEMANA,ES_FIN_SEMANA,ES_QUINCENA,REGION_NATURAL,TIENE_SEÑALIZACION,ES_VIA_MULTICARRIL,ES_DEPTO_BAJO_PAVIMENTO,CATEGORIA_SEVERIDAD,CATEGORIA_SEVERIDAD_ENC
7,1,7,0,4,2,-12.357225932407747,-74.59934271867276,0,4,3,0,4,2,2,2,6543.555,2.0,4,4,1.0,14,33,1198.0,0.4606568693858216,77.1312721781862,60.4079798101959,7.051491942998263,650.3928588812056,12186.954917103436,12442.117809011765,1817.293569217936,1392.1396136351561,9232.68462615867,1973.033427403257,10469.084381608507,15.803475369682147,5,1,0,0,4,45.00322797678111,45.00322797678111,45.00322797678111,1.0,0.42872514175148146,0.0,1.0,1,0,0.0,0.0,0.0,0.5712748582485185,0.0,0.5712748582485185,0.42872514175148146,0.42872514175148146,0.42872514175148146,0.0,6,1,2022,5,14,4,0,0,2,1,0,1,GRAVE_LESIONADOS,1
6,1,9,0,4,2,-9.46108482546168,-76.5634606057231,0,4,0,0,2,2,2,3,6543.555,2.0,4,4,1.0,14,33,1198.0,0.1967036966783622,77.26111587420479,33.833514160168626,2.261395250097249,290.6733827388773,24666.21447556647,8340.843582970016,1333.8630919077168,1000.5695440245847,6006.4109470377125,1088.9323450215468,7251.911237948468,13.045856391980154,5,1,0,0,4,45.45299444926534,45.45299444926534,45.45299444926534,1.0,0.0,0.0,0.0,1,0,0.0,0.8176648164217805,0.0,0.0,0.0,0.0,1.0,0.0,1.0,0.0,14,2,2021,4,4,0,0,0,1,1,0,1,GRAVE_LESIONADOS,1
5,1,14,2,2,3,-11.932500407266309,-77.04332524110939,0,0,7,1,2,2,2,0,6216.523351416181,2.0,3,3,1.0,13,31,1137.8775772930574,0.7198710543840184,80.06328672225035,77.86302904268405,10.86989659010821,1456.4239974453703,538939.1681961548,7626.313,1683.4029999999998,1599.0829999999996,4343.827000000001,1814.875,5811.438000000001,23.797541485643197,8,1,0,0,6,25.884601875802414,25.711504689506032,26.057699062098795,1.0,0.057699062098793275,0.0,0.0,1,0,0.0,0.057699062098793275,0.057699062098793275,0.9423009379012067,0.0,0.0,1.0,0.0,0.0,0.0,19,2,2023,10,26,0,0,1,0,1,0,1,GRAVE_LESIONADOS,1
3,1,21,0,4,1,-16.026818879134304,-72.13861670108892,0,4,1,1,2,1,1,2,7447.50459891081,2.0,2,0,1.0,9,31,2158.278996052582,0.5319280749887629,73.59024641355509,74.6194529283604,8.748211388715053,846.477864059888,3008.9622527962083,2902.0062116294325,614.4864373382424,591.0856966415229,1696.434077649667,951.6677095709895,1950.3385020584428,34.37992388319717,5,2,0,0,3,30.31671565248631,21.714522571078625,38.918908733894,1.0,0.0,0.0,1.0,2,0,0.0,0.0,0.7550682041316251,1.0,0.0,1.0,0.7550682041316251,0.0,0.0,0.0,20,2,2023,6,11,4,0,0,0,1,0,1,GRAVE_LESIONADOS,1
5,12,7,0,4,0,-13.59336842777101,-71.97094001502593,1,4,1,0,2,1,1,2,6543.555,2.0,4,4,1.0,14,33,1198.0,0.6348954939297919,77.6245715059073,78.73535107148551,10.276562257168177,1084.1455565765216,94654.62312633834,17779.13499998999,2097.3709999899997,2863.123,12818.640999999989,2878.713,14900.421999989989,16.19152450331032,9,1,0,0,8,33.10401228136662,32.79197543726675,33.4160491254665,1.0,0.0,0.0,1.0,1,0,0.0,0.0,0.20802456273324887,1.0,0.0,0.0,1.0,0.0,0.20802456273324887,0.0,17,2,2023,10,23,2,0,0,2,1,0,1,GRAVE_LESIONADOS,1
4,1,1,0,4,1,-11.10385405751367,-75.57770376815472,1,4,0,0,2,2,2,0,1636.0841242494726,1.3377107747242245,0,1,0.3377107747242245,8,26,244.97373535165465,0.38356897135057905,76.50447901641856,60.753169156227884,5.837534927676302,433.0751660289941,2483.3671473635854,10617.239725996424,1753.41422182158,1400.7006570736114,7463.124847101234,2365.868772048471,8251.370953947955,22.362636971076142,6,1,0,0,5,45.28518147803353,42.24578450551551,48.32457845055155,1.0,0.0,0.0,0.3377107747242245,1,0,0.0,0.3377107747242245,0.0,1.0,0.0,1.0,0.3377107747242245,0.0,0.6622892252757755,0.0,17,2,2022,5,26,1,0,1,0,1,0,1,GRAVE_LESIONADOS,1
3,2,9,0,4,1,-9.733010575339723,-76.37864815613055,0,4,7,1,2,2,2,2,9522.288719337386,2.0,2,0,1.0,9,29,3507.01721597546,0.5563774842369664,77.00938809632027,69.10246351364754,8.476961866273152,914.8835608305218,27932.19700214133,8209.057,1333.4779999999996,791.9770000000001,6083.602,1059.8589999999997,7149.198,12.910849565303296,7,2,0,0,5,35.954788129409174,35.76446238749725,36.1451138713211,1.0,0.19032574191192675,0.0,0.0,2,0,0.0,0.8096742580880733,0.0,0.19032574191192675,0.19032574191192675,0.8096742580880733,0.8096742580880733,0.8096742580880733,0.8096742580880733,0.8096742580880733,19,2,2021,7,8,5,1,0,2,1,0,1,GRAVE_LESIONADOS,1
5,1,3,0,4,1,-16.596290572191737,-71.80303521843044,0,3,7,1,2,0,1,1,536.7297316066052,1.695677663215339,2,0,0.695677663215339,7,27,68.42988866265492,0.6577702669368989,76.24532369940215,77.52998065802082,10.666986782675378,1215.8683657112133,21907.829226886864,10322.272,1495.236,1749.739,7077.2970000000005,2886.595,7435.677000000001,27.964725207783708,6,1,0,0,5,31.21670309318585,24.217289347138646,38.21611683923305,1.0,0.695677663215339,0.0,0.695677663215339,1,0,0.0,0.0,0.30432233678466103,0.695677663215339,0.0,0.695677663215339,0.30432233678466103,0.0,0.0,0.30432233678466103,15,3,2021,2,10,2,0,0,0,1,0,1,GRAVE_LESIONADOS,1
5,1,13,0,4,1,-7.654916181477699,-79.14569737232567,0,4,7,0,2,1,1,1,5021.170468830255,1.2973528781471728,3,3,0.7657842927157243,12,32,925.6071324283874,0.49582602962220035,76.44515280801696,53.76751524908543,6.687431209256465,854.2934351876911,69556.78558336652,8939.795549944454,1440.242730774227,1631.739841041921,5867.812978128306,1452.3995350405348,7487.396014903919,16.238911033677887,6,1,0,0,5,28.0,28.0,28.0,1.0,0.7657842927157243,0.0,0.23421570728427565,1,0,0.0,0.0,0.23421570728427565,0.7657842927157243,0.23421570728427565,0.7657842927157243,0.0,0.23421570728427565,1.0,0.23421570728427565,9,1,2023,7,25,4,0,0,0,1,0,1,GRAVE_LESIONADOS,1
6,0,20,0,4,0,-15.461548653510643,-69.970658885253,0,4,3,0,2,1,1,2,7126.576712408341,2.0,2,1,1.0,11,17,1198.0,0.48131880430841223,73.4461411623441,74.97868820705726,7.842298159440857,653.207989591606,22218.811202104906,13642.312999999998,2020.7790000000005,2354.117,9267.416999999998,3314.0520000000006,10328.260999999997,24.29244952817019,5,1,0,0,4,30.382820942045715,30.382820942045715,30.382820942045715,1.0,0.0,0.0,0.0,1,0,0.0,0.0,0.0,1.0,0.0,0.5587988977870676,0.4412011022129324,0.4412011022129324,1.0,0.4412011022129324,10,1,2022,8,18,4,0,0,2,1,0,1,GRAVE_LESIONADOS,1
2,1,3,0,4,1,-16.73842885012949,-72.06062257635406,0,4,0,0,3,1,1,0,6612.637641243958,2.0,2,1,1.0,10,31,1497.4870777844258,0.6090669247340902,79.69374536436575,74.89286574125217,8.740375115875553,1069.85131336916,8029.8786699200655,10322.272,1495.236,1749.739,7077.2970000000005,2886.595,7435.677000000001,27.964725207783708,36,1,0,0,34,46.061335353980674,37.46362020227467,54.65905050568668,1.0,0.0,0.0,0.7164762626421669,1,0,0.0,1.0,0.7164762626421669,0.0,0.0,0.0,1.0,0.0,0.2835237373578331,0.0,4,0,2023,3,23,3,0,1,0,1,0,1,GRAVE_LESIONADOS,1
6,1,8,0,4,2,-13.13597475742743,-75.07990811887774,4,4,5,0,1,2,2,0,6543.555,2.0,4,4,1.0,14,33,1198.0,0.4122477612391436,66.430521619977,56.973017393236354,6.716497256776318,601.9833773684603,2784.596555395285,8511.426,1445.3929999999996,2008.516,5057.516999999999,1879.579,6631.846999999998,22.08300935706896,9,1,0,0,8,25.729874457278274,25.729874457278274,25.729874457278274,1.0,0.0,0.0,0.0,1,0,0.0,0.0,0.0,0.6135062771360863,0.0,0.0,1.0,0.0,0.0,0.0,12,3,2022,7,15,1,0,0,2,1,0,1,GRAVE_LESIONADOS,1
5,1,10,0,4,1,-14.900919246752672,-74.9938723962132,0,4,5,0,2,1,1,0,6639.975,2.0,2,0,1.0,9,31,1616.0,0.5563774842369664,77.00938809632027,69.10246351364754,8.476961866273152,914.8835608305218,27932.19700214133,3721.461,698.1859999999996,744.866,2278.409,1102.9029999999996,2618.558,29.636290693359403,4,1,0,0,3,39.218260627851066,35.098633747556235,43.33788750814589,0.21126291693819643,1.0,0.0,0.21126291693819643,1,0,0.0,0.21126291693819643,0.0,1.0,0.0,1.0,0.21126291693819643,0.7887370830618036,0.7887370830618036,0.7887370830618036,15,1,2021,8,28,5,1,1,0,1,0,1,GRAVE_LESIONADOS,1
3,1,14,1,4,1,-10.546041577194867,-73.8093222596193,6,4,3,1,4,1,1,0,2544.214705033319,2.0,2,0,1.0,3,18,417.96884504106805,0.5392292303528357,74.53857450447967,56.34239428361359,7.97105394747238,1007.4236818204018,9819.512477762091,2593.3663361917256,441.90492178425865,468.47641217673254,1682.9850022307342,570.789548212655,2022.5767879790706,22.413734491641787,5,2,0,0,3,40.7549222386898,36.8366148257932,44.6732296515864,1.0,0.0,0.0,0.36732296515864005,2,0,0.0,0.0,0.0,0.63267703484136,0.63267703484136,1.0,0.0,0.0,0.63267703484136,0.0,13,2,2021,6,18,1,0,0,0,1,0,1,GRAVE_LESIONADOS,1
3,2,12,0,4,1,-6.914410984057883,-79.63838048573723,0,4,7,1,2,1,0,0,901.9700964021356,1.9280417767963827,2,2,0.023986074401205815,9,7,213.13082689655522,0.45577791030339654,80.9066169925101,62.232910970478336,8.052645824123205,514.7068726573488,10950.504197793969,3465.9698346960035,519.4544258886463,691.0505441703338,2255.4648646370233,712.9385880548529,2753.0312466411506,20.553216294524276,4,1,0,0,3,40.071958223203616,36.16790252080844,43.97601392559879,1.0,0.0,0.0,0.0,1,0,0.0,1.0,0.0,0.9760139255987942,0.0,0.0,1.0,0.9760139255987942,0.9760139255987942,0.9760139255987942,16,2,2022,5,5,5,1,0,0,1,0,1,GRAVE_LESIONADOS,1
5,1,5,0,4,1,-9.065083056203445,-76.42582947869514,0,4,5,0,1,2,2,0,6867.619902303375,2.0,3,2,1.0,12,24,1198.0,0.3307715593732088,75.56945348711842,53.39087081067247,4.8181058866597795,372.26414687760087,20020.256419615976,16508.17964100319,1846.811680660428,1534.3539408974716,13127.014019445289,2273.0442410292685,14235.13539997392,13.682158125043662,7,1,0,0,5,40.397704371278984,35.272788343256046,45.52262039930192,1.0,0.3106009713953296,0.0,0.3106009713953296,1,0,0.0,0.0,0.3106009713953296,1.0,0.0,1.0,0.3106009713953296,0.0,0.3106009713953296,0.0,11,2,2022,5,8,4,0,0,2,1,0,1,GRAVE_LESIONADOS,1
4,2,11,1,4,0,-11.383362226916711,-77.22390537442888,0,4,7,1,2,2,2,0,3122.461064222897,2.0,2,1,1.0,8,29,571.1076357431836,0.5868775904508069,78.9545767299279,71.58338874619035,8.711278900889356,985.7980855758121,28373.205722632836,3600.792989846523,613.7714043956706,719.4490586245851,2267.5725268262677,918.723521370664,2682.069468475859,25.346371265111074,8,2,0,0,6,48.50739530123698,36.38290877663762,60.63188182583635,1.0,0.0,0.0,0.5390304077874604,2,0,0.0,1.0,0.5390304077874604,0.46096959221253964,0.0,0.0,1.0,0.0,0.5390304077874604,0.5390304077874604,13,1,2022,4,23,1,0,1,0,1,0,1,GRAVE_LESIONADOS,1
6,1,14,2,2,3,-11.964064862974514,-77.04310518056003,0,2,4,1,2,2,2,0,4695.832261066257,2.0,3,2,1.0,10,26,858.3094286547874,0.724021420876343,80.09178714264759,78.12572868845557,10.472934825233951,1512.5558012314862,721651.1439716634,7626.313,1683.4029999999998,1599.0829999999996,4343.827000000001,1814.875,5811.438000000001,23.797541485643197,4,1,0,0,3,50.62999314465073,50.30399451572059,50.95599177358088,1.0,0.0,0.0,0.0,1,0,0.0,0.0,0.6740013710698536,0.3259986289301464,0.6740013710698536,0.3259986289301464,0.0,0.0,0.6740013710698536,0.0,9,1,2023,10,23,6,1,1,0,1,0,1,GRAVE_LESIONADOS,1
4,1,5,0,4,1,-10.613758001681223,-75.78327903119906,0,4,2,0,1,1,1,2,647.1966420392089,0.6245188463674636,1,0,0.5415062821224879,8,23,100.89774129045357,0.5154105346174142,69.61230348009074,67.71482870447193,7.456432471643009,915.155100860479,8152.81816648703,16780.830269880986,1900.5627077939546,1819.4070051423712,13060.86055694466,2402.9748218772465,14377.85544800374,14.220477835709683,6,1,0,0,4,28.22732224440861,25.249037692734927,31.205606796082293,0.5415062821224879,0.0,0.0,0.0,1,0,0.0,0.5415062821224879,0.0,1.0,0.0,1.0,0.5415062821224879,0.0,0.0,0.0,12,1,2021,5,23,6,1,1,2,1,0,1,GRAVE_LESIONADOS,1
5,1,5,0,4,1,-6.648411987092111,-77.92006854466736,0,4,1,0,1,2,2,2,6706.914296202555,2.0,3,3,1.0,13,28,1198.0,0.3367347022024003,77.20066275933172,39.86172522074162,5.239808491154369,392.69485290740226,20095.723213070996,16224.216828659715,1790.8305413760304,1237.4741202887114,13195.912166994975,2137.7228838078654,14086.493944851853,13.121503709501633,5,1,0,0,4,41.391430510727375,38.80798913992669,43.97487188152806,1.0,0.15657220429095076,0.0,1.0,1,0,0.0,0.0,0.15657220429095076,1.0,0.0,0.15657220429095076,1.0,0.0,1.0,0.0,12,2,2024,8,8,1,0,0,2,1,0,1,GRAVE_LESIONADOS,1
3,1,14,2,2,4,-12.20998767919462,-76.94090553066563,0,0,7,0,3,2,2,0,6543.555,2.0,4,4,1.0,14,33,1198.0,0.6968475482576533,80.08264489635819,74.26850906127663,9.945036729513864,1427.1052326423162,457612.23152531916,7626.313,1683.4029999999998,1599.0829999999996,4343.827000000001,1814.875,5811.438000000001,23.797541485643197,5,1,0,0,3,68.32879578114645,68.32879578114645,68.32879578114645,1.0,0.7617427064695159,0.0,0.0,1,0,0.0,0.0,0.23825729353048408,0.7617427064695159,1.0,0.0,0.7617427064695159,1.0,1.0,0.7617427064695159,15,1,2024,5,20,4,0,1,0,1,0,1,GRAVE_LESIONADOS,1
6,1,21,0,4,1,-17.78168102396913,-70.57722123446113,0,4,0,0,2,1,0,2,1459.959846313629,1.058297203862357,1,2,0.05829720386235704,9,31,259.94797356179413,0.6045884467689892,77.8819090626317,75.59600611746298,10.00638474455745,970.4218542174075,34279.54579723956,2713.0018343469555,634.6088191243591,502.37282148057636,1576.02019374202,1070.6958226692961,1642.3060116776592,39.69686299722663,5,1,0,0,4,33.300433553651715,33.300433553651715,33.300433553651715,1.0,0.05829720386235704,0.0,0.05829720386235704,1,0,0.0,0.0,0.941702796137643,0.05829720386235704,0.0,0.0,1.0,0.05829720386235704,0.05829720386235704,0.0,14,3,2021,6,8,3,0,0,0,1,0,1,GRAVE_LESIONADOS,1
5,1,18,0,4,1,-5.698730875097695,-79.64545654902558,0,4,0,1,1,2,2,1,6543.555,2.0,4,4,1.0,14,33,1198.0,0.212387598359363,65.39766267907201,42.34907030242127,3.9822684677393276,173.18138108618655,38706.430300939945,8967.98747941362,1781.9586163331983,638.7527608999578,6547.276102180463,2215.566072952075,6752.421406461544,24.704497647189473,11,1,0,0,10,53.957373315941894,53.95421578378945,53.96053084809435,1.0,0.0,0.0015787660762259792,1.0,1,0,0.0,0.0015787660762259792,0.998421233923774,0.0015787660762259792,0.0,0.0015787660762259792,0.998421233923774,0.0,0.998421233923774,0.0,13,2,2022,10,6,6,1,0,0,1,0,1,GRAVE_LESIONADOS,1
3,2,15,2,3,1,-8.027537781437399,-78.58012900172237,0,0,5,1,2,1,1,0,1961.7250178299328,2.0,2,3,0.24759754628053277,10,32,396.69138678876743,0.5292717044540665,77.74447042057459,64.32255570060411,7.964801475611256,831.772360422517,75834.02902314076,9301.693749356264,1711.3079270944852,912.5084364408388,6677.877385820941,2380.9128349248267,6920.780914431438,25.507843149461806,5,2,0,0,2,32.501601635812975,25.247597546280534,37.24759754628053,1.0,1.0,0.7524024537194672,1.0,2,0,0.0,0.24759754628053277,1.0,0.7524024537194672,1.0,0.7524024537194672,0.24759754628053277,0.0,1.0,0.7524024537194672,4,0,2022,4,8,1,0,0,0,1,0,1,GRAVE_LESIONADOS,1
6,1,7,0,4,1,-14.3837672130992,-71.80270809066029,3,4,7,1,2,2,2,2,2007.121273615285,1.0,1,3,0.0,9,29,574.2438472139439,0.463850459935531,66.57287885247507,70.30037200261954,6.975571975818448,740.0632368124379,9366.844933140996,17779.13499998999,2097.3709999899997,2863.123,12818.640999999989,2878.713,14900.421999989989,16.19152450331032,4,1,0,0,3,22.952676785941208,22.952676785941208,22.952676785941208,1.0,0.0,0.0,0.0,1,0,0.0,0.0,0.0,1.0,0.0,0.1360966837058868,0.8639033162941132,0.0,0.0,0.0,2,0,2023,2,15,2,0,0,2,1,0,1,GRAVE_LESIONADOS,1
3,2,18,0,4,1,-6.230884370579777,-77.58188787379746,0,4,7,1,2,0,0,2,866.7285804462033,2.0,2,0,1.0,1,20,99.18262421465604,0.5497028671016697,73.40294487508612,64.48163912418691,8.02240036966139,1005.3675594121964,46290.750796643275,4882.847783910214,710.4304303965731,869.1785535221146,3303.2387999915263,905.2595018328742,3977.5882820773395,18.78134834019363,5,2,0,0,3,40.69685376575936,38.324848045997726,43.068859485520996,1.0,0.6511977120953464,0.6511977120953464,1.0,2,0,0.0,0.0,0.6511977120953464,0.3488022879046536,1.0,0.0,1.0,0.0,1.0,0.0,12,1,2021,10,19,1,0,1,0,1,0,1,GRAVE_LESIONADOS,1
5,1,14,2,4,1,-12.294402607724882,-76.85747026928345,5,2,7,1,2,2,2,0,6639.975,2.0,2,0,1.0,9,31,1616.0,0.6909236767275176,78.41626133969348,70.97436336767564,9.826485374940413,1476.8351947609171,95908.53319057816,7626.313,1683.4029999999998,1599.0829999999996,4343.827000000001,1814.875,5811.438000000001,23.797541485643197,6,1,0,0,4,44.490993844491,42.550843073122294,46.431144615859715,1.0,0.0,0.0,0.0,1,0,0.0,0.14371487195323773,0.0,0.0,0.0,0.0,1.0,0.0,0.8562851280467623,0.0,9,0,2021,10,27,3,0,0,0,1,0,1,GRAVE_LESIONADOS,1
6,1,10,0,4,1,-12.131853596210183,-75.15682805243362,1,4,6,0,2,2,2,0,363.8610965745249,1.8876170250712905,1,0,0.8876170250712906,3,32,65.34340323075153,0.4756687516700695,69.83087509402577,65.72423526075798,8.381819303147052,709.6683949940793,1415.454916312772,12311.092679619773,1824.0601281662746,1180.6664568249673,9306.366094628529,1689.3254348520886,10621.767244767683,13.699658887999096,5,1,0,0,4,27.56191487464355,27.56191487464355,27.56191487464355,1.0,0.8876170250712906,0.0,0.11238297492870941,1,0,0.0,0.0,0.0,0.8876170250712906,1.0,0.0,0.0,0.11238297492870941,1.0,0.11238297492870941,17,2,2021,3,28,2,0,0,2,1,0,1,GRAVE_LESIONADOS,1
4,1,14,2,4,1,-12.165158333800933,-76.93365784810386,2,1,7,1,2,2,2,1,6639.975,2.0,2,0,1.0,9,31,1616.0,0.7774740956469404,79.86759950822528,76.05458014164337,12.311230902539679,1731.8814492527772,102872.08126473293,7626.313,1683.4029999999998,1599.0829999999996,4343.827000000001,1814.875,5811.438000000001,23.797541485643197,25,1,0,0,23,42.73868917779658,34.91154320450836,50.56583515108479,1.0,0.0,0.0,0.0,1,0,0.0,0.0,0.6522621644406844,0.0,0.0,0.0,1.0,0.0,1.0,0.0,8,1,2022,7,11,3,0,0,0,1,0,1,GRAVE_LESIONADOS,1
5,1,13,0,4,1,-10.577861919192099,-77.64965171877516,0,4,0,1,2,1,0,0,6962.905327654218,2.8764209436044927,2,0,1.0,1,30,1766.0286778114196,0.6038939684793302,80.92205516491356,71.08041560127161,8.638949541072973,1034.3132762409177,20313.802088505003,7698.327953640143,1640.1595986908019,1499.3416021088474,4558.826752840495,1721.5708351564897,5976.757118483654,22.452174370858998,36,1,0,0,35,53.75284188720899,53.38210471802246,54.123579056395506,1.0,0.0,0.0,0.12357905639550726,1,0,0.0,0.12357905639550726,0.8764209436044927,0.12357905639550726,0.0,0.12357905639550726,1.0,0.0,0.0,0.0,11,2,2022,1,22,5,0,1,0,1,0,1,GRAVE_LESIONADOS,1
6,1,3,0,4,1,-9.593009050765959,-77.49768517416622,4,4,4,1,6,2,2,0,9936.932,2.0,2,0,1.0,9,32,3830.0,0.412469938997174,72.71653895958681,64.50255684919713,7.269944735864204,514.5451293317882,3564.263704751221,10397.445330052014,1774.2589060995472,1366.5539992986462,7256.632424653823,1922.6779025966848,8474.767427455332,18.325406921556425,6,1,0,0,5,26.856277183074337,26.856277183074337,26.856277183074337,1.0,0.0,0.0,0.0,1,0,0.0,0.0,0.0,1.0,0.0,0.0,1.0,0.0,0.20165521126689223,0.0,15,2,2022,1,21,3,0,1,0,1,0,1,GRAVE_LESIONADOS,1
6,1,1,0,4,0,-9.663434503007963,-77.19883208785157,1,4,4,0,1,1,0,0,6543.555,2.0,4,4,1.0,14,33,1198.0,0.27811377102954205,84.26036915629372,53.176710720080976,3.8434641837359695,283.84502052982936,2716.224568819253,10732.800847102822,1854.5621174368457,1263.9559943094464,7614.2827353565335,2161.8610064927398,8570.939840610086,20.167876188404108,6,1,0,0,5,36.2958211127798,36.2958211127798,36.2958211127798,1.0,0.0,0.0,0.0,1,0,0.0,0.0,0.0,1.0,0.0,0.0,1.0,0.0,0.0,0.0,17,1,2022,1,15,5,1,1,0,1,0,1,GRAVE_LESIONADOS,1
5,2,12,0,4,0,-8.607791141609475,-78.7102545216398,1,4,7,1,2,2,2,0,5198.797822692019,2.0,3,3,1.0,11,31,951.5823271562897,0.6085234647605264,80.33507384612021,73.34409722959441,8.877573308009385,1036.126005046253,28686.188873128147,3515.15510509054,553.8625072414716,701.4106978893005,2259.881899959768,788.0116537827676,2727.143451307772,22.301822630046,11,2,0,0,9,44.254453780712154,37.364356819835656,51.144550741588645,1.0,0.0,0.0,0.21188106005478102,2,0,0.0,1.0,0.21188106005478102,0.788118939945219,0.0,0.0,1.0,0.0,0.21188106005478102,0.21188106005478102,10,1,2022,2,25,2,0,1,0,1,0,1,GRAVE_LESIONADOS,1
3,1,10,1,4,1,-15.292997272638617,-75.12326511976114,0,4,7,1,2,2,2,0,196.8,2.0,2,0,1.0,4,27,35.0,0.5563774842369664,77.00938809632027,69.10246351364754,8.476961866273152,914.8835608305218,27932.19700214133,3721.461,698.1859999999996,744.866,2278.409,1102.9029999999996,2618.558,29.636290693359403,5,1,0,0,3,56.5564230544588,40.26444301941452,72.84840308950308,1.0,0.0,0.0,0.8354861556432962,1,0,0.0,0.8354861556432962,0.8354861556432962,0.1645138443567038,0.0,0.1645138443567038,0.8354861556432962,0.0,0.8354861556432962,0.8354861556432962,19,2,2022,7,21,0,0,1,0,1,0,1,GRAVE_LESIONADOS,1
6,1,8,0,4,1,-12.722913451748846,-74.60534246226005,0,4,5,0,2,1,1,0,1019.788441844914,1.1626522181899006,0,3,0.1626522181899006,9,30,122.41001018367714,0.2723232107363207,68.21538902728335,56.042087807355585,4.118018394898562,265.1234007114253,5817.553166462245,8511.426,1445.3929999999996,2008.516,5057.516999999999,1879.579,6631.846999999998,22.08300935706896,6,1,0,0,5,45.8132610909495,45.8132610909495,45.8132610909495,1.0,0.0,0.0,0.0,1,0,0.0,0.8373477818100994,0.0,0.1626522181899006,0.8373477818100994,0.1626522181899006,0.0,0.0,0.8373477818100994,0.0,11,2,2024,3,10,1,0,0,2,1,0,1,GRAVE_LESIONADOS,1
8,1,4,0,4,1,-12.749053249744803,-73.6801153607277,0,4,5,0,7,1,1,2,6092.645993583523,1.8543459827827156,3,3,0.8543459827827155,13,29,1185.0367924676616,0.37679250214366905,80.86453572946694,45.75074977800391,5.3277274331337585,458.31399039443744,10897.485858290103,12678.733000000004,1805.074000000001,1774.0339999999994,9099.625000000004,2485.375000000001,10193.358000000002,19.602707936195205,6,1,0,0,5,54.37822769008888,53.067341535133316,55.68911384504444,1.0,1.0,0.0,1.0,1,0,0.0,0.14565401721728455,0.0,0.14565401721728455,0.14565401721728455,0.0,1.0,1.0,1.0,0.0,5,0,2023,7,9,2,0,0,2,1,0,1,GRAVE_LESIONADOS,1