CLASE SINIESTRO,CANTIDAD DE VEHICULOS DAÑADOS,DEPARTAMENTO,ZONA,TIPO DE VÍA,RED VIAL,COORDENADAS LATITUD,COORDENADAS  LONGITUD,CONDICIÓN CLIMÁTICA,ZONIFICACIÓN,CARACTERÍSTICAS DE VÍA,PERFIL LONGITUDINAL VÍA,SUPERFICIE DE CALZADA,¿EXISTE SEÑAL VERTICAL?,¿EXISTE SEÑAL HORIZONTAL?,CAUSA FACTOR PRINCIPAL,MTC_RVN_LONGITUD_KM,MTC_RVN_N_CARRILES_MEDIANA,MTC_RVN_SUPERFICIE_DOMINANTE,MTC_RVN_ESTADO_DOMINANTE,MTC_RVN_ES_CONCESIONADA,MTC_RVN_CONCESION_PRINCIPAL,MTC_RVN_CORREDOR_LOGISTICO,MTC_RVN_N_TRAMOS,IDH_2019,IDH_ESP_VIDA_2019,IDH_EDUC_SECUND_PCT_2019,IDH_ANIOS_EDUC_2019,IDH_INGRESO_PERCAP_2019,IDH_POBLACION_2019,MTC_DEP_RED_TOTAL_KM,MTC_DEP_NACIONAL_TOTAL_KM,MTC_DEP_DEPARTAMENTAL_TOTAL_KM,MTC_DEP_VECINAL_TOTAL_KM,MTC_DEP_PAV_TOTAL_KM,MTC_DEP_NO_PAV_TOTAL_KM,MTC_DEP_PCT_PAVIMENTADA,PER_TOTAL_PERSONAS,PER_N_CONDUCTORES,PER_N_CONDUCTORES_FUGADOS,PER_N_PEATONES,PER_N_PASAJEROS_OCUPANTES,PER_EDAD_COND_PROM,PER_EDAD_COND_MIN,PER_EDAD_COND_MAX,PER_ANY_COND_MASCULINO,PER_ANY_LIC_PROBLEMA,PER_ANY_DOSAJE_POS,PER_ANY_DOSAJE_EVALUADO,VEH_TOTAL,VEH_N_FUGADOS,VEH_ANY_FUGADO,VEH_ANY_CARGA,VEH_ANY_PUBLICO,VEH_ANY_PARTICULAR,VEH_ANY_MOTO,VEH_ANY_AUTO,VEH_ANY_CAMION_BUS,VEH_ANY_SOAT_PROBLEMA,VEH_ANY_CITV_PROBLEMA,VEH_ANY_SEGURO_PROBLEMA,HORA_NUM,FRANJA_HORARIA,ANIO,MES,DIA_MES,DIA_SEMANA,ES_FIN_SEMANA,ES_QUINCENA,REGION_NATURAL,TIENE_SEÑALIZACION,ES_VIA_MULTICARRIL,ES_DEPTO_BAJO_PAVIMENTO,CATEGORIA_SEVERIDAD,CATEGORIA_SEVERIDAD_ENC
3,1,20,0,4,1,-15.538751189899257,-70.1139085540606,6,4,7,1,2,2,2,1,7578.443328995163,2.0,2,0,1.0,9,5,1198.0,0.36442937931018354,74.40602037161992,63.812733081689075,5.600241035416381,385.9117198010491,5546.783336590545,13642.312999999998,2020.7790000000005,2354.117,9267.416999999998,3314.0520000000006,10328.260999999997,24.29244952817019,4,1,0,0,3,27.064865575089705,26.07297377197592,28.056757378203493,1.0,0.008108196886213226,0.0,0.008108196886213226,1,0,0.0,0.0,0.0,1.0,0.0,0.9918918031137868,0.008108196886213226,0.0,0.9918918031137868,0.9918918031137868,21,2,2021,6,24,5,0,1,2,1,0,1,GRAVE_LESIONADOS,1
3,2,5,1,4,1,-5.842628740643528,-78.7669060067808,0,3,0,1,2,1,0,0,237.82848290331918,2.0,2,0,1.0,1,20,59.36552945834363,0.5803239946829384,74.49544278598792,68.33065356443184,8.733179344969395,1046.078117086984,102362.46895074946,15935.565011852366,1733.9250000199986,935.692,13265.948011832368,2000.1670000199988,13935.398011832369,12.551591352627522,12,2,0,0,10,42.41672729807688,41.85195964102556,42.9814949551282,1.0,1.0,0.0,0.0,2,0,0.0,1.0,0.0,1.0,0.0,1.0,1.0,0.0,0.009252522435902355,0.0,15,3,2022,10,6,6,1,0,2,1,0,1,GRAVE_LESIONADOS,1
3,2,10,1,4,1,-15.068371373290713,-75.06992085975665,0,4,7,1,2,2,2,0,3164.3073857749373,2.0,2,0,1.0,6,28,763.1548579559263,0.5563774842369664,77.00938809632027,69.10246351364754,8.476961866273152,914.8835608305218,27932.19700214133,3721.461,698.1859999999996,744.866,2278.409,1102.9029999999996,2618.558,29.636290693359403,5,2,0,0,3,50.58518893572083,32.697169962188724,68.47320790925293,1.0,0.0,0.0,0.5394339924377443,2,0,0.0,1.0,0.5394339924377443,0.46056600756225574,0.0,0.46056600756225574,1.0,0.0,0.5394339924377443,0.5394339924377443,12,1,2022,8,25,2,0,1,0,1,0,1,GRAVE_LESIONADOS,1
3,1,11,0,4,1,-10.083424962137904,-77.68244179655879,0,4,7,1,2,2,2,1,935.8166486741342,1.4883349130043346,1,1,0.4883349130043346,5,26,206.49153239463155,0.5537802130159208,77.92923408246398,68.56045623068214,8.443645286288543,882.3076124071599,41096.503111312595,3593.629569822855,608.760157390994,717.940189566767,2266.9292228650943,907.7897621789439,2685.839807643911,25.091701492292646,5,2,0,0,3,35.44247393542848,23.930009478026008,46.954938392830954,1.0,0.5116650869956654,0.0,0.5116650869956654,2,0,0.4883349130043346,0.0,0.0,0.5116650869956654,1.0,0.0,0.0,0.4883349130043346,0.5116650869956654,0.4883349130043346,10,1,2021,6,20,1,0,0,0,1,0,1,GRAVE_LESIONADOS,1
6,1,10,0,4,1,-13.934660774384119,-75.44533272856694,0,4,5,1,2,2,2,4,613.6206599524235,1.0225696965734428,1,2,0.022569696573442655,9,32,251.27260600314918,0.6250594548514504,78.6489726381571,77.52724696764956,9.124336963548318,1099.7704298238793,6561.429666557809,3697.291360206162,696.6622520752368,739.0541902838556,2261.5749178470696,1102.1310938074912,2595.160266398671,29.8774114218788,9,1,0,0,8,67.00693335076852,67.00693335076852,67.00693335076852,1.0,0.022569696573442655,0.0,1.0,1,0,0.0,0.0,0.0,1.0,0.0,0.022569696573442655,0.9774303034265573,0.0,0.0,0.0,18,1,2021,3,18,0,0,0,0,1,0,1,GRAVE_LESIONADOS,1
3,1,3,0,4,1,-15.913408582419896,-71.18430491433544,0,4,4,0,2,1,1,0,1504.4250000000002,2.0,2,0,1.0,7,25,241.0,0.4556786312466387,81.69726318289408,62.57230831459354,5.857044441431453,619.6607443607355,1481.7317326063148,10322.272,1495.236,1749.739,7077.2970000000005,2886.595,7435.677000000001,27.964725207783708,6,2,0,0,4,35.126145166451394,27.191508082579883,43.06078225032291,1.0,0.0,0.0,0.6869274167743025,2,0,0.0,0.31307258322569753,0.6869274167743025,1.0,0.0,0.31307258322569753,1.0,0.0,0.0,0.0,3,0,2024,8,2,2,0,0,0,1,0,1,GRAVE_LESIONADOS,1
5,1,14,0,4,1,-11.288470835733529,-77.47466797049168,0,4,4,0,2,2,2,2,6543.555,2.705996611405047,2,1,1.0,4,30,1393.561061359198,0.7327345537337897,78.20903814342847,76.31492653513806,13.642917835589472,1405.6698219039215,62016.21841541756,7626.313,1683.4029999999998,1599.0829999999996,4343.827000000001,1814.875,5811.438000000001,23.797541485643197,7,1,0,0,6,39.087035580247004,36.29400338859495,41.880067771899064,0.2940033885949531,0.0,0.0,1.0,1,0,0.0,0.0,0.2940033885949531,0.7059966114050469,0.0,0.7059966114050469,0.2940033885949531,0.0,0.0,0.0,8,1,2023,9,17,3,0,0,0,1,0,1,GRAVE_LESIONADOS,1
6,1,7,0,5,2,-12.348028127561905,-75.01997991313343,3,4,2,0,7,2,2,3,6543.555,2.0,4,4,1.0,14,33,1198.0,0.3256609962450461,77.91312881316095,41.51839867755339,4.595067757427771,387.72059960832325,3803.8049397125087,12446.83199606103,1817.0501134418541,1399.748261088725,9230.03362153045,1983.2410307116008,10463.59096534943,15.879169127497953,4,1,0,0,3,46.35668614761443,46.35668614761443,46.35668614761443,1.0,0.0,0.0,0.4401068984640506,1,0,0.0,0.4401068984640506,0.0,0.5598931015359494,0.0,0.0,1.0,0.0,0.0,0.0,7,0,2021,6,12,0,0,0,2,1,0,1,GRAVE_LESIONADOS,1
5,1,3,0,4,1,-16.284086803593933,-71.32096651353311,0,4,7,1,5,1,1,0,1222.94356021469,1.3009190731654188,4,1,0.30091907316541877,8,29,213.73584385345134,0.503871863864618,80.12847523250352,71.95910480212765,7.364793841687371,685.3438737415419,2704.125174348596,10322.272,1495.236,1749.739,7077.2970000000005,2886.595,7435.677000000001,27.964725207783708,4,1,0,0,3,39.90275721949626,37.796323707338324,42.009190731654186,1.0,0.30091907316541877,0.0,0.30091907316541877,1,0,0.0,0.6990809268345812,0.0,0.30091907316541877,0.0,0.30091907316541877,0.6990809268345812,0.0,0.30091907316541877,0.0,6,0,2024,9,17,3,0,1,0,1,0,1,GRAVE_LESIONADOS,1
6,1,8,0,4,1,-12.655049206287451,-74.53701936756734,0,4,0,0,1,1,0,1,6717.9342531502625,2.0,3,3,1.0,13,28,1198.0,0.2611747182056241,69.62931441867129,60.645738535646856,4.40117910560414,217.810970549819,3372.956984646492,8511.426,1445.3929999999996,2008.516,5057.516999999999,1879.579,6631.846999999998,22.08300935706896,4,1,0,0,3,31.68537259477229,31.68537259477229,31.68537259477229,1.0,0.0,0.0,0.0,1,0,0.0,0.0,0.0,1.0,0.0,1.0,0.0,0.0,0.0,0.0,16,2,2022,10,5,5,1,0,2,1,0,1,GRAVE_LESIONADOS,1
6,1,6,0,4,1,-13.581561839093832,-74.55127908766896,0,4,0,1,2,2,2,2,3556.2264013857507,2.0,2,1,1.0,9,28,630.6652678391237,0.5087095805532628,71.24719024449327,71.4225219098217,8.496399342962047,760.8106807961955,13682.469524707245,12510.086523557211,1813.7834462686303,1501.8403916153443,9194.462685673236,2120.205711448724,10389.880812108488,16.894820995998792,5,1,0,0,4,25.329127294779756,25.329127294779756,25.329127294779756,1.0,0.0,0.0,1.0,1,0,0.0,0.5928262614011247,0.0,0.4071737385988753,0.0,1.0,0.0,0.0,0.0,0.0,7,1,2022,5,22,3,0,1,2,1,0,1,GRAVE_LESIONADOS,1
5,1,10,0,4,1,-11.959902680061663,-77.02788992001639,0,4,7,1,2,2,2,4,460.96476012457833,-0.3031799056284977,2,0,1.0,10,28,49.37645798899411,0.514979110631326,78.70143298527971,60.68541944147297,7.930517577548054,771.9848397573625,14994.212873847855,3660.6588012987904,655.651172346104,732.0589112121813,2272.948717740505,1010.0986416446847,2650.5601596541055,27.47468602981371,4,1,0,0,3,39.74817289293299,39.74817289293299,39.74817289293299,1.0,0.0,0.0,0.0,1,0,0.23227336479050076,0.7677266352094992,0.23227336479050076,0.0,0.23227336479050076,0.0,0.7677266352094992,0.23227336479050076,0.23227336479050076,0.23227336479050076,4,0,2022,5,21,3,0,1,0,1,0,1,GRAVE_LESIONADOS,1
6,1,3,0,4,1,-16.20742811061512,-71.32987047374961,0,4,3,0,4,0,1,0,1317.1149393516184,1.534800976919168,3,0,0.5348009769191681,7,28,222.85723809984756,0.4920473696991571,80.70022969032641,71.552268571016,6.920823545846671,662.6367762707557,2385.5434650090965,10322.272,1495.236,1749.739,7077.2970000000005,2886.595,7435.677000000001,27.964725207783708,4,1,0,0,2,37.66299755770208,35.256393161565825,40.06960195383834,1.0,0.0,0.0,0.0,1,0,0.0,1.0,0.0,0.5348009769191681,0.0,0.5348009769191681,1.0,0.0,0.0,0.0,5,0,2024,7,10,1,0,0,0,1,0,1,GRAVE_LESIONADOS,1
3,1,19,1,2,3,-5.163955823195479,-80.66397526293049,1,4,7,1,2,1,1,2,6543.555,2.19882853028648,3,3,1.0,11,32,1253.075502889355,0.6465809403180531,78.67482225016649,76.31607676848675,11.012045047877127,1094.7784002466112,179893.45228681964,8965.846000060003,1782.4120000599992,636.9959999999999,6546.438000000004,2214.505000059999,6751.341000000004,24.699342371541725,4,1,0,0,2,35.61112896227844,24.79531412114592,46.426943803410964,1.0,0.80117146971352,0.0,0.19882853028647995,1,0,0.0,0.0,0.0,1.0,0.80117146971352,0.19882853028647995,0.0,1.0,0.19882853028647995,0.0,19,1,2021,3,4,3,0,0,0,1,0,1,GRAVE_LESIONADOS,1
4,2,14,0,4,1,-7.779586326549521,-77.98303095601499,0,2,3,1,1,2,2,2,8211.718852191585,2.0,3,2,1.0,11,32,2491.8754694713416,0.4132419866197133,69.53492115327624,61.97764346207451,6.855501186327768,628.4647007072496,38923.060158242435,8593.813050689416,1561.7187287494828,713.183733333639,6318.910588606294,1646.8879273393159,6946.925123350101,18.904189763627105,10,2,0,0,7,43.184931486181796,39.25217929933881,52.52521792993388,1.0,0.49159402335537294,0.0,1.0,2,0,0.0,0.0,1.0,0.49159402335537294,0.49159402335537294,0.49159402335537294,0.5084059766446271,0.49159402335537294,1.0,0.49159402335537294,17,2,2022,6,16,4,0,0,0,1,0,1,GRAVE_LESIONADOS,1
6,0,20,0,4,0,-16.03966830782573,-69.33037976634749,0,4,1,0,2,0,1,2,6707.755558731404,2.0,3,3,1.0,13,28,1198.0,0.43478752567166434,74.39806873144514,73.79313511036385,6.805830531841207,525.6821022239515,23151.043424559455,13642.312999999998,2020.7790000000005,2354.117,9267.416999999998,3314.0520000000006,10328.260999999997,24.29244952817019,5,1,0,0,4,38.00980821749152,38.00980821749152,38.00980821749152,1.0,0.0,0.0,0.0,1,0,0.0,0.0,0.0,1.0,0.0,0.15737851486886756,0.8426214851311324,0.8426214851311324,1.0,0.8426214851311324,2,0,2022,4,6,2,0,0,2,1,0,1,GRAVE_LESIONADOS,1
5,1,10,0,4,1,-12.877828217938118,-75.58736888112858,0,4,7,1,2,1,1,1,628.0582221935215,2.0,2,0,0.32902529051421503,8,8,116.198704035644,0.6332163331917297,78.44581003187889,69.49067865065916,8.752587420876546,1240.1849209457898,35708.969560041915,8513.351693189414,1621.4912981598115,1648.6526341677093,5243.207760861892,2167.4979843498945,6345.853708839519,25.168650320446588,6,1,0,0,5,53.26476463832633,50.851912507888755,55.45826657508776,1.0,0.0,0.0,1.0,1,0,0.0,0.32902529051421503,0.32902529051421503,0.670974709485785,0.0,0.670974709485785,0.32902529051421503,0.0,0.0,0.0,16,2,2023,9,10,1,0,0,0,1,0,1,GRAVE_LESIONADOS,1
3,1,19,2,2,3,-5.187705250274125,-80.60977736349955,0,3,2,1,2,2,2,0,6543.555,2.246062315558576,3,3,1.0,10,32,1266.1592614097256,0.6220812987247925,80.20155828147696,72.71675503872983,10.02377668600292,1028.915688621886,159840.92719486082,8965.846000060003,1782.4120000599992,636.9959999999999,6546.438000000004,2214.505000059999,6751.341000000004,24.699342371541725,6,2,0,0,4,37.54427746895081,37.16730862673009,37.921246311171515,1.0,0.7539376844414241,0.0,1.0,2,0,0.24606231555857594,0.0,1.0,0.7539376844414241,1.0,0.7539376844414241,0.0,0.7539376844414241,1.0,0.24606231555857594,12,2,2021,4,27,3,0,1,0,1,0,1,GRAVE_LESIONADOS,1
6,1,8,0,4,1,-12.64479547473083,-74.64300177724566,0,4,4,0,2,1,0,0,7586.903,2.0,2,0,1.0,9,5,1198.0,0.27281179995386906,67.98545866875112,56.7863627981892,4.035582189215297,270.02093370447386,5966.0122420682,8511.426,1445.3929999999996,2008.516,5057.516999999999,1879.579,6631.846999999998,22.08300935706896,4,1,0,0,3,40.09103855899814,36.53261549599788,42.75985585624834,1.0,0.0,0.0,0.0,1,0,0.0,0.0,0.0,1.0,0.0,1.0,0.0,0.0,0.0,0.0,3,0,2021,11,20,5,1,1,2,1,0,1,GRAVE_LESIONADOS,1
4,2,11,0,4,1,-10.361079254236198,-77.70945408067838,0,4,7,1,2,2,2,3,539.3433940730629,0.40340723611201756,2,1,0.5321975879626608,11,19,109.96388964357986,0.5414734579397925,79.64285843384826,64.62796267109532,7.97152555472772,847.1856215011156,15800.29759154021,3599.0043626009856,612.520151098074,719.0723106050852,2267.4119008978264,915.993481875305,2683.01088072568,25.282783021957254,4,1,0,0,3,45.3390120601867,38.321975879626606,52.35604824074679,1.0,0.4678024120373392,0.0,0.0,1,0,0.0,1.0,0.0,0.4678024120373392,0.4678024120373392,0.0,1.0,0.4678024120373392,0.4678024120373392,0.4678024120373392,2,0,2022,6,16,2,0,0,0,1,0,1,GRAVE_LESIONADOS,1
3,2,14,0,4,1,-11.18790353358453,-77.48905736752567,1,4,0,0,2,2,2,2,6543.555,2.0708717006548736,3,3,1.0,13,32,1217.6314610814,0.7327345537337897,78.20903814342847,76.31492653513806,13.642917835589472,1405.6698219039215,62016.21841541756,7626.313,1683.4029999999998,1599.0829999999996,4343.827000000001,1814.875,5811.438000000001,23.797541485643197,8,2,0,0,6,46.14564149672563,36.36215469410614,55.92912829934512,1.0,0.0,0.0,1.0,2,0,0.0,0.0,0.9291282993451264,0.07087170065487358,0.0,0.07087170065487358,1.0,0.0,0.0,0.0,8,1,2023,8,13,1,0,0,0,1,0,1,GRAVE_LESIONADOS,1
6,1,10,0,4,2,-8.617991928083688,-77.49866866179322,1,4,0,0,4,2,2,4,6543.555,2.0,4,4,1.0,14,33,1198.0,0.1924339825183796,76.5859721491815,31.271069259979775,2.7697201880821956,217.9368602131941,24447.280242027442,8641.405924346842,1334.7413613249844,1476.3013067947243,5830.363256227132,1155.2391909416722,7486.166733405169,13.353763062093034,5,1,0,0,4,44.20545266337399,44.20545266337399,44.20545266337399,1.0,0.0,0.0,0.0,1,0,0.0,0.4018175544579976,0.0,0.0,0.0,0.0,1.0,0.0,1.0,0.0,11,1,2021,3,7,2,0,0,0,1,0,1,GRAVE_LESIONADOS,1
3,3,11,1,4,1,-8.723694767328475,-77.43377087459086,0,1,7,1,2,2,2,2,9039.708536704395,2.0,2,1,1.0,10,32,3134.0878878491735,0.5669383857148731,74.89063774139152,73.89776837837319,8.63185931988475,969.1909548299609,39052.81405388793,8409.155264241745,1452.1780791026113,750.9993575025657,6205.977827636566,1365.1523650031372,7044.002899238606,16.02777772938544,6,3,0,0,3,33.45422363861305,21.884765616562838,53.11523438343716,1.0,1.0,0.0,1.0,3,0,0.0,0.0,1.0,0.7355957020703546,1.0,0.7355957020703546,0.0,1.0,1.0,1.0,21,2,2022,1,25,3,0,1,1,1,0,1,GRAVE_LESIONADOS,1
3,2,6,0,4,1,-10.725485020567428,-76.37467587422628,2,4,7,1,2,0,1,1,7094.050921793752,2.0,2,1,1.0,11,18,1198.0,0.4983044728802086,73.96196463517573,72.14126542431346,7.812229271543012,726.9479440054553,14957.34111970625,11557.44746656849,1854.1447344537085,1160.8929108987263,8542.409821216057,1830.301109618751,9727.146356949741,16.048112025312324,6,2,0,0,4,50.84668559893548,46.331493482064495,55.36187771580646,1.0,0.0,0.0,0.5276244568387078,2,0,0.0,0.47237554316129216,0.5276244568387078,0.47237554316129216,0.0,0.47237554316129216,1.0,0.0,0.0,0.0,16,2,2023,8,5,3,0,0,1,1,0,1,GRAVE_LESIONADOS,1
4,1,12,0,4,1,-7.458392286514639,-78.97385880623433,0,4,7,1,1,2,2,0,6543.555,2.517461009384291,2,1,1.0,6,31,1341.3366995994486,0.3555332975598803,77.31650097358823,45.53909560578204,4.896821403088165,517.5171363324515,24476.59215103187,8931.828000000005,1335.5899999999997,1935.9830000000004,5660.255000000005,1219.309,7712.519000000005,13.651281686122925,6,1,0,0,5,38.62222706569004,31.377772934309963,45.866681197070115,1.0,1.0,0.0,0.0,1,0,0.0,0.0,0.5174610093842912,1.0,0.5174610093842912,0.0,1.0,0.0,0.0,0.5174610093842912,12,0,2024,4,21,2,0,1,0,1,0,1,GRAVE_LESIONADOS,1
6,1,7,0,4,1,-13.239317954346753,-72.30441372946481,1,4,0,0,2,1,1,2,3229.9974948219615,1.0,2,3,0.0,9,11,1032.1440157329012,0.46702671001097085,76.16940871907704,61.82539197318154,7.07220244334508,649.9159345103104,3125.4023365059534,17779.13499998999,2097.3709999899997,2863.123,12818.640999999989,2878.713,14900.421999989989,16.19152450331032,5,1,0,0,4,35.3025826152248,35.3025826152248,35.3025826152248,1.0,0.0,0.0,0.9243543461938004,1,0,0.0,0.0,0.0,0.07564565380619959,0.0,1.0,0.0,0.0,0.07564565380619959,0.0,14,2,2022,1,26,5,1,0,2,1,0,1,GRAVE_LESIONADOS,1
6,1,12,0,4,1,-8.142677538302632,-78.39207481339491,0,4,7,1,2,2,2,2,8406.801378550586,2.450916777431277,2,0,1.0,4,31,2768.0909891493425,0.4466889087778495,74.85187366333126,55.43765694774658,6.106084493083085,695.988914224075,68684.1633421517,8931.828000000005,1335.5899999999997,1935.9830000000004,5660.255000000005,1219.309,7712.519000000005,13.651281686122925,4,1,0,1,2,28.588998670824672,28.588998670824672,28.588998670824672,1.0,0.0,0.0,0.0,1,0,0.0,1.0,0.0,0.0,0.0,0.0,1.0,0.0,0.5490832225687229,0.0,19,2,2021,4,20,2,0,0,0,1,0,1,GRAVE_LESIONADOS,1
6,1,10,0,4,2,-8.64877605223429,-77.46452110700507,1,4,0,0,4,2,2,4,6543.555,2.0,4,4,1.0,14,33,1198.0,0.19258988397502483,76.6106238907811,31.364632640933177,2.75115955490827,220.59271242909733,24455.274258638237,8630.43139418449,1334.7092927891647,1458.9307587886317,5836.7913426066925,1152.8181075910852,7477.613286593404,13.342520366075748,5,1,0,0,4,44.251004560845054,44.251004560845054,44.251004560845054,1.0,0.0,0.0,0.0,1,0,0.0,0.41700152028168436,0.0,0.0,0.0,0.0,1.0,0.0,1.0,0.0,11,1,2021,3,7,2,0,0,0,1,0,1,GRAVE_LESIONADOS,1
3,1,7,1,4,1,-13.934090090970107,-73.93976421777545,0,4,7,1,2,0,1,1,234.10119516458514,2.0,2,0,1.0,4,29,24.958671855890493,0.6008904039972233,73.4360365769389,78.36789645550117,10.12795743467912,1016.6417027702082,20701.74012883,11484.42497846224,1693.4252384593156,1364.2839436174136,8426.71579638551,2109.9054547765854,9374.519523685654,18.98206476547253,7,2,0,0,5,53.02479688646571,39.04132814410951,67.0082656288219,1.0,0.0,0.0,0.5983468742356197,2,0,0.0,0.0,0.5983468742356197,1.0,0.0,0.4016531257643803,1.0,0.0,0.0,0.5983468742356197,15,2,2024,1,15,4,0,0,1,1,0,1,GRAVE_LESIONADOS,1
3,1,21,0,4,1,-17.537151243775714,-71.07956287954266,0,4,0,0,2,2,2,1,6639.975,2.0,2,0,1.0,9,31,1616.0,0.5817598948793355,73.74761589053833,72.64123982354735,9.149141513910163,1010.4416042691508,2769.895958392817,2705.1020928271564,634.1107887503183,500.47325678240884,1570.518047294429,1070.4435284915442,1634.658564335612,39.775672257381785,5,1,0,0,3,28.79847011883817,21.680373094967045,35.9165671427093,1.0,0.0,0.0,0.9490796031828168,1,0,0.0,0.0,1.0,0.9490796031828168,0.0,0.9490796031828168,1.0,0.0,0.0,0.0,21,1,2023,5,10,4,0,0,0,1,0,1,GRAVE_LESIONADOS,1
6,1,1,0,4,1,-8.607719125509817,-77.65136690114514,0,4,5,0,5,1,1,0,6543.555,2.0,4,4,1.0,14,33,1198.0,0.23560492650098888,75.39678418608815,39.91975770649945,4.437882589256611,179.36023679303256,2312.4182149381713,10767.648,1885.0630000000003,1222.721,7659.864000000001,2100.343,8667.305000000002,19.506051832303577,5,1,0,0,4,32.336884543362345,32.336884543362345,32.336884543362345,1.0,0.0,0.0,0.0,1,0,0.0,0.0,0.7771859094396096,0.22281409056039037,0.0,0.7771859094396096,0.22281409056039037,0.0,0.7771859094396096,0.0,8,0,2024,1,21,4,0,1,0,1,0,1,GRAVE_LESIONADOS,1
4,1,1,0,4,1,-11.466492229122037,-76.05043789009481,0,4,0,0,4,1,0,1,6543.555,2.0,4,4,1.0,14,33,1198.0,0.3861378741775841,77.75165551304723,51.36656422151852,5.945439822214718,462.1381905160541,8228.398960990015,10640.535333426082,1773.8043118971145,1373.134725284823,7493.596296244145,2324.7434803111896,8315.791853114893,21.9202019626094,5,1,0,0,3,49.581625420006226,49.581625420006226,49.581625420006226,1.0,0.0,0.0,0.0,1,0,0.0,0.28540529030284156,0.0,0.0,0.0,0.0,1.0,0.0,1.0,0.0,5,0,2022,1,10,0,0,0,0,1,0,1,GRAVE_LESIONADOS,1
6,1,8,1,4,1,-12.624664227713001,-75.62649241737523,0,4,1,0,2,1,1,0,1649.01720703474,1.8442095857762322,2,2,0.8442095857762321,9,25,305.3409943181264,0.4773583216258809,75.16052051221314,47.9239282766709,8.103240495251018,781.1540926922941,2284.854670994885,8576.920601720502,1428.2867451469872,1997.2160538851076,5151.417802688406,1776.7152632004727,6800.205338520027,20.76942701059027,4,1,0,0,3,37.0,37.0,37.0,1.0,0.0,0.0,0.0,1,0,0.0,0.0,0.0,1.0,0.0,0.8442095857762321,0.15579041422376794,0.0,0.15579041422376794,0.0,15,3,2022,4,14,5,1,0,1,1,0,1,GRAVE_LESIONADOS,1
6,1,5,0,4,2,-7.171731635932713,-78.06468721754273,0,4,3,0,1,2,2,2,6543.555,2.0,4,4,1.0,14,33,1198.0,0.2512011272949997,76.92416629431321,40.337815464538494,3.1629384741999966,270.6712643639488,7923.079492486255,15935.565011852366,1733.9250000199986,935.692,13265.948011832368,2000.1670000199988,13935.398011832369,12.551591352627522,4,1,0,0,3,27.91834176296144,26.18875632222108,29.21553084351671,0.56760363981491,0.0,0.0,0.56760363981491,1,0,0.0,0.43239636018509,0.56760363981491,0.0,0.0,0.0,1.0,0.0,0.43239636018509,0.0,13,1,2022,5,5,0,0,0,2,1,0,1,GRAVE_LESIONADOS,1
3,1,12,0,4,1,-8.50157470788806,-78.9803061047697,0,4,7,1,2,2,2,2,6560.074914020492,2.0,3,3,1.0,13,32,1269.6171340029578,0.5843738445176582,76.52593850099306,63.57084438479015,8.435647050726297,1097.3288873089293,9250.45052535495,8708.150385890263,1395.1817948061498,1878.2609606564681,5434.707630427646,1321.3490239942716,7386.801361895992,15.389669360024998,7,2,0,0,5,26.055994277596874,24.0,28.111988555193747,1.0,0.8286671435335939,0.0,0.0,2,0,0.0,0.17133285646640606,0.17133285646640606,0.8286671435335939,0.0,0.8286671435335939,0.17133285646640606,0.0,0.8286671435335939,0.0,11,2,2023,7,21,5,0,0,0,1,0,1,GRAVE_LESIONADOS,1
6,1,9,0,4,2,-11.625081144793903,-75.40072013723238,4,4,4,1,5,1,1,0,6543.555,2.0,4,4,1.0,14,33,1198.0,0.36985510071554284,73.79190311862392,45.28024968043052,4.941808582978138,549.7309138011219,12608.126325664605,12337.902636769652,1822.6755757807978,1223.937440786135,9291.289620202719,1747.3768877197238,10590.525749049928,14.130135316351925,7,1,0,0,6,41.22888068293502,41.22888068293502,41.22888068293502,0.822888068293502,0.17711193170649797,0.0,0.0,1,0,0.0,0.822888068293502,0.0,0.17711193170649797,0.0,0.17711193170649797,0.822888068293502,0.0,0.0,0.0,11,1,2022,5,6,5,0,0,2,1,0,1,GRAVE_LESIONADOS,1
3,2,7,0,4,1,-13.584785277026164,-71.71482543763878,0,4,7,1,2,0,1,1,3298.3738546756394,1.8111298132371456,2,0,0.8111298132371456,5,16,668.55651141223,0.45928698247037303,67.0144090309214,71.95453889839256,7.080994314170205,698.0422096336323,8607.561309115674,17779.13499998999,2097.3709999899997,2863.123,12818.640999999989,2878.713,14900.421999989989,16.19152450331032,9,2,0,0,7,36.188870186762855,35.43338943971143,36.94435093381427,1.0,0.0,0.0,0.8111298132371456,2,0,0.0,0.0,0.1888701867628544,1.0,0.0,1.0,1.0,0.0,0.8111298132371456,0.0,18,2,2023,5,21,4,0,0,2,1,0,1,GRAVE_LESIONADOS,1