CLASE SINIESTRO,CANTIDAD DE VEHICULOS DAÑADOS,DEPARTAMENTO,ZONA,TIPO DE VÍA,RED VIAL,COORDENADAS LATITUD,COORDENADAS  LONGITUD,CONDICIÓN CLIMÁTICA,ZONIFICACIÓN,CARACTERÍSTICAS DE VÍA,PERFIL LONGITUDINAL VÍA,SUPERFICIE DE CALZADA,¿EXISTE SEÑAL VERTICAL?,¿EXISTE SEÑAL HORIZONTAL?,CAUSA FACTOR PRINCIPAL,MTC_RVN_LONGITUD_KM,MTC_RVN_N_CARRILES_MEDIANA,MTC_RVN_SUPERFICIE_DOMINANTE,MTC_RVN_ESTADO_DOMINANTE,MTC_RVN_ES_CONCESIONADA,MTC_RVN_CONCESION_PRINCIPAL,MTC_RVN_CORREDOR_LOGISTICO,MTC_RVN_N_TRAMOS,IDH_2019,IDH_ESP_VIDA_2019,IDH_EDUC_SECUND_PCT_2019,IDH_ANIOS_EDUC_2019,IDH_INGRESO_PERCAP_2019,IDH_POBLACION_2019,MTC_DEP_RED_TOTAL_KM,MTC_DEP_NACIONAL_TOTAL_KM,MTC_DEP_DEPARTAMENTAL_TOTAL_KM,MTC_DEP_VECINAL_TOTAL_KM,MTC_DEP_PAV_TOTAL_KM,MTC_DEP_NO_PAV_TOTAL_KM,MTC_DEP_PCT_PAVIMENTADA,PER_TOTAL_PERSONAS,PER_N_CONDUCTORES,PER_N_CONDUCTORES_FUGADOS,PER_N_PEATONES,PER_N_PASAJEROS_OCUPANTES,PER_EDAD_COND_PROM,PER_EDAD_COND_MIN,PER_EDAD_COND_MAX,PER_ANY_COND_MASCULINO,PER_ANY_LIC_PROBLEMA,PER_ANY_DOSAJE_POS,PER_ANY_DOSAJE_EVALUADO,VEH_TOTAL,VEH_N_FUGADOS,VEH_ANY_FUGADO,VEH_ANY_CARGA,VEH_ANY_PUBLICO,VEH_ANY_PARTICULAR,VEH_ANY_MOTO,VEH_ANY_AUTO,VEH_ANY_CAMION_BUS,VEH_ANY_SOAT_PROBLEMA,VEH_ANY_CITV_PROBLEMA,VEH_ANY_SEGURO_PROBLEMA,HORA_NUM,FRANJA_HORARIA,ANIO,MES,DIA_MES,DIA_SEMANA,ES_FIN_SEMANA,ES_QUINCENA,REGION_NATURAL,TIENE_SEÑALIZACION,ES_VIA_MULTICARRIL,ES_DEPTO_BAJO_PAVIMENTO,CATEGORIA_SEVERIDAD,CATEGORIA_SEVERIDAD_ENC
8,1,7,0,4,2,-13.096657204712574,-72.82670193385164,0,4,3,0,1,2,2,2,4757.323658557487,2.0,4,3,0.7011411313835769,12,24,880.9107403979751,0.46658786118999057,74.08443436071471,63.241576940840744,6.87788859597073,698.5892345625887,30808.711839130723,17779.13499998999,2097.3709999899997,2863.123,12818.640999999989,2878.713,14900.421999989989,16.19152450331032,5,1,0,0,4,38.321681496287965,38.321681496287965,38.321681496287965,1.0,0.0,0.0,0.2988588686164231,1,0,0.0,0.7011411313835769,0.0,0.2988588686164231,0.0,0.0,1.0,0.0,0.2988588686164231,0.0,10,2,2021,8,7,0,0,0,2,1,0,1,GRAVE_LESIONADOS,1
6,1,11,0,4,1,-11.35933594805173,-75.67405916619893,4,4,6,1,4,1,1,0,6846.796760740031,2.0,3,2,1.0,12,24,1198.0,0.4709720901087333,74.89418762455554,53.567992286371364,6.697801950814145,779.9364490286955,11099.028929311342,12264.545,1826.4639999999995,1105.5389999999998,9332.542,1588.5359999999996,10676.009,12.952261987705208,7,1,0,0,6,38.05906952178897,38.05906952178897,38.05906952178897,1.0,0.0,0.0,0.0,1,0,0.0,0.7093570306934689,0.0,0.2906429693065311,0.0,0.2906429693065311,0.7093570306934689,0.0,0.0,0.0,9,0,2022,7,4,5,1,0,2,1,0,1,GRAVE_LESIONADOS,1
3,1,11,2,2,3,-10.56804742153184,-77.41400426622879,0,0,4,1,2,1,1,1,4860.854648037221,2.0,3,2,1.0,12,28,887.7151451976471,0.6605329329030707,76.9973720121213,74.43208503195306,9.851345867075182,1299.0247088770702,255809.28499842028,10098.25456664791,1698.4329246793188,1401.7290401608936,6998.092601807699,1869.998011814231,8228.25655483368,20.451953753967963,5,1,0,0,3,35.88886361511364,29.21504398004399,42.5626832501833,1.0,0.0,0.0,0.0,1,0,0.0,0.0,0.7025073300073318,1.0,0.0,0.2974926699926682,0.7025073300073318,0.0,0.2974926699926682,0.0,7,0,2021,3,21,1,0,1,0,1,0,1,GRAVE_LESIONADOS,1
6,1,14,1,4,1,-12.207550050863437,-76.88557225837546,0,2,7,0,2,1,1,0,6611.401118427175,2.2963480768805806,2,0,1.0,6,30,1574.214921159838,0.6010357004839598,77.62928928992142,66.007153645165,8.68368938651371,1123.880545607457,19646.204051714783,7626.313,1683.4029999999998,1599.0829999999996,4343.827000000001,1814.875,5811.438000000001,23.797541485643197,5,2,0,0,3,42.25843076991071,31.70365192311942,61.25703269413503,1.0,0.0,0.0,0.29634807688058074,2,0,0.0,0.7036519231194193,0.0,0.29634807688058074,0.0,0.29634807688058074,0.7036519231194193,0.0,0.0,0.7036519231194193,8,1,2022,8,9,1,0,0,0,1,0,1,GRAVE_LESIONADOS,1
3,1,8,1,2,2,-13.102753251705765,-72.76732413464562,0,3,1,1,1,1,0,2,6543.555,2.0,4,4,1.0,14,33,1198.0,0.660791186712515,75.91051994781989,80.9286461089287,11.046604394302289,1190.925674986153,127946.39814659939,16265.756402304352,2023.0255172344669,2380.7861428194037,11861.94474225048,2524.6474649321513,13741.108937372199,15.302568014539439,6,1,0,0,4,43.26505711401977,34.92102226708036,51.60909196095917,1.0,0.7255682475599482,0.0,0.2744317524400518,1,0,0.0,0.2744317524400518,0.0,0.7255682475599482,0.0,0.7255682475599482,1.0,0.0,0.7255682475599482,0.0,16,1,2021,7,20,5,1,1,2,1,0,1,GRAVE_LESIONADOS,1
6,1,7,0,4,1,-13.114929133305928,-72.3398708191603,0,4,0,0,2,1,1,2,3447.8009999999995,1.0,2,3,0.0,9,12,1109.0,0.4706944943299555,76.79406176595778,61.64424635983724,7.141255198110581,653.4175319142125,3282.6252676659524,17779.13499998999,2097.3709999899997,2863.123,12818.640999999989,2878.713,14900.421999989989,16.19152450331032,6,1,0,0,5,33.39121770745225,33.39121770745225,33.39121770745225,1.0,0.7701739582074639,0.0,0.0,1,0,0.0,0.0,0.0,0.22982604179253607,0.0,1.0,0.0,0.0,0.22982604179253607,0.0,11,2,2023,7,26,0,0,0,2,1,0,1,GRAVE_LESIONADOS,1
3,2,5,0,4,1,-6.283920469079326,-78.83643957601409,0,4,0,0,2,1,1,5,9936.932,2.0,2,0,1.0,9,32,3830.0,0.27103332369826044,81.53904321695819,38.387409887387136,3.6279506885152526,269.3334456900356,4976.687459689105,15935.565011852366,1733.9250000199986,935.692,13265.948011832368,2000.1670000199988,13935.398011832369,12.551591352627522,5,2,0,0,3,44.497735411884776,31.99818832950782,57.00452917623045,1.0,0.0009058352460902253,0.0,1.0,2,0,0.0,1.0,0.0,0.0009058352460902253,0.0,0.0009058352460902253,1.0,0.0,0.9990941647539098,0.0,6,1,2022,9,6,4,0,0,2,1,0,1,GRAVE_LESIONADOS,1
3,1,11,0,4,1,-11.811125294219174,-75.50336316808573,1,4,1,1,2,1,1,2,7586.903,2.0,2,0,1.0,9,5,1198.0,0.524838564700319,71.94669108291272,68.60656155344552,8.7416651907833,825.1955384231512,786.9098989004075,12264.545,1826.4639999999995,1105.5389999999998,9332.542,1588.5359999999996,10676.009,12.952261987705208,5,2,0,0,3,37.711907866293416,22.980026076864704,52.44378965572213,1.0,0.0,0.0,1.0,2,0,0.0,0.0,0.0,1.0,0.7152368534826331,1.0,0.0,0.0,0.7152368534826331,0.0,15,2,2023,3,21,5,0,1,2,1,0,1,GRAVE_LESIONADOS,1
6,1,3,1,4,0,-16.459014848707334,-71.7525945265639,0,0,7,1,0,1,1,0,6560.060633000583,2.0,3,3,1.0,13,32,1269.5552229230823,0.6437909786140926,78.49037028498421,73.47097912764954,10.04305353228193,1167.4633516241565,4414.8372532729245,10322.272,1495.236,1749.739,7077.2970000000005,2886.595,7435.677000000001,27.964725207783708,4,1,0,0,2,39.486445768494626,38.801706793154125,40.0,0.17118474383512527,0.0,0.0,0.17118474383512527,1,0,0.0,0.0,0.0,0.17118474383512527,0.0,0.17118474383512527,0.8288152561648747,0.0,0.0,0.0,11,2,2023,8,17,4,0,0,0,1,0,1,GRAVE_LESIONADOS,1
3,1,14,2,2,4,-11.886815375389197,-77.057020009993,0,2,1,0,1,2,2,0,6543.555,2.0,4,4,1.0,14,33,1198.0,0.670131246555736,79.29341218343164,73.58093752451737,9.705828855687662,1316.7908838945157,383806.75569855195,7626.313,1683.4029999999998,1599.0829999999996,4343.827000000001,1814.875,5811.438000000001,23.797541485643197,5,1,0,0,3,30.28361796480876,27.62689437184701,32.835859162462675,0.8955176046921653,0.0,0.0,0.0,1,0,0.0,0.0,0.8955176046921653,1.0,0.8955176046921653,0.8955176046921653,0.10448239530783465,0.8955176046921653,0.8955176046921653,0.8955176046921653,2,0,2023,8,25,5,0,0,0,1,0,1,GRAVE_LESIONADOS,1
6,1,5,0,4,1,-5.901774716686703,-78.8619435412266,0,4,0,0,1,1,1,2,516.6539172920025,1.2375161205940601,1,2,0.23751612059406013,9,32,85.9110007847524,0.32908909123428637,74.55393057097484,47.33272186612157,5.021804350838812,361.68057194674833,7384.878747695351,15935.565011852366,1733.9250000199986,935.692,13265.948011832368,2000.1670000199988,13935.398011832369,12.551591352627522,8,1,0,0,7,35.28745163821782,35.28745163821782,35.28745163821782,1.0,0.0,0.0,1.0,1,0,0.0,0.0,0.23751612059406013,0.7624838794059399,0.0,0.0,1.0,0.0,0.0,0.0,19,1,2024,8,17,5,1,0,2,1,0,1,GRAVE_LESIONADOS,1
6,1,5,0,4,2,-6.931516724611169,-78.17633592891653,0,4,2,0,2,2,2,0,6543.555,2.0,4,4,1.0,14,33,1198.0,0.21844600125634214,74.99116428454766,35.86605089525247,3.2566767481547343,206.5846724395652,8649.444861312697,15935.565011852366,1733.9250000199986,935.692,13265.948011832368,2000.1670000199988,13935.398011832369,12.551591352627522,5,1,0,0,4,24.720596866063776,24.720596866063776,24.720596866063776,1.0,0.620099477677296,0.0,1.0,1,0,0.0,0.620099477677296,0.379900522322704,0.0,0.620099477677296,0.0,0.379900522322704,0.620099477677296,0.620099477677296,0.620099477677296,8,1,2024,5,6,3,0,0,2,1,0,1,GRAVE_LESIONADOS,1
4,1,7,0,4,2,-14.279453383798648,-71.3805995349344,1,4,0,0,1,2,2,2,6543.555,2.0,4,4,1.0,14,33,1198.0,0.33698358676069723,72.3550139903803,57.36605344290836,5.187097349392567,360.50445922979844,11209.280764348883,17779.13499998999,2097.3709999899997,2863.123,12818.640999999989,2878.713,14900.421999989989,16.19152450331032,7,1,0,0,5,51.057138029647774,46.06012159117917,56.05415446811638,1.0,0.4759063274732007,0.0,0.5240936725267993,1,0,0.0,0.0,0.0,1.0,0.4759063274732007,0.0,0.5240936725267993,1.0,0.4759063274732007,0.4759063274732007,6,0,2022,5,7,2,0,0,2,1,0,1,GRAVE_LESIONADOS,1
6,1,1,0,4,1,-9.943581667018394,-77.10402303816419,0,4,7,0,2,2,2,0,9936.932,2.0,2,0,1.0,9,32,3830.0,0.4363193552836532,71.45877707876994,44.76834581265847,6.256830139556353,744.078292360624,2051.5310434133353,10767.648,1885.0630000000003,1222.721,7659.864000000001,2100.343,8667.305000000002,19.506051832303577,11,1,0,0,10,40.465159511448434,40.465159511448434,40.465159511448434,1.0,0.0,0.0,1.0,1,0,0.0,0.0,1.0,0.0,0.0,0.9554299592873692,0.04457004071263082,0.0,0.9554299592873692,0.0,12,2,2021,10,29,5,0,0,0,1,0,1,GRAVE_LESIONADOS,1
3,2,4,1,4,1,-12.679244493525038,-73.68523898860431,0,4,0,1,6,0,1,5,3398.1877565163986,1.0294266673726395,2,2,0.029426667372639548,8,12,1088.430759506525,0.41259129921060367,73.63914310898406,58.298029201492156,6.3751586978131884,529.3808614023696,10512.855555615051,12707.087948146931,1811.4214792856162,1791.1039094895223,9104.562559371794,2509.7602024383577,10197.327745708573,19.740711402085886,6,2,0,0,4,38.691019992587286,29.94114666525472,47.44089331991985,1.0,1.0,0.0,1.0,2,0,0.0,0.9705733326273605,0.0,1.0,0.9705733326273605,0.0,1.0,0.9705733326273605,1.0,0.0,1,0,2021,3,14,0,0,0,2,1,0,1,GRAVE_LESIONADOS,1
3,2,12,0,4,1,-7.155956205582586,-79.45137878359115,0,4,7,1,2,2,2,0,6543.555,3.0,2,0,1.0,0,30,1475.0,0.5114727232493018,78.60606800160349,61.153108160372966,6.422343227671115,862.4189512831092,24701.19700214133,8931.828000000005,1335.5899999999997,1935.9830000000004,5660.255000000005,1219.309,7712.519000000005,13.651281686122925,6,2,0,0,4,28.394801985028394,24.41968473290221,32.36991923715458,1.0,1.0,0.0,0.0,2,0,0.0,0.0,1.0,1.0,1.0,0.0,0.2839369465804419,0.7160630534195581,0.0,0.2839369465804419,15,1,2022,1,17,4,0,1,0,1,1,1,GRAVE_LESIONADOS,1
7,1,6,0,4,0,-11.221165093723158,-74.49897883134463,2,4,4,0,5,1,1,2,6543.555,2.0,4,4,1.0,14,33,1198.0,0.48809980353001203,77.18559638900003,65.68540815476206,7.7405226860581795,704.6401244169986,29279.923110648688,17183.304120813853,1979.9074097338266,2240.1887394778496,12963.207971602176,2594.7721466920293,14588.531974121823,15.015119710832327,4,1,0,0,3,40.494299110513715,40.494299110513715,40.494299110513715,1.0,0.6768059346756639,0.0,0.0,1,0,0.0,0.0,0.32319406532433614,0.0,0.0,0.32319406532433614,0.0,0.6768059346756639,0.6768059346756639,0.0,12,2,2021,4,10,0,0,0,2,1,0,1,GRAVE_LESIONADOS,1
3,2,6,0,4,1,-15.107886545079406,-73.63829566338198,0,4,7,1,2,0,1,0,446.58807352737955,1.043908228143808,1,0,1.0,7,21,58.123285850094994,0.6330042109332711,76.76725688163687,72.96586586256167,9.42556447933035,1208.1783714880225,21423.799519112337,9463.077260946118,1555.2043068116213,1701.7253460064112,6206.147608128085,2545.0407754220937,6918.036485524024,26.636655184933176,5,2,0,0,3,59.928467827644916,52.08781645628762,67.76911919900222,1.0,0.0,0.0,0.31869725728539733,2,0,0.0,0.0,0.0,1.0,0.0,1.0,0.6813027427146027,0.0,0.0,0.0,15,1,2023,5,22,6,1,0,0,1,0,1,GRAVE_LESIONADOS,1
6,1,1,0,4,0,-12.166549884771815,-75.58846694603784,1,4,3,0,1,1,0,0,6543.555,2.0,4,4,1.0,14,33,1198.0,0.42900578716377574,80.75987978021512,59.22320205029804,5.90586397245456,743.0731872655707,2455.6178954646957,10567.877913532473,1710.2090036073419,1459.1109972830668,7398.557912642065,2453.01047652605,8114.867437006425,23.300126752416546,6,1,0,0,5,32.96311705568387,32.96311705568387,32.96311705568387,1.0,0.0,0.0,0.0,1,0,0.0,0.0,0.0,1.0,0.0,0.0,1.0,0.0,0.0,0.0,12,1,2022,2,19,5,1,1,0,1,0,1,GRAVE_LESIONADOS,1
4,1,8,0,4,1,-12.591225332873586,-74.94461548591087,0,4,2,1,1,2,2,0,7196.946283340165,2.0,2,1,1.0,10,15,1198.0,0.3518611122873374,71.89648404582036,52.46397808847403,5.2498967314445775,428.2529620643903,2941.030434626383,8511.426,1445.3929999999996,2008.516,5057.516999999999,1879.579,6631.846999999998,22.08300935706896,5,1,0,0,4,36.74751035447393,36.74751035447393,36.74751035447393,1.0,0.0,0.0,0.0,1,0,0.0,0.0,0.0,0.626244822763033,0.0,0.0,1.0,0.0,0.0,0.0,17,2,2023,7,25,4,0,1,2,1,0,1,GRAVE_LESIONADOS,1
3,1,14,2,4,1,-12.25769356754116,-76.91845251452472,1,2,7,1,2,2,2,0,6639.975,2.0,2,0,1.0,9,31,1616.0,0.6909236767275176,78.41626133969348,70.97436336767564,9.826485374940413,1476.8351947609171,95908.53319057816,7626.313,1683.4029999999998,1599.0829999999996,4343.827000000001,1814.875,5811.438000000001,23.797541485643197,6,2,0,0,3,37.03691719918416,25.512953598135226,48.56088080023309,1.0,0.0,0.0,0.0,2,0,0.0,0.8536269334110322,0.0,0.0,0.0,0.0,1.0,0.0,0.14637306658896776,0.0,3,0,2023,6,12,3,0,0,0,1,0,1,GRAVE_LESIONADOS,1
3,1,14,2,2,4,-12.213407541057647,-76.94080848400104,0,0,7,0,2,2,2,0,6543.555,2.0,4,4,1.0,14,33,1198.0,0.697303143209492,80.09575724944916,74.29266144072305,9.957326486807625,1428.223052615945,457932.8951060988,7626.313,1683.4029999999998,1599.0829999999996,4343.827000000001,1814.875,5811.438000000001,23.797541485643197,5,1,0,0,3,69.70996521458133,69.70996521458133,69.70996521458133,1.0,0.8110701862350477,0.0,0.0,1,0,0.0,0.0,0.18892981376495233,0.8110701862350477,1.0,0.0,0.8110701862350477,1.0,1.0,0.8110701862350477,16,1,2024,5,20,5,0,1,0,1,0,1,GRAVE_LESIONADOS,1
6,1,7,0,4,0,-12.893144241046068,-72.79229355114754,0,4,7,0,6,2,2,1,6543.555,2.0,4,4,1.0,14,33,1198.0,0.5592120973003711,77.05503740167892,77.08119316892294,9.135941731356876,827.7441132131262,30620.094778327053,17779.13499998999,2097.3709999899997,2863.123,12818.640999999989,2878.713,14900.421999989989,16.19152450331032,4,1,0,0,3,32.891518742503266,32.891518742503266,32.891518742503266,1.0,1.0,0.0,0.1405654171664491,1,0,0.0,0.1405654171664491,0.0,0.0,0.0,0.0,0.1405654171664491,0.8594345828335509,0.8594345828335509,0.0,14,3,2021,2,9,0,0,0,2,1,0,1,GRAVE_LESIONADOS,1
6,1,8,0,4,1,-12.800789024212168,-74.64462781672246,1,4,5,0,2,1,1,0,1093.5436298276336,1.2562549238890726,0,3,0.25625492388907256,9,29,143.93863249448668,0.27539409743533366,68.73123586343131,54.96720869589518,4.216332170924625,268.204718426144,5539.245464254658,8511.426,1445.3929999999996,2008.516,5057.516999999999,1879.579,6631.846999999998,22.08300935706896,6,1,0,0,5,46.28127461944536,46.28127461944536,46.28127461944536,1.0,0.0,0.0,0.0,1,0,0.0,0.7437450761109274,0.0,0.25625492388907256,0.7437450761109274,0.25625492388907256,0.0,0.0,0.7437450761109274,0.0,11,2,2024,3,9,2,0,0,2,1,0,1,GRAVE_LESIONADOS,1
6,1,1,0,4,1,-9.945228336466087,-77.20140833835504,2,4,6,0,3,2,2,0,9936.932,2.0,2,0,1.0,9,32,3830.0,0.4465629295074649,71.33555674948289,54.22742805747409,6.869244457143315,698.1084817021706,2691.508186224676,10767.648,1885.0630000000003,1222.721,7659.864000000001,2100.343,8667.305000000002,19.506051832303577,8,1,0,0,7,33.01590504252127,33.01590504252127,33.01590504252127,1.0,0.0,0.0,0.6198050020248225,1,0,0.0,0.0,0.6198050020248225,0.38019499797517753,0.0,0.6198050020248225,0.38019499797517753,0.0,0.6198050020248225,0.0,14,3,2021,6,27,5,0,1,0,1,0,1,GRAVE_LESIONADOS,1
5,1,8,0,4,1,-12.664291641297496,-75.10856160269589,0,4,0,1,2,2,2,0,1005.1889059508269,1.1287281490498828,1,0,0.0,9,30,207.47394791508412,0.24682342801883533,64.4746812837148,52.59716710372573,5.000412920495727,283.4654077256059,26700.460713833727,8397.48704181001,1476.0315867553622,1955.8104477500592,4965.645007304588,1871.2497738438763,6526.237267966133,22.30371790446688,5,1,0,0,4,50.00471368972681,48.009427379453626,52.0,1.0,0.0,0.0,0.12872814904988295,1,0,0.0,0.12872814904988295,0.0,0.871271850950117,0.0,1.0,0.12872814904988295,0.0,0.0,0.0,16,3,2023,5,5,0,0,0,1,1,0,1,GRAVE_LESIONADOS,1
7,1,7,0,4,1,-13.949042353415559,-71.48680095820843,5,4,2,0,2,1,0,2,7586.903,2.0,2,0,1.0,9,5,1198.0,0.30171135232131546,65.77933709254691,63.28110824430885,5.425914371079971,283.3653985044308,4399.369757779313,17779.13499998999,2097.3709999899997,2863.123,12818.640999999989,2878.713,14900.421999989989,16.19152450331032,22,1,0,0,21,39.505278255900265,36.64203480579876,42.36852170600177,1.0,0.6631478293998225,0.0,1.0,1,0,0.0,0.33685217060017747,1.0,0.0,0.0,0.0,1.0,0.0,0.0,0.0,9,1,2022,2,22,2,0,0,2,1,0,1,GRAVE_LESIONADOS,1
4,1,12,0,4,1,-7.8537584869360115,-78.07100322472097,0,4,7,1,2,2,2,2,9936.932,2.0,2,0,1.0,9,32,3830.0,0.3986882084754764,72.97869269132666,58.65435142755623,5.605762371496486,527.7120199980477,69564.29978586723,8931.828000000005,1335.5899999999997,1935.9830000000004,5660.255000000005,1219.309,7712.519000000005,13.651281686122925,6,1,0,1,3,34.34171187934169,32.97486436197494,35.708559396708445,1.0,0.0,0.0,0.0,1,0,0.0,1.0,0.0,0.0,0.0,0.0,1.0,0.0,1.0,0.0,12,1,2021,7,21,1,0,0,0,1,0,1,GRAVE_LESIONADOS,1
3,1,14,2,2,4,-12.226466881687502,-76.93886148650024,0,0,5,1,2,2,2,0,6543.555,2.0,4,4,1.0,14,33,1198.0,0.6990481232857558,80.14597904142546,74.3851677794309,10.004397644056358,1432.5044292531525,459161.0728051392,7626.313,1683.4029999999998,1599.0829999999996,4343.827000000001,1814.875,5811.438000000001,23.797541485643197,7,2,0,0,5,60.76647955760794,57.60347501485414,63.92948410036173,1.0,1.0,0.0,0.0,2,0,0.0,0.31630045427537923,0.31630045427537923,0.6836995457246208,0.6836995457246208,0.0,1.0,1.0,0.6836995457246208,1.0,16,1,2023,4,23,6,1,1,0,1,0,1,GRAVE_LESIONADOS,1
3,1,11,0,4,1,-11.083828905206051,-75.46376507116965,5,4,5,1,5,2,2,0,600.2382484187355,2.0,2,0,0.01968321538141371,8,8,176.46470920024973,0.5490565465149885,74.68795428394733,62.69964751054716,8.60185532270909,935.8067887122992,25852.675555700724,12198.946413483702,1816.8020213328634,1121.8848081142025,9260.259584036634,1581.2684254343665,10617.677988049334,12.966020942985015,25,1,0,0,23,34.1377825076699,34.1377825076699,34.1377825076699,1.0,0.0,0.0,0.0,1,0,0.0,0.9803167846185863,0.9803167846185863,0.01968321538141371,0.0,0.0,1.0,0.01968321538141371,1.0,0.01968321538141371,15,2,2021,2,25,5,1,0,1,1,0,1,GRAVE_LESIONADOS,1
3,1,5,0,4,1,-14.570279557823385,-73.55254386628962,0,4,5,1,1,1,0,0,1863.930163656369,1.7356426600113652,1,0,0.7356426600113652,9,32,364.9781219612047,0.5144009708068706,76.53367264052635,65.58456683177967,8.275644245142557,903.5521178755741,20813.591047727554,9954.697922756844,1453.0324081001745,1798.9739684288434,6702.691546227827,2445.835708039709,7508.862214717135,24.18086135231991,6,1,0,0,4,43.22971743981816,37.34457615972723,49.11485871990908,1.0,1.0,0.0,0.7356426600113652,1,0,0.0,0.26435733998863475,0.0,0.7356426600113652,0.7356426600113652,0.7356426600113652,0.26435733998863475,0.7356426600113652,1.0,0.7356426600113652,17,1,2022,7,4,4,0,0,0,1,0,1,GRAVE_LESIONADOS,1
4,1,12,0,4,2,-7.493711350872869,-78.90793190383087,1,4,3,0,4,2,2,3,6543.555,2.4870160405162394,3,2,1.0,7,31,1332.9034432229982,0.34569456731684123,77.23513795674457,44.55395630020317,4.800571223599666,495.75614867566367,24462.42109370256,8931.828000000005,1335.5899999999997,1935.9830000000004,5660.255000000005,1219.309,7712.519000000005,13.651281686122925,5,1,0,0,3,33.25967918967521,33.25967918967521,33.25967918967521,1.0,0.4870160405162395,0.0,0.0,1,0,0.0,0.0,0.4870160405162395,0.4870160405162395,0.4870160405162395,0.0,0.5129839594837605,0.4870160405162395,0.5129839594837605,0.0,14,1,2021,2,13,4,0,0,0,1,0,1,GRAVE_LESIONADOS,1
5,1,5,0,4,0,-13.778781489310612,-75.00640229340775,0,4,4,0,6,2,2,0,6738.471032995052,2.0,3,3,1.0,13,27,1198.0,0.47639352082168895,67.99605636934007,66.03924068002394,7.462450691834516,761.1953325373561,790.8002514915455,12601.35528721946,1809.070033869586,1649.1471995489255,9143.138053800947,2317.8294637884496,10283.52582343101,18.36028590449755,4,1,0,0,3,34.56045355814662,30.82409650383584,38.29681061245739,1.0,0.0,0.0,0.18681785271553875,1,0,0.0,0.8131821472844613,0.0,0.18681785271553875,0.18681785271553875,0.18681785271553875,0.8131821472844613,0.0,1.0,0.0,16,3,2023,6,9,6,1,0,2,1,0,1,GRAVE_LESIONADOS,1
3,2,1,1,4,1,-9.626810327376411,-77.36106238186923,4,4,7,1,2,1,1,0,6543.555,2.0,4,4,1.0,14,33,1198.0,0.4520998242034452,76.51210671921527,65.95071989389034,6.17735569830327,628.6008422454895,15766.926530744302,10747.444698900032,1867.3795319687258,1246.627773914855,7633.437393016454,2136.00923683461,8611.435462065425,19.889757117525726,5,2,0,0,3,47.91130364815524,39.1381153881229,56.68449190818758,1.0,0.0,0.0,0.04536234799353167,2,0,0.0,1.0,0.0,1.0,0.0,1.0,1.0,0.0,0.0,0.0,13,2,2022,5,8,3,0,0,0,1,0,1,GRAVE_LESIONADOS,1
5,1,8,0,4,1,-12.906642149816856,-74.80331080318109,0,4,0,0,2,1,1,0,943.58,1.0,1,0,0.0,9,32,135.0,0.20382086466442384,63.50126343067795,50.8047755414129,4.647211209333333,145.51858805100903,26830.2344487904,8511.426,1445.3929999999996,2008.516,5057.516999999999,1879.579,6631.846999999998,22.08300935706896,5,1,0,0,4,50.367348088880505,50.367348088880505,50.367348088880505,1.0,0.0,0.0,0.07421145050543165,1,0,0.0,0.07421145050543165,0.0,0.9257885494945683,0.07421145050543165,0.9257885494945683,0.07421145050543165,0.0,0.0,0.0,15,2,2023,6,5,0,0,0,2,1,0,1,GRAVE_LESIONADOS,1
6,1,1,0,4,1,-9.669552612509472,-77.29077124697463,0,4,6,0,2,1,0,1,9558.71930299594,2.0,2,0,0.9092650434553408,9,32,3515.603375572756,0.5892323428098845,74.67444921701293,72.16876774103538,9.964769636283489,987.5475915437268,64032.98048391462,10903.46888424683,1879.7460222814398,1212.0884963221838,7811.634365643209,2053.904214095747,8849.564670151085,18.911393995551116,4,1,0,0,3,35.90926504345534,34.54824069528545,37.27028939162523,1.0,0.09073495654465924,0.0,0.0,1,0,0.0,0.09073495654465924,0.0,1.0,0.09073495654465924,0.9092650434553408,0.09073495654465924,0.0,0.09073495654465924,0.09073495654465924,1,0,2022,10,10,2,0,0,0,1,0,1,GRAVE_LESIONADOS,1