CLASE SINIESTRO,CANTIDAD DE VEHICULOS DAÑADOS,DEPARTAMENTO,ZONA,TIPO DE VÍA,RED VIAL,COORDENADAS LATITUD,COORDENADAS  LONGITUD,CONDICIÓN CLIMÁTICA,ZONIFICACIÓN,CARACTERÍSTICAS DE VÍA,PERFIL LONGITUDINAL VÍA,SUPERFICIE DE CALZADA,¿EXISTE SEÑAL VERTICAL?,¿EXISTE SEÑAL HORIZONTAL?,CAUSA FACTOR PRINCIPAL,MTC_RVN_LONGITUD_KM,MTC_RVN_N_CARRILES_MEDIANA,MTC_RVN_SUPERFICIE_DOMINANTE,MTC_RVN_ESTADO_DOMINANTE,MTC_RVN_ES_CONCESIONADA,MTC_RVN_CONCESION_PRINCIPAL,MTC_RVN_CORREDOR_LOGISTICO,MTC_RVN_N_TRAMOS,IDH_2019,IDH_ESP_VIDA_2019,IDH_EDUC_SECUND_PCT_2019,IDH_ANIOS_EDUC_2019,IDH_INGRESO_PERCAP_2019,IDH_POBLACION_2019,MTC_DEP_RED_TOTAL_KM,MTC_DEP_NACIONAL_TOTAL_KM,MTC_DEP_DEPARTAMENTAL_TOTAL_KM,MTC_DEP_VECINAL_TOTAL_KM,MTC_DEP_PAV_TOTAL_KM,MTC_DEP_NO_PAV_TOTAL_KM,MTC_DEP_PCT_PAVIMENTADA,PER_TOTAL_PERSONAS,PER_N_CONDUCTORES,PER_N_CONDUCTORES_FUGADOS,PER_N_PEATONES,PER_N_PASAJEROS_OCUPANTES,PER_EDAD_COND_PROM,PER_EDAD_COND_MIN,PER_EDAD_COND_MAX,PER_ANY_COND_MASCULINO,PER_ANY_LIC_PROBLEMA,PER_ANY_DOSAJE_POS,PER_ANY_DOSAJE_EVALUADO,VEH_TOTAL,VEH_N_FUGADOS,VEH_ANY_FUGADO,VEH_ANY_CARGA,VEH_ANY_PUBLICO,VEH_ANY_PARTICULAR,VEH_ANY_MOTO,VEH_ANY_AUTO,VEH_ANY_CAMION_BUS,VEH_ANY_SOAT_PROBLEMA,VEH_ANY_CITV_PROBLEMA,VEH_ANY_SEGURO_PROBLEMA,HORA_NUM,FRANJA_HORARIA,ANIO,MES,DIA_MES,DIA_SEMANA,ES_FIN_SEMANA,ES_QUINCENA,REGION_NATURAL,TIENE_SEÑALIZACION,ES_VIA_MULTICARRIL,ES_DEPTO_BAJO_PAVIMENTO,CATEGORIA_SEVERIDAD,CATEGORIA_SEVERIDAD_ENC
3,1,11,0,4,1,-11.800558008761158,-75.58591662132851,0,4,3,1,2,2,2,2,7586.903,2.0,2,0,1.0,9,5,1198.0,0.49821189521797066,70.83697167189968,60.78061235616257,8.037906805416082,808.8457511497614,1088.0854131384176,12264.545,1826.4639999999995,1105.5389999999998,9332.542,1588.5359999999996,10676.009,12.952261987705208,5,2,0,0,3,37.25608497796694,26.219059206809966,48.29311074912392,1.0,0.0,0.0,0.48783004406611286,2,0,0.0,0.0,0.5121699559338871,1.0,0.48783004406611286,1.0,0.5121699559338871,0.0,0.48783004406611286,0.0,14,3,2022,4,23,3,0,1,2,1,0,1,GRAVE_LESIONADOS,1
6,1,12,0,4,1,-8.433173568286897,-78.79235411629027,0,4,7,1,2,2,2,2,6543.555,2.360142114138938,3,2,1.0,8,31,1297.7593656164859,0.5051395598219868,77.13285387085847,51.52067479184955,6.715328807318118,900.900383457586,67612.41755888652,8931.828000000005,1335.5899999999997,1935.9830000000004,5660.255000000005,1219.309,7712.519000000005,13.651281686122925,5,1,0,0,4,25.83914731516637,25.83914731516637,25.83914731516637,1.0,0.639857885861062,0.0,0.0,1,0,0.0,0.36014211413893804,0.0,0.639857885861062,0.0,0.639857885861062,0.36014211413893804,0.0,0.639857885861062,0.0,11,1,2023,5,23,5,1,0,0,1,0,1,GRAVE_LESIONADOS,1
4,1,16,0,4,1,-15.836876293278436,-73.00431106145882,0,4,0,0,2,1,1,1,6595.136293989469,2.0,2,1,1.0,11,31,1421.6152342625787,0.6481827882691127,78.75850908636717,71.55584939675981,10.898635034438717,1158.8160866028488,70075.48915303443,3148.5732138655053,662.0689298785416,607.109921294772,1879.3943626921916,1084.6066731411133,2063.9665407243915,35.35152358598348,5,1,0,0,3,30.74475272688529,25.930070649461346,35.559434804309234,1.0,0.5349646752693272,0.0,1.0,1,0,0.0,0.0,0.0,1.0,0.0,1.0,0.5349646752693272,0.0,0.0,0.0,5,0,2022,5,10,1,0,0,0,1,0,1,GRAVE_LESIONADOS,1
5,1,9,0,4,1,-10.681630171857742,-76.65016121118128,0,4,7,1,2,1,1,0,887.7856037984684,2.0,2,0,1.0,7,27,143.72466353281612,0.5984127387624762,79.57944392244214,65.87344799865018,8.485201921672273,1079.1188982005237,34828.1735411842,9363.010241568962,1385.096862655035,1878.2279912410938,6099.685387672832,1736.3410522196798,7626.669189349281,18.089937728538416,6,1,0,0,4,27.033679988955463,24.759584013253445,29.10103996686639,1.0,0.0,0.0,0.31010399668663924,1,0,0.0,0.31010399668663924,0.31010399668663924,0.6898960033133608,0.0,0.0,1.0,0.0,0.6898960033133608,0.0,12,1,2023,7,4,4,0,0,0,1,0,1,GRAVE_LESIONADOS,1
5,1,14,2,2,4,-11.95284054383973,-77.10272871683652,0,3,6,1,2,2,2,0,6543.555,2.0,4,4,1.0,14,33,1198.0,0.735601252549801,80.23764882247069,78.69177784236182,10.866691910616154,1539.695113854156,733094.7706252642,7626.313,1683.4029999999998,1599.0829999999996,4343.827000000001,1814.875,5811.438000000001,23.797541485643197,4,1,0,0,3,47.72397554558305,47.02796220681017,48.41998888435593,1.0,0.11600222312881325,0.0,0.0,1,0,0.0,0.11600222312881325,1.0,0.0,0.8839977768711867,0.0,0.11600222312881325,0.11600222312881325,1.0,0.11600222312881325,12,1,2023,11,20,5,1,0,0,1,0,1,GRAVE_LESIONADOS,1
6,1,4,0,4,0,-12.462477810440012,-74.40137776337771,0,4,1,1,2,1,0,1,7370.944254737432,2.0,2,0,1.0,10,10,1198.0,0.44515198787100946,77.73387256152546,67.1070419480115,6.5739056604848525,556.7933866720348,26996.07728986857,8477.54455257774,1293.4500451551232,1430.1306648755342,5753.963842547083,1388.5175045836525,7089.027047994087,16.41745969588867,6,1,0,0,5,20.967671272002868,20.967671272002868,20.967671272002868,1.0,1.0,0.0,0.0,1,0,0.0,0.20698630300011955,0.0,0.0,0.7930136969998804,0.0,0.20698630300011955,0.0,0.7930136969998804,0.0,5,0,2021,9,19,1,0,1,1,1,0,1,GRAVE_LESIONADOS,1
3,2,10,0,4,1,-14.817693244255722,-74.99907838188788,0,4,6,1,2,1,1,0,6639.975,2.0,2,0,1.0,9,31,1616.0,0.5563774842369664,77.00938809632027,69.10246351364754,8.476961866273152,914.8835608305218,27932.19700214133,3721.461,698.1859999999996,744.866,2278.409,1102.9029999999996,2618.558,29.636290693359403,6,2,0,0,3,45.918193158461705,29.75457947538511,62.081806841538295,1.0,0.08180684153829698,0.0,0.08180684153829698,2,0,0.0,0.918193158461703,0.0,1.0,0.0,1.0,0.918193158461703,0.08180684153829698,0.08180684153829698,0.0,4,0,2022,9,28,5,0,1,0,1,0,1,GRAVE_LESIONADOS,1
3,1,2,0,4,1,-14.651005961305913,-74.6717567158599,0,4,5,0,2,1,1,0,6622.154677966537,2.0,2,0,1.0,9,31,1538.7453369634136,0.6382974774314177,83.21463583936901,60.782604731976534,9.173497045927176,1216.067856790751,5418.253798202841,10404.58628900618,1567.2837357118742,1652.335655492307,7184.966897801998,2741.280087746789,7663.30620125939,26.401395156684995,6,1,0,0,4,39.41252324757845,39.41252324757845,39.41252324757845,1.0,0.0,0.0,0.0,1,0,0.8151802319698891,0.0,0.0,1.0,0.0,0.8151802319698891,0.1848197680301109,0.0,0.1848197680301109,0.0,4,0,2021,2,29,5,0,1,0,1,0,1,GRAVE_LESIONADOS,1
3,1,3,0,4,1,-16.015528458050465,-71.2802193548298,1,4,0,1,2,2,2,1,1504.4250000000002,2.0,2,0,1.0,7,25,241.0,0.46813253872384875,81.83315306203477,70.49155760616813,6.032189339004658,617.5389740941256,1743.5585519390327,10322.272,1495.236,1749.739,7077.2970000000005,2886.595,7435.677000000001,27.964725207783708,5,2,0,0,3,34.98942800758912,31.851992106247643,38.126863908930595,1.0,0.0,0.0,0.021143984821765383,2,0,0.0,0.0,0.021143984821765383,1.0,0.0,0.9788560151782346,1.0,0.0,0.0,0.0,13,2,2021,4,8,3,0,0,0,1,0,1,GRAVE_LESIONADOS,1
5,1,14,2,4,1,-12.009558212226969,-76.86961011694167,0,0,0,1,2,2,2,0,875.67,2.0,2,0,1.0,3,14,156.0,0.6868549636939637,79.62363164345142,76.30894566128948,9.209137883551294,1425.4498631666322,684921.8484148846,7626.313,1683.4029999999998,1599.0829999999996,4343.827000000001,1814.875,5811.438000000001,23.797541485643197,6,2,0,0,4,50.407553198450614,49.168056745013985,51.647049651887244,1.0,0.11974822671831287,0.0,0.0,2,0,0.0,0.11974822671831287,0.11974822671831287,0.8802517732816871,0.0,0.8802517732816871,0.11974822671831287,0.0,0.0,0.0,8,1,2023,7,26,5,0,1,0,1,0,1,GRAVE_LESIONADOS,1
5,1,5,1,4,2,-7.42609185717771,-77.5538248043686,0,4,1,0,5,1,1,0,7493.487896017934,2.0,3,2,1.0,12,32,1934.7950517490983,0.30355869041495215,73.64174975579054,38.031232706552785,5.139637090671826,355.10149408357717,2361.762035146494,3840.2948034924434,989.8084889477196,676.2291403215249,2174.2571742231994,844.8534646323785,2995.4413388600656,21.903327777140916,5,1,0,0,3,30.35924795630288,27.0,33.71849591260576,1.0,0.0,0.0,0.27993732969190666,1,0,0.0,0.0,0.7200626703080933,0.27993732969190666,0.0,0.27993732969190666,0.7200626703080933,0.0,0.0,0.0,11,1,2023,9,11,5,0,0,1,1,0,1,GRAVE_LESIONADOS,1
3,2,20,0,4,0,-6.899841276014705,-76.70671470245632,2,4,2,1,2,2,2,2,7629.620984044913,2.0,2,0,1.0,9,21,2033.9312228933154,0.526257565214675,75.3814687976786,51.97836266772897,7.764053360965286,968.6847670190658,9085.846027094243,5413.575183332708,783.2877432140268,936.0997295109208,3694.18771060776,980.5542637318666,4433.020919600841,18.203823002539806,7,2,0,0,5,32.12915431029583,26.894044088655953,37.36426453193572,1.0,0.8940440886559523,0.0,0.10595591134404769,2,0,0.0,0.0,1.0,1.0,0.0,1.0,0.10595591134404769,0.0,0.0,0.0,9,1,2021,1,22,5,0,0,0,1,0,1,GRAVE_LESIONADOS,1
3,2,18,1,4,0,-5.219063170548077,-80.65898231051156,0,4,7,1,2,0,0,2,6543.555,2.0,4,4,1.0,14,33,1198.0,0.5258696748018231,80.77398288876927,64.47532854483019,6.790249196246585,847.7384671628896,9426.710499382853,8962.027783266258,1732.2602197838391,782.7956933831376,6446.971870099282,2102.8031341715237,6859.2246490947355,23.459296196782194,4,2,0,0,2,22.224482143983177,20.448964287966355,24.0,1.0,0.11224107199158861,0.8877589280084114,0.8877589280084114,2,0,0.0,0.0,0.0,1.0,0.8877589280084114,0.11224107199158861,0.0,0.8877589280084114,1.0,0.0,20,2,2021,1,4,5,1,0,0,0,0,1,GRAVE_LESIONADOS,1
6,1,5,0,4,3,-6.9326276631345785,-78.23411414479139,0,4,7,0,1,2,2,2,6543.555,2.0,4,4,1.0,14,33,1198.0,0.27524825363462235,78.1613712070375,31.655186913913262,3.622293312394337,331.4003335641263,8051.641974985572,15935.565011852366,1733.9250000199986,935.692,13265.948011832368,2000.1670000199988,13935.398011832369,12.551591352627522,4,1,0,0,3,30.319146194504835,30.319146194504835,30.319146194504835,1.0,0.0,0.0,1.0,1,0,0.0,0.2912233185782761,0.7087766814217239,0.0,0.0,0.0,1.0,0.0,0.0,0.0,10,1,2024,6,9,1,0,0,2,1,0,1,GRAVE_LESIONADOS,1
4,2,3,0,4,1,-16.049143683971508,-71.33273373310887,0,4,2,0,2,0,1,0,1504.4250000000002,2.0,2,0,1.0,7,25,241.0,0.4685280505645348,81.83746865987648,70.74305753660312,6.037751599761188,617.4715908037651,1751.8736616702354,10322.272,1495.236,1749.739,7077.2970000000005,2886.595,7435.677000000001,27.964725207783708,4,2,0,0,2,38.62198951808504,33.157448828046384,44.08653020812368,1.0,0.38581627601546076,0.0,0.38581627601546076,2,0,0.0,0.6141837239845392,0.0,1.0,0.0,1.0,0.6141837239845392,0.0,0.38581627601546076,0.0,6,0,2024,8,8,2,0,0,0,1,0,1,GRAVE_LESIONADOS,1
6,1,9,0,4,1,-10.125467098566896,-76.31786060275459,1,4,0,0,1,1,1,0,6543.555,2.1956796739028275,3,3,1.0,11,32,1252.2032696710833,0.36764601888733334,76.74794527720361,48.65060640967491,4.439577147139143,552.9295792454647,19594.2389829572,8095.025844111171,1401.9512098904465,949.9112388850155,5743.163395335709,1207.6002846714168,6887.425559439754,15.041153890155956,5,1,0,0,4,40.412960978291515,40.412960978291515,40.412960978291515,1.0,0.0,0.0,0.19567967390282748,1,0,0.0,0.0,0.19567967390282748,0.8043203260971725,0.0,0.8043203260971725,0.19567967390282748,0.0,0.8043203260971725,0.0,15,1,2021,7,27,2,0,1,1,1,0,1,GRAVE_LESIONADOS,1
6,1,10,0,4,1,-8.06764366794312,-78.07175018111249,0,4,7,0,1,1,1,2,9936.932,2.0,2,0,1.0,9,32,3830.0,0.4192805483613504,73.11398309398146,60.20501045354399,6.075171827398264,577.8142668886721,69032.3114191339,9116.786301437109,1390.9492360719184,1864.1220724582852,5861.714992906905,1308.072905038804,7808.713396398304,14.241147981044126,5,1,0,0,4,45.89175337679721,45.89175337679721,45.89175337679721,1.0,0.0,0.0,0.0,1,0,0.0,0.0,0.0,1.0,0.0,0.10074969301843528,0.8992503069815647,0.0,0.0,0.0,15,2,2023,10,24,4,0,0,0,1,0,1,GRAVE_LESIONADOS,1
4,1,6,0,4,0,-12.329630357633448,-74.78222349251475,0,4,3,0,2,1,1,1,7194.346846074871,2.0,2,1,1.0,10,15,1198.0,0.32532898992245635,75.48341738011098,59.11956162235537,5.144265253208255,309.1650708356539,5329.598478068021,12522.896166765126,1813.1219151083426,1522.5150186839098,9187.259232972874,2147.942361484319,10374.953805280808,17.100500155640496,5,1,0,0,3,49.237533843692326,42.37624661563077,56.09882107175389,1.0,1.0,0.0,0.0,1,0,0.0,0.6237533843692328,0.6237533843692328,0.0,0.6237533843692328,0.3762466156307672,0.6237533843692328,0.0,0.6237533843692328,0.0,7,1,2022,4,26,2,0,1,2,1,0,1,GRAVE_LESIONADOS,1
3,2,13,0,3,1,-6.636838915622318,-79.81864113798947,0,3,7,1,2,1,1,0,1334.678927916586,2.0,2,0,1.0,1,20,168.8284086942356,0.45414700414637516,76.60578577210309,57.86978872802613,6.856681540824248,626.863086510695,18724.365617453434,3455.1345978606073,515.7130416981151,688.5884081331146,2250.8331480293773,705.412383218563,2749.722214642044,20.442562926148156,4,2,0,0,2,41.00563131274805,32.01126262549611,50.0,1.0,0.9943686872519463,0.0,0.0056313127480537295,2,0,0.0,0.0,0.9943686872519463,1.0,0.9943686872519463,0.0056313127480537295,0.0,0.9943686872519463,1.0,0.9943686872519463,18,2,2022,3,24,4,0,1,0,1,0,1,GRAVE_LESIONADOS,1
6,1,7,0,4,1,-13.085861606214944,-72.38284600426758,1,4,0,0,2,1,1,2,3447.8009999999995,1.0,2,3,0.0,9,12,1109.0,0.4706944943299555,76.79406176595778,61.64424635983724,7.141255198110581,653.4175319142125,3282.6252676659524,17779.13499998999,2097.3709999899997,2863.123,12818.640999999989,2878.713,14900.421999989989,16.19152450331032,5,1,0,0,4,35.0,35.0,35.0,1.0,0.1863167765185335,0.0,0.8136832234814665,1,0,0.0,0.0,0.0,0.0,0.0,1.0,0.0,0.0,0.0,0.0,15,3,2023,2,28,4,0,1,2,1,0,1,GRAVE_LESIONADOS,1
3,1,11,0,4,0,-10.969206876384085,-75.01268147406299,0,0,7,1,1,2,2,1,1589.4203217087752,1.099726203853368,1,2,0.09972620385336795,9,32,246.41059747300991,0.5047155100796308,72.26158932787567,58.3932490776144,8.129968763504618,828.0380781521758,43077.09523187006,11932.185785072415,1777.5109994096813,1188.3560276328062,8966.318758029927,1551.7143929298322,10380.471392142583,13.021972568647133,6,1,0,0,4,43.746577548167096,31.592881300187567,55.900273796146635,1.0,0.0,0.0,0.0,1,0,0.0,0.900273796146632,0.09972620385336795,0.900273796146632,0.0,0.900273796146632,1.0,0.0,0.0,0.0,8,1,2022,10,28,2,0,1,1,1,0,1,GRAVE_LESIONADOS,1
3,1,16,2,5,3,-13.537158374781342,-74.37266657923027,0,1,7,1,2,1,1,0,6543.555,2.0,4,4,1.0,14,33,1198.0,0.6472478652173903,74.66822433078094,74.97325772776584,10.159196893323855,1261.4659218820416,142346.52860336032,9812.073045023164,1805.9799582695703,1873.4053320867718,6132.687754666822,2359.562697310122,7452.510347713042,23.977353690649203,5,2,0,0,3,31.908311188922525,30.36332447556901,33.45329790227604,1.0,0.63667552443099,0.0,0.0,2,0,0.0,0.0,1.0,0.36332447556901004,0.63667552443099,0.36332447556901004,1.0,0.63667552443099,0.63667552443099,0.63667552443099,5,0,2022,10,7,2,0,0,0,1,0,1,GRAVE_LESIONADOS,1
6,1,8,0,4,2,-12.826261688434055,-74.6037404905749,0,4,3,0,1,1,1,0,6543.555,2.0,4,4,1.0,14,33,1198.0,0.32775278578942224,69.1669912763332,61.81062646712836,5.213622088967758,373.3466707476932,2894.8750686215876,8511.426,1445.3929999999996,2008.516,5057.516999999999,1879.579,6631.846999999998,22.08300935706896,6,1,0,0,5,31.5175629172387,31.5175629172387,31.5175629172387,1.0,0.0,0.0,0.0,1,0,0.0,0.0,0.0,0.4986490063662541,0.0,0.4986490063662541,0.5013509936337459,0.0,0.0,0.0,14,2,2023,8,12,4,0,0,2,1,0,1,GRAVE_LESIONADOS,1
6,1,8,0,4,0,-12.289984964999354,-74.94657343026881,0,4,6,1,1,2,2,0,7541.624640524416,2.0,2,0,1.0,9,6,1198.0,0.49654616074879987,76.02377352905101,73.72570529686848,8.15445026064261,656.492772949343,10054.540372887208,8529.670260668783,1440.627859600538,2005.3682724461614,5083.674128622084,1850.9251448999337,6678.745115768848,21.71709616560712,4,1,0,0,3,23.173588714314242,23.173588714314242,23.173588714314242,1.0,0.0,0.0,0.0,1,0,0.0,0.04339717857856085,0.0,0.9566028214214392,0.0,0.9566028214214392,0.04339717857856085,0.0,0.0,0.0,5,0,2022,10,5,0,0,0,1,1,0,1,GRAVE_LESIONADOS,1
4,1,7,1,2,2,-13.021602994524807,-76.38461256727689,0,3,7,1,2,2,2,0,6577.155246426218,2.0,3,2,1.0,12,32,1343.6637938825838,0.5563774842369664,77.00938809632027,69.10246351364754,8.476961866273152,914.8835608305218,27932.19700214133,1330.4566114230806,272.41700870448483,264.06424636399237,793.9753563546033,416.8079595812516,913.6486518418288,73.27210403591046,4,1,0,0,2,27.30304404840869,27.30304404840869,27.30304404840869,1.0,0.0,0.0,0.0,1,0,0.0,0.0,0.6515220242043447,1.0,0.0,0.6515220242043447,1.0,0.0,0.6515220242043447,0.0,4,0,2022,3,20,4,0,1,1,1,0,0,GRAVE_LESIONADOS,1
6,1,6,0,3,1,-7.855622311831265,-78.323476453606,1,3,2,0,2,2,2,1,9328.907813258947,2.0,2,0,1.0,9,32,3358.399096386151,0.6352682617056279,74.45449113522317,74.95209153827616,9.942598684631443,1209.714076550052,256202.86367154022,14446.715939988851,1724.8724844949948,1054.5581835293674,11667.28527196449,1966.9664397457402,12479.749500243113,14.566637038313875,7,1,0,0,5,23.00167939996554,19.53753902387597,29.39242112826871,1.0,0.8208203253746774,0.0,0.0,1,0,0.0,0.8208203253746774,0.0,0.17917967462532258,0.17917967462532258,0.17917967462532258,1.0,0.0,0.17917967462532258,0.17917967462532258,21,2,2021,4,19,4,0,0,1,1,0,1,GRAVE_LESIONADOS,1
4,1,14,1,4,1,-12.024389349302094,-76.9835277766044,0,1,7,1,2,1,0,4,4679.358011811272,2.0,2,1,0.6470701662588739,9,28,1407.4184682589944,0.7481516341554283,79.90776221860372,77.10950353438277,11.76657900437634,1582.7420358070403,358745.21566437144,7626.313,1683.4029999999998,1599.0829999999996,4343.827000000001,1814.875,5811.438000000001,23.797541485643197,6,1,0,0,5,30.47060524938831,26.764841995106487,34.17636850367013,1.0,0.3529298337411261,0.0,0.0,1,0,0.0,0.0,0.3529298337411261,0.6470701662588739,0.3529298337411261,0.6470701662588739,0.3529298337411261,0.3529298337411261,0.3529298337411261,0.3529298337411261,3,0,2023,1,23,3,0,1,0,1,0,1,GRAVE_LESIONADOS,1
3,2,21,0,4,1,-6.245198949967157,-76.79153403074454,0,2,7,1,2,0,1,1,3940.495683498062,2.0,2,0,1.0,4,20,1025.1152597627351,0.5396485444393212,72.98615869788972,61.18289074649079,7.691371713823747,1007.407906514884,47437.72228296733,5645.136,815.0759999999999,965.298,3864.762,1013.406,4631.73,17.95184385283189,5,2,0,0,3,28.32154867608094,24.96445919878358,31.6786381533783,1.0,1.0,0.53572763067566,0.53572763067566,2,0,0.0,0.0,1.0,0.46427236932434,1.0,0.0,0.53572763067566,0.46427236932434,1.0,0.46427236932434,10,1,2022,11,16,3,0,0,1,1,0,1,GRAVE_LESIONADOS,1
3,1,12,0,4,1,-13.351973627823227,-73.29542673709443,2,3,6,1,3,2,2,0,1655.1104053195322,0.48595294080172646,2,1,0.4953176469339088,7,25,287.92002346058376,0.6071977960041639,75.12132080000414,62.22651762470145,9.065848395892669,1208.9949634374138,9758.74666565876,2913.5632456155095,550.2073763902599,544.3391272270417,1819.0167419982074,801.2154229231417,2112.3478226923676,26.6580607793219,5,2,0,0,3,43.80384706026005,41.560870589859185,46.046823530660916,1.0,0.0,0.0,0.5046823530660912,2,0,0.0,0.0,0.0,1.0,0.4953176469339088,1.0,0.0,0.0,0.4953176469339088,0.0,14,3,2022,4,18,4,0,0,0,1,0,1,GRAVE_LESIONADOS,1
2,1,3,0,5,2,-15.854813759902214,-72.49863269533273,2,4,1,0,4,1,1,0,6543.555,2.0,4,4,1.0,14,33,1198.0,0.5382977315829924,80.50808635922515,63.493245817104054,8.63286045629763,799.0046752385191,7859.591479793473,10322.272,1495.236,1749.739,7077.2970000000005,2886.595,7435.677000000001,27.964725207783708,5,1,0,0,3,28.566150728200768,28.566150728200768,28.566150728200768,1.0,0.0,0.0,0.0,1,0,0.0,0.5723082119665389,0.0,0.4276917880334611,0.0,0.4276917880334611,0.5723082119665389,0.0,0.5723082119665389,0.0,10,1,2021,4,12,0,0,0,0,1,0,1,GRAVE_LESIONADOS,1
3,1,5,0,3,1,-5.204705070798367,-79.00554949008288,0,3,0,0,2,2,2,2,7704.907667961643,2.0,2,0,1.0,9,20,2091.8784293049403,0.440540540393703,75.4150390881976,56.61652946224826,6.4750671592221885,616.664379752186,37506.87505405823,15935.565011852366,1733.9250000199986,935.692,13265.948011832368,2000.1670000199988,13935.398011832369,12.551591352627522,4,1,0,0,2,40.659704342701495,29.187467816862693,52.1319408685403,1.0,0.956019710486567,0.0,1.0,1,0,0.0,0.0,0.043980289513433024,0.956019710486567,0.956019710486567,0.0,0.043980289513433024,0.0,0.0,0.956019710486567,17,2,2024,6,2,0,0,0,2,1,0,1,GRAVE_LESIONADOS,1
6,1,7,0,4,2,-13.69123662053703,-71.68949168489972,5,4,5,0,5,1,1,1,6543.555,2.0,4,4,1.0,14,33,1198.0,0.3223620054215999,64.75450470742709,60.30904567819717,5.638586455406725,355.18080383513484,3986.415969134358,17779.13499998999,2097.3709999899997,2863.123,12818.640999999989,2878.713,14900.421999989989,16.19152450331032,28,1,0,0,27,41.58311325316065,41.58311325316065,41.58311325316065,1.0,0.21473512512156323,0.0,0.0,1,0,0.0,0.21473512512156323,0.0,0.0,0.0,0.0,1.0,0.21473512512156323,0.21473512512156323,0.0,13,2,2023,8,15,6,1,1,2,1,0,1,GRAVE_LESIONADOS,1
3,1,13,2,3,2,-9.433647452516265,-78.43060997512056,0,2,3,1,2,2,2,0,6590.158232065854,2.0,3,2,1.0,11,32,1400.0343393852604,0.6283496569742328,79.63494820761386,72.14768553362303,9.715342884462974,1131.211801233181,96422.52894036904,5473.568328320796,1079.762961989748,1129.2517719896734,3264.553594341375,1240.5923418983368,4232.97598642246,22.005984037916463,5,2,0,0,3,33.69167509054644,26.64997833859487,40.73337184249801,1.0,0.0,0.0,0.5166642598438743,2,0,0.0,1.0,0.0,0.5166642598438743,0.5166642598438743,0.0,1.0,0.0,0.5166642598438743,0.5166642598438743,5,0,2022,6,17,3,0,0,0,1,0,1,GRAVE_LESIONADOS,1
5,1,3,0,4,1,-16.230201178405245,-71.66563762688756,0,4,7,0,2,1,1,0,1504.4250000000002,2.0,2,0,1.0,7,25,241.0,0.6031570070203803,78.18786898970939,75.01362046706646,8.8407919863267,1038.9189457226385,33781.64711472395,10322.272,1495.236,1749.739,7077.2970000000005,2886.595,7435.677000000001,27.964725207783708,6,1,0,0,4,23.199855263622197,21.263982631634665,24.95973947451996,0.26398263163466407,0.0,0.0,1.0,1,0,0.0,0.26398263163466407,0.26398263163466407,0.7360173683653359,0.0,0.0,1.0,0.0,0.0,0.0,11,1,2022,6,5,0,0,0,0,1,0,1,GRAVE_LESIONADOS,1
4,1,14,2,2,2,-12.041246173710448,-77.03188259911094,0,0,7,1,2,1,1,2,6586.284061685566,2.0,3,2,1.0,11,32,1383.2390353097528,0.7776489720500988,80.50400057342125,78.99774279500421,12.144191574402118,1689.5366531848563,362121.4441891649,7626.313,1683.4029999999998,1599.0829999999996,4343.827000000001,1814.875,5811.438000000001,23.797541485643197,10,1,0,6,2,30.443155586865437,30.443155586865437,30.443155586865437,1.0,0.0,0.0,0.0,1,0,0.0,0.0,0.5568444131345626,1.0,0.5568444131345626,1.0,0.0,0.0,0.5568444131345626,0.0,8,1,2023,4,18,3,0,1,0,1,0,1,GRAVE_LESIONADOS,1
5,1,4,0,4,1,-13.565579424958182,-74.15306972678319,0,4,6,0,1,1,1,2,6617.610916929148,2.0,3,3,1.0,13,31,1198.0,0.39790515827651524,75.52614919684133,58.9282327231268,6.011502160735931,477.42640498653896,6339.783447225929,12678.733000000004,1805.074000000001,1774.0339999999994,9099.625000000004,2485.375000000001,10193.358000000002,19.602707936195205,5,1,0,0,4,46.49685379998239,45.7160835428672,47.27762405709758,1.0,1.0,0.0,0.9290208857168011,1,0,0.0,1.0,0.07097911428319892,0.0,0.07097911428319892,0.0,1.0,0.9290208857168011,0.07097911428319892,0.0,12,2,2024,5,17,4,0,1,2,1,0,1,GRAVE_LESIONADOS,1
6,1,4,0,4,1,-14.27975082977163,-74.76699211387778,0,4,1,0,2,1,1,2,2027.362892360958,2.0,2,1,1.0,5,25,190.59367112825683,0.33202246848008354,71.97985038919032,47.81863668157192,5.026116055695605,412.32807546904985,3777.111124485157,12678.733000000004,1805.074000000001,1774.0339999999994,9099.625000000004,2485.375000000001,10193.358000000002,19.602707936195205,26,1,0,0,25,48.08641137666331,48.08641137666331,48.08641137666331,1.0,0.0,0.0,0.6220316443587158,1,0,0.0,0.0,0.6220316443587158,0.0,0.0,0.37796835564128417,0.6220316443587158,0.0,0.0,0.0,6,0,2023,8,18,3,0,0,2,1,0,1,GRAVE_LESIONADOS,1