CLASE SINIESTRO,CANTIDAD DE VEHICULOS DAÑADOS,DEPARTAMENTO,ZONA,TIPO DE VÍA,RED VIAL,COORDENADAS LATITUD,COORDENADAS  LONGITUD,CONDICIÓN CLIMÁTICA,ZONIFICACIÓN,CARACTERÍSTICAS DE VÍA,PERFIL LONGITUDINAL VÍA,SUPERFICIE DE CALZADA,¿EXISTE SEÑAL VERTICAL?,¿EXISTE SEÑAL HORIZONTAL?,CAUSA FACTOR PRINCIPAL,MTC_RVN_LONGITUD_KM,MTC_RVN_N_CARRILES_MEDIANA,MTC_RVN_SUPERFICIE_DOMINANTE,MTC_RVN_ESTADO_DOMINANTE,MTC_RVN_ES_CONCESIONADA,MTC_RVN_CONCESION_PRINCIPAL,MTC_RVN_CORREDOR_LOGISTICO,MTC_RVN_N_TRAMOS,IDH_2019,IDH_ESP_VIDA_2019,IDH_EDUC_SECUND_PCT_2019,IDH_ANIOS_EDUC_2019,IDH_INGRESO_PERCAP_2019,IDH_POBLACION_2019,MTC_DEP_RED_TOTAL_KM,MTC_DEP_NACIONAL_TOTAL_KM,MTC_DEP_DEPARTAMENTAL_TOTAL_KM,MTC_DEP_VECINAL_TOTAL_KM,MTC_DEP_PAV_TOTAL_KM,MTC_DEP_NO_PAV_TOTAL_KM,MTC_DEP_PCT_PAVIMENTADA,PER_TOTAL_PERSONAS,PER_N_CONDUCTORES,PER_N_CONDUCTORES_FUGADOS,PER_N_PEATONES,PER_N_PASAJEROS_OCUPANTES,PER_EDAD_COND_PROM,PER_EDAD_COND_MIN,PER_EDAD_COND_MAX,PER_ANY_COND_MASCULINO,PER_ANY_LIC_PROBLEMA,PER_ANY_DOSAJE_POS,PER_ANY_DOSAJE_EVALUADO,VEH_TOTAL,VEH_N_FUGADOS,VEH_ANY_FUGADO,VEH_ANY_CARGA,VEH_ANY_PUBLICO,VEH_ANY_PARTICULAR,VEH_ANY_MOTO,VEH_ANY_AUTO,VEH_ANY_CAMION_BUS,VEH_ANY_SOAT_PROBLEMA,VEH_ANY_CITV_PROBLEMA,VEH_ANY_SEGURO_PROBLEMA,HORA_NUM,FRANJA_HORARIA,ANIO,MES,DIA_MES,DIA_SEMANA,ES_FIN_SEMANA,ES_QUINCENA,REGION_NATURAL,TIENE_SEÑALIZACION,ES_VIA_MULTICARRIL,ES_DEPTO_BAJO_PAVIMENTO,CATEGORIA_SEVERIDAD,CATEGORIA_SEVERIDAD_ENC
4,1,7,0,4,2,-13.861751493985066,-71.62385543025495,0,4,7,1,2,1,1,2,7027.330224601834,2.0,3,2,1.0,11,20,1198.0,0.2679606928911119,69.34981648352156,54.33567246789268,5.176149397334741,218.3328646823164,5332.763524383253,17779.13499998999,2097.3709999899997,2863.123,12818.640999999989,2878.713,14900.421999989989,16.19152450331032,5,1,0,0,4,41.11751130185597,35.08972582680466,47.14529677690729,1.0,0.0,0.0,0.463675805773178,1,0,0.0,0.463675805773178,0.0,1.0,0.0,0.463675805773178,1.0,0.536324194226822,0.536324194226822,0.536324194226822,16,2,2023,3,8,2,0,0,2,1,0,1,GRAVE_LESIONADOS,1
6,1,12,0,4,1,-8.409463441327476,-78.67271054885131,0,4,7,1,1,2,2,2,6843.9445884364095,2.9114776847852717,2,0,1.0,0,30,1683.4700523306853,0.4957162397430572,76.76511790547117,52.15216436363552,6.6171074175346325,867.8648855129521,67785.20269264533,8931.828000000005,1335.5899999999997,1935.9830000000004,5660.255000000005,1219.309,7712.519000000005,13.651281686122925,4,1,0,0,3,24.21305788036821,24.21305788036821,24.21305788036821,1.0,0.0,0.0,0.0,1,0,0.0,0.9114776847852716,0.0,0.08852231521472842,0.0,0.0,1.0,0.0,0.0,0.0,21,2,2023,3,12,5,1,0,0,1,0,1,GRAVE_LESIONADOS,1
4,1,6,0,4,1,-9.767644817679832,-75.43474450782904,0,4,4,0,3,2,2,1,7018.534668906729,2.0,3,2,1.0,12,27,1563.585831166447,0.43342701221761026,75.91768123693753,57.69909542014189,6.250598711969093,591.5836464224371,32451.075139673514,17058.297495790193,1955.2632909171084,2109.4957656139295,12993.538439259155,2535.200733026047,14523.096762764146,14.76830740568179,4,1,0,0,2,27.82001777896143,23.128007111584573,32.51202844633829,1.0,1.0,0.0,1.0,1,0,0.0,0.6089991110519285,0.0,0.3910008889480715,0.3910008889480715,0.0,0.6089991110519285,0.0,0.0,0.3910008889480715,14,2,2025,3,10,3,0,0,2,1,0,1,GRAVE_LESIONADOS,1
5,1,15,0,4,1,-14.419822179477842,-71.51357355666256,0,4,6,0,5,1,1,1,6844.2603808563945,2.0,3,2,1.0,12,24,1198.0,0.3383856383151003,75.97064155629602,73.28691525409137,6.067600117519412,279.22097605958703,5041.798920397929,13364.597711442773,1958.6102373459019,2186.9301367067173,9219.057337390155,3075.2173706223293,10289.380340820444,22.940809872434127,4,1,0,0,3,40.18781543206591,37.01748377913674,43.358147084995075,1.0,1.0,0.0,0.711788031551894,1,0,0.0,0.28821196844810604,0.28821196844810604,0.711788031551894,0.28821196844810604,0.0,1.0,0.0,0.28821196844810604,0.0,10,2,2022,6,21,0,0,1,2,1,0,1,GRAVE_LESIONADOS,1
6,1,17,0,4,2,-14.803968932970339,-70.9827727065088,0,4,5,0,7,2,2,1,6543.555,2.0,4,4,1.0,14,33,1198.0,0.3432630081368514,76.23446308178217,73.01436585675285,6.298284171180751,287.3851700018654,5127.355952396058,13487.842415703588,1986.1995386312947,2261.1244514306904,9240.518425641601,3181.2075860613577,10306.63482964223,23.54064155798447,4,1,0,0,3,35.320618079031135,35.320618079031135,35.320618079031135,0.8396909604844311,0.8396909604844311,0.0,1.0,1,0,0.0,0.0,0.0,1.0,0.0,0.0,1.0,0.0,0.0,0.0,12,3,2022,6,21,0,0,1,2,1,0,1,GRAVE_LESIONADOS,1
6,1,12,0,4,1,-7.893610552509749,-78.12589790031878,0,4,7,1,1,2,2,2,9936.932,2.0,2,0,1.0,9,32,3830.0,0.3986882084754764,72.97869269132666,58.65435142755623,5.605762371496486,527.7120199980477,69564.29978586723,8931.828000000005,1335.5899999999997,1935.9830000000004,5660.255000000005,1219.309,7712.519000000005,13.651281686122925,5,1,0,0,3,41.07890680775861,41.07890680775861,41.07890680775861,1.0,0.0,0.0,0.0,1,0,0.0,0.4554687070954919,0.0,0.5445312929045081,0.0,0.0,1.0,0.0,0.4554687070954919,0.0,17,3,2022,8,27,3,0,1,0,1,0,1,GRAVE_LESIONADOS,1
3,2,12,0,4,1,-8.107489105899713,-78.32719803975448,0,4,7,1,2,2,2,1,8349.88440461733,2.4676897366200894,2,0,1.0,4,31,2728.5906702596894,0.44847441294957846,74.92155123925929,55.31800408066969,6.124695205628396,702.2483874141213,68651.42450121719,8931.828000000005,1335.5899999999997,1935.9830000000004,5660.255000000005,1219.309,7712.519000000005,13.651281686122925,6,2,0,0,4,42.24919091761139,32.87075894648036,51.627622888742415,1.0,0.4676897366200894,0.0,0.0,2,0,0.0,1.0,0.4676897366200894,0.0,0.4676897366200894,0.0,1.0,0.0,1.0,0.4676897366200894,2,0,2022,7,9,1,0,0,0,1,0,1,GRAVE_LESIONADOS,1
3,2,18,0,4,1,-15.149144259059495,-70.49765466597145,0,4,6,0,2,1,1,2,1755.8033255642545,1.9241283587759526,1,0,0.9241283587759525,6,22,402.033477671475,0.28343805742698164,77.00047613093857,60.05194597156395,5.422157877729646,200.71023911796564,1532.634054159123,13569.20460394933,2004.4131076297674,2310.105150743831,9254.686345575732,3251.1789159653804,10318.025687983949,23.93663113667037,5,2,0,0,2,34.15629950381056,26.455229847344285,39.39302687020762,1.0,0.0,0.0,0.07587164122404755,2,0,0.0,0.0,0.0,0.9241283587759525,0.07587164122404755,0.9241283587759525,0.9241283587759525,1.0,1.0,0.07587164122404755,19,2,2021,2,25,4,0,0,2,1,0,1,GRAVE_LESIONADOS,1
6,1,19,0,4,1,-5.713731317119736,-79.5937602602761,0,4,0,0,2,1,1,2,7567.623739067287,2.0,3,2,1.0,12,32,1992.2969264025476,0.2117580020098525,65.37756662211437,42.30794939557186,3.975264599118591,171.62326554814578,38712.25053533191,8965.846000060003,1782.4120000599992,636.9959999999999,6546.438000000004,2214.505000059999,6751.341000000004,24.699342371541725,10,1,0,0,9,52.18929272096683,52.18929272096683,52.18929272096683,1.0,0.0,0.0,1.0,1,0,0.0,0.0,0.6982154534944728,0.3017845465055272,0.0,0.0,1.0,0.0,1.0,0.0,15,2,2022,9,10,4,0,0,0,1,0,1,GRAVE_LESIONADOS,1
5,1,5,0,4,0,-7.666450059926104,-78.18933397053257,2,4,4,0,2,1,1,0,6543.555,2.0,4,4,1.0,14,33,1198.0,0.2948350537014906,77.15212155268404,35.50451291723821,3.7775920646885006,361.8643687343071,26075.62526766595,15935.565011852366,1733.9250000199986,935.692,13265.948011832368,2000.1670000199988,13935.398011832369,12.551591352627522,6,2,0,0,4,44.82661980751519,37.65323961503039,52.0,1.0,0.0,0.0,0.0,2,0,0.6237721906508529,0.0,0.3762278093491471,0.6237721906508529,0.6237721906508529,0.3762278093491471,0.0,0.6237721906508529,0.6237721906508529,0.6237721906508529,12,2,2022,9,19,4,0,1,2,1,0,1,GRAVE_LESIONADOS,1
6,1,4,0,4,1,-13.564223912485065,-74.14687700592624,0,4,5,0,2,1,1,2,6740.765803918993,2.0,3,3,1.0,13,27,1198.0,0.3868132417552653,74.24468867364706,56.107811943434854,5.8828259639081395,467.9581571373237,6520.343893799455,12678.733000000004,1805.074000000001,1774.0339999999994,9099.625000000004,2485.375000000001,10193.358000000002,19.602707936195205,5,1,0,0,4,41.65260249683057,41.65260249683057,41.65260249683057,1.0,0.8109827172535028,0.0,0.8109827172535028,1,0,0.0,0.8109827172535028,0.0,0.1890172827464972,0.0,0.1890172827464972,0.8109827172535028,0.8109827172535028,0.0,0.0,13,3,2024,5,13,5,1,0,2,1,0,1,GRAVE_LESIONADOS,1
6,1,3,1,4,1,-16.14442469848224,-72.63953228384932,0,4,4,0,1,2,2,0,6588.817909408894,2.0,3,2,1.0,11,32,1394.2237723803903,0.6498994686200278,76.97461880708615,72.99551319473743,8.740279732866666,1347.9357800241567,2330.760585431081,10322.272,1495.236,1749.739,7077.2970000000005,2886.595,7435.677000000001,27.964725207783708,16,1,0,0,15,28.0,28.0,28.0,1.0,0.0,0.0,0.46943486215404384,1,0,0.0,0.0,0.46943486215404384,0.5305651378459562,0.0,0.0,1.0,0.0,0.0,0.0,3,0,2022,7,16,5,1,0,0,1,0,1,GRAVE_LESIONADOS,1
5,1,13,0,4,1,-9.773874966111057,-77.41231995584415,2,4,1,0,1,2,2,2,6543.555,2.27967708352144,3,2,1.0,10,32,1275.470552135439,0.6159566608720068,79.12870470009801,58.575470821973205,9.883870492000534,1148.2875553009126,14687.51609935427,7991.435627693494,1586.127674549157,1693.3062094383731,4712.001743705964,1648.30883807547,6343.126789618025,20.959865136262536,7,1,0,0,5,35.73338021218952,35.31386458690736,36.15289583747168,1.0,0.0,0.0,0.72032291647856,1,0,0.0,1.0,0.27967708352144005,0.0,0.0,0.0,1.0,0.0,0.0,0.0,13,2,2023,8,12,1,0,0,0,1,0,1,GRAVE_LESIONADOS,1
6,1,4,0,4,0,-13.275457151181698,-73.88781633537123,0,4,0,0,4,1,1,3,7034.517278977741,2.0,3,2,1.0,11,19,1198.0,0.25997002413100023,73.77768002192865,45.19834032302089,4.993295451008853,239.88022516236742,6704.190103979497,12678.733000000004,1805.074000000001,1774.0339999999994,9099.625000000004,2485.375000000001,10193.358000000002,19.602707936195205,4,1,0,0,3,24.58830722162383,24.58830722162383,24.58830722162383,1.0,0.0,0.0,0.0,1,0,0.0,0.0,0.0,1.0,0.0,0.4705642594587235,0.5294357405412765,0.5294357405412765,0.5294357405412765,0.5294357405412765,10,1,2021,7,16,4,0,0,2,1,0,1,GRAVE_LESIONADOS,1
6,1,8,0,4,2,-12.921141091501665,-75.1817854623151,4,4,3,0,1,2,2,0,6956.187736657976,2.0,3,2,1.0,12,21,1198.0,0.37817375672417863,68.01920485354391,52.01649946799008,6.176208536731023,521.2789765961634,3121.9498706509785,8511.426,1445.3929999999996,2008.516,5057.516999999999,1879.579,6631.846999999998,22.08300935706896,7,1,0,0,6,36.5879865806278,36.5879865806278,36.5879865806278,1.0,0.0,0.0,0.0,1,0,0.0,0.0,0.0,1.0,0.0,0.3954890761835702,0.6045109238164298,0.0,0.0,0.0,12,3,2021,8,17,1,0,0,2,1,0,1,GRAVE_LESIONADOS,1
5,1,10,0,4,1,-15.190065285341957,-75.06053586309885,0,4,4,0,2,1,1,0,2273.6830946456844,2.0,2,0,1.0,5,28,544.6171022259718,0.5563774842369664,77.00938809632027,69.10246351364754,8.476961866273152,914.8835608305218,27932.19700214133,3721.461,698.1859999999996,744.866,2278.409,1102.9029999999996,2618.558,29.636290693359403,5,1,0,0,4,60.7144000674216,54.4288001348432,67.0,1.0,0.32233845808094364,0.0,0.32233845808094364,1,0,0.0,0.32233845808094364,0.0,1.0,0.0,1.0,0.32233845808094364,0.0,0.0,0.0,16,1,2023,4,19,5,1,1,0,1,0,1,GRAVE_LESIONADOS,1
3,1,20,0,4,0,-15.491651865077557,-70.25942669092599,2,4,6,1,3,2,2,1,7180.40821997534,2.0,2,1,1.0,10,15,1198.0,0.30149683151112044,67.14195693735198,67.2856374915371,6.879510845996155,233.4733300654257,7340.770740273392,13642.312999999998,2020.7790000000005,2354.117,9267.416999999998,3314.0520000000006,10328.260999999997,24.29244952817019,5,2,0,0,3,40.967560133186346,28.948030666779733,52.98708959959296,1.0,0.0,0.6103938666440536,0.6103938666440536,2,0,0.0,0.0,0.0,1.0,0.6103938666440536,1.0,0.3896061333559464,0.3896061333559464,1.0,0.6103938666440536,15,2,2021,6,24,2,0,1,2,1,0,1,GRAVE_LESIONADOS,1
3,1,10,0,4,1,-13.417443005593814,-76.1928344957272,5,4,6,1,5,2,2,0,6639.975,2.0,2,0,1.0,9,31,1616.0,0.5735952063251161,81.3381951290078,68.42729618173122,9.13689400148735,868.6100638146894,26515.510998248094,3721.461,698.1859999999996,744.866,2278.409,1102.9029999999996,2618.558,29.636290693359403,6,2,0,0,3,36.45197828479216,33.33019568141265,39.573760888171684,1.0,0.9391086983102406,0.0,0.060891301689759425,2,0,0.0,0.9391086983102406,0.060891301689759425,1.0,0.9391086983102406,1.0,0.060891301689759425,0.0,0.9391086983102406,0.9391086983102406,4,0,2023,2,19,1,0,0,0,1,0,1,GRAVE_LESIONADOS,1
5,1,20,0,4,0,-6.200543945707581,-78.46554601172228,0,2,7,0,2,2,2,0,3024.703621263763,2.0,2,1,1.0,5,24,502.74409010580473,0.4887373249231297,78.57250198927804,53.96869775728199,6.884031723744865,787.3328344440793,121570.0416475767,6905.48454247921,1326.23088102447,858.4159222836801,4720.83773917106,1573.4532012226646,5332.031341256546,19.784904392018653,28,1,0,0,26,45.389193245252315,41.77838649050464,49.0,1.0,0.0,0.0,0.6717448404774834,1,0,0.0,0.0,1.0,0.3282551595225166,0.3282551595225166,0.0,0.6717448404774834,0.3282551595225166,0.3282551595225166,0.3282551595225166,10,1,2021,10,16,0,0,0,0,1,0,1,GRAVE_LESIONADOS,1
6,1,1,0,4,1,-10.434836355642329,-77.05422367383399,5,4,6,1,5,1,1,0,9690.497969784925,2.0,2,0,1.0,9,31,3664.5125693491973,0.47697741517330305,71.97401530288653,71.33919622354003,8.0530839763227,649.7602716784459,3921.7370102262134,10734.357968422071,1855.9250286231663,1262.1134366426038,7616.319503156304,2159.11211622586,8575.245852196214,20.138303017318282,4,1,0,0,3,21.270680361817362,20.9716967472721,21.49491807272631,1.0,0.0,0.0,0.0747459036363155,1,0,0.0,0.0,0.0,1.0,0.0,0.0747459036363155,0.9252540963636845,0.0,0.0,0.0,16,2,2021,1,20,3,0,0,0,1,0,1,GRAVE_LESIONADOS,1
4,1,7,0,4,1,-13.203274803416877,-72.26386334483047,0,4,7,1,2,0,1,2,3447.8009999999995,1.0,2,3,0.0,9,12,1109.0,0.4436910265814239,73.23231952981627,68.31759937357421,6.347812015893606,607.5963608103546,11277.284796573877,17779.13499998999,2097.3709999899997,2863.123,12818.640999999989,2878.713,14900.421999989989,16.19152450331032,9,1,0,0,8,33.31452021214293,31.157260106071465,35.47178031821439,1.0,0.0,0.0,0.0,1,0,0.0,0.0,0.5393150265178662,1.0,0.0,1.0,0.5393150265178662,0.0,0.0,0.0,15,3,2022,7,13,0,0,0,2,1,0,1,GRAVE_LESIONADOS,1
3,2,22,0,4,1,-16.1453385737488,-71.89555113286985,0,4,0,1,2,2,2,2,6629.448262760255,2.1091758684893724,2,0,1.0,8,30,1600.6062025429985,0.5727594235544977,73.12294902439605,71.38307977711774,9.028766072121343,993.8104506910648,3110.4739245028836,2471.3629779748812,576.9367467053992,465.53783564765945,1428.8883956218224,982.264189640909,1489.0987883339722,38.91433278951567,5,2,0,0,3,29.95645704101088,22.62022084374494,37.292693238276826,1.0,0.0,0.0,1.0,2,0,0.0,0.0,1.0,1.0,0.0,1.0,1.0,0.0,0.0,0.0,20,1,2023,6,11,5,1,0,0,1,0,1,GRAVE_LESIONADOS,1
3,1,18,0,4,0,-6.037903432735692,-80.34356236777245,0,4,7,1,1,2,2,1,6543.555,2.905537574198913,2,0,1.0,1,30,1448.8339080530989,0.4871189232998677,72.69086550326865,56.78809816304078,7.395621382463429,795.8164302684492,48282.78589663558,8962.632577253433,1740.2041100330382,759.7014631040763,6462.727004116319,2120.496371746793,6842.136205506641,23.655715758799445,6,1,0,0,4,50.47231212900543,50.47231212900543,50.47231212900543,1.0,0.0,0.0,0.9055375741989131,1,0,0.0,0.9055375741989131,0.09446242580108688,0.0,0.0,0.0,1.0,0.0,0.9055375741989131,0.0,5,0,2022,3,20,0,0,1,0,1,0,1,GRAVE_LESIONADOS,1
6,1,12,0,4,2,-7.623850335498333,-77.75867669647666,0,4,7,0,6,2,2,0,6581.30390257384,2.0,3,3,1.0,13,32,1227.2791256539858,0.16082122830592316,73.38688129180599,20.59486896967566,2.8427287760954796,141.01820730622956,13365.751106329924,8931.828000000005,1335.5899999999997,1935.9830000000004,5660.255000000005,1219.309,7712.519000000005,13.651281686122925,9,1,0,0,8,23.088994302899653,23.088994302899653,23.088994302899653,1.0,0.0,0.0,0.0,1,0,0.0,0.011124287862456672,0.0,0.9888757121375433,0.0,0.0,1.0,0.0,0.0,0.0,17,2,2023,8,25,3,0,0,0,1,0,1,GRAVE_LESIONADOS,1
3,2,4,1,4,1,-12.719158434207255,-73.60930167514428,0,4,0,1,6,0,1,5,3361.9322014086056,1.0509306063545787,2,2,0.05093060635457869,8,12,1073.3995061581495,0.41037104299229077,73.52550385159668,58.407359351680675,6.3651064132870765,523.7862236630804,10469.735092788622,12727.80871367115,1816.0599864437154,1803.5779789259825,9108.17074830145,2527.580022082094,10200.228691589053,19.84155931912078,6,2,0,0,4,38.46522863327692,29.898138787290844,47.032318479263004,1.0,1.0,0.0,1.0,2,0,0.0,0.9490693936454213,0.0,1.0,0.9490693936454213,0.0,1.0,0.9490693936454213,1.0,0.0,1,0,2021,3,14,0,0,0,2,1,0,1,GRAVE_LESIONADOS,1
5,1,20,0,4,1,-15.089256493079409,-70.35452879291152,0,4,6,1,6,2,2,1,6625.222522920555,2.0,3,3,1.0,13,30,1198.0,0.33126384206272314,75.80884404309406,75.38455453435603,6.346084643813273,250.59508433886205,4880.169546721039,13642.312999999998,2020.7790000000005,2354.117,9267.416999999998,3314.0520000000006,10328.260999999997,24.29244952817019,4,1,0,0,2,34.921725519270126,34.29552967343112,35.54792136510913,1.0,1.0,0.0,0.9217255192701241,1,0,0.0,0.0,0.0,1.0,0.0,0.07827448072987586,1.0,0.0,0.0,0.0,12,2,2022,5,18,0,0,0,2,1,0,1,GRAVE_LESIONADOS,1
3,2,3,0,4,1,-16.008865286021052,-71.2736043791214,1,4,0,1,2,1,1,1,1504.4250000000002,2.0,2,0,1.0,7,25,241.0,0.4672825038799261,81.82387797046873,69.95103344956372,6.020234916993339,617.6837943973693,1725.6877013715675,10322.272,1495.236,1749.739,7077.2970000000005,2886.595,7435.677000000001,27.964725207783708,5,2,0,0,3,34.93341332044955,31.267546524945104,38.599280115954,1.0,0.0,0.0,0.0,2,0,0.0,0.0,0.0,1.0,0.0,1.0,1.0,0.0,0.0,0.0,13,2,2021,3,9,3,0,0,0,1,0,1,GRAVE_LESIONADOS,1
6,1,7,0,4,2,-13.562638196800364,-71.85319263862996,4,4,4,0,4,1,1,1,6543.555,2.0,4,4,1.0,14,33,1198.0,0.3503935219910925,67.02971120911307,60.561368687852294,5.922557175978846,411.54086255392997,3853.4152970978007,17779.13499998999,2097.3709999899997,2863.123,12818.640999999989,2878.713,14900.421999989989,16.19152450331032,25,1,0,0,24,45.44144734674602,45.44144734674602,45.44144734674602,1.0,0.3631325902594622,0.0,0.0,1,0,0.0,0.3631325902594622,0.0,0.0,0.0,0.0,1.0,0.3631325902594622,0.3631325902594622,0.0,11,2,2023,7,15,6,1,1,2,1,0,1,GRAVE_LESIONADOS,1
3,2,14,0,4,0,-6.724403238740151,-79.24600610871828,2,4,6,1,2,2,2,2,6732.199042741175,2.0,3,3,1.0,13,30,1343.1969287840684,0.4664372554854541,79.97880953386127,60.46525033945864,7.99827393060744,587.4260760936008,10567.462347890616,3799.0705743598915,561.6514239489021,732.5214948289047,2504.8976555820846,751.5030780389616,3047.5674963209294,19.960689748924644,8,2,0,0,6,29.54351791523448,26.155290832924138,32.931744997544826,1.0,0.15529083292413748,0.0,0.8447091670758625,2,0,0.0,0.0,1.0,1.0,0.0,1.0,0.8447091670758625,0.0,0.0,0.0,17,1,2021,2,10,0,0,0,0,1,0,1,GRAVE_LESIONADOS,1
3,2,13,0,4,1,-6.0958826960198955,-80.07357380553394,0,4,4,1,2,1,0,0,4351.9061833062415,2.5816166622867285,2,0,1.0,0,25,926.0810609201877,0.4703091457296942,74.91176543888524,59.04522375211969,6.365443427676777,742.49897987499,44335.321199143465,3459.691,515.0619999999999,689.7280000000001,2254.901,703.3549999999999,2756.336,20.329994788551925,16,2,0,0,14,44.94928341655216,37.459583442831786,52.438983390272526,1.0,0.5816166622867285,0.0,1.0,2,0,0.0,0.5816166622867285,0.5816166622867285,0.4183833377132715,0.4183833377132715,0.0,1.0,0.0,0.4183833377132715,0.0,6,0,2021,5,14,3,0,0,0,1,0,1,GRAVE_LESIONADOS,1
4,1,7,0,4,0,-13.54724260937107,-71.60807711163912,0,4,0,0,3,2,2,2,6543.555,2.0,4,4,1.0,14,33,1198.0,0.26111652062936974,63.47789265924412,52.53263110623904,4.687588452654321,274.33581909661507,6002.625659215649,17779.13499998999,2097.3709999899997,2863.123,12818.640999999989,2878.713,14900.421999989989,16.19152450331032,4,1,0,0,3,33.84940623972767,22.387173309462263,45.311639169993086,1.0,0.0,0.0,0.5591448872974841,1,0,0.0,0.0,0.0,1.0,0.44085511270251587,0.0,0.5591448872974841,0.44085511270251587,0.0,0.0,17,2,2022,7,12,4,0,0,2,1,0,1,GRAVE_LESIONADOS,1
6,1,10,0,4,1,-9.775318133298644,-77.24088864141771,0,4,0,1,2,2,2,1,732.3960779972076,1.6342430909775425,1,0,0.6342430909775426,8,30,112.80149181578601,0.3114622305001375,70.17659939842443,51.27435145841076,5.236764641198566,348.35217082261323,26806.03929236196,8778.063063933143,1375.7512058813925,1962.5124458821263,5439.799412169625,1460.8073143202578,7317.255749612885,16.73524433676727,5,1,0,0,4,45.023325999247035,45.023325999247035,45.023325999247035,1.0,0.0,0.0,0.0,1,0,0.0,0.0,0.0,1.0,0.0,0.3657569090224574,0.6342430909775426,0.6342430909775426,0.6342430909775426,0.6342430909775426,7,1,2021,9,5,3,0,0,0,1,0,1,GRAVE_LESIONADOS,1
6,1,3,1,4,1,-16.01442676984848,-72.92569627023006,0,4,3,0,1,2,2,0,6565.29988723341,2.0,3,3,1.0,12,32,1292.2684387426389,0.6518828164861962,76.23279151941163,70.51823744174405,8.863392525639023,1388.9974248461447,2193.9832481204785,10322.272,1495.236,1749.739,7077.2970000000005,2886.595,7435.677000000001,27.964725207783708,10,1,0,0,9,28.0,28.0,28.0,1.0,0.0,0.0,0.22552258072401665,1,0,0.0,0.0,0.22552258072401665,0.7744774192759833,0.0,0.0,1.0,0.0,0.0,0.0,3,0,2021,5,20,5,1,0,0,1,0,1,GRAVE_LESIONADOS,1
6,1,7,0,4,1,-13.054072657947424,-72.4326378729874,0,4,0,0,1,1,0,1,3552.403899204644,1.0337891509482486,2,3,0.033789150948248636,9,12,1112.0072344343941,0.4706944943299555,76.79406176595778,61.64424635983724,7.141255198110581,653.4175319142125,3282.6252676659524,17779.13499998999,2097.3709999899997,2863.123,12818.640999999989,2878.713,14900.421999989989,16.19152450331032,4,1,0,0,3,29.148831132240453,29.148831132240453,29.148831132240453,1.0,0.033789150948248636,0.0,0.0,1,0,0.0,0.033789150948248636,0.0,0.9662108490517514,0.0,0.9662108490517514,0.033789150948248636,0.033789150948248636,1.0,0.0,6,1,2023,6,10,0,0,0,2,1,0,1,GRAVE_LESIONADOS,1
3,1,10,0,4,1,-13.692323785402422,-75.81112843652656,0,4,5,1,2,2,2,4,429.6117115303974,0.18631199105426854,1,1,0.40684400447286573,10,31,153.2053469578223,0.6132303136150281,79.18675114652484,72.6915110071862,9.304396176706312,1053.3719202207094,6103.416994366348,3721.461,698.1859999999996,744.866,2278.409,1102.9029999999996,2618.558,29.636290693359403,7,1,0,0,6,59.049431901596954,57.828899888178356,60.26996391501555,1.0,0.0,0.0,0.5931559955271343,1,0,0.0,0.0,0.0,1.0,0.0,0.40684400447286573,0.5931559955271343,0.0,0.0,0.0,19,2,2021,2,22,1,0,1,0,1,0,1,GRAVE_LESIONADOS,1
3,1,7,1,4,1,-13.559364236121626,-71.91893800052925,0,0,5,1,2,0,1,2,7586.903,2.0,2,0,1.0,9,5,1198.0,0.475490081770683,65.97315302026479,71.89123427354637,7.801312868627351,760.3284961303557,8663.329117946489,17779.13499998999,2097.3709999899997,2863.123,12818.640999999989,2878.713,14900.421999989989,16.19152450331032,17,2,0,0,15,25.87346598819474,22.560198982292114,29.186732994097373,1.0,0.813267005902629,0.0,0.813267005902629,2,0,0.0,0.0,0.813267005902629,1.0,0.0,1.0,0.813267005902629,0.0,0.18673299409737099,0.0,10,1,2023,5,22,5,0,0,2,1,0,1,GRAVE_LESIONADOS,1
6,1,5,0,4,1,-6.485076374581975,-78.8591588041927,0,4,6,1,2,1,1,1,9936.932,2.0,2,0,1.0,9,32,3830.0,0.3011301347839704,71.97114344661169,54.49911076138603,4.057283312480806,327.1165249840737,5264.304068522484,15935.565011852366,1733.9250000199986,935.692,13265.948011832368,2000.1670000199988,13935.398011832369,12.551591352627522,9,1,0,0,8,39.38379807145281,39.38379807145281,39.38379807145281,1.0,0.0,0.0,0.6540504821367971,1,0,0.0,0.34594951786320294,0.6540504821367971,0.0,0.0,0.0,1.0,0.0,0.0,0.0,11,1,2023,8,2,1,0,0,2,1,0,1,GRAVE_LESIONADOS,1