CLASE SINIESTRO,CANTIDAD DE VEHICULOS DAÑADOS,DEPARTAMENTO,ZONA,TIPO DE VÍA,RED VIAL,COORDENADAS LATITUD,COORDENADAS  LONGITUD,CONDICIÓN CLIMÁTICA,ZONIFICACIÓN,CARACTERÍSTICAS DE VÍA,PERFIL LONGITUDINAL VÍA,SUPERFICIE DE CALZADA,¿EXISTE SEÑAL VERTICAL?,¿EXISTE SEÑAL HORIZONTAL?,CAUSA FACTOR PRINCIPAL,MTC_RVN_LONGITUD_KM,MTC_RVN_N_CARRILES_MEDIANA,MTC_RVN_SUPERFICIE_DOMINANTE,MTC_RVN_ESTADO_DOMINANTE,MTC_RVN_ES_CONCESIONADA,MTC_RVN_CONCESION_PRINCIPAL,MTC_RVN_CORREDOR_LOGISTICO,MTC_RVN_N_TRAMOS,IDH_2019,IDH_ESP_VIDA_2019,IDH_EDUC_SECUND_PCT_2019,IDH_ANIOS_EDUC_2019,IDH_INGRESO_PERCAP_2019,IDH_POBLACION_2019,MTC_DEP_RED_TOTAL_KM,MTC_DEP_NACIONAL_TOTAL_KM,MTC_DEP_DEPARTAMENTAL_TOTAL_KM,MTC_DEP_VECINAL_TOTAL_KM,MTC_DEP_PAV_TOTAL_KM,MTC_DEP_NO_PAV_TOTAL_KM,MTC_DEP_PCT_PAVIMENTADA,PER_TOTAL_PERSONAS,PER_N_CONDUCTORES,PER_N_CONDUCTORES_FUGADOS,PER_N_PEATONES,PER_N_PASAJEROS_OCUPANTES,PER_EDAD_COND_PROM,PER_EDAD_COND_MIN,PER_EDAD_COND_MAX,PER_ANY_COND_MASCULINO,PER_ANY_LIC_PROBLEMA,PER_ANY_DOSAJE_POS,PER_ANY_DOSAJE_EVALUADO,VEH_TOTAL,VEH_N_FUGADOS,VEH_ANY_FUGADO,VEH_ANY_CARGA,VEH_ANY_PUBLICO,VEH_ANY_PARTICULAR,VEH_ANY_MOTO,VEH_ANY_AUTO,VEH_ANY_CAMION_BUS,VEH_ANY_SOAT_PROBLEMA,VEH_ANY_CITV_PROBLEMA,VEH_ANY_SEGURO_PROBLEMA,HORA_NUM,FRANJA_HORARIA,ANIO,MES,DIA_MES,DIA_SEMANA,ES_FIN_SEMANA,ES_QUINCENA,REGION_NATURAL,TIENE_SEÑALIZACION,ES_VIA_MULTICARRIL,ES_DEPTO_BAJO_PAVIMENTO,CATEGORIA_SEVERIDAD,CATEGORIA_SEVERIDAD_ENC
4,1,12,1,4,1,-7.92433566649116,-77.3681681050814,4,4,2,0,2,1,0,2,703.5183686014639,2.0,1,1,0.3479686661552165,6,17,205.15594806444273,0.38960760771703645,73.29417806798203,45.43751098619236,5.396167147571053,573.5226463749456,8958.202652048734,8472.39585891182,1489.6929651926034,738.0484681505984,6244.654425568617,1461.6396285223336,7010.756230389486,17.012875683070448,5,1,0,0,3,38.06585899769848,29.263435990793898,46.86828200460305,0.6520313338447835,0.3479686661552165,0.0,0.3479686661552165,1,0,0.0,0.3479686661552165,0.0,0.6520313338447835,1.0,0.6520313338447835,0.0,0.3479686661552165,1.0,0.0,15,3,2021,2,24,4,0,1,1,1,0,1,GRAVE_LESIONADOS,1
3,2,20,2,4,1,-15.824778854252632,-70.02302699222464,0,0,3,0,2,0,0,2,7097.50983215094,2.0,2,1,1.0,11,18,1198.0,0.6488901960567479,69.67312345830231,82.12448375199249,11.701623814093702,1230.336353415943,144745.3597430407,13642.312999999998,2020.7790000000005,2354.117,9267.416999999998,3314.0520000000006,10328.260999999997,24.29244952817019,5,2,0,0,3,35.889228469004806,29.40718102066346,42.37127591734615,1.0,0.0,0.0,0.0,2,0,0.0,0.0,1.0,1.0,0.5309396597788464,1.0,0.4690603402211536,0.0,0.5309396597788464,0.0,8,1,2021,9,6,2,0,0,2,1,0,1,GRAVE_LESIONADOS,1
6,1,7,0,4,1,-14.145747604526173,-71.95559732681754,0,4,4,0,4,2,2,2,6543.555,2.0,4,4,1.0,14,33,1198.0,0.29939506468397,70.49280757190304,47.78718933652911,4.135865142652432,374.2319556878931,6989.560891242153,17779.13499998999,2097.3709999899997,2863.123,12818.640999999989,2878.713,14900.421999989989,16.19152450331032,5,1,0,0,4,30.331727176247654,30.331727176247654,30.331727176247654,1.0,0.6658635881238266,0.0,0.3341364118761734,1,0,0.0,0.0,0.0,1.0,0.0,0.0,1.0,0.0,0.0,0.0,9,1,2022,8,8,4,0,0,2,1,0,1,GRAVE_LESIONADOS,1
5,1,10,0,4,1,-14.888085141514114,-74.99275384710533,0,4,6,1,2,1,1,0,6639.975,2.0,2,0,1.0,9,31,1616.0,0.5563774842369664,77.00938809632027,69.10246351364754,8.476961866273152,914.8835608305218,27932.19700214133,3721.461,698.1859999999996,744.866,2278.409,1102.9029999999996,2618.558,29.636290693359403,4,1,0,0,3,37.858888947605344,35.926388815493326,39.79138907971736,0.10736111845066776,1.0,0.0,0.10736111845066776,1,0,0.0,0.0,0.0,1.0,0.0,1.0,0.0,1.0,1.0,0.8926388815493322,16,1,2021,10,26,5,0,1,0,1,0,1,GRAVE_LESIONADOS,1
3,1,5,0,4,1,-5.394826650762499,-78.89810475744568,0,3,0,0,1,2,2,1,7581.42726671114,2.0,2,0,1.0,9,21,1996.837129478703,0.44259792262979525,74.52399077679523,57.63777817508583,6.616235743231617,622.8738268823814,35932.314061219055,15935.565011852366,1733.9250000199986,935.692,13265.948011832368,2000.1670000199988,13935.398011832369,12.551591352627522,4,1,0,0,2,37.37868270654187,27.12622756884729,47.631137844236456,1.0,0.8543712614745486,0.0,1.0,1,0,0.0,0.0,0.0,1.0,0.8543712614745486,0.0,0.14562873852545144,0.14562873852545144,0.14562873852545144,1.0,16,1,2024,6,2,0,0,0,2,1,0,1,GRAVE_LESIONADOS,1
3,1,7,0,4,0,-14.404362427624124,-71.11009160823751,0,4,6,0,2,1,0,2,7552.0155446408,2.0,2,0,1.0,9,5,1198.0,0.22326623340866347,63.464449297473756,53.502317226803115,5.103257084224979,156.75616178161343,5398.39089942556,17779.13499998999,2097.3709999899997,2863.123,12818.640999999989,2878.713,14900.421999989989,16.19152450331032,4,1,0,0,3,32.63532172566086,20.070015537955125,45.20062791336659,1.0,0.03343798556109767,0.0,0.9665620144389023,1,0,0.0,0.9665620144389023,0.0,1.0,0.0,1.0,0.9665620144389023,0.03343798556109767,0.03343798556109767,0.0,18,1,2022,1,2,0,0,0,2,1,0,1,GRAVE_LESIONADOS,1
3,1,13,0,4,1,-6.6375866338365395,-79.65748722671445,0,4,7,1,2,2,2,0,1100.6458206000054,2.0,2,1,0.4702490853287543,5,13,192.1363003069185,0.5045749027524091,78.39748922693619,63.24625005989019,7.262642850873106,760.496597642512,18345.276128809786,3459.691,515.0619999999999,689.7280000000001,2254.901,703.3549999999999,2756.336,20.329994788551925,5,2,0,0,3,39.06526737875367,31.11900365868498,47.01153109882235,1.0,0.5297509146712457,0.0,0.0,2,0,0.4702490853287543,0.5297509146712457,0.4702490853287543,0.5297509146712457,1.0,0.0,0.5297509146712457,1.0,1.0,1.0,1,0,2022,10,13,0,0,0,0,1,0,1,GRAVE_LESIONADOS,1
5,1,10,0,4,1,-14.882145465373666,-74.99308036240143,0,4,6,1,2,1,1,0,6639.975,2.0,2,0,1.0,9,31,1616.0,0.5563774842369664,77.00938809632027,69.10246351364754,8.476961866273152,914.8835608305218,27932.19700214133,3721.461,698.1859999999996,744.866,2278.409,1102.9029999999996,2618.558,29.636290693359403,4,1,0,0,3,37.36441844117609,36.54447694852988,38.1843599338223,0.045552305147011474,1.0,0.0,0.045552305147011474,1,0,0.0,0.0,0.0,1.0,0.0,1.0,0.0,1.0,1.0,0.9544476948529885,17,1,2021,10,27,5,0,1,0,1,0,1,GRAVE_LESIONADOS,1
3,2,10,0,4,1,-13.5427589582366,-76.13382861676354,0,3,1,1,2,1,1,1,6639.975,2.0,2,0,1.0,9,31,1616.0,0.5385008516220599,79.46973144164,62.540792405242975,8.337152538089846,825.4109202996895,13701.49468605476,3721.461,698.1859999999996,744.866,2278.409,1102.9029999999996,2618.558,29.636290693359403,6,2,0,0,4,51.173512835472174,38.27242746012928,64.07459821081507,1.0,0.8843247763518834,0.0,0.11567522364811655,2,0,0.0,0.0,0.0,1.0,0.0,1.0,0.11567522364811655,0.0,0.0,0.0,21,2,2021,9,22,3,0,1,0,1,0,1,GRAVE_LESIONADOS,1
3,2,13,0,3,1,-7.186663115284597,-79.354836347277,0,3,7,1,2,1,1,0,1586.6667364649802,2.0,2,0,1.0,1,20,218.61624974181007,0.4634259666171501,76.6378121750573,58.738437074044704,7.033952955823564,652.2967576663834,18672.174420816533,3416.2125803141607,521.2744156994206,678.8537066555548,2216.0844579591853,722.987106274803,2693.2254740393573,21.404150356900146,4,2,0,0,2,41.053735506996915,32.10747101399384,50.0,1.0,0.946264493003082,0.0,0.05373550699691798,2,0,0.0,0.0,0.946264493003082,1.0,0.946264493003082,0.05373550699691798,0.0,0.946264493003082,1.0,0.946264493003082,18,2,2022,3,24,4,0,1,0,1,0,1,GRAVE_LESIONADOS,1
6,1,5,0,4,1,-6.482249169674785,-78.8712686562368,0,4,5,1,2,0,1,0,9936.932,2.0,2,0,1.0,9,32,3830.0,0.3011301347839704,71.97114344661169,54.49911076138603,4.057283312480806,327.1165249840737,5264.304068522484,15935.565011852366,1733.9250000199986,935.692,13265.948011832368,2000.1670000199988,13935.398011832369,12.551591352627522,8,1,0,0,7,40.933446058928375,40.933446058928375,40.933446058928375,1.0,0.0,0.0,0.26663848526790646,1,0,0.0,0.7333615147320935,0.26663848526790646,0.0,0.0,0.0,1.0,0.0,0.0,0.0,7,0,2023,4,3,3,0,0,2,1,0,1,GRAVE_LESIONADOS,1
1,1,5,1,4,1,-5.790314457292258,-78.78341514202448,0,1,7,0,2,0,1,1,7758.33400008,2.0,2,0,1.0,9,20,2133.0,0.5803239946829384,74.49544278598792,68.33065356443184,8.733179344969395,1046.078117086984,102362.46895074946,15935.565011852366,1733.9250000199986,935.692,13265.948011832368,2000.1670000199988,13935.398011832369,12.551591352627522,5,1,0,2,1,27.44376137212545,24.725002394131675,30.162520350119227,1.0,0.36250119706583683,0.6374988029341632,0.6374988029341632,1,0,0.0,0.36250119706583683,0.0,1.0,0.6374988029341632,0.36250119706583683,0.36250119706583683,0.0,1.0,0.0,20,2,2023,4,12,5,1,0,2,1,0,1,GRAVE_LESIONADOS,1
3,2,14,1,4,1,-10.108095590462215,-77.7099766509188,0,4,4,1,2,2,2,2,6605.772681168299,2.354722244676437,2,0,1.0,5,30,1565.9841635006223,0.5712220917501211,76.39283278636925,70.34416721732937,8.958269153650484,936.5479197515585,24165.991401758765,2759.326572429419,499.64370298766175,582.617818896221,1677.065050545536,809.9269017321453,1949.3996706972735,28.859842899516423,6,2,0,0,4,31.192500202087935,27.966111425470118,34.41888897870575,1.0,0.3547222446764371,0.0,0.6452777553235629,2,0,0.0,0.0,1.0,1.0,0.3547222446764371,1.0,0.6452777553235629,0.0,0.3547222446764371,0.3547222446764371,1,0,2022,6,13,2,0,0,0,1,0,1,GRAVE_LESIONADOS,1
3,1,20,0,4,1,-6.310577994827206,-77.10613344698308,0,4,7,1,2,0,1,1,601.0505168409085,2.0,2,0,0.8267276483962821,2,22,76.78251990905281,0.5708374052351859,73.25456327529223,66.52831090304474,8.529518829999038,1064.1467766814922,46646.4611040592,6220.523230704379,982.6885835213302,908.4123404237962,4329.422306759252,1221.5232482492702,4998.999982455109,19.120998788611345,5,2,0,0,3,34.14608734023532,32.55945116443346,35.73272351603718,1.0,1.0,0.8267276483962821,0.8267276483962821,2,0,0.0,0.0,1.0,0.1732723516037179,1.0,0.0,0.8267276483962821,0.0,1.0,0.0,16,3,2021,10,20,1,0,1,0,1,0,1,GRAVE_LESIONADOS,1
3,1,10,1,4,1,-12.531554946394323,-74.90306965840053,0,4,7,1,2,0,1,2,206.78826383207803,2.0,2,0,1.0,3,31,32.327003390504466,0.5788523222014645,72.33398683933511,78.99607162796964,9.954704418198888,936.5366852956209,20244.130451103214,12056.877434251412,1791.0491471612002,1174.4167766334808,9091.41151045673,1727.3242922370061,10329.553142014405,14.557392519203058,8,1,0,0,6,44.433923254884284,28.358480813721073,60.5093656960475,1.0,0.10691986437982137,0.0,1.0,1,0,0.0,0.0,0.8930801356201786,1.0,0.0,0.10691986437982137,0.8930801356201786,0.0,0.0,0.8930801356201786,12,3,2023,1,5,4,0,0,1,1,0,1,GRAVE_LESIONADOS,1
6,0,20,0,4,1,-15.63964612264466,-69.9094814641733,0,4,7,1,2,2,2,3,7586.903,2.0,2,0,1.0,9,5,1198.0,0.3873419034610394,72.90947191504459,69.46277720626357,7.514134642850866,465.96713336742505,19326.15574186735,13642.312999999998,2020.7790000000005,2354.117,9267.416999999998,3314.0520000000006,10328.260999999997,24.29244952817019,5,1,0,0,4,30.41917649938579,30.41917649938579,30.41917649938579,1.0,0.0,0.0,0.0,1,0,0.0,0.0,0.49524567643445827,0.5047543235655417,0.0,0.5047543235655417,0.49524567643445827,0.0,0.5047543235655417,0.0,12,1,2023,7,22,4,0,0,2,1,0,1,GRAVE_LESIONADOS,1
3,2,7,0,4,1,-13.55330999559167,-71.96726368186992,0,2,4,1,2,1,1,2,7586.903,2.0,2,0,1.0,9,5,1198.0,0.45616116153228914,66.70694367518927,68.61689824512209,7.454889647349118,708.0783231580124,8666.447457348824,17779.13499998999,2097.3709999899997,2863.123,12818.640999999989,2878.713,14900.421999989989,16.19152450331032,6,3,0,0,3,38.30491264304176,31.970911382607586,48.82146073304048,1.0,0.0,0.0,0.0,3,0,0.6970911382607585,0.0,0.0,1.0,0.0,1.0,0.6970911382607585,0.0,0.3029088617392415,0.6970911382607585,13,2,2022,10,4,1,0,0,2,1,0,1,GRAVE_LESIONADOS,1
3,1,11,1,4,1,-11.667888405571162,-75.31863223712388,2,4,6,1,3,0,1,1,363.4533375685928,2.0,2,0,0.5868204450735637,5,22,94.0846763544804,0.5632441969729867,73.07398957445726,72.48921888769533,9.383568864197763,922.9707857923627,22457.061666293535,12264.545,1826.4639999999995,1105.5389999999998,9332.542,1588.5359999999996,10676.009,12.952261987705208,16,2,0,0,14,41.62866578595633,31.06589777463218,52.191433797280474,1.0,0.0,0.0,0.5868204450735637,2,0,0.0,0.4131795549264363,1.0,0.5868204450735637,0.0,0.0,1.0,0.0,0.4131795549264363,0.5868204450735637,13,3,2023,1,13,4,0,0,2,1,0,1,GRAVE_LESIONADOS,1
4,1,19,0,4,1,-17.182826216211005,-71.58208798888053,0,4,0,0,2,2,2,1,6639.975,2.0,2,0,1.0,9,31,1616.0,0.5837398484794043,74.60697670962855,74.25636768030711,9.10457098773046,997.839259601335,2591.7925265235904,2829.647053410935,641.962586578004,530.4212253161465,1657.263241516784,1074.421122991932,1755.2259304190027,38.53318904763873,8,1,0,0,6,31.764133688905986,25.518290656231276,38.0099767215807,1.0,0.0,0.0,0.8327790710232946,1,0,0.0,0.0,1.0,0.8327790710232946,0.0,0.8327790710232946,1.0,0.0,0.0,0.0,18,1,2023,5,13,4,0,0,0,1,0,1,GRAVE_LESIONADOS,1
3,1,12,0,4,1,-7.175571787483838,-79.40101905605161,0,4,6,0,2,2,2,0,6543.555,2.9277282909886484,2,0,1.0,1,30,1454.9807366038556,0.48811707942362287,78.41292461876425,58.81453781934186,6.1938599930706415,810.7616881554289,24667.55707509376,8931.828000000005,1335.5899999999997,1935.9830000000004,5660.255000000005,1219.309,7712.519000000005,13.651281686122925,8,1,0,0,6,42.07227170901135,29.084075635170272,55.06046778285243,1.0,0.9277282909886485,0.0,0.0,1,0,0.0,0.0,0.9277282909886485,0.9277282909886485,0.9277282909886485,0.0,1.0,0.0,0.07227170901135149,0.9277282909886485,5,0,2024,2,18,2,0,0,0,1,0,1,GRAVE_LESIONADOS,1
3,1,12,0,4,2,-7.7213401643421244,-78.85480244902774,0,4,7,1,3,2,2,1,6543.555,2.0,4,4,1.0,14,33,1198.0,0.5320958191558952,75.30824803392947,56.383262066155936,7.5867523561404,962.2299606883772,9445.943232149284,8931.828000000005,1335.5899999999997,1935.9830000000004,5660.255000000005,1219.309,7712.519000000005,13.651281686122925,4,1,0,0,2,26.78369064450751,26.78369064450751,26.78369064450751,1.0,0.690701039499166,0.0,0.0,1,0,0.0,0.30929896050083405,0.0,0.690701039499166,0.0,0.690701039499166,0.30929896050083405,0.0,0.690701039499166,0.0,11,2,2023,8,17,5,1,0,0,1,0,1,GRAVE_LESIONADOS,1
4,1,5,0,4,1,-7.2728067573363395,-78.34621881791384,0,4,7,1,1,2,2,0,6543.555,2.0,4,4,1.0,14,33,1198.0,0.2873553558039783,76.90892709062756,39.848460945067906,3.670644495748267,332.6719451843518,23609.099341687768,15935.565011852366,1733.9250000199986,935.692,13265.948011832368,2000.1670000199988,13935.398011832369,12.551591352627522,6,2,0,0,3,39.3350693259618,33.19375042653754,45.476388225386046,1.0,0.0,0.0,0.0,2,0,0.5340277303847177,0.46597226961528226,0.0,0.5340277303847177,0.5340277303847177,0.0,0.46597226961528226,0.5340277303847177,0.5340277303847177,0.5340277303847177,15,3,2022,7,17,4,0,0,2,1,0,1,GRAVE_LESIONADOS,1
4,1,19,0,4,1,-5.164671125617723,-80.52075094088744,0,4,7,0,2,2,2,0,1305.18,2.0,2,0,1.0,1,20,163.0,0.6220812987247925,80.20155828147696,72.71675503872983,10.02377668600292,1028.915688621886,159840.92719486082,8965.846000060003,1782.4120000599992,636.9959999999999,6546.438000000004,2214.505000059999,6751.341000000004,24.699342371541725,7,1,0,0,6,32.929091231739264,32.929091231739264,32.929091231739264,1.0,0.0,0.0,1.0,1,0,0.0,0.0,0.0,1.0,0.0,0.3791608639799434,1.0,0.0,1.0,0.0,7,1,2021,10,7,4,0,0,0,1,0,1,GRAVE_LESIONADOS,1
4,1,8,0,4,1,-12.585521788226586,-75.21319081838331,0,4,7,1,2,1,1,0,1092.7904653720254,1.0,0,3,0.0,9,26,147.9508717132957,0.42865241703261164,71.64205850827237,56.27867598219923,5.283204782834789,756.9115478848543,1204.990839660716,8511.426,1445.3929999999996,2008.516,5057.516999999999,1879.579,6631.846999999998,22.08300935706896,5,1,0,0,3,33.680549964468064,33.02082494670209,34.34027498223403,1.0,0.34027498223403085,0.0,0.0,1,0,0.0,0.0,0.0,1.0,0.0,1.0,0.6597250177659691,0.0,0.0,0.0,7,1,2022,5,13,2,0,0,2,1,0,1,GRAVE_LESIONADOS,1
4,1,5,0,4,1,-10.027058182891132,-76.37548885926114,0,4,1,0,1,1,1,2,688.7346956627144,0.8624978983225786,1,0,0.6208326327741929,8,22,110.25825066735476,0.5224984367716581,70.21124088011763,67.29030899857811,7.512387313784072,937.7476042537972,8019.061878965137,16634.58659055102,1871.7318629573747,1666.5109377794047,13096.343789814242,2333.28297381918,14301.303616731842,13.931735222249856,6,1,0,0,4,29.13957527690322,25.724995796645157,32.55415475716128,0.6208326327741929,0.0,0.0,0.0,1,0,0.0,0.6208326327741929,0.0,1.0,0.0,1.0,0.6208326327741929,0.0,0.0,0.0,12,1,2021,5,22,6,1,1,2,1,0,1,GRAVE_LESIONADOS,1
3,2,21,0,4,1,-16.749335457617544,-71.33362277447966,0,4,1,0,2,1,1,1,6629.4647740232,2.1090046253557353,2,0,1.0,8,30,1600.6303478248412,0.681059258712061,76.45525386224702,74.5550987695152,11.424377588717917,1317.397297660615,74770.21293426116,2738.769713463207,618.0708662579979,509.41993901936416,1611.2789081858446,1028.8774871401579,1709.8922263230488,38.140706858348544,5,2,0,0,3,33.72748843661066,25.21800925071147,42.23696762250985,1.0,1.0,0.0,0.8909953746442648,2,0,0.0,0.0,0.10900462535573519,1.0,0.10900462535573519,1.0,0.8909953746442648,0.0,0.10900462535573519,0.10900462535573519,5,0,2021,3,15,1,0,0,0,1,0,1,GRAVE_LESIONADOS,1
6,1,2,0,4,1,-12.430765866138799,-74.8888355113187,0,4,2,0,4,0,1,0,6592.133717205331,2.0,2,1,1.0,11,31,1408.5984628897338,0.40361380051529616,75.61354574224143,47.10815912531181,6.267131104294808,634.8818920394193,1564.327933654781,10543.25684926321,1688.6587727442197,1488.2453557780425,7366.35272074095,2496.4756857511456,8046.781163512066,23.767735112118007,24,1,0,0,23,35.534416665089964,35.534416665089964,35.534416665089964,1.0,0.0,0.0,0.0,1,0,0.0,0.0,1.0,0.0,0.0,0.49617592610111527,0.5038240738988847,0.0,0.49617592610111527,0.0,5,0,2024,1,13,4,0,0,0,1,0,1,GRAVE_LESIONADOS,1
3,1,21,1,4,1,-5.795567884830691,-77.44022816767176,0,4,7,1,2,2,2,1,7758.33400008,2.0,2,0,1.0,9,20,2133.0,0.43062666932582927,73.98159081535302,51.46997476479615,5.594188676647985,706.0306158959858,22530.990290091206,5645.136,815.0759999999999,965.298,3864.762,1013.406,4631.73,17.95184385283189,5,2,0,0,3,34.59778531261536,27.17527683592308,42.020293789307644,1.0,0.17527683592307985,0.0,0.0,2,0,0.17527683592307985,0.0,0.8247231640769201,1.0,1.0,0.0,0.0,0.17527683592307985,1.0,1.0,21,2,2021,9,2,0,0,0,1,1,0,1,GRAVE_LESIONADOS,1
3,2,9,2,2,2,-11.81645420076995,-75.24213303603167,0,3,2,0,2,1,1,0,6543.555,2.0,4,4,1.0,14,33,1198.0,0.578378644570028,79.19095777484078,72.59960134301642,8.73213159159237,934.8663103230784,11349.73822834205,9776.776627625046,1610.7256611365524,1302.242301197798,6863.808665290695,2616.3097173506167,7160.466910274428,26.65153066102524,5,2,0,0,3,25.28813989985818,22.989218090780163,27.587061708936194,1.0,0.0,0.4021563818439675,0.4021563818439675,2,0,0.0,0.0,0.5978436181560325,1.0,0.4021563818439675,0.5978436181560325,0.5978436181560325,0.4021563818439675,0.4021563818439675,0.0,16,2,2021,6,17,5,1,0,0,0,0,1,GRAVE_LESIONADOS,1
6,1,7,0,4,2,-13.788588904038226,-71.56556589176873,6,4,6,0,6,1,1,1,6543.555,2.0,4,4,1.0,14,33,1198.0,0.3011414331257075,63.03211541259824,60.11803073061025,5.423613384260957,312.51480331111907,4087.1008667693886,17779.13499998999,2097.3709999899997,2863.123,12818.640999999989,2878.713,14900.421999989989,16.19152450331032,30,1,0,0,29,38.662256032622594,38.662256032622594,38.662256032622594,1.0,0.10239446279317654,0.0,0.0,1,0,0.0,0.10239446279317654,0.0,0.0,0.0,0.0,1.0,0.10239446279317654,0.10239446279317654,0.0,14,2,2023,9,15,6,1,1,2,1,0,1,GRAVE_LESIONADOS,1
6,1,5,0,4,2,-6.69875955633311,-78.33097327890302,0,4,0,0,2,2,2,0,6543.555,2.0,4,4,1.0,14,33,1198.0,0.19935807809527348,72.49080125477938,38.332383181290744,3.3294693945268534,158.9837200783891,9261.8741581968,15935.565011852366,1733.9250000199986,935.692,13265.948011832368,2000.1670000199988,13935.398011832369,12.551591352627522,7,1,0,0,6,28.168608992714134,28.168608992714134,28.168608992714134,1.0,1.0,0.0,0.9384942635413615,1,0,0.0,1.0,0.0,0.0,0.9384942635413615,0.0,0.06150573645863855,1.0,1.0,1.0,10,1,2024,3,6,5,1,0,2,1,0,1,GRAVE_LESIONADOS,1
6,1,5,0,4,2,-7.07329462470403,-78.78325341239028,4,4,0,1,6,2,2,0,6543.555,2.0,4,4,1.0,14,33,1198.0,0.3334181514351879,65.70103407075928,46.92785453731552,5.377079435778443,426.7373479842607,11921.895074946468,15935.565011852366,1733.9250000199986,935.692,13265.948011832368,2000.1670000199988,13935.398011832369,12.551591352627522,5,1,0,0,4,45.17865005882116,45.17865005882116,45.17865005882116,1.0,0.051334371323677574,0.0,0.051334371323677574,1,0,0.0,0.0,0.051334371323677574,0.9486656286763224,0.0,0.9486656286763224,0.051334371323677574,0.0,0.0,0.0,18,2,2022,3,13,5,1,0,2,1,0,1,GRAVE_LESIONADOS,1
3,1,23,0,4,1,-3.5639688722793923,-80.43391119132443,4,4,7,1,2,2,2,2,6543.555,3.0,2,0,1.0,0,30,1475.0,0.5394676339744812,73.020868739467,68.56731043467705,8.332386609940368,897.6623899723846,6769.049973890446,1009.101,138.47399999999996,287.471,583.156,276.972,732.129,27.447401201663663,6,2,0,0,4,47.71909914825398,44.0,51.43819829650796,1.0,0.38015014195766994,0.0,1.0,2,0,0.0,0.0,1.0,1.0,0.38015014195766994,1.0,0.6198498580423301,0.38015014195766994,0.38015014195766994,0.38015014195766994,14,1,2024,9,14,5,1,0,0,1,1,1,GRAVE_LESIONADOS,1
4,1,7,0,4,1,-13.313048417452446,-72.05060915860496,0,4,7,1,2,1,1,1,3385.67472430327,1.337237750835842,2,1,0.33723775083584207,7,14,925.8799012961377,0.45017524772616746,70.64714251212376,69.82970419978052,6.652642075383929,645.200396726469,10167.312595366177,17779.13499998999,2097.3709999899997,2863.123,12818.640999999989,2878.713,14900.421999989989,16.19152450331032,5,1,0,0,4,31.360664255850896,31.360664255850896,31.360664255850896,1.0,0.0,0.0,0.33723775083584207,1,0,0.0,0.0,0.0,1.0,0.0,1.0,0.33723775083584207,0.0,0.33723775083584207,0.0,17,2,2022,5,26,3,0,1,2,1,0,1,GRAVE_LESIONADOS,1
3,2,3,0,4,1,-15.899583977513906,-71.1653689309376,0,4,0,0,2,0,1,0,1504.4250000000002,2.0,2,0,1.0,7,25,241.0,0.4498224071382834,81.63336343193146,58.84842497065013,5.774685730039019,620.6584683449911,1358.612419700214,10322.272,1495.236,1749.739,7077.2970000000005,2886.595,7435.677000000001,27.964725207783708,6,2,0,0,4,35.41031488188715,24.102692740151735,46.71793702362257,1.0,0.2820629763774305,0.0,0.0,2,0,0.0,0.2820629763774305,0.0,0.7179370236225695,0.0,0.7179370236225695,1.0,0.0,0.0,0.0,7,1,2022,3,14,3,0,0,0,1,0,1,GRAVE_LESIONADOS,1
6,1,7,0,4,1,-13.407824905214191,-71.89885330010307,0,4,0,0,1,1,1,4,6543.555,2.0,4,4,1.0,14,33,1198.0,0.21845908898999902,68.25290017997723,39.966354025109766,3.4957672341293415,202.50247219457384,5771.20602954989,17779.13499998999,2097.3709999899997,2863.123,12818.640999999989,2878.713,14900.421999989989,16.19152450331032,7,1,0,0,6,33.456929009509196,33.456929009509196,33.456929009509196,1.0,0.0,0.0,0.2571784984151342,1,0,0.0,0.0,0.0,1.0,0.0,0.0,1.0,0.0,0.0,0.0,15,3,2023,6,7,2,0,0,2,1,0,1,GRAVE_LESIONADOS,1