CLASE SINIESTRO,CANTIDAD DE VEHICULOS DAÑADOS,DEPARTAMENTO,ZONA,TIPO DE VÍA,RED VIAL,COORDENADAS LATITUD,COORDENADAS  LONGITUD,CONDICIÓN CLIMÁTICA,ZONIFICACIÓN,CARACTERÍSTICAS DE VÍA,PERFIL LONGITUDINAL VÍA,SUPERFICIE DE CALZADA,¿EXISTE SEÑAL VERTICAL?,¿EXISTE SEÑAL HORIZONTAL?,CAUSA FACTOR PRINCIPAL,MTC_RVN_LONGITUD_KM,MTC_RVN_N_CARRILES_MEDIANA,MTC_RVN_SUPERFICIE_DOMINANTE,MTC_RVN_ESTADO_DOMINANTE,MTC_RVN_ES_CONCESIONADA,MTC_RVN_CONCESION_PRINCIPAL,MTC_RVN_CORREDOR_LOGISTICO,MTC_RVN_N_TRAMOS,IDH_2019,IDH_ESP_VIDA_2019,IDH_EDUC_SECUND_PCT_2019,IDH_ANIOS_EDUC_2019,IDH_INGRESO_PERCAP_2019,IDH_POBLACION_2019,MTC_DEP_RED_TOTAL_KM,MTC_DEP_NACIONAL_TOTAL_KM,MTC_DEP_DEPARTAMENTAL_TOTAL_KM,MTC_DEP_VECINAL_TOTAL_KM,MTC_DEP_PAV_TOTAL_KM,MTC_DEP_NO_PAV_TOTAL_KM,MTC_DEP_PCT_PAVIMENTADA,PER_TOTAL_PERSONAS,PER_N_CONDUCTORES,PER_N_CONDUCTORES_FUGADOS,PER_N_PEATONES,PER_N_PASAJEROS_OCUPANTES,PER_EDAD_COND_PROM,PER_EDAD_COND_MIN,PER_EDAD_COND_MAX,PER_ANY_COND_MASCULINO,PER_ANY_LIC_PROBLEMA,PER_ANY_DOSAJE_POS,PER_ANY_DOSAJE_EVALUADO,VEH_TOTAL,VEH_N_FUGADOS,VEH_ANY_FUGADO,VEH_ANY_CARGA,VEH_ANY_PUBLICO,VEH_ANY_PARTICULAR,VEH_ANY_MOTO,VEH_ANY_AUTO,VEH_ANY_CAMION_BUS,VEH_ANY_SOAT_PROBLEMA,VEH_ANY_CITV_PROBLEMA,VEH_ANY_SEGURO_PROBLEMA,HORA_NUM,FRANJA_HORARIA,ANIO,MES,DIA_MES,DIA_SEMANA,ES_FIN_SEMANA,ES_QUINCENA,REGION_NATURAL,TIENE_SEÑALIZACION,ES_VIA_MULTICARRIL,ES_DEPTO_BAJO_PAVIMENTO,CATEGORIA_SEVERIDAD,CATEGORIA_SEVERIDAD_ENC
3,1,13,0,4,1,-11.37874653490245,-77.23238304440416,0,4,6,1,1,2,2,1,828.3883925603614,-0.8982920623325203,0,0,0.9491460311662602,9,15,167.4076000730512,0.5827822434094015,79.09674828590418,62.58851419627713,6.916312599904092,1212.3358787551003,20857.219211779,7692.70361912198,1665.7153285380302,1616.2157021000867,4410.772588483864,1784.5881051975648,5908.1155139244165,23.281563906019365,5,1,0,0,3,55.47457301558313,48.35597778183618,62.593168249330084,1.0,0.05085396883373983,0.0,0.9491460311662602,1,0,0.0,0.05085396883373983,0.0,0.9491460311662602,0.0,0.9491460311662602,0.05085396883373983,0.0,0.05085396883373983,0.0,6,0,2021,11,4,5,0,0,0,1,0,1,GRAVE_LESIONADOS,1
5,1,12,0,4,1,-8.685613151768147,-78.80276773433818,0,4,7,1,2,2,2,0,6543.555,2.778876737110985,2,0,1.0,3,30,1413.748856179743,0.5030994458564513,77.36827207706285,55.1204127224137,6.557141995426606,875.7929042824981,9752.43225454651,8931.828000000005,1335.5899999999997,1935.9830000000004,5660.255000000005,1219.309,7712.519000000005,13.651281686122925,4,1,0,0,2,38.01978126799773,38.01978126799773,38.01978126799773,1.0,0.22112326288901496,0.0,0.0,1,0,0.0,0.0,0.0,1.0,0.0,1.0,0.0,0.0,0.22112326288901496,0.0,7,1,2021,3,20,5,1,1,0,1,0,1,GRAVE_LESIONADOS,1
5,1,8,0,6,3,-14.122011633526537,-73.19908059624623,5,4,3,0,5,1,1,4,6829.705552839588,2.0,3,2,1.0,12,25,1198.0,0.2669438949983699,80.19897441856058,39.19116241064195,4.140310108595515,247.54054059557092,2279.4732668593606,12943.006233576114,1864.2336523885263,1933.1286368257247,9145.643944361864,2712.6494872041276,10230.356746371986,20.88892514197741,5,1,0,0,3,33.113927752383496,31.4683566514301,34.75949885333689,1.0,0.0,0.2742618501588997,1.0,1,0,0.0,0.7257381498411003,0.0,0.2742618501588997,0.0,0.0,1.0,0.2742618501588997,0.2742618501588997,0.0,14,1,2021,4,21,1,0,0,2,1,0,1,GRAVE_LESIONADOS,1
6,1,5,0,4,1,-10.446926266557421,-75.10446343564075,0,3,0,0,1,2,2,0,3839.704663692125,2.0,4,3,0.5476119841428094,11,19,718.0163151755208,0.5035430516579286,68.853540793265,69.56094677847375,7.970518917178286,824.0759668324225,31257.404753717186,16769.57398087981,1898.34361481766,1807.6386857916407,13063.591680270509,2397.6106817902228,14371.963299089588,14.198253488517725,6,1,0,0,5,23.357164047571572,23.357164047571572,23.357164047571572,1.0,0.0,0.0,1.0,1,0,0.0,0.0,0.0,1.0,0.0,0.0,1.0,0.5476119841428094,1.0,0.5476119841428094,7,0,2022,8,6,0,0,0,2,1,0,1,GRAVE_LESIONADOS,1
5,1,8,0,4,1,-13.028173585522948,-75.48043932323401,0,4,1,1,2,2,2,0,1397.3747673545695,1.0,0,3,0.0,9,18,243.2646835772142,0.3555912815396432,69.49720861294908,49.3010869063591,5.925124864990259,454.47366812071573,1180.3655766869958,8511.426,1445.3929999999996,2008.516,5057.516999999999,1879.579,6631.846999999998,22.08300935706896,4,1,0,0,3,23.589667462976454,23.445152239069504,23.734182686883404,1.0,0.0,0.0,0.0,1,0,0.0,0.0,0.0,1.0,0.0,1.0,0.14451522390695026,0.0,0.0,0.0,6,1,2024,4,8,5,0,0,2,1,0,1,GRAVE_LESIONADOS,1
3,2,9,0,4,1,-11.640942082222432,-75.56941921018726,0,4,7,1,2,0,1,1,7447.155696621448,2.0,2,0,1.0,9,8,1198.0,0.5345495157077147,72.45334490332463,76.46579110158422,8.991611505752452,807.1557355042756,14395.929305499893,12064.048790503797,1834.3128215156203,1121.2344999717307,9108.501469016446,1657.0880536774557,10406.960736826342,13.830084591182052,6,2,0,0,4,52.0312057321,50.392705367199994,53.669706097,1.0,0.0,0.0,0.8660587805999996,2,0,0.0,0.13394121940000037,0.8660587805999996,0.13394121940000037,0.0,0.13394121940000037,1.0,0.0,0.0,0.0,19,2,2023,10,3,3,0,0,1,1,0,1,GRAVE_LESIONADOS,1
6,1,13,0,4,1,-11.371807061635373,-77.14117794577172,0,4,7,0,2,1,1,1,271.7328939165941,2.0,2,0,0.056211110792041996,8,2,65.4552666073198,0.6418686027595453,78.58997079579329,70.46136623600987,8.924029610967763,1264.2440523451046,35891.78219465437,7777.855850039803,1672.8259239155936,1607.5515411074855,4497.478385016724,1875.1175716580474,5902.738278381757,24.03178351153923,5,1,0,0,4,62.52671112515015,62.52671112515015,62.52671112515015,0.943788889207958,0.0,0.0,1.0,1,0,0.0,0.0,0.0,1.0,0.0,0.943788889207958,0.056211110792041996,0.0,0.0,0.0,15,2,2022,10,13,0,0,0,0,1,0,1,GRAVE_LESIONADOS,1
3,2,3,0,4,1,-16.04903508264451,-71.33823678562098,0,4,1,0,2,0,1,0,1504.4250000000002,2.0,2,0,1.0,7,25,241.0,0.4685280505645348,81.83746865987648,70.74305753660312,6.037751599761188,617.4715908037651,1751.8736616702354,10322.272,1495.236,1749.739,7077.2970000000005,2886.595,7435.677000000001,27.964725207783708,5,2,0,0,3,53.898768321497855,47.27985523865784,60.517681404337864,1.0,0.0,0.0,0.0,2,0,0.0,0.804202907297781,0.0,1.0,0.0,1.0,1.0,0.0,0.0,0.0,7,1,2021,7,8,5,0,0,0,1,0,1,GRAVE_LESIONADOS,1
3,1,5,0,4,1,-6.319606729001313,-78.84399086001005,0,4,0,0,2,0,1,4,9936.932,2.0,2,0,1.0,9,32,3830.0,0.27642911510720175,79.81249372685174,41.30548084579411,3.7048360905273583,279.6427874859238,5025.430759999385,15935.565011852366,1733.9250000199986,935.692,13265.948011832368,2000.1670000199988,13935.398011832369,12.551591352627522,5,1,0,0,3,44.04836274477208,33.8065490209117,54.290176468632446,1.0,0.0,0.0,0.8193450979088297,1,0,0.0,1.0,0.0,0.0,0.0,0.0,1.0,0.0,0.8193450979088297,0.0,6,0,2023,8,5,4,0,0,2,1,0,1,GRAVE_LESIONADOS,1
4,1,2,0,4,0,-13.246520212764116,-73.8705461153429,0,4,0,0,2,0,0,0,6543.555,2.0,4,4,1.0,14,33,1198.0,0.4707672572463419,76.70574745186151,56.17546147777784,7.046919797775834,726.505238141267,7966.4921675339665,10503.347544013715,1653.727108852374,1535.470447013264,7314.149988148079,2566.930247898692,7936.417296115025,24.525700915726212,5,1,0,0,4,42.38389862135375,41.19703423716473,43.570763005542766,1.0,0.0,0.0,0.0,1,0,0.0,0.0,0.0,0.593432192094509,0.0,0.593432192094509,1.0,0.0,0.40656780790549096,0.0,9,1,2021,7,17,3,0,0,0,1,0,1,GRAVE_LESIONADOS,1
6,1,8,0,4,2,-12.123590589781067,-75.06110703025885,1,4,1,0,7,2,2,2,6543.555,2.0,4,4,1.0,14,33,1198.0,0.386622078650784,75.41728934753255,52.89314023771722,5.610127025812755,485.9545168853407,5343.165378219594,12411.839364628493,1818.8572454358807,1343.270528393686,9249.711590798926,1907.4716781921559,10504.367686436337,15.317306871861598,4,1,0,0,3,51.82069401707599,51.82069401707599,51.82069401707599,0.6443780007424345,0.0,0.0,0.35562199925756555,1,0,0.0,0.0,0.0,1.0,0.0,0.0,1.0,0.0,0.0,0.0,8,1,2022,7,10,1,0,0,2,1,0,1,GRAVE_LESIONADOS,1
6,1,5,0,4,1,-6.789674783473179,-78.8041970653177,0,4,5,0,1,2,2,1,6797.438861927619,2.0,3,3,1.0,12,30,1393.411190748844,0.36454482563107077,67.57887418296278,47.81885081146051,5.482306311497878,526.8994443806548,12162.206825115049,15935.565011852366,1733.9250000199986,935.692,13265.948011832368,2000.1670000199988,13935.398011832369,12.551591352627522,11,1,0,0,10,31.253975555607557,31.253975555607557,31.253975555607557,1.0,0.7910040740654073,0.0,0.7910040740654073,1,0,0.0,0.2089959259345927,0.7910040740654073,0.0,0.0,0.0,1.0,0.0,0.0,0.0,16,1,2023,9,30,4,0,1,2,1,0,1,GRAVE_LESIONADOS,1
4,1,10,0,4,1,-14.464694878329599,-75.42238267867214,0,4,3,1,2,1,0,2,6639.975,2.0,2,0,1.0,9,31,1616.0,0.5803471622312105,77.92974455318111,68.38594560482322,8.798440048271312,988.3805472252006,27932.19700214133,3721.461,698.1859999999996,744.866,2278.409,1102.9029999999996,2618.558,29.636290693359403,5,1,0,0,3,43.04085166591249,33.85701916930629,52.224684162518685,1.0,1.0,0.0,1.0,1,0,0.0,0.0,0.0,1.0,0.0,1.0,0.0,0.5102129164781221,0.5102129164781221,0.0,3,0,2022,1,9,1,0,0,0,1,0,1,GRAVE_LESIONADOS,1
6,1,10,1,4,1,-13.930245571131689,-75.93280490534977,0,3,7,1,2,2,2,1,6639.975,2.0,2,0,1.0,9,31,1616.0,0.6053164595604621,78.88848309050202,67.63954639531094,9.133324993872453,1064.9426147896202,27932.19700214133,3721.461,698.1859999999996,744.866,2278.409,1102.9029999999996,2618.558,29.636290693359403,8,1,0,0,7,35.488601052026134,35.488601052026134,35.488601052026134,1.0,0.0,0.872150263006533,1.0,1,0,0.0,0.0,0.0,0.12784973699346702,0.0,0.0,1.0,0.0,0.0,0.0,3,0,2021,4,7,5,1,0,0,1,0,1,GRAVE_LESIONADOS,1
3,2,3,0,4,1,-16.00461846433302,-71.27944809771527,1,4,0,0,2,0,1,0,1504.4250000000002,2.0,2,0,1.0,7,25,241.0,0.4547047285363043,81.68663651637641,61.95301847620407,5.843348009949211,619.826668012982,1461.2567251074224,10322.272,1495.236,1749.739,7077.2970000000005,2886.595,7435.677000000001,27.964725207783708,7,2,0,0,5,44.089654768453244,36.95915080003137,51.22015873687512,1.0,0.7389920631562439,0.0,0.0,2,0,0.0,1.0,0.0,0.2610079368437561,0.0,0.2610079368437561,1.0,0.0,0.0,0.0,11,2,2022,4,10,6,1,0,0,1,0,1,GRAVE_LESIONADOS,1
7,1,7,0,4,1,-13.955521108938099,-71.48411758043183,5,4,2,0,2,1,0,2,7586.903,2.0,2,0,1.0,9,5,1198.0,0.30526013553826,66.54875956682245,63.87588054811568,5.4612461009870525,285.1011620104628,4438.668271844869,17779.13499998999,2097.3709999899997,2863.123,12818.640999999989,2878.713,14900.421999989989,16.19152450331032,21,1,0,0,20,39.59533196733738,36.22178415242557,42.96887978224919,1.0,0.603112021775081,0.0,1.0,1,0,0.0,0.39688797822491895,1.0,0.0,0.0,0.0,1.0,0.0,0.0,0.0,9,1,2022,2,21,2,0,0,2,1,0,1,GRAVE_LESIONADOS,1
5,1,5,0,4,1,-15.334884125193513,-73.30162508063685,0,4,7,1,2,0,1,2,419.1059230207405,1.211227257103559,1,0,1.0,7,22,49.7015613924542,0.6352138643527198,76.57581819743162,73.68806049555411,9.610038599349542,1203.1184963494063,21460.016027472804,9613.439008277885,1544.7096669041982,1710.1278845487311,6358.601456824956,2604.813825327675,7008.62518295021,26.869071562894984,4,1,0,0,3,31.54503804804478,29.573106190803678,33.51696990528588,1.0,0.7370757523678529,0.0,1.0,1,0,0.0,0.0,0.0,1.0,0.0,1.0,0.0,0.0,0.0,0.0,14,2,2021,4,5,4,0,0,0,1,0,1,GRAVE_LESIONADOS,1
6,1,4,0,4,2,-13.241246546075498,-73.71107314442649,0,4,0,0,4,1,1,2,6543.555,2.0,4,4,1.0,14,33,1198.0,0.25454834938581594,73.2668487372515,59.579748098453756,4.297873332771604,191.5470199282433,2909.6556484159823,8416.217642420168,1343.6354964693,1564.8583555573377,5507.72379039353,1600.4918321865716,6815.725810233596,18.99575977455022,4,1,0,0,3,31.2450137797928,31.2450137797928,31.2450137797928,1.0,0.6245013779792798,0.0,0.0,1,0,0.0,0.0,0.0,1.0,0.0,1.0,0.0,0.6245013779792798,0.6245013779792798,0.6245013779792798,21,2,2021,11,15,4,0,0,2,1,0,1,GRAVE_LESIONADOS,1
6,1,15,0,5,2,-13.178790934312621,-72.39741781076158,0,4,1,1,2,2,2,3,6543.555,2.0,4,4,1.0,14,33,1198.0,0.44850936050859425,72.0766915810632,70.1879260810547,7.1858846443226705,603.5799899174228,12194.206410642168,12950.338065127546,1923.185566657274,1727.0268946751714,9300.125603795099,2447.4229146087173,10502.915150518827,18.5969147685048,4,1,0,0,3,43.466348454103446,43.466348454103446,43.466348454103446,1.0,0.0,0.0,0.5022434363931036,1,0,0.0,0.0,0.0,1.0,0.0,0.5022434363931036,0.49775656360689635,0.0,0.49775656360689635,0.0,8,1,2021,2,19,2,0,1,2,1,0,1,GRAVE_LESIONADOS,1
6,1,4,0,4,1,-13.44497147439604,-74.60713038377853,0,4,0,0,1,2,2,3,1533.3800472995479,0.9706534507489717,1,3,0.6568844835829906,9,26,281.3746793911331,0.2571401217213848,79.08276018255374,45.983698283514826,4.03525229255177,208.93750610512143,3269.3298921548494,12678.733000000004,1805.074000000001,1774.0339999999994,9099.625000000004,2485.375000000001,10193.358000000002,19.602707936195205,5,1,0,0,4,31.343115516417008,31.343115516417008,31.343115516417008,1.0,0.0,0.34311551641700944,1.0,1,0,0.6568844835829906,0.0,0.0,1.0,0.0,0.0,1.0,0.0,0.34311551641700944,0.6568844835829906,15,2,2022,2,22,3,0,1,2,1,0,1,GRAVE_LESIONADOS,1
6,1,9,0,4,1,-11.873020674824929,-75.3174485217283,1,4,7,0,3,1,1,2,7334.511095977935,2.0,2,0,1.0,10,11,1198.0,0.5604528224351359,77.10072116641592,64.3057197853426,8.863641069870974,963.058366723795,9470.089771440194,12364.739468138236,1821.2896355242622,1267.2517994487268,9276.198033165247,1805.4865311854194,10559.252936952817,14.561043252954407,6,1,0,0,5,33.49907895034449,33.49907895034449,33.49907895034449,1.0,0.24190577259175783,0.0,0.24190577259175783,1,0,0.0,0.0,0.0,0.7580942274082422,0.0,0.7580942274082422,0.24190577259175783,0.24190577259175783,0.24190577259175783,0.0,5,0,2023,10,4,4,0,0,2,1,0,1,GRAVE_LESIONADOS,1
6,1,7,0,4,1,-13.067355104810508,-72.41052745705666,1,4,0,0,2,1,1,2,3447.8009999999995,1.0,2,3,0.0,9,12,1109.0,0.4706944943299555,76.79406176595778,61.64424635983724,7.141255198110581,653.4175319142125,3282.6252676659524,17779.13499998999,2097.3709999899997,2863.123,12818.640999999989,2878.713,14900.421999989989,16.19152450331032,4,1,0,0,3,32.21048579837214,32.21048579837214,32.21048579837214,1.0,0.0,0.0,0.6014979711960197,1,0,0.0,0.0,0.0,0.39850202880398033,0.0,1.0,0.0,0.0,0.39850202880398033,0.0,12,2,2023,3,20,3,0,0,2,1,0,1,GRAVE_LESIONADOS,1
3,1,19,0,4,2,-5.3917977517078075,-80.75546489278975,5,4,6,1,5,2,2,0,6543.555,2.0,4,4,1.0,14,33,1198.0,0.4677395763414681,76.42994685186524,62.171193802981726,6.687153338174072,671.4559975694568,43259.247837487135,8965.846000060003,1782.4120000599992,636.9959999999999,6546.438000000004,2214.505000059999,6751.341000000004,24.699342371541725,4,1,0,0,3,37.00958645537495,36.59736887425214,37.42180403649776,1.0,1.0,0.0,0.019172910749898242,1,0,0.0,0.9808270892501018,0.019172910749898242,0.0,1.0,0.0,0.0,1.0,1.0,1.0,21,2,2022,6,10,6,1,0,0,1,0,1,GRAVE_LESIONADOS,1
3,2,12,0,4,1,-7.158264542303224,-79.44921613877327,0,4,7,1,2,2,2,0,6543.555,3.0,2,0,1.0,0,30,1475.0,0.5114727232493018,78.60606800160349,61.153108160372966,6.422343227671115,862.4189512831092,24701.19700214133,8931.828000000005,1335.5899999999997,1935.9830000000004,5660.255000000005,1219.309,7712.519000000005,13.651281686122925,5,2,0,0,3,27.322540924170035,24.137510769518432,30.50757107882164,1.0,1.0,0.0,0.0,2,0,0.0,0.0,1.0,1.0,1.0,0.0,0.2275021539036861,0.7724978460963139,0.0,0.2275021539036861,16,1,2021,1,17,5,0,1,0,1,1,1,GRAVE_LESIONADOS,1
5,1,4,2,3,4,-14.671870937630587,-72.9617586533439,0,0,5,0,6,2,2,0,6543.555,2.0,4,4,1.0,14,33,1198.0,0.6560695342900975,78.61307996813184,78.95020720283539,10.983601923750168,1132.6530054992982,97751.41356997311,9149.148821356064,1327.6802598922852,1568.53553242453,6252.933029039249,2513.3812705675036,6635.76755078856,26.65960702885092,11,1,0,0,10,37.8033857450269,37.632440851459315,37.97433063859449,1.0,0.8290551064324142,0.0,0.1709448935675858,1,0,0.0,0.1709448935675858,0.0,1.0,1.0,0.0,0.1709448935675858,0.8290551064324142,1.0,0.1709448935675858,15,2,2022,9,22,5,0,1,0,1,0,1,GRAVE_LESIONADOS,1
3,2,4,1,4,1,-12.70611733243271,-73.63411271149877,0,4,0,1,6,0,1,5,3373.7779970372,1.0439046136306374,2,2,0.043904613630637246,8,12,1078.3106750721845,0.4110964684154309,73.5626332629212,58.371637857103465,6.368390801231015,525.6141624459401,10483.823863144878,12721.038607602213,1814.5444446831975,1799.5023199887005,9106.991842930316,2521.7577435095964,10199.280864092616,19.808609228818398,6,2,0,0,4,38.53900155687831,29.912190772738725,47.16581234101789,1.0,1.0,0.0,1.0,2,0,0.0,0.9560953863693628,0.0,1.0,0.9560953863693628,0.0,1.0,0.9560953863693628,1.0,0.0,1,0,2021,3,14,0,0,0,2,1,0,1,GRAVE_LESIONADOS,1
6,1,8,2,3,2,-8.842717799215988,-78.00728587649745,2,2,2,1,2,1,1,2,2846.055425788323,2.0,2,1,1.0,10,22,516.1922633000024,0.661617839578656,75.63179195133505,75.56467973792512,10.364378456033513,1296.0568200046891,255104.06291481789,13058.06017916679,1716.4291653760233,1165.4251704150065,10176.205843375763,1936.0001382188411,11122.060040947952,16.446078583215147,5,2,0,0,2,30.656254682550376,23.961096078715237,43.007667968935884,1.0,0.0,0.0,0.0,2,0,0.0,0.0,0.0,1.0,0.3463013070949208,1.0,0.3463013070949208,0.0,1.0,0.3463013070949208,6,1,2021,7,22,3,0,0,1,1,0,1,GRAVE_LESIONADOS,1
3,1,12,0,4,1,-7.279639210085453,-79.23546269681005,0,4,5,0,3,2,2,1,6543.555,2.773936128823672,2,0,1.0,3,30,1412.3803076841573,0.4384169268764888,78.00192093750303,53.838125969643244,5.707654102157846,700.8364864878822,24595.972257376146,8931.828000000005,1335.5899999999997,1935.9830000000004,5660.255000000005,1219.309,7712.519000000005,13.651281686122925,8,1,0,0,6,42.22606387117633,31.390958067644917,53.06116967470774,1.0,0.7739361288236722,0.0,0.0,1,0,0.0,0.0,0.7739361288236722,0.7739361288236722,0.7739361288236722,0.0,1.0,0.0,0.22606387117632776,0.7739361288236722,5,0,2024,2,17,2,0,0,0,1,0,1,GRAVE_LESIONADOS,1
5,1,3,0,4,1,-16.439086334956933,-73.10016408586237,0,4,7,1,2,0,1,0,6639.975,2.0,2,0,1.0,9,31,1616.0,0.6123573060866035,82.39109256297856,63.36788694618898,8.839934954300427,1094.6329423530883,4585.715239453771,10322.272,1495.236,1749.739,7077.2970000000005,2886.595,7435.677000000001,27.964725207783708,4,1,0,0,2,37.09308543420358,32.255316526371374,41.11702521044294,1.0,0.0,0.0,0.8138291315928432,1,0,0.0,0.0,0.0,1.0,0.0,0.8138291315928432,0.1861708684071568,0.0,0.0,0.0,6,0,2021,2,9,1,0,0,0,1,0,1,GRAVE_LESIONADOS,1
3,1,20,0,4,1,-16.138567727040172,-69.57376656947915,0,4,0,0,2,2,2,2,3520.1919021795866,1.5064908173394,2,3,0.5064908173394,11,32,632.4384766709525,0.4020198374784472,77.80062735845667,75.295761294875,7.279851651626652,372.63390314535104,50686.62526766595,13642.312999999998,2020.7790000000005,2354.117,9267.416999999998,3314.0520000000006,10328.260999999997,24.29244952817019,6,1,0,0,5,53.8181535820637,51.1038530774304,56.532454086697,1.0,0.0,0.0,0.49350918266059995,1,0,0.0,0.0,0.49350918266059995,1.0,0.0,0.49350918266059995,1.0,0.49350918266059995,0.0,0.0,16,2,2022,5,28,0,0,1,2,1,0,1,GRAVE_LESIONADOS,1
6,1,12,0,4,0,-10.556219627198747,-76.1378036132753,0,4,3,1,1,1,0,1,5467.759435524598,2.0,3,3,1.0,11,30,985.4439288458652,0.5778475395798592,73.52885877838412,71.11792399414631,9.943743208792924,981.4642451386865,120508.32787135884,11587.097174543653,1817.4171207403583,1009.3151746408,8760.364879162493,1717.090117214527,9870.007057329125,15.36473856154105,12,1,0,0,11,41.84831366220987,41.84831366220987,41.84831366220987,1.0,0.0,0.0,1.0,1,0,0.0,0.7946318153100147,0.2053681846899853,0.0,0.0,0.0,1.0,0.0,0.0,0.0,7,1,2021,8,18,4,0,1,1,1,0,1,GRAVE_LESIONADOS,1
5,2,10,0,4,1,-11.775386361483166,-77.03324721160746,0,4,7,1,2,2,2,4,393.04724931354485,-0.21168303174948022,2,0,0.7372276772498267,11,24,68.34278151828516,0.5380718785327544,79.50862996683371,63.28685136639141,8.098696320506308,833.864504365925,14951.570488015157,3652.675089073687,650.0660811686969,730.377259668201,2272.231748236789,997.9128439898134,2654.7622450838735,27.190853702252717,4,1,0,0,3,44.313861613750866,40.37227677249827,48.255446455003465,1.0,0.26277232275017326,0.0,0.0,1,0,0.0,1.0,0.0,0.26277232275017326,0.26277232275017326,0.0,1.0,0.26277232275017326,0.26277232275017326,0.26277232275017326,3,0,2022,5,19,3,0,0,0,1,0,1,GRAVE_LESIONADOS,1
5,1,3,0,4,1,-16.347003565028295,-73.30041467322279,0,4,7,1,2,0,1,0,6639.975,2.0,2,0,1.0,9,31,1616.0,0.6324795084078212,83.38651873704488,65.56114205190886,8.854061269597924,1160.4924429244056,4792.617177154956,10322.272,1495.236,1749.739,7077.2970000000005,2886.595,7435.677000000001,27.964725207783708,4,1,0,0,3,38.501434614228316,35.70258230561097,40.60057384569133,1.0,0.0,0.0,0.6997130771543372,1,0,0.30028692284566283,0.0,0.0,1.0,0.0,1.0,0.0,0.0,0.0,0.0,5,0,2021,2,16,3,0,0,0,1,0,1,GRAVE_LESIONADOS,1
3,1,12,0,4,1,-7.818327051779202,-78.01374146035494,0,4,7,1,2,2,2,2,9936.932,2.0,2,0,1.0,9,32,3830.0,0.3986882084754764,72.97869269132666,58.65435142755623,5.605762371496486,527.7120199980477,69564.29978586723,8931.828000000005,1335.5899999999997,1935.9830000000004,5660.255000000005,1219.309,7712.519000000005,13.651281686122925,7,1,0,0,5,34.75372926589683,31.73881220230952,37.768646329484135,1.0,0.0,0.0,0.0,1,0,0.0,1.0,0.0,0.0,0.0,0.0,1.0,0.0,1.0,0.0,7,0,2021,8,11,1,0,0,0,1,0,1,GRAVE_LESIONADOS,1
3,1,12,0,4,1,-8.738411613567212,-78.60163424052443,0,4,7,1,2,2,2,0,6543.555,3.0,2,0,1.0,0,30,1475.0,0.5271234710383218,77.23680492485117,53.915607209436644,7.384480178019141,949.6571962889954,67071.86812498013,8805.72537639522,1369.186038210094,1903.4410729501753,5533.098265234949,1276.8360564718198,7528.889319923399,14.631331689757715,5,1,0,0,3,49.96874265724536,35.96592244137207,63.97156287311866,1.0,0.903407755862793,0.0,0.09659224413720702,1,0,0.0,0.903407755862793,0.903407755862793,0.09659224413720702,0.903407755862793,0.09659224413720702,0.903407755862793,0.0,0.903407755862793,0.903407755862793,0,0,2023,5,14,1,0,0,0,1,1,1,GRAVE_LESIONADOS,1
0,1,3,0,6,3,-15.94855822632909,-73.00974361600495,0,4,1,0,6,1,1,0,6543.555,2.0,4,4,1.0,14,33,1198.0,0.523248555377614,82.27382684070783,63.8238756145638,8.67786082480127,704.8240236793202,7940.945659689638,10322.272,1495.236,1749.739,7077.2970000000005,2886.595,7435.677000000001,27.964725207783708,5,1,0,0,3,26.626228748496974,26.626228748496974,26.626228748496974,1.0,0.0,0.0,0.0,1,0,0.0,0.895628541917171,0.0,0.104371458082829,0.0,0.104371458082829,0.895628541917171,0.0,0.895628541917171,0.0,10,1,2021,1,16,0,0,0,0,1,0,1,GRAVE_LESIONADOS,1
3,1,15,1,4,1,-12.935182976578746,-70.4007536553107,5,4,6,1,5,2,2,0,3322.031341285046,2.0,2,0,1.0,5,18,584.177348429108,0.5845936844868347,74.33536713394277,56.780323466476446,8.33128501513824,1208.31839441303,11073.316478289466,2118.6276930497766,404.60297498089346,347.02957964264976,1366.9951384262326,504.36822971795505,1614.259463331821,23.727614655991708,4,2,0,0,2,38.25102052592578,35.22505288531276,41.276988166538786,1.0,0.0,0.0,0.017311760408674326,2,0,0.0,0.0,0.0,1.0,0.9826882395913257,1.0,0.017311760408674326,0.0,0.9826882395913257,0.0,16,2,2022,8,11,3,0,0,0,1,0,1,GRAVE_LESIONADOS,1