CLASE SINIESTRO,CANTIDAD DE VEHICULOS DAÑADOS,DEPARTAMENTO,ZONA,TIPO DE VÍA,RED VIAL,COORDENADAS LATITUD,COORDENADAS  LONGITUD,CONDICIÓN CLIMÁTICA,ZONIFICACIÓN,CARACTERÍSTICAS DE VÍA,PERFIL LONGITUDINAL VÍA,SUPERFICIE DE CALZADA,¿EXISTE SEÑAL VERTICAL?,¿EXISTE SEÑAL HORIZONTAL?,CAUSA FACTOR PRINCIPAL,MTC_RVN_LONGITUD_KM,MTC_RVN_N_CARRILES_MEDIANA,MTC_RVN_SUPERFICIE_DOMINANTE,MTC_RVN_ESTADO_DOMINANTE,MTC_RVN_ES_CONCESIONADA,MTC_RVN_CONCESION_PRINCIPAL,MTC_RVN_CORREDOR_LOGISTICO,MTC_RVN_N_TRAMOS,IDH_2019,IDH_ESP_VIDA_2019,IDH_EDUC_SECUND_PCT_2019,IDH_ANIOS_EDUC_2019,IDH_INGRESO_PERCAP_2019,IDH_POBLACION_2019,MTC_DEP_RED_TOTAL_KM,MTC_DEP_NACIONAL_TOTAL_KM,MTC_DEP_DEPARTAMENTAL_TOTAL_KM,MTC_DEP_VECINAL_TOTAL_KM,MTC_DEP_PAV_TOTAL_KM,MTC_DEP_NO_PAV_TOTAL_KM,MTC_DEP_PCT_PAVIMENTADA,PER_TOTAL_PERSONAS,PER_N_CONDUCTORES,PER_N_CONDUCTORES_FUGADOS,PER_N_PEATONES,PER_N_PASAJEROS_OCUPANTES,PER_EDAD_COND_PROM,PER_EDAD_COND_MIN,PER_EDAD_COND_MAX,PER_ANY_COND_MASCULINO,PER_ANY_LIC_PROBLEMA,PER_ANY_DOSAJE_POS,PER_ANY_DOSAJE_EVALUADO,VEH_TOTAL,VEH_N_FUGADOS,VEH_ANY_FUGADO,VEH_ANY_CARGA,VEH_ANY_PUBLICO,VEH_ANY_PARTICULAR,VEH_ANY_MOTO,VEH_ANY_AUTO,VEH_ANY_CAMION_BUS,VEH_ANY_SOAT_PROBLEMA,VEH_ANY_CITV_PROBLEMA,VEH_ANY_SEGURO_PROBLEMA,HORA_NUM,FRANJA_HORARIA,ANIO,MES,DIA_MES,DIA_SEMANA,ES_FIN_SEMANA,ES_QUINCENA,REGION_NATURAL,TIENE_SEÑALIZACION,ES_VIA_MULTICARRIL,ES_DEPTO_BAJO_PAVIMENTO,CATEGORIA_SEVERIDAD,CATEGORIA_SEVERIDAD_ENC
5,1,3,0,4,1,-5.516705967192373,-78.53200500496479,0,4,0,1,2,1,1,0,7588.565975640213,2.1397521890225355,2,0,1.0,7,21,2041.0430596231718,0.42140631650642013,71.0057567107772,55.26331320008489,5.269340929427707,697.5613814738498,6714.379650007485,3499.2009813375093,1013.0423562868066,543.4351554129116,1942.7234696377916,850.4295355059865,2648.7714458315236,24.629323610930697,15,1,0,0,14,44.83851313413521,44.0,45.677026268270424,1.0,0.0,0.0,0.1397521890225354,1,0,0.0,0.0,1.0,0.1397521890225354,0.0,0.1397521890225354,1.0,0.0,0.0,0.0,15,2,2024,3,22,4,0,1,0,1,0,1,GRAVE_LESIONADOS,1
6,1,7,0,4,1,-14.134856871508834,-71.9048038644716,0,4,5,0,2,2,2,2,2300.633702853275,1.0,1,3,0.0,9,25,683.1907384484525,0.45974334011739226,67.92961940679501,69.89641795209778,6.847677241519479,713.075507439368,9756.06249132543,17779.13499998999,2097.3709999899997,2863.123,12818.640999999989,2878.713,14900.421999989989,16.19152450331032,4,1,0,0,3,41.38217561862335,41.38217561862335,41.38217561862335,1.0,0.0,0.0,0.0,1,0,0.0,0.0,0.0,1.0,0.0,1.0,0.0,0.0,0.0,0.0,9,1,2023,2,25,4,0,1,2,1,0,1,GRAVE_LESIONADOS,1
5,1,5,0,4,1,-7.2790548442201475,-78.54115253856334,0,4,0,0,2,1,1,2,161.59817386304076,2.0,2,0,1.0,11,31,23.57501564082341,0.34607047834103205,74.24265846927969,55.51529093984855,4.615806612695323,410.77535420922356,8242.503394622065,15935.565011852366,1733.9250000199986,935.692,13265.948011832368,2000.1670000199988,13935.398011832369,12.551591352627522,9,1,0,0,8,33.30625055860084,33.24500044688067,33.367500670321,1.0,0.061250111720167144,0.0,1.0,1,0,0.0,0.0,0.9387498882798329,0.061250111720167144,0.0,0.061250111720167144,0.9387498882798329,0.0,0.061250111720167144,0.0,9,0,2023,5,11,5,0,0,2,1,0,1,GRAVE_LESIONADOS,1
3,1,9,0,4,1,-9.695696713215268,-75.9509463733668,0,3,7,1,1,2,2,2,5983.802127041048,2.0,3,1,0.2776888316762922,10,32,596.3147967863514,0.43614467967701076,77.6742838334622,53.18340717047688,6.525246524711031,590.8829902610106,58999.452507939975,13283.946258151573,1800.7669532110606,1058.3743850062767,10424.804919934235,1702.841331477297,11581.104926674276,12.841000227163487,8,1,0,0,7,44.44462233664741,43.0,45.88924467329483,1.0,0.2776888316762922,0.0,0.2776888316762922,1,0,0.0,0.7223111683237078,1.0,0.0,0.0,0.0,1.0,0.2776888316762922,0.2776888316762922,0.2776888316762922,9,1,2022,7,6,5,1,0,2,1,0,1,GRAVE_LESIONADOS,1
6,1,13,0,4,1,-10.01303876340204,-77.19731551912683,3,4,1,0,1,2,2,1,6543.555,2.190456997030046,3,3,1.0,11,32,1250.7565881773228,0.6213817708672099,79.30925497668504,57.62938577474381,10.05964111841355,1169.323863482851,14579.068033452084,7874.957466477681,1617.1595804919884,1663.2479622994222,4594.5499236862715,1701.4452881068037,6173.512178370878,21.865115313139892,6,1,0,0,5,30.38091399406009,30.38091399406009,30.38091399406009,1.0,0.0,0.0,0.8095430029699541,1,0,0.0,0.8095430029699541,0.19045699703004593,0.0,0.0,0.0,1.0,0.0,0.0,0.0,16,3,2022,10,15,0,0,0,0,1,0,1,GRAVE_LESIONADOS,1
6,1,7,0,4,0,-12.365165807899645,-74.93305820518944,0,4,3,0,1,2,2,0,6543.555,2.0,4,4,1.0,14,33,1198.0,0.33267812602186336,75.96338322134864,51.4487338505243,5.3260281329589665,347.0940348140308,5709.579479511355,12447.68076653267,1817.006280205767,1401.1181675477237,9229.55631877918,1985.0788687489562,10462.601897783714,15.89279748501754,5,1,0,0,4,44.326468414338436,44.326468414338436,44.326468414338436,1.0,1.0,0.0,0.44215613811281174,1,0,0.0,0.44215613811281174,0.0,0.0,0.0,0.5578438618871883,0.44215613811281174,0.44215613811281174,0.0,0.0,10,1,2023,2,23,5,1,1,2,1,0,1,GRAVE_LESIONADOS,1
3,2,3,0,4,1,-16.021755200601916,-71.28864890313163,1,4,0,0,2,1,1,1,1504.4250000000002,2.0,2,0,1.0,7,25,241.0,0.4685280505645348,81.83746865987648,70.74305753660312,6.037751599761188,617.4715908037651,1751.8736616702354,10322.272,1495.236,1749.739,7077.2970000000005,2886.595,7435.677000000001,27.964725207783708,5,2,0,0,3,36.68032107179343,33.35855746230107,40.00208468128579,1.0,0.0,0.0,0.0,2,0,0.0,0.07150302433163536,0.0,1.0,0.0,1.0,1.0,0.0,0.0,0.0,13,2,2021,4,8,4,0,0,0,1,0,1,GRAVE_LESIONADOS,1
3,2,10,0,4,1,-9.919732791339891,-77.11779161141277,0,4,0,0,2,1,1,2,740.3542318992737,1.6103425777118847,1,0,0.6103425777118846,8,30,113.63800978008403,0.3747070393411184,73.73294669175002,51.00272389059326,5.62877486651485,465.70278182266014,25930.610936720394,8768.015240355235,1378.3755539395015,1964.2460218108242,5425.393664604909,1476.5881062141739,7291.4271341410595,16.93676695581913,6,2,0,0,4,32.746541599703484,26.948287111440578,38.54479608796638,1.0,0.0,0.0,0.3896574222881154,2,0,0.0,1.0,0.0,0.6103425777118846,0.3896574222881154,0.6103425777118846,1.0,0.0,0.6103425777118846,0.0,12,2,2022,10,11,3,0,0,0,1,0,1,GRAVE_LESIONADOS,1
3,2,17,1,2,3,-14.308305877119036,-71.34807855224773,1,3,2,1,3,2,2,1,6343.311035336291,2.0,3,3,0.7416030197372087,12,32,982.7553154410948,0.5039382048158833,74.99594319099234,72.54559881945976,8.283365982645199,698.5624492776752,64430.34741758117,13286.301909297294,1970.5685907802358,2031.4882151774445,9284.245103339612,2868.1838762048696,10418.118033092424,21.36217931210031,7,2,0,0,4,44.315266434218586,39.607251335532546,51.248090592116256,1.0,0.0,0.7416030197372087,0.7416030197372087,2,0,0.0,0.0,1.0,1.0,0.7416030197372087,1.0,0.25839698026279134,0.0,1.0,0.7416030197372087,13,1,2022,2,12,3,0,0,2,1,0,1,GRAVE_LESIONADOS,1
5,1,16,0,4,0,-6.825988836356169,-79.72119893159307,0,4,7,1,1,2,2,1,6543.555,2.6135566490691824,2,1,1.0,5,31,1367.9551917921635,0.4903534854437383,74.33747659327173,53.453612769862275,7.049510308544383,839.0733362208236,47020.695534241626,8952.699970124851,1609.7406090872032,1138.9808890955696,6203.9784719420795,1829.918122963867,7122.781847160985,20.42989277898146,6,1,0,0,4,51.932216754654085,51.932216754654085,51.932216754654085,1.0,0.0,0.0,0.6135566490691826,1,0,0.0,0.6135566490691826,0.3864433509308174,0.0,0.0,0.0,1.0,0.0,0.6135566490691826,0.0,8,1,2022,5,19,2,0,1,0,1,0,1,GRAVE_LESIONADOS,1
5,1,14,0,4,1,-14.58563145379778,-71.38540229445395,0,4,6,0,2,1,1,2,1735.3413584214004,2.0,1,0,0.3302941754681341,9,29,428.8499901704172,0.3314667865242056,69.66561491215711,60.460390136902845,5.767513396653976,355.81834532633593,15032.423807947684,13324.048138402415,1949.5328948806468,2162.518963811918,9211.99627970985,3040.3448135555936,10283.703324846821,22.7434551958902,6,1,0,0,4,24.11955971975608,20.65147087734067,27.587648562171488,1.0,0.0,0.0,1.0,1,0,0.0,0.3302941754681341,0.0,0.6697058245318659,0.0,1.0,0.3302941754681341,0.0,1.0,0.0,12,2,2022,8,8,3,0,0,2,1,0,1,GRAVE_LESIONADOS,1
3,2,20,0,4,1,-15.808114969025478,-69.99107533713482,0,4,0,1,2,2,2,2,7586.903,2.0,2,0,1.0,9,5,1198.0,0.3320867241363683,69.17618572881145,70.93618687789217,6.426707463083434,291.1494936903756,5349.8398184995085,13642.312999999998,2020.7790000000005,2354.117,9267.416999999998,3314.0520000000006,10328.260999999997,24.29244952817019,13,2,0,0,11,33.59535572251031,28.42786566493813,38.76284578008249,1.0,0.5953557225103119,0.0,0.0,2,0,0.0,0.4046442774896881,0.4046442774896881,0.5953557225103119,0.0,0.5953557225103119,1.0,0.0,0.0,0.0,18,2,2022,5,2,5,0,0,2,1,0,1,GRAVE_LESIONADOS,1
3,1,12,0,3,1,-11.535093517625517,-74.22636060300563,5,4,5,1,5,2,2,0,5867.642716865894,2.0,3,1,0.127795471001105,9,32,471.4536273439205,0.4596841779029002,77.65705040339543,56.66718140636817,7.185443328479883,627.0571362893396,62019.422202023336,12440.61751049025,1851.2965769475793,1265.1016135916175,9324.219319951053,1809.0491299399425,10631.568380550307,14.401486595679794,6,2,0,0,4,30.81150036202431,29.172523007018786,32.83386413003315,1.0,0.0,0.127795471001105,0.127795471001105,2,0,0.0,0.0,1.0,1.0,0.127795471001105,1.0,0.872204528998895,0.0,1.0,0.127795471001105,3,0,2022,3,12,1,0,0,2,1,0,1,GRAVE_LESIONADOS,1
6,1,11,0,4,2,-12.010084851349905,-75.3174469494878,0,4,0,1,2,2,2,1,6543.555,2.0,4,4,1.0,14,33,1198.0,0.5228949435188238,73.48281479441509,71.73174149149777,8.330706322251878,796.6465912298136,13058.15430967626,12264.545,1826.4639999999995,1105.5389999999998,9332.542,1588.5359999999996,10676.009,12.952261987705208,5,1,0,0,4,36.33308234782279,36.33308234782279,36.33308234782279,1.0,0.0,0.0,0.9524168074538876,1,0,0.0,0.04758319254611243,0.0,0.9524168074538876,0.0,0.9524168074538876,0.04758319254611243,0.0,0.0,0.0,6,1,2021,3,19,5,1,0,2,1,0,1,GRAVE_LESIONADOS,1
4,2,13,0,4,1,-14.640133981509637,-71.7833864897807,0,4,4,0,1,1,1,2,1565.8588139290837,0.8435886959007939,1,1,0.6145295653002646,7,25,335.6042061029511,0.27584854303909173,78.78104556697507,57.874381881477014,4.92189428466069,199.00619408435057,1702.0008268627876,13270.88139853203,1937.6310998830943,2130.512153828073,9202.738144820862,2994.621516584328,10276.2598819477,22.484692798082165,5,2,0,0,2,33.433902319033955,28.312822608198413,36.916236522402116,1.0,0.0,0.3854704346997354,0.3854704346997354,2,0,0.0,0.0,0.0,1.0,0.0,0.6145295653002646,1.0,0.6145295653002646,1.0,0.0,20,2,2022,3,25,3,0,1,2,1,0,1,GRAVE_LESIONADOS,1
3,1,16,0,4,1,-6.838384051556147,-79.42450178930568,0,4,1,0,2,2,2,2,6543.555,2.8417592581847373,2,0,1.0,2,30,1431.1673145171721,0.39267060870050574,71.87937131523583,55.692032530449666,6.158826547826687,519.9012503737764,4012.104998815315,8869.81364986137,1703.2978005318043,741.6091126548118,6424.906736674754,2090.788906803012,6779.024743058358,23.503061940685004,5,1,0,0,3,38.78791666183132,22.37361112722894,55.202222196433695,1.0,0.1582407418152627,0.0,0.8417592581847373,1,0,0.0,0.8417592581847373,0.0,1.0,0.0,1.0,0.8417592581847373,0.1582407418152627,1.0,0.1582407418152627,17,2,2021,2,27,3,0,1,0,1,0,1,GRAVE_LESIONADOS,1
7,1,10,0,4,1,-14.602333748635246,-75.20381760025833,0,4,0,0,2,2,2,0,6639.975,2.0,2,0,1.0,9,31,1616.0,0.5892942276960502,80.49322893161863,82.69420204373051,8.805210355385114,889.4874436690819,1150.352864718129,3721.461,698.1859999999996,744.866,2278.409,1102.9029999999996,2618.558,29.636290693359403,18,1,0,0,16,51.324448379025284,50.25818825658683,52.39070850146374,1.0,0.0,0.0,0.0,1,0,0.0,0.3046457492681304,0.6953542507318696,0.3046457492681304,0.0,0.3046457492681304,1.0,0.0,0.0,0.0,8,0,2024,3,24,2,0,1,0,1,0,1,GRAVE_LESIONADOS,1
5,1,12,0,4,2,-7.739027472428368,-78.5180386283498,1,4,0,0,6,2,2,5,6543.555,2.0,4,4,1.0,14,33,1198.0,0.22247473310432886,76.21615103476861,32.21611402675111,3.5951381172403916,223.22247561688397,24284.943381477595,8931.828000000005,1335.5899999999997,1935.9830000000004,5660.255000000005,1219.309,7712.519000000005,13.651281686122925,4,1,0,0,3,42.15420351655092,41.096957912239574,43.21144912086227,1.0,0.0,0.0,0.0,1,0,0.0,0.0,0.10572456043113487,0.0,0.10572456043113487,0.0,0.8942754395688651,0.0,0.8942754395688651,0.0,9,1,2021,3,10,4,0,0,0,1,0,1,GRAVE_LESIONADOS,1
4,1,8,0,4,1,-10.878161070337201,-75.85023699669549,0,4,7,1,2,1,1,0,1768.4824059346402,1.3351922414197555,1,1,0.33519224141975545,9,32,322.5303775904941,0.3156134089515946,77.83690932777176,48.1520856584548,4.936949417524668,485.8997685006734,19575.756786579277,9397.894040928653,1389.1021005736982,1873.5554561890194,6135.236484165936,1778.1703314277784,7619.723709500875,18.44903690258348,4,1,0,0,3,42.988846551481465,40.30730862012342,45.67038448283951,1.0,0.33519224141975545,0.0,0.33519224141975545,1,0,0.0,0.0,0.0,1.0,0.33519224141975545,1.0,0.0,0.33519224141975545,1.0,0.33519224141975545,15,2,2023,10,3,5,1,0,0,1,0,1,GRAVE_LESIONADOS,1
5,1,12,0,4,1,-7.872254346254286,-78.08842654728699,0,4,7,1,1,2,2,2,9936.932,2.0,2,0,1.0,9,32,3830.0,0.3986882084754764,72.97869269132666,58.65435142755623,5.605762371496486,527.7120199980477,69564.29978586723,8931.828000000005,1335.5899999999997,1935.9830000000004,5660.255000000005,1219.309,7712.519000000005,13.651281686122925,6,1,0,0,5,43.565829550425114,42.42110606723348,44.71055303361674,1.0,0.0,0.0,0.0,1,0,0.0,0.2861808707979073,0.0,0.7138191292020927,0.0,0.0,1.0,0.0,0.2861808707979073,0.0,13,2,2023,9,20,3,0,0,0,1,0,1,GRAVE_LESIONADOS,1
3,1,3,0,4,2,-15.7508302452578,-72.02178078321664,4,4,6,1,5,2,2,0,6562.734559180543,2.0,3,3,1.0,13,32,1281.14722814216,0.4898847134783701,76.53579449444173,68.48349372168894,7.5211604629457245,700.8038491926548,2161.4038266134644,10322.272,1495.236,1749.739,7077.2970000000005,2886.595,7435.677000000001,27.964725207783708,14,1,0,0,13,44.02166372525551,44.02166372525551,44.02166372525551,1.0,0.8010831862627753,0.0,0.1989168137372247,1,0,0.0,0.0,0.1989168137372247,0.8010831862627753,0.0,0.0,1.0,0.0,0.0,0.0,18,1,2023,7,23,1,0,0,0,1,0,1,GRAVE_LESIONADOS,1
3,1,3,0,4,1,-15.980868317535672,-71.26161394277621,2,4,0,0,2,0,1,0,1473.669728521739,1.9363525578249854,1,0,0.9363525578249854,7,25,243.29130791830053,0.4498224071382834,81.63336343193146,58.84842497065013,5.774685730039019,620.6584683449911,1358.612419700214,10322.272,1495.236,1749.739,7077.2970000000005,2886.595,7435.677000000001,27.964725207783708,10,2,0,0,8,38.618115346949914,32.06364744217502,45.17258325172481,1.0,0.9363525578249854,0.0,0.06364744217501461,2,0,0.0,0.9363525578249854,0.06364744217501461,0.0,0.0,0.0,1.0,0.0,0.0,0.0,13,3,2023,3,11,5,0,0,0,1,0,1,GRAVE_LESIONADOS,1
3,1,14,0,4,1,-11.563019056012456,-77.20473223737407,0,4,7,1,2,2,2,1,794.153450594472,-0.9444262697621324,0,0,0.9814754232540441,9,15,170.9476977125783,0.6063684418947015,79.04840003594549,64.14852583023875,7.186113685267881,1272.0151396046638,21049.986744290603,7626.313,1683.4029999999998,1599.0829999999996,4343.827000000001,1814.875,5811.438000000001,23.797541485643197,5,1,0,0,3,54.7868037952807,47.425738120875366,62.14786946968603,1.0,0.018524576745955867,0.0,1.0,1,0,0.0,0.0,0.0,1.0,0.0,0.9814754232540441,0.018524576745955867,0.0,0.0,0.0,7,1,2021,11,5,5,0,0,0,1,0,1,GRAVE_LESIONADOS,1
6,1,10,0,4,1,-14.583402565936849,-75.21402567276577,0,4,0,0,2,2,2,0,6639.975,2.0,2,0,1.0,9,31,1616.0,0.5855258369441982,80.37643154295489,81.32750795587627,8.81385872066641,881.572534327585,1077.759409800755,3721.461,698.1859999999996,744.866,2278.409,1102.9029999999996,2618.558,29.636290693359403,15,1,0,0,14,50.59222500460737,49.06000455299388,52.12444545622086,1.0,0.0,0.0,0.0,1,0,0.0,0.43777727188956894,0.5622227281104311,0.43777727188956894,0.0,0.43777727188956894,1.0,0.0,0.0,0.0,10,0,2024,4,23,2,0,1,0,1,0,1,GRAVE_LESIONADOS,1
6,1,12,0,4,1,-8.446680479276806,-78.71238780159413,0,4,7,1,1,2,2,2,6616.943538799024,2.978373007538206,2,0,1.0,0,30,1525.9315672475243,0.502837337248868,77.04301185834366,51.67495476267485,6.691332222374744,892.8294415342175,67654.63090109573,8931.828000000005,1335.5899999999997,1935.9830000000004,5660.255000000005,1219.309,7712.519000000005,13.651281686122925,4,1,0,0,3,22.540674811544843,22.540674811544843,22.540674811544843,1.0,0.0,0.0,0.0,1,0,0.0,0.9783730075382062,0.0,0.02162699246179378,0.0,0.0,1.0,0.0,0.0,0.0,21,2,2023,3,11,5,1,0,0,1,0,1,GRAVE_LESIONADOS,1
4,1,3,1,4,0,-16.357028839811722,-72.4821035735696,0,1,7,1,0,2,2,0,6590.183041698219,2.0,3,2,1.0,11,32,1400.1418941076095,0.616523483127545,79.28785310275155,61.76101126790305,9.883212389914146,1123.3410532608414,4624.059523126317,10322.272,1495.236,1749.739,7077.2970000000005,2886.595,7435.677000000001,27.964725207783708,4,1,0,0,2,38.79101737973918,34.68047647085238,42.90155828862598,0.483593048104329,0.0,0.0,0.0,1,0,0.0,0.0,0.0,0.483593048104329,0.0,0.0,1.0,0.0,0.0,0.0,8,1,2023,6,13,2,0,0,0,1,0,1,GRAVE_LESIONADOS,1
6,1,12,0,4,1,-8.16004120571946,-78.48038579148545,0,4,7,1,1,2,2,2,8243.797647717889,2.0,2,1,1.0,11,32,2516.7566983549086,0.45180238936714545,75.05142230491869,55.09498476420369,6.159383454160991,713.9153325227941,68590.40303047873,8931.828000000005,1335.5899999999997,1935.9830000000004,5660.255000000005,1219.309,7712.519000000005,13.651281686122925,6,1,0,0,5,37.51990017809395,37.51990017809395,37.51990017809395,1.0,0.4989526222055818,0.0,0.0,1,0,0.0,0.0,0.0,1.0,0.0,0.4989526222055818,0.5010473777944182,0.0,0.4989526222055818,0.0,11,2,2023,8,27,5,1,1,0,1,0,1,GRAVE_LESIONADOS,1
3,1,12,0,4,1,-7.891270831535151,-79.12469507132003,0,4,7,1,2,2,2,1,6543.555,3.0,2,0,1.0,0,30,1475.0,0.5721567587688113,77.67102283812494,66.21373667954742,8.464777379360486,978.4498488219192,15563.077087794432,8931.828000000005,1335.5899999999997,1935.9830000000004,5660.255000000005,1219.309,7712.519000000005,13.651281686122925,12,1,0,0,10,44.54924427919718,43.5317379862893,45.56675057210506,1.0,0.0,0.0,0.0,1,0,0.0,0.678337528605253,1.0,0.0,0.0,0.0,1.0,0.0,0.0,0.0,9,1,2023,6,3,0,0,0,0,1,1,1,GRAVE_LESIONADOS,1
5,1,10,0,4,1,-12.900866445490562,-76.10602523190141,0,4,5,1,2,1,1,4,627.6736032751278,1.1321617775250237,1,3,0.0,9,28,244.0351466742493,0.6038853552463074,79.0406002484798,75.64889462780242,8.989451475103905,1025.5181882131913,7204.274614771797,3686.8650114972743,673.9840066525072,737.5788639108252,2275.3021409339417,1050.0980261134314,2636.766985383843,28.406354084406196,9,1,0,0,8,64.29947022929933,63.77082311919924,64.82811733939943,1.0,0.0,0.0,0.8678382224749763,1,0,0.0,0.13216177752502367,0.0,1.0,0.0,0.0,1.0,0.13216177752502367,0.13216177752502367,0.13216177752502367,18,2,2021,4,17,0,0,0,0,1,0,1,GRAVE_LESIONADOS,1
4,1,7,0,4,1,-13.188115347524189,-71.83627688195848,0,4,4,0,3,2,2,2,6543.555,2.0,4,4,1.0,14,33,1198.0,0.32872789681759096,70.16783512442652,59.23499131562889,5.533867260011157,342.3304663175432,5283.865009775328,17779.13499998999,2097.3709999899997,2863.123,12818.640999999989,2878.713,14900.421999989989,16.19152450331032,5,1,0,0,3,45.61251216038972,35.82643617929337,55.39858814148608,1.0,0.0,0.0,0.0,1,0,0.0,0.0,0.0,1.0,0.3763875377344753,0.0,0.6236124622655247,1.0,0.6236124622655247,0.6236124622655247,16,2,2022,6,16,4,0,0,2,1,0,1,GRAVE_LESIONADOS,1
6,1,8,0,4,2,-13.048412432739832,-74.93573326193531,2,4,6,0,1,2,2,0,6543.555,2.0,4,4,1.0,14,33,1198.0,0.40918077935806785,67.83744091889845,58.56549736677438,6.42509741957452,580.0772555813097,2604.4573093783965,8511.426,1445.3929999999996,2008.516,5057.516999999999,1879.579,6631.846999999998,22.08300935706896,8,1,0,0,7,31.44525879865132,31.44525879865132,31.44525879865132,1.0,0.0,0.0,0.0,1,0,0.0,0.0,0.0,0.32773706006743397,0.0,0.0,1.0,0.0,0.0,0.0,12,3,2023,7,18,2,0,0,2,1,0,1,GRAVE_LESIONADOS,1
6,1,5,0,4,1,-5.886068896983635,-78.81052945852839,0,4,1,0,1,2,2,0,7493.992998091899,2.0,2,0,1.0,10,22,1929.5400810825693,0.4499437694298757,72.73090427766593,50.26338247783162,5.771006093207174,801.7035300049882,12821.524602455798,15935.565011852366,1733.9250000199986,935.692,13265.948011832368,2000.1670000199988,13935.398011832369,12.551591352627522,6,1,0,0,5,34.694374851866755,34.694374851866755,34.694374851866755,1.0,0.21760419135554088,0.0,0.21760419135554088,1,0,0.0,0.7823958086444591,0.21760419135554088,0.0,0.0,0.0,1.0,0.0,0.0,0.0,8,1,2022,4,30,3,0,1,2,1,0,1,GRAVE_LESIONADOS,1
3,2,18,2,3,2,-7.533423045762566,-77.36188729057473,0,1,3,0,2,2,2,0,6543.555,2.0,4,4,1.0,14,33,1198.0,0.5595003577509503,77.67735706299065,67.17647439135321,9.512844189340333,853.6104423620861,104771.62464395323,3098.109938171388,457.642297461225,981.5091524326435,1658.9584882775193,496.06079385917855,2602.049144312209,15.35498995932317,4,2,0,0,2,34.815496385671146,29.12300240955257,40.50799036178972,1.0,0.0,0.0,0.5307506023881423,2,0,0.0,0.5307506023881423,0.4692493976118577,1.0,1.0,0.0,0.5307506023881423,0.4692493976118577,1.0,1.0,13,1,2022,8,17,1,0,0,0,1,0,1,GRAVE_LESIONADOS,1
7,1,7,0,4,2,-12.591929676934468,-73.25831690127731,0,4,6,0,2,2,2,1,6543.555,2.0,4,4,1.0,14,33,1198.0,0.4297325556987851,76.15904795703717,58.63823936731875,6.097264629229048,579.625724446144,29458.58458244112,17779.13499998999,2097.3709999899997,2863.123,12818.640999999989,2878.713,14900.421999989989,16.19152450331032,4,1,0,0,3,29.843974533445866,29.843974533445866,29.843974533445866,1.0,0.5898343944397556,0.0,0.5898343944397556,1,0,0.0,1.0,0.0,0.0,0.0,0.0,1.0,0.0,0.0,0.0,13,3,2023,4,12,3,0,0,2,1,0,1,GRAVE_LESIONADOS,1
3,2,20,0,4,1,-15.781423834286898,-70.02160138040144,0,4,0,1,2,2,2,2,7586.903,2.0,2,0,1.0,9,5,1198.0,0.32619541560347953,69.2357221636061,70.5833850306163,6.399027218063411,278.44609348331096,5098.088168340502,13642.312999999998,2020.7790000000005,2354.117,9267.416999999998,3314.0520000000006,10328.260999999997,24.29244952817019,8,2,0,0,6,33.79938362887535,27.203698226747917,40.39506903100278,1.0,0.7993836288753473,0.0,0.0,2,0,0.0,0.2006163711246527,0.2006163711246527,0.7993836288753473,0.0,0.7993836288753473,1.0,0.0,0.0,0.0,20,2,2022,3,1,5,0,0,2,1,0,1,GRAVE_LESIONADOS,1
5,1,12,0,4,1,-7.962357780413683,-78.54277800164849,0,4,7,1,2,2,2,4,8961.911855822958,2.2873303332276493,2,0,1.0,6,31,3153.3370652488857,0.4723342836790334,76.99249964353953,49.67235480080721,6.899960206527305,752.9810201361439,13855.859351359964,8931.828000000005,1335.5899999999997,1935.9830000000004,5660.255000000005,1219.309,7712.519000000005,13.651281686122925,18,1,0,0,17,49.43099549984147,49.0,49.861990999682945,1.0,0.0,0.0,0.0,1,0,0.0,0.28733033322764945,1.0,0.0,0.0,0.0,1.0,0.0,0.0,0.0,8,1,2023,5,21,2,0,0,0,1,0,1,GRAVE_LESIONADOS,1
3,1,20,0,4,1,-15.486803779008603,-70.50780136832934,0,4,0,1,2,1,1,2,1546.093692115276,2.0,2,0,1.0,6,24,268.36035809884856,0.44436478129090645,76.81805609859673,67.33534504138406,6.818622355810453,556.3957339623439,7202.380106391267,13642.312999999998,2020.7790000000005,2354.117,9267.416999999998,3314.0520000000006,10328.260999999997,24.29244952817019,5,2,0,0,3,45.68113999392665,43.92398340900519,47.43829657884812,1.0,0.16189561005235842,0.0,1.0,2,0,0.0,0.0,0.0,1.0,0.0,0.8381043899476416,1.0,0.0,1.0,0.0,8,1,2021,10,2,3,0,0,2,1,0,1,GRAVE_LESIONADOS,1