CLASE SINIESTRO,CANTIDAD DE VEHICULOS DAÑADOS,DEPARTAMENTO,ZONA,TIPO DE VÍA,RED VIAL,COORDENADAS LATITUD,COORDENADAS  LONGITUD,CONDICIÓN CLIMÁTICA,ZONIFICACIÓN,CARACTERÍSTICAS DE VÍA,PERFIL LONGITUDINAL VÍA,SUPERFICIE DE CALZADA,¿EXISTE SEÑAL VERTICAL?,¿EXISTE SEÑAL HORIZONTAL?,CAUSA FACTOR PRINCIPAL,MTC_RVN_LONGITUD_KM,MTC_RVN_N_CARRILES_MEDIANA,MTC_RVN_SUPERFICIE_DOMINANTE,MTC_RVN_ESTADO_DOMINANTE,MTC_RVN_ES_CONCESIONADA,MTC_RVN_CONCESION_PRINCIPAL,MTC_RVN_CORREDOR_LOGISTICO,MTC_RVN_N_TRAMOS,IDH_2019,IDH_ESP_VIDA_2019,IDH_EDUC_SECUND_PCT_2019,IDH_ANIOS_EDUC_2019,IDH_INGRESO_PERCAP_2019,IDH_POBLACION_2019,MTC_DEP_RED_TOTAL_KM,MTC_DEP_NACIONAL_TOTAL_KM,MTC_DEP_DEPARTAMENTAL_TOTAL_KM,MTC_DEP_VECINAL_TOTAL_KM,MTC_DEP_PAV_TOTAL_KM,MTC_DEP_NO_PAV_TOTAL_KM,MTC_DEP_PCT_PAVIMENTADA,PER_TOTAL_PERSONAS,PER_N_CONDUCTORES,PER_N_CONDUCTORES_FUGADOS,PER_N_PEATONES,PER_N_PASAJEROS_OCUPANTES,PER_EDAD_COND_PROM,PER_EDAD_COND_MIN,PER_EDAD_COND_MAX,PER_ANY_COND_MASCULINO,PER_ANY_LIC_PROBLEMA,PER_ANY_DOSAJE_POS,PER_ANY_DOSAJE_EVALUADO,VEH_TOTAL,VEH_N_FUGADOS,VEH_ANY_FUGADO,VEH_ANY_CARGA,VEH_ANY_PUBLICO,VEH_ANY_PARTICULAR,VEH_ANY_MOTO,VEH_ANY_AUTO,VEH_ANY_CAMION_BUS,VEH_ANY_SOAT_PROBLEMA,VEH_ANY_CITV_PROBLEMA,VEH_ANY_SEGURO_PROBLEMA,HORA_NUM,FRANJA_HORARIA,ANIO,MES,DIA_MES,DIA_SEMANA,ES_FIN_SEMANA,ES_QUINCENA,REGION_NATURAL,TIENE_SEÑALIZACION,ES_VIA_MULTICARRIL,ES_DEPTO_BAJO_PAVIMENTO,CATEGORIA_SEVERIDAD,CATEGORIA_SEVERIDAD_ENC
5,1,15,2,4,1,-10.741817740390093,-76.87675708978068,5,2,5,1,2,2,2,0,6615.937942352556,2.0,2,0,1.0,10,31,1511.7945436980724,0.6506765304999993,76.93317118698401,68.3656028118677,9.310612593080364,1346.2417330465478,93546.87826653158,7132.414786363915,1466.9331166165457,1441.0833465973271,4224.3983231500415,1615.072505127154,5517.342281236761,22.340236248250374,5,1,0,0,4,39.64296857488241,38.77043484986627,40.51550229989855,1.0,0.24929535000461134,0.0,0.0,1,0,0.0,0.0,0.0,0.24929535000461134,0.24929535000461134,0.0,0.7507046499953887,0.24929535000461134,1.0,0.24929535000461134,13,1,2021,10,27,3,0,1,0,1,0,1,GRAVE_LESIONADOS,1
5,1,13,0,4,0,-12.301955957172437,-74.74230786075957,2,4,6,1,2,1,1,1,7352.267827625252,2.0,2,0,1.0,10,11,1198.0,0.5538764918280807,74.66651042609364,68.37141230636212,9.277102289319277,935.3058925562825,8731.141718138108,12574.38680941777,1870.1628746995239,1386.327686280434,9317.896248437812,1976.5817374676385,10597.805071950132,15.50252025083407,5,1,0,0,4,28.47375458248085,27.34932068135319,29.59818848360851,1.0,0.0,0.0,0.0,1,0,0.0,0.0,0.0,1.0,0.0,1.0,0.22488678022553177,0.22488678022553177,0.22488678022553177,0.0,8,0,2022,9,7,4,0,0,2,1,0,1,GRAVE_LESIONADOS,1
3,2,20,0,4,1,-15.756479035978455,-69.96321607598125,3,4,7,1,2,2,2,2,7586.903,2.0,2,0,1.0,9,5,1198.0,0.32508994606035696,69.09993577001283,68.1003144688649,6.349766962750541,295.233466588341,6323.987196978102,13642.312999999998,2020.7790000000005,2354.117,9267.416999999998,3314.0520000000006,10328.260999999997,24.29244952817019,5,2,0,0,3,35.57090497545542,26.519448786391237,44.6223611645196,1.0,0.0,0.5194487863912376,0.5194487863912376,2,0,0.0,0.0,0.0,1.0,0.5194487863912376,1.0,0.0,0.0,1.0,1.0,16,2,2021,7,27,4,0,1,2,1,0,1,GRAVE_LESIONADOS,1
6,1,20,0,4,1,-16.014104771191104,-69.61848107758202,0,4,7,1,2,1,1,2,1631.319943665254,2.0,1,0,0.5626887557907294,9,25,324.6337045996421,0.3266783809576087,71.77326662293319,72.58023520180096,7.307808607067723,281.09676472014615,17826.85773680181,13642.312999999998,2020.7790000000005,2354.117,9267.416999999998,3314.0520000000006,10328.260999999997,24.29244952817019,6,1,0,0,5,34.755285162140424,34.755285162140424,34.755285162140424,1.0,0.0,0.0,0.4373112442092706,1,0,0.0,0.0,0.0,1.0,0.0,1.0,0.0,0.0,0.4373112442092706,0.0,9,1,2022,5,12,3,0,0,2,1,0,1,GRAVE_LESIONADOS,1
9,1,10,0,4,1,-14.63782567278814,-75.18467964459265,0,4,0,0,2,2,2,0,6639.975,2.0,2,0,1.0,9,31,1616.0,0.596359155486035,80.71219908925491,85.2564615538262,8.78899651763919,904.3262081826799,1286.4500878536855,3721.461,698.1859999999996,744.866,2278.409,1102.9029999999996,2618.558,29.636290693359403,22,1,0,0,21,52.69721081451827,52.504526787393544,52.889894841643006,1.0,0.0,0.0,0.0,1,0,0.0,0.05505257917849549,0.9449474208215045,0.05505257917849549,0.0,0.05505257917849549,1.0,0.0,0.0,0.0,4,0,2024,3,27,2,0,1,0,1,0,1,GRAVE_LESIONADOS,1
5,1,9,0,4,1,-9.39744462625411,-76.71199434533585,1,4,1,0,1,2,2,0,6543.555,2.0,4,4,1.0,14,33,1198.0,0.36987624166441746,76.66446602522264,50.21198301512864,4.85084720366833,517.2428221025375,19311.19507341836,8350.409792176217,1333.891045206678,1015.7109937080252,6000.8077532615125,1091.0427396803375,7259.367052495878,13.055656354306745,5,1,0,0,4,41.0,40.02214676449238,41.97785323550762,1.0,0.0,0.0,0.0,1,0,0.0,0.19557064710152305,0.0,0.804429352898477,0.0,1.0,0.19557064710152305,0.0,1.0,0.0,17,2,2021,6,26,3,0,1,1,1,0,1,GRAVE_LESIONADOS,1
3,2,16,0,4,1,-10.756885895716682,-76.44959892717172,0,4,4,0,2,1,1,0,6578.104628026229,2.641675710161496,2,0,1.0,3,30,1525.523724867229,0.6050553654009945,75.4026253533882,69.97696301043241,10.299485089898722,1051.4511369146614,77667.86379197295,3169.7640089301594,556.4882294725192,617.2149884382516,1996.0607910193885,834.2677043196278,2335.4963046105313,27.49278253756353,5,2,0,0,3,32.39581072459626,26.28335142032299,38.50827002886953,1.0,1.0,0.0,0.35832428983850406,2,0,0.0,0.0,0.6416757101614959,1.0,0.6416757101614959,1.0,0.35832428983850406,0.0,0.6416757101614959,0.6416757101614959,5,0,2021,5,9,1,0,0,0,1,0,1,GRAVE_LESIONADOS,1
6,1,22,0,4,1,-17.180842170798655,-70.33570889156314,0,4,7,1,6,2,2,4,5627.210741374485,2.0,3,3,1.0,13,30,1015.6247504495478,0.26049330340954124,71.68135448100894,65.71553751696922,6.580502937643835,170.392753702598,1338.9834140775197,2650.572,630.6729999999998,487.3610000000001,1532.5379999999998,1068.7019999999998,1581.87,40.31967439480987,4,1,0,0,3,38.36548146202495,38.36548146202495,38.36548146202495,1.0,0.0,0.0,1.0,1,0,0.0,0.8172592689875229,0.0,0.18274073101247712,0.0,0.18274073101247712,0.8172592689875229,0.0,0.0,0.0,12,3,2024,1,9,2,0,0,0,1,0,1,GRAVE_LESIONADOS,1
6,1,10,0,4,1,-14.461339533646434,-75.40332459413943,0,3,7,1,2,2,2,0,6639.975,2.0,2,0,1.0,9,31,1616.0,0.5778988163891842,77.83573616037422,68.45913322308112,8.765603154492998,980.8733107456749,27932.19700214133,3721.461,698.1859999999996,744.866,2278.409,1102.9029999999996,2618.558,29.636290693359403,6,1,0,0,5,36.56024146378305,36.56024146378305,36.56024146378305,0.4397585362169475,0.5602414637830525,0.4397585362169475,0.4397585362169475,1,0,0.0,0.0,0.0,0.5602414637830525,0.0,0.5602414637830525,0.4397585362169475,0.5602414637830525,0.5602414637830525,0.5602414637830525,11,1,2021,7,17,6,1,0,0,1,0,1,GRAVE_LESIONADOS,1
6,1,8,0,4,1,-10.583157264525036,-75.5428782105997,4,4,6,1,4,1,1,0,6831.545844807894,2.0,2,0,0.2550036525010757,9,32,1248.5876559162273,0.4893862542711834,77.21924244923439,58.63584250350354,7.800425203429439,717.4445012897284,62222.941828549825,11882.830797582097,1841.4069590329102,1135.4208380073808,8906.003000541805,1719.0486543756178,10163.78214320648,14.62350233580225,5,1,0,0,3,35.255003652501074,24.08005844001721,46.42994886498494,1.0,0.7449963474989243,0.0,0.0,1,0,0.0,0.7449963474989243,0.0,1.0,0.7449963474989243,0.2550036525010757,0.7449963474989243,0.0,0.7449963474989243,0.7449963474989243,8,2,2022,5,19,2,0,0,1,1,0,1,GRAVE_LESIONADOS,1
5,1,22,0,4,1,-18.02388276397105,-70.73587409827297,0,4,5,1,2,2,2,1,3164.3484233423114,2.0,2,0,1.0,9,31,714.0989313144603,0.5600447755114204,74.019222822321,70.87670295515777,8.862543154064424,928.6518641060171,2927.9909563815104,2650.572,630.6729999999998,487.3610000000001,1532.5379999999998,1068.7019999999998,1581.87,40.31967439480987,6,1,0,0,5,24.91892580507,22.94979907992,26.88805253022,1.0,0.7374497699799998,0.0,1.0,1,0,0.0,0.0,0.2625502300200002,1.0,0.0,1.0,0.2625502300200002,0.0,0.0,0.0,13,1,2023,3,7,1,0,0,0,1,0,1,GRAVE_LESIONADOS,1
5,1,9,0,4,1,-9.726214936363215,-76.28243151448441,0,4,0,0,1,2,2,2,6543.555,2.039253053071,3,3,1.0,13,32,1208.873095700667,0.2108579828101637,77.59831739896227,35.98533579305583,2.21059045580692,343.7568063653977,24759.81490954786,8237.42796842118,1333.5609024480855,836.8827282315424,6066.984337741552,1066.1178993121707,7171.310069109009,12.939913786637302,5,1,0,0,3,45.097179779367,45.097179779367,45.097179779367,1.0,0.03925305307099991,0.0,0.0,1,0,0.0,0.9607469469290001,0.03925305307099991,0.03925305307099991,0.03925305307099991,0.0,0.9607469469290001,0.03925305307099991,0.9607469469290001,0.0,16,2,2021,4,3,0,0,0,1,1,0,1,GRAVE_LESIONADOS,1
3,2,3,1,4,1,-16.58925183847847,-71.70297211172681,0,3,7,1,2,0,0,0,1353.820357978745,1.3054442265484818,4,1,0.3054442265484817,9,32,260.33984727076,0.6733370263135505,76.97877887337638,78.09081066928049,10.907166205798415,1262.8045698488072,22263.132175075032,10322.272,1495.236,1749.739,7077.2970000000005,2886.595,7435.677000000001,27.964725207783708,10,2,0,0,8,46.6401135079667,28.221776906193927,65.05845010973948,1.0,0.3054442265484817,0.0,0.3054442265484817,2,0,0.0,0.0,0.6945557734515183,0.3054442265484817,0.3054442265484817,0.3054442265484817,0.6945557734515183,0.3054442265484817,0.3054442265484817,1.0,16,2,2023,5,18,1,0,0,0,1,0,1,GRAVE_LESIONADOS,1
6,1,12,0,4,1,-11.439993684887067,-76.6015041333181,0,4,7,0,2,0,0,1,1437.6624451309879,1.74460367900338,1,0,0.0,9,18,588.6903746134467,0.33978284261485686,75.89122068420964,65.45137464124711,4.093533467837586,409.5020591207579,1414.8708745914835,7852.367603866282,1622.6161216395942,1703.6506818946089,4526.1008003320785,1831.4001635537652,6020.967440312516,23.359656287774833,4,1,0,0,3,44.67984782704394,44.67984782704394,44.67984782704394,1.0,0.2553963209966199,0.0,0.0,1,0,0.0,0.0,0.0,1.0,0.0,1.0,0.0,0.0,0.0,0.0,13,2,2021,8,10,3,0,0,0,1,0,1,GRAVE_LESIONADOS,1
3,1,23,2,4,0,-8.541415386812037,-74.68111338931489,0,0,7,0,3,2,2,0,6548.13666214991,2.0,3,3,1.0,13,32,1217.862422512572,0.5609415319168729,74.4810318831145,61.18896608684874,9.602619741325912,951.0673320459694,113334.37896390102,2923.742435421258,454.0284543337606,1325.1957786026614,1144.5182024848357,335.40623936138877,2588.3361960598695,10.396501984102375,5,2,0,0,3,38.14255327162133,27.09503551441422,49.19007102882844,1.0,0.0,0.0,0.0,2,0,0.0,0.0,1.0,0.9524822427928896,0.9524822427928896,0.0,0.04751775720711038,0.9524822427928896,1.0,0.9524822427928896,19,1,2022,7,7,0,0,0,0,1,0,1,GRAVE_LESIONADOS,1
5,1,10,0,4,1,-14.850697243033668,-74.98206724363773,0,4,5,1,2,1,1,0,6639.975,2.0,2,0,1.0,9,31,1616.0,0.5563774842369664,77.00938809632027,69.10246351364754,8.476961866273152,914.8835608305218,27932.19700214133,3721.461,698.1859999999996,744.866,2278.409,1102.9029999999996,2618.558,29.636290693359403,4,1,0,0,3,30.166610367591783,26.21929528250483,34.113925452678735,1.0,0.21929528250483066,0.0,0.21929528250483066,1,0,0.0,0.0,0.0,1.0,0.0,0.21929528250483066,0.7807047174951693,0.21929528250483066,0.21929528250483066,0.0,4,0,2023,2,25,2,0,1,0,1,0,1,GRAVE_LESIONADOS,1
5,2,20,0,4,0,-4.590676761616674,-80.46715978777107,5,4,2,0,2,2,2,2,6543.555,2.706232498531782,2,1,1.0,4,30,1393.6264020933036,0.5347122701832828,76.30784404940952,66.86936305451692,8.737885912432208,830.1330614117907,11218.843181905713,1729.0047014230006,249.10331584291322,405.641033838101,1074.2603517419861,402.22946857852315,1326.7752328444772,25.356538502749956,26,1,0,0,25,34.649859988254256,33.768557483849605,35.53116249265891,1.0,0.0,0.0,1.0,1,0,0.0,0.0,0.29376750146821806,0.29376750146821806,0.0,0.29376750146821806,1.0,0.0,0.0,0.0,13,1,2023,7,20,3,0,0,0,1,0,1,GRAVE_LESIONADOS,1
3,1,16,0,4,1,-13.644157058382008,-71.99696167966164,3,4,5,0,2,2,2,1,3337.217217935153,2.0,2,0,1.0,7,26,1021.0635410286959,0.5827208201921538,73.47951729751951,77.89374799052533,10.026174082656356,937.9378708340163,238169.54994075946,14140.747740829403,1958.4317314063405,2045.8245429970389,10136.491466426025,3028.4811486238823,11112.266592205522,21.74059235259774,5,1,0,0,3,37.000985944926164,32.305076567988905,41.69689532186342,1.0,0.21734843717712338,0.0,0.0,1,0,0.0,0.21734843717712338,0.0,0.7826515628228766,0.0,0.7826515628228766,1.0,0.0,0.0,0.0,22,2,2022,9,25,4,0,1,2,1,0,1,GRAVE_LESIONADOS,1
4,1,14,2,2,4,-11.91346882786194,-77.07918125101816,0,1,7,0,1,2,2,0,6543.555,2.0,4,4,1.0,14,33,1198.0,0.7151164197510598,79.89649898357195,76.46480368718355,10.560378467379751,1474.1615101409232,372962.62927354424,7626.313,1683.4029999999998,1599.0829999999996,4343.827000000001,1814.875,5811.438000000001,23.797541485643197,9,1,0,6,1,30.455318410061928,30.455318410061928,30.455318410061928,1.0,0.4553184100619284,0.0,0.0,1,0,0.0,0.0,0.5446815899380716,1.0,1.0,0.5446815899380716,0.0,0.4553184100619284,1.0,0.4553184100619284,12,2,2024,7,9,2,0,0,0,1,0,1,GRAVE_LESIONADOS,1
1,1,3,0,6,3,-16.285211111862687,-72.7386767233209,1,4,1,0,5,1,1,0,6572.666672283889,2.0,3,2,1.0,12,32,1324.2049265159249,0.5566018763857826,81.51637180535049,68.55014186847379,8.71260962563176,841.0570065910448,7993.617476118813,10322.272,1495.236,1749.739,7077.2970000000005,2886.595,7435.677000000001,27.964725207783708,5,1,0,0,3,33.85006719955513,31.13273624586297,36.56739815324729,1.0,0.0,0.0,0.30192566152135114,1,0,0.0,0.6980743384786489,0.0,0.30192566152135114,0.0,0.30192566152135114,1.0,0.0,0.6980743384786489,0.0,8,1,2022,3,20,1,0,1,0,1,0,1,GRAVE_LESIONADOS,1
4,1,4,0,3,2,-10.441572111800943,-76.02213233008091,3,3,4,0,1,1,1,1,6543.555,2.612047831345108,2,1,1.0,5,31,1367.537249282595,0.44908206910590487,76.41201672298085,59.698038117651166,5.932737772093568,714.2127471429973,75607.86080006503,13757.875814608891,1641.3250848281725,1251.503299037009,10865.047430743709,2344.058664968659,11413.817149640232,18.531150057503503,5,1,0,0,3,46.07710012093749,43.74938710900813,48.404813132866835,1.0,0.387952168654892,0.0,1.0,1,0,0.0,1.0,0.387952168654892,0.0,0.387952168654892,0.0,1.0,0.0,0.387952168654892,0.0,6,1,2025,2,12,2,0,0,1,1,0,1,GRAVE_LESIONADOS,1
6,1,3,0,4,1,-16.294005654843094,-72.11833342142482,0,4,0,0,2,0,1,0,6624.556164914774,2.0,2,0,1.0,9,31,1549.1562635799146,0.5486174058121548,77.85526049061899,55.622370033132,7.537417759886177,1015.302083391269,926.1596831249599,10322.272,1495.236,1749.739,7077.2970000000005,2886.595,7435.677000000001,27.964725207783708,37,1,0,0,36,38.2409543047346,38.2409543047346,38.2409543047346,1.0,0.15991324502412751,0.0,0.0,1,0,0.0,0.15991324502412751,0.8400867549758725,0.0,0.0,0.0,1.0,0.0,0.15991324502412751,0.0,7,0,2023,2,4,4,0,0,0,1,0,1,GRAVE_LESIONADOS,1
6,1,17,0,4,1,-6.498533120018536,-78.12425918414556,0,4,2,0,5,2,2,0,6543.555,2.0,4,4,1.0,14,33,1198.0,0.5012003584042395,76.49019682770049,57.35681828178922,6.916648995699575,840.459003118365,30591.338132662102,4775.002180127832,695.6255778502186,855.5799440698927,3223.79665820772,889.9593513837292,3885.042828744102,18.898703443409847,8,1,0,0,6,31.569466643127956,30.175943415797786,32.96298987045813,1.0,0.0,0.0,0.0,1,0,0.0,0.3981494935229065,0.0,1.0,0.0,0.0,1.0,0.6018505064770935,0.6018505064770935,0.6018505064770935,12,2,2023,3,20,3,0,1,0,1,0,1,GRAVE_LESIONADOS,1
6,1,8,0,4,1,-11.44397567309278,-75.82122555037728,0,4,7,0,2,1,1,0,986.0410627851279,2.0,2,0,1.0,7,27,159.22453735135684,0.5961284044641748,79.39116785917237,70.06915364709444,8.718424012553854,1023.5069695811924,34149.69704854426,9515.859224205464,1402.646457375849,1857.7545267059145,6255.458240123701,1919.6227729247826,7596.236451280682,19.663388568925306,5,1,0,0,4,23.899839101015715,23.899839101015715,23.899839101015715,0.5799678202031429,0.0,0.0,0.42003217979685714,1,0,0.0,0.0,0.0,1.0,0.0,0.0,1.0,0.0,0.5799678202031429,0.0,9,1,2022,7,5,2,0,0,0,1,0,1,GRAVE_LESIONADOS,1
3,1,10,0,4,1,-10.701758943268654,-75.0700186242069,0,3,7,1,1,2,2,2,5808.863953387949,2.0,3,1,0.051946718147109716,9,32,408.2716162165424,0.4477905443469116,78.11067568167768,53.32800223550266,6.876114429949258,608.1875904306194,61046.424953659436,12455.242441868095,1821.656902650423,1096.7160057628676,9536.869533454803,1609.9188795386515,10845.323562329442,12.931448463155004,9,1,0,0,7,44.89610656370578,43.0,46.792213127411564,1.0,0.051946718147109716,0.0,0.051946718147109716,1,0,0.0,0.9480532818528903,1.0,0.0,0.0,0.0,1.0,0.051946718147109716,0.051946718147109716,0.051946718147109716,10,1,2022,9,2,5,1,0,2,1,0,1,GRAVE_LESIONADOS,1
6,1,13,0,4,1,-11.131385633767492,-77.55825286995189,0,4,7,1,2,2,2,2,6543.555,3.0,2,0,1.0,0,30,1475.0,0.7170871812117365,78.13504945006642,74.61029812146063,13.166639494216742,1370.966442425469,62400.9624346089,7716.06839921605,1659.4905251011808,1622.245195758675,4434.332678356194,1773.9292704683548,5942.139128747696,23.099976464287106,6,1,0,0,5,35.03748667075852,35.03748667075852,35.03748667075852,0.06875095208867732,0.0,0.0,0.9312490479113227,1,0,0.0,0.06875095208867732,0.0,0.9312490479113227,0.0,0.9312490479113227,0.06875095208867732,0.0,0.0,0.0,9,1,2023,9,19,4,0,0,0,1,1,1,GRAVE_LESIONADOS,1
6,1,5,0,4,2,-7.209939462802391,-78.46326840902444,3,4,0,0,1,2,2,0,6543.555,2.0,4,4,1.0,14,33,1198.0,0.311691364645437,74.16319720491438,46.36522736809295,4.162347310589266,366.8621425119536,9384.82068226314,15935.565011852366,1733.9250000199986,935.692,13265.948011832368,2000.1670000199988,13935.398011832369,12.551591352627522,7,1,0,0,6,41.433453155395355,39.40387678001551,42.95563543693024,0.4926059061550394,0.4926059061550394,0.0,0.0,1,0,0.0,0.4926059061550394,0.5073940938449606,0.0,0.0,0.5073940938449606,0.4926059061550394,0.4926059061550394,1.0,0.4926059061550394,14,3,2022,4,18,3,0,0,2,1,0,1,GRAVE_LESIONADOS,1
3,1,3,0,4,0,-15.696844064393082,-71.59141991049472,2,4,0,0,2,0,1,0,6543.555,2.0,4,4,1.0,14,33,1198.0,0.5649362269939818,77.38255516262952,62.90799914166011,8.553205457677265,965.713524953966,7715.586723768736,10322.272,1495.236,1749.739,7077.2970000000005,2886.595,7435.677000000001,27.964725207783708,6,1,0,0,4,31.328919778210725,29.986759334632172,32.671080221789275,1.0,0.0,0.0,0.0,1,0,0.0,0.0,0.0,1.0,0.0,1.0,0.6710802217892756,0.0,0.0,0.0,13,3,2021,11,18,4,0,0,0,1,0,1,GRAVE_LESIONADOS,1
4,1,19,0,3,2,-5.158401838334511,-80.67653378024205,3,4,7,1,2,1,1,2,6543.555,2.5083116942766948,2,1,1.0,6,31,1338.8023393146443,0.6284892298050515,78.57172854628676,74.75239662900424,10.510650297128791,1049.0181409848435,181431.47757907535,8965.846000060003,1782.4120000599992,636.9959999999999,6546.438000000004,2214.505000059999,6751.341000000004,24.699342371541725,5,1,0,0,4,32.6710389043714,26.03324677710678,39.308831031636025,1.0,0.49168830572330546,0.0,0.5083116942766945,1,0,0.0,0.0,0.0,1.0,0.49168830572330546,0.5083116942766945,0.0,1.0,0.5083116942766945,0.0,15,1,2021,5,5,4,0,0,0,1,0,1,GRAVE_LESIONADOS,1
6,1,12,0,4,1,-7.901927105435689,-79.08344045192814,0,4,7,1,2,2,2,0,6543.555,2.9760245526234685,2,0,1.0,0,30,1468.3588010767007,0.5622216419067788,77.56740993900041,65.11396013988409,8.329062131235426,958.2315155536553,15510.448670534997,8931.828000000005,1335.5899999999997,1935.9830000000004,5660.255000000005,1219.309,7712.519000000005,13.651281686122925,10,1,0,0,9,31.784220973611216,31.784220973611216,31.784220973611216,1.0,0.0,0.0,0.0,1,0,0.0,0.0,0.9760245526234683,0.023975447376531678,0.0,0.0,1.0,0.0,0.0,0.0,16,2,2021,10,8,0,0,0,0,1,0,1,GRAVE_LESIONADOS,1
3,1,2,0,4,2,-13.352200145849292,-73.79486507921148,4,4,5,1,6,2,2,0,6543.555,2.0,4,4,1.0,14,33,1198.0,0.3827752706534297,74.96732526597826,56.77838377165904,6.486189253540759,441.75670790349864,2087.8536490400793,10461.685980375572,1617.2617349472534,1584.769003615882,7259.6552418124365,2640.478188815172,7821.2077915604,25.316945974119218,9,1,0,0,8,42.678568970073115,42.678568970073115,42.678568970073115,1.0,0.6869746452984187,0.0,0.0,1,0,0.0,0.0,0.3130253547015813,0.6869746452984187,0.0,0.3130253547015813,0.6869746452984187,0.0,0.3130253547015813,0.0,16,1,2023,4,26,1,0,1,0,1,0,1,GRAVE_LESIONADOS,1
6,1,3,0,4,1,-13.356735882767012,-73.59289658520915,0,4,0,0,6,2,2,1,6731.495208013995,2.0,3,3,1.0,13,27,1198.0,0.2688215020973819,75.4447646510705,55.64272099685779,4.362329573067054,220.9544593997461,2734.6486651144623,8386.43300156877,1311.8020443056548,1426.0660905020125,5648.564866761102,1513.1832043427717,6873.249797225998,18.029955696301634,4,1,0,0,3,40.40395557418985,40.40395557418985,40.40395557418985,1.0,0.819868147527005,0.0,0.0,1,0,0.0,0.0,0.0,1.0,0.0,1.0,0.0,0.819868147527005,0.819868147527005,0.819868147527005,21,2,2021,11,24,4,0,1,2,1,0,1,GRAVE_LESIONADOS,1
4,1,7,0,4,0,-12.971731761079669,-71.83388396026157,2,4,0,0,4,1,0,4,6543.555,2.0,4,4,1.0,14,33,1198.0,0.3314839464538123,67.07971085637722,62.074280593349556,5.94941870860157,348.36415231169644,5225.653397703975,17779.13499998999,2097.3709999899997,2863.123,12818.640999999989,2878.713,14900.421999989989,16.19152450331032,4,1,0,0,2,46.093359072401014,34.495844152621586,57.690873992180435,1.0,0.5539417338546375,0.0,0.0,1,0,0.0,0.0,0.0,1.0,0.4460582661453625,0.5539417338546375,0.0,1.0,0.5539417338546375,0.0,12,1,2021,4,17,4,0,1,2,1,0,1,GRAVE_LESIONADOS,1
4,1,1,0,4,1,-9.760556599066756,-77.44854583986584,0,4,3,0,2,1,1,2,9936.932,2.0,2,0,1.0,9,32,3830.0,0.3867528385604188,72.96935415333066,61.08892967796554,6.714989814594231,441.01265174610865,2773.4676121279645,10767.648,1885.0630000000003,1222.721,7659.864000000001,2100.343,8667.305000000002,19.506051832303577,13,1,0,0,11,40.81247640445348,29.549417507183882,52.075535301723065,1.0,0.5494175071838826,0.0,0.4505824928161174,1,0,0.0,0.0,1.0,0.5494175071838826,0.5494175071838826,0.0,1.0,0.0,0.5494175071838826,0.5494175071838826,7,0,2022,5,18,0,0,0,0,1,0,1,GRAVE_LESIONADOS,1
4,1,19,0,4,1,-5.192031265653881,-80.32096135299534,0,2,7,0,2,0,1,0,160.7880750515967,-0.14342478485398125,2,0,0.0,9,32,62.98145702810328,0.476241967060873,75.32369706553992,61.51406135960826,6.910981427670884,710.4485507288364,76001.63420637186,8965.846000060003,1782.4120000599992,636.9959999999999,6546.438000000004,2214.505000059999,6751.341000000004,24.699342371541725,6,2,0,0,4,29.332450334671584,27.14342478485398,30.569725645438055,1.0,0.2855250717153396,0.2855250717153396,1.0,2,0,0.0,0.0,1.0,0.2855250717153396,1.0,0.2855250717153396,0.0,0.7144749282846604,1.0,1.0,15,1,2022,6,9,0,0,0,0,1,0,1,GRAVE_LESIONADOS,1
6,1,1,0,4,2,-9.077878328074124,-77.22848557570137,0,4,1,0,7,2,2,0,6543.555,2.0,4,4,1.0,14,33,1198.0,0.27138671863801517,73.6124791968888,44.781867643980014,5.13920131657744,223.56361458472745,2627.371041616139,10767.648,1885.0630000000003,1222.721,7659.864000000001,2100.343,8667.305000000002,19.506051832303577,7,1,0,0,6,32.40391495441729,32.40391495441729,32.40391495441729,1.0,0.0,0.0,0.0,1,0,0.0,0.7019574772086441,0.2980425227913559,0.0,0.0,0.2980425227913559,0.7019574772086441,0.0,0.2980425227913559,0.0,4,0,2023,1,7,5,0,0,0,1,0,1,GRAVE_LESIONADOS,1