CLASE SINIESTRO,CANTIDAD DE VEHICULOS DAÑADOS,DEPARTAMENTO,ZONA,TIPO DE VÍA,RED VIAL,COORDENADAS LATITUD,COORDENADAS  LONGITUD,CONDICIÓN CLIMÁTICA,ZONIFICACIÓN,CARACTERÍSTICAS DE VÍA,PERFIL LONGITUDINAL VÍA,SUPERFICIE DE CALZADA,¿EXISTE SEÑAL VERTICAL?,¿EXISTE SEÑAL HORIZONTAL?,CAUSA FACTOR PRINCIPAL,MTC_RVN_LONGITUD_KM,MTC_RVN_N_CARRILES_MEDIANA,MTC_RVN_SUPERFICIE_DOMINANTE,MTC_RVN_ESTADO_DOMINANTE,MTC_RVN_ES_CONCESIONADA,MTC_RVN_CONCESION_PRINCIPAL,MTC_RVN_CORREDOR_LOGISTICO,MTC_RVN_N_TRAMOS,IDH_2019,IDH_ESP_VIDA_2019,IDH_EDUC_SECUND_PCT_2019,IDH_ANIOS_EDUC_2019,IDH_INGRESO_PERCAP_2019,IDH_POBLACION_2019,MTC_DEP_RED_TOTAL_KM,MTC_DEP_NACIONAL_TOTAL_KM,MTC_DEP_DEPARTAMENTAL_TOTAL_KM,MTC_DEP_VECINAL_TOTAL_KM,MTC_DEP_PAV_TOTAL_KM,MTC_DEP_NO_PAV_TOTAL_KM,MTC_DEP_PCT_PAVIMENTADA,PER_TOTAL_PERSONAS,PER_N_CONDUCTORES,PER_N_CONDUCTORES_FUGADOS,PER_N_PEATONES,PER_N_PASAJEROS_OCUPANTES,PER_EDAD_COND_PROM,PER_EDAD_COND_MIN,PER_EDAD_COND_MAX,PER_ANY_COND_MASCULINO,PER_ANY_LIC_PROBLEMA,PER_ANY_DOSAJE_POS,PER_ANY_DOSAJE_EVALUADO,VEH_TOTAL,VEH_N_FUGADOS,VEH_ANY_FUGADO,VEH_ANY_CARGA,VEH_ANY_PUBLICO,VEH_ANY_PARTICULAR,VEH_ANY_MOTO,VEH_ANY_AUTO,VEH_ANY_CAMION_BUS,VEH_ANY_SOAT_PROBLEMA,VEH_ANY_CITV_PROBLEMA,VEH_ANY_SEGURO_PROBLEMA,HORA_NUM,FRANJA_HORARIA,ANIO,MES,DIA_MES,DIA_SEMANA,ES_FIN_SEMANA,ES_QUINCENA,REGION_NATURAL,TIENE_SEÑALIZACION,ES_VIA_MULTICARRIL,ES_DEPTO_BAJO_PAVIMENTO,CATEGORIA_SEVERIDAD,CATEGORIA_SEVERIDAD_ENC
4,1,5,0,4,1,-6.359312183490466,-78.85279010839268,0,4,1,0,2,0,1,3,9936.932,2.0,2,0,1.0,9,32,3830.0,0.2825323257943999,77.87502663202426,44.56540712242108,3.7919199307836635,291.37275757831037,5084.4523772662915,15935.565011852366,1733.9250000199986,935.692,13265.948011832368,2000.1670000199988,13935.398011832369,12.551591352627522,5,1,0,0,4,43.54224641602354,35.83101433590584,51.253478496141234,1.0,0.0,0.0,0.6168985664094155,1,0,0.0,1.0,0.0,0.0,0.0,0.0,1.0,0.0,0.6168985664094155,0.0,6,0,2023,6,5,4,0,0,2,1,0,1,GRAVE_LESIONADOS,1
3,1,6,0,4,1,-13.255863238605368,-73.6659239654318,0,4,5,0,2,1,1,1,7415.346029100105,2.0,2,0,1.0,9,9,1198.0,0.35015933085658735,75.22725279835828,68.47289899252766,5.542864218076636,336.0631893429928,5343.980237252677,12837.173775292351,1840.5422200070955,1869.4166358516275,9127.214919433629,2621.633770778699,10215.540004513652,20.373838816613326,4,1,0,0,3,50.040272779362084,40.84899496975192,59.231550588972254,1.0,1.0,0.0,0.1644292900354396,1,0,0.0,0.8355707099645604,0.8355707099645604,0.1644292900354396,0.8355707099645604,0.0,1.0,0.0,0.8355707099645604,0.0,6,1,2022,6,25,0,0,1,2,1,0,1,GRAVE_LESIONADOS,1
3,1,14,2,2,4,-12.224232897710252,-76.94050128891588,0,0,7,0,2,2,2,0,6543.555,2.0,4,4,1.0,14,33,1198.0,0.6987453002439922,80.1372635746898,74.36911427185738,9.996228937025663,1431.7614411160093,458947.9354107879,7626.313,1683.4029999999998,1599.0829999999996,4343.827000000001,1814.875,5811.438000000001,23.797541485643197,5,1,0,0,3,74.08196979063152,74.08196979063152,74.08196979063152,1.0,0.9672132068082684,0.0,0.0,1,0,0.0,0.0,0.03278679319173161,0.9672132068082684,1.0,0.0,0.9672132068082684,1.0,1.0,0.9672132068082684,18,1,2024,4,20,5,0,1,0,1,0,1,GRAVE_LESIONADOS,1
3,1,14,0,2,4,-12.178054863847493,-76.92184020039218,0,3,2,0,1,2,2,2,6543.555,2.0,4,4,1.0,14,33,1198.0,0.6938634721396952,79.99676102176497,74.11031473009041,9.864540729530106,1419.7836855663006,455511.9349143904,7626.313,1683.4029999999998,1599.0829999999996,4343.827000000001,1814.875,5811.438000000001,23.797541485643197,8,1,0,0,6,30.561344618649624,26.174790805145882,34.94789843215337,1.0,1.0,0.0,0.5613446186496255,1,0,0.0,1.0,0.4386553813503745,0.0,0.0,0.0,1.0,1.0,0.5613446186496255,0.4386553813503745,13,2,2021,2,23,4,0,1,0,1,0,1,GRAVE_LESIONADOS,1
3,2,14,0,4,1,-11.157935364989141,-77.55122060663464,0,4,4,0,2,2,2,2,6543.555,2.606647161252238,2,1,1.0,5,31,1366.04126366687,0.7327345537337897,78.20903814342847,76.31492653513806,13.642917835589472,1405.6698219039215,62016.21841541756,7626.313,1683.4029999999998,1599.0829999999996,4343.827000000001,1814.875,5811.438000000001,23.797541485643197,5,2,0,0,3,43.46676419373881,31.540175548729856,55.39335283874776,1.0,0.0,0.0,1.0,2,0,0.0,0.0,0.39335283874776183,0.6066471612522382,0.0,0.6066471612522382,1.0,0.0,0.0,0.0,16,1,2023,7,15,0,0,0,0,1,0,1,GRAVE_LESIONADOS,1
3,1,11,0,4,1,-8.723725717951261,-78.05047877535117,0,4,0,0,2,2,2,1,661.7039881752602,1.8465507758198627,1,0,0.8465507758198628,8,29,105.3707228463048,0.3518159344391977,72.65563176788916,51.415232282641696,5.460711756971615,424.2753564032022,26741.66732954558,8867.317639256225,1352.4391851626513,1947.1131325774581,5567.765321516116,1320.6269192494192,7546.690720006806,14.945123755727789,5,1,0,0,4,37.1853614231524,29.143129052863703,45.227593793441095,1.0,0.0,0.0,0.0,1,0,0.0,0.8465507758198628,0.0,1.0,0.0,1.0,0.8465507758198628,0.0,0.8465507758198628,0.0,16,3,2021,9,13,3,0,0,0,1,0,1,GRAVE_LESIONADOS,1
3,1,20,0,4,1,-6.023615097038208,-78.21952455841092,0,4,7,1,2,0,1,1,555.9228708257856,2.0,2,1,0.5730946793636964,4,25,94.02956180326865,0.5395252407600228,74.2203533525221,65.26177945450432,7.972695256474794,944.085043906241,45633.991964580644,7062.764767315795,1228.0368852686534,825.1441294244602,5009.5837526226815,1526.1615537365574,5536.6032135792375,20.832386871454695,5,2,0,0,3,36.555600546044886,34.84214788572673,38.26905320636304,1.0,1.0,0.5730946793636964,0.5730946793636964,2,0,0.0,0.0,1.0,0.4269053206363036,1.0,0.0,0.5730946793636964,0.0,1.0,0.0,16,3,2022,7,19,1,0,1,0,1,0,1,GRAVE_LESIONADOS,1
3,2,13,0,4,1,-6.61485459341479,-79.78223976666818,3,4,3,1,2,1,0,0,1092.0485437675106,2.0,2,1,0.4479818277043488,5,12,193.36099947626082,0.4569729969204428,78.31557138418613,59.444567274115656,7.743225172686853,572.016555489594,9455.734887054126,3459.691,515.0619999999999,689.7280000000001,2254.901,703.3549999999999,2756.336,20.329994788551925,6,2,0,0,4,42.463900052373916,37.79192731081739,47.13587279393044,1.0,0.0,0.0,0.4479818277043488,2,0,0.0,0.5520181722956512,0.0,0.5520181722956512,0.0,0.4479818277043488,0.5520181722956512,0.5520181722956512,0.5520181722956512,0.5520181722956512,13,2,2021,5,16,3,0,0,0,1,0,1,GRAVE_LESIONADOS,1
3,2,3,0,4,1,-17.081892207004692,-71.92326534832809,0,4,0,0,2,0,1,0,1926.94,2.0,2,0,1.0,9,32,393.0,0.6803071451955962,77.94466657583487,78.40700901768477,9.735921607047414,1363.7066157637946,944.9743040685224,10322.272,1495.236,1749.739,7077.2970000000005,2886.595,7435.677000000001,27.964725207783708,7,2,0,0,5,41.343050037222596,39.843050037222596,42.843050037222596,1.0,0.7690583354012556,0.0,0.0,2,0,0.0,0.0,0.0,1.0,0.0,1.0,0.0,0.0,0.7690583354012556,0.0,6,0,2024,2,4,4,0,0,0,1,0,1,GRAVE_LESIONADOS,1
6,1,14,2,2,4,-11.931695878422374,-77.07355817346021,0,0,7,1,2,2,2,0,6543.555,2.0,4,4,1.0,14,33,1198.0,0.7270496481317441,80.14869305404211,78.22655574438554,11.000473889166763,1483.0383172585132,583714.9896072554,7626.313,1683.4029999999998,1599.0829999999996,4343.827000000001,1814.875,5811.438000000001,23.797541485643197,6,1,0,0,5,31.89944167708127,31.89944167708127,31.89944167708127,1.0,0.0,0.0,0.0,1,0,0.0,0.0,0.2564974642209248,0.7435025357790752,0.2564974642209248,0.0,0.7435025357790752,0.0,0.2564974642209248,0.0,17,1,2023,11,25,1,0,1,0,1,0,1,GRAVE_LESIONADOS,1
4,1,10,0,4,1,-12.040844506986508,-75.89897118265901,0,4,0,1,2,2,2,0,1167.5689868405586,1.4680116817292181,1,0,0.0,9,25,398.4905768135498,0.3941908411477677,68.96554445717867,57.19291278134286,6.140764455128608,710.2429820504104,25915.345541904135,8097.182776349607,1556.784460368371,1816.8965731145609,4723.501742866674,1849.2967721453927,6247.886004204213,22.885430421941766,6,1,0,0,4,44.74581893319712,37.49163786639424,52.0,1.0,0.0,0.0,0.46801168172921814,1,0,0.0,0.46801168172921814,0.0,0.5319883182707819,0.0,1.0,0.46801168172921814,0.0,0.0,0.0,16,3,2023,5,8,0,0,0,1,1,0,1,GRAVE_LESIONADOS,1
3,1,12,0,4,1,-11.532402989963355,-77.02325955884058,4,4,5,1,5,2,2,0,6621.562111334174,2.1909654497596582,2,0,1.0,7,30,1589.0738715838881,0.5728061668800595,80.75120392139645,67.8162064549482,9.052397598651675,883.6481271043433,26147.390119297717,3203.493952689893,591.3003461841217,657.519358107181,1954.67424839859,945.1787151145553,2258.3152375753375,29.218288427103534,6,2,0,0,3,37.0,34.57289634927898,39.42710365072102,1.0,1.0,0.0,0.0,2,0,0.0,0.8090345502403417,0.19096544975965835,1.0,1.0,1.0,0.0,0.0,1.0,1.0,4,0,2024,2,20,1,0,1,0,1,0,1,GRAVE_LESIONADOS,1
3,2,10,0,4,1,-14.614893341723189,-75.26118059556252,0,4,1,1,2,1,0,1,6639.975,2.0,2,0,1.0,9,31,1616.0,0.5601701377764606,78.03234676868772,68.89600013113969,8.622078212698545,903.9715312764567,27653.449611625016,3721.461,698.1859999999996,744.866,2278.409,1102.9029999999996,2618.558,29.636290693359403,7,2,0,0,5,46.534870889799315,32.043147209340596,61.02659457025803,1.0,0.7807327300286697,0.0,0.7807327300286697,2,0,0.0,0.21926726997133028,0.0,0.7807327300286697,0.0,0.7807327300286697,0.21926726997133028,0.7807327300286697,0.7807327300286697,0.0,9,1,2021,2,13,1,0,0,0,1,0,1,GRAVE_LESIONADOS,1
3,2,20,0,4,1,-15.709535390704348,-70.0645418678006,1,4,1,1,2,2,2,2,7586.903,2.0,2,0,1.0,9,5,1198.0,0.32992524847023147,70.38987741932495,68.83423918769671,6.204611827235889,291.9864683662676,5001.407564148151,13642.312999999998,2020.7790000000005,2354.117,9267.416999999998,3314.0520000000006,10328.260999999997,24.29244952817019,4,2,0,0,2,32.4949666221098,26.0,38.9899332442196,1.0,0.7849952317299714,0.0,0.0,2,0,0.0,0.0,0.0,1.0,0.0,1.0,0.7849952317299714,0.0,0.21500476827002857,0.21500476827002857,22,2,2022,2,6,6,1,0,2,1,0,1,GRAVE_LESIONADOS,1
4,1,17,0,4,1,-6.215006461535868,-80.06719946209044,0,4,7,1,1,2,2,1,6543.555,2.0,4,4,1.0,14,33,1198.0,0.43823124506030314,77.82009651153318,49.32328494097008,5.581187014248233,695.7519867412393,40388.699588965006,8956.172490201816,1655.3517080142578,1006.3817230876239,6294.439059099934,1931.5066374158205,7024.665852785995,21.55766667732818,4,1,0,0,3,42.47637786523916,27.090213528247265,57.86254220223105,1.0,0.7156355505577624,0.0,0.7156355505577624,1,0,0.0,0.0,1.0,0.0,0.7156355505577624,0.0,0.2843644494422376,0.7156355505577624,0.7156355505577624,0.7156355505577624,20,2,2022,3,20,6,1,1,0,1,0,1,GRAVE_LESIONADOS,1
3,1,10,0,4,1,-14.942321031642305,-74.98650908359473,0,4,1,1,2,1,0,1,6639.975,2.0,2,0,1.0,9,31,1616.0,0.5563774842369664,77.00938809632027,69.10246351364754,8.476961866273152,914.8835608305218,27932.19700214133,3721.461,698.1859999999996,744.866,2278.409,1102.9029999999996,2618.558,29.636290693359403,4,1,0,0,3,41.201033751076054,26.80005440795137,55.60201309420074,1.0,0.8000544079513714,0.0,0.8000544079513714,1,0,0.0,0.0,0.0,1.0,0.0,0.8000544079513714,0.1999455920486286,0.8000544079513714,0.8000544079513714,0.0,5,0,2021,2,19,2,0,1,0,1,0,1,GRAVE_LESIONADOS,1
4,1,12,0,4,1,-7.970699443003768,-78.64163569651586,0,4,0,0,2,2,2,2,610.6099999999999,2.0,2,0,1.0,8,29,100.0,0.3809823047796905,74.4473973089921,51.51705644975158,5.622573590650768,479.1502137748447,26695.141327623125,8931.828000000005,1335.5899999999997,1935.9830000000004,5660.255000000005,1219.309,7712.519000000005,13.651281686122925,6,1,0,0,4,38.75030293491443,35.46228414748168,42.038321722347185,1.0,0.0,0.0,0.0,1,0,0.0,0.3461072407823951,0.0,1.0,0.0,0.3461072407823951,1.0,0.6538927592176049,1.0,0.6538927592176049,6,1,2021,10,9,4,0,0,0,1,0,1,GRAVE_LESIONADOS,1
0,1,13,1,2,3,-11.097673634126558,-77.58556018834712,0,0,1,1,2,1,0,1,6543.555,2.1726091129022747,3,3,1.0,11,32,1245.8127242739301,0.7781966766901385,79.50889490747535,78.49754876967712,11.60853650236615,1813.8275084992424,45959.85271208345,6907.116072780899,1481.7366964226435,1442.1200401367519,3983.2593362215043,1623.0165188268638,5284.099553954036,23.199011326311062,13,2,0,0,10,53.54781774195451,50.16694483873631,56.92869064517271,1.0,0.17260911290227454,0.0,0.17260911290227454,2,0,0.0,0.17260911290227454,1.0,0.8273908870977255,0.0,0.0,1.0,0.8273908870977255,0.8273908870977255,0.8273908870977255,11,2,2022,1,22,2,0,0,0,1,0,1,GRAVE_LESIONADOS,1
3,2,4,0,4,1,-13.026948543033964,-74.23679551033855,1,4,0,1,2,2,2,1,7587.354233063375,2.0,2,0,1.0,9,5,1200.461065466915,0.5507034349885032,69.92135911028399,75.06844472009546,10.150412382452995,862.689149657422,104515.11765547133,12687.305488551783,1804.8867247627215,1771.8273534270963,9110.591410361965,2484.0978570555926,10203.207631496189,19.584148300337443,5,2,0,0,2,30.341668492668692,21.01316077789794,46.98420706652247,1.0,1.0,0.0,0.9973678444204118,2,0,0.0,1.0,0.0,1.0,0.9973678444204118,1.0,1.0,0.0,1.0,0.0,10,1,2021,3,31,2,0,1,2,1,0,1,GRAVE_LESIONADOS,1
4,1,7,0,4,1,-13.945090438819712,-74.27619482771479,0,4,7,1,2,1,1,0,915.4952296585084,2.0,2,0,0.5490963469068518,7,14,157.13192052467446,0.6202673955937991,78.39521209937377,74.08611174179747,8.960958933284974,1124.1633895766888,34556.765064916035,9106.65423831065,1580.0811876915784,1681.8076592395985,5844.765391379473,2403.352536907011,6703.301701403639,26.08572684436025,7,1,0,0,5,52.370784021142406,43.03614612372593,61.70542191855889,1.0,0.0,0.0,0.45090365309314817,1,0,0.0,0.5490963469068518,0.0,0.45090365309314817,0.0,0.45090365309314817,0.5490963469068518,0.0,0.0,0.0,15,3,2021,10,14,2,0,0,0,1,0,1,GRAVE_LESIONADOS,1
4,1,13,0,4,1,-6.105979501091092,-79.91281609465555,0,4,5,1,2,1,1,0,3151.3548100747794,2.3524327315388414,2,0,1.0,0,23,625.3917437789602,0.4703091457296942,74.91176543888524,59.04522375211969,6.365443427676777,742.49897987499,44335.321199143465,3459.691,515.0619999999999,689.7280000000001,2254.901,703.3549999999999,2756.336,20.329994788551925,11,2,0,0,9,30.524327315388415,27.0,34.04865463077683,1.0,0.3524327315388416,0.0,0.3524327315388416,2,0,0.6475672684611584,0.3524327315388416,0.3524327315388416,0.0,0.6475672684611584,0.0,0.3524327315388416,0.6475672684611584,0.0,0.6475672684611584,12,2,2021,6,21,1,0,0,0,1,0,1,GRAVE_LESIONADOS,1
1,2,4,0,4,1,-9.817482981156854,-76.25374298140324,1,2,3,0,2,1,1,2,7663.205252313083,2.0,2,0,1.0,9,11,1614.1593053732427,0.5638438765902939,71.95054019404263,72.07938738561526,9.521691380645576,944.0452091573238,103560.14736168305,14128.3169013581,1773.4062797757458,1400.8962199088605,10954.014401673494,2269.413690659661,11858.90321069844,16.46432528429865,5,2,0,1,1,27.51442894756092,22.335270498523773,36.762926177984404,1.0,0.5549098338254089,0.4450901661745911,1.0,2,0,0.0,0.5549098338254089,0.0,1.0,1.0,0.5549098338254089,0.5549098338254089,0.0,1.0,0.0,15,1,2022,3,18,3,0,0,2,1,0,1,GRAVE_LESIONADOS,1
3,2,17,1,4,0,-5.431291968777547,-80.55412963747862,0,4,7,1,2,0,0,2,6543.555,2.0,4,4,1.0,14,33,1198.0,0.5288279394618126,80.4187456092975,64.32888305747073,6.892629926720462,860.7245615761473,9428.56557097901,8959.449218161035,1698.3911029760104,881.258934738629,6379.799180446396,2027.3672568687275,6932.081961292308,22.621852969268364,4,2,0,0,2,22.376082185177573,20.752164370355143,24.0,1.0,0.18804109258878576,0.8119589074112142,0.8119589074112142,2,0,0.0,0.0,0.0,1.0,0.8119589074112142,0.18804109258878576,0.0,0.8119589074112142,1.0,0.0,20,2,2021,2,5,5,1,0,0,0,0,1,GRAVE_LESIONADOS,1
6,1,14,2,3,1,-12.001031227777991,-76.90895459084219,0,0,0,1,2,2,2,0,1671.0695373644003,2.0,2,0,1.0,4,16,302.2284993315328,0.6945934263110168,79.72110673535269,76.68721974509661,9.472274220188565,1443.5862715450394,692569.2892032841,7626.313,1683.4029999999998,1599.0829999999996,4343.827000000001,1814.875,5811.438000000001,23.797541485643197,5,1,0,0,3,53.298327738332375,52.4386621906659,54.15799328599885,1.0,0.0,0.0,0.0,1,0,0.0,0.0,0.14033445233352482,0.8596655476664752,0.14033445233352482,0.8596655476664752,0.0,0.0,0.14033445233352482,0.0,7,1,2023,8,26,6,1,1,0,1,0,1,GRAVE_LESIONADOS,1
3,2,3,0,4,1,-15.913416653976087,-71.18416088913716,0,4,0,0,2,0,1,0,1504.4250000000002,2.0,2,0,1.0,7,25,241.0,0.4546438842930794,81.68597261897125,61.91432855250448,5.842492330013653,619.837034037172,1459.9775559223751,10322.272,1495.236,1749.739,7077.2970000000005,2886.595,7435.677000000001,27.964725207783708,4,2,0,0,2,34.64438803907027,23.835307371909206,45.45346870623134,1.0,0.0,0.0,0.0,2,0,0.0,0.25775521562810966,0.0,1.0,0.0,1.0,1.0,0.0,0.0,0.0,5,0,2022,3,12,1,0,0,0,1,0,1,GRAVE_LESIONADOS,1
5,1,7,2,3,1,-8.25476000820709,-78.19018957291783,0,2,1,1,2,1,1,0,2168.0281145171475,2.0,2,0,1.0,9,20,391.1660781064189,0.6427180197280595,74.78734679772782,75.1252872485366,10.061847548914704,1234.1255699268913,255892.20215764837,14054.104360234875,1722.4853235072321,1085.903362148701,11245.715674578942,1958.2114056295695,12095.892954605306,15.098007400081666,5,1,0,0,4,28.509658878858573,28.1700144712271,28.84930328649005,1.0,0.0,0.0,0.0,1,0,0.0,0.0,0.22642960508764998,0.77357039491235,0.22642960508764998,0.77357039491235,0.22642960508764998,0.0,0.77357039491235,0.0,4,0,2021,8,26,2,0,1,1,1,0,1,GRAVE_LESIONADOS,1
4,1,12,0,4,1,-7.969848554853105,-78.64090826892327,0,4,0,0,2,2,2,2,610.6099999999999,2.0,2,0,1.0,8,29,100.0,0.3809823047796905,74.4473973089921,51.51705644975158,5.622573590650768,479.1502137748447,26695.141327623125,8931.828000000005,1335.5899999999997,1935.9830000000004,5660.255000000005,1219.309,7712.519000000005,13.651281686122925,6,1,0,0,4,37.875358632851686,33.30857509625031,42.44214216945307,1.0,0.0,0.0,0.0,1,0,0.0,0.48071405648435594,0.0,1.0,0.0,0.48071405648435594,1.0,0.519285943515644,1.0,0.519285943515644,8,1,2021,10,10,4,0,0,0,1,0,1,GRAVE_LESIONADOS,1
4,1,4,0,4,0,-13.06149863110838,-73.97283512406598,0,4,2,0,2,1,1,2,7064.030217921541,2.0,3,2,1.0,11,19,1198.0,0.2778793015062226,76.70662636417727,55.43575236536611,5.129951185584337,231.0304576044386,5939.897445480826,12678.733000000004,1805.074000000001,1774.0339999999994,9099.625000000004,2485.375000000001,10193.358000000002,19.602707936195205,4,1,0,0,3,39.46897764109541,33.98161637990839,44.956338902282425,1.0,0.49885102374427426,0.0,0.0,1,0,0.0,0.49885102374427426,0.49885102374427426,0.5011489762557257,0.49885102374427426,0.0,1.0,0.5011489762557257,1.0,0.5011489762557257,5,0,2021,8,28,2,0,1,2,1,0,1,GRAVE_LESIONADOS,1
6,0,20,0,4,1,-16.1154672080119,-69.46208685208839,1,4,7,1,2,2,2,4,7586.903,2.0,2,0,1.0,9,5,1198.0,0.3024615817827257,73.20753348610225,65.47437340793998,6.655884863727467,274.4682813572498,18233.540043542787,13642.312999999998,2020.7790000000005,2354.117,9267.416999999998,3314.0520000000006,10328.260999999997,24.29244952817019,5,1,0,0,4,35.34355111065342,35.34355111065342,35.34355111065342,1.0,0.0,0.0,0.0,1,0,0.0,0.0,0.7849147712149072,0.21508522878509284,0.0,0.21508522878509284,0.7849147712149072,0.0,0.21508522878509284,0.0,8,0,2023,4,17,2,0,0,2,1,0,1,GRAVE_LESIONADOS,1
3,2,10,0,4,1,-13.354105677891942,-76.22322416476153,1,4,6,1,3,2,2,0,6639.975,2.0,2,0,1.0,9,31,1616.0,0.5736744275518083,81.67473861808857,68.1608574885675,9.138785887908334,865.1176766860625,26660.92933618844,3721.461,698.1859999999996,744.866,2278.409,1102.9029999999996,2618.558,29.636290693359403,12,2,0,0,10,47.92208909911126,45.65022837238535,50.19394982583718,1.0,0.27186072672591577,0.0,0.0,2,0,0.0,1.0,0.0,0.27186072672591577,0.27186072672591577,0.27186072672591577,0.7281392732740842,0.0,0.27186072672591577,0.27186072672591577,18,1,2023,4,6,0,0,0,0,1,0,1,GRAVE_LESIONADOS,1
4,1,17,0,4,0,-6.240991230013562,-80.18318074062988,0,4,7,1,1,2,2,1,6543.555,2.830294760844755,2,0,1.0,2,30,1427.9916487539972,0.4879524625304375,73.11519339680122,55.92880894077525,7.306429354172105,806.9636355162123,47957.54811087441,8960.072967224238,1706.5839656799922,857.4408994945541,6396.048102049692,2045.6150248634738,6914.457942360764,22.82442859072107,6,1,0,0,4,50.84852619577622,50.84852619577622,50.84852619577622,1.0,0.0,0.0,0.8302947608447551,1,0,0.0,0.8302947608447551,0.16970523915524494,0.0,0.0,0.0,1.0,0.0,0.8302947608447551,0.0,6,0,2022,4,20,1,0,1,0,1,0,1,GRAVE_LESIONADOS,1
6,1,8,0,4,2,-13.01716044189072,-75.20861384466974,5,4,3,0,1,2,2,0,6837.299009866881,2.0,3,2,1.0,12,25,1198.0,0.3891863702133084,67.0132265463935,52.82403150885573,6.445429420594548,553.0680172890659,3094.946825365118,8511.426,1445.3929999999996,2008.516,5057.516999999999,1879.579,6631.846999999998,22.08300935706896,8,1,0,0,7,31.232371618811165,31.232371618811165,31.232371618811165,1.0,0.0,0.0,0.0,1,0,0.0,0.0,0.0,1.0,0.0,0.2815398216768332,0.7184601783231668,0.0,0.0,0.0,12,3,2021,8,15,1,0,0,2,1,0,1,GRAVE_LESIONADOS,1
6,1,12,0,4,1,-7.719716104821053,-77.98245825153566,0,4,7,1,5,2,2,0,6543.555,2.229910968745918,3,3,1.0,10,32,1261.6853383426194,0.4897550948874043,73.36370593629431,46.8830021927153,6.987015280649792,906.2142444936924,9442.228297210555,8931.828000000005,1335.5899999999997,1935.9830000000004,5660.255000000005,1219.309,7712.519000000005,13.651281686122925,5,1,0,0,4,39.897329062377544,39.897329062377544,39.897329062377544,1.0,0.0,0.0,0.0,1,0,0.0,0.7700890312540819,0.0,0.2299109687459181,0.0,0.2299109687459181,0.7700890312540819,0.0,0.2299109687459181,0.0,10,1,2023,9,5,5,1,0,0,1,0,1,GRAVE_LESIONADOS,1
3,1,17,0,4,1,-5.4155422712018835,-80.10607814500128,0,4,7,1,2,2,2,0,6543.555,3.0,2,0,1.0,0,30,1475.0,0.5608325006992165,78.3026377355127,70.12161440936673,8.370598671490091,901.9902541851944,9768.14291944596,2326.7134074112564,340.95463579880357,503.7531255975214,1482.0056460149315,506.22598826781865,1820.4874191434378,23.620574601332937,5,2,0,0,3,52.87157979192184,49.91438652794789,55.82877305589578,1.0,0.4623284974592826,0.0,0.4623284974592826,2,0,0.0,0.5376715025407174,1.0,0.4623284974592826,0.4623284974592826,0.4623284974592826,0.5376715025407174,0.4623284974592826,0.4623284974592826,0.4623284974592826,12,1,2023,3,10,4,0,0,0,1,1,1,GRAVE_LESIONADOS,1
6,1,3,1,4,2,-15.932654861944616,-72.85645362262086,0,4,1,0,2,2,2,0,6543.555,2.0,4,4,1.0,14,33,1198.0,0.5884375206511392,75.18079907843028,61.6987680062048,8.204588193837926,1203.6863075306578,1694.638087964213,10322.272,1495.236,1749.739,7077.2970000000005,2886.595,7435.677000000001,27.964725207783708,5,1,0,0,4,28.285912977314982,28.285912977314982,28.285912977314982,1.0,0.28591297731498255,0.0,0.0,1,0,0.0,0.28591297731498255,0.0,0.7140870226850174,0.0,0.0,1.0,0.0,0.28591297731498255,0.0,8,0,2021,5,21,3,0,1,0,1,0,1,GRAVE_LESIONADOS,1
3,2,5,0,4,0,-14.25454771119035,-73.66136607811642,0,4,7,1,2,1,1,2,6543.555,2.2640646080625544,3,2,1.0,10,32,1271.1458964333276,0.643354510176027,79.88745952817686,74.56091153761956,9.937775863197611,1134.4719316749265,14696.115254395234,9955.104950107072,1453.0791415812455,1798.9194488640026,6703.106359661823,2446.323775881816,7508.781174225255,24.18505135421084,6,2,0,0,4,31.73364750559514,28.393809025751526,35.07348598543875,1.0,0.0,0.0,0.7359353919374455,2,0,0.0,1.0,0.2640646080625545,0.7359353919374455,0.0,0.7359353919374455,1.0,0.0,0.0,0.0,16,1,2021,3,14,3,0,0,0,1,0,1,GRAVE_LESIONADOS,1
6,1,7,0,4,2,-13.304600192411607,-72.11174095609789,0,4,6,0,2,1,1,2,6543.555,2.0,4,4,1.0,14,33,1198.0,0.30890374517257974,74.08687320614797,55.7439845797587,5.354950579935075,273.1313786607922,5253.634447951586,17779.13499998999,2097.3709999899997,2863.123,12818.640999999989,2878.713,14900.421999989989,16.19152450331032,5,1,0,0,4,49.27655105535562,49.27655105535562,49.27655105535562,1.0,0.1382755276778086,0.0,0.0,1,0,0.0,0.0,0.0,1.0,0.0,0.1382755276778086,0.8617244723221914,1.0,1.0,0.8617244723221914,13,2,2023,5,14,4,0,0,2,1,0,1,GRAVE_LESIONADOS,1