CLASE SINIESTRO,CANTIDAD DE VEHICULOS DAÑADOS,DEPARTAMENTO,ZONA,TIPO DE VÍA,RED VIAL,COORDENADAS LATITUD,COORDENADAS  LONGITUD,CONDICIÓN CLIMÁTICA,ZONIFICACIÓN,CARACTERÍSTICAS DE VÍA,PERFIL LONGITUDINAL VÍA,SUPERFICIE DE CALZADA,¿EXISTE SEÑAL VERTICAL?,¿EXISTE SEÑAL HORIZONTAL?,CAUSA FACTOR PRINCIPAL,MTC_RVN_LONGITUD_KM,MTC_RVN_N_CARRILES_MEDIANA,MTC_RVN_SUPERFICIE_DOMINANTE,MTC_RVN_ESTADO_DOMINANTE,MTC_RVN_ES_CONCESIONADA,MTC_RVN_CONCESION_PRINCIPAL,MTC_RVN_CORREDOR_LOGISTICO,MTC_RVN_N_TRAMOS,IDH_2019,IDH_ESP_VIDA_2019,IDH_EDUC_SECUND_PCT_2019,IDH_ANIOS_EDUC_2019,IDH_INGRESO_PERCAP_2019,IDH_POBLACION_2019,MTC_DEP_RED_TOTAL_KM,MTC_DEP_NACIONAL_TOTAL_KM,MTC_DEP_DEPARTAMENTAL_TOTAL_KM,MTC_DEP_VECINAL_TOTAL_KM,MTC_DEP_PAV_TOTAL_KM,MTC_DEP_NO_PAV_TOTAL_KM,MTC_DEP_PCT_PAVIMENTADA,PER_TOTAL_PERSONAS,PER_N_CONDUCTORES,PER_N_CONDUCTORES_FUGADOS,PER_N_PEATONES,PER_N_PASAJEROS_OCUPANTES,PER_EDAD_COND_PROM,PER_EDAD_COND_MIN,PER_EDAD_COND_MAX,PER_ANY_COND_MASCULINO,PER_ANY_LIC_PROBLEMA,PER_ANY_DOSAJE_POS,PER_ANY_DOSAJE_EVALUADO,VEH_TOTAL,VEH_N_FUGADOS,VEH_ANY_FUGADO,VEH_ANY_CARGA,VEH_ANY_PUBLICO,VEH_ANY_PARTICULAR,VEH_ANY_MOTO,VEH_ANY_AUTO,VEH_ANY_CAMION_BUS,VEH_ANY_SOAT_PROBLEMA,VEH_ANY_CITV_PROBLEMA,VEH_ANY_SEGURO_PROBLEMA,HORA_NUM,FRANJA_HORARIA,ANIO,MES,DIA_MES,DIA_SEMANA,ES_FIN_SEMANA,ES_QUINCENA,REGION_NATURAL,TIENE_SEÑALIZACION,ES_VIA_MULTICARRIL,ES_DEPTO_BAJO_PAVIMENTO,CATEGORIA_SEVERIDAD,CATEGORIA_SEVERIDAD_ENC
3,1,3,0,4,0,-16.336746204670625,-71.87026076104799,0,4,6,0,1,1,1,2,6543.555,2.0,4,4,1.0,14,33,1198.0,0.6676858107062749,80.6493314032152,76.81373826412681,10.465245903870391,1191.2590962344968,14383.769056223939,10231.089341654893,1501.6001796009598,1744.643516509472,6984.845645544461,2850.3473127756697,7380.742028879224,27.82378282342355,4,1,0,0,2,25.169109875827317,21.304397776489168,29.033821975165463,1.0,0.0,0.0,1.0,1,0,0.0,1.0,0.0,0.9661780248345367,0.0,0.9661780248345367,1.0,0.0,0.0,0.0,19,2,2021,3,18,3,0,1,0,1,0,1,GRAVE_LESIONADOS,1
6,1,13,1,4,1,-11.977288211622184,-76.63677983893284,0,2,5,0,1,2,2,0,6622.718900339039,2.0,2,0,1.0,9,31,1541.1913538863082,0.5471671790969559,76.8583411276789,62.87062381076419,8.32783809581306,939.9560343966367,19114.820864426714,7730.605559021237,1620.7776040877184,1454.6368106932118,4655.191144240308,1679.751256568959,6050.85430245228,21.84917143009895,5,2,0,0,3,45.92619168257858,33.61071247613212,68.09405425418223,1.0,0.0,0.0,0.0,2,0,0.0,0.821031947096431,0.0,0.17896805290356899,0.0,0.17896805290356899,0.821031947096431,0.0,0.17896805290356899,0.821031947096431,8,1,2021,10,6,1,0,0,0,1,0,1,GRAVE_LESIONADOS,1
6,1,5,0,4,1,-7.310052403999485,-77.57081795540036,0,4,1,0,1,2,2,2,874.738282744255,1.0,1,3,0.0,9,32,186.11268217680458,0.3211039601724088,75.8785821013303,39.29189347998207,4.878945845565718,370.95396168466516,21262.79312137449,16312.54458398349,1808.2436960516416,1329.8197620961273,13174.481125835722,2179.815126915655,14132.729457067837,13.295897481800559,6,1,0,0,5,59.501363853691885,59.501363853691885,59.501363853691885,1.0,0.0,0.0,0.7955165388041765,1,0,0.0,0.0,0.2044834611958235,0.7955165388041765,0.0,0.0,1.0,0.0,0.2044834611958235,0.0,16,1,2023,10,4,1,0,0,2,1,0,1,GRAVE_LESIONADOS,1
5,1,4,0,4,1,-14.395158214982532,-74.12731436878546,0,4,0,0,2,1,1,2,1537.0336676612817,2.0,2,0,1.0,7,24,254.7762126452092,0.4375303472075117,69.77021049602374,64.6515531775816,7.512357169007877,621.4081542616091,14361.091406090763,12678.733000000004,1805.074000000001,1774.0339999999994,9099.625000000004,2485.375000000001,10193.358000000002,19.602707936195205,5,1,0,0,4,21.07172308981016,19.11699021447642,23.026455965143896,1.0,0.0,0.0,1.0,1,0,0.0,1.0,0.0,0.0,0.0,1.0,0.18616503574607024,0.0,0.18616503574607024,0.0,8,1,2024,6,22,3,0,0,2,1,0,1,GRAVE_LESIONADOS,1
3,2,1,1,4,1,-10.20837529229875,-76.88485045643438,4,4,7,1,2,1,1,0,6543.555,2.0,4,4,1.0,14,33,1198.0,0.4703359580041772,76.8629179916559,66.92689157401237,6.5381186010773416,675.8608806198356,15650.689636614641,10711.681541626347,1836.0768926021483,1288.9466856210606,7586.6579634031405,2199.144327034238,8512.537214592112,20.568978418749925,5,2,0,0,3,45.98413250609001,37.61243823398793,54.3558267781921,1.0,0.0,0.0,0.12566114557958274,2,0,0.0,1.0,0.0,1.0,0.0,1.0,1.0,0.0,0.0,0.0,13,2,2022,5,9,3,0,0,0,1,0,1,GRAVE_LESIONADOS,1
3,1,11,1,4,1,-11.893272230030604,-75.26879179219068,0,4,7,1,2,0,1,2,252.66731748877442,2.0,2,0,0.8616214374580816,3,28,54.78813444349433,0.5731509567049767,72.36651690324835,77.29410277837115,9.790620553777572,929.2217872689442,20703.225796335104,12264.545,1826.4639999999995,1105.5389999999998,9332.542,1588.5359999999996,10676.009,12.952261987705208,8,2,0,0,6,45.1318894056841,28.16972862474849,62.09405018661971,1.0,0.0,0.0,0.8616214374580816,2,0,0.0,0.0,1.0,0.8616214374580816,0.13837856254191838,0.13837856254191838,0.8616214374580816,0.0,0.0,0.8616214374580816,11,2,2023,2,7,3,0,0,2,1,0,1,GRAVE_LESIONADOS,1
3,1,15,0,4,1,-15.09464645115771,-71.5167357137798,0,4,6,1,2,1,1,2,1548.5369792821336,2.0,2,0,1.0,7,24,259.6360268718765,0.39344603651228804,75.12567589101754,65.14475980574137,6.62658211107034,434.335240045978,4631.292479366425,13399.64674630807,1966.4562408594854,2208.029940865963,9225.160564582622,3105.3594751337037,10294.287271174366,23.111393442626913,5,1,0,0,4,29.151653914083905,25.036764019426077,33.26654380874174,1.0,0.0,0.0,0.0,1,0,0.0,0.0,0.0,0.7481617990286962,0.0,1.0,0.0,0.7481617990286962,0.7481617990286962,0.7481617990286962,14,2,2022,7,19,2,0,1,2,1,0,1,GRAVE_LESIONADOS,1
3,1,3,1,2,2,-16.379528229252347,-72.19050438749846,0,3,3,1,2,1,1,0,6588.839063455276,2.0,3,2,1.0,11,32,1394.3154794057787,0.6077843615696785,76.53072135400231,69.81276959706165,8.77367759087771,1135.5159013374655,74658.55888650964,10322.272,1495.236,1749.739,7077.2970000000005,2886.595,7435.677000000001,27.964725207783708,5,2,0,0,3,31.530345743048375,27.40896277085487,35.65172871524188,1.0,0.5303457430483765,0.0,1.0,2,0,0.0,0.5303457430483765,0.5303457430483765,0.46965425695162355,0.5303457430483765,0.46965425695162355,1.0,0.0,1.0,0.0,10,1,2023,3,13,3,0,0,0,1,0,1,GRAVE_LESIONADOS,1
6,1,5,0,4,1,-5.398726247215241,-78.98569216362635,0,4,0,0,1,2,2,2,5262.529950067136,1.7829341727398673,3,3,0.7829341727398672,12,32,961.3982482864552,0.3164206576010904,77.94054805269259,33.8215197424298,4.794795612032947,366.3891204399247,20423.73661670236,15935.565011852366,1733.9250000199986,935.692,13265.948011832368,2000.1670000199988,13935.398011832369,12.551591352627522,5,1,0,0,4,45.99251402698306,45.99251402698306,45.99251402698306,1.0,0.0,0.0,1.0,1,0,0.0,0.0,0.0,1.0,0.0,0.0,1.0,0.0,0.7829341727398672,0.0,15,2,2023,10,7,1,0,0,2,1,0,1,GRAVE_LESIONADOS,1
5,1,5,0,4,0,-12.990858791872432,-74.40501494186677,0,3,1,1,2,1,0,2,7322.158551510498,2.0,2,1,1.0,10,12,1198.0,0.498439520736526,77.89855678858625,69.67213441983218,7.204351753596192,739.1877649986416,26863.483802249335,8173.062618384833,1384.1906076004964,1374.4707243691087,5414.401286415227,1529.6623494185062,6643.400268966327,18.828920134531675,6,1,0,0,5,19.933049137571814,17.77621573954856,22.08988253559507,1.0,0.7462548943502054,0.0,0.2537451056497946,1,0,0.0,0.0,0.0,0.2537451056497946,1.0,0.2537451056497946,0.0,0.0,0.7462548943502054,0.0,2,0,2021,8,21,0,0,1,1,1,0,1,GRAVE_LESIONADOS,1
3,1,11,0,4,1,-10.948044853416256,-74.84210263423681,3,4,6,1,4,2,2,0,5768.608,2.0,3,1,0.0,9,32,365.0,0.4504704361939795,78.21109613042135,53.36127577481231,6.956854509393587,612.1696439943328,61517.46466809421,12264.545,1826.4639999999995,1105.5389999999998,9332.542,1588.5359999999996,10676.009,12.952261987705208,7,2,0,0,5,34.72158387041123,33.326196583916456,36.11697115690601,1.0,0.0,0.0,0.0,2,0,0.0,0.3953872864947784,1.0,0.6046127135052216,0.0,0.6046127135052216,1.0,0.0,0.6046127135052216,0.0,4,0,2022,6,7,2,0,0,2,1,0,1,GRAVE_LESIONADOS,1
6,1,4,1,4,1,-13.414717450711732,-74.23327851527813,0,3,4,0,2,1,0,4,3068.5818458799863,1.3136333934213205,2,2,0.31363339342132046,7,16,797.2484069392075,0.21550793686939437,74.43719334649782,40.91089378304515,3.1019584063345986,277.6376088058556,3562.534959213863,12678.733000000004,1805.074000000001,1774.0339999999994,9099.625000000004,2485.375000000001,10193.358000000002,19.602707936195205,16,1,0,0,15,51.62726678684264,51.62726678684264,51.62726678684264,1.0,0.0,0.0,1.0,1,0,0.0,0.0,0.31363339342132046,0.0,0.0,0.0,1.0,0.0,0.6863666065786795,0.0,10,2,2023,7,25,1,0,0,2,1,0,1,GRAVE_LESIONADOS,1
5,1,4,0,4,0,-13.210392986500596,-73.64716802796286,0,4,0,0,2,1,1,2,6562.706408319529,2.0,3,3,1.0,13,32,1198.0,0.20518701182833632,78.33914519566733,44.32245567473336,4.885192183811703,113.95445338096323,6424.219706684516,12678.733000000004,1805.074000000001,1774.0339999999994,9099.625000000004,2485.375000000001,10193.358000000002,19.602707936195205,4,1,0,0,3,26.495604558236828,26.293691590066267,26.69751752640739,1.0,0.01835572437914179,0.0,0.0,1,0,0.0,0.01835572437914179,0.01835572437914179,0.9816442756208582,0.01835572437914179,0.0,1.0,0.9816442756208582,1.0,0.9816442756208582,5,0,2021,8,29,2,0,1,2,1,0,1,GRAVE_LESIONADOS,1
6,1,10,0,4,1,-9.50909823733643,-77.04725770812087,0,4,0,0,5,2,2,0,9204.245488456441,2.0,2,0,1.0,9,23,3009.4012336091823,0.23912882341908462,77.29859873034216,39.67527441353039,4.493958359760634,195.2245295729024,2628.8291218159547,8800.756053727879,1369.8241209521316,1958.597168055709,5472.334764720037,1425.1664268559518,7375.589626871926,16.280105897871266,10,1,0,0,9,57.42955411485524,57.42955411485524,57.42955411485524,1.0,0.0,0.0,0.0,1,0,0.0,0.0,0.0,1.0,0.0,0.31177764680502196,0.688222353194978,0.0,0.688222353194978,0.0,11,1,2023,6,25,3,0,1,0,1,0,1,GRAVE_LESIONADOS,1
3,2,7,0,4,1,-13.545008070083147,-72.00381308152161,0,2,4,1,2,1,1,2,7586.903,2.0,2,0,1.0,9,5,1198.0,0.4463002067195289,67.08129860039936,66.9464438576106,7.278156353974044,681.4220698192589,8668.038327586688,17779.13499998999,2097.3709999899997,2863.123,12818.640999999989,2878.713,14900.421999989989,16.19152450331032,6,3,0,0,3,37.38624377852086,31.378221792594104,47.22119884000408,1.0,0.0,0.0,0.0,3,0,0.6378221792594102,0.0,0.0,1.0,0.0,1.0,0.6378221792594102,0.0,0.3621778207405898,0.6378221792594102,13,2,2022,10,4,1,0,0,2,1,0,1,GRAVE_LESIONADOS,1
3,2,5,0,4,1,-5.656910385060744,-78.75466604085095,0,4,7,1,2,0,1,1,7758.33400008,2.0,2,0,1.0,9,20,2133.0,0.5803239946829384,74.49544278598792,68.33065356443184,8.733179344969395,1046.078117086984,102362.46895074946,15935.565011852366,1733.9250000199986,935.692,13265.948011832368,2000.1670000199988,13935.398011832369,12.551591352627522,5,2,0,0,2,42.415895418623805,39.86917065119258,44.96262018605502,1.0,1.0,0.9906550465137558,0.9906550465137558,2,0,0.0,0.0093449534862442,0.9906550465137558,0.0093449534862442,0.9906550465137558,0.0093449534862442,0.0093449534862442,0.9906550465137558,1.0,0.9906550465137558,2,0,2023,1,14,6,1,0,2,1,0,1,GRAVE_LESIONADOS,1
6,0,20,0,4,1,-14.880306537881413,-70.62345663133863,0,4,7,1,2,2,2,2,7586.903,2.0,2,0,1.0,9,5,1198.0,0.5227982550181302,72.43381004010662,75.82767564650341,8.883773464971835,771.5707798637011,21069.80766521841,13642.312999999998,2020.7790000000005,2354.117,9267.416999999998,3314.0520000000006,10328.260999999997,24.29244952817019,5,1,0,0,4,22.560608042604088,22.560608042604088,22.560608042604088,1.0,0.0,0.0,0.0,1,0,0.0,0.0,0.03297694368259341,0.9670230563174066,0.0,0.9670230563174066,0.03297694368259341,0.0,0.9670230563174066,0.0,18,1,2023,11,30,5,0,0,2,1,0,1,GRAVE_LESIONADOS,1
3,1,15,1,4,0,-11.33167073779794,-76.93485361785616,0,2,5,0,2,2,2,0,6625.694039269794,2.0,2,0,1.0,9,31,1554.0891766726202,0.667011934982407,77.53512386684433,69.42443959587143,9.519993663368199,1399.2466593536813,94505.42047506693,7332.876877446726,1554.7933361545602,1505.2118249699915,4272.871716322175,1696.1678094225556,5636.709068024172,22.93172341537941,7,2,0,0,4,36.75895214900174,25.258464385651568,48.259439912351915,1.0,0.0,0.0,0.0,2,0,0.0,0.8518879824703832,0.0,0.14811201752961678,0.0,0.0,1.0,0.0,0.14811201752961678,0.0,4,0,2023,5,12,4,0,0,0,1,0,1,GRAVE_LESIONADOS,1
6,1,4,0,4,1,-13.170499199029459,-74.56422343022564,0,3,5,0,2,1,0,3,2238.2972951582915,1.6840248616920719,2,3,0.6840248616920718,9,20,565.884259816495,0.22185640478434315,77.93577132192785,40.60606659830417,3.4021975291722093,201.52848676939146,3754.956307971222,12678.733000000004,1805.074000000001,1774.0339999999994,9099.625000000004,2485.375000000001,10193.358000000002,19.602707936195205,5,1,0,0,4,43.47572652138721,43.47572652138721,43.47572652138721,1.0,0.0,0.0,0.3159751383079282,1,0,0.0,0.0,0.0,0.0,0.0,0.6840248616920718,0.3159751383079282,0.0,0.3159751383079282,0.0,10,1,2022,7,28,2,0,1,2,1,0,1,GRAVE_LESIONADOS,1
5,1,9,0,4,1,-9.124024838039363,-77.02569852289122,0,4,1,0,1,2,2,2,6543.555,2.2653697331203437,3,2,1.0,10,32,1271.5074160743352,0.2816091908148003,77.8354966284309,41.90869901593779,3.2018478904588914,465.82657994203095,24746.01888692549,8400.858547377125,1334.0384608763497,1095.5615669080723,5971.258519592703,1102.1722039460385,7298.686343431087,13.107337839598932,5,1,0,0,3,39.89649613823209,39.89649613823209,39.89649613823209,1.0,0.26536973312034395,0.0,0.0,1,0,0.0,0.734630266879656,0.26536973312034395,0.26536973312034395,0.26536973312034395,0.0,0.734630266879656,0.26536973312034395,0.734630266879656,0.0,17,2,2021,3,6,1,0,0,1,1,0,1,GRAVE_LESIONADOS,1
3,2,10,0,4,1,-14.983144417505471,-74.99346819502064,0,4,0,0,2,1,0,0,6639.975,2.0,2,0,1.0,9,31,1616.0,0.5563774842369664,77.00938809632027,69.10246351364754,8.476961866273152,914.8835608305218,27932.19700214133,3721.461,698.1859999999996,744.866,2278.409,1102.9029999999996,2618.558,29.636290693359403,5,2,0,0,3,46.71990710029677,27.687962840118708,65.75185136047483,1.0,1.0,0.0,1.0,2,0,0.0,0.687962840118709,0.0,1.0,0.0,1.0,0.687962840118709,0.312037159881291,0.312037159881291,0.0,4,0,2022,1,24,4,0,1,0,1,0,1,GRAVE_LESIONADOS,1
5,1,3,0,4,1,-16.74436542481439,-71.93526996338534,0,4,7,1,2,0,0,1,629.3793745180617,2.0,2,0,1.0,7,26,89.48909571966215,0.6456305778571253,75.67334095395331,77.09261911098552,10.479683603540597,1179.2653123056473,21630.747323340474,10322.272,1495.236,1749.739,7077.2970000000005,2886.595,7435.677000000001,27.964725207783708,4,1,0,0,3,26.32069329377179,24.660346646885895,27.98103994065768,1.0,1.0,0.0,1.0,1,0,0.0,0.0,0.0,1.0,0.20754333086073673,1.0,0.0,0.20754333086073673,0.20754333086073673,0.20754333086073673,18,2,2021,3,5,4,0,0,0,1,0,1,GRAVE_LESIONADOS,1
6,1,14,1,4,1,-12.198677332673906,-76.89024817239958,0,2,7,0,2,1,1,0,6610.393895222524,2.306794283110101,2,0,1.0,6,30,1572.7420060814757,0.6011095755177173,77.6512091568024,65.97949084839094,8.661248721451823,1126.0496126396615,19666.025851063423,7626.313,1683.4029999999998,1599.0829999999996,4343.827000000001,1814.875,5811.438000000001,23.797541485643197,5,2,0,0,3,42.09129147023838,31.6932057168899,60.80784582626565,1.0,0.0,0.0,0.30679428311010126,2,0,0.0,0.6932057168898987,0.0,0.30679428311010126,0.0,0.30679428311010126,0.6932057168898987,0.0,0.0,0.6932057168898987,9,1,2022,8,9,1,0,0,0,1,0,1,GRAVE_LESIONADOS,1
5,1,14,2,2,4,-12.131247920844418,-76.96497272363683,0,0,1,0,2,2,2,0,6543.555,2.0,4,4,1.0,14,33,1198.0,0.7300616135970214,80.50962212736229,76.99493487044718,10.393896806241235,1553.8980797246932,383981.0616881087,7626.313,1683.4029999999998,1599.0829999999996,4343.827000000001,1814.875,5811.438000000001,23.797541485643197,5,1,0,1,2,36.74773835750569,32.89188786750244,39.63962622500812,0.03603737749918745,0.0,0.0,0.0,1,0,0.0,0.0,0.03603737749918745,1.0,0.03603737749918745,0.03603737749918745,0.9639626225008125,0.0,0.03603737749918745,0.0,8,1,2024,11,10,1,0,0,0,1,0,1,GRAVE_LESIONADOS,1
5,1,3,0,4,1,-16.296962793591597,-72.13890720141282,0,4,7,1,2,0,1,2,310.4207373669522,2.0,2,0,0.9327791246877345,7,23,21.293107052460613,0.6417183260704465,75.63200221258558,76.29841558176415,10.390992598454835,1171.5584883870451,21830.037498598693,10452.83329115538,1517.501436087931,1706.4353121238387,7228.89654294361,2799.3383378130357,7653.494953342344,26.95557428953684,4,1,0,0,3,23.70581919077879,23.0,24.411638381557577,1.0,0.9327791246877345,0.0,0.9327791246877345,1,0,0.0,0.0,0.0672208753122655,0.9327791246877345,0.0672208753122655,1.0,0.0,0.0,0.0,0.0,16,2,2021,2,6,3,0,0,0,1,0,1,GRAVE_LESIONADOS,1
6,1,12,0,4,0,-8.527631926992912,-78.28499075119183,0,4,4,1,1,2,2,0,6543.555,2.6548201617043694,2,1,1.0,4,31,1379.3851847921103,0.4805269908178228,75.79138909832164,49.220560481999755,6.335987926482749,853.5874114184809,9701.23012587296,8931.828000000005,1335.5899999999997,1935.9830000000004,5660.255000000005,1219.309,7712.519000000005,13.651281686122925,4,1,0,0,3,36.82230242556554,36.82230242556554,36.82230242556554,1.0,0.0,0.0,0.0,1,0,0.0,0.3451798382956305,0.0,0.6548201617043695,0.0,0.6548201617043695,0.3451798382956305,0.0,0.0,0.0,9,1,2021,4,13,3,0,0,0,1,0,1,GRAVE_LESIONADOS,1
6,1,11,0,4,1,-8.098104590379318,-77.44514578585596,0,4,6,0,6,2,2,0,1504.2668932558556,1.1064817632847064,2,1,0.10648176328470638,9,31,259.6018693236518,0.24768685456335968,81.50099098043927,24.303375358698545,4.316985489307959,259.6499201300576,3339.9650085711955,8887.062853751588,1347.2820170539503,1943.70644173633,5596.074394961307,1289.615713843993,7597.447139907594,14.549106916061708,5,1,0,0,4,34.97684649759058,34.97684649759058,34.97684649759058,1.0,0.10648176328470638,0.0,0.0,1,0,0.0,0.0,0.0,1.0,0.0,0.10648176328470638,0.8935182367152936,0.0,0.8935182367152936,0.0,14,3,2022,4,5,4,0,0,0,1,0,1,GRAVE_LESIONADOS,1
6,1,7,0,4,2,-13.447286045873884,-72.49327112099722,0,4,0,0,4,2,2,2,6543.555,2.0,4,4,1.0,14,33,1198.0,0.27430618188525024,70.6799898972495,52.974566921493626,4.405105695201677,255.79378557587108,3130.3210192254523,17779.13499998999,2097.3709999899997,2863.123,12818.640999999989,2878.713,14900.421999989989,16.19152450331032,5,1,0,0,4,41.68729195795761,41.68729195795761,41.68729195795761,1.0,0.0,0.0,1.0,1,0,0.0,0.5081431286068526,0.0,0.4918568713931474,0.0,0.4918568713931474,0.5081431286068526,0.0,0.0,0.0,17,2,2021,6,14,1,0,0,2,1,0,1,GRAVE_LESIONADOS,1
3,2,22,0,4,1,-14.411631814200348,-73.0566367085387,1,4,1,1,2,2,2,2,6617.650664857936,2.231532204335866,2,0,1.0,6,30,1583.3539591886429,0.563643902386179,72.84455040576886,70.76555790591166,8.871987626553132,968.9875863803234,3404.7747108589347,2270.518601016601,516.7130805580908,441.08002767530377,1312.7254927832064,885.3910078611644,1385.1275931554367,37.33932860758725,5,2,0,0,3,32.70947459755699,25.55677290406079,39.86217629105319,1.0,0.0,0.0,1.0,2,0,0.0,0.0,1.0,1.0,0.0,1.0,1.0,0.0,0.0,0.0,19,1,2023,7,12,5,1,0,0,1,0,1,GRAVE_LESIONADOS,1
6,1,5,1,4,2,-6.8774193294212695,-78.48572963858646,0,4,6,0,1,2,2,0,6543.555,2.0,4,4,1.0,14,33,1198.0,0.2787832446449395,76.6302139673737,44.82684454743621,3.548077185984384,299.2159549691333,20782.33618843683,15935.565011852366,1733.9250000199986,935.692,13265.948011832368,2000.1670000199988,13935.398011832369,12.551591352627522,6,1,0,0,5,38.221647314617556,38.221647314617556,38.221647314617556,1.0,0.0,0.0,0.0,1,0,0.0,0.7783526853824408,0.0,0.22164731461755915,0.0,0.22164731461755915,0.7783526853824408,0.0,0.0,0.0,14,3,2022,7,12,2,0,0,2,1,0,1,GRAVE_LESIONADOS,1
3,2,5,0,4,1,-8.3690663038994,-76.84757760681353,0,4,1,0,2,1,0,4,9303.622566975142,2.0,2,0,1.0,9,24,3120.7021880489874,0.2898277342307935,79.58406784375988,46.873113319224565,4.217055440916913,278.1664367755262,4935.220675157439,16432.388780379937,1831.8700807726846,1455.1154768185988,13145.403222788655,2236.926405599075,14195.462374780864,13.532517119887121,6,2,0,0,4,43.422039799466546,32.0,54.84407959893309,1.0,0.0,0.0,1.0,2,0,0.0,1.0,0.26949005013336336,0.0,0.0,0.0,1.0,0.0,0.7305099498666366,0.0,7,1,2022,8,7,4,0,0,2,1,0,1,GRAVE_LESIONADOS,1
6,1,7,0,4,1,-13.089103713731104,-72.37803760565552,1,4,0,0,2,1,1,2,3447.8009999999995,1.0,2,3,0.0,9,12,1109.0,0.4706944943299555,76.79406176595778,61.64424635983724,7.141255198110581,653.4175319142125,3282.6252676659524,17779.13499998999,2097.3709999899997,2863.123,12818.640999999989,2878.713,14900.421999989989,16.19152450331032,5,1,0,0,4,35.0,35.0,35.0,1.0,0.24271498679858317,0.0,0.7572850132014168,1,0,0.0,0.0,0.0,0.0,0.0,1.0,0.0,0.0,0.0,0.0,15,3,2023,2,28,3,0,1,2,1,0,1,GRAVE_LESIONADOS,1
3,1,3,0,4,0,-16.466488538609326,-71.7499882862,0,4,7,1,2,1,1,1,6543.555,2.0,4,4,1.0,14,33,1198.0,0.66464515989411,80.62168567060979,77.07959109898405,10.4025076025518,1181.6675707977365,14376.567433700639,10310.693846271492,1493.9066361923662,1751.289843948417,7065.497366130708,2872.711597563517,7437.982248707973,27.845537919782082,4,1,0,0,2,24.983346105663358,21.016653894336642,28.950038316990067,1.0,0.0,0.0,0.9916730528316782,1,0,0.0,0.9916730528316782,0.0,1.0,0.0,0.9916730528316782,1.0,0.0,0.0,0.0,19,2,2021,3,19,3,0,1,0,1,0,1,GRAVE_LESIONADOS,1
6,1,12,0,4,0,-7.677879445681744,-77.9823954535479,0,4,1,1,1,2,2,2,6543.555,2.1974037337305425,3,3,1.0,11,32,1252.6808342433603,0.4867680950324224,73.22652484022211,46.212789876924205,6.9447057881111665,902.2625186070678,9441.966220679864,8931.828000000005,1335.5899999999997,1935.9830000000004,5660.255000000005,1219.309,7712.519000000005,13.651281686122925,4,1,0,0,3,34.10653441429953,34.10653441429953,34.10653441429953,1.0,0.0,0.0,0.0,1,0,0.0,0.8025962662694575,0.0,0.19740373373054254,0.0,0.19740373373054254,0.8025962662694575,0.0,0.19740373373054254,0.0,16,3,2021,5,2,1,0,0,0,1,0,1,GRAVE_LESIONADOS,1
4,1,7,0,4,2,-13.635282492085569,-71.8272117442529,0,4,7,1,2,1,1,2,6986.435132668828,2.0,3,2,1.0,11,21,1198.0,0.32261551005758743,74.49255970849595,61.43093042673987,5.49822025322521,286.54444068025794,5084.039084103582,17779.13499998999,2097.3709999899997,2863.123,12818.640999999989,2878.713,14900.421999989989,16.19152450331032,7,1,0,0,5,45.39192184421206,41.783843688424106,49.0,1.0,0.0,0.0,0.424479783033876,1,0,0.0,0.424479783033876,0.424479783033876,0.575520216966124,0.0,0.0,1.0,0.575520216966124,0.575520216966124,0.575520216966124,12,2,2023,4,12,4,0,0,2,1,0,1,GRAVE_LESIONADOS,1
3,2,10,0,3,1,-13.88240544258756,-75.69200746781296,0,2,1,1,2,0,1,2,6632.769016748565,2.0,2,0,1.0,9,31,1584.760620212611,0.5421007235760077,79.18198716617538,62.633599581189046,8.43053919454057,841.8889927984312,14146.444387735404,3641.427726839385,693.1403917521862,725.6212715498766,2222.666063537322,1100.3469760093094,2541.080750830075,30.43471720260345,5,2,0,0,3,50.32738177491268,36.77579392497089,63.87896962485446,1.0,0.9252646416569643,0.0,0.07473535834303568,2,0,0.0,0.0,0.0,1.0,0.0,1.0,0.0,0.0,0.07473535834303568,0.0,20,2,2021,8,22,3,0,1,0,1,0,1,GRAVE_LESIONADOS,1