CLASE SINIESTRO,CANTIDAD DE VEHICULOS DAÑADOS,DEPARTAMENTO,ZONA,TIPO DE VÍA,RED VIAL,COORDENADAS LATITUD,COORDENADAS  LONGITUD,CONDICIÓN CLIMÁTICA,ZONIFICACIÓN,CARACTERÍSTICAS DE VÍA,PERFIL LONGITUDINAL VÍA,SUPERFICIE DE CALZADA,¿EXISTE SEÑAL VERTICAL?,¿EXISTE SEÑAL HORIZONTAL?,CAUSA FACTOR PRINCIPAL,MTC_RVN_LONGITUD_KM,MTC_RVN_N_CARRILES_MEDIANA,MTC_RVN_SUPERFICIE_DOMINANTE,MTC_RVN_ESTADO_DOMINANTE,MTC_RVN_ES_CONCESIONADA,MTC_RVN_CONCESION_PRINCIPAL,MTC_RVN_CORREDOR_LOGISTICO,MTC_RVN_N_TRAMOS,IDH_2019,IDH_ESP_VIDA_2019,IDH_EDUC_SECUND_PCT_2019,IDH_ANIOS_EDUC_2019,IDH_INGRESO_PERCAP_2019,IDH_POBLACION_2019,MTC_DEP_RED_TOTAL_KM,MTC_DEP_NACIONAL_TOTAL_KM,MTC_DEP_DEPARTAMENTAL_TOTAL_KM,MTC_DEP_VECINAL_TOTAL_KM,MTC_DEP_PAV_TOTAL_KM,MTC_DEP_NO_PAV_TOTAL_KM,MTC_DEP_PCT_PAVIMENTADA,PER_TOTAL_PERSONAS,PER_N_CONDUCTORES,PER_N_CONDUCTORES_FUGADOS,PER_N_PEATONES,PER_N_PASAJEROS_OCUPANTES,PER_EDAD_COND_PROM,PER_EDAD_COND_MIN,PER_EDAD_COND_MAX,PER_ANY_COND_MASCULINO,PER_ANY_LIC_PROBLEMA,PER_ANY_DOSAJE_POS,PER_ANY_DOSAJE_EVALUADO,VEH_TOTAL,VEH_N_FUGADOS,VEH_ANY_FUGADO,VEH_ANY_CARGA,VEH_ANY_PUBLICO,VEH_ANY_PARTICULAR,VEH_ANY_MOTO,VEH_ANY_AUTO,VEH_ANY_CAMION_BUS,VEH_ANY_SOAT_PROBLEMA,VEH_ANY_CITV_PROBLEMA,VEH_ANY_SEGURO_PROBLEMA,HORA_NUM,FRANJA_HORARIA,ANIO,MES,DIA_MES,DIA_SEMANA,ES_FIN_SEMANA,ES_QUINCENA,REGION_NATURAL,TIENE_SEÑALIZACION,ES_VIA_MULTICARRIL,ES_DEPTO_BAJO_PAVIMENTO,CATEGORIA_SEVERIDAD,CATEGORIA_SEVERIDAD_ENC
3,2,13,0,4,1,-7.306548007513592,-79.48069973336952,0,4,7,1,2,2,2,0,1228.3707220651868,1.5593102933666623,1,0,1.0,2,19,162.70620686224444,0.4755287591440003,76.96983115332071,58.70466882472222,6.8853110055357565,718.795902076411,19061.127283682665,4071.75347561067,686.6872841792333,823.3091293918529,2561.757062039584,866.633474239029,3205.120001371641,20.839365500778108,5,2,0,0,3,43.1300002487278,34.35034510204447,51.90965539541113,1.0,0.8531034311222208,0.0,0.14689656887777924,2,0,0.0,0.0,0.8531034311222208,1.0,0.8531034311222208,0.14689656887777924,0.0,0.8531034311222208,0.8531034311222208,0.8531034311222208,17,1,2022,4,22,5,1,0,0,1,0,1,GRAVE_LESIONADOS,1
6,1,5,0,4,2,-6.930939876260404,-78.24274493991967,1,4,0,0,1,2,2,2,6543.555,2.0,4,4,1.0,14,33,1198.0,0.24347200829882287,74.05785110044964,51.25772569140488,3.146740850149169,232.9342914404255,8120.435243636028,15935.565011852366,1733.9250000199986,935.692,13265.948011832368,2000.1670000199988,13935.398011832369,12.551591352627522,5,1,0,0,4,36.5336671658832,32.6502503744124,39.4462297594863,0.02914580213229978,0.0,0.0,0.02914580213229978,1,0,0.0,0.9708541978677002,0.02914580213229978,0.0,0.0,0.0,1.0,0.0,0.9708541978677002,0.0,20,1,2021,3,2,0,0,0,2,1,0,1,GRAVE_LESIONADOS,1
3,1,7,0,4,1,-13.967564960684815,-71.51486097642031,1,4,6,0,1,1,0,1,7532.103477552207,2.0,2,0,1.0,9,6,1198.0,0.3477273573263297,74.41041490541909,69.41985135959848,5.885780524413624,320.96756089734185,4752.002178338797,17779.13499998999,2097.3709999899997,2863.123,12818.640999999989,2878.713,14900.421999989989,16.19152450331032,9,1,0,0,7,41.62923946049407,33.57568296813126,49.68279595285688,1.0,0.05252276560437541,0.0,0.9474772343956246,1,0,0.0,1.0,0.9474772343956246,0.0,0.0,0.0,1.0,0.05252276560437541,0.05252276560437541,0.0,9,1,2022,3,11,4,0,0,2,1,0,1,GRAVE_LESIONADOS,1
6,1,5,0,4,1,-6.431657082107592,-78.88526626593159,0,4,7,1,2,2,2,1,9936.932,2.0,2,0,1.0,9,32,3830.0,0.3040804091207796,72.7743375501803,51.487486769192124,4.112708979517963,340.5617146578802,5730.822325239438,15935.565011852366,1733.9250000199986,935.692,13265.948011832368,2000.1670000199988,13935.398011832369,12.551591352627522,10,1,0,0,9,38.46171205176695,37.0765758964661,40.7702723106017,1.0,0.11542801294173743,0.0,1.0,1,0,0.0,0.11542801294173743,0.8845719870582626,0.11542801294173743,0.0,0.11542801294173743,1.0,0.0,0.0,0.0,13,2,2023,11,3,0,0,0,2,1,0,1,GRAVE_LESIONADOS,1
3,1,13,0,4,1,-6.281906831327963,-80.10853695235885,0,4,3,1,2,1,0,0,5419.62748257795,2.7854434786699978,2,0,1.0,0,27,1193.501844015037,0.4703091457296942,74.91176543888524,59.04522375211969,6.365443427676777,742.49897987499,44335.321199143465,3459.691,515.0619999999999,689.7280000000001,2254.901,703.3549999999999,2756.336,20.329994788551925,19,2,0,0,17,34.854434786699976,27.0,42.70886957339995,1.0,0.7854434786699978,0.0,0.7854434786699978,2,0,0.21455652133000225,0.7854434786699978,0.7854434786699978,0.0,0.21455652133000225,0.0,0.7854434786699978,0.21455652133000225,0.0,0.21455652133000225,8,1,2021,4,15,3,0,0,0,1,0,1,GRAVE_LESIONADOS,1
4,1,10,0,4,1,-12.331506192153073,-75.67753276559985,0,4,2,0,2,1,0,1,1118.7201523583115,1.3659449439890166,1,0,0.0,9,27,341.0270034658164,0.46016307252826766,73.85560346597839,55.39418510506244,6.4766191619645,786.7175105496779,24715.232921147603,8187.523372791049,1532.4915561188254,1858.6860637477448,4796.345752924479,1855.9008983441347,6331.622474446914,22.710433720827428,6,1,0,0,4,25.242715728142784,25.242715728142784,25.242715728142784,1.0,0.36594494398901667,0.0,1.0,1,0,0.0,0.6340550560109833,0.0,0.36594494398901667,0.6340550560109833,0.0,1.0,0.0,0.0,0.0,11,1,2023,8,6,1,0,0,1,1,0,1,GRAVE_LESIONADOS,1
3,2,12,0,4,1,-7.143009082666956,-79.48312018028497,0,4,7,1,2,2,2,0,6543.555,2.76089147296124,2,0,1.0,3,30,1408.7669380102634,0.5114727232493018,78.60606800160349,61.153108160372966,6.422343227671115,862.4189512831092,24701.19700214133,8931.828000000005,1335.5899999999997,1935.9830000000004,5660.255000000005,1219.309,7712.519000000005,13.651281686122925,7,2,0,0,5,40.32624031072868,27.282674418883722,53.36980620257364,1.0,0.7608914729612402,0.0,0.0,2,0,0.0,0.0,1.0,0.7608914729612402,1.0,0.0,0.7608914729612402,0.0,0.0,0.7608914729612402,8,0,2024,2,15,2,0,0,0,1,0,1,GRAVE_LESIONADOS,1
6,1,7,0,4,0,-13.017331785186908,-72.18062542330178,4,4,0,0,1,1,0,6,6543.555,2.0,4,4,1.0,14,33,1198.0,0.3064761774166869,70.56159635859608,58.729066117912296,5.888845632197286,262.54986791874444,5163.549194018313,17779.13499998999,2097.3709999899997,2863.123,12818.640999999989,2878.713,14900.421999989989,16.19152450331032,4,1,0,0,3,50.77644685114288,50.77644685114288,50.77644685114288,1.0,0.9860279281964297,0.0,0.0,1,0,0.0,0.0,0.0,1.0,0.0,0.9860279281964297,0.013972071803570296,0.9860279281964297,0.9860279281964297,0.0,6,1,2021,1,14,3,0,0,2,1,0,1,GRAVE_LESIONADOS,1
6,1,12,0,4,1,-8.32562204247764,-78.70419775977444,0,4,7,1,1,2,2,2,7155.801048103015,2.0,3,3,1.0,13,32,1672.875499718167,0.4859332001463225,76.38334423330528,52.807759995956324,6.5151365901139755,833.5683125659245,67964.58361053107,8931.828000000005,1335.5899999999997,1935.9830000000004,5660.255000000005,1219.309,7712.519000000005,13.651281686122925,6,1,0,0,5,31.428052619546037,31.428052619546037,31.428052619546037,1.0,0.8195761779186296,0.0,0.0,1,0,0.0,0.0,0.0,1.0,0.0,0.8195761779186296,0.18042382208137042,0.0,0.8195761779186296,0.0,7,1,2023,7,29,5,1,1,0,1,0,1,GRAVE_LESIONADOS,1
3,1,11,1,4,1,-11.82717558450497,-75.29380800137262,1,4,6,1,2,0,1,1,291.20665860879564,2.0,2,0,0.7660258995192964,4,26,68.4582963687406,0.5665463072702427,72.57963590143954,75.41022788925726,9.604023673359544,916.2508315891747,21425.261894985277,12264.545,1826.4639999999995,1105.5389999999998,9332.542,1588.5359999999996,10676.009,12.952261987705208,12,2,0,0,10,43.95833669375085,30.16987050240352,57.74680288509819,1.0,0.0,0.0,0.7660258995192964,2,0,0.0,0.23397410048070355,1.0,0.7660258995192964,0.0,0.0,1.0,0.0,0.23397410048070355,0.7660258995192964,12,3,2023,1,9,4,0,0,2,1,0,1,GRAVE_LESIONADOS,1
6,1,7,1,4,2,-9.862470998787233,-75.48724861676523,0,4,2,0,7,2,2,1,6543.555,2.0,4,4,1.0,14,33,1198.0,0.2612810948937746,72.9511670395376,36.12953339521482,5.029006439251505,284.8362443246149,1632.4468594791379,3479.159925894139,977.4374040340655,551.9316941484279,1949.7908277116458,985.9787531707509,2493.1811727233885,29.642527484507774,4,1,0,0,3,30.72681286919824,30.72681286919824,30.72681286919824,1.0,0.0,0.0,0.33880116992711296,1,0,0.0,0.33880116992711296,0.661198830072887,0.0,0.0,0.0,1.0,0.0,0.0,0.0,10,1,2023,6,10,4,0,0,0,1,0,1,GRAVE_LESIONADOS,1
5,1,17,0,4,1,-14.87215141315614,-70.65882838816395,0,4,6,0,2,1,1,2,1748.2182186091359,2.0,1,0,0.17562646556800232,9,30,455.1435008534396,0.36506732729112856,69.62245377195744,65.23875333857576,6.368790692582001,404.84774351058195,14897.212434847967,13473.082850307983,1982.8954932446545,2252.2390729739163,9237.948284089412,3168.5143873925053,10304.568462915477,23.468806787944366,6,1,0,0,4,21.722210216304035,19.87813232784001,23.56628810476806,1.0,0.0,0.0,1.0,1,0,0.0,0.17562646556800232,0.0,0.8243735344319977,0.0,1.0,0.17562646556800232,0.0,1.0,0.0,14,2,2022,8,7,3,0,0,2,1,0,1,GRAVE_LESIONADOS,1
6,1,7,0,4,1,-15.128388025249858,-71.16257363516706,1,4,0,0,2,1,1,2,568.5409999999999,1.0,2,3,0.0,9,3,93.0,0.39141431389719017,68.4561076311977,63.870253013865614,5.704276998180692,528.007218364526,1166.4631141057328,17779.13499998999,2097.3709999899997,2863.123,12818.640999999989,2878.713,14900.421999989989,16.19152450331032,5,1,0,0,4,34.364853646647596,34.364853646647596,34.364853646647596,1.0,0.0,0.0,0.0,1,0,0.0,0.0,0.0,1.0,0.0,1.0,0.0,0.0,0.5786230587861451,0.0,1,0,2022,7,8,6,1,0,2,1,0,1,GRAVE_LESIONADOS,1
3,2,14,0,4,1,-6.5852683015779965,-79.28927438991157,0,3,5,1,2,2,2,0,6543.555,2.7938359121486163,2,0,1.0,2,30,1417.8925476651668,0.5488877519006536,74.23531996911177,65.5804175908127,9.1746475584071,889.1335074108086,81022.74524995325,3910.2512749743673,576.9141126526449,746.5406376892058,2586.796524632516,767.2763816024093,3142.9748933719575,19.83970547011629,4,2,0,0,2,29.23219503363478,24.938359121486165,33.5260309457834,1.0,1.0,0.0,0.0,2,0,0.0,0.0,0.7938359121486164,1.0,1.0,0.7938359121486164,0.0,0.20616408785138363,1.0,1.0,8,0,2022,6,7,2,0,0,0,1,0,1,GRAVE_LESIONADOS,1
6,1,3,0,4,2,-15.966150738279927,-72.5654447817913,0,4,0,0,4,2,2,0,6543.555,2.0,4,4,1.0,14,33,1198.0,0.531532150640187,74.86166524286917,56.007310248513384,7.531063621323104,1009.0504370575906,1369.5895248311551,10322.272,1495.236,1749.739,7077.2970000000005,2886.595,7435.677000000001,27.964725207783708,5,1,0,0,4,28.535150196295948,28.535150196295948,28.535150196295948,1.0,0.5351501962959478,0.0,0.0,1,0,0.0,0.5351501962959478,0.0,0.46484980370405216,0.0,0.0,1.0,0.0,0.5351501962959478,0.0,11,1,2021,6,19,2,0,1,0,1,0,1,GRAVE_LESIONADOS,1
6,1,19,0,4,1,-5.738753314424852,-79.54374196116822,0,4,0,0,4,1,0,2,8367.57352519772,2.0,2,1,1.0,11,32,2612.760799734424,0.2117580020098525,65.37756662211437,42.30794939557186,3.975264599118591,171.62326554814578,38712.25053533191,8965.846000060003,1782.4120000599992,636.9959999999999,6546.438000000004,2214.505000059999,6751.341000000004,24.699342371541725,9,1,0,0,8,50.77486139878171,50.77486139878171,50.77486139878171,1.0,0.0,0.0,1.0,1,0,0.0,0.0,0.4624768997969515,0.5375231002030485,0.0,0.0,1.0,0.0,1.0,0.0,17,2,2022,8,13,2,0,0,0,1,0,1,GRAVE_LESIONADOS,1
3,1,6,1,4,1,-13.446805528613886,-72.20069403327697,0,4,6,0,1,2,2,2,7581.852580313476,2.0,2,0,1.0,9,5,1198.0,0.44553497093510086,73.2379010184303,72.21254418067834,7.623259044118171,533.586084458973,18338.91174773045,17770.211033910047,2095.611706989738,2853.7930971614296,12820.806229758879,2874.4603191937726,14895.750714716274,16.173905080028884,9,1,0,0,7,43.487898525500306,27.067768257198303,59.9080287938023,1.0,0.9951594102001212,0.0,1.0,1,0,0.0,0.0,0.9951594102001212,1.0,0.0,0.9951594102001212,1.0,0.0,1.0,0.0,4,0,2024,3,5,1,0,0,2,1,0,1,GRAVE_LESIONADOS,1
6,1,5,0,4,0,-9.182271009008948,-78.31995110383424,1,4,7,1,2,2,2,0,6543.555,2.600890700442574,2,1,1.0,5,31,1364.446724022593,0.509180828380853,77.49111589141614,60.96460863043949,7.708406494062613,794.6391121843867,26115.08107589461,10034.955165686488,1665.7632158442825,1507.3904972209289,6861.801452621277,1748.7141373737227,8286.241028312767,17.169358620191687,11,1,0,0,10,34.59198369601683,34.59198369601683,34.59198369601683,1.0,0.399109299557426,0.0,0.600890700442574,1,0,0.0,0.399109299557426,0.600890700442574,0.0,0.0,0.0,1.0,0.0,0.0,0.0,15,1,2022,4,10,1,0,0,0,1,0,1,GRAVE_LESIONADOS,1
1,1,17,0,3,2,-8.206379225861308,-79.19653589860401,0,2,4,1,2,1,1,2,6543.555,2.6154007547092397,2,1,1.0,5,31,1368.4660090544594,0.6231264361810629,75.35408931569619,67.36216786610767,9.505491912303857,1264.6880048217995,47771.00830273773,8450.662619194858,1744.3332133599306,1007.0139341040514,5699.315471730876,2060.8076036413768,6389.855015553481,24.352510431422612,7,2,0,0,5,52.69219471703532,51.922996226453805,53.461393207616844,1.0,0.0,0.0,0.6154007547092398,2,0,0.0,0.6154007547092398,0.38459924529076017,0.38459924529076017,0.0,0.0,1.0,0.38459924529076017,1.0,0.38459924529076017,7,1,2022,2,22,0,0,1,0,1,0,1,GRAVE_LESIONADOS,1
3,1,11,0,4,1,-10.942195143917967,-74.85207981600726,2,4,6,1,3,2,2,1,5768.608,2.0,3,1,0.0,9,32,365.0,0.4504704361939795,78.21109613042135,53.36127577481231,6.956854509393587,612.1696439943328,61517.46466809421,12264.545,1826.4639999999995,1105.5389999999998,9332.542,1588.5359999999996,10676.009,12.952261987705208,8,2,0,0,6,38.79084857253868,37.15609277415405,40.42560437092331,1.0,0.0,0.0,0.0,2,0,0.0,0.6347557983846281,1.0,0.36524420161537186,0.0,0.36524420161537186,1.0,0.0,0.36524420161537186,0.0,7,0,2022,7,5,3,0,0,2,1,0,1,GRAVE_LESIONADOS,1
6,1,8,0,4,1,-13.31202697578745,-75.4553606828468,0,4,4,0,2,0,1,0,1560.1003955563308,1.392785646328705,1,3,0.39278564632870494,9,19,287.6753540847917,0.4100262233003834,70.83043807288159,49.530971452515196,7.204048855730504,574.5342901370013,1522.4806725604499,8511.426,1445.3929999999996,2008.516,5057.516999999999,1879.579,6631.846999999998,22.08300935706896,4,1,0,0,3,28.322644012412017,28.322644012412017,28.322644012412017,1.0,1.0,0.0,0.0,1,0,0.0,0.0,0.0,1.0,0.0,1.0,0.0,0.0,0.0,0.0,12,1,2021,6,2,1,0,0,2,1,0,1,GRAVE_LESIONADOS,1
5,1,14,2,2,4,-11.971281564455325,-77.06647976038454,1,3,6,1,3,2,2,0,6543.555,2.0,4,4,1.0,14,33,1198.0,0.7252146813251127,80.10681766972536,78.18405803956038,10.513510091754133,1515.3524108258773,722830.3689778029,7626.313,1683.4029999999998,1599.0829999999996,4343.827000000001,1814.875,5811.438000000001,23.797541485643197,5,1,0,0,4,45.65204828789949,43.825892808571936,47.47820376722704,1.0,0.3043592465545919,0.0,0.0,1,0,0.0,0.3043592465545919,1.0,0.0,0.6956407534454081,0.0,0.3043592465545919,0.3043592465545919,1.0,0.3043592465545919,14,1,2023,9,18,5,1,0,0,1,0,1,GRAVE_LESIONADOS,1
5,1,8,0,4,1,-13.595417485669703,-75.29563055440185,2,4,0,0,2,2,2,0,1679.5849999999998,2.0,2,3,1.0,9,24,315.0,0.5118178571452676,73.75997824909517,52.50918514628707,8.660236932280583,854.102707596267,2140.665665159345,8511.426,1445.3929999999996,2008.516,5057.516999999999,1879.579,6631.846999999998,22.08300935706896,5,1,0,0,4,19.925503741058613,19.366486525912563,20.484520956204662,1.0,0.9378869760948835,0.0,0.06211302390511653,1,0,0.0,0.06211302390511653,0.0,1.0,0.0,0.9378869760948835,0.06211302390511653,0.0,0.0,0.0,16,3,2022,3,3,2,0,0,2,1,0,1,GRAVE_LESIONADOS,1
6,1,9,0,4,1,-10.481599641946925,-76.37456674614289,0,4,0,0,4,2,2,0,8662.372737933481,2.0,2,0,1.0,9,17,2402.51124230421,0.2661403480681296,75.97767761890742,42.37474894031611,4.579061425125393,247.96326757259092,2842.0393089586573,8703.81921249513,1395.142639840908,1975.3219217560597,5333.354650898161,1577.412344241565,7126.4068682535635,18.224304656574283,8,1,0,0,7,59.965948455415536,59.965948455415536,59.965948455415536,1.0,0.0,0.0,0.0,1,0,0.0,0.0,0.0,1.0,0.0,0.5423589504923214,0.4576410495076786,0.0,0.4576410495076786,0.0,11,2,2023,7,25,4,0,1,1,1,0,1,GRAVE_LESIONADOS,1
3,1,5,0,4,1,-14.865930698879197,-73.36192381853192,0,4,7,1,2,1,0,0,1871.7378914648707,1.7683999289487797,1,0,0.7683999289487798,9,32,368.45039246857067,0.5306620041902496,76.42706649736549,67.01056227972894,8.548753022885574,937.7165229945236,20914.8472030713,10000.24507080726,1458.261975056957,1792.8731236328636,6749.109972117438,2500.451443937295,7499.793626869963,24.649730671179444,4,1,0,0,3,40.38960042630732,34.24240099471708,46.53679985789756,1.0,0.7683999289487798,0.0,0.7683999289487798,1,0,0.0,0.0,0.0,1.0,0.7683999289487798,1.0,0.0,0.7683999289487798,1.0,0.7683999289487798,20,2,2023,8,4,5,1,0,0,1,0,1,GRAVE_LESIONADOS,1
3,2,6,0,4,0,-12.12707674188745,-72.92131480486957,4,4,6,0,1,2,2,1,6543.555,2.0,4,4,1.0,14,33,1198.0,0.3185341003458667,73.92397542555982,64.59210134691315,5.607263122983371,272.68546904440547,17690.777547766793,17614.67646541,2064.9492330168855,2691.1835131328608,12858.543719260255,2800.3409345793757,14814.335530830625,15.866818592614118,6,2,0,0,3,36.87481530390624,27.159685264620528,44.46476064709822,1.0,0.9107934411830362,0.0,0.0,2,0,0.0,0.0,0.0,1.0,0.9107934411830362,0.08920655881696382,0.0,0.0,0.0,0.0,4,0,2021,8,5,6,1,0,2,1,0,1,GRAVE_LESIONADOS,1
3,2,20,2,4,1,-15.825910049639972,-70.01745096165554,0,0,5,0,2,0,0,2,6763.866316038527,2.0,3,3,1.0,12,27,1198.0,0.6488901960567479,69.67312345830231,82.12448375199249,11.701623814093702,1230.336353415943,144745.3597430407,13642.312999999998,2020.7790000000005,2354.117,9267.416999999998,3314.0520000000006,10328.260999999997,24.29244952817019,4,2,0,0,2,34.45021116844367,30.36652588770422,38.533896449183125,1.0,0.0,0.0,0.0,2,0,0.0,0.0,1.0,1.0,0.21115803743192696,1.0,0.788841962568073,0.0,0.21115803743192696,0.0,7,1,2022,9,7,4,0,0,2,1,0,1,GRAVE_LESIONADOS,1
3,1,3,0,4,1,-16.407921307465156,-71.70192742377533,0,4,7,1,2,1,1,0,1504.4250000000002,2.0,2,0,1.0,7,25,241.0,0.605505703926935,78.1620220144752,72.89743691730327,8.704393252428972,1076.9321517888468,34176.96557918215,10322.272,1495.236,1749.739,7077.2970000000005,2886.595,7435.677000000001,27.964725207783708,8,2,0,0,6,35.69366745164741,23.5063949227586,47.549027741149246,1.0,0.0,0.0,0.49786835908046756,2,0,0.0,1.0,0.49786835908046756,0.0,0.0,0.0,1.0,0.0,0.0,0.0,16,2,2022,8,8,2,0,0,0,1,0,1,GRAVE_LESIONADOS,1
5,2,10,0,4,1,-13.451169958798008,-76.2377851894423,0,4,7,1,2,1,1,5,219.8290652194578,-0.9399648291136756,2,0,0.9799882763712252,12,30,19.062379896641282,0.5321143888876776,79.36878989198415,61.581677525232024,8.257395969914963,810.5979815182548,13804.084791889716,3716.2225311056955,694.5213731222038,743.7625935825566,2277.938564400935,1094.9073558475698,2621.3151752581252,29.450055671704796,4,1,0,0,3,42.93996482911368,42.85991793459858,43.02001172362878,1.0,0.0,0.0,0.0,1,0,0.0,1.0,0.0,0.02001172362877479,0.0,0.0,1.0,0.02001172362877479,0.02001172362877479,0.02001172362877479,5,0,2022,4,22,5,1,0,0,1,0,1,GRAVE_LESIONADOS,1
3,1,13,0,4,1,-10.281869709442043,-77.5189094331544,0,4,0,1,2,2,2,2,1216.9682434506062,2.0,2,0,0.2528549787625588,8,21,546.7927226999898,0.5634926879924341,75.61272781100914,61.141684215737556,7.345665069575878,1151.7821732854482,25192.75428096734,7956.418967599203,1595.4567512716578,1684.2698423451059,4676.69237398244,1664.2831717182978,6292.135795880906,21.232009179516094,7,1,0,0,5,37.63784740443151,26.057099575251176,49.21859523361185,1.0,0.0,0.0,0.7471450212374412,1,0,0.0,0.7471450212374412,0.0,0.2528549787625588,0.0,0.7471450212374412,1.0,0.2528549787625588,0.2528549787625588,0.2528549787625588,12,2,2022,5,10,2,0,0,0,1,0,1,GRAVE_LESIONADOS,1
4,1,7,0,4,1,-13.057653371483852,-71.6802386520754,0,4,0,0,3,1,1,4,6543.555,2.0,4,4,1.0,14,33,1198.0,0.29384737600047,66.34391696686018,52.110076339102875,4.664622025975547,336.5717545477781,5408.5554784092055,17779.13499998999,2097.3709999899997,2863.123,12818.640999999989,2878.713,14900.421999989989,16.19152450331032,6,1,0,0,4,37.41299355087517,24.86542708632429,49.960560015426054,1.0,0.0,0.0,0.0,1,0,0.0,0.0,0.0,1.0,0.48259871017503386,0.0,0.5174012898249661,0.48259871017503386,0.0,0.0,17,2,2022,6,13,2,0,0,2,1,0,1,GRAVE_LESIONADOS,1
9,1,7,0,4,1,-13.912161837378873,-71.50112023579187,7,4,0,0,2,1,1,2,7571.293263721685,2.0,2,0,1.0,9,5,1198.0,0.2817996466757569,61.46221967841442,59.94392749373902,5.22767318167762,273.6262823371238,4178.871520342613,17779.13499998999,2097.3709999899997,2863.123,12818.640999999989,2878.713,14900.421999989989,16.19152450331032,30,1,0,0,29,38.955116405231095,38.955116405231095,38.955116405231095,1.0,0.9850388017436993,0.0,0.9850388017436993,1,0,0.0,0.0,0.9850388017436993,0.0,0.0,0.0,1.0,0.0,0.0,0.0,9,1,2023,2,27,1,0,1,2,1,0,1,GRAVE_LESIONADOS,1
5,1,8,0,4,1,-12.797281388208681,-74.84398565236827,0,4,5,1,1,2,2,0,6819.5688386413685,2.0,3,2,1.0,12,25,1198.0,0.3829355449124482,70.48404044236493,57.042856399352644,5.735634360470396,501.43134984638095,2627.3146555530743,8511.426,1445.3929999999996,2008.516,5057.516999999999,1879.579,6631.846999999998,22.08300935706896,6,1,0,0,5,37.470907427547914,37.470907427547914,37.470907427547914,1.0,0.0,0.0,0.0,1,0,0.0,0.0,0.0,0.2645462862260417,0.0,0.0,1.0,0.0,0.0,0.0,14,2,2024,7,23,4,0,1,2,1,0,1,GRAVE_LESIONADOS,1
3,1,20,0,4,0,-15.377278412222987,-70.36667210034533,2,4,6,1,3,2,2,1,7079.86802743851,2.0,2,1,1.0,11,18,1198.0,0.30472314261591743,67.86812640951001,66.08062114811126,6.837642168277087,239.20186665333864,7415.663811649708,13642.312999999998,2020.7790000000005,2354.117,9267.416999999998,3314.0520000000006,10328.260999999997,24.29244952817019,5,2,0,0,3,40.34120032659315,29.429845902620652,51.25255475056565,1.0,0.0,0.5140308194758695,0.5140308194758695,2,0,0.0,0.0,0.0,1.0,0.5140308194758695,1.0,0.4859691805241305,0.4859691805241305,1.0,0.5140308194758695,16,2,2021,6,23,2,0,1,2,1,0,1,GRAVE_LESIONADOS,1
4,1,7,0,4,1,-14.205240162291197,-74.1911993942806,0,4,7,1,2,1,1,0,946.9109642807848,2.0,2,0,0.5731492479812457,7,14,161.60576012451168,0.6249688572480773,78.32236846576059,69.07718123639819,8.628508837045137,1210.4807805349712,35460.36459494446,9171.499873438272,1575.555225455113,1685.4313731038624,5910.513274879297,2429.1305120464604,6742.369361391811,26.18595970218772,7,2,0,0,5,44.557676822002236,40.35458233680644,48.37867180854387,1.0,0.0,0.0,1.0,2,0,0.0,0.5731492479812457,0.5731492479812457,0.42685075201875433,0.0,0.42685075201875433,0.5731492479812457,0.0,0.0,0.0,17,2,2024,8,7,1,0,0,0,1,0,1,GRAVE_LESIONADOS,1
0,1,4,1,4,1,-6.330884186533529,-78.44484228701842,0,0,6,0,2,0,1,2,7745.605538566224,2.0,2,0,1.0,9,18,2063.5778330067105,0.57811891415987,74.15492853074667,68.83224341280486,8.838684203751356,1032.425861883295,102522.72128158851,15693.750748969045,1739.207692809322,997.9374741406291,12956.605582019094,2036.1928725345354,13657.557876434512,13.075124821027082,5,1,0,3,0,24.4702392773164,23.777255079165915,25.707711059727973,1.0,0.07424830694469453,0.9257516930553055,1.0,1,0,0.0,0.07424830694469453,0.0,1.0,1.0,0.07424830694469453,0.07424830694469453,0.0,1.0,0.0,21,1,2023,3,4,4,0,0,2,1,0,1,GRAVE_LESIONADOS,1
3,1,14,2,2,4,-12.16006397243818,-76.93444513851014,2,3,2,1,3,2,2,1,6543.555,2.0,4,4,1.0,14,33,1198.0,0.694723765870123,79.96072625055031,75.06744402512572,9.722355289340564,1430.0024965145003,539228.1199734728,7626.313,1683.4029999999998,1599.0829999999996,4343.827000000001,1814.875,5811.438000000001,23.797541485643197,11,2,0,0,9,32.83723501399514,24.255852520992704,41.41861750699757,1.0,1.0,0.0,0.0,2,0,0.0,1.0,1.0,0.0,0.0,0.0,1.0,1.0,0.35465437674939215,1.0,14,1,2022,4,22,5,1,0,0,1,0,1,GRAVE_LESIONADOS,1