CLASE SINIESTRO,CANTIDAD DE VEHICULOS DAÑADOS,DEPARTAMENTO,ZONA,TIPO DE VÍA,RED VIAL,COORDENADAS LATITUD,COORDENADAS  LONGITUD,CONDICIÓN CLIMÁTICA,ZONIFICACIÓN,CARACTERÍSTICAS DE VÍA,PERFIL LONGITUDINAL VÍA,SUPERFICIE DE CALZADA,¿EXISTE SEÑAL VERTICAL?,¿EXISTE SEÑAL HORIZONTAL?,CAUSA FACTOR PRINCIPAL,MTC_RVN_LONGITUD_KM,MTC_RVN_N_CARRILES_MEDIANA,MTC_RVN_SUPERFICIE_DOMINANTE,MTC_RVN_ESTADO_DOMINANTE,MTC_RVN_ES_CONCESIONADA,MTC_RVN_CONCESION_PRINCIPAL,MTC_RVN_CORREDOR_LOGISTICO,MTC_RVN_N_TRAMOS,IDH_2019,IDH_ESP_VIDA_2019,IDH_EDUC_SECUND_PCT_2019,IDH_ANIOS_EDUC_2019,IDH_INGRESO_PERCAP_2019,IDH_POBLACION_2019,MTC_DEP_RED_TOTAL_KM,MTC_DEP_NACIONAL_TOTAL_KM,MTC_DEP_DEPARTAMENTAL_TOTAL_KM,MTC_DEP_VECINAL_TOTAL_KM,MTC_DEP_PAV_TOTAL_KM,MTC_DEP_NO_PAV_TOTAL_KM,MTC_DEP_PCT_PAVIMENTADA,PER_TOTAL_PERSONAS,PER_N_CONDUCTORES,PER_N_CONDUCTORES_FUGADOS,PER_N_PEATONES,PER_N_PASAJEROS_OCUPANTES,PER_EDAD_COND_PROM,PER_EDAD_COND_MIN,PER_EDAD_COND_MAX,PER_ANY_COND_MASCULINO,PER_ANY_LIC_PROBLEMA,PER_ANY_DOSAJE_POS,PER_ANY_DOSAJE_EVALUADO,VEH_TOTAL,VEH_N_FUGADOS,VEH_ANY_FUGADO,VEH_ANY_CARGA,VEH_ANY_PUBLICO,VEH_ANY_PARTICULAR,VEH_ANY_MOTO,VEH_ANY_AUTO,VEH_ANY_CAMION_BUS,VEH_ANY_SOAT_PROBLEMA,VEH_ANY_CITV_PROBLEMA,VEH_ANY_SEGURO_PROBLEMA,HORA_NUM,FRANJA_HORARIA,ANIO,MES,DIA_MES,DIA_SEMANA,ES_FIN_SEMANA,ES_QUINCENA,REGION_NATURAL,TIENE_SEÑALIZACION,ES_VIA_MULTICARRIL,ES_DEPTO_BAJO_PAVIMENTO,CATEGORIA_SEVERIDAD,CATEGORIA_SEVERIDAD_ENC
6,1,5,0,4,1,-6.437241444083622,-78.79497224226637,2,4,0,0,4,2,2,0,7047.367343494762,2.0,3,2,1.0,11,27,1585.777975365544,0.3951865622067895,69.42745850929819,48.69596582061586,5.585893806460872,625.5010666849098,12398.77464146369,15935.565011852366,1733.9250000199986,935.692,13265.948011832368,2000.1670000199988,13935.398011832369,12.551591352627522,5,1,0,0,4,41.85264197470006,41.85264197470006,41.85264197470006,1.0,0.0,0.0,0.0,1,0,0.0,0.41473580252999376,0.0,0.5852641974700062,0.0,0.5852641974700062,0.41473580252999376,0.0,0.0,0.0,13,1,2022,3,20,4,0,0,2,1,0,1,GRAVE_LESIONADOS,1
3,1,10,0,4,1,-14.157220668801248,-75.71239807556762,0,4,7,1,2,1,0,2,6639.975,2.0,2,0,1.0,9,31,1616.0,0.6261042306271147,80.48505954362174,76.55712631348362,9.341715591523595,1061.002261282891,31419.372591006424,3721.461,698.1859999999996,744.866,2278.409,1102.9029999999996,2618.558,29.636290693359403,4,1,0,0,2,38.28114559982869,33.164214125596814,43.39807707406056,1.0,1.0,0.0,1.0,1,0,0.0,0.9303511771330678,0.0,1.0,0.0,0.0,1.0,1.0,0.06964882286693219,0.0,20,2,2021,8,23,3,0,1,0,1,0,1,GRAVE_LESIONADOS,1
3,2,3,0,4,1,-16.048320710928877,-71.33687230454032,0,4,1,0,2,0,1,0,1504.4250000000002,2.0,2,0,1.0,7,25,241.0,0.4685280505645348,81.83746865987648,70.74305753660312,6.037751599761188,617.4715908037651,1751.8736616702354,10322.272,1495.236,1749.739,7077.2970000000005,2886.595,7435.677000000001,27.964725207783708,5,2,0,0,3,54.09010115944979,46.26742563453148,61.91277668436809,1.0,0.0,0.0,0.21511701661220572,2,0,0.0,1.0,0.0,1.0,0.0,1.0,1.0,0.0,0.0,0.0,8,1,2021,8,11,5,1,0,0,1,0,1,GRAVE_LESIONADOS,1
5,1,14,2,2,3,-11.977870137947995,-76.96521942856744,0,0,2,1,2,2,2,2,5409.927436158875,2.0,3,3,1.0,11,29,989.5907042005169,0.6982132862982894,79.62766677537925,73.77937610886912,9.893273951711976,1456.8437154676176,1057208.2576590888,7626.313,1683.4029999999998,1599.0829999999996,4343.827000000001,1814.875,5811.438000000001,23.797541485643197,9,1,0,0,7,36.79985726219604,36.19983049885779,37.399884025534284,1.0,0.2000089211127476,0.0,0.0,1,0,0.0,0.2000089211127476,1.0,0.0,0.0,0.0,1.0,0.7999910788872524,0.7999910788872524,0.7999910788872524,9,1,2023,8,18,2,0,1,0,1,0,1,GRAVE_LESIONADOS,1
3,1,9,1,4,1,-10.333929256846238,-76.32656197817849,0,4,6,0,2,1,1,2,9492.934540373226,2.1308423613488197,2,0,1.0,7,31,3521.8662390235295,0.4625530467477952,72.92441070897146,62.60878966002687,6.4731438572994495,720.1696992954754,19121.83374793898,8132.809398978144,1379.2630132949853,897.5806548988005,5855.965730784357,1158.6470762961403,6974.162322682003,14.335290043437686,6,1,0,0,4,50.16820694111652,47.56073402516298,52.77567985707007,1.0,0.0,0.0,1.0,1,0,0.0,0.8691576386511802,0.13084236134881977,0.8691576386511802,0.0,0.8691576386511802,1.0,0.0,0.0,0.0,6,0,2021,2,18,1,0,1,1,1,0,1,GRAVE_LESIONADOS,1
3,1,3,0,4,1,-15.851251057230089,-71.21116981736914,2,4,2,1,2,1,1,1,1201.022296905452,1.675811635742733,2,0,0.675811635742733,7,17,193.02012208992448,0.4689306965754602,81.65668658388446,64.59209991150233,5.96942035012075,659.1490542686413,1629.2839490165231,10322.272,1495.236,1749.739,7077.2970000000005,2886.595,7435.677000000001,27.964725207783708,4,1,0,0,3,31.433927993170062,29.406493085941865,33.461362900398264,1.0,0.0,0.0,0.0,1,0,0.0,0.0,0.0,1.0,0.0,1.0,0.675811635742733,0.0,0.0,0.0,14,3,2021,3,13,4,0,0,0,1,0,1,GRAVE_LESIONADOS,1
4,1,6,0,4,1,-14.183360288442326,-73.40854427913146,0,4,7,1,2,0,1,2,426.1974747516581,2.0,2,0,0.5598831655769838,7,17,83.93962818306672,0.6200157987603013,75.40268283018919,71.8927114700221,9.898994878218113,1128.8062409122135,22935.564623900827,11177.099044345296,1641.0150188322666,1466.215735264693,8069.868290248335,2315.297382025694,8861.801662319602,21.357487418470797,4,1,0,0,3,27.62122676144167,23.0,32.24245352288334,1.0,0.5598831655769838,0.0,0.5598831655769838,1,0,0.0,0.0,0.4401168344230162,0.5598831655769838,0.4401168344230162,1.0,0.0,0.0,0.0,0.0,13,2,2021,5,12,3,0,0,0,1,0,1,GRAVE_LESIONADOS,1
5,1,13,0,4,0,-7.024824737234909,-79.67386247760874,0,4,7,1,2,1,1,2,6543.555,2.789673613792756,2,0,1.0,2,30,1416.7395910205933,0.5523079888306109,77.59919096550709,63.16653023639154,7.705236262608181,963.7965219910224,9443.289464094301,8938.982883018622,1429.5684565505126,1662.7717585598107,5846.642667908299,1428.6249782605241,7510.357904758098,15.974980364685392,4,1,0,0,3,54.37661816550298,53.9559653930885,54.797270937917474,1.0,0.0,0.2103263862072443,0.2103263862072443,1,0,0.0,0.0,0.0,1.0,0.2103263862072443,0.7896736137927557,0.0,0.2103263862072443,1.0,0.0,17,2,2023,2,8,5,1,0,0,0,0,1,GRAVE_LESIONADOS,1
3,1,14,1,2,4,-12.203895448177041,-76.92912075081674,0,3,1,0,1,2,2,2,6543.555,2.0,4,4,1.0,14,33,1198.0,0.696635693111022,80.07654755161028,74.2572780196058,9.939321898120268,1426.5854377818491,457463.1205010395,7626.313,1683.4029999999998,1599.0829999999996,4343.827000000001,1814.875,5811.438000000001,23.797541485643197,10,1,0,0,8,30.261194949921315,22.87314444913445,37.64924545070818,1.0,1.0,0.0,0.26119494992131354,1,0,0.0,1.0,0.7388050500786865,0.0,0.0,0.0,1.0,1.0,0.26119494992131354,0.7388050500786865,12,1,2022,3,26,5,0,1,0,1,0,1,GRAVE_LESIONADOS,1
4,1,10,0,4,1,-8.165700271626742,-78.20853270688536,0,4,4,0,1,2,2,1,6543.555,2.625211533857515,2,1,1.0,5,31,1371.1835948785317,0.3942025744040284,78.2129433564247,51.33513181194843,4.779333727423394,660.0882643511987,24724.06391384539,8660.941765537733,1334.7984467595068,1507.2227460022007,5818.920572776025,1159.5489790735805,7501.392786464152,13.37377626727831,5,1,0,0,3,31.620134721277154,31.620134721277154,31.620134721277154,1.0,0.625211533857515,0.0,0.0,1,0,0.0,0.37478846614248496,0.625211533857515,0.625211533857515,0.625211533857515,0.0,0.37478846614248496,0.625211533857515,0.37478846614248496,0.0,18,2,2021,2,11,3,0,0,0,1,0,1,GRAVE_LESIONADOS,1
3,1,19,0,4,1,-5.178173145121364,-80.5647052246391,0,1,7,1,2,2,2,0,1376.5152916935021,2.0136178283711077,2,0,1.0,0,20,180.8665908228934,0.6220812987247925,80.20155828147696,72.71675503872983,10.02377668600292,1028.915688621886,159840.92719486082,8965.846000060003,1782.4120000599992,636.9959999999999,6546.438000000004,2214.505000059999,6751.341000000004,24.699342371541725,4,2,0,0,2,36.72469416812328,22.422152679504343,51.027235656742214,1.0,0.9863821716288922,0.9863821716288922,1.0,2,0,0.01361782837110781,0.9863821716288922,0.01361782837110781,0.9863821716288922,1.0,0.0,0.0,0.9863821716288922,1.0,1.0,21,1,2024,1,25,6,1,1,0,1,0,1,GRAVE_LESIONADOS,1
4,1,8,0,4,1,-13.462736427107322,-74.75372950915761,0,4,3,0,2,2,2,2,807.4981176054943,2.0,2,0,0.46641026988959133,8,12,141.75231019946398,0.623891198760337,78.42788467990968,73.47802701111645,8.954763696411202,1147.6632220358622,34780.7265900756,8883.735964801273,1595.6399787456853,1669.350505620486,5618.745480435102,2314.7362144460726,6568.9997503552,25.741158770166265,5,1,0,0,4,57.53743568176654,55.20538433231858,59.8694870312145,1.0,0.0,0.0,1.0,1,0,0.0,0.46641026988959133,0.0,0.5335897301104087,0.0,0.5335897301104087,0.46641026988959133,0.0,0.0,0.0,16,2,2022,7,19,2,0,0,0,1,0,1,GRAVE_LESIONADOS,1
6,1,10,0,4,1,-13.933389338860977,-75.88691036231377,0,4,7,1,2,2,2,1,6639.975,2.0,2,0,1.0,9,31,1616.0,0.6053164595604621,78.88848309050202,67.63954639531094,9.133324993872453,1064.9426147896202,27932.19700214133,3721.461,698.1859999999996,744.866,2278.409,1102.9029999999996,2618.558,29.636290693359403,5,1,0,0,4,39.98204819148452,39.98204819148452,39.98204819148452,1.0,0.8868942434982802,0.0,1.0,1,0,0.0,0.0,0.0,1.0,0.0,0.8868942434982802,0.11310575650171983,0.0,0.0,0.0,1,0,2023,2,5,1,0,0,0,1,0,1,GRAVE_LESIONADOS,1
3,2,1,2,3,2,-10.529121743665161,-76.57633807143283,4,3,5,0,2,1,1,0,6543.555,2.0,4,4,1.0,14,33,1198.0,0.4718240817610675,76.56435931380501,67.54918917265154,6.6891065774457585,671.3673853504165,15285.22568070324,10691.165167203486,1818.1193989515225,1313.2239224178074,7559.821845834157,2235.3632531162993,8455.801914087187,20.95862965746069,6,2,0,0,4,45.30788164354375,37.42410347223982,53.191659814847675,1.0,0.0,0.0,0.0,2,0,0.0,0.8282735648159884,0.17172643518401165,1.0,0.0,1.0,1.0,0.0,0.0,0.0,13,3,2022,6,11,3,0,0,0,1,0,1,GRAVE_LESIONADOS,1
3,2,16,2,3,1,-15.247302321632157,-70.50345472491831,0,0,0,0,2,0,1,2,7324.13229810333,2.0,2,1,1.0,10,12,1198.0,0.6568837909688451,71.64799498044492,82.2593505945133,11.536099860530538,1234.1647474583308,141344.18956257595,14684.185530123179,2040.0689527262643,2482.31187255414,10161.804704842772,3204.4104090897818,11479.775121033395,22.252204322548735,6,2,0,0,4,39.63704685524711,29.259266811728544,50.01482689876567,1.0,0.251853362345709,0.0,0.0,2,0,0.0,0.0,0.748146637654291,1.0,0.748146637654291,1.0,0.251853362345709,0.0,1.0,0.0,12,1,2021,8,9,1,0,0,2,1,0,1,GRAVE_LESIONADOS,1
6,1,5,0,4,1,-13.116626430892765,-74.45713221455318,0,4,5,0,1,2,2,1,6543.555,2.0,4,4,1.0,14,33,1198.0,0.37389501275530856,75.72466856687448,55.57059500921356,5.766599603530786,431.101164060907,6129.740621534549,12586.494222135436,1809.8375070512022,1625.161599523468,9151.495115560765,2285.650881239244,10300.843340896192,18.1216679095815,5,1,0,0,4,45.33190644443175,45.33190644443175,45.33190644443175,1.0,1.0,0.0,0.7773021481439183,1,0,0.0,0.7773021481439183,0.0,0.0,0.0,0.2226978518560817,0.7773021481439183,0.7773021481439183,0.0,0.0,12,2,2024,4,19,5,1,1,2,1,0,1,GRAVE_LESIONADOS,1
3,1,14,2,2,3,-11.96135037717559,-77.06637418046354,0,0,7,1,2,1,1,0,6547.690733803675,2.0,3,3,1.0,13,32,1215.9292338719786,0.7603196431335038,80.51774980536705,79.18083579978888,11.416383681038829,1634.4674360221104,363806.9246339053,7626.313,1683.4029999999998,1599.0829999999996,4343.827000000001,1814.875,5811.438000000001,23.797541485643197,13,1,0,11,0,30.04289290399995,30.04289290399995,30.04289290399995,1.0,0.0,0.0,0.0,1,0,0.0,0.0,0.9571070960000514,1.0,0.9571070960000514,1.0,0.0,0.0,0.9571070960000514,0.0,13,2,2023,6,17,2,0,1,0,1,0,1,GRAVE_LESIONADOS,1
6,1,7,0,4,1,-13.456342414353816,-71.88384769956846,1,4,0,0,1,2,2,2,5604.908499537165,1.6967955139643411,3,3,0.6967955139643413,12,26,1171.0148007428263,0.31366378706677356,67.61611376062405,55.591546800381025,4.581149513537495,380.5212814141791,2898.862527231999,17779.13499998999,2097.3709999899997,2863.123,12818.640999999989,2878.713,14900.421999989989,16.19152450331032,4,1,0,0,3,31.516022430178293,31.516022430178293,31.516022430178293,1.0,0.30320448603565875,0.0,0.6967955139643413,1,0,0.0,0.0,0.0,0.6967955139643413,0.0,1.0,0.0,0.0,0.0,0.0,16,2,2021,3,10,0,0,0,2,1,0,1,GRAVE_LESIONADOS,1
3,1,13,1,4,1,-13.266849195301686,-72.69760178595922,3,3,6,1,4,2,2,0,1976.0905537519845,0.7880904828494033,2,1,0.5960301609498011,6,23,343.4126186833404,0.6027203492777677,74.94285078060193,61.09330107888788,8.917212723900265,1209.9744259618083,10016.20041591511,2749.294085379608,520.119009265442,503.5661694902778,1725.6089066238878,739.873545598856,2009.4205397807516,26.052499835114162,4,2,0,0,2,42.64565314907729,40.251607907652584,45.03969839050199,1.0,0.0,0.0,0.4039698390501989,2,0,0.0,0.0,0.0,1.0,0.5960301609498011,1.0,0.0,0.0,0.5960301609498011,0.0,14,3,2022,5,17,4,0,0,0,1,0,1,GRAVE_LESIONADOS,1
3,2,20,0,4,0,-15.094842870358146,-69.82349569894694,0,4,7,1,2,2,2,2,7023.897995618203,2.0,3,2,1.0,11,20,1198.0,0.3377597774828336,66.70969286879244,74.81159971015842,6.702447857136911,315.17353872121646,8079.807169546424,13642.312999999998,2020.7790000000005,2354.117,9267.416999999998,3314.0520000000006,10328.260999999997,24.29244952817019,5,2,0,0,3,49.435752067574555,36.71304883784927,62.15845529729984,1.0,0.0,0.4603861756750406,0.4603861756750406,2,0,0.0,0.5396138243249594,0.5396138243249594,0.4603861756750406,0.4603861756750406,0.4603861756750406,0.5396138243249594,0.5396138243249594,1.0,1.0,15,2,2022,4,19,4,0,0,2,1,0,1,GRAVE_LESIONADOS,1
6,1,5,1,4,1,-7.070865824274145,-78.54817234024846,0,3,0,0,2,1,1,0,4185.0624726250335,2.0,2,0,1.0,8,22,1494.206257533107,0.6070175276741574,73.19224654097276,74.29530430690215,9.490386956642766,1117.141592366869,257380.9443254818,15935.565011852366,1733.9250000199986,935.692,13265.948011832368,2000.1670000199988,13935.398011832369,12.551591352627522,5,1,0,0,4,22.813540804027582,22.813540804027582,22.813540804027582,1.0,0.36440986599540326,0.0,0.0,1,0,0.0,0.36440986599540326,0.0,0.6355901340045967,0.0,0.6355901340045967,0.36440986599540326,0.0,0.6355901340045967,0.0,10,0,2022,7,26,3,0,1,2,1,0,1,GRAVE_LESIONADOS,1
6,1,12,0,4,1,-7.617811226758734,-77.74609076919857,0,4,7,1,5,2,2,0,1555.8158699706853,1.0,2,1,0.0,9,32,265.00216153304245,0.1547517991161027,75.31858884910335,25.00867970915998,2.570548364795095,135.56334228805028,15193.601868063482,8931.828000000005,1335.5899999999997,1935.9830000000004,5660.255000000005,1219.309,7712.519000000005,13.651281686122925,4,1,0,0,3,37.236057011662034,37.236057011662034,37.236057011662034,1.0,0.0,0.0,0.0,1,0,0.0,0.6469952490281637,0.0,0.35300475097183626,0.0,0.35300475097183626,0.6469952490281637,0.0,1.0,0.0,4,1,2022,12,1,4,0,0,0,1,0,1,GRAVE_LESIONADOS,1
6,1,4,0,4,1,-13.438113013888081,-74.16026942313735,0,4,0,0,7,1,0,4,7207.51318975669,2.0,2,1,1.0,10,15,1198.0,0.3525674771137558,71.11737143978463,50.89700546441153,5.465037489767517,423.0750633210141,6784.033572436773,12678.733000000004,1805.074000000001,1774.0339999999994,9099.625000000004,2485.375000000001,10193.358000000002,19.602707936195205,4,1,0,0,3,28.090782120065732,28.090782120065732,28.090782120065732,0.6363727057095906,0.0,0.0,0.3636272942904094,1,0,0.0,0.0,0.0,1.0,0.0,0.6363727057095906,0.3636272942904094,0.0,0.0,0.0,16,3,2022,5,11,5,1,0,2,1,0,1,GRAVE_LESIONADOS,1
6,1,12,0,4,1,-8.777912632197541,-78.31135801980679,0,4,1,1,2,2,2,2,812.4685303061842,2.0,2,0,0.7512731169377459,8,26,248.73867607122793,0.44174057453007776,74.83533942901589,54.72112473210896,6.196196060990393,703.0714686605954,26194.992043821578,8607.111323258985,1422.1004433785315,1852.1869130963269,5332.823966784126,1367.4422748378545,7239.66904842113,16.174929260797455,5,1,0,0,4,35.030554806505904,35.030554806505904,35.030554806505904,1.0,0.2487268830622541,0.0,0.2487268830622541,1,0,0.0,0.0,0.0,1.0,0.0,0.0,1.0,0.7512731169377459,0.7512731169377459,0.7512731169377459,5,0,2021,9,6,3,0,0,0,1,0,1,GRAVE_LESIONADOS,1
6,1,14,0,4,1,-11.330953595342914,-77.4705472374456,0,4,7,1,2,2,2,2,6543.555,3.0,2,0,1.0,0,30,1475.0,0.7327345537337897,78.20903814342847,76.31492653513806,13.642917835589472,1405.6698219039215,62016.21841541756,7626.313,1683.4029999999998,1599.0829999999996,4343.827000000001,1814.875,5811.438000000001,23.797541485643197,6,1,0,0,5,38.893346374640274,38.893346374640274,38.893346374640274,0.32148293051558563,0.0,0.0,1.0,1,0,0.0,0.0,0.0,1.0,0.0,1.0,0.0,0.0,0.0,0.0,7,0,2023,10,19,3,0,1,0,1,1,1,GRAVE_LESIONADOS,1
3,1,19,1,2,3,-5.181442084198654,-80.59040098776688,0,4,2,0,2,2,2,0,5504.208486160171,2.0,3,3,1.0,11,30,992.6455452646626,0.6220812987247925,80.20155828147696,72.71675503872983,10.02377668600292,1028.915688621886,159840.92719486082,8965.846000060003,1782.4120000599992,636.9959999999999,6546.438000000004,2214.505000059999,6751.341000000004,24.699342371541725,5,1,0,0,3,31.60715454462897,31.20635959522575,32.00794949403219,1.0,0.8015898988064373,0.0,1.0,1,0,0.0,0.0,0.8015898988064373,1.0,0.8015898988064373,0.8015898988064373,0.19841010119356273,0.8015898988064373,1.0,0.0,13,2,2021,5,23,3,0,0,0,1,0,1,GRAVE_LESIONADOS,1
6,1,4,0,4,1,-14.107912409065305,-74.77736760203175,0,4,2,0,2,1,1,2,1962.4967675817743,2.0,2,1,1.0,6,25,213.79743602869826,0.31836107273518116,73.14585911443594,46.8440681839885,4.847730763839282,376.3681084403188,3795.6301635319833,12678.733000000004,1805.074000000001,1774.0339999999994,9099.625000000004,2485.375000000001,10193.358000000002,19.602707936195205,22,1,0,0,21,46.57816665813461,46.57816665813461,46.57816665813461,1.0,0.0,0.0,0.5060128198565088,1,0,0.0,0.0,0.5060128198565088,0.0,0.0,0.4939871801434912,0.5060128198565088,0.0,0.0,0.0,6,0,2023,8,20,3,0,0,2,1,0,1,GRAVE_LESIONADOS,1
5,1,9,0,4,1,-9.26732989384073,-76.84628646403715,0,4,1,0,1,2,2,2,6543.555,2.208359927816937,3,3,1.0,11,32,1255.7157000052916,0.2637709995215044,77.77569767113563,40.41526746544727,2.9519265076456844,435.0496641323871,24749.497217509022,8359.653513388177,1333.918056167549,1030.342007582143,5995.393449638484,1093.0819904904104,7266.571522897766,13.065125948550616,5,1,0,0,4,45.16656028873225,42.24952129929513,48.08359927816937,1.0,0.20835992781693702,0.0,0.0,1,0,0.0,0.791640072183063,0.20835992781693702,0.20835992781693702,0.20835992781693702,0.0,1.0,0.0,0.791640072183063,0.20835992781693702,13,2,2021,4,6,0,0,0,1,1,0,1,GRAVE_LESIONADOS,1
4,1,8,2,3,2,-14.370955716642396,-74.10708423272499,0,0,7,0,4,2,2,0,6589.42238721899,2.0,3,2,1.0,11,32,1396.8443046830255,0.6819747249035814,78.28573405042627,75.7727974602336,10.581503180467802,1331.4913533161791,96966.4265153825,9039.793309069511,1584.7478092806,1678.0713263963494,5776.974173392561,2376.7734253232247,6663.019883746287,25.982378916598417,9,1,0,0,7,37.335035726338305,30.913030670786043,43.75704078189057,1.0,0.5242959218109438,0.0,0.0,1,0,0.0,0.47570407818905625,0.0,0.5242959218109438,0.5242959218109438,0.0,0.47570407818905625,0.5242959218109438,0.5242959218109438,0.0,9,1,2023,7,16,5,0,0,0,1,0,1,GRAVE_LESIONADOS,1
6,1,10,0,4,1,-14.84919248441473,-74.98732907563026,0,4,7,1,2,2,2,0,6639.975,2.0,2,0,1.0,9,31,1616.0,0.5563774842369664,77.00938809632027,69.10246351364754,8.476961866273152,914.8835608305218,27932.19700214133,3721.461,698.1859999999996,744.866,2278.409,1102.9029999999996,2618.558,29.636290693359403,4,1,0,0,3,31.902856077090433,31.902856077090433,31.902856077090433,0.46337672026450616,0.5366232797354938,0.0,0.0,1,0,0.0,0.0,0.0,1.0,0.0,0.5366232797354938,0.46337672026450616,0.5366232797354938,0.5366232797354938,0.5366232797354938,11,1,2022,7,28,4,0,1,0,1,0,1,GRAVE_LESIONADOS,1
4,1,16,0,4,1,-11.751511802993011,-75.87544985291187,0,4,5,0,2,0,1,1,9182.37739196913,2.0,2,0,1.0,9,31,3323.2952106502003,0.4306295521561274,75.75160744343854,83.56698334346454,7.757231649384927,457.56910583197157,3004.5518103922395,3687.267950842419,595.1629951004261,872.8583901393449,2219.2465656026484,708.0620649353345,2979.205885907085,19.17409751085228,9,1,0,0,7,42.20409532560849,32.950462747558625,51.45772790365836,1.0,0.0,0.0,0.7711360481708222,1,0,0.0,0.0,0.22886395182917785,0.7711360481708222,0.0,0.7711360481708222,0.22886395182917785,0.0,0.0,0.0,11,2,2023,7,17,3,0,1,1,1,0,1,GRAVE_LESIONADOS,1
3,1,3,0,4,1,-15.940339837372768,-71.20658152693765,1,4,2,0,2,0,1,0,1504.4250000000002,2.0,2,0,1.0,7,25,241.0,0.4498224071382834,81.63336343193146,58.84842497065013,5.774685730039019,620.6584683449911,1358.612419700214,10322.272,1495.236,1749.739,7077.2970000000005,2886.595,7435.677000000001,27.964725207783708,8,2,0,0,6,37.475693878192914,29.62885714385564,45.32253061253018,1.0,0.6612653062650915,0.0,0.3387346937349085,2,0,0.0,0.6612653062650915,0.3387346937349085,0.3387346937349085,0.0,0.0,1.0,0.0,0.0,0.0,9,1,2023,5,8,4,0,0,0,1,0,1,GRAVE_LESIONADOS,1
6,1,5,0,4,2,-7.147318692571917,-78.50341741007635,2,4,0,0,3,2,2,0,6543.555,2.0,4,4,1.0,14,33,1198.0,0.2973315102263111,70.55882528731503,40.35176806724291,4.377940524134339,360.7574489466519,10984.6177937675,15935.565011852366,1733.9250000199986,935.692,13265.948011832368,2000.1670000199988,13935.398011832369,12.551591352627522,7,1,0,0,6,46.0,46.0,46.0,1.0,0.5906550791176074,0.0,0.0,1,0,0.0,0.5906550791176074,0.0,0.4093449208823926,0.0,0.4093449208823926,0.5906550791176074,0.5906550791176074,0.5906550791176074,0.5906550791176074,17,2,2022,3,21,6,1,0,2,1,0,1,GRAVE_LESIONADOS,1
3,2,6,0,4,0,-12.518039555103288,-72.33704178359795,0,4,0,0,1,1,1,2,6670.605442116565,2.0,3,3,1.0,13,31,1295.7891150334053,0.2712770352782181,61.09518416848272,43.569172722931825,4.188959389272242,350.40715290681715,12717.544102996198,17586.32101320697,2059.359168225831,2661.5382173497846,12865.423627631353,2786.828255770928,14799.49275743604,15.810833763646121,4,2,0,0,2,31.535777956719066,20.581650844776874,42.48990506866126,1.0,1.0,0.0,0.10458728880578105,2,0,0.0,0.0,0.0,1.0,1.0,0.0,0.0,0.895412711194219,0.10458728880578105,0.895412711194219,8,1,2022,5,5,5,1,0,2,1,0,1,GRAVE_LESIONADOS,1
3,2,14,0,3,1,-8.430592615106232,-78.30551828946832,0,3,7,1,2,1,1,0,2156.76726831005,2.0,2,0,1.0,3,22,331.25691606670034,0.48441881333474557,76.71026913026664,60.70367851530444,7.435014136339483,709.8382297564744,18554.09637120084,3328.154895970075,533.8565413752533,656.8297900157779,2137.4685645790432,762.7483908349958,2565.406505135079,23.579658405663398,4,2,0,0,2,41.16256706866348,32.325134137326955,50.0,1.0,0.8374329313365214,0.0,0.1625670686634786,2,0,0.0,0.0,0.8374329313365214,1.0,0.8374329313365214,0.1625670686634786,0.0,0.8374329313365214,1.0,0.8374329313365214,18,2,2022,3,23,4,0,1,0,1,0,1,GRAVE_LESIONADOS,1
5,1,13,0,4,1,-10.636953921770354,-77.84725124223975,0,4,0,1,2,1,0,0,6558.76938023191,2.9955164485903247,2,0,1.0,0,30,1485.5587635697852,0.6260352440831225,82.13529282502569,72.26301293876914,8.947555720848474,1088.2491537975754,20513.816996100086,7628.92576268268,1681.8340932729693,1595.4642987559423,4351.627370653769,1811.4898469488726,5817.435915733808,23.748730442737056,40,1,0,0,39,53.99103289718065,53.97758224295163,54.00448355140968,1.0,0.0,0.0,0.004483551409675268,1,0,0.0,0.004483551409675268,0.9955164485903247,0.004483551409675268,0.0,0.004483551409675268,1.0,0.0,0.0,0.0,11,2,2022,1,22,5,0,1,0,1,0,1,GRAVE_LESIONADOS,1