CLASE SINIESTRO,CANTIDAD DE VEHICULOS DAÑADOS,DEPARTAMENTO,ZONA,TIPO DE VÍA,RED VIAL,COORDENADAS LATITUD,COORDENADAS  LONGITUD,CONDICIÓN CLIMÁTICA,ZONIFICACIÓN,CARACTERÍSTICAS DE VÍA,PERFIL LONGITUDINAL VÍA,SUPERFICIE DE CALZADA,¿EXISTE SEÑAL VERTICAL?,¿EXISTE SEÑAL HORIZONTAL?,CAUSA FACTOR PRINCIPAL,MTC_RVN_LONGITUD_KM,MTC_RVN_N_CARRILES_MEDIANA,MTC_RVN_SUPERFICIE_DOMINANTE,MTC_RVN_ESTADO_DOMINANTE,MTC_RVN_ES_CONCESIONADA,MTC_RVN_CONCESION_PRINCIPAL,MTC_RVN_CORREDOR_LOGISTICO,MTC_RVN_N_TRAMOS,IDH_2019,IDH_ESP_VIDA_2019,IDH_EDUC_SECUND_PCT_2019,IDH_ANIOS_EDUC_2019,IDH_INGRESO_PERCAP_2019,IDH_POBLACION_2019,MTC_DEP_RED_TOTAL_KM,MTC_DEP_NACIONAL_TOTAL_KM,MTC_DEP_DEPARTAMENTAL_TOTAL_KM,MTC_DEP_VECINAL_TOTAL_KM,MTC_DEP_PAV_TOTAL_KM,MTC_DEP_NO_PAV_TOTAL_KM,MTC_DEP_PCT_PAVIMENTADA,PER_TOTAL_PERSONAS,PER_N_CONDUCTORES,PER_N_CONDUCTORES_FUGADOS,PER_N_PEATONES,PER_N_PASAJEROS_OCUPANTES,PER_EDAD_COND_PROM,PER_EDAD_COND_MIN,PER_EDAD_COND_MAX,PER_ANY_COND_MASCULINO,PER_ANY_LIC_PROBLEMA,PER_ANY_DOSAJE_POS,PER_ANY_DOSAJE_EVALUADO,VEH_TOTAL,VEH_N_FUGADOS,VEH_ANY_FUGADO,VEH_ANY_CARGA,VEH_ANY_PUBLICO,VEH_ANY_PARTICULAR,VEH_ANY_MOTO,VEH_ANY_AUTO,VEH_ANY_CAMION_BUS,VEH_ANY_SOAT_PROBLEMA,VEH_ANY_CITV_PROBLEMA,VEH_ANY_SEGURO_PROBLEMA,HORA_NUM,FRANJA_HORARIA,ANIO,MES,DIA_MES,DIA_SEMANA,ES_FIN_SEMANA,ES_QUINCENA,REGION_NATURAL,TIENE_SEÑALIZACION,ES_VIA_MULTICARRIL,ES_DEPTO_BAJO_PAVIMENTO,CATEGORIA_SEVERIDAD,CATEGORIA_SEVERIDAD_ENC
6,1,5,1,4,2,-7.006979771961027,-78.30518587077157,0,3,6,1,1,2,2,1,6451.450550867576,2.0,3,3,0.8811474215237628,13,32,1098.9958021292944,0.4050127080595645,76.50771191992776,52.796872586055706,5.587299023433543,544.6239672857677,53527.44249510376,15499.254817805846,1744.9234987772343,955.8787538964534,12798.452565132158,1951.24359428687,13548.011223518977,12.599212090726217,6,1,0,0,4,42.0491793721901,40.266390695046546,43.83196804933366,1.0,1.0,0.0,0.8811474215237628,1,0,0.0,0.1188525784762372,0.8811474215237628,0.1188525784762372,0.1188525784762372,0.0,1.0,0.8811474215237628,1.0,1.0,6,1,2023,1,21,5,0,1,2,1,0,1,GRAVE_LESIONADOS,1
3,2,3,0,4,1,-16.18031223231399,-71.64735784414736,0,4,0,0,2,1,1,1,1504.4250000000002,2.0,2,0,1.0,7,25,241.0,0.6005060748875158,78.21704200773246,77.40211893847457,8.994742794352394,996.014120858737,33335.45824411135,10322.272,1495.236,1749.739,7077.2970000000005,2886.595,7435.677000000001,27.964725207783708,5,2,0,0,3,48.89535020227033,43.71595054901946,54.0747498555212,1.0,0.0,0.0,0.9850500288957611,2,0,0.0,1.0,0.0,0.0,0.0,0.0,1.0,0.0,0.0,0.0,17,2,2021,3,25,3,0,0,0,1,0,1,GRAVE_LESIONADOS,1
5,1,12,0,4,1,-7.787191701723392,-77.91914723467191,0,4,7,1,2,2,2,0,1585.2173252653283,1.1099810988512353,1,2,0.0,9,32,279.08136088271107,0.19573563142707107,78.78954981808155,37.1516813912861,2.837683961641577,228.92844805719358,18212.276474636503,8931.828000000005,1335.5899999999997,1935.9830000000004,5660.255000000005,1219.309,7712.519000000005,13.651281686122925,4,1,0,0,3,45.05499054942562,45.0,45.109981098851236,1.0,0.0,0.0,0.0,1,0,0.0,0.1099810988512353,0.0,0.8900189011487647,0.0,0.8900189011487647,0.1099810988512353,0.0,0.8900189011487647,0.0,11,2,2022,10,3,5,0,0,0,1,0,1,GRAVE_LESIONADOS,1
3,3,4,0,4,1,-7.46598230457602,-77.64485232336608,0,4,5,1,2,0,1,2,7716.34137516772,2.0,2,0,1.0,9,16,1903.968469677831,0.5730491862383855,73.37204799219022,69.98545484106215,9.081251730344409,1001.0377929790958,102891.15939876313,15137.792584390576,1751.3531971818295,1141.0468141105323,12245.392573098214,2119.020401902329,13018.772182488246,14.2787870976698,5,3,0,0,2,39.51973231488087,35.345883341046836,45.48990701673191,1.0,1.0,0.7550464916340439,1.0,3,0,0.0,0.24495350836595609,0.7550464916340439,0.24495350836595609,1.0,0.24495350836595609,0.24495350836595609,0.7550464916340439,1.0,0.7550464916340439,3,0,2023,1,18,5,0,0,2,1,0,1,GRAVE_LESIONADOS,1
3,1,10,0,4,1,-15.068209301943726,-75.02170008601736,0,4,1,0,2,1,0,0,4898.382397074026,2.0,2,0,1.0,7,29,1188.6551109932657,0.5563774842369664,77.00938809632027,69.10246351364754,8.476961866273152,914.8835608305218,27932.19700214133,3721.461,698.1859999999996,744.866,2278.409,1102.9029999999996,2618.558,29.636290693359403,5,1,0,0,4,52.770857264788944,38.54171452957789,67.0,1.0,0.7296996274467209,0.0,0.7296996274467209,1,0,0.0,0.7296996274467209,0.0,1.0,0.0,1.0,0.7296996274467209,0.0,0.0,0.0,8,0,2023,2,24,5,1,1,0,1,0,1,GRAVE_LESIONADOS,1
3,1,19,1,2,3,-5.164132481918531,-80.66357580710063,1,4,7,1,2,1,1,2,6543.555,2.188984625067931,3,3,1.0,11,32,1250.3487411438168,0.6471563935389497,78.67810140964171,76.36581362294673,11.027993192971056,1096.2339225733874,179844.53145052763,8965.846000060003,1782.4120000599992,636.9959999999999,6546.438000000004,2214.505000059999,6751.341000000004,24.699342371541725,4,1,0,0,2,35.70464606185466,24.75593850027172,46.653353623437596,1.0,0.8110153749320693,0.0,0.18898462506793068,1,0,0.0,0.0,0.0,1.0,0.8110153749320693,0.18898462506793068,0.0,1.0,0.18898462506793068,0.0,19,1,2021,3,4,3,0,0,0,1,0,1,GRAVE_LESIONADOS,1
6,1,10,0,4,1,-13.37886474494508,-76.20675359972456,0,4,7,1,2,2,2,0,6639.975,2.0,2,0,1.0,9,31,1616.0,0.5736744275518083,81.67473861808857,68.1608574885675,9.138785887908334,865.1176766860625,26660.92933618844,3721.461,698.1859999999996,744.866,2278.409,1102.9029999999996,2618.558,29.636290693359403,5,1,0,0,4,23.243313006261314,23.243313006261314,23.243313006261314,1.0,0.0,0.0,0.0,1,0,0.0,0.0,0.0,1.0,0.0,0.8589863910321168,0.14101360896788318,0.0,0.14101360896788318,0.0,6,1,2022,4,22,1,0,0,0,1,0,1,GRAVE_LESIONADOS,1
9,1,10,0,4,2,-15.325411219111437,-75.18021657815525,4,4,2,1,6,2,2,1,6543.555,2.0,4,4,1.0,14,33,1198.0,0.5569336526033458,77.04485854278587,69.14770309819255,8.481234629175802,916.1766847004401,27940.238780681873,3719.260623069809,696.6467028117645,744.4025229660508,2278.2113972919933,1099.544493671146,2619.7161293986624,29.55806416314406,4,1,0,0,3,52.903333710137915,52.8739135349625,52.93275388531333,1.0,0.0,0.9915942356641667,0.9915942356641667,1,0,0.0,0.008405764335833288,0.0,1.0,0.0,0.0,1.0,0.0,0.0,0.0,0,0,2021,8,26,5,0,1,0,1,0,1,GRAVE_LESIONADOS,1
3,2,16,0,4,2,-5.829213148891908,-79.56199689962561,0,4,2,1,5,2,2,0,7541.342589136402,2.0,3,2,1.0,12,32,1971.9125168252776,0.44576629742152585,73.83853425325661,60.39056372451124,6.304984786284385,650.6880479856574,74046.95715388726,8955.84335718622,1651.0285887228645,1018.9497608257283,6285.865007637627,1921.87785676939,7033.965500416831,21.450773811096866,6,2,0,0,4,35.0,26.058277970279995,43.941722029720005,1.0,0.7059602899600009,0.0,0.7059602899600009,2,0,0.0,0.29403971003999907,0.0,0.0,0.7059602899600009,0.0,0.29403971003999907,0.7059602899600009,1.0,0.0,12,2,2021,4,10,3,0,0,0,1,0,1,GRAVE_LESIONADOS,1
5,1,16,0,4,1,-6.993628692500769,-78.51995258498766,0,3,2,0,5,1,0,2,9936.932,2.0,2,0,1.0,9,32,3830.0,0.3305172286522989,67.82800559846908,53.90171284111098,5.672941316732505,440.895960560478,38836.50650453024,8746.561348536405,1652.330384507386,681.9027766247714,6412.328187404248,1879.9386338255558,6866.622714710849,21.283548092291532,7,1,0,0,5,43.363893470836146,41.04584020625422,48.86926997421822,1.0,0.28975665807274087,0.0,1.0,1,0,0.0,0.0,0.28975665807274087,1.0,0.28975665807274087,0.28975665807274087,0.7102433419272591,0.28975665807274087,1.0,0.28975665807274087,20,2,2022,4,22,0,0,1,0,1,0,1,GRAVE_LESIONADOS,1
3,2,5,1,4,0,-12.825090688125252,-73.33128855456152,0,4,0,1,6,0,1,5,3805.0505728723065,1.1153998582808282,2,3,0.11539985828082822,9,14,1119.2705873869936,0.41149802699213944,73.22355478575346,60.332646015541684,6.390996576972682,521.7580362688379,10386.855730842188,12789.929995442244,1829.966326430467,1840.9754959911172,9118.98817302066,2581.0042083605827,10208.92578708166,20.143903451282824,5,2,0,0,3,40.78869780335284,31.730997874212424,49.84639773249325,1.0,0.8846001417191718,0.0,0.8846001417191718,2,0,0.0,1.0,0.11539985828082822,0.8846001417191718,0.8846001417191718,0.0,1.0,1.0,1.0,0.11539985828082822,2,0,2021,3,14,0,0,0,2,1,0,1,GRAVE_LESIONADOS,1
4,1,4,0,4,1,-10.623805793606977,-75.89731991909336,2,4,7,0,1,1,1,1,6582.779551872628,2.5931907086431507,2,0,1.0,3,30,1532.3601100813157,0.45397166833133507,76.41567399889595,60.00967182148345,6.020266798434456,727.1930484634134,75578.61291820295,13652.02525952235,1636.824097067188,1266.853883201169,10748.347279253994,2360.774146530732,11291.251112991618,18.821797413831874,5,1,0,0,4,45.23657700743561,44.42295842472191,46.050195590149315,1.0,0.0,0.0,1.0,1,0,0.0,0.5931907086431506,0.0,0.4068092913568494,0.0,0.4068092913568494,1.0,0.0,0.4068092913568494,0.0,9,1,2023,2,20,1,0,1,1,1,0,1,GRAVE_LESIONADOS,1
6,1,10,0,4,1,-13.381363563952132,-76.20514678477578,0,4,7,1,2,2,2,0,6639.975,2.0,2,0,1.0,9,31,1616.0,0.5736744275518083,81.67473861808857,68.1608574885675,9.138785887908334,865.1176766860625,26660.92933618844,3721.461,698.1859999999996,744.866,2278.409,1102.9029999999996,2618.558,29.636290693359403,5,1,0,0,4,21.672311373561506,20.912169840124456,22.432452906998556,1.0,0.0,0.0,0.0,1,0,0.0,0.15202830668740963,0.0,0.8479716933125904,0.0,1.0,0.15202830668740963,0.15202830668740963,0.15202830668740963,0.0,7,1,2022,4,22,1,0,0,0,1,0,1,GRAVE_LESIONADOS,1
4,1,14,2,4,1,-12.269136054074975,-76.89944388568335,2,2,7,1,2,2,2,0,6639.975,2.0,2,0,1.0,9,31,1616.0,0.6909236767275176,78.41626133969348,70.97436336767564,9.826485374940413,1476.8351947609171,95908.53319057816,7626.313,1683.4029999999998,1599.0829999999996,4343.827000000001,1814.875,5811.438000000001,23.797541485643197,6,2,0,0,3,39.360409483620636,30.823793105418602,47.89702586182268,1.0,0.0,0.0,0.0,2,0,0.0,0.6323419539408917,0.0,0.0,0.0,0.0,1.0,0.0,0.36765804605910835,0.0,5,0,2022,7,17,3,0,0,0,1,0,1,GRAVE_LESIONADOS,1
6,1,22,0,4,1,-17.14692199511007,-70.20920954150418,0,4,4,1,2,2,2,3,1369.7058012403932,1.591095380535614,1,1,0.5910953805356141,9,25,190.18628913285474,0.4272529452475109,74.94428574060754,73.73182012005765,7.333794706283303,467.7403216812568,1700.4912689492592,2650.572,630.6729999999998,487.3610000000001,1532.5379999999998,1068.7019999999998,1581.87,40.31967439480987,4,1,0,0,3,35.910953805356144,35.910953805356144,35.910953805356144,1.0,0.0,0.0,1.0,1,0,0.0,0.0,0.0,1.0,0.0,1.0,0.0,0.0,0.0,0.0,9,1,2023,3,12,0,0,0,0,1,0,1,GRAVE_LESIONADOS,1
6,1,14,2,2,4,-11.934851686960414,-77.09016180017751,0,1,7,1,2,2,2,0,6543.555,2.0,4,4,1.0,14,33,1198.0,0.731869464870412,80.20335493924229,78.47737833150241,11.027471073864112,1506.1401200985842,633918.0728744089,7626.313,1683.4029999999998,1599.0829999999996,4343.827000000001,1814.875,5811.438000000001,23.797541485643197,6,1,0,0,4,37.413210794333416,37.413210794333416,37.413210794333416,1.0,0.0,0.0,0.0,1,0,0.0,0.0,0.49622655627536594,0.5037734437246341,0.49622655627536594,0.0,0.5037734437246341,0.0,0.49622655627536594,0.0,15,1,2023,11,24,2,0,1,0,1,0,1,GRAVE_LESIONADOS,1
4,1,12,0,4,2,-7.563766996161176,-78.78345609718339,1,4,2,0,5,2,2,3,6543.555,2.354048468887955,3,2,1.0,9,31,1296.0714258819635,0.3027241811754552,76.87978719856376,40.25138723711383,4.380201188378431,400.71562826992476,24400.529387107308,8931.828000000005,1335.5899999999997,1935.9830000000004,5660.255000000005,1219.309,7712.519000000005,13.651281686122925,6,1,0,0,5,42.64595153111205,37.689272966680676,47.60263009554342,1.0,0.35404846888795494,0.0,0.0,1,0,0.0,0.0,0.35404846888795494,0.35404846888795494,0.35404846888795494,0.0,1.0,0.0,0.6459515311120451,0.35404846888795494,7,0,2023,2,13,3,0,0,0,1,0,1,GRAVE_LESIONADOS,1
5,1,10,0,4,1,-13.361005428868086,-76.22078487307263,0,4,7,1,2,2,2,0,6639.975,2.0,2,0,1.0,9,31,1616.0,0.573639162420938,81.52492712587237,68.27946200626599,9.137943719401063,866.6723040792868,26596.196726854807,3721.461,698.1859999999996,744.866,2278.409,1102.9029999999996,2618.558,29.636290693359403,5,1,0,0,4,42.593415840815425,42.4578877877539,42.728943893876945,1.0,0.0,0.0,0.027105610612305098,1,0,0.0,0.0,0.027105610612305098,1.0,0.0,0.027105610612305098,1.0,0.0,0.9728943893876949,0.0,8,0,2021,8,7,5,0,0,0,1,0,1,GRAVE_LESIONADOS,1
3,2,7,0,4,0,-12.670220491657735,-72.37776751417977,4,4,7,0,2,2,2,2,6601.706550104185,2.0,3,3,1.0,13,31,1198.0,0.32932391575580094,73.63417576110422,66.85522532665071,5.910836006796296,284.81856245823815,17440.41414040341,17779.13499998999,2097.3709999899997,2863.123,12818.640999999989,2878.713,14900.421999989989,16.19152450331032,6,2,0,0,3,37.04752609775957,26.0557355265014,45.83603289752103,1.0,1.0,0.0,0.05573552650140212,2,0,0.0,0.0,0.05573552650140212,1.0,0.9442644734985979,0.05573552650140212,0.05573552650140212,0.0,0.05573552650140212,0.0,3,0,2021,8,5,5,0,0,2,1,0,1,GRAVE_LESIONADOS,1
4,1,16,1,2,2,-13.52030815645012,-74.11287253453044,6,2,7,1,2,2,2,4,4396.691701687987,2.0,3,2,1.0,11,29,790.2811722490596,0.6842863795225254,77.39193790782556,78.3579959858832,11.230601999310572,1316.1265573991186,243149.4555075357,10189.360510710194,1827.1381590713702,1920.7565395946745,6441.465812044151,2453.5820940764597,7735.778416633735,24.008391357057636,6,3,0,1,2,41.61735898833225,27.964538754977184,64.64488400754726,1.0,0.0,0.0,0.0,3,0,0.0,0.0,0.0,1.0,0.5739615175016297,1.0,1.0,0.0,0.5739615175016297,0.5739615175016297,17,2,2021,6,16,5,1,0,0,1,0,1,GRAVE_LESIONADOS,1
6,1,7,0,4,1,-13.38579977331342,-73.02273906700499,0,4,0,0,6,1,1,2,6686.463649226775,2.0,3,3,1.0,13,29,1198.0,0.2995356420930174,75.31309898635702,53.943202519491834,5.30131896540017,253.24159554805743,3606.7943213415474,17779.13499998999,2097.3709999899997,2863.123,12818.640999999989,2878.713,14900.421999989989,16.19152450331032,9,1,0,0,8,51.08240290950398,51.08240290950398,51.08240290950398,1.0,0.13697122074971524,0.0,1.0,1,0,0.0,0.8630287792502848,0.13697122074971524,0.0,0.0,0.0,1.0,0.0,0.0,0.0,15,2,2022,8,27,2,0,1,2,1,0,1,GRAVE_LESIONADOS,1
4,1,8,1,4,1,-10.900014616131513,-75.29008690905493,3,4,3,0,2,1,0,1,788.7053991464754,1.5186172882515725,1,3,0.0,9,20,170.05323527325788,0.3107736335609701,69.91734638771598,47.74025473088308,4.433489966825536,387.0227809704565,8007.131465016213,8354.612209168661,1387.3519461853248,1377.5978427677203,5589.6624202156145,1454.4580364744209,6900.154172694239,17.326168718453346,6,1,0,0,4,40.59175304986164,33.59041965846541,47.59308644125786,1.0,0.0,0.0,0.0,1,0,0.0,0.4813827117484275,0.0,0.5186172882515725,1.0,0.5186172882515725,0.0,0.0,1.0,0.0,15,3,2023,3,19,3,0,0,2,1,0,1,GRAVE_LESIONADOS,1
3,3,9,1,4,1,-9.585242430600557,-76.60227545103078,0,1,7,1,2,2,2,2,9670.459653351145,2.0,2,0,1.0,9,32,3623.31644660178,0.6053772793236005,74.14813592701564,79.81863862770543,9.47713598264959,1061.803659339986,39114.8647693646,8268.485510526249,1368.7315236982054,779.8067781955892,6119.947208632454,1150.5301011434046,7117.955409382845,13.836566731869675,7,3,0,0,3,32.43189952267865,23.37178251246742,51.62821748753258,1.0,1.0,0.0,1.0,3,0,0.0,0.0,1.0,0.9214728140584272,1.0,0.9214728140584272,0.0,1.0,1.0,1.0,21,2,2022,1,26,3,0,1,1,1,0,1,GRAVE_LESIONADOS,1
3,2,11,0,4,1,-10.649424631163685,-77.70280776331745,0,3,3,1,2,1,1,1,6597.602204360025,2.4394606475832292,2,0,1.0,5,30,1554.0360486907648,0.5333251872857786,79.6921129163469,64.8791256856761,8.049764983097687,803.7568802535764,12263.20914676074,3606.423386282138,617.7102083719685,720.6350188135559,2268.0781590966135,927.3173771794156,2679.106009102722,25.546539868431555,5,2,0,0,3,55.174876152040675,44.910291656498124,65.43946064758323,1.0,0.5605393524167709,0.0,0.0,2,0,0.0,0.4394606475832291,0.4394606475832291,0.5605393524167709,0.0,0.5605393524167709,0.4394606475832291,0.0,0.0,0.0,14,1,2021,5,20,3,0,1,0,1,0,1,GRAVE_LESIONADOS,1
2,2,12,0,4,1,-8.783242973536199,-78.63567438404904,4,4,2,1,2,1,0,1,940.0215874334024,1.0037783275285386,2,0,1.0,4,23,113.85306415807457,0.5048851093269883,76.65175881174095,59.11540658971138,8.09424135034661,760.4163840855879,6909.142855987759,3546.6179824009514,575.8726991832211,708.0378901922438,2262.7073930254865,836.0344589308756,2710.5835234700753,23.42037267881913,7,2,0,0,5,45.66603694541191,40.996221672471464,50.33585221835236,1.0,0.0,0.0,0.6679261091761796,2,0,0.0,0.0,0.0,0.33207389082382044,0.0,1.0,0.0,0.0,0.0,0.0,12,1,2021,3,30,1,0,1,0,1,0,1,GRAVE_LESIONADOS,1
3,2,10,0,4,1,-12.63601918263167,-76.79630756307033,1,2,5,1,2,1,1,0,266.8628870522245,-0.5351746439861923,2,2,0.1549417853379359,7,30,37.931384230014515,0.6031243018849263,75.85592407056653,65.96976687068064,9.420569782645828,1118.5888616459306,8370.072956654189,3680.901888852088,669.8124405017754,736.3228198400369,2274.766628510276,1040.996319551798,2639.90556930029,28.19435659098541,6,2,0,0,4,48.880232858648256,46.76046571729651,51.0,1.0,0.0,0.0,1.0,2,0,0.0,0.0,0.0,0.8450582146620641,0.0,1.0,0.0,0.0,0.0,0.0,12,2,2022,2,26,5,0,1,0,1,0,1,GRAVE_LESIONADOS,1
5,2,12,0,4,0,-7.917337440098316,-79.07554866327354,1,4,7,1,2,1,1,0,6558.111092229208,2.0,3,3,1.0,13,32,1261.1035734475083,0.6230802828993457,81.11683038019788,74.7973399103808,9.039085479065372,1067.5560005023663,29270.909844783688,3499.209235457785,542.7074037894771,698.051935006576,2258.449896661732,763.6729582866149,2735.5362771711702,21.734924279349208,11,2,0,0,9,41.19806902656695,37.39613805313389,45.0,1.0,0.150965486716527,0.0,0.150965486716527,2,0,0.0,1.0,0.0,1.0,0.0,0.0,1.0,0.150965486716527,0.0,0.0,9,1,2022,2,25,3,0,1,0,1,0,1,GRAVE_LESIONADOS,1
4,1,17,0,4,2,-14.087023996723813,-73.29945606320327,0,3,3,1,2,0,1,1,7087.764808680261,2.0,2,1,1.0,11,18,1198.0,0.6476561422204856,73.42646185180807,76.75102446005859,10.542638174224203,1253.7272332960317,142942.8686130404,10764.255670154587,1859.3781572948928,1992.9083666917384,6911.969146167956,2596.8449930874913,8167.410677067095,24.055685279600667,4,1,0,0,3,27.87040292205327,27.392002435044393,28.34880340906215,1.0,0.4784004870088784,0.0,0.0,1,0,0.0,0.0,0.4784004870088784,0.0,0.4784004870088784,0.0,1.0,0.4784004870088784,1.0,0.4784004870088784,5,0,2021,7,10,1,0,0,1,1,0,1,GRAVE_LESIONADOS,1
6,1,14,0,4,1,-11.659382378088434,-77.16740214789975,0,3,0,0,2,1,1,1,6549.98848831841,2.9332764123790667,2,0,1.0,0,30,1484.4080258545516,0.6055400249489593,78.96579213316387,64.32049164391609,7.31543232444702,1256.1333677375148,20854.783069620473,7626.313,1683.4029999999998,1599.0829999999996,4343.827000000001,1814.875,5811.438000000001,23.797541485643197,7,1,0,0,6,38.6005122885884,37.5996584742744,40.4020491543536,1.0,0.0,0.0,0.9332764123790667,1,0,0.0,0.06672358762093333,0.9332764123790667,0.0,0.0,0.0,1.0,0.0,0.0,0.06672358762093333,2,0,2021,9,19,1,0,0,0,1,0,1,GRAVE_LESIONADOS,1
3,2,12,0,4,1,-7.134601729775785,-79.47138546027277,0,4,7,1,2,2,2,0,6543.555,3.0,2,0,1.0,0,30,1475.0,0.5114727232493018,78.60606800160349,61.153108160372966,6.422343227671115,862.4189512831092,24701.19700214133,8931.828000000005,1335.5899999999997,1935.9830000000004,5660.255000000005,1219.309,7712.519000000005,13.651281686122925,8,2,0,0,6,38.314313587458315,27.030082523015345,49.59854465190128,1.0,1.0,0.0,0.0,2,0,0.0,0.0,1.0,1.0,1.0,0.0,0.8060165046030691,0.19398349539693094,0.0,0.8060165046030691,7,0,2024,1,18,2,0,1,0,1,1,1,GRAVE_LESIONADOS,1
3,2,12,0,4,1,-8.000880573677613,-78.20776140284516,0,4,7,1,2,2,2,1,8895.069546640307,2.3070282062263328,2,0,1.0,6,31,3106.948574336987,0.4313717759297646,74.25413734665338,56.46411148629651,5.946430563975747,642.2913738155704,68965.01688695229,8931.828000000005,1335.5899999999997,1935.9830000000004,5660.255000000005,1219.309,7712.519000000005,13.651281686122925,7,2,0,0,5,39.75893719650816,32.22811282490533,47.28976156811098,1.0,0.30702820622633265,0.0,0.0,2,0,0.0,1.0,0.30702820622633265,0.0,0.30702820622633265,0.0,1.0,0.0,1.0,0.30702820622633265,3,0,2022,7,8,1,0,0,0,1,0,1,GRAVE_LESIONADOS,1
5,1,7,0,4,1,-13.194172316887318,-71.93810713888023,0,4,0,0,1,1,1,5,6548.798348885191,2.0,3,3,1.0,13,32,1198.0,0.23096024486702588,69.67224264357893,39.33141199533572,3.444571611440011,226.3887428964217,5501.190735966206,17779.13499998999,2097.3709999899997,2863.123,12818.640999999989,2878.713,14900.421999989989,16.19152450331032,7,1,0,0,6,34.98492348990406,34.91959194615501,35.050255033653116,1.0,0.0,0.0,0.005025503365311934,1,0,0.0,0.005025503365311934,0.0,1.0,0.0,0.005025503365311934,1.0,0.0,0.0,0.0,15,2,2023,5,6,1,0,0,2,1,0,1,GRAVE_LESIONADOS,1
4,1,7,0,4,0,-13.7070636467174,-72.13005471524994,0,1,0,0,1,2,2,2,7140.534252163396,2.0,2,1,1.0,11,16,1198.0,0.2725919444522157,68.09344947855502,45.98981277946728,4.6451694771644165,282.4200140130429,7771.570324063973,17779.13499998999,2097.3709999899997,2863.123,12818.640999999989,2878.713,14900.421999989989,16.19152450331032,5,1,0,0,4,28.141735184957376,26.711293826553,29.57217654336175,1.0,0.0,0.0,0.42782345663824994,1,0,0.0,0.0,0.0,1.0,0.0,0.5721765433617501,0.42782345663824994,0.0,0.5721765433617501,0.0,10,1,2023,7,3,3,0,0,2,1,0,1,GRAVE_LESIONADOS,1
3,1,14,0,4,1,-11.092162391973963,-77.17184717164066,0,4,1,1,2,2,2,1,1422.177,2.0,2,0,0.0,9,19,698.0,0.625259356790912,76.00710856837651,64.39893010534446,7.928807895834627,1379.4198272918734,24684.304068522484,7626.313,1683.4029999999998,1599.0829999999996,4343.827000000001,1814.875,5811.438000000001,23.797541485643197,7,1,0,0,5,32.64901750778537,20.210054873391872,45.08798014217887,1.0,0.1974862816520323,0.0,1.0,1,0,0.0,0.8025137183479677,0.0,0.1974862816520323,0.0,0.8025137183479677,1.0,0.0,0.0,0.0,16,3,2022,3,11,1,0,0,0,1,0,1,GRAVE_LESIONADOS,1
6,1,8,0,4,1,-13.188091669324224,-75.52663125456017,0,4,0,0,2,1,1,0,1500.362741053359,1.0892020889511322,1,3,0.08920208895113224,9,16,274.01409400280096,0.35211412840234024,69.33499081343946,47.84057755790653,6.354736011590733,416.1721259402893,1252.7216540639688,8511.426,1445.3929999999996,2008.516,5057.516999999999,1879.579,6631.846999999998,22.08300935706896,4,1,0,0,3,23.338031334266983,23.338031334266983,23.338031334266983,1.0,0.0,0.0,0.0,1,0,0.0,0.0,0.0,1.0,0.0,1.0,0.0,0.0,0.0,0.0,6,1,2023,4,7,5,1,0,2,1,0,1,GRAVE_LESIONADOS,1
3,2,5,0,4,1,-7.225613395903492,-79.20897532032437,1,4,1,1,1,0,0,2,887.28,2.0,2,0,1.0,8,17,155.0,0.5563774842369664,73.07406660240972,65.2611721745993,7.77984257932775,1045.7361851012442,7379.728051391864,15935.565011852366,1733.9250000199986,935.692,13265.948011832368,2000.1670000199988,13935.398011832369,12.551591352627522,6,2,0,0,4,33.23812402298546,26.95249609194184,39.52375195402908,1.0,0.0,0.17458398467636027,0.17458398467636027,2,0,0.0,0.8254160153236397,0.0,1.0,0.0,1.0,0.8254160153236397,0.0,0.0,0.0,10,1,2021,4,22,5,0,1,2,0,0,1,GRAVE_LESIONADOS,1