CLASE SINIESTRO,CANTIDAD DE VEHICULOS DAÑADOS,DEPARTAMENTO,ZONA,TIPO DE VÍA,RED VIAL,COORDENADAS LATITUD,COORDENADAS  LONGITUD,CONDICIÓN CLIMÁTICA,ZONIFICACIÓN,CARACTERÍSTICAS DE VÍA,PERFIL LONGITUDINAL VÍA,SUPERFICIE DE CALZADA,¿EXISTE SEÑAL VERTICAL?,¿EXISTE SEÑAL HORIZONTAL?,CAUSA FACTOR PRINCIPAL,MTC_RVN_LONGITUD_KM,MTC_RVN_N_CARRILES_MEDIANA,MTC_RVN_SUPERFICIE_DOMINANTE,MTC_RVN_ESTADO_DOMINANTE,MTC_RVN_ES_CONCESIONADA,MTC_RVN_CONCESION_PRINCIPAL,MTC_RVN_CORREDOR_LOGISTICO,MTC_RVN_N_TRAMOS,IDH_2019,IDH_ESP_VIDA_2019,IDH_EDUC_SECUND_PCT_2019,IDH_ANIOS_EDUC_2019,IDH_INGRESO_PERCAP_2019,IDH_POBLACION_2019,MTC_DEP_RED_TOTAL_KM,MTC_DEP_NACIONAL_TOTAL_KM,MTC_DEP_DEPARTAMENTAL_TOTAL_KM,MTC_DEP_VECINAL_TOTAL_KM,MTC_DEP_PAV_TOTAL_KM,MTC_DEP_NO_PAV_TOTAL_KM,MTC_DEP_PCT_PAVIMENTADA,PER_TOTAL_PERSONAS,PER_N_CONDUCTORES,PER_N_CONDUCTORES_FUGADOS,PER_N_PEATONES,PER_N_PASAJEROS_OCUPANTES,PER_EDAD_COND_PROM,PER_EDAD_COND_MIN,PER_EDAD_COND_MAX,PER_ANY_COND_MASCULINO,PER_ANY_LIC_PROBLEMA,PER_ANY_DOSAJE_POS,PER_ANY_DOSAJE_EVALUADO,VEH_TOTAL,VEH_N_FUGADOS,VEH_ANY_FUGADO,VEH_ANY_CARGA,VEH_ANY_PUBLICO,VEH_ANY_PARTICULAR,VEH_ANY_MOTO,VEH_ANY_AUTO,VEH_ANY_CAMION_BUS,VEH_ANY_SOAT_PROBLEMA,VEH_ANY_CITV_PROBLEMA,VEH_ANY_SEGURO_PROBLEMA,HORA_NUM,FRANJA_HORARIA,ANIO,MES,DIA_MES,DIA_SEMANA,ES_FIN_SEMANA,ES_QUINCENA,REGION_NATURAL,TIENE_SEÑALIZACION,ES_VIA_MULTICARRIL,ES_DEPTO_BAJO_PAVIMENTO,CATEGORIA_SEVERIDAD,CATEGORIA_SEVERIDAD_ENC
6,1,13,0,4,2,-9.794094667724721,-77.19153862564922,2,4,2,0,1,2,2,2,6543.555,2.0,4,4,1.0,14,33,1198.0,0.5755005748226529,78.84343387938495,52.00357366810157,9.243190118664936,1056.281148194165,14010.010774244805,7999.768688341974,1583.9075952522287,1695.456631404013,4720.404461685732,1644.507359273486,6355.2613290684885,20.895101883243896,5,1,0,0,4,32.002420361614995,30.858180154977855,32.860600516592854,0.7139399483407145,0.0,0.0,0.7139399483407145,1,0,0.0,0.7139399483407145,0.2860600516592855,0.0,0.2860600516592855,0.0,0.7139399483407145,0.2860600516592855,0.0,0.2860600516592855,16,2,2023,7,17,2,0,1,0,1,0,1,GRAVE_LESIONADOS,1
6,1,5,0,4,1,-6.483829295825207,-78.86450045424198,0,4,5,1,2,0,1,0,9936.932,2.0,2,0,1.0,9,32,3830.0,0.3011301347839704,71.97114344661169,54.49911076138603,4.057283312480806,327.1165249840737,5264.304068522484,15935.565011852366,1733.9250000199986,935.692,13265.948011832368,2000.1670000199988,13935.398011832369,12.551591352627522,8,1,0,0,7,40.067347070938,40.067347070938,40.067347070938,1.0,0.0,0.0,0.48316323226550084,1,0,0.0,0.5168367677344992,0.48316323226550084,0.0,0.0,0.0,1.0,0.0,0.0,0.0,9,1,2023,6,3,2,0,0,2,1,0,1,GRAVE_LESIONADOS,1
6,1,14,0,4,1,-11.827915449864197,-77.08007163743783,0,3,1,0,2,1,1,1,6568.948520143795,2.7366363810019205,2,0,1.0,2,30,1512.1342702787292,0.6041493967498902,78.55317120490017,64.84121783925588,7.7378567898403245,1215.3027159295416,20481.65629419332,7626.313,1683.4029999999998,1599.0829999999996,4343.827000000001,1814.875,5811.438000000001,23.797541485643197,7,1,0,0,5,40.37027257098271,36.41981828601153,47.481090283930854,1.0,0.0,0.0,0.7366363810019207,1,0,0.0,0.26336361899807925,0.7366363810019207,0.0,0.0,0.0,1.0,0.0,0.0,0.26336361899807925,3,0,2021,9,15,1,0,0,0,1,0,1,GRAVE_LESIONADOS,1
3,1,15,2,2,3,-4.071742292778054,-74.82473336489238,0,0,7,1,2,2,2,1,6543.555,2.2098646772791213,3,3,1.0,11,32,1256.1325156063165,0.5873572629718905,74.43477277601697,59.11085862226598,10.407548671882887,1051.5771201978512,151639.04168321175,2747.282686233273,475.890848345387,387.11649432484484,1884.2753435630414,681.4125445551749,2065.870141678098,24.959638189643357,6,2,0,0,3,47.99580962276776,37.197293545582426,68.80270645441757,1.0,0.7901353227208788,0.0,0.20986467727912117,2,0,0.20986467727912117,0.0,0.20986467727912117,0.7901353227208788,1.0,0.0,0.7901353227208788,0.0,1.0,1.0,10,2,2022,9,5,2,0,0,0,1,0,1,GRAVE_LESIONADOS,1
4,1,6,0,4,0,-10.205997220538727,-74.48227626500108,0,4,0,0,1,2,2,1,7030.560720983076,2.0,3,2,1.0,11,27,1572.8421310289264,0.34112693565154006,65.5927385557815,46.0914425617794,4.7487526664096995,534.2631328991522,12834.75413056048,17040.046547525308,1951.6652533133213,2090.4146112821236,12997.96668292986,2526.5033156797404,14513.543231845566,14.73227284662072,4,1,0,0,2,34.202702024691746,27.013510123458715,41.39189392592477,1.0,0.5990993251027524,0.0,0.0,1,0,0.0,0.40090067489724757,0.0,0.5990993251027524,0.5990993251027524,0.0,0.40090067489724757,0.5990993251027524,0.0,0.5990993251027524,7,1,2022,4,16,4,0,0,2,1,0,1,GRAVE_LESIONADOS,1
6,1,7,0,4,1,-13.263893336605125,-71.92739239986216,0,4,0,0,1,1,1,5,6543.555,2.0,4,4,1.0,14,33,1198.0,0.22667253925258454,69.20277485908491,39.504771491546656,3.4568874064898294,218.37137238194612,5594.871375601258,17779.13499998999,2097.3709999899997,2863.123,12818.640999999989,2878.713,14900.421999989989,16.19152450331032,7,1,0,0,6,34.46642286346986,34.46642286346986,34.46642286346986,1.0,0.0,0.0,0.08892952275502386,1,0,0.0,0.0,0.0,1.0,0.0,0.0,1.0,0.0,0.0,0.0,15,3,2023,6,7,2,0,0,2,1,0,1,GRAVE_LESIONADOS,1
4,1,19,0,4,1,-15.584600305213804,-69.98772110366534,0,4,0,1,1,2,2,1,6543.555,2.0,4,4,1.0,14,33,1198.0,0.40755337261433844,77.80045109433448,73.61767390433543,7.224147597067539,405.05298844249364,50319.11937516749,13368.314645061464,1980.9230915697688,2329.795082374985,9057.596471116709,3192.2054945936547,10176.109150467808,23.673476644625122,4,1,0,0,3,58.7673289651163,58.7673289651163,58.7673289651163,1.0,0.0,0.0,0.0,1,0,0.0,0.0,0.05816775872092472,0.9418322412790753,0.0,0.0,1.0,0.0,0.0,0.0,19,2,2022,9,25,0,0,1,1,1,0,1,GRAVE_LESIONADOS,1
4,1,8,0,4,1,-12.704424560973537,-75.13283889283747,2,4,1,0,1,2,2,0,7198.521615758203,2.0,2,1,1.0,10,15,1198.0,0.3557264699385977,70.06971571392852,50.370486618474445,5.627448844518335,456.4825761979798,3176.9908563546956,8511.426,1445.3929999999996,2008.516,5057.516999999999,1879.579,6631.846999999998,22.08300935706896,6,1,0,0,5,29.299584686650714,29.299584686650714,29.299584686650714,1.0,0.0,0.0,0.0,1,0,0.0,0.0,0.0,1.0,0.0,0.0,1.0,0.0,0.0,0.0,17,2,2022,7,22,2,0,0,2,1,0,1,GRAVE_LESIONADOS,1
9,1,5,0,4,0,-7.445347901475946,-78.1852584646789,5,3,0,0,1,0,1,1,6543.555,2.0,4,4,1.0,14,33,1198.0,0.3417096794758389,74.7500993841206,43.983792899524786,4.778347560634991,455.52939201194914,26895.68743655186,15935.565011852366,1733.9250000199986,935.692,13265.948011832368,2000.1670000199988,13935.398011832369,12.551591352627522,7,1,0,0,6,43.61993363523587,43.61993363523587,43.61993363523587,1.0,0.0,0.0,0.2793355454921377,1,0,0.0,0.0,0.7206644545078623,0.2793355454921377,0.0,0.7206644545078623,0.2793355454921377,0.2793355454921377,0.2793355454921377,0.2793355454921377,8,1,2022,10,12,1,0,0,2,1,0,1,GRAVE_LESIONADOS,1
3,1,14,2,3,2,-12.01796960308672,-76.88106495072651,2,2,6,1,3,2,2,3,3398.9740968804645,2.0,2,1,1.0,7,22,619.8913578785462,0.6868549636939637,79.62363164345142,76.30894566128948,9.209137883551294,1425.4498631666322,684921.8484148846,7626.313,1683.4029999999998,1599.0829999999996,4343.827000000001,1814.875,5811.438000000001,23.797541485643197,9,2,0,0,7,30.232705384164728,25.89712565898657,34.56828510934288,1.0,1.0,0.0,0.0,2,0,0.0,1.0,1.0,0.0,0.0,0.0,1.0,0.445193241726052,0.445193241726052,0.445193241726052,20,2,2022,3,16,3,0,0,0,1,0,1,GRAVE_LESIONADOS,1
4,1,10,0,4,1,-12.04005557311732,-76.01763057749054,1,3,2,0,4,2,2,0,6543.555,2.0,4,4,1.0,14,33,1198.0,0.36639885126975147,68.3059536084352,56.9408741080913,6.157956637549179,584.3627177683858,26678.72497120918,8137.132540365964,1546.0418282597777,1835.3764188862413,4755.714293219944,1852.2172009843255,6284.915339381638,22.808044648673263,4,1,0,0,3,25.44020291890118,21.845752936933557,29.0346529008688,1.0,0.5771235315332212,0.0,0.42287646846677884,1,0,0.0,0.0,0.0,1.0,0.42287646846677884,1.0,0.0,0.0,0.0,0.0,11,2,2024,4,10,2,0,0,1,1,0,1,GRAVE_LESIONADOS,1
4,1,17,0,3,2,-14.003599988274692,-73.1512875394906,5,3,7,1,2,2,2,3,3692.6593201689802,2.0,2,1,1.0,10,28,656.5757530370746,0.6579209616695173,76.45900009251649,78.48824161468113,10.97364032795765,1211.954232310376,240638.57506740812,11029.874410375087,1874.2739997318329,2026.2446665427433,7129.3557441005105,2663.0367327995173,8366.83767757557,24.07753648485017,6,2,0,0,2,41.71050104281639,29.920521899144155,60.59320463748711,1.0,0.0,0.0,0.0,2,0,0.0,0.0,0.0,1.0,0.4342484357754176,1.0,1.0,0.0,0.4342484357754176,0.4342484357754176,18,2,2021,7,19,5,1,0,1,1,0,1,GRAVE_LESIONADOS,1
7,1,7,0,4,1,-13.525290192887143,-72.62009718021025,2,4,0,0,5,1,1,2,6924.848075610024,2.0,3,2,1.0,12,22,1198.0,0.2948401730530994,71.6461847006895,55.53184852839979,5.281821807825738,258.63828535625044,3758.2473812435805,17779.13499998999,2097.3709999899997,2863.123,12818.640999999989,2878.713,14900.421999989989,16.19152450331032,14,1,0,0,13,47.88367921485417,47.88367921485417,47.88367921485417,1.0,0.3654514846532736,0.0,1.0,1,0,0.0,0.6345485153467264,0.3654514846532736,0.0,0.0,0.0,1.0,0.0,0.0,0.0,14,2,2022,7,27,2,0,1,2,1,0,1,GRAVE_LESIONADOS,1
5,1,11,0,4,1,-7.822809065249149,-77.52114914599028,0,4,6,0,6,2,2,0,1495.9027913785296,1.063853664567887,2,1,0.0638536645678871,9,31,256.958927203209,0.21998069203560122,81.8040492030494,22.52438370727997,3.8488369740669413,191.29337258299023,3481.7607568296485,8904.983791708335,1342.6013239305473,1940.6144978521029,5621.767969925685,1261.4696591042389,7643.514132604097,14.189678396551285,5,1,0,0,4,37.76624397481464,37.19156099370366,38.340926955925624,1.0,0.0,0.0,0.0638536645678871,1,0,0.0,0.0638536645678871,0.0,1.0,0.0,0.0,1.0,0.0,0.9361463354321129,0.0,14,3,2023,4,5,4,0,0,0,1,0,1,GRAVE_LESIONADOS,1
1,2,10,0,4,1,-13.09451232272124,-76.38591014470424,0,4,6,1,2,1,1,3,265.92506519221473,-0.835285327267677,2,0,1.0,12,30,23.1259238547946,0.5862574088212783,79.56204775428945,64.88771738614714,9.43439972278676,960.9569906263763,5445.399144885818,3707.0885467062863,688.131596756855,741.8386541249617,2277.1182958244694,1080.9658606463815,2626.1226860599045,29.125329531922564,5,2,0,0,2,45.97254755454461,42.83528532726768,49.109809781821546,1.0,0.0,0.0,0.05490489091077433,2,0,0.0,0.0,0.0,0.9450951090892257,0.0,1.0,0.0,0.0,0.0,0.0,18,1,2021,1,28,3,0,1,0,1,0,1,GRAVE_LESIONADOS,1
5,1,5,0,4,1,-9.146356290319385,-76.44456979051841,0,4,4,0,1,2,2,2,6543.555,2.0,4,4,1.0,14,33,1198.0,0.3050700150614158,63.6782447716806,45.54011238259714,4.924496160800941,380.612281059362,12168.248818618198,16537.69067898298,1852.6295605227233,1565.2073881820456,13119.853730278212,2287.1076096777215,14250.58306930526,13.740424535402303,10,1,0,0,8,30.979825562910495,27.06052331126852,34.89912781455247,1.0,1.0,0.0,0.6733914790298352,1,0,0.0,0.0,0.6733914790298352,0.3266085209701648,0.3266085209701648,0.0,0.6733914790298352,0.3266085209701648,0.0,0.3266085209701648,15,1,2023,9,22,5,1,0,2,1,0,1,GRAVE_LESIONADOS,1
5,1,11,0,4,1,-8.006526411958424,-77.59346095309289,0,4,0,0,1,2,2,0,1580.3702425268505,1.1087173351722495,1,3,0.0,9,29,282.8687412634545,0.16666264833288877,78.62841966911549,34.79121328375097,2.3198114225134887,162.63700259442402,18617.605997173116,8853.250262940222,1335.3603889881158,1811.6097162589358,5706.280157693171,1201.9740209067847,7651.2762420334375,13.570783879071477,8,1,0,0,7,55.10871733517225,55.0,55.2174346703445,1.0,0.8912826648277505,0.0,0.10871733517224946,1,0,0.0,1.0,0.0,0.0,0.0,0.10871733517224946,1.0,0.0,1.0,0.0,3,0,2021,5,3,2,0,0,0,1,0,1,GRAVE_LESIONADOS,1
6,1,14,2,2,4,-12.14169608702267,-76.95738819558582,0,1,2,0,2,2,2,0,6543.555,2.0,4,4,1.0,14,33,1198.0,0.7213145151296967,80.38588576392054,76.32081267550596,10.240263876595456,1523.4027275277583,398050.9867671494,7626.313,1683.4029999999998,1599.0829999999996,4343.827000000001,1814.875,5811.438000000001,23.797541485643197,5,1,0,0,3,38.961152912647464,35.74561407770645,41.372807038853225,0.19611529126474658,0.0,0.0,0.0,1,0,0.0,0.0,0.19611529126474658,0.8038847087352534,0.19611529126474658,0.0,0.8038847087352534,0.19611529126474658,0.19611529126474658,0.0,7,0,2024,11,11,1,0,0,0,1,0,1,GRAVE_LESIONADOS,1
6,1,12,0,4,1,-8.747722667335447,-78.73668263883876,0,4,7,1,2,2,2,0,6543.555,3.0,2,0,1.0,0,30,1475.0,0.5101639524820126,77.56515897072761,57.47949449214965,6.728111457694807,879.7938520680314,9576.451737907633,8931.828000000005,1335.5899999999997,1935.9830000000004,5660.255000000005,1219.309,7712.519000000005,13.651281686122925,4,1,0,0,3,40.15958965178553,40.15958965178553,40.15958965178553,1.0,0.0,0.0,0.0,1,0,0.0,0.0,0.0,1.0,0.0,1.0,0.0,0.0,0.18404103482144674,0.0,8,1,2021,2,17,5,1,0,0,1,1,1,GRAVE_LESIONADOS,1
3,1,11,0,4,1,-11.810987707748819,-75.5037954519379,1,4,2,1,2,1,1,2,7586.903,2.0,2,0,1.0,9,5,1198.0,0.5240859434348295,71.90365904988191,68.67776972784334,8.729697282034547,822.8892354207717,788.9618963073124,12264.545,1826.4639999999995,1105.5389999999998,9332.542,1588.5359999999996,10676.009,12.952261987705208,5,2,0,0,3,37.73981587245072,23.214453328586053,52.265178416315386,1.0,0.0,0.0,1.0,2,0,0.0,0.0,0.0,1.0,0.7040736510197116,1.0,0.0,0.0,0.7040736510197116,0.0,15,2,2023,3,21,5,0,1,2,1,0,1,GRAVE_LESIONADOS,1
3,1,8,1,2,2,-13.089277360817931,-72.79405643326524,0,3,1,1,1,1,0,2,6543.555,2.0,4,4,1.0,14,33,1198.0,0.6601752715456882,75.86072170693315,80.87489318164856,11.046672825241568,1189.2301445501628,127844.11671017531,16218.770392307635,2020.7173059241547,2365.8109843045877,11832.24210207889,2513.6547584173163,13705.115633890318,15.274968497451043,6,1,0,0,4,43.22671572418197,34.980664429050265,51.47276701931368,1.0,0.7170479387071047,0.0,0.2829520612928953,1,0,0.0,0.2829520612928953,0.0,0.7170479387071047,0.0,0.7170479387071047,1.0,0.0,0.7170479387071047,0.0,16,1,2021,7,20,5,1,1,2,1,0,1,GRAVE_LESIONADOS,1
8,1,5,0,4,1,-6.9417035232036035,-78.17600960617341,0,3,0,0,1,2,2,0,6543.555,2.0,4,4,1.0,14,33,1198.0,0.4485014078109536,69.27771225264775,63.30164236257608,7.05831048913853,668.9209563205436,28763.987287715565,15935.565011852366,1733.9250000199986,935.692,13265.948011832368,2000.1670000199988,13935.398011832369,12.551591352627522,8,1,0,0,7,23.559005344844163,22.58989391426536,24.528116775422966,1.0,0.0,0.0,0.9157294408192345,1,0,0.08427055918076554,0.0,0.0,1.0,0.08427055918076554,0.0,0.9157294408192345,1.0,1.0,1.0,11,1,2022,8,6,1,0,0,2,1,0,1,GRAVE_LESIONADOS,1
3,1,14,2,2,4,-11.96317275206666,-77.08076733830138,0,1,5,1,2,2,2,0,6543.555,2.0,4,4,1.0,14,33,1198.0,0.758462599563312,80.5192231989937,79.20045639149897,11.33839041452458,1628.5661148492152,363987.54389721627,7626.313,1683.4029999999998,1599.0829999999996,4343.827000000001,1814.875,5811.438000000001,23.797541485643197,8,2,0,0,6,42.8711701989955,42.30675529849326,43.43558509949775,1.0,0.18813830016741595,0.0,0.0,2,0,0.0,0.0,0.811861699832584,1.0,0.0,0.811861699832584,1.0,0.18813830016741595,1.0,0.18813830016741595,15,3,2022,5,17,0,0,0,0,1,0,1,GRAVE_LESIONADOS,1
5,1,5,0,4,1,-6.145419164244267,-77.70435653821221,0,4,0,1,2,1,1,0,7758.33400008,2.0,2,0,1.0,9,20,2133.0,0.4433653145237033,72.03984811188258,52.640223902255954,5.655388153005649,775.6508928103937,7491.907331615508,4393.22857103744,1059.536711978136,691.9120671056903,2641.7797919536138,963.2155116624166,3430.0130593750237,22.42320557776018,14,1,0,0,12,40.76742986295509,39.22141805828144,42.313441667628744,1.0,0.2810930553952097,0.0,0.0,1,0,0.0,0.0,1.0,0.2810930553952097,0.0,0.2810930553952097,0.7189069446047903,0.0,0.0,0.0,13,2,2023,1,23,4,0,1,1,1,0,1,GRAVE_LESIONADOS,1
4,1,3,0,4,1,-15.767275659300758,-72.02135994636244,5,4,0,0,3,1,1,0,6543.555,2.0,4,4,1.0,14,33,1198.0,0.5523505749224238,78.8592469791998,63.18450541273633,8.590839343635508,886.9500832731451,7783.623365028485,10322.272,1495.236,1749.739,7077.2970000000005,2886.595,7435.677000000001,27.964725207783708,5,1,0,0,4,30.377639895412056,30.377639895412056,30.377639895412056,1.0,0.0,0.0,0.0,1,0,0.0,0.2703933507646574,0.0,0.7296066492353426,0.0,0.7296066492353426,0.2703933507646574,0.0,0.2703933507646574,0.0,11,2,2021,7,9,1,0,0,0,1,0,1,GRAVE_LESIONADOS,1
3,1,23,0,4,0,-4.012809786595873,-80.90973441374838,6,4,0,1,2,2,2,1,6543.555,2.8997586297324087,2,0,1.0,1,30,1447.2331404358772,0.5428538590325872,73.18121839164573,54.61292754148209,7.653066399653873,1072.2767066434417,6232.3141835786055,1009.101,138.47399999999996,287.471,583.156,276.972,732.129,27.447401201663663,4,2,0,0,2,23.853258498612483,21.60386192428146,26.102655072943506,1.0,0.10024137026759139,0.10024137026759139,1.0,2,0,0.0,0.0,0.0,1.0,0.10024137026759139,1.0,0.0,0.10024137026759139,0.10024137026759139,0.0,17,2,2021,2,24,5,1,0,0,1,0,1,GRAVE_LESIONADOS,1
6,1,8,0,4,2,-13.016570895648078,-75.20844912191386,5,4,3,0,1,2,2,0,6838.028971087076,2.0,3,2,1.0,12,25,1198.0,0.3891187542080147,67.0194031215188,52.81907336782918,6.443776439608115,552.872836740335,3095.112620528527,8511.426,1445.3929999999996,2008.516,5057.516999999999,1879.579,6631.846999999998,22.08300935706896,8,1,0,0,7,31.26525439363715,31.26525439363715,31.26525439363715,1.0,0.0,0.0,0.0,1,0,0.0,0.0,0.0,1.0,0.0,0.28223945518376914,0.7177605448162309,0.0,0.0,0.0,12,3,2021,8,15,1,0,0,2,1,0,1,GRAVE_LESIONADOS,1
3,1,3,1,2,3,-13.28060824564518,-74.1946259519814,0,3,2,0,1,1,1,0,6543.555,2.0,4,4,1.0,14,33,1198.0,0.5247620961018542,76.46862314964794,64.52142875388472,7.287490742839276,915.1186924064791,75155.16920166498,12119.546680224532,1571.6598915157738,1489.095905380941,9058.790883327818,2602.7768211088905,9516.769859115642,23.029719113804248,4,1,0,0,3,36.16236437214039,32.08345562082057,40.24127312346021,1.0,1.0,0.0,0.67981812521997,1,0,0.0,1.0,0.67981812521997,0.0,0.67981812521997,0.0,1.0,0.0,0.67981812521997,0.0,12,1,2023,4,3,4,0,0,0,1,0,1,GRAVE_LESIONADOS,1
3,1,5,1,2,3,-14.482820365858315,-73.54763719532338,0,3,2,0,2,0,1,0,5444.563871155217,1.4927674724655517,3,3,0.8309224908218505,13,32,1001.3628568258122,0.5837061084442652,76.1360852733039,68.34195494024412,8.40551816418328,1062.2026971521962,74870.8308116032,10092.930870545664,1543.7910027858888,1561.5991852045786,6987.540682555198,2772.959696866602,7319.971173679063,27.412622411318832,5,2,0,0,3,31.323689963287404,26.3381550183563,36.3092249082185,1.0,0.8309224908218505,0.0,1.0,2,0,0.0,0.8309224908218505,1.0,0.0,1.0,0.0,0.8309224908218505,0.16907750917814945,1.0,0.16907750917814945,10,1,2024,4,5,4,0,0,0,1,0,1,GRAVE_LESIONADOS,1
3,1,19,0,4,1,-15.845435088706976,-70.00662910805298,0,4,6,0,2,1,1,2,7586.903,2.0,2,0,1.0,9,5,1198.0,0.2899615579234476,64.38772503662558,71.09710973567796,6.968786938967029,217.64478399491543,7036.322839359634,13602.231968470389,2011.8065442556988,2329.9878929068786,9260.437531307813,3279.5823877572584,10322.64958071313,24.097375242056255,4,1,0,0,3,42.647282896742375,26.83361617497412,58.460949618510625,1.0,0.0,0.9584040437435305,0.9584040437435305,1,0,0.0,0.0,0.0,1.0,0.9584040437435305,1.0,0.0,0.0,0.9584040437435305,0.9584040437435305,12,3,2022,6,27,4,0,0,2,1,0,1,GRAVE_LESIONADOS,1
3,1,14,1,2,3,-12.049334741025199,-76.88032419159245,0,1,7,1,2,2,2,0,6427.097337203894,2.0,3,3,1.0,13,32,1175.883090276323,0.6828100296014635,79.89361531073244,76.38365186774199,8.848668406113994,1430.4982790986442,217538.68763336854,7765.346781502238,1691.1999848849896,1616.5323404559106,4457.614456161338,1849.5219826215393,5915.8247988807,23.80897914133608,5,2,0,0,2,35.161774679274544,30.138664010806753,40.18488534774234,1.0,0.0,0.0,0.0,2,0,0.0,0.0,0.9768893315322078,0.023110668467792195,0.0,0.023110668467792195,1.0,0.0,0.0,0.0,12,2,2022,9,20,1,0,1,0,1,0,1,GRAVE_LESIONADOS,1
6,1,1,0,4,1,-11.50295058262401,-75.36240556325957,1,4,2,1,3,2,2,0,1478.8779828561383,1.0,1,2,0.0,9,29,230.21468050546477,0.4069551389529892,75.87683371572732,61.93441825145132,6.556272422769268,479.1169353152984,2952.473403196762,10601.519589884487,1739.6547612756406,1419.3024557637993,7442.562372845047,2393.620578293718,8207.899011590769,22.661197056911416,6,1,0,0,5,45.26992900121439,45.26992900121439,45.26992900121439,1.0,0.0,0.0,0.0,1,0,0.0,0.37300709987856073,0.0,0.6269929001214393,0.0,0.6269929001214393,0.37300709987856073,0.0,0.6269929001214393,0.0,13,1,2022,5,24,1,0,1,0,1,0,1,GRAVE_LESIONADOS,1
6,1,12,0,4,0,-7.868969851298249,-79.12367168744406,1,4,7,1,2,2,2,0,6557.901166328736,2.0,3,3,1.0,13,32,1260.193502648946,0.6199795517238451,80.88089857726969,73.46599582894459,9.007303356838037,1068.159084874543,28746.549610531998,3498.6393090631927,542.3087056915921,697.9318883948746,2258.398714976726,762.8030612353612,2735.8362478278314,21.71466258522063,11,1,0,0,9,40.08651130343305,37.107270296905085,43.06575230996101,1.0,0.0,0.0,0.14878828384915288,1,0,0.0,0.8512117161508471,0.0,1.0,0.0,0.0,1.0,0.0,0.0,0.0,7,0,2022,2,26,3,0,1,0,1,0,1,GRAVE_LESIONADOS,1
4,2,7,0,4,1,-13.93187954925336,-71.50597438049128,0,4,3,0,1,1,1,2,7126.144327903936,2.0,2,1,1.0,11,17,1198.0,0.4457249943135908,69.95139214254887,70.57557986563614,7.303340761439227,635.7849058232496,9231.844981319162,17779.13499998999,2097.3709999899997,2863.123,12818.640999999989,2878.713,14900.421999989989,16.19152450331032,8,2,0,0,5,53.59877253831468,49.1316967177529,61.41615522429778,1.0,0.0,0.0,0.4416155224297781,2,0,0.5583844775702219,0.0,0.0,1.0,0.0,0.5583844775702219,1.0,0.4416155224297781,0.0,0.5583844775702219,10,1,2021,8,8,2,0,0,2,1,0,1,GRAVE_LESIONADOS,1
9,1,12,0,4,0,-9.105328808023781,-77.67399008413199,0,4,6,1,1,2,2,0,6543.555,2.0,4,4,1.0,14,33,1198.0,0.48928781014889433,77.79784754189807,48.83107263926685,6.4013572006982535,883.9070369078368,44890.783478433616,9321.154759685985,1392.2216235254919,1970.5422344173776,5958.390901743117,1392.4418100110486,7928.7129496749385,14.53078589751919,6,1,0,0,5,55.330604393973005,55.330604393973005,55.330604393973005,1.0,0.0,0.0,0.0,1,0,0.0,0.0,0.9173489015067489,0.08265109849325114,0.0,0.0,1.0,0.0,0.0,0.0,16,2,2022,9,16,5,0,1,0,1,0,1,GRAVE_LESIONADOS,1
4,1,10,0,4,0,-8.600484644285144,-77.04678578823561,0,4,7,1,3,2,2,1,7282.772644713256,2.0,2,1,1.0,10,25,1766.9664521376953,0.4877138266811457,76.0064206337788,62.21813309845965,7.359526713863925,744.3027876276273,27447.91478027278,8492.00719617325,1334.304805190465,1239.8321603804961,5917.870230602287,1122.2804430017586,7369.72675317149,13.200713732292408,4,1,0,0,2,29.655155415678266,29.046635146012285,30.263675685344253,1.0,1.0,0.0,0.0,1,0,0.0,0.39147973033401573,0.0,0.6085202696659843,0.6085202696659843,0.0,0.39147973033401573,0.0,0.0,0.0,21,2,2021,4,25,5,1,1,1,1,0,1,GRAVE_LESIONADOS,1
6,1,7,0,4,2,-12.682252975775672,-73.17973507774907,0,4,6,0,3,2,2,1,6543.555,2.0,4,4,1.0,14,33,1198.0,0.4297325556987851,76.15904795703717,58.63823936731875,6.097264629229048,579.625724446144,29458.58458244112,17779.13499998999,2097.3709999899997,2863.123,12818.640999999989,2878.713,14900.421999989989,16.19152450331032,4,1,0,0,3,23.7211909454575,23.7211909454575,23.7211909454575,1.0,0.8449503772726041,0.0,0.8449503772726041,1,0,0.0,1.0,0.0,0.0,0.0,0.0,1.0,0.0,0.0,0.0,13,3,2024,3,14,5,0,0,2,1,0,1,GRAVE_LESIONADOS,1