CLASE SINIESTRO,CANTIDAD DE VEHICULOS DAÑADOS,DEPARTAMENTO,ZONA,TIPO DE VÍA,RED VIAL,COORDENADAS LATITUD,COORDENADAS  LONGITUD,CONDICIÓN CLIMÁTICA,ZONIFICACIÓN,CARACTERÍSTICAS DE VÍA,PERFIL LONGITUDINAL VÍA,SUPERFICIE DE CALZADA,¿EXISTE SEÑAL VERTICAL?,¿EXISTE SEÑAL HORIZONTAL?,CAUSA FACTOR PRINCIPAL,MTC_RVN_LONGITUD_KM,MTC_RVN_N_CARRILES_MEDIANA,MTC_RVN_SUPERFICIE_DOMINANTE,MTC_RVN_ESTADO_DOMINANTE,MTC_RVN_ES_CONCESIONADA,MTC_RVN_CONCESION_PRINCIPAL,MTC_RVN_CORREDOR_LOGISTICO,MTC_RVN_N_TRAMOS,IDH_2019,IDH_ESP_VIDA_2019,IDH_EDUC_SECUND_PCT_2019,IDH_ANIOS_EDUC_2019,IDH_INGRESO_PERCAP_2019,IDH_POBLACION_2019,MTC_DEP_RED_TOTAL_KM,MTC_DEP_NACIONAL_TOTAL_KM,MTC_DEP_DEPARTAMENTAL_TOTAL_KM,MTC_DEP_VECINAL_TOTAL_KM,MTC_DEP_PAV_TOTAL_KM,MTC_DEP_NO_PAV_TOTAL_KM,MTC_DEP_PCT_PAVIMENTADA,PER_TOTAL_PERSONAS,PER_N_CONDUCTORES,PER_N_CONDUCTORES_FUGADOS,PER_N_PEATONES,PER_N_PASAJEROS_OCUPANTES,PER_EDAD_COND_PROM,PER_EDAD_COND_MIN,PER_EDAD_COND_MAX,PER_ANY_COND_MASCULINO,PER_ANY_LIC_PROBLEMA,PER_ANY_DOSAJE_POS,PER_ANY_DOSAJE_EVALUADO,VEH_TOTAL,VEH_N_FUGADOS,VEH_ANY_FUGADO,VEH_ANY_CARGA,VEH_ANY_PUBLICO,VEH_ANY_PARTICULAR,VEH_ANY_MOTO,VEH_ANY_AUTO,VEH_ANY_CAMION_BUS,VEH_ANY_SOAT_PROBLEMA,VEH_ANY_CITV_PROBLEMA,VEH_ANY_SEGURO_PROBLEMA,HORA_NUM,FRANJA_HORARIA,ANIO,MES,DIA_MES,DIA_SEMANA,ES_FIN_SEMANA,ES_QUINCENA,REGION_NATURAL,TIENE_SEÑALIZACION,ES_VIA_MULTICARRIL,ES_DEPTO_BAJO_PAVIMENTO,CATEGORIA_SEVERIDAD,CATEGORIA_SEVERIDAD_ENC
6,1,8,0,4,1,-13.41961527457271,-74.95686756456706,3,4,0,0,2,1,1,0,1679.5849999999998,2.0,2,3,1.0,9,24,315.0,0.2998490938558955,72.83027228685137,46.42803438362756,4.998450989792561,292.8323303074697,3327.5730363859984,8511.426,1445.3929999999996,2008.516,5057.516999999999,1879.579,6631.846999999998,22.08300935706896,6,1,0,0,5,49.992292015428276,49.992292015428276,49.992292015428276,1.0,0.00024087451786647396,0.0,0.0,1,0,0.0,0.0,0.0,1.0,0.0,1.0,0.0,0.0,0.0,0.0,6,1,2022,3,5,5,0,0,2,1,0,1,GRAVE_LESIONADOS,1
5,1,2,0,4,1,-9.248674770410075,-77.60838929482837,0,4,7,0,2,1,0,2,9936.932,2.0,2,0,1.0,9,32,3830.0,0.5686364093983574,74.0952418868403,71.45191174231317,9.479789945284733,941.2049386486686,65173.80961625559,10458.28544724476,1792.4687533145518,1342.9160916229848,7322.900602307226,1951.875869614581,8506.409577630182,18.51943732858447,4,1,0,0,3,35.83148535654082,35.15742678270408,36.505543930377556,1.0,0.0,0.0,0.0,1,0,0.0,0.1685146434591842,0.0,0.8314853565408158,0.0,0.8314853565408158,0.1685146434591842,0.0,0.1685146434591842,0.0,0,0,2022,10,8,1,0,0,0,1,0,1,GRAVE_LESIONADOS,1
5,1,4,0,4,1,-13.594363860665307,-74.14610990870577,0,4,6,0,1,1,1,2,6575.297339251011,2.0,3,3,1.0,13,32,1198.0,0.3998350604594062,75.54894598479518,58.57469944330618,6.038841469813075,482.85206586478824,6379.291565753961,12678.733000000004,1805.074000000001,1774.0339999999994,9099.625000000004,2485.375000000001,10193.358000000002,19.602707936195205,5,1,0,0,4,46.2129647775786,45.87830584138366,46.54762371377354,1.0,1.0,0.0,0.9695764603459144,1,0,0.0,1.0,0.03042353965408562,0.0,0.03042353965408562,0.0,1.0,0.9695764603459144,0.03042353965408562,0.0,12,2,2024,5,17,4,0,1,2,1,0,1,GRAVE_LESIONADOS,1
3,2,7,0,4,0,-13.421588079038145,-71.2920641252222,0,4,2,0,5,1,1,2,6885.926704496036,2.0,3,2,1.0,12,23,1198.0,0.31498883809907935,62.89743763414298,61.75984921897625,5.683984085868397,355.4575176605809,5340.871016328654,17779.13499998999,2097.3709999899997,2863.123,12818.640999999989,2878.713,14900.421999989989,16.19152450331032,4,2,0,0,2,37.37482255587945,15.640735902575344,59.10890920918356,1.0,0.0,0.0,0.32814718051506864,2,0,0.0,0.32814718051506864,0.0,1.0,0.6718528194849314,0.32814718051506864,0.32814718051506864,0.6718528194849314,0.0,0.0,19,2,2021,5,14,2,0,0,2,1,0,1,GRAVE_LESIONADOS,1
3,2,14,0,4,1,-11.109787132097493,-77.14423288567055,0,4,0,1,2,2,2,2,1363.429633925491,1.7245687870895083,1,0,0.09181040430349718,9,18,648.6978128890221,0.6234922391502749,76.291600867039,64.37550647476534,7.859333863036202,1369.3728433664276,24344.33820182898,7626.313,1683.4029999999998,1599.0829999999996,4343.827000000001,1814.875,5811.438000000001,23.797541485643197,7,2,0,0,5,38.24439768176644,23.478880916194424,53.00991444733847,1.0,0.0,0.0,1.0,2,0,0.0,0.9081895956965028,0.0,0.09181040430349718,0.0,1.0,0.9081895956965028,0.0,0.0,0.0,15,2,2022,4,11,2,0,0,0,1,0,1,GRAVE_LESIONADOS,1
5,1,1,0,4,2,-9.14758245944054,-77.13474799126094,0,4,5,0,6,2,2,0,6543.555,2.0,4,4,1.0,14,33,1198.0,0.2537583966543436,72.97154988434106,39.349289229053866,4.980624741370459,214.55688804049115,2167.736634006867,10724.467850999976,1847.2684445137777,1273.8165142748912,7603.38289221131,2176.571801083951,8547.896049916028,20.326138178886595,5,1,0,0,4,32.648186101182795,32.648186101182795,32.648186101182795,1.0,0.09695212359898775,0.0,0.0,1,0,0.0,0.0,0.9030478764010123,0.09695212359898775,0.0,0.9030478764010123,0.09695212359898775,0.0,0.9030478764010123,0.0,6,0,2024,1,24,3,0,1,0,1,0,1,GRAVE_LESIONADOS,1
6,1,14,2,2,4,-11.945567362776503,-77.03249496670917,0,0,4,1,2,2,2,0,6543.555,2.0,4,4,1.0,14,33,1198.0,0.7136904070699586,79.90855319834372,76.0645316565415,10.614495402136269,1460.8285684934353,774138.3388460884,7626.313,1683.4029999999998,1599.0829999999996,4343.827000000001,1814.875,5811.438000000001,23.797541485643197,8,1,0,1,6,31.510263125586796,31.510263125586796,31.510263125586796,1.0,0.0,0.0,0.0,1,0,0.0,0.0,0.39359022325619963,0.6064097767438004,0.0,0.0,1.0,0.39359022325619963,0.39359022325619963,0.39359022325619963,14,1,2023,10,23,0,0,1,0,1,0,1,GRAVE_LESIONADOS,1
4,1,5,0,4,1,-7.254379186532435,-78.84264983092483,0,4,0,0,1,1,1,2,463.2699058175039,2.0,2,0,1.0,10,25,78.20943147672219,0.4431309377987365,73.79806540258346,60.52587206241659,6.049560403006435,700.9719966035946,7973.514822257834,15935.565011852366,1733.9250000199986,935.692,13265.948011832368,2000.1670000199988,13935.398011832369,12.551591352627522,7,1,0,0,6,33.22574796955972,30.74252030440278,35.708975634716666,1.0,0.0,0.0,0.5485040608805558,1,0,0.0,0.4514959391194442,0.5485040608805558,0.4514959391194442,0.0,0.4514959391194442,1.0,0.0,0.0,0.0,10,1,2022,4,16,6,1,0,2,1,0,1,GRAVE_LESIONADOS,1
9,1,4,0,4,1,-12.723070624803135,-73.759312068438,0,4,7,0,6,1,1,2,6607.754067564554,2.0,3,3,1.0,13,31,1198.0,0.38116845946241495,81.44139287315588,45.76243977791832,5.4121080452273835,469.1367883281712,11151.177945044014,12653.247271943375,1806.3901649374961,1732.9003076254833,9113.956799380396,2430.1908931099438,10223.05637883343,19.193494108420076,7,1,0,0,5,56.72310695564616,56.69234106182906,56.75387284946325,1.0,0.9384682123658125,0.0,1.0,1,0,0.0,0.0,0.06153178763418754,0.0,0.0,0.0,1.0,0.9384682123658125,0.9384682123658125,0.0,6,1,2023,8,7,3,0,0,2,1,0,1,GRAVE_LESIONADOS,1
5,1,12,0,4,0,-11.976379532882913,-75.24463568825819,2,4,6,1,2,1,1,1,7459.0728976722085,2.0,2,0,1.0,9,8,1198.0,0.5845087606089563,75.05277856668516,69.52287704854744,9.628773016975241,1023.2032363820317,8852.112646351905,12433.347953975046,1850.271307182095,1258.5137059506794,9324.56294084227,1799.9447407540358,10633.40321322101,14.341652041372813,5,1,0,0,4,27.34771056790803,26.735114855222562,27.9603062805935,1.0,0.0,0.0,0.0,1,0,0.0,0.0,0.0,1.0,0.0,1.0,0.12251914253709384,0.12251914253709384,0.12251914253709384,0.0,7,0,2022,10,5,4,0,0,2,1,0,1,GRAVE_LESIONADOS,1
9,1,12,0,4,1,-15.19728142472475,-74.15356184921872,0,4,1,0,3,2,2,1,6619.531274654575,2.0,2,0,1.0,10,31,1527.3723584900683,0.5215018451648883,78.91921129477842,81.7162234035497,8.315176515042353,741.4786810409169,1265.6816972483302,3494.4027072035183,683.8713637290426,690.2677683564235,2120.263575118052,1095.6514354849728,2398.7512717185455,31.901465575668492,18,1,0,0,17,49.819582242466566,49.819582242466566,49.819582242466566,1.0,0.0,0.0,0.21202785050222894,1,0,0.0,0.21202785050222894,0.7879721494977711,0.0,0.0,0.0,1.0,0.0,0.0,0.0,5,0,2024,2,24,3,0,0,0,1,0,1,GRAVE_LESIONADOS,1
3,1,3,0,4,0,-16.15109039817033,-72.07526432272542,0,4,6,1,1,2,2,0,6543.555,2.0,4,4,1.0,14,33,1198.0,0.5987670992511114,77.730492218542,67.58472403047139,8.280500603449468,1129.3875350575508,35134.587387320425,10282.20050568596,1503.7197443797468,1716.8663812213413,7061.614380084872,2866.740138317674,7415.460367368286,27.86825937053094,4,1,0,0,2,27.79763315251032,25.856717089733305,29.738549215287332,1.0,0.0,0.9704580313885067,1.0,1,0,0.0,0.9704580313885067,0.029541968611493274,0.9704580313885067,0.0,0.9704580313885067,0.029541968611493274,0.0,0.029541968611493274,0.0,2,0,2022,8,26,6,1,0,0,1,0,1,GRAVE_LESIONADOS,1
3,1,21,1,4,1,-5.871197742658417,-77.36377375855281,0,4,7,1,2,2,2,1,7758.33400008,2.0,2,0,1.0,9,20,2133.0,0.482597319460959,73.92764918249851,55.19576845575267,6.427724000006269,871.219786973459,23001.491606243813,5645.136,815.0759999999999,965.298,3864.762,1013.406,4631.73,17.95184385283189,5,2,0,0,3,32.52851800294901,27.433935249631375,37.623100756266645,1.0,0.43393524963137375,0.0,0.0,2,0,0.43393524963137375,0.0,0.5660647503686262,1.0,1.0,0.0,0.0,0.43393524963137375,1.0,1.0,21,2,2022,7,2,0,0,0,1,1,0,1,GRAVE_LESIONADOS,1
0,1,5,2,4,1,-5.758750087107263,-78.78044826824537,0,0,7,0,2,0,1,2,7758.33400008,2.0,2,0,1.0,9,20,2133.0,0.5803239946829384,74.49544278598792,68.33065356443184,8.733179344969395,1046.078117086984,102362.46895074946,15935.565011852366,1733.9250000199986,935.692,13265.948011832368,2000.1670000199988,13935.398011832369,12.551591352627522,5,1,0,2,1,27.750744144122834,27.33399479477585,28.167493493469813,1.0,0.2778328995646543,0.7221671004353457,1.0,1,0,0.0,0.0,0.2778328995646543,1.0,1.0,0.0,0.0,0.0,1.0,0.2778328995646543,19,2,2023,4,3,3,0,0,2,1,0,1,GRAVE_LESIONADOS,1
5,1,3,1,4,0,-16.42816461875877,-71.76045354637489,0,0,7,1,0,2,2,0,6556.098669854296,2.0,3,3,1.0,13,32,1252.3793196338459,0.6401530859732157,78.07023507631209,71.308934879638,10.201664149639056,1165.4562236793465,4455.168004146308,10322.272,1495.236,1749.739,7077.2970000000005,2886.595,7435.677000000001,27.964725207783708,4,1,0,0,2,39.6747648347258,38.568965272793534,40.78056439665807,0.1300940661096791,0.0,0.0,0.0,1,0,0.0,0.0,0.0,0.1300940661096791,0.0,0.0,1.0,0.0,0.0,0.0,11,2,2023,8,17,4,0,0,0,1,0,1,GRAVE_LESIONADOS,1
3,2,12,2,2,4,-14.451263647709684,-71.15949868105082,0,1,3,1,2,0,1,2,6543.555,2.0,4,4,1.0,14,33,1198.0,0.6680904630750606,74.41667888849008,82.44842803698465,11.304042482879387,1239.5319892560735,136575.89702222915,16144.845464728307,2067.112626758393,2662.0355035625366,11415.697334407378,3050.697671323303,13094.147793405004,19.391869355977416,8,2,0,0,6,41.537056098983165,33.39505918680224,49.67905301116408,1.0,0.6049408131977551,0.0,0.0,2,0,0.0,0.0,0.39505918680224494,1.0,0.0,1.0,1.0,0.0,0.6049408131977551,0.0,18,2,2021,8,17,5,1,0,2,1,0,1,GRAVE_LESIONADOS,1
3,2,17,1,5,2,-6.286953211760191,-78.1071588492426,0,1,3,1,2,2,2,1,6543.555,2.385909262024298,3,2,1.0,8,31,1304.8968655807307,0.5389147587353629,73.32670551349176,62.97480414840142,8.446247307579883,921.9446374946709,83804.03719325407,4801.752532855307,699.2978186630421,858.9529846639641,3243.501729528301,893.7544474001043,3907.9980854552027,18.869594325418003,7,2,0,0,5,32.2702324917411,23.946366716437367,40.59409826704483,1.0,1.0,0.0,0.3859092620242983,2,0,0.0,0.0,0.3859092620242983,0.6140907379757017,0.6140907379757017,0.0,0.3859092620242983,0.6140907379757017,1.0,0.6140907379757017,14,1,2023,6,21,4,0,1,0,1,0,1,GRAVE_LESIONADOS,1
6,1,4,0,5,2,-13.934395421580163,-74.58908091827269,2,4,3,0,7,2,2,3,6543.555,2.0,4,4,1.0,14,33,1198.0,0.35316675206136966,74.47261551006618,47.24123608316789,5.247754583639604,483.21922257631354,1755.84760646438,12678.733000000004,1805.074000000001,1774.0339999999994,9099.625000000004,2485.375000000001,10193.358000000002,19.602707936195205,4,1,0,0,3,31.340446515593488,31.340446515593488,31.340446515593488,1.0,0.0,0.0,0.5319106968813024,1,0,0.0,1.0,0.0,0.0,0.0,0.0,1.0,0.0,0.46808930311869756,0.0,13,1,2022,5,17,2,0,0,2,1,0,1,GRAVE_LESIONADOS,1
3,1,10,1,4,1,-12.155455629956062,-75.19435039925216,0,4,6,0,2,0,1,2,333.06695426142244,2.0,2,0,1.0,3,31,60.71809442417628,0.5355062487032939,71.74299362752406,75.60011700362796,9.273898419019714,837.3076622758865,19668.449664613505,12302.58830747629,1824.499321286667,1166.9404911860345,9311.148495003587,1670.910964590299,10631.677342885989,13.563107690798589,8,2,0,0,6,45.85187078463499,28.540748313853996,63.162993255415984,1.0,0.0,0.0,1.0,2,0,0.0,0.091850337229201,0.908149662770799,0.908149662770799,0.0,0.091850337229201,1.0,0.0,0.091850337229201,0.908149662770799,11,2,2024,1,5,3,0,0,2,1,0,1,GRAVE_LESIONADOS,1
6,0,20,0,4,1,-15.594570688563788,-69.99132949298458,0,4,3,1,2,2,2,2,7586.903,2.0,2,0,1.0,9,5,1198.0,0.46663677234225803,72.41307506950956,75.6746346062446,8.116263366094682,597.3438275016613,20511.905346493582,13642.312999999998,2020.7790000000005,2354.117,9267.416999999998,3314.0520000000006,10328.260999999997,24.29244952817019,5,1,0,0,4,31.43468237666896,31.43468237666896,31.43468237666896,1.0,0.0,0.0,0.0,1,0,0.0,0.0,0.0,1.0,0.0,0.44501868372535525,0.5549813162746448,0.0,1.0,0.0,10,0,2022,11,19,4,0,0,2,1,0,1,GRAVE_LESIONADOS,1
3,1,20,0,4,1,-6.506060246669028,-76.34767929378235,0,4,7,1,2,0,1,1,631.7919608788878,2.0,2,0,0.9995051897085165,1,20,65.03364709982088,0.5921675927570136,72.5966565543955,67.39108592203418,8.908833113726288,1145.9341368725459,47336.16611063168,5646.779121483062,815.554647808152,965.1355527916853,3866.0889208832245,1014.0003161463201,4632.778805336741,17.955182584540715,5,2,0,0,3,32.504700697769096,31.004453292623353,34.00494810291484,1.0,1.0,0.9995051897085165,0.9995051897085165,2,0,0.0,0.0,1.0,0.0004948102914834607,1.0,0.0,0.9995051897085165,0.0,1.0,0.0,16,3,2021,11,20,1,0,1,0,1,0,1,GRAVE_LESIONADOS,1
6,1,1,0,4,1,-9.926587004598064,-77.33842324410078,0,4,7,0,2,2,2,1,9936.932,2.0,2,0,1.0,9,32,3830.0,0.46045098357656633,71.1684968387368,67.05188198242388,7.699544796605757,635.7834375308803,3559.1777093967967,10767.648,1885.0630000000003,1222.721,7659.864000000001,2100.343,8667.305000000002,19.506051832303577,18,1,0,0,17,30.977248509847822,30.977248509847822,30.977248509847822,1.0,0.0,0.0,1.0,1,0,0.0,0.0,1.0,0.0,0.0,0.16477070915398517,0.8352292908460148,0.0,0.16477070915398517,0.0,6,0,2021,10,9,1,0,0,0,1,0,1,GRAVE_LESIONADOS,1
3,1,9,0,4,1,-12.546473240009611,-75.45885076810443,1,4,0,0,2,1,1,2,1577.658875235867,2.0,1,2,1.0,8,24,294.54413840008624,0.3169878056367317,73.07214401392373,47.7458802956772,5.1420553044997614,336.26029777083636,3801.483703605283,8559.84033661177,1481.299323030045,1862.3929619712828,5216.148051610443,1915.2623328304169,6644.578003781353,22.36175595104469,10,1,0,0,8,48.14767243333693,40.10654094583288,56.18880392084097,0.8934590541671159,0.10654094583288409,0.0,1.0,1,0,0.0,1.0,0.0,0.8934590541671159,0.10654094583288409,0.0,0.8934590541671159,0.10654094583288409,0.10654094583288409,0.0,14,3,2024,2,4,0,0,0,1,1,0,1,GRAVE_LESIONADOS,1
3,2,7,0,4,1,-13.593517893141483,-71.78553695160082,0,3,7,1,2,0,1,2,7586.903,2.0,2,0,1.0,9,5,1198.0,0.5065580412535501,64.79370905469777,77.15417383818448,8.35812941450031,844.3117831870799,8658.316916488222,17779.13499998999,2097.3709999899997,2863.123,12818.640999999989,2878.713,14900.421999989989,16.19152450331032,9,3,0,0,5,39.90646128681374,32.701942670204495,52.050338058901986,1.0,0.17677364075350055,0.0,0.17677364075350055,3,0,0.8232263592464995,0.0,0.17677364075350055,1.0,0.0,1.0,1.0,0.0,0.0,0.8232263592464995,15,2,2022,10,9,1,0,0,2,1,0,1,GRAVE_LESIONADOS,1
3,1,12,0,4,1,-7.981851100403222,-78.24396679747088,0,4,7,1,2,2,2,0,9936.932,2.0,2,0,1.0,9,32,3830.0,0.4320883936567258,76.718936301794,43.003289188979466,6.269065613037991,662.0777072841523,13167.552462526766,8931.828000000005,1335.5899999999997,1935.9830000000004,5660.255000000005,1219.309,7712.519000000005,13.651281686122925,10,1,0,0,8,36.89106286131827,33.7517087883267,40.03041693430983,1.0,0.0,0.0,0.0,1,0,0.0,0.8969583065690173,0.10304169343098268,0.0,0.0,0.0,1.0,0.0,0.0,0.0,10,1,2023,7,20,4,0,1,0,1,0,1,GRAVE_LESIONADOS,1
5,1,1,0,4,0,-11.03727418070429,-75.92327016056218,0,4,0,0,3,0,0,1,6543.555,2.0,4,4,1.0,14,33,1198.0,0.3859982968950756,76.09649913839611,50.114970215927244,5.690992577545567,511.1748821348158,8192.35206248078,10666.348006397635,1796.3975294626816,1342.5903239607226,7527.360152974233,2279.174644654957,8387.17336174268,21.429962323260938,5,1,0,0,4,52.63144888618561,52.17655237805601,53.08634539431521,1.0,0.0,0.0,0.0,1,0,0.0,0.0,0.0,0.22744825406479963,0.0,0.22744825406479963,1.0,0.0,0.7725517459352004,0.0,6,0,2022,4,11,1,0,0,0,1,0,1,GRAVE_LESIONADOS,1
9,1,4,0,4,1,-12.775234625376658,-73.64953861324355,0,4,7,0,6,2,2,2,6543.555,2.0,4,4,1.0,14,33,1198.0,0.37020147027523354,82.02857119978704,43.74150520384093,5.150743637218594,444.76720567086244,10946.805641037141,12681.740960814013,1805.7473558058352,1775.8448168837797,9100.148788124397,2487.9618406810764,10193.779120132936,19.617347674397006,6,1,0,0,5,56.99219587160898,56.962540183723085,57.02185155949487,1.0,0.9968783486435904,0.0,0.9968783486435904,1,0,0.0,0.003121651356409627,0.003121651356409627,0.0,0.0,0.0,1.0,1.0,1.0,0.003121651356409627,6,1,2023,7,8,3,0,0,2,1,0,1,GRAVE_LESIONADOS,1
3,1,8,0,4,1,-13.414670193728517,-74.93326162638675,2,4,0,0,2,1,1,1,1679.5849999999998,2.0,2,3,1.0,9,24,315.0,0.2997946406100768,72.83003345209801,46.42647217987546,4.997510303405721,292.6881439974165,3327.8779443254816,8511.426,1445.3929999999996,2008.516,5057.516999999999,1879.579,6631.846999999998,22.08300935706896,9,1,0,0,8,49.30351012487811,43.03510124878112,55.57191900097511,1.0,0.0,0.0,0.6964898751218885,1,0,0.0,0.6964898751218885,0.0,1.0,0.0,0.30351012487811146,0.6964898751218885,0.0,0.0,0.0,11,2,2024,3,3,1,0,0,2,1,0,1,GRAVE_LESIONADOS,1
6,1,8,0,4,1,-13.554675133998352,-75.34446353441633,1,4,0,0,2,1,1,0,1658.2137784032689,1.8913925976535073,1,3,0.8913925976535074,9,23,310.1126668944078,0.505141299134458,73.28656713777065,52.30728171651487,8.598963954544129,834.628995454377,1965.5340545247984,8511.426,1445.3929999999996,2008.516,5057.516999999999,1879.579,6631.846999999998,22.08300935706896,4,1,0,0,3,19.846325839890373,19.846325839890373,19.846325839890373,1.0,1.0,0.0,0.0,1,0,0.0,0.0,0.0,1.0,0.0,1.0,0.0,0.0,0.0,0.0,16,2,2021,3,2,2,0,0,2,1,0,1,GRAVE_LESIONADOS,1
3,2,5,2,4,1,-5.762009206079342,-78.76971725103512,0,2,3,0,2,1,0,0,3756.445885159016,2.0,2,0,1.0,4,20,1029.5564717162133,0.5803239946829384,74.49544278598792,68.33065356443184,8.733179344969395,1046.078117086984,102362.46895074946,15935.565011852366,1733.9250000199986,935.692,13265.948011832368,2000.1670000199988,13935.398011832369,12.551591352627522,9,2,0,0,7,40.13603327349208,39.1632399281905,41.10882661879367,1.0,1.0,0.0,0.472793345301583,2,0,0.0,0.527206654698417,0.472793345301583,1.0,0.472793345301583,0.527206654698417,0.527206654698417,0.0,0.472793345301583,0.472793345301583,14,3,2022,10,7,3,0,0,2,1,0,1,GRAVE_LESIONADOS,1
6,1,12,0,4,0,-9.546939335466003,-78.19361713653778,1,4,7,1,2,2,2,0,4494.362273743855,2.0,3,2,1.0,10,31,822.499269211448,0.6011797025843597,79.86671473245539,72.74674439557778,8.82115486264459,1019.0513299315486,28580.003565503364,3544.2093373160096,574.1877057823926,707.5305445350123,2262.4910869986047,832.3580661952744,2711.851271120735,23.334741919411528,10,1,0,0,8,49.7332490413655,47.36330283135685,52.10319525137416,1.0,0.0,0.0,0.0,1,0,0.0,0.6771274885739019,0.0,1.0,0.0,0.3228725114260981,0.6771274885739019,0.0,0.0,0.0,12,1,2023,2,22,3,0,1,0,1,0,1,GRAVE_LESIONADOS,1
5,1,13,0,4,0,-10.2929996498956,-78.02514405365903,0,4,0,1,2,1,0,0,6543.555,2.874505295038077,2,0,1.0,1,30,1440.2379667255473,0.6257031927580947,81.74168798319803,72.28628760240419,8.999048327841152,1089.994823295736,20397.57579404799,7790.148219748366,1639.7543101830784,1641.3621661016716,4509.031743463616,1740.1346205446475,6050.013599203719,22.52423960563538,36,1,0,0,35,52.368568835495,51.74109531068539,52.996042360304614,1.0,0.0,0.0,0.0,1,0,0.0,0.12549470496192294,0.8745052950380771,0.0,0.0,0.12549470496192294,1.0,0.0,0.12549470496192294,0.0,12,3,2022,1,22,5,0,1,0,1,0,1,GRAVE_LESIONADOS,1
6,1,14,2,2,3,-11.958854769593891,-77.06201256036898,0,2,5,1,2,2,2,0,5122.146731761226,2.0,3,2,1.0,11,28,936.6842860247159,0.7281690453588934,80.14403137998714,78.32847423737833,10.613969390637196,1522.2764673557942,725749.9830062956,7626.313,1683.4029999999998,1599.0829999999996,4343.827000000001,1814.875,5811.438000000001,23.797541485643197,4,1,0,0,3,50.25391417454551,50.003131339636404,50.50469700945461,1.0,0.0,0.0,0.0,1,0,0.0,0.0,0.7492171650908982,0.2507828349091018,0.7492171650908982,0.2507828349091018,0.0,0.0,0.7492171650908982,0.0,9,1,2023,10,23,6,1,1,0,1,0,1,GRAVE_LESIONADOS,1
3,1,19,0,4,0,-14.571848216429384,-71.24011924333533,5,4,6,1,5,1,1,0,6607.631595815688,2.0,3,3,1.0,13,31,1198.0,0.3403108138434995,71.97348047394141,60.343494096997276,6.825282676595503,322.492784866732,7887.742279291024,13557.698199124558,2008.8452600437006,2277.4363260059345,9271.416613074922,3208.080462885344,10349.617736239214,23.595998666612516,5,1,0,0,3,36.32444155356356,31.631513574671033,41.01736953245609,1.0,0.0,0.0,0.0,1,0,0.0,0.0,0.0,1.0,0.0,1.0,0.9385855957785052,0.9385855957785052,0.9385855957785052,0.0,20,1,2021,5,17,1,0,0,2,1,0,1,GRAVE_LESIONADOS,1
6,1,1,0,4,1,-9.851909981235854,-77.41270735987263,5,4,5,1,6,2,2,0,9936.932,2.0,2,0,1.0,9,32,3830.0,0.4513114520125943,71.5379318859893,69.77311743246165,7.805018991805458,586.8426877697239,3790.7494363756186,10668.700440529274,1855.447344682454,1261.1646024028546,7552.088493443968,2052.8567736211985,8615.843666908078,19.190489730775848,5,1,0,0,4,21.83254187338882,21.83254187338882,21.83254187338882,1.0,0.0,0.0,0.0,1,0,0.0,0.0,0.0,1.0,0.0,0.0,1.0,0.0,0.053898290393788795,0.0,16,2,2022,1,21,3,0,1,0,1,0,1,GRAVE_LESIONADOS,1
5,1,13,0,4,1,-11.300692958504506,-77.48256361427588,0,4,7,1,2,2,2,1,6543.555,3.0,2,0,1.0,0,30,1475.0,0.7299624841663152,78.1959303961107,76.01293662962851,13.558540941391689,1399.5218132203452,62084.37919994321,7642.2139578338265,1679.1666949042663,1603.1863865518324,4359.860876377728,1807.6211041403121,5834.592853693515,23.67396171119157,5,1,0,0,4,45.066989094790976,44.87820164583459,45.25577654374737,1.0,0.01217983541654144,0.0,0.9878201645834586,1,0,0.0,0.01217983541654144,0.01217983541654144,0.9878201645834586,0.01217983541654144,0.9878201645834586,0.01217983541654144,0.0,0.01217983541654144,0.01217983541654144,4,0,2023,9,16,1,0,0,0,1,1,1,GRAVE_LESIONADOS,1
5,1,10,0,4,1,-15.126286363369793,-75.04544370641904,1,4,0,0,3,1,0,0,6607.321220936088,2.0,2,1,1.0,10,31,1474.4393315835368,0.5563774842369664,77.00938809632027,69.10246351364754,8.476961866273152,914.8835608305218,27932.19700214133,3721.461,698.1859999999996,744.866,2278.409,1102.9029999999996,2618.558,29.636290693359403,5,1,0,0,3,49.36264037390083,36.466547154094684,62.25873359370698,1.0,0.6613381138362127,0.33866188616378734,1.0,1,0,0.0,0.6613381138362127,0.0,1.0,0.0,0.6613381138362127,1.0,0.0,0.0,0.0,2,0,2022,3,27,5,1,1,0,1,0,1,GRAVE_LESIONADOS,1