CLASE SINIESTRO,CANTIDAD DE VEHICULOS DAÑADOS,DEPARTAMENTO,ZONA,TIPO DE VÍA,RED VIAL,COORDENADAS LATITUD,COORDENADAS  LONGITUD,CONDICIÓN CLIMÁTICA,ZONIFICACIÓN,CARACTERÍSTICAS DE VÍA,PERFIL LONGITUDINAL VÍA,SUPERFICIE DE CALZADA,¿EXISTE SEÑAL VERTICAL?,¿EXISTE SEÑAL HORIZONTAL?,CAUSA FACTOR PRINCIPAL,MTC_RVN_LONGITUD_KM,MTC_RVN_N_CARRILES_MEDIANA,MTC_RVN_SUPERFICIE_DOMINANTE,MTC_RVN_ESTADO_DOMINANTE,MTC_RVN_ES_CONCESIONADA,MTC_RVN_CONCESION_PRINCIPAL,MTC_RVN_CORREDOR_LOGISTICO,MTC_RVN_N_TRAMOS,IDH_2019,IDH_ESP_VIDA_2019,IDH_EDUC_SECUND_PCT_2019,IDH_ANIOS_EDUC_2019,IDH_INGRESO_PERCAP_2019,IDH_POBLACION_2019,MTC_DEP_RED_TOTAL_KM,MTC_DEP_NACIONAL_TOTAL_KM,MTC_DEP_DEPARTAMENTAL_TOTAL_KM,MTC_DEP_VECINAL_TOTAL_KM,MTC_DEP_PAV_TOTAL_KM,MTC_DEP_NO_PAV_TOTAL_KM,MTC_DEP_PCT_PAVIMENTADA,PER_TOTAL_PERSONAS,PER_N_CONDUCTORES,PER_N_CONDUCTORES_FUGADOS,PER_N_PEATONES,PER_N_PASAJEROS_OCUPANTES,PER_EDAD_COND_PROM,PER_EDAD_COND_MIN,PER_EDAD_COND_MAX,PER_ANY_COND_MASCULINO,PER_ANY_LIC_PROBLEMA,PER_ANY_DOSAJE_POS,PER_ANY_DOSAJE_EVALUADO,VEH_TOTAL,VEH_N_FUGADOS,VEH_ANY_FUGADO,VEH_ANY_CARGA,VEH_ANY_PUBLICO,VEH_ANY_PARTICULAR,VEH_ANY_MOTO,VEH_ANY_AUTO,VEH_ANY_CAMION_BUS,VEH_ANY_SOAT_PROBLEMA,VEH_ANY_CITV_PROBLEMA,VEH_ANY_SEGURO_PROBLEMA,HORA_NUM,FRANJA_HORARIA,ANIO,MES,DIA_MES,DIA_SEMANA,ES_FIN_SEMANA,ES_QUINCENA,REGION_NATURAL,TIENE_SEÑALIZACION,ES_VIA_MULTICARRIL,ES_DEPTO_BAJO_PAVIMENTO,CATEGORIA_SEVERIDAD,CATEGORIA_SEVERIDAD_ENC
3,1,14,2,2,4,-12.093495260083394,-76.93343005946251,4,4,4,1,4,2,2,0,6543.555,2.0,4,4,1.0,14,33,1198.0,0.6903830838100733,79.77477412202853,75.75229589444146,9.4392482120062,1427.4911188668389,619597.4238585611,7626.313,1683.4029999999998,1599.0829999999996,4343.827000000001,1814.875,5811.438000000001,23.797541485643197,10,2,0,0,8,35.68518071822203,28.527771077333046,42.842590359111014,1.0,1.0,0.0,0.0,2,0,0.0,1.0,1.0,0.0,0.0,0.0,1.0,1.0,0.7106475897777538,1.0,18,1,2022,4,15,5,1,0,0,1,0,1,GRAVE_LESIONADOS,1
5,1,14,0,4,1,-11.27983349408857,-77.50372660676857,0,4,7,0,2,2,2,2,6543.555,3.0,2,0,1.0,0,30,1475.0,0.7327345537337897,78.20903814342847,76.31492653513806,13.642917835589472,1405.6698219039215,62016.21841541756,7626.313,1683.4029999999998,1599.0829999999996,4343.827000000001,1814.875,5811.438000000001,23.797541485643197,6,1,0,0,4,37.39425558858175,33.97199187115382,40.81651930600969,0.25350101610577314,0.0,0.0,1.0,1,0,0.0,0.0,0.0,1.0,0.0,1.0,0.25350101610577314,0.0,0.0,0.0,12,1,2023,8,19,2,0,1,0,1,1,1,GRAVE_LESIONADOS,1
6,1,10,0,4,1,-13.364726357714815,-76.21455444626373,0,4,7,1,2,2,2,1,6639.975,2.0,2,0,1.0,9,31,1616.0,0.5736744275518083,81.67473861808857,68.1608574885675,9.138785887908334,865.1176766860625,26660.92933618844,3721.461,698.1859999999996,744.866,2278.409,1102.9029999999996,2618.558,29.636290693359403,7,1,0,0,5,34.97064505232553,31.625080490794502,38.31620961385656,1.0,0.0,0.0,0.0,1,0,0.0,0.6691129123062057,0.0,0.33088708769379427,0.0,0.6691129123062057,1.0,0.6691129123062057,1.0,0.0,13,2,2022,8,7,3,0,0,0,1,0,1,GRAVE_LESIONADOS,1
3,1,9,1,4,1,-8.977370608697978,-76.61978761604077,5,4,1,0,2,1,0,1,670.8992884801169,2.0,2,2,0.26979605789236416,8,15,208.80038737403774,0.3731815285438023,73.51348554304296,39.56948084305509,5.258331520437921,547.4813461246767,10555.659869783905,8404.057766558924,1334.0478092742683,1100.625309005212,5969.384648279442,1102.8779814309373,7301.179785127986,13.110615232637315,5,1,0,0,4,43.379799476255286,33.5220462578022,53.23755269470837,1.0,0.26979605789236416,0.0,0.0,1,0,0.0,0.0,0.0,1.0,0.7302039421076358,1.0,0.0,0.0,0.7302039421076358,0.0,16,3,2022,2,26,6,1,1,1,1,0,1,GRAVE_LESIONADOS,1
6,1,12,0,4,2,-9.030204066790407,-77.26077136305614,1,4,3,0,4,2,2,0,6543.555,2.0,4,4,1.0,14,33,1198.0,0.389931655300548,76.44946832545155,37.57296069497019,6.5322529871211445,662.3524757995194,13846.57009198038,8294.00089997282,1505.5187692150257,1771.3859252830048,5017.096205474789,1510.2808652445888,6783.7200347282305,18.608374836374285,7,1,0,0,6,26.41994515588889,26.41994515588889,26.41994515588889,1.0,0.0,0.0,0.48856359369841273,1,0,0.0,0.48856359369841273,0.0,0.5114364063015873,0.0,0.0,1.0,0.0,0.0,0.0,17,2,2023,9,21,2,0,1,0,1,0,1,GRAVE_LESIONADOS,1
4,1,10,0,4,1,-13.384007086518135,-76.20376583402152,2,4,6,1,3,2,2,1,6639.975,2.0,2,0,1.0,9,31,1616.0,0.5736744275518083,81.67473861808857,68.1608574885675,9.138785887908334,865.1176766860625,26660.92933618844,3721.461,698.1859999999996,744.866,2278.409,1102.9029999999996,2618.558,29.636290693359403,7,2,0,0,4,33.64089068334479,29.52118757779306,37.76059378889653,1.0,0.4401484472241325,0.0,0.0,2,0,0.0,1.0,0.0,0.4401484472241325,0.4401484472241325,1.0,0.5598515527758675,0.5598515527758675,1.0,0.4401484472241325,10,1,2022,5,12,1,0,0,0,1,0,1,GRAVE_LESIONADOS,1
3,2,15,0,3,2,-15.690198825709562,-73.25883321235978,0,3,7,1,2,1,1,0,6592.963360923737,2.0,2,1,1.0,11,31,1412.1951344754423,0.6096507189315902,78.91767778223716,72.82885407490518,9.697628486772977,1018.707097289547,14988.59053345759,3199.326098955196,665.2685887890918,619.3139141222459,1914.743596043858,1086.2275688856328,2113.098530069563,34.84520356087463,7,2,0,0,5,47.38049978945489,41.17399971927319,53.58699985963659,1.0,0.0,0.0,1.0,2,0,0.0,0.0,0.0,1.0,0.0,1.0,0.5124285513766563,0.0,0.4875714486233437,0.0,19,2,2022,8,19,4,0,1,0,1,0,1,GRAVE_LESIONADOS,1
1,2,10,0,4,1,-11.178901627935705,-77.38553974067221,2,4,4,1,2,1,1,2,565.4439313857754,-0.018140834501308767,2,0,1.0,9,27,63.43838549793544,0.5501015497121695,78.2689296093246,62.32292743690202,8.838932007127099,871.851509267173,6095.779086454993,3635.7872420824688,638.2520073924055,726.820083110911,2270.7151515791525,972.1363780477759,2663.650864034693,26.590466716366684,6,2,0,0,3,45.83635680575022,42.01814083450131,49.654572776999125,1.0,0.0,0.0,0.3272863884995638,2,0,0.0,0.0,0.0,0.6727136115004362,0.0,1.0,0.0,0.0,0.0,0.0,16,1,2021,2,28,2,0,1,0,1,0,1,GRAVE_LESIONADOS,1
4,1,17,0,4,0,-6.311041281859787,-78.09279175925028,0,4,2,0,2,2,2,0,6543.555,2.3871305089711483,3,2,1.0,8,31,1305.235150985008,0.5389446157879735,73.32942571485505,62.98260480928064,8.448427985361382,921.8464078437634,83795.71058774051,4799.083564821549,698.9314274815298,858.6164456428207,3241.535691697198,893.3757985629865,3905.707766258562,18.872498634987398,9,1,0,0,8,39.160868637860645,37.41878134749048,40.90295592823081,1.0,0.3871305089711483,0.0,0.0,1,0,0.0,0.0,0.3871305089711483,1.0,0.3871305089711483,0.3871305089711483,0.6128694910288517,0.0,1.0,0.3871305089711483,13,1,2021,8,17,4,0,0,0,1,0,1,GRAVE_LESIONADOS,1
6,1,12,0,4,0,-8.600515296561639,-78.71841940011902,1,4,7,1,2,2,2,0,6567.786087194247,2.0,3,2,1.0,12,32,1303.0466132254214,0.6182135381334566,80.640933310181,72.76426192665049,9.022481323477404,1067.7716952421408,28648.46949497645,3525.4758132632023,561.0824689002202,703.5846032536443,2260.808741109338,803.7644837822743,2721.711329480928,22.668738488249616,11,1,0,0,9,41.37434615642892,38.75392306142647,43.99476925143137,1.0,0.2513076871421568,0.0,0.2513076871421568,1,0,0.0,0.7486923128578432,0.0,1.0,0.0,0.2513076871421568,0.7486923128578432,0.0,0.0,0.0,6,0,2023,1,19,2,0,0,0,1,0,1,GRAVE_LESIONADOS,1
4,2,1,0,3,1,-7.069991398570837,-78.07999042342112,0,3,6,1,2,1,1,0,7556.437078162713,2.0,2,0,1.0,9,22,1977.6024980838229,0.5223941582618029,72.38157992753092,68.62170815263015,7.500397010411192,888.9023626955816,51944.791220668485,3873.438461955333,1079.1781577132958,611.5848234078044,2182.675480834233,970.0687399200748,2903.3697220352587,25.07976010946181,4,2,0,0,2,28.088693826699426,23.836596242338782,32.340791411060074,1.0,0.16620053680874547,0.16620053680874547,0.16620053680874547,2,0,0.0,0.0,0.0,1.0,1.0,0.16620053680874547,0.8337994631912545,0.0,1.0,0.16620053680874547,6,0,2023,2,19,6,1,0,0,1,0,1,GRAVE_LESIONADOS,1
6,1,1,0,4,1,-9.424572048809855,-77.29795900488187,0,4,6,0,3,2,2,0,8751.034560682738,2.0,2,1,1.0,10,32,2910.1841173901294,0.36422526229086727,71.88348865184996,41.05650259844613,5.671466550583681,549.948472951655,2041.4428612455283,10767.648,1885.0630000000003,1222.721,7659.864000000001,2100.343,8667.305000000002,19.506051832303577,8,1,0,0,7,37.505258804673744,37.505258804673744,37.505258804673744,1.0,0.0,0.0,0.6505258804673745,1,0,0.0,0.0,1.0,0.0,0.0,1.0,0.0,0.0,1.0,0.0,10,1,2022,6,28,5,0,1,0,1,0,1,GRAVE_LESIONADOS,1
8,1,10,0,4,1,-13.935027089010106,-75.93071137123424,0,3,7,1,2,2,2,0,6639.975,2.0,2,0,1.0,9,31,1616.0,0.6053164595604621,78.88848309050202,67.63954639531094,9.133324993872453,1064.9426147896202,27932.19700214133,3721.461,698.1859999999996,744.866,2278.409,1102.9029999999996,2618.558,29.636290693359403,5,1,0,0,4,34.19464496040754,30.70903237623086,37.680257544584215,1.0,0.25819352475382795,0.0,1.0,1,0,0.0,0.0,0.0,1.0,0.25819352475382795,0.0,1.0,0.0,0.0,0.0,3,0,2021,8,27,3,0,1,0,1,0,1,GRAVE_LESIONADOS,1
3,1,11,0,4,1,-11.682700798781301,-75.94579979063269,0,4,1,1,2,0,1,1,710.5237259345644,2.0,2,0,1.0,3,18,126.56129412348781,0.6746450158388162,77.55481346201034,69.2433642138861,10.01975155457221,1425.6961610677167,3446.4367873749866,12264.545,1826.4639999999995,1105.5389999999998,9332.542,1588.5359999999996,10676.009,12.952261987705208,5,1,0,0,3,33.43199173594749,27.0,39.86398347189498,1.0,0.24329508988853044,0.0,0.7567049101114696,1,0,0.0,0.0,0.0,1.0,0.24329508988853044,0.7567049101114696,0.7567049101114696,0.0,0.24329508988853044,0.0,7,0,2022,4,17,4,0,0,2,1,0,1,GRAVE_LESIONADOS,1
2,1,5,2,4,1,-5.7117596659192165,-78.77644947023234,0,1,7,0,2,0,1,2,7758.33400008,2.0,2,0,1.0,9,20,2133.0,0.5803239946829384,74.49544278598792,68.33065356443184,8.733179344969395,1046.078117086984,102362.46895074946,15935.565011852366,1733.9250000199986,935.692,13265.948011832368,2000.1670000199988,13935.398011832369,12.551591352627522,5,1,0,1,2,33.003222720236835,32.002864640210525,34.00358080026315,1.0,0.6669053866842103,0.3330946133157897,1.0,1,0,0.0,0.0,0.6669053866842103,1.0,1.0,0.0,0.0,0.0,1.0,0.6669053866842103,15,2,2023,7,6,1,0,0,2,1,0,1,GRAVE_LESIONADOS,1
5,1,4,0,3,2,-8.964784829859813,-76.97370158560426,1,3,5,0,1,1,1,0,6543.555,2.0,4,4,1.0,14,33,1198.0,0.4091700077302065,76.38216367898661,57.15428290568982,5.218269426037001,608.2591589059324,75846.60086896818,14621.896290825727,1678.0650488794959,1126.2019340240354,11817.629307922196,2207.6161273962407,12414.280163429486,16.158698944510338,4,1,0,0,3,41.95763372101063,40.55346466916939,43.36180277285188,1.0,1.0,0.0,0.2340281753068746,1,0,0.0,1.0,0.2340281753068746,0.0,0.2340281753068746,0.0,1.0,0.0,0.2340281753068746,0.0,18,1,2021,4,1,3,0,0,1,1,0,1,GRAVE_LESIONADOS,1
6,1,7,0,4,1,-13.098830274070798,-72.36361205714908,1,4,0,0,2,1,1,2,3447.8009999999995,1.0,2,3,0.0,9,12,1109.0,0.4706944943299555,76.79406176595778,61.64424635983724,7.141255198110581,653.4175319142125,3282.6252676659524,17779.13499998999,2097.3709999899997,2863.123,12818.640999999989,2878.713,14900.421999989989,16.19152450331032,5,1,0,0,4,35.0,35.0,35.0,1.0,0.4119137541453023,0.0,0.5880862458546977,1,0,0.0,0.0,0.0,0.0,0.0,1.0,0.0,0.0,0.0,0.0,14,3,2023,3,29,2,0,1,2,1,0,1,GRAVE_LESIONADOS,1
6,0,9,0,4,1,-12.092053000974648,-74.9488135229999,1,4,7,1,2,2,2,0,6991.475082973119,2.570689661576848,2,0,1.0,3,19,1356.0810362567868,0.5677690231977913,76.45911586616894,71.12150054342426,9.045584673149772,913.6810209862402,23782.62197765617,12001.77140400319,1943.3272818894368,1708.4409996506006,8350.003122463153,2621.4008215372255,9380.370582465965,21.560901846943867,11,1,0,0,10,27.136206954191632,27.136206954191632,27.136206954191632,1.0,0.0,0.0,0.570689661576848,1,0,0.0,0.0,0.570689661576848,0.429310338423152,0.0,0.429310338423152,0.570689661576848,0.0,0.429310338423152,0.0,14,1,2022,6,17,2,0,0,0,1,0,1,GRAVE_LESIONADOS,1
6,1,5,0,4,2,-13.246476182144127,-74.04625686051936,0,4,3,0,3,2,2,0,6543.555,2.0,4,4,1.0,14,33,1198.0,0.33397673840583186,72.57580490201302,58.93363559032439,5.2127823584508794,379.19883508547775,2504.5072898201292,8437.597196767181,1366.485697147605,1664.4840918050868,5406.627407814489,1663.162373129556,6774.4348236376245,19.689018453830645,6,1,0,0,5,36.547201405670826,36.547201405670826,36.547201405670826,1.0,0.4842661981097255,0.0,0.0,1,0,0.0,0.0,0.0,0.4842661981097255,0.0,0.4842661981097255,0.5157338018902745,0.4842661981097255,0.4842661981097255,0.4842661981097255,17,2,2023,9,22,4,0,1,2,1,0,1,GRAVE_LESIONADOS,1
6,1,1,0,4,1,-9.945354816127505,-77.22172070545525,2,4,6,0,3,2,2,0,9936.932,2.0,2,0,1.0,9,32,3830.0,0.4486940820290328,71.3099210377937,56.19536879156834,6.996655875136057,688.5445662406095,2824.6539878607664,10767.648,1885.0630000000003,1222.721,7659.864000000001,2100.343,8667.305000000002,19.506051832303577,8,1,0,0,7,31.54955871406115,31.54955871406115,31.54955871406115,1.0,0.0,0.0,0.5499789863838642,1,0,0.0,0.0,0.5499789863838642,0.4500210136161358,0.0,0.5499789863838642,0.4500210136161358,0.0,0.5499789863838642,0.0,14,3,2021,5,26,5,0,1,0,1,0,1,GRAVE_LESIONADOS,1
3,1,3,0,4,1,-15.858123906533505,-71.12241135695193,0,4,3,1,2,0,1,0,1504.4250000000002,2.0,2,0,1.0,7,25,241.0,0.4498224071382834,81.63336343193146,58.84842497065013,5.774685730039019,620.6584683449911,1358.612419700214,10322.272,1495.236,1749.739,7077.2970000000005,2886.595,7435.677000000001,27.964725207783708,6,2,0,0,4,34.24589531631183,22.967162530494672,45.52462810212899,1.0,0.0,0.0,0.49179063262366807,2,0,0.0,0.0,0.49179063262366807,1.0,0.0,0.5082093673763319,1.0,0.0,0.0,0.0,4,0,2023,6,9,2,0,0,0,1,0,1,GRAVE_LESIONADOS,1
6,1,11,0,4,1,-10.804375626286598,-76.7220505627828,0,4,0,0,1,1,1,1,6543.555,2.565456366074108,2,1,1.0,6,31,1354.6314134025279,0.47723189003538447,77.83194183790545,55.77341750916908,5.695820112668178,882.5886314223995,20231.966001482768,7879.54069540851,1531.345318898482,1248.360225796609,5099.835150713419,1486.7876036878088,6392.753091720701,19.066798817147053,6,1,0,0,5,39.30363090177767,39.30363090177767,39.30363090177767,1.0,0.0,0.0,0.5654563660741082,1,0,0.0,0.0,0.5654563660741082,0.4345436339258918,0.0,0.4345436339258918,0.5654563660741082,0.0,0.4345436339258918,0.0,9,0,2021,8,24,1,0,1,0,1,0,1,GRAVE_LESIONADOS,1
3,1,5,0,4,1,-7.881687286811321,-76.84970253088672,0,4,0,0,2,2,2,2,5712.361502417733,2.0,2,0,0.7155059546211288,9,15,1565.149885423773,0.47157700261588464,73.74246660500879,61.30174311393763,7.120958760357183,714.7533971840741,36219.87843697275,16460.049695716716,1837.3232228282334,1484.0346423786432,13138.69183050984,2250.108105605735,14209.941590110982,13.587130659573932,4,1,0,0,2,35.73258931931693,27.146517863863387,44.31866077477048,1.0,0.7155059546211288,0.0,1.0,1,0,0.0,0.0,0.0,1.0,0.7155059546211288,0.0,0.28449404537887124,0.0,0.28449404537887124,0.7155059546211288,13,1,2024,6,3,0,0,0,2,1,0,1,GRAVE_LESIONADOS,1
3,1,20,0,4,0,-14.357244400213094,-69.78248165633721,0,4,6,1,2,2,2,2,6543.555,2.0,4,4,1.0,14,33,1198.0,0.3785017512250583,69.05085665629713,76.01037555337064,6.349098846050547,404.21063480233374,9220.653689070634,13642.312999999998,2020.7790000000005,2354.117,9267.416999999998,3314.0520000000006,10328.260999999997,24.29244952817019,4,1,0,0,3,54.11630131958796,45.657769166420636,62.57483347275528,1.0,0.0,0.0,0.0,1,0,0.0,0.8903718055965603,0.8903718055965603,0.10962819440343974,0.0,0.0,1.0,0.8903718055965603,1.0,0.8903718055965603,17,2,2021,2,11,3,0,0,2,1,0,1,GRAVE_LESIONADOS,1
6,1,22,0,4,1,-17.317528657697775,-70.26188590970516,0,4,5,1,5,2,2,5,5190.464963566405,1.7496257521490237,3,3,0.7496257521490237,12,32,942.1175186963022,0.3081794761893156,74.61466253613024,72.38488739395645,7.0111440662872075,242.86177402663225,939.7435363424554,2650.572,630.6729999999998,487.3610000000001,1532.5379999999998,1068.7019999999998,1581.87,40.31967439480987,4,1,0,0,3,35.99700601719219,35.99700601719219,35.99700601719219,1.0,0.0,0.0,1.0,1,0,0.0,0.7496257521490237,0.0,0.2503742478509763,0.0,0.2503742478509763,0.7496257521490237,0.0,0.0,0.0,9,2,2023,2,14,2,0,0,0,1,0,1,GRAVE_LESIONADOS,1
3,1,18,0,4,1,-6.777648272269545,-76.59992803698646,1,4,1,1,2,1,1,1,7758.33400008,2.0,2,0,1.0,9,20,2133.0,0.5175474832961398,74.2151018396083,51.11631059065631,7.338234820406528,976.5441947023961,8612.228604648393,5408.503314623207,861.2834059201377,913.6232148294785,3633.596693873591,1003.9191084288419,4404.584206194365,18.797010442455534,8,1,0,0,6,34.06269072646733,29.310064552169102,38.815316900765566,1.0,0.8641138498724058,0.0,0.0,1,0,0.0,0.0,1.0,0.8641138498724058,0.0,0.8641138498724058,0.1358861501275942,0.0,0.0,0.0,9,1,2021,1,23,5,0,1,1,1,0,1,GRAVE_LESIONADOS,1
3,2,10,0,4,1,-14.975121831819814,-74.99620624026143,0,4,0,0,2,1,0,0,6639.975,2.0,2,0,1.0,9,31,1616.0,0.5563774842369664,77.00938809632027,69.10246351364754,8.476961866273152,914.8835608305218,27932.19700214133,3721.461,698.1859999999996,744.866,2278.409,1102.9029999999996,2618.558,29.636290693359403,6,2,0,0,4,47.40005800238444,28.13325599682075,66.66686000794813,1.0,0.9333720015896253,0.0,0.9333720015896253,2,0,0.0,1.0,0.0,1.0,0.0,1.0,1.0,0.0,0.0,0.0,4,0,2023,1,28,5,1,1,0,1,0,1,GRAVE_LESIONADOS,1
5,2,3,0,4,1,-16.049863648704314,-71.33653056139035,0,4,0,0,2,0,1,0,1504.4250000000002,2.0,2,0,1.0,7,25,241.0,0.4680806057043495,81.8325863987802,70.45853419334517,6.031458981613012,617.547821914525,1742.466729365377,10322.272,1495.236,1749.739,7077.2970000000005,2886.595,7435.677000000001,27.964725207783708,4,2,0,0,2,36.55980078444633,32.0,41.11960156889266,1.0,0.02392031377853243,0.0,0.0,2,0,0.0,1.0,0.0,0.9760796862214676,0.0,0.9760796862214676,1.0,0.0,0.0,0.0,5,0,2023,5,4,1,0,0,0,1,0,1,GRAVE_LESIONADOS,1
3,1,12,0,4,0,-7.159839908777875,-79.439055952968,0,4,7,1,2,2,2,0,6543.555,2.9569917688704415,2,0,1.0,0,30,1463.0867199771124,0.505860561171568,78.42721093126394,60.738678621226185,6.387946550271741,845.9352408356197,24786.953020551122,8931.828000000005,1335.5899999999997,1935.9830000000004,5660.255000000005,1219.309,7712.519000000005,13.651281686122925,8,1,0,0,6,41.91398353774088,28.516098773554702,55.31186830192706,1.0,1.0,0.0,0.0,1,0,0.0,0.04300823112955854,0.9569917688704415,0.9569917688704415,0.9569917688704415,0.0,1.0,0.0,0.0,0.9569917688704415,5,0,2024,2,18,2,0,1,0,1,0,1,GRAVE_LESIONADOS,1
5,1,12,0,4,2,-7.755337198505598,-77.68074911619833,0,4,7,1,6,2,2,0,6543.555,2.0,4,4,1.0,14,33,1198.0,0.47418255913989155,72.64852092585505,43.388892466304426,6.766437404183554,885.6121702983436,9440.861977712424,8931.828000000005,1335.5899999999997,1935.9830000000004,5660.255000000005,1219.309,7712.519000000005,13.651281686122925,5,1,0,0,4,32.456071095534924,32.456071095534924,32.456071095534924,1.0,0.06043654494056405,0.0,0.0,1,0,0.0,0.939563455059436,0.0,0.06043654494056405,0.0,0.06043654494056405,0.939563455059436,0.0,0.06043654494056405,0.0,9,1,2023,10,5,5,1,0,0,1,0,1,GRAVE_LESIONADOS,1
4,1,16,0,4,1,-16.231480918288533,-72.67516001661389,0,4,3,0,2,1,0,2,892.8405190743358,1.0,1,3,0.0,9,32,207.91424778619728,0.6166377760679278,79.08968354060124,76.46969713439952,10.215771542058862,987.3879731948833,36029.60639764405,3125.2472346876807,660.5983695942988,601.5009774470102,1863.1478876463714,1083.8617109518848,2041.3855237357955,35.58422780254443,5,1,0,0,3,38.21090769401214,28.237705260825493,48.18411012719879,1.0,0.44325344147496215,0.0,0.44325344147496215,1,0,0.0,0.0,0.5567465585250378,0.44325344147496215,0.44325344147496215,0.0,0.5567465585250378,0.0,0.44325344147496215,0.0,10,2,2021,5,10,2,0,0,0,1,0,1,GRAVE_LESIONADOS,1
3,2,3,0,4,1,-16.893943744396513,-71.8088659929299,0,4,0,0,2,0,1,0,1848.2487198942708,2.0,2,0,1.0,8,30,364.69076937843425,0.640864360782852,78.66968125979044,76.97963684695826,9.047156162218315,1224.7241195829831,1095.2552251391812,10322.272,1495.236,1749.739,7077.2970000000005,2886.595,7435.677000000001,27.964725207783708,6,2,0,0,4,43.82379555530203,41.7650607404027,45.88253037020135,1.0,0.8137550617002253,0.0,0.0,2,0,0.0,0.18624493829977473,0.0,1.0,0.0,1.0,0.18624493829977473,0.0,0.8137550617002253,0.0,6,0,2024,2,4,5,0,0,0,1,0,1,GRAVE_LESIONADOS,1
3,2,11,0,4,0,-10.01755829420567,-76.81790761943456,0,3,7,1,3,2,2,2,7168.747211245121,2.0,2,1,1.0,11,26,1679.202521179319,0.5804118995520686,76.45158634537341,67.2320476758365,8.404761876014549,1061.0297655396903,27112.12313619671,7926.225173264301,1503.312313129761,1183.7017785465714,5239.211081587968,1426.3021628548397,6499.923010409461,18.194649935514768,4,2,0,0,2,27.125431625642555,22.485344897134418,31.76551835415069,1.0,0.5146551028655819,0.0,0.4853448971344181,2,0,0.0,0.0,0.0,1.0,1.0,0.4853448971344181,0.0,0.0,0.0,0.0,13,1,2021,3,27,3,0,1,1,1,0,1,GRAVE_LESIONADOS,1
6,1,7,0,4,1,-13.0718287574048,-72.40375809325272,1,4,0,0,2,1,1,2,3447.8009999999995,1.0,2,3,0.0,9,12,1109.0,0.4706944943299555,76.79406176595778,61.64424635983724,7.141255198110581,653.4175319142125,3282.6252676659524,17779.13499998999,2097.3709999899997,2863.123,12818.640999999989,2878.713,14900.421999989989,16.19152450331032,4,1,0,0,3,33.81124070099711,33.81124070099711,33.81124070099711,1.0,0.0,0.0,0.8301772429995874,1,0,0.0,0.0,0.0,0.1698227570004126,0.0,1.0,0.0,0.0,0.1698227570004126,0.0,14,2,2023,2,24,4,0,0,2,1,0,1,GRAVE_LESIONADOS,1
9,1,12,0,4,0,-8.328598166298555,-78.52806414789194,0,4,7,1,1,2,2,0,6242.800463474305,2.0,3,3,0.9506117747428903,13,32,1145.4015401011782,0.49574900003785843,77.72870055076922,47.234569816465374,6.341582863133996,917.2703789274908,44318.1005882683,8933.508088649765,1357.6577455887953,1871.8283374379432,5704.0220056230255,1268.4599642259377,7665.048124423826,14.196925795908607,6,1,0,0,5,54.357953071657576,54.259176621143354,54.45672952217179,1.0,0.04938822525710973,0.0,0.0,1,0,0.0,0.0,1.0,0.04938822525710973,0.04938822525710973,0.0,0.9506117747428903,0.0,0.04938822525710973,0.0,16,3,2022,9,16,5,0,1,0,1,0,1,GRAVE_LESIONADOS,1
7,1,16,0,4,1,-6.705915900111923,-79.20265531722659,0,4,2,1,1,2,2,1,6543.555,2.0,4,4,1.0,14,33,1198.0,0.3161395364841709,69.92015980855122,43.821672904410676,4.833652482289269,448.9871605344701,40781.04205380851,8953.404006803174,1618.9880391585773,1112.097048450948,6222.318919193648,1850.5147037424108,7102.889303060762,20.65854349134341,10,1,0,0,9,54.36574734654846,54.36574734654846,54.36574734654846,1.0,0.0,0.0,0.6342526534515374,1,0,0.0,0.0,1.0,0.0,0.0,0.0,1.0,0.0,0.6342526534515374,0.0,14,3,2022,10,9,6,1,0,0,1,0,1,GRAVE_LESIONADOS,1
3,1,13,0,4,1,-6.225290861936445,-80.04555113842027,0,4,3,1,2,1,0,0,4689.664400519298,2.646094332788183,2,0,1.0,0,26,1010.6757646180961,0.4703091457296942,74.91176543888524,59.04522375211969,6.365443427676777,742.49897987499,44335.321199143465,3459.691,515.0619999999999,689.7280000000001,2254.901,703.3549999999999,2756.336,20.329994788551925,17,2,0,0,15,33.46094332788183,27.0,39.92188665576366,1.0,0.646094332788183,0.0,0.646094332788183,2,0,0.35390566721181704,0.646094332788183,0.646094332788183,0.0,0.35390566721181704,0.0,0.646094332788183,0.35390566721181704,0.0,0.35390566721181704,9,1,2021,5,17,2,0,0,0,1,0,1,GRAVE_LESIONADOS,1