CLASE SINIESTRO,CANTIDAD DE VEHICULOS DAÑADOS,DEPARTAMENTO,ZONA,TIPO DE VÍA,RED VIAL,COORDENADAS LATITUD,COORDENADAS  LONGITUD,CONDICIÓN CLIMÁTICA,ZONIFICACIÓN,CARACTERÍSTICAS DE VÍA,PERFIL LONGITUDINAL VÍA,SUPERFICIE DE CALZADA,¿EXISTE SEÑAL VERTICAL?,¿EXISTE SEÑAL HORIZONTAL?,CAUSA FACTOR PRINCIPAL,MTC_RVN_LONGITUD_KM,MTC_RVN_N_CARRILES_MEDIANA,MTC_RVN_SUPERFICIE_DOMINANTE,MTC_RVN_ESTADO_DOMINANTE,MTC_RVN_ES_CONCESIONADA,MTC_RVN_CONCESION_PRINCIPAL,MTC_RVN_CORREDOR_LOGISTICO,MTC_RVN_N_TRAMOS,IDH_2019,IDH_ESP_VIDA_2019,IDH_EDUC_SECUND_PCT_2019,IDH_ANIOS_EDUC_2019,IDH_INGRESO_PERCAP_2019,IDH_POBLACION_2019,MTC_DEP_RED_TOTAL_KM,MTC_DEP_NACIONAL_TOTAL_KM,MTC_DEP_DEPARTAMENTAL_TOTAL_KM,MTC_DEP_VECINAL_TOTAL_KM,MTC_DEP_PAV_TOTAL_KM,MTC_DEP_NO_PAV_TOTAL_KM,MTC_DEP_PCT_PAVIMENTADA,PER_TOTAL_PERSONAS,PER_N_CONDUCTORES,PER_N_CONDUCTORES_FUGADOS,PER_N_PEATONES,PER_N_PASAJEROS_OCUPANTES,PER_EDAD_COND_PROM,PER_EDAD_COND_MIN,PER_EDAD_COND_MAX,PER_ANY_COND_MASCULINO,PER_ANY_LIC_PROBLEMA,PER_ANY_DOSAJE_POS,PER_ANY_DOSAJE_EVALUADO,VEH_TOTAL,VEH_N_FUGADOS,VEH_ANY_FUGADO,VEH_ANY_CARGA,VEH_ANY_PUBLICO,VEH_ANY_PARTICULAR,VEH_ANY_MOTO,VEH_ANY_AUTO,VEH_ANY_CAMION_BUS,VEH_ANY_SOAT_PROBLEMA,VEH_ANY_CITV_PROBLEMA,VEH_ANY_SEGURO_PROBLEMA,HORA_NUM,FRANJA_HORARIA,ANIO,MES,DIA_MES,DIA_SEMANA,ES_FIN_SEMANA,ES_QUINCENA,REGION_NATURAL,TIENE_SEÑALIZACION,ES_VIA_MULTICARRIL,ES_DEPTO_BAJO_PAVIMENTO,CATEGORIA_SEVERIDAD,CATEGORIA_SEVERIDAD_ENC
6,1,4,0,4,1,-13.45951829664077,-74.57956923949969,0,4,0,0,1,2,2,3,1510.5580567768197,0.8099766969337951,1,3,0.6033255656445984,9,27,276.12590543317066,0.2568845677812775,79.21565818572864,46.51289188045045,4.029873842198464,207.2841036314606,3174.5686835511233,12678.733000000004,1805.074000000001,1774.0339999999994,9099.625000000004,2485.375000000001,10193.358000000002,19.602707936195205,5,1,0,0,4,31.3966744343554,31.3966744343554,31.3966744343554,1.0,0.0,0.3966744343554016,1.0,1,0,0.6033255656445984,0.0,0.0,1.0,0.0,0.0,1.0,0.0,0.3966744343554016,0.6033255656445984,15,2,2022,2,22,3,0,1,2,1,0,1,GRAVE_LESIONADOS,1
3,2,10,0,4,0,-10.25116235244155,-76.80961839156892,0,3,7,1,2,2,2,2,8878.193943881626,2.0,2,1,1.0,10,32,3008.8125623225587,0.5718278763481006,76.65080829899976,67.90007694729336,8.430548498388369,1008.8328472478158,27405.017013661374,8027.240110873137,1442.655057039999,1043.7951261679668,5540.7899276651715,1295.4249781327776,6731.81513274036,16.30751166364966,7,2,0,0,5,36.65999020418662,34.0079791022648,39.31200130610845,1.0,0.0,0.0,0.31200130610845034,2,0,0.0,0.6879986938915497,0.0,0.31200130610845034,0.31200130610845034,1.0,0.6879986938915497,0.6879986938915497,0.6879986938915497,0.6879986938915497,14,1,2022,8,9,3,0,0,1,1,0,1,GRAVE_LESIONADOS,1
6,1,7,0,4,0,-12.87036361788959,-72.80015427779547,0,4,6,0,6,2,2,2,6543.555,2.0,4,4,1.0,14,33,1198.0,0.5668035443537024,77.10756968859627,78.16251231448128,9.314100813846947,842.2914122534506,30688.194673066442,17779.13499998999,2097.3709999899997,2863.123,12818.640999999989,2878.713,14900.421999989989,16.19152450331032,4,1,0,0,3,35.81158723251146,35.81158723251146,35.81158723251146,1.0,0.9098236408320604,0.0,0.0,1,0,0.0,0.09017635916793965,0.0,0.0,0.0,0.0,0.09017635916793965,0.9098236408320604,0.9098236408320604,0.0,14,3,2021,2,7,0,0,0,2,1,0,1,GRAVE_LESIONADOS,1
5,1,7,0,4,1,-14.45292767015921,-71.79056272744441,0,4,4,0,2,2,2,2,349.5205944715896,-0.611201389317511,0,0,0.0,9,28,44.25757406607313,0.4465619499352419,66.7066043198418,68.61793440260232,6.839793177345095,697.9224784810235,8573.787868915284,17779.13499998999,2097.3709999899997,2863.123,12818.640999999989,2878.713,14900.421999989989,16.19152450331032,6,1,0,0,5,23.814393516518283,23.684793979624118,23.943993053412445,0.12959953689416304,0.12959953689416304,0.0,0.0,1,0,0.0,0.12959953689416304,0.0,0.870400463105837,0.0,1.0,0.12959953689416304,0.0,0.12959953689416304,0.0,16,2,2021,8,23,5,0,0,2,1,0,1,GRAVE_LESIONADOS,1
6,1,10,0,4,1,-13.37779120952971,-76.20701599276246,0,4,7,1,2,2,2,0,6639.975,2.0,2,0,1.0,9,31,1616.0,0.5736744275518083,81.67473861808857,68.1608574885675,9.138785887908334,865.1176766860625,26660.92933618844,3721.461,698.1859999999996,744.866,2278.409,1102.9029999999996,2618.558,29.636290693359403,6,1,0,0,4,24.859450746923727,22.650609498322034,27.068291995525424,1.0,0.0,0.0,0.0,1,0,0.0,0.441768249720339,0.0,0.558231750279661,0.0,1.0,0.441768249720339,0.441768249720339,0.441768249720339,0.0,9,1,2022,6,17,1,0,0,0,1,0,1,GRAVE_LESIONADOS,1
3,1,19,0,4,1,-5.468024903856893,-80.3090223101476,0,4,4,0,3,1,1,2,7645.720169076662,2.0,3,2,1.0,12,32,2052.870745281109,0.3488651067672897,73.78481283692611,47.816501868800685,4.860771445162307,462.6750215711561,38776.396084197506,8965.846000060003,1782.4120000599992,636.9959999999999,6546.438000000004,2214.505000059999,6751.341000000004,24.699342371541725,4,1,0,0,3,40.91038861149379,26.393565292171537,55.427211930816036,1.0,0.6752010846196395,0.0,1.0,1,0,0.0,0.0,0.6752010846196395,0.32479891538036054,0.6752010846196395,0.0,0.32479891538036054,0.6752010846196395,1.0,0.6752010846196395,21,2,2022,2,21,4,0,1,0,1,0,1,GRAVE_LESIONADOS,1
6,1,4,0,4,1,-14.23051168748886,-74.51950155451019,0,3,2,0,2,1,1,3,2593.4271509821883,1.7066103244170217,2,0,0.7066103244170217,5,22,406.6293375294805,0.3076999145105625,70.85534776817686,46.68371655427932,4.536362316979391,421.8286487302041,3650.84712851297,12678.733000000004,1805.074000000001,1774.0339999999994,9099.625000000004,2485.375000000001,10193.358000000002,19.602707936195205,29,1,0,0,28,52.41322064883404,52.41322064883404,52.41322064883404,1.0,0.0,0.0,1.0,1,0,0.0,0.0,0.7066103244170217,0.0,0.0,0.0,1.0,0.0,0.29338967558297835,0.0,7,0,2023,8,18,2,0,0,2,1,0,1,GRAVE_LESIONADOS,1
3,2,21,1,2,3,-17.85353328460909,-70.4284927503368,0,2,6,1,2,0,1,2,6546.777163049462,2.0,3,3,1.0,13,32,1211.968721786715,0.6422028819251986,77.33694297533195,75.34927940455967,10.445579646052979,1141.3839023113346,17519.13722401529,2686.3589629317066,632.9291490765224,495.9663007265264,1557.4635131286573,1069.8449288369075,1616.5140340947985,39.96265713484268,4,2,0,0,2,42.30076195234553,34.10025398411518,50.50126992057589,1.0,0.03341799470505946,0.0,0.9665820052949405,2,0,0.0,0.0,0.0,1.0,0.0,1.0,0.0,0.0,0.9665820052949405,0.0,16,2,2021,6,16,3,0,1,0,1,0,1,GRAVE_LESIONADOS,1
3,2,3,0,4,1,-16.019111763879575,-71.28359375222074,0,4,0,0,2,2,2,0,1504.4250000000002,2.0,2,0,1.0,7,25,241.0,0.4685280505645348,81.83746865987648,70.74305753660312,6.037751599761188,617.4715908037651,1751.8736616702354,10322.272,1495.236,1749.739,7077.2970000000005,2886.595,7435.677000000001,27.964725207783708,5,2,0,0,3,37.44746255307589,29.552537446924113,45.342387659227654,1.0,0.0,0.0,0.8158208510252952,2,0,0.0,0.8158208510252952,0.0,1.0,0.0,1.0,1.0,0.0,0.0,0.0,15,3,2022,9,22,4,0,0,0,1,0,1,GRAVE_LESIONADOS,1
6,1,6,1,4,1,-11.138769213874395,-74.9111343784231,0,4,6,0,1,2,2,1,3925.5136946907323,1.450383213039008,2,3,0.45038321303900797,11,32,808.8713148316176,0.31205731989862673,71.80818157913478,53.4815680775852,4.459476085995532,348.4049717098161,22840.485111351012,16948.82202527028,1933.6810227573355,1995.0404333090119,13020.100569203933,2483.0306297264387,14465.791395543842,14.5521597156586,6,1,0,0,4,40.648850360882975,40.648850360882975,40.648850360882975,1.0,0.0,0.0,0.0,1,0,0.0,0.0,0.549616786960992,0.45038321303900797,0.0,0.45038321303900797,0.549616786960992,0.0,0.549616786960992,0.0,8,1,2023,7,8,6,1,0,2,1,0,1,GRAVE_LESIONADOS,1
3,1,23,0,4,0,-3.913459712279796,-80.79161821389242,6,4,1,1,3,2,2,1,6543.555,2.674867071599736,2,1,1.0,4,30,1384.9381788331268,0.5463017167935779,73.71510080741339,57.2520923918799,7.849552181274239,1042.5741037341172,5764.536434401079,1009.101,138.47399999999996,287.471,583.156,276.972,732.129,27.447401201663663,4,2,0,0,2,26.88929453340357,25.20212685440423,28.57646221240291,1.0,0.3251329284002644,0.3251329284002644,1.0,2,0,0.0,0.0,0.0,1.0,0.3251329284002644,1.0,0.0,0.3251329284002644,0.3251329284002644,0.0,17,2,2021,3,20,5,1,0,0,1,0,1,GRAVE_LESIONADOS,1
6,1,12,0,4,1,-9.483987986576299,-78.20089958323481,0,4,7,1,2,2,2,0,416.373556186201,2.0,2,0,0.5288896450022461,8,15,78.80003402510107,0.6171608493826352,79.47391633569588,67.25036302616185,8.707461758717342,1154.9777782086994,35354.024671409126,8316.78636489511,1499.4483059028335,1777.2659214012567,5040.07213759102,1499.8863096845923,6816.900055210518,18.43128974217436,5,1,0,0,4,44.3733038449124,44.3733038449124,44.3733038449124,1.0,0.0,0.0,0.4711103549977539,1,0,0.0,0.0,0.0,1.0,0.0,0.4711103549977539,0.5288896450022461,0.0,0.5288896450022461,0.0,12,1,2023,9,9,3,0,0,0,1,0,1,GRAVE_LESIONADOS,1
6,1,3,0,4,2,-13.508173705486186,-73.6375672135769,1,4,0,0,5,2,2,1,6543.555,2.0,4,4,1.0,14,33,1198.0,0.2864097537710828,73.84164981742813,56.91637900135861,4.79111774416689,271.703620958879,2692.4255761162876,8386.605299665236,1311.986194359338,1426.8689755591963,5647.750129746701,1513.688267017778,6872.917032647458,18.035542676687637,5,1,0,0,4,31.918545837729084,31.918545837729084,31.918545837729084,1.0,0.818737990454652,0.0,0.0,1,0,0.0,0.0,0.0,1.0,0.0,0.818737990454652,0.181262009545348,0.818737990454652,0.818737990454652,0.818737990454652,21,2,2021,11,21,3,0,0,2,1,0,1,GRAVE_LESIONADOS,1
3,2,20,0,4,1,-15.771481155266505,-70.03297259608541,0,4,0,1,2,2,2,2,7586.903,2.0,2,0,1.0,9,5,1198.0,0.32400085211540325,69.25790000156539,70.45196328479612,6.3887160868906285,273.7139668066633,5004.308496741635,13642.312999999998,2020.7790000000005,2354.117,9267.416999999998,3314.0520000000006,10328.260999999997,24.29244952817019,6,2,0,0,4,33.87538579229248,26.747685246245126,41.00308633833983,1.0,0.8753857922924788,0.0,0.0,2,0,0.0,0.12461420770752119,0.12461420770752119,0.8753857922924788,0.0,0.8753857922924788,1.0,0.0,0.0,0.0,20,2,2022,2,1,5,0,0,2,1,0,1,GRAVE_LESIONADOS,1
3,2,3,0,4,1,-16.05102524775422,-71.34185439926902,0,4,1,0,2,0,1,0,1504.4250000000002,2.0,2,0,1.0,7,25,241.0,0.4685280505645348,81.83746865987648,70.74305753660312,6.037751599761188,617.4715908037651,1751.8736616702354,10322.272,1495.236,1749.739,7077.2970000000005,2886.595,7435.677000000001,27.964725207783708,5,2,0,0,3,55.15491572368294,48.295463776594715,62.014367670771165,1.0,0.0,0.0,0.0,2,0,0.0,0.8576559882418273,0.0,1.0,0.0,1.0,1.0,0.0,0.0,0.0,7,1,2021,7,8,5,0,0,0,1,0,1,GRAVE_LESIONADOS,1
5,1,1,0,4,1,-9.91365090883186,-77.39370992573804,5,4,5,1,5,1,1,0,9936.932,2.0,2,0,1.0,9,32,3830.0,0.4507937764059994,71.45522935016969,69.71705484419988,7.7604516250998135,581.091616558165,3668.185438925354,10767.648,1885.0630000000003,1222.721,7659.864000000001,2100.343,8667.305000000002,19.506051832303577,5,1,0,0,4,23.125980529195203,21.024911648916458,25.22704940947395,1.0,0.102491164891646,0.0,0.0,1,0,0.0,0.0,0.102491164891646,1.0,0.102491164891646,0.0,1.0,0.0,0.102491164891646,0.102491164891646,16,2,2022,1,21,3,0,1,0,1,0,1,GRAVE_LESIONADOS,1
6,1,5,0,4,2,-6.690036668797374,-78.35735945837209,0,4,0,0,2,2,2,0,6543.555,2.0,4,4,1.0,14,33,1198.0,0.201975431400332,72.0399492050434,38.94792625652663,3.4165011159709486,163.57106444474812,9337.047976955386,15935.565011852366,1733.9250000199986,935.692,13265.948011832368,2000.1670000199988,13935.398011832369,12.551591352627522,7,1,0,0,6,27.159876254898336,27.159876254898336,27.159876254898336,1.0,1.0,0.0,1.0,1,0,0.0,0.9467079150338882,0.05329208496611182,0.0,0.9467079150338882,0.0,0.05329208496611182,0.9467079150338882,0.9467079150338882,0.9467079150338882,10,1,2024,4,6,5,1,0,2,1,0,1,GRAVE_LESIONADOS,1
4,1,5,0,4,1,-6.485664014274915,-78.78190077539857,5,4,2,1,5,1,1,0,7026.415065978967,2.0,3,2,1.0,12,27,1569.651272915157,0.39261777066980774,69.27248596845824,48.6224345569125,5.577209746412887,617.234987760762,12378.942429831135,15935.565011852366,1733.9250000199986,935.692,13265.948011832368,2000.1670000199988,13935.398011832369,12.551591352627522,5,1,0,0,3,35.26782420458905,34.472848219743796,36.062800189434306,1.0,0.3974879924226278,0.0,0.3974879924226278,1,0,0.0,0.0,0.0,1.0,0.3974879924226278,0.6025120075773722,0.0,0.0,0.3974879924226278,0.0,14,1,2021,4,9,5,1,0,2,1,0,1,GRAVE_LESIONADOS,1
3,2,20,2,2,3,-15.845377394400538,-70.0192603443525,0,0,5,0,2,0,1,2,6770.1080062718975,2.0,3,3,1.0,12,26,1198.0,0.6488901960567479,69.67312345830231,82.12448375199249,11.701623814093702,1230.336353415943,144745.3597430407,13642.312999999998,2020.7790000000005,2354.117,9267.416999999998,3314.0520000000006,10328.260999999997,24.29244952817019,11,2,0,0,9,37.21714040403767,32.69715757577397,41.73712323230137,1.0,0.0,0.0,0.0,2,0,0.0,0.0,1.0,1.0,0.21714040403767187,1.0,0.7828595959623281,0.0,0.21714040403767187,0.0,14,2,2021,9,10,4,0,0,2,1,0,1,GRAVE_LESIONADOS,1
4,1,10,0,4,1,-9.672546892403643,-76.66138056959946,0,4,4,0,5,2,2,0,1556.6864386321693,1.3736408184666984,2,1,0.3736408184666985,9,29,276.16573074493533,0.2463925200100172,78.83439083521836,30.434001765812557,4.228953017880839,224.8466713225477,3430.8382496154254,8774.748652634966,1376.6168827900985,1963.0842894858454,5435.047480359021,1466.012823209007,7308.735829425958,16.80171931418351,7,1,0,0,5,41.48368982160038,38.1209224554001,44.84645718780067,1.0,0.0,0.0,0.3736408184666985,1,0,0.0,0.3736408184666985,0.0,1.0,0.0,0.0,1.0,0.0,0.6263591815333015,0.0,14,3,2023,4,4,3,0,0,0,1,0,1,GRAVE_LESIONADOS,1
5,1,14,0,4,1,-14.580781788982934,-71.39770035535209,0,4,6,0,2,1,1,2,1735.1234034282545,2.0,1,0,0.3329120962314033,9,29,428.40494364066143,0.3308980604896144,69.66634546183143,60.37951109467627,5.757336118419827,354.988468944252,15034.712408854082,13321.525562313345,1948.9681962824059,2161.000352481799,9211.55701354914,3038.1754028312503,10283.350159482094,22.731177824002202,6,1,0,0,4,24.160137491586752,20.664560481157018,27.655714502016487,1.0,0.0,0.0,1.0,1,0,0.0,0.3329120962314033,0.0,0.6670879037685967,0.0,1.0,0.3329120962314033,0.0,1.0,0.0,12,2,2022,8,8,3,0,0,2,1,0,1,GRAVE_LESIONADOS,1
3,1,9,0,4,1,-12.144845462421634,-75.28355140870742,0,4,5,1,2,2,2,2,458.0642868375531,2.0,2,0,1.0,4,30,84.32309550080082,0.36106976952757797,71.06705684741382,58.5015791871671,6.982874780965604,372.90485502417346,4610.717203256284,12337.505836711734,1822.6960678115636,1223.2970097385992,9291.512759161571,1746.5176987351524,10590.988137976583,14.123764061420516,6,2,0,0,4,41.709999137462816,35.94307652498284,47.4769217499428,1.0,0.0,0.0,1.0,2,0,0.17615391250286005,0.0,0.0,1.0,0.0,0.0,1.0,0.0,0.0,0.17615391250286005,6,0,2022,3,13,1,0,0,2,1,0,1,GRAVE_LESIONADOS,1
7,1,13,0,4,1,-15.221391582176256,-71.22232628605606,1,4,4,0,2,1,1,3,7177.145465717047,2.0,2,1,1.0,10,15,1198.0,0.21844123360108764,72.02429879100733,53.581101815518664,4.897515056169158,136.6932566893754,16713.61580220053,13263.883017976392,1936.064457074242,2126.2990717924813,9201.519489109669,2988.6029223796913,10275.2800955967,22.450631696390307,5,1,0,0,4,36.64360002060893,36.64360002060893,36.64360002060893,0.6072666701014879,0.39273332989851206,0.0,0.0,1,0,0.0,0.0,0.6072666701014879,0.39273332989851206,0.0,0.39273332989851206,0.6072666701014879,0.0,0.0,0.0,7,0,2023,2,14,2,0,0,2,1,0,1,GRAVE_LESIONADOS,1
4,8,7,0,4,0,-13.60013998960653,-71.96227872021417,1,4,3,0,2,1,1,2,6543.555,2.0,4,4,1.0,14,33,1198.0,0.6348954939297919,77.6245715059073,78.73535107148551,10.276562257168177,1084.1455565765216,94654.62312633834,17779.13499998999,2097.3709999899997,2863.123,12818.640999999989,2878.713,14900.421999989989,16.19152450331032,13,1,0,0,12,33.23831208025432,32.52337583949137,33.953248321017256,1.0,0.0,0.0,1.0,1,0,0.0,0.0,0.4766241605086289,1.0,0.0,0.0,1.0,0.0,0.4766241605086289,0.0,16,2,2023,9,18,1,0,0,2,1,0,1,GRAVE_LESIONADOS,1
3,1,7,0,4,1,-14.304520325092072,-71.21089274647883,0,4,7,1,2,1,1,2,7446.782398939265,2.0,2,0,1.0,9,8,1198.0,0.2322724811300026,64.7538247313315,53.568300806710326,5.100236697751989,169.41876637387165,5388.171548113383,17779.13499998999,2097.3709999899997,2863.123,12818.640999999989,2878.713,14900.421999989989,16.19152450331032,5,1,0,0,3,34.28308313049194,23.02897023027989,45.53719603070399,1.0,0.0,0.0,0.8657009923240037,1,0,0.0,0.8657009923240037,0.0,1.0,0.0,0.8657009923240037,1.0,0.13429900767599634,0.13429900767599634,0.13429900767599634,18,2,2023,1,3,0,0,0,2,1,0,1,GRAVE_LESIONADOS,1
3,1,4,0,4,1,-13.302950711481936,-74.5548806770044,0,4,5,0,2,0,1,2,1631.9759644713497,2.0,2,2,1.0,8,24,306.0093174650237,0.19833594452116335,69.91934357262362,41.03708514214492,3.380031987002612,168.05300472447644,15761.100798057078,12665.433597079302,1805.760823926512,1752.568905995646,9107.103867157142,2456.577875950052,10208.855721129248,19.38916490677059,6,2,0,0,4,34.90136975602573,24.16054790241029,45.642191609641166,1.0,0.0,0.0,1.0,2,0,0.0,0.9678904195179417,0.03210958048205825,0.03210958048205825,0.0,0.9678904195179417,1.0,0.0,0.9678904195179417,0.03210958048205825,6,1,2024,3,10,3,0,0,2,1,0,1,GRAVE_LESIONADOS,1
6,1,12,0,4,2,-7.8719503385706,-78.10750135580956,0,4,7,1,3,2,2,1,6543.555,2.0,4,4,1.0,14,33,1198.0,0.3343946829134383,75.51893549113367,34.93315758905776,5.035110300295082,474.4241960121343,13238.931396104583,8931.828000000005,1335.5899999999997,1935.9830000000004,5660.255000000005,1219.309,7712.519000000005,13.651281686122925,6,1,0,0,5,32.01415098577177,29.438679275551262,33.94575476843715,0.35613207244487366,0.0,0.0,0.0,1,0,0.0,0.0,0.6438679275551263,0.35613207244487366,0.6438679275551263,0.0,0.35613207244487366,0.6438679275551263,0.0,0.6438679275551263,18,2,2024,4,20,4,0,1,0,1,0,1,GRAVE_LESIONADOS,1
6,1,4,0,4,1,-13.590940266128722,-73.93289877886134,0,4,0,0,2,2,2,2,1580.9532582768818,0.5258977570231222,1,0,0.0,9,32,284.13950130901736,0.2196673030272586,72.5936953740404,47.01294969941204,4.173841851696622,153.37479605135854,2456.319748997529,12678.733000000004,1805.074000000001,1774.0339999999994,9099.625000000004,2485.375000000001,10193.358000000002,19.602707936195205,11,1,0,0,10,32.0,32.0,32.0,1.0,0.0,0.23705112148843888,1.0,1,0,0.0,0.0,0.0,0.23705112148843888,0.7629488785115611,0.0,0.23705112148843888,0.7629488785115611,1.0,0.7629488785115611,18,2,2023,9,12,2,0,0,2,1,0,1,GRAVE_LESIONADOS,1
3,1,12,0,4,1,-7.889162943197063,-79.12571958513772,0,4,7,1,2,2,2,1,6543.555,3.0,2,0,1.0,0,30,1475.0,0.5721567587688113,77.67102283812494,66.21373667954742,8.464777379360486,978.4498488219192,15563.077087794432,8931.828000000005,1335.5899999999997,1935.9830000000004,5660.255000000005,1219.309,7712.519000000005,13.651281686122925,12,1,0,0,10,46.05050152998368,44.911271676201224,47.189731383766144,1.0,0.0,0.0,0.0,1,0,0.0,0.759486569188307,1.0,0.0,0.0,0.0,1.0,0.0,0.0,0.0,8,1,2023,5,3,0,0,0,0,1,1,1,GRAVE_LESIONADOS,1
3,1,14,2,2,4,-11.950591844613717,-77.07919272894902,0,1,6,1,1,2,2,0,6543.555,2.0,4,4,1.0,14,33,1198.0,0.7476168744653475,80.36341026042417,78.51596384052863,11.143722655146169,1589.932262828589,366233.21604512027,7626.313,1683.4029999999998,1599.0829999999996,4343.827000000001,1814.875,5811.438000000001,23.797541485643197,6,2,0,0,4,42.34807252288512,42.06325744062393,42.6328876051463,1.0,0.0,0.0,0.0,2,0,0.0,0.0,1.0,1.0,0.1139260329044749,1.0,0.8860739670955251,0.1139260329044749,1.0,0.1139260329044749,13,2,2022,6,21,1,0,1,0,1,0,1,GRAVE_LESIONADOS,1
5,1,3,1,4,0,-16.34025628069189,-72.17354768916876,0,1,7,1,0,2,2,0,6569.68156651638,2.0,3,2,1.0,12,32,1311.2638954972715,0.6527344793397085,79.62128342438916,71.45126803809434,10.014362679476289,1212.2539709201474,4673.102602840204,10322.272,1495.236,1749.739,7077.2970000000005,2886.595,7435.677000000001,27.964725207783708,4,1,0,0,2,40.54193251434101,40.54193251434101,40.54193251434101,0.27096625717050593,0.0,0.0,0.0,1,0,0.27096625717050593,0.0,0.0,0.27096625717050593,0.0,0.27096625717050593,0.7290337428294941,0.0,0.0,0.0,9,2,2023,7,22,5,1,1,0,1,0,1,GRAVE_LESIONADOS,1
5,1,5,0,4,1,-7.00927267693552,-78.8004083843644,0,4,7,1,1,1,1,2,6631.249821127449,2.0,3,3,1.0,13,32,1265.4975923594038,0.3441697136068651,66.34966471429574,47.23561635523148,5.413426180994753,461.334651887477,12004.901910378434,15935.565011852366,1733.9250000199986,935.692,13265.948011832368,2000.1670000199988,13935.398011832369,12.551591352627522,12,1,0,0,11,29.20591067812466,29.06153080142005,29.350290554829265,1.0,1.0,0.0,1.0,1,0,0.0,0.0,0.9278100616476963,0.0721899383523037,0.0721899383523037,0.0,0.9278100616476963,0.0,0.0721899383523037,0.0,18,1,2023,10,28,5,1,0,2,1,0,1,GRAVE_LESIONADOS,1
5,1,15,0,3,1,-15.040234916242774,-70.65663059997885,0,3,0,1,2,0,1,2,7239.826401890073,2.0,2,1,1.0,10,14,1198.0,0.6594484116749049,72.28160181856852,82.30262052508813,11.48299407229319,1235.3930281930984,140252.9769647931,15018.454140580929,2046.2578342901554,2523.4412052484327,10448.75510104234,3169.2336084905733,11849.220532090354,21.597623353996337,4,1,0,0,3,31.486803696507383,27.661252798567133,35.31235459444763,1.0,0.33265659982089146,0.0,0.0,1,0,0.0,0.0,0.0,0.33265659982089146,0.0,0.33265659982089146,1.0,0.0,1.0,0.0,10,1,2021,5,16,2,0,0,2,1,0,1,GRAVE_LESIONADOS,1
4,1,7,0,4,0,-12.303851611517157,-74.98048959111733,0,4,7,1,2,1,1,2,6543.555,2.0,4,4,1.0,14,33,1198.0,0.5512548914967267,78.71356473620715,60.39053991236813,8.38115836950419,927.9621289373982,13780.201845900088,9631.512514265685,1415.9253705467167,1842.2632653865257,6373.323878332442,2058.303015618013,7573.209498647672,20.853941252364,4,1,0,0,2,30.961486998981485,26.961486998981485,34.46469641573303,0.5032094167515431,0.0,0.0,0.5032094167515431,1,0,0.0,0.5032094167515431,0.49679058324845693,0.5032094167515431,0.49679058324845693,0.5032094167515431,0.5032094167515431,0.49679058324845693,0.0,0.49679058324845693,19,2,2022,2,18,4,0,1,0,1,0,1,GRAVE_LESIONADOS,1
3,2,13,0,4,1,-6.642832949607133,-79.835341511055,0,4,7,1,2,2,2,0,1297.8180256626422,1.9577610101513279,1,0,1.0,1,19,162.97184067343423,0.4552142636939903,76.63728877840435,57.85786819244666,6.840662393179707,632.9825986365785,18762.167520964413,3518.3556347870845,531.5118478795956,702.5314122046132,2284.3123747028753,719.0048273321986,2799.350807454886,20.37881667846467,5,2,0,0,3,41.204155117601914,32.22527461252625,50.18303562267758,1.0,0.9859203367171093,0.0,0.014079663282890675,2,0,0.0,0.0,0.9859203367171093,1.0,0.9859203367171093,0.014079663282890675,0.0,0.9859203367171093,0.9859203367171093,0.9859203367171093,18,1,2022,3,24,5,1,0,0,1,0,1,GRAVE_LESIONADOS,1
5,1,11,0,4,1,-7.878803155453996,-77.74485126084734,0,4,0,1,1,1,1,0,1690.2473478913266,1.0069575873032912,1,2,0.006957587303291213,9,32,287.73750425414886,0.1526744692503868,78.90512507536505,33.86331440821557,2.2003426091267753,143.5653169095383,18561.14903066663,8941.502135520343,1336.700750982621,1934.6871911102862,5670.114193427435,1230.9092879045552,7710.592847615787,13.750868719035608,8,1,0,0,7,54.88867860314734,54.83301790472101,54.94433930157367,1.0,1.0,0.0,0.006957587303291213,1,0,0.0,0.9930424126967088,0.0,0.006957587303291213,0.006957587303291213,0.006957587303291213,0.9930424126967088,0.006957587303291213,1.0,0.006957587303291213,2,0,2021,6,3,3,0,0,0,1,0,1,GRAVE_LESIONADOS,1