CLASE SINIESTRO,CANTIDAD DE VEHICULOS DAÑADOS,DEPARTAMENTO,ZONA,TIPO DE VÍA,RED VIAL,COORDENADAS LATITUD,COORDENADAS  LONGITUD,CONDICIÓN CLIMÁTICA,ZONIFICACIÓN,CARACTERÍSTICAS DE VÍA,PERFIL LONGITUDINAL VÍA,SUPERFICIE DE CALZADA,¿EXISTE SEÑAL VERTICAL?,¿EXISTE SEÑAL HORIZONTAL?,CAUSA FACTOR PRINCIPAL,MTC_RVN_LONGITUD_KM,MTC_RVN_N_CARRILES_MEDIANA,MTC_RVN_SUPERFICIE_DOMINANTE,MTC_RVN_ESTADO_DOMINANTE,MTC_RVN_ES_CONCESIONADA,MTC_RVN_CONCESION_PRINCIPAL,MTC_RVN_CORREDOR_LOGISTICO,MTC_RVN_N_TRAMOS,IDH_2019,IDH_ESP_VIDA_2019,IDH_EDUC_SECUND_PCT_2019,IDH_ANIOS_EDUC_2019,IDH_INGRESO_PERCAP_2019,IDH_POBLACION_2019,MTC_DEP_RED_TOTAL_KM,MTC_DEP_NACIONAL_TOTAL_KM,MTC_DEP_DEPARTAMENTAL_TOTAL_KM,MTC_DEP_VECINAL_TOTAL_KM,MTC_DEP_PAV_TOTAL_KM,MTC_DEP_NO_PAV_TOTAL_KM,MTC_DEP_PCT_PAVIMENTADA,PER_TOTAL_PERSONAS,PER_N_CONDUCTORES,PER_N_CONDUCTORES_FUGADOS,PER_N_PEATONES,PER_N_PASAJEROS_OCUPANTES,PER_EDAD_COND_PROM,PER_EDAD_COND_MIN,PER_EDAD_COND_MAX,PER_ANY_COND_MASCULINO,PER_ANY_LIC_PROBLEMA,PER_ANY_DOSAJE_POS,PER_ANY_DOSAJE_EVALUADO,VEH_TOTAL,VEH_N_FUGADOS,VEH_ANY_FUGADO,VEH_ANY_CARGA,VEH_ANY_PUBLICO,VEH_ANY_PARTICULAR,VEH_ANY_MOTO,VEH_ANY_AUTO,VEH_ANY_CAMION_BUS,VEH_ANY_SOAT_PROBLEMA,VEH_ANY_CITV_PROBLEMA,VEH_ANY_SEGURO_PROBLEMA,HORA_NUM,FRANJA_HORARIA,ANIO,MES,DIA_MES,DIA_SEMANA,ES_FIN_SEMANA,ES_QUINCENA,REGION_NATURAL,TIENE_SEÑALIZACION,ES_VIA_MULTICARRIL,ES_DEPTO_BAJO_PAVIMENTO,CATEGORIA_SEVERIDAD,CATEGORIA_SEVERIDAD_ENC
3,2,5,0,4,1,-6.216642200728871,-78.91587767595796,1,4,1,0,2,1,1,4,9936.932,2.0,2,0,1.0,9,32,3830.0,0.28435952498385425,80.91423027878432,35.99800689716308,3.8457211239685476,311.0588719287809,6013.2741509905645,15935.565011852366,1733.9250000199986,935.692,13265.948011832368,2000.1670000199988,13935.398011832369,12.551591352627522,5,2,0,0,3,43.8996834488712,31.51974675909696,58.2006331022576,1.0,0.2401266204515199,0.0,1.0,2,0,0.0,1.0,0.0,0.2401266204515199,0.0,0.2401266204515199,1.0,0.0,0.7598733795484801,0.0,6,1,2022,9,7,4,0,0,2,1,0,1,GRAVE_LESIONADOS,1
5,1,12,0,4,1,-7.958650265470923,-78.19165069667007,0,4,7,1,1,2,2,1,9594.855175793762,2.100807197139085,2,0,1.0,8,31,3592.599050737454,0.40941927083638613,73.39746203629926,57.93522548061406,5.717614653931269,565.332092923326,69367.53600941971,8931.828000000005,1335.5899999999997,1935.9830000000004,5660.255000000005,1219.309,7712.519000000005,13.651281686122925,5,1,0,0,4,47.352825189986795,45.79031363433098,48.91533674564262,1.0,0.10080719713908526,0.0,0.0,1,0,0.0,0.10080719713908526,0.10080719713908526,0.8991928028609147,0.10080719713908526,0.0,1.0,0.0,0.10080719713908526,0.10080719713908526,15,2,2024,9,24,4,0,0,0,1,0,1,GRAVE_LESIONADOS,1
3,1,5,0,4,1,-9.159490912561074,-77.27549213916345,5,4,6,0,1,0,0,2,751.0242203509616,1.2193658961927392,1,0,0.7397886320642464,8,20,124.29505858358107,0.5331272943543066,71.10939384375523,66.65370885980906,7.596295928101052,971.6268107915598,7818.483978774635,16415.28288035096,1828.4977808429705,1437.2314571117777,13149.553642396211,2228.7746564692798,14186.50822388168,13.49874333696139,6,1,0,0,4,29.397886320642463,22.0,36.79577264128493,0.7397886320642464,0.0,0.7397886320642464,0.7397886320642464,1,0,0.0,0.0,0.0,1.0,0.0,1.0,0.0,0.0,0.0,0.0,12,1,2021,9,28,3,0,1,2,0,0,1,GRAVE_LESIONADOS,1
4,1,14,0,4,1,-5.9593825300058825,-79.32023694043265,0,3,7,1,2,2,2,0,2447.667644273269,2.0,2,0,1.0,2,20,511.77529022094285,0.4718435369449042,74.65080664319215,58.15489592801434,6.351250976262559,761.0517212557246,44904.924069149696,3846.609382810613,568.1774669646425,738.5158206731905,2539.9160951727804,758.247450511824,3088.361932298789,19.908959112006258,5,2,0,0,3,26.380348469150608,25.406610349244424,27.354086589056795,1.0,0.1770432945283974,0.0,0.0,2,0,0.8229567054716026,0.0,0.1770432945283974,0.1770432945283974,1.0,0.0,0.0,1.0,0.1770432945283974,1.0,13,2,2021,9,24,1,0,0,0,1,0,1,GRAVE_LESIONADOS,1
3,1,12,0,4,1,-7.980809593015143,-78.23876917191241,0,4,7,1,2,2,2,0,9936.932,2.0,2,0,1.0,9,32,3830.0,0.4320883936567258,76.718936301794,43.003289188979466,6.269065613037991,662.0777072841523,13167.552462526766,8931.828000000005,1335.5899999999997,1935.9830000000004,5660.255000000005,1219.309,7712.519000000005,13.651281686122925,9,1,0,0,7,35.88502033532175,32.48484042225702,39.28520024838648,1.0,0.0,0.0,0.0,1,0,0.0,0.9714799751613518,0.02852002483864824,0.0,0.0,0.0,1.0,0.0,0.0,0.0,10,1,2023,7,19,4,0,1,0,1,0,1,GRAVE_LESIONADOS,1
5,1,14,0,4,1,-10.867952209050674,-76.96811606502926,0,4,6,0,2,1,0,2,1422.177,2.0,2,0,0.0,9,19,698.0,0.3253065781446056,78.27843824249192,70.19596712876466,3.6594823677580863,390.648010016382,1533.2459369256273,7626.313,1683.4029999999998,1599.0829999999996,4343.827000000001,1814.875,5811.438000000001,23.797541485643197,4,1,0,0,3,48.1813917071879,46.63956219609074,49.72322121828506,1.0,0.0,0.0,0.0906958535939506,1,0,0.0,0.0,0.0906958535939506,0.9093041464060494,0.0,0.9093041464060494,0.0906958535939506,0.0,0.0,0.0,14,3,2021,8,13,4,0,0,0,1,0,1,GRAVE_LESIONADOS,1
5,1,14,2,4,1,-12.010670022387663,-76.87339865776855,0,0,0,1,2,2,2,0,875.67,2.0,2,0,1.0,3,14,156.0,0.6868549636939637,79.62363164345142,76.30894566128948,9.209137883551294,1425.4498631666322,684921.8484148846,7626.313,1683.4029999999998,1599.0829999999996,4343.827000000001,1814.875,5811.438000000001,23.797541485643197,6,2,0,0,4,53.75330605833325,52.736859795555475,54.769752321111035,1.0,0.008223131388891525,0.0,0.0,2,0,0.0,0.008223131388891525,0.008223131388891525,0.9917768686111085,0.0,0.9917768686111085,0.008223131388891525,0.0,0.0,0.0,7,1,2023,7,26,5,0,1,0,1,0,1,GRAVE_LESIONADOS,1
3,1,12,0,4,0,-8.608685701042425,-78.85447765751903,0,4,5,1,2,1,1,1,6543.555,2.2639178556629145,3,2,1.0,10,32,1271.1052460186274,0.6200320458350348,79.60439959586714,72.18291535951579,9.193055984959594,1088.608961474387,19795.37445282304,8587.279280664234,1427.384061131685,1847.0690744271642,5312.826145105384,1376.4895016257394,7210.789779038494,16.329060815411147,15,1,0,0,13,44.43093212361789,40.75052140193246,48.11134284530332,1.0,0.0,0.0,0.0,1,0,0.0,0.7360821443370854,0.2639178556629146,0.0,0.0,0.7360821443370854,1.0,0.0,0.7360821443370854,0.0,12,3,2022,2,18,3,0,1,0,1,0,1,GRAVE_LESIONADOS,1
6,1,1,0,4,0,-9.166050379855397,-77.4624362047186,1,4,4,0,2,1,0,0,6543.555,2.0,4,4,1.0,14,33,1198.0,0.2525669228390437,83.3300021432205,51.35220621031189,3.6973635343197193,195.3981599686216,2778.2367316671493,10767.648,1885.0630000000003,1222.721,7659.864000000001,2100.343,8667.305000000002,19.506051832303577,7,1,0,0,6,36.39140845232193,36.39140845232193,36.39140845232193,1.0,0.0,0.0,0.0,1,0,0.0,0.15214788691951653,0.0,0.8478521130804835,0.0,0.0,1.0,0.0,0.0,0.0,16,1,2023,1,12,6,1,0,0,1,0,1,GRAVE_LESIONADOS,1
0,1,14,2,2,3,-11.545183318431459,-77.06244256599163,0,0,1,1,2,1,1,1,6650.17661202397,2.0,3,3,1.0,13,31,1280.0653034303741,0.8105274317078403,79.85090181854738,80.05075900420715,12.139115056028121,1932.876684725289,46408.81276066549,7452.424345824302,1607.1896109820464,1543.4554509790162,4301.7792838632395,1744.5297629143975,5707.894582909905,23.284462394735307,10,2,0,0,7,54.0596923369866,51.7524960139852,56.366888659988,1.0,0.0877703780004,0.0,0.0,2,0,0.0,0.0,1.0,1.0,0.0877703780004,0.0,0.9122296219996,1.0,1.0,1.0,11,2,2023,1,23,2,0,0,0,1,0,1,GRAVE_LESIONADOS,1
4,1,5,0,4,1,-7.12712144507951,-78.47943278980206,0,4,7,1,2,2,2,2,9936.932,2.0,2,0,1.0,9,32,3830.0,0.3589446065402588,77.01206545386637,56.48399171233712,4.761559546835699,418.70692280332014,5447.1379710462925,15935.565011852366,1733.9250000199986,935.692,13265.948011832368,2000.1670000199988,13935.398011832369,12.551591352627522,4,1,0,0,3,59.42710255015726,59.42710255015726,59.42710255015726,1.0,0.0,0.0,1.0,1,0,0.0,0.0,0.10720406041011421,0.8927959395898858,0.8927959395898858,0.0,0.10720406041011421,0.0,0.0,0.0,9,1,2021,10,7,3,0,0,2,1,0,1,GRAVE_LESIONADOS,1
6,1,14,2,2,2,-11.956849182588721,-76.99276331843423,0,0,4,1,2,2,2,0,4581.9064989891185,2.0,3,2,1.0,10,26,837.3649945167662,0.7097661788721467,79.92872627773463,77.38738765765504,10.361606249420785,1446.9440813065123,583618.4981734013,7626.313,1683.4029999999998,1599.0829999999996,4343.827000000001,1814.875,5811.438000000001,23.797541485643197,7,1,0,0,5,35.69076790166079,35.344669048030056,36.03686675529154,1.0,0.0,0.0,0.0,1,0,0.0,0.0,0.0,1.0,0.0,0.34609885363074266,0.6539011463692573,0.0,0.0,0.0,15,1,2023,9,27,2,0,1,0,1,0,1,GRAVE_LESIONADOS,1
6,1,5,0,4,2,-6.84726575511994,-78.4239658933159,2,4,0,0,2,2,2,0,6543.555,2.0,4,4,1.0,14,33,1198.0,0.2454903737018687,73.05140609076999,44.440896803036686,3.7385114178806944,236.7376858322589,8952.516228605018,15935.565011852366,1733.9250000199986,935.692,13265.948011832368,2000.1670000199988,13935.398011832369,12.551591352627522,6,1,0,0,5,30.277658501993947,28.96659510119637,31.260956052592135,0.6722341498006051,0.6722341498006051,0.0,0.6722341498006051,1,0,0.0,0.6722341498006051,0.32776585019939486,0.0,0.6722341498006051,0.32776585019939486,0.0,0.6722341498006051,1.0,0.6722341498006051,10,1,2024,4,6,3,0,0,2,1,0,1,GRAVE_LESIONADOS,1
3,2,3,0,4,1,-16.019115877199734,-71.28354641327088,0,4,0,0,2,2,2,0,1504.4250000000002,2.0,2,0,1.0,7,25,241.0,0.4685280505645348,81.83746865987648,70.74305753660312,6.037751599761188,617.4715908037651,1751.8736616702354,10322.272,1495.236,1749.739,7077.2970000000005,2886.595,7435.677000000001,27.964725207783708,5,2,0,0,3,37.98398257409094,29.016017425909066,46.951947722272806,1.0,0.0,0.0,0.9946608580303115,2,0,0.0,0.9946608580303115,0.0,1.0,0.0,1.0,1.0,0.0,0.0,0.0,15,3,2022,10,24,4,0,0,0,1,0,1,GRAVE_LESIONADOS,1
6,1,1,0,4,1,-9.944567071535,-77.0952105838689,0,4,6,0,2,2,2,0,9936.932,2.0,2,0,1.0,9,32,3830.0,0.4354207710804621,71.4695861810413,43.938578614592174,6.203108087119572,748.1108443565229,1995.3911318581643,10767.648,1885.0630000000003,1222.721,7659.864000000001,2100.343,8667.305000000002,19.506051832303577,10,1,0,0,9,40.68230288838564,40.68230288838564,40.68230288838564,1.0,0.0,0.0,0.984871566113602,1,0,0.0,0.0,0.984871566113602,0.015128433886397952,0.0,0.984871566113602,0.015128433886397952,0.0,0.984871566113602,0.0,13,3,2021,9,30,5,0,1,0,1,0,1,GRAVE_LESIONADOS,1
3,2,11,0,3,1,-14.041454935704786,-75.41773977993121,0,3,7,1,2,1,1,0,6628.19561963678,2.0,2,0,1.0,9,31,1564.9340282946905,0.5837636357949427,80.09417166354115,70.69182369422174,9.110436172834728,923.2259723593575,13093.983824451396,3590.6332790107,689.9381125652136,713.4072845837901,2187.2878818616964,1098.724752874896,2491.908526135804,30.941451865166187,9,2,0,0,7,51.217242337546054,46.2896564500614,56.1448282250307,1.0,0.0,0.0,1.0,2,0,0.0,0.0,0.0,1.0,0.0,1.0,0.8778326035758144,0.0,0.12216739642418561,0.0,22,2,2022,9,21,5,0,1,0,1,0,1,GRAVE_LESIONADOS,1
6,1,14,2,2,4,-11.932916017493127,-77.04958408163225,0,0,6,1,2,2,2,0,6543.555,2.0,4,4,1.0,14,33,1198.0,0.7197067468254873,80.04179587957009,77.45351966553832,10.876421266872056,1458.9889925480238,595064.346631068,7626.313,1683.4029999999998,1599.0829999999996,4343.827000000001,1814.875,5811.438000000001,23.797541485643197,8,1,0,1,6,27.46851283977871,27.46851283977871,27.46851283977871,1.0,0.0,0.0,0.0,1,0,0.0,0.0,0.10489377426990798,0.895106225730092,0.0,0.0,1.0,0.10489377426990798,0.10489377426990798,0.10489377426990798,18,1,2023,10,26,0,0,1,0,1,0,1,GRAVE_LESIONADOS,1
4,1,14,2,4,1,-12.230431759538176,-76.89137642049701,4,1,7,1,2,2,2,0,6639.975,2.0,2,0,1.0,9,31,1616.0,0.7361394345549224,79.17447090093313,73.62837537859724,11.124568659127073,1610.0767182782884,99546.43705368489,7626.313,1683.4029999999998,1599.0829999999996,4343.827000000001,1814.875,5811.438000000001,23.797541485643197,16,1,0,0,14,44.29622268525436,40.207157129864825,48.385288240643895,1.0,0.0,0.0,0.0,1,0,0.0,0.0,0.34075546294912806,0.0,0.0,0.0,1.0,0.0,1.0,0.0,9,1,2022,9,20,3,0,0,0,1,0,1,GRAVE_LESIONADOS,1
1,1,13,1,2,2,-10.113665760664254,-78.13076604224416,0,1,1,1,2,1,0,1,6543.555,2.3447869286545364,3,2,1.0,9,31,1293.5059792373065,0.714126110522705,78.55224464340408,74.44957231132567,10.517462951202898,1590.8869263777215,45621.7920784936,6189.716197755578,1280.57429498883,1285.5492824933538,3623.5926202733945,1431.6374330619096,4758.078764693669,22.601976709986914,15,2,0,0,12,50.10426142690927,45.34596599767298,54.86255685614556,1.0,0.34478692865453653,0.0,0.34478692865453653,2,0,0.0,0.34478692865453653,1.0,0.6552130713454635,0.0,0.0,1.0,0.6552130713454635,0.6552130713454635,0.6552130713454635,10,2,2022,1,20,2,0,0,0,1,0,1,GRAVE_LESIONADOS,1
6,1,3,0,4,0,-16.47872808443666,-72.84027535957135,0,3,7,1,1,0,1,0,6629.720602745305,2.0,2,0,1.0,9,31,1571.545135319821,0.622443341130361,82.15467263328236,67.76602064088924,8.879045821351601,1110.5219515793037,4506.944439549355,10322.272,1495.236,1749.739,7077.2970000000005,2886.595,7435.677000000001,27.964725207783708,4,1,0,0,2,37.31905405272856,33.744459456366634,40.0,0.8936486490904808,0.0,0.0,0.8936486490904808,1,0,0.0,0.0,0.0,0.8936486490904808,0.0,0.8936486490904808,0.1063513509095192,0.0,0.0,0.0,7,1,2021,3,10,2,0,0,0,1,0,1,GRAVE_LESIONADOS,1
6,1,4,0,4,1,-13.514079181077083,-74.1069128796409,0,4,0,0,2,2,2,2,1681.7933417349527,1.2915169281511925,1,0,0.29151692815119234,9,29,307.9151692815119,0.22350963990556488,72.4499471039194,44.52245483804474,4.188513468847714,164.89302250197332,2947.167988496853,12678.733000000004,1805.074000000001,1774.0339999999994,9099.625000000004,2485.375000000001,10193.358000000002,19.602707936195205,10,1,0,0,9,31.708483071848807,31.708483071848807,31.708483071848807,1.0,0.0,0.0,1.0,1,0,0.29151692815119234,0.0,0.0,0.29151692815119234,0.7084830718488077,0.0,0.29151692815119234,0.7084830718488077,0.7084830718488077,1.0,16,2,2022,8,12,3,0,0,2,1,0,1,GRAVE_LESIONADOS,1
4,1,16,0,4,1,-16.255215736035666,-72.6426897172014,0,4,3,0,2,1,0,2,896.1569909828314,1.0,1,3,0.0,9,32,207.4847688793614,0.616457700342885,79.0712615291166,76.45713893334404,10.213507493867224,987.084193926945,36008.43812264842,3118.8593980618116,660.1956555743376,599.9649640316661,1858.6987784558078,1083.657702506153,2035.2016955556583,35.647954024119535,5,1,0,0,3,38.154240338249075,28.315250063448637,47.993230613049505,1.0,0.43728845665779714,0.0,0.43728845665779714,1,0,0.0,0.0,0.5627115433422029,0.43728845665779714,0.43728845665779714,0.0,0.5627115433422029,0.0,0.43728845665779714,0.0,10,2,2021,5,10,2,0,0,0,1,0,1,GRAVE_LESIONADOS,1
3,1,5,0,4,1,-13.529760311788653,-74.06294148546343,0,4,5,0,2,1,1,2,1687.8881021024897,2.0,1,2,0.9002690276561176,9,24,331.95426529846003,0.20764350583149194,69.824670506382,42.851369732239206,3.551711933686338,175.1372968969275,15530.698997037947,12774.831770331122,1826.586469389438,1831.8862416301558,9116.359059311528,2568.0197629690124,10206.812007362108,20.070420425204418,6,1,0,0,4,32.95416992866982,23.501345138280588,42.40699471905906,1.0,0.0,0.0,1.0,1,0,0.0,0.9002690276561176,0.0,0.0997309723438824,0.0,1.0,0.9002690276561176,0.0,1.0,0.0,6,1,2023,4,10,3,0,0,2,1,0,1,GRAVE_LESIONADOS,1
3,1,7,0,4,1,-13.732106752259952,-71.60166897635585,0,4,7,1,2,1,1,1,3147.8074988958942,1.92195563013275,1,0,0.9219556301327502,5,19,560.068627890089,0.46323906795254544,65.563238283834,72.6305812786607,7.2378814098276285,722.3669112794394,8070.205515081838,17779.13499998999,2097.3709999899997,2863.123,12818.640999999989,2878.713,14900.421999989989,16.19152450331032,7,1,0,0,5,34.9073788218585,34.9073788218585,34.9073788218585,1.0,0.0,0.0,0.9219556301327502,1,0,0.0,0.0,0.0,1.0,0.0,0.9219556301327502,1.0,0.0,0.9219556301327502,0.0,17,1,2024,4,25,5,0,0,2,1,0,1,GRAVE_LESIONADOS,1
3,1,19,0,4,0,-3.962058109997032,-80.1118431710302,5,4,5,1,6,2,2,0,6543.555,2.0,4,4,1.0,14,33,1198.0,0.5167836406297808,75.04723999434957,58.89583158797961,7.84814674379008,870.9141628116516,4016.8006928812424,1416.579530948745,281.58786358173074,329.35682739845123,805.634839968563,370.81226178898845,1045.7672691597568,26.986252603062148,4,1,0,0,2,34.73306588005908,34.73306588005908,34.73306588005908,1.0,0.8592295422287867,0.8592295422287867,0.8592295422287867,1,0,0.0,0.0,0.14077045777121333,0.8592295422287867,0.8592295422287867,0.8592295422287867,0.14077045777121333,0.8592295422287867,0.8592295422287867,0.0,18,1,2021,8,8,6,1,0,0,1,0,1,GRAVE_LESIONADOS,1
0,1,3,0,6,3,-16.217255818332184,-72.82502371605727,0,4,1,0,5,1,1,0,6565.239550008526,2.0,3,3,1.0,12,32,1292.0068647953103,0.5468531927935741,81.85503933810473,67.37158185385294,8.70745043894099,798.5440694129265,7986.879677981331,10322.272,1495.236,1749.739,7077.2970000000005,2886.595,7435.677000000001,27.964725207783708,14,1,0,0,12,32.2971105604514,29.598348891686516,34.99587222921629,1.0,0.0,0.0,0.22489680573040727,1,0,0.0,1.0,0.22489680573040727,0.0,0.0,0.0,1.0,0.0,0.7751031942695927,0.0,8,0,2021,1,19,1,0,1,0,1,0,1,GRAVE_LESIONADOS,1
1,2,5,0,4,1,-5.716052928865017,-78.76716768226703,0,2,7,0,2,0,1,2,7758.33400008,2.0,2,0,1.0,9,20,2133.0,0.5803239946829384,74.49544278598792,68.33065356443184,8.733179344969395,1046.078117086984,102362.46895074946,15935.565011852366,1733.9250000199986,935.692,13265.948011832368,2000.1670000199988,13935.398011832369,12.551591352627522,5,2,0,1,1,34.325481925371975,32.93014653005144,35.72081732069252,1.0,0.558134158128215,1.0,1.0,2,0,0.0,0.0,0.558134158128215,0.441865841871785,1.0,0.0,0.0,0.558134158128215,1.0,0.558134158128215,10,0,2024,1,8,5,1,0,2,1,0,1,GRAVE_LESIONADOS,1
5,1,11,0,4,1,-8.721515602126374,-77.87832163711546,1,4,1,1,2,2,2,2,608.1141039422533,2.0,2,0,0.7640930002129815,8,24,118.40074598338744,0.42142830216682986,74.50528581516677,54.208075871625304,6.339518792403693,589.0417143762802,26492.407297362905,9718.039268609196,1451.3906126134525,1740.0754474688695,6526.573208526874,1306.4122338103614,8411.627034798836,13.486378046277174,10,1,0,0,9,39.34865100149087,39.34865100149087,39.34865100149087,1.0,0.0,0.0,0.0,1,0,0.0,0.23590699978701846,0.23590699978701846,0.7640930002129815,0.0,0.0,1.0,0.7640930002129815,1.0,0.7640930002129815,5,0,2021,8,10,5,1,0,0,1,0,1,GRAVE_LESIONADOS,1
4,1,7,0,4,1,-14.234802145599057,-71.67870599505152,0,4,5,0,2,1,1,1,2344.8225050992814,1.380648694063701,1,1,0.38064869406370105,7,26,518.9293007488412,0.46546267093083105,65.54006586860405,71.44584330289976,7.141936272375731,745.0093973941918,8654.79498284201,17779.13499998999,2097.3709999899997,2863.123,12818.640999999989,2878.713,14900.421999989989,16.19152450331032,5,1,0,0,4,42.81286436529929,42.81286436529929,42.81286436529929,1.0,0.0,0.0,0.38064869406370105,1,0,0.0,0.0,0.0,1.0,0.0,1.0,0.38064869406370105,0.0,0.38064869406370105,0.0,10,1,2024,3,25,6,1,1,2,1,0,1,GRAVE_LESIONADOS,1
5,1,10,0,4,1,-12.122114681758543,-76.55310299853913,1,4,3,1,2,1,1,3,750.8689896417408,1.232133912800156,1,2,0.23213391280015616,7,29,228.26861741198672,0.5882149471082343,77.89739025149139,72.65197677932616,8.723270010101354,999.3626392624558,6890.124757757798,3660.695305646303,655.6767093523839,732.066600316025,2272.951995977894,1010.1543594085229,2650.5409462377797,27.475983811300374,9,1,0,0,8,62.776986961996485,61.500250441595625,64.05372348239734,1.0,0.0,0.0,1.0,1,0,0.0,0.0,0.0,0.7678660871998438,0.0,0.23213391280015616,0.7678660871998438,0.0,0.0,0.0,16,1,2021,4,21,0,0,1,0,1,0,1,GRAVE_LESIONADOS,1
3,2,11,0,4,0,-7.891080221004714,-79.12175006410834,0,4,7,1,2,1,1,2,6543.555,2.9990569574725097,2,0,1.0,0,30,1474.7387772198852,0.5722479930105319,77.67386302502328,66.22443291859476,8.466664909473055,978.6497786812112,15561.966145329152,8933.1392478241,1335.7405529673433,1935.8073639875106,5661.591330869244,1220.8813216034891,7712.257926220609,13.664779872078682,12,2,0,0,10,50.475952415548996,48.97359480923027,51.97831002186772,1.0,0.0,0.0,0.0009430425274903342,2,0,0.0,1.0,0.9990569574725097,0.0009430425274903342,0.0,0.0009430425274903342,1.0,0.0,0.0,0.0,6,1,2023,3,2,1,0,0,0,1,0,1,GRAVE_LESIONADOS,1
3,1,3,0,4,2,-15.691129321240947,-72.02288843866944,4,4,4,1,6,2,2,0,6543.555,2.0,4,4,1.0,14,33,1198.0,0.4449513494888033,75.59880560474969,61.014390902426015,7.039646097863264,582.6304221527287,1734.1090761486093,10322.272,1495.236,1749.739,7077.2970000000005,2886.595,7435.677000000001,27.964725207783708,9,1,0,0,8,43.38586102584134,43.38586102584134,43.38586102584134,1.0,1.0,0.0,0.0,1,0,0.0,0.2428494196925608,0.0,0.7571505803074392,0.0,0.0,1.0,0.0,0.2428494196925608,0.0,21,2,2022,6,24,0,0,1,0,1,0,1,GRAVE_LESIONADOS,1
6,1,8,0,4,1,-13.15597934746575,-75.54970919426096,0,4,0,0,2,1,1,0,1485.7208284438445,1.0147926740889064,1,3,0.014792674088906277,9,16,270.66567033400077,0.33791966697619114,68.9684513457106,47.42625597319674,6.1465663982120535,377.35699353989526,1186.6027545638658,8511.426,1445.3929999999996,2008.516,5057.516999999999,1879.579,6631.846999999998,22.08300935706896,4,1,0,0,3,22.221890111333593,22.221890111333593,22.221890111333593,1.0,0.0,0.0,0.0,1,0,0.0,0.0,0.0,1.0,0.0,1.0,0.0,0.0,0.0,0.0,6,1,2023,4,7,5,1,0,2,1,0,1,GRAVE_LESIONADOS,1
5,1,19,0,4,2,-5.611838460061774,-79.86053182275386,0,4,1,1,1,2,2,2,6543.555,2.0,4,4,1.0,14,33,1198.0,0.25035726128368624,67.74442774866641,43.858751927022325,4.224558086860641,253.56199667890718,38730.30919594111,8965.846000060003,1782.4120000599992,636.9959999999999,6546.438000000004,2214.505000059999,6751.341000000004,24.699342371541725,10,1,0,0,9,50.86356648505049,46.776698571631435,54.95043439846955,1.0,0.19008687969390958,0.0,1.0,1,0,0.0,0.0,1.0,0.0,0.19008687969390958,0.0,0.8099131203060904,0.19008687969390958,1.0,0.19008687969390958,15,2,2022,9,9,6,1,0,0,1,0,1,GRAVE_LESIONADOS,1
6,1,7,0,4,1,-12.410389519359528,-74.95686418847016,0,4,7,0,2,1,1,0,1093.085421592345,2.0,2,0,1.0,7,26,176.11086683991724,0.5970323771567964,79.14871522917456,71.58338375998854,8.775482815307141,1017.8297983727427,33981.559757862065,9682.380469023847,1421.765854237769,1835.4497213919608,6425.164893394116,2119.298948440129,7563.081520583716,21.377583770504486,5,1,0,0,4,23.301033090783076,23.301033090783076,23.301033090783076,0.46020661815661534,0.0,0.0,0.5397933818433847,1,0,0.0,0.0,0.0,1.0,0.0,0.0,1.0,0.0,0.46020661815661534,0.0,9,1,2021,6,6,2,0,0,0,1,0,1,GRAVE_LESIONADOS,1
3,2,13,0,4,1,-11.407397023563323,-77.35125300186209,1,3,0,0,2,2,2,2,6552.833760655898,2.0,3,3,1.0,13,32,1238.2252847351733,0.7204974458539655,78.43740800743967,75.76865848651306,13.330014537461526,1360.752081625339,62459.74995598355,7250.538398208824,1588.5928699738433,1516.8793587305604,4145.066169504421,1746.3599846328448,5504.178413575981,24.359420311905524,9,2,0,0,7,46.58019394883408,36.807534522798214,56.28869821580268,1.0,0.0,0.0,0.9037672613991066,2,0,0.0,0.0,0.9037672613991066,0.09623273860089343,0.0,0.09623273860089343,0.9037672613991066,0.0,0.09623273860089343,0.0,8,1,2023,8,12,2,0,0,0,1,0,1,GRAVE_LESIONADOS,1