CLASE SINIESTRO,CANTIDAD DE VEHICULOS DAÑADOS,DEPARTAMENTO,ZONA,TIPO DE VÍA,RED VIAL,COORDENADAS LATITUD,COORDENADAS  LONGITUD,CONDICIÓN CLIMÁTICA,ZONIFICACIÓN,CARACTERÍSTICAS DE VÍA,PERFIL LONGITUDINAL VÍA,SUPERFICIE DE CALZADA,¿EXISTE SEÑAL VERTICAL?,¿EXISTE SEÑAL HORIZONTAL?,CAUSA FACTOR PRINCIPAL,MTC_RVN_LONGITUD_KM,MTC_RVN_N_CARRILES_MEDIANA,MTC_RVN_SUPERFICIE_DOMINANTE,MTC_RVN_ESTADO_DOMINANTE,MTC_RVN_ES_CONCESIONADA,MTC_RVN_CONCESION_PRINCIPAL,MTC_RVN_CORREDOR_LOGISTICO,MTC_RVN_N_TRAMOS,IDH_2019,IDH_ESP_VIDA_2019,IDH_EDUC_SECUND_PCT_2019,IDH_ANIOS_EDUC_2019,IDH_INGRESO_PERCAP_2019,IDH_POBLACION_2019,MTC_DEP_RED_TOTAL_KM,MTC_DEP_NACIONAL_TOTAL_KM,MTC_DEP_DEPARTAMENTAL_TOTAL_KM,MTC_DEP_VECINAL_TOTAL_KM,MTC_DEP_PAV_TOTAL_KM,MTC_DEP_NO_PAV_TOTAL_KM,MTC_DEP_PCT_PAVIMENTADA,PER_TOTAL_PERSONAS,PER_N_CONDUCTORES,PER_N_CONDUCTORES_FUGADOS,PER_N_PEATONES,PER_N_PASAJEROS_OCUPANTES,PER_EDAD_COND_PROM,PER_EDAD_COND_MIN,PER_EDAD_COND_MAX,PER_ANY_COND_MASCULINO,PER_ANY_LIC_PROBLEMA,PER_ANY_DOSAJE_POS,PER_ANY_DOSAJE_EVALUADO,VEH_TOTAL,VEH_N_FUGADOS,VEH_ANY_FUGADO,VEH_ANY_CARGA,VEH_ANY_PUBLICO,VEH_ANY_PARTICULAR,VEH_ANY_MOTO,VEH_ANY_AUTO,VEH_ANY_CAMION_BUS,VEH_ANY_SOAT_PROBLEMA,VEH_ANY_CITV_PROBLEMA,VEH_ANY_SEGURO_PROBLEMA,HORA_NUM,FRANJA_HORARIA,ANIO,MES,DIA_MES,DIA_SEMANA,ES_FIN_SEMANA,ES_QUINCENA,REGION_NATURAL,TIENE_SEÑALIZACION,ES_VIA_MULTICARRIL,ES_DEPTO_BAJO_PAVIMENTO,CATEGORIA_SEVERIDAD,CATEGORIA_SEVERIDAD_ENC
3,2,12,2,2,2,-14.473842768223225,-71.13779708519712,0,1,0,0,2,0,1,2,6971.168750052684,2.0,3,2,1.0,11,21,1198.0,0.6676210900721631,74.300717123242,82.44050883973217,11.313761823925534,1239.307191173645,136775.60910152833,16083.668129189293,2065.9799470146177,2654.5080752967215,11363.180106877953,3057.1356761676698,13026.532453021622,19.51166977485535,6,2,0,0,4,41.83599012473073,30.95076163440825,52.7212186150532,1.0,0.59015232688165,0.0,0.0,2,0,0.0,0.0,0.40984767311835,1.0,0.40984767311835,1.0,0.59015232688165,0.0,1.0,0.0,15,1,2021,8,14,2,0,0,2,1,0,1,GRAVE_LESIONADOS,1
6,1,2,1,4,2,-12.360904623684,-75.32488462509853,0,4,3,0,3,2,2,0,6543.555,2.0,4,4,1.0,14,33,1198.0,0.45363872252111814,74.16764057105618,53.148010659317244,6.961047354916739,833.2545128933273,2121.3644305199678,10533.854957295982,1680.429520741622,1499.3707112098239,7354.054725344537,2513.0734736045947,8020.781483691388,23.94629779457584,5,1,0,0,4,29.425197747269596,29.425197747269596,29.425197747269596,1.0,0.0,0.0,0.0,1,0,0.0,0.0,0.47506591575653245,0.5249340842434675,0.0,0.47506591575653245,0.5249340842434675,0.0,0.47506591575653245,0.0,4,0,2022,2,24,4,0,1,0,1,0,1,GRAVE_LESIONADOS,1
4,2,12,0,4,1,-15.068760230000187,-72.37557088843741,0,4,3,0,2,1,1,2,1989.3386434756537,2.0,2,0,1.0,5,24,269.24671861827346,0.33104999196787693,73.09000444181234,56.362520646587875,5.561336517000289,360.0783071540145,2530.4451065721873,13182.560298732868,1917.859723523915,2077.3421331398094,9187.358442069144,2918.665535743848,10263.894762989019,22.054834213245304,21,2,0,0,19,43.23975565805276,38.88250371968345,46.20268697614388,1.0,0.0,0.0,0.47712976739568325,2,0,0.0,0.0,0.47712976739568325,0.5228702326043168,0.0,0.5228702326043168,1.0,0.5228702326043168,0.5228702326043168,0.0,12,1,2022,5,20,4,0,0,2,1,0,1,GRAVE_LESIONADOS,1
4,1,10,0,4,1,-12.297579079917963,-75.87260049756473,2,4,0,0,2,1,1,0,1564.3630341849125,2.0,2,1,0.552376127334475,9,21,486.43994323089606,0.23903587374109503,75.21384685590452,50.486191905142654,5.547174865228808,190.56476802426113,2684.1957739418203,8115.228291193399,1551.9319579331213,1825.244014942936,4738.052318317342,1850.61594494305,6264.612346250348,22.850474868270826,6,1,0,0,5,50.0,42.39039416468608,57.60960583531392,1.0,0.0,0.0,0.44762387266552495,1,0,0.0,0.0,0.44762387266552495,0.552376127334475,0.0,0.552376127334475,0.44762387266552495,0.0,0.0,0.0,8,1,2021,5,9,3,0,0,1,1,0,1,GRAVE_LESIONADOS,1
3,1,7,0,4,1,-13.576089785955435,-73.32097946161194,0,4,3,0,2,1,1,2,7586.903,2.0,2,0,1.0,9,5,1198.0,0.35270286955172997,73.65474760459067,68.13705982298742,5.637522603951771,347.53646635483545,5580.814880861116,12895.354678523781,1853.566475109459,1904.442012975683,9137.346190438639,2671.6692388738347,10223.685439649946,20.657005135697474,10,2,0,0,8,48.50381538587811,39.75190769293906,57.25572307881717,1.0,0.7751907692939057,0.0,0.0,2,0,0.0,1.0,1.0,0.0,0.7751907692939057,0.0,1.0,0.0,0.7751907692939057,0.0,7,1,2022,7,21,1,0,0,2,1,0,1,GRAVE_LESIONADOS,1
3,2,16,0,4,0,-6.799907224297191,-78.15316088175376,2,4,4,1,2,2,2,2,7118.426193633933,2.0,3,2,1.0,11,26,1640.471071703025,0.4921823668192315,78.00023320037036,56.81271378498453,7.897471466203742,751.5099380675153,9929.813072828247,4493.911525452425,657.0379530544506,820.1362922237461,3016.7372801742285,850.0807735321866,3643.830751920238,19.20457982256305,8,2,0,0,6,30.656308824556778,26.473231092730508,34.83938655638305,1.0,0.473231092730508,0.0,0.526768907269492,2,0,0.0,0.0,1.0,1.0,0.0,1.0,0.526768907269492,0.0,0.0,0.0,13,1,2021,2,15,2,0,0,0,1,0,1,GRAVE_LESIONADOS,1
6,1,12,0,4,1,-11.745154782799865,-76.51649715076053,0,4,4,1,2,2,2,0,1270.5971355500976,1.683282877974784,1,0,0.0,9,23,519.6882602998033,0.48769363823713546,71.81494147887386,60.108856451960285,6.864303369800604,981.0280632777766,25417.199696401032,7906.643442027105,1608.021157786778,1728.7574414221501,4569.864842818177,1835.3678646635196,6071.275577363585,23.2545198042614,5,1,0,0,4,28.085099270882562,28.085099270882562,28.085099270882562,1.0,0.6832828779747839,0.0,0.6832828779747839,1,0,0.0,0.0,0.0,1.0,0.0,0.31671712202521607,0.6832828779747839,0.0,0.0,0.0,16,3,2021,3,7,0,0,0,0,1,0,1,GRAVE_LESIONADOS,1
3,1,5,0,4,1,-14.864646867798717,-73.15020974414928,0,4,1,0,2,2,2,2,1167.242035639585,2.0,2,0,0.7418418323415217,7,18,192.98258081552302,0.6118201245942538,78.31905063878732,75.50358842987467,8.975400348111906,1069.3840751096202,34034.699265657495,9626.288164477617,1543.812847933793,1710.8459230932442,6371.62939345058,2609.9217285570553,7016.366435920561,26.888932693779676,5,1,0,0,3,53.13053068253565,49.421321520828045,56.83973984424326,1.0,0.0,0.0,1.0,1,0,0.0,0.7418418323415217,0.0,0.2581581676584783,0.0,0.2581581676584783,0.7418418323415217,0.0,0.0,0.0,17,2,2021,5,22,3,0,0,0,1,0,1,GRAVE_LESIONADOS,1
3,1,5,0,4,1,-7.487469362399737,-78.26537212647708,0,4,6,0,2,2,2,2,863.4002923400623,2.0,2,0,0.9622526830325666,8,16,152.65966634801913,0.28800472399531646,72.0258093845703,39.09317220056714,4.500329062513147,311.14669246320096,4888.927520944307,16005.154832546245,1747.6441113814121,1008.4473488898572,13249.063372274975,2033.3297543517147,13971.825078194532,12.688989063006614,9,2,0,0,7,37.924505366065134,36.924505366065134,38.924505366065134,1.0,1.0,0.0,0.9622526830325666,2,0,0.0,0.037747316967433386,0.0,0.9622526830325666,0.0,1.0,0.037747316967433386,0.0,1.0,0.0,5,0,2021,9,3,0,0,0,2,1,0,1,GRAVE_LESIONADOS,1
8,1,4,1,4,1,-13.852287467590827,-74.28150610392728,0,4,0,0,2,1,0,2,4443.221236099714,2.0,3,2,1.0,11,29,799.117769922075,0.3148101156437169,69.81035606805789,52.51318344232915,5.391008903486675,388.2713259960608,14974.218993665903,12678.733000000004,1805.074000000001,1774.0339999999994,9099.625000000004,2485.375000000001,10193.358000000002,19.602707936195205,5,1,0,0,4,26.74792742824569,26.74792742824569,26.74792742824569,0.416804838116954,0.583195161883046,0.0,0.416804838116954,1,0,0.0,0.416804838116954,0.0,0.583195161883046,0.0,1.0,0.0,0.0,0.0,0.0,10,1,2022,5,18,3,0,0,2,1,0,1,GRAVE_LESIONADOS,1
3,2,9,0,4,1,-12.837743351346193,-75.4012699435281,1,4,0,0,2,2,2,2,1620.3910919844504,2.0,2,2,0.7700385845989658,9,22,403.0752220985961,0.2685805502086633,74.05468910133081,48.512104674395104,5.2798939034579835,240.2234799827988,2997.1939214015256,8307.884161730144,1500.1261164795997,1914.3622078081085,4893.395837442436,1864.6995765778915,6443.184585152251,22.47728559210644,9,2,0,0,7,49.229961415401036,38.39027009219276,60.06965273860931,1.0,0.0,0.0,1.0,2,0,0.0,0.7700385845989658,0.2299614154010342,0.7700385845989658,0.0,0.0,1.0,0.0,0.0,0.0,13,3,2024,4,5,0,0,0,1,1,0,1,GRAVE_LESIONADOS,1
3,1,14,0,4,1,-11.516331031065242,-77.21838429550142,0,4,7,1,2,2,2,1,877.0874896180773,-0.5555982339508507,0,0,0.8518660779836169,9,15,240.54791612279772,0.6088630933686422,78.64678040640727,64.1815931219716,7.284190629516313,1286.1985321994173,21529.918770848075,7626.313,1683.4029999999998,1599.0829999999996,4343.827000000001,1814.875,5811.438000000001,23.797541485643197,5,1,0,0,3,49.79684400236925,43.407848417492126,56.18583958724638,1.0,0.1481339220163831,0.0,1.0,1,0,0.0,0.0,0.0,1.0,0.0,0.8518660779836169,0.1481339220163831,0.0,0.0,0.0,8,1,2021,10,5,5,0,0,0,1,0,1,GRAVE_LESIONADOS,1
6,1,7,0,4,2,-13.501274908974267,-72.63702898386114,2,4,2,0,7,2,2,2,6543.555,2.0,4,4,1.0,14,33,1198.0,0.2952364236650354,71.95563558137042,55.39778269859071,5.283467172868974,258.1828587267177,3745.4662581746047,17779.13499998999,2097.3709999899997,2863.123,12818.640999999989,2878.713,14900.421999989989,16.19152450331032,15,1,0,0,14,47.11510938507052,47.11510938507052,47.11510938507052,1.0,0.0,0.0,0.6538299638276777,1,0,0.0,0.6538299638276777,0.0,0.0,0.0,0.0,1.0,0.0,0.0,0.0,16,3,2022,10,22,4,0,1,2,1,0,1,GRAVE_LESIONADOS,1
5,1,11,2,2,3,-10.48277447943228,-77.53378887125463,0,2,4,1,2,1,1,1,4740.386894784581,2.0,3,2,1.0,12,27,865.5012559078755,0.7144217943842849,77.99107601220936,76.79229255831248,11.209615525650515,1469.0857142489333,252902.0911876826,10275.225615806205,1699.508945882715,1387.6000907554949,7188.116579167995,1873.944374206105,8401.2812416001,20.21243669623728,9,1,0,0,7,35.55874349623401,34.536929609501684,36.58055738296633,1.0,0.0,0.0,0.0,1,0,0.0,0.0,0.6812092578215488,0.31879074217845116,0.6812092578215488,0.31879074217845116,0.6812092578215488,0.0,0.31879074217845116,0.0,6,0,2021,8,20,1,0,1,0,1,0,1,GRAVE_LESIONADOS,1
6,1,12,0,4,0,-8.013017668908672,-77.88479223885332,0,4,1,1,1,2,2,1,6543.555,2.247845107742334,3,3,1.0,10,32,1266.6530948446266,0.4731324429112586,73.67956470280248,44.82171818848291,6.554627018760307,868.9248396691743,9539.10677648575,8931.828000000005,1335.5899999999997,1935.9830000000004,5660.255000000005,1219.309,7712.519000000005,13.651281686122925,4,1,0,0,3,30.71767661613501,30.71767661613501,30.71767661613501,1.0,0.0,0.0,0.0,1,0,0.0,0.752154892257666,0.0,0.24784510774233404,0.0,0.24784510774233404,0.752154892257666,0.0,0.0,0.0,13,2,2021,5,5,1,0,0,0,1,0,1,GRAVE_LESIONADOS,1
4,1,6,0,4,1,-13.10229642291874,-73.98182056160238,0,4,3,0,2,1,1,2,492.806224784664,2.0,2,1,0.4964231036614085,8,17,130.35487822492337,0.4764410385820518,75.9256185649672,60.87175976045897,7.103256241958665,776.0080748037478,20435.264398017604,9258.105749003844,1413.778408402062,1267.4321846089579,6576.895155992824,1966.6929546900265,7291.412794313817,20.383941233876303,5,1,0,0,3,39.61803757917352,39.11446068283493,40.12161447551211,1.0,0.4964231036614085,0.0,1.0,1,0,0.0,0.5035768963385915,0.0,0.4964231036614085,0.0,1.0,0.5035768963385915,0.0,0.5035768963385915,0.0,17,3,2021,1,4,2,0,0,1,1,0,1,GRAVE_LESIONADOS,1
3,1,6,0,4,1,-13.68448300474866,-71.85293065584098,0,4,7,1,2,1,1,2,7835.8777501873155,2.0,2,0,1.0,9,7,1476.8482791033707,0.2357694995192642,64.7439978644045,53.67326899215241,5.05064249344529,182.38596915448113,5413.293114511194,17583.817249762484,2058.8655700361096,2658.920561762732,12866.03111796364,2785.6350971855727,14798.18215257691,15.80589034862977,4,1,0,0,3,35.1783618438834,23.55565197623288,46.80107171153393,1.0,0.0,0.0,1.0,1,0,0.0,0.8940546052038866,0.0,1.0,0.10594539479611342,0.8940546052038866,0.8940546052038866,0.0,0.0,0.0,17,1,2022,1,2,0,0,0,2,1,0,1,GRAVE_LESIONADOS,1
6,1,13,0,4,1,-11.008986181107531,-76.87488262783359,0,4,6,0,2,1,0,1,1426.036729833205,1.9363427533982278,1,0,0.0,9,18,670.7546984544415,0.3409892658863889,77.69263149187192,70.11414055635834,3.5755241593397646,419.76660419097374,1477.035802889234,7682.656856511434,1668.251938736312,1625.146377447903,4389.25854032722,1818.993878484121,5863.662978027314,23.688399091127884,4,1,0,0,3,46.34491158835392,46.34491158835392,46.34491158835392,1.0,0.0,0.0,0.0,1,0,0.0,0.0,0.0,1.0,0.0,1.0,0.0,0.0,0.0,0.0,14,2,2022,7,12,5,1,0,0,1,0,1,GRAVE_LESIONADOS,1
3,1,17,0,4,1,-15.455122181738064,-72.25929717312953,0,4,0,0,2,2,2,1,6621.401706014793,2.0,2,0,1.0,9,31,1535.4810528332605,0.5216723888588068,73.37676716372196,62.04343634096766,8.21937581998824,890.987632215053,2668.579808619358,2891.9670330896442,731.6969253677083,506.172576132685,1654.0975315892506,1044.6019856483779,1847.365047441266,37.20906880767915,5,1,0,0,3,27.403685469896246,21.348403421452574,33.45896751833992,1.0,0.0,0.0,0.8073709397924894,1,0,0.0,0.0,1.0,0.8073709397924894,0.0,0.8073709397924894,1.0,0.0,0.0,0.0,19,1,2023,6,10,5,1,0,0,1,0,1,GRAVE_LESIONADOS,1
4,1,6,1,2,3,-13.38522500815726,-73.97546407402827,0,3,2,0,2,2,2,0,6543.555,2.0,4,4,1.0,14,33,1198.0,0.5493925923246558,77.38841566614019,65.19533026075095,8.729642693740727,880.9333044042273,12835.526321406194,9815.585143497394,1437.059957028679,1817.6075275368673,6560.917658931848,2279.0251142435022,7536.560029253891,22.748813093582832,6,1,0,0,4,30.96186192092222,27.915252143934502,33.64406517991813,0.6355934820081872,0.0,0.0,0.0,1,0,0.0,0.0,1.0,0.6355934820081872,0.3644065179918128,0.6355934820081872,0.6355934820081872,0.3644065179918128,0.0,0.3644065179918128,15,2,2022,7,23,5,1,1,0,1,0,1,GRAVE_LESIONADOS,1
3,1,11,0,4,2,-7.995541769939393,-78.48134514887941,0,4,4,0,1,2,2,2,6543.555,2.0,4,4,1.0,14,33,1198.0,0.4164393787025509,78.28748778129194,53.19681972500371,5.0908817307079,698.4542759337946,24719.7278825068,8712.307302651947,1334.948541346015,1588.524406765959,5788.834354539972,1170.8806939498847,7541.4266087020615,13.42639693631804,4,1,0,0,2,38.34093048950307,31.37814002541496,45.30372095359119,1.0,0.0,0.0,0.0,1,0,0.0,0.30372095359118867,0.6962790464088113,0.0,0.6962790464088113,0.0,0.30372095359118867,0.0,0.30372095359118867,0.0,17,2,2021,3,4,2,0,0,0,1,0,1,GRAVE_LESIONADOS,1
3,1,6,0,4,1,-14.316589217123465,-71.20555014170952,0,4,7,1,2,1,1,2,7626.982928789754,2.0,2,0,1.0,9,5,1242.888966295578,0.22172831366903023,63.36778210539062,53.33220256792957,5.057522439351022,156.04693698089872,5404.252693444387,17747.692769343696,2091.172399973694,2830.2505132233846,12826.269856146615,2863.7293291101,14883.963440233594,16.12944515812827,5,1,0,0,3,32.10233047027867,19.324046489215796,44.88061445134155,1.0,0.0,0.0,1.0,1,0,0.0,0.9829449216202212,0.01705507837977882,0.9829449216202212,0.0,0.9829449216202212,1.0,0.0,0.0,0.0,18,2,2023,1,2,0,0,0,2,1,0,1,GRAVE_LESIONADOS,1
3,1,5,0,4,1,-14.47437681562699,-73.60624803442546,0,4,7,1,2,1,0,0,1861.5993704136342,1.7258638328080615,1,0,0.7258638328080617,9,32,363.94156627765454,0.5095466639381563,76.56549712060655,65.15887312987687,8.194114751632064,893.3532269118564,20783.363666798174,9941.101011144974,1451.4712574524758,1800.7952163224954,6688.834537370003,2429.531606347222,7511.569404797752,24.04089266143734,4,1,0,0,3,40.64481700315163,34.837906340687134,46.451727665616126,1.0,0.7258638328080617,0.0,0.7258638328080617,1,0,0.0,0.0,0.0,1.0,0.7258638328080617,1.0,0.0,0.7258638328080617,1.0,0.7258638328080617,19,2,2023,9,4,5,1,0,0,1,0,1,GRAVE_LESIONADOS,1
5,1,19,0,4,2,-5.6232559862087115,-79.88036624694057,1,4,1,1,2,2,2,1,6543.555,2.0,4,4,1.0,14,33,1198.0,0.2638440829699439,67.6118655184764,46.379741876628124,4.530395343968542,273.19027254909497,39651.36748533908,8965.846000060003,1782.4120000599992,636.9959999999999,6546.438000000004,2214.505000059999,6751.341000000004,24.699342371541725,10,1,0,0,9,50.554832326162675,50.554832326162675,50.554832326162675,1.0,0.20265692199043106,0.0,0.7973430780095689,1,0,0.0,0.20265692199043106,0.7973430780095689,0.0,0.20265692199043106,0.0,0.7973430780095689,0.20265692199043106,1.0,0.20265692199043106,15,2,2022,10,6,6,1,0,0,1,0,1,GRAVE_LESIONADOS,1
6,1,7,0,4,1,-12.573349190668186,-74.90011886059094,0,4,3,0,2,0,0,2,7125.582389688997,2.0,2,1,1.0,11,17,1198.0,0.38842908981520796,70.9703024074713,61.19545993340735,6.675291293378871,531.4357268608185,14812.2748750522,12447.67992808104,1817.0063235061052,1401.1168142957613,9229.556790279172,1985.0770532542454,10462.602874826793,15.892784022345372,6,1,0,0,5,43.87799478116163,43.599071838054925,44.15691772426835,0.5578458862134172,0.44215411378658276,0.0,0.5578458862134172,1,0,0.0,0.0,0.5578458862134172,0.44215411378658276,0.0,0.44215411378658276,0.5578458862134172,0.0,0.0,0.0,16,1,2022,7,7,3,0,0,2,1,0,1,GRAVE_LESIONADOS,1
3,2,5,0,4,1,-5.780260248486564,-78.783009342559,0,3,7,0,2,1,1,0,7758.33400008,2.0,2,0,1.0,9,20,2133.0,0.5803239946829384,74.49544278598792,68.33065356443184,8.733179344969395,1046.078117086984,102362.46895074946,15935.565011852366,1733.9250000199986,935.692,13265.948011832368,2000.1670000199988,13935.398011832369,12.551591352627522,6,2,0,0,4,33.727362282849555,26.568405707123883,40.88631885857522,1.0,1.0,0.0,0.05684057071238846,2,0,0.0,0.9431594292876115,0.05684057071238846,1.0,0.05684057071238846,0.9431594292876115,0.9431594292876115,0.0,1.0,0.05684057071238846,16,3,2022,7,29,5,0,0,2,1,0,1,GRAVE_LESIONADOS,1
6,1,4,0,4,1,-13.383775598443691,-74.78260972572357,0,4,0,0,2,2,2,4,1691.6087448020016,2.0,2,2,1.0,8,24,310.6988929343581,0.2613095917912141,78.01523892093718,42.774163680327646,4.102774298990331,226.19535801319984,3872.967693533253,12678.733000000004,1805.074000000001,1774.0339999999994,9099.625000000004,2485.375000000001,10193.358000000002,19.602707936195205,6,1,0,0,4,31.4731217772206,31.4731217772206,31.4731217772206,1.0,0.0,0.0,1.0,1,0,0.9784944646717908,0.0,0.021505535328209202,0.9784944646717908,0.0,0.0,1.0,0.0,0.0,0.9784944646717908,11,2,2022,1,21,4,0,0,2,1,0,1,GRAVE_LESIONADOS,1
6,1,5,0,4,2,-7.208125541210594,-78.43435576952582,2,4,0,0,1,2,2,0,6543.555,2.0,4,4,1.0,14,33,1198.0,0.3042560086738221,74.11829512123111,44.36877828958393,4.0722891415173565,357.0731974621286,9564.283504577708,15935.565011852366,1733.9250000199986,935.692,13265.948011832368,2000.1670000199988,13935.398011832369,12.551591352627522,7,1,0,0,6,42.29590200774783,40.649636233413524,43.53060133849855,0.5884335564164248,0.5884335564164248,0.0,0.0,1,0,0.0,0.5884335564164248,0.4115664435835752,0.0,0.0,0.4115664435835752,0.5884335564164248,0.5884335564164248,1.0,0.5884335564164248,14,3,2022,3,20,3,0,0,2,1,0,1,GRAVE_LESIONADOS,1
4,1,12,0,4,2,-7.464531777125841,-79.01189903918879,0,4,3,0,4,2,2,3,6543.555,2.0,4,4,1.0,14,33,1198.0,0.36829540965930063,77.42203938312441,46.81694934714646,5.021670397813946,545.7439661173737,24494.973854537955,8931.828000000005,1335.5899999999997,1935.9830000000004,5660.255000000005,1219.309,7712.519000000005,13.651281686122925,4,1,0,0,2,38.544383266686594,32.974862350044845,44.11390418332835,1.0,0.0,0.0,0.0,1,0,0.0,0.0,0.5569520916641753,0.0,0.5569520916641753,0.0,0.44304790833582475,0.0,0.44304790833582475,0.0,14,1,2021,3,7,4,0,0,0,1,0,1,GRAVE_LESIONADOS,1
4,1,12,0,4,1,-8.446283287854953,-78.75982676735667,0,4,7,1,2,2,2,0,6543.555,2.65579627989972,2,1,1.0,4,31,1379.6555695322224,0.5051395598219868,77.13285387085847,51.52067479184955,6.715328807318118,900.900383457586,67612.41755888652,8931.828000000005,1335.5899999999997,1935.9830000000004,5660.255000000005,1219.309,7712.519000000005,13.651281686122925,5,1,0,0,3,42.75541629774369,32.59057395929804,52.92025863618936,1.0,1.0,0.0,0.0,1,0,0.0,0.6557962798997199,0.6557962798997199,0.3442037201002801,0.6557962798997199,0.3442037201002801,0.6557962798997199,0.0,1.0,0.6557962798997199,2,0,2023,5,19,2,0,0,0,1,0,1,GRAVE_LESIONADOS,1
6,1,7,0,4,1,-13.065427726378534,-72.4134438940215,1,4,0,0,2,1,1,2,3447.8009999999995,1.0,2,3,0.0,9,12,1109.0,0.4706944943299555,76.79406176595778,61.64424635983724,7.141255198110581,653.4175319142125,3282.6252676659524,17779.13499998999,2097.3709999899997,2863.123,12818.640999999989,2878.713,14900.421999989989,16.19152450331032,4,1,0,0,3,31.520834465559552,31.520834465559552,31.520834465559552,1.0,0.0,0.0,0.5029763522227934,1,0,0.0,0.0,0.0,0.49702364777720665,0.0,1.0,0.0,0.0,0.49702364777720665,0.0,11,2,2023,3,19,2,0,0,2,1,0,1,GRAVE_LESIONADOS,1
3,1,4,0,4,1,-12.990745531958137,-74.17780929824345,0,4,5,0,2,1,1,2,7586.903,2.0,2,0,1.0,9,5,1198.0,0.354048800973519,74.9842511798552,66.92054444769153,5.391930007312393,354.22549454780807,5438.523028571629,12709.628763801962,1811.990260954879,1792.6335011867525,9105.00500166033,2511.9452991553544,10197.683464646607,19.753077545898478,5,2,0,0,3,52.166348555541916,41.48698372648734,62.8457133845965,1.0,0.9679364829054584,0.0,0.0,2,0,0.0,0.9679364829054584,0.9679364829054584,0.03206351709454158,0.9679364829054584,0.03206351709454158,0.9679364829054584,0.0,1.0,0.03206351709454158,6,1,2021,7,25,1,0,1,2,1,0,1,GRAVE_LESIONADOS,1
4,1,13,0,4,2,-5.656078421015459,-79.53281379544076,1,4,2,0,4,2,2,0,6543.555,2.387688711159603,3,2,1.0,8,31,1305.38977299121,0.4200587828688806,75.02636265174625,58.079277615447424,5.640861521229101,603.1478514528949,76028.61316203231,11667.927380886367,1763.6141375064958,752.7970672685287,9151.516176111343,2131.4085770719644,9536.518803814404,19.98979643553112,5,1,0,0,4,42.75377422319207,36.0183500459477,49.48919840043643,1.0,0.6123112888403968,0.0,1.0,1,0,0.0,0.38768871115960324,0.0,0.0,0.6123112888403968,0.0,0.38768871115960324,0.6123112888403968,0.6123112888403968,0.0,12,2,2022,2,14,3,0,0,0,1,0,1,GRAVE_LESIONADOS,1
6,1,12,0,4,1,-8.295351195716385,-78.55301194565304,0,4,7,1,2,2,2,2,7506.684037935219,2.7161738769564305,2,0,1.0,2,30,2143.410519767606,0.4749258854765579,75.95379440877386,53.54539857440867,6.400404867579592,794.9797770918908,68166.4127240081,8931.828000000005,1335.5899999999997,1935.9830000000004,5660.255000000005,1219.309,7712.519000000005,13.651281686122925,4,1,0,0,2,25.405913476522834,25.405913476522834,25.405913476522834,1.0,0.0,0.0,0.0,1,0,0.0,1.0,0.0,0.0,0.0,0.0,1.0,0.0,0.28382612304356936,0.0,20,2,2022,3,16,3,0,0,0,1,0,1,GRAVE_LESIONADOS,1
3,2,3,1,4,1,-16.55684270226421,-71.73033727715543,0,3,7,1,2,0,1,0,763.2839104893253,1.4167490606240531,3,1,0.41674906062405315,8,29,121.9841803601818,0.6688969773410384,76.76957817766367,77.93084720771492,10.838660720806113,1249.4171306321828,22161.79043451986,10322.272,1495.236,1749.739,7077.2970000000005,2886.595,7435.677000000001,27.964725207783708,10,2,0,0,8,55.00098872748864,38.252224636849434,71.74975281812785,1.0,0.0,0.0,0.0,2,0,0.0,0.0,0.5832509393759469,0.41674906062405315,0.0,0.41674906062405315,1.0,0.0,0.0,0.5832509393759469,15,2,2023,3,26,2,0,1,0,1,0,1,GRAVE_LESIONADOS,1