CLASE SINIESTRO,CANTIDAD DE VEHICULOS DAÑADOS,DEPARTAMENTO,ZONA,TIPO DE VÍA,RED VIAL,COORDENADAS LATITUD,COORDENADAS  LONGITUD,CONDICIÓN CLIMÁTICA,ZONIFICACIÓN,CARACTERÍSTICAS DE VÍA,PERFIL LONGITUDINAL VÍA,SUPERFICIE DE CALZADA,¿EXISTE SEÑAL VERTICAL?,¿EXISTE SEÑAL HORIZONTAL?,CAUSA FACTOR PRINCIPAL,MTC_RVN_LONGITUD_KM,MTC_RVN_N_CARRILES_MEDIANA,MTC_RVN_SUPERFICIE_DOMINANTE,MTC_RVN_ESTADO_DOMINANTE,MTC_RVN_ES_CONCESIONADA,MTC_RVN_CONCESION_PRINCIPAL,MTC_RVN_CORREDOR_LOGISTICO,MTC_RVN_N_TRAMOS,IDH_2019,IDH_ESP_VIDA_2019,IDH_EDUC_SECUND_PCT_2019,IDH_ANIOS_EDUC_2019,IDH_INGRESO_PERCAP_2019,IDH_POBLACION_2019,MTC_DEP_RED_TOTAL_KM,MTC_DEP_NACIONAL_TOTAL_KM,MTC_DEP_DEPARTAMENTAL_TOTAL_KM,MTC_DEP_VECINAL_TOTAL_KM,MTC_DEP_PAV_TOTAL_KM,MTC_DEP_NO_PAV_TOTAL_KM,MTC_DEP_PCT_PAVIMENTADA,PER_TOTAL_PERSONAS,PER_N_CONDUCTORES,PER_N_CONDUCTORES_FUGADOS,PER_N_PEATONES,PER_N_PASAJEROS_OCUPANTES,PER_EDAD_COND_PROM,PER_EDAD_COND_MIN,PER_EDAD_COND_MAX,PER_ANY_COND_MASCULINO,PER_ANY_LIC_PROBLEMA,PER_ANY_DOSAJE_POS,PER_ANY_DOSAJE_EVALUADO,VEH_TOTAL,VEH_N_FUGADOS,VEH_ANY_FUGADO,VEH_ANY_CARGA,VEH_ANY_PUBLICO,VEH_ANY_PARTICULAR,VEH_ANY_MOTO,VEH_ANY_AUTO,VEH_ANY_CAMION_BUS,VEH_ANY_SOAT_PROBLEMA,VEH_ANY_CITV_PROBLEMA,VEH_ANY_SEGURO_PROBLEMA,HORA_NUM,FRANJA_HORARIA,ANIO,MES,DIA_MES,DIA_SEMANA,ES_FIN_SEMANA,ES_QUINCENA,REGION_NATURAL,TIENE_SEÑALIZACION,ES_VIA_MULTICARRIL,ES_DEPTO_BAJO_PAVIMENTO,CATEGORIA_SEVERIDAD,CATEGORIA_SEVERIDAD_ENC
3,1,3,0,4,0,-16.71421645982686,-71.61257408415472,0,4,0,0,2,0,1,0,6616.573439059105,2.0,2,0,1.0,10,31,1514.5495491257586,0.625529821029184,78.18880282303179,75.26921961957008,8.709328997577735,1163.077745114194,7972.3796522717485,10322.272,1495.236,1749.739,7077.2970000000005,2886.595,7435.677000000001,27.964725207783708,38,2,0,0,36,48.417798157637435,38.844842436925504,57.990753878349366,1.0,0.0,0.0,0.7572955720711929,2,0,0.0,0.7572955720711929,0.7572955720711929,0.2427044279288071,0.0,0.2427044279288071,1.0,0.0,0.0,0.0,4,0,2024,5,25,5,1,1,0,1,0,1,GRAVE_LESIONADOS,1
5,1,16,0,4,1,-6.2029746099882495,-79.05272615092042,1,4,5,0,2,1,0,2,716.1523863771656,2.0,1,0,0.7729987006615794,3,27,151.602163716641,0.4362564266107239,74.47294111336163,54.154776521356176,6.020678094209318,657.0490716798142,8185.733772611534,8794.053913721358,1680.5033987291847,672.1768883727677,6441.3736266194055,1952.398857770469,6841.655055950889,22.023339187283977,4,1,0,0,3,39.978494152977106,36.91397661190843,43.04301169404579,0.22700129933842061,0.7729987006615794,0.0,0.7729987006615794,1,0,0.0,0.7729987006615794,0.0,0.22700129933842061,1.0,0.22700129933842061,0.0,0.7729987006615794,1.0,0.0,14,3,2021,1,22,3,0,1,0,1,0,1,GRAVE_LESIONADOS,1
6,1,1,0,4,1,-9.92780155863977,-77.3216714128225,0,4,7,0,2,2,2,1,9936.932,2.0,2,0,1.0,9,32,3830.0,0.45872637346362777,71.1892422369118,65.45934908891437,7.5964386051200075,643.5229236339973,3451.4310353915157,10767.648,1885.0630000000003,1222.721,7659.864000000001,2100.343,8667.305000000002,19.506051832303577,18,1,0,0,17,31.65531909279421,31.65531909279421,31.65531909279421,1.0,0.0,0.0,1.0,1,0,0.0,0.0,1.0,0.0,0.0,0.22127659106618403,0.778723408933816,0.0,0.22127659106618403,0.0,6,0,2021,10,10,2,0,0,0,1,0,1,GRAVE_LESIONADOS,1
3,2,7,0,4,1,-13.324987356679214,-72.14052653890488,0,4,7,1,2,0,1,1,3418.064601111207,1.161416987687574,2,2,0.16141698768757395,8,12,1021.3505756856473,0.44679466323565503,71.99493882198978,69.04136000093315,6.493717241028094,625.5953250052889,10746.002730162792,17779.13499998999,2097.3709999899997,2863.123,12818.640999999989,2878.713,14900.421999989989,16.19152450331032,13,2,0,0,11,36.83858301231243,33.48425096306272,40.19291506156213,1.0,0.0,0.0,0.16141698768757395,2,0,0.0,0.0,0.838583012312426,1.0,0.0,1.0,1.0,0.0,0.16141698768757395,0.0,15,2,2023,9,5,0,0,0,2,1,0,1,GRAVE_LESIONADOS,1
5,1,17,1,4,0,-6.887850185008706,-77.71807394969788,0,1,7,1,1,2,2,0,7306.442577748322,2.0,2,1,1.0,10,24,1785.1848995971336,0.48573674305013437,75.05961067946262,51.20046805313969,6.2990163849800185,878.0478138425824,46368.18389702472,6867.768201040963,1008.7044803968956,1326.3877334059428,4532.6759872381235,1090.0008370248677,5777.767364016094,16.35205726266863,5,1,0,0,4,35.2178349333586,31.76380611219899,38.671863754518206,1.0,0.6280052402108381,0.0,0.0,1,0,0.0,0.0,1.0,0.6280052402108381,0.6280052402108381,0.0,0.37199475978916186,0.6280052402108381,0.6280052402108381,0.6280052402108381,9,1,2023,10,13,6,1,0,0,1,0,1,GRAVE_LESIONADOS,1
3,1,11,0,4,1,-11.791354874207332,-75.64709695703408,0,4,5,1,2,2,2,2,7586.903,2.0,2,0,1.0,9,5,1198.0,0.46825258860597807,69.3938186905193,56.85177731979066,7.378219500711976,759.6942480458756,1319.206752701045,12264.545,1826.4639999999995,1105.5389999999998,9332.542,1588.5359999999996,10676.009,12.952261987705208,5,2,0,0,3,37.42350601769454,32.2462166370035,42.60079539838558,1.0,0.0,0.0,0.15298796461091646,2,0,0.0,0.0,0.8470120353890835,1.0,0.15298796461091646,1.0,0.8470120353890835,0.0,0.15298796461091646,0.0,14,3,2022,5,26,1,0,1,2,1,0,1,GRAVE_LESIONADOS,1
6,1,7,0,4,1,-14.581589449752174,-71.72780669986874,3,4,6,0,2,2,2,2,1780.161,1.0,1,3,0.0,9,32,490.0,0.4670263153502933,65.5237709552973,70.61273193256336,7.074467358088314,760.9316629253258,9065.880085653103,17779.13499998999,2097.3709999899997,2863.123,12818.640999999989,2878.713,14900.421999989989,16.19152450331032,4,1,0,0,3,26.30219844627339,26.30219844627339,26.30219844627339,1.0,0.0,0.0,0.0,1,0,0.0,0.0,0.0,1.0,0.0,0.17208793785093568,0.8279120621490643,0.0,0.0,0.0,1,0,2024,2,15,2,0,0,2,1,0,1,GRAVE_LESIONADOS,1
4,10,7,0,4,0,-13.597775234841114,-71.96530340472245,1,4,2,0,2,1,1,2,6543.555,2.0,4,4,1.0,14,33,1198.0,0.6348954939297919,77.6245715059073,78.73535107148551,10.276562257168177,1084.1455565765216,94654.62312633834,17779.13499998999,2097.3709999899997,2863.123,12818.640999999989,2878.713,14900.421999989989,16.19152450331032,12,1,0,0,10,33.191412103981754,32.6171757920365,33.76564841592701,1.0,0.0,0.0,1.0,1,0,0.0,0.0,0.3828242079635038,1.0,0.0,0.0,1.0,0.0,0.3828242079635038,0.0,16,2,2023,10,20,1,0,0,2,1,0,1,GRAVE_LESIONADOS,1
3,1,3,0,3,2,-16.379310803900516,-72.18844589506033,0,3,4,1,2,1,1,0,6600.357828523215,2.0,2,1,1.0,11,31,1444.251631639739,0.6077843615696785,76.53072135400231,69.81276959706165,8.77367759087771,1135.5159013374655,74658.55888650964,10322.272,1495.236,1749.739,7077.2970000000005,2886.595,7435.677000000001,27.964725207783708,6,2,0,0,4,31.410881264019764,27.76735620794071,35.05440632009882,1.0,0.41088126401976344,0.0,1.0,2,0,0.0,0.41088126401976344,0.41088126401976344,0.5891187359802366,0.41088126401976344,0.5891187359802366,1.0,0.0,1.0,0.0,11,2,2023,2,15,3,0,0,0,1,0,1,GRAVE_LESIONADOS,1
6,1,12,0,4,1,-8.046545100671139,-78.32697560730394,0,4,7,1,1,2,2,2,8989.5565095507,2.0,2,1,1.0,10,32,3095.1885449619776,0.42840768886061814,74.13846671138526,56.66274530732281,5.915535216164969,631.9001219573796,69019.36611593161,8931.828000000005,1335.5899999999997,1935.9830000000004,5660.255000000005,1219.309,7712.519000000005,13.651281686122925,6,1,0,0,5,41.695510013023394,41.695510013023394,41.695510013023394,1.0,0.2791836835250844,0.0,0.0,1,0,0.0,0.0,0.0,1.0,0.0,0.2791836835250844,0.7208163164749156,0.0,0.2791836835250844,0.0,13,2,2023,9,27,5,1,1,0,1,0,1,GRAVE_LESIONADOS,1
3,1,11,2,2,3,-10.842270277456159,-77.32563034477572,0,0,5,1,2,1,1,1,5179.2231508408795,2.0,3,3,1.0,12,29,946.421334062972,0.6648206639635847,77.30224412515132,74.44304409992185,9.880266412948094,1313.5974451706288,255683.3613978353,9630.56087735032,1695.5892486725807,1439.068596572741,6495.9030321049995,1859.5686856891996,7770.992191661122,21.0849421264309,5,1,0,0,3,36.76129499326564,29.552759352231863,43.96983063429943,1.0,0.0,0.0,0.0,1,0,0.0,0.0,0.758793225371977,1.0,0.0,0.24120677462802298,0.758793225371977,0.0,0.24120677462802298,0.0,7,0,2021,2,21,1,0,1,0,1,0,1,GRAVE_LESIONADOS,1
3,1,13,0,4,2,-10.725600905079661,-77.70770869043824,1,4,1,0,2,2,2,2,6543.555,2.0,4,4,1.0,14,33,1198.0,0.6944664843132509,78.0280873512157,72.1459941230738,12.47810549374339,1320.797340397073,62957.16941628369,7845.823709751881,1624.9213444916902,1655.72973183794,4565.172633422252,1714.735886038009,6131.087823713873,22.09153834518164,8,1,0,0,6,43.38938991094718,35.48673022694727,51.29204959494708,1.0,0.16814108589474708,0.0,0.8318589141052529,1,0,0.0,0.0,0.8318589141052529,0.16814108589474708,0.0,0.16814108589474708,0.8318589141052529,0.0,0.16814108589474708,0.0,6,1,2023,8,15,2,0,0,0,1,0,1,GRAVE_LESIONADOS,1
6,1,4,0,4,1,-13.535307479834783,-73.87020000615732,0,4,0,0,2,2,2,1,1641.2416128267023,1.027904006787689,1,0,0.027904006787689006,8,32,297.465918167324,0.21738151225940194,70.06353347315647,45.95771732444933,4.367685904899723,160.2446947626363,2528.6875467738673,12667.175495236625,1805.6708667051896,1755.3803109824632,9106.12431754897,2460.3495984565366,10206.825896780087,19.417133847307383,12,1,0,0,11,31.860479966061554,31.860479966061554,31.860479966061554,1.0,0.027904006787689006,0.0,0.972095993212311,1,0,0.0,0.0,0.0,0.027904006787689006,1.0,0.0,0.0,0.972095993212311,1.0,0.972095993212311,17,2,2022,10,9,2,0,0,2,1,0,1,GRAVE_LESIONADOS,1
3,1,19,0,4,2,-5.0660732008558,-80.2044068457224,0,4,2,0,5,1,1,0,4057.7062190640295,0.8526719396288556,3,2,0.6175573132096185,12,32,753.2191552627863,0.4653748048968089,74.19666709322776,61.11371397478021,6.596218102126203,701.9088264424688,75914.02997858672,8965.846000060003,1782.4120000599992,636.9959999999999,6546.438000000004,2214.505000059999,6751.341000000004,24.699342371541725,6,2,0,0,4,32.32290119246733,25.529770747161525,39.11603163777313,1.0,0.6175573132096185,0.0,1.0,2,0,0.0,0.0,0.3824426867903815,0.0,1.0,0.0,0.0,1.0,1.0,0.3824426867903815,17,2,2021,4,11,3,0,0,0,1,0,1,GRAVE_LESIONADOS,1
5,1,1,0,4,0,-9.801346745994799,-77.09529178954152,0,4,0,0,3,1,0,1,6545.346896100798,2.0,3,3,1.0,13,32,1205.7682282735286,0.3391083457939428,75.76859179397687,46.95964683068976,4.921007562908849,393.1310286627006,8327.550199112997,10759.371008527389,1877.818346595252,1232.515249110666,7649.0374128214735,2114.954925876838,8644.416082650554,19.66325017123168,5,1,0,0,4,58.90707860916832,58.68406727117228,59.13008994716435,1.0,0.0,0.0,0.01858427816633612,1,0,0.0,0.01858427816633612,0.01858427816633612,0.0,0.0,0.0,1.0,0.0,0.9814157218336639,0.0,3,0,2023,2,7,1,0,0,0,1,0,1,GRAVE_LESIONADOS,1
4,1,6,0,4,1,-13.509184369553106,-74.1866665283704,0,4,7,1,2,1,1,0,7753.541966067513,2.0,2,0,1.0,9,31,2363.791755510755,0.5371608839757946,75.33100240671833,66.04394705338615,7.703695258804393,930.2265014128702,72937.94237526481,9852.641214227917,1441.3146076782882,1812.6440260674551,6598.682580482174,2323.4591712382544,7529.1820429896625,23.13027396186376,6,1,0,0,3,32.013267961396686,30.688779935661145,33.337755987132226,1.0,0.0,0.0,0.6622440128677709,1,0,0.0,0.3377559871322291,0.0,0.6622440128677709,0.0,0.6622440128677709,1.0,0.0,1.0,0.0,15,3,2021,3,25,1,0,1,0,1,0,1,GRAVE_LESIONADOS,1
3,2,7,0,4,0,-13.583989023926753,-71.59632624049685,0,4,0,0,1,2,2,2,6543.555,2.0,4,4,1.0,14,33,1198.0,0.2630496011374462,61.9762770795548,45.440831986109245,4.090541037088559,303.98413275170304,12650.088566023423,17779.13499998999,2097.3709999899997,2863.123,12818.640999999989,2878.713,14900.421999989989,16.19152450331032,4,2,0,0,2,33.14848415001293,21.593936600051737,44.70303169997413,1.0,1.0,0.0,0.0,2,0,0.0,0.0,0.0,1.0,1.0,0.0,0.0,1.0,0.2969683000258685,1.0,8,1,2023,6,4,3,0,0,2,1,0,1,GRAVE_LESIONADOS,1
6,1,1,0,4,1,-9.928233296624338,-77.3860333260319,1,4,6,0,2,2,2,1,9936.932,2.0,2,0,1.0,9,32,3830.0,0.4654799331603382,71.10800342011737,71.6956954286478,8.000201643545543,613.215156662713,3873.366167023554,10767.648,1885.0630000000003,1222.721,7659.864000000001,2100.343,8667.305000000002,19.506051832303577,16,1,0,0,15,26.99656727112886,26.99656727112886,26.99656727112886,1.0,0.0,0.0,0.7773963634587623,1,0,0.0,0.0,0.7773963634587623,0.22260363654123771,0.0,0.0,1.0,0.0,0.0,0.0,7,0,2021,7,8,1,0,0,0,1,0,1,GRAVE_LESIONADOS,1
3,2,3,0,4,1,-16.028818004776873,-71.30148728355154,1,4,0,0,2,1,1,1,1504.4250000000002,2.0,2,0,1.0,7,25,241.0,0.4685280505645348,81.83746865987648,70.74305753660312,6.037751599761188,617.4715908037651,1751.8736616702354,10322.272,1495.236,1749.739,7077.2970000000005,2886.595,7435.677000000001,27.964725207783708,5,2,0,0,3,41.138204024936954,36.962803254204346,45.31360479566956,1.0,0.0,0.0,0.0,2,0,0.0,0.26120017127391293,0.0,1.0,0.0,1.0,1.0,0.0,0.0,0.0,11,2,2021,5,8,4,0,0,0,1,0,1,GRAVE_LESIONADOS,1
6,1,12,0,4,1,-7.6912925888264025,-79.30064467639514,0,4,7,1,2,2,2,0,6543.555,3.0,2,0,1.0,0,30,1475.0,0.5877694970326877,77.06117612757038,70.3335579810125,8.65451725805477,1027.3837507233434,8918.6981542822,8931.828000000005,1335.5899999999997,1935.9830000000004,5660.255000000005,1219.309,7712.519000000005,13.651281686122925,6,1,0,0,5,47.131034240641654,47.131034240641654,47.131034240641654,1.0,0.0,0.0,0.0,1,0,0.0,0.0,0.0,1.0,0.0,1.0,0.0,0.0,1.0,0.0,17,2,2023,1,8,6,1,0,0,1,1,1,GRAVE_LESIONADOS,1
3,2,10,0,4,0,-10.259906311047663,-76.81840839363426,0,3,7,1,2,2,2,2,8852.3472041178,2.0,2,1,1.0,10,32,2988.7650936627565,0.5722050633792437,76.64205436911848,67.87072334798097,8.429415419026247,1011.1264105546151,27392.1470843222,8022.801455068925,1445.3203725684116,1049.9427068063173,5527.538375694196,1301.1757986486018,6721.625656420323,16.3904336298662,7,2,0,0,5,36.60286405868946,33.88610999187086,39.31961812550807,1.0,0.0,0.0,0.3196181255080712,2,0,0.0,0.6803818744919288,0.0,0.3196181255080712,0.3196181255080712,1.0,0.6803818744919288,0.6803818744919288,0.6803818744919288,0.6803818744919288,14,1,2022,8,9,3,0,0,1,1,0,1,GRAVE_LESIONADOS,1
5,2,20,0,4,1,-5.356420331963175,-79.97975453992882,5,4,1,0,2,2,2,1,6559.71707118551,2.8323784361594155,2,0,1.0,1,30,1498.6346405015224,0.5694769346596869,75.4028098787509,68.98999336976759,9.00646209483623,952.170030125512,11544.679158947618,1463.7510248986478,232.2938007403411,364.14026519286415,867.3169589654424,415.4158458444177,1048.33517905423,27.814306281335924,29,1,0,0,28,39.59813423952906,38.843837202246426,40.352431276811686,1.0,0.0,0.0,1.0,1,0,0.0,0.0,0.0,0.16762156384058446,0.0,0.16762156384058446,1.0,0.0,0.0,0.0,13,1,2023,10,25,5,1,1,0,1,0,1,GRAVE_LESIONADOS,1
6,1,3,1,4,1,-16.012603077060177,-72.91327577468226,0,4,1,0,1,1,1,0,6568.9019572858115,2.0,3,2,1.0,12,32,1307.8841334315382,0.6322539695012669,76.33330376007065,65.42594617888851,8.661903829266734,1337.223559290595,1775.624363832448,10322.272,1495.236,1749.739,7077.2970000000005,2886.595,7435.677000000001,27.964725207783708,15,1,0,0,14,31.15456842387191,31.15456842387191,31.15456842387191,1.0,0.0,0.0,0.0,1,0,0.0,0.0,0.262880701989326,0.737119298010674,0.0,0.0,1.0,0.0,0.0,0.0,4,0,2021,3,18,5,1,0,0,1,0,1,GRAVE_LESIONADOS,1
6,1,1,0,4,1,-9.891351158924351,-77.11199943369161,0,4,6,0,2,2,2,0,9815.624220432608,2.0,2,0,1.0,9,32,3735.910225765844,0.42772354083749964,71.51691113473915,43.261007781851795,6.12394435288727,729.7005741821198,1974.2054594366268,10767.648,1885.0630000000003,1222.721,7659.864000000001,2100.343,8667.305000000002,19.506051832303577,10,1,0,0,9,40.64251605534135,40.64251605534135,40.64251605534135,1.0,0.0,0.0,0.9642516055341354,1,0,0.0,0.0,1.0,0.0,0.0,1.0,0.0,0.0,1.0,0.0,12,2,2021,9,30,5,0,1,0,1,0,1,GRAVE_LESIONADOS,1
3,1,8,0,4,1,-13.47017066846244,-75.04044393796077,2,4,0,0,2,2,2,1,1679.5849999999998,2.0,2,3,1.0,9,24,315.0,0.3666140507346357,73.12310684188614,48.34344758952438,6.151823669594613,469.61872069577316,2953.7263514816495,8511.426,1445.3929999999996,2008.516,5057.516999999999,1879.579,6631.846999999998,22.08300935706896,9,1,0,0,7,39.83713226580208,33.4973196725047,46.176944859099464,1.0,0.2955763785225134,0.0,0.7044236214774866,1,0,0.0,0.7044236214774866,0.0,1.0,0.0,0.2955763785225134,0.7044236214774866,0.0,0.0,0.0,14,3,2024,3,3,0,0,0,2,1,0,1,GRAVE_LESIONADOS,1
3,2,6,0,4,1,-10.337336126553664,-75.61802233657463,3,4,3,0,1,1,1,2,565.9828396056578,2.0,2,0,0.4921166570858616,8,9,123.51123273932342,0.4308003884468498,73.8747637983661,60.16179410609903,6.5019373611319615,654.1641013285245,6307.652654722639,16871.883500323882,1918.5131694535346,1914.6020995163408,13038.768231354004,2446.3658793936866,14425.517620930195,14.400252769180293,5,2,0,0,3,34.03153337165655,28.6024834578838,39.46058328542931,1.0,0.5078833429141384,0.4921166570858616,0.4921166570858616,2,0,0.0,0.5078833429141384,0.0,0.4921166570858616,0.0,1.0,0.5078833429141384,0.0,0.5078833429141384,0.0,16,1,2021,7,16,3,0,0,2,0,0,1,GRAVE_LESIONADOS,1
3,1,12,0,4,1,-8.460520667741873,-78.72313660874461,0,4,7,1,2,2,2,0,6543.555,3.0,2,0,1.0,0,30,1475.0,0.5051395598219868,77.13285387085847,51.52067479184955,6.715328807318118,900.900383457586,67612.41755888652,8931.828000000005,1335.5899999999997,1935.9830000000004,5660.255000000005,1219.309,7712.519000000005,13.651281686122925,4,1,0,0,3,47.81407260747102,33.77484013674117,61.853305078200876,1.0,0.9057569335954744,0.0,0.0,1,0,0.0,1.0,0.9057569335954744,0.0,0.9057569335954744,0.0,1.0,0.0,0.9057569335954744,0.9057569335954744,2,0,2023,4,13,1,0,0,0,1,1,1,GRAVE_LESIONADOS,1
3,4,7,0,4,0,-13.60900610626791,-71.95093834526007,0,4,5,0,2,1,1,2,6543.555,2.0,4,4,1.0,14,33,1198.0,0.6348954939297919,77.6245715059073,78.73535107148551,10.276562257168177,1084.1455565765216,94654.62312633834,17779.13499998999,2097.3709999899997,2863.123,12818.640999999989,2878.713,14900.421999989989,16.19152450331032,19,1,0,0,17,33.41415300343576,32.17169399312849,34.656612013743015,1.0,0.0,0.0,1.0,1,0,0.0,0.0,0.8283060068715088,1.0,0.0,0.0,1.0,0.0,0.8283060068715088,0.0,15,2,2023,7,11,0,0,0,2,1,0,1,GRAVE_LESIONADOS,1
3,2,5,0,4,1,-6.052630901914364,-79.13541189250114,4,4,7,1,2,2,2,0,9936.932,2.0,2,0,1.0,9,32,3830.0,0.32406884136740044,78.21606570398653,31.083403877913938,4.488223953320088,431.65434949688506,8891.534686749423,15935.565011852366,1733.9250000199986,935.692,13265.948011832368,2000.1670000199988,13935.398011832369,12.551591352627522,7,2,0,0,4,41.58986184754942,30.820276304901153,59.539171085296545,1.0,0.897465461887356,0.0,1.0,2,0,0.0,0.897465461887356,0.10253453811264401,0.897465461887356,0.0,0.897465461887356,1.0,0.0,0.0,0.0,6,1,2021,6,10,3,0,0,2,1,0,1,GRAVE_LESIONADOS,1
5,1,16,0,4,1,-9.450798904411402,-77.19895770651044,0,4,7,0,2,1,0,0,7014.169120986432,2.6125928082758767,2,0,1.0,3,26,1729.9139321544733,0.6022623122923129,77.05401520512235,63.83609604321856,7.590414533123917,1255.55412143875,22162.8966933129,6858.790782121576,1347.0068754317667,1353.5501329931262,4158.233773696684,1504.3801454560585,5354.410636665518,21.53287618204741,5,1,0,0,4,29.83777842482763,29.83777842482763,29.83777842482763,1.0,0.3874071917241235,0.0,0.6125928082758765,1,0,0.3874071917241235,0.0,0.0,1.0,0.3874071917241235,0.6125928082758765,0.0,0.3874071917241235,0.3874071917241235,0.3874071917241235,18,2,2025,2,18,2,0,0,0,1,0,1,GRAVE_LESIONADOS,1
3,1,13,2,3,1,-11.736558430865971,-77.20446547637692,0,2,6,1,2,2,2,0,6630.891236740484,2.0,2,0,1.0,9,31,1576.6200680099776,0.6795137116654215,78.63848095478984,71.18831102475164,9.80621926548697,1413.81301941813,96002.25696875804,7233.774026344184,1573.3331695666152,1513.4123347971604,4147.028521980409,1710.1582966374408,5523.615729706744,23.470862650466927,5,2,0,0,3,35.17026372735627,22.847893272512444,47.4926341822001,1.0,0.0,0.0,0.0942103636124938,2,0,0.0,1.0,0.0,0.0942103636124938,0.0942103636124938,0.0,1.0,0.0,0.0942103636124938,0.0942103636124938,2,0,2023,5,11,3,0,0,0,1,0,1,GRAVE_LESIONADOS,1
5,1,7,0,4,1,-14.04938357750081,-71.9817350156845,0,4,7,1,5,1,1,2,6799.924036392374,2.0,3,3,1.0,12,26,1198.0,0.3946589618136435,71.52759934137069,57.19205308452478,5.3506584135104855,581.2581155820743,7566.083794941322,17779.13499998999,2097.3709999899997,2863.123,12818.640999999989,2878.713,14900.421999989989,16.19152450331032,5,1,0,0,3,33.94861200357741,31.982870667859135,37.38865934108438,1.0,0.7542823330352161,0.0,0.0,1,0,0.24571766696478392,0.0,0.0,1.0,0.0,0.24571766696478392,1.0,0.0,0.0,0.24571766696478392,8,1,2022,9,8,3,0,0,2,1,0,1,GRAVE_LESIONADOS,1
3,1,7,0,4,2,-14.197502844455604,-71.61519204976736,0,4,0,0,1,2,2,2,6543.555,2.0,4,4,1.0,14,33,1198.0,0.3033095938373343,67.9977208153805,52.1901236608956,4.3590329643442995,348.2125909770685,12534.36550337696,17779.13499998999,2097.3709999899997,2863.123,12818.640999999989,2878.713,14900.421999989989,16.19152450331032,4,1,0,0,2,34.187115797233105,23.90248045009721,44.471751144368994,1.0,0.9794890806796088,0.0,0.020510919320391174,1,0,0.0,0.0,0.0,1.0,0.9794890806796088,0.0,0.020510919320391174,1.0,0.9794890806796088,0.9794890806796088,8,0,2023,8,2,0,0,0,2,1,0,1,GRAVE_LESIONADOS,1
3,2,13,0,3,1,-12.066055480348659,-73.68753003690304,0,3,5,1,2,2,2,2,5961.861018780053,2.0,3,1,0.2493757879958921,10,32,572.7300314005781,0.4684498221695033,77.12994991545376,59.81230894094206,7.402915050038275,641.2205962171859,62496.967733292564,12608.126980675524,1874.9214562444215,1416.9041226243348,9316.301401806766,2018.8379121995197,10589.289068476004,15.780230191629862,9,2,0,0,7,46.24687893997946,43.249375787995895,49.9925094559507,1.0,0.0,0.2493757879958921,0.2493757879958921,2,0,0.0,0.7506242120041079,1.0,0.2493757879958921,0.2493757879958921,0.2493757879958921,0.7506242120041079,0.0,0.2493757879958921,0.2493757879958921,12,1,2022,8,3,5,1,0,2,1,0,1,GRAVE_LESIONADOS,1
3,1,3,1,2,3,-15.541510535970236,-72.23844377187274,0,3,0,0,2,2,2,0,6543.555,2.0,4,4,1.0,14,33,1198.0,0.5964685260105426,77.65708777266255,74.10132907164267,9.717109168048975,968.7633368651755,12702.27925285394,10170.250135493849,1477.7813721394396,1770.1016756151878,6922.367087739221,2704.3050793811144,7465.945056112733,26.399788848127088,6,1,0,0,4,28.53866657902688,25.87466659286474,31.093333241080927,0.8906666758919072,0.0,0.0,0.0,1,0,0.0,0.0,1.0,0.8906666758919072,0.10933332410809282,0.8906666758919072,0.8906666758919072,0.10933332410809282,0.0,0.10933332410809282,13,2,2021,10,26,5,1,1,0,1,0,1,GRAVE_LESIONADOS,1
5,1,10,2,3,2,-13.47242629075807,-76.15124683796687,0,2,0,1,2,1,1,0,6543.555,2.0,4,4,1.0,14,33,1198.0,0.5911031903770393,79.82264140530411,68.55387095722236,10.140863123141179,914.0920164216678,63546.53462278356,3721.461,698.1859999999996,744.866,2278.409,1102.9029999999996,2618.558,29.636290693359403,5,1,0,0,4,24.60751620403909,24.466781863100216,24.748250544977967,1.0,0.281468681877754,0.281468681877754,1.0,1,0,0.0,0.0,0.0,1.0,0.281468681877754,1.0,0.0,0.0,0.281468681877754,0.281468681877754,9,0,2023,9,3,1,0,0,0,1,0,1,GRAVE_LESIONADOS,1
3,2,5,0,4,1,-13.534985659628415,-73.80770288094446,1,4,0,1,2,2,2,2,7586.903,2.0,2,0,1.0,9,5,1198.0,0.322084035087714,68.2565430623806,48.52188006259091,5.265786752158488,373.7295293516498,7001.259964412836,12749.043826240537,1820.8136342537364,1816.3616894685313,9111.86850251827,2545.842179223861,10203.201647016676,19.94491056201388,16,2,0,0,14,48.135158335371564,40.905475006114685,55.364841664628436,1.0,0.0,0.07296833292568772,1.0,2,0,0.0,0.9270316670743123,0.9270316670743123,0.07296833292568772,0.07296833292568772,0.07296833292568772,0.9270316670743123,0.0,0.07296833292568772,0.07296833292568772,17,2,2024,1,12,4,0,0,2,1,0,1,GRAVE_LESIONADOS,1