CLASE SINIESTRO,CANTIDAD DE VEHICULOS DAÑADOS,DEPARTAMENTO,ZONA,TIPO DE VÍA,RED VIAL,COORDENADAS LATITUD,COORDENADAS  LONGITUD,CONDICIÓN CLIMÁTICA,ZONIFICACIÓN,CARACTERÍSTICAS DE VÍA,PERFIL LONGITUDINAL VÍA,SUPERFICIE DE CALZADA,¿EXISTE SEÑAL VERTICAL?,¿EXISTE SEÑAL HORIZONTAL?,CAUSA FACTOR PRINCIPAL,MTC_RVN_LONGITUD_KM,MTC_RVN_N_CARRILES_MEDIANA,MTC_RVN_SUPERFICIE_DOMINANTE,MTC_RVN_ESTADO_DOMINANTE,MTC_RVN_ES_CONCESIONADA,MTC_RVN_CONCESION_PRINCIPAL,MTC_RVN_CORREDOR_LOGISTICO,MTC_RVN_N_TRAMOS,IDH_2019,IDH_ESP_VIDA_2019,IDH_EDUC_SECUND_PCT_2019,IDH_ANIOS_EDUC_2019,IDH_INGRESO_PERCAP_2019,IDH_POBLACION_2019,MTC_DEP_RED_TOTAL_KM,MTC_DEP_NACIONAL_TOTAL_KM,MTC_DEP_DEPARTAMENTAL_TOTAL_KM,MTC_DEP_VECINAL_TOTAL_KM,MTC_DEP_PAV_TOTAL_KM,MTC_DEP_NO_PAV_TOTAL_KM,MTC_DEP_PCT_PAVIMENTADA,PER_TOTAL_PERSONAS,PER_N_CONDUCTORES,PER_N_CONDUCTORES_FUGADOS,PER_N_PEATONES,PER_N_PASAJEROS_OCUPANTES,PER_EDAD_COND_PROM,PER_EDAD_COND_MIN,PER_EDAD_COND_MAX,PER_ANY_COND_MASCULINO,PER_ANY_LIC_PROBLEMA,PER_ANY_DOSAJE_POS,PER_ANY_DOSAJE_EVALUADO,VEH_TOTAL,VEH_N_FUGADOS,VEH_ANY_FUGADO,VEH_ANY_CARGA,VEH_ANY_PUBLICO,VEH_ANY_PARTICULAR,VEH_ANY_MOTO,VEH_ANY_AUTO,VEH_ANY_CAMION_BUS,VEH_ANY_SOAT_PROBLEMA,VEH_ANY_CITV_PROBLEMA,VEH_ANY_SEGURO_PROBLEMA,HORA_NUM,FRANJA_HORARIA,ANIO,MES,DIA_MES,DIA_SEMANA,ES_FIN_SEMANA,ES_QUINCENA,REGION_NATURAL,TIENE_SEÑALIZACION,ES_VIA_MULTICARRIL,ES_DEPTO_BAJO_PAVIMENTO,CATEGORIA_SEVERIDAD,CATEGORIA_SEVERIDAD_ENC
3,1,23,0,4,1,-3.646507800351957,-80.60479792185362,1,4,5,0,2,2,2,2,6543.555,3.0,2,0,1.0,0,30,1475.0,0.5889152873916459,75.8408811797718,70.85685997584645,9.05216521243966,1022.842660177033,9619.898103142868,1009.101,138.47399999999996,287.471,583.156,276.972,732.129,27.447401201663663,11,1,0,0,10,42.74788273139626,42.74788273139626,42.74788273139626,1.0,0.8211261044851798,0.0,1.0,1,0,0.0,0.0,0.8211261044851798,0.8211261044851798,0.8211261044851798,0.8211261044851798,0.17887389551482025,0.8211261044851798,0.8211261044851798,0.8211261044851798,17,1,2024,5,7,5,1,0,0,1,1,1,GRAVE_LESIONADOS,1
3,1,14,0,2,4,-12.18273654238523,-76.92315925712212,0,3,2,0,1,2,2,2,6543.555,2.0,4,4,1.0,14,33,1198.0,0.6943657304190671,80.0112163792605,74.13694086476232,9.878089238633095,1421.0159958329893,455865.44176886627,7626.313,1683.4029999999998,1599.0829999999996,4343.827000000001,1814.875,5811.438000000001,23.797541485643197,8,1,0,0,6,30.506964878459794,25.57661366305775,35.437316093861845,1.0,1.0,0.0,0.5069648784597952,1,0,0.0,1.0,0.4930351215402048,0.0,0.0,0.0,1.0,1.0,0.5069648784597952,0.4930351215402048,13,2,2021,2,23,4,0,1,0,1,0,1,GRAVE_LESIONADOS,1
3,1,12,0,4,1,-7.717482261334367,-79.40084516222416,0,4,7,1,2,2,2,1,6543.555,2.1532169728311708,3,3,1.0,11,32,1240.4411014742343,0.5686735316990076,76.74749005535901,65.02696114676827,8.188417903442614,1008.0769033563055,9289.881214359604,8931.828000000005,1335.5899999999997,1935.9830000000004,5660.255000000005,1219.309,7712.519000000005,13.651281686122925,4,1,0,0,2,25.225735782649366,25.225735782649366,25.225735782649366,1.0,0.8467830271688292,0.0,0.0,1,0,0.0,0.0,0.0,1.0,0.0,1.0,0.0,0.0,1.0,0.0,12,2,2023,6,20,6,1,0,0,1,0,1,GRAVE_LESIONADOS,1
3,1,3,0,4,1,-15.967659780837403,-71.23983901027998,0,4,7,1,2,1,1,0,1504.4250000000002,2.0,2,0,1.0,7,25,241.0,0.46105963115111914,81.75597756053129,65.99400385549103,5.9327198612815115,618.743984249674,1594.8600895013662,10322.272,1495.236,1749.739,7077.2970000000005,2886.595,7435.677000000001,27.964725207783708,5,2,0,0,3,39.00554830837795,31.007397744503933,47.00369887225197,1.0,0.6007397744503934,0.0,1.0,2,0,0.0,0.0,0.3992602255496066,1.0,0.0,0.6007397744503934,0.3992602255496066,0.0,0.6007397744503934,0.0,7,0,2024,11,9,4,0,0,0,1,0,1,GRAVE_LESIONADOS,1
6,1,20,0,4,1,-16.38667887455115,-69.2297031886808,1,4,4,1,2,2,2,4,7586.903,2.0,2,0,1.0,9,5,1198.0,0.29493035635374004,73.10903117724612,66.54564477258025,6.465279387694892,230.23370768481294,18231.206743231436,13642.312999999998,2020.7790000000005,2354.117,9267.416999999998,3314.0520000000006,10328.260999999997,24.29244952817019,5,1,0,0,4,39.0,39.0,39.0,1.0,0.0,0.0,0.0,1,0,0.0,0.0,0.6818330320328587,0.3181669679671413,0.0,0.0,1.0,0.0,0.3181669679671413,0.0,4,0,2023,4,12,2,0,0,2,1,0,1,GRAVE_LESIONADOS,1
6,1,2,0,4,2,-13.562342925975523,-73.28807063924799,0,4,0,0,6,2,2,1,6543.555,2.0,4,4,1.0,14,33,1198.0,0.2586636151100467,75.82975552621541,57.36402360318578,4.29601175175609,194.87971905556122,2620.746690842326,8359.961719609872,1283.5098687460027,1302.713614965241,5773.738235898628,1435.5871266653996,6924.374592944472,17.1715914071391,4,1,0,0,3,34.88952652672704,34.88952652672704,34.88952652672704,1.0,0.9935015603957081,0.0,0.0,1,0,0.0,0.0,0.0,1.0,0.0,0.9935015603957081,0.006498439604291861,0.9935015603957081,0.9935015603957081,0.9935015603957081,22,2,2021,11,23,3,0,0,2,1,0,1,GRAVE_LESIONADOS,1
3,1,14,2,2,4,-12.013582799920496,-76.96122599072832,4,3,6,1,5,2,2,0,6543.555,2.0,4,4,1.0,14,33,1198.0,0.6949954750170618,79.732033851963,76.69212347243754,9.618617769664302,1433.08690575857,648928.075788898,7626.313,1683.4029999999998,1599.0829999999996,4343.827000000001,1814.875,5811.438000000001,23.797541485643197,9,1,0,0,7,35.211973448911785,30.605986724455892,39.81796017336767,1.0,0.7676644540759818,0.0,0.0,1,0,0.0,0.7676644540759818,0.7676644540759818,0.23233554592401817,0.0,0.0,1.0,0.7676644540759818,0.7676644540759818,0.7676644540759818,21,2,2022,5,13,3,0,0,0,1,0,1,GRAVE_LESIONADOS,1
4,1,6,0,4,1,-11.457220808281175,-73.99691545827243,0,4,7,1,2,1,1,2,8470.64180488907,2.0,2,0,1.0,9,15,2187.775247228026,0.2507281093775012,66.50997352868812,53.758390516084965,4.6922067585322385,218.52639947134924,5353.139488792044,17085.852347713742,1960.6955233660085,2138.3040431079176,12986.852781239815,2548.3318889318393,14537.520458781903,14.82271153442333,7,1,0,0,5,34.25632655143167,26.145034079533623,42.367619023329716,1.0,0.0,0.0,1.0,1,0,0.0,0.6239455747613883,0.37605442523861166,0.6239455747613883,0.0,0.6239455747613883,1.0,0.0,0.0,0.0,17,2,2023,5,2,0,0,0,2,1,0,1,GRAVE_LESIONADOS,1
6,1,5,0,4,2,-7.047914233998601,-78.2789881414133,1,4,0,0,1,2,2,1,6543.555,2.0,4,4,1.0,14,33,1198.0,0.2565265809502607,73.91317216291671,44.45857436295137,3.394270884735963,269.62281224699416,9145.63556003963,15935.565011852366,1733.9250000199986,935.692,13265.948011832368,2000.1670000199988,13935.398011832369,12.551591352627522,7,1,0,0,6,41.14289251051659,38.98417807074618,42.76192834034439,0.46032139005739836,0.46032139005739836,0.0,0.0,1,0,0.0,1.0,0.0,0.0,0.0,0.0,1.0,0.46032139005739836,1.0,0.46032139005739836,19,2,2021,3,13,3,0,0,2,1,0,1,GRAVE_LESIONADOS,1
6,1,0,1,4,2,-6.519072522478719,-77.81884703894802,0,4,0,0,7,2,2,0,6543.555,2.0,4,4,1.0,14,33,1198.0,0.27204143563226313,73.34723942957602,22.398216404826545,4.332436797392476,357.60078342173006,1883.94635410466,3854.2923906754,1134.4305021936004,581.1652406334288,2138.6966478483714,948.5268732821108,2905.76551739329,24.808587341135496,4,1,0,0,3,27.433971482149605,27.433971482149605,27.433971482149605,1.0,0.0,0.0,0.039451952922691436,1,0,0.0,0.039451952922691436,0.9605480470773086,0.0,0.0,0.0,1.0,0.0,0.0,0.0,10,1,2023,8,10,5,0,0,0,1,0,1,GRAVE_LESIONADOS,1
6,1,11,0,4,2,-12.08014681681648,-75.21867244260352,0,4,0,1,2,2,2,2,6543.555,2.0,4,4,1.0,14,33,1198.0,0.5262363178638801,73.38581382879772,72.91244283697384,8.443252000505945,798.7701956009158,13086.291165310015,12284.482186802119,1829.2758627036287,1123.606724626364,9331.599599472125,1613.5053234434572,10670.976863358661,13.116361776178534,4,1,0,0,3,36.217059622542976,36.217059622542976,36.217059622542976,1.0,0.0,0.0,0.985529358497135,1,0,0.0,0.0,0.0,1.0,0.0,0.985529358497135,0.014470641502865034,0.0,0.014470641502865034,0.0,6,1,2021,2,19,4,0,1,2,1,0,1,GRAVE_LESIONADOS,1
3,1,12,0,4,1,-7.244657797062904,-79.32029840134264,0,4,7,1,1,2,2,0,6543.555,2.8807714221821414,2,0,1.0,1,30,1441.9736839444531,0.47294229086505063,78.2874341797959,57.2951059116041,6.045408304043394,777.1985780426085,24645.700311739995,8931.828000000005,1335.5899999999997,1935.9830000000004,5660.255000000005,1219.309,7712.519000000005,13.651281686122925,4,1,0,0,3,24.430742933814305,24.430742933814305,24.430742933814305,1.0,1.0,0.0,0.0,1,0,0.0,0.0,0.8807714221821413,1.0,0.8807714221821413,0.0,0.11922857781785867,0.8807714221821413,0.0,0.0,20,2,2021,1,17,5,0,1,0,1,0,1,GRAVE_LESIONADOS,1
6,1,12,0,4,1,-8.237578119027095,-78.58519072859166,0,4,7,1,1,2,2,2,7734.319016766523,2.0,3,2,1.0,12,32,2121.590538902541,0.46778490140366336,75.67512440182662,54.02394084364621,6.325972780567103,769.9455043847317,68297.34915383006,8931.828000000005,1335.5899999999997,1935.9830000000004,5660.255000000005,1219.309,7712.519000000005,13.651281686122925,6,1,0,0,5,34.66725692976759,34.66725692976759,34.66725692976759,1.0,0.6490917405385481,0.0,0.0,1,0,0.0,0.0,0.0,1.0,0.0,0.6490917405385481,0.3509082594614519,0.0,0.6490917405385481,0.0,9,1,2023,8,28,5,1,1,0,1,0,1,GRAVE_LESIONADOS,1
3,2,4,0,4,1,-8.928881324206323,-76.81038759262589,0,4,3,1,2,2,2,0,7684.132335369454,2.0,2,0,1.0,9,13,1728.2974871990218,0.5674692875012899,72.51038555269805,71.25471486680584,9.348229023062837,966.4911173485968,103296.67374126034,14525.887900657375,1764.720913469393,1298.5573625525108,11462.609624635472,2210.182932451062,12315.704968206313,15.603574881421629,5,2,0,0,3,32.12934977839241,23.83581543956696,43.59702147251965,1.0,1.0,0.0,0.4328369120866078,2,0,0.0,1.0,0.0,1.0,0.4328369120866078,1.0,1.0,0.0,1.0,0.0,13,2,2021,5,31,4,0,1,2,1,0,1,GRAVE_LESIONADOS,1
3,1,6,0,4,1,-11.215456582397817,-74.36067865194822,0,4,7,1,2,1,1,2,8636.356481807967,2.0,2,0,1.0,9,17,2373.3733950170695,0.28534276365821354,69.64860948988543,54.834927881569435,4.972724234908771,276.6117447252138,5434.551910086343,16955.85114136199,1935.0667602901085,2002.3892925033645,13018.395088568515,2486.380327251079,14469.470814110911,14.566037958875206,4,1,0,0,3,45.39711316508818,38.20252886995972,52.591697460216636,1.0,0.0,0.0,1.0,1,0,0.0,0.5534295611637274,0.0,1.0,0.44657043883627257,0.5534295611637274,0.5534295611637274,0.0,0.0,0.0,14,1,2022,5,4,1,0,0,2,1,0,1,GRAVE_LESIONADOS,1
5,1,13,0,4,0,-11.491086629217664,-77.26464852967739,0,4,7,0,2,1,0,0,6543.555,2.96814323747174,2,0,1.0,0,30,1466.175676779672,0.606380437839918,79.09225603620487,64.39847644824121,7.239148576466991,1264.1907300724185,20935.317093053156,7667.902481332082,1672.3228038547581,1609.8155432957706,4385.764134181553,1795.9021953680942,5872.000285963988,23.474314496659847,5,1,0,0,4,31.3185676252826,31.159283812641302,31.477851437923903,1.0,0.0,0.0,0.9681432374717399,1,0,0.0,0.031856762528260085,0.0,0.9681432374717399,0.0,1.0,0.031856762528260085,0.0,0.031856762528260085,0.0,15,3,2024,2,27,3,0,1,0,1,0,1,GRAVE_LESIONADOS,1
3,2,19,1,2,2,-5.181862568087926,-80.58675218930046,0,4,3,1,2,2,2,0,4085.169916442648,2.0,3,2,1.0,7,26,712.2713987673927,0.6220812987247925,80.20155828147696,72.71675503872983,10.02377668600292,1028.915688621886,159840.92719486082,8965.846000060003,1782.4120000599992,636.9959999999999,6546.438000000004,2214.505000059999,6751.341000000004,24.699342371541725,9,2,0,0,7,36.48907546906006,36.22372696724006,36.754423970880055,1.0,0.530697003639993,0.0,1.0,2,0,0.0,0.0,0.530697003639993,1.0,0.530697003639993,1.0,0.46930299636000705,0.530697003639993,1.0,0.0,13,2,2021,6,22,3,0,1,0,1,0,1,GRAVE_LESIONADOS,1
6,1,8,0,4,1,-12.977272705492654,-75.66060649127776,0,4,0,0,2,1,1,0,1478.239655314246,1.0753771821574714,1,2,0.0,9,16,302.2614339633978,0.3355720659525154,69.6037602487347,49.176932361649676,5.901540291452898,373.67573858208925,1197.8967532618428,8444.708676169053,1463.3335231252993,1977.65409417772,5003.721058866033,1874.701794805683,6570.006881363369,22.212245957639336,4,1,0,0,3,23.959806736094258,23.959806736094258,23.959806736094258,1.0,0.0,0.0,0.0,1,0,0.0,0.0,0.0,1.0,0.0,1.0,0.0,0.0,0.0,0.0,6,1,2023,4,7,5,1,0,1,1,0,1,GRAVE_LESIONADOS,1
4,1,7,2,3,2,-14.62417503603642,-73.70617170276422,0,0,7,0,5,2,2,0,6581.890808038933,2.0,3,2,1.0,12,32,1364.1934013718503,0.733398998920994,79.15096279208264,79.58438070404857,12.208586943213254,1465.302888486227,101368.72580798718,9250.38062160514,1570.0496692725765,1689.839399337135,5990.491552995428,2460.487841822394,6789.8927797827455,26.307886841936963,22,1,0,0,20,39.79518373862129,35.024081306893535,44.56628617034905,1.0,0.6024081306893534,0.0,0.0,1,0,0.0,0.0,0.3975918693106466,0.6024081306893534,0.6024081306893534,0.0,0.3975918693106466,0.6024081306893534,1.0,0.0,13,2,2023,8,14,4,0,0,0,1,0,1,GRAVE_LESIONADOS,1
6,1,1,0,4,1,-9.93647764185145,-77.20200585894199,0,4,7,0,2,2,2,0,9936.932,2.0,2,0,1.0,9,32,3830.0,0.4464067398089922,71.33743556108288,54.083199961756115,6.8599066219781335,698.8094099825456,2681.750084727958,10767.648,1885.0630000000003,1222.721,7659.864000000001,2100.343,8667.305000000002,19.506051832303577,14,1,0,0,13,36.499069637461474,36.499069637461474,36.499069637461474,1.0,0.0,0.0,1.0,1,0,0.0,0.0,1.0,0.0,0.0,0.6249224697884563,0.37507753021154366,0.0,0.6249224697884563,0.0,9,1,2021,10,21,4,0,0,0,1,0,1,GRAVE_LESIONADOS,1
6,1,7,0,4,1,-13.885109593261884,-71.46345482931893,7,4,5,0,5,1,1,2,6773.280744425945,2.0,3,3,1.0,12,26,1198.0,0.2817996466757569,61.46221967841442,59.94392749373902,5.22767318167762,273.6262823371238,4178.871520342613,17779.13499998999,2097.3709999899997,2863.123,12818.640999999989,2878.713,14900.421999989989,16.19152450331032,31,1,0,0,30,36.66054397313057,36.66054397313057,36.66054397313057,1.0,0.22018132437685645,0.0,0.22018132437685645,1,0,0.0,0.0,0.22018132437685645,0.0,0.0,0.0,1.0,0.0,0.0,0.0,13,2,2023,8,17,4,0,1,2,1,0,1,GRAVE_LESIONADOS,1
3,1,3,0,4,1,-16.52419495896529,-71.76117322979715,0,4,5,1,2,0,1,0,2614.0875327028793,2.0,2,0,1.0,7,26,538.1027411799046,0.6105481451420971,78.10653088113892,68.35418098658066,8.411557426919764,1158.5430895193692,35025.678800856535,10322.272,1495.236,1749.739,7077.2970000000005,2886.595,7435.677000000001,27.964725207783708,9,3,0,0,5,32.124298477750614,23.94467248772301,39.241120812871685,1.0,0.0,0.0,0.7839252791418876,3,0,0.0,1.0,0.7839252791418876,0.2160747208581124,0.0,0.2160747208581124,1.0,0.0,0.0,0.0,19,2,2024,7,6,2,0,0,0,1,0,1,GRAVE_LESIONADOS,1
4,1,14,0,3,2,-11.698175163546244,-77.27432992345432,0,2,4,1,2,2,2,1,6543.555,2.5192800823952712,2,1,1.0,6,31,1341.8405828234902,0.781380521809066,79.29206803424307,77.91795933264876,13.33350861268325,1684.7745926358784,60027.25777045767,7626.313,1683.4029999999998,1599.0829999999996,4343.827000000001,1814.875,5811.438000000001,23.797541485643197,19,1,0,0,17,45.0,38.2699211535338,49.807199176047284,1.0,0.0,0.0,0.5192800823952713,1,0,0.0,0.0,0.48071991760472865,1.0,0.48071991760472865,0.5192800823952713,0.48071991760472865,0.0,0.48071991760472865,0.48071991760472865,8,1,2023,8,21,2,0,1,0,1,0,1,GRAVE_LESIONADOS,1
3,2,13,0,4,1,-6.70742328947389,-79.74226296779125,0,4,6,1,2,1,0,0,973.929043639885,2.0,2,2,0.14204805459766368,7,8,210.1873569971285,0.4548488786762521,80.11138646642542,61.35992910143228,7.951025100642007,527.8089817280525,10427.6419371122,3459.691,515.0619999999999,689.7280000000001,2254.901,703.3549999999999,2756.336,20.329994788551925,5,2,0,0,3,40.78126430028715,36.56819221839066,44.99433638218365,1.0,0.0,0.0,0.14204805459766368,2,0,0.0,0.8579519454023363,0.0,0.8579519454023363,0.0,0.14204805459766368,0.8579519454023363,0.8579519454023363,0.8579519454023363,0.8579519454023363,16,2,2021,5,8,5,0,0,0,1,0,1,GRAVE_LESIONADOS,1
4,1,3,0,4,1,-15.638011200079251,-71.08097988717888,3,4,7,1,2,0,1,0,934.825495529637,1.391378093363747,2,1,0.39137809336374696,8,11,150.92395781783455,0.4619629875401229,81.41819127739895,54.54012806822522,5.806510259375954,696.9629355124168,1367.8134275392974,10322.272,1495.236,1749.739,7077.2970000000005,2886.595,7435.677000000001,27.964725207783708,5,1,0,0,4,28.109469980319343,24.39137809336375,31.827561867274937,1.0,0.0,0.0,0.39137809336374696,1,0,0.0,0.0,0.39137809336374696,1.0,0.0,0.608621906636253,0.39137809336374696,0.0,0.0,0.0,10,1,2024,5,14,3,0,0,0,1,0,1,GRAVE_LESIONADOS,1
9,1,5,1,4,1,-13.504643628809397,-73.943094881719,0,4,0,0,2,1,0,2,6011.428982319908,2.0,3,3,0.8886932147847983,13,32,1118.6382621415612,0.21015827489702074,69.8214401922939,43.208997308735164,3.596713398219109,178.8068096797876,15520.57935697806,12785.985992097667,1829.083430104846,1838.6011738879893,9118.301388104832,2577.6123728517787,10208.373619245887,20.124707996287963,6,1,0,0,5,31.441705006987178,31.441705006987178,31.441705006987178,0.11130678521520165,0.8886932147847983,0.0,0.11130678521520165,1,0,0.0,0.0,0.0,1.0,0.0,1.0,0.0,0.0,0.11130678521520165,0.0,11,1,2022,4,13,3,0,0,2,1,0,1,GRAVE_LESIONADOS,1
3,2,19,0,4,1,-5.96046233445855,-79.49389103169592,0,4,2,1,2,2,2,2,6566.717703383859,2.7597728336044547,2,0,1.0,2,30,1508.8720304617718,0.5702199761224417,78.00037462019839,66.78963304588846,8.795082482913454,938.8427030716376,24617.768405899034,1660.6835570446212,272.93202775758334,397.34970477349043,990.4018245135474,475.383063768239,1185.3004932763822,27.973231921806715,6,2,0,0,4,35.55863700162673,34.357501169649,36.75977283360446,1.0,0.7597728336044547,0.0,0.0,2,0,0.0,0.2402271663955453,0.7597728336044547,0.7597728336044547,0.7597728336044547,1.0,0.2402271663955453,0.2402271663955453,1.0,0.7597728336044547,5,0,2023,3,20,5,0,0,0,1,0,1,GRAVE_LESIONADOS,1
5,1,5,0,4,1,-6.3465371719727175,-78.9604753738845,1,4,5,1,2,0,1,0,9936.932,2.0,2,0,1.0,9,32,3830.0,0.30829230671457836,73.92100085195067,47.18800462006192,4.191836276500444,359.75645913595474,6396.837379640939,15935.565011852366,1733.9250000199986,935.692,13265.948011832368,2000.1670000199988,13935.398011832369,12.551591352627522,7,1,0,0,5,42.0,38.63740311611315,47.60432813981142,1.0,0.28021640699057104,0.0,0.28021640699057104,1,0,0.0,1.0,0.0,0.28021640699057104,0.0,0.28021640699057104,1.0,0.0,0.0,0.0,5,0,2022,3,5,4,0,0,2,1,0,1,GRAVE_LESIONADOS,1
5,1,8,0,4,1,-12.881191805034542,-74.81471527686413,0,4,0,1,2,1,1,0,934.8206746727058,0.8937587516019978,1,0,0.0,9,32,136.32801560497504,0.19491765741276487,62.91335916292689,51.197713909228405,4.559536125856612,128.24079288158987,27109.98680841691,8511.426,1445.3929999999996,2008.516,5057.516999999999,1879.579,6631.846999999998,22.08300935706896,5,1,0,0,4,51.840638127403,51.309431885412984,52.37184436939301,1.0,0.0531206241990011,0.0,0.0,1,0,0.0,0.0,0.0,1.0,0.0,1.0,0.0,0.0,0.0,0.0,15,2,2022,6,6,0,0,0,2,1,0,1,GRAVE_LESIONADOS,1
3,1,5,0,4,1,-7.254103188326823,-78.65260053606818,1,4,7,0,1,1,1,2,887.28,2.0,2,0,1.0,8,17,155.0,0.34220594817672906,72.15817460746689,43.93905976048947,5.146896937737777,462.4461010301749,5386.235066005003,15935.565011852366,1733.9250000199986,935.692,13265.948011832368,2000.1670000199988,13935.398011832369,12.551591352627522,9,2,0,0,7,36.7734910192537,33.93372754813424,39.61325449037315,1.0,0.7955818365422829,0.20441816345771713,1.0,2,0,0.0,0.0,0.0,1.0,0.0,1.0,0.0,0.0,0.7955818365422829,0.0,6,0,2021,9,9,0,0,0,2,0,0,1,GRAVE_LESIONADOS,1
4,1,1,0,4,1,-9.75064100155587,-77.45228500373695,0,4,2,0,2,1,1,2,9936.932,2.0,2,0,1.0,9,32,3830.0,0.38194865328018046,73.08293987422265,60.441670076308455,6.636561977494266,430.5042906342868,2706.3481982331937,10767.648,1885.0630000000003,1222.721,7659.864000000001,2100.343,8667.305000000002,19.506051832303577,13,1,0,0,11,41.53331242099683,29.582944763767294,53.48368007822637,1.0,0.5829447637672944,0.0,0.4170552362327056,1,0,0.0,0.0,1.0,0.5829447637672944,0.5829447637672944,0.0,1.0,0.0,0.5829447637672944,0.5829447637672944,7,0,2022,4,19,0,0,0,0,1,0,1,GRAVE_LESIONADOS,1
6,1,4,0,4,0,-13.305385684272142,-73.75020564548211,0,4,0,0,3,2,2,2,6543.555,2.0,4,4,1.0,14,33,1198.0,0.24797510011022098,77.75185853026883,47.19984168307323,5.147003462192654,195.959791887654,6434.979252068231,12678.733000000004,1805.074000000001,1774.0339999999994,9099.625000000004,2485.375000000001,10193.358000000002,19.602707936195205,4,1,0,0,3,28.52028275302539,28.52028275302539,28.52028275302539,0.770883386088601,0.0,0.0,0.22911661391139904,1,0,0.0,0.0,0.0,1.0,0.0,0.0,1.0,0.770883386088601,0.770883386088601,0.770883386088601,7,0,2021,8,29,3,0,1,2,1,0,1,GRAVE_LESIONADOS,1
5,1,12,0,4,1,-8.689213650517868,-78.29461723583404,0,4,0,1,2,2,2,2,798.7233402344546,2.0,2,0,0.7682097223834203,8,26,238.61058601471464,0.4376033504807312,74.80892321480651,54.50294952060316,6.157136280498214,687.8239574217276,26229.048801094425,8629.222315717394,1416.2096718286552,1857.8928554709746,5355.119788417765,1357.3554084789957,7271.866907238399,16.00308606182367,6,1,0,0,5,39.956943750725394,36.36419444766841,43.54969305378238,1.0,0.0,0.0,0.23179027761657967,1,0,0.0,0.23179027761657967,0.0,0.7682097223834203,0.0,0.23179027761657967,1.0,0.7682097223834203,0.7682097223834203,0.7682097223834203,5,0,2021,9,7,4,0,0,0,1,0,1,GRAVE_LESIONADOS,1
3,1,8,0,4,1,-12.08161849409145,-75.28935175774312,0,4,4,1,2,1,0,0,762.1127951221033,-0.7041998236876994,1,0,0.09860005877076683,8,31,154.08399647375398,0.27764868157110034,66.34126686370816,56.760070686897215,4.5323721185548855,270.4896794683742,28862.929048383092,8552.877661907349,1434.5664177467931,2001.3642419371802,5116.947002223374,1814.4763391954257,6738.401322711921,21.25164051317458,7,1,0,0,5,48.21119952983386,39.197200117541534,57.2251989421262,1.0,0.9013999412292332,0.0,0.0,1,0,0.0,0.0,0.0,1.0,0.0,0.9013999412292332,0.09860005877076683,0.09860005877076683,0.09860005877076683,0.09860005877076683,5,0,2021,6,27,2,0,0,1,1,0,1,GRAVE_LESIONADOS,1
3,2,10,0,4,1,-12.404026784702948,-76.7317052552966,0,4,7,1,2,2,2,0,6623.961238616454,2.1660833995389632,2,0,1.0,7,30,1592.582240665006,0.5680871210029315,80.43072462139145,69.83203708119117,8.725669685429533,874.0019355941263,12088.698836244655,3677.9853485026856,667.7721435428266,735.7084935162206,2274.504711443638,1036.544709881006,2641.440638621679,28.090669432373446,9,2,0,0,7,53.828667196311706,49.16258379677274,58.49475059585067,1.0,0.0,0.0,0.8339166004610369,2,0,0.0,0.16608339953896312,0.16608339953896312,0.8339166004610369,0.0,0.8339166004610369,1.0,0.0,0.0,0.0,20,1,2023,8,21,5,0,1,0,1,0,1,GRAVE_LESIONADOS,1
8,1,15,0,4,1,-15.807221142722323,-73.01811230833755,0,4,3,0,4,2,2,2,6596.92644796614,2.0,2,1,1.0,11,31,1429.3759100793027,0.43700835238872715,76.88328352389777,77.17684938230634,7.795223433854803,557.7976199030821,1209.5257352611134,3243.3421362892686,668.0435306631192,629.8979706339015,1945.4006349922477,1087.6333098101006,2155.7088264791673,34.40609155593549,14,1,0,0,13,46.30296328035775,46.30296328035775,46.30296328035775,1.0,0.0,0.0,0.4464691146428167,1,0,0.0,0.4464691146428167,0.5535308853571833,0.0,0.0,0.0,1.0,0.0,0.0,0.0,7,1,2024,2,20,3,0,0,0,1,0,1,GRAVE_LESIONADOS,1