CLASE SINIESTRO,CANTIDAD DE VEHICULOS DAÑADOS,DEPARTAMENTO,ZONA,TIPO DE VÍA,RED VIAL,COORDENADAS LATITUD,COORDENADAS  LONGITUD,CONDICIÓN CLIMÁTICA,ZONIFICACIÓN,CARACTERÍSTICAS DE VÍA,PERFIL LONGITUDINAL VÍA,SUPERFICIE DE CALZADA,¿EXISTE SEÑAL VERTICAL?,¿EXISTE SEÑAL HORIZONTAL?,CAUSA FACTOR PRINCIPAL,MTC_RVN_LONGITUD_KM,MTC_RVN_N_CARRILES_MEDIANA,MTC_RVN_SUPERFICIE_DOMINANTE,MTC_RVN_ESTADO_DOMINANTE,MTC_RVN_ES_CONCESIONADA,MTC_RVN_CONCESION_PRINCIPAL,MTC_RVN_CORREDOR_LOGISTICO,MTC_RVN_N_TRAMOS,IDH_2019,IDH_ESP_VIDA_2019,IDH_EDUC_SECUND_PCT_2019,IDH_ANIOS_EDUC_2019,IDH_INGRESO_PERCAP_2019,IDH_POBLACION_2019,MTC_DEP_RED_TOTAL_KM,MTC_DEP_NACIONAL_TOTAL_KM,MTC_DEP_DEPARTAMENTAL_TOTAL_KM,MTC_DEP_VECINAL_TOTAL_KM,MTC_DEP_PAV_TOTAL_KM,MTC_DEP_NO_PAV_TOTAL_KM,MTC_DEP_PCT_PAVIMENTADA,PER_TOTAL_PERSONAS,PER_N_CONDUCTORES,PER_N_CONDUCTORES_FUGADOS,PER_N_PEATONES,PER_N_PASAJEROS_OCUPANTES,PER_EDAD_COND_PROM,PER_EDAD_COND_MIN,PER_EDAD_COND_MAX,PER_ANY_COND_MASCULINO,PER_ANY_LIC_PROBLEMA,PER_ANY_DOSAJE_POS,PER_ANY_DOSAJE_EVALUADO,VEH_TOTAL,VEH_N_FUGADOS,VEH_ANY_FUGADO,VEH_ANY_CARGA,VEH_ANY_PUBLICO,VEH_ANY_PARTICULAR,VEH_ANY_MOTO,VEH_ANY_AUTO,VEH_ANY_CAMION_BUS,VEH_ANY_SOAT_PROBLEMA,VEH_ANY_CITV_PROBLEMA,VEH_ANY_SEGURO_PROBLEMA,HORA_NUM,FRANJA_HORARIA,ANIO,MES,DIA_MES,DIA_SEMANA,ES_FIN_SEMANA,ES_QUINCENA,REGION_NATURAL,TIENE_SEÑALIZACION,ES_VIA_MULTICARRIL,ES_DEPTO_BAJO_PAVIMENTO,CATEGORIA_SEVERIDAD,CATEGORIA_SEVERIDAD_ENC
3,1,4,0,4,1,-13.398965519639088,-74.12508522170917,1,4,1,0,1,2,2,2,7377.793779166537,2.0,2,0,1.0,10,10,1198.0,0.34007380459434533,69.9764514517746,48.995978858860745,5.312618280182392,406.7006391646542,6880.233862491036,12678.733000000004,1805.074000000001,1774.0339999999994,9099.625000000004,2485.375000000001,10193.358000000002,19.602707936195205,14,1,0,0,12,47.998946610255004,42.80168542359199,53.196207796918024,1.0,0.20042135589799703,0.0,1.0,1,0,0.0,1.0,0.799578644102003,0.0,0.0,0.0,1.0,0.20042135589799703,0.0,0.0,16,2,2025,1,12,5,1,0,2,1,0,1,GRAVE_LESIONADOS,1
6,1,4,0,4,1,-13.451720822714089,-74.40568033064307,0,4,2,0,2,1,0,2,1680.8922082065765,1.5806197604823538,1,1,0.5806197604823538,9,27,310.8061976048235,0.2379009155274321,74.80910954242329,43.73533385058908,4.140033985868089,187.18801793374286,3326.349567994701,12678.733000000004,1805.074000000001,1774.0339999999994,9099.625000000004,2485.375000000001,10193.358000000002,19.602707936195205,8,1,0,0,7,36.64495808385883,36.64495808385883,36.64495808385883,1.0,0.0,0.0,0.41938023951764625,1,0,0.0,0.0,0.0,0.0,0.41938023951764625,0.5806197604823538,0.0,0.41938023951764625,0.41938023951764625,0.41938023951764625,12,1,2022,8,20,3,0,0,2,1,0,1,GRAVE_LESIONADOS,1
3,1,3,0,4,1,-16.257507785652553,-71.67056662097141,0,4,1,0,2,1,1,1,1504.4250000000002,2.0,2,0,1.0,7,25,241.0,0.6027847196268539,78.19196594364739,75.34905261915317,8.862412285217284,1032.893546120638,33718.98595127825,10322.272,1495.236,1749.739,7077.2970000000005,2886.595,7435.677000000001,27.964725207783708,5,2,0,0,3,44.5374394518032,39.007983115576465,49.915622549108015,1.0,0.0,0.0,1.0,2,0,0.0,1.0,0.22690985838288802,0.0,0.0,0.0,1.0,0.0,0.0,0.0,18,2,2021,3,20,3,0,0,0,1,0,1,GRAVE_LESIONADOS,1
5,1,12,0,4,1,-8.910432986424723,-78.64110404943284,0,4,7,1,2,2,2,1,939.36280382166,1.0019810404090284,2,0,1.0,4,23,113.76439799351206,0.4798913571498284,77.51175164085917,59.0322395285617,7.31023867780688,688.060341415821,17111.46992718613,3546.7748076840426,575.9824079853788,708.0709231313091,2262.721476567355,836.2738264222176,2710.500981261825,23.42594804073915,4,1,0,0,3,33.657421811424534,33.657421811424534,33.657421811424534,1.0,0.0,0.0,0.0,1,0,0.6673270134696762,0.33267298653032384,0.6673270134696762,0.0,0.6673270134696762,0.0,0.33267298653032384,0.6673270134696762,0.6673270134696762,0.6673270134696762,3,0,2022,8,18,1,0,1,0,1,0,1,GRAVE_LESIONADOS,1
3,2,9,0,4,1,-9.736252627240244,-76.38986174840782,0,4,7,1,2,2,2,2,9569.656589717619,2.0,2,0,1.0,9,29,3543.914007415738,0.5382582428989555,76.21922840852272,65.6850304631366,8.1956091728058,881.3975907570538,28779.00611086739,8209.057,1333.4779999999996,791.9770000000001,6083.602,1059.8589999999997,7149.198,12.910849565303296,8,2,0,0,6,43.720334585951285,42.877417695602844,44.563251476299726,1.0,0.0,0.0,0.16858337806968882,2,0,0.0,0.8314166219303112,0.0,0.16858337806968882,0.16858337806968882,1.0,0.8314166219303112,0.8314166219303112,1.0,0.8314166219303112,19,2,2021,8,4,4,0,0,2,1,0,1,GRAVE_LESIONADOS,1
3,1,12,0,4,1,-7.968301650075252,-78.63958581400641,0,4,0,0,2,2,2,2,610.6099999999999,2.0,2,0,1.0,8,29,100.0,0.3809823047796905,74.4473973089921,51.51705644975158,5.622573590650768,479.1502137748447,26695.141327623125,8931.828000000005,1335.5899999999997,1935.9830000000004,5660.255000000005,1219.309,7712.519000000005,13.651281686122925,6,1,0,0,4,36.28472005108164,29.393157048816345,43.176283053346936,1.0,0.0,0.0,0.0,1,0,0.0,0.7254276844489784,0.0,1.0,0.0,0.7254276844489784,1.0,0.2745723155510216,1.0,0.2745723155510216,12,2,2021,10,12,4,0,0,0,1,0,1,GRAVE_LESIONADOS,1
3,2,11,0,4,1,-10.446799024034524,-77.87817073125912,3,2,3,1,2,1,1,0,634.1922172980127,0.3617035759901275,2,1,0.4539011919967092,5,26,82.17737641551297,0.5527757158960177,75.57974345686137,62.4386719666199,8.694522454110485,953.445361068609,8133.74522560541,3602.6432849710213,615.0657981167943,719.8387960756854,2267.7386907785412,921.5476865400985,2681.0955984309226,25.412151889093195,7,2,0,0,5,47.684395232013166,44.368790464026326,51.0,1.0,0.0,0.0,1.0,2,0,0.0,0.0,0.0,0.5460988080032908,0.0,1.0,0.0,0.0,0.0,0.0,11,2,2022,3,28,3,0,1,0,1,0,1,GRAVE_LESIONADOS,1
6,1,1,0,4,1,-9.944927311307936,-77.15306433228933,1,4,6,0,2,2,2,0,9936.932,2.0,2,0,1.0,9,32,3830.0,0.44149072645395737,71.39657046567301,49.5436736571785,6.566001692088167,720.8708699952098,2374.617426513384,10767.648,1885.0630000000003,1222.721,7659.864000000001,2100.343,8667.305000000002,19.506051832303577,9,1,0,0,8,36.50585062334864,36.50585062334864,36.50585062334864,1.0,0.0,0.0,0.7859928868261258,1,0,0.0,0.0,0.7859928868261258,0.21400711317387422,0.0,0.7859928868261258,0.21400711317387422,0.0,0.7859928868261258,0.0,13,3,2021,8,28,5,0,1,0,1,0,1,GRAVE_LESIONADOS,1
4,1,14,2,2,4,-12.070056191615468,-76.99856984433818,0,1,4,1,2,2,2,0,6543.555,2.0,4,4,1.0,14,33,1198.0,0.7110294972886694,80.11672846485776,76.25912255628423,10.51166350617504,1446.044330648746,496314.39104642416,7626.313,1683.4029999999998,1599.0829999999996,4343.827000000001,1814.875,5811.438000000001,23.797541485643197,9,1,0,0,7,27.902106086504773,23.14684087024284,32.657371302766705,1.0,0.47552652162619335,0.0,0.0,1,0,0.0,0.47552652162619335,0.47552652162619335,0.5244734783738066,0.0,0.0,1.0,0.47552652162619335,0.0,0.47552652162619335,15,1,2023,7,28,2,0,1,0,1,0,1,GRAVE_LESIONADOS,1
3,2,4,1,4,1,-10.158929623952812,-76.87303077013632,3,4,7,1,2,0,1,0,6875.522468490487,2.0,3,2,1.0,12,24,1198.0,0.47587324647475854,74.89561481531017,69.4649155845658,7.082336633809915,677.3091799087052,15304.786026064601,11243.923516587949,1866.4182508979995,1185.4365925993511,8192.0686730906,1937.4987005469789,9306.424816040972,17.42079837542248,6,2,0,0,4,50.11361323328046,43.81810251410444,56.40912395245648,1.0,0.0,0.0,0.31817520950870315,2,0,0.0,0.6818247904912969,0.31817520950870315,0.6818247904912969,0.0,0.6818247904912969,1.0,0.0,0.0,0.0,15,2,2023,7,6,3,0,0,0,1,0,1,GRAVE_LESIONADOS,1
6,1,5,0,4,2,-7.205383429238532,-78.39064842557471,1,4,0,0,1,2,2,0,6543.555,2.0,4,4,1.0,14,33,1198.0,0.293015953580758,74.05041647543122,41.35073884149215,3.9361478746011356,342.2752130639299,9835.578116116583,15935.565011852366,1733.9250000199986,935.692,13265.948011832368,2000.1670000199988,13935.398011832369,12.551591352627522,8,1,0,0,7,43.59966912426507,42.53285540171621,44.39977941617671,0.7332965693627858,0.7332965693627858,0.0,0.0,1,0,0.0,0.7332965693627858,0.26670343063721424,0.0,0.0,0.26670343063721424,0.7332965693627858,0.7332965693627858,1.0,0.7332965693627858,15,3,2022,3,22,4,0,0,2,1,0,1,GRAVE_LESIONADOS,1
5,1,22,0,4,1,-16.79726765001594,-70.67069186043398,0,4,6,1,6,2,2,4,6543.555,2.0,4,4,1.0,14,33,1198.0,0.24805000617616646,72.18332478021286,66.41659713846381,6.629371542014581,151.49501928660754,1185.3546484536037,2596.378864527501,614.4230588883819,480.7616352536245,1501.194170385494,1042.5630483233379,1553.8158162041625,39.89469652739997,4,1,0,0,2,37.933970036056074,37.933970036056074,37.933970036056074,1.0,0.03301498197196251,0.03301498197196251,1.0,1,0,0.0,0.9669850180280375,0.0,0.03301498197196251,0.03301498197196251,0.03301498197196251,0.9669850180280375,0.03301498197196251,0.03301498197196251,0.0,12,2,2023,1,10,3,0,0,0,1,0,1,GRAVE_LESIONADOS,1
3,1,19,0,4,1,-5.5563194564979534,-80.03259104399213,0,4,7,1,2,1,1,0,482.4361852187265,2.0,2,2,0.16007410548673062,7,30,122.11496082690232,0.48853593842212273,75.79306360964532,63.19933643810695,7.065953547136292,748.574318464525,43985.26866723035,8434.286317219556,1627.5665551452828,689.5486489795045,6117.17111309477,2022.240152024388,6412.046165195169,23.61924258188621,5,2,0,0,3,40.47929599787606,38.55933305061942,42.399258945132694,1.0,1.0,0.16007410548673062,0.16007410548673062,2,0,0.0,0.0,1.0,0.8399258945132694,1.0,0.0,0.16007410548673062,0.0,1.0,0.0,16,3,2023,2,18,2,0,1,0,1,0,1,GRAVE_LESIONADOS,1
6,1,3,1,4,2,-15.92281203713462,-72.94196710522905,0,4,1,0,2,2,2,0,6543.555,2.0,4,4,1.0,14,33,1198.0,0.6051592681928016,75.27457714242017,63.37121332638874,8.402504627076677,1260.8804157136983,1790.1542055194634,10322.272,1495.236,1749.739,7077.2970000000005,2886.595,7435.677000000001,27.964725207783708,5,1,0,0,4,28.212674162542605,28.212674162542605,28.212674162542605,1.0,0.21267416254260474,0.0,0.0,1,0,0.0,0.21267416254260474,0.0,0.7873258374573953,0.0,0.0,1.0,0.0,0.21267416254260474,0.0,6,0,2021,4,22,3,0,1,0,1,0,1,GRAVE_LESIONADOS,1
3,1,20,0,4,1,-16.253212736688482,-69.67956785220927,0,4,0,0,2,2,2,2,514.3094961411571,1.015835040516785,0,3,0.01583504051678508,9,32,70.14695643223581,0.4020198374784472,77.80062735845667,75.295761294875,7.279851651626652,372.63390314535104,50686.62526766595,13642.312999999998,2020.7790000000005,2354.117,9267.416999999998,3314.0520000000006,10328.260999999997,24.29244952817019,9,1,0,0,7,48.66626792542624,43.25336064826856,54.079175202583926,1.0,0.0,0.0,0.9841649594832149,1,0,0.0,0.0,0.9841649594832149,1.0,0.0,0.9841649594832149,1.0,0.9841649594832149,0.0,0.0,13,2,2022,1,30,0,0,1,2,1,0,1,GRAVE_LESIONADOS,1
3,1,20,1,4,0,-5.994062835544836,-77.328242567115,0,0,7,1,1,2,2,0,7734.158095562119,2.0,2,0,1.0,9,20,2114.392112703027,0.4793376034156241,73.52454927847279,53.86570505661481,6.286014598777879,848.9365603721881,47489.262459012054,5710.546047396644,825.4350009074827,984.6160717442375,3900.4949747449236,1017.5037752065332,4693.04227219011,17.866256284797938,5,1,0,0,3,24.12689673781245,18.73635489838288,29.517438577242025,1.0,0.9800985162599222,0.0,0.0,1,0,0.0,0.0,1.0,0.9800985162599222,0.9800985162599222,0.0,0.01990148374007783,0.9800985162599222,0.9800985162599222,0.9800985162599222,5,0,2024,10,12,6,1,0,0,1,0,1,GRAVE_LESIONADOS,1
7,1,5,0,4,1,-6.35357792870618,-78.42959001905541,0,3,0,0,1,2,2,0,6909.170177021436,2.0,3,2,1.0,12,29,1479.4093678706413,0.45558141673811375,70.65646550225493,62.96332619546913,7.09813424847102,671.0026053906792,31449.447062291147,15935.565011852366,1733.9250000199986,935.692,13265.948011832368,2000.1670000199988,13935.398011832369,12.551591352627522,7,1,0,0,6,27.41750654724229,23.80583551574743,31.02917757873715,1.0,0.300972585957905,0.0,1.0,1,0,0.0,0.0,0.0,1.0,0.300972585957905,0.0,0.699027414042095,0.699027414042095,0.699027414042095,1.0,13,1,2023,8,4,0,0,0,2,1,0,1,GRAVE_LESIONADOS,1
3,1,14,0,3,1,-11.377156064045383,-77.46257682474864,0,2,5,0,2,2,2,1,6543.555,2.747088194443713,2,1,1.0,3,30,1404.9434298609085,0.758327709266546,78.77883156185423,77.15829895291614,13.480134388606682,1552.5097778119568,60969.805297351544,7626.313,1683.4029999999998,1599.0829999999996,4343.827000000001,1814.875,5811.438000000001,23.797541485643197,11,2,0,0,9,42.385191319447,28.758735416668863,55.0,1.0,0.0,0.0,0.7470881944437129,2,0,0.0,0.0,0.2529118055562871,1.0,0.2529118055562871,0.7470881944437129,1.0,0.0,0.2529118055562871,0.2529118055562871,19,2,2024,6,19,1,0,1,0,1,0,1,GRAVE_LESIONADOS,1
3,1,10,1,4,1,-15.293963559360657,-75.12801531632822,0,4,7,1,2,2,2,0,196.8,2.0,2,0,1.0,4,27,35.0,0.5563774842369664,77.00938809632027,69.10246351364754,8.476961866273152,914.8835608305218,27932.19700214133,3721.461,698.1859999999996,744.866,2278.409,1102.9029999999996,2618.558,29.636290693359403,5,1,0,0,3,55.0060978041038,36.29561037850574,73.71658522970186,1.0,0.0,0.0,0.9595121756716956,1,0,0.0,0.9595121756716956,0.9595121756716956,0.040487824328304445,0.0,0.040487824328304445,0.9595121756716956,0.0,0.9595121756716956,0.9595121756716956,19,2,2022,7,21,0,0,1,0,1,0,1,GRAVE_LESIONADOS,1
6,1,14,2,3,2,-11.977540736291429,-76.94705030416291,0,0,2,1,2,2,2,0,3159.2018012246035,2.0,2,1,1.0,7,21,575.8109412728093,0.7009713020545487,79.81161028430682,76.97340854571378,9.919210800939629,1438.693143965972,622505.5881708023,7626.313,1683.4029999999998,1599.0829999999996,4343.827000000001,1814.875,5811.438000000001,23.797541485643197,6,1,0,0,4,42.71909178921434,42.12198136817097,43.31620221025771,1.0,0.0,0.0,0.0,1,0,0.0,0.0,0.0,1.0,0.0,0.5971104210433692,0.4028895789566308,0.0,0.0,0.0,12,1,2023,9,27,3,0,1,0,1,0,1,GRAVE_LESIONADOS,1
6,1,5,0,4,2,-5.931000391292398,-78.95156615734159,0,4,6,0,1,2,2,1,6543.555,2.0,4,4,1.0,14,33,1198.0,0.31062919344744055,75.36493780583254,32.295087126238194,4.617754977538566,388.8199508608605,8778.83634434421,15935.565011852366,1733.9250000199986,935.692,13265.948011832368,2000.1670000199988,13935.398011832369,12.551591352627522,7,1,0,0,6,51.31566306444275,51.31566306444275,51.31566306444275,1.0,0.06478218982912498,0.0,1.0,1,0,0.0,1.0,0.0,0.0,0.06478218982912498,0.0,0.935217810170875,0.06478218982912498,0.06478218982912498,0.06478218982912498,17,1,2024,5,13,4,0,0,2,1,0,1,GRAVE_LESIONADOS,1
6,1,10,0,4,0,-11.395443259536044,-75.53828240351112,0,4,0,0,2,2,2,0,6543.555,2.0,4,4,1.0,14,33,1198.0,0.2774080689921211,76.30329760092458,45.98592872765743,4.746326711617566,234.7723268455816,5170.410451033184,12269.417960905677,1826.2123446314895,1113.4039067588658,9329.80170951532,1599.0873954670035,10670.330565438675,13.030505111871811,4,1,0,0,3,42.79999339576104,42.79999339576104,42.79999339576104,1.0,0.9882349056330023,0.0,0.0,1,0,0.0,0.0,0.0,0.011765094366997686,0.0,0.9882349056330023,0.011765094366997686,0.011765094366997686,0.011765094366997686,0.011765094366997686,8,0,2022,1,28,4,0,1,2,1,0,1,GRAVE_LESIONADOS,1
1,1,5,2,4,1,-5.721303308457786,-78.77726161657739,0,1,7,0,2,0,1,2,7758.33400008,2.0,2,0,1.0,9,20,2133.0,0.5803239946829384,74.49544278598792,68.33065356443184,8.733179344969395,1046.078117086984,102362.46895074946,15935.565011852366,1733.9250000199986,935.692,13265.948011832368,2000.1670000199988,13935.398011832369,12.551591352627522,5,1,0,1,2,31.936456841052053,31.05462830315738,32.818285378946726,1.0,0.5878856919297817,0.4121143080702183,1.0,1,0,0.0,0.0,0.5878856919297817,1.0,1.0,0.0,0.0,0.0,1.0,0.5878856919297817,16,2,2023,7,6,2,0,0,2,1,0,1,GRAVE_LESIONADOS,1
3,1,5,0,4,1,-7.24856394285331,-78.86525899204159,3,4,7,0,1,0,0,2,887.28,2.0,2,0,1.0,8,17,155.0,0.4221528486816932,72.50006283192447,51.89827241350541,6.129734559932209,680.1792096149045,6130.374965693832,15935.565011852366,1733.9250000199986,935.692,13265.948011832368,2000.1670000199988,13935.398011832369,12.551591352627522,7,2,0,0,5,34.99162112842805,29.479052821070134,40.504189435785975,1.0,0.4986035214046757,0.5013964785953243,1.0,2,0,0.0,0.0,0.0,1.0,0.0,1.0,0.0,0.0,0.4986035214046757,0.0,8,0,2021,9,17,1,0,0,2,0,0,1,GRAVE_LESIONADOS,1
5,1,10,0,4,1,-9.083164696809124,-77.94042416846708,0,4,6,0,2,2,2,0,723.7811331226922,2.0,2,0,1.0,7,28,117.8528328236823,0.5939136608062616,79.98517963520824,66.35927217995845,8.57862927919803,1037.4161053675168,34561.63537504083,9107.880228955268,1355.8037116948194,1912.4015603091218,5839.674956951327,1430.4138101224537,7677.466418832813,15.46359029834582,5,1,0,0,3,28.912164219465907,28.279085041321146,29.54524339761067,1.0,0.0,0.0,0.1266158356289525,1,0,0.0,0.1266158356289525,0.0,0.8733841643710475,0.0,0.0,1.0,0.0,0.8733841643710475,0.0,11,1,2022,7,7,4,0,0,0,1,0,1,GRAVE_LESIONADOS,1
3,1,5,0,4,1,-13.127690129012876,-73.95962890733595,0,4,5,0,2,1,1,2,7586.903,2.0,2,0,1.0,9,5,1198.0,0.3546199520233651,74.95236608915303,66.74851585128316,5.402781510456411,355.985661995545,5444.623428652246,12759.675372077787,1823.1935898306724,1822.7619665642676,9113.719815682847,2554.985288783809,10204.690083293977,19.996654270579793,5,2,0,0,3,50.81595542246373,40.65597256766999,60.97593827725748,1.0,0.9159982854793743,0.0,0.0,2,0,0.0,0.9159982854793743,0.9159982854793743,0.08400171452062566,0.9159982854793743,0.08400171452062566,0.9159982854793743,0.0,1.0,0.08400171452062566,7,1,2021,7,25,1,0,1,2,1,0,1,GRAVE_LESIONADOS,1
3,1,12,0,4,1,-7.9848619603589075,-78.25899244475652,0,4,7,1,2,2,2,1,9936.932,2.0,2,0,1.0,9,32,3830.0,0.4320883936567258,76.718936301794,43.003289188979466,6.269065613037991,662.0777072841523,13167.552462526766,8931.828000000005,1335.5899999999997,1935.9830000000004,5660.255000000005,1219.309,7712.519000000005,13.651281686122925,12,1,0,0,11,39.799398596530224,37.41405749192694,42.184739701133495,1.0,0.0,0.0,0.0,1,0,0.0,0.6815260298866503,0.31847397011334966,0.0,0.0,0.0,1.0,0.0,0.0,0.0,10,1,2023,7,22,4,0,1,0,1,0,1,GRAVE_LESIONADOS,1
3,1,11,0,4,2,-8.038159983341775,-78.42728448618061,0,4,4,0,1,2,2,2,6543.555,2.0,4,4,1.0,14,33,1198.0,0.4113800398617953,78.27052736292293,52.77324672227185,5.019998033004903,689.7252045277202,24720.714420476535,8700.620566846323,1334.9143916830908,1570.02657566586,5795.679599497371,1168.3024914151858,7532.318075431135,13.414424631704247,4,1,0,0,2,38.51879331723395,31.717696332901177,45.31989030156672,1.0,0.0,0.0,0.0,1,0,0.0,0.3198903015667227,0.6801096984332773,0.0,0.6801096984332773,0.0,0.3198903015667227,0.0,0.3198903015667227,0.0,17,2,2021,3,4,2,0,0,0,1,0,1,GRAVE_LESIONADOS,1
3,1,15,0,4,0,-6.466757330847191,-78.93509138841557,0,4,4,0,2,2,2,0,6543.555,2.6690800168622832,2,1,1.0,4,30,1383.3351646708525,0.5458377190316533,73.95743910536719,64.78354482538033,8.95188146702512,899.1681102192329,81873.34563689392,4182.898422548407,614.3426278210788,780.9196197532607,2787.6361749740677,805.9570716918322,3376.941350856575,19.543017121004507,13,1,0,0,12,48.683560118035984,37.97827984823945,59.388840387832516,1.0,0.6690800168622832,0.0,0.6690800168622832,1,0,0.0,0.0,0.6690800168622832,0.33091998313771676,0.0,0.0,1.0,0.0,1.0,0.0,6,0,2021,9,26,3,0,1,0,1,0,1,GRAVE_LESIONADOS,1
3,1,12,0,4,1,-7.698014802144586,-79.42745474826744,0,4,7,1,2,2,2,2,6543.555,2.0576655050649633,3,3,1.0,13,32,1213.9733449029948,0.5605164445866666,76.61349501649897,62.760180081206855,7.98931757140171,999.8297352720696,9448.43683083512,8931.828000000005,1335.5899999999997,1935.9830000000004,5660.255000000005,1219.309,7712.519000000005,13.651281686122925,4,1,0,0,2,26.248954697533556,26.248954697533556,26.248954697533556,1.0,0.942334494935037,0.0,0.0,1,0,0.0,0.0,0.0,1.0,0.0,1.0,0.0,0.0,1.0,0.0,12,3,2023,6,22,6,1,0,0,1,0,1,GRAVE_LESIONADOS,1
6,1,7,0,4,2,-13.164049986025688,-72.3605804304357,1,4,1,0,2,1,0,0,6543.555,2.0,4,4,1.0,14,33,1198.0,0.43727664007358236,74.08166769737417,61.343438747759585,6.80271867513543,586.2277234899652,3441.1824068453043,17779.13499998999,2097.3709999899997,2863.123,12818.640999999989,2878.713,14900.421999989989,16.19152450331032,17,1,0,0,16,57.40027575417889,57.40027575417889,57.40027575417889,1.0,0.8230875290068804,0.0,0.0,1,0,0.0,0.8230875290068804,0.0,0.0,0.0,0.0,1.0,0.8230875290068804,0.8230875290068804,0.0,7,1,2023,5,15,6,1,1,2,1,0,1,GRAVE_LESIONADOS,1
5,1,14,2,3,1,-12.011953930988708,-76.87615132683935,0,0,0,1,2,2,2,0,1113.566585484674,2.0,2,0,1.0,3,14,199.73558074573327,0.6868549636939637,79.62363164345142,76.30894566128948,9.209137883551294,1425.4498631666322,684921.8484148846,7626.313,1683.4029999999998,1599.0829999999996,4343.827000000001,1814.875,5811.438000000001,23.797541485643197,6,2,0,0,4,53.3284363801039,52.11857274888637,54.53830001132143,1.0,0.04197272624350601,0.0,0.0,2,0,0.0,0.04197272624350601,0.04197272624350601,0.958027273756494,0.0,0.958027273756494,0.04197272624350601,0.04197272624350601,0.04197272624350601,0.04197272624350601,7,1,2022,7,26,5,1,0,0,1,0,1,GRAVE_LESIONADOS,1
4,1,12,0,4,1,-7.943807423746941,-78.74012661386848,0,4,7,1,2,2,2,2,6543.555,2.528917149295487,2,1,1.0,6,31,1344.51005035485,0.5061729540382895,77.22251119847277,55.27969290956325,7.430415221155844,829.4123585028162,14434.586518390479,8931.828000000005,1335.5899999999997,1935.9830000000004,5660.255000000005,1219.309,7712.519000000005,13.651281686122925,9,1,0,0,7,44.140381515489075,41.46267438872779,46.34700579154584,0.5289171492954868,0.0,0.0,0.0,1,0,0.0,0.5289171492954868,1.0,0.0,0.47108285070451317,0.0,0.5289171492954868,0.47108285070451317,0.0,0.47108285070451317,12,1,2024,3,9,2,0,0,0,1,0,1,GRAVE_LESIONADOS,1
8,1,14,0,4,1,-15.680998179744241,-73.25308602972864,0,4,2,0,3,2,2,1,6601.604366321068,2.0,2,1,1.0,10,31,1449.6556225078425,0.4544937180664819,77.30460521859504,78.11624260776826,7.902824261576825,595.8091923514071,1221.146837645102,3295.29744959761,671.318995316679,642.3910982628756,1981.5873560180553,1089.2926075248579,2206.004842072752,33.887775887923134,15,1,0,0,14,47.03070415698,47.03070415698,47.03070415698,1.0,0.0,0.0,0.3979530562013335,1,0,0.0,0.3979530562013335,0.6020469437986665,0.0,0.0,0.0,1.0,0.0,0.0,0.0,7,1,2024,2,21,3,0,0,0,1,0,1,GRAVE_LESIONADOS,1
7,1,10,1,4,1,-13.92942650853564,-75.94299405862843,0,3,7,1,2,2,2,1,6639.975,2.0,2,0,1.0,9,31,1616.0,0.6053164595604621,78.88848309050202,67.63954639531094,9.133324993872453,1064.9426147896202,27932.19700214133,3721.461,698.1859999999996,744.866,2278.409,1102.9029999999996,2618.558,29.636290693359403,7,1,0,0,6,34.759411115636794,34.759411115636794,34.759411115636794,1.0,0.0,0.6898527789091979,1.0,1,0,0.0,0.0,0.0,0.31014722109080206,0.0,0.0,1.0,0.0,0.0,0.0,3,0,2021,5,12,5,1,0,0,1,0,1,GRAVE_LESIONADOS,1
4,1,5,0,4,1,-9.038056380406198,-75.90970077896897,0,4,3,0,1,2,2,2,7014.456269516078,2.0,3,2,1.0,11,20,1198.0,0.3749781417120769,75.80774672433782,51.23308121456178,6.077594538085155,442.2183086308796,19478.201640861276,16767.63585289078,1897.961527416815,1805.6123955004869,13064.061929973477,2396.6870745482042,14370.948778342576,14.194426860636531,7,1,0,0,5,42.128341812885246,34.68128584784264,49.57539777792785,1.0,0.4513367251540973,0.0,1.0,1,0,0.0,0.0,0.4513367251540973,1.0,0.0,0.4513367251540973,1.0,0.0,1.0,0.0,9,1,2024,6,7,1,0,0,2,1,0,1,GRAVE_LESIONADOS,1