CLASE SINIESTRO,CANTIDAD DE VEHICULOS DAÑADOS,DEPARTAMENTO,ZONA,TIPO DE VÍA,RED VIAL,COORDENADAS LATITUD,COORDENADAS  LONGITUD,CONDICIÓN CLIMÁTICA,ZONIFICACIÓN,CARACTERÍSTICAS DE VÍA,PERFIL LONGITUDINAL VÍA,SUPERFICIE DE CALZADA,¿EXISTE SEÑAL VERTICAL?,¿EXISTE SEÑAL HORIZONTAL?,CAUSA FACTOR PRINCIPAL,MTC_RVN_LONGITUD_KM,MTC_RVN_N_CARRILES_MEDIANA,MTC_RVN_SUPERFICIE_DOMINANTE,MTC_RVN_ESTADO_DOMINANTE,MTC_RVN_ES_CONCESIONADA,MTC_RVN_CONCESION_PRINCIPAL,MTC_RVN_CORREDOR_LOGISTICO,MTC_RVN_N_TRAMOS,IDH_2019,IDH_ESP_VIDA_2019,IDH_EDUC_SECUND_PCT_2019,IDH_ANIOS_EDUC_2019,IDH_INGRESO_PERCAP_2019,IDH_POBLACION_2019,MTC_DEP_RED_TOTAL_KM,MTC_DEP_NACIONAL_TOTAL_KM,MTC_DEP_DEPARTAMENTAL_TOTAL_KM,MTC_DEP_VECINAL_TOTAL_KM,MTC_DEP_PAV_TOTAL_KM,MTC_DEP_NO_PAV_TOTAL_KM,MTC_DEP_PCT_PAVIMENTADA,PER_TOTAL_PERSONAS,PER_N_CONDUCTORES,PER_N_CONDUCTORES_FUGADOS,PER_N_PEATONES,PER_N_PASAJEROS_OCUPANTES,PER_EDAD_COND_PROM,PER_EDAD_COND_MIN,PER_EDAD_COND_MAX,PER_ANY_COND_MASCULINO,PER_ANY_LIC_PROBLEMA,PER_ANY_DOSAJE_POS,PER_ANY_DOSAJE_EVALUADO,VEH_TOTAL,VEH_N_FUGADOS,VEH_ANY_FUGADO,VEH_ANY_CARGA,VEH_ANY_PUBLICO,VEH_ANY_PARTICULAR,VEH_ANY_MOTO,VEH_ANY_AUTO,VEH_ANY_CAMION_BUS,VEH_ANY_SOAT_PROBLEMA,VEH_ANY_CITV_PROBLEMA,VEH_ANY_SEGURO_PROBLEMA,HORA_NUM,FRANJA_HORARIA,ANIO,MES,DIA_MES,DIA_SEMANA,ES_FIN_SEMANA,ES_QUINCENA,REGION_NATURAL,TIENE_SEÑALIZACION,ES_VIA_MULTICARRIL,ES_DEPTO_BAJO_PAVIMENTO,CATEGORIA_SEVERIDAD,CATEGORIA_SEVERIDAD_ENC
4,1,3,0,4,0,-16.496900260301835,-71.67658099341627,2,4,0,0,2,0,0,0,6602.930996689438,2.0,2,1,1.0,10,31,1455.4068307009413,0.6142087817787129,78.03816707424765,72.95970382928958,8.680159565539938,1126.2030866845505,7924.40159668493,10322.272,1495.236,1749.739,7077.2970000000005,2886.595,7435.677000000001,27.964725207783708,5,2,0,0,3,43.931922116554475,37.621281411036314,50.24256282207263,1.0,0.0,0.0,0.6158058150740225,2,0,0.0,0.0,0.0,1.0,0.0,1.0,1.0,0.0,0.0,0.0,9,1,2023,10,25,5,1,1,0,1,0,1,GRAVE_LESIONADOS,1
6,1,10,0,4,2,-15.214402455446335,-75.07551208457457,2,4,1,1,4,1,1,2,6585.2406346263015,2.0,3,2,1.0,11,32,1378.715570149282,0.5563774842369664,77.00938809632027,69.10246351364754,8.476961866273152,914.8835608305218,27932.19700214133,3721.461,698.1859999999996,744.866,2278.409,1102.9029999999996,2618.558,29.636290693359403,4,1,0,0,3,49.541328800970675,41.7593186031547,57.32333899878665,1.0,0.43233389987866533,0.5676661001213347,1.0,1,0,0.0,0.0,0.0,1.0,0.0,0.43233389987866533,0.5676661001213347,0.43233389987866533,0.43233389987866533,0.0,2,0,2021,5,22,4,0,1,0,1,0,1,GRAVE_LESIONADOS,1
3,1,19,1,2,3,-5.18648637971479,-80.61484102121675,0,4,1,1,2,2,2,0,6543.555,2.0207381343913573,3,3,1.0,13,32,1203.744463226406,0.6216181105340414,80.16436197304627,72.70745108803509,10.017353830211773,1027.824889599441,160339.34902666547,8965.846000060003,1782.4120000599992,636.9959999999999,6546.438000000004,2214.505000059999,6751.341000000004,24.699342371541725,6,1,0,0,4,32.40667839523889,31.91704746243457,32.896309328043216,1.0,0.9792618656086425,0.0,1.0,1,0,0.0,0.0,0.9792618656086425,1.0,0.9792618656086425,1.0,0.0,1.0,1.0,0.0,14,2,2021,4,28,3,0,0,0,1,0,1,GRAVE_LESIONADOS,1
3,1,11,0,4,1,-11.509688808439485,-74.7951191386365,0,4,7,1,2,1,1,2,682.3766810154668,2.0,2,0,0.08863297474958076,9,9,179.9499254444908,0.5590468222361091,74.9187358413382,66.05697711029053,9.013748551986795,982.8109595201087,24207.91453532588,12386.66067635478,1843.6867164884643,1216.204182346882,9326.769777519432,1741.4736160579973,10645.187060296783,13.957376543634751,5,1,0,0,3,34.69654515911934,25.12719139398994,44.265898924248745,1.0,0.0,0.0,0.0,1,0,0.0,0.0,0.9113670252504192,0.08863297474958076,0.9113670252504192,1.0,0.0,0.0,0.0,0.0,7,0,2022,8,21,3,0,1,2,1,0,1,GRAVE_LESIONADOS,1
3,2,10,0,4,1,-14.804737193452718,-74.99853212567147,0,4,7,1,2,2,2,0,6639.975,2.0,2,0,1.0,9,31,1616.0,0.5563774842369664,77.00938809632027,69.10246351364754,8.476961866273152,914.8835608305218,27932.19700214133,3721.461,698.1859999999996,744.866,2278.409,1102.9029999999996,2618.558,29.636290693359403,6,2,0,0,3,44.444617396774596,29.68892347935492,59.20031131419427,1.0,0.0,0.0,0.0,2,0,0.0,0.9222308698387298,0.0,1.0,0.0,0.9222308698387298,1.0,0.0,0.0,0.0,4,0,2023,9,28,5,0,1,0,1,0,1,GRAVE_LESIONADOS,1
4,1,14,0,4,1,-11.2318735050929,-77.53462575523845,0,4,7,0,2,2,2,2,6543.555,3.0,2,0,1.0,0,30,1475.0,0.7327345537337897,78.20903814342847,76.31492653513806,13.642917835589472,1405.6698219039215,62016.21841541756,7626.313,1683.4029999999998,1599.0829999999996,4343.827000000001,1814.875,5811.438000000001,23.797541485643197,4,1,0,0,3,43.180828497148596,36.16402412900745,50.197632865289734,1.0,0.0,0.0,1.0,1,0,0.0,0.0,0.0,1.0,0.0,1.0,0.5197632865289733,0.0,0.0,0.0,13,1,2023,7,17,0,0,1,0,1,1,1,GRAVE_LESIONADOS,1
4,1,12,0,4,2,-7.738301518178283,-78.26905917786806,0,4,7,1,5,2,2,0,6543.555,2.0,4,4,1.0,14,33,1198.0,0.5032024959850098,73.98129191267635,49.900281827317926,7.177491592677096,924.0048188509696,9443.408159412624,8931.828000000005,1335.5899999999997,1935.9830000000004,5660.255000000005,1219.309,7712.519000000005,13.651281686122925,5,1,0,0,3,29.613680209495868,29.613680209495868,29.613680209495868,1.0,0.37625775450045884,0.0,0.0,1,0,0.0,0.6237422454995412,0.0,0.37625775450045884,0.0,0.37625775450045884,0.6237422454995412,0.0,0.37625775450045884,0.0,10,1,2023,9,11,5,1,0,0,1,0,1,GRAVE_LESIONADOS,1
3,1,11,0,4,2,-7.642605717384113,-78.92904005132146,0,4,5,0,1,2,2,2,6543.555,2.0,4,4,1.0,14,33,1198.0,0.4583375001028274,78.42794282693936,56.70457313882497,5.677893960000907,770.7427122285203,24711.558022981077,8809.089172965241,1335.2313464254962,1741.7112949084417,5732.146531631303,1192.2316740271913,7616.85749893805,13.525543699944366,4,1,0,0,2,36.867987367205366,28.56615770102843,45.16981703338231,1.0,0.0,0.0,0.0,1,0,0.0,0.16981703338230614,0.8301829666176939,0.0,0.8301829666176939,0.0,0.16981703338230614,0.0,0.16981703338230614,0.0,17,2,2021,3,4,3,0,0,0,1,0,1,GRAVE_LESIONADOS,1
4,1,21,1,5,2,-6.045903396714327,-76.9665525083496,0,1,0,0,2,2,2,1,6543.555,2.0,4,4,1.0,14,33,1198.0,0.5294800468051228,72.46713251445857,60.50982579904599,7.757161651692042,952.984823255978,86435.21199143468,5645.136,815.0759999999999,965.298,3864.762,1013.406,4631.73,17.95184385283189,7,1,0,0,5,28.970881185007507,26.7325017870299,31.20926058298511,1.0,0.6395369708507445,0.0,0.0,1,0,0.0,0.0,0.0,1.0,0.6395369708507445,0.0,0.36046302914925554,0.6395369708507445,1.0,0.6395369708507445,21,2,2022,6,21,6,1,1,1,1,0,1,GRAVE_LESIONADOS,1
3,1,14,0,3,2,-11.818888812092977,-77.01959361039562,0,3,4,1,1,1,0,1,3434.3193287469167,2.0,2,3,0.4304219080879669,11,27,1099.4629900992184,0.6556342240611411,78.9796103752431,73.7175760077837,9.39511643848439,1264.9761349443115,368408.90153024247,7626.313,1683.4029999999998,1599.0829999999996,4343.827000000001,1814.875,5811.438000000001,23.797541485643197,7,2,0,0,5,29.5,22.443375264703736,36.55662473529627,1.0,0.5695780919120331,0.0,0.0,2,0,0.0,0.0,1.0,0.4304219080879669,1.0,0.4304219080879669,0.5695780919120331,1.0,1.0,1.0,4,0,2023,5,27,3,0,1,0,1,0,1,GRAVE_LESIONADOS,1
6,1,12,0,4,1,-7.706920766286776,-79.28997886099454,0,4,7,1,2,2,2,0,6543.555,3.0,2,0,1.0,0,30,1475.0,0.591952969572064,77.12989729699805,71.49610733348996,8.756628558351375,1031.6134225084863,8837.380760173994,8931.828000000005,1335.5899999999997,1935.9830000000004,5660.255000000005,1219.309,7712.519000000005,13.651281686122925,6,1,0,0,5,44.695072888640134,44.695072888640134,44.695072888640134,1.0,0.0,0.0,0.0,1,0,0.0,0.0,0.0,1.0,0.0,1.0,0.0,0.0,1.0,0.0,17,2,2023,1,8,6,1,0,0,1,1,1,GRAVE_LESIONADOS,1
4,1,12,0,4,1,-9.130958771292676,-78.07946397969904,0,4,0,1,2,2,2,2,914.7293317662788,2.0,2,0,0.6252689774642401,8,25,324.08915147638436,0.47252049426187653,75.03186950408175,56.344294136888365,6.4867911300393635,816.5091666059542,25941.618225367336,8442.61102911423,1465.92632114123,1809.7361185077027,5166.948589465298,1442.4860561675323,7000.124972946698,17.45339999571063,6,1,0,0,5,39.31371039858908,33.505379549284804,45.12204124789336,1.0,0.0,0.0,0.37473102253575985,1,0,0.0,0.37473102253575985,0.0,0.6252689774642401,0.0,0.37473102253575985,1.0,0.6252689774642401,0.6252689774642401,0.6252689774642401,7,1,2021,8,8,3,0,0,0,1,0,1,GRAVE_LESIONADOS,1
6,1,13,0,4,0,-6.771608281234114,-79.48127816370504,1,4,6,0,2,2,2,0,6543.555,2.0,4,4,1.0,14,33,1198.0,0.6075281749943878,80.64278282516264,72.36512931498538,8.729311394737087,1040.4770061834824,29099.54886355542,3622.4425716534015,537.4042460954283,710.2498848337652,2374.788440724208,726.4447082940585,2895.997863359343,20.152892275142783,12,1,0,0,10,40.271233807173765,37.03188118140963,43.5105864329379,1.0,0.0,0.0,0.0,1,0,0.0,0.9255293216468949,0.0,1.0,0.0,0.0,1.0,0.07447067835310506,0.07447067835310506,0.07447067835310506,8,1,2023,1,25,3,0,1,0,1,0,1,GRAVE_LESIONADOS,1
6,1,7,0,4,2,-12.676580955012094,-73.18466977057373,0,4,6,0,3,2,2,1,6543.555,2.0,4,4,1.0,14,33,1198.0,0.4297325556987851,76.15904795703717,58.63823936731875,6.097264629229048,579.625724446144,29458.58458244112,17779.13499998999,2097.3709999899997,2863.123,12818.640999999989,2878.713,14900.421999989989,16.19152450331032,4,1,0,0,3,24.105682611367712,24.105682611367712,24.105682611367712,1.0,0.8289298911930121,0.0,0.8289298911930121,1,0,0.0,1.0,0.0,0.0,0.0,0.0,1.0,0.0,0.0,0.0,13,3,2024,3,14,5,0,0,2,1,0,1,GRAVE_LESIONADOS,1
6,1,14,0,4,1,-11.695615956183293,-77.14862662308705,0,3,0,0,2,1,1,1,6554.0647790225885,2.8910000101370237,2,0,1.0,0,30,1490.3689985706797,0.6052410484043501,78.87708116106631,64.43244458624415,7.406250996976599,1247.355027703954,20774.563098464245,7626.313,1683.4029999999998,1599.0829999999996,4343.827000000001,1814.875,5811.438000000001,23.797541485643197,7,1,0,0,6,38.98099990876678,37.34600006082214,41.92399963506714,1.0,0.0,0.0,0.8910000101370239,1,0,0.0,0.1089999898629761,0.8910000101370239,0.0,0.0,0.0,1.0,0.0,0.0,0.1089999898629761,2,0,2021,9,18,1,0,0,0,1,0,1,GRAVE_LESIONADOS,1
3,1,10,0,4,1,-11.991188821596062,-75.528545452354,0,4,6,0,2,2,2,2,7474.092716439727,2.0,2,0,1.0,9,8,1198.0,0.43335447307571784,70.08147775082168,52.43945418597189,6.702955166986305,686.0074344928595,1551.1936978238157,12309.328395115785,1824.1512414905146,1177.818920514176,9307.358233111092,1685.505239312206,10623.823155803577,13.671330499123668,5,1,0,0,3,36.58095150394468,34.351259885137424,38.81064312275194,1.0,0.0,0.0,0.10812335247709604,1,0,0.0,0.10812335247709604,0.891876647522904,0.891876647522904,0.0,0.891876647522904,1.0,0.0,0.0,0.0,14,2,2021,5,27,0,0,1,2,1,0,1,GRAVE_LESIONADOS,1
4,1,16,0,4,0,-6.406231350399218,-78.64844730056117,0,4,4,0,2,2,2,0,6543.555,2.572130485147009,2,1,1.0,5,31,1356.4801443857214,0.5434674963044059,73.74149404280449,64.16428397788285,8.778766856353162,906.9661388494044,82534.35896216774,4394.776291887895,643.4288446291052,807.6360022080388,2943.711445050751,836.0163709496846,3558.75992093821,19.312456501438206,13,1,0,0,12,48.00491339602906,38.85082563367692,57.1590011583812,1.0,0.5721304851470088,0.0,0.5721304851470088,1,0,0.0,0.0,0.5721304851470088,0.4278695148529912,0.0,0.0,1.0,0.0,1.0,0.0,8,0,2021,9,26,3,0,1,0,1,0,1,GRAVE_LESIONADOS,1
3,2,3,0,4,1,-16.04291278150508,-71.31955721884157,0,4,6,1,2,1,1,0,1504.4250000000002,2.0,2,0,1.0,7,25,241.0,0.4685280505645348,81.83746865987648,70.74305753660312,6.037751599761188,617.4715908037651,1751.8736616702354,10322.272,1495.236,1749.739,7077.2970000000005,2886.595,7435.677000000001,27.964725207783708,4,2,0,0,2,41.30939836287034,34.70402786980157,47.9147688559391,1.0,0.901342623267191,0.0,0.901342623267191,2,0,0.0,0.0,0.0,1.0,0.0,1.0,0.09865737673280905,0.0,0.901342623267191,0.0,10,1,2023,11,14,5,0,0,0,1,0,1,GRAVE_LESIONADOS,1
6,1,6,0,4,1,-12.685048708840126,-75.29897893401906,0,4,5,0,2,1,0,1,1373.368225684882,2.0,2,1,1.0,6,20,254.43580214810802,0.4374175663581206,78.92333345222127,52.85916206517071,6.472453062800051,757.8620531331591,3979.178409531213,12520.965930944158,1813.2215986921512,1519.3996387232667,9188.34469352874,2143.762832469856,10377.2030984743,17.06950715488916,4,1,0,0,3,38.47637238108448,38.47637238108448,38.47637238108448,1.0,0.0,0.0,0.0,1,0,0.0,0.38090690472888034,0.0,0.0,0.0,0.6190930952711197,0.38090690472888034,0.0,0.38090690472888034,0.0,8,1,2022,4,21,2,0,0,2,1,0,1,GRAVE_LESIONADOS,1
5,1,12,0,4,1,-7.887246527098984,-78.11016696517248,0,4,7,1,1,2,2,2,9936.932,2.0,2,0,1.0,9,32,3830.0,0.3986882084754764,72.97869269132666,58.65435142755623,5.605762371496486,527.7120199980477,69564.29978586723,8931.828000000005,1335.5899999999997,1935.9830000000004,5660.255000000005,1219.309,7712.519000000005,13.651281686122925,6,1,0,0,5,45.27570071285919,44.70093428381226,45.85046714190613,1.0,0.0,0.0,0.0,1,0,0.0,0.1436916072617339,0.0,0.8563083927382661,0.0,0.0,1.0,0.0,0.1436916072617339,0.0,15,2,2023,9,23,4,0,0,0,1,0,1,GRAVE_LESIONADOS,1
6,1,12,0,4,1,-8.437862802491335,-78.78002672512953,0,4,7,1,2,2,2,2,6543.555,2.4776267360331987,3,2,1.0,7,31,1330.302605881196,0.5051395598219868,77.13285387085847,51.52067479184955,6.715328807318118,900.900383457586,67612.41755888652,8931.828000000005,1335.5899999999997,1935.9830000000004,5660.255000000005,1219.309,7712.519000000005,13.651281686122925,5,1,0,0,4,25.134239583800806,25.134239583800806,25.134239583800806,1.0,0.5223732639668011,0.0,0.0,1,0,0.0,0.47762673603319894,0.0,0.5223732639668011,0.0,0.5223732639668011,0.47762673603319894,0.0,0.5223732639668011,0.0,13,1,2023,5,20,5,1,0,0,1,0,1,GRAVE_LESIONADOS,1
3,2,7,1,4,1,-13.58326471910715,-71.80893200281544,0,0,7,1,2,0,1,2,7586.903,2.0,2,0,1.0,9,5,1198.0,0.5065580412535501,64.79370905469777,77.15417383818448,8.35812941450031,844.3117831870799,8658.316916488222,17779.13499998999,2097.3709999899997,2863.123,12818.640999999989,2878.713,14900.421999989989,16.19152450331032,19,2,0,0,17,25.62634907256506,22.09385931104833,29.2021585161041,1.0,0.9927800529962822,0.0,0.9927800529962822,2,0,0.007219947003717753,0.0,0.9927800529962822,1.0,0.0,1.0,1.0,0.0,0.0,0.007219947003717753,11,1,2022,5,27,5,0,0,2,1,0,1,GRAVE_LESIONADOS,1
5,1,12,0,4,1,-8.065998905166504,-78.30985316677243,0,4,7,1,2,2,2,1,8862.601233012538,2.316596348412647,2,0,1.0,6,31,3084.415599488217,0.4323903175953733,74.293884951484,56.39585545393488,5.95704705339885,645.8620931394291,68946.34100027359,8931.828000000005,1335.5899999999997,1935.9830000000004,5660.255000000005,1219.309,7712.519000000005,13.651281686122925,5,1,0,1,2,39.22383974880867,34.316596348412645,44.1310831492047,1.0,0.3165963484126467,0.0,0.0,1,0,0.0,1.0,0.3165963484126467,0.0,0.3165963484126467,0.0,1.0,0.0,1.0,0.3165963484126467,11,2,2021,5,24,1,0,0,0,1,0,1,GRAVE_LESIONADOS,1
3,1,13,1,2,2,-10.92135269548634,-77.48265817613702,0,1,2,1,1,1,1,1,6543.555,2.0,4,4,1.0,14,33,1198.0,0.7309690289827704,79.6059295757028,70.8993443317667,10.642775946042399,1679.8621007278703,45675.683660001225,8047.745352384495,1571.125737172757,1707.8374451946822,4768.782170017056,1622.6207705348288,6425.124581849666,20.52223470233083,9,1,0,0,7,56.35438144734531,55.0,57.70876289469062,1.0,0.0,0.0,0.0,1,0,0.0,0.0,1.0,0.6771907236726554,0.0,0.0,1.0,0.6771907236726554,0.6771907236726554,0.6771907236726554,13,3,2022,3,22,3,0,1,0,1,0,1,GRAVE_LESIONADOS,1
4,2,10,0,4,1,-13.344225539729294,-76.22830869481807,0,4,7,1,2,2,2,0,6639.975,2.0,2,0,1.0,9,31,1616.0,0.5736744275518083,81.67473861808857,68.1608574885675,9.138785887908334,865.1176766860625,26660.92933618844,3721.461,698.1859999999996,744.866,2278.409,1102.9029999999996,2618.558,29.636290693359403,10,1,0,0,8,47.643649537949365,46.61172741840506,48.67557165749367,1.0,0.0,0.0,0.0,1,0,0.0,0.5159610597721516,0.0,0.48403894022784844,0.0,0.0,1.0,0.0,0.48403894022784844,0.0,16,1,2022,6,3,2,0,0,0,1,0,1,GRAVE_LESIONADOS,1
0,1,14,2,2,3,-11.950707931841638,-77.04479543447843,0,0,1,1,2,1,1,1,6569.952772069374,2.0,3,3,1.0,13,32,1218.3180305909461,0.8345297413822095,80.3151725651199,81.93549129342408,12.56289705326182,2011.4664640384838,46326.00739740234,7583.261005463018,1664.5338079690432,1585.3105261838682,4333.416671310107,1797.458666674123,5785.802338788895,23.67051147138771,10,2,0,0,7,56.2720277809661,54.19597098196256,58.348084579969644,1.0,0.02173051400101189,0.0,0.0,2,0,0.0,0.0,1.0,1.0,0.02173051400101189,0.0,0.9782694859989881,1.0,1.0,1.0,11,2,2023,1,24,2,0,0,0,1,0,1,GRAVE_LESIONADOS,1
5,1,3,1,3,3,-15.886169317040904,-71.88225883898751,0,0,6,0,6,2,2,0,6674.908552581912,2.0,3,3,1.0,13,29,1198.0,0.6583409869423023,77.12765113554873,79.49195899576476,11.126499715330585,1157.139010598548,98756.49970700486,10618.941494618022,1534.2434280344376,1752.7976482745714,7331.900418309013,2836.082925057685,7782.858569560336,26.911978976061935,11,1,0,0,10,37.90889956590716,36.73386832919179,40.00716963147031,1.0,1.0,0.0,0.1258962039337892,1,0,0.0,0.1258962039337892,0.0,1.0,1.0,0.1258962039337892,0.1258962039337892,0.8741037960662108,1.0,0.0,16,2,2022,9,23,5,0,1,0,1,0,1,GRAVE_LESIONADOS,1
3,2,11,2,2,2,-14.357750560052356,-71.233008534867,0,1,0,0,2,0,1,2,6918.190779173114,2.0,3,2,1.0,12,22,1198.0,0.6692327021560807,74.69887675533107,82.46769973888537,11.280390054818684,1240.0790449101123,136089.88921922585,16293.723101690737,2069.8690508851178,2680.353819042362,11543.500231763257,3035.0305138778667,13258.69258781287,19.100329962956913,6,2,0,0,4,42.16603993621952,31.204646104784246,53.12743376765479,1.0,0.6409292209568488,0.0,0.0,2,0,0.0,0.0,0.3590707790431512,1.0,0.3590707790431512,1.0,0.6409292209568488,0.0,1.0,0.0,16,1,2021,8,15,3,0,0,2,1,0,1,GRAVE_LESIONADOS,1
3,2,20,0,4,0,-14.475335198127665,-70.23798612362083,0,4,0,1,2,1,1,2,1979.3102696850494,2.0,2,0,1.0,6,22,445.8433946801524,0.31544867702778284,68.52534339488622,63.86229313638955,5.9435359945862345,282.68051615576246,8584.915336303537,13642.312999999998,2020.7790000000005,2354.117,9267.416999999998,3314.0520000000006,10328.260999999997,24.29244952817019,9,2,0,0,7,29.68265007827914,28.773271205028667,30.59202895152961,1.0,0.9545134585277254,0.0,0.9545134585277254,2,0,0.0,0.0454865414722746,0.0454865414722746,0.9545134585277254,0.0,0.0,1.0,0.0454865414722746,1.0,0.0454865414722746,15,2,2021,3,8,0,0,0,2,1,0,1,GRAVE_LESIONADOS,1
3,2,10,0,4,1,-14.87829657429778,-75.01414149892432,0,4,7,1,2,2,2,0,5645.318236243586,2.0,2,0,1.0,8,30,1371.9351804818448,0.5563774842369664,77.00938809632027,69.10246351364754,8.476961866273152,914.8835608305218,27932.19700214133,3721.461,698.1859999999996,744.866,2278.409,1102.9029999999996,2618.558,29.636290693359403,6,2,0,0,4,49.2418476975846,35.7118268957443,62.771868499424905,1.0,0.0,0.0,0.0,2,0,0.0,0.8456263001150188,0.0,1.0,0.0,1.0,0.8456263001150188,0.0,0.0,0.0,6,0,2023,9,26,6,1,1,0,1,0,1,GRAVE_LESIONADOS,1
3,1,6,1,4,1,-12.766428040128078,-72.77308420780906,0,4,6,0,1,2,2,2,7494.2894951981925,2.0,2,0,1.0,9,7,1198.0,0.4346463318566451,73.63449086929361,68.97490151995443,7.384725324166351,519.4858089030992,18514.731956612315,17615.48923850978,2065.1094651392887,2692.033257964117,12858.346515406374,2800.7282583914885,14814.760980118292,15.86842332678147,9,1,0,0,7,43.27808577578668,28.2427196555946,58.31345189597876,1.0,0.9112343103146714,0.0,1.0,1,0,0.0,0.0,0.9112343103146714,1.0,0.0,0.9112343103146714,1.0,0.0,1.0,0.0,4,0,2024,3,5,1,0,0,2,1,0,1,GRAVE_LESIONADOS,1
5,1,5,0,4,1,-6.857993740326946,-77.65925264662863,0,4,0,0,1,2,2,2,5955.217334729605,2.0,3,3,1.0,12,30,1084.6365126408314,0.2967817183484227,76.5492880788987,37.002181150634236,4.507284120561716,330.0909720779052,19879.5397172071,16266.250966039048,1799.1172563860423,1281.4203224749526,13185.713387178053,2157.7540860376903,14108.496880001358,13.204495649645953,5,1,0,0,4,39.38564654077133,39.38564654077133,39.38564654077133,1.0,0.0,0.0,0.8206273934190368,1,0,0.0,0.0,0.0,1.0,0.0,0.1793726065809632,0.8206273934190368,0.0,0.8206273934190368,0.0,12,2,2023,8,10,1,0,0,2,1,0,1,GRAVE_LESIONADOS,1
6,1,10,0,4,2,-12.139760793398516,-75.09310166455032,0,4,0,0,2,2,2,2,6543.555,2.0,4,4,1.0,14,33,1198.0,0.5082973472991307,74.53111862027272,69.23780725151349,8.054303664713085,758.5882416976546,12836.62999495819,12317.540330129676,1823.7271507637258,1191.072895755158,9302.74028361079,1703.2864970645408,10614.253833065135,13.803186153904592,5,1,0,0,4,38.686948759315065,38.686948759315065,38.686948759315065,1.0,0.12794994091976486,0.0,1.0,1,0,0.0,0.0,0.0,0.8720500590802351,0.0,0.8720500590802351,0.12794994091976486,0.12794994091976486,0.12794994091976486,0.0,6,1,2021,3,18,4,0,0,2,1,0,1,GRAVE_LESIONADOS,1
3,1,20,0,4,1,-6.504261242079084,-76.35465927528969,0,4,7,1,2,0,1,1,631.5090502903063,2.0,2,0,0.9979151344122877,1,20,65.14177085996444,0.5919712930679392,72.60271120743685,67.38314588551103,8.905342320413714,1145.181455567738,47329.818820988556,5652.059234005897,817.0927655382802,964.6135344578229,3870.352934009794,1015.9101299726606,4636.149104033236,17.965911480296686,5,2,0,0,3,32.519806223083265,31.018763790289412,34.020848655877124,1.0,1.0,0.9979151344122877,0.9979151344122877,2,0,0.0,0.0,1.0,0.002084865587712259,1.0,0.0,0.9979151344122877,0.0,1.0,0.0,16,3,2021,11,20,1,0,1,0,1,0,1,GRAVE_LESIONADOS,1
3,2,15,0,4,1,-14.000783359947757,-71.17097681769638,0,4,0,1,3,0,1,3,2197.7769632010904,1.7414157784472262,2,0,0.7414157784472262,6,19,590.750370865389,0.3390792671795363,69.87658063527284,61.91791840001305,6.04233050619553,344.1440471551547,9085.149681695904,13393.146415796178,1965.0010904899596,2204.116689009002,9224.028636297217,3099.769203036313,10293.377212759864,23.079756349325674,8,2,0,0,6,31.215134326304124,28.517168443105547,33.9131002095027,1.0,1.0,0.0,1.0,2,0,0.0,0.25858422155277383,0.0,1.0,0.25858422155277383,0.0,1.0,0.25858422155277383,1.0,0.0,11,2,2021,3,9,0,0,0,2,1,0,1,GRAVE_LESIONADOS,1
6,1,12,0,4,1,-11.8985564750719,-77.09861746490182,0,4,5,1,2,2,2,1,6543.555,2.72420491280837,2,1,1.0,3,30,1398.6047608479184,0.6940504067164588,79.02298589457486,73.753596723886,12.646223489435403,1270.0095624138307,62937.57184679651,6549.37400218959,1411.6849915823236,1363.4941480044272,3774.194862602839,1618.5166201820007,4930.857382007589,25.407839832475346,5,1,0,0,4,40.035688430550664,40.035688430550664,40.035688430550664,1.0,0.0,0.0,1.0,1,0,0.0,0.0,0.0,1.0,0.0,1.0,0.0,0.0,0.0,0.0,5,0,2023,9,12,0,0,0,0,1,0,1,GRAVE_LESIONADOS,1
6,1,4,0,4,1,-13.357831134290274,-74.8190403373392,0,4,4,1,2,1,0,2,1679.5849999999998,2.0,2,3,1.0,9,24,315.0,0.2587772817968213,78.2313731727826,42.59351526103478,4.069708361522777,219.52972987349307,3876.4004282655246,12678.733000000004,1805.074000000001,1774.0339999999994,9099.625000000004,2485.375000000001,10193.358000000002,19.602707936195205,5,1,0,0,4,39.172313887021495,39.172313887021495,39.172313887021495,1.0,0.0,0.0,0.09196512366427845,1,0,0.09196512366427845,0.0,0.0,0.09196512366427845,0.0,0.9080348763357216,0.09196512366427845,0.0,0.0,0.09196512366427845,9,1,2022,6,27,3,0,1,2,1,0,1,GRAVE_LESIONADOS,1