CLASE SINIESTRO,CANTIDAD DE VEHICULOS DAÑADOS,DEPARTAMENTO,ZONA,TIPO DE VÍA,RED VIAL,COORDENADAS LATITUD,COORDENADAS  LONGITUD,CONDICIÓN CLIMÁTICA,ZONIFICACIÓN,CARACTERÍSTICAS DE VÍA,PERFIL LONGITUDINAL VÍA,SUPERFICIE DE CALZADA,¿EXISTE SEÑAL VERTICAL?,¿EXISTE SEÑAL HORIZONTAL?,CAUSA FACTOR PRINCIPAL,MTC_RVN_LONGITUD_KM,MTC_RVN_N_CARRILES_MEDIANA,MTC_RVN_SUPERFICIE_DOMINANTE,MTC_RVN_ESTADO_DOMINANTE,MTC_RVN_ES_CONCESIONADA,MTC_RVN_CONCESION_PRINCIPAL,MTC_RVN_CORREDOR_LOGISTICO,MTC_RVN_N_TRAMOS,IDH_2019,IDH_ESP_VIDA_2019,IDH_EDUC_SECUND_PCT_2019,IDH_ANIOS_EDUC_2019,IDH_INGRESO_PERCAP_2019,IDH_POBLACION_2019,MTC_DEP_RED_TOTAL_KM,MTC_DEP_NACIONAL_TOTAL_KM,MTC_DEP_DEPARTAMENTAL_TOTAL_KM,MTC_DEP_VECINAL_TOTAL_KM,MTC_DEP_PAV_TOTAL_KM,MTC_DEP_NO_PAV_TOTAL_KM,MTC_DEP_PCT_PAVIMENTADA,PER_TOTAL_PERSONAS,PER_N_CONDUCTORES,PER_N_CONDUCTORES_FUGADOS,PER_N_PEATONES,PER_N_PASAJEROS_OCUPANTES,PER_EDAD_COND_PROM,PER_EDAD_COND_MIN,PER_EDAD_COND_MAX,PER_ANY_COND_MASCULINO,PER_ANY_LIC_PROBLEMA,PER_ANY_DOSAJE_POS,PER_ANY_DOSAJE_EVALUADO,VEH_TOTAL,VEH_N_FUGADOS,VEH_ANY_FUGADO,VEH_ANY_CARGA,VEH_ANY_PUBLICO,VEH_ANY_PARTICULAR,VEH_ANY_MOTO,VEH_ANY_AUTO,VEH_ANY_CAMION_BUS,VEH_ANY_SOAT_PROBLEMA,VEH_ANY_CITV_PROBLEMA,VEH_ANY_SEGURO_PROBLEMA,HORA_NUM,FRANJA_HORARIA,ANIO,MES,DIA_MES,DIA_SEMANA,ES_FIN_SEMANA,ES_QUINCENA,REGION_NATURAL,TIENE_SEÑALIZACION,ES_VIA_MULTICARRIL,ES_DEPTO_BAJO_PAVIMENTO,CATEGORIA_SEVERIDAD,CATEGORIA_SEVERIDAD_ENC
3,1,3,0,4,1,-15.806150414372105,-71.2996034436002,2,4,1,1,2,0,1,0,914.5232782382309,1.0,0,2,0.0,9,25,233.63357096314945,0.4545238126085923,81.55003862282892,57.18004916369889,5.7870096891383715,650.207157738423,1362.175483998233,10322.272,1495.236,1749.739,7077.2970000000005,2886.595,7435.677000000001,27.964725207783708,20,1,0,0,19,30.878815971023617,30.878815971023617,30.878815971023617,1.0,0.0,0.0,0.7643128856692906,1,0,0.0,0.0,0.7643128856692906,0.23568711433070944,0.0,0.23568711433070944,0.7643128856692906,0.0,0.0,0.0,13,3,2024,3,8,1,0,0,0,1,0,1,GRAVE_LESIONADOS,1
6,1,7,0,4,1,-14.18304726538361,-72.02212199784361,0,4,6,0,6,2,2,2,6543.555,2.0,4,4,1.0,14,33,1198.0,0.3420589370285788,72.83484337394209,49.89235937886347,4.3063928810171515,462.25132827142943,7149.674445208913,17779.13499998999,2097.3709999899997,2863.123,12818.640999999989,2878.713,14900.421999989989,16.19152450331032,5,1,0,0,4,30.81651710935413,30.81651710935413,30.81651710935413,1.0,0.9082585546770661,0.0,0.09174144532293393,1,0,0.0,0.0,0.0,1.0,0.0,0.0,1.0,0.0,0.0,0.0,6,1,2022,8,8,4,0,0,2,1,0,1,GRAVE_LESIONADOS,1
3,2,11,0,4,1,-11.013300717831452,-75.67614330627161,0,4,4,0,2,2,2,2,6008.4398213523245,2.0,3,1,0.30948157919486696,10,32,622.7981554693242,0.5378259810402455,78.21045922135683,60.46500786040538,9.026067946181573,857.7433321452002,61671.8197654452,10829.097635967833,1782.1892557988026,1258.2817765221512,7788.626603646879,1658.5837511533866,9170.513884814447,16.30867621353677,9,2,0,0,7,45.4642223687923,41.143110524830796,49.7853342127538,1.0,0.0,0.0,0.30948157919486696,2,0,0.0,0.690518420805133,1.0,0.0,0.0,0.0,1.0,0.0,0.0,0.0,9,1,2022,9,4,4,0,0,1,1,0,1,GRAVE_LESIONADOS,1
3,1,7,0,4,1,-13.647949519173906,-71.60742917530135,0,4,7,1,2,1,1,1,3267.925179759187,1.976413222384056,2,0,0.9764132223840561,5,17,578.8076202454575,0.46246496054017516,65.74738934029237,72.69563576564255,7.230394407481649,716.4723030573182,8063.553442205151,17779.13499998999,2097.3709999899997,2863.123,12818.640999999989,2878.713,14900.421999989989,16.19152450331032,7,1,0,0,5,35.834892556688395,35.834892556688395,35.834892556688395,1.0,0.0,0.0,0.9764132223840561,1,0,0.0,0.0,0.0,1.0,0.0,1.0,0.9764132223840561,0.0,0.9764132223840561,0.0,18,2,2023,5,26,5,0,1,2,1,0,1,GRAVE_LESIONADOS,1
5,1,17,0,4,1,-7.13662494119428,-79.38346433085262,0,3,7,1,2,2,2,0,2778.525459260569,2.0,2,1,1.0,4,23,454.1041210937912,0.5122993827750647,79.82106098728315,56.5006703424512,6.673488268031495,884.2408337859912,129802.87467751151,8589.088921162807,1754.5647266852734,907.5926092277895,5926.931585249746,2102.1050580984747,6486.9838630643335,24.445701835994775,30,1,0,0,29,43.93731963315146,43.65605961277098,44.21857965353193,1.0,0.2812600203804746,0.0,0.7187399796195254,1,0,0.0,0.0,1.0,0.0,0.2812600203804746,0.0,1.0,0.2812600203804746,0.2812600203804746,0.2812600203804746,5,0,2021,11,16,0,0,0,0,1,0,1,GRAVE_LESIONADOS,1
6,1,5,0,4,2,-7.344271070311567,-77.93709988337683,0,4,6,0,1,2,2,2,6543.555,2.0,4,4,1.0,14,33,1198.0,0.2567394306890281,78.97802562477273,32.51314930247602,3.1745448883722025,297.71170782536865,7781.664147870076,15935.565011852366,1733.9250000199986,935.692,13265.948011832368,2000.1670000199988,13935.398011832369,12.551591352627522,4,1,0,0,3,21.745026803874637,21.558770102905978,21.884719329601133,0.9534358247578352,0.0,0.0,0.9534358247578352,1,0,0.0,0.04656417524216483,0.9534358247578352,0.0,0.0,0.0,1.0,0.0,0.04656417524216483,0.0,7,1,2023,6,7,0,0,0,2,1,0,1,GRAVE_LESIONADOS,1
3,2,5,2,4,1,-5.833960667013799,-78.76708604622901,0,2,0,0,2,1,0,0,574.0384697766958,2.0,2,0,1.0,1,20,152.06895431836858,0.5803239946829384,74.49544278598792,68.33065356443184,8.733179344969395,1046.078117086984,102362.46895074946,15935.565011852366,1733.9250000199986,935.692,13265.948011832368,2000.1670000199988,13935.398011832369,12.551591352627522,12,2,0,0,10,42.23227674553662,41.67873209464395,42.7858213964293,1.0,1.0,0.0,0.053544650892674905,2,0,0.0,0.9464553491073251,0.053544650892674905,1.0,0.053544650892674905,0.9464553491073251,0.9464553491073251,0.0,0.053544650892674905,0.053544650892674905,14,3,2022,10,6,5,0,0,2,1,0,1,GRAVE_LESIONADOS,1
6,1,3,0,4,0,-16.435091486064547,-71.86524567859608,0,2,7,1,1,2,2,0,6611.943007365204,2.0,2,1,1.0,10,31,1494.4757008779818,0.6465341620419242,78.30738111508484,77.34875403990644,9.009275238368616,1236.038795656923,3141.3391141211323,10322.272,1495.236,1749.739,7077.2970000000005,2886.595,7435.677000000001,27.964725207783708,21,1,0,0,20,31.488735859962244,31.488735859962244,31.488735859962244,0.709272011669813,0.0,0.0,0.709272011669813,1,0,0.0,0.0,0.709272011669813,0.0,0.0,0.0,1.0,0.0,0.0,0.0,5,0,2024,11,10,5,1,0,0,1,0,1,GRAVE_LESIONADOS,1
3,2,19,1,4,1,-5.221983673201385,-80.44492353407405,0,1,7,0,2,1,1,0,261.9685009916685,0.5963334015110111,2,1,0.0,9,32,87.14689111602635,0.4856270998913297,76.29702624148916,61.85981062958437,7.182818322694112,717.8236543256215,76077.29124561178,8965.846000060003,1782.4120000599992,636.9959999999999,6546.438000000004,2214.505000059999,6751.341000000004,24.699342371541725,5,2,0,0,3,30.483185291239348,26.40366659848899,32.78900020453303,1.0,0.5321111338370037,0.5321111338370037,1.0,2,0,0.0,0.0,1.0,0.5321111338370037,1.0,0.5321111338370037,0.0,0.4678888661629963,1.0,1.0,10,0,2022,5,9,0,0,0,0,1,0,1,GRAVE_LESIONADOS,1
3,2,7,0,4,0,-12.020312622602248,-75.57852547548639,0,4,7,1,2,1,1,2,6543.555,2.5221229228772692,2,1,1.0,6,31,1342.6280496370036,0.6183887700471642,79.11025826377984,71.63394552818902,9.421263801638885,1079.7622435473697,15000.118448407527,9596.289314622842,1411.8811638543352,1846.9812616483543,6337.426889120151,2016.0667604076489,7580.222554215192,20.491348239815466,8,2,0,0,6,38.31413453337037,35.61944184056354,41.008827226177196,1.0,0.0,0.0,0.47787707712273064,2,0,0.0,1.0,0.5221229228772694,0.47787707712273064,0.0,0.47787707712273064,1.0,0.0,0.0,0.0,12,1,2022,3,10,2,0,0,0,1,0,1,GRAVE_LESIONADOS,1
0,1,4,1,4,1,-7.413477487832889,-77.76450320286608,0,0,5,0,2,0,1,2,7720.020146274927,2.0,2,0,1.0,9,16,1924.0328161707896,0.5736864970798058,73.47046318576395,69.84048569142324,9.050758789328947,1004.9835582970178,102844.84338139406,15207.681574716955,1749.826396980518,1123.0566704018693,12334.798507334568,2108.608229246977,13099.073345469978,14.127475818209962,5,1,0,3,0,25.415463990286984,23.32951705723248,29.14036922788432,1.0,0.22349431425584,0.77650568574416,1.0,1,0,0.0,0.22349431425584,0.0,1.0,1.0,0.22349431425584,0.22349431425584,0.0,1.0,0.0,19,1,2023,3,8,4,0,0,2,1,0,1,GRAVE_LESIONADOS,1
3,2,12,0,4,1,-11.811768299101477,-77.16627326316602,0,2,7,0,2,2,2,2,6571.941453949751,2.705595789776492,2,0,1.0,2,30,1516.5109936415147,0.6952976467813561,78.90768862797825,74.64373213950972,12.68565474923236,1268.25326238373,63373.11165994102,6476.708130900314,1393.3509672162259,1347.5979187555054,3735.759244928583,1605.2674456387485,4871.440685261567,25.51649383483402,6,2,0,0,3,43.21735789297046,30.060829471564556,56.17761684089403,1.0,0.0,0.0,0.705595789776492,2,0,0.0,0.0,0.0,1.0,0.0,1.0,0.705595789776492,0.0,0.29440421022350804,0.0,22,2,2023,6,13,1,0,0,0,1,0,1,GRAVE_LESIONADOS,1
5,0,11,0,4,1,-11.947633683010999,-75.32602081645516,2,3,7,1,2,2,2,0,209.46006977105503,2.0,1,0,0.8091905085536929,4,32,30.229762713842323,0.5094324469192663,69.80046164182401,68.30814412618273,8.9065528403411,781.4898849740999,1269.9314775160597,12264.545,1826.4639999999995,1105.5389999999998,9332.542,1588.5359999999996,10676.009,12.952261987705208,4,1,0,0,3,31.484023048988217,31.197808811818756,31.770237286157677,1.0,0.8091905085536929,0.0,0.0,1,0,0.0,0.0,0.0,1.0,0.8091905085536929,0.1908094914463071,0.1908094914463071,0.0,0.8091905085536929,0.0,15,2,2021,3,29,2,0,1,2,1,0,1,GRAVE_LESIONADOS,1
3,2,5,2,4,1,-5.7482712909730935,-78.7702196351116,0,2,3,0,2,1,0,1,4364.072781655851,2.0,2,0,1.0,5,20,1197.09787899612,0.5803239946829384,74.49544278598792,68.33065356443184,8.733179344969395,1046.078117086984,102362.46895074946,15935.565011852366,1733.9250000199986,935.692,13265.948011832368,2000.1670000199988,13935.398011832369,12.551591352627522,9,2,0,0,7,39.73579102007616,38.68294922409139,40.788632816060925,1.0,1.0,0.0,0.5528417959847682,2,0,0.0,0.44715820401523176,0.5528417959847682,1.0,0.5528417959847682,0.44715820401523176,0.44715820401523176,0.0,0.5528417959847682,0.5528417959847682,13,3,2022,10,7,2,0,0,2,1,0,1,GRAVE_LESIONADOS,1
6,1,12,0,4,1,-7.888011683317101,-78.12193733456786,0,4,7,1,1,2,2,2,9936.932,2.0,2,0,1.0,9,32,3830.0,0.3986882084754764,72.97869269132666,58.65435142755623,5.605762371496486,527.7120199980477,69564.29978586723,8931.828000000005,1335.5899999999997,1935.9830000000004,5660.255000000005,1219.309,7712.519000000005,13.651281686122925,5,1,0,1,2,37.29218971952326,37.29218971952326,37.29218971952326,1.0,0.0,0.0,0.0,1,0,0.0,0.7467546369597492,0.0,0.2532453630402508,0.0,0.0,1.0,0.0,0.7467546369597492,0.0,17,3,2021,7,28,2,0,1,0,1,0,1,GRAVE_LESIONADOS,1
3,1,14,2,3,4,-11.961411854488114,-77.0818549552023,0,3,1,0,1,2,2,0,6543.555,2.0,4,4,1.0,14,33,1198.0,0.7542377678646435,80.45852800010333,78.93381992406862,11.262559751926922,1613.516727078079,364862.32052944554,7626.313,1683.4029999999998,1599.0829999999996,4343.827000000001,1814.875,5811.438000000001,23.797541485643197,13,1,0,0,11,37.689349658469496,34.82248551912542,40.55621379781356,1.0,1.0,0.0,0.0,1,0,0.0,0.0,0.0,1.0,0.044378620218643916,0.0,0.9556213797813561,1.0,1.0,1.0,14,2,2024,3,3,0,0,0,0,1,0,1,GRAVE_LESIONADOS,1
3,2,7,0,4,0,-13.6126128078408,-71.9463251250932,0,4,6,0,2,1,1,2,6543.555,2.0,4,4,1.0,14,33,1198.0,0.6348954939297919,77.6245715059073,78.73535107148551,10.276562257168177,1084.1455565765216,94654.62312633834,17779.13499998999,2097.3709999899997,2863.123,12818.640999999989,2878.713,14900.421999989989,16.19152450331032,21,1,0,0,19,33.485684403082175,32.02863119383565,34.94273761232869,1.0,0.0,0.0,1.0,1,0,0.0,0.0,0.9713688061643472,1.0,0.0,0.0,1.0,0.0,0.9713688061643472,0.0,15,2,2023,7,8,0,0,0,2,1,0,1,GRAVE_LESIONADOS,1
3,1,9,0,4,1,-10.675120564717393,-75.36639709090291,4,4,6,1,5,1,1,0,6601.14018346639,2.0,2,0,0.19972828011123656,9,32,1057.0584905854348,0.48095074240704017,77.43423968965082,57.49251127171958,7.617570237264631,694.6248009316497,62070.020439486405,11965.57233668633,1838.167877486238,1128.9435593199946,8998.460899880098,1690.7583318588913,10274.81400482744,14.261239161577329,5,1,0,0,3,29.597826240889894,28.79755452100113,30.398097960778657,1.0,0.0,0.0,0.0,1,0,0.0,0.0,0.8002717198887634,1.0,0.0,1.0,0.8002717198887634,0.0,0.8002717198887634,0.0,0,0,2022,5,11,1,0,0,1,1,0,1,GRAVE_LESIONADOS,1
5,1,12,0,4,1,-7.947769160988767,-78.50968126905032,0,4,7,1,2,2,2,0,644.0670369769468,2.0,2,0,0.7576893936125523,8,29,127.86571973455649,0.4660284441427337,76.94963696774568,48.627426794943005,6.801109862587649,738.738032744264,13748.013487091437,8931.828000000005,1335.5899999999997,1935.9830000000004,5660.255000000005,1219.309,7712.519000000005,13.651281686122925,5,1,0,0,4,58.001874994607114,57.88071969141339,58.12303029780084,1.0,0.7576893936125523,0.0,0.0,1,0,0.0,0.24231060638744772,0.0,0.7576893936125523,0.0,0.7576893936125523,0.24231060638744772,0.0,0.0,0.0,12,2,2022,1,22,4,0,0,0,1,0,1,GRAVE_LESIONADOS,1
4,1,19,0,4,2,-5.562288464133774,-80.1125548257521,2,4,2,1,3,2,2,1,6543.555,2.0,4,4,1.0,14,33,1198.0,0.3181800777232586,69.94267733753193,50.62741977462123,5.109505553137133,379.14457469254,40631.05059314357,8965.846000060003,1782.4120000599992,636.9959999999999,6546.438000000004,2214.505000059999,6751.341000000004,24.699342371541725,9,1,0,0,8,46.96084696194712,46.96084696194712,46.96084696194712,1.0,0.4140678257678164,0.0,0.5859321742321836,1,0,0.0,0.4140678257678164,0.5859321742321836,0.0,0.4140678257678164,0.0,0.5859321742321836,0.4140678257678164,1.0,0.4140678257678164,16,2,2022,9,7,6,1,0,0,1,0,1,GRAVE_LESIONADOS,1
3,0,11,0,4,1,-11.945342708854541,-75.32905045526813,5,0,7,1,2,2,2,0,247.46609515350738,2.0,0,2,0.23273024187005353,7,32,15.818256046751339,0.5094324469192663,69.80046164182401,68.30814412618273,8.9065528403411,781.4898849740999,1269.9314775160597,12264.545,1826.4639999999995,1105.5389999999998,9332.542,1588.5359999999996,10676.009,12.952261987705208,7,1,0,0,5,45.03083931605374,43.879934678858824,46.18174395324866,1.0,0.23273024187005353,0.0,0.0,1,0,0.0,0.0,0.0,1.0,0.23273024187005353,0.7672697581299465,0.7672697581299465,0.0,0.23273024187005353,0.0,11,1,2021,3,25,4,0,1,2,1,0,1,GRAVE_LESIONADOS,1
6,1,11,0,4,1,-12.040520993609157,-76.0800146021998,0,4,3,1,2,2,2,0,1187.01879944463,1.5086509097312146,1,0,0.0,9,25,421.3704621786739,0.4118424432014145,69.50345801576171,57.74338911880894,6.277355245882287,761.3622067653832,25821.304801913288,8061.212467335075,1566.4570030251261,1800.2575320760193,4694.4979322339295,1846.6672515367516,6214.545215798324,22.955107684031642,5,1,0,0,4,34.197218159407484,34.197218159407484,34.197218159407484,1.0,0.5086509097312147,0.0,0.5086509097312147,1,0,0.0,0.0,0.0,1.0,0.0,0.49134909026878526,0.5086509097312147,0.0,0.0,0.0,16,3,2021,4,6,0,0,0,0,1,0,1,GRAVE_LESIONADOS,1
8,1,5,0,4,1,-6.975945337111894,-78.17663954644354,0,3,0,0,1,2,2,0,6543.555,2.0,4,4,1.0,14,33,1198.0,0.44124139390324657,69.64974112887472,61.988358478559874,6.903311943576556,654.4139739088885,28636.9748016862,15935.565011852366,1733.9250000199986,935.692,13265.948011832368,2000.1670000199988,13935.398011832369,12.551591352627522,8,1,0,0,7,24.35938781971703,22.892741337190227,25.82603430224383,1.0,0.0,0.0,0.872465523258539,1,0,0.127534476741461,0.0,0.0,1.0,0.127534476741461,0.0,0.872465523258539,1.0,1.0,1.0,11,1,2022,8,7,1,0,0,2,1,0,1,GRAVE_LESIONADOS,1
3,1,15,0,4,1,-14.836780425470906,-71.40964953523556,5,4,5,0,3,1,1,3,7286.484946600416,2.0,2,1,1.0,10,13,1198.0,0.28058080379921274,78.61267413356647,52.50525510129171,4.972262786997803,222.17751986886043,1777.8211019982014,13364.863071601449,1958.6696403150659,2187.089885681296,9219.103545605087,3075.445579863088,10289.417491738359,22.942101379701807,5,1,0,0,3,39.68095132113756,35.40857079268254,43.95333184959259,1.0,0.0,0.7120634214091708,1.0,1,0,0.0,0.2879365785908292,0.0,0.7120634214091708,0.0,0.0,1.0,0.7120634214091708,0.7120634214091708,0.0,19,1,2021,4,15,4,0,0,2,1,0,1,GRAVE_LESIONADOS,1
4,1,14,0,4,1,-11.247730737325952,-77.52450364505647,0,4,7,0,2,2,2,2,6543.555,3.0,2,0,1.0,0,30,1475.0,0.7327345537337897,78.20903814342847,76.31492653513806,13.642917835589472,1405.6698219039215,62016.21841541756,7626.313,1683.4029999999998,1599.0829999999996,4343.827000000001,1814.875,5811.438000000001,23.797541485643197,5,1,0,0,4,38.31020910705689,32.63969584428089,43.98072236983289,0.42003801946488895,0.0,0.0,1.0,1,0,0.0,0.0,0.0,1.0,0.0,1.0,0.42003801946488895,0.0,0.0,0.0,14,1,2023,8,18,2,0,1,0,1,1,1,GRAVE_LESIONADOS,1
6,1,12,0,4,1,-7.995970097308535,-78.30628254643726,0,4,7,1,2,2,2,5,9634.91066290667,2.0,2,0,1.0,9,32,3595.743635549587,0.4320883936567258,76.718936301794,43.003289188979466,6.269065613037991,662.0777072841523,13167.552462526766,8931.828000000005,1335.5899999999997,1935.9830000000004,5660.255000000005,1219.309,7712.519000000005,13.651281686122925,19,1,0,0,18,47.93196186420784,47.575949152277126,48.198971398155884,0.9109968220173204,0.0,0.0,0.0,1,0,0.0,0.0,1.0,0.0,0.08900317798267965,0.0,0.9109968220173204,0.08900317798267965,0.0,0.08900317798267965,9,1,2023,5,27,3,0,1,0,1,0,1,GRAVE_LESIONADOS,1
7,1,8,0,4,1,-13.257277558646447,-72.48645095319365,0,4,7,0,5,2,2,2,6543.555,2.0,4,4,1.0,14,33,1198.0,0.37312622586195815,78.0231898940933,53.869648460711204,5.532424648536617,432.5748030043082,10345.782053571642,12973.596084198263,1871.0814322598922,1951.5439757892236,9150.970676149149,2738.956701596301,10234.639382601961,21.037805872954593,6,1,0,0,5,56.23498027097319,53.327905300671304,59.142055241275074,1.0,0.6939921083892756,0.0,0.6939921083892756,1,0,0.0,0.3060078916107244,0.3060078916107244,0.0,0.0,0.0,1.0,1.0,1.0,0.3060078916107244,9,1,2023,6,8,3,0,0,2,1,0,1,GRAVE_LESIONADOS,1
5,1,4,0,4,1,-13.497844038615264,-74.16944753495518,0,4,6,0,1,1,1,2,6717.183010707251,2.0,3,3,1.0,13,28,1198.0,0.3933637223667675,75.47250391245421,59.76016542235983,5.947167438960219,464.6587676601311,6246.813145518203,12678.733000000004,1805.074000000001,1774.0339999999994,9099.625000000004,2485.375000000001,10193.358000000002,19.602707936195205,5,1,0,0,4,47.16489999017658,45.33434286275624,48.995457117596914,1.0,1.0,0.0,0.8335857156890601,1,0,0.0,1.0,0.16641428431093985,0.0,0.16641428431093985,0.0,1.0,0.8335857156890601,0.16641428431093985,0.0,11,2,2024,5,18,4,0,1,2,1,0,1,GRAVE_LESIONADOS,1
6,1,1,0,4,1,-9.945964058612601,-77.319563764739,4,4,6,1,5,2,2,0,9936.932,2.0,2,0,1.0,9,32,3830.0,0.4589596744871538,71.18643585036021,65.67478303034102,7.610386557660136,642.4759449482781,3466.0067410181764,10767.648,1885.0630000000003,1222.721,7659.864000000001,2100.343,8667.305000000002,19.506051832303577,6,1,0,0,5,24.486284894804342,24.486284894804342,24.486284894804342,1.0,0.0,0.0,0.21363261403830203,1,0,0.0,0.0,0.21363261403830203,0.786367385961698,0.0,0.21363261403830203,0.786367385961698,0.0,0.21363261403830203,0.0,16,3,2021,2,23,4,0,1,0,1,0,1,GRAVE_LESIONADOS,1
2,2,12,0,4,1,-8.206431049060726,-78.93667409791703,5,4,1,1,2,1,0,1,1030.2100866394803,1.2498297244695404,2,0,1.0,4,22,125.99159974049732,0.49399817351557385,76.26238639499589,58.34311949060168,7.914939324121956,733.5857215067961,7104.979571014432,3525.1483576752025,560.8533938454132,703.5156295507329,2260.7793342790565,803.2646777492145,2721.883679925988,22.657096976244397,7,2,0,0,5,45.62502837925508,40.75017027553046,50.49988648297969,1.0,0.0,0.0,0.7499432414898468,2,0,0.0,0.0,0.0,0.2500567585101532,0.0,1.0,0.0,0.0,0.0,0.0,12,1,2021,3,30,1,0,1,0,1,0,1,GRAVE_LESIONADOS,1
3,2,13,0,4,1,-6.096754169427185,-80.07399469217883,0,4,4,1,2,1,0,0,4358.897367782001,2.582951271679099,2,0,1.0,0,25,927.832068442978,0.4703091457296942,74.91176543888524,59.04522375211969,6.365443427676777,742.49897987499,44335.321199143465,3459.691,515.0619999999999,689.7280000000001,2254.901,703.3549999999999,2756.336,20.329994788551925,16,2,0,0,14,44.92392583809712,37.42621820802252,52.42163346817171,1.0,0.5829512716790991,0.0,1.0,2,0,0.0,0.5829512716790991,0.5829512716790991,0.4170487283209009,0.4170487283209009,0.0,1.0,0.0,0.4170487283209009,0.0,6,0,2021,5,14,3,0,0,0,1,0,1,GRAVE_LESIONADOS,1
6,1,9,0,4,1,-10.784052544376376,-75.64501432232004,0,4,7,1,3,2,2,0,1099.0153917514315,1.0,1,2,0.0,9,32,143.8789939894119,0.2486046985838406,72.61010975678042,44.93694011072449,3.8852542602125637,233.34648866843332,5316.726354191509,8658.764373994863,1406.9103203748841,1983.0953448152738,5268.758708804704,1648.1740395155416,7010.5903344793205,19.127940054342833,5,1,0,0,4,42.196238381456574,42.196238381456574,42.196238381456574,1.0,0.0,0.0,0.0,1,0,0.0,0.6495297976820721,0.0,0.3504702023179279,0.6495297976820721,0.0,0.3504702023179279,0.0,1.0,0.0,13,3,2024,3,9,2,0,0,1,1,0,1,GRAVE_LESIONADOS,1
3,2,19,1,5,3,-6.132968249794372,-77.38730831693697,0,0,1,1,2,2,2,1,6543.555,2.141186085325143,3,3,1.0,12,32,1237.1085456350647,0.5329317650577859,72.78160992852241,61.4116456769395,8.009265749163502,941.6286762373344,85472.58863377631,5336.581575756592,772.7181977972624,926.3913504669503,3637.4720274923798,969.631113058854,4366.950462697738,18.287605673758527,5,2,0,0,3,24.806175602416868,19.54134953585258,30.07100166898116,1.0,1.0,0.0,0.1411860853251432,2,0,0.0,0.0,0.1411860853251432,0.8588139146748568,0.8588139146748568,0.0,0.1411860853251432,0.8588139146748568,1.0,0.8588139146748568,19,1,2023,5,19,5,0,1,0,1,0,1,GRAVE_LESIONADOS,1
6,1,19,0,4,2,-7.444588321832563,-76.85203929189332,0,4,0,0,7,2,2,0,6543.555,2.0,4,4,1.0,14,33,1198.0,0.438067812350342,73.81759088184845,48.946353542441514,5.918788408863008,717.9807391511359,31238.557278653705,5401.705588384485,800.2842182209896,937.403551876886,3664.017818286609,1024.7313494214739,4376.97423896301,19.430445853632037,4,1,0,0,3,28.54324484397543,28.54324484397543,28.54324484397543,1.0,0.0,0.12654445871340814,0.12654445871340814,1,0,0.0,0.0,0.0,1.0,0.0,0.0,1.0,0.8734555412865919,0.8734555412865919,0.8734555412865919,13,2,2023,5,18,4,0,1,0,1,0,1,GRAVE_LESIONADOS,1
4,2,3,0,4,1,-15.970661656047158,-71.24820409505021,0,4,0,0,2,0,1,0,1504.4250000000002,2.0,2,0,1.0,7,25,241.0,0.4604031586140572,81.74881450958654,65.57656300942888,5.923487592977468,618.8558273730096,1581.0586286608427,10322.272,1495.236,1749.739,7077.2970000000005,2886.595,7435.677000000001,27.964725207783708,4,2,0,0,2,35.41411220596197,27.222093706232677,43.60613070569127,1.0,0.0,0.0,0.0,2,0,0.0,0.5656448823847886,0.0,1.0,0.0,1.0,1.0,0.0,0.0,0.0,5,0,2023,4,9,1,0,0,0,1,0,1,GRAVE_LESIONADOS,1
3,1,11,2,3,4,-8.147923273756378,-78.65596896792758,0,2,1,0,2,2,2,0,6543.555,2.0,4,4,1.0,14,33,1198.0,0.5845926307042383,80.404564623235,74.22287324399713,9.846506830274706,863.5339987092584,97048.68394999168,4434.600301793379,654.307095974244,840.3148686873499,2939.9783371317853,1013.5095882004711,3421.0907135929083,21.414596879571896,6,1,0,0,4,32.99443126610144,32.1364928755445,33.852369656658375,1.0,0.14206160944306223,0.0,0.8579383905569378,1,0,0.0,0.8579383905569378,0.0,1.0,1.0,0.0,0.8579383905569378,0.14206160944306223,1.0,0.8579383905569378,9,1,2022,8,24,3,0,1,0,1,0,1,GRAVE_LESIONADOS,1