CLASE SINIESTRO,CANTIDAD DE VEHICULOS DAÑADOS,DEPARTAMENTO,ZONA,TIPO DE VÍA,RED VIAL,COORDENADAS LATITUD,COORDENADAS  LONGITUD,CONDICIÓN CLIMÁTICA,ZONIFICACIÓN,CARACTERÍSTICAS DE VÍA,PERFIL LONGITUDINAL VÍA,SUPERFICIE DE CALZADA,¿EXISTE SEÑAL VERTICAL?,¿EXISTE SEÑAL HORIZONTAL?,CAUSA FACTOR PRINCIPAL,MTC_RVN_LONGITUD_KM,MTC_RVN_N_CARRILES_MEDIANA,MTC_RVN_SUPERFICIE_DOMINANTE,MTC_RVN_ESTADO_DOMINANTE,MTC_RVN_ES_CONCESIONADA,MTC_RVN_CONCESION_PRINCIPAL,MTC_RVN_CORREDOR_LOGISTICO,MTC_RVN_N_TRAMOS,IDH_2019,IDH_ESP_VIDA_2019,IDH_EDUC_SECUND_PCT_2019,IDH_ANIOS_EDUC_2019,IDH_INGRESO_PERCAP_2019,IDH_POBLACION_2019,MTC_DEP_RED_TOTAL_KM,MTC_DEP_NACIONAL_TOTAL_KM,MTC_DEP_DEPARTAMENTAL_TOTAL_KM,MTC_DEP_VECINAL_TOTAL_KM,MTC_DEP_PAV_TOTAL_KM,MTC_DEP_NO_PAV_TOTAL_KM,MTC_DEP_PCT_PAVIMENTADA,PER_TOTAL_PERSONAS,PER_N_CONDUCTORES,PER_N_CONDUCTORES_FUGADOS,PER_N_PEATONES,PER_N_PASAJEROS_OCUPANTES,PER_EDAD_COND_PROM,PER_EDAD_COND_MIN,PER_EDAD_COND_MAX,PER_ANY_COND_MASCULINO,PER_ANY_LIC_PROBLEMA,PER_ANY_DOSAJE_POS,PER_ANY_DOSAJE_EVALUADO,VEH_TOTAL,VEH_N_FUGADOS,VEH_ANY_FUGADO,VEH_ANY_CARGA,VEH_ANY_PUBLICO,VEH_ANY_PARTICULAR,VEH_ANY_MOTO,VEH_ANY_AUTO,VEH_ANY_CAMION_BUS,VEH_ANY_SOAT_PROBLEMA,VEH_ANY_CITV_PROBLEMA,VEH_ANY_SEGURO_PROBLEMA,HORA_NUM,FRANJA_HORARIA,ANIO,MES,DIA_MES,DIA_SEMANA,ES_FIN_SEMANA,ES_QUINCENA,REGION_NATURAL,TIENE_SEÑALIZACION,ES_VIA_MULTICARRIL,ES_DEPTO_BAJO_PAVIMENTO,CATEGORIA_SEVERIDAD,CATEGORIA_SEVERIDAD_ENC
5,1,22,0,4,1,-13.223103803242019,-73.31878308142971,1,4,6,1,6,2,2,3,6543.555,2.0,4,4,1.0,14,33,1198.0,0.3317236069957629,73.03304780843067,66.07909387102463,7.120083979771322,368.93533769987437,2046.3485515245038,2166.0029259317366,485.373805748426,428.3526396844629,1252.2764804988474,834.980007340936,1331.0229185908004,36.51972574974908,4,1,0,0,2,37.409591672264376,37.409591672264376,37.409591672264376,1.0,0.29520416386781334,0.29520416386781334,1.0,1,0,0.0,0.7047958361321867,0.0,0.29520416386781334,0.29520416386781334,0.29520416386781334,0.7047958361321867,0.29520416386781334,0.29520416386781334,0.0,14,2,2023,3,10,3,0,0,0,1,0,1,GRAVE_LESIONADOS,1
3,2,7,1,4,0,-13.404037211008133,-72.18879897750327,0,4,7,0,2,2,2,2,7487.866454478117,2.0,2,0,1.0,9,7,1198.0,0.43441779026485444,73.25716152719426,71.841968724323,7.463493294716199,509.3103270925846,18239.46911230515,17779.13499998999,2097.3709999899997,2863.123,12818.640999999989,2878.713,14900.421999989989,16.19152450331032,9,2,0,0,7,42.85136720659562,26.905078127794482,58.57617191691722,1.0,1.0,0.0,0.9050781277944812,2,0,0.0,0.0,0.9050781277944812,1.0,0.09492187220551884,0.9050781277944812,0.9050781277944812,0.0,0.9050781277944812,0.0,3,0,2023,3,5,1,0,0,2,1,0,1,GRAVE_LESIONADOS,1
3,1,18,2,4,0,-10.472064801191532,-75.93150811953652,0,0,7,0,2,2,2,1,6598.07013001412,2.0,2,1,1.0,11,31,1434.334000683488,0.7037605937201822,77.83045899615972,70.74413919807856,11.795563620035619,1449.5334308262939,109664.41466850425,5480.579391125597,1122.4522935076127,1474.111134522817,2884.0159630951675,1139.808927224034,4340.770463901564,17.68278776585813,22,2,0,0,19,39.69617703839824,28.130784692265493,51.261569384530986,1.0,0.0,0.0,0.0,2,0,0.0,0.0,1.0,0.4346076538672534,0.4346076538672534,0.0,0.5653923461327466,0.4346076538672534,1.0,0.4346076538672534,12,1,2023,6,4,1,0,0,0,1,0,1,GRAVE_LESIONADOS,1
4,1,7,0,4,0,-13.38629036979911,-71.42521316204616,3,4,3,0,7,2,2,2,6543.555,2.0,4,4,1.0,14,33,1198.0,0.32245152514547076,62.11664343035091,62.985710079615295,5.613555096406803,366.1164122513604,4757.25382337689,17779.13499998999,2097.3709999899997,2863.123,12818.640999999989,2878.713,14900.421999989989,16.19152450331032,17,1,0,0,16,38.0476309589401,24.73802972582947,51.35723219205072,1.0,0.0,0.0,0.0,1,0,0.0,0.0,0.0,0.5119077397350241,0.5119077397350241,0.0,0.4880922602649759,0.5119077397350241,0.0,0.0,17,2,2021,8,17,4,0,1,2,1,0,1,GRAVE_LESIONADOS,1
5,1,3,0,4,1,-16.365921721876287,-72.01748769722461,0,4,6,1,2,2,2,0,6632.977109893668,2.0,2,0,1.0,9,31,1585.6627456497945,0.6314789544008146,78.40231207280479,77.48716799110775,8.38629267916996,1208.0800677729785,2585.984000537873,10322.272,1495.236,1749.739,7077.2970000000005,2886.595,7435.677000000001,27.964725207783708,27,1,0,0,26,29.451543270344754,29.451543270344754,29.451543270344754,1.0,0.07257716351723775,0.0,0.9274228364827622,1,0,0.0,0.0,0.9274228364827622,0.07257716351723775,0.0,0.0,1.0,0.0,0.0,0.0,4,0,2023,11,8,4,0,0,0,1,0,1,GRAVE_LESIONADOS,1
3,1,5,0,4,1,-7.239582394744675,-78.87088255317131,0,4,3,0,1,1,1,2,887.28,2.0,2,0,1.0,8,17,155.0,0.4274278207744119,72.52262094026203,52.42342879054426,6.194583115611083,694.5454460066956,6179.474019930378,15935.565011852366,1733.9250000199986,935.692,13265.948011832368,2000.1670000199988,13935.398011832369,12.551591352627522,7,2,0,0,5,35.65553875107789,32.31107750215578,39.0,1.0,0.4790086113506429,0.0,0.4790086113506429,2,0,0.0,0.5209913886493571,0.0,1.0,0.0,1.0,0.5209913886493571,0.0,0.4790086113506429,0.0,7,0,2021,6,12,3,0,0,2,1,0,1,GRAVE_LESIONADOS,1
1,1,3,0,5,1,-15.83633598526688,-72.36281522902705,0,4,0,0,4,0,1,0,6543.555,2.0,4,4,1.0,14,33,1198.0,0.5422406086491794,80.04546318608507,63.40662096614802,8.621070380979118,823.6799615162225,7838.276723040449,10322.272,1495.236,1749.739,7077.2970000000005,2886.595,7435.677000000001,27.964725207783708,5,1,0,0,3,28.562007809752195,27.537204685851318,29.586810933653073,1.0,0.0,0.0,0.0,1,0,0.0,0.48759843804956093,0.0,0.5124015619504391,0.0,0.5124015619504391,1.0,0.0,0.48759843804956093,0.0,12,2,2021,6,21,2,0,1,0,1,0,1,GRAVE_LESIONADOS,1
3,2,16,0,4,1,-14.143416237738688,-71.77151486063342,0,2,2,0,2,2,2,2,680.1422287658124,1.0,0,2,0.0,9,32,89.52870985931693,0.4456769760810429,75.20639022902793,68.72648683282466,7.722761554703293,559.9032920635179,47417.58235868506,13061.348331174702,1938.8420195919869,1827.6279943963345,9294.87831718638,2586.45211998192,10474.896211192781,19.510622472480854,8,2,0,0,6,45.96997461622583,37.09660743786026,54.84334179459139,1.0,0.0,0.0,0.5783291027043042,2,0,0.0,0.42167089729569585,0.5783291027043042,1.0,0.0,1.0,1.0,0.5783291027043042,0.0,0.0,10,2,2022,5,30,0,0,1,2,1,0,1,GRAVE_LESIONADOS,1
5,1,5,0,4,1,-6.027228761209786,-78.81977948703123,0,4,2,0,1,2,2,2,718.2284871838406,1.310770263637048,1,2,0.31077026363704807,8,27,122.60620239094126,0.3115929967688944,73.7705997712396,42.579823101521086,4.935568569717921,334.50374548820224,6373.263528260668,15935.565011852366,1733.9250000199986,935.692,13265.948011832368,2000.1670000199988,13935.398011832369,12.551591352627522,8,1,0,0,7,36.6215405272741,36.310770263637046,36.932310790911146,1.0,0.31077026363704807,0.0,1.0,1,0,0.0,0.0,0.0,1.0,0.0,0.31077026363704807,0.6892297363629519,0.0,0.31077026363704807,0.0,17,1,2023,10,14,3,0,0,2,1,0,1,GRAVE_LESIONADOS,1
3,1,7,0,4,0,-13.51847356581539,-72.33041318274091,0,0,0,0,1,2,2,2,7475.386444369697,2.0,2,0,1.0,9,7,1198.0,0.32329568465230657,70.35630939099124,48.225360134813,5.193598620130269,366.5448478677241,8456.916220223948,17779.13499998999,2097.3709999899997,2863.123,12818.640999999989,2878.713,14900.421999989989,16.19152450331032,5,1,0,0,4,27.660325062630548,25.427533500348126,29.89311662491297,1.0,0.0,0.0,0.10688337508703138,1,0,0.0,0.0,0.0,1.0,0.0,0.8931166249129686,0.10688337508703138,0.0,0.8931166249129686,0.0,8,1,2023,7,1,3,0,0,2,1,0,1,GRAVE_LESIONADOS,1
3,1,11,0,4,2,-7.666518316500049,-78.8987072228931,0,4,5,0,1,2,2,2,6543.555,2.0,4,4,1.0,14,33,1198.0,0.4554987621119029,78.41842652738293,56.466911101821466,5.63812191627342,765.8449286631451,24712.111558314908,8802.531877246267,1335.2121854345899,1731.332370399461,5735.987321412216,1190.7850736483847,7611.746803597883,13.518826174786271,4,1,0,0,2,36.967784194843325,28.756678917428165,45.17888947225848,1.0,0.0,0.0,0.0,1,0,0.0,0.17888947225848395,0.821110527741516,0.0,0.821110527741516,0.0,0.17888947225848395,0.0,0.17888947225848395,0.0,17,2,2021,3,4,3,0,0,0,1,0,1,GRAVE_LESIONADOS,1
3,2,15,0,3,2,-15.488805469382484,-73.56281129998449,0,2,3,1,2,0,1,2,6597.983605252957,2.0,2,1,1.0,11,31,1433.9588985245377,0.582594033348808,78.43563017251589,67.77734443695275,9.245663049544591,963.040627750974,15510.765577610027,3255.083456655607,668.7837490815477,632.7212779056485,1953.57842966841,1088.0082925560707,2167.0751640995354,34.28895800555329,5,2,0,0,3,47.080454752920666,35.69348491764022,58.46742458820111,1.0,0.5644949725467407,0.0,0.43550502745325925,2,0,0.0,0.0,0.0,1.0,0.0,1.0,0.0,0.0,0.43550502745325925,0.0,18,2,2021,7,19,3,0,1,0,1,0,1,GRAVE_LESIONADOS,1
3,1,18,0,4,2,-5.6167795740735444,-80.58658338503865,5,4,6,1,5,2,2,0,6543.555,2.0,4,4,1.0,14,33,1198.0,0.4708270399846579,76.50352397921503,61.24579685863788,6.6861443999935455,691.4063152509256,43420.237195486676,8963.384848445969,1750.085094166244,730.9757738262049,6482.323980453521,2142.50405239972,6820.880796046249,23.900031643694682,5,1,0,0,4,38.30227317815474,38.30227317815474,38.30227317815474,1.0,0.9276514901025145,0.0,0.0,1,0,0.0,0.9276514901025145,0.07234850989748554,0.0,0.9276514901025145,0.0,0.07234850989748554,0.9276514901025145,0.9276514901025145,0.9276514901025145,20,2,2022,7,10,6,1,0,0,1,0,1,GRAVE_LESIONADOS,1
3,2,12,0,4,1,-8.25144922078572,-78.97788696603912,0,3,7,1,2,1,0,0,738.922944701076,1.3585480075946395,2,3,0.0,9,12,174.59508184723725,0.491356749421546,79.88763042645799,63.436060203433364,8.42154997616875,656.2911709079228,10368.664225881277,3515.6619626839833,554.2170848857463,701.5174599857489,2259.9274178124883,788.7852868871921,2726.8766757967915,22.31984213856946,5,2,0,0,3,42.031264642616975,38.565807969621446,45.49672131561251,1.0,0.0,0.0,0.2138173308017869,2,0,0.0,0.7861826691982131,0.0,1.0,0.0,0.2138173308017869,0.7861826691982131,0.7861826691982131,0.7861826691982131,0.7861826691982131,16,3,2022,5,9,6,1,0,0,1,0,1,GRAVE_LESIONADOS,1
10,1,6,0,4,1,-10.605146476696879,-75.23025566257907,2,4,3,0,1,1,1,2,6543.555,2.0,4,4,1.0,14,33,1198.0,0.3788829461403561,76.53338702079864,49.91798183696292,5.222864121704067,497.5405875762028,28183.378164520807,17084.20134515985,1960.370040591819,2136.577939122757,12987.253365445275,2547.545110182451,14536.656234977401,14.819451805220515,6,1,0,0,5,47.01559977349018,47.01559977349018,47.01559977349018,1.0,0.0,0.0,0.0,1,0,0.0,0.6230500283137279,0.3769499716862721,0.0,0.0,0.3769499716862721,0.6230500283137279,0.0,0.0,0.0,11,2,2021,9,10,1,0,0,2,1,0,1,GRAVE_LESIONADOS,1
3,2,20,0,4,1,-6.427277416785488,-76.70127444347246,0,4,7,1,2,0,0,2,699.4574344474998,2.0,2,0,1.0,1,20,74.83601451931528,0.5799919211832079,72.82732319031672,66.55565551199126,8.654536734593986,1105.6530792788847,47036.75579310661,5425.78835968199,784.9643463265523,937.639729376656,3703.1842839787814,982.2869577782834,4443.501401903706,18.190532905208066,5,2,0,0,3,34.858636134733764,33.10771739699614,36.6095548724714,1.0,0.8996325049049461,0.8996325049049461,1.0,2,0,0.0,0.0,0.8996325049049461,0.10036749509505394,1.0,0.0,1.0,0.0,1.0,0.0,14,2,2021,11,20,1,0,1,0,1,0,1,GRAVE_LESIONADOS,1
6,1,10,0,4,1,-14.855183885810552,-74.98858539676033,0,4,7,1,2,2,2,0,6639.975,2.0,2,0,1.0,9,31,1616.0,0.5563774842369664,77.00938809632027,69.10246351364754,8.476961866273152,914.8835608305218,27932.19700214133,3721.461,698.1859999999996,744.866,2278.409,1102.9029999999996,2618.558,29.636290693359403,4,1,0,0,3,32.971569434975756,32.971569434975756,32.971569434975756,0.36622096045674946,0.6337790395432505,0.0,0.0,1,0,0.0,0.0,0.0,1.0,0.0,0.6337790395432505,0.36622096045674946,0.6337790395432505,0.6337790395432505,0.6337790395432505,12,1,2022,8,28,4,0,1,0,1,0,1,GRAVE_LESIONADOS,1
3,2,13,0,3,2,-11.494581245856818,-77.32778266963443,1,3,0,0,2,1,1,1,6543.555,2.0,4,4,1.0,14,33,1198.0,0.7153390085395184,77.993130549452,75.85158120169048,13.257354233233063,1346.8399370356897,61645.672857481535,7158.243675718062,1565.306371635832,1496.6891643360248,4096.248139746206,1729.5318799668566,5428.711795751207,24.497424450812538,8,2,0,0,6,43.143677896141966,34.72249571523919,51.56486007704474,1.0,0.11986864656635832,0.11986864656635832,1.0,2,0,0.0,0.0,0.8801313534336417,0.11986864656635832,0.11986864656635832,0.11986864656635832,0.8801313534336417,0.0,0.11986864656635832,0.11986864656635832,8,1,2023,9,12,2,0,0,0,1,0,1,GRAVE_LESIONADOS,1
3,2,7,0,4,1,-13.615424470425495,-71.66462050006814,0,4,7,1,2,0,1,1,3284.2581607422458,1.8877535094139863,2,0,0.8877535094139863,5,17,626.9498443882054,0.4607602605648534,66.4270316751062,72.2981038181075,7.150254667751808,706.586212242824,8355.364832003366,17779.13499998999,2097.3709999899997,2863.123,12818.640999999989,2878.713,14900.421999989989,16.19152450331032,8,2,0,0,6,36.11224649058602,35.663260528241956,36.56123245293007,1.0,0.0,0.0,0.8877535094139863,2,0,0.0,0.0,0.11224649058601366,1.0,0.0,1.0,1.0,0.0,0.8877535094139863,0.0,18,2,2023,5,23,5,0,0,2,1,0,1,GRAVE_LESIONADOS,1
6,1,7,0,4,2,-13.048926428896046,-72.51111938283168,0,4,0,0,1,1,0,0,6587.726728885008,2.0,3,3,1.0,13,31,1198.0,0.4626973428537884,76.14496484719365,61.572260767329894,7.060240784866771,637.3384901091606,3320.5692197197613,17779.13499998999,2097.3709999899997,2863.123,12818.640999999989,2878.713,14900.421999989989,16.19152450331032,14,1,0,0,13,61.02625992060638,61.02625992060638,61.02625992060638,1.0,1.0,0.0,0.04233652519102682,1,0,0.0,0.9576634748089732,0.04233652519102682,0.0,0.0,0.0,1.0,0.9576634748089732,0.9576634748089732,0.0,6,1,2023,3,16,5,0,1,2,1,0,1,GRAVE_LESIONADOS,1
5,1,12,0,4,0,-11.480121947941717,-74.98062298337624,0,3,2,0,1,1,0,1,6543.555,2.0,4,4,1.0,14,33,1198.0,0.6003370033917083,72.00107537927242,74.229315004961,10.834010028552159,1027.8574686364757,118500.11418945459,10997.771065682704,1636.7844539333046,1132.7907492262805,8228.195862523116,1412.9893473718892,9584.781718310815,12.525702636798709,5,1,0,0,4,39.73541091953338,38.28017097696694,41.19065086209981,1.0,0.0,0.0,0.867705459766688,1,0,0.0,0.867705459766688,0.132294540233312,0.132294540233312,0.132294540233312,0.0,0.867705459766688,0.132294540233312,0.132294540233312,0.132294540233312,9,1,2021,7,16,5,0,0,1,1,0,1,GRAVE_LESIONADOS,1
6,1,22,0,4,1,-16.884881199296537,-70.32822160382332,0,4,6,1,2,2,2,2,1528.270426820747,1.9978590806545249,1,0,0.9978590806545248,9,21,199.9486179357086,0.36359810282182253,69.94127618775548,62.44955343102659,6.6419351912587326,377.83164228978757,2506.6690501258317,2650.572,630.6729999999998,487.3610000000001,1532.5379999999998,1068.7019999999998,1581.87,40.31967439480987,4,1,0,0,3,39.97859080654525,39.97859080654525,39.97859080654525,1.0,0.0,0.0,1.0,1,0,0.0,0.0,0.0,1.0,0.0,1.0,0.0,0.0,0.0,0.0,13,2,2023,3,4,0,0,0,0,1,0,1,GRAVE_LESIONADOS,1
5,1,5,0,4,1,-6.759972310395908,-78.69122554762632,0,4,7,1,2,2,2,2,9936.932,2.0,2,0,1.0,9,32,3830.0,0.32575327788012226,74.11806860480398,55.34447017053394,4.357234068250762,366.12481137374357,5342.172899766833,15935.565011852366,1733.9250000199986,935.692,13265.948011832368,2000.1670000199988,13935.398011832369,12.551591352627522,8,1,0,0,7,47.125787993921364,47.125787993921364,47.125787993921364,1.0,0.0,0.0,1.0,1,0,0.0,0.0,0.6197588335866098,0.38024116641339023,0.38024116641339023,0.0,0.6197588335866098,0.0,0.0,0.0,12,2,2022,11,4,1,0,0,2,1,0,1,GRAVE_LESIONADOS,1
5,1,7,0,4,1,-13.417290412397962,-71.7846930593033,0,4,1,0,1,1,1,5,6732.878236340754,2.0,3,3,1.0,13,27,1198.0,0.22907891246566137,68.52784620352546,41.81048467841139,3.733662446971819,213.389183662109,5484.4319706681545,17779.13499998999,2097.3709999899997,2863.123,12818.640999999989,2878.713,14900.421999989989,16.19152450331032,7,1,0,0,6,34.45562773971651,32.09668127848805,36.81457420094497,1.0,0.0,0.0,0.18145742009449695,1,0,0.0,0.18145742009449695,0.0,1.0,0.0,0.18145742009449695,1.0,0.0,0.0,0.0,15,2,2023,5,6,1,0,0,2,1,0,1,GRAVE_LESIONADOS,1
3,1,5,0,4,1,-6.621031950129787,-78.68926993705301,0,4,2,0,2,1,1,4,9936.932,2.0,2,0,1.0,9,32,3830.0,0.30574170838797604,80.10421549209424,45.10836340118742,4.07358874472122,327.9698066399018,5154.544580831611,15935.565011852366,1733.9250000199986,935.692,13265.948011832368,2000.1670000199988,13935.398011832369,12.551591352627522,4,1,0,0,3,50.9094276049733,42.987590179954225,58.83126502999237,1.0,0.0,0.0,1.0,1,0,0.0,0.6337469940015258,0.0,0.3662530059984742,0.3662530059984742,0.0,0.6337469940015258,0.0,0.6337469940015258,0.0,7,1,2022,10,6,4,0,0,2,1,0,1,GRAVE_LESIONADOS,1
4,2,11,0,4,1,-10.86355085311709,-77.58393324131097,0,4,7,1,2,1,1,3,489.85908650035634,0.19535448086088159,2,1,0.6015485063797061,11,21,95.88565320491965,0.5018960909194645,79.97754888125269,61.839472574994396,8.176344275766676,693.4675366833919,12674.476113733424,3617.1583525150154,625.219968682277,722.8961815447642,2269.0422022879743,943.7025026269985,2673.455849888017,25.92818319001644,4,1,0,0,3,41.80464551913912,40.210839544657944,43.39845149362029,1.0,0.0,0.0,0.0,1,0,0.0,1.0,0.0,0.39845149362029386,0.0,0.0,1.0,0.39845149362029386,0.39845149362029386,0.39845149362029386,9,1,2022,4,15,5,1,0,0,1,0,1,GRAVE_LESIONADOS,1
6,1,8,0,4,1,-12.736881830722211,-74.87631467965545,0,4,4,0,1,2,2,0,6954.303425590677,2.0,3,2,1.0,12,21,1198.0,0.3718410799325125,70.98832337759083,55.40806532592275,5.562212075350082,475.304563548137,2739.32019935726,8511.426,1445.3929999999996,2008.516,5057.516999999999,1879.579,6631.846999999998,22.08300935706896,6,1,0,0,5,48.629442420887635,48.629442420887635,48.629442420887635,1.0,0.0,0.0,0.0,1,0,0.0,0.0,0.0,0.393683052625468,0.0,0.393683052625468,0.606316947374532,0.0,0.0,0.0,12,3,2024,9,23,4,0,1,2,1,0,1,GRAVE_LESIONADOS,1
4,1,15,1,3,2,-6.525155201905171,-78.78343113060436,0,3,0,0,2,2,2,0,6543.555,2.0,4,4,1.0,14,33,1198.0,0.5550898841926476,77.74243154586073,68.59654240436839,8.934536954634314,860.8492022209846,93082.2263660428,4257.433725585126,624.5747015659033,790.3180230339785,2842.541000985244,816.531460542541,3440.902265042584,19.461909520190506,7,1,0,0,6,36.380303648465876,35.7453289525047,37.01527834442705,1.0,0.0,0.0,0.634974695961177,1,0,0.0,0.634974695961177,0.0,1.0,0.634974695961177,0.0,1.0,0.0,1.0,0.634974695961177,12,1,2021,8,25,4,0,1,0,1,0,1,GRAVE_LESIONADOS,1
3,1,22,0,4,1,-17.649781814209156,-70.80964701879724,0,4,0,1,2,2,2,2,6630.764376068462,2.0,2,0,1.0,9,31,1576.0701016035782,0.5480913348575089,73.24764879210512,71.41107712638853,8.920185531217967,930.7649430745414,2678.705060238948,2650.572,630.6729999999998,487.3610000000001,1532.5379999999998,1068.7019999999998,1581.87,40.31967439480987,4,1,0,0,3,28.50302376354648,21.719469308936823,35.28657821815614,1.0,0.0,0.0,1.0,1,0,0.0,0.09552607271871238,0.9044739272812876,0.9044739272812876,0.0,0.9044739272812876,1.0,0.0,0.0,0.0,21,2,2023,5,10,4,0,0,0,1,0,1,GRAVE_LESIONADOS,1
4,1,13,0,4,1,-9.374322929092665,-77.42147978743947,1,4,3,0,2,1,1,2,1204.331009605718,2.0,1,1,1.0,5,27,219.6198423141346,0.3799617254014779,73.95892960988434,52.57851586292969,5.671484603129733,495.85332857409975,5536.173682952887,8737.168975319448,1612.8144862961217,1327.183740263968,5797.170748759358,2045.960743223015,6691.208232096432,23.382729437689523,7,1,0,0,6,45.02582676308894,40.49677165461388,49.554881871564,0.5032283453861176,0.4967716546138824,0.0,1.0,1,0,0.0,1.0,0.0,0.5032283453861176,0.4967716546138824,0.0,0.5032283453861176,0.4967716546138824,0.4967716546138824,0.0,14,3,2023,2,11,1,0,0,1,1,0,1,GRAVE_LESIONADOS,1
4,1,9,1,2,2,-9.657872248411776,-77.71642049181845,0,1,4,0,2,2,2,1,8120.743034391579,2.0,3,2,1.0,11,32,2421.3120300275023,0.6477890454658228,76.0912387130928,74.39951276316097,9.765388941133097,1255.7119851178647,256183.55198692757,11488.322098263383,1706.8848276616693,1290.7493408389153,8490.6879297628,1900.9957950958665,9587.326303167518,18.570601483056777,6,1,0,0,4,30.507139572343732,25.422589528749988,35.591689615937476,1.0,0.4647842059375008,0.0,0.0,1,0,0.0,0.4647842059375008,0.5352157940624992,0.5352157940624992,0.0,0.0,1.0,0.0,0.0,0.0,15,1,2021,2,20,2,0,1,0,1,0,1,GRAVE_LESIONADOS,1
2,2,5,0,4,1,-5.656024673291756,-78.75446487953037,0,3,7,0,2,0,1,2,7758.33400008,2.0,2,0,1.0,9,20,2133.0,0.5803239946829384,74.49544278598792,68.33065356443184,8.733179344969395,1046.078117086984,102362.46895074946,15935.565011852366,1733.9250000199986,935.692,13265.948011832368,2000.1670000199988,13935.398011832369,12.551591352627522,5,2,0,0,1,42.454004294745076,39.960219930590334,44.94778865889981,1.0,0.9975137456618959,1.0,1.0,2,0,0.0,0.0,0.9975137456618959,0.0024862543381041213,1.0,0.0,0.0,0.9975137456618959,1.0,0.9975137456618959,2,0,2024,1,13,5,1,0,2,1,0,1,GRAVE_LESIONADOS,1
6,1,7,0,4,1,-13.45172432502159,-71.81355224427834,6,4,3,0,4,1,1,3,6543.555,2.0,4,4,1.0,14,33,1198.0,0.29450522633863585,65.9587566204529,59.48053316494348,5.571112242695828,268.41035059440514,4662.445869597812,17779.13499998999,2097.3709999899997,2863.123,12818.640999999989,2878.713,14900.421999989989,16.19152450331032,18,1,0,0,17,43.40250546108925,43.40250546108925,43.40250546108925,1.0,0.49350036407261666,0.0,0.0,1,0,0.0,0.0,0.0,0.49350036407261666,0.0,0.49350036407261666,0.5064996359273833,0.49350036407261666,0.49350036407261666,0.0,10,2,2022,5,15,5,0,1,2,1,0,1,GRAVE_LESIONADOS,1
3,1,9,1,4,1,-9.01048891463042,-76.29962178864263,5,4,1,0,2,1,0,1,834.1451202757128,1.8216017480714188,2,2,0.0,9,13,249.71359300771434,0.3168703148045746,72.51114744844377,35.097085643227885,4.513691710993389,439.13579834650625,10264.491841437522,8337.998082944674,1333.8547771080728,996.0656705958085,6008.077635240792,1088.304601270012,7249.693481674662,13.04294136132929,5,1,0,0,4,35.87560611824997,24.78398251928581,46.967229717214124,1.0,0.0,0.0,0.0,1,0,0.0,0.17839825192858105,0.0,0.821601748071419,0.821601748071419,0.821601748071419,0.17839825192858105,0.0,1.0,0.0,14,2,2022,4,22,5,0,0,1,1,0,1,GRAVE_LESIONADOS,1
4,1,15,0,4,1,-14.402247759225254,-72.28033230739118,0,4,7,1,2,0,1,2,880.4039118742437,2.0,2,0,1.0,6,26,119.65645477246727,0.4150554863675119,72.7288040713055,76.5791108920926,8.668243379580607,514.5554461887601,20152.479711927142,12971.435632599712,1926.161084903709,1746.1461938599857,9299.128353836017,2473.845498261628,10497.590134338083,18.77056546425473,7,1,0,0,5,47.0,38.23524961154189,55.76475038845811,1.0,0.0,0.0,0.48693057713656196,1,0,0.0,0.0,0.48693057713656196,1.0,0.0,0.513069422863438,0.48693057713656196,0.0,0.0,0.48693057713656196,8,1,2022,1,11,3,0,0,2,1,0,1,GRAVE_LESIONADOS,1
3,1,11,2,3,1,-13.00244617895805,-75.92929044532937,0,1,7,0,2,2,2,0,6622.042493638832,2.0,2,0,1.0,9,31,1538.2589954473308,0.6877492189363111,78.3699594511001,72.67650980788426,10.094312512957323,1425.2774370530221,96283.79922991565,8127.716255724425,1648.4070870725786,1627.102494693509,4852.206673958338,2014.1969842085805,6113.5192715158455,24.5725679179751,7,2,0,0,4,36.150941425680244,25.16171549616119,47.1401673551993,1.0,0.18598326448006997,0.0,0.0,2,0,0.0,0.81401673551993,0.0,0.18598326448006997,0.18598326448006997,0.0,0.81401673551993,0.18598326448006997,0.18598326448006997,0.0,4,0,2023,5,12,4,0,0,0,1,0,1,GRAVE_LESIONADOS,1