CLASE SINIESTRO,CANTIDAD DE VEHICULOS DAÑADOS,DEPARTAMENTO,ZONA,TIPO DE VÍA,RED VIAL,COORDENADAS LATITUD,COORDENADAS  LONGITUD,CONDICIÓN CLIMÁTICA,ZONIFICACIÓN,CARACTERÍSTICAS DE VÍA,PERFIL LONGITUDINAL VÍA,SUPERFICIE DE CALZADA,¿EXISTE SEÑAL VERTICAL?,¿EXISTE SEÑAL HORIZONTAL?,CAUSA FACTOR PRINCIPAL,MTC_RVN_LONGITUD_KM,MTC_RVN_N_CARRILES_MEDIANA,MTC_RVN_SUPERFICIE_DOMINANTE,MTC_RVN_ESTADO_DOMINANTE,MTC_RVN_ES_CONCESIONADA,MTC_RVN_CONCESION_PRINCIPAL,MTC_RVN_CORREDOR_LOGISTICO,MTC_RVN_N_TRAMOS,IDH_2019,IDH_ESP_VIDA_2019,IDH_EDUC_SECUND_PCT_2019,IDH_ANIOS_EDUC_2019,IDH_INGRESO_PERCAP_2019,IDH_POBLACION_2019,MTC_DEP_RED_TOTAL_KM,MTC_DEP_NACIONAL_TOTAL_KM,MTC_DEP_DEPARTAMENTAL_TOTAL_KM,MTC_DEP_VECINAL_TOTAL_KM,MTC_DEP_PAV_TOTAL_KM,MTC_DEP_NO_PAV_TOTAL_KM,MTC_DEP_PCT_PAVIMENTADA,PER_TOTAL_PERSONAS,PER_N_CONDUCTORES,PER_N_CONDUCTORES_FUGADOS,PER_N_PEATONES,PER_N_PASAJEROS_OCUPANTES,PER_EDAD_COND_PROM,PER_EDAD_COND_MIN,PER_EDAD_COND_MAX,PER_ANY_COND_MASCULINO,PER_ANY_LIC_PROBLEMA,PER_ANY_DOSAJE_POS,PER_ANY_DOSAJE_EVALUADO,VEH_TOTAL,VEH_N_FUGADOS,VEH_ANY_FUGADO,VEH_ANY_CARGA,VEH_ANY_PUBLICO,VEH_ANY_PARTICULAR,VEH_ANY_MOTO,VEH_ANY_AUTO,VEH_ANY_CAMION_BUS,VEH_ANY_SOAT_PROBLEMA,VEH_ANY_CITV_PROBLEMA,VEH_ANY_SEGURO_PROBLEMA,HORA_NUM,FRANJA_HORARIA,ANIO,MES,DIA_MES,DIA_SEMANA,ES_FIN_SEMANA,ES_QUINCENA,REGION_NATURAL,TIENE_SEÑALIZACION,ES_VIA_MULTICARRIL,ES_DEPTO_BAJO_PAVIMENTO,CATEGORIA_SEVERIDAD,CATEGORIA_SEVERIDAD_ENC
3,1,19,0,4,2,-5.39618806951867,-80.48636325769795,0,4,5,1,1,2,2,2,6543.555,2.0,4,4,1.0,14,33,1198.0,0.36950814881529126,75.0506198673298,48.64587741815432,4.9940946240669515,506.49619078304386,38786.05392989972,8965.846000060003,1782.4120000599992,636.9959999999999,6546.438000000004,2214.505000059999,6751.341000000004,24.699342371541725,5,1,0,0,4,41.18180460617836,24.479307577865306,57.88430163449141,1.0,0.7768603268982814,0.0,1.0,1,0,0.0,0.0,1.0,0.0,0.7768603268982814,0.0,0.22313967310171856,0.7768603268982814,1.0,0.7768603268982814,20,2,2022,3,18,6,1,0,0,1,0,1,GRAVE_LESIONADOS,1
3,1,7,0,4,0,-13.544143472300364,-71.49437924309422,0,4,0,0,1,2,2,2,6543.555,2.0,4,4,1.0,14,33,1198.0,0.27245465994858115,63.09445420022948,46.818183371298694,4.409617891862056,303.8234841015432,12101.29512405225,17779.13499998999,2097.3709999899997,2863.123,12818.640999999989,2878.713,14900.421999989989,16.19152450331032,5,1,0,0,3,40.188219986311985,30.725238805010335,49.651201167613635,1.0,0.788581765108471,0.0,0.211418234891529,1,0,0.0,0.0,0.0,1.0,0.788581765108471,0.0,0.211418234891529,1.0,0.0,0.788581765108471,7,0,2022,4,7,4,0,0,2,1,0,1,GRAVE_LESIONADOS,1
8,1,7,0,4,2,-12.539470290858546,-73.23466379591594,0,4,5,0,2,2,2,2,6543.555,2.0,4,4,1.0,14,33,1198.0,0.47372071647522646,76.46344297772832,64.90387490311453,7.129596187270744,663.9191305060547,29853.18512402568,17779.13499998999,2097.3709999899997,2863.123,12818.640999999989,2878.713,14900.421999989989,16.19152450331032,5,1,0,0,4,41.3722140559812,41.3722140559812,41.3722140559812,1.0,0.29197621600208823,0.0,0.0,1,0,0.0,0.7080237839979118,0.0,0.0,0.0,0.0,0.7080237839979118,0.29197621600208823,0.29197621600208823,0.0,14,3,2021,6,7,0,0,0,2,1,0,1,GRAVE_LESIONADOS,1
3,1,3,0,4,1,-16.31120426612048,-73.40007817143771,0,4,7,1,2,1,1,0,6639.975,2.0,2,0,1.0,9,31,1616.0,0.5914857535311346,81.4803373615296,52.671906363084595,9.237431115012953,1072.0680375558675,4781.7361740973065,10322.272,1495.236,1749.739,7077.2970000000005,2886.595,7435.677000000001,27.964725207783708,4,1,0,0,2,37.372891085466655,30.01687131626675,44.47469302559987,1.0,0.0,0.0,0.2542178290666882,1,0,0.0,0.0,0.0,1.0,0.0,0.2542178290666882,0.7457821709333118,0.0,0.0,0.0,5,0,2021,2,7,0,0,0,0,1,0,1,GRAVE_LESIONADOS,1
3,2,20,0,4,1,-16.424088893894464,-71.6112978131369,0,4,1,0,2,1,1,1,6626.677147556716,2.137915914159769,2,0,1.0,7,30,1596.5538561034728,0.6769340666893919,76.39812133207772,74.30661558938692,11.363322853751944,1302.9627873615364,74927.48601175721,2762.162386549038,614.7284032480748,515.2706298007699,1632.1633535001927,1018.3148345094708,1743.8475520395666,37.56277945815192,5,2,0,0,3,33.65521021460058,25.275831828319536,42.03458860088162,1.0,1.0,0.0,0.8620840858402314,2,0,0.0,0.0,0.13791591415976856,1.0,0.13791591415976856,1.0,0.8620840858402314,0.0,0.13791591415976856,0.13791591415976856,5,0,2021,3,15,1,0,0,0,1,0,1,GRAVE_LESIONADOS,1
3,1,19,0,4,2,-5.025296857554233,-80.2164611009658,0,4,0,0,6,1,1,0,5850.94551668582,1.6803303961287952,3,3,0.8934434653762651,13,32,1074.0747502325962,0.4653748048968089,74.19666709322776,61.11371397478021,6.596218102126203,701.9088264424688,75914.02997858672,8965.846000060003,1782.4120000599992,636.9959999999999,6546.438000000004,2214.505000059999,6751.341000000004,24.699342371541725,6,2,0,0,4,34.254104257633855,24.42622613849494,44.08198237677277,1.0,0.8934434653762651,0.0,1.0,2,0,0.0,0.0,0.10655653462373493,0.0,1.0,0.0,0.0,1.0,1.0,0.10655653462373493,16,2,2021,3,12,4,0,0,0,1,0,1,GRAVE_LESIONADOS,1
6,1,3,1,4,1,-15.997707562716789,-72.9625002025097,0,4,2,0,1,2,2,0,6562.275203007961,2.0,3,3,1.0,13,32,1279.1558271865536,0.6521378975027721,76.13738412170215,70.19963170031491,8.87922622625683,1394.278417798585,2176.392132189242,10322.272,1495.236,1749.739,7077.2970000000005,2886.595,7435.677000000001,27.964725207783708,9,1,0,0,8,28.0,28.0,28.0,1.0,0.0,0.0,0.19415269661854906,1,0,0.0,0.0,0.19415269661854906,0.8058473033814509,0.0,0.0,1.0,0.0,0.0,0.0,3,0,2021,5,20,5,1,0,0,1,0,1,GRAVE_LESIONADOS,1
3,1,14,2,3,4,-11.952856598031513,-77.08259584718097,0,3,1,0,1,2,2,0,6543.555,2.0,4,4,1.0,14,33,1198.0,0.7460432610201825,80.34080325786336,78.41665036249067,11.115478180873488,1584.3268516247238,366559.0421059373,7626.313,1683.4029999999998,1599.0829999999996,4343.827000000001,1814.875,5811.438000000001,23.797541485643197,12,1,0,0,10,37.08681054414024,34.47817745379442,39.69544363448606,1.0,1.0,0.0,0.0,1,0,0.0,0.0,0.0,1.0,0.13045563655139392,0.0,0.8695443634486061,1.0,1.0,1.0,14,2,2024,3,3,0,0,0,0,1,0,1,GRAVE_LESIONADOS,1
5,1,10,1,4,1,-13.488719018196594,-75.98801838335456,0,4,0,0,2,1,1,0,6545.907168928638,2.0,3,3,1.0,13,32,1208.1971231297512,0.5950110123172195,81.05079008938853,67.23433314787655,10.068678681925432,924.955797433422,65572.107459452,3695.336629207425,696.5390182443563,738.5841574365393,2260.2134535265295,1102.0686655307159,2593.2679636767093,29.896912174330858,5,1,0,0,3,27.170765219876216,26.951209937178223,27.390320502574205,1.0,0.024395031410887946,0.0,1.0,1,0,0.0,0.0,0.0,1.0,0.0,1.0,0.024395031410887946,0.0,0.0,0.0,5,0,2023,8,2,0,0,0,0,1,0,1,GRAVE_LESIONADOS,1
6,1,6,0,3,1,-7.6130782198470435,-78.39745971244025,0,3,2,0,2,2,2,0,9490.105566799995,2.0,2,0,1.0,9,32,3483.4286723277683,0.6277785023160098,74.11984820908715,74.7779658561723,9.822709515308423,1185.1715060151096,256515.19327790575,14841.43564190144,1727.2724633089092,1023.0446974300188,12091.118481162513,1975.7684838900693,12865.667158011373,14.032413491128644,7,1,0,0,5,21.94076481180845,19.395028109048894,26.63721010827866,1.0,0.8683239636503679,0.0,0.0,1,0,0.0,0.8683239636503679,0.0,0.1316760363496321,0.1316760363496321,0.1316760363496321,1.0,0.0,0.1316760363496321,0.1316760363496321,21,2,2021,4,20,4,0,0,1,1,0,1,GRAVE_LESIONADOS,1
3,2,13,0,4,1,-6.718099497333026,-79.73765233123133,0,4,6,1,2,1,0,0,960.3059897429757,2.0,2,2,0.10676385279005329,8,8,212.12798809654709,0.4546038981498128,80.31850286657776,61.58083316365252,7.974991250306104,522.7103980111017,10539.73470851253,3459.691,515.0619999999999,689.7280000000001,2254.901,703.3549999999999,2756.336,20.329994788551925,5,2,0,0,3,40.58720119034529,36.42705541116021,44.74734696953037,1.0,0.0,0.0,0.10676385279005329,2,0,0.0,0.8932361472099467,0.0,0.8932361472099467,0.0,0.10676385279005329,0.8932361472099467,0.8932361472099467,0.8932361472099467,0.8932361472099467,16,2,2021,5,7,5,0,0,0,1,0,1,GRAVE_LESIONADOS,1
6,1,4,0,4,0,-13.230418113005806,-73.69583857981051,0,4,0,0,2,1,1,2,6662.103971854907,2.0,3,3,1.0,13,29,1198.0,0.21630862039011317,77.28502863503768,44.21191449005903,4.904202587287022,140.96824467750275,6505.856455474485,12678.733000000004,1805.074000000001,1774.0339999999994,9099.625000000004,2485.375000000001,10193.358000000002,19.602707936195205,4,1,0,0,3,25.659129153873184,25.659129153873184,25.659129153873184,1.0,0.0,0.0,0.0,1,0,0.0,0.0,0.0,1.0,0.0,0.11362361537560484,0.8863763846243952,0.8863763846243952,0.8863763846243952,0.8863763846243952,6,0,2021,8,26,3,0,0,2,1,0,1,GRAVE_LESIONADOS,1
8,1,7,0,4,1,-12.227827892606168,-74.66262985085903,0,4,7,0,4,1,1,2,7021.735135518058,2.0,3,2,1.0,11,20,1198.0,0.4852078399616619,79.06571605705295,56.13252172519063,7.393856027298895,758.1548160007114,10056.492320674113,12488.905182272883,1814.877318833919,1467.6539334324268,9206.373930006537,2074.3418695795854,10414.563312693299,16.55472093195073,6,1,0,0,5,42.79229154504558,42.79229154504558,42.79229154504558,1.0,0.5416868240337284,0.0,0.5416868240337284,1,0,0.0,0.0,0.0,0.45831317596627164,0.0,0.45831317596627164,0.5416868240337284,0.5416868240337284,0.5416868240337284,0.0,5,0,2023,9,6,3,0,0,2,1,0,1,GRAVE_LESIONADOS,1
4,1,12,0,4,1,-7.392378228674775,-79.07340183015955,0,4,4,0,3,2,2,2,6543.555,2.6464017366657995,2,1,1.0,4,31,1377.0532810564266,0.39720235094476586,77.6610901440061,49.71136390684235,5.30446078015602,609.6794107296042,24536.60950385978,8931.828000000005,1335.5899999999997,1935.9830000000004,5660.255000000005,1219.309,7712.519000000005,13.651281686122925,5,1,0,0,3,30.071965266684007,30.071965266684007,30.071965266684007,1.0,0.6464017366657997,0.0,0.0,1,0,0.0,0.0,0.6464017366657997,0.6464017366657997,0.6464017366657997,0.0,0.3535982633342003,0.6464017366657997,0.3535982633342003,0.0,16,1,2021,1,14,5,0,0,0,1,0,1,GRAVE_LESIONADOS,1
6,1,4,0,4,1,-13.355414247989751,-74.80492364340758,0,4,2,1,2,1,0,3,1679.5849999999998,2.0,2,3,1.0,9,24,315.0,0.2587772817968213,78.2313731727826,42.59351526103478,4.069708361522777,219.52972987349307,3876.4004282655246,12678.733000000004,1805.074000000001,1774.0339999999994,9099.625000000004,2485.375000000001,10193.358000000002,19.602707936195205,5,1,0,0,4,35.90826566920278,35.90826566920278,35.90826566920278,1.0,0.0,0.0,0.45463714786635834,1,0,0.45463714786635834,0.0,0.0,0.45463714786635834,0.0,0.5453628521336417,0.45463714786635834,0.0,0.0,0.45463714786635834,10,1,2022,4,25,3,0,1,2,1,0,1,GRAVE_LESIONADOS,1
3,1,14,1,2,3,-12.050746085840181,-77.08671280222458,0,0,1,1,2,2,2,0,6543.555,2.051206349190329,3,3,1.0,13,32,1212.184158725721,0.8287467719861298,80.34660691561923,79.47882152808158,13.03223894452517,1956.537020626716,58090.62023955848,7626.313,1683.4029999999998,1599.0829999999996,4343.827000000001,1814.875,5811.438000000001,23.797541485643197,33,2,0,0,29,44.53914285728704,31.256031745951645,54.02707936538375,0.9487936508096709,0.0,0.0,0.05120634919032907,2,0,0.0,0.0,0.9487936508096709,1.0,0.9487936508096709,0.05120634919032907,0.9487936508096709,0.0,0.9487936508096709,0.9487936508096709,12,2,2023,7,25,4,0,1,0,1,0,1,GRAVE_LESIONADOS,1
3,2,15,0,4,1,-5.917283859306862,-78.98805182572502,0,4,7,1,2,0,0,2,1133.8272273680218,2.0,2,0,1.0,1,20,138.05930236457172,0.5013372908785995,74.3220978600364,61.16984875192204,7.01300471606264,845.2315927317795,45099.52965708213,4015.8800096312098,591.4146373509732,759.8597147693365,2664.6056575109,782.2620228832874,3233.6179867479223,19.72476271284576,5,2,0,0,3,50.01932250579016,46.65556479240823,53.383080219172086,1.0,0.25449691464722735,0.25449691464722735,1.0,2,0,0.0,0.0,0.25449691464722735,0.7455030853527727,1.0,0.0,1.0,0.0,1.0,0.0,7,0,2021,9,18,1,0,1,0,1,0,1,GRAVE_LESIONADOS,1
3,2,6,0,4,1,-12.69977447965426,-73.97147374217883,0,4,4,1,2,1,1,1,7205.117627509909,2.0,2,0,1.0,9,25,1877.25666123465,0.5288611881392282,75.18359008552657,58.48848848566352,7.601248083049571,935.0392622305749,33979.442388865966,9254.39676717412,1413.4945009516546,1265.7511810881606,6575.151085134303,1963.486782752147,7290.909984421971,20.357519619783602,8,2,0,0,5,54.756967825063036,46.66529303341229,61.611972700053485,1.0,0.0,0.0,0.5053320333358803,2,0,0.0,0.4946679666641197,0.0,1.0,0.5053320333358803,1.0,0.4946679666641197,0.0,0.5053320333358803,0.0,19,2,2021,6,17,3,0,0,1,1,0,1,GRAVE_LESIONADOS,1
4,1,14,0,5,2,-14.73171346909195,-71.67268574687388,5,4,5,0,3,1,1,3,7219.340967764237,2.0,2,1,1.0,10,14,1198.0,0.27857625558968,78.84585127381908,50.54815902810065,4.849970464282837,225.90573999033882,1851.5611235504816,13302.85251028637,1944.7880859776271,2149.7590232315406,9208.305401077201,3022.116612969944,10280.735897316425,22.640296123738583,5,1,0,0,3,38.71563612185345,34.82938167311207,42.601890570594826,1.0,0.0,0.6477090747902298,1.0,1,0,0.0,0.35229092520977023,0.0,0.6477090747902298,0.0,0.0,1.0,0.6477090747902298,0.6477090747902298,0.0,18,1,2021,4,16,3,0,0,2,1,0,1,GRAVE_LESIONADOS,1
4,1,7,0,4,1,-12.103161311111366,-74.71012855826754,0,4,7,1,4,1,1,1,6543.555,2.0,4,4,1.0,14,33,1198.0,0.41468476496908196,77.03543246190043,49.10042650206616,6.655473594138442,665.5915669069301,13879.193393940483,9630.720500989406,1415.8344343051242,1842.3693521621367,6372.516714522145,2057.35330987844,7573.367191110966,20.84578814637884,6,1,0,0,5,24.00527960995107,21.99472039004893,26.015838829853212,1.0,0.0,0.0,0.5026398049755353,1,0,0.0,0.5026398049755353,0.0,1.0,0.0,0.5026398049755353,1.0,0.0,0.0,0.0,19,2,2022,5,22,3,0,1,0,1,0,1,GRAVE_LESIONADOS,1
6,1,8,0,4,1,-12.560203553271817,-74.73288580779973,0,4,0,0,1,1,0,1,7056.68535952249,2.0,3,2,1.0,11,19,1198.0,0.28400952558313625,71.08209621559101,55.61174399042964,4.536368156131731,270.36969325436405,3330.9512884723763,8511.426,1445.3929999999996,2008.516,5057.516999999999,1879.579,6631.846999999998,22.08300935706896,4,1,0,0,3,44.672452892898235,44.672452892898235,44.672452892898235,1.0,0.0,0.0,0.0,1,0,0.0,0.0,0.0,1.0,0.0,1.0,0.0,0.0,0.0,0.0,15,2,2022,10,13,5,1,0,2,1,0,1,GRAVE_LESIONADOS,1
3,2,17,1,4,1,-5.909435474836956,-77.50337396851893,0,0,7,1,2,2,2,0,7758.33400008,2.0,2,0,1.0,9,20,2133.0,0.48420143098303564,73.11846899729687,56.3943211386265,6.3938308658872085,853.5497948141092,48068.13629646862,5345.981757598979,873.4920277323672,899.9700374477949,3572.519692418817,1001.4125433218097,4344.569214277169,19.020314890207487,4,2,0,0,2,24.616629211605485,19.202523766344367,30.0307346568666,1.0,0.8282108905222332,0.0,0.0,2,0,0.0,0.0,0.8282108905222332,1.0,1.0,0.0,0.17178910947776682,0.8282108905222332,1.0,0.8282108905222332,4,0,2024,8,13,6,1,0,1,1,0,1,GRAVE_LESIONADOS,1
3,1,23,0,4,1,-3.7496376984106288,-80.68116218642291,1,4,5,1,2,2,2,2,6543.555,3.0,2,0,1.0,0,30,1475.0,0.57888144557478,75.26298997396685,66.32615741927565,8.642066619530556,1049.4891326760123,8460.393250372043,1009.101,138.47399999999996,287.471,583.156,276.972,732.129,27.447401201663663,6,2,0,0,4,38.007655124465295,37.31087083661242,38.704439412318166,1.0,0.721286284858851,0.0,1.0,2,0,0.0,0.0,0.721286284858851,1.0,0.721286284858851,1.0,0.0,0.721286284858851,0.721286284858851,0.721286284858851,18,2,2024,4,10,5,1,0,0,1,1,1,GRAVE_LESIONADOS,1
3,1,14,1,2,3,-12.571549990591402,-75.86919832407715,0,0,7,1,2,2,2,2,5743.075634444454,2.0,3,3,1.0,12,31,1045.9779738096342,0.6661627723880721,77.80662094759136,75.18944521716183,10.031328466697959,1298.5468829389129,251599.8324056249,8581.970794734838,1736.996085797284,1719.0221834092124,5125.9525255283415,2053.0233021504637,6528.947492584374,23.876158960463325,5,2,0,0,3,40.73827903791593,31.79426345971978,49.68229461611209,1.0,0.0,0.0,0.0,2,0,0.0,0.0,0.8411473080560442,1.0,0.0,0.1588526919439558,1.0,0.0,0.0,0.0,11,1,2021,2,20,1,0,1,0,1,0,1,GRAVE_LESIONADOS,1
3,2,7,1,2,3,-11.034220581818914,-77.63213319642755,0,3,7,1,2,2,2,0,6543.555,2.0,4,4,1.0,14,33,1198.0,0.5693237672453477,77.83505612445137,70.15553395077796,8.576421672168827,944.9844234413142,28119.390570079013,718.4372804522076,136.72353380477045,140.50562097555695,441.2081256718802,177.7092505181869,540.7280299340208,81.68576736878475,6,2,1,0,3,30.64149499094212,29.956662956253425,31.32632702563082,1.0,0.0,0.0,0.0,2,0,0.0,0.19566629562534243,0.8043337043746576,1.0,0.0,0.8043337043746576,1.0,0.0,0.8043337043746576,0.0,4,0,2021,3,18,4,0,1,1,1,0,0,GRAVE_LESIONADOS,1
3,2,3,0,4,1,-15.988246745669372,-71.2566382730471,1,4,0,0,2,0,1,0,1504.4250000000002,2.0,2,0,1.0,7,25,241.0,0.45032788262458445,81.63887888986044,59.16984910152013,5.781794458960923,620.5723505655475,1369.2393686374085,10322.272,1495.236,1749.739,7077.2970000000005,2886.595,7435.677000000001,27.964725207783708,8,2,0,0,6,39.526941081804054,32.513429772014206,46.5404523915939,1.0,0.9729773804203049,0.0,0.0,2,0,0.0,1.0,0.0,0.027022619579695095,0.0,0.027022619579695095,1.0,0.0,0.0,0.0,12,2,2022,3,11,6,1,0,0,1,0,1,GRAVE_LESIONADOS,1
6,1,8,0,4,1,-12.540770962739634,-75.07550776714886,1,4,0,0,1,2,2,0,7427.152392580469,2.0,2,0,1.0,9,9,1198.0,0.33454849583776247,72.00427761931661,48.81754982795436,5.109719523363681,395.3501773219806,3228.9194738687966,8511.426,1445.3929999999996,2008.516,5057.516999999999,1879.579,6631.846999999998,22.08300935706896,4,1,0,0,3,57.803668048706676,57.803668048706676,57.803668048706676,1.0,0.0,0.0,0.0,1,0,0.0,0.0,0.0,1.0,0.0,0.8468865542278016,0.15311344577219843,0.0,0.0,0.0,12,3,2022,10,23,4,0,0,2,1,0,1,GRAVE_LESIONADOS,1
5,1,6,1,2,3,-7.818735284370284,-77.5772428832671,0,0,7,0,2,2,2,4,5061.781396682387,1.7307295756947925,3,3,0.7307295756947924,12,32,913.3811615093955,0.47963750578281056,72.38818713805986,63.490262333088054,6.746581612976772,773.0859060741134,45240.59176108064,14947.067895627972,1758.8430158093931,981.4267737569666,12206.798106061611,1889.3269459874366,13057.740949640536,12.659480104541528,6,1,0,0,4,51.634119696184904,47.9989689680646,55.269270424305205,1.0,0.0,0.0,0.7307295756947924,1,0,0.0,0.26927042430520765,0.7307295756947924,0.26927042430520765,0.0,0.26927042430520765,1.0,0.0,0.0,0.0,12,2,2023,8,16,2,0,0,2,1,0,1,GRAVE_LESIONADOS,1
3,1,16,1,2,2,-4.349400335405177,-76.26867691344825,0,0,7,1,2,2,2,1,4398.91009835636,2.0,3,2,1.0,8,27,774.2602957594354,0.596126685887096,75.89115248137507,62.54697591766068,10.310628519192731,1045.854062003585,153710.39661630694,4317.757155617809,805.8477867778469,450.2226113298302,3061.686757510133,1068.5892024213074,3249.1679531965024,24.8939014726259,5,2,0,0,2,42.504328187008944,28.496486235124436,63.99297247024887,1.0,1.0,0.40941034226141504,0.40941034226141504,2,0,0.0,0.40941034226141504,0.0,1.0,1.0,0.0,0.590589657738585,0.40941034226141504,1.0,1.0,16,2,2023,6,11,3,0,0,0,1,0,1,GRAVE_LESIONADOS,1
3,1,11,0,4,1,-11.796400307215748,-75.58719038680768,3,4,7,1,2,0,1,2,7586.903,2.0,2,0,1.0,9,5,1198.0,0.46802063979445196,69.01216491553083,66.10840185724525,7.624787429165318,700.7432103347397,1115.7973809392088,12264.545,1826.4639999999995,1105.5389999999998,9332.542,1588.5359999999996,10676.009,12.952261987705208,5,2,0,0,3,38.720357152473284,36.830535728709926,40.61017857623664,1.0,0.0,0.0,0.6101785762366418,2,0,0.0,0.0,0.38982142376335815,1.0,0.0,1.0,0.38982142376335815,0.0,0.0,0.0,18,2,2022,6,28,2,0,1,2,1,0,1,GRAVE_LESIONADOS,1
5,1,7,0,4,1,-14.198205639334743,-71.22440382824975,1,4,0,0,1,2,2,2,6543.555,2.0,4,4,1.0,14,33,1198.0,0.3499936839655357,73.86064569326203,59.2429194742286,5.665048424822855,358.78542490872553,10375.700481392769,17779.13499998999,2097.3709999899997,2863.123,12818.640999999989,2878.713,14900.421999989989,16.19152450331032,9,1,0,0,7,61.76487958870981,59.91719003178386,63.61256914563576,1.0,0.15397412974382907,0.0,0.8460258702561709,1,0,0.0,0.0,0.0,1.0,0.15397412974382907,0.0,0.8460258702561709,1.0,0.0,0.15397412974382907,4,0,2021,3,11,4,0,0,2,1,0,1,GRAVE_LESIONADOS,1
3,1,19,0,4,1,-17.03448652630151,-71.76668721695408,0,4,0,1,2,2,2,1,6639.975,2.0,2,0,1.0,9,31,1616.0,0.578565863979065,74.71463523021544,72.6811936607781,9.103001502687412,981.3426619338813,2419.4922707027463,2871.4777396183,644.5997554329626,540.479794273179,1686.3981899121577,1075.7570703207198,1795.7206692975797,38.11587850355036,5,2,0,0,3,31.62565148429575,24.950781781154905,38.3005211874366,1.0,0.0,0.0,0.7937174257852123,2,0,0.0,0.20628257421478768,0.7937174257852123,1.0,0.0,1.0,1.0,0.0,0.0,0.0,21,2,2023,6,11,4,0,0,0,1,0,1,GRAVE_LESIONADOS,1
3,1,2,0,4,1,-14.454188954805243,-72.72959824218457,0,4,1,0,2,0,1,0,1547.125381076138,1.7852028679128251,1,0,0.785202867912825,7,25,242.28878279252305,0.4409736742234038,80.1078453515879,67.50308428612168,5.97281627344365,557.6671704732718,1989.115484231907,10417.937487500458,1578.9697216101472,1636.5370450416813,7202.43072084863,2717.710325302194,7700.227162198264,26.14782642546843,5,1,0,0,3,56.45942724517184,50.57040573582565,62.348448754518024,1.0,0.0,0.0,0.0,1,0,0.0,0.785202867912825,0.0,1.0,0.0,1.0,0.785202867912825,0.0,0.214797132087175,0.0,8,1,2021,6,12,4,0,0,0,1,0,1,GRAVE_LESIONADOS,1
6,1,5,0,4,1,-14.021171167536487,-74.3358545859346,0,4,0,1,2,2,2,2,2700.2997627849536,2.0,2,0,1.0,8,26,468.11304292312377,0.5030210155588162,70.62320281172362,70.97225748091151,8.500840103145435,748.2600168033227,13845.632794886164,12580.438854731201,1810.1502256929218,1615.3883013282193,9154.90032771006,2272.539227479487,10307.899627251714,18.02443937176749,5,1,0,0,4,22.27171867567004,22.27171867567004,22.27171867567004,1.0,0.0,0.0,1.0,1,0,0.0,0.7626822957961089,0.0,0.2373177042038911,0.0,1.0,0.0,0.0,0.0,0.0,8,1,2023,6,23,3,0,1,2,1,0,1,GRAVE_LESIONADOS,1
5,1,5,0,4,1,-5.559182605373194,-78.80382413183857,2,4,2,0,2,1,1,0,7758.33400008,2.0,2,0,1.0,9,20,2133.0,0.4823525101155781,74.68609013731242,51.19107770858362,5.880567124588062,905.9911705096852,13071.734475374731,15935.565011852366,1733.9250000199986,935.692,13265.948011832368,2000.1670000199988,13935.398011832369,12.551591352627522,5,1,0,0,3,31.092672854517172,30.51534024916625,31.670005459868094,1.0,0.28866630267546045,0.0,0.28866630267546045,1,0,0.0,0.7113336973245395,0.0,0.28866630267546045,0.28866630267546045,0.0,0.7113336973245395,0.0,0.28866630267546045,0.0,7,1,2021,4,22,3,0,0,2,1,0,1,GRAVE_LESIONADOS,1
5,1,14,2,2,4,-11.865879209949753,-77.08872455088463,0,3,6,0,1,2,2,0,6543.555,2.0,4,4,1.0,14,33,1198.0,0.6632628912836565,79.15155564666024,73.19223743118206,9.629669813837666,1289.452647666346,383699.2119914347,7626.313,1683.4029999999998,1599.0829999999996,4343.827000000001,1814.875,5811.438000000001,23.797541485643197,5,1,0,0,3,30.906981798189246,30.751951461837987,31.062012134540502,1.0,0.937987865459497,0.0,0.0,1,0,0.0,0.0,0.06201213454050303,1.0,1.0,0.06201213454050303,0.0,1.0,1.0,1.0,9,0,2023,8,2,3,0,0,0,1,0,1,GRAVE_LESIONADOS,1