CLASE SINIESTRO,CANTIDAD DE VEHICULOS DAÑADOS,DEPARTAMENTO,ZONA,TIPO DE VÍA,RED VIAL,COORDENADAS LATITUD,COORDENADAS  LONGITUD,CONDICIÓN CLIMÁTICA,ZONIFICACIÓN,CARACTERÍSTICAS DE VÍA,PERFIL LONGITUDINAL VÍA,SUPERFICIE DE CALZADA,¿EXISTE SEÑAL VERTICAL?,¿EXISTE SEÑAL HORIZONTAL?,CAUSA FACTOR PRINCIPAL,MTC_RVN_LONGITUD_KM,MTC_RVN_N_CARRILES_MEDIANA,MTC_RVN_SUPERFICIE_DOMINANTE,MTC_RVN_ESTADO_DOMINANTE,MTC_RVN_ES_CONCESIONADA,MTC_RVN_CONCESION_PRINCIPAL,MTC_RVN_CORREDOR_LOGISTICO,MTC_RVN_N_TRAMOS,IDH_2019,IDH_ESP_VIDA_2019,IDH_EDUC_SECUND_PCT_2019,IDH_ANIOS_EDUC_2019,IDH_INGRESO_PERCAP_2019,IDH_POBLACION_2019,MTC_DEP_RED_TOTAL_KM,MTC_DEP_NACIONAL_TOTAL_KM,MTC_DEP_DEPARTAMENTAL_TOTAL_KM,MTC_DEP_VECINAL_TOTAL_KM,MTC_DEP_PAV_TOTAL_KM,MTC_DEP_NO_PAV_TOTAL_KM,MTC_DEP_PCT_PAVIMENTADA,PER_TOTAL_PERSONAS,PER_N_CONDUCTORES,PER_N_CONDUCTORES_FUGADOS,PER_N_PEATONES,PER_N_PASAJEROS_OCUPANTES,PER_EDAD_COND_PROM,PER_EDAD_COND_MIN,PER_EDAD_COND_MAX,PER_ANY_COND_MASCULINO,PER_ANY_LIC_PROBLEMA,PER_ANY_DOSAJE_POS,PER_ANY_DOSAJE_EVALUADO,VEH_TOTAL,VEH_N_FUGADOS,VEH_ANY_FUGADO,VEH_ANY_CARGA,VEH_ANY_PUBLICO,VEH_ANY_PARTICULAR,VEH_ANY_MOTO,VEH_ANY_AUTO,VEH_ANY_CAMION_BUS,VEH_ANY_SOAT_PROBLEMA,VEH_ANY_CITV_PROBLEMA,VEH_ANY_SEGURO_PROBLEMA,HORA_NUM,FRANJA_HORARIA,ANIO,MES,DIA_MES,DIA_SEMANA,ES_FIN_SEMANA,ES_QUINCENA,REGION_NATURAL,TIENE_SEÑALIZACION,ES_VIA_MULTICARRIL,ES_DEPTO_BAJO_PAVIMENTO,CATEGORIA_SEVERIDAD,CATEGORIA_SEVERIDAD_ENC
3,1,9,0,4,0,-12.225528858421859,-75.42013569039788,4,4,6,0,2,0,1,1,7405.017651819797,2.0,2,0,1.0,9,9,1198.0,0.47386927342949925,68.77933713381944,71.89595468640951,7.822081805139139,687.112106713012,898.3941211762508,12336.749795132653,1822.7351122295008,1222.0767667199484,9291.937916183202,1744.8806460592107,10591.869149073442,14.111624613497108,5,1,0,0,3,38.54119295288713,37.30268578391791,39.779700121856344,1.0,0.0,0.0,0.8256714459794781,1,0,0.0,0.17432855402052194,0.0,0.8256714459794781,0.0,0.8256714459794781,0.17432855402052194,0.0,0.17432855402052194,0.0,20,2,2023,6,25,3,0,0,2,1,0,1,GRAVE_LESIONADOS,1
5,1,8,0,4,1,-13.417444002127596,-74.94657551241542,3,4,0,0,2,1,1,0,1679.5849999999998,2.0,2,3,1.0,9,24,315.0,0.2997946406100768,72.83003345209801,46.42647217987546,4.997510303405721,292.6881439974165,3327.8779443254816,8511.426,1445.3929999999996,2008.516,5057.516999999999,1879.579,6631.846999999998,22.08300935706896,8,1,0,0,6,49.69779703306252,46.97797033062524,52.41762373549981,1.0,0.0,0.0,0.30220296693747617,1,0,0.0,0.30220296693747617,0.0,1.0,0.0,0.6977970330625238,0.30220296693747617,0.0,0.0,0.0,8,1,2022,3,5,4,0,0,2,1,0,1,GRAVE_LESIONADOS,1
3,2,11,0,4,1,-12.076588313761288,-75.22751322957694,0,4,7,1,2,1,1,2,7586.903,2.0,2,0,1.0,9,5,1198.0,0.4409946164458647,69.46097332709071,55.56697065682371,6.94874242984776,693.5103907609014,1426.7035468117897,12377.843301134217,1842.443148437832,1208.2135912472625,9327.186561449122,1730.430739448085,10647.412561686131,13.884802141692017,5,2,0,0,3,38.0345159398189,35.2466996645318,40.822332215106,1.0,0.0,0.08223322151060053,0.08223322151060053,2,0,0.0,0.0,0.9177667784893995,1.0,0.0,0.9177667784893995,1.0,0.08223322151060053,0.08223322151060053,0.0,15,2,2021,5,26,1,0,0,2,1,0,1,GRAVE_LESIONADOS,1
4,1,4,0,4,1,-13.19884478571558,-74.23982449501686,0,4,2,0,4,1,1,2,7150.508007718459,2.0,2,1,1.0,11,16,1198.0,0.37359997504210507,75.23904650672245,63.38062995946248,5.667190971022288,409.0956455404421,5842.218301912624,12678.733000000004,1805.074000000001,1774.0339999999994,9099.625000000004,2485.375000000001,10193.358000000002,19.602707936195205,5,1,0,0,3,46.307774705558785,39.90867959548712,52.706869815630455,0.5817359190974243,0.5817359190974243,0.0,0.4182640809025757,1,0,0.0,0.5817359190974243,0.5817359190974243,0.4182640809025757,0.5817359190974243,0.0,1.0,0.0,0.5817359190974243,0.0,9,1,2022,7,27,2,0,1,2,1,0,1,GRAVE_LESIONADOS,1
4,1,10,1,4,1,-13.94368970742974,-75.86351351279278,0,2,7,1,2,2,2,2,6639.975,2.0,2,0,1.0,9,31,1616.0,0.6053164595604621,78.88848309050202,67.63954639531094,9.133324993872453,1064.9426147896202,27932.19700214133,3721.461,698.1859999999996,744.866,2278.409,1102.9029999999996,2618.558,29.636290693359403,8,1,0,0,6,37.98314157565428,32.03371684869144,43.93256630261711,1.0,0.440698127923173,0.559301872076827,1.0,1,0,0.0,0.0,0.0,0.440698127923173,0.440698127923173,0.0,1.0,0.0,0.0,0.0,4,0,2021,4,11,3,0,0,0,1,0,1,GRAVE_LESIONADOS,1
6,1,12,0,4,2,-7.692223540370875,-77.85592271669138,0,4,7,1,6,2,2,0,6543.555,2.0,4,4,1.0,14,33,1198.0,0.20918006068915365,73.98088716609357,24.589620918209263,3.4535422837749516,233.90755124336405,13330.418208661067,8931.828000000005,1335.5899999999997,1935.9830000000004,5660.255000000005,1219.309,7712.519000000005,13.651281686122925,9,1,0,0,8,25.623758031772876,24.87411287983777,26.185991895724207,0.8125887120162231,0.0,0.0,0.0,1,0,0.0,0.0,0.18741128798377693,0.8125887120162231,0.18741128798377693,0.0,0.8125887120162231,0.18741128798377693,0.0,0.18741128798377693,18,2,2024,7,24,3,0,1,0,1,0,1,GRAVE_LESIONADOS,1
4,1,7,0,5,2,-12.835192869474405,-74.86287011576091,5,4,4,0,4,1,1,4,7011.2113079894525,2.0,3,2,1.0,11,20,1198.0,0.35621140886834124,75.81259515532084,49.81875731041208,5.571489218601219,448.9947463625925,1842.7975431497396,12493.08292840976,1814.6615665912952,1474.396770993562,9204.024590824903,2083.3879203286424,10409.695008081118,16.621801279208043,5,1,0,0,4,33.70637911213636,33.03403923897402,34.3787189852987,1.0,0.0,0.0,1.0,1,0,0.0,0.5517734178917755,0.0,0.4482265821082245,0.0,0.4482265821082245,0.5517734178917755,0.0,0.0,0.0,15,1,2021,4,27,1,0,1,2,1,0,1,GRAVE_LESIONADOS,1
4,1,10,0,4,2,-8.779160547357916,-77.4873346771008,0,4,2,0,1,2,2,2,6543.555,2.0,4,4,1.0,14,33,1198.0,0.3234135899509891,77.97563748899218,45.408605906315586,3.7875470271038805,537.9533136188236,24737.867302628023,8497.423925501624,1334.3206333467435,1248.405789997674,5914.697502157206,1123.4754238344283,7373.948501667196,13.206262820986495,4,1,0,0,3,41.61128465237559,37.62154342726249,45.60102587748869,1.0,0.0,0.0,0.0,1,0,0.0,0.60102587748869,0.39897412251131004,0.0,0.39897412251131004,0.0,0.60102587748869,0.0,0.60102587748869,0.0,16,2,2021,4,3,1,0,0,1,1,0,1,GRAVE_LESIONADOS,1
6,1,7,0,4,1,-13.080812045826212,-72.39073051452195,0,4,0,0,2,1,1,2,3447.8009999999995,1.0,2,3,0.0,9,12,1109.0,0.4706944943299555,76.79406176595778,61.64424635983724,7.141255198110581,653.4175319142125,3282.6252676659524,17779.13499998999,2097.3709999899997,2863.123,12818.640999999989,2878.713,14900.421999989989,16.19152450331032,4,1,0,0,3,30.291636760807794,30.291636760807794,30.291636760807794,1.0,0.3273766801153992,0.0,0.0,1,0,0.0,0.0,0.0,0.6726233198846008,0.0,1.0,0.0,0.0,0.6726233198846008,0.0,8,1,2023,7,16,0,0,0,2,1,0,1,GRAVE_LESIONADOS,1
5,1,14,2,2,4,-12.045003267332326,-77.0674111889499,1,2,7,1,2,2,2,2,6543.555,2.0,4,4,1.0,14,33,1198.0,0.7646845961658533,80.23682119426338,77.96082737891015,12.014176158371615,1633.787715186093,250806.0877944326,7626.313,1683.4029999999998,1599.0829999999996,4343.827000000001,1814.875,5811.438000000001,23.797541485643197,11,2,0,0,8,40.68254598420793,35.276061922158284,49.666931336732944,1.0,0.0,0.0,0.0,2,0,0.0,0.0,0.7809448189504872,0.21905518104951283,1.0,0.21905518104951283,1.0,0.0,0.21905518104951283,0.21905518104951283,9,1,2021,7,15,1,0,0,0,1,0,1,GRAVE_LESIONADOS,1
6,1,19,0,4,1,-5.156576423666307,-80.53021229521816,1,4,7,0,2,2,2,0,2140.964922782823,2.1595504183611944,2,0,1.0,0,21,372.33014888988714,0.6185177250580556,79.91538564609844,72.6451743845714,9.974361955188064,1020.5235431619926,163675.57356584418,8965.846000060003,1782.4120000599992,636.9959999999999,6546.438000000004,2214.505000059999,6751.341000000004,24.699342371541725,4,1,0,0,3,28.0,28.0,28.0,1.0,0.0,0.0,1.0,1,0,0.0,0.0,0.0,1.0,0.0,0.15955041836119455,0.8404495816388055,0.15955041836119455,1.0,0.0,6,1,2021,11,3,4,0,0,0,1,0,1,GRAVE_LESIONADOS,1
3,1,3,0,4,1,-15.915525560963752,-71.18667094964982,0,4,4,0,2,1,1,0,1504.4250000000002,2.0,2,0,1.0,7,25,241.0,0.45587573048287555,81.69941381645546,62.69764070443139,5.8598163365660225,619.6271645947236,1485.8754815631164,10322.272,1495.236,1749.739,7077.2970000000005,2886.595,7435.677000000001,27.964725207783708,6,2,0,0,4,35.14721893886814,27.265266286038496,43.02917159169779,1.0,0.0,0.0,0.6763905305659292,2,0,0.0,0.32360946943407076,0.6763905305659292,1.0,0.0,0.32360946943407076,1.0,0.0,0.0,0.0,3,0,2024,8,2,2,0,0,0,1,0,1,GRAVE_LESIONADOS,1
3,1,8,0,4,1,-12.449157530275968,-75.37079628231834,1,4,1,0,2,2,2,1,1647.9277589401195,1.838657154492457,2,2,0.8386571544924571,9,25,304.99674357853235,0.28603887499224256,74.37668613030316,42.30699766848775,4.799538878961064,275.2129691017746,3354.3993223455814,8579.254854937062,1427.6770715347348,1996.8133193868016,5154.764464015525,1773.0491593967345,6806.205695540326,20.72261042209384,10,1,0,0,8,47.06388585390948,39.51597146347737,54.6118002443416,1.0,0.0,0.0,0.8386571544924571,1,0,0.0,0.8386571544924571,0.0,1.0,0.0,0.0,1.0,0.0,0.16134284550754285,0.0,14,3,2024,3,3,0,0,0,1,1,0,1,GRAVE_LESIONADOS,1
3,1,14,0,4,1,-6.606358301916856,-79.7948694783878,0,4,7,1,2,2,2,0,6543.555,3.0,2,0,1.0,0,30,1475.0,0.5391045498094089,79.73269874799128,69.33078634189522,7.911895288269731,812.862916652037,10120.01557126198,3205.867302873612,476.0563081243977,648.0636012490995,2081.747393500115,659.1917130152981,2546.675589858314,21.067191304381616,5,2,0,0,3,58.79098665930025,53.86065777286684,63.72131554573367,1.0,0.10357656610301502,0.0,0.10357656610301502,2,0,0.0,0.896423433896985,1.0,0.10357656610301502,0.10357656610301502,0.10357656610301502,0.896423433896985,0.10357656610301502,0.10357656610301502,0.10357656610301502,8,1,2023,2,15,4,0,0,0,1,1,1,GRAVE_LESIONADOS,1
8,1,5,1,4,1,-13.08339076140539,-74.58644764515785,0,4,1,0,2,0,0,2,6712.8600204102495,2.0,3,3,1.0,13,28,1198.0,0.2448683980175883,70.17765658009517,46.00259026384432,4.1853964422158745,256.3621380854073,15383.54190588351,12611.522339900324,1808.5449745804622,1665.556713783752,9137.42065153611,2339.844127079645,10271.678212820678,18.523534077572428,6,1,0,0,5,36.1642825768582,36.08314712616953,36.245418027546876,0.16227090137734368,0.8377290986226563,0.0,0.16227090137734368,1,0,0.0,0.0,0.16227090137734368,0.8377290986226563,0.0,0.8377290986226563,0.16227090137734368,0.0,0.0,0.0,12,1,2022,5,12,3,0,0,2,1,0,1,GRAVE_LESIONADOS,1
3,1,10,1,4,1,-13.626677941668182,-76.16840555906887,0,4,7,1,2,2,2,1,6639.975,2.0,2,0,1.0,9,31,1616.0,0.5725721329997921,76.99202831405331,71.86812045561896,9.112461931792582,913.7112098355823,24637.559484853973,3721.461,698.1859999999996,744.866,2278.409,1102.9029999999996,2618.558,29.636290693359403,6,1,0,0,4,30.29125647501425,26.055008633352333,34.527504316676165,1.0,0.0,0.0,0.8472495683323834,1,0,0.0,0.0,0.8472495683323834,1.0,0.0,0.8472495683323834,1.0,0.0,0.1527504316676166,0.0,2,0,2021,8,7,1,0,0,0,1,0,1,GRAVE_LESIONADOS,1
5,1,21,0,4,1,-17.01978642526168,-70.74523563421538,0,4,6,1,6,2,2,4,6551.5508360449885,2.0,3,3,1.0,13,32,1232.6635497490654,0.26505372117552045,72.7237280707469,67.2134655870367,6.756886952125681,184.15679187665546,1051.5833241610362,2739.377775423988,636.271660847389,508.7151564070171,1594.3909581695816,1071.5381915429848,1667.8395838810027,39.43373180527977,4,1,0,0,3,38.7878079488424,38.49756291505835,39.07805298262644,1.0,0.0,0.0,0.917072847490274,1,0,0.0,1.0,0.0,0.08292715250972604,0.0,0.08292715250972604,1.0,0.0,0.0,0.0,12,2,2024,1,11,2,0,0,0,1,0,1,GRAVE_LESIONADOS,1
4,1,5,0,4,1,-6.574402460163252,-78.79454181354508,2,4,7,1,1,1,1,2,6978.718715997211,2.0,3,2,1.0,12,28,1532.9399968476546,0.38677010183830807,68.91970214627511,48.455045933620745,5.557441109471198,598.4178547285303,12333.795829122671,15935.565011852366,1733.9250000199986,935.692,13265.948011832368,2000.1670000199988,13935.398011832369,12.551591352627522,10,1,0,0,8,26.059529448851123,25.343080257733146,26.7759786399691,1.0,1.0,0.0,1.0,1,0,0.0,0.0,0.6417754044410112,0.3582245955589888,0.3582245955589888,0.0,0.6417754044410112,0.0,0.3582245955589888,0.0,15,1,2022,9,20,5,1,0,2,1,0,1,GRAVE_LESIONADOS,1
4,1,13,0,4,0,-9.849927932081737,-78.15026923277037,0,4,7,0,2,1,0,0,6543.555,2.528062634244706,2,1,1.0,6,31,1344.2733496857834,0.6114716781437456,78.90512700874547,67.91667201034814,8.165437780683181,1184.105733939211,20298.823899057814,8242.434310054025,1519.2570490045537,1758.0786985229586,4965.098562526513,1533.8051508265823,6708.629159227444,19.009142363588758,5,1,0,0,4,35.71937365755294,33.359686828776475,38.07906048632942,1.0,0.0,0.0,0.5280626342447057,1,0,0.0,0.4719373657552943,0.0,0.5280626342447057,0.0,1.0,0.4719373657552943,0.0,0.4719373657552943,0.0,14,3,2023,2,22,3,0,1,0,1,0,1,GRAVE_LESIONADOS,1
3,2,3,0,4,1,-16.04308582489711,-71.31981691357956,0,4,6,1,2,1,1,0,1504.4250000000002,2.0,2,0,1.0,7,25,241.0,0.4685280505645348,81.83746865987648,70.74305753660312,6.037751599761188,617.4715908037651,1751.8736616702354,10322.272,1495.236,1749.739,7077.2970000000005,2886.595,7435.677000000001,27.964725207783708,4,2,0,0,2,41.35523420288983,34.723671801238496,47.98679660454116,1.0,0.9078906004128328,0.0,0.9078906004128328,2,0,0.0,0.0,0.0,1.0,0.0,1.0,0.09210939958716724,0.0,0.9078906004128328,0.0,10,1,2023,11,14,5,0,0,0,1,0,1,GRAVE_LESIONADOS,1
3,1,7,0,4,1,-13.501976164825956,-72.18358375269858,0,0,2,1,2,1,1,2,7586.903,2.0,2,0,1.0,9,5,1198.0,0.4006077653007904,68.81593696096098,59.20610423600776,6.45923204008999,557.905704796681,8675.40990027195,17779.13499998999,2097.3709999899997,2863.123,12818.640999999989,2878.713,14900.421999989989,16.19152450331032,11,2,0,0,9,26.773621607818303,23.910432411727452,29.63681080390915,1.0,0.3631891960908492,0.0,0.3631891960908492,2,0,0.0,0.0,0.3631891960908492,1.0,0.0,1.0,0.3631891960908492,0.0,0.6368108039091508,0.0,9,1,2023,6,10,4,0,0,2,1,0,1,GRAVE_LESIONADOS,1
3,2,14,1,4,1,-5.886530928160303,-77.6357786829449,0,1,7,1,2,2,2,0,7758.33400008,2.0,2,0,1.0,9,20,2133.0,0.4877105790323799,72.90403740258535,57.99122033230858,6.466727253378877,857.7527579783629,48414.31938283504,5145.08789984066,912.7206914206484,856.0997372599386,3376.267471160073,993.3584647281019,4151.729435112557,19.737835279952375,4,2,0,0,2,25.36648971234459,20.0100658440634,30.72291358062577,1.0,0.7128477365623713,0.0,0.0,2,0,0.0,0.0,0.7128477365623713,1.0,1.0,0.0,0.2871522634376287,0.7128477365623713,1.0,0.7128477365623713,4,0,2024,7,14,6,1,0,1,1,0,1,GRAVE_LESIONADOS,1
4,8,5,0,4,0,-9.681735268613298,-75.38563124402589,0,4,3,0,2,1,1,0,7151.837248591002,2.0,2,1,1.0,11,26,1666.1871372448254,0.6075696393762705,76.05770753002535,73.52535584183222,9.50373655948376,1065.083860836578,98514.21058179879,16855.995155009638,1915.380901306537,1897.9910191155816,13042.623234587518,2438.794351156653,14417.200803852982,14.368882918732012,6,1,0,0,4,33.2503674530721,29.494855656990612,37.00587924915359,1.0,0.5007349061441984,0.0,0.49926509385580164,1,0,0.0,0.5007349061441984,0.0,1.0,0.0,0.5007349061441984,1.0,0.0,0.5007349061441984,0.0,17,2,2022,9,29,4,0,1,2,1,0,1,GRAVE_LESIONADOS,1
4,1,11,0,4,1,-9.699390065756843,-76.87882118823278,3,4,3,1,4,2,2,1,604.8539106454324,2.0,2,0,0.4559461857686613,8,17,142.43619751004442,0.47425973685559464,74.5809010312764,57.723143517802946,7.276008087976774,732.5843641298287,26227.59173165037,10745.005395603626,1602.6518720069937,1484.1767742944703,7658.176749302162,1420.1883576671942,9324.817037936433,13.270977352975926,16,1,0,0,15,37.19162330038063,37.19162330038063,37.19162330038063,1.0,0.0,0.0,0.0,1,0,0.0,0.5440538142313387,0.5440538142313387,0.4559461857686613,0.0,0.0,1.0,0.4559461857686613,1.0,0.4559461857686613,9,1,2021,6,16,5,1,0,1,1,0,1,GRAVE_LESIONADOS,1
3,2,10,0,4,1,-13.358746140271451,-76.22041639003577,2,4,6,1,3,2,2,0,6639.975,2.0,2,0,1.0,9,31,1616.0,0.5736744275518083,81.67473861808857,68.1608574885675,9.138785887908334,865.1176766860625,26660.92933618844,3721.461,698.1859999999996,744.866,2278.409,1102.9029999999996,2618.558,29.636290693359403,11,2,0,0,9,46.83357930674217,44.48915126052499,49.17800735295936,1.0,0.34442804621718826,0.0,0.0,2,0,0.0,1.0,0.0,0.34442804621718826,0.34442804621718826,0.34442804621718826,0.6555719537828117,0.0,0.34442804621718826,0.34442804621718826,16,1,2023,3,7,0,0,0,0,1,0,1,GRAVE_LESIONADOS,1
3,1,12,0,4,1,-11.680673829448654,-76.37614688401302,1,4,0,0,2,1,1,1,1501.0104397846605,2.0,2,0,0.30625870130167143,9,20,580.7029174014599,0.20562882772794636,76.52454106797516,52.7183511580607,5.849397412770264,134.41418275135675,2330.2794423246914,7897.3865578852265,1610.5103665031888,1724.475418850047,4562.400772531991,1834.6911630090233,6062.695394876203,23.272451102606063,6,1,0,0,4,50.0,38.20639792212842,61.79360207787158,1.0,0.0,0.0,0.6937412986983286,1,0,0.0,0.0,0.6937412986983286,0.30625870130167143,0.0,0.30625870130167143,0.6937412986983286,0.0,0.0,0.0,10,2,2021,7,10,1,0,0,0,1,0,1,GRAVE_LESIONADOS,1
6,1,1,0,4,1,-9.945915504257666,-77.31176603765232,4,4,6,1,5,2,2,0,9936.932,2.0,2,0,1.0,9,32,3830.0,0.45814154503619947,71.19627715947199,64.91930905276257,7.561474510121171,646.1474423311985,3414.893317418973,10767.648,1885.0630000000003,1222.721,7659.864000000001,2100.343,8667.305000000002,19.506051832303577,6,1,0,0,5,25.049201487807927,25.049201487807927,25.049201487807927,1.0,0.0,0.0,0.2404381660860917,1,0,0.0,0.0,0.2404381660860917,0.7595618339139083,0.0,0.2404381660860917,0.7595618339139083,0.0,0.2404381660860917,0.0,16,3,2021,3,23,4,0,1,0,1,0,1,GRAVE_LESIONADOS,1
3,1,20,0,4,0,-14.355702749179644,-69.76917102088794,0,4,6,1,2,2,2,2,6543.555,2.0,4,4,1.0,14,33,1198.0,0.37804957719877524,69.12078725386917,75.64698992837629,6.329367008176179,404.0646127720073,9306.587750017788,13642.312999999998,2020.7790000000005,2354.117,9267.416999999998,3314.0520000000006,10328.260999999997,24.29244952817019,4,1,0,0,3,53.98544389160548,45.88209618581918,62.088791597391776,1.0,0.0,0.0,0.0,1,0,0.0,0.8529839690301366,0.8529839690301366,0.14701603096986338,0.0,0.0,1.0,0.8529839690301366,1.0,0.8529839690301366,17,2,2021,2,12,3,0,0,2,1,0,1,GRAVE_LESIONADOS,1
3,1,11,0,4,1,-11.013602281718706,-75.31714535337163,0,4,6,1,2,2,2,1,600.0300000000001,2.0,2,0,0.0,9,8,178.0,0.5864806219250983,75.04844885306458,65.21389951009529,9.146752814466652,1061.3686033685974,24629.120083190282,12264.545,1826.4639999999995,1105.5389999999998,9332.542,1588.5359999999996,10676.009,12.952261987705208,5,2,0,0,3,33.51357169764483,23.298577348186228,43.72856604710343,1.0,0.0,0.0,0.0,2,0,0.0,0.027143395289657146,1.0,0.0,0.9728566047103429,0.9728566047103429,0.027143395289657146,0.0,0.027143395289657146,0.0,8,1,2022,8,22,3,0,1,2,1,0,1,GRAVE_LESIONADOS,1
5,1,10,0,4,1,-9.3078219719448,-77.601663525339,0,4,0,0,2,1,1,2,699.39851229436,1.7333438078674956,1,0,0.7333438078674955,8,29,109.33296672463766,0.37668792132705586,73.95847378241899,51.16508070421191,5.626817340451732,469.94766611830573,26171.94646170586,8819.725203515114,1364.869649864725,1955.3243735839474,5499.531180066441,1395.3740839793286,7424.351119535785,15.899654079955665,6,1,0,0,5,38.06678188654245,38.06678188654245,38.06678188654245,1.0,0.0,0.0,0.26665619213250447,1,0,0.0,0.26665619213250447,0.0,0.7333438078674955,0.26665619213250447,0.0,1.0,0.7333438078674955,0.7333438078674955,0.7333438078674955,3,0,2022,11,5,4,0,0,0,1,0,1,GRAVE_LESIONADOS,1
6,1,1,0,4,1,-10.797056724698397,-75.89305255472686,0,2,1,0,1,1,0,1,6543.555,2.0,4,4,1.0,14,33,1198.0,0.5626782329331025,75.98789127350592,59.722370748648245,9.43039943883721,952.175447049729,5100.55767699771,10641.20285085745,1774.3885739986144,1372.3448450451056,7494.469431813731,2323.5650672053025,8317.637783652148,21.907524333091022,6,1,0,0,5,31.40687821012046,31.40687821012046,31.40687821012046,0.7160934824899615,0.0,0.0,0.0,1,0,0.0,0.0,0.0,0.7160934824899615,0.0,0.0,1.0,0.0,0.7160934824899615,0.0,12,3,2022,10,22,3,0,1,0,1,0,1,GRAVE_LESIONADOS,1
4,1,13,0,4,1,-15.34808892071512,-72.1107853872424,0,4,4,0,2,2,2,2,1793.9130519951061,2.0,2,0,1.0,5,25,191.3234623275361,0.414235016616669,71.75451457186553,64.16371069061637,6.746049392776894,515.644986488566,4424.659386568757,13262.41364944101,1935.735527312391,2125.4144999789214,9201.263622149698,2987.3392681840933,10275.074381256916,22.443480283187128,19,1,0,0,17,36.342101476132996,33.01052177135959,39.6736811809064,1.0,0.0,0.0,0.39425823549574524,1,0,0.0,0.0,0.39425823549574524,0.6057417645042548,0.0,0.6057417645042548,0.39425823549574524,0.6057417645042548,0.6057417645042548,0.6057417645042548,12,1,2022,8,15,2,0,0,2,1,0,1,GRAVE_LESIONADOS,1
5,1,10,2,4,1,-13.394288108224604,-76.13177860713651,0,2,2,1,2,2,2,0,6574.690756264475,2.0,3,2,1.0,12,32,1332.9797357244368,0.5967014975582159,80.97361133738288,68.19376116348855,10.14603850726904,921.8956964888469,65766.4698073797,3721.461,698.1859999999996,744.866,2278.409,1102.9029999999996,2618.558,29.636290693359403,6,1,0,0,5,33.5659999036608,29.583344224391134,37.33337689756454,1.0,0.0,0.0,0.6770819719511081,1,0,0.0,0.0,0.0,1.0,0.0,1.0,0.0,0.0,0.3229180280488919,0.0,10,0,2023,8,2,1,0,0,0,1,0,1,GRAVE_LESIONADOS,1
3,2,3,0,4,1,-16.01910505242112,-71.28367099235344,0,4,0,0,2,2,2,0,1504.4250000000002,2.0,2,0,1.0,7,25,241.0,0.4685280505645348,81.83746865987648,70.74305753660312,6.037751599761188,617.4715908037651,1751.8736616702354,10322.272,1495.236,1749.739,7077.2970000000005,2886.595,7435.677000000001,27.964725207783708,5,2,0,0,3,36.57205492895234,30.42794507104766,42.716164786857014,1.0,0.0,0.0,0.5240183096507797,2,0,0.0,0.5240183096507797,0.0,1.0,0.0,1.0,1.0,0.0,0.0,0.0,15,3,2022,7,17,4,0,0,0,1,0,1,GRAVE_LESIONADOS,1
6,1,4,0,4,1,-13.353471140778518,-74.78049153812326,0,4,0,0,1,2,2,4,1676.931656820443,1.981319308303795,1,3,0.9937731027679316,9,24,314.38976407125733,0.25874757043999125,78.2468242356489,42.65504066652892,4.069083049083561,219.33750105926316,3865.383246995344,12678.733000000004,1805.074000000001,1774.0339999999994,9099.625000000004,2485.375000000001,10193.358000000002,19.602707936195205,5,1,0,0,4,31.006226897232068,31.006226897232068,31.006226897232068,1.0,0.0,0.0062268972320683735,1.0,1,0,0.9937731027679316,0.0,0.0,1.0,0.0,0.0,1.0,0.0,0.0062268972320683735,0.9937731027679316,12,2,2022,1,22,4,0,1,2,1,0,1,GRAVE_LESIONADOS,1
6,1,12,0,4,1,-11.883860712676443,-77.108416793206,0,4,5,1,2,2,2,1,6543.555,2.72890213579075,2,1,1.0,3,30,1399.9058916140377,0.6947092584250728,79.00912308751012,73.7972201886017,12.663198757692848,1272.3200694470097,62921.8797525071,6567.715962746781,1416.312775517355,1367.5065957287668,3783.89659150066,1621.8609114232117,4945.8550513235705,25.380413925508513,6,1,0,0,5,33.56011922211675,33.56011922211675,33.56011922211675,0.2710978642092501,0.0,0.0,1.0,1,0,0.0,0.0,0.0,1.0,0.0,1.0,0.0,0.0,0.0,0.0,7,0,2023,9,15,2,0,0,0,1,0,1,GRAVE_LESIONADOS,1