CLASE SINIESTRO,CANTIDAD DE VEHICULOS DAÑADOS,DEPARTAMENTO,ZONA,TIPO DE VÍA,RED VIAL,COORDENADAS LATITUD,COORDENADAS  LONGITUD,CONDICIÓN CLIMÁTICA,ZONIFICACIÓN,CARACTERÍSTICAS DE VÍA,PERFIL LONGITUDINAL VÍA,SUPERFICIE DE CALZADA,¿EXISTE SEÑAL VERTICAL?,¿EXISTE SEÑAL HORIZONTAL?,CAUSA FACTOR PRINCIPAL,MTC_RVN_LONGITUD_KM,MTC_RVN_N_CARRILES_MEDIANA,MTC_RVN_SUPERFICIE_DOMINANTE,MTC_RVN_ESTADO_DOMINANTE,MTC_RVN_ES_CONCESIONADA,MTC_RVN_CONCESION_PRINCIPAL,MTC_RVN_CORREDOR_LOGISTICO,MTC_RVN_N_TRAMOS,IDH_2019,IDH_ESP_VIDA_2019,IDH_EDUC_SECUND_PCT_2019,IDH_ANIOS_EDUC_2019,IDH_INGRESO_PERCAP_2019,IDH_POBLACION_2019,MTC_DEP_RED_TOTAL_KM,MTC_DEP_NACIONAL_TOTAL_KM,MTC_DEP_DEPARTAMENTAL_TOTAL_KM,MTC_DEP_VECINAL_TOTAL_KM,MTC_DEP_PAV_TOTAL_KM,MTC_DEP_NO_PAV_TOTAL_KM,MTC_DEP_PCT_PAVIMENTADA,PER_TOTAL_PERSONAS,PER_N_CONDUCTORES,PER_N_CONDUCTORES_FUGADOS,PER_N_PEATONES,PER_N_PASAJEROS_OCUPANTES,PER_EDAD_COND_PROM,PER_EDAD_COND_MIN,PER_EDAD_COND_MAX,PER_ANY_COND_MASCULINO,PER_ANY_LIC_PROBLEMA,PER_ANY_DOSAJE_POS,PER_ANY_DOSAJE_EVALUADO,VEH_TOTAL,VEH_N_FUGADOS,VEH_ANY_FUGADO,VEH_ANY_CARGA,VEH_ANY_PUBLICO,VEH_ANY_PARTICULAR,VEH_ANY_MOTO,VEH_ANY_AUTO,VEH_ANY_CAMION_BUS,VEH_ANY_SOAT_PROBLEMA,VEH_ANY_CITV_PROBLEMA,VEH_ANY_SEGURO_PROBLEMA,HORA_NUM,FRANJA_HORARIA,ANIO,MES,DIA_MES,DIA_SEMANA,ES_FIN_SEMANA,ES_QUINCENA,REGION_NATURAL,TIENE_SEÑALIZACION,ES_VIA_MULTICARRIL,ES_DEPTO_BAJO_PAVIMENTO,CATEGORIA_SEVERIDAD,CATEGORIA_SEVERIDAD_ENC
3,2,3,0,4,1,-16.96990963204551,-72.00914928718947,0,3,7,1,2,0,0,0,1887.7377214663873,1.9524913004343245,2,0,0.9524913004343245,9,32,383.925838382956,0.6475257421996619,75.76263494629508,77.16089697241107,10.508924081118511,1184.9795279817115,21674.003434770722,10322.272,1495.236,1749.739,7077.2970000000005,2886.595,7435.677000000001,27.964725207783708,5,2,0,0,3,39.52259569522243,30.8099652017373,48.235226188707564,1.0,0.9524913004343245,0.0,0.9524913004343245,2,0,0.0,0.0,0.047508699565675494,0.9524913004343245,0.9524913004343245,0.9524913004343245,0.047508699565675494,0.9524913004343245,0.9524913004343245,1.0,22,2,2023,7,5,4,0,0,0,1,0,1,GRAVE_LESIONADOS,1
3,1,14,2,3,3,-11.996613121926854,-77.06537013245435,0,2,1,1,2,1,1,0,6559.467236039024,2.0,3,3,1.0,13,32,1266.9827283168643,0.7656075748026236,80.51355431693341,79.12496616380615,11.638469511763972,1651.2714483892407,363292.61127160944,7626.313,1683.4029999999998,1599.0829999999996,4343.827000000001,1814.875,5811.438000000001,23.797541485643197,12,1,0,0,10,36.8447868463683,34.33987819792474,39.349695494811854,1.0,0.8349695494811857,0.0,0.0,1,0,0.0,0.0,0.0,1.0,0.0,0.16503045051881426,0.8349695494811857,0.8349695494811857,0.8349695494811857,0.8349695494811857,12,2,2023,2,6,0,0,0,0,1,0,1,GRAVE_LESIONADOS,1
3,1,11,0,4,1,-6.842425761458351,-79.56246028324216,0,4,6,1,2,1,1,0,6661.508812567739,2.902901011163371,2,0,1.0,0,29,1538.891134654502,0.5206715244502935,79.25668525990356,67.5753379970677,7.494434319188985,776.6112411996239,9904.107688356844,3502.8069321020052,577.2110816957838,679.5607648789166,2246.035085527305,726.6816726821563,2776.125259419849,20.70300210393072,6,1,0,0,4,58.89786668419562,53.93191112279708,63.863822245594164,1.0,0.0,0.0,0.0,1,0,0.0,0.9029010111633711,1.0,0.0,0.0,0.0,1.0,0.0,0.0,0.0,7,1,2023,2,17,4,0,1,0,1,0,1,GRAVE_LESIONADOS,1
5,1,12,0,4,1,-8.33593909601845,-78.58682763968875,0,4,7,1,2,2,2,2,7173.300627813258,2.814419197214675,2,0,1.0,1,30,1912.0427905594406,0.4853842325815187,76.36192130426132,52.84454822871491,6.509414577414687,831.6437873766232,67974.649429512,8931.828000000005,1335.5899999999997,1935.9830000000004,5660.255000000005,1219.309,7712.519000000005,13.651281686122925,4,1,0,0,3,24.412550436209226,23.670227225067926,25.154873647350527,1.0,0.0,0.0,0.0,1,0,0.0,1.0,0.0,0.0,0.0,0.0,1.0,0.0,0.18558080278532507,0.0,18,1,2022,4,10,4,0,0,0,1,0,1,GRAVE_LESIONADOS,1
5,1,8,0,4,1,-12.3963914093982,-75.04365574911623,0,4,0,0,2,2,2,0,7586.903,2.0,2,0,1.0,9,5,1198.0,0.3197508632812603,73.35600919181914,47.73247021173725,4.747967817478287,352.6352900736821,3265.2034261241965,8511.426,1445.3929999999996,2008.516,5057.516999999999,1879.579,6631.846999999998,22.08300935706896,4,1,0,0,3,51.68438521909857,51.68438521909857,51.68438521909857,1.0,0.0,0.0,0.0,1,0,0.0,0.0,0.0,1.0,0.0,0.5408408696240886,0.4591591303759114,0.0,0.0,0.0,15,2,2023,9,26,4,0,1,2,1,0,1,GRAVE_LESIONADOS,1
3,2,19,2,2,4,-5.172495311222881,-80.64513171313902,0,4,5,1,2,1,1,1,6543.555,2.0,4,4,1.0,14,33,1198.0,0.6491087376597416,79.10879297995837,76.1614562415026,11.004226479228418,1100.1914792601676,174105.14294047008,8965.846000060003,1782.4120000599992,636.9959999999999,6546.438000000004,2214.505000059999,6751.341000000004,24.699342371541725,4,2,0,0,2,36.24105773326558,26.014307626775075,46.467807839756084,1.0,1.0,0.0,0.2517884533468844,2,0,0.0,0.0,0.2517884533468844,1.0,1.0,0.2517884533468844,0.0,1.0,0.2517884533468844,0.0,20,2,2021,2,10,3,0,0,0,1,0,1,GRAVE_LESIONADOS,1
4,1,8,0,4,1,-13.535318890196617,-75.17318147686355,2,4,0,0,2,2,2,0,1679.5849999999998,2.0,2,3,1.0,9,24,315.0,0.4421430740473148,73.4543810457196,50.51029222546634,7.456596653709509,669.61141185041,2530.8057611067975,8511.426,1445.3929999999996,2008.516,5057.516999999999,1879.579,6631.846999999998,22.08300935706896,7,1,0,0,5,29.479925438966188,26.147043859911488,32.81280701802089,1.0,0.6296798245494778,0.0,0.3703201754505222,1,0,0.0,0.3703201754505222,0.0,1.0,0.0,0.6296798245494778,0.3703201754505222,0.0,0.0,0.0,15,3,2023,3,3,1,0,0,2,1,0,1,GRAVE_LESIONADOS,1
3,1,4,0,4,1,-12.920566904303774,-74.3090279622368,0,4,5,0,1,1,1,2,7565.7895671475735,2.0,2,0,1.0,9,5,1198.0,0.3546591803366095,75.01531015137424,66.85034015203395,5.398872584105617,355.84614421980206,5454.470586575638,12678.733000000004,1805.074000000001,1774.0339999999994,9099.625000000004,2485.375000000001,10193.358000000002,19.602707936195205,5,1,0,0,3,52.85834637152035,42.0809449305598,63.63574781248089,1.0,1.0,0.0,0.020236232639950447,1,0,0.0,1.0,0.9797637673600496,0.0,0.9797637673600496,0.0,1.0,0.020236232639950447,0.9797637673600496,0.0,6,1,2022,6,25,1,0,1,2,1,0,1,GRAVE_LESIONADOS,1
4,1,7,0,4,1,-13.866300702006464,-71.36140330270402,1,4,0,0,1,2,2,2,6543.555,2.0,4,4,1.0,14,33,1198.0,0.31064637692967323,68.39732386720172,52.93796642020705,5.027978107406895,330.8948963955703,11251.356360286933,17779.13499998999,2097.3709999899997,2863.123,12818.640999999989,2878.713,14900.421999989989,16.19152450331032,7,1,0,0,5,50.81576769379868,45.103685703374694,56.52784968422268,1.0,0.4760068325353328,0.0,0.5239931674646672,1,0,0.0,0.0,0.0,1.0,0.4760068325353328,0.0,0.5239931674646672,1.0,0.0,0.4760068325353328,5,0,2021,3,9,4,0,0,2,1,0,1,GRAVE_LESIONADOS,1
3,2,5,0,4,1,-14.676973367906372,-73.16351446201945,0,3,3,0,2,0,0,1,1021.8798559972214,1.0,2,0,0.0,9,32,168.1611273818826,0.5235778494478753,75.05838563683692,64.2201389749541,8.339225324383367,867.7670028577289,23648.245458141733,9407.690102611532,1470.062404061122,1880.4363423805755,6057.191356169834,2377.993714202894,7029.696388408636,24.994118738406122,9,2,0,0,7,39.89884399459183,28.515173400811225,51.28251458837242,1.0,0.0,0.0,0.5050578002704087,2,0,0.0,0.5050578002704087,0.4949421997295913,0.0,0.5050578002704087,0.0,1.0,0.0,0.0,0.4949421997295913,10,1,2024,7,14,1,0,0,1,1,0,1,GRAVE_LESIONADOS,1
6,1,5,0,4,1,-6.48376789544032,-78.86476345236233,0,4,5,1,2,0,1,0,9936.932,2.0,2,0,1.0,9,32,3830.0,0.3011301347839704,71.97114344661169,54.49911076138603,4.057283312480806,327.1165249840737,5264.304068522484,15935.565011852366,1733.9250000199986,935.692,13265.948011832368,2000.1670000199988,13935.398011832369,12.551591352627522,8,1,0,0,7,40.101001859321954,40.101001859321954,40.101001859321954,1.0,0.0,0.0,0.4747495351695118,1,0,0.0,0.5252504648304882,0.4747495351695118,0.0,0.0,0.0,1.0,0.0,0.0,0.0,9,1,2023,6,3,2,0,0,2,1,0,1,GRAVE_LESIONADOS,1
6,1,10,0,4,1,-15.356829854637146,-74.96586410979762,0,4,6,0,2,1,1,0,221.2751809322043,1.9740312249720637,1,0,0.9740312249720638,4,27,38.661597278938984,0.5575948745187955,77.02786150164165,69.26954773774946,8.51774764509071,916.1802027562693,28101.627967093402,3693.6513244791086,696.4327700915385,738.1789105864314,2259.0396438011385,1102.0148419252691,2591.636482553839,29.91372508123949,5,1,0,0,4,66.1430304240781,66.1430304240781,66.1430304240781,1.0,0.0,0.0,0.0,1,0,0.0,0.0,0.025968775027936153,0.9740312249720638,0.0,0.9740312249720638,0.025968775027936153,0.0,0.0,0.0,21,2,2023,6,15,5,0,0,0,1,0,1,GRAVE_LESIONADOS,1
3,1,19,0,4,2,-5.427814733903909,-80.73737545027753,5,4,6,1,5,2,2,0,6543.555,2.088545996545161,3,3,1.0,12,32,1222.5272410430096,0.47030575475753167,76.02676896414954,61.998607402270366,6.7847512579225535,682.4537744418581,43819.53708338459,8965.846000060003,1782.4120000599992,636.9959999999999,6546.438000000004,2214.505000059999,6751.341000000004,24.699342371541725,5,1,0,0,4,38.15109795508709,38.15109795508709,38.15109795508709,1.0,0.9114540034548393,0.0,0.08854599654516071,1,0,0.0,1.0,0.0,0.0,0.9114540034548393,0.0,0.08854599654516071,0.9114540034548393,1.0,0.9114540034548393,19,1,2022,6,10,5,0,0,0,1,0,1,GRAVE_LESIONADOS,1
3,1,19,0,4,1,-7.80325600242929,-76.41660427197401,1,4,2,1,2,2,2,2,7577.481059006582,2.0,2,0,1.0,9,21,2049.394493603334,0.5615077987531608,74.94531719339514,53.46667496787717,8.19358950920436,1111.5853727035026,8779.474814427185,5965.5176370337085,955.4955716690475,1067.7891332139475,3942.2329321507136,1143.0137787354533,4822.503858298255,18.89716785831154,9,2,0,0,7,33.06599472415538,26.514861665009676,39.61712778330108,1.0,0.838287221669892,0.0,0.0,2,0,0.0,0.161712778330108,1.0,0.838287221669892,0.0,0.838287221669892,0.161712778330108,0.0,0.0,0.0,8,1,2021,2,22,5,0,0,0,1,0,1,GRAVE_LESIONADOS,1
6,1,7,0,4,1,-13.668991093420223,-72.0787410946458,1,4,7,1,2,2,2,2,2832.6377517525366,1.0,1,3,0.0,9,19,880.6617191569046,0.45229900674371926,70.38877069411166,69.16423365923914,6.615862470824447,664.1590736980592,10461.53625062885,17779.13499998999,2097.3709999899997,2863.123,12818.640999999989,2878.713,14900.421999989989,16.19152450331032,4,1,0,0,3,26.417822349108775,26.417822349108775,26.417822349108775,1.0,0.0,0.0,0.0,1,0,0.0,0.0,0.0,1.0,0.0,0.6311174784441108,0.3688825215558892,0.0,0.0,0.0,10,1,2022,3,21,2,0,0,2,1,0,1,GRAVE_LESIONADOS,1
4,1,20,1,4,1,-15.810974220747823,-70.02221750547399,0,1,4,1,2,0,0,2,6985.888831930635,2.0,3,2,1.0,11,21,1198.0,0.6488901960567479,69.67312345830231,82.12448375199249,11.701623814093702,1230.336353415943,144745.3597430407,13642.312999999998,2020.7790000000005,2354.117,9267.416999999998,3314.0520000000006,10328.260999999997,24.29244952817019,4,1,0,0,2,29.896372474562273,28.45626292322043,31.336482025904118,1.0,0.0,0.0,0.0,1,0,0.0,0.0,0.5760438205367381,0.5760438205367381,0.0,0.5760438205367381,1.0,0.0,0.4239561794632619,0.0,6,1,2022,7,10,4,0,0,2,1,0,1,GRAVE_LESIONADOS,1
3,2,3,0,4,1,-16.64646135808614,-71.63314218735239,0,4,0,0,2,0,1,0,1774.609434213911,2.0,2,0,1.0,8,29,338.19899648654956,0.5972098100635205,79.27456321643358,71.35549564216068,8.307765678010947,1095.8132990706322,1094.1044608318734,10322.272,1495.236,1749.739,7077.2970000000005,2886.595,7435.677000000001,27.964725207783708,6,2,0,0,4,41.35387144470605,35.7077428894121,47.0,1.0,0.6394670821483522,0.0,0.0,2,0,0.0,0.0,0.0,1.0,0.0,1.0,0.36053291785164776,0.0,0.6394670821483522,0.0,6,1,2023,2,8,4,0,0,0,1,0,1,GRAVE_LESIONADOS,1
5,1,14,2,2,3,-11.942921022211264,-77.01225107580343,0,0,7,1,2,2,2,1,5401.453294671165,2.0,3,3,1.0,11,29,988.0327940752774,0.7148324537819056,79.99619076090369,77.62585967170256,10.616447449282392,1451.697020739016,561217.6513561762,7626.313,1683.4029999999998,1599.0829999999996,4343.827000000001,1814.875,5811.438000000001,23.797541485643197,8,1,0,0,6,25.596991927207824,24.992479818019564,26.201504036396088,1.0,0.20150403639608694,0.0,0.0,1,0,0.0,0.20150403639608694,0.20150403639608694,0.7984959636039131,0.0,0.0,1.0,0.0,0.0,0.0,19,2,2023,9,25,0,0,1,0,1,0,1,GRAVE_LESIONADOS,1
6,1,4,0,4,0,-13.401600787903051,-73.87462005815011,0,4,0,0,4,2,2,2,6543.555,2.0,4,4,1.0,14,33,1198.0,0.29706599114691445,77.0519367054734,50.75727860524283,5.439147488922181,289.12930689272434,6426.6377697391445,12678.733000000004,1805.074000000001,1774.0339999999994,9099.625000000004,2485.375000000001,10193.358000000002,19.602707936195205,4,1,0,0,3,31.235585631456544,31.235585631456544,31.235585631456544,0.5240376698675869,0.0,0.0,0.47596233013241307,1,0,0.0,0.0,0.0,1.0,0.0,0.0,1.0,0.5240376698675869,0.5240376698675869,0.5240376698675869,9,1,2021,8,29,3,0,1,2,1,0,1,GRAVE_LESIONADOS,1
4,1,10,0,4,1,-12.437346426521549,-75.67000605603522,0,4,7,1,2,2,2,0,7181.712335485307,2.0,2,0,1.0,9,16,1376.8622765058608,0.5842269603867252,76.15166504033068,71.8778683468347,9.236554192468999,1041.1529435355778,9316.661906083884,8132.685985299206,1547.2375225625833,1833.3195443621432,4752.128918374479,1851.892146557332,6280.7938387418735,22.816657968693907,13,1,0,0,12,28.562702379368876,23.427900183028374,33.697504575709374,1.0,0.0,0.0,0.0,1,0,0.0,0.42790018302837496,0.42790018302837496,0.572099816971625,0.0,0.572099816971625,0.42790018302837496,0.0,0.0,0.0,6,0,2023,10,9,1,0,0,1,1,0,1,GRAVE_LESIONADOS,1
5,1,3,1,4,2,-15.848465918577332,-73.0187030238405,0,4,2,0,1,2,2,0,6543.555,2.0,4,4,1.0,14,33,1198.0,0.6239527751675908,75.617337685342,67.90397215192658,8.728480303525846,1299.868481228944,2064.277889913878,10322.272,1495.236,1749.739,7077.2970000000005,2886.595,7435.677000000001,27.964725207783708,5,1,0,0,4,30.93972882024149,30.93972882024149,30.93972882024149,1.0,0.14698644101207448,0.0,0.0,1,0,0.0,0.0,0.0,1.0,0.0,0.0,1.0,0.0,0.0,0.0,6,0,2021,4,24,4,0,1,0,1,0,1,GRAVE_LESIONADOS,1
5,1,10,0,4,1,-13.374210359912423,-76.20990606300643,0,4,7,1,2,2,2,0,6639.975,2.0,2,0,1.0,9,31,1616.0,0.5736744275518083,81.67473861808857,68.1608574885675,9.138785887908334,865.1176766860625,26660.92933618844,3721.461,698.1859999999996,744.866,2278.409,1102.9029999999996,2618.558,29.636290693359403,6,1,0,0,5,26.210299090708524,25.82215539753924,26.598442783877807,1.0,0.0,0.0,0.0,1,0,0.0,0.19407184658464138,0.0,0.8059281534153586,0.0,0.8059281534153586,0.19407184658464138,0.0,0.0,0.0,9,1,2023,4,20,0,0,0,0,1,0,1,GRAVE_LESIONADOS,1
4,1,14,0,3,4,-12.142522556488686,-76.91532555214069,0,3,3,0,1,2,2,1,6543.555,2.0,4,4,1.0,14,33,1198.0,0.689811994580126,79.88015655965044,73.89553442371854,9.755251380104111,1409.8432274455126,452660.364025696,7626.313,1683.4029999999998,1599.0829999999996,4343.827000000001,1814.875,5811.438000000001,23.797541485643197,5,1,0,0,4,33.1153843651248,33.1153843651248,33.1153843651248,1.0,0.8677884771797003,0.0,0.8677884771797003,1,0,0.0,0.8677884771797003,0.1322115228202997,0.0,0.1322115228202997,0.0,0.8677884771797003,1.0,1.0,0.0,13,2,2021,3,18,2,0,1,0,1,0,1,GRAVE_LESIONADOS,1
3,2,7,0,4,1,-13.555666490397238,-71.95688916449592,0,2,4,1,2,1,1,2,7586.903,2.0,2,0,1.0,9,5,1198.0,0.45896018553827045,66.60068333404415,69.09105536482527,7.505055248977559,715.6446789948875,8665.995890125292,17779.13499998999,2097.3709999899997,2863.123,12818.640999999989,2878.713,14900.421999989989,16.19152450331032,6,3,0,0,3,38.56567605329633,32.13914584083634,49.27569377025813,1.0,0.0,0.0,0.0,3,0,0.7139145840836343,0.0,0.0,1.0,0.0,1.0,0.7139145840836343,0.0,0.2860854159163657,0.7139145840836343,13,2,2022,10,4,1,0,0,2,1,0,1,GRAVE_LESIONADOS,1
4,1,7,0,4,1,-13.009087660055476,-75.53046907514818,0,4,0,0,2,0,1,2,1469.175975235408,2.0,2,0,1.0,3,19,138.14711871501655,0.5748235234724661,74.88076058163082,61.466518908564495,8.30046034385731,1152.3859762079442,3959.2287985279822,12444.897419357678,1817.1500212027856,1396.625874990366,9231.121523164526,1979.0521024083728,10465.845316949304,15.848106426987918,20,1,0,0,18,43.12013225578562,38.32133935145292,47.91892516011832,1.0,0.0,0.0,1.0,1,0,0.0,0.0,0.43543612890203554,0.5645638710979645,0.0,0.5645638710979645,1.0,0.0,0.0,0.0,4,0,2023,6,13,4,0,0,2,1,0,1,GRAVE_LESIONADOS,1
3,2,5,0,4,1,-5.9667410340988996,-79.1170140477418,3,4,7,0,1,2,2,0,8937.077189272482,2.0,2,1,1.0,10,32,3054.484087139499,0.3243260606665308,77.93981595953663,29.426837249371847,4.5878881915906815,432.357230297841,9142.207618447866,15935.565011852366,1733.9250000199986,935.692,13265.948011832368,2000.1670000199988,13935.398011832369,12.551591352627522,7,2,0,0,4,45.241137933687504,36.77692477043751,59.3481598724375,1.0,0.7053510969374995,0.0,1.0,2,0,0.0,1.0,0.0,0.7053510969374995,0.0,0.7053510969374995,1.0,0.0,0.0,0.0,9,1,2021,6,11,4,0,0,2,1,0,1,GRAVE_LESIONADOS,1
6,1,9,0,4,2,-9.729883630110352,-76.26739343213829,0,4,0,0,1,2,2,2,6543.555,2.0,4,4,1.0,14,33,1198.0,0.19806225569507266,77.47593648299458,34.64884570076746,2.099653877714362,313.8170534434832,24735.876065522236,8245.209153202295,1333.583639749745,849.1988312250267,6062.426682227522,1067.8345009928532,7177.374652209441,12.947885106944799,4,1,0,0,3,45.44979297007595,45.44979297007595,45.44979297007595,1.0,0.050018820902186345,0.0,0.0,1,0,0.0,0.9499811790978137,0.0,0.050018820902186345,0.0,0.0,1.0,0.0,0.9499811790978137,0.0,16,2,2021,5,4,0,0,0,1,1,0,1,GRAVE_LESIONADOS,1
4,1,10,1,4,1,-13.945049148910769,-75.85694901599832,0,2,7,1,2,2,2,2,6639.975,2.0,2,0,1.0,9,31,1616.0,0.6053164595604621,78.88848309050202,67.63954639531094,9.133324993872453,1064.9426147896202,27932.19700214133,3721.461,698.1859999999996,744.866,2278.409,1102.9029999999996,2618.558,29.636290693359403,8,1,0,0,6,38.19262302155453,31.61475395689094,44.77049208621812,1.0,0.48724956034545097,0.512750439654549,1.0,1,0,0.0,0.0,0.0,0.48724956034545097,0.48724956034545097,0.0,1.0,0.0,0.0,0.0,4,0,2021,4,12,3,0,0,0,1,0,1,GRAVE_LESIONADOS,1
6,1,11,0,4,2,-12.04332624094607,-76.25333635445273,2,4,5,0,4,2,2,0,6543.555,2.0,4,4,1.0,14,33,1198.0,0.4846775086069778,74.92024500578412,59.436480328306146,8.131017919357927,692.0771931073311,1576.2087727105384,7940.914626786132,1598.805515620754,1744.6105064990868,4597.498604666291,1837.8731749896,6103.041451796532,23.188133876867205,6,1,0,0,5,50.8727292830489,50.8727292830489,50.8727292830489,1.0,0.0,0.0,0.0,1,0,0.0,0.0,0.0,1.0,0.0,0.0,1.0,0.0,0.0,0.0,8,1,2023,3,20,0,0,0,0,1,0,1,GRAVE_LESIONADOS,1
6,1,4,0,4,2,-13.60839901715836,-74.13928338745096,0,4,1,0,5,2,2,2,6543.555,2.0,4,4,1.0,14,33,1198.0,0.4012828134779898,75.56604743111033,58.30948969455957,6.059350575193293,486.92222910100446,6408.9293361884365,12678.733000000004,1805.074000000001,1774.0339999999994,9099.625000000004,2485.375000000001,10193.358000000002,19.602707936195205,6,1,0,0,5,39.26361735708761,39.26361735708761,39.26361735708761,0.2515130396764008,0.2515130396764008,0.0,1.0,1,0,0.0,0.2515130396764008,0.0,0.7484869603235992,0.0,0.0,1.0,0.2515130396764008,0.0,0.0,14,3,2023,6,25,5,1,1,2,1,0,1,GRAVE_LESIONADOS,1
3,2,12,1,4,0,-10.6904604593303,-77.25122973041363,0,3,7,1,2,2,2,2,7579.648930235466,2.0,3,2,1.0,12,32,2001.6240077008076,0.5907778229556192,76.21100923339148,66.4253466575948,8.373622380464285,1124.0618944212667,26758.429369646296,7804.2412176077505,1576.561004979215,1352.650720988082,4875.029491640454,1584.3472705933764,6219.893947014375,20.47352667119504,5,2,0,0,3,33.78996202802282,27.88525232644868,39.694671729596955,1.0,0.0,0.0,0.6946717295969576,2,0,0.0,0.30532827040304245,0.0,0.6946717295969576,0.6946717295969576,1.0,0.30532827040304245,0.30532827040304245,0.30532827040304245,0.30532827040304245,9,1,2022,7,17,1,0,0,0,1,0,1,GRAVE_LESIONADOS,1
3,1,12,0,4,1,-8.151256623542935,-78.86332636271733,5,4,1,1,2,1,0,1,1138.7749588223126,1.7694853873155871,1,0,0.769485387315587,2,22,182.5937420781751,0.49905415399982,75.92246367945141,60.99093217548244,7.775047980342982,756.1272651089123,7458.311231875079,3520.0328101623986,557.2747579332203,702.4381147141933,2260.319937514985,795.4566524688316,2724.576157693567,22.47523198457516,9,1,0,0,7,50.68657878539929,46.45440915516356,54.91874841563502,1.0,0.0,0.0,1.0,1,0,0.0,0.0,0.0,0.23051461268441298,0.0,0.769485387315587,0.23051461268441298,0.0,0.0,0.0,12,1,2021,4,28,0,0,1,0,1,0,1,GRAVE_LESIONADOS,1
6,1,1,0,4,1,-11.52851815050784,-76.31340860723363,0,4,7,0,2,1,1,1,9129.871481709306,2.0,2,0,1.0,9,31,3288.0360048688535,0.5031336767781452,73.94415392394022,70.5281763445611,8.173388937777206,732.8987873684616,4031.778533007365,10658.624623172751,1789.6374361653168,1351.7294827398493,7517.257704267587,2292.809248915923,8365.81537425683,21.576646419514358,16,1,0,0,15,30.958316152235398,29.9791580761177,31.69268470932367,1.0,0.0,0.0,1.0,1,0,0.0,0.0,0.7552104809705752,0.2447895190294248,0.0,0.2447895190294248,0.7552104809705752,0.0,0.0,0.0,5,0,2021,8,6,1,0,0,0,1,0,1,GRAVE_LESIONADOS,1
3,1,9,0,4,0,-9.794342631799939,-76.55363352155213,0,4,7,1,2,2,2,1,9769.138205663347,2.0,2,0,1.0,9,32,3699.854346659958,0.54770464220689,76.88270421909078,68.232910211375,8.335819682756043,893.3376637429061,27871.027770006764,8244.796173256169,1333.5824329862664,848.5451642457934,6062.668576024109,1067.7433937785215,7177.052779477647,12.94746203571288,7,1,0,0,5,39.049447436679344,39.049447436679344,39.049447436679344,1.0,0.049447436679347256,0.0,0.0,1,0,0.0,1.0,0.0,0.0,0.0,0.9505525633206527,1.0,0.9505525633206527,0.9505525633206527,0.9505525633206527,19,2,2022,9,3,5,1,0,1,1,0,1,GRAVE_LESIONADOS,1
3,1,7,0,4,1,-13.79945150773252,-71.61160576111479,0,4,7,1,2,1,1,1,3039.2168823197803,1.8487527005652349,1,0,0.848752700565235,5,20,554.5052052429578,0.4635397739685954,65.56010459282257,72.47036480106411,7.2249063957067285,725.4289380259065,8149.2617007371055,17779.13499998999,2097.3709999899997,2863.123,12818.640999999989,2878.713,14900.421999989989,16.19152450331032,7,1,0,0,5,33.88253780791329,33.88253780791329,33.88253780791329,1.0,0.0,0.0,0.848752700565235,1,0,0.0,0.0,0.0,1.0,0.0,0.848752700565235,1.0,0.0,0.848752700565235,0.0,16,1,2024,4,24,5,0,0,2,1,0,1,GRAVE_LESIONADOS,1
6,1,4,0,4,1,-13.36108273383467,-74.81710709400834,0,4,4,0,1,1,0,2,1675.3410546754342,1.97012077638709,1,3,0.9900402587956967,9,24,314.0239453619783,0.2587297593448155,78.25608669891682,42.69192335954259,4.068708192444292,219.2222654702137,3858.7787669208024,12678.733000000004,1805.074000000001,1774.0339999999994,9099.625000000004,2485.375000000001,10193.358000000002,19.602707936195205,5,1,0,0,4,39.92032207036557,39.92032207036557,39.92032207036557,1.0,0.0,0.009959741204303318,0.009959741204303318,1,0,0.0,0.0,0.0,0.009959741204303318,0.0,0.9900402587956967,0.009959741204303318,0.0,0.009959741204303318,0.0,9,1,2022,6,27,2,0,1,2,1,0,1,GRAVE_LESIONADOS,1
3,2,19,1,2,3,-14.922436883557783,-70.65894915458298,0,3,1,0,1,2,2,2,6543.555,2.062887506078528,3,3,1.0,13,32,1215.4198391837522,0.5116204868040578,74.03045811589325,77.59849074876902,8.455426203696717,710.9615856973593,66122.2241092446,13786.52989983496,2002.739467332608,2264.9157891905643,9518.874643311789,3231.4250490772715,10555.104850757689,23.554096238288615,7,2,0,0,4,50.31443753039264,44.69176256686381,58.74844997568589,1.0,0.0,0.937112493921472,1.0,2,0,0.0,0.062887506078528,0.937112493921472,0.937112493921472,0.937112493921472,0.937112493921472,0.062887506078528,0.0,0.937112493921472,0.937112493921472,17,1,2022,2,12,4,0,0,2,1,0,1,GRAVE_LESIONADOS,1