CLASE SINIESTRO,CANTIDAD DE VEHICULOS DAÑADOS,DEPARTAMENTO,ZONA,TIPO DE VÍA,RED VIAL,COORDENADAS LATITUD,COORDENADAS  LONGITUD,CONDICIÓN CLIMÁTICA,ZONIFICACIÓN,CARACTERÍSTICAS DE VÍA,PERFIL LONGITUDINAL VÍA,SUPERFICIE DE CALZADA,¿EXISTE SEÑAL VERTICAL?,¿EXISTE SEÑAL HORIZONTAL?,CAUSA FACTOR PRINCIPAL,MTC_RVN_LONGITUD_KM,MTC_RVN_N_CARRILES_MEDIANA,MTC_RVN_SUPERFICIE_DOMINANTE,MTC_RVN_ESTADO_DOMINANTE,MTC_RVN_ES_CONCESIONADA,MTC_RVN_CONCESION_PRINCIPAL,MTC_RVN_CORREDOR_LOGISTICO,MTC_RVN_N_TRAMOS,IDH_2019,IDH_ESP_VIDA_2019,IDH_EDUC_SECUND_PCT_2019,IDH_ANIOS_EDUC_2019,IDH_INGRESO_PERCAP_2019,IDH_POBLACION_2019,MTC_DEP_RED_TOTAL_KM,MTC_DEP_NACIONAL_TOTAL_KM,MTC_DEP_DEPARTAMENTAL_TOTAL_KM,MTC_DEP_VECINAL_TOTAL_KM,MTC_DEP_PAV_TOTAL_KM,MTC_DEP_NO_PAV_TOTAL_KM,MTC_DEP_PCT_PAVIMENTADA,PER_TOTAL_PERSONAS,PER_N_CONDUCTORES,PER_N_CONDUCTORES_FUGADOS,PER_N_PEATONES,PER_N_PASAJEROS_OCUPANTES,PER_EDAD_COND_PROM,PER_EDAD_COND_MIN,PER_EDAD_COND_MAX,PER_ANY_COND_MASCULINO,PER_ANY_LIC_PROBLEMA,PER_ANY_DOSAJE_POS,PER_ANY_DOSAJE_EVALUADO,VEH_TOTAL,VEH_N_FUGADOS,VEH_ANY_FUGADO,VEH_ANY_CARGA,VEH_ANY_PUBLICO,VEH_ANY_PARTICULAR,VEH_ANY_MOTO,VEH_ANY_AUTO,VEH_ANY_CAMION_BUS,VEH_ANY_SOAT_PROBLEMA,VEH_ANY_CITV_PROBLEMA,VEH_ANY_SEGURO_PROBLEMA,HORA_NUM,FRANJA_HORARIA,ANIO,MES,DIA_MES,DIA_SEMANA,ES_FIN_SEMANA,ES_QUINCENA,REGION_NATURAL,TIENE_SEÑALIZACION,ES_VIA_MULTICARRIL,ES_DEPTO_BAJO_PAVIMENTO,CATEGORIA_SEVERIDAD,CATEGORIA_SEVERIDAD_ENC
6,1,12,0,4,1,-8.876773875177838,-78.23349876434345,1,4,4,0,1,2,2,0,6543.555,2.627619873982706,2,1,1.0,5,31,1371.8507050932096,0.594799677231643,78.42459008281055,62.2650376481433,9.198395677523994,1066.2496190282002,15110.444658987235,8445.680159782536,1465.1086487704529,1810.5281355447737,5170.043375467309,1441.0859421316159,7004.59421765092,17.42954718887249,8,1,0,0,7,31.255239747965412,31.255239747965412,31.255239747965412,1.0,0.0,0.0,0.3723801260172941,1,0,0.0,0.3723801260172941,0.6276198739827059,0.0,0.0,0.0,1.0,0.0,0.0,0.0,16,3,2021,10,11,0,0,0,0,1,0,1,GRAVE_LESIONADOS,1
9,1,9,0,4,2,-13.269213859382186,-72.31104767134839,0,4,6,0,6,2,2,2,6543.555,2.0,4,4,1.0,14,33,1198.0,0.36938670845243393,78.41572292130527,51.27113512737718,5.382525718165264,430.68022413310104,11054.101194198636,12988.85798074729,1874.4979284461017,1960.731761687487,9153.628290613702,2752.081904118725,10236.776076628565,21.11208548753604,6,1,0,0,5,55.06892018879208,55.06892018879208,55.06892018879208,1.0,0.6781533647986797,0.0,0.6781533647986797,1,0,0.0,0.0,0.0,0.3218466352013203,0.0,0.0,1.0,0.6781533647986797,1.0,0.0,7,1,2023,5,11,2,0,0,2,1,0,1,GRAVE_LESIONADOS,1
6,1,9,0,4,1,-8.620278895007656,-77.81644522444053,0,4,1,0,5,2,2,0,9936.932,2.0,2,0,1.0,9,32,3830.0,0.2673982601690756,77.11859473886564,44.817199281487845,5.271461294287762,244.5163028646025,2718.3474989557067,9384.317075959167,1471.022956408858,1760.1796732594782,6153.114446290831,1436.4644185860302,7947.852657373138,15.094353192805814,14,1,0,0,13,47.83805226058159,47.83805226058159,47.83805226058159,1.0,0.0,0.0,0.2464779095767362,1,0,0.0,0.0,0.2464779095767362,0.7535220904232638,0.0,0.0,1.0,0.0,0.7535220904232638,0.0,9,0,2023,5,20,2,0,0,0,1,0,1,GRAVE_LESIONADOS,1
3,1,12,0,4,1,-7.743510506547188,-79.06939226455704,0,4,7,1,2,2,2,1,757.1494598648374,1.9909943357355249,1,0,0.0,9,32,215.6484078270422,0.5683479382027318,77.68234066344219,65.91967201145567,8.40783958395029,970.8658097800359,15589.883035642011,8931.828000000005,1335.5899999999997,1935.9830000000004,5660.255000000005,1219.309,7712.519000000005,13.651281686122925,5,1,0,0,3,45.49549716786776,45.0,45.99099433573552,1.0,0.0,0.0,0.0,1,0,0.0,0.9909943357355248,0.0,0.009005664264475244,0.0,0.009005664264475244,0.9909943357355248,0.0,0.009005664264475244,0.0,7,1,2021,1,10,0,0,0,0,1,0,1,GRAVE_LESIONADOS,1
6,1,8,0,4,2,-12.761355758102845,-74.51488566346984,0,4,1,0,1,1,0,1,6543.555,2.0,4,4,1.0,14,33,1198.0,0.28621086689215613,69.01556891352432,62.56711909657247,4.745856126794974,276.5136600213373,3159.881854257384,8511.426,1445.3929999999996,2008.516,5057.516999999999,1879.579,6631.846999999998,22.08300935706896,5,1,0,0,4,28.061128421141404,28.061128421141404,28.061128421141404,1.0,0.0,0.0,0.0,1,0,0.0,0.0,0.0,0.7645285829891229,0.0,0.7645285829891229,0.23547141701087715,0.0,0.0,0.0,16,2,2022,9,6,5,0,0,2,1,0,1,GRAVE_LESIONADOS,1
3,2,20,0,4,1,-15.838743746488891,-69.93088593998988,0,4,0,1,2,2,2,2,7586.903,2.0,2,0,1.0,9,5,1198.0,0.3514007547075957,69.74447901077835,70.82925652102261,6.3816891687995785,336.3180101629319,6011.149178928917,13642.312999999998,2020.7790000000005,2354.117,9267.416999999998,3314.0520000000006,10328.260999999997,24.29244952817019,24,2,0,0,22,32.17363019089716,31.173630190897153,33.17363019089716,1.0,0.0,0.0,0.0,2,0,0.0,0.8622716984828589,0.8622716984828589,0.1377283015171411,0.0,0.1377283015171411,0.8622716984828589,0.0,0.1377283015171411,0.1377283015171411,14,2,2021,10,6,4,0,0,2,1,0,1,GRAVE_LESIONADOS,1
8,1,7,0,4,1,-12.590807606121784,-73.16725067424082,0,4,5,0,3,2,2,2,6543.555,2.0,4,4,1.0,14,33,1198.0,0.48816229655563326,76.56337770993342,66.96092106616526,7.468516901431968,691.5931671644914,29982.734876060716,17779.13499998999,2097.3709999899997,2863.123,12818.640999999989,2878.713,14900.421999989989,16.19152450331032,5,1,0,0,4,40.50949598650831,40.50949598650831,40.50949598650831,1.0,0.38783377927685436,0.0,0.0,1,0,0.0,0.6121662207231456,0.0,0.0,0.0,0.0,0.6121662207231456,0.38783377927685436,0.38783377927685436,0.0,14,3,2021,6,7,0,0,0,2,1,0,1,GRAVE_LESIONADOS,1
5,1,12,0,4,1,-8.348532100845766,-78.60102220462193,0,4,7,1,2,2,2,2,7108.706969785668,2.8334544114061986,2,0,1.0,1,30,1867.214861138402,0.48741055685537665,76.44099665209983,52.70875716598117,6.530535412180278,838.7475078088597,67937.4949332448,8931.828000000005,1335.5899999999997,1935.9830000000004,5660.255000000005,1219.309,7712.519000000005,13.651281686122925,4,1,0,0,3,24.165092651719416,23.49891029734421,24.83127500609462,1.0,0.0,0.0,0.0,1,0,0.0,1.0,0.0,0.0,0.0,0.0,1.0,0.0,0.1665455885938013,0.0,19,1,2022,3,10,4,0,0,0,1,0,1,GRAVE_LESIONADOS,1
3,1,14,1,3,2,-11.882802288238178,-77.03498457558895,0,3,3,1,2,1,1,0,3970.4207023383988,2.0,3,3,0.5286298375366193,11,28,1116.4529618938352,0.707274982259692,79.73224743978636,76.8031197674594,10.338839349981498,1448.4619271150293,360625.1151808202,7626.313,1683.4029999999998,1599.0829999999996,4343.827000000001,1814.875,5811.438000000001,23.797541485643197,11,2,0,0,9,33.99335361906127,27.458077400585907,40.52862983753662,1.0,1.0,0.0,0.0,2,0,0.0,0.0,0.4713701624633807,0.5286298375366193,0.4713701624633807,0.0,1.0,1.0,1.0,1.0,11,2,2023,3,15,0,0,0,0,1,0,1,GRAVE_LESIONADOS,1
6,1,12,0,4,1,-8.469988330335038,-78.19148152137045,0,4,7,1,4,2,2,0,6543.555,2.5901164223444706,2,1,1.0,5,31,1361.4622489894184,0.4793513538942013,75.4556364915432,48.521201780590104,6.370748697942544,856.0258629901996,9675.454622335876,8931.828000000005,1335.5899999999997,1935.9830000000004,5660.255000000005,1219.309,7712.519000000005,13.651281686122925,4,1,0,0,3,38.31104780110024,38.31104780110024,38.31104780110024,1.0,0.0,0.0,0.0,1,0,0.0,0.4098835776555292,0.0,0.5901164223444708,0.0,0.5901164223444708,0.4098835776555292,0.0,0.0,0.0,7,1,2021,6,13,5,1,0,0,1,0,1,GRAVE_LESIONADOS,1
5,1,12,0,4,1,-8.667688064993683,-78.76951966802834,0,4,7,1,2,2,2,1,977.4444072467825,1.1058749049592564,2,0,1.0,4,23,118.88982864465666,0.47709828988969777,77.4170502227464,58.90064254010552,7.260863026329778,681.3797550179414,17280.00854166534,3537.7093753762715,569.6405879680801,706.1614231634522,2261.9073642447393,822.4369644911128,2715.2724108851585,23.10365902533968,4,1,0,0,3,33.172583776856804,33.172583776856804,33.172583776856804,1.0,0.0,0.0,0.0,1,0,0.7019583016530855,0.2980416983469145,0.7019583016530855,0.0,0.7019583016530855,0.0,0.2980416983469145,0.7019583016530855,0.7019583016530855,0.7019583016530855,3,0,2022,8,18,1,0,1,0,1,0,1,GRAVE_LESIONADOS,1
5,1,5,0,4,1,-5.748170938129699,-78.72147378387335,0,4,0,0,1,2,2,2,628.4218023872934,1.0350649490187187,1,2,0.0,9,30,107.47402576471922,0.3221296451650183,74.6053869415132,44.815320316046716,5.149469434098636,341.9494649115369,6986.833582876521,16000.209699498851,1746.669215480004,1003.277269752098,13250.26321426675,2030.9731707198969,13969.236528778956,12.67922542298776,7,1,0,0,6,36.0,35.96493505098128,36.03506494901872,1.0,0.035064949018718705,0.0,0.9649350509812813,1,0,0.0,0.035064949018718705,0.0,0.9649350509812813,0.0,0.035064949018718705,1.0,0.0,0.035064949018718705,0.0,22,2,2023,9,18,4,0,0,2,1,0,1,GRAVE_LESIONADOS,1
5,1,4,0,4,1,-13.685021201144487,-74.1184125436042,0,4,0,0,1,1,1,2,1272.4122651326143,-0.8882383581574117,1,2,0.0372538806141961,8,31,224.18999895853986,0.2553299717635413,80.59561409501461,52.801477716439685,4.027035915959808,189.28627266625028,2082.5528251169944,12714.63009428223,1813.1098483178862,1795.6443428283242,9105.87590313602,2516.246434025731,10198.383660256499,19.77741900957407,5,1,0,0,3,32.086925721433126,31.776476716314825,32.29803104491357,1.0,0.0,0.9627461193858039,0.9627461193858039,1,0,0.0,0.0,0.0,1.0,0.0,0.0372538806141961,1.0,0.0372538806141961,1.0,0.0,20,2,2023,4,22,2,0,1,2,1,0,1,GRAVE_LESIONADOS,1
5,1,10,0,4,1,-13.934967995899347,-75.87246423123497,0,3,7,1,2,2,2,2,6639.975,2.0,2,0,1.0,9,31,1616.0,0.6053164595604621,78.88848309050202,67.63954639531094,9.133324993872453,1064.9426147896202,27932.19700214133,3721.461,698.1859999999996,744.866,2278.409,1102.9029999999996,2618.558,29.636290693359403,6,1,0,0,5,40.98682633390304,40.631137349285154,41.34251531852093,1.0,1.0,0.0,1.0,1,0,0.0,0.0,0.0,1.0,0.026347332193917605,0.9736526678060824,0.026347332193917605,0.0,0.0,0.0,1,0,2023,1,2,1,0,0,0,1,0,1,GRAVE_LESIONADOS,1
6,1,14,2,2,3,-11.959553862882347,-77.05947555740933,0,2,5,1,2,2,2,0,5064.943613993223,2.0,3,2,1.0,11,28,926.1679031562812,0.7276125147505234,80.13702121855312,78.30126972449126,10.595045292562437,1520.9721428551836,725199.998457031,7626.313,1683.4029999999998,1599.0829999999996,4343.827000000001,1814.875,5811.438000000001,23.797541485643197,4,1,0,0,3,50.30437666431727,50.04350133145382,50.565251997180724,1.0,0.0,0.0,0.0,1,0,0.0,0.0,0.7391246671365462,0.26087533286345377,0.7391246671365462,0.26087533286345377,0.0,0.0,0.7391246671365462,0.0,9,1,2023,10,23,6,1,1,0,1,0,1,GRAVE_LESIONADOS,1
3,1,8,0,4,1,-12.155225264121714,-75.71236009684058,0,4,0,1,2,0,1,2,1131.3227718457865,2.0,2,0,1.0,4,17,206.5635430654734,0.5786216817998467,79.47028533051062,60.97352204827851,8.371674400301508,1183.3805172704376,4060.418058063725,12396.260803617626,1819.6617724140222,1318.126897619834,9258.47213358377,1873.7395056559503,10522.521297961675,15.067168340667957,6,2,0,0,4,34.06895632833566,28.272038819257194,39.86587383741413,1.0,0.0,0.0,1.0,2,0,0.31800970481429813,0.0,0.0,1.0,0.0,0.6819902951857019,1.0,0.0,0.0,0.31800970481429813,6,0,2022,3,15,5,1,0,2,1,0,1,GRAVE_LESIONADOS,1
3,2,9,1,2,3,-11.827798689132063,-73.63641907428848,0,3,2,1,2,1,1,1,5476.49898666836,2.0,3,3,1.0,11,30,987.1706924765318,0.6356581274958477,78.16785390311188,76.18413681587043,9.946354484121073,1140.4556023787102,130057.1231654288,15983.869669691016,2033.213910276448,2409.661344087637,11540.99441532693,2743.413953933432,13240.455715757584,17.924565420890044,6,2,0,0,4,43.277801115805985,30.14820260354729,56.407399628064674,1.0,0.7963001859676636,0.0,0.2036998140323364,2,0,0.0,0.0,0.0,1.0,0.2036998140323364,1.0,0.7963001859676636,0.0,0.7963001859676636,0.0,17,1,2021,8,21,5,1,1,1,1,0,1,GRAVE_LESIONADOS,1
6,1,5,0,4,2,-13.075372257946102,-73.93490020240164,0,4,0,0,3,1,0,2,6543.555,2.0,4,4,1.0,14,33,1198.0,0.2529653577904786,71.91318608981723,60.708682514590166,4.308280146976495,191.3026236583702,3059.340224312606,8445.606172341038,1375.0455902173983,1701.8047990183868,5368.755783105253,1686.639327955926,6758.966844385111,19.948719462495347,4,1,0,0,3,29.31732823842849,29.31732823842849,29.31732823842849,1.0,0.43173282384284917,0.0,0.0,1,0,0.0,0.0,0.0,1.0,0.0,1.0,0.0,0.43173282384284917,0.43173282384284917,0.43173282384284917,20,2,2021,10,11,5,0,0,2,1,0,1,GRAVE_LESIONADOS,1
3,1,11,0,4,1,-11.809051798407271,-75.50987789845654,2,4,3,1,2,1,1,2,7586.903,2.0,2,0,1.0,9,5,1198.0,0.5134961918790009,71.29817716990587,69.67970378178843,8.561302916762779,790.4384172901193,817.8345095707635,12264.545,1826.4639999999995,1105.5389999999998,9332.542,1588.5359999999996,10676.009,12.952261987705208,5,2,0,0,3,38.13249525207491,26.51296011742924,49.75203038672058,1.0,0.0,0.0,1.0,2,0,0.0,0.0,0.0,1.0,0.5470018991700362,1.0,0.0,0.0,0.5470018991700362,0.0,16,2,2023,3,23,4,0,1,2,1,0,1,GRAVE_LESIONADOS,1
3,3,4,0,4,1,-9.44607771199128,-76.43124150232043,1,4,3,1,2,1,1,2,7670.410022608151,2.0,2,0,1.0,9,12,1653.4547666535486,0.5650920320436171,72.1432835973639,71.79546936174773,9.461971808746425,951.7728801445645,103469.4387374165,14265.192533677036,1770.4160842956958,1365.6630267530809,11129.11342262826,2249.0217418082075,12016.170791868828,16.16798637660613,5,3,0,0,2,36.25992833613352,30.2552305523181,46.02576520501915,1.0,1.0,0.48711739749042626,1.0,3,0,0.0,0.5128826025095737,0.48711739749042626,0.5128826025095737,1.0,0.5128826025095737,0.5128826025095737,0.48711739749042626,1.0,0.48711739749042626,6,0,2022,2,22,3,0,0,2,1,0,1,GRAVE_LESIONADOS,1
6,1,13,0,4,1,-10.218036211312171,-77.8661637186853,0,4,7,1,2,2,2,1,316.6306956938265,2.0,2,0,0.2869685436248961,8,9,67.91358446312032,0.629589343858529,79.07974770751953,68.53003086880999,8.804596307589154,1212.2650194925002,35669.64416124162,8000.954738230457,1583.591609936194,1695.7627023472273,4721.600425947037,1643.9662923474953,6356.988445882963,20.885884087735036,5,1,0,0,4,53.80822679862905,53.80822679862905,53.80822679862905,1.0,0.0,0.0,0.7130314563751039,1,0,0.0,0.0,0.0,1.0,0.0,0.7130314563751039,0.2869685436248961,0.0,0.2869685436248961,0.0,14,2,2023,10,11,2,0,0,0,1,0,1,GRAVE_LESIONADOS,1
8,1,10,0,4,1,-14.606762238631594,-75.20142966984208,0,4,0,0,2,2,2,0,6639.975,2.0,2,0,1.0,9,31,1616.0,0.5901757511070689,80.52055084148223,83.0139069027747,8.803187280559671,891.3389443069048,1167.3343388301073,3721.461,698.1859999999996,744.866,2278.409,1102.9029999999996,2618.558,29.636290693359403,18,1,0,0,17,51.49573423793661,50.53847420753264,52.45299426834059,1.0,0.0,0.0,0.0,1,0,0.0,0.27350286582970706,0.7264971341702929,0.27350286582970706,0.0,0.27350286582970706,1.0,0.0,0.0,0.0,7,0,2024,3,25,2,0,1,0,1,0,1,GRAVE_LESIONADOS,1
5,1,20,0,4,1,-16.913707754473393,-70.9354396282712,0,4,6,1,6,2,2,4,6555.278452242023,2.0,3,3,1.0,13,32,1248.8235121050143,0.2778926914063118,73.02554287891626,67.56514881021215,6.84514046922332,212.14803266120038,1039.7631551853417,2780.778555154609,638.8817267290567,518.670350441631,1623.226477983921,1072.860408941396,1707.9181462132128,39.02071008650083,4,1,0,0,3,39.1550798205685,38.729524097201164,39.58063554393585,1.0,0.0,0.0,0.8784126504664731,1,0,0.0,1.0,0.0,0.1215873495335269,0.0,0.1215873495335269,1.0,0.0,0.0,0.0,12,2,2024,1,11,2,0,0,0,1,0,1,GRAVE_LESIONADOS,1
3,2,14,0,4,1,-13.469845301517713,-72.43712977409847,0,1,3,0,2,2,2,2,763.9099990315696,1.0,0,2,0.0,9,32,101.48910283204007,0.459590498174104,74.37960733004975,66.63286026249133,7.863916859859413,619.5860120829204,46375.738981103605,12876.194997407929,1912.728718912271,1659.8360445413155,9303.630233954342,2354.56617120977,10521.628826198159,17.98665506384782,7,2,0,0,5,45.16365598885123,35.21519730731954,55.11211467038292,1.0,0.0,0.0,0.4439426648085385,2,0,0.0,0.5560573351914615,0.4439426648085385,1.0,0.0,1.0,1.0,0.4439426648085385,0.0,0.0,10,1,2022,6,30,1,0,1,2,1,0,1,GRAVE_LESIONADOS,1
6,0,13,0,4,1,-13.259639040684654,-73.12342813911188,0,4,7,1,2,2,2,1,7245.751550744934,2.3269776232427395,2,0,1.0,6,13,1288.5728016382388,0.5526909326731191,74.7256251757365,73.32516744133743,9.018208722164943,862.3031236410196,22677.23862975753,12702.36187068091,1976.4029048839889,1984.1758249736579,8741.783140823263,2917.1963158716785,9785.165554809231,22.727404585681203,8,1,0,0,7,24.942798609184653,24.942798609184653,24.942798609184653,1.0,0.0,0.0,0.32697762324273927,1,0,0.0,0.0,0.32697762324273927,0.6730223767572607,0.0,0.6730223767572607,0.32697762324273927,0.0,0.6730223767572607,0.0,16,1,2022,8,23,4,0,0,1,1,0,1,GRAVE_LESIONADOS,1
3,1,10,1,4,1,-13.554256625506278,-76.17475712630883,2,4,6,1,3,2,2,1,6639.975,2.0,2,0,1.0,9,31,1616.0,0.5729490937061329,78.59341315313222,70.60031734065817,9.121464150911715,897.0932808563196,25329.507863762698,3721.461,698.1859999999996,744.866,2278.409,1102.9029999999996,2618.558,29.636290693359403,6,2,0,0,4,31.982421823012338,27.86740445034841,36.09743919567626,1.0,0.4424913136680374,0.0,0.5575086863319626,2,0,0.0,0.4424913136680374,0.5575086863319626,1.0,0.4424913136680374,1.0,0.5575086863319626,0.0,0.4424913136680374,0.4424913136680374,2,0,2022,5,12,1,0,0,0,1,0,1,GRAVE_LESIONADOS,1
3,2,15,2,3,2,-15.01592693967702,-70.69321410568097,0,1,0,0,2,0,1,2,7218.545554250311,2.0,2,1,1.0,10,14,1198.0,0.6600957839815983,72.44153951203081,82.3135429023038,11.46958888666525,1235.7030759637705,139977.52850769748,15102.831624119117,2047.8200577114987,2533.8232437760616,10521.188322631555,3160.3541330608546,11942.47749105826,21.432391282630718,6,2,0,0,4,40.29484639580752,29.765266458313473,50.82442633330156,1.0,0.3530532916626946,0.0,0.0,2,0,0.0,0.0,0.6469467083373054,1.0,0.6469467083373054,1.0,0.3530532916626946,0.0,1.0,0.0,13,1,2021,8,11,1,0,0,2,1,0,1,GRAVE_LESIONADOS,1
6,1,8,0,4,1,-12.998692769915502,-74.74446295826256,1,4,3,0,2,1,1,0,1280.9763189896755,1.4941257411412705,0,3,0.4941257411412706,9,28,198.64892046249224,0.28319808475949043,70.04214784588869,52.23563837663394,4.466175143686853,276.0352138967497,4831.987270410744,8511.426,1445.3929999999996,2008.516,5057.516999999999,1879.579,6631.846999999998,22.08300935706896,6,1,0,0,5,47.47062870570635,47.47062870570635,47.47062870570635,1.0,0.0,0.0,0.0,1,0,0.0,0.5058742588587294,0.0,0.4941257411412706,0.5058742588587294,0.4941257411412706,0.0,0.0,0.5058742588587294,0.0,9,2,2023,3,8,3,0,0,2,1,0,1,GRAVE_LESIONADOS,1
5,1,8,0,4,2,-12.92172654861661,-75.18896896476912,4,4,3,0,1,2,2,0,6939.73633673547,2.0,3,2,1.0,12,22,1198.0,0.3796976430807043,67.8800011469269,52.12824288482271,6.213462366824703,525.6778311865628,3118.2132851132783,8511.426,1445.3929999999996,2008.516,5057.516999999999,1879.579,6631.846999999998,22.08300935706896,7,1,0,0,6,24.83498129218483,24.83498129218483,24.83498129218483,1.0,0.0,0.0,0.0,1,0,0.0,0.0,0.0,1.0,0.0,0.0,1.0,0.0,0.0,0.0,15,2,2021,7,18,1,0,0,2,1,0,1,GRAVE_LESIONADOS,1
3,2,3,0,4,1,-16.03347457345586,-71.30539283534382,0,4,3,1,2,1,1,0,1504.4250000000002,2.0,2,0,1.0,7,25,241.0,0.4685280505645348,81.83746865987648,70.74305753660312,6.037751599761188,617.4715908037651,1751.8736616702354,10322.272,1495.236,1749.739,7077.2970000000005,2886.595,7435.677000000001,27.964725207783708,4,2,0,0,2,38.80940001479539,33.63260000634088,43.98620002324991,1.0,0.5442000021136278,0.0,0.5442000021136278,2,0,0.0,0.0,0.0,1.0,0.0,1.0,0.45579999788637215,0.0,0.5442000021136278,0.0,11,1,2022,8,12,5,0,0,0,1,0,1,GRAVE_LESIONADOS,1
3,1,11,0,4,1,-12.01469921983844,-75.26436539459037,0,4,5,1,2,0,1,2,7315.420065066785,2.0,2,1,1.0,10,12,1198.0,0.5436040510139449,72.2644716579286,76.82858952453164,9.204030595090636,829.9783400892984,13897.732826090203,12264.545,1826.4639999999995,1105.5389999999998,9332.542,1588.5359999999996,10676.009,12.952261987705208,6,1,0,0,4,48.20664013694564,47.83674195097758,48.576538322913684,1.0,0.0,0.0,1.0,1,0,0.0,0.0,0.7397963719360992,0.26020362806390085,0.0,0.26020362806390085,0.7397963719360992,0.0,0.0,0.0,16,1,2022,8,7,4,0,0,2,1,0,1,GRAVE_LESIONADOS,1
3,2,13,0,4,0,-6.872930851996206,-79.72700427243102,0,4,7,1,2,2,2,0,6543.555,2.70593661771162,2,1,1.0,4,30,1393.5444431061187,0.509609572515062,80.38071702934666,67.08718448691067,7.858284264253496,704.8376887304692,10414.894423612935,3459.691,515.0619999999999,689.7280000000001,2254.901,703.3549999999999,2756.336,20.329994788551925,6,2,0,0,4,51.23700345791603,46.47216191363698,56.00184500219508,1.0,0.0,0.0,0.29406338228838,2,0,0.0,0.70593661771162,1.0,0.29406338228838,0.0,0.29406338228838,1.0,0.0,0.0,0.0,10,1,2022,2,14,2,0,0,0,1,0,1,GRAVE_LESIONADOS,1
6,1,8,0,4,1,-13.347564489109798,-75.43911902282838,0,4,3,0,2,0,1,0,1574.4697840393587,1.4658101081913808,1,3,0.4658101081913808,9,19,290.9614548686121,0.42395648883189285,71.19015528651498,49.937581433490635,7.408343890455422,612.6269718348143,1587.3689271433855,8511.426,1445.3929999999996,2008.516,5057.516999999999,1879.579,6631.846999999998,22.08300935706896,4,1,0,0,3,27.081228160746527,27.081228160746527,27.081228160746527,1.0,1.0,0.0,0.0,1,0,0.0,0.0,0.0,1.0,0.0,1.0,0.0,0.0,0.0,0.0,13,1,2021,5,2,1,0,0,2,1,0,1,GRAVE_LESIONADOS,1
3,1,8,0,4,1,-12.717754020649172,-75.10774066673403,0,4,4,0,2,1,1,0,1144.6365756833852,1.3210969791402931,0,3,0.3210969791402931,9,29,158.85230520226742,0.49262500497925465,73.30361577531568,58.32631847796608,6.157618981471076,935.6673117453844,1491.2286200610254,8511.426,1445.3929999999996,2008.516,5057.516999999999,1879.579,6631.846999999998,22.08300935706896,5,1,0,0,3,34.28438791656117,33.605484895701466,34.96329093742088,1.0,0.0,0.0,0.0,1,0,0.0,0.0,0.0,1.0,0.0,1.0,0.6789030208597069,0.0,0.0,0.0,9,1,2023,4,18,4,0,1,2,1,0,1,GRAVE_LESIONADOS,1
3,1,15,1,4,0,-12.136684971824284,-71.49832602838615,5,4,6,1,5,2,2,0,3678.301343535887,2.0,2,0,1.0,6,19,645.9103313637088,0.5682099652893866,75.07644010043941,57.26872432279033,8.286434856882687,1124.5578278048533,11027.386867216257,2263.5258366081116,414.0514296296155,384.2380921680514,1465.2363148104441,520.3171829762172,1743.2086536318939,23.207088038391873,4,2,0,0,2,36.862036420453514,33.862036420453514,39.862036420453514,1.0,0.0,0.0,0.12644039772738724,2,0,0.0,0.0,0.12644039772738724,1.0,0.8735596022726128,1.0,0.12644039772738724,0.0,0.8735596022726128,0.0,16,2,2021,7,10,2,0,0,0,1,0,1,GRAVE_LESIONADOS,1
7,1,4,1,4,2,-9.781799536306531,-76.85280301498182,0,4,0,0,4,2,2,0,6585.234597568536,2.0,3,2,1.0,11,32,1378.6893982954546,0.41371339870621293,76.58141296099043,48.7869223961565,6.20521472132598,600.7937125433635,1657.4599447901687,3824.9414801035628,957.601119114513,654.1157008103631,2213.2246601786865,1012.4570034001085,2812.484476703454,26.533778213141318,12,1,0,0,11,38.23905348249238,38.23905348249238,38.23905348249238,1.0,0.0,0.0,0.0,1,0,0.0,0.0,1.0,0.0,0.0,0.0,1.0,0.0,0.0,0.0,7,0,2023,6,17,4,0,0,0,1,0,1,GRAVE_LESIONADOS,1