CLASE SINIESTRO,CANTIDAD DE VEHICULOS DAÑADOS,DEPARTAMENTO,ZONA,TIPO DE VÍA,RED VIAL,COORDENADAS LATITUD,COORDENADAS  LONGITUD,CONDICIÓN CLIMÁTICA,ZONIFICACIÓN,CARACTERÍSTICAS DE VÍA,PERFIL LONGITUDINAL VÍA,SUPERFICIE DE CALZADA,¿EXISTE SEÑAL VERTICAL?,¿EXISTE SEÑAL HORIZONTAL?,CAUSA FACTOR PRINCIPAL,MTC_RVN_LONGITUD_KM,MTC_RVN_N_CARRILES_MEDIANA,MTC_RVN_SUPERFICIE_DOMINANTE,MTC_RVN_ESTADO_DOMINANTE,MTC_RVN_ES_CONCESIONADA,MTC_RVN_CONCESION_PRINCIPAL,MTC_RVN_CORREDOR_LOGISTICO,MTC_RVN_N_TRAMOS,IDH_2019,IDH_ESP_VIDA_2019,IDH_EDUC_SECUND_PCT_2019,IDH_ANIOS_EDUC_2019,IDH_INGRESO_PERCAP_2019,IDH_POBLACION_2019,MTC_DEP_RED_TOTAL_KM,MTC_DEP_NACIONAL_TOTAL_KM,MTC_DEP_DEPARTAMENTAL_TOTAL_KM,MTC_DEP_VECINAL_TOTAL_KM,MTC_DEP_PAV_TOTAL_KM,MTC_DEP_NO_PAV_TOTAL_KM,MTC_DEP_PCT_PAVIMENTADA,PER_TOTAL_PERSONAS,PER_N_CONDUCTORES,PER_N_CONDUCTORES_FUGADOS,PER_N_PEATONES,PER_N_PASAJEROS_OCUPANTES,PER_EDAD_COND_PROM,PER_EDAD_COND_MIN,PER_EDAD_COND_MAX,PER_ANY_COND_MASCULINO,PER_ANY_LIC_PROBLEMA,PER_ANY_DOSAJE_POS,PER_ANY_DOSAJE_EVALUADO,VEH_TOTAL,VEH_N_FUGADOS,VEH_ANY_FUGADO,VEH_ANY_CARGA,VEH_ANY_PUBLICO,VEH_ANY_PARTICULAR,VEH_ANY_MOTO,VEH_ANY_AUTO,VEH_ANY_CAMION_BUS,VEH_ANY_SOAT_PROBLEMA,VEH_ANY_CITV_PROBLEMA,VEH_ANY_SEGURO_PROBLEMA,HORA_NUM,FRANJA_HORARIA,ANIO,MES,DIA_MES,DIA_SEMANA,ES_FIN_SEMANA,ES_QUINCENA,REGION_NATURAL,TIENE_SEÑALIZACION,ES_VIA_MULTICARRIL,ES_DEPTO_BAJO_PAVIMENTO,CATEGORIA_SEVERIDAD,CATEGORIA_SEVERIDAD_ENC
4,1,11,0,4,1,-11.836196642874308,-76.40487621004263,0,4,0,0,2,2,2,1,1447.2040633899776,1.5872369272512064,1,1,0.0,9,17,521.3374048635163,0.2346571645708121,74.33335792736202,52.13108647909884,6.17582021436471,190.47576855376803,1594.1676049539803,7991.654961609903,1585.1612610550594,1768.0818231647568,4638.411877390086,1841.5824218591379,6150.072539750765,23.089845935926366,5,1,0,0,3,38.44263396303378,28.45960619976327,48.425661726304284,1.0,0.0,0.0,0.5872369272512064,1,0,0.0,0.0,0.5872369272512064,0.41276307274879365,0.0,0.41276307274879365,0.5872369272512064,0.0,0.0,0.0,9,2,2022,6,10,2,0,0,0,1,0,1,GRAVE_LESIONADOS,1
5,1,14,2,2,4,-12.148393993775079,-76.95662015414878,0,0,1,0,2,2,2,0,6543.555,2.0,4,4,1.0,14,33,1198.0,0.7197611441462367,80.36094855071674,76.20122361414134,10.216348192214596,1517.8031745635312,400743.74342846987,7626.313,1683.4029999999998,1599.0829999999996,4343.827000000001,1814.875,5811.438000000001,23.797541485643197,4,1,0,0,2,41.243578824657156,34.65028065403334,47.072631374428596,0.23575437914761987,0.23575437914761987,0.0,0.0,1,0,0.0,0.0,0.0,1.0,0.0,0.23575437914761987,0.7642456208523801,0.0,0.0,0.23575437914761987,8,1,2024,10,10,1,0,0,0,1,0,1,GRAVE_LESIONADOS,1
4,1,11,0,4,1,-10.752715551535754,-77.34981187585106,2,4,2,1,2,1,1,2,884.6431233469402,1.417446162958006,1,1,0.41744616295800596,5,26,212.5170761485695,0.5574667534577407,77.21631258758195,68.63052244782367,8.396264006922104,915.4799355943834,7086.070835923635,3612.1861179224825,621.7415888544779,721.8488534668215,2268.5956756011833,936.1132204824544,2676.072897440028,25.751413176545718,9,1,0,0,8,58.60746133344487,56.311507437175834,60.9034152297139,1.0,0.0,0.0,1.0,1,0,0.0,0.0,0.0,0.582553837041994,0.0,0.41744616295800596,0.582553837041994,0.0,0.0,0.0,15,1,2021,4,24,0,0,1,0,1,0,1,GRAVE_LESIONADOS,1
3,1,5,0,4,1,-5.826193913689872,-78.47936370309621,0,4,0,0,2,2,2,2,7247.680361303507,2.0,2,0,0.9289932197774114,9,18,1991.2704666757134,0.4472669124071447,75.09266229299855,57.50061399963732,6.647047451407224,636.3018850522335,36889.332443054474,16066.470980825015,1759.7321302626474,1072.552669411204,13234.186181151164,2062.549722756013,14003.921258069004,12.81005128588297,4,1,0,0,2,38.934898296661174,27.786979659332236,50.08281693399011,1.0,0.9289932197774114,0.0,1.0,1,0,0.0,0.0,0.0,1.0,0.9289932197774114,0.0,0.07100678022258855,0.0,0.07100678022258855,0.9289932197774114,16,1,2024,6,2,0,0,0,2,1,0,1,GRAVE_LESIONADOS,1
3,1,15,1,2,3,-3.9241809907004113,-74.06853357737634,0,0,7,0,2,2,2,1,5978.397280195769,2.0,3,3,1.0,12,31,1086.3359362402693,0.582875698572939,73.69049809545943,57.354850149352465,10.457079172354478,1054.5018569912015,150580.48736150644,1944.7005164017246,307.268205468627,354.86646714971124,1282.5658437833872,483.5480849692092,1461.152431432516,24.993232570201577,5,2,0,0,3,44.65275762623351,32.46056007845541,68.14504070609865,1.0,0.8921120156910813,0.0,0.10788798430891866,2,0,0.0,0.0,0.0,1.0,0.8921120156910813,0.0,1.0,0.0,1.0,0.8921120156910813,11,2,2021,11,1,1,0,0,0,1,0,1,GRAVE_LESIONADOS,1
6,1,13,0,4,1,-10.947927956984262,-76.9140442677283,0,4,6,0,2,1,0,1,1430.1008167807863,2.0,2,0,0.030783102237640136,9,19,686.2100718429838,0.347068345002198,78.15312490478232,71.08498788156216,3.5728297321454736,437.58426849809246,1515.047459620236,7653.559523970865,1676.076313836419,1611.6866178984633,4365.796592235983,1816.8667898471842,5836.6927341236815,23.74476286783958,4,1,0,0,3,47.0765069328708,47.0765069328708,47.0765069328708,1.0,0.030783102237640136,0.0,0.0,1,0,0.0,0.0,0.0,1.0,0.0,1.0,0.0,0.0,0.0,0.0,15,3,2022,7,12,4,0,0,0,1,0,1,GRAVE_LESIONADOS,1
3,2,10,0,4,0,-12.16109365587129,-76.76294293111735,0,2,7,1,2,2,2,1,6615.715376665744,2.0,2,1,1.0,10,31,1510.8296768956725,0.6096506191444283,79.47740707604318,69.36174532660728,9.096075150534238,1065.8933484063618,28172.90572326622,3655.5987141650244,652.1113343345527,730.9930782886928,2272.494301541779,1002.3752673308901,2653.223446834134,27.294792733519493,8,2,0,0,6,40.751603643790254,29.767640081692825,51.73556720588769,1.0,0.7483963562097431,0.0,0.7483963562097431,2,0,0.0,0.2516036437902569,0.0,1.0,0.7483963562097431,0.0,1.0,0.0,0.0,0.0,6,1,2021,4,23,1,0,1,0,1,0,1,GRAVE_LESIONADOS,1
5,1,12,0,4,2,-7.640124852002003,-78.66198168860797,1,4,1,0,5,2,2,4,6543.555,2.241205857295687,3,3,1.0,10,32,1264.8140224709055,0.2662574657654946,76.57821962766376,36.60002229384506,4.023455163549867,320.05971797284235,24348.005138355627,8931.828000000005,1335.5899999999997,1935.9830000000004,5660.255000000005,1219.309,7712.519000000005,13.651281686122925,5,1,0,0,4,42.75879414270431,39.381912140564694,46.135676144843934,1.0,0.2412058572956871,0.0,0.0,1,0,0.0,0.0,0.2412058572956871,0.2412058572956871,0.2412058572956871,0.0,1.0,0.0,0.7587941427043129,0.2412058572956871,8,0,2022,2,12,3,0,0,0,1,0,1,GRAVE_LESIONADOS,1
6,1,10,1,4,1,-13.934089808858952,-75.91827308299905,0,3,7,1,2,2,2,1,6639.975,2.0,2,0,1.0,9,31,1616.0,0.6053164595604621,78.88848309050202,67.63954639531094,9.133324993872453,1064.9426147896202,27932.19700214133,3721.461,698.1859999999996,744.866,2278.409,1102.9029999999996,2618.558,29.636290693359403,8,1,0,0,7,35.29666627922896,35.29666627922896,35.29666627922896,1.0,0.0,0.9531110852819304,0.9531110852819304,1,0,0.0,0.0,0.0,0.0,0.0,0.04688891471806955,0.9531110852819304,0.04688891471806955,0.0,0.04688891471806955,4,0,2021,4,4,5,0,0,0,1,0,1,GRAVE_LESIONADOS,1
3,1,14,0,3,1,-11.187565882178815,-77.56811685225172,0,3,6,0,2,2,2,1,6543.555,2.9458655915976792,2,0,1.0,0,30,1460.0047688725572,0.7382126306897743,78.33099935259453,76.49544585411105,13.608074916411693,1437.1001227766708,61792.23932924428,7626.313,1683.4029999999998,1599.0829999999996,4343.827000000001,1814.875,5811.438000000001,23.797541485643197,5,2,0,0,3,41.689470429408125,28.162403225206962,55.0,1.0,0.0,0.0,0.9458655915976792,2,0,0.0,0.0,0.054134408402320755,1.0,0.054134408402320755,0.9458655915976792,1.0,0.0,0.054134408402320755,0.054134408402320755,21,2,2024,6,17,0,0,1,0,1,0,1,GRAVE_LESIONADOS,1
4,1,10,0,4,1,-14.554767805246154,-75.34554662389033,0,4,2,1,2,1,0,2,6639.975,2.0,2,0,1.0,9,31,1616.0,0.5761068963788708,77.76693235115884,68.51269851414922,8.741570157998844,975.3788389113022,27932.19700214133,3721.461,698.1859999999996,744.866,2278.409,1102.9029999999996,2618.558,29.636290693359403,5,1,0,0,3,43.387427443137966,32.644003949017126,54.1308509372588,1.0,1.0,0.0,1.0,1,0,0.0,0.0,0.0,1.0,0.0,1.0,0.0,0.596856860784491,0.596856860784491,0.0,3,0,2022,1,10,1,0,0,0,1,0,1,GRAVE_LESIONADOS,1
3,2,14,2,3,2,-14.846963274465649,-70.82347054296939,0,1,4,1,2,1,0,2,6543.555,2.0,4,4,1.0,14,33,1198.0,0.6624694636777958,73.02797308619334,82.35359130221677,11.420436927862257,1236.839908803987,138967.55881452927,15412.213285058264,2053.548164981189,2571.8904174925938,10786.77470258448,3127.7963138237897,12284.416971234472,20.82654514292717,4,2,0,0,2,38.20624627689758,31.855681141254106,44.55681141254106,1.0,0.42784057062705294,0.0,0.0,2,0,0.0,0.0,0.5721594293729471,1.0,0.0,1.0,1.0,0.0,0.42784057062705294,0.0,12,1,2022,9,13,5,1,0,2,1,0,1,GRAVE_LESIONADOS,1
3,1,20,0,4,1,-15.68045669490862,-70.50578396031163,0,4,2,1,2,2,2,2,1504.4250000000002,2.0,2,0,1.0,7,25,241.0,0.45958285002235094,76.98708275850655,69.65137326147982,7.155697387306945,576.0881778977924,6259.910556122118,13642.312999999998,2020.7790000000005,2354.117,9267.416999999998,3314.0520000000006,10328.260999999997,24.29244952817019,5,2,0,0,3,41.230125560800765,38.072910218792366,44.38734090280916,1.0,0.0,0.0,0.669367045140458,2,0,0.0,0.0,0.0,1.0,0.0,1.0,0.669367045140458,0.330632954859542,1.0,0.330632954859542,10,1,2022,10,6,3,0,0,2,1,0,1,GRAVE_LESIONADOS,1
2,2,4,0,4,1,-12.390907697379532,-74.63651385900928,1,3,0,0,2,1,1,2,7602.386401117856,2.0,2,0,1.0,9,6,1282.4478538796334,0.5533076099675885,70.3235025668355,74.4760728229102,10.025812346065388,878.8123075365111,104325.8614782273,12972.885378446443,1798.6479247550883,1698.316157521754,9475.921296169601,2441.5517119962146,10531.333666450228,18.965861237866452,5,2,0,0,1,29.761315784772535,21.27095568089722,44.92267311312132,1.0,0.909681439700927,0.09031856029907304,1.0,2,0,0.0,0.909681439700927,0.0,1.0,1.0,0.909681439700927,0.909681439700927,0.0,1.0,0.0,11,1,2021,3,28,2,0,0,2,1,0,1,GRAVE_LESIONADOS,1
3,2,11,0,4,1,-10.663380970033291,-77.69525394684376,0,3,3,1,2,1,1,1,6597.8061102187075,2.437345880328691,2,0,1.0,5,30,1554.3342308736546,0.5333270502353927,79.69040211650824,64.86319214505146,8.050784767367253,803.819606672454,12270.911577414314,3606.9769689063583,618.0974730106885,720.7516228504367,2268.127873045233,928.162328206432,2678.8146406999263,25.566220518272086,5,2,0,0,3,55.15478586312256,44.87222584591643,65.43734588032869,1.0,0.5626541196713092,0.0,0.0,2,0,0.0,0.4373458803286908,0.4373458803286908,0.5626541196713092,0.0,0.5626541196713092,0.4373458803286908,0.0,0.0,0.0,14,1,2021,5,20,3,0,1,0,1,0,1,GRAVE_LESIONADOS,1
4,1,3,0,4,1,-15.73369455784822,-71.15280182487552,3,4,3,0,2,0,1,0,1016.8675505072601,1.4790407256746136,2,1,0.47904072567461364,8,13,163.89802739984282,0.460214323510448,81.44918351948003,55.16067202683932,5.801926425006355,685.9724496688431,1366.4881637617498,10322.272,1495.236,1749.739,7077.2970000000005,2886.595,7435.677000000001,27.964725207783708,6,1,0,0,4,31.185610885119203,27.83232580539691,34.5388959648415,1.0,0.47904072567461364,0.0,0.0,1,0,0.0,0.47904072567461364,0.0,0.5209592743253864,0.0,0.5209592743253864,0.47904072567461364,0.0,0.0,0.0,14,3,2023,3,17,4,0,0,0,1,0,1,GRAVE_LESIONADOS,1
6,1,5,2,2,3,-6.547944030453415,-78.67243920172555,0,0,7,0,1,2,2,5,6543.555,2.0,4,4,1.0,14,33,1198.0,0.46264263298481306,73.03900232360138,63.60944353012073,6.0835097194520635,733.8400135155729,46755.42766619648,15935.565011852366,1733.9250000199986,935.692,13265.948011832368,2000.1670000199988,13935.398011832369,12.551591352627522,6,1,0,0,5,53.74534650218771,53.74534650218771,53.74534650218771,1.0,0.10455445815102427,0.0,1.0,1,0,0.0,0.0,1.0,0.0,0.0,0.0,1.0,0.10455445815102427,0.10455445815102427,0.10455445815102427,13,2,2024,6,12,3,0,0,2,1,0,1,GRAVE_LESIONADOS,1
3,2,11,0,4,0,-9.346663125561566,-78.36664740556817,1,3,4,1,2,1,1,2,6580.918761725699,2.0,3,2,1.0,12,32,1359.9793860334191,0.4848052220926735,80.3218508682032,61.98527633218547,8.1305030482318,627.2208847243005,12035.591893176656,3561.129621727196,586.0244715023534,711.094553557681,2264.0105966671617,858.1840424183742,2702.945579308822,23.936282101724267,7,2,0,0,5,37.525230843864165,30.262615421932082,44.78784626579625,1.0,0.3875104929029166,0.0,0.6124895070970834,2,0,0.0,0.0,0.6124895070970834,1.0,0.0,1.0,0.6124895070970834,0.0,0.0,0.0,19,2,2021,5,13,1,0,0,0,1,0,1,GRAVE_LESIONADOS,1
6,1,12,0,4,1,-7.935956249569366,-78.90325840866144,0,4,7,1,2,2,2,0,6543.555,2.7379531202529384,2,1,1.0,3,30,1402.413014310064,0.5354522807399171,77.42153153203023,60.13151133711108,7.889397962171767,895.5455162930516,14935.337334385791,8931.828000000005,1335.5899999999997,1935.9830000000004,5660.255000000005,1219.309,7712.519000000005,13.651281686122925,9,1,0,0,8,33.31023439873531,32.26204687974706,34.09637503797649,0.7379531202529385,0.0,0.0,0.0,1,0,0.0,0.0,1.0,0.0,0.26204687974706153,0.0,0.7379531202529385,0.26204687974706153,0.0,0.26204687974706153,16,2,2021,8,10,1,0,0,0,1,0,1,GRAVE_LESIONADOS,1
3,1,19,0,4,1,-5.424411425366327,-80.42676522196764,0,4,5,0,3,1,1,2,7333.267460605475,2.0,3,3,1.0,12,32,1810.5235116267977,0.3675624116842428,74.93130955763458,48.56770353282247,4.981528072149799,502.3657687326862,38785.14361692622,8965.846000060003,1782.4120000599992,636.9959999999999,6546.438000000004,2214.505000059999,6751.341000000004,24.699342371541725,4,1,0,0,2,39.94357783893669,23.447094366283256,56.44006131159013,1.0,0.7672783010536482,0.0,1.0,1,0,0.0,0.0,0.7672783010536482,0.23272169894635175,0.7672783010536482,0.0,0.23272169894635175,0.7672783010536482,1.0,0.7672783010536482,21,2,2022,2,21,4,0,1,0,1,0,1,GRAVE_LESIONADOS,1
6,1,3,0,4,1,-15.360438289758658,-72.31833807181229,0,4,7,0,2,1,1,0,1419.8461362667817,2.0,2,0,1.0,7,25,227.65761954500226,0.5997918197503023,78.40861088798775,76.20568165017376,8.94965897343342,1000.4998190812316,33468.30841160774,10190.698717380365,1480.1292080133435,1767.3626759252525,6943.206833441767,2728.825041565309,7461.873675815054,26.610289682343137,5,1,0,0,4,21.47313405868786,21.47313405868786,21.47313405868786,0.09462681173757259,0.0,0.0,0.9053731882624274,1,0,0.0,0.0,0.0,1.0,0.0,0.0,1.0,0.0,0.09462681173757259,0.0,9,1,2021,6,6,0,0,0,0,1,0,1,GRAVE_LESIONADOS,1
4,1,10,0,4,1,-14.308671753766125,-73.01330162390217,0,4,5,1,2,1,0,2,1607.8621048507619,2.0,2,1,1.0,8,24,284.6991651002305,0.3324818133221804,76.53161762298404,54.93586533320423,5.469091479589492,337.0932993130376,4289.554653209279,13073.29081746919,1893.3988863791194,2011.5610163670672,9168.330914723003,2824.693985976167,10248.596831493021,21.523019905127857,5,1,0,0,4,34.06267424261273,31.810585162224456,36.314763323001,1.0,0.0,0.0,0.0,1,0,0.0,0.0,0.0,0.4094707418887772,0.0,1.0,0.0,0.4094707418887772,0.4094707418887772,0.4094707418887772,12,1,2022,7,23,2,0,1,2,1,0,1,GRAVE_LESIONADOS,1
9,1,10,0,4,1,-13.92790825998851,-75.9723116057966,0,3,7,1,2,2,2,0,6639.975,2.0,2,0,1.0,9,31,1616.0,0.6053164595604621,78.88848309050202,67.63954639531094,9.133324993872453,1064.9426147896202,27932.19700214133,3721.461,698.1859999999996,744.866,2278.409,1102.9029999999996,2618.558,29.636290693359403,5,1,0,0,4,32.398881466711835,31.765363843110684,33.032399090312985,1.0,0.04692723137786303,0.0,1.0,1,0,0.0,0.0,0.0,1.0,0.04692723137786303,0.0,1.0,0.0,0.0,0.0,2,0,2021,9,29,4,0,1,0,1,0,1,GRAVE_LESIONADOS,1
6,1,6,0,4,2,-11.948276107956268,-73.81058955772595,0,3,6,0,3,2,2,0,6543.555,2.0,4,4,1.0,14,33,1198.0,0.4341612863422991,75.1355062980134,59.61003429119732,6.267221365444599,595.4448075588915,29398.404727657988,17531.044689914605,2048.4618555537186,2603.7474636679267,12878.835370692957,2760.486542120465,14770.55814779414,15.701696533763682,4,1,0,0,3,20.269141189834627,20.269141189834627,20.269141189834627,1.0,0.8654294050826861,0.0,1.0,1,0,0.0,0.8654294050826861,0.0,0.13457059491731393,0.0,0.0,1.0,0.13457059491731393,0.13457059491731393,0.13457059491731393,12,2,2024,2,14,5,0,0,2,1,0,1,GRAVE_LESIONADOS,1
5,1,3,0,4,1,-16.59838979711078,-71.805784959786,0,3,7,1,2,0,1,1,530.377471032774,1.703498428976061,2,0,0.703498428976061,7,27,66.9283016365963,0.6574582896246055,76.23062434108822,77.51874092370407,10.662173286874419,1214.9277055222942,21900.708511769248,10322.272,1495.236,1749.739,7077.2970000000005,2886.595,7435.677000000001,27.964725207783708,6,1,0,0,5,31.005542417646353,24.186006284095757,37.82507855119695,1.0,0.703498428976061,0.0,0.703498428976061,1,0,0.0,0.0,0.29650157102393904,0.703498428976061,0.0,0.703498428976061,0.29650157102393904,0.0,0.0,0.29650157102393904,15,3,2021,2,10,2,0,0,0,1,0,1,GRAVE_LESIONADOS,1
3,1,9,0,4,0,-12.176257465216448,-75.55076390617609,0,4,6,0,2,2,2,1,7420.715361547517,2.0,2,0,1.0,9,9,1198.0,0.4555660301684448,68.43209989829738,56.77856330095784,7.0802548750040355,736.5584555584345,1325.876729905571,12330.518122673699,1823.0569358310947,1212.018914052926,9295.442272789676,1731.387239933451,10599.130882740246,14.011565218109094,4,1,0,0,3,36.9425093692769,34.84071696265054,39.04430177590325,1.0,0.0,0.0,0.0,1,0,0.0,0.15928303734945848,0.8407169626505415,0.8407169626505415,0.0,0.8407169626505415,1.0,0.0,0.15928303734945848,0.0,15,3,2022,6,24,1,0,0,2,1,0,1,GRAVE_LESIONADOS,1
3,2,7,0,4,0,-13.058285248317034,-72.03767761567356,2,4,3,0,2,2,2,3,5115.488665435019,2.0,3,2,1.0,10,26,922.8339016470954,0.27214274847403636,72.14610139032246,60.00832582276625,4.669522706406705,223.90976163253987,17388.7915622129,17779.13499998999,2097.3709999899997,2863.123,12818.640999999989,2878.713,14900.421999989989,16.19152450331032,7,2,0,0,5,34.63484948473593,28.61233637676808,39.33993785033583,1.0,0.5646106038719866,0.0,0.0,2,0,0.0,0.0,0.0,1.0,0.5646106038719866,0.4353893961280134,0.0,0.0,0.0,0.0,5,0,2021,5,10,3,0,0,2,1,0,1,GRAVE_LESIONADOS,1
3,3,9,1,4,1,-12.014510205140347,-75.38771647806269,0,4,3,1,2,0,1,0,6601.223926578886,2.0,2,1,1.0,11,31,1448.006340074406,0.5318849133316496,77.99500639560276,61.165079787140684,7.155695693396433,935.1434923737561,36545.48845558179,9777.126143186235,1610.6516633800763,1302.5290260129539,6863.945453793205,2616.482897393988,7160.643245792247,26.652372064916467,6,3,0,0,3,40.340981137209155,24.971519380660503,54.215189663647735,1.0,0.4018987079559666,0.0,0.4018987079559666,3,0,0.0,0.5981012920440334,0.4018987079559666,0.5981012920440334,0.4018987079559666,0.5981012920440334,0.5981012920440334,0.4018987079559666,0.4018987079559666,0.4018987079559666,21,2,2022,5,22,4,0,1,0,1,0,1,GRAVE_LESIONADOS,1
3,2,10,0,4,1,-14.451735724303127,-72.2987102260558,1,4,2,1,2,2,2,2,7586.903,2.0,2,0,1.0,9,5,1198.0,0.3093388711195768,66.7215207212025,57.479003833914504,5.941482356443581,311.80013136893524,7015.1717834828905,13087.561391768959,1896.5934672435333,2020.1520182055588,9170.815906319867,2836.9666532160545,10250.594738552903,21.592474756655495,11,2,0,0,9,46.37859652665602,35.63578957996806,57.12140347334398,1.0,0.0,0.4242806946687957,1.0,2,0,0.0,0.5757193053312043,0.5757193053312043,0.4242806946687957,0.4242806946687957,0.4242806946687957,0.5757193053312043,0.0,0.4242806946687957,0.4242806946687957,15,2,2023,3,18,4,0,0,2,1,0,1,GRAVE_LESIONADOS,1
4,1,7,0,4,1,-13.599882253384193,-71.91484271814025,1,4,4,0,1,1,0,1,7152.229858726691,2.0,2,1,1.0,11,16,1198.0,0.39498044849070646,75.32638875948544,66.43188741358038,6.3682269784529595,448.71948853302706,4187.3586255430055,17779.13499998999,2097.3709999899997,2863.123,12818.640999999989,2878.713,14900.421999989989,16.19152450331032,11,1,0,0,9,49.45719600495342,44.498413030167555,54.41597897973928,1.0,0.416613767672252,0.0,0.583386232327748,1,0,0.0,1.0,0.583386232327748,0.0,0.0,0.0,1.0,0.416613767672252,0.416613767672252,0.0,8,1,2022,3,13,4,0,0,2,1,0,1,GRAVE_LESIONADOS,1
5,1,7,0,4,1,-14.355976399617617,-71.69718942179419,0,4,5,0,2,1,1,1,2151.0350576180417,1.2500130156200249,1,2,0.25001301562002476,7,28,509.0009891871219,0.46599930156366054,65.53447358078536,71.15992594450519,7.118781464466894,750.4737953875604,8795.87620061923,17779.13499998999,2097.3709999899997,2863.123,12818.640999999989,2878.713,14900.421999989989,16.19152450331032,5,1,0,0,3,44.24985682817973,44.24985682817973,44.24985682817973,1.0,0.0,0.0,0.25001301562002476,1,0,0.0,0.0,0.0,1.0,0.0,1.0,0.25001301562002476,0.0,0.25001301562002476,0.0,9,1,2024,2,25,6,1,1,2,1,0,1,GRAVE_LESIONADOS,1
6,1,16,0,4,1,-16.199101591582508,-72.97726554082334,0,4,0,0,2,2,2,1,6639.975,2.0,2,0,1.0,9,31,1616.0,0.5892368609975329,76.99284937854574,78.74050207955683,8.98082832005335,962.8509414941076,2097.317911324115,3175.4254632560423,663.7617999267943,613.5667888873144,1898.0968744419333,1085.4642538814196,2089.9612093746223,35.08364065555264,13,1,0,0,12,39.997806320756936,36.17363170921486,43.82198093229901,1.0,0.0,0.0,0.5098899482056102,1,0,0.0,0.0,1.0,0.5098899482056102,0.0,0.5098899482056102,1.0,0.0,0.0,0.0,13,1,2023,4,18,4,0,0,0,1,0,1,GRAVE_LESIONADOS,1
3,1,3,0,4,1,-15.871568834807723,-71.13754283416102,0,4,6,0,2,1,1,0,1504.4250000000002,2.0,2,0,1.0,7,25,241.0,0.45178318208271934,81.65475828095447,60.09525176923336,5.802260989244677,620.324411424765,1399.8351016631573,10322.272,1495.236,1749.739,7077.2970000000005,2886.595,7435.677000000001,27.964725207783708,7,2,0,0,5,34.70964528188153,25.73375848658536,43.685532077177704,1.0,0.0,0.0,0.8951773590592345,2,0,0.0,0.10482264094076554,0.8951773590592345,1.0,0.0,0.10482264094076554,1.0,0.0,0.0,0.0,3,0,2024,9,2,2,0,0,0,1,0,1,GRAVE_LESIONADOS,1
3,2,2,1,4,1,-9.681591678358856,-77.29290798534217,4,4,7,1,2,0,1,0,6691.406451633338,2.0,3,3,1.0,13,29,1198.0,0.45697434339571197,75.68223985065856,67.21001987299101,6.4673827311879934,635.487204833807,15597.51757323402,10979.771274684561,1876.7590139720767,1206.115295282784,7896.8969654297025,2027.8155135754284,8951.955761109135,18.577323026359927,6,2,0,0,4,49.495980325564126,41.70050397336273,57.29145667776553,1.0,0.0,0.0,0.1417086644468939,2,0,0.0,0.8582913355531061,0.1417086644468939,0.8582913355531061,0.0,0.8582913355531061,1.0,0.0,0.0,0.0,13,2,2023,6,7,3,0,0,0,1,0,1,GRAVE_LESIONADOS,1
3,1,23,0,4,0,-3.5515722282736126,-80.37625520470228,6,4,6,1,3,2,2,1,6543.555,2.690235416814813,2,1,1.0,4,30,1389.195210457703,0.5219604410900099,72.40361273371451,66.35582109084872,8.058272356520813,856.5628313860291,4976.733906944297,1009.101,138.47399999999996,287.471,583.156,276.972,732.129,27.447401201663663,5,2,0,0,3,45.66329583540738,41.521883334518506,49.80470833629626,1.0,0.30976458318518707,0.30976458318518707,1.0,2,0,0.0,0.0,0.6902354168148129,1.0,0.30976458318518707,1.0,0.6902354168148129,0.30976458318518707,0.30976458318518707,0.0,13,1,2023,10,16,5,1,0,0,1,0,1,GRAVE_LESIONADOS,1
3,1,12,0,4,1,-7.146089588313324,-79.44792101091015,0,4,6,0,2,2,2,0,6543.555,2.971297460306592,2,0,1.0,0,30,1467.0493965049259,0.502197084093372,78.52936156019926,60.22435043542794,6.3316016470428185,841.9033904134724,24687.836984029476,8931.828000000005,1335.5899999999997,1935.9830000000004,5660.255000000005,1219.309,7712.519000000005,13.651281686122925,8,1,0,0,6,42.028702539693406,28.43053809540112,55.62686698398569,1.0,0.971297460306592,0.0,0.0,1,0,0.0,0.0,0.971297460306592,0.971297460306592,0.971297460306592,0.0,1.0,0.0,0.02870253969340797,0.971297460306592,5,0,2024,2,18,2,0,0,0,1,0,1,GRAVE_LESIONADOS,1