CLASE SINIESTRO,CANTIDAD DE VEHICULOS DAÑADOS,DEPARTAMENTO,ZONA,TIPO DE VÍA,RED VIAL,COORDENADAS LATITUD,COORDENADAS  LONGITUD,CONDICIÓN CLIMÁTICA,ZONIFICACIÓN,CARACTERÍSTICAS DE VÍA,PERFIL LONGITUDINAL VÍA,SUPERFICIE DE CALZADA,¿EXISTE SEÑAL VERTICAL?,¿EXISTE SEÑAL HORIZONTAL?,CAUSA FACTOR PRINCIPAL,MTC_RVN_LONGITUD_KM,MTC_RVN_N_CARRILES_MEDIANA,MTC_RVN_SUPERFICIE_DOMINANTE,MTC_RVN_ESTADO_DOMINANTE,MTC_RVN_ES_CONCESIONADA,MTC_RVN_CONCESION_PRINCIPAL,MTC_RVN_CORREDOR_LOGISTICO,MTC_RVN_N_TRAMOS,IDH_2019,IDH_ESP_VIDA_2019,IDH_EDUC_SECUND_PCT_2019,IDH_ANIOS_EDUC_2019,IDH_INGRESO_PERCAP_2019,IDH_POBLACION_2019,MTC_DEP_RED_TOTAL_KM,MTC_DEP_NACIONAL_TOTAL_KM,MTC_DEP_DEPARTAMENTAL_TOTAL_KM,MTC_DEP_VECINAL_TOTAL_KM,MTC_DEP_PAV_TOTAL_KM,MTC_DEP_NO_PAV_TOTAL_KM,MTC_DEP_PCT_PAVIMENTADA,PER_TOTAL_PERSONAS,PER_N_CONDUCTORES,PER_N_CONDUCTORES_FUGADOS,PER_N_PEATONES,PER_N_PASAJEROS_OCUPANTES,PER_EDAD_COND_PROM,PER_EDAD_COND_MIN,PER_EDAD_COND_MAX,PER_ANY_COND_MASCULINO,PER_ANY_LIC_PROBLEMA,PER_ANY_DOSAJE_POS,PER_ANY_DOSAJE_EVALUADO,VEH_TOTAL,VEH_N_FUGADOS,VEH_ANY_FUGADO,VEH_ANY_CARGA,VEH_ANY_PUBLICO,VEH_ANY_PARTICULAR,VEH_ANY_MOTO,VEH_ANY_AUTO,VEH_ANY_CAMION_BUS,VEH_ANY_SOAT_PROBLEMA,VEH_ANY_CITV_PROBLEMA,VEH_ANY_SEGURO_PROBLEMA,HORA_NUM,FRANJA_HORARIA,ANIO,MES,DIA_MES,DIA_SEMANA,ES_FIN_SEMANA,ES_QUINCENA,REGION_NATURAL,TIENE_SEÑALIZACION,ES_VIA_MULTICARRIL,ES_DEPTO_BAJO_PAVIMENTO,CATEGORIA_SEVERIDAD,CATEGORIA_SEVERIDAD_ENC
3,2,3,0,4,1,-16.006311445094234,-71.27217261685082,2,4,0,0,2,1,1,1,1504.4250000000002,2.0,2,0,1.0,7,25,241.0,0.4612247787772509,81.75777955649092,66.09901870513902,5.935042406564286,618.7158480744721,1598.3320984069692,10322.272,1495.236,1749.739,7077.2970000000005,2886.595,7435.677000000001,27.964725207783708,6,2,0,0,4,36.56172586440614,32.0,41.123451728812285,1.0,0.3904314661015359,0.0,0.0,2,0,0.0,0.3904314661015359,0.0,0.6095685338984641,0.0,0.6095685338984641,1.0,0.0,0.0,0.0,13,3,2021,3,10,4,0,0,0,1,0,1,GRAVE_LESIONADOS,1
3,1,17,0,4,1,-11.221394966218726,-76.00662364757868,0,4,6,1,2,0,1,1,9636.69071352088,2.0,2,0,1.0,9,31,3628.3794728700514,0.39815842430401926,74.77665328623937,82.22923058863441,7.579415759755859,371.73715769926207,3256.5467066139295,3681.1578410557727,576.7533508599971,895.7299261641817,2208.674564031595,637.5061618806285,3043.6516791751446,17.30456114222909,5,2,0,0,3,39.77406254769854,28.548125095397076,51.0,1.0,0.0,0.0,0.908933817917819,2,0,0.0,0.09106618208218098,0.0,1.0,0.0,1.0,0.09106618208218098,0.0,0.0,0.0,14,2,2023,8,15,3,0,1,1,1,0,1,GRAVE_LESIONADOS,1
4,1,9,1,4,1,-9.96442982231393,-76.15213348761696,0,4,3,0,1,2,2,1,8328.743583478463,2.0,2,1,1.0,11,32,2582.6431892817427,0.3787303114482613,73.97506346091107,54.08583151752489,5.138988641155509,514.6926953984699,19038.510998368773,8209.057,1333.4779999999996,791.9770000000001,6083.602,1059.8589999999997,7149.198,12.910849565303296,5,1,0,0,4,46.78688262997689,45.20864191271046,48.36512334724331,1.0,0.0,0.0,0.5260802390888081,1,0,0.0,0.5260802390888081,0.0,1.0,0.0,1.0,0.5260802390888081,0.0,0.4739197609111919,0.0,12,1,2021,3,23,1,0,1,2,1,0,1,GRAVE_LESIONADOS,1
6,1,5,0,4,1,-14.134058654932833,-74.28053562623337,0,4,0,1,2,2,2,2,2480.5059563852146,2.0,2,0,1.0,8,26,426.37118019591685,0.501560246263067,70.46296878370195,70.85663386522599,8.501980448053512,745.0371258598336,13887.531568215474,12598.504663131678,1809.217249262687,1644.5463227742216,9144.741091094771,2311.6570231183646,10286.847640013313,18.314514608817205,5,1,0,0,4,21.486605270142636,21.486605270142636,21.486605270142636,1.0,0.0,0.0,1.0,1,0,0.0,0.806299707214298,0.0,0.193700292785702,0.0,1.0,0.0,0.0,0.0,0.0,8,1,2023,6,24,3,0,1,2,1,0,1,GRAVE_LESIONADOS,1
3,2,10,1,4,1,-15.230320630936538,-75.10171864705565,0,4,5,0,2,1,1,0,1539.4525109976885,2.0,2,0,1.0,5,27,364.4545965129529,0.5563774842369664,77.00938809632027,69.10246351364754,8.476961866273152,914.8835608305218,27932.19700214133,3721.461,698.1859999999996,744.866,2278.409,1102.9029999999996,2618.558,29.636290693359403,5,2,0,0,3,53.04131424693822,33.54131424693822,72.54131424693823,1.0,0.20838367900882537,0.0,1.0,2,0,0.0,1.0,0.7916163209911746,0.20838367900882537,0.0,0.20838367900882537,1.0,0.0,0.7916163209911746,0.7916163209911746,15,1,2022,6,23,1,0,1,0,1,0,1,GRAVE_LESIONADOS,1
4,1,3,0,4,2,-15.688333672645946,-72.41832372309575,3,4,4,1,4,2,2,0,6543.555,2.0,4,4,1.0,14,33,1198.0,0.5198066231261188,75.86382552391207,66.77109880139642,7.858108442974047,855.1535821350952,2052.9397766772095,10322.272,1495.236,1749.739,7077.2970000000005,2886.595,7435.677000000001,27.964725207783708,8,1,0,0,7,41.22607924573734,41.22607924573734,41.22607924573734,1.0,0.6613039622868667,0.0,0.0,1,0,0.0,0.0,0.0,1.0,0.0,0.0,1.0,0.0,0.0,0.0,15,1,2022,5,25,2,0,1,0,1,0,1,GRAVE_LESIONADOS,1
8,1,5,0,4,1,-6.945243968397122,-78.17607473908393,0,3,0,0,1,2,2,0,6543.555,2.0,4,4,1.0,14,33,1198.0,0.44775075594965735,69.31617831785724,63.165854882761394,7.042284356378538,667.4210014323662,28750.854784078816,15935.565011852366,1733.9250000199986,935.692,13265.948011832368,2000.1670000199988,13935.398011832369,12.551591352627522,8,1,0,0,7,23.64176119106567,22.621206937159982,24.662315444971355,1.0,0.0,0.0,0.9112561518342881,1,0,0.0887438481657119,0.0,0.0,1.0,0.0887438481657119,0.0,0.9112561518342881,1.0,1.0,1.0,11,1,2022,8,6,1,0,0,2,1,0,1,GRAVE_LESIONADOS,1
3,1,3,0,4,1,-16.164362200525844,-73.72334076693579,0,4,7,1,2,2,2,0,6639.975,2.0,2,0,1.0,9,31,1616.0,0.6147826756539976,82.65473826928043,53.69464188823657,9.32801034647248,1156.5569745323894,5095.231766302422,10322.272,1495.236,1749.739,7077.2970000000005,2886.595,7435.677000000001,27.964725207783708,4,2,0,0,2,39.31690474715256,34.248835936218505,44.384973558086614,1.0,0.0,0.0,0.0,2,0,0.40375661047834654,0.0,0.0,1.0,0.0,0.40375661047834654,0.5962433895216535,0.0,0.0,0.0,3,0,2021,1,16,2,0,0,0,1,0,1,GRAVE_LESIONADOS,1
3,1,9,0,4,1,-12.131675352024327,-74.53444703679597,0,3,7,1,2,1,1,1,704.2681977338666,1.7922507269878096,2,0,0.0,9,12,182.98598255229257,0.6078089262947125,75.57660231455534,68.03087781896315,9.562255310607235,1113.4218600883273,24168.69157904485,11861.039196258795,1757.6516237987178,1239.3710816744529,8864.016490785623,1858.2068135769305,10002.832382681863,16.071090307798762,6,2,0,0,4,36.92786300470114,23.83099709204876,50.02472891735352,1.0,0.0,0.0,0.0,2,0,0.0,0.0,1.0,0.0,0.7922507269878096,0.7922507269878096,0.20774927301219037,0.0,0.0,0.20774927301219037,9,1,2022,7,22,2,0,1,1,1,0,1,GRAVE_LESIONADOS,1
6,1,2,0,4,1,-13.697073559126823,-74.62893550390126,0,4,4,0,2,0,0,0,6606.107179688359,2.0,2,1,1.0,10,31,1469.1762197649214,0.5874118171377801,80.1109280253661,62.29296691100698,8.837821171367446,1017.6045217329142,4822.781669453474,10478.711684081289,1632.163927697847,1564.6223133685871,7281.925443014855,2610.4215768961935,7868.290107185096,24.993590277731542,5,1,0,0,4,33.83872243512989,31.24373468618327,35.78496324683985,1.0,0.0,0.0,0.6487469372366542,1,0,0.0,0.0,0.0,1.0,0.0,0.6487469372366542,0.3512530627633458,0.0,0.3512530627633458,0.0,9,1,2021,5,14,2,0,0,0,1,0,1,GRAVE_LESIONADOS,1
3,4,5,0,4,0,-6.677485897235932,-77.88146046041928,0,4,6,0,2,0,1,2,7601.854729048087,2.0,2,0,1.0,9,21,2012.5598883375471,0.587353510686017,74.89851509875078,69.6709133821469,8.931987056502168,1050.981696405512,101369.59856383069,16173.040707284283,1780.7415527682967,1183.9700800659607,13208.329074450026,2113.3351051945365,14059.705602089747,13.020461892854367,5,2,0,0,2,41.27627694032802,39.098309324452224,43.45424455620381,1.0,0.8711870463503177,0.8711870463503177,1.0,2,0,0.0,0.0,0.8711870463503177,0.12881295364968226,0.8711870463503177,0.0,0.12881295364968226,0.8711870463503177,0.8711870463503177,0.8711870463503177,4,0,2023,2,15,5,0,0,2,1,0,1,GRAVE_LESIONADOS,1
3,1,16,0,4,1,-13.401614550259783,-72.265203386296,3,3,5,1,2,1,1,1,1349.1012065187397,2.0,2,0,1.0,7,22,219.35541689653422,0.5837866496208652,73.46691552312014,77.73589420813909,10.002670581745667,945.7990429819624,239012.30073392703,14219.481415671262,1948.5832413822245,1997.1260954821691,10273.77207880687,2983.3718480178577,11236.109567653404,21.337496266698807,4,1,0,0,3,37.72141961908234,33.2315068123474,42.21133242581729,1.0,0.0,0.0,0.0,1,0,0.0,0.0,0.0,1.0,0.0,1.0,0.7483188011224908,0.0,0.25168119887750917,0.0,17,1,2022,10,26,4,0,1,2,1,0,1,GRAVE_LESIONADOS,1
5,1,1,0,4,1,-8.610317208710754,-77.65930728152661,0,4,4,0,6,1,1,0,6988.911195313448,2.0,3,3,1.0,13,32,1543.4309692277025,0.24432166036348696,72.8867011000524,38.57275064160286,4.854991047902368,193.30922264517272,2140.252170446873,10767.648,1885.0630000000003,1222.721,7659.864000000001,2100.343,8667.305000000002,19.506051832303577,5,1,0,0,4,33.55923400453655,30.868757230536588,36.24971077853651,1.0,0.13124276946341284,0.0,0.0,1,0,0.0,0.0,1.0,0.13124276946341284,0.13124276946341284,0.8687572305365872,0.13124276946341284,0.0,1.0,0.13124276946341284,5,0,2024,1,24,3,0,1,0,1,0,1,GRAVE_LESIONADOS,1
3,2,11,0,4,1,-12.07140938809958,-76.0389001871868,0,4,0,0,2,2,2,2,1541.471535244452,2.0,2,1,0.46344532898920066,9,21,520.5004389971361,0.22696474444238923,75.68744632646958,51.29274878977924,5.656378398127864,170.2756058289429,2556.313476351291,8036.514485477618,1573.09837724728,1788.8328113840353,4674.583296846303,1844.8617665669171,6191.652718910701,23.002949579253556,8,2,0,0,6,49.5365546710108,36.24411730292441,62.828992039097194,1.0,0.0,0.0,1.0,2,0,0.0,0.46344532898920066,0.5365546710107993,0.46344532898920066,0.0,0.0,1.0,0.0,0.0,0.0,12,3,2022,6,8,0,0,0,0,1,0,1,GRAVE_LESIONADOS,1
3,1,20,1,4,1,-15.817478527612346,-70.01871355561498,0,0,5,1,2,0,0,2,6802.434424189893,2.0,3,3,1.0,12,26,1198.0,0.6488901960567479,69.67312345830231,82.12448375199249,11.701623814093702,1230.336353415943,144745.3597430407,13642.312999999998,2020.7790000000005,2354.117,9267.416999999998,3314.0520000000006,10328.260999999997,24.29244952817019,4,1,0,0,2,31.390948077138123,29.511257466215145,33.2706386880611,1.0,0.0,0.0,0.0,1,0,0.0,0.0,0.7518762443691909,0.7518762443691909,0.0,0.7518762443691909,1.0,0.0,0.24812375563080913,0.0,6,1,2022,8,9,5,0,0,2,1,0,1,GRAVE_LESIONADOS,1
6,1,1,1,4,2,-7.278401347979287,-77.71354924507162,0,4,0,0,6,2,2,0,6557.060024813389,2.0,3,3,1.0,13,32,1256.5469858120355,0.3189046188329505,74.43046216480367,29.72537630846348,4.8771976629890315,442.88268748386855,1832.9660635564294,3878.202292701087,1091.1206005693243,607.4070396844073,2179.674652447356,965.9049650805908,2912.297327620497,24.936932744073115,7,1,0,0,6,30.641678543332347,30.641678543332347,30.641678543332347,1.0,0.0,0.0,0.0,1,0,0.0,0.0,1.0,0.0,0.0,0.0,1.0,0.0,0.0,0.0,9,0,2023,8,12,5,0,0,0,1,0,1,GRAVE_LESIONADOS,1
4,1,20,0,5,1,-14.3474040474329,-69.69751992005102,0,4,5,1,2,2,2,3,6543.555,2.0,4,4,1.0,14,33,1198.0,0.3756155261065842,69.49722339903428,73.6908864682225,6.223150598702512,403.278576728934,9769.17047867255,13642.312999999998,2020.7790000000005,2354.117,9267.416999999998,3314.0520000000006,10328.260999999997,24.29244952817019,4,1,0,0,3,53.28103884622883,47.08964769217915,59.47243000027851,1.0,0.0,0.0,0.0,1,0,0.0,0.6517253846368085,0.6517253846368085,0.3482746153631915,0.0,0.0,1.0,0.6517253846368085,1.0,0.6517253846368085,15,2,2021,2,13,2,0,0,2,1,0,1,GRAVE_LESIONADOS,1
6,1,11,0,4,1,-11.86834027181535,-76.33445765462501,0,4,4,1,2,2,2,0,1235.7399385266367,1.6104508355184777,1,0,0.0,9,24,478.6838203969029,0.45605912416295397,70.85091373861712,59.122314188422415,6.619510671700539,889.4141786687615,25585.735849875684,7971.108029621733,1590.6864033617526,1758.577283061163,4621.844343198818,1840.0803891386124,6131.027640483121,23.129646927480376,5,1,0,0,4,30.634220756853285,30.634220756853285,30.634220756853285,1.0,0.6104508355184776,0.0,0.6104508355184776,1,0,0.0,0.0,0.0,1.0,0.0,0.38954916448152244,0.6104508355184776,0.0,0.0,0.0,16,3,2021,4,6,0,0,0,0,1,0,1,GRAVE_LESIONADOS,1
4,1,14,2,4,1,-12.005880035055315,-76.85707657041009,0,0,3,1,2,2,2,2,875.67,2.0,2,0,1.0,3,14,156.0,0.6868549636939637,79.62363164345142,76.30894566128948,9.209137883551294,1425.4498631666322,684921.8484148846,7626.313,1683.4029999999998,1599.0829999999996,4343.827000000001,1814.875,5811.438000000001,23.797541485643197,7,2,0,0,5,39.33887238738104,37.36146387987311,41.31628089488897,1.0,0.4887042537539654,0.0,0.0,2,0,0.0,0.4887042537539654,0.4887042537539654,0.5112957462460346,0.0,0.5112957462460346,0.4887042537539654,0.0,0.0,0.0,12,1,2023,5,24,4,0,1,0,1,0,1,GRAVE_LESIONADOS,1
6,1,4,0,4,1,-13.457299332759305,-74.78011385357394,0,4,0,0,2,2,2,4,1719.2384069804098,2.0,2,2,1.0,8,24,300.81527205136473,0.2671286498990036,77.51857864894956,43.18928017525644,4.178757338957112,241.51247067150638,3865.079527029174,12678.733000000004,1805.074000000001,1774.0339999999994,9099.625000000004,2485.375000000001,10193.358000000002,19.602707936195205,8,1,0,0,6,32.560320074349875,32.560320074349875,32.560320074349875,1.0,0.0,0.0,1.0,1,0,0.9290763602568237,0.0,0.07092363974317628,0.9290763602568237,0.0,0.0,1.0,0.0,0.0,0.9290763602568237,11,2,2022,1,21,4,0,0,2,1,0,1,GRAVE_LESIONADOS,1
3,1,5,0,4,1,-5.5917043284773,-78.78534539480034,6,4,6,0,2,1,0,1,7758.33400008,2.0,2,0,1.0,9,20,2133.0,0.4823525101155781,74.68609013731242,51.19107770858362,5.880567124588062,905.9911705096852,13071.734475374731,15935.565011852366,1733.9250000199986,935.692,13265.948011832368,2000.1670000199988,13935.398011832369,12.551591352627522,5,1,0,0,3,21.136958476223036,19.38836535577869,22.885551596667383,1.0,0.8742965602221743,0.0,0.8742965602221743,1,0,0.0,0.12570343977782572,0.0,0.8742965602221743,0.8742965602221743,0.0,0.12570343977782572,0.0,0.8742965602221743,0.0,9,1,2021,6,6,4,0,0,2,1,0,1,GRAVE_LESIONADOS,1
3,2,3,0,4,1,-16.019096094086326,-71.2837740911022,1,4,0,0,2,2,2,1,1504.4250000000002,2.0,2,0,1.0,7,25,241.0,0.4685280505645348,81.83746865987648,70.74305753660312,6.037751599761188,617.4715908037651,1751.8736616702354,10322.272,1495.236,1749.739,7077.2970000000005,2886.595,7435.677000000001,27.964725207783708,5,2,0,0,3,35.403576476867556,31.596423523132447,39.21072943060266,1.0,0.0,0.0,0.13452549228918453,2,0,0.0,0.13452549228918453,0.0,1.0,0.0,1.0,1.0,0.0,0.0,0.0,14,3,2021,4,11,4,0,0,0,1,0,1,GRAVE_LESIONADOS,1
6,1,20,1,6,3,-14.327655598868741,-69.52701155348655,1,4,4,1,3,2,2,4,6543.555,2.0,4,4,1.0,14,33,1198.0,0.3698232065048437,70.39302976457806,69.03594046005053,5.970387050478466,401.4080441034789,10869.980159788027,13642.312999999998,2020.7790000000005,2354.117,9267.416999999998,3314.0520000000006,10328.260999999997,24.29244952817019,4,1,0,0,3,51.60476378158862,49.96326208870522,53.246265474472025,1.0,0.0,0.0,0.0,1,0,0.0,0.1727896518824632,0.1727896518824632,0.8272103481175368,0.0,0.0,1.0,0.1727896518824632,1.0,0.1727896518824632,13,2,2021,1,16,0,0,0,2,1,0,1,GRAVE_LESIONADOS,1
3,2,20,0,4,0,-14.43819433762027,-70.10178647874945,0,4,2,1,2,1,1,2,3471.952697996777,2.0,2,1,1.0,8,25,691.8207530760621,0.33650248412054173,68.63014441188645,68.18352866829605,6.095088086960333,322.5644658895843,8710.417289742429,13642.312999999998,2020.7790000000005,2354.117,9267.416999999998,3314.0520000000006,10328.260999999997,24.29244952817019,8,2,0,0,6,37.7986542893117,34.079889343011494,41.5174192356119,1.0,0.6423594504110887,0.0,0.6423594504110887,2,0,0.0,0.35764054958891134,0.35764054958891134,0.6423594504110887,0.0,0.0,1.0,0.35764054958891134,1.0,0.35764054958891134,16,2,2021,3,9,1,0,0,2,1,0,1,GRAVE_LESIONADOS,1
5,1,14,1,2,4,-11.989948502051236,-77.01375359277282,0,1,5,0,1,2,2,0,6543.555,2.0,4,4,1.0,14,33,1198.0,0.7125654308629968,80.02913663681531,76.77699697964968,10.617945821353787,1444.2261074154849,507514.2182502138,7626.313,1683.4029999999998,1599.0829999999996,4343.827000000001,1814.875,5811.438000000001,23.797541485643197,7,1,0,0,5,27.45371932945337,27.45371932945337,27.45371932945337,1.0,0.2907438658906739,0.0,0.2907438658906739,1,0,0.0,0.2907438658906739,0.0,0.7092561341093261,0.0,0.0,1.0,0.2907438658906739,0.2907438658906739,0.0,18,2,2022,8,24,0,0,1,0,1,0,1,GRAVE_LESIONADOS,1
6,1,4,1,4,1,-13.563345313656033,-74.2854248981878,0,3,4,0,2,1,0,4,2982.014395796487,1.3852290468437376,2,1,0.3852290468437377,7,17,726.0823274373247,0.23230420239775568,73.78462431658474,41.9626324114453,3.363289484965797,303.90747583058055,3578.6243704933,12678.733000000004,1805.074000000001,1774.0339999999994,9099.625000000004,2485.375000000001,10193.358000000002,19.602707936195205,18,1,0,0,17,51.77045809368747,51.77045809368747,51.77045809368747,1.0,0.0,0.0,1.0,1,0,0.0,0.0,0.3852290468437377,0.0,0.0,0.0,1.0,0.0,0.6147709531562623,0.0,9,1,2023,7,24,1,0,0,2,1,0,1,GRAVE_LESIONADOS,1
3,1,8,1,2,3,-13.755832486792665,-71.72423811398276,0,3,0,1,2,0,1,2,6644.993416116958,2.0,3,3,1.0,13,30,1198.0,0.6775434804717804,76.75211057603386,82.60791805650773,11.108298161355354,1244.0593484583046,132553.7616452561,17376.936815456385,2089.924423041354,2813.63542496844,12473.376967446588,2921.038378142231,14455.89843731415,16.9791284509903,5,1,0,0,3,42.60413293140863,32.22220838211636,52.98605748070089,1.0,0.9027760477645449,0.0,0.0,1,0,0.0,0.0,0.0,0.9027760477645449,0.0,0.9027760477645449,1.0,0.0,1.0,0.0,18,1,2021,7,20,4,0,0,2,1,0,1,GRAVE_LESIONADOS,1
6,1,14,0,4,1,-10.675782482137052,-77.83002320652466,0,4,0,0,2,1,0,0,6543.555,3.0,2,0,1.0,0,30,1475.0,0.6260823082855455,82.06500746738702,71.99969198306773,8.891785772692389,1097.0561839197821,20538.694481574996,7626.313,1683.4029999999998,1599.0829999999996,4343.827000000001,1814.875,5811.438000000001,23.797541485643197,39,1,0,0,38,53.132705458469495,53.132705458469495,53.132705458469495,1.0,0.0,0.0,0.03770845832741321,1,0,0.0,0.0,0.9622915416725868,0.03770845832741321,0.0,0.03770845832741321,0.9622915416725868,0.0,0.0,0.0,12,3,2022,1,23,5,0,1,0,1,1,1,GRAVE_LESIONADOS,1
4,1,14,2,4,4,-12.16589601810845,-76.94236129308216,0,0,4,0,5,2,2,0,6543.555,2.0,4,4,1.0,14,33,1198.0,0.689811994580126,79.88015655965044,73.89553442371854,9.755251380104111,1409.8432274455126,452660.364025696,7626.313,1683.4029999999998,1599.0829999999996,4343.827000000001,1814.875,5811.438000000001,23.797541485643197,4,1,0,0,3,49.771176379718185,44.575220667746585,54.96713209168979,1.0,0.3463970474647735,0.0,0.0,1,0,0.0,0.0,0.6536029525352265,0.3463970474647735,0.6536029525352265,0.3463970474647735,0.0,0.6536029525352265,0.6536029525352265,0.3463970474647735,7,1,2024,9,17,2,0,0,0,1,0,1,GRAVE_LESIONADOS,1
5,1,8,0,4,1,-12.651182123718437,-74.53530538188362,0,4,0,0,1,1,0,1,6712.41127353658,2.0,3,3,1.0,13,28,1198.0,0.2608024207481221,69.60562834327084,60.72781250891405,4.398974990677246,216.9540559935033,3373.6418432322325,8511.426,1445.3929999999996,2008.516,5057.516999999999,1879.579,6631.846999999998,22.08300935706896,4,1,0,0,3,26.780248784588046,26.780248784588046,26.780248784588046,1.0,0.0,0.0,0.0,1,0,0.0,0.0,0.0,1.0,0.0,0.8381592014010867,0.16184079859891332,0.0,0.0,0.0,18,2,2022,9,6,5,0,0,2,1,0,1,GRAVE_LESIONADOS,1
3,2,3,0,4,1,-16.017429062974454,-71.29048769604123,0,4,3,0,2,0,1,0,1504.4250000000002,2.0,2,0,1.0,7,25,241.0,0.45964665222248335,81.74055994672679,65.09551216522553,5.9128485036227305,618.9847132484731,1565.1540892483652,10322.272,1495.236,1749.739,7077.2970000000005,2886.595,7435.677000000001,27.964725207783708,6,2,0,0,4,40.57560660069239,33.57560660069239,47.57560660069239,1.0,1.0,0.0,0.5252022002307971,2,0,0.0,0.4747977997692029,0.0,0.5252022002307971,0.0,0.5252022002307971,0.4747977997692029,0.0,0.5252022002307971,0.0,11,1,2023,7,13,6,1,0,0,1,0,1,GRAVE_LESIONADOS,1
3,2,6,0,4,1,-12.064999007389591,-73.60070219859104,0,4,0,0,1,1,1,2,386.45179312259836,2.0,2,0,0.20832694686003972,8,5,105.91627070532246,0.3606317402277601,74.3221689523042,57.3124172864378,5.787882929878133,435.3655726176355,5708.609645327415,17395.06969303848,2021.6554044677553,2461.587184486607,12911.827104084115,2695.688194148066,14699.381498890412,15.433228343253926,5,2,0,0,3,35.4791826328499,33.54171137197972,37.41665389372008,1.0,0.7916730531399603,0.0,0.0,2,0,0.0,1.0,0.0,0.20832694686003972,0.0,1.0,1.0,0.0,0.7916730531399603,0.0,19,1,2021,5,6,3,0,0,2,1,0,1,GRAVE_LESIONADOS,1
4,1,16,1,5,2,-13.92228390128734,-73.61543655475833,0,3,3,1,2,1,1,0,7039.470394619095,2.0,3,2,1.0,11,19,1198.0,0.6475367406039019,73.78961835163103,76.23111219428039,10.430499825854566,1255.9904318607362,142768.46750631754,10485.78751284564,1843.761722281551,1957.9594094634133,6684.066381100675,2527.4512004229373,7958.336312422702,24.032777013204413,5,1,0,0,3,28.148130472560865,27.623442060467386,28.67281888465434,1.0,0.5246884120934774,0.0,0.0,1,0,0.0,0.0,0.5246884120934774,0.0,0.5246884120934774,0.0,1.0,0.5246884120934774,1.0,0.5246884120934774,5,0,2021,7,10,0,0,0,0,1,0,1,GRAVE_LESIONADOS,1
6,1,20,0,4,0,-16.2354743372646,-69.28154649978792,0,4,0,0,2,1,1,2,7122.69932204477,2.0,2,1,1.0,11,17,1198.0,0.4150514552266331,73.4681537912897,74.36050682934263,6.967328518909416,455.96374449736555,21545.027650170945,13642.312999999998,2020.7790000000005,2354.117,9267.416999999998,3314.0520000000006,10328.260999999997,24.29244952817019,5,1,0,0,4,39.8898347971247,39.8898347971247,39.8898347971247,1.0,0.0,0.0,0.0,1,0,0.0,0.0,0.0,1.0,0.0,0.0,1.0,0.4449173985623489,1.0,0.4449173985623489,2,0,2022,7,6,2,0,0,2,1,0,1,GRAVE_LESIONADOS,1
6,1,4,0,6,2,-13.817378696293636,-74.46808143472188,3,4,2,0,7,2,2,4,6543.555,2.0,4,4,1.0,14,33,1198.0,0.31054106555578204,77.49532102598684,39.868680147795175,4.515198812123783,384.3575598566519,2132.7296549378757,12678.733000000004,1805.074000000001,1774.0339999999994,9099.625000000004,2485.375000000001,10193.358000000002,19.602707936195205,4,1,0,0,3,30.287712178932217,30.287712178932217,30.287712178932217,1.0,0.0,0.0,0.7424575642135566,1,0,0.0,1.0,0.0,0.0,0.0,0.0,1.0,0.0,0.2575424357864434,0.0,12,1,2021,4,21,1,0,0,2,1,0,1,GRAVE_LESIONADOS,1
6,1,1,0,4,0,-8.985492475446403,-77.57085694113222,1,4,5,0,3,1,0,0,6543.555,2.0,4,4,1.0,14,33,1198.0,0.2432248369007214,82.28303900222485,48.509899249378805,3.6991558665894884,184.70449863327445,2641.4644178393623,10767.648,1885.0630000000003,1222.721,7659.864000000001,2100.343,8667.305000000002,19.506051832303577,6,1,0,0,5,35.68070206175591,35.68070206175591,35.68070206175591,1.0,0.0,0.0,0.0,1,0,0.0,0.0,0.2198829897073491,0.7801170102926509,0.0,0.2198829897073491,0.7801170102926509,0.0,0.2198829897073491,0.0,15,1,2023,1,16,5,0,1,0,1,0,1,GRAVE_LESIONADOS,1