CLASE SINIESTRO,CANTIDAD DE VEHICULOS DAÑADOS,DEPARTAMENTO,ZONA,TIPO DE VÍA,RED VIAL,COORDENADAS LATITUD,COORDENADAS  LONGITUD,CONDICIÓN CLIMÁTICA,ZONIFICACIÓN,CARACTERÍSTICAS DE VÍA,PERFIL LONGITUDINAL VÍA,SUPERFICIE DE CALZADA,¿EXISTE SEÑAL VERTICAL?,¿EXISTE SEÑAL HORIZONTAL?,CAUSA FACTOR PRINCIPAL,MTC_RVN_LONGITUD_KM,MTC_RVN_N_CARRILES_MEDIANA,MTC_RVN_SUPERFICIE_DOMINANTE,MTC_RVN_ESTADO_DOMINANTE,MTC_RVN_ES_CONCESIONADA,MTC_RVN_CONCESION_PRINCIPAL,MTC_RVN_CORREDOR_LOGISTICO,MTC_RVN_N_TRAMOS,IDH_2019,IDH_ESP_VIDA_2019,IDH_EDUC_SECUND_PCT_2019,IDH_ANIOS_EDUC_2019,IDH_INGRESO_PERCAP_2019,IDH_POBLACION_2019,MTC_DEP_RED_TOTAL_KM,MTC_DEP_NACIONAL_TOTAL_KM,MTC_DEP_DEPARTAMENTAL_TOTAL_KM,MTC_DEP_VECINAL_TOTAL_KM,MTC_DEP_PAV_TOTAL_KM,MTC_DEP_NO_PAV_TOTAL_KM,MTC_DEP_PCT_PAVIMENTADA,PER_TOTAL_PERSONAS,PER_N_CONDUCTORES,PER_N_CONDUCTORES_FUGADOS,PER_N_PEATONES,PER_N_PASAJEROS_OCUPANTES,PER_EDAD_COND_PROM,PER_EDAD_COND_MIN,PER_EDAD_COND_MAX,PER_ANY_COND_MASCULINO,PER_ANY_LIC_PROBLEMA,PER_ANY_DOSAJE_POS,PER_ANY_DOSAJE_EVALUADO,VEH_TOTAL,VEH_N_FUGADOS,VEH_ANY_FUGADO,VEH_ANY_CARGA,VEH_ANY_PUBLICO,VEH_ANY_PARTICULAR,VEH_ANY_MOTO,VEH_ANY_AUTO,VEH_ANY_CAMION_BUS,VEH_ANY_SOAT_PROBLEMA,VEH_ANY_CITV_PROBLEMA,VEH_ANY_SEGURO_PROBLEMA,HORA_NUM,FRANJA_HORARIA,ANIO,MES,DIA_MES,DIA_SEMANA,ES_FIN_SEMANA,ES_QUINCENA,REGION_NATURAL,TIENE_SEÑALIZACION,ES_VIA_MULTICARRIL,ES_DEPTO_BAJO_PAVIMENTO,CATEGORIA_SEVERIDAD,CATEGORIA_SEVERIDAD_ENC
6,1,4,0,4,2,-13.450196722423962,-74.01163124453633,2,4,1,0,4,2,2,1,6543.555,2.0,4,4,1.0,14,33,1198.0,0.3161062750918866,71.71379252203005,56.4372677410602,5.321026638492873,353.9277700085986,2769.143045555697,8415.121759301031,1342.4642302779762,1559.7516933316738,5512.905835691382,1597.2794365130321,6817.842322787999,18.960224399420934,6,1,0,0,5,28.73872350452556,28.73872350452556,28.73872350452556,1.0,0.6316896179132683,0.0,0.0,1,0,0.0,0.0,0.0,1.0,0.0,0.6316896179132683,0.3683103820867317,0.6316896179132683,0.6316896179132683,0.6316896179132683,19,2,2021,10,19,2,0,0,2,1,0,1,GRAVE_LESIONADOS,1
6,1,5,0,4,2,-5.904219304376784,-78.81977721942705,0,4,2,0,1,2,2,1,6543.555,2.0,4,4,1.0,14,33,1198.0,0.30271960541487924,77.46355045178838,37.82776027908057,4.340955858575321,341.9362430144612,20554.276711262286,15935.565011852366,1733.9250000199986,935.692,13265.948011832368,2000.1670000199988,13935.398011832369,12.551591352627522,5,1,0,0,4,39.9079175923563,39.9079175923563,39.9079175923563,1.0,0.0,0.0,0.6359725307854337,1,0,0.0,0.3640274692145663,0.0,0.6359725307854337,0.0,0.0,1.0,0.0,0.6359725307854337,0.0,14,3,2023,8,10,2,0,0,2,1,0,1,GRAVE_LESIONADOS,1
6,1,14,2,2,3,-11.944292954370844,-77.11485725066836,0,2,6,1,2,2,2,0,6313.663293107413,2.0,3,3,1.0,13,32,1155.7360587622939,0.7397613407204544,80.29005005470746,78.89513264540021,11.008150287490842,1549.4449907595356,737205.9267468281,7626.313,1683.4029999999998,1599.0829999999996,4343.827000000001,1814.875,5811.438000000001,23.797541485643197,4,1,0,0,3,49.202802021294175,49.16224161703534,49.24336242555301,1.0,0.0,0.0,0.0,1,0,0.0,0.0,0.9594395957411649,0.040560404258835114,0.9594395957411649,0.040560404258835114,0.0,0.0,0.9594395957411649,0.0,10,1,2023,11,22,6,1,1,0,1,0,1,GRAVE_LESIONADOS,1
4,1,14,0,3,2,-12.953204553106154,-72.7638825458857,3,4,3,1,4,2,2,0,6112.64181517031,2.0,3,2,0.44394496032671893,11,32,734.8061519521568,0.48247778485340176,76.28641283470752,64.84556495147848,7.750942542603463,663.8868693740491,63261.20030864704,12876.198160099422,1912.7291649658864,1659.838910674814,9303.63008445872,2354.5701321631186,10521.628027936302,17.986681095454486,6,2,0,0,3,41.65917440490078,30.654679047841256,53.99550464294047,1.0,0.5560550396732811,0.44394496032671893,0.44394496032671893,2,0,0.0,0.5560550396732811,0.44394496032671893,1.0,1.0,0.44394496032671893,0.5560550396732811,0.0,1.0,1.0,14,2,2022,2,18,3,0,0,2,1,0,1,GRAVE_LESIONADOS,1
3,2,16,2,2,4,-15.284654515897351,-70.47890585363605,0,0,5,1,2,0,1,2,6543.555,2.0,4,4,1.0,14,33,1198.0,0.656663289092767,71.59351850516262,82.25563031695063,11.54066580898025,1234.0591418981298,141438.0102294849,14655.445664011295,2039.5368428542515,2478.7756400814396,10137.133181075602,3207.434852629608,11448.010811381686,22.308484119116596,11,2,0,0,9,38.8367952452639,33.755093967298144,43.918496523229656,1.0,0.24490603270185352,0.0,0.0,2,0,0.0,0.0,0.7550939672981465,1.0,0.0,1.0,1.0,0.0,0.24490603270185352,0.0,16,2,2021,8,14,5,1,0,2,1,0,1,GRAVE_LESIONADOS,1
2,1,12,0,4,1,-14.48913051570182,-74.65236327495751,0,4,5,1,2,2,2,4,438.22613481233816,-0.5016227627488781,1,0,0.750811381374439,12,31,55.119367598715314,0.5751574842101944,80.41871182480308,71.56518224593862,9.251604147528118,884.0956225729497,4121.852740167535,3454.6076493886912,681.3625287907321,680.6986847608249,2092.546435837134,1094.3805000543869,2360.227149334304,32.29846832017068,5,1,0,0,2,42.01298210199103,39.76054795786771,44.26541624611434,1.0,0.0,0.0,0.24918861862556096,1,0,0.0,0.0,0.0,1.0,0.0,1.0,0.0,0.0,0.0,0.0,15,1,2022,1,27,3,0,1,0,1,0,1,GRAVE_LESIONADOS,1
8,1,5,0,4,0,-9.0129201249127,-76.84637099866045,5,4,1,0,2,0,1,1,6543.555,2.0,4,4,1.0,14,33,1198.0,0.3306563009013558,76.88841663427837,41.64753944888603,4.393567624849865,419.6896304184555,26973.950441130455,16425.114301480095,1830.4359718020314,1447.5100936594963,13147.168236018566,2233.4597813968367,14191.654520083257,13.518154433863879,6,1,0,0,5,43.502586086296276,43.502586086296276,43.502586086296276,1.0,0.2655441848032414,0.0,0.2655441848032414,1,0,0.0,0.2655441848032414,0.7344558151967586,0.0,0.0,0.7344558151967586,0.2655441848032414,0.0,0.0,0.0,8,1,2022,8,16,3,0,1,2,1,0,1,GRAVE_LESIONADOS,1
3,2,7,0,4,0,-13.195025672999675,-71.92718344322402,2,4,2,0,2,2,2,4,4667.836715602953,2.0,2,1,1.0,8,24,836.5783563170653,0.25638014417384936,71.6718835817016,57.96462639973866,4.312350382337204,209.43472072697293,17389.046403360026,17779.13499998999,2097.3709999899997,2863.123,12818.640999999989,2878.713,14900.421999989989,16.19152450331032,8,2,0,0,5,33.99794144959858,29.43121813623039,37.56569403816748,1.0,0.4281303106282679,0.0,0.0,2,0,0.0,0.0,0.0,1.0,0.4281303106282679,0.5718696893717321,0.0,0.0,0.0,0.0,5,0,2021,4,12,2,0,0,2,1,0,1,GRAVE_LESIONADOS,1
6,1,5,1,4,2,-6.848244141013225,-78.50679960367022,0,4,6,0,1,2,2,0,6543.555,2.0,4,4,1.0,14,33,1198.0,0.2787832446449395,76.6302139673737,44.82684454743621,3.548077185984384,299.2159549691333,20782.33618843683,15935.565011852366,1733.9250000199986,935.692,13265.948011832368,2000.1670000199988,13935.398011832369,12.551591352627522,6,1,0,0,5,38.105697106681355,38.105697106681355,38.105697106681355,1.0,0.0,0.0,0.0,1,0,0.0,0.8943028933186481,0.0,0.1056971066813519,0.0,0.1056971066813519,0.8943028933186481,0.0,0.0,0.0,14,3,2022,7,12,2,0,0,2,1,0,1,GRAVE_LESIONADOS,1
3,2,19,1,2,2,-5.182874820956299,-80.58988054596202,0,3,3,1,2,2,2,0,4054.2911463397027,2.0,3,2,1.0,7,26,706.1703603620574,0.6220812987247925,80.20155828147696,72.71675503872983,10.02377668600292,1028.915688621886,159840.92719486082,8965.846000060003,1782.4120000599992,636.9959999999999,6546.438000000004,2214.505000059999,6751.341000000004,24.699342371541725,5,2,0,0,3,34.400790877827795,27.248022805430505,41.55355895022509,1.0,1.0,0.47519771945694944,1.0,2,0,0.0,0.47519771945694944,0.5248022805430506,1.0,1.0,0.5248022805430506,0.0,1.0,1.0,0.47519771945694944,18,2,2022,2,27,4,0,1,0,1,0,1,GRAVE_LESIONADOS,1
3,1,5,0,4,1,-7.255984693691044,-78.54463622443424,0,4,6,0,1,1,1,2,887.28,2.0,2,0,1.0,8,17,155.0,0.30195077537102333,71.98602572528576,39.931406196426394,4.652014733781302,352.81228338070207,5011.542863250572,15935.565011852366,1733.9250000199986,935.692,13265.948011832368,2000.1670000199988,13935.398011832369,12.551591352627522,9,2,0,0,7,37.75302878304146,36.506057566082916,39.0,1.0,0.9451175073425461,0.0,0.9451175073425461,2,0,0.0,0.05488249265745393,0.0,1.0,0.0,1.0,0.05488249265745393,0.0,0.9451175073425461,0.0,5,0,2021,9,4,0,0,0,2,1,0,1,GRAVE_LESIONADOS,1
8,1,5,0,4,1,-8.171117325719093,-77.00854886495755,0,3,1,0,2,2,2,0,6543.555,2.0,4,4,1.0,14,33,1198.0,0.4878943675562023,70.40781050669882,68.91313633148677,7.84762283338213,733.8819644714349,29397.12736895209,16330.933767143526,1811.8689856285143,1349.0454394044982,13170.019342110514,2188.5784195555348,14142.355347587993,13.332204970981271,7,1,0,0,6,24.7879569812141,24.7879569812141,24.7879569812141,1.0,0.2144582293241616,0.0,0.7855417706758384,1,0,0.0,0.0,0.0,0.7855417706758384,0.0,0.0,0.7855417706758384,1.0,1.0,0.7855417706758384,11,1,2022,7,5,0,0,0,2,1,0,1,GRAVE_LESIONADOS,1
6,1,8,0,4,1,-12.14674409258541,-75.02781512764491,0,4,7,1,2,2,2,0,7509.529245308877,2.0,2,0,1.0,9,7,1198.0,0.49564842229707173,75.90703239593768,72.7100806309359,8.107285751022653,663.6244142928247,10034.79035929998,8542.602636385614,1437.2501077086936,2003.1370175808922,5102.2155110960275,1830.6139672305808,6711.988669155032,21.45771997286145,5,1,0,0,4,23.741591057740308,23.741591057740308,23.741591057740308,1.0,0.0,0.0,0.0,1,0,0.0,0.07415910577403073,0.0,0.9258408942259693,0.0,0.9258408942259693,0.07415910577403073,0.0,0.0,0.0,5,0,2023,11,5,0,0,0,1,1,0,1,GRAVE_LESIONADOS,1
5,2,3,0,4,1,-16.031238344272182,-71.31597464579123,0,4,0,0,2,0,1,0,1504.4250000000002,2.0,2,0,1.0,7,25,241.0,0.46649762542027984,81.81531382791214,69.45194124120259,6.009196818495039,617.8175140176272,1709.1866770121042,10322.272,1495.236,1749.739,7077.2970000000005,2886.595,7435.677000000001,27.964725207783708,4,2,0,0,2,36.22863468286187,30.80599260459224,41.651276761131506,1.0,0.0,0.0,0.0,2,0,0.0,0.8914538731447493,0.0,1.0,0.0,1.0,1.0,0.0,0.0,0.0,5,0,2023,5,5,1,0,0,0,1,0,1,GRAVE_LESIONADOS,1
6,1,5,0,4,2,-6.704275114885283,-78.32015763958879,0,4,0,0,2,2,2,0,6543.555,2.0,4,4,1.0,14,33,1198.0,0.20196027488684343,72.6261598116554,40.53218855290886,3.2817237754255313,161.26757335793394,9030.019245165853,15935.565011852366,1733.9250000199986,935.692,13265.948011832368,2000.1670000199988,13935.398011832369,12.551591352627522,6,1,0,0,5,28.523188020377834,27.913912812226698,28.980144426491183,0.8476811979622166,0.8476811979622166,0.0,0.8476811979622166,1,0,0.0,1.0,0.0,0.0,0.8476811979622166,0.0,0.15231880203778336,0.8476811979622166,1.0,0.8476811979622166,11,1,2024,3,4,4,0,0,2,1,0,1,GRAVE_LESIONADOS,1
3,1,4,0,4,0,-13.355116340428058,-74.0975421358046,2,4,0,1,2,2,2,1,7579.1716618758255,2.0,2,0,1.0,9,5,1198.0,0.3247105000277732,68.59883371556761,46.75773273692958,5.136475945823185,385.72665356108905,7004.423013628031,12685.87324734767,1806.672400811691,1778.3324869986668,9100.868359537311,2491.5155993807703,10194.3576479669,19.637459503229948,16,2,0,0,14,48.41478357323921,41.92589875933845,54.90366838713998,1.0,0.0,0.0,0.9925898759338447,2,0,0.0,0.9925898759338447,0.9925898759338447,0.007410124066155266,0.0,0.007410124066155266,1.0,0.007410124066155266,0.007410124066155266,0.0,18,2,2024,1,11,4,0,0,2,1,0,1,GRAVE_LESIONADOS,1
3,1,12,0,4,1,-7.731494623777272,-79.36794153444346,0,4,7,1,2,2,2,1,6543.555,2.320606511887574,3,2,1.0,9,32,1286.808003792858,0.5775851491689744,76.89387963202385,67.50341940524208,8.405935011309163,1017.0869342858558,9116.659207252826,8931.828000000005,1335.5899999999997,1935.9830000000004,5660.255000000005,1219.309,7712.519000000005,13.651281686122925,4,1,0,0,3,26.56485209510059,26.56485209510059,26.56485209510059,1.0,0.6793934881124261,0.0,0.0,1,0,0.0,0.0,0.0,1.0,0.0,1.0,0.0,0.0,1.0,0.0,13,2,2023,5,18,6,1,0,0,1,0,1,GRAVE_LESIONADOS,1
3,2,3,0,4,0,-15.992636861846659,-72.16994113108754,0,4,7,1,2,1,1,2,6543.555,2.0633120733328507,3,3,1.0,13,32,1215.5374443131996,0.6627762273792523,80.49207141187013,76.83790015502862,10.339588552902374,1177.0325001021229,14459.620600821629,10234.24010750678,1485.1284807407037,1761.5304937858034,6987.581132980272,2781.035666501165,7453.204441005614,27.058511421894707,4,2,0,0,2,26.61445786998769,22.772738053319813,30.45617768665556,1.0,0.0,0.0,0.9366879266671495,2,0,0.0,1.0,0.0633120733328505,0.9366879266671495,0.0,0.9366879266671495,1.0,0.0,0.0,0.0,19,1,2021,3,17,3,0,0,0,1,0,1,GRAVE_LESIONADOS,1
5,1,3,0,4,1,-16.152859773268062,-71.63864906766129,0,4,7,0,2,1,1,0,1504.4250000000002,2.0,2,0,1.0,7,25,241.0,0.6005060748875158,78.21704200773246,77.40211893847457,8.994742794352394,996.014120858737,33335.45824411135,10322.272,1495.236,1749.739,7077.2970000000005,2886.595,7435.677000000001,27.964725207783708,5,1,0,0,4,24.634070473233674,21.692203899663557,27.575937046803787,0.17305097491588917,0.0,0.0,0.8269490250841108,1,0,0.0,0.17305097491588917,0.0,0.8269490250841108,0.0,0.0,1.0,0.0,0.0,0.0,10,1,2021,6,8,0,0,0,0,1,0,1,GRAVE_LESIONADOS,1
3,1,11,0,4,2,-8.062662501249749,-78.77474981944796,0,4,5,0,2,2,2,1,6543.555,2.0,4,4,1.0,14,33,1198.0,0.4616016833655807,76.14251653930748,59.55075837981816,6.13381738701178,747.1578507200283,25058.57236808943,8866.424519296355,1352.6724553444149,1947.2672247798012,5566.484839172139,1322.0296250308002,7544.394894265554,14.96303647802483,4,1,0,0,2,32.82196866368122,24.377705332480346,41.266231994882084,1.0,0.15557366687991314,0.0,0.0,1,0,0.0,0.0,0.8444263331200869,0.15557366687991314,0.8444263331200869,0.15557366687991314,0.0,0.0,0.0,0.0,17,2,2021,2,4,4,0,0,0,1,0,1,GRAVE_LESIONADOS,1
4,1,20,0,4,1,-15.443895087888983,-70.19321240628547,0,4,3,1,4,2,2,1,7137.36771925032,2.0,2,1,1.0,11,17,1198.0,0.3254796701902522,72.33948866091052,72.64293660706846,6.359784642717719,258.77509987615997,4864.393477878056,13642.312999999998,2020.7790000000005,2354.117,9267.416999999998,3314.0520000000006,10328.260999999997,24.29244952817019,4,1,0,0,2,34.43085842954573,29.877725865911586,38.98399099317988,1.0,1.0,0.0,0.4308584295457317,1,0,0.0,0.0,0.0,1.0,0.0,0.5691415704542683,1.0,0.0,0.0,0.0,17,2,2022,3,9,3,0,0,2,1,0,1,GRAVE_LESIONADOS,1
3,1,14,0,2,4,-12.173208659144162,-76.9204747886329,0,3,2,0,1,2,2,2,6543.555,2.0,4,4,1.0,14,33,1198.0,0.6933435632189612,79.98179766601157,74.0827528849021,9.850516091142662,1418.5080687630002,455146.00492432143,7626.313,1683.4029999999998,1599.0829999999996,4343.827000000001,1814.875,5811.438000000001,23.797541485643197,7,1,0,0,6,30.617635402083287,26.79398942291618,34.4412813812504,1.0,1.0,0.0,0.6176354020832892,1,0,0.0,1.0,0.38236459791671085,0.0,0.0,0.0,1.0,1.0,0.6176354020832892,0.38236459791671085,13,2,2021,2,22,4,0,1,0,1,0,1,GRAVE_LESIONADOS,1
6,1,9,0,4,2,-9.698075381854975,-76.30057679037982,0,4,0,0,1,2,2,3,6543.555,2.0,4,4,1.0,14,33,1198.0,0.19790389885959458,77.45089648739263,34.55380873803961,2.118506832633061,311.11937273248833,24727.75614669348,8256.35652734982,1333.6162133507883,866.8429576620504,6055.897356336981,1070.2937153329735,7186.062812016847,12.959304870440599,5,1,0,0,4,45.80367421762985,45.80367421762985,45.80367421762985,1.0,0.0,0.0,0.0,1,0,0.0,0.9345580725432818,0.0,0.0,0.0,0.0,1.0,0.0,1.0,0.0,15,2,2021,4,3,0,0,0,1,1,0,1,GRAVE_LESIONADOS,1
4,1,12,0,4,2,-7.510939797553338,-78.86749660142385,1,4,3,0,4,2,2,3,6543.555,2.4321171756158946,3,2,1.0,7,31,1317.6964576456028,0.32795320831777375,77.0884228364584,42.77753702122838,4.6270113285879795,456.51638046812525,24436.867611772974,8931.828000000005,1335.5899999999997,1935.9830000000004,5660.255000000005,1219.309,7712.519000000005,13.651281686122925,6,1,0,0,5,42.56788282438411,36.51824236576158,48.617523283006626,1.0,0.43211717561589447,0.0,0.0,1,0,0.0,0.0,0.43211717561589447,0.43211717561589447,0.43211717561589447,0.0,1.0,0.0,0.5678828243841055,0.43211717561589447,7,0,2023,2,14,3,0,0,0,1,0,1,GRAVE_LESIONADOS,1
4,1,17,2,5,2,-8.930062429103645,-76.91349363423284,3,1,3,1,2,2,2,1,6588.022036609787,2.0,3,2,1.0,11,32,1390.7735044896383,0.6039347222062431,75.21075551039364,65.33586785638622,8.711493675744997,1194.5744690531217,90804.12425630279,6558.8164624504025,1215.5315952941964,1257.5873673276683,4085.6974998285377,1383.0279805497748,5175.788481900628,20.64776638599892,4,1,0,0,3,32.26010613513344,30.374238349759597,34.14597392050728,1.0,0.5388193672496691,0.0,0.0,1,0,0.0,0.0,0.0,0.5388193672496691,0.5388193672496691,0.0,0.46118063275033094,0.5388193672496691,1.0,0.5388193672496691,17,1,2022,8,24,4,0,1,0,1,0,1,GRAVE_LESIONADOS,1
4,1,12,0,4,2,-7.5014682784623625,-78.88256443127867,1,4,3,0,4,2,2,3,6543.555,2.4461143071251876,3,2,1.0,7,31,1321.573663073677,0.3324765829907166,77.12582963597558,43.23045666371261,4.671262529038619,466.5210353365294,24443.382781945216,8931.828000000005,1335.5899999999997,1935.9830000000004,5660.255000000005,1219.309,7712.519000000005,13.651281686122925,6,1,0,0,5,42.553885692874815,36.30828539312218,48.79948599262744,1.0,0.44611430712518774,0.0,0.0,1,0,0.0,0.0,0.44611430712518774,0.44611430712518774,0.44611430712518774,0.0,1.0,0.0,0.5538856928748123,0.44611430712518774,7,0,2023,2,14,3,0,0,0,1,0,1,GRAVE_LESIONADOS,1
6,1,7,0,4,1,-12.58909775150707,-75.3668545137169,0,4,5,0,2,1,0,1,1329.7359148673117,2.0,2,1,1.0,6,19,245.80611191967134,0.4628717186917115,79.02192970336854,54.321896734436486,6.814816095837278,834.5681163595942,3993.8230704379084,12498.485967822548,1814.3825362643918,1483.1172187908214,9200.986212767335,2095.0870918737496,10403.398875948798,16.708555655414752,4,1,0,0,3,38.25927325584079,38.25927325584079,38.25927325584079,1.0,0.0,0.0,0.0,1,0,0.0,0.4351816860398029,0.0,0.0,0.0,0.5648183139601971,0.4351816860398029,0.0,0.4351816860398029,0.0,8,1,2022,4,20,2,0,0,2,1,0,1,GRAVE_LESIONADOS,1
6,1,11,0,4,1,-13.51907455098746,-71.85477931107543,0,4,7,0,4,2,2,2,6543.555,2.0,4,4,1.0,14,33,1198.0,0.3747146574374264,75.84787166694554,59.37023203873781,5.739715190312511,425.9531223878888,10019.366797450852,13132.102284015427,1906.5642980640407,2046.965997737106,9178.571988214282,2875.2717373441255,10256.8305466713,21.809255174380997,6,1,0,0,4,55.823737302519184,51.35393905209207,60.29353555294629,1.0,0.5294949210076728,0.0,0.5294949210076728,1,0,0.0,0.4705050789923272,0.4705050789923272,0.0,0.0,0.0,1.0,1.0,1.0,0.4705050789923272,11,1,2023,5,9,3,0,0,2,1,0,1,GRAVE_LESIONADOS,1
6,1,6,1,4,1,-14.038502306877325,-72.42784244203415,0,4,6,0,1,2,2,2,1725.5663874298596,1.0,1,3,0.0,9,32,471.6763926226402,0.3382251397572949,68.34046368732906,59.29044145564939,5.186581587327989,387.6420713119052,24330.209091108492,17690.703448588636,2079.9373826959627,2770.6688405996024,12840.097225293068,2836.5712932811953,14854.13215530744,16.016925796679566,6,1,0,0,4,43.05528628874847,43.05528628874847,43.05528628874847,1.0,0.0,0.0,0.04796755857947588,1,0,0.0,0.0,0.9520324414205241,0.04796755857947588,0.0,0.0,1.0,0.0,0.9520324414205241,0.0,3,0,2023,7,6,5,0,0,2,1,0,1,GRAVE_LESIONADOS,1
6,1,4,0,4,1,-14.69110227387786,-74.62647360625763,0,4,0,0,2,2,2,2,2173.1057966011185,1.8820481860076987,1,0,0.8820481860076986,4,27,137.41084465853726,0.35676828393775206,68.40411955678516,50.323938408283205,5.4456849879394476,483.8238580125788,3580.903752431759,12678.733000000004,1805.074000000001,1774.0339999999994,9099.625000000004,2485.375000000001,10193.358000000002,19.602707936195205,35,1,0,0,34,50.52301190616167,50.52301190616167,50.52301190616167,1.0,0.0,0.0,1.0,1,0,0.0,0.0,0.8820481860076986,0.0,0.11795181399230137,0.0,0.8820481860076986,0.11795181399230137,0.11795181399230137,0.11795181399230137,6,0,2023,9,12,3,0,0,2,1,0,1,GRAVE_LESIONADOS,1
4,2,15,0,4,1,-9.147712597377657,-78.18976950469462,3,4,3,0,2,2,2,0,6597.126547980141,2.4443938189157697,2,0,1.0,5,30,1553.3404715328766,0.572101977231624,77.77287045039375,69.45021083191232,8.96341868379634,923.799086122117,11971.581042627118,2516.1049813256222,449.45344682701636,541.6024891970214,1525.0490453015846,735.8643687490792,1780.2406125765433,28.663561732960133,20,1,0,0,19,45.61189580680557,43.11166799192653,48.1121236216846,1.0,0.0,0.0,1.0,1,0,0.0,0.0,0.0,0.5556061810842302,0.0,0.5556061810842302,1.0,0.0,0.0,0.0,17,1,2023,10,23,5,1,1,0,1,0,1,GRAVE_LESIONADOS,1
6,1,11,0,4,1,-11.791383764320761,-76.38016476685246,0,4,7,0,2,0,0,1,1447.1005797600537,1.5889436485073487,1,1,0.0,9,17,522.0678815611452,0.33880342887860876,74.42877667199359,61.66598928443968,4.514070309441145,401.1689668509612,1364.4033594793345,7990.144320438715,1585.5674777812337,1767.3830351606905,4637.19380749679,1841.4719901669805,6148.672330271735,23.092772164354542,4,1,0,0,3,42.656267430595534,42.656267430595534,42.656267430595534,1.0,0.4110563514926513,0.0,0.0,1,0,0.0,0.0,0.0,1.0,0.0,1.0,0.0,0.0,0.0,0.0,12,2,2021,8,8,2,0,0,0,1,0,1,GRAVE_LESIONADOS,1
3,1,12,0,4,1,-7.688625650611332,-79.42249523929284,0,4,7,1,2,2,2,2,6543.555,2.139187802757987,3,3,1.0,12,32,1236.5550213639624,0.5605164445866666,76.61349501649897,62.760180081206855,7.98931757140171,999.8297352720696,9448.43683083512,8931.828000000005,1335.5899999999997,1935.9830000000004,5660.255000000005,1219.309,7712.519000000005,13.651281686122925,4,1,0,0,2,29.428324307561496,29.428324307561496,29.428324307561496,1.0,0.860812197242013,0.0,0.0,1,0,0.0,0.0,0.0,1.0,0.0,1.0,0.0,0.0,1.0,0.0,12,3,2023,6,21,6,1,0,0,1,0,1,GRAVE_LESIONADOS,1
4,1,7,0,4,1,-14.762617076633315,-71.39481958302973,0,4,0,0,1,2,2,2,586.964621948709,2.0,4,2,0.003387847982639136,9,3,140.59450670958012,0.5526348657051515,69.24078205310947,73.98910443232161,8.700430916421519,976.3363202453206,33960.88774987264,17779.13499998999,2097.3709999899997,2863.123,12818.640999999989,2878.713,14900.421999989989,16.19152450331032,4,1,0,0,3,25.064369111670143,25.064369111670143,25.064369111670143,1.0,0.0,0.0,0.9966121520173609,1,0,0.0,0.003387847982639136,0.0,0.9966121520173609,0.0,0.0,1.0,0.0,0.9966121520173609,0.0,3,0,2021,8,7,0,0,0,2,1,0,1,GRAVE_LESIONADOS,1
3,2,16,0,3,1,-7.204932563521717,-78.31640896718015,0,3,5,1,2,1,1,0,2590.1014942905185,2.0,2,0,1.0,4,23,416.87524692117046,0.5140106984139945,79.9352422758401,58.66691103844211,6.976129275612935,856.2086954933775,126855.28021198744,11127.658484161318,1859.6683226467371,1183.042900292642,8084.947261221938,2377.4286425641385,8750.229841597178,22.612458929940185,6,2,0,0,4,39.97174056186186,22.434061311011,57.509419812712714,1.0,0.24529009364364296,0.0,0.754709906356357,2,0,0.0,0.0,0.0,1.0,0.754709906356357,1.0,0.24529009364364296,0.0,0.24529009364364296,0.0,9,1,2021,8,21,5,1,1,0,1,0,1,GRAVE_LESIONADOS,1
8,1,10,0,4,1,-14.189178372430613,-75.68579476110268,0,4,7,1,2,2,2,0,6639.975,2.0,2,0,1.0,9,31,1616.0,0.5908592026768201,78.33337218227243,68.0717125458988,8.93942615798698,1020.6130742452472,27932.19700214133,3721.461,698.1859999999996,744.866,2278.409,1102.9029999999996,2618.558,29.636290693359403,4,1,0,0,3,30.227516192800103,30.227516192800103,30.227516192800103,1.0,0.0,0.0,0.7045860321333502,1,0,0.0,0.0,0.0,1.0,0.0,0.0,1.0,0.0,0.0,0.0,2,0,2021,7,29,4,0,1,0,1,0,1,GRAVE_LESIONADOS,1
3,1,9,1,4,1,-9.177368427422076,-76.14567547924018,6,4,0,0,2,1,0,1,1273.5006950817826,2.0,2,3,0.0991945301128786,9,12,343.1356090771218,0.3630434458452678,72.33551676963143,38.68187085806875,5.063722061259547,542.1521934349541,9575.713520735953,8280.751929724216,1333.687498847598,905.4561376163139,6041.608293260303,1075.6755678264983,7205.076361897718,12.984296381608482,6,1,0,0,4,36.152819144604926,23.991945301128787,48.313692988081065,1.0,0.0,0.0,0.0,1,0,0.0,0.0991945301128786,0.0,0.9008054698871214,0.9008054698871214,0.9008054698871214,0.0991945301128786,0.0,0.9008054698871214,0.0,16,2,2022,3,24,5,1,0,1,1,0,1,GRAVE_LESIONADOS,1