CLASE SINIESTRO,CANTIDAD DE VEHICULOS DAÑADOS,DEPARTAMENTO,ZONA,TIPO DE VÍA,RED VIAL,COORDENADAS LATITUD,COORDENADAS  LONGITUD,CONDICIÓN CLIMÁTICA,ZONIFICACIÓN,CARACTERÍSTICAS DE VÍA,PERFIL LONGITUDINAL VÍA,SUPERFICIE DE CALZADA,¿EXISTE SEÑAL VERTICAL?,¿EXISTE SEÑAL HORIZONTAL?,CAUSA FACTOR PRINCIPAL,MTC_RVN_LONGITUD_KM,MTC_RVN_N_CARRILES_MEDIANA,MTC_RVN_SUPERFICIE_DOMINANTE,MTC_RVN_ESTADO_DOMINANTE,MTC_RVN_ES_CONCESIONADA,MTC_RVN_CONCESION_PRINCIPAL,MTC_RVN_CORREDOR_LOGISTICO,MTC_RVN_N_TRAMOS,IDH_2019,IDH_ESP_VIDA_2019,IDH_EDUC_SECUND_PCT_2019,IDH_ANIOS_EDUC_2019,IDH_INGRESO_PERCAP_2019,IDH_POBLACION_2019,MTC_DEP_RED_TOTAL_KM,MTC_DEP_NACIONAL_TOTAL_KM,MTC_DEP_DEPARTAMENTAL_TOTAL_KM,MTC_DEP_VECINAL_TOTAL_KM,MTC_DEP_PAV_TOTAL_KM,MTC_DEP_NO_PAV_TOTAL_KM,MTC_DEP_PCT_PAVIMENTADA,PER_TOTAL_PERSONAS,PER_N_CONDUCTORES,PER_N_CONDUCTORES_FUGADOS,PER_N_PEATONES,PER_N_PASAJEROS_OCUPANTES,PER_EDAD_COND_PROM,PER_EDAD_COND_MIN,PER_EDAD_COND_MAX,PER_ANY_COND_MASCULINO,PER_ANY_LIC_PROBLEMA,PER_ANY_DOSAJE_POS,PER_ANY_DOSAJE_EVALUADO,VEH_TOTAL,VEH_N_FUGADOS,VEH_ANY_FUGADO,VEH_ANY_CARGA,VEH_ANY_PUBLICO,VEH_ANY_PARTICULAR,VEH_ANY_MOTO,VEH_ANY_AUTO,VEH_ANY_CAMION_BUS,VEH_ANY_SOAT_PROBLEMA,VEH_ANY_CITV_PROBLEMA,VEH_ANY_SEGURO_PROBLEMA,HORA_NUM,FRANJA_HORARIA,ANIO,MES,DIA_MES,DIA_SEMANA,ES_FIN_SEMANA,ES_QUINCENA,REGION_NATURAL,TIENE_SEÑALIZACION,ES_VIA_MULTICARRIL,ES_DEPTO_BAJO_PAVIMENTO,CATEGORIA_SEVERIDAD,CATEGORIA_SEVERIDAD_ENC
6,1,12,0,4,1,-8.83886153413569,-78.69236597039759,0,4,7,1,2,2,2,0,6543.555,3.0,2,0,1.0,0,30,1475.0,0.49351535632185894,77.49426004381621,53.845176886173476,6.3180821481173375,855.0885811712038,9803.175404195379,8931.828000000005,1335.5899999999997,1935.9830000000004,5660.255000000005,1219.309,7712.519000000005,13.651281686122925,4,1,0,0,3,43.91336375188418,43.91336375188418,43.91336375188418,1.0,0.0,0.0,0.0,1,0,0.0,0.0,0.0,1.0,0.0,1.0,0.0,0.0,0.09111255961353215,0.0,6,1,2021,3,19,5,1,0,0,1,1,1,GRAVE_LESIONADOS,1
3,2,3,0,4,1,-16.000346228452592,-71.27218394321649,1,4,0,0,2,0,1,0,1504.4250000000002,2.0,2,0,1.0,7,25,241.0,0.4538445426492566,81.67725066246322,61.406039426529084,5.831250829256599,619.9732177478531,1443.1724623768123,10322.272,1495.236,1749.739,7077.2970000000005,2886.595,7435.677000000001,27.964725207783708,7,2,0,0,5,38.46244357660954,32.0,44.924887153219075,1.0,0.7849774306438154,0.0,0.0,2,0,0.0,1.0,0.0,0.21502256935618458,0.0,0.21502256935618458,1.0,0.0,0.0,0.0,11,2,2023,3,10,4,0,0,0,1,0,1,GRAVE_LESIONADOS,1
6,1,4,0,4,1,-14.536540552229988,-74.75148732331651,0,4,1,0,2,1,1,2,2124.2967102494686,2.0,2,0,1.0,5,26,155.91872285835515,0.3524376120044921,70.23740504018677,49.27500000813442,5.292689208533902,466.0654754926511,3749.4368774949717,12678.733000000004,1805.074000000001,1774.0339999999994,9099.625000000004,2485.375000000001,10193.358000000002,19.602707936195205,32,1,0,0,31,50.34028301420692,50.34028301420692,50.34028301420692,1.0,0.0,0.0,0.7954063857082242,1,0,0.0,0.0,0.7954063857082242,0.0,0.0,0.2045936142917758,0.7954063857082242,0.0,0.0,0.0,5,0,2023,8,16,3,0,0,2,1,0,1,GRAVE_LESIONADOS,1
4,1,6,1,2,3,-12.667260939122016,-76.77383976878397,0,3,6,1,2,2,2,0,6543.555,2.0,4,4,1.0,14,33,1198.0,0.5563774842369664,77.00938809632027,69.10246351364754,8.476961866273152,914.8835608305218,27932.19700214133,717.6975306556859,163.30227141168564,140.84588591393018,413.54937333007,240.97768160494013,476.71984905074567,84.45495296754011,4,1,0,0,2,32.53769904053739,32.53769904053739,32.53769904053739,1.0,0.0,0.18150796162149552,0.18150796162149552,1,0,0.0,0.0,0.8184920383785045,1.0,0.0,0.8184920383785045,1.0,0.0,0.8184920383785045,0.0,3,0,2021,4,18,5,1,1,1,1,0,0,GRAVE_LESIONADOS,1
9,1,7,0,4,1,-13.912196480793916,-71.50116847054473,7,4,0,0,2,1,1,2,7572.315207734753,2.0,2,0,1.0,9,5,1198.0,0.2817996466757569,61.46221967841442,59.94392749373902,5.22767318167762,273.6262823371238,4178.871520342613,17779.13499998999,2097.3709999899997,2863.123,12818.640999999989,2878.713,14900.421999989989,16.19152450331032,30,1,0,0,29,38.958054861085905,38.958054861085905,38.958054861085905,1.0,0.9860182870286353,0.0,0.9860182870286353,1,0,0.0,0.0,0.9860182870286353,0.0,0.0,0.0,1.0,0.0,0.0,0.0,9,1,2023,2,27,1,0,1,2,1,0,1,GRAVE_LESIONADOS,1
6,1,14,0,4,1,-11.603951181058653,-77.19783477619407,0,4,1,0,2,1,0,1,6543.555,3.0,2,0,1.0,0,30,1475.0,0.606011890732538,79.10580202061365,64.14379964647316,7.172095916125169,1269.9879605915198,20981.39186295503,7626.313,1683.4029999999998,1599.0829999999996,4343.827000000001,1814.875,5811.438000000001,23.797541485643197,7,1,0,0,6,36.40263827934764,36.40263827934764,36.40263827934764,1.0,0.0,0.0,1.0,1,0,0.0,0.0,0.7718054684782346,0.2281945315217654,0.0,0.2281945315217654,0.7718054684782346,0.0,0.0,0.0,5,0,2021,7,22,1,0,1,0,1,1,1,GRAVE_LESIONADOS,1
3,2,10,0,4,1,-13.379139028783172,-76.2243589680548,0,4,7,1,2,2,2,0,6639.975,2.0,2,0,1.0,9,31,1616.0,0.5735118441046788,80.98406008597883,68.70766196246831,9.134903223769644,872.2850024368813,26362.491459809346,3721.461,698.1859999999996,744.866,2278.409,1102.9029999999996,2618.558,29.636290693359403,14,2,0,0,12,49.0008287498862,46.62593234362198,51.37572515615043,1.0,0.0,0.0,0.12496546875474146,2,0,0.0,0.8750345312452585,0.12496546875474146,0.12496546875474146,0.0,0.12496546875474146,1.0,0.0,0.0,0.0,20,1,2022,5,1,0,0,0,0,1,0,1,GRAVE_LESIONADOS,1
4,1,17,0,3,2,-7.780211730259858,-79.28538774789878,4,2,7,1,2,2,2,1,6543.555,2.614162702616199,2,1,1.0,5,31,1368.123068624687,0.6327705209516272,79.03898771611428,73.83313713486079,9.368055997266552,1156.5073760020014,196724.08840735437,8449.004207560436,1744.2106350601764,1008.2050479280889,5696.588524572171,2060.312840883361,6388.691366677076,24.35139395494832,6,1,0,0,4,30.700861081686607,28.771674594767603,32.63004756860561,1.0,0.0,0.0,0.6141627026161989,1,0,0.0,0.0,0.3858372973838011,0.6141627026161989,0.0,0.6141627026161989,0.3858372973838011,0.6141627026161989,0.6141627026161989,0.0,10,1,2022,8,12,4,0,0,0,1,0,1,GRAVE_LESIONADOS,1
3,2,13,0,4,1,-6.667845446212281,-79.54151993550082,0,4,7,1,2,2,2,0,991.7480719266865,2.0,2,2,0.1881999816798623,7,9,207.64900100760758,0.5320019754565775,79.35342113531864,66.16291736821043,7.489832982701997,833.2307472260916,18140.188984965764,3459.691,515.0619999999999,689.7280000000001,2254.901,703.3549999999999,2756.336,20.329994788551925,5,2,0,0,3,46.68260012824096,32.811800018320135,60.55340023816179,1.0,1.0,0.0,0.0,2,0,0.0,0.8118000183201377,0.1881999816798623,1.0,1.0,0.0,0.8118000183201377,1.0,1.0,1.0,3,0,2022,8,12,0,0,0,0,1,0,1,GRAVE_LESIONADOS,1
3,1,20,1,4,1,-15.816104136123382,-70.01945395716187,0,1,5,1,2,0,0,2,6841.199227552273,2.0,3,2,1.0,12,25,1198.0,0.6488901960567479,69.67312345830231,82.12448375199249,11.701623814093702,1230.336353415943,144745.3597430407,13642.312999999998,2020.7790000000005,2354.117,9267.416999999998,3314.0520000000006,10328.260999999997,24.29244952817019,4,1,0,0,2,31.075137026002523,29.288332018354723,32.86194203365032,1.0,0.0,0.0,0.0,1,0,0.0,0.0,0.7147220030591203,0.7147220030591203,0.0,0.7147220030591203,1.0,0.0,0.28527799694087974,0.0,6,1,2022,8,9,4,0,0,2,1,0,1,GRAVE_LESIONADOS,1
6,1,16,0,4,1,-16.09334686632738,-73.00639592930351,0,4,6,1,2,2,2,2,1287.463472719054,1.5240733026350366,1,1,0.5240733026350367,9,32,323.99062888208033,0.5878931249844191,76.39186897680074,73.92180922006152,8.934097046865373,996.0237800838587,4711.8059739053415,3160.236665014468,662.8042391192005,609.9145042049649,1887.5179216903025,1084.9791689765789,2075.257496037889,35.23516687309587,8,1,0,0,7,44.94077468405838,44.94077468405838,44.94077468405838,1.0,0.5240733026350367,0.0,1.0,1,0,0.0,0.0,0.0,1.0,0.0,0.5240733026350367,0.4759266973649633,0.0,0.0,0.0,14,1,2022,3,12,0,0,0,0,1,0,1,GRAVE_LESIONADOS,1
5,1,5,1,4,2,-6.86021832702138,-78.51063637193666,0,4,7,1,1,2,2,0,6543.555,2.0,4,4,1.0,14,33,1198.0,0.2795160747121408,76.65404116152163,44.40124236820752,3.558555469359914,302.076108681892,21023.996264131812,15935.565011852366,1733.9250000199986,935.692,13265.948011832368,2000.1670000199988,13935.398011832369,12.551591352627522,6,1,0,0,4,38.11413512094175,37.589113564609704,38.63915667727379,1.0,0.0,0.0,0.0,1,0,0.045654048376699174,0.9543459516233008,0.0,0.045654048376699174,0.045654048376699174,0.0,0.9543459516233008,0.045654048376699174,0.045654048376699174,0.045654048376699174,14,3,2022,7,13,2,0,0,2,1,0,1,GRAVE_LESIONADOS,1
3,1,11,1,2,3,-10.761703587230016,-77.35643412556027,0,0,5,0,2,2,2,1,7382.911456044777,2.0,3,3,1.0,12,32,1849.028810624299,0.6643525825720741,77.268961962421,74.44184772456339,9.877109225810099,1312.006574244692,255697.1081775083,9681.617883911022,1695.8996860119225,1434.9923260984556,6550.725871800645,1860.7072303917998,7820.910653519223,21.015840292847844,6,1,0,0,4,35.18194550591853,28.031783538187085,42.33210747364997,1.0,0.2473513718177428,0.0,0.0,1,0,0.0,0.2473513718177428,0.7526486281822572,0.7526486281822572,0.0,0.0,1.0,0.0,0.0,0.0,12,1,2021,1,19,1,0,1,0,1,0,1,GRAVE_LESIONADOS,1
6,1,10,0,4,1,-8.822502953450034,-76.85002078783039,0,4,7,1,5,2,2,0,1324.57573199869,1.0,2,1,0.0,9,32,207.91651185854118,0.22861191371485484,78.36477642322761,30.82739874579018,3.8179032703881286,204.6090028768246,4246.038905940144,8819.011401299733,1365.0560848118841,1955.447527650979,5498.507788836869,1396.4951590188155,7422.516242280916,15.913970343653315,5,1,0,0,4,39.1468327686409,39.1468327686409,39.1468327686409,1.0,0.0,0.0,0.0,1,0,0.0,0.26835409608011196,0.0,0.731645903919888,0.26835409608011196,0.0,0.731645903919888,0.0,1.0,0.0,13,3,2023,4,7,3,0,0,0,1,0,1,GRAVE_LESIONADOS,1
4,1,9,2,3,2,-13.939265186531163,-74.59202032532404,0,0,7,0,4,2,2,1,6597.6034023100965,2.0,2,1,1.0,11,31,1432.3106426635593,0.7578040701481796,79.55413234643979,79.3621788985077,12.594698808384436,1574.1984348092803,102779.6742113411,8811.04739262056,1600.713346167641,1665.288511528418,5545.0455349245,2285.8404498674886,6525.2069427530705,25.628802968473025,25,1,0,0,23,40.12110355341416,33.39448223292921,46.84772487389912,1.0,0.4394482232929203,0.0,0.0,1,0,0.0,0.0,0.5605517767070797,0.4394482232929203,0.4394482232929203,0.0,0.5605517767070797,0.4394482232929203,1.0,0.0,11,1,2023,7,10,4,0,0,0,1,0,1,GRAVE_LESIONADOS,1
4,1,7,0,4,0,-14.219078454207008,-71.78962440467647,0,4,2,0,3,2,2,2,2346.901647724764,2.0,4,2,0.2978473483600218,10,11,453.01603660998313,0.5611947766973642,71.59537206063614,75.84515707622118,8.984388112057948,945.1124183612548,33033.17038504174,17779.13499998999,2097.3709999899997,2863.123,12818.640999999989,2878.713,14900.421999989989,16.19152450331032,4,1,0,0,3,27.97847348360022,27.97847348360022,27.97847348360022,1.0,0.2978473483600218,0.0,0.7021526516399782,1,0,0.0,0.0,0.0,0.7021526516399782,0.0,0.0,0.7021526516399782,0.2978473483600218,1.0,0.0,6,0,2021,6,8,0,0,0,2,1,0,1,GRAVE_LESIONADOS,1
4,1,15,0,4,1,-15.754430429864678,-73.0140778287724,0,4,3,1,4,2,2,2,6596.015585352328,2.0,2,1,1.0,11,31,1425.4271383247565,0.4182029625407243,76.32391625352393,71.40850754616672,7.809616177940032,518.0494027297293,910.5868206334658,3233.2256381183256,667.4057473438257,627.4653666371206,1938.354524137379,1087.3102190379063,2145.915419080419,34.50701558417297,5,1,0,0,4,43.16879859828992,41.26450437786732,45.073092818712524,1.0,0.0,0.0,0.45591593702211375,1,0,0.0,1.0,0.0,0.5440840629778863,0.0,0.5440840629778863,1.0,0.0,0.0,0.0,15,2,2024,3,14,1,0,0,0,1,0,1,GRAVE_LESIONADOS,1
3,2,19,0,4,2,-5.028721471241222,-80.25380222498805,0,3,0,1,6,2,2,0,6109.9345728609105,2.0,3,3,0.9287932824587675,13,32,1122.1648458185873,0.46808495200242894,74.47773559770901,61.213556076136,6.674716508867676,704.0385369140789,75935.87748033443,8965.846000060003,1782.4120000599992,636.9959999999999,6546.438000000004,2214.505000059999,6751.341000000004,24.699342371541725,5,2,0,0,3,34.83385099240379,24.071206717541234,45.35913954212891,1.0,1.0,0.07120671754123253,1.0,2,0,0.0,0.0,0.07120671754123253,0.07120671754123253,1.0,0.07120671754123253,0.0,0.9287932824587675,1.0,0.07120671754123253,15,2,2021,3,12,4,0,0,0,1,0,1,GRAVE_LESIONADOS,1
3,2,6,0,4,1,-14.103266901588936,-74.95440810816982,0,4,5,1,2,2,2,0,6620.564436305106,2.2013126290696374,2,0,1.0,7,30,1587.614919301181,0.5489995046339998,79.0648000024847,49.33522901549963,8.833084191013214,965.1311413923307,4750.676817935737,10049.206315813668,1553.048155577781,1525.7297811911644,6970.4283790447225,2751.294795140666,7297.911520673002,27.307362404100964,4,2,0,0,2,37.902625258139274,27.188186338373264,48.61706417790529,1.0,0.0,0.0,0.20131262906963754,2,0,0.0,0.20131262906963754,0.0,1.0,0.0,0.20131262906963754,1.0,0.0,0.20131262906963754,0.0,7,0,2021,1,11,0,0,0,0,1,0,1,GRAVE_LESIONADOS,1
6,1,5,0,4,3,-7.254744720157756,-78.44396971241966,5,4,1,1,1,2,2,0,6543.555,2.0,4,4,1.0,14,33,1198.0,0.3274063965955645,75.5696233042271,50.53109663356346,4.2726654728885025,388.9090950213017,8292.53611525608,15935.565011852366,1733.9250000199986,935.692,13265.948011832368,2000.1670000199988,13935.398011832369,12.551591352627522,5,1,0,0,4,33.107169152272526,30.080376864204396,35.377263368323625,0.24330192798296713,0.0,0.0,0.24330192798296713,1,0,0.0,0.0,1.0,0.0,0.0,0.7566980720170329,0.24330192798296713,0.0,0.7566980720170329,0.0,10,2,2022,5,9,0,0,0,2,1,0,1,GRAVE_LESIONADOS,1
5,1,4,0,4,1,-13.541438750638777,-74.13546164748617,0,4,5,0,1,2,2,2,6830.045712090861,2.0,3,2,1.0,12,25,1198.0,0.3802626775416447,73.64649229604458,55.11108365300507,5.8029109654778965,459.3728739285113,6570.782720044527,12678.733000000004,1805.074000000001,1774.0339999999994,9099.625000000004,2485.375000000001,10193.358000000002,19.602707936195205,9,1,0,0,7,46.686469692017575,44.90164849277188,48.471290891263266,1.0,0.7254121231929704,0.0,1.0,1,0,0.0,1.0,0.27458787680702956,0.0,0.0,0.0,1.0,0.7254121231929704,0.0,0.0,14,2,2025,3,15,5,1,0,2,1,0,1,GRAVE_LESIONADOS,1
6,1,7,0,4,0,-14.053802151796383,-71.79161082252809,0,4,0,0,1,2,2,2,6543.555,2.0,4,4,1.0,14,33,1198.0,0.1942265733959657,64.71957700686121,42.59784422812651,3.715506089875563,157.259981274582,6594.873302421528,17779.13499998999,2097.3709999899997,2863.123,12818.640999999989,2878.713,14900.421999989989,16.19152450331032,5,1,0,0,4,29.13669674289639,29.13669674289639,29.13669674289639,1.0,0.06834837144819472,0.0,0.9316516285518053,1,0,0.0,0.0,0.0,1.0,0.0,0.0,1.0,0.0,0.0,0.0,14,2,2022,7,7,4,0,0,2,1,0,1,GRAVE_LESIONADOS,1
5,1,8,0,4,1,-12.81832658290715,-74.91327528763104,0,4,0,1,2,2,2,0,965.0696963147711,1.044901443834314,1,0,0.0,9,31,160.27951287871872,0.2104133947903279,63.36512474133699,51.46169726491265,4.718666526319448,178.02156954984298,26894.438940710465,8471.683148343478,1456.0799926470047,1990.1318671465854,5025.4712885498875,1876.6736969781446,6595.009451365332,22.159994325142264,5,1,0,0,4,51.304027620568135,50.60805524113627,52.0,1.0,0.0,0.0,0.04490144383431394,1,0,0.0,0.04490144383431394,0.0,0.9550985561656861,0.0,1.0,0.04490144383431394,0.0,0.0,0.0,16,3,2023,5,5,0,0,0,1,1,0,1,GRAVE_LESIONADOS,1
3,1,19,2,5,3,-7.241980787668201,-76.96410030508895,0,0,2,1,2,2,2,1,6562.165504892818,2.0,3,3,1.0,13,32,1278.680263899582,0.5606410866784369,73.61540352783791,62.52963836513243,8.156572139934491,1054.0957950667737,88263.70494443086,6027.5328497411065,982.6761232323739,1087.6280025253507,3957.2287239833813,1168.10152733812,4859.431322402986,19.08015109611509,4,2,0,0,2,23.395224781085478,17.965074927028493,28.825374635142467,1.0,0.8069850145943014,0.0,0.0,2,0,0.0,0.1930149854056986,0.0,0.8069850145943014,0.8069850145943014,0.0,0.1930149854056986,0.8069850145943014,0.8069850145943014,0.8069850145943014,18,1,2024,5,17,5,0,0,0,1,0,1,GRAVE_LESIONADOS,1
5,1,18,0,3,1,-15.525499160057883,-70.25327434566513,0,3,0,1,2,0,1,2,7464.562179726505,2.0,2,0,1.0,9,8,1198.0,0.6526118550979623,70.59258441878907,82.18727507546423,11.624559148559596,1232.1187776515796,143161.84245300645,14127.388158819698,2029.760018897975,2413.801986758139,9683.826153163584,3263.0050527139147,10864.383106105783,23.342551878953017,4,1,0,0,3,27.28652951396193,25.938063390343356,28.634995637580506,1.0,0.11725792379291955,0.0,0.0,1,0,0.0,0.0,0.0,0.11725792379291955,0.0,0.11725792379291955,1.0,0.0,1.0,0.0,7,1,2021,4,14,2,0,0,2,1,0,1,GRAVE_LESIONADOS,1
9,1,10,0,4,1,-13.927844164831832,-75.96122063851323,0,4,7,1,2,2,2,0,6639.975,2.0,2,0,1.0,9,31,1616.0,0.6053164595604621,78.88848309050202,67.63954639531094,9.133324993872453,1064.9426147896202,27932.19700214133,3721.461,698.1859999999996,744.866,2278.409,1102.9029999999996,2618.558,29.636290693359403,5,1,0,0,4,33.71474111346109,33.71474111346109,33.71474111346109,1.0,0.19052679038456555,0.0,1.0,1,0,0.0,0.0,0.0,1.0,0.0,0.19052679038456555,0.8094732096154345,0.0,0.0,0.0,1,0,2021,8,24,4,0,0,0,1,0,1,GRAVE_LESIONADOS,1
3,2,13,0,4,1,-11.40908102767027,-77.28859999727042,0,4,7,1,2,2,2,1,799.1054028963092,-0.9035797722442478,0,0,1.0,8,15,161.06428015183718,0.6010960298857079,79.02533081005437,63.93888419171731,7.1612914949232485,1249.2221847663159,20909.04723613716,7492.3974525959575,1645.8524315612053,1569.8562612630558,4276.688759771697,1779.1506628149755,5713.246789780983,23.68609427154745,5,2,0,0,3,55.03396889918053,47.48575878530266,62.58217901305841,1.0,0.03214007591858403,0.0,0.967859924081416,2,0,0.0,0.0,0.03214007591858403,1.0,0.03214007591858403,0.967859924081416,0.0,0.03214007591858403,0.03214007591858403,0.03214007591858403,7,1,2021,11,5,5,1,0,0,1,0,1,GRAVE_LESIONADOS,1
4,0,7,0,4,1,-12.726458179354024,-74.6125610891222,3,1,3,0,2,2,2,0,941.3631263515824,1.5221093390542504,0,1,0.0,9,32,150.97774497899613,0.36585772264412564,69.92978999234651,57.32048415095313,6.675207237778627,476.08046385463393,1888.7466707762032,12462.4815770758,1816.2419187623707,1425.0065173889284,9221.2331409245,2017.1269824719254,10445.354594603874,16.130447997613075,10,1,0,0,8,41.65902277250363,40.87585876392225,42.442186781085006,1.0,0.0,0.0,0.4778906609457496,1,0,0.0,0.0,0.0,0.5221093390542504,0.4778906609457496,0.5221093390542504,0.5221093390542504,0.4778906609457496,0.4778906609457496,0.4778906609457496,13,1,2021,7,16,4,0,0,2,1,0,1,GRAVE_LESIONADOS,1
6,1,10,0,4,1,-14.619627412612836,-75.24747886185025,0,3,7,1,2,2,2,0,6639.975,2.0,2,0,1.0,9,31,1616.0,0.5697183813465575,77.52163447685474,68.7036683483099,8.655888231076457,955.7900650226884,27932.19700214133,3721.461,698.1859999999996,744.866,2278.409,1102.9029999999996,2618.558,29.636290693359403,5,1,0,0,4,36.727397293845954,36.727397293845954,36.727397293845954,0.27260270615404847,0.7273972938459515,0.27260270615404847,0.27260270615404847,1,0,0.0,0.0,0.0,0.7273972938459515,0.0,0.7273972938459515,0.27260270615404847,0.7273972938459515,0.7273972938459515,0.7273972938459515,14,1,2021,9,21,6,1,0,0,1,0,1,GRAVE_LESIONADOS,1
4,1,7,0,4,1,-14.291769494624775,-73.80547285094048,0,4,2,0,2,2,2,2,1020.2361037363801,2.0,2,0,0.629289342962216,7,16,172.04781779097215,0.6167528542886294,78.36352463497165,74.67586201376467,8.966967376593717,1101.3721042759385,34339.55623905863,9322.851267763073,1564.9915122028287,1693.8892152533156,6063.970540306929,2489.296974639466,6833.554293123608,26.41990579215184,5,1,0,0,3,54.931370512604545,51.78492379779347,58.07781722741562,1.0,0.0,0.0,1.0,1,0,0.0,0.629289342962216,0.0,0.37071065703778405,0.0,0.37071065703778405,0.629289342962216,0.0,0.0,0.0,17,2,2021,5,21,2,0,0,0,1,0,1,GRAVE_LESIONADOS,1
3,1,5,0,4,1,-7.233365664781438,-79.08397218928093,0,4,0,0,1,1,1,2,744.757820963636,2.0,2,0,1.0,8,19,129.18844667724287,0.5183120117678782,73.31742374894044,63.66949947708813,7.1982441940521475,929.8508699341007,7579.317131057406,15935.565011852366,1733.9250000199986,935.692,13265.948011832368,2000.1670000199988,13935.398011832369,12.551591352627522,6,1,0,0,4,33.40781588099016,28.92184119009847,37.89379057188184,1.0,0.0,0.0,0.18436823801969382,1,0,0.0,0.8156317619803062,0.18436823801969382,0.8156317619803062,0.0,0.8156317619803062,1.0,0.0,0.0,0.0,10,1,2021,3,19,6,1,0,2,1,0,1,GRAVE_LESIONADOS,1
6,0,20,0,4,1,-15.439625253092027,-70.12906044153927,0,4,3,1,2,2,2,2,7586.903,2.0,2,0,1.0,9,5,1198.0,0.4799095112833097,72.41041397032969,75.79704807192755,8.290723936516416,636.8705129561102,20649.48091419411,13642.312999999998,2020.7790000000005,2354.117,9267.416999999998,3314.0520000000006,10328.260999999997,24.29244952817019,5,1,0,0,4,29.53229085986863,29.53229085986863,29.53229085986863,1.0,0.0,0.0,0.0,1,0,0.0,0.0,0.0,1.0,0.0,0.5569240670665512,0.4430759329334488,0.0,1.0,0.0,12,1,2022,11,21,4,0,0,2,1,0,1,GRAVE_LESIONADOS,1
6,1,11,0,4,1,-8.459174883894375,-77.29158159714865,0,4,5,0,6,1,1,0,1515.8957800583842,1.1657490153884549,2,1,0.16574901538845488,9,30,263.2764389540842,0.2661380994865354,80.99161306321825,26.20099291078088,4.621163972381078,301.54629210640104,3255.2000200918233,8862.146782432666,1353.7897391366982,1948.005273333171,5560.351769962797,1328.748102390535,7533.398680042132,15.04883224560582,4,1,0,0,3,37.0,37.0,37.0,1.0,0.0,0.0,0.0,1,0,0.0,0.0,0.0,1.0,0.0,0.16574901538845488,0.8342509846115451,0.0,0.8342509846115451,0.0,14,3,2022,4,7,5,1,0,0,1,0,1,GRAVE_LESIONADOS,1
5,1,12,0,4,1,-8.009854095258424,-78.31859820387572,0,4,7,1,2,2,2,2,6543.555,2.017955377213616,3,3,1.0,13,32,1202.9736394881716,0.4346033739880078,76.73603137469382,43.42004152896944,6.308490446054687,667.7582884253425,13210.565010797953,8931.828000000005,1335.5899999999997,1935.9830000000004,5660.255000000005,1219.309,7712.519000000005,13.651281686122925,5,1,0,0,4,37.24239759238382,33.28728603541786,40.215464526563395,0.017955377213616064,0.0,0.0,0.0,1,0,0.0,0.017955377213616064,1.0,0.0,0.9820446227863839,0.0,0.017955377213616064,0.9820446227863839,0.0,0.9820446227863839,18,1,2024,2,16,4,0,0,0,1,0,1,GRAVE_LESIONADOS,1
6,1,9,0,4,2,-9.6356219013964,-76.36985385134916,0,4,0,0,1,2,2,3,6543.555,2.0,4,4,1.0,14,33,1198.0,0.19758761282435047,77.40088411560228,34.363991455747446,2.156161830889814,305.7312962793359,24711.538236521817,8278.621172648267,1333.6812725892887,902.0835633439265,6042.856336715052,1075.205503012387,7203.4156696358805,12.982113558860064,5,1,0,0,4,45.71126052657785,45.71126052657785,45.71126052657785,1.0,0.0,0.0,0.0,1,0,0.0,0.9037535088592836,0.0,0.0,0.0,0.0,1.0,0.0,1.0,0.0,15,2,2021,4,3,0,0,0,1,1,0,1,GRAVE_LESIONADOS,1
6,1,7,0,4,2,-13.538439772416723,-72.51997264566675,2,4,2,0,7,2,2,2,6543.555,2.0,4,4,1.0,14,33,1198.0,0.2939084623702115,70.91856767582033,55.847079753490036,5.277953033515097,259.7091375978006,3788.2998494138833,17779.13499998999,2097.3709999899997,2863.123,12818.640999999989,2878.713,14900.421999989989,16.19152450331032,16,1,0,0,15,46.016599298694544,46.016599298694544,46.016599298694544,1.0,0.0,0.0,0.5892117234526204,1,0,0.0,0.5892117234526204,0.0,0.0,0.0,0.0,1.0,0.0,0.0,0.0,16,3,2022,10,22,4,0,1,2,1,0,1,GRAVE_LESIONADOS,1