CLASE SINIESTRO,CANTIDAD DE VEHICULOS DAÑADOS,DEPARTAMENTO,ZONA,TIPO DE VÍA,RED VIAL,COORDENADAS LATITUD,COORDENADAS  LONGITUD,CONDICIÓN CLIMÁTICA,ZONIFICACIÓN,CARACTERÍSTICAS DE VÍA,PERFIL LONGITUDINAL VÍA,SUPERFICIE DE CALZADA,¿EXISTE SEÑAL VERTICAL?,¿EXISTE SEÑAL HORIZONTAL?,CAUSA FACTOR PRINCIPAL,MTC_RVN_LONGITUD_KM,MTC_RVN_N_CARRILES_MEDIANA,MTC_RVN_SUPERFICIE_DOMINANTE,MTC_RVN_ESTADO_DOMINANTE,MTC_RVN_ES_CONCESIONADA,MTC_RVN_CONCESION_PRINCIPAL,MTC_RVN_CORREDOR_LOGISTICO,MTC_RVN_N_TRAMOS,IDH_2019,IDH_ESP_VIDA_2019,IDH_EDUC_SECUND_PCT_2019,IDH_ANIOS_EDUC_2019,IDH_INGRESO_PERCAP_2019,IDH_POBLACION_2019,MTC_DEP_RED_TOTAL_KM,MTC_DEP_NACIONAL_TOTAL_KM,MTC_DEP_DEPARTAMENTAL_TOTAL_KM,MTC_DEP_VECINAL_TOTAL_KM,MTC_DEP_PAV_TOTAL_KM,MTC_DEP_NO_PAV_TOTAL_KM,MTC_DEP_PCT_PAVIMENTADA,PER_TOTAL_PERSONAS,PER_N_CONDUCTORES,PER_N_CONDUCTORES_FUGADOS,PER_N_PEATONES,PER_N_PASAJEROS_OCUPANTES,PER_EDAD_COND_PROM,PER_EDAD_COND_MIN,PER_EDAD_COND_MAX,PER_ANY_COND_MASCULINO,PER_ANY_LIC_PROBLEMA,PER_ANY_DOSAJE_POS,PER_ANY_DOSAJE_EVALUADO,VEH_TOTAL,VEH_N_FUGADOS,VEH_ANY_FUGADO,VEH_ANY_CARGA,VEH_ANY_PUBLICO,VEH_ANY_PARTICULAR,VEH_ANY_MOTO,VEH_ANY_AUTO,VEH_ANY_CAMION_BUS,VEH_ANY_SOAT_PROBLEMA,VEH_ANY_CITV_PROBLEMA,VEH_ANY_SEGURO_PROBLEMA,HORA_NUM,FRANJA_HORARIA,ANIO,MES,DIA_MES,DIA_SEMANA,ES_FIN_SEMANA,ES_QUINCENA,REGION_NATURAL,TIENE_SEÑALIZACION,ES_VIA_MULTICARRIL,ES_DEPTO_BAJO_PAVIMENTO,CATEGORIA_SEVERIDAD,CATEGORIA_SEVERIDAD_ENC
3,1,3,0,4,1,-16.425699929140972,-71.50772808796715,0,4,5,0,2,2,2,0,1704.4257440266513,2.0,2,0,1.0,7,28,312.95037594417,0.5589241410370808,79.88729023758786,68.10663204380663,7.649767378422492,972.3860574989512,1162.8136175650939,10322.272,1495.236,1749.739,7077.2970000000005,2886.595,7435.677000000001,27.964725207783708,8,2,0,0,6,31.186495844676383,25.473357736474803,36.89963395287796,1.0,0.0,0.0,0.5266422635251975,2,0,0.0,0.0,0.5266422635251975,1.0,0.0,0.4733577364748025,0.5266422635251975,0.0,0.0,0.0,3,0,2024,6,3,2,0,0,0,1,0,1,GRAVE_LESIONADOS,1
6,1,7,0,4,1,-14.601381335087298,-71.73441572511955,1,4,5,0,2,2,2,2,1003.26764506011,-0.0969072780538871,0,1,0.0,9,32,241.55050152079457,0.4670263153502933,65.5237709552973,70.61273193256336,7.074467358088314,760.9316629253258,9065.880085653103,17779.13499998999,2097.3709999899997,2863.123,12818.640999999989,2878.713,14900.421999989989,16.19152450331032,5,1,0,0,4,22.0,22.0,22.0,0.45154636097305645,0.0,0.0,0.0,1,0,0.0,0.0,0.0,1.0,0.0,0.5484536390269436,0.45154636097305645,0.0,0.0,0.0,8,1,2022,5,20,4,0,0,2,1,0,1,GRAVE_LESIONADOS,1
3,1,16,1,2,2,-4.363848440687996,-76.34546848546005,0,1,7,1,2,2,2,1,4341.399244244962,2.0,3,2,1.0,8,27,762.8972807012739,0.5966091688138451,75.97128071210287,62.73602689004114,10.305296090892366,1045.539186339106,153824.3600321576,4404.162740762923,824.0016141043873,453.69463272995444,3126.466493928582,1089.8911887506767,3314.2715520122474,24.890284718829424,8,2,0,0,6,44.2844617622936,36.36311280617373,59.54754877530509,1.0,0.5796108992282839,0.0,0.4203891007717161,2,0,0.0,0.0,0.0,1.0,0.5796108992282839,0.4203891007717161,1.0,0.0,1.0,0.5796108992282839,11,2,2022,10,6,2,0,0,0,1,0,1,GRAVE_LESIONADOS,1
6,1,8,0,4,1,-12.700168225200885,-74.45555475128211,0,4,0,0,1,1,0,1,6671.725189007516,2.0,3,3,1.0,13,29,1198.0,0.2515780347199733,68.6895244058313,62.58267243597915,4.284365074442101,199.23326678115188,3751.6399723953973,8511.426,1445.3929999999996,2008.516,5057.516999999999,1879.579,6631.846999999998,22.08300935706896,4,1,0,0,3,26.47414119554567,25.982760797030444,26.842676494432084,1.0,0.0,0.0,0.0,1,0,0.0,0.0,0.0,1.0,0.0,1.0,0.0,0.0,0.0,0.0,16,1,2021,10,4,5,1,0,2,1,0,1,GRAVE_LESIONADOS,1
3,1,3,0,4,1,-16.224040557341706,-73.59758089024398,0,4,7,1,2,2,2,0,6639.975,2.0,2,0,1.0,9,31,1616.0,0.5927410393906296,81.58680535221839,49.73955079003139,9.388526083926603,1092.849813720497,4944.302866804781,10322.272,1495.236,1749.739,7077.2970000000005,2886.595,7435.677000000001,27.964725207783708,4,2,0,0,2,38.095136744632214,30.7192839289375,45.47098956032692,1.0,0.0,0.0,0.0,2,0,0.13225260991826937,0.0,0.0,1.0,0.0,0.13225260991826937,0.8677473900817306,0.0,0.0,0.0,4,0,2021,1,10,0,0,0,0,1,0,1,GRAVE_LESIONADOS,1
4,2,5,0,4,1,-6.301977783968434,-78.79116669061554,2,4,3,0,2,2,2,0,8406.260832619173,2.0,2,1,1.0,11,32,2642.7677789569693,0.2670964136176103,75.98276905451344,32.95978262795619,3.982038486097876,310.6020690622331,9254.33888835708,15935.565011852366,1733.9250000199986,935.692,13265.948011832368,2000.1670000199988,13935.398011832369,12.551591352627522,7,2,0,0,4,35.23385892262711,28.64677178452542,46.21233748612991,1.0,1.0,0.0,1.0,2,0,0.0,1.0,0.0,0.5489239281751404,0.45107607182485965,0.5489239281751404,0.5489239281751404,0.45107607182485965,0.45107607182485965,0.45107607182485965,7,1,2022,5,8,4,0,0,2,1,0,1,GRAVE_LESIONADOS,1
3,2,12,0,4,1,-7.166941478494967,-79.44108685203517,0,4,7,1,2,2,2,0,6543.555,3.0,2,0,1.0,0,30,1475.0,0.5114727232493018,78.60606800160349,61.153108160372966,6.422343227671115,862.4189512831092,24701.19700214133,8931.828000000005,1335.5899999999997,1935.9830000000004,5660.255000000005,1219.309,7712.519000000005,13.651281686122925,5,2,0,0,3,23.291958763959745,23.076831253673618,23.507086274245868,1.0,1.0,0.0,0.0,2,0,0.0,0.0,1.0,1.0,1.0,0.0,0.015366250734723308,0.9846337492652767,0.0,0.015366250734723308,19,1,2021,1,17,5,0,1,0,1,1,1,GRAVE_LESIONADOS,1
4,1,14,0,4,1,-11.221126945770441,-77.54159673995848,0,4,7,0,2,2,2,2,6543.555,3.0,2,0,1.0,0,30,1475.0,0.7327345537337897,78.20903814342847,76.31492653513806,13.642917835589472,1405.6698219039215,62016.21841541756,7626.313,1683.4029999999998,1599.0829999999996,4343.827000000001,1814.875,5811.438000000001,23.797541485643197,4,1,0,0,3,42.99255332000006,35.24954469714315,50.73556194285697,1.0,0.0,0.0,1.0,1,0,0.0,0.0,0.0,1.0,0.0,1.0,0.5735561942856968,0.0,0.0,0.0,14,1,2023,7,17,0,0,1,0,1,1,1,GRAVE_LESIONADOS,1
4,2,11,0,4,1,-9.335234177050133,-78.41335776004087,0,4,7,1,2,2,2,2,872.1385995577075,0.8185806122724211,2,0,1.0,5,24,104.71664353877277,0.48482186708455743,77.67892494509823,59.26454337180438,7.397399894300531,699.853361252737,16813.95424436066,3562.7777177084827,587.1774146527415,711.4417007335078,2264.158602322233,860.6995845092594,2702.078133199223,23.994874258508368,4,1,0,0,3,41.78761292515172,36.33187108833445,47.24335476196898,1.0,0.6061935374241404,0.0,0.0,1,0,0.0,0.3938064625758596,0.6061935374241404,0.6061935374241404,0.6061935374241404,0.0,0.3938064625758596,0.6061935374241404,0.6061935374241404,0.6061935374241404,13,1,2022,3,24,5,1,1,0,1,0,1,GRAVE_LESIONADOS,1
6,1,12,0,4,1,-7.775201968493706,-78.49753008371869,0,4,7,1,4,2,2,0,6543.555,2.557764759098062,2,1,1.0,6,31,1352.500838270163,0.5495753963298715,75.2350446450814,61.89436766963897,8.13852701461757,976.0922788688137,8867.672149163096,8931.828000000005,1335.5899999999997,1935.9830000000004,5660.255000000005,1219.309,7712.519000000005,13.651281686122925,6,1,0,0,5,32.44223524090194,32.44223524090194,32.44223524090194,1.0,0.0,0.0,0.0,1,0,0.0,0.4422352409019382,0.0,0.5577647590980618,0.0,0.5577647590980618,0.4422352409019382,0.0,0.5577647590980618,0.0,14,1,2023,5,6,5,1,0,0,1,0,1,GRAVE_LESIONADOS,1
3,1,3,0,4,0,-15.816698921335613,-72.43023993956514,0,4,2,0,2,0,1,0,6577.173172678745,2.0,3,2,1.0,12,32,1343.741507775514,0.5991929966397502,80.03848314347923,62.72401720581558,8.77701550892066,1081.0338323150004,6917.52866710866,10322.272,1495.236,1749.739,7077.2970000000005,2886.595,7435.677000000001,27.964725207783708,6,2,0,0,4,34.83530283619774,33.53263062459733,36.13797504779815,1.0,0.0,0.0,0.0,2,0,0.3486638941997945,0.0,0.0,1.0,0.0,1.0,0.6513361058002055,0.0,0.0,0.0,9,1,2021,8,27,5,1,1,0,1,0,1,GRAVE_LESIONADOS,1
6,1,7,1,2,3,-8.014908348262884,-77.24455493399087,0,0,5,0,2,2,2,5,6543.555,2.0,4,4,1.0,14,33,1198.0,0.4595999909532536,73.45273482002473,66.48552266901497,6.335095104201429,697.7761046818997,46798.6921236762,15582.23052838084,1778.1222401797513,1154.2368708331335,12649.871417367956,2202.6047937773146,13379.625734603527,14.36057267588685,5,1,0,0,4,55.616302929892335,55.616302929892335,55.616302929892335,1.0,0.0,0.0,0.8459242675269165,1,0,0.0,0.0,0.8459242675269165,0.15407573247308348,0.0,0.0,1.0,0.0,0.0,0.0,14,2,2023,7,13,2,0,0,2,1,0,1,GRAVE_LESIONADOS,1
6,1,1,0,4,1,-9.930642853048942,-77.28248263824348,0,4,7,0,2,2,2,1,9936.932,2.0,2,0,1.0,9,32,3830.0,0.45469186787257276,71.23777345234289,61.733821322029364,7.355234809026718,661.628465124598,3199.3714217834245,10767.648,1885.0630000000003,1222.721,7659.864000000001,2100.343,8667.305000000002,19.506051832303577,16,1,0,0,15,33.24157881463121,33.24157881463121,33.24157881463121,1.0,0.0,0.0,1.0,1,0,0.0,0.0,1.0,0.0,0.0,0.35346490121926744,0.6465350987807326,0.0,0.35346490121926744,0.0,7,1,2021,10,14,2,0,0,0,1,0,1,GRAVE_LESIONADOS,1
6,1,9,0,4,0,-11.7814633151179,-75.3011772864929,0,4,0,0,2,2,2,0,6543.555,2.0,4,4,1.0,14,33,1198.0,0.30076377209397953,76.14822066479579,48.257164901837456,4.984892376314155,282.04707305321494,5384.247498957101,12340.197108664246,1822.5570818750705,1227.6406938721177,9289.999332917057,1752.3450951025457,10587.8520135617,14.166976705564867,5,1,0,0,4,41.904090287537365,41.904090287537365,41.904090287537365,0.8173483812562278,0.8173483812562278,0.0,0.18265161874377223,1,0,0.0,0.0,0.0,0.18265161874377223,0.0,0.8173483812562278,0.18265161874377223,0.0,0.0,0.0,10,1,2023,2,28,5,1,1,2,1,0,1,GRAVE_LESIONADOS,1
3,2,10,0,4,1,-14.005942594657323,-75.76752314021782,0,2,7,1,2,1,1,2,6639.975,2.0,2,0,1.0,9,31,1616.0,0.6105025099363579,79.28679062853963,69.86426873511527,9.185313450634686,1063.9595910821138,28802.16368666286,3721.461,698.1859999999996,744.866,2278.409,1102.9029999999996,2618.558,29.636290693359403,6,2,0,0,4,40.25052398069675,28.746332135122756,51.75471582627074,1.0,1.0,0.0,1.0,2,0,0.0,0.24947601930325103,0.0,1.0,0.750523980696749,0.0,1.0,0.24947601930325103,0.0,0.0,9,1,2021,6,22,1,0,1,0,1,0,1,GRAVE_LESIONADOS,1
4,1,3,0,4,1,-16.274725334079776,-71.33060375606412,0,4,5,0,5,1,1,0,1238.3119320421517,1.3390876132626799,3,1,0.33908761326268,8,29,215.22441691724453,0.5019421562966507,80.22178314816071,71.89271084538719,7.292339762227549,681.6381712207575,2652.133983273028,10322.272,1495.236,1749.739,7077.2970000000005,2886.595,7435.677000000001,27.964725207783708,5,1,0,0,3,45.61220845862226,43.06905135915216,48.155365558092356,1.0,0.0,0.0,0.0,1,0,0.0,1.0,0.0,0.33908761326268,0.0,0.33908761326268,1.0,0.0,0.0,0.0,5,0,2022,8,15,4,0,0,0,1,0,1,GRAVE_LESIONADOS,1
3,1,3,0,4,1,-16.42538488471245,-71.72019047914318,0,4,4,0,2,1,1,0,1504.4250000000002,2.0,2,0,1.0,7,25,241.0,0.6076348947029389,78.13859066362586,70.97902910490635,8.580742165197085,1111.3926935031172,34535.33809875222,10322.272,1495.236,1749.739,7077.2970000000005,2886.595,7435.677000000001,27.964725207783708,7,2,0,0,5,35.038723143498075,28.382300465608022,41.22188219913384,1.0,0.0,0.0,1.0,2,0,0.0,1.0,0.7098954333814536,0.0,0.0,0.0,1.0,0.0,0.0,0.0,18,2,2023,5,8,2,0,0,0,1,0,1,GRAVE_LESIONADOS,1
3,2,3,0,4,1,-15.967808479428747,-72.45889787443184,0,4,7,1,2,1,1,0,6797.785821372682,2.0,2,0,1.0,9,31,1721.9744359781212,0.5977758489728615,76.36070137473168,69.27866522853348,8.622043431618257,1106.4230045396978,74414.7191236745,10255.717565194598,1487.5944485970358,1758.653680602669,7009.469435994893,2806.7893570622323,7448.928208132365,27.279603661210675,7,2,0,0,5,31.191462395624427,29.095731197812214,33.28719359343664,1.0,0.0,0.0,0.9521344010938929,2,0,0.0,0.04786559890610709,0.0,0.9521344010938929,0.0,0.9521344010938929,1.0,0.0,1.0,0.0,13,2,2022,2,22,1,0,0,0,1,0,1,GRAVE_LESIONADOS,1
3,1,13,0,4,0,-14.186952862304961,-72.23671479665458,4,4,3,1,4,2,2,0,6969.094941980228,2.0,3,2,1.0,11,21,1198.0,0.3230744658639461,70.45030617487211,54.354086016949125,6.007055744842015,317.4110776835427,7482.028352031049,13249.307236541108,1932.8015531799126,2117.524332775146,9198.98135058605,2976.0677775733993,10273.239458967708,22.379691402452504,9,2,0,0,7,41.690390294295504,36.07860025590914,47.30218033268187,1.0,0.0,0.0,0.4078600255909134,2,0,0.0,0.4078600255909134,0.4078600255909134,0.5921399744090866,0.0,0.5921399744090866,1.0,0.5921399744090866,0.5921399744090866,0.0,20,2,2022,3,15,2,0,0,2,1,0,1,GRAVE_LESIONADOS,1
6,1,10,0,4,1,-9.037394580167835,-78.02927503144019,0,4,7,1,2,2,2,1,6851.306641265596,2.7050345222633325,2,0,1.0,2,22,1393.2945626669432,0.5420209866556662,76.48812591864701,66.41725374144168,8.05765213481112,895.5895617655615,9635.434837836561,8807.823923228552,1367.978094351919,1957.377730996674,5482.46809787996,1414.0658559851893,7393.758067243363,16.138350266729,5,1,0,0,4,51.20138089053331,51.20138089053331,51.20138089053331,1.0,0.0,0.0,0.0,1,0,0.0,0.0,0.0,1.0,0.0,1.0,0.0,0.0,0.7050345222633327,0.0,12,2,2023,5,8,4,0,0,0,1,0,1,GRAVE_LESIONADOS,1
3,1,11,0,4,1,-11.115348485174115,-75.38061760067409,4,4,6,1,5,2,2,0,600.0300000000001,2.0,2,0,0.0,9,8,178.0,0.5603715470794179,74.77572539531664,63.458140596565244,8.774795019086055,972.1185927700028,25554.371261068358,12264.545,1826.4639999999995,1105.5389999999998,9332.542,1588.5359999999996,10676.009,12.952261987705208,21,2,0,0,19,33.886564741834256,31.504424320353564,36.26870516331494,1.0,0.0,0.0,0.0,2,0,0.0,0.7731294836685059,1.0,0.0,0.22687051633149413,0.22687051633149413,0.7731294836685059,0.0,0.7731294836685059,0.0,14,2,2022,3,25,4,0,1,2,1,0,1,GRAVE_LESIONADOS,1
5,1,5,0,4,1,-12.992610213681496,-75.06245291156868,0,4,0,1,2,1,1,4,1515.013184618159,2.0,2,2,1.0,7,21,282.4506401227584,0.35478494171792,78.60325730491104,48.110639965924065,5.3610290550827635,508.84871938906304,3931.6369808547997,12593.943350510475,1809.452810111788,1637.1844130117188,9147.306127386968,2301.780437968897,10292.162912541577,18.24127549266348,6,2,0,0,4,31.9212082984125,30.18114817918889,33.66126841763611,1.0,0.0,0.0,1.0,2,0,0.7952870447972226,0.0,0.0,1.0,0.0,0.20471295520277744,1.0,0.0,0.0,0.7952870447972226,10,2,2022,1,20,5,1,0,2,1,0,1,GRAVE_LESIONADOS,1
3,2,13,0,4,1,-9.724617762463108,-78.18865648943931,0,4,7,1,2,2,2,1,975.3578931540933,0.107660800685204,0,0,1.0,6,16,161.73844053379014,0.5495392346478598,78.18136108539838,61.78976230419882,7.047976381064793,1031.4339101316828,20150.307876414936,6087.911713109138,1252.0278241555493,1263.3307041976352,3572.5531847559537,1404.4792889407938,4683.432424168344,22.517252968672047,5,2,0,0,3,50.146306130021514,42.09247572967891,58.20013653036412,1.0,0.36922026689506804,0.0,0.630779733104932,2,0,0.0,0.0,0.36922026689506804,1.0,0.36922026689506804,0.630779733104932,0.0,0.36922026689506804,0.36922026689506804,0.36922026689506804,11,1,2021,8,12,5,1,0,0,1,0,1,GRAVE_LESIONADOS,1
6,1,12,0,4,1,-9.307778083117022,-78.09273907974813,0,4,2,1,2,2,2,1,945.3312552617045,2.0,2,0,0.5875617721497983,8,24,346.6380602544206,0.48173149921567027,75.09068185677062,56.830033591654505,6.573752780488141,850.455817761194,25865.7951719845,8393.383706968147,1479.041377343262,1797.0325610372672,5117.309768587618,1464.9431856078331,6928.440521360314,17.83598709714481,5,1,0,0,4,31.10148253159516,31.10148253159516,31.10148253159516,1.0,0.4124382278502017,0.0,0.4124382278502017,1,0,0.0,0.0,0.0,1.0,0.0,0.0,1.0,0.5875617721497983,0.5875617721497983,0.5875617721497983,8,1,2021,7,6,2,0,0,0,1,0,1,GRAVE_LESIONADOS,1
4,1,14,2,4,1,-12.283552243990327,-76.87549524457309,4,2,7,1,2,2,2,0,6639.975,2.0,2,0,1.0,9,31,1616.0,0.6909236767275176,78.41626133969348,70.97436336767564,9.826485374940413,1476.8351947609171,95908.53319057816,7626.313,1683.4029999999998,1599.0829999999996,4343.827000000001,1814.875,5811.438000000001,23.797541485643197,6,1,0,0,4,42.28773703085446,37.51482749909591,47.06064656261301,1.0,0.0,0.0,0.0,1,0,0.0,0.3535488542043371,0.0,0.0,0.0,0.0,1.0,0.0,0.6464511457956629,0.0,7,0,2022,9,22,3,0,0,0,1,0,1,GRAVE_LESIONADOS,1
3,2,9,0,4,1,-9.487461036821069,-76.26980598919567,0,4,7,1,2,2,2,2,8885.864191569235,2.0,2,0,1.0,9,26,3011.2798547632437,0.5563774842369664,77.00938809632027,69.10246351364754,8.476961866273152,914.8835608305218,27932.19700214133,8209.057,1333.4779999999996,791.9770000000001,6083.602,1059.8589999999997,7149.198,12.910849565303296,6,2,0,0,4,31.28077647390212,30.798325003521,31.763227944283237,1.0,0.4824514703811176,0.0,0.0,2,0,0.0,0.5175485296188824,0.0,0.4824514703811176,0.4824514703811176,0.5175485296188824,0.5175485296188824,0.5175485296188824,0.5175485296188824,0.5175485296188824,19,2,2021,5,16,5,1,0,2,1,0,1,GRAVE_LESIONADOS,1
4,1,7,0,4,0,-13.741238358851371,-71.4130249369713,0,4,0,0,1,2,2,2,6543.555,2.0,4,4,1.0,14,33,1198.0,0.2958202449222402,66.33873493966891,50.562249418929355,4.787928931603897,320.38569796132344,11581.30498019469,17779.13499998999,2097.3709999899997,2863.123,12818.640999999989,2878.713,14900.421999989989,16.19152450331032,6,1,0,0,4,46.69012376675299,39.52193215501876,53.858315378487234,1.0,0.5973493009778531,0.0,0.4026506990221469,1,0,0.0,0.0,0.0,1.0,0.5973493009778531,0.0,0.4026506990221469,1.0,0.0,0.5973493009778531,6,0,2022,4,8,4,0,0,2,1,0,1,GRAVE_LESIONADOS,1
9,1,6,0,4,2,-9.780734476319527,-75.67700539257558,0,3,2,0,1,2,2,1,6543.555,2.0,4,4,1.0,14,33,1198.0,0.44528132727908426,72.56550914419725,62.05010125519661,6.6939634765204135,635.164733189,29247.299929776847,16908.11802624444,1925.6565345502618,1952.4848753149088,13029.976616379268,2463.6332996779774,14444.484726566461,14.471793992429838,7,1,0,0,6,33.60583349387241,33.60583349387241,33.60583349387241,1.0,0.0,0.0,0.47246211391489046,1,0,0.0,0.5275378860851095,0.0,0.47246211391489046,0.0,0.0,1.0,0.47246211391489046,0.47246211391489046,0.47246211391489046,12,2,2021,9,6,1,0,0,2,1,0,1,GRAVE_LESIONADOS,1
3,1,3,0,4,1,-17.0253210761848,-71.65315164496539,1,4,0,0,2,1,0,0,6639.975,2.0,2,0,1.0,9,31,1616.0,0.6449493635682252,78.44719582624413,79.23084709401536,8.759364777311836,1226.330683483547,8054.678800856533,10322.272,1495.236,1749.739,7077.2970000000005,2886.595,7435.677000000001,27.964725207783708,35,2,0,0,33,53.39662664788112,42.30168667605944,64.4915666197028,1.0,0.0,0.0,1.0,2,0,0.0,0.6983133239405601,0.6983133239405601,0.3016866760594399,0.0,0.3016866760594399,1.0,0.0,0.0,0.0,3,0,2025,5,26,5,1,1,0,1,0,1,GRAVE_LESIONADOS,1
4,1,10,0,4,1,-14.474997580070054,-72.28739829302086,0,4,3,0,4,1,0,4,7586.903,2.0,2,0,1.0,9,5,1198.0,0.3089972620106288,66.68037745968809,57.71908195906913,5.959593051125654,310.1402353867847,7015.544662492392,13096.634690803205,1898.6245969558374,2025.6142180474842,9172.395875799884,2844.7696734362767,10251.865017366928,21.636634481698906,4,1,0,0,3,31.890787128692672,24.73478773242784,39.046786524957504,1.0,0.0,0.43369693310695956,0.43369693310695956,1,0,0.0,0.0,0.0,1.0,0.43369693310695956,1.0,0.0,0.0,0.43369693310695956,0.43369693310695956,14,3,2022,5,13,5,0,0,2,1,0,1,GRAVE_LESIONADOS,1
5,1,13,0,4,1,-9.977072225011932,-77.22787649197252,3,4,1,0,1,2,2,2,6543.555,2.2022731817420302,3,3,1.0,11,32,1254.0296713425423,0.6206632768115878,79.28534314806159,57.754683968356154,10.036362300040764,1166.5378439561832,14593.430745132275,7890.383672861948,1613.049757838759,1667.22883492889,4610.105080094299,1694.4079702426259,6195.975702619323,21.745225233212977,6,1,0,0,5,34.14660022571162,33.84319045309858,34.45000999832467,1.0,0.0,0.0,0.7977268182579696,1,0,0.0,1.0,0.20227318174203035,0.0,0.0,0.0,1.0,0.0,0.0,0.0,13,2,2023,8,13,1,0,0,0,1,0,1,GRAVE_LESIONADOS,1
3,2,3,0,4,1,-16.86527601617559,-71.792863114495,0,4,0,0,2,0,1,0,1836.5497677598155,2.0,2,0,1.0,8,30,360.4820650142408,0.6350004423629922,78.7774684513697,76.76743088613328,8.944758107947296,1204.0617340154615,1117.5973359799918,10322.272,1495.236,1749.739,7077.2970000000005,2886.595,7435.677000000001,27.964725207783708,6,2,0,0,4,43.574595954790574,41.43279460638743,45.716397303193716,1.0,0.7860662171989528,0.0,0.0,2,0,0.0,0.21393378280104725,0.0,1.0,0.0,1.0,0.21393378280104725,0.0,0.7860662171989528,0.0,6,0,2024,2,4,4,0,0,0,1,0,1,GRAVE_LESIONADOS,1
3,1,14,2,2,4,-12.22624972095078,-76.94044748407934,0,0,6,0,2,2,2,0,6543.555,2.0,4,4,1.0,14,33,1198.0,0.6989945189297447,80.14443626918798,74.38232606061655,10.002951656732296,1432.3729088761577,459123.344194068,7626.313,1683.4029999999998,1599.0829999999996,4343.827000000001,1814.875,5811.438000000001,23.797541485643197,4,2,0,0,2,74.88392462314118,74.79686809049706,74.9709811557853,1.0,1.0,0.0,0.0,2,0,0.0,0.0,0.0,1.0,0.9941962311570589,0.005803768842941093,0.9941962311570589,0.9941962311570589,0.9941962311570589,1.0,18,2,2024,4,20,5,0,0,0,1,0,1,GRAVE_LESIONADOS,1
3,1,10,2,3,1,-13.467529673416863,-75.31001961845838,0,1,7,0,3,2,2,0,6610.9566570658335,2.0,2,1,1.0,10,31,1490.199674896475,0.6857867760087902,78.34133572390719,73.72877304869512,10.25988266930194,1393.4045429628982,96515.78788223813,8437.682661879844,1626.7726895364713,1644.424085595207,5166.485886748165,2137.4174029185406,6300.2652589613035,25.05168757897189,8,2,0,0,5,36.553352004455355,27.11628116449743,45.990422844413274,1.0,0.30095771555867246,0.0,0.0,2,0,0.0,0.6990422844413275,0.0,0.30095771555867246,0.30095771555867246,0.0,0.6990422844413275,0.30095771555867246,0.30095771555867246,0.0,6,0,2023,6,13,4,0,0,0,1,0,1,GRAVE_LESIONADOS,1
5,1,12,0,4,1,-7.767349019493862,-79.28374875854524,0,4,7,1,2,2,2,0,6543.555,2.7489176404785196,2,1,1.0,3,30,1405.45018641255,0.600387917834501,77.26845671222088,73.84010351091891,8.962510998574215,1040.1415202404457,8673.424141436113,8931.828000000005,1335.5899999999997,1935.9830000000004,5660.255000000005,1219.309,7712.519000000005,13.651281686122925,6,1,0,0,4,29.991341123828157,29.991341123828157,29.991341123828157,1.0,0.2510823595214804,0.0,0.0,1,0,0.0,0.0,0.0,1.0,0.0,1.0,0.0,0.0,1.0,0.0,16,2,2023,2,11,6,1,0,0,1,0,1,GRAVE_LESIONADOS,1
3,1,3,0,4,1,-9.33230117606738,-77.59307738289726,0,4,0,1,3,1,1,1,9936.932,2.0,2,0,1.0,9,32,3830.0,0.2975734704891639,75.4404117177257,49.021692009638436,5.397073892369126,263.58647592074897,1967.990575426359,10389.767784138261,1771.960966113128,1369.536917969069,7248.269900056066,1918.9933480180343,8470.774436120228,18.30092180503532,9,1,0,0,7,51.220430519068366,34.94009498789737,67.50076605023936,1.0,0.7941627088376095,0.0,0.0,1,0,0.0,0.0,0.7941627088376095,1.0,0.7941627088376095,0.0,1.0,0.0,1.0,0.7941627088376095,9,1,2023,1,28,0,0,1,0,1,0,1,GRAVE_LESIONADOS,1
6,1,5,0,4,2,-6.0391925773060455,-78.8604013811574,0,4,5,0,1,2,2,1,6543.555,2.0,4,4,1.0,14,33,1198.0,0.29354355926741554,74.92795732246815,33.20840312940379,4.424654839101866,353.4772056984693,8839.595976328183,15935.565011852366,1733.9250000199986,935.692,13265.948011832368,2000.1670000199988,13935.398011832369,12.551591352627522,7,1,0,0,6,47.7358439055105,47.7358439055105,47.7358439055105,1.0,0.20246754209575002,0.0,1.0,1,0,0.0,1.0,0.0,0.0,0.20246754209575002,0.0,0.79753245790425,0.20246754209575002,0.20246754209575002,0.20246754209575002,16,1,2024,5,12,4,0,0,2,1,0,1,GRAVE_LESIONADOS,1