CLASE SINIESTRO,CANTIDAD DE VEHICULOS DAÑADOS,DEPARTAMENTO,ZONA,TIPO DE VÍA,RED VIAL,COORDENADAS LATITUD,COORDENADAS  LONGITUD,CONDICIÓN CLIMÁTICA,ZONIFICACIÓN,CARACTERÍSTICAS DE VÍA,PERFIL LONGITUDINAL VÍA,SUPERFICIE DE CALZADA,¿EXISTE SEÑAL VERTICAL?,¿EXISTE SEÑAL HORIZONTAL?,CAUSA FACTOR PRINCIPAL,MTC_RVN_LONGITUD_KM,MTC_RVN_N_CARRILES_MEDIANA,MTC_RVN_SUPERFICIE_DOMINANTE,MTC_RVN_ESTADO_DOMINANTE,MTC_RVN_ES_CONCESIONADA,MTC_RVN_CONCESION_PRINCIPAL,MTC_RVN_CORREDOR_LOGISTICO,MTC_RVN_N_TRAMOS,IDH_2019,IDH_ESP_VIDA_2019,IDH_EDUC_SECUND_PCT_2019,IDH_ANIOS_EDUC_2019,IDH_INGRESO_PERCAP_2019,IDH_POBLACION_2019,MTC_DEP_RED_TOTAL_KM,MTC_DEP_NACIONAL_TOTAL_KM,MTC_DEP_DEPARTAMENTAL_TOTAL_KM,MTC_DEP_VECINAL_TOTAL_KM,MTC_DEP_PAV_TOTAL_KM,MTC_DEP_NO_PAV_TOTAL_KM,MTC_DEP_PCT_PAVIMENTADA,PER_TOTAL_PERSONAS,PER_N_CONDUCTORES,PER_N_CONDUCTORES_FUGADOS,PER_N_PEATONES,PER_N_PASAJEROS_OCUPANTES,PER_EDAD_COND_PROM,PER_EDAD_COND_MIN,PER_EDAD_COND_MAX,PER_ANY_COND_MASCULINO,PER_ANY_LIC_PROBLEMA,PER_ANY_DOSAJE_POS,PER_ANY_DOSAJE_EVALUADO,VEH_TOTAL,VEH_N_FUGADOS,VEH_ANY_FUGADO,VEH_ANY_CARGA,VEH_ANY_PUBLICO,VEH_ANY_PARTICULAR,VEH_ANY_MOTO,VEH_ANY_AUTO,VEH_ANY_CAMION_BUS,VEH_ANY_SOAT_PROBLEMA,VEH_ANY_CITV_PROBLEMA,VEH_ANY_SEGURO_PROBLEMA,HORA_NUM,FRANJA_HORARIA,ANIO,MES,DIA_MES,DIA_SEMANA,ES_FIN_SEMANA,ES_QUINCENA,REGION_NATURAL,TIENE_SEÑALIZACION,ES_VIA_MULTICARRIL,ES_DEPTO_BAJO_PAVIMENTO,CATEGORIA_SEVERIDAD,CATEGORIA_SEVERIDAD_ENC
3,1,7,0,4,1,-13.697986437627076,-71.59663449044771,0,4,7,1,2,1,1,1,3202.8250867949864,1.9590439968714077,1,0,0.9590439968714077,5,18,562.887343762227,0.4630867148285697,65.56482597277164,72.71175518131439,7.244455218895084,720.8155311419571,8030.151587952627,17779.13499998999,2097.3709999899997,2863.123,12818.640999999989,2878.713,14900.421999989989,16.19152450331032,7,1,0,0,5,35.42661595619971,35.42661595619971,35.42661595619971,1.0,0.0,0.0,0.9590439968714077,1,0,0.0,0.0,0.0,1.0,0.0,0.9590439968714077,1.0,0.0,0.9590439968714077,0.0,18,1,2024,4,25,5,0,0,2,1,0,1,GRAVE_LESIONADOS,1
4,1,10,0,4,1,-6.385407959896404,-77.28512486645175,1,4,1,1,2,1,1,1,7758.33400008,2.0,2,0,1.0,9,20,2133.0,0.47152423526395004,72.86555593793516,52.06175936197029,6.294182444268499,851.9082826769093,7917.171764470255,4778.618234177467,984.2814420910503,776.0717343046226,3018.265057781794,978.6662510268151,3799.9519831506514,21.046732725949298,11,1,0,0,10,38.222367874978545,35.459152510837846,40.98558323911924,1.0,0.5024027934801267,0.0,0.0,1,0,0.0,0.0,1.0,0.5024027934801267,0.0,0.5024027934801267,0.49759720651987327,0.0,0.0,0.0,11,1,2022,1,23,5,0,1,1,1,0,1,GRAVE_LESIONADOS,1
5,1,7,0,4,1,-14.271333649548414,-71.19421898361381,1,4,0,0,1,2,2,2,6543.555,2.0,4,4,1.0,14,33,1198.0,0.3586630044461557,75.06436943871975,60.6320782949519,5.805412967314554,364.93049424813506,10182.768816769483,17779.13499998999,2097.3709999899997,2863.123,12818.640999999989,2878.713,14900.421999989989,16.19152450331032,9,1,0,0,8,64.17727746662909,63.18102245485112,65.17353247840705,1.0,0.08302125098149737,0.0,0.9169787490185026,1,0,0.0,0.0,0.0,1.0,0.08302125098149737,0.0,0.9169787490185026,1.0,0.0,0.08302125098149737,4,0,2021,3,11,4,0,0,2,1,0,1,GRAVE_LESIONADOS,1
3,1,12,0,4,1,-13.444616688621345,-75.49893048388255,0,4,2,1,2,1,1,0,7606.757256609322,2.0,2,0,1.0,9,31,2265.2216659583487,0.5142984752126922,78.23574932519007,77.70879153147014,8.440350107045733,694.4508010199469,1573.0025559371213,3708.45863918987,659.0101348914317,793.5368052818883,2255.9116990165503,952.7594934452013,2755.699145744669,25.657902863794412,6,2,0,0,4,45.007504895823864,39.01500979164773,51.0,1.0,0.0,0.0,0.2932347181383689,2,0,0.0,0.7067652818616311,0.0,1.0,0.0,1.0,0.7067652818616311,0.0,0.0,0.0,16,2,2023,6,17,1,0,1,0,1,0,1,GRAVE_LESIONADOS,1
6,1,7,0,4,1,-13.069720965054588,-72.40694752581169,1,4,0,0,2,1,1,2,3447.8009999999995,1.0,2,3,0.0,9,12,1109.0,0.4706944943299555,76.79406176595778,61.64424635983724,7.141255198110581,653.4175319142125,3282.6252676659524,17779.13499998999,2097.3709999899997,2863.123,12818.640999999989,2878.713,14900.421999989989,16.19152450331032,4,1,0,0,3,33.05703396115689,33.05703396115689,33.05703396115689,1.0,0.0,0.0,0.7224334230224131,1,0,0.0,0.0,0.0,0.2775665769775869,0.0,1.0,0.0,0.0,0.2775665769775869,0.0,13,2,2023,2,23,3,0,0,2,1,0,1,GRAVE_LESIONADOS,1
3,1,4,0,4,1,-13.344377998356102,-74.12549899801293,1,4,0,0,2,1,1,2,7586.903,2.0,2,0,1.0,9,5,1198.0,0.3247312330485405,68.57537050324747,46.66146619568446,5.125443322268163,386.5923984732166,6998.3704496788005,12678.733000000004,1805.074000000001,1774.0339999999994,9099.625000000004,2485.375000000001,10193.358000000002,19.602707936195205,15,1,0,0,13,46.331387656695185,40.38417119518465,52.27860411820572,1.0,0.0,0.0,0.9149563786939289,1,0,0.0,0.9149563786939289,0.9149563786939289,0.08504362130607113,0.0,0.08504362130607113,0.9149563786939289,0.0,0.0,0.0,17,2,2024,1,10,5,1,0,2,1,0,1,GRAVE_LESIONADOS,1
3,2,5,2,4,1,-5.709284877198051,-78.7716453356876,0,2,5,0,2,1,0,1,6088.43877347192,2.0,2,0,1.0,7,20,1672.558571404724,0.5803239946829384,74.49544278598792,68.33065356443184,8.733179344969395,1046.078117086984,102362.46895074946,15935.565011852366,1733.9250000199986,935.692,13265.948011832368,2000.1670000199988,13935.398011832369,12.551591352627522,7,2,0,0,5,38.59995563448465,37.31994676138159,39.87996450758772,1.0,1.0,0.0,0.7800088731030693,2,0,0.0,0.21999112689693068,0.7800088731030693,1.0,0.7800088731030693,0.21999112689693068,0.21999112689693068,0.0,0.7800088731030693,0.7800088731030693,13,3,2022,10,8,1,0,0,2,1,0,1,GRAVE_LESIONADOS,1
3,2,12,0,4,1,-6.810676132550194,-79.69234610531447,0,4,7,1,2,1,0,0,912.7953079252285,1.973555500116582,2,2,0.008814833294472635,9,7,216.21058884122206,0.45456649141811095,80.93102148203373,62.24324569522504,8.049396549359985,510.0112397972811,10905.219407527471,3461.998458911494,516.676207532217,690.2140322781906,2255.1082191010864,706.8769490131399,2755.121509898354,20.412028235541836,4,1,0,0,3,40.02644449988342,36.06170383306131,43.99118516670553,1.0,0.0,0.0,0.0,1,0,0.0,1.0,0.0,0.9911851667055274,0.0,0.0,1.0,0.9911851667055274,0.9911851667055274,0.9911851667055274,16,2,2022,5,5,5,1,0,0,1,0,1,GRAVE_LESIONADOS,1
6,1,4,0,4,1,-13.546283100408873,-74.41518025922988,0,4,0,0,1,2,2,2,1374.4358511164573,-0.14838292143021237,1,3,0.2838723595232625,9,29,244.81949123327973,0.25536031134282366,80.00833090645426,49.66927736595303,3.9977939706203203,197.4223524693578,2609.3636146359145,12678.733000000004,1805.074000000001,1774.0339999999994,9099.625000000004,2485.375000000001,10193.358000000002,19.602707936195205,5,1,0,0,4,31.71612764047674,31.71612764047674,31.71612764047674,1.0,0.0,0.7161276404767375,1.0,1,0,0.2838723595232625,0.0,0.0,1.0,0.0,0.0,1.0,0.0,0.7161276404767375,0.2838723595232625,18,2,2023,3,22,2,0,1,2,1,0,1,GRAVE_LESIONADOS,1
4,2,16,1,4,1,-6.360347269708279,-80.04292866380564,0,1,7,1,2,2,2,0,2551.4464012142544,2.0,2,3,0.34443828842851,10,32,499.8267771763631,0.5040221667021674,77.79564784887229,58.72869617076483,7.35993673735701,790.0562294726114,73255.77493034664,8954.128898343575,1628.5093951271294,1084.416858970885,6241.202644245562,1871.7213931484337,7082.407505195142,20.893967258601762,5,2,0,0,3,31.05928798733362,26.03331486528553,33.90005540414341,1.0,1.0,0.65556171157149,0.65556171157149,2,0,0.0,0.0,0.65556171157149,1.0,0.65556171157149,1.0,0.0,0.0,1.0,0.65556171157149,4,0,2022,5,16,2,0,0,0,1,0,1,GRAVE_LESIONADOS,1
6,1,7,0,4,1,-13.059761716827998,-72.42201748778089,0,4,0,0,2,1,1,2,3447.8009999999995,1.0,2,3,0.0,9,12,1109.0,0.4706944943299555,76.79406176595778,61.64424635983724,7.141255198110581,653.4175319142125,3282.6252676659524,17779.13499998999,2097.3709999899997,2863.123,12818.640999999989,2878.713,14900.421999989989,16.19152450331032,4,1,0,0,3,29.493432387465575,29.493432387465575,29.493432387465575,1.0,0.0,0.0,0.21334748392365321,1,0,0.0,0.0,0.0,0.7866525160763468,0.0,1.0,0.0,0.0,0.7866525160763468,0.0,8,1,2023,5,13,1,0,0,2,1,0,1,GRAVE_LESIONADOS,1
5,1,4,1,4,1,-12.67398818713002,-73.74589618060737,0,4,2,0,7,0,1,4,4497.064158614929,1.3389362199370263,2,3,0.3389362199370263,10,19,1139.1653235743954,0.400222123369322,76.59941613309536,53.23001410777033,5.967920301950901,505.80584318605844,10701.044104331502,12678.733000000004,1805.074000000001,1774.0339999999994,9099.625000000004,2485.375000000001,10193.358000000002,19.602707936195205,6,1,0,0,4,45.10085195886647,39.151277938299714,51.050425979433236,1.0,1.0,0.0,1.0,1,0,0.0,0.6610637800629737,0.0,0.6610637800629737,0.6610637800629737,0.0,1.0,1.0,1.0,0.0,2,0,2022,4,12,1,0,0,2,1,0,1,GRAVE_LESIONADOS,1
3,1,22,0,4,0,-6.158556489193614,-78.70681434997186,4,4,4,1,5,2,2,0,6560.974839603344,2.0,3,3,1.0,13,32,1273.518491539076,0.5610284501022581,74.96565595599915,66.39355261597417,8.570969749080946,964.7358601681232,4087.468118518159,1305.6594062802362,227.39774645225276,323.5843762529807,754.6772835750025,420.0108882924227,885.6485179878135,29.772986498853346,4,2,0,0,2,34.46433689454032,33.109340036781774,35.81933375229886,1.0,0.8193337522988611,0.8193337522988611,1.0,2,0,0.0,0.0,0.18066624770113893,1.0,0.8193337522988611,1.0,0.18066624770113893,0.8193337522988611,0.8193337522988611,0.0,20,2,2021,7,8,5,1,0,0,1,0,1,GRAVE_LESIONADOS,1
3,1,4,0,4,0,-15.426110131269958,-72.56274239191491,0,4,7,1,2,1,1,2,6543.555,2.0,4,4,1.0,14,33,1198.0,0.6379502897550623,80.16468656686652,73.04002322692874,9.917737240238768,1121.3969973251963,14225.91337763938,10140.543397265183,1474.370546582097,1774.080765571101,6892.0920851119845,2668.68363130099,7471.859765964192,26.09398313437754,4,1,0,0,2,26.568379044979757,22.568379044979757,30.437680791231443,0.869301746251687,0.0,0.0,0.869301746251687,1,0,0.0,0.869301746251687,0.130698253748313,0.869301746251687,0.130698253748313,0.869301746251687,0.869301746251687,0.130698253748313,0.0,0.130698253748313,19,2,2021,2,18,4,0,1,0,1,0,1,GRAVE_LESIONADOS,1
3,1,5,0,4,1,-6.443633066839601,-78.7666154847394,0,4,1,0,2,1,1,5,9936.932,2.0,2,0,1.0,9,32,3830.0,0.2874366547092728,80.86108489462937,41.57367193327509,3.838468075215743,297.00692887681686,5058.812570689927,15935.565011852366,1733.9250000199986,935.692,13265.948011832368,2000.1670000199988,13935.398011832369,12.551591352627522,4,1,0,0,3,47.534030243256396,37.201194702725246,57.86686578378754,1.0,0.0,0.0,1.0,1,0,0.0,0.8266268432424918,0.0,0.1733731567575082,0.1733731567575082,0.0,0.8266268432424918,0.0,0.8266268432424918,0.0,7,1,2022,10,6,4,0,0,2,1,0,1,GRAVE_LESIONADOS,1
5,1,8,0,4,1,-12.573015139769183,-74.74883323452448,0,4,3,1,2,1,0,0,7586.903,2.0,2,0,1.0,9,5,1198.0,0.2849729436227101,69.37688047954143,54.44064729598308,4.220149655176389,291.4249623683456,5266.276846760455,8511.426,1445.3929999999996,2008.516,5057.516999999999,1879.579,6631.846999999998,22.08300935706896,4,1,0,0,3,36.65912346041606,34.02262961875181,38.636493841664254,1.0,0.0,0.0,0.0,1,0,0.0,0.0,0.0,1.0,0.0,0.6591234604160635,0.3408765395839365,0.0,0.0,0.0,8,0,2021,9,22,4,0,1,2,1,0,1,GRAVE_LESIONADOS,1
4,1,12,1,2,2,-14.457067141513082,-71.14136520024967,0,3,0,1,2,0,1,2,6969.749500215542,2.0,3,2,1.0,11,21,1198.0,0.6676642642471959,74.31138359429812,82.44123726852162,11.31286781313041,1239.327868698125,136757.2390542214,16089.295382943335,2066.084133904814,2655.2004681345898,11368.010780903931,3056.54349138862,13032.751891554713,19.50065021424639,5,1,0,0,3,36.53449591679567,29.732100888941815,43.336890944649525,1.0,0.5915126111177267,0.0,0.0,1,0,0.0,0.0,0.0,0.5915126111177267,0.0,0.5915126111177267,1.0,0.0,1.0,0.0,14,1,2021,6,18,3,0,0,2,1,0,1,GRAVE_LESIONADOS,1
4,1,12,0,4,1,-7.919025148568084,-78.58992499236979,0,4,7,1,2,2,2,0,658.7571406071442,2.0,2,0,0.6512971891570216,8,30,140.10082324694253,0.4809306262814906,77.05093155317836,51.096837469863864,7.034716477755646,772.3975623107842,14002.878632801174,8931.828000000005,1335.5899999999997,1935.9830000000004,5660.255000000005,1219.309,7712.519000000005,13.651281686122925,5,1,0,0,4,56.246403621090856,56.072052215669366,56.420755026512346,1.0,0.6512971891570216,0.0,0.0,1,0,0.0,0.3487028108429784,0.0,0.6512971891570216,0.0,0.6512971891570216,0.3487028108429784,0.0,0.0,0.0,11,2,2022,1,20,3,0,0,0,1,0,1,GRAVE_LESIONADOS,1
5,1,8,1,4,2,-8.78819142020222,-76.62200213026443,0,3,5,0,1,2,2,2,5095.596451230538,1.7636470325232199,3,3,0.7636470325232199,12,32,927.1394992716099,0.39962302135607397,76.63784149419578,58.0564160971078,5.8462696174110285,497.0161526075094,52033.00530039925,15393.548093678963,1801.7237941478563,1270.9409578932518,12320.883341637855,2310.7076186885015,13082.840474990462,15.326578023141046,6,1,0,0,5,44.29994132112229,43.0,45.59988264224458,1.0,0.7636470325232199,0.0,1.0,1,0,0.0,0.0,1.0,0.23635296747678014,0.0,0.23635296747678014,1.0,1.0,0.7636470325232199,0.7636470325232199,7,1,2023,1,23,4,0,1,2,1,0,1,GRAVE_LESIONADOS,1
3,2,2,1,4,1,-9.161052117943047,-77.77538210562405,4,4,7,1,2,1,1,0,6543.555,2.096951392626715,3,3,1.0,12,32,1224.8555357576,0.45443635354245265,76.44549899560772,65.47822607593798,6.215081339590854,638.4094976066575,15806.461256680564,10589.662694388024,1831.7908274392214,1291.8727442077159,7465.999122741089,2014.9255267485148,8574.737167639512,18.93842371312205,6,2,0,0,4,49.145427088940075,40.87256253364043,57.41829164423971,1.0,0.0,0.0,0.0,2,0,0.0,1.0,0.0969513926267147,0.9030486073732853,0.0,0.9030486073732853,1.0,0.0,0.0,0.0,12,2,2023,5,7,2,0,0,0,1,0,1,GRAVE_LESIONADOS,1
4,1,3,0,4,1,-16.15945874099158,-71.64308335154286,0,4,2,0,2,1,1,1,1504.4250000000002,2.0,2,0,1.0,7,25,241.0,0.6005060748875158,78.21704200773246,77.40211893847457,8.994742794352394,996.014120858737,33335.45824411135,10322.272,1495.236,1749.739,7077.2970000000005,2886.595,7435.677000000001,27.964725207783708,5,1,0,0,3,39.165923450122335,35.92200854831478,42.40983835192989,0.6487829803615119,0.0,0.0,1.0,1,0,0.0,0.6487829803615119,0.0,0.35121701963848806,0.0,0.0,1.0,0.0,0.0,0.0,14,1,2021,4,19,2,0,0,0,1,0,1,GRAVE_LESIONADOS,1
3,1,4,0,4,1,-13.387101381622603,-74.12399173120853,1,4,0,0,2,2,2,2,7417.087679014456,2.0,2,0,1.0,9,9,1198.0,0.33719076831633005,69.7131730834137,48.55729850600532,5.277446067206773,402.9220817548092,6902.433013761501,12678.733000000004,1805.074000000001,1774.0339999999994,9099.625000000004,2485.375000000001,10193.358000000002,19.602707936195205,15,1,0,0,13,46.62825999442778,41.1861999975773,52.07031999127827,0.8372399995154594,0.0,0.0,1.0,1,0,0.0,0.8372399995154594,0.8372399995154594,0.16276000048454065,0.0,0.0,1.0,0.0,0.0,0.0,17,2,2024,1,13,5,1,0,2,1,0,1,GRAVE_LESIONADOS,1
3,2,5,0,4,1,-5.790576146941719,-78.78248473448028,0,3,6,1,2,1,1,0,7251.294820614674,2.0,2,0,1.0,8,20,1993.193717290274,0.5803239946829384,74.49544278598792,68.33065356443184,8.733179344969395,1046.078117086984,102362.46895074946,15935.565011852366,1733.9250000199986,935.692,13265.948011832368,2000.1670000199988,13935.398011832369,12.551591352627522,6,2,0,0,4,34.10117369535955,27.068753236194752,41.133594154524346,1.0,1.0,0.0,0.0,2,0,0.0,1.0,0.0,1.0,0.0,1.0,1.0,0.0,0.933202922737828,0.0,16,3,2022,7,29,6,1,0,2,1,0,1,GRAVE_LESIONADOS,1
6,1,2,0,4,1,-15.93767485309616,-71.69162727952369,0,4,6,1,6,2,2,0,1136.4568630896465,1.0,4,2,0.0,9,31,204.5945421547889,0.5087743934212946,79.06951780920224,71.5125753011647,7.809141031491038,692.9088388303048,3099.1659155472294,10347.950817927362,1517.7120574349979,1719.3529907259435,7110.885769766421,2841.26246759362,7506.688350333742,27.477027771199843,5,1,0,0,4,39.576564923286426,39.576564923286426,39.576564923286426,1.0,0.0,0.0,0.0,1,0,0.0,0.9423435076713574,0.0,0.05765649232864256,0.0,0.05765649232864256,0.9423435076713574,0.0,0.05765649232864256,0.0,5,0,2023,8,19,2,0,1,0,1,0,1,GRAVE_LESIONADOS,1
3,1,11,0,4,1,-12.06435247057127,-75.16697261095561,0,4,7,1,2,0,1,2,7586.903,2.0,2,0,1.0,9,5,1198.0,0.5446597550045349,71.87780032211342,77.9629583244826,9.411305644268259,829.2305196460904,14218.190769087521,12283.397216856574,1829.1228427939134,1122.6234897096945,9331.650884352965,1612.1465075901651,10671.250709266407,13.107431562486346,6,1,0,0,4,52.31527737067218,51.82211894953617,52.80843579180818,1.0,0.0,0.0,0.9863168422720129,1,0,0.0,0.0,1.0,0.0,0.0,0.0,1.0,0.0,0.0,0.0,19,1,2023,10,3,3,0,0,2,1,0,1,GRAVE_LESIONADOS,1
3,1,8,0,4,1,-12.383809695558448,-75.08848915636938,0,4,6,1,2,2,2,0,943.98517584278,1.0,0,3,0.0,9,30,101.38511215763981,0.4643465856079497,72.68992935254407,59.68759153000706,4.969593401492961,904.6681984081403,1217.021562723877,8511.426,1445.3929999999996,2008.516,5057.516999999999,1879.579,6631.846999999998,22.08300935706896,5,1,0,0,3,32.025750087924116,31.114318261749197,32.93718191409904,1.0,0.0,0.0,0.0,1,0,0.0,0.0,0.0,1.0,0.0,1.0,0.9114318261749199,0.0,0.0,0.0,6,1,2024,4,17,4,0,0,2,1,0,1,GRAVE_LESIONADOS,1
3,1,6,0,4,1,-14.942440080926715,-73.41581385064116,0,4,7,1,2,1,1,0,1123.9910459565594,2.0,2,0,0.708727477744263,7,18,186.8233108604329,0.6203884866852886,78.25381317447685,68.84753868914979,8.55959976756294,1193.984100670707,35322.297764355906,9537.013222171947,1550.0438766952952,1705.8570468870396,6281.112298589611,2574.4324124480813,6962.580809723865,26.750939094332793,8,2,0,0,5,39.72205329378795,34.52471845699669,44.44690314541637,1.0,0.0,0.0,1.0,2,0,0.0,0.708727477744263,0.708727477744263,0.29127252225573697,0.0,0.29127252225573697,0.708727477744263,0.0,0.0,0.0,18,2,2024,8,5,1,0,0,0,1,0,1,GRAVE_LESIONADOS,1
4,1,11,0,4,1,-12.019636001706221,-75.2702469877149,0,4,4,1,2,0,1,2,7198.359509893344,2.0,2,1,1.0,10,15,1198.0,0.5413230310645172,72.44047842667949,76.24704132626746,9.09436112952229,826.1316945796707,13778.72107937772,12264.545,1826.4639999999995,1105.5389999999998,9332.542,1588.5359999999996,10676.009,12.952261987705208,6,1,0,0,4,46.35538901041662,46.0415893434343,46.66918867739894,1.0,0.0,0.0,1.0,1,0,0.0,0.0,0.6275993339646438,0.37240066603535615,0.0,0.37240066603535615,0.6275993339646438,0.0,0.0,0.0,14,1,2022,8,9,4,0,0,2,1,0,1,GRAVE_LESIONADOS,1
5,1,7,0,4,1,-13.787651286865124,-73.79437241231432,0,4,5,1,2,1,0,2,1697.9701016693728,2.0,2,2,1.0,8,23,336.242819977991,0.2656582437773103,78.08334677339178,46.7678972922662,4.393878092651874,216.3917965766043,3333.364712351644,12894.197804993608,1853.3074998247646,1903.7455656978204,9137.144739471025,2670.674329798966,10223.523475194643,20.651374634949118,5,1,0,0,3,38.732884422365444,36.869479161138166,40.0,1.0,0.0,0.0,0.0,1,0,0.0,0.0,0.0,0.22360863134727393,0.0,1.0,0.22360863134727393,0.22360863134727393,0.22360863134727393,0.0,11,1,2021,5,27,3,0,1,2,1,0,1,GRAVE_LESIONADOS,1
4,1,12,0,4,1,-12.27165474918722,-76.75659674432457,0,4,7,1,2,2,2,2,353.87509587129983,1.5959268121167338,1,1,0.0,9,13,132.98612526147036,0.6399330380429721,79.49990436075959,73.11645106561532,9.528865503835899,1173.3510445224238,36836.55503165522,6048.467004147653,1285.3032260532118,1253.9168136659198,3509.246964428521,1527.186204276375,4521.280799871278,26.156823491255977,5,1,0,0,4,56.312426460509776,47.22077973313629,65.40407318788327,1.0,0.4040731878832662,0.0,1.0,1,0,0.0,0.0,0.0,1.0,0.4040731878832662,0.5959268121167338,0.0,0.0,0.4040731878832662,0.0,12,2,2022,8,14,1,0,0,0,1,0,1,GRAVE_LESIONADOS,1
4,1,12,0,4,1,-7.834567494562149,-78.03377619901127,0,4,7,1,1,2,2,2,9936.932,2.0,2,0,1.0,9,32,3830.0,0.3986882084754764,72.97869269132666,58.65435142755623,5.605762371496486,527.7120199980477,69564.29978586723,8931.828000000005,1335.5899999999997,1935.9830000000004,5660.255000000005,1219.309,7712.519000000005,13.651281686122925,7,1,0,0,5,39.26761159408919,36.69014879211892,41.84507439605946,1.0,0.0,0.0,0.0,1,0,0.0,0.6443657004925674,0.0,0.35563429950743264,0.0,0.0,1.0,0.0,0.6443657004925674,0.0,9,1,2022,9,13,2,0,0,0,1,0,1,GRAVE_LESIONADOS,1
3,1,9,0,4,1,-9.150023820227439,-76.45112942492416,0,4,0,0,1,2,2,1,934.5531172289396,1.757509822818506,1,3,0.0,9,15,258.21462673289676,0.27075124617937607,76.84199829245354,42.13612674983592,3.378938877190337,319.75549242578103,19082.869399620184,8384.321867851648,1333.990139254207,1069.3872176366924,5980.944510960747,1098.5240587515889,7285.797809100058,13.090397081471718,6,1,0,0,4,55.757509822818506,55.0,56.51501964563701,1.0,0.24249017718149402,0.0,0.757509822818506,1,0,0.0,1.0,0.0,0.0,0.0,0.757509822818506,1.0,0.0,1.0,0.0,13,2,2021,2,3,1,0,0,1,1,0,1,GRAVE_LESIONADOS,1
6,1,4,0,4,1,-13.618367046219817,-74.21711219344219,0,4,0,0,1,2,2,2,1304.114771991356,-0.7640420011259486,1,2,0.0,9,32,227.38215195045825,0.24869587160946927,79.45722646134068,51.629614841691144,4.000918590386622,183.2028151813968,2161.1113728686605,12678.733000000004,1805.074000000001,1774.0339999999994,9099.625000000004,2485.375000000001,10193.358000000002,19.602707936195205,5,1,0,0,4,32.0,32.0,32.0,1.0,0.0,0.8820210005629743,1.0,1,0,0.0,0.0,0.0,0.8820210005629743,0.11797899943702572,0.0,0.8820210005629743,0.11797899943702572,1.0,0.11797899943702572,20,2,2023,5,20,2,0,0,2,1,0,1,GRAVE_LESIONADOS,1
4,1,16,0,3,1,-7.0292449359745905,-78.84663111145095,0,3,5,0,2,0,1,0,1127.7560207925626,-0.4996283707307869,2,0,0.16679054308973762,9,32,228.9774016133648,0.48912737219544555,74.58596527098327,62.56463418638837,6.959397752810969,774.2303859517579,75704.62927330572,9192.085029251035,1734.5137590476534,822.5910092893038,6634.980260914078,2326.6032561551733,6865.481773095862,25.243977348194434,6,2,0,0,4,28.66716217235895,27.666418913820525,29.667905430897378,1.0,0.16679054308973762,0.0,1.0,2,0,0.0,0.16679054308973762,1.0,0.0,1.0,0.0,0.16679054308973762,0.8332094569102624,1.0,0.8332094569102624,17,1,2023,6,9,0,0,0,0,1,0,1,GRAVE_LESIONADOS,1
3,2,8,0,4,1,-8.299568705645228,-78.68757662722419,1,4,7,1,2,1,1,1,6543.555,2.7056198041801442,2,1,1.0,4,30,1393.4566857578998,0.5337816860876977,77.27152059007707,65.97397134050557,7.731410476056261,867.6018342631376,15642.416647936776,9472.257051090011,1497.3439693377236,1726.0127927691383,6248.90028898315,1478.6679614439508,7993.5890896460605,15.374810068235831,10,2,0,0,8,50.05842970627022,46.3505782376213,53.766281174919136,1.0,0.0,0.0,0.0,2,0,0.0,1.0,0.705619804180144,0.29438019581985597,0.0,0.29438019581985597,1.0,0.0,0.0,0.0,8,1,2023,4,3,1,0,0,0,1,0,1,GRAVE_LESIONADOS,1
4,1,3,0,4,1,-15.731591420926595,-71.2409271812886,3,4,2,1,2,0,1,0,829.8868560632725,1.0,0,2,0.0,9,19,199.23087743613212,0.4582534489916996,81.48393684930461,55.856522582212065,5.796786315836739,673.6482048318659,1365.0020715634123,10322.272,1495.236,1749.739,7077.2970000000005,2886.595,7435.677000000001,27.964725207783708,16,1,0,0,15,29.19607552676733,29.19607552676733,29.19607552676733,1.0,0.0,0.0,0.5773417251963703,1,0,0.0,0.0,0.5773417251963703,0.4226582748036297,0.0,0.4226582748036297,0.5773417251963703,0.0,0.0,0.0,13,3,2024,3,11,2,0,0,0,1,0,1,GRAVE_LESIONADOS,1