CLASE SINIESTRO,CANTIDAD DE VEHICULOS DAÑADOS,DEPARTAMENTO,ZONA,TIPO DE VÍA,RED VIAL,COORDENADAS LATITUD,COORDENADAS  LONGITUD,CONDICIÓN CLIMÁTICA,ZONIFICACIÓN,CARACTERÍSTICAS DE VÍA,PERFIL LONGITUDINAL VÍA,SUPERFICIE DE CALZADA,¿EXISTE SEÑAL VERTICAL?,¿EXISTE SEÑAL HORIZONTAL?,CAUSA FACTOR PRINCIPAL,MTC_RVN_LONGITUD_KM,MTC_RVN_N_CARRILES_MEDIANA,MTC_RVN_SUPERFICIE_DOMINANTE,MTC_RVN_ESTADO_DOMINANTE,MTC_RVN_ES_CONCESIONADA,MTC_RVN_CONCESION_PRINCIPAL,MTC_RVN_CORREDOR_LOGISTICO,MTC_RVN_N_TRAMOS,IDH_2019,IDH_ESP_VIDA_2019,IDH_EDUC_SECUND_PCT_2019,IDH_ANIOS_EDUC_2019,IDH_INGRESO_PERCAP_2019,IDH_POBLACION_2019,MTC_DEP_RED_TOTAL_KM,MTC_DEP_NACIONAL_TOTAL_KM,MTC_DEP_DEPARTAMENTAL_TOTAL_KM,MTC_DEP_VECINAL_TOTAL_KM,MTC_DEP_PAV_TOTAL_KM,MTC_DEP_NO_PAV_TOTAL_KM,MTC_DEP_PCT_PAVIMENTADA,PER_TOTAL_PERSONAS,PER_N_CONDUCTORES,PER_N_CONDUCTORES_FUGADOS,PER_N_PEATONES,PER_N_PASAJEROS_OCUPANTES,PER_EDAD_COND_PROM,PER_EDAD_COND_MIN,PER_EDAD_COND_MAX,PER_ANY_COND_MASCULINO,PER_ANY_LIC_PROBLEMA,PER_ANY_DOSAJE_POS,PER_ANY_DOSAJE_EVALUADO,VEH_TOTAL,VEH_N_FUGADOS,VEH_ANY_FUGADO,VEH_ANY_CARGA,VEH_ANY_PUBLICO,VEH_ANY_PARTICULAR,VEH_ANY_MOTO,VEH_ANY_AUTO,VEH_ANY_CAMION_BUS,VEH_ANY_SOAT_PROBLEMA,VEH_ANY_CITV_PROBLEMA,VEH_ANY_SEGURO_PROBLEMA,HORA_NUM,FRANJA_HORARIA,ANIO,MES,DIA_MES,DIA_SEMANA,ES_FIN_SEMANA,ES_QUINCENA,REGION_NATURAL,TIENE_SEÑALIZACION,ES_VIA_MULTICARRIL,ES_DEPTO_BAJO_PAVIMENTO,CATEGORIA_SEVERIDAD,CATEGORIA_SEVERIDAD_ENC
3,1,3,0,4,1,-15.85611500717367,-71.12019375999974,0,4,4,1,2,1,1,0,1504.4250000000002,2.0,2,0,1.0,7,25,241.0,0.4498224071382834,81.63336343193146,58.84842497065013,5.774685730039019,620.6584683449911,1358.612419700214,10322.272,1495.236,1749.739,7077.2970000000005,2886.595,7435.677000000001,27.964725207783708,6,2,0,0,4,34.31292919853506,23.50343358828047,45.122424808789646,1.0,0.0,0.0,0.6258583970701171,2,0,0.0,0.0,0.6258583970701171,1.0,0.0,0.37414160292988285,1.0,0.0,0.0,0.0,4,0,2023,7,7,2,0,0,0,1,0,1,GRAVE_LESIONADOS,1
6,1,10,1,4,0,-12.461054931309043,-76.69912277629493,0,3,7,1,2,2,2,1,6620.073063234248,2.0,2,0,1.0,10,31,1529.7211204305713,0.6088720864877347,79.37162034941915,69.0523916714495,9.102766233069087,1065.7225708532721,28129.66790598788,3667.429367691652,660.3875943964779,733.4850314313417,2273.5567418638325,1020.4327756597936,2646.996592031858,27.71538929716717,9,1,0,0,8,37.135248415387224,36.41281760559535,37.85767922517909,1.0,0.0,0.7935911972023235,0.7935911972023235,1,0,0.0,0.20640880279767648,0.0,0.20640880279767648,0.0,0.0,1.0,0.0,0.0,0.0,4,0,2021,3,8,5,0,0,0,1,0,1,GRAVE_LESIONADOS,1
3,2,3,1,2,2,-16.486818478638167,-71.55161022093355,0,3,1,0,2,1,1,0,6543.555,2.0,4,4,1.0,14,33,1198.0,0.6313089977943576,78.58890790334891,77.81696859767806,10.23182690472343,1058.0514894156056,13133.355807887567,10322.272,1495.236,1749.739,7077.2970000000005,2886.595,7435.677000000001,27.964725207783708,6,2,0,0,4,26.798524460064076,23.877639136102523,29.719409784025633,1.0,0.0,0.0,0.28059021597436895,2,0,0.0,0.28059021597436895,0.719409784025631,1.0,0.0,1.0,1.0,0.0,0.0,0.0,14,2,2021,8,25,5,0,1,0,1,0,1,GRAVE_LESIONADOS,1
3,1,12,2,2,4,-12.811038858386278,-76.68391424529477,0,0,1,1,2,1,1,0,6543.555,2.0,4,4,1.0,14,33,1198.0,0.7247610210815579,78.6651722979799,76.45848415174882,11.858961127903804,1511.4282945698014,58342.4330393038,5895.676284816348,1246.7532338569827,1220.4926455040973,3428.430405455268,1499.3278593189357,4396.348425497413,26.385284567742882,23,2,0,0,19,33.25515718588905,25.23837899685123,39.04474183743418,1.0,0.44320161562682836,0.44320161562682836,0.44320161562682836,2,0,0.0,0.0,0.5567983843731716,1.0,1.0,0.44320161562682836,0.5567983843731716,0.0,1.0,1.0,16,2,2023,8,18,4,0,0,0,1,0,1,GRAVE_LESIONADOS,1
3,1,15,0,4,0,-6.528685027550701,-79.03642932135708,0,4,4,0,2,2,2,0,6543.555,2.7087285799048995,2,1,1.0,4,30,1394.3178166336572,0.5468070473364285,74.04575218202963,65.03679826887232,9.022678565612278,895.9790217906317,81603.01706453839,4096.248668689736,602.4475038284113,769.9936652356068,2723.8074996257183,793.6639950719059,3302.5846736178305,19.637307388304258,7,1,0,0,5,35.14089275118876,31.95161414161671,38.3301713607608,1.0,0.7087285799048996,0.0,0.0,1,0,0.0,0.0,0.7087285799048996,1.0,0.7087285799048996,0.7087285799048996,0.29127142009510043,0.0,1.0,0.7087285799048996,9,0,2021,7,11,2,0,0,0,1,0,1,GRAVE_LESIONADOS,1
6,1,1,0,4,0,-9.043416903929334,-77.55851225503481,1,4,5,0,2,1,0,0,6543.555,2.0,4,4,1.0,14,33,1198.0,0.24439320665223965,83.33891648717581,49.82703567401617,3.5858860363520098,185.52394053623323,2691.9174560188135,10767.648,1885.0630000000003,1222.721,7659.864000000001,2100.343,8667.305000000002,19.506051832303577,6,1,0,0,5,36.19341350298559,36.19341350298559,36.19341350298559,1.0,0.0,0.0,0.0,1,0,0.0,0.0,0.13443108283573402,0.865568917164266,0.0,0.13443108283573402,0.865568917164266,0.0,0.13443108283573402,0.0,17,1,2023,1,16,5,0,1,0,1,0,1,GRAVE_LESIONADOS,1
6,1,4,0,4,1,-13.541606863195767,-74.04677662588803,0,4,5,0,1,2,2,2,6543.555,2.0,4,4,1.0,14,33,1198.0,0.36430578426396365,76.09325378684038,55.62989993319637,5.8392971603345885,416.7435909576464,6415.21244145007,12678.733000000004,1805.074000000001,1774.0339999999994,9099.625000000004,2485.375000000001,10193.358000000002,19.602707936195205,5,1,0,0,4,42.281338119025335,42.281338119025335,42.281338119025335,1.0,0.8140669059512669,0.0,0.8140669059512669,1,0,0.0,0.8140669059512669,0.0,0.18593309404873315,0.0,0.0,1.0,1.0,0.18593309404873315,0.18593309404873315,11,2,2024,5,19,4,0,1,2,1,0,1,GRAVE_LESIONADOS,1
6,1,10,0,4,1,-10.48938119910834,-76.53451781023671,1,4,0,0,1,1,1,0,6543.555,2.393890400147027,3,2,1.0,8,31,1307.1076408407264,0.4263871336363864,77.3289979776356,52.46863385927152,5.112958773965259,729.6361200533377,19936.078634194466,7979.519732656721,1471.3100982714482,1109.8883053010663,5398.321329084207,1357.2525543574075,6622.267178299314,17.199013002083383,6,1,0,0,5,39.81832879955892,39.81832879955892,39.81832879955892,1.0,0.0,0.0,0.3938904001470269,1,0,0.0,0.0,0.3938904001470269,0.6061095998529731,0.0,0.6061095998529731,0.3938904001470269,0.0,0.6061095998529731,0.0,12,1,2021,7,25,2,0,1,1,1,0,1,GRAVE_LESIONADOS,1
3,2,11,0,3,1,-11.162494795069481,-74.62856997204737,0,3,6,1,2,2,2,2,5807.713811721087,2.0,3,1,0.050462562886348206,9,32,407.03531488432805,0.4541086638773452,77.99232024483683,54.66667783266206,7.047117314232411,618.0482640289216,61715.67250303349,12334.070704342797,1836.2696329072603,1168.5454458435106,9329.255625592026,1675.6099596613997,10658.460744681399,13.524516914608904,9,2,0,0,7,45.25231281443174,43.050462562886345,47.60555075463618,1.0,0.0,0.050462562886348206,0.050462562886348206,2,0,0.0,0.9495374371136518,1.0,0.050462562886348206,0.050462562886348206,0.050462562886348206,0.9495374371136518,0.0,0.050462562886348206,0.050462562886348206,11,1,2022,9,1,5,1,0,2,1,0,1,GRAVE_LESIONADOS,1
6,1,7,0,4,1,-13.239480936948214,-72.17999034409348,0,4,0,0,1,1,1,2,4498.89900951452,1.3395289191306934,2,3,0.3395289191306933,10,19,1139.2180738026318,0.3941778330729702,72.32190500886342,58.694935553352686,5.893787471175809,520.4428397553348,3095.62844313008,17779.13499998999,2097.3709999899997,2863.123,12818.640999999989,2878.713,14900.421999989989,16.19152450331032,4,1,0,0,3,28.679057838261386,28.679057838261386,28.679057838261386,1.0,0.0,0.0,0.3395289191306933,1,0,0.0,0.0,0.0,1.0,0.0,1.0,0.0,0.0,0.6604710808693067,0.0,10,1,2022,5,6,0,0,0,2,1,0,1,GRAVE_LESIONADOS,1
3,1,5,0,4,1,-7.22653179558745,-79.13046263257269,0,4,0,0,1,1,1,2,887.28,2.0,2,0,1.0,8,17,155.0,0.5272644734501638,72.94956652168555,62.36279034418274,7.421937993710385,966.4477286528584,7108.746277368168,15935.565011852366,1733.9250000199986,935.692,13265.948011832368,2000.1670000199988,13935.398011832369,12.551591352627522,6,2,0,0,4,33.9866567405174,28.973313481034786,39.0,1.0,0.10814594233719865,0.0,0.10814594233719865,2,0,0.0,0.8918540576628013,0.0,1.0,0.0,1.0,0.8918540576628013,0.0,0.10814594233719865,0.0,9,0,2021,3,19,5,0,0,2,1,0,1,GRAVE_LESIONADOS,1
3,1,14,0,3,2,-11.875004024866078,-77.03109088447648,0,2,7,1,2,1,0,1,3778.645983731591,2.0,2,3,0.4934987989630747,11,27,1110.375292220612,0.7034599886491854,79.6735944363619,76.62444718247276,10.264343190060858,1435.0388306392565,360374.514649978,7626.313,1683.4029999999998,1599.0829999999996,4343.827000000001,1814.875,5811.438000000001,23.797541485643197,7,2,0,0,5,36.65573258496458,31.337469974076868,41.9739951958523,1.0,0.5065012010369253,0.0,0.0,2,0,0.0,0.0,1.0,0.4934987989630747,0.5065012010369253,0.4934987989630747,1.0,0.5065012010369253,1.0,0.5065012010369253,10,1,2022,4,24,1,0,1,0,1,0,1,GRAVE_LESIONADOS,1
3,1,3,0,4,1,-17.035124238464828,-71.62924779242708,0,4,0,0,2,1,0,0,6639.975,2.0,2,0,1.0,9,31,1616.0,0.6449493635682252,78.44719582624413,79.23084709401536,8.759364777311836,1226.330683483547,8054.678800856533,10322.272,1495.236,1749.739,7077.2970000000005,2886.595,7435.677000000001,27.964725207783708,45,2,0,0,43,53.82837845658112,42.08581077170944,65.57094614145281,1.0,0.0,0.0,1.0,2,0,0.0,0.9141892282905612,0.9141892282905612,0.08581077170943885,0.0,0.08581077170943885,1.0,0.0,0.0,0.0,2,0,2025,4,26,5,1,1,0,1,0,1,GRAVE_LESIONADOS,1
6,1,5,0,4,2,-6.679696690274006,-78.34664491239364,0,4,0,0,2,2,2,0,6543.555,2.0,4,4,1.0,14,33,1198.0,0.19880725260576076,72.19273679574222,38.75558513976725,3.369245074280218,157.22793765358836,9274.74511407418,15935.565011852366,1733.9250000199986,935.692,13265.948011832368,2000.1670000199988,13935.398011832369,12.551591352627522,7,1,0,0,6,27.09142043002798,27.09142043002798,27.09142043002798,1.0,1.0,0.0,1.0,1,0,0.0,0.9695265233240068,0.030473476675993205,0.0,0.9695265233240068,0.0,0.030473476675993205,0.9695265233240068,0.9695265233240068,0.9695265233240068,10,1,2024,4,5,5,1,0,2,1,0,1,GRAVE_LESIONADOS,1
6,1,14,2,2,4,-11.876934445726592,-77.0850885137438,0,2,6,0,1,2,2,0,6543.555,2.0,4,4,1.0,14,33,1198.0,0.6658059229227486,79.20407850649077,73.3361549480129,9.657867955220187,1299.574721573592,383739.0304106851,7626.313,1683.4029999999998,1599.0829999999996,4343.827000000001,1814.875,5811.438000000001,23.797541485643197,5,1,0,1,3,31.23210974954315,31.07736991651438,31.348164624314723,0.9613150417428085,0.9613150417428085,0.0,0.0,1,0,0.0,0.0,0.0,1.0,0.9613150417428085,0.0,0.03868495825719154,0.9613150417428085,0.9613150417428085,0.9613150417428085,9,1,2024,8,1,2,0,0,0,1,0,1,GRAVE_LESIONADOS,1
6,1,14,2,3,1,-11.993677558256678,-76.93564098827723,0,0,1,1,2,2,2,0,2272.7815414724055,2.0,2,0,1.0,5,18,412.84893504618503,0.7004474979206772,79.7948456931259,76.97338040571745,9.671334296331297,1457.306287863949,698354.5036859736,7626.313,1683.4029999999998,1599.0829999999996,4343.827000000001,1814.875,5811.438000000001,23.797541485643197,5,1,0,0,3,52.76751950553654,52.01401560442923,53.52102340664385,1.0,0.0,0.0,0.0,1,0,0.0,0.0,0.24649609889269197,0.753503901107308,0.24649609889269197,0.753503901107308,0.0,0.0,0.24649609889269197,0.0,7,1,2023,8,25,6,1,1,0,1,0,1,GRAVE_LESIONADOS,1
4,1,8,1,4,1,-10.878912133587924,-75.29950301100858,3,4,3,0,2,1,0,1,787.4184290886717,1.525102398142244,1,3,0.0,9,20,171.11679329532802,0.3113211689570205,69.94983760308061,47.61308733217754,4.439571088448316,388.6140401673953,8028.4639215498155,8352.651312976128,1386.6261651119103,1369.7084536664327,5596.316694197783,1449.1420621948396,6903.509250781287,17.266686254268944,6,1,0,0,4,40.53662961579093,33.44774724087063,47.62551199071122,1.0,0.0,0.0,0.0,1,0,0.0,0.474897601857756,0.0,0.525102398142244,1.0,0.525102398142244,0.0,0.0,1.0,0.0,15,3,2023,3,19,3,0,0,2,1,0,1,GRAVE_LESIONADOS,1
4,1,12,0,4,1,-8.18964597137444,-78.51658395160669,0,4,7,1,2,2,2,2,7794.423843912686,2.0,3,2,1.0,12,32,2168.209557375496,0.46589939322931156,75.60154426627639,54.150295328015545,6.306319703755348,763.3354454143625,68331.92165899597,8931.828000000005,1335.5899999999997,1935.9830000000004,5660.255000000005,1219.309,7712.519000000005,13.651281686122925,6,1,0,0,5,30.58034456748802,29.105861957494866,32.05482717748117,1.0,0.6313793475017113,0.0,0.0,1,0,0.0,0.3686206524982887,0.0,0.6313793475017113,0.0,0.6313793475017113,0.3686206524982887,0.0,1.0,0.0,5,0,2022,7,21,4,0,0,0,1,0,1,GRAVE_LESIONADOS,1
5,1,3,0,4,1,-16.683572002098682,-71.91404191048059,0,4,7,1,2,0,1,1,289.55,2.0,2,0,1.0,7,25,10.0,0.6456305778571253,75.67334095395331,77.09261911098552,10.479683603540597,1179.2653123056473,21630.747323340474,10322.272,1495.236,1749.739,7077.2970000000005,2886.595,7435.677000000001,27.964725207783708,4,1,0,0,3,25.56784441583753,25.041107099768293,26.094581731906768,1.0,0.9341578354913453,0.0,0.9341578354913453,1,0,0.0,0.0,0.0,1.0,0.0,1.0,0.06584216450865465,0.0,0.0,0.0,17,2,2021,2,6,4,0,0,0,1,0,1,GRAVE_LESIONADOS,1
3,2,14,0,3,2,-15.232009423120598,-73.90318054082995,0,2,3,1,2,0,1,2,6603.54433482882,2.0,2,1,1.0,10,31,1458.065774304568,0.5761208500344004,78.55494137886221,66.95507518900243,9.115358903822921,943.6735583193024,15292.667792782337,3316.8437152613506,672.6773555517325,647.5720938093249,1996.594265900293,1089.9807309736611,2226.862984287689,33.672826417511985,5,2,0,0,3,47.59950231756247,35.86650077252082,59.33250386260411,1.0,0.6221669241736077,0.0,0.37783307582639225,2,0,0.0,0.0,0.0,1.0,0.0,1.0,0.0,0.0,0.37783307582639225,0.0,19,2,2021,7,20,3,0,1,0,1,0,1,GRAVE_LESIONADOS,1
3,2,20,0,4,1,-15.713440336002932,-69.9931419528481,4,4,7,1,2,2,2,2,7586.903,2.0,2,0,1.0,9,5,1198.0,0.3330699655797202,70.16589177817772,67.21658453721888,6.197512295604462,313.73020367363847,6168.474217713951,13642.312999999998,2020.7790000000005,2354.117,9267.416999999998,3314.0520000000006,10328.260999999997,24.29244952817019,5,2,0,0,3,33.84386456504924,26.414779670609043,41.27294945948943,1.0,0.0,0.41477967060904475,0.41477967060904475,2,0,0.0,0.0,0.0,1.0,0.41477967060904475,1.0,0.0,0.0,1.0,1.0,17,2,2021,7,26,5,0,1,2,1,0,1,GRAVE_LESIONADOS,1
6,1,14,2,2,3,-11.960939785056995,-77.05444605889032,0,2,5,1,2,2,2,0,4951.5409098292475,2.0,3,2,1.0,10,27,905.3196294635611,0.7265092169163889,80.12312387703986,78.24733795560813,10.557529087514913,1518.386376008061,724109.6779016381,7626.313,1683.4029999999998,1599.0829999999996,4343.827000000001,1814.875,5811.438000000001,23.797541485643197,4,1,0,0,3,50.404416365338,50.1235330922704,50.685299638405596,1.0,0.0,0.0,0.0,1,0,0.0,0.0,0.7191167269324003,0.28088327306759975,0.7191167269324003,0.28088327306759975,0.0,0.0,0.7191167269324003,0.0,9,1,2023,10,23,6,1,1,0,1,0,1,GRAVE_LESIONADOS,1
6,1,5,0,4,2,-6.958053987140716,-78.2226949314219,1,4,0,0,1,2,2,2,6543.555,2.0,4,4,1.0,14,33,1198.0,0.24434233787220472,74.38060960385567,50.02810032093021,3.148564767110071,237.18362484588846,8098.2122002610195,15935.565011852366,1733.9250000199986,935.692,13265.948011832368,2000.1670000199988,13935.398011832369,12.551591352627522,5,1,0,0,4,35.56354722256499,31.922660416923748,38.29421232679593,0.08977829858968789,0.0,0.0,0.08977829858968789,1,0,0.0,0.9102217014103121,0.08977829858968789,0.0,0.0,0.0,1.0,0.0,0.9102217014103121,0.0,19,1,2021,3,2,0,0,0,2,1,0,1,GRAVE_LESIONADOS,1
5,1,12,0,4,1,-7.605062016143179,-78.75059438123995,0,4,7,1,1,2,2,0,6543.555,2.304110007342837,3,2,1.0,9,32,1282.2384720339658,0.28658584797418896,76.74632856684528,38.6354768533177,4.222323349582508,365.0213810531816,24377.284797679073,8931.828000000005,1335.5899999999997,1935.9830000000004,5660.255000000005,1219.309,7712.519000000005,13.651281686122925,5,1,0,0,4,37.128770051399854,32.871229948600146,41.38631015419958,1.0,1.0,0.0,0.0,1,0,0.0,0.0,0.3041100073428369,1.0,0.3041100073428369,0.0,1.0,0.0,0.0,0.3041100073428369,15,1,2023,6,22,2,0,1,0,1,0,1,GRAVE_LESIONADOS,1
4,2,11,1,4,1,-12.485836776272466,-76.73593814203849,0,1,7,1,2,2,2,2,6596.61247591071,2.449725410592106,2,0,1.0,4,30,1552.588717106513,0.6627607629842883,79.51489449729442,73.19127620018874,11.853685435004625,1148.822812785365,64552.40454004409,5477.572169001407,1141.2631198473227,1129.0290910597569,3207.2799580943274,1423.0949000300827,4054.4772689713245,27.010456808574897,9,2,0,0,7,42.2364453466228,35.44972541059211,48.65631555638156,0.5502745894078939,0.0,0.0,0.44972541059210613,2,0,0.0,0.0,0.0,1.0,0.0,1.0,0.0,0.0,0.5502745894078939,0.0,16,1,2023,8,11,4,0,0,0,1,0,1,GRAVE_LESIONADOS,1
1,1,17,2,2,2,-9.282572585606447,-77.16090413366214,0,0,3,1,2,1,1,1,7097.78278759809,2.0,3,2,1.0,11,27,1624.582103716057,0.6766073645012514,77.26051904178328,69.53495955562796,9.774637873605837,1494.387694700596,46870.822457386814,6722.425671129555,1287.2396220604783,1309.926488124405,4125.259560944672,1449.214751782669,5273.210919346886,21.130514754207237,8,2,0,0,5,41.716042273274965,38.119210868990265,45.31287367755967,1.0,0.4562375440813443,0.0,0.0,2,0,0.0,0.0,1.0,1.0,0.4562375440813443,0.0,0.5437624559186557,1.0,1.0,1.0,8,1,2023,5,19,3,0,0,0,1,0,1,GRAVE_LESIONADOS,1
3,2,10,1,4,1,-13.642136491735599,-76.16617671242788,0,4,7,1,2,2,2,1,6639.975,2.0,2,0,1.0,9,31,1616.0,0.5725038049444504,76.70176062814474,72.0979229786521,9.110830185788759,916.7233825948662,24512.13663220005,3721.461,698.1859999999996,744.866,2278.409,1102.9029999999996,2618.558,29.636290693359403,7,2,0,0,5,30.405565076230864,25.706260710759725,35.10486944170201,1.0,0.0,0.0,0.8997681218237139,2,0,0.0,0.1002318781762861,0.8997681218237139,0.8997681218237139,0.0,0.8997681218237139,1.0,0.0,0.0,0.0,3,0,2021,8,6,0,0,0,0,1,0,1,GRAVE_LESIONADOS,1
3,1,19,0,4,1,-5.178770759681788,-80.56662115716836,0,1,7,1,2,2,2,0,1660.542354114289,2.0678382807863676,2,0,1.0,0,20,252.0038243917145,0.6220812987247925,80.20155828147696,72.71675503872983,10.02377668600292,1028.915688621886,159840.92719486082,8965.846000060003,1782.4120000599992,636.9959999999999,6546.438000000004,2214.505000059999,6751.341000000004,24.699342371541725,4,2,0,0,2,37.61933163297507,24.102986704377397,51.13567656157274,1.0,0.9321617192136323,0.9321617192136323,1.0,2,0,0.06783828078636767,0.9321617192136323,0.06783828078636767,0.9321617192136323,1.0,0.0,0.0,0.9321617192136323,1.0,1.0,20,1,2024,1,25,6,1,1,0,1,0,1,GRAVE_LESIONADOS,1
3,1,14,0,3,2,-11.815098562464481,-77.01482270938209,0,3,4,1,1,1,0,1,3129.247930445841,2.0,2,3,0.3745361524510411,10,26,1089.7947543740302,0.6548857159315505,78.96273948158024,73.76912107901363,9.372102574705314,1262.5745530923205,366908.649736536,7626.313,1683.4029999999998,1599.0829999999996,4343.827000000001,1814.875,5811.438000000001,23.797541485643197,7,2,0,0,5,29.5,21.99628921960833,37.00371078039167,1.0,0.6254638475489589,0.0,0.0,2,0,0.0,0.0,1.0,0.3745361524510411,1.0,0.3745361524510411,0.6254638475489589,1.0,1.0,1.0,5,0,2023,4,27,2,0,1,0,1,0,1,GRAVE_LESIONADOS,1
3,1,19,0,4,1,-5.751466398794209,-80.56196850036014,0,4,6,1,2,2,2,1,6543.555,2.9192207861256563,2,0,1.0,1,30,1452.6241577568069,0.4846751165613538,72.50101280782009,58.233061170640696,7.443532736008077,773.0151740206248,48259.349755195646,8965.846000060003,1782.4120000599992,636.9959999999999,6546.438000000004,2214.505000059999,6751.341000000004,24.699342371541725,5,1,0,0,4,48.94987021963353,48.94987021963353,48.94987021963353,1.0,0.08077921387434361,0.0,0.9192207861256564,1,0,0.0,1.0,0.0,0.0,0.08077921387434361,0.0,0.9192207861256564,0.08077921387434361,1.0,0.08077921387434361,5,0,2022,3,20,0,0,0,0,1,0,1,GRAVE_LESIONADOS,1
6,1,5,0,4,2,-6.943529652143108,-78.62003526752723,0,4,4,0,1,2,2,1,6543.555,2.0,4,4,1.0,14,33,1198.0,0.27964591133349304,68.29423715187784,43.66332517125328,4.5750214129156355,319.077976804139,10864.453333460233,15935.565011852366,1733.9250000199986,935.692,13265.948011832368,2000.1670000199988,13935.398011832369,12.551591352627522,10,1,0,0,9,28.83812647897401,28.83812647897401,28.83812647897401,1.0,1.0,0.0,1.0,1,0,0.0,0.38729117367532995,0.61270882632467,0.0,0.38729117367532995,0.0,0.61270882632467,0.38729117367532995,0.38729117367532995,0.38729117367532995,15,1,2024,8,20,5,1,0,2,1,0,1,GRAVE_LESIONADOS,1
4,1,12,0,4,1,-7.635529290276623,-79.39444884184513,0,4,7,1,2,2,2,2,6543.555,2.6002025470925805,2,1,1.0,5,31,1364.256105544645,0.5605164445866666,76.61349501649897,62.760180081206855,7.98931757140171,999.8297352720696,9448.43683083512,8931.828000000005,1335.5899999999997,1935.9830000000004,5660.255000000005,1219.309,7712.519000000005,13.651281686122925,4,1,0,0,3,47.40789933661065,47.40789933661065,47.40789933661065,1.0,0.3997974529074193,0.0,0.0,1,0,0.0,0.0,0.0,1.0,0.0,1.0,0.0,0.0,1.0,0.0,14,3,2023,4,15,6,1,0,0,1,0,1,GRAVE_LESIONADOS,1
6,1,10,0,4,1,-14.847775932965877,-74.98703204269931,0,4,7,1,2,2,2,0,6639.975,2.0,2,0,1.0,9,31,1616.0,0.5563774842369664,77.00938809632027,69.10246351364754,8.476961866273152,914.8835608305218,27932.19700214133,3721.461,698.1859999999996,744.866,2278.409,1102.9029999999996,2618.558,29.636290693359403,4,1,0,0,3,31.650179390034626,31.650179390034626,31.650179390034626,0.48634732817867043,0.5136526718213296,0.0,0.0,1,0,0.0,0.0,0.0,1.0,0.0,0.5136526718213296,0.48634732817867043,0.5136526718213296,0.5136526718213296,0.5136526718213296,11,1,2022,7,28,4,0,1,0,1,0,1,GRAVE_LESIONADOS,1
3,2,12,0,4,1,-8.715423221047672,-78.74080665488849,0,4,7,1,2,2,2,1,969.2891909106077,1.083625922111822,2,0,1.0,4,23,117.79221215751656,0.4776964282478328,77.43733063330136,58.928824176736434,7.271436875204788,682.8104097810565,17243.915816085137,3539.6507474562627,570.998695546398,706.5703446355328,2262.0817072743316,825.4001433573551,2714.2506040989074,23.172677564659416,4,1,0,0,3,41.61091605192545,35.36003828558999,47.86179381826092,1.0,0.694541974037274,0.0,0.0,1,0,0.0,0.305458025962726,0.694541974037274,0.694541974037274,0.694541974037274,0.0,0.305458025962726,0.694541974037274,0.694541974037274,0.694541974037274,14,1,2022,3,24,5,1,1,0,1,0,1,GRAVE_LESIONADOS,1
3,1,11,0,4,1,-11.802993839585987,-75.52891143982735,4,4,6,1,2,0,1,2,7586.903,2.0,2,0,1.0,9,5,1198.0,0.48035813242753794,69.40346845746343,72.81501343197591,8.034353586719643,688.8914513586778,908.1843510943562,12264.545,1826.4639999999995,1105.5389999999998,9332.542,1588.5359999999996,10676.009,12.952261987705208,5,2,0,0,3,39.36129014483022,36.834837216573874,41.88774307308657,1.0,0.0,0.0,1.0,2,0,0.0,0.0,0.0,1.0,0.05548394206791063,1.0,0.0,0.0,0.05548394206791063,0.0,20,2,2023,5,28,3,0,1,2,1,0,1,GRAVE_LESIONADOS,1
7,1,9,0,4,2,-11.694149233386176,-75.05105269384104,4,4,6,1,6,2,2,0,6543.555,2.0,4,4,1.0,14,33,1198.0,0.3982603436877864,76.75394360452347,45.66119783974799,5.273903680808095,582.4521578499816,11673.703538531023,12382.398306287363,1820.3776763462806,1295.752975263818,9266.267654677264,1843.7231163757806,10538.675189911582,14.844583936469876,7,1,0,0,6,46.983568543808786,46.983568543808786,46.983568543808786,1.0,0.2845406102720561,0.0,0.2845406102720561,1,0,0.0,0.7154593897279439,0.0,0.0,0.0,0.0,1.0,0.2845406102720561,0.2845406102720561,0.0,9,1,2022,6,5,5,0,0,2,1,0,1,GRAVE_LESIONADOS,1