CLASE SINIESTRO,CANTIDAD DE VEHICULOS DAÑADOS,DEPARTAMENTO,ZONA,TIPO DE VÍA,RED VIAL,COORDENADAS LATITUD,COORDENADAS  LONGITUD,CONDICIÓN CLIMÁTICA,ZONIFICACIÓN,CARACTERÍSTICAS DE VÍA,PERFIL LONGITUDINAL VÍA,SUPERFICIE DE CALZADA,¿EXISTE SEÑAL VERTICAL?,¿EXISTE SEÑAL HORIZONTAL?,CAUSA FACTOR PRINCIPAL,MTC_RVN_LONGITUD_KM,MTC_RVN_N_CARRILES_MEDIANA,MTC_RVN_SUPERFICIE_DOMINANTE,MTC_RVN_ESTADO_DOMINANTE,MTC_RVN_ES_CONCESIONADA,MTC_RVN_CONCESION_PRINCIPAL,MTC_RVN_CORREDOR_LOGISTICO,MTC_RVN_N_TRAMOS,IDH_2019,IDH_ESP_VIDA_2019,IDH_EDUC_SECUND_PCT_2019,IDH_ANIOS_EDUC_2019,IDH_INGRESO_PERCAP_2019,IDH_POBLACION_2019,MTC_DEP_RED_TOTAL_KM,MTC_DEP_NACIONAL_TOTAL_KM,MTC_DEP_DEPARTAMENTAL_TOTAL_KM,MTC_DEP_VECINAL_TOTAL_KM,MTC_DEP_PAV_TOTAL_KM,MTC_DEP_NO_PAV_TOTAL_KM,MTC_DEP_PCT_PAVIMENTADA,PER_TOTAL_PERSONAS,PER_N_CONDUCTORES,PER_N_CONDUCTORES_FUGADOS,PER_N_PEATONES,PER_N_PASAJEROS_OCUPANTES,PER_EDAD_COND_PROM,PER_EDAD_COND_MIN,PER_EDAD_COND_MAX,PER_ANY_COND_MASCULINO,PER_ANY_LIC_PROBLEMA,PER_ANY_DOSAJE_POS,PER_ANY_DOSAJE_EVALUADO,VEH_TOTAL,VEH_N_FUGADOS,VEH_ANY_FUGADO,VEH_ANY_CARGA,VEH_ANY_PUBLICO,VEH_ANY_PARTICULAR,VEH_ANY_MOTO,VEH_ANY_AUTO,VEH_ANY_CAMION_BUS,VEH_ANY_SOAT_PROBLEMA,VEH_ANY_CITV_PROBLEMA,VEH_ANY_SEGURO_PROBLEMA,HORA_NUM,FRANJA_HORARIA,ANIO,MES,DIA_MES,DIA_SEMANA,ES_FIN_SEMANA,ES_QUINCENA,REGION_NATURAL,TIENE_SEÑALIZACION,ES_VIA_MULTICARRIL,ES_DEPTO_BAJO_PAVIMENTO,CATEGORIA_SEVERIDAD,CATEGORIA_SEVERIDAD_ENC
3,2,20,2,3,2,-15.831157074020144,-70.01416271580364,0,0,7,1,2,0,0,2,6543.555,2.0,4,4,1.0,14,33,1198.0,0.6488901960567479,69.67312345830231,82.12448375199249,11.701623814093702,1230.336353415943,144745.3597430407,13642.312999999998,2020.7790000000005,2354.117,9267.416999999998,3314.0520000000006,10328.260999999997,24.29244952817019,5,2,0,0,3,34.13269298105964,31.542308269479694,36.72307769263959,1.0,0.0,0.0,0.0,2,0,0.0,0.0,1.0,1.0,0.0,1.0,1.0,0.0,0.0,0.0,8,1,2022,9,8,6,1,0,2,1,0,1,GRAVE_LESIONADOS,1
5,1,12,0,4,1,-7.762469058346495,-78.51289816216125,0,4,7,1,1,2,2,0,6543.555,2.079893687791361,3,3,1.0,12,32,1220.1305515182069,0.21412711452253666,76.14711901391863,31.380277798928688,3.513475162067137,204.75948085691752,24272.920022917737,8931.828000000005,1335.5899999999997,1935.9830000000004,5660.255000000005,1219.309,7712.519000000005,13.651281686122925,4,1,0,0,3,34.04127574650367,34.04127574650367,34.04127574650367,1.0,1.0,0.0,0.0,1,0,0.0,0.0,0.07989368779136086,1.0,0.07989368779136086,0.0,0.9201063122086391,0.07989368779136086,0.0,0.0,20,2,2022,7,23,3,0,1,0,1,0,1,GRAVE_LESIONADOS,1
5,0,11,0,4,1,-11.947817670836013,-75.32577750657136,2,3,7,1,2,2,2,0,206.4078110068955,2.0,1,0,0.8554859546959576,3,32,31.38714886739894,0.5094324469192663,69.80046164182401,68.30814412618273,8.9065528403411,781.4898849740999,1269.9314775160597,12264.545,1826.4639999999995,1105.5389999999998,9332.542,1588.5359999999996,10676.009,12.952261987705208,4,1,0,0,3,30.396080064645,30.179308996688935,30.61285113260106,1.0,0.8554859546959576,0.0,0.0,1,0,0.0,0.0,0.0,1.0,0.8554859546959576,0.14451404530404244,0.14451404530404244,0.0,0.8554859546959576,0.0,15,2,2021,3,29,2,0,1,2,1,0,1,GRAVE_LESIONADOS,1
3,1,14,1,2,3,-11.937801112892474,-77.06205506093352,0,0,7,1,2,1,1,0,6041.908936725809,2.0,3,3,0.9081039079228937,13,32,1182.1019760706606,0.7484833043776381,80.36579813608216,78.73308300920587,11.1435226779182,1593.453856294286,363332.020736162,7626.313,1683.4029999999998,1599.0829999999996,4343.827000000001,1814.875,5811.438000000001,23.797541485643197,13,2,0,10,0,29.954051953961446,28.98914298715183,30.918960920771063,1.0,0.09189609207710625,0.0,0.0,2,0,0.0,0.0,1.0,0.9081039079228937,1.0,0.9081039079228937,0.09189609207710625,0.09189609207710625,1.0,0.09189609207710625,13,2,2023,6,18,1,0,1,0,1,0,1,GRAVE_LESIONADOS,1
3,1,3,0,4,0,-16.815510351510735,-71.61547011791644,1,4,0,0,2,1,1,0,6624.013075399857,2.0,2,0,1.0,9,31,1546.801861824729,0.6317035260550641,78.27094905172783,76.52866841453924,8.725235970885537,1183.1866113620724,7998.543536731028,10322.272,1495.236,1749.739,7077.2970000000005,2886.595,7435.677000000001,27.964725207783708,41,1,0,0,40,50.357992727617315,40.344542148916965,60.37144330631767,1.0,0.0,0.0,0.8344542148916962,1,0,0.0,0.8344542148916962,0.8344542148916962,0.16554578510830376,0.0,0.16554578510830376,0.8344542148916962,0.0,0.0,0.0,3,0,2024,4,22,4,0,0,0,1,0,1,GRAVE_LESIONADOS,1
4,1,11,0,4,1,-11.697439337234968,-75.82687184874707,0,4,7,0,2,1,1,0,630.7704412317711,2.0,2,0,1.0,3,20,112.34460346947407,0.6033561742363067,76.25509105887538,66.78726016998486,9.37759640472987,1190.0896130981123,4370.45598952011,12264.545,1826.4639999999995,1105.5389999999998,9332.542,1588.5359999999996,10676.009,12.952261987705208,5,1,0,0,3,38.886307208629816,36.36078840107873,41.411826016180896,1.0,0.0,0.0,0.3607884010787267,1,0,0.0,0.6392115989212733,0.0,0.3607884010787267,0.0,0.0,1.0,0.0,0.6392115989212733,0.0,6,0,2022,2,10,1,0,0,2,1,0,1,GRAVE_LESIONADOS,1
4,1,7,0,4,1,-13.743212975216249,-72.26147468403903,0,1,2,1,3,2,2,2,7182.302101731289,2.0,2,1,1.0,10,15,1198.0,0.34717146241699026,72.1225687689649,49.63658009181512,4.986393417373157,433.729445104286,8113.211667470527,17779.13499998999,2097.3709999899997,2863.123,12818.640999999989,2878.713,14900.421999989989,16.19152450331032,5,1,0,0,4,28.857268278599744,27.326745620456705,30.387790936742785,1.0,0.3877909367427842,0.0,0.0,1,0,0.0,0.0,0.0,1.0,0.0,0.6122090632572158,0.3877909367427842,0.0,0.6122090632572158,0.0,7,1,2023,8,4,3,0,0,2,1,0,1,GRAVE_LESIONADOS,1
3,1,8,0,4,1,-10.333172098560373,-76.20585744249004,0,4,5,0,2,2,2,1,9418.128378163743,2.0,2,0,1.0,9,32,3427.6011116144687,0.5005022917915236,74.83249069112135,66.31243018090836,7.879293767432439,793.5917040296331,27789.422698061568,8255.28532427137,1350.5883615477453,977.9701387833002,5926.726823940324,1185.1836264389767,7070.101697832392,14.313154620128891,7,1,0,0,5,36.24803191833603,36.24803191833603,36.24803191833603,1.0,0.15288711564799817,0.0,0.0,1,0,0.0,0.8471128843520018,0.0,0.15288711564799817,0.0,1.0,0.8471128843520018,0.8471128843520018,0.8471128843520018,0.8471128843520018,18,2,2022,7,2,5,1,0,2,1,0,1,GRAVE_LESIONADOS,1
3,2,18,1,2,3,-15.083183271333436,-70.6258321403548,0,3,1,0,2,1,1,2,6768.09041842163,2.0,3,3,1.0,13,32,1372.1560755806759,0.5278953268722771,73.90518728286466,78.88695068981451,8.846097224112167,748.2728927963113,65368.44355446584,13452.10009156188,2011.7988457623458,2279.2539729150176,9161.047272884518,3233.742426923653,10218.357664638228,23.975739710966348,7,2,0,0,4,49.07363789584747,43.47065022619855,57.47811940032084,1.0,0.0,0.9338312782748192,0.9338312782748192,2,0,0.0,0.0,0.9338312782748192,1.0,0.9338312782748192,1.0,0.0,0.0,0.9338312782748192,0.9338312782748192,16,1,2022,2,11,4,0,0,1,1,0,1,GRAVE_LESIONADOS,1
3,2,6,0,4,0,-11.369534331583264,-73.71512992857255,3,4,7,0,1,2,2,1,6543.555,2.0,4,4,1.0,14,33,1198.0,0.31300299843688845,74.30053288327584,61.84188005765214,5.32073929686079,276.37703288012335,18120.95007103978,17381.03780776613,2018.8891234981756,2446.9170114872672,12915.231672780686,2689.001354615245,14692.036453150884,15.405523875998524,6,2,0,0,3,36.95458427202684,28.59125844824162,43.48843257185906,1.0,0.7840617959798649,0.0,0.0,2,0,0.0,0.21593820402013508,0.0,0.7840617959798649,0.7840617959798649,0.0,0.21593820402013508,0.0,0.0,0.0,5,0,2021,8,6,5,0,0,2,1,0,1,GRAVE_LESIONADOS,1
8,1,5,0,4,1,-6.976198084006725,-78.17664419618107,0,3,0,0,1,2,2,0,6543.555,2.0,4,4,1.0,14,33,1198.0,0.4411878060303459,69.65248716164933,61.97866482084051,6.9021678627986205,654.3068944542855,28636.037292606376,15935.565011852366,1733.9250000199986,935.692,13265.948011832368,2000.1670000199988,13935.398011832369,12.551591352627522,8,1,0,0,7,24.365295631310868,22.89497672536087,25.835614537260867,1.0,0.0,0.0,0.8721461820913045,1,0,0.12785381790869554,0.0,0.0,1.0,0.12785381790869554,0.0,0.8721461820913045,1.0,1.0,1.0,11,1,2022,8,7,1,0,0,2,1,0,1,GRAVE_LESIONADOS,1
3,2,18,1,2,3,-16.592723376711984,-72.0770449477507,0,2,7,1,2,0,1,1,6573.677176654271,2.0,3,2,1.0,12,32,1328.585665230086,0.6238213419290755,78.2736635005661,73.99866728634294,10.019058323572953,1070.9735893319078,16025.700711538091,2985.1240393602434,651.7644593700447,567.8070806819936,1765.5524993082045,1079.3865941065408,1905.737445253702,36.98212231930229,5,2,0,0,3,45.28026192563613,38.37368256751485,52.186841283757424,1.0,0.0,0.0,1.0,2,0,0.0,0.0,0.0,1.0,0.0,1.0,0.3124058976796318,0.0,0.6875941023203682,0.0,18,2,2022,7,17,3,0,1,0,1,0,1,GRAVE_LESIONADOS,1
4,1,4,0,4,0,-13.056685555309889,-73.98336245678112,0,4,2,0,2,1,1,2,7080.2357314807805,2.0,2,1,1.0,11,18,1198.0,0.28022911187521804,76.65385447193376,55.79499458917126,5.137863128416498,234.81499114855896,5924.241514482438,12678.733000000004,1805.074000000001,1774.0339999999994,9099.625000000004,2485.375000000001,10193.358000000002,19.602707936195205,4,1,0,0,3,39.888347655797546,34.23013194417632,45.54656336741877,1.0,0.5143832465110202,0.0,0.0,1,0,0.0,0.5143832465110202,0.5143832465110202,0.4856167534889798,0.5143832465110202,0.0,1.0,0.4856167534889798,1.0,0.4856167534889798,5,0,2021,7,27,1,0,1,2,1,0,1,GRAVE_LESIONADOS,1
6,1,1,0,4,1,-11.814243063933507,-75.73010801934296,0,4,2,0,2,0,0,1,6583.206812523062,2.0,3,2,1.0,11,32,1369.898544229826,0.5658494573213455,78.36427989033649,59.16010932708777,8.925807515373558,960.4443880288484,5027.172964740365,10584.49133484473,1724.7503354031571,1439.452165030896,7420.288834410678,2423.681694253084,8160.809640591647,22.984601208764396,6,1,0,0,5,31.701164827914916,30.056202682174952,32.93488643721989,1.0,0.0,0.0,0.4112405364349905,1,0,0.0,0.0,0.0,1.0,0.0,0.4112405364349905,0.5887594635650095,0.0,0.5887594635650095,0.0,10,2,2021,7,18,2,0,0,0,1,0,1,GRAVE_LESIONADOS,1
3,2,3,0,4,1,-16.024664322492747,-71.29193451581287,0,4,1,0,2,1,1,0,1504.4250000000002,2.0,2,0,1.0,7,25,241.0,0.4685280505645348,81.83746865987648,70.74305753660312,6.037751599761188,617.4715908037651,1751.8736616702354,10322.272,1495.236,1749.739,7077.2970000000005,2886.595,7435.677000000001,27.964725207783708,5,2,0,0,3,38.84052757048103,30.260791355721544,47.420263785240515,1.0,0.2101318926202571,0.0,1.0,2,0,0.0,0.7898681073797429,0.0,1.0,0.0,1.0,0.7898681073797429,0.0,0.2101318926202571,0.0,14,2,2023,11,22,5,1,1,0,1,0,1,GRAVE_LESIONADOS,1
3,2,17,1,2,2,-16.471672169907375,-72.26007476030752,0,2,4,1,2,0,1,2,6576.700349492993,2.0,3,2,1.0,12,32,1341.691724622186,0.6073696341368211,77.97897589989651,70.92451540956115,9.744391934332645,1037.166565078416,16345.51772152259,3018.7009169591583,653.8812760871233,575.8809462890815,1788.9386945829533,1080.4589394110126,1938.2419775481455,36.64715327313051,4,2,0,0,2,45.09384096076477,35.03128032025492,55.156401601274624,1.0,0.34376010675164137,0.0,0.6562398932483586,2,0,0.0,0.0,0.0,1.0,0.0,1.0,0.0,0.0,0.6562398932483586,0.0,17,2,2021,7,18,3,0,1,0,1,0,1,GRAVE_LESIONADOS,1
6,1,14,1,4,1,-11.747168219036233,-77.18397928004593,0,2,4,1,2,1,1,0,6602.251477708992,2.391241674870447,2,0,1.0,5,30,1560.834923843267,0.6098668712552411,79.03154268498533,68.94985713754704,9.179017139022843,1073.275028516662,19646.277007741985,7626.313,1683.4029999999998,1599.0829999999996,4343.827000000001,1814.875,5811.438000000001,23.797541485643197,19,2,0,0,17,49.73869172409313,40.60731684714983,66.17516650259105,1.0,0.0,0.0,0.0,2,0,0.0,0.608758325129553,0.39124167487044703,0.0,0.0,0.0,1.0,0.0,0.0,0.608758325129553,8,1,2022,7,9,2,0,0,0,1,0,1,GRAVE_LESIONADOS,1
3,2,3,0,4,1,-16.019106529013367,-71.28365399870268,0,4,0,0,2,2,2,0,1504.4250000000002,2.0,2,0,1.0,7,25,241.0,0.4685280505645348,81.83746865987648,70.74305753660312,6.037751599761188,617.4715908037651,1751.8736616702354,10322.272,1495.236,1749.739,7077.2970000000005,2886.595,7435.677000000001,27.964725207783708,5,2,0,0,3,36.764653917542674,30.235346082457323,43.29396175262803,1.0,0.0,0.0,0.5882179725142254,2,0,0.0,0.5882179725142254,0.0,1.0,0.0,1.0,1.0,0.0,0.0,0.0,15,3,2022,8,18,4,0,0,0,1,0,1,GRAVE_LESIONADOS,1
6,1,11,0,4,1,-10.732285608646924,-76.6791315830403,0,4,0,0,1,1,1,1,6543.555,2.5261915650398614,2,1,1.0,6,31,1343.7550635160417,0.4655954956441454,77.71683747849372,55.01708059949545,5.562425739424875,847.5837288233192,20164.248849410425,7902.4220226224115,1517.6055833965731,1216.6693692930621,5168.147069932776,1457.1420506701359,6445.279971952275,18.63933502497376,6,1,0,0,5,39.421425304880415,39.421425304880415,39.421425304880415,1.0,0.0,0.0,0.5261915650398613,1,0,0.0,0.0,0.5261915650398613,0.4738084349601387,0.0,0.4738084349601387,0.5261915650398613,0.0,0.4738084349601387,0.0,10,0,2021,8,24,1,0,1,0,1,0,1,GRAVE_LESIONADOS,1
4,1,5,0,4,1,-6.4971455158941716,-79.10460155559035,0,4,0,0,1,1,1,2,785.607989050494,1.585479170609819,1,1,0.5854791706098189,8,23,135.51752101866148,0.4594728189426624,73.70814965585429,56.629200545583984,6.687777376868248,755.0142099363899,7242.743563089297,15935.565011852366,1733.9250000199986,935.692,13265.948011832368,2000.1670000199988,13935.398011832369,12.551591352627522,6,1,0,0,5,34.536302073475454,31.316166635121448,37.75643751182945,1.0,0.0,0.0,0.4145208293901811,1,0,0.0,0.5854791706098189,0.0,1.0,0.0,0.5854791706098189,1.0,0.0,0.0,0.0,15,1,2022,5,20,5,1,1,2,1,0,1,GRAVE_LESIONADOS,1
3,1,3,0,4,1,-16.264332334110136,-71.65128530547771,0,4,7,0,2,1,1,0,1504.4250000000002,2.0,2,0,1.0,7,25,241.0,0.6005060748875158,78.21704200773246,77.40211893847457,8.994742794352394,996.014120858737,33335.45824411135,10322.272,1495.236,1749.739,7077.2970000000005,2886.595,7435.677000000001,27.964725207783708,7,1,0,0,5,38.685486631289045,24.368664120245533,53.00230914233256,0.8421660300613831,0.0,0.0,0.15783396993861687,1,0,0.0,0.8421660300613831,0.0,0.15783396993861687,0.0,0.0,1.0,0.0,0.0,0.0,14,2,2021,9,12,2,0,0,0,1,0,1,GRAVE_LESIONADOS,1
6,1,7,0,4,2,-13.145626835401082,-72.35820410133468,0,4,0,0,1,1,0,0,6543.555,2.0,4,4,1.0,14,33,1198.0,0.41886130509335623,73.76457585167208,59.646352271951834,6.296207470013879,563.3390801218532,3155.951656538857,17779.13499998999,2097.3709999899997,2863.123,12818.640999999989,2878.713,14900.421999989989,16.19152450331032,11,1,0,0,10,54.639985518451205,54.639985518451205,54.639985518451205,1.0,0.7699995474516002,0.0,0.23000045254839985,1,0,0.0,0.7699995474516002,0.0,0.23000045254839985,0.0,0.23000045254839985,0.7699995474516002,0.7699995474516002,0.7699995474516002,0.0,8,1,2022,3,12,4,0,0,2,1,0,1,GRAVE_LESIONADOS,1
3,1,3,1,2,3,-16.31533122943819,-72.2444932869177,0,3,0,1,2,1,1,0,6543.555,2.0,4,4,1.0,14,33,1198.0,0.6069696462450315,76.51736838936118,69.76300289536682,8.761220494207162,1133.0352649458796,74665.74135068033,10314.511979712603,1496.8789142368387,1743.3730734731996,7074.259992002565,2882.750019120304,7431.761960592299,27.946044176119262,5,2,0,0,3,32.0171627946259,25.98855813691607,38.04576745233572,1.0,1.0,0.0,1.0,2,0,0.0,0.9942790684580354,0.9942790684580354,0.0,1.0,0.0,0.9942790684580354,0.0057209315419646245,1.0,0.0,8,1,2024,3,5,5,1,0,0,1,0,1,GRAVE_LESIONADOS,1
6,1,11,0,4,1,-11.660587900949366,-76.47289622537632,0,4,4,0,2,1,0,1,1443.3185206714813,1.6513198972262393,1,1,0.0,9,17,548.7649160128304,0.3391959005658893,75.01480875198709,63.18287282712335,4.345552350503773,404.50821222025695,1384.6267544306802,7934.934291806391,1600.4136487388168,1741.844140518969,4592.676502548606,1837.4359973698733,6097.498294436518,23.199718246843016,4,1,0,0,3,38.934317327882226,38.934317327882226,38.934317327882226,1.0,0.0,0.0,0.0,1,0,0.0,0.0,0.0,1.0,0.0,1.0,0.0,0.0,0.0,0.0,11,2,2022,6,10,5,1,0,0,1,0,1,GRAVE_LESIONADOS,1
3,1,8,0,4,1,-10.671252484309262,-75.37379927678005,4,4,6,1,5,1,1,0,6612.535979154149,2.0,2,0,0.2024621836388314,9,32,1066.5314663085508,0.48136796032245827,77.42360598989296,57.5490600954116,7.626614189669158,695.7534565446343,62077.5838860437,11961.479964697584,1838.3280814990515,1129.2639236031653,8993.887959595366,1692.157562821639,10269.322401875945,14.279156590752592,5,1,0,0,3,29.61969746911065,28.822159652749484,30.41723528547182,1.0,0.0,0.0,0.0,1,0,0.0,0.0,0.7975378163611686,1.0,0.0,1.0,0.7975378163611686,0.0,0.7975378163611686,0.0,0,0,2022,5,11,1,0,0,1,1,0,1,GRAVE_LESIONADOS,1
3,1,11,0,4,1,-11.12255893230522,-75.30896373532283,0,4,7,1,2,1,1,2,555.7299172032997,2.0,2,0,0.10988486369019068,8,10,162.28646449230274,0.5856095009243878,74.71507272074201,66.81025732709503,9.240674970948092,1047.3488591393943,24099.067796045438,12264.545,1826.4639999999995,1105.5389999999998,9332.542,1588.5359999999996,10676.009,12.952261987705208,5,2,0,0,3,34.983445659817576,23.659309182141143,46.30758213749401,1.0,0.0,0.0,0.10988486369019068,2,0,0.0,0.0,1.0,0.10988486369019068,0.8901151363098093,0.8901151363098093,0.10988486369019068,0.0,0.0,0.10988486369019068,8,1,2022,8,20,3,0,0,2,1,0,1,GRAVE_LESIONADOS,1
5,1,3,0,4,1,-16.02310082773337,-71.30690215410388,0,4,0,0,2,0,1,0,1504.4250000000002,2.0,2,0,1.0,7,25,241.0,0.4658914214684061,81.80869927887157,69.0664654196413,6.000671499894938,617.9207928899764,1696.442046230442,10322.272,1495.236,1749.739,7077.2970000000005,2886.595,7435.677000000001,27.964725207783708,4,2,0,0,2,36.218092659413315,31.013324307946593,41.422861010880034,1.0,0.0,0.0,0.14095367029334394,2,0,0.0,0.8590463297066561,0.14095367029334394,1.0,0.0,0.8590463297066561,1.0,0.0,0.0,0.0,4,0,2024,6,3,1,0,0,0,1,0,1,GRAVE_LESIONADOS,1
5,1,1,0,4,1,-5.703757325766173,-78.44596094996409,0,4,0,1,2,1,1,0,7665.127199930288,2.076727371928206,2,0,1.0,8,20,2082.5133892712406,0.4178594871122127,71.14087262755764,53.37967908400944,5.052843622983785,710.0005134755768,6912.56085297414,3681.6345706680854,1077.1163475113053,562.1880006648781,2042.3302224919023,892.4430760525913,2789.191494615495,24.42286121434318,16,1,0,0,14,42.350361503543574,42.15854307372306,42.54217993336409,1.0,0.0,0.0,0.07672737192820589,1,0,0.0,0.0,0.9232726280717941,0.07672737192820589,0.0,0.07672737192820589,0.9232726280717941,0.0,0.0,0.0,16,3,2023,2,23,4,0,1,0,1,0,1,GRAVE_LESIONADOS,1
3,1,8,0,4,1,-10.332830553834516,-75.58647892913987,0,4,0,0,2,1,1,2,650.233979864743,2.0,2,2,0.10638840541407735,8,11,223.57317110603552,0.34539890504185755,76.12101478469407,48.3082406075844,4.488116753424272,463.673819422516,19509.328705915024,8433.878574147111,1350.68717568297,893.8717719461977,6189.319626517941,1254.2025301524898,7179.67604399462,14.512407390208606,5,1,0,0,3,52.489182621335445,51.595571026749525,53.38279421592137,1.0,0.10638840541407735,0.0,1.0,1,0,0.0,0.8936115945859227,0.0,0.10638840541407735,0.0,1.0,0.8936115945859227,0.0,0.8936115945859227,0.0,17,3,2021,1,4,1,0,0,1,1,0,1,GRAVE_LESIONADOS,1
4,1,14,2,2,2,-11.986323954640312,-76.91891094122877,0,0,3,1,2,2,2,3,3736.979359879004,2.0,3,2,1.0,8,23,682.0312008789738,0.6940225485163671,79.6261779833794,74.71267964889103,9.640856850288495,1445.2607196731751,919850.412203838,7626.313,1683.4029999999998,1599.0829999999996,4343.827000000001,1814.875,5811.438000000001,23.797541485643197,9,1,0,0,7,32.07725452405334,30.59173974731334,33.562769300793335,1.0,0.4951715922466663,0.0,0.0,1,0,0.0,0.4951715922466663,1.0,0.0,0.0,0.0,1.0,0.5048284077533337,0.5048284077533337,0.5048284077533337,12,1,2023,6,19,2,0,1,0,1,0,1,GRAVE_LESIONADOS,1
6,1,10,0,4,1,-14.84019845683234,-74.98544314174772,0,4,7,1,2,2,2,0,6639.975,2.0,2,0,1.0,9,31,1616.0,0.5563774842369664,77.00938809632027,69.10246351364754,8.476961866273152,914.8835608305218,27932.19700214133,3721.461,698.1859999999996,744.866,2278.409,1102.9029999999996,2618.558,29.636290693359403,4,1,0,0,3,30.2985507095371,30.2985507095371,30.2985507095371,0.6092226627693547,0.39077733723064534,0.0,0.0,1,0,0.0,0.0,0.0,1.0,0.0,0.39077733723064534,0.6092226627693547,0.39077733723064534,0.39077733723064534,0.39077733723064534,9,0,2022,6,28,4,0,1,0,1,0,1,GRAVE_LESIONADOS,1
6,1,12,0,4,1,-8.300483993067019,-78.55842255610193,0,4,7,1,2,2,2,2,7476.422629520474,2.7250916625177593,2,0,1.0,2,30,2122.409134770677,0.47587519580057974,75.99084032736012,53.48178197590758,6.410299743120298,798.3077908912062,68149.00625686692,8931.828000000005,1335.5899999999997,1935.9830000000004,5660.255000000005,1219.309,7712.519000000005,13.651281686122925,4,1,0,0,2,25.298900049786887,25.298900049786887,25.298900049786887,1.0,0.0,0.0,0.0,1,0,0.0,1.0,0.0,0.0,0.0,0.0,1.0,0.0,0.27490833748224075,0.0,20,2,2022,3,15,3,0,0,0,1,0,1,GRAVE_LESIONADOS,1
3,2,19,0,3,1,-5.179011923899057,-80.57285090584843,0,4,5,1,2,2,2,0,2788.6997607849344,2.0,2,1,1.0,4,23,456.11436321615133,0.6220812987247925,80.20155828147696,72.71675503872983,10.02377668600292,1028.915688621886,159840.92719486082,8965.846000060003,1782.4120000599992,636.9959999999999,6546.438000000004,2214.505000059999,6751.341000000004,24.699342371541725,11,2,0,0,9,38.59278059194465,38.45117945029433,38.734381733594965,1.0,0.28320228330062935,0.0,1.0,2,0,0.0,0.0,0.28320228330062935,1.0,0.28320228330062935,1.0,0.7167977166993706,0.28320228330062935,1.0,0.0,12,1,2022,7,18,3,0,1,0,1,0,1,GRAVE_LESIONADOS,1
4,1,10,0,4,1,-14.91669558195511,-74.9911810767705,0,4,4,1,2,1,1,0,6639.975,2.0,2,0,1.0,9,31,1616.0,0.5563774842369664,77.00938809632027,69.10246351364754,8.476961866273152,914.8835608305218,27932.19700214133,3721.461,698.1859999999996,744.866,2278.409,1102.9029999999996,2618.558,29.636290693359403,4,1,0,0,3,40.24067183264903,32.94916020918872,47.53218345610934,0.4050839790811285,1.0,0.0,0.4050839790811285,1,0,0.0,0.0,0.0,1.0,0.0,1.0,0.0,1.0,1.0,0.5949160209188715,13,1,2021,7,23,4,0,1,0,1,0,1,GRAVE_LESIONADOS,1
3,1,19,0,4,2,-5.05755709789248,-80.20692436618862,0,4,2,0,5,1,1,0,4432.222648442626,1.025527670754336,3,2,0.6751758902514453,12,32,820.2295603624309,0.4653748048968089,74.19666709322776,61.11371397478021,6.596218102126203,701.9088264424688,75914.02997858672,8965.846000060003,1782.4120000599992,636.9959999999999,6546.438000000004,2214.505000059999,6751.341000000004,24.699342371541725,6,2,0,0,4,32.72623123176012,25.29929643899422,40.153166024526016,1.0,0.6751758902514453,0.0,1.0,2,0,0.0,0.0,0.3248241097485547,0.0,1.0,0.0,0.0,1.0,1.0,0.3248241097485547,17,2,2021,4,12,3,0,0,0,1,0,1,GRAVE_LESIONADOS,1
3,1,19,0,4,1,-5.375669350791006,-80.73580754935087,0,4,6,1,2,2,2,0,608.457213582485,2.0,2,3,0.025371488042315593,9,32,160.02063476506612,0.4687740488762445,76.40259786416358,62.39999678810319,6.714528273892864,672.8003583579583,43346.27408993576,8965.846000060003,1782.4120000599992,636.9959999999999,6546.438000000004,2214.505000059999,6751.341000000004,24.699342371541725,5,1,0,0,3,41.87314255978842,39.923885535873055,43.82239958370379,1.0,1.0,0.0,0.0,1,0,0.0,0.025371488042315593,0.9746285119576844,0.9746285119576844,1.0,0.0,0.0,0.025371488042315593,1.0,0.025371488042315593,17,2,2023,1,17,3,0,0,0,1,0,1,GRAVE_LESIONADOS,1