CLASE SINIESTRO,CANTIDAD DE VEHICULOS DAÑADOS,DEPARTAMENTO,ZONA,TIPO DE VÍA,RED VIAL,COORDENADAS LATITUD,COORDENADAS  LONGITUD,CONDICIÓN CLIMÁTICA,ZONIFICACIÓN,CARACTERÍSTICAS DE VÍA,PERFIL LONGITUDINAL VÍA,SUPERFICIE DE CALZADA,¿EXISTE SEÑAL VERTICAL?,¿EXISTE SEÑAL HORIZONTAL?,CAUSA FACTOR PRINCIPAL,MTC_RVN_LONGITUD_KM,MTC_RVN_N_CARRILES_MEDIANA,MTC_RVN_SUPERFICIE_DOMINANTE,MTC_RVN_ESTADO_DOMINANTE,MTC_RVN_ES_CONCESIONADA,MTC_RVN_CONCESION_PRINCIPAL,MTC_RVN_CORREDOR_LOGISTICO,MTC_RVN_N_TRAMOS,IDH_2019,IDH_ESP_VIDA_2019,IDH_EDUC_SECUND_PCT_2019,IDH_ANIOS_EDUC_2019,IDH_INGRESO_PERCAP_2019,IDH_POBLACION_2019,MTC_DEP_RED_TOTAL_KM,MTC_DEP_NACIONAL_TOTAL_KM,MTC_DEP_DEPARTAMENTAL_TOTAL_KM,MTC_DEP_VECINAL_TOTAL_KM,MTC_DEP_PAV_TOTAL_KM,MTC_DEP_NO_PAV_TOTAL_KM,MTC_DEP_PCT_PAVIMENTADA,PER_TOTAL_PERSONAS,PER_N_CONDUCTORES,PER_N_CONDUCTORES_FUGADOS,PER_N_PEATONES,PER_N_PASAJEROS_OCUPANTES,PER_EDAD_COND_PROM,PER_EDAD_COND_MIN,PER_EDAD_COND_MAX,PER_ANY_COND_MASCULINO,PER_ANY_LIC_PROBLEMA,PER_ANY_DOSAJE_POS,PER_ANY_DOSAJE_EVALUADO,VEH_TOTAL,VEH_N_FUGADOS,VEH_ANY_FUGADO,VEH_ANY_CARGA,VEH_ANY_PUBLICO,VEH_ANY_PARTICULAR,VEH_ANY_MOTO,VEH_ANY_AUTO,VEH_ANY_CAMION_BUS,VEH_ANY_SOAT_PROBLEMA,VEH_ANY_CITV_PROBLEMA,VEH_ANY_SEGURO_PROBLEMA,HORA_NUM,FRANJA_HORARIA,ANIO,MES,DIA_MES,DIA_SEMANA,ES_FIN_SEMANA,ES_QUINCENA,REGION_NATURAL,TIENE_SEÑALIZACION,ES_VIA_MULTICARRIL,ES_DEPTO_BAJO_PAVIMENTO,CATEGORIA_SEVERIDAD,CATEGORIA_SEVERIDAD_ENC
3,2,3,0,4,1,-16.674670361063992,-71.86785711235375,0,3,7,1,2,0,1,0,492.4854370209049,1.7501502812985177,2,0,0.7501502812985177,7,26,57.97114599068459,0.6555973056818104,76.14294081823674,77.45169449352944,10.633460178448514,1209.3165490752544,21858.2325496626,10322.272,1495.236,1749.739,7077.2970000000005,2886.595,7435.677000000001,27.964725207783708,7,2,0,0,5,59.00180337558221,47.254057595059976,70.74954915610445,1.0,0.0,0.0,0.0,2,0,0.0,0.0,0.24984971870148232,0.7501502812985177,0.0,0.7501502812985177,1.0,0.0,0.0,0.24984971870148232,18,2,2023,3,29,4,0,1,0,1,0,1,GRAVE_LESIONADOS,1
6,1,10,0,4,1,-14.673442557433717,-75.20554722993198,0,4,7,1,2,2,2,0,6639.975,2.0,2,0,1.0,9,31,1616.0,0.5668873085894104,77.41293063475436,68.78829669968648,8.617918254037518,947.1092927584821,27932.19700214133,3721.461,698.1859999999996,744.866,2278.409,1102.9029999999996,2618.558,29.636290693359403,4,1,0,0,3,35.926231670874586,35.926231670874586,35.926231670874586,0.2147536658250827,0.7852463341749173,0.0,0.2147536658250827,1,0,0.0,0.0,0.0,1.0,0.0,0.7852463341749173,0.2147536658250827,0.7852463341749173,0.7852463341749173,0.7852463341749173,14,1,2021,10,28,5,1,1,0,1,0,1,GRAVE_LESIONADOS,1
5,1,4,0,4,1,-13.562609838271136,-74.1358273273598,0,4,0,0,6,2,2,2,6716.256488705754,2.0,3,3,1.0,13,28,1198.0,0.3886115169374835,74.40890684857902,56.38143596873144,5.904764403663496,470.31500781815816,6506.497317153717,12678.733000000004,1805.074000000001,1774.0339999999994,9099.625000000004,2485.375000000001,10193.358000000002,19.602707936195205,7,1,0,0,6,38.903551950179775,37.82763128268686,39.97947261767269,0.16552625653737163,0.0,0.0,1.0,1,0,0.0,0.16552625653737163,0.16552625653737163,0.8344737434626284,0.0,0.0,1.0,0.0,0.0,0.0,15,2,2023,6,26,5,1,0,2,1,0,1,GRAVE_LESIONADOS,1
4,1,3,0,4,1,-16.07234094792125,-72.0195367705025,2,4,6,1,3,2,2,0,6599.450613125569,2.0,2,1,1.0,11,31,1440.3186712973213,0.5638965728888516,77.51143047862463,73.18974921530744,7.973368430879518,965.9590979319867,2383.3335317784013,10322.272,1495.236,1749.739,7077.2970000000005,2886.595,7435.677000000001,27.964725207783708,21,1,0,0,20,36.4058052010851,36.4058052010851,36.4058052010851,1.0,0.4202902600542552,0.0,0.5797097399457448,1,0,0.0,0.0,0.5797097399457448,0.4202902600542552,0.0,0.0,1.0,0.0,0.0,0.0,10,0,2023,9,15,3,0,0,0,1,0,1,GRAVE_LESIONADOS,1
3,2,16,0,4,0,-6.787960027268094,-78.32608469700044,2,4,4,1,2,2,2,2,7057.31244135106,2.0,3,2,1.0,11,27,1593.4325911392993,0.48810864918205715,78.31330861114408,57.39066438653674,7.913421709020258,725.5465109207917,10030.71001844545,4383.964988387622,641.9446881262734,806.2727691339644,2935.7475311273834,834.4825618345784,3549.4824265530424,19.324221113009546,8,2,0,0,6,30.48022895078882,26.422922557368235,34.53753534420941,1.0,0.4229225573682346,0.0,0.5770774426317654,2,0,0.0,0.0,1.0,1.0,0.0,1.0,0.5770774426317654,0.0,0.0,0.0,14,1,2021,2,14,2,0,0,0,1,0,1,GRAVE_LESIONADOS,1
5,1,6,0,4,1,-13.596496098552459,-74.20440545544932,0,4,0,1,2,1,1,4,1690.0311553857719,2.0,2,2,1.0,8,23,327.06987061114484,0.26268694731537096,78.14726666105148,44.9653402376929,4.253897029262353,217.74680044514545,3567.8551958010166,12801.157062352497,1832.4795941071272,1847.7342816181545,9120.943186627215,2590.6594649308604,10210.497597421636,20.198545559509334,5,2,0,0,3,31.423504231969993,30.36474365204501,32.143461426318986,1.0,0.0,0.0,0.8729487304090019,2,0,0.8729487304090019,0.0,0.0,1.0,0.0,0.1270512695909981,1.0,0.1270512695909981,0.1270512695909981,0.8729487304090019,13,2,2021,1,22,5,1,1,2,1,0,1,GRAVE_LESIONADOS,1
3,1,11,0,4,1,-11.803990846513662,-75.52577893708762,4,4,6,1,2,0,1,2,7586.903,2.0,2,0,1.0,9,5,1198.0,0.48581192896486725,69.71529588448286,72.29901034680151,8.12107786928503,705.6038509481699,893.3147521798106,12264.545,1826.4639999999995,1105.5389999999998,9332.542,1588.5359999999996,10676.009,12.952261987705208,5,2,0,0,3,39.15905750229988,35.13608301931902,43.182031985280744,1.0,0.0,0.0,1.0,2,0,0.0,0.0,0.0,1.0,0.13637699908004663,1.0,0.0,0.0,0.13637699908004663,0.0,19,2,2023,5,27,3,0,1,2,1,0,1,GRAVE_LESIONADOS,1
4,1,11,0,4,1,-12.40880644467822,-76.06641842395457,0,4,7,1,2,2,2,1,6991.777288346247,2.0,2,0,1.0,9,21,1460.7048175481864,0.6247340836199865,76.13441475105412,70.34006097583617,9.712606007404455,1226.1803255280638,8957.717335645359,7955.1498058025645,1594.9776258962768,1751.1953742507017,4608.976805655586,1838.9138025965601,6116.236003206004,23.160559237493835,17,1,0,0,15,31.170245521833547,23.628480424756425,38.71201061891067,1.0,0.0,0.0,0.0,1,0,0.0,0.6284804247564267,0.6284804247564267,0.37151957524357326,0.0,0.37151957524357326,0.6284804247564267,0.0,0.0,0.0,7,0,2023,9,11,1,0,0,0,1,0,1,GRAVE_LESIONADOS,1
6,1,5,0,4,2,-7.108956302037789,-78.79778558659152,1,4,5,1,2,2,2,1,6543.555,2.0,4,4,1.0,14,33,1198.0,0.3334181514351879,65.70103407075928,46.92785453731552,5.377079435778443,426.7373479842607,11921.895074946468,15935.565011852366,1733.9250000199986,935.692,13265.948011832368,2000.1670000199988,13935.398011832369,12.551591352627522,11,1,0,0,10,33.34222228343749,33.34222228343749,33.34222228343749,1.0,0.7911111072851569,0.0,0.7911111072851569,1,0,0.0,0.0,0.7911111072851569,0.20888889271484312,0.0,0.20888889271484312,0.7911111072851569,0.0,0.0,0.0,18,2,2023,9,26,5,1,0,2,1,0,1,GRAVE_LESIONADOS,1
6,1,11,0,4,0,-8.993945621667354,-77.72259946146646,0,4,5,0,3,2,2,0,6543.555,2.0,4,4,1.0,14,33,1198.0,0.338243914901737,71.82186751657825,51.36785032975323,5.3853924099491035,398.74037801306224,26763.317325747365,8837.29896136926,1360.2796352271669,1952.2923295441121,5524.726996597981,1367.7732992581407,7469.525662111119,15.547188724459481,4,1,0,0,3,35.7277754768433,35.7277754768433,35.7277754768433,1.0,1.0,0.0,0.0,1,0,0.0,0.7751460777285947,0.0,0.22485392227140533,0.0,0.22485392227140533,0.7751460777285947,0.0,0.0,0.0,20,2,2022,7,13,5,1,0,0,1,0,1,GRAVE_LESIONADOS,1
6,1,17,0,4,0,-8.757005833960555,-76.90847431880889,3,3,3,0,2,2,2,0,6585.312593231318,2.0,3,2,1.0,11,32,1379.0275251056908,0.5993980869221807,75.04358243734661,65.04180985987027,8.653344791075167,1179.854048804389,90537.91986514813,6503.144538531859,1191.1312339532276,1239.7777368399766,4072.2355677386554,1360.5063577007963,5142.638180831063,20.483499773846308,9,1,0,0,8,44.86616040720426,44.86616040720426,44.86616040720426,1.0,0.0,0.0,0.0,1,0,0.0,0.0,0.0,0.5669197963978688,0.0,0.0,1.0,0.0,1.0,0.0,15,1,2021,10,27,4,0,1,0,1,0,1,GRAVE_LESIONADOS,1
3,1,14,1,2,3,-11.917290514364295,-77.14559573289274,0,0,0,0,2,2,2,0,6543.555,2.0,4,4,1.0,14,33,1198.0,0.8144950507469595,80.02931360831586,79.00918391018038,13.122886004665164,1874.768201002464,58673.322440566895,7626.313,1683.4029999999998,1599.0829999999996,4343.827000000001,1814.875,5811.438000000001,23.797541485643197,30,2,0,0,26,45.2880629903385,32.152251961354025,55.192041993559,1.0,0.0,0.0,0.1920419935590041,2,0,0.0,0.0,1.0,0.8079580064409959,0.8079580064409959,0.0,1.0,0.0,0.8079580064409959,0.8079580064409959,11,2,2023,7,23,3,0,0,0,1,0,1,GRAVE_LESIONADOS,1
3,1,7,0,4,0,-13.424748594388776,-71.5436615335539,0,4,0,0,1,2,2,2,6543.555,2.0,4,4,1.0,14,33,1198.0,0.25830040554817124,61.12915459467098,44.550127023047864,4.180447053424835,293.7905322764722,12416.29142267533,17779.13499998999,2097.3709999899997,2863.123,12818.640999999989,2878.713,14900.421999989989,16.19152450331032,4,1,0,0,2,36.24953836121689,25.396434253411087,47.1026424690227,1.0,0.9044253423171502,0.0,0.09557465768284978,1,0,0.0,0.0,0.0,1.0,0.9044253423171502,0.0,0.09557465768284978,1.0,0.0,0.9044253423171502,7,0,2022,4,6,4,0,0,2,1,0,1,GRAVE_LESIONADOS,1
3,2,3,0,4,1,-16.844832309657246,-71.76080482939008,0,4,0,0,2,0,1,0,1843.2380063702271,2.0,2,0,1.0,8,30,362.8881624753547,0.6346471518778841,78.67541289431152,74.53237148455038,8.95118416543378,1216.50566123706,1026.9177496731404,10322.272,1495.236,1749.739,7077.2970000000005,2886.595,7435.677000000001,27.964725207783708,6,2,0,0,4,43.22180176622749,39.443603532454986,47.0,1.0,0.8018958057589126,0.0,0.0,2,0,0.0,0.0,0.0,1.0,0.0,1.0,0.19810419424108738,0.0,0.8018958057589126,0.0,6,1,2023,2,6,5,0,0,0,1,0,1,GRAVE_LESIONADOS,1
2,2,4,0,4,1,-12.858857240631606,-74.34243817675306,1,3,0,0,2,1,1,2,7591.327148652255,2.0,2,0,1.0,9,5,1222.129702258801,0.5513917034626903,70.02764331371421,74.91188423353007,10.117481309227543,866.9504075842666,104465.09833596004,12762.782611500463,1803.2378457908792,1752.3987670042263,9207.145998705359,2472.8531555367863,10289.929455963676,19.420738584587095,5,2,0,0,1,30.169887934788864,21.077421504573692,46.40643513160168,1.0,0.9741928318087689,0.025807168191231078,1.0,2,0,0.0,0.9741928318087689,0.0,1.0,1.0,0.9741928318087689,0.9741928318087689,0.0,1.0,0.0,10,1,2021,3,30,2,0,0,2,1,0,1,GRAVE_LESIONADOS,1
3,2,19,0,4,1,-15.269012233234163,-70.3156370195675,0,4,6,0,2,1,1,2,1771.4761138902074,2.0,2,0,1.0,5,22,404.0174077386111,0.2913135628143794,77.37899238096783,61.05352810563338,5.521208885491094,212.0669385721939,1493.903794613959,13622.771622877188,2016.4045082584992,2342.3529319770737,9264.014182641615,3297.2464521783363,10325.525170698851,24.19734169170896,5,2,0,0,2,34.71189284365851,26.54755929172034,40.26363965897646,1.0,0.0,0.0,0.020279973767419968,2,0,0.0,0.0,0.020279973767419968,0.97972002623258,0.0,0.97972002623258,1.0,0.97972002623258,0.97972002623258,0.0,19,1,2021,2,26,4,0,0,2,1,0,1,GRAVE_LESIONADOS,1
6,1,14,0,4,1,-14.987935114533984,-73.58122162647197,0,4,5,1,2,2,2,3,940.5129127119924,1.3776846435457357,1,1,0.3776846435457357,9,27,229.8711371098047,0.5272238867366479,75.41347814771879,71.91118247583748,8.19072460516965,829.8321125392331,5083.413307489254,3317.0026697579506,672.6873766602964,647.6103158637553,1996.7049772338985,1089.985807506092,2227.016862251858,33.67124065850405,7,1,0,0,6,57.4248299807194,57.4248299807194,57.4248299807194,1.0,0.0,0.0,1.0,1,0,0.0,0.0,0.0,1.0,0.0,0.3776846435457357,0.6223153564542643,0.0,0.0,0.0,17,2,2022,3,13,0,0,0,0,1,0,1,GRAVE_LESIONADOS,1
6,1,5,0,4,1,-6.691684307023445,-78.43706661294635,3,4,7,0,1,2,2,0,6543.555,2.3383249392824696,3,2,1.0,9,31,1291.716008181244,0.3484871558022944,76.33677469666252,53.28672218475212,4.131981838863427,447.1658531581213,76209.5845824411,15935.565011852366,1733.9250000199986,935.692,13265.948011832368,2000.1670000199988,13935.398011832369,12.551591352627522,4,1,0,0,3,48.383249392824695,48.383249392824695,48.383249392824695,1.0,0.6616750607175304,0.0,0.33832493928246965,1,0,0.0,1.0,0.0,0.0,0.0,0.0,1.0,0.0,0.0,0.0,16,1,2022,3,6,2,0,0,2,1,0,1,GRAVE_LESIONADOS,1
5,1,8,0,4,1,-12.844182348135902,-74.65711905846227,0,4,4,0,2,2,2,0,1136.713421916701,1.3110417050569838,0,3,0.3110417050569839,9,29,156.5395921631063,0.2771915240835653,69.03316717532124,54.338069118981636,4.273876397800308,270.008250472404,5376.3486434384395,8511.426,1445.3929999999996,2008.516,5057.516999999999,1879.579,6631.846999999998,22.08300935706896,7,1,0,0,6,46.24416682022794,43.44479147471508,49.04354216574079,1.0,0.0,0.0,0.3110417050569839,1,0,0.0,1.0,0.0,0.3110417050569839,0.6889582949430161,0.0,0.3110417050569839,0.0,0.6889582949430161,0.0,13,3,2025,3,8,0,0,0,2,1,0,1,GRAVE_LESIONADOS,1
3,2,19,2,2,4,-5.173842296971694,-80.64221212971518,0,4,5,1,2,1,1,1,6543.555,2.0,4,4,1.0,14,33,1198.0,0.6466443538484018,79.20843220678773,75.84736559090682,10.91482827157464,1093.6924948387361,172804.52017522973,8965.846000060003,1782.4120000599992,636.9959999999999,6546.438000000004,2214.505000059999,6751.341000000004,24.699342371541725,4,2,0,0,2,35.89994505376468,26.560087913976506,45.23980219355286,1.0,1.0,0.0,0.3200109892470634,2,0,0.0,0.0,0.3200109892470634,1.0,1.0,0.3200109892470634,0.0,1.0,0.3200109892470634,0.0,19,2,2021,2,12,3,0,0,0,1,0,1,GRAVE_LESIONADOS,1
4,2,3,0,4,1,-16.049416985901146,-71.33343241327916,0,4,2,0,2,0,1,0,1504.4250000000002,2.0,2,0,1.0,7,25,241.0,0.4685280505645348,81.83746865987648,70.74305753660312,6.037751599761188,617.4715908037651,1751.8736616702354,10322.272,1495.236,1749.739,7077.2970000000005,2886.595,7435.677000000001,27.964725207783708,4,2,0,0,2,38.36721653282969,33.01848174517983,43.71595132047954,1.0,0.33949391505994275,0.0,0.33949391505994275,2,0,0.0,0.6605060849400572,0.0,1.0,0.0,1.0,0.6605060849400572,0.0,0.33949391505994275,0.0,6,0,2024,8,7,2,0,0,0,1,0,1,GRAVE_LESIONADOS,1
3,2,7,1,4,1,-13.587192828815894,-71.79996908777031,0,1,7,1,2,0,1,2,7586.903,2.0,2,0,1.0,9,5,1198.0,0.5065580412535501,64.79370905469777,77.15417383818448,8.35812941450031,844.3117831870799,8658.316916488222,17779.13499998999,2097.3709999899997,2863.123,12818.640999999989,2878.713,14900.421999989989,16.19152450331032,15,2,0,0,13,31.09722543171962,26.157938892134577,37.9555606907514,1.0,0.6801585467588787,0.0,0.6801585467588787,2,0,0.31984145324112134,0.0,0.6801585467588787,1.0,0.0,1.0,1.0,0.0,0.0,0.31984145324112134,12,1,2022,7,20,4,0,0,2,1,0,1,GRAVE_LESIONADOS,1
6,1,9,0,4,1,-9.922757781327395,-76.14169600559954,1,3,0,0,1,2,2,0,6549.160260130807,2.0,3,3,1.0,13,32,1222.2999246492143,0.3264722293763861,76.22274550947685,46.15507865987136,4.097175997258716,418.2352662846854,19246.714030222414,8175.179882081862,1353.8204668250626,838.8971315404996,5982.4622837163,1103.7509423659117,7071.42893971595,13.5437342383738,5,1,0,0,3,41.34880274616097,40.476795880758544,42.918415103885344,1.0,0.0,0.0,0.0,1,0,0.0,0.058133791026828585,0.0,0.9418662089731714,0.0,0.9418662089731714,0.058133791026828585,0.0,0.9418662089731714,0.058133791026828585,18,1,2021,7,27,2,0,0,1,1,0,1,GRAVE_LESIONADOS,1
3,1,13,0,4,0,-6.629099055450606,-79.70392314009045,0,4,6,0,2,2,2,0,6543.555,2.9291163526913255,2,0,1.0,0,30,1455.3652296954972,0.5521950889145967,74.53664316974671,66.44451542375884,9.416206443548083,878.2523744152167,80100.38727394713,3614.603312592506,536.3280865636646,709.2614066888515,2369.01381933999,725.3325457317017,2889.2707668608036,20.161422776377552,13,1,0,0,12,50.50381446883928,35.63795282577807,65.36967611190049,1.0,0.9291163526913256,0.0,0.9291163526913256,1,0,0.0,0.0,0.9291163526913256,0.07088364730867436,0.0,0.0,1.0,0.0,1.0,0.0,1,0,2021,9,26,2,0,1,0,1,0,1,GRAVE_LESIONADOS,1
5,1,7,0,4,1,-13.923445384107534,-73.20532650537977,0,4,1,0,5,1,0,5,7586.903,2.0,2,0,1.0,9,5,1198.0,0.3166584536554929,67.603088251351,52.33490314658519,5.553428522292452,347.3663540607198,7007.182187730135,12893.149827748506,1853.072901834297,1903.1146748695853,9136.962251044624,2669.7730713258347,10223.376756422671,20.646274132163878,4,1,0,0,3,27.561681405637653,23.890084176709784,31.23327863456552,1.0,0.0,0.22252104417744645,0.22252104417744645,1,0,0.0,0.0,0.0,1.0,0.22252104417744645,1.0,0.0,0.0,0.22252104417744645,0.22252104417744645,15,3,2022,5,7,5,0,0,2,1,0,1,GRAVE_LESIONADOS,1
6,1,18,0,4,1,-5.682614136410628,-79.65738533599145,0,4,0,1,1,2,2,1,6543.555,2.0,4,4,1.0,14,33,1198.0,0.21185126676928406,65.38162542296322,42.30930190547324,3.976031567527573,171.87108981199844,38714.0989977468,8965.834883155909,1782.2659809726617,637.4205021421901,6546.148400041056,2214.1797752240886,6751.655107931821,24.695731923224685,11,1,0,0,10,54.00032679475791,54.00032679475791,54.00032679475791,1.0,0.0,0.0,0.9996732052420922,1,0,0.0,0.0,1.0,0.0,0.0,0.0,1.0,0.0,0.9996732052420922,0.0,14,3,2022,10,6,6,1,0,0,1,0,1,GRAVE_LESIONADOS,1
3,2,14,2,3,4,-6.669401049499547,-79.34265655938535,0,2,1,1,2,2,2,0,6543.555,2.0,4,4,1.0,14,33,1198.0,0.5628942430342304,79.35002967367124,71.060893789468,9.293331085824498,832.7717319204723,95107.84193788828,3834.544413523739,566.521209453869,736.9945087269351,2531.0286953429345,756.535782731411,3078.0086307923275,19.922087933824706,4,2,0,0,2,30.02748902144735,28.598682286979383,31.456295755915317,1.0,0.17152269378718699,0.0,0.828477306212813,2,0,0.0,0.828477306212813,0.0,1.0,1.0,0.0,0.828477306212813,0.17152269378718699,1.0,1.0,10,1,2022,7,23,3,0,1,0,1,0,1,GRAVE_LESIONADOS,1
3,2,13,0,4,1,-10.4548989091929,-77.71952155315316,0,4,7,1,2,2,2,1,813.5490178365264,-0.3146393719371323,0,0,0.7715464573123775,9,13,174.02185193319448,0.5932849867656027,79.3080916677534,65.04968467050703,7.279316444704884,1181.2966636359095,20301.045961372016,6674.433443059813,1416.4913594828004,1391.3376286892967,3866.604454887716,1560.9443182318537,5113.48912482796,23.00536815825793,5,2,0,0,3,53.78659842984283,44.573196859685666,63.0,1.0,0.22845354268762252,0.0,0.7715464573123775,2,0,0.0,0.22845354268762252,0.0,1.0,0.22845354268762252,0.7715464573123775,0.22845354268762252,0.22845354268762252,0.22845354268762252,0.22845354268762252,5,0,2021,11,6,4,0,0,0,1,0,1,GRAVE_LESIONADOS,1
6,1,5,0,4,2,-6.822099391890063,-78.24059521302537,0,4,1,0,2,2,2,0,6543.555,2.0,4,4,1.0,14,33,1198.0,0.20861361693542857,73.92248968770059,36.950495522449586,3.277050015884317,182.76435766817627,8872.744492659875,15935.565011852366,1733.9250000199986,935.692,13265.948011832368,2000.1670000199988,13935.398011832369,12.551591352627522,6,1,0,0,5,25.65952473042225,25.65952473042225,25.65952473042225,1.0,0.776587455070375,0.0,1.0,1,0,0.0,0.776587455070375,0.22341254492962503,0.0,0.776587455070375,0.0,0.22341254492962503,0.776587455070375,0.776587455070375,0.776587455070375,9,1,2024,4,5,3,0,0,2,1,0,1,GRAVE_LESIONADOS,1
3,1,3,0,4,1,-16.2067388941689,-71.6555595218219,0,4,0,0,2,1,1,1,1504.4250000000002,2.0,2,0,1.0,7,25,241.0,0.6013179441494756,78.20810753660137,76.67062209359733,8.94759412263032,1009.1540681493258,33472.10717019588,10322.272,1495.236,1749.739,7077.2970000000005,2886.595,7435.677000000001,27.964725207783708,5,2,0,0,3,47.410012901016,42.221370363848415,52.54475757042143,1.0,0.0,0.0,1.0,2,0,0.0,1.0,0.08084680164325397,0.0,0.0,0.0,1.0,0.0,0.0,0.0,18,2,2021,3,24,3,0,0,0,1,0,1,GRAVE_LESIONADOS,1
5,1,10,0,4,1,-13.829146166234207,-75.64020455440787,0,3,5,1,2,2,2,4,519.9102082475036,0.7498666487012977,1,3,0.0,9,32,218.8594645737012,0.6270430548461653,78.40643160431729,76.45263717087802,9.215937804898655,1116.913398212118,6875.778990474766,3721.461,698.1859999999996,744.866,2278.409,1102.9029999999996,2618.558,29.636290693359403,9,1,0,0,8,65.68626650048701,65.49866648701297,65.87386651396103,1.0,0.0,0.0,1.0,1,0,0.0,0.0,0.0,1.0,0.0,0.12506667564935114,0.8749333243506489,0.0,0.0,0.0,18,2,2021,3,19,0,0,1,0,1,0,1,GRAVE_LESIONADOS,1
5,1,12,0,4,1,-7.722799660603269,-78.57475290272185,0,4,7,1,1,2,2,0,6543.555,2.1412487408091083,3,3,1.0,12,32,1237.125901204123,0.23395488371176504,76.31108805043702,33.36560662569212,3.707445958722529,248.61390413411903,24301.478632306545,8931.828000000005,1335.5899999999997,1935.9830000000004,5660.255000000005,1219.309,7712.519000000005,13.651281686122925,4,1,0,0,3,33.305015110290704,33.305015110290704,33.305015110290704,1.0,1.0,0.0,0.0,1,0,0.0,0.0,0.1412487408091081,1.0,0.1412487408091081,0.0,0.8587512591908919,0.1412487408091081,0.0,0.0,20,2,2022,7,23,3,0,1,0,1,0,1,GRAVE_LESIONADOS,1
5,1,5,1,2,2,-5.985729496515306,-78.80649683049779,0,1,4,0,2,2,2,4,7033.80383780182,2.0,3,2,1.0,11,27,1575.3383169403774,0.4576147079574964,73.82347193616421,61.39217381936265,6.294745298645812,697.7576298618111,42467.07023894026,15935.565011852366,1733.9250000199986,935.692,13265.948011832368,2000.1670000199988,13935.398011832369,12.551591352627522,5,1,0,0,3,48.94644411325598,44.10359940386076,53.789288822651194,1.0,0.40357039244960136,0.0,1.0,1,0,0.0,0.0,0.5964296075503986,0.40357039244960136,0.40357039244960136,0.0,0.5964296075503986,0.0,0.0,0.40357039244960136,15,2,2024,6,7,1,0,0,2,1,0,1,GRAVE_LESIONADOS,1
0,1,15,1,2,3,-10.087541047909058,-78.13901919298257,0,1,2,1,2,1,1,1,4731.2665496141835,2.0,3,3,0.7023961425404268,12,32,881.0518918055545,0.7312269577409645,79.25807957628206,76.55726054107677,10.920346338314257,1631.2382889951377,45420.08892439467,8024.9631880122515,1712.8684603410707,1312.7621975882912,4999.33253008289,1933.8064295744252,6091.156758437827,24.06592090794706,9,2,0,0,6,52.53594213810641,50.53594213810641,54.53594213810641,1.0,0.2976038574595732,0.0,0.0,2,0,0.0,0.0,1.0,1.0,0.2976038574595732,0.0,0.7023961425404268,0.7023961425404268,1.0,0.7023961425404268,13,3,2023,1,22,2,0,1,0,1,0,1,GRAVE_LESIONADOS,1
6,1,12,0,4,2,-12.300246124894075,-73.78720817051163,0,4,3,0,7,2,2,2,6543.555,2.0,4,4,1.0,14,33,1198.0,0.2534353980118152,72.66237842298018,46.1414608531754,5.536896886219694,231.7813707489628,1449.070807665096,3205.6392557978224,862.968885735785,530.6166122118868,1812.0537578501508,1013.2860759040175,2192.353179893805,33.16710259157464,4,1,0,0,3,33.12772525952309,33.12772525952309,33.12772525952309,1.0,0.0,0.0,0.5570659326839171,1,0,0.0,0.5570659326839171,0.44293406731608287,0.0,0.0,0.0,1.0,0.0,0.0,0.0,11,2,2023,4,10,4,0,0,0,1,0,1,GRAVE_LESIONADOS,1
3,1,15,2,2,4,-3.982648316131929,-74.36759060317407,0,0,6,1,2,2,2,1,6543.555,2.0,4,4,1.0,14,33,1198.0,0.5845964809534873,73.97627659657643,58.029103193889796,10.438060989210395,1053.3788483509784,150986.93954281838,2252.8672934118877,372.01409484861824,367.2494820067907,1513.6037165564785,559.5219292526708,1693.3453641592178,24.980333365146407,6,2,0,0,3,44.58354494371143,32.85295611367375,67.11824454694995,1.0,1.0,0.0,0.1470438863262512,2,0,0.0,0.0,0.1470438863262512,1.0,1.0,0.1470438863262512,0.8529561136737488,0.1470438863262512,1.0,0.8529561136737488,12,3,2021,9,5,1,0,0,0,1,0,1,GRAVE_LESIONADOS,1
3,2,5,1,4,1,-5.825400691856495,-78.77206215869869,0,3,2,1,2,1,0,0,2559.1026335151178,2.0,2,0,1.0,3,20,699.4121437839437,0.5803239946829384,74.49544278598792,68.33065356443184,8.733179344969395,1046.078117086984,102362.46895074946,15935.565011852366,1733.9250000199986,935.692,13265.948011832368,2000.1670000199988,13935.398011832369,12.551591352627522,10,2,0,0,8,39.66449627613211,36.95910449090153,42.369888061362694,1.0,1.0,0.0,0.0,2,0,0.0,1.0,0.0,1.0,0.0,1.0,1.0,0.0,0.3150559693186544,0.0,15,3,2022,9,13,6,1,0,2,1,0,1,GRAVE_LESIONADOS,1