CLASE SINIESTRO,CANTIDAD DE VEHICULOS DAÑADOS,DEPARTAMENTO,ZONA,TIPO DE VÍA,RED VIAL,COORDENADAS LATITUD,COORDENADAS  LONGITUD,CONDICIÓN CLIMÁTICA,ZONIFICACIÓN,CARACTERÍSTICAS DE VÍA,PERFIL LONGITUDINAL VÍA,SUPERFICIE DE CALZADA,¿EXISTE SEÑAL VERTICAL?,¿EXISTE SEÑAL HORIZONTAL?,CAUSA FACTOR PRINCIPAL,MTC_RVN_LONGITUD_KM,MTC_RVN_N_CARRILES_MEDIANA,MTC_RVN_SUPERFICIE_DOMINANTE,MTC_RVN_ESTADO_DOMINANTE,MTC_RVN_ES_CONCESIONADA,MTC_RVN_CONCESION_PRINCIPAL,MTC_RVN_CORREDOR_LOGISTICO,MTC_RVN_N_TRAMOS,IDH_2019,IDH_ESP_VIDA_2019,IDH_EDUC_SECUND_PCT_2019,IDH_ANIOS_EDUC_2019,IDH_INGRESO_PERCAP_2019,IDH_POBLACION_2019,MTC_DEP_RED_TOTAL_KM,MTC_DEP_NACIONAL_TOTAL_KM,MTC_DEP_DEPARTAMENTAL_TOTAL_KM,MTC_DEP_VECINAL_TOTAL_KM,MTC_DEP_PAV_TOTAL_KM,MTC_DEP_NO_PAV_TOTAL_KM,MTC_DEP_PCT_PAVIMENTADA,PER_TOTAL_PERSONAS,PER_N_CONDUCTORES,PER_N_CONDUCTORES_FUGADOS,PER_N_PEATONES,PER_N_PASAJEROS_OCUPANTES,PER_EDAD_COND_PROM,PER_EDAD_COND_MIN,PER_EDAD_COND_MAX,PER_ANY_COND_MASCULINO,PER_ANY_LIC_PROBLEMA,PER_ANY_DOSAJE_POS,PER_ANY_DOSAJE_EVALUADO,VEH_TOTAL,VEH_N_FUGADOS,VEH_ANY_FUGADO,VEH_ANY_CARGA,VEH_ANY_PUBLICO,VEH_ANY_PARTICULAR,VEH_ANY_MOTO,VEH_ANY_AUTO,VEH_ANY_CAMION_BUS,VEH_ANY_SOAT_PROBLEMA,VEH_ANY_CITV_PROBLEMA,VEH_ANY_SEGURO_PROBLEMA,HORA_NUM,FRANJA_HORARIA,ANIO,MES,DIA_MES,DIA_SEMANA,ES_FIN_SEMANA,ES_QUINCENA,REGION_NATURAL,TIENE_SEÑALIZACION,ES_VIA_MULTICARRIL,ES_DEPTO_BAJO_PAVIMENTO,CATEGORIA_SEVERIDAD,CATEGORIA_SEVERIDAD_ENC
6,1,6,0,4,2,-10.249950761549654,-75.56324116653283,0,4,0,0,4,1,1,2,6543.555,2.0,4,4,1.0,14,33,1198.0,0.25205417656614093,75.22612168502808,45.00405619804353,4.451968056553109,201.51599804777646,2417.6997315034414,16900.991732106497,1924.2516390943201,1945.0344176024441,13031.705675409732,2460.2372923390344,14440.754439767461,14.45772388148145,5,1,0,0,4,38.71017199996955,38.71017199996955,38.71017199996955,1.0,0.0,0.0,1.0,1,0,0.0,0.5236723999989852,0.0,0.4763276000010148,0.0,0.4763276000010148,0.5236723999989852,0.0,0.4763276000010148,0.0,15,3,2022,5,14,1,0,0,2,1,0,1,GRAVE_LESIONADOS,1
3,2,7,0,4,1,-13.557027501073984,-71.8655369728579,0,4,3,0,2,2,2,4,5362.001535993171,2.0,2,0,1.0,6,11,872.7553386012759,0.32304905510726245,71.65532658096406,61.67155302897273,5.349448697957292,343.7957156907275,17845.5741040279,17779.13499998999,2097.3709999899997,2863.123,12818.640999999989,2878.713,14900.421999989989,16.19152450331032,10,2,0,0,8,37.58178226885233,29.573138143977246,45.59042639372741,1.0,0.48537237120455046,0.0,0.48537237120455046,2,0,0.0,0.0,0.48537237120455046,1.0,0.0,1.0,0.48537237120455046,0.0,0.48537237120455046,0.0,6,0,2022,1,11,0,0,0,2,1,0,1,GRAVE_LESIONADOS,1
4,1,16,1,4,0,-6.341415525878393,-80.03925305402352,0,4,7,1,2,0,0,1,6543.555,2.3539058262568586,3,2,1.0,9,31,1296.03191387315,0.5092120579777732,79.9843748991604,60.5370770531107,6.465906667142151,832.7807583663488,9570.754185524898,8953.806831641163,1624.2790909390228,1096.7150675319183,6232.812673170222,1862.2993373712443,7091.507494269919,20.789369326132668,4,1,0,0,2,29.078116525137176,27.78592817765089,30.370304872623457,1.0,0.0,0.6460941737431413,0.6460941737431413,1,0,0.0,0.0,0.0,1.0,0.6460941737431413,0.35390582625685874,0.0,0.6460941737431413,0.6460941737431413,0.0,16,1,2021,1,8,5,1,0,0,0,0,1,GRAVE_LESIONADOS,1
5,1,4,0,4,0,-13.230028340371414,-73.68752292011048,0,4,0,0,2,2,2,2,6656.805141305238,2.0,3,3,1.0,13,29,1198.0,0.21568739022578043,77.3349324532526,44.197879268334376,4.902934941961204,139.56088942489214,6503.034492951598,12678.733000000004,1805.074000000001,1774.0339999999994,9099.625000000004,2485.375000000001,10193.358000000002,19.602707936195205,5,1,0,0,4,28.442261047481626,27.736718967098042,29.147803127865206,1.0,0.0,0.0,0.10854493544362775,1,0,0.0,0.10854493544362775,0.10854493544362775,0.8914550645563722,0.0,0.0,1.0,0.8914550645563722,0.8914550645563722,0.8914550645563722,6,0,2021,8,27,3,0,0,2,1,0,1,GRAVE_LESIONADOS,1
6,1,12,0,4,1,-8.340037539338812,-78.72295963219139,0,4,5,0,1,2,2,0,6543.555,2.8341220753374645,2,0,1.0,2,30,1429.0518148684778,0.5822431196148868,78.0067017906486,64.4547759974839,8.791570009502546,1017.5605388134388,15361.450516772718,8715.271881184195,1393.2844986106502,1880.098727181192,5441.888655392352,1318.1002520795676,7397.171629104627,15.334322204754262,10,1,0,0,9,31.66824415067493,31.66824415067493,31.66824415067493,1.0,0.0,0.0,0.16587792466253548,1,0,0.0,0.16587792466253548,0.8341220753374645,0.0,0.0,0.0,1.0,0.0,0.0,0.0,16,3,2021,10,9,0,0,0,0,1,0,1,GRAVE_LESIONADOS,1
5,1,12,0,4,1,-11.849748792969294,-76.59868156670754,0,4,5,0,2,2,2,2,393.5897291643765,2.0,2,0,0.14950863952069615,8,4,82.80860695084948,0.6377797417053863,78.55310520570667,71.14748903535764,8.931019908621996,1237.7283876399015,35639.07874588238,8029.382162293577,1655.270407827309,1621.6073735956297,4752.504380870639,1975.1063991471206,6054.275763146457,24.420571454573217,5,1,0,0,4,62.607861767668865,61.86031857006538,63.35540496527234,1.0,0.0,0.0,1.0,1,0,0.0,0.14950863952069615,0.0,0.8504913604793038,0.0,0.8504913604793038,0.14950863952069615,0.0,0.0,0.0,16,2,2022,9,15,1,0,0,0,1,0,1,GRAVE_LESIONADOS,1
4,1,12,0,4,1,-7.773462203706131,-78.53271052335282,0,4,4,1,1,2,2,1,1146.3494201120047,1.5769095353227514,1,1,0.0,9,32,245.4625134567619,0.3932165256166946,78.2027397478367,52.39843628478519,5.7898122007422845,622.1480249777479,16822.433488152885,8931.828000000005,1335.5899999999997,1935.9830000000004,5660.255000000005,1219.309,7712.519000000005,13.651281686122925,7,1,0,0,5,49.519359414433865,49.23090464677249,49.807814182095235,1.0,0.42309046467724865,0.0,0.0,1,0,0.0,1.0,0.0,0.0,0.0,0.0,1.0,0.0,0.42309046467724865,0.0,4,0,2021,3,7,1,0,0,0,1,0,1,GRAVE_LESIONADOS,1
3,1,14,0,3,2,-11.850021060762616,-77.01662828030979,0,3,4,1,2,1,0,1,2954.3991975889994,2.0,2,3,0.342505770015058,10,26,1084.253498212605,0.6870631650977881,79.42150411954934,75.85651330142261,9.944159065476393,1377.3464287908057,359297.4348156135,7626.313,1683.4029999999998,1599.0829999999996,4343.827000000001,1814.875,5811.438000000001,23.797541485643197,10,2,0,0,8,32.41129904512799,24.480092320240928,40.34250577001506,1.0,1.0,0.0,0.0,2,0,0.0,0.0,0.657494229984942,0.342505770015058,0.657494229984942,0.0,1.0,1.0,1.0,1.0,9,1,2023,3,19,0,0,0,0,1,0,1,GRAVE_LESIONADOS,1
6,1,5,0,4,2,-7.2040189478651095,-78.36889954831854,1,4,0,0,1,2,2,0,6543.555,2.0,4,4,1.0,14,33,1198.0,0.28742287570247077,74.01663990146535,39.848955306344145,3.8684036596478677,334.9117011864947,9970.57495356384,15935.565011852366,1733.9250000199986,935.692,13265.948011832368,2000.1670000199988,13935.398011832369,12.551591352627522,8,1,0,0,7,44.24842671107891,43.469949693780656,44.83228447405261,0.8053807456754348,0.8053807456754348,0.0,0.0,1,0,0.0,0.8053807456754348,0.19461925432456517,0.0,0.0,0.19461925432456517,0.8053807456754348,0.8053807456754348,1.0,0.8053807456754348,16,3,2022,3,23,5,0,0,2,1,0,1,GRAVE_LESIONADOS,1
3,2,11,0,4,0,-9.345457372273204,-78.35747517513725,1,4,7,1,2,2,2,1,6581.227975782192,2.0,3,2,1.0,12,32,1361.3198908624329,0.5012355746274733,80.76637506321532,65.26874958962529,8.386107715975411,657.3264047745981,11496.883195332346,3561.969104858993,586.6117408954356,711.2713783310355,2264.0859856325214,859.4653726179504,2702.503732241042,23.966126921342987,9,2,0,0,7,38.18185989298367,34.595783729601735,41.7679360563656,1.0,0.0,0.0,1.0,2,0,0.0,0.0,0.6092825577453759,1.0,0.0,1.0,1.0,0.0,0.0,0.0,20,2,2021,5,13,2,0,0,0,1,0,1,GRAVE_LESIONADOS,1
5,1,8,0,4,1,-12.656734444290814,-74.71173015870416,0,4,5,1,2,1,0,0,7536.302806704176,2.0,2,0,1.0,9,6,1220.336313634885,0.29011282391854787,67.7883626790753,58.42190628485218,4.302379611793099,329.7235625479491,6407.594030881606,8464.128962750445,1458.1113397326287,1986.637473922316,5019.380149095498,1876.1214668960965,6588.007495854346,22.17462736510944,5,1,0,0,4,36.94656384297874,32.51907458680869,40.42748925617005,1.0,0.0,0.0,0.0,1,0,0.0,0.05343615702125626,0.05343615702125626,0.9465638429787437,0.0,0.9465638429787437,0.05343615702125626,0.0,0.0,0.0,2,0,2021,10,19,4,0,0,1,1,0,1,GRAVE_LESIONADOS,1
3,2,5,1,4,1,-5.796917864855293,-78.76370254850781,0,3,1,1,2,0,0,0,2039.6034885173133,2.0,2,0,1.0,2,20,556.1702656915807,0.5803239946829384,74.49544278598792,68.33065356443184,8.733179344969395,1046.078117086984,102362.46895074946,15935.565011852366,1733.9250000199986,935.692,13265.948011832368,2000.1670000199988,13935.398011832369,12.551591352627522,11,2,0,0,8,42.5,41.506765154618655,43.493234845381345,1.0,1.0,0.246617422690674,0.246617422690674,2,0,0.0,0.753382577309326,0.246617422690674,0.753382577309326,0.246617422690674,0.753382577309326,0.753382577309326,0.246617422690674,0.246617422690674,0.246617422690674,11,2,2022,8,7,6,1,0,2,1,0,1,GRAVE_LESIONADOS,1
3,1,7,0,4,1,-14.087180385834184,-71.4136018766208,0,4,7,1,2,1,1,2,7240.88780183278,2.0,2,1,1.0,10,14,1198.0,0.24979059268494092,67.00983847501199,53.944977073223065,5.137499622233298,193.42900921014427,5360.973661392681,17779.13499998999,2097.3709999899997,2863.123,12818.640999999989,2878.713,14900.421999989989,16.19152450331032,5,1,0,0,3,37.6378680640043,28.949178936478177,46.326557191530426,1.0,0.0,0.0,0.6683607021173941,1,0,0.0,0.6683607021173941,0.0,1.0,0.0,0.6683607021173941,1.0,0.33163929788260593,0.33163929788260593,0.33163929788260593,17,2,2023,2,5,1,0,0,2,1,0,1,GRAVE_LESIONADOS,1
5,1,10,0,4,1,-14.49394266943071,-75.30559126911179,1,4,6,1,3,2,2,0,6639.975,2.0,2,0,1.0,9,31,1616.0,0.5608721054445065,78.22168225801502,68.85778661713249,8.648937239560553,901.9518656624086,27601.85732837082,3721.461,698.1859999999996,744.866,2278.409,1102.9029999999996,2618.558,29.636290693359403,4,1,0,0,3,37.0,36.22044818109277,37.77955181890723,0.2598506063024092,1.0,0.0,0.0,1,0,0.0,0.2598506063024092,0.0,1.0,0.2598506063024092,1.0,0.0,0.7401493936975908,1.0,1.0,14,1,2021,8,25,4,0,1,0,1,0,1,GRAVE_LESIONADOS,1
6,1,12,0,4,1,-7.699241815198841,-79.29521954084872,0,4,7,1,2,2,2,0,6543.555,3.0,2,0,1.0,0,30,1475.0,0.589897408001366,77.0961309477178,70.92488528039895,8.706455869789881,1029.5351608021238,8877.336301601557,8931.828000000005,1335.5899999999997,1935.9830000000004,5660.255000000005,1219.309,7712.519000000005,13.651281686122925,6,1,0,0,5,45.89198968341994,45.89198968341994,45.89198968341994,1.0,0.0,0.0,0.0,1,0,0.0,0.0,0.0,1.0,0.0,1.0,0.0,0.0,1.0,0.0,17,2,2023,1,8,6,1,0,0,1,1,1,GRAVE_LESIONADOS,1
2,1,13,0,3,1,-6.72612191515968,-80.00769079529873,0,3,1,1,2,1,0,0,6543.555,2.937525986759583,2,0,1.0,0,30,1457.6946983324044,0.493556887499311,75.25888205784636,60.51401538332391,6.761334984227355,823.3920543888778,44457.98511148711,3719.996597995813,588.0529511033219,746.5390563102394,2385.4045905822513,772.7961151969882,2947.2004827988244,20.54662634681777,23,2,0,0,21,38.24948026480834,28.749272370731678,47.74968815888501,1.0,0.937525986759583,0.0,0.937525986759583,2,0,0.0,0.937525986759583,1.0,0.062474013240417015,0.0,0.0,1.0,0.062474013240417015,0.062474013240417015,0.062474013240417015,7,1,2021,2,12,3,0,0,0,1,0,1,GRAVE_LESIONADOS,1
3,1,11,0,4,1,-11.798317716105917,-75.56897879669584,3,4,7,1,2,0,1,2,7586.903,2.0,2,0,1.0,9,5,1198.0,0.4708098764459159,69.06973022436993,68.39920301905738,7.7383722728024695,693.1787303036984,1051.746078752658,12264.545,1826.4639999999995,1105.5389999999998,9332.542,1588.5359999999996,10676.009,12.952261987705208,5,2,0,0,3,38.97331347043758,37.20997020565637,40.73665673521879,1.0,0.0,0.0,0.7366567352187905,2,0,0.0,0.0,0.2633432647812095,1.0,0.0,1.0,0.2633432647812095,0.0,0.0,0.0,19,2,2022,6,28,2,0,1,2,1,0,1,GRAVE_LESIONADOS,1
4,1,11,0,4,1,-12.146902821508714,-76.23231286073491,0,4,0,0,2,2,2,1,1540.0504502528338,2.0,2,1,0.45792457986089785,9,21,522.6148859132761,0.32973600006311005,76.17089378329506,54.312711964656316,7.4514888735519555,443.1274888838779,1968.7166558805918,8031.627998654419,1574.4123707473075,1786.5724345061867,4670.643193400924,1844.5045520153194,6187.123446639099,23.01241508100783,5,1,0,0,4,35.34641344445127,26.131131302086533,44.561695586816,1.0,0.45792457986089785,0.0,0.5420754201391021,1,0,0.0,0.0,0.5420754201391021,0.45792457986089785,0.0,0.45792457986089785,0.5420754201391021,0.0,0.0,0.0,14,3,2021,6,8,1,0,0,0,1,0,1,GRAVE_LESIONADOS,1
6,1,10,0,4,1,-11.965471049629846,-75.79459684294058,0,4,2,0,4,2,2,0,7137.569744102684,2.0,2,1,1.0,11,17,1198.0,0.40699485003845187,76.49774121420631,53.86950049777181,6.44726079633399,513.1808473782902,2192.9799523499814,8130.238988449643,1547.8955286252715,1832.1876196687913,4750.15584015558,1851.7132648957204,6278.525723553923,22.821397990269787,4,1,0,0,3,66.72265919289562,66.72265919289562,66.72265919289562,1.0,0.0,0.0,0.0,1,0,0.0,0.0,0.0,1.0,0.0,0.569335201776094,0.430664798223906,0.0,0.0,0.0,9,2,2023,7,25,3,0,1,1,1,0,1,GRAVE_LESIONADOS,1
6,1,12,0,4,0,-8.088306997377169,-77.94334226302136,0,4,2,1,1,2,2,1,6543.555,2.307386556574899,3,2,1.0,9,32,1283.1460761712472,0.47421428341114275,73.98852979283696,45.46527960776929,6.522639583169581,866.6809362885582,9562.82582024071,8931.828000000005,1335.5899999999997,1935.9830000000004,5660.255000000005,1219.309,7712.519000000005,13.651281686122925,4,1,0,0,3,31.61079834862349,31.61079834862349,31.61079834862349,1.0,0.0,0.0,0.0,1,0,0.0,0.6926134434251007,0.0,0.30738655657489933,0.0,0.30738655657489933,0.6926134434251007,0.0,0.0,0.0,12,2,2021,5,6,2,0,0,0,1,0,1,GRAVE_LESIONADOS,1
6,1,5,0,4,2,-6.418501836190129,-78.71540389666411,0,4,4,0,1,2,2,1,6543.555,2.0,4,4,1.0,14,33,1198.0,0.29976780393100677,74.89965549514862,33.467625356651084,4.291376626376897,368.57568439040085,9396.546618616263,15935.565011852366,1733.9250000199986,935.692,13265.948011832368,2000.1670000199988,13935.398011832369,12.551591352627522,7,1,0,0,6,50.14533126300453,50.14533126300453,50.14533126300453,1.0,0.4078098195707818,0.0,0.5921901804292182,1,0,0.0,1.0,0.0,0.0,0.0,0.0,1.0,0.4078098195707818,0.4078098195707818,0.4078098195707818,17,2,2023,4,19,4,0,0,2,1,0,1,GRAVE_LESIONADOS,1
3,2,10,0,4,1,-12.919056969087332,-76.6587239082955,0,2,7,1,2,1,1,0,178.69617326331604,-0.6360927514782277,2,3,0.0,9,28,39.6243904833066,0.6079473910707471,76.5990391083277,67.12652999447543,9.584658188027912,1119.6428045705836,8782.025027300766,3689.7076665181517,675.972616340566,738.1776273770022,2275.5574228005835,1054.4368622225406,2635.270804295611,28.50741451447676,5,2,0,0,3,48.347627046347725,46.54437100591291,50.15088308678253,1.0,0.0,0.0,0.8786975838260759,2,0,0.0,0.12130241617392412,0.0,1.0,0.0,0.8786975838260759,0.12130241617392412,0.12130241617392412,0.12130241617392412,0.12130241617392412,13,3,2022,2,23,6,1,0,0,1,0,1,GRAVE_LESIONADOS,1
6,1,12,0,4,1,-7.838068589623718,-78.11389385141192,0,4,7,1,3,2,2,0,922.089576446492,1.6431113377195987,2,0,0.6431113377195988,8,30,154.60396532890138,0.3341871361231818,75.51638613238107,34.91601288344909,5.032488806418646,474.02553284693624,13239.083038093031,8931.828000000005,1335.5899999999997,1935.9830000000004,5660.255000000005,1219.309,7712.519000000005,13.651281686122925,5,1,0,0,4,51.650228793868365,51.650228793868365,51.650228793868365,1.0,0.6431113377195988,0.0,0.0,1,0,0.0,0.35688866228040117,0.0,0.6431113377195988,0.0,0.6431113377195988,0.35688866228040117,0.0,0.35688866228040117,0.0,9,1,2022,5,17,4,0,0,0,1,0,1,GRAVE_LESIONADOS,1
2,1,5,0,4,1,-5.788460120130312,-78.7835188664718,0,2,7,0,2,1,1,0,7758.33400008,2.0,2,0,1.0,9,20,2133.0,0.5803239946829384,74.49544278598792,68.33065356443184,8.733179344969395,1046.078117086984,102362.46895074946,15935.565011852366,1733.9250000199986,935.692,13265.948011832368,2000.1670000199988,13935.398011832369,12.551591352627522,5,1,0,1,2,30.651085469469855,25.40022851988839,35.901942419051316,1.0,0.7001142599441951,0.29988574005580493,0.29988574005580493,1,0,0.0,0.7001142599441951,0.0,1.0,0.29988574005580493,0.7001142599441951,0.7001142599441951,0.0,1.0,0.0,18,2,2022,5,22,5,1,0,2,1,0,1,GRAVE_LESIONADOS,1
3,1,3,0,4,1,-16.080307187879665,-73.90046943785963,0,4,7,1,2,2,2,0,6639.975,2.0,2,0,1.0,9,31,1616.0,0.6458275990351235,84.15888683566763,59.265258272702354,9.242775910599953,1246.286425767425,5307.810182211097,10322.272,1495.236,1749.739,7077.2970000000005,2886.595,7435.677000000001,27.964725207783708,5,2,0,0,3,41.03772499727131,39.22009443656157,42.855355557981056,1.0,0.0,0.0,0.0,2,0,0.7861611105047357,0.0,0.0,1.0,0.0,0.7861611105047357,0.2138388894952643,0.0,0.0,0.0,2,0,2021,1,25,4,0,0,0,1,0,1,GRAVE_LESIONADOS,1
6,1,12,0,4,2,-7.629405997983262,-77.80414705058543,0,4,7,1,6,2,2,0,6543.555,2.037782968064595,3,3,1.0,13,32,1208.4658821538928,0.17342640313532745,73.51268140240192,22.075927646507573,3.0180584427579804,167.01870751555558,13450.917983710273,8931.828000000005,1335.5899999999997,1935.9830000000004,5660.255000000005,1219.309,7712.519000000005,13.651281686122925,10,1,0,0,9,23.340046712581355,23.340046712581355,23.340046712581355,1.0,0.0,0.0,0.0,1,0,0.0,0.0,0.037782968064595135,0.9622170319354049,0.0,0.0,1.0,0.0,0.0,0.0,17,2,2023,9,25,2,0,0,0,1,0,1,GRAVE_LESIONADOS,1
5,1,7,0,4,1,-14.323618977396077,-71.18686935718452,1,3,0,0,1,1,1,2,6588.433533708002,2.0,3,3,1.0,13,31,1198.0,0.3747321124332816,75.97046902017547,62.89828325919476,6.0723899867827615,392.4315852478189,9901.158984311174,17779.13499998999,2097.3709999899997,2863.123,12818.640999999989,2878.713,14900.421999989989,16.19152450331032,10,1,0,0,9,65.2149204782277,65.06437160289751,65.3654693535579,1.0,0.043013964380055336,0.0,1.0,1,0,0.0,0.0,0.043013964380055336,1.0,0.0,0.043013964380055336,1.0,0.9569860356199447,0.0,0.0,4,0,2021,3,12,4,0,0,2,1,0,1,GRAVE_LESIONADOS,1
3,1,20,0,4,0,-15.799844303500485,-69.97044158630875,0,4,6,1,2,2,2,1,7451.325345620185,2.0,2,0,1.0,9,8,1198.0,0.2928031647407146,65.18520967872685,70.53269278234924,6.992330819143164,218.03712860818095,7138.962735772575,13642.312999999998,2020.7790000000005,2354.117,9267.416999999998,3314.0520000000006,10328.260999999997,24.29244952817019,5,2,0,0,3,42.65535875521034,27.649724034453584,57.66099347596709,1.0,0.0,0.8700551931092828,0.8700551931092828,2,0,0.0,0.0,0.0,1.0,0.8700551931092828,1.0,0.1299448068907172,0.1299448068907172,1.0,0.8700551931092828,13,2,2021,6,27,3,0,1,2,1,0,1,GRAVE_LESIONADOS,1
6,1,7,0,4,1,-13.46294128370878,-71.88792469118553,0,4,0,0,1,1,1,4,6543.555,2.0,4,4,1.0,14,33,1198.0,0.21531387465103274,67.88916029412687,40.14310995066669,3.5106556656019685,196.42572115606004,5838.730670757288,17779.13499998999,2097.3709999899997,2863.123,12818.640999999989,2878.713,14900.421999989989,16.19152450331032,7,1,0,0,6,33.07035887843544,33.07035887843544,33.07035887843544,1.0,0.0,0.0,0.3216068535940927,1,0,0.0,0.0,0.0,1.0,0.0,0.0,1.0,0.0,0.0,0.0,15,3,2023,6,7,2,0,0,2,1,0,1,GRAVE_LESIONADOS,1
4,1,17,0,4,1,-16.64444733379975,-72.11020336509013,0,4,2,0,2,1,0,2,950.544417658532,1.0,1,3,0.0,9,32,200.44166608857302,0.6135046057405302,78.76915560858274,76.25119470769438,10.176378955344855,982.102462401262,35661.295726770855,3014.104102165637,653.5914750366362,574.7756003630277,1785.7370267659726,1080.3121308596565,1933.79197130598,36.69301193471327,5,1,0,0,3,37.22494205335338,29.58692140067432,44.86296270603245,1.0,0.3394675845635139,0.0,0.3394675845635139,1,0,0.0,0.0,0.6605324154364861,0.3394675845635139,0.3394675845635139,0.0,0.6605324154364861,0.0,0.3394675845635139,0.0,11,2,2021,5,10,2,0,0,0,1,0,1,GRAVE_LESIONADOS,1
3,2,10,0,4,1,-8.870533440270389,-77.20220288322935,0,4,2,0,2,2,2,2,714.5661771209245,2.0,2,1,0.0,9,18,235.89785584378612,0.4108119371341834,76.75108047265971,53.10192811367684,5.582112939407091,609.6823780616903,17833.375502799507,8487.581995115615,1334.2918743664093,1232.827927281577,5920.462193467629,1121.3042025208322,7366.277792594783,13.196180400152413,6,2,0,0,4,51.9537495988163,51.14642818934886,52.76107100828375,1.0,0.0,0.0,0.614642818934886,2,0,0.0,1.0,0.0,0.0,0.0,0.614642818934886,1.0,0.0,0.614642818934886,0.0,13,2,2021,1,6,0,0,0,1,1,0,1,GRAVE_LESIONADOS,1
5,1,5,2,4,2,-7.826512628460306,-77.56729252407833,0,4,7,1,1,2,2,0,6700.871903821695,2.0,3,3,1.0,13,28,1198.0,0.3040209073780135,76.11526911137707,48.984240446850094,4.164611039341645,334.6771088896375,20412.385512371897,16213.540071480036,1788.7256987529818,1226.3116947230967,13198.502678003957,2132.6349173225562,14080.90515415748,13.100423586343755,6,1,0,0,5,38.82929470418242,36.34141059163515,41.317178816729694,1.0,0.15078085530589513,0.0,0.15078085530589513,1,0,0.0,0.8492191446941049,0.15078085530589513,0.15078085530589513,0.0,0.15078085530589513,1.0,0.0,0.15078085530589513,0.0,12,2,2022,6,11,1,0,0,2,1,0,1,GRAVE_LESIONADOS,1
6,1,5,0,4,1,-10.804785946783888,-75.27629069760691,0,4,2,0,2,1,1,2,234.02616992637917,0.5591992230031178,1,0,0.5197330743343725,10,32,25.565872364643802,0.4061587102803599,70.13393181521349,63.34443252786123,5.801551461012322,582.2739107791533,8752.171650406211,16820.97070230464,1908.4760930710609,1861.373360802626,13051.121248430953,2422.1035864862283,14398.867115818412,14.29973085653435,8,1,0,0,7,27.7170638176781,27.7170638176781,27.7170638176781,0.5197330743343725,0.0,0.0,0.5197330743343725,1,0,0.0,0.0,0.5197330743343725,0.48026692566562745,0.0,0.48026692566562745,0.5197330743343725,0.0,0.0,0.0,12,1,2022,6,18,6,1,0,2,1,0,1,GRAVE_LESIONADOS,1
3,1,14,2,2,4,-11.941597708347604,-77.07266343309078,0,0,7,0,1,2,2,0,6543.555,2.0,4,4,1.0,14,33,1198.0,0.7461257482458599,80.34198829407912,78.42185627459119,11.1169587276562,1584.6206816122651,366541.9626332798,7626.313,1683.4029999999998,1599.0829999999996,4343.827000000001,1814.875,5811.438000000001,23.797541485643197,12,1,0,10,0,30.1295891714417,30.1295891714417,30.1295891714417,1.0,0.12958917144169968,0.0,0.0,1,0,0.0,0.0,0.8704108285583003,1.0,1.0,0.8704108285583003,0.0,0.12958917144169968,1.0,0.12958917144169968,13,2,2024,7,14,2,0,0,0,1,0,1,GRAVE_LESIONADOS,1
4,1,12,0,4,1,-8.157359589836739,-79.14105614452748,0,4,7,1,2,2,2,1,6543.555,2.359445026182239,3,2,1.0,8,31,1297.5662722524803,0.5340189853244484,76.96181824579767,59.234492064777726,7.328380656899177,942.5877869145138,9588.72814758509,8931.828000000005,1335.5899999999997,1935.9830000000004,5660.255000000005,1219.309,7712.519000000005,13.651281686122925,4,1,0,0,2,30.470010471280304,30.470010471280304,30.470010471280304,1.0,0.6405549738177608,0.0,0.0,1,0,0.0,0.0,0.0,1.0,0.0,1.0,0.0,0.0,0.6405549738177608,0.0,9,2,2022,5,21,5,1,1,0,1,0,1,GRAVE_LESIONADOS,1
6,1,8,0,4,1,-13.154612130222043,-75.52083855739652,0,4,6,0,2,0,1,0,1497.2321308336755,1.0732924956609096,1,3,0.07329249566090945,9,16,273.2981623047409,0.3490791884195179,69.25662043695984,47.75199081231394,6.3102269411946015,407.87300181547494,1238.58466882102,8511.426,1445.3929999999996,2008.516,5057.516999999999,1879.579,6631.846999999998,22.08300935706896,4,1,0,0,3,35.14658499132182,35.14658499132182,35.14658499132182,1.0,0.9267075043390905,0.0,0.0,1,0,0.0,0.0,0.0,1.0,0.0,1.0,0.0,0.0,0.0,0.0,10,1,2021,7,3,0,0,0,2,1,0,1,GRAVE_LESIONADOS,1