CLASE SINIESTRO,CANTIDAD DE VEHICULOS DAÑADOS,DEPARTAMENTO,ZONA,TIPO DE VÍA,RED VIAL,COORDENADAS LATITUD,COORDENADAS  LONGITUD,CONDICIÓN CLIMÁTICA,ZONIFICACIÓN,CARACTERÍSTICAS DE VÍA,PERFIL LONGITUDINAL VÍA,SUPERFICIE DE CALZADA,¿EXISTE SEÑAL VERTICAL?,¿EXISTE SEÑAL HORIZONTAL?,CAUSA FACTOR PRINCIPAL,MTC_RVN_LONGITUD_KM,MTC_RVN_N_CARRILES_MEDIANA,MTC_RVN_SUPERFICIE_DOMINANTE,MTC_RVN_ESTADO_DOMINANTE,MTC_RVN_ES_CONCESIONADA,MTC_RVN_CONCESION_PRINCIPAL,MTC_RVN_CORREDOR_LOGISTICO,MTC_RVN_N_TRAMOS,IDH_2019,IDH_ESP_VIDA_2019,IDH_EDUC_SECUND_PCT_2019,IDH_ANIOS_EDUC_2019,IDH_INGRESO_PERCAP_2019,IDH_POBLACION_2019,MTC_DEP_RED_TOTAL_KM,MTC_DEP_NACIONAL_TOTAL_KM,MTC_DEP_DEPARTAMENTAL_TOTAL_KM,MTC_DEP_VECINAL_TOTAL_KM,MTC_DEP_PAV_TOTAL_KM,MTC_DEP_NO_PAV_TOTAL_KM,MTC_DEP_PCT_PAVIMENTADA,PER_TOTAL_PERSONAS,PER_N_CONDUCTORES,PER_N_CONDUCTORES_FUGADOS,PER_N_PEATONES,PER_N_PASAJEROS_OCUPANTES,PER_EDAD_COND_PROM,PER_EDAD_COND_MIN,PER_EDAD_COND_MAX,PER_ANY_COND_MASCULINO,PER_ANY_LIC_PROBLEMA,PER_ANY_DOSAJE_POS,PER_ANY_DOSAJE_EVALUADO,VEH_TOTAL,VEH_N_FUGADOS,VEH_ANY_FUGADO,VEH_ANY_CARGA,VEH_ANY_PUBLICO,VEH_ANY_PARTICULAR,VEH_ANY_MOTO,VEH_ANY_AUTO,VEH_ANY_CAMION_BUS,VEH_ANY_SOAT_PROBLEMA,VEH_ANY_CITV_PROBLEMA,VEH_ANY_SEGURO_PROBLEMA,HORA_NUM,FRANJA_HORARIA,ANIO,MES,DIA_MES,DIA_SEMANA,ES_FIN_SEMANA,ES_QUINCENA,REGION_NATURAL,TIENE_SEÑALIZACION,ES_VIA_MULTICARRIL,ES_DEPTO_BAJO_PAVIMENTO,CATEGORIA_SEVERIDAD,CATEGORIA_SEVERIDAD_ENC
5,2,19,0,4,1,-6.663114204908087,-79.3628243972594,4,4,2,0,2,2,2,1,6572.610493980567,2.69865698008124,2,0,1.0,2,30,1517.4893658085452,0.5703816728874043,76.21966687912659,69.14861035202786,8.991626899462464,942.3917972424698,11691.813707460633,1826.4517535068476,307.13930436476875,425.3037905957412,1094.0086585463375,525.8605417845212,1300.5912117223263,28.107007771359697,26,1,0,0,25,41.67081680874078,40.31477321910636,43.0268603983752,1.0,0.0,0.0,1.0,1,0,0.0,0.0,0.0,0.3013430199187599,0.0,0.3013430199187599,1.0,0.0,0.0,0.0,14,1,2023,10,24,5,1,1,0,1,0,1,GRAVE_LESIONADOS,1
3,2,10,0,4,0,-10.188225285317047,-76.74634991387697,0,3,7,1,2,2,2,2,9064.233021688837,2.0,2,1,1.0,10,32,3153.1097779837073,0.5691129680820716,76.71381713714277,68.11135761929681,8.438704151346448,992.3242892483055,27497.651899437373,8059.188567044582,1423.4707093233474,999.5462095481314,5636.171648173102,1254.0318525326188,6805.1567145119625,15.710657814156583,7,2,0,0,5,37.0711714798168,34.885165823609164,39.257177136024424,1.0,0.0,0.0,0.25717713602442727,2,0,0.0,0.7428228639755727,0.0,0.25717713602442727,0.25717713602442727,1.0,0.7428228639755727,0.7428228639755727,0.7428228639755727,0.7428228639755727,15,1,2022,8,8,3,0,0,1,1,0,1,GRAVE_LESIONADOS,1
6,1,7,0,4,1,-13.107577985808193,-72.35063824774667,0,4,0,0,2,1,1,2,3447.8009999999995,1.0,2,3,0.0,9,12,1109.0,0.4706944943299555,76.79406176595778,61.64424635983724,7.141255198110581,653.4175319142125,3282.6252676659524,17779.13499998999,2097.3709999899997,2863.123,12818.640999999989,2878.713,14900.421999989989,16.19152450331032,6,1,0,0,5,35.0,35.0,35.0,1.0,0.5640849216886251,0.0,0.4359150783113749,1,0,0.0,0.0,0.0,0.0,0.0,1.0,0.0,0.0,0.0,0.0,14,3,2023,4,29,2,0,1,2,1,0,1,GRAVE_LESIONADOS,1
3,2,13,0,4,1,-6.697845947958257,-79.90303147912743,0,4,7,1,2,2,2,0,6543.555,3.0,2,0,1.0,0,30,1475.0,0.5539280527450423,74.69452916859504,66.89728158703436,9.542777400516576,872.5509264417765,79617.09421841543,3459.691,515.0619999999999,689.7280000000001,2254.901,703.3549999999999,2756.336,20.329994788551925,9,2,0,0,7,41.89409594902098,31.264244491906044,52.52394740613592,1.0,1.0,0.0,0.5330305614882556,2,0,0.0,0.0,1.0,0.46696943851174444,0.46696943851174444,0.46696943851174444,0.5330305614882556,0.0,1.0,0.46696943851174444,2,0,2022,8,16,1,0,0,0,1,1,1,GRAVE_LESIONADOS,1
6,1,22,0,4,1,-18.057237668736338,-70.60144218013097,0,4,6,1,2,2,2,1,1818.3233035699939,1.8621011782696661,1,0,0.862101178269666,9,32,363.0759556845175,0.5480897995737385,75.34818936001575,73.20673289784736,8.696417257628688,856.3122858374985,2621.759951937544,2650.572,630.6729999999998,487.3610000000001,1532.5379999999998,1068.7019999999998,1581.87,40.31967439480987,6,1,0,0,5,24.827392930382004,24.827392930382004,24.827392930382004,1.0,0.862101178269666,0.0,1.0,1,0,0.0,0.0,0.0,1.0,0.0,1.0,0.0,0.0,0.0,0.0,9,0,2022,3,8,0,0,0,0,1,0,1,GRAVE_LESIONADOS,1
6,1,8,1,4,1,-13.51510775865443,-75.12668488258264,1,4,0,0,2,1,1,0,1679.5849999999998,2.0,2,3,1.0,9,24,315.0,0.4334538403068384,73.416269616986,50.261007663119344,7.30648909319866,646.6032599690415,2579.4606450474253,8511.426,1445.3929999999996,2008.516,5057.516999999999,1879.579,6631.846999999998,22.08300935706896,5,1,0,0,4,42.31384222524201,42.31384222524201,42.31384222524201,1.0,0.0,0.0,0.0,1,0,0.0,0.0,0.0,1.0,0.0,1.0,0.0,0.0,0.0,0.0,11,2,2022,3,11,5,1,0,2,1,0,1,GRAVE_LESIONADOS,1
6,1,5,0,4,2,-6.909335649675838,-78.12212982624109,0,4,0,0,2,1,0,1,5352.815421165864,1.685214376283042,3,3,0.685214376283042,12,32,1201.1478562371697,0.26385956469992733,72.3723435460733,42.91583930879923,4.326373981490535,277.15317641927464,1421.412766557611,15935.565011852366,1733.9250000199986,935.692,13265.948011832368,2000.1670000199988,13935.398011832369,12.551591352627522,4,1,0,0,3,26.777427484603496,26.777427484603496,26.777427484603496,1.0,0.0,0.0,0.685214376283042,1,0,0.0,0.0,0.0,1.0,0.0,1.0,0.0,0.0,0.685214376283042,0.0,10,2,2023,3,3,1,0,0,2,1,0,1,GRAVE_LESIONADOS,1
6,1,8,0,4,1,-12.631143194075655,-74.55904775150856,0,4,6,0,2,1,1,0,932.8737342952943,1.0523487668096023,0,3,0.05234876680960243,9,31,97.04021636620855,0.26870441148079904,67.60750396684936,57.30874858307844,4.002163316427254,261.49230932155604,6145.516977656738,8511.426,1445.3929999999996,2008.516,5057.516999999999,1879.579,6631.846999999998,22.08300935706896,6,1,0,0,5,45.26174383404801,45.26174383404801,45.26174383404801,1.0,0.0,0.0,0.0,1,0,0.0,0.9476512331903976,0.0,0.05234876680960243,0.9476512331903976,0.05234876680960243,0.0,0.0,0.9476512331903976,0.0,12,2,2024,3,10,1,0,0,2,1,0,1,GRAVE_LESIONADOS,1
6,1,10,0,4,1,-14.829148051227916,-75.04119081523618,0,3,7,1,2,2,2,0,6639.975,2.0,2,0,1.0,9,31,1616.0,0.5588901992679783,77.10586805335592,69.0273517278353,8.510662071183836,922.5881692316998,27932.19700214133,3721.461,698.1859999999996,744.866,2278.409,1102.9029999999996,2618.558,29.636290693359403,4,1,0,0,3,36.948656157706566,36.948656157706566,36.948656157706566,0.05134384229343514,0.9486561577065649,0.05134384229343514,0.05134384229343514,1,0,0.0,0.0,0.0,0.9486561577065649,0.0,0.9486561577065649,0.05134384229343514,0.9486561577065649,0.9486561577065649,0.9486561577065649,17,1,2021,10,26,6,1,0,0,1,0,1,GRAVE_LESIONADOS,1
3,2,10,0,4,1,-14.91288789010028,-74.99234893427227,0,4,2,1,2,1,0,1,6639.975,2.0,2,0,1.0,9,31,1616.0,0.5563774842369664,77.00938809632027,69.10246351364754,8.476961866273152,914.8835608305218,27932.19700214133,3721.461,698.1859999999996,744.866,2278.409,1102.9029999999996,2618.558,29.636290693359403,5,2,0,0,3,45.358509630935714,28.075528892807135,62.641490369064286,1.0,0.6414903690642878,0.0,0.6414903690642878,2,0,0.0,0.3585096309357122,0.0,1.0,0.0,1.0,0.3585096309357122,0.6414903690642878,0.6414903690642878,0.0,5,0,2021,4,21,3,0,1,0,1,0,1,GRAVE_LESIONADOS,1
6,1,20,0,4,0,-16.217588603736555,-69.39877652083806,0,4,0,0,2,1,1,2,7458.486613729585,2.0,2,0,1.0,9,8,1198.0,0.4141856466402207,72.7126049369028,74.9589595129181,7.296567020683672,444.52934995934834,20401.953216571368,13642.312999999998,2020.7790000000005,2354.117,9267.416999999998,3314.0520000000006,10328.260999999997,24.29244952817019,5,1,0,0,4,39.246162136258306,39.246162136258306,39.246162136258306,1.0,0.0,0.0,0.0,1,0,0.0,0.0,0.0,1.0,0.0,0.0,1.0,0.12308106812915298,1.0,0.12308106812915298,3,0,2022,10,9,2,0,0,2,1,0,1,GRAVE_LESIONADOS,1
3,2,10,0,4,1,-11.37160919248537,-77.29455425637254,0,4,7,1,2,2,2,0,6608.740320003379,2.323943994986747,2,0,1.0,6,30,1570.3238967068687,0.5614132042618148,80.37674608173103,69.69392864476991,8.546552245103753,857.5571804768555,11735.257751849662,3636.662180432319,638.8640798620467,727.0043760044208,2270.793724565852,973.471824691035,2663.190355741284,26.621572019427266,8,2,0,0,6,55.09155195989398,50.26760796490723,59.915495954880726,1.0,0.0,0.0,0.6760560050132531,2,0,0.0,0.32394399498674686,0.32394399498674686,0.6760560050132531,0.0,0.6760560050132531,1.0,0.0,0.0,0.0,17,1,2023,7,20,5,0,1,0,1,0,1,GRAVE_LESIONADOS,1
3,1,12,0,4,1,-13.214426155888187,-75.5514966128649,0,4,2,1,2,1,1,0,7816.934882687191,2.0,2,0,1.0,9,31,2406.36189439821,0.5022734306924219,77.8775973910138,78.17683404125269,8.351209678966091,661.0372981166167,1747.3153206150764,3705.6319372000494,650.4933357137727,804.1177962377238,2251.020805248553,920.1184250319584,2785.513512168091,24.793004791949734,6,2,0,0,4,44.46563861680904,37.93127723361808,51.0,1.0,0.0,0.0,0.35698369214011294,2,0,0.0,0.6430163078598871,0.0,1.0,0.0,1.0,0.6430163078598871,0.0,0.0,0.0,16,2,2023,7,16,2,0,1,0,1,0,1,GRAVE_LESIONADOS,1
6,1,6,0,4,2,-10.179565060243021,-75.61625997301725,0,4,0,0,4,1,1,2,6543.555,2.0,4,4,1.0,14,33,1198.0,0.2508943203648573,75.17342281731196,44.81987766540967,4.432112106614115,200.39778897124302,2392.3724356898456,16880.741355273894,1920.2594291402356,1923.8628839367934,13036.619042196864,2450.5870552019337,14430.154300071961,14.417741663056823,5,1,0,0,4,38.380642169864345,38.380642169864345,38.380642169864345,1.0,0.0,0.0,1.0,1,0,0.0,0.5126880723288114,0.0,0.4873119276711886,0.0,0.4873119276711886,0.5126880723288114,0.0,0.4873119276711886,0.0,15,3,2022,5,14,1,0,0,2,1,0,1,GRAVE_LESIONADOS,1
4,1,8,0,4,1,-12.483868592858135,-74.85002481217566,0,4,0,0,1,1,1,0,7248.594030914706,2.0,2,1,1.0,10,14,1198.0,0.29694585985004274,71.9051235628827,52.75989439703889,4.612955215437207,300.14516691205864,3307.1542965451476,8511.426,1445.3929999999996,2008.516,5057.516999999999,1879.579,6631.846999999998,22.08300935706896,4,1,0,0,3,32.43321436381895,32.43321436381895,32.43321436381895,1.0,0.0,0.0,0.0,1,0,0.0,0.0,0.0,1.0,0.0,0.32425323965282293,0.6757467603471771,0.0,0.0,0.0,19,2,2022,7,19,4,0,0,2,1,0,1,GRAVE_LESIONADOS,1
3,2,3,0,4,1,-17.066478728584258,-71.94460812115474,0,4,2,0,2,1,1,0,1926.94,2.0,2,0,1.0,9,32,393.0,0.6803071451955962,77.94466657583487,78.40700901768477,9.735921607047414,1363.7066157637946,944.9743040685224,10322.272,1495.236,1749.739,7077.2970000000005,2886.595,7435.677000000001,27.964725207783708,9,2,0,0,7,28.215458146374125,26.715458146374125,29.715458146374125,1.0,0.03974767479856245,0.0,0.0,2,0,0.0,0.0,0.0,1.0,0.0,1.0,0.0,0.0,0.03974767479856245,0.0,5,0,2024,2,4,1,0,0,0,1,0,1,GRAVE_LESIONADOS,1
3,1,3,0,4,1,-9.263750242443141,-77.61498599364553,0,4,0,1,3,1,1,1,9936.932,2.0,2,0,1.0,9,32,3830.0,0.29185358131153727,75.65990398536316,48.2389182298585,5.33574883738652,255.17407711852104,1990.4290858407423,10301.956533555207,1745.6784812880242,1403.6537857520595,7152.624266515126,1876.8515817521752,8425.104951803034,18.020875456040073,9,1,0,0,7,51.387843106925935,36.08806701892072,66.68761919493116,1.0,0.7463305408783035,0.0,0.0,1,0,0.0,0.0,0.7463305408783035,1.0,0.7463305408783035,0.0,1.0,0.0,1.0,0.7463305408783035,9,1,2023,1,28,0,0,1,0,1,0,1,GRAVE_LESIONADOS,1
5,1,10,0,4,1,-9.078446844339494,-77.478108956331,0,4,7,1,2,1,1,2,6543.555,2.0,4,4,1.0,14,33,1198.0,0.46169544308278154,77.21450396313097,47.32317104236556,6.793817416326437,728.1369886777813,13319.765885788818,9105.665398698451,1355.5494124988938,1912.6982273063904,5837.417758893167,1427.7579998348292,7677.907398863622,15.440790496418524,4,1,0,0,3,35.49972470348941,31.499724703489413,38.624747644865295,0.12502294137588232,0.0,0.0,0.12502294137588232,1,0,0.0,0.12502294137588232,0.8749770586241177,0.12502294137588232,0.8749770586241177,0.12502294137588232,0.12502294137588232,0.8749770586241177,0.0,0.8749770586241177,19,2,2023,2,17,4,0,1,0,1,0,1,GRAVE_LESIONADOS,1
9,1,5,0,4,2,-12.887965987822337,-73.34295399586325,0,4,6,0,6,2,2,2,6543.555,2.0,4,4,1.0,14,33,1198.0,0.36998623875057723,81.20785919116729,45.43795111342038,5.20241421629931,441.54016588520255,10976.849323595163,12751.890108374551,1821.4507970090006,1818.075174471484,9112.364136894068,2548.2899765421616,10203.600131832389,19.958763410460694,6,1,0,0,5,56.54446683176562,56.54446683176562,56.54446683176562,1.0,0.9240778052942694,0.0,0.9240778052942694,1,0,0.0,0.0,0.0,0.07592219470573058,0.0,0.0,1.0,0.9240778052942694,1.0,0.0,6,1,2023,7,8,2,0,0,2,1,0,1,GRAVE_LESIONADOS,1
5,1,3,0,4,0,-16.56750300565594,-71.68424162023015,2,4,0,0,2,0,0,0,6608.196463923417,2.0,2,1,1.0,10,31,1478.2336851274438,0.6185782751298806,78.09630678105356,73.85108965233825,8.691417864051816,1140.43531141853,7942.919313146326,10322.272,1495.236,1749.739,7077.2970000000005,2886.595,7435.677000000001,27.964725207783708,5,2,0,0,3,45.07872580783808,38.38581720522539,51.77163441045079,1.0,0.0,0.0,0.6704155146589565,2,0,0.0,0.0,0.0,1.0,0.0,1.0,1.0,0.0,0.0,0.0,8,1,2023,10,25,5,1,1,0,1,0,1,GRAVE_LESIONADOS,1
3,2,3,0,4,1,-16.05376591907141,-71.34683624218926,0,4,1,0,2,0,1,0,1504.4250000000002,2.0,2,0,1.0,7,25,241.0,0.4685280505645348,81.83746865987648,70.74305753660312,6.037751599761188,617.4715908037651,1751.8736616702354,10322.272,1495.236,1749.739,7077.2970000000005,2886.595,7435.677000000001,27.964725207783708,5,2,0,0,3,56.88476574393144,49.69406592062542,64.07546556723746,1.0,0.0,0.0,0.0,2,0,0.0,0.9312666274013378,0.0,1.0,0.0,1.0,1.0,0.0,0.0,0.0,6,1,2021,7,8,5,0,0,0,1,0,1,GRAVE_LESIONADOS,1
4,1,10,0,4,0,-8.593097460279461,-77.06263765696583,0,4,7,1,3,2,2,1,7274.999447431,2.0,2,1,1.0,10,25,1760.9835207086605,0.4865914979841659,75.9900268207281,62.10560659085007,7.341261891056557,741.514592187223,27439.999037733163,8496.632104549608,1334.318319576752,1247.1524913456346,5915.16129362722,1123.3007407732662,7373.33136377634,13.205451651657881,4,1,0,0,2,29.763935987115264,29.161814574592633,30.366057399637896,1.0,1.0,0.0,0.0,1,0,0.0,0.3978785874773685,0.0,0.6021214125226315,0.6021214125226315,0.0,0.3978785874773685,0.0,0.0,0.0,21,2,2021,4,25,5,1,1,1,1,0,1,GRAVE_LESIONADOS,1
6,1,12,0,4,2,-7.613920634813992,-77.75156735029717,0,4,7,1,7,2,2,0,6305.808346692504,1.9530161760404428,3,3,0.9530161760404428,13,32,1153.6002863582185,0.1577696273838295,73.34939757302345,20.34278702044506,2.804184440523219,135.15658506181953,13367.980728051392,8931.828000000005,1335.5899999999997,1935.9830000000004,5660.255000000005,1219.309,7712.519000000005,13.651281686122925,9,1,0,0,8,23.469838239595575,23.469838239595575,23.469838239595575,1.0,0.0,0.0,0.0,1,0,0.0,0.04698382395955725,0.0,0.9530161760404428,0.0,0.0,1.0,0.0,0.04698382395955725,0.0,17,1,2023,9,24,3,0,0,0,1,0,1,GRAVE_LESIONADOS,1
3,1,16,0,4,1,-7.11972840307357,-78.92246185348489,0,2,7,1,2,2,2,0,628.3263416242658,1.702782877165975,1,2,0.0,9,32,135.3777369826722,0.4797055359076731,74.98955341808494,61.6024484591705,7.1947396181776595,715.583638765302,43223.748717694565,9946.275825917644,1795.5050087372508,776.2550023840224,7374.515814796371,2028.4562948788744,7917.819531038771,21.20790893815782,5,2,0,0,3,42.148608561417014,36.73061164882572,47.5666054740083,1.0,0.7027828771659749,0.0,0.0,2,0,0.0,0.2972171228340251,0.7027828771659749,1.0,0.7027828771659749,0.2972171228340251,0.2972171228340251,0.0,0.7027828771659749,0.0,14,2,2023,3,21,2,0,1,0,1,0,1,GRAVE_LESIONADOS,1
3,1,10,0,4,1,-11.880941982221598,-75.48019160373656,5,4,6,0,2,0,1,2,7543.076366575117,2.0,2,0,1.0,9,6,1198.0,0.4674510671434844,69.69378895063136,71.39131841188747,7.7919039037754505,660.0381843453272,988.7577095611067,12281.943284795663,1825.5654966349111,1133.6196454906385,9322.758142670113,1626.2084104461196,10655.734874349542,13.23161907344886,5,1,0,0,4,39.05893944210248,37.62194809323069,40.495930790974256,1.0,0.0,0.0,1.0,1,0,0.0,0.0420057674188119,0.0,0.9579942325811881,0.0,0.9579942325811881,0.0420057674188119,0.0,0.0,0.0,20,1,2022,5,28,2,0,1,2,1,0,1,GRAVE_LESIONADOS,1
3,1,7,0,4,1,-14.349864765832587,-71.16860078591849,0,4,7,1,2,1,1,2,7489.738955332745,2.0,2,0,1.0,9,7,1198.0,0.2286176122918087,64.28314418426132,53.48971343476403,5.092462395077891,164.4094200145591,5393.845944484732,17779.13499998999,2097.3709999899997,2863.123,12818.640999999989,2878.713,14900.421999989989,16.19152450331032,5,1,0,0,3,33.5831618590761,21.793815045428417,45.37250867272379,1.0,0.0,0.0,0.9068728318190528,1,0,0.0,0.9068728318190528,0.0,1.0,0.0,0.9068728318190528,1.0,0.09312716818094724,0.09312716818094724,0.09312716818094724,18,2,2023,1,3,0,0,0,2,1,0,1,GRAVE_LESIONADOS,1
6,1,6,0,4,1,-9.031748951756102,-77.6808935665665,0,4,3,0,4,2,2,0,9936.932,2.0,2,0,1.0,9,32,3830.0,0.32996102833057916,75.22018977534849,53.306592053623866,6.133315635810237,360.9673634965509,3083.152400193212,9821.232872279317,1601.7947277978953,1590.426955283367,6629.011189198056,1646.1460168337496,8175.086855445569,16.48775862508674,16,1,0,0,15,41.88817977417018,41.88817977417018,41.88817977417018,1.0,0.0,0.0,0.48447280903319256,1,0,0.0,0.0,0.48447280903319256,0.5155271909668074,0.0,0.0,1.0,0.0,0.5155271909668074,0.0,8,0,2022,6,15,2,0,0,0,1,0,1,GRAVE_LESIONADOS,1
6,1,7,0,4,0,-13.649489847113365,-71.85093539055907,0,4,0,0,1,1,1,3,6543.555,2.0,4,4,1.0,14,33,1198.0,0.2046684869721004,66.65803526357003,40.74136340792405,3.5610475015394263,175.8581656060637,6067.276615823091,17779.13499998999,2097.3709999899997,2863.123,12818.640999999989,2878.713,14900.421999989989,16.19152450331032,6,1,0,0,5,31.761961908666997,31.761961908666997,31.761961908666997,1.0,0.0,0.0,0.5396730152221672,1,0,0.0,0.0,0.0,1.0,0.0,0.0,1.0,0.0,0.0,0.0,15,3,2023,6,7,3,0,0,2,1,0,1,GRAVE_LESIONADOS,1
6,1,7,0,4,2,-13.551521514970524,-72.47876972606177,3,4,3,0,7,2,2,2,6543.555,2.0,4,4,1.0,14,33,1198.0,0.29344103033438024,70.55352784802109,56.00522881843884,5.276012099397448,260.24637587630866,3803.376940013573,17779.13499998999,2097.3709999899997,2863.123,12818.640999999989,2878.713,14900.421999989989,16.19152450331032,17,1,0,0,16,45.62993230165378,45.62993230165378,45.62993230165378,1.0,0.0,0.0,0.5664666059796343,1,0,0.0,0.5664666059796343,0.0,0.0,0.0,0.0,1.0,0.0,0.0,0.0,16,3,2022,10,21,4,0,1,2,1,0,1,GRAVE_LESIONADOS,1
3,2,13,0,4,1,-11.349484661353072,-76.77951172444824,0,4,0,0,2,1,1,2,1350.6820040689306,1.8506154532287722,1,0,0.0,9,20,613.8965001677986,0.5863623661204966,75.50020997723561,62.2773954879558,7.586669537692248,1239.7780625627615,24691.59096354486,7758.535204346322,1647.8479840229797,1660.245963138184,4450.441257185158,1824.5407777142855,5933.994426632037,23.541416880691425,7,2,0,0,5,35.529000445987016,22.344460920941053,48.713539971032986,1.0,0.0,0.0,1.0,2,0,0.0,1.0,0.0,0.0,0.14938454677122792,0.8506154532287721,1.0,0.0,0.0,0.0,14,2,2023,5,10,2,0,0,0,1,0,1,GRAVE_LESIONADOS,1
4,1,12,0,3,2,-10.816803357324062,-74.54032665466784,1,3,4,0,1,2,2,0,6543.555,2.0,4,4,1.0,14,33,1198.0,0.43015997607967343,75.18211563068739,65.45842671846708,6.296517390365527,579.2353776465525,71159.34025811225,14859.649027082354,1868.5071577063686,1601.1688524392125,11389.973016936772,2616.597233732593,12243.051793349761,18.060003389637114,5,1,0,0,3,47.345830242836996,44.5308339514326,51.56832467994358,1.0,0.5308339514326014,0.46916604856739863,0.46916604856739863,1,0,0.0,0.5308339514326014,0.46916604856739863,0.46916604856739863,0.46916604856739863,0.46916604856739863,0.5308339514326014,0.0,0.46916604856739863,0.46916604856739863,20,2,2021,3,6,3,0,0,2,1,0,1,GRAVE_LESIONADOS,1
8,1,7,0,4,1,-13.93091488205611,-71.49430901336234,6,4,1,0,2,1,0,2,7586.903,2.0,2,0,1.0,9,5,1198.0,0.2917819043120112,63.62650329333632,61.61694328776102,5.327056663030618,278.50875541411773,4289.413040673096,17779.13499998999,2097.3709999899997,2863.123,12818.640999999989,2878.713,14900.421999989989,16.19152450331032,26,1,0,0,25,39.25330917492338,37.81789051702422,40.68872783282254,1.0,0.8311272167177457,0.0,1.0,1,0,0.0,0.1688727832822543,1.0,0.0,0.0,0.0,1.0,0.0,0.0,0.0,9,1,2022,2,25,1,0,0,2,1,0,1,GRAVE_LESIONADOS,1
3,1,6,0,4,1,-13.21743281942166,-72.23147009210183,0,4,0,0,1,2,2,2,260.65703765216176,1.9845175408624847,1,0,0.0,9,2,93.23223688706273,0.30933041053029037,74.64987870617169,55.05376521080478,5.261870428408361,275.82620055173123,5296.423715561945,17750.5920029815,2091.7439621467706,2833.2816283021198,12825.566412532608,2865.110947454882,14885.481055526616,16.135169387041586,5,1,0,0,3,36.0,35.015482459137516,36.984517540862484,1.0,0.9845175408624847,0.0,0.015482459137515336,1,0,0.0,0.9845175408624847,0.0,0.015482459137515336,0.0,0.9845175408624847,1.0,0.0,0.9845175408624847,0.0,22,2,2021,6,3,3,0,0,2,1,0,1,GRAVE_LESIONADOS,1
3,2,3,0,4,1,-16.77108392222754,-71.75697613971937,0,4,2,0,2,1,1,0,1811.6284060055484,2.0,2,0,1.0,8,30,351.5165916306956,0.6174039049868878,78.95137524709818,73.06913579960252,8.654832360119263,1160.91602538597,1057.8632439886476,10322.272,1495.236,1749.739,7077.2970000000005,2886.595,7435.677000000001,27.964725207783708,9,2,0,0,7,30.63854734373027,27.63750296194623,33.639591725514315,1.0,0.2729171603243713,0.0,0.0,2,0,0.0,0.2729171603243713,0.0,0.7270828396756287,0.0,0.7270828396756287,0.2729171603243713,0.0,0.0,0.0,7,0,2023,3,6,2,0,0,0,1,0,1,GRAVE_LESIONADOS,1
3,1,18,0,4,0,-5.600687791233041,-80.55821949204697,0,3,2,1,1,2,2,1,6543.555,2.9975454135561557,2,0,1.0,0,30,1474.3200795550551,0.418622783509755,71.1388018298301,55.42232613083994,6.521817586900069,583.0097713761919,4274.456604832561,8969.175464931533,1781.7071017432545,639.7273238832825,6547.741039304997,2216.154703062895,6753.020761868638,24.707357535985526,5,1,0,0,3,39.50122729322192,20.049091728876885,58.95336285756696,0.9975454135561558,0.0,0.0,0.9975454135561558,1,0,0.0,0.9975454135561558,0.0,0.9975454135561558,0.0,0.9975454135561558,1.0,0.0,0.9975454135561558,0.0,15,3,2021,1,27,3,0,1,0,1,0,1,GRAVE_LESIONADOS,1
6,1,14,0,4,1,-11.962981269916654,-77.01445977269334,0,3,7,0,2,1,0,0,6583.637884428229,2.5842886908501517,2,0,1.0,3,30,1533.6152945901285,0.6030720017123469,78.23349140781609,65.24465264602408,8.06513191848814,1183.668996962088,20192.57475788559,7626.313,1683.4029999999998,1599.0829999999996,4343.827000000001,1814.875,5811.438000000001,23.797541485643197,5,1,0,0,3,37.65138094639757,31.41571130914985,48.875586293443476,1.0,0.0,0.0,0.5842886908501517,1,0,0.0,0.41571130914984833,0.0,0.5842886908501517,0.0,0.5842886908501517,0.41571130914984833,0.0,0.0,0.41571130914984833,11,2,2023,5,16,2,0,0,0,1,0,1,GRAVE_LESIONADOS,1