CLASE SINIESTRO,CANTIDAD DE VEHICULOS DAÑADOS,DEPARTAMENTO,ZONA,TIPO DE VÍA,RED VIAL,COORDENADAS LATITUD,COORDENADAS  LONGITUD,CONDICIÓN CLIMÁTICA,ZONIFICACIÓN,CARACTERÍSTICAS DE VÍA,PERFIL LONGITUDINAL VÍA,SUPERFICIE DE CALZADA,¿EXISTE SEÑAL VERTICAL?,¿EXISTE SEÑAL HORIZONTAL?,CAUSA FACTOR PRINCIPAL,MTC_RVN_LONGITUD_KM,MTC_RVN_N_CARRILES_MEDIANA,MTC_RVN_SUPERFICIE_DOMINANTE,MTC_RVN_ESTADO_DOMINANTE,MTC_RVN_ES_CONCESIONADA,MTC_RVN_CONCESION_PRINCIPAL,MTC_RVN_CORREDOR_LOGISTICO,MTC_RVN_N_TRAMOS,IDH_2019,IDH_ESP_VIDA_2019,IDH_EDUC_SECUND_PCT_2019,IDH_ANIOS_EDUC_2019,IDH_INGRESO_PERCAP_2019,IDH_POBLACION_2019,MTC_DEP_RED_TOTAL_KM,MTC_DEP_NACIONAL_TOTAL_KM,MTC_DEP_DEPARTAMENTAL_TOTAL_KM,MTC_DEP_VECINAL_TOTAL_KM,MTC_DEP_PAV_TOTAL_KM,MTC_DEP_NO_PAV_TOTAL_KM,MTC_DEP_PCT_PAVIMENTADA,PER_TOTAL_PERSONAS,PER_N_CONDUCTORES,PER_N_CONDUCTORES_FUGADOS,PER_N_PEATONES,PER_N_PASAJEROS_OCUPANTES,PER_EDAD_COND_PROM,PER_EDAD_COND_MIN,PER_EDAD_COND_MAX,PER_ANY_COND_MASCULINO,PER_ANY_LIC_PROBLEMA,PER_ANY_DOSAJE_POS,PER_ANY_DOSAJE_EVALUADO,VEH_TOTAL,VEH_N_FUGADOS,VEH_ANY_FUGADO,VEH_ANY_CARGA,VEH_ANY_PUBLICO,VEH_ANY_PARTICULAR,VEH_ANY_MOTO,VEH_ANY_AUTO,VEH_ANY_CAMION_BUS,VEH_ANY_SOAT_PROBLEMA,VEH_ANY_CITV_PROBLEMA,VEH_ANY_SEGURO_PROBLEMA,HORA_NUM,FRANJA_HORARIA,ANIO,MES,DIA_MES,DIA_SEMANA,ES_FIN_SEMANA,ES_QUINCENA,REGION_NATURAL,TIENE_SEÑALIZACION,ES_VIA_MULTICARRIL,ES_DEPTO_BAJO_PAVIMENTO,CATEGORIA_SEVERIDAD,CATEGORIA_SEVERIDAD_ENC
3,2,7,0,4,1,-11.52961738536317,-74.92296758269485,0,4,1,0,2,1,1,1,583.5163479230337,2.0,2,2,0.27168448950626534,8,14,184.0674070080026,0.40093435258694754,76.03820617788958,53.63264002055786,5.596408704761041,596.0405795450438,19901.738777925315,8783.184738491984,1377.4251396535542,1052.1860800384998,6353.573518799928,1556.1548376227167,7227.0299008692655,17.00075408432139,6,2,0,0,4,57.630106937037596,54.728315510493736,60.53189836358145,1.0,0.0,0.0,0.7283155104937347,2,0,0.0,0.7283155104937347,0.0,0.27168448950626534,0.0,1.0,1.0,0.0,0.7283155104937347,0.0,17,2,2022,1,11,2,0,0,1,1,0,1,GRAVE_LESIONADOS,1
6,1,12,0,4,1,-11.31771341480288,-76.67852804234622,0,4,7,0,2,0,0,1,1434.3780676852925,1.7987718291146284,1,0,0.0,9,18,611.874342861061,0.3401236689022284,76.40013672727206,66.76865128306105,3.9471908088344927,412.4018927615636,1432.4330703948967,7804.422670016864,1635.5086830475725,1681.47245369011,4487.441533279181,1827.895267568967,5976.527402447897,23.452529321486,4,1,0,0,3,45.38403377849017,45.38403377849017,45.38403377849017,1.0,0.20122817088537148,0.0,0.0,1,0,0.0,0.0,0.0,1.0,0.0,1.0,0.0,0.0,0.0,0.0,13,2,2021,8,10,3,0,0,0,1,0,1,GRAVE_LESIONADOS,1
3,1,23,2,4,0,-8.56860194077449,-74.69872089669263,0,0,7,0,3,2,2,0,6548.839803232135,2.0,3,3,1.0,13,32,1220.9106798489113,0.5629526469860635,74.52819703918783,61.323517822380964,9.633499810307434,958.0865119094975,113282.70014452866,2959.7466862975325,463.44090417480584,1327.2927389981678,1169.0130431245584,346.73348340592656,2613.013202891606,10.499104248457671,5,2,0,0,3,38.16443071661898,27.109620477745988,49.219240955491976,1.0,0.0,0.0,0.0,2,0,0.0,0.0,1.0,0.9451897611270066,0.9451897611270066,0.0,0.05481023887299341,0.9451897611270066,1.0,0.9451897611270066,19,1,2022,7,7,0,0,0,0,1,0,1,GRAVE_LESIONADOS,1
3,1,19,0,4,2,-5.067411202092345,-80.204011307351,0,4,2,0,5,1,1,0,3998.8643464641395,0.8255138389123595,3,2,0.6085046129707865,12,32,742.6908648850247,0.4653748048968089,74.19666709322776,61.11371397478021,6.596218102126203,701.9088264424688,75914.02997858672,8965.846000060003,1782.4120000599992,636.9959999999999,6546.438000000004,2214.505000059999,6751.341000000004,24.699342371541725,6,2,0,0,4,32.259532290795505,25.565981548116852,38.95308303347416,1.0,0.6085046129707865,0.0,1.0,2,0,0.0,0.0,0.3914953870292135,0.0,1.0,0.0,0.0,1.0,1.0,0.3914953870292135,17,2,2021,4,11,3,0,0,0,1,0,1,GRAVE_LESIONADOS,1
6,1,7,0,4,1,-14.590077379008317,-71.73034534079738,2,4,6,0,2,2,2,2,1419.477969356307,0.49074626669420907,0,2,0.0,9,32,374.65402940623835,0.4670263153502933,65.5237709552973,70.61273193256336,7.074467358088314,760.9316629253258,9065.880085653103,17779.13499998999,2097.3709999899997,2863.123,12818.640999999989,2878.713,14900.421999989989,16.19152450331032,4,1,0,0,3,22.0,22.0,22.0,0.7453731333471045,0.0,0.0,0.0,1,0,0.0,0.0,0.0,1.0,0.0,0.25462686665289547,0.7453731333471045,0.0,0.0,0.0,4,0,2023,3,17,3,0,0,2,1,0,1,GRAVE_LESIONADOS,1
3,2,12,0,4,0,-7.208029822570498,-79.50317231046473,1,3,6,1,2,1,1,2,6550.868654744239,2.0,3,3,1.0,13,32,1229.7061572608598,0.45991939239757246,80.82318527652211,62.19757960986759,8.063754131426643,530.759849581354,11105.319472927302,3479.5467913544862,528.9523309622911,693.9103303805008,2256.6841300116944,733.6615352183301,2745.885256136156,21.035896418872312,8,2,0,0,6,30.66874511899262,26.83437255949631,34.503117678488934,1.0,0.07585205086330105,0.0,0.924147949136699,2,0,0.0,0.0,0.924147949136699,1.0,0.0,1.0,0.924147949136699,0.0,0.0,0.0,19,2,2021,3,9,0,0,0,0,1,0,1,GRAVE_LESIONADOS,1
5,1,13,0,4,1,-7.686002565493153,-79.1328558157963,0,4,7,0,2,1,1,1,5083.124251540904,1.3259472616411285,3,3,0.7753157538803761,12,32,936.6922217628774,0.4962050458394916,76.47313895826011,53.67607956866234,6.688566508317296,856.1901154854743,69477.65908698416,8939.471308697983,1435.9838642331433,1644.1210851858084,5859.366359279031,1442.913863014746,7496.557445683236,16.133606872310104,6,1,0,0,5,28.0,28.0,28.0,1.0,0.7753157538803761,0.0,0.2246842461196239,1,0,0.0,0.0,0.2246842461196239,0.7753157538803761,0.2246842461196239,0.7753157538803761,0.0,0.2246842461196239,1.0,0.2246842461196239,9,1,2023,7,25,4,0,0,0,1,0,1,GRAVE_LESIONADOS,1
4,2,3,0,3,2,-14.428810929352252,-73.0842940393403,1,2,2,0,4,2,2,1,7142.883808884365,2.0,2,1,1.0,11,16,1198.0,0.6030683989142268,73.42366421089885,77.23122832100941,10.627555462554954,1005.7984610679911,101714.35686655514,11675.890317486075,1673.2157723167288,1763.6947399945611,8238.979805174786,2656.122804049479,9019.767513436596,23.161344311619033,8,2,0,0,6,34.02161981397275,28.6602873059434,43.595427864025154,1.0,1.0,0.0,0.5744284830031445,2,0,0.0,0.5744284830031445,0.0,1.0,1.0,0.5744284830031445,0.5744284830031445,0.42557151699685547,1.0,0.0,12,1,2021,5,27,3,0,1,1,1,0,1,GRAVE_LESIONADOS,1
3,1,13,0,4,1,-6.574335751416318,-79.87346781218335,0,4,7,1,2,2,2,0,1305.18,2.0,2,0,1.0,1,20,163.0,0.4530607633213016,76.60203660440479,57.768100495203775,6.835929280138066,623.8856963091697,18730.47537473233,3459.691,515.0619999999999,689.7280000000001,2254.901,703.3549999999999,2756.336,20.329994788551925,5,2,0,0,3,37.34768258862723,31.08692064715681,43.60844453009766,1.0,0.695640215718936,0.0,0.0,2,0,0.304359784281064,0.0,1.0,0.695640215718936,1.0,0.0,0.0,1.0,1.0,1.0,14,1,2022,5,22,3,0,1,0,1,0,1,GRAVE_LESIONADOS,1
3,1,3,0,4,1,-16.00633393259885,-71.27095827149431,1,4,0,1,2,2,2,1,1504.4250000000002,2.0,2,0,1.0,7,25,241.0,0.46711233928810475,81.82202123226357,69.84282838816446,6.017841815867474,617.71278531223,1722.1102174436387,10322.272,1495.236,1749.739,7077.2970000000005,2886.595,7435.677000000001,27.964725207783708,5,2,0,0,3,34.96215817750372,31.470214485052004,38.45410186995542,1.0,0.0,0.0,0.07568364499257085,2,0,0.0,0.0,0.07568364499257085,1.0,0.0,0.9243163550074291,1.0,0.0,0.0,0.0,13,2,2021,4,8,3,0,0,0,1,0,1,GRAVE_LESIONADOS,1
5,1,8,0,4,1,-12.794483627705448,-74.84139620532402,0,4,1,1,2,1,1,0,896.1552133250424,0.4247880569458433,1,0,0.0,9,32,142.19014928817697,0.21260605493578802,63.54266596559892,52.71720075566653,4.523277593967298,157.81508250664433,27602.80722365708,8511.426,1445.3929999999996,2008.516,5057.516999999999,1879.579,6631.846999999998,22.08300935706896,5,1,0,0,4,51.137182085418765,48.26112237014798,54.01324180068955,1.0,0.28760597152707834,0.0,0.0,1,0,0.0,0.0,0.0,1.0,0.0,1.0,0.0,0.0,0.0,0.0,13,2,2022,6,12,0,0,0,2,1,0,1,GRAVE_LESIONADOS,1
4,1,10,0,4,1,-14.924267760452592,-74.99020609177762,0,4,2,0,2,1,0,0,6639.975,2.0,2,0,1.0,9,31,1616.0,0.5563774842369664,77.00938809632027,69.10246351364754,8.476961866273152,914.8835608305218,27932.19700214133,3721.461,698.1859999999996,744.866,2278.409,1102.9029999999996,2618.558,29.636290693359403,5,1,0,0,3,39.57994808692822,27.26325098483053,51.896645189025904,1.0,0.631625492415266,0.0,0.631625492415266,1,0,0.0,0.631625492415266,0.0,1.0,0.0,0.631625492415266,1.0,0.0,0.0,0.0,4,0,2023,1,28,4,0,1,0,1,0,1,GRAVE_LESIONADOS,1
5,1,14,0,4,1,-8.791081186995497,-77.40332118218551,0,4,0,1,1,1,1,1,6571.224820735286,2.0,3,2,1.0,12,32,1317.9542114431576,0.3261995262939012,69.03042037852448,49.78248329883817,5.24835552708468,454.841421629696,37654.308417299304,9355.102007724594,1700.0005870633547,956.3218591002236,6698.779561561015,2407.375875566302,6947.726132158292,25.636415154272417,11,1,0,0,9,50.62808137689689,47.39964865264922,53.13908460686729,1.0,0.0,0.0,0.7130282022890967,1,0,0.0,0.2869717977109033,0.7130282022890967,0.2869717977109033,0.0,0.2869717977109033,1.0,0.0,0.7130282022890967,0.0,16,2,2022,10,10,5,0,0,0,1,0,1,GRAVE_LESIONADOS,1
6,1,5,0,4,2,-5.933271841569768,-78.96689845880343,0,4,6,0,1,2,2,1,6543.555,2.0,4,4,1.0,14,33,1198.0,0.31680140747051916,75.50427966327969,32.02361438702009,4.667401389206878,401.80715808118117,8814.081347055566,15935.565011852366,1733.9250000199986,935.692,13265.948011832368,2000.1670000199988,13935.398011832369,12.551591352627522,7,1,0,0,6,52.71805286085228,52.71805286085228,52.71805286085228,1.0,0.04027816273538787,0.0,0.9597218372646121,1,0,0.0,1.0,0.0,0.0,0.0,0.0,1.0,0.04027816273538787,0.04027816273538787,0.04027816273538787,17,2,2023,5,14,4,0,0,2,1,0,1,GRAVE_LESIONADOS,1
4,1,1,0,4,0,-12.514002506817839,-75.04307580020895,0,4,0,0,3,1,0,1,6580.813188471705,2.0,3,2,1.0,12,32,1359.521704845183,0.4537365218689133,76.7725234996726,59.05478322820596,6.359610827484488,705.4114331468886,8225.278924603148,10595.547782734144,1734.4277807782703,1426.3689565648292,7434.7510453910445,2404.163008320418,8191.3847744137265,22.77461485703111,22,1,0,0,20,57.06792219084709,52.43093544888012,61.70490893281407,1.0,0.0,0.0,0.38641556183058123,1,0,0.0,0.38641556183058123,0.38641556183058123,0.0,0.0,0.0,1.0,0.0,0.6135844381694188,0.0,3,0,2023,2,14,2,0,0,0,1,0,1,GRAVE_LESIONADOS,1
3,2,7,0,4,0,-13.678900292122448,-71.60074701488539,0,4,0,0,1,2,2,2,6543.555,2.0,4,4,1.0,14,33,1198.0,0.2690985974659555,62.88529143492954,46.457874748893985,4.127058095929084,310.78587867520093,12640.483146110695,17779.13499998999,2097.3709999899997,2863.123,12818.640999999989,2878.713,14900.421999989989,16.19152450331032,4,2,0,0,2,33.20316151592279,21.812646063691158,44.59367696815442,1.0,1.0,0.0,0.0,2,0,0.0,0.0,0.0,1.0,1.0,0.0,0.0,1.0,0.4063230318455793,1.0,8,1,2023,6,4,2,0,0,2,1,0,1,GRAVE_LESIONADOS,1
3,1,14,2,2,3,-11.986090907144208,-77.0556935184121,0,0,7,1,2,1,1,1,6559.6415425628575,2.0,3,3,1.0,13,32,1267.738381987909,0.7656858426082157,80.51349221861338,79.12413922539596,11.641756651559184,1651.520168163892,363284.99880972976,7626.313,1683.4029999999998,1599.0829999999996,4343.827000000001,1814.875,5811.438000000001,23.797541485643197,12,1,0,9,0,30.166838234420833,30.166838234420833,30.166838234420833,1.0,0.0,0.0,0.0,1,0,0.0,0.0,0.8331617655791653,1.0,0.8331617655791653,1.0,0.0,0.0,0.8331617655791653,0.0,11,2,2023,5,17,2,0,1,0,1,0,1,GRAVE_LESIONADOS,1
3,1,20,1,2,3,-15.85012234326246,-70.01635676220099,0,0,6,1,2,0,1,2,6567.641189962728,2.0,3,3,1.0,13,32,1198.0,0.6488901960567479,69.67312345830231,82.12448375199249,11.701623814093702,1230.336353415943,144745.3597430407,13642.312999999998,2020.7790000000005,2354.117,9267.416999999998,3314.0520000000006,10328.260999999997,24.29244952817019,12,1,0,0,10,36.72297423337876,33.79223067503407,39.653717791723444,1.0,0.0,0.0,0.0,1,0,0.0,0.0,0.9769145194482298,0.9769145194482298,0.0,0.9769145194482298,1.0,0.0,0.023085480551770177,0.0,15,2,2021,8,12,5,0,0,2,1,0,1,GRAVE_LESIONADOS,1
6,1,12,0,4,1,-8.384506297654932,-78.64610362493161,0,4,7,1,1,2,2,2,6996.167820638074,2.8666187633622573,2,0,1.0,1,30,1789.1128122818843,0.49094094693763035,76.57876671554001,52.47217340329388,6.567333463976496,851.1240580405374,67872.76202409244,8931.828000000005,1335.5899999999997,1935.9830000000004,5660.255000000005,1219.309,7712.519000000005,13.651281686122925,4,1,0,0,3,25.33453091594357,25.33453091594357,25.33453091594357,1.0,0.0,0.0,0.0,1,0,0.0,0.8666187633622572,0.0,0.13338123663774282,0.0,0.0,1.0,0.0,0.0,0.0,21,2,2023,3,13,5,1,0,0,1,0,1,GRAVE_LESIONADOS,1
4,1,12,0,4,1,-8.025638846603115,-78.23706385419769,0,4,7,1,2,2,2,2,8764.932527543324,2.345378504202945,2,0,1.0,5,31,3016.633622602065,0.4354542169739163,74.41345066573129,56.19053286164836,5.988982767414354,656.603258755648,68890.16162193232,8931.828000000005,1335.5899999999997,1935.9830000000004,5660.255000000005,1219.309,7712.519000000005,13.651281686122925,6,1,0,0,4,30.51007944536172,27.891593462173496,33.12856542854993,1.0,0.0,0.0,0.0,1,0,0.0,1.0,0.0,0.0,0.0,0.0,1.0,0.0,0.6546214957970551,0.0,10,0,2022,6,7,2,0,0,0,1,0,1,GRAVE_LESIONADOS,1
5,1,5,0,4,1,-8.307587283186997,-77.35913492623578,4,4,0,0,5,2,2,0,6543.555,2.0,4,4,1.0,14,33,1198.0,0.3162577185729538,64.47654652407876,46.087790281868735,5.103109930255424,398.8157201285719,12071.024344782707,16300.059416323438,1805.7823388619508,1316.7666643873213,13177.510413074166,2173.865369554993,14126.194046768447,13.27124684420607,4,1,0,0,3,43.42975461272794,41.05722040909219,45.802288816363685,1.0,0.19771118363631246,0.0,0.0,1,0,0.0,0.0,0.0,1.0,0.19771118363631246,0.8022888163636875,0.0,0.19771118363631246,0.0,0.19771118363631246,16,1,2022,3,11,5,1,0,2,1,0,1,GRAVE_LESIONADOS,1
3,2,3,0,4,1,-16.019115728680333,-71.28354812253548,0,4,0,0,2,2,2,0,1504.4250000000002,2.0,2,0,1.0,7,25,241.0,0.4685280505645348,81.83746865987648,70.74305753660312,6.037751599761188,617.4715908037651,1751.8736616702354,10322.272,1495.236,1749.739,7077.2970000000005,2886.595,7435.677000000001,27.964725207783708,5,2,0,0,3,37.96461047818092,29.035389521819077,46.89383143454277,1.0,0.0,0.0,0.9882034927269742,2,0,0.0,0.9882034927269742,0.0,1.0,0.0,1.0,1.0,0.0,0.0,0.0,15,3,2022,10,24,4,0,0,0,1,0,1,GRAVE_LESIONADOS,1
3,2,18,1,2,2,-14.043447368628316,-73.57078866888091,0,2,7,1,2,0,1,1,4729.173084404041,2.0,3,2,1.0,9,28,839.5137742827085,0.5791426698762228,77.03720917432119,69.57123472888001,9.244681126176713,969.4766780703345,18021.304969303,2930.8212912716417,590.6295690421236,557.4535430335568,1782.738179195961,942.1591332298208,1988.6621580418207,33.39597894036994,4,2,0,0,2,41.65363649689151,33.30727299378301,50.0,1.0,0.3463635031084943,0.0,0.6536364968915057,2,0,0.0,0.0,0.3463635031084943,1.0,0.3463635031084943,0.6536364968915057,0.0,0.3463635031084943,1.0,0.3463635031084943,17,2,2022,4,19,3,0,1,0,1,0,1,GRAVE_LESIONADOS,1
4,1,14,2,2,2,-11.975652888076764,-77.0344375481328,0,1,3,1,1,1,1,2,6582.182855389585,2.0,3,2,1.0,11,32,1365.4594850948595,0.7187467050499985,79.68571015247285,75.41599797501054,11.042677816271464,1480.427033450076,374115.3198297495,7626.313,1683.4029999999998,1599.0829999999996,4343.827000000001,1814.875,5811.438000000001,23.797541485643197,6,1,0,0,4,30.100931166608348,28.602483110955593,31.599379222261103,1.0,0.0,0.0,0.0,1,0,0.0,0.0,0.5993792222611017,1.0,0.5993792222611017,1.0,0.0,0.5993792222611017,0.5993792222611017,0.5993792222611017,2,0,2023,5,24,5,1,1,0,1,0,1,GRAVE_LESIONADOS,1
3,1,12,0,4,1,-7.704339806051404,-79.31845937379325,0,4,6,1,1,2,2,2,6543.555,2.0,4,4,1.0,14,33,1198.0,0.5547408695517764,76.34824568533077,61.464277266647635,7.907509181475811,992.1887943669495,9447.930087366296,8931.828000000005,1335.5899999999997,1935.9830000000004,5660.255000000005,1219.309,7712.519000000005,13.651281686122925,4,1,0,0,2,24.188565099554634,24.188565099554634,24.188565099554634,1.0,0.9371449668151219,0.0,0.0,1,0,0.0,0.06285503318487806,0.0,0.9371449668151219,0.0,0.9371449668151219,0.06285503318487806,0.0,0.9371449668151219,0.0,12,3,2022,6,21,5,0,0,0,1,0,1,GRAVE_LESIONADOS,1
6,1,7,0,4,1,-13.048096677232328,-72.4496147911096,0,4,0,0,1,1,0,1,3964.921262744711,1.1670417813381526,2,3,0.16704178133815262,9,15,1123.8667185390955,0.4706944943299555,76.79406176595778,61.64424635983724,7.141255198110581,653.4175319142125,3282.6252676659524,17779.13499998999,2097.3709999899997,2863.123,12818.640999999989,2878.713,14900.421999989989,16.19152450331032,5,1,0,0,4,33.67942056549719,33.67942056549719,33.67942056549719,1.0,0.16704178133815262,0.0,0.0,1,0,0.0,0.16704178133815262,0.0,0.8329582186618474,0.0,0.8329582186618474,0.16704178133815262,0.16704178133815262,1.0,0.0,6,1,2023,6,11,1,0,0,2,1,0,1,GRAVE_LESIONADOS,1
3,2,10,2,2,3,-14.183351230593967,-71.37193551916681,0,2,2,1,2,1,0,2,6543.555,2.0,4,4,1.0,14,33,1198.0,0.6716676092874038,75.30043698018494,82.50878115972846,11.229970255045517,1241.2452015715187,135053.86805248845,16611.085049778372,2075.744910741987,2719.402909321974,11815.937229714411,3001.632888087137,13609.452161691235,18.478856438786032,5,2,0,0,3,41.39410144977017,32.43529117268549,50.352911726854856,1.0,0.7176455863427427,0.0,0.0,2,0,0.0,0.0,0.28235441365725733,1.0,0.0,1.0,1.0,0.0,0.7176455863427427,0.0,16,1,2021,8,17,5,1,0,2,1,0,1,GRAVE_LESIONADOS,1
6,1,14,2,2,4,-12.142637854342267,-76.95647661224784,0,1,2,0,3,2,2,0,6543.555,2.0,4,4,1.0,14,33,1198.0,0.7193979946583451,80.35511869017421,76.17326589711531,10.210757146271312,1516.4941023502395,401373.2602747273,7626.313,1683.4029999999998,1599.0829999999996,4343.827000000001,1814.875,5811.438000000001,23.797541485643197,5,1,0,0,3,39.45021266850837,36.430297735911715,41.71514886795586,0.2450212668508368,0.0,0.0,0.0,1,0,0.0,0.0,0.2450212668508368,0.7549787331491632,0.2450212668508368,0.0,0.7549787331491632,0.2450212668508368,0.2450212668508368,0.0,7,0,2024,11,12,1,0,0,0,1,0,1,GRAVE_LESIONADOS,1
3,2,20,0,4,0,-6.90387375062291,-76.6483486361365,2,4,2,1,2,2,2,2,7650.248387585063,2.0,2,0,1.0,9,21,2049.8078739621687,0.5276325457136908,75.27579810008115,51.78329003940615,7.758669759355999,977.4480660971828,9051.790811443576,5450.684860012034,788.3820935816963,940.7790115804864,3721.5237548498512,985.8190461281757,4464.865813883857,18.163441106715748,7,2,0,0,5,32.18858562445732,26.911024464130662,37.46614678478397,1.0,0.9110244641306616,0.0,0.08897553586933837,2,0,0.0,0.0,1.0,1.0,0.0,1.0,0.08897553586933837,0.0,0.0,0.0,8,1,2021,1,22,5,0,0,0,1,0,1,GRAVE_LESIONADOS,1
6,1,9,0,4,1,-11.574160426599358,-75.28845899053383,0,4,7,1,2,1,1,0,868.2143025150127,1.138750614816935,0,2,0.13875061481693496,8,32,90.27252336304352,0.2939300914206604,68.3989726020318,58.03485412036596,4.281157943102575,321.0815544979035,6505.406678569082,8574.477054393437,1492.1545934633132,1818.2167567662775,5264.105704163845,1926.0501884265016,6648.426865966933,22.4460271713929,5,1,0,0,4,44.44499754073226,44.44499754073226,44.44499754073226,0.861249385183065,0.13875061481693496,0.0,0.13875061481693496,1,0,0.0,1.0,0.0,0.0,1.0,0.0,0.0,0.13875061481693496,1.0,0.0,13,3,2024,2,12,1,0,0,1,1,0,1,GRAVE_LESIONADOS,1
6,1,7,0,4,1,-13.52749445244779,-72.09638105578264,0,4,0,0,2,1,1,2,2909.6818379443675,1.0,2,3,0.0,9,10,919.1147278646174,0.4616326336279459,75.2507543068414,62.09179620795931,6.970649079987411,644.7662631510963,2894.180316320514,17779.13499998999,2097.3709999899997,2863.123,12818.640999999989,2878.713,14900.421999989989,16.19152450331032,6,1,0,0,5,35.747579811556626,35.747579811556626,35.747579811556626,1.0,0.8131050471108439,0.0,0.0,1,0,0.0,0.0,0.0,0.18689495288915614,0.0,1.0,0.0,0.0,0.18689495288915614,0.0,10,2,2022,7,25,1,0,0,2,1,0,1,GRAVE_LESIONADOS,1
3,1,14,2,2,4,-11.860700701215228,-77.06827970051847,0,2,1,1,1,2,2,0,6543.555,2.0,4,4,1.0,14,33,1198.0,0.6664428477654917,79.19723985490658,73.39293000863219,9.686746219301408,1300.7800570411518,383040.7830124313,7626.313,1683.4029999999998,1599.0829999999996,4343.827000000001,1814.875,5811.438000000001,23.797541485643197,6,2,0,0,3,29.51670150328872,27.100209019732304,31.933193986845133,1.0,0.0,0.0,0.0,2,0,0.0,0.0,1.0,1.0,1.0,1.0,0.0,0.9665969934225656,1.0,0.9665969934225656,2,0,2023,7,26,5,0,1,0,1,0,1,GRAVE_LESIONADOS,1
3,1,4,1,2,3,-15.344677116251754,-72.92932352738461,0,3,0,1,2,1,1,0,6543.555,2.0,4,4,1.0,14,33,1198.0,0.5948130704268026,76.31812538736136,69.02042120569712,8.575344967419763,1096.021054632804,74772.9127363303,10198.722731467378,1521.3932579330587,1648.385454933127,7028.944018601192,2825.378075608731,7373.344655858646,27.667299722785245,5,2,0,0,3,32.27325324464015,25.8178311702399,38.72867531904041,1.0,1.0,0.0,1.0,2,0,0.0,0.9089155851199485,0.9089155851199485,0.0,1.0,0.0,0.9089155851199485,0.09108441488005148,1.0,0.0,8,1,2024,3,5,5,1,0,0,1,0,1,GRAVE_LESIONADOS,1
3,1,14,0,4,1,-11.198589831661451,-77.480405394334,1,4,0,0,2,2,2,2,6543.555,2.0491268938918523,3,3,1.0,13,32,1211.608149608043,0.7327345537337897,78.20903814342847,76.31492653513806,13.642917835589472,1405.6698219039215,62016.21841541756,7626.313,1683.4029999999998,1599.0829999999996,4343.827000000001,1814.875,5811.438000000001,23.797541485643197,8,1,0,0,6,45.98416761413555,36.95087310610815,55.017462122162954,0.9508731061081477,0.0,0.0,1.0,1,0,0.0,0.0,0.9508731061081477,0.04912689389185232,0.0,0.04912689389185232,0.9508731061081477,0.0,0.0,0.0,7,1,2023,9,13,2,0,0,0,1,0,1,GRAVE_LESIONADOS,1
6,1,4,1,4,1,-13.03719585670688,-73.94579438721118,0,3,4,0,2,1,0,4,2856.945526764477,1.0,1,1,0.0,9,18,839.8662004333128,0.16438055743506955,74.87740707854826,39.320509549194455,2.720458904506674,155.8150661439975,3181.6680285612274,12678.733000000004,1805.074000000001,1774.0339999999994,9099.625000000004,2485.375000000001,10193.358000000002,19.602707936195205,8,1,0,0,7,44.63987289581212,44.63987289581212,44.63987289581212,1.0,0.0,0.0,1.0,1,0,0.0,0.0,0.0,0.0,0.3347435317993622,0.0,0.6652564682006378,0.3347435317993622,1.0,0.3347435317993622,14,2,2023,8,23,1,0,0,2,1,0,1,GRAVE_LESIONADOS,1
3,1,20,0,4,1,-15.069794435617741,-70.40418970335685,0,4,0,1,2,1,1,2,1635.5058004211996,2.0,2,0,1.0,6,23,327.0698394249075,0.38965754144793063,73.374405490759,65.63476579251491,6.4467462306928045,440.532073260537,7767.859166216575,13642.312999999998,2020.7790000000005,2354.117,9267.416999999998,3314.0520000000006,10328.260999999997,24.29244952817019,7,2,0,0,5,38.55957569106151,37.323509177081405,39.795642205041624,1.0,0.5092889906799262,0.0,1.0,2,0,0.0,0.0,0.0,1.0,0.0,0.49071100932007383,1.0,0.0,1.0,0.0,11,2,2021,7,5,1,0,0,2,1,0,1,GRAVE_LESIONADOS,1
6,1,4,0,4,1,-12.7021569336427,-73.72121141813544,0,4,3,0,7,1,1,3,5095.818608206454,1.5323477279546287,3,3,0.5323477279546288,11,23,1156.378947787962,0.3914299764210084,78.19993531700656,50.42336220250659,5.7276829663280795,487.98415735639463,10774.760394960113,12678.733000000004,1805.074000000001,1774.0339999999994,9099.625000000004,2485.375000000001,10193.358000000002,19.602707936195205,6,1,0,0,5,48.58225910318332,44.37338865477498,52.79112955159166,1.0,1.0,0.0,1.0,1,0,0.0,0.4676522720453712,0.0,0.4676522720453712,0.4676522720453712,0.0,1.0,1.0,1.0,0.0,3,0,2022,5,11,1,0,0,2,1,0,1,GRAVE_LESIONADOS,1