CLASE SINIESTRO,CANTIDAD DE VEHICULOS DAÑADOS,DEPARTAMENTO,ZONA,TIPO DE VÍA,RED VIAL,COORDENADAS LATITUD,COORDENADAS  LONGITUD,CONDICIÓN CLIMÁTICA,ZONIFICACIÓN,CARACTERÍSTICAS DE VÍA,PERFIL LONGITUDINAL VÍA,SUPERFICIE DE CALZADA,¿EXISTE SEÑAL VERTICAL?,¿EXISTE SEÑAL HORIZONTAL?,CAUSA FACTOR PRINCIPAL,MTC_RVN_LONGITUD_KM,MTC_RVN_N_CARRILES_MEDIANA,MTC_RVN_SUPERFICIE_DOMINANTE,MTC_RVN_ESTADO_DOMINANTE,MTC_RVN_ES_CONCESIONADA,MTC_RVN_CONCESION_PRINCIPAL,MTC_RVN_CORREDOR_LOGISTICO,MTC_RVN_N_TRAMOS,IDH_2019,IDH_ESP_VIDA_2019,IDH_EDUC_SECUND_PCT_2019,IDH_ANIOS_EDUC_2019,IDH_INGRESO_PERCAP_2019,IDH_POBLACION_2019,MTC_DEP_RED_TOTAL_KM,MTC_DEP_NACIONAL_TOTAL_KM,MTC_DEP_DEPARTAMENTAL_TOTAL_KM,MTC_DEP_VECINAL_TOTAL_KM,MTC_DEP_PAV_TOTAL_KM,MTC_DEP_NO_PAV_TOTAL_KM,MTC_DEP_PCT_PAVIMENTADA,PER_TOTAL_PERSONAS,PER_N_CONDUCTORES,PER_N_CONDUCTORES_FUGADOS,PER_N_PEATONES,PER_N_PASAJEROS_OCUPANTES,PER_EDAD_COND_PROM,PER_EDAD_COND_MIN,PER_EDAD_COND_MAX,PER_ANY_COND_MASCULINO,PER_ANY_LIC_PROBLEMA,PER_ANY_DOSAJE_POS,PER_ANY_DOSAJE_EVALUADO,VEH_TOTAL,VEH_N_FUGADOS,VEH_ANY_FUGADO,VEH_ANY_CARGA,VEH_ANY_PUBLICO,VEH_ANY_PARTICULAR,VEH_ANY_MOTO,VEH_ANY_AUTO,VEH_ANY_CAMION_BUS,VEH_ANY_SOAT_PROBLEMA,VEH_ANY_CITV_PROBLEMA,VEH_ANY_SEGURO_PROBLEMA,HORA_NUM,FRANJA_HORARIA,ANIO,MES,DIA_MES,DIA_SEMANA,ES_FIN_SEMANA,ES_QUINCENA,REGION_NATURAL,TIENE_SEÑALIZACION,ES_VIA_MULTICARRIL,ES_DEPTO_BAJO_PAVIMENTO,CATEGORIA_SEVERIDAD,CATEGORIA_SEVERIDAD_ENC
3,1,13,0,4,1,-9.673646114927799,-76.268555557857,0,1,7,1,2,2,2,1,883.6002653784632,1.2676667597694427,1,2,0.0,9,32,138.85866592184445,0.49570887430598576,72.92090270501745,60.43486386978911,7.897753272514298,778.2169577437852,43044.37559227094,11381.59292723136,1814.672743914696,980.1256133773459,8586.794569939317,1756.0870939621777,9625.505833269182,16.09656493079791,5,2,0,0,3,42.36616662011528,31.94433435746387,52.787998882766686,1.0,0.26766675976944265,0.0,0.0,2,0,0.0,0.7323332402305573,0.26766675976944265,1.0,0.26766675976944265,0.7323332402305573,0.7323332402305573,0.0,0.26766675976944265,0.0,10,1,2022,8,26,2,0,1,1,1,0,1,GRAVE_LESIONADOS,1
6,1,4,0,4,1,-13.378106255782903,-74.73473134570843,0,4,4,0,2,1,0,2,1679.8605525045914,1.9115968865602742,1,2,0.9115968865602742,9,24,314.1159688656027,0.25437665534469106,77.50997828712163,42.83420451815394,4.08453262733432,212.71226982164822,3760.4526462382446,12678.733000000004,1805.074000000001,1774.0339999999994,9099.625000000004,2485.375000000001,10193.358000000002,19.602707936195205,5,1,0,0,4,39.292775092482195,39.292775092482195,39.292775092482195,1.0,0.0,0.0,0.08840311343972584,1,0,0.0,0.0,0.0,0.0,0.08840311343972584,0.9115968865602742,0.0,0.08840311343972584,0.08840311343972584,0.08840311343972584,9,1,2022,7,26,3,0,0,2,1,0,1,GRAVE_LESIONADOS,1
6,1,12,0,4,1,-8.531125854741113,-78.84905251172212,0,4,7,1,2,2,2,0,6543.555,3.0,2,0,1.0,0,30,1475.0,0.533552100243515,77.54774742393647,62.01195406774938,7.30624299800126,919.0473886491252,9313.909306858815,8931.828000000005,1335.5899999999997,1935.9830000000004,5660.255000000005,1219.309,7712.519000000005,13.651281686122925,5,1,0,0,4,38.31737210128087,38.31737210128087,38.31737210128087,1.0,0.0,0.0,0.0,1,0,0.0,0.0,0.0,1.0,0.0,1.0,0.0,0.0,0.3682627898719132,0.0,10,1,2021,2,15,5,1,0,0,1,1,1,GRAVE_LESIONADOS,1
3,1,10,0,4,1,-11.899340434434418,-75.43893928306774,0,4,0,0,2,2,2,2,7539.378335873862,2.0,2,0,1.0,9,6,1198.0,0.5310264742327702,73.41555623281867,65.15305188265071,8.799717418944049,855.7588972752931,819.2507559188648,12283.411327998978,1825.4896821639006,1135.989051512058,9321.932594323018,1629.3871563258103,10654.024171673167,13.255190837898075,5,1,0,0,3,36.63559875227718,17.54660187158423,55.72459563297013,1.0,0.0,0.0,1.0,1,0,0.0,0.0455501559653525,0.0,0.9544498440346475,0.9544498440346475,0.9544498440346475,0.0455501559653525,0.0,0.9544498440346475,0.0,12,2,2022,2,19,5,0,1,2,1,0,1,GRAVE_LESIONADOS,1
3,1,5,0,4,1,-13.982786919900484,-73.88243744125407,0,4,7,1,2,1,1,0,1236.0775042976359,2.0,2,0,1.0,7,26,198.66797727266453,0.6052670912046392,78.74750926892246,67.2746221894651,8.443605842672692,1123.9794807556632,34939.728986187554,9904.823014119951,1447.3059425508638,1805.654498161914,6651.862573407173,2386.030540106608,7518.792474013342,23.66744140306472,7,2,0,0,5,28.332576294862044,23.200908446165545,32.99772888458614,1.0,0.0,0.0,0.6997728884586136,2,0,0.0,0.6997728884586136,0.6997728884586136,0.30022711154138637,0.0,0.0,1.0,0.0,0.30022711154138637,0.0,16,1,2024,7,2,2,0,0,0,1,0,1,GRAVE_LESIONADOS,1
6,1,11,0,4,0,-10.784635057499003,-77.52461562537998,1,4,7,1,2,2,2,0,3567.6213830792317,2.0,3,2,1.0,9,30,652.6802584188529,0.5915184004111061,79.2505511348108,71.96087931783687,8.746931918635935,996.588239238244,28440.308363137974,3582.432486460616,600.9271181060238,715.5816886597604,2265.923679694832,890.6992924413275,2691.7331940192885,24.693629249332062,9,1,0,0,7,53.456709725124036,51.59782674621949,55.315592704028575,1.0,0.0,0.0,0.0,1,0,0.0,0.5311094225441555,0.0,1.0,0.0,0.4688905774558445,0.5311094225441555,0.0,0.0,0.0,14,1,2023,3,21,4,0,1,0,1,0,1,GRAVE_LESIONADOS,1
4,1,5,1,4,1,-8.731096947915757,-78.23672065722528,2,4,7,1,2,1,1,0,6543.555,2.408221822588232,3,2,1.0,8,31,1311.0774448569402,0.4950132182326453,76.86792291639534,65.73174809009922,6.990525593492852,755.6174811668246,15722.569543348132,10018.226213656073,1660.7561304769765,1513.8901136229279,6843.579969556171,1740.6856947577994,8277.540518898275,17.11600689239454,8,1,0,0,6,42.06022901600006,36.73422541929414,47.38623261270597,1.0,0.0,0.0,0.0,1,0,0.0,0.591778177411768,0.40822182258823203,0.591778177411768,0.0,0.591778177411768,1.0,0.0,0.0,0.0,14,3,2022,8,8,1,0,0,0,1,0,1,GRAVE_LESIONADOS,1
6,1,9,0,4,1,-10.264297197384854,-76.876330977327,0,4,7,0,2,1,1,0,855.3745512087044,2.0,2,0,1.0,7,27,138.61179519299554,0.5950249464247099,79.68712403787579,68.2207688393328,8.648773684469525,1030.4369579121628,34354.93825400488,9312.590687626454,1379.30786280412,1884.9814738728778,6048.301350949456,1675.8827982989274,7636.707889327527,17.570911117079486,5,1,0,0,4,24.630787404503703,24.630787404503703,24.630787404503703,0.7261574809007408,0.0,0.0,0.27384251909925916,1,0,0.0,0.0,0.0,1.0,0.0,0.0,1.0,0.0,0.7261574809007408,0.0,9,1,2022,7,5,3,0,0,0,1,0,1,GRAVE_LESIONADOS,1
3,1,6,0,4,1,-12.541226944179915,-72.55332860621144,0,4,0,0,1,2,2,5,3694.316976145717,2.0,2,0,1.0,6,19,648.9962938510486,0.22131198826041806,71.2028682262986,49.225023478837635,3.402417183535774,190.60220314127082,17788.26622268486,17537.031397979794,2049.6420901600973,2610.006497383512,12877.382810436182,2763.3394842151843,14773.691913764607,15.713516653037782,9,1,0,0,7,33.181909247878856,33.181909247878856,33.181909247878856,1.0,0.0,0.0,0.13132324976431742,1,0,0.0,0.0,0.0,1.0,0.0,0.8686767502356826,0.13132324976431742,0.0,0.13132324976431742,0.0,8,1,2021,2,16,0,0,0,2,1,0,1,GRAVE_LESIONADOS,1
6,1,22,0,4,1,-16.99999783847396,-70.27593864309875,0,4,5,1,2,2,2,2,1458.6117054275123,1.8191645000962298,1,0,0.8191645000962298,9,22,195.6599480023095,0.3915621895002491,72.1391387141183,67.4059443605856,6.945874667191417,417.32925170702936,2152.508636055817,2650.572,630.6729999999998,487.3610000000001,1532.5379999999998,1068.7019999999998,1581.87,40.31967439480987,4,1,0,0,3,38.191645000962296,38.191645000962296,38.191645000962296,1.0,0.0,0.0,1.0,1,0,0.0,0.0,0.0,1.0,0.0,1.0,0.0,0.0,0.0,0.0,12,2,2023,3,7,0,0,0,0,1,0,1,GRAVE_LESIONADOS,1
3,1,11,0,4,1,-7.9855864114853725,-78.62334047047565,0,4,0,0,2,2,2,1,611.8935187299078,1.9961452421241919,1,0,0.9961452421241919,8,29,100.13491652565328,0.3802496240093611,74.40238683488856,51.51449855144866,5.618507501809322,477.77171681751327,26696.31009516365,8930.2074520795,1336.013263979037,1936.2625971530065,5657.931590947455,1221.8541809826597,7708.353271096839,13.683783954769174,5,1,0,0,4,34.56745826282664,25.104078462646818,44.03083806300646,1.0,0.0,0.0,0.0,1,0,0.0,0.9961452421241919,0.0,1.0,0.0,1.0,0.9961452421241919,0.0,0.9961452421241919,0.0,16,3,2021,9,14,3,0,0,0,1,0,1,GRAVE_LESIONADOS,1
6,1,7,0,4,1,-14.344068274044965,-71.57976537518368,3,4,0,0,2,1,1,2,1517.3784833699724,1.0,2,3,0.0,9,5,427.8148076602642,0.38919004196665347,71.12985467490516,62.981418745608266,5.695276488888857,496.4922789419115,1829.0740488156785,17779.13499998999,2097.3709999899997,2863.123,12818.640999999989,2878.713,14900.421999989989,16.19152450331032,5,1,0,0,4,30.306794934667174,30.306794934667174,30.306794934667174,1.0,0.0,0.0,0.32954213352388206,1,0,0.0,0.0,0.0,0.6704578664761179,0.0,1.0,0.0,0.0,0.0,0.0,7,0,2023,3,18,5,1,0,2,1,0,1,GRAVE_LESIONADOS,1
4,2,3,0,4,1,-16.69166050704862,-71.69594759103396,0,4,0,0,2,0,1,0,1765.6993845197223,2.0,2,0,1.0,8,29,334.9936012851562,0.5994877859677148,79.4302417719197,75.48228385095555,8.324622107324245,1078.927626337394,1252.904079461919,10322.272,1495.236,1749.739,7077.2970000000005,2886.595,7435.677000000001,27.964725207783708,5,2,0,0,3,42.065410602410566,39.42054746988075,44.71027373494038,1.0,0.6183789558233961,0.0,0.0,2,0,0.0,0.3816210441766039,0.0,1.0,0.0,1.0,0.3816210441766039,0.0,0.6183789558233961,0.0,6,0,2024,3,4,4,0,0,0,1,0,1,GRAVE_LESIONADOS,1
4,1,8,2,3,2,-9.006364429124755,-77.91728853712004,0,1,2,1,2,1,1,0,3047.7648001078446,2.0,2,1,1.0,10,23,553.3868617619338,0.6361145573790832,75.2611433080136,74.36967378617346,9.686645063895874,1216.033835101163,256526.41247750423,12761.742545322262,1714.6274918340891,1189.0824684670288,9858.032585021145,1929.3924090348028,10832.35013628746,16.847122302793693,4,1,0,0,3,30.920418367507168,27.291774851938257,34.54906188307608,1.0,0.0,0.0,0.0,1,0,0.0,0.0,0.38196247532304295,1.0,0.0,0.618037524676957,0.38196247532304295,0.0,0.618037524676957,0.0,5,0,2021,5,25,2,0,1,1,1,0,1,GRAVE_LESIONADOS,1
3,2,10,0,4,1,-14.941883456642216,-75.03652495525584,0,4,7,1,2,2,2,0,4825.844148979172,2.0,2,0,1.0,7,29,1170.8559715568908,0.5563774842369664,77.00938809632027,69.10246351364754,8.476961866273152,914.8835608305218,27932.19700214133,3721.461,698.1859999999996,744.866,2278.409,1102.9029999999996,2618.558,29.636290693359403,6,2,0,0,3,48.3932474647479,31.407792626322294,65.3787023031735,1.0,0.0,0.0,0.2815585252644587,2,0,0.0,1.0,0.2815585252644587,0.7184414747355413,0.0,0.7184414747355413,1.0,0.0,0.2815585252644587,0.2815585252644587,8,0,2022,9,27,4,0,1,0,1,0,1,GRAVE_LESIONADOS,1
1,1,3,0,5,2,-16.6233908951717,-72.22934800632424,0,4,0,0,3,1,1,0,6602.175512254238,2.0,2,1,1.0,10,31,1452.131654452099,0.5953345555283239,80.17080542624981,73.23270095091456,8.733107687840882,1009.9659612773082,8020.387549320789,10322.272,1495.236,1749.739,7077.2970000000005,2886.595,7435.677000000001,27.964725207783708,31,1,0,0,29,43.023173025499446,35.72752744314254,50.31881860785635,1.0,0.0,0.0,0.6079704651964087,1,0,0.0,1.0,0.6079704651964087,0.0,0.0,0.0,1.0,0.0,0.39202953480359126,0.0,5,0,2023,2,22,3,0,1,0,1,0,1,GRAVE_LESIONADOS,1
3,1,14,1,5,3,-11.556831601526689,-77.19388348958418,0,3,7,1,2,2,2,0,6045.540158519617,2.0,3,3,1.0,12,31,1099.6020500761788,0.6285844717876126,77.82326159151705,68.988705671943,8.934356782763302,1226.9835197946388,139499.48902404177,7753.663049334503,1692.8158334588513,1507.6169242044834,4553.230291671169,1852.8680171342612,5900.7950322002425,23.883276131451797,9,1,0,0,7,32.71126869432733,31.80633917734551,33.61619821130914,1.0,0.9049295169818152,0.0,0.09507048301818477,1,0,0.0,0.0,1.0,0.0,0.9049295169818152,0.0,1.0,0.9049295169818152,0.9049295169818152,0.9049295169818152,5,0,2021,11,8,0,0,0,0,1,0,1,GRAVE_LESIONADOS,1
4,1,9,0,3,2,-12.153305614263154,-74.2786217531469,0,3,4,0,2,1,0,2,8443.85965695766,2.0,2,1,1.0,11,32,2671.9304996505134,0.5676546486309566,74.1253603551964,76.32668949927967,9.59641309230094,894.6170167010425,64794.9615692205,12032.48913230325,1944.7774985978085,1720.5307266023588,8367.180907103084,2634.3701182369587,9398.119014066293,21.612047724448786,5,1,0,0,3,42.15994415079514,39.51996808616865,46.11990824773488,1.0,0.0,0.43999601077108164,0.43999601077108164,1,0,0.0,0.0,0.43999601077108164,1.0,0.43999601077108164,1.0,0.0,0.0,0.43999601077108164,0.43999601077108164,7,0,2022,7,10,3,0,0,0,1,0,1,GRAVE_LESIONADOS,1
3,2,15,0,4,1,-5.923991035654118,-80.0520475814397,0,4,3,1,4,2,2,0,6543.555,2.549609923594069,2,1,1.0,6,31,1350.2419488355572,0.514044548680683,74.47029703043076,64.29242012825235,8.215676332979928,795.6954179850197,77949.27083250291,5939.608571179923,1085.8638633600794,665.9780304909624,4187.766677328882,1383.9619639878456,4555.646607192078,22.29790558029877,10,2,0,0,8,43.793758777505104,30.04570915953476,57.54180839547545,1.0,1.0,0.0,1.0,2,0,0.0,0.0,0.549609923594069,0.0,0.450390076405931,0.0,0.549609923594069,0.450390076405931,1.0,0.0,7,1,2021,6,20,3,0,0,0,1,0,1,GRAVE_LESIONADOS,1
3,1,3,0,4,1,-16.175446904806414,-73.69998202990168,0,4,7,1,2,2,2,0,6639.975,2.0,2,0,1.0,9,31,1616.0,0.610688645039294,82.45637958099339,52.96002020014963,9.33925058648226,1144.723957072919,5067.198115451655,10322.272,1495.236,1749.739,7077.2970000000005,2886.595,7435.677000000001,27.964725207783708,4,2,0,0,2,39.08997261078043,33.59325420892124,44.58669101263962,1.0,0.0,0.0,0.0,2,0,0.35332724684009487,0.0,0.0,1.0,0.0,0.35332724684009487,0.6466727531599051,0.0,0.0,0.0,3,0,2021,1,15,2,0,0,0,1,0,1,GRAVE_LESIONADOS,1
3,1,4,0,4,1,-13.344465537660808,-74.12355192207352,1,4,0,0,2,1,1,2,7586.903,2.0,2,0,1.0,9,5,1198.0,0.3247312330485405,68.57537050324747,46.66146619568446,5.125443322268163,386.5923984732166,6998.3704496788005,12678.733000000004,1805.074000000001,1774.0339999999994,9099.625000000004,2485.375000000001,10193.358000000002,19.602707936195205,16,1,0,0,14,47.29649813035392,41.103273116734286,53.48972314397354,1.0,0.0,0.0,0.9528038482491732,1,0,0.0,0.9528038482491732,0.9528038482491732,0.04719615175082681,0.0,0.04719615175082681,0.9528038482491732,0.0,0.0,0.0,17,2,2024,1,10,5,1,0,2,1,0,1,GRAVE_LESIONADOS,1
6,1,5,0,4,2,-7.273220298690826,-77.98963963218357,0,4,5,0,1,2,2,2,6543.555,2.0,4,4,1.0,14,33,1198.0,0.2544587884055287,78.13225786881043,35.73530295384661,3.1697654320951267,286.5766048280891,7839.898193844345,15935.565011852366,1733.9250000199986,935.692,13265.948011832368,2000.1670000199988,13935.398011832369,12.551591352627522,4,1,0,0,3,24.28716328925271,23.465372466939534,24.903506405987596,0.7945522944217055,0.0,0.0,0.7945522944217055,1,0,0.0,0.2054477055782945,0.7945522944217055,0.0,0.0,0.0,1.0,0.0,0.2054477055782945,0.0,9,1,2023,6,6,0,0,0,2,1,0,1,GRAVE_LESIONADOS,1
3,1,10,0,4,1,-11.236697602590672,-75.17859905166924,0,4,7,1,2,1,1,2,587.6067232314547,2.0,2,0,0.04001313053512434,8,8,171.2777940700991,0.5897593871324369,75.08297897593859,65.75053294811663,9.213080038406149,1069.2035237203706,24476.826767746832,12186.828576916152,1813.2105307991114,1131.315458690727,9242.302587426313,1640.4754042092925,10546.35317270686,13.552957638183962,4,1,0,0,3,33.0798621293812,23.0,43.15972425876239,1.0,0.04001313053512434,0.0,0.04001313053512434,1,0,0.0,0.0,0.9599868694648757,0.04001313053512434,0.9599868694648757,1.0,0.0,0.0,0.0,0.0,8,1,2021,8,21,3,0,0,1,1,0,1,GRAVE_LESIONADOS,1
6,1,5,0,4,2,-6.749636155516143,-78.30576679247561,0,4,0,0,2,2,2,0,6543.555,2.0,4,4,1.0,14,33,1198.0,0.2106857735049335,72.89721254831127,42.93508455097969,3.2528762162428904,176.05109743303876,8839.152356794815,15935.565011852366,1733.9250000199986,935.692,13265.948011832368,2000.1670000199988,13935.398011832369,12.551591352627522,6,1,0,0,5,30.323099107399596,28.99385946443976,31.320028839619475,0.6676900892600404,0.6676900892600404,0.0,0.6676900892600404,1,0,0.0,1.0,0.0,0.0,0.6676900892600404,0.0,0.33230991073995964,0.6676900892600404,1.0,0.6676900892600404,13,1,2023,3,4,3,0,0,2,1,0,1,GRAVE_LESIONADOS,1
4,1,10,0,4,1,-14.92298619606031,-74.99083526974691,0,4,3,1,2,1,1,0,6639.975,2.0,2,0,1.0,9,31,1616.0,0.5563774842369664,77.00938809632027,69.10246351364754,8.476961866273152,914.8835608305218,27932.19700214133,3721.461,698.1859999999996,744.866,2278.409,1102.9029999999996,2618.558,29.636290693359403,4,1,0,0,3,40.764357479609785,32.29455315048777,49.23416180873179,0.4705446849512227,1.0,0.0,0.4705446849512227,1,0,0.0,0.0,0.0,1.0,0.0,1.0,0.0,1.0,1.0,0.5294553150487773,12,1,2021,6,22,4,0,1,0,1,0,1,GRAVE_LESIONADOS,1
5,1,14,2,2,4,-11.896665497991474,-77.08709977202388,0,2,7,0,1,2,2,0,6543.555,2.0,4,4,1.0,14,33,1198.0,0.6932048724067887,79.58171112480933,75.08192787188166,10.167092468749399,1396.109792068114,377499.54599824944,7626.313,1683.4029999999998,1599.0829999999996,4343.827000000001,1814.875,5811.438000000001,23.797541485643197,5,1,0,0,3,35.08872843871837,35.08872843871837,35.08872843871837,1.0,0.6854824277908947,0.0,0.0,1,0,0.0,0.0,0.31451757220910526,1.0,0.6854824277908947,0.31451757220910526,0.31451757220910526,0.6854824277908947,1.0,0.6854824277908947,11,1,2023,7,7,2,0,0,0,1,0,1,GRAVE_LESIONADOS,1
5,1,12,0,4,1,-8.940641750345018,-77.61035947897184,0,4,2,1,1,2,2,0,1416.8722843174737,0.40037512166091305,0,2,0.2998124391695435,9,26,249.22363266463753,0.2861723487822283,78.98114483911905,42.72970846062756,3.650319732411908,476.19995380259525,19271.709261130007,8540.418363477576,1439.868663904876,1834.976189243781,5265.57351032892,1397.8670951464483,7142.551268331129,16.69325658506498,7,1,0,0,6,55.14990621958477,52.901312925813194,57.39849951335635,1.0,0.7001875608304565,0.0,0.2998124391695435,1,0,0.0,0.7001875608304565,0.0,0.2998124391695435,0.0,0.2998124391695435,0.7001875608304565,0.0,0.7001875608304565,0.0,3,0,2021,7,3,3,0,0,0,1,0,1,GRAVE_LESIONADOS,1
5,0,11,0,4,1,-11.947701557118075,-75.32593105811867,2,3,7,1,2,2,2,0,208.33407494956003,2.0,1,0,0.826269149862581,4,32,30.656728746564525,0.5094324469192663,69.80046164182401,68.30814412618273,8.9065528403411,781.4898849740999,1269.9314775160597,12264.545,1826.4639999999995,1105.5389999999998,9332.542,1588.5359999999996,10676.009,12.952261987705208,4,1,0,0,3,31.082674978229345,30.822078703023216,31.343271253435475,1.0,0.826269149862581,0.0,0.0,1,0,0.0,0.0,0.0,1.0,0.826269149862581,0.17373085013741896,0.17373085013741896,0.0,0.826269149862581,0.0,15,2,2021,3,29,2,0,1,2,1,0,1,GRAVE_LESIONADOS,1
3,2,10,0,4,1,-9.313204889446638,-77.58990217273548,0,4,0,0,2,1,1,2,700.0640236561601,1.7313450951852716,1,0,0.7313450951852716,8,29,109.40292166851549,0.37665573291770194,73.9548090722715,51.16244248163467,5.626849149338222,469.87868872624597,26168.024871866073,8818.884940706082,1365.0891145133712,1955.469346210927,5498.326479981783,1396.6937740020207,7422.19116670406,15.916506680984643,6,2,0,0,4,33.29105292833372,26.343274524073642,40.238831332593804,1.0,0.0,0.0,0.2686549048147284,2,0,0.0,1.0,0.0,0.7313450951852716,0.2686549048147284,0.7313450951852716,1.0,0.0,0.7313450951852716,0.0,13,2,2022,10,12,3,0,0,0,1,0,1,GRAVE_LESIONADOS,1
3,2,9,0,4,1,-9.884024975300454,-76.44558672432848,0,4,7,1,2,2,2,2,9913.693520018362,2.0,2,0,1.0,9,31,3811.8985877475834,0.5563774842369664,77.00938809632027,69.10246351364754,8.476961866273152,914.8835608305218,27932.19700214133,8209.057,1333.4779999999996,791.9770000000001,6083.602,1059.8589999999997,7149.198,12.910849565303296,7,2,0,0,5,38.8293325892524,38.81866587608068,38.83999930242413,1.0,0.01066671317172474,0.0,0.0,2,0,0.0,0.9893332868282753,0.0,0.01066671317172474,0.01066671317172474,0.9893332868282753,0.9893332868282753,0.9893332868282753,0.9893332868282753,0.9893332868282753,19,2,2021,8,3,5,1,0,2,1,0,1,GRAVE_LESIONADOS,1
3,1,14,0,3,1,-11.837699639113158,-77.0097287322613,0,3,5,1,2,1,0,1,2572.509002224383,2.0,2,3,0.2725476478930291,10,25,1072.150743085494,0.6794661853404186,79.30470558062191,75.50071401316113,9.795811289123575,1350.6163729587804,358798.4019588477,7626.313,1683.4029999999998,1599.0829999999996,4343.827000000001,1814.875,5811.438000000001,23.797541485643197,9,2,0,0,7,31.81665500709075,23.360762366288466,40.27254764789303,1.0,1.0,0.0,0.0,2,0,0.0,0.0,0.7274523521069709,0.2725476478930291,0.7274523521069709,0.0,1.0,1.0,1.0,1.0,9,1,2023,3,21,0,0,0,0,1,0,1,GRAVE_LESIONADOS,1
3,1,5,0,4,1,-5.591742809128662,-78.7853235302197,6,4,6,0,2,1,0,1,7758.33400008,2.0,2,0,1.0,9,20,2133.0,0.4823525101155781,74.68609013731242,51.19107770858362,5.880567124588062,905.9911705096852,13071.734475374731,15935.565011852366,1733.9250000199986,935.692,13265.948011832368,2000.1670000199988,13935.398011832369,12.551591352627522,5,1,0,0,3,21.125178584584837,19.375199594535992,22.875157574633675,1.0,0.8749894950244215,0.0,0.8749894950244215,1,0,0.0,0.12501050497557853,0.0,0.8749894950244215,0.8749894950244215,0.0,0.12501050497557853,0.0,0.8749894950244215,0.0,9,1,2021,6,6,4,0,0,2,1,0,1,GRAVE_LESIONADOS,1
6,1,4,0,4,1,-13.527397798220083,-74.05137466109183,0,4,0,0,2,2,2,2,1681.9745628473488,1.233377334825514,1,0,0.23337733482551382,9,30,307.33377334825514,0.22061550391476045,71.975511265094,44.68074762867489,4.198262862869028,160.40942074287278,2870.913243253331,12678.733000000004,1805.074000000001,1774.0339999999994,9099.625000000004,2485.375000000001,10193.358000000002,19.602707936195205,11,1,0,0,10,31.766622665174488,31.766622665174488,31.766622665174488,1.0,0.0,0.0,1.0,1,0,0.23337733482551382,0.0,0.0,0.23337733482551382,0.7666226651744862,0.0,0.23337733482551382,0.7666226651744862,0.7666226651744862,1.0,16,2,2022,8,12,3,0,0,2,1,0,1,GRAVE_LESIONADOS,1
4,1,6,0,4,0,-13.345263224343277,-75.17736793604554,0,4,5,0,5,2,2,0,6921.433482340777,2.0,3,2,1.0,12,22,1198.0,0.45857553929113004,67.52374742690189,61.95157591688351,7.090601119770119,734.5194989433535,1028.6635162601021,12528.722904764509,1812.8210036241692,1531.9193114661666,9183.982589674173,2160.5589652503104,10368.163939514197,17.194057685363493,4,1,0,0,3,35.267625651453514,34.36217875755815,36.17307254534887,1.0,0.0,0.0,0.0,1,0,0.0,0.6378212424418539,0.3621787575581461,0.3621787575581461,0.0,0.3621787575581461,1.0,0.0,0.6378212424418539,0.0,16,3,2023,6,14,4,0,0,2,1,0,1,GRAVE_LESIONADOS,1
3,1,12,0,4,1,-8.634691731413131,-78.61537117352894,0,4,6,1,2,1,0,1,829.8066805145736,1.7341245436569688,1,3,0.0,9,13,225.97626369029095,0.49982437648144984,80.36169758172487,66.35443548368889,8.336087178164238,666.0522224739408,9753.128045518863,3529.289218206915,563.750177067361,704.3878409118421,2261.151200227712,809.5850068309453,2719.70421137597,22.8043104591059,6,1,0,0,4,47.44451277760488,44.508014602977,50.38101095223276,1.0,0.0,0.0,0.26587545634303134,1,0,0.0,0.7341245436569687,0.0,1.0,0.0,0.0,1.0,0.7341245436569687,0.7341245436569687,0.7341245436569687,17,2,2021,5,8,4,0,0,0,1,0,1,GRAVE_LESIONADOS,1
6,1,19,0,4,1,-7.129172923826884,-76.95034051052264,0,4,0,0,6,2,2,0,6553.590003717848,2.0,3,3,1.0,13,32,1241.5037497828273,0.442281328476477,74.09721989988604,49.20371511578367,5.942982810926914,728.1231148926094,31686.540210349543,5444.927684537129,802.910561454271,942.3563287748129,3699.660794308045,1022.7204858715637,4422.207198665565,19.167913832977952,5,1,0,0,4,24.68777213074526,24.68777213074526,24.68777213074526,1.0,0.10407595641824696,0.0,0.10407595641824696,1,0,0.0,0.0,0.0,1.0,0.0,0.0,1.0,1.0,1.0,0.895924043581753,16,3,2023,4,17,3,0,1,0,1,0,1,GRAVE_LESIONADOS,1