CLASE SINIESTRO,CANTIDAD DE VEHICULOS DAÑADOS,DEPARTAMENTO,ZONA,TIPO DE VÍA,RED VIAL,COORDENADAS LATITUD,COORDENADAS  LONGITUD,CONDICIÓN CLIMÁTICA,ZONIFICACIÓN,CARACTERÍSTICAS DE VÍA,PERFIL LONGITUDINAL VÍA,SUPERFICIE DE CALZADA,¿EXISTE SEÑAL VERTICAL?,¿EXISTE SEÑAL HORIZONTAL?,CAUSA FACTOR PRINCIPAL,MTC_RVN_LONGITUD_KM,MTC_RVN_N_CARRILES_MEDIANA,MTC_RVN_SUPERFICIE_DOMINANTE,MTC_RVN_ESTADO_DOMINANTE,MTC_RVN_ES_CONCESIONADA,MTC_RVN_CONCESION_PRINCIPAL,MTC_RVN_CORREDOR_LOGISTICO,MTC_RVN_N_TRAMOS,IDH_2019,IDH_ESP_VIDA_2019,IDH_EDUC_SECUND_PCT_2019,IDH_ANIOS_EDUC_2019,IDH_INGRESO_PERCAP_2019,IDH_POBLACION_2019,MTC_DEP_RED_TOTAL_KM,MTC_DEP_NACIONAL_TOTAL_KM,MTC_DEP_DEPARTAMENTAL_TOTAL_KM,MTC_DEP_VECINAL_TOTAL_KM,MTC_DEP_PAV_TOTAL_KM,MTC_DEP_NO_PAV_TOTAL_KM,MTC_DEP_PCT_PAVIMENTADA,PER_TOTAL_PERSONAS,PER_N_CONDUCTORES,PER_N_CONDUCTORES_FUGADOS,PER_N_PEATONES,PER_N_PASAJEROS_OCUPANTES,PER_EDAD_COND_PROM,PER_EDAD_COND_MIN,PER_EDAD_COND_MAX,PER_ANY_COND_MASCULINO,PER_ANY_LIC_PROBLEMA,PER_ANY_DOSAJE_POS,PER_ANY_DOSAJE_EVALUADO,VEH_TOTAL,VEH_N_FUGADOS,VEH_ANY_FUGADO,VEH_ANY_CARGA,VEH_ANY_PUBLICO,VEH_ANY_PARTICULAR,VEH_ANY_MOTO,VEH_ANY_AUTO,VEH_ANY_CAMION_BUS,VEH_ANY_SOAT_PROBLEMA,VEH_ANY_CITV_PROBLEMA,VEH_ANY_SEGURO_PROBLEMA,HORA_NUM,FRANJA_HORARIA,ANIO,MES,DIA_MES,DIA_SEMANA,ES_FIN_SEMANA,ES_QUINCENA,REGION_NATURAL,TIENE_SEÑALIZACION,ES_VIA_MULTICARRIL,ES_DEPTO_BAJO_PAVIMENTO,CATEGORIA_SEVERIDAD,CATEGORIA_SEVERIDAD_ENC
6,1,1,0,4,2,-8.643111310522333,-77.54698307155704,0,4,3,0,7,2,2,0,6543.555,2.0,4,4,1.0,14,33,1198.0,0.24421129907955108,72.93437692194509,38.975243336227116,4.85506818277745,191.1308089321678,2314.865806716937,10767.648,1885.0630000000003,1222.721,7659.864000000001,2100.343,8667.305000000002,19.506051832303577,5,1,0,0,4,31.421333035318895,31.421333035318895,31.421333035318895,1.0,0.0,0.0,0.0,1,0,0.0,0.21066651765944766,0.7893334823405523,0.0,0.0,0.7893334823405523,0.21066651765944766,0.0,0.7893334823405523,0.0,4,0,2024,1,19,4,0,0,0,1,0,1,GRAVE_LESIONADOS,1
4,1,14,2,2,4,-12.08698738639892,-76.99173422471252,0,1,3,1,2,2,2,1,6543.555,2.0,4,4,1.0,14,33,1198.0,0.7097318321693679,80.11989650325822,76.05616037945211,10.45672312827483,1444.5778663053768,492290.43142907973,7626.313,1683.4029999999998,1599.0829999999996,4343.827000000001,1814.875,5811.438000000001,23.797541485643197,10,1,0,0,8,28.12932241034841,22.806016384477385,33.452628436219435,1.0,0.5323306025871026,0.0,0.0,1,0,0.0,0.5323306025871026,0.5323306025871026,0.46766939741289737,0.0,0.0,1.0,0.5323306025871026,0.0,0.5323306025871026,15,1,2023,7,28,3,0,1,0,1,0,1,GRAVE_LESIONADOS,1
3,1,14,2,2,4,-11.959702970098226,-77.07752499158154,0,0,7,1,2,2,2,0,6543.555,2.0,4,4,1.0,14,33,1198.0,0.758462599563312,80.5192231989937,79.20045639149897,11.33839041452458,1628.5661148492152,363987.54389721627,7626.313,1683.4029999999998,1599.0829999999996,4343.827000000001,1814.875,5811.438000000001,23.797541485643197,9,2,0,3,3,39.90793758207045,39.90793758207045,39.90793758207045,1.0,0.0,0.0,0.0,2,0,0.0,0.0,1.0,1.0,0.29229017270925317,1.0,0.7077098272907468,0.0,1.0,0.0,14,3,2022,6,19,1,0,1,0,1,0,1,GRAVE_LESIONADOS,1
4,1,14,0,4,1,-10.001279369460718,-77.70594026974638,0,4,4,1,2,2,2,0,6606.785047438031,2.3442226982158196,2,0,1.0,5,30,1567.4645995515693,0.5721093537043652,80.01003117707563,67.53961050967881,8.983067614997703,898.5195389085899,25735.254796106754,2787.8051222673384,505.5204251362268,587.4202589495751,1694.8644381815368,818.5988026399094,1969.2063196274294,28.88282524643164,5,1,0,0,4,40.93466381070508,40.93466381070508,40.93466381070508,1.0,0.34422269821581986,0.0,0.0,1,0,0.0,0.0,0.34422269821581986,1.0,0.34422269821581986,0.34422269821581986,0.6557773017841801,0.0,1.0,0.34422269821581986,6,0,2022,5,13,6,1,0,0,1,0,1,GRAVE_LESIONADOS,1
4,2,11,0,4,0,-9.850704288545096,-78.04466072518312,1,4,7,1,2,2,2,0,4269.004934940669,2.0,3,2,1.0,10,30,781.2040585048577,0.5988303454241545,79.71688106262239,72.55564409520036,8.803105928677802,1013.5889375941313,28546.03361838464,3553.504132936529,580.6899793554223,709.488356510885,2263.3257970702216,846.5450127536551,2706.959120182874,23.66518512688092,10,2,0,0,8,46.158940016712684,36.924859996143226,55.39302003728214,1.0,0.0,0.0,0.358380001285591,2,0,0.0,1.0,0.358380001285591,0.641619998714409,0.0,0.0,1.0,0.0,0.358380001285591,0.358380001285591,11,1,2022,3,24,1,0,1,0,1,0,1,GRAVE_LESIONADOS,1
3,2,3,0,4,1,-16.048525408955705,-71.33731032857293,0,4,1,0,2,0,1,0,1504.4250000000002,2.0,2,0,1.0,7,25,241.0,0.4685280505645348,81.83746865987648,70.74305753660312,6.037751599761188,617.4715908037651,1751.8736616702354,10322.272,1495.236,1749.739,7077.2970000000005,2886.595,7435.677000000001,27.964725207783708,5,2,0,0,3,53.577073766089406,47.019761768327605,60.134385763851206,1.0,0.0,0.0,0.0,2,0,0.0,0.7905137772804003,0.0,1.0,0.0,1.0,1.0,0.0,0.0,0.0,7,1,2021,7,8,5,0,0,0,1,0,1,GRAVE_LESIONADOS,1
6,1,4,0,4,0,-13.21991656859898,-73.65107601367244,0,4,0,0,2,1,1,2,6575.270081948776,2.0,3,3,1.0,13,32,1198.0,0.20612829263847132,78.10282090375668,43.981914136844686,4.883429215949644,117.90539525846422,6459.611915149065,12678.733000000004,1805.074000000001,1774.0339999999994,9099.625000000004,2485.375000000001,10193.358000000002,19.602707936195205,4,1,0,0,3,25.908807755565423,25.908807755565423,25.908807755565423,1.0,0.0,0.0,0.0,1,0,0.0,0.0,0.0,1.0,0.0,0.030397414811526136,0.9696025851884739,0.9696025851884739,0.9696025851884739,0.9696025851884739,5,0,2021,8,29,3,0,0,2,1,0,1,GRAVE_LESIONADOS,1
4,1,3,0,4,1,-15.727219152648509,-71.2374863038233,3,4,3,1,2,0,1,0,824.9236299419772,1.0,0,2,0.0,9,19,197.21344401009202,0.4584721613172432,81.4800605270241,55.77890869527478,5.7973596341288,675.0228283598334,1365.167827545023,10322.272,1495.236,1749.739,7077.2970000000005,2886.595,7435.677000000001,27.964725207783708,16,1,0,0,14,29.097396717884934,29.097396717884934,29.097396717884934,1.0,0.0,0.0,0.5663774130983261,1,0,0.0,0.0,0.5663774130983261,0.4336225869016739,0.0,0.4336225869016739,0.5663774130983261,0.0,0.0,0.0,13,3,2024,3,11,2,0,0,0,1,0,1,GRAVE_LESIONADOS,1
4,1,8,0,3,2,-11.651347394187994,-75.37220888266792,0,3,3,0,2,2,2,1,6543.555,2.0,4,4,1.0,14,33,1198.0,0.5115386501997237,77.1723753760263,58.033981835849104,7.9356170453449035,810.308832295151,12942.670809605821,9530.397638341268,1404.3157081066404,1855.8071685941827,6270.274761640446,1937.0558334082173,7593.341804933051,19.81304923100688,5,1,0,0,4,32.910362758772,29.55609495475537,35.695118693444215,0.4304881306555788,0.0,0.0,0.0,1,0,0.0,0.0,1.0,0.4304881306555788,0.5695118693444212,0.4304881306555788,0.4304881306555788,0.5695118693444212,0.0,0.5695118693444212,16,2,2022,5,21,5,1,1,0,1,0,1,GRAVE_LESIONADOS,1
6,1,5,0,4,1,-8.185943899554246,-77.70400687813827,0,4,0,0,2,1,1,2,145.0240266007646,1.6298158351117955,1,0,0.8766052783705984,11,32,17.714683875846834,0.3643642633836846,73.29947649244403,58.3536898635172,4.927509911272496,459.59942857842395,8536.765269246624,16163.051817342928,1778.7723180136163,1173.526811704879,13210.752687624432,2108.574939126155,14054.476878216774,13.000739890505656,8,1,0,0,7,31.642658062076585,31.642658062076585,31.642658062076585,0.8766052783705984,0.0,0.0,0.8766052783705984,1,0,0.0,0.0,0.8766052783705984,0.12339472162940157,0.0,0.12339472162940157,0.8766052783705984,0.0,0.0,0.0,10,1,2023,5,13,6,1,0,2,1,0,1,GRAVE_LESIONADOS,1
6,1,5,0,4,2,-7.314902752817572,-77.95117862433604,0,4,6,0,1,2,2,1,6543.555,2.0,4,4,1.0,14,33,1198.0,0.25289757011520225,78.73567988313758,32.066278883896544,3.185291109315049,290.0483764407102,7867.028066522418,15935.565011852366,1733.9250000199986,935.692,13265.948011832368,2000.1670000199988,13935.398011832369,12.551591352627522,4,1,0,0,3,21.430699226114434,21.430699226114434,21.430699226114434,1.0,0.0717832043524056,0.0,1.0,1,0,0.0,0.0717832043524056,0.9282167956475944,0.0,0.0717832043524056,0.0,0.9282167956475944,0.0717832043524056,0.0717832043524056,0.0717832043524056,7,1,2024,6,7,0,0,0,2,1,0,1,GRAVE_LESIONADOS,1
1,1,4,1,4,1,-9.210234880342416,-76.63535869643259,0,1,3,0,2,0,1,2,7677.556607396137,2.0,2,0,1.0,9,12,1692.4328789765766,0.5663301074312348,72.33447041078719,71.51384425125725,9.402734530304425,959.4381426945433,103379.4626732571,14400.962762527533,1767.45003754394,1330.7143758000198,11302.798349183573,2228.7944777191674,12172.168284808366,15.874040692972903,5,1,0,2,0,26.984233618340475,22.5864156544703,34.83747998239437,1.0,0.4711947818432336,0.5288052181567664,1.0,1,0,0.0,0.4711947818432336,0.0,1.0,1.0,0.4711947818432336,0.4711947818432336,0.0,1.0,0.0,16,1,2022,3,15,3,0,0,2,1,0,1,GRAVE_LESIONADOS,1
6,0,20,0,4,1,-15.869862067798454,-69.74662307310535,0,4,1,1,2,2,2,2,7586.903,2.0,2,0,1.0,9,5,1198.0,0.4430551121392397,72.41780304140028,75.4571427407879,7.8062994687572935,527.1168103443009,20267.474991601503,13642.312999999998,2020.7790000000005,2354.117,9267.416999999998,3314.0520000000006,10328.260999999997,24.29244952817019,5,1,0,0,4,34.81465922406527,34.81465922406527,34.81465922406527,1.0,0.0,0.0,0.0,1,0,0.0,0.0,0.0,1.0,0.0,0.2461965162314551,0.7538034837685449,0.0,1.0,0.0,7,0,2022,11,15,3,0,0,2,1,0,1,GRAVE_LESIONADOS,1
4,1,12,0,4,1,-9.464399140871716,-77.52916200448115,0,4,3,1,1,2,2,0,1290.453276625132,0.12139345534400614,0,1,0.43930327232799693,9,24,231.6477876866724,0.34989053899222244,79.00597894797589,46.99580741460196,4.351925304326251,634.3377965926736,19612.310928320767,8358.310988426718,1488.3853890582172,1787.981727552698,5081.943871815803,1480.9430926872958,6877.367895739422,18.108566817942187,7,1,0,0,5,55.219651636163995,51.92487709370402,58.51442617862398,1.0,0.5606967276720031,0.0,0.43930327232799693,1,0,0.0,0.5606967276720031,0.0,0.43930327232799693,0.0,0.43930327232799693,0.5606967276720031,0.0,0.5606967276720031,0.0,4,0,2021,8,3,4,0,0,0,1,0,1,GRAVE_LESIONADOS,1
3,1,3,0,4,0,-16.140213538707794,-73.36354473685198,0,2,7,1,1,2,2,0,6615.492241536758,2.0,2,1,1.0,10,31,1509.8623414474694,0.6595469625226502,83.12662702279864,65.53967521385344,9.48045261055294,1267.133354461731,5164.215766487137,10322.272,1495.236,1749.739,7077.2970000000005,2886.595,7435.677000000001,27.964725207783708,5,1,0,0,3,41.492164313145786,41.492164313145786,41.492164313145786,0.746082156572893,0.0,0.0,0.0,1,0,0.746082156572893,0.0,0.0,0.746082156572893,0.0,0.746082156572893,0.253917843427107,0.0,0.0,0.0,4,0,2021,3,27,5,1,1,0,1,0,1,GRAVE_LESIONADOS,1
3,1,12,0,4,1,-7.681068734311698,-79.4185035480228,0,4,7,1,2,2,2,2,6543.555,2.204801524939167,3,3,1.0,11,32,1254.7300224081491,0.5605164445866666,76.61349501649897,62.760180081206855,7.98931757140171,999.8297352720696,9448.43683083512,8931.828000000005,1335.5899999999997,1935.9830000000004,5660.255000000005,1219.309,7712.519000000005,13.651281686122925,4,1,0,0,2,31.98725947262751,31.98725947262751,31.98725947262751,1.0,0.7951984750608331,0.0,0.0,1,0,0.0,0.0,0.0,1.0,0.0,1.0,0.0,0.0,1.0,0.0,12,3,2023,6,20,6,1,0,0,1,0,1,GRAVE_LESIONADOS,1
4,1,13,2,3,2,-10.259871814606129,-77.9539907342791,4,3,4,1,2,2,2,0,6604.196938270244,2.0,2,1,1.0,10,31,1460.894940852124,0.6459834440658664,79.29151390620558,71.81703531575646,9.746663599060508,1228.6108393545258,96277.68141972784,6080.226512543441,1249.872856674907,1261.6534280827345,3568.700227785799,1402.4291259711788,4677.797386572262,22.51085719006816,5,1,0,0,4,40.80509371275056,40.43402897794703,41.176158447554094,1.0,0.0,0.0,0.3710647348035314,1,0,0.0,0.3710647348035314,0.0,0.3710647348035314,0.3710647348035314,0.0,1.0,0.0,1.0,0.3710647348035314,9,1,2021,10,28,3,0,1,0,1,0,1,GRAVE_LESIONADOS,1
3,2,7,0,4,1,-13.514048296493325,-71.83073402717964,0,4,7,1,2,0,1,1,3330.9628838305566,1.6342279988136148,2,1,0.6342279988136148,6,15,764.6141966442071,0.455885612123235,68.37049239911592,71.16134748761041,6.921092314821028,678.3165941984661,9189.809577189622,17779.13499998999,2097.3709999899997,2863.123,12818.640999999989,2878.713,14900.421999989989,16.19152450331032,10,2,0,0,8,36.365772001186386,34.90268399644084,37.82886000593193,1.0,0.0,0.0,0.6342279988136148,2,0,0.0,0.0,0.3657720011863852,1.0,0.0,1.0,1.0,0.0,0.6342279988136148,0.0,17,2,2023,6,17,3,0,0,2,1,0,1,GRAVE_LESIONADOS,1
6,1,5,0,4,2,-7.209215817624217,-78.60681877729286,6,4,0,0,1,2,2,0,6543.555,2.0,4,4,1.0,14,33,1198.0,0.3470925110244218,74.35775238703913,56.29886265244332,4.601341726827093,412.30854518823975,8475.526619359835,15935.565011852366,1733.9250000199986,935.692,13265.948011832368,2000.1670000199988,13935.398011832369,12.551591352627522,6,1,0,0,5,36.81842034392921,32.89105220635753,39.763946447107976,0.01815796560707883,0.01815796560707883,0.0,0.01815796560707883,1,0,0.0,0.01815796560707883,0.9818420343929212,0.0,0.01815796560707883,0.9818420343929212,0.0,0.01815796560707883,1.0,0.01815796560707883,11,2,2022,4,9,1,0,0,2,1,0,1,GRAVE_LESIONADOS,1
4,1,14,2,2,4,-12.03703122972177,-77.0384874998136,0,1,7,1,2,2,2,2,6543.555,2.0,4,4,1.0,14,33,1198.0,0.7420681485895743,79.7849653226166,76.99754069805479,11.456330594311172,1562.2547619311308,252009.95138187133,7626.313,1683.4029999999998,1599.0829999999996,4343.827000000001,1814.875,5811.438000000001,23.797541485643197,10,2,0,0,8,40.5,36.77969048271163,44.22030951728837,1.0,0.0,0.0,0.0,2,0,0.0,0.0,1.0,0.277538689661046,0.722461310338954,0.0,1.0,0.0,0.0,0.0,8,1,2021,6,17,1,0,1,0,1,0,1,GRAVE_LESIONADOS,1
3,2,12,0,4,1,-7.827535768130131,-79.18543940167649,0,3,7,1,2,2,2,2,6543.555,2.0,4,4,1.0,14,33,1198.0,0.5270022903211706,78.15445353447225,61.8266837624724,6.735789285074772,920.5707785770859,24954.69067706033,8717.117129938115,1392.7928906974148,1880.5749103772457,5443.749328863454,1317.2584636517229,7399.858666286392,15.319981218053977,4,2,0,0,2,34.42437425443858,24.671071002536333,44.177677506340835,1.0,0.0,0.0,0.16446449873183322,2,0,0.0,0.0,0.8355355012681668,0.16446449873183322,1.0,0.16446449873183322,0.0,0.0,0.0,0.0,16,1,2021,3,8,3,0,0,0,1,0,1,GRAVE_LESIONADOS,1
4,1,7,0,4,1,-13.751629507924262,-72.25750376025287,0,1,2,1,3,2,2,2,7170.459346180948,2.0,2,1,1.0,10,16,1198.0,0.34737605538856753,72.15220937601909,49.65609485917175,4.974982430939811,434.8759102897587,8096.470661556013,17779.13499998999,2097.3709999899997,2863.123,12818.640999999989,2878.713,14900.421999989989,16.19152450331032,5,1,0,0,4,28.89699581382883,27.394849966563708,30.399141661093953,1.0,0.39914166109395144,0.0,0.0,1,0,0.0,0.0,0.0,1.0,0.0,0.6008583389060486,0.39914166109395144,0.0,0.6008583389060486,0.0,7,1,2023,8,4,3,0,0,2,1,0,1,GRAVE_LESIONADOS,1
3,2,12,2,2,3,-14.56252407957005,-71.05855508927728,0,1,3,1,2,1,0,2,6543.555,2.0,4,4,1.0,14,33,1198.0,0.666411997807323,74.00200272656146,82.42010920003707,11.338798585745439,1238.7281173433703,137290.06206065707,15926.076953882803,2063.062194378046,2635.1176220023203,11227.897137502434,3073.71980395149,12852.357149931311,19.82027244031703,5,2,0,0,3,39.57263341105119,32.10411516564567,47.04115165645671,1.0,0.5520575828228357,0.0,0.0,2,0,0.0,0.0,0.4479424171771643,1.0,0.0,1.0,1.0,0.0,0.5520575828228357,0.0,14,1,2021,8,15,5,1,0,2,1,0,1,GRAVE_LESIONADOS,1
6,1,12,0,4,1,-7.865694517461144,-78.91335413772403,0,4,7,1,2,2,2,0,6543.555,2.851282212216531,2,0,1.0,2,30,1433.805172783979,0.510530021303299,77.0283202890699,59.391910522718845,7.622946519953882,853.0371401828157,15236.627213201902,8931.828000000005,1335.5899999999997,1935.9830000000004,5660.255000000005,1219.309,7712.519000000005,13.651281686122925,10,1,0,0,9,30.66153990994878,30.66153990994878,30.66153990994878,1.0,0.0,0.0,0.0,1,0,0.0,0.0,0.851282212216531,0.148717787783469,0.0,0.0,1.0,0.0,0.0,0.0,16,2,2021,10,10,0,0,0,0,1,0,1,GRAVE_LESIONADOS,1
6,1,5,0,4,1,-5.399384861349849,-78.98561711055143,0,4,0,0,1,2,2,2,5219.569388762988,1.7756546353260334,3,3,0.7756546353260334,12,32,953.4635525053764,0.3164206576010904,77.94054805269259,33.8215197424298,4.794795612032947,366.3891204399247,20423.73661670236,15935.565011852366,1733.9250000199986,935.692,13265.948011832368,2000.1670000199988,13935.398011832369,12.551591352627522,5,1,0,0,4,46.15994338750123,46.15994338750123,46.15994338750123,1.0,0.0,0.0,1.0,1,0,0.0,0.0,0.0,1.0,0.0,0.0,1.0,0.0,0.7756546353260334,0.0,15,2,2023,10,7,1,0,0,2,1,0,1,GRAVE_LESIONADOS,1
7,1,2,1,4,2,-8.547076941653504,-77.27733908100191,0,4,0,0,5,2,2,0,6571.3383737325985,2.0,3,2,1.0,12,32,1318.4464864159509,0.36695194332654646,75.52052398199292,39.385412978583176,5.550211983184296,522.9090550027024,1744.0228301317766,3851.2107044843974,1023.4554132285348,631.078119523007,2196.677171732856,989.496671396885,2861.714033087513,25.746184297790094,10,1,0,0,9,34.491886714867746,34.491886714867746,34.491886714867746,1.0,0.0,0.0,0.0,1,0,0.0,0.0,1.0,0.0,0.0,0.0,1.0,0.0,0.0,0.0,8,0,2023,7,15,5,0,0,0,1,0,1,GRAVE_LESIONADOS,1
3,1,14,0,3,1,-11.811669509873791,-77.01050645792536,0,3,5,1,1,1,0,1,2853.2487295423916,2.0,2,3,0.32397610656153897,10,26,1081.0478664351463,0.6542085379109716,78.94747632287245,73.81575409197124,9.351281848645453,1260.4018332774012,365551.3664955542,7626.313,1683.4029999999998,1599.0829999999996,4343.827000000001,1814.875,5811.438000000001,23.797541485643197,7,2,0,0,5,29.5,21.591808852492314,37.40819114750769,1.0,0.676023893438461,0.0,0.0,2,0,0.0,0.0,1.0,0.32397610656153897,1.0,0.32397610656153897,0.676023893438461,1.0,1.0,1.0,5,0,2023,4,27,2,0,1,0,1,0,1,GRAVE_LESIONADOS,1
3,2,5,0,4,1,-5.744704944856914,-78.77422846419398,0,4,7,1,2,1,1,0,7758.33400008,2.0,2,0,1.0,9,20,2133.0,0.5803239946829384,74.49544278598792,68.33065356443184,8.733179344969395,1046.078117086984,102362.46895074946,15935.565011852366,1733.9250000199986,935.692,13265.948011832368,2000.1670000199988,13935.398011832369,12.551591352627522,5,2,0,0,3,36.39009590848463,30.495704746531647,42.28448707043761,1.0,1.0,0.32112176760940336,0.32112176760940336,2,0,0.0,0.6788782323905966,0.32112176760940336,0.6788782323905966,0.32112176760940336,0.6788782323905966,0.6788782323905966,0.32112176760940336,1.0,0.32112176760940336,12,2,2022,5,25,6,1,0,2,1,0,1,GRAVE_LESIONADOS,1
3,1,13,0,4,1,-14.510741364056843,-71.91277914548861,0,4,2,0,2,1,1,2,7586.903,2.0,2,0,1.0,9,5,1198.0,0.334945319470556,71.78825872470581,68.83446275951512,5.940870279991428,304.0371417074912,5105.730504732019,13221.419417921199,1926.5586445315314,2100.7356390616064,9194.125134328062,2952.0843056556655,10269.335112265533,22.24396145487032,4,2,0,0,2,42.29923624348494,32.988830520829424,51.60964196614045,1.0,1.0,0.0,0.0,2,0,0.0,0.4368019075518388,0.4368019075518388,0.5631980924481612,0.4368019075518388,0.5631980924481612,1.0,0.0,0.4368019075518388,0.0,15,1,2022,3,11,3,0,0,2,1,0,1,GRAVE_LESIONADOS,1
6,1,7,0,4,0,-13.876452908648389,-71.83955302464236,0,4,0,0,1,1,1,2,6543.555,2.0,4,4,1.0,14,33,1198.0,0.20253189141556377,65.11604263921134,44.76226105623792,4.033440601577412,153.6308350129261,6324.069787468941,17779.13499998999,2097.3709999899997,2863.123,12818.640999999989,2878.713,14900.421999989989,16.19152450331032,4,1,0,0,3,32.56905056412293,32.56905056412293,32.56905056412293,1.0,0.16222957109649694,0.0,0.8377704289035031,1,0,0.0,0.0,0.0,1.0,0.0,0.16222957109649694,0.8377704289035031,0.16222957109649694,0.16222957109649694,0.0,13,2,2022,6,8,4,0,0,2,1,0,1,GRAVE_LESIONADOS,1
6,1,7,0,4,0,-13.068503191235632,-72.10914479853324,3,4,0,0,1,1,0,6,6543.555,2.0,4,4,1.0,14,33,1198.0,0.28382603572532694,70.30443950851402,52.88563470109112,5.15272133536468,251.80718955166398,5265.036115062205,17779.13499998999,2097.3709999899997,2863.123,12818.640999999989,2878.713,14900.421999989989,16.19152450331032,5,1,0,0,4,46.041121452333336,46.041121452333336,46.041121452333336,1.0,0.6900700907708336,0.0,0.0,1,0,0.0,0.0,0.0,1.0,0.0,0.6900700907708336,0.3099299092291664,0.6900700907708336,0.6900700907708336,0.0,8,1,2021,2,12,3,0,0,2,1,0,1,GRAVE_LESIONADOS,1
3,1,10,0,4,0,-12.03147767142442,-75.59700849576532,0,4,6,0,2,2,2,1,7482.55075196479,2.0,2,0,1.0,9,7,1198.0,0.4551933065040866,68.54459813235,56.13789263362367,7.078973506480347,736.8109775977637,1362.6861873850598,12305.970726516185,1824.324642292434,1172.399679323004,9309.246404900745,1678.2348979474245,10627.735828568759,13.617417798768809,4,1,0,0,3,37.14994146907529,34.89998327687866,39.399899661271924,1.0,0.0,0.0,0.0,1,0,0.0,0.10001672312134591,0.8999832768786541,0.8999832768786541,0.0,0.8999832768786541,1.0,0.0,0.10001672312134591,0.0,15,3,2022,6,25,1,0,0,2,1,0,1,GRAVE_LESIONADOS,1
3,2,7,0,4,1,-13.55160085755689,-72.05247648732495,0,4,4,1,2,0,1,2,4413.136234819306,1.3118255632777367,2,3,0.3118255632777366,10,18,1136.7524751317185,0.39948882559884275,71.54469737574296,63.22290249568708,5.7171429108658804,526.557755943965,11686.104135327603,17779.13499998999,2097.3709999899997,2863.123,12818.640999999989,2878.713,14900.421999989989,16.19152450331032,11,2,0,0,9,35.90861052852792,29.881744367222634,41.93547668983321,1.0,0.3118255632777366,0.0,0.0,2,0,0.0,0.0,0.6881744367222634,1.0,0.3118255632777366,0.6881744367222634,0.6881744367222634,0.3118255632777366,0.3118255632777366,0.3118255632777366,13,2,2023,9,2,0,0,0,2,1,0,1,GRAVE_LESIONADOS,1
5,2,12,0,4,0,-6.929164332983676,-79.6091778238366,1,4,7,1,2,2,2,0,6454.537430642159,2.0,3,3,1.0,13,32,1181.6881314682591,0.6216145886394229,81.16997931142718,74.4089492443969,8.978145853743813,1066.5636311235153,28875.476731706425,3463.3625028594615,517.6304390481569,690.5013480714559,2255.2307157398486,708.958933317386,2754.4035695420753,20.460521938437306,12,2,0,0,10,41.68233387008824,37.95792295305656,45.40674478711993,1.0,0.0,0.0,0.014025682314480536,2,0,0.0,1.0,0.014025682314480536,0.9859743176855195,0.0,0.0,1.0,0.0,0.014025682314480536,0.014025682314480536,8,1,2022,1,25,2,0,1,0,1,0,1,GRAVE_LESIONADOS,1
5,1,10,0,4,1,-14.903299931902056,-74.99392909729674,0,4,5,0,2,1,1,0,6639.975,2.0,2,0,1.0,9,31,1616.0,0.5563774842369664,77.00938809632027,69.10246351364754,8.476961866273152,914.8835608305218,27932.19700214133,3721.461,698.1859999999996,744.866,2278.409,1102.9029999999996,2618.558,29.636290693359403,4,1,0,0,3,39.44636843520192,34.903112769826926,43.98962410057692,0.2329874700192306,1.0,0.0,0.2329874700192306,1,0,0.0,0.2329874700192306,0.0,1.0,0.0,1.0,0.2329874700192306,0.7670125299807694,0.7670125299807694,0.7670125299807694,14,1,2021,8,28,5,1,1,0,1,0,1,GRAVE_LESIONADOS,1
6,1,12,0,4,1,-7.3163249048510295,-77.82915836058027,0,4,7,1,6,1,1,0,1439.2470643099646,1.0580255678564097,2,0,0.05802556785640978,8,32,245.45667617866673,0.22884774157414317,81.99177913374592,23.09416962901802,3.9204095418494953,214.39289935367475,3740.6594452380127,8933.801913770825,1361.517100284218,1860.6085416869062,5711.676271799702,1277.055813031909,7656.7461007389165,14.292351681106426,4,1,0,0,3,37.23210227142564,37.23210227142564,37.23210227142564,0.9419744321435902,0.05802556785640978,0.0,0.05802556785640978,1,0,0.0,0.05802556785640978,0.0,0.9419744321435902,0.05802556785640978,0.0,0.9419744321435902,0.05802556785640978,1.0,0.0,14,3,2022,4,6,4,0,0,0,1,0,1,GRAVE_LESIONADOS,1