CLASE SINIESTRO,CANTIDAD DE VEHICULOS DAÑADOS,DEPARTAMENTO,ZONA,TIPO DE VÍA,RED VIAL,COORDENADAS LATITUD,COORDENADAS  LONGITUD,CONDICIÓN CLIMÁTICA,ZONIFICACIÓN,CARACTERÍSTICAS DE VÍA,PERFIL LONGITUDINAL VÍA,SUPERFICIE DE CALZADA,¿EXISTE SEÑAL VERTICAL?,¿EXISTE SEÑAL HORIZONTAL?,CAUSA FACTOR PRINCIPAL,MTC_RVN_LONGITUD_KM,MTC_RVN_N_CARRILES_MEDIANA,MTC_RVN_SUPERFICIE_DOMINANTE,MTC_RVN_ESTADO_DOMINANTE,MTC_RVN_ES_CONCESIONADA,MTC_RVN_CONCESION_PRINCIPAL,MTC_RVN_CORREDOR_LOGISTICO,MTC_RVN_N_TRAMOS,IDH_2019,IDH_ESP_VIDA_2019,IDH_EDUC_SECUND_PCT_2019,IDH_ANIOS_EDUC_2019,IDH_INGRESO_PERCAP_2019,IDH_POBLACION_2019,MTC_DEP_RED_TOTAL_KM,MTC_DEP_NACIONAL_TOTAL_KM,MTC_DEP_DEPARTAMENTAL_TOTAL_KM,MTC_DEP_VECINAL_TOTAL_KM,MTC_DEP_PAV_TOTAL_KM,MTC_DEP_NO_PAV_TOTAL_KM,MTC_DEP_PCT_PAVIMENTADA,PER_TOTAL_PERSONAS,PER_N_CONDUCTORES,PER_N_CONDUCTORES_FUGADOS,PER_N_PEATONES,PER_N_PASAJEROS_OCUPANTES,PER_EDAD_COND_PROM,PER_EDAD_COND_MIN,PER_EDAD_COND_MAX,PER_ANY_COND_MASCULINO,PER_ANY_LIC_PROBLEMA,PER_ANY_DOSAJE_POS,PER_ANY_DOSAJE_EVALUADO,VEH_TOTAL,VEH_N_FUGADOS,VEH_ANY_FUGADO,VEH_ANY_CARGA,VEH_ANY_PUBLICO,VEH_ANY_PARTICULAR,VEH_ANY_MOTO,VEH_ANY_AUTO,VEH_ANY_CAMION_BUS,VEH_ANY_SOAT_PROBLEMA,VEH_ANY_CITV_PROBLEMA,VEH_ANY_SEGURO_PROBLEMA,HORA_NUM,FRANJA_HORARIA,ANIO,MES,DIA_MES,DIA_SEMANA,ES_FIN_SEMANA,ES_QUINCENA,REGION_NATURAL,TIENE_SEÑALIZACION,ES_VIA_MULTICARRIL,ES_DEPTO_BAJO_PAVIMENTO,CATEGORIA_SEVERIDAD,CATEGORIA_SEVERIDAD_ENC
3,1,2,0,4,1,-14.588680284942035,-74.42279403556356,0,4,5,0,2,1,1,0,6619.130097707409,2.0,2,0,1.0,10,31,1525.6331761221413,0.5704404044899076,79.82857108092318,49.093382242058375,9.344532550690893,1018.5049843776344,4981.1028571408515,10418.557202276137,1579.512143186206,1635.8037301759298,7203.241328914002,2716.6163014171907,7701.940900858946,26.136056673902498,4,1,0,0,3,35.44620854823049,28.783811426129525,42.10860567033144,1.0,0.0,0.0,0.0,1,0,0.0,0.0,0.0,1.0,0.0,0.0,1.0,0.0,0.2161885738704754,0.0,6,0,2022,3,10,0,0,0,0,1,0,1,GRAVE_LESIONADOS,1
3,1,14,1,4,1,-13.118551011137487,-71.65611049990609,4,4,6,1,5,2,2,0,2535.2810441349,1.3144546244507773,2,0,0.7714848748169257,5,21,440.08816602412605,0.594920036258959,74.63193205819637,59.119085791561865,8.65826943810601,1211.6807811118153,10464.719396169317,2463.115165232357,467.70103622406924,432.5342058547417,1562.8799231535456,633.0077639313816,1830.1074013009747,24.99753141104813,4,2,0,0,2,40.62792393960535,37.970696627379965,43.28515125183074,1.0,0.0,0.0,0.22851512518307426,2,0,0.0,0.0,0.0,1.0,0.7714848748169257,1.0,0.0,0.0,0.7714848748169257,0.0,15,3,2022,6,14,3,0,0,0,1,0,1,GRAVE_LESIONADOS,1
6,1,5,0,4,2,-7.200717697438877,-78.3162799290914,0,4,0,0,1,2,2,0,6543.555,2.0,4,4,1.0,14,33,1198.0,0.27389088392208005,73.93492025957543,36.21551359575378,3.7045021049287024,317.0962899999125,10297.188695490579,15935.565011852366,1733.9250000199986,935.692,13265.948011832368,2000.1670000199988,13935.398011832369,12.551591352627522,8,1,0,0,7,45.818042318669825,45.737172238078635,45.87869487911321,0.9797824798522026,0.9797824798522026,0.0,0.0,1,0,0.0,0.9797824798522026,0.02021752014779743,0.0,0.0,0.02021752014779743,0.9797824798522026,0.9797824798522026,1.0,0.9797824798522026,16,3,2022,3,26,5,0,0,2,1,0,1,GRAVE_LESIONADOS,1
6,1,2,0,4,0,-14.580505678918794,-73.53092514065595,2,4,0,0,2,1,0,0,6608.229681293426,2.0,2,1,1.0,10,31,1478.3776890754211,0.5423474917910034,77.54859239672159,68.40468134420598,7.471693693775228,946.8134206556883,8146.220205012608,10468.907584570205,1623.5826330162581,1576.2236051223692,7269.101346431577,2627.729408590737,7841.178175979468,25.179791769291406,5,1,0,0,3,54.30467984801926,48.26783965261546,60.34152004342307,1.0,0.0,0.0,0.6707600217115339,1,0,0.0,0.0,0.0,0.6707600217115339,0.0,0.6707600217115339,1.0,0.0,0.3292399782884661,0.0,5,0,2024,7,19,4,0,0,0,1,0,1,GRAVE_LESIONADOS,1
4,1,3,0,4,0,-16.405422347889626,-71.60762490803843,3,4,0,0,2,1,1,0,6594.726802743647,2.0,2,1,1.0,11,31,1419.840007745739,0.6074006165571183,77.94757883024361,71.57082382152377,8.662617862138006,1104.0276696115611,7895.548898428247,10322.272,1495.236,1749.739,7077.2970000000005,2886.595,7435.677000000001,27.964725207783708,28,1,0,0,27,43.67578988135469,37.307177218797584,50.044402543911794,1.0,0.0,0.0,0.5307177218797586,1,0,0.0,0.5307177218797586,0.5307177218797586,0.46928227812024137,0.0,0.46928227812024137,0.5307177218797586,0.0,0.0,0.0,6,1,2023,6,16,3,0,0,0,1,0,1,GRAVE_LESIONADOS,1
3,2,20,2,4,1,-15.825430371055564,-70.01981545366102,0,0,4,0,2,0,0,2,6905.34642751766,2.0,3,2,1.0,12,23,1198.0,0.6488901960567479,69.67312345830231,82.12448375199249,11.701623814093702,1230.336353415943,144745.3597430407,13642.312999999998,2020.7790000000005,2354.117,9267.416999999998,3314.0520000000006,10328.260999999997,24.29244952817019,5,2,0,0,3,35.06042032364031,29.959719784239795,40.16112086304082,1.0,0.0,0.0,0.0,2,0,0.0,0.0,1.0,1.0,0.34676007192006864,1.0,0.6532399280799314,0.0,0.34676007192006864,0.0,8,1,2022,9,7,3,0,0,2,1,0,1,GRAVE_LESIONADOS,1
9,1,10,0,4,2,-14.216002629875703,-75.76554612268453,4,4,2,1,6,2,2,1,6543.555,2.0,4,4,1.0,14,33,1198.0,0.5654815161308706,77.59001097139694,69.84299937555913,8.546903581933897,936.0509656420242,28063.834493128907,3685.4425872997617,672.9889346093192,737.2792511767364,2275.174401513706,1047.9269341499987,2637.515653149763,28.355784880585247,5,1,0,0,4,51.41765005137052,50.936065284396335,51.89923481834471,1.0,0.0,0.8624043522930891,0.8624043522930891,1,0,0.0,0.1375956477069109,0.0,1.0,0.0,0.0,1.0,0.0,0.0,0.0,1,0,2021,7,26,5,0,1,0,1,0,1,GRAVE_LESIONADOS,1
3,1,19,0,4,2,-5.381782473858454,-80.75145080840802,5,4,6,1,5,2,2,0,6543.555,2.0,4,4,1.0,14,33,1198.0,0.4609110764073315,76.61047611140701,60.66087707990904,6.5064527971073405,662.5819412295051,42684.79202630214,8965.846000060003,1782.4120000599992,636.9959999999999,6546.438000000004,2214.505000059999,6751.341000000004,24.699342371541725,4,1,0,0,3,37.072866153671235,33.939621545808144,40.206110761534326,1.0,1.0,0.0,0.14573230734246934,1,0,0.0,0.8542676926575307,0.14573230734246934,0.0,1.0,0.0,0.0,1.0,1.0,1.0,21,2,2022,6,11,6,1,0,0,1,0,1,GRAVE_LESIONADOS,1
3,3,9,1,4,1,-9.845849728028295,-76.3507585769271,0,1,7,1,2,2,2,2,9861.253907536156,2.0,2,0,1.0,9,32,3771.30191270677,0.6170045596315029,73.92353849679944,81.60962717062424,9.732821507725774,1089.8178338990192,39133.634327861706,8225.934684949878,1343.4899935883054,788.5206594731034,6093.924031888469,1085.609574355737,7140.325110594141,13.17375305306781,7,3,0,0,3,32.122659376942536,23.82158636081085,51.178413639189145,1.0,1.0,0.0,1.0,3,0,0.0,0.0,1.0,0.9776982951013564,1.0,0.9776982951013564,0.0,1.0,1.0,1.0,21,2,2022,1,26,3,0,1,1,1,0,1,GRAVE_LESIONADOS,1
3,2,3,0,4,1,-16.052105702848067,-71.34054711452079,0,4,3,0,2,0,1,0,1504.4250000000002,2.0,2,0,1.0,7,25,241.0,0.4685280505645348,81.83746865987648,70.74305753660312,6.037751599761188,617.4715908037651,1751.8736616702354,10322.272,1495.236,1749.739,7077.2970000000005,2886.595,7435.677000000001,27.964725207783708,4,2,0,0,2,52.05683452041561,44.752081959190896,59.36158708164032,1.0,0.390494877550569,0.0,0.390494877550569,2,0,0.0,0.609505122449431,0.0,1.0,0.0,1.0,0.609505122449431,0.0,0.390494877550569,0.0,7,1,2022,9,10,6,1,0,0,1,0,1,GRAVE_LESIONADOS,1
3,1,14,2,2,4,-11.995888035005038,-77.05190903214638,0,1,7,1,2,2,2,0,6543.555,2.0,4,4,1.0,14,33,1198.0,0.7145239229174254,80.11459011268896,76.92625845804876,9.99320878082007,1513.3854242539046,229546.75522472354,7626.313,1683.4029999999998,1599.0829999999996,4343.827000000001,1814.875,5811.438000000001,23.797541485643197,7,2,0,0,4,37.023077233765264,33.31049001888861,40.73566444864191,1.0,0.0,0.0,0.0,2,0,0.0,0.0,1.0,0.0,0.3678322243209564,0.0,1.0,0.0,0.0,0.0,10,2,2021,8,18,1,0,1,0,1,0,1,GRAVE_LESIONADOS,1
4,2,10,0,4,1,-13.356698077824424,-76.22022976915257,0,4,7,1,2,2,2,1,6639.975,2.0,2,0,1.0,9,31,1616.0,0.5736744275518083,81.67473861808857,68.1608574885675,9.138785887908334,865.1176766860625,26660.92933618844,3721.461,698.1859999999996,744.866,2278.409,1102.9029999999996,2618.558,29.636290693359403,10,2,0,0,8,39.72888103150943,35.975864036010776,43.481898027008086,1.0,0.0,0.0,0.0,2,0,0.0,1.0,0.0,0.0,0.0,0.5843389984995508,1.0,0.5843389984995508,0.5843389984995508,0.0,18,2,2022,7,4,1,0,0,0,1,0,1,GRAVE_LESIONADOS,1
5,1,4,2,3,4,-14.700223625286483,-72.93701195474753,0,0,5,0,6,2,2,0,6543.555,2.0,4,4,1.0,14,33,1198.0,0.6563801686523568,78.60529428261083,78.97075191442501,10.988543671244386,1133.822580660674,97754.46759101197,9169.637968188727,1330.6066995230244,1571.700336020034,6267.330932645669,2519.899623492,6649.738344696727,26.68240153030561,11,1,0,0,10,37.82428517453143,37.65632591375021,37.99224443531266,1.0,0.832040739218776,0.0,0.16795926078122403,1,0,0.0,0.16795926078122403,0.0,1.0,1.0,0.0,0.16795926078122403,0.832040739218776,1.0,0.16795926078122403,15,2,2022,9,22,5,0,1,0,1,0,1,GRAVE_LESIONADOS,1
3,2,10,0,4,1,-14.92116597905911,-74.99176374415457,0,4,2,1,2,1,0,1,6639.975,2.0,2,0,1.0,9,31,1616.0,0.5563774842369664,77.00938809632027,69.10246351364754,8.476961866273152,914.8835608305218,27932.19700214133,3721.461,698.1859999999996,744.866,2278.409,1102.9029999999996,2618.558,29.636290693359403,5,2,0,0,3,45.30983977152768,27.929519314583036,62.69016022847232,1.0,0.6901602284723217,0.0,0.6901602284723217,2,0,0.0,0.3098397715276783,0.0,1.0,0.0,1.0,0.3098397715276783,0.6901602284723217,0.6901602284723217,0.0,5,0,2021,4,20,3,0,1,0,1,0,1,GRAVE_LESIONADOS,1
3,2,13,0,3,2,-11.33569092671915,-77.40811753460677,1,3,0,0,2,1,1,1,6543.555,2.0,4,4,1.0,14,33,1198.0,0.7244696986878763,78.10645757193164,76.09478500037284,13.459731436493147,1377.718960613076,61840.167289106386,7403.927034315932,1627.293720069964,1550.4343258764357,4226.198988369533,1774.3273478072877,5629.599686508645,24.130065197411287,8,2,0,0,6,44.90536669785337,35.917927402114785,53.89280599359194,1.0,0.05695118936237986,0.05695118936237986,1.0,2,0,0.0,0.0,0.9430488106376201,0.05695118936237986,0.05695118936237986,0.05695118936237986,0.9430488106376201,0.0,0.05695118936237986,0.05695118936237986,7,1,2023,9,12,2,0,0,0,1,0,1,GRAVE_LESIONADOS,1
3,1,5,0,4,0,-14.531885493114876,-73.24798444950447,0,4,5,1,1,2,2,0,6543.555,2.0,4,4,1.0,14,33,1198.0,0.5389119458117583,75.81997832553613,63.67539674331282,7.6146491713545545,981.2589052168987,35687.911787715726,10078.612007440122,1546.822523733024,1549.852717141185,6981.936766565913,2765.8649016443255,7312.7471057957955,27.378151994339646,5,1,0,0,3,31.8501133120478,30.209380964792082,33.49084565930352,1.0,0.0,0.8203661736278592,1.0,1,0,0.0,0.8203661736278592,0.17963382637214076,0.8203661736278592,0.0,0.8203661736278592,0.17963382637214076,0.0,0.17963382637214076,0.0,4,0,2022,8,23,6,1,0,0,1,0,1,GRAVE_LESIONADOS,1
6,1,12,0,4,0,-7.758435229273202,-78.69700269278425,0,4,4,1,1,2,2,0,6543.555,2.662722423368178,2,1,1.0,4,31,1381.5741112729852,0.5648074852511977,75.76975794323226,65.61111899350347,8.411522671060109,994.5009327038198,8759.903552329755,8931.828000000005,1335.5899999999997,1935.9830000000004,5660.255000000005,1219.309,7712.519000000005,13.651281686122925,5,1,0,0,4,30.31361211684089,30.31361211684089,30.31361211684089,1.0,0.0,0.0,0.0,1,0,0.0,0.33727757663182223,0.0,0.6627224233681778,0.0,0.6627224233681778,0.33727757663182223,0.0,0.6627224233681778,0.0,17,2,2022,2,5,4,0,0,0,1,0,1,GRAVE_LESIONADOS,1
3,2,3,0,4,1,-16.019108458416543,-71.28363179378877,0,4,0,0,2,2,2,0,1504.4250000000002,2.0,2,0,1.0,7,25,241.0,0.4685280505645348,81.83746865987648,70.74305753660312,6.037751599761188,617.4715908037651,1751.8736616702354,10322.272,1495.236,1749.739,7077.2970000000005,2886.595,7435.677000000001,27.964725207783708,5,2,0,0,3,37.016315201041294,29.983684798958706,44.04894560312388,1.0,0.0,0.0,0.6721050670137647,2,0,0.0,0.6721050670137647,0.0,1.0,0.0,1.0,1.0,0.0,0.0,0.0,15,3,2022,8,19,4,0,0,0,1,0,1,GRAVE_LESIONADOS,1
6,1,8,0,4,1,-13.600878483112751,-75.30110086796057,1,4,0,0,2,1,1,0,1679.5849999999998,2.0,2,3,1.0,9,24,315.0,0.5258594244692153,73.82156528983522,52.91202227434253,8.902806700766412,891.2832603689374,2062.0406852248398,8511.426,1445.3929999999996,2008.516,5057.516999999999,1879.579,6631.846999999998,22.08300935706896,4,1,0,0,3,22.791708067130447,22.791708067130447,22.791708067130447,1.0,0.7478048385720818,0.0,0.0,1,0,0.0,0.0,0.0,1.0,0.0,1.0,0.0,0.0,0.0,0.0,16,3,2022,3,6,3,0,0,2,1,0,1,GRAVE_LESIONADOS,1
3,2,11,0,4,1,-11.017249264686347,-75.71604938643875,0,4,4,0,2,2,2,2,6020.272510167307,2.0,3,1,0.324750608967202,10,32,635.5172572696792,0.5421358802546228,78.21042779789217,60.815487837248575,9.128157646168976,869.8593099860548,61679.43525126214,10758.276333468837,1780.0048531305426,1265.8177145521086,7712.453765786185,1662.0397280830273,9096.23660538581,16.47427310908008,9,2,0,0,7,45.487125913450804,41.051496346196785,49.922755480704815,1.0,0.0,0.0,0.324750608967202,2,0,0.0,0.675249391032798,1.0,0.0,0.0,0.0,1.0,0.0,0.0,0.0,9,1,2022,9,4,4,0,0,1,1,0,1,GRAVE_LESIONADOS,1
3,1,7,0,4,1,-13.478807116371298,-72.29526415658289,0,0,1,1,2,1,1,2,7586.903,2.0,2,0,1.0,9,5,1198.0,0.3676672904829168,70.06646789036685,53.62595893253019,5.868855275319891,468.86061144448075,8680.72419508456,17779.13499998999,2097.3709999899997,2863.123,12818.640999999989,2878.713,14900.421999989989,16.19152450331032,6,2,0,0,3,30.060623365010922,26.652015074200598,34.46044070034161,1.0,0.0,0.0,0.0,2,0,0.16520150742005957,0.0,0.0,1.0,0.0,1.0,0.16520150742005957,0.0,0.8347984925799404,0.16520150742005957,9,1,2023,8,1,2,0,0,2,1,0,1,GRAVE_LESIONADOS,1
3,1,14,2,2,4,-11.937538624714668,-77.07765353713029,0,1,5,1,1,2,2,0,6543.555,2.0,4,4,1.0,14,33,1198.0,0.7357865293212765,80.19345197505925,77.76933020807147,10.93138214669074,1547.7910689922496,368682.75965333125,7626.313,1683.4029999999998,1599.0829999999996,4343.827000000001,1814.875,5811.438000000001,23.797541485643197,6,2,0,0,4,40.54617619684681,39.95068933423419,41.14166305945943,1.0,0.0,0.0,0.0,2,0,0.0,0.0,1.0,1.0,0.23819474504504756,1.0,0.7618052549549524,0.23819474504504756,1.0,0.23819474504504756,11,2,2022,6,22,2,0,1,0,1,0,1,GRAVE_LESIONADOS,1
5,1,8,0,4,1,-12.165217375946014,-75.27824899776107,2,4,4,1,2,1,1,2,7586.903,2.0,2,0,1.0,9,5,1198.0,0.5236139756364532,73.23125370524846,62.9238776855878,8.429128375517456,884.2765534896732,8339.190290688803,12400.85256447581,1819.4246391200672,1325.5379505110147,9255.889974844727,1883.6820202056088,10517.170544270202,15.14089635160925,9,1,0,0,8,33.40465730708209,31.26553408503615,35.54378052912803,1.0,0.0,0.0,0.32909588031475956,1,0,0.0,0.32909588031475956,0.32909588031475956,0.6709041196852404,0.0,0.6709041196852404,0.32909588031475956,0.0,0.0,0.0,9,0,2023,7,6,5,1,0,2,1,0,1,GRAVE_LESIONADOS,1
3,2,10,0,4,1,-12.08624555325795,-75.85581932872397,0,4,0,0,2,1,0,2,1166.6269985065815,1.4660434530650661,1,0,0.0,9,25,397.38246407563224,0.4862268847351371,74.19526238199504,56.81576756953952,6.705876741064882,880.2876471953298,24710.350171604234,8098.92488112722,1556.316002264016,1817.7024308812106,4724.906447981993,1849.424124412878,6249.500756714341,22.882055830660697,7,2,0,0,5,33.02928244492293,25.805608922414404,40.252955967431454,1.0,0.0,0.0,1.0,2,0,0.0,1.0,0.0,0.0,0.5339565469349339,0.4660434530650661,1.0,0.0,0.0,0.0,11,1,2024,7,8,2,0,0,1,1,0,1,GRAVE_LESIONADOS,1
5,1,20,0,4,1,-15.79194713729565,-70.03246762862594,0,3,0,1,2,0,0,2,7522.548986264926,2.0,2,0,1.0,9,6,1198.0,0.6488901960567479,69.67312345830231,82.12448375199249,11.701623814093702,1230.336353415943,144745.3597430407,13642.312999999998,2020.7790000000005,2354.117,9267.416999999998,3314.0520000000006,10328.260999999997,24.29244952817019,4,1,0,0,2,25.52428251815131,25.37008177751857,25.67848325878405,1.0,0.0,0.0,0.0,1,0,0.0,0.0,0.06168029625309546,0.06168029625309546,0.0,0.06168029625309546,1.0,0.0,0.9383197037469045,0.0,6,1,2021,4,13,2,0,0,2,1,0,1,GRAVE_LESIONADOS,1
3,1,20,0,4,1,-15.707878231171579,-70.00183325507437,0,4,1,1,3,2,2,1,7369.108401091155,2.0,2,0,1.0,10,10,1198.0,0.34570986236693607,70.53874716799879,72.7706055427789,6.473332346867899,311.7423732511491,5833.589686091964,13642.312999999998,2020.7790000000005,2354.117,9267.416999999998,3314.0520000000006,10328.260999999997,24.29244952817019,22,1,0,0,21,33.41749176479726,32.626237647195886,34.20874588239863,1.0,0.20874588239862923,0.0,0.20874588239862923,1,0,0.0,0.7912541176013708,0.7912541176013708,0.20874588239862923,0.0,0.0,1.0,0.0,0.0,0.0,12,3,2022,9,7,3,0,0,2,1,0,1,GRAVE_LESIONADOS,1
7,1,16,0,4,1,-15.983381331929486,-72.6901766123093,0,4,3,0,4,2,2,2,6590.39781828532,2.0,3,2,1.0,11,32,1401.0729936036469,0.41260530199698053,76.29527554417825,75.865806728633,7.645052801482228,504.7476388491479,1193.3070097102425,3170.831892457454,663.4722033903417,612.4622230093471,1894.8974660577646,1085.3175489335842,2085.5143435238692,35.129466954451125,13,1,0,0,12,45.287308382905984,45.287308382905984,45.287308382905984,1.0,0.0,0.0,0.5141794411396009,1,0,0.0,0.5141794411396009,0.4858205588603991,0.0,0.0,0.0,1.0,0.0,0.0,0.0,8,1,2024,1,19,3,0,0,0,1,0,1,GRAVE_LESIONADOS,1
3,1,19,2,2,4,-15.540247402979887,-70.6043652353678,0,0,7,1,2,0,1,1,6543.555,2.0,4,4,1.0,14,33,1198.0,0.6486684232519114,70.34763891181726,81.15881507220753,11.49334157504845,1234.5399472026718,144421.4326161628,13125.095008560262,1991.7735250864412,2289.203906757196,8844.117576716624,3185.1621534653177,9939.932855094943,24.249900435134425,12,2,0,0,10,36.48415758832473,33.656105058883156,39.312210117766305,1.0,0.0859737352792116,0.0,0.0,2,0,0.0,0.0,1.0,0.9140262647207884,0.0859737352792116,0.9140262647207884,1.0,0.0859737352792116,0.0859737352792116,0.0859737352792116,15,2,2021,9,11,5,0,0,1,1,0,1,GRAVE_LESIONADOS,1
5,1,12,0,4,1,-8.336233639495788,-78.96757485050607,0,4,7,1,2,2,2,2,6558.660894341319,2.8433323548919374,2,0,1.0,1,30,1497.090137960237,0.5823317737808225,76.53343288842217,63.501455689604036,8.397443542743355,1088.983461327193,9267.397134871691,8727.296039296752,1390.0810436479703,1883.201670363094,5454.013325285688,1312.6149227264284,7414.681116570324,15.24087231556837,8,1,0,0,6,58.769973582082315,56.88996184078556,60.64998532337906,1.0,0.0,0.0,0.0,1,0,0.0,0.15666764510806253,0.15666764510806253,0.8433323548919375,0.0,0.8433323548919375,0.15666764510806253,0.0,0.8433323548919375,0.0,14,2,2023,3,10,5,0,0,0,1,0,1,GRAVE_LESIONADOS,1
3,1,15,0,4,0,-6.497302148995045,-79.079748137003,0,4,5,0,2,2,2,0,6543.555,2.7180062101076476,2,1,1.0,3,30,1396.8877201998184,0.5470338668947337,74.06641714450156,65.09605872160968,9.039244848214075,895.2327858402235,81539.76108916153,4075.972918151291,599.664084880764,767.4370286806355,2708.871804589892,790.7874565499136,3285.1854616013775,19.65937099325219,13,1,0,0,12,49.026043470753535,37.53794410903117,60.5141428324759,1.0,0.7180062101076479,0.0,0.7180062101076479,1,0,0.0,0.0,0.7180062101076479,0.28199378989235213,0.0,0.0,1.0,0.0,1.0,0.0,5,0,2021,9,26,3,0,1,0,1,0,1,GRAVE_LESIONADOS,1
5,1,3,2,3,4,-15.7599519160145,-72.01206343053818,0,0,6,0,6,2,2,0,6543.555,2.0,4,4,1.0,14,33,1198.0,0.6679906383811395,78.31429149270026,79.73864426948495,11.173249604199155,1177.5373741816677,97868.6166457554,9935.45349915262,1439.9871894942178,1689.9900708577816,6805.476238800619,2763.5337751066195,7171.919724045998,27.534383478463333,12,1,0,0,11,38.605435694539466,38.54906936518796,38.66180202389097,1.0,0.9436336706484948,0.0,0.05636632935150521,1,0,0.0,0.05636632935150521,0.0,1.0,1.0,0.0,0.05636632935150521,0.9436336706484948,1.0,0.05636632935150521,16,2,2022,9,22,5,0,1,0,1,0,1,GRAVE_LESIONADOS,1
3,1,9,0,3,1,-10.42819427485476,-76.20747231909176,0,3,5,1,2,1,1,1,8896.749648959492,2.0,2,1,1.0,10,32,3023.204896497319,0.46278309923446165,74.06750702740108,62.07477587360194,6.576833225337061,714.0240243120927,71125.85878980806,9358.045101403757,1384.5267823304666,1878.8930504343646,6094.625268638926,1730.387336222861,7627.657765180897,18.038825815126756,7,2,0,0,5,34.08040071789208,29.467334529820135,38.69346690596403,1.0,0.30653309403597284,0.0,0.30653309403597284,2,0,0.0,1.0,0.30653309403597284,0.0,0.30653309403597284,0.0,1.0,0.0,1.0,0.0,5,0,2022,7,5,2,0,0,0,1,0,1,GRAVE_LESIONADOS,1
3,1,10,0,4,0,-11.932741591894128,-75.62854611131192,0,4,6,0,2,2,2,1,7524.720890947007,2.0,2,0,1.0,9,6,1198.0,0.45493911859289404,68.62131902200947,55.70097178779418,7.0780996462464785,736.9831911056389,1387.7892865535978,12289.23003642547,1825.1891853526877,1145.38038464959,9318.66046642319,1641.9863737017536,10647.243662723717,13.34861944007972,4,1,0,0,3,37.29140480291765,34.94040137226219,39.642408233573114,1.0,0.0,0.0,0.0,1,0,0.0,0.059598627737814436,0.9404013722621856,0.9404013722621856,0.0,0.9404013722621856,1.0,0.0,0.059598627737814436,0.0,15,3,2022,6,26,1,0,0,2,1,0,1,GRAVE_LESIONADOS,1
4,1,19,2,3,2,-5.1794576591659,-80.62466188102448,0,2,7,1,2,1,1,0,6543.555,2.554512555690965,2,1,1.0,6,31,1351.5999779263973,0.6381735185671724,79.55092247723053,74.76774067520645,10.607539492940523,1071.3535124627347,168333.8848964749,8965.846000060003,1782.4120000599992,636.9959999999999,6546.438000000004,2214.505000059999,6751.341000000004,24.699342371541725,5,2,0,0,3,46.09494461320996,40.08086411503798,52.10902511138193,1.0,0.445487444309035,0.0,0.554512555690965,2,0,0.554512555690965,0.0,0.554512555690965,0.445487444309035,1.0,0.0,0.0,0.445487444309035,0.554512555690965,0.554512555690965,12,0,2022,3,13,4,0,0,0,1,0,1,GRAVE_LESIONADOS,1
5,1,16,0,4,1,-9.381835318055069,-77.19890717276385,0,4,7,0,2,1,0,0,7029.201035904734,2.6002186110619694,2,0,1.0,3,26,1738.0561539212242,0.6021425467740686,76.98847895479413,63.82626766328282,7.603776074095715,1255.0930892843512,22200.635212608235,6834.2753072079195,1336.2620258876066,1345.70755241191,4152.305728908403,1494.4626099892255,5339.812697218695,21.460540366686136,5,1,0,0,4,29.800655833185907,29.800655833185907,29.800655833185907,1.0,0.3997813889380306,0.0,0.6002186110619694,1,0,0.3997813889380306,0.0,0.0,1.0,0.3997813889380306,0.6002186110619694,0.0,0.3997813889380306,0.3997813889380306,0.3997813889380306,18,2,2025,2,18,2,0,0,0,1,0,1,GRAVE_LESIONADOS,1
3,1,3,0,4,1,-15.865147929476821,-71.13016508129606,0,4,0,1,2,0,1,0,1504.4250000000002,2.0,2,0,1.0,7,25,241.0,0.4498224071382834,81.63336343193146,58.84842497065013,5.774685730039019,620.6584683449911,1358.612419700214,10322.272,1495.236,1749.739,7077.2970000000005,2886.595,7435.677000000001,27.964725207783708,5,2,0,0,3,34.01151447268687,21.092115781494957,46.930913163878785,1.0,0.0,0.0,0.023028945373739118,2,0,0.0,0.0,0.023028945373739118,1.0,0.0,0.9769710546262609,1.0,0.0,0.0,0.0,5,0,2022,3,15,2,0,0,0,1,0,1,GRAVE_LESIONADOS,1