CLASE SINIESTRO,CANTIDAD DE VEHICULOS DAÑADOS,DEPARTAMENTO,ZONA,TIPO DE VÍA,RED VIAL,COORDENADAS LATITUD,COORDENADAS  LONGITUD,CONDICIÓN CLIMÁTICA,ZONIFICACIÓN,CARACTERÍSTICAS DE VÍA,PERFIL LONGITUDINAL VÍA,SUPERFICIE DE CALZADA,¿EXISTE SEÑAL VERTICAL?,¿EXISTE SEÑAL HORIZONTAL?,CAUSA FACTOR PRINCIPAL,MTC_RVN_LONGITUD_KM,MTC_RVN_N_CARRILES_MEDIANA,MTC_RVN_SUPERFICIE_DOMINANTE,MTC_RVN_ESTADO_DOMINANTE,MTC_RVN_ES_CONCESIONADA,MTC_RVN_CONCESION_PRINCIPAL,MTC_RVN_CORREDOR_LOGISTICO,MTC_RVN_N_TRAMOS,IDH_2019,IDH_ESP_VIDA_2019,IDH_EDUC_SECUND_PCT_2019,IDH_ANIOS_EDUC_2019,IDH_INGRESO_PERCAP_2019,IDH_POBLACION_2019,MTC_DEP_RED_TOTAL_KM,MTC_DEP_NACIONAL_TOTAL_KM,MTC_DEP_DEPARTAMENTAL_TOTAL_KM,MTC_DEP_VECINAL_TOTAL_KM,MTC_DEP_PAV_TOTAL_KM,MTC_DEP_NO_PAV_TOTAL_KM,MTC_DEP_PCT_PAVIMENTADA,PER_TOTAL_PERSONAS,PER_N_CONDUCTORES,PER_N_CONDUCTORES_FUGADOS,PER_N_PEATONES,PER_N_PASAJEROS_OCUPANTES,PER_EDAD_COND_PROM,PER_EDAD_COND_MIN,PER_EDAD_COND_MAX,PER_ANY_COND_MASCULINO,PER_ANY_LIC_PROBLEMA,PER_ANY_DOSAJE_POS,PER_ANY_DOSAJE_EVALUADO,VEH_TOTAL,VEH_N_FUGADOS,VEH_ANY_FUGADO,VEH_ANY_CARGA,VEH_ANY_PUBLICO,VEH_ANY_PARTICULAR,VEH_ANY_MOTO,VEH_ANY_AUTO,VEH_ANY_CAMION_BUS,VEH_ANY_SOAT_PROBLEMA,VEH_ANY_CITV_PROBLEMA,VEH_ANY_SEGURO_PROBLEMA,HORA_NUM,FRANJA_HORARIA,ANIO,MES,DIA_MES,DIA_SEMANA,ES_FIN_SEMANA,ES_QUINCENA,REGION_NATURAL,TIENE_SEÑALIZACION,ES_VIA_MULTICARRIL,ES_DEPTO_BAJO_PAVIMENTO,CATEGORIA_SEVERIDAD,CATEGORIA_SEVERIDAD_ENC
6,1,12,0,4,1,-7.71719264795426,-79.28296857499285,0,4,7,1,2,2,2,0,6543.555,3.0,2,0,1.0,0,30,1475.0,0.5947026270412477,77.17506543782588,72.26021238742464,8.823742922532306,1034.393445206555,8783.933539478834,8931.828000000005,1335.5899999999997,1935.9830000000004,5660.255000000005,1219.309,7712.519000000005,13.651281686122925,6,1,0,0,5,43.09399644720793,43.09399644720793,43.09399644720793,1.0,0.0,0.0,0.0,1,0,0.0,0.0,0.0,1.0,0.0,1.0,0.0,0.0,1.0,0.0,17,2,2023,1,8,6,1,0,0,1,1,1,GRAVE_LESIONADOS,1
6,1,5,0,4,2,-7.021109087125422,-78.36410623727622,0,4,4,0,1,2,2,0,6543.555,2.0,4,4,1.0,14,33,1198.0,0.27994197145065436,76.67055465792195,44.488028357492,3.5864593686578896,301.28398625349416,20771.296138028192,15935.565011852366,1733.9250000199986,935.692,13265.948011832368,2000.1670000199988,13935.398011832369,12.551591352627522,5,1,0,0,4,39.061573137721496,39.061573137721496,39.061573137721496,1.0,0.0,0.0,0.0307865688607466,1,0,0.0,0.0,0.0,1.0,0.0,0.9692134311392534,0.0307865688607466,0.0,0.0307865688607466,0.0,14,3,2022,7,9,5,0,0,2,1,0,1,GRAVE_LESIONADOS,1
5,1,13,1,4,1,-14.646780716617997,-74.51651679125337,0,4,0,0,2,1,1,0,6570.185936277286,2.0,3,2,1.0,12,32,1313.4504393684413,0.6212342120238002,79.92028539117767,69.36561391856642,10.477995669934112,1040.2907652155216,67793.0804360292,3425.684431663084,679.5390968586562,673.743833996243,2072.401500808185,1093.4567787635401,2332.227652899544,32.587011607890744,5,1,0,0,3,28.933380563586336,26.447605553261045,31.419155573911627,1.0,0.2761972233694767,0.0,1.0,1,0,0.0,0.0,0.0,1.0,0.0,1.0,0.2761972233694767,0.0,0.0,0.0,5,0,2023,7,6,0,0,0,0,1,0,1,GRAVE_LESIONADOS,1
3,1,14,2,3,1,-11.998075360936173,-76.85453885114573,0,0,6,1,2,2,2,5,1411.4625818647237,2.0,2,0,1.0,4,15,254.5016227928129,0.6881971250245694,79.62410845664172,76.01003793040293,9.28997913164265,1429.15953193067,728913.2404367448,7626.313,1683.4029999999998,1599.0829999999996,4343.827000000001,1814.875,5811.438000000001,23.797541485643197,9,1,0,0,7,25.512500925801348,22.796094849389103,28.228907002213596,1.0,0.9054686921374157,0.0,0.0,1,0,0.0,0.9054686921374157,1.0,0.0,0.0,0.0,1.0,0.09453130786258435,0.09453130786258435,0.09453130786258435,17,1,2023,3,21,2,0,1,0,1,0,1,GRAVE_LESIONADOS,1
5,1,4,1,4,2,-8.45253811150641,-76.64069866967395,0,4,0,0,5,2,2,0,6563.2651523148315,2.0,3,3,1.0,12,32,1283.4474555859715,0.3363050329736039,73.39369849784707,31.084577192609643,5.2480191997653,499.8117427332061,2107.362653833836,3647.561345832258,1047.913470844135,565.0549804541646,2034.592894533959,969.166159367982,2678.395186464277,27.472514327916716,5,1,0,0,3,27.102209875102837,25.569061748560287,28.635358001645386,1.0,0.0,0.0,0.20441975020567338,1,0,0.0,0.0,1.0,0.20441975020567338,0.0,0.20441975020567338,1.0,0.0,0.0,0.0,12,1,2023,8,10,5,1,0,0,1,0,1,GRAVE_LESIONADOS,1
6,1,5,0,4,2,-7.268902213835508,-78.14850838208298,0,4,2,0,1,2,2,0,6543.555,2.0,4,4,1.0,14,33,1198.0,0.26611532464202736,76.13131735095324,34.03580362366989,3.473441478108634,309.1814183627667,9265.313978856751,15935.565011852366,1733.9250000199986,935.692,13265.948011832368,2000.1670000199988,13935.398011832369,12.551591352627522,6,1,0,0,5,35.59583181563556,35.59583181563556,35.59583181563556,1.0,0.5838332726254226,0.0,0.4161667273745774,1,0,0.0,0.5838332726254226,0.4161667273745774,0.0,0.0,0.0,1.0,0.5838332726254226,0.5838332726254226,0.5838332726254226,12,2,2022,4,19,3,0,0,2,1,0,1,GRAVE_LESIONADOS,1
3,1,16,0,4,0,-5.68280112703435,-80.04034405503555,1,4,7,1,2,2,2,2,6543.555,2.328696486906484,3,2,1.0,9,32,1289.048926873096,0.49972701647039075,79.3721137122707,65.2264517154177,8.379676678345065,680.9283631894489,10340.46155039423,2654.19067615184,391.2788473888611,557.5075372664587,1705.4042914965203,563.2044058233528,2090.9862703284875,22.66946127242743,8,2,0,0,6,33.930447303597255,31.916536764316707,35.94435784287781,1.0,0.3286964869064837,0.0,1.0,2,0,0.0,0.0,1.0,1.0,0.3286964869064837,1.0,0.6713035130935163,0.3286964869064837,0.3286964869064837,0.3286964869064837,19,2,2022,3,6,1,0,0,0,1,0,1,GRAVE_LESIONADOS,1
1,2,10,0,4,1,-13.411669264669339,-76.22040706696458,0,4,6,1,2,1,1,3,216.33540278518421,-0.9705753677550151,2,0,1.0,12,30,16.45161519075259,0.5922435320663435,79.77614208856679,65.31235530409992,9.532987979910988,975.7096864928305,5337.719377836094,3718.89350467241,696.3898812149228,744.3251948757587,2278.1784285817284,1098.9841490119265,2619.909355660483,29.545012581838748,5,2,0,0,2,45.995095894625834,42.97057536775502,49.01961642149666,1.0,0.0,0.0,0.009808210748328272,2,0,0.0,0.0,0.0,0.9901917892516717,0.0,1.0,0.0,0.0,0.0,0.0,18,1,2021,1,28,3,0,1,0,1,0,1,GRAVE_LESIONADOS,1
5,1,18,0,4,1,-6.020608957904445,-79.49644336648272,0,4,6,0,2,1,1,2,809.6350601455565,2.0,1,0,1.0,2,31,140.40712099379294,0.44654006937486496,74.89647195533576,57.687755914946926,6.231216728515201,664.5809501080435,7370.151725984715,8924.64733379415,1751.8571536472307,761.3408676323276,6411.449312514591,2184.1399093984805,6740.507424395669,24.462140156213692,4,1,0,0,3,41.72529670807471,40.90933791149066,42.54125550465875,0.09066208850933832,0.9093379114906617,0.0,1.0,1,0,0.0,1.0,0.0,0.09066208850933832,0.9093379114906617,0.0,0.09066208850933832,0.9093379114906617,0.9093379114906617,0.0,14,3,2021,1,19,2,0,0,0,1,0,1,GRAVE_LESIONADOS,1
5,1,15,0,3,1,-15.04001284780879,-70.65681518537305,0,3,0,1,2,0,1,2,7239.723557464833,2.0,2,1,1.0,10,14,1198.0,0.6594515402454357,72.28237475301346,82.3026733099032,11.482929288754748,1235.3945265678487,140251.64579891416,15018.861913520454,2046.2653840819955,2523.4913787567093,10449.105150681748,3169.1906964523664,11849.671217068086,21.596824833293667,4,1,0,0,3,31.488725841651828,27.662041370934084,35.31541031236958,1.0,0.33275517136676047,0.0,0.0,1,0,0.0,0.0,0.0,0.33275517136676047,0.0,0.33275517136676047,1.0,0.0,1.0,0.0,10,1,2021,5,16,2,0,0,2,1,0,1,GRAVE_LESIONADOS,1
3,1,12,0,4,1,-7.703229307588528,-78.9237125122025,0,4,5,1,1,2,2,2,6543.555,2.0,4,4,1.0,14,33,1198.0,0.534475814795047,75.41755182578649,56.91727695277476,7.6204639104174134,965.3786352226606,9446.152050706516,8931.828000000005,1335.5899999999997,1935.9830000000004,5660.255000000005,1219.309,7712.519000000005,13.651281686122925,4,1,0,0,2,24.85019308371178,24.85019308371178,24.85019308371178,1.0,0.7166023054294062,0.0,0.0,1,0,0.0,0.2833976945705938,0.0,0.7166023054294062,0.0,0.7166023054294062,0.2833976945705938,0.0,0.7166023054294062,0.0,13,3,2022,6,16,4,0,0,0,1,0,1,GRAVE_LESIONADOS,1
6,0,7,0,4,1,-11.75956499629344,-75.4686199641714,1,4,7,1,2,2,2,0,6919.065964902613,2.64009039658617,2,0,1.0,3,21,1375.3050398543692,0.5720627403736117,76.95275388614603,70.49397264830557,9.053380394415383,928.3116640327014,24097.396813300773,11802.267540097617,1933.9084917369116,1629.9212856639936,8238.437762696713,2537.168524849796,9265.09901524782,21.228722328803798,12,1,0,0,11,27.76081356927553,27.76081356927553,27.76081356927553,1.0,0.0,0.0,0.6400903965861701,1,0,0.0,0.0,0.6400903965861701,0.35990960341382994,0.0,0.35990960341382994,0.6400903965861701,0.0,0.35990960341382994,0.0,13,1,2022,5,15,2,0,0,0,1,0,1,GRAVE_LESIONADOS,1
4,1,6,0,4,0,-12.628629376497154,-74.99921159478707,0,3,2,1,2,1,0,2,7177.517842651356,2.0,2,1,1.0,10,15,1198.0,0.5184019734071003,77.5198736648575,68.85039133791638,7.413128674521814,827.7652201660524,26748.128593097033,8071.493273859975,1439.7751120021828,1416.1968103889965,5215.521351468796,1582.6461302857656,6488.847143574209,19.751937905107244,6,1,0,0,4,22.08183457379895,18.74663496881243,25.41703417878547,1.0,0.6076235758839388,0.0,0.3923764241160612,1,0,0.0,0.0,0.0,0.3923764241160612,1.0,0.3923764241160612,0.0,0.0,0.6076235758839388,0.0,2,0,2021,8,21,0,0,1,1,1,0,1,GRAVE_LESIONADOS,1
6,1,5,0,4,1,-6.486481122680029,-78.85314180429879,0,4,6,1,2,1,1,1,9936.932,2.0,2,0,1.0,9,32,3830.0,0.3011301347839704,71.97114344661169,54.49911076138603,4.057283312480806,327.1165249840737,5264.304068522484,15935.565011852366,1733.9250000199986,935.692,13265.948011832368,2000.1670000199988,13935.398011832369,12.551591352627522,10,1,0,0,9,38.61382732843265,38.61382732843265,38.61382732843265,1.0,0.0,0.0,0.8465431678918379,1,0,0.0,0.15345683210816208,0.8465431678918379,0.0,0.0,0.0,1.0,0.0,0.0,0.0,13,2,2023,10,2,0,0,0,2,1,0,1,GRAVE_LESIONADOS,1
4,1,19,0,4,1,-5.182462178494394,-80.28135836237293,0,3,7,0,2,0,1,0,128.46331741336363,-0.37976006277928254,2,0,0.0,9,32,55.26117128254344,0.47324363866554864,75.0127413700834,61.403602629555145,6.824135956651023,708.0923792252282,75977.46356828319,8965.846000060003,1782.4120000599992,636.9959999999999,6546.438000000004,2214.505000059999,6751.341000000004,24.699342371541725,6,2,0,0,4,28.964817680121115,27.379760062779283,29.860719811662154,1.0,0.20674664574023915,0.20674664574023915,1.0,2,0,0.0,0.0,1.0,0.20674664574023915,1.0,0.20674664574023915,0.0,0.7932533542597608,1.0,1.0,16,1,2022,6,9,0,0,0,0,1,0,1,GRAVE_LESIONADOS,1
3,2,5,1,4,1,-5.665534720664095,-78.76597582392768,0,2,7,0,2,0,1,2,7758.33400008,2.0,2,0,1.0,9,20,2133.0,0.5803239946829384,74.49544278598792,68.33065356443184,8.733179344969395,1046.078117086984,102362.46895074946,15935.565011852366,1733.9250000199986,935.692,13265.948011832368,2000.1670000199988,13935.398011832369,12.551591352627522,5,2,0,0,3,39.39185210978393,37.513481687827145,41.27022253174072,1.0,1.0,0.3783704219567865,1.0,2,0,0.0,0.0,1.0,0.6216295780432135,1.0,0.0,0.0,0.3783704219567865,1.0,1.0,8,1,2023,6,10,2,0,0,2,1,0,1,GRAVE_LESIONADOS,1
6,1,2,0,4,1,-15.333064739772968,-72.84783349453542,0,4,0,0,2,0,1,0,6627.61106848097,2.0,2,0,1.0,9,31,1562.3998820270224,0.5285366462487087,77.78251241418462,54.86606417877783,7.387348017758394,969.1127318788504,1114.0684211467446,10379.382541010365,1545.2234956675884,1682.1595096318597,7151.999535710918,2785.7739474725126,7593.608593537853,26.880069966586053,38,1,0,0,37,38.845930474266034,38.845930474266034,38.845930474266034,1.0,0.0,0.0,0.0,1,0,0.0,0.0,1.0,0.0,0.0,0.12822994730377413,0.8717700526962259,0.0,0.12822994730377413,0.0,5,0,2024,1,5,4,0,0,0,1,0,1,GRAVE_LESIONADOS,1
3,1,3,1,4,1,-16.480738001923683,-71.65167474327336,0,3,7,1,2,0,1,0,886.3921377928979,1.2651808751303228,4,1,0.26518087513032285,8,30,151.085271974978,0.6749431672649194,77.05445502166197,78.14867576670031,10.931947343466199,1267.6473349833586,22299.791482347617,10322.272,1495.236,1749.739,7077.2970000000005,2886.595,7435.677000000001,27.964725207783708,10,1,0,0,8,42.84011637148129,25.93927649947871,59.74095624348386,1.0,0.26518087513032285,0.0,0.26518087513032285,1,0,0.0,0.0,0.7348191248696772,0.26518087513032285,0.0,0.26518087513032285,0.7348191248696772,0.0,0.0,0.7348191248696772,14,3,2022,3,18,1,0,0,0,1,0,1,GRAVE_LESIONADOS,1
3,1,8,0,4,1,-12.42878684031782,-75.38026469392149,1,4,1,0,2,2,2,1,1647.258364167221,1.8352455477380025,2,2,0.8352455477380024,9,25,304.78522395975614,0.285748008280757,74.40939021896082,42.21989106624801,4.7953527581157305,274.8434551978782,3354.9601189034092,8580.689101239848,1427.3024668782755,1996.5658653140806,5156.820769047492,1770.7965778049706,6809.892523434876,20.69384468301992,10,1,0,0,8,47.02294657285603,39.50573664321401,54.54015650249805,1.0,0.0,0.0,0.8352455477380024,1,0,0.0,0.8352455477380024,0.0,1.0,0.0,0.0,1.0,0.0,0.16475445226199759,0.0,14,3,2024,3,3,0,0,0,1,1,0,1,GRAVE_LESIONADOS,1
3,2,3,0,4,1,-15.997063994631977,-71.26375319130044,2,4,0,0,2,0,1,0,1504.4250000000002,2.0,2,0,1.0,7,25,241.0,0.4559408642173056,81.7001245183228,62.73905824998383,5.860732341544074,619.6160677705886,1487.2448315882632,10322.272,1495.236,1749.739,7077.2970000000005,2886.595,7435.677000000001,27.964725207783708,7,2,0,0,5,37.69163397599345,32.0,43.383267951986895,1.0,0.6729084939983614,0.0,0.0,2,0,0.0,0.6729084939983614,0.0,0.3270915060016386,0.0,0.3270915060016386,1.0,0.0,0.0,0.0,13,3,2022,3,11,5,0,0,0,1,0,1,GRAVE_LESIONADOS,1
3,1,14,2,2,4,-11.991897796918224,-76.99418421474319,0,0,7,1,2,2,2,0,6543.555,2.0,4,4,1.0,14,33,1198.0,0.6842919542574326,79.34323427944767,75.4290478003734,9.39657534672293,1410.4911074982697,235706.96166866343,7626.313,1683.4029999999998,1599.0829999999996,4343.827000000001,1814.875,5811.438000000001,23.797541485643197,5,2,0,0,2,37.68433085948315,30.48806015626966,44.880601562696626,1.0,0.0,0.0,0.0,2,0,0.0,0.0,1.0,0.4880601562696629,0.0,0.0,1.0,0.0,0.0,0.0,10,2,2021,5,19,1,0,1,0,1,0,1,GRAVE_LESIONADOS,1
6,1,8,0,4,1,-12.988005996301961,-75.62641666117952,0,4,7,0,2,0,0,0,1479.2411619408977,1.0588596648541597,1,2,0.0,9,16,295.19193655758033,0.33546813764616706,69.44857626091247,48.77525462889115,5.946164621383529,372.79149106319926,1192.5415053445472,8459.32854546194,1459.402188831938,1984.4169108397668,5015.509445790234,1875.7705442452764,6583.558001216662,22.183926143538528,4,1,0,0,3,35.76517564310407,35.76517564310407,35.76517564310407,1.0,0.9411403351458403,0.0,0.0,1,0,0.0,0.0,0.0,1.0,0.0,1.0,0.0,0.0,0.0,0.0,10,1,2021,8,2,0,0,0,1,1,0,1,GRAVE_LESIONADOS,1
8,1,13,0,4,0,-7.8689410700759685,-78.89756315180718,0,4,7,1,1,2,2,0,6543.555,2.2271490888369465,3,3,1.0,10,32,1260.920297607834,0.49463410502831306,76.51660173186336,49.04075475581342,6.5914669086784645,896.3195261382841,45350.44513172446,8939.555157717688,1437.0852101859305,1640.9192865389618,5861.550660992796,1445.3668646278022,7494.188293089886,16.160838604231095,6,1,0,0,5,53.86425455581527,53.86425455581527,53.86425455581527,1.0,0.0,0.0,0.2271490888369463,1,0,0.0,0.2271490888369463,0.7728509111630537,0.0,0.0,0.0,1.0,0.0,0.2271490888369463,0.0,13,2,2022,8,17,4,0,1,0,1,0,1,GRAVE_LESIONADOS,1
6,1,5,0,4,2,-6.912899160579647,-78.12955791518885,0,4,0,0,2,1,0,1,5069.716664139854,1.6103739826419896,2,3,0.6103739826419896,12,32,1201.89626017358,0.27981284174017307,72.29117899106811,44.506960672263965,4.5215738074166465,307.81042943605814,1471.620734707019,15935.565011852366,1733.9250000199986,935.692,13265.948011832368,2000.1670000199988,13935.398011832369,12.551591352627522,4,1,0,0,3,27.675512208296126,27.675512208296126,27.675512208296126,1.0,0.0,0.0,0.6103739826419896,1,0,0.0,0.0,0.0,1.0,0.0,1.0,0.0,0.0,0.6103739826419896,0.0,10,2,2023,4,4,1,0,0,2,1,0,1,GRAVE_LESIONADOS,1
8,1,6,0,4,2,-12.485729385508899,-74.30757305925088,0,4,4,0,5,2,2,2,6543.555,2.0,4,4,1.0,14,33,1198.0,0.4325053875108831,78.66774240190763,55.190300683940855,6.458915267776789,586.4585641024709,11803.052047528778,12515.732533136832,1813.491868181124,1510.952990661982,9191.287674293726,2132.4309849606984,10383.301548176134,16.985476643999036,6,1,0,0,5,48.73561328641446,48.73561328641446,48.73561328641446,1.0,0.6064577755435456,0.0,1.0,1,0,0.0,0.0,0.0,0.39354222445645437,0.0,0.39354222445645437,0.6064577755435456,0.6064577755435456,0.6064577755435456,0.0,6,1,2022,6,12,3,0,0,2,1,0,1,GRAVE_LESIONADOS,1
5,1,1,0,4,1,-10.383997478673091,-76.74688375476522,0,4,1,0,2,1,0,1,6567.145220417227,2.0,3,3,1.0,12,32,1300.2683274673395,0.5614637294850345,77.70340468317188,55.850619496469236,9.106770271518766,967.897335659133,5392.23348209956,10658.68183106676,1789.6875088717452,1351.6617880506756,7517.3325341443415,2292.7082559996425,8365.97357506712,21.575559915324796,7,1,0,0,6,31.42525498694439,31.42525498694439,31.42525498694439,1.0,0.0,0.0,0.0,1,0,0.2446610704960278,0.0,0.0,1.0,0.0,0.2446610704960278,0.7553389295039722,0.0,0.7553389295039722,0.0,10,2,2021,8,25,3,0,1,0,1,0,1,GRAVE_LESIONADOS,1
6,1,12,0,4,0,-7.708348907881439,-77.79777159637894,0,4,0,1,1,2,2,1,6543.555,2.098346613287295,3,3,1.0,12,32,1225.2420118805808,0.4829018656475307,72.89451054797524,45.625493800122825,6.943577039602408,895.5143651874895,9339.394240904603,8931.828000000005,1335.5899999999997,1935.9830000000004,5660.255000000005,1219.309,7712.519000000005,13.651281686122925,4,1,0,0,3,27.491733066436474,27.491733066436474,27.491733066436474,1.0,0.0,0.0,0.0,1,0,0.0,0.9016533867127051,0.0,0.09834661328729488,0.0,0.09834661328729488,0.9016533867127051,0.0,0.09834661328729488,0.0,16,2,2021,5,1,1,0,0,0,1,0,1,GRAVE_LESIONADOS,1
6,1,22,0,4,1,-17.21657487517692,-70.33653339573068,0,4,7,1,6,2,2,4,6119.698522538014,2.0,3,3,1.0,13,31,1113.642041598368,0.2481429989826909,71.8936319838742,66.11516169592916,6.573557958796227,145.52075889997272,1198.1474653181897,2650.572,630.6729999999998,487.3610000000001,1532.5379999999998,1068.7019999999998,1581.87,40.31967439480987,4,1,0,0,3,38.16905402485297,38.16905402485297,38.16905402485297,1.0,0.0,0.0,1.0,1,0,0.0,0.9154729875735151,0.0,0.08452701242648486,0.0,0.08452701242648486,0.9154729875735151,0.0,0.0,0.0,12,3,2024,1,10,2,0,0,0,1,0,1,GRAVE_LESIONADOS,1
6,1,5,0,4,2,-6.686100790851943,-78.41813318586578,1,4,1,0,1,2,2,2,6543.555,2.0,4,4,1.0,14,33,1198.0,0.25994289180318075,74.27523068147073,47.38530253978348,3.4949189798126987,269.8807759101279,8269.406742476116,15935.565011852366,1733.9250000199986,935.692,13265.948011832368,2000.1670000199988,13935.398011832369,12.551591352627522,6,1,0,0,5,40.57375881003803,37.46719851254754,42.9036790331559,0.22335992562737705,0.0,0.0,0.22335992562737705,1,0,0.0,1.0,0.0,0.0,0.0,0.0,1.0,0.0,0.776640074372623,0.0,20,2,2021,3,4,1,0,0,2,1,0,1,GRAVE_LESIONADOS,1
3,2,3,0,4,1,-16.826680036187845,-71.79462506133946,0,4,2,0,2,2,2,0,1830.4667965767776,2.0,2,0,1.0,8,30,358.2937128378168,0.6319514473455121,78.83351333237627,76.65709256439885,8.891515355419461,1193.3181482194411,1129.2143094363264,10322.272,1495.236,1749.739,7077.2970000000005,2886.595,7435.677000000001,27.964725207783708,8,2,0,0,6,29.21248127444983,27.369985019559863,31.054977529339794,1.0,0.0,0.0,0.0,2,0,0.0,0.0,0.0,1.0,0.0,1.0,0.22833083659331044,0.0,0.0,0.0,7,0,2023,3,5,1,0,0,0,1,0,1,GRAVE_LESIONADOS,1
6,1,5,0,4,1,-6.482554142820827,-78.84804217173789,0,4,6,0,2,1,1,2,9936.932,2.0,2,0,1.0,9,32,3830.0,0.30038220115855063,72.20857532675396,54.09961472501405,4.046611399663672,325.6790456790144,5257.071112879454,15935.565011852366,1733.9250000199986,935.692,13265.948011832368,2000.1670000199988,13935.398011832369,12.551591352627522,10,1,0,0,9,38.16126064527668,37.8511440197446,38.47137727080875,1.0,0.0,0.0,1.0,1,0,0.0,0.024809330042565803,0.9751906699574342,0.0,0.0,0.0,1.0,0.0,0.024809330042565803,0.0,14,2,2023,11,2,0,0,0,2,1,0,1,GRAVE_LESIONADOS,1
4,1,14,2,4,4,-12.166836897511194,-76.94235666551694,0,0,4,0,5,2,2,0,6543.555,2.0,4,4,1.0,14,33,1198.0,0.689811994580126,79.88015655965044,73.89553442371854,9.755251380104111,1409.8432274455126,452660.364025696,7626.313,1683.4029999999998,1599.0829999999996,4343.827000000001,1814.875,5811.438000000001,23.797541485643197,4,1,0,0,3,50.07019144284499,44.31358248751064,55.826800398179344,1.0,0.3837739303556238,0.0,0.0,1,0,0.0,0.0,0.6162260696443762,0.3837739303556238,0.6162260696443762,0.3837739303556238,0.0,0.6162260696443762,0.6162260696443762,0.3837739303556238,7,1,2024,9,17,2,0,0,0,1,0,1,GRAVE_LESIONADOS,1
3,1,19,2,2,4,-15.339014626845252,-70.98473037141105,0,0,7,1,2,0,1,1,6543.555,2.0,4,4,1.0,14,33,1198.0,0.6485250649431235,70.7836589853269,80.53458781907098,11.358703833680158,1237.2572330147952,144212.03974171187,12790.755112457253,1973.0238148491326,2247.24280484326,8570.488492764862,3101.8452182226283,9688.909894234625,24.22239586340586,12,2,0,0,10,36.15070689407306,33.43380459604871,38.86760919209741,1.0,0.14154885098782333,0.0,0.0,2,0,0.0,0.0,1.0,0.8584511490121767,0.14154885098782333,0.8584511490121767,1.0,0.14154885098782333,0.14154885098782333,0.14154885098782333,14,2,2021,9,11,5,0,0,1,1,0,1,GRAVE_LESIONADOS,1
6,1,12,0,4,1,-8.073350109989768,-78.29918641963285,0,4,7,0,1,2,2,6,9936.932,2.0,2,0,1.0,9,32,3830.0,0.4320883936567258,76.718936301794,43.003289188979466,6.269065613037991,662.0777072841523,13167.552462526766,8931.828000000005,1335.5899999999997,1935.9830000000004,5660.255000000005,1219.309,7712.519000000005,13.651281686122925,12,1,0,0,11,36.213022346110634,36.213022346110634,36.213022346110634,1.0,0.0,0.0,0.0,1,0,0.0,0.7103876474382981,0.2896123525617019,0.0,0.0,0.0,1.0,0.0,0.0,0.0,13,2,2022,2,9,5,0,0,0,1,0,1,GRAVE_LESIONADOS,1
3,2,15,0,4,2,-6.4601282489730645,-78.91671934871138,0,2,4,1,2,2,2,0,6543.555,2.661130586825717,2,1,1.0,4,31,1381.1331725507234,0.5456433713189004,73.93973257150145,64.73276819248206,8.937686839557648,899.8075138545258,81927.54578711161,4200.271464674672,616.7275681240693,783.1102441884373,2800.4336523621646,808.4218004240996,3391.8496642505715,19.524112176524604,10,2,0,0,8,40.66448289818436,28.900350562862904,52.42861523350582,1.0,1.0,0.0,0.6611305868257168,2,0,0.0,0.0,0.6611305868257168,0.3388694131742832,0.3388694131742832,0.0,0.6611305868257168,0.3388694131742832,1.0,0.3388694131742832,7,0,2022,8,23,3,0,1,0,1,0,1,GRAVE_LESIONADOS,1
3,1,19,0,4,1,-15.826855459548646,-70.0825388387584,0,3,0,0,1,2,2,2,686.6814893416458,1.0439716416214548,0,3,0.04397164162145484,9,32,102.39150129818725,0.4018818261524328,77.73367286098834,74.30310071146376,7.197304410874336,379.7959707819514,50764.15132062528,13743.15105561285,2008.165558715199,2291.746524233088,9443.238972664563,3256.2783196490745,10486.872735963776,23.7761847201469,9,1,0,0,7,48.258155971082,43.0,53.516311942163995,1.0,0.04397164162145484,0.0,1.0,1,0,0.0,0.0,1.0,0.9560283583785452,0.0,0.9560283583785452,1.0,1.0,0.04397164162145484,0.04397164162145484,12,2,2022,1,30,0,0,1,2,1,0,1,GRAVE_LESIONADOS,1