CLASE SINIESTRO,CANTIDAD DE VEHICULOS DAÑADOS,DEPARTAMENTO,ZONA,TIPO DE VÍA,RED VIAL,COORDENADAS LATITUD,COORDENADAS  LONGITUD,CONDICIÓN CLIMÁTICA,ZONIFICACIÓN,CARACTERÍSTICAS DE VÍA,PERFIL LONGITUDINAL VÍA,SUPERFICIE DE CALZADA,¿EXISTE SEÑAL VERTICAL?,¿EXISTE SEÑAL HORIZONTAL?,CAUSA FACTOR PRINCIPAL,MTC_RVN_LONGITUD_KM,MTC_RVN_N_CARRILES_MEDIANA,MTC_RVN_SUPERFICIE_DOMINANTE,MTC_RVN_ESTADO_DOMINANTE,MTC_RVN_ES_CONCESIONADA,MTC_RVN_CONCESION_PRINCIPAL,MTC_RVN_CORREDOR_LOGISTICO,MTC_RVN_N_TRAMOS,IDH_2019,IDH_ESP_VIDA_2019,IDH_EDUC_SECUND_PCT_2019,IDH_ANIOS_EDUC_2019,IDH_INGRESO_PERCAP_2019,IDH_POBLACION_2019,MTC_DEP_RED_TOTAL_KM,MTC_DEP_NACIONAL_TOTAL_KM,MTC_DEP_DEPARTAMENTAL_TOTAL_KM,MTC_DEP_VECINAL_TOTAL_KM,MTC_DEP_PAV_TOTAL_KM,MTC_DEP_NO_PAV_TOTAL_KM,MTC_DEP_PCT_PAVIMENTADA,PER_TOTAL_PERSONAS,PER_N_CONDUCTORES,PER_N_CONDUCTORES_FUGADOS,PER_N_PEATONES,PER_N_PASAJEROS_OCUPANTES,PER_EDAD_COND_PROM,PER_EDAD_COND_MIN,PER_EDAD_COND_MAX,PER_ANY_COND_MASCULINO,PER_ANY_LIC_PROBLEMA,PER_ANY_DOSAJE_POS,PER_ANY_DOSAJE_EVALUADO,VEH_TOTAL,VEH_N_FUGADOS,VEH_ANY_FUGADO,VEH_ANY_CARGA,VEH_ANY_PUBLICO,VEH_ANY_PARTICULAR,VEH_ANY_MOTO,VEH_ANY_AUTO,VEH_ANY_CAMION_BUS,VEH_ANY_SOAT_PROBLEMA,VEH_ANY_CITV_PROBLEMA,VEH_ANY_SEGURO_PROBLEMA,HORA_NUM,FRANJA_HORARIA,ANIO,MES,DIA_MES,DIA_SEMANA,ES_FIN_SEMANA,ES_QUINCENA,REGION_NATURAL,TIENE_SEÑALIZACION,ES_VIA_MULTICARRIL,ES_DEPTO_BAJO_PAVIMENTO,CATEGORIA_SEVERIDAD,CATEGORIA_SEVERIDAD_ENC
3,1,19,0,3,1,-14.940163083932354,-71.2918630920494,4,3,7,1,2,2,2,2,2327.8501897678507,2.0,2,0,1.0,8,26,397.3797533716797,0.6068100128591963,74.65044400638436,78.74073060246704,10.475504667678887,1010.0099124916264,235771.08226453743,12659.2611752518,1965.649662828084,2230.739747432359,8462.871764991358,3069.0771520162025,9590.184023235597,24.211578475263156,6,2,0,0,4,41.754890668696426,36.49021866260715,47.0195626747857,1.0,0.0,0.0,0.0,2,0,0.0,0.0,0.16340622086904888,0.8365937791309511,0.16340622086904888,0.8365937791309511,1.0,0.0,0.0,0.0,19,1,2021,10,24,4,0,1,1,1,0,1,GRAVE_LESIONADOS,1
3,1,11,0,4,1,-7.83001883815115,-78.62285525309059,0,4,5,0,1,2,2,0,6543.555,2.751256733708818,2,0,1.0,3,30,1406.0981152373424,0.4336417265741355,78.34515520109015,54.637017816364754,5.331894650516426,728.1341466935024,24716.373537230054,8752.04358067946,1335.0646542215927,1651.4192109032901,5765.5597155545765,1179.6468861898709,7572.396694489588,13.467104181923343,5,1,0,0,3,28.721095124697193,28.721095124697193,28.721095124697193,1.0,0.7512567337088177,0.0,0.0,1,0,0.0,0.24874326629118226,0.7512567337088177,0.7512567337088177,0.7512567337088177,0.0,0.24874326629118226,0.7512567337088177,0.24874326629118226,0.0,19,2,2021,1,13,4,0,0,0,1,0,1,GRAVE_LESIONADOS,1
4,1,11,0,4,1,-5.956396641184417,-79.21309203800162,2,4,3,0,3,2,2,1,6543.555,2.567772924508958,2,1,1.0,6,31,1355.2731000889812,0.3990091625314396,75.41176224599377,56.66975995604836,5.19709147225247,557.2726635027075,76081.8378803692,12923.063746391035,1754.8823942466222,806.5875014591276,10361.593850685287,2092.809686943887,10830.25405944715,17.802178249326136,5,1,0,0,4,46.35545849017916,41.60096065977769,51.10995632058062,1.0,0.4322270754910422,0.0,1.0,1,0,0.0,0.5677729245089578,0.0,0.0,0.4322270754910422,0.0,0.5677729245089578,0.4322270754910422,0.4322270754910422,0.0,10,1,2023,2,15,2,0,0,1,1,0,1,GRAVE_LESIONADOS,1
6,1,3,0,4,2,-13.46143084630494,-73.93914934842411,2,4,1,0,5,2,2,1,6543.555,2.0,4,4,1.0,14,33,1198.0,0.31035201914873123,72.12610463616488,56.53010450086861,5.218346887839045,337.9953046120948,2754.2776022367075,8409.596162361095,1336.5585412773703,1534.0031835912669,5539.034437492457,1581.0820853597706,6828.514077001323,18.7810500361652,5,1,0,0,4,29.354873502747623,29.354873502747623,29.354873502747623,1.0,0.6679337354557424,0.0,0.0,1,0,0.0,0.0,0.0,1.0,0.0,0.6679337354557424,0.3320662645442576,0.6679337354557424,0.6679337354557424,0.6679337354557424,19,2,2021,10,20,2,0,0,2,1,0,1,GRAVE_LESIONADOS,1
6,1,10,1,4,1,-13.960765614264949,-75.85801718023495,0,3,7,1,2,2,2,1,6639.975,2.0,2,0,1.0,9,31,1616.0,0.6053164595604621,78.88848309050202,67.63954639531094,9.133324993872453,1064.9426147896202,27932.19700214133,3721.461,698.1859999999996,744.866,2278.409,1102.9029999999996,2618.558,29.636290693359403,7,1,0,0,6,29.5587181972162,29.5587181972162,29.5587181972162,1.0,0.0,0.5705812131477467,0.5705812131477467,1,0,0.0,0.0,0.0,0.0,0.0,0.4294187868522533,0.5705812131477467,0.4294187868522533,0.0,0.4294187868522533,10,0,2021,6,10,4,0,0,0,1,0,1,GRAVE_LESIONADOS,1
3,2,11,0,4,0,-9.929948935993991,-76.7506495309819,0,3,7,1,3,2,2,2,7222.266844247185,2.0,2,1,1.0,11,25,1720.395904382053,0.5782301798944328,76.5022206973703,67.40183433167171,8.411315816934813,1047.763370517278,27186.56519149899,7951.89918064515,1487.8956343947698,1148.143033366651,5315.860512883729,1393.038351718802,6558.860828926348,17.71501392258999,4,2,0,0,2,26.750946323799518,22.441287802799945,31.060604844799094,1.0,0.5587121972000566,0.0,0.4412878027999434,2,0,0.0,0.0,0.0,1.0,1.0,0.4412878027999434,0.0,0.0,0.0,0.0,14,1,2021,3,27,3,0,1,1,1,0,1,GRAVE_LESIONADOS,1
6,1,14,2,5,4,-12.1559124693322,-76.94362745344696,0,1,6,0,6,2,2,0,6543.555,2.0,4,4,1.0,14,33,1198.0,0.692383815202195,79.92144356697666,74.09353066380947,9.794847105102523,1419.1140622564544,448202.1327431902,7626.313,1683.4029999999998,1599.0829999999996,4343.827000000001,1814.875,5811.438000000001,23.797541485643197,5,1,0,0,3,46.343720046642595,46.081208065299634,46.54060403264982,0.9343720046642596,0.0,0.0,0.0,1,0,0.0,0.0,0.9343720046642596,0.06562799533574037,0.9343720046642596,0.0,0.06562799533574037,0.9343720046642596,0.9343720046642596,0.0,5,0,2024,11,18,1,0,0,0,1,0,1,GRAVE_LESIONADOS,1
4,1,13,1,4,1,-7.707763721441361,-77.58010970278305,4,4,2,0,2,1,0,2,705.1079095017536,2.0,1,1,0.4014435492600038,6,18,198.41811279323952,0.3954766991571591,73.44248338982388,46.534268197780186,5.474739594593363,584.0314703796448,8861.014971940513,8512.865062225017,1513.6996583675766,729.7608772921353,6269.404526565305,1523.3841884029525,6989.4808738220645,17.643263957865674,5,1,0,0,3,38.30649597167002,30.22598388668007,46.387008056659965,0.5985564507399962,0.4014435492600038,0.0,0.4014435492600038,1,0,0.0,0.4014435492600038,0.0,0.5985564507399962,1.0,0.5985564507399962,0.0,0.4014435492600038,1.0,0.0,15,3,2021,2,24,4,0,1,1,1,0,1,GRAVE_LESIONADOS,1
5,1,5,0,4,1,-14.145214704628799,-74.88774186721143,0,4,1,0,2,2,2,2,1758.5502526160285,2.0,2,0,1.0,3,28,96.18783145759868,0.3780368604155537,68.49959728710402,53.55897780005756,6.0772150201432655,500.37207037401004,3963.91222257577,12581.335819197002,1810.1039035640251,1616.8359923780924,9154.395923254884,2274.4814197075175,10306.854399489483,18.038841560381158,31,1,0,0,30,50.88363103897985,49.237566291519734,52.529695786439966,1.0,0.0,0.0,1.0,1,0,0.0,0.0,0.7648478932199835,0.23515210678001652,0.0,0.0,1.0,0.0,0.0,0.0,5,0,2023,7,12,3,0,0,2,1,0,1,GRAVE_LESIONADOS,1
5,1,12,0,4,1,-7.914957588364414,-79.04154122728137,0,4,7,1,2,2,2,0,6831.393666446755,2.9151763371865975,2,0,1.0,0,30,1674.7597259255622,0.5602756469957193,77.59026337079803,64.24494150785931,8.278529064858526,951.6140049645658,15359.879914719526,8931.828000000005,1335.5899999999997,1935.9830000000004,5660.255000000005,1219.309,7712.519000000005,13.651281686122925,10,1,0,0,9,32.29688281984691,32.0,32.593765639693814,1.0,0.0,0.0,0.0,1,0,0.0,0.08482366281340226,0.9151763371865977,0.0,0.0,0.0,1.0,0.0,0.0,0.0,15,2,2021,10,8,0,0,0,0,1,0,1,GRAVE_LESIONADOS,1
6,1,10,1,4,1,-13.959655314488513,-75.86052515007314,0,3,7,1,2,2,2,1,6639.975,2.0,2,0,1.0,9,31,1616.0,0.6053164595604621,78.88848309050202,67.63954639531094,9.133324993872453,1064.9426147896202,27932.19700214133,3721.461,698.1859999999996,744.866,2278.409,1102.9029999999996,2618.558,29.636290693359403,7,1,0,0,6,29.797542944049425,29.797542944049425,29.797542944049425,1.0,0.0,0.5865028629366282,0.5865028629366282,1,0,0.0,0.0,0.0,0.0,0.0,0.41349713706337177,0.5865028629366282,0.41349713706337177,0.0,0.41349713706337177,10,0,2021,6,10,4,0,0,0,1,0,1,GRAVE_LESIONADOS,1
7,1,16,0,4,2,-10.149215979169256,-76.27054066098155,2,4,0,0,7,2,2,0,6543.555,2.0,4,4,1.0,14,33,1198.0,0.4783021060760071,74.90304488228624,55.800965139416064,6.7887621028588265,784.9426860192881,30114.143117015665,4830.294534478388,765.5630526961043,871.9261290093909,3192.8053527728925,1051.3156607481967,3778.9788737301906,22.901209929401375,4,1,0,0,3,36.86040315261421,36.86040315261421,36.86040315261421,1.0,0.0,0.42358582687907886,0.42358582687907886,1,0,0.0,0.0,0.0,1.0,0.0,0.0,1.0,0.5764141731209211,0.5764141731209211,0.5764141731209211,9,1,2022,6,20,4,0,1,0,1,0,1,GRAVE_LESIONADOS,1
3,1,14,2,2,4,-12.010273823299467,-76.98983385654499,4,4,6,1,4,2,2,0,6543.555,2.0,4,4,1.0,14,33,1198.0,0.703252996983538,79.8301842729594,77.11051973689246,9.76673163587697,1463.8814539178827,701127.0037324117,7626.313,1683.4029999999998,1599.0829999999996,4343.827000000001,1814.875,5811.438000000001,23.797541485643197,8,1,0,0,6,41.271101830439825,37.05533919249791,45.48686446838174,1.0,0.7026271063236521,0.0,0.0,1,0,0.0,0.7026271063236521,1.0,0.0,0.2973728936763479,0.0,0.7026271063236521,0.7026271063236521,1.0,0.7026271063236521,18,1,2022,6,12,5,1,0,0,1,0,1,GRAVE_LESIONADOS,1
3,1,10,0,4,1,-13.774454645704381,-76.19666547561862,0,2,6,1,2,2,2,0,105.49060766383701,-0.8855440022105532,1,3,0.0,9,32,28.334123742470553,0.6290761882581372,76.15652261766068,68.36579500056477,9.758861455316994,1198.470007204913,8386.803879267261,3721.461,698.1859999999996,744.866,2278.409,1102.9029999999996,2618.558,29.636290693359403,6,1,0,0,4,50.558717979552384,49.14455997789447,51.972875981210294,1.0,0.0,0.0,1.0,1,0,0.0,0.0,0.0,1.0,0.0,0.9427720011052766,0.05722799889472341,0.0,0.0,0.0,13,2,2022,2,25,5,0,1,0,1,0,1,GRAVE_LESIONADOS,1
6,1,4,0,4,1,-13.41295820597119,-74.52858419544101,0,4,0,0,2,2,2,4,1680.417428950726,1.7329390597606398,1,2,0.7329390597606398,9,26,312.3293905976064,0.24548323148320428,76.0520789267735,43.32062425992294,4.114491652652995,198.9345582709531,3526.128560205289,12678.733000000004,1805.074000000001,1774.0339999999994,9099.625000000004,2485.375000000001,10193.358000000002,19.602707936195205,7,1,0,0,6,31.26706094023936,31.26706094023936,31.26706094023936,1.0,0.0,0.0,1.0,1,0,0.7329390597606398,0.0,0.0,0.7329390597606398,0.2670609402393602,0.0,0.7329390597606398,0.2670609402393602,0.2670609402393602,1.0,13,2,2022,3,18,4,0,0,2,1,0,1,GRAVE_LESIONADOS,1
6,1,5,0,4,1,-10.510352637850376,-75.54923595176663,0,4,2,0,2,1,1,2,224.01976438952875,0.6795673803861895,1,0,0.5598557934620632,10,32,24.68317254383461,0.4014598101279617,70.48983025318145,62.783329242440516,5.703284005016835,568.4817640728352,8727.953766155688,16747.001661478353,1893.8936512961818,1784.0395881516222,13069.06842203055,2386.8539320882746,14360.14772939008,14.153686841085934,8,1,0,0,7,28.158413728082696,28.158413728082696,28.158413728082696,0.5598557934620632,0.0,0.0,0.5598557934620632,1,0,0.0,0.0,0.5598557934620632,0.44014420653793684,0.0,0.44014420653793684,0.5598557934620632,0.0,0.0,0.0,12,1,2022,6,18,6,1,0,2,1,0,1,GRAVE_LESIONADOS,1
6,1,8,1,4,1,-13.586538422802237,-75.25968741897549,0,4,0,0,2,1,1,0,1679.5849999999998,2.0,2,3,1.0,9,24,315.0,0.5258594244692153,73.82156528983522,52.91202227434253,8.902806700766412,891.2832603689374,2062.0406852248398,8511.426,1445.3929999999996,2008.516,5057.516999999999,1879.579,6631.846999999998,22.08300935706896,4,1,0,0,3,33.12349162749372,33.12349162749372,33.12349162749372,1.0,0.20402675644769885,0.0,0.0,1,0,0.0,0.0,0.0,1.0,0.0,1.0,0.0,0.0,0.0,0.0,16,3,2022,3,13,4,0,0,2,1,0,1,GRAVE_LESIONADOS,1
4,1,8,0,4,1,-12.675381820842686,-74.87804496079593,0,4,3,1,2,1,0,0,843.0445788780679,-0.21938713874807703,1,0,0.0,9,32,150.24233923435096,0.23690272648849475,64.40707783052366,54.80435832822291,4.473473102681338,198.4381406717098,28279.742245496895,8511.426,1445.3929999999996,2008.516,5057.516999999999,1879.579,6631.846999999998,22.08300935706896,6,1,0,0,5,50.17091929187789,44.0739835981375,56.26785498561827,1.0,0.6096935693740385,0.0,0.0,1,0,0.0,0.0,0.0,1.0,0.0,1.0,0.0,0.0,0.0,0.0,9,1,2021,6,20,1,0,0,2,1,0,1,GRAVE_LESIONADOS,1
5,1,7,0,4,1,-14.441085256288227,-71.78937442001673,0,4,5,0,2,1,1,2,1964.5792106480494,1.0,1,3,0.0,9,29,558.452946913688,0.4644457510800009,66.3762311594219,70.35892161395212,6.994109200473125,743.9748724638226,9310.431247658498,17779.13499998999,2097.3709999899997,2863.123,12818.640999999989,2878.713,14900.421999989989,16.19152450331032,5,1,0,0,4,45.89413656036045,45.451791184504636,46.33648193621627,1.0,0.0,0.0,0.0,1,0,0.0,0.0,0.11058634396395473,1.0,0.0,1.0,0.11058634396395473,0.0,0.0,0.0,6,1,2023,2,22,5,0,0,2,1,0,1,GRAVE_LESIONADOS,1
8,1,14,0,4,2,-12.008018942520767,-75.87089549156552,3,4,1,0,7,2,2,1,6543.555,2.0,4,4,1.0,14,33,1198.0,0.5059538326279962,75.64904224984342,60.511917611752544,7.386666837009807,830.9634626436294,29341.369692911398,4437.582229917259,741.7003205401264,826.9256176345386,2868.9562917425933,1069.5861966346158,3367.996033282642,25.286553631568097,4,1,0,0,3,42.57651659574344,42.57651659574344,42.57651659574344,1.0,0.0,0.6277327355622657,0.6277327355622657,1,0,0.0,0.0,0.0,1.0,0.0,0.0,1.0,0.3722672644377343,0.3722672644377343,0.3722672644377343,5,1,2022,7,22,5,0,1,0,1,0,1,GRAVE_LESIONADOS,1
6,1,12,0,4,0,-7.6790532305177495,-77.96396816263238,0,4,1,1,1,2,2,2,6543.555,2.186746284597327,3,3,1.0,11,32,1249.7287208334596,0.48578881152829373,73.18155021987262,45.99306175607296,6.930834683282678,900.9669510940143,9441.88029927518,8931.828000000005,1335.5899999999997,1935.9830000000004,5660.255000000005,1219.309,7712.519000000005,13.651281686122925,4,1,0,0,3,33.722866245503766,33.722866245503766,33.722866245503766,1.0,0.0,0.0,0.0,1,0,0.0,0.8132537154026731,0.0,0.1867462845973269,0.0,0.1867462845973269,0.8132537154026731,0.0,0.1867462845973269,0.0,16,3,2021,5,2,1,0,0,0,1,0,1,GRAVE_LESIONADOS,1
3,1,11,0,4,1,-14.301586651047847,-72.22558777740359,0,4,2,0,2,1,1,2,7586.903,2.0,2,0,1.0,9,5,1198.0,0.3373895360797132,72.20742873795965,68.59882298299584,5.868441552662775,310.43765310768265,5148.619784394056,13150.679130240733,1910.7228719396185,2058.1494103119967,9181.806847989117,2891.247790395711,10259.431339845021,21.89966864123433,4,2,0,0,2,43.69410274748968,34.163454945254465,53.22475054972489,1.0,1.0,0.0,0.0,2,0,0.0,0.5102159340784042,0.5102159340784042,0.48978406592159585,0.5102159340784042,0.48978406592159585,1.0,0.0,0.5102159340784042,0.0,13,1,2022,4,13,3,0,0,2,1,0,1,GRAVE_LESIONADOS,1
4,1,7,0,4,1,-11.880142259561143,-75.45970754751318,0,4,3,0,2,2,2,0,1031.5045628160851,2.0,2,0,1.0,7,27,166.39643925987818,0.5965123365367935,79.28819423894393,70.71227208464256,8.742657824682267,1021.0957815813097,34078.28637538677,9586.583536101152,1410.7667797310814,1848.281308982151,6327.53544738792,2004.428529275498,7582.155006825654,20.391435468999852,5,1,0,0,3,36.830624843809915,34.47614118211211,39.18510850550772,1.0,0.0,0.0,0.47089673233956153,1,0,0.0,0.47089673233956153,0.0,0.5291032676604385,0.0,0.0,1.0,0.0,0.5291032676604385,0.0,13,1,2022,5,14,4,0,0,0,1,0,1,GRAVE_LESIONADOS,1
6,1,3,1,4,1,-15.949974635616988,-73.05983491192777,0,4,1,0,1,1,1,0,6555.491471814267,2.0,3,3,1.0,13,32,1249.7469945899563,0.6436093640986432,75.9172327026805,66.90830758785306,8.828732006383742,1384.7027357586485,1930.0586031081502,10322.272,1495.236,1749.739,7077.2970000000005,2886.595,7435.677000000001,27.964725207783708,9,1,0,0,8,29.485559653300182,29.485559653300182,29.485559653300182,1.0,0.0,0.0,0.0,1,0,0.0,0.0,0.12379663777501515,0.8762033622249848,0.0,0.0,1.0,0.0,0.0,0.0,4,0,2021,3,21,5,1,0,0,1,0,1,GRAVE_LESIONADOS,1
7,1,6,0,4,1,-10.391963937648045,-75.47096822550112,3,4,3,0,3,1,1,1,6543.555,2.0,4,4,1.0,14,33,1198.0,0.367343233446455,76.61833880869679,47.939023347586414,5.024429350545297,478.9123443282337,27893.98527014056,16926.49443673516,1929.2793060911495,1971.6971989459323,13025.517931698078,2472.390505552718,14454.103931182442,14.508076263331471,5,1,0,0,4,34.79981676839802,34.79981676839802,34.79981676839802,1.0,0.5375057259875619,0.0,0.5375057259875619,1,0,0.0,0.5375057259875619,0.46249427401243814,0.0,0.0,0.46249427401243814,0.5375057259875619,0.0,0.0,0.0,10,2,2023,6,16,4,0,1,2,1,0,1,GRAVE_LESIONADOS,1
5,1,14,0,4,1,-11.279883968409544,-77.50348274507681,0,4,7,0,2,2,2,2,6543.555,3.0,2,0,1.0,0,30,1475.0,0.7327345537337897,78.20903814342847,76.31492653513806,13.642917835589472,1405.6698219039215,62016.21841541756,7626.313,1683.4029999999998,1599.0829999999996,4343.827000000001,1814.875,5811.438000000001,23.797541485643197,5,1,0,0,4,44.02195152217437,40.2494788219898,47.79442422235894,1.0,0.0,0.0,1.0,1,0,0.0,0.0,0.0,1.0,0.0,1.0,0.2794424222358942,0.0,0.0,0.0,9,0,2023,8,17,0,0,1,0,1,1,1,GRAVE_LESIONADOS,1
3,1,13,0,4,1,-8.176621311169374,-77.54706377725249,1,4,6,1,2,1,0,0,1460.584448560745,2.0,2,2,0.23096634821603157,8,9,298.37628917917897,0.4840956973391608,79.39351953064467,60.932415332240296,8.11067996847875,670.4884572333049,10918.165278064229,3143.428779387788,488.355130189432,608.9574512644162,2046.1161979339395,654.9603900919466,2488.468389295841,21.090688986937202,4,2,0,0,2,39.538067303567935,35.76903365178397,43.307100955351906,1.0,0.0,0.0,0.0,2,0,0.0,0.7690336517839684,0.0,1.0,0.23096634821603157,0.23096634821603157,0.7690336517839684,0.7690336517839684,1.0,0.7690336517839684,16,3,2022,6,6,5,0,0,0,1,0,1,GRAVE_LESIONADOS,1
5,1,12,0,4,1,-7.5501664431727376,-77.89991681634423,0,4,7,1,6,2,2,0,1390.9882370293383,1.1257481233156639,2,0,0.0,9,32,248.22157131400476,0.2098780314816524,73.89283383978352,26.11097285478447,3.515993379435904,241.19913038439324,13644.009975786124,8931.828000000005,1335.5899999999997,1935.9830000000004,5660.255000000005,1219.309,7712.519000000005,13.651281686122925,5,1,0,0,4,34.571851541445795,34.508977479787966,34.63472560310363,1.0,0.0,0.0,0.0,1,0,0.0,1.0,0.0,0.0,0.0,0.0,1.0,0.0,0.8742518766843361,0.0,1,0,2021,10,2,2,0,0,0,1,0,1,GRAVE_LESIONADOS,1
6,1,12,2,3,1,-12.98474766866537,-75.93872314556992,5,2,7,0,2,2,2,0,6623.486133416995,2.0,2,0,1.0,9,31,1544.5174628531806,0.6880047757139965,78.37368694166005,72.53948008878908,10.072751337830685,1429.4280464770998,96253.5887857719,8087.351252066513,1651.2244005566852,1624.8468112832322,4811.280040226596,1998.1507528971038,6089.20049916941,24.51017513448418,7,1,0,0,6,44.8029240190724,44.8029240190724,44.8029240190724,1.0,0.1710108544182284,0.0,0.0,1,0,0.0,0.0,0.0,0.1710108544182284,0.1710108544182284,0.0,0.8289891455817716,0.1710108544182284,1.0,0.0,12,1,2021,11,28,3,0,1,0,1,0,1,GRAVE_LESIONADOS,1
4,1,4,0,4,0,-13.038170975384444,-74.02385821274181,0,4,2,0,2,1,1,2,7142.573888739694,2.0,2,1,1.0,11,16,1198.0,0.28926818661824294,76.45085550460692,57.17690070154126,5.168298198227267,249.37305167299763,5864.01745030548,12678.733000000004,1805.074000000001,1774.0339999999994,9099.625000000004,2485.375000000001,10193.358000000002,19.602707936195205,4,1,0,0,3,41.50154885615512,35.1861030258697,47.81699468644054,1.0,0.5741314391168563,0.0,0.0,1,0,0.0,0.5741314391168563,0.5741314391168563,0.42586856088314373,0.5741314391168563,0.0,1.0,0.42586856088314373,1.0,0.42586856088314373,5,0,2021,7,27,1,0,1,2,1,0,1,GRAVE_LESIONADOS,1
3,1,18,0,4,1,-12.16529014737729,-75.10426423855637,0,4,5,1,2,0,1,2,9319.830288529798,2.0,2,0,1.0,9,31,3415.5987235517396,0.41839874783071773,74.09775773797831,80.84571499583842,7.773374914110659,453.5207087365632,3382.4548140766533,3484.977701860689,576.956522473062,831.5801805982768,2076.440998789351,680.3138064668533,2804.6638953938364,20.60810983722274,5,2,0,0,3,36.84750917834011,25.689788195511372,48.005230161168846,1.0,0.0,0.0,1.0,2,0,0.0,0.0,0.187173114926947,1.0,0.0,1.0,0.187173114926947,0.0,0.0,0.0,15,2,2023,8,14,4,0,0,1,1,0,1,GRAVE_LESIONADOS,1
3,2,13,0,4,1,-7.069941286060001,-79.74454694882351,0,4,7,1,2,1,1,2,6543.555,2.0,4,4,1.0,14,33,1198.0,0.5516691297520734,77.67590707684592,63.19815621981885,7.683126388527217,960.9920790948672,9442.888847696933,8939.539743176996,1436.8827422016159,1641.5078951560524,5861.149105819327,1444.9159125079354,7494.623830669059,16.155832408078574,4,2,0,0,2,23.54660808022875,23.0932161604575,24.0,1.0,0.7733040401143754,0.22669595988562463,0.22669595988562463,2,0,0.0,0.0,0.0,1.0,0.22669595988562463,0.7733040401143754,0.0,0.22669595988562463,1.0,0.0,14,2,2022,5,18,5,1,0,0,0,0,1,GRAVE_LESIONADOS,1
3,1,16,2,2,2,-4.445773742401983,-76.75793086188823,0,0,7,1,2,2,2,1,6543.555,2.474372639974619,3,2,1.0,7,31,1329.4012212729695,0.5989815805912286,76.36527840143121,63.66560745867024,10.279076063197127,1043.9909144865549,154384.7283580934,4829.026744161349,913.2656095047333,470.7668730193333,3444.994261637282,1194.6349640174553,3634.3917801438934,24.87250081638034,6,2,0,0,3,49.67102671983925,42.48745279949238,63.51254720050762,1.0,0.525627360025381,0.0,0.474372639974619,2,0,0.474372639974619,0.0,0.474372639974619,0.525627360025381,1.0,0.0,0.525627360025381,0.0,1.0,1.0,8,1,2022,7,10,3,0,0,0,1,0,1,GRAVE_LESIONADOS,1
6,1,5,0,4,2,-7.074933393929671,-78.13626638837735,1,4,2,0,1,2,2,2,6543.555,2.0,4,4,1.0,14,33,1198.0,0.2480940229153465,75.77190812663261,44.727617317518046,3.1564270323845456,255.50100836148172,8002.4164672502,15935.565011852366,1733.9250000199986,935.692,13265.948011832368,2000.1670000199988,13935.398011832369,12.551591352627522,5,1,0,0,4,31.381700951091005,28.786275713318254,33.328269879420574,0.35114369055681205,0.0,0.0,0.35114369055681205,1,0,0.0,0.648856309443188,0.35114369055681205,0.0,0.0,0.0,1.0,0.0,0.648856309443188,0.0,16,1,2022,4,4,0,0,0,2,1,0,1,GRAVE_LESIONADOS,1
3,1,20,0,4,1,-15.247680218736798,-70.44838785492351,0,4,0,1,2,1,1,2,1597.3648255044402,2.0,2,0,1.0,6,23,302.0258392658729,0.4129942852307394,74.84338093428873,66.36019047720252,6.605379308795876,489.95662056537645,7526.6399058122115,13642.312999999998,2020.7790000000005,2354.117,9267.416999999998,3314.0520000000006,10328.260999999997,24.29244952817019,6,2,0,0,4,41.59745736715743,40.13910682809713,43.05580790621773,1.0,0.3610996406264668,0.0,1.0,2,0,0.0,0.0,0.0,1.0,0.0,0.6389003593735332,1.0,0.0,1.0,0.0,9,1,2021,8,4,2,0,0,2,1,0,1,GRAVE_LESIONADOS,1
3,1,11,0,4,1,-11.126134973618694,-75.38734652655857,5,4,6,1,5,2,2,0,600.0300000000001,2.0,2,0,0.0,9,8,178.0,0.5576036282327456,74.74681298064503,63.27200615037376,8.735362408084482,962.6568715921487,25652.4605341771,12264.545,1826.4639999999995,1105.5389999999998,9332.542,1588.5359999999996,10676.009,12.952261987705208,22,2,0,0,20,33.92610710336149,32.37435627395277,35.477857932770206,1.0,0.0,0.0,0.0,2,0,0.0,0.8522142067229794,1.0,0.0,0.14778579327702057,0.14778579327702057,0.8522142067229794,0.0,0.8522142067229794,0.0,14,2,2022,3,25,4,0,1,2,1,0,1,GRAVE_LESIONADOS,1