CLASE SINIESTRO,CANTIDAD DE VEHICULOS DAÑADOS,DEPARTAMENTO,ZONA,TIPO DE VÍA,RED VIAL,COORDENADAS LATITUD,COORDENADAS  LONGITUD,CONDICIÓN CLIMÁTICA,ZONIFICACIÓN,CARACTERÍSTICAS DE VÍA,PERFIL LONGITUDINAL VÍA,SUPERFICIE DE CALZADA,¿EXISTE SEÑAL VERTICAL?,¿EXISTE SEÑAL HORIZONTAL?,CAUSA FACTOR PRINCIPAL,MTC_RVN_LONGITUD_KM,MTC_RVN_N_CARRILES_MEDIANA,MTC_RVN_SUPERFICIE_DOMINANTE,MTC_RVN_ESTADO_DOMINANTE,MTC_RVN_ES_CONCESIONADA,MTC_RVN_CONCESION_PRINCIPAL,MTC_RVN_CORREDOR_LOGISTICO,MTC_RVN_N_TRAMOS,IDH_2019,IDH_ESP_VIDA_2019,IDH_EDUC_SECUND_PCT_2019,IDH_ANIOS_EDUC_2019,IDH_INGRESO_PERCAP_2019,IDH_POBLACION_2019,MTC_DEP_RED_TOTAL_KM,MTC_DEP_NACIONAL_TOTAL_KM,MTC_DEP_DEPARTAMENTAL_TOTAL_KM,MTC_DEP_VECINAL_TOTAL_KM,MTC_DEP_PAV_TOTAL_KM,MTC_DEP_NO_PAV_TOTAL_KM,MTC_DEP_PCT_PAVIMENTADA,PER_TOTAL_PERSONAS,PER_N_CONDUCTORES,PER_N_CONDUCTORES_FUGADOS,PER_N_PEATONES,PER_N_PASAJEROS_OCUPANTES,PER_EDAD_COND_PROM,PER_EDAD_COND_MIN,PER_EDAD_COND_MAX,PER_ANY_COND_MASCULINO,PER_ANY_LIC_PROBLEMA,PER_ANY_DOSAJE_POS,PER_ANY_DOSAJE_EVALUADO,VEH_TOTAL,VEH_N_FUGADOS,VEH_ANY_FUGADO,VEH_ANY_CARGA,VEH_ANY_PUBLICO,VEH_ANY_PARTICULAR,VEH_ANY_MOTO,VEH_ANY_AUTO,VEH_ANY_CAMION_BUS,VEH_ANY_SOAT_PROBLEMA,VEH_ANY_CITV_PROBLEMA,VEH_ANY_SEGURO_PROBLEMA,HORA_NUM,FRANJA_HORARIA,ANIO,MES,DIA_MES,DIA_SEMANA,ES_FIN_SEMANA,ES_QUINCENA,REGION_NATURAL,TIENE_SEÑALIZACION,ES_VIA_MULTICARRIL,ES_DEPTO_BAJO_PAVIMENTO,CATEGORIA_SEVERIDAD,CATEGORIA_SEVERIDAD_ENC
4,1,11,1,4,1,-13.77270758791177,-72.02417099889442,0,4,3,1,4,0,1,4,2695.9275158019104,1.4462260457055618,1,1,0.0,9,20,830.5549474797294,0.41009255038142495,71.91103827042448,63.73347546821541,6.684597986262755,502.8934377734052,12433.435843326151,13108.707493120966,1901.327189188919,2032.8821432710192,9174.498160661029,2855.152260877149,10253.555232243818,21.69539278216311,6,1,0,0,4,30.075479085888762,25.091513497238818,35.0594446745387,1.0,0.5537739542944381,0.0,1.0,1,0,0.0,0.5537739542944381,0.0,1.0,0.5537739542944381,0.4462260457055619,0.5537739542944381,0.5537739542944381,1.0,0.0,7,1,2021,6,11,1,0,0,2,1,0,1,GRAVE_LESIONADOS,1
5,1,8,0,4,1,-13.55251504060563,-75.20821811521122,2,4,0,0,2,2,2,0,1679.5849999999998,2.0,2,3,1.0,9,24,315.0,0.46207928121549013,73.54182228178266,51.082240089594706,7.800997036209706,722.4003338847087,2419.1740712530154,8511.426,1445.3929999999996,2008.516,5057.516999999999,1879.579,6631.846999999998,22.08300935706896,6,1,0,0,5,26.746096614930828,24.2069072751122,29.285285954749455,1.0,0.7178678511312636,0.0,0.2821321488687364,1,0,0.0,0.2821321488687364,0.0,1.0,0.0,0.7178678511312636,0.2821321488687364,0.0,0.0,0.0,16,3,2022,3,3,2,0,0,2,1,0,1,GRAVE_LESIONADOS,1
5,1,11,0,4,1,-8.299625713626696,-78.30954174625806,0,4,0,1,2,2,2,2,609.5206675019322,2.0,2,0,0.8970385162506845,8,26,108.03099573244661,0.39863493868398536,74.47266271651776,52.69155043562097,5.935483940093886,527.1123003749778,26606.658168662532,9274.969487236573,1386.1311153739612,1850.4792535892839,6038.359118273327,1257.3251597603085,8017.644327476263,13.579309580803837,8,1,0,0,6,40.27926961375479,40.27926961375479,40.27926961375479,1.0,0.0,0.0,0.0,1,0,0.0,0.10296148374931546,0.10296148374931546,0.8970385162506845,0.0,0.0,1.0,0.8970385162506845,1.0,0.8970385162506845,3,0,2021,10,8,5,1,0,0,1,0,1,GRAVE_LESIONADOS,1
5,1,11,0,4,1,-8.142971218869556,-78.09720721550417,0,4,6,0,2,1,1,0,618.7226985177043,2.0,2,0,0.901741676040642,8,27,114.64049026994434,0.4241617179680281,76.28760171028244,42.54122614958485,6.133058352352967,646.657294259716,12816.088749822042,8860.809732933576,1335.3824784197975,1823.5748878405511,5701.852366673226,1203.6417102446803,7657.168022688895,13.578528066925514,5,1,0,0,4,59.49441273903637,58.16792536558504,60.820900112487706,1.0,0.901741676040642,0.0,0.0,1,0,0.0,0.0,0.0,1.0,0.09825832395935796,1.0,0.0,0.0,0.09825832395935796,0.0,14,3,2022,2,26,6,1,1,0,1,0,1,GRAVE_LESIONADOS,1
3,1,12,2,2,4,-12.624373260291062,-76.78276873567027,0,0,1,1,2,1,1,0,6543.555,2.0,4,4,1.0,14,33,1198.0,0.7530116021006716,79.13015140497663,77.28428120551625,12.15405518924591,1634.308039476077,58222.441779921035,6343.533762150686,1359.7502950124133,1318.4649811306733,3665.3184860076003,1580.9857515649628,4762.548010585724,25.715623466385995,26,2,0,0,22,36.294510060046626,26.729382293607777,43.173674043836925,1.0,0.32850905433786315,0.32850905433786315,0.32850905433786315,2,0,0.0,0.0,0.6714909456621369,1.0,1.0,0.32850905433786315,0.6714909456621369,0.0,1.0,1.0,15,2,2023,7,20,4,0,0,0,1,0,1,GRAVE_LESIONADOS,1
5,1,19,0,3,1,-5.150431309631575,-80.69455651980721,6,4,7,1,2,1,1,2,6543.555,2.9524512631463855,2,0,1.0,0,30,1461.8289998915488,0.6025257996663644,78.42377867850085,72.50835784496937,9.791098236332576,983.3475514837957,183638.6990686253,8965.846000060003,1782.4120000599992,636.9959999999999,6546.438000000004,2214.505000059999,6751.341000000004,24.699342371541725,6,1,0,0,5,28.45171300010934,27.809805052585542,29.093620947633138,1.0,0.047548736853614715,0.0,0.9524512631463853,1,0,0.0,0.0,0.0,1.0,0.047548736853614715,0.9524512631463853,0.0,1.0,0.9524512631463853,0.0,9,1,2021,7,6,5,0,0,0,1,0,1,GRAVE_LESIONADOS,1
3,1,14,0,3,1,-11.793997086423806,-76.98528073727863,0,3,7,1,2,1,0,1,1220.5084597766088,2.0,2,3,0.024875882014605444,9,23,1029.3035275885268,0.6525707036611313,78.89120533918154,74.24108274592531,9.270617721615416,1255.9843283993407,357031.68288295623,7626.313,1683.4029999999998,1599.0829999999996,4343.827000000001,1814.875,5811.438000000001,23.797541485643197,7,2,0,0,5,29.860700289211778,19.621897050365135,40.09950352805842,1.0,0.9751241179853946,0.0,0.0,2,0,0.0,0.0,1.0,0.024875882014605444,0.9751241179853946,0.024875882014605444,1.0,0.9751241179853946,1.0,0.9751241179853946,7,1,2022,3,27,1,0,1,0,1,0,1,GRAVE_LESIONADOS,1
3,1,16,1,2,2,-4.303696514966028,-76.03175013075392,0,0,7,1,2,2,2,1,4569.549018061944,2.0,3,2,1.0,9,28,807.9751943482686,0.594695123677337,75.65340614739047,61.98604782513393,10.32645022482797,1046.788321180544,153372.25880793695,4061.38545094565,751.9840504208414,439.9208693358014,2869.4805311890073,1005.384647542227,3056.000803403423,24.90463264624881,5,2,0,0,2,42.835505129668974,28.85480882882218,64.70961765764436,1.0,1.0,0.37683556101616567,0.37683556101616567,2,0,0.0,0.37683556101616567,0.0,1.0,1.0,0.0,0.6231644389838343,0.37683556101616567,1.0,1.0,15,2,2023,7,10,2,0,0,0,1,0,1,GRAVE_LESIONADOS,1
6,1,11,0,4,1,-8.895374938320288,-78.10069620425425,0,4,7,0,2,1,1,0,703.7465441757347,2.0,2,0,1.0,7,28,114.69236109125333,0.5937444718689112,80.03055744712884,66.07586651317715,8.56795006478911,1038.478653574729,34593.10421228745,9076.71385336998,1352.2252955941433,1916.576162417877,5807.91239535796,1393.0421060595136,7683.671747310467,15.142758854062649,5,1,0,0,4,25.478994287544207,25.478994287544207,25.478994287544207,0.8957988575088416,0.0,0.0,0.10420114249115842,1,0,0.0,0.0,0.0,1.0,0.0,0.0,1.0,0.0,0.8957988575088416,0.0,9,1,2022,7,5,4,0,0,0,1,0,1,GRAVE_LESIONADOS,1
3,1,23,0,4,1,-3.654899474179152,-80.62209167962298,1,4,5,0,2,2,2,2,6543.555,3.0,2,0,1.0,0,30,1475.0,0.586516046212127,75.67037553369602,70.61595042512359,9.049003885434825,1016.0300140201736,9822.86415982264,1009.101,138.47399999999996,287.471,583.156,276.972,732.129,27.447401201663663,14,1,0,0,12,42.07754184128112,42.07754184128112,42.07754184128112,1.0,0.7253631201830171,0.0,1.0,1,0,0.0,0.0,0.7253631201830171,0.7253631201830171,0.7253631201830171,0.7253631201830171,0.2746368798169829,0.7253631201830171,0.7253631201830171,0.7253631201830171,16,1,2024,6,10,5,1,0,0,1,1,1,GRAVE_LESIONADOS,1
5,1,11,2,2,3,-10.70670922038855,-77.46781491866642,0,2,5,1,2,1,1,1,4998.931219583785,2.0,3,2,1.0,12,28,913.176047314865,0.7216286444342304,78.31307853104599,76.95984102221995,11.324976142858219,1492.7012426637334,252601.55915158612,9895.415590481976,1697.1996210385948,1417.92322358989,6780.292745853492,1865.474808098399,8029.940782383579,20.726481113078055,9,1,0,0,8,36.26723752001956,35.17685969550154,37.357615344537585,1.0,0.0,0.0,0.0,1,0,0.0,0.0,0.7269185496786816,0.27308145032131836,0.7269185496786816,0.27308145032131836,0.7269185496786816,0.0,0.27308145032131836,0.0,6,0,2021,8,20,1,0,1,0,1,0,1,GRAVE_LESIONADOS,1
3,1,12,0,4,0,-9.006882952549942,-78.60288604006193,0,4,4,0,2,1,1,2,6543.555,2.3026222850818887,3,2,1.0,9,32,1281.8263729676833,0.614079770805295,78.80926631191038,69.71894011789134,8.639948495522653,1143.0805459200537,19972.76715662956,8536.75006749132,1440.8459648411867,1834.029552155912,5261.874550494223,1399.5405438370801,7137.209523654242,16.721766011688256,6,1,0,0,4,40.092133144754335,36.60524457016378,43.579021719344894,1.0,0.0,0.0,0.3026222850818887,1,0,0.0,0.6973777149181113,0.3026222850818887,0.0,0.0,0.6973777149181113,1.0,0.0,0.6973777149181113,0.0,9,2,2021,4,18,2,0,1,0,1,0,1,GRAVE_LESIONADOS,1
6,1,7,0,4,2,-13.369837695363941,-72.02985960949822,1,4,0,0,1,1,1,1,6543.555,2.0,4,4,1.0,14,33,1198.0,0.3327027851954077,68.72888296318129,56.32539903599845,4.891546430084537,413.6082571600981,2945.3913764252716,17779.13499998999,2097.3709999899997,2863.123,12818.640999999989,2878.713,14900.421999989989,16.19152450331032,7,1,0,0,6,42.40597168489849,42.40597168489849,42.40597168489849,1.0,0.3876866151530778,0.0,0.6123133848469222,1,0,0.0,0.3876866151530778,0.0,0.6123133848469222,0.0,0.6123133848469222,0.3876866151530778,0.3876866151530778,0.3876866151530778,0.0,13,1,2021,2,6,2,0,0,2,1,0,1,GRAVE_LESIONADOS,1
3,1,3,0,4,1,-16.53300742813777,-71.58118093299586,0,4,4,0,2,2,2,0,1741.7378273113013,2.0,2,0,1.0,8,28,326.3734181066182,0.579278130226187,79.56154330716763,69.83384058526146,7.999582090215165,1038.004258890607,1126.285447393253,10322.272,1495.236,1749.739,7077.2970000000005,2886.595,7435.677000000001,27.964725207783708,9,2,0,0,7,30.568329429300476,25.561667224385648,35.57499163421531,1.0,0.0,0.0,0.4383327756143538,2,0,0.0,0.0,0.4383327756143538,1.0,0.0,0.5616672243856462,0.4383327756143538,0.0,0.0,0.0,4,0,2024,6,3,1,0,0,0,1,0,1,GRAVE_LESIONADOS,1
6,1,7,0,4,2,-13.028342009190482,-72.5128327297165,0,4,0,0,1,1,0,0,5697.593276580206,1.7267348363533426,3,3,0.7267348363533426,12,27,1173.6794004354474,0.4706944943299555,76.79406176595778,61.64424635983724,7.141255198110581,653.4175319142125,3282.6252676659524,17779.13499998999,2097.3709999899997,2863.123,12818.640999999989,2878.713,14900.421999989989,16.19152450331032,11,1,0,0,10,54.62184058154025,54.62184058154025,54.62184058154025,1.0,0.7267348363533426,0.0,0.2732651636466574,1,0,0.0,0.7267348363533426,0.0,0.0,0.0,0.2732651636466574,0.7267348363533426,0.7267348363533426,0.7267348363533426,0.0,8,1,2023,3,19,5,1,1,2,1,0,1,GRAVE_LESIONADOS,1
3,1,3,0,4,2,-15.671609941180444,-72.02233370841664,5,4,6,1,5,2,2,0,6553.687715843916,2.0,3,3,1.0,13,32,1241.9273514079696,0.4716481759097706,76.29539758480391,67.32387138818157,7.409736325493548,635.469540695855,2106.720301053297,10322.272,1495.236,1749.739,7077.2970000000005,2886.595,7435.677000000001,27.964725207783708,12,1,0,0,11,45.898212851293316,45.898212851293316,45.898212851293316,1.0,0.8949106425646658,0.0,0.10508935743533421,1,0,0.0,0.0,0.10508935743533421,0.8949106425646658,0.0,0.0,1.0,0.0,0.0,0.0,20,1,2023,6,24,1,0,0,0,1,0,1,GRAVE_LESIONADOS,1
6,1,7,0,4,1,-13.113908025267966,-72.34125010969112,0,4,0,0,2,1,1,2,3447.8009999999995,1.0,2,3,0.0,9,12,1109.0,0.4706944943299555,76.79406176595778,61.64424635983724,7.141255198110581,653.4175319142125,3282.6252676659524,17779.13499998999,2097.3709999899997,2863.123,12818.640999999989,2878.713,14900.421999989989,16.19152450331032,6,1,0,0,5,35.0,35.0,35.0,1.0,0.6741993749428606,0.0,0.32580062505713936,1,0,0.0,0.0,0.0,0.0,0.0,1.0,0.0,0.0,0.0,0.0,13,3,2023,5,30,1,0,1,2,1,0,1,GRAVE_LESIONADOS,1
5,1,4,0,4,1,-15.226147012727086,-72.75123864384713,0,4,5,0,2,0,1,2,372.0778799397464,2.0,2,0,0.7955332798024245,7,21,58.86754612722054,0.5769347531700981,75.77577292825224,70.50648314187559,9.108756871938068,1015.5312622579875,21145.346832233317,9890.18985987768,1462.1618722742805,1553.9085451301298,6874.11944247327,2513.0882814131614,7377.10157846452,24.88670862890357,4,1,0,0,3,29.747401766519992,29.542935046322416,29.951868486717565,1.0,0.7955332798024245,0.0,1.0,1,0,0.0,0.2044667201975755,0.0,0.7955332798024245,0.0,1.0,0.2044667201975755,0.0,0.2044667201975755,0.0,17,3,2021,1,4,3,0,0,0,1,0,1,GRAVE_LESIONADOS,1
3,2,7,0,4,0,-14.349142025203083,-71.09489573022702,0,4,6,0,2,1,1,2,7516.666797464026,2.0,2,0,1.0,9,6,1198.0,0.22983314376103778,63.1863349492082,54.15841493798553,5.135908650781428,173.3565967013251,5400.086939917728,17779.13499998999,2097.3709999899997,2863.123,12818.640999999989,2878.713,14900.421999989989,16.19152450331032,4,2,0,0,2,32.53854478111598,18.663409511802513,46.413680050429456,1.0,0.0,0.0,0.9326819023605022,2,0,0.0,0.9326819023605022,0.0,1.0,0.06731809763949781,0.9326819023605022,0.9326819023605022,0.06731809763949781,0.0,0.0,19,2,2022,1,3,0,0,0,2,1,0,1,GRAVE_LESIONADOS,1
5,1,7,0,4,1,-14.118530294274432,-71.48640539100091,1,2,0,0,1,2,2,2,6819.513110421345,2.0,3,2,1.0,12,25,1198.0,0.3612357206198886,75.05438040052445,58.74303042302161,5.812699674564307,378.0560899081072,9620.622725795572,17779.13499998999,2097.3709999899997,2863.123,12818.640999999989,2878.713,14900.421999989989,16.19152450331032,8,1,0,0,7,56.5525315027746,55.8912993194059,57.213763686143295,1.0,0.0,0.0,0.7355071266525215,1,0,0.0,0.0,0.0,1.0,0.0,0.2644928733474785,0.7355071266525215,0.7355071266525215,0.2644928733474785,0.0,5,0,2021,4,9,3,0,0,2,1,0,1,GRAVE_LESIONADOS,1
5,1,19,0,4,1,-5.1609205809637055,-80.50847662201231,0,3,7,0,2,2,2,0,1305.18,2.0,2,0,1.0,1,20,163.0,0.6220812987247925,80.20155828147696,72.71675503872983,10.02377668600292,1028.915688621886,159840.92719486082,8965.846000060003,1782.4120000599992,636.9959999999999,6546.438000000004,2214.505000059999,6751.341000000004,24.699342371541725,4,1,0,0,2,29.274101510289345,27.10063422803105,31.447568792547635,1.0,0.14989429532815812,0.14989429532815812,1.0,1,0,0.0,0.14989429532815812,0.0,1.0,0.14989429532815812,0.0,0.8501057046718419,0.14989429532815812,1.0,0.14989429532815812,8,1,2021,10,6,4,0,0,0,1,0,1,GRAVE_LESIONADOS,1
3,1,22,0,4,0,-4.841758755085561,-79.52850574486956,5,4,6,1,6,2,2,0,6543.555,2.0,4,4,1.0,14,33,1198.0,0.5279365815418918,75.02563186449906,65.28765524074433,8.270795149314804,878.8286761509238,4065.3625909926986,1156.7796791991805,182.75580468808604,305.45455937151746,668.5693151395767,348.2017936925885,808.5778855065918,28.60548459360592,4,1,0,0,2,36.17993455772192,36.17993455772192,36.17993455772192,1.0,0.9100327211390391,0.9100327211390391,1.0,1,0,0.0,0.0899672788609609,0.0,0.9100327211390391,0.9100327211390391,0.9100327211390391,0.0899672788609609,0.9100327211390391,0.9100327211390391,0.0,19,2,2021,7,8,5,0,0,0,1,0,1,GRAVE_LESIONADOS,1
4,2,10,2,4,1,-13.407516415634534,-76.1326711677686,0,1,3,1,2,2,2,1,6597.876460275032,2.0,2,1,1.0,11,31,1433.4944035984572,0.5998522000592962,80.83457942647242,69.06197351985547,10.233175588372934,927.9377211129643,66071.43542697681,3721.461,698.1859999999996,744.866,2278.409,1102.9029999999996,2618.558,29.636290693359403,8,2,0,0,6,38.45546939354537,31.507069925329326,45.0282797013173,1.0,0.0,0.0,0.4366162593338344,2,0,0.0,0.0,0.0,1.0,0.0,1.0,0.0,0.0,0.5633837406661656,0.0,15,1,2023,8,3,2,0,0,0,1,0,1,GRAVE_LESIONADOS,1
3,1,12,0,4,1,-7.704083471872671,-79.2273407311692,0,4,6,1,1,2,2,2,6543.555,2.0,4,4,1.0,14,33,1198.0,0.55006312677076,76.13341544997826,60.41470211628021,7.841251085426382,986.0002579972931,9447.519666656877,8931.828000000005,1335.5899999999997,1935.9830000000004,5660.255000000005,1219.309,7712.519000000005,13.651281686122925,4,1,0,0,2,24.341287387441955,24.341287387441955,24.341287387441955,1.0,0.8862375375193482,0.0,0.0,1,0,0.0,0.1137624624806518,0.0,0.8862375375193482,0.0,0.8862375375193482,0.1137624624806518,0.0,0.8862375375193482,0.0,12,3,2022,6,20,5,0,0,0,1,0,1,GRAVE_LESIONADOS,1
3,2,5,0,4,1,-5.681700621115175,-78.75610785359997,0,3,6,1,2,0,0,1,6704.922484275671,2.0,2,0,1.0,7,20,1842.5420745522638,0.5803239946829384,74.49544278598792,68.33065356443184,8.733179344969395,1046.078117086984,102362.46895074946,15935.565011852366,1733.9250000199986,935.692,13265.948011832368,2000.1670000199988,13935.398011832369,12.551591352627522,6,2,0,0,3,42.5,40.27755176822526,44.72244823177474,1.0,1.0,0.8612241158873692,0.8612241158873692,2,0,0.0,0.13877588411263075,0.8612241158873692,0.13877588411263075,0.8612241158873692,0.13877588411263075,0.13877588411263075,0.8612241158873692,0.8612241158873692,0.8612241158873692,3,0,2023,2,12,6,1,0,2,1,0,1,GRAVE_LESIONADOS,1
3,1,12,0,4,2,-7.380764680169982,-79.17743859620141,0,4,7,1,1,2,2,1,6543.555,2.0,4,4,1.0,14,33,1198.0,0.41451355156934233,77.80424799803893,51.44471198538099,5.473812528411926,647.9677684556543,24561.543414072796,8931.828000000005,1335.5899999999997,1935.9830000000004,5660.255000000005,1219.309,7712.519000000005,13.651281686122925,4,1,0,0,2,35.0,28.00030480595497,41.99969519404503,1.0,0.30003048059549664,0.0,0.0,1,0,0.0,0.0,0.6999695194045034,0.30003048059549664,0.6999695194045034,0.0,0.30003048059549664,0.0,0.0,0.0,18,2,2021,4,10,3,0,0,0,1,0,1,GRAVE_LESIONADOS,1
3,1,12,0,4,1,-11.664510218020322,-76.50742748632295,0,4,0,0,2,1,1,1,1494.6767379168584,2.0,2,0,0.28165300968446383,9,20,590.1268972908504,0.2659607712221269,76.93484619105435,54.76818690756775,6.979550721177337,297.3966208378206,1938.3696366715658,7875.607740360845,1616.3667671650005,1714.4010367141389,4544.839936481705,1833.0990763386235,6042.508664022222,23.314638351429554,5,1,0,0,3,46.33851087410197,34.12661203873785,58.55040970946608,1.0,0.0,0.0,0.7183469903155362,1,0,0.0,0.0,0.7183469903155362,0.28165300968446383,0.0,0.28165300968446383,0.7183469903155362,0.0,0.0,0.0,13,3,2021,7,13,1,0,0,0,1,0,1,GRAVE_LESIONADOS,1
3,2,18,0,4,1,-13.523385894208658,-74.08773540666877,0,4,3,0,2,1,1,1,6601.815773586225,2.3957604896678575,2,0,1.0,5,30,1560.197770956832,0.6401436491751764,75.88858635115534,72.09052482514062,10.818807791598655,1174.228983553598,76330.12185344138,2970.7893316395675,584.9187340290091,567.4498630126154,1818.4207345979426,924.112092381317,2046.67723925825,32.40854900553364,5,2,0,0,3,33.01059877583035,25.791520979335715,40.229676572325,1.0,1.0,0.0,0.6042395103321423,2,0,0.0,0.0,0.3957604896678577,1.0,0.3957604896678577,1.0,0.6042395103321423,0.0,0.3957604896678577,0.3957604896678577,5,0,2021,4,12,1,0,0,0,1,0,1,GRAVE_LESIONADOS,1
3,1,14,2,2,4,-11.963434119906452,-77.07938339214108,0,2,2,1,2,2,2,0,6543.555,2.0,4,4,1.0,14,33,1198.0,0.758462599563312,80.5192231989937,79.20045639149897,11.33839041452458,1628.5661148492152,363987.54389721627,7626.313,1683.4029999999998,1599.0829999999996,4343.827000000001,1814.875,5811.438000000001,23.797541485643197,14,2,0,2,9,36.53396223578145,34.08372639736341,38.9841980741995,1.0,0.8167452794726815,0.0,0.0,2,0,0.0,0.0,0.1832547205273185,1.0,0.1832547205273185,0.1832547205273185,0.8167452794726815,0.8167452794726815,1.0,0.8167452794726815,14,3,2024,3,6,0,0,0,0,1,0,1,GRAVE_LESIONADOS,1
5,1,11,0,4,1,-12.036750146222582,-75.29063647167746,0,4,1,1,2,1,1,2,6792.550358900025,2.0,3,3,1.0,12,26,1198.0,0.533415510314213,73.05063406185519,74.23101141551217,8.714174373648456,812.7966822339541,13366.147810610395,12264.545,1826.4639999999995,1105.5389999999998,9332.542,1588.5359999999996,10676.009,12.952261987705208,5,1,0,0,4,39.93773067265228,39.81840550075372,40.05705584455083,1.0,0.0,0.0,1.0,1,0,0.0,0.0,0.2386503437971076,0.7613496562028924,0.0,0.7613496562028924,0.2386503437971076,0.0,0.0,0.0,9,1,2021,4,15,4,0,0,2,1,0,1,GRAVE_LESIONADOS,1
3,3,11,1,4,1,-8.732593315495397,-77.42518272283496,0,1,7,1,2,2,2,2,9046.223288507566,2.0,2,1,1.0,10,32,3139.140915186233,0.567335404197822,74.88296876561581,73.9589224518503,8.640589812019591,970.1475108593992,39053.45494852905,8407.702348016179,1451.3161962094352,751.2968967235857,6205.089255083156,1362.9356257163095,7044.766722299868,16.005145671477898,6,3,0,0,3,33.44366450094062,21.900124362268187,53.09987563773181,1.0,1.0,0.0,1.0,3,0,0.0,0.0,1.0,0.7375155452835233,1.0,0.7375155452835233,0.0,1.0,1.0,1.0,21,2,2022,1,25,3,0,1,1,1,0,1,GRAVE_LESIONADOS,1
5,1,7,0,4,1,-13.98296720431438,-73.10626650993642,0,4,1,0,5,1,0,5,7586.903,2.0,2,0,1.0,9,5,1198.0,0.3158316813663173,67.50351213462747,52.9159471993224,5.597260551675308,343.349025584959,7008.084640341016,12915.109289649334,1857.9887009680667,1916.3344496032007,9140.786139078065,2688.6581675395287,10226.451122109804,20.75315078154815,4,1,0,0,3,28.02886520871259,23.981241991943918,32.07648842548126,1.0,0.0,0.24531049798597993,0.24531049798597993,1,0,0.0,0.0,0.0,1.0,0.24531049798597993,1.0,0.0,0.0,0.24531049798597993,0.24531049798597993,15,3,2022,5,7,5,0,0,2,1,0,1,GRAVE_LESIONADOS,1
5,1,5,1,4,2,-7.054345887705707,-78.28841366733246,0,4,6,0,1,2,2,0,6431.352073962602,2.0,3,3,1.0,13,32,1176.3802470276037,0.27632538580216737,76.40970881916338,45.05695883825773,3.5358936861217187,294.5913615292783,20666.284283956655,15998.63072028727,1746.3579315677155,1001.6264653343974,13250.646323385157,2030.2207144099589,13968.410005877313,12.676107896225306,6,1,0,0,5,37.79474918064181,37.79474918064181,37.79474918064181,1.0,0.0,0.0,0.0,1,0,0.0,0.9657915301069676,0.0,0.03420846989303239,0.0,0.03420846989303239,0.9657915301069676,0.0,0.0,0.0,13,2,2021,6,13,1,0,0,2,1,0,1,GRAVE_LESIONADOS,1
3,2,13,0,4,0,-6.947999949157147,-79.70563506365927,0,4,7,1,2,2,2,0,6543.555,2.99176375840804,2,0,1.0,0,30,1472.718561079027,0.5321809887893035,80.15216272723033,69.0460187947905,7.781669079495539,784.8257480399043,10227.019693188582,3459.691,515.0619999999999,689.7280000000001,2254.901,703.3549999999999,2756.336,20.329994788551925,5,2,0,0,3,60.240558389853256,54.76114899383315,65.71996778587335,1.0,0.0,0.0,0.008236241591960125,2,0,0.0,0.9917637584080399,1.0,0.008236241591960125,0.0,0.008236241591960125,1.0,0.0,0.0,0.0,7,1,2022,2,16,3,0,0,0,1,0,1,GRAVE_LESIONADOS,1
3,1,11,0,4,1,-12.008542416824817,-75.25703029021592,0,4,6,1,2,0,1,2,7461.409658727311,2.0,2,0,1.0,9,8,1198.0,0.5464487767634096,72.04496854167077,77.55385505084668,9.340802547791249,834.7756026178639,14046.155806979385,12264.545,1826.4639999999995,1105.5389999999998,9332.542,1588.5359999999996,10676.009,12.952261987705208,6,1,0,0,4,50.515388795493564,50.07552852896345,50.95524906202367,1.0,0.0,0.0,1.0,1,0,0.0,0.0,0.8797205330602158,0.1202794669397842,0.0,0.1202794669397842,0.8797205330602158,0.0,0.0,0.0,18,1,2022,10,5,4,0,0,2,1,0,1,GRAVE_LESIONADOS,1
6,1,22,0,4,1,-16.95616842819823,-70.33052472091802,0,4,7,1,2,2,2,2,2530.633672713344,2.0,2,0,1.0,9,23,399.32906208416017,0.3381473507623837,70.34663375755822,63.20285168804109,6.624170340297011,326.77845849248973,2224.506641356265,2650.572,630.6729999999998,487.3610000000001,1532.5379999999998,1068.7019999999998,1581.87,40.31967439480987,4,1,0,0,3,39.60054296175519,39.60054296175519,39.60054296175519,1.0,0.0,0.0,1.0,1,0,0.0,0.19972851912240497,0.0,0.800271480877595,0.0,0.800271480877595,0.19972851912240497,0.0,0.0,0.0,13,3,2024,2,5,0,0,0,0,1,0,1,GRAVE_LESIONADOS,1