CLASE SINIESTRO,CANTIDAD DE VEHICULOS DAÑADOS,DEPARTAMENTO,ZONA,TIPO DE VÍA,RED VIAL,COORDENADAS LATITUD,COORDENADAS  LONGITUD,CONDICIÓN CLIMÁTICA,ZONIFICACIÓN,CARACTERÍSTICAS DE VÍA,PERFIL LONGITUDINAL VÍA,SUPERFICIE DE CALZADA,¿EXISTE SEÑAL VERTICAL?,¿EXISTE SEÑAL HORIZONTAL?,CAUSA FACTOR PRINCIPAL,MTC_RVN_LONGITUD_KM,MTC_RVN_N_CARRILES_MEDIANA,MTC_RVN_SUPERFICIE_DOMINANTE,MTC_RVN_ESTADO_DOMINANTE,MTC_RVN_ES_CONCESIONADA,MTC_RVN_CONCESION_PRINCIPAL,MTC_RVN_CORREDOR_LOGISTICO,MTC_RVN_N_TRAMOS,IDH_2019,IDH_ESP_VIDA_2019,IDH_EDUC_SECUND_PCT_2019,IDH_ANIOS_EDUC_2019,IDH_INGRESO_PERCAP_2019,IDH_POBLACION_2019,MTC_DEP_RED_TOTAL_KM,MTC_DEP_NACIONAL_TOTAL_KM,MTC_DEP_DEPARTAMENTAL_TOTAL_KM,MTC_DEP_VECINAL_TOTAL_KM,MTC_DEP_PAV_TOTAL_KM,MTC_DEP_NO_PAV_TOTAL_KM,MTC_DEP_PCT_PAVIMENTADA,PER_TOTAL_PERSONAS,PER_N_CONDUCTORES,PER_N_CONDUCTORES_FUGADOS,PER_N_PEATONES,PER_N_PASAJEROS_OCUPANTES,PER_EDAD_COND_PROM,PER_EDAD_COND_MIN,PER_EDAD_COND_MAX,PER_ANY_COND_MASCULINO,PER_ANY_LIC_PROBLEMA,PER_ANY_DOSAJE_POS,PER_ANY_DOSAJE_EVALUADO,VEH_TOTAL,VEH_N_FUGADOS,VEH_ANY_FUGADO,VEH_ANY_CARGA,VEH_ANY_PUBLICO,VEH_ANY_PARTICULAR,VEH_ANY_MOTO,VEH_ANY_AUTO,VEH_ANY_CAMION_BUS,VEH_ANY_SOAT_PROBLEMA,VEH_ANY_CITV_PROBLEMA,VEH_ANY_SEGURO_PROBLEMA,HORA_NUM,FRANJA_HORARIA,ANIO,MES,DIA_MES,DIA_SEMANA,ES_FIN_SEMANA,ES_QUINCENA,REGION_NATURAL,TIENE_SEÑALIZACION,ES_VIA_MULTICARRIL,ES_DEPTO_BAJO_PAVIMENTO,CATEGORIA_SEVERIDAD,CATEGORIA_SEVERIDAD_ENC
3,1,10,0,4,1,-12.071219886075864,-75.20892409983524,0,4,6,0,2,0,0,2,7531.902203927063,2.0,2,0,1.0,9,6,1198.0,0.5297627270615592,71.75065193371306,76.15264287618777,9.12656044839184,802.2421037682371,14249.86989987883,12286.379200788095,1825.3364116708897,1140.7791664361052,9320.2636226811,1635.8134749644955,10650.565725823599,13.302844747634769,6,1,0,0,5,51.472044300250474,50.998402138705586,51.94568646179536,0.9472843230897678,0.052715676910232157,0.0,0.9472843230897678,1,0,0.0,0.0,0.9472843230897678,0.052715676910232157,0.0,0.052715676910232157,0.9472843230897678,0.0,0.0,0.0,19,1,2022,10,3,3,0,0,2,1,0,1,GRAVE_LESIONADOS,1
3,1,3,0,4,1,-15.860363796211187,-71.12488394100556,0,4,2,1,2,0,1,0,1504.4250000000002,2.0,2,0,1.0,7,25,241.0,0.4498224071382834,81.63336343193146,58.84842497065013,5.774685730039019,620.6584683449911,1358.612419700214,10322.272,1495.236,1749.739,7077.2970000000005,2886.595,7435.677000000001,27.964725207783708,6,2,0,0,4,34.171153642413756,22.36922913931008,45.97307814551744,1.0,0.0,0.0,0.3423072848275197,2,0,0.0,0.0,0.3423072848275197,1.0,0.0,0.6576927151724803,1.0,0.0,0.0,0.0,4,0,2023,5,11,2,0,0,0,1,0,1,GRAVE_LESIONADOS,1
3,2,7,1,4,1,-14.278314981142588,-74.04393473233607,0,3,7,1,2,0,1,0,961.0964152765838,0.11929645221349539,2,1,0.4403517738932523,9,24,183.94557727037665,0.6505092849307308,78.23670650628493,72.1948905827385,9.367631705233304,1286.5281403218007,21854.355613196534,9135.101672006522,1578.0956722381716,1683.3973631523381,5873.6086366160125,2414.6611968831235,6720.440475123399,26.12969846360005,9,2,0,0,7,52.42193475641289,36.2473872517583,68.59648226106748,1.0,0.0,0.0,0.4403517738932523,2,0,0.0,0.0,0.5596482261067477,0.4403517738932523,0.0,0.4403517738932523,0.5596482261067477,0.0,0.0,0.5596482261067477,10,2,2022,7,15,2,0,0,0,1,0,1,GRAVE_LESIONADOS,1
6,1,4,0,4,1,-13.552721086356573,-73.73728541031443,4,4,6,1,5,2,2,0,7364.108967199851,2.0,2,0,1.0,9,11,1296.3473988629153,0.6254127924441194,75.30039055037717,79.79191961461069,10.559215083814705,1066.9876006242046,58475.99744653653,8186.590596755727,1376.7873307868028,1368.9132444836205,5440.890021485304,1522.605461880898,6663.98513487483,18.705983785038526,3,1,0,0,1,31.47011090685395,29.823144897187905,33.11707691652,1.0,0.0,0.0,0.0,1,0,0.0,0.23528085852372083,0.0,0.23528085852372083,0.0,1.0,0.23528085852372083,0.0,0.0,0.0,9,1,2022,5,19,2,0,1,1,1,0,1,GRAVE_MORTALIDAD,2
3,2,20,0,4,0,-16.51232077306934,-69.16401394791758,0,4,7,1,2,2,2,2,7243.699188304674,2.0,2,1,1.0,10,14,1198.0,0.27236565645641436,74.15393535538004,67.98320877154313,6.6734848273151375,164.2147839884301,18398.29571968981,13642.312999999998,2020.7790000000005,2354.117,9267.416999999998,3314.0520000000006,10328.260999999997,24.29244952817019,3,2,0,0,1,31.368442270879314,30.039497554739228,32.6973869870194,1.0,0.6710552838599144,0.0,0.0,2,0,0.0,0.0,0.6710552838599144,1.0,0.6710552838599144,1.0,0.3289447161400856,0.0,1.0,0.0,21,2,2021,6,5,2,0,0,2,1,0,1,GRAVE_MORTALIDAD,2
1,1,14,1,4,1,-11.807763470261223,-77.1333333005931,0,4,7,1,2,2,2,0,6543.555,3.0,2,0,1.0,0,30,1475.0,0.6688889885290078,77.65971620762488,72.11797581870952,9.343568875150348,1392.9562465448405,54956.252676659526,7626.313,1683.4029999999998,1599.0829999999996,4343.827000000001,1814.875,5811.438000000001,23.797541485643197,3,1,0,1,0,42.91168944636191,39.64675778544764,46.17662110727618,1.0,0.0,0.0,0.0,1,0,0.0,1.0,0.0,0.4353242214552362,0.0,0.4353242214552362,1.0,0.0,0.0,0.0,9,1,2024,3,20,2,0,1,0,1,1,1,GRAVE_MORTALIDAD,2
4,1,7,0,4,2,-12.813356948528105,-74.60949457249036,0,4,5,0,1,2,2,3,7013.781748545776,2.0,3,2,1.0,11,20,1198.0,0.4200456563610568,71.71789453020997,58.88353929542664,6.628624818053372,593.0459155514116,4850.266414741395,12492.062515629803,1814.7142639880408,1472.7498356855917,9204.59841595617,2081.1784261444454,10410.884089485357,16.60541693191103,9,1,0,0,7,51.49260082725735,47.21104365631834,55.77415799819636,1.0,0.549309771480104,0.0,1.0,1,0,0.0,0.0,0.45069022851989604,0.0,0.45069022851989604,0.0,1.0,0.549309771480104,1.0,0.45069022851989604,9,1,2022,7,15,2,0,0,2,1,0,1,GRAVE_MORTALIDAD,2
3,1,1,0,4,0,-9.298528694880542,-77.18542798525755,2,4,6,0,1,2,2,0,6543.555,2.0,4,4,1.0,14,33,1198.0,0.3348345783908926,76.63297849571582,56.828043904471706,5.273334749418251,336.20753344874,2826.2744791085893,10767.648,1885.0630000000003,1222.721,7659.864000000001,2100.343,8667.305000000002,19.506051832303577,3,1,0,0,1,39.49587216261135,36.74380824391702,41.559920101632095,1.0,0.0,0.0,0.3119840203264185,1,0,0.0,0.0,0.0,1.0,0.6880159796735815,0.3119840203264185,0.0,0.0,0.6880159796735815,0.6880159796735815,14,1,2021,7,29,3,0,1,0,1,0,1,GRAVE_MORTALIDAD,2
7,1,7,0,4,0,-14.361581734572203,-71.7729023643994,0,4,7,1,1,2,2,2,6543.555,2.0,4,4,1.0,14,33,1198.0,0.2941615899253705,67.72510175299983,66.4117955293818,4.1474952275485615,308.84377370345584,1966.488354241114,17779.13499998999,2097.3709999899997,2863.123,12818.640999999989,2878.713,14900.421999989989,16.19152450331032,2,1,0,0,1,37.95751302729618,37.95751302729618,37.95751302729618,1.0,0.5174995797646393,0.0,0.5174995797646393,1,0,0.0,0.0,0.0,1.0,0.5174995797646393,0.48250042023536066,0.0,0.5174995797646393,1.0,0.5174995797646393,9,0,2022,8,13,4,0,0,2,1,0,1,GRAVE_MORTALIDAD,2
4,1,7,0,4,1,-13.255156799278053,-72.27615914779793,0,3,0,0,1,1,1,2,4925.453621847182,2.0,3,2,1.0,9,25,886.2171141570954,0.29786948050184286,71.4739397578306,55.84774575230411,4.677431154875939,291.1438975427195,15128.164266022537,17779.13499998999,2097.3709999899997,2863.123,12818.640999999989,2878.713,14900.421999989989,16.19152450331032,3,1,0,0,1,31.45329145712078,25.53336324491373,37.37321966932783,1.0,0.4933273510172542,0.0,0.0,1,0,0.0,0.5066726489827458,0.0,0.4933273510172542,0.4933273510172542,0.4933273510172542,0.5066726489827458,0.0,0.0,0.0,16,2,2022,5,19,4,0,1,2,1,0,1,GRAVE_MORTALIDAD,2
2,1,12,1,4,1,-8.422308087589315,-78.76005980769065,0,1,7,1,2,2,2,0,6543.555,2.387237271178096,3,2,1.0,8,31,1305.2647241163327,0.5051395598219868,77.13285387085847,51.52067479184955,6.715328807318118,900.900383457586,67612.41755888652,8931.828000000005,1335.5899999999997,1935.9830000000004,5660.255000000005,1219.309,7712.519000000005,13.651281686122925,2,1,1,0,0,30.804203661150467,28.35315274586285,32.64249184761618,0.3872372711780959,0.0,0.0,0.0,1,1,1.0,0.0,0.0,0.3872372711780959,0.0,0.3872372711780959,0.0,0.0,0.3872372711780959,0.3872372711780959,4,0,2021,4,7,4,0,0,0,1,0,1,GRAVE_MORTALIDAD,2
3,3,19,2,4,1,-15.197357405553241,-70.81463746621915,0,3,7,1,2,2,2,2,1445.6818103211758,2.0,2,0,1.0,6,23,233.05863790713383,0.5859909319245582,74.03105302573074,78.48169605988444,10.15901221738279,933.7527436451402,234918.70780294453,13080.251419403729,1989.258706147732,2283.575842512646,8807.416870743353,3173.9872070788615,9906.264212324868,24.246211363836327,11,3,0,0,7,36.60728063063094,22.653994525294863,56.0,1.0,0.0,0.0,0.9065722106721628,3,0,0.0,1.0,0.0,1.0,0.0,0.9065722106721628,1.0,0.9065722106721628,0.9065722106721628,0.9065722106721628,10,1,2022,8,19,0,0,1,1,1,0,1,GRAVE_MORTALIDAD,2
6,1,12,0,4,0,-7.785662031606449,-77.60234967301503,0,4,7,1,7,2,2,0,6543.555,2.0,4,4,1.0,14,33,1198.0,0.4686292122960986,72.39347765706144,42.14285241633188,6.687776775372348,878.2652317159998,9440.374732334049,8931.828000000005,1335.5899999999997,1935.9830000000004,5660.255000000005,1219.309,7712.519000000005,13.651281686122925,2,1,0,0,1,50.87150508015195,50.87150508015195,50.87150508015195,1.0,0.0,0.0,0.0,1,0,0.0,0.016061864981006146,0.0,0.9839381350189939,0.0,0.0,1.0,0.0,0.016061864981006146,0.0,18,1,2023,9,8,1,0,0,0,1,0,1,GRAVE_MORTALIDAD,2
5,1,13,0,4,0,-6.839447311993303,-79.79593720293303,0,4,7,1,2,2,2,0,6543.555,2.782171263091246,2,0,1.0,3,30,1414.6614398762752,0.5465267963030669,78.72208529738165,65.66808276560822,8.937881249237293,818.2822217116329,15873.09733430033,3459.691,515.0619999999999,689.7280000000001,2254.901,703.3549999999999,2756.336,20.329994788551925,2,1,0,0,1,23.15851668517693,23.049602316722556,23.267431053631306,1.0,0.0,0.0,0.21782873690875382,1,0,0.0,0.21782873690875382,0.0,1.0,0.7821712630912462,0.21782873690875382,0.21782873690875382,0.7821712630912462,0.0,0.7821712630912462,4,0,2022,2,25,3,0,1,0,1,0,1,GRAVE_MORTALIDAD,2
6,1,8,0,4,0,-12.744152547115188,-74.76254752020239,0,4,0,0,7,2,2,0,7457.128421790027,2.0,2,0,1.0,9,8,1198.0,0.2003121236276754,59.63537725143846,57.62886253022638,3.883178596492294,161.36362746351142,1591.0475827534547,8511.426,1445.3929999999996,2008.516,5057.516999999999,1879.579,6631.846999999998,22.08300935706896,40,1,0,0,39,42.626851506276026,42.626851506276026,42.626851506276026,1.0,0.0,0.0,0.0,1,0,0.0,0.0,0.8756171687586757,0.12438283124132432,0.0,0.0,1.0,0.12438283124132432,0.12438283124132432,0.12438283124132432,3,0,2023,8,17,0,0,1,2,1,0,1,GRAVE_MORTALIDAD,2
3,1,11,0,4,1,-12.729558485733275,-75.98794583748513,0,4,5,0,3,2,2,1,6543.555,2.7975473605371994,2,0,1.0,2,30,1418.9206188688042,0.669013892952531,77.79168610748572,74.27487323451645,9.709048421282295,1346.3616922992453,55204.58186455597,8172.117015433492,1645.308094190203,1629.5837048509075,4897.225216392382,2031.8475427650726,6140.26947266842,24.641198829316963,3,1,0,0,2,39.37424728564059,33.3926420816116,45.35585248966959,0.7975473605371994,0.20245263946280057,0.0,0.0,1,0,0.0,1.0,0.0,0.7975473605371994,0.0,0.7975473605371994,1.0,0.0,0.0,0.0,7,0,2024,2,24,1,0,1,0,1,0,1,GRAVE_MORTALIDAD,2
3,0,14,2,2,2,-12.187225820987551,-76.9879598275426,0,0,7,1,2,2,2,1,6580.588773090451,2.0,3,2,1.0,12,32,1358.5488192471305,0.7583553928164398,79.82595632107274,76.7651270103073,11.46351379457763,1662.7771470294065,333655.3618843683,7626.313,1683.4029999999998,1599.0829999999996,4343.827000000001,1814.875,5811.438000000001,23.797541485643197,3,2,0,0,0,32.9170129697177,29.84088084323279,35.993145096202625,1.0,0.6159119156767212,0.6159119156767212,0.6159119156767212,2,0,0.0,0.0,0.0,1.0,0.6159119156767212,1.0,0.0,0.0,0.6159119156767212,0.3840880843232788,16,2,2021,4,12,3,0,0,0,1,0,1,GRAVE_MORTALIDAD,2
3,0,14,2,2,4,-12.142438737976006,-77.00703828522872,0,0,7,1,2,2,2,2,6543.555,2.0,4,4,1.0,14,33,1198.0,0.7583721944624742,79.93460642967108,77.14679648012633,11.443904219587225,1657.4155287550907,338409.0793554863,7626.313,1683.4029999999998,1599.0829999999996,4343.827000000001,1814.875,5811.438000000001,23.797541485643197,2,1,0,0,1,27.951473318277408,25.8432780909364,30.059668545618415,1.0,1.0,0.8432780909364024,0.8432780909364024,1,0,0.0,0.0,0.0,1.0,1.0,0.8432780909364024,0.0,0.15672190906359762,0.8432780909364024,0.15672190906359762,17,1,2021,1,5,2,0,0,0,1,0,1,GRAVE_MORTALIDAD,2
3,1,14,0,4,1,-12.928761404325947,-76.51876174097117,0,4,7,1,2,1,1,0,6630.572668721705,2.0975143256408977,2,0,1.0,8,30,1602.2504800846334,0.7093202836058612,79.40043178188732,82.17047034961857,10.772272603506742,1384.735828119935,60265.39813967841,7626.313,1683.4029999999998,1599.0829999999996,4343.827000000001,1814.875,5811.438000000001,23.797541485643197,3,2,0,0,1,57.391013626925194,50.14722781282295,64.63479944102744,1.0,0.0,0.09751432564089746,0.09751432564089746,2,0,0.0,1.0,0.0,0.9024856743591025,0.0,1.0,1.0,0.0,0.09751432564089746,0.0,18,1,2022,8,20,3,0,0,0,1,0,1,GRAVE_MORTALIDAD,2
6,1,3,0,4,2,-16.51219271955405,-72.58930842121941,2,4,1,0,4,2,2,0,6543.555,2.0,4,4,1.0,14,33,1198.0,0.5616105537637165,80.55391223634538,67.08463952449202,8.546282022204831,898.6669382007785,7419.430492221995,10322.272,1495.236,1749.739,7077.2970000000005,2886.595,7435.677000000001,27.964725207783708,3,1,0,0,2,52.764077463600906,52.764077463600906,52.764077463600906,1.0,1.0,0.0,0.0,1,0,0.0,0.0,0.0,1.0,0.0,0.44101936590022595,0.0,1.0,0.44101936590022595,0.558980634099774,9,1,2022,6,12,5,1,0,0,1,0,1,GRAVE_MORTALIDAD,2
3,2,3,0,4,1,-15.38887477901597,-74.88765037757528,0,4,7,0,2,2,2,0,6639.975,2.0,2,0,1.0,9,31,1616.0,0.5140293355498681,82.11897853059659,54.01885147561242,9.200693902288776,697.8064626086847,1477.7837259100645,10322.272,1495.236,1749.739,7077.2970000000005,2886.595,7435.677000000001,27.964725207783708,4,2,0,0,2,48.73531361646034,40.976066634231664,56.49456059868901,1.0,0.0,0.0,0.0,2,0,0.0,0.0,0.0,1.0,0.0,1.0,1.0,0.0,0.5010878802621971,0.0,7,1,2021,1,9,5,1,0,0,1,0,1,GRAVE_MORTALIDAD,2
6,1,5,0,4,2,-7.034814131843636,-78.20548318493383,0,4,4,0,1,2,2,2,6543.555,2.0,4,4,1.0,14,33,1198.0,0.24484447725221947,75.2828667968377,38.93376618734483,3.5343802594293763,238.55287248054475,3181.789925090455,15935.565011852366,1733.9250000199986,935.692,13265.948011832368,2000.1670000199988,13935.398011832369,12.551591352627522,3,1,0,0,2,33.89727278224122,33.89727278224122,33.89727278224122,1.0,0.0,0.7061931829633586,1.0,1,0,0.0,0.0,0.0,1.0,0.0,0.7061931829633586,0.29380681703664135,0.0,0.0,0.0,2,0,2024,4,17,2,0,0,2,1,0,1,GRAVE_MORTALIDAD,2
4,1,4,0,4,1,-13.13258419956578,-74.19980311276002,0,4,0,0,2,1,0,3,2503.0598974927716,1.5342905518936758,2,3,0.5342905518936758,9,18,684.7733017964215,0.21212135951084504,73.93093088136982,45.29315799634677,3.3683395686480595,164.20715289832484,16529.27077759689,12678.733000000004,1805.074000000001,1774.0339999999994,9099.625000000004,2485.375000000001,10193.358000000002,19.602707936195205,22,1,0,0,20,38.55236482702108,31.41148662272411,43.05422282538221,1.0,0.4657094481063242,0.0,1.0,1,0,0.0,0.0,0.5342905518936758,0.4657094481063242,0.4657094481063242,0.4657094481063242,1.0,0.0,0.4657094481063242,0.0,7,0,2022,8,7,1,0,0,2,1,0,1,GRAVE_MORTALIDAD,2
5,1,7,0,4,1,-13.21965297534186,-72.16752980459977,2,4,5,0,2,1,1,2,3447.8009999999995,1.0,2,3,0.0,9,12,1109.0,0.4094422143063281,76.38534292735373,59.911640685803505,6.210412068792965,508.7564163720324,4299.881483024245,17779.13499998999,2097.3709999899997,2863.123,12818.640999999989,2878.713,14900.421999989989,16.19152450331032,4,1,0,0,2,41.81469134266209,41.81469134266209,41.81469134266209,1.0,0.0,0.0,0.0,1,0,0.4592654328668958,0.0,0.0,0.4592654328668958,0.4592654328668958,0.5407345671331042,0.0,0.4592654328668958,0.0,0.4592654328668958,10,0,2023,6,6,1,0,0,2,1,0,1,GRAVE_MORTALIDAD,2
3,1,16,0,3,3,-8.147888614083984,-79.03974588596631,0,3,7,0,2,2,2,0,6543.555,2.0,4,4,1.0,14,33,1198.0,0.6616377140311331,80.07557542200566,73.60818545054047,10.238028266839107,1223.7648039358824,158572.30645593355,8390.38805694795,1739.8781352567012,1050.3046725672652,5600.205249123983,2042.825573102921,6347.5624838450285,24.311932369046417,2,2,0,0,0,35.992828394967546,28.577575661456386,43.408081128478706,1.0,0.0,0.5704040564239353,1.0,2,0,0.0,1.0,0.0,1.0,1.0,0.0,1.0,0.0,1.0,0.0,19,2,2021,10,23,4,0,0,0,1,0,1,GRAVE_MORTALIDAD,2
6,1,1,0,4,1,-9.699486361060046,-77.52866838975282,0,4,5,0,3,2,2,0,631.505444345189,1.6911655759926592,1,3,0.0,9,14,165.07423756047714,0.455778364901112,70.51429809502393,56.23850961991879,7.066396772968038,710.2984104971367,1354.5111401748954,10767.648,1885.0630000000003,1222.721,7659.864000000001,2100.343,8667.305000000002,19.506051832303577,17,1,0,0,16,42.85300654404404,42.85300654404404,42.85300654404404,1.0,0.0,0.0,0.0,1,0,0.0,0.0,0.6911655759926592,0.30883442400734085,0.0,0.30883442400734085,0.6911655759926592,0.0,0.0,0.0,16,1,2021,7,10,4,0,0,0,1,0,1,GRAVE_MORTALIDAD,2
3,2,20,0,4,1,-15.530716206930684,-70.21002800222288,0,4,7,0,2,2,2,2,1638.2156550870147,2.0,1,0,0.4822643612521922,8,28,367.3274958544651,0.33581375840571065,73.86655450764813,69.03869597079542,6.255444323591684,318.03048286188215,4850.655751657813,13642.312999999998,2020.7790000000005,2354.117,9267.416999999998,3314.0520000000006,10328.260999999997,24.29244952817019,13,2,0,0,11,40.65245398688705,36.96452872250438,45.37585052876535,1.0,0.0,0.0,0.5177356387478078,2,0,0.0,0.5177356387478078,0.5177356387478078,0.4822643612521922,0.0,0.4822643612521922,1.0,0.4822643612521922,0.5177356387478078,1.0,19,2,2021,8,9,4,0,0,2,1,0,1,GRAVE_MORTALIDAD,2
6,1,5,0,4,1,-13.486965509447034,-74.11742149824511,0,4,0,0,2,2,2,2,1689.450081329263,2.0,1,2,0.8815076412315994,9,24,335.1437009906281,0.2695301187899068,77.87459610285887,45.14120861990098,4.286085435476044,232.32015527652086,3894.798713975708,12792.909867062059,1830.6333942481388,1842.7694029514496,9119.50706986247,2583.5668923871226,10209.342974674935,20.158406479442597,2,1,0,0,1,56.32673687817958,56.32673687817958,56.32673687817958,1.0,1.0,0.11849235876840059,0.11849235876840059,1,0,0.0,0.0,0.0,1.0,0.0,0.11849235876840059,0.8815076412315994,1.0,0.11849235876840059,0.11849235876840059,2,0,2021,7,12,4,0,0,2,1,0,1,GRAVE_MORTALIDAD,2
3,2,11,0,4,1,-11.530157578223987,-74.33160466599331,0,4,0,0,2,1,1,2,1577.7061629839236,1.0384866610169152,1,2,0.038486661016915225,9,30,348.98372167793616,0.3634507469454062,73.7541880060474,45.16902374907782,6.571930159127492,411.0667267362797,66933.77777530221,12317.570689975953,1833.9425355355015,1153.5925982391777,9330.035556201272,1654.945349371263,10662.625340604689,13.38870794144333,4,2,0,0,2,29.730919966101492,25.38486661016915,34.07697332203383,1.0,0.038486661016915225,0.0,1.0,2,0,0.0,0.0,0.038486661016915225,1.0,0.9615133389830848,0.0,1.0,1.0,0.038486661016915225,0.0,13,3,2021,2,21,0,0,1,2,1,0,1,GRAVE_MORTALIDAD,2
3,2,10,0,4,1,-13.724547285266725,-75.8924942584939,0,4,7,1,2,2,2,0,1679.5849999999998,2.0,2,3,1.0,9,24,315.0,0.5476064687943295,72.89816640240538,72.53137929650067,8.073066505789269,930.7694624870004,5923.768736616702,3721.461,698.1859999999996,744.866,2278.409,1102.9029999999996,2618.558,29.636290693359403,5,2,0,0,3,36.44977575777921,32.13973090933504,40.85501701834783,1.0,0.0,0.0,1.0,2,0,0.0,1.0,0.0,1.0,0.2855892363734017,0.2855892363734017,0.7144107636265983,0.0,1.0,0.2855892363734017,9,1,2022,11,21,2,0,0,0,1,0,1,GRAVE_MORTALIDAD,2
5,1,11,0,4,1,-7.888742773751874,-77.7986540248768,0,4,6,1,6,2,2,0,1641.2741024907164,1.047532883312153,1,3,0.0,9,30,285.19375043413817,0.1549676897243939,78.93102680144527,33.89770619208265,2.205287650067511,143.24100184206193,18562.375330527273,8897.472610395596,1335.4896105504445,1881.6050962935972,5680.3779035515545,1211.7298817558772,7685.742728639719,13.616086812523434,2,1,0,0,0,23.06948987452345,22.14259864993646,23.996381099110437,1.0,0.0,0.0,0.0,1,0,0.0,0.0,0.0,1.0,0.04753288331215322,0.0,0.9524671166878468,0.04753288331215322,0.0,0.04753288331215322,2,0,2022,3,20,3,0,1,0,1,0,1,GRAVE_MORTALIDAD,2
3,2,10,0,4,1,-14.260354314736635,-75.68537804192775,5,4,7,1,2,2,2,0,6639.975,2.0,2,0,1.0,9,31,1616.0,0.6213910737086981,80.12307194371625,74.53526676191808,9.294467736815974,1061.8956473189264,30628.734398018092,3721.461,698.1859999999996,744.866,2278.409,1102.9029999999996,2618.558,29.636290693359403,3,2,0,0,1,48.30554342689568,46.6921797357307,49.91890711806066,1.0,0.0,0.0,1.0,2,0,0.0,1.0,0.0,0.22672738232996326,0.0,0.22672738232996326,1.0,0.0,0.0,0.0,13,3,2023,1,9,2,0,0,0,1,0,1,GRAVE_MORTALIDAD,2
5,1,7,0,4,2,-13.472851843202822,-72.38404185809371,0,4,0,0,1,2,2,5,6669.44430528086,2.0,3,3,1.0,13,29,1198.0,0.3602564660095853,70.34780764844679,52.37055877183429,5.736034525132327,448.8275803271966,8681.919785198957,17779.13499998999,2097.3709999899997,2863.123,12818.640999999989,2878.713,14900.421999989989,16.19152450331032,11,1,0,0,10,37.034728161412225,36.31077428247139,37.75868204035306,1.0,0.0,0.879341020176528,0.879341020176528,1,0,0.0,0.0,0.0,1.0,0.0,1.0,0.12065897982347196,0.0,0.879341020176528,0.0,19,1,2024,7,26,4,0,0,2,1,0,1,GRAVE_MORTALIDAD,2
5,1,8,0,4,1,-11.947153165660989,-75.57113957033127,0,4,3,0,1,2,2,0,6543.555,2.1912100154364618,3,3,1.0,11,32,1250.9651742759,0.39290816436171494,73.7596318538192,52.29199489566509,5.788369194642688,524.5229572035267,24726.986491777592,8591.81107290952,1424.3975666750298,1994.6469639503473,5172.766542284142,1753.3287631077674,6838.482309801751,20.47077857895133,4,1,0,0,3,39.713184976845305,37.70547981476246,41.720890138928155,1.0,0.19121001543646154,0.0,0.0,1,0,0.0,0.19121001543646154,1.0,0.0,1.0,0.0,0.19121001543646154,0.0,0.0,0.19121001543646154,12,2,2022,6,5,5,0,0,1,1,0,1,GRAVE_MORTALIDAD,2
3,2,3,0,4,1,-16.489133121182594,-71.79875130895127,0,4,7,0,2,0,1,0,6608.846035609169,2.3228475875423262,2,0,1.0,6,30,1570.478490156532,0.607306086986475,78.14220913175623,71.27528592658227,8.599837415885373,1106.0710040815418,34479.99517169691,10322.272,1495.236,1749.739,7077.2970000000005,2886.595,7435.677000000001,27.964725207783708,3,2,0,0,1,33.61423793771163,29.0,38.228475875423264,1.0,0.0,0.0,0.0,2,0,0.0,0.6771524124576737,0.32284758754232634,1.0,0.0,1.0,1.0,0.0,0.32284758754232634,0.0,8,0,2023,2,20,4,0,1,0,1,0,1,GRAVE_MORTALIDAD,2
1,1,14,2,2,2,-12.077096763304102,-76.98891362428621,0,1,1,1,2,2,2,0,6543.555,2.3749708139147945,3,2,1.0,8,31,1301.866915454398,0.701841322367415,79.95891961590762,75.41891125177986,10.21134223535119,1428.0208305243573,481660.59874451254,7626.313,1683.4029999999998,1599.0829999999996,4343.827000000001,1814.875,5811.438000000001,23.797541485643197,3,1,0,1,0,27.56280645389466,23.500116744340822,31.625496163448496,1.0,0.0,0.0,0.0,1,0,0.0,0.0,0.6250291860852057,0.37497081391479425,0.6250291860852057,0.37497081391479425,0.6250291860852057,0.0,1.0,0.0,4,0,2021,6,12,3,0,0,0,1,0,1,GRAVE_MORTALIDAD,2