CLASE SINIESTRO,CANTIDAD DE VEHICULOS DAÑADOS,DEPARTAMENTO,ZONA,TIPO DE VÍA,RED VIAL,COORDENADAS LATITUD,COORDENADAS  LONGITUD,CONDICIÓN CLIMÁTICA,ZONIFICACIÓN,CARACTERÍSTICAS DE VÍA,PERFIL LONGITUDINAL VÍA,SUPERFICIE DE CALZADA,¿EXISTE SEÑAL VERTICAL?,¿EXISTE SEÑAL HORIZONTAL?,CAUSA FACTOR PRINCIPAL,MTC_RVN_LONGITUD_KM,MTC_RVN_N_CARRILES_MEDIANA,MTC_RVN_SUPERFICIE_DOMINANTE,MTC_RVN_ESTADO_DOMINANTE,MTC_RVN_ES_CONCESIONADA,MTC_RVN_CONCESION_PRINCIPAL,MTC_RVN_CORREDOR_LOGISTICO,MTC_RVN_N_TRAMOS,IDH_2019,IDH_ESP_VIDA_2019,IDH_EDUC_SECUND_PCT_2019,IDH_ANIOS_EDUC_2019,IDH_INGRESO_PERCAP_2019,IDH_POBLACION_2019,MTC_DEP_RED_TOTAL_KM,MTC_DEP_NACIONAL_TOTAL_KM,MTC_DEP_DEPARTAMENTAL_TOTAL_KM,MTC_DEP_VECINAL_TOTAL_KM,MTC_DEP_PAV_TOTAL_KM,MTC_DEP_NO_PAV_TOTAL_KM,MTC_DEP_PCT_PAVIMENTADA,PER_TOTAL_PERSONAS,PER_N_CONDUCTORES,PER_N_CONDUCTORES_FUGADOS,PER_N_PEATONES,PER_N_PASAJEROS_OCUPANTES,PER_EDAD_COND_PROM,PER_EDAD_COND_MIN,PER_EDAD_COND_MAX,PER_ANY_COND_MASCULINO,PER_ANY_LIC_PROBLEMA,PER_ANY_DOSAJE_POS,PER_ANY_DOSAJE_EVALUADO,VEH_TOTAL,VEH_N_FUGADOS,VEH_ANY_FUGADO,VEH_ANY_CARGA,VEH_ANY_PUBLICO,VEH_ANY_PARTICULAR,VEH_ANY_MOTO,VEH_ANY_AUTO,VEH_ANY_CAMION_BUS,VEH_ANY_SOAT_PROBLEMA,VEH_ANY_CITV_PROBLEMA,VEH_ANY_SEGURO_PROBLEMA,HORA_NUM,FRANJA_HORARIA,ANIO,MES,DIA_MES,DIA_SEMANA,ES_FIN_SEMANA,ES_QUINCENA,REGION_NATURAL,TIENE_SEÑALIZACION,ES_VIA_MULTICARRIL,ES_DEPTO_BAJO_PAVIMENTO,CATEGORIA_SEVERIDAD,CATEGORIA_SEVERIDAD_ENC
3,2,19,0,4,1,-5.437843788826877,-80.69796103537884,0,4,7,1,2,1,0,0,6543.555,2.31654966526787,3,2,1.0,9,32,1285.6842572792,0.46193685615645547,74.8862006085504,57.39584400043265,7.281661461673767,664.4939383661458,4880.950090045448,8965.846000060003,1782.4120000599992,636.9959999999999,6546.438000000004,2214.505000059999,6751.341000000004,24.699342371541725,6,2,0,1,2,39.477231771250054,24.88485435151769,51.11514564848231,1.0,1.0,0.0,0.31654966526787,2,0,0.0,0.31654966526787,1.0,1.0,1.0,0.68345033473213,0.31654966526787,0.31654966526787,0.31654966526787,0.31654966526787,21,2,2021,5,5,0,0,0,0,1,0,1,GRAVE_MORTALIDAD,2
3,1,3,0,4,1,-16.28236922671392,-72.38875120962766,0,4,6,0,2,0,1,0,6622.273327886329,2.0,2,0,1.0,9,31,1539.2597081153829,0.6184987697075938,77.57470333008315,64.03914905024676,8.431770797972467,1253.620897786758,6207.276686116287,10322.272,1495.236,1749.739,7077.2970000000005,2886.595,7435.677000000001,27.964725207783708,3,1,0,0,1,31.81641078496503,24.468713720279755,39.16410784965031,1.0,0.8164107849650307,0.0,0.0,1,0,0.0,0.0,0.0,1.0,0.8164107849650307,0.8164107849650307,0.18358921503496928,0.0,0.8164107849650307,0.0,18,1,2022,2,23,4,0,0,0,1,0,1,GRAVE_MORTALIDAD,2
4,1,19,0,3,2,-5.150678369788546,-80.67309580825533,0,4,7,1,2,2,2,1,6543.555,2.501515461479734,2,1,1.0,6,31,1336.9197828298863,0.6288865227458251,78.57399247819967,74.7867349565271,10.521660897528907,1050.023033693004,181397.7026305482,8965.846000060003,1782.4120000599992,636.9959999999999,6546.438000000004,2214.505000059999,6751.341000000004,24.699342371541725,3,1,0,0,1,38.275005114415606,27.993938154081064,48.55607207475015,1.0,0.0,0.4984845385202662,1.0,1,0,0.0,0.5015154614797338,0.0,1.0,0.4984845385202662,0.0,0.5015154614797338,0.4984845385202662,0.4984845385202662,0.4984845385202662,5,0,2022,4,17,1,0,0,0,1,0,1,GRAVE_MORTALIDAD,2
3,1,18,0,3,3,-5.483274178838994,-80.52045485352687,0,3,0,1,1,2,2,0,6543.555,2.0,4,4,1.0,14,33,1198.0,0.5090760405835544,78.15099702023382,62.49632892775199,7.777216770584747,752.8306790694074,76248.24384066954,8963.43441042708,1750.7360843328497,729.0832354922929,6483.615090601937,2143.9539872950418,6819.480423132038,23.916127939009833,4,1,0,0,3,20.819012091510785,16.638024183021567,25.0,1.0,0.9291084241087146,0.0,0.9291084241087146,1,0,0.0,0.9291084241087146,0.0,1.0,0.9291084241087146,0.07089157589128536,0.0,0.9291084241087146,1.0,0.0,13,2,2021,10,20,5,0,0,0,1,0,1,GRAVE_MORTALIDAD,2
6,1,4,0,4,1,-13.18033513898817,-74.19033665778912,2,4,0,0,2,1,0,4,2761.2772316934056,0.37427367828974,1,3,0.0,9,18,829.926060517224,0.2344995907439788,75.64534251341752,36.794113553447474,3.6093856100788946,339.49846820443986,3472.558751672197,12678.733000000004,1805.074000000001,1774.0339999999994,9099.625000000004,2485.375000000001,10193.358000000002,19.602707936195205,6,1,0,0,5,39.55850523059357,39.55850523059357,39.55850523059357,1.0,0.0,0.0,1.0,1,0,0.0,0.0,0.0,0.31286316085513,0.0,0.0,1.0,0.31286316085513,1.0,0.31286316085513,16,1,2023,7,25,2,0,1,2,1,0,1,GRAVE_MORTALIDAD,2
6,1,3,0,4,1,-16.003812704163643,-71.26965952675658,0,4,1,0,2,1,1,0,1504.4250000000002,2.0,2,0,1.0,7,25,241.0,0.4685280505645348,81.83746865987648,70.74305753660312,6.037751599761188,617.4715908037651,1751.8736616702354,10322.272,1495.236,1749.739,7077.2970000000005,2886.595,7435.677000000001,27.964725207783708,5,1,0,0,4,27.679380465274058,27.58232611309205,27.77643481745607,1.0,0.9352970985453276,0.0,0.0,1,0,0.0,0.06470290145467239,0.0,0.9352970985453276,0.0,0.9352970985453276,0.06470290145467239,0.0,0.0,0.0,6,1,2023,5,14,3,0,0,0,1,0,1,GRAVE_MORTALIDAD,2
3,2,1,0,4,1,-7.011812047526412,-77.96687842074313,0,4,6,1,2,2,2,0,7591.34092563783,2.0,2,0,1.0,9,21,2055.8016947327055,0.44069176496558005,71.73887746219832,55.528870351835046,5.583588226403148,757.2439885223138,7181.8348376060885,3876.515341780706,1086.8915848794754,608.8864617028365,2180.7372951983943,967.3794263225207,2909.1359154581855,24.98751026631461,3,2,0,0,1,56.98418351816542,40.25340130302423,73.71496573330661,1.0,0.8506802606048463,0.0,0.14931973939515375,2,0,0.0,1.0,0.0,1.0,0.8506802606048463,0.14931973939515375,1.0,0.0,0.8506802606048463,0.0,18,2,2022,9,7,5,0,0,0,1,0,1,GRAVE_MORTALIDAD,2
5,1,20,0,4,0,-14.185874904423695,-69.66901877365594,4,4,0,0,6,2,2,2,6543.555,2.0,4,4,1.0,14,33,1198.0,0.387202855042184,70.6323617546961,71.71217935620821,6.387198017240647,426.19631113783237,4623.54137623168,13642.312999999998,2020.7790000000005,2354.117,9267.416999999998,3314.0520000000006,10328.260999999997,24.29244952817019,5,1,0,0,4,50.17189586827288,50.07237720769384,50.27141452885191,1.0,0.9819056980765392,0.0,0.0,1,0,0.0,0.0,0.018094301923460843,0.9819056980765392,0.0,0.0,1.0,0.0,0.9819056980765392,0.0,18,2,2021,8,27,4,0,0,2,1,0,1,GRAVE_MORTALIDAD,2
4,1,12,0,4,0,-8.47987672070461,-78.49698756054754,0,4,7,1,5,2,2,0,6543.555,2.372006617395902,3,2,1.0,8,31,1301.0458330186648,0.4971504606547645,77.79759708660042,46.44666297237219,6.322206801902116,929.9716106661404,44368.59100642397,8931.828000000005,1335.5899999999997,1935.9830000000004,5660.255000000005,1219.309,7712.519000000005,13.651281686122925,8,1,0,0,7,33.626135656615986,28.23203970437541,39.02023160885656,1.0,0.0,0.0,0.0,1,0,0.0,0.3720066173959019,0.3720066173959019,0.6279933826040981,0.0,0.3720066173959019,1.0,0.0,0.3720066173959019,0.0,15,3,2023,8,20,3,0,0,0,1,0,1,GRAVE_MORTALIDAD,2
3,1,14,0,4,1,-12.270810785190998,-76.8980978941821,0,3,7,1,2,2,2,0,6639.975,2.0,2,0,1.0,9,31,1616.0,0.6909236767275176,78.41626133969348,70.97436336767564,9.826485374940413,1476.8351947609171,95908.53319057816,7626.313,1683.4029999999998,1599.0829999999996,4343.827000000001,1814.875,5811.438000000001,23.797541485643197,8,1,0,0,6,33.22759065826371,33.22759065826371,33.22759065826371,1.0,0.0,0.0,0.0,1,0,0.0,0.0,0.0,0.752489926859588,0.0,0.0,1.0,0.0,0.24751007314041196,0.0,6,1,2023,9,18,1,0,0,0,1,0,1,GRAVE_MORTALIDAD,2
3,2,12,0,4,1,-8.405715590482826,-78.8268623710782,0,4,7,1,2,2,2,2,6543.555,3.0,2,0,1.0,0,30,1475.0,0.5051395598219868,77.13285387085847,51.52067479184955,6.715328807318118,900.900383457586,67612.41755888652,8931.828000000005,1335.5899999999997,1935.9830000000004,5660.255000000005,1219.309,7712.519000000005,13.651281686122925,5,2,0,0,3,38.30252039741491,33.837184950323135,42.767855844506684,1.0,0.16281504967686378,0.0,0.8371849503231362,2,0,0.0,1.0,0.0,1.0,0.0,1.0,1.0,0.0,1.0,0.0,18,2,2021,3,18,0,0,0,0,1,1,1,GRAVE_MORTALIDAD,2
3,2,19,2,4,1,-17.195697333026633,-71.29575670713393,5,3,2,0,2,0,1,1,964.8827932948377,2.0,2,0,0.18691444060846163,9,30,380.0468447513231,0.6255622666345306,76.7715341680431,75.1607971142315,10.125918114121927,1092.3946420295877,17111.615432877075,2850.736618388755,643.2921546287988,535.492403028882,1671.9520607310737,1075.0946607832498,1775.6419576055048,38.3227957064477,4,2,0,0,1,35.50468447513231,26.560743321825385,50.95331010357154,1.0,0.0,0.0,0.8130855593915384,2,0,0.0,0.8130855593915384,0.0,1.0,0.18691444060846163,0.8130855593915384,0.8130855593915384,0.18691444060846163,0.18691444060846163,0.18691444060846163,5,0,2022,8,16,5,1,1,0,1,0,1,GRAVE_MORTALIDAD,2
3,1,3,0,4,0,-16.601799827508646,-71.85347393216381,0,4,7,0,2,0,1,0,6638.066302622158,2.0,2,0,1.0,9,31,1607.7254148108477,0.6105481451420971,78.10653088113892,68.35418098658066,8.411557426919764,1158.5430895193692,35025.678800856535,10322.272,1495.236,1749.739,7077.2970000000005,2886.595,7435.677000000001,27.964725207783708,3,1,0,0,1,32.336526191903324,29.39591316694509,35.27713921686156,1.0,0.019795658347254386,0.0,0.0,1,0,0.0,0.9802043416527456,0.0,1.0,0.0,1.0,0.9802043416527456,0.0,0.0,0.0,5,0,2023,1,18,5,1,0,0,1,0,1,GRAVE_MORTALIDAD,2
4,1,17,0,4,1,-13.360287234669933,-74.38324329674604,0,4,4,0,2,1,1,2,1413.7572409251325,2.0,2,1,0.3906821109859392,9,26,778.0889058568864,0.6354043462719001,76.6475326142175,72.882279930791,10.359871157999539,1187.5904995505168,2726.628824705377,3392.7244365596785,527.7448955698039,907.8015863554195,1957.1779546344558,698.5374879601733,2694.1869485995057,21.26911379928195,3,1,0,0,1,36.78136422197188,36.17204633295782,37.39068211098594,1.0,0.3906821109859392,0.0,0.6093178890140608,1,0,0.0,0.6093178890140608,0.0,0.6093178890140608,0.0,0.3906821109859392,0.6093178890140608,0.0,0.0,0.0,19,2,2021,9,20,3,0,1,1,1,0,1,GRAVE_MORTALIDAD,2
5,1,7,0,4,2,-13.196106861099828,-73.04766987547484,0,4,1,0,6,2,2,2,6543.555,2.0,4,4,1.0,14,33,1198.0,0.36267338489715845,77.50703750707676,55.87099739244727,5.319111836020522,427.7648822010668,11868.30763892776,12863.188884375752,1846.3659078221547,1885.0779431872156,9131.745033366382,2644.00671599332,10219.182168382431,20.50045429128921,2,1,0,0,1,57.81856296474565,57.53142144399634,58.10570448549497,1.0,1.0,0.0,0.8085723195004575,1,0,0.0,0.0,0.0,1.0,0.1914276804995425,0.0,0.8085723195004575,0.1914276804995425,0.0,0.1914276804995425,10,1,2021,6,12,3,0,0,2,1,0,1,GRAVE_MORTALIDAD,2
4,1,17,0,4,1,-13.495469248360916,-74.28237596841988,0,4,4,0,2,1,1,2,1431.4215201831462,2.0,2,1,0.4116554604567024,9,26,764.833748991364,0.6399670742613539,76.71277058571417,72.80267213219695,10.44759835987893,1205.8753991769554,2738.7600884863045,3377.4569735791833,525.7670667680121,907.6382039630423,1944.0517028481297,704.3170719271326,2673.1399016520513,21.548273973445312,3,1,0,0,1,36.82331092091341,36.23496638137011,37.4116554604567,1.0,0.4116554604567024,0.0,0.5883445395432976,1,0,0.0,0.5883445395432976,0.0,0.5883445395432976,0.0,0.4116554604567024,0.5883445395432976,0.0,0.0,0.0,19,2,2021,9,20,3,0,1,1,1,0,1,GRAVE_MORTALIDAD,2
3,1,11,0,4,1,-11.40287429415493,-74.29148221506827,0,4,6,0,2,2,2,0,5508.210775237908,2.0,2,0,0.0,9,32,372.8006681793481,0.4004834650156096,73.75566066648183,58.84184523236883,6.926307275569868,464.11067812512016,27514.496748767324,12354.107591634367,1839.0955569772498,1186.7035222836178,9328.308512373498,1700.7041479513005,10653.403443683066,13.689437321828088,3,1,0,0,1,38.34994431838766,26.195016704483702,50.50487193229161,1.0,1.0,0.0,1.0,1,0,0.0,0.0,0.0,1.0,0.9349944318387654,0.9349944318387654,0.0650055681612346,0.0650055681612346,1.0,0.0,21,2,2021,5,26,4,0,0,2,1,0,1,GRAVE_MORTALIDAD,2
3,1,7,0,4,1,-13.532917959391805,-71.7318980334049,0,4,3,1,2,1,1,2,3342.894547935624,1.56945979049281,2,1,0.56945979049281,6,15,799.7833337624041,0.4088451695565678,70.01730680907576,66.37355524549059,6.331534761170116,555.20926732309,6914.593830839315,17779.13499998999,2097.3709999899997,2863.123,12818.640999999989,2878.713,14900.421999989989,16.19152450331032,3,2,0,0,0,30.145810314260785,22.45810314260785,37.83351748591372,1.0,0.56945979049281,0.0,0.56945979049281,2,0,0.43054020950718996,0.0,0.56945979049281,1.0,1.0,0.0,0.56945979049281,1.0,0.56945979049281,1.0,17,2,2024,10,4,2,0,0,2,1,0,1,GRAVE_MORTALIDAD,2
5,1,2,0,4,1,-13.263462519291794,-73.55762523541227,4,4,6,0,2,2,2,2,7873.642970535226,2.0,2,0,1.0,9,8,1519.1448039359148,0.2822650211064265,77.34383264432289,60.532477119708,3.9358659103839453,246.29194745955272,7931.943146035317,8340.679167880984,1288.6770850723549,1236.3425136139645,5815.659569194665,1387.192692103874,6953.48647577711,16.623509317492523,2,1,0,0,1,31.46418603618198,31.342170533166815,31.58620153919715,1.0,0.8779844969848348,0.0,0.0,1,0,0.0,0.0,0.0,1.0,0.0,0.8779844969848348,0.12201550301516517,0.8779844969848348,0.8779844969848348,0.8779844969848348,5,0,2023,11,25,3,0,1,2,1,0,1,GRAVE_MORTALIDAD,2
3,2,13,0,4,1,-6.267275734971789,-79.98068080336326,0,4,7,1,2,2,2,0,4477.041031821442,2.6055047666158764,2,0,1.0,0,26,957.4222538000299,0.4204584767918559,75.37828199744823,53.95915776214376,5.473055469629439,624.8732120747482,47100.710738473324,3459.691,515.0619999999999,689.7280000000001,2254.901,703.3549999999999,2756.336,20.329994788551925,14,2,0,0,12,32.357800049466704,30.66055243277464,34.055047666158764,1.0,0.0,0.0,0.3944952333841235,2,0,0.0,0.0,0.6055047666158765,1.0,0.3944952333841235,0.6055047666158765,1.0,0.0,1.0,0.0,10,0,2022,2,4,0,0,0,0,1,0,1,GRAVE_MORTALIDAD,2
4,2,3,0,4,0,-16.315681774604112,-71.8041401750446,0,4,7,1,2,2,2,0,6616.146575499549,2.0,2,0,1.0,10,31,1512.6990101515382,0.6176571330767063,79.27065606688414,71.61054592690316,8.075778239818513,1185.9592257446368,2498.75502760546,10322.272,1495.236,1749.739,7077.2970000000005,2886.595,7435.677000000001,27.964725207783708,3,2,0,0,1,44.79111438318672,35.54015823474052,55.798763570756336,1.0,0.7528684453386081,0.0,0.0,2,0,0.0,0.0,0.0,1.0,1.0,0.7528684453386081,1.0,0.0,0.7528684453386081,0.7528684453386081,17,2,2022,8,23,5,1,0,0,1,0,1,GRAVE_MORTALIDAD,2
1,1,11,1,3,2,-14.219014391700492,-71.27687236669342,0,2,7,0,3,2,2,2,6914.83535136358,2.0,3,2,1.0,12,23,1198.0,0.607810676839633,76.91649550436989,78.84155604520558,9.832267831484536,1004.0045748769869,61743.677024866716,16307.027203085343,2070.115372272377,2681.990792408506,11554.921038404458,3033.630455041146,13273.396748044195,19.07427722780875,4,1,0,0,1,37.86487144444473,32.52705005555656,41.067564277777635,1.0,0.3558547592592114,0.0,0.6441452407407886,1,0,0.0,0.0,0.3558547592592114,1.0,0.0,1.0,0.3558547592592114,0.3558547592592114,1.0,0.3558547592592114,7,1,2022,9,26,2,0,1,2,1,0,1,GRAVE_MORTALIDAD,2
1,1,21,1,2,3,-17.07385724017228,-71.07793600605717,0,1,7,1,2,2,2,0,6103.95300154142,2.0,3,3,1.0,12,31,1111.1432804248207,0.6846385115062298,76.50482531664785,74.77069700394662,11.477352172573239,1329.9215052699878,74633.7538072722,2718.472890904299,620.9709785441485,504.3435447055753,1593.158367654575,1038.042249346248,1680.4306415580509,38.642149761033615,3,1,0,1,0,37.58743675075001,32.24472417760713,42.517586074642885,0.08391953582142941,0.0,0.08391953582142941,0.08391953582142941,1,0,0.9160804641785706,0.08391953582142941,0.08391953582142941,0.08391953582142941,0.0,0.08391953582142941,0.08391953582142941,0.0,0.08391953582142941,0.9160804641785706,18,1,2022,9,11,5,0,0,0,1,0,1,GRAVE_MORTALIDAD,2
6,1,7,0,4,2,-13.645667256434681,-71.88610331337064,2,4,0,0,7,1,1,1,6543.555,2.0,4,4,1.0,14,33,1198.0,0.3471375295254322,77.76614285672474,55.623462422977646,5.539985767375687,342.50380508913173,4881.587119137289,17779.13499998999,2097.3709999899997,2863.123,12818.640999999989,2878.713,14900.421999989989,16.19152450331032,3,1,0,0,2,28.0,28.0,28.0,0.6665374064039895,0.3334625935960105,0.0,0.0,1,0,0.0,0.0,0.3334625935960105,0.6665374064039895,0.3334625935960105,0.6665374064039895,0.0,0.3334625935960105,0.0,0.3334625935960105,17,2,2023,2,24,6,1,1,2,1,0,1,GRAVE_MORTALIDAD,2
3,1,15,2,5,3,-13.190385397622666,-74.82412236266487,0,3,2,1,2,0,1,0,4918.641904715224,2.0,3,2,1.0,11,30,889.4066848468821,0.703832973631711,78.08359229034377,78.26143546653918,11.421106300041027,1393.3570480089038,245010.95306063694,9566.226671850738,1792.1929459697997,1842.5505497526844,5931.483176128255,2298.2981979428487,7267.92847390789,23.95712906509915,6,2,0,1,2,42.775409455035344,36.90590080107775,50.57967243597173,1.0,0.0,0.0,0.32245905449646595,2,0,0.0,0.32245905449646595,0.0,1.0,0.0,1.0,0.32245905449646595,0.32245905449646595,0.32245905449646595,0.32245905449646595,8,1,2022,11,18,0,0,1,0,1,0,1,GRAVE_MORTALIDAD,2
3,1,11,1,4,1,-12.330346999292447,-74.8094361153477,0,2,7,0,2,1,1,2,7586.903,2.0,2,0,1.0,9,5,1198.0,0.5321365781226972,71.9365681230707,77.52473045221694,9.210141830855578,796.4899432263645,14145.240804235575,12363.897356283202,1840.4762670225828,1195.5753241876482,9327.84576507297,1712.964844627227,10650.932511655974,13.770015305272901,3,1,0,0,1,26.752388825253025,22.576888743435482,30.927888907070564,0.9278889070705648,1.0,0.9278889070705648,0.9278889070705648,1,0,0.0,0.0,0.0,1.0,0.0,1.0,0.0,0.9278889070705648,1.0,0.0,4,0,2022,9,14,4,0,0,2,1,0,1,GRAVE_MORTALIDAD,2
3,2,3,0,3,3,-8.949677229296247,-77.99615009268864,0,4,7,1,2,1,1,2,6543.555,2.2054014084780293,3,3,1.0,11,32,1254.8961901484142,0.4529107366358996,73.38824607505352,62.333292112916126,6.8497169223730445,644.3345628880066,21107.997551616725,10390.567986287864,1772.2004718793519,1369.2260194138562,7249.141494994658,1919.3773754829679,8471.190610804899,18.30347379796295,5,2,0,0,3,30.76214084521616,19.108028169560587,42.15138732369773,1.0,0.7945985915219707,0.0,0.0,2,0,0.0,0.0,0.0,1.0,0.7945985915219707,0.7945985915219707,0.20540140847802935,0.7945985915219707,0.7945985915219707,0.7945985915219707,18,2,2022,9,19,6,1,0,0,1,0,1,GRAVE_MORTALIDAD,2
6,1,16,0,4,0,-13.427871201896604,-72.64690528881658,0,4,0,0,1,1,1,2,6941.530747676496,2.0,3,2,1.0,12,22,1198.0,0.47107460117373023,73.74747085548859,64.61690392279225,7.230643101852727,714.0232970112193,8963.873850202392,13116.775739254064,1946.6592840377725,1877.8581073942505,9292.25834782204,2655.8693799846687,10460.906359269395,19.96683658291297,2,1,0,0,1,46.041266461626954,46.041266461626954,46.041266461626954,1.0,0.6185589585866885,0.0,0.3814410414133115,1,0,0.0,0.6185589585866885,0.0,0.3814410414133115,0.0,0.3814410414133115,0.6185589585866885,1.0,1.0,0.3814410414133115,10,1,2021,7,15,3,0,0,2,1,0,1,GRAVE_MORTALIDAD,2
6,1,11,0,4,0,-7.97685399664277,-78.66940963767236,0,4,0,0,1,2,2,0,6562.28357965347,2.0,3,3,1.0,13,32,1198.0,0.151403201500417,77.09140019275378,28.28154674562952,2.8057410278424504,105.33155190573714,7768.264863693362,8921.544951626358,1334.636130347491,1924.5326509689646,5662.376170309903,1223.139162088756,7698.405789537602,13.713896211142366,2,1,0,0,1,22.1436037038723,22.1436037038723,22.1436037038723,1.0,1.0,0.0,0.0,1,0,0.0,0.0,0.0,1.0,0.0,0.017950462984037463,0.9820495370159625,0.017950462984037463,0.017950462984037463,0.017950462984037463,16,2,2023,9,25,0,0,1,0,1,0,1,GRAVE_MORTALIDAD,2
5,1,13,0,4,1,-7.031120674681997,-79.60178598870742,0,4,7,1,2,1,0,0,6543.555,3.0,2,0,1.0,0,30,1475.0,0.5328313946151968,80.14557682903842,69.10246351364754,7.779461377421685,787.1306410578989,10221.605995717344,3459.691,515.0619999999999,689.7280000000001,2254.901,703.3549999999999,2756.336,20.329994788551925,62,1,0,0,61,58.4621545573972,56.203203698465444,60.72110541632896,1.0,0.0,0.0,0.7848618229588802,1,0,0.0,0.21513817704111982,0.21513817704111982,0.0,0.0,0.0,1.0,0.0,0.0,0.0,7,0,2021,7,16,1,0,1,0,1,1,1,GRAVE_MORTALIDAD,2
3,1,5,0,4,2,-7.074608624225236,-78.71378066353266,0,4,0,0,2,1,0,1,6543.555,2.0,4,4,1.0,14,33,1198.0,0.37511870132106867,73.90829409732612,52.414366163354245,5.044131761834288,503.05382105463485,14124.053059449554,15935.565011852366,1733.9250000199986,935.692,13265.948011832368,2000.1670000199988,13935.398011832369,12.551591352627522,8,1,0,0,6,35.3644421758645,24.728884351728986,46.0,1.0,1.0,0.0,0.7334867464921039,1,0,0.0,0.0,0.2665132535078961,0.7334867464921039,0.0,0.7334867464921039,0.2665132535078961,0.2665132535078961,1.0,0.2665132535078961,12,2,2023,7,27,6,1,1,2,1,0,1,GRAVE_MORTALIDAD,2
6,1,12,0,4,1,-7.471156632041106,-78.11787960253604,0,4,7,1,6,2,2,1,1520.8907086377803,1.116190956525446,1,2,0.11619095652544598,8,30,255.74463269465502,0.24360781586111058,74.49945240619748,33.80050195302611,3.523190878731392,271.169663407226,9121.32996971731,8935.78058396606,1387.506675583584,1785.0524579558808,5763.221450426594,1334.941775177269,7600.83880878879,14.93496642491291,4,1,0,0,3,23.859055304407136,23.859055304407136,23.859055304407136,1.0,0.0,0.0,0.11619095652544598,1,0,0.0,0.0,0.0,1.0,0.0,0.11619095652544598,0.883809043474554,0.0,0.883809043474554,0.0,7,0,2022,10,17,1,0,0,0,1,0,1,GRAVE_MORTALIDAD,2
4,1,2,0,4,0,-13.547563205392985,-73.49567591031577,0,4,0,0,1,2,2,2,6543.555,2.0,4,4,1.0,14,33,1198.0,0.241310185459975,70.83483413046108,58.5191389199668,4.887115219495449,162.12128067173168,8997.351177730192,8358.971,1282.451,1298.0969999999998,5778.423,1432.683,6926.288,17.139466089785454,6,1,0,0,5,44.12398357445996,36.31402463831005,51.93394251060988,1.0,0.0,0.0,0.0,1,0,0.0,0.0,0.7809958936149914,1.0,0.0,0.21900410638500856,0.7809958936149914,0.0,0.0,0.0,6,1,2022,8,21,2,0,0,2,1,0,1,GRAVE_MORTALIDAD,2
3,1,3,0,4,1,-16.442935980837756,-71.98037273505071,0,4,7,1,2,0,1,0,6639.975,2.0,2,0,1.0,9,31,1616.0,0.6455852322566902,78.58826324858522,78.38415596279924,8.472481180514539,1258.6172876652156,2628.282655246253,10322.272,1495.236,1749.739,7077.2970000000005,2886.595,7435.677000000001,27.964725207783708,4,2,0,0,2,47.2084945497082,36.14107524606406,58.06118266486835,0.7852688115160151,0.0,0.0,0.0,2,0,0.0,0.21473118848398487,0.0,1.0,0.0,1.0,1.0,0.0,0.0,0.0,6,0,2023,6,6,4,0,0,0,1,0,1,GRAVE_MORTALIDAD,2
6,1,11,0,4,1,-11.78351016033404,-75.55831327630693,0,4,0,0,3,0,1,2,7170.7142952742515,2.0,2,1,1.0,10,16,1198.0,0.3851720395930398,69.66574814101594,65.58398510498876,6.826565568822048,476.66749990309097,734.8623500277813,12264.545,1826.4639999999995,1105.5389999999998,9332.542,1588.5359999999996,10676.009,12.952261987705208,5,1,0,0,3,26.612129651867612,26.612129651867612,26.612129651867612,0.3988973043756717,0.0,0.0,0.6011026956243283,1,0,0.6011026956243283,0.0,0.0,1.0,0.0,1.0,0.0,0.0,0.0,0.6011026956243283,10,1,2022,8,20,4,0,0,2,1,0,1,GRAVE_MORTALIDAD,2
6,1,20,0,4,0,-15.535777313419567,-70.10452785601518,0,4,0,0,2,2,2,2,7576.846984524438,2.0,2,0,1.0,9,5,1198.0,0.3649204346292308,74.35425070682226,63.79149985059135,5.601859102966725,387.4296563296729,5543.161663453996,13642.312999999998,2020.7790000000005,2354.117,9267.416999999998,3314.0520000000006,10328.260999999997,24.29244952817019,2,1,0,0,1,57.922894255986975,57.922894255986975,57.922894255986975,1.0,1.0,0.0,0.0,1,0,0.0,0.0,0.0,1.0,0.0,0.0,1.0,0.0,0.009638218001628118,0.0,17,2,2022,7,9,5,1,0,2,1,0,1,GRAVE_MORTALIDAD,2