CLASE SINIESTRO,CANTIDAD DE VEHICULOS DAÑADOS,DEPARTAMENTO,ZONA,TIPO DE VÍA,RED VIAL,COORDENADAS LATITUD,COORDENADAS  LONGITUD,CONDICIÓN CLIMÁTICA,ZONIFICACIÓN,CARACTERÍSTICAS DE VÍA,PERFIL LONGITUDINAL VÍA,SUPERFICIE DE CALZADA,¿EXISTE SEÑAL VERTICAL?,¿EXISTE SEÑAL HORIZONTAL?,CAUSA FACTOR PRINCIPAL,MTC_RVN_LONGITUD_KM,MTC_RVN_N_CARRILES_MEDIANA,MTC_RVN_SUPERFICIE_DOMINANTE,MTC_RVN_ESTADO_DOMINANTE,MTC_RVN_ES_CONCESIONADA,MTC_RVN_CONCESION_PRINCIPAL,MTC_RVN_CORREDOR_LOGISTICO,MTC_RVN_N_TRAMOS,IDH_2019,IDH_ESP_VIDA_2019,IDH_EDUC_SECUND_PCT_2019,IDH_ANIOS_EDUC_2019,IDH_INGRESO_PERCAP_2019,IDH_POBLACION_2019,MTC_DEP_RED_TOTAL_KM,MTC_DEP_NACIONAL_TOTAL_KM,MTC_DEP_DEPARTAMENTAL_TOTAL_KM,MTC_DEP_VECINAL_TOTAL_KM,MTC_DEP_PAV_TOTAL_KM,MTC_DEP_NO_PAV_TOTAL_KM,MTC_DEP_PCT_PAVIMENTADA,PER_TOTAL_PERSONAS,PER_N_CONDUCTORES,PER_N_CONDUCTORES_FUGADOS,PER_N_PEATONES,PER_N_PASAJEROS_OCUPANTES,PER_EDAD_COND_PROM,PER_EDAD_COND_MIN,PER_EDAD_COND_MAX,PER_ANY_COND_MASCULINO,PER_ANY_LIC_PROBLEMA,PER_ANY_DOSAJE_POS,PER_ANY_DOSAJE_EVALUADO,VEH_TOTAL,VEH_N_FUGADOS,VEH_ANY_FUGADO,VEH_ANY_CARGA,VEH_ANY_PUBLICO,VEH_ANY_PARTICULAR,VEH_ANY_MOTO,VEH_ANY_AUTO,VEH_ANY_CAMION_BUS,VEH_ANY_SOAT_PROBLEMA,VEH_ANY_CITV_PROBLEMA,VEH_ANY_SEGURO_PROBLEMA,HORA_NUM,FRANJA_HORARIA,ANIO,MES,DIA_MES,DIA_SEMANA,ES_FIN_SEMANA,ES_QUINCENA,REGION_NATURAL,TIENE_SEÑALIZACION,ES_VIA_MULTICARRIL,ES_DEPTO_BAJO_PAVIMENTO,CATEGORIA_SEVERIDAD,CATEGORIA_SEVERIDAD_ENC
5,1,6,0,4,2,-8.08280288391467,-77.28884558468184,4,4,2,1,1,2,2,0,6291.500461365486,2.0,3,3,0.674746094075448,12,32,927.0634963648482,0.48162301240642674,72.33150574943353,63.20115105209296,6.867909135430783,776.4308866904744,45063.87900225687,14741.551414270189,1764.023671213846,990.9354001595673,11986.592342896776,1866.2824094638647,12875.269004806325,12.68191104167581,3,1,0,0,1,40.903046871094624,34.301015623698206,46.83033202441559,0.32525390592455194,0.0,0.0,0.0,1,0,0.0,1.0,0.32525390592455194,0.0,0.32525390592455194,0.0,1.0,0.0,0.674746094075448,0.0,13,1,2022,10,26,4,0,1,2,1,0,1,GRAVE_MORTALIDAD,2
6,1,7,0,4,2,-14.099801137731239,-71.2254824328275,6,4,0,0,6,1,0,1,6543.555,2.0,4,4,1.0,14,33,1198.0,0.36193093703085977,75.66040053270103,58.10615703670246,5.8805192211295445,374.50260137603595,4756.839292064187,17779.13499998999,2097.3709999899997,2863.123,12818.640999999989,2878.713,14900.421999989989,16.19152450331032,3,1,0,0,2,28.822185724614076,28.822185724614076,28.822185724614076,0.058727551758148366,0.9412724482418516,0.0,0.0,1,0,0.0,0.0,0.9412724482418516,0.058727551758148366,0.9412724482418516,0.0,0.058727551758148366,0.9412724482418516,0.0,0.9412724482418516,14,2,2022,5,21,5,0,0,2,1,0,1,GRAVE_MORTALIDAD,2
3,1,12,2,3,3,-8.422158701355045,-78.82516232964056,0,2,1,1,2,2,2,0,6060.260765495243,2.0,3,3,1.0,13,31,1109.1498217846768,0.5743107626929389,79.52594691458827,60.309904612255956,8.029846060600303,1036.4560995821435,208693.9606496199,8820.508191542445,1365.2476267136333,1907.2559126288463,5548.004652199965,1270.092248789815,7550.415942752629,14.516441946589667,2,1,0,0,0,34.22478552286972,18.216991011130908,50.23258003460853,1.0,0.9147311149565036,0.0,0.0,1,0,0.0,0.0,0.9147311149565036,1.0,0.9147311149565036,0.08526888504349639,0.0,0.9147311149565036,0.0,0.9147311149565036,16,3,2023,11,5,1,0,0,0,1,0,1,GRAVE_MORTALIDAD,2
5,1,11,0,4,1,-11.802018773068431,-75.52841226807921,0,4,0,0,2,0,1,2,7586.903,2.0,2,0,1.0,9,5,1198.0,0.47636422997811045,69.18436304920195,72.96099576546652,7.964559741380534,678.115183667174,924.1973544969339,12264.545,1826.4639999999995,1105.5389999999998,9332.542,1588.5359999999996,10676.009,12.952261987705208,4,2,0,0,2,31.06888395849627,30.988519340250622,31.14924857674191,0.011480659749377842,0.011480659749377842,0.0,1.0,2,0,0.9885193402506222,0.0,0.011480659749377842,1.0,0.0,1.0,0.011480659749377842,0.0,0.011480659749377842,0.9885193402506222,14,2,2022,8,24,4,0,0,2,1,0,1,GRAVE_MORTALIDAD,2
3,1,14,1,4,1,-12.016102815633197,-76.97903872233792,0,2,7,1,2,2,2,0,4139.460665135542,2.0,2,1,0.549883473525189,9,27,1349.9811328533867,0.7095240324209909,79.38651543551461,75.5720660351555,10.452711443461942,1475.3947362583194,344097.5583150873,7626.313,1683.4029999999998,1599.0829999999996,4343.827000000001,1814.875,5811.438000000001,23.797541485643197,7,3,0,0,4,33.69836862935264,30.598601682302267,36.79813557640303,1.0,0.0,0.0,0.0,3,0,0.0,0.0,0.45011652647481104,1.0,0.0,0.549883473525189,0.45011652647481104,0.0,0.45011652647481104,0.549883473525189,14,3,2023,6,14,4,0,0,0,1,0,1,GRAVE_MORTALIDAD,2
3,1,19,0,4,1,-5.314992276866087,-80.66963919444645,0,4,6,1,2,1,1,0,6543.555,2.0228957669484267,3,3,1.0,13,32,1204.3421274447142,0.5034350778485951,78.14388603810477,62.51585839041032,7.698619805954479,731.8176685454189,76220.84796573877,8965.846000060003,1782.4120000599992,636.9959999999999,6546.438000000004,2214.505000059999,6751.341000000004,24.699342371541725,4,2,0,0,2,41.87407328178365,33.61077196187675,50.13737460169056,1.0,1.0,1.0,1.0,2,0,0.0,0.9771042330515733,1.0,0.022895766948426655,1.0,0.0,0.022895766948426655,1.0,0.9771042330515733,0.9771042330515733,21,2,2022,10,17,4,0,0,0,1,0,1,GRAVE_MORTALIDAD,2
3,1,1,0,4,1,-10.270408658496162,-77.95206906892838,0,4,0,0,1,2,2,0,6543.555,2.896878637591924,2,0,1.0,1,30,1446.435382612963,0.5844401925952177,79.48378893459741,65.75294289979993,8.893771220868965,982.2719649660438,25708.874527211567,10767.648,1885.0630000000003,1222.721,7659.864000000001,2100.343,8667.305000000002,19.506051832303577,3,1,0,0,1,32.61872817444846,23.649941798529213,41.5875145503677,1.0,0.10312136240807579,0.0,0.8968786375919242,1,0,0.0,0.8968786375919242,0.0,1.0,0.8968786375919242,0.10312136240807579,0.8968786375919242,0.0,0.8968786375919242,0.0,6,1,2022,4,26,3,0,0,0,1,0,1,GRAVE_MORTALIDAD,2
3,0,16,1,2,2,-8.952170894285418,-78.60122148712213,0,2,8,0,2,2,2,0,4174.681648440221,2.0,3,2,1.0,8,27,729.9571586867356,0.6725203198410308,80.0409155119048,73.85343228859597,10.296972321307408,1277.3709282003738,158223.28849469795,8232.070325005763,1728.1763852209344,1164.0125332651644,5339.881406519665,1995.5938026107265,6236.476522395037,24.205349648865194,6,2,0,0,4,33.130538264041704,30.19113877753328,36.069937750550125,1.0,0.45221530561668055,0.0,1.0,2,0,0.0,1.0,0.0,1.0,0.5477846943833194,0.45221530561668055,1.0,0.0,1.0,0.0,20,2,2021,5,18,4,0,0,0,1,0,1,GRAVE_MORTALIDAD,2
5,1,3,0,4,1,-16.001552441622785,-71.26665642881959,0,4,2,0,2,1,1,0,1504.4250000000002,2.0,2,0,1.0,7,25,241.0,0.4685280505645348,81.83746865987648,70.74305753660312,6.037751599761188,617.4715908037651,1751.8736616702354,10322.272,1495.236,1749.739,7077.2970000000005,2886.595,7435.677000000001,27.964725207783708,5,1,0,0,4,27.505019831013502,27.399807366219022,27.610232295807982,1.0,0.9789575070411041,0.0,0.0,1,0,0.0,0.02104249295889593,0.02104249295889593,0.9789575070411041,0.0,0.9789575070411041,0.02104249295889593,0.0,0.0,0.0,6,1,2023,5,14,4,0,0,0,1,0,1,GRAVE_MORTALIDAD,2
3,2,11,0,4,1,-10.001388709079887,-78.12019550832576,0,4,4,1,2,1,0,0,6586.414131207714,2.5554954241058603,2,0,1.0,4,30,1537.6751452010737,0.5756758948222749,78.30243125063471,68.52343630390638,8.676203656046889,972.5100273162269,9453.034740078128,3576.0489628318087,596.4614559560382,714.2370933056511,2265.3504135701196,880.9559142893515,2695.093048542457,24.466685902863745,14,2,0,0,12,51.61044966516446,41.5549542410586,61.66594508927032,1.0,0.0,0.0,0.44450457589413983,2,0,0.0,1.0,0.5554954241058602,0.44450457589413983,0.0,0.44450457589413983,1.0,0.0,0.0,0.0,18,2,2021,7,25,1,0,1,0,1,0,1,GRAVE_MORTALIDAD,2
1,1,1,1,3,1,-9.014920198769627,-78.45197257801422,0,3,7,1,2,1,1,0,6543.555,2.810184697027844,2,0,1.0,2,30,1422.421161076713,0.5461712531728012,77.78054392664592,61.13495642855408,7.546489842742101,963.5221149810586,21039.930889022984,10767.648,1885.0630000000003,1222.721,7659.864000000001,2100.343,8667.305000000002,19.506051832303577,3,1,0,1,0,35.608021111537525,29.583324546501192,40.75926121188862,0.18981530297215599,0.18981530297215599,0.0,0.0,1,0,0.810184697027844,0.0,0.0,0.18981530297215599,0.18981530297215599,0.18981530297215599,0.0,0.18981530297215599,0.18981530297215599,1.0,7,0,2022,10,11,6,1,0,0,1,0,1,GRAVE_MORTALIDAD,2
4,1,3,1,4,1,-16.58900243861285,-71.83860577203916,2,3,6,1,3,0,1,0,6599.689107045528,2.0,2,1,1.0,11,31,1441.3525901787025,0.6105481451420971,78.10653088113892,68.35418098658066,8.411557426919764,1158.5430895193692,35025.678800856535,10322.272,1495.236,1749.739,7077.2970000000005,2886.595,7435.677000000001,27.964725207783708,4,1,0,0,3,36.465496902777694,36.465496902777694,36.465496902777694,1.0,0.41781676990741023,0.0,0.0,1,0,0.0,0.0,0.0,1.0,0.41781676990741023,0.5821832300925898,0.0,0.41781676990741023,0.41781676990741023,0.41781676990741023,7,1,2022,3,17,5,1,1,0,1,0,1,GRAVE_MORTALIDAD,2
6,1,12,0,4,2,-7.778795005893964,-78.18766018106547,0,4,1,0,1,2,2,0,6543.555,2.204440573949547,3,3,1.0,11,32,1254.6300389840244,0.22876144993860426,78.34134103763259,43.05285844364541,3.48732238868384,286.9483535311716,14237.47236114277,8931.828000000005,1335.5899999999997,1935.9830000000004,5660.255000000005,1219.309,7712.519000000005,13.651281686122925,9,1,0,0,8,30.11101434873867,30.11101434873867,30.11101434873867,1.0,0.0,0.0,0.0,1,0,0.0,0.0,0.0,0.7955594260504532,0.0,0.0,1.0,0.0,0.7955594260504532,0.0,7,0,2022,1,5,3,0,0,0,1,0,1,GRAVE_MORTALIDAD,2
4,1,13,0,4,1,-9.638032221711153,-77.93549232731075,0,4,3,0,2,2,2,1,1032.3848295244877,2.0,2,0,0.48029573710551576,8,23,410.78314921090157,0.50793413003722,75.2579858993787,58.211821102631355,6.821133390288319,947.0241696740143,25650.100632081463,8253.34628922731,1516.349898790119,1760.8946338308483,4976.101756606343,1528.8271890350163,6724.519100192294,18.924336156368547,3,1,0,0,2,36.1256190050048,32.763548845266186,39.48768916474341,1.0,0.5197042628944842,0.0,0.5197042628944842,1,0,0.0,0.48029573710551576,0.0,1.0,0.0,1.0,0.48029573710551576,0.5197042628944842,0.0,0.0,12,1,2021,6,14,2,0,0,0,1,0,1,GRAVE_MORTALIDAD,2
9,1,5,0,4,2,-6.606983239486909,-78.35053471885767,0,4,0,0,1,2,2,0,6543.555,2.0,4,4,1.0,14,33,1198.0,0.1731222047157457,72.56607691814826,32.50973303902517,3.3870373664190776,125.06331103078058,4121.188728649941,15935.565011852366,1733.9250000199986,935.692,13265.948011832368,2000.1670000199988,13935.398011832369,12.551591352627522,3,1,0,0,2,40.29616887164939,40.29616887164939,40.29616887164939,1.0,0.925957782087652,0.0,0.074042217912348,1,0,0.0,0.925957782087652,0.0,0.074042217912348,0.0,0.074042217912348,0.925957782087652,0.925957782087652,1.0,0.925957782087652,13,2,2021,10,28,3,0,1,2,1,0,1,GRAVE_MORTALIDAD,2
3,3,3,0,4,1,-16.054073880430007,-71.34076488755665,3,4,0,0,2,0,1,0,1504.4250000000002,2.0,2,0,1.0,7,25,241.0,0.4685280505645348,81.83746865987648,70.74305753660312,6.037751599761188,617.4715908037651,1751.8736616702354,10322.272,1495.236,1749.739,7077.2970000000005,2886.595,7435.677000000001,27.964725207783708,5,3,0,0,2,43.22848639464975,40.972586653927976,44.3945173307856,1.0,0.0,0.0,0.0,3,0,0.0,1.0,0.0,1.0,0.0,0.6054826692144046,1.0,0.0,1.0,0.0,14,2,2022,5,4,5,1,0,0,1,0,1,GRAVE_MORTALIDAD,2
6,1,5,0,4,2,-5.517610320224286,-79.09786177991083,0,4,0,0,1,2,2,2,6543.555,2.0,4,4,1.0,14,33,1198.0,0.3259318002877111,74.89370180637813,42.817198059018004,5.220580566580274,354.88620283667535,8086.263215260149,15935.565011852366,1733.9250000199986,935.692,13265.948011832368,2000.1670000199988,13935.398011832369,12.551591352627522,2,1,0,0,1,44.610133226207616,44.610133226207616,44.610133226207616,1.0,0.4832100608718418,0.0,1.0,1,0,0.0,0.4832100608718418,0.0,0.5167899391281582,0.0,0.0,1.0,0.0,0.5167899391281582,0.0,15,2,2023,8,11,5,1,0,2,1,0,1,GRAVE_MORTALIDAD,2
5,1,7,0,4,1,-12.818838310079572,-72.689266521658,3,4,0,0,5,1,1,4,3447.8009999999995,1.0,2,3,0.0,9,12,1109.0,0.43663473598531355,74.81630402162403,58.70232282956006,6.531503674262901,597.6790000425842,27996.932190563377,17779.13499998999,2097.3709999899997,2863.123,12818.640999999989,2878.713,14900.421999989989,16.19152450331032,5,1,0,0,4,45.10242053142195,44.32290463770634,45.88193642513755,1.0,0.0,0.0,0.0,1,0,0.0,0.0,0.7401613687614631,0.2598386312385369,0.2598386312385369,0.0,0.7401613687614631,0.0,1.0,0.2598386312385369,15,2,2021,4,20,4,0,1,2,0,0,1,GRAVE_MORTALIDAD,2
6,1,12,0,4,1,-7.748244804878816,-77.64389148661962,0,4,7,1,7,2,2,3,6543.555,2.0,4,4,1.0,14,33,1198.0,0.4686292122960986,72.39347765706144,42.14285241633188,6.687776775372348,878.2652317159998,9440.374732334049,8931.828000000005,1335.5899999999997,1935.9830000000004,5660.255000000005,1219.309,7712.519000000005,13.651281686122925,5,1,0,0,4,39.846497644206075,39.846497644206075,39.846497644206075,1.0,0.0,0.0,0.0,1,0,0.0,0.369299528841215,0.0,0.630700471158785,0.0,0.0,1.0,0.0,1.0,0.0,3,0,2023,8,19,2,0,1,0,1,0,1,GRAVE_MORTALIDAD,2
4,1,12,0,4,1,-7.865555753723178,-78.11022728307769,0,4,7,1,1,2,2,2,9936.932,2.0,2,0,1.0,9,32,3830.0,0.3986882084754764,72.97869269132666,58.65435142755623,5.605762371496486,527.7120199980477,69564.29978586723,8931.828000000005,1335.5899999999997,1935.9830000000004,5660.255000000005,1219.309,7712.519000000005,13.651281686122925,3,1,0,0,1,34.63385895805797,30.5118119440773,38.75590597203865,1.0,0.5496062685307567,0.0,0.0,1,0,0.0,0.45039373146924333,0.5496062685307567,0.5496062685307567,0.5496062685307567,0.0,1.0,0.0,0.0,0.5496062685307567,10,1,2021,9,19,4,0,1,0,1,0,1,GRAVE_MORTALIDAD,2
6,1,7,0,4,2,-13.472447625029211,-71.8128028677777,0,4,1,0,5,1,1,2,6543.555,2.0,4,4,1.0,14,33,1198.0,0.29454981197950825,73.68215197447734,46.37613785369811,4.8523575415156985,281.65697433445246,4701.051007911901,17779.13499998999,2097.3709999899997,2863.123,12818.640999999989,2878.713,14900.421999989989,16.19152450331032,3,1,0,0,2,32.343096110526304,32.343096110526304,32.343096110526304,1.0,0.0,0.0,0.0,1,0,0.0,0.0,0.0,1.0,0.0,0.6897788492481212,0.31022115075187884,0.0,0.0,0.0,19,2,2024,2,21,4,0,0,2,1,0,1,GRAVE_MORTALIDAD,2
6,6,5,0,4,2,-6.16274675455746,-78.72632343637393,0,4,5,0,1,2,2,2,6543.555,2.0,4,4,1.0,14,33,1198.0,0.3327571817075524,75.57666361315111,51.231772027426736,4.8927065467011825,357.88259702493815,8936.964952013077,15935.565011852366,1733.9250000199986,935.692,13265.948011832368,2000.1670000199988,13935.398011832369,12.551591352627522,8,1,0,0,7,41.257510247122,41.257510247122,41.257510247122,1.0,0.0,0.0,1.0,1,0,0.0,0.8560580864277691,0.0,0.14394191357223085,0.0,0.0,1.0,0.0,1.0,0.0,15,2,2023,9,20,0,0,0,2,1,0,1,GRAVE_MORTALIDAD,2
3,1,16,0,4,1,-12.659435392885596,-69.31959491091902,6,5,6,2,6,2,2,0,3263.58,2.0,2,0,1.0,5,18,566.0,0.6331639735785386,72.20641129524063,67.6175404202189,10.029362591344883,1305.419538589062,88506.68094218415,2090.391,399.431,340.021,1350.9389999999996,493.824,1596.5669999999996,23.62352306338862,7,2,0,0,5,42.32730135971812,33.479351192723705,50.381438645034414,1.0,0.40464033874139593,0.0,0.0,2,0,0.0,0.5953596612586041,0.0,0.40464033874139593,0.40464033874139593,0.40464033874139593,0.5953596612586041,0.0,0.40464033874139593,0.0,10,0,2021,7,10,1,0,0,1,1,0,1,GRAVE_MORTALIDAD,2
3,1,18,0,4,1,-14.626392829108537,-70.95927664282009,0,4,5,0,1,2,2,4,7407.331746766061,2.0,2,0,1.0,9,9,1198.0,0.5101592421382768,74.6218563916192,74.77771721043959,8.437707141746813,708.6143530676862,64769.26472734321,13405.184518970065,1987.3353282124922,2139.223487748742,9278.62570300883,3017.0724010596523,10388.112117910412,22.34068301445741,2,1,0,0,1,35.72110602822778,26.61432265927833,44.82788939717722,1.0,0.17211060282277768,0.0,0.0,1,0,0.0,0.0,0.8278893971772223,1.0,0.0,1.0,0.8278893971772223,0.17211060282277768,0.8278893971772223,0.8278893971772223,1,0,2021,7,18,4,0,0,2,1,0,1,GRAVE_MORTALIDAD,2
3,2,3,0,4,1,-16.468046134523657,-72.00896291609429,0,4,6,0,2,2,2,0,6639.975,2.0,2,0,1.0,9,31,1616.0,0.6436276280889258,78.89405553397405,77.53079373702278,8.48999948863704,1246.9631905997976,2769.2110645699186,10322.272,1495.236,1749.739,7077.2970000000005,2886.595,7435.677000000001,27.964725207783708,4,2,0,0,1,47.30305720861769,38.32969987066693,58.435966364889495,1.0,0.9255222078518809,0.0,0.0,2,0,0.0,0.0,0.0,1.0,0.9255222078518809,1.0,1.0,0.0,0.9255222078518809,0.9255222078518809,19,2,2022,9,28,5,1,1,0,1,0,1,GRAVE_MORTALIDAD,2
3,1,12,0,4,1,-7.874541764415366,-79.14307119100094,0,4,7,0,2,2,2,2,6543.555,3.0,2,0,1.0,0,30,1475.0,0.5750059489345949,77.88813664970439,66.0961787546019,8.511147857756725,986.461285393133,15651.221059411359,8931.828000000005,1335.5899999999997,1935.9830000000004,5660.255000000005,1219.309,7712.519000000005,13.651281686122925,16,1,0,0,14,42.86333179030879,42.86333179030879,42.86333179030879,1.0,0.0,0.0,0.0,1,0,0.0,0.0,1.0,0.9316658951543958,0.0,0.9316658951543958,1.0,0.0,0.9316658951543958,0.0,11,2,2021,8,15,5,0,1,0,1,1,1,GRAVE_MORTALIDAD,2
8,1,7,0,4,2,-13.53951013375796,-71.88734097934038,0,4,3,0,4,2,2,2,6543.555,2.0,4,4,1.0,14,33,1198.0,0.320827433824337,69.58621068544036,54.725993497278026,4.84661621559402,356.29787558416587,12303.814243370907,17779.13499998999,2097.3709999899997,2863.123,12818.640999999989,2878.713,14900.421999989989,16.19152450331032,25,1,0,0,24,47.74674549443428,47.74674549443428,47.74674549443428,1.0,0.0,0.5696252503092067,1.0,1,0,0.0,0.0,1.0,0.0,0.0,0.0,1.0,0.0,0.0,0.0,12,0,2022,7,13,2,0,0,2,1,0,1,GRAVE_MORTALIDAD,2
3,2,14,0,4,1,-10.898528380273289,-77.66719995553112,0,4,2,1,2,1,1,3,6543.555,3.0,2,0,1.0,0,30,1475.0,0.6134813351958628,77.1047578488607,65.42640466655948,8.2732357955852,1235.6184779356622,25757.13855949688,7626.313,1683.4029999999998,1599.0829999999996,4343.827000000001,1814.875,5811.438000000001,23.797541485643197,5,2,0,0,3,34.262177298899005,30.74116468717623,37.78318991062178,1.0,1.0,0.0,0.6957974776554449,2,0,0.0,0.6957974776554449,0.30420252234455514,0.30420252234455514,0.30420252234455514,0.6957974776554449,1.0,0.0,0.30420252234455514,0.0,20,2,2021,9,17,5,1,0,0,0,1,1,GRAVE_MORTALIDAD,2
3,2,12,0,4,1,-8.41020222316933,-78.80982810588141,0,4,7,1,2,2,2,2,6543.555,3.0,2,0,1.0,0,30,1475.0,0.5051395598219868,77.13285387085847,51.52067479184955,6.715328807318118,900.900383457586,67612.41755888652,8931.828000000005,1335.5899999999997,1935.9830000000004,5660.255000000005,1219.309,7712.519000000005,13.651281686122925,5,2,0,0,3,41.33582230665393,33.45802221166826,49.213622401639604,1.0,0.5419777883317413,0.0,0.45802221166825874,2,0,0.0,1.0,0.0,1.0,0.0,1.0,1.0,0.0,1.0,0.0,18,2,2021,4,13,2,0,0,0,1,1,1,GRAVE_MORTALIDAD,2
6,1,19,0,3,1,-5.1952930916624,-80.68362321497558,0,4,7,1,2,2,2,0,6543.555,2.9079047467670978,2,0,1.0,1,30,1449.489614854486,0.6051298918189257,78.43861782292883,72.73343148725522,9.86326820250691,989.9342107141157,183417.31814441003,8965.846000060003,1782.4120000599992,636.9959999999999,6546.438000000004,2214.505000059999,6751.341000000004,24.699342371541725,6,1,0,0,4,41.802761707972266,29.092095253232902,54.513428162711634,1.0,0.0,0.09209525323290235,1.0,1,0,0.0,0.9079047467670976,0.0,1.0,0.09209525323290235,0.9079047467670976,0.9079047467670976,0.09209525323290235,1.0,0.09209525323290235,5,0,2022,3,5,3,0,0,0,1,0,1,GRAVE_MORTALIDAD,2
3,2,14,0,4,1,-10.629046213985006,-77.8564656142471,0,4,7,1,2,1,0,1,6543.555,3.0,2,0,1.0,0,30,1475.0,0.6268687897946689,82.18096720561557,72.30753381266985,8.959173721649861,1090.279660993292,20521.346895074952,7626.313,1683.4029999999998,1599.0829999999996,4343.827000000001,1814.875,5811.438000000001,23.797541485643197,4,2,0,0,2,41.247306225773904,36.1939272096472,46.30068524190061,1.0,0.0,0.44662098387329263,1.0,2,0,0.0,0.44662098387329263,1.0,0.5533790161267074,0.0,0.5533790161267074,1.0,0.0,0.44662098387329263,0.0,8,0,2021,5,11,3,0,0,0,1,1,1,GRAVE_MORTALIDAD,2
4,1,12,0,4,1,-7.413047691148659,-78.807405057805,0,4,7,1,1,2,2,1,6543.555,2.6416319088273545,2,1,1.0,5,31,1375.7320387451773,0.5246871614625909,76.74377561156854,58.8672399565446,6.902371618772343,942.3400969278501,24040.84355455154,8931.828000000005,1335.5899999999997,1935.9830000000004,5660.255000000005,1219.309,7712.519000000005,13.651281686122925,7,1,0,0,5,38.07834985744283,31.34121481475561,44.81548490013006,1.0,1.0,0.0,0.0,1,0,0.0,0.35836809117264545,0.6416319088273545,0.0,0.6416319088273545,0.0,1.0,0.0,0.0,0.6416319088273545,6,0,2023,8,15,3,0,0,0,1,0,1,GRAVE_MORTALIDAD,2
3,1,16,0,4,1,-12.65958576193446,-69.31996153954026,6,5,6,2,6,2,2,0,3263.58,2.0,2,0,1.0,5,18,566.0,0.6331639735785386,72.20641129524063,67.6175404202189,10.029362591344883,1305.419538589062,88506.68094218415,2090.391,399.431,340.021,1350.9389999999996,493.824,1596.5669999999996,23.62352306338862,5,2,0,0,3,37.64058712781538,25.7013999142468,49.18483075603797,1.0,0.7037923109905077,0.0,0.0,2,0,0.0,0.29620768900949235,0.0,0.7037923109905077,0.7037923109905077,0.7037923109905077,0.29620768900949235,0.0,0.7037923109905077,0.0,15,1,2021,6,17,2,0,0,1,1,0,1,GRAVE_MORTALIDAD,2
6,1,9,0,4,1,-14.35747806011645,-72.58021635606752,1,4,2,0,5,2,2,3,1712.2279711034478,1.373259814462759,1,0,0.3732598144627589,7,28,344.19228051858966,0.3149855929959549,77.30751106158392,64.07861346106523,5.415758714805254,256.28296852419254,1186.6072377257817,13038.398692020028,1885.5880082786903,1990.5556729530003,9162.255010788336,2794.6868232695565,10243.71186875047,21.35320001269407,2,1,0,0,1,43.28132333967034,43.28132333967034,43.28132333967034,1.0,0.0,0.6267401855372411,0.6267401855372411,1,0,0.0,0.0,0.0,1.0,0.0,0.0,1.0,0.0,0.0,0.0,8,1,2021,8,9,3,0,0,2,1,0,1,GRAVE_MORTALIDAD,2
3,2,12,0,4,1,-7.124129860757235,-79.49618112094132,0,4,7,1,2,2,2,2,6543.555,3.0,2,0,1.0,0,30,1475.0,0.5114727232493018,78.60606800160349,61.153108160372966,6.422343227671115,862.4189512831092,24701.19700214133,8931.828000000005,1335.5899999999997,1935.9830000000004,5660.255000000005,1219.309,7712.519000000005,13.651281686122925,7,2,0,0,5,43.0092797682301,32.5092797682301,53.5092797682301,1.0,1.0,0.0,0.0,2,0,0.0,0.4363400289712378,1.0,0.0,1.0,0.0,1.0,0.0,0.0,1.0,5,0,2023,10,15,2,0,0,0,1,1,1,GRAVE_MORTALIDAD,2
3,1,7,1,4,1,-8.992318764910339,-76.7142271157743,3,4,6,1,4,2,2,0,4116.408597056941,1.4506864749389132,1,2,0.0,9,32,828.0713016264963,0.49553665342193853,73.07250797984534,62.447345742791136,7.393431386621626,794.6012282523205,45871.14919662405,14281.085943280417,1775.6310757153574,1012.2397457089495,11493.215121856108,1814.6504756454058,12466.435467635012,12.73216818876222,3,1,0,0,1,40.7602971240837,35.35205942481674,46.168534823350655,1.0,0.5493135250610869,0.0,0.0,1,0,0.0,0.4506864749389131,0.4506864749389131,0.5493135250610869,1.0,0.0,0.4506864749389131,0.5493135250610869,0.5493135250610869,0.5493135250610869,15,2,2022,7,27,4,0,1,2,1,0,1,GRAVE_MORTALIDAD,2
3,1,12,0,4,1,-7.492532800228363,-79.43232720115228,0,4,7,0,2,2,2,2,6543.555,3.0,2,0,1.0,0,30,1475.0,0.6138517538553948,80.84826225715301,64.49339622566798,9.143362084626023,1095.689060330069,16852.97430406852,8931.828000000005,1335.5899999999997,1935.9830000000004,5660.255000000005,1219.309,7712.519000000005,13.651281686122925,15,1,0,0,14,36.295607728734225,36.295607728734225,36.295607728734225,1.0,0.0,0.0,0.0,1,0,0.6720560387522534,0.0,0.3279439612477466,0.6720560387522534,0.0,0.0,1.0,0.0,0.0,0.6720560387522534,3,0,2022,8,25,1,0,1,0,1,1,1,GRAVE_MORTALIDAD,2