CLASE SINIESTRO,CANTIDAD DE VEHICULOS DAÑADOS,DEPARTAMENTO,ZONA,TIPO DE VÍA,RED VIAL,COORDENADAS LATITUD,COORDENADAS  LONGITUD,CONDICIÓN CLIMÁTICA,ZONIFICACIÓN,CARACTERÍSTICAS DE VÍA,PERFIL LONGITUDINAL VÍA,SUPERFICIE DE CALZADA,¿EXISTE SEÑAL VERTICAL?,¿EXISTE SEÑAL HORIZONTAL?,CAUSA FACTOR PRINCIPAL,MTC_RVN_LONGITUD_KM,MTC_RVN_N_CARRILES_MEDIANA,MTC_RVN_SUPERFICIE_DOMINANTE,MTC_RVN_ESTADO_DOMINANTE,MTC_RVN_ES_CONCESIONADA,MTC_RVN_CONCESION_PRINCIPAL,MTC_RVN_CORREDOR_LOGISTICO,MTC_RVN_N_TRAMOS,IDH_2019,IDH_ESP_VIDA_2019,IDH_EDUC_SECUND_PCT_2019,IDH_ANIOS_EDUC_2019,IDH_INGRESO_PERCAP_2019,IDH_POBLACION_2019,MTC_DEP_RED_TOTAL_KM,MTC_DEP_NACIONAL_TOTAL_KM,MTC_DEP_DEPARTAMENTAL_TOTAL_KM,MTC_DEP_VECINAL_TOTAL_KM,MTC_DEP_PAV_TOTAL_KM,MTC_DEP_NO_PAV_TOTAL_KM,MTC_DEP_PCT_PAVIMENTADA,PER_TOTAL_PERSONAS,PER_N_CONDUCTORES,PER_N_CONDUCTORES_FUGADOS,PER_N_PEATONES,PER_N_PASAJEROS_OCUPANTES,PER_EDAD_COND_PROM,PER_EDAD_COND_MIN,PER_EDAD_COND_MAX,PER_ANY_COND_MASCULINO,PER_ANY_LIC_PROBLEMA,PER_ANY_DOSAJE_POS,PER_ANY_DOSAJE_EVALUADO,VEH_TOTAL,VEH_N_FUGADOS,VEH_ANY_FUGADO,VEH_ANY_CARGA,VEH_ANY_PUBLICO,VEH_ANY_PARTICULAR,VEH_ANY_MOTO,VEH_ANY_AUTO,VEH_ANY_CAMION_BUS,VEH_ANY_SOAT_PROBLEMA,VEH_ANY_CITV_PROBLEMA,VEH_ANY_SEGURO_PROBLEMA,HORA_NUM,FRANJA_HORARIA,ANIO,MES,DIA_MES,DIA_SEMANA,ES_FIN_SEMANA,ES_QUINCENA,REGION_NATURAL,TIENE_SEÑALIZACION,ES_VIA_MULTICARRIL,ES_DEPTO_BAJO_PAVIMENTO,CATEGORIA_SEVERIDAD,CATEGORIA_SEVERIDAD_ENC
4,1,8,0,4,1,-13.404234371978353,-74.95825189862911,0,4,7,1,2,1,0,0,1043.0643178469654,1.5835569673248187,1,3,0.5835569673248185,9,27,199.22883691629954,0.2997946406100768,72.83003345209801,46.42647217987546,4.997510303405721,292.6881439974165,3327.8779443254816,8511.426,1445.3929999999996,2008.516,5057.516999999999,1879.579,6631.846999999998,22.08300935706896,7,1,0,0,6,33.25201270592336,33.25201270592336,33.25201270592336,1.0,0.41644303267518146,0.0,0.41644303267518146,1,0,0.0,0.0,0.0,1.0,0.0,1.0,0.41644303267518146,0.0,0.0,0.0,5,0,2023,5,20,5,1,0,2,1,0,1,GRAVE_MORTALIDAD,2
4,1,20,0,4,1,-15.601019678211024,-69.38272370178358,0,4,3,1,2,2,2,3,6543.555,2.0,4,4,1.0,14,33,1198.0,0.2300400314184114,70.52902451892241,61.85127663505659,5.292695209197437,142.05873296390635,4952.405059360431,13642.312999999998,2020.7790000000005,2354.117,9267.416999999998,3314.0520000000006,10328.260999999997,24.29244952817019,3,1,0,0,1,47.87571146501058,45.50449256280626,50.246930367214915,1.0,1.0,0.0,0.0,1,0,0.0,0.0,0.4742437804408651,1.0,0.4742437804408651,0.0,1.0,0.5257562195591349,1.0,1.0,19,2,2022,5,14,3,0,0,2,1,0,1,GRAVE_MORTALIDAD,2
6,1,12,0,4,0,-7.449746543749458,-77.7101038955038,1,4,7,1,7,2,2,1,6543.555,2.0,4,4,1.0,14,33,1198.0,0.24299360092060154,81.00066207686052,25.48893807543189,4.230552950301937,224.97048608714,3729.1036716520143,8931.828000000005,1335.5899999999997,1935.9830000000004,5660.255000000005,1219.309,7712.519000000005,13.651281686122925,3,1,0,0,2,51.24762183419124,51.24762183419124,51.24762183419124,1.0,0.24952436683824863,0.0,0.0,1,0,0.0,0.7504756331617514,0.0,0.24952436683824863,0.24952436683824863,0.0,0.7504756331617514,0.24952436683824863,0.0,0.24952436683824863,7,0,2022,4,7,2,0,0,0,1,0,1,GRAVE_MORTALIDAD,2
6,1,3,0,4,0,-15.65130551545912,-71.64057319780612,0,4,0,0,2,0,1,0,6543.555,2.0,4,4,1.0,14,33,1198.0,0.5325761945469989,81.34951653829121,50.97523181639888,6.867251361766504,964.6116839691138,2104.1584582441114,10322.272,1495.236,1749.739,7077.2970000000005,2886.595,7435.677000000001,27.964725207783708,3,1,0,0,2,23.038351837216446,23.038351837216446,23.038351837216446,1.0,0.9979814822517661,0.0,0.0,1,0,0.0,0.0,0.9979814822517661,0.0020185177482339167,0.9979814822517661,0.0020185177482339167,0.0,0.9979814822517661,0.9979814822517661,0.9979814822517661,13,2,2022,3,19,6,1,0,0,1,0,1,GRAVE_MORTALIDAD,2
5,1,3,0,4,0,-16.537270629499314,-71.72505118534636,0,3,7,0,2,0,1,0,6560.339955133529,2.0,3,3,1.0,13,32,1270.7661402801775,0.6105481451420971,78.10653088113892,68.35418098658066,8.411557426919764,1158.5430895193692,35025.678800856535,10322.272,1495.236,1749.739,7077.2970000000005,2886.595,7435.677000000001,27.964725207783708,4,1,0,0,3,49.0,49.0,49.0,1.0,0.8259183246885707,0.0,0.0,1,0,0.0,0.0,0.0,1.0,0.0,1.0,0.0,0.0,0.0,0.0,14,3,2023,1,13,5,1,0,0,1,0,1,GRAVE_MORTALIDAD,2
2,2,2,0,4,1,-15.82863166861959,-72.659860288093,0,3,7,1,2,0,1,0,6628.687492285882,2.1170660414241684,2,0,1.0,7,30,1599.4936881591923,0.6373787168948488,76.07836518418458,75.21771845965625,10.170175108126053,1164.736622010006,21556.331173183684,10374.410405265331,1540.8715037302595,1688.0430889807176,7145.495812554354,2794.5515907981644,7579.858814467167,26.974501800016238,4,2,0,0,1,40.826047153828604,36.531735834303326,47.94640562718248,0.8829339585758313,0.8829339585758313,0.0,0.0,2,0,0.11706604142416865,0.8829339585758313,0.0,0.8829339585758313,0.0,0.0,0.8829339585758313,0.0,0.0,0.11706604142416865,17,1,2023,3,11,1,0,0,0,1,0,1,GRAVE_MORTALIDAD,2
6,1,7,0,4,1,-13.11550667801423,-72.34509060140492,0,4,0,0,2,1,1,2,3447.8009999999995,1.0,2,3,0.0,9,12,1109.0,0.4706944943299555,76.79406176595778,61.64424635983724,7.141255198110581,653.4175319142125,3282.6252676659524,17779.13499998999,2097.3709999899997,2863.123,12818.640999999989,2878.713,14900.421999989989,16.19152450331032,21,1,0,0,20,34.879864390240826,34.879864390240826,34.879864390240826,1.0,0.0,0.0,1.0,1,0,0.0,0.0,0.0,0.0,0.0,0.0,1.0,0.0,0.0,0.0,12,1,2021,9,14,5,1,0,2,1,0,1,GRAVE_MORTALIDAD,2
4,1,5,0,4,1,-5.899388165504581,-78.83203621060058,0,2,0,0,1,1,1,1,7287.313344173303,2.0,2,1,1.0,10,25,1770.4613709623247,0.4578460043902452,75.03737729617794,59.51332151365985,6.541929215687397,674.6603496455998,41442.65454132175,15935.565011852366,1733.9250000199986,935.692,13265.948011832368,2000.1670000199988,13935.398011832369,12.551591352627522,3,1,0,0,2,42.36709513552495,39.91806253247758,44.816127738572334,1.0,1.0,0.0,0.6122581507618446,1,0,0.0,0.0,0.38774184923815536,0.6122581507618446,1.0,0.0,0.0,1.0,0.6122581507618446,0.6122581507618446,15,3,2022,4,12,0,0,0,2,1,0,1,GRAVE_MORTALIDAD,2
6,1,7,0,4,1,-13.126313464043406,-72.32694640886182,4,4,0,0,2,1,1,5,3447.8009999999995,1.0,2,3,0.0,9,12,1109.0,0.4706944943299555,76.79406176595778,61.64424635983724,7.141255198110581,653.4175319142125,3282.6252676659524,17779.13499998999,2097.3709999899997,2863.123,12818.640999999989,2878.713,14900.421999989989,16.19152450331032,2,1,0,0,1,36.966380243174626,36.966380243174626,36.966380243174626,1.0,0.21308500868480817,0.0,0.0,1,0,0.0,0.7869149913151918,0.0,0.21308500868480817,0.0,0.0,1.0,0.0,0.0,0.0,21,2,2021,5,16,1,0,0,2,1,0,1,GRAVE_MORTALIDAD,2
3,2,3,0,4,1,-15.470180769448834,-74.8630705915675,0,4,7,0,2,2,2,0,6639.975,2.0,2,0,1.0,9,31,1616.0,0.5140293355498681,82.11897853059659,54.01885147561242,9.200693902288776,697.8064626086847,1477.7837259100645,10322.272,1495.236,1749.739,7077.2970000000005,2886.595,7435.677000000001,27.964725207783708,4,2,0,0,2,54.67727079555703,50.65925611127812,58.69528547983594,1.0,0.0,0.0,0.0,2,0,0.0,0.0,0.0,1.0,0.0,1.0,1.0,0.0,0.060942904032812883,0.0,8,1,2021,1,9,5,1,0,0,1,0,1,GRAVE_MORTALIDAD,2
6,1,7,0,4,3,-14.17308531962443,-72.07543217839702,0,4,0,0,6,2,2,2,6543.555,2.0,4,4,1.0,14,33,1198.0,0.3580858808251158,73.70380582108045,50.67763411447028,4.37765168288029,494.88990740234436,7220.129457875088,17779.13499998999,2097.3709999899997,2863.123,12818.640999999989,2878.713,14900.421999989989,16.19152450331032,2,1,0,0,1,35.02004638767166,35.02004638767166,35.02004638767166,1.0,0.9933178707761122,0.006682129223887778,0.006682129223887778,1,0,0.0,0.0,0.0,1.0,0.0,1.0,0.0,0.0,0.006682129223887778,0.0,12,2,2022,8,22,0,0,1,2,1,0,1,GRAVE_MORTALIDAD,2
4,1,1,0,4,1,-10.518040397601371,-76.29601771678,0,4,1,1,2,2,2,0,1754.1600445861943,1.2276989848346571,0,2,0.22769898483465711,9,28,280.24405178585994,0.5462493414019433,75.9063517899146,58.68826980183657,8.901774124272029,915.0465792488922,5606.307273562112,10666.23633693028,1796.2997878388605,1342.7224635895914,7527.21408550183,2279.371782224219,8386.864554706062,21.432083172948346,8,1,0,0,6,42.09858172702383,40.96008680285054,43.237076651197114,1.0,0.0,0.0,0.0,1,0,0.0,0.0,0.0,0.22769898483465711,0.0,0.22769898483465711,0.7723010151653429,0.0,0.22769898483465711,0.22769898483465711,12,2,2022,1,10,3,0,0,0,1,0,1,GRAVE_MORTALIDAD,2
1,1,8,1,6,2,-12.51910859953888,-74.82842884033666,0,4,0,0,5,2,2,3,6934.596854119953,2.0,3,2,1.0,12,22,1198.0,0.5069773154177946,72.31757349494305,70.28556504661036,8.688360756564613,733.8253983385355,26615.762437235186,12419.780686917728,1818.4471300202563,1356.0877375927466,9245.245819304722,1924.6669796990877,10495.113707218638,15.444817409694853,3,1,0,1,0,28.0,28.0,28.0,1.0,0.0,0.0,0.6252047695304422,1,0,0.0,1.0,0.37479523046955776,0.0,0.0,0.37479523046955776,1.0,0.0,0.0,0.0,13,3,2022,7,16,1,0,0,2,1,0,1,GRAVE_MORTALIDAD,2
3,1,7,0,4,1,-13.597326096633752,-71.77541717944796,2,4,6,1,3,2,2,1,7586.903,2.0,2,0,1.0,9,5,1198.0,0.5065580412535501,64.79370905469777,77.15417383818448,8.35812941450031,844.3117831870799,8658.316916488222,17779.13499998999,2097.3709999899997,2863.123,12818.640999999989,2878.713,14900.421999989989,16.19152450331032,4,2,0,0,2,30.560332201571523,21.385116392666227,39.73554801047682,1.0,0.3735548010476819,0.0,0.0,2,0,0.0,0.0,0.0,1.0,0.0,1.0,1.0,0.0,0.0,0.0,11,0,2025,3,7,3,0,0,2,1,0,1,GRAVE_MORTALIDAD,2
9,1,2,0,4,0,-13.424876847086859,-73.59900666480982,0,4,0,0,1,2,2,2,6543.555,2.0,4,4,1.0,14,33,1198.0,0.2427651673160051,70.9768961952684,57.813400850638594,4.841623336627329,167.25708742774287,9040.491115726254,8351.402000387357,1285.027299366532,1272.5435354539918,5793.831165566834,1413.8595097883883,6937.542490598969,16.925967705139485,2,1,0,0,1,40.3941326670511,40.3941326670511,40.3941326670511,1.0,0.0,0.0,0.0,1,0,0.0,0.05048894441240792,0.0,0.9495110555875921,0.0,0.9495110555875921,0.05048894441240792,0.0,0.0,0.0,7,1,2023,8,13,3,0,0,2,1,0,1,GRAVE_MORTALIDAD,2
3,1,13,0,4,1,-9.441987655051545,-77.51651746527213,0,4,7,1,2,1,1,0,6579.47274474856,2.0,3,2,1.0,12,32,1353.7106129941712,0.5423065872593907,77.54296053135323,65.23405579938571,8.09909326694623,882.2006812074122,75638.87430497113,9471.132899418588,1675.435083776371,1051.5077096530456,6744.190105989172,2464.867550007152,7006.265349411437,25.915741326307,3,2,0,0,1,37.71609557551921,29.15732543319563,46.27486571784279,1.0,0.6274865717842794,0.6274865717842794,1.0,2,0,0.0,1.0,0.6274865717842794,0.37251342821572064,1.0,0.0,0.37251342821572064,0.6274865717842794,0.6274865717842794,0.6274865717842794,15,1,2023,11,22,5,1,1,0,1,0,1,GRAVE_MORTALIDAD,2
7,1,6,0,4,0,-11.614704069557652,-75.1132669413075,2,4,2,0,6,2,2,1,6543.555,2.0,4,4,1.0,14,33,1198.0,0.3505736481467903,70.31706891518219,55.68878498987264,6.301683173140965,375.1053670839421,1024.9842572181747,8266.865864167741,1313.8012992790043,987.1437111315618,5965.920853757174,1203.6249723206222,7063.240891847118,14.541461237870589,2,1,0,0,1,37.601410819880925,37.601410819880925,37.601410819880925,1.0,0.0,0.0,0.0,1,0,0.0,0.0,0.0,1.0,0.0,0.614386487134352,0.38561351286564804,0.0,0.38561351286564804,0.0,1,0,2022,6,9,2,0,0,2,1,0,1,GRAVE_MORTALIDAD,2
6,1,1,0,4,2,-9.26818499144685,-77.62421725506414,0,4,6,0,7,2,2,1,6543.555,2.0,4,4,1.0,14,33,1198.0,0.30421779461220977,81.89058886773591,56.788143236537174,4.048511623957471,290.7745875009928,1336.967380425473,10767.648,1885.0630000000003,1222.721,7659.864000000001,2100.343,8667.305000000002,19.506051832303577,3,1,0,0,2,57.470411345917256,57.470411345917256,57.470411345917256,1.0,0.9362671394132192,0.0,0.0,1,0,0.0,0.0,0.0,1.0,0.0,0.9362671394132192,0.06373286058678085,0.0,0.0,0.0,5,0,2021,7,26,1,0,0,0,1,0,1,GRAVE_MORTALIDAD,2
3,1,16,1,2,2,-13.820726729713135,-73.81685982059837,0,1,7,1,2,2,2,3,7021.418739343912,2.0,3,2,1.0,11,20,1198.0,0.742931139824116,75.44697248172078,79.1650043150381,12.284119743122245,1629.3590613236174,145905.46338533008,10381.700709463168,1837.9245564939904,1944.8960657956804,6598.880087173497,2501.5129454969856,7880.187763966182,24.02421428113744,4,2,0,0,2,42.04199007488977,34.083980149779535,50.0,1.0,0.5419900748897659,0.0,0.0,2,0,0.0,0.0,0.4580099251102341,1.0,0.0,1.0,0.4580099251102341,0.4580099251102341,0.4580099251102341,0.4580099251102341,21,2,2023,3,7,1,0,0,0,1,0,1,GRAVE_MORTALIDAD,2
0,1,14,1,2,3,-11.601372717373039,-77.2668248271426,0,0,0,1,1,2,2,1,6543.555,2.0,4,4,1.0,14,33,1198.0,0.7234906998013075,80.21629792050412,74.97158118516539,10.59984794260313,1527.0489129590137,156945.7301019526,7707.151792126095,1689.3780435219617,1541.022503545837,4476.751245058296,1838.992066545396,5868.159725580699,23.85196380622135,3,1,0,1,0,36.97407569198964,36.97407569198964,36.97407569198964,1.0,0.9396515112935082,0.06034848870649179,0.06034848870649179,1,0,0.0,0.0,0.0,1.0,0.0,0.0,1.0,0.0,0.0,0.0,20,1,2023,3,12,0,0,0,0,1,0,1,GRAVE_MORTALIDAD,2
6,1,19,0,4,1,-4.721180791662223,-80.35156327977296,0,4,7,1,2,2,2,0,553.4561814591988,2.0,2,2,0.2204836934733041,7,29,60.093880552441576,0.40873424099996936,72.5305168839087,59.629681769882176,6.412449621089793,526.7748891774957,11826.743779716442,8965.846000060003,1782.4120000599992,636.9959999999999,6546.438000000004,2214.505000059999,6751.341000000004,24.699342371541725,3,1,0,0,2,53.36984243706061,52.4879076631674,54.03129351748053,1.0,0.7795163065266959,0.0,1.0,1,0,0.0,0.0,0.0,1.0,1.0,0.0,0.0,1.0,0.7795163065266959,1.0,11,2,2021,6,25,0,0,0,0,1,0,1,GRAVE_MORTALIDAD,2
6,1,3,0,4,0,-16.54147280525126,-71.71308830849384,0,4,1,1,2,1,1,0,6543.555,2.0,4,4,1.0,14,33,1198.0,0.6105481451420971,78.10653088113892,68.35418098658066,8.411557426919764,1158.5430895193692,35025.678800856535,10322.272,1495.236,1749.739,7077.2970000000005,2886.595,7435.677000000001,27.964725207783708,9,1,0,0,8,26.274274089635895,26.274274089635895,26.274274089635895,0.7257259103641033,0.0,0.0,0.0,1,0,0.0,0.0,0.7257259103641033,0.2742740896358967,0.0,0.2742740896358967,0.7257259103641033,0.0,0.0,0.0,7,0,2023,7,11,0,0,0,0,1,0,1,GRAVE_MORTALIDAD,2
4,1,22,0,4,1,-17.2498705320935,-70.55950751021388,1,4,7,1,2,2,2,2,1681.3767357906472,2.0,2,0,1.0,9,25,273.87093897619593,0.4867925546762839,71.43015347535439,65.30337304247982,7.818502821298094,844.6894476955255,2727.087827644456,2650.572,630.6729999999998,487.3610000000001,1532.5379999999998,1068.7019999999998,1581.87,40.31967439480987,4,1,0,0,3,50.636134301937105,47.76550195830255,53.50676664557166,1.0,0.0,0.0,1.0,1,0,0.0,0.3827509791512743,0.0,0.6172490208487257,0.0,1.0,0.3827509791512743,0.0,0.0,0.0,14,2,2023,6,5,3,0,0,0,1,0,1,GRAVE_MORTALIDAD,2
0,1,14,2,2,4,-11.989515649040339,-77.00485104692036,0,0,1,1,2,1,1,0,6543.555,2.0,4,4,1.0,14,33,1198.0,0.701053025277506,79.62867561460851,73.1469484600971,10.064317505194426,1464.6926161541437,1150285.0494171206,7626.313,1683.4029999999998,1599.0829999999996,4343.827000000001,1814.875,5811.438000000001,23.797541485643197,2,1,0,0,0,28.039172437614667,26.084734161349505,29.99361071387983,1.0,0.0,0.0,0.0,1,0,0.0,0.0,1.0,0.2605917701686882,1.0,0.0,0.2605917701686882,0.2605917701686882,1.0,0.2605917701686882,17,1,2024,8,9,5,1,0,0,1,0,1,GRAVE_MORTALIDAD,2
5,1,3,0,4,1,-15.685498448246381,-71.03775191293337,0,4,7,1,2,1,1,0,568.5409999999999,1.0,2,3,0.0,9,3,93.0,0.45410452783396077,81.5574697674146,57.328839685732355,5.785910603248807,647.5719211796481,1361.8577197422828,10322.272,1495.236,1749.739,7077.2970000000005,2886.595,7435.677000000001,27.964725207783708,5,1,0,0,4,44.141328544109854,43.71199281616478,44.57066427205493,1.0,0.0,0.0,0.0,1,0,0.0,1.0,0.0,0.2146678639725368,0.0,0.0,1.0,0.0,0.0,0.0,4,0,2023,7,12,3,0,0,0,1,0,1,GRAVE_MORTALIDAD,2
6,1,11,0,4,1,-11.614141975184763,-76.02409158860334,3,4,3,1,4,1,1,0,875.67,2.0,2,0,1.0,3,14,156.0,0.7045048858113412,76.03866905687309,68.74554898563056,10.756160359254002,1573.7987000498822,4922.96573875803,12264.545,1826.4639999999995,1105.5389999999998,9332.542,1588.5359999999996,10676.009,12.952261987705208,3,1,0,0,2,22.649945162377737,22.649945162377737,22.649945162377737,1.0,0.3350054837622263,0.0,0.0,1,0,0.0,0.0,0.0,1.0,0.0,1.0,0.0,0.0,0.3350054837622263,0.0,13,1,2024,3,22,4,0,1,2,1,0,1,GRAVE_MORTALIDAD,2
4,1,8,0,4,1,-12.777063334528346,-75.21048843599007,0,4,3,1,1,2,2,0,773.8035842145365,0.003919213886262041,2,3,0.0,9,32,72.54899017357828,0.370718094170958,68.1241865508672,49.85490593669341,5.464646286538465,601.3071185625417,1009.3679586018593,8511.426,1445.3929999999996,2008.516,5057.516999999999,1879.579,6631.846999999998,22.08300935706896,9,1,0,0,7,37.250979803471566,34.00391921388626,40.0,1.0,0.498040393056869,0.0,0.0,1,0,0.0,0.0,0.0,1.0,0.0,0.501959606943131,0.498040393056869,0.0,0.0,0.0,14,3,2023,5,12,2,0,0,2,1,0,1,GRAVE_MORTALIDAD,2
3,1,9,0,4,1,-8.287194637224035,-78.0809704994727,0,4,7,0,3,2,2,0,745.2166940091595,1.2284749247189488,1,0,0.7428249749063163,8,29,118.77377683183892,0.4071938042382694,76.21350541566164,42.73061267364643,5.922263625408268,595.7218831831879,12735.65096315728,9403.95505456749,1476.9007325633015,1752.5498272516293,6174.504494752559,1445.8889410583884,7958.066113509102,15.156982345384684,9,1,0,0,8,36.25773796423315,30.686550652435777,41.82892527603052,1.0,0.0,0.0,0.0,1,0,0.0,0.7428249749063163,1.0,0.0,0.0,0.0,1.0,0.25717502509368373,0.7428249749063163,0.0,16,2,2023,4,6,0,0,0,0,1,0,1,GRAVE_MORTALIDAD,2
3,1,22,0,4,1,-17.93076148636031,-70.42646805782547,4,4,4,1,2,0,1,2,1669.3416508106,1.6729553558481822,1,0,0.6729553558481822,9,32,322.0313122190555,0.5285917279700282,75.18287717050329,72.5704299560855,8.55441548883611,789.7664932180807,3049.1782018619365,2650.572,630.6729999999998,487.3610000000001,1532.5379999999998,1068.7019999999998,1581.87,40.31967439480987,4,1,0,0,2,31.710687490937275,31.710687490937275,31.710687490937275,1.0,0.0,0.0,0.0,1,0,0.0,0.6729553558481822,0.0,0.3270446441518178,0.0,1.0,0.6729553558481822,0.0,0.0,0.0,8,0,2021,6,3,4,0,0,0,1,0,1,GRAVE_MORTALIDAD,2
3,1,19,0,4,2,-5.2686402732870965,-80.59156704877503,0,4,1,1,1,2,2,0,5967.632470771543,2.0,3,3,1.0,12,31,1084.2090213565364,0.49925061822867134,77.70991704616509,62.361702462628664,7.577418483503425,728.5294014797305,76187.1154835905,8965.846000060003,1782.4120000599992,636.9959999999999,6546.438000000004,2214.505000059999,6751.341000000004,24.699342371541725,5,2,0,0,3,21.599429745347475,16.659657847208486,26.539201643486464,1.0,0.8900570254652526,0.0,1.0,2,0,0.10994297453474744,0.8900570254652526,0.10994297453474744,1.0,1.0,0.0,0.0,1.0,1.0,0.10994297453474744,13,2,2021,10,19,5,0,0,0,1,0,1,GRAVE_MORTALIDAD,2
5,1,7,0,4,2,-14.138469826780392,-72.0326999924129,0,4,0,0,6,1,1,2,6631.510607997124,2.0,3,3,1.0,13,30,1198.0,0.36703369585782414,73.03380523700129,52.553215954401864,4.613787659001641,514.4093359610789,7275.662124813116,17779.13499998999,2097.3709999899997,2863.123,12818.640999999989,2878.713,14900.421999989989,16.19152450331032,2,1,0,0,1,34.91569868538865,34.156986853886494,35.505807887668105,1.0,1.0,0.0,0.0,1,0,0.0,0.08430131461135038,0.08430131461135038,1.0,0.08430131461135038,0.9156986853886496,0.08430131461135038,0.08430131461135038,0.0,0.08430131461135038,12,3,2022,7,20,0,0,0,2,1,0,1,GRAVE_MORTALIDAD,2
6,2,5,0,4,1,-7.213522075764812,-78.8702629693552,6,4,1,0,2,0,1,1,887.28,2.0,2,0,1.0,8,17,155.0,0.3859642312758351,70.33538729648224,48.710464419681166,5.741344342279046,555.0275848749352,3533.748779423755,15935.565011852366,1733.9250000199986,935.692,13265.948011832368,2000.1670000199988,13935.398011832369,12.551591352627522,6,2,0,0,4,40.13235193456035,34.0,46.264703869120694,1.0,0.0,0.0,0.0,2,0,0.0,0.807189318791188,0.19281068120881195,1.0,0.0,1.0,1.0,0.0,1.0,0.0,6,1,2021,2,14,0,0,0,2,1,0,1,GRAVE_MORTALIDAD,2
5,1,14,2,5,4,-11.959720842766854,-76.99219301429889,0,2,1,1,2,2,2,1,6543.555,2.0,4,4,1.0,14,33,1198.0,0.701053025277506,79.62867561460851,73.1469484600971,10.064317505194426,1464.6926161541437,1150285.0494171206,7626.313,1683.4029999999998,1599.0829999999996,4343.827000000001,1814.875,5811.438000000001,23.797541485643197,2,1,0,0,0,40.36507289048673,40.36507289048673,40.36507289048673,1.0,0.8613196258150908,0.0,0.0,1,0,0.0,0.0,0.1386803741849092,0.8613196258150908,1.0,0.0,0.0,0.0,0.1386803741849092,0.0,22,2,2024,2,10,3,0,0,0,1,0,1,GRAVE_MORTALIDAD,2
9,1,11,0,4,2,-7.849120102506607,-78.85527767102457,0,4,6,0,2,2,2,3,6543.555,2.0,4,4,1.0,14,33,1198.0,0.5496412475572077,79.50001160856215,58.33783317867305,8.023065451350925,964.014224665118,16928.389227104944,8799.743270338913,1335.2040368816065,1726.918547717512,5737.620685739794,1190.1698810474395,7609.573389291473,13.515969427453374,4,1,0,0,3,27.279233820432253,27.279233820432253,27.279233820432253,1.0,0.0,0.0,0.0,1,0,0.0,0.8172523113668212,0.0,0.1827476886331788,0.0,0.1827476886331788,0.8172523113668212,0.0,0.1827476886331788,0.0,11,2,2021,9,6,3,0,0,0,1,0,1,GRAVE_MORTALIDAD,2
3,2,20,0,4,1,-16.192542538213033,-69.50372829631398,0,4,3,1,2,2,2,2,7586.903,2.0,2,0,1.0,9,5,1198.0,0.4138545322335047,72.42365757071663,75.18782800461412,7.422478928805024,440.156451811849,19964.802997858675,13642.312999999998,2020.7790000000005,2354.117,9267.416999999998,3314.0520000000006,10328.260999999997,24.29244952817019,4,2,0,0,2,33.74547211476448,25.923641634429345,41.56730259509962,1.0,1.0,0.0,0.0,2,0,0.0,0.487273605738224,0.0,0.512726394261776,1.0,0.512726394261776,0.487273605738224,0.0,0.512726394261776,0.487273605738224,12,2,2021,5,9,2,0,0,2,1,0,1,GRAVE_MORTALIDAD,2
6,1,8,0,4,1,-13.29588484002853,-75.36645326388731,0,4,2,1,2,2,2,0,1569.0732044455528,1.4383849800307613,1,3,0.4383849800307613,9,19,289.7273241013843,0.35398896482344705,65.85540284553898,53.965076589023454,6.349518559586973,428.13630035190147,752.2538249039776,8511.426,1445.3929999999996,2008.516,5057.516999999999,1879.579,6631.846999999998,22.08300935706896,15,1,0,0,14,48.547455339477054,48.547455339477054,48.547455339477054,1.0,0.0,0.0,0.0,1,0,0.0,0.0,0.4383849800307613,0.5616150199692387,0.0,0.0,1.0,0.0,0.5616150199692387,0.0,5,0,2022,6,17,5,1,0,2,1,0,1,GRAVE_MORTALIDAD,2
4,1,13,1,2,3,-12.044799324912045,-76.9974977865826,0,2,1,1,2,2,2,0,6548.095495837896,2.0,3,3,1.0,13,32,1201.4947620992402,0.7921971285594931,81.47916847841593,80.65104752888922,11.76042207443637,1766.3443900221514,53661.03705071199,7612.399058834062,1681.4284332499346,1595.2927155848488,4335.67790999928,1811.6183900525407,5800.780668781523,23.79893927559888,4,2,0,0,1,66.85609803120775,66.84675374751995,66.86544231489557,1.0,0.0037377134751231944,0.0,0.0,2,0,0.0,0.0,0.0,1.0,0.0037377134751231944,1.0,0.0,0.0,0.0037377134751231944,0.0,18,1,2022,8,15,3,0,1,0,1,0,1,GRAVE_MORTALIDAD,2