CLASE SINIESTRO,CANTIDAD DE VEHICULOS DAÑADOS,DEPARTAMENTO,ZONA,TIPO DE VÍA,RED VIAL,COORDENADAS LATITUD,COORDENADAS  LONGITUD,CONDICIÓN CLIMÁTICA,ZONIFICACIÓN,CARACTERÍSTICAS DE VÍA,PERFIL LONGITUDINAL VÍA,SUPERFICIE DE CALZADA,¿EXISTE SEÑAL VERTICAL?,¿EXISTE SEÑAL HORIZONTAL?,CAUSA FACTOR PRINCIPAL,MTC_RVN_LONGITUD_KM,MTC_RVN_N_CARRILES_MEDIANA,MTC_RVN_SUPERFICIE_DOMINANTE,MTC_RVN_ESTADO_DOMINANTE,MTC_RVN_ES_CONCESIONADA,MTC_RVN_CONCESION_PRINCIPAL,MTC_RVN_CORREDOR_LOGISTICO,MTC_RVN_N_TRAMOS,IDH_2019,IDH_ESP_VIDA_2019,IDH_EDUC_SECUND_PCT_2019,IDH_ANIOS_EDUC_2019,IDH_INGRESO_PERCAP_2019,IDH_POBLACION_2019,MTC_DEP_RED_TOTAL_KM,MTC_DEP_NACIONAL_TOTAL_KM,MTC_DEP_DEPARTAMENTAL_TOTAL_KM,MTC_DEP_VECINAL_TOTAL_KM,MTC_DEP_PAV_TOTAL_KM,MTC_DEP_NO_PAV_TOTAL_KM,MTC_DEP_PCT_PAVIMENTADA,PER_TOTAL_PERSONAS,PER_N_CONDUCTORES,PER_N_CONDUCTORES_FUGADOS,PER_N_PEATONES,PER_N_PASAJEROS_OCUPANTES,PER_EDAD_COND_PROM,PER_EDAD_COND_MIN,PER_EDAD_COND_MAX,PER_ANY_COND_MASCULINO,PER_ANY_LIC_PROBLEMA,PER_ANY_DOSAJE_POS,PER_ANY_DOSAJE_EVALUADO,VEH_TOTAL,VEH_N_FUGADOS,VEH_ANY_FUGADO,VEH_ANY_CARGA,VEH_ANY_PUBLICO,VEH_ANY_PARTICULAR,VEH_ANY_MOTO,VEH_ANY_AUTO,VEH_ANY_CAMION_BUS,VEH_ANY_SOAT_PROBLEMA,VEH_ANY_CITV_PROBLEMA,VEH_ANY_SEGURO_PROBLEMA,HORA_NUM,FRANJA_HORARIA,ANIO,MES,DIA_MES,DIA_SEMANA,ES_FIN_SEMANA,ES_QUINCENA,REGION_NATURAL,TIENE_SEÑALIZACION,ES_VIA_MULTICARRIL,ES_DEPTO_BAJO_PAVIMENTO,CATEGORIA_SEVERIDAD,CATEGORIA_SEVERIDAD_ENC
6,1,2,0,4,1,-13.67471971038152,-73.0168606073687,2,4,0,1,1,0,1,1,7498.4867533696415,2.0,2,0,1.0,9,7,1198.0,0.35198883056011315,70.83521808534212,58.51859224731148,4.889302896181788,433.8069374801124,5981.152565310388,8358.971,1282.451,1298.0969999999998,5778.423,1432.683,6926.288,17.139466089785454,3,1,0,0,2,44.186399411150475,44.186399411150475,44.186399411150475,1.0,0.0,0.0,0.0,1,0,0.0,0.08474281508217696,0.0,0.915257184917823,0.0,0.915257184917823,0.08474281508217696,0.0,0.915257184917823,0.0,14,3,2021,11,3,4,0,0,2,1,0,1,GRAVE_MORTALIDAD,2
6,1,17,0,4,1,-15.08234723063536,-70.75348251013814,0,4,7,1,2,2,2,4,1750.7166448509563,1.859823835391276,1,0,0.8598238353912759,6,23,395.281502716084,0.2952386129766653,77.51081405106002,61.89177976987504,5.496241094749158,216.85541995658872,1389.4523398040515,13507.242051306324,1990.5423004130757,2272.8031899052776,9243.89656098797,3197.891236440537,10309.350814865787,23.635059538801126,2,1,0,0,1,31.01876684773893,31.01876684773893,31.01876684773893,1.0,0.0,0.14017616460872406,0.14017616460872406,1,0,0.0,0.14017616460872406,0.0,0.8598238353912759,0.0,0.0,1.0,0.0,0.14017616460872406,0.0,14,3,2022,6,4,4,0,0,2,1,0,1,GRAVE_MORTALIDAD,2
6,1,19,0,4,1,-14.086968734985735,-69.23212100871466,0,4,3,0,6,1,1,2,1930.202863435618,2.0,1,0,0.03500791480680565,9,32,509.9606432572524,0.5554719925799568,76.89587258386388,69.07985027393372,8.493220749690751,911.097923401473,27920.773252365474,13608.580073450457,2013.2276177365984,2333.809503755124,9261.542951958734,3285.0417461816414,10323.538327268814,24.1282714540524,3,1,0,0,2,30.05023744420417,30.05023744420417,30.05023744420417,1.0,0.9649920851931943,0.0,1.0,1,0,0.0,0.0,0.0,0.9649920851931943,0.0,0.0,1.0,0.9649920851931943,1.0,0.0,15,3,2021,5,2,5,0,0,2,1,0,1,GRAVE_MORTALIDAD,2
6,1,12,0,4,0,-7.706750261361738,-77.65213479039284,1,4,7,1,7,2,2,5,6543.555,2.0,4,4,1.0,14,33,1198.0,0.4686292122960986,72.39347765706144,42.14285241633188,6.687776775372348,878.2652317159998,9440.374732334049,8931.828000000005,1335.5899999999997,1935.9830000000004,5660.255000000005,1219.309,7712.519000000005,13.651281686122925,2,1,0,0,1,43.78737334500511,43.78737334500511,43.78737334500511,1.0,0.0,0.0,0.0,1,0,0.0,1.0,0.0,0.0,0.0,0.0,1.0,0.0,0.21262665499489442,0.0,14,2,2022,4,13,5,0,0,0,1,0,1,GRAVE_MORTALIDAD,2
3,2,11,1,4,1,-10.02808073667241,-75.41950069781468,0,1,7,0,2,0,1,1,158.79369758788985,0.7659816005025684,2,3,0.0,9,32,46.77321067001712,0.58981717058796,78.83386694461414,69.58304053237636,8.827070938076496,1033.3415407986397,128850.5580455382,14153.881404656016,1967.8159329896894,1947.4291074606604,10238.636364205666,2605.498035660217,11548.3833689958,19.69112576630051,10,2,0,0,8,39.09588960301541,32.70928426800685,45.482494938023976,1.0,1.0,0.4113394664991439,1.0,2,0,0.0,0.4113394664991439,0.4113394664991439,0.5886605335008561,0.5886605335008561,0.0,1.0,0.0,0.4113394664991439,0.5886605335008561,6,1,2022,9,9,2,0,0,1,1,0,1,GRAVE_MORTALIDAD,2
9,1,3,0,4,0,-13.431794878274511,-73.88218625522941,0,4,0,1,2,2,2,1,6555.73063603603,2.0,3,3,1.0,13,32,1250.78381936383,0.299202186922548,71.50001496561676,59.65216734873105,5.607809511753983,339.7642444661799,8908.391543804262,8266.453087254868,1333.0820477070965,1336.1046331460325,5597.266406401739,1480.9450896897151,6785.507997565153,17.980228407980945,3,1,0,0,2,41.063138539908884,40.873722920182225,41.25255415963555,1.0,0.0,0.0,0.0,1,0,0.0,0.0,0.12627707981777492,1.0,0.0,1.0,0.12627707981777492,0.0,0.0,0.0,6,1,2024,8,13,3,0,0,1,1,0,1,GRAVE_MORTALIDAD,2
4,1,9,0,4,2,-14.247715188693642,-72.39212066132896,4,4,2,0,1,2,2,4,6543.555,2.0,4,4,1.0,14,33,1198.0,0.25487846403337683,72.5366606419418,51.702192121302936,5.400003436530916,183.11804803997117,9861.131451583085,13027.59303156224,1883.1690757675892,1984.0505774390483,9160.373378355604,2785.3939754611993,10242.19905610104,21.300608888679836,4,1,0,0,3,42.214669412007034,41.67160080603414,42.75773801797993,1.0,1.0,0.0,0.6379542626847388,1,0,0.0,0.0,0.0,1.0,0.36204573731526124,0.0,0.0,1.0,0.6379542626847388,0.36204573731526124,12,1,2021,7,18,4,0,1,2,1,0,1,GRAVE_MORTALIDAD,2
6,1,11,1,4,1,-11.562510810338077,-75.86568076726873,0,4,0,0,2,0,1,0,7586.903,2.0,2,0,1.0,9,5,1198.0,0.6211711217784234,75.51508523355102,70.90101252241288,10.049671623026311,1128.403546167389,8996.89721627409,12264.545,1826.4639999999995,1105.5389999999998,9332.542,1588.5359999999996,10676.009,12.952261987705208,4,1,0,0,3,26.32899612198458,26.32899612198458,26.32899612198458,1.0,0.0,0.0,0.1663568658560416,1,0,0.0,0.0,0.0,1.0,0.0,1.0,0.0,0.1663568658560416,1.0,0.1663568658560416,18,2,2022,6,13,0,0,0,2,1,0,1,GRAVE_MORTALIDAD,2
4,1,7,0,4,1,-13.532158337072024,-71.82441233815416,1,1,7,1,1,0,1,2,7065.821861772977,2.0,2,1,1.0,11,18,1198.0,0.41653921831413565,69.49915912356917,69.40745535499477,6.798181780790443,571.6328172710145,4470.26223465473,17779.13499998999,2097.3709999899997,2863.123,12818.640999999989,2878.713,14900.421999989989,16.19152450331032,3,1,0,0,2,45.99204477813569,40.98636247680405,50.99772707946734,1.0,0.0,0.49943176986683535,1.0,1,0,0.0,0.5005682301331646,0.0,1.0,0.0,1.0,0.5005682301331646,0.0,0.0,0.0,18,2,2023,9,23,3,0,1,2,1,0,1,GRAVE_MORTALIDAD,2
8,1,10,0,4,2,-8.553933291625452,-77.86672183495868,0,4,6,0,2,2,2,2,6543.555,2.0,4,4,1.0,14,33,1198.0,0.45047760675263326,77.41783766633344,48.83147544793903,6.292932808870853,760.6618940318176,17044.85643427131,8595.757918984478,1334.6079738657127,1404.049387414207,5857.100557704558,1145.1688167082998,7450.589102276178,13.306999634366075,4,1,0,0,3,29.25482146780747,29.25482146780747,29.25482146780747,1.0,0.0,0.0,0.0,1,0,0.0,0.5350255045989328,0.0,0.46497449540106717,0.0,0.46497449540106717,0.5350255045989328,0.0,0.46497449540106717,0.0,8,1,2021,8,4,3,0,0,0,1,0,1,GRAVE_MORTALIDAD,2
3,1,3,0,4,1,-16.086546231530793,-71.59580234060353,0,3,1,0,2,1,1,0,1504.4250000000002,2.0,2,0,1.0,7,25,241.0,0.6005060748875158,78.21704200773246,77.40211893847457,8.994742794352394,996.014120858737,33335.45824411135,10322.272,1495.236,1749.739,7077.2970000000005,2886.595,7435.677000000001,27.964725207783708,6,2,0,0,4,38.57755052853467,34.144387632133665,43.01071342493567,1.0,0.0,0.0,1.0,2,0,0.0,1.0,0.0,0.8556123678663328,0.0,0.8556123678663328,1.0,0.0,0.0,0.0,8,0,2023,8,8,1,0,0,0,1,0,1,GRAVE_MORTALIDAD,2
3,1,12,0,4,1,-8.584682393783991,-77.99896491582766,0,4,5,0,2,1,1,0,785.9187312705558,2.0,2,0,0.7839873586893554,8,26,229.17555950376544,0.47547977989554224,77.36173312841797,45.72645270910587,7.168929098111661,781.3495405561557,13422.450154596341,8649.820256579338,1410.722004812179,1863.2083411424442,5375.8899106247145,1347.9587847348153,7301.861471844522,15.84300206484131,4,1,0,0,2,29.447879907548877,23.56797471737871,35.327785097719044,1.0,0.21601264131064457,0.0,0.0,1,0,0.0,0.7839873586893554,0.7839873586893554,0.21601264131064457,0.21601264131064457,0.0,0.7839873586893554,0.21601264131064457,0.7839873586893554,0.0,17,2,2022,3,6,0,0,0,0,1,0,1,GRAVE_MORTALIDAD,2
6,1,1,0,4,1,-9.930011974376683,-77.29527069933661,0,4,0,0,2,1,1,0,9936.932,2.0,2,0,1.0,9,32,3830.0,0.434445651888327,72.72415690729133,56.21032881148154,7.559948768555148,611.5521742504632,2788.7065477469732,10767.648,1885.0630000000003,1222.721,7659.864000000001,2100.343,8667.305000000002,19.506051832303577,3,1,0,0,2,20.580610388333028,20.580610388333028,20.580610388333028,1.0,1.0,0.0,0.5806103883330284,1,0,0.0,0.5806103883330284,0.0,0.41938961166697164,0.0,0.41938961166697164,0.5806103883330284,0.0,0.0,0.0,16,1,2022,5,13,2,0,0,0,1,0,1,GRAVE_MORTALIDAD,2
4,1,5,0,4,1,-5.9893188417284815,-79.20629777192012,0,4,0,0,1,1,1,0,9936.932,2.0,2,0,1.0,9,32,3830.0,0.417812594846269,77.21246513923639,42.57882325112038,5.640675579980779,673.6030762802901,8145.763805611701,15935.565011852366,1733.9250000199986,935.692,13265.948011832368,2000.1670000199988,13935.398011832369,12.551591352627522,3,1,0,0,2,46.25060088703687,36.502163193332734,55.99903858074101,1.0,0.4999198817284174,0.0,0.0,1,0,0.0,0.4999198817284174,0.4999198817284174,0.5000801182715826,0.4999198817284174,0.0,1.0,0.4999198817284174,0.4999198817284174,0.4999198817284174,9,1,2022,6,25,4,0,1,2,1,0,1,GRAVE_MORTALIDAD,2
6,1,17,0,4,1,-5.3037652097170245,-79.64997702201022,0,4,7,1,1,2,2,0,865.8309336568354,1.7850977140957076,1,3,0.0,9,32,118.20399146942287,0.39182575089592253,70.58951532277328,53.97503359330941,6.275049453299319,529.3548629082325,11134.98209036259,8958.535454085217,1686.3889308547773,916.1512756599591,6355.99524757048,2000.635104724297,6957.90034936092,22.32508887543588,4,1,0,0,3,50.90822456515835,50.90822456515835,50.90822456515835,1.0,0.7850977140957076,0.0,0.7850977140957076,1,0,0.0,0.0,0.0,1.0,0.7850977140957076,0.2149022859042924,0.0,0.7850977140957076,0.7850977140957076,0.7850977140957076,11,2,2021,8,23,0,0,0,0,1,0,1,GRAVE_MORTALIDAD,2
6,1,7,0,4,1,-13.846734485329053,-71.57371559113976,0,4,0,1,2,1,0,3,7586.903,2.0,2,0,1.0,9,5,1198.0,0.44225106328961034,68.05922546178485,72.36058745983931,7.4053834546688115,608.1529500638051,5468.772952559026,17779.13499998999,2097.3709999899997,2863.123,12818.640999999989,2878.713,14900.421999989989,16.19152450331032,4,1,0,0,3,41.38960860071495,41.38960860071495,41.38960860071495,1.0,0.0,0.598845400079439,0.598845400079439,1,0,0.0,0.0,0.0,1.0,0.0,0.598845400079439,0.401154599920561,0.0,0.0,0.0,14,2,2023,5,6,2,0,0,2,1,0,1,GRAVE_MORTALIDAD,2
3,2,7,0,4,1,-13.620890414407201,-71.73669141989227,0,4,7,1,2,1,1,2,7586.903,2.0,2,0,1.0,9,5,1198.0,0.4977821798264208,64.94913226313678,76.27883535855463,8.135630794366667,819.13232963407,8523.09890726864,17779.13499998999,2097.3709999899997,2863.123,12818.640999999989,2878.713,14900.421999989989,16.19152450331032,3,2,0,0,1,30.80439490977067,24.201098727442666,37.005493637213334,1.0,0.20109872744266744,0.0,0.0,2,0,0.0,0.20109872744266744,0.20109872744266744,1.0,0.20109872744266744,0.7989012725573326,1.0,0.20109872744266744,0.0,0.20109872744266744,7,0,2024,1,4,3,0,0,2,1,0,1,GRAVE_MORTALIDAD,2
4,1,11,0,4,0,-9.55452574134149,-78.31530182342479,0,2,7,1,2,2,2,0,6583.064767004671,2.0,3,2,1.0,11,32,1369.2827484749268,0.5005428300104962,73.34035460892412,64.64527374573991,8.932620433336835,709.0946536455193,13272.471445025069,3566.9557968140707,590.1002345256517,712.3217516397381,2264.5338106486806,867.0767215015788,2699.8790753124918,24.14341091461982,11,1,0,0,9,57.91186344495134,56.477677751979456,59.34604913792321,1.0,0.5902326591508927,0.0,0.40976734084910726,1,0,0.0,0.5902326591508927,0.0,0.0,0.5902326591508927,0.0,0.40976734084910726,0.5902326591508927,0.5902326591508927,1.0,7,1,2022,3,23,3,0,1,0,1,0,1,GRAVE_MORTALIDAD,2
6,1,6,0,4,1,-13.034359593152375,-74.54516708179635,0,4,7,1,4,2,2,2,1077.0321316909517,1.4076328579796558,1,0,0.40763285797965576,6,32,194.93912834549295,0.4032220409503652,74.15500509299584,66.79646100856296,6.802147896250551,488.291428204425,1128.395052589049,12509.896361819125,1813.7932668321853,1501.5334726048895,9194.569622382049,2119.7939552823836,10390.10240653674,16.891767647373005,3,1,0,0,2,25.407632857979657,25.407632857979657,25.407632857979657,1.0,0.0,0.5923671420203442,0.5923671420203442,1,0,0.0,1.0,0.0,0.0,0.0,0.40763285797965576,0.5923671420203442,0.0,0.5923671420203442,0.0,15,3,2023,6,11,3,0,0,2,1,0,1,GRAVE_MORTALIDAD,2
6,1,12,0,7,3,-7.728586723536124,-77.53317698495584,0,4,7,1,7,2,2,0,6543.555,2.0,4,4,1.0,14,33,1198.0,0.2830309340125771,78.26022599968785,38.118272177941925,4.955009153192217,263.3245854265338,5179.790155856979,8931.828000000005,1335.5899999999997,1935.9830000000004,5660.255000000005,1219.309,7712.519000000005,13.651281686122925,3,1,0,0,2,44.67043807503502,44.67043807503502,44.67043807503502,1.0,0.5304744579561373,0.0,0.0,1,0,0.0,0.0,0.0,1.0,0.5304744579561373,0.0,0.46952554204386265,0.5304744579561373,0.0,0.5304744579561373,12,1,2023,9,10,4,0,0,0,1,0,1,GRAVE_MORTALIDAD,2
6,1,1,0,4,1,-9.313024877194389,-77.22589462910966,4,4,0,0,7,2,2,1,6543.555,2.0,4,4,1.0,14,33,1198.0,0.46933892221529366,75.23295044020763,49.976199514629585,7.8781443251218874,693.601558046138,9839.411011612767,10767.648,1885.0630000000003,1222.721,7659.864000000001,2100.343,8667.305000000002,19.506051832303577,10,1,0,0,9,42.53791421365069,42.53791421365069,42.53791421365069,1.0,0.0,0.0,0.9716887255973322,1,0,0.0,1.0,0.0,0.0,0.9716887255973322,0.0,0.028311274402667785,0.0,0.9716887255973322,0.0,13,2,2021,4,22,3,0,0,0,1,0,1,GRAVE_MORTALIDAD,2
3,1,4,0,4,1,-8.46496512864633,-76.28440332348691,0,4,0,0,2,2,2,0,323.69156786273646,2.0,2,0,0.0,9,6,114.56041907827996,0.5167843871293933,66.71511837839311,76.31957836548999,7.712444732915599,915.4112674246679,590.5972468904628,3640.5316203601765,1044.9715277048851,564.5071638142886,2031.052928841003,969.8679819473315,2670.6636384128456,27.563099055570714,5,1,0,0,3,56.26961845628834,46.78997065048372,65.74926626209296,1.0,0.0,0.0,0.2100293495162816,1,0,0.0,0.7899706504837184,0.7899706504837184,0.2100293495162816,0.0,0.0,1.0,0.0,0.0,0.0,13,2,2022,5,7,4,0,0,0,1,0,1,GRAVE_MORTALIDAD,2
3,2,20,0,4,1,-17.891238583758245,-70.91734994065997,0,4,5,0,2,1,1,2,1926.94,2.0,2,0,1.0,9,32,393.0,0.613140601042665,75.45636047885364,70.51971601619003,9.92126227030402,1128.3666405512688,2990.955827566593,2734.490533176538,585.5978642034595,604.1868442016053,1544.7058247714729,1011.8603618121987,1722.630171364339,37.24500611408172,3,2,0,0,1,44.71031124044374,36.562076162762054,58.84989563995018,1.0,0.28103808138102826,0.0,0.7189619186189717,2,0,0.0,0.7189619186189717,0.0,0.0,0.0,0.28103808138102826,0.7189619186189717,0.0,0.0,0.0,21,2,2021,10,27,1,0,1,0,1,0,1,GRAVE_MORTALIDAD,2
3,1,3,0,4,1,-16.114093333115225,-71.59856690053249,0,4,7,0,2,0,1,0,1504.4250000000002,2.0,2,0,1.0,7,25,241.0,0.6005060748875158,78.21704200773246,77.40211893847457,8.994742794352394,996.014120858737,33335.45824411135,10322.272,1495.236,1749.739,7077.2970000000005,2886.595,7435.677000000001,27.964725207783708,12,1,0,0,10,38.55552009430567,33.56480003929403,43.54624014931731,1.0,0.0,0.0,0.7129600078588058,1,0,0.0,1.0,0.0,0.0,0.0,0.0,1.0,0.0,0.0,0.0,8,0,2023,9,15,4,0,0,0,1,0,1,GRAVE_MORTALIDAD,2
9,1,20,0,4,1,-15.626358038641573,-70.35801002862954,0,4,0,1,2,0,1,2,1507.382932777469,2.0,2,0,1.0,6,24,242.9422279873815,0.43902699943375884,73.97261662514954,72.76026159997853,7.486190704280689,508.9180697933131,4890.82482578088,13642.312999999998,2020.7790000000005,2354.117,9267.416999999998,3314.0520000000006,10328.260999999997,24.29244952817019,3,1,0,0,2,29.942537633509424,29.942537633509424,29.942537633509424,1.0,0.0,0.0,0.9885075267018847,1,0,0.0,0.011492473298115313,0.0,0.9885075267018847,0.0,0.0,1.0,0.0,0.9885075267018847,0.0,7,0,2021,5,16,3,0,0,2,1,0,1,GRAVE_MORTALIDAD,2
7,1,5,0,4,2,-7.024828638838295,-78.71576722034366,3,4,6,0,3,2,2,0,6543.555,2.0,4,4,1.0,14,33,1198.0,0.2741996735144121,67.87327980496377,34.62824886204975,4.027767902888583,340.12388239954726,2984.6616702355464,15935.565011852366,1733.9250000199986,935.692,13265.948011832368,2000.1670000199988,13935.398011832369,12.551591352627522,7,1,0,0,6,25.452663567374792,25.452663567374792,25.452663567374792,1.0,0.40877726122913205,0.0,0.591222738770868,1,0,0.0,1.0,0.0,0.0,0.0,0.0,1.0,0.0,1.0,0.0,15,1,2021,6,26,3,0,1,2,1,0,1,GRAVE_MORTALIDAD,2
6,1,19,0,3,1,-5.19644033667166,-80.68463825759041,0,3,7,1,2,2,2,0,6543.555,2.924026870425733,2,0,1.0,1,30,1453.955443107928,0.6041874276463154,78.43324729026092,72.6519736003503,9.837148693874736,987.5503894136046,183497.43957535364,8965.846000060003,1782.4120000599992,636.9959999999999,6546.438000000004,2214.505000059999,6751.341000000004,24.699342371541725,6,1,0,0,4,41.40456427894039,28.468188092980128,54.34094046490065,1.0,0.07597312957426716,0.07597312957426716,1.0,1,0,0.0,0.9240268704257328,0.0,1.0,0.07597312957426716,0.9240268704257328,0.9240268704257328,0.0,1.0,0.0,6,0,2022,3,2,2,0,0,0,1,0,1,GRAVE_MORTALIDAD,2
3,1,3,0,4,1,-15.706741536703325,-71.05309243536993,0,4,0,1,2,1,1,0,568.5409999999999,1.0,2,3,0.0,9,3,93.0,0.4498224071382834,81.63336343193146,58.84842497065013,5.774685730039019,620.6584683449911,1358.612419700214,10322.272,1495.236,1749.739,7077.2970000000005,2886.595,7435.677000000001,27.964725207783708,12,1,0,0,10,25.901970481335105,25.901970481335105,25.901970481335105,1.0,0.0,0.0,0.0,1,0,0.0,0.0,0.11188061654912385,0.8881193834508762,0.0,0.8881193834508762,0.11188061654912385,0.0,0.8881193834508762,0.0,5,0,2022,8,12,5,0,0,0,1,0,1,GRAVE_MORTALIDAD,2
4,1,6,0,4,1,-10.589004698695398,-74.96861609212506,0,4,0,0,1,0,0,2,4944.832134474682,1.483575611781389,2,3,0.48357561178138897,11,22,1152.0382294485437,0.3782173670310973,73.97059583362994,47.57869812129443,5.838569477311122,510.20218903700834,24917.661348386242,16887.62951511453,1921.6173782050078,1931.0643750085856,13034.947761900936,2453.8695805815787,14433.759934532953,14.431341603125526,5,1,0,0,4,28.680668270404723,27.131395105748886,30.229941435060553,1.0,0.48357561178138897,0.0,0.48357561178138897,1,0,0.0,0.0,0.48357561178138897,0.516424388218611,0.516424388218611,0.0,0.48357561178138897,0.48357561178138897,1.0,1.0,18,2,2024,8,23,4,0,1,2,0,0,1,GRAVE_MORTALIDAD,2
6,1,1,0,4,2,-9.84224245644617,-77.49514432590244,5,4,1,1,1,1,1,1,6543.555,2.0,4,4,1.0,14,33,1198.0,0.3514096194390419,75.13695986840473,54.072656716973455,5.659665478450761,371.7890425242391,1054.747345543987,10767.648,1885.0630000000003,1222.721,7659.864000000001,2100.343,8667.305000000002,19.506051832303577,6,1,0,0,5,26.426955235218305,26.426955235218305,26.426955235218305,1.0,0.0,0.0,0.0,1,0,0.0,0.0,0.0,1.0,0.0,1.0,0.0,0.0,1.0,0.0,14,2,2021,4,8,0,0,0,0,1,0,1,GRAVE_MORTALIDAD,2
6,1,11,1,4,1,-11.565181886607043,-75.86282513951153,0,4,0,0,2,0,1,0,7586.903,2.0,2,0,1.0,9,5,1198.0,0.6211711217784234,75.51508523355102,70.90101252241288,10.049671623026311,1128.403546167389,8996.89721627409,12264.545,1826.4639999999995,1105.5389999999998,9332.542,1588.5359999999996,10676.009,12.952261987705208,3,1,0,0,2,24.976967772158016,24.976967772158016,24.976967772158016,1.0,0.0,0.0,0.0,1,0,0.0,0.0,0.0,1.0,0.0,1.0,0.0,0.0,0.9425313075201167,0.0,18,1,2023,6,11,0,0,0,2,1,0,1,GRAVE_MORTALIDAD,2
3,1,11,0,4,1,-11.792229320162413,-75.63235343850033,0,4,0,0,2,1,1,2,7586.903,2.0,2,0,1.0,9,5,1198.0,0.4601486674415146,68.84970020697632,59.64314785938267,7.304220600117272,722.0921975701726,1296.5672986575692,12264.545,1826.4639999999995,1105.5389999999998,9332.542,1588.5359999999996,10676.009,12.952261987705208,4,2,0,0,2,35.48065983720231,30.253223360466283,40.708096313938334,0.746776639533718,0.746776639533718,0.0,1.0,2,0,0.253223360466282,0.0,0.746776639533718,1.0,0.0,1.0,0.746776639533718,0.0,0.746776639533718,0.253223360466282,6,0,2022,10,13,4,0,0,2,1,0,1,GRAVE_MORTALIDAD,2
6,1,19,1,2,3,-5.1812769471341324,-80.65690819965823,0,4,7,1,2,2,2,0,6543.555,2.279434451355594,3,2,1.0,10,32,1275.4033430254995,0.6418688940444718,78.64797115154609,75.9088110669365,10.881455114705297,1082.8599882767992,180294.0360979435,8965.846000060003,1782.4120000599992,636.9959999999999,6546.438000000004,2214.505000059999,6751.341000000004,24.699342371541725,3,1,0,0,2,33.63264786762272,29.720565548644405,37.54473018660103,1.0,0.0,0.7205655486444061,1.0,1,0,0.0,0.27943445135559386,0.0,1.0,0.7205655486444061,0.27943445135559386,0.27943445135559386,0.7205655486444061,1.0,0.7205655486444061,5,0,2023,3,21,3,0,0,0,1,0,1,GRAVE_MORTALIDAD,2
6,1,7,0,4,1,-13.199988331919267,-72.21093760310983,1,4,1,0,2,1,1,2,3447.8009999999995,1.0,2,3,0.0,9,12,1109.0,0.44153260100385505,76.30288362474563,59.89691820957445,6.673087958989853,592.998285457905,3672.691930372932,17779.13499998999,2097.3709999899997,2863.123,12818.640999999989,2878.713,14900.421999989989,16.19152450331032,17,1,0,0,16,49.08214291765085,49.08214291765085,49.08214291765085,1.0,0.0,0.0,1.0,1,0,0.0,0.0,0.0,0.17351190980423759,0.0,0.0,1.0,0.0,0.17351190980423759,0.0,18,2,2022,7,21,6,1,1,2,1,0,1,GRAVE_MORTALIDAD,2
6,1,12,0,4,1,-7.564866476292271,-77.4173902723924,0,4,7,0,1,2,2,0,6543.555,2.0,4,4,1.0,14,33,1198.0,0.24179664768960207,77.14799991889214,34.271760193763825,4.854251997166484,196.5004382766483,1923.736454718372,8931.828000000005,1335.5899999999997,1935.9830000000004,5660.255000000005,1219.309,7712.519000000005,13.651281686122925,3,1,0,0,2,31.123408546842807,31.123408546842807,31.123408546842807,1.0,0.0,0.0,0.0,1,0,0.0,1.0,0.0,0.0,0.0,0.0,1.0,0.0,0.44620122097754367,0.0,15,1,2023,9,7,4,0,0,0,1,0,1,GRAVE_MORTALIDAD,2
4,1,5,0,3,2,-8.344970438499352,-77.23693340318306,0,3,2,0,1,1,0,1,6543.555,2.0,4,4,1.0,14,33,1198.0,0.5198556841330693,75.08659220345714,67.394155264099,7.36413916901345,850.149501977178,50497.75166458174,16293.504204550962,1804.4900280123532,1309.9132666518774,13179.100909886733,2170.741509262849,14122.762695288115,13.258304274738183,2,1,0,0,0,51.28182345664966,51.28182345664966,51.28182345664966,1.0,0.8058445326178331,0.0,0.19415546738216694,1,0,0.0,0.0,0.8058445326178331,0.19415546738216694,0.8058445326178331,0.19415546738216694,0.0,0.8058445326178331,0.19415546738216694,0.0,14,2,2021,7,15,1,0,0,2,1,0,1,GRAVE_MORTALIDAD,2
3,2,12,0,4,1,-7.318573449280392,-79.47373264653255,0,4,7,1,2,1,1,0,6543.555,3.0,2,0,1.0,0,30,1475.0,0.5645567718076939,81.2968128053607,68.49987037457447,7.855784817774461,909.8459462971117,43901.69487041414,8931.828000000005,1335.5899999999997,1935.9830000000004,5660.255000000005,1219.309,7712.519000000005,13.651281686122925,2,2,0,0,0,41.503982202372725,20.119466071181765,62.88849833356368,1.0,0.9920355952545489,0.0,0.007964404745451126,2,0,0.0,0.0,0.007964404745451126,0.9920355952545489,0.9920355952545489,0.0,0.007964404745451126,0.9920355952545489,0.0,0.9920355952545489,22,2,2023,11,21,5,1,0,0,1,1,1,GRAVE_MORTALIDAD,2