CLASE SINIESTRO,CANTIDAD DE VEHICULOS DAÑADOS,DEPARTAMENTO,ZONA,TIPO DE VÍA,RED VIAL,COORDENADAS LATITUD,COORDENADAS  LONGITUD,CONDICIÓN CLIMÁTICA,ZONIFICACIÓN,CARACTERÍSTICAS DE VÍA,PERFIL LONGITUDINAL VÍA,SUPERFICIE DE CALZADA,¿EXISTE SEÑAL VERTICAL?,¿EXISTE SEÑAL HORIZONTAL?,CAUSA FACTOR PRINCIPAL,MTC_RVN_LONGITUD_KM,MTC_RVN_N_CARRILES_MEDIANA,MTC_RVN_SUPERFICIE_DOMINANTE,MTC_RVN_ESTADO_DOMINANTE,MTC_RVN_ES_CONCESIONADA,MTC_RVN_CONCESION_PRINCIPAL,MTC_RVN_CORREDOR_LOGISTICO,MTC_RVN_N_TRAMOS,IDH_2019,IDH_ESP_VIDA_2019,IDH_EDUC_SECUND_PCT_2019,IDH_ANIOS_EDUC_2019,IDH_INGRESO_PERCAP_2019,IDH_POBLACION_2019,MTC_DEP_RED_TOTAL_KM,MTC_DEP_NACIONAL_TOTAL_KM,MTC_DEP_DEPARTAMENTAL_TOTAL_KM,MTC_DEP_VECINAL_TOTAL_KM,MTC_DEP_PAV_TOTAL_KM,MTC_DEP_NO_PAV_TOTAL_KM,MTC_DEP_PCT_PAVIMENTADA,PER_TOTAL_PERSONAS,PER_N_CONDUCTORES,PER_N_CONDUCTORES_FUGADOS,PER_N_PEATONES,PER_N_PASAJEROS_OCUPANTES,PER_EDAD_COND_PROM,PER_EDAD_COND_MIN,PER_EDAD_COND_MAX,PER_ANY_COND_MASCULINO,PER_ANY_LIC_PROBLEMA,PER_ANY_DOSAJE_POS,PER_ANY_DOSAJE_EVALUADO,VEH_TOTAL,VEH_N_FUGADOS,VEH_ANY_FUGADO,VEH_ANY_CARGA,VEH_ANY_PUBLICO,VEH_ANY_PARTICULAR,VEH_ANY_MOTO,VEH_ANY_AUTO,VEH_ANY_CAMION_BUS,VEH_ANY_SOAT_PROBLEMA,VEH_ANY_CITV_PROBLEMA,VEH_ANY_SEGURO_PROBLEMA,HORA_NUM,FRANJA_HORARIA,ANIO,MES,DIA_MES,DIA_SEMANA,ES_FIN_SEMANA,ES_QUINCENA,REGION_NATURAL,TIENE_SEÑALIZACION,ES_VIA_MULTICARRIL,ES_DEPTO_BAJO_PAVIMENTO,CATEGORIA_SEVERIDAD,CATEGORIA_SEVERIDAD_ENC
3,1,15,0,4,1,-9.96075089751735,-77.52200355682587,0,3,0,1,2,1,0,2,6799.348348584605,2.789432194195191,2,0,1.0,1,27,1613.5536162195642,0.6038837837875869,75.42832964164555,64.84877860691562,8.312132160179665,1219.524315151513,25776.883907225158,7209.140906199046,1500.5612888889277,1465.6282831979988,4242.95133411212,1646.1114312494256,5563.0294749496215,22.566625761703754,3,2,0,0,1,54.183359981001416,35.893533631660546,72.47318633034229,1.0,0.0,0.0,0.7894321941951912,2,0,0.0,0.0,1.0,1.0,1.0,0.0,1.0,0.0,0.21056780580480883,0.21056780580480883,7,1,2022,3,13,5,1,0,0,1,0,1,GRAVE_MORTALIDAD,2
1,1,12,1,4,1,-8.411577790709948,-78.77817801384928,0,1,7,1,2,2,2,0,6543.555,2.2967866820198504,3,2,1.0,9,32,1280.2099109194987,0.5051395598219868,77.13285387085847,51.52067479184955,6.715328807318118,900.900383457586,67612.41755888652,8931.828000000005,1335.5899999999997,1935.9830000000004,5660.255000000005,1219.309,7712.519000000005,13.651281686122925,3,1,0,0,1,37.0,33.29678668201985,40.0,0.2967866820198506,0.0,0.0,0.2967866820198506,1,0,0.7032133179801494,0.2967866820198506,0.0,0.2967866820198506,0.0,0.2967866820198506,0.2967866820198506,0.0,0.2967866820198506,0.0,9,1,2021,1,6,2,0,0,0,1,0,1,GRAVE_MORTALIDAD,2
6,1,14,0,4,1,-10.828967867366737,-76.9349647504566,0,4,2,0,4,1,1,0,917.0317376190599,-1.0,0,0,0.4586303898427313,9,24,293.09418487837354,0.45596788496432866,74.37496769019742,64.765241249638,6.765192845954838,648.5287340129673,568.9142781940257,7626.313,1683.4029999999998,1599.0829999999996,4343.827000000001,1814.875,5811.438000000001,23.797541485643197,3,1,0,0,2,48.29315194921366,48.29315194921366,48.29315194921366,1.0,0.0,0.0,0.0,1,0,0.0,0.5413696101572687,0.4586303898427313,0.0,0.0,0.0,1.0,0.0,0.0,0.0,11,1,2022,6,11,2,0,0,0,1,0,1,GRAVE_MORTALIDAD,2
4,1,3,0,4,1,-16.25646111412431,-71.833142780964,4,4,4,0,2,0,1,0,6543.555,2.0,4,4,1.0,14,33,1198.0,0.6065711274038853,79.54153059386148,68.92177434959366,7.918307764558496,1157.1177467224982,2447.339282997892,10322.272,1495.236,1749.739,7077.2970000000005,2886.595,7435.677000000001,27.964725207783708,6,1,0,0,4,39.38091981467989,38.071379722019834,40.69045990733994,1.0,0.6547700463300276,0.0,0.0,1,0,0.0,0.0,0.0,1.0,0.0,1.0,0.0,0.0,0.0,0.0,11,1,2021,9,8,3,0,0,0,1,0,1,GRAVE_MORTALIDAD,2
4,1,12,0,4,1,-9.296880179263296,-78.0743529619426,0,4,2,0,2,2,2,0,946.7618025635535,2.0,2,0,0.5857990744281697,8,24,347.6921534919545,0.4821620858186966,75.09343115625393,56.85274044099753,6.5778179744434295,852.042720957792,25862.25067372932,8391.082478652095,1479.6544665259148,1796.4387081748505,5114.98930395133,1465.9929884391127,6925.089490212982,17.853871886176474,3,1,0,0,1,38.13018241413523,34.02958889313804,42.230775935132414,1.0,0.4142009255718303,0.0,0.4142009255718303,1,0,0.0,0.5857990744281697,0.0,1.0,0.0,1.0,0.5857990744281697,0.4142009255718303,0.0,0.0,12,2,2022,6,16,3,0,0,0,1,0,1,GRAVE_MORTALIDAD,2
5,1,20,0,4,1,-14.3477914169697,-70.59060631778759,3,4,1,0,2,2,2,2,1692.933680525485,2.0,2,0,1.0,6,22,364.77794315334097,0.36369634812015184,71.01103530725675,53.34527751531678,5.58762064297254,447.0096202950758,6507.426973930914,13642.312999999998,2020.7790000000005,2354.117,9267.416999999998,3314.0520000000006,10328.260999999997,24.29244952817019,5,1,0,0,4,31.260690121282344,29.25379410737736,33.26758613518733,1.0,0.0,0.0,0.0,1,0,0.0,0.0,0.0,1.0,0.0,0.7324138648126686,0.26758613518733143,0.7324138648126686,1.0,1.0,7,0,2021,11,20,4,0,1,2,1,0,1,GRAVE_MORTALIDAD,2
5,1,12,2,2,4,-8.569286299252296,-78.82928942488824,0,0,0,1,2,1,1,0,6543.555,2.0,4,4,1.0,14,33,1198.0,0.6130861353016895,78.50157984630033,64.4712557259484,9.307917583127129,1142.0151411714469,76402.08329701259,8777.336595622595,1376.7493270324119,1896.1150902978911,5504.4721782922925,1289.7868020470355,7487.54979357556,14.851964884405541,3,1,0,0,2,28.905138083020482,26.538387729674735,31.271888436366226,1.0,0.0,0.0,0.0,1,0,0.0,0.0,0.11833751766728728,1.0,0.0,1.0,0.11833751766728728,0.0,0.8816624823327127,0.0,2,0,2023,9,9,1,0,0,0,1,0,1,GRAVE_MORTALIDAD,2
6,1,4,0,4,0,-14.93667297116707,-73.39396984967816,0,4,0,0,1,2,2,2,6543.555,2.0,4,4,1.0,14,33,1198.0,0.44686068956465014,73.20639633803614,55.350824220807866,7.196841900687325,653.8010139468696,648.7666077999011,12678.733000000004,1805.074000000001,1774.0339999999994,9099.625000000004,2485.375000000001,10193.358000000002,19.602707936195205,4,1,0,0,3,41.60747695543883,41.60747695543883,41.60747695543883,1.0,0.8785046089122346,0.0,1.0,1,0,0.0,0.0,0.0,1.0,0.0,0.12149539108776541,0.8785046089122346,0.12149539108776541,0.12149539108776541,0.0,3,0,2021,11,27,0,0,1,2,1,0,1,GRAVE_MORTALIDAD,2
6,1,2,0,4,2,-15.400674460734132,-71.99015104681695,2,4,3,0,6,2,2,3,6924.753401022404,2.0,3,2,1.0,12,22,1198.0,0.6442483532976959,76.73604641298353,81.34458129552453,10.944323893024793,1092.3336840468678,56840.79847090959,9604.958886900931,1417.4927141916673,1584.7267430784734,6602.73942963079,2355.3926306780804,7249.566256222851,24.009600487715105,3,1,0,0,2,28.077114051899045,28.077114051899045,28.077114051899045,0.3653607435126195,0.6346392564873805,0.0,0.0,1,0,0.0,0.6346392564873805,0.0,0.0,0.0,0.3653607435126195,0.6346392564873805,0.0,0.0,0.0,16,1,2021,2,24,4,0,1,0,1,0,1,GRAVE_MORTALIDAD,2
6,1,8,0,4,1,-12.488288894016057,-74.73301315820413,0,4,2,1,7,2,2,0,7150.933577348681,2.0,2,1,1.0,11,16,1198.0,0.2371271103914559,67.35907202388974,48.34285985638861,3.957778336278219,206.76708776763252,3746.0,8511.426,1445.3929999999996,2008.516,5057.516999999999,1879.579,6631.846999999998,22.08300935706896,5,1,0,0,4,46.89644472882257,45.22501995913377,48.15001330608918,0.5821438075777985,0.0,0.0,0.0,1,0,0.0,0.0,0.0,1.0,0.0,1.0,0.0,0.0,0.0,0.0,12,1,2024,6,12,2,0,0,2,1,0,1,GRAVE_MORTALIDAD,2
3,1,3,0,4,1,-16.047456385945207,-71.33123711009993,0,4,0,0,2,0,1,0,1504.4250000000002,2.0,2,0,1.0,7,25,241.0,0.4685280505645348,81.83746865987648,70.74305753660312,6.037751599761188,617.4715908037651,1751.8736616702354,10322.272,1495.236,1749.739,7077.2970000000005,2886.595,7435.677000000001,27.964725207783708,4,1,0,0,2,42.427736814421195,41.98694433400916,42.86852929483322,1.0,0.11841503917593188,0.0,0.0,1,0,0.0,0.8815849608240681,0.0,1.0,0.0,0.11841503917593188,0.8815849608240681,0.0,0.8815849608240681,0.0,10,1,2022,8,4,4,0,0,0,1,0,1,GRAVE_MORTALIDAD,2
3,1,14,2,2,3,-11.918803920074122,-76.99415073640799,0,0,1,1,2,0,1,0,6563.985851341035,2.0,3,3,1.0,12,32,1286.5718301239656,0.6728569280491632,79.05654255158264,74.67620544590346,9.693707495845072,1334.6906813733665,351938.5257445343,7626.313,1683.4029999999998,1599.0829999999996,4343.827000000001,1814.875,5811.438000000001,23.797541485643197,5,2,0,0,3,41.18215850433984,34.42378866088022,47.94052834779946,1.0,0.0,0.0,0.0,2,0,0.0,0.7881056695598909,0.0,0.21189433044010908,0.0,0.21189433044010908,0.7881056695598909,0.7881056695598909,0.7881056695598909,0.21189433044010908,5,0,2023,10,23,3,0,1,0,1,0,1,GRAVE_MORTALIDAD,2
3,1,17,0,4,1,-14.656086298318495,-71.47167273903986,0,4,4,1,2,1,1,2,6868.038830874353,2.0,3,2,1.0,12,24,1198.0,0.37326499468503216,78.33582452750834,70.19303055883928,6.950861710207406,452.58829960834254,9745.703245885152,13213.823714837143,1960.3465502360193,1965.8061271316597,9287.671037469465,2777.412219298845,10436.411495538297,20.765622912349123,3,1,0,0,1,57.880438879049336,56.84694262114835,58.913935136950315,1.0,0.6889975052673197,0.0,0.0,1,0,0.0,0.0,0.0,1.0,0.6889975052673197,0.31100249473268027,0.0,0.6889975052673197,0.0,0.6889975052673197,15,1,2022,10,14,2,0,0,2,1,0,1,GRAVE_MORTALIDAD,2
6,1,8,0,4,1,-12.474096620516857,-74.97673984721683,0,4,7,0,6,2,2,1,6717.722198875299,2.0,3,3,1.0,13,28,1198.0,0.3197508632812603,73.35600919181914,47.73247021173725,4.747967817478287,352.6352900736821,3265.2034261241965,8511.426,1445.3929999999996,2008.516,5057.516999999999,1879.579,6631.846999999998,22.08300935706896,6,1,0,0,5,25.335448566540013,25.335448566540013,25.335448566540013,1.0,0.0,0.0,0.0,1,0,0.0,0.0,0.0,1.0,0.0,0.8330689291824985,0.16693107081750147,0.0,0.8330689291824985,0.0,19,1,2024,8,26,4,0,1,2,1,0,1,GRAVE_MORTALIDAD,2
3,1,17,0,4,1,-14.31593523272461,-71.29045521803376,0,4,5,0,1,1,1,4,7332.608331867194,2.0,2,0,1.0,10,11,1198.0,0.5049956956222443,74.93235357874325,72.92502825459172,8.309601857521814,700.2711347096207,64487.95870017224,13306.510318321401,1973.4187056032827,2049.8017301687223,9283.289882549396,2893.4928782325283,10413.017440088872,21.528511487203673,4,1,0,0,2,37.571700601456904,37.193565342719076,37.94983586019473,1.0,1.0,0.0,0.7562705174756582,1,0,0.0,0.0,0.7562705174756582,1.0,0.0,0.2437294825243418,0.7562705174756582,1.0,0.7562705174756582,0.0,9,2,2021,1,16,0,0,0,2,1,0,1,GRAVE_MORTALIDAD,2
5,1,13,1,4,1,-10.374545346485913,-77.58312021915482,0,2,7,1,2,2,2,1,990.607219119092,2.0,2,0,1.0,2,15,157.87320559203195,0.6686022717281122,79.1721107133086,72.75858690018993,9.910915208537148,1326.4148821059218,43910.91860253012,6511.3216242452345,1370.7540150571135,1355.7388755511117,3784.8287336370095,1517.4313600492349,4993.890264196,22.8696232194113,4,2,0,0,2,45.774778430733896,45.23957683301048,46.30998002845731,1.0,0.7323992011382925,0.0,0.2676007988617075,2,0,0.0,0.0,0.0,1.0,0.2676007988617075,0.7323992011382925,1.0,0.0,0.2676007988617075,0.0,22,2,2021,3,19,0,0,0,0,1,0,1,GRAVE_MORTALIDAD,2
6,1,12,0,4,1,-7.319847339103808,-78.00407565736103,0,4,7,1,1,2,2,0,6543.555,2.0,4,4,1.0,14,33,1198.0,0.27270163541315634,77.74533596861274,34.804504090600815,5.234250330027203,235.11402802469885,2255.49614582261,8931.828000000005,1335.5899999999997,1935.9830000000004,5660.255000000005,1219.309,7712.519000000005,13.651281686122925,3,1,0,0,2,43.44099631979674,43.44099631979674,43.44099631979674,1.0,0.3356738330390596,0.0,0.0,1,0,0.0,0.6643261669609404,0.0,0.3356738330390596,0.0,0.0,1.0,0.0,0.3356738330390596,0.0,8,1,2023,9,12,2,0,0,0,1,0,1,GRAVE_MORTALIDAD,2
0,1,15,1,2,3,-12.982791353913306,-75.26628275543366,0,1,2,1,2,2,2,2,6805.027969850817,2.0,3,2,1.0,12,25,1198.0,0.7096758445127971,77.57478714804972,76.87268961102089,10.903689285819697,1476.6646163856014,153748.85758108922,9133.980035948227,1767.952646595756,1788.3017288597293,5577.725660492742,2190.583069140917,6943.3969668073105,23.921570166085953,3,1,0,1,0,38.87713341519594,36.7469522640058,41.00731456638609,1.0,0.749390452801159,0.0,0.0,1,0,0.0,0.0,0.250609547198841,1.0,0.0,0.250609547198841,1.0,0.250609547198841,0.250609547198841,0.250609547198841,21,2,2023,3,11,0,0,0,0,1,0,1,GRAVE_MORTALIDAD,2
1,1,1,1,4,1,-12.303144535037411,-75.72875283060038,0,3,7,1,2,1,1,0,6584.831225304725,2.5719122038506006,2,0,1.0,3,30,1535.3603792570652,0.6053170938493714,77.65203859595486,67.93301526295389,8.967616708909352,1108.2871261044386,21267.196084052906,10576.987969702164,1718.1828186904684,1448.330974151064,7410.474176860634,2436.9278858980574,8140.060083804109,23.127106675960466,3,1,0,1,0,38.8550471166474,34.712351184597594,43.852790165344594,0.4280877961493993,0.4280877961493993,0.0,0.0,1,0,0.5719122038506007,0.4280877961493993,0.0,0.4280877961493993,0.0,0.0,0.4280877961493993,0.0,0.0,0.5719122038506007,10,0,2022,7,10,3,0,0,0,1,0,1,GRAVE_MORTALIDAD,2
3,1,1,0,4,1,-9.330084921694024,-77.5993746804594,5,4,0,0,2,1,1,2,9936.932,2.0,2,0,1.0,9,32,3830.0,0.4688378364278924,79.21959044729964,70.53965858677128,6.55063894091241,614.9718050753911,2502.764383016105,10788.235315495962,1884.2570687296804,1221.1093575126092,7682.868889253675,2093.3039504314306,8694.931365064534,19.41591541060924,4,2,0,0,2,31.548136648170093,25.93123335975701,37.165039936583184,1.0,0.9862466719514015,0.0,0.9862466719514015,2,0,0.0,1.0,0.013753328048598523,0.0,0.0,0.9862466719514015,1.0,0.0,0.0,0.0,18,1,2021,4,14,4,0,0,0,1,0,1,GRAVE_MORTALIDAD,2
4,1,12,0,4,1,-7.717880892782308,-79.27223122991475,0,4,7,0,2,2,2,2,6543.555,3.0,2,0,1.0,0,30,1475.0,0.5894491670364501,78.9887378560492,65.50024985874214,8.746210768266266,1027.0731501597659,16098.043676488905,8931.828000000005,1335.5899999999997,1935.9830000000004,5660.255000000005,1219.309,7712.519000000005,13.651281686122925,20,1,0,0,19,42.170528346065055,42.170528346065055,42.170528346065055,1.0,0.0,0.0,0.0,1,0,0.0,0.0,1.0,0.585264173032529,0.0,0.585264173032529,1.0,0.0,0.585264173032529,0.0,10,2,2021,9,16,5,0,1,0,1,1,1,GRAVE_MORTALIDAD,2
6,1,14,0,4,1,-5.712336670263909,-79.49738062854382,0,4,7,0,3,2,2,0,762.0617418942304,1.2615952215107749,1,2,0.0,9,32,96.85962754247058,0.3620612572287619,71.24219315440544,53.45514010354685,5.856494717815964,426.5165846351433,11571.595406835117,9409.332402275715,1807.6779963507972,781.163379626867,6820.491026298051,2186.405744604602,7222.926657671113,23.421092188122948,8,1,0,0,7,56.0309205906954,56.0309205906954,56.0309205906954,1.0,0.753865073836925,0.0,0.753865073836925,1,0,0.0,0.0,0.24613492616307497,0.753865073836925,0.753865073836925,0.0,0.24613492616307497,1.0,0.753865073836925,0.753865073836925,12,3,2021,7,27,0,0,1,0,1,0,1,GRAVE_MORTALIDAD,2
3,2,19,0,4,1,-5.907170822148798,-77.72741695365337,0,4,7,1,2,2,2,1,7602.196537521082,2.128531578623466,2,0,1.0,7,21,2048.4262212657595,0.46728006022575364,73.72626415681621,53.583093488204426,6.106154479495148,808.8533675167566,47726.11800727159,5364.237304155239,776.5147269708593,929.8785528787314,3657.8440243056484,973.5546555162157,4390.682648639023,18.257511346804858,5,2,0,0,3,26.91384736485813,23.67091052210506,30.156784207611196,1.0,0.0,0.0,0.0,2,0,0.0,0.0,0.1285315786234662,1.0,0.8714684213765338,0.1285315786234662,0.1285315786234662,0.8714684213765338,1.0,0.8714684213765338,18,1,2024,8,5,3,0,0,0,1,0,1,GRAVE_MORTALIDAD,2
6,1,5,0,4,1,-6.2454179938445495,-78.9129457392688,1,4,2,0,2,2,2,2,6543.555,2.0,4,4,1.0,14,33,1198.0,0.2851536190218418,74.2281495617997,35.961251246258676,4.771129858512335,298.8117354690076,8451.10147004099,15935.565011852366,1733.9250000199986,935.692,13265.948011832368,2000.1670000199988,13935.398011832369,12.551591352627522,3,1,0,0,2,65.57956986076084,65.57956986076084,65.57956986076084,1.0,0.6789784930380419,0.0,1.0,1,0,0.0,0.6789784930380419,0.0,0.3210215069619581,0.0,0.3210215069619581,0.6789784930380419,0.3210215069619581,0.3210215069619581,0.3210215069619581,8,2,2023,5,16,5,1,0,2,1,0,1,GRAVE_MORTALIDAD,2
3,1,16,0,3,1,-7.9700690475707665,-79.25252729009704,0,4,7,1,4,2,2,0,6543.555,2.0,4,4,1.0,14,33,1198.0,0.6059172012695102,79.48794172975185,68.05780386485286,8.470098716474745,1141.1347523976788,12598.86700720729,8414.13958870962,1741.6336839512917,1033.2457125140472,5639.260192244281,2049.9114938222438,6364.228094887377,24.32792238376286,3,2,0,0,1,31.677120812713724,27.118647404174958,36.23559422125249,1.0,1.0,0.0,0.588135259582504,2,0,0.0,0.411864740417496,0.411864740417496,0.588135259582504,1.0,0.588135259582504,0.411864740417496,0.0,0.411864740417496,1.0,14,1,2021,8,5,0,0,0,0,1,0,1,GRAVE_MORTALIDAD,2
3,1,16,1,4,1,-9.794791978925918,-76.39314086944941,4,4,6,1,5,2,2,0,7459.005932002982,2.246405369254247,2,0,1.0,6,22,1970.8652670307054,0.5109220899909332,73.56302474095368,58.52878453269704,8.006917227203152,839.6039751012559,18209.9299561172,3623.544223725954,552.3837740876833,856.3605839666087,2214.7998656716627,618.5929367176097,3004.9512870083445,17.11896497375497,4,2,0,0,1,46.375812076101354,29.043135568949033,55.41894764505039,1.0,0.0,0.0,0.0,2,0,0.0,0.753594630745753,0.753594630745753,1.0,1.0,0.0,0.753594630745753,1.0,0.753594630745753,1.0,10,2,2022,4,20,3,0,1,1,1,0,1,GRAVE_MORTALIDAD,2
4,1,20,0,4,1,-14.454534794644076,-70.2584699327129,0,4,1,1,2,2,2,2,1761.8050000000003,2.0,2,0,1.0,6,22,410.0,0.3123807527193555,68.51007197218408,63.23261017822588,5.921452086144448,276.8686960718514,8566.627408993576,13642.312999999998,2020.7790000000005,2354.117,9267.416999999998,3314.0520000000006,10328.260999999997,24.29244952817019,3,1,0,0,1,30.258674204362958,30.258674204362958,30.258674204362958,1.0,0.0,0.0,0.20366713777268486,1,0,0.0,0.0,0.0,1.0,0.0,0.0,1.0,0.0,0.0,0.0,3,0,2022,7,2,2,0,0,2,1,0,1,GRAVE_MORTALIDAD,2
3,2,12,0,4,1,-8.417588099116278,-78.78750907758557,0,4,7,1,2,2,2,1,6543.555,3.0,2,0,1.0,0,30,1475.0,0.5051395598219868,77.13285387085847,51.52067479184955,6.715328807318118,900.900383457586,67612.41755888652,8931.828000000005,1335.5899999999997,1935.9830000000004,5660.255000000005,1219.309,7712.519000000005,13.651281686122925,9,2,0,0,7,37.63007628344702,28.74182185265828,46.51833071423576,1.0,1.0,0.0,0.0,2,0,0.0,0.6724478348198676,0.3275521651801324,1.0,0.0,1.0,1.0,0.0,0.6724478348198676,0.0,14,1,2021,4,8,4,0,0,0,1,1,1,GRAVE_MORTALIDAD,2
6,1,12,0,4,0,-7.919642792159331,-78.14896263480789,0,4,7,1,1,2,2,0,6543.555,2.0,4,4,1.0,14,33,1198.0,0.22194246895131145,77.67838396161302,35.5839836650705,4.183748727044824,161.36743456023467,2503.389768877179,8931.828000000005,1335.5899999999997,1935.9830000000004,5660.255000000005,1219.309,7712.519000000005,13.651281686122925,2,1,0,0,1,54.96078071417013,54.96078071417013,54.96078071417013,1.0,0.5466852550992888,0.0,0.0,1,0,0.0,0.4533147449007112,0.0,0.5466852550992888,0.0,0.0,1.0,0.0,1.0,0.0,5,0,2022,4,20,3,0,0,0,1,0,1,GRAVE_MORTALIDAD,2
3,1,18,0,4,1,-9.851537833991598,-72.5813085005157,3,4,3,1,4,1,1,0,5172.010354892003,2.0,2,0,1.0,6,18,1231.3334901226056,0.5891407515812359,72.31711107745588,64.59967151421989,9.064607402168694,1155.779066864156,87627.15467116771,3599.702357591501,575.9099652214488,605.507744545879,2418.2846478241727,714.4336397350885,2885.268717856412,21.215381312261925,7,2,0,0,5,45.19917666283687,40.60327509828919,49.02786571100304,1.0,0.4245906127138517,0.0,0.0,2,0,0.0,0.5754093872861483,0.0,0.4245906127138517,0.4245906127138517,0.0,1.0,0.4245906127138517,0.4245906127138517,0.4245906127138517,4,0,2023,7,3,2,0,0,1,1,0,1,GRAVE_MORTALIDAD,2
6,1,5,0,4,1,-7.221876342490613,-79.16182915269198,1,0,0,1,2,1,1,4,887.28,2.0,2,0,1.0,8,17,155.0,0.5563774842369664,73.07406660240972,65.2611721745993,7.77984257932775,1045.7361851012442,7379.728051391864,15935.565011852366,1733.9250000199986,935.692,13265.948011832368,2000.1670000199988,13935.398011832369,12.551591352627522,3,1,0,0,2,33.02214147547263,32.88929262263685,33.15499032830841,1.0,0.022141475472629457,0.022141475472629457,1.0,1,0,0.0,0.0,0.0,1.0,0.022141475472629457,0.022141475472629457,0.9778585245273705,0.0,1.0,0.022141475472629457,6,1,2023,4,5,2,0,0,2,1,0,1,GRAVE_MORTALIDAD,2
5,1,7,0,4,1,-14.814220037818087,-71.24233769728546,0,4,7,1,2,0,0,2,1871.6907742629296,1.0,1,3,0.0,9,30,523.9743171600306,0.3915846617596416,67.15491521975204,60.883794597974685,5.950837779124923,537.4638552900942,5114.392620835103,17779.13499998999,2097.3709999899997,2863.123,12818.640999999989,2878.713,14900.421999989989,16.19152450331032,3,1,0,0,1,26.274429056219958,26.274429056219958,26.274429056219958,1.0,0.0,0.0,0.9451141887560087,1,0,0.05488581124399128,0.0,0.0,1.0,0.05488581124399128,0.9451141887560087,0.0,1.0,0.9451141887560087,0.05488581124399128,19,2,2021,10,8,4,0,0,2,1,0,1,GRAVE_MORTALIDAD,2
3,1,3,1,4,1,-16.097455079375784,-71.61217976558659,3,4,2,0,2,0,1,0,1504.4250000000002,2.0,2,0,1.0,7,25,241.0,0.6005060748875158,78.21704200773246,77.40211893847457,8.994742794352394,996.014120858737,33335.45824411135,10322.272,1495.236,1749.739,7077.2970000000005,2886.595,7435.677000000001,27.964725207783708,7,2,0,0,4,38.284654553507245,30.82023637269566,47.60674545756522,1.0,0.0,0.0,0.30337272878261,2,0,0.0,0.30337272878261,0.0,0.69662727121739,0.0,0.69662727121739,1.0,0.0,0.69662727121739,0.0,11,2,2025,3,5,2,0,0,0,1,0,1,GRAVE_MORTALIDAD,2
4,1,14,0,4,1,-9.733237086275132,-74.37123674742836,0,4,7,1,2,1,1,1,4889.475908166847,2.495703750231891,2,0,1.0,2,23,1016.5947089607889,0.5292593740982505,77.06566842149918,63.604637748858615,7.962236315338171,841.3685686109606,9687.60702079694,2769.1581451925285,456.74972034306376,513.372071382344,1799.0363534671205,597.6893024898384,2171.4688427026895,21.9909087460573,12,2,0,0,10,49.18770437836242,36.418371254405926,59.43555625347837,1.0,0.5042962497681089,0.0,0.0,2,0,0.5042962497681089,1.0,0.49570375023189106,0.5042962497681089,0.5042962497681089,0.0,1.0,0.0,0.5042962497681089,0.5042962497681089,18,2,2021,4,18,1,0,0,0,1,0,1,GRAVE_MORTALIDAD,2
6,1,11,0,4,1,-11.54451073850113,-75.88407498570065,0,4,0,0,2,0,1,1,7586.903,2.0,2,0,1.0,9,5,1198.0,0.6211711217784234,75.51508523355102,70.90101252241288,10.049671623026311,1128.403546167389,8996.89721627409,12264.545,1826.4639999999995,1105.5389999999998,9332.542,1588.5359999999996,10676.009,12.952261987705208,4,1,0,0,3,37.06378128171632,37.06378128171632,37.06378128171632,1.0,0.0,0.0,0.9331272344083084,1,0,0.0,0.0,0.0,1.0,0.0,1.0,0.0,0.9331272344083084,1.0,0.9331272344083084,16,2,2022,8,23,4,0,0,2,1,0,1,GRAVE_MORTALIDAD,2
2,1,10,0,4,1,-13.639059894080168,-76.08353412811879,0,4,7,1,2,2,2,0,852.7922315245048,0.3172866957524856,2,1,1.0,11,27,146.72866957524855,0.5350937489416804,77.26236549330356,66.26645985948365,8.325459128933518,822.7987562325695,14270.120541633582,3721.461,698.1859999999996,744.866,2278.409,1102.9029999999996,2618.558,29.636290693359403,2,1,0,0,0,22.269146783009944,22.269146783009944,22.269146783009944,1.0,0.5609044347491715,0.0,0.0,1,0,0.0,0.0,0.0,1.0,1.0,0.0,0.0,1.0,1.0,1.0,11,1,2022,5,15,5,1,0,0,1,0,1,GRAVE_MORTALIDAD,2