CLASE SINIESTRO,CANTIDAD DE VEHICULOS DAÑADOS,DEPARTAMENTO,ZONA,TIPO DE VÍA,RED VIAL,COORDENADAS LATITUD,COORDENADAS  LONGITUD,CONDICIÓN CLIMÁTICA,ZONIFICACIÓN,CARACTERÍSTICAS DE VÍA,PERFIL LONGITUDINAL VÍA,SUPERFICIE DE CALZADA,¿EXISTE SEÑAL VERTICAL?,¿EXISTE SEÑAL HORIZONTAL?,CAUSA FACTOR PRINCIPAL,MTC_RVN_LONGITUD_KM,MTC_RVN_N_CARRILES_MEDIANA,MTC_RVN_SUPERFICIE_DOMINANTE,MTC_RVN_ESTADO_DOMINANTE,MTC_RVN_ES_CONCESIONADA,MTC_RVN_CONCESION_PRINCIPAL,MTC_RVN_CORREDOR_LOGISTICO,MTC_RVN_N_TRAMOS,IDH_2019,IDH_ESP_VIDA_2019,IDH_EDUC_SECUND_PCT_2019,IDH_ANIOS_EDUC_2019,IDH_INGRESO_PERCAP_2019,IDH_POBLACION_2019,MTC_DEP_RED_TOTAL_KM,MTC_DEP_NACIONAL_TOTAL_KM,MTC_DEP_DEPARTAMENTAL_TOTAL_KM,MTC_DEP_VECINAL_TOTAL_KM,MTC_DEP_PAV_TOTAL_KM,MTC_DEP_NO_PAV_TOTAL_KM,MTC_DEP_PCT_PAVIMENTADA,PER_TOTAL_PERSONAS,PER_N_CONDUCTORES,PER_N_CONDUCTORES_FUGADOS,PER_N_PEATONES,PER_N_PASAJEROS_OCUPANTES,PER_EDAD_COND_PROM,PER_EDAD_COND_MIN,PER_EDAD_COND_MAX,PER_ANY_COND_MASCULINO,PER_ANY_LIC_PROBLEMA,PER_ANY_DOSAJE_POS,PER_ANY_DOSAJE_EVALUADO,VEH_TOTAL,VEH_N_FUGADOS,VEH_ANY_FUGADO,VEH_ANY_CARGA,VEH_ANY_PUBLICO,VEH_ANY_PARTICULAR,VEH_ANY_MOTO,VEH_ANY_AUTO,VEH_ANY_CAMION_BUS,VEH_ANY_SOAT_PROBLEMA,VEH_ANY_CITV_PROBLEMA,VEH_ANY_SEGURO_PROBLEMA,HORA_NUM,FRANJA_HORARIA,ANIO,MES,DIA_MES,DIA_SEMANA,ES_FIN_SEMANA,ES_QUINCENA,REGION_NATURAL,TIENE_SEÑALIZACION,ES_VIA_MULTICARRIL,ES_DEPTO_BAJO_PAVIMENTO,CATEGORIA_SEVERIDAD,CATEGORIA_SEVERIDAD_ENC
6,1,5,0,4,2,-6.895647731808492,-78.2552074244293,0,3,0,0,1,2,2,2,6543.555,2.0,4,4,1.0,14,33,1198.0,0.2007307640732104,72.54999799403907,34.41632818780865,3.147816589175843,176.55539870044748,11774.62735054415,15935.565011852366,1733.9250000199986,935.692,13265.948011832368,2000.1670000199988,13935.398011832369,12.551591352627522,39,1,0,0,38,61.31524495946301,61.31524495946301,61.31524495946301,1.0,0.0,0.0,1.0,1,0,0.0,0.01956442972962824,0.9804355702703718,0.0,0.0,0.0,1.0,0.0,0.0,0.0,22,1,2023,4,27,5,0,0,2,1,0,1,GRAVE_MORTALIDAD,2
4,1,12,0,4,0,-7.907776075419528,-78.91782427112241,0,4,7,1,4,2,2,0,6543.555,2.487715242756515,3,2,1.0,7,31,1333.0971222435546,0.5302894786139302,79.5179192725142,57.28869873517667,7.076160972372499,920.0772144062377,44139.05049053383,8931.828000000005,1335.5899999999997,1935.9830000000004,5660.255000000005,1219.309,7712.519000000005,13.651281686122925,7,1,0,0,5,30.064293689637626,22.09827805794788,44.04546398199105,1.0,0.0,0.0,0.0,1,0,0.0,0.0,0.4877152427565149,1.0,0.4877152427565149,0.4877152427565149,1.0,0.0,0.0,0.0,15,3,2023,7,27,4,0,1,0,1,0,1,GRAVE_MORTALIDAD,2
6,1,8,0,4,1,-12.502070143268359,-74.71710544726353,0,4,0,1,6,2,2,0,7586.903,2.0,2,0,1.0,9,5,1198.0,0.2371271103914559,67.35907202388974,48.34285985638861,3.957778336278219,206.76708776763252,3746.0,8511.426,1445.3929999999996,2008.516,5057.516999999999,1879.579,6631.846999999998,22.08300935706896,2,1,0,0,1,52.057141910034346,52.057141910034346,52.057141910034346,1.0,0.0,0.0,0.0,1,0,0.0,0.0,0.0,1.0,0.0,0.8857142300020205,0.11428576999797946,0.0,0.0,0.0,7,0,2024,6,13,0,0,0,2,1,0,1,GRAVE_MORTALIDAD,2
3,2,3,0,4,1,-16.545056905235157,-71.94419832139228,5,4,7,1,2,0,1,0,6566.232890235477,2.0,3,3,1.0,12,32,1296.313193512022,0.6455852322566902,78.58826324858522,78.38415596279924,8.472481180514539,1258.6172876652156,2628.282655246253,10322.272,1495.236,1749.739,7077.2970000000005,2886.595,7435.677000000001,27.964725207783708,8,2,0,0,6,40.82238833048867,36.23519902754072,45.409577633436626,1.0,0.7648009724592773,0.0,0.0,2,0,0.0,0.0,0.0,1.0,0.0,1.0,0.23519902754072275,0.0,0.0,0.0,13,2,2021,9,5,2,0,0,0,1,0,1,GRAVE_MORTALIDAD,2
5,1,3,0,4,1,-16.122330888325425,-71.62486725252106,0,3,4,0,2,1,1,0,1504.4250000000002,2.0,2,0,1.0,7,25,241.0,0.6005060748875158,78.21704200773246,77.40211893847457,8.994742794352394,996.014120858737,33335.45824411135,10322.272,1495.236,1749.739,7077.2970000000005,2886.595,7435.677000000001,27.964725207783708,4,1,0,0,3,27.13763639875455,25.853227299065914,28.42204549844319,1.0,0.0,0.0,0.3211022749221595,1,0,0.0,1.0,0.0,0.3211022749221595,0.0,0.3211022749221595,1.0,0.0,0.0,0.0,4,0,2024,4,10,1,0,0,0,1,0,1,GRAVE_MORTALIDAD,2
3,1,11,0,4,1,-11.775669378392138,-75.6926304643752,0,4,1,0,2,0,1,2,7586.903,2.0,2,0,1.0,9,5,1198.0,0.4545643050211295,68.73444804749025,55.05670880126828,7.076811092931955,737.237129067086,1424.8051391862955,12264.545,1826.4639999999995,1105.5389999999998,9332.542,1588.5359999999996,10676.009,12.952261987705208,4,1,0,0,2,46.257134835903635,42.00570786872291,50.50856180308436,1.0,0.0,0.0,0.7729867213055868,1,0,0.0,0.7729867213055868,0.0,1.0,0.0,1.0,0.7729867213055868,0.0,0.0,0.0,9,1,2022,10,14,2,0,0,2,1,0,1,GRAVE_MORTALIDAD,2
6,1,18,0,4,1,-6.080155857270191,-79.36524979928768,0,4,0,1,2,1,0,4,300.1858980156587,2.0,2,0,0.9514420287256811,1,19,50.242789856371594,0.23276292326756226,66.02021269822208,43.654949103458605,4.215362081382818,225.45445235144393,38582.68736614098,8900.800995122087,1777.6043238791867,683.7129929093956,6439.483678333505,2195.0997779967297,6705.701217125357,24.65555275002911,4,1,0,0,3,36.58269565529183,36.58269565529183,36.58269565529183,1.0,0.0,0.0,1.0,1,0,0.0,0.0,0.048557971274318934,0.9514420287256811,0.0,0.0,1.0,0.0,0.9514420287256811,0.0,17,2,2023,7,17,0,0,1,0,1,0,1,GRAVE_MORTALIDAD,2
3,2,10,0,4,1,-14.606773535705633,-75.18759004196733,0,4,7,0,2,2,2,0,6639.975,2.0,2,0,1.0,9,31,1616.0,0.5673158687390656,77.42938592885481,68.77548588836436,8.62366604663703,948.4233646244484,27932.19700214133,3721.461,698.1859999999996,744.866,2278.409,1102.9029999999996,2618.558,29.636290693359403,3,2,0,0,1,28.588562796392818,23.541382329161202,33.635743263624434,1.0,0.22351069734898188,0.0,0.0,2,0,0.22351069734898188,0.7764893026510181,0.0,1.0,0.22351069734898188,0.7764893026510181,0.7764893026510181,0.22351069734898188,0.22351069734898188,0.22351069734898188,21,2,2022,4,25,5,1,0,0,1,0,1,GRAVE_MORTALIDAD,2
4,1,7,0,4,2,-14.146409557307186,-71.5814525882911,0,4,5,0,1,1,1,2,6543.555,2.0,4,4,1.0,14,33,1198.0,0.3246623844686837,67.30916491446291,69.80414399223126,5.650329008572158,311.67634767567193,4909.64708347178,17779.13499998999,2097.3709999899997,2863.123,12818.640999999989,2878.713,14900.421999989989,16.19152450331032,3,1,0,0,1,37.4109166434755,35.882575137933884,38.93925814901712,1.0,0.0,0.3886633977833531,1.0,1,0,0.0,0.6113366022166469,0.0,1.0,0.0,1.0,0.6113366022166469,0.0,0.0,0.0,12,1,2023,7,18,5,1,1,2,1,0,1,GRAVE_MORTALIDAD,2
5,1,3,0,4,0,-16.548747950751643,-71.73966171754412,0,4,7,0,2,0,1,0,6557.313275634368,2.0,3,3,1.0,13,32,1257.6448788131686,0.6105481451420971,78.10653088113892,68.35418098658066,8.411557426919764,1158.5430895193692,35025.678800856535,10322.272,1495.236,1749.739,7077.2970000000005,2886.595,7435.677000000001,27.964725207783708,3,1,0,0,1,27.713455488195795,27.285382195278316,28.141528781113273,0.1426910976391591,0.0,0.0,0.0,1,0,0.0,0.1426910976391591,0.0,1.0,0.0,1.0,0.1426910976391591,0.0,0.0,0.0,13,2,2021,9,15,0,0,1,0,1,0,1,GRAVE_MORTALIDAD,2
3,1,5,0,4,1,-14.69796287672214,-73.3210011743346,1,4,6,0,3,1,1,0,6355.25273012104,2.0,2,0,0.6732464393545315,9,31,1207.231295632519,0.549557425875864,75.87671723713177,65.38067225108637,8.095331362103785,951.5372772324182,74367.41166836457,10956.916618495557,1603.4659283854771,1539.2443562321891,7814.20633387789,2462.4495998221037,8494.467018673453,23.059349396563924,13,2,0,0,11,43.752203711608914,39.42545015096344,48.07895727225438,1.0,0.32675356064546845,0.0,0.6732464393545315,2,0,0.0,0.0,1.0,0.32675356064546845,0.0,0.32675356064546845,1.0,0.32675356064546845,0.0,0.32675356064546845,16,1,2023,9,19,2,0,1,0,1,0,1,GRAVE_MORTALIDAD,2
4,1,0,0,4,0,-5.86735028603761,-78.52210214496225,1,4,7,1,1,2,2,0,7039.329459764587,2.0,3,2,1.0,11,27,1579.591318132238,0.3810013949579888,70.85628938827405,43.69736772156729,4.812875013180058,624.4461732780366,7171.980919741595,3903.732,1155.121,585.018,2163.5930000000003,943.591,2960.1410000000005,24.17151074920102,4,1,0,0,3,43.01921453429992,35.67307151143331,50.36535755716654,1.0,0.4081190568259231,0.0,0.0,1,0,0.0,0.4081190568259231,0.0,1.0,0.4081190568259231,0.5918809431740769,0.4081190568259231,0.0,0.4081190568259231,0.0,11,1,2021,8,19,2,0,0,1,1,0,1,GRAVE_MORTALIDAD,2
5,1,2,0,4,1,-13.735673799111824,-73.40737348902168,1,4,0,0,6,1,1,0,6662.893390217874,2.0,3,3,1.0,13,29,1198.0,0.5563774842369664,77.00938809632027,69.10246351364754,8.476961866273152,914.8835608305218,27932.19700214133,8358.971,1282.451,1298.0969999999998,5778.423,1432.683,6926.288,17.139466089785454,4,1,0,0,2,38.8578517681867,37.65685929272532,40.05884424364808,1.0,0.0,0.0,0.0,1,0,0.0,0.0,0.11438023575822676,1.0,0.11438023575822676,0.8856197642417732,0.11438023575822676,0.0,0.0,0.0,19,2,2023,2,16,4,0,1,2,1,0,1,GRAVE_MORTALIDAD,2
6,1,5,0,4,2,-13.341174535310389,-74.23879959683686,0,4,0,0,2,2,2,2,6543.555,2.0,4,4,1.0,14,33,1198.0,0.23948852344610963,72.76296095157099,34.054625004026796,5.447471863662701,181.89892727367263,526.3638532766249,12586.824491948646,1809.8204508561785,1625.6946514679503,9151.309389624517,2286.3660126506043,10300.45847929804,18.12697091580371,8,1,0,0,7,40.2305880196063,40.2305880196063,40.2305880196063,1.0,0.0,0.0,0.7780995392156271,1,0,0.0,0.0,0.0,1.0,0.0,1.0,0.0,0.7780995392156271,0.7780995392156271,0.0,4,0,2022,7,26,5,0,0,2,1,0,1,GRAVE_MORTALIDAD,2
3,1,13,0,3,1,-10.73595808748742,-77.56525849612851,0,2,7,1,2,2,2,0,2642.44262287726,2.0,2,3,0.2853587250912758,10,25,1074.3670594407906,0.6684879142398211,79.05708745801729,75.01093508249222,9.95748599713621,1283.9940622618385,349548.70022090606,7998.853095987539,1584.151525749828,1695.2203544832507,4719.48121575446,1644.9250455322892,6353.92805045525,20.90221772480723,9,1,0,0,7,26.0,24.570717450182553,27.429282549817447,1.0,0.2853587250912758,0.0,0.0,1,0,0.0,0.0,0.7146412749087242,1.0,0.2853587250912758,0.0,0.7146412749087242,0.0,0.7146412749087242,0.0,17,2,2024,5,8,3,0,0,0,1,0,1,GRAVE_MORTALIDAD,2
6,1,8,0,4,1,-13.16765162087334,-74.95616930660088,0,4,5,0,1,2,2,0,6543.555,2.0,4,4,1.0,14,33,1198.0,0.49040705414083074,68.9124318533162,50.388592512596944,6.666107586583974,995.4337711137371,2262.000607004085,8511.426,1445.3929999999996,2008.516,5057.516999999999,1879.579,6631.846999999998,22.08300935706896,3,1,0,0,2,24.487167446244104,24.487167446244104,24.487167446244104,1.0,0.0,0.0,0.0,1,0,0.0,0.0,0.0,1.0,0.0,0.8815634549407569,0.11843654505924306,0.0,0.0,0.0,4,0,2023,9,11,5,1,0,2,1,0,1,GRAVE_MORTALIDAD,2
3,1,1,0,4,1,-10.264378883308659,-78.02681877309679,0,4,0,1,2,2,2,0,6543.555,3.0,2,0,1.0,0,30,1475.0,0.594329796273136,79.51274210494626,67.23963656911357,9.093808711905876,1004.1856289962402,25729.80728051392,10767.648,1885.0630000000003,1222.721,7659.864000000001,2100.343,8667.305000000002,19.506051832303577,3,2,0,0,1,46.99198865391757,30.775798236439556,63.20817907139559,1.0,0.0,0.0,1.0,2,0,0.0,1.0,0.0,0.26868348029670375,0.26868348029670375,0.0,1.0,0.0,0.26868348029670375,0.0,11,2,2022,4,8,5,0,0,0,1,1,1,GRAVE_MORTALIDAD,2
7,1,5,0,4,2,-6.848809328411589,-78.69397734609139,0,4,4,0,1,2,2,1,6543.555,2.0,4,4,1.0,14,33,1198.0,0.2767882458204284,73.51843864013547,54.5281803829882,4.064816644492925,270.5854814975787,4039.451761047556,15935.565011852366,1733.9250000199986,935.692,13265.948011832368,2000.1670000199988,13935.398011832369,12.551591352627522,2,1,0,0,1,42.78910167621543,42.78910167621543,42.78910167621543,1.0,0.3027245809461431,0.0,0.6972754190538569,1,0,0.0,0.3027245809461431,0.0,0.6972754190538569,0.0,0.6972754190538569,0.3027245809461431,0.3027245809461431,1.0,0.3027245809461431,10,1,2023,10,28,3,0,1,2,1,0,1,GRAVE_MORTALIDAD,2
6,1,3,0,4,0,-16.04521247649543,-72.07587259232943,5,4,5,0,7,2,2,0,6543.555,2.0,4,4,1.0,14,33,1198.0,0.4347792435111137,75.07406638453007,49.710806970040835,6.259009909276654,651.6601052952171,809.8100876426902,10322.272,1495.236,1749.739,7077.2970000000005,2886.595,7435.677000000001,27.964725207783708,7,1,0,0,6,38.97889364742531,35.968340471137964,41.23680852964082,0.0,0.0,0.0,0.24736170592816398,1,0,0.0,0.0,0.0,1.0,0.0,0.24736170592816398,0.752638294071836,0.0,1.0,0.0,10,1,2023,4,13,1,0,0,0,1,0,1,GRAVE_MORTALIDAD,2
4,1,1,0,4,1,-9.831979023442937,-77.30679415580543,0,4,3,0,4,2,2,0,6543.555,2.0,4,4,1.0,14,33,1198.0,0.4188745306740582,72.8814597686171,64.38116486139431,6.374225668633577,555.6253002402482,2120.8223144035146,10767.648,1885.0630000000003,1222.721,7659.864000000001,2100.343,8667.305000000002,19.506051832303577,3,1,0,0,1,35.93011049660129,34.06988950339871,37.325276241503225,1.0,0.0,0.0,0.0,1,0,0.0,0.0,0.0,1.0,0.4650552483006444,0.0,0.5349447516993556,0.0,0.4650552483006444,0.4650552483006444,14,2,2021,9,16,1,0,0,0,1,0,1,GRAVE_MORTALIDAD,2
6,1,12,0,4,1,-7.830160089573534,-77.65168714550165,0,4,6,1,1,2,2,0,1688.589,1.0,1,3,0.0,9,32,287.0,0.43571812772374285,72.54597434435557,40.582120968159145,6.238042272837561,792.6551349265283,9395.223293130155,8931.828000000005,1335.5899999999997,1935.9830000000004,5660.255000000005,1219.309,7712.519000000005,13.651281686122925,3,1,0,0,2,26.384122496272717,26.384122496272717,26.384122496272717,1.0,0.0,0.0,0.0,1,0,0.0,0.0,0.0,1.0,0.0,0.874170682157026,0.12582931784297402,0.0,0.12582931784297402,0.0,11,1,2023,7,2,3,0,0,0,1,0,1,GRAVE_MORTALIDAD,2
6,1,20,0,4,1,-16.529366764525363,-69.94319944611998,0,4,5,1,2,1,1,2,1524.0841877936414,2.0,2,0,1.0,8,21,208.34089548057975,0.3574851707180079,78.29305106147083,62.640065882714666,6.60917274129879,318.81088758201633,5597.088982451374,13642.312999999998,2020.7790000000005,2354.117,9267.416999999998,3314.0520000000006,10328.260999999997,24.29244952817019,6,1,0,0,5,30.79656352486391,30.79656352486391,30.79656352486391,0.2034364751360912,0.7965635248639088,0.0,0.2034364751360912,1,0,0.0,0.0,0.0,1.0,0.0,0.7965635248639088,0.2034364751360912,0.0,0.2034364751360912,0.0,8,1,2021,9,26,4,0,1,2,1,0,1,GRAVE_MORTALIDAD,2
5,1,20,0,4,1,-14.22395052689436,-70.40826458663713,4,4,0,0,2,2,2,2,1732.1621809967214,2.0,2,0,1.0,6,21,383.24885263992877,0.3264146241198659,69.71276145723331,49.48805465094563,5.241481432793536,372.4805995788925,6277.075092498753,13642.312999999998,2020.7790000000005,2354.117,9267.416999999998,3314.0520000000006,10328.260999999997,24.29244952817019,5,1,0,0,4,36.5668196480095,36.05727398400814,37.07636531201086,1.0,0.0,0.0,0.0,1,0,0.0,0.0,0.0,1.0,0.1273864160003393,0.8726135839996607,0.1273864160003393,0.8726135839996607,0.8726135839996607,1.0,10,1,2021,10,20,5,1,1,2,1,0,1,GRAVE_MORTALIDAD,2
3,1,9,0,3,1,-9.189028737966847,-77.78955540226377,0,3,7,0,1,1,1,0,6543.555,2.7144912198814883,2,1,1.0,3,30,1395.9140679071722,0.5583270723226406,80.71594251367652,73.36096654083849,8.895833827934949,806.9139995789432,27417.10217579617,8768.272296747653,1320.4183489332822,1753.8609462853233,5693.993001529047,1280.2291504490072,7488.043146298646,14.647188960041031,3,1,0,0,2,31.361561227452,28.146350737985305,34.5767717169187,1.0,1.0,0.0,0.0,1,0,0.0,0.0,0.0,1.0,0.7144912198814884,0.28550878011851155,0.7144912198814884,0.0,0.0,0.7144912198814884,3,0,2023,7,16,4,0,0,0,1,0,1,GRAVE_MORTALIDAD,2
4,1,20,0,4,1,-15.675066542091594,-70.59958108419228,0,4,7,1,2,1,1,2,1504.4250000000002,2.0,2,0,1.0,7,25,241.0,0.4698599762559323,78.4228993312338,68.12786536644234,6.991927650318564,610.3916333612686,6938.8501070663815,13642.312999999998,2020.7790000000005,2354.117,9267.416999999998,3314.0520000000006,10328.260999999997,24.29244952817019,3,1,0,0,2,55.61314006291242,45.54205409357478,65.68422603225007,1.0,0.0,0.0,0.46842260322500684,1,0,0.0,0.46842260322500684,0.0,1.0,0.0,0.46842260322500684,1.0,0.0,0.46842260322500684,0.0,7,1,2022,7,16,4,0,0,2,1,0,1,GRAVE_MORTALIDAD,2
3,2,13,0,4,1,-6.211870194915564,-79.93594176754215,0,4,7,1,2,2,2,0,3869.040854972609,2.489438204590662,2,0,1.0,0,24,805.1429244229485,0.4300141336211317,75.28885747750124,54.934083520349006,5.644113416641379,647.4203813570854,46570.62530531583,3459.691,515.0619999999999,689.7280000000001,2254.901,703.3549999999999,2756.336,20.329994788551925,12,2,0,0,10,31.13910114820195,29.38382025049728,32.89438204590662,1.0,0.0,0.0,0.5105617954093381,2,0,0.0,0.0,0.4894382045906619,1.0,0.5105617954093381,0.4894382045906619,1.0,0.0,1.0,0.0,12,1,2022,2,3,0,0,0,0,1,0,1,GRAVE_MORTALIDAD,2
6,1,4,0,4,0,-13.23320878775583,-74.07439340639212,0,4,4,0,5,2,2,2,6543.555,2.0,4,4,1.0,14,33,1198.0,0.16038158615479695,79.13080775199526,35.74930710922429,2.9945632901485313,137.0646557679774,1653.6256084340275,12678.733000000004,1805.074000000001,1774.0339999999994,9099.625000000004,2485.375000000001,10193.358000000002,19.602707936195205,5,1,0,0,3,39.64119751535317,39.64119751535317,39.64119751535317,1.0,0.0,0.0,0.17940124232341337,1,0,0.0,0.17940124232341337,0.0,0.8205987576765866,0.0,0.8205987576765866,0.17940124232341337,0.0,0.0,0.0,8,1,2022,7,24,5,0,1,2,1,0,1,GRAVE_MORTALIDAD,2
4,1,13,0,4,1,-9.58258270790945,-77.40880007485524,0,4,7,1,1,2,2,0,861.0257967254136,0.2137059692120522,1,0,0.4045686564040174,8,30,281.6065597967747,0.5516952428295735,78.49078342987724,50.509594856010494,8.749508057144041,990.8463733557588,13870.169098051527,8154.483449465293,1542.6887619101492,1735.3821803425135,4876.412507212631,1573.927663580085,6580.555785885208,19.692682791025184,3,1,0,0,1,41.32461716933371,38.290352246303584,44.35888209236384,1.0,0.0,0.0,0.0,1,0,0.0,0.4045686564040174,0.4045686564040174,0.5954313435959826,0.0,0.0,1.0,0.0,0.4045686564040174,0.0,12,1,2023,5,19,1,0,0,0,1,0,1,GRAVE_MORTALIDAD,2
6,1,3,0,4,1,-16.34273732677662,-72.36638708839898,3,4,4,1,4,2,2,0,6543.555,2.0,4,4,1.0,14,33,1198.0,0.48604567461372944,79.03662915423865,55.411774467461676,7.398364305854943,709.8324523043204,698.1542756767044,10322.272,1495.236,1749.739,7077.2970000000005,2886.595,7435.677000000001,27.964725207783708,4,1,0,0,3,51.04598836245375,48.983366067619784,52.59295508357923,0.48434442629150865,0.0,0.0,0.0,1,0,0.0,0.0,0.0,1.0,0.0,0.48434442629150865,0.5156555737084914,0.0,0.5156555737084914,0.0,14,1,2023,2,18,2,0,0,0,1,0,1,GRAVE_MORTALIDAD,2
10,1,5,0,4,2,-6.5847328491630135,-78.3152107397946,0,4,0,0,1,2,2,0,6543.555,2.0,4,4,1.0,14,33,1198.0,0.16232213379596458,72.391713760865,29.957154541320715,3.316156371412813,110.88075281681805,4115.576815257021,15935.565011852366,1733.9250000199986,935.692,13265.948011832368,2000.1670000199988,13935.398011832369,12.551591352627522,4,1,0,0,3,39.85295548414665,39.85295548414665,39.85295548414665,1.0,1.0,0.0,0.0,1,0,0.0,1.0,0.0,0.0,0.0,0.0,1.0,0.9866323167406044,1.0,0.9866323167406044,13,2,2021,9,27,2,0,1,2,1,0,1,GRAVE_MORTALIDAD,2
6,1,12,0,4,1,-7.523420174578783,-77.44599135000708,0,4,7,0,1,2,2,0,6543.555,2.0,4,4,1.0,14,33,1198.0,0.2462878594802315,77.28730737610378,34.280340380468374,4.915622017332219,202.62707862459519,1950.7119990325505,8931.828000000005,1335.5899999999997,1935.9830000000004,5660.255000000005,1219.309,7712.519000000005,13.651281686122925,3,1,0,0,2,30.868174655100574,30.868174655100574,30.868174655100574,1.0,0.0,0.0,0.0,1,0,0.0,1.0,0.0,0.0,0.0,0.0,1.0,0.0,0.4097392364429391,0.0,15,1,2023,9,8,4,0,0,0,1,0,1,GRAVE_MORTALIDAD,2
4,1,16,0,4,1,-14.757378843559824,-71.42245511262377,2,4,7,1,2,0,1,1,7586.903,2.0,2,0,1.0,9,5,1198.0,0.4090829799076809,72.01795841811891,70.81873939088966,7.5589140789927685,509.2604020749776,13964.027413039188,13157.027609383525,1952.3362500757457,1914.3356562286722,9290.355703079107,2706.2808033435426,10450.746806039982,20.29814327324294,4,1,0,0,2,27.886645397702054,27.886645397702054,27.886645397702054,0.3522257670496579,0.6477742329503421,0.0,0.3522257670496579,1,0,0.3522257670496579,0.0,0.0,1.0,0.0,1.0,0.3522257670496579,0.0,1.0,0.0,12,1,2021,2,10,4,0,0,2,1,0,1,GRAVE_MORTALIDAD,2
6,1,1,0,3,3,-9.135909853439362,-77.80681326649892,5,4,5,1,5,2,2,0,6543.555,2.0,4,4,1.0,14,33,1198.0,0.305645514012156,82.68535441121308,35.54696860135028,3.2377953943145483,424.8733942494418,6397.092850570435,10767.648,1885.0630000000003,1222.721,7659.864000000001,2100.343,8667.305000000002,19.506051832303577,2,1,0,0,1,45.13957497563933,45.13957497563933,45.13957497563933,1.0,0.0,0.0,0.0,1,0,0.0,0.0,1.0,0.0,0.0,0.0,1.0,0.9844916693734078,0.0,0.0,4,0,2023,3,21,3,0,1,0,1,0,1,GRAVE_MORTALIDAD,2
6,1,3,0,4,2,-16.81887368148892,-72.22112266824878,3,4,0,0,3,2,2,0,6543.555,2.0,4,4,1.0,14,33,1198.0,0.5888643145991667,79.10993374384215,69.0735144164719,8.454150635603378,1040.0720059267476,7074.012293919454,10322.272,1495.236,1749.739,7077.2970000000005,2886.595,7435.677000000001,27.964725207783708,4,1,0,0,3,53.87647213925503,53.87647213925503,53.87647213925503,1.0,1.0,0.0,0.0,1,0,0.0,0.0,0.0,1.0,0.0,0.7191180348137562,0.0,1.0,0.7191180348137562,0.28088196518624375,6,0,2023,9,16,5,1,0,0,1,0,1,GRAVE_MORTALIDAD,2
6,1,4,0,4,1,-13.568361438291635,-73.64192513072508,4,4,6,1,5,2,2,0,7389.9833006108165,2.0,2,0,1.0,9,10,1284.925758182965,0.6225050568437742,75.14929051996192,79.68432348599693,10.56268525046727,1055.7148280734712,58418.819205822896,8206.610109715753,1365.8315181697994,1360.688952757076,5480.089638788879,1512.1622568695304,6694.447852846223,18.524055208982293,3,1,0,0,1,30.486428934418036,29.03073441939231,31.94212344944377,1.0,0.0,0.0,0.0,1,0,0.0,0.20795635928938994,0.0,0.20795635928938994,0.0,1.0,0.20795635928938994,0.0,0.0,0.0,8,1,2022,5,19,2,0,1,1,1,0,1,GRAVE_MORTALIDAD,2
3,2,17,0,4,1,-10.718268146851495,-76.12890492393997,0,4,7,1,2,2,2,2,9798.507846258532,2.0,2,0,1.0,9,31,3737.0442603941715,0.5563774842369664,77.00938809632027,69.10246351364754,8.476961866273152,914.8835608305218,27932.19700214133,3678.981544655284,570.1962113168919,903.8763004950155,2204.909032843377,612.3755892374318,3066.6059554178523,16.638670444403918,12,2,0,0,10,25.89886157464109,22.46183971800547,29.335883431276706,1.0,0.0,0.0,0.04198542890958823,2,0,0.0,1.0,0.9580145710904118,0.04198542890958823,0.0,0.04198542890958823,1.0,0.0,0.0,0.0,8,1,2023,5,20,0,0,1,1,1,0,1,GRAVE_MORTALIDAD,2
6,1,9,0,4,2,-9.783499784958252,-76.17258162350575,0,4,3,0,4,2,2,2,6543.555,2.0,4,4,1.0,14,33,1198.0,0.1985758242270937,77.55714392657784,34.95706096213289,2.03851168355126,322.5659269507394,24762.20985010707,8209.057,1333.4779999999996,791.9770000000001,6083.602,1059.8589999999997,7149.198,12.910849565303296,4,1,0,0,3,22.313340809230837,22.313340809230837,22.313340809230837,1.0,0.5207399100854625,0.0,0.4792600899145375,1,0,0.0,0.0,0.5207399100854625,0.4792600899145375,0.0,1.0,0.0,1.0,1.0,0.5207399100854625,22,2,2022,4,26,5,1,1,2,1,0,1,GRAVE_MORTALIDAD,2
3,2,13,1,4,1,-7.57443374140623,-79.37229549953997,0,0,5,1,2,1,1,2,6543.555,3.0,2,0,1.0,0,30,1475.0,0.5685467410011216,78.22596562182555,62.2904366221936,8.605837124392236,974.3635117539222,76537.06898404245,8938.009862999943,1416.7879653376945,1699.926804499437,5821.295093162812,1400.1592945383916,7537.850568461552,15.658971657661754,3,2,0,0,1,39.773106827087375,31.728980721893183,47.81723293228156,1.0,0.1817232932281565,0.1817232932281565,0.1817232932281565,2,0,0.0,0.0,1.0,1.0,0.1817232932281565,0.8182767067718435,1.0,0.1817232932281565,0.0,0.0,6,0,2021,9,10,4,0,0,0,1,1,1,GRAVE_MORTALIDAD,2