CLASE SINIESTRO,CANTIDAD DE VEHICULOS DAÑADOS,DEPARTAMENTO,ZONA,TIPO DE VÍA,RED VIAL,COORDENADAS LATITUD,COORDENADAS  LONGITUD,CONDICIÓN CLIMÁTICA,ZONIFICACIÓN,CARACTERÍSTICAS DE VÍA,PERFIL LONGITUDINAL VÍA,SUPERFICIE DE CALZADA,¿EXISTE SEÑAL VERTICAL?,¿EXISTE SEÑAL HORIZONTAL?,CAUSA FACTOR PRINCIPAL,MTC_RVN_LONGITUD_KM,MTC_RVN_N_CARRILES_MEDIANA,MTC_RVN_SUPERFICIE_DOMINANTE,MTC_RVN_ESTADO_DOMINANTE,MTC_RVN_ES_CONCESIONADA,MTC_RVN_CONCESION_PRINCIPAL,MTC_RVN_CORREDOR_LOGISTICO,MTC_RVN_N_TRAMOS,IDH_2019,IDH_ESP_VIDA_2019,IDH_EDUC_SECUND_PCT_2019,IDH_ANIOS_EDUC_2019,IDH_INGRESO_PERCAP_2019,IDH_POBLACION_2019,MTC_DEP_RED_TOTAL_KM,MTC_DEP_NACIONAL_TOTAL_KM,MTC_DEP_DEPARTAMENTAL_TOTAL_KM,MTC_DEP_VECINAL_TOTAL_KM,MTC_DEP_PAV_TOTAL_KM,MTC_DEP_NO_PAV_TOTAL_KM,MTC_DEP_PCT_PAVIMENTADA,PER_TOTAL_PERSONAS,PER_N_CONDUCTORES,PER_N_CONDUCTORES_FUGADOS,PER_N_PEATONES,PER_N_PASAJEROS_OCUPANTES,PER_EDAD_COND_PROM,PER_EDAD_COND_MIN,PER_EDAD_COND_MAX,PER_ANY_COND_MASCULINO,PER_ANY_LIC_PROBLEMA,PER_ANY_DOSAJE_POS,PER_ANY_DOSAJE_EVALUADO,VEH_TOTAL,VEH_N_FUGADOS,VEH_ANY_FUGADO,VEH_ANY_CARGA,VEH_ANY_PUBLICO,VEH_ANY_PARTICULAR,VEH_ANY_MOTO,VEH_ANY_AUTO,VEH_ANY_CAMION_BUS,VEH_ANY_SOAT_PROBLEMA,VEH_ANY_CITV_PROBLEMA,VEH_ANY_SEGURO_PROBLEMA,HORA_NUM,FRANJA_HORARIA,ANIO,MES,DIA_MES,DIA_SEMANA,ES_FIN_SEMANA,ES_QUINCENA,REGION_NATURAL,TIENE_SEÑALIZACION,ES_VIA_MULTICARRIL,ES_DEPTO_BAJO_PAVIMENTO,CATEGORIA_SEVERIDAD,CATEGORIA_SEVERIDAD_ENC
3,2,13,0,4,1,-12.419232440659542,-73.37948402966718,0,4,1,0,2,2,2,2,2942.845495482654,1.2569184603686199,1,2,0.25691846036861987,9,25,541.8590005054914,0.3995982092560637,73.7817894071119,52.9068259682451,7.065725170240956,483.2169626990156,66595.62921377437,12618.519033305152,1876.387110626528,1426.3217374101305,9315.810185268492,2031.8529140614194,10586.666119243733,15.865765510892878,5,2,0,0,2,30.65613307165879,23.45848923778828,36.31226614331758,1.0,0.25691846036861987,0.0,0.7430815396313801,2,0,0.0,0.0,0.25691846036861987,1.0,0.7430815396313801,0.25691846036861987,1.0,1.0,0.25691846036861987,0.25691846036861987,14,3,2021,4,24,1,0,1,2,1,0,1,GRAVE_MORTALIDAD,2
6,1,5,0,4,1,-7.3327605869453985,-78.4707661664822,0,4,1,0,3,2,2,2,6543.555,2.0,4,4,1.0,14,33,1198.0,0.2726074984921201,71.95960403272721,36.43256468297426,4.345667017468159,288.8356551391509,5178.623677789645,15935.565011852366,1733.9250000199986,935.692,13265.948011832368,2000.1670000199988,13935.398011832369,12.551591352627522,3,1,0,0,2,45.216576929893215,45.216576929893215,45.216576929893215,1.0,0.8479278837633485,0.0,1.0,1,0,0.0,0.0,0.0,1.0,0.0,1.0,0.0,0.1520721162366515,1.0,0.1520721162366515,19,1,2024,10,13,5,1,0,2,1,0,1,GRAVE_MORTALIDAD,2
4,1,20,0,4,1,-14.83488791349706,-70.12805441414258,0,4,3,1,2,1,1,2,1762.2753193359376,2.0,1,0,0.5455851826691478,7,26,444.0811112998139,0.3122139441911287,71.26217111797875,65.0074054081501,6.083204632060142,256.4757357707951,10304.26004486572,13642.312999999998,2020.7790000000005,2354.117,9267.416999999998,3314.0520000000006,10328.260999999997,24.29244952817019,5,1,0,0,4,33.13460003396651,29.726488903985114,36.5427111639479,1.0,0.0,0.0,0.0,1,0,0.0,0.0,0.0,1.0,0.0,0.4544148173308522,1.0,0.0,0.4544148173308522,0.0,2,0,2022,4,7,2,0,0,2,1,0,1,GRAVE_MORTALIDAD,2
3,1,15,0,4,1,-12.549554674112137,-69.5136841512648,5,4,6,1,5,2,2,0,3227.755659593404,2.0,2,0,1.0,4,18,558.62805903602,0.6317145380187095,72.25192558326492,67.60436497208734,10.020461655114776,1297.501221333703,88344.06677711764,2115.439135885801,401.54619827693784,346.41807036895915,1367.4748672399035,497.6568788142027,1617.7822570715978,23.5632756787601,3,2,0,0,1,33.20121923226744,18.10975594487315,48.40243846453488,1.0,0.9817073425211416,0.018292657478858443,0.018292657478858443,2,0,0.0,0.018292657478858443,0.018292657478858443,1.0,0.9817073425211416,1.0,0.018292657478858443,0.0,1.0,0.0,20,1,2021,6,23,3,0,1,0,1,0,1,GRAVE_MORTALIDAD,2
6,1,8,0,4,1,-12.511198198278668,-74.8726164535884,3,4,0,0,7,2,2,0,7013.560916586703,2.0,3,2,1.0,11,20,1198.0,0.18379481209839124,62.57123387327663,57.234943105379905,3.860733271648105,121.08358572088864,1357.1781692564866,8511.426,1445.3929999999996,2008.516,5057.516999999999,1879.579,6631.846999999998,22.08300935706896,21,1,0,0,20,47.396171428235235,47.396171428235235,47.396171428235235,1.0,0.0,0.0,0.0,1,0,0.0,0.0,0.45047857147059533,0.5495214285294047,0.0,0.5495214285294047,0.45047857147059533,0.0,0.0,0.0,5,0,2023,6,20,0,0,1,2,1,0,1,GRAVE_MORTALIDAD,2
8,1,2,0,4,2,-14.06846876234621,-73.1326377085509,6,5,6,2,6,2,2,0,6543.555,2.0,4,4,1.0,14,33,1198.0,0.3151082554385252,66.8563306210833,60.65052627141387,5.711113262366611,322.4617514966528,874.0376156826023,8358.971,1282.451,1298.0969999999998,5778.423,1432.683,6926.288,17.139466089785454,2,1,0,0,1,27.540104630674747,27.540104630674747,27.540104630674747,1.0,0.0,0.0,0.0,1,0,0.0,0.0,0.0,1.0,0.0,0.0,1.0,0.0,0.5133682102249155,0.0,8,0,2022,2,19,2,0,1,2,1,0,1,GRAVE_MORTALIDAD,2
3,1,11,0,4,1,-11.764762848350243,-75.71050280518138,0,4,0,0,2,0,1,2,7586.903,2.0,2,0,1.0,9,5,1198.0,0.4545643050211295,68.73444804749025,55.05670880126828,7.076811092931955,737.237129067086,1424.8051391862955,12264.545,1826.4639999999995,1105.5389999999998,9332.542,1588.5359999999996,10676.009,12.952261987705208,4,1,0,0,2,52.20348823383813,46.7627905870705,57.644185880605754,1.0,0.0,0.0,0.9892177539577501,1,0,0.0,0.9892177539577501,0.0,1.0,0.0,1.0,0.9892177539577501,0.0,0.0,0.0,10,1,2022,10,11,1,0,0,2,1,0,1,GRAVE_MORTALIDAD,2
3,1,17,0,3,3,-6.772831919878369,-79.74883864602695,0,3,5,1,2,2,2,0,6543.555,2.0,4,4,1.0,14,33,1198.0,0.6470705505156991,80.20519041564842,73.27238812323532,10.165731864988988,1151.6654182942311,159127.49423528346,8655.67922897254,1759.4866209496429,859.7657401123057,6036.426867910591,2121.971298581394,6533.707930391146,24.490531786860025,2,2,0,0,0,42.704774975440785,29.473226539475732,55.93632341140583,1.0,0.0,0.7684515640349512,0.7684515640349512,2,0,0.0,0.7684515640349512,0.23154843596504882,0.7684515640349512,1.0,0.0,1.0,0.0,1.0,0.23154843596504882,17,3,2021,8,29,5,1,1,0,1,0,1,GRAVE_MORTALIDAD,2
3,2,19,0,4,1,-5.253689741170286,-80.59747937404643,0,4,0,0,2,0,0,2,6242.589086755009,2.942545939676905,2,0,1.0,0,29,1399.6202728560997,0.5012483606305097,77.91710228273735,62.43529950057302,7.635282351962447,730.0992841270421,76203.22002659673,8965.846000060003,1782.4120000599992,636.9959999999999,6546.438000000004,2214.505000059999,6751.341000000004,24.699342371541725,6,2,0,0,4,36.758543271453924,18.32144338743118,55.195643155476674,1.0,1.0,0.9425459396769053,1.0,2,0,0.0,0.05745406032309475,0.9425459396769053,1.0,0.9425459396769053,0.05745406032309475,1.0,0.9425459396769053,0.05745406032309475,0.0,19,1,2021,2,2,0,0,0,0,1,0,1,GRAVE_MORTALIDAD,2
3,1,8,0,4,1,-13.35720020044699,-74.95476429901451,0,4,7,1,2,1,1,1,216.59091787291106,1.0428375551191134,1,3,0.042837555119113246,9,31,48.90884032311348,0.2997946406100768,72.83003345209801,46.42647217987546,4.997510303405721,292.6881439974165,3327.8779443254816,8511.426,1445.3929999999996,2008.516,5057.516999999999,1879.579,6631.846999999998,22.08300935706896,9,1,0,0,7,28.38553799607202,28.38553799607202,28.38553799607202,1.0,0.9571624448808868,0.0,0.9571624448808868,1,0,0.0,0.0,0.0,1.0,0.0,1.0,0.9571624448808868,0.0,0.0,0.0,1,0,2021,3,13,5,1,0,2,1,0,1,GRAVE_MORTALIDAD,2
4,1,9,0,4,1,-13.848209248451278,-74.60214364984405,0,4,4,0,4,2,2,2,6543.555,2.5536131097368053,2,1,1.0,6,31,1351.3508313970951,0.6691643897158958,77.95069603067653,76.87370897493585,10.149413039422756,1290.2201289615837,55503.7925568054,8829.753754287072,1599.4077180198453,1666.3338633394917,5564.012172927736,2293.276758032871,6536.476996254202,25.657717668524906,3,1,0,0,2,36.81293765223646,32.66083932921042,40.965035975262495,0.5536131097368052,0.4463868902631948,0.0,0.0,1,0,0.0,1.0,0.0,0.5536131097368052,0.0,0.5536131097368052,1.0,0.0,0.0,0.0,11,0,2023,2,25,2,0,1,0,1,0,1,GRAVE_MORTALIDAD,2
0,1,11,1,7,3,-12.04262732482849,-75.15225866610042,0,4,1,0,6,2,2,3,6489.3059882830175,2.0,3,3,0.9299964878669342,13,32,1139.6870743931563,0.48564272115144,71.594437994787,70.45423958597297,8.416393768867673,672.0959780769143,26124.64421833715,12264.545,1826.4639999999995,1105.5389999999998,9332.542,1588.5359999999996,10676.009,12.952261987705208,3,1,0,1,0,28.770038633463724,27.859992975733867,29.68008429119358,1.0,0.07000351213306577,0.0,1.0,1,0,0.0,0.9299964878669342,0.0,0.07000351213306577,0.07000351213306577,0.07000351213306577,0.9299964878669342,0.0,0.07000351213306577,0.0,12,2,2022,7,14,0,0,0,2,1,0,1,GRAVE_MORTALIDAD,2
5,1,20,0,4,1,-15.724716524368278,-70.11531621592611,0,4,2,1,2,2,2,2,7304.400610549464,2.0,2,1,1.0,10,12,1198.0,0.3547368411281627,72.70596141451477,66.10664530027543,5.727119585001398,361.62028231047253,5452.596467697507,13642.312999999998,2020.7790000000005,2354.117,9267.416999999998,3314.0520000000006,10328.260999999997,24.29244952817019,4,1,0,0,2,58.40614788562954,56.916938971654574,59.8953567996045,1.0,0.729234742913643,0.0,0.0,1,0,0.0,0.0,0.270765257086357,0.729234742913643,0.0,0.0,1.0,0.0,0.0,0.0,18,2,2022,8,8,5,0,0,2,1,0,1,GRAVE_MORTALIDAD,2
4,1,12,0,4,1,-7.946462087337499,-78.31741878032228,0,4,7,1,5,2,2,0,1039.02596625012,1.7831821282399645,1,1,0.39159106411998224,9,32,178.5292752387649,0.3141848812205818,78.8504824809808,46.26736063806587,4.800860764450159,444.23074880695066,19358.43751171799,8931.828000000005,1335.5899999999997,1935.9830000000004,5660.255000000005,1219.309,7712.519000000005,13.651281686122925,2,1,0,0,1,26.894888301499776,20.825226807640053,32.9645497953595,1.0,0.0,0.0,0.0,1,0,0.0,0.0,0.0,1.0,0.39159106411998224,0.0,0.6084089358800178,0.0,0.0,0.39159106411998224,8,0,2022,6,19,3,0,1,0,1,0,1,GRAVE_MORTALIDAD,2
3,1,17,0,4,1,-10.720005490675561,-71.56423373596306,4,4,4,1,5,2,2,0,4582.186817765436,2.0,2,0,1.0,6,18,1025.7041091462766,0.6027466620340837,72.28289796774612,65.53238048531638,9.362776689134009,1202.0272687457839,87898.98292774352,3133.2313851098793,521.3670015610109,523.4558476417717,2088.4085359070964,646.2515561189794,2486.9798289908995,21.959646714408123,3,2,0,0,1,32.266585658668994,18.88009720959721,45.65307410774077,1.0,1.0,0.0,0.2933657365324036,2,0,0.0,0.0,0.2933657365324036,1.0,1.0,0.7066342634675964,0.2933657365324036,0.0,1.0,0.2933657365324036,16,1,2021,4,20,3,0,0,1,1,0,1,GRAVE_MORTALIDAD,2
5,1,12,0,4,2,-8.652223995000213,-77.52199074216216,2,4,6,1,3,1,0,0,6543.555,2.0,4,4,1.0,14,33,1198.0,0.42344560235149264,73.64795479373215,67.0374943701625,6.795833675874822,552.9496279263814,5097.604885088145,8738.583207306943,1595.1864047891208,884.5653668992559,6258.831435618566,1921.7279847737357,6816.855222533207,21.86831687784091,4,1,0,0,2,45.11512759939232,39.485451199104475,50.74480399968017,1.0,0.625519600031983,0.0,0.0,1,0,0.0,0.37448039996801696,0.625519600031983,0.625519600031983,0.625519600031983,0.625519600031983,0.37448039996801696,0.0,0.0,0.0,18,2,2021,7,2,2,0,0,0,1,0,1,GRAVE_MORTALIDAD,2
6,1,9,0,4,3,-10.789291849398053,-76.2747082663276,0,4,2,0,1,2,2,0,6543.555,2.0,4,4,1.0,14,33,1198.0,0.37350706859183813,69.72386902955202,61.68197001743929,5.914636098792874,494.1903608125514,28668.551643427323,8666.756944030662,1404.822775197552,1981.7163668789021,5280.217801954207,1635.6211634171004,7031.13578061356,18.967638309981915,5,1,0,0,4,42.803265142407945,42.803265142407945,42.803265142407945,1.0,0.3694819340313803,0.0,0.0,1,0,0.0,0.3694819340313803,0.6305180659686197,0.0,0.0,0.6305180659686197,0.3694819340313803,0.0,0.0,0.0,6,0,2022,4,11,2,0,0,1,1,0,1,GRAVE_MORTALIDAD,2
5,1,11,0,4,1,-8.45324731102076,-77.19130306974358,1,4,0,1,6,1,1,1,1699.3908954596081,1.0453192789608945,1,2,0.045319278960894605,9,32,291.80384356985485,0.5527554860520043,73.51207370287663,55.78599814653878,7.884998697070743,1089.6854838685315,22802.88673178817,8994.841919515507,1342.8250416089907,1927.5425562092075,5724.474321697308,1294.8691993415941,7699.972720173912,14.29995662597208,5,1,0,0,3,37.18127711584358,36.59212648935195,37.77042774233521,1.0,0.0,0.0,0.045319278960894605,1,0,0.0,0.0,0.0,0.045319278960894605,0.0,0.045319278960894605,1.0,0.0,0.0,0.0,12,2,2022,2,22,2,0,0,0,1,0,1,GRAVE_MORTALIDAD,2
3,2,7,0,4,1,-13.637500758036733,-71.71070654952115,0,4,7,1,2,1,1,2,7586.903,2.0,2,0,1.0,9,5,1198.0,0.49128659555376164,65.0641710609489,75.63094057252711,7.970945133633618,800.4953828395961,8423.01528797267,17779.13499998999,2097.3709999899997,2863.123,12818.640999999989,2878.713,14900.421999989989,16.19152450331032,3,2,0,0,1,31.39977975811856,24.34994493952964,37.7497246976482,1.0,0.3499449395296398,0.0,0.0,2,0,0.0,0.3499449395296398,0.3499449395296398,1.0,0.3499449395296398,0.6500550604703602,1.0,0.3499449395296398,0.0,0.3499449395296398,8,1,2024,2,5,3,0,0,2,1,0,1,GRAVE_MORTALIDAD,2
6,1,5,0,4,2,-6.301329638525841,-78.57234206982842,0,4,0,0,1,2,2,1,6543.555,2.0,4,4,1.0,14,33,1198.0,0.2907294238245487,77.28242358358939,33.96554306405714,4.225419368082007,323.9744880500477,3286.137155288023,15935.565011852366,1733.9250000199986,935.692,13265.948011832368,2000.1670000199988,13935.398011832369,12.551591352627522,3,1,0,0,2,1.6263667479726323,1.6263667479726323,1.6263667479726323,1.0,0.0,0.0,1.0,1,0,0.0,0.07071159773794056,0.0,0.9292884022620594,0.0,0.0,1.0,0.0,0.07071159773794056,0.0,6,1,2023,2,26,0,0,1,2,1,0,1,GRAVE_MORTALIDAD,2
5,1,4,0,3,2,-13.465709544855567,-74.0501553145676,0,3,5,0,2,1,1,4,6543.555,2.0,4,4,1.0,14,33,1198.0,0.3093793201838067,71.43213341882245,53.423270863314265,4.709516358760169,326.5037547819238,4914.09262334978,12678.733000000004,1805.074000000001,1774.0339999999994,9099.625000000004,2485.375000000001,10193.358000000002,19.602707936195205,13,1,0,0,12,26.449281553834613,26.449281553834613,26.449281553834613,1.0,1.0,0.37922653718044896,1.0,1,0,0.0,0.0,0.0,0.37922653718044896,0.37922653718044896,0.0,0.620773462819551,0.620773462819551,0.620773462819551,0.620773462819551,11,1,2024,2,19,5,1,0,2,1,0,1,GRAVE_MORTALIDAD,2
9,1,5,0,4,2,-6.710426041861369,-78.26716631028414,0,4,1,0,1,2,2,0,6543.555,2.0,4,4,1.0,14,33,1198.0,0.1716704192317556,72.73963509470686,31.770385760638252,3.2954030539699044,123.9213704397619,3961.9186052294745,15935.565011852366,1733.9250000199986,935.692,13265.948011832368,2000.1670000199988,13935.398011832369,12.551591352627522,3,1,0,0,2,41.34905835022424,41.34905835022424,41.34905835022424,1.0,0.83136770622197,0.16863229377803002,0.16863229377803002,1,0,0.0,0.83136770622197,0.0,0.16863229377803002,0.0,0.16863229377803002,0.83136770622197,0.83136770622197,0.83136770622197,0.83136770622197,11,2,2021,9,25,3,0,0,2,1,0,1,GRAVE_MORTALIDAD,2
3,1,14,0,4,1,-11.444921412069448,-77.40829778297007,0,4,7,0,2,2,2,1,6558.757974832011,2.842325504749934,2,0,1.0,1,30,1497.2321038302593,0.7286438148678331,78.41718814062543,77.33795653062083,13.141383516685092,1402.0124154793796,61710.33023226519,7626.313,1683.4029999999998,1599.0829999999996,4343.827000000001,1814.875,5811.438000000001,23.797541485643197,8,2,0,0,6,43.41697816212622,37.68046641925112,49.15348990500132,1.0,0.0,0.0,0.8423255047499341,2,0,0.0,0.15767449525006594,0.8423255047499341,1.0,0.0,1.0,1.0,0.0,0.0,0.0,7,0,2023,3,17,5,0,1,0,1,0,1,GRAVE_MORTALIDAD,2
4,1,5,0,4,1,-6.668380916330583,-78.53711284736178,0,4,0,0,2,1,1,2,8670.384044489305,2.0,2,1,1.0,10,32,2847.6292764098566,0.3484871558022944,76.33677469666252,53.28672218475212,4.131981838863427,447.1658531581213,76209.5845824411,15935.565011852366,1733.9250000199986,935.692,13265.948011832368,2000.1670000199988,13935.398011832369,12.551591352627522,3,1,0,0,1,28.83806428396391,24.450752378618546,33.22537618930927,1.0,1.0,0.0,1.0,1,0,0.0,0.6267588436207662,0.37324115637923383,0.6267588436207662,1.0,0.0,0.6267588436207662,1.0,1.0,1.0,18,2,2024,4,16,4,0,1,2,1,0,1,GRAVE_MORTALIDAD,2
6,1,4,0,4,1,-13.910551052434128,-73.9822713746781,0,4,2,0,1,2,2,2,6543.555,2.0,4,4,1.0,14,33,1198.0,0.2831730799260125,73.73792072710867,36.45968390229912,5.496959264658176,275.7270548589951,833.0671495358451,12678.733000000004,1805.074000000001,1774.0339999999994,9099.625000000004,2485.375000000001,10193.358000000002,19.602707936195205,11,1,0,0,10,36.06369437069711,36.06369437069711,36.06369437069711,1.0,0.0,0.0,0.631988680396189,1,0,0.0,0.0,0.36801131960381095,0.631988680396189,0.0,0.631988680396189,0.36801131960381095,0.631988680396189,0.631988680396189,0.0,8,1,2023,4,23,3,0,0,2,1,0,1,GRAVE_MORTALIDAD,2
6,1,1,0,4,2,-9.149705630654728,-77.63135253628609,0,4,6,0,6,1,1,1,6543.555,2.0,4,4,1.0,14,33,1198.0,0.29307778288310854,81.8728866684078,54.91660884219121,3.973521540411953,263.25528578465395,1337.614956736169,10767.648,1885.0630000000003,1222.721,7659.864000000001,2100.343,8667.305000000002,19.506051832303577,3,1,0,0,2,56.043480329535186,56.043480329535186,56.043480329535186,1.0,0.9046283977269414,0.0,0.0,1,0,0.0,0.0,0.0,1.0,0.0,1.0,0.0,0.0,0.09537160227305863,0.0,6,0,2021,6,27,2,0,1,0,1,0,1,GRAVE_MORTALIDAD,2
3,1,19,0,3,1,-15.478148506690609,-70.6632232916673,0,3,6,1,2,2,2,4,7478.730160148054,2.0,2,0,1.0,9,7,1198.0,0.6572999239060672,70.76632296962562,81.39789514813553,11.591229133855796,1264.416003889166,145990.99861394407,13018.582658302592,1985.8003351461932,2275.8361464738764,8756.946176682522,3158.6194563705303,9859.96320193206,24.241138164727015,3,2,0,0,1,42.899660839912734,33.82942864587421,51.96989303395125,1.0,0.0,0.0,0.0,2,0,0.0,0.0,1.0,0.8963214192657235,0.1036785807342765,0.8963214192657235,1.0,0.8963214192657235,1.0,1.0,22,2,2023,2,14,0,0,0,1,1,0,1,GRAVE_MORTALIDAD,2
6,1,5,0,4,1,-7.224112104173602,-79.13248160494723,1,0,0,1,2,1,1,4,887.28,2.0,2,0,1.0,8,17,155.0,0.5463314102688068,73.13829236229522,64.84110483758457,7.626349662538509,1015.1522366440691,7432.402733393649,15935.565011852366,1733.9250000199986,935.692,13265.948011832368,2000.1670000199988,13935.398011832369,12.551591352627522,3,1,0,0,2,33.80285145041827,33.7298649549257,33.87583794591084,1.0,0.04865766366171331,0.0,0.9513423363382867,1,0,0.0,0.04865766366171331,0.0,1.0,0.0,0.04865766366171331,1.0,0.0,1.0,0.0,6,1,2022,4,5,1,0,0,2,1,0,1,GRAVE_MORTALIDAD,2
3,2,14,0,4,1,-13.15254170813031,-72.65149908346356,0,4,2,1,2,2,2,0,3955.716702510964,1.4189849066248905,1,1,0.4189849066248905,9,20,684.9636725497784,0.426417979890458,73.80226838954712,58.647922782977446,7.432098577719871,536.7491515732393,66344.73838269513,12841.808996830761,1907.8790521308156,1628.6743367438926,9305.255607956053,2311.5011601397546,10530.307836691007,17.703629405455676,5,2,0,0,3,27.31832642618624,19.58101509337511,32.54172831924803,1.0,1.0,0.0,0.5810150933751095,2,0,0.0,0.0,0.4189849066248905,1.0,0.5810150933751095,0.4189849066248905,1.0,1.0,1.0,0.4189849066248905,7,1,2021,8,29,6,1,1,2,1,0,1,GRAVE_MORTALIDAD,2
6,1,1,0,4,1,-8.906572549530816,-77.22708460574972,5,4,7,0,4,1,1,1,1951.1316587175643,1.0,0,1,0.0,9,30,509.85949224724754,0.30444810118430554,74.13762910562164,50.241191838111135,5.606228873069803,280.22307612385583,1850.4454988437103,10767.648,1885.0630000000003,1222.721,7659.864000000001,2100.343,8667.305000000002,19.506051832303577,13,1,0,0,12,57.05250946985196,57.05250946985196,57.05250946985196,1.0,0.0,0.0,0.573929022373903,1,0,0.0,0.0,0.426070977626097,0.573929022373903,0.0,0.0,1.0,1.0,0.573929022373903,0.0,14,3,2021,3,7,3,0,0,0,1,0,1,GRAVE_MORTALIDAD,2
4,1,7,0,4,1,-13.967858237904471,-72.09008794687007,0,4,3,1,2,1,1,2,2533.8803207324463,1.0,1,3,0.0,9,22,769.7679712248354,0.456479519878868,69.00778548806187,69.57540627873387,6.746042655559232,691.6290677882455,10065.363461309562,17779.13499998999,2097.3709999899997,2863.123,12818.640999999989,2878.713,14900.421999989989,16.19152450331032,3,1,0,0,1,25.90393528667152,25.90393528667152,25.90393528667152,1.0,0.5480323566642401,0.0,0.4519676433357599,1,0,0.0,0.0,0.0,1.0,1.0,0.0,0.4519676433357599,0.5480323566642401,1.0,0.5480323566642401,10,1,2023,10,8,2,0,0,2,1,0,1,GRAVE_MORTALIDAD,2
4,1,10,0,4,1,-7.068967023665141,-78.78944406526368,0,4,7,0,4,2,2,0,1223.2044926533683,0.5632195715251636,1,0,0.5210731905083879,4,25,167.7892680949161,0.3634595664172089,74.20000877081333,46.028614488639576,4.708665623493134,514.6164186549428,12130.299696592347,9828.777283226871,1831.5743159523877,917.5154054894745,7079.68756178501,2159.8297576060822,7668.947525620791,22.212136302821424,13,1,0,0,11,42.70497533288257,38.01531661830708,47.39463404745806,1.0,0.0,0.0,0.5210731905083879,1,0,0.0,0.5210731905083879,0.47892680949161215,0.5210731905083879,0.5210731905083879,0.0,1.0,0.47892680949161215,0.5210731905083879,0.0,14,3,2023,9,18,3,0,1,0,1,0,1,GRAVE_MORTALIDAD,2
4,1,7,0,4,1,-15.102258966184536,-71.1299634479512,0,4,2,1,2,1,1,2,568.5409999999999,1.0,2,3,0.0,9,3,93.0,0.3491291336434085,68.34579473193322,63.63866309000273,4.984551874124405,419.36068685534286,1114.627408993576,17779.13499998999,2097.3709999899997,2863.123,12818.640999999989,2878.713,14900.421999989989,16.19152450331032,36,1,0,0,34,44.22368055791026,32.20243589308876,56.244925222731744,1.0,0.0,0.0,0.0,1,0,0.0,0.0,1.0,0.0,0.0,0.0,1.0,0.0,0.0,0.0,4,0,2023,8,18,3,0,0,2,1,0,1,GRAVE_MORTALIDAD,2
5,1,3,0,4,1,-15.661041677359075,-71.04094691475875,0,4,7,1,2,1,1,0,568.5409999999999,1.0,2,3,0.0,9,3,93.0,0.45625605649656487,81.51933740120575,56.56533217902608,5.791550480814457,661.0944417479872,1363.4883034075935,10322.272,1495.236,1749.739,7077.2970000000005,2886.595,7435.677000000001,27.964725207783708,6,1,0,0,4,43.70989365929389,43.06484048894084,44.35494682964695,1.0,0.0,0.0,0.0,1,0,0.0,1.0,0.0,0.3225265851765271,0.0,0.0,1.0,0.0,0.0,0.0,5,0,2023,7,14,3,0,0,0,1,0,1,GRAVE_MORTALIDAD,2
3,1,3,1,4,1,-16.108482781911782,-71.62679146600983,3,4,0,0,2,0,1,0,1504.4250000000002,2.0,2,0,1.0,7,25,241.0,0.6005060748875158,78.21704200773246,77.40211893847457,8.994742794352394,996.014120858737,33335.45824411135,10322.272,1495.236,1749.739,7077.2970000000005,2886.595,7435.677000000001,27.964725207783708,3,2,0,0,1,45.44109832670446,39.625917239678806,53.27895109617384,1.0,0.0,0.0,0.0,2,0,0.0,0.0,0.0,1.0,0.0,1.0,0.7585018809163907,0.0,0.7585018809163907,0.0,13,2,2024,1,10,2,0,0,0,1,0,1,GRAVE_MORTALIDAD,2
6,1,5,0,4,2,-5.383443442263998,-79.10348543972172,0,4,0,0,1,2,2,2,6543.555,2.0,4,4,1.0,14,33,1198.0,0.3227031362732502,74.61252170630955,44.38815424154636,5.147596690187208,344.709219636356,7080.656566565981,15935.565011852366,1733.9250000199986,935.692,13265.948011832368,2000.1670000199988,13935.398011832369,12.551591352627522,2,1,0,0,1,19.775297720516814,19.775297720516814,19.775297720516814,1.0,0.014628258877675715,0.0,1.0,1,0,0.0,0.014628258877675715,0.0,0.9853717411223243,0.0,0.0,1.0,0.0,0.9853717411223243,0.0,18,2,2023,8,5,5,1,0,2,1,0,1,GRAVE_MORTALIDAD,2