CLASE SINIESTRO,CANTIDAD DE VEHICULOS DAÑADOS,DEPARTAMENTO,ZONA,TIPO DE VÍA,RED VIAL,COORDENADAS LATITUD,COORDENADAS  LONGITUD,CONDICIÓN CLIMÁTICA,ZONIFICACIÓN,CARACTERÍSTICAS DE VÍA,PERFIL LONGITUDINAL VÍA,SUPERFICIE DE CALZADA,¿EXISTE SEÑAL VERTICAL?,¿EXISTE SEÑAL HORIZONTAL?,CAUSA FACTOR PRINCIPAL,MTC_RVN_LONGITUD_KM,MTC_RVN_N_CARRILES_MEDIANA,MTC_RVN_SUPERFICIE_DOMINANTE,MTC_RVN_ESTADO_DOMINANTE,MTC_RVN_ES_CONCESIONADA,MTC_RVN_CONCESION_PRINCIPAL,MTC_RVN_CORREDOR_LOGISTICO,MTC_RVN_N_TRAMOS,IDH_2019,IDH_ESP_VIDA_2019,IDH_EDUC_SECUND_PCT_2019,IDH_ANIOS_EDUC_2019,IDH_INGRESO_PERCAP_2019,IDH_POBLACION_2019,MTC_DEP_RED_TOTAL_KM,MTC_DEP_NACIONAL_TOTAL_KM,MTC_DEP_DEPARTAMENTAL_TOTAL_KM,MTC_DEP_VECINAL_TOTAL_KM,MTC_DEP_PAV_TOTAL_KM,MTC_DEP_NO_PAV_TOTAL_KM,MTC_DEP_PCT_PAVIMENTADA,PER_TOTAL_PERSONAS,PER_N_CONDUCTORES,PER_N_CONDUCTORES_FUGADOS,PER_N_PEATONES,PER_N_PASAJEROS_OCUPANTES,PER_EDAD_COND_PROM,PER_EDAD_COND_MIN,PER_EDAD_COND_MAX,PER_ANY_COND_MASCULINO,PER_ANY_LIC_PROBLEMA,PER_ANY_DOSAJE_POS,PER_ANY_DOSAJE_EVALUADO,VEH_TOTAL,VEH_N_FUGADOS,VEH_ANY_FUGADO,VEH_ANY_CARGA,VEH_ANY_PUBLICO,VEH_ANY_PARTICULAR,VEH_ANY_MOTO,VEH_ANY_AUTO,VEH_ANY_CAMION_BUS,VEH_ANY_SOAT_PROBLEMA,VEH_ANY_CITV_PROBLEMA,VEH_ANY_SEGURO_PROBLEMA,HORA_NUM,FRANJA_HORARIA,ANIO,MES,DIA_MES,DIA_SEMANA,ES_FIN_SEMANA,ES_QUINCENA,REGION_NATURAL,TIENE_SEÑALIZACION,ES_VIA_MULTICARRIL,ES_DEPTO_BAJO_PAVIMENTO,CATEGORIA_SEVERIDAD,CATEGORIA_SEVERIDAD_ENC
3,2,7,0,4,1,-15.091793606082662,-71.11735666058578,0,4,5,0,2,1,1,0,568.5409999999999,1.0,2,3,0.0,9,3,93.0,0.3491291336434085,68.34579473193322,63.63866309000273,4.984551874124405,419.36068685534286,1114.627408993576,17779.13499998999,2097.3709999899997,2863.123,12818.640999999989,2878.713,14900.421999989989,16.19152450331032,6,2,0,0,4,34.036211498844395,23.24345379861327,44.828969199075516,1.0,0.0,0.0,0.7927577002311217,2,0,0.0,0.2072422997688783,0.7927577002311217,1.0,0.0,1.0,1.0,0.0,0.0,0.0,1,0,2022,4,21,1,0,1,2,1,0,1,GRAVE_MORTALIDAD,2
6,1,9,0,4,1,-11.219011175450945,-76.02377943435408,0,4,7,1,2,2,2,1,1232.6943241422864,1.2867641319166632,1,2,0.28676413191666317,8,19,221.25009757416726,0.2798672067757393,70.51151402361572,53.8653153922236,4.869081740188473,244.533017221304,6192.042853117735,8631.98221458603,1413.9054380231541,1987.7161372196888,5230.360639343186,1690.2372466193847,6941.744967966644,19.665092290952412,8,1,0,0,7,44.72793371491662,44.72793371491662,44.72793371491662,1.0,0.0,0.0,0.0,1,0,0.0,0.0,0.28676413191666317,0.7132358680833368,0.0,0.7132358680833368,0.28676413191666317,0.28676413191666317,0.0,0.28676413191666317,6,0,2024,3,27,6,1,1,1,1,0,1,GRAVE_MORTALIDAD,2
4,1,4,0,4,1,-9.602646039976579,-77.2183057041251,1,4,0,0,1,1,1,1,9936.932,2.0,2,0,1.0,9,32,3830.0,0.4190817250233391,71.22115057472429,48.36910897976003,6.975237488713798,632.371159813062,2306.2829380010653,11346.378576555067,1862.40744450383,1177.416074930422,8306.555057120817,1902.468089304795,9443.910487250274,16.972224471179086,3,1,0,0,2,47.88097637468948,42.4682939578158,53.29365879156316,1.0,0.0,0.0,0.6133798273661658,1,0,0.0,0.3866201726338342,0.3866201726338342,0.6133798273661658,0.0,0.0,1.0,0.0,0.0,0.0,8,0,2021,2,12,3,0,0,0,1,0,1,GRAVE_MORTALIDAD,2
6,1,8,0,4,2,-12.868080301444856,-74.9494143601485,0,4,5,1,3,2,2,0,6543.555,2.0,4,4,1.0,14,33,1198.0,0.4313660076037567,70.75957428141618,50.132011377154434,5.966874113518079,758.8869605434352,2627.4895695413625,8511.426,1445.3929999999996,2008.516,5057.516999999999,1879.579,6631.846999999998,22.08300935706896,3,1,0,0,2,22.675032106116785,22.675032106116785,22.675032106116785,1.0,0.0,0.0,0.0,1,0,0.0,0.0,0.0,1.0,0.0,1.0,0.0,0.0,0.33751605305839183,0.0,9,0,2024,9,16,5,0,0,2,1,0,1,GRAVE_MORTALIDAD,2
3,2,18,1,4,1,-7.742857158612003,-77.33522683529648,0,1,0,1,2,1,0,2,7336.851047222556,2.3469626597345585,2,0,1.0,5,23,1904.6985698946605,0.5996517736237067,74.52104636996697,64.00846659576843,8.27836498788977,1226.9262163258759,24798.425538669202,6332.530441324933,1116.35304543933,1185.197729299867,4030.9796665857366,1291.4858159347968,5041.044625390136,19.980082651516113,4,2,0,0,2,37.65303734026544,20.633178514160285,54.6728961663706,1.0,0.3469626597345584,0.0,0.3469626597345584,2,0,0.0,0.3469626597345584,0.6530373402654416,0.6530373402654416,0.6530373402654416,0.3469626597345584,1.0,0.0,0.6530373402654416,0.6530373402654416,13,1,2021,8,14,5,1,0,0,1,0,1,GRAVE_MORTALIDAD,2
4,1,11,0,4,1,-11.166515895960705,-77.49106219812614,0,4,3,1,2,1,1,0,6602.298388212377,2.3907551523296373,2,0,1.0,5,30,1560.9035235215213,0.5915547293517791,77.61933298803847,68.3088398631235,9.008550216027247,1041.2144954591588,9168.190343867569,3619.1730237746706,626.6293534847872,723.3205424108485,2269.223127879035,946.7775603969978,2672.3954633776725,25.99980761945168,32,1,0,0,30,50.7751945564501,44.98736850358165,56.56302060931855,1.0,0.0,0.0,1.0,1,0,0.0,0.6092448476703629,0.0,0.6092448476703629,0.0,0.6092448476703629,1.0,0.0,0.0,0.0,14,1,2021,10,22,2,0,1,0,1,0,1,GRAVE_MORTALIDAD,2
6,1,3,0,4,0,-16.564264828365427,-71.74568802528351,0,4,6,1,2,0,1,0,6543.555,2.0,4,4,1.0,14,33,1198.0,0.6105481451420971,78.10653088113892,68.35418098658066,8.411557426919764,1158.5430895193692,35025.678800856535,10322.272,1495.236,1749.739,7077.2970000000005,2886.595,7435.677000000001,27.964725207783708,3,1,0,0,2,25.73056901048252,25.73056901048252,25.73056901048252,0.15867887368968492,0.15867887368968492,0.0,0.0,1,0,0.0,0.0,0.0,1.0,0.15867887368968492,0.8413211263103151,0.0,0.15867887368968492,0.15867887368968492,0.15867887368968492,12,2,2021,10,15,0,0,1,0,1,0,1,GRAVE_MORTALIDAD,2
3,2,10,2,3,1,-14.091348526037331,-71.43047368710928,0,0,7,0,2,0,1,2,1814.6219788859,2.0,2,3,0.25823101966616,10,32,350.1580554784209,0.672433263705013,75.48959706670009,82.52169917657827,11.214115793109498,1241.61189851365,134728.0921028249,16710.879236755172,2077.592569734312,2731.6818616038067,11901.604805417051,2991.1310338704466,13719.748202884723,18.283434632718997,4,2,0,0,2,44.04680531317148,32.38476572467376,55.7088449016692,1.0,0.74176898033384,0.0,0.74176898033384,2,0,0.0,0.25823101966616,0.0,1.0,0.74176898033384,0.25823101966616,1.0,0.0,0.0,0.74176898033384,8,1,2022,9,4,4,0,0,2,1,0,1,GRAVE_MORTALIDAD,2
6,1,8,0,4,1,-12.392341035377441,-75.05442720770213,0,4,7,0,2,1,1,3,7586.903,2.0,2,0,1.0,9,5,1198.0,0.3197508632812603,73.35600919181914,47.73247021173725,4.747967817478287,352.6352900736821,3265.2034261241965,8511.426,1445.3929999999996,2008.516,5057.516999999999,1879.579,6631.846999999998,22.08300935706896,9,1,0,0,8,37.91882363738619,37.91882363738619,37.91882363738619,1.0,0.39458824249241276,0.0,0.0,1,0,0.0,0.0,0.0,1.0,0.0,0.39458824249241276,0.6054117575075872,0.0,0.0,0.0,5,0,2023,5,13,4,0,0,2,1,0,1,GRAVE_MORTALIDAD,2
2,1,7,0,4,0,-13.876279651671124,-71.35791452462654,0,4,3,1,1,2,2,3,7134.963134135544,2.0,2,1,1.0,11,17,1198.0,0.291680386259091,69.21421677703921,57.275046550291805,4.74006349842037,284.8169329013382,9941.758674525288,17779.13499998999,2097.3709999899997,2863.123,12818.640999999989,2878.713,14900.421999989989,16.19152450331032,3,1,0,1,0,28.796936003672997,28.796936003672997,28.796936003672997,1.0,0.0,0.0,0.5668368886848336,1,0,0.0,0.0,0.0,1.0,0.0,1.0,0.0,0.0,0.5668368886848336,0.0,6,0,2021,9,9,4,0,0,2,1,0,1,GRAVE_MORTALIDAD,2
3,2,3,0,4,1,-16.00208946117343,-71.26708127051782,0,4,0,0,2,0,1,0,1504.4250000000002,2.0,2,0,1.0,7,25,241.0,0.4685280505645348,81.83746865987648,70.74305753660312,6.037751599761188,617.4715908037651,1751.8736616702354,10322.272,1495.236,1749.739,7077.2970000000005,2886.595,7435.677000000001,27.964725207783708,7,2,0,0,4,34.22682504081622,33.194421463556765,35.517329512390546,1.0,0.22569731705540486,0.0,0.0,2,0,0.0,0.0,0.7743026829445951,1.0,0.0,1.0,0.7743026829445951,0.0,0.0,0.0,18,1,2024,3,23,1,0,0,0,1,0,1,GRAVE_MORTALIDAD,2
3,2,14,0,4,0,-6.606975547434411,-79.32242536615688,1,4,7,1,2,1,1,0,6543.555,2.0,4,4,1.0,14,33,1198.0,0.4826913820592597,70.95565062692644,63.31363227191171,8.246411288571778,713.3082976675004,13522.031277446611,3781.8584731547735,559.288577329128,730.351163967641,2492.2187318580045,749.0611821364118,3032.7972910183616,19.979419561199332,3,2,0,0,1,36.0478579731474,34.29483009012331,37.80088585617149,1.0,0.0,0.0,1.0,2,0,0.0,0.8525849549383427,0.0,1.0,0.0,0.8525849549383427,1.0,0.0,0.14741504506165726,0.14741504506165726,5,0,2021,3,30,2,0,1,0,1,0,1,GRAVE_MORTALIDAD,2
6,1,3,0,4,1,-16.624696961857186,-71.80129253469589,3,4,6,1,4,1,1,0,6543.555,2.0,4,4,1.0,14,33,1198.0,0.6105481451420971,78.10653088113892,68.35418098658066,8.411557426919764,1158.5430895193692,35025.678800856535,10322.272,1495.236,1749.739,7077.2970000000005,2886.595,7435.677000000001,27.964725207783708,3,1,0,0,2,32.7506074534972,32.7506074534972,32.7506074534972,1.0,1.0,0.0,0.0,1,0,0.0,0.0,0.0,1.0,0.5416464182167599,0.45835358178324015,0.0,0.5416464182167599,0.5416464182167599,0.5416464182167599,7,1,2024,4,16,5,1,0,0,1,0,1,GRAVE_MORTALIDAD,2
6,1,3,0,4,0,-15.64962535755724,-71.64364455095323,0,4,0,0,2,0,1,0,6543.555,2.0,4,4,1.0,14,33,1198.0,0.5325761945469989,81.34951653829121,50.97523181639888,6.867251361766504,964.6116839691138,2104.1584582441114,10322.272,1495.236,1749.739,7077.2970000000005,2886.595,7435.677000000001,27.964725207783708,2,1,0,0,1,37.407078549065126,37.407078549065126,37.407078549065126,1.0,0.24173270794394086,0.0,0.0,1,0,0.0,0.0,0.24173270794394086,0.7582672920560591,0.24173270794394086,0.7582672920560591,0.0,0.24173270794394086,0.24173270794394086,0.24173270794394086,4,0,2022,6,14,6,1,0,0,1,0,1,GRAVE_MORTALIDAD,2
3,1,12,0,4,1,-8.600978829276018,-78.31130767917067,0,4,7,1,1,2,2,2,6543.555,2.69309548680543,2,1,1.0,4,30,1389.987449845104,0.4812224357163337,75.99000266076959,49.63426426362849,6.315425284484784,852.1449518701759,9716.47755650503,8931.828000000005,1335.5899999999997,1935.9830000000004,5660.255000000005,1219.309,7712.519000000005,13.651281686122925,3,1,0,0,1,27.46547743402715,22.61380902638914,32.31714584166516,1.0,0.0,0.0,0.0,1,0,0.0,0.30690451319457,0.0,0.69309548680543,0.69309548680543,0.0,1.0,0.0,0.69309548680543,0.0,18,2,2021,7,9,4,0,0,0,1,0,1,GRAVE_MORTALIDAD,2
3,2,12,0,4,1,-7.953293164177289,-78.62101079219981,0,4,7,1,1,2,2,0,8528.77822199933,2.414971215400078,2,0,1.0,5,31,2852.742787732816,0.4902127333663898,77.11402480894131,52.63495679412014,7.180222793377089,793.363039376805,14161.626227794906,8931.828000000005,1335.5899999999997,1935.9830000000004,5660.255000000005,1219.309,7712.519000000005,13.651281686122925,8,2,1,0,6,37.7347409386007,37.7347409386007,37.7347409386007,1.0,0.0,0.0,0.0,2,0,0.0,0.0,0.4149712154000782,1.0,0.0,0.4149712154000782,1.0,0.0,0.4149712154000782,0.0,12,3,2022,10,8,3,0,0,0,1,0,1,GRAVE_MORTALIDAD,2
3,2,11,2,4,1,-8.662961603865236,-78.17349337708504,0,4,4,1,2,2,2,2,220.3432368164219,2.712777676216831,2,0,0.712777676216831,10,25,78.6461353841774,0.48421711979109927,78.8067835791783,58.727691316084915,7.3618075598040615,738.679333111996,20167.386910922483,8724.23203381692,1334.9833864521697,1607.3989382581121,5781.8497091066365,1173.5114004727736,7550.7206333441445,13.438613051777411,2,2,0,0,0,37.37222323783169,20.723333942699014,54.021112532964366,1.0,0.0,0.0,0.0,2,0,0.0,0.0,0.0,1.0,1.0,0.0,0.0,0.28722232378316903,0.0,1.0,17,2,2022,8,21,5,1,1,0,1,0,1,GRAVE_MORTALIDAD,2
4,1,11,0,4,1,-11.802863633850963,-76.47398419733427,0,4,1,0,1,1,0,1,6543.555,2.6137880071829693,2,1,1.0,5,31,1368.0192779896825,0.512812938290144,74.60636317065648,59.43557545902315,7.289402115634065,918.0923583500503,25659.560364786594,7968.1542555982605,1591.4806835896181,1757.210934855055,4619.462637153587,1839.8644607832332,6128.289794815028,23.135368615517717,4,1,0,0,2,51.355078132884934,41.22757601436594,61.48258025140393,1.0,0.0,0.0,0.6137880071829693,1,0,0.0,0.0,1.0,0.6137880071829693,1.0,0.0,0.6137880071829693,0.0,0.0,0.0,9,1,2022,3,8,6,1,0,0,1,0,1,GRAVE_MORTALIDAD,2
3,2,14,0,4,1,-10.783339500424368,-77.64434758319216,0,4,4,1,2,1,1,3,6543.555,2.411495064841011,3,2,1.0,8,31,1311.98413296096,0.6308271130775358,79.95164649343668,65.83291929627318,8.147513189673957,1280.4873677124128,24646.92291220557,7626.313,1683.4029999999998,1599.0829999999996,4343.827000000001,1814.875,5811.438000000001,23.797541485643197,3,2,0,0,1,45.94940052234916,38.65514805476967,53.243652989928655,1.0,1.0,0.0,0.0,2,0,0.0,0.5885049351589888,0.41149506484101117,0.41149506484101117,1.0,0.0,1.0,0.0,1.0,0.5885049351589888,8,0,2022,2,28,5,1,1,0,0,0,1,GRAVE_MORTALIDAD,2
6,1,13,0,4,0,-11.809337896755121,-76.79118924880915,0,2,5,0,1,2,2,0,6622.101356640865,2.0,2,0,1.0,9,31,1538.5141783435101,0.6720893897859788,77.12393241841335,71.22443300370519,9.886611337600321,1394.8149778533552,95464.8194287411,7734.33787477366,1618.536430279552,1449.4675177658303,4666.333926728277,1674.9155858282384,6059.422288945421,21.779445149354665,10,1,0,0,9,25.07313610458744,25.07313610458744,25.07313610458744,1.0,0.18537277908251149,0.0,0.18537277908251149,1,0,0.0,0.0,0.18537277908251149,0.8146272209174885,0.18537277908251149,0.0,0.8146272209174885,0.0,1.0,0.0,5,0,2022,11,16,2,0,0,0,1,0,1,GRAVE_MORTALIDAD,2
4,1,3,0,4,1,-15.954869472143256,-73.95694556566255,0,4,4,0,1,2,2,0,6601.384950189456,2.0,2,1,1.0,11,31,1448.704409657668,0.5286713470706942,82.91791616249802,58.84568753423595,8.958068952670057,729.8029587835515,1137.9758599881961,10322.272,1495.236,1749.739,7077.2970000000005,2886.595,7435.677000000001,27.964725207783708,3,1,0,0,2,59.70240119280977,57.60320159041303,61.80160079520651,1.0,0.0,0.0,0.0,1,0,0.0,0.0,0.0,1.0,0.0,1.0,0.599771314970498,0.0,0.0,0.0,13,1,2022,1,15,5,0,0,0,1,0,1,GRAVE_MORTALIDAD,2
3,2,10,0,4,1,-14.799373360264443,-75.00513607137079,0,3,7,1,2,2,2,0,6639.975,2.0,2,0,1.0,9,31,1616.0,0.5563774842369664,77.00938809632027,69.10246351364754,8.476961866273152,914.8835608305218,27932.19700214133,3721.461,698.1859999999996,744.866,2278.409,1102.9029999999996,2618.558,29.636290693359403,3,2,0,0,1,37.653784268067234,34.16908224336136,41.13848629277311,1.0,0.13848629277310642,0.0,0.8615137072268936,2,0,0.0,1.0,0.0,1.0,0.0,0.8615137072268936,1.0,0.0,0.13848629277310642,0.13848629277310642,3,0,2021,9,27,4,0,1,0,1,0,1,GRAVE_MORTALIDAD,2
6,1,14,1,4,1,-10.673464224186842,-76.76546566131705,0,4,0,0,2,1,0,0,1422.177,2.0,2,0,0.0,9,19,698.0,0.6329626849738527,79.69467338238256,55.60978991784313,10.43485646497054,1214.2298061072966,14347.565310492504,7626.313,1683.4029999999998,1599.0829999999996,4343.827000000001,1814.875,5811.438000000001,23.797541485643197,2,1,0,0,1,25.02128828406121,25.02128828406121,25.02128828406121,1.0,1.0,0.0,0.0,1,0,0.0,0.0,0.0,1.0,0.8686396398234256,0.13136036017657438,0.0,0.8686396398234256,0.0,0.0,14,3,2021,3,18,3,0,0,0,1,0,1,GRAVE_MORTALIDAD,2
3,1,16,0,4,1,-12.65959609246648,-69.31998672736141,6,5,6,2,6,2,2,0,3263.58,2.0,2,0,1.0,5,18,566.0,0.6331639735785386,72.20641129524063,67.6175404202189,10.029362591344883,1305.419538589062,88506.68094218415,2090.391,399.431,340.021,1350.9389999999996,493.824,1596.5669999999996,23.62352306338862,5,2,0,0,2,37.31860430083721,25.16704543543197,49.10262237468184,1.0,0.7243444063295397,0.0,0.0,2,0,0.0,0.27565559367046033,0.0,0.7243444063295397,0.7243444063295397,0.7243444063295397,0.27565559367046033,0.0,0.7243444063295397,0.0,16,1,2021,6,17,2,0,0,1,1,0,1,GRAVE_MORTALIDAD,2
2,1,16,0,3,1,-14.935928719072002,-70.59579310252947,0,3,7,0,2,2,2,4,7321.635296552318,2.0,2,1,1.0,10,12,1198.0,0.5562136126754413,75.07590553569344,79.07667888531111,9.17448948697356,837.3421862822831,63984.24545145978,14694.086014860995,2040.2522571872591,2483.5300555299773,10170.30370214376,3203.368530293622,11490.717484567373,22.23281671424192,2,1,0,0,0,35.52547972554324,27.322192555705858,43.72876689538063,1.0,0.0,0.0,0.25424662092387396,1,0,0.0,0.0,0.745753379076126,1.0,0.0,1.0,0.745753379076126,0.0,1.0,0.745753379076126,2,0,2022,8,21,3,0,1,2,1,0,1,GRAVE_MORTALIDAD,2
3,2,16,0,4,0,-6.546106644499148,-78.35187107977579,3,4,7,1,2,1,1,0,6543.555,2.0,4,4,1.0,14,33,1198.0,0.48193637692120567,70.93806314517833,60.339743003636585,7.841049322848129,752.9475188791637,13145.620505253863,4425.8162546326275,647.6899554705576,811.5499339398215,2966.5763652222477,840.42003770358,3585.396216929046,19.278679528580916,3,2,0,0,1,39.14176182591764,34.8841451096986,43.39937854213669,1.0,0.0,0.0,1.0,2,0,0.0,0.5579274451507007,0.0,1.0,0.0,0.5579274451507007,1.0,0.0,0.4420725548492993,0.4420725548492993,7,0,2021,5,28,2,0,1,0,1,0,1,GRAVE_MORTALIDAD,2
1,1,10,0,4,1,-13.655517577935479,-76.16987983785383,0,4,7,1,2,2,2,0,205.54999999999995,-1.0,2,0,1.0,13,31,15.0,0.5303895908005424,78.26754762905823,62.75268574265678,8.829542806887236,781.4049121894976,13356.25482312224,3721.461,698.1859999999996,744.866,2278.409,1102.9029999999996,2618.558,29.636290693359403,2,1,0,0,0,26.55263392618603,20.737987188507578,30.705953024527783,1.0,0.5846680901658248,0.0,0.0,1,0,0.0,0.41533190983417523,0.0,1.0,0.5846680901658248,0.41533190983417523,0.41533190983417523,0.5846680901658248,0.5846680901658248,0.5846680901658248,13,1,2022,9,6,3,0,0,0,1,0,1,GRAVE_MORTALIDAD,2
3,2,5,1,4,1,-14.903247192922253,-72.80089466265737,0,0,1,0,2,2,2,0,2177.907654303184,2.133650581410518,2,0,1.0,6,25,405.9248174605792,0.635639564878579,77.39681701484288,77.41077386535338,10.47787328812758,1089.7280813329328,192137.64896550318,10140.984876467677,1533.617239375166,1601.020251089516,7006.347386002994,2796.7697807478235,7344.215095719853,27.52830489319204,3,2,0,0,1,46.032222965063184,33.33174709294741,58.732698837178965,1.0,0.0,0.0,0.133650581410518,2,0,0.0,1.0,0.0,1.0,0.866349418589482,0.133650581410518,1.0,0.0,0.133650581410518,0.0,7,0,2022,4,15,2,0,0,0,1,0,1,GRAVE_MORTALIDAD,2
3,2,10,0,4,1,-13.616712011961008,-76.03203872513873,0,4,7,1,2,1,1,0,1025.3210211954074,0.6684224347360965,2,1,1.0,10,27,181.84224347360967,0.5679969173714676,75.97168697296698,69.36814211892741,8.730583407246602,952.140763801685,5653.250342769063,3721.461,698.1859999999996,744.866,2278.409,1102.9029999999996,2618.558,29.636290693359403,5,3,1,0,2,44.97135163262802,44.22983055052308,45.898252985259184,1.0,0.4438591884213011,0.0,0.5561408115786989,3,0,0.4438591884213011,0.5561408115786989,0.4438591884213011,0.5561408115786989,0.5561408115786989,1.0,0.0,0.0,0.5561408115786989,1.0,14,1,2022,6,11,2,0,0,0,0,0,1,GRAVE_MORTALIDAD,2
5,1,5,0,4,1,-7.234098444303197,-79.19166418738432,1,1,3,1,2,1,1,3,887.28,2.0,2,0,1.0,8,17,155.0,0.5563774842369664,73.07406660240972,65.2611721745993,7.77984257932775,1045.7361851012442,7379.728051391864,15935.565011852366,1733.9250000199986,935.692,13265.948011832368,2000.1670000199988,13935.398011832369,12.551591352627522,4,1,0,0,2,33.45077628388636,30.74611858056818,36.155433987204546,1.0,0.4507762838863638,0.4507762838863638,1.0,1,0,0.0,0.0,0.0,1.0,0.4507762838863638,0.4507762838863638,0.5492237161136362,0.0,1.0,0.4507762838863638,12,1,2023,4,16,3,0,0,2,1,0,1,GRAVE_MORTALIDAD,2
5,1,18,0,4,0,-5.447574598991315,-80.46398343107653,0,3,0,1,1,2,2,0,6543.555,2.0415021643322597,3,3,1.0,13,32,1209.4960995200358,0.6265603099089707,80.20220929614969,72.81634532741167,10.04922037834116,1050.9170441109427,159713.05325002063,8910.252481363028,1778.3029122691364,676.9246927759307,6455.024876317961,2197.9194901254077,6712.332991237619,24.661915682980187,4,1,0,0,3,22.57708224462587,22.57708224462587,22.57708224462587,1.0,0.0,0.9584978356677402,0.9584978356677402,1,0,0.0,0.04150216433225984,0.0,0.9584978356677402,0.0,0.0,1.0,0.0,0.0,0.0,6,0,2021,10,27,5,0,0,0,1,0,1,GRAVE_MORTALIDAD,2
6,1,13,0,4,1,-15.00816663228904,-71.76510028501058,0,4,3,0,2,1,1,3,1967.3817030477946,2.0,2,0,1.0,5,24,282.82937552612964,0.3056611847157844,71.91520835999641,58.92888453754283,5.623808229621303,275.0479897544601,2159.809976203928,13226.926320913451,1927.791408297844,2104.050839468894,9195.084073146712,2956.820231941921,10270.10608897153,22.270763538771746,16,1,0,0,15,38.03521607672605,38.03521607672605,38.03521607672605,1.0,0.0,0.0,0.43108686262328944,1,0,0.0,0.0,0.43108686262328944,0.5689131373767106,0.0,0.0,1.0,0.0,0.0,0.0,9,1,2022,6,14,2,0,0,2,1,0,1,GRAVE_MORTALIDAD,2
3,1,3,0,4,1,-15.800510359096727,-71.05158376098562,0,4,7,1,2,0,1,0,1504.4250000000002,2.0,2,0,1.0,7,25,241.0,0.4498224071382834,81.63336343193146,58.84842497065013,5.774685730039019,620.6584683449911,1358.612419700214,10322.272,1495.236,1749.739,7077.2970000000005,2886.595,7435.677000000001,27.964725207783708,6,2,0,0,4,36.5,31.197370579611032,41.80262942038897,1.0,0.5493426449027576,0.0,1.0,2,0,0.0,1.0,0.0,1.0,0.0,0.45065735509724236,1.0,0.0,0.45065735509724236,0.0,12,2,2023,9,12,3,0,0,0,1,0,1,GRAVE_MORTALIDAD,2
4,1,9,0,4,1,-10.322682021127573,-76.88827409379226,0,4,4,0,1,2,2,0,6543.555,2.4667486007208974,3,2,1.0,7,31,1327.2893623996886,0.4333007402396033,75.41071580060233,55.31079910887546,6.004351478674048,639.6373700411305,24718.200528022837,8707.648045240268,1394.142603395043,1974.6613237439115,5338.844118101314,1571.398901402013,7136.249143838255,18.147512264995225,4,1,0,0,3,39.29987709891866,34.399016791349226,44.20073740648808,1.0,0.4667486007208975,0.0,0.0,1,0,0.0,0.4667486007208975,1.0,0.0,1.0,0.0,0.4667486007208975,0.0,0.0,0.4667486007208975,9,1,2022,8,11,5,0,0,1,1,0,1,GRAVE_MORTALIDAD,2
6,1,19,0,4,1,-13.341913775590712,-74.03601346871719,0,3,7,0,2,0,0,2,8704.327565098729,2.0,2,1,1.0,10,32,2873.956839260669,0.6134992281206939,76.87349655555646,78.69345661324319,10.968867040930848,960.0402662105851,32812.89707475728,3304.238379872065,588.5919651674085,757.0193989807999,1958.6270157238569,764.4419693150112,2539.7964105570536,24.877801194231363,2,1,0,0,1,36.63238282955673,36.63238282955673,36.63238282955673,1.0,0.36323828295567284,0.0,0.6367617170443272,1,0,0.0,0.0,0.0,0.6367617170443272,0.36323828295567284,0.6367617170443272,0.0,0.36323828295567284,1.0,0.36323828295567284,13,3,2023,6,15,1,0,0,1,0,0,1,GRAVE_MORTALIDAD,2
6,1,12,0,4,1,-7.767619425929396,-77.58673093643907,0,4,7,1,7,2,2,0,6543.555,2.0,4,4,1.0,14,33,1198.0,0.4686292122960986,72.39347765706144,42.14285241633188,6.687776775372348,878.2652317159998,9440.374732334049,8931.828000000005,1335.5899999999997,1935.9830000000004,5660.255000000005,1219.309,7712.519000000005,13.651281686122925,2,1,0,0,1,25.56008373471554,25.56008373471554,25.56008373471554,1.0,0.0,0.0,0.0,1,0,0.0,0.0,0.0,0.2517671686681041,0.0,0.0,0.2517671686681041,0.7482328313318959,0.0,0.7482328313318959,7,0,2021,10,9,4,0,0,0,1,0,1,GRAVE_MORTALIDAD,2