CLASE SINIESTRO,CANTIDAD DE VEHICULOS DAÑADOS,DEPARTAMENTO,ZONA,TIPO DE VÍA,RED VIAL,COORDENADAS LATITUD,COORDENADAS  LONGITUD,CONDICIÓN CLIMÁTICA,ZONIFICACIÓN,CARACTERÍSTICAS DE VÍA,PERFIL LONGITUDINAL VÍA,SUPERFICIE DE CALZADA,¿EXISTE SEÑAL VERTICAL?,¿EXISTE SEÑAL HORIZONTAL?,CAUSA FACTOR PRINCIPAL,MTC_RVN_LONGITUD_KM,MTC_RVN_N_CARRILES_MEDIANA,MTC_RVN_SUPERFICIE_DOMINANTE,MTC_RVN_ESTADO_DOMINANTE,MTC_RVN_ES_CONCESIONADA,MTC_RVN_CONCESION_PRINCIPAL,MTC_RVN_CORREDOR_LOGISTICO,MTC_RVN_N_TRAMOS,IDH_2019,IDH_ESP_VIDA_2019,IDH_EDUC_SECUND_PCT_2019,IDH_ANIOS_EDUC_2019,IDH_INGRESO_PERCAP_2019,IDH_POBLACION_2019,MTC_DEP_RED_TOTAL_KM,MTC_DEP_NACIONAL_TOTAL_KM,MTC_DEP_DEPARTAMENTAL_TOTAL_KM,MTC_DEP_VECINAL_TOTAL_KM,MTC_DEP_PAV_TOTAL_KM,MTC_DEP_NO_PAV_TOTAL_KM,MTC_DEP_PCT_PAVIMENTADA,PER_TOTAL_PERSONAS,PER_N_CONDUCTORES,PER_N_CONDUCTORES_FUGADOS,PER_N_PEATONES,PER_N_PASAJEROS_OCUPANTES,PER_EDAD_COND_PROM,PER_EDAD_COND_MIN,PER_EDAD_COND_MAX,PER_ANY_COND_MASCULINO,PER_ANY_LIC_PROBLEMA,PER_ANY_DOSAJE_POS,PER_ANY_DOSAJE_EVALUADO,VEH_TOTAL,VEH_N_FUGADOS,VEH_ANY_FUGADO,VEH_ANY_CARGA,VEH_ANY_PUBLICO,VEH_ANY_PARTICULAR,VEH_ANY_MOTO,VEH_ANY_AUTO,VEH_ANY_CAMION_BUS,VEH_ANY_SOAT_PROBLEMA,VEH_ANY_CITV_PROBLEMA,VEH_ANY_SEGURO_PROBLEMA,HORA_NUM,FRANJA_HORARIA,ANIO,MES,DIA_MES,DIA_SEMANA,ES_FIN_SEMANA,ES_QUINCENA,REGION_NATURAL,TIENE_SEÑALIZACION,ES_VIA_MULTICARRIL,ES_DEPTO_BAJO_PAVIMENTO,CATEGORIA_SEVERIDAD,CATEGORIA_SEVERIDAD_ENC
6,1,4,0,4,0,-14.49490764601456,-74.57125338463725,3,4,3,0,5,1,1,0,6543.555,2.0,4,4,1.0,14,33,1198.0,0.4357695894499794,69.62299923550906,54.025175516656674,6.373757657880691,702.9500549053289,2642.9203552610747,12678.733000000004,1805.074000000001,1774.0339999999994,9099.625000000004,2485.375000000001,10193.358000000002,19.602707936195205,14,1,0,0,13,57.52453936212041,55.274120600411685,59.77495812382913,1.0,0.7749581238291279,0.0,0.22504187617087212,1,0,0.0,0.0,0.22504187617087212,0.7749581238291279,0.0,0.7749581238291279,0.22504187617087212,0.0,0.22504187617087212,0.0,3,0,2023,7,11,5,0,0,2,1,0,1,GRAVE_MORTALIDAD,2
5,1,4,0,3,2,-13.276607157784897,-74.02450803392459,0,3,3,0,2,1,1,2,6543.555,2.0,4,4,1.0,14,33,1198.0,0.2422111831183631,69.49351900481835,47.468250740201775,4.504393786056457,193.34675213541092,5713.47251352151,12678.733000000004,1805.074000000001,1774.0339999999994,9099.625000000004,2485.375000000001,10193.358000000002,19.602707936195205,2,1,0,0,1,27.45959070557497,27.45959070557497,27.45959070557497,1.0,0.4712755809015643,1.0,1.0,1,0,0.0,0.0,0.0,0.4712755809015643,0.4712755809015643,0.0,0.5287244190984357,0.0,0.0,0.0,12,1,2024,3,17,3,0,0,2,1,0,1,GRAVE_MORTALIDAD,2
8,2,3,0,4,1,-16.079475307867252,-71.52723215972483,0,3,0,0,2,1,1,0,1504.4250000000002,2.0,2,0,1.0,7,25,241.0,0.6005060748875158,78.21704200773246,77.40211893847457,8.994742794352394,996.014120858737,33335.45824411135,10322.272,1495.236,1749.739,7077.2970000000005,2886.595,7435.677000000001,27.964725207783708,10,2,0,0,8,32.6315349024458,26.566740634155728,38.69632917073588,1.0,0.8259177073160304,0.0,0.17408229268396958,2,0,0.0,1.0,0.0,1.0,0.0,1.0,1.0,0.0,0.0,0.0,5,0,2021,8,13,5,0,0,0,1,0,1,GRAVE_MORTALIDAD,2
3,1,1,0,7,2,-12.834594366380928,-75.02027348304317,0,2,4,0,4,1,1,0,6588.208520708213,2.0,3,2,1.0,11,32,1391.5819503840798,0.5916227562469636,79.73699633187533,66.08700896134057,8.599294548085776,1030.7237187612695,16598.99903127304,10561.387821209904,1704.5283804488647,1466.7907902572176,7390.068650503824,2464.4678699841706,8096.919951225735,23.423387932034036,22,2,0,0,20,49.094261852212625,39.22131171697493,58.96721198745032,1.0,0.0,0.0,0.5368852861624885,2,0,0.0,0.0,0.46311471383751146,1.0,0.0,0.46311471383751146,1.0,0.0,0.5368852861624885,0.5368852861624885,15,2,2025,3,24,1,0,1,0,1,0,1,GRAVE_MORTALIDAD,2
6,1,8,0,4,1,-13.164151664171163,-75.5644336003663,0,4,1,1,3,2,2,0,1482.81,1.0,1,3,0.0,9,16,270.0,0.3462025277423612,65.67945880882297,46.59888826315274,6.4453189873828745,437.4608712821224,965.7485913882489,8511.426,1445.3929999999996,2008.516,5057.516999999999,1879.579,6631.846999999998,22.08300935706896,4,1,0,0,3,46.81090096967209,46.81090096967209,46.81090096967209,1.0,0.278457546373573,0.0,0.0,1,0,0.0,0.0,0.0,1.0,0.0,0.278457546373573,0.721542453626427,0.278457546373573,1.0,0.0,9,1,2022,5,23,5,1,0,2,1,0,1,GRAVE_MORTALIDAD,2
8,1,4,0,4,0,-12.346555381055536,-73.75962883852468,3,4,5,1,4,2,2,0,6543.555,2.0,4,4,1.0,14,33,1198.0,0.3380585685138145,71.37805746482165,49.13881686663413,4.829225766110654,436.53942394625346,16847.670313218998,8307.207056322964,1300.070160011794,1123.33835721933,5883.79853909184,1303.9502563106366,7003.256800012327,15.679363180083378,3,1,0,0,2,28.417036472505906,28.417036472505906,28.417036472505906,1.0,0.0,0.0,0.0,1,0,0.0,0.0,0.0,0.3452909246437009,0.0,0.3452909246437009,0.6547090753562991,0.0,0.3452909246437009,0.0,5,0,2022,5,19,1,0,0,2,1,0,1,GRAVE_MORTALIDAD,2
6,1,7,0,4,1,-13.136225145285671,-72.30389800513855,3,4,0,0,2,1,1,2,3447.8009999999995,1.0,2,3,0.0,9,12,1109.0,0.4706944943299555,76.79406176595778,61.64424635983724,7.141255198110581,653.4175319142125,3282.6252676659524,17779.13499998999,2097.3709999899997,2863.123,12818.640999999989,2878.713,14900.421999989989,16.19152450331032,6,1,0,0,5,56.885208749589474,56.885208749589474,56.885208749589474,1.0,0.823767395799123,0.0,0.17623260420087705,1,0,0.0,0.0,0.0,0.823767395799123,0.0,0.0,1.0,0.0,0.0,0.0,18,2,2022,8,9,1,0,0,2,1,0,1,GRAVE_MORTALIDAD,2
5,1,19,0,4,1,-13.935611389528017,-69.40480277848347,0,4,3,0,6,2,2,1,2015.7653649191705,2.0,1,0,0.0,9,32,477.42316484871304,0.54584994128689,76.78966346906033,68.4095626558082,8.37224596449643,884.4428107163524,27903.989650893243,13555.320324894012,2008.5098939798143,2275.2814193373038,9271.529011576895,3205.1024143091,10350.217910584912,23.57642676501368,3,1,0,0,1,29.631402929273914,28.810579121217827,30.45222673733,1.0,1.0,0.0,1.0,1,0,0.0,0.0,0.0,1.0,0.06314029292739132,0.06314029292739132,0.9368597070726087,0.9368597070726087,1.0,0.0,16,2,2021,5,3,5,0,0,2,1,0,1,GRAVE_MORTALIDAD,2
3,3,12,0,4,0,-10.420198872187289,-76.24611743539252,0,0,7,0,2,2,2,1,5115.364532747304,1.3303714502216812,3,3,0.7767904834072271,12,32,938.4073322026052,0.57519839086567,73.69036198910175,70.66328554208772,9.847426044549572,975.8109256457435,120618.82936392906,11528.24399083833,1816.631174388447,1000.9557434670721,8710.657072982809,1728.2582379054534,9799.985752932876,15.574322121557802,12,3,0,0,8,34.325928625554205,24.116047582963866,42.98222870133009,1.0,0.22320951659277288,0.22320951659277288,1.0,3,0,0.0,1.0,0.22320951659277288,0.7767904834072271,0.0,0.7767904834072271,1.0,0.0,1.0,0.0,14,2,2021,7,25,0,0,1,1,1,0,1,GRAVE_MORTALIDAD,2
5,1,5,0,4,1,-7.326303295306956,-78.7461045619222,0,4,1,0,2,1,1,0,773.4037047311633,2.0,2,0,0.1783520670382288,8,29,204.29887597770627,0.34093098240970454,70.46657098315399,30.787158555557934,5.651253933265874,491.02426836162505,6799.8255560730195,15935.565011852366,1733.9250000199986,935.692,13265.948011832368,2000.1670000199988,13935.398011832369,12.551591352627522,3,1,0,0,2,28.694344636863175,28.248464469267603,29.140224804458747,1.0,0.0,0.0,0.0,1,0,0.0,0.0,0.1783520670382288,1.0,0.0,0.1783520670382288,1.0,0.0,0.1783520670382288,0.0,2,0,2022,1,20,4,0,0,2,1,0,1,GRAVE_MORTALIDAD,2
4,1,5,0,4,1,-6.923418301148115,-78.97094524769466,3,4,0,1,2,1,1,0,904.4062632880443,2.0,2,1,0.4615229275886068,8,11,188.92405556191778,0.3875835758619216,72.60793906017429,61.991311848077515,5.072607165111657,520.372509169398,7717.574464596407,15935.565011852366,1733.9250000199986,935.692,13265.948011832368,2000.1670000199988,13935.398011832369,12.551591352627522,23,1,0,0,22,52.69238536205697,46.69258730340508,58.69218342070886,1.0,0.0,0.0,0.0,1,0,0.0,0.4615229275886068,0.5384770724113932,0.4615229275886068,0.0,0.4615229275886068,1.0,0.0,0.0,0.0,10,1,2022,10,25,3,0,1,2,1,0,1,GRAVE_MORTALIDAD,2
3,2,14,0,4,1,-11.595837554655342,-77.25106243936659,0,4,7,1,2,1,0,0,6543.555,3.0,2,0,1.0,0,30,1475.0,0.6345658038871101,79.82485112203014,72.58124867020027,8.733918278688822,1194.2626276325395,65640.08929301312,7626.313,1683.4029999999998,1599.0829999999996,4343.827000000001,1814.875,5811.438000000001,23.797541485643197,13,2,0,0,10,42.6638842761364,35.949916970455405,52.0,1.0,0.0,0.016694343181532623,1.0,2,0,0.0,1.0,0.0,0.0,0.0,0.016694343181532623,1.0,0.0,0.016694343181532623,0.0,19,1,2024,2,26,2,0,0,0,1,1,1,GRAVE_MORTALIDAD,2
3,1,7,0,4,0,-13.378836031995155,-71.62949760935491,0,4,5,1,1,2,2,2,6543.555,2.0,4,4,1.0,14,33,1198.0,0.1781592942533694,64.71879368732255,54.60019266646281,3.0041485157940895,134.51695626738092,9509.695572332968,17779.13499998999,2097.3709999899997,2863.123,12818.640999999989,2878.713,14900.421999989989,16.19152450331032,5,1,0,0,3,33.09968744469518,31.13291659292691,35.06645829646345,1.0,0.7867083407073091,0.0,0.0,1,0,0.0,0.7867083407073091,0.0,1.0,0.0,0.2132916592926909,0.7867083407073091,0.0,0.0,0.0,14,2,2022,8,11,5,1,0,2,1,0,1,GRAVE_MORTALIDAD,2
6,1,12,0,4,1,-7.872956803357492,-78.7923907830639,0,4,7,1,3,2,2,1,6543.555,2.7736625648956656,2,0,1.0,3,30,1412.3045304760994,0.4783654383108918,76.69287726013978,55.83142358790616,7.183573292414353,787.5810144616954,15066.244607923332,8931.828000000005,1335.5899999999997,1935.9830000000004,5660.255000000005,1219.309,7712.519000000005,13.651281686122925,13,1,0,0,12,45.92592616812198,45.92592616812198,45.92592616812198,1.0,0.0,0.0,0.0,1,0,0.0,0.22633743510433424,0.0,0.0,0.0,0.0,1.0,0.0,0.0,0.0,16,1,2023,3,9,0,0,0,0,1,0,1,GRAVE_MORTALIDAD,2
3,2,3,0,4,1,-15.558808103288488,-71.05904778698985,0,4,5,1,2,0,1,0,568.5409999999999,1.0,2,3,0.0,9,3,93.0,0.46474003373247863,81.36897262452837,53.55464474597777,5.813789827987456,714.4168811223753,1369.9180735232314,10322.272,1495.236,1749.739,7077.2970000000005,2886.595,7435.677000000001,27.964725207783708,9,2,0,0,7,36.71325576500522,35.21757861618108,38.208932913829365,1.0,0.0,0.0,0.0,2,0,0.0,0.7478385744120718,0.0,1.0,0.0,0.2521614255879282,0.7478385744120718,0.0,0.2521614255879282,0.0,10,2,2022,4,22,1,0,0,0,1,0,1,GRAVE_MORTALIDAD,2
0,1,10,0,4,1,-13.60641154211794,-76.17120277654674,0,4,7,1,2,2,2,0,205.54999999999995,-1.0,2,0,1.0,13,31,15.0,0.5325074276024638,78.94893843881812,61.99762097872525,8.46760026177187,803.9597600604353,13679.76488747926,3721.461,698.1859999999996,744.866,2278.409,1102.9029999999996,2618.558,29.636290693359403,2,1,0,0,0,20.4639863740203,18.355472928964467,21.970067406203043,1.0,0.849391896781726,0.0,0.0,1,0,0.0,0.150608103218274,0.0,1.0,0.849391896781726,0.150608103218274,0.150608103218274,0.849391896781726,0.849391896781726,0.849391896781726,17,1,2022,9,8,4,0,0,0,1,0,1,GRAVE_MORTALIDAD,2
3,1,13,2,4,1,-7.92938793664257,-79.22229405643532,1,3,6,1,2,1,0,0,5312.315317136277,2.782769113546989,2,0,1.0,0,26,1188.4724607684789,0.6444329986570729,79.36442339465097,78.35828841546449,10.7516395346598,1080.4323581009999,278494.59942719596,4364.809990574617,768.861751109397,887.2679927504776,2708.680246714742,944.8114749102505,3419.998515664366,21.083253031378273,4,2,0,0,1,38.56553822709398,29.868923545812045,47.0449220219229,1.0,0.0,0.0,0.0,2,0,0.0,0.7827691135469892,0.0,1.0,0.0,1.0,1.0,0.2172308864530108,1.0,0.2172308864530108,18,1,2021,1,26,4,0,1,0,1,0,1,GRAVE_MORTALIDAD,2
2,0,14,2,2,2,-12.040295347953961,-76.93359031759607,0,0,7,1,2,2,2,3,6588.2929284758,2.0,3,2,1.0,11,32,1391.9478749521297,0.6868549636939637,79.62363164345142,76.30894566128948,9.209137883551294,1425.4498631666322,684921.8484148846,7626.313,1683.4029999999998,1599.0829999999996,4343.827000000001,1814.875,5811.438000000001,23.797541485643197,2,1,0,1,0,37.46399013146443,35.319950657322124,39.07201973707115,1.0,0.0,0.0,0.536009868535575,1,0,0.0,0.0,0.536009868535575,0.463990131464425,0.0,0.463990131464425,0.536009868535575,0.0,0.0,0.0,18,2,2022,4,17,1,0,0,0,1,0,1,GRAVE_MORTALIDAD,2
3,1,9,1,4,1,-9.367866145291591,-76.48033504638911,0,4,0,1,3,2,2,2,955.9686260105517,1.7359956500405342,1,3,0.0,9,15,259.0321652984597,0.3435783308615645,77.52137368839983,44.383331935020664,4.600662912015695,494.21860728598347,20031.842265469382,8399.871688024556,1334.035577187114,1093.9995603797288,5971.836550457711,1101.9544936010366,7297.917194423518,13.106326866049391,2,1,0,0,1,42.519967375304006,28.16805219951359,56.87188255109442,1.0,0.0,0.0,0.0,1,0,0.0,0.0,0.0,0.7359956500405341,0.7359956500405341,0.0,0.26400434995946587,0.7359956500405341,0.0,0.7359956500405341,14,3,2022,1,27,4,0,1,1,1,0,1,GRAVE_MORTALIDAD,2
3,1,14,0,4,1,-10.239577532066392,-73.68404146142925,3,4,6,1,4,2,2,0,4625.560008231345,2.4152409723340407,2,0,1.0,2,22,943.4540438516428,0.6068576827232816,75.76444916389777,69.95442511584666,9.85579488944576,1098.8222212709848,91993.3295684963,2658.9804634170014,447.4457288719574,485.23367471202033,1726.3010598330236,580.8298561741237,2078.1506072428774,22.255915180135776,3,2,0,0,1,32.79237951383298,20.906686806338282,44.678072221327675,1.0,0.5847590276659596,0.0,0.0,2,0,0.0,0.41524097233404045,0.0,1.0,0.5847590276659596,1.0,0.41524097233404045,0.0,0.5847590276659596,0.0,19,2,2021,5,14,3,0,0,0,1,0,1,GRAVE_MORTALIDAD,2
6,1,11,0,4,3,-8.242777924873973,-78.21469847008854,0,4,6,0,1,2,2,1,6543.555,2.0,4,4,1.0,14,33,1198.0,0.5240285069774315,75.72061161608224,67.78981064677163,8.023697637112157,840.4647724627442,28062.454919814238,8884.93808873982,1347.8369753381332,1944.073032714961,5593.028080686725,1292.9528021411932,7591.985286598627,14.59172193678943,6,1,0,0,5,49.55003342899797,49.55003342899797,49.55003342899797,1.0,0.8884641099229207,0.0,0.0,1,0,0.0,0.8884641099229207,0.11153589007707931,0.0,0.0,0.11153589007707931,0.8884641099229207,0.0,0.0,0.0,5,0,2022,1,2,5,0,0,0,1,0,1,GRAVE_MORTALIDAD,2
3,2,20,0,4,1,-16.394110422889906,-69.21931790026245,0,4,5,1,2,2,2,2,7586.903,2.0,2,0,1.0,9,5,1198.0,0.2700768158914405,73.25226496916152,64.7395456421804,6.2652376606912314,186.3627001581928,17868.908628983998,13642.312999999998,2020.7790000000005,2354.117,9267.416999999998,3314.0520000000006,10328.260999999997,24.29244952817019,3,2,0,0,1,35.756731081207306,32.29730756751708,39.21615459489754,1.0,1.0,0.0,0.0,2,0,0.0,0.17567310812073078,0.8243268918792692,0.8243268918792692,1.0,0.8243268918792692,0.17567310812073078,0.0,0.8243268918792692,0.17567310812073078,18,1,2021,7,7,2,0,0,2,1,0,1,GRAVE_MORTALIDAD,2
3,1,16,0,4,1,-12.659548690197829,-69.3198711515263,6,5,6,2,6,2,2,0,3263.58,2.0,2,0,1.0,5,18,566.0,0.6331639735785386,72.20641129524063,67.6175404202189,10.029362591344883,1305.419538589062,88506.68094218415,2090.391,399.431,340.021,1350.9389999999996,493.824,1596.5669999999996,23.62352306338862,5,2,0,0,3,38.79604190381361,27.61896315952046,49.47984048608007,1.0,0.6300398784799822,0.0,0.0,2,0,0.0,0.3699601215200178,0.0,0.6300398784799822,0.6300398784799822,0.6300398784799822,0.3699601215200178,0.0,0.6300398784799822,0.0,14,1,2021,6,15,1,0,0,1,1,0,1,GRAVE_MORTALIDAD,2
3,1,13,2,2,4,-11.313100131280152,-77.28624837808306,0,0,1,1,2,0,1,0,6543.555,2.0,4,4,1.0,14,33,1198.0,0.6591264514621754,78.95279933695981,74.56023872429715,9.585604043990118,1265.1316862289402,353221.94264389266,7811.538953499272,1634.0554286856589,1646.882239176803,4530.60128563681,1730.3763307225527,6081.162622776719,22.357994145461383,5,1,0,0,3,39.3008661108921,32.86496315400883,45.736769067775384,1.0,0.14187960574889646,0.0,0.0,1,0,0.0,0.8581203942511035,0.0,0.14187960574889646,0.14187960574889646,0.0,0.8581203942511035,0.8581203942511035,0.8581203942511035,0.0,5,0,2024,10,22,3,0,1,0,1,0,1,GRAVE_MORTALIDAD,2
6,1,14,2,3,1,-12.01744226767912,-76.88101858516379,0,0,7,1,2,2,2,1,2101.2232328749687,2.0,2,0,1.0,5,18,381.30917064402627,0.6868549636939637,79.62363164345142,76.30894566128948,9.209137883551294,1425.4498631666322,684921.8484148846,7626.313,1683.4029999999998,1599.0829999999996,4343.827000000001,1814.875,5811.438000000001,23.797541485643197,3,1,0,0,2,20.135089556068998,20.135089556068998,20.135089556068998,1.0,0.21622761098275078,0.0,0.0,1,0,0.0,0.0,0.0,1.0,0.7837723890172492,0.0,0.21622761098275078,0.0,1.0,0.0,20,2,2023,7,6,5,0,0,0,1,0,1,GRAVE_MORTALIDAD,2
3,1,8,0,4,1,-11.702735883480361,-75.77520969057933,0,4,7,1,2,1,1,0,6543.555,2.0,4,4,1.0,14,33,1198.0,0.6005038777920655,79.32563569785458,66.30092091638967,8.47251170986775,1092.8050510300914,34862.20709095832,9528.307524568578,1404.0757284286706,1856.0871303542253,6268.144665785682,1934.5495710692708,7593.757953499307,19.79153327967101,3,1,0,0,1,48.127557521887056,45.84349724925062,50.411617794523494,0.5710150681591095,0.0,0.0,0.0,1,0,0.0,0.0,0.5710150681591095,1.0,0.5710150681591095,0.4289849318408905,0.0,0.5710150681591095,0.5710150681591095,0.5710150681591095,11,1,2022,10,15,0,0,1,0,1,0,1,GRAVE_MORTALIDAD,2
3,3,10,0,4,1,-13.7277144842097,-75.90563578109044,0,4,7,1,2,2,2,0,1679.5849999999998,2.0,2,3,1.0,9,24,315.0,0.5476064687943295,72.89816640240538,72.53137929650067,8.073066505789269,930.7694624870004,5923.768736616702,3721.461,698.1859999999996,744.866,2278.409,1102.9029999999996,2618.558,29.636290693359403,7,3,0,0,3,47.14447599895948,44.97337119875137,49.58189241515093,1.0,0.0,0.0,1.0,3,0,0.0,1.0,0.0,1.0,0.7989348479500549,0.7989348479500549,0.20106515204994513,0.0,1.0,0.7989348479500549,16,1,2022,10,8,0,0,0,0,1,0,1,GRAVE_MORTALIDAD,2
3,1,1,0,4,1,-10.118231152787258,-78.10818540658912,0,4,3,1,2,2,2,0,6543.555,3.0,2,0,1.0,0,30,1475.0,0.594329796273136,79.51274210494626,67.23963656911357,9.093808711905876,1004.1856289962402,25729.80728051392,10767.648,1885.0630000000003,1222.721,7659.864000000001,2100.343,8667.305000000002,19.506051832303577,3,2,0,0,1,50.55680416003736,39.34378855989727,61.76981976017744,1.0,0.4857989599906608,0.0,0.5142010400093392,2,0,0.0,0.5142010400093392,0.4857989599906608,0.4857989599906608,0.0,0.0,1.0,0.0,0.0,0.0,7,1,2021,6,6,4,0,0,0,1,1,1,GRAVE_MORTALIDAD,2
5,1,3,0,4,0,-15.858277761298206,-71.73364522746542,0,4,1,0,2,0,1,0,6568.987811146598,2.0,3,2,1.0,12,32,1308.256327103066,0.5623847147080574,80.62117767244375,58.20491436718511,7.290664624856166,1042.1618705989029,2242.4072833811924,10322.272,1495.236,1749.739,7077.2970000000005,2886.595,7435.677000000001,27.964725207783708,2,1,0,0,1,44.1101689397716,40.68114441264275,47.53919346690045,1.0,0.0,0.0,0.0,1,0,0.0,0.0,0.0,1.0,0.0,1.0,0.2637711174714499,0.0,0.0,0.0,2,0,2023,7,10,6,1,0,0,1,0,1,GRAVE_MORTALIDAD,2
4,1,12,0,4,1,-7.9216212605808805,-79.10784878898777,0,4,7,1,2,2,2,3,6543.555,3.0,2,0,1.0,0,30,1475.0,0.5721567587688113,77.67102283812494,66.21373667954742,8.464777379360486,978.4498488219192,15563.077087794432,8931.828000000005,1335.5899999999997,1935.9830000000004,5660.255000000005,1219.309,7712.519000000005,13.651281686122925,10,1,0,0,8,52.400307793012765,44.762964815244885,60.03765077078064,1.0,0.0,0.0,0.0,1,0,0.0,0.436419598729593,0.0,0.436419598729593,0.0,0.436419598729593,1.0,0.0,0.436419598729593,0.0,16,2,2024,1,14,2,0,0,0,1,1,1,GRAVE_MORTALIDAD,2
3,1,7,0,4,1,-10.908759410956815,-76.32612283431106,0,4,0,0,2,2,2,1,9936.932,2.0,2,0,1.0,9,32,3830.0,0.425611332625132,76.33054167961008,57.53247778847282,6.923625928234639,551.3376876972162,4044.7439222806115,11765.736871439785,1845.9908328585732,1144.5873340677033,8775.15870451351,1759.0844691692325,10006.652402270554,15.136168861298412,15,1,0,0,13,38.336069654381326,37.00252583481353,39.66961347394913,1.0,1.0,0.0,0.3332280902161028,1,0,0.0,1.0,0.6667719097838972,0.0,0.0,0.0,1.0,0.0,0.0,0.0,16,2,2022,7,6,2,0,0,1,1,0,1,GRAVE_MORTALIDAD,2
6,1,8,0,4,0,-12.981762285691225,-74.95369762328876,0,4,0,0,3,2,2,0,6543.555,2.0,4,4,1.0,14,33,1198.0,0.4723383719901495,69.80645920101807,51.01284950701928,6.4143176322032485,908.0162886118005,2393.3936978317975,8511.426,1445.3929999999996,2008.516,5057.516999999999,1879.579,6631.846999999998,22.08300935706896,3,1,0,0,2,32.15105316338061,32.15105316338061,32.15105316338061,1.0,0.9056725737089564,0.0,0.9056725737089564,1,0,0.0,0.0,0.0,1.0,0.0,0.09432742629104363,0.9056725737089564,0.9056725737089564,0.09432742629104363,0.9056725737089564,14,2,2022,2,9,1,0,0,2,1,0,1,GRAVE_MORTALIDAD,2
8,1,20,0,4,1,-15.654902675835883,-70.36013361568821,0,4,1,0,2,0,1,2,1504.4250000000002,2.0,2,0,1.0,7,25,241.0,0.4387767884413746,74.08026937973001,72.73571788884047,7.487249530915593,506.6407671536068,4885.396145610278,13642.312999999998,2020.7790000000005,2354.117,9267.416999999998,3314.0520000000006,10328.260999999997,24.29244952817019,3,1,0,0,2,33.40193605898605,32.01596210902877,34.787910008943335,1.0,0.0,0.0,0.7480047363714034,1,0,0.0,0.0,0.0,1.0,0.0,0.2519952636285966,1.0,0.2519952636285966,0.7480047363714034,0.2519952636285966,10,1,2021,5,14,3,0,0,2,1,0,1,GRAVE_MORTALIDAD,2
6,1,8,0,4,0,-12.402797970043059,-75.03652112896002,0,4,1,0,2,1,0,0,6543.555,2.0,4,4,1.0,14,33,1198.0,0.3337316515192016,73.53967142988202,47.34284464467323,4.964261692770258,421.7766235044269,24738.538478248855,8454.796404533445,1424.4328447703317,1780.674814431086,5249.688745332027,1726.0566084987408,6728.7397960347025,20.365188751906764,8,1,0,0,7,27.752563438716745,27.752563438716745,27.752563438716745,1.0,0.187286380106938,0.0,0.0,1,0,0.0,0.0,1.0,0.0,0.0,0.187286380106938,0.812713619893062,0.187286380106938,1.0,0.187286380106938,14,2,2024,1,28,1,0,1,2,1,0,1,GRAVE_MORTALIDAD,2
6,1,6,0,4,1,-7.923347906744562,-78.37770727238296,0,4,7,0,5,2,2,0,873.4744733785615,-0.12051356734162333,0,1,0.29316214421945885,6,28,127.55986764598387,0.3961348193549123,76.6254792967398,49.63204377094135,5.617431290060187,536.3501832472095,11823.623544257029,10239.427862238681,1854.969612751318,1051.0086030770574,7333.449646410307,2133.810976725971,8105.616885512712,21.028528022341263,17,1,0,0,16,46.188892125147035,45.0162435482692,47.06837855780541,1.0,0.0,0.0,0.29316214421945885,1,0,0.0,0.0,0.7068378557805411,0.29316214421945885,0.29316214421945885,0.0,0.7068378557805411,1.0,0.0,0.29316214421945885,12,2,2022,5,15,1,0,0,0,1,0,1,GRAVE_MORTALIDAD,2
3,0,14,2,2,4,-12.166647150861586,-76.99807311233121,0,0,7,1,2,2,2,2,6543.555,2.0,4,4,1.0,14,33,1198.0,0.7583589023807253,79.84865139154267,76.84485095743915,11.459417703998117,1661.657200568807,334648.32870596624,7626.313,1683.4029999999998,1599.0829999999996,4343.827000000001,1814.875,5811.438000000001,23.797541485643197,2,1,0,0,1,28.38542255634228,25.967263587526364,30.803581525158194,1.0,1.0,0.9672635875263655,0.9672635875263655,1,0,0.0,0.0,0.0,1.0,1.0,0.9672635875263655,0.0,0.03273641247363446,0.9672635875263655,0.03273641247363446,19,1,2021,1,5,2,0,0,0,1,0,1,GRAVE_MORTALIDAD,2
6,1,3,0,4,2,-13.226028309800842,-74.18747030774665,4,4,4,1,6,2,2,0,6543.555,2.0,4,4,1.0,14,33,1198.0,0.28895977977669474,71.8647506393268,61.38216523793543,4.5169391784971324,260.52224885482207,1149.321109069342,8332.983716542154,1291.2964254639558,1210.3621393219792,5831.325151756219,1368.0547266707058,6964.928989871449,16.406444115478536,2,1,0,0,1,28.94691502316911,28.94691502316911,28.94691502316911,1.0,0.0,0.0,0.0,1,0,0.0,0.0,0.0,1.0,0.0,0.1733479425393596,0.8266520574606404,0.0,0.0,0.0,15,1,2022,3,14,3,0,0,2,1,0,1,GRAVE_MORTALIDAD,2