CLASE SINIESTRO,CANTIDAD DE VEHICULOS DAÑADOS,DEPARTAMENTO,ZONA,TIPO DE VÍA,RED VIAL,COORDENADAS LATITUD,COORDENADAS  LONGITUD,CONDICIÓN CLIMÁTICA,ZONIFICACIÓN,CARACTERÍSTICAS DE VÍA,PERFIL LONGITUDINAL VÍA,SUPERFICIE DE CALZADA,¿EXISTE SEÑAL VERTICAL?,¿EXISTE SEÑAL HORIZONTAL?,CAUSA FACTOR PRINCIPAL,MTC_RVN_LONGITUD_KM,MTC_RVN_N_CARRILES_MEDIANA,MTC_RVN_SUPERFICIE_DOMINANTE,MTC_RVN_ESTADO_DOMINANTE,MTC_RVN_ES_CONCESIONADA,MTC_RVN_CONCESION_PRINCIPAL,MTC_RVN_CORREDOR_LOGISTICO,MTC_RVN_N_TRAMOS,IDH_2019,IDH_ESP_VIDA_2019,IDH_EDUC_SECUND_PCT_2019,IDH_ANIOS_EDUC_2019,IDH_INGRESO_PERCAP_2019,IDH_POBLACION_2019,MTC_DEP_RED_TOTAL_KM,MTC_DEP_NACIONAL_TOTAL_KM,MTC_DEP_DEPARTAMENTAL_TOTAL_KM,MTC_DEP_VECINAL_TOTAL_KM,MTC_DEP_PAV_TOTAL_KM,MTC_DEP_NO_PAV_TOTAL_KM,MTC_DEP_PCT_PAVIMENTADA,PER_TOTAL_PERSONAS,PER_N_CONDUCTORES,PER_N_CONDUCTORES_FUGADOS,PER_N_PEATONES,PER_N_PASAJEROS_OCUPANTES,PER_EDAD_COND_PROM,PER_EDAD_COND_MIN,PER_EDAD_COND_MAX,PER_ANY_COND_MASCULINO,PER_ANY_LIC_PROBLEMA,PER_ANY_DOSAJE_POS,PER_ANY_DOSAJE_EVALUADO,VEH_TOTAL,VEH_N_FUGADOS,VEH_ANY_FUGADO,VEH_ANY_CARGA,VEH_ANY_PUBLICO,VEH_ANY_PARTICULAR,VEH_ANY_MOTO,VEH_ANY_AUTO,VEH_ANY_CAMION_BUS,VEH_ANY_SOAT_PROBLEMA,VEH_ANY_CITV_PROBLEMA,VEH_ANY_SEGURO_PROBLEMA,HORA_NUM,FRANJA_HORARIA,ANIO,MES,DIA_MES,DIA_SEMANA,ES_FIN_SEMANA,ES_QUINCENA,REGION_NATURAL,TIENE_SEÑALIZACION,ES_VIA_MULTICARRIL,ES_DEPTO_BAJO_PAVIMENTO,CATEGORIA_SEVERIDAD,CATEGORIA_SEVERIDAD_ENC
3,2,13,1,4,1,-10.774646579623543,-77.68975420007612,0,3,7,1,2,1,0,2,238.2689714651426,2.0,2,0,0.0969062721234617,8,3,59.360782245555775,0.6393536342738033,78.77007408087317,69.5353858194791,8.880908844588756,1257.2720203058213,35917.60664498593,7752.825591851261,1649.697738773922,1631.730723078394,4471.397129998946,1757.1609191365183,5995.664672714744,22.814305272475544,7,2,0,0,5,27.872156449111156,23.356687809728463,32.38762508849385,1.0,0.0,0.9030937278765383,0.9030937278765383,2,0,0.0,0.0,0.0,0.0969062721234617,0.0,1.0,1.0,0.0,0.0969062721234617,0.0,4,0,2023,10,22,1,0,1,0,1,0,1,GRAVE_MORTALIDAD,2
3,1,1,0,4,1,-10.028549769838184,-77.30901897644192,4,4,0,0,1,1,1,2,651.181371346539,1.8007132503729442,1,2,0.0,9,7,146.86000966318585,0.4468035530344862,71.39797227638049,69.26630298220215,7.698819050055306,580.8155989460201,4018.1628553423398,10767.648,1885.0630000000003,1222.721,7659.864000000001,2100.343,8667.305000000002,19.506051832303577,7,1,0,0,5,41.93178795752529,37.730718081965875,46.13285783308471,1.0,0.0,0.0,0.933571083457648,1,0,0.0,0.933571083457648,0.06642891654235195,0.933571083457648,0.0,0.933571083457648,1.0,0.0,0.0,0.0,11,2,2021,2,6,5,0,0,0,1,0,1,GRAVE_MORTALIDAD,2
3,2,7,0,4,1,-15.278077083108855,-71.13679942751972,0,4,0,1,2,0,0,2,568.5409999999999,1.0,2,3,0.0,9,3,93.0,0.4222081089999886,68.53644198939976,64.0389062540908,6.228410225649751,607.1280595160617,1204.2119914346897,17779.13499998999,2097.3709999899997,2863.123,12818.640999999989,2878.713,14900.421999989989,16.19152450331032,4,2,0,0,2,37.50673995936904,34.602695983747616,40.41078393499047,1.0,0.0,0.0,0.8013479918738086,2,0,0.0,0.0,0.19865200812619144,1.0,0.0,0.8013479918738086,1.0,0.0,1.0,0.0,14,2,2022,2,10,0,0,0,2,1,0,1,GRAVE_MORTALIDAD,2
3,1,13,0,4,1,-8.750290308756256,-76.25583447083834,0,4,7,1,2,1,0,0,5475.132145310266,2.674258842006499,2,0,1.0,1,26,1178.9012873839076,0.5305241117430722,78.156164986997,65.55124112820972,7.8975215850010265,822.1646619066083,9876.678892773589,3013.653632359499,477.3962241600534,575.8140368615668,1960.4433713378787,635.1021294244637,2378.5515029350354,21.40283250268157,16,2,0,0,13,51.77675320909424,39.810917998123486,62.113882630097486,1.0,0.3257411579935009,0.0,0.0,2,0,0.3257411579935009,1.0,0.6742588420064991,0.3257411579935009,0.3257411579935009,0.0,1.0,0.0,0.3257411579935009,0.3257411579935009,17,2,2021,3,20,1,0,0,0,1,0,1,GRAVE_MORTALIDAD,2
3,1,2,1,4,1,-13.547091617794408,-73.64385309122922,0,4,0,0,2,1,1,1,7580.936529574384,2.0,2,0,1.0,9,5,1198.0,0.5563774842369664,77.00938809632027,69.10246351364754,8.476961866273152,914.8835608305218,27932.19700214133,8358.971,1282.451,1298.0969999999998,5778.423,1432.683,6926.288,17.139466089785454,4,1,0,0,2,45.45711063979408,35.017155744082366,55.897065535505796,1.0,0.0,0.0,0.0,1,0,0.0,0.0,0.9942814186392107,1.0,0.9942814186392107,0.005718581360789288,0.9942814186392107,0.0,0.0,0.0,20,2,2023,5,22,4,0,1,2,1,0,1,GRAVE_MORTALIDAD,2
4,2,15,0,4,1,-6.725066665988777,-79.8638857257631,0,4,7,1,1,2,2,1,3522.11856231213,2.4658257532231245,2,0,1.0,4,23,769.8899942545246,0.5408242680346173,75.71379622839875,65.57166248037805,8.178313188649147,885.6315515995777,48548.630537188335,8947.674460501097,1543.731194734612,1330.8814022979532,6073.0618634685325,1682.8969263325898,7264.777534168508,18.797752876562928,3,2,0,0,1,57.10577885229775,49.55940165008313,64.93165150644624,1.0,0.5341742467768753,0.0,0.4658257532231247,2,0,0.0,0.4658257532231247,0.0,1.0,0.0,0.5341742467768753,0.4658257532231247,0.0,0.4658257532231247,0.0,13,3,2022,8,4,1,0,0,0,1,0,1,GRAVE_MORTALIDAD,2
4,1,11,0,4,1,-11.803594127263917,-75.64564011507294,0,4,3,0,2,0,1,2,7586.903,2.0,2,0,1.0,9,5,1198.0,0.4545643050211295,68.73444804749025,55.05670880126828,7.076811092931955,737.237129067086,1424.8051391862955,12264.545,1826.4639999999995,1105.5389999999998,9332.542,1588.5359999999996,10676.009,12.952261987705208,2,1,0,0,1,30.146052416531667,27.144188506888195,33.14791632617514,1.0,0.428837701377639,0.0,0.428837701377639,1,0,0.0,0.0,0.428837701377639,1.0,0.0,1.0,0.428837701377639,0.0,0.428837701377639,0.0,4,0,2022,12,18,5,1,0,2,1,0,1,GRAVE_MORTALIDAD,2
5,1,7,0,4,0,-13.268870877666547,-71.52507087502276,1,4,0,0,1,1,0,4,6543.555,2.0,4,4,1.0,14,33,1198.0,0.2466226927938573,59.50771953912937,42.678907967899015,3.991373779253808,285.51302601039464,12676.173447537472,17779.13499998999,2097.3709999899997,2863.123,12818.640999999989,2878.713,14900.421999989989,16.19152450331032,7,1,0,0,5,26.584257315807996,26.432242179583998,26.736272452031997,1.0,1.0,0.0,0.3040302724479996,1,0,0.0,0.0,0.0,1.0,0.3040302724479996,0.6959697275520004,0.3040302724479996,0.3040302724479996,1.0,0.3040302724479996,10,1,2021,4,17,5,0,1,2,1,0,1,GRAVE_MORTALIDAD,2
5,1,14,0,4,1,-11.088904839365954,-77.44937091537618,0,3,7,1,2,1,1,2,198.315,2.0,2,0,0.0,9,1,55.0,0.644332113046051,78.61218205687396,70.04798203155518,8.919818005352203,1280.219555520582,36044.03426124197,7626.313,1683.4029999999998,1599.0829999999996,4343.827000000001,1814.875,5811.438000000001,23.797541485643197,9,1,0,0,7,41.31980661502709,39.729284380509725,42.91032884954445,1.0,0.0,0.31810444690347206,1.0,1,0,0.0,0.0,0.6818955530965279,0.0,0.0,0.31810444690347206,1.0,0.0,0.0,0.0,17,1,2023,10,18,1,0,1,0,1,0,1,GRAVE_MORTALIDAD,2
3,1,14,0,4,1,-11.20930927335796,-77.5496872012087,0,4,7,0,2,2,2,1,6547.300009137226,2.9611594157101653,2,0,1.0,0,30,1480.4765223848667,0.7317268657911145,78.2603125584709,76.56693357475191,13.519372896017881,1404.7688784616146,61940.8677650657,7626.313,1683.4029999999998,1599.0829999999996,4343.827000000001,1814.875,5811.438000000001,23.797541485643197,9,2,0,0,7,41.21855080936194,35.66028993292719,46.7768116857967,1.0,0.0,0.0,0.9611594157101652,2,0,0.0,0.038840584289834834,0.9611594157101652,1.0,0.0,1.0,1.0,0.0,0.0,0.0,5,0,2023,3,17,5,0,1,0,1,0,1,GRAVE_MORTALIDAD,2
5,1,20,0,4,1,-14.371845469723885,-69.3250572202704,0,4,0,0,6,2,2,5,1734.8564632313676,2.0,1,0,0.1082891347972541,8,31,458.57745110946996,0.4637004022916419,74.13511363098074,74.8112478095634,7.689531028842871,574.5215756647576,7747.4695589711355,13642.312999999998,2020.7790000000005,2354.117,9267.416999999998,3314.0520000000006,10328.260999999997,24.29244952817019,2,1,0,0,1,34.97125321942609,34.159084708446684,35.78342173040549,1.0,0.8917108652027459,0.0,0.0,1,0,0.0,0.0,0.0,1.0,0.0,0.8917108652027459,0.1082891347972541,0.0,1.0,0.1082891347972541,5,0,2021,7,7,1,0,0,2,1,0,1,GRAVE_MORTALIDAD,2
6,1,7,0,4,1,-13.478656096130745,-74.60019246346515,0,4,5,0,2,1,0,1,1754.5626409949377,1.8491790055017043,1,3,0.8491790055017042,9,25,381.51205857374845,0.3054068352293764,72.41183930642643,49.24348358366037,4.915815580895828,308.1252219253659,3453.604844405122,8488.432585283761,1420.8179255144582,1901.3698999095152,5166.244759859787,1812.1777008426895,6676.254884441071,21.337419245151906,36,1,0,0,35,29.547537016505114,29.547537016505114,29.547537016505114,1.0,0.0,0.0,0.8491790055017042,1,0,0.0,0.0,1.0,0.0,0.0,0.15082099449829578,0.8491790055017042,0.0,0.0,0.0,4,0,2023,6,14,1,0,0,2,1,0,1,GRAVE_MORTALIDAD,2
7,2,3,0,4,1,-16.38977308348936,-72.02772849488773,0,4,2,0,2,0,1,1,1755.3939236021429,2.0,2,0,1.0,8,29,331.2862061406712,0.5096910963520136,83.10753398919886,63.14332891863663,7.4496091250381875,713.9701705004496,925.0824380392312,10322.272,1495.236,1749.739,7077.2970000000005,2886.595,7435.677000000001,27.964725207783708,4,1,0,0,2,37.20300590085306,30.157917388057225,43.65410621535499,1.0,0.0,0.0,0.0,2,0,0.0,0.5939881982938894,0.0,0.4060118017061106,0.0,0.4060118017061106,0.5939881982938894,0.0,1.0,0.0,12,1,2021,2,20,3,0,1,0,1,0,1,GRAVE_MORTALIDAD,2
6,1,3,0,4,1,-16.137067002085196,-71.63503940858027,0,4,6,0,2,1,1,0,1504.4250000000002,2.0,2,0,1.0,7,25,241.0,0.6005060748875158,78.21704200773246,77.40211893847457,8.994742794352394,996.014120858737,33335.45824411135,10322.272,1495.236,1749.739,7077.2970000000005,2886.595,7435.677000000001,27.964725207783708,4,1,0,0,3,22.130136228884687,22.041095651226744,22.219176806542634,1.0,0.013698550408914545,0.0,0.0,1,0,0.0,1.0,0.0,0.013698550408914545,0.0,0.013698550408914545,1.0,0.0,0.0,0.0,2,0,2024,3,11,1,0,0,0,1,0,1,GRAVE_MORTALIDAD,2
3,2,19,0,4,1,-5.432242907570346,-80.72951167973405,0,4,7,1,2,1,0,0,6543.555,2.080222246455714,3,3,1.0,12,32,1220.221562268233,0.49328948514799825,75.10620564526315,62.3633762812554,7.991387127539414,717.3133432111857,4701.347830455799,8965.846000060003,1782.4120000599992,636.9959999999999,6546.438000000004,2214.505000059999,6751.341000000004,24.699342371541725,5,2,0,0,2,38.37437048346,27.957110796075717,48.04288920392428,1.0,1.0,0.0,0.08022224645571407,2,0,0.0,0.08022224645571407,1.0,1.0,1.0,0.9197777535442859,0.08022224645571407,0.08022224645571407,0.08022224645571407,0.08022224645571407,21,2,2021,7,2,0,0,0,0,1,0,1,GRAVE_MORTALIDAD,2
6,1,8,0,4,1,-13.430949420897566,-74.94971823528262,0,4,6,0,2,1,0,0,1679.5849999999998,2.0,2,3,1.0,9,24,315.0,0.2997946406100768,72.83003345209801,46.42647217987546,4.997510303405721,292.6881439974165,3327.8779443254816,8511.426,1445.3929999999996,2008.516,5057.516999999999,1879.579,6631.846999999998,22.08300935706896,17,1,0,0,16,34.81462542247677,34.81462542247677,34.81462542247677,1.0,0.0,0.0,0.31219636821760366,1,0,0.0,0.0,0.31219636821760366,0.6878036317823963,0.0,0.6878036317823963,0.31219636821760366,0.0,0.0,0.0,7,0,2024,7,22,3,0,1,2,1,0,1,GRAVE_MORTALIDAD,2
6,1,3,0,4,0,-16.040952543655816,-72.13878303591541,6,4,6,0,7,2,2,0,6543.555,2.0,4,4,1.0,14,33,1198.0,0.42599554335255263,74.31785120913376,45.66707867162029,6.273869776027408,646.3949229742542,766.3019605068947,10322.272,1495.236,1749.739,7077.2970000000005,2886.595,7435.677000000001,27.964725207783708,7,1,0,0,6,37.125943303965414,33.18891495594812,40.078714564978384,0.0,0.0,0.0,0.015742912995676983,1,0,0.0,0.0,0.0,1.0,0.0,0.015742912995676983,0.984257087004323,0.0,1.0,0.0,10,1,2023,3,12,1,0,0,0,1,0,1,GRAVE_MORTALIDAD,2
6,1,12,0,4,0,-7.609967113147143,-78.46501073335985,0,4,0,1,1,2,2,1,6543.555,2.0,4,4,1.0,14,33,1198.0,0.3407817015183973,75.88940179587583,29.956897057619543,4.398330577113855,529.6381379576903,6992.592162863028,8931.828000000005,1335.5899999999997,1935.9830000000004,5660.255000000005,1219.309,7712.519000000005,13.651281686122925,5,1,0,0,4,33.0,33.0,33.0,1.0,0.9828502180848019,0.0,0.0,1,0,0.0,0.9828502180848019,0.0,0.017149781915198115,0.0,0.0,1.0,0.0,0.0,0.0,8,0,2022,8,5,3,0,0,0,1,0,1,GRAVE_MORTALIDAD,2
5,1,7,0,4,2,-13.467529634138051,-72.40998582261255,0,4,0,0,1,2,2,5,6630.566778437994,2.0,3,3,1.0,13,30,1198.0,0.35405690252902766,70.58316387582714,51.32034728487438,5.624922640714301,432.06884470115136,8682.919962282844,17779.13499998999,2097.3709999899997,2863.123,12818.640999999989,2878.713,14900.421999989989,16.19152450331032,12,1,0,0,11,37.33282641313929,36.83244622299375,37.83320660328482,1.0,0.0,0.916603301642411,0.916603301642411,1,0,0.0,0.0,0.0,1.0,0.0,1.0,0.083396698357589,0.0,0.916603301642411,0.0,19,1,2024,7,27,4,0,0,2,1,0,1,GRAVE_MORTALIDAD,2
5,1,15,0,4,1,-6.052758984150361,-79.88229348074616,0,4,7,0,2,1,1,0,6543.555,3.0,2,0,1.0,0,30,1475.0,0.5432661290569558,78.45107880096334,69.01099107562166,8.145469414377649,839.2277189024716,10556.185125158898,2739.6059637079325,404.40481799601025,571.5282005869044,1763.6729451250178,578.0659806090285,2161.539983098904,22.42138415000813,53,1,0,0,52,54.592377531785814,49.89091356569068,59.29384149788095,1.0,0.29384149788094593,0.0,1.0,1,0,0.0,0.29384149788094593,0.0,0.29384149788094593,0.29384149788094593,0.0,1.0,0.0,0.29384149788094593,0.0,3,0,2022,7,15,1,0,1,0,1,1,1,GRAVE_MORTALIDAD,2
6,1,3,0,4,0,-13.432487953772611,-73.2010763524295,0,4,7,1,2,2,2,4,6543.555,2.0,4,4,1.0,14,33,1198.0,0.19936890523463752,67.18045116999279,49.36837661445329,3.9971368499458872,140.99073641713025,3281.4201386077457,8406.07288546584,1332.792906933685,1517.5852055082269,5555.694773023928,1570.754196137497,6835.318689328342,18.66680339437378,5,1,0,0,4,31.471647920545223,30.23582396027261,32.39851589074968,0.6910440099318473,0.0,0.0,0.0,1,0,0.0,0.0,0.0,0.30895599006815266,0.0,1.0,0.0,0.0,0.0,0.0,10,1,2021,6,7,3,0,0,2,1,0,1,GRAVE_MORTALIDAD,2
5,1,1,0,4,1,-8.762309031080177,-77.5872966678335,0,4,0,0,2,1,1,0,1559.11472676179,1.1326445776009533,0,3,0.0,9,25,233.4702530847028,0.5201532149161594,74.77862419090599,56.11790070076223,8.935170509708753,828.5421182863004,5181.0855522723095,10767.648,1885.0630000000003,1222.721,7659.864000000001,2100.343,8667.305000000002,19.506051832303577,4,1,0,0,3,54.07665362478618,53.47975302558189,54.67355422399047,1.0,0.0,0.0,0.13264457760095316,1,0,0.0,0.13264457760095316,0.0,1.0,0.0,1.0,0.13264457760095316,0.0,0.0,0.0,8,1,2022,8,24,1,0,0,0,1,0,1,GRAVE_MORTALIDAD,2
3,2,11,0,4,1,-11.901583028244882,-75.35617904217466,3,3,7,0,2,2,2,0,7586.903,2.0,2,0,1.0,9,5,1198.0,0.5644685164406219,71.0435224528141,76.0034367596881,9.938300881001572,913.4528729350938,14240.999632456736,12264.545,1826.4639999999995,1105.5389999999998,9332.542,1588.5359999999996,10676.009,12.952261987705208,4,2,0,0,2,25.220910705262305,23.023271435790154,27.41854997473446,1.0,0.4883642821049229,0.4883642821049229,1.0,2,0,0.5116357178950771,0.0,0.0,1.0,0.0,1.0,0.5116357178950771,0.4883642821049229,1.0,0.0,11,1,2021,7,7,2,0,0,2,1,0,1,GRAVE_MORTALIDAD,2
5,1,1,0,4,1,-9.35412059873992,-77.18540998663045,4,4,0,0,6,1,1,2,6544.070476829578,2.0,3,3,1.0,13,32,1200.2346952371242,0.47158990102263715,75.21990643654287,50.146536541591175,7.941307438232382,698.4598989349668,9911.206501758172,10765.266948263326,1882.978922152626,1225.5385230011454,7656.749503109557,2104.5464296640657,8660.720518599263,19.55127326078342,10,1,0,0,9,41.94653839145636,41.94653839145636,41.94653839145636,1.0,0.0,0.0,0.9946538391456355,1,0,0.0,1.0,0.0,0.005346160854364457,0.9946538391456355,0.005346160854364457,0.005346160854364457,0.0,1.0,0.0,14,2,2021,4,23,4,0,1,0,1,0,1,GRAVE_MORTALIDAD,2
5,1,4,0,4,2,-12.73615426230952,-73.62038183099291,0,4,0,0,6,2,2,2,6543.555,2.0,4,4,1.0,14,33,1198.0,0.37894173718926893,77.1694922359082,53.62246688069921,5.281697010692596,472.76433087429723,12154.881500452986,12738.076284693174,1818.35846338108,1809.7591402215357,9109.958681090558,2536.410113980866,10201.666170712306,19.89153156311769,2,1,0,0,1,56.585069433347634,56.49269004913485,56.67744881756042,1.0,1.0,0.0,0.938413743858144,1,0,0.0,0.0,0.0,1.0,0.06158625614185598,0.0,0.938413743858144,0.06158625614185598,0.0,0.06158625614185598,9,1,2021,6,11,3,0,0,2,1,0,1,GRAVE_MORTALIDAD,2
6,1,7,0,4,2,-13.533417210668782,-71.46292695548672,0,4,2,0,3,1,0,3,6543.555,2.0,4,4,1.0,14,33,1198.0,0.2588412180937167,69.47527188658017,40.04466107814269,4.450237775193091,246.8960857458514,4501.134712681379,17779.13499998999,2097.3709999899997,2863.123,12818.640999999989,2878.713,14900.421999989989,16.19152450331032,4,1,0,0,3,36.19258832855474,36.19258832855474,36.19258832855474,1.0,0.0,0.0,0.0,1,0,0.0,0.0,0.0,1.0,0.0,0.4148151193889472,0.5851848806110528,0.0,0.0,0.0,20,2,2023,4,17,3,0,0,2,1,0,1,GRAVE_MORTALIDAD,2
4,1,7,0,3,2,-9.910222919467047,-77.06400006903156,0,3,7,0,1,1,1,2,6543.555,2.5976650447626675,2,1,1.0,5,31,1363.5532173992588,0.5425604937916303,80.36860567233963,73.00373940646807,8.556777238472069,769.3305339301709,27361.10391279441,8701.34760454761,1314.2103228136432,1679.339164743479,5707.798116990488,1305.1568187388107,7396.1907858088,15.054700202030052,4,1,0,0,2,30.642793596685348,26.75797080572801,34.52761638764268,1.0,0.40233495523733276,0.0,0.0,1,0,0.0,0.0,0.0,1.0,0.5976650447626672,1.0,0.0,0.0,0.5976650447626672,0.0,11,1,2024,1,17,5,0,0,0,1,0,1,GRAVE_MORTALIDAD,2
4,1,2,0,4,1,-13.676475196835858,-73.48160776619285,1,4,0,0,5,1,1,0,6951.0800592832375,2.0,3,2,1.0,12,22,1198.0,0.5563774842369664,77.00938809632027,69.10246351364754,8.476961866273152,914.8835608305218,27932.19700214133,8358.971,1282.451,1298.0969999999998,5778.423,1432.683,6926.288,17.139466089785454,4,1,0,0,2,40.92945205686337,36.82821917725465,45.03068493647208,1.0,0.0,0.0,0.0,1,0,0.0,0.0,0.3905936075817822,1.0,0.3905936075817822,0.6094063924182178,0.3905936075817822,0.0,0.0,0.0,19,2,2023,3,18,4,0,1,2,1,0,1,GRAVE_MORTALIDAD,2
3,1,7,0,4,1,-13.652505225506879,-71.59319505802793,0,4,0,0,2,1,1,2,3263.58,2.0,2,0,1.0,5,18,566.0,0.4629184740681672,65.5665792285447,72.8013940331536,7.251714555673934,719.1023705109678,7985.920770877943,17779.13499998999,2097.3709999899997,2863.123,12818.640999999989,2878.713,14900.421999989989,16.19152450331032,3,1,0,0,1,29.257350843642822,16.69328330387765,41.821418383408,1.0,1.0,0.0,0.9306716696122352,1,0,0.0,0.0,0.9306716696122352,1.0,0.9306716696122352,0.0,1.0,1.0,1.0,1.0,16,3,2024,9,9,2,0,0,2,1,0,1,GRAVE_MORTALIDAD,2
6,1,4,0,4,2,-12.965455805060788,-73.9891085995165,4,4,0,0,3,2,2,4,6543.555,2.0,4,4,1.0,14,33,1198.0,0.30019077876284106,71.59233724454035,45.4283515939399,5.295695416452404,308.4860863903391,10659.264433825949,12678.733000000004,1805.074000000001,1774.0339999999994,9099.625000000004,2485.375000000001,10193.358000000002,19.602707936195205,4,1,0,0,3,38.765299525620684,38.765299525620684,38.765299525620684,1.0,1.0,0.0,1.0,1,0,0.0,0.0,0.0,1.0,0.0,0.0,0.36167776020817344,0.6383222397918266,0.6383222397918266,0.0,9,1,2021,6,16,4,0,0,2,1,0,1,GRAVE_MORTALIDAD,2
3,2,7,0,4,1,-15.136812868465068,-71.11491376006424,0,4,0,0,2,1,1,2,568.5409999999999,1.0,2,3,0.0,9,3,93.0,0.3491291336434085,68.34579473193322,63.63866309000273,4.984551874124405,419.36068685534286,1114.627408993576,17779.13499998999,2097.3709999899997,2863.123,12818.640999999989,2878.713,14900.421999989989,16.19152450331032,18,2,0,0,16,40.26946923315899,28.0,52.538938466317994,1.0,0.0,0.0,0.0,2,0,0.0,0.7330036196283534,0.26699638037164664,0.7330036196283534,0.0,0.7330036196283534,1.0,0.0,0.0,0.0,5,0,2022,9,25,4,0,1,2,1,0,1,GRAVE_MORTALIDAD,2
3,1,13,0,4,1,-12.940830398349041,-72.84112814376229,0,4,7,0,2,2,2,0,6357.5075701922,2.0,2,0,0.32387460241170973,9,23,634.7875438089542,0.4008092422042071,73.77490283237356,63.79787741067366,7.223958490734911,432.23600662078013,27683.114622718527,12710.769063215575,1889.3976933676313,1509.9217033300076,9311.449666517936,2147.3868084550436,10563.382254760532,16.62506071864753,3,1,0,0,1,37.05675238552974,28.26712221688197,45.84638255417752,0.6761253975882903,0.6761253975882903,0.0,0.6761253975882903,1,0,0.0,0.0,0.0,1.0,0.6761253975882903,1.0,0.0,0.0,0.6761253975882903,0.0,16,1,2021,6,22,4,0,0,2,1,0,1,GRAVE_MORTALIDAD,2
5,1,16,2,2,3,-5.722810851090734,-80.35188676001944,0,3,6,1,2,2,2,0,6543.555,2.1384354933293945,3,3,1.0,12,32,1236.3466316522422,0.6565089887436556,78.72693916592996,76.85394124499611,11.234699542645423,1125.241595213354,178425.69890388713,9215.279348803586,1796.6225418774488,718.0811293303593,6700.575677595778,2198.7009272622226,7016.578421541363,23.980406633739417,2,1,0,0,1,32.90714535991728,32.21496789327031,33.599322826564254,1.0,0.1384354933293943,0.8615645066706057,0.8615645066706057,1,0,0.0,0.0,0.0,0.8615645066706057,0.8615645066706057,0.1384354933293943,0.1384354933293943,0.8615645066706057,1.0,1.0,4,0,2023,4,28,4,0,1,0,1,0,1,GRAVE_MORTALIDAD,2
6,1,5,0,4,2,-6.682519053777445,-78.64933980834277,1,4,4,0,1,2,2,0,6543.555,2.0,4,4,1.0,14,33,1198.0,0.2816910689155435,72.13756783770887,34.32790608165455,4.117344892836755,332.80486690983906,3121.29241298131,15935.565011852366,1733.9250000199986,935.692,13265.948011832368,2000.1670000199988,13935.398011832369,12.551591352627522,3,1,0,0,2,13.31332386481863,13.31332386481863,13.31332386481863,1.0,0.0,0.0,1.0,1,0,0.0,0.5788401680355926,0.0,0.4211598319644074,0.0,0.0,1.0,0.0,0.5788401680355926,0.0,13,1,2022,6,27,2,0,1,2,1,0,1,GRAVE_MORTALIDAD,2
3,2,7,0,4,1,-8.293352842197196,-77.20188919677251,0,4,3,0,2,1,0,0,2039.2507233004817,1.430515515827746,1,3,0.0,9,28,1129.2156606035223,0.4670464590244686,70.67198645633353,54.178919095043504,7.033890346939618,785.5908567497883,1796.5763894839008,3806.171958946617,900.8869503761778,725.2915789756071,2179.993429594833,791.7425808658481,3014.4293780807693,20.683272995119175,5,2,0,0,3,43.688040536325424,41.26432932589479,46.11175174675606,1.0,0.0,0.0,1.0,2,0,0.0,1.0,0.0,1.0,0.0,0.0,1.0,0.0,0.0,0.0,17,2,2021,9,11,1,0,0,1,1,0,1,GRAVE_MORTALIDAD,2
3,1,20,0,4,1,-15.689545305380644,-70.79285465507428,0,4,6,0,2,2,2,2,1504.4250000000002,2.0,2,0,1.0,7,25,241.0,0.4698599762559323,78.4228993312338,68.12786536644234,6.991927650318564,610.3916333612686,6938.8501070663815,13642.312999999998,2020.7790000000005,2354.117,9267.416999999998,3314.0520000000006,10328.260999999997,24.29244952817019,4,1,0,0,2,28.539632786908577,22.02655187734821,35.05271369646894,1.0,0.0,0.0,0.0,1,0,0.0,0.0,0.13158921205861795,0.868410787941382,0.0,0.0,1.0,0.13158921205861795,1.0,1.0,1,0,2022,11,22,3,0,1,2,1,0,1,GRAVE_MORTALIDAD,2
6,1,10,0,4,1,-14.595635784354371,-72.60733593214452,0,4,0,0,2,1,0,2,1622.5338699676324,2.0,2,1,1.0,9,22,271.4003192868006,0.21676780061284007,71.22889635688868,52.77385514679396,4.810542665318855,142.81332985015098,17363.828934704303,13044.052829057608,1886.8537315499198,1993.9595094535202,9163.239588054168,2799.549370559757,10244.50345849785,21.38071868434756,23,1,0,0,22,51.104361708121765,51.104361708121765,51.104361708121765,1.0,0.0,0.0,0.620872341624353,1,0,0.0,0.0,0.620872341624353,0.379127658375647,0.0,0.379127658375647,0.620872341624353,0.0,0.0,0.0,10,0,2023,5,15,2,0,0,2,1,0,1,GRAVE_MORTALIDAD,2