CLASE SINIESTRO,CANTIDAD DE VEHICULOS DAÑADOS,DEPARTAMENTO,ZONA,TIPO DE VÍA,RED VIAL,COORDENADAS LATITUD,COORDENADAS  LONGITUD,CONDICIÓN CLIMÁTICA,ZONIFICACIÓN,CARACTERÍSTICAS DE VÍA,PERFIL LONGITUDINAL VÍA,SUPERFICIE DE CALZADA,¿EXISTE SEÑAL VERTICAL?,¿EXISTE SEÑAL HORIZONTAL?,CAUSA FACTOR PRINCIPAL,MTC_RVN_LONGITUD_KM,MTC_RVN_N_CARRILES_MEDIANA,MTC_RVN_SUPERFICIE_DOMINANTE,MTC_RVN_ESTADO_DOMINANTE,MTC_RVN_ES_CONCESIONADA,MTC_RVN_CONCESION_PRINCIPAL,MTC_RVN_CORREDOR_LOGISTICO,MTC_RVN_N_TRAMOS,IDH_2019,IDH_ESP_VIDA_2019,IDH_EDUC_SECUND_PCT_2019,IDH_ANIOS_EDUC_2019,IDH_INGRESO_PERCAP_2019,IDH_POBLACION_2019,MTC_DEP_RED_TOTAL_KM,MTC_DEP_NACIONAL_TOTAL_KM,MTC_DEP_DEPARTAMENTAL_TOTAL_KM,MTC_DEP_VECINAL_TOTAL_KM,MTC_DEP_PAV_TOTAL_KM,MTC_DEP_NO_PAV_TOTAL_KM,MTC_DEP_PCT_PAVIMENTADA,PER_TOTAL_PERSONAS,PER_N_CONDUCTORES,PER_N_CONDUCTORES_FUGADOS,PER_N_PEATONES,PER_N_PASAJEROS_OCUPANTES,PER_EDAD_COND_PROM,PER_EDAD_COND_MIN,PER_EDAD_COND_MAX,PER_ANY_COND_MASCULINO,PER_ANY_LIC_PROBLEMA,PER_ANY_DOSAJE_POS,PER_ANY_DOSAJE_EVALUADO,VEH_TOTAL,VEH_N_FUGADOS,VEH_ANY_FUGADO,VEH_ANY_CARGA,VEH_ANY_PUBLICO,VEH_ANY_PARTICULAR,VEH_ANY_MOTO,VEH_ANY_AUTO,VEH_ANY_CAMION_BUS,VEH_ANY_SOAT_PROBLEMA,VEH_ANY_CITV_PROBLEMA,VEH_ANY_SEGURO_PROBLEMA,HORA_NUM,FRANJA_HORARIA,ANIO,MES,DIA_MES,DIA_SEMANA,ES_FIN_SEMANA,ES_QUINCENA,REGION_NATURAL,TIENE_SEÑALIZACION,ES_VIA_MULTICARRIL,ES_DEPTO_BAJO_PAVIMENTO,CATEGORIA_SEVERIDAD,CATEGORIA_SEVERIDAD_ENC
7,1,14,0,4,1,-10.765941007514558,-76.97867370066282,0,4,6,0,2,1,1,0,938.7195502295893,-1.0,0,0,0.3714859436594342,9,25,314.3574297470981,0.519988642198793,74.23948983100004,63.589087136383014,7.969146847088663,840.9501009898307,1307.8870988320527,7626.313,1683.4029999999998,1599.0829999999996,4343.827000000001,1814.875,5811.438000000001,23.797541485643197,4,1,0,0,3,35.77309236612359,35.77309236612359,35.77309236612359,1.0,0.6285140563405658,0.0,0.3714859436594342,1,0,0.0,0.0,0.0,1.0,0.0,0.6285140563405658,0.3714859436594342,0.0,0.0,0.0,6,1,2021,4,14,3,0,0,0,1,0,1,GRAVE_MORTALIDAD,2
4,1,10,0,4,1,-9.42785371559697,-77.61380822085303,0,4,5,0,1,2,2,1,6543.555,2.6185270587181857,2,1,1.0,5,31,1369.3319952649374,0.4555507016196244,76.32020357781556,56.97368580767955,6.12332377430071,703.0473206138194,24713.360842759375,8771.456012539245,1377.4768733715666,1963.6523768499942,5430.326762317684,1471.1841389401436,7300.271873599101,16.867757640845973,4,1,0,0,2,39.07220941192272,32.57767529538177,45.56674352846367,1.0,0.6185270587181856,0.0,0.0,1,0,0.0,0.6185270587181856,1.0,0.0,1.0,0.0,0.6185270587181856,0.0,0.0,0.6185270587181856,8,1,2022,9,14,4,0,0,0,1,0,1,GRAVE_MORTALIDAD,2
6,1,7,0,4,1,-13.957115176487386,-71.51794097557735,0,4,0,0,1,2,2,2,6543.555,2.0,4,4,1.0,14,33,1198.0,0.27576184114201663,63.327386027806945,65.89598922776577,5.057627400129795,249.08413511362795,8298.313655869715,17779.13499998999,2097.3709999899997,2863.123,12818.640999999989,2878.713,14900.421999989989,16.19152450331032,3,1,0,0,2,45.45988899098734,45.45988899098734,45.45988899098734,1.0,0.633072653499513,0.0,0.366927346500487,1,0,0.0,0.633072653499513,0.0,0.366927346500487,0.0,0.366927346500487,0.633072653499513,0.0,0.366927346500487,0.0,8,1,2021,9,6,4,0,0,2,1,0,1,GRAVE_MORTALIDAD,2
3,2,12,1,4,1,-8.104311617209532,-79.0962066884647,0,1,7,1,2,2,2,0,6543.555,3.0,2,0,1.0,0,30,1475.0,0.583006771156836,78.2441938961209,62.24037484511178,8.807312392374042,1028.2282118265089,76607.295503212,8931.828000000005,1335.5899999999997,1935.9830000000004,5660.255000000005,1219.309,7712.519000000005,13.651281686122925,3,2,0,0,1,44.70392784098868,34.692852273257905,54.71500340871947,1.0,0.5307147726742096,0.0,0.0,2,0,0.0,1.0,1.0,0.0,0.5307147726742096,0.0,1.0,0.0,0.0,0.5307147726742096,18,2,2022,10,20,2,0,1,0,1,1,1,GRAVE_MORTALIDAD,2
4,1,12,0,4,1,-8.097963984805432,-78.42743458074418,0,4,7,1,2,2,2,2,8433.464550233282,2.443059362330421,2,0,1.0,5,31,2786.5952017118584,0.44585247632227293,74.81923269454781,55.493709206268605,6.097366169014856,693.0566183415642,68699.50009103707,8931.828000000005,1335.5899999999997,1935.9830000000004,5660.255000000005,1219.309,7712.519000000005,13.651281686122925,3,1,0,0,2,42.56940637669579,41.240228289704525,43.89858446368705,1.0,0.0,0.0,0.4430593623304211,1,0,0.0,1.0,0.0,0.4430593623304211,0.0,0.4430593623304211,1.0,0.0,0.4430593623304211,0.0,12,1,2022,5,21,2,0,1,0,1,0,1,GRAVE_MORTALIDAD,2
1,2,10,1,4,1,-14.119112428654224,-75.7354402403544,0,1,7,1,2,1,1,0,6639.975,2.0,2,0,1.0,9,31,1616.0,0.63064371304341,79.92207631010412,77.04103927355727,10.08415027305482,1044.5751162781328,31260.051854364243,3721.461,698.1859999999996,744.866,2278.409,1102.9029999999996,2618.558,29.636290693359403,4,2,0,0,2,30.77048315276741,22.505852329362117,39.0351139761727,1.0,0.4941476706378827,0.4941476706378827,1.0,2,0,0.0,0.5058523293621173,0.0,0.4941476706378827,0.4941476706378827,1.0,0.5058523293621173,0.4941476706378827,0.4941476706378827,0.0,3,0,2021,9,5,4,0,0,0,0,0,1,GRAVE_MORTALIDAD,2
3,1,7,0,4,1,-14.375645132436057,-71.40466343036725,0,4,4,0,1,1,1,2,6543.555,2.0,4,4,1.0,14,33,1198.0,0.29645906796674215,60.33589052136845,66.27142710843735,5.536295224767063,299.321173496273,5094.584057247296,17779.13499998999,2097.3709999899997,2863.123,12818.640999999989,2878.713,14900.421999989989,16.19152450331032,3,1,0,0,1,33.12766537011587,30.975052121357592,35.28027861887415,1.0,0.13895470049668812,0.0,0.8610452995033119,1,0,0.0,0.8610452995033119,0.0,1.0,0.0,1.0,0.8610452995033119,0.0,0.13895470049668812,0.0,8,1,2022,6,17,5,1,0,2,1,0,1,GRAVE_MORTALIDAD,2
4,1,4,0,4,1,-13.20675776319287,-74.22655285955884,0,4,2,0,2,1,1,3,7105.745435910536,2.0,2,1,1.0,11,17,1198.0,0.5305121431560528,73.7668210059112,68.45651702301488,8.941396366509018,806.7469451554633,27605.87794432548,12678.733000000004,1805.074000000001,1774.0339999999994,9099.625000000004,2485.375000000001,10193.358000000002,19.602707936195205,4,1,0,0,2,42.29617393887121,42.29617393887121,42.29617393887121,1.0,0.0,0.0,0.46116690125391,1,0,0.0,0.53883309874609,0.53883309874609,0.0,0.0,0.53883309874609,1.0,0.0,0.46116690125391,0.0,15,3,2022,6,15,3,0,0,2,1,0,1,GRAVE_MORTALIDAD,2
3,1,16,0,4,1,-12.659262193347015,-69.31917261717899,6,5,6,2,6,2,2,0,3263.58,2.0,2,0,1.0,5,18,566.0,0.6331639735785386,72.20641129524063,67.6175404202189,10.029362591344883,1305.419538589062,88506.68094218415,2090.391,399.431,340.021,1350.9389999999996,493.824,1596.5669999999996,23.62352306338862,10,2,0,0,7,47.725598074193876,42.43822659121538,51.75972716787929,1.0,0.06006820803017754,0.0,0.0,2,0,0.0,0.9399317919698225,0.0,0.06006820803017754,0.06006820803017754,0.06006820803017754,0.9399317919698225,0.0,0.06006820803017754,0.0,5,0,2021,7,2,0,0,0,1,1,0,1,GRAVE_MORTALIDAD,2
3,1,11,0,4,1,-11.363005865791912,-75.92126961728438,2,4,0,0,2,1,1,2,9936.932,2.0,2,0,1.0,9,32,3830.0,0.49045485403438926,77.29601253593073,64.87156337060203,7.520163047354098,735.865836320045,2929.5567167994905,12264.545,1826.4639999999995,1105.5389999999998,9332.542,1588.5359999999996,10676.009,12.952261987705208,12,2,0,0,10,41.04804516315591,33.096090326311824,49.0,1.0,0.504003763596326,0.0,0.0,2,0,0.0,1.0,1.0,0.0,0.0,0.0,1.0,0.0,0.0,0.0,9,1,2023,6,4,3,0,0,2,1,0,1,GRAVE_MORTALIDAD,2
3,1,14,2,4,1,-11.934414262248595,-77.06336424398062,0,0,7,1,2,2,2,0,6315.1294346734485,2.0,2,0,1.0,8,30,1534.8227077030645,0.6847680210889022,78.46781646108722,70.60250743171542,9.755272950473575,1450.4372695962504,96075.5771929814,7694.360347864369,1688.4325885719009,1550.209647300324,4455.718111992144,1835.1759269871682,5859.184420877202,23.8433523455357,3,1,0,0,1,36.64440485226624,34.74600346590446,38.542806238628025,1.0,0.0,0.0507993068191086,0.0507993068191086,1,0,0.0,0.9492006931808914,0.0,1.0,0.9492006931808914,0.0,1.0,0.0,0.0,0.0,16,2,2022,10,20,0,0,1,0,1,0,1,GRAVE_MORTALIDAD,2
3,1,5,0,4,1,-6.6754665090196035,-78.52261133143202,0,4,1,0,1,1,1,1,9369.667620668779,2.0,2,0,1.0,9,32,3390.0135657194073,0.3484871558022944,76.33677469666252,53.28672218475212,4.131981838863427,447.1658531581213,76209.5845824411,15935.565011852366,1733.9250000199986,935.692,13265.948011832368,2000.1670000199988,13935.398011832369,12.551591352627522,3,1,0,0,1,23.507521471963862,17.677698158880332,29.337344785047392,1.0,1.0,0.0,0.8328319018690757,1,0,0.0,1.0,0.0,0.8328319018690757,0.8328319018690757,0.0,1.0,0.8328319018690757,0.8328319018690757,0.8328319018690757,17,1,2023,2,17,4,0,1,2,1,0,1,GRAVE_MORTALIDAD,2
4,1,14,0,4,1,-6.96030666316158,-79.25933326544865,0,4,7,1,2,2,2,0,478.20658922198527,2.0,2,0,1.0,5,25,70.28063154550202,0.4722285920916106,78.32079370290535,52.12482840190113,6.641855021708015,732.1124758160811,12973.62842240122,8944.157188754496,1497.5322884555953,1465.1894235292323,5981.435476769668,1579.9992025637282,7364.157986190767,17.655444932679202,3,1,0,0,2,33.49337227438706,27.261881903542463,39.362431322615826,1.0,0.0,0.0,0.3624313226158291,1,0,0.0,0.6375686773841709,0.6375686773841709,0.3624313226158291,0.3624313226158291,0.0,0.6375686773841709,0.3624313226158291,0.6375686773841709,0.3624313226158291,15,1,2022,3,5,0,0,0,0,1,0,1,GRAVE_MORTALIDAD,2
6,1,4,0,4,0,-15.110039355165133,-73.3249984279388,0,4,0,0,1,2,2,2,6543.555,2.0,4,4,1.0,14,33,1198.0,0.4578683066864025,72.33689104177812,57.81657422723076,7.339985959842689,672.1602964185756,704.9221363381721,12678.733000000004,1805.074000000001,1774.0339999999994,9099.625000000004,2485.375000000001,10193.358000000002,19.602707936195205,4,1,0,0,3,40.590924263889846,40.590924263889846,40.590924263889846,1.0,0.863641421296616,0.0,1.0,1,0,0.0,0.13635857870338397,0.0,0.863641421296616,0.0,0.0,1.0,0.0,0.0,0.0,5,0,2021,10,26,0,0,1,2,1,0,1,GRAVE_MORTALIDAD,2
3,2,20,0,4,1,-16.169419962039626,-69.53414686026085,0,4,6,1,2,2,2,2,7586.903,2.0,2,0,1.0,9,5,1198.0,0.4138545322335047,72.42365757071663,75.18782800461412,7.422478928805024,440.156451811849,19964.802997858675,13642.312999999998,2020.7790000000005,2354.117,9267.416999999998,3314.0520000000006,10328.260999999997,24.29244952817019,3,2,0,0,1,26.201265684022303,23.66037970520669,28.74215166283792,1.0,1.0,0.0,0.0,2,0,0.0,0.11006328420111522,0.0,0.8899367157988848,1.0,0.8899367157988848,0.11006328420111522,0.0,0.8899367157988848,0.11006328420111522,15,2,2021,4,8,2,0,0,2,1,0,1,GRAVE_MORTALIDAD,2
3,1,13,0,4,1,-6.964153833390212,-79.68513843468901,0,4,7,1,2,1,0,0,6543.555,3.0,2,0,1.0,0,30,1475.0,0.5328313946151968,80.14557682903842,69.10246351364754,7.779461377421685,787.1306410578989,10221.605995717344,3459.691,515.0619999999999,689.7280000000001,2254.901,703.3549999999999,2756.336,20.329994788551925,25,1,0,0,23,56.68738206164247,46.974386720540814,66.40037740274411,1.0,0.0,0.0,0.0749528246569855,1,0,0.0,0.9250471753430145,0.9250471753430145,0.0,0.0,0.0,1.0,0.0,0.0,0.0,16,2,2021,3,22,1,0,1,0,1,1,1,GRAVE_MORTALIDAD,2
6,1,14,0,4,0,-14.035650737118912,-71.36360277469493,0,4,1,1,2,1,1,5,6543.555,2.0,4,4,1.0,14,33,1198.0,0.5860332408499795,66.09569885149926,72.6391735807744,8.49387984604082,1353.7359365109332,26797.267393118538,13287.372058263572,1941.3226644209558,2140.439665159829,9205.609728682788,3008.8034531483463,10278.568605115226,22.56495280018072,9,1,0,0,8,43.20891212292771,43.20891212292771,43.20891212292771,1.0,0.0,0.0,0.3683564849171084,1,0,0.0,0.0,0.0,0.0,0.0,0.0,1.0,0.0,1.0,0.0,12,1,2022,2,16,4,0,0,2,1,0,1,GRAVE_MORTALIDAD,2
3,2,3,0,4,1,-16.46531023274478,-71.93003744176004,0,4,7,1,2,1,1,0,6639.975,2.0,2,0,1.0,9,31,1616.0,0.6455852322566902,78.58826324858522,78.38415596279924,8.472481180514539,1258.6172876652156,2628.282655246253,10322.272,1495.236,1749.739,7077.2970000000005,2886.595,7435.677000000001,27.964725207783708,4,2,0,0,1,47.716904850080475,38.67365550886613,58.912185029553775,0.9456092514776888,0.9456092514776888,0.0,0.0,2,0,0.0,0.05439074852231118,0.0,1.0,0.9456092514776888,1.0,1.0,0.0,0.9456092514776888,0.9456092514776888,18,2,2022,9,28,4,0,1,0,1,0,1,GRAVE_MORTALIDAD,2
3,1,5,0,3,2,-9.387312238371027,-76.1676895026924,0,2,3,0,2,1,0,1,6543.555,2.0,4,4,1.0,14,33,1198.0,0.5469352610783249,75.7903732561218,69.64655594016394,7.979428919104211,911.5016308300794,52342.7328943472,16591.40263961148,1863.218470825334,1621.3626188769927,13106.821549909153,2312.7038324763585,14278.69880713512,13.846473097343445,2,1,0,0,0,49.01959413111136,49.01959413111136,49.01959413111136,1.0,0.6442567236508115,0.0,0.35574327634918845,1,0,0.0,0.0,0.6442567236508115,0.35574327634918845,0.6442567236508115,0.35574327634918845,0.0,0.6442567236508115,0.35574327634918845,0.0,12,1,2022,7,17,1,0,0,2,1,0,1,GRAVE_MORTALIDAD,2
3,1,19,0,4,2,-5.284542419124009,-80.63232108051315,0,4,1,1,1,2,2,0,6543.555,2.0,4,4,1.0,14,33,1198.0,0.5034350778485951,78.14388603810477,62.51585839041032,7.698619805954479,731.8176685454189,76220.84796573877,8965.846000060003,1782.4120000599992,636.9959999999999,6546.438000000004,2214.505000059999,6751.341000000004,24.699342371541725,4,2,0,0,2,21.053675435887744,16.46354222539439,25.643808646381096,1.0,1.0,0.025752345855243886,1.0,2,0,0.0,1.0,0.025752345855243886,0.9742476541447561,1.0,0.0,0.0,1.0,1.0,0.025752345855243886,14,2,2021,11,20,5,1,1,0,1,0,1,GRAVE_MORTALIDAD,2
3,1,17,1,4,1,-10.474191542835886,-75.59648280157198,5,4,6,1,5,2,2,0,7673.541630662312,2.069800654614629,2,0,1.0,8,20,2087.071169263574,0.4984365938311596,71.84770102746178,56.79913116265398,7.756853160304004,836.4553624605205,18616.415014923205,3661.9431860304853,561.1301225802104,895.4108886535771,2205.402174796699,598.7289682290894,3063.2142178013964,16.366460933777482,4,2,0,0,1,52.55697708848799,31.16239214462445,63.71936923311244,1.0,0.0,0.0,0.0,2,0,0.0,0.9301993453853711,0.9301993453853711,1.0,1.0,0.0,0.9301993453853711,1.0,0.9301993453853711,1.0,11,2,2022,4,19,3,0,1,1,1,0,1,GRAVE_MORTALIDAD,2
3,2,10,0,4,1,-14.331378675808763,-75.44092566377618,0,4,7,1,2,2,2,0,6639.975,2.0,2,0,1.0,9,31,1616.0,0.5835233323781404,78.05169899510217,68.29100136767933,8.841038426305303,998.1194738028605,27932.19700214133,3721.461,698.1859999999996,744.866,2278.409,1102.9029999999996,2618.558,29.636290693359403,3,2,0,0,1,36.89062458043983,32.22656145109957,41.55468770978008,1.0,0.0,0.0,0.4453122902199137,2,0,0.0,0.4453122902199137,0.5546877097800863,1.0,0.5546877097800863,0.4453122902199137,1.0,0.0,0.0,0.0,2,0,2021,7,20,2,0,1,0,1,0,1,GRAVE_MORTALIDAD,2
3,1,12,0,4,1,-7.624060135588924,-79.32452301208156,0,4,7,1,2,2,2,2,6543.555,3.0,2,0,1.0,0,30,1475.0,0.6033360405078032,80.04694452350688,64.9272758084739,8.972219187791184,1066.1206687579577,16527.65493789454,8931.828000000005,1335.5899999999997,1935.9830000000004,5660.255000000005,1219.309,7712.519000000005,13.651281686122925,11,1,0,0,9,38.03529040385004,38.03529040385004,38.03529040385004,1.0,0.0,0.0,0.0,1,0,0.7477943497593724,0.0,0.0,0.7477943497593724,0.0,0.0,1.0,0.0,0.0,0.7477943497593724,5,0,2023,6,23,0,0,0,0,1,1,1,GRAVE_MORTALIDAD,2
6,1,12,0,4,0,-7.714554976537706,-77.64906671437123,1,4,7,1,5,2,2,4,6543.555,2.0,4,4,1.0,14,33,1198.0,0.4686292122960986,72.39347765706144,42.14285241633188,6.687776775372348,878.2652317159998,9440.374732334049,8931.828000000005,1335.5899999999997,1935.9830000000004,5660.255000000005,1219.309,7712.519000000005,13.651281686122925,2,1,0,0,1,40.205171733990625,40.205171733990625,40.205171733990625,1.0,0.0,0.0,0.0,1,0,0.0,1.0,0.0,0.0,0.0,0.0,1.0,0.0,0.0,0.0,16,3,2022,3,11,6,1,0,0,1,0,1,GRAVE_MORTALIDAD,2
3,2,13,0,4,0,-12.475369081108436,-76.2288584137801,0,4,3,1,2,2,2,0,6600.073755793769,2.0,2,1,1.0,11,31,1443.0201194959072,0.6201084373222975,75.84969587686697,73.17599198767314,10.040844297390752,1107.481859732808,9446.808837837567,3703.1114196658477,642.8990644606067,813.5526688664804,2246.659686338761,891.0129920691192,2812.0984275967285,24.021791284748755,5,2,0,0,3,42.60320774275443,36.0,49.206415485508856,1.0,0.0,0.0,1.0,2,0,0.0,0.5861725346792042,0.0,1.0,0.0,0.5861725346792042,1.0,0.0,0.41382746532079584,0.0,18,2,2022,7,21,3,0,0,0,1,0,1,GRAVE_MORTALIDAD,2
3,2,10,1,4,1,-14.645579746966508,-75.1328903534928,0,3,7,1,2,2,2,0,6639.975,2.0,2,0,1.0,9,31,1616.0,0.5663691864379841,77.39303645563263,68.80378475924843,8.610969267600007,945.5206015493926,27932.19700214133,3721.461,698.1859999999996,744.866,2278.409,1102.9029999999996,2618.558,29.636290693359403,3,2,0,0,1,35.60208327958412,29.204166559168243,42.0,1.0,0.795833440831757,0.0,0.0,2,0,0.0,0.795833440831757,0.204166559168243,1.0,0.204166559168243,0.0,1.0,0.0,0.795833440831757,0.795833440831757,15,1,2022,3,26,0,0,1,0,1,0,1,GRAVE_MORTALIDAD,2
3,1,9,0,4,1,-8.893308726088268,-76.09714833102002,4,4,6,1,2,1,1,1,7758.33400008,2.0,2,0,1.0,9,20,2133.0,0.4488980782274319,72.32233236849576,48.83099256769076,6.808038769056246,716.252056011431,32955.28479657388,8209.057,1333.4779999999996,791.9770000000001,6083.602,1059.8589999999997,7149.198,12.910849565303296,3,1,0,0,2,28.508107345268606,23.719818739130524,33.29639595140669,1.0,0.9576577212276162,0.0,0.0,1,0,0.0,1.0,0.0,0.0,0.9576577212276162,0.0,1.0,0.0,0.9576577212276162,0.0,5,0,2021,2,12,3,0,0,2,1,0,1,GRAVE_MORTALIDAD,2
6,1,11,0,4,1,-11.700328350309436,-75.5665107173403,3,4,6,0,4,2,2,1,971.3045255055436,1.4202738429027753,1,1,0.42027384290277525,6,24,147.30410764354164,0.5130133142290018,74.15421706370444,60.50625989057082,7.3541326588119915,954.7020858418131,4669.672580684637,12264.545,1826.4639999999995,1105.5389999999998,9332.542,1588.5359999999996,10676.009,12.952261987705208,5,1,0,0,4,33.53644004226392,33.53644004226392,33.53644004226392,1.0,0.0,0.0,0.5797261570972247,1,0,0.5797261570972247,0.0,0.0,1.0,0.0,0.42027384290277525,0.5797261570972247,0.0,0.0,0.5797261570972247,6,0,2022,7,11,3,0,0,2,1,0,1,GRAVE_MORTALIDAD,2
3,1,13,0,2,2,-10.069609715599206,-78.03151187043359,0,4,7,1,4,2,2,1,6543.555,2.4529110702676107,3,2,1.0,7,31,1323.4563664641282,0.6231258836461568,79.89704353903667,66.82179376467127,8.663914465184716,1227.615214694434,12569.589786366787,8217.595195900421,1525.8746419170113,1751.668739573158,4940.051814410253,1545.1365655250002,6672.458630375422,19.202188100629236,3,2,0,0,1,32.55607804326053,30.282533578394336,34.829622508126725,1.0,0.5470889297323892,0.0,0.0,2,0,0.0,0.5470889297323892,0.5470889297323892,0.4529110702676108,1.0,0.4529110702676108,0.5470889297323892,0.0,0.5470889297323892,1.0,14,1,2022,8,19,1,0,0,0,1,0,1,GRAVE_MORTALIDAD,2
3,0,14,1,2,3,-11.721687396016673,-77.18666442957269,0,2,8,0,2,2,2,0,6275.058920942368,2.0,3,3,1.0,13,32,1144.950448979951,0.7094399618483422,79.92333048720737,74.68544124147002,10.4969422023675,1459.2316839620562,157039.23217509667,7694.971574134997,1688.4777661836974,1549.7706488963995,4456.723159054902,1835.3582773693963,5859.613296765602,23.843763835504454,3,2,0,0,1,31.897488790299423,31.794977580598843,32.0,1.0,0.0,0.0,1.0,2,0,0.0,0.948744395149711,0.051255604850289016,1.0,0.948744395149711,0.051255604850289016,1.0,0.0,0.948744395149711,0.0,21,2,2021,9,13,3,0,0,0,1,0,1,GRAVE_MORTALIDAD,2
3,1,7,0,4,1,-13.701538146853087,-71.65382708946028,0,4,0,1,2,1,0,1,7586.903,2.0,2,0,1.0,9,5,1198.0,0.4471039874646828,64.0264943803288,68.01766556687508,7.554296667143288,684.7071646521543,5625.425810973626,17779.13499998999,2097.3709999899997,2863.123,12818.640999999989,2878.713,14900.421999989989,16.19152450331032,10,1,0,0,8,41.63637055371054,39.75758036914036,43.51516073828072,1.0,0.0,0.0,0.9393950922850902,1,0,0.0,0.0,0.9393950922850902,1.0,0.0,0.0,1.0,0.0,0.0,0.0,22,2,2022,2,7,1,0,0,2,1,0,1,GRAVE_MORTALIDAD,2
3,2,14,0,4,0,-8.100266626698609,-78.63739222828119,0,4,7,1,2,1,0,0,6543.555,2.6853953434460056,2,1,1.0,4,30,1387.8545101345435,0.5562294798028348,78.7275118948737,72.7797770546941,8.599629558023015,844.8243080063096,10403.092462250512,3528.0951327690404,530.6427956158365,759.2924378432497,2238.1598993099547,667.9692120447762,2860.1259207242642,18.989479754535374,16,2,0,0,14,50.837116182028105,42.85395343446006,58.82027892959615,1.0,0.0,0.0,0.3146046565539943,2,0,0.0,0.6853953434460057,0.6853953434460057,0.3146046565539943,0.0,0.0,1.0,0.0,0.3146046565539943,0.0,16,3,2021,2,19,2,0,0,0,1,0,1,GRAVE_MORTALIDAD,2
3,1,10,0,4,1,-11.263692312285858,-74.64513503548758,0,4,6,0,2,1,1,0,5787.955498933272,2.0,3,1,0.02496622212005717,9,32,385.7968630260076,0.39316184232686063,73.53537136992686,58.386327059862374,6.871498637099714,442.10742988128226,27488.46258122776,12274.885709607463,1825.9299725088515,1122.2287946561473,9326.726942442463,1610.9266816799295,10663.959027927533,13.118298498452644,3,1,0,0,1,39.49932444240115,26.823885329961886,52.1747635548404,1.0,0.9750337778799428,0.0,1.0,1,0,0.0,0.0,0.0,0.9750337778799428,0.9750337778799428,0.9750337778799428,0.02496622212005717,0.0,1.0,0.0,21,2,2021,5,27,4,0,0,2,1,0,1,GRAVE_MORTALIDAD,2
3,1,16,0,4,1,-16.70879662406728,-72.23036481814252,4,4,6,1,5,1,1,0,2718.385591714542,2.1714341767105427,2,0,1.0,7,31,578.4917792008073,0.6745410525248847,78.48572785688735,72.97507620883079,10.325307226276312,1320.0229702602762,68155.92056384812,3750.995473825771,678.2548855827404,1022.3779871474856,2050.3626010955454,1029.0391447834036,2721.956329042368,28.42237680479077,15,2,0,0,13,43.771421097719276,40.97139493973674,47.02860506026326,1.0,0.0,0.0,0.17143417671054273,2,0,0.0,0.17143417671054273,0.0,0.8285658232894573,0.0,0.8285658232894573,1.0,0.0,0.0,0.0,18,2,2024,10,10,4,0,0,0,1,0,1,GRAVE_MORTALIDAD,2
3,2,10,1,4,1,-14.830092129970033,-74.9900770620465,0,3,7,1,2,1,0,1,6639.975,2.0,2,0,1.0,9,31,1616.0,0.5563774842369664,77.00938809632027,69.10246351364754,8.476961866273152,914.8835608305218,27932.19700214133,3721.461,698.1859999999996,744.866,2278.409,1102.9029999999996,2618.558,29.636290693359403,4,2,0,0,2,41.005315500424416,39.37136800061732,42.639263000231495,1.0,0.0,0.5464210000771659,1.0,2,0,0.0,0.4535789999228341,0.5464210000771659,1.0,0.0,0.4535789999228341,1.0,0.0,0.0,0.0,12,1,2021,7,21,5,1,1,0,1,0,1,GRAVE_MORTALIDAD,2
5,1,7,0,4,1,-13.246285128561453,-72.12735588491809,3,4,3,0,2,0,1,2,3447.8009999999995,1.0,2,3,0.0,9,12,1109.0,0.41002810786218125,76.38925242645485,59.92821349744185,6.219315818837323,510.1401365428734,4290.151169948551,17779.13499998999,2097.3709999899997,2863.123,12818.640999999989,2878.713,14900.421999989989,16.19152450331032,3,1,0,0,2,46.263571601519686,46.263571601519686,46.263571601519686,1.0,0.5451275571971318,0.0,0.0,1,0,0.4548724428028682,0.0,0.0,1.0,0.4548724428028682,0.0,0.5451275571971318,0.4548724428028682,0.0,0.4548724428028682,18,2,2023,9,4,1,0,0,2,1,0,1,GRAVE_MORTALIDAD,2
8,1,19,1,2,3,-5.18916384972063,-80.66136618167731,0,3,8,1,2,2,2,0,6543.555,2.314299457066356,3,2,1.0,9,32,1285.0609496073807,0.6398307618817374,78.63635707041752,75.73265377201305,10.82497019764939,1077.7048396738273,180467.303231142,8965.846000060003,1782.4120000599992,636.9959999999999,6546.438000000004,2214.505000059999,6751.341000000004,24.699342371541725,3,1,0,0,2,28.600288598393476,24.200096199464493,33.00048099732246,1.0,0.6857005429336439,0.6857005429336439,1.0,1,0,0.0,0.3142994570663561,0.0,1.0,0.6857005429336439,0.3142994570663561,0.3142994570663561,0.0,1.0,0.0,15,1,2023,4,1,2,0,0,0,1,0,1,GRAVE_MORTALIDAD,2