CLASE SINIESTRO,CANTIDAD DE VEHICULOS DAÑADOS,DEPARTAMENTO,ZONA,TIPO DE VÍA,RED VIAL,COORDENADAS LATITUD,COORDENADAS  LONGITUD,CONDICIÓN CLIMÁTICA,ZONIFICACIÓN,CARACTERÍSTICAS DE VÍA,PERFIL LONGITUDINAL VÍA,SUPERFICIE DE CALZADA,¿EXISTE SEÑAL VERTICAL?,¿EXISTE SEÑAL HORIZONTAL?,CAUSA FACTOR PRINCIPAL,MTC_RVN_LONGITUD_KM,MTC_RVN_N_CARRILES_MEDIANA,MTC_RVN_SUPERFICIE_DOMINANTE,MTC_RVN_ESTADO_DOMINANTE,MTC_RVN_ES_CONCESIONADA,MTC_RVN_CONCESION_PRINCIPAL,MTC_RVN_CORREDOR_LOGISTICO,MTC_RVN_N_TRAMOS,IDH_2019,IDH_ESP_VIDA_2019,IDH_EDUC_SECUND_PCT_2019,IDH_ANIOS_EDUC_2019,IDH_INGRESO_PERCAP_2019,IDH_POBLACION_2019,MTC_DEP_RED_TOTAL_KM,MTC_DEP_NACIONAL_TOTAL_KM,MTC_DEP_DEPARTAMENTAL_TOTAL_KM,MTC_DEP_VECINAL_TOTAL_KM,MTC_DEP_PAV_TOTAL_KM,MTC_DEP_NO_PAV_TOTAL_KM,MTC_DEP_PCT_PAVIMENTADA,PER_TOTAL_PERSONAS,PER_N_CONDUCTORES,PER_N_CONDUCTORES_FUGADOS,PER_N_PEATONES,PER_N_PASAJEROS_OCUPANTES,PER_EDAD_COND_PROM,PER_EDAD_COND_MIN,PER_EDAD_COND_MAX,PER_ANY_COND_MASCULINO,PER_ANY_LIC_PROBLEMA,PER_ANY_DOSAJE_POS,PER_ANY_DOSAJE_EVALUADO,VEH_TOTAL,VEH_N_FUGADOS,VEH_ANY_FUGADO,VEH_ANY_CARGA,VEH_ANY_PUBLICO,VEH_ANY_PARTICULAR,VEH_ANY_MOTO,VEH_ANY_AUTO,VEH_ANY_CAMION_BUS,VEH_ANY_SOAT_PROBLEMA,VEH_ANY_CITV_PROBLEMA,VEH_ANY_SEGURO_PROBLEMA,HORA_NUM,FRANJA_HORARIA,ANIO,MES,DIA_MES,DIA_SEMANA,ES_FIN_SEMANA,ES_QUINCENA,REGION_NATURAL,TIENE_SEÑALIZACION,ES_VIA_MULTICARRIL,ES_DEPTO_BAJO_PAVIMENTO,CATEGORIA_SEVERIDAD,CATEGORIA_SEVERIDAD_ENC
3,0,14,2,2,4,-12.143182948255514,-76.99601567305533,0,0,6,1,2,1,1,1,6543.555,2.0,4,4,1.0,14,33,1198.0,0.7486147603461687,79.73829887872486,76.52714124911888,11.261884060681838,1625.3990527077779,335738.318344936,7626.313,1683.4029999999998,1599.0829999999996,4343.827000000001,1814.875,5811.438000000001,23.797541485643197,3,2,0,0,1,29.667230546719164,26.71829572105795,32.61616537238038,1.0,0.9102130348677566,0.9102130348677566,0.9102130348677566,2,0,0.0,0.08978696513224338,0.0,0.9102130348677566,0.9102130348677566,0.9102130348677566,0.08978696513224338,0.08978696513224338,1.0,0.0,18,1,2021,1,7,2,0,0,0,1,0,1,GRAVE_MORTALIDAD,2
4,1,12,0,4,1,-7.496340033673046,-78.40022963384749,0,4,7,1,5,2,2,0,6543.555,2.3609678410850794,3,2,1.0,8,31,1297.9880919805669,0.293978013184625,76.91908681374636,36.65171285968846,4.273852445984374,389.2435849380211,13087.95548086479,8931.828000000005,1335.5899999999997,1935.9830000000004,5660.255000000005,1219.309,7712.519000000005,13.651281686122925,5,1,0,0,4,30.917096476744764,30.195160794574605,31.639032158914922,1.0,0.0,0.0,0.0,1,0,0.0,0.6390321589149208,0.0,0.3609678410850792,0.3609678410850792,0.3609678410850792,0.6390321589149208,0.0,0.0,0.3609678410850792,11,0,2022,10,20,2,0,0,0,1,0,1,GRAVE_MORTALIDAD,2
6,1,13,0,4,1,-11.032874102709787,-77.26760842310591,0,4,6,1,2,1,0,2,288.31105684022896,1.9535350978515087,1,0,0.0,9,2,85.20218639651932,0.6145427237839207,75.80851860132718,63.61935150563342,7.837968256497382,1341.1052474539208,24737.32271079864,7653.39014293762,1667.1437691156889,1561.5808986865395,4424.665475135393,1779.7932554394547,5873.596887498166,23.291692410843837,2,1,0,0,1,48.69898273984225,48.69898273984225,48.69898273984225,1.0,0.9535350978515088,0.0,0.0,1,0,0.0,0.0,0.046464902148491194,0.9535350978515088,1.0,0.0,0.0,1.0,0.046464902148491194,1.0,19,1,2023,6,5,2,0,0,0,1,0,1,GRAVE_MORTALIDAD,2
5,1,5,0,4,1,-6.69434591005539,-79.28557661209486,0,4,0,1,2,2,2,0,915.3197854263198,2.0,2,2,0.11838436012200237,8,8,210.54178531231383,0.4360308152998599,71.31351824398782,66.43101448645525,5.731101024802985,660.5400456805713,7114.858242532242,15935.565011852366,1733.9250000199986,935.692,13265.948011832368,2000.1670000199988,13935.398011832369,12.551591352627522,35,1,0,0,34,52.513928437437954,51.80362227670594,53.224234598169964,1.0,0.11838436012200237,0.11838436012200237,0.11838436012200237,1,0,0.0,0.0,0.8816156398779976,0.11838436012200237,0.11838436012200237,0.11838436012200237,0.8816156398779976,0.0,0.11838436012200237,0.11838436012200237,16,2,2022,8,24,5,1,1,2,1,0,1,GRAVE_MORTALIDAD,2
6,1,7,0,4,2,-13.60702008897043,-71.76399096170356,0,4,5,1,4,1,0,4,6543.555,2.0,4,4,1.0,14,33,1198.0,0.41054200081968617,71.60739034983041,65.41192793152968,6.6269511894870785,525.2110780643733,4434.82906943782,17779.13499998999,2097.3709999899997,2863.123,12818.640999999989,2878.713,14900.421999989989,16.19152450331032,3,1,0,0,2,46.57050224916131,46.57050224916131,46.57050224916131,1.0,0.0,0.41550020446920977,0.41550020446920977,1,0,0.0,0.0,0.0,0.41550020446920977,0.0,0.41550020446920977,0.0,0.0,0.0,0.5844997955307902,20,2,2023,9,9,5,1,0,2,1,0,1,GRAVE_MORTALIDAD,2
5,1,12,0,4,1,-11.61615337231305,-74.07061675749829,0,4,1,0,1,2,2,0,6716.9678355927435,2.0,3,3,1.0,13,28,1198.0,0.4624536310770306,77.4905161390542,57.66086574590457,7.254152225537016,631.5319972192189,62170.29987252203,12493.54113136647,1858.7607170572078,1313.0627135056723,9321.717700803587,1875.3306480183485,10618.21048334812,14.837092435020516,2,1,0,0,1,42.337919509188275,39.844798772970684,43.83379195091883,1.0,1.0,0.0,0.0,1,0,0.0,0.0,0.1662080490811727,1.0,0.0,1.0,0.1662080490811727,1.0,0.1662080490811727,0.1662080490811727,2,0,2021,4,15,0,0,0,2,1,0,1,GRAVE_MORTALIDAD,2
6,1,12,0,4,1,-7.816950100460484,-77.6793128230221,0,4,7,1,3,2,2,0,1688.589,1.0,1,3,0.0,9,32,287.0,0.3751441748156288,72.8266496023979,37.70954248974468,5.410290865320019,635.0868858466911,9312.120557756687,8931.828000000005,1335.5899999999997,1935.9830000000004,5660.255000000005,1219.309,7712.519000000005,13.651281686122925,4,1,0,0,3,23.927732830970903,23.927732830970903,23.927732830970903,1.0,0.0,0.0,0.0,1,0,0.0,0.0,0.0,1.0,0.0,0.642577610323634,0.35742238967636597,0.0,0.35742238967636597,0.0,8,0,2023,8,7,2,0,0,0,1,0,1,GRAVE_MORTALIDAD,2
5,1,14,2,5,4,-11.957965050938302,-76.9911694679939,0,2,1,1,2,2,2,1,6543.555,2.0,4,4,1.0,14,33,1198.0,0.701053025277506,79.62867561460851,73.1469484600971,10.064317505194426,1464.6926161541437,1150285.0494171206,7626.313,1683.4029999999998,1599.0829999999996,4343.827000000001,1814.875,5811.438000000001,23.797541485643197,2,1,0,0,0,41.50740121244918,41.50740121244918,41.50740121244918,1.0,0.9214421690762729,0.0,0.0,1,0,0.0,0.0,0.07855783092372715,0.9214421690762729,1.0,0.0,0.0,0.0,0.07855783092372715,0.0,22,2,2024,1,10,3,0,0,0,1,0,1,GRAVE_MORTALIDAD,2
3,1,10,0,4,1,-8.692217575232439,-78.21460191556088,0,4,6,0,1,2,2,1,6543.555,2.74056472325951,2,1,1.0,3,30,1403.1364283428843,0.4734408117102208,77.05147839589262,58.310731998533,6.218983601755652,754.0321730011722,24709.469487593025,8822.760890787747,1364.0767716919356,1954.8006189278183,5503.883500167994,1390.6063301734434,7432.1545606143045,15.838769287835257,3,1,0,0,1,38.110847084889265,29.29717638370245,46.66508250933559,1.0,0.74056472325951,0.0,0.0,1,0,0.0,0.74056472325951,0.74056472325951,0.25943527674049005,0.74056472325951,0.25943527674049005,0.74056472325951,0.0,0.0,0.74056472325951,4,0,2021,11,22,3,0,1,0,1,0,1,GRAVE_MORTALIDAD,2
3,1,19,0,4,1,-5.883362602054489,-79.53746737862885,0,4,6,0,2,1,1,0,305.38500000000005,2.0,2,0,1.0,1,20,50.0,0.2117580020098525,65.37756662211437,42.30794939557186,3.975264599118591,171.62326554814578,38712.25053533191,8965.846000060003,1782.4120000599992,636.9959999999999,6546.438000000004,2214.505000059999,6751.341000000004,24.699342371541725,7,1,0,0,5,56.69327824922756,50.81018311746531,62.57637338098981,1.0,0.0,0.0,1.0,1,0,0.0,0.9050915587326538,1.0,0.0,0.0,0.0,1.0,0.0,0.0,0.0,6,0,2022,1,14,3,0,0,0,1,0,1,GRAVE_MORTALIDAD,2
8,1,2,0,4,0,-13.581785553337355,-73.46484327076543,1,4,2,1,2,2,2,3,6543.555,2.0,4,4,1.0,14,33,1198.0,0.241310185459975,70.83483413046108,58.5191389199668,4.887115219495449,162.12128067173168,8997.351177730192,8358.971,1282.451,1298.0969999999998,5778.423,1432.683,6926.288,17.139466089785454,3,1,0,0,2,41.405917219430286,41.405917219430286,41.405917219430286,1.0,0.0,0.0,0.0,1,0,0.0,0.0,0.0,1.0,0.0,1.0,0.0,0.0,0.0,0.0,7,1,2022,6,10,4,0,0,2,1,0,1,GRAVE_MORTALIDAD,2
3,2,10,1,4,1,-14.814078873450457,-74.97913231546441,0,3,7,1,2,2,2,0,6639.975,2.0,2,0,1.0,9,31,1616.0,0.5563774842369664,77.00938809632027,69.10246351364754,8.476961866273152,914.8835608305218,27932.19700214133,3721.461,698.1859999999996,744.866,2278.409,1102.9029999999996,2618.558,29.636290693359403,3,2,0,0,1,36.24339948535443,30.784158764850627,41.70264020585823,1.0,0.7026402058582288,0.0,0.29735979414177116,2,0,0.0,1.0,0.0,1.0,0.0,0.29735979414177116,1.0,0.0,0.7026402058582288,0.7026402058582288,12,1,2021,5,28,2,0,1,0,1,0,1,GRAVE_MORTALIDAD,2
6,1,13,0,4,0,-6.876257177243829,-79.7941396763757,0,4,7,1,2,2,2,0,6543.555,2.9334723917891448,2,0,1.0,0,30,1456.5718525255932,0.558801883181353,80.2227017285797,65.83572232697524,9.032408326093343,842.424196606203,16291.454026738034,3459.691,515.0619999999999,689.7280000000001,2254.901,703.3549999999999,2756.336,20.329994788551925,2,1,0,0,1,23.32638041054276,23.32638041054276,23.32638041054276,1.0,0.06652760821085524,0.0,0.0,1,0,0.0,0.06652760821085524,0.0,0.9334723917891448,1.0,0.0,0.0,1.0,0.06652760821085524,1.0,4,0,2022,2,24,3,0,1,0,1,0,1,GRAVE_MORTALIDAD,2
3,3,2,0,3,1,-14.983434298692845,-73.22641685591435,0,4,7,1,2,0,1,0,6617.721779468404,2.0,2,0,1.0,10,31,1519.5278346587097,0.5941372854546269,74.82724144179844,73.46689912866051,9.517715743872271,1039.2022741931391,21538.581677515922,10425.062399787183,1585.2059875562181,1628.106063076947,7211.750349154018,2705.1322417609563,7719.930158026227,26.0125086134122,5,3,0,0,2,38.6407290375238,31.9225176136163,47.84602673036734,1.0,1.0,0.0,0.0,3,0,0.0,0.7692053460734682,0.0,1.0,0.23079465392653176,0.23079465392653176,0.7692053460734682,0.23079465392653176,0.23079465392653176,0.23079465392653176,19,2,2023,4,14,2,0,0,0,1,0,1,GRAVE_MORTALIDAD,2
3,1,5,1,4,1,-6.966520430395042,-78.40271241187972,1,4,7,1,1,2,2,0,2582.1770249998294,1.0,1,3,0.0,9,32,1115.2394554878147,0.28024525428529073,76.73597513273019,44.577137722914934,3.636799643662335,298.2478789565027,20815.783975901377,15935.565011852366,1733.9250000199986,935.692,13265.948011832368,2000.1670000199988,13935.398011832369,12.551591352627522,2,1,0,0,1,24.614160799888854,23.698488567627205,25.529833032150506,1.0,0.9156722322616498,0.0,0.08432776773835016,1,0,0.0,0.08432776773835016,0.0,0.9156722322616498,0.9156722322616498,0.9156722322616498,0.08432776773835016,0.0,0.9156722322616498,0.0,18,2,2022,4,10,6,1,0,2,1,0,1,GRAVE_MORTALIDAD,2
4,1,7,0,4,2,-14.304129958183081,-71.29578675412763,4,4,1,0,5,1,0,1,6543.555,2.0,4,4,1.0,14,33,1198.0,0.33883647276537865,70.11359013298076,62.32472928797785,5.79920555839996,342.98358939913805,4894.597384151191,17779.13499998999,2097.3709999899997,2863.123,12818.640999999989,2878.713,14900.421999989989,16.19152450331032,3,1,0,0,1,27.808157246116448,26.84894347669869,28.767371015534206,0.38368550776710364,0.6163144922328964,0.0,0.38368550776710364,1,0,0.0,0.38368550776710364,0.6163144922328964,0.38368550776710364,0.6163144922328964,0.38368550776710364,0.38368550776710364,0.6163144922328964,0.0,0.6163144922328964,10,2,2022,5,20,6,1,1,2,1,0,1,GRAVE_MORTALIDAD,2
6,1,12,0,4,2,-7.731240634026796,-78.16725278903785,0,4,0,0,1,2,2,2,6543.555,2.0,4,4,1.0,14,33,1198.0,0.26457120276274065,78.86689072167808,43.06160790049154,3.8994816613292245,370.69952783988265,18784.80509970975,8931.828000000005,1335.5899999999997,1935.9830000000004,5660.255000000005,1219.309,7712.519000000005,13.651281686122925,5,1,0,0,4,37.75371398118947,36.768569905947345,38.492572037621066,0.7537139811894684,0.0,0.0,0.7537139811894684,1,0,0.0,0.0,0.0,1.0,0.0,0.24628601881053158,0.7537139811894684,0.24628601881053158,0.24628601881053158,0.24628601881053158,12,1,2021,1,11,3,0,0,0,1,0,1,GRAVE_MORTALIDAD,2
3,1,8,0,4,1,-13.086043030091968,-74.86023834279295,0,4,4,1,2,2,2,1,380.16972266718966,1.0,0,3,0.0,9,32,51.84737098489568,0.2804103058212638,71.1377544110842,47.01924965454365,4.675900173389109,266.11102322121474,3457.2115542747897,8511.426,1445.3929999999996,2008.516,5057.516999999999,1879.579,6631.846999999998,22.08300935706896,7,1,0,0,6,35.11436526359585,35.11436526359585,35.11436526359585,1.0,1.0,0.0,0.6906797711480066,1,0,0.0,0.3093202288519934,0.0,0.6906797711480066,0.0,0.6906797711480066,1.0,0.0,0.0,0.0,2,0,2021,4,12,5,1,0,2,1,0,1,GRAVE_MORTALIDAD,2
6,1,12,0,4,1,-8.8718027814547,-78.63746415082619,0,4,7,1,2,2,2,3,6543.555,3.0,2,0,1.0,0,30,1475.0,0.4867987483268106,77.5825534369154,52.95148122709723,6.150547060309878,840.5788229266196,9838.736616702356,8931.828000000005,1335.5899999999997,1935.9830000000004,5660.255000000005,1219.309,7712.519000000005,13.651281686122925,7,1,0,0,6,27.20967074011493,27.20967074011493,27.20967074011493,1.0,0.5967764199616896,0.0,0.4032235800383104,1,0,0.0,0.0,0.0,0.5967764199616896,0.0,0.5967764199616896,0.4032235800383104,0.0,0.5967764199616896,0.0,10,1,2022,5,26,3,0,1,0,1,1,1,GRAVE_MORTALIDAD,2
1,1,6,1,6,2,-11.065274181853853,-76.6758158245732,0,4,3,1,4,2,2,2,6543.555,2.4984243000820516,3,2,1.0,7,31,1336.0635311227284,0.5434394019403723,75.46805689984404,69.31736314677605,8.8143624711427,846.6532685990971,25876.470378053313,11518.455160480076,1855.6711655605081,1163.945356332215,8498.838638587355,1843.6330457520944,9674.822114727984,16.21883010388401,3,1,0,1,0,38.21769815168206,36.473213101394876,39.96218320196924,1.0,0.49842430008205163,0.0,0.5015756999179484,1,0,0.0,0.5015756999179484,0.49842430008205163,0.49842430008205163,0.0,0.0,1.0,0.0,0.0,0.0,6,1,2022,8,13,1,0,0,1,1,0,1,GRAVE_MORTALIDAD,2
3,1,20,0,4,1,-15.662675163664566,-70.36459728762054,0,4,6,0,2,1,1,2,1504.4250000000002,2.0,2,0,1.0,7,25,241.0,0.4387767884413746,74.08026937973001,72.73571788884047,7.487249530915593,506.6407671536068,4885.396145610278,13642.312999999998,2020.7790000000005,2354.117,9267.416999999998,3314.0520000000006,10328.260999999997,24.29244952817019,5,1,0,0,3,43.17852416233913,37.80949579990467,48.54755252477359,1.0,0.0,0.0,0.02381302501191629,1,0,0.0,0.0,0.0,1.0,0.0,0.9761869749880837,1.0,0.9761869749880837,0.02381302501191629,0.9761869749880837,16,2,2022,4,6,3,0,0,2,1,0,1,GRAVE_MORTALIDAD,2
3,1,6,0,4,1,-10.783122249142425,-74.25298246350953,0,4,2,1,1,0,0,2,2559.636558288656,1.0,1,3,0.0,9,18,792.1372311849165,0.40559296595825156,73.17337529699523,53.49751374244551,6.765551145667015,534.7146923639544,22993.12034636335,17195.559884160142,1982.3235415831452,2253.0019976423323,12960.234344934663,2600.612582332588,14594.947301827553,15.039317413972494,2,1,0,0,1,40.01437822925733,37.9640168970348,42.064739561479854,1.0,0.0,0.0,0.3165462225924911,1,0,0.0,0.3165462225924911,0.0,0.6834537774075089,0.6834537774075089,0.0,0.3165462225924911,0.0,0.6834537774075089,0.6834537774075089,19,2,2024,8,21,5,1,1,2,0,0,1,GRAVE_MORTALIDAD,2
4,1,19,0,4,1,-5.846211475734195,-79.49253978106935,0,4,2,0,2,1,0,3,305.38500000000005,2.0,2,0,1.0,1,20,50.0,0.2117580020098525,65.37756662211437,42.30794939557186,3.975264599118591,171.62326554814578,38712.25053533191,8965.846000060003,1782.4120000599992,636.9959999999999,6546.438000000004,2214.505000059999,6751.341000000004,24.699342371541725,4,1,0,0,3,44.07198385786012,41.63161664501869,46.512351070701555,1.0,0.0,0.0,1.0,1,0,0.0,0.37544110966791266,0.37544110966791266,0.6245588903320873,0.0,0.0,1.0,0.0,0.6245588903320873,0.0,13,2,2022,4,15,1,0,0,0,1,0,1,GRAVE_MORTALIDAD,2
6,1,9,0,4,1,-12.423022678826381,-75.15103004612577,0,4,0,0,5,2,2,2,6543.555,2.0,4,4,1.0,14,33,1198.0,0.2930509810581292,70.94119137660543,55.14070415453645,5.561751601417347,283.02241284352283,499.2372169893875,12347.352185314947,1822.187570712124,1239.188911023774,9285.975703579048,1767.8379432496135,10579.514242065332,14.281862821345111,4,1,0,0,3,24.19845792638577,24.19845792638577,24.19845792638577,1.0,0.19992656792313201,0.0,0.19992656792313201,1,0,0.0,0.0,0.0,1.0,0.0,0.800073432076868,0.19992656792313201,0.0,0.0,0.0,3,0,2021,10,16,3,0,0,2,1,0,1,GRAVE_MORTALIDAD,2
6,1,5,0,4,2,-5.738166740294004,-79.04217076698171,0,4,0,0,1,2,2,2,6543.555,2.0,4,4,1.0,14,33,1198.0,0.33006648820684664,75.26572472637784,42.38763184727133,5.2490383994052,365.4224184279297,9202.142398888629,15935.565011852366,1733.9250000199986,935.692,13265.948011832368,2000.1670000199988,13935.398011832369,12.551591352627522,2,1,0,0,1,68.88374890887206,68.88374890887206,68.88374890887206,1.0,0.8845832929211878,0.0,1.0,1,0,0.0,1.0,0.0,0.0,0.0,0.0,1.0,0.0,0.11541670707881224,0.0,12,3,2023,8,19,4,0,1,2,1,0,1,GRAVE_MORTALIDAD,2
3,3,11,0,4,1,-14.279551177621661,-75.21963601064209,0,4,7,1,2,1,1,0,1710.5589314992858,2.0,2,2,1.0,9,25,324.76720364231284,0.5485548305978016,73.20893596306793,71.30028282376728,7.946853865889662,949.065406286234,5947.589601855152,3587.36368023958,689.7319843653397,712.6210798216183,2185.0106160526216,1098.6203316439644,2488.743348595615,30.974069977988027,9,3,0,0,5,48.70370158347988,46.74426545256238,51.12169160724753,1.0,0.12522055951683142,0.0,0.8747794404831686,3,0,0.0,0.8747794404831686,0.0,1.0,0.8747794404831686,1.0,0.12522055951683142,0.0,1.0,0.8747794404831686,18,2,2021,9,3,0,0,0,0,1,0,1,GRAVE_MORTALIDAD,2
3,1,12,0,4,2,-11.19478171660836,-77.03095787477478,0,4,2,0,1,2,2,1,6543.555,2.0,4,4,1.0,14,33,1198.0,0.5774901731981327,78.48003197532444,62.69710828421196,7.6443207720546,1112.8555496072513,24664.202677022615,7803.825047879557,1635.6693857430478,1681.1960073781206,4486.959654758389,1827.8515798785002,5975.973468001058,23.45368696164625,3,1,0,0,1,54.18811097632677,47.3900463987852,60.78562257602307,1.0,0.7994470221547335,0.0,0.0,1,0,0.0,0.7994470221547335,0.0,0.2005529778452665,0.7994470221547335,0.2005529778452665,0.7994470221547335,0.0,0.7994470221547335,0.7994470221547335,1,0,2022,2,26,4,0,1,0,1,0,1,GRAVE_MORTALIDAD,2
6,1,3,0,4,0,-16.542273944046393,-71.70811000436956,0,4,5,0,2,0,1,0,6543.555,2.0,4,4,1.0,14,33,1198.0,0.6105481451420971,78.10653088113892,68.35418098658066,8.411557426919764,1158.5430895193692,35025.678800856535,10322.272,1495.236,1749.739,7077.2970000000005,2886.595,7435.677000000001,27.964725207783708,5,1,0,0,4,44.026778790061066,44.026778790061066,44.026778790061066,1.0,0.7837729908722203,0.0,0.0,1,0,0.0,0.0,0.2162270091277797,0.7837729908722203,0.0,0.7837729908722203,0.2162270091277797,0.0,0.0,0.0,12,2,2024,2,12,3,0,0,0,1,0,1,GRAVE_MORTALIDAD,2
7,1,6,0,4,1,-13.571618484626983,-74.28483561164374,1,4,6,1,3,1,0,0,1833.0928731996692,1.6912118093865405,1,3,0.6912118093865404,9,26,451.1755920605357,0.3112849469008478,71.97383028226328,52.19397064523039,4.830249998363881,324.2937396082075,3585.2889375109835,8464.349696400024,1395.0784346450614,1789.1470024125765,5280.124259342386,1741.5827927676073,6722.766903632416,20.556501576345134,5,1,0,0,4,33.9121180938654,33.9121180938654,33.9121180938654,1.0,0.0,0.0,0.0,1,0,0.0,0.0,0.30878819061345963,0.6912118093865404,0.0,1.0,0.0,0.0,0.0,0.0,8,1,2024,5,18,4,0,0,2,1,0,1,GRAVE_MORTALIDAD,2
6,1,11,0,4,1,-11.552259605938586,-75.87615644173394,0,4,0,0,2,0,1,1,7586.903,2.0,2,0,1.0,9,5,1198.0,0.6211711217784234,75.51508523355102,70.90101252241288,10.049671623026311,1128.403546167389,8996.89721627409,12264.545,1826.4639999999995,1105.5389999999998,9332.542,1588.5359999999996,10676.009,12.952261987705208,4,1,0,0,3,32.44255377074597,32.44255377074597,32.44255377074597,1.0,0.0,0.0,0.6030395550532833,1,0,0.0,0.0,0.0,1.0,0.0,1.0,0.0,0.6030395550532833,1.0,0.6030395550532833,17,2,2022,7,19,3,0,0,2,1,0,1,GRAVE_MORTALIDAD,2
4,1,2,2,3,2,-13.61296901855428,-73.47196651432684,1,2,4,0,1,1,0,2,6941.079388954858,2.0,3,2,1.0,12,22,1198.0,0.4978973760212293,77.98881524404872,70.3861009201328,7.45268751490994,705.7731356237298,27401.367332377133,8358.971,1282.451,1298.0969999999998,5778.423,1432.683,6926.288,17.139466089785454,5,1,0,0,3,27.23974884139165,23.239160270726824,31.240337412056473,1.0,0.6189915646985882,0.0,0.0,1,0,0.0,0.0,0.3810084353014118,1.0,0.3810084353014118,0.6189915646985882,0.3810084353014118,0.0,0.0,0.0,8,0,2023,4,9,4,0,0,2,1,0,1,GRAVE_MORTALIDAD,2
6,1,11,0,4,1,-9.00780603093776,-78.41536411000519,0,4,6,1,2,1,1,5,6605.349059315558,2.940773299689501,2,0,1.0,0,28,1458.5942040139917,0.4874510647369512,77.49998619572584,54.266729131064224,6.273172402137121,829.080138857706,9853.168147070091,8906.92897673607,1342.0932693741934,1940.2788902536217,5624.556817108255,1258.4146134140133,7648.514363322057,14.150665093989787,11,1,0,0,10,29.76994710403649,29.76994710403649,29.76994710403649,1.0,0.0,0.0,1.0,1,0,0.0,0.0,0.0,0.059226700310499036,0.0,0.059226700310499036,0.940773299689501,0.0,0.0,0.0,14,2,2022,10,22,5,1,0,0,1,0,1,GRAVE_MORTALIDAD,2
5,1,20,0,4,1,-14.542714513229958,-69.45464947702149,0,4,1,0,5,1,1,5,1704.9321787504,2.0,1,0,0.22408846719269404,8,30,430.32241400498265,0.46450029672013804,74.69193394227203,73.94333057847655,7.598938877662173,579.1797321326587,7642.4606414547525,13642.312999999998,2020.7790000000005,2354.117,9267.416999999998,3314.0520000000006,10328.260999999997,24.29244952817019,2,1,0,0,1,39.02519430710137,34.207292262458445,43.84309635174429,1.0,0.775911532807306,0.0,0.22408846719269404,1,0,0.0,0.22408846719269404,0.0,1.0,0.0,1.0,0.22408846719269404,0.0,1.0,0.0,7,1,2021,6,9,1,0,0,2,1,0,1,GRAVE_MORTALIDAD,2
3,1,0,0,4,0,-5.8296525148012055,-78.33639240624082,0,4,7,1,1,2,2,0,7602.918910848265,2.0,2,0,1.0,9,21,2013.3789755814828,0.40185039891518104,70.96195117549277,51.283111351075654,4.837298660458441,667.046372562065,6999.364934571083,3903.732,1155.121,585.018,2163.5930000000003,943.591,2960.1410000000005,24.17151074920102,3,1,0,0,1,55.545703038181856,39.84856767939395,71.24283839696976,1.0,0.8720630754882168,0.0,0.0,1,0,0.0,0.8720630754882168,0.0,1.0,0.8720630754882168,0.12793692451178318,0.8720630754882168,0.0,0.8720630754882168,0.0,16,1,2021,8,7,5,0,0,1,1,0,1,GRAVE_MORTALIDAD,2
4,1,14,0,4,0,-6.871539570837005,-79.26868846752237,0,4,7,1,3,2,2,0,6543.555,2.0,4,4,1.0,14,33,1198.0,0.5226101272505023,73.9462738113903,70.64971710451736,7.9456803901726385,841.1645978401662,30060.45441844901,8943.649495950795,1490.8638096042341,1484.5758175217616,5968.209868824799,1565.1466584220605,7378.502837528734,17.490561021369157,3,1,0,0,1,32.50366855211042,30.21994334059855,34.78739376362228,1.0,0.652492917574819,0.0,0.347507082425181,1,0,0.0,0.0,0.0,1.0,0.652492917574819,0.0,0.347507082425181,0.652492917574819,0.347507082425181,0.652492917574819,14,1,2023,6,10,2,0,0,0,1,0,1,GRAVE_MORTALIDAD,2
3,2,10,0,4,0,-8.401241759967236,-77.4295073216622,2,4,7,1,2,2,2,1,7229.426941937455,2.0,2,1,1.0,11,25,1725.9069408256871,0.522894537450248,75.02048748774601,60.28597424565449,7.905028417286356,871.4716109936962,31911.57070873488,8523.746901040086,1334.3975513807227,1290.0699435869187,5899.279406072443,1129.2825168827208,7394.464384157363,13.233229006132587,3,2,0,0,1,31.700845992493754,27.353936461757357,36.04775552323015,1.0,1.0,0.0,0.0,2,0,0.0,0.5646063538242644,0.0,0.4353936461757356,1.0,0.0,0.5646063538242644,0.4353936461757356,0.5646063538242644,0.4353936461757356,12,1,2021,5,12,3,0,0,1,1,0,1,GRAVE_MORTALIDAD,2