CLASE SINIESTRO,CANTIDAD DE VEHICULOS DAÑADOS,DEPARTAMENTO,ZONA,TIPO DE VÍA,RED VIAL,COORDENADAS LATITUD,COORDENADAS  LONGITUD,CONDICIÓN CLIMÁTICA,ZONIFICACIÓN,CARACTERÍSTICAS DE VÍA,PERFIL LONGITUDINAL VÍA,SUPERFICIE DE CALZADA,¿EXISTE SEÑAL VERTICAL?,¿EXISTE SEÑAL HORIZONTAL?,CAUSA FACTOR PRINCIPAL,MTC_RVN_LONGITUD_KM,MTC_RVN_N_CARRILES_MEDIANA,MTC_RVN_SUPERFICIE_DOMINANTE,MTC_RVN_ESTADO_DOMINANTE,MTC_RVN_ES_CONCESIONADA,MTC_RVN_CONCESION_PRINCIPAL,MTC_RVN_CORREDOR_LOGISTICO,MTC_RVN_N_TRAMOS,IDH_2019,IDH_ESP_VIDA_2019,IDH_EDUC_SECUND_PCT_2019,IDH_ANIOS_EDUC_2019,IDH_INGRESO_PERCAP_2019,IDH_POBLACION_2019,MTC_DEP_RED_TOTAL_KM,MTC_DEP_NACIONAL_TOTAL_KM,MTC_DEP_DEPARTAMENTAL_TOTAL_KM,MTC_DEP_VECINAL_TOTAL_KM,MTC_DEP_PAV_TOTAL_KM,MTC_DEP_NO_PAV_TOTAL_KM,MTC_DEP_PCT_PAVIMENTADA,PER_TOTAL_PERSONAS,PER_N_CONDUCTORES,PER_N_CONDUCTORES_FUGADOS,PER_N_PEATONES,PER_N_PASAJEROS_OCUPANTES,PER_EDAD_COND_PROM,PER_EDAD_COND_MIN,PER_EDAD_COND_MAX,PER_ANY_COND_MASCULINO,PER_ANY_LIC_PROBLEMA,PER_ANY_DOSAJE_POS,PER_ANY_DOSAJE_EVALUADO,VEH_TOTAL,VEH_N_FUGADOS,VEH_ANY_FUGADO,VEH_ANY_CARGA,VEH_ANY_PUBLICO,VEH_ANY_PARTICULAR,VEH_ANY_MOTO,VEH_ANY_AUTO,VEH_ANY_CAMION_BUS,VEH_ANY_SOAT_PROBLEMA,VEH_ANY_CITV_PROBLEMA,VEH_ANY_SEGURO_PROBLEMA,HORA_NUM,FRANJA_HORARIA,ANIO,MES,DIA_MES,DIA_SEMANA,ES_FIN_SEMANA,ES_QUINCENA,REGION_NATURAL,TIENE_SEÑALIZACION,ES_VIA_MULTICARRIL,ES_DEPTO_BAJO_PAVIMENTO,CATEGORIA_SEVERIDAD,CATEGORIA_SEVERIDAD_ENC
3,2,22,2,4,1,-9.232795874573126,-76.28762510425923,2,3,1,0,2,1,1,2,337.9489606297343,2.0,2,0,0.0,9,32,162.4452116678279,0.5462881881849725,74.73323538823146,67.64669095133233,8.601563673230729,896.8292179489227,20733.902816932816,1659.0604650431196,333.3658980199823,366.6197619747588,959.0748050483785,590.4666686591411,1068.5937963839785,32.54432694601504,3,2,0,0,1,34.28182714936422,24.79192317749521,46.93942383121407,1.0,0.6040384112523951,0.0,1.0,2,0,0.0,1.0,0.0,1.0,0.6040384112523951,0.3959615887476049,1.0,0.0,0.6040384112523951,0.6040384112523951,7,1,2022,9,15,5,1,1,0,1,0,1,GRAVE_MORTALIDAD,2
6,1,2,0,4,1,-13.659576514741403,-73.16142147723455,3,4,4,0,1,1,1,2,7586.903,2.0,2,0,1.0,9,5,1198.0,0.3083795267192026,75.52748558442043,60.940302343350375,4.261579804828278,312.3443039582163,7111.92646214481,8358.971,1282.451,1298.0969999999998,5778.423,1432.683,6926.288,17.139466089785454,2,1,0,0,1,34.29898808089557,34.29898808089557,34.29898808089557,1.0,0.6693086091618792,0.0,0.0,1,0,0.0,0.0,0.0,1.0,0.0,1.0,0.0,0.6693086091618792,1.0,0.6693086091618792,8,0,2023,12,19,4,0,0,2,1,0,1,GRAVE_MORTALIDAD,2
2,1,14,2,2,3,-12.031088977746053,-77.02794962838058,0,3,1,1,2,2,2,1,6543.555,2.1081068967434375,3,3,1.0,12,32,1227.9456103979321,0.7300036506368504,80.21724456394445,75.11639588359114,10.636845733066124,1559.041185521695,156759.78800856532,7626.313,1683.4029999999998,1599.0829999999996,4343.827000000001,1814.875,5811.438000000001,23.797541485643197,3,1,0,0,0,55.43242758697375,42.94592414138187,67.91893103256562,1.0,0.0,0.0,0.0,1,0,0.0,0.10810689674343743,0.8918931032565626,0.0,0.8918931032565626,0.0,1.0,0.0,0.8918931032565626,0.8918931032565626,15,2,2023,2,23,5,0,0,0,1,0,1,GRAVE_MORTALIDAD,2
6,5,5,0,4,2,-6.014378906937112,-78.7977788943489,0,4,4,0,1,2,2,2,6543.555,2.0,4,4,1.0,14,33,1198.0,0.33083418570617273,75.39242425093478,49.94510049994817,4.940542988116113,355.3278246407357,8579.495690759577,15935.565011852366,1733.9250000199986,935.692,13265.948011832368,2000.1670000199988,13935.398011832369,12.551591352627522,7,1,0,0,6,37.04266194840751,37.04266194840751,37.04266194840751,1.0,0.0,0.0,1.0,1,0,0.0,0.693948536477212,0.0,0.306051463522788,0.0,0.0,1.0,0.0,1.0,0.0,16,2,2023,9,17,1,0,0,2,1,0,1,GRAVE_MORTALIDAD,2
3,1,2,1,7,1,-13.466367788331626,-74.62850858225758,0,1,4,0,4,1,1,0,6596.766993493731,2.0,2,1,1.0,11,31,1428.6846430240555,0.6002517930094027,80.55953685416402,66.62805592378734,8.65998299557652,1050.8076148955904,16587.09023130092,10521.855168489277,1669.9263915403387,1513.5701846824204,7338.35859226652,2534.25750226543,7987.597666223849,24.174200272685674,26,2,0,0,24,50.07064850063304,38.68873718147289,61.452559819793194,1.0,0.0,0.0,0.44812286357881437,2,0,0.0,0.0,0.5518771364211856,1.0,0.0,0.5518771364211856,1.0,0.0,0.44812286357881437,0.44812286357881437,16,2,2025,2,24,2,0,1,0,1,0,1,GRAVE_MORTALIDAD,2
5,1,5,0,4,2,-6.651541915970532,-78.54448401968094,0,4,0,0,2,1,1,2,7258.168224095143,2.0,3,3,1.0,12,32,1752.2744015234425,0.3484871558022944,76.33677469666252,53.28672218475212,4.131981838863427,447.1658531581213,76209.5845824411,15935.565011852366,1733.9250000199986,935.692,13265.948011832368,2000.1670000199988,13935.398011832369,12.551591352627522,3,1,0,0,1,37.5775978601853,36.1034638135804,39.051731906790195,1.0,1.0,0.0,1.0,1,0,0.0,0.21059057808641435,0.7894094219135857,0.21059057808641435,1.0,0.0,0.21059057808641435,1.0,1.0,1.0,18,2,2024,6,17,5,0,1,2,1,0,1,GRAVE_MORTALIDAD,2
4,0,12,2,2,4,-9.80879039656011,-78.17900229078613,0,0,8,1,2,2,2,0,6543.555,2.0,4,4,1.0,14,33,1198.0,0.7331127354519803,79.68034344976323,77.05155260987966,11.665644247183312,1496.4966105554915,332252.9076502242,8388.449080906517,1480.3560517011772,1795.759135975002,5112.333893230338,1467.1943244342892,6921.254756472228,17.874338244419857,2,1,0,0,1,27.040545147113374,26.0,28.081090294226748,1.0,1.0,0.41621805884534935,0.41621805884534935,1,0,0.0,0.0,0.0,1.0,1.0,0.41621805884534935,0.0,0.0,0.41621805884534935,0.0,18,2,2022,6,11,3,0,0,0,1,0,1,GRAVE_MORTALIDAD,2
5,1,8,0,4,1,-13.400496954674102,-74.92995746737023,0,4,5,0,2,1,0,2,1422.6214842855281,1.8318818716007041,1,3,0.8318818716007041,9,25,268.2631603049957,0.2997946406100768,72.83003345209801,46.42647217987546,4.997510303405721,292.6881439974165,3327.8779443254816,8511.426,1445.3929999999996,2008.516,5057.516999999999,1879.579,6631.846999999998,22.08300935706896,36,1,0,0,35,29.663763743201407,29.663763743201407,29.663763743201407,1.0,0.16811812839929585,0.0,1.0,1,0,0.0,0.0,0.8318818716007041,0.16811812839929585,0.0,0.16811812839929585,1.0,0.0,0.0,0.0,3,0,2023,6,15,1,0,0,2,1,0,1,GRAVE_MORTALIDAD,2
3,1,13,0,4,1,-15.6980795128322,-73.5162565143842,3,4,3,1,4,2,2,0,1716.0000277974116,1.5250490347362518,1,1,0.5250490347362518,9,24,334.58103127255896,0.6463083697721197,79.33296371294522,71.91493767243314,10.538628751742054,1153.064091935278,67695.51050644589,3315.972456110644,578.5267999345734,827.9229817558929,1909.522674420178,978.7514803933701,2337.220975717274,29.50134592539014,11,2,0,0,9,43.28757355210438,41.52504903473625,45.050098069472504,1.0,0.0,0.0,0.0,2,0,0.0,0.47495096526374825,0.47495096526374825,0.5250490347362518,0.0,1.0,1.0,0.0,0.47495096526374825,0.0,13,1,2023,7,7,3,0,0,0,1,0,1,GRAVE_MORTALIDAD,2
3,1,17,0,4,1,-16.899256139822743,-70.16372509465047,1,4,6,1,2,2,2,2,1507.5781569639526,1.9447774792569716,1,0,0.9447774792569715,9,21,198.67465950216732,0.5385172611656733,75.13433919985124,69.93975428795375,7.369244422156722,919.57739407077,4134.499875063164,2932.68444486109,479.14202965693306,880.0993294622475,1573.44308574191,877.6150861554023,2055.0693587056885,29.98343336461543,8,1,0,0,6,43.06121714736852,37.39255227182669,48.729882022910346,1.0,0.0,0.9447774792569715,0.9447774792569715,1,0,0.0,0.9447774792569715,0.0,1.0,0.0,0.05522252074302847,0.9447774792569715,0.0,0.9447774792569715,0.0,15,3,2023,2,19,0,0,0,0,1,0,1,GRAVE_MORTALIDAD,2
3,1,7,0,4,1,-15.366514624052124,-71.09232862991,0,4,0,1,1,0,1,2,568.4358498035541,1.0576165459977231,2,2,0.0,9,3,95.53512802389982,0.4172740141042105,68.31834249040341,63.319863040576536,6.152104768077551,598.5098971228364,1299.080287001823,17779.13499998999,2097.3709999899997,2863.123,12818.640999999989,2878.713,14900.421999989989,16.19152450331032,4,2,0,0,2,33.96093236798178,33.34569927598634,34.57616545997723,1.0,0.0,0.0,0.057616545997723145,2,0,0.0,0.057616545997723145,0.9423834540022769,1.0,0.0,0.057616545997723145,1.0,0.0,1.0,0.0,1,0,2023,9,13,5,1,0,2,1,0,1,GRAVE_MORTALIDAD,2
9,2,3,0,4,1,-16.054190686411594,-71.34066735595393,0,4,0,0,2,0,1,0,1504.4250000000002,2.0,2,0,1.0,7,25,241.0,0.4685280505645348,81.83746865987648,70.74305753660312,6.037751599761188,617.4715908037651,1751.8736616702354,10322.272,1495.236,1749.739,7077.2970000000005,2886.595,7435.677000000001,27.964725207783708,6,2,0,0,3,37.86662390545537,36.22446361558492,39.37410602597487,1.0,0.0,0.0,0.0,2,0,0.0,1.0,0.0,0.07482120519497304,0.0,0.07482120519497304,1.0,0.0,0.07482120519497304,0.0,11,1,2022,2,15,2,0,0,0,1,0,1,GRAVE_MORTALIDAD,2
6,1,8,0,4,0,-13.289886172900143,-75.03442617480867,2,4,0,0,7,2,2,2,7001.017936943261,2.0,3,2,1.0,11,20,1198.0,0.2458208318783887,61.442393303423245,49.92224523048642,4.427426628530872,253.9208115390827,1717.7417371403772,8511.426,1445.3929999999996,2008.516,5057.516999999999,1879.579,6631.846999999998,22.08300935706896,24,1,0,0,23,41.315370145751736,41.315370145751736,41.315370145751736,1.0,0.0,0.0,0.0,1,0,0.0,0.0,0.43845671525057817,0.5615432847494218,0.0,0.0,1.0,0.5615432847494218,0.5615432847494218,0.5615432847494218,10,1,2023,7,17,1,0,1,2,1,0,1,GRAVE_MORTALIDAD,2
4,1,1,0,4,0,-9.786775725297456,-77.28848383586916,0,4,3,0,4,2,2,0,6543.555,2.0,4,4,1.0,14,33,1198.0,0.41410150534928725,73.33790452915454,65.16370842481194,6.268979439624955,536.6427028068293,2194.140396052877,10767.648,1885.0630000000003,1222.721,7659.864000000001,2100.343,8667.305000000002,19.506051832303577,3,1,0,0,1,36.05976252217705,33.94023747782295,37.64940630544263,1.0,0.0,0.0,0.0,1,0,0.0,0.0,0.0,1.0,0.5298812610885262,0.0,0.4701187389114738,0.0,0.5298812610885262,0.5298812610885262,15,2,2021,9,18,2,0,0,0,1,0,1,GRAVE_MORTALIDAD,2
0,1,3,0,4,1,-17.17068611902515,-71.77473026708698,0,4,6,1,2,1,1,0,1902.8766419488784,2.0,2,0,1.0,8,31,387.37136776603035,0.6059906086085679,77.78196950293508,75.42898011456963,8.328536866237863,1094.3050073660966,6383.3770082097335,10322.272,1495.236,1749.739,7077.2970000000005,2886.595,7435.677000000001,27.964725207783708,3,1,0,0,0,55.97060766457457,51.04408850313814,60.897126826011,1.0,0.0,0.014696167712714536,0.014696167712714536,1,0,0.0,0.0,0.0,1.0,0.0,0.9853038322872855,0.014696167712714536,0.014696167712714536,0.9853038322872855,0.9853038322872855,6,1,2022,1,23,0,0,0,0,1,0,1,GRAVE_MORTALIDAD,2
3,2,12,0,4,1,-8.52138986767836,-78.68173806284021,0,4,7,1,2,1,1,2,6543.555,3.0,2,0,1.0,0,30,1475.0,0.4971504606547645,77.79759708660042,46.44666297237219,6.322206801902116,929.9716106661404,44368.59100642397,8931.828000000005,1335.5899999999997,1935.9830000000004,5660.255000000005,1219.309,7712.519000000005,13.651281686122925,4,2,0,0,2,45.75290179360713,32.49806547092858,59.00773811628567,1.0,0.0,0.0,0.16602182364286078,2,0,0.0,0.8339781763571392,1.0,0.0,0.0,0.8339781763571392,1.0,0.0,0.8339781763571392,0.0,15,2,2022,7,10,2,0,0,0,1,1,1,GRAVE_MORTALIDAD,2
6,1,8,0,4,1,-13.304596853570512,-74.89350715300172,0,4,4,0,2,1,0,1,1589.4175405942058,1.8855684813876414,1,3,0.8855684813876414,9,24,288.6807507191575,0.2926234999594742,72.2039830275985,46.64576733194887,4.878532195457506,282.85606705226445,3375.7242861216378,8511.426,1445.3929999999996,2008.516,5057.516999999999,1879.579,6631.846999999998,22.08300935706896,37,1,0,0,36,32.40306189085953,32.40306189085953,32.40306189085953,1.0,0.11443151861235856,0.0,0.8855684813876414,1,0,0.0,0.11443151861235856,0.8855684813876414,0.0,0.0,0.0,1.0,0.0,0.0,0.0,4,0,2023,7,15,1,0,0,2,1,0,1,GRAVE_MORTALIDAD,2
3,1,7,0,4,1,-13.843107661365963,-71.5327244968844,0,4,0,1,2,1,1,2,7586.903,2.0,2,0,1.0,9,5,1198.0,0.2671557427408716,69.24065576718993,53.30813419635954,4.0810639096116885,252.96016086272093,10637.82802175327,17779.13499998999,2097.3709999899997,2863.123,12818.640999999989,2878.713,14900.421999989989,16.19152450331032,4,1,0,0,3,41.68718216184469,35.24377211775122,48.13059220593816,1.0,0.9912938529374564,0.0,1.0,1,0,0.0,0.0,0.9912938529374564,1.0,0.0,0.0,1.0,0.0,0.0,0.0,13,2,2022,8,8,0,0,0,2,1,0,1,GRAVE_MORTALIDAD,2
4,1,12,2,2,3,-12.672105297824336,-76.21396528702938,0,3,7,1,2,2,2,0,6543.555,2.0,4,4,1.0,14,33,1198.0,0.6784673597070742,79.60745873790188,76.61673499219198,9.09396197138355,1391.040068204159,213479.75125829602,8045.727215370727,1654.129589438614,1622.5207703929814,4769.076855539133,1981.6040203215687,6064.123195049159,24.445836244994965,3,1,0,0,2,22.64471442677814,22.02242867930093,23.111428737386046,0.8444285631306977,0.0,0.0,0.0,1,0,0.0,0.0,0.0,1.0,0.0,1.0,0.0,0.0,0.1555714368693023,0.0,3,0,2023,11,17,0,0,1,0,1,0,1,GRAVE_MORTALIDAD,2
3,2,20,0,3,1,-15.86650301756945,-69.94820669546654,0,3,7,1,2,2,2,4,7370.645151835707,2.0,2,0,1.0,10,10,1198.0,0.6488901960567479,69.67312345830231,82.12448375199249,11.701623814093702,1230.336353415943,144745.3597430407,13642.312999999998,2020.7790000000005,2354.117,9267.416999999998,3314.0520000000006,10328.260999999997,24.29244952817019,4,2,0,0,1,40.567271594195496,30.719997230255657,50.414545958135335,1.0,0.0,0.0,0.0,2,0,0.0,0.20727297906766762,0.7927270209323324,1.0,0.0,1.0,1.0,0.7927270209323324,0.7927270209323324,0.7927270209323324,21,2,2022,4,13,0,0,0,2,1,0,1,GRAVE_MORTALIDAD,2
4,1,12,0,4,1,-8.200935084318342,-78.5643845097834,0,4,7,1,2,2,2,2,7797.133136193592,2.6305809415830925,2,0,1.0,3,30,2344.9818825718176,0.4658144018403515,75.59822755940375,54.155990897663,6.305433819345886,763.0374896162167,68333.48005331843,8931.828000000005,1335.5899999999997,1935.9830000000004,5660.255000000005,1219.309,7712.519000000005,13.651281686122925,4,1,0,0,2,40.69419058416908,38.8024477594198,42.58593340891835,1.0,0.0,0.0,0.6305809415830923,1,0,0.0,1.0,0.0,0.6305809415830923,0.0,0.6305809415830923,1.0,0.0,0.6305809415830923,0.0,14,1,2022,4,21,1,0,1,0,1,0,1,GRAVE_MORTALIDAD,2
6,1,8,0,4,1,-12.480041291341227,-74.78981057279809,0,4,1,1,5,1,1,0,7586.903,2.0,2,0,1.0,9,5,1198.0,0.255280109948967,68.6766398412344,48.20875310667411,4.131388330993731,238.81532231645815,3640.3657279225654,8511.426,1445.3929999999996,2008.516,5057.516999999999,1879.579,6631.846999999998,22.08300935706896,2,1,0,0,1,52.4620524672602,52.4620524672602,52.4620524672602,1.0,0.2197067903914004,0.0,0.0,1,0,0.0,0.0,0.0,1.0,0.0,1.0,0.0,0.0,0.0,0.0,8,1,2024,5,13,0,0,0,2,1,0,1,GRAVE_MORTALIDAD,2
3,1,14,0,4,1,-10.653260606562514,-77.8434584162023,0,4,7,1,2,1,0,2,6543.555,3.0,2,0,1.0,0,30,1475.0,0.6265020979220222,82.20351818619179,72.22350376092619,8.934440489111271,1090.618542539542,20506.70672187367,7626.313,1683.4029999999998,1599.0829999999996,4343.827000000001,1814.875,5811.438000000001,23.797541485643197,4,2,0,0,2,47.47947918527068,41.77427103797742,53.184687332563925,1.0,0.0,0.0,1.0,2,0,0.0,0.02052081472932521,1.0,0.9794791852706748,0.0,1.0,1.0,0.0,0.0,0.0,11,1,2021,3,19,4,0,0,0,1,1,1,GRAVE_MORTALIDAD,2
6,1,12,1,4,2,-7.747598804754376,-77.59639961666191,0,4,7,1,5,2,2,1,6543.555,2.0,4,4,1.0,14,33,1198.0,0.3903273813693116,77.28576324810759,40.18236798173745,5.209621776669295,596.5630571989278,1403.3196403410925,8931.828000000005,1335.5899999999997,1935.9830000000004,5660.255000000005,1219.309,7712.519000000005,13.651281686122925,3,1,0,0,2,56.105023747084616,56.105023747084616,56.105023747084616,1.0,0.0,0.0,0.0,1,0,0.0,0.1733816544975113,0.0,0.8266183455024887,0.0,0.0,1.0,0.0,0.8266183455024887,0.0,19,1,2021,10,2,3,0,0,0,1,0,1,GRAVE_MORTALIDAD,2
7,3,3,0,4,1,-16.054212785273275,-71.34082030333873,1,4,0,0,2,0,1,0,1504.4250000000002,2.0,2,0,1.0,7,25,241.0,0.4685280505645348,81.83746865987648,70.74305753660312,6.037751599761188,617.4715908037651,1751.8736616702354,10322.272,1495.236,1749.739,7077.2970000000005,2886.595,7435.677000000001,27.964725207783708,6,3,0,0,3,39.291418934919434,37.0967871030119,40.827978505019836,1.0,0.0,0.0,0.0,3,0,0.0,1.0,0.0,0.36559570100396677,0.0,0.36559570100396677,1.0,0.0,0.36559570100396677,0.0,12,1,2022,2,11,3,0,0,0,1,0,1,GRAVE_MORTALIDAD,2
7,1,7,0,4,1,-14.090493781893686,-72.05237037880818,0,4,7,1,1,2,2,2,2369.999742409495,1.0,1,3,0.0,9,24,708.9382489934743,0.4587727010323396,68.2502590444513,69.80095115118534,6.817451771267856,706.6974746314047,9848.046604594807,17779.13499998999,2097.3709999899997,2863.123,12818.640999999989,2878.713,14900.421999989989,16.19152450331032,2,1,0,0,1,21.82957349264587,21.82957349264587,21.82957349264587,1.0,0.6463033134192661,0.0,0.35369668658073394,1,0,0.0,0.0,0.0,1.0,1.0,0.0,0.35369668658073394,0.6463033134192661,1.0,0.6463033134192661,13,1,2025,5,14,4,0,0,2,1,0,1,GRAVE_MORTALIDAD,2
1,1,14,2,2,4,-11.993974273486138,-77.01048036907795,3,0,1,1,2,1,1,1,6543.555,2.0,4,4,1.0,14,33,1198.0,0.701053025277506,79.62867561460851,73.1469484600971,10.064317505194426,1464.6926161541437,1150285.0494171206,7626.313,1683.4029999999998,1599.0829999999996,4343.827000000001,1814.875,5811.438000000001,23.797541485643197,3,1,0,1,0,37.75619757291982,32.69752097083207,42.11735320417549,0.30247902916792657,0.0,0.0,0.0,1,0,0.0,0.6975209708320734,0.30247902916792657,0.30247902916792657,0.30247902916792657,0.0,1.0,1.0,1.0,0.30247902916792657,15,1,2022,5,10,2,0,0,0,1,0,1,GRAVE_MORTALIDAD,2
6,1,3,0,4,1,-15.448488583066675,-74.83402068295048,0,4,0,0,1,2,2,0,6637.600491382458,2.0,2,0,1.0,9,31,1605.7060298472038,0.5149302823666004,82.16813846433968,54.31585455990315,9.185764793968659,699.7752591319173,1456.874794465265,10322.272,1495.236,1749.739,7077.2970000000005,2886.595,7435.677000000001,27.964725207783708,2,1,0,0,1,41.61566807133948,41.61566807133948,41.61566807133948,1.0,0.0,0.0,0.0,1,0,0.0,0.9753732771464209,0.0,0.02462672285357914,0.0,0.02462672285357914,0.9753732771464209,0.0,0.0,0.0,7,1,2021,9,30,5,0,1,0,1,0,1,GRAVE_MORTALIDAD,2
3,2,16,0,4,0,-11.137726007771334,-76.30462754924167,0,4,5,1,2,2,2,1,6559.957528536961,2.0,3,3,1.0,13,32,1269.1082444352796,0.6109493115293169,75.69952671273201,78.58112155741435,10.286144601223821,1010.2648978885189,10406.204477567073,3684.662974024723,587.3142496371025,882.6094131504228,2214.7393112371983,677.9813465477846,3006.6816274769385,18.377041636218614,4,2,0,0,2,39.69080792116497,36.0,43.38161584232994,1.0,0.0,0.0,1.0,2,0,0.0,0.17011541730928148,0.0,1.0,0.0,0.17011541730928148,1.0,0.0,0.8298845826907185,0.0,16,2,2023,2,15,4,0,0,1,1,0,1,GRAVE_MORTALIDAD,2
6,1,4,0,4,1,-13.410168330255528,-74.2836736667314,0,4,0,0,1,1,1,2,6105.483094370364,2.0,3,3,1.0,12,32,1087.7918232613538,0.2113789230756571,68.73032415530868,43.046139754846024,3.6784344508462032,196.95669879198107,15553.04589002886,12678.733000000004,1805.074000000001,1774.0339999999994,9099.625000000004,2485.375000000001,10193.358000000002,19.602707936195205,6,1,0,0,5,21.628190976748236,21.628190976748236,21.628190976748236,1.0,0.8982380639532351,0.8982380639532351,1.0,1,0,0.0,0.0,0.10176193604676487,0.8982380639532351,0.8982380639532351,0.0,0.10176193604676487,0.8982380639532351,0.8982380639532351,0.8982380639532351,5,0,2022,4,5,3,0,0,2,1,0,1,GRAVE_MORTALIDAD,2
5,1,7,0,4,1,-13.643284980002809,-71.71379875187979,1,3,1,1,2,1,0,5,7586.903,2.0,2,0,1.0,9,5,1198.0,0.4639746748833257,66.56091124006986,67.74091212117827,7.758253960984117,704.755696253252,5832.7135648208405,17779.13499998999,2097.3709999899997,2863.123,12818.640999999989,2878.713,14900.421999989989,16.19152450331032,4,1,0,0,3,41.205656646378095,40.53606664279776,41.87524664995843,1.0,0.22319666786011205,0.776803332139888,0.776803332139888,1,0,0.0,0.0,0.0,1.0,0.0,1.0,0.0,0.0,0.22319666786011205,0.0,13,3,2023,6,10,2,0,0,2,1,0,1,GRAVE_MORTALIDAD,2
3,1,1,0,4,1,-9.453332597757363,-77.49173180817087,4,4,0,0,2,1,1,2,9936.932,2.0,2,0,1.0,9,32,3830.0,0.46037986239518547,79.22948777320904,69.45749152658144,6.468990137265216,593.3577712917485,2656.3570579939824,10882.130615947055,1880.581351087696,1213.7589258546795,7787.790339004681,2061.200023415763,8820.930592531295,19.004818276636843,6,2,0,0,4,32.68543931023935,27.45311915448695,37.91775946599176,1.0,1.0,0.0,0.9235200445006869,2,0,0.0,1.0,0.07647995549931308,0.0,0.0,0.9235200445006869,1.0,0.0,0.0,0.0,18,2,2021,5,14,4,0,0,0,1,0,1,GRAVE_MORTALIDAD,2
6,1,7,0,4,1,-14.111721586656673,-71.41922815498384,0,4,0,1,2,1,0,0,7586.903,2.0,2,0,1.0,9,5,1198.0,0.4339064700626433,74.99349833613798,79.82823280229616,7.149327489359635,476.51813412518976,5199.408681832094,17779.13499998999,2097.3709999899997,2863.123,12818.640999999989,2878.713,14900.421999989989,16.19152450331032,4,1,0,0,3,36.119438086492366,36.119438086492366,36.119438086492366,1.0,0.0,0.013270898499151307,0.013270898499151307,1,0,0.0,0.0,0.0,1.0,0.0,0.013270898499151307,0.9867291015008487,0.0,0.0,0.0,18,2,2023,3,4,4,0,0,2,1,0,1,GRAVE_MORTALIDAD,2
5,1,13,0,4,1,-9.880501724179332,-77.419393160977,0,4,7,1,1,2,2,0,954.5146430577556,-0.18590210938296836,1,0,0.0,9,32,353.440466927588,0.6164620262203396,79.14552350257385,58.487340148149386,9.900244055655914,1150.2471508153633,14677.413835133057,7980.585335889633,1589.018390123606,1690.5061931162925,4701.060752649734,1653.2586585589256,6327.326677330708,21.04419191882925,16,1,0,0,14,46.778853164074455,45.28634036460989,48.27136596353901,1.0,0.0,0.0,0.0,1,0,0.0,0.0,0.27136596353901055,0.7286340364609895,0.0,0.0,1.0,0.0,0.27136596353901055,0.0,7,0,2024,7,27,1,0,1,0,1,0,1,GRAVE_MORTALIDAD,2
3,1,9,0,4,1,-9.279719060517435,-76.15020244785009,4,4,0,1,2,1,0,2,791.3058257190875,1.9014170729775877,1,3,0.0,9,12,252.74615122685168,0.3371870595432081,72.45495330746395,37.45674180527684,4.710267948786202,474.85143337764714,9540.43081515733,8280.309880746918,1333.686207141871,904.756460011202,6041.867213593843,1075.5780477137234,7204.731833033193,12.983843531035108,4,1,0,0,3,35.52125609466381,26.50708536488794,44.53542682443969,1.0,0.0,0.0,0.9014170729775877,1,0,0.0,0.9014170729775877,0.0,0.09858292702241234,0.0,0.9014170729775877,1.0,0.0,0.09858292702241234,0.0,4,0,2022,3,14,0,0,0,1,1,0,1,GRAVE_MORTALIDAD,2
6,1,7,0,4,2,-13.500708368053454,-71.85952365477604,0,4,6,1,2,1,1,2,6543.555,2.0,4,4,1.0,14,33,1198.0,0.39278491334779553,76.76189989036114,72.38627774789754,6.142515459651898,415.64354292711323,4603.529618491573,17779.13499998999,2097.3709999899997,2863.123,12818.640999999989,2878.713,14900.421999989989,16.19152450331032,3,1,0,0,2,51.12245657538335,51.12245657538335,51.12245657538335,1.0,0.0,0.8293142341257594,0.8293142341257594,1,0,0.0,0.0,0.0,0.8293142341257594,0.0,0.8293142341257594,0.0,0.0,0.0,0.17068576587424056,22,2,2024,9,15,5,1,0,2,1,0,1,GRAVE_MORTALIDAD,2