CLASE SINIESTRO,CANTIDAD DE VEHICULOS DAÑADOS,DEPARTAMENTO,ZONA,TIPO DE VÍA,RED VIAL,COORDENADAS LATITUD,COORDENADAS  LONGITUD,CONDICIÓN CLIMÁTICA,ZONIFICACIÓN,CARACTERÍSTICAS DE VÍA,PERFIL LONGITUDINAL VÍA,SUPERFICIE DE CALZADA,¿EXISTE SEÑAL VERTICAL?,¿EXISTE SEÑAL HORIZONTAL?,CAUSA FACTOR PRINCIPAL,MTC_RVN_LONGITUD_KM,MTC_RVN_N_CARRILES_MEDIANA,MTC_RVN_SUPERFICIE_DOMINANTE,MTC_RVN_ESTADO_DOMINANTE,MTC_RVN_ES_CONCESIONADA,MTC_RVN_CONCESION_PRINCIPAL,MTC_RVN_CORREDOR_LOGISTICO,MTC_RVN_N_TRAMOS,IDH_2019,IDH_ESP_VIDA_2019,IDH_EDUC_SECUND_PCT_2019,IDH_ANIOS_EDUC_2019,IDH_INGRESO_PERCAP_2019,IDH_POBLACION_2019,MTC_DEP_RED_TOTAL_KM,MTC_DEP_NACIONAL_TOTAL_KM,MTC_DEP_DEPARTAMENTAL_TOTAL_KM,MTC_DEP_VECINAL_TOTAL_KM,MTC_DEP_PAV_TOTAL_KM,MTC_DEP_NO_PAV_TOTAL_KM,MTC_DEP_PCT_PAVIMENTADA,PER_TOTAL_PERSONAS,PER_N_CONDUCTORES,PER_N_CONDUCTORES_FUGADOS,PER_N_PEATONES,PER_N_PASAJEROS_OCUPANTES,PER_EDAD_COND_PROM,PER_EDAD_COND_MIN,PER_EDAD_COND_MAX,PER_ANY_COND_MASCULINO,PER_ANY_LIC_PROBLEMA,PER_ANY_DOSAJE_POS,PER_ANY_DOSAJE_EVALUADO,VEH_TOTAL,VEH_N_FUGADOS,VEH_ANY_FUGADO,VEH_ANY_CARGA,VEH_ANY_PUBLICO,VEH_ANY_PARTICULAR,VEH_ANY_MOTO,VEH_ANY_AUTO,VEH_ANY_CAMION_BUS,VEH_ANY_SOAT_PROBLEMA,VEH_ANY_CITV_PROBLEMA,VEH_ANY_SEGURO_PROBLEMA,HORA_NUM,FRANJA_HORARIA,ANIO,MES,DIA_MES,DIA_SEMANA,ES_FIN_SEMANA,ES_QUINCENA,REGION_NATURAL,TIENE_SEÑALIZACION,ES_VIA_MULTICARRIL,ES_DEPTO_BAJO_PAVIMENTO,CATEGORIA_SEVERIDAD,CATEGORIA_SEVERIDAD_ENC
3,1,15,0,4,1,-14.851504183536104,-71.32722947921583,0,4,0,0,3,2,2,2,1738.6021547405073,1.7066755336777,1,0,0.7066755336776999,6,24,379.20093103615847,0.3014540673132909,77.44682348407946,62.580095904094534,5.470908889168577,229.26542530868025,1325.6058950239349,13359.671410741157,1957.5074459919488,2183.9644636023613,9218.199501146848,3070.980761221436,10288.690649519722,22.916833578514634,9,1,0,0,7,36.92650262696255,28.799733989669004,45.053271264256104,1.0,0.0,0.29332446632230014,0.29332446632230014,1,0,0.0,0.0,0.7066755336776999,1.0,0.0,0.7066755336776999,1.0,0.7066755336776999,0.7066755336776999,0.7066755336776999,11,2,2021,4,22,4,0,0,2,1,0,1,GRAVE_MORTALIDAD,2
7,1,5,0,4,2,-6.560125059292366,-78.62207295126228,2,4,2,0,2,2,2,1,6543.555,2.0,4,4,1.0,14,33,1198.0,0.28517847484567554,74.1226857732727,34.18809004774658,4.1590449112207075,329.3977075416816,3184.896966869623,15935.565011852366,1733.9250000199986,935.692,13265.948011832368,2000.1670000199988,13935.398011832369,12.551591352627522,8,1,0,0,7,11.100654629540877,11.100654629540877,11.100654629540877,1.0,0.3827811941220992,0.0,0.6172188058779008,1,0,0.0,0.3827811941220992,0.0,0.6172188058779008,0.0,0.0,1.0,0.0,0.3827811941220992,0.0,7,1,2023,2,24,0,0,1,2,1,0,1,GRAVE_MORTALIDAD,2
3,2,18,0,4,1,-14.781097545635205,-70.82806702505323,0,4,5,0,2,2,2,5,6612.065028676594,1.8440191363010667,1,0,0.8440191363010668,9,9,1060.268897353842,0.4967553064315491,73.85597641316937,73.70447963674815,8.392946690446422,677.1422630816918,65686.7539967602,13427.407557383247,1990.4695784703422,2159.3627251645134,9277.575253748391,3044.9045239936722,10382.503033389574,22.52359728110058,3,2,0,0,1,33.2980861133548,23.311961727397865,43.28421049931173,1.0,0.0,0.0,0.15598086369893316,2,0,0.0,0.0,0.8440191363010668,1.0,0.15598086369893316,0.8440191363010668,1.0,0.15598086369893316,0.8440191363010668,0.8440191363010668,3,0,2021,7,20,4,0,1,2,1,0,1,GRAVE_MORTALIDAD,2
3,0,20,0,4,1,-14.97212835228072,-69.8610552710989,0,4,7,1,2,2,2,2,1639.1894261177156,2.0,1,0,0.4784961162559619,8,28,368.2469476335453,0.33994545763407913,73.77933564629701,68.17855328711556,6.245868783799944,295.4556930724268,4131.499689727912,13642.312999999998,2020.7790000000005,2354.117,9267.416999999998,3314.0520000000006,10328.260999999997,24.29244952817019,3,1,0,0,1,32.827968930047696,30.913984465023848,34.26345727881558,0.5215038837440381,0.5215038837440381,0.5215038837440381,0.5215038837440381,1,0,0.4784961162559619,0.0,0.0,0.5215038837440381,0.0,0.5215038837440381,0.0,0.5215038837440381,0.5215038837440381,1.0,2,0,2022,6,3,2,0,0,2,1,0,1,GRAVE_MORTALIDAD,2
3,1,12,0,4,0,-11.736163743643065,-76.75278535588949,0,4,5,0,1,2,2,0,6618.816212112465,2.0,2,0,1.0,10,31,1524.2724192388555,0.6686276806397756,76.8864046128434,71.27039536739426,9.897662384847829,1379.7398047966958,95383.2656118955,7754.192658667638,1606.6140677085082,1421.9684526368314,4725.610138322299,1649.1912891962766,6105.001369471362,21.40852255658894,3,1,0,0,2,28.80556026887214,28.80556026887214,28.80556026887214,1.0,0.21944397311278618,0.0,0.21944397311278618,1,0,0.0,0.0,0.21944397311278618,0.7805560268872138,0.21944397311278618,0.0,0.7805560268872138,0.0,0.21944397311278618,0.0,6,0,2022,9,24,0,0,1,0,1,0,1,GRAVE_MORTALIDAD,2
3,1,15,2,2,3,-13.06427754601241,-74.96972820036964,0,3,7,1,2,2,2,0,5013.5545045812305,2.0,3,2,1.0,11,30,907.4318911963448,0.6521319564094213,78.07471838004142,77.1042282262131,9.22951417709157,1274.7694521193566,221930.84244158154,9452.914611873342,1785.8384297552163,1828.329396512496,5838.74678560563,2270.0610247146683,7182.853587158675,23.947807414534303,5,1,0,0,3,24.857983010301446,20.60724787628768,30.93046177317825,1.0,0.0,0.0,0.30362393814384026,1,0,0.0,0.30362393814384026,0.0,1.0,0.0,1.0,0.30362393814384026,0.30362393814384026,0.30362393814384026,0.30362393814384026,4,0,2023,11,16,0,0,1,0,1,0,1,GRAVE_MORTALIDAD,2
9,2,5,0,4,1,-6.700901224822786,-78.9087915251769,2,2,0,0,3,1,1,2,909.1717050040792,2.0,2,2,0.31168982851504146,8,10,198.36354080355238,0.3349270483373614,71.34310505613288,53.45798088506805,4.676814016478081,416.2052786773645,4625.121003013645,15935.565011852366,1733.9250000199986,935.692,13265.948011832368,2000.1670000199988,13935.398011832369,12.551591352627522,6,2,0,0,4,54.766203429699175,52.58437463009388,56.94803222930446,1.0,0.0,0.0,0.6883101714849585,2,0,0.0,0.31168982851504146,0.6883101714849585,1.0,0.6883101714849585,1.0,0.31168982851504146,0.0,1.0,0.6883101714849585,15,1,2022,4,16,3,0,1,2,1,0,1,GRAVE_MORTALIDAD,2
3,1,18,0,3,0,-4.939985181681108,-80.94634358792202,0,4,7,1,2,2,2,0,6543.555,2.0,4,4,1.0,14,33,1198.0,0.5433219814979005,81.12610190093189,68.17006145178563,7.306586262344102,857.4933674778415,12632.231825224053,8961.638652758455,1782.1010220928922,640.0178248771196,6539.519805788444,2213.2497997757996,6748.388852982655,24.696509899685005,3,2,0,0,1,29.020415889312794,23.03140906048122,35.009422718144364,1.0,1.0,0.0,0.9968590939518779,2,0,0.0,0.0031409060481221163,0.0031409060481221163,0.9968590939518779,1.0,0.9968590939518779,0.0031409060481221163,0.0,0.0031409060481221163,1.0,18,1,2021,8,2,0,0,0,0,1,0,1,GRAVE_MORTALIDAD,2
3,1,1,0,4,1,-9.445669155173597,-78.35036346371179,1,4,6,1,2,2,2,0,6543.555,3.0,2,0,1.0,0,30,1475.0,0.5873460606982213,78.04758132038613,65.8701248560095,8.596987164492063,1041.0659985770535,35482.29764453961,10767.648,1885.0630000000003,1222.721,7659.864000000001,2100.343,8667.305000000002,19.506051832303577,5,2,0,0,3,38.04546040987228,35.39394721316304,40.696973606581516,1.0,0.0,0.0,0.0,2,0,0.0,0.8257565983546205,0.0,1.0,0.0,0.17424340164537955,0.8257565983546205,0.0,0.0,0.0,4,0,2021,11,22,2,0,1,0,1,1,1,GRAVE_MORTALIDAD,2
3,1,18,0,4,1,-15.052003484418703,-70.53480324123139,0,4,6,0,2,1,0,2,1752.4668953195182,2.0,1,0,0.12459437487816571,9,31,463.81895627071185,0.296310284451815,73.97910159650311,63.72837845390249,5.889497059723157,220.96860368458616,12792.629871368039,13522.256352254895,1993.9033703669058,2281.8419212375493,9246.51106065044,3210.803507209087,10311.452845045807,23.708134106177933,12,1,0,0,10,42.05742968597707,35.49188749756331,48.62297187439083,1.0,0.0,0.0,0.12459437487816571,1,0,0.0,0.0,0.12459437487816571,0.8754056251218343,0.0,0.8754056251218343,1.0,0.0,0.8754056251218343,0.0,4,0,2021,2,15,1,0,0,2,1,0,1,GRAVE_MORTALIDAD,2
4,1,16,1,4,1,-8.25997503158136,-78.2506173126679,0,4,3,0,2,1,0,0,1370.493985717863,2.0,2,0,0.4417464916377071,5,19,461.6656269738267,0.5253486589497428,77.0426503277035,53.03616024991292,7.819299203693863,950.0659404870732,13628.821066422797,8218.047003209438,1727.139878417062,1174.0844430997531,5316.8226816926235,1991.4101504796813,6226.636852729758,24.19590886314465,2,1,0,0,1,28.184450882927898,24.208732458188535,32.16016930766726,1.0,0.5582535083622929,0.0,0.4417464916377071,1,0,0.0,0.4417464916377071,0.0,1.0,1.0,0.0,0.4417464916377071,0.5582535083622929,0.4417464916377071,0.0,15,3,2021,6,18,4,0,1,0,1,0,1,GRAVE_MORTALIDAD,2
3,2,20,0,4,0,-16.231153802305077,-69.45756497568486,0,4,0,1,2,2,2,2,7570.454096307249,2.0,2,0,1.0,9,5,1198.0,0.412682966487125,72.47425645779899,75.2501796248838,7.4317325310073015,436.83329367033923,19971.497799191267,13642.312999999998,2020.7790000000005,2354.117,9267.416999999998,3314.0520000000006,10328.260999999997,24.29244952817019,6,2,0,0,4,43.71622098621981,28.92117249617217,58.51126947626746,1.0,0.984234499234434,0.0,0.0,2,0,0.0,0.984234499234434,0.0,0.015765500765566043,0.984234499234434,0.015765500765566043,1.0,0.0,0.015765500765566043,0.984234499234434,7,1,2023,6,11,2,0,0,2,1,0,1,GRAVE_MORTALIDAD,2
1,1,14,0,4,1,-10.999020231197285,-77.61249987898448,1,2,4,1,2,1,1,0,6543.555,3.0,2,0,1.0,0,30,1475.0,0.618615548740329,80.96409985260544,69.07707919060636,8.252012802477763,1161.3916662646157,20703.390352467148,7626.313,1683.4029999999998,1599.0829999999996,4343.827000000001,1814.875,5811.438000000001,23.797541485643197,2,1,0,0,0,34.88497787250827,30.582831854295172,38.79141592714758,1.0,0.0,0.6042920364262074,0.6042920364262074,1,0,0.0,0.6042920364262074,0.6042920364262074,0.39570796357379256,0.0,0.39570796357379256,0.6042920364262074,0.0,0.6042920364262074,0.0,10,0,2022,5,3,2,0,0,0,1,1,1,GRAVE_MORTALIDAD,2
6,1,12,0,9,3,-8.0259223238981,-77.44629383436853,0,4,7,1,7,2,2,0,6543.555,2.0,4,4,1.0,14,33,1198.0,0.25919842783335767,79.0538562364348,37.49545200104976,4.610082660136735,219.51357982229513,5566.097990600666,8931.828000000005,1335.5899999999997,1935.9830000000004,5660.255000000005,1219.309,7712.519000000005,13.651281686122925,4,1,0,0,3,39.265897994834695,39.265897994834695,39.265897994834695,1.0,0.28481354521975877,0.0,0.0,1,0,0.0,0.0,0.0,1.0,0.28481354521975877,0.0,0.7151864547802412,0.28481354521975877,0.0,0.28481354521975877,8,0,2023,9,13,3,0,0,0,1,0,1,GRAVE_MORTALIDAD,2
6,1,7,0,4,0,-11.169162199960839,-75.50599194552699,2,4,1,0,5,2,2,4,6543.555,2.0,4,4,1.0,14,33,1198.0,0.32675717067894006,73.06147108222113,59.26375726334434,4.849900164017738,346.71254306359515,1903.9276415510326,8251.32061139802,1319.0925169977002,934.6618659949415,5997.566228405378,1164.9651852519125,7086.355426146107,14.102977088696429,5,1,0,0,4,41.18080957095271,41.18080957095271,41.18080957095271,1.0,0.0,0.0,0.0,1,0,0.0,0.0,0.7180809570952709,0.28191904290472913,0.0,0.28191904290472913,0.7180809570952709,0.0,0.0,0.0,8,0,2021,4,24,0,0,0,2,1,0,1,GRAVE_MORTALIDAD,2
6,1,14,0,4,1,-15.329637961519113,-70.93528594828422,0,4,6,1,2,1,1,3,7207.3229385348895,2.0,2,1,1.0,10,15,1198.0,0.4628239719546605,74.0979601516296,73.02238446690818,8.387279444875293,567.7766197006131,27917.52948264708,13291.75330598942,1942.3034413576956,2143.0772119380435,9206.37265269368,3012.5713180082553,10279.181987981163,22.586276322550063,3,1,0,0,2,42.45905066966427,42.45905066966427,42.45905066966427,0.3638096411409335,0.0,0.0,0.3638096411409335,1,0,0.0,0.0,0.0,0.6361903588590665,0.0,0.6361903588590665,0.3638096411409335,0.0,0.3638096411409335,0.0,9,1,2023,9,9,4,0,0,2,1,0,1,GRAVE_MORTALIDAD,2
6,1,8,0,4,0,-12.92954569139769,-74.95443815703668,0,4,1,0,3,2,2,0,6543.555,2.0,4,4,1.0,14,33,1198.0,0.4560971643629521,70.18426849138208,50.66369038068294,6.23695361630518,848.9022878277224,2486.1879437593643,8511.426,1445.3929999999996,2008.516,5057.516999999999,1879.579,6631.846999999998,22.08300935706896,3,1,0,0,2,31.28346611168195,31.28346611168195,31.28346611168195,1.0,0.8092740124091053,0.0,0.8092740124091053,1,0,0.0,0.0,0.0,1.0,0.0,0.19072598759089465,0.8092740124091053,0.8092740124091053,0.19072598759089465,0.8092740124091053,15,2,2022,3,12,1,0,0,2,1,0,1,GRAVE_MORTALIDAD,2
4,1,5,0,4,2,-6.657063837554222,-78.54206683132914,0,4,0,0,2,1,1,2,7721.268458831371,2.0,3,2,1.0,12,32,2111.468153890408,0.3484871558022944,76.33677469666252,53.28672218475212,4.131981838863427,447.1658531581213,76209.5845824411,15935.565011852366,1733.9250000199986,935.692,13265.948011832368,2000.1670000199988,13935.398011832369,12.551591352627522,3,1,0,0,1,34.71169026151271,32.28225368201694,37.14112684100847,1.0,1.0,0.0,1.0,1,0,0.0,0.347062368499395,0.652937631500605,0.347062368499395,1.0,0.0,0.347062368499395,1.0,1.0,1.0,18,2,2024,6,16,5,0,1,2,1,0,1,GRAVE_MORTALIDAD,2
6,1,14,0,4,1,-13.451310401025633,-70.80867540094478,2,4,1,0,7,2,2,3,2525.7271203545124,1.547237520420643,1,1,0.0,9,22,767.5237872575187,0.49903741236586896,76.6243859863726,64.36465544228153,7.399524244580919,763.0913915307206,28623.288027796996,15515.310786293901,2055.4569838314146,2584.57581868077,10875.277983781716,3116.9468349024028,12398.363951391497,20.62465462702817,4,1,0,0,3,38.05524959158714,38.05524959158714,38.05524959158714,1.0,0.5472375204206431,0.0,0.5472375204206431,1,0,0.0,0.0,0.4527624795793569,0.5472375204206431,0.0,0.0,1.0,0.5472375204206431,1.0,0.0,15,3,2021,4,9,5,0,0,2,1,0,1,GRAVE_MORTALIDAD,2
6,1,5,0,4,2,-7.361598911025416,-78.0606188247039,0,4,6,0,1,2,2,2,6543.555,2.0,4,4,1.0,14,33,1198.0,0.2257406991538174,74.13474516720105,41.00066947542922,3.250738413880317,204.42221163178962,3143.1908670457988,15935.565011852366,1733.9250000199986,935.692,13265.948011832368,2000.1670000199988,13935.398011832369,12.551591352627522,3,1,0,0,2,47.967091523917,47.967091523917,47.967091523917,1.0,0.008227119020750573,0.9917728809792494,1.0,1,0,0.0,0.0,0.0,1.0,0.0,1.0,0.0,0.0,0.008227119020750573,0.0,1,0,2024,6,14,4,0,0,2,1,0,1,GRAVE_MORTALIDAD,2
4,1,3,0,4,1,-16.615068797843687,-72.2837067741029,0,4,5,0,3,2,2,0,6607.597329174382,2.0,2,1,1.0,10,31,1475.6363160640065,0.6024511177296353,79.92357732210492,74.09305256379602,8.736873906391907,1041.0005064984011,8025.306157981306,10322.272,1495.236,1749.739,7077.2970000000005,2886.595,7435.677000000001,27.964725207783708,2,1,0,0,0,34.394957173205356,29.74554518170286,39.04436916470786,1.0,0.33579828692821434,0.0,0.0,1,0,0.0,0.0,0.0,1.0,0.0,0.6642017130717857,0.0,0.33579828692821434,0.0,0.33579828692821434,15,3,2023,7,20,2,0,0,0,1,0,1,GRAVE_MORTALIDAD,2
4,1,1,0,4,1,-10.272806817450297,-76.46274134027645,0,4,1,1,2,2,2,0,1747.7945041661824,1.199245954408314,0,2,0.19924595440831405,9,28,276.08990934361384,0.5440332007064989,75.83557753728583,58.06938805393101,8.923814522235077,908.3519611617295,5578.162474144177,10678.908633809442,1807.3915473308705,1327.727204400361,7543.789882078213,2257.0005301454457,8421.908103663998,21.19140828202931,8,1,0,0,7,41.586427179349656,40.59019740730808,42.58265695139122,1.0,0.0,0.0,0.0,1,0,0.0,0.0,0.0,0.19924595440831405,0.0,0.19924595440831405,0.800754045591686,0.0,0.19924595440831405,0.19924595440831405,12,2,2022,1,10,4,0,0,0,1,0,1,GRAVE_MORTALIDAD,2
3,1,9,1,4,1,-9.844724357011938,-76.12875731926356,0,4,0,1,2,2,2,2,703.6777229871368,2.0,2,3,0.0,9,10,243.3798198010561,0.2691687364266842,78.54722949275609,40.548082921241175,3.4665080064731835,282.0362971082108,19165.330427787016,8209.057,1333.4779999999996,791.9770000000001,6083.602,1059.8589999999997,7149.198,12.910849565303296,2,1,0,0,0,44.70232648716198,26.079074598197227,63.325578376126735,1.0,0.0,0.0,0.0,1,0,0.0,0.0,0.0,1.0,0.9550385584084489,0.04496144159155113,0.0,0.9550385584084489,0.0,0.9550385584084489,15,2,2021,1,28,4,0,0,2,1,0,1,GRAVE_MORTALIDAD,2
3,2,3,0,4,1,-15.965732431073835,-71.22907346407933,0,4,7,1,2,0,1,0,1504.4250000000002,2.0,2,0,1.0,7,25,241.0,0.4498224071382834,81.63336343193146,58.84842497065013,5.774685730039019,620.6584683449911,1358.612419700214,10322.272,1495.236,1749.739,7077.2970000000005,2886.595,7435.677000000001,27.964725207783708,12,2,0,0,10,44.36279166816941,25.137208331830596,63.588375004508215,1.0,1.0,0.0,0.1263564813145106,2,0,0.0,1.0,0.8736435186854894,0.1263564813145106,0.0,0.8736435186854894,1.0,0.0,0.0,0.0,5,0,2022,6,12,5,0,0,0,1,0,1,GRAVE_MORTALIDAD,2
6,1,10,0,4,3,-9.84193028993861,-76.996429096939,0,4,3,0,1,2,2,1,6543.555,2.0,4,4,1.0,14,33,1198.0,0.42950449441691163,71.9547947487247,63.95422675548773,6.69925534186711,623.012380383144,28443.069767308123,8747.925331725593,1383.6227512346152,1967.7121835860623,5396.590396904916,1508.140677255445,7239.784654470149,17.33969710006039,6,1,0,0,5,45.313217616549615,45.313217616549615,45.313217616549615,1.0,0.5625552012730474,0.0,0.0,1,0,0.0,0.5625552012730474,0.43744479872695263,0.0,0.0,0.43744479872695263,0.5625552012730474,0.0,0.0,0.0,6,0,2022,3,8,3,0,0,0,1,0,1,GRAVE_MORTALIDAD,2
6,1,14,2,4,1,-12.022777423011059,-76.89406189058228,4,4,6,1,5,2,2,0,2229.35749079987,2.0,2,0,1.0,4,17,498.8659199275212,0.6868549636939637,79.62363164345142,76.30894566128948,9.209137883551294,1425.4498631666322,684921.8484148846,7626.313,1683.4029999999998,1599.0829999999996,4343.827000000001,1814.875,5811.438000000001,23.797541485643197,2,1,0,0,0,37.23483967118323,34.17419835591617,39.53032065763353,1.0,0.0,0.0,0.0,1,0,0.0,0.0,0.0,1.0,0.7651603288167663,0.23483967118323368,0.0,0.7651603288167663,0.7651603288167663,0.7651603288167663,5,0,2022,2,20,5,0,1,0,1,0,1,GRAVE_MORTALIDAD,2
3,1,11,0,4,1,-11.200908096319433,-74.69498572966191,0,4,6,0,2,2,2,0,5460.66002563208,2.0,2,0,0.0,9,30,353.8583917652397,0.4014291490235051,73.62053967977792,58.554436396142975,6.958023524665149,470.4165041246681,27313.267484300883,12264.545,1826.4639999999995,1105.5389999999998,9332.542,1588.5359999999996,10676.009,12.952261987705208,3,1,0,0,1,39.714969512391036,27.489519817481327,51.94041920730075,1.0,0.9404192073007469,0.0,0.9404192073007469,1,0,0.0,0.0,0.0,1.0,0.9404192073007469,1.0,0.0,0.0,0.9404192073007469,0.0,21,1,2021,4,26,4,0,0,2,1,0,1,GRAVE_MORTALIDAD,2
6,1,8,0,4,2,-12.467866462964286,-74.75936794070157,0,4,7,1,7,2,2,0,6543.555,2.0,4,4,1.0,14,33,1198.0,0.2384344802444541,67.45396259215201,48.33320155605621,3.970281640349326,209.0751854215882,3738.392273116081,8511.426,1445.3929999999996,2008.516,5057.516999999999,1879.579,6631.846999999998,22.08300935706896,9,1,0,0,8,36.79429876404133,32.857591452028615,39.746829248050865,0.015823171996820817,0.0,0.0,0.0,1,0,0.0,0.0,0.0,1.0,0.0,1.0,0.0,0.0,0.015823171996820817,0.0,19,2,2024,6,9,5,0,0,2,1,0,1,GRAVE_MORTALIDAD,2
6,1,10,0,4,2,-8.73744163304957,-77.28574610050515,1,4,3,0,3,2,2,2,6543.555,2.0,4,4,1.0,14,33,1198.0,0.19320838145937955,76.70842310633948,31.735820421936964,2.677525188859809,231.12909835967884,24486.988389282422,8586.892870276817,1334.5820694189783,1390.0177385076286,5862.29306235021,1143.21310457204,7443.679765704776,13.29791796559992,6,1,0,0,5,28.455202831237393,28.455202831237393,28.455202831237393,1.0,0.4772398584381302,0.0,0.0,1,0,0.0,0.5227601415618698,0.4772398584381302,0.0,0.0,0.4772398584381302,0.5227601415618698,0.4772398584381302,0.4772398584381302,0.4772398584381302,21,2,2022,1,21,2,0,1,0,1,0,1,GRAVE_MORTALIDAD,2
4,0,11,0,4,1,-11.774279398956129,-75.63962509386133,0,4,0,0,2,1,1,2,7586.903,2.0,2,0,1.0,9,5,1198.0,0.4661751657978504,68.6978477367882,60.14685160843379,7.4537962255496835,736.9304249060568,1118.3410295000695,12264.545,1826.4639999999995,1105.5389999999998,9332.542,1588.5359999999996,10676.009,12.952261987705208,5,1,0,0,4,36.890587008583715,34.30081654935624,39.48035746781119,1.0,0.0,0.0,0.47086735622317677,1,0,0.0,0.47086735622317677,0.0,1.0,0.0,1.0,0.47086735622317677,0.0,0.0,0.0,7,0,2021,9,19,0,0,0,2,1,0,1,GRAVE_MORTALIDAD,2
6,1,1,0,3,1,-9.116861102623805,-77.98040814309046,2,4,5,0,6,2,2,0,6543.555,2.0,4,4,1.0,14,33,1198.0,0.3855550721613244,79.17248286187174,43.35617226507762,5.071388705762766,552.6157071523492,6949.172511806487,10767.648,1885.0630000000003,1222.721,7659.864000000001,2100.343,8667.305000000002,19.506051832303577,2,1,0,0,1,55.49688035161127,55.49688035161127,55.49688035161127,1.0,0.0,0.0,0.0,1,0,0.0,0.656055021975704,0.343944978024296,0.0,0.0,0.0,1.0,0.343944978024296,0.0,0.0,2,0,2022,7,16,2,0,0,0,1,0,1,GRAVE_MORTALIDAD,2
1,0,14,2,2,4,-12.042273151376735,-77.03358757550228,0,0,4,0,2,2,2,1,6543.555,2.0,4,4,1.0,14,33,1198.0,0.723025545047463,80.08117854651555,74.97343649416133,10.586487574613447,1525.321740606494,156816.1986955464,7626.313,1683.4029999999998,1599.0829999999996,4343.827000000001,1814.875,5811.438000000001,23.797541485643197,3,1,0,1,0,35.35747312679205,35.35747312679205,35.35747312679205,1.0,0.559578854465342,0.0,0.44042114553465805,1,0,0.0,0.44042114553465805,0.0,1.0,0.44042114553465805,0.0,1.0,0.0,0.44042114553465805,0.0,21,2,2022,6,12,1,0,0,0,1,0,1,GRAVE_MORTALIDAD,2
2,1,12,0,4,1,-8.413427714096981,-78.7845696719979,0,2,7,1,2,2,2,1,6543.555,2.6870391505824807,2,1,1.0,4,30,1388.309844711347,0.5051395598219868,77.13285387085847,51.52067479184955,6.715328807318118,900.900383457586,67612.41755888652,8931.828000000005,1335.5899999999997,1935.9830000000004,5660.255000000005,1219.309,7712.519000000005,13.651281686122925,2,1,0,0,0,41.465754478786124,36.435195752912406,46.18335235524233,0.6870391505824806,0.6870391505824806,0.0,0.0,1,0,0.31296084941751945,0.6870391505824806,0.0,0.0,0.0,0.0,0.6870391505824806,0.0,0.6870391505824806,0.0,3,0,2021,3,5,4,0,0,0,1,0,1,GRAVE_MORTALIDAD,2
4,1,14,0,4,1,-12.274111202185628,-76.89278951641198,0,3,7,1,2,2,2,0,6639.975,2.0,2,0,1.0,9,31,1616.0,0.6909236767275176,78.41626133969348,70.97436336767564,9.826485374940413,1476.8351947609171,95908.53319057816,7626.313,1683.4029999999998,1599.0829999999996,4343.827000000001,1814.875,5811.438000000001,23.797541485643197,9,1,0,0,8,34.07725673725729,34.07725673725729,34.07725673725729,1.0,0.0,0.0,0.0,1,0,0.0,0.0,0.0,0.6580825847491903,0.0,0.0,1.0,0.0,0.34191741525080965,0.0,6,1,2023,9,16,1,0,0,0,1,0,1,GRAVE_MORTALIDAD,2
2,1,21,0,4,0,-3.956403251730915,-80.49196156973773,0,4,6,0,1,2,2,1,6543.555,2.8829882751420537,2,0,1.0,1,30,1442.587752214349,0.5337331763175109,74.68296619664684,65.97964796587387,8.51595263143029,878.0712986723695,11433.692145537974,1295.8487628196344,182.5392114408042,334.5397854061829,778.7697659726472,326.86381028010567,968.9849525395286,26.61458120075045,3,1,0,0,1,42.01080067741491,27.882988275142054,56.13861307968777,1.0,0.8829882751420538,0.0,0.8829882751420538,1,0,0.0,0.8829882751420538,0.0,0.8829882751420538,0.8829882751420538,0.0,1.0,0.0,0.8829882751420538,0.0,0,0,2024,3,17,1,0,1,0,1,0,1,GRAVE_MORTALIDAD,2
5,1,7,0,4,2,-13.788077524475066,-73.1302386564853,5,4,1,0,1,2,2,5,6543.555,2.0,4,4,1.0,14,33,1198.0,0.25323392094603364,70.74333874151975,47.09457272115618,5.361434782532319,192.14043662574613,9804.694988800704,12871.720812795276,1848.275847442875,1890.214233514312,9133.23073183809,2651.344158496181,10220.376654299094,20.541979166825023,5,1,0,0,4,36.310296152916735,36.00987302334482,36.61071928248866,1.0,1.0,0.0,0.7997179136187196,1,0,0.0,0.0,0.0,1.0,0.20028208638128042,0.0,0.0,1.0,0.7997179136187196,0.20028208638128042,11,1,2021,7,18,4,0,1,2,1,0,1,GRAVE_MORTALIDAD,2