CLASE SINIESTRO,CANTIDAD DE VEHICULOS DAÑADOS,DEPARTAMENTO,ZONA,TIPO DE VÍA,RED VIAL,COORDENADAS LATITUD,COORDENADAS  LONGITUD,CONDICIÓN CLIMÁTICA,ZONIFICACIÓN,CARACTERÍSTICAS DE VÍA,PERFIL LONGITUDINAL VÍA,SUPERFICIE DE CALZADA,¿EXISTE SEÑAL VERTICAL?,¿EXISTE SEÑAL HORIZONTAL?,CAUSA FACTOR PRINCIPAL,MTC_RVN_LONGITUD_KM,MTC_RVN_N_CARRILES_MEDIANA,MTC_RVN_SUPERFICIE_DOMINANTE,MTC_RVN_ESTADO_DOMINANTE,MTC_RVN_ES_CONCESIONADA,MTC_RVN_CONCESION_PRINCIPAL,MTC_RVN_CORREDOR_LOGISTICO,MTC_RVN_N_TRAMOS,IDH_2019,IDH_ESP_VIDA_2019,IDH_EDUC_SECUND_PCT_2019,IDH_ANIOS_EDUC_2019,IDH_INGRESO_PERCAP_2019,IDH_POBLACION_2019,MTC_DEP_RED_TOTAL_KM,MTC_DEP_NACIONAL_TOTAL_KM,MTC_DEP_DEPARTAMENTAL_TOTAL_KM,MTC_DEP_VECINAL_TOTAL_KM,MTC_DEP_PAV_TOTAL_KM,MTC_DEP_NO_PAV_TOTAL_KM,MTC_DEP_PCT_PAVIMENTADA,PER_TOTAL_PERSONAS,PER_N_CONDUCTORES,PER_N_CONDUCTORES_FUGADOS,PER_N_PEATONES,PER_N_PASAJEROS_OCUPANTES,PER_EDAD_COND_PROM,PER_EDAD_COND_MIN,PER_EDAD_COND_MAX,PER_ANY_COND_MASCULINO,PER_ANY_LIC_PROBLEMA,PER_ANY_DOSAJE_POS,PER_ANY_DOSAJE_EVALUADO,VEH_TOTAL,VEH_N_FUGADOS,VEH_ANY_FUGADO,VEH_ANY_CARGA,VEH_ANY_PUBLICO,VEH_ANY_PARTICULAR,VEH_ANY_MOTO,VEH_ANY_AUTO,VEH_ANY_CAMION_BUS,VEH_ANY_SOAT_PROBLEMA,VEH_ANY_CITV_PROBLEMA,VEH_ANY_SEGURO_PROBLEMA,HORA_NUM,FRANJA_HORARIA,ANIO,MES,DIA_MES,DIA_SEMANA,ES_FIN_SEMANA,ES_QUINCENA,REGION_NATURAL,TIENE_SEÑALIZACION,ES_VIA_MULTICARRIL,ES_DEPTO_BAJO_PAVIMENTO,CATEGORIA_SEVERIDAD,CATEGORIA_SEVERIDAD_ENC
3,1,14,0,4,1,-10.678535647184662,-77.79750579532647,0,4,7,1,2,1,0,1,6543.555,3.0,2,0,1.0,0,30,1475.0,0.6112016005077455,83.14447501052865,68.71728591064961,7.9024275410959035,1104.7586329231053,19895.834354853447,7626.313,1683.4029999999998,1599.0829999999996,4343.827000000001,1814.875,5811.438000000001,23.797541485643197,3,2,0,0,1,44.89797651568778,30.75353484856735,59.042418182808206,1.0,0.0,0.12323257571632484,1.0,2,0,0.0,1.0,1.0,0.0,0.0,0.8767674242836752,1.0,0.0,0.12323257571632484,0.0,19,1,2022,3,2,3,0,0,0,1,1,1,GRAVE_MORTALIDAD,2
3,2,14,0,4,1,-11.15425601456602,-77.58552945350719,0,4,7,0,2,1,1,2,6543.555,3.0,2,0,1.0,0,30,1475.0,0.7327345537337897,78.20903814342847,76.31492653513806,13.642917835589472,1405.6698219039215,62016.21841541756,7626.313,1683.4029999999998,1599.0829999999996,4343.827000000001,1814.875,5811.438000000001,23.797541485643197,8,2,0,0,6,41.102938749581725,34.397061250418275,47.808816248745174,1.0,0.0,0.3014693747908629,1.0,2,0,0.0,0.3014693747908629,0.6985306252091371,0.6985306252091371,0.0,1.0,1.0,0.0,0.3014693747908629,0.0,5,0,2024,4,12,4,0,0,0,1,1,1,GRAVE_MORTALIDAD,2
7,1,2,0,4,3,-14.036888575413647,-73.42462964497295,6,5,6,2,6,2,2,0,6543.555,2.0,4,4,1.0,14,33,1198.0,0.29051173772270444,67.9573423497222,62.322975873282516,5.117006295523434,262.908529788028,1079.4378948279723,8358.971,1282.451,1298.0969999999998,5778.423,1432.683,6926.288,17.139466089785454,2,1,0,0,1,28.913017573484247,28.913017573484247,28.913017573484247,1.0,0.0,0.0,0.0,1,0,0.0,0.0,0.0,1.0,0.0,0.0,1.0,0.0,0.0,0.0,19,2,2022,2,11,3,0,0,2,1,0,1,GRAVE_MORTALIDAD,2
6,1,9,0,4,0,-9.978403692696258,-76.55294474935225,2,4,0,0,7,2,2,3,6543.555,2.0,4,4,1.0,14,33,1198.0,0.3324329577442894,75.93331560685867,53.240791708544336,5.000641618290131,346.73465703779686,1775.5253819269574,8209.057,1333.4779999999996,791.9770000000001,6083.602,1059.8589999999997,7149.198,12.910849565303296,4,1,0,0,3,43.5138507345766,43.5138507345766,43.5138507345766,1.0,0.0,0.0,0.0,1,0,0.0,0.0,0.5138507345765979,0.4861492654234021,0.0,0.4861492654234021,0.5138507345765979,0.0,0.0,0.0,4,0,2022,6,16,1,0,0,2,1,0,1,GRAVE_MORTALIDAD,2
6,1,11,0,4,1,-11.638214319177068,-75.92484081011995,0,4,0,0,2,1,1,2,891.6224430585108,1.9032980143757106,1,0,0.9032980143757106,3,15,154.54947021563567,0.6725628818571838,75.72433055873543,67.37118351001652,10.188680645333823,1470.5294734430263,4880.714839724271,12264.545,1826.4639999999995,1105.5389999999998,9332.542,1588.5359999999996,10676.009,12.952261987705208,3,1,0,0,2,18.224145669358656,18.224145669358656,18.224145669358656,1.0,0.9032980143757106,0.0,0.09670198562428944,1,0,0.09670198562428944,0.0,0.0,1.0,0.0,0.9032980143757106,0.09670198562428944,0.0,0.9032980143757106,0.09670198562428944,21,1,2023,3,19,3,0,0,2,1,0,1,GRAVE_MORTALIDAD,2
3,1,14,0,4,1,-11.415437900247204,-77.43427088754974,0,4,7,1,2,1,0,1,6554.1724110934265,2.8898837264734865,2,0,1.0,0,30,1490.5263945672384,0.7298776749521275,78.35440535700053,77.02938736553264,13.292657698997182,1403.1155726221732,61802.59308057115,7626.313,1683.4029999999998,1599.0829999999996,4343.827000000001,1814.875,5811.438000000001,23.797541485643197,4,2,0,0,2,44.316918513187474,35.092209197003754,53.54162782937119,1.0,0.0,0.8898837264734866,0.8898837264734866,2,0,0.0,1.0,0.0,0.11011627352651343,0.0,1.0,1.0,0.0,0.8898837264734866,0.0,6,0,2023,7,3,0,0,0,0,1,0,1,GRAVE_MORTALIDAD,2
6,1,3,0,4,1,-15.64484129032234,-74.47391026760059,0,4,0,0,1,2,2,0,6622.412704991259,2.0,2,0,1.0,9,31,1539.8639357638024,0.5206929010832788,82.48257428789475,56.21553998046159,9.09027551820779,712.3680376216184,1323.1374889419994,10322.272,1495.236,1749.739,7077.2970000000005,2886.595,7435.677000000001,27.964725207783708,2,1,0,0,1,45.55359235862426,45.55359235862426,45.55359235862426,1.0,0.0,0.0,0.0,1,0,0.0,0.8178563056550295,0.0,0.18214369434497046,0.0,0.18214369434497046,0.8178563056550295,0.0,0.0,0.0,9,1,2021,8,29,5,0,1,0,1,0,1,GRAVE_MORTALIDAD,2
3,2,12,0,4,1,-9.970668509120046,-78.05610398630596,0,4,7,1,2,1,1,1,6543.555,3.0,2,0,1.0,0,30,1475.0,0.5677227857404032,78.46497113994086,61.80617954268867,7.663311987184746,1042.8461666956186,66676.40761575653,8292.31936291144,1505.9667613483446,1770.9519893757354,5015.40061218736,1511.0479696451494,6781.27139326629,18.62144348122883,9,2,0,0,7,39.77582584408083,34.97970323908736,45.87821943452412,1.0,0.0,0.0,1.0,2,0,0.0,1.0,0.0,0.5101483804563233,0.0,0.5101483804563233,1.0,0.0,0.5101483804563233,0.0,18,2,2023,2,23,1,0,1,0,1,1,1,GRAVE_MORTALIDAD,2
3,2,12,0,4,1,-8.470432923356753,-78.84718779160328,0,4,7,1,2,2,2,0,1403.9331338868421,2.0,2,0,1.0,3,21,203.09154885965737,0.4751632437861041,76.07733457004915,61.5926639131163,7.250296371549596,678.3749682572844,17690.906663749876,3528.7355049012663,563.3628210090518,704.2712093488408,2261.1014745433736,808.7398563406471,2719.995648560619,22.784625163354676,4,2,0,0,1,26.055040759464667,23.110081518929334,29.0,1.0,0.7362398101338331,0.0,0.7362398101338331,2,0,0.0,0.0,0.0,1.0,1.0,0.0,0.0,1.0,0.2637601898661669,1.0,14,1,2021,8,9,4,0,0,0,1,0,1,GRAVE_MORTALIDAD,2
6,1,13,0,4,0,-7.545552347436896,-78.5638847490523,0,3,3,0,1,2,2,3,3475.651573377174,2.0,3,2,1.0,7,26,623.218525512195,0.5797870190903858,75.3349426234699,68.10062476326877,9.310004705012553,996.7746016621422,96282.59440853033,8577.691150280203,1552.1550733069444,716.4852985613605,6309.050778411898,1622.2904664626544,6955.400683817549,18.653059122217368,3,1,0,0,2,25.383926500330716,25.383926500330716,25.383926500330716,1.0,0.5128970555188094,0.4871029444811906,1.0,1,0,0.0,0.0,0.5128970555188094,0.4871029444811906,0.5128970555188094,0.0,0.4871029444811906,0.0,0.5128970555188094,0.0,6,0,2021,4,27,2,0,1,1,1,0,1,GRAVE_MORTALIDAD,2
3,2,22,0,4,1,-3.7505134713614434,-80.4163364923227,0,4,7,0,2,2,2,1,5709.238646289091,2.4784243298991098,2,0,0.8696060824747774,1,30,1287.2327587636796,0.5839099537758707,78.03977432231068,69.4371946648806,9.251983714016351,963.856632398147,111790.1845605651,2046.6121513070502,352.83351599640287,333.0469340230034,1360.7317012876447,529.6145182122204,1516.9976330948302,27.089071045214283,6,2,0,0,4,35.45684865979822,28.0,42.91369731959644,1.0,0.13039391752522256,1.0,1.0,2,0,0.0,0.13039391752522256,1.0,0.0,0.8696060824747774,0.8696060824747774,0.13039391752522256,0.0,1.0,0.0,17,1,2021,9,19,5,0,1,0,1,0,1,GRAVE_MORTALIDAD,2
3,2,15,0,4,1,-6.0322707451730135,-80.06817875131523,0,4,4,0,2,1,1,0,1305.18,2.0,2,0,1.0,1,20,163.0,0.5182609445574906,74.49400235635392,64.56780032294988,8.355974523937244,803.8204124299435,78125.58943370347,5677.4371680586655,1025.5199522718817,668.4888247619627,3983.428391024821,1312.0097004140628,4365.427467644603,22.0898624019748,6,2,0,0,3,42.7916725003013,30.4444133317264,58.7222766694788,1.0,0.4027758332328999,0.5972241667671001,1.0,2,0,0.0,1.0,0.5972241667671001,1.0,0.0,1.0,1.0,0.0,1.0,0.0,8,1,2021,9,17,3,0,1,0,1,0,1,GRAVE_MORTALIDAD,2
3,1,10,0,4,0,-13.78487798115976,-75.65180831263592,0,4,7,1,2,2,2,0,760.7000860977869,1.0297646555851232,1,3,0.0297646555851232,9,32,276.276422805867,0.6611741551651583,79.44394589401755,80.60641243449774,11.688637425584838,1083.5335323051265,142658.90409859028,3643.303002897315,681.2405351055552,732.2422440378931,2229.8202237538662,1078.2373573278194,2565.0656455694952,29.499149555373105,4,1,0,0,3,70.9880017101058,70.9880017101058,70.9880017101058,1.0,0.0,0.0297646555851232,0.0297646555851232,1,0,0.0,0.9702353444148768,0.0,1.0,0.0,1.0,0.9702353444148768,0.0,0.0297646555851232,0.0,22,2,2023,9,17,3,0,1,0,1,0,1,GRAVE_MORTALIDAD,2
5,1,8,0,4,1,-12.547409746052406,-74.67040990819359,0,4,0,1,2,2,2,0,841.5093256960661,1.0,0,3,0.0,9,32,81.75149239498612,0.24136827598526062,67.72933160318708,48.21316402427803,4.028144527994671,212.58198786332582,3717.702652548277,8511.426,1445.3929999999996,2008.516,5057.516999999999,1879.579,6631.846999999998,22.08300935706896,3,1,0,0,2,49.44342343926418,49.44342343926418,49.44342343926418,1.0,1.0,0.0,0.06767724177112244,1,0,0.0,0.9323227582288776,0.0,0.06767724177112244,0.0,0.06767724177112244,1.0,0.0,0.0,0.0,4,0,2021,6,10,5,1,0,2,1,0,1,GRAVE_MORTALIDAD,2
3,1,9,0,4,1,-9.03589958238327,-77.95773863227751,0,4,5,0,3,2,2,1,6543.555,2.7416026194517853,2,1,1.0,3,30,1403.4239255881446,0.5863984212925338,80.38768679662404,72.908013771934,9.402099637542735,902.928777445737,27651.691766386844,8783.803251771295,1321.8590215950483,1771.1549285116218,5690.789301664625,1274.4442826770946,7509.3589690942,14.552619398898457,3,1,0,0,1,39.854006548629464,35.033589522192855,44.67442357506607,1.0,0.0,0.0,0.0,1,0,0.0,0.0,0.0,1.0,0.7416026194517855,1.0,0.0,0.0,0.7416026194517855,0.0,19,2,2024,1,24,5,0,1,0,1,0,1,GRAVE_MORTALIDAD,2
5,1,1,0,4,1,-9.68003543944286,-78.26715794630465,0,4,7,1,2,1,0,0,6543.555,3.0,2,0,1.0,0,30,1475.0,0.5873460606982213,78.04758132038613,65.8701248560095,8.596987164492063,1041.0659985770535,35482.29764453961,10767.648,1885.0630000000003,1222.721,7659.864000000001,2100.343,8667.305000000002,19.506051832303577,5,1,0,0,4,34.83824765252822,34.0,35.676495305056434,1.0,0.0,0.0,0.720584115823928,1,0,0.0,0.279415884176072,0.0,1.0,0.0,0.720584115823928,0.279415884176072,0.0,0.720584115823928,0.0,6,0,2022,10,17,5,0,1,0,1,1,1,GRAVE_MORTALIDAD,2
6,1,20,0,4,1,-14.81467348051347,-69.6855579514747,0,4,0,0,2,2,2,2,6543.555,2.0,4,4,1.0,14,33,1198.0,0.27347948366999164,67.44689974394,64.09201486206422,5.749581951601888,211.21311832672248,5491.563346392021,13642.312999999998,2020.7790000000005,2354.117,9267.416999999998,3314.0520000000006,10328.260999999997,24.29244952817019,3,1,0,0,2,62.15684975689438,62.15684975689438,62.15684975689438,1.0,1.0,0.0,0.0,1,0,0.0,0.0,0.0,1.0,0.0,0.0,1.0,0.8683464112067416,1.0,0.8683464112067416,18,2,2021,7,14,2,0,0,2,1,0,1,GRAVE_MORTALIDAD,2
3,1,4,2,3,1,-15.759937579992839,-72.37941219922284,0,0,1,0,2,2,2,0,2236.5932035318656,2.0,2,0,1.0,8,26,380.04879826081003,0.6475931865284866,77.64804589432015,77.93099084317608,10.337307744897352,1156.058680251561,196865.21879907727,9930.558458609808,1522.5760159063134,1727.8492029772408,6680.133239726253,2730.8777815338817,7199.680677075926,27.359247790128904,3,1,0,0,1,42.64964142746973,31.965848301304767,53.3334345536347,1.0,0.0,0.0,0.0,1,0,0.0,0.8547034500931975,0.0,1.0,0.8547034500931975,0.14529654990680252,0.8547034500931975,0.0,0.0,0.0,7,0,2022,6,17,1,0,1,0,1,0,1,GRAVE_MORTALIDAD,2
6,1,3,0,4,0,-15.650958071432813,-71.64127860996925,1,3,0,0,2,0,1,0,6543.555,2.0,4,4,1.0,14,33,1198.0,0.5325761945469989,81.34951653829121,50.97523181639888,6.867251361766504,964.6116839691138,2104.1584582441114,10322.272,1495.236,1749.739,7077.2970000000005,2886.595,7435.677000000001,27.964725207783708,3,1,0,0,2,22.504093141586115,22.504093141586115,22.504093141586115,1.0,0.8346977138620387,0.0,0.0,1,0,0.0,0.0,0.8346977138620387,0.16530228613796127,1.0,0.0,0.0,0.8346977138620387,0.8346977138620387,0.8346977138620387,13,2,2022,4,19,5,0,1,0,1,0,1,GRAVE_MORTALIDAD,2
6,1,5,0,4,1,-13.105313730435872,-74.6891725337477,2,4,1,0,2,1,0,4,1586.4649311298474,1.8542607889973357,1,2,0.8542607889973357,9,25,289.6413772855364,0.27559759308448045,77.43807179710979,44.33359080997704,4.1889399861362495,261.26314505817885,3965.2498545364315,12618.369567673231,1808.1913617233477,1676.6080661407734,9133.570139809111,2354.6703917435825,10263.699175929649,18.633477190846406,2,1,0,0,1,52.668172623957375,52.668172623957375,52.668172623957375,1.0,0.0,0.0,1.0,1,0,0.1457392110026643,0.0,0.0,1.0,0.0,0.0,1.0,0.0,0.0,0.1457392110026643,3,0,2021,11,11,0,0,0,2,1,0,1,GRAVE_MORTALIDAD,2
3,2,12,0,4,1,-7.129411869299641,-79.49049886811241,0,4,7,1,2,2,2,2,6543.555,3.0,2,0,1.0,0,30,1475.0,0.5114727232493018,78.60606800160349,61.153108160372966,6.422343227671115,862.4189512831092,24701.19700214133,8931.828000000005,1335.5899999999997,1935.9830000000004,5660.255000000005,1219.309,7712.519000000005,13.651281686122925,7,2,0,0,5,42.57387994630112,32.07387994630112,53.07387994630112,1.0,1.0,0.0,0.0,2,0,0.0,0.49076500671236045,1.0,0.0,1.0,0.0,1.0,0.0,0.0,1.0,5,0,2023,10,15,2,0,0,0,1,1,1,GRAVE_MORTALIDAD,2
3,2,3,0,4,1,-15.850547770272183,-71.08284635669237,0,4,7,0,2,0,1,0,1504.4250000000002,2.0,2,0,1.0,7,25,241.0,0.4498224071382834,81.63336343193146,58.84842497065013,5.774685730039019,620.6584683449911,1358.612419700214,10322.272,1495.236,1749.739,7077.2970000000005,2886.595,7435.677000000001,27.964725207783708,8,2,0,0,6,44.3245969862068,30.154102513343272,58.49509145907033,1.0,0.5934432161918958,0.0,0.0,2,0,0.0,0.0,0.0,1.0,0.0,1.0,0.5934432161918958,0.0,0.4065567838081042,0.0,9,1,2021,4,16,1,0,0,0,1,0,1,GRAVE_MORTALIDAD,2
6,1,7,0,4,2,-13.633951837255958,-71.00605635164695,0,4,4,0,1,1,0,6,6543.555,2.0,4,4,1.0,14,33,1198.0,0.22659786640226087,63.44847678013732,33.19543676120439,4.160136519419522,237.12578581423912,4205.917553318657,17779.13499998999,2097.3709999899997,2863.123,12818.640999999989,2878.713,14900.421999989989,16.19152450331032,4,1,0,0,3,42.0,42.0,42.0,1.0,0.0,0.0,0.0,1,0,0.0,0.0,0.0,0.9031907788344291,0.0,0.0,0.9031907788344291,0.0,0.0,0.09680922116557089,21,2,2022,7,10,1,0,0,2,1,0,1,GRAVE_MORTALIDAD,2
4,1,20,0,4,1,-14.298730986354458,-70.33105288401765,0,4,7,0,2,2,2,2,1659.844165886217,2.0,2,0,1.0,6,23,343.05081604930695,0.4519236672440756,68.42385235440202,74.02532228481778,7.431615422639588,626.2974677485738,5170.636212729026,13642.312999999998,2020.7790000000005,2354.117,9267.416999999998,3314.0520000000006,10328.260999999997,24.29244952817019,4,1,0,0,2,32.32875682300486,30.149937226976387,34.50757641903333,1.0,0.0,0.0,0.0,1,0,0.0,0.6038509825402779,0.0,0.3961490174597221,0.0,0.3961490174597221,1.0,0.3961490174597221,0.0,0.3961490174597221,8,1,2022,2,10,3,0,0,2,1,0,1,GRAVE_MORTALIDAD,2
4,1,12,0,4,1,-8.542494836866123,-78.69530657987384,0,4,7,1,2,2,2,0,6543.555,2.423385992870282,3,2,1.0,8,31,1315.2779200250682,0.4971504606547645,77.79759708660042,46.44666297237219,6.322206801902116,929.9716106661404,44368.59100642397,8931.828000000005,1335.5899999999997,1935.9830000000004,5660.255000000005,1219.309,7712.519000000005,13.651281686122925,5,1,0,0,3,34.10279884671107,27.963701950091973,40.24189574333016,1.0,0.0,0.0,0.0,1,0,0.0,0.4233859928702822,0.4233859928702822,0.5766140071297178,0.0,0.4233859928702822,1.0,0.0,0.4233859928702822,0.0,19,2,2023,6,7,2,0,0,0,1,0,1,GRAVE_MORTALIDAD,2
3,1,14,0,3,2,-11.806288555466262,-76.99030413668766,0,2,3,1,2,1,1,0,3493.3411108465534,2.0,2,3,0.44123405537560234,11,27,1101.3334915799792,0.6498693508177541,78.84967382596041,74.11456675539837,9.21786785255454,1246.479589064551,356854.23554603854,7626.313,1683.4029999999998,1599.0829999999996,4343.827000000001,1814.875,5811.438000000001,23.797541485643197,9,2,0,0,7,32.83912785832184,28.412340553756025,37.26591516288765,1.0,0.0,0.0,0.0,2,0,0.0,0.44123405537560234,0.5587659446243977,0.5587659446243977,0.0,0.0,1.0,0.44123405537560234,1.0,0.0,11,1,2024,6,13,3,0,0,0,1,0,1,GRAVE_MORTALIDAD,2
7,1,5,0,4,2,-6.550665321805393,-78.62023932166021,2,4,2,0,2,2,2,1,6543.555,2.0,4,4,1.0,14,33,1198.0,0.2853850179804547,74.24025524741252,34.17980938225644,4.161514612967485,329.19591704447816,3188.663974269827,15935.565011852366,1733.9250000199986,935.692,13265.948011832368,2000.1670000199988,13935.398011832369,12.551591352627522,8,1,0,0,7,10.763915964566412,10.763915964566412,10.763915964566412,1.0,0.3711695160195314,0.0,0.6288304839804686,1,0,0.0,0.3711695160195314,0.0,0.6288304839804686,0.0,0.0,1.0,0.0,0.3711695160195314,0.0,7,1,2023,2,24,0,0,1,2,1,0,1,GRAVE_MORTALIDAD,2
6,1,8,0,4,1,-12.420343757011151,-74.97885802156776,0,4,5,1,3,1,0,0,7586.903,2.0,2,0,1.0,9,5,1198.0,0.3020398920370255,72.07052435217096,47.863311441602676,4.578585252664311,321.3674349335719,3368.265487534042,8511.426,1445.3929999999996,2008.516,5057.516999999999,1879.579,6631.846999999998,22.08300935706896,5,1,0,0,4,48.50049827529611,48.50049827529611,48.50049827529611,1.0,0.7856431035291273,0.0,0.0,1,0,0.0,0.0,0.0,1.0,0.0,1.0,0.0,0.0,0.0,0.0,9,1,2024,2,10,2,0,0,2,1,0,1,GRAVE_MORTALIDAD,2
3,1,3,0,4,1,-15.803303273065934,-71.0571814232223,0,4,7,1,2,2,2,0,1504.4250000000002,2.0,2,0,1.0,7,25,241.0,0.4498224071382834,81.63336343193146,58.84842497065013,5.774685730039019,620.6584683449911,1358.612419700214,10322.272,1495.236,1749.739,7077.2970000000005,2886.595,7435.677000000001,27.964725207783708,9,2,0,0,7,37.13199611003943,27.98880622393691,45.011193776063095,1.0,0.0,0.0,1.0,2,0,0.0,1.0,0.252798444015773,0.747201555984227,0.0,0.747201555984227,1.0,0.0,0.747201555984227,0.0,10,1,2023,6,7,5,1,0,0,1,0,1,GRAVE_MORTALIDAD,2
6,1,2,0,3,1,-13.588472235985316,-73.16522492813304,5,4,5,1,5,2,2,0,7523.149178769145,2.0,2,0,1.0,9,6,1198.0,0.6121614960479773,74.45865142032325,78.9774919503175,10.661779649235449,1018.7898083665398,57720.23591554462,8314.20190363392,1306.9511879815307,1316.4887615570165,5690.761954095373,1456.036857431905,6858.165046202015,17.546308052897544,3,1,0,0,2,25.6886217581839,25.6886217581839,25.6886217581839,1.0,0.0,0.0,0.0,1,0,0.0,0.0,0.0,0.06110503995872496,0.0,1.0,0.0,0.0,0.0,0.0,6,1,2023,4,18,2,0,1,1,1,0,1,GRAVE_MORTALIDAD,2
3,1,2,1,4,1,-15.868912141103904,-73.26534142848406,0,0,7,1,2,1,1,0,6629.753053470628,2.1060147949530394,2,0,1.0,8,30,1601.0519139116216,0.6358654267989909,84.14316029500746,67.90188636146503,8.81881939196568,1145.4262555456232,16434.21129084919,10369.488445317005,1536.5634294721585,1693.8672947934392,7139.0577210514075,2803.240655438583,7566.247789878423,27.06798068430745,41,2,0,0,39,51.34248957412015,34.091733690845295,68.593245457395,1.0,0.10601479495303923,0.0,0.10601479495303923,2,0,0.0,0.10601479495303923,0.8939852050469608,0.8939852050469608,0.10601479495303923,0.8939852050469608,1.0,0.0,0.10601479495303923,0.0,16,1,2024,2,24,3,0,0,0,1,0,1,GRAVE_MORTALIDAD,2
3,2,10,2,4,1,-9.28404888699083,-77.10072570347666,0,4,2,1,2,2,2,2,469.30236375867116,2.337480325674898,2,1,0.33748032567489816,9,17,168.34220216369934,0.37149278878499636,78.9065830433453,49.21242025796975,5.310946545021436,498.30273287820785,19562.149615147555,8452.977992468373,1334.190758447825,1178.0565174540377,5940.730716566511,1113.6702379288622,7339.307754539511,13.16073083857766,2,2,0,0,0,41.12519674325102,22.975118045950612,59.275275440551425,1.0,0.0,0.0,0.0,2,0,0.0,0.0,0.0,1.0,1.0,0.0,0.0,0.6625196743251018,0.0,1.0,16,2,2022,4,25,5,1,1,1,1,0,1,GRAVE_MORTALIDAD,2
3,1,3,0,4,1,-15.765926199415233,-70.98521192773315,0,4,7,0,2,0,1,0,1504.4250000000002,2.0,2,0,1.0,7,25,241.0,0.4498224071382834,81.63336343193146,58.84842497065013,5.774685730039019,620.6584683449911,1358.612419700214,10322.272,1495.236,1749.739,7077.2970000000005,2886.595,7435.677000000001,27.964725207783708,8,2,0,0,6,45.6182971228958,31.917855079326657,59.31873916646494,1.0,0.7294637698316637,0.0,0.2705362301683363,2,0,0.0,0.2705362301683363,0.0,1.0,0.0,1.0,1.0,0.0,0.2705362301683363,0.0,7,1,2021,6,11,1,0,0,0,1,0,1,GRAVE_MORTALIDAD,2
7,2,3,0,4,1,-16.056033797121643,-71.3469105813545,0,4,2,0,2,0,1,0,1504.4250000000002,2.0,2,0,1.0,7,25,241.0,0.4685280505645348,81.83746865987648,70.74305753660312,6.037751599761188,617.4715908037651,1751.8736616702354,10322.272,1495.236,1749.739,7077.2970000000005,2886.595,7435.677000000001,27.964725207783708,7,2,0,0,5,43.26148687493051,40.267768055504085,46.255205694356945,1.0,0.0,0.0,0.0,2,0,0.0,1.0,0.42677680555040853,0.0,0.0,0.0,1.0,0.0,0.0,0.0,14,1,2022,1,18,3,0,1,0,1,0,1,GRAVE_MORTALIDAD,2
1,1,12,1,4,1,-8.411125196331056,-78.7814320268661,0,1,7,1,2,2,2,0,6543.555,2.3376493019992344,3,2,1.0,9,31,1291.528856653788,0.5051395598219868,77.13285387085847,51.52067479184955,6.715328807318118,900.900383457586,67612.41755888652,8931.828000000005,1335.5899999999997,1935.9830000000004,5660.255000000005,1219.309,7712.519000000005,13.651281686122925,3,1,0,0,1,37.0,33.337649301999235,40.0,0.3376493019992346,0.0,0.0,0.3376493019992346,1,0,0.6623506980007654,0.3376493019992346,0.0,0.3376493019992346,0.0,0.3376493019992346,0.3376493019992346,0.0,0.3376493019992346,0.0,10,1,2021,1,7,2,0,0,0,1,0,1,GRAVE_MORTALIDAD,2
3,1,11,0,4,0,-11.26306866992662,-75.81706317566761,0,4,0,1,6,2,2,2,6555.530915607247,2.0,3,3,1.0,13,32,1198.0,0.38221416993130464,78.68198399361114,56.86087847267285,5.953246911465085,413.6299767287441,4352.1026122490675,12264.545,1826.4639999999995,1105.5389999999998,9332.542,1588.5359999999996,10676.009,12.952261987705208,3,2,0,0,1,19.039482544214003,18.436177376173028,19.642787712254986,1.0,0.9885216479954467,0.0,0.011478352004553272,2,0,0.0,0.0,0.011478352004553272,0.9885216479954467,1.0,0.9885216479954467,0.011478352004553272,0.9885216479954467,1.0,1.0,20,2,2022,11,24,5,0,0,2,1,0,1,GRAVE_MORTALIDAD,2
6,1,1,0,4,1,-8.565534198016975,-77.63667447038185,5,4,6,0,1,1,1,0,1703.219,1.0,0,3,0.0,9,28,247.0,0.2267566967990724,73.46746934309817,45.28360391988235,4.141344271662885,167.3668860380842,2469.2833899059324,10767.648,1885.0630000000003,1222.721,7659.864000000001,2100.343,8667.305000000002,19.506051832303577,26,1,0,0,25,44.6466771581243,44.6466771581243,44.6466771581243,1.0,0.0,0.0,0.0,1,0,0.0,0.0,0.9747626541517358,0.025237345848264203,0.0,0.0,1.0,0.9747626541517358,0.025237345848264203,0.0,15,2,2022,5,13,5,1,0,0,1,0,1,GRAVE_MORTALIDAD,2