CLASE SINIESTRO,CANTIDAD DE VEHICULOS DAÑADOS,DEPARTAMENTO,ZONA,TIPO DE VÍA,RED VIAL,COORDENADAS LATITUD,COORDENADAS  LONGITUD,CONDICIÓN CLIMÁTICA,ZONIFICACIÓN,CARACTERÍSTICAS DE VÍA,PERFIL LONGITUDINAL VÍA,SUPERFICIE DE CALZADA,¿EXISTE SEÑAL VERTICAL?,¿EXISTE SEÑAL HORIZONTAL?,CAUSA FACTOR PRINCIPAL,MTC_RVN_LONGITUD_KM,MTC_RVN_N_CARRILES_MEDIANA,MTC_RVN_SUPERFICIE_DOMINANTE,MTC_RVN_ESTADO_DOMINANTE,MTC_RVN_ES_CONCESIONADA,MTC_RVN_CONCESION_PRINCIPAL,MTC_RVN_CORREDOR_LOGISTICO,MTC_RVN_N_TRAMOS,IDH_2019,IDH_ESP_VIDA_2019,IDH_EDUC_SECUND_PCT_2019,IDH_ANIOS_EDUC_2019,IDH_INGRESO_PERCAP_2019,IDH_POBLACION_2019,MTC_DEP_RED_TOTAL_KM,MTC_DEP_NACIONAL_TOTAL_KM,MTC_DEP_DEPARTAMENTAL_TOTAL_KM,MTC_DEP_VECINAL_TOTAL_KM,MTC_DEP_PAV_TOTAL_KM,MTC_DEP_NO_PAV_TOTAL_KM,MTC_DEP_PCT_PAVIMENTADA,PER_TOTAL_PERSONAS,PER_N_CONDUCTORES,PER_N_CONDUCTORES_FUGADOS,PER_N_PEATONES,PER_N_PASAJEROS_OCUPANTES,PER_EDAD_COND_PROM,PER_EDAD_COND_MIN,PER_EDAD_COND_MAX,PER_ANY_COND_MASCULINO,PER_ANY_LIC_PROBLEMA,PER_ANY_DOSAJE_POS,PER_ANY_DOSAJE_EVALUADO,VEH_TOTAL,VEH_N_FUGADOS,VEH_ANY_FUGADO,VEH_ANY_CARGA,VEH_ANY_PUBLICO,VEH_ANY_PARTICULAR,VEH_ANY_MOTO,VEH_ANY_AUTO,VEH_ANY_CAMION_BUS,VEH_ANY_SOAT_PROBLEMA,VEH_ANY_CITV_PROBLEMA,VEH_ANY_SEGURO_PROBLEMA,HORA_NUM,FRANJA_HORARIA,ANIO,MES,DIA_MES,DIA_SEMANA,ES_FIN_SEMANA,ES_QUINCENA,REGION_NATURAL,TIENE_SEÑALIZACION,ES_VIA_MULTICARRIL,ES_DEPTO_BAJO_PAVIMENTO,CATEGORIA_SEVERIDAD,CATEGORIA_SEVERIDAD_ENC
6,1,5,0,4,2,-5.907929956668634,-78.95997993915552,1,4,1,0,2,2,2,2,6543.555,2.0,4,4,1.0,14,33,1198.0,0.28944805335923585,73.9874969798881,39.55805639951867,4.767600306656334,296.91431831364673,7005.747133265344,15935.565011852366,1733.9250000199986,935.692,13265.948011832368,2000.1670000199988,13935.398011832369,12.551591352627522,3,1,0,0,2,27.337319010502462,27.337319010502462,27.337319010502462,1.0,0.0,0.0,1.0,1,0,0.0,0.0,0.0,1.0,0.0,0.25264603062128665,0.7473539693787133,0.25264603062128665,1.0,0.25264603062128665,14,1,2023,6,6,5,1,0,2,1,0,1,GRAVE_MORTALIDAD,2
4,1,1,0,4,1,-9.454862843742339,-78.33650099830818,3,4,6,1,4,2,2,0,6543.555,3.0,2,0,1.0,0,30,1475.0,0.5873460606982213,78.04758132038613,65.8701248560095,8.596987164492063,1041.0659985770535,35482.29764453961,10767.648,1885.0630000000003,1222.721,7659.864000000001,2100.343,8667.305000000002,19.506051832303577,4,1,0,0,2,40.60037030555575,40.080296244444604,41.1204443666669,1.0,0.0,0.0,0.0,1,0,0.0,0.4799259388888496,0.0,0.5200740611111504,0.0,0.5200740611111504,0.4799259388888496,0.0,0.0,0.0,3,0,2021,10,25,2,0,1,0,1,1,1,GRAVE_MORTALIDAD,2
6,1,19,0,4,1,-4.8510168132851526,-80.52640090140787,0,4,7,1,2,2,2,0,451.63368086518074,2.0,2,1,0.4780469965214361,5,26,46.18546218784245,0.45304501261907704,75.37478023111898,62.45183003261824,6.70493081574456,635.3287898244765,12092.97323304465,8965.846000060003,1782.4120000599992,636.9959999999999,6546.438000000004,2214.505000059999,6751.341000000004,24.699342371541725,3,1,0,0,2,47.96101307304984,46.0488250869641,49.395154062614154,1.0,0.5219530034785639,0.0,1.0,1,0,0.0,0.0,0.0,1.0,1.0,0.0,0.0,1.0,0.5219530034785639,1.0,11,2,2021,5,20,0,0,0,0,1,0,1,GRAVE_MORTALIDAD,2
6,1,11,1,4,1,-11.5575881135024,-75.8698095414933,0,4,0,0,2,0,1,0,7586.903,2.0,2,0,1.0,9,5,1198.0,0.6211711217784234,75.51508523355102,70.90101252241288,10.049671623026311,1128.403546167389,8996.89721627409,12264.545,1826.4639999999995,1105.5389999999998,9332.542,1588.5359999999996,10676.009,12.952261987705208,3,1,0,0,2,30.988137725925412,30.988137725925412,30.988137725925412,1.0,0.0,0.0,0.0,1,0,0.0,0.0,0.0,1.0,0.0,1.0,0.0,0.0,0.5889330749455641,0.0,14,1,2023,7,10,0,0,0,2,1,0,1,GRAVE_MORTALIDAD,2
3,1,5,0,4,1,-6.715359170125141,-78.5281250443186,0,3,1,0,1,1,1,1,7539.027223827581,1.7516761720229193,1,0,0.7516761720229193,9,32,2891.3359302466347,0.3484871558022944,76.33677469666252,53.28672218475212,4.131981838863427,447.1658531581213,76209.5845824411,15935.565011852366,1733.9250000199986,935.692,13265.948011832368,2000.1670000199988,13935.398011832369,12.551591352627522,3,1,0,0,2,21.24832382797708,15.986590623816646,26.510057032137517,1.0,0.7516761720229193,0.0,0.7516761720229193,1,0,0.0,0.7516761720229193,0.0,1.0,0.7516761720229193,0.0,1.0,1.0,0.7516761720229193,0.7516761720229193,17,2,2023,4,13,3,0,0,2,1,0,1,GRAVE_MORTALIDAD,2
3,2,16,0,4,1,-15.200155938594776,-72.10755146997566,0,4,7,1,2,2,2,3,4949.889321647589,1.6234778305192963,1,1,0.6234778305192964,9,15,840.3039389933316,0.6544745601483425,73.42760734625536,81.84293096651471,11.710354423965196,1175.3614360040187,143881.19782618707,9906.892281863022,1522.793414300008,1748.1983222410083,6635.900545322005,2481.505381474912,7425.386900388109,26.304524197047524,3,1,0,0,1,52.983926169161464,47.68436460974744,58.28348772857548,1.0,0.0,0.0,0.0,2,0,0.0,0.3765221694807036,0.6234778305192964,1.0,0.0,1.0,1.0,0.6234778305192964,0.6234778305192964,0.6234778305192964,23,2,2023,5,14,1,0,0,1,1,0,1,GRAVE_MORTALIDAD,2
6,1,4,0,4,1,-13.654074199834264,-74.68096652166923,0,4,0,0,2,2,2,2,1509.2609331456017,0.8008443815841111,1,3,0.600281460528037,9,27,275.82758313174764,0.3303396307193292,75.74871417622195,40.70598406060832,5.336185806177439,422.8176660970754,3697.863189657565,12678.733000000004,1805.074000000001,1774.0339999999994,9099.625000000004,2485.375000000001,10193.358000000002,19.602707936195205,6,1,0,0,5,48.807880894785036,48.807880894785036,48.807880894785036,1.0,0.600281460528037,0.0,0.399718539471963,1,0,0.0,0.0,0.0,1.0,0.0,0.0,1.0,1.0,0.399718539471963,0.399718539471963,5,0,2022,8,17,5,1,0,2,1,0,1,GRAVE_MORTALIDAD,2
2,2,13,0,3,1,-7.246267744056777,-79.37585250814718,0,3,7,1,2,2,2,0,1585.5088246621133,2.0,2,0,1.0,1,20,218.38746911499982,0.5615637357131259,74.80028082455188,67.35722109431894,9.655789012421831,899.2690389169361,79325.98356160831,3416.3914312822612,521.2488605718397,678.8984386836762,2216.2441320267453,722.9063484818915,2693.4850828003696,21.399731756484634,6,2,0,0,3,43.6253987596087,24.48163016621739,68.3945661126087,0.9464855370869567,0.0,0.9464855370869567,0.9464855370869567,2,0,0.05351446291304329,0.9464855370869567,0.9464855370869567,0.9464855370869567,0.0,0.9464855370869567,0.9464855370869567,0.0,0.9464855370869567,0.05351446291304329,10,1,2022,11,15,4,0,0,0,1,0,1,GRAVE_MORTALIDAD,2
4,1,20,0,4,1,-15.79324653697604,-70.11784225265747,0,4,3,1,2,2,2,2,7194.050877295612,2.0,2,1,1.0,10,15,1198.0,0.35084783327539326,72.04813833328663,67.04102798233127,5.779054836730824,351.6954358531689,5413.685127890006,13642.312999999998,2020.7790000000005,2354.117,9267.416999999998,3314.0520000000006,10328.260999999997,24.29244952817019,5,1,0,0,3,58.56479543168395,56.493878848842805,60.63571201452509,1.0,0.6234697122107017,0.0,0.0,1,0,0.0,0.0,0.3765302877892983,0.6234697122107017,0.0,0.0,1.0,0.0,0.0,0.0,18,2,2022,8,8,4,0,0,2,1,0,1,GRAVE_MORTALIDAD,2
6,1,17,0,4,1,-7.094377603467047,-79.04120529205248,0,4,1,0,2,1,0,2,280.53879195019726,2.0,2,0,0.767944260298844,2,15,51.16027869850578,0.3121393073219275,68.44873509648785,48.74518318824918,5.122676597294003,428.8793976476567,38093.0756341653,8654.99967887697,1759.4363933140041,860.2538104418659,6035.3094751211,2121.768564789303,6533.231114087667,24.490074299901384,25,1,0,0,24,48.76794426029885,48.76794426029885,48.76794426029885,1.0,0.0,0.0,1.0,1,0,0.0,0.0,1.0,0.0,0.0,0.0,1.0,0.0,0.0,0.0,6,0,2023,7,26,4,0,1,0,1,0,1,GRAVE_MORTALIDAD,2
5,1,20,0,4,0,-14.913719170685726,-69.71274053709051,0,4,1,1,2,2,2,4,6820.428375199698,2.0,3,2,1.0,12,25,1198.0,0.5404708307999381,64.70696921277188,75.5380170944143,7.774987754589948,1293.312195974368,25939.947010315227,13642.312999999998,2020.7790000000005,2354.117,9267.416999999998,3314.0520000000006,10328.260999999997,24.29244952817019,9,1,0,0,8,37.1844413392237,34.796110334805924,39.57277234364148,1.0,0.0,0.0,0.0,1,0,0.0,0.26537011160197543,0.26537011160197543,0.0,0.0,0.0,1.0,0.0,0.7346298883980246,0.0,12,1,2022,2,18,3,0,0,2,1,0,1,GRAVE_MORTALIDAD,2
3,1,9,0,4,1,-9.328438247536903,-77.74527378952607,0,4,7,1,2,2,2,0,7138.38569656986,2.0,2,0,1.0,9,26,1846.4075257660418,0.6416335430903757,76.66889944039582,69.79616097965082,9.339239848304599,1284.86290757898,98784.81050190127,11329.435237944697,1705.9187621302897,1303.4344914401154,8320.081984374292,1897.4527007134416,9431.982537231255,18.7856429459209,3,2,0,0,1,31.445662525659657,30.10867494868069,32.78265010263862,1.0,0.0,0.0,0.44566252565965514,2,0,0.0,0.44566252565965514,0.0,1.0,0.44566252565965514,0.0,1.0,0.44566252565965514,0.44566252565965514,0.44566252565965514,4,0,2022,8,24,3,0,1,0,1,0,1,GRAVE_MORTALIDAD,2
6,1,8,0,4,0,-12.99557002632363,-74.7684749460777,0,4,1,0,2,1,0,0,6543.555,2.0,4,4,1.0,14,33,1198.0,0.3648777342527826,72.61386206398959,50.19709555656983,5.638488277525374,444.6393044914551,24733.083511777302,8511.426,1445.3929999999996,2008.516,5057.516999999999,1879.579,6631.846999999998,22.08300935706896,7,1,0,0,6,32.992579723944125,32.992579723944125,32.992579723944125,1.0,0.0,0.0,0.0,1,0,0.0,0.0,0.8004946850703916,0.19950531492960843,0.0,0.19950531492960843,0.8004946850703916,0.0,1.0,0.0,14,2,2025,1,22,1,0,0,2,1,0,1,GRAVE_MORTALIDAD,2
5,1,7,0,4,1,-13.207477177303033,-72.18969034597559,3,4,2,0,2,0,1,2,3447.8009999999995,1.0,2,3,0.0,9,12,1109.0,0.4314904712102822,76.5324646010539,60.53530620486025,6.54547663201508,560.8283627266212,3933.711825915774,17779.13499998999,2097.3709999899997,2863.123,12818.640999999989,2878.713,14900.421999989989,16.19152450331032,3,1,0,0,2,50.76942517152687,50.76942517152687,50.76942517152687,1.0,0.7060508989831025,0.0,0.0,1,0,0.29394910101689753,0.0,0.0,1.0,0.29394910101689753,0.0,0.7060508989831025,0.29394910101689753,0.0,0.29394910101689753,18,2,2023,9,5,1,0,0,2,1,0,1,GRAVE_MORTALIDAD,2
3,1,13,0,4,1,-8.11648951310129,-79.14156417100926,0,3,7,1,2,2,2,0,6566.414707595242,2.76291529148266,2,0,1.0,2,30,1508.428943900945,0.5985258078798743,80.21579523303173,72.70691096542764,9.662370470719388,966.4817747350801,96667.50811443113,4447.533362371936,792.0577854338576,905.3221651137858,2750.1534118242935,966.8793952111937,3480.653967160743,21.152097086502074,5,1,0,0,3,30.95894939463729,25.23708470851734,36.68081408075724,1.0,0.0,0.0,0.0,1,0,0.0,0.7629152914826599,0.0,1.0,0.0,0.7629152914826599,1.0,0.0,0.2370847085173401,0.0,14,2,2022,5,4,3,0,0,0,1,0,1,GRAVE_MORTALIDAD,2
5,1,19,0,4,0,-14.423161968389559,-69.86822114991004,0,4,0,0,1,2,2,4,6543.555,2.0,4,4,1.0,14,33,1198.0,0.6086951482010348,62.370728221468795,74.23176076979725,8.122921987401858,1616.43295704352,26487.042662560572,13855.347157429704,2024.7232625725176,2380.32931088428,9450.294583972907,3291.633322797666,10563.713834632037,23.875275732179837,11,1,0,0,10,34.154491170345416,33.58802354574556,34.720958794945275,1.0,0.05149705678180527,0.0,0.05149705678180527,1,0,0.0,0.05149705678180527,0.0,0.05149705678180527,0.05149705678180527,0.0,1.0,0.05149705678180527,1.0,0.05149705678180527,11,1,2022,1,21,3,0,1,2,1,0,1,GRAVE_MORTALIDAD,2
2,2,1,0,3,3,-9.133667125409804,-77.7952840876322,0,3,7,1,2,1,1,1,6543.555,2.055334267828905,3,3,1.0,13,32,1213.3275921886066,0.43096289899941387,72.40161564221475,61.36596264957627,6.3959552669901285,599.1058513701232,21218.32936229977,10767.648,1885.0630000000003,1222.721,7659.864000000001,2100.343,8667.305000000002,19.506051832303577,4,2,0,0,1,30.07245129741197,15.996016820920286,43.77866292868438,0.9446657321710952,0.9446657321710952,0.0,0.0,2,0,0.055334267828904826,0.0,0.0,0.9446657321710952,0.9446657321710952,0.9446657321710952,0.0,0.9446657321710952,0.9446657321710952,1.0,19,1,2022,10,22,6,1,0,0,1,0,1,GRAVE_MORTALIDAD,2
3,2,3,0,4,1,-16.15645885185984,-71.60736320887591,0,4,7,1,2,0,1,0,1669.2305423697894,2.0,2,0,1.0,7,27,300.28888309340016,0.489136803738552,82.60141746327909,61.66878999598755,6.87456955062823,681.9341253564446,1073.9232130219054,10322.272,1495.236,1749.739,7077.2970000000005,2886.595,7435.677000000001,27.964725207783708,5,2,0,0,3,35.52485389649013,32.219883117192104,38.82982467578815,1.0,0.6099415585960517,0.0,0.6099415585960517,2,0,0.0,1.0,0.0,1.0,0.0,0.3900584414039483,1.0,0.0,0.0,0.0,13,3,2022,12,15,4,0,0,0,1,0,1,GRAVE_MORTALIDAD,2
3,1,5,0,4,1,-5.937160659940973,-79.28700198563187,0,4,0,0,1,0,1,0,9936.932,2.0,2,0,1.0,9,32,3830.0,0.340442844590236,78.670381973821,30.54696984321415,4.703968017077516,478.3126067170764,9130.835442967042,15935.565011852366,1733.9250000199986,935.692,13265.948011832368,2000.1670000199988,13935.398011832369,12.551591352627522,3,1,0,0,2,43.06608148451075,25.037893344238704,61.0942696247828,1.0,0.9245224687318999,0.0,0.0,1,0,0.0,0.9245224687318999,0.9245224687318999,0.07547753126810008,0.9245224687318999,0.0,1.0,0.9245224687318999,0.9245224687318999,0.9245224687318999,5,0,2022,8,29,4,0,1,2,1,0,1,GRAVE_MORTALIDAD,2
0,0,14,2,2,4,-12.064949913627363,-77.01718949808412,0,0,1,1,2,1,1,1,6543.555,2.0,4,4,1.0,14,33,1198.0,0.7646845961658533,80.23682119426338,77.96082737891015,12.014176158371615,1633.787715186093,250806.0877944326,7626.313,1683.4029999999998,1599.0829999999996,4343.827000000001,1814.875,5811.438000000001,23.797541485643197,3,1,0,2,0,36.57024825437952,36.14187354531627,36.99862296344278,1.0,0.0,0.0,0.7858126454683731,1,0,0.0,0.0,0.7858126454683731,0.21418735453162685,0.0,0.21418735453162685,0.7858126454683731,0.7858126454683731,0.0,0.0,17,1,2021,4,18,3,0,1,0,1,0,1,GRAVE_MORTALIDAD,2
3,2,8,0,3,2,-12.046197032814543,-74.3499605666534,0,4,4,1,2,1,1,2,6971.3820563744985,2.0,3,2,1.0,11,21,1198.0,0.4189652654368082,72.17803633251837,67.04363791925653,6.7671273391185585,518.1687328215913,20712.0332601045,11946.410469485538,1940.71363313767,1686.6523251895649,8319.044511158303,2598.0269451124996,9348.38352437304,21.468724341246226,5,2,0,0,3,35.54408034650741,20.740729640774678,50.150781757972865,1.0,1.0,0.0,0.0,2,0,0.0,0.41005211719819123,0.0,0.5899478828018088,1.0,0.5899478828018088,0.41005211719819123,0.5899478828018088,0.5899478828018088,1.0,14,1,2022,8,18,4,0,0,0,1,0,1,GRAVE_MORTALIDAD,2
3,1,22,0,4,1,-18.162102539658974,-70.64403793639057,3,4,7,1,2,0,1,2,1924.3798476341724,2.0,2,0,1.0,9,31,391.75800418111845,0.5514037279294253,74.22198239182555,70.4480603404473,8.739947268897645,894.2205957036364,2953.646377362661,2650.572,630.6729999999998,487.3610000000001,1532.5379999999998,1068.7019999999998,1581.87,40.31967439480987,4,1,0,0,2,34.08365774945835,34.08365774945835,34.08365774945835,1.0,0.0,0.0,0.006435211496795712,1,0,0.0,0.9935647885032043,0.0,0.006435211496795712,0.0,1.0,0.9935647885032043,0.0,0.0,0.0,5,0,2021,8,2,4,0,0,0,1,0,1,GRAVE_MORTALIDAD,2
3,1,4,0,4,1,-14.56948084054508,-72.68468783305575,0,4,5,1,2,0,1,0,6819.897438530947,2.772516286079404,2,0,1.0,2,27,1624.6842837597521,0.5660177247472187,76.87609156651536,70.90265300075399,8.49730324143291,932.3728073331772,33248.974976331534,9841.55000348729,1458.4386894036322,1531.8637431879822,6851.247570895674,2471.0423103675457,7370.507693119742,24.540213667733468,5,1,0,0,3,37.68245114176179,31.502320853126555,43.86258143039702,1.0,0.0,0.0,0.0,1,0,0.0,0.22748371392059596,0.772516286079404,0.772516286079404,0.0,0.772516286079404,1.0,0.0,0.772516286079404,0.0,14,2,2023,3,21,0,0,0,0,1,0,1,GRAVE_MORTALIDAD,2
3,3,13,0,4,1,-15.037117034663744,-74.26868614463203,0,4,7,1,2,1,1,0,1753.1759962663841,2.0,2,2,1.0,9,26,338.2059093560994,0.5498596825957519,73.63652412683409,69.60641589847121,7.773197762557992,974.2388145080835,5980.3647552675875,3402.8590376353336,678.1000954056619,668.2552604007387,2056.5036818289327,1092.727803770667,2310.1312338646667,32.814721895824654,10,3,0,0,6,45.08558850669118,42.26469688130019,48.53732512382703,1.0,0.29751165841153115,0.0,0.7024883415884688,3,0,0.0,0.7024883415884688,0.0,1.0,0.7024883415884688,1.0,0.29751165841153115,0.0,1.0,0.7024883415884688,18,2,2021,9,4,0,0,0,0,1,0,1,GRAVE_MORTALIDAD,2
3,2,12,0,4,1,-8.416178543813336,-78.7927397407931,0,4,7,1,2,2,2,1,6543.555,3.0,2,0,1.0,0,30,1475.0,0.5051395598219868,77.13285387085847,51.52067479184955,6.715328807318118,900.900383457586,67612.41755888652,8931.828000000005,1335.5899999999997,1935.9830000000004,5660.255000000005,1219.309,7712.519000000005,13.651281686122925,8,2,0,0,6,35.420326718930696,31.074565759083452,39.766087678777936,1.0,1.0,0.0,0.0,2,0,0.0,0.615253653282414,0.384746346717586,0.384746346717586,0.0,0.384746346717586,1.0,0.0,0.615253653282414,0.0,3,0,2022,3,7,3,0,0,0,1,1,1,GRAVE_MORTALIDAD,2
6,1,8,0,4,1,-13.302686466443161,-75.50261297372697,0,4,6,1,5,2,2,1,1529.9525060686815,1.2395756883175282,1,3,0.2395756883175283,9,17,280.78090597428877,0.3757470524406286,58.45140093280558,48.927862390768496,7.167572155612866,586.8151232788172,376.04886349684017,8511.426,1445.3929999999996,2008.516,5057.516999999999,1879.579,6631.846999999998,22.08300935706896,10,1,0,0,9,26.83321101308045,26.83321101308045,26.83321101308045,1.0,0.7604243116824717,0.0,0.0,1,0,0.0,0.0,0.2395756883175283,0.7604243116824717,0.0,0.7604243116824717,0.2395756883175283,0.7604243116824717,0.7604243116824717,0.0,11,2,2021,9,8,5,1,0,2,1,0,1,GRAVE_MORTALIDAD,2
6,1,6,1,3,3,-10.892909418038517,-75.95354623268638,1,2,7,0,1,1,0,3,6543.555,2.0,4,4,1.0,14,33,1198.0,0.42248732907956077,76.57309325521024,61.600676872484186,6.237896259761023,529.3699066667497,26889.78705164715,8637.996947453625,1308.3338290860336,1608.797132000484,5720.865986367106,1328.7532539866509,7309.243693466973,15.440448781583084,4,1,0,0,3,23.79324536360375,23.79324536360375,23.79324536360375,1.0,0.5129221647747657,0.0,0.0,1,0,0.0,0.4870778352252343,0.0,0.5129221647747657,0.0,0.5129221647747657,0.4870778352252343,0.0,0.0,0.0,0,0,2022,3,8,2,0,0,1,1,0,1,GRAVE_MORTALIDAD,2
3,1,3,1,4,1,-16.23794334742293,-71.63297639431738,4,4,0,0,2,1,1,0,1504.4250000000002,2.0,2,0,1.0,7,25,241.0,0.6005060748875158,78.21704200773246,77.40211893847457,8.994742794352394,996.014120858737,33335.45824411135,10322.272,1495.236,1749.739,7077.2970000000005,2886.595,7435.677000000001,27.964725207783708,13,1,0,0,11,45.892794054128444,42.724419333182425,49.06116877507447,1.0,0.0,0.0,0.7040832713213391,1,0,0.0,0.7040832713213391,0.0,0.2959167286786609,0.0,0.2959167286786609,0.7040832713213391,0.0,0.0,0.0,13,2,2023,4,17,1,0,0,0,1,0,1,GRAVE_MORTALIDAD,2
6,1,1,0,4,1,-8.718744658660105,-77.83079977785589,5,4,5,1,5,2,2,0,1632.790343987142,1.0648279132735068,0,3,0.0,9,26,240.38755284610232,0.35712667228775224,73.54498084831775,42.678213560286075,5.710789248103521,442.6950924809859,692.8653379790563,10767.648,1885.0630000000003,1222.721,7659.864000000001,2100.343,8667.305000000002,19.506051832303577,8,1,0,0,7,31.648279132735066,31.648279132735066,31.648279132735066,1.0,0.0,0.0,0.0,1,0,0.0,0.0,0.06482791327350668,0.9351720867264933,0.0,0.0,1.0,0.0,0.9351720867264933,0.0,5,0,2022,6,11,5,1,0,0,1,0,1,GRAVE_MORTALIDAD,2
4,1,1,0,4,1,-9.567886728139367,-78.30697303677009,0,4,7,1,2,1,1,0,6543.555,3.0,2,0,1.0,0,30,1475.0,0.5873460606982213,78.04758132038613,65.8701248560095,8.596987164492063,1041.0659985770535,35482.29764453961,10767.648,1885.0630000000003,1222.721,7659.864000000001,2100.343,8667.305000000002,19.506051832303577,5,1,0,0,3,35.87258495246174,34.0,37.745169904923486,1.0,0.0,0.0,0.3758050158460863,1,0,0.0,0.6241949841539137,0.0,1.0,0.0,0.3758050158460863,0.6241949841539137,0.0,0.3758050158460863,0.0,5,0,2022,11,19,4,0,1,0,1,1,1,GRAVE_MORTALIDAD,2
3,2,9,0,4,1,-9.458452530703326,-75.88668365019024,0,3,4,0,2,2,2,2,6349.365573953868,2.0,2,0,0.2918781650993746,9,28,881.0405958956942,0.48618090636871614,72.78474508564388,58.700796214879745,7.792931641991895,756.4626428323185,41234.706817590566,13336.035585102552,1799.4538864857059,1055.9643692923664,10480.61732932448,1708.6821009838577,11627.353484118696,12.835314977929531,3,2,0,0,1,44.91370568860876,35.248731009403755,54.57868036781376,1.0,0.2918781650993746,0.0,0.2918781650993746,2,0,0.0,0.7081218349006254,0.7081218349006254,0.2918781650993746,1.0,0.0,0.7081218349006254,0.2918781650993746,0.2918781650993746,0.2918781650993746,17,2,2022,6,20,1,0,0,2,1,0,1,GRAVE_MORTALIDAD,2
6,1,4,0,4,0,-13.701958140732925,-74.51155898316838,2,4,5,0,7,2,2,0,6543.555,2.0,4,4,1.0,14,33,1198.0,0.28692171550592105,74.80229398660589,42.052637578871995,4.312092091590205,434.98526152282903,2153.1439832910537,12678.733000000004,1805.074000000001,1774.0339999999994,9099.625000000004,2485.375000000001,10193.358000000002,19.602707936195205,5,1,0,0,3,50.486243639780824,50.486243639780824,50.486243639780824,1.0,0.5243121819890413,0.0,0.0,1,0,0.0,0.0,0.0,1.0,0.0,1.0,0.0,0.0,0.0,0.0,4,0,2022,8,18,6,1,0,2,1,0,1,GRAVE_MORTALIDAD,2
3,2,12,0,4,1,-7.895784782691661,-79.12235255293909,0,4,7,1,2,2,2,2,6543.555,3.0,2,0,1.0,0,30,1475.0,0.5721567587688113,77.67102283812494,66.21373667954742,8.464777379360486,978.4498488219192,15563.077087794432,8931.828000000005,1335.5899999999997,1935.9830000000004,5660.255000000005,1219.309,7712.519000000005,13.651281686122925,12,2,0,0,9,47.07000435232523,41.371998259069905,52.76801044558056,1.0,0.0,0.0,0.0,2,0,0.0,0.32560034818601846,0.6743996518139815,1.0,0.0,1.0,1.0,0.0,1.0,0.0,12,3,2021,6,17,6,1,1,0,1,1,1,GRAVE_MORTALIDAD,2
6,1,7,0,4,0,-10.984025605721365,-75.82305135997797,1,4,1,0,6,2,2,1,6543.555,2.0,4,4,1.0,14,33,1198.0,0.34041807539721053,72.30658418032395,55.72027410477536,5.928511899765966,343.8865513065488,1208.839134464344,8244.602608493704,1321.3791582333322,911.9814250092252,6011.242025251145,1148.2580550652794,7096.344553428424,13.913482724642959,2,1,0,0,1,40.62893335554364,40.62893335554364,40.62893335554364,1.0,0.0,0.0,0.0,1,0,0.0,0.0,0.0,1.0,0.0,0.7628933355543641,0.23710666444563588,0.0,0.0,0.0,7,0,2022,7,1,3,0,0,2,1,0,1,GRAVE_MORTALIDAD,2
6,1,12,0,4,1,-7.602160239527057,-77.83814868385606,0,4,7,1,6,2,2,0,6543.555,2.045452500435796,3,3,1.0,13,32,1210.5903426207155,0.17660455865369362,73.54582624726882,22.427736379815784,3.0614725435425836,173.48637250037925,13467.753346299227,8931.828000000005,1335.5899999999997,1935.9830000000004,5660.255000000005,1219.309,7712.519000000005,13.651281686122925,7,1,0,0,6,32.81814500784433,32.81814500784433,32.81814500784433,1.0,0.0,0.0,0.0,1,0,0.0,0.954547499564204,0.0,0.0,0.0,0.0,1.0,0.0,0.0,0.0,5,0,2022,9,13,3,0,0,0,1,0,1,GRAVE_MORTALIDAD,2
1,1,7,1,4,1,-11.54328832243466,-75.38182916806676,0,3,4,1,2,2,2,0,6912.273720007051,2.646600443948662,2,0,1.0,3,21,1377.1083229737794,0.51814284748019,76.76200775549351,66.06367462366809,7.689735234647987,837.8170654094058,20630.974528049763,11783.55333479632,1933.0249741490638,1622.5558441182598,8227.972516528996,2529.2672217755135,9254.286113020808,21.197562653107987,4,1,0,1,1,39.47379689235937,31.58640177579465,46.71459156497542,0.3533995560513381,0.3533995560513381,0.0,0.0,1,0,0.6466004439486619,0.3533995560513381,0.0,0.0,0.3533995560513381,0.0,0.3533995560513381,0.0,0.0,1.0,5,0,2022,8,10,4,0,0,0,1,0,1,GRAVE_MORTALIDAD,2