CLASE SINIESTRO,CANTIDAD DE VEHICULOS DAÑADOS,DEPARTAMENTO,ZONA,TIPO DE VÍA,RED VIAL,COORDENADAS LATITUD,COORDENADAS  LONGITUD,CONDICIÓN CLIMÁTICA,ZONIFICACIÓN,CARACTERÍSTICAS DE VÍA,PERFIL LONGITUDINAL VÍA,SUPERFICIE DE CALZADA,¿EXISTE SEÑAL VERTICAL?,¿EXISTE SEÑAL HORIZONTAL?,CAUSA FACTOR PRINCIPAL,MTC_RVN_LONGITUD_KM,MTC_RVN_N_CARRILES_MEDIANA,MTC_RVN_SUPERFICIE_DOMINANTE,MTC_RVN_ESTADO_DOMINANTE,MTC_RVN_ES_CONCESIONADA,MTC_RVN_CONCESION_PRINCIPAL,MTC_RVN_CORREDOR_LOGISTICO,MTC_RVN_N_TRAMOS,IDH_2019,IDH_ESP_VIDA_2019,IDH_EDUC_SECUND_PCT_2019,IDH_ANIOS_EDUC_2019,IDH_INGRESO_PERCAP_2019,IDH_POBLACION_2019,MTC_DEP_RED_TOTAL_KM,MTC_DEP_NACIONAL_TOTAL_KM,MTC_DEP_DEPARTAMENTAL_TOTAL_KM,MTC_DEP_VECINAL_TOTAL_KM,MTC_DEP_PAV_TOTAL_KM,MTC_DEP_NO_PAV_TOTAL_KM,MTC_DEP_PCT_PAVIMENTADA,PER_TOTAL_PERSONAS,PER_N_CONDUCTORES,PER_N_CONDUCTORES_FUGADOS,PER_N_PEATONES,PER_N_PASAJEROS_OCUPANTES,PER_EDAD_COND_PROM,PER_EDAD_COND_MIN,PER_EDAD_COND_MAX,PER_ANY_COND_MASCULINO,PER_ANY_LIC_PROBLEMA,PER_ANY_DOSAJE_POS,PER_ANY_DOSAJE_EVALUADO,VEH_TOTAL,VEH_N_FUGADOS,VEH_ANY_FUGADO,VEH_ANY_CARGA,VEH_ANY_PUBLICO,VEH_ANY_PARTICULAR,VEH_ANY_MOTO,VEH_ANY_AUTO,VEH_ANY_CAMION_BUS,VEH_ANY_SOAT_PROBLEMA,VEH_ANY_CITV_PROBLEMA,VEH_ANY_SEGURO_PROBLEMA,HORA_NUM,FRANJA_HORARIA,ANIO,MES,DIA_MES,DIA_SEMANA,ES_FIN_SEMANA,ES_QUINCENA,REGION_NATURAL,TIENE_SEÑALIZACION,ES_VIA_MULTICARRIL,ES_DEPTO_BAJO_PAVIMENTO,CATEGORIA_SEVERIDAD,CATEGORIA_SEVERIDAD_ENC
6,1,17,2,4,1,-6.734242798992579,-80.11234289238605,0,2,7,1,2,2,2,4,1695.2284508093223,2.0,2,0,1.0,2,22,380.33241268229744,0.5972232842149972,79.20102504225032,65.3140325754515,8.742501390772683,1075.0102560933296,98451.24992311552,8662.11870107421,1759.9625821194477,855.1407458825239,6047.015373072239,2123.8924205218477,6538.226280552363,24.49486697057386,7,1,0,0,6,32.26741184406944,32.26741184406944,32.26741184406944,1.0,0.0,0.7732588155930554,0.7732588155930554,1,0,0.0,0.0,0.0,0.7732588155930554,0.0,0.0,1.0,0.0,0.22674118440694457,0.0,8,1,2021,2,23,4,0,0,0,1,0,1,GRAVE_MORTALIDAD,2
3,2,3,0,4,1,-16.770207767195945,-71.86611335365329,0,4,7,1,2,0,1,1,6639.975,2.0,2,0,1.0,9,31,1616.0,0.6456305778571253,75.67334095395331,77.09261911098552,10.479683603540597,1179.2653123056473,21630.747323340474,10322.272,1495.236,1749.739,7077.2970000000005,2886.595,7435.677000000001,27.964725207783708,6,2,0,0,4,37.263734632959995,33.040390453690804,43.72052060492107,1.0,0.6700325378075668,0.0,0.3299674621924332,2,0,0.0,0.6700325378075668,0.3299674621924332,1.0,0.0,0.0,1.0,0.0,0.3299674621924332,0.0,14,1,2023,3,16,1,0,0,0,1,0,1,GRAVE_MORTALIDAD,2
4,1,12,0,4,1,-7.84606635016463,-78.08180152917534,0,4,7,1,1,2,2,2,9936.932,2.0,2,0,1.0,9,32,3830.0,0.3986882084754764,72.97869269132666,58.65435142755623,5.605762371496486,527.7120199980477,69564.29978586723,8931.828000000005,1335.5899999999997,1935.9830000000004,5660.255000000005,1219.309,7712.519000000005,13.651281686122925,4,1,0,0,2,24.234165092966908,20.721688698463307,27.74664148747051,1.0,0.4683301859338135,0.0,0.5316698140661865,1,0,0.0,0.0,1.0,0.4683301859338135,1.0,0.0,0.4683301859338135,0.5316698140661865,0.0,1.0,9,1,2021,11,17,2,0,1,0,1,0,1,GRAVE_MORTALIDAD,2
3,2,12,0,4,1,-7.856051924734405,-78.9601699530768,0,4,7,1,1,2,2,1,717.4182948329943,2.0,2,0,0.2264472581351128,8,31,188.95856531446202,0.5404386615377117,77.45542545246545,60.957794485219296,7.967564470221752,906.808244820358,15020.617104607425,8931.828000000005,1335.5899999999997,1935.9830000000004,5660.255000000005,1219.309,7712.519000000005,13.651281686122925,42,2,0,0,40,40.782632902378644,34.82973838610842,46.73552741864887,1.0,0.0,0.0,0.0,2,0,0.0,0.2264472581351128,1.0,0.0,0.0,0.0,1.0,0.0,1.0,0.0,7,0,2023,7,13,0,0,0,0,1,0,1,GRAVE_MORTALIDAD,2
5,1,2,0,4,2,-9.455898703605653,-77.49037869419197,6,4,4,0,1,2,2,2,6543.555,2.0,4,4,1.0,14,33,1198.0,0.4977413059982133,78.27152222739885,55.11294112185963,7.324607771922291,779.1480143182757,25587.948134042428,10952.36631007881,1877.8318356297675,1208.2606456725778,7866.273828776468,2037.185598972069,8915.180711106745,18.69730882279398,3,1,0,0,1,36.765991847944036,36.765991847944036,36.765991847944036,1.0,0.8765991847944036,0.0,0.12340081520559643,1,0,0.0,0.12340081520559643,0.0,0.8765991847944036,0.0,0.8765991847944036,0.12340081520559643,0.0,0.0,0.0,14,3,2023,7,14,3,0,0,0,1,0,1,GRAVE_MORTALIDAD,2
4,1,9,0,4,1,-14.355849718234763,-72.57913213204701,1,4,0,0,5,2,2,2,1712.26102301694,1.373677648343805,1,0,0.3736776483438049,7,28,344.2361530760995,0.31496863539747766,77.30768564678436,64.07673553099006,5.415827828557446,256.24911035768304,1186.7814297182163,13038.801308391125,1885.6781371360012,1990.7980512842191,9162.325119970905,2795.0330725966,10243.768235794525,21.35515954562455,5,1,0,0,4,43.08696350563961,38.78967054968585,47.38425646159337,1.0,0.0,0.6263223516561951,0.6263223516561951,1,0,0.0,0.0,0.3736776483438049,1.0,0.0,0.3736776483438049,1.0,0.3736776483438049,0.3736776483438049,0.3736776483438049,8,1,2021,7,17,3,0,0,2,1,0,1,GRAVE_MORTALIDAD,2
3,1,3,0,4,0,-15.394839206647065,-74.0046660748823,0,4,5,0,2,1,1,0,6613.124852316806,2.0,2,1,1.0,10,31,1499.5992353082831,0.5191940928941157,81.90470588871726,53.171292490533,8.55089845711898,772.1039070826004,1652.210754204927,10322.272,1495.236,1749.739,7077.2970000000005,2886.595,7435.677000000001,27.964725207783708,3,1,0,0,1,42.0,33.34164874713063,50.65835125286937,1.0,0.0,0.0,0.0,1,0,0.0,0.0,0.0,1.0,0.0,1.0,0.7215292710724477,0.0,0.7215292710724477,0.0,4,0,2021,2,10,5,1,0,0,1,0,1,GRAVE_MORTALIDAD,2
6,1,6,0,4,1,-13.822024070798394,-73.77071681410975,0,4,0,0,2,1,0,2,1657.4617306573473,2.0,2,2,1.0,9,23,298.09292946301804,0.19791742003772403,70.38623925465292,44.81277967596067,3.8024979664831746,143.24765133073237,16294.92620565328,12820.39660893935,1836.7865186972156,1859.316645202644,9124.293445039491,2607.205439055432,10213.191169883918,20.292184387462505,29,1,0,0,28,52.26490997665296,52.26490997665296,52.26490997665296,1.0,0.0,0.0,0.8529819953305915,1,0,0.0,0.0,0.8529819953305915,0.1470180046694085,0.0,0.1470180046694085,0.8529819953305915,0.0,0.0,0.0,7,0,2023,5,14,1,0,0,2,1,0,1,GRAVE_MORTALIDAD,2
6,1,1,0,4,2,-10.064728876523365,-77.50416895687731,6,4,0,1,1,2,2,1,6543.555,2.0,4,4,1.0,14,33,1198.0,0.36970670565874614,75.26421207921183,55.85291002225801,5.80383263937696,416.56080671586903,955.4916279955885,10767.648,1885.0630000000003,1222.721,7659.864000000001,2100.343,8667.305000000002,19.506051832303577,6,1,0,0,5,27.9336453478197,27.9336453478197,27.9336453478197,1.0,0.0,0.0,0.0,1,0,0.0,0.0,0.0,1.0,0.0,1.0,0.0,0.07161649436369255,1.0,0.07161649436369255,14,2,2021,3,4,0,0,0,0,1,0,1,GRAVE_MORTALIDAD,2
3,1,3,0,4,1,-16.06965094474183,-71.57261957198914,0,4,6,0,2,0,1,0,1504.4250000000002,2.0,2,0,1.0,7,25,241.0,0.6005060748875158,78.21704200773246,77.40211893847457,8.994742794352394,996.014120858737,33335.45824411135,10322.272,1495.236,1749.739,7077.2970000000005,2886.595,7435.677000000001,27.964725207783708,14,2,0,0,12,42.00600284386824,35.01800853160472,48.992796587358114,1.0,0.0,0.0,0.9963982936790554,2,0,0.0,0.9963982936790554,0.0036017063209445865,0.0036017063209445865,0.0,0.0036017063209445865,1.0,0.0,0.0,0.0,5,0,2024,8,9,5,1,0,0,1,0,1,GRAVE_MORTALIDAD,2
4,1,12,0,4,1,-8.42790563627134,-78.78212687196269,0,4,7,1,2,2,2,0,6543.555,3.0,2,0,1.0,0,30,1475.0,0.5051395598219868,77.13285387085847,51.52067479184955,6.715328807318118,900.900383457586,67612.41755888652,8931.828000000005,1335.5899999999997,1935.9830000000004,5660.255000000005,1219.309,7712.519000000005,13.651281686122925,4,2,0,0,2,24.263881561163466,23.651903768445315,24.875859353881616,1.0,0.0,0.0,0.2039925975727167,2,0,0.7960074024272833,0.2039925975727167,0.0,1.0,0.0,1.0,0.2039925975727167,0.0,1.0,0.7960074024272833,6,0,2022,7,17,4,0,1,0,1,1,1,GRAVE_MORTALIDAD,2
6,1,5,0,4,2,-7.348692024830831,-78.15629662117566,0,4,5,0,1,2,2,2,6543.555,2.0,4,4,1.0,14,33,1198.0,0.24048607942236686,73.60385912098222,40.3909993866071,3.5434695809255587,230.38022409606066,3558.613956455877,15935.565011852366,1733.9250000199986,935.692,13265.948011832368,2000.1670000199988,13935.398011832369,12.551591352627522,3,1,0,0,2,47.01493628171202,47.01493628171202,47.01493628171202,1.0,0.24626592957199545,0.7537340704280046,1.0,1,0,0.0,0.0,0.0,1.0,0.0,1.0,0.0,0.0,0.24626592957199545,0.0,6,0,2024,7,14,4,0,0,2,1,0,1,GRAVE_MORTALIDAD,2
5,1,3,0,4,2,-15.990805242162056,-73.3988980237823,0,4,3,0,5,1,1,0,6564.33358317001,2.0,3,3,1.0,12,32,1288.0793172066362,0.5479099324205534,83.0662269832861,64.82300943896647,8.906092957930714,784.4978383118595,8225.802620470044,10322.272,1495.236,1749.739,7077.2970000000005,2886.595,7435.677000000001,27.964725207783708,2,1,0,0,1,46.90548558151653,46.90548558151653,46.90548558151653,1.0,0.784499241132449,0.0,0.0,1,0,0.0,0.21550075886755105,0.0,1.0,0.0,0.21550075886755105,0.21550075886755105,0.784499241132449,0.21550075886755105,0.784499241132449,15,2,2021,3,10,5,1,0,0,1,0,1,GRAVE_MORTALIDAD,2
7,1,5,0,4,2,-6.522019366418315,-78.6146867286998,2,4,2,0,2,2,2,1,6543.555,2.0,4,4,1.0,14,33,1198.0,0.28601047142803077,74.59627885966705,34.15473388998908,4.168993358139327,328.5848555231214,3200.071217449424,15935.565011852366,1733.9250000199986,935.692,13265.948011832368,2000.1670000199988,13935.398011832369,12.551591352627522,7,1,0,0,6,9.744204710713154,9.744204710713154,9.744204710713154,1.0,0.33600705899010874,0.0,0.6639929410098913,1,0,0.0,0.33600705899010874,0.0,0.6639929410098913,0.0,0.0,1.0,0.0,0.33600705899010874,0.0,7,1,2023,2,24,0,0,1,2,1,0,1,GRAVE_MORTALIDAD,2
4,1,7,0,4,1,-12.582160393284745,-74.8676533007314,3,4,3,0,1,2,2,1,7029.423948582591,2.0,3,2,1.0,11,19,1198.0,0.3691570573735978,70.04586605811403,55.677125309728055,6.532004374979545,535.2049004911603,15006.58977627135,12485.852879392567,1815.0349495682954,1462.7275492446245,9208.090380579646,2067.732734928459,10418.120144464106,16.50571136304973,4,1,0,0,3,21.86273016704912,21.86273016704912,21.86273016704912,1.0,0.5343174582377205,0.5343174582377205,1.0,1,0,0.4656825417622795,0.0,0.0,1.0,0.5343174582377205,0.4656825417622795,0.4656825417622795,0.5343174582377205,1.0,0.5343174582377205,11,0,2022,5,3,2,0,0,2,1,0,1,GRAVE_MORTALIDAD,2
5,1,5,0,4,1,-6.762533120852586,-79.27874039483135,0,4,1,1,2,2,2,0,911.8773842247144,2.0,2,2,0.2266189522177503,8,9,203.72300601028172,0.45080559019415767,71.52965805006589,66.28739475046963,5.982621864989399,707.8299814997939,7147.375900368221,15935.565011852366,1733.9250000199986,935.692,13265.948011832368,2000.1670000199988,13935.398011832369,12.551591352627522,32,1,0,0,31,50.24100200342724,48.88128829012074,51.600715716733745,1.0,0.2266189522177503,0.2266189522177503,0.2266189522177503,1,0,0.0,0.0,0.7733810477822497,0.2266189522177503,0.2266189522177503,0.2266189522177503,0.7733810477822497,0.0,0.2266189522177503,0.2266189522177503,16,2,2022,8,25,5,1,1,2,1,0,1,GRAVE_MORTALIDAD,2
3,1,20,0,4,1,-6.525024313138621,-76.70865060508349,0,4,0,0,2,1,0,1,7758.33400008,2.0,2,0,1.0,9,20,2133.0,0.36151861891923764,73.64904126735321,48.10253123250127,4.8461565296202345,490.04805133881166,16346.800035266191,5477.787450277608,793.7758845775152,960.6676362510906,3723.3439294490013,977.4766970396638,4500.310753237943,17.791741575953967,45,2,0,0,43,52.25510240476609,42.06462451585766,61.51020480953219,1.0,0.9149658650779686,0.0,0.0,2,0,0.0,0.08503413492203138,1.0,1.0,1.0,0.0,1.0,0.08503413492203138,1.0,1.0,10,1,2023,10,22,4,0,1,1,1,0,1,GRAVE_MORTALIDAD,2
4,1,14,2,2,3,-12.006728044475675,-77.05101411600106,0,2,7,1,2,1,1,2,6561.791792024216,2.0,3,3,1.0,13,32,1277.0601438096076,0.7666513561364261,80.51272617224713,79.1139380933215,11.6823068869643,1654.5883812732684,363191.0912972829,7626.313,1683.4029999999998,1599.0829999999996,4343.827000000001,1814.875,5811.438000000001,23.797541485643197,2,1,0,0,0,25.756556400091938,24.810860899977015,26.70225190020686,1.0,1.0,0.0,0.0,1,0,0.0,0.0,0.0,1.0,0.8108608999770154,0.18913910002298462,0.18913910002298462,0.8108608999770154,0.18913910002298462,0.8108608999770154,1,0,2023,2,5,4,0,0,0,1,0,1,GRAVE_MORTALIDAD,2
6,1,11,0,4,1,-8.368137589448406,-78.42395629581473,0,4,0,0,2,2,2,0,678.3210798707362,1.9223674846701029,1,0,0.9223674846701029,8,27,113.1975276060825,0.2792088941337038,74.13006149700756,47.40995204746229,4.872999400591068,239.8325423519093,5674.41945974348,8899.191135290284,1344.1142830807685,1941.6139192344237,5613.462932975092,1270.5674208968712,7628.623714393414,14.305857913795162,3,1,0,0,2,25.319752760608253,25.319752760608253,25.319752760608253,1.0,0.9223674846701029,0.0,0.0,1,0,0.0,0.0,0.0,1.0,0.9223674846701029,0.07763251532989712,0.0,0.9223674846701029,0.0,0.9223674846701029,17,1,2021,11,13,6,1,0,0,1,0,1,GRAVE_MORTALIDAD,2
3,2,20,0,4,1,-16.402021469101143,-70.01023153970556,0,4,7,1,2,0,1,2,2333.7802646774717,2.0,2,0,1.0,7,27,445.65693514274795,0.5462216903853152,74.97156146069659,61.33042780800285,7.3928809664953254,1021.4229768852996,7041.951142846937,2480.0667133803486,560.2886358596569,442.51433627784695,1477.2637412428444,893.723308895996,1586.3434044843523,35.23777752895927,12,3,0,0,9,33.88437905586932,24.913126042937826,42.26125486704319,1.0,1.0,0.0,0.0,3,0,0.304375347645942,0.304375347645942,0.0,1.0,0.304375347645942,0.695624652354058,1.0,0.0,1.0,0.304375347645942,17,2,2021,6,9,1,0,0,0,1,0,1,GRAVE_MORTALIDAD,2
4,1,5,0,4,1,-5.902286825821375,-78.83128223358841,0,2,0,0,1,1,1,1,7285.506457499702,2.0,2,1,1.0,10,25,1769.0706331905112,0.45791760434151796,75.0354424936032,59.52589236435994,6.542130637117393,674.9075936893703,41459.26742149766,15935.565011852366,1733.9250000199986,935.692,13265.948011832368,2000.1670000199988,13935.398011832369,12.551591352627522,3,1,0,0,2,42.39535611698427,39.952273194244114,44.83843903972442,1.0,1.0,0.0,0.6107707306850386,1,0,0.0,0.0,0.3892292693149614,0.6107707306850386,1.0,0.0,0.0,1.0,0.6107707306850386,0.6107707306850386,15,3,2022,4,12,0,0,0,2,1,0,1,GRAVE_MORTALIDAD,2
3,1,20,0,4,1,-15.39449029374239,-70.25256621025594,0,4,5,0,2,0,1,2,1556.0669821183226,2.0,1,0,0.8001587287180605,7,26,289.76127019279323,0.46847955448513884,77.46196392183036,69.62567782563339,7.148267503801426,602.3527967711174,7120.069766440174,13642.312999999998,2020.7790000000005,2354.117,9267.416999999998,3314.0520000000006,10328.260999999997,24.29244952817019,2,1,0,0,1,46.802142837693815,29.598730170255514,64.00555550513212,1.0,0.19984127128193951,0.0,0.8001587287180605,1,0,0.0,0.8001587287180605,0.0,1.0,0.0,1.0,0.8001587287180605,0.0,1.0,0.0,12,2,2021,4,19,3,0,0,2,1,0,1,GRAVE_MORTALIDAD,2
6,1,7,0,4,1,-13.296603463864159,-70.55136672537796,2,4,0,0,2,0,0,2,7528.9710680686385,2.0,2,0,1.0,9,6,1198.0,0.45032036093506184,57.84545229468849,65.5875162797916,7.697668358291312,834.0321869330587,2018.680061046859,17779.13499998999,2097.3709999899997,2863.123,12818.640999999989,2878.713,14900.421999989989,16.19152450331032,4,1,0,0,3,29.611324770335948,29.611324770335948,29.611324770335948,1.0,0.0,0.0,0.0,1,0,0.0,0.0,0.0,0.055525032809150554,0.0,0.9444749671908494,0.055525032809150554,0.0,0.0,0.0,8,1,2021,5,24,3,0,1,2,1,0,1,GRAVE_MORTALIDAD,2
3,2,10,0,4,1,-15.05637262782211,-74.96263677847482,3,3,7,1,2,1,1,2,6639.975,2.0,2,0,1.0,9,31,1616.0,0.5563774842369664,77.00938809632027,69.10246351364754,8.476961866273152,914.8835608305218,27932.19700214133,3721.461,698.1859999999996,744.866,2278.409,1102.9029999999996,2618.558,29.636290693359403,3,2,0,0,1,38.66804836268251,37.3153510149206,40.02074571044442,1.0,0.0,0.4315351014920601,1.0,2,0,0.0,0.5684648985079399,0.4315351014920601,1.0,0.0,0.5684648985079399,1.0,0.0,0.0,0.0,14,1,2022,5,20,5,1,1,0,1,0,1,GRAVE_MORTALIDAD,2
6,1,5,0,4,0,-13.088484348937131,-74.15652693189152,1,4,2,0,2,1,0,0,6907.145414830167,2.0,3,2,1.0,12,23,1198.0,0.18976574194565032,74.6000059091742,55.9319588354505,3.453470416774766,131.80567381408636,7617.316909898363,8458.297823501905,1388.610268472976,1760.9461202348284,5308.7414347941,1723.8427528169486,6734.455070684956,20.360262059635613,3,1,0,0,2,45.63637639989342,45.63637639989342,45.63637639989342,1.0,1.0,0.0,0.0,1,0,0.0,0.0,0.0,1.0,0.0,1.0,0.0,0.3484843166711076,0.3484843166711076,0.3484843166711076,7,0,2024,8,25,3,0,1,2,1,0,1,GRAVE_MORTALIDAD,2
6,1,12,0,4,1,-7.766591812524925,-77.58588817181285,0,4,7,1,7,2,2,0,6543.555,2.0,4,4,1.0,14,33,1198.0,0.4686292122960986,72.39347765706144,42.14285241633188,6.687776775372348,878.2652317159998,9440.374732334049,8931.828000000005,1335.5899999999997,1935.9830000000004,5660.255000000005,1219.309,7712.519000000005,13.651281686122925,2,1,0,0,1,24.1665692780594,24.1665692780594,24.1665692780594,1.0,0.0,0.0,0.0,1,0,0.0,0.0,0.0,0.21078144935468823,0.0,0.0,0.21078144935468823,0.7892185506453118,0.0,0.7892185506453118,6,0,2021,10,9,4,0,0,0,1,0,1,GRAVE_MORTALIDAD,2
6,1,12,0,4,2,-14.573421563755137,-71.70744414203759,3,4,0,0,1,2,2,3,6543.555,2.0,4,4,1.0,14,33,1198.0,0.24167492664982976,69.63924460379337,53.344999965492484,4.707629195259345,180.41866199769353,9617.873767072922,13214.923070809295,1925.1043858775809,2096.824785243848,9192.993899687865,2946.4974592748226,10268.42561153447,22.21234374876744,4,1,0,0,3,36.79038688155639,36.79038688155639,36.79038688155639,1.0,0.4435437941745436,0.0,0.4435437941745436,1,0,0.0,0.0,0.0,1.0,0.0,0.5564562058254564,0.0,0.4435437941745436,0.4435437941745436,0.0,15,1,2021,8,15,5,1,0,2,1,0,1,GRAVE_MORTALIDAD,2
3,1,16,0,4,2,-6.883234603137419,-79.44465531316622,0,4,1,1,1,2,2,0,6543.555,2.0,4,4,1.0,14,33,1198.0,0.5184098884795706,77.91238626350564,63.5630132880205,7.852897690502417,789.7510282441679,75996.64917607741,9160.502079715765,1741.2003494831338,796.6819615297654,6622.619768702866,2310.9543489886905,6849.547730727075,25.167946351048307,5,1,0,0,3,24.876951215741506,21.022730903309924,28.731171528173086,1.0,0.8564934027625736,0.0,0.8564934027625736,1,0,0.0,0.8564934027625736,0.0,1.0,0.8564934027625736,0.14350659723742643,0.0,0.8564934027625736,0.8564934027625736,0.0,12,2,2021,10,21,5,1,1,0,1,0,1,GRAVE_MORTALIDAD,2
6,1,7,0,4,0,-10.677975341562293,-76.08200093987362,0,4,0,0,6,2,2,1,6543.555,2.0,4,4,1.0,14,33,1198.0,0.3432428630012851,73.14747929119177,55.177939767441224,5.889880434919186,348.4894593456743,1227.036059416705,8233.782923853056,1325.061909998733,875.4534236863053,6033.267590168018,1121.3503739516773,7112.4325499013785,13.60829243380204,2,1,0,0,1,41.3506594545502,41.3506594545502,41.3506594545502,1.0,0.0,0.0,0.0,1,0,0.0,0.0,0.0,1.0,0.0,0.83506594545502,0.16493405454498,0.0,0.0,0.0,6,0,2022,7,1,3,0,0,2,1,0,1,GRAVE_MORTALIDAD,2
6,1,1,0,4,2,-8.690444907702336,-77.88112857321204,5,4,5,1,6,2,2,0,6543.555,2.0,4,4,1.0,14,33,1198.0,0.37431128877060954,71.93497146518709,26.46636862629758,6.301036294539662,613.8182163777917,1295.0261357909176,10767.648,1885.0630000000003,1222.721,7659.864000000001,2100.343,8667.305000000002,19.506051832303577,5,1,0,0,4,51.69239325055335,51.69239325055335,51.69239325055335,1.0,0.0,0.0,0.0,1,0,0.0,0.0,0.0,1.0,0.0,0.9273551805862972,0.07264481941370282,0.9273551805862972,0.9273551805862972,0.9273551805862972,17,2,2022,1,1,4,0,0,0,1,0,1,GRAVE_MORTALIDAD,2
3,2,10,1,4,1,-14.962581002180874,-74.96172758964842,2,3,7,1,2,2,2,0,6639.975,2.0,2,0,1.0,9,31,1616.0,0.5563774842369664,77.00938809632027,69.10246351364754,8.476961866273152,914.8835608305218,27932.19700214133,3721.461,698.1859999999996,744.866,2278.409,1102.9029999999996,2618.558,29.636290693359403,3,2,0,0,1,35.31705709522156,30.463543238227523,40.1705709522156,1.0,0.6341141904431196,0.0,0.36588580955688044,2,0,0.0,1.0,0.0,1.0,0.0,0.36588580955688044,1.0,0.0,0.6341141904431196,0.6341141904431196,14,1,2022,4,26,2,0,1,0,1,0,1,GRAVE_MORTALIDAD,2
3,1,20,0,4,1,-15.108970312870262,-70.71688245367278,1,4,4,0,2,2,2,2,1586.2845989831558,2.0,2,0,1.0,6,24,294.75037776110526,0.4237585871763087,75.20430899879331,61.70854976753648,6.382109533984979,539.4432503299041,6751.505287867186,13642.312999999998,2020.7790000000005,2354.117,9267.416999999998,3314.0520000000006,10328.260999999997,24.29244952817019,5,1,0,0,3,28.567322221580973,23.45269401571286,33.68195042744908,1.0,0.0,0.0,0.0,1,0,0.0,0.0,0.0,1.0,0.0,0.3180495725509187,0.6819504274490813,0.3180495725509187,1.0,1.0,3,0,2022,11,21,4,0,1,2,1,0,1,GRAVE_MORTALIDAD,2
3,2,7,0,4,1,-13.628789634401205,-71.27460418197285,0,3,5,1,2,1,1,2,3263.58,2.0,2,0,1.0,5,18,566.0,0.2701433460922377,67.03086854576458,59.596346222865,3.690268129191559,281.2948228692088,16118.58886509636,17779.13499998999,2097.3709999899997,2863.123,12818.640999999989,2878.713,14900.421999989989,16.19152450331032,5,2,0,0,3,32.002295976076766,28.995408047846468,35.009183904307065,1.0,0.25057399401919134,0.0,0.0,2,0,0.0,0.0,0.0,1.0,0.25057399401919134,1.0,0.7494260059808087,0.0,0.7494260059808087,0.0,8,1,2023,8,6,3,0,0,2,1,0,1,GRAVE_MORTALIDAD,2
6,1,14,2,3,2,-12.008348101143373,-76.96185895155922,3,2,3,1,4,1,1,0,3319.165534163238,2.0,2,1,1.0,7,22,605.2191261110793,0.7106277947779672,79.92307857617425,77.4710170368087,10.017502024143795,1481.1655516937376,708415.0572192931,7626.313,1683.4029999999998,1599.0829999999996,4343.827000000001,1814.875,5811.438000000001,23.797541485643197,5,1,0,0,3,37.0,33.0,40.0,1.0,0.0,0.0,0.0,1,0,0.0,0.0,0.431112405097005,0.568887594902995,0.568887594902995,0.0,0.431112405097005,0.568887594902995,1.0,0.568887594902995,4,0,2023,2,20,3,0,1,0,1,0,1,GRAVE_MORTALIDAD,2
1,1,12,1,4,1,-8.414681848194855,-78.758370139264,0,0,7,1,2,2,2,0,6543.555,2.0875486640277807,3,3,1.0,12,32,1222.2509799356953,0.5051395598219868,77.13285387085847,51.52067479184955,6.715328807318118,900.900383457586,67612.41755888652,8931.828000000005,1335.5899999999997,1935.9830000000004,5660.255000000005,1219.309,7712.519000000005,13.651281686122925,2,1,0,0,0,37.569066316180574,33.4377433201389,40.78793797625003,0.08754866402778061,0.08754866402778061,0.0,0.0,1,0,0.9124513359722194,0.08754866402778061,0.0,0.0,0.0,0.0,0.08754866402778061,0.0,0.08754866402778061,0.0,5,0,2021,1,1,4,0,0,0,1,0,1,GRAVE_MORTALIDAD,2
3,2,10,1,4,1,-14.815015341154233,-74.97764923046984,0,3,7,0,2,2,2,0,6639.975,2.0,2,0,1.0,9,31,1616.0,0.5563774842369664,77.00938809632027,69.10246351364754,8.476961866273152,914.8835608305218,27932.19700214133,3721.461,698.1859999999996,744.866,2278.409,1102.9029999999996,2618.558,29.636290693359403,3,2,0,0,1,34.6515966079885,28.151596607988502,41.1515966079885,1.0,0.7171988693295003,0.0,0.0,2,0,0.0,1.0,0.0,1.0,0.0,0.2828011306704997,1.0,0.0,0.7171988693295003,0.7171988693295003,18,2,2022,3,29,2,0,1,0,1,0,1,GRAVE_MORTALIDAD,2
4,1,7,0,4,1,-13.954751397169945,-71.45507122401527,0,4,2,0,1,1,1,2,6543.555,2.0,4,4,1.0,14,33,1198.0,0.3174878684406758,61.11683560923896,66.14625170948888,5.680872099360889,349.6522868049054,5164.1280962971505,17779.13499998999,2097.3709999899997,2863.123,12818.640999999989,2878.713,14900.421999989989,16.19152450331032,3,1,0,0,1,44.452582564025306,42.999038277854034,45.906126850196586,1.0,0.41858228553148913,0.0,0.5814177144685109,1,0,0.0,0.5814177144685109,0.0,1.0,0.0,1.0,0.5814177144685109,0.0,0.41858228553148913,0.0,12,1,2022,6,13,5,1,0,2,1,0,1,GRAVE_MORTALIDAD,2