CLASE SINIESTRO,CANTIDAD DE VEHICULOS DAÑADOS,DEPARTAMENTO,ZONA,TIPO DE VÍA,RED VIAL,COORDENADAS LATITUD,COORDENADAS  LONGITUD,CONDICIÓN CLIMÁTICA,ZONIFICACIÓN,CARACTERÍSTICAS DE VÍA,PERFIL LONGITUDINAL VÍA,SUPERFICIE DE CALZADA,¿EXISTE SEÑAL VERTICAL?,¿EXISTE SEÑAL HORIZONTAL?,CAUSA FACTOR PRINCIPAL,MTC_RVN_LONGITUD_KM,MTC_RVN_N_CARRILES_MEDIANA,MTC_RVN_SUPERFICIE_DOMINANTE,MTC_RVN_ESTADO_DOMINANTE,MTC_RVN_ES_CONCESIONADA,MTC_RVN_CONCESION_PRINCIPAL,MTC_RVN_CORREDOR_LOGISTICO,MTC_RVN_N_TRAMOS,IDH_2019,IDH_ESP_VIDA_2019,IDH_EDUC_SECUND_PCT_2019,IDH_ANIOS_EDUC_2019,IDH_INGRESO_PERCAP_2019,IDH_POBLACION_2019,MTC_DEP_RED_TOTAL_KM,MTC_DEP_NACIONAL_TOTAL_KM,MTC_DEP_DEPARTAMENTAL_TOTAL_KM,MTC_DEP_VECINAL_TOTAL_KM,MTC_DEP_PAV_TOTAL_KM,MTC_DEP_NO_PAV_TOTAL_KM,MTC_DEP_PCT_PAVIMENTADA,PER_TOTAL_PERSONAS,PER_N_CONDUCTORES,PER_N_CONDUCTORES_FUGADOS,PER_N_PEATONES,PER_N_PASAJEROS_OCUPANTES,PER_EDAD_COND_PROM,PER_EDAD_COND_MIN,PER_EDAD_COND_MAX,PER_ANY_COND_MASCULINO,PER_ANY_LIC_PROBLEMA,PER_ANY_DOSAJE_POS,PER_ANY_DOSAJE_EVALUADO,VEH_TOTAL,VEH_N_FUGADOS,VEH_ANY_FUGADO,VEH_ANY_CARGA,VEH_ANY_PUBLICO,VEH_ANY_PARTICULAR,VEH_ANY_MOTO,VEH_ANY_AUTO,VEH_ANY_CAMION_BUS,VEH_ANY_SOAT_PROBLEMA,VEH_ANY_CITV_PROBLEMA,VEH_ANY_SEGURO_PROBLEMA,HORA_NUM,FRANJA_HORARIA,ANIO,MES,DIA_MES,DIA_SEMANA,ES_FIN_SEMANA,ES_QUINCENA,REGION_NATURAL,TIENE_SEÑALIZACION,ES_VIA_MULTICARRIL,ES_DEPTO_BAJO_PAVIMENTO,CATEGORIA_SEVERIDAD,CATEGORIA_SEVERIDAD_ENC
7,1,5,0,4,2,-7.132773106251002,-78.13114916285308,0,4,4,0,1,2,2,1,6543.555,2.0,4,4,1.0,14,33,1198.0,0.20638577317138307,73.65576880246711,37.766654985794894,3.259896053997682,175.516523250779,3421.953852351166,15935.565011852366,1733.9250000199986,935.692,13265.948011832368,2000.1670000199988,13935.398011832369,12.551591352627522,3,1,0,0,2,45.65986859618998,45.65986859618998,45.65986859618998,1.0,0.292516425476252,0.707483574523748,0.707483574523748,1,0,0.0,0.292516425476252,0.0,0.707483574523748,0.0,0.707483574523748,0.292516425476252,0.292516425476252,0.292516425476252,0.292516425476252,4,0,2023,7,18,3,0,0,2,1,0,1,GRAVE_MORTALIDAD,2
8,1,5,0,4,1,-6.736455908787527,-78.58201595773916,0,4,4,0,2,0,1,0,9936.932,2.0,2,0,1.0,9,32,3830.0,0.4526491117658796,79.17132243679694,59.43910685558323,5.161528057531929,710.0305343071761,15625.811563169163,15935.565011852366,1733.9250000199986,935.692,13265.948011832368,2000.1670000199988,13935.398011832369,12.551591352627522,2,1,0,0,1,21.986466851367858,21.986466851367858,21.986466851367858,1.0,0.0,0.6677944290526784,0.6677944290526784,1,0,0.0,0.0,0.0,1.0,1.0,0.0,0.0,1.0,1.0,0.6677944290526784,5,0,2022,6,21,5,0,0,2,1,0,1,GRAVE_MORTALIDAD,2
7,1,6,0,4,2,-12.967966588188622,-74.45621523306147,6,4,1,1,6,2,2,0,6543.555,2.0,4,4,1.0,14,33,1198.0,0.2189688456117083,64.81732363576161,56.9765919377528,4.664815383773985,164.1707449127033,1142.5657312165897,8466.638394224183,1397.5245662961322,1799.8120145114954,5269.301813416554,1748.2917226342895,6718.346671589892,20.63071545401044,2,1,0,0,1,45.71203368886097,45.71203368886097,45.71203368886097,1.0,0.0,0.0,0.0,1,0,0.0,0.0,0.0,1.0,0.0,0.7062240938256092,0.29377590617439076,0.0,0.0,0.0,13,1,2023,4,17,1,0,0,2,1,0,1,GRAVE_MORTALIDAD,2
6,1,1,0,4,1,-9.140495290104871,-77.81847779432267,6,4,5,0,1,1,1,2,6543.555,2.0414991671830793,3,3,1.0,13,32,1209.495269309713,0.5024071030487925,79.24362582056054,53.420995242967116,7.234483958274892,800.5007209177905,25535.239821309322,10767.648,1885.0630000000003,1222.721,7659.864000000001,2100.343,8667.305000000002,19.506051832303577,3,1,0,0,2,37.41901165943689,37.41901165943689,37.41901165943689,1.0,0.9585008328169206,0.0,0.041499167183079444,1,0,0.0,0.0,0.0,1.0,0.0,1.0,0.0,0.0,0.041499167183079444,0.0,14,3,2023,6,14,4,0,0,0,1,0,1,GRAVE_MORTALIDAD,2
6,1,1,0,4,0,-9.18164307799589,-77.75377345034295,1,4,3,0,7,2,2,0,6543.555,2.0,4,4,1.0,14,33,1198.0,0.44217662023901627,76.5138698602906,48.38514892279448,6.721357005211002,645.3895645291955,8209.584365466902,10767.648,1885.0630000000003,1222.721,7659.864000000001,2100.343,8667.305000000002,19.506051832303577,5,1,0,0,4,54.10479931566441,54.10479931566441,54.10479931566441,1.0,0.0,0.0,0.36290529917555747,1,0,0.0,1.0,0.0,0.0,0.36290529917555747,0.0,0.6370947008244425,0.0,0.36290529917555747,0.0,5,1,2021,7,17,2,0,0,0,1,0,1,GRAVE_MORTALIDAD,2
3,1,1,0,8,2,-9.32899498419557,-77.68971697092165,0,4,1,0,4,1,1,0,6543.555,2.4027075796465307,3,2,1.0,8,31,1309.549999562089,0.5587292379237457,76.77963385347,65.0659366558719,8.411428451231155,940.2239419279118,16370.839235750262,10767.648,1885.0630000000003,1222.721,7659.864000000001,2100.343,8667.305000000002,19.506051832303577,3,2,0,0,1,37.55667872565551,31.932310508836732,43.18104694247428,1.0,0.4027075796465307,0.0,1.0,2,0,0.0,0.0,0.0,1.0,0.4027075796465307,0.4027075796465307,0.5972924203534693,0.0,1.0,0.5972924203534693,16,2,2024,2,22,1,0,1,0,1,0,1,GRAVE_MORTALIDAD,2
4,2,20,0,4,1,-17.836178745473198,-70.9661938628136,0,4,4,0,2,1,1,2,1926.94,2.0,2,0,1.0,9,32,393.0,0.6272621567642329,75.73788522541057,70.52425818874913,10.193738177105155,1182.2219521039474,2998.9926244434005,2754.072380587269,575.0798725539986,631.4473999834033,1547.545108049867,998.596732868304,1755.4756477189649,36.52755214017615,3,2,0,0,1,44.09824598580102,36.693233003042636,56.94812145588173,1.0,0.3466165015213194,0.0,0.6533834984786806,2,0,0.0,0.6533834984786806,0.0,0.0,0.0,0.3466165015213194,0.6533834984786806,0.0,0.0,0.0,21,2,2021,9,27,2,0,1,0,1,0,1,GRAVE_MORTALIDAD,2
6,2,5,0,4,2,-5.786525373326402,-79.00920023224464,0,4,1,0,1,2,2,2,6543.555,2.0,4,4,1.0,14,33,1198.0,0.3304488038353856,75.3069737137603,43.255727169474575,5.2143717240011584,364.9642005434232,9206.682554760664,15935.565011852366,1733.9250000199986,935.692,13265.948011832368,2000.1670000199988,13935.398011832369,12.551591352627522,3,1,0,0,2,66.80763280709206,66.80763280709206,66.80763280709206,1.0,0.8076901039663725,0.0,1.0,1,0,0.0,1.0,0.0,0.0,0.0,0.0,1.0,0.0,0.19230989603362747,0.0,12,3,2023,8,19,4,0,1,2,1,0,1,GRAVE_MORTALIDAD,2
3,1,9,0,4,1,-9.650550139091242,-76.79838682976114,4,4,2,1,1,2,2,1,9936.932,2.0,2,0,1.0,9,32,3830.0,0.31801233738021956,74.55633091834076,44.08641638049535,4.661061122827321,381.58268392891006,10832.113352999417,8422.7475286958,1334.1024223918853,1130.2075695319331,5958.43753677198,1107.0011166601105,7315.746412035688,13.129761684579384,5,2,0,0,3,39.63476366710012,38.9304182087126,40.33910912548763,1.0,0.0,0.0,0.0,2,0,0.0,0.0,0.0,1.0,0.0,0.0,1.0,0.0,0.0,0.0,9,1,2022,7,11,2,0,0,1,1,0,1,GRAVE_MORTALIDAD,2
1,1,14,2,3,2,-12.02038227241244,-76.98612920785115,0,0,4,1,2,0,0,1,6603.29836767603,2.0,2,1,1.0,10,31,1456.9994574629775,0.7439816608391271,79.86286907801141,76.98243275388955,11.658440923604031,1568.4749127552416,358664.98414789344,7626.313,1683.4029999999998,1599.0829999999996,4343.827000000001,1814.875,5811.438000000001,23.797541485643197,4,2,0,1,1,33.75480091318847,27.803840730550778,39.70576109582616,1.0,0.6196159269449223,0.0,0.0,2,0,0.0,0.3803840730550777,0.0,0.6196159269449223,0.0,0.6196159269449223,1.0,0.3803840730550777,1.0,0.0,4,0,2023,4,20,3,0,1,0,1,0,1,GRAVE_MORTALIDAD,2
6,1,3,0,4,1,-15.802310234022977,-73.08012113730007,0,4,0,0,4,2,2,0,6582.158909849095,2.0,3,2,1.0,11,32,1365.3556763837528,0.4836235870056555,79.36811888161917,59.31471949786402,7.407825052103567,680.3948934860935,1162.0226731570365,10322.272,1495.236,1749.739,7077.2970000000005,2886.595,7435.677000000001,27.964725207783708,4,1,0,0,3,43.39851027383968,43.39851027383968,43.39851027383968,0.4003724315400786,0.0,0.0,0.5996275684599214,1,0,0.0,0.4003724315400786,0.0,0.5996275684599214,0.0,0.5996275684599214,0.4003724315400786,0.0,0.5996275684599214,0.0,8,1,2022,10,22,4,0,1,0,1,0,1,GRAVE_MORTALIDAD,2
3,1,19,0,4,1,-5.288905281432248,-80.64268691654084,0,4,3,1,2,1,1,0,6543.555,2.4936696906457323,3,2,1.0,7,31,1334.7465043088678,0.5034350778485951,78.14388603810477,62.51585839041032,7.698619805954479,731.8176685454189,76220.84796573877,8965.846000060003,1782.4120000599992,636.9959999999999,6546.438000000004,2214.505000059999,6751.341000000004,24.699342371541725,5,2,0,0,3,39.28481670144847,25.607615259022552,52.962018143874396,1.0,1.0,1.0,1.0,2,0,0.0,0.5063303093542678,1.0,0.4936696906457322,1.0,0.0,0.4936696906457322,1.0,0.5063303093542678,0.5063303093542678,21,2,2022,6,9,2,0,0,0,1,0,1,GRAVE_MORTALIDAD,2
6,1,4,0,4,1,-13.504535867198538,-74.04608387882013,0,4,2,0,4,2,2,2,6543.555,2.0,4,4,1.0,14,33,1198.0,0.30721463400031956,77.03019008561833,52.37480140595577,4.579810589612907,304.14938546126257,2170.310691198744,12678.733000000004,1805.074000000001,1774.0339999999994,9099.625000000004,2485.375000000001,10193.358000000002,19.602707936195205,9,1,0,0,8,35.889255499734865,35.889255499734865,35.889255499734865,1.0,0.0,0.0,0.6495867499898026,1,0,0.0,0.0,0.3504132500101974,0.6495867499898026,0.0,0.0,1.0,0.0,0.0,0.0,11,1,2024,2,21,2,0,0,2,1,0,1,GRAVE_MORTALIDAD,2
2,1,19,0,4,1,-15.66123582651636,-70.23805164475193,0,4,6,1,2,2,2,2,7496.059737969664,2.0,2,0,1.0,9,7,1198.0,0.33934757881377736,73.09027332866881,76.33779573900426,6.684028764124565,281.9087688536033,24972.17908054038,13522.352124586414,2003.8601881927943,2245.404568079573,9273.087368314045,3163.813055634804,10358.539068951608,23.305070793355327,3,1,0,0,0,44.432758085944414,36.21637904297221,52.64913712891663,1.0,0.0,0.0,0.08706899522531009,1,0,0.0,1.0,0.9129310047746899,0.0,0.0,0.0,1.0,0.0,0.0,0.0,15,3,2023,7,10,1,0,0,2,1,0,1,GRAVE_MORTALIDAD,2
4,1,0,0,4,1,-6.357761995510397,-77.77461386171211,0,4,0,0,1,1,0,0,2760.8550000000005,1.0,1,3,0.0,9,32,1208.0,0.4307963419054645,69.08849877835625,43.98564568948015,5.971313905683979,782.3135544440962,1299.9943297495977,3903.732,1155.121,585.018,2163.5930000000003,943.591,2960.1410000000005,24.17151074920102,4,1,0,0,2,47.971033909655205,45.66022975770116,50.28183806160925,1.0,0.0,0.0,0.6602297577011562,1,0,0.0,0.6602297577011562,0.0,1.0,0.0,0.0,1.0,0.0,0.0,0.0,12,2,2021,5,15,1,0,0,1,1,0,1,GRAVE_MORTALIDAD,2
3,1,14,0,4,1,-12.211644555682492,-76.94819186559927,0,4,7,0,2,2,2,0,6596.0442009363205,2.4556191564372516,2,0,1.0,4,30,1551.7576989423476,0.7186110274709495,78.92768874625395,79.84700019770254,11.911339908748314,1393.0424024123524,60960.12074460357,7626.313,1683.4029999999998,1599.0829999999996,4343.827000000001,1814.875,5811.438000000001,23.797541485643197,6,2,0,0,4,50.57104560591085,44.25447434056672,56.88761687125497,1.0,0.0,0.0,0.4556191564372516,2,0,0.0,0.5443808435627484,0.4556191564372516,1.0,0.0,1.0,1.0,0.0,0.0,0.0,13,1,2022,6,20,4,0,1,0,1,0,1,GRAVE_MORTALIDAD,2
3,2,10,0,4,1,-14.805489491015496,-74.99473543600149,0,3,7,0,2,2,2,0,6639.975,2.0,2,0,1.0,9,31,1616.0,0.5563774842369664,77.00938809632027,69.10246351364754,8.476961866273152,914.8835608305218,27932.19700214133,3721.461,698.1859999999996,744.866,2278.409,1102.9029999999996,2618.558,29.636290693359403,3,2,0,0,1,33.46565850713738,26.965658507137373,39.96565850713738,1.0,0.32188616904579126,0.0,0.0,2,0,0.0,1.0,0.0,1.0,0.0,0.6781138309542087,1.0,0.0,0.32188616904579126,0.32188616904579126,20,2,2022,3,29,3,0,1,0,1,0,1,GRAVE_MORTALIDAD,2
3,2,7,0,4,1,-6.121635275241291,-79.37546741753317,3,4,7,1,2,2,2,0,7098.682969269661,2.543021430866764,2,0,1.0,4,25,1775.6918984896693,0.44346369589401746,73.80715230675747,58.51157909220717,5.817268250739268,701.5478705464732,49656.89180096713,3662.608220816491,807.5552459808498,641.8777740260589,2213.1752008095827,813.137703534292,2849.470517282199,22.085485255551838,13,2,0,0,11,32.84417144693411,30.887192877800878,34.801150016067346,1.0,0.45697856913323587,0.0,0.0,2,0,0.0,0.0,0.5430214308667641,1.0,0.45697856913323587,1.0,0.5430214308667641,0.0,1.0,0.0,7,0,2021,2,13,0,0,0,0,1,0,1,GRAVE_MORTALIDAD,2
3,1,3,0,4,1,-16.531283716952355,-71.94692561836094,4,4,7,1,2,0,1,0,6577.001745841055,2.0,3,2,1.0,12,32,1342.9983381203133,0.6455852322566902,78.58826324858522,78.38415596279924,8.472481180514539,1258.6172876652156,2628.282655246253,10322.272,1495.236,1749.739,7077.2970000000005,2886.595,7435.677000000001,27.964725207783708,7,2,0,0,5,37.65311402363562,34.95934207090684,40.0,0.6531140236356144,0.6531140236356144,0.0,0.0,2,0,0.0,0.34688597636438556,0.0,1.0,0.0,1.0,0.34688597636438556,0.0,0.0,0.0,14,3,2022,8,9,1,0,0,0,1,0,1,GRAVE_MORTALIDAD,2
3,2,10,0,4,1,-15.054942753603964,-74.96270647921062,3,3,7,1,2,1,1,2,6639.975,2.0,2,0,1.0,9,31,1616.0,0.5563774842369664,77.00938809632027,69.10246351364754,8.476961866273152,914.8835608305218,27932.19700214133,3721.461,698.1859999999996,744.866,2278.409,1102.9029999999996,2618.558,29.636290693359403,3,2,0,0,1,38.70298071888033,37.3564479045651,40.049513533195565,1.0,0.0,0.43564479045650983,1.0,2,0,0.0,0.5643552095434902,0.43564479045650983,1.0,0.0,0.5643552095434902,1.0,0.0,0.0,0.0,14,1,2022,5,20,5,1,1,0,1,0,1,GRAVE_MORTALIDAD,2
6,1,4,0,4,2,-13.803225792550704,-73.97424714294537,0,4,3,0,1,1,1,5,6543.555,2.0,4,4,1.0,14,33,1198.0,0.359696101492647,72.63811305472453,59.043147550861725,5.234444614721892,420.51663668806015,4238.746320041943,12678.733000000004,1805.074000000001,1774.0339999999994,9099.625000000004,2485.375000000001,10193.358000000002,19.602707936195205,25,1,0,0,24,34.69934527863689,32.64415345717195,36.75453710010183,1.0,0.7944808178535061,0.0,1.0,1,0,0.0,0.0,0.2055191821464939,0.0,0.0,0.0,1.0,0.7944808178535061,1.0,0.7944808178535061,15,2,2023,1,12,5,0,0,2,1,0,1,GRAVE_MORTALIDAD,2
5,1,7,0,4,2,-13.732169287971487,-71.97727110133293,0,4,1,0,5,1,1,1,6543.555,2.0,4,4,1.0,14,33,1198.0,0.3212567055066115,73.28845607867848,57.08346356153208,5.3500982770991605,307.9240589226726,4963.710812739219,17779.13499998999,2097.3709999899997,2863.123,12818.640999999989,2878.713,14900.421999989989,16.19152450331032,3,1,0,0,1,27.860935422256695,27.165612533540163,28.556258310973224,1.0,0.0,0.0,0.27812915548661243,1,0,0.0,0.27812915548661243,0.0,1.0,0.0,1.0,0.27812915548661243,0.0,0.0,0.0,15,1,2024,2,24,6,1,1,2,1,0,1,GRAVE_MORTALIDAD,2
3,1,8,0,4,1,-10.655310681562954,-75.9908035911341,6,4,0,1,2,1,1,2,9602.62806112253,2.0,2,0,1.0,9,28,3455.5842089074217,0.30251734685815573,74.00987510353045,48.89655642754047,4.588525126412716,318.26800689456815,9884.599648377996,8252.070574596077,1349.398495159622,965.0360471428473,5937.636032293606,1176.4684651498508,7075.602109446225,14.215637355752186,6,1,0,0,4,42.0,41.142255239776816,42.857744760223184,1.0,0.0,0.0,0.14225523977681542,1,0,0.0,0.0,0.0,1.0,0.0,0.14225523977681542,0.8577447602231846,0.0,0.0,0.0,9,1,2022,6,14,2,0,0,2,1,0,1,GRAVE_MORTALIDAD,2
6,1,22,0,4,1,-17.041360212248964,-70.179643425242,2,4,4,1,2,2,2,2,1407.0277206627163,1.6868367981702228,1,0,0.6868367981702229,9,24,192.48408315608535,0.39955282305272716,72.1658832394912,66.91226033109827,7.110025836850976,437.04289567960194,2739.18940332095,2650.572,630.6729999999998,487.3610000000001,1532.5379999999998,1068.7019999999998,1581.87,40.31967439480987,5,1,0,0,4,40.736735963404456,40.736735963404456,40.736735963404456,1.0,0.0,0.0,0.6868367981702229,1,0,0.0,0.0,0.0,1.0,0.0,1.0,0.0,0.0,0.0,0.0,12,3,2024,2,2,4,0,0,0,1,0,1,GRAVE_MORTALIDAD,2
5,1,7,1,4,1,-14.080925036865736,-71.43319250335081,4,4,5,1,2,0,0,2,7586.903,2.0,2,0,1.0,9,5,1198.0,0.43586153387349674,73.36886001255634,78.07863006382546,7.2093191195940864,507.35899813019034,5262.51832939805,17779.13499998999,2097.3709999899997,2863.123,12818.640999999989,2878.713,14900.421999989989,16.19152450331032,10,1,0,0,9,42.8495342154879,42.548602646463706,43.1504657845121,1.0,0.0,0.8495342154879013,1.0,1,0,0.0,0.0,1.0,0.1504657845120987,0.0,0.0,1.0,0.0,0.0,0.0,8,1,2022,4,15,1,0,0,2,1,0,1,GRAVE_MORTALIDAD,2
5,1,14,2,5,4,-11.959854631172544,-76.99066225135357,0,2,1,1,2,1,1,1,6543.555,2.0,4,4,1.0,14,33,1198.0,0.701053025277506,79.62867561460851,73.1469484600971,10.064317505194426,1464.6926161541437,1150285.0494171206,7626.313,1683.4029999999998,1599.0829999999996,4343.827000000001,1814.875,5811.438000000001,23.797541485643197,2,1,0,0,1,42.688535998002784,42.02111313658018,43.355958859425385,1.0,0.9110102851436533,0.0,0.0,1,0,0.0,0.0,0.08898971485634666,1.0,1.0,0.0,0.08898971485634666,0.08898971485634666,0.08898971485634666,0.08898971485634666,20,1,2024,1,11,3,0,0,0,1,0,1,GRAVE_MORTALIDAD,2
3,2,7,0,4,1,-15.137077794081602,-71.11204029076413,0,4,0,0,2,0,1,2,568.5409999999999,1.0,2,3,0.0,9,3,93.0,0.34973597609278595,68.34737785277098,63.64198667987049,4.994880782610534,420.91989334096496,1115.3713127931264,17779.13499998999,2097.3709999899997,2863.123,12818.640999999989,2878.713,14900.421999989989,16.19152450331032,5,2,0,0,3,37.962632330176035,28.04151963313774,47.883745027214324,1.0,0.0,0.0,0.0,2,0,0.0,0.9916960733724518,0.008303926627548197,1.0,0.0,0.9916960733724518,1.0,0.0,0.008303926627548197,0.0,6,0,2022,9,24,5,1,0,2,1,0,1,GRAVE_MORTALIDAD,2
5,1,12,0,4,0,-7.7334678736282765,-78.39152860368473,1,4,7,1,4,2,2,3,6543.555,2.4589971010723373,3,2,1.0,7,31,1325.1421969970374,0.5352416384279504,74.73186671576264,58.39681628761353,7.881631609927223,958.7692978427629,8969.084961576245,8931.828000000005,1335.5899999999997,1935.9830000000004,5660.255000000005,1219.309,7712.519000000005,13.651281686122925,2,1,0,0,1,43.311504348391495,42.16401159571065,44.458997101072335,1.0,0.4589971010723375,0.4589971010723375,0.4589971010723375,1,0,0.0,0.5410028989276625,0.4589971010723375,0.0,0.4589971010723375,0.0,1.0,0.0,0.4589971010723375,0.4589971010723375,18,2,2022,3,18,5,1,0,0,1,0,1,GRAVE_MORTALIDAD,2
3,1,19,0,4,1,-5.211308668940209,-80.13353215519577,0,4,7,1,2,2,2,0,1289.1181555732833,2.0,2,0,1.0,1,20,160.80263287522862,0.39167832172804784,73.8040394417382,50.0624006903349,4.556095582720971,619.8541401421849,12719.179954695932,8965.846000060003,1782.4120000599992,636.9959999999999,6546.438000000004,2214.505000059999,6751.341000000004,24.699342371541725,2,1,0,0,1,36.01515425603291,27.090925536197435,44.92422871983547,1.0,0.0,0.0,1.0,1,0,0.0,0.984845743967094,0.0,1.0,1.0,0.0,0.984845743967094,0.015154256032905988,0.984845743967094,0.015154256032905988,14,2,2022,10,17,4,0,0,0,1,0,1,GRAVE_MORTALIDAD,2
6,1,20,0,4,1,-14.299866791183081,-69.23681782118693,0,4,0,0,6,2,2,5,1747.0757604133478,2.0,1,0,0.061003577914022444,8,31,470.11512698897855,0.4633737730035725,73.90774134861394,75.16565356261513,7.726523472833834,572.6194617399401,7790.34895248535,13642.312999999998,2020.7790000000005,2354.117,9267.416999999998,3314.0520000000006,10328.260999999997,24.29244952817019,2,1,0,0,1,37.52508944785056,37.52508944785056,37.52508944785056,1.0,0.9389964220859776,0.0,0.0,1,0,0.0,0.0,0.0,1.0,0.0,0.9389964220859776,0.061003577914022444,0.0,0.9389964220859776,0.0,5,0,2021,7,6,1,0,0,2,1,0,1,GRAVE_MORTALIDAD,2
4,1,12,0,4,1,-7.731516713439893,-78.9194694719803,0,4,7,1,2,2,2,0,6543.555,2.0,4,4,1.0,14,33,1198.0,0.5905621817048304,77.8356349016712,72.40638083467526,8.94240518219328,1001.2691981342805,29369.06132041911,8931.828000000005,1335.5899999999997,1935.9830000000004,5660.255000000005,1219.309,7712.519000000005,13.651281686122925,4,1,0,0,2,43.065798856058294,41.1506468557965,44.980950856320085,1.0,1.0,0.0,0.0,1,0,0.0,0.45281371421091676,0.0,0.5471862857890832,0.5471862857890832,0.0,0.45281371421091676,0.5471862857890832,0.0,0.5471862857890832,13,1,2023,5,7,3,0,0,0,1,0,1,GRAVE_MORTALIDAD,2
3,1,3,0,4,1,-16.347649566985766,-72.99387751414396,0,4,0,0,2,2,2,0,6620.836490586553,2.0,2,0,1.0,9,31,1533.030730814964,0.6120531325433884,82.24327712900272,64.88664332840493,8.525972634149223,1104.7581777157313,4700.0942809983335,10322.272,1495.236,1749.739,7077.2970000000005,2886.595,7435.677000000001,27.964725207783708,7,1,0,0,5,35.59170091032942,31.98491074605349,39.19849107460535,1.0,0.0,0.0,0.0,1,0,0.0,0.0,0.0,1.0,0.0,1.0,0.8015089253946509,0.0,0.0,0.0,19,2,2021,3,20,5,1,0,0,1,0,1,GRAVE_MORTALIDAD,2
5,1,10,1,4,1,-12.5415792207129,-76.61481454406514,0,4,7,1,2,2,2,0,1617.851315230129,2.0,2,2,1.0,7,23,289.93751396209893,0.523041445095886,74.94072957820052,69.87739998771413,8.147894767817531,796.4091561263699,15439.00194658341,3678.2991120385436,667.9916401762853,735.7745831897514,2274.532888672507,1037.0236172929517,2641.2754947455915,28.101824172446157,2,1,0,0,1,28.340460893739447,27.680921787478894,29.0,1.0,0.16488477656513845,0.0,0.16488477656513845,1,0,0.0,0.0,0.0,1.0,1.0,0.0,0.0,1.0,0.8351152234348616,1.0,3,0,2021,2,20,5,0,0,0,1,0,1,GRAVE_MORTALIDAD,2
8,1,7,0,4,1,-14.239650842163014,-72.00992684938188,0,4,7,1,1,2,2,2,2180.3768627640957,1.0,1,3,0.0,9,27,638.5534162355037,0.4614260942429306,67.37374062405677,70.06192452973433,6.9000778047623,724.1328213119461,9596.593695486006,17779.13499998999,2097.3709999899997,2863.123,12818.640999999989,2878.713,14900.421999989989,16.19152450331032,2,1,0,0,1,20.919914910959662,20.919914910959662,20.919914910959662,1.0,0.7600106361300425,0.0,0.2399893638699575,1,0,0.0,0.0,0.0,1.0,1.0,0.0,0.2399893638699575,0.7600106361300425,1.0,0.7600106361300425,15,1,2025,5,13,4,0,0,2,1,0,1,GRAVE_MORTALIDAD,2
5,1,10,2,4,1,-13.297387215752133,-75.41852590511506,0,1,5,0,2,2,2,4,1057.9255515818445,2.0,2,0,1.0,4,17,180.63872555201434,0.6808625451621787,80.19795197298363,74.9143577700137,9.913600898724988,1335.6512656913421,200490.64232358715,8407.783516476271,1628.859528577107,1642.7532569031089,5136.170730996055,2125.531646454174,6282.251870022097,25.00547202746251,3,1,0,0,2,43.304403117459586,39.6810611245163,46.92774511040287,1.0,0.0,0.0,0.0,1,0,0.0,0.2898673594354627,0.0,1.0,0.2898673594354627,0.7101326405645373,0.2898673594354627,0.0,0.0,0.0,12,2,2022,4,26,4,0,1,0,1,0,1,GRAVE_MORTALIDAD,2
3,2,12,0,4,1,-7.96490851173089,-78.50046104977801,0,4,7,1,1,2,2,0,9010.709765728048,2.272949994731488,2,0,1.0,6,31,3187.202762407346,0.4703200531761177,76.97880831686945,49.33858070924546,6.868385128087582,748.4314816500753,13821.410896372725,8931.828000000005,1335.5899999999997,1935.9830000000004,5660.255000000005,1219.309,7712.519000000005,13.651281686122925,7,2,1,0,5,36.45654995258339,36.45654995258339,36.45654995258339,1.0,0.0,0.0,0.0,2,0,0.0,0.0,0.27294999473148784,1.0,0.0,0.27294999473148784,1.0,0.0,0.27294999473148784,0.0,12,3,2023,10,7,3,0,0,0,1,0,1,GRAVE_MORTALIDAD,2
4,1,13,0,4,0,-6.725611271207939,-79.8027269986416,0,4,7,1,2,2,2,0,6543.555,2.341425269604298,3,2,1.0,9,31,1292.5747996803907,0.5107689972180957,74.35073205300625,65.17974229083255,8.662520247248183,747.9557224897401,14654.40823642494,3459.691,515.0619999999999,689.7280000000001,2254.901,703.3549999999999,2756.336,20.329994788551925,2,1,0,0,1,29.549333590737675,29.220046225539825,29.878620955935524,1.0,0.0,0.0,0.6585747303957017,1,0,0.0,0.6585747303957017,0.0,1.0,0.3414252696042983,0.6585747303957017,0.6585747303957017,0.3414252696042983,0.0,0.3414252696042983,4,0,2021,2,28,2,0,1,0,1,0,1,GRAVE_MORTALIDAD,2