CLASE SINIESTRO,CANTIDAD DE VEHICULOS DAÑADOS,DEPARTAMENTO,ZONA,TIPO DE VÍA,RED VIAL,COORDENADAS LATITUD,COORDENADAS  LONGITUD,CONDICIÓN CLIMÁTICA,ZONIFICACIÓN,CARACTERÍSTICAS DE VÍA,PERFIL LONGITUDINAL VÍA,SUPERFICIE DE CALZADA,¿EXISTE SEÑAL VERTICAL?,¿EXISTE SEÑAL HORIZONTAL?,CAUSA FACTOR PRINCIPAL,MTC_RVN_LONGITUD_KM,MTC_RVN_N_CARRILES_MEDIANA,MTC_RVN_SUPERFICIE_DOMINANTE,MTC_RVN_ESTADO_DOMINANTE,MTC_RVN_ES_CONCESIONADA,MTC_RVN_CONCESION_PRINCIPAL,MTC_RVN_CORREDOR_LOGISTICO,MTC_RVN_N_TRAMOS,IDH_2019,IDH_ESP_VIDA_2019,IDH_EDUC_SECUND_PCT_2019,IDH_ANIOS_EDUC_2019,IDH_INGRESO_PERCAP_2019,IDH_POBLACION_2019,MTC_DEP_RED_TOTAL_KM,MTC_DEP_NACIONAL_TOTAL_KM,MTC_DEP_DEPARTAMENTAL_TOTAL_KM,MTC_DEP_VECINAL_TOTAL_KM,MTC_DEP_PAV_TOTAL_KM,MTC_DEP_NO_PAV_TOTAL_KM,MTC_DEP_PCT_PAVIMENTADA,PER_TOTAL_PERSONAS,PER_N_CONDUCTORES,PER_N_CONDUCTORES_FUGADOS,PER_N_PEATONES,PER_N_PASAJEROS_OCUPANTES,PER_EDAD_COND_PROM,PER_EDAD_COND_MIN,PER_EDAD_COND_MAX,PER_ANY_COND_MASCULINO,PER_ANY_LIC_PROBLEMA,PER_ANY_DOSAJE_POS,PER_ANY_DOSAJE_EVALUADO,VEH_TOTAL,VEH_N_FUGADOS,VEH_ANY_FUGADO,VEH_ANY_CARGA,VEH_ANY_PUBLICO,VEH_ANY_PARTICULAR,VEH_ANY_MOTO,VEH_ANY_AUTO,VEH_ANY_CAMION_BUS,VEH_ANY_SOAT_PROBLEMA,VEH_ANY_CITV_PROBLEMA,VEH_ANY_SEGURO_PROBLEMA,HORA_NUM,FRANJA_HORARIA,ANIO,MES,DIA_MES,DIA_SEMANA,ES_FIN_SEMANA,ES_QUINCENA,REGION_NATURAL,TIENE_SEÑALIZACION,ES_VIA_MULTICARRIL,ES_DEPTO_BAJO_PAVIMENTO,CATEGORIA_SEVERIDAD,CATEGORIA_SEVERIDAD_ENC
1,1,14,0,4,1,-11.196046413451928,-77.47318180821387,0,2,3,1,2,1,0,0,6543.555,3.0,2,0,1.0,0,30,1475.0,0.6073526776561077,80.9790483762672,65.9698200094678,7.433196517891519,1196.7498357529178,20454.760987765523,7626.313,1683.4029999999998,1599.0829999999996,4343.827000000001,1814.875,5811.438000000001,23.797541485643197,2,0,0,1,0,41.26339863794884,32.10244239201077,49.87313368788153,1.0,0.0,0.0,0.4487788039946148,1,0,0.0,0.4487788039946148,0.4487788039946148,0.5512211960053852,0.0,1.0,0.4487788039946148,0.0,0.0,0.0,19,2,2024,1,5,2,0,0,0,1,1,1,GRAVE_MORTALIDAD,2
6,1,7,0,4,0,-13.341326806385418,-71.57413057274368,0,4,0,1,1,2,2,5,6634.083509347634,2.0,3,3,1.0,13,30,1198.0,0.20620199230257633,61.16957632962445,51.753030988569435,3.3773249386027864,188.05911052832008,9924.843161121338,17779.13499998999,2097.3709999899997,2863.123,12818.640999999989,2878.713,14900.421999989989,16.19152450331032,3,1,0,0,2,41.08241566988505,41.08241566988505,41.08241566988505,1.0,0.0,0.0,0.08676731957854367,1,0,0.0,0.0,0.0,1.0,0.0,0.9132326804214563,0.08676731957854367,0.0,0.0,0.0,3,0,2022,7,16,5,1,1,2,1,0,1,GRAVE_MORTALIDAD,2
3,1,13,0,4,1,-6.740701608827654,-79.5597883475342,0,4,7,1,2,2,2,0,919.085,2.0,2,3,0.0,9,7,218.0,0.5368990377599975,81.14791216819076,67.58350560537582,7.829746599316162,796.0036204699745,23182.03854389721,3459.691,515.0619999999999,689.7280000000001,2254.901,703.3549999999999,2756.336,20.329994788551925,3,2,0,0,1,36.03029468615754,29.89393417884846,42.16665519346661,1.0,0.1893934178848461,0.0,1.0,2,0,0.0,0.8106065821151539,0.1893934178848461,0.1893934178848461,0.1893934178848461,0.1893934178848461,0.8106065821151539,0.8106065821151539,1.0,0.8106065821151539,20,2,2021,2,23,2,0,1,0,1,0,1,GRAVE_MORTALIDAD,2
3,2,5,0,4,1,-5.6793226361004265,-78.78171739036729,0,3,7,0,2,1,1,0,7758.33400008,2.0,2,0,1.0,9,20,2133.0,0.5803239946829384,74.49544278598792,68.33065356443184,8.733179344969395,1046.078117086984,102362.46895074946,15935.565011852366,1733.9250000199986,935.692,13265.948011832368,2000.1670000199988,13935.398011832369,12.551591352627522,3,2,0,0,1,31.98492034217059,28.98492034217059,34.98492034217059,1.0,0.0,0.0,1.0,2,0,0.0,0.9949734473901969,0.0,1.0,1.0,0.0,1.0,0.9949734473901969,1.0,0.9949734473901969,2,0,2022,7,23,5,0,0,2,1,0,1,GRAVE_MORTALIDAD,2
6,1,14,0,4,1,-11.246896887874723,-77.53118177220841,0,4,7,1,2,1,0,0,6543.555,3.0,2,0,1.0,0,30,1475.0,0.7327345537337897,78.20903814342847,76.31492653513806,13.642917835589472,1405.6698219039215,62016.21841541756,7626.313,1683.4029999999998,1599.0829999999996,4343.827000000001,1814.875,5811.438000000001,23.797541485643197,2,1,0,0,1,35.87980717924366,35.87980717924366,35.87980717924366,1.0,0.0,0.0,0.06009641037817015,1,0,0.0,0.0,0.0,1.0,0.0,0.9399035896218298,0.06009641037817015,0.0,0.0,0.0,3,0,2021,2,12,5,1,0,0,1,1,1,GRAVE_MORTALIDAD,2
5,1,3,0,4,1,-16.120717214947398,-71.62300592449421,0,4,0,0,2,0,1,0,1504.4250000000002,2.0,2,0,1.0,7,25,241.0,0.6005060748875158,78.21704200773246,77.40211893847457,8.994742794352394,996.014120858737,33335.45824411135,10322.272,1495.236,1749.739,7077.2970000000005,2886.595,7435.677000000001,27.964725207783708,2,1,0,0,1,72.00004658764124,71.00009317528247,73.0,1.0,0.0,0.0,0.09523365831988206,1,0,0.0,0.09523365831988206,0.09523365831988206,0.9047663416801179,0.0,0.9047663416801179,0.09523365831988206,0.0,0.09523365831988206,0.0,10,1,2023,1,29,6,1,1,0,1,0,1,GRAVE_MORTALIDAD,2
4,1,1,0,4,1,-9.457988126327015,-78.33168793140067,0,4,7,1,2,2,2,0,6543.555,3.0,2,0,1.0,0,30,1475.0,0.5873460606982213,78.04758132038613,65.8701248560095,8.596987164492063,1041.0659985770535,35482.29764453961,10767.648,1885.0630000000003,1222.721,7659.864000000001,2100.343,8667.305000000002,19.506051832303577,3,1,0,0,2,37.64751646484336,36.59006585937345,38.70496707031327,1.0,0.0,0.0,0.0,1,0,0.0,1.0,0.0,0.3524835351566369,0.0,0.0,1.0,0.0,0.0,0.0,3,0,2022,11,23,3,0,1,0,1,1,1,GRAVE_MORTALIDAD,2
5,1,18,2,4,1,-16.905747744146023,-71.74947757309165,0,2,7,0,2,2,2,1,6569.881576515588,2.0,3,2,1.0,12,32,1312.1309788790231,0.6119450961025849,78.17164681913744,76.07637597421784,10.25555448418988,982.210797582617,33541.323945479744,2942.968195791336,649.106791332678,557.670324680007,1736.1910797786504,1078.04026222163,1864.9279335697051,37.40267669244924,3,1,0,0,2,40.13307349705803,37.539187613443865,42.72695938067219,1.0,0.7269593806721932,0.0,0.27304061932780677,1,0,0.0,0.27304061932780677,0.0,0.0,0.7269593806721932,0.27304061932780677,0.27304061932780677,0.7269593806721932,0.7269593806721932,0.7269593806721932,9,2,2022,10,20,0,0,0,0,1,0,1,GRAVE_MORTALIDAD,2
5,1,12,0,4,1,-10.790440896169102,-76.7162845679445,0,4,7,0,2,2,2,0,1006.4453180613914,-0.6456149979776178,0,0,0.0,9,32,348.29839967641885,0.4917218418974706,70.97481631296725,58.78790305824284,7.124420496572229,861.437620771094,1599.0520787541207,7783.148386147518,1641.2294128343262,1671.6314572665146,4470.287516046677,1826.3400635854282,5956.80832256209,23.493739249717088,4,1,0,0,3,27.21490626263989,26.77192501011191,27.657887515167868,1.0,0.8228074989888089,0.0,0.0,1,0,0.0,0.0,0.0,1.0,0.0,1.0,0.0,0.0,0.0,0.0,8,1,2022,6,18,5,0,1,0,1,0,1,GRAVE_MORTALIDAD,2
7,1,3,0,4,1,-16.016176323635065,-71.28707837144255,0,4,1,0,2,1,1,0,1504.4250000000002,2.0,2,0,1.0,7,25,241.0,0.4685280505645348,81.83746865987648,70.74305753660312,6.037751599761188,617.4715908037651,1751.8736616702354,10322.272,1495.236,1749.739,7077.2970000000005,2886.595,7435.677000000001,27.964725207783708,5,1,0,0,4,30.0898007346897,29.648400629734027,30.531200839645372,1.0,0.7057332633628857,0.0,0.0,1,0,0.0,0.29426673663711433,0.0,0.7057332633628857,0.0,0.7057332633628857,0.29426673663711433,0.0,0.0,0.0,7,1,2023,4,14,3,0,0,0,1,0,1,GRAVE_MORTALIDAD,2
6,1,18,0,4,1,-6.48253589838772,-79.29162845205039,0,4,0,0,2,1,0,2,293.0936929992055,2.0,2,0,0.8852030727487199,1,17,50.5739846362564,0.26141618076526213,66.89685980737714,45.49241990403297,4.5428841367840604,298.88671319915056,38405.94750582452,8812.071727701425,1771.0460710828895,747.4406313484021,6293.585025270134,2168.628704015682,6643.443023685743,24.595818400848092,27,1,0,0,26,48.88520307274872,48.88520307274872,48.88520307274872,1.0,0.0,0.0,1.0,1,0,0.0,0.0,1.0,0.0,0.0,0.0,1.0,0.0,0.0,0.0,4,0,2023,7,28,5,0,1,0,1,0,1,GRAVE_MORTALIDAD,2
6,1,5,0,4,2,-7.019723406011693,-78.67481353461132,1,4,7,0,1,2,2,0,6543.555,2.0,4,4,1.0,14,33,1198.0,0.27133662166137595,68.24044224730436,35.00205773746342,3.981745715038263,332.137346119629,2993.090946930127,15935.565011852366,1733.9250000199986,935.692,13265.948011832368,2000.1670000199988,13935.398011832369,12.551591352627522,3,1,0,0,2,24.461677242888975,24.461677242888975,24.461677242888975,1.0,0.0,0.05846708971555892,1.0,1,0,0.0,0.9415329102844411,0.0,0.05846708971555892,0.0,0.05846708971555892,0.9415329102844411,0.0,0.9415329102844411,0.0,17,1,2021,9,28,4,0,0,2,1,0,1,GRAVE_MORTALIDAD,2
6,1,19,0,4,1,-5.8721158748708975,-79.52397706309964,0,4,1,0,2,1,0,2,305.38500000000005,2.0,2,0,1.0,1,20,50.0,0.2117580020098525,65.37756662211437,42.30794939557186,3.975264599118591,171.62326554814578,38712.25053533191,8965.846000060003,1782.4120000599992,636.9959999999999,6546.438000000004,2214.505000059999,6751.341000000004,24.699342371541725,23,1,0,0,22,47.489443220556865,47.489443220556865,47.489443220556865,1.0,0.21579382563473315,0.0,0.7842061743652669,1,0,0.0,0.21579382563473315,0.7842061743652669,0.0,0.0,0.0,1.0,0.0,0.21579382563473315,0.0,2,0,2023,6,28,4,0,1,0,1,0,1,GRAVE_MORTALIDAD,2
6,1,1,0,3,2,-8.85195141461497,-77.68821966494819,2,4,5,1,3,2,2,0,6543.555,2.0,4,4,1.0,14,33,1198.0,0.241717212745074,78.85505651858735,35.33173129016628,3.3598085983473482,266.5081567494324,6212.6723193929865,10767.648,1885.0630000000003,1222.721,7659.864000000001,2100.343,8667.305000000002,19.506051832303577,3,1,0,0,2,62.74109116188616,62.74109116188616,62.74109116188616,1.0,0.5376088230874593,0.0,0.0,1,0,0.0,0.0,1.0,0.0,0.5376088230874593,0.0,0.4623911769125407,0.4623911769125407,0.0,0.0,9,1,2022,4,19,2,0,1,0,1,0,1,GRAVE_MORTALIDAD,2
6,1,14,0,4,1,-10.653927256648535,-76.77661953865152,0,4,6,0,1,1,1,0,1083.9722965869305,-0.5948878153456061,1,0,0.0,9,30,444.5659567012458,0.6329626849738527,79.69467338238256,55.60978991784313,10.43485646497054,1214.2298061072966,14347.565310492504,7626.313,1683.4029999999998,1599.0829999999996,4343.827000000001,1814.875,5811.438000000001,23.797541485643197,2,1,0,0,1,44.489027732995254,44.489027732995254,44.489027732995254,1.0,0.13503739488479805,0.0,0.0,1,0,0.0,0.0,0.0,1.0,0.13503739488479805,0.0,0.864962605115202,0.13503739488479805,0.0,0.0,9,1,2023,6,29,2,0,1,0,1,0,1,GRAVE_MORTALIDAD,2
5,1,1,0,4,1,-9.45998501317694,-78.32870450816796,1,4,6,1,2,2,2,0,6543.555,3.0,2,0,1.0,0,30,1475.0,0.5873460606982213,78.04758132038613,65.8701248560095,8.596987164492063,1041.0659985770535,35482.29764453961,10767.648,1885.0630000000003,1222.721,7659.864000000001,2100.343,8667.305000000002,19.506051832303577,3,1,0,0,2,39.24729102146616,38.99783281717293,39.496749225759395,1.0,0.0,0.0,0.0,1,0,0.0,0.7505417957067677,0.0,0.2494582042932323,0.0,0.2494582042932323,0.7505417957067677,0.0,0.0,0.0,2,0,2021,10,24,2,0,1,0,1,1,1,GRAVE_MORTALIDAD,2
3,1,10,0,4,1,-10.108605586977378,-75.46211273476362,0,4,3,1,2,1,0,0,283.565060229564,-0.15136170541658078,1,0,0.2828794315278065,7,26,54.88599984542071,0.4740993879756316,71.34337765361457,44.59216415787316,7.5135747607217525,855.0779819622164,6357.860133421153,8044.210708553761,1432.4645850773672,1020.2906864626817,5591.45543701371,1273.4374968743982,6770.773211679362,15.990470786947412,5,2,0,0,2,41.342411369443866,36.322567390138516,46.36225534874923,1.0,0.7171205684721935,0.0,0.2828794315278065,2,0,0.0,0.2828794315278065,0.2828794315278065,0.7171205684721935,0.7171205684721935,0.0,1.0,0.0,0.2828794315278065,0.7171205684721935,9,1,2022,4,21,3,0,1,1,1,0,1,GRAVE_MORTALIDAD,2
5,1,10,2,4,1,-13.723289583646867,-75.99883583663868,0,4,7,1,2,2,2,0,1467.5192681837232,1.5683974970412304,2,2,1.0,9,25,271.83974970412305,0.5352548156513327,74.92202380514243,71.13919180314807,8.582734621697393,816.2462394846089,14480.19623494851,3721.461,698.1859999999996,744.866,2278.409,1102.9029999999996,2618.558,29.636290693359403,2,1,0,0,0,30.582542510848825,28.568397497041232,32.02121752071139,1.0,0.0,0.0,0.0,1,0,0.0,0.14386750098625656,0.0,1.0,0.8561324990137434,0.14386750098625656,0.14386750098625656,0.8561324990137434,0.8561324990137434,0.8561324990137434,1,0,2022,2,19,5,0,0,0,1,0,1,GRAVE_MORTALIDAD,2
8,2,5,0,4,1,-6.940458356647193,-78.92979358588772,4,3,0,0,2,1,1,2,898.6270288731782,2.0,2,1,0.6432312883767274,8,13,177.47642883226618,0.37087649882695206,70.67506668664056,52.350541092295266,5.335802842038948,510.9681254390015,3945.228150342511,15935.565011852366,1733.9250000199986,935.692,13265.948011832368,2000.1670000199988,13935.398011832369,12.551591352627522,6,2,0,0,4,48.13537423246545,43.63275521382836,52.63799325110254,1.0,0.0,0.0,0.3567687116232726,2,0,0.0,0.6432312883767274,0.3567687116232726,1.0,0.3567687116232726,1.0,0.6432312883767274,0.0,1.0,0.3567687116232726,11,1,2021,3,15,1,0,1,2,1,0,1,GRAVE_MORTALIDAD,2
3,1,7,0,4,1,-13.570608818068315,-72.14779342127802,1,4,5,0,2,2,2,1,3043.3390078114344,1.0,1,3,0.0,9,16,958.8704917339942,0.4063063230491696,72.09375333458104,70.0719753019499,5.866249862887212,522.8911601204985,12037.237497498894,17779.13499998999,2097.3709999899997,2863.123,12818.640999999989,2878.713,14900.421999989989,16.19152450331032,5,1,0,0,3,27.485071109098566,27.485071109098566,27.485071109098566,1.0,0.0,0.0,0.7574644454507177,1,0,0.0,0.0,0.0,0.7574644454507177,0.7574644454507177,0.0,1.0,0.0,0.7574644454507177,0.0,5,0,2024,7,16,1,0,1,2,1,0,1,GRAVE_MORTALIDAD,2
0,2,10,0,4,1,-14.244425143595265,-75.69855885273913,2,4,7,1,2,0,0,0,6639.975,2.0,2,0,1.0,9,31,1616.0,0.6261042306271147,80.48505954362174,76.55712631348362,9.341715591523595,1061.002261282891,31419.372591006424,3721.461,698.1859999999996,744.866,2278.409,1102.9029999999996,2618.558,29.636290693359403,4,2,0,0,1,35.93420020771127,30.557098128664972,41.31130228675757,1.0,0.7049276507356906,0.7049276507356906,1.0,2,0,0.0,0.29507234926430936,0.0,0.7049276507356906,0.7049276507356906,0.7049276507356906,0.29507234926430936,0.7049276507356906,0.7049276507356906,0.0,7,0,2021,5,3,4,0,0,0,0,0,1,GRAVE_MORTALIDAD,2
3,3,10,0,4,1,-13.641005920596008,-75.9917283295649,0,4,7,1,2,2,2,0,1239.0591226284544,1.1034285942229076,2,2,1.0,10,26,225.34285942229076,0.5613356676199398,74.96761449954803,70.4015236447639,8.5157826254056,945.1590843632109,5741.62459196639,3721.461,698.1859999999996,744.866,2278.409,1102.9029999999996,2618.558,29.636290693359403,6,3,0,0,3,46.15314298884347,45.21828583585551,47.321714430078416,1.0,0.0,0.0,1.0,3,0,0.0,1.0,0.0,0.7011428647409692,0.7011428647409692,0.7011428647409692,0.2988571352590308,0.0,0.7011428647409692,0.7011428647409692,17,2,2022,9,4,0,0,0,0,1,0,1,GRAVE_MORTALIDAD,2
6,1,19,0,4,1,-5.829881646331901,-79.47612494900342,0,4,6,0,2,1,0,2,305.38500000000005,2.0,2,0,1.0,1,20,50.0,0.2117580020098525,65.37756662211437,42.30794939557186,3.975264599118591,171.62326554814578,38712.25053533191,8965.846000060003,1782.4120000599992,636.9959999999999,6546.438000000004,2214.505000059999,6751.341000000004,24.699342371541725,2,1,0,0,1,41.357656928674885,41.357656928674885,41.357656928674885,1.0,0.8929428214458139,0.0,0.10705717855418606,1,0,0.0,0.8929428214458139,0.0,0.10705717855418606,0.0,0.0,1.0,0.0,1.0,0.0,6,0,2023,5,21,0,0,1,0,1,0,1,GRAVE_MORTALIDAD,2
6,1,10,0,4,1,-9.881581215041706,-77.11562544126795,2,4,3,0,2,2,2,0,430.0651849683564,2.0,1,1,0.5599419534906013,8,30,105.72075460462219,0.27856033724126966,75.35301451893446,50.78728924624394,4.830694838434661,228.66158400563972,5568.661198673589,8746.826717131358,1383.9096936808712,1967.9017302874665,5395.01529316302,1509.8661263687607,7236.960590762596,17.36173129369868,2,1,0,0,1,38.52191553481016,38.52191553481016,38.52191553481016,1.0,0.5599419534906013,0.0,0.0,1,0,0.0,0.0,0.0,1.0,0.5599419534906013,0.0,0.4400580465093987,0.5599419534906013,0.0,0.5599419534906013,13,1,2021,12,17,3,0,0,0,1,0,1,GRAVE_MORTALIDAD,2
5,1,12,0,4,1,-7.448247727888902,-79.49346933397112,0,4,8,0,2,2,2,2,6543.555,3.0,2,0,1.0,0,30,1475.0,0.6138517538553948,80.84826225715301,64.49339622566798,9.143362084626023,1095.689060330069,16852.97430406852,8931.828000000005,1335.5899999999997,1935.9830000000004,5660.255000000005,1219.309,7712.519000000005,13.651281686122925,22,1,0,0,20,41.450480155837624,36.40510241045618,45.05432140253867,1.0,0.27028809350257776,0.0,0.0,1,0,0.0,0.27028809350257776,0.7297119064974222,0.0,0.0,0.0,1.0,0.0,0.27028809350257776,0.0,12,1,2021,8,18,4,0,1,0,1,1,1,GRAVE_MORTALIDAD,2
3,2,7,0,4,1,-15.13158496356633,-71.11270100632004,0,4,0,0,2,1,1,1,568.5409999999999,1.0,2,3,0.0,9,3,93.0,0.3491291336434085,68.34579473193322,63.63866309000273,4.984551874124405,419.36068685534286,1114.627408993576,17779.13499998999,2097.3709999899997,2863.123,12818.640999999989,2878.713,14900.421999989989,16.19152450331032,6,2,0,0,4,37.701104027856424,27.64132483342771,47.76088322228514,1.0,0.0,0.0,0.05977919442871504,2,0,0.0,0.940220805571285,0.05977919442871504,1.0,0.0,1.0,1.0,0.0,0.0,0.0,6,0,2022,8,24,5,0,1,2,1,0,1,GRAVE_MORTALIDAD,2
6,1,1,0,3,2,-8.81615790828763,-77.67292211627763,2,4,5,1,2,2,2,0,6543.555,2.0,4,4,1.0,14,33,1198.0,0.23350284841910718,78.37095279606393,35.302051247854315,3.3746202512584,246.32127560345822,6189.8291807704745,10767.648,1885.0630000000003,1222.721,7659.864000000001,2100.343,8667.305000000002,19.506051832303577,3,1,0,0,2,64.92530073366017,64.92530073366017,64.92530073366017,1.0,0.6037969919290961,0.0,0.0,1,0,0.0,0.0,1.0,0.0,0.6037969919290961,0.0,0.3962030080709039,0.3962030080709039,0.0,0.0,10,1,2022,4,19,2,0,1,0,1,0,1,GRAVE_MORTALIDAD,2
3,1,2,0,4,1,-14.774975867188271,-71.92235200825583,0,4,6,1,2,0,1,0,575.1493636959675,1.136864462264261,2,3,0.0,9,3,100.11695203774157,0.46749067686251383,79.68222485027853,52.72737727873341,6.005210556742478,738.609320535428,1403.9930647491858,10383.228146745409,1548.5894627310902,1677.6089648264137,7157.029719187904,2778.9850428158,7604.243103929608,26.807033424779597,11,1,0,0,9,41.0,39.27372892452852,42.72627107547148,1.0,0.0,0.0,0.0,1,0,0.0,0.863135537735739,0.13686446226426097,0.863135537735739,0.0,0.0,1.0,0.0,0.0,0.0,13,2,2022,3,24,0,0,0,0,1,0,1,GRAVE_MORTALIDAD,2
3,1,3,0,4,0,-16.27384270927271,-71.98802528867753,1,4,5,0,2,0,1,0,6622.859934084564,2.0,2,0,1.0,9,31,1541.8027634033149,0.6007255721087466,76.16723306427005,64.14517607033392,8.312140339451847,1194.5918875184527,6619.386285468666,10322.272,1495.236,1749.739,7077.2970000000005,2886.595,7435.677000000001,27.964725207783708,4,1,0,0,2,30.75746254503159,23.355010701419545,38.159914388643635,1.0,0.8224946492902271,0.0,0.1775053507097729,1,0,0.0,0.0,0.1775053507097729,0.8224946492902271,0.8224946492902271,0.8224946492902271,0.1775053507097729,0.0,0.8224946492902271,0.0,19,1,2023,3,22,4,0,0,0,1,0,1,GRAVE_MORTALIDAD,2
6,1,14,0,4,1,-10.601638369060423,-77.03678073021767,0,4,4,0,5,1,1,0,988.0317677199359,-1.0,0,0,0.17334305297528085,9,29,362.70429507403145,0.4160651019295798,72.99056142690574,63.009739651120434,6.540959955357074,528.7772587526738,720.5606864209319,7626.313,1683.4029999999998,1599.0829999999996,4343.827000000001,1814.875,5811.438000000001,23.797541485643197,3,1,0,0,2,46.866715264876404,46.866715264876404,46.866715264876404,1.0,0.0,0.0,0.0,1,0,0.0,0.8266569470247191,0.17334305297528085,0.0,0.0,0.0,1.0,0.0,0.0,0.0,9,1,2022,7,9,3,0,0,0,1,0,1,GRAVE_MORTALIDAD,2
6,1,1,0,4,2,-9.388358712868744,-77.6702152892069,2,4,2,0,6,2,2,0,6543.555,2.0,4,4,1.0,14,33,1198.0,0.41183211885400384,70.82655046201656,41.84566513460655,6.695370921341177,650.9495149306309,1437.7780327902683,10767.648,1885.0630000000003,1222.721,7659.864000000001,2100.343,8667.305000000002,19.506051832303577,4,1,0,0,3,43.74471372042737,43.74471372042737,43.74471372042737,1.0,0.0,0.0,0.0,1,0,0.0,0.0,0.0,1.0,0.0,0.48581742891263147,0.5141825710873685,0.48581742891263147,0.48581742891263147,0.48581742891263147,14,2,2022,6,3,2,0,0,0,1,0,1,GRAVE_MORTALIDAD,2
3,2,3,0,4,1,-15.764549455387003,-70.9773882662609,0,4,7,0,2,0,1,0,1504.4250000000002,2.0,2,0,1.0,7,25,241.0,0.4498224071382834,81.63336343193146,58.84842497065013,5.774685730039019,620.6584683449911,1358.612419700214,10322.272,1495.236,1749.739,7077.2970000000005,2886.595,7435.677000000001,27.964725207783708,9,2,0,0,7,47.53845580593261,33.0,62.076911611865214,1.0,1.0,0.0,0.11692353552539148,2,0,0.0,0.11692353552539148,0.0,1.0,0.0,0.8830764644746085,1.0,0.0,0.0,0.0,6,1,2021,7,12,0,0,0,0,1,0,1,GRAVE_MORTALIDAD,2
5,1,5,0,4,1,-6.622753434814397,-78.47275940614905,0,4,0,0,1,1,1,4,7622.129151079464,2.0,3,2,1.0,12,32,2034.5728787697767,0.3484871558022944,76.33677469666252,53.28672218475212,4.131981838863427,447.1658531581213,76209.5845824411,15935.565011852366,1733.9250000199986,935.692,13265.948011832368,2000.1670000199988,13935.398011832369,12.551591352627522,2,1,0,0,1,31.91445058498616,29.689522715917605,34.139378454054714,1.0,0.31784683843836503,0.0,0.31784683843836503,1,0,0.0,1.0,0.0,0.31784683843836503,0.31784683843836503,0.0,1.0,0.31784683843836503,0.31784683843836503,0.31784683843836503,21,2,2021,8,10,1,0,0,2,1,0,1,GRAVE_MORTALIDAD,2
5,1,14,2,5,4,-11.957400653129394,-76.99111248369208,0,2,1,1,2,2,2,2,6543.555,2.0,4,4,1.0,14,33,1198.0,0.701053025277506,79.62867561460851,73.1469484600971,10.064317505194426,1464.6926161541437,1150285.0494171206,7626.313,1683.4029999999998,1599.0829999999996,4343.827000000001,1814.875,5811.438000000001,23.797541485643197,2,1,0,0,0,42.699398009476454,42.498996682460756,42.84969900473823,0.949899668246076,0.949899668246076,0.0,0.0,1,0,0.0,0.05010033175392403,0.0,0.949899668246076,0.949899668246076,0.0,0.05010033175392403,0.05010033175392403,0.05010033175392403,0.0,21,2,2023,1,10,2,0,0,0,1,0,1,GRAVE_MORTALIDAD,2
3,1,12,0,4,1,-10.12803505606583,-75.70848487936648,5,4,6,1,5,2,2,0,5874.845064269758,2.0,3,1,0.1370894580787565,9,32,479.19551857960414,0.43970996558215614,75.02473564654542,57.10788958274227,6.834880802341451,594.3112648118021,74103.85308805318,11812.32814173329,1820.4249352009394,1041.306694043405,8950.596512488944,1674.349750992326,10137.978390740964,14.562662871532947,3,2,0,0,1,35.9596262065513,30.548357832315027,41.370894580787564,1.0,1.0,0.1370894580787565,0.1370894580787565,2,0,0.0,0.1370894580787565,1.0,0.8629105419212435,0.1370894580787565,0.8629105419212435,0.8629105419212435,1.0,0.1370894580787565,1.0,7,0,2022,6,18,5,1,1,1,1,0,1,GRAVE_MORTALIDAD,2
3,1,5,1,4,1,-7.2955005225592195,-78.25227475812963,0,1,5,0,2,0,1,2,9936.932,2.0,2,0,1.0,9,32,3830.0,0.3052479360847138,79.07582810044974,41.516489449100376,3.8128162964607735,380.0508142370104,13920.3017398369,15935.565011852366,1733.9250000199986,935.692,13265.948011832368,2000.1670000199988,13935.398011832369,12.551591352627522,2,1,0,0,1,38.07271443882796,31.46776626160508,44.677662616050824,1.0,0.7338831308025413,0.0,0.7338831308025413,1,0,0.0,0.7338831308025413,0.0,1.0,1.0,0.0,0.7338831308025413,0.2661168691974587,0.2661168691974587,0.0,12,2,2022,6,3,5,0,0,2,1,0,1,GRAVE_MORTALIDAD,2