CLASE SINIESTRO,CANTIDAD DE VEHICULOS DAÑADOS,DEPARTAMENTO,ZONA,TIPO DE VÍA,RED VIAL,COORDENADAS LATITUD,COORDENADAS  LONGITUD,CONDICIÓN CLIMÁTICA,ZONIFICACIÓN,CARACTERÍSTICAS DE VÍA,PERFIL LONGITUDINAL VÍA,SUPERFICIE DE CALZADA,¿EXISTE SEÑAL VERTICAL?,¿EXISTE SEÑAL HORIZONTAL?,CAUSA FACTOR PRINCIPAL,MTC_RVN_LONGITUD_KM,MTC_RVN_N_CARRILES_MEDIANA,MTC_RVN_SUPERFICIE_DOMINANTE,MTC_RVN_ESTADO_DOMINANTE,MTC_RVN_ES_CONCESIONADA,MTC_RVN_CONCESION_PRINCIPAL,MTC_RVN_CORREDOR_LOGISTICO,MTC_RVN_N_TRAMOS,IDH_2019,IDH_ESP_VIDA_2019,IDH_EDUC_SECUND_PCT_2019,IDH_ANIOS_EDUC_2019,IDH_INGRESO_PERCAP_2019,IDH_POBLACION_2019,MTC_DEP_RED_TOTAL_KM,MTC_DEP_NACIONAL_TOTAL_KM,MTC_DEP_DEPARTAMENTAL_TOTAL_KM,MTC_DEP_VECINAL_TOTAL_KM,MTC_DEP_PAV_TOTAL_KM,MTC_DEP_NO_PAV_TOTAL_KM,MTC_DEP_PCT_PAVIMENTADA,PER_TOTAL_PERSONAS,PER_N_CONDUCTORES,PER_N_CONDUCTORES_FUGADOS,PER_N_PEATONES,PER_N_PASAJEROS_OCUPANTES,PER_EDAD_COND_PROM,PER_EDAD_COND_MIN,PER_EDAD_COND_MAX,PER_ANY_COND_MASCULINO,PER_ANY_LIC_PROBLEMA,PER_ANY_DOSAJE_POS,PER_ANY_DOSAJE_EVALUADO,VEH_TOTAL,VEH_N_FUGADOS,VEH_ANY_FUGADO,VEH_ANY_CARGA,VEH_ANY_PUBLICO,VEH_ANY_PARTICULAR,VEH_ANY_MOTO,VEH_ANY_AUTO,VEH_ANY_CAMION_BUS,VEH_ANY_SOAT_PROBLEMA,VEH_ANY_CITV_PROBLEMA,VEH_ANY_SEGURO_PROBLEMA,HORA_NUM,FRANJA_HORARIA,ANIO,MES,DIA_MES,DIA_SEMANA,ES_FIN_SEMANA,ES_QUINCENA,REGION_NATURAL,TIENE_SEÑALIZACION,ES_VIA_MULTICARRIL,ES_DEPTO_BAJO_PAVIMENTO,CATEGORIA_SEVERIDAD,CATEGORIA_SEVERIDAD_ENC
3,1,15,2,2,4,-12.8138630875285,-75.58469379671821,0,2,2,1,2,2,2,2,6543.555,2.0,4,4,1.0,14,33,1198.0,0.7132594532997831,78.04062854564313,76.5630708751998,10.856647175394079,1491.1868621801716,154279.65744562255,8868.191942294568,1753.0473068543172,1754.9441744209503,5360.200461019302,2124.349126840483,6743.842815454087,23.899705028925528,4,2,0,0,1,51.28427178169843,37.07784243623723,65.49070112715962,1.0,0.0,0.0,0.0,2,0,0.0,0.2064293454611984,0.7935706545388016,0.2064293454611984,0.7935706545388016,0.2064293454611984,1.0,0.0,0.7935706545388016,0.7935706545388016,17,3,2022,3,23,5,0,0,0,1,0,1,GRAVE_MORTALIDAD,2
10,1,5,0,4,2,-7.047554293737662,-78.70651649721857,5,4,5,1,5,2,2,0,6543.555,2.0,4,4,1.0,14,33,1198.0,0.2705962048406677,68.01881424606293,34.47779737644136,4.004847575287516,332.74018019979036,3021.087366653288,15935.565011852366,1733.9250000199986,935.692,13265.948011832368,2000.1670000199988,13935.398011832369,12.551591352627522,14,1,0,0,13,29.349563327930568,29.349563327930568,29.349563327930568,1.0,1.0,0.0,0.0,1,0,0.0,1.0,0.0,0.0,0.0,0.0,1.0,0.031778484357324444,1.0,0.031778484357324444,11,1,2021,2,23,2,0,1,2,1,0,1,GRAVE_MORTALIDAD,2
3,1,20,0,4,1,-16.874153547898878,-69.73516496366688,0,4,1,1,2,2,2,2,1224.2459691256017,1.2179492307362416,1,2,0.21794923073624173,9,29,181.2307815376698,0.3367238884705214,79.36896456880557,60.06171049206615,6.384918376891411,270.8405155620205,5778.8501070663815,13642.312999999998,2020.7790000000005,2354.117,9267.416999999998,3314.0520000000006,10328.260999999997,24.29244952817019,4,1,0,0,2,27.089746153681208,19.269238461043628,34.91025384631879,0.7820507692637583,1.0,0.0,0.0,1,0,0.0,0.7820507692637583,0.0,1.0,0.7820507692637583,0.21794923073624173,0.7820507692637583,0.7820507692637583,0.0,0.7820507692637583,16,1,2022,6,16,4,0,0,2,1,0,1,GRAVE_MORTALIDAD,2
4,1,14,2,2,3,-12.014521322112847,-77.04643629923495,0,2,7,1,2,1,1,2,6566.7026207978115,2.0,3,3,1.0,12,32,1298.3495695238028,0.7688564359194173,80.51097664382965,79.0906403254044,11.7749171939924,1661.5956934441647,362976.6214311264,7626.313,1683.4029999999998,1599.0829999999996,4343.827000000001,1814.875,5811.438000000001,23.797541485643197,2,1,0,0,0,25.960282961950266,24.759929259512433,27.1606366643881,1.0,1.0,0.0,0.0,1,0,0.0,0.0,0.0,1.0,0.7599292595124335,0.2400707404875665,0.2400707404875665,0.7599292595124335,0.2400707404875665,0.7599292595124335,1,0,2023,2,6,4,0,0,0,1,0,1,GRAVE_MORTALIDAD,2
3,2,5,1,4,1,-5.678076412979057,-78.780768049068,0,0,7,0,2,1,0,1,7758.33400008,2.0,2,0,1.0,9,20,2133.0,0.5803239946829384,74.49544278598792,68.33065356443184,8.733179344969395,1046.078117086984,102362.46895074946,15935.565011852366,1733.9250000199986,935.692,13265.948011832368,2000.1670000199988,13935.398011832369,12.551591352627522,3,2,0,0,1,29.43292760216481,26.43292760216481,32.43292760216481,1.0,0.0,0.0,1.0,2,0,0.0,0.14430920072160303,0.0,1.0,1.0,0.0,1.0,0.14430920072160303,1.0,0.14430920072160303,5,0,2023,7,10,0,0,0,2,1,0,1,GRAVE_MORTALIDAD,2
6,1,7,0,4,0,-13.746387850171347,-71.68039667852895,4,4,0,0,6,1,1,2,6664.271738920782,2.0,3,3,1.0,13,29,1198.0,0.2563378362257776,63.50854460296505,55.47669424268104,5.069681428532956,252.12816673719732,920.2559427167332,17779.13499998999,2097.3709999899997,2863.123,12818.640999999989,2878.713,14900.421999989989,16.19152450331032,2,1,0,0,1,28.231402636360606,28.231402636360606,28.231402636360606,0.11570131818030216,0.0,0.0,0.0,1,0,0.0,0.0,0.0,0.8842986818196978,0.0,0.11570131818030216,0.8842986818196978,0.0,0.0,0.0,20,1,2021,1,15,3,0,0,2,1,0,1,GRAVE_MORTALIDAD,2
6,1,8,0,4,1,-12.492482230015531,-74.72334460204301,0,4,7,1,2,2,2,0,7558.471754531141,2.0,2,0,1.0,9,5,1198.0,0.2371271103914559,67.35907202388974,48.34285985638861,3.957778336278219,206.76708776763252,3746.0,8511.426,1445.3929999999996,2008.516,5057.516999999999,1879.579,6631.846999999998,22.08300935706896,5,1,0,0,4,37.0,36.890999952196736,37.081750035852444,0.9727499880491849,0.0,0.0,0.0,1,0,0.0,0.0,0.0,1.0,0.0,0.027250011950815112,0.9727499880491849,0.0,0.0,0.0,2,0,2024,4,2,1,0,0,2,1,0,1,GRAVE_MORTALIDAD,2
3,2,16,1,4,1,-15.947445649285427,-72.98033117412541,3,3,3,0,2,0,1,1,1219.3524794903428,2.0,2,1,0.4764135147785471,9,28,356.88691881771626,0.5939792590719729,76.00288915042822,74.13090751616627,9.51387199750979,999.1371374810872,16284.696352558814,3160.7579924276833,662.8371056232437,610.0398621230498,1887.8810246813896,1084.9958186189408,2075.7621738087423,35.22996601587401,4,2,0,0,1,32.712278366993075,26.476413514778546,43.136835100979226,1.0,0.4764135147785471,0.0,0.5235864852214529,2,0,0.0,1.0,0.0,0.5235864852214529,0.0,0.5235864852214529,1.0,0.0,0.0,0.0,4,0,2021,10,21,4,0,1,0,1,0,1,GRAVE_MORTALIDAD,2
3,2,7,1,4,1,-13.590508615267753,-71.79724642999226,5,3,5,1,2,1,0,2,7586.903,2.0,2,0,1.0,9,5,1198.0,0.5040318759258924,74.69917557158882,68.98244279845441,8.202333669173989,720.8335539603528,6281.680844129784,17779.13499998999,2097.3709999899997,2863.123,12818.640999999989,2878.713,14900.421999989989,16.19152450331032,4,2,0,0,2,31.055638217712215,28.273898090405943,33.837378345018486,1.0,0.7817401273062705,0.0,0.21825987269372948,2,0,0.0,0.0,0.21825987269372948,1.0,0.0,0.7817401273062705,0.21825987269372948,0.0,0.7817401273062705,0.0,18,2,2021,4,14,4,0,0,2,1,0,1,GRAVE_MORTALIDAD,2
5,1,3,0,4,0,-15.647316537397524,-71.67860360579137,0,4,0,0,2,0,1,0,6544.573989143528,2.0,3,3,1.0,13,32,1202.417521904114,0.532380186997065,81.35764839284957,51.00739750183517,6.891911729074515,961.7920238985595,2097.538783363085,10322.272,1495.236,1749.739,7077.2970000000005,2886.595,7435.677000000001,27.964725207783708,2,1,0,0,1,42.142671161974974,42.105682342203686,42.17965998174626,1.0,0.0,0.0,0.0,1,0,0.0,0.0,0.0,1.0,0.0,1.0,0.010568234220368455,0.0,0.0,0.0,2,0,2022,7,12,6,1,0,0,1,0,1,GRAVE_MORTALIDAD,2
6,1,12,0,4,2,-7.776755902112427,-77.5892968330324,0,4,7,1,3,2,2,1,6543.555,2.0,4,4,1.0,14,33,1198.0,0.4686292122960986,72.39347765706144,42.14285241633188,6.687776775372348,878.2652317159998,9440.374732334049,8931.828000000005,1335.5899999999997,1935.9830000000004,5660.255000000005,1219.309,7712.519000000005,13.651281686122925,3,1,0,0,2,21.02105729110544,21.02105729110544,21.02105729110544,1.0,0.0,0.0,0.0,1,0,0.0,0.5744367558722058,0.0,0.0,0.0,0.0,0.5744367558722058,0.4255632441277942,0.0,0.4255632441277942,10,1,2021,8,5,6,1,0,0,1,0,1,GRAVE_MORTALIDAD,2
6,1,11,0,4,1,-11.547901541626583,-75.87871880318359,1,4,0,0,2,0,1,1,7586.903,2.0,2,0,1.0,9,5,1198.0,0.6211711217784234,75.51508523355102,70.90101252241288,10.049671623026311,1128.403546167389,8996.89721627409,12264.545,1826.4639999999995,1105.5389999999998,9332.542,1588.5359999999996,10676.009,12.952261987705208,3,1,0,0,2,38.655950420947825,38.655950420947825,38.655950420947825,1.0,0.0,0.0,0.0,1,0,0.0,0.0,0.0,1.0,0.0,1.0,0.0,0.0,0.13788526935601042,0.0,10,1,2023,9,9,0,0,0,2,1,0,1,GRAVE_MORTALIDAD,2
3,2,10,0,4,1,-14.219131159093724,-75.54471843773503,0,4,7,1,2,2,2,0,6639.975,2.0,2,0,1.0,9,31,1616.0,0.590084817225482,78.30363833893881,68.09486100222558,8.929040201733342,1018.2386161071402,27932.19700214133,3721.461,698.1859999999996,744.866,2278.409,1102.9029999999996,2618.558,29.636290693359403,3,2,0,0,1,36.62247491837727,31.556187295943175,41.68876254081137,1.0,0.0,0.0,0.31123745918863466,2,0,0.0,0.31123745918863466,0.6887625408113653,1.0,0.6887625408113653,0.31123745918863466,1.0,0.0,0.0,0.0,3,0,2021,6,19,1,0,1,0,1,0,1,GRAVE_MORTALIDAD,2
5,1,7,0,4,2,-13.469951677891387,-72.39771427721372,0,4,0,0,1,2,2,5,6650.244045369212,2.0,3,3,1.0,13,30,1198.0,0.35719471697789973,70.46404191293054,51.85189580252225,5.681160225418722,440.5510229959856,8682.413737914774,17779.13499998999,2097.3709999899997,2863.123,12818.640999999989,2878.713,14900.421999989989,16.19152450331032,11,1,0,0,10,38.255641083725685,36.15938419717506,40.35189797027632,1.0,0.0,0.8977435665097253,1.0,1,0,0.0,0.0,0.0,1.0,0.10225643349027469,0.8977435665097253,0.10225643349027469,0.0,1.0,0.10225643349027469,20,2,2023,8,27,3,0,0,2,1,0,1,GRAVE_MORTALIDAD,2
6,1,14,2,4,1,-12.010474080106675,-76.87215847766146,1,1,6,1,3,2,2,1,875.67,2.0,2,0,1.0,3,14,156.0,0.6868549636939637,79.62363164345142,76.30894566128948,9.209137883551294,1425.4498631666322,684921.8484148846,7626.313,1683.4029999999998,1599.0829999999996,4343.827000000001,1814.875,5811.438000000001,23.797541485643197,2,1,0,0,1,25.07712807408617,24.057846055564628,25.841589587977325,1.0,0.0,0.0,0.0,1,0,0.0,0.0,0.0,1.0,1.0,0.0,0.0,0.25482050463038564,1.0,0.25482050463038564,17,1,2023,5,6,6,1,0,0,1,0,1,GRAVE_MORTALIDAD,2
2,1,7,0,4,1,-13.878224100656515,-71.50756313889578,0,4,0,1,2,1,1,2,7586.903,2.0,2,0,1.0,9,5,1198.0,0.2741014225363617,69.73482036298162,53.91963307161854,4.210108483570653,261.10223815555554,10591.309464258413,17779.13499998999,2097.3709999899997,2863.123,12818.640999999989,2878.713,14900.421999989989,16.19152450331032,4,1,0,0,2,39.932982848691324,33.929841945447734,45.936123751934915,1.0,0.9235601389605523,0.0,1.0,1,0,0.0,0.0,0.9235601389605523,1.0,0.0,0.07643986103944767,0.9235601389605523,0.0,0.07643986103944767,0.0,13,2,2021,8,7,0,0,0,2,1,0,1,GRAVE_MORTALIDAD,2
3,1,5,0,4,1,-7.662511656916754,-78.15312031315233,0,4,0,0,2,1,0,2,6543.555,2.0,4,4,1.0,14,33,1198.0,0.40298330980161146,73.11418995420512,57.379902148382286,5.533335947766333,556.5852532354027,14527.988953569875,16127.509810695954,1771.765477899128,1136.368056759651,13219.376276037176,2091.63753616783,14035.872274528125,12.930565973014843,5,1,0,0,3,30.302668083715584,17.31234745642202,43.292988711009144,1.0,0.8958841811926596,0.0,0.8958841811926596,1,0,0.0,0.0,0.0,1.0,0.10411581880734044,0.8958841811926596,0.0,0.10411581880734044,1.0,0.10411581880734044,14,2,2024,6,27,5,0,1,2,1,0,1,GRAVE_MORTALIDAD,2
3,1,3,0,4,1,-15.541216682308963,-71.05918476019815,0,4,5,1,2,0,1,0,568.5409999999999,1.0,2,3,0.0,9,3,93.0,0.4656594373820479,81.35267768164961,53.228378310238234,5.816199893029633,720.1954026814878,1370.6148639489747,10322.272,1495.236,1749.739,7077.2970000000005,2886.595,7435.677000000001,27.964725207783708,10,1,0,0,8,41.0,39.41214122828007,42.58785877171993,1.0,0.0,0.0,0.0,1,0,0.0,0.7939293858599648,0.20607061414003525,0.7939293858599648,0.0,0.0,1.0,0.0,0.0,0.0,10,2,2022,2,25,0,0,1,0,1,0,1,GRAVE_MORTALIDAD,2
9,1,5,0,4,1,-6.488507633873038,-78.63355577713897,0,3,7,0,2,0,1,0,9399.74718637131,2.0,2,0,1.0,9,32,3413.344134922023,0.4426197648154543,78.60152976524375,57.57678524271116,5.1855157403023195,682.7022412054738,15339.542518973893,15935.565011852366,1733.9250000199986,935.692,13265.948011832368,2000.1670000199988,13935.398011832369,12.551591352627522,2,1,0,0,1,19.424735100950528,19.424735100950528,19.424735100950528,1.0,0.0,0.8416960998943857,1.0,1,0,0.0,0.15830390010561435,0.0,0.8416960998943857,0.8416960998943857,0.0,0.15830390010561435,0.8416960998943857,0.8416960998943857,0.8416960998943857,3,0,2023,7,27,5,0,0,2,1,0,1,GRAVE_MORTALIDAD,2
6,1,10,1,4,1,-11.651996232726326,-75.76756520848471,0,4,0,0,1,0,1,0,7532.872296562393,2.0,2,0,1.0,9,6,1198.0,0.6020117238103425,75.1529938374139,69.37274855017256,9.80441420864061,1080.496816650845,9035.111210098963,12285.994093682468,1825.3562998400046,1140.1576076884442,9320.480186154018,1634.9796046652505,10651.014489017218,13.296661241617324,4,1,0,0,3,24.258929443664083,24.258929443664083,24.258929443664083,1.0,0.051785888732816865,0.0,0.051785888732816865,1,0,0.0,0.0,0.0,1.0,0.0,0.9482141112671831,0.0,0.051785888732816865,1.0,0.0,18,1,2022,6,12,0,0,0,2,1,0,1,GRAVE_MORTALIDAD,2
3,2,13,0,4,1,-6.348445412610174,-79.6764915706472,0,4,7,1,2,2,2,0,1134.259826575978,2.0,2,1,0.5573105753143085,4,14,187.34791835771304,0.5149233812071015,78.24497482152607,62.42965996044325,7.755182834523342,776.6578104018836,26276.743593543564,3459.691,515.0619999999999,689.7280000000001,2254.901,703.3549999999999,2756.336,20.329994788551925,3,2,0,0,1,36.1818567677709,27.968409644342447,44.39530389119936,1.0,1.0,0.0,1.0,2,0,0.0,0.5573105753143085,0.4426894246856915,1.0,1.0,0.4426894246856915,0.5573105753143085,0.5573105753143085,0.4426894246856915,0.0,11,0,2021,5,24,0,0,1,0,1,0,1,GRAVE_MORTALIDAD,2
3,2,12,0,4,1,-8.416558589353988,-78.7884212015553,0,4,7,1,2,2,2,1,6543.555,3.0,2,0,1.0,0,30,1475.0,0.5051395598219868,77.13285387085847,51.52067479184955,6.715328807318118,900.900383457586,67612.41755888652,8931.828000000005,1335.5899999999997,1935.9830000000004,5660.255000000005,1219.309,7712.519000000005,13.651281686122925,7,2,0,0,5,41.48919424485052,30.9715344525803,52.00685403712074,1.0,1.0,0.0,0.0,2,0,0.0,0.8439641886600231,0.1560358113399769,1.0,0.0,1.0,1.0,0.0,0.8439641886600231,0.0,16,1,2021,4,8,4,0,0,0,1,1,1,GRAVE_MORTALIDAD,2
6,1,8,0,4,1,-13.21030775550887,-74.96111961718448,0,4,5,0,1,2,2,0,6543.555,2.0,4,4,1.0,14,33,1198.0,0.4912702323159248,68.70447794163658,50.00550622699477,6.697136608160762,1007.1627843388887,2245.90141047215,8511.426,1445.3929999999996,2008.516,5057.516999999999,1879.579,6631.846999999998,22.08300935706896,3,1,0,0,2,25.473589995499285,25.473589995499285,25.473589995499285,1.0,0.0,0.0,0.0,1,0,0.0,0.0,0.0,1.0,0.0,0.834590952595272,0.16540904740472795,0.0,0.0,0.0,5,0,2023,9,12,5,1,0,2,1,0,1,GRAVE_MORTALIDAD,2
4,1,4,0,4,1,-13.166819578066804,-74.22462859403889,0,4,0,0,2,1,0,3,2313.19807328136,1.6416653433283264,2,3,0.6416653433283263,9,19,599.517717397309,0.20609361036518412,72.99060093278415,44.01978498833362,3.321227493607929,159.4381205184609,16319.139920231526,12678.733000000004,1805.074000000001,1774.0339999999994,9099.625000000004,2485.375000000001,10193.358000000002,19.602707936195205,25,1,0,0,23,38.19444885557225,32.69998411993991,41.65835053673176,1.0,0.35833465667167375,0.0,1.0,1,0,0.0,0.0,0.6416653433283263,0.35833465667167375,0.35833465667167375,0.35833465667167375,1.0,0.0,0.35833465667167375,0.0,8,0,2022,8,8,1,0,0,2,1,0,1,GRAVE_MORTALIDAD,2
6,1,17,0,4,1,-5.475517518011973,-80.52559459814124,0,4,7,0,2,2,2,0,322.70466205148705,1.7386773342097261,1,0,0.9128924447365754,1,21,31.501671065830806,0.5052697025137464,80.72976190031547,62.71055393025848,6.488990159393818,791.5364978405778,9603.76944618833,9122.796567343525,1791.3536777101185,688.0170728066693,6643.425816826737,2204.5606273307894,6918.235940012736,24.24696752889602,7,1,0,0,6,39.0452906631611,39.0452906631611,39.0452906631611,1.0,0.0,0.0,0.9128924447365754,1,0,0.0,0.0,0.08710755526342462,0.9128924447365754,0.0,0.9128924447365754,0.08710755526342462,0.08710755526342462,0.0,0.0,22,2,2022,11,11,5,0,0,0,1,0,1,GRAVE_MORTALIDAD,2
6,1,4,0,4,1,-13.309891819379633,-74.42068478641127,0,4,0,0,2,1,0,2,1679.5849999999998,2.0,2,3,1.0,9,24,315.0,0.1859776092837948,69.85250115366037,39.77024304701982,3.1640035399309645,143.5227500887571,15617.884368308352,12678.733000000004,1805.074000000001,1774.0339999999994,9099.625000000004,2485.375000000001,10193.358000000002,19.602707936195205,35,1,0,0,34,46.05101075425609,46.05101075425609,46.05101075425609,1.0,0.0,0.0,1.0,1,0,0.0,0.0,1.0,0.0,0.0,0.0,1.0,0.0,0.0,0.0,7,0,2023,6,13,1,0,0,2,1,0,1,GRAVE_MORTALIDAD,2
3,1,5,0,4,1,-6.676091709988895,-78.53373749326965,0,4,0,0,2,1,1,2,9317.055732785948,2.0,2,0,1.0,9,32,3349.206284681193,0.3484871558022944,76.33677469666252,53.28672218475212,4.131981838863427,447.1658531581213,76209.5845824411,15935.565011852366,1733.9250000199986,935.692,13265.948011832368,2000.1670000199988,13935.398011832369,12.551591352627522,3,1,0,0,1,24.83612006903303,19.114826758710706,30.557413379355353,1.0,1.0,0.0,1.0,1,0,0.0,0.8173276157603319,0.18267238423966814,0.8173276157603319,1.0,0.0,0.8173276157603319,1.0,1.0,1.0,18,2,2024,3,15,4,0,1,2,1,0,1,GRAVE_MORTALIDAD,2
3,1,19,0,4,1,-5.136354884509402,-80.69911383683854,0,4,7,1,2,2,2,1,6543.555,3.0,2,0,1.0,0,30,1475.0,0.5997462042553465,78.40793944726823,72.26811532412637,9.714064362322326,976.3169831713308,183875.0,8965.846000060003,1782.4120000599992,636.9959999999999,6546.438000000004,2214.505000059999,6751.341000000004,24.699342371541725,4,2,0,0,2,46.0114039642407,26.4187966020794,65.604011326402,1.0,0.0,0.0,1.0,2,0,0.0,1.0,0.0,1.0,0.0,0.1395988673598001,1.0,0.0,0.1395988673598001,0.0,5,0,2022,5,5,0,0,0,0,1,1,1,GRAVE_MORTALIDAD,2
4,1,20,0,4,1,-15.166750417746387,-70.5793503355871,0,4,4,0,2,2,2,2,1613.4325240213855,2.0,2,0,1.0,6,23,312.5761580527396,0.4031631845761883,74.22454372294466,66.05458986904426,6.538551743969912,469.13547671250365,7628.258659950422,13642.312999999998,2020.7790000000005,2354.117,9267.416999999998,3314.0520000000006,10328.260999999997,24.29244952817019,4,1,0,0,2,26.711763781221123,22.38822049953797,31.035307062904277,1.0,0.0,0.0,0.0,1,0,0.0,0.0,0.0,1.0,0.0,0.0,1.0,0.0,0.5764724375577539,0.5764724375577539,1,0,2023,9,13,3,0,0,2,1,0,1,GRAVE_MORTALIDAD,2
6,1,12,0,4,1,-8.398959252596487,-78.70975935980398,0,3,7,1,1,2,2,2,884.515468733723,2.0,2,0,1.0,6,16,155.23811638813757,0.624879245075124,79.27030499451492,73.5951284432494,9.344960927136164,1110.3621894069472,47312.73444061624,8620.963483540603,1418.4099753072876,1855.7615888364576,5346.791919396857,1361.1230248175316,7259.840458723071,16.067272422689975,3,1,0,0,2,61.38071973048688,61.38071973048688,61.38071973048688,1.0,1.0,0.0,0.0,1,0,0.0,0.0,0.0,1.0,0.0,1.0,0.2381163881375561,0.0,0.0,0.0,15,2,2022,4,7,0,0,0,0,1,0,1,GRAVE_MORTALIDAD,2
9,1,12,0,4,2,-7.517128927212137,-79.43462253569358,0,4,5,1,1,2,2,3,6543.555,2.0,4,4,1.0,14,33,1198.0,0.6146665232877483,80.37463738410105,66.16375013771709,9.17254222139176,1094.0112163757137,17438.999550223587,8931.828000000005,1335.5899999999997,1935.9830000000004,5660.255000000005,1219.309,7712.519000000005,13.651281686122925,5,1,0,0,4,28.403437874835994,27.529460465804725,29.05892093160945,0.7815056477421821,0.0,0.0,0.0,1,0,0.0,0.7815056477421821,0.0,0.21849435225781788,0.0,0.21849435225781788,0.7815056477421821,0.21849435225781788,0.21849435225781788,0.21849435225781788,15,2,2021,8,12,3,0,0,0,1,0,1,GRAVE_MORTALIDAD,2
2,1,14,2,2,3,-12.079110873857088,-76.97617955191518,0,0,2,1,2,1,1,0,6543.555,2.2757574044412814,3,2,1.0,10,32,1274.384801030235,0.682490882764848,79.67923946301072,73.70159507050532,9.720621333344805,1376.6446336464287,433643.8157334475,7626.313,1683.4029999999998,1599.0829999999996,4343.827000000001,1814.875,5811.438000000001,23.797541485643197,3,1,0,0,0,30.534849084455516,25.827272213323845,35.24242595558719,1.0,0.0,0.0,0.0,1,0,0.0,0.0,0.7242425955587187,0.2757574044412813,1.0,0.0,0.7242425955587187,0.0,1.0,0.0,4,0,2022,8,20,2,0,1,0,1,0,1,GRAVE_MORTALIDAD,2
4,1,14,0,4,1,-11.547595014122274,-76.51109783351637,0,4,3,0,2,2,2,1,907.4307795043599,1.3872597232634976,1,0,0.7957532410878325,4,17,206.8574429691297,0.5611948664131566,70.06411049104133,75.03358584652501,9.834928619557001,929.7042838297923,3062.0330138292998,7626.313,1683.4029999999998,1599.0829999999996,4343.827000000001,1814.875,5811.438000000001,23.797541485643197,54,1,0,0,53,41.71081806284448,41.71081806284448,41.71081806284448,1.0,1.0,0.0,0.0,1,0,0.0,0.0,0.7957532410878325,0.20424675891216748,0.0,0.20424675891216748,0.7957532410878325,0.0,0.0,0.0,4,0,2021,7,28,2,0,1,0,1,0,1,GRAVE_MORTALIDAD,2
5,1,8,0,4,1,-12.465259583601894,-74.96579464307098,0,4,6,1,2,1,1,0,1458.8013993602694,0.9664873910152352,1,2,0.0,9,16,265.7271423544425,0.2824105066214668,68.90557612259904,56.42155973697704,4.893241631969563,254.5089717333742,6421.776450779046,8506.359412966942,1443.5177181827346,1988.1313020891416,5074.710392695065,1865.8435220815043,6640.515890885436,21.929317854745346,4,1,0,0,3,41.100537826954294,40.98324369550762,41.21783195840097,1.0,0.016756304492382412,0.0,0.0,1,0,0.0,0.0,0.0,1.0,0.016756304492382412,0.9832436955076176,0.016756304492382412,0.0,0.0,0.016756304492382412,2,0,2024,2,29,5,0,1,2,1,0,1,GRAVE_MORTALIDAD,2
5,1,7,0,4,1,-13.975599647572208,-71.49703752783354,0,4,0,1,2,1,0,0,7586.903,2.0,2,0,1.0,9,5,1198.0,0.4382888540862557,71.3517813784165,75.90640117399991,7.283802057622015,545.6496422322916,5340.872458969946,17779.13499998999,2097.3709999899997,2863.123,12818.640999999989,2878.713,14900.421999989989,16.19152450331032,6,1,0,0,4,37.92480509279299,37.28320339519532,38.566406790390644,1.0,0.0,0.0,0.32080084879883064,1,0,0.0,0.0,0.32080084879883064,1.0,0.0,0.0,1.0,0.0,0.0,0.0,20,2,2022,2,5,3,0,0,2,1,0,1,GRAVE_MORTALIDAD,2
3,2,20,0,4,1,-15.42629151339921,-70.08832101752755,0,4,6,1,2,1,1,2,1743.053613496897,2.0,1,0,0.07656825843353898,8,31,466.3173449422165,0.25513223506901783,73.69908817110675,66.14172061902403,5.290205435939102,170.23602645988905,4823.4332825402,13642.312999999998,2020.7790000000005,2354.117,9267.416999999998,3314.0520000000006,10328.260999999997,24.29244952817019,19,2,0,0,16,37.387453932531685,35.54059044939876,41.081180898797534,1.0,0.0,0.0,1.0,2,0,0.0,0.923431741566461,0.923431741566461,0.07656825843353898,0.0,0.0,1.0,0.0,1.0,0.923431741566461,20,1,2021,11,12,5,0,0,2,1,0,1,GRAVE_MORTALIDAD,2
5,2,3,0,4,0,-16.195705974092597,-71.74909306833067,1,4,7,1,2,0,1,0,6599.40520492573,2.0,2,1,1.0,11,31,1440.1218176618431,0.5980354137395496,79.75009150114202,66.85154409984872,7.797062752867617,1134.9111365281274,2407.751528241031,10322.272,1495.236,1749.739,7077.2970000000005,2886.595,7435.677000000001,27.964725207783708,4,2,0,0,2,43.267820771745185,31.95086557880889,54.584775964681484,1.0,0.0,0.0,0.0,2,0,0.0,0.0,0.0,1.0,0.4207612017659258,0.5792387982340742,1.0,0.0,0.0,0.0,8,1,2023,5,4,5,1,0,0,1,0,1,GRAVE_MORTALIDAD,2