CLASE SINIESTRO,CANTIDAD DE VEHICULOS DAÑADOS,DEPARTAMENTO,ZONA,TIPO DE VÍA,RED VIAL,COORDENADAS LATITUD,COORDENADAS  LONGITUD,CONDICIÓN CLIMÁTICA,ZONIFICACIÓN,CARACTERÍSTICAS DE VÍA,PERFIL LONGITUDINAL VÍA,SUPERFICIE DE CALZADA,¿EXISTE SEÑAL VERTICAL?,¿EXISTE SEÑAL HORIZONTAL?,CAUSA FACTOR PRINCIPAL,MTC_RVN_LONGITUD_KM,MTC_RVN_N_CARRILES_MEDIANA,MTC_RVN_SUPERFICIE_DOMINANTE,MTC_RVN_ESTADO_DOMINANTE,MTC_RVN_ES_CONCESIONADA,MTC_RVN_CONCESION_PRINCIPAL,MTC_RVN_CORREDOR_LOGISTICO,MTC_RVN_N_TRAMOS,IDH_2019,IDH_ESP_VIDA_2019,IDH_EDUC_SECUND_PCT_2019,IDH_ANIOS_EDUC_2019,IDH_INGRESO_PERCAP_2019,IDH_POBLACION_2019,MTC_DEP_RED_TOTAL_KM,MTC_DEP_NACIONAL_TOTAL_KM,MTC_DEP_DEPARTAMENTAL_TOTAL_KM,MTC_DEP_VECINAL_TOTAL_KM,MTC_DEP_PAV_TOTAL_KM,MTC_DEP_NO_PAV_TOTAL_KM,MTC_DEP_PCT_PAVIMENTADA,PER_TOTAL_PERSONAS,PER_N_CONDUCTORES,PER_N_CONDUCTORES_FUGADOS,PER_N_PEATONES,PER_N_PASAJEROS_OCUPANTES,PER_EDAD_COND_PROM,PER_EDAD_COND_MIN,PER_EDAD_COND_MAX,PER_ANY_COND_MASCULINO,PER_ANY_LIC_PROBLEMA,PER_ANY_DOSAJE_POS,PER_ANY_DOSAJE_EVALUADO,VEH_TOTAL,VEH_N_FUGADOS,VEH_ANY_FUGADO,VEH_ANY_CARGA,VEH_ANY_PUBLICO,VEH_ANY_PARTICULAR,VEH_ANY_MOTO,VEH_ANY_AUTO,VEH_ANY_CAMION_BUS,VEH_ANY_SOAT_PROBLEMA,VEH_ANY_CITV_PROBLEMA,VEH_ANY_SEGURO_PROBLEMA,HORA_NUM,FRANJA_HORARIA,ANIO,MES,DIA_MES,DIA_SEMANA,ES_FIN_SEMANA,ES_QUINCENA,REGION_NATURAL,TIENE_SEÑALIZACION,ES_VIA_MULTICARRIL,ES_DEPTO_BAJO_PAVIMENTO,CATEGORIA_SEVERIDAD,CATEGORIA_SEVERIDAD_ENC
8,1,8,0,4,0,-13.606491136655059,-75.00709731304201,0,4,5,0,4,2,2,3,6543.555,2.0,4,4,1.0,14,33,1198.0,0.4992872936568623,66.7730351478683,46.447461851961705,6.985329216023313,1116.0999901301095,2096.3746385258232,8511.426,1445.3929999999996,2008.516,5057.516999999999,1879.579,6631.846999999998,22.08300935706896,4,1,0,0,3,34.63532544438422,34.63532544438422,34.63532544438422,1.0,0.0,0.0,0.0,1,0,0.0,0.0,0.0,1.0,0.0,0.3983178359817039,0.6016821640182961,0.0,0.0,0.0,12,1,2022,4,17,5,1,0,2,1,0,1,GRAVE_MORTALIDAD,2
9,1,2,0,4,1,-13.464627929969796,-73.36161907437506,5,4,6,1,2,2,2,2,7734.698803279356,2.0,2,0,1.0,9,6,1363.5292569714102,0.2830823404499182,77.59267637371197,61.60935634349099,3.932483858819617,245.1100607953686,7802.658235171988,8349.542750368688,1285.6601418675837,1266.2665792027467,5797.616029298358,1409.2357052807336,6940.307045087954,16.873523935030683,4,1,0,0,3,49.496871559357416,49.433980504277095,49.55976261443774,1.0,0.0,0.0,0.0,1,0,0.0,0.0,0.937108944919677,0.062891055080323,0.0,0.0,1.0,0.0,0.0,0.0,15,2,2023,9,15,2,0,1,2,1,0,1,GRAVE_MORTALIDAD,2
7,1,3,0,4,1,-16.14487944151994,-71.55160577727641,2,4,0,0,2,1,1,0,1504.4250000000002,2.0,2,0,1.0,7,25,241.0,0.6005060748875158,78.21704200773246,77.40211893847457,8.994742794352394,996.014120858737,33335.45824411135,10322.272,1495.236,1749.739,7077.2970000000005,2886.595,7435.677000000001,27.964725207783708,13,2,0,0,11,32.43540641086731,26.559010684778844,38.31180213695577,1.0,0.6881978630442314,0.0,0.31180213695576864,2,0,0.0,1.0,0.0,0.6881978630442314,0.0,0.6881978630442314,1.0,0.0,0.0,0.0,7,0,2021,7,14,4,0,0,0,1,0,1,GRAVE_MORTALIDAD,2
3,2,9,0,4,0,-8.611623479032575,-76.8613526293482,3,4,7,1,2,2,2,1,7454.916022335397,2.0,2,0,1.0,10,23,1899.463028112504,0.49134760820061074,73.87018233064074,55.40236899824032,7.437348542008904,805.296818704772,32356.537600823063,8389.585075623636,1334.0055188070867,1077.7178524717935,5977.861704344754,1099.6851713020974,7289.899904321537,13.095788897265278,3,2,0,0,1,30.12306338079542,25.4977216244652,34.74840513712564,1.0,1.0,0.0,0.0,2,0,0.0,0.7502278375534802,0.0,0.24977216244651979,1.0,0.0,0.7502278375534802,0.24977216244651979,0.7502278375534802,0.24977216244651979,9,1,2021,4,12,3,0,0,1,1,0,1,GRAVE_MORTALIDAD,2
6,1,4,0,4,1,-13.98503429762995,-73.8708351450138,1,4,0,0,2,1,0,3,2656.84549089021,1.6541601542860984,2,1,0.6541601542860984,5,21,458.7648066396182,0.2629455927909335,68.89475910267585,49.09017555371091,4.445849824343096,296.1891329536519,3235.1576343204088,12678.733000000004,1805.074000000001,1774.0339999999994,9099.625000000004,2485.375000000001,10193.358000000002,19.602707936195205,23,1,0,0,22,44.962480462858295,44.962480462858295,44.962480462858295,1.0,0.0,0.0,1.0,1,0,0.0,0.0,0.6541601542860984,0.0,0.0,0.0,1.0,0.0,0.3458398457139016,0.0,9,0,2023,7,27,0,0,1,2,1,0,1,GRAVE_MORTALIDAD,2
6,1,5,0,4,2,-5.634926090190853,-79.10656125629285,0,4,0,0,1,2,2,1,7835.620511127114,2.0,3,2,1.0,12,32,2200.162867634973,0.39353966621403647,74.94345674283072,49.123498531302026,5.7538584063798925,557.291437585264,7025.158849558099,15935.565011852366,1733.9250000199986,935.692,13265.948011832368,2000.1670000199988,13935.398011832369,12.551591352627522,3,1,0,0,2,30.80359000633897,30.80359000633897,30.80359000633897,1.0,0.0,0.0,0.6192390320535817,1,0,0.0,0.0,0.0,1.0,0.0,0.0,1.0,0.0,0.6192390320535817,0.0,17,2,2022,6,11,4,0,0,2,1,0,1,GRAVE_MORTALIDAD,2
7,1,7,0,4,1,-13.220360747483173,-72.29736687145694,0,4,2,0,2,1,1,2,3447.8009999999995,1.0,2,3,0.0,9,12,1109.0,0.4436910265814239,73.23231952981627,68.31759937357421,6.347812015893606,607.5963608103546,11277.284796573877,17779.13499998999,2097.3709999899997,2863.123,12818.640999999989,2878.713,14900.421999989989,16.19152450331032,3,1,0,0,1,37.018353250378134,37.018353250378134,37.018353250378134,1.0,0.0,0.0,0.3321097833081246,1,0,0.0,0.6678902166918754,0.0,0.3321097833081246,0.3321097833081246,0.0,1.0,0.0,0.3321097833081246,0.0,5,0,2023,10,21,3,0,1,2,1,0,1,GRAVE_MORTALIDAD,2
6,1,7,0,4,1,-13.116037847891375,-72.33637955501398,1,4,5,0,2,2,2,2,3447.8009999999995,1.0,2,3,0.0,9,12,1109.0,0.4586106748067217,76.59053218213433,60.920205647544265,6.947260646352099,628.3815967729797,3444.257268080774,17779.13499998999,2097.3709999899997,2863.123,12818.640999999989,2878.713,14900.421999989989,16.19152450331032,4,1,0,0,3,51.57518531592171,51.57518531592171,51.57518531592171,1.0,0.0,0.0,0.07189816449021347,1,0,0.0,0.0,0.0,0.07189816449021347,0.0,0.9281018355097865,0.07189816449021347,0.0,0.07189816449021347,0.0,3,0,2024,2,12,0,0,0,2,1,0,1,GRAVE_MORTALIDAD,2
3,1,17,0,4,1,-16.93292786409382,-70.37309320335937,0,4,5,0,2,1,1,2,1590.824195943162,2.0,2,0,1.0,9,22,229.94157079450088,0.5770445696674524,75.56592173235968,69.69718607234091,8.1903042008014,1060.9319819380962,4014.9422717537627,2949.174,470.28500000000025,903.055,1575.834,866.4460000000004,2082.728,29.37927704503025,7,1,0,0,6,43.0691739649378,38.0,48.13834792987559,1.0,0.15513767251036725,0.8448623274896327,0.8448623274896327,1,0,0.0,0.8448623274896327,0.0,0.8448623274896327,0.0,0.15513767251036725,0.8448623274896327,0.0,0.8448623274896327,0.0,15,2,2022,3,21,0,0,1,0,1,0,1,GRAVE_MORTALIDAD,2
6,1,1,0,4,2,-9.96191891879871,-77.50925143937499,5,4,1,0,2,2,2,2,6543.555,2.0,4,4,1.0,14,33,1198.0,0.35286202115015347,77.12407112585869,57.942842947442536,5.337819850058452,370.82980231474954,1018.0842032538247,10767.648,1885.0630000000003,1222.721,7659.864000000001,2100.343,8667.305000000002,19.506051832303577,6,1,0,0,5,33.39142401354768,33.39142401354768,33.39142401354768,1.0,0.22398254586508115,0.0,0.0,1,0,0.0,0.0,0.0,1.0,0.0,1.0,0.0,0.0,0.7760174541349188,0.0,11,2,2021,4,10,0,0,0,0,1,0,1,GRAVE_MORTALIDAD,2
6,1,12,0,4,2,-8.080585299860163,-77.42157382779675,0,4,7,1,1,2,2,0,6543.555,2.0,4,4,1.0,14,33,1198.0,0.3252157040221927,75.60144254312236,37.13258559039088,4.637338123730715,433.88952322520834,3497.563678292878,8931.828000000005,1335.5899999999997,1935.9830000000004,5660.255000000005,1219.309,7712.519000000005,13.651281686122925,3,1,0,0,2,24.39142545434523,24.39142545434523,24.39142545434523,1.0,0.0,0.0,0.0,1,0,0.0,0.23914254543452318,0.0,0.7608574545654768,0.0,0.0,1.0,0.0,0.23914254543452318,0.0,16,1,2023,8,27,6,1,1,0,1,0,1,GRAVE_MORTALIDAD,2
1,1,14,0,4,1,-11.160285345685123,-77.49535123674211,0,2,3,1,2,1,0,0,6543.555,3.0,2,0,1.0,0,30,1475.0,0.6074689589178063,81.14150778415555,66.12818368975408,7.455840762752442,1190.3981765810086,20409.08832976152,7626.313,1683.4029999999998,1599.0829999999996,4343.827000000001,1814.875,5811.438000000001,23.797541485643197,2,0,0,1,0,41.63314670457274,32.02460069377416,50.72939236848423,1.0,0.0,0.0,0.4876996531129194,1,0,0.0,0.4876996531129194,0.4876996531129194,0.5123003468870806,0.0,1.0,0.4876996531129194,0.0,0.0,0.0,19,2,2024,1,5,2,0,0,0,1,1,1,GRAVE_MORTALIDAD,2
6,1,5,0,4,0,-7.150035295183288,-78.66545137918634,3,4,5,0,5,2,2,1,7311.910222145314,2.0,3,3,1.0,12,32,1793.958228244744,0.2632722919290616,72.9188871512743,32.28466222712275,4.350672587115227,325.62761934873356,6901.6875084981875,15935.565011852366,1733.9250000199986,935.692,13265.948011832368,2000.1670000199988,13935.398011832369,12.551591352627522,5,1,0,0,4,51.54714420346144,51.54714420346144,51.54714420346144,1.0,0.0,0.0,0.7735721017307203,1,0,0.0,0.0,0.0,1.0,0.0,0.7735721017307203,0.22642789826927967,0.7735721017307203,0.7735721017307203,0.7735721017307203,3,0,2024,1,13,4,0,0,2,1,0,1,GRAVE_MORTALIDAD,2
3,1,7,0,4,1,-13.608085256452958,-71.71417435882307,1,0,6,0,1,0,0,2,7540.953558245805,2.0,2,0,1.0,9,6,1198.0,0.4368640592448601,60.263645894390535,62.108700567214406,7.484009540839481,746.9075451365632,4264.862062982773,17779.13499998999,2097.3709999899997,2863.123,12818.640999999989,2878.713,14900.421999989989,16.19152450331032,4,1,0,0,2,39.132121138165395,29.572524932050037,48.69171734428075,1.0,0.0,0.0,0.9559596206115356,1,0,0.0,0.9559596206115356,0.0,1.0,0.0,0.9559596206115356,1.0,0.0,0.0,0.0,15,2,2023,8,27,2,0,0,2,1,0,1,GRAVE_MORTALIDAD,2
6,1,1,0,4,1,-9.684543371633065,-77.51060383658414,1,4,5,1,4,2,2,0,949.9838489935371,1.6933351537347066,1,3,0.0,9,12,176.27981431905994,0.4216386686779394,70.89833693080793,53.491295736525416,6.664104449515289,610.1157074430372,1299.0652818435874,10767.648,1885.0630000000003,1222.721,7659.864000000001,2100.343,8667.305000000002,19.506051832303577,18,1,0,0,17,37.933351537347065,37.933351537347065,37.933351537347065,1.0,0.0,0.0,0.0,1,0,0.0,0.0,0.6933351537347067,0.30666484626529333,0.0,0.0,1.0,0.0,0.30666484626529333,0.0,15,1,2022,6,11,5,1,0,0,1,0,1,GRAVE_MORTALIDAD,2
6,1,4,0,4,1,-14.283828429799371,-74.31717274016559,0,4,0,0,2,1,1,2,1600.0365115401842,0.05529230785370909,1,1,0.35176410261790303,7,30,181.1200615329739,0.3988036863628055,69.35853330560485,44.19565178752442,6.718727053737945,601.0251964841615,3313.5200305318317,12678.733000000004,1805.074000000001,1774.0339999999994,9099.625000000004,2485.375000000001,10193.358000000002,19.602707936195205,20,1,0,0,19,36.924697436650646,36.924697436650646,36.924697436650646,1.0,0.0,0.0,1.0,1,0,0.0,0.0,0.35176410261790303,0.648235897382097,0.0,0.0,1.0,0.648235897382097,0.648235897382097,0.648235897382097,7,0,2024,7,25,3,0,1,2,1,0,1,GRAVE_MORTALIDAD,2
5,1,1,0,4,1,-10.364781631745268,-77.97502681698664,0,4,7,1,2,1,1,4,6543.555,3.0,2,0,1.0,0,30,1475.0,0.594329796273136,79.51274210494626,67.23963656911357,9.093808711905876,1004.1856289962402,25729.80728051392,10767.648,1885.0630000000003,1222.721,7659.864000000001,2100.343,8667.305000000002,19.506051832303577,6,1,0,0,4,29.67126234986821,28.86108201417275,30.48144268556367,1.0,0.23148009591298824,0.0,0.7685199040870118,1,0,0.0,0.0,0.23148009591298824,1.0,0.0,0.7685199040870118,0.23148009591298824,0.0,0.7685199040870118,0.0,10,2,2022,3,21,4,0,0,0,1,1,1,GRAVE_MORTALIDAD,2
6,1,7,0,4,2,-13.915096518231364,-71.45241829253857,4,4,2,0,5,1,0,1,6543.555,2.0,4,4,1.0,14,33,1198.0,0.37610111068712093,77.22159072386344,64.74698974694597,5.986924321418305,380.8652813441381,4753.851633933083,17779.13499998999,2097.3709999899997,2863.123,12818.640999999989,2878.713,14900.421999989989,16.19152450331032,3,1,0,0,2,35.96617466896628,35.96617466896628,35.96617466896628,0.3186469867586512,0.6813530132413488,0.3186469867586512,0.3186469867586512,1,0,0.0,0.0,0.6813530132413488,0.3186469867586512,0.6813530132413488,0.3186469867586512,0.0,0.6813530132413488,0.0,0.6813530132413488,16,2,2022,6,20,5,1,1,2,1,0,1,GRAVE_MORTALIDAD,2
6,1,8,0,4,1,-13.141958441256381,-75.53303475585496,0,4,0,1,1,2,2,0,1433.2963374748676,0.8803663825041652,1,3,0.0,9,16,257.43847016293734,0.330826660763936,68.55195420276915,46.82898650747999,6.1033655176630415,362.07475160787067,1150.8687529105296,8511.426,1445.3929999999996,2008.516,5057.516999999999,1879.579,6631.846999999998,22.08300935706896,4,1,0,0,3,54.86348063378957,54.6242133987979,55.042931060033325,1.0,0.059816808747917394,0.0,0.0,1,0,0.0,0.0,0.0,1.0,0.0,0.0,1.0,0.0,0.9401831912520826,0.0,8,1,2022,4,27,4,0,0,2,1,0,1,GRAVE_MORTALIDAD,2
3,1,13,0,4,1,-11.021820796416996,-77.51519605351292,0,4,1,0,1,2,2,1,6543.555,2.9532141550282316,2,0,1.0,0,30,1462.04032094282,0.5946214386998563,75.70822076203778,64.54447561435126,8.202361179571309,1179.9129615162071,26171.90414733789,7667.723759600497,1672.267501038269,1618.2386688643257,4377.217589697902,1817.9022313130533,5849.821528287444,23.717325651276607,5,1,0,0,4,37.1403575349153,35.23392922485884,39.046785844971765,1.0,0.9532141550282315,0.0,0.9532141550282315,1,0,0.0,0.9532141550282315,0.04678584497176852,0.0,0.04678584497176852,0.9532141550282315,0.9532141550282315,0.0,0.0,0.0,20,2,2021,10,12,5,1,0,0,1,0,1,GRAVE_MORTALIDAD,2
3,1,11,0,4,0,-13.226273841479573,-72.00092989806267,4,4,0,0,1,2,2,2,6543.555,2.0,4,4,1.0,14,33,1198.0,0.4900441877530256,71.51228879407205,63.893363983623054,6.779925176027663,929.0369363048583,28457.15439303808,16456.791345315767,2072.8882097742667,2700.4181859440087,11683.484949597492,3017.8700060987917,13438.921339216977,18.78100183727368,5,1,0,0,4,36.04104383412381,28.5572164423365,43.52487122591113,1.0,0.6803479447079375,0.0,0.6803479447079375,1,0,0.0,0.6803479447079375,0.0,0.6803479447079375,0.6803479447079375,0.0,1.0,0.6803479447079375,1.0,0.6803479447079375,12,2,2023,1,24,1,0,1,2,1,0,1,GRAVE_MORTALIDAD,2
3,1,14,0,4,1,-12.278746055962838,-76.88444010104347,0,2,7,1,2,2,2,0,6639.975,2.0,2,0,1.0,9,31,1616.0,0.6909236767275176,78.41626133969348,70.97436336767564,9.826485374940413,1476.8351947609171,95908.53319057816,7626.313,1683.4029999999998,1599.0829999999996,4343.827000000001,1814.875,5811.438000000001,23.797541485643197,3,2,0,0,1,33.62906029999813,32.75270686666542,34.50541373333084,1.0,0.0,0.0,0.0,2,0,0.0,0.43817671666635527,0.0,1.0,0.43817671666635527,0.0,1.0,0.0,0.0,0.0,11,1,2023,10,22,0,0,1,0,1,0,1,GRAVE_MORTALIDAD,2
5,1,3,0,4,0,-16.51056233603855,-71.71595281111205,0,4,7,1,2,0,1,0,6543.555,2.1007396410753105,3,3,1.0,12,32,1225.904880577861,0.6095365105889975,78.11766373236678,69.26566700832613,8.4703073115153,1142.1699795521567,34855.406588631915,10322.272,1495.236,1749.739,7077.2970000000005,2886.595,7435.677000000001,27.964725207783708,3,1,0,0,2,28.007396410753103,27.201479282150622,28.813313539355587,0.10073964107531042,0.0,0.0,0.0,1,0,0.0,0.0,0.10073964107531042,1.0,0.0,1.0,0.10073964107531042,0.0,0.10073964107531042,0.0,15,3,2021,10,15,0,0,1,0,1,0,1,GRAVE_MORTALIDAD,2
6,1,7,0,4,1,-14.438918613754813,-71.46460079607965,0,4,0,0,6,2,2,2,6543.555,2.0,4,4,1.0,14,33,1198.0,0.1626731614520497,64.52191193427569,49.864893132626264,4.599990742126879,94.11156469966232,5524.464182997813,17779.13499998999,2097.3709999899997,2863.123,12818.640999999989,2878.713,14900.421999989989,16.19152450331032,5,1,0,0,4,38.169895155116144,38.169895155116144,38.169895155116144,1.0,1.0,0.0,0.0,1,0,0.0,0.0,0.0,1.0,0.0,1.0,0.0,0.0,0.03773855339084331,0.0,17,2,2021,6,24,4,0,0,2,1,0,1,GRAVE_MORTALIDAD,2
4,1,7,0,4,1,-8.52610335849963,-76.90083059660708,2,4,6,0,3,2,2,0,6199.389222073407,2.0,3,2,0.5558847535036677,11,32,828.0519996685553,0.384504407264991,75.5340033672715,54.60219622418842,5.271438506871149,502.81347174179876,75125.03042459469,14305.209054395584,1775.0229808066408,1011.1236422716624,11519.062431317281,1817.355396980585,12487.853657415,12.72953529048889,4,1,0,0,2,35.55588475350367,33.33530852102201,37.77646098598533,1.0,1.0,0.0,0.0,1,0,0.0,0.5558847535036677,0.44411524649633227,0.44411524649633227,0.0,0.44411524649633227,1.0,0.44411524649633227,0.0,0.44411524649633227,8,0,2022,3,24,5,1,1,2,1,0,1,GRAVE_MORTALIDAD,2
3,2,12,0,4,1,-7.552518630609668,-79.40561641077402,0,4,7,1,2,2,2,2,6543.555,3.0,2,0,1.0,0,30,1475.0,0.603429189727878,80.05404267457415,64.92343246058024,8.973735188354773,1066.3825884701794,16530.53664874312,8931.828000000005,1335.5899999999997,1935.9830000000004,5660.255000000005,1219.309,7712.519000000005,13.651281686122925,9,2,0,0,6,42.74999052928593,28.749460169298366,52.750369357848484,1.0,0.7500284121421912,0.0,0.0,2,0,0.0,0.7500284121421912,0.24997158785780882,0.24997158785780882,0.0,0.24997158785780882,1.0,0.0,1.0,0.0,20,2,2021,3,19,6,1,1,0,1,1,1,GRAVE_MORTALIDAD,2
6,1,8,0,4,0,-13.516951277610007,-75.46737612932883,2,4,2,0,5,2,2,2,6543.555,2.0,4,4,1.0,14,33,1198.0,0.35725873018235776,66.69353133782144,47.35396045093308,6.343742416544629,456.8263910660776,1269.849753367464,8511.426,1445.3929999999996,2008.516,5057.516999999999,1879.579,6631.846999999998,22.08300935706896,5,1,0,0,4,38.59498307129345,38.59498307129345,38.59498307129345,1.0,0.0,0.0,0.0,1,0,0.0,0.0,0.0,1.0,0.0,0.468338976235517,0.531661023764483,0.531661023764483,0.531661023764483,0.531661023764483,14,1,2022,5,18,2,0,1,2,1,0,1,GRAVE_MORTALIDAD,2
1,1,21,1,4,1,-6.045758299208807,-77.18060926669509,0,1,3,1,2,1,0,1,7758.33400008,2.0,2,0,1.0,9,20,2133.0,0.5963332411867256,73.80959983510441,63.34953560123128,8.251886446437874,1232.7304200473363,24031.167023554604,5645.136,815.0759999999999,965.298,3864.762,1013.406,4631.73,17.95184385283189,3,1,0,0,1,44.0088218483621,30.564248479827693,57.45339521689652,1.0,0.4622170652586235,0.0,0.0,1,0,0.0,0.0,0.5377829347413765,1.0,1.0,0.0,0.5377829347413765,0.4622170652586235,1.0,1.0,14,1,2023,6,21,5,1,1,1,1,0,1,GRAVE_MORTALIDAD,2
5,1,13,1,2,3,-7.3159596956992985,-79.50254578646405,0,1,0,1,1,2,2,0,6543.555,2.0,4,4,1.0,14,33,1198.0,0.5608779218348053,78.21629832944927,62.316986685468066,8.498985521733097,945.7965834794825,76499.8246304421,8941.288389320218,1459.8509815376651,1574.735345222499,5906.7020625600535,1496.0725250126634,7445.2158643075545,16.723742005161572,4,1,0,0,3,23.748552182201397,22.49710436440279,25.0,1.0,0.27809951506635644,0.0,0.27809951506635644,1,0,0.0,0.27809951506635644,0.0,1.0,0.27809951506635644,0.7219004849336436,0.0,0.27809951506635644,1.0,0.0,4,0,2022,10,13,2,0,0,0,1,0,1,GRAVE_MORTALIDAD,2
3,1,14,0,4,1,-11.150179552477644,-77.58691608194093,0,4,7,0,2,1,1,2,6543.555,3.0,2,0,1.0,0,30,1475.0,0.7327345537337897,78.20903814342847,76.31492653513806,13.642917835589472,1405.6698219039215,62016.21841541756,7626.313,1683.4029999999998,1599.0829999999996,4343.827000000001,1814.875,5811.438000000001,23.797541485643197,8,1,0,0,6,39.089784401884785,34.78304375413612,43.396525049633446,1.0,0.0,0.0,1.0,1,0,0.0,0.0,0.7830437541361205,1.0,0.0,0.7830437541361205,1.0,0.0,0.0,0.0,5,0,2023,2,15,5,1,0,0,1,1,1,GRAVE_MORTALIDAD,2
4,1,17,0,5,1,-13.825303824985898,-71.27646498952487,0,4,0,1,3,2,2,4,6543.555,2.0,4,4,1.0,14,33,1198.0,0.5822545613327476,64.45225130634343,74.01381270490018,8.320388650453575,1389.726337948154,26238.30008202601,13245.508450556925,1964.8152412067702,1994.5198611968526,9286.173348153301,2817.0941675225326,10428.414283034392,21.026414892735072,9,1,0,0,7,32.27196792445575,32.27196792445575,32.27196792445575,1.0,0.0,0.0,0.28800534592404115,1,0,0.0,0.28800534592404115,0.0,0.0,0.0,0.0,1.0,0.0,0.7119946540759589,0.0,11,1,2022,3,18,2,0,0,2,1,0,1,GRAVE_MORTALIDAD,2
4,1,7,0,4,1,-8.337917471260612,-76.95472949186403,0,4,3,1,1,2,2,0,2017.1986260838812,1.4436719927429207,1,3,0.0,9,28,1126.8080253280455,0.5128079461914745,74.08156838996882,62.94182611528534,7.427316916414466,857.6403992226813,1871.2662453573485,3803.1905415974784,893.1176034375521,729.5783143794476,2180.4946237804793,787.1021204236662,3016.0884211738125,20.57667307525803,2,1,0,0,1,41.00695206531371,40.56328007257079,41.45062405805663,1.0,0.0,0.0,0.4436719927429207,1,0,0.0,0.4436719927429207,0.0,1.0,0.0,0.0,1.0,0.0,0.0,0.0,13,1,2021,5,22,3,0,1,1,1,0,1,GRAVE_MORTALIDAD,2
3,1,12,0,4,1,-7.413206544546615,-79.53051415203755,0,4,7,1,1,2,2,0,6543.555,2.970844813977911,2,0,1.0,0,30,1466.9240134718814,0.5956784121014073,81.43197734726273,74.08437516779038,9.688075721448188,899.2333471622809,27564.982747117254,8931.828000000005,1335.5899999999997,1935.9830000000004,5660.255000000005,1219.309,7712.519000000005,13.651281686122925,3,1,0,0,1,37.8935950112982,33.5247933483976,42.262396674198804,1.0,1.0,0.0,0.0,1,0,0.0,0.029155186022088997,0.0,0.970844813977911,0.970844813977911,0.0,1.0,0.0,0.0,0.970844813977911,5,0,2023,8,22,5,1,0,0,1,0,1,GRAVE_MORTALIDAD,2
3,1,3,0,4,0,-16.391110443609612,-71.92339837793106,0,4,7,1,2,1,1,0,6631.031943214845,2.0,2,0,1.0,9,31,1577.2300587409777,0.6351035247118496,78.8443724061048,75.8419493141654,8.323594420275082,1231.34795755727,2579.669582685953,10322.272,1495.236,1749.739,7077.2970000000005,2886.595,7435.677000000001,27.964725207783708,3,2,0,0,1,36.72174683306922,32.257991554851245,40.27825316693078,0.0927510556435942,0.0,0.0,0.0,2,0,0.0,0.9072489443564058,0.0,1.0,0.0927510556435942,0.9072489443564058,1.0,0.0,0.0,0.0,13,3,2024,6,14,1,0,0,0,1,0,1,GRAVE_MORTALIDAD,2
6,1,8,0,4,1,-12.489167262383214,-74.72769376154663,0,4,7,1,2,2,2,0,7423.84470420866,2.0,2,0,1.0,9,9,1198.0,0.2371271103914559,67.35907202388974,48.34285985638861,3.957778336278219,206.76708776763252,3746.0,8511.426,1445.3929999999996,2008.516,5057.516999999999,1879.579,6631.846999999998,22.08300935706896,5,1,0,0,4,37.0,36.3748651618009,37.46885112864933,0.8437162904502238,0.0,0.0,0.0,1,0,0.0,0.0,0.0,1.0,0.0,0.15628370954977622,0.8437162904502238,0.0,0.0,0.0,4,0,2024,4,3,1,0,0,2,1,0,1,GRAVE_MORTALIDAD,2
3,2,12,0,4,1,-7.311351612281316,-79.48059838260586,0,4,7,1,2,2,2,0,6543.555,3.0,2,0,1.0,0,30,1475.0,0.5650979329787121,81.32490571897102,68.6769211482833,7.868096912305706,909.6843705053026,43897.946466809415,8931.828000000005,1335.5899999999997,1935.9830000000004,5660.255000000005,1219.309,7712.519000000005,13.651281686122925,2,2,0,0,0,40.72968963095015,23.961596183684957,57.497783078215335,1.0,0.7799113231286134,0.0,0.0,2,0,0.0,0.0,0.0,1.0,1.0,0.22008867687138656,0.0,1.0,0.22008867687138656,0.7799113231286134,18,1,2023,11,20,4,0,0,0,1,1,1,GRAVE_MORTALIDAD,2
3,2,12,0,4,1,-8.417360469748209,-78.79082839481033,0,4,7,1,2,2,2,0,6543.555,3.0,2,0,1.0,0,30,1475.0,0.5051395598219868,77.13285387085847,51.52067479184955,6.715328807318118,900.900383457586,67612.41755888652,8931.828000000005,1335.5899999999997,1935.9830000000004,5660.255000000005,1219.309,7712.519000000005,13.651281686122925,10,2,0,0,8,32.61620029459942,28.671028823942365,36.56137176525649,1.0,1.0,0.0,0.0,2,0,0.0,0.48172382355235366,0.5182761764476463,0.5182761764476463,0.0,0.5182761764476463,1.0,0.0,0.48172382355235366,0.0,3,0,2022,3,7,3,0,0,0,1,1,1,GRAVE_MORTALIDAD,2