CLASE SINIESTRO,CANTIDAD DE VEHICULOS DAÑADOS,DEPARTAMENTO,ZONA,TIPO DE VÍA,RED VIAL,COORDENADAS LATITUD,COORDENADAS  LONGITUD,CONDICIÓN CLIMÁTICA,ZONIFICACIÓN,CARACTERÍSTICAS DE VÍA,PERFIL LONGITUDINAL VÍA,SUPERFICIE DE CALZADA,¿EXISTE SEÑAL VERTICAL?,¿EXISTE SEÑAL HORIZONTAL?,CAUSA FACTOR PRINCIPAL,MTC_RVN_LONGITUD_KM,MTC_RVN_N_CARRILES_MEDIANA,MTC_RVN_SUPERFICIE_DOMINANTE,MTC_RVN_ESTADO_DOMINANTE,MTC_RVN_ES_CONCESIONADA,MTC_RVN_CONCESION_PRINCIPAL,MTC_RVN_CORREDOR_LOGISTICO,MTC_RVN_N_TRAMOS,IDH_2019,IDH_ESP_VIDA_2019,IDH_EDUC_SECUND_PCT_2019,IDH_ANIOS_EDUC_2019,IDH_INGRESO_PERCAP_2019,IDH_POBLACION_2019,MTC_DEP_RED_TOTAL_KM,MTC_DEP_NACIONAL_TOTAL_KM,MTC_DEP_DEPARTAMENTAL_TOTAL_KM,MTC_DEP_VECINAL_TOTAL_KM,MTC_DEP_PAV_TOTAL_KM,MTC_DEP_NO_PAV_TOTAL_KM,MTC_DEP_PCT_PAVIMENTADA,PER_TOTAL_PERSONAS,PER_N_CONDUCTORES,PER_N_CONDUCTORES_FUGADOS,PER_N_PEATONES,PER_N_PASAJEROS_OCUPANTES,PER_EDAD_COND_PROM,PER_EDAD_COND_MIN,PER_EDAD_COND_MAX,PER_ANY_COND_MASCULINO,PER_ANY_LIC_PROBLEMA,PER_ANY_DOSAJE_POS,PER_ANY_DOSAJE_EVALUADO,VEH_TOTAL,VEH_N_FUGADOS,VEH_ANY_FUGADO,VEH_ANY_CARGA,VEH_ANY_PUBLICO,VEH_ANY_PARTICULAR,VEH_ANY_MOTO,VEH_ANY_AUTO,VEH_ANY_CAMION_BUS,VEH_ANY_SOAT_PROBLEMA,VEH_ANY_CITV_PROBLEMA,VEH_ANY_SEGURO_PROBLEMA,HORA_NUM,FRANJA_HORARIA,ANIO,MES,DIA_MES,DIA_SEMANA,ES_FIN_SEMANA,ES_QUINCENA,REGION_NATURAL,TIENE_SEÑALIZACION,ES_VIA_MULTICARRIL,ES_DEPTO_BAJO_PAVIMENTO,CATEGORIA_SEVERIDAD,CATEGORIA_SEVERIDAD_ENC
2,1,11,0,4,1,-11.36536257705933,-74.74649781937696,0,4,5,0,2,2,2,0,5900.231986178713,2.0,3,1,0.16984901700208188,9,32,506.4842311627342,0.4071773863362542,73.17604684043967,60.37957908871195,7.110328065441228,476.4796057396718,27236.925528837004,12264.545,1826.4639999999995,1105.5389999999998,9332.542,1588.5359999999996,10676.009,12.952261987705208,3,1,0,0,0,37.1316608129771,26.339698034004165,47.92362359195003,1.0,0.8301509829979181,0.0,1.0,1,0,0.0,0.16984901700208188,0.0,0.8301509829979181,0.8301509829979181,0.8301509829979181,0.16984901700208188,0.0,0.8301509829979181,0.0,20,2,2021,5,25,3,0,0,2,1,0,1,GRAVE_MORTALIDAD,2
3,1,12,0,4,1,-7.958024620688743,-79.02003462297887,0,4,7,1,1,2,2,1,763.3032678442939,1.8447546133702382,1,0,0.0,9,32,224.83220781988493,0.5753033719431722,77.77574364184053,65.66499874127337,8.566725942472733,990.6510990313583,15500.17622252101,8864.26960635802,1353.5887878866188,1918.548943081478,5592.131875389923,1250.1286246445136,7614.140981713506,14.176335027930437,51,1,0,0,49,43.732868079944645,38.517484622099204,48.94825153779008,1.0,0.0,0.0,0.0,1,0,0.0,0.0,0.9482515377900793,0.05174846220992069,0.0,0.0,1.0,0.0,0.9482515377900793,0.0,5,0,2024,8,17,1,0,1,0,1,0,1,GRAVE_MORTALIDAD,2
3,2,10,1,4,1,-14.839451511885605,-74.98423101420669,0,3,7,1,2,1,0,1,6639.975,2.0,2,0,1.0,9,31,1616.0,0.5563774842369664,77.00938809632027,69.10246351364754,8.476961866273152,914.8835608305218,27932.19700214133,3721.461,698.1859999999996,744.866,2278.409,1102.9029999999996,2618.558,29.636290693359403,4,2,0,0,2,41.82468704324195,40.563181153806475,43.08619293267743,1.0,0.0,0.6953976442258095,1.0,2,0,0.0,0.3046023557741905,0.6953976442258095,1.0,0.0,0.3046023557741905,1.0,0.0,0.0,0.0,15,1,2021,6,20,5,1,1,0,1,0,1,GRAVE_MORTALIDAD,2
6,1,8,0,4,0,-13.020620204595089,-74.75040825800511,0,4,0,0,1,1,0,0,6543.555,2.0,4,4,1.0,14,33,1198.0,0.3648777342527826,72.61386206398959,50.19709555656983,5.638488277525374,444.6393044914551,24733.083511777302,8511.426,1445.3929999999996,2008.516,5057.516999999999,1879.579,6631.846999999998,22.08300935706896,7,1,0,0,6,32.64515803988838,32.64515803988838,32.64515803988838,1.0,0.0,0.0,0.0,1,0,0.0,0.0,1.0,0.0,0.2645158039888382,0.0,0.7354841960111618,0.0,0.7354841960111618,0.0,13,3,2024,2,20,2,0,0,2,1,0,1,GRAVE_MORTALIDAD,2
6,1,9,0,4,2,-9.231962287086521,-76.08360846585846,5,4,1,1,1,2,2,1,4828.861239712066,1.720107347753573,2,3,0.7201073477535731,12,32,877.2430205255948,0.4510359175150294,74.09941025858413,67.79589657472464,6.475611653135826,649.416704371457,47376.95638590334,15293.700623985553,1814.2133268818977,1332.6987352626381,12146.788561841016,2367.9137574111983,12925.786866574355,15.837771287029305,3,1,0,0,2,35.32064408652144,32.440214695507144,37.48096612978216,0.2798926522464269,0.2798926522464269,0.0,0.0,1,0,0.0,0.7201073477535731,0.2798926522464269,0.0,0.0,0.0,1.0,0.2798926522464269,1.0,0.2798926522464269,9,1,2022,9,25,5,1,1,2,1,0,1,GRAVE_MORTALIDAD,2
6,1,3,0,4,2,-16.332108842470383,-72.80550807529512,1,4,1,0,5,2,2,0,6543.555,2.0,4,4,1.0,14,33,1198.0,0.5456070728648882,81.40182025031152,65.9167668945041,8.600381817626133,815.6335060805952,7622.260977600439,10322.272,1495.236,1749.739,7077.2970000000005,2886.595,7435.677000000001,27.964725207783708,2,1,0,0,1,52.11087634940338,52.11087634940338,52.11087634940338,1.0,1.0,0.0,0.0,1,0,0.0,0.0,0.0,1.0,0.0,0.27771908735084383,0.0,1.0,0.27771908735084383,0.7222809126491562,11,2,2022,5,10,5,1,0,0,1,0,1,GRAVE_MORTALIDAD,2
3,1,0,0,4,1,-6.758904103067152,-77.68021475052812,0,4,0,0,2,1,0,0,2730.8922821223846,1.035930182185973,1,2,0.03593018218597299,9,32,1178.716901518432,0.41710064419391313,67.48540787137254,40.0558522342415,6.011935446121193,774.3746707775271,1329.5170665969813,3869.434557152922,1130.514717752487,596.4451273518803,2142.474712048555,940.8191660952631,2928.6153910576595,24.358626740992133,5,1,0,0,3,49.08680290486131,45.71255854251221,52.461047267210404,1.0,0.03593018218597299,0.0,0.964069817814027,1,0,0.0,0.964069817814027,0.0,0.964069817814027,0.0,0.03593018218597299,0.964069817814027,0.0,0.0,0.0,15,2,2021,7,9,0,0,0,0,1,0,1,GRAVE_MORTALIDAD,2
5,1,3,0,4,1,-16.21645212490324,-71.66061101739503,0,4,6,0,2,0,1,0,1504.4250000000002,2.0,2,0,1.0,7,25,241.0,0.6005060748875158,78.21704200773246,77.40211893847457,8.994742794352394,996.014120858737,33335.45824411135,10322.272,1495.236,1749.739,7077.2970000000005,2886.595,7435.677000000001,27.964725207783708,10,1,0,0,9,30.998809933474856,30.73083653668892,31.242422112371163,1.0,0.0,0.0,0.0,1,0,0.0,0.9269163463311081,0.07308365366889191,0.07308365366889191,0.0,0.07308365366889191,1.0,0.0,0.0,0.0,17,1,2021,11,29,4,0,1,0,1,0,1,GRAVE_MORTALIDAD,2
6,1,8,0,4,1,-12.420274268550386,-74.97907807447905,0,4,5,1,3,1,0,0,7586.903,2.0,2,0,1.0,9,5,1198.0,0.30209432083914306,72.0744748639186,47.86290934443302,4.57910579385741,321.4635263266746,3367.948760434837,8511.426,1445.3929999999996,2008.516,5057.516999999999,1879.579,6631.846999999998,22.08300935706896,5,1,0,0,4,48.4958869909923,48.4958869909923,48.4958869909923,1.0,0.7863018584296716,0.0,0.0,1,0,0.0,0.0,0.0,1.0,0.0,1.0,0.0,0.0,0.0,0.0,9,1,2024,2,10,2,0,0,2,1,0,1,GRAVE_MORTALIDAD,2
3,2,10,2,4,1,-14.02190698358862,-75.7606879045159,0,1,7,1,2,2,2,0,6639.975,2.0,2,0,1.0,9,31,1616.0,0.6225781238064819,79.16899032934965,73.36654728458596,10.105445228761432,1043.822327511252,29772.07200116875,3721.461,698.1859999999996,744.866,2278.409,1102.9029999999996,2618.558,29.636290693359403,4,2,0,0,2,33.13000611112211,26.780036666732645,39.47997555551157,1.0,0.0,0.0,1.0,2,0,0.0,1.0,0.0,0.42000407408140494,0.0,1.0,1.0,0.0,0.0,0.0,6,1,2021,7,8,4,0,0,0,1,0,1,GRAVE_MORTALIDAD,2
3,1,20,0,4,1,-6.110620139520949,-76.9603094583673,0,4,0,0,2,2,2,0,7714.7938451317295,2.0,2,0,1.0,8,19,2117.8206547449035,0.5304844208459,72.46460693857992,60.578677397137554,7.779172195758376,956.3988170172559,86455.27806826215,5610.701602010959,811.0496956231303,959.2410150203759,3840.410891367452,1008.3728700916824,4602.328731919276,18.006784744288936,3,2,0,0,1,37.11301363197796,33.106555710150644,41.106555710150644,1.0,0.9903131172590323,0.0,0.0,2,0,0.0,0.00968688274096774,0.0,0.9903131172590323,0.9903131172590323,0.0,1.0,0.0,0.9903131172590323,0.9903131172590323,6,0,2022,4,13,2,0,0,1,1,0,1,GRAVE_MORTALIDAD,2
5,1,1,0,4,1,-9.466360762581782,-78.31892856159875,0,3,6,1,2,2,2,0,6543.555,3.0,2,0,1.0,0,30,1475.0,0.5873460606982213,78.04758132038613,65.8701248560095,8.596987164492063,1041.0659985770535,35482.29764453961,10767.648,1885.0630000000003,1222.721,7659.864000000001,2100.343,8667.305000000002,19.506051832303577,2,1,0,0,1,37.573865272745174,37.573865272745174,37.573865272745174,1.0,0.0,0.0,0.0,1,0,0.0,1.0,0.0,0.0,0.0,0.0,1.0,0.0,0.0,0.0,4,0,2022,10,24,3,0,1,0,1,1,1,GRAVE_MORTALIDAD,2
3,1,14,2,4,1,-12.018768082969205,-76.92187178470789,4,4,6,1,4,2,2,0,875.67,2.0,2,0,1.0,3,14,156.0,0.6831952456039544,78.60873873772867,74.49000793376607,10.00420210847705,1376.0472418044385,255143.7301927195,7626.313,1683.4029999999998,1599.0829999999996,4343.827000000001,1814.875,5811.438000000001,23.797541485643197,7,2,0,1,3,38.47863460549796,31.92462937781967,44.30148248872133,1.0,0.0,0.0,0.0,2,0,0.0,0.2688426555450828,0.0,1.0,0.0,0.7311573444549172,1.0,0.7311573444549172,0.7311573444549172,0.7311573444549172,7,0,2022,3,17,4,0,1,0,1,0,1,GRAVE_MORTALIDAD,2
3,2,14,0,4,1,-10.841206263402565,-77.68952022671809,1,4,6,1,2,0,0,5,6543.555,2.946756035173703,2,0,1.0,0,30,1460.2514217431158,0.6308271130775358,79.95164649343668,65.83291929627318,8.147513189673957,1280.4873677124128,24646.92291220557,7626.313,1683.4029999999998,1599.0829999999996,4343.827000000001,1814.875,5811.438000000001,23.797541485643197,3,2,0,0,1,29.623940927202053,22.597318944788903,36.6505629096152,1.0,1.0,0.0,0.0,2,0,0.0,0.053243964826296786,0.9467560351737032,0.9467560351737032,1.0,0.0,1.0,0.0,1.0,0.053243964826296786,18,1,2021,4,28,5,1,1,0,0,0,1,GRAVE_MORTALIDAD,2
5,1,14,0,4,1,-10.820297976908762,-76.80101928109106,0,4,0,1,1,2,2,2,997.2127702459984,-0.3448464375891973,1,0,0.21838452080360093,7,28,350.6222543199034,0.5131027817778053,70.39928497680663,62.91832835373798,8.22222110025377,865.2940856816792,2059.5799731586735,7626.313,1683.4029999999998,1599.0829999999996,4343.827000000001,1814.875,5811.438000000001,23.797541485643197,16,1,0,0,15,26.459613020090025,26.459613020090025,26.459613020090025,1.0,0.21838452080360093,0.0,0.0,1,0,0.0,0.0,0.21838452080360093,0.7816154791963991,0.0,0.0,1.0,0.0,0.0,0.0,2,0,2021,8,28,1,0,1,0,1,0,1,GRAVE_MORTALIDAD,2
3,2,19,1,4,1,-4.461868818052904,-80.14308917891748,0,4,2,1,2,2,2,1,433.2441235621489,2.0,2,0,0.31370651205206523,6,28,57.99709634396598,0.4722044129531894,74.17923246768733,60.86810648424569,7.184115340615056,696.1356853644668,21494.82439596892,1777.8670413696705,256.6121079606631,413.6616404185276,1107.5932929904798,410.7311237282957,1367.1359176413748,25.21462446094938,3,2,0,0,1,30.147201159609512,23.058880463843803,37.23552185537522,1.0,1.0,0.0,1.0,2,0,0.0,0.6862934879479348,0.0,1.0,1.0,0.0,0.6862934879479348,0.31370651205206523,0.6862934879479348,1.0,11,1,2022,9,12,4,0,0,0,1,0,1,GRAVE_MORTALIDAD,2
5,2,14,0,4,1,-6.172611917500766,-80.15211867060435,0,3,5,1,2,2,2,0,6543.555,3.0,2,0,1.0,0,30,1475.0,0.6112013258324862,78.46523480492857,72.68481798257956,9.937543553118692,1014.8733693280285,181784.3363062073,9412.464713548721,1807.8564481919584,782.1816230412059,6822.426642315557,2186.2072816659725,7226.257431882749,23.41206400272822,6,2,0,0,4,44.982986869827386,33.2138470983832,56.75212664127157,1.0,0.24787335872842364,0.0,0.7521266412715764,2,0,0.0,0.7521266412715764,0.0,0.7521266412715764,0.0,1.0,1.0,0.0,1.0,0.24787335872842364,4,0,2022,5,7,3,0,0,0,1,1,1,GRAVE_MORTALIDAD,2
3,3,1,0,3,3,-11.437803023841099,-75.97058151878274,0,4,7,1,2,0,1,1,6572.701193625712,2.0,3,2,1.0,12,32,1324.3545834427237,0.4899609848765617,73.11549389207438,66.13168949129307,7.571554443640801,755.8401414277132,21352.120964393518,10633.018098192855,1767.2246550245777,1382.0299470258788,7483.7634961424,2338.0141577536083,8295.003940439248,22.062970853444362,5,3,0,0,2,33.193309745211586,21.650241233827558,45.511418462233536,1.0,1.0,0.0,0.0,3,0,0.0,0.30228369244670705,0.0,1.0,0.697716307553293,0.697716307553293,0.30228369244670705,0.697716307553293,0.697716307553293,0.697716307553293,19,2,2022,7,19,4,0,0,0,1,0,1,GRAVE_MORTALIDAD,2
3,1,14,0,4,1,-12.586357478887233,-73.15740704762996,3,4,6,1,4,2,2,0,1303.222209954322,1.3641127750104993,1,1,0.36411277501049943,7,28,238.94633647782433,0.3120925897164205,72.85700984626848,48.38824932534592,5.624104217158602,300.0337723029092,8364.249151015549,12766.207929800665,1897.216573876165,1560.1622003970592,9308.82915552744,2216.818419085017,10549.389510715648,17.081369142203403,5,1,0,0,3,39.8205638750525,39.8205638750525,39.8205638750525,1.0,0.0,0.0,0.36411277501049943,1,0,0.0,0.6358872249895006,0.0,0.36411277501049943,0.0,0.0,1.0,0.0,0.0,0.0,14,3,2022,6,7,1,0,0,2,1,0,1,GRAVE_MORTALIDAD,2
4,1,7,0,4,1,-10.25548210259409,-75.83320591314424,0,4,3,0,4,2,2,3,6543.555,2.0,4,4,1.0,14,33,1198.0,0.37002163182086023,71.71736149942781,49.24663959934179,5.906676830721418,567.612739193403,9248.197766678995,8683.331235279,1312.5390997220782,1659.2776315383737,5711.514504018547,1311.8674372288012,7371.4637980501975,15.164403702717644,6,1,0,0,5,43.86756996849477,39.52972012602093,48.2054198109686,1.0,0.0,0.0,0.0,1,0,0.0,0.5662150157526166,0.43378498424738343,0.43378498424738343,0.0,0.0,1.0,0.0,0.5662150157526166,0.0,8,1,2022,8,19,3,0,1,0,1,0,1,GRAVE_MORTALIDAD,2
3,1,3,2,4,1,-16.110779859566744,-71.62954937020322,5,4,0,0,2,0,1,0,1504.4250000000002,2.0,2,0,1.0,7,25,241.0,0.6005060748875158,78.21704200773246,77.40211893847457,8.994742794352394,996.014120858737,33335.45824411135,10322.272,1495.236,1749.739,7077.2970000000005,2886.595,7435.677000000001,27.964725207783708,4,2,0,0,1,36.65310881277597,29.00625747102647,46.94994023178824,1.0,0.0,0.0,0.006257471026470229,2,0,0.0,0.006257471026470229,0.0,0.9937425289735298,0.0,0.9937425289735298,1.0,0.0,0.9937425289735298,0.0,14,3,2024,2,4,0,0,0,0,1,0,1,GRAVE_MORTALIDAD,2
6,1,7,0,4,1,-13.121169874823785,-72.33623381436998,3,4,0,0,2,1,1,5,3447.8009999999995,1.0,2,3,0.0,9,12,1109.0,0.4706944943299555,76.79406176595778,61.64424635983724,7.141255198110581,653.4175319142125,3282.6252676659524,17779.13499998999,2097.3709999899997,2863.123,12818.640999999989,2878.713,14900.421999989989,16.19152450331032,2,1,0,0,1,32.23771403360951,32.23771403360951,32.23771403360951,1.0,0.0,0.0,0.0,1,0,0.0,0.9381142983195248,0.0,0.0,0.0,0.06188570168047525,0.9381142983195248,0.0,0.0,0.0,21,1,2021,4,18,1,0,0,2,1,0,1,GRAVE_MORTALIDAD,2
3,2,15,0,4,1,-13.535143100302152,-72.17060923036352,0,4,3,0,2,2,2,4,4683.079012305318,1.5353679411816512,1,1,0.5353679411816512,9,17,787.729892063398,0.44567777341743753,73.81697474101901,62.77071491186854,7.695198373687951,575.1916468063125,66164.56884768046,13002.15781758596,1930.4940214907126,1773.9876332647036,9297.676162830543,2512.3219483959983,10489.835869189961,19.02343484385776,3,2,0,0,1,31.90915573531743,23.9292641176367,39.88904735299816,1.0,0.0,0.0,0.4646320588183488,2,0,0.0,0.0,0.5353679411816512,1.0,0.4646320588183488,0.5353679411816512,1.0,0.4646320588183488,0.5353679411816512,0.5353679411816512,7,1,2021,5,20,2,0,1,2,1,0,1,GRAVE_MORTALIDAD,2
3,1,3,0,4,1,-16.464131138306506,-72.4284121821877,0,4,3,0,2,1,1,0,6639.975,2.0,2,0,1.0,9,31,1616.0,0.6341796853288918,80.36989424354992,73.412230037846,8.574547721175314,1190.7172733673588,3449.3708059916257,10322.272,1495.236,1749.739,7077.2970000000005,2886.595,7435.677000000001,27.964725207783708,5,2,0,0,3,35.91517911612041,31.698214939344496,39.566071646448165,0.4339283535518349,0.0,0.0,0.0,2,0,0.0,0.5660716464481651,0.0,1.0,0.0,1.0,1.0,0.0,0.0,0.0,15,2,2023,4,18,2,0,1,0,1,0,1,GRAVE_MORTALIDAD,2
3,2,19,0,4,1,-5.229881273803134,-80.54353267493853,0,4,0,0,2,0,0,2,5241.572317932214,2.7514529444593436,2,0,1.0,0,27,1148.9062631306588,0.49397530907335496,77.16281639178129,62.16735952446268,7.424621108444958,724.3839139061002,76144.58925844521,8965.846000060003,1782.4120000599992,636.9959999999999,6546.438000000004,2214.505000059999,6751.341000000004,24.699342371541725,6,2,0,0,4,37.618461749932955,22.716582277435098,52.520341222430815,1.0,1.0,0.7514529444593436,1.0,2,0,0.0,0.24854705554065637,0.7514529444593436,1.0,0.7514529444593436,0.24854705554065637,1.0,0.7514529444593436,0.24854705554065637,0.0,16,1,2021,2,5,0,0,0,0,1,0,1,GRAVE_MORTALIDAD,2
9,1,8,0,4,0,-13.860675455200374,-75.12828520362449,0,4,5,0,6,2,2,4,6543.555,2.0,4,4,1.0,14,33,1198.0,0.49675459275072686,65.74699642701799,44.52046439821691,7.33436408977865,1131.9232172114594,1782.6658203891059,8511.426,1445.3929999999996,2008.516,5057.516999999999,1879.579,6631.846999999998,22.08300935706896,5,1,0,0,4,42.20820808225623,42.20820808225623,42.20820808225623,1.0,0.0,0.0,0.0,1,0,0.0,0.0,0.0,1.0,0.0,0.13196531962396174,0.8680346803760383,0.0,0.0,0.0,17,1,2021,1,22,4,0,1,2,1,0,1,GRAVE_MORTALIDAD,2
6,1,20,0,4,1,-15.658803052896662,-70.08859670172637,0,4,4,1,2,2,2,2,7051.474455928533,2.0,3,2,1.0,11,19,1198.0,0.3419638996375683,71.77496894761343,67.06150302588482,5.993237708271707,324.8956945699103,5192.128893963054,13642.312999999998,2020.7790000000005,2354.117,9267.416999999998,3314.0520000000006,10328.260999999997,24.29244952817019,2,1,0,0,1,41.57814131978308,41.57814131978308,41.57814131978308,1.0,0.4868169162432212,0.0,0.0,1,0,0.0,0.0,0.0,1.0,0.0,0.5131830837567788,0.4868169162432212,0.0,0.0,0.0,15,3,2023,7,12,6,1,0,2,1,0,1,GRAVE_MORTALIDAD,2
3,1,16,0,4,1,-14.995493720942365,-70.95984987815564,0,4,1,1,2,2,2,2,1746.4236079825205,1.8055523555683113,1,0,0.8055523555683114,6,23,389.5829973346727,0.2974411963605255,77.48813758174312,62.13569977925248,5.487264068764182,221.253179171239,1366.82694336882,13454.947138778512,1978.835670857863,2241.321227075133,9234.790240845517,3152.917709355282,10302.02942942323,23.38054032261734,10,1,0,0,8,30.236090311194022,20.972238222158442,39.49994240022961,1.0,0.0,0.1944476444316886,0.1944476444316886,1,0,0.0,0.1944476444316886,0.8055523555683114,0.8055523555683114,0.0,0.8055523555683114,1.0,0.8055523555683114,1.0,0.8055523555683114,14,3,2022,2,22,4,0,0,2,1,0,1,GRAVE_MORTALIDAD,2
3,2,20,0,4,0,-6.180051521998983,-77.11776102158501,0,4,0,0,2,1,0,1,7645.121311146294,2.0,2,0,1.0,9,21,2045.8616282088806,0.36172368707699437,73.60779210954493,48.98350708865961,4.944975895659424,479.91804502049973,15896.280173847485,5441.461006482307,787.1158593855176,939.6159453321083,3714.729201764681,984.5104499334669,4456.950556548839,18.17347829177539,44,2,0,0,42,50.36906790765284,42.16123492393575,58.57690089136994,1.0,0.9068038804373053,0.0,0.09319611956269469,2,0,0.0,0.09319611956269469,0.9068038804373053,1.0,0.9068038804373053,0.09319611956269469,1.0,0.0,0.9068038804373053,0.9068038804373053,9,0,2023,10,23,4,0,1,0,1,0,1,GRAVE_MORTALIDAD,2
4,1,4,0,4,1,-13.150188521021732,-74.21256873043002,0,4,0,0,2,1,0,3,2405.430230990577,1.5895042059394453,2,3,0.5895042059394454,9,19,640.9336604840803,0.20902180465670817,73.44739976781526,44.63837137654273,3.344113865595335,161.75484821454683,16421.218484242974,12678.733000000004,1805.074000000001,1774.0339999999994,9099.625000000004,2485.375000000001,10193.358000000002,19.602707936195205,23,1,0,0,22,38.36831931353518,32.074050471273345,42.33644532278721,1.0,0.4104957940605546,0.0,1.0,1,0,0.0,0.0,0.5895042059394454,0.4104957940605546,0.4104957940605546,0.4104957940605546,1.0,0.0,0.4104957940605546,0.0,7,0,2022,8,8,1,0,0,2,1,0,1,GRAVE_MORTALIDAD,2
6,1,19,2,2,4,-5.176738474367387,-80.64573888105271,0,3,7,1,2,2,2,0,6543.555,2.0,4,4,1.0,14,33,1198.0,0.6582040223794163,78.74105515718446,77.3206684883171,11.334167841567446,1124.177237253568,178905.3426124197,8965.846000060003,1782.4120000599992,636.9959999999999,6546.438000000004,2214.505000059999,6751.341000000004,24.699342371541725,2,1,0,0,1,28.693306815287542,28.693306815287542,28.693306815287542,1.0,0.16333664808905723,1.0,1.0,1,0,0.0,0.0,0.0,1.0,1.0,0.0,0.0,0.8366633519109428,1.0,0.8366633519109428,7,0,2024,3,24,3,0,0,0,1,0,1,GRAVE_MORTALIDAD,2
3,2,7,0,4,1,-14.236426486926238,-71.25731161011345,0,4,0,1,2,1,1,2,7586.903,2.0,2,0,1.0,9,5,1198.0,0.3460644983220214,74.85478058352582,60.25527496684128,5.5471186436944855,345.46099676942094,10109.338141506732,17779.13499998999,2097.3709999899997,2863.123,12818.640999999989,2878.713,14900.421999989989,16.19152450331032,8,2,0,0,6,41.5,34.22178197819232,48.77821802180768,1.0,0.2217819781923186,0.0,1.0,2,0,0.0,0.7782180218076814,0.2217819781923186,1.0,0.0,0.7782180218076814,1.0,0.0,0.0,0.0,16,3,2022,8,14,0,0,0,2,1,0,1,GRAVE_MORTALIDAD,2
3,1,12,0,4,0,-8.578573544499667,-78.55675739277814,0,4,7,1,3,1,0,1,6543.555,2.6824454201304984,2,1,1.0,4,30,1387.037381376148,0.4971504606547645,77.79759708660042,46.44666297237219,6.322206801902116,929.9716106661404,44368.59100642397,8931.828000000005,1335.5899999999997,1935.9830000000004,5660.255000000005,1219.309,7712.519000000005,13.651281686122925,6,1,0,0,5,36.919126722087974,32.14200878117448,41.69624466300146,1.0,0.0,0.0,0.6824454201304982,1,0,0.0,0.0,0.6824454201304982,0.31755457986950175,0.0,0.0,1.0,0.0,0.0,0.0,19,2,2022,4,16,4,0,0,0,1,0,1,GRAVE_MORTALIDAD,2
5,1,7,0,4,1,-13.60380684088755,-71.6833119420021,0,4,1,0,2,0,0,2,3311.3647905733123,1.7406115992568036,2,0,0.7406115992568038,6,16,706.8479016035556,0.43034082470942736,68.24801776498019,68.92880144702687,6.69733203803231,620.3613725971985,7340.476337318989,17779.13499998999,2097.3709999899997,2863.123,12818.640999999989,2878.713,14900.421999989989,16.19152450331032,13,1,0,0,12,27.29694200371598,27.29694200371598,27.29694200371598,1.0,0.7406115992568038,0.0,0.0,1,0,0.25938840074319625,0.0,0.0,1.0,0.25938840074319625,0.0,0.7406115992568038,1.0,0.7406115992568038,1.0,13,2,2022,9,21,3,0,0,2,1,0,1,GRAVE_MORTALIDAD,2
6,1,7,0,4,2,-12.822989286509408,-72.21464038052926,0,4,0,0,1,2,2,2,6543.555,2.0,4,4,1.0,14,33,1198.0,0.34198416558874484,71.56414694027218,57.802371974589185,5.430500996082336,365.9144036552152,11985.140255256158,17779.13499998999,2097.3709999899997,2863.123,12818.640999999989,2878.713,14900.421999989989,16.19152450331032,17,1,0,0,16,56.423356646692966,56.423356646692966,56.423356646692966,1.0,0.0,0.0875912974059464,1.0,1,0,0.0,0.0,1.0,0.0,0.0,0.0,1.0,0.0,0.0,0.0,21,1,2022,2,7,5,0,0,2,1,0,1,GRAVE_MORTALIDAD,2
3,1,12,0,4,1,-7.843040430083078,-79.15664760047981,0,4,7,1,2,2,2,4,6543.555,3.0,2,0,1.0,0,30,1475.0,0.5759058161564407,77.95670827570417,66.05905012605434,8.525793167877191,988.9915584710444,15679.059801736781,8931.828000000005,1335.5899999999997,1935.9830000000004,5660.255000000005,1219.309,7712.519000000005,13.651281686122925,4,2,0,1,0,53.5668007355164,37.64033502056119,69.49326645047161,1.0,0.0,0.0,0.0,2,0,0.08991624485970229,0.9100837551402977,0.0,1.0,0.0,0.9100837551402977,1.0,0.0,0.9100837551402977,0.08991624485970229,11,2,2023,3,24,5,0,1,0,1,1,1,GRAVE_MORTALIDAD,2