CLASE SINIESTRO,CANTIDAD DE VEHICULOS DAÑADOS,DEPARTAMENTO,ZONA,TIPO DE VÍA,RED VIAL,COORDENADAS LATITUD,COORDENADAS  LONGITUD,CONDICIÓN CLIMÁTICA,ZONIFICACIÓN,CARACTERÍSTICAS DE VÍA,PERFIL LONGITUDINAL VÍA,SUPERFICIE DE CALZADA,¿EXISTE SEÑAL VERTICAL?,¿EXISTE SEÑAL HORIZONTAL?,CAUSA FACTOR PRINCIPAL,MTC_RVN_LONGITUD_KM,MTC_RVN_N_CARRILES_MEDIANA,MTC_RVN_SUPERFICIE_DOMINANTE,MTC_RVN_ESTADO_DOMINANTE,MTC_RVN_ES_CONCESIONADA,MTC_RVN_CONCESION_PRINCIPAL,MTC_RVN_CORREDOR_LOGISTICO,MTC_RVN_N_TRAMOS,IDH_2019,IDH_ESP_VIDA_2019,IDH_EDUC_SECUND_PCT_2019,IDH_ANIOS_EDUC_2019,IDH_INGRESO_PERCAP_2019,IDH_POBLACION_2019,MTC_DEP_RED_TOTAL_KM,MTC_DEP_NACIONAL_TOTAL_KM,MTC_DEP_DEPARTAMENTAL_TOTAL_KM,MTC_DEP_VECINAL_TOTAL_KM,MTC_DEP_PAV_TOTAL_KM,MTC_DEP_NO_PAV_TOTAL_KM,MTC_DEP_PCT_PAVIMENTADA,PER_TOTAL_PERSONAS,PER_N_CONDUCTORES,PER_N_CONDUCTORES_FUGADOS,PER_N_PEATONES,PER_N_PASAJEROS_OCUPANTES,PER_EDAD_COND_PROM,PER_EDAD_COND_MIN,PER_EDAD_COND_MAX,PER_ANY_COND_MASCULINO,PER_ANY_LIC_PROBLEMA,PER_ANY_DOSAJE_POS,PER_ANY_DOSAJE_EVALUADO,VEH_TOTAL,VEH_N_FUGADOS,VEH_ANY_FUGADO,VEH_ANY_CARGA,VEH_ANY_PUBLICO,VEH_ANY_PARTICULAR,VEH_ANY_MOTO,VEH_ANY_AUTO,VEH_ANY_CAMION_BUS,VEH_ANY_SOAT_PROBLEMA,VEH_ANY_CITV_PROBLEMA,VEH_ANY_SEGURO_PROBLEMA,HORA_NUM,FRANJA_HORARIA,ANIO,MES,DIA_MES,DIA_SEMANA,ES_FIN_SEMANA,ES_QUINCENA,REGION_NATURAL,TIENE_SEÑALIZACION,ES_VIA_MULTICARRIL,ES_DEPTO_BAJO_PAVIMENTO,CATEGORIA_SEVERIDAD,CATEGORIA_SEVERIDAD_ENC
5,1,20,0,4,1,-14.604669233013544,-69.63325386307727,0,4,7,0,2,2,2,2,1726.3756810909724,2.0,1,0,0.1411075940213511,8,31,450.5697470587903,0.3621185673649795,75.05952067637008,65.31377594867062,6.120359586333155,352.7547347561136,4152.137444668892,13642.312999999998,2020.7790000000005,2354.117,9267.416999999998,3314.0520000000006,10328.260999999997,24.29244952817019,3,1,0,0,2,31.04606011330959,30.269968346192158,31.822151880427022,1.0,0.8588924059786489,0.8588924059786489,0.8588924059786489,1,0,0.0,0.0,0.0,1.0,0.0,1.0,0.1411075940213511,1.0,0.8588924059786489,1.0,4,0,2022,4,5,3,0,0,2,1,0,1,GRAVE_MORTALIDAD,2
1,1,12,1,4,1,-8.415208994333804,-78.77031548129895,0,1,7,1,2,2,2,0,6543.555,2.4544178782079333,3,2,1.0,7,31,1323.8737522635977,0.5051395598219868,77.13285387085847,51.52067479184955,6.715328807318118,900.900383457586,67612.41755888652,8931.828000000005,1335.5899999999997,1935.9830000000004,5660.255000000005,1219.309,7712.519000000005,13.651281686122925,3,1,0,0,1,40.63534302566347,33.0,47.72510392953487,0.45441787820793356,0.45441787820793356,0.0,0.0,1,0,0.5455821217920664,0.45441787820793356,0.0,0.45441787820793356,0.0,0.45441787820793356,0.45441787820793356,0.0,0.45441787820793356,0.0,11,1,2021,2,4,4,0,0,0,1,0,1,GRAVE_MORTALIDAD,2
6,1,12,0,4,0,-7.75588514147595,-77.65300434014749,0,4,7,1,6,2,2,2,6543.555,2.0,4,4,1.0,14,33,1198.0,0.4686292122960986,72.39347765706144,42.14285241633188,6.687776775372348,878.2652317159998,9440.374732334049,8931.828000000005,1335.5899999999997,1935.9830000000004,5660.255000000005,1219.309,7712.519000000005,13.651281686122925,4,1,0,0,3,36.52171835632704,36.52171835632704,36.52171835632704,1.0,0.0,0.0,0.0,1,0,0.0,0.10559154597664,0.0,0.89440845402336,0.0,0.0,1.0,0.0,0.89440845402336,0.0,1,0,2023,7,19,2,0,0,0,1,0,1,GRAVE_MORTALIDAD,2
0,1,20,0,4,1,-6.2488956671355,-77.21729529025707,0,4,6,1,2,2,2,0,7703.311018202726,2.0,2,0,1.0,9,20,2090.6495082217725,0.597895628820855,74.08780164954847,63.46201958065273,8.247158896970015,1234.8935539718743,24059.057467083705,5734.872706149426,854.4065620046126,994.0050657023143,3886.461078442499,1049.7082527219295,4685.164453427496,18.21662264377989,3,1,0,0,1,51.33970982709808,51.0,51.67941965419616,1.0,1.0,0.0,0.0,1,0,0.0,0.045294643613077445,0.0,0.9547053563869226,1.0,0.0,0.045294643613077445,0.9547053563869226,1.0,1.0,19,1,2024,5,28,5,1,1,0,1,0,1,GRAVE_MORTALIDAD,2
3,1,12,0,3,2,-9.054006431876271,-78.57795130463063,0,4,7,1,3,2,2,0,6543.555,2.656385859384767,2,1,1.0,4,31,1379.8188830495806,0.5903914447558892,81.13984957141894,66.33907455700337,7.998818194562473,1083.1032312576065,12578.005887066116,8483.234585214708,1455.1034650898057,1820.2193960267282,5207.911724098174,1423.9538992696516,7059.280685945056,17.137680027593966,3,2,0,0,1,31.233491913999014,29.061684843691395,33.405298984306626,1.0,0.34361414061523277,0.0,0.0,2,0,0.0,0.34361414061523277,0.34361414061523277,0.6563858593847672,1.0,0.6563858593847672,0.34361414061523277,0.0,0.34361414061523277,1.0,17,1,2022,9,23,1,0,0,0,1,0,1,GRAVE_MORTALIDAD,2
4,1,12,0,4,0,-7.763234254376716,-78.39982939150565,0,4,7,1,4,2,2,2,6543.555,2.46484766631965,3,2,1.0,7,31,1326.762803570543,0.5360907077237165,74.7616727814863,58.603995975533614,7.896848973150355,959.7954356777255,8963.077708920908,8931.828000000005,1335.5899999999997,1935.9830000000004,5660.255000000005,1219.309,7712.519000000005,13.651281686122925,4,1,0,0,3,40.091814498438424,38.9296953326393,41.25393366423755,1.0,0.4648476663196497,0.4648476663196497,0.4648476663196497,1,0,0.0,0.0,0.4648476663196497,0.5351523336803503,0.4648476663196497,0.0,1.0,0.0,1.0,0.4648476663196497,9,0,2023,5,23,3,0,1,0,1,0,1,GRAVE_MORTALIDAD,2
6,1,7,0,4,1,-13.121601244453203,-72.33689608128947,3,4,0,0,2,1,1,5,3447.8009999999995,1.0,2,3,0.0,9,12,1109.0,0.4706944943299555,76.79406176595778,61.64424635983724,7.141255198110581,653.4175319142125,3282.6252676659524,17779.13499998999,2097.3709999899997,2863.123,12818.640999999989,2878.713,14900.421999989989,16.19152450331032,3,1,0,0,2,30.507857888731174,30.507857888731174,30.507857888731174,1.0,0.0,0.0,0.08202368521147085,1,0,0.0,0.9179763147885291,0.0,0.0,0.0,0.0,1.0,0.0,0.0,0.0,21,1,2021,5,18,2,0,0,2,1,0,1,GRAVE_MORTALIDAD,2
3,2,13,0,4,1,-11.491334520356874,-77.29953339090008,0,4,7,1,2,1,0,0,6543.555,3.0,2,0,1.0,0,30,1475.0,0.6284352941985188,79.75726919232628,71.7842333265469,8.582958361771318,1180.5489526892204,65768.37657780331,7671.926710271714,1671.2506758897937,1610.8540321141772,4389.822002267744,1794.0663727749711,5877.860337496744,23.443038814408585,14,2,0,0,11,41.962058530812556,35.44097205750418,51.05664034703831,1.0,0.034939246405988444,0.0,0.9650607535940116,2,0,0.0,0.9650607535940116,0.034939246405988444,0.034939246405988444,0.0,0.034939246405988444,1.0,0.0,0.0,0.0,19,1,2024,2,26,3,0,0,0,1,1,1,GRAVE_MORTALIDAD,2
3,1,13,1,4,1,-12.243996922370288,-76.87961110702699,0,0,7,1,2,2,2,0,6638.987313380929,2.0102435865906654,2,0,1.0,8,30,1614.5556542907161,0.6896830598714911,78.44042349958862,70.99762610934323,9.82428182069137,1469.982730918284,95918.72387025051,7583.631846752429,1671.4349977990753,1589.767943315845,4322.428905637509,1803.4890486327436,5780.142798119687,23.76202137079437,3,2,0,0,1,36.95390386034201,34.897564134093344,39.01024358659067,1.0,0.0,0.0,0.0,2,0,0.0,1.0,0.0,1.0,0.9897564134093346,0.010243586590665377,1.0,0.0,0.0,0.0,17,3,2022,10,19,0,0,0,0,1,0,1,GRAVE_MORTALIDAD,2
6,1,3,0,4,2,-16.058953324929927,-73.13344486429304,0,4,1,0,6,2,2,0,6543.555,2.0,4,4,1.0,14,33,1198.0,0.5213326115518571,82.68794733804634,64.14530984997663,8.682441676934205,689.6864169171887,7929.919092828538,10322.272,1495.236,1749.739,7077.2970000000005,2886.595,7435.677000000001,27.964725207783708,2,1,0,0,1,51.12008532859629,51.12008532859629,51.12008532859629,1.0,1.0,0.0,0.0,1,0,0.0,0.0,0.0,1.0,0.0,0.030021332149071878,0.0,1.0,0.030021332149071878,0.9699786678509281,13,2,2022,3,6,5,1,0,0,1,0,1,GRAVE_MORTALIDAD,2
3,2,3,0,4,1,-15.890199218724492,-71.14774972742399,0,4,7,1,2,0,1,0,1504.4250000000002,2.0,2,0,1.0,7,25,241.0,0.4498224071382834,81.63336343193146,58.84842497065013,5.774685730039019,620.6584683449911,1358.612419700214,10322.272,1495.236,1749.739,7077.2970000000005,2886.595,7435.677000000001,27.964725207783708,9,2,0,0,7,40.500754277451435,28.999245722548565,52.00226283235431,1.0,1.0,0.0,0.5554717469498404,2,0,0.0,1.0,0.44452825305015964,0.5554717469498404,0.0,0.44452825305015964,1.0,0.0,0.0,0.0,8,1,2022,9,13,4,0,0,0,1,0,1,GRAVE_MORTALIDAD,2
6,1,4,0,4,1,-13.841635734694218,-74.35079960685893,2,4,2,0,7,2,2,1,6543.555,2.0,4,4,1.0,14,33,1198.0,0.3571455852802577,73.55037767785578,51.99934492748554,5.187491838562675,491.3481045837569,2548.8859197599695,12678.733000000004,1805.074000000001,1774.0339999999994,9099.625000000004,2485.375000000001,10193.358000000002,19.602707936195205,6,1,0,0,5,52.430714630884566,52.430714630884566,52.430714630884566,1.0,0.4953809753923044,0.0,0.5046190246076956,1,0,0.0,0.0,0.0,1.0,0.0,0.4953809753923044,0.5046190246076956,0.0,0.0,0.0,5,0,2023,5,19,4,0,0,2,1,0,1,GRAVE_MORTALIDAD,2
3,1,14,0,3,1,-11.786443464166904,-76.98517271468394,0,3,6,1,2,1,1,0,1724.9285620189812,2.0,2,3,0.11728014780044504,9,24,1045.289465569477,0.6498693508177541,78.84967382596041,74.11456675539837,9.21786785255454,1246.479589064551,356854.23554603854,7626.313,1683.4029999999998,1599.0829999999996,4343.827000000001,1814.875,5811.438000000001,23.797541485643197,11,2,0,0,9,27.8178422909069,25.172801478004452,30.462883103809347,1.0,0.0,0.0,0.0,2,0,0.0,0.11728014780044504,0.882719852199555,0.882719852199555,0.0,0.0,1.0,0.11728014780044504,1.0,0.0,15,2,2024,3,8,3,0,0,0,1,0,1,GRAVE_MORTALIDAD,2
2,1,18,0,4,1,-15.34184056483348,-70.68276582419868,0,4,5,1,2,2,2,2,7410.512731588479,2.0,2,0,1.0,9,9,1198.0,0.3531357273156762,72.9428468078161,75.89270560238828,6.850419623539256,318.570478178518,25066.485353830107,13409.385091642667,1987.9277605224868,2143.030182799296,9278.427148320885,3022.333196313815,10387.051895328852,22.37525725473927,3,1,0,0,0,42.95688798808511,35.47844399404255,50.435331982127664,1.0,0.0,0.0,0.16906177843971626,1,0,0.0,1.0,0.8309382215602837,0.0,0.0,0.0,1.0,0.0,0.0,0.0,15,3,2023,7,10,1,0,0,2,1,0,1,GRAVE_MORTALIDAD,2
4,1,7,0,4,2,-14.020199086773134,-71.5665892275979,0,4,4,0,5,1,0,4,6543.555,2.0,4,4,1.0,14,33,1198.0,0.3782877194473209,64.15075273714046,61.19702805395981,6.533266102912604,508.2534285250169,4544.979947609628,17779.13499998999,2097.3709999899997,2863.123,12818.640999999989,2878.713,14900.421999989989,16.19152450331032,3,1,0,0,2,36.898827407049886,36.01931489102401,37.77833992307577,1.0,0.0,0.0,0.3518050064103525,1,0,0.0,0.3518050064103525,0.0,0.3518050064103525,0.0,0.3518050064103525,0.3518050064103525,0.0,0.0,0.6481949935896475,14,1,2022,7,8,5,1,0,2,1,0,1,GRAVE_MORTALIDAD,2
5,1,12,0,4,1,-8.79655171613526,-78.68004801773311,0,4,7,1,2,1,1,5,6543.555,3.0,2,0,1.0,0,30,1475.0,0.5796656399828692,79.81465931733771,66.53488136758592,8.65075099667454,966.5314654555581,20434.524560717124,8620.692281535084,1418.482228466497,1855.6916026963831,5346.518450372203,1361.2467451069338,7259.445536428149,16.069380162552132,6,1,0,0,5,37.74072742354288,34.04670350485465,41.43475134223111,1.0,0.0,0.0,0.23832412378633738,1,0,0.0,0.23832412378633738,0.23832412378633738,0.7616758762136626,0.0,0.23832412378633738,1.0,0.0,0.0,0.0,14,2,2023,5,3,5,0,0,0,1,1,1,GRAVE_MORTALIDAD,2
6,1,8,2,4,0,-14.229329448468135,-74.27287912420262,0,2,7,1,2,2,2,2,3749.754865094825,2.0,3,2,1.0,8,23,684.3798858707979,0.6687234824092613,79.29342954640012,75.92063034938583,10.122242631290224,1265.7799902830795,198325.5272128156,8993.386424887092,1587.9868215118518,1675.4780096792233,5729.921593696018,2358.325375513869,6635.061049373225,25.910647108970693,4,1,0,0,3,39.46458787969867,37.436258183457596,40.98583515187946,0.4929175759397333,0.0,0.0,0.0,1,0,0.0,0.0,0.0,1.0,0.0,1.0,0.0,0.0,0.5070824240602667,0.0,14,3,2021,5,28,6,1,1,0,1,0,1,GRAVE_MORTALIDAD,2
6,1,8,0,4,1,-9.853959996861485,-76.11514580811505,1,4,7,1,5,2,2,5,6543.555,2.0,4,4,1.0,14,33,1198.0,0.38631741880029324,71.82909575783928,48.07267506108172,6.0357606014247756,618.9508494926346,9279.956733683108,8724.39755415079,1316.3484677118697,1705.0056751510906,5703.043411287828,1296.5713254191364,7427.826228731652,14.914346719902722,4,1,0,0,3,42.63790187455296,42.63790187455296,42.63790187455296,1.0,0.0,0.0,0.0,1,0,0.0,0.6379018745529615,0.0,0.36209812544703845,0.0,0.36209812544703845,0.6379018745529615,0.0,0.6379018745529615,0.0,8,1,2021,6,12,4,0,0,0,1,0,1,GRAVE_MORTALIDAD,2
6,1,5,0,4,1,-6.597679637486059,-78.44696747843057,0,3,0,1,1,2,2,5,6450.70346091457,1.9851745550906748,3,3,0.9851745550906748,13,32,1180.9803892440946,0.3484871558022944,76.33677469666252,53.28672218475212,4.131981838863427,447.1658531581213,76209.5845824411,15935.565011852366,1733.9250000199986,935.692,13265.948011832368,2000.1670000199988,13935.398011832369,12.551591352627522,2,1,0,0,1,36.77761832636012,36.77761832636012,36.77761832636012,1.0,0.0,0.0,0.0,1,0,0.0,0.9851745550906748,0.0,0.014825444909325247,0.0,0.0,1.0,0.014825444909325247,0.0,0.0,21,2,2021,10,8,1,0,0,2,1,0,1,GRAVE_MORTALIDAD,2
3,2,12,0,4,1,-8.407926715859015,-78.82252066509187,0,4,7,1,2,2,2,1,6543.555,3.0,2,0,1.0,0,30,1475.0,0.5051395598219868,77.13285387085847,51.52067479184955,6.715328807318118,900.900383457586,67612.41755888652,8931.828000000005,1335.5899999999997,1935.9830000000004,5660.255000000005,1219.309,7712.519000000005,13.651281686122925,9,2,0,0,7,33.63607881204154,30.752076094384933,36.520081529698146,1.0,0.23199456468679036,0.0,0.7680054353132096,2,0,0.0,0.7680054353132096,0.23199456468679036,1.0,0.0,1.0,1.0,0.0,0.7680054353132096,0.0,14,1,2022,2,17,0,0,0,0,1,1,1,GRAVE_MORTALIDAD,2
6,4,5,0,4,2,-6.6534213959320185,-78.42462397227057,0,4,3,0,1,2,2,2,6543.555,2.0,4,4,1.0,14,33,1198.0,0.25669126636222095,73.90161332463322,42.06690399984593,3.8628403691040196,252.2293646505861,10656.867805887206,15935.565011852366,1733.9250000199986,935.692,13265.948011832368,2000.1670000199988,13935.398011832369,12.551591352627522,26,1,0,0,25,54.6158545315993,54.6158545315993,54.6158545315993,1.0,0.0,0.0,1.0,1,0,0.0,0.4343614981412177,0.5656385018587823,0.0,0.0,0.0,1.0,0.0,0.4343614981412177,0.0,19,2,2023,6,25,3,0,1,2,1,0,1,GRAVE_MORTALIDAD,2
3,2,12,0,4,1,-8.41366192974799,-78.80636402791875,0,4,7,1,2,2,2,0,6543.555,3.0,2,0,1.0,0,30,1475.0,0.5051395598219868,77.13285387085847,51.52067479184955,6.715328807318118,900.900383457586,67612.41755888652,8931.828000000005,1335.5899999999997,1935.9830000000004,5660.255000000005,1219.309,7712.519000000005,13.651281686122925,13,2,0,0,11,28.973407866049957,26.250186905151683,31.69662882694823,1.0,0.5535580782034513,0.0,0.44644192179654874,2,0,0.0,0.44644192179654874,0.5535580782034513,1.0,0.0,1.0,1.0,0.0,0.44644192179654874,0.0,10,0,2023,2,13,1,0,0,0,1,1,1,GRAVE_MORTALIDAD,2
6,1,1,0,4,1,-8.65574558248162,-77.89780574603506,2,4,6,0,3,2,2,1,1060.4020588172586,1.0,0,3,0.0,9,30,224.10543314948282,0.4193200553923565,73.0302168157708,47.141916323168296,6.425073826151108,627.3075539829939,745.6207351927832,10767.648,1885.0630000000003,1222.721,7659.864000000001,2100.343,8667.305000000002,19.506051832303577,3,1,0,0,2,40.90035323265608,40.90035323265608,40.90035323265608,1.0,0.0,0.0,0.0,1,0,0.0,0.0,0.0,1.0,0.0,0.618772077041005,0.381227922958995,0.0,0.381227922958995,0.0,6,0,2021,8,9,4,0,0,0,1,0,1,GRAVE_MORTALIDAD,2
3,2,5,0,4,1,-6.35340390827869,-78.99071656201902,0,4,2,0,2,0,1,0,9936.932,2.0,2,0,1.0,9,32,3830.0,0.3398063181118779,78.4904412125121,37.88308136211755,4.640749637478085,438.9486480094081,8021.998648248113,15935.565011852366,1733.9250000199986,935.692,13265.948011832368,2000.1670000199988,13935.398011832369,12.551591352627522,4,2,0,0,2,44.340491353696024,26.01171312422986,62.66926958316219,1.0,0.6653652084189043,0.0,0.33463479158109566,2,0,0.0,0.6653652084189043,0.6653652084189043,0.33463479158109566,0.6653652084189043,0.33463479158109566,1.0,0.6653652084189043,1.0,0.6653652084189043,3,0,2022,9,28,2,0,1,2,1,0,1,GRAVE_MORTALIDAD,2
3,1,21,1,4,1,-6.047158844579894,-77.00206466207311,0,2,0,0,3,2,2,1,7758.33400008,2.0,2,0,1.0,9,20,2133.0,0.5294800468051228,72.46713251445857,60.50982579904599,7.757161651692042,952.984823255978,86435.21199143468,5645.136,815.0759999999999,965.298,3864.762,1013.406,4631.73,17.95184385283189,3,2,0,0,1,33.74537898206164,26.991468889959943,40.49928907416333,1.0,1.0,0.0,0.5007109258366713,2,0,0.0,0.0,0.5007109258366713,1.0,1.0,0.0,1.0,0.0,1.0,1.0,7,1,2022,2,13,4,0,0,1,1,0,1,GRAVE_MORTALIDAD,2
3,2,16,0,4,1,-6.2649631169476,-80.07491973682649,0,2,2,1,2,1,0,2,6543.555,3.0,2,0,1.0,0,30,1475.0,0.5316940717086251,78.17950924814267,62.4180235009984,8.09235953536962,837.0845464310127,76358.09047164317,8953.764889116415,1623.728181339326,1098.3166547592377,6231.720053017852,1861.0723095392677,7092.692579577148,20.775747609456197,5,2,0,0,3,37.92055510874008,23.392497989330362,52.4486122281498,1.0,0.6448612228149799,0.6448612228149799,0.6448612228149799,2,0,0.0,0.0,1.0,1.0,0.6448612228149799,0.35513877718502007,1.0,0.6448612228149799,0.0,0.0,14,1,2021,5,5,2,0,0,0,1,1,1,GRAVE_MORTALIDAD,2
3,1,3,0,4,1,-16.395245084276286,-72.21102604223012,0,4,7,0,2,0,1,0,6639.975,2.0,2,0,1.0,9,31,1616.0,0.6077843615696785,76.53072135400231,69.81276959706165,8.77367759087771,1135.5159013374655,74658.55888650964,10322.272,1495.236,1749.739,7077.2970000000005,2886.595,7435.677000000001,27.964725207783708,3,2,0,0,1,30.91181865224673,21.54124737152427,40.28238993296919,1.0,0.0,0.0,1.0,2,0,0.0,0.9764675055859012,0.02353249441409877,0.9764675055859012,0.9764675055859012,0.0,1.0,0.0,0.0,0.0,4,0,2024,11,29,5,0,1,0,1,0,1,GRAVE_MORTALIDAD,2
1,2,10,0,4,1,-14.261726442614753,-75.69149137167723,3,4,7,1,2,0,0,0,6639.975,2.0,2,0,1.0,9,31,1616.0,0.6261042306271147,80.48505954362174,76.55712631348362,9.341715591523595,1061.002261282891,31419.372591006424,3721.461,698.1859999999996,744.866,2278.409,1102.9029999999996,2618.558,29.636290693359403,4,2,0,0,1,39.09613730157584,34.45906305300848,43.733211550143196,1.0,0.5703771361031559,0.5703771361031559,1.0,2,0,0.0,0.4296228638968441,0.0,0.5703771361031559,0.5703771361031559,0.5703771361031559,0.4296228638968441,0.5703771361031559,0.5703771361031559,0.0,8,1,2022,4,4,4,0,0,0,0,0,1,GRAVE_MORTALIDAD,2
3,1,1,0,4,1,-10.144488156619014,-78.10012692907591,0,4,7,1,2,1,1,1,6543.555,3.0,2,0,1.0,0,30,1475.0,0.594329796273136,79.51274210494626,67.23963656911357,9.093808711905876,1004.1856289962402,25729.80728051392,10767.648,1885.0630000000003,1222.721,7659.864000000001,2100.343,8667.305000000002,19.506051832303577,4,1,0,0,2,41.66601713619982,39.14230040245699,44.18973386994265,1.0,0.7210619239265232,0.0,0.27893807607347676,1,0,0.0,0.0,0.7210619239265232,1.0,0.0,0.27893807607347676,0.7210619239265232,0.0,0.27893807607347676,0.0,4,0,2021,6,15,3,0,0,0,1,1,1,GRAVE_MORTALIDAD,2
5,1,13,1,4,1,-11.205466013982884,-77.17408490142803,0,2,7,1,2,2,2,1,931.1517159763683,2.0,2,0,1.0,2,14,156.90422111670176,0.7060804589475042,79.97733286617014,75.35046692065512,10.581023436016581,1436.7773033648698,43830.70482864267,7088.0919146122615,1532.483199470219,1481.617572345951,4073.9911427960915,1671.295020623378,5416.796893988884,23.34962306469185,4,2,0,0,2,49.512289978436016,49.2539410879498,49.77063886892224,1.0,0.8708255547568896,0.0,0.1291744452431104,2,0,0.0,0.0,0.0,1.0,0.1291744452431104,0.8708255547568896,1.0,0.0,0.1291744452431104,0.0,22,2,2021,3,22,0,0,0,0,1,0,1,GRAVE_MORTALIDAD,2
5,1,7,0,4,2,-13.173777570174853,-71.98011476453111,0,4,0,0,2,1,1,2,6543.555,2.0,4,4,1.0,14,33,1198.0,0.23648843728956156,68.73356217583668,41.95580391036986,3.638228781765179,231.49258211203949,5457.704133560447,17779.13499998999,2097.3709999899997,2863.123,12818.640999999989,2878.713,14900.421999989989,16.19152450331032,3,1,0,0,2,41.457029051463984,41.20816276944205,41.70589533348593,1.0,0.0,0.0,1.0,1,0,0.0,0.09954651280877513,0.0,1.0,0.0,0.09954651280877513,1.0,0.0,0.0,0.0,5,0,2024,7,27,3,0,1,2,1,0,1,GRAVE_MORTALIDAD,2
6,1,14,2,3,2,-12.008790306089997,-76.95607776387546,0,0,4,1,2,1,1,1,3124.7311723951107,2.0,2,1,1.0,7,21,569.4737634295165,0.7087361378567187,79.89925091926497,77.37854843882313,9.953178695717428,1476.7321307245647,706545.6504633136,7626.313,1683.4029999999998,1599.0829999999996,4343.827000000001,1814.875,5811.438000000001,23.797541485643197,4,1,0,0,2,27.34892535016532,25.76169401262399,28.539348853321318,1.0,0.0,0.0,0.0,1,0,0.0,0.0,0.3968078343853325,0.6031921656146675,0.6031921656146675,0.0,0.3968078343853325,0.0,1.0,0.0,17,1,2024,4,9,4,0,0,0,1,0,1,GRAVE_MORTALIDAD,2
6,1,6,0,4,2,-10.208605243065914,-75.6382828577097,0,4,0,0,1,2,2,1,6543.555,2.0,4,4,1.0,14,33,1198.0,0.3188514163823862,75.95532035310977,48.079122618634315,5.034528695190715,323.55177716285357,14194.405888647865,16900.85926635536,1924.2255244647192,1944.8959261989057,13031.737815691735,2460.1741663082657,14440.685100047094,14.457462341923964,9,1,0,0,8,36.57519015125299,36.57519015125299,36.57519015125299,1.0,0.47639945284738827,0.0,0.0,1,0,0.0,0.5236005471526117,0.47639945284738827,0.0,0.0,0.0,1.0,0.47639945284738827,0.47639945284738827,0.47639945284738827,13,1,2022,6,21,4,0,1,2,1,0,1,GRAVE_MORTALIDAD,2
3,2,10,0,4,1,-14.80237355672243,-74.99983082459852,0,3,7,1,2,2,2,0,6639.975,2.0,2,0,1.0,9,31,1616.0,0.5563774842369664,77.00938809632027,69.10246351364754,8.476961866273152,914.8835608305218,27932.19700214133,3721.461,698.1859999999996,744.866,2278.409,1102.9029999999996,2618.558,29.636290693359403,3,2,0,0,1,37.366039707509074,33.478495298021784,41.25358411699637,1.0,0.2535841169963692,0.0,0.7464158830036308,2,0,0.0,1.0,0.0,1.0,0.0,0.7464158830036308,1.0,0.0,0.2535841169963692,0.2535841169963692,5,0,2021,8,27,3,0,1,0,1,0,1,GRAVE_MORTALIDAD,2
6,1,5,0,4,0,-13.168499603831062,-74.16305356948601,0,4,2,0,4,1,0,0,6543.555,2.0,4,4,1.0,14,33,1198.0,0.4029360717364783,70.89631435248674,62.87613652963484,6.326986520826699,561.891751781569,28550.05143125507,8439.627308789835,1368.6554555234886,1673.9441301968889,5397.027723069457,1669.1133025347983,6770.514006255036,19.754847364797325,6,1,0,0,5,31.651400705270174,31.651400705270174,31.651400705270174,1.0,0.0,0.0,0.0,1,0,0.0,0.5290499412274855,0.0,0.4709500587725145,0.0,0.4709500587725145,0.5290499412274855,0.0,0.0,0.0,14,1,2022,3,20,5,0,1,2,1,0,1,GRAVE_MORTALIDAD,2
6,1,7,0,4,1,-13.092577484030159,-72.3792030906638,1,4,2,0,2,2,2,2,3447.8009999999995,1.0,2,3,0.0,9,12,1109.0,0.4706944943299555,76.79406176595778,61.64424635983724,7.141255198110581,653.4175319142125,3282.6252676659524,17779.13499998999,2097.3709999899997,2863.123,12818.640999999989,2878.713,14900.421999989989,16.19152450331032,12,1,0,0,11,38.20195980525739,38.20195980525739,38.20195980525739,1.0,0.0,0.0,0.4922323151824083,1,0,0.0,0.0,0.0,0.0,0.0,0.5077676848175917,0.4922323151824083,0.0,0.0,0.0,5,0,2022,5,10,2,0,0,2,1,0,1,GRAVE_MORTALIDAD,2
2,2,1,0,3,3,-9.111694636277944,-77.91679528060529,0,3,7,1,2,1,1,1,6543.555,2.1950089804386157,3,3,1.0,11,32,1252.0174875814967,0.452280623858473,73.39691250264505,61.323218118627835,6.608845900683258,666.536079825021,21185.319173100583,10767.648,1885.0630000000003,1222.721,7659.864000000001,2100.343,8667.305000000002,19.506051832303577,4,2,0,0,1,31.096732523216517,18.510161647895085,43.21996407824554,0.8049910195613842,0.8049910195613842,0.0,0.0,2,0,0.1950089804386158,0.0,0.0,0.8049910195613842,0.8049910195613842,0.8049910195613842,0.0,0.8049910195613842,0.8049910195613842,1.0,17,1,2022,10,20,6,1,0,0,1,0,1,GRAVE_MORTALIDAD,2