CLASE SINIESTRO,CANTIDAD DE VEHICULOS DAÑADOS,DEPARTAMENTO,ZONA,TIPO DE VÍA,RED VIAL,COORDENADAS LATITUD,COORDENADAS  LONGITUD,CONDICIÓN CLIMÁTICA,ZONIFICACIÓN,CARACTERÍSTICAS DE VÍA,PERFIL LONGITUDINAL VÍA,SUPERFICIE DE CALZADA,¿EXISTE SEÑAL VERTICAL?,¿EXISTE SEÑAL HORIZONTAL?,CAUSA FACTOR PRINCIPAL,MTC_RVN_LONGITUD_KM,MTC_RVN_N_CARRILES_MEDIANA,MTC_RVN_SUPERFICIE_DOMINANTE,MTC_RVN_ESTADO_DOMINANTE,MTC_RVN_ES_CONCESIONADA,MTC_RVN_CONCESION_PRINCIPAL,MTC_RVN_CORREDOR_LOGISTICO,MTC_RVN_N_TRAMOS,IDH_2019,IDH_ESP_VIDA_2019,IDH_EDUC_SECUND_PCT_2019,IDH_ANIOS_EDUC_2019,IDH_INGRESO_PERCAP_2019,IDH_POBLACION_2019,MTC_DEP_RED_TOTAL_KM,MTC_DEP_NACIONAL_TOTAL_KM,MTC_DEP_DEPARTAMENTAL_TOTAL_KM,MTC_DEP_VECINAL_TOTAL_KM,MTC_DEP_PAV_TOTAL_KM,MTC_DEP_NO_PAV_TOTAL_KM,MTC_DEP_PCT_PAVIMENTADA,PER_TOTAL_PERSONAS,PER_N_CONDUCTORES,PER_N_CONDUCTORES_FUGADOS,PER_N_PEATONES,PER_N_PASAJEROS_OCUPANTES,PER_EDAD_COND_PROM,PER_EDAD_COND_MIN,PER_EDAD_COND_MAX,PER_ANY_COND_MASCULINO,PER_ANY_LIC_PROBLEMA,PER_ANY_DOSAJE_POS,PER_ANY_DOSAJE_EVALUADO,VEH_TOTAL,VEH_N_FUGADOS,VEH_ANY_FUGADO,VEH_ANY_CARGA,VEH_ANY_PUBLICO,VEH_ANY_PARTICULAR,VEH_ANY_MOTO,VEH_ANY_AUTO,VEH_ANY_CAMION_BUS,VEH_ANY_SOAT_PROBLEMA,VEH_ANY_CITV_PROBLEMA,VEH_ANY_SEGURO_PROBLEMA,HORA_NUM,FRANJA_HORARIA,ANIO,MES,DIA_MES,DIA_SEMANA,ES_FIN_SEMANA,ES_QUINCENA,REGION_NATURAL,TIENE_SEÑALIZACION,ES_VIA_MULTICARRIL,ES_DEPTO_BAJO_PAVIMENTO,CATEGORIA_SEVERIDAD,CATEGORIA_SEVERIDAD_ENC
7,2,3,0,4,0,-16.0602069920732,-71.62098083646937,2,4,7,1,2,1,1,0,6577.100186973372,2.0,3,2,1.0,12,32,1343.42510013347,0.5718928228362786,80.38885736090037,60.51098669329112,7.425721952983405,1066.8982733406615,2286.504902816865,10322.272,1495.236,1749.739,7077.2970000000005,2886.595,7435.677000000001,27.964725207783708,3,2,0,0,1,39.56651100989359,29.17488325742019,49.958138762366985,1.0,0.0,0.0,0.0,2,0,0.0,0.0,0.0,1.0,0.6520930618816506,0.3479069381183494,1.0,0.0,0.0,0.0,10,1,2023,4,5,5,1,0,0,1,0,1,GRAVE_MORTALIDAD,2
4,1,4,2,3,1,-8.267282343618762,-78.99234975924922,0,3,2,1,2,2,2,1,6543.555,2.7809193563860903,2,0,1.0,3,30,1414.314661718947,0.6486422796207042,78.66142636734094,74.68784413311478,10.773063762643257,1130.1813169366797,176199.65603484045,10372.908058188315,1862.5741528655335,1094.3999900192428,7415.933915303541,2125.3536844493956,8247.554373738922,20.643801266113897,4,1,0,0,2,44.646661335196626,40.742064553266175,48.55125811712708,1.0,1.0,0.21908064361390955,0.21908064361390955,1,0,0.0,0.0,0.0,0.21908064361390955,0.21908064361390955,0.7809193563860904,0.7809193563860904,0.0,1.0,0.7809193563860904,7,0,2022,10,18,3,0,0,0,1,0,1,GRAVE_MORTALIDAD,2
5,1,10,0,4,1,-11.233916872402325,-76.21696581957251,0,4,1,1,2,2,2,0,1268.256221361886,1.208536459110481,1,3,0.0,9,19,241.4305051018641,0.5817821567831193,70.91689504192821,77.44842259182317,9.98491685350064,1003.9598752312514,41915.90457153298,8606.189137761497,1515.673748925467,1722.5040756007932,5368.011313235236,1949.423282116549,6656.765855644947,22.628610179760962,3,1,0,0,2,43.95244268579605,43.95244268579605,43.95244268579605,1.0,1.0,0.0,0.20853645911048102,1,0,0.0,0.0,0.20853645911048102,1.0,1.0,0.20853645911048102,0.0,0.791463540889519,1.0,0.791463540889519,17,2,2024,1,14,0,0,0,1,1,0,1,GRAVE_MORTALIDAD,2
2,1,8,1,6,3,-12.541522976934301,-74.80707520476574,0,4,2,1,5,1,1,4,6543.555,2.0,4,4,1.0,14,33,1198.0,0.5078331356146476,72.3702739142501,70.21905356596491,8.697562140484726,736.4771166024528,26651.76698579654,12429.1972257606,1817.960829678747,1371.2859305238935,9239.950465557959,1945.0565595017442,10484.140666258854,15.596014891505959,3,1,0,1,1,40.323435248192894,40.323435248192894,40.323435248192894,1.0,0.0,0.0,1.0,1,0,0.0,0.6024698307034551,0.0,0.0,0.0,0.0,1.0,0.0,0.39753016929654494,0.0,13,3,2023,7,12,1,0,0,2,1,0,1,GRAVE_MORTALIDAD,2
3,1,16,1,2,3,-8.68907385319954,-78.75771884054424,0,3,3,1,2,2,2,1,6543.555,2.0,4,4,1.0,14,33,1198.0,0.6772985378791959,80.20958398880362,73.9445038791494,10.33744646422862,1300.1483464128924,158264.4975090408,8280.48923467186,1731.755175612676,1129.2368289399706,5419.497230119214,2010.0388732972276,6270.450361374634,24.23794624456621,2,2,0,0,0,47.18621732030422,33.67457873778521,60.697855902823235,1.0,0.0,0.48836141748098594,0.48836141748098594,2,0,0.0,0.48836141748098594,0.5116385825190141,0.48836141748098594,1.0,0.0,1.0,0.0,1.0,0.5116385825190141,17,3,2022,5,27,5,1,1,0,1,0,1,GRAVE_MORTALIDAD,2
5,1,7,0,4,1,-12.685246853836464,-72.8759480661624,4,4,0,0,6,1,1,4,3447.8009999999995,1.0,2,3,0.0,9,12,1109.0,0.4313531088004626,75.84378701644141,58.653285432357656,6.199218997571554,583.8644273702552,29115.405294317476,17779.13499998999,2097.3709999899997,2863.123,12818.640999999989,2878.713,14900.421999989989,16.19152450331032,6,1,0,0,5,48.084892854919076,47.90187142590289,48.26791428393526,1.0,0.0,0.0,0.0,1,0,0.0,0.0,0.9389928569946051,0.06100714300539489,0.06100714300539489,0.0,0.9389928569946051,0.0,1.0,0.06100714300539489,14,2,2021,3,19,4,0,1,2,0,0,1,GRAVE_MORTALIDAD,2
6,1,13,0,4,0,-15.137671072180773,-74.18599827155593,6,4,6,1,6,2,2,0,6543.555,2.0,4,4,1.0,14,33,1198.0,0.440419826371414,74.78224809348433,58.883125267369195,7.549493026229188,586.674032712303,1481.7928854631018,3413.2256282041026,678.7536455206312,670.7480013892173,2063.723981294254,1093.0588817479759,2320.1667464561265,32.71130290027797,3,1,0,0,2,51.0,51.0,51.0,0.28783129885160585,0.0,0.0,0.0,1,0,0.0,0.28783129885160585,0.0,0.7121687011483941,0.0,0.7121687011483941,0.28783129885160585,0.0,0.0,0.0,11,2,2021,9,11,2,0,0,0,1,0,1,GRAVE_MORTALIDAD,2
3,1,12,2,3,1,-8.089226039098971,-79.09390929463113,0,0,6,1,2,2,2,1,6543.555,2.9067285532218303,2,0,1.0,1,30,1449.1638092424469,0.583006771156836,78.2441938961209,62.24037484511178,8.807312392374042,1028.2282118265089,76607.295503212,8931.828000000005,1335.5899999999997,1935.9830000000004,5660.255000000005,1219.309,7712.519000000005,13.651281686122925,3,1,0,0,1,39.054292574938366,34.0672855322183,44.04129961765843,1.0,0.0,0.0,0.0,1,0,0.0,0.0,0.9067285532218301,1.0,0.0,1.0,0.9067285532218301,0.0,0.0932714467781699,0.0,3,0,2022,10,12,5,0,0,0,1,0,1,GRAVE_MORTALIDAD,2
3,1,7,0,4,1,-13.683361075278077,-71.60448472140061,0,4,0,1,2,1,1,2,3209.9145894871845,1.9638231608784738,1,0,0.9638231608784736,5,18,563.250560226764,0.46306708278136743,65.56503056053036,72.72221515644917,7.245302312322138,720.6156220932094,8024.990285266358,17779.13499998999,2097.3709999899997,2863.123,12818.640999999989,2878.713,14900.421999989989,16.19152450331032,3,1,0,0,0,29.33720422395313,16.325591552093737,42.348816895812526,1.0,1.0,0.0,0.9638231608784736,1,0,0.0,0.0,0.9638231608784736,1.0,1.0,0.0,0.9638231608784736,1.0,1.0,1.0,16,3,2024,10,7,2,0,0,2,1,0,1,GRAVE_MORTALIDAD,2
6,1,4,2,4,0,-15.78084977902275,-72.3599541541647,0,2,7,1,2,2,2,0,5777.936265409205,2.0,3,3,1.0,12,30,1057.2464876327574,0.64872573951724,77.80333040983072,77.57835143800435,10.465956459063513,1150.6749093066899,194758.74317041217,9958.101464061345,1520.6536258748629,1729.3883654902118,6708.059472696271,2741.8269056869276,7216.274558374417,27.40182142124736,4,1,0,0,3,37.6754007311288,34.215721316031846,40.27016029245152,0.1350801462257607,0.0,0.0,0.0,1,0,0.0,0.0,0.0,1.0,0.0,1.0,0.0,0.0,0.8649198537742393,0.0,14,3,2021,5,27,6,1,1,0,1,0,1,GRAVE_MORTALIDAD,2
3,2,7,1,4,1,-13.59159803859484,-71.78786753434493,1,0,7,1,2,0,1,2,7586.903,2.0,2,0,1.0,9,5,1198.0,0.5065580412535501,64.79370905469777,77.15417383818448,8.35812941450031,844.3117831870799,8658.316916488222,17779.13499998999,2097.3709999899997,2863.123,12818.640999999989,2878.713,14900.421999989989,16.19152450331032,3,2,0,0,1,48.55813360641453,45.44673770446694,51.669529508362125,1.0,0.0,0.0,0.15177540985110205,2,0,0.0,0.848224590148898,0.0,0.15177540985110205,0.15177540985110205,0.0,1.0,0.0,0.15177540985110205,0.15177540985110205,5,0,2023,3,16,0,0,0,2,1,0,1,GRAVE_MORTALIDAD,2
5,1,19,0,4,1,-15.701975827112527,-71.11698481118522,1,4,6,0,2,1,1,1,1665.1190003714164,1.889576618330492,1,0,0.8895766183304922,9,22,311.3067687228639,0.36776406606376466,69.6011605766881,59.798364519899536,6.540746918664765,417.31160046108005,2373.258465268771,2788.9501649729605,688.5843216698099,498.1446161836992,1602.2212271194512,1054.886820295946,1734.0633446770141,38.53653955730913,5,1,0,0,4,47.27605845417377,46.889576618330494,47.66254029001705,1.0,0.0,0.0,1.0,1,0,0.0,0.11042338166950783,0.0,1.0,0.0,0.8895766183304922,0.11042338166950783,0.0,0.0,0.0,12,3,2023,3,1,3,0,0,0,1,0,1,GRAVE_MORTALIDAD,2
3,1,7,1,4,1,-13.715809676579031,-71.36052671696665,0,3,0,0,2,1,1,1,3180.4021503463637,1.943928283476458,1,0,0.9439282834764579,5,18,561.7385495442109,0.27123150490061537,67.11536979642794,60.49095546152478,3.727948978034151,280.0081422159401,16022.8218552437,17779.13499998999,2097.3709999899997,2863.123,12818.640999999989,2878.713,14900.421999989989,16.19152450331032,3,1,0,0,1,34.663569700858744,23.336430299141252,45.99070910257624,1.0,0.9439282834764579,0.0,0.0,1,0,0.0,0.0,0.0,0.9439282834764579,0.9439282834764579,0.9439282834764579,0.05607171652354215,0.0,0.0,0.0,14,3,2021,5,18,4,0,1,2,1,0,1,GRAVE_MORTALIDAD,2
6,1,7,0,4,2,-14.813749976125816,-71.33580310738931,3,4,1,1,1,1,0,2,6543.555,2.0,4,4,1.0,14,33,1198.0,0.3298649609859878,67.19695888548651,62.93540115091474,4.898381429533731,378.72977475367094,1305.7294661375217,17779.13499998999,2097.3709999899997,2863.123,12818.640999999989,2878.713,14900.421999989989,16.19152450331032,3,1,0,0,2,30.259299783717793,30.259299783717793,30.259299783717793,1.0,0.0,0.0,0.0,1,0,0.0,0.0,0.0,1.0,0.0,0.23417096076509014,0.7658290392349099,0.0,0.23417096076509014,0.0,10,1,2022,3,21,1,0,1,2,1,0,1,GRAVE_MORTALIDAD,2
6,1,12,0,4,2,-7.958966949928531,-79.2187811633226,0,4,1,1,1,2,2,2,6543.555,2.0,4,4,1.0,14,33,1198.0,0.617560617070333,78.69230279231617,72.09691439206809,9.276191240409027,1088.051447189945,19520.584786473963,8931.828000000005,1335.5899999999997,1935.9830000000004,5660.255000000005,1219.309,7712.519000000005,13.651281686122925,5,1,0,0,4,36.94054583960063,32.96216553429131,39.924331068582624,0.00540492367266987,0.0,0.0,0.0,1,0,0.0,0.00540492367266987,0.0,0.9945950763273301,0.0,0.9945950763273301,0.00540492367266987,0.9945950763273301,0.9945950763273301,0.9945950763273301,19,2,2021,5,29,5,0,0,0,1,0,1,GRAVE_MORTALIDAD,2
3,1,7,1,4,1,-13.567906087832242,-71.83324335335936,6,3,6,1,1,1,1,2,7585.498370890012,2.0,2,0,1.0,9,5,1198.0,0.5194674799481019,77.87373582519211,69.44231004434192,8.370473261248042,726.8045054483483,6458.13600238412,17779.13499998999,2097.3709999899997,2863.123,12818.640999999989,2878.713,14900.421999989989,16.19152450331032,3,1,0,0,1,28.001346270956564,25.005385083826255,30.997307458086873,1.0,0.9986537290434363,0.0,0.0,1,0,0.0,0.0,0.0,1.0,0.0,1.0,0.0,0.0,0.9986537290434363,0.0,16,2,2021,5,15,5,0,0,2,1,0,1,GRAVE_MORTALIDAD,2
4,1,5,0,4,1,-7.1145483056931615,-78.49673958272096,2,4,3,0,2,1,0,0,5113.31321812501,1.6218992302125492,2,3,0.6218992302125492,12,32,1201.7810076978744,0.4873182795359782,74.24096566709692,64.6877883123536,6.6248391576573376,776.4319899416191,48280.91862955032,15935.565011852366,1733.9250000199986,935.692,13265.948011832368,2000.1670000199988,13935.398011832369,12.551591352627522,2,1,0,0,1,46.437984604250985,46.437984604250985,46.437984604250985,1.0,1.0,0.0,0.0,1,0,0.0,0.0,0.6218992302125492,0.3781007697874508,1.0,0.0,0.0,1.0,0.3781007697874508,0.3781007697874508,15,3,2021,7,20,3,0,0,2,1,0,1,GRAVE_MORTALIDAD,2
6,1,8,0,5,2,-11.66648289648605,-75.31286170436873,0,4,5,0,1,2,2,0,6543.555,2.0,4,4,1.0,14,33,1198.0,0.27120252704812187,76.86688561000801,53.31833759849796,4.695084160558887,208.516043515238,5586.154402388075,8571.70970034332,1429.6477581866936,1998.115103627,5143.946838529625,1784.899339042908,6786.8103613004105,20.873938647862573,6,1,0,0,5,22.72074444013071,22.72074444013071,22.72074444013071,1.0,0.8566046299891075,0.0,0.0,1,0,0.0,0.0,0.0,1.0,0.0,0.0,0.14339537001089253,0.0,0.8566046299891075,0.0,1,0,2021,6,14,0,0,0,1,1,0,1,GRAVE_MORTALIDAD,2
3,2,3,0,4,1,-16.575495732463658,-71.97338252534666,0,4,7,1,1,0,1,0,6638.202208173743,2.0,2,0,1.0,9,31,1608.3145925806323,0.6438419017032663,75.63171722988498,76.68227609976798,10.429712713296754,1177.5400994431022,21653.32149008572,10296.707098962166,1492.3007259500662,1753.1633086588822,7051.243064353217,2855.940042596632,7440.767056365533,27.701556200515594,4,2,0,0,2,40.99625406055405,36.742594009877635,48.52196030405847,1.0,1.0,0.0,0.0,2,0,0.0,1.0,0.0,0.9816138578484027,0.0,0.0,1.0,0.0,0.0,0.0,18,1,2023,3,12,1,0,0,0,1,0,1,GRAVE_MORTALIDAD,2
4,1,7,0,4,1,-13.335870301331145,-71.59458496774745,0,4,0,0,3,2,2,2,6543.555,2.0,4,4,1.0,14,33,1198.0,0.2466226927938573,59.50771953912937,42.678907967899015,3.991373779253808,285.51302601039464,12676.173447537472,17779.13499998999,2097.3709999899997,2863.123,12818.640999999989,2878.713,14900.421999989989,16.19152450331032,5,1,0,0,3,26.23509969303919,25.96713303774144,26.503066348336937,1.0,1.0,0.0,0.5359333105954953,1,0,0.0,0.0,0.0,0.5359333105954953,0.5359333105954953,0.0,1.0,0.5359333105954953,1.0,0.5359333105954953,14,1,2021,8,11,1,0,0,2,1,0,1,GRAVE_MORTALIDAD,2
5,1,4,0,4,1,-13.509398556233664,-74.08563939007244,0,4,4,0,1,2,2,5,6543.555,2.0,4,4,1.0,14,33,1198.0,0.34432481421231964,72.75952446200115,57.2210985632151,4.902193601519875,392.8826098714199,4489.314110745584,12655.149921163202,1806.2919060144657,1735.971163107073,9112.886852041664,2434.310689008572,10220.839232154629,19.224044162490692,19,1,0,0,17,30.288273717587145,30.25980466629063,30.316742768883657,1.0,1.0,0.0,0.9430618974069715,1,0,0.0,0.0,0.0,0.05693810259302845,0.05693810259302845,0.05693810259302845,0.9430618974069715,1.0,1.0,1.0,17,2,2023,1,14,6,1,0,2,1,0,1,GRAVE_MORTALIDAD,2
3,2,3,0,4,0,-16.20176146287767,-71.83590536815832,0,4,4,0,2,1,1,0,6608.752316587908,2.0,2,1,1.0,10,31,1480.6434176907837,0.6089906937054052,79.48241111505575,69.50860979717889,7.952676342986843,1163.4125180574113,2458.5609805769413,10322.272,1495.236,1749.739,7077.2970000000005,2886.595,7435.677000000001,27.964725207783708,3,2,0,0,1,46.28247602561794,39.9714587247073,54.17124765175623,1.0,0.6761804250975686,0.0,0.0,2,0,0.0,0.0,0.0,1.0,0.6761804250975686,1.0,0.6761804250975686,0.0,0.6761804250975686,0.6761804250975686,13,1,2022,9,23,5,1,0,0,1,0,1,GRAVE_MORTALIDAD,2
4,1,10,0,4,1,-10.161433776346382,-77.3457025515365,0,4,4,1,2,1,1,2,6897.103195442776,2.6611406784286964,2,0,1.0,3,21,1381.135967924749,0.4905309078938852,77.11015367149153,60.476533443408655,6.852135025217362,774.7903143295244,9921.305096188955,8789.370863492784,1372.7977700864935,1960.5614831715316,5456.011610234758,1443.0476442538845,7346.323219238899,16.508451204373685,5,1,0,0,3,33.40517118042695,28.77718643142607,38.03315592942782,1.0,0.0,0.0,0.3388593215713035,1,0,0.0,0.0,0.0,1.0,0.6611406784286965,0.3388593215713035,0.6611406784286965,0.0,0.6611406784286965,0.0,15,1,2022,8,12,4,0,0,0,1,0,1,GRAVE_MORTALIDAD,2
3,1,14,0,4,1,-12.658085685120106,-76.66065533516444,0,4,7,1,2,2,2,0,6606.44353274903,2.3477646468675593,2,0,1.0,5,30,1566.9651847916741,0.6936095979114811,78.87903540031878,79.08723507649492,10.073112465075669,1386.1192848019825,58295.676734953944,7626.313,1683.4029999999998,1599.0829999999996,4343.827000000001,1814.875,5811.438000000001,23.797541485643197,3,2,0,0,1,52.91411867981771,45.74023635638393,60.08800100325149,1.0,0.0,0.0,0.0,2,0,0.0,1.0,0.0,1.0,0.0,1.0,1.0,0.0,0.0,0.0,14,1,2023,6,23,2,0,1,0,1,0,1,GRAVE_MORTALIDAD,2
7,1,3,0,4,0,-15.702810546543384,-71.58727174151645,1,4,1,0,2,0,1,0,6543.555,2.0,4,4,1.0,14,33,1198.0,0.5325761945469989,81.34951653829121,50.97523181639888,6.867251361766504,964.6116839691138,2104.1584582441114,10322.272,1495.236,1749.739,7077.2970000000005,2886.595,7435.677000000001,27.964725207783708,3,1,0,0,2,25.761881140316845,23.502160207330334,28.021602073303356,1.0,0.7489198963348322,0.0,0.0,1,0,0.0,0.0,0.7489198963348322,0.25108010366516775,1.0,0.0,0.25108010366516775,0.7489198963348322,0.7489198963348322,0.7489198963348322,14,3,2022,3,16,5,1,0,0,1,0,1,GRAVE_MORTALIDAD,2
5,1,14,0,3,2,-14.305911716764314,-71.25348879019876,0,3,2,0,2,1,1,2,6543.555,2.0,4,4,1.0,14,33,1198.0,0.2559654896147648,67.96959451473386,57.42525203079792,5.2474860091714195,192.63601088333144,5614.272683677864,13305.4697612617,1945.3739782975522,2151.3346296134937,9208.761153350653,3024.367443919614,10281.102317342084,22.65303427807516,2,1,0,0,1,48.26913619707389,48.26913619707389,48.26913619707389,1.0,1.0,0.3495747511761357,0.3495747511761357,1,0,0.0,0.0,0.0,1.0,0.3495747511761357,0.0,0.6504252488238643,0.6504252488238643,0.6504252488238643,0.6504252488238643,13,1,2022,6,18,3,0,0,2,1,0,1,GRAVE_MORTALIDAD,2
6,1,4,0,4,1,-13.516258936831981,-74.70692418286953,0,4,0,0,2,2,2,2,1589.1073702166127,1.3629980771393262,1,3,0.7876660257131087,9,25,294.19127051988465,0.2967918256708543,76.91256306145975,41.590842225386986,4.742472225624439,327.51805455804526,3781.5598900159994,12678.733000000004,1805.074000000001,1774.0339999999994,9099.625000000004,2485.375000000001,10193.358000000002,19.602707936195205,4,1,0,0,3,54.05464871996705,54.05464871996705,54.05464871996705,1.0,0.7876660257131087,0.0,0.21233397428689127,1,0,0.0,0.0,0.0,1.0,0.0,0.0,1.0,1.0,0.21233397428689127,0.21233397428689127,3,0,2021,8,16,5,1,0,2,1,0,1,GRAVE_MORTALIDAD,2
4,1,3,0,4,1,-15.991316010771143,-73.92937536621918,0,4,7,0,2,1,1,1,6639.975,2.0,2,0,1.0,9,31,1616.0,0.6540995726264349,83.21350412925874,69.4331743451898,9.571237552440303,1190.2313976831545,9031.446493287132,10322.272,1495.236,1749.739,7077.2970000000005,2886.595,7435.677000000001,27.964725207783708,3,2,0,0,1,31.267955518538667,30.413903623500442,32.12200741357689,1.0,0.0,0.0,0.0,2,0,0.0,0.877992586423111,0.0,1.0,0.0,1.0,0.877992586423111,0.0,0.877992586423111,0.0,18,2,2021,5,28,4,0,1,0,1,0,1,GRAVE_MORTALIDAD,2
6,1,4,0,4,2,-13.59237688959867,-73.99962009543042,0,4,5,0,1,2,2,5,6543.555,2.0,4,4,1.0,14,33,1198.0,0.3421303129037229,72.39648922503245,57.24566465371133,4.840736605673273,391.92760189695207,4498.248394004282,12678.733000000004,1805.074000000001,1774.0339999999994,9099.625000000004,2485.375000000001,10193.358000000002,19.602707936195205,15,1,0,0,14,37.31244957003721,37.31244957003721,37.31244957003721,1.0,1.0,0.0,1.0,1,0,0.0,0.0,0.0,0.0,0.0,0.0,1.0,1.0,1.0,0.2986167144403099,8,0,2023,7,17,3,0,0,2,1,0,1,GRAVE_MORTALIDAD,2
3,1,18,0,3,1,-5.472336038730834,-80.18804010824212,0,3,1,0,2,0,1,1,1899.4255402967299,2.0,2,0,1.0,2,21,280.41124570255386,0.47871907126688673,74.65582184099796,61.241523304509634,6.847046445105723,738.9267641572823,75992.6745861702,8961.986970336955,1731.7241472731864,784.3541466873654,6445.9086763764035,2101.609152634643,6860.377817702312,23.44604133997416,4,1,0,0,3,39.18494692633733,38.298387743441246,40.07150610923342,1.0,0.8865591828960833,0.0,0.8865591828960833,1,0,0.0,0.8865591828960833,0.0,1.0,0.0,1.0,0.8865591828960833,0.0,1.0,0.0,6,0,2021,5,17,1,0,0,0,1,0,1,GRAVE_MORTALIDAD,2
5,1,18,0,4,1,-5.1230798256637655,-80.87284995095969,0,4,7,1,2,2,2,0,246.41912426493667,2.0,2,0,1.0,1,20,18.25344407567286,0.542498646189339,81.12503011981143,68.09313645564269,7.2944659438188655,854.7164280970819,12634.141989304035,8965.74085785779,1781.0309709283467,641.0108848722689,6543.699002057175,2211.4290667630657,6754.311791094725,24.66519523095156,2,1,0,0,1,36.983000702241455,32.9721829673042,39.99690921858936,1.0,0.0,0.0,0.9969092185893553,1,0,0.0,0.003090781410644672,0.003090781410644672,0.9969092185893553,0.9969092185893553,0.0,0.003090781410644672,0.9969092185893553,0.003090781410644672,0.9969092185893553,10,1,2021,3,9,1,0,0,0,1,0,1,GRAVE_MORTALIDAD,2
5,1,12,0,4,1,-7.449836821058951,-79.49250059498723,0,4,8,0,2,2,2,2,6543.555,3.0,2,0,1.0,0,30,1475.0,0.6138517538553948,80.84826225715301,64.49339622566798,9.143362084626023,1095.689060330069,16852.97430406852,8931.828000000005,1335.5899999999997,1935.9830000000004,5660.255000000005,1219.309,7712.519000000005,13.651281686122925,24,1,0,0,22,41.305754001917045,37.8813091804461,43.75178601725344,1.0,0.18345240115022932,0.0,0.0,1,0,0.0,0.18345240115022932,0.8165475988497707,0.0,0.0,0.0,1.0,0.0,0.18345240115022932,0.0,11,1,2021,9,18,4,0,1,0,1,1,1,GRAVE_MORTALIDAD,2
8,1,2,0,4,0,-13.58178622120653,-73.46484275891754,1,4,2,1,2,2,2,3,6543.555,2.0,4,4,1.0,14,33,1198.0,0.241310185459975,70.83483413046108,58.5191389199668,4.887115219495449,162.12128067173168,8997.351177730192,8358.971,1282.451,1298.0969999999998,5778.423,1432.683,6926.288,17.139466089785454,3,1,0,0,2,41.40585813724354,41.40585813724354,41.40585813724354,1.0,0.0,0.0,0.0,1,0,0.0,0.0,0.0,1.0,0.0,1.0,0.0,0.0,0.0,0.0,7,1,2022,6,10,4,0,0,2,1,0,1,GRAVE_MORTALIDAD,2
6,1,12,0,4,0,-7.739845823927272,-77.73226348154817,1,4,7,1,4,2,2,2,6543.555,2.0,4,4,1.0,14,33,1198.0,0.21602023799264838,81.52125759433794,26.90384219379668,3.7836058711745424,174.02579167502338,3206.825549783496,8931.828000000005,1335.5899999999997,1935.9830000000004,5660.255000000005,1219.309,7712.519000000005,13.651281686122925,3,1,0,0,2,42.59525771457339,42.59525771457339,42.59525771457339,1.0,0.0,0.0,0.0,1,0,0.0,1.0,0.0,0.0,0.0,0.0,1.0,0.0,0.4113745714125894,0.0,4,0,2021,2,16,3,0,0,0,1,0,1,GRAVE_MORTALIDAD,2
3,1,11,0,4,1,-11.785653725032748,-75.67383499875761,0,4,0,0,2,2,2,2,7586.903,2.0,2,0,1.0,9,5,1198.0,0.4545643050211295,68.73444804749025,55.05670880126828,7.076811092931955,737.237129067086,1424.8051391862955,12264.545,1826.4639999999995,1105.5389999999998,9332.542,1588.5359999999996,10676.009,12.952261987705208,4,1,0,0,2,39.02218275849067,32.90688771533034,45.137477801651,1.0,0.8736135775943329,0.0,1.0,1,0,0.0,0.0,0.8736135775943329,1.0,0.0,0.8736135775943329,1.0,0.0,0.8736135775943329,0.0,4,0,2022,11,10,4,0,0,2,1,0,1,GRAVE_MORTALIDAD,2
0,1,14,1,4,1,-11.847639218138108,-77.11316153320703,0,3,7,1,2,2,2,0,6543.555,2.9721560924225865,2,0,1.0,0,30,1467.2872376010564,0.7269986706446739,80.21680779654518,75.04958050568783,10.619775495181123,1544.2804201815864,156845.57896330167,7663.610833050566,1686.1597974470026,1572.2947384905688,4405.156297112995,1826.0022607868323,5837.6085722637345,23.822651146163384,2,1,0,1,0,58.44312184845173,58.081151049945355,58.80509264695811,1.0,0.0,0.027843907577413396,0.027843907577413396,1,0,0.0,1.0,0.0,0.027843907577413396,0.027843907577413396,0.0,1.0,0.0,0.027843907577413396,0.0,4,0,2023,8,6,1,0,0,0,1,0,1,GRAVE_MORTALIDAD,2