CLASE SINIESTRO,CANTIDAD DE VEHICULOS DAÑADOS,DEPARTAMENTO,ZONA,TIPO DE VÍA,RED VIAL,COORDENADAS LATITUD,COORDENADAS  LONGITUD,CONDICIÓN CLIMÁTICA,ZONIFICACIÓN,CARACTERÍSTICAS DE VÍA,PERFIL LONGITUDINAL VÍA,SUPERFICIE DE CALZADA,¿EXISTE SEÑAL VERTICAL?,¿EXISTE SEÑAL HORIZONTAL?,CAUSA FACTOR PRINCIPAL,MTC_RVN_LONGITUD_KM,MTC_RVN_N_CARRILES_MEDIANA,MTC_RVN_SUPERFICIE_DOMINANTE,MTC_RVN_ESTADO_DOMINANTE,MTC_RVN_ES_CONCESIONADA,MTC_RVN_CONCESION_PRINCIPAL,MTC_RVN_CORREDOR_LOGISTICO,MTC_RVN_N_TRAMOS,IDH_2019,IDH_ESP_VIDA_2019,IDH_EDUC_SECUND_PCT_2019,IDH_ANIOS_EDUC_2019,IDH_INGRESO_PERCAP_2019,IDH_POBLACION_2019,MTC_DEP_RED_TOTAL_KM,MTC_DEP_NACIONAL_TOTAL_KM,MTC_DEP_DEPARTAMENTAL_TOTAL_KM,MTC_DEP_VECINAL_TOTAL_KM,MTC_DEP_PAV_TOTAL_KM,MTC_DEP_NO_PAV_TOTAL_KM,MTC_DEP_PCT_PAVIMENTADA,PER_TOTAL_PERSONAS,PER_N_CONDUCTORES,PER_N_CONDUCTORES_FUGADOS,PER_N_PEATONES,PER_N_PASAJEROS_OCUPANTES,PER_EDAD_COND_PROM,PER_EDAD_COND_MIN,PER_EDAD_COND_MAX,PER_ANY_COND_MASCULINO,PER_ANY_LIC_PROBLEMA,PER_ANY_DOSAJE_POS,PER_ANY_DOSAJE_EVALUADO,VEH_TOTAL,VEH_N_FUGADOS,VEH_ANY_FUGADO,VEH_ANY_CARGA,VEH_ANY_PUBLICO,VEH_ANY_PARTICULAR,VEH_ANY_MOTO,VEH_ANY_AUTO,VEH_ANY_CAMION_BUS,VEH_ANY_SOAT_PROBLEMA,VEH_ANY_CITV_PROBLEMA,VEH_ANY_SEGURO_PROBLEMA,HORA_NUM,FRANJA_HORARIA,ANIO,MES,DIA_MES,DIA_SEMANA,ES_FIN_SEMANA,ES_QUINCENA,REGION_NATURAL,TIENE_SEÑALIZACION,ES_VIA_MULTICARRIL,ES_DEPTO_BAJO_PAVIMENTO,CATEGORIA_SEVERIDAD,CATEGORIA_SEVERIDAD_ENC
3,2,7,1,4,1,-13.646076469527,-71.30748346662051,0,3,2,1,2,1,1,2,3263.58,2.0,2,0,1.0,5,18,566.0,0.2701433460922377,67.03086854576458,59.596346222865,3.690268129191559,281.2948228692088,16118.58886509636,17779.13499998999,2097.3709999899997,2863.123,12818.640999999989,2878.713,14900.421999989989,16.19152450331032,4,2,0,0,2,33.490929129171334,26.018141741657335,40.96371651668533,1.0,0.6227322822928333,0.0,0.0,2,0,0.0,0.0,0.0,1.0,0.6227322822928333,1.0,0.3772677177071667,0.0,0.3772677177071667,0.0,11,2,2022,7,12,4,0,0,2,1,0,1,GRAVE_MORTALIDAD,2
6,1,2,0,4,0,-14.205754610442083,-73.12182996299504,1,4,4,0,1,2,2,1,6543.555,2.0,4,4,1.0,14,33,1198.0,0.34552974162240946,63.616527790443854,73.41998239737745,6.384643958648498,360.5805049032718,1010.8050553695289,8358.971,1282.451,1298.0969999999998,5778.423,1432.683,6926.288,17.139466089785454,2,1,0,0,1,33.80675756378913,33.80675756378913,33.80675756378913,1.0,0.0,0.0,0.0,1,0,0.0,0.0,0.0,1.0,0.0,0.8067575637891261,0.1932424362108739,0.0,0.0,0.0,18,2,2021,2,7,0,0,0,2,1,0,1,GRAVE_MORTALIDAD,2
9,1,3,0,4,0,-15.823669890620788,-71.46248374554514,3,4,5,0,2,1,1,0,6543.555,2.0,4,4,1.0,14,33,1198.0,0.5325761945469989,81.34951653829121,50.97523181639888,6.867251361766504,964.6116839691138,2104.1584582441114,10322.272,1495.236,1749.739,7077.2970000000005,2886.595,7435.677000000001,27.964725207783708,2,1,0,0,1,35.263874707946044,27.685733754385353,42.84201566150674,1.0,0.0,0.0,0.0,1,0,0.0,0.0,0.0,1.0,0.842015661506744,0.157984338493256,0.842015661506744,0.0,0.0,0.0,12,2,2023,4,7,5,1,0,0,1,0,1,GRAVE_MORTALIDAD,2
6,1,11,0,4,1,-13.568393479050238,-71.83658872505421,2,4,3,0,2,1,0,3,2634.447623690815,1.4827134730769345,1,1,0.0,9,21,807.7867927999929,0.24213853411164937,76.2940036630982,49.71861843169394,3.8583943627091593,242.16524775370425,3752.53369245722,13143.866048387474,1909.197709710061,2054.0478796028874,9180.620459074526,2885.388552728976,10258.477495658497,21.8665093878908,3,1,0,0,2,36.24201137692292,36.24201137692292,36.24201137692292,1.0,0.48271347307693446,0.48271347307693446,1.0,1,0,0.0,0.0,0.0,0.48271347307693446,0.0,0.48271347307693446,0.5172865269230655,0.48271347307693446,1.0,0.48271347307693446,11,1,2022,6,15,2,0,0,2,1,0,1,GRAVE_MORTALIDAD,2
4,1,20,0,4,1,-15.399648085745772,-70.56490078220078,0,4,1,1,2,2,2,2,1561.7035118565977,2.0,2,0,1.0,6,24,278.6100260461768,0.43481383602550416,76.2168537977124,67.0384530875577,6.753699165996763,536.1679270982368,7301.103046254886,13642.312999999998,2020.7790000000005,2354.117,9267.416999999998,3314.0520000000006,10328.260999999997,24.29244952817019,3,1,0,0,1,42.222544532817615,42.222544532817615,42.222544532817615,1.0,0.0,0.0,0.22254453281761444,1,0,0.0,0.0,0.7774554671823856,0.22254453281761444,0.0,0.0,1.0,0.7774554671823856,0.7774554671823856,0.7774554671823856,5,0,2022,11,18,0,0,0,2,1,0,1,GRAVE_MORTALIDAD,2
6,1,3,0,4,0,-15.650613491547197,-71.64197731892473,2,2,0,0,2,0,1,0,6543.555,2.0,4,4,1.0,14,33,1198.0,0.5325761945469989,81.34951653829121,50.97523181639888,6.867251361766504,964.6116839691138,2104.1584582441114,10322.272,1495.236,1749.739,7077.2970000000005,2886.595,7435.677000000001,27.964725207783708,3,1,0,0,2,22.018541400465633,22.018541400465633,22.018541400465633,1.0,0.6728471334885447,0.0,0.0,1,0,0.0,0.0,0.6728471334885447,0.32715286651145525,1.0,0.0,0.0,0.6728471334885447,0.6728471334885447,0.6728471334885447,12,2,2022,5,19,5,0,1,0,1,0,1,GRAVE_MORTALIDAD,2
6,1,12,0,4,0,-7.752648825285059,-77.76087621196805,0,4,7,1,2,2,2,1,6543.555,2.0,4,4,1.0,14,33,1198.0,0.23982065131918368,79.85803184265262,35.19252320824775,4.299515046999156,190.1694378038065,2648.248755649475,8931.828000000005,1335.5899999999997,1935.9830000000004,5660.255000000005,1219.309,7712.519000000005,13.651281686122925,2,1,0,0,1,37.514909450017335,37.514909450017335,37.514909450017335,1.0,0.0,0.0,0.0,1,0,0.0,0.7242545274991332,0.0,0.2757454725008668,0.0,0.2757454725008668,0.7242545274991332,0.0,0.7242545274991332,0.0,6,0,2021,3,22,5,0,0,0,1,0,1,GRAVE_MORTALIDAD,2
6,1,5,0,4,2,-6.029679572251169,-79.0673430861806,0,4,0,0,1,2,2,1,6543.555,2.0,4,4,1.0,14,33,1198.0,0.3524483364081819,72.3642708190358,46.82077981378885,5.493289287572139,432.4376075413301,8478.014866991387,15935.565011852366,1733.9250000199986,935.692,13265.948011832368,2000.1670000199988,13935.398011832369,12.551591352627522,3,1,0,0,2,54.75903481723651,52.78863879634925,56.23683183290195,0.5074009947781859,0.5074009947781859,0.0,0.5074009947781859,1,0,0.0,1.0,0.0,0.0,0.0,0.0,0.5074009947781859,0.0,0.4925990052218141,0.0,12,3,2022,7,19,3,0,1,2,1,0,1,GRAVE_MORTALIDAD,2
3,2,6,0,4,2,-11.017826660579217,-74.25930112327369,0,4,0,0,1,1,1,2,6543.555,2.0,4,4,1.0,14,33,1198.0,0.30210306127618314,64.4913958699568,47.42824440018705,4.467015215604407,385.8301149716659,13193.101358088854,17103.303886296777,1964.135963345037,2156.5494239066234,12982.618499045115,2556.648350750091,14546.655535546684,14.85716774396652,5,2,0,0,3,32.133411740242124,26.501176103631906,37.76564737685235,1.0,1.0,0.0,1.0,2,0,0.0,0.0,0.0,1.0,0.6334117402421271,0.3665882597578729,0.6334117402421271,0.6334117402421271,1.0,0.6334117402421271,10,1,2022,9,21,4,0,1,2,1,0,1,GRAVE_MORTALIDAD,2
6,1,16,0,4,1,-15.767144583493629,-70.22129522248075,0,4,5,0,1,0,1,2,7383.998850877752,2.0,2,0,1.0,9,10,1198.0,0.29112409909880704,72.36343811614113,63.41854768151734,5.461390783346314,229.9270578105054,14136.22553132092,13454.921659803616,1978.829967187924,2241.3058885249397,9234.785804090752,3152.895797484467,10302.02586231915,23.380416316506487,3,1,0,0,2,28.055259135760572,28.055259135760572,28.055259135760572,0.19447408642394304,1.0,0.19447408642394304,0.19447408642394304,1,0,0.0,0.0,0.0,1.0,0.19447408642394304,0.805525913576057,0.0,0.19447408642394304,1.0,0.19447408642394304,8,0,2022,1,13,5,0,0,2,1,0,1,GRAVE_MORTALIDAD,2
7,1,3,0,4,0,-15.73158468982639,-71.55855706943078,1,4,2,0,2,0,1,0,6543.555,2.0,4,4,1.0,14,33,1198.0,0.5325761945469989,81.34951653829121,50.97523181639888,6.867251361766504,964.6116839691138,2104.1584582441114,10322.272,1495.236,1749.739,7077.2970000000005,2886.595,7435.677000000001,27.964725207783708,2,1,0,0,1,38.81692659554382,35.23596901553061,42.397884175557024,1.0,0.0,0.0,0.0,1,0,0.0,0.0,0.0,1.0,0.39788417555702305,0.602115824442977,0.39788417555702305,0.0,0.0,0.0,6,1,2023,6,10,5,1,0,0,1,0,1,GRAVE_MORTALIDAD,2
5,1,14,0,4,1,-12.253755669958455,-76.92555141564007,0,2,7,1,2,2,2,0,6639.975,2.0,2,0,1.0,9,31,1616.0,0.6909236767275176,78.41626133969348,70.97436336767564,9.826485374940413,1476.8351947609171,95908.53319057816,7626.313,1683.4029999999998,1599.0829999999996,4343.827000000001,1814.875,5811.438000000001,23.797541485643197,10,1,0,0,9,26.970105495662082,26.970105495662082,26.970105495662082,1.0,0.0,0.0,0.0,1,0,0.0,0.0,0.0,1.0,0.0,0.0,1.0,0.0,0.8059789008675837,0.0,6,1,2023,11,15,2,0,0,0,1,0,1,GRAVE_MORTALIDAD,2
4,1,20,0,4,1,-14.340689573121484,-69.26527455572965,0,4,4,0,4,2,2,2,1762.84,2.0,1,0,0.0,9,32,485.0,0.5816863430092448,70.73164154075151,71.5405366278759,8.377389132682708,1224.0698253386363,27276.776865022777,13642.312999999998,2020.7790000000005,2354.117,9267.416999999998,3314.0520000000006,10328.260999999997,24.29244952817019,3,1,0,0,1,27.77605052836719,25.328151585101566,30.22394947163281,1.0,1.0,0.0,0.5920168427890629,1,0,0.0,0.0,0.0,1.0,0.40798315721093714,0.0,1.0,0.5920168427890629,1.0,0.40798315721093714,16,2,2021,5,7,6,1,0,2,1,0,1,GRAVE_MORTALIDAD,2
0,1,9,1,7,3,-12.288301753839741,-75.0297440860469,0,4,0,0,6,2,2,3,6716.6475019752115,2.0,3,3,1.0,13,28,1198.0,0.499113829091951,71.833349088799,70.89668887903483,8.603816179443498,709.4607591479913,26284.94379528041,12333.259213482088,1822.9153770887085,1216.4430052867485,9293.90083110663,1737.3225087956714,10595.936704686415,14.055577783082244,3,1,0,1,0,28.0,28.0,28.0,1.0,0.0,0.0,0.8340989756292138,1,0,0.0,1.0,0.16590102437078624,0.0,0.0,0.16590102437078624,1.0,0.0,0.0,0.0,12,3,2022,7,15,0,0,0,2,1,0,1,GRAVE_MORTALIDAD,2
5,1,1,0,4,1,-10.467408532883763,-77.91716246480534,0,4,6,1,2,1,1,5,6543.555,3.0,2,0,1.0,0,30,1475.0,0.594329796273136,79.51274210494626,67.23963656911357,9.093808711905876,1004.1856289962402,25729.80728051392,10767.648,1885.0630000000003,1222.721,7659.864000000001,2100.343,8667.305000000002,19.506051832303577,6,1,0,0,5,24.197473257796677,23.95063168555083,24.444314830042522,1.0,0.0,0.0,1.0,1,0,0.0,0.024684157224584613,0.0,1.0,0.024684157224584613,0.9753158427754154,0.024684157224584613,0.0,1.0,0.0,13,2,2022,2,25,4,0,1,0,1,1,1,GRAVE_MORTALIDAD,2
6,1,7,0,4,2,-13.552646144079727,-71.83405906972304,0,4,0,0,3,2,2,2,6543.555,2.0,4,4,1.0,14,33,1198.0,0.20339845538362472,67.85005588701117,42.879544548351035,3.8388025751012327,173.51633919722434,5513.00666874738,17779.13499998999,2097.3709999899997,2863.123,12818.640999999989,2878.713,14900.421999989989,16.19152450331032,4,1,0,0,3,40.823478397605086,40.823478397605086,40.823478397605086,1.0,0.36275360039915205,0.0,0.637246399600848,1,0,0.0,0.0,0.0,1.0,0.0,0.36275360039915205,0.637246399600848,0.0,0.0,0.0,9,1,2023,7,26,3,0,1,2,1,0,1,GRAVE_MORTALIDAD,2
4,1,3,0,4,1,-16.085544697119563,-71.59323329227979,0,4,3,0,2,0,1,0,1504.4250000000002,2.0,2,0,1.0,7,25,241.0,0.6005060748875158,78.21704200773246,77.40211893847457,8.994742794352394,996.014120858737,33335.45824411135,10322.272,1495.236,1749.739,7077.2970000000005,2886.595,7435.677000000001,27.964725207783708,8,1,0,0,7,56.05241382281346,52.22553952473909,59.87928812088784,1.0,0.0,0.0,0.5466963282963399,1,0,0.0,0.5466963282963399,0.0,0.45330367170366015,0.0,0.45330367170366015,0.5466963282963399,0.0,0.0,0.0,7,0,2024,4,18,5,1,0,0,1,0,1,GRAVE_MORTALIDAD,2
6,1,5,0,4,2,-5.784219719148197,-79.08209833777286,0,4,0,1,1,2,2,1,6543.555,2.0,4,4,1.0,14,33,1198.0,0.3369571958882021,74.28046994501517,42.94986168775278,5.363576512604573,387.67805109447653,8962.077244177837,15935.565011852366,1733.9250000199986,935.692,13265.948011832368,2000.1670000199988,13935.398011832369,12.551591352627522,2,1,0,0,1,66.39371232712209,65.75299373593604,66.87425127051162,0.8398203522034884,0.8398203522034884,0.0,0.8398203522034884,1,0,0.0,0.8398203522034884,0.0,0.16017964779651161,0.0,0.0,1.0,0.0,0.16017964779651161,0.0,13,2,2022,7,17,4,0,0,2,1,0,1,GRAVE_MORTALIDAD,2
3,2,3,0,4,1,-16.087886664456935,-71.5885530250036,0,3,0,0,2,1,1,0,1504.4250000000002,2.0,2,0,1.0,7,25,241.0,0.6005060748875158,78.21704200773246,77.40211893847457,8.994742794352394,996.014120858737,33335.45824411135,10322.272,1495.236,1749.739,7077.2970000000005,2886.595,7435.677000000001,27.964725207783708,5,2,0,0,3,37.1713430790884,32.85262887873778,41.490057279439014,1.0,0.1274856801402462,0.0,0.8725143198597538,2,0,0.0,1.0,0.0,1.0,0.0,1.0,1.0,0.0,0.0,0.0,8,0,2022,8,8,1,0,0,0,1,0,1,GRAVE_MORTALIDAD,2
6,1,2,0,3,2,-13.739026855314906,-73.37435255525246,2,3,1,0,5,1,1,0,6543.555,2.0,4,4,1.0,14,33,1198.0,0.5375016948488331,77.32552055786327,69.51678677799856,8.146353946385684,847.3883993902385,27760.859613187164,8358.971,1282.451,1298.0969999999998,5778.423,1432.683,6926.288,17.139466089785454,4,1,0,0,3,33.60453964903874,33.60453964903874,33.60453964903874,1.0,0.19979365231642088,0.0,0.0,1,0,0.0,0.0,0.0,1.0,0.0,1.0,0.0,0.0,0.0,0.0,15,1,2024,2,13,4,0,0,2,1,0,1,GRAVE_MORTALIDAD,2
6,1,1,0,4,1,-8.562965915328567,-77.6307181651108,4,4,6,0,1,1,1,0,1703.219,1.0,0,3,0.0,9,28,247.0,0.2653304700736446,73.7161536495516,46.5245850769149,4.784772187840931,256.6869440631772,2909.2618077810857,10767.648,1885.0630000000003,1222.721,7659.864000000001,2100.343,8667.305000000002,19.506051832303577,24,1,0,0,23,44.04106332247059,44.04106332247059,44.04106332247059,1.0,0.0,0.0,0.0,1,0,0.0,0.0,0.863009046067227,0.0,0.0,0.0,1.0,0.863009046067227,0.0,0.0,15,3,2022,4,13,5,1,0,0,1,0,1,GRAVE_MORTALIDAD,2
5,1,20,0,4,1,-16.776658374866113,-69.81747036761921,0,4,5,1,2,2,2,2,1470.364003817335,1.849312512999166,1,0,0.8493125129991662,9,22,196.38350031198,0.3367238884705214,79.36896456880557,60.06171049206615,6.384918376891411,270.8405155620205,5778.8501070663815,13642.312999999998,2020.7790000000005,2354.117,9267.416999999998,3314.0520000000006,10328.260999999997,24.29244952817019,7,1,0,0,6,30.24656256499583,28.739687694987495,31.75343743500417,0.1506874870008338,1.0,0.0,0.0,1,0,0.0,0.1506874870008338,0.0,1.0,0.1506874870008338,0.8493125129991662,0.1506874870008338,0.1506874870008338,0.0,0.1506874870008338,10,1,2022,9,26,4,0,0,2,1,0,1,GRAVE_MORTALIDAD,2
6,1,12,0,4,2,-7.711047451410659,-77.92970604464382,0,4,1,0,1,2,2,0,6543.555,2.0,4,4,1.0,14,33,1198.0,0.14307714162131543,77.74720087864026,34.614022227205034,2.296673293629009,113.09322598895542,13818.339180822792,8931.828000000005,1335.5899999999997,1935.9830000000004,5660.255000000005,1219.309,7712.519000000005,13.651281686122925,7,1,0,0,6,26.038839764870467,26.038839764870467,26.038839764870467,1.0,0.0,0.0,0.0,1,0,0.0,0.14840568069578097,0.0,0.851594319304219,0.0,0.0,1.0,0.0,0.851594319304219,0.0,4,0,2022,3,6,4,0,0,0,1,0,1,GRAVE_MORTALIDAD,2
6,1,3,0,4,1,-16.053574473491967,-71.8972476063876,0,4,0,0,6,2,2,0,6544.379046988598,2.0,3,3,1.0,13,32,1201.5724086417129,0.46375498283036787,77.57057255817216,62.77529884672232,6.23627680126094,669.0173220882245,955.6889477432558,10322.272,1495.236,1749.739,7077.2970000000005,2886.595,7435.677000000001,27.964725207783708,6,1,0,0,5,44.965814271371165,44.965814271371165,44.965814271371165,0.008546432157207962,0.0,0.0,0.991453567842792,1,0,0.0,0.008546432157207962,0.0,0.991453567842792,0.0,0.991453567842792,0.008546432157207962,0.0,0.991453567842792,0.0,9,1,2022,10,17,4,0,1,0,1,0,1,GRAVE_MORTALIDAD,2
6,1,15,0,4,1,-14.138330021392727,-70.93986922395433,0,4,5,0,2,2,2,2,1740.097966878921,2.0,1,0,0.27316116895176246,9,29,438.56260127820036,0.32473579213234816,76.0428824452495,58.22121043121053,5.396977572233863,297.98692276908776,3989.256553486379,13379.10036082146,1961.8567700512606,2195.6608496309545,9221.582741139246,3087.689621996561,10291.4107388249,23.011394232824607,2,1,0,0,1,37.467996237504636,37.467996237504636,37.467996237504636,1.0,1.0,0.7268388310482375,0.7268388310482375,1,0,0.0,0.0,0.0,1.0,0.0,0.7268388310482375,0.27316116895176246,1.0,0.7268388310482375,0.7268388310482375,2,0,2021,5,7,3,0,0,2,1,0,1,GRAVE_MORTALIDAD,2
6,1,7,0,4,1,-14.049372842786456,-73.42882279901862,0,4,0,0,2,1,0,2,1647.197141721024,2.0,2,2,1.0,9,23,290.2485134098736,0.20345716407231346,70.63387906418956,47.152378082089584,4.098741831943705,143.12001306785714,16609.05501027983,12886.12462998708,1851.5002557819419,1898.885448657915,9135.738925547224,2663.731414374315,10222.393215612765,20.61208251119457,27,1,0,0,26,51.92384840912494,51.92384840912494,51.92384840912494,1.0,0.0,0.0,0.784769681824988,1,0,0.0,0.0,0.784769681824988,0.21523031817501204,0.0,0.21523031817501204,0.784769681824988,0.0,0.0,0.0,8,0,2023,5,14,2,0,0,2,1,0,1,GRAVE_MORTALIDAD,2
3,1,12,0,3,1,-7.366800963198401,-79.48574238452834,0,4,7,1,2,2,2,0,6543.555,2.9944152675588733,2,0,1.0,0,30,1473.453029113808,0.536010245723819,83.20450332741567,65.53714086885343,6.893904412797626,843.0277877731038,12591.987420360101,8924.537048027127,1337.5324425445451,1934.1015036405847,5652.903101841997,1222.635076761032,7701.901971266096,13.707945832381403,3,2,0,0,1,29.036300760867324,27.03350839464676,31.039093127087888,1.0,0.005584732441126561,0.0,0.0,2,0,0.0,0.005584732441126561,0.005584732441126561,0.9944152675588734,1.0,0.9944152675588734,0.005584732441126561,0.0,0.005584732441126561,1.0,22,1,2022,9,30,1,0,0,0,1,0,1,GRAVE_MORTALIDAD,2
6,1,20,0,4,2,-15.428516244897903,-69.91945816724663,0,4,4,1,2,2,2,2,6543.555,2.0,4,4,1.0,14,33,1198.0,0.29502289850975966,68.37219268992146,67.35749996542572,6.087857622715422,231.35262167671226,5155.977892499672,13642.312999999998,2020.7790000000005,2354.117,9267.416999999998,3314.0520000000006,10328.260999999997,24.29244952817019,2,1,0,0,1,40.99171248001407,40.99171248001407,40.99171248001407,1.0,0.39451874947405463,0.0,0.0,1,0,0.0,0.0,0.0,1.0,0.0,0.6054812505259454,0.39451874947405463,0.39451874947405463,0.39451874947405463,0.39451874947405463,15,2,2022,7,14,4,0,0,2,1,0,1,GRAVE_MORTALIDAD,2
3,3,10,0,4,1,-13.727055427077415,-75.9029011836268,0,4,7,1,2,2,2,0,1679.5849999999998,2.0,2,3,1.0,9,24,315.0,0.5476064687943295,72.89816640240538,72.53137929650067,8.073066505789269,930.7694624870004,5923.768736616702,3721.461,698.1859999999996,744.866,2278.409,1102.9029999999996,2618.558,29.636290693359403,7,3,0,0,3,44.91903370799481,42.302840449593766,47.765931505723756,1.0,0.0,0.0,1.0,3,0,0.0,1.0,0.0,1.0,0.6921136179837506,0.6921136179837506,0.3078863820162494,0.0,1.0,0.6921136179837506,14,1,2022,10,11,0,0,0,0,1,0,1,GRAVE_MORTALIDAD,2
5,1,15,0,4,1,-10.838216059460668,-77.49508244799944,0,2,7,1,2,2,2,0,6624.3097230216135,2.1624691659239446,2,0,1.0,7,30,1593.0918476047239,0.6765593598383368,78.28975000825213,71.17697496902335,9.820801854229563,1399.1971046936765,98156.52580234472,6551.220085618084,1432.3996739582865,1385.9864923441633,3732.8339193156353,1565.0131823180682,4986.206903300017,24.390531149444445,10,1,0,0,9,27.705926242201414,26.32493833184789,29.086914152554943,1.0,0.0,0.16246916592394434,0.16246916592394434,1,0,0.0,0.0,0.16246916592394434,0.8375308340760557,0.16246916592394434,0.16246916592394434,0.8375308340760557,0.0,1.0,0.0,8,1,2022,11,14,3,0,0,0,1,0,1,GRAVE_MORTALIDAD,2
6,1,4,0,4,1,-13.411119494068707,-74.00225096722284,0,4,1,0,3,2,2,2,6543.555,2.0,4,4,1.0,14,33,1198.0,0.192136580603909,76.6542643356387,30.004934207982085,4.242500564085281,145.7499710244872,1030.4505854233532,12678.733000000004,1805.074000000001,1774.0339999999994,9099.625000000004,2485.375000000001,10193.358000000002,19.602707936195205,8,1,0,0,6,43.686914665069786,43.686914665069786,43.686914665069786,1.0,0.0,0.0,0.6144857775116312,1,0,0.0,0.0,0.0,1.0,0.0,1.0,0.0,0.6144857775116312,0.6144857775116312,0.0,5,0,2022,7,28,6,1,1,2,1,0,1,GRAVE_MORTALIDAD,2
6,1,12,0,4,1,-8.001683478721928,-78.68130008436418,0,4,4,0,2,2,2,3,610.6099999999999,2.0,2,0,1.0,8,29,100.0,0.2791284879085741,74.57203044034796,46.6214947625042,4.873477903150793,239.2584269294917,5611.197002141327,8931.828000000005,1335.5899999999997,1935.9830000000004,5660.255000000005,1219.309,7712.519000000005,13.651281686122925,11,1,0,0,10,41.4358627116287,41.4358627116287,41.4358627116287,1.0,0.41880457627904344,0.0,0.0,1,0,0.0,0.0,0.5811954237209566,0.41880457627904344,0.41880457627904344,0.0,0.5811954237209566,1.0,0.0,1.0,19,2,2022,7,17,6,1,0,0,1,0,1,GRAVE_MORTALIDAD,2
3,1,19,0,4,1,-7.202431104399184,-77.083511720541,0,4,7,0,2,2,2,1,2322.1458914318123,0.49272888897192346,1,2,0.0,9,32,1004.3306489222273,0.4921305615906122,73.55439233164279,51.28820071692316,6.241989089736934,952.4230480520517,1828.6084279311558,6147.632928966636,1035.3146010128382,1126.0484105514647,3986.2699174023332,1216.6870350422807,4930.945893924355,19.434520619297082,5,1,0,0,3,24.253635555514037,20.52181333308423,27.985457777943846,1.0,1.0,0.0,0.0,1,0,0.0,0.0,0.7463644444859617,1.0,0.7463644444859617,1.0,0.0,0.0,0.7463644444859617,0.7463644444859617,3,0,2022,7,20,1,0,1,0,1,0,1,GRAVE_MORTALIDAD,2
3,2,7,0,4,1,-15.20078206985473,-71.10407531846607,0,4,0,0,2,0,1,2,568.5409999999999,1.0,2,3,0.0,9,3,93.0,0.3669359755518038,68.39224893517583,63.73618863292471,5.287637527884255,465.11316086321926,1136.4561017082021,17779.13499998999,2097.3709999899997,2863.123,12818.640999999989,2878.713,14900.421999989989,16.19152450331032,5,2,0,0,3,36.90350421312299,29.218328652085567,44.58867977416041,1.0,0.0,0.0,0.0,2,0,0.0,0.7563342695828866,0.24366573041711337,1.0,0.0,0.7563342695828866,1.0,0.0,0.24366573041711337,0.0,5,0,2022,9,22,5,1,0,2,1,0,1,GRAVE_MORTALIDAD,2
3,1,16,0,4,1,-13.008458826764587,-69.24839544393622,5,4,6,1,5,1,1,0,3154.420252394361,2.0,2,0,1.0,5,19,551.8715612762034,0.5281518294244434,74.14781084269455,58.567946473588336,8.053961525887189,909.5618783024444,8913.727072084137,2136.1394562585847,418.31590420444036,352.0538564252266,1365.7696956289174,540.7727202119004,1595.3667360466839,24.987052259973712,4,2,0,0,2,30.48638878735665,23.081667275860095,38.0,1.0,1.0,0.0,0.0,2,0,0.0,0.0,0.0,1.0,0.9183327241399037,0.08166727586009626,0.08166727586009626,0.0,0.08166727586009626,0.0,17,2,2021,6,6,5,0,0,0,1,0,1,GRAVE_MORTALIDAD,2
6,1,7,0,4,0,-12.845636301622731,-74.55991865105405,0,4,0,0,2,1,0,0,6622.549933260532,2.0,3,3,1.0,13,30,1198.0,0.15033270475056476,73.23623742828278,53.07540952239796,3.2544270679617195,84.89464346932448,7597.295957332701,8499.883185378,1433.0561838894232,1954.7280965468726,5112.098904941703,1845.7431947898508,6654.139990588147,21.708719215649595,3,1,0,0,2,52.182889699071865,52.182889699071865,52.182889699071865,1.0,1.0,0.0,0.0,1,0,0.0,0.0,0.0,1.0,0.0,1.0,0.0,0.07571292920533879,0.07571292920533879,0.07571292920533879,8,0,2024,7,24,3,0,1,2,1,0,1,GRAVE_MORTALIDAD,2
6,1,9,0,4,1,-14.383627024399662,-72.7395885188152,0,4,0,0,2,1,0,2,1630.5550856232574,2.0,2,2,1.0,9,23,277.53030201139427,0.2124387932016266,71.03537937052577,50.945586769021176,4.579044263750522,142.91307218165423,17118.354429959472,12992.689970329226,1875.3557496054982,1963.0386505941246,9154.295570129603,2755.377408000904,10237.312562328321,21.13073577181178,26,1,0,0,25,40.58405806847533,40.58405806847533,40.58405806847533,1.0,0.0,0.0,0.6741765392295153,1,0,0.0,0.0,0.6741765392295153,0.32582346077048474,0.0,0.32582346077048474,0.6741765392295153,0.0,0.0,0.0,13,1,2023,8,13,2,0,0,2,1,0,1,GRAVE_MORTALIDAD,2