CLASE SINIESTRO,CANTIDAD DE VEHICULOS DAÑADOS,DEPARTAMENTO,ZONA,TIPO DE VÍA,RED VIAL,COORDENADAS LATITUD,COORDENADAS  LONGITUD,CONDICIÓN CLIMÁTICA,ZONIFICACIÓN,CARACTERÍSTICAS DE VÍA,PERFIL LONGITUDINAL VÍA,SUPERFICIE DE CALZADA,¿EXISTE SEÑAL VERTICAL?,¿EXISTE SEÑAL HORIZONTAL?,CAUSA FACTOR PRINCIPAL,MTC_RVN_LONGITUD_KM,MTC_RVN_N_CARRILES_MEDIANA,MTC_RVN_SUPERFICIE_DOMINANTE,MTC_RVN_ESTADO_DOMINANTE,MTC_RVN_ES_CONCESIONADA,MTC_RVN_CONCESION_PRINCIPAL,MTC_RVN_CORREDOR_LOGISTICO,MTC_RVN_N_TRAMOS,IDH_2019,IDH_ESP_VIDA_2019,IDH_EDUC_SECUND_PCT_2019,IDH_ANIOS_EDUC_2019,IDH_INGRESO_PERCAP_2019,IDH_POBLACION_2019,MTC_DEP_RED_TOTAL_KM,MTC_DEP_NACIONAL_TOTAL_KM,MTC_DEP_DEPARTAMENTAL_TOTAL_KM,MTC_DEP_VECINAL_TOTAL_KM,MTC_DEP_PAV_TOTAL_KM,MTC_DEP_NO_PAV_TOTAL_KM,MTC_DEP_PCT_PAVIMENTADA,PER_TOTAL_PERSONAS,PER_N_CONDUCTORES,PER_N_CONDUCTORES_FUGADOS,PER_N_PEATONES,PER_N_PASAJEROS_OCUPANTES,PER_EDAD_COND_PROM,PER_EDAD_COND_MIN,PER_EDAD_COND_MAX,PER_ANY_COND_MASCULINO,PER_ANY_LIC_PROBLEMA,PER_ANY_DOSAJE_POS,PER_ANY_DOSAJE_EVALUADO,VEH_TOTAL,VEH_N_FUGADOS,VEH_ANY_FUGADO,VEH_ANY_CARGA,VEH_ANY_PUBLICO,VEH_ANY_PARTICULAR,VEH_ANY_MOTO,VEH_ANY_AUTO,VEH_ANY_CAMION_BUS,VEH_ANY_SOAT_PROBLEMA,VEH_ANY_CITV_PROBLEMA,VEH_ANY_SEGURO_PROBLEMA,HORA_NUM,FRANJA_HORARIA,ANIO,MES,DIA_MES,DIA_SEMANA,ES_FIN_SEMANA,ES_QUINCENA,REGION_NATURAL,TIENE_SEÑALIZACION,ES_VIA_MULTICARRIL,ES_DEPTO_BAJO_PAVIMENTO,CATEGORIA_SEVERIDAD,CATEGORIA_SEVERIDAD_ENC
6,1,8,0,4,1,-13.567906804633553,-75.24779315649548,0,4,0,0,2,1,0,0,1679.5849999999998,2.0,2,3,1.0,9,24,315.0,0.4969740752035696,73.69487265353813,52.083333362869915,8.403808809551649,814.7979772127824,2223.7826014950574,8511.426,1445.3929999999996,2008.516,5057.516999999999,1879.579,6631.846999999998,22.08300935706896,9,1,0,0,8,49.18895763862021,49.18895763862021,49.18895763862021,1.0,0.0,0.0,0.12777465278999045,1,0,0.0,0.0,0.12777465278999045,0.8722253472100095,0.0,0.0,1.0,0.0,0.0,0.0,13,2,2023,9,3,0,0,0,2,1,0,1,GRAVE_MORTALIDAD,2
3,2,12,0,4,1,-8.557372988641799,-78.66721200318747,0,4,7,1,2,1,1,2,6543.555,3.0,2,0,1.0,0,30,1475.0,0.4971504606547645,77.79759708660042,46.44666297237219,6.322206801902116,929.9716106661404,44368.59100642397,8931.828000000005,1335.5899999999997,1935.9830000000004,5660.255000000005,1219.309,7712.519000000005,13.651281686122925,4,2,0,0,2,44.50935060103912,33.32709959930725,55.69160160277097,1.0,0.0,0.0,0.4423665331024188,2,0,0.0,0.5576334668975812,1.0,0.0,0.0,0.5576334668975812,1.0,0.0,0.5576334668975812,0.0,17,2,2022,5,10,3,0,0,0,1,1,1,GRAVE_MORTALIDAD,2
6,1,1,0,4,1,-8.55422723114494,-77.63222348401801,0,4,0,1,2,2,2,0,1703.219,1.0,0,3,0.0,9,28,247.0,0.5285143944018423,75.33997185658131,53.7355901181876,9.078155204471177,861.4720488926681,5381.074946466809,10767.648,1885.0630000000003,1222.721,7659.864000000001,2100.343,8667.305000000002,19.506051832303577,4,1,0,0,3,55.235541633382404,55.235541633382404,55.235541633382404,1.0,0.0,0.0,0.0,1,0,0.0,0.0,0.0,0.9575300907434668,0.0,0.9575300907434668,0.042469909256533156,0.0,0.0,0.0,8,1,2022,8,26,1,0,0,0,1,0,1,GRAVE_MORTALIDAD,2
3,1,6,0,4,1,-9.579489835091248,-75.78837296563076,6,4,6,1,3,2,2,0,7375.2245236977715,2.0,2,1,1.0,10,24,1838.1254916377434,0.3582811696529571,72.57028649880299,42.72809153998068,5.616968281754026,513.5774424079759,1316.0312903704125,3508.518161605085,989.723838329873,554.2195402533339,1964.5747830218784,983.0477322093158,2525.4704293957698,29.2642185737488,3,1,0,0,1,58.188575039782144,53.0538785827949,63.323271496769394,1.0,0.6846261942649663,0.0,0.0,1,0,0.0,0.3153738057350337,0.0,0.6846261942649663,0.6846261942649663,0.6846261942649663,0.3153738057350337,0.0,0.6846261942649663,0.6846261942649663,16,1,2022,7,12,3,0,0,0,1,0,1,GRAVE_MORTALIDAD,2
6,1,5,0,4,2,-6.598452752303082,-78.44949769567334,0,4,0,0,1,2,2,5,6543.555,2.0,4,4,1.0,14,33,1198.0,0.3484871558022944,76.33677469666252,53.28672218475212,4.131981838863427,447.1658531581213,76209.5845824411,15935.565011852366,1733.9250000199986,935.692,13265.948011832368,2000.1670000199988,13935.398011832369,12.551591352627522,2,1,0,0,1,36.90270551044536,36.90270551044536,36.90270551044536,1.0,0.09729448955464381,0.0,0.0,1,0,0.0,1.0,0.0,0.0,0.0,0.0,1.0,0.0,0.0,0.0,20,1,2021,10,11,1,0,0,2,1,0,1,GRAVE_MORTALIDAD,2
6,1,11,1,4,1,-11.771829525273445,-75.6994033375509,0,4,1,1,2,1,1,2,7586.903,2.0,2,0,1.0,9,5,1198.0,0.4545643050211295,68.73444804749025,55.05670880126828,7.076811092931955,737.237129067086,1424.8051391862955,12264.545,1826.4639999999995,1105.5389999999998,9332.542,1588.5359999999996,10676.009,12.952261987705208,7,1,0,0,5,48.443364199878246,48.443364199878246,48.443364199878246,1.0,0.0,0.0,0.8372630071385088,1,0,0.0,0.0,0.0,1.0,0.0,0.16273699286149124,0.8372630071385088,0.0,0.0,0.0,14,2,2022,11,15,0,0,0,2,1,0,1,GRAVE_MORTALIDAD,2
6,1,7,0,4,1,-14.721128415692167,-71.27418160436385,0,4,7,1,2,1,0,2,1992.5674287006243,1.0,1,3,0.0,9,29,568.8417040642383,0.3830037562908204,67.57871154113026,59.850638814191825,5.801179549336343,517.967136465138,5147.99765526658,17779.13499998999,2097.3709999899997,2863.123,12818.640999999989,2878.713,14900.421999989989,16.19152450331032,3,1,0,0,2,30.203192623780076,30.203192623780076,30.203192623780076,1.0,0.0,0.0,1.0,1,0,0.0,0.0,0.0,1.0,0.0,0.8726305265521189,0.12736947344788108,0.8726305265521189,1.0,0.0,18,2,2021,9,10,5,1,0,2,1,0,1,GRAVE_MORTALIDAD,2
3,2,12,0,4,1,-7.765542289256376,-79.05391933761035,0,4,6,0,2,2,2,0,1085.7123925273631,2.0,2,2,0.12627113710773186,8,9,204.99407287790362,0.5393586033457365,80.62533602768795,67.77530614767207,7.911471207028305,811.0147257186002,23781.846453861606,3492.7449955606908,538.1852757117161,696.6903379578462,2257.8693818911283,753.8063802891199,2738.9386152715706,21.505111354712994,5,2,0,0,3,49.37881341132319,38.0,60.757626822646394,1.0,0.8737288628922681,0.0,1.0,2,0,0.0,0.0,0.8737288628922681,0.8737288628922681,0.8737288628922681,1.0,0.12627113710773186,0.0,0.8737288628922681,0.0,20,2,2021,4,17,1,0,0,0,1,0,1,GRAVE_MORTALIDAD,2
5,1,14,0,4,1,-11.240778625381425,-77.5356257869422,0,4,7,1,2,1,0,0,6543.555,3.0,2,0,1.0,0,30,1475.0,0.7327345537337897,78.20903814342847,76.31492653513806,13.642917835589472,1405.6698219039215,62016.21841541756,7626.313,1683.4029999999998,1599.0829999999996,4343.827000000001,1814.875,5811.438000000001,23.797541485643197,2,1,0,0,1,37.21267586489228,35.44030344697279,38.985048282811775,1.0,0.0,0.18656551767573593,0.18656551767573593,1,0,0.0,0.18656551767573593,0.0,0.8134344823242641,0.0,1.0,0.18656551767573593,0.0,0.18656551767573593,0.0,3,0,2021,3,10,4,0,0,0,1,1,1,GRAVE_MORTALIDAD,2
6,1,9,0,4,0,-10.045985385591269,-76.24264362653464,0,3,0,0,1,2,2,1,6550.858402842768,2.0,3,3,1.0,13,32,1229.6617132158976,0.5970173853023318,71.9728097412539,72.22119114461631,10.126268753482263,1067.8887655392557,93696.21084687745,8164.916632999319,1359.9833229595042,853.1118294421776,5951.821480597636,1117.0482346062536,7047.868398393065,13.735469941981838,3,1,0,0,2,21.37872862698442,21.37872862698442,21.37872862698442,1.0,0.9242542746031159,0.0,0.9242542746031159,1,0,0.0,0.0,0.9242542746031159,0.07574572539688407,0.9242542746031159,0.0,0.07574572539688407,0.0,1.0,0.0,4,0,2021,7,25,0,0,0,1,1,0,1,GRAVE_MORTALIDAD,2
4,1,12,0,4,1,-7.8456570496778335,-78.08131680482236,0,4,7,1,1,2,2,2,9936.932,2.0,2,0,1.0,9,32,3830.0,0.3986882084754764,72.97869269132666,58.65435142755623,5.605762371496486,527.7120199980477,69564.29978586723,8931.828000000005,1335.5899999999997,1935.9830000000004,5660.255000000005,1219.309,7712.519000000005,13.651281686122925,4,1,0,0,2,24.230334914916746,20.775311191165578,27.685358638667914,1.0,0.46066982983348914,0.0,0.5393301701665109,1,0,0.0,0.0,1.0,0.46066982983348914,1.0,0.0,0.46066982983348914,0.5393301701665109,0.0,1.0,9,1,2021,11,17,2,0,1,0,1,0,1,GRAVE_MORTALIDAD,2
6,1,12,0,4,1,-7.413773127433499,-79.49849259828945,0,4,7,1,2,2,2,3,6543.555,2.498971116913766,3,2,1.0,7,31,1336.214999385113,0.6138517538553948,80.84826225715301,64.49339622566798,9.143362084626023,1095.689060330069,16852.97430406852,8931.828000000005,1335.5899999999997,1935.9830000000004,5660.255000000005,1219.309,7712.519000000005,13.651281686122925,5,1,0,0,4,34.3161852818961,25.002057766172467,40.96913350741298,1.0,0.49897111691376594,0.0,0.0,1,0,0.0,1.0,0.0,0.0,0.0,0.0,1.0,0.0,0.49897111691376594,0.0,18,2,2021,6,13,4,0,0,0,1,0,1,GRAVE_MORTALIDAD,2
5,1,7,0,4,1,-14.228139469096622,-71.25152601794451,0,4,4,1,2,1,1,2,7586.903,2.0,2,0,1.0,9,5,1198.0,0.33617105551127346,74.15089135863873,59.38425451537448,5.363307245805208,333.8634025195892,10175.599285378164,17779.13499998999,2097.3709999899997,2863.123,12818.640999999989,2878.713,14900.421999989989,16.19152450331032,4,1,0,0,3,56.157366110206894,54.08866284119968,58.22606937921411,1.0,0.3182620413857259,0.0,1.0,1,0,0.0,0.0,0.3182620413857259,1.0,0.0,0.0,1.0,0.0,0.0,0.0,6,0,2023,8,16,3,0,0,2,1,0,1,GRAVE_MORTALIDAD,2
6,1,12,0,4,0,-7.705638582513996,-77.82983920211647,1,4,7,1,6,2,2,4,6543.555,2.105734881743586,3,3,1.0,12,32,1227.2885622429733,0.48397409570222427,72.93215053759735,45.887126495142745,6.962793980177688,896.810202679661,9331.808102911733,8931.828000000005,1335.5899999999997,1935.9830000000004,5660.255000000005,1219.309,7712.519000000005,13.651281686122925,2,1,0,0,1,43.84139767738462,43.577060473025654,44.10573488174359,1.0,0.10573488174358603,0.10573488174358603,0.10573488174358603,1,0,0.0,0.894265118256414,0.10573488174358603,0.0,0.10573488174358603,0.0,1.0,0.0,0.10573488174358603,0.10573488174358603,16,2,2022,3,14,5,1,0,0,1,0,1,GRAVE_MORTALIDAD,2
4,1,7,0,4,0,-13.290917172265166,-71.59869626948495,0,4,0,1,1,1,1,2,6914.044843569031,2.0,3,2,1.0,12,23,1198.0,0.39201877089320836,62.942387607852375,66.36848954250273,6.549396005631189,540.9570034692188,5431.085993980878,17779.13499998999,2097.3709999899997,2863.123,12818.640999999989,2878.713,14900.421999989989,16.19152450331032,5,1,0,0,3,58.76747553760126,58.05728134818597,59.47766972701655,1.0,0.6449029052923559,0.0,0.35509709470764406,1,0,0.0,0.0,0.35509709470764406,1.0,0.0,0.6449029052923559,0.35509709470764406,0.0,0.6449029052923559,0.0,22,2,2023,5,6,3,0,0,2,1,0,1,GRAVE_MORTALIDAD,2
3,1,12,0,4,0,-7.76916406616663,-78.79286545015897,0,4,7,1,3,2,2,2,6543.555,2.7117484228326316,2,1,1.0,4,30,1395.154313124639,0.5719224338211049,76.01952392317361,67.34722325687902,8.539039656119014,1003.099663052217,8709.564558913904,8931.828000000005,1335.5899999999997,1935.9830000000004,5660.255000000005,1219.309,7712.519000000005,13.651281686122925,4,1,0,0,2,41.20286790274684,39.42349684566526,42.98223895982842,1.0,0.7117484228326315,0.7117484228326315,0.7117484228326315,1,0,0.0,0.0,0.7117484228326315,0.2882515771673685,0.7117484228326315,0.0,1.0,0.0,1.0,0.7117484228326315,14,1,2022,4,24,4,0,1,0,1,0,1,GRAVE_MORTALIDAD,2
6,1,6,0,4,1,-10.995272114469968,-75.23621817331575,2,4,5,0,2,2,2,0,6543.555,2.0,4,4,1.0,14,33,1198.0,0.32727302334757236,74.03859141647499,43.036849302866244,4.239797134975165,459.8958513590638,17255.739501588276,8253.848735331227,1318.2320064387145,943.1969866979778,5992.419742194535,1171.25242511793,7082.596310213296,14.174287751075527,3,1,0,0,2,37.182960194759524,37.182960194759524,37.182960194759524,1.0,0.0,0.0,0.0,1,0,0.0,0.0,0.0,1.0,0.0,1.0,0.0,0.0,0.7012171289457484,0.0,5,0,2021,6,4,3,0,0,2,1,0,1,GRAVE_MORTALIDAD,2
6,1,9,0,4,1,-8.759352325170882,-76.1543651327692,1,4,6,1,1,1,0,1,7758.33400008,2.0,2,0,1.0,9,20,2133.0,0.4488980782274319,72.32233236849576,48.83099256769076,6.808038769056246,716.252056011431,32955.28479657388,8209.057,1333.4779999999996,791.9770000000001,6083.602,1059.8589999999997,7149.198,12.910849565303296,3,1,0,0,2,39.1087999269364,39.1087999269364,39.1087999269364,1.0,0.0,0.0,0.0,1,0,0.0,0.10879992693639762,0.0,0.8912000730636024,0.0,0.8912000730636024,0.10879992693639762,0.0,0.0,0.0,5,0,2021,1,17,0,0,0,2,1,0,1,GRAVE_MORTALIDAD,2
6,1,4,0,4,3,-14.401595679059747,-73.94982689202186,0,4,0,0,1,1,0,2,6543.555,2.0,4,4,1.0,14,33,1198.0,0.4264353204773125,73.55613535700253,65.87247969765487,6.730293485889583,529.1374278256156,3252.79765890027,12678.733000000004,1805.074000000001,1774.0339999999994,9099.625000000004,2485.375000000001,10193.358000000002,19.602707936195205,46,1,0,0,44,48.87729378484761,39.01363402390582,58.740953545789395,1.0,0.013634023905821469,0.0,1.0,1,0,0.0,0.0,0.9863659760941785,0.0,0.0,0.0,1.0,0.013634023905821469,1.0,0.0,9,0,2023,4,6,3,0,0,2,1,0,1,GRAVE_MORTALIDAD,2
6,1,8,0,4,0,-13.024881023307929,-74.74302437333871,0,4,0,0,1,1,0,0,6543.555,2.0,4,4,1.0,14,33,1198.0,0.3648777342527826,72.61386206398959,50.19709555656983,5.638488277525374,444.6393044914551,24733.083511777302,8511.426,1445.3929999999996,2008.516,5057.516999999999,1879.579,6631.846999999998,22.08300935706896,7,1,0,0,6,33.227265727266385,33.227265727266385,33.227265727266385,1.0,0.0,0.0,0.0,1,0,0.0,0.0,1.0,0.0,0.3227265727266384,0.0,0.6772734272733616,0.0,0.6772734272733616,0.0,13,3,2024,2,19,2,0,0,2,1,0,1,GRAVE_MORTALIDAD,2
3,1,19,0,4,2,-5.21799522957531,-80.49764844919356,0,4,1,0,1,1,1,0,4209.108179966797,2.0,3,2,1.0,8,27,736.759165058942,0.48647377149655024,76.38483428754415,61.89100209961499,7.207341852027716,718.4889928896846,76084.11657968181,8965.846000060003,1782.4120000599992,636.9959999999999,6546.438000000004,2214.505000059999,6751.341000000004,24.699342371541725,5,2,0,0,3,29.635688035064433,26.695439650807142,32.57593641932173,1.0,1.0,0.0,1.0,2,0,0.0,1.0,0.0,1.0,0.554356681216369,0.44564331878363095,0.44564331878363095,0.554356681216369,1.0,0.0,10,2,2021,8,20,4,0,1,0,1,0,1,GRAVE_MORTALIDAD,2
5,1,14,2,2,3,-12.000466442006212,-77.05469221783471,0,2,7,1,2,1,1,2,6557.846127695617,2.0,3,3,1.0,13,32,1259.9548991575177,0.7648796583146154,80.5141318518558,79.13265696462499,11.607898024072119,1648.958272192551,363363.4096857804,7626.313,1683.4029999999998,1599.0829999999996,4343.827000000001,1814.875,5811.438000000001,23.797541485643197,2,1,0,0,0,25.5928698483973,24.851782537900675,26.33395715889392,1.0,1.0,0.0,0.0,1,0,0.0,0.0,0.0,1.0,0.8517825379006754,0.14821746209932463,0.14821746209932463,0.8517825379006754,0.14821746209932463,0.8517825379006754,1,0,2023,2,4,4,0,0,0,1,0,1,GRAVE_MORTALIDAD,2
3,1,3,0,4,1,-16.0912828553286,-71.60248529324616,0,3,0,0,2,1,1,0,1504.4250000000002,2.0,2,0,1.0,7,25,241.0,0.6005060748875158,78.21704200773246,77.40211893847457,8.994742794352394,996.014120858737,33335.45824411135,10322.272,1495.236,1749.739,7077.2970000000005,2886.595,7435.677000000001,27.964725207783708,4,2,0,0,2,37.87720166106721,33.53950622900205,42.46049377099795,1.0,0.0,0.0,0.9079012458004102,2,0,0.0,0.9079012458004102,0.0,1.0,0.0,1.0,1.0,0.0,0.0920987541995898,0.0,9,1,2023,7,7,1,0,0,0,1,0,1,GRAVE_MORTALIDAD,2
6,1,5,0,4,1,-13.639092962271198,-74.85676804262667,0,4,0,1,2,1,1,2,1183.685474267669,-0.4458289932716797,1,2,0.18472366890944003,7,28,205.73185619652415,0.48707414857715714,72.76263295221214,43.57455714284994,7.887994647859205,884.3266256388789,3705.5766159720865,12602.22267302174,1809.0252392779737,1650.5471509523834,9142.650282791383,2319.7076094989275,10282.515063522811,18.374213160706212,11,1,0,0,10,29.04442129744896,29.04442129744896,29.04442129744896,1.0,0.18472366890944003,0.0,0.81527633109056,1,0,0.0,0.0,0.0,1.0,0.0,0.18472366890944003,0.81527633109056,0.81527633109056,1.0,0.81527633109056,12,1,2024,7,23,4,0,1,2,1,0,1,GRAVE_MORTALIDAD,2
6,1,11,0,4,1,-11.543152023517727,-75.88523181831397,0,4,0,1,2,0,1,2,7586.903,2.0,2,0,1.0,9,5,1198.0,0.6211711217784234,75.51508523355102,70.90101252241288,10.049671623026311,1128.403546167389,8996.89721627409,12264.545,1826.4639999999995,1105.5389999999998,9332.542,1588.5359999999996,10676.009,12.952261987705208,3,1,0,0,2,38.316786834054476,38.316786834054476,38.316786834054476,1.0,0.0,0.0,0.8944043886485072,1,0,0.0,0.0,0.0,1.0,0.0,1.0,0.0,0.8944043886485072,0.8944043886485072,0.8944043886485072,15,2,2022,9,22,4,0,0,2,1,0,1,GRAVE_MORTALIDAD,2
6,1,3,0,4,2,-15.975422394260942,-71.89341029372716,0,4,0,0,7,2,2,0,6543.555,2.0,4,4,1.0,14,33,1198.0,0.4742162280296573,77.78207715093116,60.49910400374091,6.378061981057473,718.9063926281633,887.1802305671988,10322.272,1495.236,1749.739,7077.2970000000005,2886.595,7435.677000000001,27.964725207783708,6,1,0,0,5,44.82360642079819,44.82360642079819,44.82360642079819,0.17639357920181054,0.0,0.0,1.0,1,0,0.0,0.0,0.0,1.0,0.0,0.8236064207981895,0.17639357920181054,0.0,1.0,0.0,9,1,2023,11,16,3,0,0,0,1,0,1,GRAVE_MORTALIDAD,2
6,1,12,0,4,2,-7.931050683823211,-79.07627588237608,0,4,0,0,1,2,2,2,6543.555,2.0,4,4,1.0,14,33,1198.0,0.5701770561971663,78.70560441876428,68.23369374006772,8.554807348084097,991.6862669062735,19434.330891439404,8931.828000000005,1335.5899999999997,1935.9830000000004,5660.255000000005,1219.309,7712.519000000005,13.651281686122925,5,1,0,0,4,37.10121211026265,33.50606055131326,39.7975757794747,0.10121211026265231,0.0,0.0,0.10121211026265231,1,0,0.0,0.0,0.0,1.0,0.0,0.8987878897373477,0.10121211026265231,0.8987878897373477,0.8987878897373477,0.8987878897373477,18,1,2021,4,27,5,0,0,0,1,0,1,GRAVE_MORTALIDAD,2
4,1,19,0,4,1,-5.859773337801503,-79.51066304771551,0,4,7,0,2,1,1,0,305.38500000000005,2.0,2,0,1.0,1,20,50.0,0.2117580020098525,65.37756662211437,42.30794939557186,3.975264599118591,171.62326554814578,38712.25053533191,8965.846000060003,1782.4120000599992,636.9959999999999,6546.438000000004,2214.505000059999,6751.341000000004,24.699342371541725,3,1,0,0,2,50.57323555140476,46.978007739525346,54.168463363284175,1.0,0.4468880289416285,0.0,0.5531119710583715,1,0,0.0,1.0,0.5531119710583715,0.0,0.0,0.0,1.0,0.0,0.4468880289416285,0.0,6,0,2022,2,17,1,0,0,0,1,0,1,GRAVE_MORTALIDAD,2
3,1,3,0,4,1,-15.950160370213283,-71.21247368064823,0,4,7,1,2,0,1,0,1504.4250000000002,2.0,2,0,1.0,7,25,241.0,0.4498224071382834,81.63336343193146,58.84842497065013,5.774685730039019,620.6584683449911,1358.612419700214,10322.272,1495.236,1749.739,7077.2970000000005,2886.595,7435.677000000001,27.964725207783708,11,2,0,0,9,43.81032308891308,24.938709395048292,62.68193678277787,1.0,0.8122581209903419,0.0,0.1877418790096581,2,0,0.0,1.0,0.8122581209903419,0.1877418790096581,0.0,1.0,1.0,0.0,0.1877418790096581,0.0,5,0,2022,6,11,5,1,0,0,1,0,1,GRAVE_MORTALIDAD,2
5,1,4,0,3,2,-13.293954667266291,-74.00153753195566,0,3,2,0,2,1,1,2,6543.555,2.0,4,4,1.0,14,33,1198.0,0.23997452588218826,69.43412088589665,47.51808244029739,4.505990522308226,189.04689950111552,5733.050798682981,12678.733000000004,1805.074000000001,1774.0339999999994,9099.625000000004,2485.375000000001,10193.358000000002,19.602707936195205,2,1,0,0,1,28.855317785742393,28.855317785742393,28.855317785742393,1.0,0.3840426383911004,1.0,1.0,1,0,0.0,0.0,0.0,0.3840426383911004,0.3840426383911004,0.0,0.6159573616088996,0.0,0.0,0.0,13,1,2024,2,16,3,0,0,2,1,0,1,GRAVE_MORTALIDAD,2
6,1,5,0,4,1,-12.949310843489782,-74.14140204247782,0,4,7,1,4,2,2,2,6543.555,2.0,4,4,1.0,14,33,1198.0,0.2739417497617926,71.26837554047772,48.43143894334737,4.503263955329465,272.18841426069355,3201.296937431744,8460.546866821785,1391.0140178851173,1771.4263478840771,5298.106501052592,1730.4354422235365,6730.111424598249,20.433190090607535,4,1,0,0,3,25.668660692604806,25.668660692604806,25.668660692604806,1.0,0.0,0.0,0.0,1,0,0.0,0.0,0.0,0.6662678614790385,0.0,1.0,0.0,0.0,0.6662678614790385,0.0,17,1,2023,7,21,3,0,0,2,1,0,1,GRAVE_MORTALIDAD,2
3,1,7,0,4,2,-13.346537054435277,-71.60094326202517,0,4,0,0,1,2,2,2,6543.555,2.0,4,4,1.0,14,33,1198.0,0.2466226927938573,59.50771953912937,42.678907967899015,3.991373779253808,285.51302601039464,12676.173447537472,17779.13499998999,2097.3709999899997,2863.123,12818.640999999989,2878.713,14900.421999989989,16.19152450331032,5,1,0,0,3,32.34927967375372,31.85486190805914,32.843697439448306,1.0,1.0,0.0,0.9888355313891645,1,0,0.0,0.0,0.0,0.9888355313891645,0.9888355313891645,0.0,1.0,0.9888355313891645,1.0,0.9888355313891645,8,1,2021,10,17,2,0,0,2,1,0,1,GRAVE_MORTALIDAD,2
5,1,20,0,4,1,-14.730020642879644,-70.32097885077697,0,4,1,1,2,1,1,2,1703.7071984382856,2.0,2,0,1.0,6,22,371.8520146711875,0.34792817940022014,70.7476719287526,64.33760498947366,6.163088098670877,352.1540695543316,8199.192943712555,13642.312999999998,2020.7790000000005,2354.117,9267.416999999998,3314.0520000000006,10328.260999999997,24.29244952817019,3,1,0,0,1,32.07887378638037,27.225727723839128,36.932019848921605,1.0,0.0,0.0,0.22572772383912743,1,0,0.0,0.22572772383912743,0.0,1.0,0.0,0.22572772383912743,1.0,0.0,0.22572772383912743,0.0,3,0,2022,5,5,3,0,0,2,1,0,1,GRAVE_MORTALIDAD,2
3,1,16,0,4,1,-12.517772978799126,-69.1438181741662,3,4,6,1,4,2,2,0,3263.58,2.0,2,0,1.0,5,18,566.0,0.525748215792057,74.03823732580896,58.20048721039922,8.141897025119901,894.6823580853445,9162.706638115633,2090.391,399.431,340.021,1350.9389999999996,493.824,1596.5669999999996,23.62352306338862,4,2,0,0,1,34.983847082347424,24.55959898516432,43.45859644807513,1.0,1.0,0.0,0.0,2,0,0.3898997462910806,0.3898997462910806,0.0,1.0,1.0,0.0,0.3898997462910806,0.0,0.3898997462910806,0.3898997462910806,18,2,2021,6,9,4,0,0,1,1,0,1,GRAVE_MORTALIDAD,2
4,1,10,0,4,1,-8.578128404358347,-76.90335147860137,2,4,3,1,4,1,1,2,1210.7431199622583,1.4800473773100857,1,3,0.0,9,21,268.7581996622167,0.27636623215046713,72.99273745461362,33.84920069514289,3.9639078696581316,345.38902672497716,9325.92296218323,8584.863677054214,1334.5761399391208,1386.8059200729986,5863.481617042095,1142.7654456879068,7442.098231366308,13.295839188447317,4,1,0,0,3,29.200710659651286,24.400236886550427,34.00118443275214,1.0,0.0,0.0,0.4800473773100856,1,0,0.0,0.4800473773100856,0.0,0.5199526226899144,0.0,0.4800473773100856,1.0,0.0,0.5199526226899144,0.0,4,0,2022,6,16,0,0,0,0,1,0,1,GRAVE_MORTALIDAD,2
6,1,3,0,4,0,-16.542287709274284,-71.70788248705175,0,4,6,0,2,0,1,0,6543.555,2.0,4,4,1.0,14,33,1198.0,0.6105481451420971,78.10653088113892,68.35418098658066,8.411557426919764,1158.5430895193692,35025.678800856535,10322.272,1495.236,1749.739,7077.2970000000005,2886.595,7435.677000000001,27.964725207783708,5,1,0,0,4,45.82564379853881,45.82564379853881,45.82564379853881,1.0,0.8619845129799483,0.0,0.0,1,0,0.0,0.0,0.13801548702005173,0.8619845129799483,0.0,0.8619845129799483,0.13801548702005173,0.0,0.0,0.0,13,2,2024,1,12,4,0,0,0,1,0,1,GRAVE_MORTALIDAD,2
6,1,11,0,4,1,-8.159015174608045,-77.54903041471785,0,4,0,1,1,2,2,0,1671.912955777111,1.0,1,3,0.0,9,30,285.62234362209404,0.21299880473081376,73.22238391737653,31.93045349666737,3.2557311463837735,201.84944556384,8866.308124304525,8897.759206083274,1344.4882825448942,1941.8609735328623,5611.409950005517,1272.8163633317631,7624.94284275151,14.334577180396161,3,1,0,0,2,36.40519305232528,36.40519305232528,36.40519305232528,1.0,0.0,0.0,0.0,1,0,0.0,0.0,0.0,1.0,0.0,0.08103861046505678,0.9189613895349432,0.0,0.9189613895349432,0.0,15,2,2023,3,10,3,0,0,0,1,0,1,GRAVE_MORTALIDAD,2