CLASE SINIESTRO,CANTIDAD DE VEHICULOS DAÑADOS,DEPARTAMENTO,ZONA,TIPO DE VÍA,RED VIAL,COORDENADAS LATITUD,COORDENADAS  LONGITUD,CONDICIÓN CLIMÁTICA,ZONIFICACIÓN,CARACTERÍSTICAS DE VÍA,PERFIL LONGITUDINAL VÍA,SUPERFICIE DE CALZADA,¿EXISTE SEÑAL VERTICAL?,¿EXISTE SEÑAL HORIZONTAL?,CAUSA FACTOR PRINCIPAL,MTC_RVN_LONGITUD_KM,MTC_RVN_N_CARRILES_MEDIANA,MTC_RVN_SUPERFICIE_DOMINANTE,MTC_RVN_ESTADO_DOMINANTE,MTC_RVN_ES_CONCESIONADA,MTC_RVN_CONCESION_PRINCIPAL,MTC_RVN_CORREDOR_LOGISTICO,MTC_RVN_N_TRAMOS,IDH_2019,IDH_ESP_VIDA_2019,IDH_EDUC_SECUND_PCT_2019,IDH_ANIOS_EDUC_2019,IDH_INGRESO_PERCAP_2019,IDH_POBLACION_2019,MTC_DEP_RED_TOTAL_KM,MTC_DEP_NACIONAL_TOTAL_KM,MTC_DEP_DEPARTAMENTAL_TOTAL_KM,MTC_DEP_VECINAL_TOTAL_KM,MTC_DEP_PAV_TOTAL_KM,MTC_DEP_NO_PAV_TOTAL_KM,MTC_DEP_PCT_PAVIMENTADA,PER_TOTAL_PERSONAS,PER_N_CONDUCTORES,PER_N_CONDUCTORES_FUGADOS,PER_N_PEATONES,PER_N_PASAJEROS_OCUPANTES,PER_EDAD_COND_PROM,PER_EDAD_COND_MIN,PER_EDAD_COND_MAX,PER_ANY_COND_MASCULINO,PER_ANY_LIC_PROBLEMA,PER_ANY_DOSAJE_POS,PER_ANY_DOSAJE_EVALUADO,VEH_TOTAL,VEH_N_FUGADOS,VEH_ANY_FUGADO,VEH_ANY_CARGA,VEH_ANY_PUBLICO,VEH_ANY_PARTICULAR,VEH_ANY_MOTO,VEH_ANY_AUTO,VEH_ANY_CAMION_BUS,VEH_ANY_SOAT_PROBLEMA,VEH_ANY_CITV_PROBLEMA,VEH_ANY_SEGURO_PROBLEMA,HORA_NUM,FRANJA_HORARIA,ANIO,MES,DIA_MES,DIA_SEMANA,ES_FIN_SEMANA,ES_QUINCENA,REGION_NATURAL,TIENE_SEÑALIZACION,ES_VIA_MULTICARRIL,ES_DEPTO_BAJO_PAVIMENTO,CATEGORIA_SEVERIDAD,CATEGORIA_SEVERIDAD_ENC
6,1,4,0,4,0,-14.181007875289495,-74.3032970667614,0,4,6,0,2,2,2,1,6543.555,2.0,4,4,1.0,14,33,1198.0,0.37500985664502157,73.26418578919436,50.453429037550144,5.555099308625092,487.51535775690064,1521.3037394746568,12678.733000000004,1805.074000000001,1774.0339999999994,9099.625000000004,2485.375000000001,10193.358000000002,19.602707936195205,11,1,0,0,10,25.981362480813402,25.981362480813402,25.981362480813402,1.0,0.1702771336783756,0.0,0.0,1,0,0.0,0.0,0.8297228663216244,0.1702771336783756,0.0,0.1702771336783756,0.8297228663216244,0.0,0.0,0.0,13,2,2024,2,13,1,0,0,2,1,0,1,GRAVE_MORTALIDAD,2
3,1,14,0,4,1,-12.262969253071834,-76.91071018373603,0,3,7,1,2,2,2,0,6639.975,2.0,2,0,1.0,9,31,1616.0,0.6909236767275176,78.41626133969348,70.97436336767564,9.826485374940413,1476.8351947609171,95908.53319057816,7626.313,1683.4029999999998,1599.0829999999996,4343.827000000001,1814.875,5811.438000000001,23.797541485643197,4,1,0,0,2,31.208850644551724,31.208850644551724,31.208850644551724,1.0,0.0,0.0,0.0,1,0,0.0,0.0,0.0,0.9767943728275862,0.0,0.0,1.0,0.0,0.023205627172413812,0.0,6,1,2023,9,23,1,0,0,0,1,0,1,GRAVE_MORTALIDAD,2
4,1,12,0,4,1,-7.5260297454670875,-78.7832765091758,1,4,2,0,1,2,2,2,6543.555,2.404725063829659,3,2,1.0,8,31,1310.1088426808155,0.3191010528164832,77.01521846360106,41.891182165672966,4.540412597368356,436.9374671489153,24424.117551551994,8931.828000000005,1335.5899999999997,1935.9830000000004,5660.255000000005,1219.309,7712.519000000005,13.651281686122925,5,1,0,0,4,38.20236253191483,33.95274936170341,42.45197570212625,1.0,0.40472506382965867,0.0,0.0,1,0,0.0,1.0,0.40472506382965867,0.0,0.40472506382965867,0.0,1.0,0.0,0.0,0.40472506382965867,13,1,2022,6,18,2,0,1,0,1,0,1,GRAVE_MORTALIDAD,2
3,1,13,0,4,1,-6.679175428678765,-79.54534444510061,0,4,7,1,2,2,2,0,952.9261635055747,2.0,2,2,0.08764983619465327,8,8,213.17925900929407,0.5334428630838844,80.69135886705341,66.77294548583009,7.818019741690212,792.9610493101419,23668.7517029276,3459.691,515.0619999999999,689.7280000000001,2254.901,703.3549999999999,2756.336,20.329994788551925,3,2,0,0,1,32.38645114663743,27.298801310442773,37.47410098283208,1.0,0.08764983619465327,0.0,1.0,2,0,0.0,1.0,0.0,0.08764983619465327,0.08764983619465327,0.0,1.0,1.0,0.9123501638053467,0.9123501638053467,18,1,2021,2,24,2,0,1,0,1,0,1,GRAVE_MORTALIDAD,2
3,2,10,0,4,1,-14.313381628022007,-75.6684533230412,6,4,7,1,2,2,2,0,6639.975,2.0,2,0,1.0,9,31,1616.0,0.6247361508123856,80.37998603616482,75.97024467796975,9.328001039380812,1061.261582884912,31189.875425666014,3721.461,698.1859999999996,744.866,2278.409,1102.9029999999996,2618.558,29.636290693359403,3,2,0,0,1,51.28248242722434,49.74957654687905,52.81538830756962,1.0,0.0,0.0,1.0,2,0,0.0,1.0,0.0,0.06581176069057648,0.0,0.06581176069057648,1.0,0.0,0.0,0.0,13,3,2023,1,9,2,0,0,0,1,0,1,GRAVE_MORTALIDAD,2
3,2,20,0,4,1,-5.89467921351002,-77.67262987971624,0,4,7,1,2,2,2,1,7626.309639475463,2.1086817936397013,2,0,1.0,8,21,2061.4873797850764,0.4690863086336224,73.68171246816746,53.6500039756193,6.133817696909233,814.7895012106605,47699.325303062156,5407.617917499083,782.4699403629786,935.3485581267075,3689.799419009397,979.709101200217,4427.9088162988655,18.210305562071877,5,2,0,0,3,26.695499730036715,23.412863317316116,29.97813614275731,1.0,0.0,0.0,0.0,2,0,0.0,0.0,0.10868179363970132,1.0,0.8913182063602987,0.10868179363970132,0.10868179363970132,0.8913182063602987,1.0,0.8913182063602987,18,1,2024,8,5,3,0,0,0,1,0,1,GRAVE_MORTALIDAD,2
3,2,17,0,4,1,-6.200344235191628,-78.56962397045797,0,4,7,1,2,2,2,1,7194.902189572954,2.46381424972768,2,0,1.0,4,24,1827.8102236791865,0.436770722650395,74.47878662416664,52.4529086039,5.63889513973316,708.5861473654209,48178.67351055749,4631.495467003891,675.9252316821998,837.4847072025433,3118.0855281191475,869.599928057683,3761.895538946207,19.05486414482206,3,2,0,0,1,31.993399496187518,21.53618575027232,42.45061324210272,1.0,0.46381424972767993,0.0,0.0,2,0,0.0,0.46381424972767993,0.0,1.0,1.0,0.0,0.46381424972767993,0.5361857502723201,0.5361857502723201,0.5361857502723201,16,2,2023,7,5,4,0,0,0,1,0,1,GRAVE_MORTALIDAD,2
0,1,11,1,3,3,-14.147590001515447,-71.3405009454528,0,1,7,0,3,1,1,3,6877.454860680738,2.0,3,2,1.0,12,24,1198.0,0.6125518858763173,77.08562570457953,78.81995081335184,9.892710507471032,1019.3190357999202,61537.79315446533,16455.238956236924,2072.8594677630535,2700.2271757058434,11682.152312768028,3018.033371964955,13437.20558427197,18.78404180068935,2,1,0,0,0,38.55987707546924,38.399863417188044,38.71989073375043,1.0,0.3200273165623919,0.0,1.0,1,0,0.0,0.0,0.3200273165623919,1.0,0.0,0.6799726834376081,0.3200273165623919,0.3200273165623919,1.0,0.0,6,0,2023,6,22,0,0,1,2,1,0,1,GRAVE_MORTALIDAD,2
6,1,12,0,4,1,-14.534568516830843,-71.44865103656986,0,4,3,0,4,0,1,2,7089.788085574915,2.0,2,1,1.0,11,18,1198.0,0.3499323885729031,74.89442406300469,61.23197406367782,5.657697135398111,366.72034905625,13069.681230238271,13183.204448259141,1918.0039214873061,2077.7299163956354,9187.4706103762,2919.219503133149,10263.98494512599,22.057969287473504,2,1,0,0,1,42.38799305222439,42.38799305222439,42.38799305222439,0.4764612712393995,1.0,0.0,0.4764612712393995,1,0,0.0,0.0,0.0,1.0,0.0,0.5235387287606005,0.4764612712393995,0.0,0.5235387287606005,0.0,9,1,2021,3,13,5,0,0,2,1,0,1,GRAVE_MORTALIDAD,2
3,2,7,0,4,1,-15.220984085918882,-71.101549451931,0,4,0,0,2,0,1,2,568.5409999999999,1.0,2,3,0.0,9,3,93.0,0.37239047073532905,68.40647853462669,63.766062128004585,5.380477080632195,479.1278104228736,1143.1425484058866,17779.13499998999,2097.3709999899997,2863.123,12818.640999999989,2878.713,14900.421999989989,16.19152450331032,5,2,0,0,3,36.567631573884434,29.591520473461735,43.54374267430714,1.0,0.0,0.0,0.0,2,0,0.0,0.6816959053076527,0.31830409469234733,1.0,0.0,0.6816959053076527,1.0,0.0,0.31830409469234733,0.0,5,0,2022,9,21,5,1,0,2,1,0,1,GRAVE_MORTALIDAD,2
4,1,2,2,3,2,-13.598880901293773,-73.5083763577963,0,3,3,0,1,1,0,2,7076.668501904345,2.0,2,1,1.0,11,18,1198.0,0.5101751340073919,77.78318687139719,70.11660433574428,7.667731450038756,749.6753661668266,27512.81374409026,8358.971,1282.451,1298.0969999999998,5778.423,1432.683,6926.288,17.139466089785454,4,1,0,0,3,31.07344462842521,25.70832026915522,36.4385689876952,1.0,0.48903577530762,0.0,0.0,1,0,0.0,0.0,0.51096422469238,1.0,0.51096422469238,0.48903577530762,0.51096422469238,0.0,0.0,0.0,11,1,2023,4,12,4,0,0,2,1,0,1,GRAVE_MORTALIDAD,2
3,1,14,1,4,1,-12.363557900591168,-76.79276429365272,0,3,7,1,2,2,2,0,6639.975,2.0,2,0,1.0,9,31,1616.0,0.6997623570346938,76.1024633480164,67.4916969677081,10.594360693484372,1568.8925177861563,8292.871520342613,7626.313,1683.4029999999998,1599.0829999999996,4343.827000000001,1814.875,5811.438000000001,23.797541485643197,5,2,0,0,2,41.94473807642653,38.73600757226143,45.80887206164127,1.0,0.0,0.0,0.0,2,0,0.0,0.0,0.8595563969179368,1.0,0.0,1.0,1.0,0.0,0.14044360308206316,0.0,6,1,2025,2,14,0,0,0,0,1,0,1,GRAVE_MORTALIDAD,2
4,1,20,0,4,0,-16.11699183154496,-69.46132484903188,0,4,7,1,2,2,2,3,6543.555,2.0,4,4,1.0,14,33,1198.0,0.24978731064377863,72.37109885894469,64.55565515794795,5.49667210910621,168.80853694260966,4469.400740421082,13642.312999999998,2020.7790000000005,2354.117,9267.416999999998,3314.0520000000006,10328.260999999997,24.29244952817019,2,1,0,0,1,28.369205484248383,25.407698628937904,31.33071233955886,1.0,0.5923013710620957,0.0,0.0,1,0,0.0,0.0,0.5923013710620957,1.0,0.5923013710620957,0.4076986289379043,0.5923013710620957,0.0,0.5923013710620957,0.5923013710620957,16,2,2023,5,16,6,1,1,2,1,0,1,GRAVE_MORTALIDAD,2
5,1,7,0,4,0,-13.330439514342775,-71.59134775568353,0,4,0,0,5,2,2,2,6543.555,2.0,4,4,1.0,14,33,1198.0,0.2466226927938573,59.50771953912937,42.678907967899015,3.991373779253808,285.51302601039464,12676.173447537472,17779.13499998999,2097.3709999899997,2863.123,12818.640999999989,2878.713,14900.421999989989,16.19152450331032,5,1,0,0,4,23.12217406706263,22.969500953467723,23.274847180657545,1.0,1.0,0.0,0.3053462271898246,1,0,0.0,0.0,0.0,0.3053462271898246,0.3053462271898246,0.0,1.0,0.3053462271898246,1.0,0.3053462271898246,18,1,2021,6,7,0,0,0,2,1,0,1,GRAVE_MORTALIDAD,2
2,2,16,0,3,2,-10.791405773147824,-76.38251834767892,0,2,7,1,2,2,2,0,3215.4617536190426,2.0,2,1,1.0,5,24,540.4341499025384,0.6059608962028317,75.41516665221039,70.03150814969094,10.312887361309574,1054.6196909149173,77633.3404012581,3164.6290271159496,557.2219415501278,615.9306892624861,1991.4763963033356,836.586337550186,2328.0426895657633,27.619644768273737,5,2,0,0,2,41.44730526635964,27.28203608610903,59.0598797129699,0.6353293237656634,0.0,0.6353293237656634,0.6353293237656634,2,0,0.3646706762343366,0.6353293237656634,0.6353293237656634,0.6353293237656634,0.0,0.6353293237656634,0.6353293237656634,0.0,0.6353293237656634,0.3646706762343366,13,1,2022,10,14,4,0,0,0,1,0,1,GRAVE_MORTALIDAD,2
5,1,0,0,4,0,-5.8792642951583725,-78.5807938778784,1,4,7,1,1,2,2,0,6861.21256742979,2.0,3,2,1.0,12,29,1442.497003592665,0.3744122727059834,70.8228960216279,41.29996819831768,4.805156160131368,610.9828000819551,7226.534500875456,3903.732,1155.121,585.018,2163.5930000000003,943.591,2960.1410000000005,24.17151074920102,5,1,0,0,3,39.060341280215994,34.35344709340533,43.76723546702666,1.0,0.26149412148948126,0.0,0.0,1,0,0.0,0.26149412148948126,0.0,1.0,0.26149412148948126,0.7385058785105187,0.26149412148948126,0.0,0.26149412148948126,0.0,9,1,2021,8,23,1,0,0,1,1,0,1,GRAVE_MORTALIDAD,2
4,1,14,2,4,4,-11.971344493250465,-76.99294217663498,0,1,1,1,2,1,1,1,6543.555,2.0,4,4,1.0,14,33,1198.0,0.701053025277506,79.62867561460851,73.1469484600971,10.064317505194426,1464.6926161541437,1150285.0494171206,7626.313,1683.4029999999998,1599.0829999999996,4343.827000000001,1814.875,5811.438000000001,23.797541485643197,2,1,0,0,1,41.833159797077805,39.332787933673096,44.333531660482514,1.0,0.6666170848793723,0.0,0.0,1,0,0.0,0.0,0.3333829151206277,1.0,1.0,0.0,0.3333829151206277,0.3333829151206277,0.3333829151206277,0.3333829151206277,16,1,2024,1,14,3,0,0,0,1,0,1,GRAVE_MORTALIDAD,2
6,1,1,0,4,2,-9.334149167713868,-77.57560444230232,0,4,0,0,1,2,2,0,6543.555,2.0,4,4,1.0,14,33,1198.0,0.39604087925294046,78.49070939347484,55.53626898479573,5.734551357083269,504.7262853994328,5284.222077473109,10767.648,1885.0630000000003,1222.721,7659.864000000001,2100.343,8667.305000000002,19.506051832303577,4,1,0,0,3,32.869487946049354,32.869487946049354,32.869487946049354,1.0,0.0,0.0,0.0,1,0,0.0,0.8804380022479436,0.11956199775205645,0.0,0.0,0.0,1.0,0.8804380022479436,0.8804380022479436,0.0,17,2,2022,6,7,2,0,0,0,1,0,1,GRAVE_MORTALIDAD,2
4,1,7,2,4,1,-14.533075009268302,-73.8917066613676,0,0,3,0,2,2,2,2,1235.7220571106895,2.0,2,0,1.0,5,20,204.67464251482468,0.665059638173663,79.02042417967107,76.22434621809958,10.185215434440174,1244.6912559343805,197672.0464063093,9170.134653642639,1575.6505122577998,1685.3550816789814,5909.129059705858,2428.5877985410343,6741.546855101605,26.18384946174656,3,1,0,0,1,44.57689283902013,37.418857175075324,51.73492850296494,1.0,0.0,0.0,0.0,1,0,0.0,0.5726428531155846,0.0,1.0,0.5726428531155846,0.4273571468844154,0.5726428531155846,0.0,0.0,0.0,10,1,2022,4,23,3,0,1,0,1,0,1,GRAVE_MORTALIDAD,2
3,1,3,0,4,1,-16.479387835461793,-71.96336476888536,1,4,7,1,2,0,1,0,6615.219792085813,2.0,2,1,1.0,10,31,1508.681218542521,0.6455852322566902,78.58826324858522,78.38415596279924,8.472481180514539,1258.6172876652156,2628.282655246253,10322.272,1495.236,1749.739,7077.2970000000005,2886.595,7435.677000000001,27.964725207783708,5,2,0,0,3,37.25674349630976,33.77023048892927,40.0,0.256743496309758,0.256743496309758,0.0,0.0,2,0,0.0,0.743256503690242,0.0,1.0,0.0,1.0,0.743256503690242,0.0,0.0,0.0,13,3,2023,7,12,1,0,0,0,1,0,1,GRAVE_MORTALIDAD,2
6,1,10,0,4,2,-14.015018779891928,-75.45704041002611,1,4,1,0,7,2,2,4,6543.555,2.0,4,4,1.0,14,33,1198.0,0.3836459514057415,75.35247580780259,53.60842908354961,6.895089385135739,413.1733588843099,929.6745182012849,3721.461,698.1859999999996,744.866,2278.409,1102.9029999999996,2618.558,29.636290693359403,2,1,0,0,1,56.62866968743515,56.62866968743515,56.62866968743515,0.8040956696335928,0.8040956696335928,0.0,0.0,1,0,0.0,0.0,0.0,0.1959043303664072,0.0,1.0,0.0,0.8040956696335928,0.8040956696335928,0.8040956696335928,10,1,2022,6,7,5,0,0,0,1,0,1,GRAVE_MORTALIDAD,2
3,2,7,0,4,1,-15.267085988270644,-71.0955996626508,0,4,2,1,2,0,1,1,568.5409999999999,1.0,2,3,0.0,9,3,93.0,0.39108101769949494,68.45523813342896,63.86842759794957,5.6986040497435795,527.1508550800972,1166.054539675754,17779.13499998999,2097.3709999899997,2863.123,12818.640999999989,2878.713,14900.421999989989,16.19152450331032,4,2,0,0,2,33.287031145766534,28.314685206863665,38.259377084669396,1.0,0.0,0.0,0.42593770846693946,2,0,0.0,0.0,1.0,1.0,0.0,0.42593770846693946,1.0,0.0,0.5740622915330605,0.0,1,0,2023,7,16,2,0,0,2,1,0,1,GRAVE_MORTALIDAD,2
6,1,7,0,4,0,-14.40399072421249,-71.12120526851334,0,4,6,1,1,2,2,2,7581.356734389425,2.0,2,0,1.0,9,5,1198.0,0.36786038267704313,76.38375579270601,62.19637352241403,5.954562435523957,371.04937387975923,9956.83410693428,17779.13499998999,2097.3709999899997,2863.123,12818.640999999989,2878.713,14900.421999989989,16.19152450331032,3,1,0,0,2,62.87241996471569,62.87241996471569,62.87241996471569,1.0,0.0,0.0,0.9946841651964872,1,0,0.0,0.0,0.0,1.0,0.0,0.005315834803512831,0.9946841651964872,0.0,0.0,0.0,3,0,2023,8,20,5,1,1,2,1,0,1,GRAVE_MORTALIDAD,2
3,2,11,0,4,1,-11.812731903044831,-75.44341314274406,6,3,7,0,2,2,2,0,7586.903,2.0,2,0,1.0,9,5,1198.0,0.5765187734040315,70.4146719696853,74.32147335146455,10.30963216611632,971.1365770671441,14293.039198317965,12264.545,1826.4639999999995,1105.5389999999998,9332.542,1588.5359999999996,10676.009,12.952261987705208,5,2,0,0,3,24.23125109484741,23.81499912412207,24.647503065572746,1.0,0.09250043793896379,0.09250043793896379,1.0,2,0,0.9074995620610362,0.0,0.0,1.0,0.0,1.0,0.9074995620610362,0.09250043793896379,1.0,0.0,16,1,2021,6,2,1,0,0,2,1,0,1,GRAVE_MORTALIDAD,2
6,6,5,0,4,2,-6.319034764943732,-78.7439480619046,0,4,5,0,1,2,2,1,6543.555,2.0,4,4,1.0,14,33,1198.0,0.34360860208951804,74.35626046968555,52.452235276491294,5.0349696148270215,391.03568645297577,8921.55021660292,15935.565011852366,1733.9250000199986,935.692,13265.948011832368,2000.1670000199988,13935.398011832369,12.551591352627522,7,1,0,0,6,43.24278290192127,42.3641743528819,43.901739313700794,0.7803478627401585,0.0,0.0,0.7803478627401585,1,0,0.0,0.7803478627401585,0.0,0.21965213725984145,0.0,0.0,1.0,0.0,1.0,0.0,16,2,2022,8,19,0,0,0,2,1,0,1,GRAVE_MORTALIDAD,2
6,1,1,0,4,2,-9.760941302199376,-77.37708133539523,2,4,1,0,5,2,2,0,6543.555,2.0,4,4,1.0,14,33,1198.0,0.3823893167619602,71.88870336892188,48.05266269730094,6.356439212819791,530.6032945929546,2068.9271609802536,10767.648,1885.0630000000003,1222.721,7659.864000000001,2100.343,8667.305000000002,19.506051832303577,3,1,0,0,2,38.26298266457844,38.26298266457844,38.26298266457844,1.0,0.0,0.0,0.32629826645784354,1,0,0.0,0.0,0.0,1.0,0.0,0.32629826645784354,0.6737017335421565,0.0,0.0,0.0,10,2,2022,10,12,0,0,0,0,1,0,1,GRAVE_MORTALIDAD,2
3,1,11,0,4,1,-11.000312663617033,-76.03044849691092,3,4,5,0,2,1,1,2,9936.932,2.0,2,0,1.0,9,32,3830.0,0.4350340804065427,73.12922339933881,61.052346434335035,7.1950469679461415,568.6570448376808,5737.934253212022,12264.545,1826.4639999999995,1105.5389999999998,9332.542,1588.5359999999996,10676.009,12.952261987705208,9,2,0,0,7,66.95496959535834,62.652473103586225,71.25746608713045,1.0,0.23250116940929455,0.0,0.7674988305907054,2,0,0.0,0.23250116940929455,0.23250116940929455,0.7674988305907054,0.0,0.7674988305907054,0.23250116940929455,0.0,0.7674988305907054,0.0,14,3,2023,5,8,1,0,0,2,1,0,1,GRAVE_MORTALIDAD,2
6,1,5,0,4,0,-11.920969699458535,-74.10741283246425,0,4,7,1,2,2,2,4,6543.555,2.0,4,4,1.0,14,33,1198.0,0.19234374147300828,71.81058522484017,40.92916457378978,3.939620425746072,133.96946791198988,3202.4277812132004,8535.141596055277,1298.7928258025672,1494.2659511262252,5742.082819126485,1367.0641374170193,7168.077458638259,16.066745453494118,3,1,0,0,2,35.45812570529958,35.45812570529958,35.45812570529958,1.0,0.0,0.0,0.0,1,0,0.0,0.30752979549045634,0.0,0.0,0.0,0.6924702045095437,0.30752979549045634,0.0,0.0,0.0,5,0,2021,5,7,2,0,0,1,1,0,1,GRAVE_MORTALIDAD,2
6,1,12,0,4,0,-7.769497350902689,-77.63052363231267,0,4,7,1,7,2,2,0,6543.555,2.0,4,4,1.0,14,33,1198.0,0.4686292122960986,72.39347765706144,42.14285241633188,6.687776775372348,878.2652317159998,9440.374732334049,8931.828000000005,1335.5899999999997,1935.9830000000004,5660.255000000005,1219.309,7712.519000000005,13.651281686122925,3,1,0,0,2,44.60329163802879,44.60329163802879,44.60329163802879,1.0,0.0,0.0,0.0,1,0,0.0,0.0,0.0,1.0,0.0,0.0,1.0,0.0,0.4920544893824006,0.0,9,1,2024,9,14,1,0,0,0,1,0,1,GRAVE_MORTALIDAD,2
5,1,20,0,4,2,-15.735918748235077,-69.77089729632753,0,4,1,1,2,2,2,2,6543.555,2.0,4,4,1.0,14,33,1198.0,0.23963557644983152,72.37670633679603,64.2985881061537,4.494698674411818,159.1931782127011,9638.418275635231,13642.312999999998,2020.7790000000005,2354.117,9267.416999999998,3314.0520000000006,10328.260999999997,24.29244952817019,3,1,0,0,1,47.578558306216564,47.273321085802124,47.883795526631,1.0,0.2034914802762916,0.0,0.0,1,0,0.0,0.0,0.0,1.0,0.2034914802762916,0.7965085197237084,0.0,0.2034914802762916,0.0,0.2034914802762916,19,2,2022,11,13,5,0,0,2,1,0,1,GRAVE_MORTALIDAD,2
3,1,13,0,4,1,-12.078101850931915,-74.62659278392273,3,4,7,1,2,0,1,2,9390.453126992374,2.0,2,0,1.0,9,25,3217.9512151739095,0.42773070278654174,70.85759116912278,64.57546407392626,7.331569707108351,549.9332404072368,6143.208099168932,12584.933005384602,1871.6502688539063,1395.8849907525037,9317.397745778191,1989.7897883730911,10595.14321701151,15.589324299195164,5,2,0,0,3,68.23290270177247,63.11663203596204,73.34917336758289,1.0,0.232541331620855,0.0,0.767458668379145,2,0,0.0,0.232541331620855,0.0,1.0,0.0,1.0,0.232541331620855,0.0,1.0,0.0,15,3,2022,4,12,1,0,0,2,1,0,1,GRAVE_MORTALIDAD,2
6,1,4,0,4,0,-14.576485717194108,-73.53799311599961,0,4,1,0,2,2,2,2,6543.555,2.0,4,4,1.0,14,33,1198.0,0.3954718428872896,75.11801893042411,53.12097906181196,6.235363007789149,575.4179831001957,920.686130921539,12678.733000000004,1805.074000000001,1774.0339999999994,9099.625000000004,2485.375000000001,10193.358000000002,19.602707936195205,4,1,0,0,3,40.77396680321135,40.77396680321135,40.77396680321135,1.0,0.7739668032113479,0.0,0.7739668032113479,1,0,0.0,0.0,0.0,1.0,0.0,0.22603319678865208,0.7739668032113479,0.0,0.0,0.0,3,0,2021,11,26,1,0,1,2,1,0,1,GRAVE_MORTALIDAD,2
6,1,1,0,4,1,-9.49247055427445,-77.60774465419098,0,4,5,0,3,2,2,0,638.1657929351254,1.5510509532949324,1,3,0.0,9,17,174.18168803582938,0.4569863713368164,70.92594181702167,55.09123714641409,7.037880328173191,718.6888706563284,1245.4740608040493,10767.648,1885.0630000000003,1222.721,7659.864000000001,2100.343,8667.305000000002,19.506051832303577,14,1,0,0,13,43.6936942802304,43.6936942802304,43.6936942802304,1.0,0.0,0.0,0.0,1,0,0.0,0.0,0.5510509532949324,0.44894904670506763,0.0,0.44894904670506763,0.5510509532949324,0.0,0.0,0.0,15,1,2021,7,9,4,0,0,0,1,0,1,GRAVE_MORTALIDAD,2
3,2,16,2,2,2,-13.67488309007844,-73.78170259409927,0,3,7,1,2,2,2,0,4142.729940516283,2.0,3,2,1.0,10,29,742.050345610072,0.6332324797913371,76.95417212548662,77.54814515519419,9.464137313252355,1178.8314410900264,224636.6651502372,10492.554505548387,1844.1412137925354,1958.8086962932548,6689.604595462597,2529.13752353117,7963.416982017217,24.033333701886644,6,2,0,0,4,27.622982727522306,20.952872840940287,37.151711136925194,1.0,0.0,0.0,0.47643642047014423,2,0,0.0,0.47643642047014423,0.0,1.0,0.0,1.0,0.47643642047014423,0.47643642047014423,0.47643642047014423,0.47643642047014423,5,0,2023,10,17,0,0,1,0,1,0,1,GRAVE_MORTALIDAD,2
6,1,6,0,4,1,-13.48903208980182,-74.194164958638,0,4,5,0,2,1,0,2,1819.9061419163813,1.7177375295870672,1,3,0.7177375295870672,9,26,439.47774945210335,0.315903470567468,72.08732164402754,52.86892145974592,5.202759537487706,315.9007338432175,3388.925212069908,8468.393675073195,1399.4005885459756,1807.9913780317147,5261.001708495505,1753.437031022342,6714.956644050852,20.687632621852295,30,1,0,0,29,42.137286227756114,42.137286227756114,42.137286227756114,1.0,0.28226247041293284,0.0,0.7177375295870672,1,0,0.0,0.0,0.7177375295870672,0.28226247041293284,0.0,0.28226247041293284,0.7177375295870672,0.0,0.0,0.0,4,0,2023,6,14,2,0,0,2,1,0,1,GRAVE_MORTALIDAD,2
1,0,14,2,2,3,-12.016990634659184,-76.89244409139381,0,0,7,1,2,2,2,3,4854.096491525115,2.0,3,2,1.0,10,27,887.4051721531347,0.6868549636939637,79.62363164345142,76.30894566128948,9.209137883551294,1425.4498631666322,684921.8484148846,7626.313,1683.4029999999998,1599.0829999999996,4343.827000000001,1814.875,5811.438000000001,23.797541485643197,2,1,0,0,0,32.230789591602836,29.423092193702125,34.33656264002837,1.0,0.0,0.0,0.7019243494751772,1,0,0.0,0.0,0.7019243494751772,0.29807565052482277,0.29807565052482277,0.0,0.7019243494751772,0.0,0.29807565052482277,0.0,20,2,2021,6,9,1,0,0,0,1,0,1,GRAVE_MORTALIDAD,2
3,1,15,2,5,3,-13.036670910232235,-75.12976580698061,0,3,2,1,2,0,1,0,5143.457102730899,2.0,3,2,1.0,12,30,932.1021788113169,0.7122521128517016,78.38150273479307,78.2198447704327,11.503160606837264,1426.6218842683516,245812.74016327425,9297.829501850698,1777.1412897819782,1808.8655449565058,5711.822667112214,2231.4140782405293,7066.415423610169,23.935049291491353,5,2,0,1,1,43.221548367934346,37.88740640945556,50.222761305652526,1.0,0.0,0.0,0.2778451632065655,2,0,0.0,0.2778451632065655,0.0,1.0,0.0,1.0,0.2778451632065655,0.2778451632065655,0.2778451632065655,0.2778451632065655,8,1,2022,11,18,0,0,1,0,1,0,1,GRAVE_MORTALIDAD,2