CLASE SINIESTRO,CANTIDAD DE VEHICULOS DAÑADOS,DEPARTAMENTO,ZONA,TIPO DE VÍA,RED VIAL,COORDENADAS LATITUD,COORDENADAS  LONGITUD,CONDICIÓN CLIMÁTICA,ZONIFICACIÓN,CARACTERÍSTICAS DE VÍA,PERFIL LONGITUDINAL VÍA,SUPERFICIE DE CALZADA,¿EXISTE SEÑAL VERTICAL?,¿EXISTE SEÑAL HORIZONTAL?,CAUSA FACTOR PRINCIPAL,MTC_RVN_LONGITUD_KM,MTC_RVN_N_CARRILES_MEDIANA,MTC_RVN_SUPERFICIE_DOMINANTE,MTC_RVN_ESTADO_DOMINANTE,MTC_RVN_ES_CONCESIONADA,MTC_RVN_CONCESION_PRINCIPAL,MTC_RVN_CORREDOR_LOGISTICO,MTC_RVN_N_TRAMOS,IDH_2019,IDH_ESP_VIDA_2019,IDH_EDUC_SECUND_PCT_2019,IDH_ANIOS_EDUC_2019,IDH_INGRESO_PERCAP_2019,IDH_POBLACION_2019,MTC_DEP_RED_TOTAL_KM,MTC_DEP_NACIONAL_TOTAL_KM,MTC_DEP_DEPARTAMENTAL_TOTAL_KM,MTC_DEP_VECINAL_TOTAL_KM,MTC_DEP_PAV_TOTAL_KM,MTC_DEP_NO_PAV_TOTAL_KM,MTC_DEP_PCT_PAVIMENTADA,PER_TOTAL_PERSONAS,PER_N_CONDUCTORES,PER_N_CONDUCTORES_FUGADOS,PER_N_PEATONES,PER_N_PASAJEROS_OCUPANTES,PER_EDAD_COND_PROM,PER_EDAD_COND_MIN,PER_EDAD_COND_MAX,PER_ANY_COND_MASCULINO,PER_ANY_LIC_PROBLEMA,PER_ANY_DOSAJE_POS,PER_ANY_DOSAJE_EVALUADO,VEH_TOTAL,VEH_N_FUGADOS,VEH_ANY_FUGADO,VEH_ANY_CARGA,VEH_ANY_PUBLICO,VEH_ANY_PARTICULAR,VEH_ANY_MOTO,VEH_ANY_AUTO,VEH_ANY_CAMION_BUS,VEH_ANY_SOAT_PROBLEMA,VEH_ANY_CITV_PROBLEMA,VEH_ANY_SEGURO_PROBLEMA,HORA_NUM,FRANJA_HORARIA,ANIO,MES,DIA_MES,DIA_SEMANA,ES_FIN_SEMANA,ES_QUINCENA,REGION_NATURAL,TIENE_SEÑALIZACION,ES_VIA_MULTICARRIL,ES_DEPTO_BAJO_PAVIMENTO,CATEGORIA_SEVERIDAD,CATEGORIA_SEVERIDAD_ENC
6,1,14,0,4,1,-10.480849376146937,-77.05834734752848,0,4,3,0,5,2,2,0,1031.172,-1.0,1,0,0.0,9,32,405.0,0.41537523184677444,71.77847459844773,61.11887077179024,6.680616698607949,543.9639542135178,1010.9633452611838,7626.313,1683.4029999999998,1599.0829999999996,4343.827000000001,1814.875,5811.438000000001,23.797541485643197,3,1,0,0,2,40.28780154996219,40.28780154996219,40.28780154996219,1.0,0.0,0.0,0.0,1,0,0.0,0.7715120619984877,0.0,0.22848793800151235,0.0,0.0,1.0,0.0,0.0,0.0,6,0,2022,9,13,3,0,0,0,1,0,1,GRAVE_MORTALIDAD,2
4,1,12,1,4,1,-8.049647223790242,-78.60711163215151,0,4,7,1,3,2,2,1,607.229534123167,2.3038017311249215,1,1,0.6519008655624606,10,32,106.42346023919842,0.4238447003594227,78.7991069790827,54.714277532691916,6.568113481346477,648.9215449948288,19902.730813911436,8931.828000000005,1335.5899999999997,1935.9830000000004,5660.255000000005,1219.309,7712.519000000005,13.651281686122925,2,1,0,0,1,30.148760819530757,20.04429740331262,40.2532242357489,1.0,0.0,0.0,0.0,1,0,0.0,0.0,0.0,1.0,0.6519008655624606,0.0,0.34809913443753937,0.0,0.0,0.6519008655624606,13,1,2022,8,19,4,0,1,0,1,0,1,GRAVE_MORTALIDAD,2
3,2,10,1,4,1,-14.858980814122086,-74.93520348590303,0,3,5,0,2,1,0,2,5902.394425171711,2.0,2,0,1.0,8,30,1364.4581922987893,0.5563774842369664,77.00938809632027,69.10246351364754,8.476961866273152,914.8835608305218,27932.19700214133,3721.461,698.1859999999996,744.866,2278.409,1102.9029999999996,2618.558,29.636290693359403,4,2,0,0,2,44.92445394101285,42.162085917051265,47.68682196497444,1.0,0.0,0.8324171834102527,1.0,2,0,0.0,0.0,0.8324171834102527,0.8324171834102527,0.0,0.16758281658974727,1.0,0.0,0.0,0.0,22,2,2021,4,14,4,0,0,0,1,0,1,GRAVE_MORTALIDAD,2
6,1,1,0,4,1,-8.479161599673391,-78.01601684739674,0,4,0,0,1,1,1,0,9936.932,2.0,2,0,1.0,9,32,3830.0,0.30423154798641033,68.48877795480357,33.287119341860986,5.608271204334723,356.17424821203787,2794.4451276007917,10767.648,1885.0630000000003,1222.721,7659.864000000001,2100.343,8667.305000000002,19.506051832303577,3,1,0,0,2,55.11702901930479,55.11702901930479,55.11702901930479,1.0,0.02452697168597817,0.0,0.9754730283140218,1,0,0.0,0.0,0.0,1.0,0.0,0.02452697168597817,0.9754730283140218,0.0,0.0,0.0,9,1,2021,2,19,4,0,1,0,1,0,1,GRAVE_MORTALIDAD,2
6,1,10,0,4,2,-10.251508319134976,-76.62481484433229,1,4,2,0,1,2,2,1,6543.555,2.0,4,4,1.0,14,33,1198.0,0.272031231243123,74.3595020494343,38.943149130344196,4.388265074369507,288.47398392239694,24471.55850523559,8732.488381518666,1387.6546622235526,1970.3755589014963,5374.458160393618,1532.3854598995044,7200.102921619162,17.64930590357409,4,1,0,0,3,37.52583570372801,35.62917851864007,38.94832859254397,1.0,0.0,0.0,0.0,1,0,0.0,0.5258357037280136,0.0,0.4741642962719864,0.0,0.4741642962719864,0.5258357037280136,0.0,0.0,0.0,12,1,2021,5,17,1,0,1,0,1,0,1,GRAVE_MORTALIDAD,2
5,1,3,0,4,1,-16.14829813130321,-71.63690824498063,0,4,6,0,2,1,1,0,1504.4250000000002,2.0,2,0,1.0,7,25,241.0,0.6005060748875158,78.21704200773246,77.40211893847457,8.994742794352394,996.014120858737,33335.45824411135,10322.272,1495.236,1749.739,7077.2970000000005,2886.595,7435.677000000001,27.964725207783708,4,1,0,0,3,22.833673517568112,22.53355105124359,23.133795983892632,1.0,0.0,0.0,0.06669388140544885,1,0,0.0,1.0,0.0,0.0,0.0,0.0,1.0,0.0,0.0,0.0,2,0,2024,3,11,0,0,0,0,1,0,1,GRAVE_MORTALIDAD,2
5,1,7,0,4,2,-13.453738615029101,-72.42788056557136,0,4,0,0,1,2,2,5,6543.555,2.0,4,4,1.0,14,33,1198.0,0.3322254295020771,70.86778621112869,49.290781252387035,5.260509352535833,381.58489786208816,8719.43921320533,17779.13499998999,2097.3709999899997,2863.123,12818.640999999989,2878.713,14900.421999989989,16.19152450331032,12,1,0,0,11,37.68739998232177,37.56716920629168,37.807630758351856,1.0,0.04809231041203543,0.9519076895879646,0.9519076895879646,1,0,0.0,0.04809231041203543,0.0,1.0,0.0,0.9519076895879646,0.04809231041203543,0.0,0.9519076895879646,0.0,20,2,2023,8,29,4,0,0,2,1,0,1,GRAVE_MORTALIDAD,2
3,1,9,0,4,1,-6.239734073298629,-79.64260625008659,2,4,7,1,2,2,2,0,6902.722680764991,2.7043349607283806,2,0,1.0,2,27,1669.5475958407253,0.4238779520926937,74.46905313663028,55.734855490879596,5.490525391539984,647.429560187653,49390.55694551349,3590.978399703209,704.3050693711532,658.7689137378688,2227.904416594187,774.3843863744567,2816.594013328752,21.46579675591979,14,2,0,0,12,46.108374018209524,41.49536913602438,50.72137890039467,1.0,0.29566503927161913,0.0,0.0,2,0,0.0,0.0,0.7043349607283809,1.0,0.29566503927161913,0.29566503927161913,0.7043349607283809,0.0,0.29566503927161913,0.0,6,0,2021,4,14,1,0,0,0,1,0,1,GRAVE_MORTALIDAD,2
0,1,10,0,4,1,-13.590986789988913,-76.17161832630717,0,4,7,1,2,2,2,0,205.54999999999995,-1.0,2,0,1.0,13,31,15.0,0.5331726637017643,79.16297087227693,61.76044673667726,8.353910081931295,811.0444886874786,13781.382997572568,3721.461,698.1859999999996,744.866,2278.409,1102.9029999999996,2618.558,29.636290693359403,2,1,0,0,0,18.55147444489363,17.607098695827943,19.226028551369122,1.0,0.9325445893524509,0.0,0.0,1,0,0.0,0.06745541064754912,0.0,1.0,0.9325445893524509,0.06745541064754912,0.06745541064754912,0.9325445893524509,0.9325445893524509,0.9325445893524509,18,1,2022,9,9,4,0,0,0,1,0,1,GRAVE_MORTALIDAD,2
3,1,6,0,4,1,-6.107316940562546,-79.34250882781873,3,4,7,1,2,2,2,0,7122.745768333679,2.523213054970875,2,0,1.0,4,25,1788.7258098291643,0.44586871285539703,73.72587468264766,58.852544818400546,5.85739039909142,708.193288543076,49689.59619306325,3671.4039518576774,820.2337752483968,639.8036389860004,2211.3665376232807,817.8963885260168,2853.507563331661,22.16157944771043,11,2,0,0,9,41.58032637427187,37.51068720935925,45.64996553918449,1.0,0.4767869450291251,0.0,0.0,2,0,0.0,0.0,0.5232130549708749,1.0,0.4767869450291251,0.4767869450291251,0.5232130549708749,0.0,0.4767869450291251,0.0,7,0,2021,4,16,1,0,0,0,1,0,1,GRAVE_MORTALIDAD,2
3,1,10,0,4,1,-13.544804576853037,-76.10972008714823,0,4,7,1,2,0,0,1,606.1728372301732,-0.18464045175961252,2,0,1.0,11,29,96.53595482403875,0.5810598701981836,77.94070958045405,67.3416433945843,9.151815546108708,965.8320908886363,5479.945228650446,3721.461,698.1859999999996,744.866,2278.409,1102.9029999999996,2618.558,29.636290693359403,4,2,1,0,1,40.89560673048185,40.533224709041676,41.34858425728207,1.0,0.7282134839198708,0.0,0.27178651608012916,2,0,0.7282134839198708,0.27178651608012916,0.7282134839198708,0.27178651608012916,0.27178651608012916,1.0,0.0,0.0,0.27178651608012916,1.0,11,1,2022,3,17,4,0,0,0,0,0,1,GRAVE_MORTALIDAD,2
6,1,14,2,4,1,-12.010300381730845,-76.87129552198552,3,3,6,1,4,2,2,0,875.67,2.0,2,0,1.0,3,14,156.0,0.6868549636939637,79.62363164345142,76.30894566128948,9.209137883551294,1425.4498631666322,684921.8484148846,7626.313,1683.4029999999998,1599.0829999999996,4343.827000000001,1814.875,5811.438000000001,23.797541485643197,2,1,0,0,1,30.613331287823687,28.209998465867766,32.41583090429063,1.0,0.0,0.0,0.0,1,0,0.0,0.0,0.0,1.0,1.0,0.0,0.0,0.6008332054889804,1.0,0.6008332054889804,10,0,2022,4,12,6,1,0,0,1,0,1,GRAVE_MORTALIDAD,2
4,1,20,0,4,1,-15.777314775207648,-69.9683210576433,0,4,4,1,2,0,1,2,7586.903,2.0,2,0,1.0,9,5,1198.0,0.3554654142283098,71.16505587225545,68.65363436794496,6.1408689303051425,351.8249272904647,5870.809430644931,13642.312999999998,2020.7790000000005,2354.117,9267.416999999998,3314.0520000000006,10328.260999999997,24.29244952817019,3,1,0,0,1,54.707726909274314,51.41545381854862,58.0,1.0,1.0,0.0,0.0,1,0,0.0,0.5985951074046708,0.0,1.0,0.0,0.5985951074046708,1.0,0.0,0.5985951074046708,0.0,17,3,2022,4,19,5,1,0,2,1,0,1,GRAVE_MORTALIDAD,2
4,1,20,0,4,1,-15.178946869891302,-70.23439147399887,0,4,4,0,3,2,2,3,1594.1080140923095,2.0,1,0,0.6529496581378422,7,27,325.6802834143665,0.46746269443123883,76.75411009564883,70.72901137934119,7.263432126095037,596.4311487782317,7253.561599514249,13642.312999999998,2020.7790000000005,2354.117,9267.416999999998,3314.0520000000006,10328.260999999997,24.29244952817019,3,1,0,0,2,29.796978247690497,24.899855811656682,34.694100683724315,1.0,0.3470503418621578,0.0,0.0,1,0,0.0,0.0,0.0,1.0,0.0,0.3470503418621578,0.6529496581378422,0.0,1.0,0.6529496581378422,2,0,2022,10,16,2,0,0,2,1,0,1,GRAVE_MORTALIDAD,2
9,1,2,0,4,1,-13.668771888793103,-73.16085950994272,4,4,5,1,1,1,1,2,7586.903,2.0,2,0,1.0,9,5,1198.0,0.29532158811327064,76.7729325505551,61.910267662039,4.083737715017735,275.7320481773188,7407.64651429808,8358.971,1282.451,1298.0969999999998,5778.423,1432.683,6926.288,17.139466089785454,3,1,0,0,2,48.92256343151966,48.92256343151966,48.92256343151966,1.0,0.0,0.0,0.0,1,0,0.0,0.0,0.846080490217095,0.15391950978290503,0.0,0.15391950978290503,0.846080490217095,0.0,0.15391950978290503,0.0,15,3,2023,10,13,2,0,0,2,1,0,1,GRAVE_MORTALIDAD,2
6,1,8,0,4,1,-13.460962242634555,-75.34656151154091,0,4,0,1,1,1,1,0,1679.791806784387,1.977031676545176,1,3,0.977031676545176,9,24,314.35688694326495,0.5231972591371832,73.89358297424157,52.64761234056598,8.81607440486646,886.080164508781,2042.813493444351,8521.081929117054,1442.8710091796895,2006.8500385948514,5071.360881342513,1864.4137050724833,6656.66822404457,21.889346708639682,4,1,0,0,3,51.93109502963553,51.93109502963553,51.93109502963553,1.0,0.022968323454824024,0.0,0.0,1,0,0.0,0.0,0.0,1.0,0.0,0.0,1.0,0.0,0.0,0.0,15,2,2023,9,2,0,0,0,1,1,0,1,GRAVE_MORTALIDAD,2
4,1,7,0,4,1,-13.620500453600801,-71.74940415699726,3,3,3,1,2,1,0,4,7586.903,2.0,2,0,1.0,9,5,1198.0,0.48061530771183136,69.94172330575115,68.2566709762197,7.942734333507521,711.4347881470794,6019.224340724882,17779.13499998999,2097.3709999899997,2863.123,12818.640999999989,2878.713,14900.421999989989,16.19152450331032,4,1,0,0,2,37.26112785870741,35.89544453965578,38.626811177759045,1.0,0.4552277730172112,0.5447722269827888,0.5447722269827888,1,0,0.0,0.0,0.0,1.0,0.0,1.0,0.0,0.0,0.4552277730172112,0.0,14,3,2022,6,12,3,0,0,2,1,0,1,GRAVE_MORTALIDAD,2
3,0,14,2,2,4,-12.127919784408276,-76.99617398570238,0,0,6,1,2,1,1,1,6543.555,2.0,4,4,1.0,14,33,1198.0,0.7436351042736956,79.69348619162089,76.40547694811163,11.158805874347458,1606.2904316881213,336803.17802619596,7626.313,1683.4029999999998,1599.0829999999996,4343.827000000001,1814.875,5811.438000000001,23.797541485643197,3,2,0,0,1,30.26394813129963,27.085506542338234,33.442389720261026,1.0,0.8643116822077207,0.8643116822077207,0.8643116822077207,2,0,0.0,0.1356883177922793,0.0,0.8643116822077207,0.8643116822077207,0.8643116822077207,0.1356883177922793,0.1356883177922793,1.0,0.0,17,1,2021,2,8,2,0,0,0,1,0,1,GRAVE_MORTALIDAD,2
5,1,21,0,4,1,-17.376806801502653,-69.99521660503807,4,4,0,1,2,2,2,2,1180.7481055406101,1.1063647466538664,1,2,0.1063647466538663,9,30,178.5527539196928,0.48582866343168885,76.88109460886247,76.05447055141991,8.05734425440502,607.5317494212561,3340.5732861456518,2682.332726080338,613.6133710136795,531.5761869955325,1537.1431680711255,1047.1890918007755,1635.143634279562,39.156001802407935,5,1,0,0,4,28.80820069311573,28.17001221319253,29.446389173038924,1.0,0.0,0.1063647466538663,0.1063647466538663,1,0,0.0,0.1063647466538663,0.0,1.0,0.0,0.8936352533461337,0.1063647466538663,0.0,0.1063647466538663,0.0,15,3,2023,1,6,3,0,0,0,1,0,1,GRAVE_MORTALIDAD,2
6,1,5,0,4,2,-6.314654518192208,-78.69140166467172,0,4,6,0,1,2,2,0,6543.555,2.0,4,4,1.0,14,33,1198.0,0.33757180278268073,75.26996982251812,52.40074706414775,4.9130058082822545,370.6457425367077,9141.278586260996,15935.565011852366,1733.9250000199986,935.692,13265.948011832368,2000.1670000199988,13935.398011832369,12.551591352627522,3,1,0,0,2,21.26885332835029,20.970299604032576,21.492768621588574,0.9253615689205712,0.0,0.0,0.0,1,0,0.0,0.0746384310794288,0.9253615689205712,0.0,0.9253615689205712,0.0,0.0,0.0,1.0,0.0,13,3,2022,1,9,5,0,0,2,1,0,1,GRAVE_MORTALIDAD,2
6,1,4,0,4,1,-14.636502781505184,-73.86593261640253,0,4,0,0,2,1,0,2,2238.6850000000004,2.0,2,0,1.0,4,27,115.0,0.3300897311746075,64.38421773831661,56.37290541799783,5.859684269785795,371.83950916047775,2906.766309457281,12678.733000000004,1805.074000000001,1774.0339999999994,9099.625000000004,2485.375000000001,10193.358000000002,19.602707936195205,31,1,0,0,30,44.246973230372745,44.246973230372745,44.246973230372745,1.0,0.0,0.0,1.0,1,0,0.0,0.09226456682248729,0.9077354331775127,0.0,0.0,0.0,1.0,0.0,0.0,0.0,4,0,2024,6,27,0,0,0,2,1,0,1,GRAVE_MORTALIDAD,2
3,1,10,0,4,1,-13.47692256524775,-76.18294198888651,0,4,7,1,2,0,0,1,210.61234283206977,-0.989696968866947,2,0,1.0,12,30,16.03030311330525,0.5933877014428574,79.79892485107833,65.42918649279137,9.549342720217815,978.7529344438832,5316.392911725304,3721.461,698.1859999999996,744.866,2278.409,1102.9029999999996,2618.558,29.636290693359403,3,2,0,0,1,36.977676765878385,36.95878787546779,36.99656565628898,1.0,0.9965656562889824,0.0,0.0034343437110175845,2,0,0.9965656562889824,0.0034343437110175845,0.9965656562889824,0.0034343437110175845,0.0,0.9965656562889824,0.0034343437110175845,0.0,0.0034343437110175845,0.9965656562889824,8,1,2022,1,23,5,0,1,0,0,0,1,GRAVE_MORTALIDAD,2
3,1,11,0,4,1,-8.306330847963167,-78.00749216099908,0,4,4,1,2,1,1,0,6907.464159476427,2.0,3,2,1.0,12,29,1478.096267788669,0.5498021923296712,77.86917567687314,59.987036879152384,8.005963389452395,945.4096368612095,34204.93311867498,8715.30879190815,1334.9573119598183,1593.2751808258358,5787.076299122495,1171.5428503755045,7543.765941532644,13.429471767842255,3,1,0,0,1,56.810363179756095,54.00863598313008,59.61209037638211,1.0,0.0,0.0,0.0,1,0,0.0,0.2995682008434961,0.7004317991565039,0.7004317991565039,0.7004317991565039,0.0,0.2995682008434961,0.7004317991565039,0.7004317991565039,0.7004317991565039,7,0,2023,7,14,1,0,0,0,1,0,1,GRAVE_MORTALIDAD,2
3,2,20,0,4,1,-16.887082349563553,-70.43100737923655,1,4,6,1,2,2,2,1,2233.7694264236625,2.0,2,0,1.0,8,28,432.7126307541998,0.547587198621203,74.47132308293084,68.40058953568506,8.44699782706778,904.6648931929525,3328.066965194236,2521.980894748449,577.5907562955914,453.53869355304175,1490.8514448998153,936.7371575565728,1585.2437371918754,36.487026459312915,4,2,0,0,1,47.02726296143199,35.54089444214798,64.93402498966591,1.0,0.22955277892601023,0.0,0.7704472210739898,2,0,0.0,1.0,0.0,0.0,0.0,0.22955277892601023,1.0,0.0,0.0,0.0,19,1,2021,11,27,0,0,1,0,1,0,1,GRAVE_MORTALIDAD,2
3,1,4,0,4,1,-10.019521165073353,-77.05225162247969,5,4,0,0,2,1,1,2,9936.932,2.0,2,0,1.0,9,32,3830.0,0.5125264516089606,78.09635603552098,71.3661557956334,7.402095342053162,763.695637861693,2172.150825800988,11272.55560399967,1865.2973910858418,1183.195179017067,8224.063033896762,1927.709047176085,9344.846556823588,17.295439928108742,4,2,0,0,2,32.6805599276362,24.313485817662567,41.04763403760984,1.0,0.6626971635325136,0.0,0.6626971635325136,2,0,0.0,1.0,0.3373028364674864,0.0,0.0,0.6626971635325136,1.0,0.0,0.0,0.0,14,1,2021,4,10,3,0,0,0,1,0,1,GRAVE_MORTALIDAD,2
3,2,20,0,4,0,-16.35129876172965,-69.10645781837162,0,4,7,1,2,2,2,4,6543.555,2.0,4,4,1.0,14,33,1198.0,0.20858536473146144,74.11982318529608,61.34082507031208,4.96386594283482,113.11310739003571,4264.1417866647425,13642.312999999998,2020.7790000000005,2354.117,9267.416999999998,3314.0520000000006,10328.260999999997,24.29244952817019,3,2,0,0,1,31.723482844348954,26.69427127071592,36.752694417981985,1.0,0.9415768527339338,0.0,0.0,2,0,0.0,0.0,1.0,0.9415768527339338,0.9415768527339338,0.0,1.0,0.0,0.9415768527339338,0.9415768527339338,19,2,2022,4,15,5,0,0,2,1,0,1,GRAVE_MORTALIDAD,2
4,1,12,2,2,2,-10.045130034301362,-78.05992466978343,0,0,8,1,2,2,2,0,6588.899979387831,2.0,3,2,1.0,11,32,1394.5795621667023,0.7354506278605464,79.69382963790535,77.02502480715307,11.646923585413676,1511.896970283941,332382.7983768632,8317.862528463967,1499.16159630595,1777.5436351819092,5041.157296976109,1499.395372060704,6818.467156403265,18.42292596607342,2,2,0,0,0,32.58400447448285,30.702860338916324,34.46514861004938,1.0,0.5297139661083676,0.0,0.0,2,0,0.0,0.0,0.0,1.0,0.5297139661083676,0.47028603389163237,0.0,0.0,0.0,0.47028603389163237,15,2,2023,10,18,5,1,1,0,1,0,1,GRAVE_MORTALIDAD,2
5,1,22,0,4,1,-17.719934966441556,-70.61442035141872,4,4,6,1,4,2,2,0,6569.358105979064,2.0,3,2,1.0,12,32,1309.8616293222221,0.5740119060723365,73.90887877321526,69.46292212651063,8.605731867510555,1032.2622048717442,3721.9283729629155,2650.572,630.6729999999998,487.3610000000001,1532.5379999999998,1068.7019999999998,1581.87,40.31967439480987,3,1,0,0,2,49.84034993525607,46.98582669896332,51.80283466020734,1.0,0.26761155340244513,0.0,0.0,1,0,0.0,1.0,0.0,0.0,0.0,0.26761155340244513,1.0,0.0,0.0,0.0,7,0,2021,4,15,2,0,0,0,1,0,1,GRAVE_MORTALIDAD,2
5,1,3,0,4,1,-16.004421098557756,-71.27054847407352,0,4,1,0,2,1,1,0,1504.4250000000002,2.0,2,0,1.0,7,25,241.0,0.4685280505645348,81.83746865987648,70.74305753660312,6.037751599761188,617.4715908037651,1751.8736616702354,10322.272,1495.236,1749.739,7077.2970000000005,2886.595,7435.677000000001,27.964725207783708,5,1,0,0,3,28.168741174966296,27.910707409064646,28.290168829508247,1.0,0.9241077159112795,0.0,0.0,1,0,0.0,0.07589228408872051,0.0,1.0,0.0,1.0,0.07589228408872051,0.0,0.07589228408872051,0.0,6,1,2023,5,13,4,0,0,0,1,0,1,GRAVE_MORTALIDAD,2
3,2,3,0,4,1,-16.089933391775,-71.60035379274831,0,3,0,0,2,1,1,0,1504.4250000000002,2.0,2,0,1.0,7,25,241.0,0.6005060748875158,78.21704200773246,77.40211893847457,8.994742794352394,996.014120858737,33335.45824411135,10322.272,1495.236,1749.739,7077.2970000000005,2886.595,7435.677000000001,27.964725207783708,5,2,0,0,3,38.14064680280545,34.14892014414695,42.124100120122456,1.0,0.0,0.0,0.9751799759755083,2,0,0.0,0.9751799759755083,0.024820024024491683,1.0,0.0,1.0,1.0,0.0,0.0,0.0,8,0,2022,8,8,1,0,0,0,1,0,1,GRAVE_MORTALIDAD,2
2,1,18,0,3,3,-6.327275314699163,-79.98168749736887,0,3,5,1,2,2,2,0,6543.555,2.0,4,4,1.0,14,33,1198.0,0.6400822768495643,80.20417468505373,73.11700467738537,10.12603393215849,1117.3383119617972,159327.00660186747,8742.417731455007,1765.8977301922716,797.4679201749752,6179.052081087761,2147.8484570767205,6594.569274378287,24.54892591255659,2,1,0,0,0,38.833204356596674,28.00154772083991,49.66486099235344,1.0,0.16679564340332564,0.8332043565966744,0.8332043565966744,1,0,0.0,0.8332043565966744,0.0,1.0,0.8332043565966744,0.0,1.0,0.0,0.8332043565966744,0.0,17,2,2021,8,26,4,0,0,0,1,0,1,GRAVE_MORTALIDAD,2
2,1,18,0,4,0,-6.375290067098608,-77.43332320180784,6,4,5,0,1,1,1,1,6543.555,2.0,4,4,1.0,14,33,1198.0,0.4174963146997298,72.74497704424522,51.69516897529383,6.346463151628472,645.7121856086032,12298.066559254139,4982.9079044536575,724.1665056602932,881.795465600962,3376.945933192402,919.4551189427145,4063.4527855109427,18.672465220600756,3,1,0,0,1,39.545684874323456,33.27284243716173,45.81852731148519,1.0,0.0,0.0,0.69698249301797,1,0,0.0,0.0,0.0,0.69698249301797,0.0,0.0,1.0,0.0,0.69698249301797,0.69698249301797,8,0,2021,7,23,3,0,1,0,1,0,1,GRAVE_MORTALIDAD,2
6,1,18,0,4,1,-6.0630626099092515,-79.32854450624657,0,4,6,0,2,1,0,1,344.77279032366437,1.9665475165520823,1,0,0.9665475165520824,1,19,57.35954635854188,0.22513229706360416,65.51451921721868,43.61612427308293,4.205128021393025,202.38587520022008,38806.813256235575,8950.644522529592,1771.1378775388582,682.876750098488,6496.629894892247,2203.3008935867147,6747.343628942878,24.611819534680833,2,1,0,0,1,42.26761986758334,42.26761986758334,42.26761986758334,1.0,1.0,0.0,0.0,1,0,0.0,0.9665475165520824,0.0,0.033452483447917625,0.033452483447917625,0.0,0.9665475165520824,0.033452483447917625,1.0,0.033452483447917625,5,0,2023,4,21,0,0,1,0,1,0,1,GRAVE_MORTALIDAD,2
3,2,3,0,4,1,-16.526667715793277,-71.95097403047767,4,4,7,1,2,0,1,0,6579.411714797495,2.0,3,2,1.0,12,32,1353.446035940187,0.6455852322566902,78.58826324858522,78.38415596279924,8.472481180514539,1258.6172876652156,2628.282655246253,10322.272,1495.236,1749.739,7077.2970000000005,2886.595,7435.677000000001,27.964725207783708,7,2,0,0,5,42.46256562507714,36.37188046875643,48.55325078139785,1.0,0.6281195312435718,0.0,0.0,2,0,0.0,0.0,0.0,1.0,0.0,1.0,0.3718804687564282,0.0,0.0,0.0,11,1,2021,8,5,3,0,0,0,1,0,1,GRAVE_MORTALIDAD,2
5,1,8,0,4,0,-12.750025059263567,-74.8183970125839,0,3,0,1,2,1,0,0,6550.242452430144,2.0,3,3,1.0,13,32,1226.9914448848808,0.1782535347541302,73.08274627051412,53.33739037089421,3.712090274841655,175.70311330286268,7640.367590172493,8450.036754171311,1461.9007842034696,1980.118741020212,5008.0172289476295,1875.0912907898771,6574.945463381433,22.201925059721873,4,1,0,0,2,53.35266311261829,52.40477695609508,54.62421771283236,1.0,0.9306424763519598,0.0,0.0,1,0,0.0,0.0,0.0,1.0,0.0,1.0,0.06935752364804015,0.0,0.06935752364804015,0.0,9,1,2025,6,22,3,0,0,1,1,0,1,GRAVE_MORTALIDAD,2
3,0,15,1,2,2,-9.837345109643156,-78.1773290383981,0,2,6,0,1,2,2,0,6543.555,2.0,4,4,1.0,14,33,1198.0,0.6843358232186469,80.00328442501088,74.11970260050592,10.360969280016246,1335.5723694151195,157844.3514118095,8060.181006475258,1715.4715175185802,1287.4678559706522,5057.241632986026,1944.313148553244,6115.867857922015,24.089630260301895,3,1,0,0,1,28.43715528395787,28.43715528395787,28.43715528395787,1.0,0.0,0.32389497418564817,1.0,1,0,0.0,0.6761050258143518,0.0,1.0,0.6761050258143518,0.0,1.0,0.0,0.6761050258143518,0.0,17,1,2021,10,18,3,0,0,0,1,0,1,GRAVE_MORTALIDAD,2