CLASE SINIESTRO,CANTIDAD DE VEHICULOS DAÑADOS,DEPARTAMENTO,ZONA,TIPO DE VÍA,RED VIAL,COORDENADAS LATITUD,COORDENADAS  LONGITUD,CONDICIÓN CLIMÁTICA,ZONIFICACIÓN,CARACTERÍSTICAS DE VÍA,PERFIL LONGITUDINAL VÍA,SUPERFICIE DE CALZADA,¿EXISTE SEÑAL VERTICAL?,¿EXISTE SEÑAL HORIZONTAL?,CAUSA FACTOR PRINCIPAL,MTC_RVN_LONGITUD_KM,MTC_RVN_N_CARRILES_MEDIANA,MTC_RVN_SUPERFICIE_DOMINANTE,MTC_RVN_ESTADO_DOMINANTE,MTC_RVN_ES_CONCESIONADA,MTC_RVN_CONCESION_PRINCIPAL,MTC_RVN_CORREDOR_LOGISTICO,MTC_RVN_N_TRAMOS,IDH_2019,IDH_ESP_VIDA_2019,IDH_EDUC_SECUND_PCT_2019,IDH_ANIOS_EDUC_2019,IDH_INGRESO_PERCAP_2019,IDH_POBLACION_2019,MTC_DEP_RED_TOTAL_KM,MTC_DEP_NACIONAL_TOTAL_KM,MTC_DEP_DEPARTAMENTAL_TOTAL_KM,MTC_DEP_VECINAL_TOTAL_KM,MTC_DEP_PAV_TOTAL_KM,MTC_DEP_NO_PAV_TOTAL_KM,MTC_DEP_PCT_PAVIMENTADA,PER_TOTAL_PERSONAS,PER_N_CONDUCTORES,PER_N_CONDUCTORES_FUGADOS,PER_N_PEATONES,PER_N_PASAJEROS_OCUPANTES,PER_EDAD_COND_PROM,PER_EDAD_COND_MIN,PER_EDAD_COND_MAX,PER_ANY_COND_MASCULINO,PER_ANY_LIC_PROBLEMA,PER_ANY_DOSAJE_POS,PER_ANY_DOSAJE_EVALUADO,VEH_TOTAL,VEH_N_FUGADOS,VEH_ANY_FUGADO,VEH_ANY_CARGA,VEH_ANY_PUBLICO,VEH_ANY_PARTICULAR,VEH_ANY_MOTO,VEH_ANY_AUTO,VEH_ANY_CAMION_BUS,VEH_ANY_SOAT_PROBLEMA,VEH_ANY_CITV_PROBLEMA,VEH_ANY_SEGURO_PROBLEMA,HORA_NUM,FRANJA_HORARIA,ANIO,MES,DIA_MES,DIA_SEMANA,ES_FIN_SEMANA,ES_QUINCENA,REGION_NATURAL,TIENE_SEÑALIZACION,ES_VIA_MULTICARRIL,ES_DEPTO_BAJO_PAVIMENTO,CATEGORIA_SEVERIDAD,CATEGORIA_SEVERIDAD_ENC
3,1,12,0,4,1,-7.290798559861921,-79.17208257351993,0,4,4,0,1,2,2,2,6543.555,2.6927610381522795,2,1,1.0,4,30,1389.8948075681815,0.41218402701604057,77.78498360712811,51.21145971155305,5.451023291301091,642.8154008433347,24558.188120739265,8931.828000000005,1335.5899999999997,1935.9830000000004,5660.255000000005,1219.309,7712.519000000005,13.651281686122925,9,1,0,0,7,43.88846882429438,36.61447792369544,51.16245972489331,1.0,0.6927610381522795,0.0,0.0,1,0,0.0,0.3072389618477205,0.6927610381522795,0.0,0.6927610381522795,0.0,1.0,0.0,0.0,0.6927610381522795,9,0,2023,7,10,1,0,0,0,1,0,1,GRAVE_MORTALIDAD,2
6,1,5,0,4,2,-6.609654216646274,-78.45971022182002,0,4,2,0,1,2,2,3,6543.555,2.0,4,4,1.0,14,33,1198.0,0.3484871558022944,76.33677469666252,53.28672218475212,4.131981838863427,447.1658531581213,76209.5845824411,15935.565011852366,1733.9250000199986,935.692,13265.948011832368,2000.1670000199988,13935.398011832369,12.551591352627522,3,1,0,0,2,36.62997547585719,36.62997547585719,36.62997547585719,1.0,0.37002452414281595,0.0,0.0,1,0,0.0,1.0,0.0,0.0,0.0,0.0,1.0,0.0,0.0,0.0,17,1,2021,7,16,2,0,0,2,1,0,1,GRAVE_MORTALIDAD,2
6,1,7,0,4,0,-10.267502394127112,-76.33726323366892,2,4,6,1,3,2,2,1,6543.555,2.5504717771029406,2,1,1.0,6,31,1350.4806822575144,0.507790627440743,76.09503915932886,61.93646413919977,7.63460902021298,813.9342512648334,16751.49643615791,8674.312610815861,1311.702519763473,1649.2352400090863,5713.374851043302,1315.2266350324371,7359.085975783424,15.219319022238581,6,1,0,0,5,30.403774216823525,30.403774216823525,30.403774216823525,1.0,0.0,0.0,0.0,1,0,0.5504717771029405,0.0,0.0,0.5504717771029405,0.0,0.0,1.0,0.0,0.0,0.5504717771029405,3,0,2023,6,29,0,0,1,0,1,0,1,GRAVE_MORTALIDAD,2
5,1,12,0,4,0,-8.224498782148022,-78.61295429353352,0,4,7,1,5,2,2,0,6543.555,2.209985158440118,3,3,1.0,11,32,1256.1658888879126,0.5114184213963142,78.53827954863596,51.11468725760561,6.646820781666225,925.7115913266541,44269.76263820403,8931.828000000005,1335.5899999999997,1935.9830000000004,5660.255000000005,1219.309,7712.519000000005,13.651281686122925,9,1,0,0,7,29.25476995582183,24.74008904935929,33.769450862284366,1.0,0.209985158440118,0.0,0.0,1,0,0.0,0.0,0.0,1.0,0.209985158440118,0.0,0.790014841559882,0.209985158440118,0.0,0.209985158440118,16,2,2024,9,25,4,0,1,0,1,0,1,GRAVE_MORTALIDAD,2
3,1,7,0,4,1,-10.661193649295102,-76.45532001156015,1,4,0,0,2,1,1,2,9936.932,2.0,2,0,1.0,9,32,3830.0,0.40811680120951926,78.92981680738515,61.16749307701873,6.109092613069246,472.2808139158809,3761.1712358254126,11788.557872846306,1845.097459525992,1142.800831331163,8800.659581989152,1751.2816956538425,10037.276177192465,15.036252803438975,15,2,0,0,13,42.07127045422481,38.958331524533634,45.184209383915984,1.0,1.0,0.0,0.31798255134033493,2,0,0.0,1.0,0.6820174486596651,0.0,0.0,0.31798255134033493,1.0,0.0,0.0,0.0,15,2,2022,7,10,4,0,0,1,1,0,1,GRAVE_MORTALIDAD,2
6,1,8,0,4,0,-13.253182416468842,-75.1890784980088,5,4,0,0,7,2,2,2,6543.555,2.0,4,4,1.0,14,33,1198.0,0.24498468670977375,64.15609868941867,47.62337629334596,4.551333123888597,247.10641027241627,1571.7205149498575,8511.426,1445.3929999999996,2008.516,5057.516999999999,1879.579,6631.846999999998,22.08300935706896,5,1,0,0,4,44.62295717252389,44.62295717252389,44.62295717252389,1.0,0.0,0.0,0.0,1,0,0.0,0.0,0.0,1.0,0.0,0.42026883386580793,0.5797311661341921,0.5797311661341921,0.5797311661341921,0.5797311661341921,14,1,2023,6,19,1,0,1,2,1,0,1,GRAVE_MORTALIDAD,2
3,2,14,0,4,1,-12.863422133183883,-72.96852318475952,0,4,2,1,2,2,2,0,3497.2371998542567,1.3456249935764015,1,1,0.34562499357640153,9,22,620.1868693279625,0.4142779219872419,73.79299851039895,56.049196317008395,7.266258442782674,512.5176291833517,66458.30494738386,12740.736056149772,1893.6241206267982,1537.0787632296363,9310.033172293335,2184.917456415978,10555.818599733793,16.871714233533606,5,2,0,0,3,26.474687426128618,19.6543750064236,31.221249884375226,1.0,1.0,0.0,0.6543750064235985,2,0,0.0,0.0,0.34562499357640153,1.0,0.6543750064235985,0.34562499357640153,1.0,1.0,1.0,0.34562499357640153,6,1,2021,8,29,6,1,1,2,1,0,1,GRAVE_MORTALIDAD,2
5,1,3,0,4,0,-16.536833143389135,-71.72844859614968,0,3,1,1,2,1,1,0,6561.318514005084,2.0,3,3,1.0,13,32,1275.0083888625252,0.6105481451420971,78.10653088113892,68.35418098658066,8.411557426919764,1158.5430895193692,35025.678800856535,10322.272,1495.236,1749.739,7077.2970000000005,2886.595,7435.677000000001,27.964725207783708,10,1,0,0,9,30.237303693392533,30.237303693392533,30.237303693392533,1.0,0.0,0.0,0.0,1,0,0.0,0.0,0.8157694046351072,0.18423059536489284,0.0,0.18423059536489284,0.8157694046351072,0.0,0.0,0.0,6,0,2023,5,11,1,0,0,0,1,0,1,GRAVE_MORTALIDAD,2
4,0,13,0,4,1,-10.082290308179376,-77.56758628395819,0,4,7,1,2,2,2,2,751.959051465867,2.0,2,0,1.0,5,21,129.86322674899478,0.4640501487397029,74.03292286294332,57.80461316103367,7.767003688520461,756.4221378464308,6224.543053728216,8235.633527335469,1521.0689015222877,1756.3236947904225,4958.240931022759,1536.9076161069968,6698.725911228472,19.061996990538713,11,2,0,0,9,39.601658531734664,39.601658531734664,39.601658531734664,1.0,0.0,0.0,0.5332719062320496,2,0,0.0,0.5332719062320496,1.0,0.0,0.0,0.0,1.0,0.46672809376795044,0.5332719062320496,0.46672809376795044,13,1,2021,8,18,3,0,1,0,1,0,1,GRAVE_MORTALIDAD,2
5,1,13,2,3,1,-11.728042811842588,-77.138094442959,0,2,6,1,2,2,2,5,1310.5261594770654,2.0,2,0,1.0,3,15,235.9451855807064,0.6867660723012683,81.24740552182779,72.4592014237025,9.500527923933825,1395.9770079672473,203825.64032517155,7726.475801298845,1656.7178034238173,1624.9309203667367,4444.827077508291,1769.1814929025345,5957.294308396311,23.019091751840214,3,1,0,0,2,41.34785597175048,40.005206501824986,42.69050544167597,1.0,0.07672282685288523,0.0,0.0,1,0,0.0,0.0,0.07672282685288523,1.0,0.07672282685288523,0.9232771731471148,0.0,0.07672282685288523,0.0,0.07672282685288523,15,3,2023,4,27,5,0,0,0,1,0,1,GRAVE_MORTALIDAD,2
9,1,2,0,4,0,-13.584497000673496,-73.4627652461304,0,4,1,1,2,2,2,2,6543.555,2.0,4,4,1.0,14,33,1198.0,0.241310185459975,70.83483413046108,58.5191389199668,4.887115219495449,162.12128067173168,8997.351177730192,8358.971,1282.451,1298.0969999999998,5778.423,1432.683,6926.288,17.139466089785454,3,1,0,0,2,41.16605252148154,41.16605252148154,41.16605252148154,1.0,0.0,0.0,0.0,1,0,0.0,0.0,0.0,1.0,0.0,1.0,0.0,0.0,0.0,0.0,7,1,2023,7,11,4,0,0,2,1,0,1,GRAVE_MORTALIDAD,2
5,1,1,0,4,1,-9.463550135855977,-78.32327800985105,0,4,6,1,2,2,2,0,6543.555,3.0,2,0,1.0,0,30,1475.0,0.5873460606982213,78.04758132038613,65.8701248560095,8.596987164492063,1041.0659985770535,35482.29764453961,10767.648,1885.0630000000003,1222.721,7659.864000000001,2100.343,8667.305000000002,19.506051832303577,3,1,0,0,2,38.30552333809816,38.24441867047853,38.36662800571779,1.0,0.0,0.0,0.0,1,0,0.0,0.9388953323803677,0.0,0.06110466761963229,0.0,0.06110466761963229,0.9388953323803677,0.0,0.0,0.0,2,0,2021,10,24,2,0,1,0,1,1,1,GRAVE_MORTALIDAD,2
6,1,20,0,4,1,-14.762025479498206,-70.58192240401114,2,4,0,1,2,2,2,2,1632.9355922451673,2.0,2,0,1.0,6,23,325.38219787642095,0.39748585168727407,73.37006551633068,58.0502439308208,6.034580091017824,499.01045344523,6644.7392884401315,13642.312999999998,2020.7790000000005,2354.117,9267.416999999998,3314.0520000000006,10328.260999999997,24.29244952817019,4,1,0,0,3,37.50627348587108,37.50627348587108,37.50627348587108,1.0,0.0,0.0,0.0,1,0,0.0,0.0,0.5006970539856748,0.49930294601432523,0.0,0.49930294601432523,0.5006970539856748,1.0,1.0,1.0,6,0,2021,11,21,2,0,1,2,1,0,1,GRAVE_MORTALIDAD,2
3,1,5,0,4,1,-7.20764611622924,-78.37835518423609,0,4,6,0,2,2,2,0,9576.089460936366,2.0,2,0,1.0,9,32,3550.1202333794663,0.3575169270093939,77.01182332882505,54.78041827668009,4.806171230071082,417.24948768920416,5405.81409866985,15935.565011852366,1733.9250000199986,935.692,13265.948011832368,2000.1670000199988,13935.398011832369,12.551591352627522,8,1,0,0,6,35.95703567613405,26.126745946964544,45.78732540530355,1.0,0.10633729734822717,0.0,0.10633729734822717,1,0,0.0,0.8936627026517728,0.8936627026517728,0.10633729734822717,0.0,0.10633729734822717,0.8936627026517728,0.0,0.10633729734822717,0.0,12,1,2022,3,7,0,0,0,2,1,0,1,GRAVE_MORTALIDAD,2
3,1,6,2,2,4,-11.863870373268579,-77.12240113348349,0,2,7,0,2,0,1,2,6543.555,2.0,4,4,1.0,14,33,1198.0,0.5563774842369664,77.00938809632027,69.10246351364754,8.476961866273152,914.8835608305218,27932.19700214133,51.58600000000001,44.68700000000001,6.899000000000001,0.0,49.838000000000015,1.748,96.61148373589734,3,2,0,0,0,34.6575800920711,25.798979785167425,41.74446033759405,1.0,0.8858600306903679,0.0,0.0,2,0,0.0,0.8858600306903679,0.8858600306903679,0.1141399693096321,0.8858600306903679,0.1141399693096321,0.8858600306903679,0.0,0.8858600306903679,0.8858600306903679,10,1,2021,4,7,3,0,0,2,1,0,0,GRAVE_MORTALIDAD,2
3,2,12,0,4,1,-8.270752301443999,-78.88327281027996,0,3,7,1,2,1,1,2,586.3044923725226,2.0,2,0,0.941048260038377,8,27,97.34717170172696,0.5959865448634996,80.14545757354124,65.07020543457811,8.54197457753624,1057.3780653587535,34816.306832547016,8854.865619204007,1356.0941815312717,1916.1221588069295,5582.649278865805,1254.4186519619839,7600.446967242023,14.249421355407312,8,2,0,0,6,35.469434340345394,35.17467564053728,35.76419304015351,1.0,0.0,0.05895173996162295,0.05895173996162295,2,0,0.0,0.0,0.0,0.941048260038377,0.0,1.0,1.0,0.0,0.941048260038377,0.0,3,0,2023,5,22,0,0,1,0,1,0,1,GRAVE_MORTALIDAD,2
2,1,12,0,4,1,-8.405199472420579,-78.8240361413626,0,3,7,1,2,2,2,1,6543.555,2.8726550721760553,2,0,1.0,1,30,1439.7254549927673,0.5051395598219868,77.13285387085847,51.52067479184955,6.715328807318118,900.900383457586,67612.41755888652,8931.828000000005,1335.5899999999997,1935.9830000000004,5660.255000000005,1219.309,7712.519000000005,13.651281686122925,5,1,0,0,3,37.0,33.87265507217606,40.0,0.8726550721760554,0.0,0.0,0.8726550721760554,1,0,0.12734492782394458,0.8726550721760554,0.0,0.8726550721760554,0.0,0.8726550721760554,0.8726550721760554,0.0,0.8726550721760554,0.0,16,1,2021,2,18,0,0,0,0,1,0,1,GRAVE_MORTALIDAD,2
3,2,5,0,4,1,-7.26507008232175,-78.88209683330216,3,4,3,1,2,0,1,0,887.28,2.0,2,0,1.0,8,17,155.0,0.4432528875681328,73.79728576303151,60.5309712797867,6.051423660818963,701.3432566075923,7972.875401789351,15935.565011852366,1733.9250000199986,935.692,13265.948011832368,2000.1670000199988,13935.398011832369,12.551591352627522,5,2,0,0,3,42.76661445101814,32.93122062869771,52.60200827333858,1.0,0.452086596811366,0.452086596811366,0.452086596811366,2,0,0.0,0.547913403188634,0.0,1.0,0.452086596811366,1.0,0.547913403188634,0.0,0.452086596811366,0.452086596811366,11,0,2022,9,28,3,0,1,2,1,0,1,GRAVE_MORTALIDAD,2
6,1,1,0,4,2,-8.621735737915124,-77.57738251725033,0,4,4,1,1,1,0,0,6543.555,2.0,4,4,1.0,14,33,1198.0,0.28477593134744233,73.7983392613211,38.72450525388122,5.258746852296829,263.15842912387734,1502.0425059923555,10767.648,1885.0630000000003,1222.721,7659.864000000001,2100.343,8667.305000000002,19.506051832303577,5,1,0,0,4,27.971610641700412,27.971610641700412,27.971610641700412,1.0,0.0,0.0,0.0,1,0,0.0,0.0,0.0,1.0,0.0,1.0,0.0,0.0,1.0,0.0,17,2,2021,4,19,3,0,0,0,1,0,1,GRAVE_MORTALIDAD,2
6,1,20,0,4,0,-14.149071566964674,-69.66055720590431,4,4,0,0,6,2,2,2,6543.749613793805,2.0,3,3,1.0,13,32,1198.0,0.3882908519783387,70.6784232283553,71.69526826407879,6.392614091077022,428.6395557282129,4613.382859530532,13642.312999999998,2020.7790000000005,2354.117,9267.416999999998,3314.0520000000006,10328.260999999997,24.29244952817019,4,1,0,0,3,50.001492225365304,50.001492225365304,50.001492225365304,1.0,1.0,0.0,0.0,1,0,0.0,0.0,0.0,1.0,0.0,0.0,1.0,0.0,0.9998134718293369,0.0,17,2,2021,7,27,5,1,0,2,1,0,1,GRAVE_MORTALIDAD,2
3,2,3,0,4,1,-15.920026155076808,-71.17986325525771,0,4,7,1,2,0,1,0,1504.4250000000002,2.0,2,0,1.0,7,25,241.0,0.4498224071382834,81.63336343193146,58.84842497065013,5.774685730039019,620.6584683449911,1358.612419700214,10322.272,1495.236,1749.739,7077.2970000000005,2886.595,7435.677000000001,27.964725207783708,10,2,0,0,8,42.02581510646054,27.474184893539455,56.57744531938163,1.0,1.0,0.0,0.3860205437266062,2,0,0.0,1.0,0.6139794562733938,0.3860205437266062,0.0,0.6139794562733938,1.0,0.0,0.0,0.0,7,1,2022,8,12,4,0,0,0,1,0,1,GRAVE_MORTALIDAD,2
4,1,6,2,4,1,-14.735107586841544,-73.23979488403916,2,4,6,1,3,0,1,0,1417.974712836508,2.0,2,0,0.6164281773718701,9,22,310.5320581349521,0.6233067157915758,75.43745624852637,72.5607814366619,9.973600183569733,1135.2890849298508,22767.925252080204,11067.273194651407,1622.2857276654702,1502.6420318629587,7942.3454351229775,2388.696143491152,8678.577051160253,22.206367328320432,5,1,0,0,3,44.8357182262813,36.822151920446984,52.84928453211561,1.0,0.0,0.0,0.6164281773718701,1,0,0.0,0.0,0.0,1.0,0.0,1.0,0.6164281773718701,0.0,0.0,0.0,14,1,2022,2,2,4,0,0,0,1,0,1,GRAVE_MORTALIDAD,2
3,2,15,0,4,1,-13.299277854317722,-72.48591959065982,0,4,3,1,2,1,1,2,4196.069674675605,1.4574430558698883,1,1,0.4574430558698882,9,19,718.9222183331112,0.4327822753112581,73.80712802447509,60.01027731860925,7.51903849347481,549.4522678363112,66285.20232665926,12894.795404199744,1915.3520474013571,1676.6923358119134,9302.751020986472,2377.861311992386,10516.934092207357,18.139752030353144,4,2,0,0,2,28.446759726308546,26.861645838048325,30.03187361456877,1.0,1.0,0.0,1.0,2,0,0.0,0.0,0.4574430558698882,1.0,0.5425569441301118,0.0,1.0,1.0,1.0,0.0,6,1,2021,4,23,3,0,1,2,1,0,1,GRAVE_MORTALIDAD,2
1,1,14,0,4,0,-7.971555820884773,-78.27257841356783,2,4,3,0,1,2,2,0,6543.555,2.0,4,4,1.0,14,33,1198.0,0.40539847821917074,76.4459763636385,59.06460849085799,6.941641422918817,521.7851614725013,11515.786595277214,3545.998946425258,534.7208483595707,777.499944931312,2233.7781531343753,658.7074828482694,2887.2914635769885,18.638618916149703,2,1,0,0,0,31.564901688744367,30.572531756408637,32.5572716210801,1.0,0.0,0.0,0.39694797293429285,1,0,0.0,0.0,0.0,0.39694797293429285,0.0,0.0,1.0,0.0,0.39694797293429285,0.0,8,1,2022,4,15,4,0,0,0,1,0,1,GRAVE_MORTALIDAD,2
3,2,12,0,4,1,-7.910033271350963,-79.09676312688276,0,4,7,1,2,1,1,0,6543.555,3.0,2,0,1.0,0,30,1475.0,0.5341557999838511,79.71862885415429,58.553636477593486,7.164124626721657,918.922837539993,44112.27005295592,8931.828000000005,1335.5899999999997,1935.9830000000004,5660.255000000005,1219.309,7712.519000000005,13.651281686122925,3,2,0,0,1,41.7276915677403,26.830747032209114,56.62463610327149,1.0,0.5446168645193924,0.0,0.4553831354806076,2,0,0.0,0.0,0.4553831354806076,0.5446168645193924,0.5446168645193924,0.0,0.4553831354806076,0.5446168645193924,0.0,0.5446168645193924,22,2,2023,7,17,5,1,0,0,1,1,1,GRAVE_MORTALIDAD,2
4,1,12,0,4,1,-7.909531024688623,-79.11427375599379,0,4,7,1,2,2,2,3,6543.555,3.0,2,0,1.0,0,30,1475.0,0.5721567587688113,77.67102283812494,66.21373667954742,8.464777379360486,978.4498488219192,15563.077087794432,8931.828000000005,1335.5899999999997,1935.9830000000004,5660.255000000005,1219.309,7712.519000000005,13.651281686122925,8,1,0,1,6,53.21771760156176,42.97952523295616,63.45590997016735,1.0,0.0,0.0,0.0,1,0,0.0,0.5850395639203195,0.0,0.5850395639203195,0.0,0.5850395639203195,1.0,0.0,0.5850395639203195,0.0,15,2,2024,2,17,3,0,0,0,1,1,1,GRAVE_MORTALIDAD,2
5,1,7,0,4,1,-14.947433467363803,-71.19161889919187,0,4,7,1,1,2,2,2,568.0491487714052,1.2695075225177006,2,2,0.0,9,3,104.85833099077882,0.34574471353023867,67.37699199639067,60.38313051845302,4.96285416247914,429.65303497131777,1582.5276714223633,17779.13499998999,2097.3709999899997,2863.123,12818.640999999989,2878.713,14900.421999989989,16.19152450331032,6,1,0,0,5,40.40426128377655,39.7304924774823,41.078030090070804,1.0,0.0,0.0,0.2695075225177006,1,0,0.0,0.2695075225177006,0.7304924774822994,0.2695075225177006,0.0,0.2695075225177006,1.0,0.0,0.2695075225177006,0.0,5,0,2025,4,6,5,1,0,2,1,0,1,GRAVE_MORTALIDAD,2
3,2,16,0,4,0,-11.025917883699767,-76.31098249697382,0,3,7,1,2,2,2,2,6556.605971040124,2.0,3,3,1.0,13,32,1254.5785718188326,0.596173956489605,75.79033399464785,78.57526452164906,10.283908172686067,938.1755079131573,11047.974682278196,3683.121676885845,582.6703507569956,888.3788402585693,2212.0724858702806,660.1833665921955,3022.93831029365,17.905444372567956,6,2,0,0,4,38.77071086994657,36.135355434973285,41.406066304919854,1.0,0.0,0.0,1.0,2,0,0.0,0.0,0.0,0.8646445650267159,0.0,0.0,1.0,0.0,0.8646445650267159,0.13535543497328406,13,2,2023,1,14,4,0,0,1,1,0,1,GRAVE_MORTALIDAD,2
5,1,13,0,4,1,-11.180465575123927,-77.50204141192798,0,2,7,1,2,2,2,0,6620.9186263506035,2.19763922059113,2,0,1.0,7,30,1588.1328698966506,0.6669872803972774,78.88244478112837,71.42319348116213,9.783970115225804,1344.6241180057245,96105.1516278715,6802.825075422144,1452.4929953753383,1419.3587865593527,3930.9732934874537,1595.195053528547,5207.630021893598,23.11221825906673,10,1,0,0,9,27.284654933842347,25.80236077940887,28.766949088275823,1.0,0.0,0.0,0.0,1,0,0.0,0.19763922059113015,0.0,1.0,0.0,0.19763922059113015,1.0,0.0,0.8023607794088699,0.0,8,1,2022,10,11,3,0,0,0,1,0,1,GRAVE_MORTALIDAD,2
6,1,12,0,4,2,-7.783346142765614,-77.5925997947995,0,4,7,1,2,2,2,1,6543.555,2.0,4,4,1.0,14,33,1198.0,0.4686292122960986,72.39347765706144,42.14285241633188,6.687776775372348,878.2652317159998,9440.374732334049,8931.828000000005,1335.5899999999997,1935.9830000000004,5660.255000000005,1219.309,7712.519000000005,13.651281686122925,3,1,0,0,2,22.736372401253035,22.736372401253035,22.736372401253035,1.0,0.0,0.0,0.0,1,0,0.0,0.8194817716075764,0.0,0.0,0.0,0.0,0.8194817716075764,0.1805182283924236,0.0,0.1805182283924236,13,2,2021,7,4,6,1,0,0,1,0,1,GRAVE_MORTALIDAD,2
4,1,13,0,4,1,-12.285008062708973,-73.62187989150617,4,4,6,1,4,2,2,0,1229.9209118719023,1.2624705851212645,1,1,0.26247058512126453,8,29,211.60458739762015,0.31204652884664313,73.55183790299142,46.015480561800366,5.5765752098521295,303.7365500668667,8331.900381424848,12626.168573121355,1877.4659717478382,1433.2539982295382,9315.448603143977,2041.4331941561038,10584.73537896525,15.928727646835926,5,1,0,0,4,39.31235292560632,39.31235292560632,39.31235292560632,1.0,0.0,0.0,0.26247058512126453,1,0,0.0,0.7375294148787355,0.0,0.26247058512126453,0.0,0.0,1.0,0.0,0.0,0.0,14,3,2022,5,7,2,0,0,2,1,0,1,GRAVE_MORTALIDAD,2
3,2,15,0,4,1,-6.603126649837977,-79.89347092084144,0,2,3,1,2,1,0,2,6543.555,3.0,2,0,1.0,0,30,1475.0,0.5412110693499763,78.19150634922798,62.38507489651564,8.224962277516438,872.5360785524934,76404.31068073677,8949.69624092163,1570.2870172283397,1253.6791423621676,6125.730081331124,1742.0440773692717,7207.6521635523595,19.45436857234898,5,2,0,0,3,38.39896632487367,25.5453484619315,51.252584187815835,1.0,0.5252584187815833,0.5252584187815833,0.5252584187815833,2,0,0.0,0.0,1.0,1.0,0.5252584187815833,0.4747415812184167,1.0,0.5252584187815833,0.0,0.0,12,1,2021,6,6,2,0,0,0,1,1,1,GRAVE_MORTALIDAD,2
6,1,8,0,4,0,-12.63825234427966,-74.71497105583937,0,4,0,0,6,2,2,0,7470.873575882164,2.0,2,0,1.0,9,8,1198.0,0.22082280973699703,60.26841421666387,58.879970488867166,4.046333063963538,227.4245629193513,1638.138897480092,8511.426,1445.3929999999996,2008.516,5057.516999999999,1879.579,6631.846999999998,22.08300935706896,40,1,0,0,39,41.88791252661781,41.88791252661781,41.88791252661781,1.0,0.11120874733821873,0.0,0.11120874733821873,1,0,0.0,0.0,0.8887912526617813,0.11120874733821873,0.0,0.0,1.0,0.11120874733821873,0.0,0.11120874733821873,2,0,2022,8,16,0,0,0,2,1,0,1,GRAVE_MORTALIDAD,2
5,1,8,0,3,1,-12.480924933713304,-75.10292084547439,0,4,0,1,2,1,0,2,7449.357697940318,2.0,2,0,1.0,9,8,1198.0,0.5239383571107261,76.31268111281175,74.20110719218529,8.474544339250318,765.4552262710441,10407.82059478599,8394.740929494328,1476.7700260193383,1954.5401590934166,4963.430744381572,1871.049026084806,6523.69190340952,22.309037335764252,8,1,0,0,7,41.14310041962228,40.81352365793854,41.47267718130602,1.0,0.1318307046734959,0.0,0.8681692953265041,1,0,0.0,0.1318307046734959,0.1318307046734959,0.8681692953265041,0.1318307046734959,0.8681692953265041,0.1318307046734959,0.0,0.1318307046734959,0.1318307046734959,8,1,2024,9,10,4,0,0,1,1,0,1,GRAVE_MORTALIDAD,2
6,1,7,0,4,2,-14.195061431759562,-72.05523776536882,0,4,0,0,5,2,2,2,6543.555,2.0,4,4,1.0,14,33,1198.0,0.3582063239468129,73.72125513625039,50.68912238545782,4.370934077592676,495.5648271945098,7210.27408993576,17779.13499998999,2097.3709999899997,2863.123,12818.640999999989,2878.713,14900.421999989989,16.19152450331032,2,1,0,0,1,33.215830812149164,33.215830812149164,33.215830812149164,1.0,0.7026384686915277,0.0,0.0,1,0,0.0,0.0,0.0,1.0,0.0,1.0,0.0,0.0,0.0,0.0,11,2,2022,8,18,0,0,0,2,1,0,1,GRAVE_MORTALIDAD,2
3,1,5,1,4,1,-7.1412780770471835,-78.46643781834337,5,4,5,1,5,1,1,0,3375.6874451978815,1.1625379874687078,1,3,0.16253798746870785,9,32,1206.374620125313,0.4873182795359782,74.24096566709692,64.6877883123536,6.6248391576573376,776.4319899416191,48280.91862955032,15935.565011852366,1733.9250000199986,935.692,13265.948011832368,2000.1670000199988,13935.398011832369,12.551591352627522,2,1,0,0,1,37.250759749374154,37.250759749374154,37.250759749374154,1.0,1.0,0.0,0.0,1,0,0.0,0.0,0.16253798746870785,0.8374620125312922,1.0,0.0,0.0,1.0,0.8374620125312922,0.8374620125312922,14,3,2021,7,28,5,0,0,2,1,0,1,GRAVE_MORTALIDAD,2
5,1,14,2,4,4,-11.97092117009734,-76.99285817691832,0,2,1,1,2,1,1,1,6543.555,2.0,4,4,1.0,14,33,1198.0,0.701053025277506,79.62867561460851,73.1469484600971,10.064317505194426,1464.6926161541437,1150285.0494171206,7626.313,1683.4029999999998,1599.0829999999996,4343.827000000001,1814.875,5811.438000000001,23.797541485643197,2,1,0,0,1,41.86467458359385,39.43183440558067,44.297514761607026,1.0,0.6756213095982433,0.0,0.0,1,0,0.0,0.0,0.3243786904017567,1.0,1.0,0.0,0.3243786904017567,0.3243786904017567,0.3243786904017567,0.3243786904017567,16,1,2024,1,14,3,0,0,0,1,0,1,GRAVE_MORTALIDAD,2