CLASE SINIESTRO,CANTIDAD DE VEHICULOS DAÑADOS,DEPARTAMENTO,ZONA,TIPO DE VÍA,RED VIAL,COORDENADAS LATITUD,COORDENADAS  LONGITUD,CONDICIÓN CLIMÁTICA,ZONIFICACIÓN,CARACTERÍSTICAS DE VÍA,PERFIL LONGITUDINAL VÍA,SUPERFICIE DE CALZADA,¿EXISTE SEÑAL VERTICAL?,¿EXISTE SEÑAL HORIZONTAL?,CAUSA FACTOR PRINCIPAL,MTC_RVN_LONGITUD_KM,MTC_RVN_N_CARRILES_MEDIANA,MTC_RVN_SUPERFICIE_DOMINANTE,MTC_RVN_ESTADO_DOMINANTE,MTC_RVN_ES_CONCESIONADA,MTC_RVN_CONCESION_PRINCIPAL,MTC_RVN_CORREDOR_LOGISTICO,MTC_RVN_N_TRAMOS,IDH_2019,IDH_ESP_VIDA_2019,IDH_EDUC_SECUND_PCT_2019,IDH_ANIOS_EDUC_2019,IDH_INGRESO_PERCAP_2019,IDH_POBLACION_2019,MTC_DEP_RED_TOTAL_KM,MTC_DEP_NACIONAL_TOTAL_KM,MTC_DEP_DEPARTAMENTAL_TOTAL_KM,MTC_DEP_VECINAL_TOTAL_KM,MTC_DEP_PAV_TOTAL_KM,MTC_DEP_NO_PAV_TOTAL_KM,MTC_DEP_PCT_PAVIMENTADA,PER_TOTAL_PERSONAS,PER_N_CONDUCTORES,PER_N_CONDUCTORES_FUGADOS,PER_N_PEATONES,PER_N_PASAJEROS_OCUPANTES,PER_EDAD_COND_PROM,PER_EDAD_COND_MIN,PER_EDAD_COND_MAX,PER_ANY_COND_MASCULINO,PER_ANY_LIC_PROBLEMA,PER_ANY_DOSAJE_POS,PER_ANY_DOSAJE_EVALUADO,VEH_TOTAL,VEH_N_FUGADOS,VEH_ANY_FUGADO,VEH_ANY_CARGA,VEH_ANY_PUBLICO,VEH_ANY_PARTICULAR,VEH_ANY_MOTO,VEH_ANY_AUTO,VEH_ANY_CAMION_BUS,VEH_ANY_SOAT_PROBLEMA,VEH_ANY_CITV_PROBLEMA,VEH_ANY_SEGURO_PROBLEMA,HORA_NUM,FRANJA_HORARIA,ANIO,MES,DIA_MES,DIA_SEMANA,ES_FIN_SEMANA,ES_QUINCENA,REGION_NATURAL,TIENE_SEÑALIZACION,ES_VIA_MULTICARRIL,ES_DEPTO_BAJO_PAVIMENTO,CATEGORIA_SEVERIDAD,CATEGORIA_SEVERIDAD_ENC
2,1,16,0,4,1,-15.032241378674343,-70.96950915985643,0,3,1,1,2,2,2,1,7415.138258633175,2.164628428258669,2,0,1.0,7,9,1243.6020746276513,0.44040697522281,73.5282280652773,72.86476274173994,7.490524019068894,541.403276508031,20134.414344390225,13169.061419279793,1998.436288230447,2167.8570547818554,9002.76807626749,3114.2409949666,10054.820424313191,23.504472398478757,6,1,0,0,4,42.84760100218932,29.658513713034676,55.8720598630853,0.8353715717413313,0.8353715717413313,0.0,0.0,1,0,0.16462842825866875,0.8353715717413313,0.0,0.0,0.8353715717413313,0.0,0.8353715717413313,0.0,0.0,1.0,6,0,2022,7,11,2,0,0,1,1,0,1,GRAVE_MORTALIDAD,2
6,1,5,0,4,1,-12.987503099372809,-73.68919273222153,0,4,2,1,2,2,2,0,1425.0979085466747,1.0,0,3,0.0,9,32,363.54883442779783,0.2868333082948955,68.53789428898513,57.022264485033205,4.691258163233538,276.57394228065357,3662.209653264492,8448.138127343234,1377.7517121023332,1713.603355580683,5356.783059660217,1694.0613250216913,6754.076802321541,20.030821257150617,2,1,0,0,1,60.13274866976386,60.13274866976386,60.13274866976386,1.0,1.0,0.0,0.0,1,0,0.0,0.5848750604652789,0.0,0.41512493953472107,0.0,0.41512493953472107,0.5848750604652789,0.0,0.0,0.0,5,0,2021,6,9,5,1,0,2,1,0,1,GRAVE_MORTALIDAD,2
3,1,5,1,4,0,-5.737873547343999,-78.74342980699255,0,0,6,0,1,1,0,2,7740.925116580644,2.0,2,0,1.0,9,20,2119.600603014354,0.580452936382657,74.45172355697427,68.38787284861121,8.75349566341568,1045.9103899193663,102235.67532513264,15824.83715285388,1728.186231757989,933.632433863324,13163.018487232566,1986.691534585724,13838.145618268156,12.556739848255326,3,1,0,0,1,28.88535275306399,25.928345470664993,31.842360035462985,1.0,0.014330905867001253,0.0,1.0,1,0,0.0,0.0,0.014330905867001253,0.9856690941329987,1.0,0.0,0.9856690941329987,0.0,1.0,0.0,5,0,2023,7,8,0,0,0,2,1,0,1,GRAVE_MORTALIDAD,2
4,1,16,1,4,1,-16.23881840374497,-72.83567606053715,3,3,7,0,2,2,2,1,6589.676107142675,2.0,3,2,1.0,11,32,1397.9442313382924,0.6141853735642873,79.04302151700189,76.02470535628755,9.70991489494285,1010.8244508147634,33003.790609183685,3162.8162056307,662.9668633740239,610.5347782075766,1889.314564049099,1085.0615518086142,2077.754653822085,35.2094329061052,3,1,0,0,2,47.54418707587028,46.82668385336444,48.26169029837612,1.0,0.5216645183294442,0.0,0.47833548167055584,1,0,0.0,0.47833548167055584,0.0,0.0,0.5216645183294442,0.0,0.47833548167055584,0.5216645183294442,0.5216645183294442,0.5216645183294442,13,3,2022,5,17,0,0,0,0,1,0,1,GRAVE_MORTALIDAD,2
3,1,19,0,4,1,-5.1495701859169865,-80.27750094388642,0,4,6,1,1,2,2,0,1415.2964399469479,2.0,2,0,1.0,1,20,184.75684546163475,0.4661748739565573,74.27964200393977,61.14318860218674,6.619391805997541,702.5375434043725,75920.47963224017,8965.846000060003,1782.4120000599992,636.9959999999999,6546.438000000004,2214.505000059999,6751.341000000004,24.699342371541725,5,2,0,0,3,30.289788932737828,21.873873359642698,38.70570450583296,1.0,0.021021106726217154,0.0,1.0,2,0,0.9789788932737828,0.021021106726217154,0.9789788932737828,1.0,1.0,0.0,0.0,1.0,1.0,0.9789788932737828,8,1,2021,10,7,3,0,0,0,1,0,1,GRAVE_MORTALIDAD,2
9,1,12,0,4,1,-7.403644504469407,-79.49449795353483,0,4,7,0,2,2,2,3,6543.555,2.1803904469342,3,3,1.0,11,32,1247.9681538007735,0.6138517538553948,80.84826225715301,64.49339622566798,9.143362084626023,1095.689060330069,16852.97430406852,8931.828000000005,1335.5899999999997,1935.9830000000004,5660.255000000005,1219.309,7712.519000000005,13.651281686122925,9,1,0,0,8,28.705856704013,28.705856704013,28.705856704013,1.0,0.0,0.0,0.0,1,0,0.0,0.8196095530657999,0.18039044693420014,0.0,0.0,0.0,1.0,0.0,0.0,0.0,13,2,2021,10,8,3,0,0,0,1,0,1,GRAVE_MORTALIDAD,2
3,2,7,0,4,1,-15.109608061188094,-71.12437990858034,0,4,5,1,2,1,1,0,568.5409999999999,1.0,2,3,0.0,9,3,93.0,0.3619286408530163,68.3791858808174,63.708764172281796,5.202408978173771,452.2474347657128,1130.317811099378,17779.13499998999,2097.3709999899997,2863.123,12818.640999999989,2878.713,14900.421999989989,16.19152450331032,5,2,0,0,3,33.96330427882093,24.27690102266765,43.649707534974205,1.0,0.0,0.0,1.0,2,0,0.0,0.0,0.8248537674871036,1.0,0.0,1.0,1.0,0.0,0.1751462325128964,0.0,2,0,2022,2,18,0,0,0,2,1,0,1,GRAVE_MORTALIDAD,2
5,1,12,0,4,1,-7.465618511007721,-79.47209560960846,0,4,8,0,2,2,2,2,6543.555,3.0,2,0,1.0,0,30,1475.0,0.6138517538553948,80.84826225715301,64.49339622566798,9.143362084626023,1095.689060330069,16852.97430406852,8931.828000000005,1335.5899999999997,1935.9830000000004,5660.255000000005,1219.309,7712.519000000005,13.651281686122925,24,1,0,0,22,39.51419531811659,39.51419531811659,39.51419531811659,1.0,0.0,0.0,0.0,1,0,0.21225781169763014,0.0,0.7877421883023699,0.21225781169763014,0.0,0.0,1.0,0.0,0.0,0.21225781169763014,7,0,2022,10,20,3,0,1,0,1,1,1,GRAVE_MORTALIDAD,2
6,1,14,0,4,1,-10.463701752414096,-77.09121294180721,0,4,5,0,5,2,2,0,1031.172,-1.0,1,0,0.0,9,32,405.0,0.42103255254319766,71.6893929404278,60.92091937399564,6.746880443610626,565.0866704459507,1058.579845815972,7626.313,1683.4029999999998,1599.0829999999996,4343.827000000001,1814.875,5811.438000000001,23.797541485643197,3,1,0,0,2,40.04935455328652,40.04935455328652,40.04935455328652,1.0,0.2833640688911182,0.0,0.0,1,0,0.0,0.7166359311088818,0.0,0.2833640688911182,0.0,0.2833640688911182,0.7166359311088818,0.0,0.0,0.0,7,1,2022,8,11,4,0,0,0,1,0,1,GRAVE_MORTALIDAD,2
5,1,20,0,4,1,-16.456961339180197,-69.16878537271873,0,4,7,1,2,2,2,2,7586.903,2.0,2,0,1.0,9,5,1198.0,0.40793575778337954,74.1179700387494,75.82498342030517,7.815994828984764,400.49726224384756,27571.04861049784,13642.312999999998,2020.7790000000005,2354.117,9267.416999999998,3314.0520000000006,10328.260999999997,24.29244952817019,3,1,0,0,1,35.11591616311637,33.65105112711273,36.580781199120004,0.16276278177818193,0.0,0.0,0.0,1,0,0.0,0.16276278177818193,0.16276278177818193,0.8372372182218181,0.0,0.8372372182218181,0.16276278177818193,0.0,0.0,0.0,7,1,2023,10,10,3,0,0,2,1,0,1,GRAVE_MORTALIDAD,2
6,1,1,0,4,1,-9.604648128679912,-78.28192906775062,0,4,7,1,2,1,1,0,6543.555,3.0,2,0,1.0,0,30,1475.0,0.5873460606982213,78.04758132038613,65.8701248560095,8.596987164492063,1041.0659985770535,35482.29764453961,10767.648,1885.0630000000003,1222.721,7659.864000000001,2100.343,8667.305000000002,19.506051832303577,4,1,0,0,3,36.17199253042108,36.17199253042108,36.17199253042108,1.0,0.0,0.0,0.4570018673947307,1,0,0.0,0.5429981326052693,0.0,0.4570018673947307,0.0,0.4570018673947307,0.5429981326052693,0.0,0.4570018673947307,0.0,4,0,2022,10,20,4,0,1,0,1,1,1,GRAVE_MORTALIDAD,2
3,2,10,2,4,1,-14.324412502501431,-75.46974425026468,0,3,7,1,2,1,1,2,6639.975,2.0,2,0,1.0,9,31,1616.0,0.5870226737448972,78.18606214434548,68.18639667674552,8.887971134414528,1008.8493236107981,27932.19700214133,3721.461,698.1859999999996,744.866,2278.409,1102.9029999999996,2618.558,29.636290693359403,3,2,0,0,1,37.551177034236524,36.111889197537025,38.99046487093602,1.0,0.0,0.37380810886700244,1.0,2,0,0.0,0.6261918911329976,0.37380810886700244,1.0,0.0,0.6261918911329976,1.0,0.0,0.0,0.0,15,2,2021,2,10,5,1,0,0,1,0,1,GRAVE_MORTALIDAD,2
6,1,14,2,4,1,-12.010288084360228,-76.8712344270805,3,3,6,1,4,2,2,0,875.67,2.0,2,0,1.0,3,14,156.0,0.6868549636939637,79.62363164345142,76.30894566128948,9.209137883551294,1425.4498631666322,684921.8484148846,7626.313,1683.4029999999998,1599.0829999999996,4343.827000000001,1814.875,5811.438000000001,23.797541485643197,2,1,0,0,1,31.005279355267728,28.503959516450795,32.881269234380426,1.0,0.0,0.0,0.0,1,0,0.0,0.0,0.0,1.0,1.0,0.0,0.0,0.625329959704233,1.0,0.625329959704233,9,0,2022,4,13,6,1,0,0,1,0,1,GRAVE_MORTALIDAD,2
3,2,20,0,4,1,-15.690015063860397,-70.53287727172555,0,4,7,0,2,0,1,2,1504.4250000000002,2.0,2,0,1.0,7,25,241.0,0.4698599762559323,78.4228993312338,68.12786536644234,6.991927650318564,610.3916333612686,6938.8501070663815,13642.312999999998,2020.7790000000005,2354.117,9267.416999999998,3314.0520000000006,10328.260999999997,24.29244952817019,3,2,0,0,1,49.2161559406114,27.888930585456635,70.54338129576617,1.0,0.0,0.0,0.987658953939626,2,0,0.0,0.987658953939626,0.0,1.0,0.0,0.987658953939626,1.0,0.0,1.0,0.012341046060374006,13,2,2021,4,22,4,0,1,2,1,0,1,GRAVE_MORTALIDAD,2
3,1,7,1,4,1,-13.581044186336882,-71.81106251037129,5,3,5,1,2,1,0,2,7586.903,2.0,2,0,1.0,9,5,1198.0,0.509432112798657,75.79632050382389,69.14981744190418,8.262201447056551,723.0010603703159,6342.207530799993,17779.13499998999,2097.3709999899997,2863.123,12818.640999999989,2878.713,14900.421999989989,16.19152450331032,3,1,0,0,1,30.430334919212786,27.859217552015043,33.00145228641053,1.0,0.8570391223992478,0.14296087760075216,0.14296087760075216,1,0,0.0,0.0,0.0,1.0,0.0,1.0,0.0,0.0,0.8570391223992478,0.0,16,3,2021,5,14,5,0,0,2,1,0,1,GRAVE_MORTALIDAD,2
6,1,15,0,4,1,-14.154877578123148,-70.85914525825095,0,4,5,0,2,2,2,2,1741.384648520365,2.0,1,0,0.2577064618297372,9,29,441.18990148894466,0.3261382618627704,75.99634876847206,58.553500674288266,5.425199175218445,299.65515083564406,3991.6562028827925,13393.992207510102,1965.1904276510172,2204.6258625024207,9224.175917356664,3100.4965823303196,10293.495625179781,23.083872815606558,2,1,0,0,1,36.98890031672185,36.98890031672185,36.98890031672185,1.0,1.0,0.7422935381702628,0.7422935381702628,1,0,0.0,0.0,0.0,1.0,0.0,0.7422935381702628,0.2577064618297372,1.0,0.7422935381702628,0.7422935381702628,2,0,2021,5,7,3,0,0,2,1,0,1,GRAVE_MORTALIDAD,2
6,1,8,0,4,1,-12.47528735009001,-74.79957847514069,0,4,1,0,5,2,2,1,7586.903,2.0,2,0,1.0,9,5,1198.0,0.2573006588151964,68.82329385018107,48.19382613880685,4.15071227119861,242.38250270321083,3628.607935057269,8511.426,1445.3929999999996,2008.516,5057.516999999999,1879.579,6631.846999999998,22.08300935706896,4,1,0,0,3,48.628444608244635,48.628444608244635,48.628444608244635,1.0,0.0,0.0,0.0,1,0,0.0,0.0,0.0,1.0,0.0,0.755838391283847,0.244161608716153,0.0,0.0,0.0,6,0,2023,7,15,1,0,1,2,1,0,1,GRAVE_MORTALIDAD,2
3,1,10,0,4,1,-9.399435912653898,-77.02037436268273,4,4,2,1,1,2,2,1,9936.932,2.0,2,0,1.0,9,32,3830.0,0.33523461131186116,74.88282346669462,43.92289465819912,4.903824545035679,423.9295381800513,11184.698929743558,8499.604352259184,1334.3270047442013,1251.8569817212067,5913.420365793776,1123.9564462419307,7375.647906017253,13.208496527109725,5,2,0,0,3,38.78407293863,38.186063821301246,39.38208205595875,1.0,0.0,0.0,0.0,2,0,0.0,0.0,0.0,1.0,0.0,0.0,1.0,0.0,0.0,0.0,10,1,2022,8,10,2,0,0,1,1,0,1,GRAVE_MORTALIDAD,2
7,1,6,0,4,0,-10.943652993473918,-74.72306520445571,0,4,4,0,2,1,0,2,6543.555,2.0,4,4,1.0,14,33,1198.0,0.4276018832494414,73.1716812654119,65.94308852521894,6.732733802698282,543.9361303485653,16694.975971675565,17069.17139907177,1957.4069994159336,2120.864305138205,12990.90009451763,2540.3826487079405,14528.788750363829,14.789776772880543,3,1,0,0,2,24.428679932464842,18.84469219153091,30.012667673398774,1.0,0.38510260282302966,0.0,0.38510260282302966,1,0,0.0,0.0,0.0,1.0,0.6148973971769703,0.38510260282302966,0.0,0.6148973971769703,1.0,0.6148973971769703,19,2,2024,6,22,3,0,1,2,1,0,1,GRAVE_MORTALIDAD,2
6,1,3,0,4,0,-13.052012526699823,-73.82845824661644,5,4,6,0,2,2,2,1,6543.555,2.0,4,4,1.0,14,33,1198.0,0.4478311959637322,75.09559982306358,65.79052662227127,6.522686229164675,617.583982286239,17237.302639219044,8337.204353522911,1289.85982552521,1224.6113007658819,5822.73322723182,1378.5511096750558,6958.653243847856,16.525495406756693,5,1,0,0,4,44.96728090318966,44.96728090318966,44.96728090318966,1.0,0.0,0.0,0.0,1,0,0.0,0.0,0.0,1.0,0.0,1.0,0.0,0.0,0.14519422120073855,0.0,12,2,2022,5,8,2,0,0,2,1,0,1,GRAVE_MORTALIDAD,2
3,1,3,0,4,0,-16.53943854231296,-72.5362071842603,0,4,7,0,2,1,1,0,6635.386883804197,2.0,2,0,1.0,9,31,1596.109597906597,0.6077843615696785,76.53072135400231,69.81276959706165,8.77367759087771,1135.5159013374655,74658.55888650964,10322.272,1495.236,1749.739,7077.2970000000005,2886.595,7435.677000000001,27.964725207783708,18,1,0,0,16,48.14275408201007,44.33309285802349,51.952415305996645,1.0,0.0,0.0,0.9524153059966436,1,0,0.0,0.0,0.9524153059966436,0.04758469400335641,0.0,0.04758469400335641,0.9524153059966436,0.0,0.0,0.0,21,1,2023,10,20,2,0,1,0,1,0,1,GRAVE_MORTALIDAD,2
6,1,18,0,4,1,-15.051395985316,-70.67213160642663,0,4,6,0,1,1,1,4,1130.6121649984798,1.1164352716298096,0,3,0.1164352716298096,9,32,185.4348212877618,0.4119515847490154,77.38615718251296,74.06061907921344,7.203585093970416,419.65024306507195,50406.51616179532,13909.328420915635,1987.3790765942315,2188.9622998384875,9732.987044482918,3161.0694431369966,10748.258977778638,22.92539951733381,2,1,0,0,1,33.67801124748562,33.67801124748562,33.67801124748562,1.0,1.0,0.0,0.0,1,0,0.0,0.0,1.0,0.0,0.1164352716298096,0.0,0.8835647283701904,1.0,0.8835647283701904,0.8835647283701904,7,1,2022,4,21,4,0,0,2,1,0,1,GRAVE_MORTALIDAD,2
3,1,3,0,4,1,-16.541269046520753,-71.94376254778392,5,4,7,1,2,0,1,0,6569.648179888357,2.0,3,2,1.0,12,32,1311.1191577819234,0.6455852322566902,78.58826324858522,78.38415596279924,8.472481180514539,1258.6172876652156,2628.282655246253,10322.272,1495.236,1749.739,7077.2970000000005,2886.595,7435.677000000001,27.964725207783708,7,2,0,0,5,37.7293800053064,35.18814001591921,40.0,0.7293800053064033,0.7293800053064033,0.0,0.0,2,0,0.0,0.27061999469359665,0.0,1.0,0.0,1.0,0.27061999469359665,0.0,0.0,0.0,15,3,2022,9,8,1,0,0,0,1,0,1,GRAVE_MORTALIDAD,2
9,1,3,0,4,0,-12.965312082891312,-73.99079587710855,0,4,0,0,1,2,2,2,6543.555,2.0,4,4,1.0,14,33,1198.0,0.2469055381627217,71.38115527871665,55.80511647543869,4.712169306112246,181.87180202286385,9163.252331522724,8329.863267649826,1292.3585487188143,1199.8272887183966,5837.677430212614,1360.2944225107633,6969.5688451390615,16.318425773296326,2,1,0,0,1,38.67004557144701,38.67004557144701,38.67004557144701,1.0,0.0,0.0,0.0,1,0,0.0,0.19416286904608226,0.0,0.8058371309539177,0.0,0.8058371309539177,0.19416286904608226,0.0,0.0,0.0,7,1,2023,8,14,3,0,0,2,1,0,1,GRAVE_MORTALIDAD,2
6,1,12,0,4,1,-8.94397882968097,-78.63211131849529,0,4,7,1,2,2,2,3,6543.555,3.0,2,0,1.0,0,30,1475.0,0.4867987483268106,77.5825534369154,52.95148122709723,6.150547060309878,840.5788229266196,9838.736616702356,8931.828000000005,1335.5899999999997,1935.9830000000004,5660.255000000005,1219.309,7712.519000000005,13.651281686122925,3,1,0,0,2,43.07965617034646,43.07965617034646,43.07965617034646,1.0,0.525565106379265,0.0,0.0,1,0,0.0,0.0,0.0,1.0,0.0,1.0,0.0,0.0,0.525565106379265,0.0,8,1,2021,3,25,1,0,1,0,1,1,1,GRAVE_MORTALIDAD,2
9,1,3,0,4,1,-16.077321052363146,-71.51239170537991,0,4,0,0,2,0,1,0,1504.4250000000002,2.0,2,0,1.0,7,25,241.0,0.6005060748875158,78.21704200773246,77.40211893847457,8.994742794352394,996.014120858737,33335.45824411135,10322.272,1495.236,1749.739,7077.2970000000005,2886.595,7435.677000000001,27.964725207783708,12,2,0,0,10,31.577008583779893,25.073341508361803,38.080675659197986,1.0,0.9926658491638197,0.0,0.007334150836180275,2,0,0.0,1.0,0.0,0.9926658491638197,0.0,0.9926658491638197,1.0,0.0,0.0,0.0,5,0,2021,8,14,5,1,0,0,1,0,1,GRAVE_MORTALIDAD,2
6,1,12,0,4,1,-8.929454579093944,-78.63538090114481,0,4,7,1,2,2,2,2,6543.555,3.0,2,0,1.0,0,30,1475.0,0.4867987483268106,77.5825534369154,52.95148122709723,6.150547060309878,840.5788229266196,9838.736616702356,8931.828000000005,1335.5899999999997,1935.9830000000004,5660.255000000005,1219.309,7712.519000000005,13.651281686122925,3,1,0,0,2,26.929138143074542,26.929138143074542,26.929138143074542,1.0,0.9741906071368183,0.0,0.0,1,0,0.0,0.0,0.0,1.0,0.0,1.0,0.0,0.0,0.9741906071368183,0.0,7,1,2021,3,28,1,0,1,0,1,1,1,GRAVE_MORTALIDAD,2
8,1,12,0,4,2,-7.647052872409428,-79.37115365978555,0,4,4,1,1,2,2,3,6543.555,2.0,4,4,1.0,14,33,1198.0,0.6155175412234448,79.87994128265922,67.90841688841823,9.203020561358432,1092.2587263561363,18051.09663615428,8931.828000000005,1335.5899999999997,1935.9830000000004,5660.255000000005,1219.309,7712.519000000005,13.651281686122925,5,1,0,0,4,30.913802964147,29.126965522639,32.253931045278,0.5532906396230001,0.0,0.0,0.0,1,0,0.0,0.5532906396230001,0.0,0.44670936037699993,0.0,0.44670936037699993,0.5532906396230001,0.44670936037699993,0.44670936037699993,0.44670936037699993,16,2,2021,7,17,4,0,0,0,1,0,1,GRAVE_MORTALIDAD,2
7,1,5,0,4,0,-13.20767224167549,-73.95280433163761,2,4,3,1,2,1,0,0,7043.893155062958,2.0,3,2,1.0,11,19,1198.0,0.20871326246566294,75.25529480179486,57.30452687928955,3.5491104740533683,154.34635983010247,7626.936950264297,8438.316113912018,1367.2540668134998,1667.8341452576983,5403.22790184082,1665.2697569238496,6773.046356988168,19.712330237708464,4,1,0,0,3,52.08179761666114,52.08179761666114,52.08179761666114,1.0,0.520449404165286,0.0,0.0,1,0,0.0,0.0,0.47955059583471404,0.520449404165286,0.0,0.520449404165286,0.47955059583471404,0.0,0.0,0.0,12,1,2024,8,20,2,0,1,2,1,0,1,GRAVE_MORTALIDAD,2
5,1,14,1,4,1,-12.384125482393296,-76.77125702435974,0,2,7,1,2,2,2,0,6639.975,2.0,2,0,1.0,9,31,1616.0,0.7237031719035755,79.64616838037276,76.32712763069136,10.576713660544419,1528.6171849416462,8665.326502292168,7626.313,1683.4029999999998,1599.0829999999996,4343.827000000001,1814.875,5811.438000000001,23.797541485643197,6,1,0,0,5,64.88983377705028,64.81578762719883,64.98916397807052,1.0,0.0,0.0,0.0,1,0,0.0,0.0,0.0,1.0,0.0,1.0,0.005418010964740039,0.0,0.005418010964740039,0.0,19,2,2024,8,1,6,1,0,0,1,0,1,GRAVE_MORTALIDAD,2
6,1,1,0,4,1,-8.55618335174109,-77.63200487133251,1,4,1,0,1,1,1,0,1703.219,1.0,0,3,0.0,9,28,247.0,0.46696054793091923,74.96019084652406,52.04906956665863,8.074012418314643,720.0240117999745,4802.96362438721,10767.648,1885.0630000000003,1222.721,7659.864000000001,2100.343,8667.305000000002,19.506051832303577,8,1,0,0,7,53.77973981099866,53.77973981099866,53.77973981099866,1.0,0.0,0.0,0.0,1,0,0.0,0.0,0.2018418353637581,0.7981581646362419,0.0,0.7981581646362419,0.2018418353637581,0.2018418353637581,0.0,0.0,9,1,2022,8,24,1,0,0,0,1,0,1,GRAVE_MORTALIDAD,2
3,1,6,1,4,0,-6.758637003977945,-78.1110345612837,0,1,5,0,1,1,0,2,7444.794767097727,2.0,2,1,1.0,10,23,1891.672826234962,0.5826462735143579,73.70804630923955,69.36119009907264,9.099082356664969,1043.0573003018544,100078.87758060748,13941.322935303431,1630.5680558943147,898.5985938207033,11412.156285588413,1757.4698105938153,12183.853124709618,12.644317308902307,3,1,0,0,1,26.935168566716253,24.70948035419766,29.160856779234848,1.0,0.2581039291604684,0.0,1.0,1,0,0.0,0.0,0.2581039291604684,0.7418960708395316,1.0,0.0,0.7418960708395316,0.0,1.0,0.0,5,0,2023,7,12,0,0,0,2,1,0,1,GRAVE_MORTALIDAD,2
3,1,5,0,4,1,-7.211771608606908,-78.38286247881342,0,4,6,0,2,2,2,2,9551.645795764753,2.0,2,0,1.0,9,32,3531.1610293972135,0.35694994858409823,76.97080374121354,54.64887215755509,4.803464620696518,416.4057580358104,5401.527614816814,15935.565011852366,1733.9250000199986,935.692,13265.948011832368,2000.1670000199988,13935.398011832369,12.551591352627522,3,1,0,0,2,47.54583743069485,33.36248770791544,61.729187153474264,1.0,0.11354064232628669,0.0,1.0,1,0,0.0,0.0,0.0,1.0,0.0,1.0,0.8864593576737133,0.0,1.0,0.0,2,0,2024,11,23,0,0,0,2,1,0,1,GRAVE_MORTALIDAD,2
3,1,11,0,4,1,-12.169445431320575,-74.94936322265251,6,4,7,1,2,1,1,0,7586.903,2.0,2,0,1.0,9,5,1198.0,0.557662730124245,70.49052161072295,73.53260930463358,10.035208624749686,924.1061116447532,14261.770441536284,12378.15160267538,1842.4866300791323,1208.4929840925465,9327.1719885037,1730.8168561543087,10647.33474652107,13.887339722254055,5,1,0,0,3,24.494741942077532,24.494741942077532,24.494741942077532,0.9175430096537447,0.08245699034625531,0.0,0.9175430096537447,1,0,0.9175430096537447,0.0,0.0,1.0,0.0,1.0,0.9175430096537447,0.0,1.0,0.0,17,1,2021,5,2,1,0,0,2,1,0,1,GRAVE_MORTALIDAD,2
3,4,10,0,4,1,-13.379624561729713,-76.2064116048083,0,4,7,1,2,2,2,2,6639.975,2.0,2,0,1.0,9,31,1616.0,0.5736744275518083,81.67473861808857,68.1608574885675,9.138785887908334,865.1176766860625,26660.92933618844,3721.461,698.1859999999996,744.866,2278.409,1102.9029999999996,2618.558,29.636290693359403,10,4,0,0,6,45.266204826473384,29.554417688412673,59.889056222292254,1.0,0.0,0.0,0.0,4,0,0.0,0.7778112444584507,0.7778112444584507,0.7778112444584507,0.0,1.0,0.7778112444584507,0.0,0.0,0.0,5,0,2022,6,4,5,0,0,0,1,0,1,GRAVE_MORTALIDAD,2
6,1,5,0,4,2,-6.8973363702073405,-78.76289569481185,0,4,5,0,1,2,2,1,6543.555,2.0,4,4,1.0,14,33,1198.0,0.29759082478060805,73.70954828133694,58.946604049720264,4.200826053161932,299.78729541208304,4023.0496711790206,15935.565011852366,1733.9250000199986,935.692,13265.948011832368,2000.1670000199988,13935.398011832369,12.551591352627522,2,1,0,0,1,43.28935644582739,43.28935644582739,43.28935644582739,1.0,0.17766088854315254,0.0,0.8223391114568475,1,0,0.0,0.17766088854315254,0.0,0.8223391114568475,0.0,0.8223391114568475,0.17766088854315254,0.17766088854315254,1.0,0.17766088854315254,9,1,2023,10,28,3,0,1,2,1,0,1,GRAVE_MORTALIDAD,2
2,1,13,2,5,3,-11.60386532286802,-77.17691745148281,0,2,0,0,2,0,1,0,5993.560244768952,2.0,3,3,1.0,13,31,1096.5826308469827,0.7493536476629804,79.55183343957617,77.6044058002594,11.768772456419425,1583.5510032403286,251445.40193818862,8434.27319048081,1688.3155679064014,1534.577372061563,5211.380250512845,1832.892092202425,6601.381098278385,22.704027893968725,4,2,0,2,0,45.12487409168058,42.930401667609594,47.22211030371607,0.9027637879645087,0.0,0.0,0.0,2,0,0.09723621203549127,0.0,0.0,1.0,0.09723621203549127,0.9027637879645087,0.0,0.09723621203549127,0.0,0.09723621203549127,7,0,2023,11,17,0,0,0,0,1,0,1,GRAVE_MORTALIDAD,2