CLASE SINIESTRO,CANTIDAD DE VEHICULOS DAÑADOS,DEPARTAMENTO,ZONA,TIPO DE VÍA,RED VIAL,COORDENADAS LATITUD,COORDENADAS  LONGITUD,CONDICIÓN CLIMÁTICA,ZONIFICACIÓN,CARACTERÍSTICAS DE VÍA,PERFIL LONGITUDINAL VÍA,SUPERFICIE DE CALZADA,¿EXISTE SEÑAL VERTICAL?,¿EXISTE SEÑAL HORIZONTAL?,CAUSA FACTOR PRINCIPAL,MTC_RVN_LONGITUD_KM,MTC_RVN_N_CARRILES_MEDIANA,MTC_RVN_SUPERFICIE_DOMINANTE,MTC_RVN_ESTADO_DOMINANTE,MTC_RVN_ES_CONCESIONADA,MTC_RVN_CONCESION_PRINCIPAL,MTC_RVN_CORREDOR_LOGISTICO,MTC_RVN_N_TRAMOS,IDH_2019,IDH_ESP_VIDA_2019,IDH_EDUC_SECUND_PCT_2019,IDH_ANIOS_EDUC_2019,IDH_INGRESO_PERCAP_2019,IDH_POBLACION_2019,MTC_DEP_RED_TOTAL_KM,MTC_DEP_NACIONAL_TOTAL_KM,MTC_DEP_DEPARTAMENTAL_TOTAL_KM,MTC_DEP_VECINAL_TOTAL_KM,MTC_DEP_PAV_TOTAL_KM,MTC_DEP_NO_PAV_TOTAL_KM,MTC_DEP_PCT_PAVIMENTADA,PER_TOTAL_PERSONAS,PER_N_CONDUCTORES,PER_N_CONDUCTORES_FUGADOS,PER_N_PEATONES,PER_N_PASAJEROS_OCUPANTES,PER_EDAD_COND_PROM,PER_EDAD_COND_MIN,PER_EDAD_COND_MAX,PER_ANY_COND_MASCULINO,PER_ANY_LIC_PROBLEMA,PER_ANY_DOSAJE_POS,PER_ANY_DOSAJE_EVALUADO,VEH_TOTAL,VEH_N_FUGADOS,VEH_ANY_FUGADO,VEH_ANY_CARGA,VEH_ANY_PUBLICO,VEH_ANY_PARTICULAR,VEH_ANY_MOTO,VEH_ANY_AUTO,VEH_ANY_CAMION_BUS,VEH_ANY_SOAT_PROBLEMA,VEH_ANY_CITV_PROBLEMA,VEH_ANY_SEGURO_PROBLEMA,HORA_NUM,FRANJA_HORARIA,ANIO,MES,DIA_MES,DIA_SEMANA,ES_FIN_SEMANA,ES_QUINCENA,REGION_NATURAL,TIENE_SEÑALIZACION,ES_VIA_MULTICARRIL,ES_DEPTO_BAJO_PAVIMENTO,CATEGORIA_SEVERIDAD,CATEGORIA_SEVERIDAD_ENC
6,1,7,0,4,1,-13.119207556924412,-72.33861615386476,2,4,0,0,2,1,1,2,3447.8009999999995,1.0,2,3,0.0,9,12,1109.0,0.4706944943299555,76.79406176595778,61.64424635983724,7.141255198110581,653.4175319142125,3282.6252676659524,17779.13499998999,2097.3709999899997,2863.123,12818.640999999989,2878.713,14900.421999989989,16.19152450331032,12,1,0,0,11,42.8465995486785,42.8465995486785,42.8465995486785,1.0,0.5248999867258383,0.0,0.47510001327416174,1,0,0.0,0.0,0.0,0.5248999867258383,0.0,0.0,1.0,0.0,0.0,0.0,13,1,2022,8,7,2,0,0,2,1,0,1,GRAVE_MORTALIDAD,2
6,1,12,0,4,1,-8.289747859037865,-78.16823042954164,0,4,7,1,1,2,2,2,6543.555,2.5488068085492763,2,1,1.0,6,31,1350.0194859681496,0.4786007773779347,75.24127777512344,48.07470149876177,6.392941449991077,857.5826739826167,9658.998446741894,8931.828000000005,1335.5899999999997,1935.9830000000004,5660.255000000005,1219.309,7712.519000000005,13.651281686122925,3,1,0,0,2,26.195227234197105,26.195227234197105,26.195227234197105,1.0,0.0,0.0,0.0,1,0,0.0,0.4511931914507237,0.0,0.5488068085492763,0.0,0.5488068085492763,0.4511931914507237,0.0,0.5488068085492763,0.0,14,3,2022,7,7,3,0,0,0,1,0,1,GRAVE_MORTALIDAD,2
5,1,5,0,4,1,-6.837141812664679,-79.06246524241878,2,4,0,1,2,1,1,0,908.5768991800651,2.0,2,2,0.3303914736656165,8,10,197.18533715906617,0.3967571932929838,72.17298804047047,63.29738739362201,5.181537892291859,545.5016042026472,7536.220506207125,15935.565011852366,1733.9250000199986,935.692,13265.948011832368,2000.1670000199988,13935.398011832369,12.551591352627522,28,1,0,0,27,53.348042631671916,49.052953474018906,57.64313178932493,1.0,0.0,0.0,0.0,1,0,0.0,0.3303914736656165,0.6696085263343835,0.3303914736656165,0.0,0.3303914736656165,1.0,0.0,0.0,0.0,12,2,2022,9,24,3,0,1,2,1,0,1,GRAVE_MORTALIDAD,2
6,1,1,0,4,1,-10.038011408836033,-77.06819233929204,0,4,0,0,2,2,2,0,9936.932,2.0,2,0,1.0,9,32,3830.0,0.4897941496397452,70.60617813387877,52.36349242767399,8.255761088380462,819.6051213469503,5052.604249968039,10767.648,1885.0630000000003,1222.721,7659.864000000001,2100.343,8667.305000000002,19.506051832303577,2,1,0,0,1,34.55591772652077,34.55591772652077,34.55591772652077,1.0,0.5892146143478555,0.0,0.5892146143478555,1,0,0.0,1.0,0.0,0.0,0.0,0.0,1.0,0.0,0.0,0.0,18,2,2022,7,7,0,0,0,0,1,0,1,GRAVE_MORTALIDAD,2
3,1,7,0,4,1,-8.595537249182518,-76.89037645734636,2,4,2,0,3,1,1,1,8043.3524559794605,2.0,2,0,0.5457216032101775,9,32,2255.925355123265,0.38532862742554985,75.5156327174542,54.63229958243934,5.2975138768595516,504.0869139746481,75100.21144574949,14267.899926284717,1775.9634685714468,1012.8498228595608,11479.08663485371,1813.1719292619223,12454.727997022797,12.733607366371373,3,2,0,0,1,27.359897555057515,21.26845434863716,33.45134076147787,1.0,1.0,0.0,0.5457216032101775,2,0,0.0,0.5457216032101775,0.4542783967898225,1.0,0.5457216032101775,0.4542783967898225,1.0,1.0,0.5457216032101775,1.0,12,1,2023,4,16,4,0,1,2,1,0,1,GRAVE_MORTALIDAD,2
6,1,4,0,4,1,-13.751533444369171,-74.5977211507592,0,4,0,0,2,1,1,3,1445.8916121085015,0.3546967598167252,1,3,0.4515655866055751,9,28,261.25342748734636,0.35696450849961386,74.82503722390267,40.00372528522564,5.807380612987533,498.4512434971156,3631.4381459196366,12678.733000000004,1805.074000000001,1774.0339999999994,9099.625000000004,2485.375000000001,10193.358000000002,19.602707936195205,8,1,0,0,7,42.38600849192823,42.38600849192823,42.38600849192823,1.0,0.0,0.0,1.0,1,0,0.0,0.0,0.0,1.0,0.0,0.0,1.0,0.5484344133944249,0.5484344133944249,0.5484344133944249,6,0,2022,9,19,2,0,0,2,1,0,1,GRAVE_MORTALIDAD,2
0,1,13,0,4,0,-6.0838352658344625,-79.61501333622081,3,4,2,0,1,2,2,0,6543.555,2.063072136268861,3,3,1.0,13,32,1215.4709817464745,0.2912188756949685,76.81381327958194,46.27898849957164,4.948584703560884,272.9646457871893,11948.351925770508,3305.1270535808917,491.30979034678205,664.3567916808968,2149.4604715532128,676.462113321274,2628.664940259617,20.778904815720573,2,1,0,0,0,28.07222631657064,27.06307213626886,29.081380496872416,1.0,0.0630721362688611,0.0,0.0630721362688611,1,0,0.0,0.0630721362688611,0.0,0.0630721362688611,0.0630721362688611,0.0,1.0,0.0,0.0630721362688611,0.0,3,0,2022,5,17,3,0,1,0,1,0,1,GRAVE_MORTALIDAD,2
6,1,14,2,4,1,-12.010108016179831,-76.87033982540339,5,4,6,1,5,2,2,0,875.67,2.0,2,0,1.0,3,14,156.0,0.6868549636939637,79.62363164345142,76.30894566128948,9.209137883551294,1425.4498631666322,684921.8484148846,7626.313,1683.4029999999998,1599.0829999999996,4343.827000000001,1814.875,5811.438000000001,23.797541485643197,2,1,0,0,1,36.744504228466084,32.80837817134956,39.69659877130347,1.0,0.0,0.0,0.0,1,0,0.0,0.0,0.0,1.0,1.0,0.0,0.0,0.9840315142791302,1.0,0.9840315142791302,2,0,2022,3,19,6,1,0,0,1,0,1,GRAVE_MORTALIDAD,2
6,1,3,0,4,2,-16.2502789160771,-72.90374897317987,1,4,1,0,5,2,2,0,6543.555,2.0,4,4,1.0,14,33,1198.0,0.5383351077939731,81.7871087697212,65.38608678645511,8.624964708381865,777.903200910525,7714.42693913802,10322.272,1495.236,1749.739,7077.2970000000005,2886.595,7435.677000000001,27.964725207783708,2,1,0,0,1,51.814062442681674,51.814062442681674,51.814062442681674,1.0,1.0,0.0,0.0,1,0,0.0,0.0,0.0,1.0,0.0,0.20351561067041923,0.0,1.0,0.20351561067041923,0.7964843893295808,11,2,2022,4,9,5,1,0,0,1,0,1,GRAVE_MORTALIDAD,2
5,1,5,0,4,1,-12.341391581653648,-74.27434958244267,1,4,1,0,5,2,2,1,6797.3409600570485,2.0,3,3,1.0,12,26,1198.0,0.43352510111497633,75.36953434779166,57.75463562176626,6.512377314289538,613.4202716681923,12780.793053548305,12577.985119883198,1810.276944449619,1611.4279995396198,9156.280175893959,2267.2261688989656,10310.758950984231,17.98504076297492,2,1,0,0,1,48.2162588879017,48.2162588879017,48.2162588879017,1.0,0.7567580902469283,0.0,1.0,1,0,0.2432419097530717,0.0,0.0,1.0,0.0,0.2432419097530717,1.0,0.0,0.2432419097530717,0.0,11,1,2021,6,8,3,0,0,2,1,0,1,GRAVE_MORTALIDAD,2
3,2,14,2,4,1,-11.061970209310667,-77.55331850916902,0,3,7,1,2,1,0,2,198.315,2.0,2,0,0.0,9,1,55.0,0.644332113046051,78.61218205687396,70.04798203155518,8.919818005352203,1280.219555520582,36044.03426124197,7626.313,1683.4029999999998,1599.0829999999996,4343.827000000001,1814.875,5811.438000000001,23.797541485643197,5,2,0,0,3,29.768495931247788,25.513860220429883,34.23609286754629,1.0,0.31944183822089856,0.6805581617791014,1.0,2,0,0.0,0.0,0.31944183822089856,0.31944183822089856,0.0,1.0,1.0,0.0,0.0,0.0,7,0,2022,11,20,1,0,1,0,1,0,1,GRAVE_MORTALIDAD,2
3,1,17,0,4,1,-6.1395097850664735,-77.15827963505463,0,4,5,0,2,2,2,1,2760.8550000000005,1.0,1,3,0.0,9,32,1208.0,0.4897957622284007,74.32124647532439,49.713372205983006,5.878560526175673,969.6886530013198,1794.331590995544,5355.93258784701,871.5489231617496,902.1430551546114,3582.240609530649,1001.8114841843357,4354.121103662674,18.984774114210037,5,1,0,0,3,29.97869468400649,25.809068945674063,34.14832042233893,1.0,0.8339251476664863,0.0,0.0,1,0,0.0,0.0,0.8339251476664863,1.0,0.8339251476664863,1.0,0.0,0.0,0.8339251476664863,0.8339251476664863,3,0,2023,7,22,0,0,1,1,1,0,1,GRAVE_MORTALIDAD,2
3,2,14,0,4,1,-11.200825323065626,-77.56353324023812,0,4,7,0,2,1,0,2,6543.555,3.0,2,0,1.0,0,30,1475.0,0.7327345537337897,78.20903814342847,76.31492653513806,13.642917835589472,1405.6698219039215,62016.21841541756,7626.313,1683.4029999999998,1599.0829999999996,4343.827000000001,1814.875,5811.438000000001,23.797541485643197,5,2,0,0,3,42.38178835824869,33.11821164175131,51.645365074746074,1.0,0.0,0.9408941791243455,1.0,2,0,0.0,0.9408941791243455,0.059105820875654524,0.059105820875654524,0.0,1.0,1.0,0.0,0.9408941791243455,0.0,5,0,2024,6,1,0,0,0,0,1,1,1,GRAVE_MORTALIDAD,2
5,1,5,0,4,1,-8.980397781670135,-76.7754222589643,0,4,2,0,2,1,0,2,6543.555,2.0,4,4,1.0,14,33,1198.0,0.4128714776768059,73.13728161456402,60.81934694887712,6.015079837754427,551.5046724761614,15398.369662825993,16505.732695430288,1846.3292836880657,1531.7956877349282,13127.607724007294,2271.878158776317,14233.854536653971,13.67732689088058,4,1,0,0,3,27.943352623802525,17.92782105466021,37.958884192944836,1.0,0.6907263151132631,0.0,0.6907263151132631,1,0,0.0,0.0,0.0,1.0,0.3092736848867369,0.6907263151132631,0.0,0.3092736848867369,1.0,0.3092736848867369,16,2,2024,6,25,4,0,1,2,1,0,1,GRAVE_MORTALIDAD,2
3,1,11,0,4,1,-11.764025353362692,-75.71186699682838,0,4,0,0,2,1,1,2,7586.903,2.0,2,0,1.0,9,5,1198.0,0.4545643050211295,68.73444804749025,55.05670880126828,7.076811092931955,737.237129067086,1424.8051391862955,12264.545,1826.4639999999995,1105.5389999999998,9332.542,1588.5359999999996,10676.009,12.952261987705208,5,1,0,0,3,52.63560688887171,48.627282666460545,56.64393111128288,1.0,0.0,0.0,1.0,1,0,0.0,0.728786222256576,0.0,1.0,0.0,0.728786222256576,1.0,0.0,0.0,0.0,12,1,2022,10,11,0,0,0,2,1,0,1,GRAVE_MORTALIDAD,2
3,1,3,1,4,0,-16.648008204461796,-72.60241006797749,0,0,6,1,2,1,1,0,6635.445864198317,2.0,2,0,1.0,9,31,1596.3652897209777,0.6449943769865161,84.5229115148688,69.74457781046057,9.036829104107204,1153.9993057997965,16426.354951859466,10322.272,1495.236,1749.739,7077.2970000000005,2886.595,7435.677000000001,27.964725207783708,44,2,0,0,42,54.2954051335279,35.71816205341116,72.87264821364465,1.0,0.0,0.0,0.0,2,0,0.0,0.0,0.9530270089018602,1.0,0.0,1.0,1.0,0.0,0.0,0.0,17,1,2024,2,26,3,0,1,0,1,0,1,GRAVE_MORTALIDAD,2
5,1,5,0,4,2,-6.933703022658206,-78.28560025612002,0,4,0,0,1,1,1,2,6543.555,2.0,4,4,1.0,14,33,1198.0,0.21142940629606252,72.53378334359117,35.697395466070695,3.261762213603627,197.40088930090945,11903.115127060155,15935.565011852366,1733.9250000199986,935.692,13265.948011832368,2000.1670000199988,13935.398011832369,12.551591352627522,37,1,0,0,36,59.80557838197987,58.76232876029817,60.848828003661566,1.0,0.07194824977115188,0.0,1.0,1,0,0.0,0.0,0.9280517502288481,0.07194824977115188,0.0,0.07194824977115188,0.9280517502288481,0.0,0.07194824977115188,0.0,22,2,2024,4,28,6,1,1,2,1,0,1,GRAVE_MORTALIDAD,2
3,2,10,0,3,1,-14.238644387086337,-75.20014167373414,0,3,7,1,2,2,2,0,1126.516907656534,1.0911406394446774,1,3,0.09114063944467754,9,32,334.58360747244365,0.6623698846084065,78.73579785627062,81.44486405011723,11.722697995505136,1097.6364161068232,142659.4224176209,4625.653795116008,818.727971745054,891.5341651669868,2915.391658203967,1304.428533767459,3321.2252613485484,29.149249592473268,4,1,0,0,3,68.81007761943629,67.44296802776613,70.17718721110644,1.0,0.0,0.0,0.0,2,0,0.0,1.0,0.0,1.0,0.0,1.0,1.0,0.0,0.0,0.0,22,2,2023,10,16,2,0,0,0,1,0,1,GRAVE_MORTALIDAD,2
6,1,8,0,4,2,-12.474264976553656,-74.81460504483553,0,4,7,1,7,2,2,0,6543.555,2.0,4,4,1.0,14,33,1198.0,0.2607492854448309,69.07359956119312,48.16834913117437,4.183693930733708,248.4708846671778,3608.5400028935424,8511.426,1445.3929999999996,2008.516,5057.516999999999,1879.579,6631.846999999998,22.08300935706896,8,1,0,0,7,33.28329306097437,30.426895196059178,35.425591459660765,0.2859005337712024,0.0,0.0,0.0,1,0,0.0,0.0,0.0,1.0,0.0,1.0,0.0,0.0,0.2859005337712024,0.0,20,2,2024,6,14,5,0,0,2,1,0,1,GRAVE_MORTALIDAD,2
3,1,20,0,4,1,-16.38648123928764,-70.27126077927821,4,4,6,1,3,0,1,1,2364.8368806207395,2.0,2,0,1.0,7,27,449.6765623858241,0.5454363709798863,74.56591688752228,67.50368336485133,8.316044769212866,907.6963435442373,3486.7822242879315,2467.050997723391,554.9157650911978,439.0909150177612,1473.0443176144317,880.3661108020934,1586.6848869212972,34.849845131581795,4,2,0,0,2,37.93132224641555,34.0,41.862644492831095,1.0,0.32761018720129553,0.0,0.0,2,0,0.0,1.0,0.0,0.0,0.0,1.0,1.0,0.0,0.0,0.0,5,0,2021,8,11,2,0,0,0,1,0,1,GRAVE_MORTALIDAD,2
6,1,3,0,4,0,-12.98986832854679,-73.88633932359004,0,4,6,0,2,2,2,1,6543.555,2.0,4,4,1.0,14,33,1198.0,0.44248037401891654,75.0486858424093,64.78063344552609,6.421363085343795,610.58519412371,17238.120936026455,8333.504719882447,1291.1190888746771,1212.1210825200062,5830.264548487763,1369.3504198637454,6964.154300018701,16.42114003003003,3,1,0,0,2,18.057706699280573,18.057706699280573,18.057706699280573,1.0,0.8301274055955237,0.0,0.0,1,0,0.0,0.0,0.0,1.0,0.0,1.0,0.0,0.0,1.0,0.0,9,0,2022,10,14,4,0,0,2,1,0,1,GRAVE_MORTALIDAD,2
3,1,17,0,4,1,-11.19935613736455,-75.99564231737591,0,4,6,0,2,1,1,2,1131.3876466432691,2.0,2,2,0.05541588844224443,9,23,989.9771585045015,0.5624675662096114,75.60468114690237,74.1548380387294,8.957521589113025,895.3000747000508,2532.7063905141986,3636.7800962639985,559.3611708881193,910.4133102290349,2167.0056151468452,606.1488455462522,3030.6312507177468,16.806642165608974,3,1,0,0,1,36.11083177688449,35.166247665326736,37.05541588844225,1.0,0.05541588844224443,0.0,0.9445841115577556,1,0,0.0,0.9445841115577556,0.0,0.9445841115577556,0.0,0.05541588844224443,0.9445841115577556,0.0,0.0,0.0,19,2,2021,11,15,3,0,1,1,1,0,1,GRAVE_MORTALIDAD,2
3,2,16,0,4,1,-5.663397007775999,-79.87068623431507,0,4,5,1,2,2,2,0,626.2173892507801,2.0,2,2,0.0,9,15,149.12153025385686,0.5183733740990164,78.47352355565182,65.82896618690738,7.668652270550492,773.8690341338605,23041.757232881533,2648.186725119226,390.3562059386511,556.5220067082967,1701.3085124722784,562.1597665107222,2086.0269586085037,22.68689893420828,4,2,0,0,2,43.53608292879153,33.3639491517019,53.708216705881156,1.0,1.0,0.0,1.0,2,0,0.0,0.3311464891641498,0.6688535108358502,1.0,1.0,0.6688535108358502,0.3311464891641498,0.0,1.0,0.3311464891641498,16,1,2021,5,18,2,0,1,0,1,0,1,GRAVE_MORTALIDAD,2
3,1,8,0,4,1,-13.37383082988812,-74.95599746577267,0,4,7,1,2,1,1,1,508.82042698110445,1.234028425144821,1,3,0.23402842514482092,9,30,102.0599021902602,0.2997946406100768,72.83003345209801,46.42647217987546,4.997510303405721,292.6881439974165,3327.8779443254816,8511.426,1445.3929999999996,2008.516,5057.516999999999,1879.579,6631.846999999998,22.08300935706896,9,1,0,0,7,30.10625582630339,30.10625582630339,30.10625582630339,1.0,0.7659715748551791,0.0,0.7659715748551791,1,0,0.0,0.0,0.0,1.0,0.0,1.0,0.7659715748551791,0.0,0.0,0.0,2,0,2021,3,16,5,1,0,2,1,0,1,GRAVE_MORTALIDAD,2
4,1,8,0,4,1,-12.846554423033831,-74.77583630391173,0,4,2,1,2,2,2,0,585.2918014246249,1.0,0,3,0.0,9,32,65.1434234087075,0.2630513315075639,69.62229212029025,47.55009113394502,4.38789328293827,242.31079680578782,3573.0318203539637,8511.426,1445.3929999999996,2008.516,5057.516999999999,1879.579,6631.846999999998,22.08300935706896,5,1,0,0,4,41.48539038333901,41.48539038333901,41.48539038333901,1.0,1.0,0.0,0.41367867898526034,1,0,0.0,0.5863213210147397,0.0,0.41367867898526034,0.0,0.41367867898526034,1.0,0.0,0.0,0.0,3,0,2021,5,11,5,1,0,2,1,0,1,GRAVE_MORTALIDAD,2
4,2,15,1,4,1,-9.244047894692452,-78.21769857758217,0,3,4,1,2,1,1,3,235.47118925131696,2.0,2,0,0.3470270780920607,6,7,53.2648646095397,0.4942171832348884,74.01941213287725,60.42143955971149,7.203924084316807,895.5066242277486,36969.97755855708,8091.167223018715,1717.761803995638,1265.2127595196434,5108.192659503434,1953.5574312387516,6137.609791779964,24.110490812097396,3,2,0,0,1,35.782342359364016,34.041081234276184,37.958918765723816,1.0,0.6529729219079393,0.0,1.0,2,0,0.0,0.0,0.6529729219079393,1.0,0.0,0.6529729219079393,1.0,0.0,0.3470270780920607,0.0,13,3,2021,9,16,0,0,1,0,1,0,1,GRAVE_MORTALIDAD,2
2,1,12,0,4,1,-8.418782877325805,-78.77157842564844,0,2,7,1,2,2,2,0,6543.555,2.5796190972281368,2,1,1.0,5,31,1358.554489932194,0.5051395598219868,77.13285387085847,51.52067479184955,6.715328807318118,900.900383457586,67612.41755888652,8931.828000000005,1335.5899999999997,1935.9830000000004,5660.255000000005,1219.309,7712.519000000005,13.651281686122925,11,1,0,0,9,28.595523090192017,25.464951736034223,31.30571354157795,0.5796190972281366,0.5796190972281366,0.0,0.0,1,0,0.42038090277186335,0.0,0.5796190972281366,0.5796190972281366,0.0,0.5796190972281366,0.5796190972281366,0.0,0.0,0.0,5,0,2022,1,5,3,0,0,0,1,0,1,GRAVE_MORTALIDAD,2
6,1,8,0,4,1,-13.496533942429009,-75.14381157440096,0,4,4,1,1,2,2,0,1656.821498610332,1.9333445539232588,2,3,0.9777815179744196,9,24,309.334287083477,0.37564651534852544,61.98707403492083,61.92064598608987,6.649479735276014,497.300313854789,225.60586072351728,8511.426,1445.3929999999996,2008.516,5057.516999999999,1879.579,6631.846999999998,22.08300935706896,29,1,0,0,28,38.95556303594884,38.86668910784652,39.02221848202558,1.0,0.02221848202558041,0.0,0.0,1,0,0.0,0.0,0.9777815179744196,0.02221848202558041,0.0,0.0,1.0,0.0,0.0,0.0,2,0,2021,9,2,4,0,0,2,1,0,1,GRAVE_MORTALIDAD,2
6,1,19,0,4,1,-16.313680068479492,-69.28742457990091,0,4,6,0,2,2,2,2,7574.946218404164,2.0,2,0,1.0,9,5,1198.0,0.31731299832188004,73.01593660316063,68.93792530277571,6.007418550770218,253.57568121788884,13761.46691699136,13631.2703607175,2018.3070179056947,2347.469241305435,9265.49410150637,3304.5553508450757,10326.715009872423,24.23870502877387,5,1,0,0,4,58.96561996113712,58.96561996113712,58.96561996113712,1.0,0.01146001295429333,0.0,0.01146001295429333,1,0,0.0,0.0,0.9885399870457067,0.01146001295429333,0.0,0.0,1.0,0.0,0.0,0.0,2,0,2021,5,22,0,0,0,2,1,0,1,GRAVE_MORTALIDAD,2
3,1,5,1,4,1,-7.126362405364445,-78.46123794995873,6,4,5,1,5,2,2,0,2917.5650315770986,1.0414280888193876,1,3,0.041428088819387754,9,32,1207.5857191118062,0.4866044444989902,74.17550301876636,64.69578588097104,6.605706796638076,775.6268418365972,48190.17576801366,15935.565011852366,1733.9250000199986,935.692,13265.948011832368,2000.1670000199988,13935.398011832369,12.551591352627522,3,1,0,0,2,34.12428426645816,33.95857191118061,34.24856853291632,0.9585719111806122,0.9585719111806122,0.0,0.0,1,0,0.0,0.041428088819387754,0.0,0.9585719111806122,0.9585719111806122,0.0,0.041428088819387754,0.9585719111806122,1.0,0.9585719111806122,13,2,2022,7,30,6,1,1,2,1,0,1,GRAVE_MORTALIDAD,2
3,1,6,0,4,1,-13.058495993391848,-72.22407073968961,0,4,0,1,1,0,0,2,3357.462017885906,1.0,1,3,0.0,9,12,1076.7705403861335,0.45113867950930336,71.21337475711468,58.336896653335046,7.666442710446897,637.4694457994665,23747.889650476736,17719.777093418543,2085.669033778357,2801.0649984285574,12833.043061211629,2850.42622395077,14869.350869467773,16.074328620715807,2,1,0,0,1,34.611747984678786,31.70833977173333,37.515156197624236,1.0,0.0,0.0,0.03219726235151499,1,0,0.0,0.03219726235151499,0.0,0.967802737648485,0.967802737648485,0.0,0.03219726235151499,0.0,0.967802737648485,0.967802737648485,19,2,2024,8,23,5,1,1,2,0,0,1,GRAVE_MORTALIDAD,2
3,1,14,0,4,1,-10.66918911044199,-77.81876460499703,0,4,7,1,2,1,0,2,6543.555,3.0,2,0,1.0,0,30,1475.0,0.6188251935945117,82.67563587760827,70.4642865107166,8.416636103269967,1097.713221759296,20200.20631270669,7626.313,1683.4029999999998,1599.0829999999996,4343.827000000001,1814.875,5811.438000000001,23.797541485643197,4,2,0,0,2,47.049864178364395,37.04850596200838,57.05122239472042,1.0,0.0,0.0,1.0,2,0,0.0,0.45013582163560184,1.0,0.5498641783643982,0.0,1.0,1.0,0.0,0.0,0.0,15,1,2021,3,12,4,0,0,0,1,1,1,GRAVE_MORTALIDAD,2
3,2,3,0,4,1,-15.766735400955934,-70.97656060814131,0,4,7,0,2,0,1,0,1504.4250000000002,2.0,2,0,1.0,7,25,241.0,0.4498224071382834,81.63336343193146,58.84842497065013,5.774685730039019,620.6584683449911,1358.612419700214,10322.272,1495.236,1749.739,7077.2970000000005,2886.595,7435.677000000001,27.964725207783708,10,2,0,0,8,48.87105659472773,32.6684312435856,65.07368194586986,1.0,1.0,0.0,0.0,2,0,0.0,0.03684097293493349,0.03684097293493349,0.9631590270650665,0.0,1.0,1.0,0.0,0.0,0.0,5,0,2021,6,12,0,0,0,0,1,0,1,GRAVE_MORTALIDAD,2
6,1,3,0,4,2,-13.064243176488311,-73.97966248932714,1,4,0,0,6,2,2,0,6543.555,2.0,4,4,1.0,14,33,1198.0,0.5563774842369664,77.00938809632027,69.10246351364754,8.476961866273152,914.8835608305218,27932.19700214133,8424.708402699413,1288.5488915192518,1371.2967145156936,5764.862796664466,1408.1975654786722,7016.51083722074,16.739184374045976,4,1,0,0,3,39.49179679237986,39.49179679237986,39.49179679237986,1.0,0.11475359941383545,0.0,0.0,1,0,0.0,0.11475359941383545,0.0,0.8852464005861646,0.0,0.8852464005861646,0.11475359941383545,0.0,0.0,0.0,17,1,2023,1,14,4,0,0,1,1,0,1,GRAVE_MORTALIDAD,2
3,1,19,2,2,3,-17.62324079036875,-70.59316932059939,2,2,6,1,3,2,2,0,6543.555,2.0,4,4,1.0,14,33,1198.0,0.699224860556048,77.20083056837534,74.82850116633617,11.25667371898073,1408.2979652012714,69519.89006128558,2797.0089646458327,552.0173584248739,691.2208789743028,1553.770727246656,969.5139345436149,1827.4950301022177,34.954410331203334,3,1,0,2,0,51.221847056379886,49.18348113312194,52.75062149882334,0.4904085191855132,0.0,0.0,0.0,1,0,0.5095914808144868,0.4904085191855132,0.0,0.0,0.0,0.0,0.4904085191855132,0.0,0.0,0.5095914808144868,15,2,2022,5,16,5,0,0,0,1,0,1,GRAVE_MORTALIDAD,2
3,2,10,0,4,1,-15.136891439746439,-74.96484427939035,5,4,7,1,2,2,2,1,6639.975,2.0,2,0,1.0,9,31,1616.0,0.5563774842369664,77.00938809632027,69.10246351364754,8.476961866273152,914.8835608305218,27932.19700214133,3721.461,698.1859999999996,744.866,2278.409,1102.9029999999996,2618.558,29.636290693359403,3,2,0,0,1,35.50851227559818,33.33900818373212,37.67801636746424,1.0,0.0,0.0,1.0,2,0,0.0,1.0,0.0,1.0,0.0,1.0,1.0,0.0,0.0,0.0,6,0,2022,7,23,5,1,1,0,1,0,1,GRAVE_MORTALIDAD,2