CLASE SINIESTRO,CANTIDAD DE VEHICULOS DAÑADOS,DEPARTAMENTO,ZONA,TIPO DE VÍA,RED VIAL,COORDENADAS LATITUD,COORDENADAS  LONGITUD,CONDICIÓN CLIMÁTICA,ZONIFICACIÓN,CARACTERÍSTICAS DE VÍA,PERFIL LONGITUDINAL VÍA,SUPERFICIE DE CALZADA,¿EXISTE SEÑAL VERTICAL?,¿EXISTE SEÑAL HORIZONTAL?,CAUSA FACTOR PRINCIPAL,MTC_RVN_LONGITUD_KM,MTC_RVN_N_CARRILES_MEDIANA,MTC_RVN_SUPERFICIE_DOMINANTE,MTC_RVN_ESTADO_DOMINANTE,MTC_RVN_ES_CONCESIONADA,MTC_RVN_CONCESION_PRINCIPAL,MTC_RVN_CORREDOR_LOGISTICO,MTC_RVN_N_TRAMOS,IDH_2019,IDH_ESP_VIDA_2019,IDH_EDUC_SECUND_PCT_2019,IDH_ANIOS_EDUC_2019,IDH_INGRESO_PERCAP_2019,IDH_POBLACION_2019,MTC_DEP_RED_TOTAL_KM,MTC_DEP_NACIONAL_TOTAL_KM,MTC_DEP_DEPARTAMENTAL_TOTAL_KM,MTC_DEP_VECINAL_TOTAL_KM,MTC_DEP_PAV_TOTAL_KM,MTC_DEP_NO_PAV_TOTAL_KM,MTC_DEP_PCT_PAVIMENTADA,PER_TOTAL_PERSONAS,PER_N_CONDUCTORES,PER_N_CONDUCTORES_FUGADOS,PER_N_PEATONES,PER_N_PASAJEROS_OCUPANTES,PER_EDAD_COND_PROM,PER_EDAD_COND_MIN,PER_EDAD_COND_MAX,PER_ANY_COND_MASCULINO,PER_ANY_LIC_PROBLEMA,PER_ANY_DOSAJE_POS,PER_ANY_DOSAJE_EVALUADO,VEH_TOTAL,VEH_N_FUGADOS,VEH_ANY_FUGADO,VEH_ANY_CARGA,VEH_ANY_PUBLICO,VEH_ANY_PARTICULAR,VEH_ANY_MOTO,VEH_ANY_AUTO,VEH_ANY_CAMION_BUS,VEH_ANY_SOAT_PROBLEMA,VEH_ANY_CITV_PROBLEMA,VEH_ANY_SEGURO_PROBLEMA,HORA_NUM,FRANJA_HORARIA,ANIO,MES,DIA_MES,DIA_SEMANA,ES_FIN_SEMANA,ES_QUINCENA,REGION_NATURAL,TIENE_SEÑALIZACION,ES_VIA_MULTICARRIL,ES_DEPTO_BAJO_PAVIMENTO,CATEGORIA_SEVERIDAD,CATEGORIA_SEVERIDAD_ENC
0,0,13,2,2,3,-11.812675944900832,-77.08917428868847,0,0,0,0,2,2,2,1,6255.2270774698845,2.0,3,3,1.0,13,32,1144.8332032655926,0.7566475367390001,79.87772486763647,77.77397779109162,11.885526314182918,1607.4517426112614,251141.24029754303,8049.8760994526565,1685.978352737947,1565.2667253572045,4798.631021357505,1824.3202369142618,6225.555862538396,23.224280560612204,3,1,0,2,0,34.15292463106733,33.94902512297756,34.30584926213466,0.9490251229775576,0.0,0.0,0.9490251229775576,1,0,0.05097487702244241,0.0,0.9490251229775576,0.05097487702244241,0.05097487702244241,0.0,0.9490251229775576,1.0,0.0,0.05097487702244241,19,1,2021,2,18,4,0,0,0,1,0,1,GRAVE_MORTALIDAD,2
6,1,1,0,4,1,-8.642161587258176,-77.57213452271165,1,4,4,0,1,2,2,1,1351.718957590072,-0.23505823012462312,0,2,0.0,9,30,201.30284548538896,0.31597148897217886,75.42218440500343,42.24262985231998,5.610808107774046,406.97702041037167,5796.063768113747,10767.648,1885.0630000000003,1222.721,7659.864000000001,2100.343,8667.305000000002,19.506051832303577,22,1,0,0,21,51.059767079501505,51.059767079501505,51.059767079501505,1.0,0.0,0.0,0.0,1,0,0.0,0.0,0.6175291150623116,0.38247088493768844,0.0,0.38247088493768844,0.6175291150623116,0.0,0.0,0.0,7,1,2021,5,17,0,0,0,0,1,0,1,GRAVE_MORTALIDAD,2
3,2,12,1,4,1,-8.102301481823364,-79.09336171200833,0,0,7,1,2,2,2,0,6543.555,3.0,2,0,1.0,0,30,1475.0,0.583006771156836,78.2441938961209,62.24037484511178,8.807312392374042,1028.2282118265089,76607.295503212,8931.828000000005,1335.5899999999997,1935.9830000000004,5660.255000000005,1219.309,7712.519000000005,13.651281686122925,4,2,0,0,2,40.77935697509378,28.129949211344776,53.42876473884279,1.0,0.7922165790383086,0.0,0.0,2,0,0.0,1.0,0.7922165790383086,0.20778342096169145,0.7922165790383086,0.0,1.0,0.0,0.0,0.7922165790383086,14,2,2024,9,16,3,0,0,0,1,1,1,GRAVE_MORTALIDAD,2
3,1,3,0,4,1,-15.908524214257579,-71.1728923911721,0,4,7,1,2,1,1,0,1504.4250000000002,2.0,2,0,1.0,7,25,241.0,0.4498224071382834,81.63336343193146,58.84842497065013,5.774685730039019,620.6584683449911,1358.612419700214,10322.272,1495.236,1749.739,7077.2970000000005,2886.595,7435.677000000001,27.964725207783708,17,2,0,0,14,41.67996938113095,24.587697018287546,55.83375665253663,1.0,0.41230298171245405,0.0,0.587697018287546,2,0,0.0,1.0,1.0,0.0,0.0,0.41230298171245405,1.0,0.0,0.0,0.0,6,0,2023,7,5,6,1,0,0,1,0,1,GRAVE_MORTALIDAD,2
6,1,5,0,4,2,-7.922059520514146,-77.75438562449685,0,4,0,0,1,2,2,0,6543.555,2.0,4,4,1.0,14,33,1198.0,0.3136601012541051,76.08940888484929,44.52374156978494,4.513089996224342,343.2488511510241,14220.80248884175,16142.716798506148,1774.763421523059,1152.2667858074153,13215.686591175674,2098.8843661761052,14043.832432330044,12.960590555432933,14,1,0,0,13,43.97743932491826,43.97743932491826,43.97743932491826,1.0,0.8876355180510144,0.0,0.0,1,0,0.0,0.11236448194898563,0.8876355180510144,0.0,0.0,0.0,1.0,0.8876355180510144,0.8876355180510144,0.8876355180510144,9,1,2022,8,24,5,0,1,2,1,0,1,GRAVE_MORTALIDAD,2
6,1,4,0,4,0,-14.747071924490271,-74.26549845182144,4,4,3,0,5,2,2,0,6543.555,2.0,4,4,1.0,14,33,1198.0,0.4068795366520661,67.99800558389806,50.287509342387445,6.441712543529617,628.0978491803061,1972.6889840723873,12678.733000000004,1805.074000000001,1774.0339999999994,9099.625000000004,2485.375000000001,10193.358000000002,19.602707936195205,5,1,0,0,4,52.696297628480536,52.696297628480536,52.696297628480536,1.0,0.6680135285672972,0.0,0.33198647143270277,1,0,0.0,0.33198647143270277,0.0,0.6680135285672972,0.0,0.6680135285672972,0.33198647143270277,0.0,0.0,0.0,7,0,2023,5,16,4,0,0,2,1,0,1,GRAVE_MORTALIDAD,2
6,1,8,0,4,1,-12.437104500749175,-74.74382849566022,1,4,1,1,2,2,2,0,740.6697710566292,1.2183674419467527,0,3,0.0,9,32,91.11428837450907,0.24601691366083256,69.3216904837808,50.03413770328731,4.136507317211052,208.60372872749696,4132.191004016953,8511.426,1445.3929999999996,2008.516,5057.516999999999,1879.579,6631.846999999998,22.08300935706896,2,1,0,0,1,52.310204651680515,52.310204651680515,52.310204651680515,1.0,0.7816325580532472,0.0,0.0,1,0,0.0,0.7816325580532472,0.0,0.21836744194675284,0.0,0.0,1.0,0.0,0.0,0.0,5,0,2021,8,13,3,0,0,2,1,0,1,GRAVE_MORTALIDAD,2
4,1,13,0,4,1,-9.582481927614939,-78.3318586270164,0,4,7,1,2,1,0,3,6543.555,3.0,2,0,1.0,0,30,1475.0,0.6022271438719674,80.67289379413839,69.55514877383854,8.947022576479311,1017.0143259819379,20569.090328451348,8196.890317537805,1531.3907990335028,1746.325657708633,4919.17386079567,1554.5819733425355,6642.30834419527,19.363103199256653,6,1,0,0,4,42.03685597697265,38.940639347104685,45.13307260684062,1.0,0.0,0.0,0.5629484781578123,1,0,0.0,0.0,0.5629484781578123,1.0,0.0,0.5629484781578123,1.0,0.0,0.0,0.0,11,1,2021,4,13,5,1,0,0,1,1,1,GRAVE_MORTALIDAD,2
4,1,12,0,4,1,-7.493559746317032,-78.41966712714556,0,4,7,1,5,2,2,0,6543.555,2.3722545851026635,3,2,1.0,8,31,1301.114520073438,0.29823697758145506,77.03070387237754,37.16166042342703,4.319806031540945,397.18837835002694,13079.199650223602,8931.828000000005,1335.5899999999997,1935.9830000000004,5660.255000000005,1219.309,7712.519000000005,13.651281686122925,5,1,0,0,4,30.883236244692007,30.13872707448668,31.627745414897337,1.0,0.0,0.0,0.0,1,0,0.0,0.6277454148973364,0.0,0.3722545851026636,0.3722545851026636,0.3722545851026636,0.6277454148973364,0.0,0.0,0.3722545851026636,11,0,2022,10,20,2,0,0,0,1,0,1,GRAVE_MORTALIDAD,2
4,1,20,0,4,1,-15.290231670312629,-70.22401909091735,0,4,2,1,2,2,2,3,1761.8050000000003,2.0,2,0,1.0,6,22,410.0,0.289549626938555,77.56938441814937,61.26176615135224,5.519427583790393,205.49658062526288,1447.8907922912204,13642.312999999998,2020.7790000000005,2354.117,9267.416999999998,3314.0520000000006,10328.260999999997,24.29244952817019,8,1,0,0,7,31.676271029627227,24.23050471105345,39.122037348201005,1.0,0.0,0.0,0.0,1,0,0.0,0.0,0.647457940745546,1.0,0.0,0.647457940745546,1.0,0.647457940745546,0.647457940745546,0.647457940745546,14,3,2022,3,18,5,1,0,2,1,0,1,GRAVE_MORTALIDAD,2
3,1,10,0,4,1,-10.598464816410067,-75.19537846643547,0,4,6,1,2,2,2,1,5298.661764817914,1.8437550439872936,2,1,0.0,9,32,496.71449791871146,0.502704351240465,72.05343148951178,60.49333202411373,8.063763123693715,810.4476245846145,43769.456167417346,12838.123360273637,1812.0052480186644,1079.0012629561097,9947.116849298862,1652.8512674915908,11185.272092782046,12.889659221951913,3,1,0,0,1,46.656325659809404,36.53126513196188,56.78138618765693,1.0,0.15624495601270638,0.0,0.0,1,0,0.0,0.8437550439872936,0.8437550439872936,0.15624495601270638,1.0,0.0,0.8437550439872936,0.15624495601270638,0.15624495601270638,0.15624495601270638,17,2,2022,7,25,2,0,1,2,1,0,1,GRAVE_MORTALIDAD,2
3,1,14,0,4,1,-14.658401119432282,-71.44394098907772,0,4,4,0,2,1,0,2,1735.788552751675,2.0,1,0,0.3249227944066413,9,29,429.763124950871,0.2710616799141391,73.03476754036184,58.245782428497634,5.265793266205628,203.245841796088,13439.163034847543,13329.22389376565,1950.691528632516,2165.6348106522123,9212.89755448092,3044.7959534994884,10284.42794026616,22.76864558506063,17,1,0,0,15,44.56153493008301,39.498455888132824,49.62461397203321,1.0,0.0,0.0,0.3249227944066413,1,0,0.0,0.0,0.3249227944066413,0.6750772055933587,0.0,0.6750772055933587,1.0,0.0,0.6750772055933587,0.0,4,0,2021,2,15,1,0,0,2,1,0,1,GRAVE_MORTALIDAD,2
0,1,20,0,4,1,-14.729672663290266,-70.16334535626261,0,4,7,1,2,1,1,2,1762.1286490927273,2.0,1,0,0.6872955625825176,6,25,433.45283280631116,0.31226596384147076,70.40392222151755,64.45393114474844,6.0327617022536115,262.8353306642795,9762.375027942893,13642.312999999998,2020.7790000000005,2354.117,9267.416999999998,3314.0520000000006,10328.260999999997,24.29244952817019,4,1,0,1,2,42.21823890645629,39.87295562582518,44.563522187087415,1.0,0.0,0.0,0.6872955625825176,1,0,0.0,0.0,0.0,1.0,0.0,0.31270443741748244,1.0,0.0,0.31270443741748244,0.0,10,2,2021,8,9,0,0,0,2,1,0,1,GRAVE_MORTALIDAD,2
5,1,13,2,3,1,-11.879286042278276,-77.06091158094137,0,2,6,1,2,2,2,5,1093.2271914801431,2.0,2,0,1.0,3,14,195.99632905789542,0.691910869800628,81.32616174924492,73.01502819677536,9.567811188718608,1412.424984295527,203602.91609526603,7676.4241396641255,1670.0524786961478,1612.0146346061465,4394.357026361831,1792.0146797392567,5884.409459924869,23.40808549173868,3,1,0,0,2,41.67373435989241,41.00201098320031,42.34545773658451,1.0,0.03838419295383433,0.0,0.0,1,0,0.0,0.0,0.03838419295383433,1.0,0.03838419295383433,0.9616158070461657,0.0,0.03838419295383433,0.0,0.03838419295383433,15,3,2023,4,28,5,0,0,0,1,0,1,GRAVE_MORTALIDAD,2
6,1,9,0,4,1,-11.730254029350519,-76.0815395349039,0,4,0,1,1,2,2,0,1538.3202568991721,1.0,1,3,0.0,9,20,274.58586331591624,0.35529061175357457,71.07022745024989,45.7405073918484,5.841212895777112,449.2481780943077,1187.3411813748244,8624.832241749285,1415.7729088424967,1988.9497397709795,5220.109593135808,1701.4667663764694,6923.365475372813,19.808494614952057,4,1,0,0,3,54.11170334050507,54.11170334050507,54.11170334050507,1.0,0.26975666564213197,0.0,0.0,1,0,0.0,0.0,0.0,1.0,0.0,0.0,1.0,0.0,0.730243334357868,0.0,11,1,2023,4,25,3,0,1,1,1,0,1,GRAVE_MORTALIDAD,2
6,1,4,0,4,1,-13.94933883850266,-74.02641792528159,0,4,3,0,1,2,2,2,6543.555,2.0,4,4,1.0,14,33,1198.0,0.29838275059490654,73.83603940234379,39.15410933701692,5.480172053282909,306.0634185285272,928.1992273638007,12678.733000000004,1805.074000000001,1774.0339999999994,9099.625000000004,2485.375000000001,10193.358000000002,19.602707936195205,11,1,0,0,10,32.773497128620896,32.773497128620896,32.773497128620896,1.0,0.0,0.0,0.5101295232822555,1,0,0.0,0.0,0.48987047671774453,0.5101295232822555,0.0,0.5101295232822555,0.48987047671774453,0.5101295232822555,0.5101295232822555,0.0,9,1,2023,4,21,3,0,0,2,1,0,1,GRAVE_MORTALIDAD,2
6,1,4,0,4,0,-13.285507469932536,-74.23353872693454,0,4,5,0,4,2,2,2,6543.555,2.0,4,4,1.0,14,33,1198.0,0.2095401849783981,78.99498975966806,39.24017326633489,3.3614947813514484,213.28152573197255,1627.0159072945778,12678.733000000004,1805.074000000001,1774.0339999999994,9099.625000000004,2485.375000000001,10193.358000000002,19.602707936195205,7,1,0,0,6,32.24506633433052,32.24506633433052,32.24506633433052,1.0,0.0,0.0,0.0,1,0,0.0,0.0,0.36928255550807076,0.6307174444919292,0.0,0.6307174444919292,0.36928255550807076,0.0,0.0,0.0,10,1,2023,6,20,3,0,0,2,1,0,1,GRAVE_MORTALIDAD,2
2,1,12,0,4,1,-8.406672272224375,-78.81344716819757,0,2,7,1,2,2,2,1,6543.555,2.739682897763108,2,1,1.0,3,30,1402.892162680381,0.5051395598219868,77.13285387085847,51.52067479184955,6.715328807318118,900.900383457586,67612.41755888652,8931.828000000005,1335.5899999999997,1935.9830000000004,5660.255000000005,1219.309,7712.519000000005,13.651281686122925,4,1,0,0,2,37.0,33.73968289776311,40.0,0.7396828977631081,0.0,0.0,0.7396828977631081,1,0,0.26031710223689186,0.7396828977631081,0.0,0.7396828977631081,0.0,0.7396828977631081,0.7396828977631081,0.0,0.7396828977631081,0.0,14,1,2021,2,15,1,0,0,0,1,0,1,GRAVE_MORTALIDAD,2
4,1,7,0,4,1,-13.919817319741385,-71.54535827547751,0,2,2,1,2,0,1,0,7586.903,2.0,2,0,1.0,9,5,1198.0,0.4390795317445257,69.32742167177607,73.62628940199528,7.340564568191317,589.3960957925688,4834.491442377474,17779.13499998999,2097.3709999899997,2863.123,12818.640999999989,2878.713,14900.421999989989,16.19152450331032,4,1,0,0,2,37.16317270291838,33.285930359857105,41.04041504597966,1.0,0.0,0.0,0.38772423430612757,1,0,0.0,0.38772423430612757,0.0,1.0,0.0,0.38772423430612757,1.0,0.0,0.0,0.0,17,2,2023,5,13,4,0,0,2,1,0,1,GRAVE_MORTALIDAD,2
5,1,5,0,4,2,-6.640352218367974,-78.52234659269453,6,4,0,1,1,2,2,0,6530.63212836349,2.0,3,3,0.9833241865101608,13,32,1184.109047362964,0.47067900126760764,72.64393066965893,64.7947176722868,6.199158026072268,757.9935243119417,46037.91070677799,15874.347766817249,1735.4681631242013,938.5243368938087,13200.355266799239,1993.3027182370292,13881.045048580221,12.558272861408932,3,1,0,0,1,37.20010976187807,33.06670325395935,40.35019208328662,0.016675813489839153,0.0,0.0,0.0,1,0,0.0,1.0,0.016675813489839153,0.0,0.016675813489839153,0.0,1.0,0.0,0.9833241865101608,0.0,11,1,2022,10,26,5,0,1,2,1,0,1,GRAVE_MORTALIDAD,2
5,1,3,0,4,1,-16.13726113440961,-71.62790477768868,0,4,1,0,2,0,1,0,1504.4250000000002,2.0,2,0,1.0,7,25,241.0,0.6005060748875158,78.21704200773246,77.40211893847457,8.994742794352394,996.014120858737,33335.45824411135,10322.272,1495.236,1749.739,7077.2970000000005,2886.595,7435.677000000001,27.964725207783708,2,1,0,0,1,70.95487827428413,68.90975654856825,73.0,1.0,0.0,0.0,0.19477349768722585,1,0,0.0,0.19477349768722585,0.19477349768722585,0.8052265023127742,0.0,0.8052265023127742,0.19477349768722585,0.0,0.19477349768722585,0.0,10,1,2023,1,29,6,1,1,0,1,0,1,GRAVE_MORTALIDAD,2
6,1,11,0,4,1,-11.540758839604518,-75.88426859262881,1,4,0,0,2,1,1,2,7586.903,2.0,2,0,1.0,9,5,1198.0,0.6211711217784234,75.51508523355102,70.90101252241288,10.049671623026311,1128.403546167389,8996.89721627409,12264.545,1826.4639999999995,1105.5389999999998,9332.542,1588.5359999999996,10676.009,12.952261987705208,2,1,0,0,1,38.915150389370126,38.915150389370126,38.915150389370126,1.0,0.0,0.0,0.0,1,0,0.0,0.0,0.0,1.0,0.0,0.810468217215466,0.18953178278453398,0.0,0.18953178278453398,0.0,8,1,2022,10,11,0,0,0,2,1,0,1,GRAVE_MORTALIDAD,2
6,1,20,0,4,1,-15.662845024464064,-70.65957972654687,0,4,5,1,2,2,2,2,1504.4250000000002,2.0,2,0,1.0,7,25,241.0,0.4698599762559323,78.4228993312338,68.12786536644234,6.991927650318564,610.3916333612686,6938.8501070663815,13642.312999999998,2020.7790000000005,2354.117,9267.416999999998,3314.0520000000006,10328.260999999997,24.29244952817019,3,1,0,0,2,55.81963770106279,55.81963770106279,55.81963770106279,1.0,0.0,0.0,0.0,1,0,0.0,0.0,0.2726506473124847,0.7273493526875153,0.0,0.0,1.0,0.2726506473124847,0.2726506473124847,0.2726506473124847,2,0,2022,11,13,3,0,0,2,1,0,1,GRAVE_MORTALIDAD,2
6,1,12,0,4,2,-7.267356206244734,-77.95588911987491,0,4,7,1,5,2,2,0,6543.555,2.0,4,4,1.0,14,33,1198.0,0.2775200731555067,77.96715581671727,34.7188262693757,5.308564847402774,242.3971451829968,2255.1660129761167,8931.828000000005,1335.5899999999997,1935.9830000000004,5660.255000000005,1219.309,7712.519000000005,13.651281686122925,4,1,0,0,3,57.90563336965505,57.90563336965505,57.90563336965505,1.0,0.26843788043886607,0.0,0.0,1,0,0.0,0.0,0.0,1.0,0.0,0.7315621195611339,0.26843788043886607,0.0,0.26843788043886607,0.0,11,2,2023,7,9,2,0,0,0,1,0,1,GRAVE_MORTALIDAD,2
3,2,8,0,4,1,-10.450733669017787,-75.32101996692647,0,4,7,1,2,2,2,0,7342.1700082527395,2.0,2,0,1.0,9,24,1940.6138487200417,0.4625173178330533,72.6242702390995,56.844973725426236,5.670553690922397,826.9294130394602,6640.015365031475,3437.405831067713,959.9632973569215,548.6778561401414,1928.7646775706498,990.1473322491041,2447.258498818609,30.18056888076316,3,2,0,0,1,54.41051734535238,39.139398923791504,68.44123504944093,1.0,1.0,0.0,0.0,2,0,0.0,1.0,0.0,0.6278797847583013,0.6278797847583013,0.3721202152416987,1.0,0.0,0.6278797847583013,0.0,17,2,2021,7,3,4,0,0,0,1,0,1,GRAVE_MORTALIDAD,2
4,1,5,0,4,1,-9.139997077516716,-75.71812898409343,0,4,3,1,1,1,1,2,1983.4995177074272,1.0,1,3,0.0,9,22,586.5937875138989,0.3727028490776624,74.58875869570808,50.00282989276396,6.114986546890123,460.51197190943935,22448.075627668914,16817.00471531864,1907.694228473964,1857.2269674942074,13052.083519350466,2420.213611044589,14396.79110427405,14.291900436426403,2,1,0,0,1,43.91580223500092,42.48145521947475,45.35014925052709,1.0,0.0,0.0,0.5218843281579432,1,0,0.0,0.5218843281579432,0.0,0.47811567184205683,0.47811567184205683,0.0,0.5218843281579432,0.0,0.47811567184205683,0.47811567184205683,19,2,2024,8,19,5,1,1,2,0,0,1,GRAVE_MORTALIDAD,2
3,1,7,0,4,0,-13.797454747821272,-71.54187147385692,0,4,0,1,1,1,1,2,7515.983193580025,2.0,2,0,1.0,9,6,1198.0,0.26113029802381993,68.53400608256935,53.0613320401301,4.0010273423628995,246.38450652650852,10594.729102513264,17779.13499998999,2097.3709999899997,2863.123,12818.640999999989,2878.713,14900.421999989989,16.19152450331032,4,1,0,0,2,41.33006675045149,35.27189319927761,47.388240301625366,1.0,0.9320267001805963,0.0,0.9320267001805963,1,0,0.0,0.0,0.9320267001805963,1.0,0.0,0.0679732998194037,0.9320267001805963,0.0,0.0,0.0,13,2,2022,7,8,0,0,0,2,1,0,1,GRAVE_MORTALIDAD,2
3,1,12,0,4,1,-7.445209424713595,-79.3867917616747,0,4,7,1,1,2,2,2,6543.555,2.8187744389502907,2,0,1.0,2,30,1424.8005195892304,0.5895224263524687,80.73923552457298,73.30402267201322,9.4983702860316,901.6847521937815,27622.502145349594,8931.828000000005,1335.5899999999997,1935.9830000000004,5660.255000000005,1219.309,7712.519000000005,13.651281686122925,3,1,0,0,1,42.40286839102195,37.080834537845064,47.72490224419884,1.0,0.18122556104970955,0.0,0.0,1,0,0.0,0.18122556104970955,0.0,0.8187744389502905,0.8187744389502905,0.8187744389502905,0.18122556104970955,0.0,0.8187744389502905,0.0,16,1,2023,1,23,6,1,0,0,1,0,1,GRAVE_MORTALIDAD,2
6,1,3,0,4,2,-17.07092408256708,-71.893525025258,4,4,0,0,2,2,2,0,6543.555,2.0,4,4,1.0,14,33,1198.0,0.6149524867737265,77.77012869804292,70.46458437272538,8.33674537591864,1180.0004773551555,6669.499421760267,10322.272,1495.236,1749.739,7077.2970000000005,2886.595,7435.677000000001,27.964725207783708,4,1,0,0,3,54.35795445278852,54.35795445278852,54.35795445278852,1.0,0.9571969635192346,0.0,0.0,1,0,0.0,0.0,0.0,1.0,0.0,1.0,0.0,0.9571969635192346,0.9571969635192346,0.0,4,0,2023,12,20,5,1,0,0,1,0,1,GRAVE_MORTALIDAD,2
9,2,3,0,4,1,-16.048518090086706,-71.33262266756812,0,4,0,0,2,0,1,0,1504.4250000000002,2.0,2,0,1.0,7,25,241.0,0.4685280505645348,81.83746865987648,70.74305753660312,6.037751599761188,617.4715908037651,1751.8736616702354,10322.272,1495.236,1749.739,7077.2970000000005,2886.595,7435.677000000001,27.964725207783708,6,2,0,0,4,37.3718277290214,35.89013805344691,38.89013805344691,1.0,0.0,0.0,0.0,2,0,0.0,0.890138053446914,0.10986194655308601,0.10986194655308601,0.0,0.10986194655308601,1.0,0.0,0.0,0.0,12,1,2022,2,17,1,0,1,0,1,0,1,GRAVE_MORTALIDAD,2
6,1,8,0,4,1,-12.495367508135578,-74.87572803198871,0,4,4,1,7,2,2,0,6906.353067593698,2.0,3,2,1.0,12,23,1198.0,0.2910205279705488,71.27072488015553,47.94471788323201,4.473199267759256,301.9132856034561,3432.388361455277,8511.426,1445.3929999999996,2008.516,5057.516999999999,1879.579,6631.846999999998,22.08300935706896,3,1,0,0,2,34.43174667302849,34.43174667302849,34.43174667302849,1.0,0.0,0.0,0.0,1,0,0.0,0.0,0.0,1.0,0.0,1.0,0.0,0.0,0.6522751108990502,0.0,17,1,2024,7,24,2,0,1,2,1,0,1,GRAVE_MORTALIDAD,2
3,1,11,0,4,1,-10.473195337364341,-77.33483362842267,0,4,3,0,2,2,2,0,1525.6320107102192,2.0,2,1,0.4596445973857374,6,16,170.65660646926904,0.5458522004486035,79.24566193740466,68.28168640156926,8.12723560011851,850.6461427942387,25365.423215955285,3580.0121662576644,599.2339572516655,715.0718838106549,2265.7063251953437,887.0050795962763,2693.007086661388,24.607583422869695,4,2,0,0,2,41.73324735032901,32.59644597385737,50.87004872680065,1.0,0.0,0.0,1.0,2,0,0.0,0.5403554026142626,0.0,0.0,0.0,0.4596445973857374,1.0,0.5403554026142626,0.5403554026142626,0.5403554026142626,21,2,2022,4,13,2,0,0,0,1,0,1,GRAVE_MORTALIDAD,2
3,1,11,0,4,1,-8.015501020029543,-78.39290040809615,0,4,4,0,1,2,2,2,6543.555,2.6757612928952237,2,1,1.0,4,30,1385.185878131977,0.41001943725324735,78.2659662156661,52.65933568555991,5.000935355640559,687.3777046469784,24720.97972908252,8697.477665427177,1334.9052078505945,1565.0519736398937,5797.520483936689,1167.6091381521433,7529.868527275034,13.411204932569522,3,1,0,0,2,34.771254868295074,27.675761292895224,41.866748443694924,1.0,0.6757612928952238,0.0,0.3242387071047762,1,0,0.0,0.6757612928952238,0.6757612928952238,0.3242387071047762,0.6757612928952238,0.3242387071047762,0.6757612928952238,0.3242387071047762,0.3242387071047762,0.6757612928952238,10,0,2022,11,23,4,0,1,0,1,0,1,GRAVE_MORTALIDAD,2
4,1,5,0,4,1,-6.759035925181692,-78.65192954844359,0,4,4,0,1,2,2,0,9936.932,2.0,2,0,1.0,9,32,3830.0,0.4204330027472987,76.80827363965832,56.73094674633562,5.5697803362358,610.4186737840605,6047.608817671931,15935.565011852366,1733.9250000199986,935.692,13265.948011832368,2000.1670000199988,13935.398011832369,12.551591352627522,6,1,0,0,5,40.720845663590914,33.91613248355759,47.525558843624246,1.0,0.0,0.0,0.0,1,0,0.0,0.618610289093939,0.618610289093939,0.381389710906061,0.0,0.0,1.0,0.0,0.0,0.0,12,1,2022,3,12,1,0,0,2,1,0,1,GRAVE_MORTALIDAD,2
4,1,7,0,4,2,-14.388318071794858,-71.32093129391471,3,4,2,0,4,1,0,1,6543.555,2.0,4,4,1.0,14,33,1198.0,0.3229906788244035,67.0643135132996,63.527220045251816,5.698794171969424,322.38466222783427,4944.218469464749,17779.13499998999,2097.3709999899997,2863.123,12818.640999999989,2878.713,14900.421999989989,16.19152450331032,3,1,0,0,1,27.715723872197692,26.294343233186165,29.137104511209223,0.5685522556046121,0.4314477443953879,0.0,0.5685522556046121,1,0,0.0,0.5685522556046121,0.4314477443953879,0.5685522556046121,0.4314477443953879,0.5685522556046121,0.5685522556046121,0.4314477443953879,0.0,0.4314477443953879,9,1,2022,5,20,6,1,1,2,1,0,1,GRAVE_MORTALIDAD,2
3,2,14,1,4,1,-10.751755853566344,-77.66763477452984,0,3,6,1,2,1,1,2,204.65108908442943,2.0,2,0,0.05917707186354182,8,2,54.70411464068229,0.6187336437909542,77.82899626820486,68.40640812675859,8.627213813098397,1214.6160732012272,36201.93148744126,7705.582640608137,1689.2620627116878,1542.1495084620203,4474.171069434429,1838.5239332323779,5867.05870737576,23.85090742147462,3,2,0,0,0,35.68639235728784,33.177531215590626,38.822468784409374,1.0,0.9408229281364582,0.0,1.0,2,0,0.0,0.0,0.9408229281364582,1.0,0.0,0.9408229281364582,1.0,0.0,0.05917707186354182,0.0,12,3,2021,10,16,0,0,1,0,1,0,1,GRAVE_MORTALIDAD,2