CLASE SINIESTRO,CANTIDAD DE VEHICULOS DAÑADOS,DEPARTAMENTO,ZONA,TIPO DE VÍA,RED VIAL,COORDENADAS LATITUD,COORDENADAS  LONGITUD,CONDICIÓN CLIMÁTICA,ZONIFICACIÓN,CARACTERÍSTICAS DE VÍA,PERFIL LONGITUDINAL VÍA,SUPERFICIE DE CALZADA,¿EXISTE SEÑAL VERTICAL?,¿EXISTE SEÑAL HORIZONTAL?,CAUSA FACTOR PRINCIPAL,MTC_RVN_LONGITUD_KM,MTC_RVN_N_CARRILES_MEDIANA,MTC_RVN_SUPERFICIE_DOMINANTE,MTC_RVN_ESTADO_DOMINANTE,MTC_RVN_ES_CONCESIONADA,MTC_RVN_CONCESION_PRINCIPAL,MTC_RVN_CORREDOR_LOGISTICO,MTC_RVN_N_TRAMOS,IDH_2019,IDH_ESP_VIDA_2019,IDH_EDUC_SECUND_PCT_2019,IDH_ANIOS_EDUC_2019,IDH_INGRESO_PERCAP_2019,IDH_POBLACION_2019,MTC_DEP_RED_TOTAL_KM,MTC_DEP_NACIONAL_TOTAL_KM,MTC_DEP_DEPARTAMENTAL_TOTAL_KM,MTC_DEP_VECINAL_TOTAL_KM,MTC_DEP_PAV_TOTAL_KM,MTC_DEP_NO_PAV_TOTAL_KM,MTC_DEP_PCT_PAVIMENTADA,PER_TOTAL_PERSONAS,PER_N_CONDUCTORES,PER_N_CONDUCTORES_FUGADOS,PER_N_PEATONES,PER_N_PASAJEROS_OCUPANTES,PER_EDAD_COND_PROM,PER_EDAD_COND_MIN,PER_EDAD_COND_MAX,PER_ANY_COND_MASCULINO,PER_ANY_LIC_PROBLEMA,PER_ANY_DOSAJE_POS,PER_ANY_DOSAJE_EVALUADO,VEH_TOTAL,VEH_N_FUGADOS,VEH_ANY_FUGADO,VEH_ANY_CARGA,VEH_ANY_PUBLICO,VEH_ANY_PARTICULAR,VEH_ANY_MOTO,VEH_ANY_AUTO,VEH_ANY_CAMION_BUS,VEH_ANY_SOAT_PROBLEMA,VEH_ANY_CITV_PROBLEMA,VEH_ANY_SEGURO_PROBLEMA,HORA_NUM,FRANJA_HORARIA,ANIO,MES,DIA_MES,DIA_SEMANA,ES_FIN_SEMANA,ES_QUINCENA,REGION_NATURAL,TIENE_SEÑALIZACION,ES_VIA_MULTICARRIL,ES_DEPTO_BAJO_PAVIMENTO,CATEGORIA_SEVERIDAD,CATEGORIA_SEVERIDAD_ENC
6,1,8,0,4,1,-12.462588749076607,-74.98813455804891,0,4,7,1,5,1,1,0,6862.801319027602,2.0,3,2,1.0,12,24,1198.0,0.3197508632812603,73.35600919181914,47.73247021173725,4.747967817478287,352.6352900736821,3265.2034261241965,8511.426,1445.3929999999996,2008.516,5057.516999999999,1879.579,6631.846999999998,22.08300935706896,5,1,0,0,4,31.037599475567934,31.037599475567934,31.037599475567934,1.0,0.305982585894258,0.0,0.0,1,0,0.0,0.0,0.0,1.0,0.0,1.0,0.0,0.0,0.694017414105742,0.0,19,1,2025,5,22,3,0,0,2,1,0,1,GRAVE_MORTALIDAD,2
6,1,4,0,4,2,-14.272808131077483,-73.95482882508729,0,4,0,0,1,1,0,2,6543.555,2.0,4,4,1.0,14,33,1198.0,0.41198082560465776,73.357308507316,64.39337119142318,6.406319963761198,505.6121499987619,3466.3361162569195,12678.733000000004,1805.074000000001,1774.0339999999994,9099.625000000004,2485.375000000001,10193.358000000002,19.602707936195205,42,1,0,0,40,45.71047901222615,37.53799067210051,53.8829673523518,1.0,0.1827511659874359,0.0,1.0,1,0,0.0,0.0,0.8172488340125641,0.0,0.0,0.0,1.0,0.1827511659874359,1.0,0.1827511659874359,11,1,2023,3,7,3,0,0,2,1,0,1,GRAVE_MORTALIDAD,2
3,1,1,0,4,1,-10.080560784926059,-78.13217831231603,0,4,4,1,2,2,2,0,6543.555,3.0,2,0,1.0,0,30,1475.0,0.594329796273136,79.51274210494626,67.23963656911357,9.093808711905876,1004.1856289962402,25729.80728051392,10767.648,1885.0630000000003,1222.721,7659.864000000001,2100.343,8667.305000000002,19.506051832303577,3,2,0,0,1,49.776180297328956,41.49050418234536,58.06185641231256,1.0,0.6809549256677602,0.0,0.31904507433223983,2,0,0.0,0.31904507433223983,0.6809549256677602,0.6809549256677602,0.0,0.0,1.0,0.0,0.0,0.0,5,0,2021,7,8,3,0,0,0,1,1,1,GRAVE_MORTALIDAD,2
6,1,12,0,4,3,-7.7098301834512455,-77.47499469103252,0,4,7,1,4,2,2,0,6543.555,2.0,4,4,1.0,14,33,1198.0,0.3462842817187329,75.2236537183214,38.33611969171994,5.196651110221039,448.2704427340675,4018.2017596013384,8931.828000000005,1335.5899999999997,1935.9830000000004,5660.255000000005,1219.309,7712.519000000005,13.651281686122925,3,1,0,0,2,35.71196408104818,35.71196408104818,35.71196408104818,1.0,0.41551406306206595,0.0,0.0,1,0,0.0,0.0,0.0,1.0,0.41551406306206595,0.0,0.584485936937934,0.41551406306206595,0.0,0.41551406306206595,20,2,2023,9,17,6,1,0,0,1,0,1,GRAVE_MORTALIDAD,2
3,1,7,1,4,1,-13.578408542102084,-71.85167918149462,1,0,6,0,1,0,1,2,7490.930727469201,2.0,2,0,1.0,9,7,1198.0,0.4912539248591904,65.37470465370443,74.56164310831404,8.08384087511154,802.9415090625168,8660.785933307676,17779.13499998999,2097.3709999899997,2863.123,12818.640999999989,2878.713,14900.421999989989,16.19152450331032,3,1,0,0,2,48.89618107249969,48.89618107249969,48.89618107249969,1.0,0.0,0.09198491062502578,0.09198491062502578,1,0,0.0,0.9080150893749742,0.0,0.09198491062502578,0.0,0.09198491062502578,0.9080150893749742,0.0,0.09198491062502578,0.0,4,0,2024,2,20,0,0,1,2,1,0,1,GRAVE_MORTALIDAD,2
6,1,7,0,4,1,-14.14955711946573,-71.4848836147501,0,4,0,0,5,2,2,2,6543.555,2.0,4,4,1.0,14,33,1198.0,0.20493680078714765,64.1427228520748,53.275353781899646,4.894073823263773,170.78681582472723,5478.5397334947975,17779.13499998999,2097.3709999899997,2863.123,12818.640999999989,2878.713,14900.421999989989,16.19152450331032,5,1,0,0,4,44.51992624828858,44.51992624828858,44.51992624828858,1.0,1.0,0.0,0.0,1,0,0.0,0.0,0.0,1.0,0.0,1.0,0.0,0.0,0.24257826607382516,0.0,18,2,2021,6,20,4,0,0,2,1,0,1,GRAVE_MORTALIDAD,2
3,2,5,0,4,1,-7.230662830302421,-78.8443221680197,0,4,7,0,2,0,1,1,887.28,2.0,2,0,1.0,8,17,155.0,0.5073286414996442,73.50182007008036,54.949135979640786,7.627727064711484,888.547221262402,2485.5199859674917,15935.565011852366,1733.9250000199986,935.692,13265.948011832368,2000.1670000199988,13935.398011832369,12.551591352627522,3,2,0,0,1,44.67822077709797,28.547852815268023,60.80858873892792,1.0,0.9086911974553298,0.9086911974553298,0.9086911974553298,2,0,0.0,0.9086911974553298,1.0,0.09130880254467022,0.9086911974553298,0.09130880254467022,1.0,0.0,1.0,0.9086911974553298,15,2,2022,6,12,1,0,0,2,1,0,1,GRAVE_MORTALIDAD,2
10,1,5,0,4,0,-11.65049151525525,-74.78517204627357,4,4,6,1,4,2,2,1,6543.555,2.0,4,4,1.0,14,33,1198.0,0.45310423154615603,73.64422000541312,60.618079118381665,6.856677744383489,668.6580736999618,16699.173223622885,8541.5345704732,1299.3858468664523,1501.3846367310991,5740.764086875649,1364.682924438126,7176.851646035075,16.027817983536323,3,1,0,0,2,26.0,26.0,26.0,1.0,0.0,0.0,0.0,1,0,0.0,0.3186896039905236,0.0,0.0,0.0,0.0,1.0,0.0,0.0,0.0,9,1,2022,6,21,0,0,0,1,1,0,1,GRAVE_MORTALIDAD,2
6,1,20,0,4,1,-14.04560478688596,-70.52429291524521,4,4,0,1,2,2,2,2,1734.8634987035648,2.0,2,0,1.0,6,22,392.30976097949485,0.34008246671983744,69.3624209833981,50.05719964499616,5.275261884107525,410.668704416096,6411.465910070292,13642.312999999998,2020.7790000000005,2354.117,9267.416999999998,3314.0520000000006,10328.260999999997,24.29244952817019,5,1,0,0,4,33.9420837348198,33.9420837348198,33.9420837348198,1.0,0.0,0.0,0.0,1,0,0.0,0.0,0.10467597053553335,0.8953240294644667,0.0,0.8953240294644667,0.10467597053553335,1.0,1.0,1.0,9,0,2021,11,20,4,0,1,2,1,0,1,GRAVE_MORTALIDAD,2
6,1,19,0,4,1,-5.063806878689724,-80.74888084283525,0,4,7,1,2,2,2,0,296.12804879478523,2.0,2,0,0.8714035140394475,2,21,24.944210241869836,0.5021114455963851,79.8591704929693,63.73048733418961,6.577362961751925,777.7573175810317,9703.645258463774,8965.846000060003,1782.4120000599992,636.9959999999999,6546.438000000004,2214.505000059999,6751.341000000004,24.699342371541725,5,1,0,0,4,40.57192971921105,40.57192971921105,40.57192971921105,1.0,0.1285964859605525,0.0,1.0,1,0,0.0,0.0,0.0,1.0,0.1285964859605525,0.8714035140394475,0.0,0.1285964859605525,0.1285964859605525,0.1285964859605525,21,2,2021,11,13,5,0,0,0,1,0,1,GRAVE_MORTALIDAD,2
3,1,1,0,4,1,-9.445702630915658,-78.3503525683998,2,4,6,1,3,2,2,0,6543.555,3.0,2,0,1.0,0,30,1475.0,0.5873460606982213,78.04758132038613,65.8701248560095,8.596987164492063,1041.0659985770535,35482.29764453961,10767.648,1885.0630000000003,1222.721,7659.864000000001,2100.343,8667.305000000002,19.506051832303577,5,2,0,0,3,39.55689641214984,37.409195216199784,41.704597608099895,1.0,0.0,0.0,0.0,2,0,0.0,0.5738505979750267,0.0,1.0,0.0,0.4261494020249733,0.5738505979750267,0.0,0.0,0.0,4,0,2021,11,24,2,0,1,0,1,1,1,GRAVE_MORTALIDAD,2
5,1,9,0,4,1,-9.639928365891565,-76.3401131776701,0,4,7,0,6,2,2,2,6543.555,2.060901933099493,3,3,1.0,13,32,1214.8698354685596,0.21763185023838313,77.6210254304215,36.552450876071276,2.3054954989706955,355.44401972218856,24758.49404972205,8253.075151088255,1333.6066248827058,861.6491768774191,6057.819349328129,1069.5698132327138,7183.50533785554,12.95594331279017,5,1,0,0,4,19.73570509333556,19.09623479579088,20.37517539088024,1.0,1.0,0.0,0.0,1,0,0.0,0.0,1.0,0.0,0.06090193309949332,0.9390980669005067,0.06090193309949332,0.9390980669005067,0.9390980669005067,1.0,21,1,2022,1,27,4,0,0,1,1,0,1,GRAVE_MORTALIDAD,2
6,1,5,0,4,1,-7.333322892416942,-78.80512507895571,0,3,0,0,2,1,1,0,752.9718655067413,2.0,2,0,0.030930881393566034,8,31,213.14414711638605,0.3589023406285183,70.24089288825617,30.23936152876952,5.96549182189785,545.7192952864805,7222.85920965702,15935.565011852366,1733.9250000199986,935.692,13265.948011832368,2000.1670000199988,13935.398011832369,12.551591352627522,3,1,0,0,2,27.185585288361395,27.185585288361395,27.185585288361395,1.0,0.0,0.0,0.030930881393566034,1,0,0.0,0.0,0.0,1.0,0.0,0.0,1.0,0.0,0.030930881393566034,0.0,2,0,2022,1,21,4,0,0,2,1,0,1,GRAVE_MORTALIDAD,2
3,2,12,0,4,1,-8.912880624944584,-78.68289028142026,0,2,7,1,2,1,0,0,6571.091192336215,2.714414101470498,2,0,1.0,2,30,1515.2676116926598,0.5307982369494321,79.17945498392788,67.76530911913409,8.307642927227894,771.2691178856534,10912.765454400924,3534.4488206580677,567.3596320823164,705.4746352731197,2261.6145533026315,817.4602745856654,2716.988546072402,22.987741666507794,22,2,0,0,20,51.930625623527966,43.42972691323448,60.43152433382145,1.0,0.0,0.0,0.2855858985295022,2,0,0.0,0.7144141014704978,0.7144141014704978,0.0,0.0,0.0,1.0,0.0,0.0,0.2855858985295022,13,2,2021,3,23,1,0,1,0,1,0,1,GRAVE_MORTALIDAD,2
6,1,14,0,4,0,-14.78532887860082,-74.02678049980295,6,5,6,2,6,2,2,0,6543.555,2.0,4,4,1.0,14,33,1198.0,0.42752341058225946,73.81928778732531,60.02100680489444,8.117331192777026,553.8897256615687,1366.5936061876573,3334.1771042527685,673.7701196859962,651.7400648429568,2008.6669197238152,1090.534307709341,2243.6427965434273,33.49990537206113,2,1,0,0,1,46.53152966388731,46.53152966388731,46.53152966388731,1.0,0.0,0.0,0.0,1,0,0.0,1.0,0.0,0.0,0.0,0.0,1.0,0.0,0.0,0.0,14,1,2023,2,21,2,0,1,0,1,0,1,GRAVE_MORTALIDAD,2
5,1,12,2,2,4,-8.589431468459603,-78.76909616846564,0,0,3,0,2,1,1,1,6543.555,2.0,4,4,1.0,14,33,1198.0,0.7069352580388618,79.48539672332006,76.86193617538548,11.484797876152443,1361.461470233097,334462.7657202612,8768.148600944944,1379.1971763430809,1893.7440448431084,5495.2073797587545,1293.978295241821,7474.170305703124,14.923372551905388,2,1,0,0,1,37.56418907155243,36.62387395229838,38.50450419080648,1.0,0.8746246507661267,0.0,0.0,1,0,0.0,0.12537534923387328,0.0,0.8746246507661267,0.8746246507661267,0.0,0.12537534923387328,1.0,0.12537534923387328,0.8746246507661267,4,0,2021,9,22,2,0,1,0,1,0,1,GRAVE_MORTALIDAD,2
8,1,7,0,4,1,-13.930262776259553,-71.46547869077318,1,4,5,1,2,1,0,2,7586.903,2.0,2,0,1.0,9,5,1198.0,0.2922694252604761,71.0274200777473,55.51914723849852,4.547653870091485,282.3996902108918,10469.62961373648,17779.13499998999,2097.3709999899997,2863.123,12818.640999999989,2878.713,14900.421999989989,16.19152450331032,14,1,0,0,13,31.423772406606062,29.52167662515825,33.325868188053875,1.0,0.0,0.0,1.0,1,0,0.0,0.25361277085970824,0.7463872291402918,0.25361277085970824,0.0,0.25361277085970824,1.0,0.0,0.0,0.0,17,3,2023,10,21,0,0,1,2,1,0,1,GRAVE_MORTALIDAD,2
6,1,4,0,4,0,-13.99778922148814,-74.08156201833314,0,4,4,0,1,2,2,2,6543.555,2.0,4,4,1.0,14,33,1198.0,0.31738136958514623,73.95860085467234,42.51975500720925,5.459202905444648,343.9570079068632,1047.0300777976306,12678.733000000004,1805.074000000001,1774.0339999999994,9099.625000000004,2485.375000000001,10193.358000000002,19.602707936195205,11,1,0,0,10,28.663664301485227,28.663664301485227,28.663664301485227,1.0,0.0,0.0,0.357913492647601,1,0,0.0,0.0,0.642086507352399,0.357913492647601,0.0,0.357913492647601,0.642086507352399,0.357913492647601,0.357913492647601,0.0,11,1,2024,3,19,2,0,0,2,1,0,1,GRAVE_MORTALIDAD,2
3,1,17,0,4,1,-14.81623154676829,-71.24468124922231,0,4,5,1,2,1,1,2,6831.035526253273,2.0,3,2,1.0,12,25,1198.0,0.3605041055876852,78.48102118611757,70.15658741229018,6.79135145487457,417.80092459365665,9784.24779825796,13262.687534963483,1967.2381119560257,2010.0881040724103,9285.361318935045,2838.6092448133872,10424.078290150095,21.167813182537017,3,1,0,0,1,58.74935410504915,57.66265895576042,59.836049254337865,1.0,0.7244634328591488,0.0,0.0,1,0,0.0,0.0,0.0,1.0,0.7244634328591488,0.2755365671408512,0.0,0.7244634328591488,0.0,0.7244634328591488,15,1,2022,10,14,2,0,0,2,1,0,1,GRAVE_MORTALIDAD,2
3,2,15,0,4,1,-9.974100726830077,-76.08497718412212,0,4,3,0,2,1,1,1,1149.992255394277,2.0,2,1,1.0,4,21,188.630281280102,0.456100282745894,71.64812153712082,53.6315846141449,6.6799774576253075,752.776055267302,7119.447084465985,4693.838074633999,757.2714256846753,856.2897193474582,3080.276929601866,1057.664157134901,3636.173917499098,23.73004965081915,5,2,0,0,3,45.411626808947965,41.68080287102654,49.14245074686939,1.0,0.5054788748795921,0.0,1.0,2,0,0.0,1.0,0.0,1.0,0.0,0.5054788748795921,1.0,0.0,0.4945211251204079,0.0,9,2,2021,10,27,1,0,1,0,1,0,1,GRAVE_MORTALIDAD,2
3,1,19,0,4,1,-7.298412039618869,-76.13200316442082,0,4,7,1,2,1,1,1,7737.471651942804,2.0,2,0,1.0,9,18,2019.2148882105614,0.5341061641995924,73.71425484926777,59.652039856784214,7.509613844728715,1020.1800998569901,3504.4304753259116,5993.950040717594,891.7826206500357,1092.2527344927855,4009.914685574772,1118.815188913362,4875.1348518042305,18.454587306008666,5,1,0,0,3,63.349140798199834,55.444398558739884,71.25388303765978,1.0,0.0,0.8783046932733277,0.8783046932733277,1,0,0.0,0.0,0.8783046932733277,0.12169530672667228,0.8783046932733277,0.0,1.0,0.0,0.8783046932733277,0.8783046932733277,13,2,2021,11,16,5,0,0,1,1,0,1,GRAVE_MORTALIDAD,2
4,1,8,0,4,1,-9.529819740862512,-76.21044616139295,0,4,4,0,1,1,1,1,6087.813599818572,2.0,3,2,0.411906362394553,11,32,708.1179998746627,0.49804230535559285,72.71626375147595,61.76427031515016,7.627762974770226,800.1407410243069,45136.448692235004,13776.661499359718,1788.3465971386076,1035.5779400663723,10952.736962154737,1758.0894278670696,12018.572071492648,12.787223203892044,2,1,0,0,1,51.05953181197277,44.002408160707404,58.11665546323813,1.0,0.411906362394553,0.0,0.0,1,0,0.0,0.588093637605447,1.0,0.0,1.0,0.0,0.588093637605447,0.411906362394553,0.0,0.0,17,2,2021,7,19,2,0,0,2,1,0,1,GRAVE_MORTALIDAD,2
5,1,16,1,4,1,-15.431144078006962,-72.92513756245214,4,4,6,1,4,1,1,0,6543.555,2.316077683843264,3,2,1.0,9,32,1285.5535184245841,0.680117293282793,78.4156737036897,73.62665651484485,10.150166816231554,1365.435720238813,65003.15413602209,4427.513262133,853.7245276685729,1123.0539181300592,2450.7348163343686,1166.2232416097834,3261.290020523217,27.615014997593605,7,1,0,2,3,58.624854043657166,56.517669484702076,61.5749124261943,1.0,0.0,0.0,0.31607768384326407,1,0,0.0,1.0,0.0,0.0,0.0,0.0,1.0,0.0,0.0,0.0,14,2,2024,2,24,3,0,1,0,1,0,1,GRAVE_MORTALIDAD,2
2,1,14,2,4,1,-15.651780478118479,-73.65597959871522,0,3,7,0,2,1,1,0,6604.007296457259,2.0,2,1,1.0,10,31,1460.0728056330036,0.6175813011340126,79.45388781612577,76.1764030398583,9.605007338870653,1025.1211412657804,32552.35732145021,3321.9855998840226,673.0015199203369,648.8085067333172,2000.1755732303684,1090.1449474293163,2231.8406524547063,33.62153004004187,3,1,0,1,0,32.34153661301182,32.34153661301182,32.34153661301182,1.0,0.37303156547128347,0.0,0.6269684345287165,1,0,0.0,0.0,0.0,0.6269684345287165,0.37303156547128347,0.6269684345287165,0.0,0.37303156547128347,0.37303156547128347,0.37303156547128347,18,2,2022,10,25,2,0,1,0,1,0,1,GRAVE_MORTALIDAD,2
6,1,5,0,4,2,-6.387303439556928,-78.96129160406758,1,4,1,1,1,2,2,0,6543.555,2.0,4,4,1.0,14,33,1198.0,0.3681174701737978,70.64668179103336,52.66127283763633,5.530131818128485,473.8170446345655,8029.472585295183,15935.565011852366,1733.9250000199986,935.692,13265.948011832368,2000.1670000199988,13935.398011832369,12.551591352627522,3,1,0,0,2,33.74271299916839,30.509133469952296,36.16789764608046,0.1916051176959771,0.0,0.0,0.0,1,0,0.0,0.0,0.1916051176959771,0.8083948823040229,0.1916051176959771,0.0,0.8083948823040229,0.0,1.0,0.0,19,2,2021,2,9,1,0,0,2,1,0,1,GRAVE_MORTALIDAD,2
4,1,3,0,4,0,-16.42880122115626,-71.69772967327212,0,4,2,1,2,1,1,0,6543.555,2.3883535806100076,3,2,1.0,8,31,1305.573941828972,0.6066482712019932,78.14944827284877,71.86798008733584,8.638039552521589,1095.424382587161,34369.275595623905,10322.272,1495.236,1749.739,7077.2970000000005,2886.595,7435.677000000001,27.964725207783708,9,1,0,0,8,30.271889386710082,27.165060741830022,33.37871803159014,1.0,0.0,0.0,0.0,1,0,0.0,0.0,1.0,0.3883535806100076,0.0,0.3883535806100076,1.0,0.0,0.3883535806100076,0.0,9,1,2023,5,15,0,0,0,0,1,0,1,GRAVE_MORTALIDAD,2
6,1,10,0,4,1,-9.340887373743405,-77.51277859828139,0,4,0,0,2,2,2,0,693.7195013026396,1.7042524374049792,1,0,0.7042524374049793,8,29,95.56378656107469,0.2667066828822531,72.4388155695812,47.13058429335666,4.602661988178912,229.6491925669237,5059.56953499849,8807.495133189932,1368.0639696156206,1957.434457957705,5481.996705616605,1414.5822431546142,7392.912890035316,16.144944593270203,3,1,0,0,2,31.98518419006556,31.98518419006556,31.98518419006556,1.0,1.0,0.0,0.0,1,0,0.0,0.29574756259502066,0.0,0.7042524374049793,0.7042524374049793,0.0,0.29574756259502066,0.7042524374049793,0.0,0.7042524374049793,14,1,2021,10,11,5,1,0,0,1,0,1,GRAVE_MORTALIDAD,2
3,2,7,0,4,1,-13.594527395611411,-71.78251498932745,0,2,7,1,2,1,1,2,7586.903,2.0,2,0,1.0,9,5,1198.0,0.5065580412535501,64.79370905469777,77.15417383818448,8.35812941450031,844.3117831870799,8658.316916488222,17779.13499998999,2097.3709999899997,2863.123,12818.640999999989,2878.713,14900.421999989989,16.19152450331032,3,2,0,0,1,42.929565164708855,27.67231104644901,58.1868192829687,1.0,0.0,0.0,0.7442562984516996,2,0,0.0,0.2557437015483004,0.0,0.7442562984516996,0.7442562984516996,0.0,1.0,0.0,0.7442562984516996,0.7442562984516996,13,2,2021,9,5,1,0,0,2,1,0,1,GRAVE_MORTALIDAD,2
2,1,10,2,4,1,-6.923808595700726,-79.42062672247432,0,2,4,0,2,1,0,0,4691.572016639966,2.6725790412665518,2,0,1.0,2,25,1042.8043344718485,0.6249473620908124,77.48457292167542,77.7500021834981,10.478189239225822,1037.2748024911161,275940.01837958704,7544.5536299984105,914.1432920312745,770.2617686939138,5860.148569273222,1127.9584283435881,6416.595201654822,17.78318247814601,4,2,0,0,1,38.3451580825331,30.309683834933793,46.053211371398966,0.672579041266552,0.0,0.0,0.0,2,0,0.327420958733448,0.672579041266552,0.0,1.0,0.327420958733448,0.672579041266552,0.672579041266552,0.327420958733448,0.672579041266552,0.327420958733448,17,1,2021,2,24,5,1,0,0,1,0,1,GRAVE_MORTALIDAD,2
4,1,14,0,4,1,-11.601545789348616,-76.48314573469025,0,4,3,0,2,2,2,1,901.2688190493029,1.5061384602904855,1,0,0.8353794867634952,3,16,196.9905077958897,0.5644955453274508,70.04110663570499,75.86508598320847,9.945612732010199,934.1249153017895,3130.833849538539,7626.313,1683.4029999999998,1599.0829999999996,4343.827000000001,1814.875,5811.438000000001,23.797541485643197,56,1,0,0,55,42.5429692220334,42.5429692220334,42.5429692220334,1.0,1.0,0.0,0.0,1,0,0.0,0.0,0.8353794867634952,0.16462051323650484,0.0,0.16462051323650484,0.8353794867634952,0.0,0.0,0.0,4,0,2021,7,29,1,0,1,0,1,0,1,GRAVE_MORTALIDAD,2
6,1,8,0,4,1,-12.407371110341956,-75.03955418642116,0,4,7,0,2,2,2,4,7397.877711759334,2.0,2,0,1.0,9,10,1198.0,0.3197508632812603,73.35600919181914,47.73247021173725,4.747967817478287,352.6352900736821,3265.2034261241965,8511.426,1445.3929999999996,2008.516,5057.516999999999,1879.579,6631.846999999998,22.08300935706896,10,1,0,0,9,30.55062519319984,30.55062519319984,30.55062519319984,1.0,0.0,0.0,0.0,1,0,0.0,0.0,0.0,1.0,0.0,0.18117185085002008,0.8188281491499799,0.0,0.18117185085002008,0.0,5,0,2023,8,19,5,0,1,2,1,0,1,GRAVE_MORTALIDAD,2
3,1,16,0,4,1,-12.659337209334536,-69.31935552056426,6,5,6,2,6,2,2,0,3263.58,2.0,2,0,1.0,5,18,566.0,0.6331639735785386,72.20641129524063,67.6175404202189,10.029362591344883,1305.419538589062,88506.68094218415,2090.391,399.431,340.021,1350.9389999999996,493.824,1596.5669999999996,23.62352306338862,9,2,0,0,6,45.38749392976929,38.557968649404366,51.16276440760067,1.0,0.2093088980998321,0.0,0.0,2,0,0.0,0.7906911019001679,0.0,0.2093088980998321,0.2093088980998321,0.2093088980998321,0.7906911019001679,0.0,0.2093088980998321,0.0,7,0,2021,7,5,0,0,0,1,1,0,1,GRAVE_MORTALIDAD,2
6,1,7,1,4,1,-14.13935303466834,-71.40075569778416,3,4,4,1,2,0,1,1,7586.903,2.0,2,0,1.0,9,5,1198.0,0.4337173562104641,75.15065004139942,79.9974723492709,7.143524482711378,473.5348889931674,5193.304068522484,17779.13499998999,2097.3709999899997,2863.123,12818.640999999989,2878.713,14900.421999989989,16.19152450331032,7,1,0,0,6,40.306871964447886,40.306871964447886,40.306871964447886,1.0,0.0,0.615267423492555,0.615267423492555,1,0,0.0,0.0,0.615267423492555,0.38473257650744497,0.0,0.0,1.0,0.0,0.0,0.0,11,1,2023,4,11,3,0,0,2,1,0,1,GRAVE_MORTALIDAD,2
3,2,12,0,4,1,-7.398224779975036,-79.55595175597098,0,4,7,1,2,2,2,0,6543.555,3.0,2,0,1.0,0,30,1475.0,0.5968586479601472,81.56479096531379,74.23398565025978,9.72444636404026,898.7633596995952,27553.955032119917,8931.828000000005,1335.5899999999997,1935.9830000000004,5660.255000000005,1219.309,7712.519000000005,13.651281686122925,3,2,0,0,1,38.80798554171176,33.435995180570586,44.17997590285293,1.0,0.5640048194294142,0.0,0.0,2,0,0.0,0.0,0.0,1.0,1.0,0.43599518057058584,0.5640048194294142,0.0,0.43599518057058584,0.5640048194294142,11,0,2023,5,25,5,1,1,0,1,1,1,GRAVE_MORTALIDAD,2
3,3,3,0,4,1,-16.055988725474545,-71.34691646783628,2,4,2,0,2,0,1,0,1504.4250000000002,2.0,2,0,1.0,7,25,241.0,0.4685280505645348,81.83746865987648,70.74305753660312,6.037751599761188,617.4715908037651,1751.8736616702354,10322.272,1495.236,1749.739,7077.2970000000005,2886.595,7435.677000000001,27.964725207783708,7,3,0,0,4,45.891174596125424,41.841653741032324,48.871406413198265,1.0,0.0,0.0,0.0,3,0,0.0,1.0,0.40595053443318885,0.5940494655668112,0.0,0.5940494655668112,1.0,0.0,0.5940494655668112,0.0,17,2,2022,2,11,5,1,0,0,1,0,1,GRAVE_MORTALIDAD,2
3,2,7,0,4,1,-13.636211103005738,-71.28871969687054,0,3,4,1,2,1,1,2,3263.58,2.0,2,0,1.0,5,18,566.0,0.2701433460922377,67.03086854576458,59.596346222865,3.690268129191559,281.2948228692088,16118.58886509636,17779.13499998999,2097.3709999899997,2863.123,12818.640999999989,2878.713,14900.421999989989,16.19152450331032,4,2,0,0,2,32.641386019393806,27.71722796121238,37.56554407757524,1.0,0.41034650484845236,0.0,0.0,2,0,0.0,0.0,0.0,1.0,0.41034650484845236,1.0,0.5896534951515476,0.0,0.5896534951515476,0.0,9,1,2023,8,8,3,0,0,2,1,0,1,GRAVE_MORTALIDAD,2