CLASE SINIESTRO,CANTIDAD DE VEHICULOS DAÑADOS,DEPARTAMENTO,ZONA,TIPO DE VÍA,RED VIAL,COORDENADAS LATITUD,COORDENADAS  LONGITUD,CONDICIÓN CLIMÁTICA,ZONIFICACIÓN,CARACTERÍSTICAS DE VÍA,PERFIL LONGITUDINAL VÍA,SUPERFICIE DE CALZADA,¿EXISTE SEÑAL VERTICAL?,¿EXISTE SEÑAL HORIZONTAL?,CAUSA FACTOR PRINCIPAL,MTC_RVN_LONGITUD_KM,MTC_RVN_N_CARRILES_MEDIANA,MTC_RVN_SUPERFICIE_DOMINANTE,MTC_RVN_ESTADO_DOMINANTE,MTC_RVN_ES_CONCESIONADA,MTC_RVN_CONCESION_PRINCIPAL,MTC_RVN_CORREDOR_LOGISTICO,MTC_RVN_N_TRAMOS,IDH_2019,IDH_ESP_VIDA_2019,IDH_EDUC_SECUND_PCT_2019,IDH_ANIOS_EDUC_2019,IDH_INGRESO_PERCAP_2019,IDH_POBLACION_2019,MTC_DEP_RED_TOTAL_KM,MTC_DEP_NACIONAL_TOTAL_KM,MTC_DEP_DEPARTAMENTAL_TOTAL_KM,MTC_DEP_VECINAL_TOTAL_KM,MTC_DEP_PAV_TOTAL_KM,MTC_DEP_NO_PAV_TOTAL_KM,MTC_DEP_PCT_PAVIMENTADA,PER_TOTAL_PERSONAS,PER_N_CONDUCTORES,PER_N_CONDUCTORES_FUGADOS,PER_N_PEATONES,PER_N_PASAJEROS_OCUPANTES,PER_EDAD_COND_PROM,PER_EDAD_COND_MIN,PER_EDAD_COND_MAX,PER_ANY_COND_MASCULINO,PER_ANY_LIC_PROBLEMA,PER_ANY_DOSAJE_POS,PER_ANY_DOSAJE_EVALUADO,VEH_TOTAL,VEH_N_FUGADOS,VEH_ANY_FUGADO,VEH_ANY_CARGA,VEH_ANY_PUBLICO,VEH_ANY_PARTICULAR,VEH_ANY_MOTO,VEH_ANY_AUTO,VEH_ANY_CAMION_BUS,VEH_ANY_SOAT_PROBLEMA,VEH_ANY_CITV_PROBLEMA,VEH_ANY_SEGURO_PROBLEMA,HORA_NUM,FRANJA_HORARIA,ANIO,MES,DIA_MES,DIA_SEMANA,ES_FIN_SEMANA,ES_QUINCENA,REGION_NATURAL,TIENE_SEÑALIZACION,ES_VIA_MULTICARRIL,ES_DEPTO_BAJO_PAVIMENTO,CATEGORIA_SEVERIDAD,CATEGORIA_SEVERIDAD_ENC
3,2,11,1,4,1,-12.001296348776837,-75.25828043017837,0,2,7,0,2,2,2,1,7586.903,2.0,2,0,1.0,9,5,1198.0,0.5509450958606408,71.74925093570855,77.89102294466433,9.521573739135647,848.7172416570542,14182.598144581587,12264.545,1826.4639999999995,1105.5389999999998,9332.542,1588.5359999999996,10676.009,12.952261987705208,3,2,0,0,1,26.331557821195187,22.134753743043852,30.52836189934652,1.0,0.9326231284780743,0.9326231284780743,1.0,2,0,0.06737687152192573,0.0,0.0,1.0,0.0,1.0,0.06737687152192573,0.9326231284780743,1.0,0.0,4,0,2021,9,13,3,0,0,2,1,0,1,GRAVE_MORTALIDAD,2
5,1,7,0,4,1,-13.14679252649495,-72.29966854406085,0,4,1,1,2,1,1,2,3447.8009999999995,1.0,2,3,0.0,9,12,1109.0,0.4482270709417122,76.64414311492754,61.008724135548235,6.799820615000385,600.3556290846684,3655.756293579774,17779.13499998999,2097.3709999899997,2863.123,12818.640999999989,2878.713,14900.421999989989,16.19152450331032,17,1,0,0,16,26.010755281974006,26.010755281974006,26.010755281974006,1.0,0.0,0.0,0.8315407863376656,1,0,0.1684592136623344,0.0,0.0,0.1684592136623344,0.1684592136623344,0.0,0.8315407863376656,0.1684592136623344,0.0,0.1684592136623344,9,1,2021,10,7,4,0,0,2,1,0,1,GRAVE_MORTALIDAD,2
5,1,14,0,4,1,-11.24118352139925,-77.53533190840638,0,4,7,1,2,1,0,0,6543.555,3.0,2,0,1.0,0,30,1475.0,0.7327345537337897,78.20903814342847,76.31492653513806,13.642917835589472,1405.6698219039215,62016.21841541756,7626.313,1683.4029999999998,1599.0829999999996,4343.827000000001,1814.875,5811.438000000001,23.797541485643197,2,1,0,0,1,37.152622595955606,35.46802034032818,38.83722485158303,1.0,0.0,0.17732655322393942,0.17732655322393942,1,0,0.0,0.17732655322393942,0.0,0.8226734467760606,0.0,1.0,0.17732655322393942,0.0,0.17732655322393942,0.0,3,0,2021,3,10,4,0,0,0,1,1,1,GRAVE_MORTALIDAD,2
3,2,13,1,4,1,-7.305252066907201,-79.51673063630723,0,1,5,1,2,1,1,2,6543.555,3.0,2,0,1.0,0,30,1475.0,0.5609711123122273,78.21641580510914,62.31666405260654,8.500283968293012,946.1437250180478,76500.2772189069,8941.248549101483,1459.3276854536302,1576.2566552972514,5905.6642083506,1494.9070001065293,7446.341548994953,16.71080305655993,4,2,0,0,2,39.392286544198676,30.015289448894038,48.769283639503314,1.0,0.27692836395033116,0.27692836395033116,0.27692836395033116,2,0,0.0,0.0,1.0,1.0,0.27692836395033116,0.7230716360496688,1.0,0.27692836395033116,0.0,0.0,8,0,2021,8,9,4,0,0,0,1,1,1,GRAVE_MORTALIDAD,2
6,1,7,0,4,1,-13.035178736195595,-71.9163359889402,0,4,0,1,5,2,2,5,6543.555,2.0,4,4,1.0,14,33,1198.0,0.2606116891904022,68.12167087330928,45.31347416658979,4.014922989149006,278.48651288437384,5457.807224932147,17779.13499998999,2097.3709999899997,2863.123,12818.640999999989,2878.713,14900.421999989989,16.19152450331032,11,1,0,0,10,45.59254134428317,45.59254134428317,45.59254134428317,1.0,0.2273290118718334,0.0,0.0,1,0,0.0,0.0,0.0,1.0,0.0,0.2273290118718334,0.7726709881281666,0.0,0.2273290118718334,0.0,19,2,2022,8,22,1,0,0,2,1,0,1,GRAVE_MORTALIDAD,2
3,2,3,0,4,1,-15.986019050203934,-71.25330964878117,0,4,7,0,2,0,1,0,1504.4250000000002,2.0,2,0,1.0,7,25,241.0,0.4498224071382834,81.63336343193146,58.84842497065013,5.774685730039019,620.6584683449911,1358.612419700214,10322.272,1495.236,1749.739,7077.2970000000005,2886.595,7435.677000000001,27.964725207783708,8,2,0,0,6,39.78080372726949,25.42979906818263,54.131808386356354,1.0,0.2851004659086863,0.0,0.0,2,0,0.0,0.2851004659086863,0.2851004659086863,0.7148995340913137,0.0,1.0,0.2851004659086863,0.0,0.7148995340913137,0.0,11,2,2022,3,19,3,0,0,0,1,0,1,GRAVE_MORTALIDAD,2
4,1,3,1,4,1,-16.228198159271052,-71.63813142492667,4,4,2,0,2,1,1,0,1504.4250000000002,2.0,2,0,1.0,7,25,241.0,0.6005060748875158,78.21704200773246,77.40211893847457,8.994742794352394,996.014120858737,33335.45824411135,10322.272,1495.236,1749.739,7077.2970000000005,2886.595,7435.677000000001,27.964725207783708,12,1,0,0,10,29.237220581926813,26.631821172433163,31.84261999142047,1.0,0.0,0.0,0.5789776465541452,1,0,0.0,1.0,0.0,0.0,0.0,0.0,1.0,0.0,0.0,0.0,8,1,2023,4,11,0,0,0,0,1,0,1,GRAVE_MORTALIDAD,2
5,1,19,0,4,0,-14.485878070458275,-69.77386391455163,0,4,0,1,2,2,2,4,6543.555,2.0,4,4,1.0,14,33,1198.0,0.6165775071410655,61.76567689911576,75.02437972287326,8.237338763403299,1658.3693176206687,26321.274995744676,13622.185191271286,2017.9402527267878,2335.8765276077856,9268.368410936713,3288.8439417446693,10333.341249526617,24.12678076117735,11,1,0,0,10,33.9123460173467,33.9123460173467,33.9123460173467,1.0,0.0,0.0,0.01460899710888286,1,0,0.0,0.01460899710888286,0.0,0.0,0.0,0.0,1.0,0.0,0.9853910028911171,0.0,11,1,2022,1,20,3,0,0,2,1,0,1,GRAVE_MORTALIDAD,2
4,1,16,0,4,1,-8.672489037982077,-75.86952545221065,0,4,7,0,2,1,1,3,7696.554469019859,2.0,2,0,1.0,9,14,1796.0489146404354,0.4831773826318938,74.14837669567379,56.35878932447887,6.82916388877544,851.7016192124513,3396.809935095948,6678.076670005633,1042.2267992198765,1341.2482003921223,4294.601670393633,1325.5535213466846,5352.523148658947,19.440614655455068,7,1,0,0,5,54.38685776728903,48.630237198557566,60.14347833602049,1.0,0.0,0.6396245076368293,0.6396245076368293,1,0,0.0,0.0,0.6396245076368293,0.3603754923631707,0.6396245076368293,0.0,1.0,0.0,0.6396245076368293,0.6396245076368293,10,1,2021,10,18,6,1,1,1,1,0,1,GRAVE_MORTALIDAD,2
10,1,3,0,4,1,-16.668279550759177,-72.56017103604073,0,4,0,0,2,1,1,0,1926.94,2.0,2,0,1.0,9,32,393.0,0.5506134487544145,84.11518135609504,66.07904665694413,8.594478109433165,777.7519971785225,628.7494646680942,10322.272,1495.236,1749.739,7077.2970000000005,2886.595,7435.677000000001,27.964725207783708,23,1,0,0,22,40.02419714681291,38.443554864263234,41.20967885872516,1.0,0.0,0.0,0.6048394293625812,1,0,0.0,0.39516057063741883,0.6048394293625812,0.0,0.0,0.0,1.0,0.0,0.39516057063741883,0.0,5,0,2023,2,19,3,0,1,0,1,0,1,GRAVE_MORTALIDAD,2
3,1,13,2,2,2,-10.539153503781286,-77.84380311012745,0,0,3,1,2,1,1,0,6543.555,2.3874512959225385,3,2,1.0,8,31,1305.3240089705432,0.7387061291424183,79.57649689975011,73.78804982972412,11.398587474824257,1617.221774351295,75545.05866196149,8132.136478596315,1548.642402411294,1729.615341596303,4853.8787345887185,1584.1221814925973,6548.0142971037185,19.86635997755231,3,2,0,0,1,52.57568185708446,34.90038963261969,70.25097408154923,1.0,0.3874512959225387,0.0,0.0,2,0,0.0,0.3874512959225387,1.0,0.6125487040774613,0.3874512959225387,0.6125487040774613,1.0,0.0,0.0,0.3874512959225387,16,3,2023,7,13,4,0,0,0,1,0,1,GRAVE_MORTALIDAD,2
3,2,20,2,4,1,-17.411337869565305,-71.00601497899773,6,3,1,0,2,0,1,1,920.5861723716372,2.0,2,0,0.13652010508718693,9,30,384.07839159302506,0.6310600551315791,76.90533547647729,75.34007437825576,10.232459585604921,1108.6283726125491,17255.560755334376,2796.7698788167127,639.889881854751,522.5156096604761,1634.364387301485,1073.3711241140866,1723.3987547026254,38.86117772920112,4,2,0,0,1,35.907839159302505,26.40956031526156,52.31395716264595,1.0,0.0,0.0,0.8634798949128131,2,0,0.0,0.8634798949128131,0.0,1.0,0.13652010508718693,0.8634798949128131,0.8634798949128131,0.13652010508718693,0.13652010508718693,0.13652010508718693,6,0,2022,8,16,5,1,1,0,1,0,1,GRAVE_MORTALIDAD,2
3,1,14,0,4,1,-10.954638299365456,-77.64092576902023,0,4,2,1,2,0,0,3,6543.555,3.0,2,0,1.0,0,30,1475.0,0.6135960040420408,77.12357795818632,65.42909203889076,8.272404673092067,1235.9150955826244,25749.799185722342,7626.313,1683.4029999999998,1599.0829999999996,4343.827000000001,1814.875,5811.438000000001,23.797541485643197,3,2,0,0,1,49.08153060183673,35.51515221765808,62.64790898601539,1.0,0.30880227534961535,0.0,0.6911977246503846,2,0,0.0,0.0,1.0,1.0,1.0,0.0,1.0,0.0,0.30880227534961535,0.0,11,1,2021,3,17,5,1,0,0,0,1,1,GRAVE_MORTALIDAD,2
3,2,10,0,4,1,-14.860243954446476,-74.81598599567042,0,3,2,0,2,1,1,2,3530.616746700378,2.0,2,0,1.0,5,28,555.5957234804494,0.5563774842369664,77.00938809632027,69.10246351364754,8.476961866273152,914.8835608305218,27932.19700214133,3721.461,698.1859999999996,744.866,2278.409,1102.9029999999996,2618.558,29.636290693359403,5,2,0,0,3,49.504954264101386,39.467673962293304,59.54223456590947,1.0,0.0,0.29353479245866043,1.0,2,0,0.0,0.0,0.29353479245866043,0.29353479245866043,0.0,0.7064652075413396,1.0,0.0,0.0,0.0,22,2,2022,6,6,2,0,0,0,1,0,1,GRAVE_MORTALIDAD,2
3,1,15,0,4,1,-16.607555629891486,-72.49399239409483,4,4,4,1,4,2,2,0,1808.802444566758,1.734002306907342,1,0,0.734002306907342,9,27,360.28228374960304,0.6625198004216655,78.83583113417504,72.42296163894935,10.597224681608834,1238.2914748122405,68121.47495117036,3154.6005604054494,530.9061402535099,860.9770909273655,1762.7173292245743,929.3430165156108,2225.257543889839,29.447642082579133,13,2,0,0,11,43.601003460361014,41.73400230690734,45.468004613814685,1.0,0.0,0.0,0.0,2,0,0.0,0.26599769309265797,0.26599769309265797,0.734002306907342,0.0,1.0,1.0,0.0,0.26599769309265797,0.0,15,1,2023,9,7,3,0,0,0,1,0,1,GRAVE_MORTALIDAD,2
3,1,14,1,4,1,-12.36535317663088,-76.79086246276772,0,3,7,1,2,2,2,0,6639.975,2.0,2,0,1.0,9,31,1616.0,0.6997623570346938,76.1024633480164,67.4916969677081,10.594360693484372,1568.8925177861563,8292.871520342613,7626.313,1683.4029999999998,1599.0829999999996,4343.827000000001,1814.875,5811.438000000001,23.797541485643197,5,2,0,0,2,42.55380608504252,37.00497217935284,49.65561737921591,1.0,0.0,0.0,0.0,2,0,0.0,0.0,0.6672191310392045,1.0,0.0,1.0,1.0,0.0,0.3327808689607955,0.0,7,1,2025,2,12,1,0,0,0,1,0,1,GRAVE_MORTALIDAD,2
3,1,14,0,4,1,-12.278913320265957,-76.88416205180926,0,2,7,1,2,2,2,0,6639.975,2.0,2,0,1.0,9,31,1616.0,0.6909236767275176,78.41626133969348,70.97436336767564,9.826485374940413,1476.8351947609171,95908.53319057816,7626.313,1683.4029999999998,1599.0829999999996,4343.827000000001,1814.875,5811.438000000001,23.797541485643197,3,2,0,0,1,33.655570214114874,32.77038014274325,34.5407602854865,1.0,0.0,0.0,0.0,2,0,0.0,0.4425950356858128,0.0,1.0,0.4425950356858128,0.0,1.0,0.0,0.0,0.0,11,1,2023,10,22,0,0,1,0,1,0,1,GRAVE_MORTALIDAD,2
3,3,10,0,4,1,-13.63849226877998,-75.99189833837895,0,4,7,1,2,2,2,0,1247.7152892930983,1.1210458828177723,2,2,1.0,10,26,227.10458828177724,0.5610658940622192,74.92695062813239,70.44337450175117,8.507083421310286,944.876333742646,5745.203655431377,3721.461,698.1859999999996,744.866,2278.409,1102.9029999999996,2618.558,29.636290693359403,7,3,0,0,4,50.063732941847896,49.121045882817775,51.24209176563554,1.0,0.2929847057274092,0.0,0.7070152942725908,3,0,0.0,0.7070152942725908,0.0,1.0,0.7070152942725908,1.0,0.0,0.0,0.7070152942725908,0.7070152942725908,16,1,2022,10,2,1,0,0,0,1,0,1,GRAVE_MORTALIDAD,2
4,1,12,0,4,1,-8.29884641466173,-78.93061965622823,0,4,7,1,2,2,2,3,6543.555,3.0,2,0,1.0,0,30,1475.0,0.5031011185891211,79.4910898582305,57.19381589559225,6.3952199358272654,840.0667943452895,10767.849713511183,8931.828000000005,1335.5899999999997,1935.9830000000004,5660.255000000005,1219.309,7712.519000000005,13.651281686122925,8,1,0,0,7,29.0,28.32513583547757,29.67486416452243,1.0,0.0,0.0,0.6625679177387851,1,0,0.0,0.0,0.0,0.3374320822612149,0.3374320822612149,0.3374320822612149,0.6625679177387851,0.0,0.0,0.3374320822612149,17,2,2022,10,25,4,0,1,0,1,1,1,GRAVE_MORTALIDAD,2
6,1,20,0,4,1,-14.490938940981414,-69.43467102776067,0,4,0,0,6,2,2,5,1713.151400450514,2.0,1,0,0.19228218001852038,8,30,438.08314807548106,0.46428059189649634,74.53899362423233,74.18171904000148,7.623821577040265,577.9002889851425,7671.303154768817,13642.312999999998,2020.7790000000005,2354.117,9267.416999999998,3314.0520000000006,10328.260999999997,24.29244952817019,2,1,0,0,1,37.153693080111125,37.153693080111125,37.153693080111125,1.0,0.8077178199814796,0.0,0.0,1,0,0.0,0.0,0.19228218001852038,0.8077178199814796,0.0,0.8077178199814796,0.19228218001852038,0.19228218001852038,1.0,0.19228218001852038,5,0,2021,7,9,1,0,0,2,1,0,1,GRAVE_MORTALIDAD,2
3,1,3,0,4,1,-15.777963486152446,-71.03889577814456,0,4,6,1,2,2,2,0,1397.653733762112,1.8859139954974249,2,0,0.8859139954974249,7,22,224.1152713336189,0.4498224071382834,81.63336343193146,58.84842497065013,5.774685730039019,620.6584683449911,1358.612419700214,10322.272,1495.236,1749.739,7077.2970000000005,2886.595,7435.677000000001,27.964725207783708,6,2,0,0,4,35.07392494371781,28.429569977487127,41.7182799099485,1.0,0.0,0.0,0.8859139954974249,2,0,0.0,0.8859139954974249,0.0,1.0,0.0,1.0,0.8859139954974249,0.0,1.0,0.0,10,1,2022,6,10,5,1,0,0,1,0,1,GRAVE_MORTALIDAD,2
2,1,2,0,4,1,-15.395036078148173,-73.10131470541691,0,3,7,1,2,1,1,4,6622.241341262747,2.1839209576566487,2,0,1.0,7,30,1590.0671449704125,0.6326661848344526,76.30966933229466,74.14698672170786,9.993418772279641,1156.4394731454317,21513.833063359936,10404.185980437289,1566.9333551604186,1652.8093447377082,7184.443280539162,2741.9867792005443,7662.199201236744,26.408997900060605,9,1,0,0,7,30.47136766125319,26.47136766125319,34.287446703596544,0.8160790423433513,0.0,0.0,0.8160790423433513,1,0,0.18392095765664873,0.0,0.8160790423433513,0.8160790423433513,0.0,0.0,0.8160790423433513,0.0,0.8160790423433513,0.18392095765664873,4,0,2021,5,22,1,0,0,0,1,0,1,GRAVE_MORTALIDAD,2
5,1,3,0,4,2,-16.300348167336246,-71.56451118776185,0,4,2,0,6,2,2,5,6543.555,2.018945403374355,3,3,1.0,13,32,1203.2478767346963,0.6694942563050245,78.299222203784,82.56997155382155,11.114626983638402,1167.1661469854648,56159.61802624729,10271.19596926428,1498.8008997167424,1746.8847613092332,7025.510308238304,2866.2908322956364,7404.905136968642,27.88577623123271,3,1,0,0,1,31.24629024386661,31.24629024386661,31.24629024386661,0.018945403374354575,0.9810545966256454,0.0,0.0,1,0,0.0,1.0,0.0,0.0,0.0,0.0,1.0,0.0,0.0,0.0,22,2,2021,2,27,5,1,1,0,1,0,1,GRAVE_MORTALIDAD,2
3,1,3,0,4,0,-16.401701717850656,-72.24507446693818,0,4,7,1,2,0,1,0,6614.512209081483,2.0,2,1,1.0,10,31,1505.6137045847313,0.6077843615696785,76.53072135400231,69.81276959706165,8.77367759087771,1135.5159013374655,74658.55888650964,10322.272,1495.236,1749.739,7077.2970000000005,2886.595,7435.677000000001,27.964725207783708,3,1,0,0,1,35.913681952184234,28.922461393440337,42.904902510928125,1.0,0.0,0.0,0.7359179535519887,1,0,0.0,0.7359179535519887,0.0,1.0,0.7359179535519887,0.26408204644801125,0.7359179535519887,0.0,0.0,0.0,4,0,2024,10,27,5,1,1,0,1,0,1,GRAVE_MORTALIDAD,2
3,1,20,0,4,1,-15.890181818312895,-70.25478622454233,0,4,7,0,2,2,2,2,1509.5683014769006,2.0,2,0,1.0,7,24,232.4556174816484,0.4175090076009345,75.18243120213067,70.09446015131712,7.25752418843075,457.5000952628249,5071.59157022534,13642.312999999998,2020.7790000000005,2354.117,9267.416999999998,3314.0520000000006,10328.260999999997,24.29244952817019,6,1,0,0,4,40.895005329770854,36.54120298467168,45.24880767487003,0.7916004263816684,0.2083995736183316,0.0,0.0,1,0,0.0,0.0,0.0,1.0,0.0,1.0,0.7916004263816684,0.7916004263816684,0.0,0.7916004263816684,15,2,2022,5,10,3,0,0,2,1,0,1,GRAVE_MORTALIDAD,2
6,1,13,0,4,1,-10.868124122014672,-77.17568063913679,0,4,6,1,2,1,0,2,455.77814172742603,1.8670719572920174,1,0,0.0,9,5,141.4032277601887,0.5946009246373996,75.43897704542727,62.16869066428317,7.668931410594008,1269.8084460225996,24835.981227387067,7703.776019319821,1636.888154655409,1491.7959791621306,4575.091885502281,1714.5122009067898,5989.263818413032,22.350394837107604,2,1,0,0,1,46.278014804176486,46.278014804176486,46.278014804176486,1.0,0.8670719572920174,0.0,0.0,1,0,0.0,0.0,0.13292804270798264,0.8670719572920174,1.0,0.0,0.0,1.0,0.13292804270798264,1.0,18,1,2023,6,5,2,0,0,0,1,0,1,GRAVE_MORTALIDAD,2
6,1,4,0,4,1,-13.71700084642149,-73.7958922689138,3,4,3,1,4,1,1,0,2036.564079581197,2.0,2,1,1.0,5,25,187.3022430401729,0.37353605141932233,73.09570299119763,55.65599361034994,6.188594277116541,483.0900924497086,1970.408657717296,8414.085192313447,1341.356360427259,1554.9214359917828,5517.807395894405,1594.2409160284055,6819.844276285041,18.926612423739165,3,1,0,0,2,39.23022430401729,39.23022430401729,39.23022430401729,1.0,0.0,0.0,0.0,1,0,0.0,0.0,0.0,0.3615112152008645,0.0,0.6384887847991355,0.3615112152008645,0.0,0.0,0.0,6,1,2023,6,5,0,0,0,2,1,0,1,GRAVE_MORTALIDAD,2
3,1,12,0,4,1,-7.802166036562642,-79.22561052500707,0,4,7,1,2,2,2,1,6543.555,3.0,2,0,1.0,0,30,1475.0,0.5196640236960184,81.43012738042322,61.50394904895522,6.643803028605811,839.546582825852,11711.811346599432,8931.828000000005,1335.5899999999997,1935.9830000000004,5660.255000000005,1219.309,7712.519000000005,13.651281686122925,5,1,0,0,4,29.0,27.63948639081539,30.36051360918461,1.0,0.0,0.0,0.3197431954076949,1,0,0.0,0.0,0.0,0.6802568045923051,0.6802568045923051,0.6802568045923051,0.3197431954076949,0.0,0.0,0.6802568045923051,20,2,2022,10,28,2,0,1,0,1,1,1,GRAVE_MORTALIDAD,2
3,1,12,0,4,0,-8.497962487433,-78.6728678678903,0,4,7,1,2,2,2,1,6543.555,2.9428828366295567,2,0,1.0,0,30,1459.1785457463873,0.4971504606547645,77.79759708660042,46.44666297237219,6.322206801902116,929.9716106661404,44368.59100642397,8931.828000000005,1335.5899999999997,1935.9830000000004,5660.255000000005,1219.309,7712.519000000005,13.651281686122925,4,1,0,0,2,45.329098150905914,31.65729701977734,59.00089928203449,1.0,0.0,0.0,0.0,1,0,0.0,0.9428828366295567,0.9428828366295567,0.05711716337044326,0.0,0.9428828366295567,1.0,0.0,0.9428828366295567,0.0,15,3,2022,8,10,2,0,0,0,1,0,1,GRAVE_MORTALIDAD,2
3,2,10,1,4,1,-14.849941481919705,-74.97767877953876,0,3,7,1,2,1,0,1,6639.975,2.0,2,0,1.0,9,31,1616.0,0.5563774842369664,77.00938809632027,69.10246351364754,8.476961866273152,914.8835608305218,27932.19700214133,3721.461,698.1859999999996,744.866,2278.409,1102.9029999999996,2618.558,29.636290693359403,4,2,0,0,2,42.743036460809016,41.89896212481311,43.587110796804915,1.0,0.0,0.8623702656016387,1.0,2,0,0.0,0.13762973439836135,0.8623702656016387,1.0,0.0,0.13762973439836135,1.0,0.0,0.0,0.0,19,1,2021,4,18,5,1,1,0,1,0,1,GRAVE_MORTALIDAD,2
3,2,20,0,4,1,-16.907655932523088,-69.70676306389582,0,4,0,0,2,2,2,2,1139.6473052842482,1.000929416869961,1,2,0.0009294168699610639,9,31,176.02230600487906,0.3367238884705214,79.36896456880557,60.06171049206615,6.384918376891411,270.8405155620205,5778.8501070663815,13642.312999999998,2020.7790000000005,2354.117,9267.416999999998,3314.0520000000006,10328.260999999997,24.29244952817019,3,2,0,0,1,26.032529590448636,16.038106091668404,36.02695308922887,1.0,0.9990705831300389,0.0,0.0,2,0,0.0,0.9990705831300389,0.0,1.0,1.0,0.0,1.0,0.9990705831300389,0.0,1.0,17,1,2022,5,13,4,0,0,2,1,0,1,GRAVE_MORTALIDAD,2
6,1,12,0,4,1,-7.877188558582449,-78.11459585442483,0,4,7,1,2,2,2,2,9936.932,2.0,2,0,1.0,9,32,3830.0,0.3986882084754764,72.97869269132666,58.65435142755623,5.605762371496486,527.7120199980477,69564.29978586723,8931.828000000005,1335.5899999999997,1935.9830000000004,5660.255000000005,1219.309,7712.519000000005,13.651281686122925,2,1,0,0,1,68.67736705627297,68.67736705627297,68.67736705627297,1.0,0.0,0.0,0.0,1,0,0.0,0.09677637265529271,0.0,0.9032236273447073,0.0,0.9032236273447073,0.09677637265529271,0.0,0.9032236273447073,0.0,10,1,2021,7,23,5,1,1,0,1,0,1,GRAVE_MORTALIDAD,2
3,1,2,1,4,1,-13.551142175532823,-73.63877374451678,0,4,0,0,2,1,1,1,7561.2178757952115,2.0,2,0,1.0,9,5,1198.0,0.5563774842369664,77.00938809632027,69.10246351364754,8.476961866273152,914.8835608305218,27932.19700214133,8358.971,1282.451,1298.0969999999998,5778.423,1432.683,6926.288,17.139466089785454,4,1,0,0,2,45.31536512119071,35.073853951523716,55.55687629085771,1.0,0.0,0.0,0.0,1,0,0.0,0.0,0.9753820161587614,1.0,0.9753820161587614,0.02461798384123859,0.9753820161587614,0.0,0.0,0.0,20,2,2023,5,22,4,0,1,2,1,0,1,GRAVE_MORTALIDAD,2
5,1,13,0,4,1,-10.513811229907976,-77.57902009867375,0,4,5,0,2,2,2,1,1252.1896095064744,2.0,2,0,0.20945576950951106,8,21,572.7454498333124,0.5740941188883868,75.68041804632949,61.70074734608796,7.445753814773109,1190.853162626634,25105.485533985804,7899.76064893121,1610.5515604395882,1669.6486487477541,4619.560439743868,1690.1302651762985,6209.630383754913,21.67234883169126,3,1,0,0,2,30.97965962068071,29.513469234114133,32.44585000724729,1.0,0.7905442304904889,0.0,0.7905442304904889,1,0,0.0,0.20945576950951106,0.0,1.0,0.0,1.0,0.20945576950951106,0.7905442304904889,0.0,0.0,11,1,2021,6,9,1,0,0,0,1,0,1,GRAVE_MORTALIDAD,2
2,1,19,0,3,2,-17.87549156203328,-70.80884573354574,3,3,6,1,4,2,2,0,3848.664997265503,2.0,2,1,1.0,11,32,728.0915384537655,0.6887580146051241,77.56513335406136,74.0779822973094,11.080901985598029,1357.206695845011,70958.79957787707,2824.8771011610297,537.0485548689721,730.017059644721,1557.8114866473363,950.6376449708135,1874.239456190216,33.93335726768013,10,1,0,0,8,41.086160535184646,38.253634973808836,43.502423315872555,0.5837372193120927,0.0,0.0,0.0,1,0,0.41626278068790734,0.0,0.0,0.5837372193120927,0.0,0.5837372193120927,0.5837372193120927,0.0,0.0,0.41626278068790734,18,2,2023,10,8,5,1,0,0,1,0,1,GRAVE_MORTALIDAD,2
6,1,12,0,4,1,-8.868675187712052,-78.63227281599401,0,4,7,1,2,2,2,4,6543.555,3.0,2,0,1.0,0,30,1475.0,0.4867987483268106,77.5825534369154,52.95148122709723,6.150547060309878,840.5788229266196,9838.736616702356,8931.828000000005,1335.5899999999997,1935.9830000000004,5660.255000000005,1219.309,7712.519000000005,13.651281686122925,3,1,0,0,2,49.87657491767215,49.87657491767215,49.87657491767215,1.0,0.0,0.0,0.0,1,0,0.0,0.0,0.0,1.0,0.0,1.0,0.0,0.0,0.3565713259508191,0.0,12,1,2021,5,18,2,0,0,0,1,1,1,GRAVE_MORTALIDAD,2