CLASE SINIESTRO,CANTIDAD DE VEHICULOS DAÑADOS,DEPARTAMENTO,ZONA,TIPO DE VÍA,RED VIAL,COORDENADAS LATITUD,COORDENADAS  LONGITUD,CONDICIÓN CLIMÁTICA,ZONIFICACIÓN,CARACTERÍSTICAS DE VÍA,PERFIL LONGITUDINAL VÍA,SUPERFICIE DE CALZADA,¿EXISTE SEÑAL VERTICAL?,¿EXISTE SEÑAL HORIZONTAL?,CAUSA FACTOR PRINCIPAL,MTC_RVN_LONGITUD_KM,MTC_RVN_N_CARRILES_MEDIANA,MTC_RVN_SUPERFICIE_DOMINANTE,MTC_RVN_ESTADO_DOMINANTE,MTC_RVN_ES_CONCESIONADA,MTC_RVN_CONCESION_PRINCIPAL,MTC_RVN_CORREDOR_LOGISTICO,MTC_RVN_N_TRAMOS,IDH_2019,IDH_ESP_VIDA_2019,IDH_EDUC_SECUND_PCT_2019,IDH_ANIOS_EDUC_2019,IDH_INGRESO_PERCAP_2019,IDH_POBLACION_2019,MTC_DEP_RED_TOTAL_KM,MTC_DEP_NACIONAL_TOTAL_KM,MTC_DEP_DEPARTAMENTAL_TOTAL_KM,MTC_DEP_VECINAL_TOTAL_KM,MTC_DEP_PAV_TOTAL_KM,MTC_DEP_NO_PAV_TOTAL_KM,MTC_DEP_PCT_PAVIMENTADA,PER_TOTAL_PERSONAS,PER_N_CONDUCTORES,PER_N_CONDUCTORES_FUGADOS,PER_N_PEATONES,PER_N_PASAJEROS_OCUPANTES,PER_EDAD_COND_PROM,PER_EDAD_COND_MIN,PER_EDAD_COND_MAX,PER_ANY_COND_MASCULINO,PER_ANY_LIC_PROBLEMA,PER_ANY_DOSAJE_POS,PER_ANY_DOSAJE_EVALUADO,VEH_TOTAL,VEH_N_FUGADOS,VEH_ANY_FUGADO,VEH_ANY_CARGA,VEH_ANY_PUBLICO,VEH_ANY_PARTICULAR,VEH_ANY_MOTO,VEH_ANY_AUTO,VEH_ANY_CAMION_BUS,VEH_ANY_SOAT_PROBLEMA,VEH_ANY_CITV_PROBLEMA,VEH_ANY_SEGURO_PROBLEMA,HORA_NUM,FRANJA_HORARIA,ANIO,MES,DIA_MES,DIA_SEMANA,ES_FIN_SEMANA,ES_QUINCENA,REGION_NATURAL,TIENE_SEÑALIZACION,ES_VIA_MULTICARRIL,ES_DEPTO_BAJO_PAVIMENTO,CATEGORIA_SEVERIDAD,CATEGORIA_SEVERIDAD_ENC
3,1,14,2,4,1,-11.664709391599303,-77.22143948704752,0,0,7,1,2,2,2,0,6075.4897892059735,2.0,2,0,1.0,8,30,1474.9379513066156,0.6802269736118504,78.5058488442611,70.32818808070658,9.702739309957483,1430.963433094347,96198.80610476641,7744.5591009266955,1692.1429326580392,1514.1556137413813,4538.260554527275,1850.1519878146437,5894.407113112053,23.877147168045173,3,1,0,0,1,36.38208113838943,34.55862938456388,38.20553289221498,1.0,0.0,0.08827412308722427,0.08827412308722427,1,0,0.0,0.9117258769127757,0.0,1.0,0.9117258769127757,0.0,1.0,0.0,0.0,0.0,16,2,2022,10,20,0,0,1,0,1,0,1,GRAVE_MORTALIDAD,2
6,1,14,0,4,1,-10.466568250644471,-77.09153937355926,0,4,4,0,6,2,2,0,1031.172,-1.0,1,0,0.0,9,32,405.0,0.3959733163556881,72.08398225718831,61.797749784921244,6.453363613684253,471.5230979716284,847.6614273887606,7626.313,1683.4029999999998,1599.0829999999996,4343.827000000001,1814.875,5811.438000000001,23.797541485643197,3,1,0,0,2,44.99277635663645,44.99277635663645,44.99277635663645,1.0,0.0,0.0,0.0,1,0,0.0,0.9597110542654579,0.0,0.040288945734542114,0.0,0.0,1.0,0.0,0.0,0.0,7,0,2022,9,9,3,0,0,0,1,0,1,GRAVE_MORTALIDAD,2
4,1,12,0,4,0,-7.686652732465197,-78.87952505424276,0,4,0,1,1,2,2,2,6543.555,2.5122147076770514,2,1,1.0,6,31,1339.8834740265434,0.4815323257755625,76.67348214143107,54.279205988434825,6.904894209122995,801.1199407748197,7728.779155114407,8931.828000000005,1335.5899999999997,1935.9830000000004,5660.255000000005,1219.309,7712.519000000005,13.651281686122925,3,1,0,0,2,35.048858830708205,35.048858830708205,35.048858830708205,1.0,1.0,0.0,0.0,1,0,0.0,0.4877852923229484,0.0,0.5122147076770516,0.5122147076770516,0.0,1.0,0.0,0.5122147076770516,0.0,15,1,2022,8,7,2,0,0,0,1,0,1,GRAVE_MORTALIDAD,2
6,1,12,0,8,2,-8.123352644702004,-77.70949118298117,0,4,4,1,5,2,2,0,6543.555,2.0,4,4,1.0,14,33,1198.0,0.26707263531227177,78.6460955822328,34.55736204073373,4.2713489385661685,286.0530733061563,6332.118919058359,8931.828000000005,1335.5899999999997,1935.9830000000004,5660.255000000005,1219.309,7712.519000000005,13.651281686122925,5,1,0,0,4,33.0,33.0,33.0,1.0,0.31952053747562603,0.0,0.0,1,0,0.0,0.31952053747562603,0.0,0.680479462524374,0.0,0.0,1.0,0.0,0.0,0.0,5,0,2023,8,13,2,0,0,0,1,0,1,GRAVE_MORTALIDAD,2
5,1,7,0,4,2,-13.484334339247411,-72.15099274533853,0,4,0,0,6,1,1,1,6543.555,2.0,4,4,1.0,14,33,1198.0,0.3315021218927453,77.1661967677314,54.394705687217694,5.316859233287598,317.6946287684059,4935.714841451606,17779.13499998999,2097.3709999899997,2863.123,12818.640999999989,2878.713,14900.421999989989,16.19152450331032,3,1,0,0,1,27.965848986840584,27.795093921043506,28.13660405263766,1.0,0.0,0.0,0.0683020263188312,1,0,0.0,0.0683020263188312,0.0,1.0,0.0,1.0,0.0683020263188312,0.0,0.0,0.0,18,1,2024,1,25,6,1,1,2,1,0,1,GRAVE_MORTALIDAD,2
6,1,4,0,4,2,-14.670153292435101,-73.50013943940966,1,4,0,0,1,2,2,2,6543.555,2.0,4,4,1.0,14,33,1198.0,0.303455145126599,69.46763564012016,41.621103136669184,6.325840764540823,303.7919449947677,809.1815743305365,12678.733000000004,1805.074000000001,1774.0339999999994,9099.625000000004,2485.375000000001,10193.358000000002,19.602707936195205,8,1,0,0,7,41.03702998301023,41.03702998301023,41.03702998301023,1.0,0.0,0.0,1.0,1,0,0.0,0.620371252123721,0.0,0.379628747876279,0.0,0.379628747876279,0.620371252123721,0.379628747876279,0.379628747876279,0.0,12,1,2023,3,25,2,0,1,2,1,0,1,GRAVE_MORTALIDAD,2
1,1,7,0,4,1,-14.24983952303611,-71.23881899944755,0,4,7,1,2,1,1,2,7586.903,2.0,2,0,1.0,9,5,1198.0,0.3486831840889184,75.04109233868971,60.48582452401407,5.595771504043885,348.5307527252836,10091.79954370275,17779.13499998999,2097.3709999899997,2863.123,12818.640999999989,2878.713,14900.421999989989,16.19152450331032,5,1,0,1,3,22.37371334791766,22.37371334791766,22.37371334791766,1.0,0.0,0.0,1.0,1,0,0.0,0.0,0.19624476398823731,0.8037552360117627,0.0,0.8037552360117627,0.19624476398823731,0.0,0.8037552360117627,0.0,9,1,2021,11,8,3,0,0,2,1,0,1,GRAVE_MORTALIDAD,2
3,1,18,1,4,1,-10.631365783442234,-76.17740825220126,0,0,0,0,2,0,0,2,9936.932,2.0,2,0,1.0,9,32,3830.0,0.6193421604458235,76.39017950195935,80.49432651192377,11.494439166895754,957.3168975257496,31875.248394004284,3677.119863,564.5869999999999,910.845,2201.687863000001,590.8779999999998,3086.2418630000006,16.06904376290656,3,1,0,0,1,34.37441259323198,27.50234962707209,41.24647555939186,1.0,0.0,0.0,1.0,1,0,0.0,0.9162750621546516,0.0,0.0837249378453484,0.0,1.0,0.9162750621546516,0.0,0.0837249378453484,0.0,14,3,2022,9,8,4,0,0,2,0,0,1,GRAVE_MORTALIDAD,2
6,1,17,2,4,1,-7.879525979015408,-79.44188390989915,0,2,7,1,2,2,2,3,2713.2516014957055,2.0,2,0,1.0,4,24,634.7313384772099,0.6165142969812146,79.03945809254448,66.47938002646904,8.965671735274288,1157.7378713547616,97927.75605470191,8448.86728913297,1744.2005149984889,1008.3033862587754,5696.363387875706,2060.2719932811187,6388.595295851852,24.35130177867556,9,1,0,0,8,33.859395109369274,33.859395109369274,33.859395109369274,1.0,0.0,0.6140604890630726,0.6140604890630726,1,0,0.0,0.0,0.0,0.6140604890630726,0.0,0.0,1.0,0.0,0.38593951093692735,0.0,7,1,2022,3,18,4,0,0,0,1,0,1,GRAVE_MORTALIDAD,2
6,1,4,0,4,1,-13.7893911136149,-73.99796564851056,0,4,4,0,7,2,2,2,1682.702,1.0,1,0,0.0,9,32,305.0,0.3301341732056756,77.15155042152927,65.75620798660553,5.354017942957687,286.5291824447802,1030.9978586723769,12678.733000000004,1805.074000000001,1774.0339999999994,9099.625000000004,2485.375000000001,10193.358000000002,19.602707936195205,2,1,0,0,1,34.34867836197669,34.34867836197669,34.34867836197669,1.0,0.0,1.0,1.0,1,0,0.0,0.6260528655209325,0.0,0.37394713447906747,0.0,0.0,1.0,0.0,0.6260528655209325,0.0,12,1,2023,8,11,2,0,0,2,1,0,1,GRAVE_MORTALIDAD,2
9,1,5,0,4,2,-7.096967229905477,-78.64423646678294,5,4,6,1,5,2,2,0,6543.555,2.0,4,4,1.0,14,33,1198.0,0.2686313660413985,68.58736864318267,35.35526425027521,3.9382600260893508,324.5909853603956,3001.0556466005773,15935.565011852366,1733.9250000199986,935.692,13265.948011832368,2000.1670000199988,13935.398011832369,12.551591352627522,13,1,0,0,12,31.160523887341366,31.160523887341366,31.160523887341366,1.0,0.8862882164557176,0.11371178354428235,0.11371178354428235,1,0,0.0,0.8862882164557176,0.0,0.11371178354428235,0.0,0.11371178354428235,0.8862882164557176,0.0,0.8862882164557176,0.0,9,0,2022,2,21,2,0,0,2,1,0,1,GRAVE_MORTALIDAD,2
3,2,2,0,4,1,-6.7227256827433814,-77.70781407301683,0,4,1,0,2,2,2,0,331.2895964151044,2.0,2,0,0.0,9,3,189.1006036943258,0.5211356121458703,66.05678451716562,79.57059190383691,7.599437044509455,934.7008273642142,586.1664564108821,3869.429455399836,1065.7311767492133,634.3388146191991,2169.3594640314245,890.2004200702165,2979.2290353296203,22.94503083136361,5,2,0,0,3,55.518463060944676,45.1835459448407,65.85338017704865,1.0,0.0,0.0,0.15137117126327493,2,0,0.0,1.0,0.8486288287367251,0.15137117126327493,0.0,0.0,1.0,0.0,0.0,0.0,15,2,2022,5,8,3,0,0,1,1,0,1,GRAVE_MORTALIDAD,2
3,1,1,0,4,1,-10.087319561311546,-78.13259179294377,0,4,7,1,2,1,1,0,6543.555,3.0,2,0,1.0,0,30,1475.0,0.594329796273136,79.51274210494626,67.23963656911357,9.093808711905876,1004.1856289962402,25729.80728051392,10767.648,1885.0630000000003,1222.721,7659.864000000001,2100.343,8667.305000000002,19.506051832303577,3,1,0,0,1,44.77878877775256,41.81039038093076,47.74718717457435,1.0,0.8481138276633697,0.0,0.15188617233663027,1,0,0.0,0.0,0.8481138276633697,1.0,0.0,0.15188617233663027,0.8481138276633697,0.0,0.15188617233663027,0.0,2,0,2021,7,13,3,0,0,0,1,1,1,GRAVE_MORTALIDAD,2
0,1,10,0,4,1,-13.639421120958225,-76.17031348364502,0,4,7,1,2,2,2,0,205.54999999999995,-1.0,2,0,1.0,13,31,15.0,0.5310837960728563,78.49090057684552,62.50518322518982,8.71090173744041,788.7981609488155,13462.29811792168,3721.461,698.1859999999996,744.866,2278.409,1102.9029999999996,2618.558,29.636290693359403,2,1,0,0,0,24.556837447373365,19.957023348972186,27.842418946231348,1.0,0.6714418501142015,0.0,0.0,1,0,0.0,0.32855814988579846,0.0,1.0,0.6714418501142015,0.32855814988579846,0.32855814988579846,0.6714418501142015,0.6714418501142015,0.6714418501142015,14,1,2022,9,7,4,0,0,0,1,0,1,GRAVE_MORTALIDAD,2
3,1,7,0,4,1,-14.7657876030375,-71.30574856431899,0,4,6,1,1,1,1,2,566.8154005364446,1.9455339526331623,4,2,0.0,9,3,134.60349391585913,0.3412356354043561,64.95725344586081,52.23882764793714,4.976176172803639,465.69706932059074,2761.0771754515763,17779.13499998999,2097.3709999899997,2863.123,12818.640999999989,2878.713,14900.421999989989,16.19152450331032,4,2,0,0,2,41.0642716210653,38.67320371579898,43.45533952633163,1.0,0.0,0.0,0.9455339526331624,2,0,0.0,0.9455339526331624,0.05446604736683758,1.0,0.0,0.9455339526331624,1.0,0.0,1.0,0.0,0,0,2024,1,4,5,1,0,2,1,0,1,GRAVE_MORTALIDAD,2
5,1,5,0,4,1,-6.829052587683612,-77.69237165535841,0,4,7,1,1,2,2,2,1120.3316203815923,1.18245804065249,1,2,0.18245804065249005,8,29,191.56578261884044,0.29138073610495013,75.90407095659974,45.100797855534005,4.434168724449425,286.5607841732845,20255.668042552454,16271.93917969369,1800.23864505751,1287.3672837528695,13184.333250883312,2160.4647817994323,14111.47439789426,13.21572642340715,2,1,0,0,1,48.98592310564522,48.98592310564522,48.98592310564522,1.0,0.0,0.0,0.81754195934751,1,0,0.0,0.81754195934751,0.0,0.18245804065249005,0.0,0.18245804065249005,1.0,0.0,0.18245804065249005,0.0,16,1,2024,9,12,5,0,0,2,1,0,1,GRAVE_MORTALIDAD,2
9,1,18,2,2,3,-5.323690044241997,-80.57448770421782,0,3,8,1,2,2,2,0,6543.555,2.034790361454265,3,3,1.0,13,32,1207.6369301228315,0.6577780417912955,78.73750765338889,77.20337480080119,11.309170364478936,1124.4447221105734,178784.80287519057,9028.531342906932,1785.9832654515535,657.3735844627992,6585.17449299258,2210.5332628135698,6817.998080093363,24.518665916544617,2,1,0,0,0,22.86975903635662,22.73059759053956,23.00892048217368,1.0,0.9652096385457352,0.9652096385457352,0.9652096385457352,1,0,0.0,0.03479036145426484,0.0,0.9652096385457352,0.9652096385457352,0.0,0.03479036145426484,0.0,0.9652096385457352,0.0,19,1,2023,4,1,2,0,0,0,1,0,1,GRAVE_MORTALIDAD,2
4,2,20,0,4,1,-14.989330160109674,-69.8291969606211,0,4,7,1,2,2,2,2,1762.84,2.0,1,0,0.0,9,32,485.0,0.2868422359381615,74.33241727906379,64.95245769794859,5.4453391538822355,221.61221080303136,4481.475196903714,13642.312999999998,2020.7790000000005,2354.117,9267.416999999998,3314.0520000000006,10328.260999999997,24.29244952817019,13,2,0,0,11,34.14634454119545,33.00271242092979,36.433608781726754,1.0,0.42818393986717285,0.42818393986717285,1.0,2,0,0.0,0.5718160601328272,0.5718160601328272,0.42818393986717285,0.0,0.42818393986717285,0.5718160601328272,0.42818393986717285,1.0,1.0,13,1,2021,9,9,4,0,0,2,1,0,1,GRAVE_MORTALIDAD,2
5,1,3,0,4,1,-15.92307777863842,-73.83514252357527,0,4,5,0,3,1,1,1,6604.494292076091,2.0,2,1,1.0,10,31,1462.1840291205785,0.6049648757309969,83.49607859991494,66.54783967811775,9.319141553363016,997.2527683518508,8725.613165203906,10322.272,1495.236,1749.739,7077.2970000000005,2886.595,7435.677000000001,27.964725207783708,3,1,0,0,1,38.99163503997371,38.99163503997371,38.99163503997371,1.0,0.3679807915775636,0.0,0.0,1,0,0.0,0.6320192084224364,0.0,1.0,0.0,0.6320192084224364,0.6320192084224364,0.3679807915775636,0.6320192084224364,0.3679807915775636,17,2,2021,4,20,5,1,0,0,1,0,1,GRAVE_MORTALIDAD,2
3,2,13,0,4,1,-7.839570339146379,-79.18612512407314,0,4,7,1,2,2,2,1,6543.555,3.0,2,0,1.0,0,30,1475.0,0.4941163235728212,76.25301592058857,49.574531701007736,6.646871593345064,889.3950576235766,45552.477727091646,8941.145147196052,1457.9695148935434,1580.2050864423122,5902.970545860196,1491.8819791616877,7449.263168034364,16.677221113936305,4,2,0,0,1,47.23949959976948,32.273888740655366,62.369443703276815,1.0,0.0,0.0,0.27388874065536306,2,0,0.0,1.0,0.7261112593446369,0.27388874065536306,0.0,0.7261112593446369,1.0,0.0,1.0,0.0,14,3,2022,9,9,2,0,0,0,1,1,1,GRAVE_MORTALIDAD,2
3,1,1,0,4,1,-9.550091289585204,-78.31856021651076,0,4,4,1,2,1,1,0,6543.555,3.0,2,0,1.0,0,30,1475.0,0.5873460606982213,78.04758132038613,65.8701248560095,8.596987164492063,1041.0659985770535,35482.29764453961,10767.648,1885.0630000000003,1222.721,7659.864000000001,2100.343,8667.305000000002,19.506051832303577,5,2,0,0,2,37.4892818760096,29.963424522920796,44.036575477079204,1.0,0.3669614070072005,0.0,0.0,2,0,0.0,1.0,0.3669614070072005,0.6330385929927995,0.3669614070072005,0.0,1.0,0.0,0.3669614070072005,0.3669614070072005,4,0,2022,9,16,2,0,0,0,1,1,1,GRAVE_MORTALIDAD,2
5,1,14,2,4,1,-12.297543941568785,-76.85479975990532,0,1,7,1,2,2,2,0,6639.975,2.0,2,0,1.0,9,31,1616.0,0.6909236767275176,78.41626133969348,70.97436336767564,9.826485374940413,1476.8351947609171,95908.53319057816,7626.313,1683.4029999999998,1599.0829999999996,4343.827000000001,1814.875,5811.438000000001,23.797541485643197,18,1,0,0,17,39.55831877676845,39.26386462794741,39.852772925589484,1.0,0.0,0.0,0.0,1,0,0.0,0.14722707441051697,0.0,0.14722707441051697,0.14722707441051697,0.0,1.0,0.0,0.852772925589483,0.0,7,1,2023,8,3,2,0,0,0,1,0,1,GRAVE_MORTALIDAD,2
3,1,7,0,4,1,-13.516046818909926,-72.21689601890046,0,4,5,1,2,1,1,2,3103.298234107909,1.0,1,3,0.0,9,16,981.1263509587177,0.44851165424912565,71.63987973169718,68.79173018997389,6.497925214927174,639.272523343939,10820.45056411423,17779.13499998999,2097.3709999899997,2863.123,12818.640999999989,2878.713,14900.421999989989,16.19152450331032,3,1,0,0,1,26.586837967556438,26.586837967556438,26.586837967556438,1.0,0.20658101622178082,0.0,0.7934189837782192,1,0,0.0,0.0,0.0,1.0,1.0,0.0,0.7934189837782192,0.20658101622178082,1.0,0.20658101622178082,5,0,2024,9,13,1,0,0,2,1,0,1,GRAVE_MORTALIDAD,2
6,1,4,0,4,0,-13.70135103050119,-74.22230794434724,0,4,6,0,2,2,2,2,6543.555,2.0,4,4,1.0,14,33,1198.0,0.2863029246000071,76.60513690952224,44.87400452197697,4.39249097451853,323.8989069562791,1475.73250727188,12678.733000000004,1805.074000000001,1774.0339999999994,9099.625000000004,2485.375000000001,10193.358000000002,19.602707936195205,10,1,0,0,9,25.578596008192818,25.578596008192818,25.578596008192818,1.0,0.0,0.0,0.0,1,0,0.0,0.0,0.6867335234193896,0.31326647658061035,0.0,0.31326647658061035,0.6867335234193896,0.0,0.0,0.0,13,2,2024,3,16,1,0,0,2,1,0,1,GRAVE_MORTALIDAD,2
6,1,14,0,4,1,-10.970603282751911,-76.86209384855765,0,4,2,0,1,1,0,1,872.8723800901009,-1.0,0,0,0.6360684203522257,9,21,249.79930543405695,0.5183045578080145,74.6452381742938,64.54430873834693,7.344110099659241,863.0928534237715,790.3825230019181,7626.313,1683.4029999999998,1599.0829999999996,4343.827000000001,1814.875,5811.438000000001,23.797541485643197,3,1,0,0,2,41.53777892915787,41.53777892915787,41.53777892915787,1.0,0.36393157964777434,0.0,0.0,1,0,0.0,0.0,0.6360684203522257,0.36393157964777434,0.0,0.36393157964777434,0.6360684203522257,0.0,0.0,0.0,12,2,2022,4,15,2,0,0,0,1,0,1,GRAVE_MORTALIDAD,2
6,1,5,0,4,2,-13.063431775573276,-74.28939748151198,0,4,0,0,3,2,2,0,6543.555,2.0,4,4,1.0,14,33,1198.0,0.38185958851132773,70.05663167415109,62.020897555394896,6.031669118801053,513.405324155571,28634.918992747043,8450.706138888627,1380.496370770331,1725.569930596703,5344.639837521593,1701.5890157342978,6749.1171231543285,20.11409223012979,4,1,0,0,3,38.0,38.0,38.0,1.0,0.0,0.0,0.0,1,0,0.0,0.0,0.6017194509109456,0.3982805490890544,0.0,1.0,0.0,0.0,0.0,0.0,12,1,2022,5,17,1,0,1,2,1,0,1,GRAVE_MORTALIDAD,2
5,1,3,0,4,1,-15.734704040387973,-71.03161183357896,0,4,7,1,2,1,1,0,574.9187667295635,1.0068146979001282,2,2,0.006814697900128119,8,3,94.00857528921897,0.4498224071382834,81.63336343193146,58.84842497065013,5.774685730039019,620.6584683449911,1358.612419700214,10322.272,1495.236,1749.739,7077.2970000000005,2886.595,7435.677000000001,27.964725207783708,5,1,0,0,4,44.94207506784891,44.918223625198465,44.96592651049936,1.0,0.006814697900128119,0.0,0.006814697900128119,1,0,0.0,1.0,0.0,0.006814697900128119,0.0,0.0,1.0,0.0,0.0,0.0,3,0,2023,9,9,4,0,0,0,1,0,1,GRAVE_MORTALIDAD,2
4,1,10,0,4,2,-11.980269093067982,-76.13963739842809,0,4,5,0,1,1,1,2,6543.555,2.4765928149325283,3,2,1.0,7,31,1330.0162097363102,0.491627297336429,76.11099740058785,57.64901680646389,6.834271523142106,842.998485797833,24692.019989091135,8089.587503796625,1558.8268558820907,1813.3831740037301,4717.377473910804,1848.7415385026056,6240.845965294019,22.900143050518416,2,1,0,0,1,32.71066466560725,27.280886220809663,37.61703592533736,1.0,0.47659281493252814,0.0,0.0,1,0,0.0,0.0,0.47659281493252814,1.0,0.47659281493252814,0.5234071850674719,0.47659281493252814,0.0,0.47659281493252814,0.0,11,0,2021,7,24,3,0,1,1,0,0,1,GRAVE_MORTALIDAD,2
6,1,7,0,4,0,-13.316308214112453,-71.57958883944977,0,4,0,0,6,1,1,2,6543.555,2.0,4,4,1.0,14,33,1198.0,0.2466226927938573,59.50771953912937,42.678907967899015,3.991373779253808,285.51302601039464,12676.173447537472,17779.13499998999,2097.3709999899997,2863.123,12818.640999999989,2878.713,14900.421999989989,16.19152450331032,6,1,0,0,5,19.39243304046291,19.39243304046291,19.39243304046291,1.0,1.0,0.0,0.0,1,0,0.0,0.0,0.0,0.07848660809258212,0.0,0.07848660809258212,0.9215133919074179,0.0,1.0,0.0,22,1,2021,4,4,0,0,0,2,1,0,1,GRAVE_MORTALIDAD,2
5,1,19,0,4,0,-5.158860746681959,-80.58279061135295,0,4,1,1,1,2,2,0,5559.14705556759,2.0,3,3,1.0,11,30,1003.5003273939828,0.6220812987247925,80.20155828147696,72.71675503872983,10.02377668600292,1028.915688621886,159840.92719486082,8965.846000060003,1782.4120000599992,636.9959999999999,6546.438000000004,2214.505000059999,6751.341000000004,24.699342371541725,5,1,0,0,3,22.691301500921888,22.315456722939246,23.06714627890453,1.0,0.0,0.812077611008679,1.0,1,0,0.0,0.0,0.18792238899132097,1.0,0.0,0.18792238899132097,1.0,0.0,0.0,0.0,8,1,2021,9,23,5,0,0,0,1,0,1,GRAVE_MORTALIDAD,2
3,1,15,0,4,1,-16.267729619619796,-71.22474583480408,0,4,7,1,2,2,2,2,1297.762636487541,1.4756341137788933,2,0,1.0,9,22,167.66410368303175,0.5509993502940438,75.85887101466673,68.81472709349984,7.713789759343721,946.910127326196,4383.8677801043395,3084.1609857240132,510.11950327855897,875.4053616081898,1698.6361208372648,907.7759947860616,2176.384990937952,29.42420010818926,7,1,0,0,5,42.25211371259631,37.30084548503852,47.203381940154095,1.0,0.0,0.8252113712596311,1.0,1,0,0.0,1.0,0.0,0.8252113712596311,0.0,0.0,1.0,0.0,0.8252113712596311,0.0,14,3,2023,3,18,0,0,0,0,1,0,1,GRAVE_MORTALIDAD,2
3,2,20,0,4,1,-17.95512909675616,-70.86067227250065,0,4,5,0,2,1,1,2,1926.94,2.0,2,0,1.0,9,32,393.0,0.5967541846004534,75.12968388409121,70.51444535532424,9.605085797446048,1065.873840173801,2981.630063247036,2711.768085826774,597.802765327812,572.554152429237,1541.4111680697247,1027.2512544089454,1684.5168314178284,38.07752767376941,3,2,0,0,1,45.420541497657226,36.40988396478774,61.0566825105778,1.0,0.20494198239386885,0.0,0.7950580176061312,2,0,0.0,0.7950580176061312,0.0,0.0,0.0,0.20494198239386885,0.7950580176061312,0.0,0.0,0.0,22,2,2021,10,27,1,0,1,0,1,0,1,GRAVE_MORTALIDAD,2
6,1,7,0,4,0,-14.202710976642543,-71.76894698427512,3,4,2,0,5,2,2,2,6543.555,2.0,4,4,1.0,14,33,1198.0,0.2591315464165756,66.72273478246649,59.855459569150156,4.382912269924207,235.85669095527393,1167.8594564480925,17779.13499998999,2097.3709999899997,2863.123,12818.640999999989,2878.713,14900.421999989989,16.19152450331032,2,1,0,0,1,26.381345871947882,26.381345871947882,26.381345871947882,0.32373082561042366,0.32373082561042366,0.0,0.32373082561042366,1,0,0.0,0.0,0.0,1.0,0.32373082561042366,0.0,0.6762691743895763,0.32373082561042366,0.32373082561042366,0.32373082561042366,14,1,2021,4,11,3,0,0,2,1,0,1,GRAVE_MORTALIDAD,2
5,1,5,2,4,1,-5.754548237937572,-78.74482586197364,0,2,7,0,2,1,1,5,7340.340843996023,2.0,3,3,1.0,12,32,1816.0098295584403,0.3570091821025512,76.38656117539763,44.70285192446469,4.845956557824177,472.3565893302033,13696.393923885193,15935.565011852366,1733.9250000199986,935.692,13265.948011832368,2000.1670000199988,13935.398011832369,12.551591352627522,3,1,0,0,1,30.287286327438512,28.17403083122804,32.400541823648986,1.0,0.23480616624560802,0.0,1.0,1,0,0.0,1.0,0.0,0.23480616624560802,0.23480616624560802,0.0,1.0,0.0,0.0,0.0,6,0,2023,9,10,1,0,0,2,1,0,1,GRAVE_MORTALIDAD,2
6,1,8,0,4,3,-12.978395182541519,-74.7089068599531,0,4,6,0,6,2,2,0,6543.555,2.0,4,4,1.0,14,33,1198.0,0.3648777342527826,72.61386206398959,50.19709555656983,5.638488277525374,444.6393044914551,24733.083511777302,8511.426,1445.3929999999996,2008.516,5057.516999999999,1879.579,6631.846999999998,22.08300935706896,2,1,0,0,1,43.854709137510454,43.28206370626568,44.28419321094403,1.0,0.0,0.0,0.0,1,0,0.0,0.0,0.0,1.0,0.0,1.0,0.0,0.0,0.856838642188807,0.0,16,1,2024,4,3,1,0,0,2,1,0,1,GRAVE_MORTALIDAD,2
4,2,8,0,4,0,-9.541375575015064,-77.43395539381869,2,4,7,0,2,2,2,2,6543.555,2.6577161472759534,2,1,1.0,4,31,1380.1873727954392,0.5678011543373611,78.9736947963578,66.97111937719262,8.45039295581709,946.1356652491897,16982.875790299444,8735.748298980065,1317.4013783500966,1717.644922321269,5700.701998308698,1292.3434747911406,7443.404824188923,14.845230882820466,6,2,0,0,4,44.14989669513753,31.87252861265307,52.91944532548358,1.0,0.6577161472759535,0.0,0.0,2,0,0.0,0.6577161472759535,0.0,0.3422838527240465,0.0,0.3422838527240465,0.6577161472759535,0.0,0.6577161472759535,0.0,19,2,2021,3,17,4,0,0,0,1,0,1,GRAVE_MORTALIDAD,2
7,1,7,0,4,2,-13.451376495380694,-72.01665773509322,0,4,7,1,2,1,1,2,6917.5237190863445,2.0,3,2,1.0,12,22,1198.0,0.3800952376746154,71.77881513207456,62.90956292071721,5.529393036660493,480.1084860953972,11050.226542519677,17779.13499998999,2097.3709999899997,2863.123,12818.640999999989,2878.713,14900.421999989989,16.19152450331032,8,1,0,0,7,35.05725423353494,35.05725423353494,35.05725423353494,1.0,0.0,0.0,1.0,1,0,0.0,0.0,0.3584314333150056,0.6415685666849944,0.0,0.0,1.0,0.0,0.6415685666849944,0.0,9,1,2022,12,21,0,0,1,2,1,0,1,GRAVE_MORTALIDAD,2