CLASE SINIESTRO,CANTIDAD DE VEHICULOS DAÑADOS,DEPARTAMENTO,ZONA,TIPO DE VÍA,RED VIAL,COORDENADAS LATITUD,COORDENADAS  LONGITUD,CONDICIÓN CLIMÁTICA,ZONIFICACIÓN,CARACTERÍSTICAS DE VÍA,PERFIL LONGITUDINAL VÍA,SUPERFICIE DE CALZADA,¿EXISTE SEÑAL VERTICAL?,¿EXISTE SEÑAL HORIZONTAL?,CAUSA FACTOR PRINCIPAL,MTC_RVN_LONGITUD_KM,MTC_RVN_N_CARRILES_MEDIANA,MTC_RVN_SUPERFICIE_DOMINANTE,MTC_RVN_ESTADO_DOMINANTE,MTC_RVN_ES_CONCESIONADA,MTC_RVN_CONCESION_PRINCIPAL,MTC_RVN_CORREDOR_LOGISTICO,MTC_RVN_N_TRAMOS,IDH_2019,IDH_ESP_VIDA_2019,IDH_EDUC_SECUND_PCT_2019,IDH_ANIOS_EDUC_2019,IDH_INGRESO_PERCAP_2019,IDH_POBLACION_2019,MTC_DEP_RED_TOTAL_KM,MTC_DEP_NACIONAL_TOTAL_KM,MTC_DEP_DEPARTAMENTAL_TOTAL_KM,MTC_DEP_VECINAL_TOTAL_KM,MTC_DEP_PAV_TOTAL_KM,MTC_DEP_NO_PAV_TOTAL_KM,MTC_DEP_PCT_PAVIMENTADA,PER_TOTAL_PERSONAS,PER_N_CONDUCTORES,PER_N_CONDUCTORES_FUGADOS,PER_N_PEATONES,PER_N_PASAJEROS_OCUPANTES,PER_EDAD_COND_PROM,PER_EDAD_COND_MIN,PER_EDAD_COND_MAX,PER_ANY_COND_MASCULINO,PER_ANY_LIC_PROBLEMA,PER_ANY_DOSAJE_POS,PER_ANY_DOSAJE_EVALUADO,VEH_TOTAL,VEH_N_FUGADOS,VEH_ANY_FUGADO,VEH_ANY_CARGA,VEH_ANY_PUBLICO,VEH_ANY_PARTICULAR,VEH_ANY_MOTO,VEH_ANY_AUTO,VEH_ANY_CAMION_BUS,VEH_ANY_SOAT_PROBLEMA,VEH_ANY_CITV_PROBLEMA,VEH_ANY_SEGURO_PROBLEMA,HORA_NUM,FRANJA_HORARIA,ANIO,MES,DIA_MES,DIA_SEMANA,ES_FIN_SEMANA,ES_QUINCENA,REGION_NATURAL,TIENE_SEÑALIZACION,ES_VIA_MULTICARRIL,ES_DEPTO_BAJO_PAVIMENTO,CATEGORIA_SEVERIDAD,CATEGORIA_SEVERIDAD_ENC
3,1,13,0,4,2,-10.795973174892124,-77.53538364037884,0,4,2,1,2,2,2,1,6543.555,2.0,4,4,1.0,14,33,1198.0,0.6240268408929471,79.76402081981193,65.43311442464646,8.083357926759177,1259.114900666309,24649.12602142607,7648.9451615817125,1677.3171321186521,1609.552119550707,4362.075909912353,1816.5294682803021,5832.415693301411,23.753701243582658,3,1,0,0,1,58.15480771228858,50.84658120546159,65.46303421911557,1.0,0.9744302009102653,0.0,0.0,1,0,0.0,0.9744302009102653,0.0,0.02556979908973467,0.9744302009102653,0.02556979908973467,0.9744302009102653,0.0,1.0,0.9744302009102653,1,0,2023,1,27,4,0,0,0,1,0,1,GRAVE_MORTALIDAD,2
3,2,12,0,4,1,-12.23660759900246,-73.57513789768547,0,4,1,0,2,2,2,2,2662.3039929330143,1.2120298664090683,1,2,0.2120298664090684,9,26,502.22237203920736,0.3921697635666214,73.77611721062414,51.31667717586963,6.9642483531341455,468.3898054085961,66665.12007326224,12556.672964982688,1867.6645834912779,1370.2748265413015,9318.733554950108,1954.39692696671,10602.276038015978,15.35672043696378,4,2,0,0,2,30.454134398840807,23.72782080154559,35.908268797681615,1.0,0.2120298664090684,0.0,0.7879701335909316,2,0,0.0,0.0,0.2120298664090684,1.0,0.7879701335909316,0.2120298664090684,1.0,1.0,0.2120298664090684,0.2120298664090684,14,3,2021,4,23,1,0,1,2,1,0,1,GRAVE_MORTALIDAD,2
6,1,12,0,4,0,-7.508669144685071,-77.71231653687785,1,4,7,1,7,2,2,1,6543.555,2.0,4,4,1.0,14,33,1198.0,0.22557070284998196,81.86730639167104,22.67569287329925,3.9488754255673237,200.11713470725945,3584.0931535549594,8931.828000000005,1335.5899999999997,1935.9830000000004,5660.255000000005,1219.309,7712.519000000005,13.651281686122925,3,1,0,0,2,50.48375947452435,50.48375947452435,50.48375947452435,1.0,0.09675189490486946,0.0,0.0,1,0,0.0,0.9032481050951305,0.0,0.09675189490486946,0.09675189490486946,0.0,0.9032481050951305,0.09675189490486946,0.0,0.09675189490486946,5,0,2022,3,8,2,0,0,0,1,0,1,GRAVE_MORTALIDAD,2
5,1,20,0,4,1,-14.62815327515458,-70.297465378041,3,4,0,0,2,2,2,2,1699.5774646995408,2.0,2,0,1.0,6,21,353.8427915208574,0.3280689583938366,71.26229857458164,51.18481599726069,5.424969493862138,356.170349993753,6197.124608980798,13642.312999999998,2020.7790000000005,2354.117,9267.416999999998,3314.0520000000006,10328.260999999997,24.29244952817019,5,1,0,0,3,40.48762779721901,39.41796668333058,41.55728891110745,1.0,0.0,0.0,0.0,1,0,0.0,0.0,0.0,1.0,0.26741527847210766,0.7325847215278923,0.26741527847210766,0.7325847215278923,0.7325847215278923,1.0,10,1,2021,10,20,5,1,1,2,1,0,1,GRAVE_MORTALIDAD,2
9,1,14,0,4,1,-11.273455571891239,-76.80537759215771,1,4,4,0,1,1,0,0,782.3000000000001,-1.0,0,0,1.0,9,15,161.0,0.5566504057461407,79.86179575115514,71.65519278778014,8.31367917415969,847.5086883317701,603.2350478897521,7626.313,1683.4029999999998,1599.0829999999996,4343.827000000001,1814.875,5811.438000000001,23.797541485643197,5,1,0,0,4,53.437172172558455,53.437172172558455,53.437172172558455,1.0,0.0,0.0,0.8123907241861509,1,0,0.0,0.0,0.18760927581384912,0.8123907241861509,0.0,0.0,1.0,0.0,0.0,0.0,7,1,2021,3,9,0,0,0,0,1,0,1,GRAVE_MORTALIDAD,2
5,1,13,0,4,1,-10.860687723369306,-77.4243440255681,0,4,6,0,2,1,0,1,232.29057016882192,2.0,2,0,0.0824059718619482,8,3,58.70826873378767,0.6051294689163557,75.87857904622291,63.3373867873525,7.7387604165745865,1305.232234852222,24850.00906711489,7733.895232355352,1654.74113170878,1626.84557192029,4452.308528726282,1765.796804962067,5968.098427393285,22.961429086099912,2,1,0,0,1,49.670376112552205,49.09353430951857,50.24721791558584,1.0,0.9175940281380518,0.0,0.0,1,0,0.0,0.0824059718619482,0.0,1.0,0.9175940281380518,0.0824059718619482,0.0824059718619482,0.9175940281380518,0.0,0.9175940281380518,19,2,2023,6,6,2,0,0,0,1,0,1,GRAVE_MORTALIDAD,2
6,1,5,0,4,1,-12.969375178679014,-73.72411735207544,0,4,2,1,2,2,2,0,1405.7023050272867,1.0,0,3,0.0,9,32,353.4215671068247,0.2850261280397298,68.4950355628768,56.706705272438626,4.66459085982379,274.03595759318614,3665.256039159628,8450.43909983119,1380.2109627607745,1724.3255658979683,5345.902571172447,1700.8062359854373,6749.632863845752,20.10543315607845,2,1,0,0,1,59.80070711825655,59.80070711825655,59.80070711825655,1.0,1.0,0.0,0.0,1,0,0.0,0.599967858261066,0.0,0.400032141738934,0.0,0.400032141738934,0.599967858261066,0.0,0.0,0.0,5,0,2021,6,9,5,1,0,2,1,0,1,GRAVE_MORTALIDAD,2
3,2,3,0,4,1,-16.09034710336979,-71.59907700672882,3,4,3,0,2,0,1,0,1504.4250000000002,2.0,2,0,1.0,7,25,241.0,0.6005060748875158,78.21704200773246,77.40211893847457,8.994742794352394,996.014120858737,33335.45824411135,10322.272,1495.236,1749.739,7077.2970000000005,2886.595,7435.677000000001,27.964725207783708,26,2,0,0,23,42.857255224442866,37.57176567332861,47.971293730668556,1.0,0.0,0.0,0.48564686533427714,2,0,0.0,0.48564686533427714,0.5143531346657229,0.5143531346657229,0.0,0.5143531346657229,1.0,0.0,0.0,0.0,5,0,2022,9,12,5,1,0,0,1,0,1,GRAVE_MORTALIDAD,2
6,1,12,0,4,2,-14.213943041934366,-71.60149930451571,0,4,0,0,1,2,2,2,6543.555,2.0,4,4,1.0,14,33,1198.0,0.24429116770990608,67.96309413267849,56.03635680805154,5.134852414393561,174.5552866216161,5713.0567236152965,13204.773998225886,1922.8324357524186,2090.7149609724847,9191.226601500985,2937.769275811903,10267.004722413983,22.162948236392364,2,1,0,0,1,50.831782465961,50.831782465961,50.831782465961,1.0,0.545923533309,0.454076466691,0.454076466691,1,0,0.0,0.0,0.0,0.545923533309,0.0,0.0,1.0,0.545923533309,0.545923533309,0.545923533309,19,2,2023,4,10,2,0,0,2,1,0,1,GRAVE_MORTALIDAD,2
5,1,14,1,4,1,-12.294537509055958,-76.85993592442878,0,2,7,1,2,2,2,0,6639.975,2.0,2,0,1.0,9,31,1616.0,0.6909236767275176,78.41626133969348,70.97436336767564,9.826485374940413,1476.8351947609171,95908.53319057816,7626.313,1683.4029999999998,1599.0829999999996,4343.827000000001,1814.875,5811.438000000001,23.797541485643197,19,1,0,0,18,39.335846816959105,39.335846816959105,39.335846816959105,1.0,0.0,0.0,0.0,1,0,0.0,0.0,0.0,0.07379479811565492,0.0,0.0,1.0,0.0,0.9262052018843451,0.0,6,1,2023,8,2,2,0,0,0,1,0,1,GRAVE_MORTALIDAD,2
3,1,0,0,4,1,-6.36670614735746,-77.8611497336752,0,4,0,0,2,1,0,0,2760.8550000000005,1.0,1,3,0.0,9,32,1208.0,0.41416398320875525,67.83654106805199,40.83771421620483,5.83686760477951,755.5142453962869,1277.8267373217827,3903.732,1155.121,585.018,2163.5930000000003,943.591,2960.1410000000005,24.17151074920102,5,1,0,0,3,50.851189903908036,47.80158653854405,53.90079326927203,1.0,0.0,0.0,0.8713152472468535,1,0,0.0,0.8713152472468535,0.0,1.0,0.0,0.1286847527531465,0.8713152472468535,0.0,0.0,0.0,14,2,2021,7,11,0,0,0,1,1,0,1,GRAVE_MORTALIDAD,2
4,1,14,2,2,4,-12.002632198561178,-77.0682167877486,1,0,1,1,2,1,0,0,6543.555,2.0,4,4,1.0,14,33,1198.0,0.7331982267827931,80.17002796579675,77.74558814887618,10.86501350126949,1535.3456553706674,827718.662937414,7626.313,1683.4029999999998,1599.0829999999996,4343.827000000001,1814.875,5811.438000000001,23.797541485643197,7,1,0,2,4,37.0,33.0,40.0,0.785083657239757,0.0,0.0,0.0,1,0,0.0,0.21491634276024296,0.785083657239757,0.0,0.0,0.0,1.0,0.21491634276024296,1.0,0.0,10,1,2024,2,17,1,0,0,0,1,0,1,GRAVE_MORTALIDAD,2
3,1,14,1,4,1,-12.36480170140397,-76.79144666965047,0,3,7,1,2,2,2,0,6639.975,2.0,2,0,1.0,9,31,1616.0,0.6997623570346938,76.1024633480164,67.4916969677081,10.594360693484372,1568.8925177861563,8292.871520342613,7626.313,1683.4029999999998,1599.0829999999996,4343.827000000001,1814.875,5811.438000000001,23.797541485643197,5,2,0,0,2,42.366711782648174,37.53671388089466,48.47396915356742,1.0,0.0,0.0,0.0,2,0,0.0,0.0,0.726301542321629,1.0,0.0,1.0,1.0,0.0,0.273698457678371,0.0,7,1,2025,2,12,1,0,0,0,1,0,1,GRAVE_MORTALIDAD,2
6,1,4,0,4,0,-15.008094995647864,-73.40866234372793,0,4,0,0,1,2,2,2,6543.555,2.0,4,4,1.0,14,33,1198.0,0.4658159911131301,73.26847888661925,58.3255459402569,7.247233346081023,693.5646300546236,721.5130985108973,12678.733000000004,1805.074000000001,1774.0339999999994,9099.625000000004,2485.375000000001,10193.358000000002,19.602707936195205,4,1,0,0,3,39.06000983109402,39.06000983109402,39.06000983109402,1.0,0.9118186286860916,0.0,0.9118186286860916,1,0,0.0,0.0,0.08818137131390835,0.9118186286860916,0.0,0.0,1.0,0.0,0.0,0.0,4,0,2021,11,25,0,0,0,2,1,0,1,GRAVE_MORTALIDAD,2
9,1,14,0,4,1,-11.197210128971193,-76.84723328241743,1,4,5,0,2,1,0,0,806.5669344388697,-1.0,0,0,0.9024923075361247,9,16,184.79187696118555,0.5457806227108674,79.7057939634804,71.44987206384248,8.36158741385257,803.4443795466095,690.7885926746972,7626.313,1683.4029999999998,1599.0829999999996,4343.827000000001,1814.875,5811.438000000001,23.797541485643197,5,1,0,0,4,53.219938460289,53.219938460289,53.219938460289,1.0,0.0,0.0,0.9024923075361247,1,0,0.0,0.09750769246387525,0.0,0.9024923075361247,0.0,0.0,1.0,0.0,0.0,0.0,6,1,2021,3,8,0,0,0,0,1,0,1,GRAVE_MORTALIDAD,2
3,1,14,1,4,1,-12.146801865664633,-76.97667891646074,0,2,7,1,2,2,2,0,5825.180663580371,2.0,2,0,0.8533292165587878,9,29,1529.3175669862435,0.7424436600440564,79.68276420265467,76.37636726116166,11.134143144929524,1601.7184580580376,337057.95885927917,7626.313,1683.4029999999998,1599.0829999999996,4343.827000000001,1814.875,5811.438000000001,23.797541485643197,5,3,0,0,1,37.94660903182303,34.239950598705455,41.653267464940605,1.0,0.0,0.0,0.0,3,0,0.0,0.0,0.1466707834412122,1.0,0.0,0.8533292165587878,0.1466707834412122,0.0,0.1466707834412122,0.8533292165587878,12,3,2023,8,19,5,0,0,0,1,0,1,GRAVE_MORTALIDAD,2
3,1,14,0,4,1,-15.082438136916219,-71.22989185194177,0,4,6,1,2,1,1,3,7244.5178448300085,2.0,2,1,1.0,10,14,1198.0,0.39224322413376944,73.4174683345593,74.0690171175404,7.3060978074983645,427.9839981296006,25769.172602086106,13326.10451748151,1949.9932315929657,2163.7569207489023,9212.354365139643,3042.11329572223,10283.99122175928,22.753463588027955,3,1,0,0,1,50.2660809405969,44.21952159177937,56.31264028941443,1.0,0.0,0.0,0.3281600723536078,1,0,0.0,0.6718399276463922,0.6718399276463922,0.0,0.0,0.0,1.0,0.0,0.3281600723536078,0.0,15,3,2023,6,9,2,0,0,2,1,0,1,GRAVE_MORTALIDAD,2
6,1,3,0,4,2,-15.751644934016493,-73.7384218299279,0,4,1,0,7,2,2,0,6543.555,2.0,4,4,1.0,14,33,1198.0,0.6588644378823469,84.75388005522849,62.072234435457574,9.11967371634134,1286.7228716028785,5426.60789439076,10322.272,1495.236,1749.739,7077.2970000000005,2886.595,7435.677000000001,27.964725207783708,4,1,0,0,3,31.48395080495785,31.48395080495785,31.48395080495785,1.0,0.0,0.0,0.0,1,0,0.0,0.0,0.0,1.0,0.0,0.053772311661983374,0.9462276883380166,0.0,0.0,0.0,10,1,2021,7,12,0,0,0,0,1,0,1,GRAVE_MORTALIDAD,2
3,2,5,1,4,1,-9.167839455052206,-76.23901748606738,1,4,4,1,2,1,1,0,2987.988897103755,1.0,1,3,0.0,9,25,1175.2663414398342,0.3374765608631143,74.76579304673164,49.475031583141615,4.943514649848426,414.904165875485,21791.133693638494,16545.12855249344,1854.0958815157167,1572.9835985078703,13118.04907246985,2290.652098936614,14254.476453556825,13.755109826731356,3,2,0,0,1,25.96771618911102,24.306430157592516,27.629002220629523,1.0,0.6693569842407483,0.0,0.0,2,0,0.0,0.0,0.0,1.0,1.0,0.6693569842407483,0.0,0.0,1.0,0.3306430157592517,18,2,2022,5,14,5,1,0,2,0,0,1,GRAVE_MORTALIDAD,2
5,1,8,0,4,1,-11.710916134939824,-75.76268249181057,0,4,3,0,1,2,2,0,6543.555,2.2312799283159555,3,3,1.0,10,32,1262.0645401435197,0.3987822127993758,73.99973902369537,52.73100136620612,5.819778194205188,541.2633512532941,24725.70880211445,8608.656544423886,1419.9977700311229,1991.7405729594589,5196.918201433303,1726.871801730824,6881.784742693059,20.132919985752903,4,1,0,0,3,39.653080107526065,37.22464086020854,42.0815193548436,1.0,0.23127992831595545,0.0,0.0,1,0,0.0,0.23127992831595545,1.0,0.0,1.0,0.0,0.23127992831595545,0.0,0.0,0.23127992831595545,11,2,2022,6,6,5,0,0,1,1,0,1,GRAVE_MORTALIDAD,2
3,1,19,0,4,1,-5.0659872085586075,-80.14148679052245,0,4,7,1,2,2,2,0,1143.3123725954003,2.0,2,0,0.7564288741353681,2,22,140.83502754631849,0.38483413680864575,72.81542879715099,51.59350537949192,4.91535550045062,571.807963886764,12447.306914943176,8965.846000060003,1782.4120000599992,636.9959999999999,6546.438000000004,2214.505000059999,6751.341000000004,24.699342371541725,3,1,0,0,1,41.3585647690219,34.55070490180359,48.166424636240215,1.0,0.24357112586463192,0.0,1.0,1,0,0.0,0.7564288741353681,0.0,1.0,1.0,0.0,0.7564288741353681,0.24357112586463192,1.0,0.24357112586463192,14,3,2022,10,20,3,0,1,0,1,0,1,GRAVE_MORTALIDAD,2
6,1,4,0,4,1,-13.335055298621533,-73.94212883053005,2,4,0,0,2,1,0,4,3077.7544745581326,1.3060471662287716,2,2,0.3060471662287715,7,16,804.7891167686012,0.1985467686093423,73.36542132624972,42.28578066682368,3.1214904592459813,225.0776717091248,3371.8653436340387,12678.733000000004,1805.074000000001,1774.0339999999994,9099.625000000004,2485.375000000001,10193.358000000002,19.602707936195205,12,1,0,0,11,43.91814149868632,43.91814149868632,43.91814149868632,1.0,0.0,0.0,1.0,1,0,0.0,0.0,0.3060471662287715,0.0,0.0,0.0,1.0,0.0,0.6939528337712285,0.0,14,1,2023,7,26,1,0,1,2,1,0,1,GRAVE_MORTALIDAD,2
3,1,7,0,4,1,-13.240567190320412,-72.29397365365429,0,4,6,0,2,1,1,2,3447.8009999999995,1.0,2,3,0.0,9,12,1109.0,0.4436910265814239,73.23231952981627,68.31759937357421,6.347812015893606,607.5963608103546,11277.284796573877,17779.13499998999,2097.3709999899997,2863.123,12818.640999999989,2878.713,14900.421999989989,16.19152450331032,3,1,0,0,1,27.955271512537752,27.955271512537752,27.955271512537752,1.0,0.0,0.0,0.9363152324974833,1,0,0.0,0.06368476750251673,0.0,0.9363152324974833,0.9363152324974833,0.0,1.0,0.0,0.9363152324974833,0.0,3,0,2024,9,16,1,0,1,2,1,0,1,GRAVE_MORTALIDAD,2
3,2,10,1,4,1,-14.817561767206255,-74.97308178942653,0,3,7,0,2,2,2,0,6639.975,2.0,2,0,1.0,9,31,1616.0,0.5563774842369664,77.00938809632027,69.10246351364754,8.476961866273152,914.8835608305218,27932.19700214133,3721.461,698.1859999999996,744.866,2278.409,1102.9029999999996,2618.558,29.636290693359403,3,2,0,0,1,34.96861856740524,28.468618567405237,41.46861856740524,1.0,0.822872855801746,0.0,0.0,2,0,0.0,1.0,0.0,1.0,0.0,0.17712714419825404,1.0,0.0,0.822872855801746,0.822872855801746,18,2,2022,3,29,1,0,1,0,1,0,1,GRAVE_MORTALIDAD,2
3,1,19,0,4,1,-5.1268233379202846,-80.70092285145046,0,4,7,1,2,2,2,1,6543.555,3.0,2,0,1.0,0,30,1475.0,0.5997462042553465,78.40793944726823,72.26811532412637,9.714064362322326,976.3169831713308,183875.0,8965.846000060003,1782.4120000599992,636.9959999999999,6546.438000000004,2214.505000059999,6751.341000000004,24.699342371541725,4,2,0,0,2,46.48201130345054,26.01541888275668,66.94860372414439,1.0,0.0,0.0,1.0,2,0,0.0,1.0,0.0,1.0,0.0,0.005139627585560302,1.0,0.0,0.005139627585560302,0.0,5,0,2022,5,5,0,0,0,0,1,1,1,GRAVE_MORTALIDAD,2
4,1,10,0,4,1,-9.723251842656165,-77.39599907231678,0,4,6,0,1,2,2,1,6543.555,2.5545904788942133,2,1,1.0,6,31,1351.621562653697,0.4461779194038541,75.93708242456363,56.27319583328405,6.073206769710301,676.3359188778938,24715.39955712802,8744.576946508088,1384.4973016459783,1968.2898887943663,5391.789756067742,1513.3995445005178,7231.177402007569,17.40685347013341,6,1,0,0,4,42.268609549495025,34.66377143668264,49.428038141201625,1.0,0.5545904788942132,0.0,0.0,1,0,0.0,0.0,0.5545904788942132,0.4454095211057868,0.5545904788942132,0.4454095211057868,0.5545904788942132,0.0,0.0,0.5545904788942132,4,0,2022,10,13,2,0,0,0,1,0,1,GRAVE_MORTALIDAD,2
2,1,7,0,4,0,-13.49625711898852,-71.59290675796363,0,4,7,1,2,2,2,2,6631.462679518286,2.0,3,3,1.0,13,30,1198.0,0.1910957386271822,66.95130813462579,56.20003530793301,3.2225078065268415,145.58495924792106,9445.073107430731,17779.13499998999,2097.3709999899997,2863.123,12818.640999999989,2878.713,14900.421999989989,16.19152450331032,5,1,0,0,3,30.6153185371113,28.32595698065623,32.90468009356637,1.0,0.9157446225820287,0.0,0.08425537741797129,1,0,0.0,0.9157446225820287,0.0,1.0,0.0,0.08425537741797129,0.9157446225820287,0.0,0.08425537741797129,0.0,16,2,2021,9,9,4,0,0,2,1,0,1,GRAVE_MORTALIDAD,2
3,2,18,1,4,1,-16.631260431415633,-72.05907025825314,4,3,2,0,2,0,1,1,1079.5333601661491,2.0,2,0,0.317347394955801,9,29,369.61220840353593,0.6113326356922966,76.42522342152594,74.69678339221069,9.850162540756482,1050.377748303099,16739.04947921628,2990.415834436823,652.0980746756507,569.0795409380936,1769.2382188230781,1079.555598254883,1910.8602361819394,36.929330407841306,4,2,0,0,1,34.14387344539779,26.3173473949558,47.431620336193376,1.0,0.317347394955801,0.0,0.682652605044199,2,0,0.0,1.0,0.0,0.682652605044199,0.0,0.682652605044199,1.0,0.0,0.0,0.0,5,0,2021,10,19,4,0,1,0,1,0,1,GRAVE_MORTALIDAD,2
6,1,12,0,4,1,-7.571931423401008,-79.39585802268638,0,4,8,0,2,2,2,2,6543.555,3.0,2,0,1.0,0,30,1475.0,0.6040274602326723,80.09963204632312,64.89874774843139,8.983472021596313,1068.064823043058,16549.045044225848,8931.828000000005,1335.5899999999997,1935.9830000000004,5660.255000000005,1219.309,7712.519000000005,13.651281686122925,25,1,0,0,24,43.120605660724834,43.120605660724834,43.120605660724834,1.0,0.0,0.0,0.0,1,0,0.0,0.0,0.7643771488083516,0.0,0.0,0.0,1.0,0.0,0.0,0.0,11,1,2022,8,15,3,0,0,0,1,1,1,GRAVE_MORTALIDAD,2
5,1,4,0,4,2,-13.379322273526286,-73.786646148358,6,4,0,0,1,2,2,5,6543.555,2.0,4,4,1.0,14,33,1198.0,0.2517714306527156,69.14853961929124,42.99702203982686,5.32713572248737,200.16403651242138,9754.506106767958,12733.103826290588,1817.2453392608932,1806.7656798056419,9109.092807224053,2532.1338090433624,10200.970017247224,19.867330619776226,5,1,0,0,4,31.059543742716038,30.974904958768803,31.144182526663272,1.0,1.0,0.0,0.9435741440351771,1,0,0.0,0.0,0.0,1.0,0.05642585596482286,0.0,0.0,1.0,0.9435741440351771,0.05642585596482286,10,1,2021,6,18,4,0,1,2,1,0,1,GRAVE_MORTALIDAD,2
3,1,10,0,4,1,-10.33911235325267,-75.37403915537257,5,4,5,1,5,2,2,0,5868.381165102297,2.0,3,1,0.12874837260134742,9,32,472.24739437692244,0.4191446916533184,74.76192259987309,55.86737868484149,6.367332874847671,556.3336393000656,74081.93960181902,12737.182852312972,1814.5497543504182,1083.6714751587788,9838.961622803774,1641.5328213648397,11095.65003094813,12.900676295489808,2,1,0,0,1,35.257496745202694,30.901238608209432,39.613754882195956,1.0,0.8712516273986526,0.0,0.0,1,0,0.0,0.12874837260134742,0.8712516273986526,0.8712516273986526,0.0,0.8712516273986526,1.0,0.8712516273986526,0.0,0.8712516273986526,7,0,2021,6,16,4,0,0,2,1,0,1,GRAVE_MORTALIDAD,2
6,1,8,0,4,1,-12.464134579731166,-74.98664898868326,0,4,7,1,5,1,1,0,6845.542578883291,2.0,3,2,1.0,12,24,1198.0,0.3197508632812603,73.35600919181914,47.73247021173725,4.747967817478287,352.6352900736821,3265.2034261241965,8511.426,1445.3929999999996,2008.516,5057.516999999999,1879.579,6631.846999999998,22.08300935706896,5,1,0,0,4,30.657140584268788,30.657140584268788,30.657140584268788,1.0,0.28944089496820824,0.0,0.0,1,0,0.0,0.0,0.0,1.0,0.0,1.0,0.0,0.0,0.7105591050317918,0.0,19,1,2025,5,23,3,0,0,2,1,0,1,GRAVE_MORTALIDAD,2
1,1,1,1,4,1,-10.665344871021546,-77.15443699411408,0,3,7,1,2,1,1,0,6564.457365862003,2.7832154546566787,2,0,1.0,1,30,1505.5666208934083,0.5904225520564104,78.38310403100277,64.54883486576388,8.408956396853315,1082.062958514281,21132.8755394329,10671.097366333173,1800.5545310424495,1336.9703575177464,7533.572477772978,2270.790282345277,8400.307083987898,21.33976149421469,3,1,0,1,0,37.939399696487726,33.867138181373285,41.95106090808989,0.21678454534332126,0.21678454534332126,0.0,0.0,1,0,0.7832154546566787,0.21678454534332126,0.0,0.21678454534332126,0.0,0.0,0.21678454534332126,0.0,0.0,0.7832154546566787,8,0,2022,8,9,4,0,0,0,1,0,1,GRAVE_MORTALIDAD,2
3,1,9,2,3,1,-14.280147838996399,-75.39656726785589,0,2,7,1,2,1,0,2,6621.003873707781,2.0,2,0,1.0,9,31,1533.7563701498889,0.5563774842369664,77.00938809632027,69.10246351364754,8.476961866273152,914.8835608305218,27932.19700214133,2999.394394506756,569.6067419535459,599.6672325607731,1830.1204199924366,895.7070955308438,2103.6872989759117,42.81400118553696,4,1,0,0,2,41.23731640364527,40.83569395131287,41.63893885597767,1.0,0.0,0.8032449046648062,0.8032449046648062,1,0,0.0,0.0,0.8032449046648062,1.0,0.0,0.19675509533519375,0.8032449046648062,0.0,0.0,0.0,21,2,2021,4,13,4,0,0,0,1,0,0,GRAVE_MORTALIDAD,2
5,1,18,0,4,1,-5.153038538056354,-80.84653916486879,0,4,7,1,2,2,2,0,250.19876315172354,2.0,2,0,1.0,1,20,19.10182464261834,0.5413527885861523,81.07930287994085,67.83274947532304,7.283824153420023,852.7171885532139,12639.677819830109,8965.38890407514,1776.408103834022,654.4503400858641,6534.530460155254,2201.1326649733974,6764.256239101744,24.550890840854684,2,1,0,0,1,36.926097127629255,32.879068027029696,39.98656311411441,1.0,0.0,0.0,0.9865631141144104,1,0,0.0,0.013436885885589556,0.013436885885589556,0.9865631141144104,0.9865631141144104,0.0,0.013436885885589556,0.9865631141144104,0.013436885885589556,0.9865631141144104,10,1,2021,3,9,1,0,0,0,1,0,1,GRAVE_MORTALIDAD,2
4,1,3,0,4,1,-15.780673396336871,-71.0505908376576,0,4,7,1,2,0,1,0,1128.0498782490872,1.597839986845685,2,1,0.597839986845685,7,16,181.48031805316137,0.4498224071382834,81.63336343193146,58.84842497065013,5.774685730039019,620.6584683449911,1358.612419700214,10322.272,1495.236,1749.739,7077.2970000000005,2886.595,7435.677000000001,27.964725207783708,6,1,0,0,4,39.91836011181168,37.82592015785178,42.010800065771576,1.0,0.597839986845685,0.0,0.597839986845685,1,0,0.0,1.0,0.0,0.597839986845685,0.0,0.0,1.0,0.0,0.0,0.0,8,1,2023,10,11,3,0,0,0,1,0,1,GRAVE_MORTALIDAD,2