CLASE SINIESTRO,CANTIDAD DE VEHICULOS DAÑADOS,DEPARTAMENTO,ZONA,TIPO DE VÍA,RED VIAL,COORDENADAS LATITUD,COORDENADAS  LONGITUD,CONDICIÓN CLIMÁTICA,ZONIFICACIÓN,CARACTERÍSTICAS DE VÍA,PERFIL LONGITUDINAL VÍA,SUPERFICIE DE CALZADA,¿EXISTE SEÑAL VERTICAL?,¿EXISTE SEÑAL HORIZONTAL?,CAUSA FACTOR PRINCIPAL,MTC_RVN_LONGITUD_KM,MTC_RVN_N_CARRILES_MEDIANA,MTC_RVN_SUPERFICIE_DOMINANTE,MTC_RVN_ESTADO_DOMINANTE,MTC_RVN_ES_CONCESIONADA,MTC_RVN_CONCESION_PRINCIPAL,MTC_RVN_CORREDOR_LOGISTICO,MTC_RVN_N_TRAMOS,IDH_2019,IDH_ESP_VIDA_2019,IDH_EDUC_SECUND_PCT_2019,IDH_ANIOS_EDUC_2019,IDH_INGRESO_PERCAP_2019,IDH_POBLACION_2019,MTC_DEP_RED_TOTAL_KM,MTC_DEP_NACIONAL_TOTAL_KM,MTC_DEP_DEPARTAMENTAL_TOTAL_KM,MTC_DEP_VECINAL_TOTAL_KM,MTC_DEP_PAV_TOTAL_KM,MTC_DEP_NO_PAV_TOTAL_KM,MTC_DEP_PCT_PAVIMENTADA,PER_TOTAL_PERSONAS,PER_N_CONDUCTORES,PER_N_CONDUCTORES_FUGADOS,PER_N_PEATONES,PER_N_PASAJEROS_OCUPANTES,PER_EDAD_COND_PROM,PER_EDAD_COND_MIN,PER_EDAD_COND_MAX,PER_ANY_COND_MASCULINO,PER_ANY_LIC_PROBLEMA,PER_ANY_DOSAJE_POS,PER_ANY_DOSAJE_EVALUADO,VEH_TOTAL,VEH_N_FUGADOS,VEH_ANY_FUGADO,VEH_ANY_CARGA,VEH_ANY_PUBLICO,VEH_ANY_PARTICULAR,VEH_ANY_MOTO,VEH_ANY_AUTO,VEH_ANY_CAMION_BUS,VEH_ANY_SOAT_PROBLEMA,VEH_ANY_CITV_PROBLEMA,VEH_ANY_SEGURO_PROBLEMA,HORA_NUM,FRANJA_HORARIA,ANIO,MES,DIA_MES,DIA_SEMANA,ES_FIN_SEMANA,ES_QUINCENA,REGION_NATURAL,TIENE_SEÑALIZACION,ES_VIA_MULTICARRIL,ES_DEPTO_BAJO_PAVIMENTO,CATEGORIA_SEVERIDAD,CATEGORIA_SEVERIDAD_ENC
6,1,3,0,4,1,-15.470351897463313,-74.64287726412495,0,4,0,0,2,2,2,0,6632.071863865658,2.0,2,0,1.0,9,31,1581.7383229189493,0.5098730397957921,81.7429514032763,54.74276701227565,8.955618758724908,695.4263984997285,1434.6209561807939,10322.272,1495.236,1749.739,7077.2970000000005,2886.595,7435.677000000001,27.964725207783708,2,1,0,0,1,41.32786293857465,41.32786293857465,41.32786293857465,0.9180342653563378,0.0,0.0,0.08196573464366219,1,0,0.0,0.9180342653563378,0.0,0.08196573464366219,0.0,0.08196573464366219,0.9180342653563378,0.0,0.08196573464366219,0.0,7,1,2021,10,29,5,0,1,0,1,0,1,GRAVE_MORTALIDAD,2
4,1,7,2,3,2,-7.734470597429489,-79.27532374572056,0,3,3,1,2,2,2,1,6543.555,2.646837228926381,2,1,1.0,4,31,1377.1739124126075,0.6502840097184747,78.67509845455706,75.13989425568688,10.86940409281082,1129.1504297256433,176664.21643995048,10131.318612775201,1848.8104884077115,1015.8647359129045,7266.643388454587,2140.660768292496,7990.657844482707,21.34012871013133,3,1,0,0,2,43.583581807453996,40.3493956628221,46.8177679520859,1.0,0.646837228926381,0.35316277107361904,0.35316277107361904,1,0,0.0,0.0,0.0,0.35316277107361904,0.35316277107361904,0.646837228926381,0.646837228926381,0.35316277107361904,1.0,1.0,4,0,2022,8,25,4,0,1,0,1,0,1,GRAVE_MORTALIDAD,2
6,1,3,0,4,1,-16.58521628021461,-71.7513364624225,5,4,0,0,2,2,2,0,6543.555,2.0,4,4,1.0,14,33,1198.0,0.5970943176976069,77.55064241078775,68.0167682446106,8.433141668379598,1101.445860313573,7096.575732732653,10322.272,1495.236,1749.739,7077.2970000000005,2886.595,7435.677000000001,27.964725207783708,6,1,0,0,5,43.749392451281054,43.749392451281054,43.749392451281054,1.0,0.6249797483760352,0.0,0.3750202516239648,1,0,0.0,0.0,0.3750202516239648,0.6249797483760352,0.0,0.6249797483760352,0.3750202516239648,0.6249797483760352,0.6249797483760352,0.0,6,0,2023,10,15,3,0,0,0,1,0,1,GRAVE_MORTALIDAD,2
4,1,12,0,4,1,-8.978505671290346,-77.75879254618837,0,4,4,0,2,2,2,0,904.1127369346324,2.0,2,0,0.6383505774204318,8,25,316.2663547025818,0.5047344651226446,77.79510989873746,47.56242289832191,7.775621469226645,861.7631949996392,13594.303427630048,8459.689254081039,1461.3763706156672,1814.1433095329435,5184.169573932428,1434.695100008023,7024.994154073015,17.320670683961715,3,1,0,0,2,36.382267204824174,31.594637874170935,41.169896535477406,1.0,0.3616494225795682,0.0,0.0,1,0,0.0,0.6383505774204318,0.6383505774204318,0.3616494225795682,0.0,0.3616494225795682,0.6383505774204318,0.0,0.6383505774204318,0.0,15,2,2022,5,6,0,0,0,0,1,0,1,GRAVE_MORTALIDAD,2
3,1,12,0,4,1,-7.876048735737831,-78.11553675798572,0,4,7,1,1,2,2,2,9936.932,2.0,2,0,1.0,9,32,3830.0,0.3986882084754764,72.97869269132666,58.65435142755623,5.605762371496486,527.7120199980477,69564.29978586723,8931.828000000005,1335.5899999999997,1935.9830000000004,5660.255000000005,1219.309,7712.519000000005,13.651281686122925,3,1,0,0,1,38.78227263684583,33.585864997627425,43.97868027606425,1.0,0.6928543518957885,0.0,0.0,1,0,0.0,0.0,0.6928543518957885,1.0,0.6928543518957885,0.3071456481042115,0.6928543518957885,0.0,0.3071456481042115,0.6928543518957885,11,1,2021,10,19,4,0,1,0,1,0,1,GRAVE_MORTALIDAD,2
3,1,13,0,4,1,-6.607950545970254,-79.97849359592456,0,4,7,1,2,2,2,0,6543.555,3.0,2,0,1.0,0,30,1475.0,0.3879800350664534,75.68222437543551,50.64551119758177,4.891651630735472,548.2382997194167,48902.40256959316,3459.691,515.0619999999999,689.7280000000001,2254.901,703.3549999999999,2756.336,20.329994788551925,5,2,0,0,3,41.46448580887534,24.788651202831012,58.140320414919664,1.0,0.8596795850803329,0.0,0.0,2,0,0.0,0.8596795850803329,0.14032041491966707,1.0,0.8596795850803329,0.0,1.0,0.0,0.0,0.0,10,2,2022,5,6,3,0,0,0,1,1,1,GRAVE_MORTALIDAD,2
6,1,12,0,4,0,-7.799752976913826,-77.69939211701178,0,4,7,1,6,2,2,2,6543.555,2.040527817044588,3,3,1.0,13,32,1209.2262053213508,0.4693655839281364,72.60377957089787,42.58090254727744,6.66600402776938,876.7378838355162,9456.519469901265,8931.828000000005,1335.5899999999997,1935.9830000000004,5660.255000000005,1219.309,7712.519000000005,13.651281686122925,4,1,0,0,3,37.51366619546494,37.51366619546494,37.51366619546494,1.0,0.04052781704458808,0.0,0.0,1,0,0.0,0.0,0.0,1.0,0.0,0.04052781704458808,0.9594721829554119,0.0,1.0,0.0,0,0,2023,7,21,1,0,1,0,1,0,1,GRAVE_MORTALIDAD,2
3,1,12,0,4,0,-7.775381705823299,-78.89566912514186,0,4,1,1,3,2,2,1,6543.555,2.7822874870218484,2,0,1.0,3,30,1414.6936339050521,0.5821594880241414,76.37888953904726,69.845146224512,8.722512280696662,1015.4715962839124,8637.136346810737,8931.828000000005,1335.5899999999997,1935.9830000000004,5660.255000000005,1219.309,7712.519000000005,13.651281686122925,2,1,0,0,1,40.04797518169412,40.04797518169412,40.04797518169412,1.0,0.7822874870218485,0.0,0.0,1,0,0.0,0.0,0.0,1.0,0.7822874870218485,0.0,1.0,0.0,0.7822874870218485,0.0,21,2,2022,8,9,1,0,0,0,1,0,1,GRAVE_MORTALIDAD,2
6,1,12,0,4,1,-7.760492739828916,-77.58845581032,0,4,7,1,7,2,2,0,6543.555,2.0,4,4,1.0,14,33,1198.0,0.4686292122960986,72.39347765706144,42.14285241633188,6.687776775372348,878.2652317159998,9440.374732334049,8931.828000000005,1335.5899999999997,1935.9830000000004,5660.255000000005,1219.309,7712.519000000005,13.651281686122925,3,1,0,0,2,18.851195320869532,18.851195320869532,18.851195320869532,1.0,0.0,0.0,0.0,1,0,0.0,0.0,0.0,0.08815215813664445,0.0,0.0,0.08815215813664445,0.9118478418633555,0.08815215813664445,0.9118478418633555,2,0,2021,9,10,5,0,0,0,1,0,1,GRAVE_MORTALIDAD,2
5,1,1,0,4,1,-8.859424549373802,-77.56629337338688,0,4,0,0,2,1,1,0,1491.8773071759579,1.194535033168484,0,3,0.0,9,23,227.15742661681463,0.5162519833934688,74.51670573642582,57.229459800467446,8.868455472742422,813.177386128409,5087.7727690494,10767.648,1885.0630000000003,1222.721,7659.864000000001,2100.343,8667.305000000002,19.506051832303577,4,1,0,0,3,53.17924201905698,52.3038343697988,54.05464966831516,1.0,0.0,0.0,0.19453503316848408,1,0,0.0,0.19453503316848408,0.0,1.0,0.0,1.0,0.19453503316848408,0.0,0.0,0.0,8,1,2022,7,22,1,0,0,0,1,0,1,GRAVE_MORTALIDAD,2
3,1,12,0,3,1,-8.070541199999361,-79.08633000465322,0,3,5,1,2,2,2,1,6543.555,2.8205521392557187,2,0,1.0,2,30,1425.2929425738341,0.583006771156836,78.2441938961209,62.24037484511178,8.807312392374042,1028.2282118265089,76607.295503212,8931.828000000005,1335.5899999999997,1935.9830000000004,5660.255000000005,1219.309,7712.519000000005,13.651281686122925,4,1,0,0,3,27.871932487395014,21.717791442977123,34.026073531812905,1.0,0.0,0.0,0.0,1,0,0.0,0.8205521392557188,0.0,1.0,0.0,0.1794478607442812,0.8205521392557188,0.0,0.1794478607442812,0.0,5,0,2023,11,3,0,0,0,0,1,0,1,GRAVE_MORTALIDAD,2
6,1,12,0,4,0,-7.744061232733271,-78.22713550231018,0,4,7,1,3,2,2,0,6543.555,2.0,4,4,1.0,14,33,1198.0,0.2216795266054585,77.77267251720582,30.87929010412246,4.264097422823957,170.01603087508187,2657.616526723417,8931.828000000005,1335.5899999999997,1935.9830000000004,5660.255000000005,1219.309,7712.519000000005,13.651281686122925,3,1,0,0,2,66.23947123567635,66.23947123567635,66.23947123567635,1.0,0.6766446348198475,0.0,0.0,1,0,0.0,0.3233553651801525,0.0,0.6766446348198475,0.0,0.0,1.0,0.0,0.6766446348198475,0.0,5,0,2022,5,12,2,0,0,0,1,0,1,GRAVE_MORTALIDAD,2
4,1,9,0,4,1,-8.840907330949388,-76.12001540990263,3,4,7,1,1,1,1,2,7758.33400008,2.0,2,0,1.0,9,20,2133.0,0.4488980782274319,72.32233236849576,48.83099256769076,6.808038769056246,716.252056011431,32955.28479657388,8209.057,1333.4779999999996,791.9770000000001,6083.602,1059.8589999999997,7149.198,12.910849565303296,4,1,0,0,2,32.003479234269605,28.823242522573974,35.18371594596524,1.0,0.6360473423391266,0.0,0.0,1,0,0.0,0.6360473423391266,0.0,0.36395265766087337,0.6360473423391266,0.36395265766087337,0.6360473423391266,0.0,0.6360473423391266,0.0,6,1,2021,2,14,2,0,0,2,1,0,1,GRAVE_MORTALIDAD,2
3,1,13,0,4,1,-6.74040720289776,-79.61828124019824,0,4,7,1,2,2,2,0,919.085,2.0,2,3,0.0,9,7,218.0,0.5368990377599975,81.14791216819076,67.58350560537582,7.829746599316162,796.0036204699745,23182.03854389721,3459.691,515.0619999999999,689.7280000000001,2254.901,703.3549999999999,2756.336,20.329994788551925,4,2,0,0,2,42.571309838249206,33.98206864890575,51.16055102759266,1.0,0.5982068648905755,0.0,1.0,2,0,0.0,0.4017931351094245,0.5982068648905755,0.5982068648905755,0.5982068648905755,0.5982068648905755,0.4017931351094245,0.4017931351094245,1.0,0.4017931351094245,20,2,2021,3,21,1,0,1,0,1,0,1,GRAVE_MORTALIDAD,2
4,1,7,0,4,1,-13.822780904378797,-71.6089173407783,1,1,4,1,2,0,1,1,7586.903,2.0,2,0,1.0,9,5,1198.0,0.4417086416076227,66.47225457692967,70.50245658080637,7.437174615525667,646.2036060300973,4658.56325643705,17779.13499998999,2097.3709999899997,2863.123,12818.640999999989,2878.713,14900.421999989989,16.19152450331032,4,1,0,0,2,37.733483914534304,31.95520419941995,43.51176362964866,1.0,0.0,0.0,0.5778279715114357,1,0,0.0,0.5778279715114357,0.0,1.0,0.0,0.5778279715114357,1.0,0.0,0.0,0.0,16,2,2023,6,17,3,0,0,2,1,0,1,GRAVE_MORTALIDAD,2
5,1,4,0,4,1,-13.205185957094374,-74.22687614815868,0,4,3,0,2,1,0,4,6864.774852856761,2.0,3,2,1.0,12,24,1198.0,0.5305121431560528,73.7668210059112,68.45651702301488,8.941396366509018,806.7469451554633,27605.87794432548,12678.733000000004,1805.074000000001,1774.0339999999994,9099.625000000004,2485.375000000001,10193.358000000002,19.602707936195205,4,1,0,0,2,49.45590211649461,49.45590211649461,49.45590211649461,1.0,0.0,0.0,0.6921258747256326,1,0,0.0,0.3078741252743674,0.3078741252743674,0.0,0.0,0.3078741252743674,1.0,0.0,0.6921258747256326,0.0,15,3,2022,6,12,3,0,0,2,1,0,1,GRAVE_MORTALIDAD,2
4,1,15,0,4,1,-13.970728763039595,-72.49095832136572,3,4,7,1,2,2,2,0,7586.903,2.0,2,0,1.0,9,5,1198.0,0.453914206014457,71.55708225715908,71.63760007378956,8.306090733456065,634.4325185850726,14053.865934189034,12922.015999019524,1919.1911334321012,1701.3605207595192,9301.464344827904,2411.952372236963,10510.063626782561,18.363800382629673,6,1,0,0,4,40.70200277962864,40.70200277962864,40.70200277962864,1.0,0.0,0.0,0.5227999205820387,1,0,0.5227999205820387,0.0,0.4772000794179613,0.5227999205820387,0.0,0.5227999205820387,1.0,0.0,0.5227999205820387,0.0,10,1,2021,5,11,0,0,0,2,1,0,1,GRAVE_MORTALIDAD,2
6,1,18,0,4,1,-13.84107697048306,-71.20407861770019,1,4,1,1,2,2,2,1,1612.568264170066,1.793063028370656,1,0,0.7930630283706559,6,24,354.33395463170643,0.3122869757463019,69.92469727707015,58.4018053437383,5.824686079358598,284.4073138242322,8500.767391393307,13357.20186247218,1980.5680423578442,2095.740049836977,9280.893770277358,2956.978944462021,10400.222918010159,21.94574546083755,3,1,0,0,2,29.276306687922784,29.276306687922784,29.276306687922784,1.0,0.0,0.0,0.0,1,0,0.0,0.2069369716293441,0.0,0.7930630283706559,0.0,0.0,1.0,0.0,0.0,0.0,3,0,2022,5,2,3,0,0,2,1,0,1,GRAVE_MORTALIDAD,2
3,1,18,0,4,1,-5.315517608808146,-80.05853808603695,0,4,6,0,2,2,2,0,1307.3746768225033,2.0,2,0,0.9812415974554621,1,19,173.0357453613277,0.3939220569135534,73.80379391209077,49.89304392342389,4.624977645613128,627.4485222758799,12751.034803598768,8940.718500823185,1780.5547493813415,655.0432152288666,6505.120536212977,2207.00857965,6733.709921173186,24.68242602750902,2,1,0,0,1,36.16882562290084,27.33765124580168,45.0,1.0,0.018758402544537867,0.0,0.9812415974554621,1,0,0.0,0.9812415974554621,0.0,1.0,0.9812415974554621,0.018758402544537867,0.9812415974554621,0.0,0.9812415974554621,0.0,14,3,2022,10,17,4,0,0,0,1,0,1,GRAVE_MORTALIDAD,2
6,2,5,0,4,1,-7.200114610867753,-78.9472542060704,6,4,0,0,2,0,1,2,887.28,2.0,2,0,1.0,8,17,155.0,0.41765520843967185,70.20627701468679,51.52657765112022,6.1732093735416225,635.4552558639207,3148.245064000383,15935.565011852366,1733.9250000199986,935.692,13265.948011832368,2000.1670000199988,13935.398011832369,12.551591352627522,5,2,0,0,3,41.303799843845894,33.59493354153881,49.012666146152974,1.0,0.06751107641019816,0.06751107641019816,0.06751107641019816,2,0,0.0,1.0,0.06751107641019816,0.9324889235898018,0.06751107641019816,0.9324889235898018,1.0,0.0,1.0,0.06751107641019816,7,1,2021,2,14,0,0,0,2,1,0,1,GRAVE_MORTALIDAD,2
3,2,10,0,4,1,-14.741230451014726,-75.06159474201743,0,4,7,0,2,2,2,0,6639.975,2.0,2,0,1.0,9,31,1616.0,0.5596140172280565,77.13366027206281,69.00571486933227,8.52036982286742,924.8075748814906,27932.19700214133,3721.461,698.1859999999996,744.866,2278.409,1102.9029999999996,2618.558,29.636290693359403,3,2,0,0,1,31.342653999809354,25.27252537130874,37.41278262830997,1.0,0.0661340571537512,0.0,0.0,2,0,0.0661340571537512,0.9338659428462488,0.0,1.0,0.0661340571537512,0.9338659428462488,0.9338659428462488,0.0661340571537512,0.0661340571537512,0.0661340571537512,21,2,2022,4,28,5,1,0,0,1,0,1,GRAVE_MORTALIDAD,2
6,1,11,0,4,1,-11.709421985040876,-75.53710853047217,1,4,4,0,2,1,1,2,974.282161580946,1.4022237348471123,1,1,0.4022237348471124,6,24,147.0333560227067,0.50705111377195,74.09554356469808,60.249724875465866,7.248208565428296,935.4261559108531,4661.786152209721,12264.545,1826.4639999999995,1105.5389999999998,9332.542,1588.5359999999996,10676.009,12.952261987705208,4,1,0,0,3,29.748854098516418,29.748854098516418,29.748854098516418,1.0,0.4022237348471124,0.0,0.5977762651528876,1,0,0.5977762651528876,0.0,0.0,1.0,0.0,0.4022237348471124,0.5977762651528876,0.0,0.4022237348471124,0.5977762651528876,12,0,2022,7,10,3,0,0,2,1,0,1,GRAVE_MORTALIDAD,2
6,1,14,0,4,1,-10.670980032168833,-76.75610154355226,0,4,3,0,2,2,2,0,1238.8778127724422,0.5936303584796272,1,0,0.0,9,25,560.6445650115103,0.6329626849738527,79.69467338238256,55.60978991784313,10.43485646497054,1214.2298061072966,14347.565310492504,7626.313,1683.4029999999998,1599.0829999999996,4343.827000000001,1814.875,5811.438000000001,23.797541485643197,2,1,0,0,1,46.40636964152037,46.40636964152037,46.40636964152037,1.0,0.5312101194932091,0.0,0.0,1,0,0.0,0.0,0.0,1.0,0.0,0.5312101194932091,0.46878988050679093,0.0,0.0,0.0,10,2,2022,8,21,2,0,0,0,1,0,1,GRAVE_MORTALIDAD,2
5,1,11,0,4,1,-8.310814268250416,-77.14511707250287,1,4,4,1,1,1,1,0,1395.5743524412333,1.2943646036310184,1,3,0.0,9,25,275.8141450620213,0.434125966779316,72.37453723737617,41.011875198020746,6.157069271725853,768.4304398588686,9484.600650288145,8719.069801069008,1334.968301957131,1599.2281272584933,5784.873371853384,1172.372563951034,7546.6972371179745,13.43332467836218,4,1,0,0,3,28.532375243572222,25.588729207262038,31.476021279882406,1.0,0.0,0.0,0.29436460363101846,1,0,0.0,0.29436460363101846,0.0,0.7056353963689815,0.0,1.0,0.29436460363101846,0.0,0.0,0.0,8,0,2023,6,4,2,0,0,0,1,0,1,GRAVE_MORTALIDAD,2
6,1,13,1,4,1,-11.615046976320851,-76.98820133210639,0,2,7,1,1,2,2,2,876.5733517153245,2.0,2,0,1.0,3,14,155.9221919280513,0.7291893135025538,80.57979321471345,77.34284293477991,11.016248608200444,1495.9104977080071,44119.10214800663,7727.892605050129,1656.340341071301,1625.296539439522,4446.255724539305,1768.535157821791,5959.357447228338,23.008080573151762,4,1,0,0,2,53.85588879143587,53.85588879143587,53.85588879143587,1.0,1.0,0.0,0.0,1,0,0.0,0.0,0.0,1.0,0.0,1.0,0.9221919280512842,0.0,0.0,0.0,22,2,2021,4,24,0,0,0,0,1,0,1,GRAVE_MORTALIDAD,2
6,1,2,0,4,0,-13.59661581950135,-73.33604733308468,6,4,6,0,3,2,2,1,6543.555,2.0,4,4,1.0,14,33,1198.0,0.464914390514878,74.64784923320009,69.8966569085771,6.929714883207449,631.8033314670905,17146.545209042477,8358.971,1282.451,1298.0969999999998,5778.423,1432.683,6926.288,17.139466089785454,5,1,0,0,4,44.018120553606224,44.018120553606224,44.018120553606224,1.0,0.0,0.0,0.0,1,0,0.0,0.0,0.0,0.8580057406479153,0.0,0.8580057406479153,0.14199425935208465,0.0,0.0,0.0,13,2,2023,5,12,1,0,0,2,1,0,1,GRAVE_MORTALIDAD,2
6,1,8,0,4,1,-14.213682782812027,-72.78942438920075,0,4,2,0,1,1,1,2,6860.985140140378,2.0,3,2,1.0,12,24,1198.0,0.22569075009907924,70.80086560543367,48.702052883418716,4.031711660910631,176.15709143137263,15058.271525910914,12971.894375146612,1870.7004912368461,1950.519533094471,9150.674350815294,2737.49323499073,10234.40114015588,21.029523659005594,3,1,0,0,2,23.042418638271958,23.042418638271958,23.042418638271958,0.6957581361728042,1.0,0.6957581361728042,0.6957581361728042,1,0,0.0,0.0,0.0,1.0,0.6957581361728042,0.30424186382719576,0.0,0.6957581361728042,1.0,0.6957581361728042,6,0,2022,3,8,4,0,0,2,1,0,1,GRAVE_MORTALIDAD,2
3,1,10,0,4,1,-13.940224654890875,-75.36691444628788,0,4,0,0,2,2,2,1,2187.502772545417,1.1392468445941095,1,3,0.13924684459410952,9,18,399.2210717833336,0.6189916846005602,80.18801342120479,71.12585715453389,10.454305673925205,1009.5474638910962,66354.35660507178,3613.922472128949,666.4515048701576,766.8933190994976,2180.5776481592934,1069.9771088678103,2543.9453632611385,29.600502353811947,5,1,0,0,3,45.772300847961574,44.481171114852735,47.063430581070406,1.0,0.0,0.0,0.0,1,0,0.0,1.0,0.8607531554058905,0.0,0.0,0.8607531554058905,1.0,0.0,0.8607531554058905,0.0,9,1,2022,2,10,1,0,0,0,1,0,1,GRAVE_MORTALIDAD,2
6,1,9,0,4,1,-10.609416548886319,-76.49064734369433,3,4,4,0,2,2,2,0,359.5182003708844,2.0,1,1,0.3879914700405447,8,30,107.95611088947292,0.27833833520610546,75.65818014638964,52.41505263135756,4.813977569611224,224.52092056759088,5552.040545947817,8674.538389987987,1402.7903726151376,1980.3738147035494,5291.374202669299,1623.3998720763295,7051.138517911656,18.81157094303707,2,1,0,0,1,44.196281488662024,44.196281488662024,44.196281488662024,1.0,0.3879914700405447,0.0,0.0,1,0,0.0,0.0,0.0,1.0,0.3879914700405447,0.0,0.6120085299594553,0.3879914700405447,0.0,0.3879914700405447,11,1,2022,12,19,2,0,0,1,1,0,1,GRAVE_MORTALIDAD,2
2,1,21,1,4,1,-6.048623412881194,-77.1753695513014,0,1,2,1,2,1,0,1,7758.33400008,2.0,2,0,1.0,9,20,2133.0,0.5963332411867256,73.80959983510441,63.34953560123128,8.251886446437874,1232.7304200473363,24031.167023554604,5645.136,815.0759999999999,965.298,3864.762,1013.406,4631.73,17.95184385283189,3,1,0,0,1,41.981912959537986,24.639437881726426,59.32438803734955,1.0,0.30630099688753754,0.0,0.0,1,0,0.0,0.0,0.6936990031124625,1.0,1.0,0.0,0.6936990031124625,0.30630099688753754,1.0,1.0,13,1,2022,6,19,5,1,1,1,1,0,1,GRAVE_MORTALIDAD,2
3,1,8,0,4,1,-10.327533692489656,-75.03140292618107,1,4,3,1,2,1,0,0,99.02542400747774,-0.02167644246227962,1,0,0.0,9,32,46.9585695462322,0.36974498667565997,72.3854921908647,42.226980961458196,5.880348433106705,552.3055498397381,5975.5864858812165,8307.661905256375,1369.9743603139443,1188.6999207877936,5748.987624154635,1327.1761288616065,6980.4857763947675,15.90196289789817,4,1,0,0,2,50.26107852512573,45.54383349271375,54.97832355753772,1.0,0.6738921474874265,0.0,0.0,1,0,0.0,0.0,0.0,1.0,0.6738921474874265,0.0,1.0,0.0,0.0,0.6738921474874265,8,1,2023,5,24,2,0,1,2,1,0,1,GRAVE_MORTALIDAD,2
2,1,7,0,4,0,-13.483636093048773,-71.59921847932723,0,4,7,1,2,2,2,2,6617.545024499865,2.0,3,3,1.0,13,31,1198.0,0.1885070657034812,66.8126104928688,56.11179748957661,3.1824908574106807,142.28506985703632,9437.615687270327,17779.13499998999,2097.3709999899997,2863.123,12818.640999999989,2878.713,14900.421999989989,16.19152450331032,5,1,0,0,3,30.75538242537622,28.432672324096167,33.07809252665627,1.0,0.9290840405120208,0.0,0.07091595948797924,1,0,0.0,0.9290840405120208,0.0,1.0,0.0,0.07091595948797924,0.9290840405120208,0.0,0.07091595948797924,0.0,16,2,2021,9,9,4,0,0,2,1,0,1,GRAVE_MORTALIDAD,2
3,1,14,0,4,1,-12.666642483624639,-73.90048993686342,3,4,7,1,2,0,1,2,9114.901110666367,2.0,2,0,1.0,9,22,2909.336765322418,0.415744397303273,70.57415809544337,65.70456228151362,7.205662515917079,516.0589182900762,6134.23145866864,12746.482820484522,1894.434621750142,1542.2866672595994,9309.76153147478,2192.1147013859886,10554.368119098532,16.91901492951938,5,2,0,0,3,65.82918073294437,60.65428270204057,71.00407876384816,1.0,0.34979606180759193,0.0,0.6502039381924081,2,0,0.0,0.34979606180759193,0.0,1.0,0.0,1.0,0.34979606180759193,0.0,1.0,0.0,15,3,2022,4,14,2,0,0,2,1,0,1,GRAVE_MORTALIDAD,2
1,1,1,1,3,1,-9.006690930468809,-78.49748167816793,0,3,7,1,2,1,1,0,6543.555,2.8624965074015853,2,0,1.0,1,30,1436.9115325502391,0.5541552952344647,78.15330847117657,61.11894749067469,7.626222918629786,988.7764882207387,21027.567715149024,10767.648,1885.0630000000003,1222.721,7659.864000000001,2100.343,8667.305000000002,19.506051832303577,3,1,0,1,0,35.99164105427829,30.524937133228537,40.55001397039366,0.13750349259841466,0.13750349259841466,0.0,0.0,1,0,0.8624965074015853,0.0,0.0,0.13750349259841466,0.13750349259841466,0.13750349259841466,0.0,0.13750349259841466,0.13750349259841466,1.0,7,0,2022,10,10,6,1,0,0,1,0,1,GRAVE_MORTALIDAD,2
3,1,12,0,4,1,-7.539980977877213,-79.3528009168643,0,4,7,1,2,2,2,1,6543.555,2.766927188109165,2,0,1.0,3,30,1410.4388311062387,0.5465437416343673,79.9059200125009,68.93928708397232,8.768411342727914,800.9629438725543,27353.788907122464,8931.828000000005,1335.5899999999997,1935.9830000000004,5660.255000000005,1219.309,7712.519000000005,13.651281686122925,3,1,0,0,1,36.218099534600405,32.766927188109165,39.66927188109165,1.0,0.766927188109165,0.0,0.0,1,0,0.0,0.23307281189083495,0.0,0.766927188109165,0.766927188109165,0.0,1.0,0.0,0.0,0.766927188109165,3,0,2022,8,21,3,0,1,0,1,0,1,GRAVE_MORTALIDAD,2
6,1,9,0,4,0,-12.933487735689939,-75.77798204926083,3,4,2,0,5,2,2,4,6543.555,2.0,4,4,1.0,14,33,1198.0,0.3066823438713998,67.83790778053667,51.17541868024064,4.494811101196499,370.04682266004505,1738.9998409201546,8241.63246377959,1517.941431167342,1883.7156898527858,4839.9753427594615,1859.856409813656,6381.776053965933,22.605620239443923,7,1,0,0,6,41.21925013515974,41.21925013515974,41.21925013515974,1.0,0.0,0.0,0.30481253378993434,1,0,0.0,0.0,0.0,1.0,0.0,0.30481253378993434,0.6951874662100657,0.6951874662100657,0.6951874662100657,0.6951874662100657,17,2,2024,7,19,2,0,1,1,1,0,1,GRAVE_MORTALIDAD,2