CLASE SINIESTRO,CANTIDAD DE VEHICULOS DAÑADOS,DEPARTAMENTO,ZONA,TIPO DE VÍA,RED VIAL,COORDENADAS LATITUD,COORDENADAS  LONGITUD,CONDICIÓN CLIMÁTICA,ZONIFICACIÓN,CARACTERÍSTICAS DE VÍA,PERFIL LONGITUDINAL VÍA,SUPERFICIE DE CALZADA,¿EXISTE SEÑAL VERTICAL?,¿EXISTE SEÑAL HORIZONTAL?,CAUSA FACTOR PRINCIPAL,MTC_RVN_LONGITUD_KM,MTC_RVN_N_CARRILES_MEDIANA,MTC_RVN_SUPERFICIE_DOMINANTE,MTC_RVN_ESTADO_DOMINANTE,MTC_RVN_ES_CONCESIONADA,MTC_RVN_CONCESION_PRINCIPAL,MTC_RVN_CORREDOR_LOGISTICO,MTC_RVN_N_TRAMOS,IDH_2019,IDH_ESP_VIDA_2019,IDH_EDUC_SECUND_PCT_2019,IDH_ANIOS_EDUC_2019,IDH_INGRESO_PERCAP_2019,IDH_POBLACION_2019,MTC_DEP_RED_TOTAL_KM,MTC_DEP_NACIONAL_TOTAL_KM,MTC_DEP_DEPARTAMENTAL_TOTAL_KM,MTC_DEP_VECINAL_TOTAL_KM,MTC_DEP_PAV_TOTAL_KM,MTC_DEP_NO_PAV_TOTAL_KM,MTC_DEP_PCT_PAVIMENTADA,PER_TOTAL_PERSONAS,PER_N_CONDUCTORES,PER_N_CONDUCTORES_FUGADOS,PER_N_PEATONES,PER_N_PASAJEROS_OCUPANTES,PER_EDAD_COND_PROM,PER_EDAD_COND_MIN,PER_EDAD_COND_MAX,PER_ANY_COND_MASCULINO,PER_ANY_LIC_PROBLEMA,PER_ANY_DOSAJE_POS,PER_ANY_DOSAJE_EVALUADO,VEH_TOTAL,VEH_N_FUGADOS,VEH_ANY_FUGADO,VEH_ANY_CARGA,VEH_ANY_PUBLICO,VEH_ANY_PARTICULAR,VEH_ANY_MOTO,VEH_ANY_AUTO,VEH_ANY_CAMION_BUS,VEH_ANY_SOAT_PROBLEMA,VEH_ANY_CITV_PROBLEMA,VEH_ANY_SEGURO_PROBLEMA,HORA_NUM,FRANJA_HORARIA,ANIO,MES,DIA_MES,DIA_SEMANA,ES_FIN_SEMANA,ES_QUINCENA,REGION_NATURAL,TIENE_SEÑALIZACION,ES_VIA_MULTICARRIL,ES_DEPTO_BAJO_PAVIMENTO,CATEGORIA_SEVERIDAD,CATEGORIA_SEVERIDAD_ENC
6,1,8,0,4,1,-13.422109895524907,-75.38729883839375,0,4,0,1,2,1,1,0,1606.7051175752915,1.6296283449385927,1,3,0.6296283449385927,9,21,298.33327552223665,0.45520672304907545,71.99712103692146,50.84974330949974,7.8666458280689096,698.0815686854351,1732.9349358511308,8511.426,1445.3929999999996,2008.516,5057.516999999999,1879.579,6631.846999999998,22.08300935706896,4,1,0,0,3,53.48148662024563,53.48148662024563,53.48148662024563,1.0,0.0,0.0,0.0,1,0,0.0,0.0,0.0,1.0,0.0,0.0,1.0,0.0,0.37037165506140735,0.0,12,2,2023,7,12,1,0,0,2,1,0,1,GRAVE_MORTALIDAD,2
6,1,7,0,4,0,-13.243010114682626,-71.70650018873575,0,4,0,1,1,2,2,5,6543.555,2.0,4,4,1.0,14,33,1198.0,0.22528268185819858,61.56083648560286,53.15255401160573,3.5701658192505485,230.23185518228308,10106.832334431263,17779.13499998999,2097.3709999899997,2863.123,12818.640999999989,2878.713,14900.421999989989,16.19152450331032,3,1,0,0,2,39.0,39.0,39.0,1.0,0.0,0.0,0.13651539163088466,1,0,0.0,0.0,0.0,1.0,0.0,0.8634846083691153,0.13651539163088466,0.0,0.13651539163088466,0.0,4,0,2021,7,16,4,0,1,2,1,0,1,GRAVE_MORTALIDAD,2
0,1,21,0,4,1,-6.038306923326036,-77.19423633123124,0,3,6,1,2,1,1,0,7758.33400008,2.0,2,0,1.0,9,20,2133.0,0.5963332411867256,73.80959983510441,63.34953560123128,8.251886446437874,1232.7304200473363,24031.167023554604,5645.136,815.0759999999999,965.298,3864.762,1013.406,4631.73,17.95184385283189,3,1,0,0,1,49.2802566805365,45.973057989260546,52.58745537181246,1.0,0.8677120523489618,0.0,0.0,1,0,0.0,0.0,0.13228794765103824,1.0,1.0,0.0,0.13228794765103824,0.8677120523489618,1.0,1.0,18,1,2024,6,26,5,1,1,1,1,0,1,GRAVE_MORTALIDAD,2
5,1,8,0,4,0,-12.532418518585253,-74.95935121508052,0,4,5,0,2,1,0,0,6543.555,2.0,4,4,1.0,14,33,1198.0,0.2742451488238767,65.74735677153669,57.7326335049947,4.523253026880779,266.1555648808028,29132.7286666629,8520.847225491023,1442.9323104157663,2006.8905325937071,5071.024382481548,1864.7823231170216,6656.064902374,21.894054005603262,7,1,0,0,6,26.235305416377045,26.156870277584698,26.313740555169396,1.0,0.022410039654956804,0.0,0.0,1,0,0.0,0.9775899603450432,0.0,0.022410039654956804,0.022410039654956804,0.0,0.9775899603450432,0.022410039654956804,0.0,0.022410039654956804,10,1,2021,4,24,5,0,0,1,1,0,1,GRAVE_MORTALIDAD,2
6,1,8,0,4,1,-13.04390491942703,-74.71005647108426,0,4,1,0,1,1,1,0,6543.555,2.0,4,4,1.0,14,33,1198.0,0.3648777342527826,72.61386206398959,50.19709555656983,5.638488277525374,444.6393044914551,24733.083511777302,8511.426,1445.3929999999996,2008.516,5057.516999999999,1879.579,6631.846999999998,22.08300935706896,6,1,0,0,5,35.82628646040366,35.82628646040366,35.82628646040366,1.0,0.0,0.0,0.0,1,0,0.0,0.0,1.0,0.0,0.5826286460403656,0.0,0.41737135395963443,0.0,0.41737135395963443,0.0,13,3,2023,3,12,3,0,0,2,1,0,1,GRAVE_MORTALIDAD,2
6,1,20,0,4,1,-15.546407507693615,-70.10695085985311,0,4,0,1,2,2,2,2,7582.180965902744,2.0,2,0,1.0,9,5,1198.0,0.364201347654009,74.35639016998185,63.711055785888895,5.594424079412509,386.0836120410843,5552.540217148433,13642.312999999998,2020.7790000000005,2354.117,9267.416999999998,3314.0520000000006,10328.260999999997,24.29244952817019,2,1,0,0,1,58.02715508591911,58.02715508591911,58.02715508591911,1.0,1.0,0.0,0.0,1,0,0.0,0.0,0.0,1.0,0.0,0.0,1.0,0.004525847653185644,0.004525847653185644,0.004525847653185644,17,2,2022,7,9,5,0,0,2,1,0,1,GRAVE_MORTALIDAD,2
3,1,14,0,4,1,-10.92829968082381,-77.65209075704416,0,4,1,1,2,1,1,2,6543.555,3.0,2,0,1.0,0,30,1475.0,0.6058977644686256,75.86009868534626,65.24867654925505,8.328201694517173,1216.0018080234922,26242.524625267662,7626.313,1683.4029999999998,1599.0829999999996,4343.827000000001,1814.875,5811.438000000001,23.797541485643197,5,2,0,0,3,38.90243339388421,35.619396918939046,42.18546986882937,1.0,0.9115147258658508,0.0,1.0,2,0,0.0,0.9115147258658508,0.0884852741341492,0.0884852741341492,0.0884852741341492,0.9115147258658508,1.0,0.0,0.0,0.0,19,1,2021,10,13,5,1,0,0,1,1,1,GRAVE_MORTALIDAD,2
5,1,22,0,4,1,-17.08597050324204,-70.4390185283465,1,4,7,1,2,2,2,2,1617.2323239511175,2.0,2,0,1.0,9,23,242.7528335178294,0.4347558046675581,70.79187198566551,64.07618797122407,7.321340181103859,647.826429297179,2636.0239275701942,2650.572,630.6729999999998,487.3610000000001,1532.5379999999998,1068.7019999999998,1581.87,40.31967439480987,4,1,0,0,3,49.1044140850745,47.44303454422621,50.7657936259228,1.0,0.0,0.0,1.0,1,0,0.0,0.2215172721131058,0.0,0.7784827278868942,0.0,1.0,0.2215172721131058,0.0,0.0,0.0,13,2,2023,4,3,3,0,0,0,1,0,1,GRAVE_MORTALIDAD,2
6,1,5,0,4,2,-6.404805107065102,-79.04171595717021,0,4,0,0,1,2,2,0,6543.555,2.0,4,4,1.0,14,33,1198.0,0.3760938309755452,69.43940702576674,52.729303682760495,5.691281340633524,500.7580677060702,7739.147751605997,15935.565011852366,1733.9250000199986,935.692,13265.948011832368,2000.1670000199988,13935.398011832369,12.551591352627522,4,1,0,0,3,37.0,33.0,40.0,0.0,0.0,0.0,0.0,1,0,0.0,0.9438379900966869,0.0,0.056162009903313104,0.0,0.0,0.056162009903313104,0.0,1.0,0.0,13,2,2021,5,20,1,0,0,2,1,0,1,GRAVE_MORTALIDAD,2
3,2,17,0,4,1,-6.555749185175251,-80.0635637441267,0,4,7,1,2,2,2,2,6543.555,3.0,2,0,1.0,0,30,1475.0,0.4889044370231969,73.59981285608356,54.94742571188905,7.204564279587938,819.6947160367667,47586.098196136096,8957.149669351935,1668.1868288768298,969.0678595319553,6319.894980943149,1960.0939964558922,6997.055672896042,21.8750261497251,4,2,0,0,2,55.06015042135334,46.14285721788813,63.977443624818555,1.0,0.0,0.0,0.7443609062046385,2,0,0.0,0.25563909379536154,1.0,0.7443609062046385,0.0,1.0,1.0,0.0,1.0,0.0,6,0,2022,5,23,2,0,0,0,1,1,1,GRAVE_MORTALIDAD,2
3,2,3,0,4,1,-15.61492612584749,-71.05689915392324,0,4,3,1,2,1,1,0,568.5409999999999,1.0,2,3,0.0,9,3,93.0,0.4592464049299077,81.46633831105451,55.50415483279393,5.799389186073569,679.8890080947986,1365.7546052206937,10322.272,1495.236,1749.739,7077.2970000000005,2886.595,7435.677000000001,27.964725207783708,10,2,0,0,8,32.03141796700986,31.086545265008702,32.97629066901102,1.0,0.0,0.0,0.0,2,0,0.0,0.4724363510005801,0.0,1.0,0.0,0.5275636489994199,0.4724363510005801,0.0,0.5275636489994199,0.0,8,1,2022,6,18,3,0,0,0,1,0,1,GRAVE_MORTALIDAD,2
6,1,16,0,4,2,-7.48711307194562,-78.25481467510008,0,4,1,0,1,1,1,0,6543.555,2.0,4,4,1.0,14,33,1198.0,0.2801889417927528,67.56181064546563,46.77738811232756,4.736516331606631,340.9751219262245,38079.648218770715,9198.603773842475,1733.1336417413906,827.9386562772206,6637.531475823863,2329.833202390547,6868.770571451927,25.259670203317874,4,1,0,0,3,43.20117456945633,43.20117456945633,43.20117456945633,1.0,1.0,0.0,0.0,1,0,0.0,0.0,0.0,1.0,0.0,0.17159636706519,0.82840363293481,0.0,0.0,0.0,8,1,2021,2,14,0,0,0,0,1,0,1,GRAVE_MORTALIDAD,2
5,1,17,0,4,1,-5.853040616466989,-80.01648329420364,0,4,5,1,2,1,1,0,320.2927076734393,2.0,2,0,0.8325402554820115,2,18,56.68320098365535,0.49300889917963525,79.79774226982141,60.27267725601615,6.344963865594656,774.3579781679803,9451.871283804287,8839.114307455931,1707.233627104513,662.9490786651422,6468.931601686275,2021.1482758812342,6817.966031574697,22.72524437795689,5,1,0,0,4,37.83254025548201,36.157942810302124,39.5071377006619,1.0,0.0,0.0,1.0,1,0,0.0,0.1674597445179885,0.0,0.8325402554820115,0.0,1.0,0.1674597445179885,0.0,0.0,0.0,19,1,2022,10,11,4,0,0,0,1,0,1,GRAVE_MORTALIDAD,2
3,1,1,0,4,1,-9.445717415844685,-78.35034775636564,3,4,6,1,4,2,2,0,6543.555,3.0,2,0,1.0,0,30,1475.0,0.5873460606982213,78.04758132038613,65.8701248560095,8.596987164492063,1041.0659985770535,35482.29764453961,10767.648,1885.0630000000003,1222.721,7659.864000000001,2100.343,8667.305000000002,19.506051832303577,5,2,0,0,3,40.22443871736908,38.299251623158774,42.14962581157939,1.0,0.0,0.0,0.0,2,0,0.0,0.4625935471051531,0.0,1.0,0.0,0.5374064528948469,0.4625935471051531,0.0,0.0,0.0,4,0,2021,10,24,2,0,1,0,1,1,1,GRAVE_MORTALIDAD,2
3,2,14,0,4,1,-11.218348725605608,-77.55099703203126,0,4,7,1,2,1,0,1,6543.555,3.0,2,0,1.0,0,30,1475.0,0.7294132312975921,78.26370560030156,76.18860580596792,13.476832697568636,1398.5173272597117,62138.82406813739,7626.313,1683.4029999999998,1599.0829999999996,4343.827000000001,1814.875,5811.438000000001,23.797541485643197,5,2,0,0,3,42.505544661861556,33.099803913508076,52.0,1.0,0.0,0.9667320288306416,1.0,2,0,0.0,1.0,0.0,0.0,0.0,0.9667320288306416,1.0,0.0,0.9667320288306416,0.0,5,0,2024,6,1,0,0,0,0,1,1,1,GRAVE_MORTALIDAD,2
5,1,20,0,4,1,-16.479250844050082,-69.13963831955635,0,4,7,1,2,2,2,2,7586.903,2.0,2,0,1.0,9,5,1198.0,0.4119991217123923,74.16050004702304,75.77687243513063,7.879884741753714,408.1875324538269,27702.816999892355,13642.312999999998,2020.7790000000005,2354.117,9267.416999999998,3314.0520000000006,10328.260999999997,24.29244952817019,3,1,0,0,1,34.58454507291952,33.487552330129084,35.68153781570995,0.12188808253227046,0.0,0.0,0.0,1,0,0.0,0.12188808253227046,0.12188808253227046,0.8781119174677295,0.0,0.8781119174677295,0.12188808253227046,0.0,0.0,0.0,7,1,2023,10,10,3,0,0,2,1,0,1,GRAVE_MORTALIDAD,2
3,2,17,2,3,2,-14.055431902533975,-73.04128721787717,0,3,7,1,2,2,2,1,3600.004351250771,2.0,2,1,1.0,9,28,638.9793018134058,0.6214537243363009,76.25581202932246,77.82480831653358,9.610361920461168,1119.039818623838,226323.01999666943,11140.491182121787,1880.4773647559045,2040.1275494614597,7219.886267904422,2690.6022447704117,8449.888937351374,24.08663640672115,7,2,0,0,4,29.34621856947284,21.168277321184107,41.02899178131389,1.0,0.0,0.0,0.5841386605920524,2,0,0.0,0.5841386605920524,0.0,1.0,0.0,1.0,0.5841386605920524,0.5841386605920524,0.5841386605920524,0.5841386605920524,6,0,2022,10,17,0,0,1,1,1,0,1,GRAVE_MORTALIDAD,2
0,1,14,0,4,1,-11.544730698759581,-77.2588155629858,0,1,1,1,2,1,1,0,6543.555,3.0,2,0,1.0,0,30,1475.0,0.6073285848766901,79.29993691954232,64.65917544318313,7.284913975735515,1258.6429919539657,20952.34926590118,7626.313,1683.4029999999998,1599.0829999999996,4343.827000000001,1814.875,5811.438000000001,23.797541485643197,2,0,0,1,0,36.779045317772116,32.74748036316814,39.87374018158407,1.0,0.0,0.06312990920796646,0.06312990920796646,1,0,0.0,0.06312990920796646,0.06312990920796646,0.9368700907920335,0.0,0.9368700907920335,0.06312990920796646,0.0,0.06312990920796646,0.0,18,1,2024,1,7,2,0,0,0,1,1,1,GRAVE_MORTALIDAD,2
4,1,9,0,4,1,-10.700595088398126,-76.73117991483817,0,4,2,1,1,2,2,4,6543.555,2.3967550564555293,3,2,1.0,8,31,1307.9011506381817,0.5931245935239253,74.17440508473399,76.36014552053811,9.664867238693422,1019.1914870434638,42474.94073130033,8678.22261924402,1401.8281045360131,1979.7381654901112,5296.656349217894,1617.6135388741077,7060.609080369911,18.737678768965118,4,1,0,0,2,29.30629213712941,22.825959548355765,40.67993708885459,1.0,0.0,0.0,0.0,1,0,0.0,0.0,0.39675505645552933,1.0,0.39675505645552933,0.39675505645552933,1.0,0.0,0.6032449435444707,0.0,9,1,2022,8,25,2,0,1,1,1,0,1,GRAVE_MORTALIDAD,2
6,1,16,0,4,1,-8.603015120871653,-78.38530509488676,0,4,7,0,2,1,1,2,249.06685089510003,2.0,2,0,0.4740062659484451,5,10,52.629968670257774,0.43928927392781447,72.33889141337991,56.89903274448473,6.576068708480744,754.7379676664478,37308.785494066215,8261.26003547316,1730.3338864137295,1143.0477336124582,5387.878415446973,2004.302124089417,6256.9579113837435,24.22500075619696,6,1,0,0,5,45.15596240430933,45.15596240430933,45.15596240430933,1.0,0.4740062659484451,0.0,0.5259937340515549,1,0,0.0,0.4740062659484451,0.5259937340515549,0.0,0.0,0.0,1.0,0.0,0.4740062659484451,0.0,14,1,2023,7,19,0,0,1,0,1,0,1,GRAVE_MORTALIDAD,2
6,1,12,0,4,2,-7.896014549736756,-77.87438574525984,0,4,3,0,1,2,2,0,6543.555,2.0,4,4,1.0,14,33,1198.0,0.3858733703777641,74.54853224222856,43.05088575175327,5.7307070818377515,662.2448206967904,23480.01483491987,8931.828000000005,1335.5899999999997,1935.9830000000004,5660.255000000005,1219.309,7712.519000000005,13.651281686122925,4,1,0,0,3,29.768999211096716,29.768999211096716,29.768999211096716,1.0,0.5487333859268856,0.0,0.0,1,0,0.0,1.0,0.0,0.0,0.0,0.0,1.0,0.0,0.0,0.0,13,1,2022,4,21,3,0,1,0,1,0,1,GRAVE_MORTALIDAD,2
3,1,1,0,4,1,-9.918214490045148,-77.33707561144156,4,4,0,0,2,1,1,1,758.9526499664304,1.8691748574030873,1,3,0.0,9,8,158.34416454488507,0.47372642554077754,71.6616512942834,69.34606209035127,8.141225071866488,645.6933999893632,4070.6123830888355,10767.648,1885.0630000000003,1222.721,7659.864000000001,2100.343,8667.305000000002,19.506051832303577,6,1,0,0,4,41.042112000910805,37.13082514259691,44.9533988592247,1.0,0.0,0.0,0.8691748574030873,1,0,0.0,0.8691748574030873,0.0,0.8691748574030873,0.0,0.8691748574030873,1.0,0.0,0.0,0.0,12,3,2022,1,6,5,1,0,0,1,0,1,GRAVE_MORTALIDAD,2
6,1,11,0,4,2,-11.78095338214469,-75.66571776785803,0,4,3,0,7,2,2,2,6543.555,2.0,4,4,1.0,14,33,1198.0,0.3415912531103042,69.0995275031668,56.071303659332145,6.532942878444474,384.002681323219,1044.4879316906886,12264.545,1826.4639999999995,1105.5389999999998,9332.542,1588.5359999999996,10676.009,12.952261987705208,7,1,0,0,6,18.4098126348448,18.4098126348448,18.4098126348448,1.0,0.5300624550517324,0.0,0.5300624550517324,1,0,0.0,0.5300624550517324,0.0,0.46993754494826756,0.0,0.46993754494826756,0.5300624550517324,0.0,0.0,0.0,9,1,2022,6,9,2,0,0,2,1,0,1,GRAVE_MORTALIDAD,2
4,2,12,0,4,1,-8.960932817753186,-78.62838474380982,0,4,7,1,2,2,2,3,6543.555,3.0,2,0,1.0,0,30,1475.0,0.4867987483268106,77.5825534369154,52.95148122709723,6.150547060309878,840.5788229266196,9838.736616702356,8931.828000000005,1335.5899999999997,1935.9830000000004,5660.255000000005,1219.309,7712.519000000005,13.651281686122925,3,1,0,0,1,44.44335526177543,40.71921849912174,48.16749202442913,1.0,0.0,0.0,0.0,1,0,0.0,0.0,0.0,1.0,0.5320195375219566,0.46798046247804337,0.5320195375219566,0.0,0.5320195375219566,0.0,15,1,2021,6,17,3,0,0,0,1,1,1,GRAVE_MORTALIDAD,2
6,1,12,0,4,2,-9.562423909202654,-76.77608067431343,0,4,2,0,1,2,2,0,6543.555,2.0,4,4,1.0,14,33,1198.0,0.29737820221634215,65.41557983683795,59.33953062937495,4.798308837434959,312.82601294158064,29110.72405840329,8698.060495315523,1583.8098191972958,1445.220055760422,5669.030620357806,2017.1362047466914,6680.9242905688325,23.157561515136372,5,1,0,0,4,32.66077980990834,32.66077980990834,32.66077980990834,1.0,0.0,0.0,0.4107092453916662,1,0,0.0,0.0,0.5892907546083338,0.4107092453916662,0.0,0.5892907546083338,0.4107092453916662,0.0,0.4107092453916662,0.0,5,0,2023,4,13,1,0,0,1,1,0,1,GRAVE_MORTALIDAD,2
3,1,13,0,4,1,-7.588491149074514,-79.38531572946052,0,3,7,1,2,2,2,1,6543.555,2.817623378304486,2,0,1.0,2,30,1424.4816757903427,0.5684947545486875,78.22590008784641,62.29061660343603,8.60511278396398,974.1698583079718,76536.81650686507,8938.032087927784,1417.079886870175,1699.0781393136099,5821.874061744,1400.8094844158309,7537.222603511954,15.666189670216628,3,2,0,0,1,44.8616818240657,38.905740269826914,50.81762337830449,1.0,0.18237662169551383,0.18237662169551383,0.18237662169551383,2,0,0.0,1.0,1.0,0.0,0.18237662169551383,0.0,0.8176233783044862,0.18237662169551383,0.18237662169551383,0.18237662169551383,22,2,2021,11,20,1,0,1,0,1,0,1,GRAVE_MORTALIDAD,2
5,1,2,0,4,1,-8.762738098655728,-77.80917441290516,0,4,0,0,1,1,1,1,9936.932,2.0,2,0,1.0,9,32,3830.0,0.33507730790460993,69.1204054677344,37.03099961472883,5.978352287482521,432.177506717411,2678.847823336704,10924.737454642462,1878.9134219377866,1210.4235229699084,7835.400509734768,2046.6322353233425,8878.10521931912,18.818274869340016,3,1,0,0,2,53.79618868399649,52.32698113999416,55.265396227998835,1.0,0.0,0.0,0.8950566039998331,1,0,0.0,0.10494339600016689,0.10494339600016689,0.8950566039998331,0.0,0.0,1.0,0.0,0.0,0.0,9,0,2021,2,17,3,0,0,0,1,0,1,GRAVE_MORTALIDAD,2
6,1,3,0,4,1,-13.59239650208914,-73.8922253796237,1,3,1,0,1,2,2,2,888.1853605381833,1.1467575308028826,1,0,0.14675753080288245,8,29,274.60070321839936,0.5462884105593738,76.32553451505794,75.60951974104138,8.877519262642718,821.572663799496,47686.36210014974,8251.447920997021,1341.2937254904773,1342.2689621662362,5567.885233340308,1488.7725542126152,6762.675366784406,18.11658879478096,5,1,0,0,3,29.962453331677825,29.962453331677825,29.962453331677825,1.0,1.0,0.8532424691971175,0.8532424691971175,1,0,0.0,0.0,0.0,1.0,0.0,1.0,0.14675753080288245,0.8532424691971175,0.0,0.8532424691971175,17,2,2023,2,27,1,0,1,1,1,0,1,GRAVE_MORTALIDAD,2
5,1,9,0,4,1,-14.845359010906874,-72.63276355147694,0,4,0,0,2,1,0,2,2083.005892179298,2.0,2,0,1.0,4,25,211.3037594512397,0.3147229401385495,68.7350838019199,57.616782821066735,5.68251589131785,314.16635853989214,2560.220514687615,12993.296988244156,1875.4916353641693,1963.4040803178082,9154.40127256218,2755.899442273814,10237.397545970342,21.13369012657498,26,1,0,0,25,41.26642538290517,37.51221103141616,45.02063973439417,1.0,0.0,0.0,0.6735465781313908,1,0,0.0,0.0,1.0,0.32645342186860915,0.0,0.32645342186860915,1.0,0.32645342186860915,0.32645342186860915,0.32645342186860915,7,0,2023,5,28,1,0,1,2,1,0,1,GRAVE_MORTALIDAD,2
3,2,12,0,4,1,-7.499280771166694,-79.36453988273027,0,4,7,1,2,1,1,2,6543.555,3.0,2,0,1.0,0,30,1475.0,0.5557645495461365,80.84038844665822,65.62333407190576,7.655750747664962,912.4710612346811,43962.5950225015,8931.828000000005,1335.5899999999997,1935.9830000000004,5660.255000000005,1219.309,7712.519000000005,13.651281686122925,4,2,0,0,1,35.38644005242651,20.335149681467463,61.07693555643856,1.0,0.0,0.0,0.13736174596867423,2,0,0.0,0.0,1.0,0.8626382540313258,0.8626382540313258,0.8626382540313258,1.0,0.0,0.0,0.0,16,2,2022,4,26,5,1,0,0,1,1,1,GRAVE_MORTALIDAD,2
3,1,12,0,4,0,-8.491000561440078,-78.60516459040576,0,4,7,1,3,2,2,1,6543.555,2.7231300305079875,2,1,1.0,3,30,1398.3070184507126,0.4971504606547645,77.79759708660042,46.44666297237219,6.322206801902116,929.9716106661404,44368.59100642397,8931.828000000005,1335.5899999999997,1935.9830000000004,5660.255000000005,1219.309,7712.519000000005,13.651281686122925,5,1,0,0,4,40.82416562541375,30.338780183047927,51.30955106777957,1.0,0.0,0.0,0.0,1,0,0.0,0.7231300305079877,0.7231300305079877,0.27686996949201226,0.0,0.7231300305079877,1.0,0.0,0.7231300305079877,0.0,15,3,2022,8,14,2,0,0,0,1,0,1,GRAVE_MORTALIDAD,2
3,2,20,0,4,1,-15.411727142806733,-70.14924597599169,0,4,7,1,2,1,1,6,7586.903,2.0,2,0,1.0,9,5,1198.0,0.5225679967471315,73.87568641139362,79.22999870887685,8.745562804731529,728.6643223924281,65445.28409703769,13642.312999999998,2020.7790000000005,2354.117,9267.416999999998,3314.0520000000006,10328.260999999997,24.29244952817019,3,2,0,0,1,34.06909459552297,23.55275676418373,44.585432426862205,1.0,0.046063063681977434,0.0,0.046063063681977434,2,0,0.0,0.0,1.0,1.0,0.0,0.9539369363180226,1.0,0.046063063681977434,1.0,0.9539369363180226,2,0,2021,7,19,4,0,1,2,1,0,1,GRAVE_MORTALIDAD,2
2,2,10,0,4,1,-14.32617385142427,-75.66516497614262,6,4,7,1,2,1,1,0,6639.975,2.0,2,0,1.0,9,31,1616.0,0.6261042306271147,80.48505954362174,76.55712631348362,9.341715591523595,1061.002261282891,31419.372591006424,3721.461,698.1859999999996,744.866,2278.409,1102.9029999999996,2618.558,29.636290693359403,4,2,0,0,1,50.874365762267686,48.99389817471331,52.75483334982205,1.0,0.0691759250098859,0.0691759250098859,1.0,2,0,0.0,0.9308240749901141,0.0,0.0691759250098859,0.0691759250098859,0.0691759250098859,0.9308240749901141,0.0691759250098859,0.0691759250098859,0.0,13,2,2023,1,9,2,0,0,0,0,0,1,GRAVE_MORTALIDAD,2
6,1,16,0,4,0,-13.557265769295338,-72.42430180333862,0,4,0,0,1,1,1,2,6897.460175644048,2.0,3,2,1.0,12,23,1198.0,0.4608249514571306,73.62676567101012,64.1877806382038,7.03813993944278,685.7264891557329,8961.618781708235,13174.972068655185,1954.8670662968893,1930.5975066044175,9289.507495753878,2728.754435758141,10446.217632897044,20.44584124086365,2,1,0,0,1,47.607985296909106,47.607985296909106,47.607985296909106,1.0,0.6607985296909104,0.0,0.0,1,0,0.0,0.6607985296909104,0.0,0.33920147030908965,0.0,0.33920147030908965,0.6607985296909104,0.6607985296909104,0.6607985296909104,0.0,7,1,2021,7,9,1,0,0,2,1,0,1,GRAVE_MORTALIDAD,2
7,1,20,0,4,1,-16.47408626602565,-69.96937738350626,0,4,5,1,2,1,1,2,1522.845235984851,2.0,2,0,1.0,8,22,210.3991217431571,0.3626082916665979,78.02755517530201,63.27630917237663,6.664510471329761,330.64821125392245,5552.237021283747,13642.312999999998,2020.7790000000005,2354.117,9267.416999999998,3314.0520000000006,10328.260999999997,24.29244952817019,6,1,0,0,5,30.746362884313243,30.746362884313243,30.746362884313243,0.2536371156867585,0.7463628843132415,0.0,0.2536371156867585,1,0,0.0,0.0,0.0,1.0,0.0,0.7463628843132415,0.2536371156867585,0.0,0.2536371156867585,0.0,8,1,2021,8,25,4,0,1,2,1,0,1,GRAVE_MORTALIDAD,2
6,1,1,0,4,1,-8.557278137453412,-77.63183830963233,1,4,2,0,1,1,1,0,1703.219,1.0,0,3,0.0,9,28,247.0,0.4334972291627348,74.75372555263453,51.13220444675799,7.52811720512432,643.1267742471153,4488.67744142081,10767.648,1885.0630000000003,1222.721,7659.864000000001,2100.343,8667.305000000002,19.506051832303577,11,1,0,0,10,52.57271086459548,52.57271086459548,52.57271086459548,1.0,0.0,0.0,0.0,1,0,0.0,0.0,0.31157173958222895,0.688428260417771,0.0,0.688428260417771,0.31157173958222895,0.31157173958222895,0.0,0.0,10,1,2022,7,22,2,0,0,0,1,0,1,GRAVE_MORTALIDAD,2
3,2,20,0,4,1,-16.3985121683195,-69.21302946088414,0,4,5,1,2,2,2,2,7586.903,2.0,2,0,1.0,9,5,1198.0,0.26635706072378385,73.2737023429823,64.46923217984711,6.235298012901511,179.79665749698768,17814.68455234798,13642.312999999998,2020.7790000000005,2354.117,9267.416999999998,3314.0520000000006,10328.260999999997,24.29244952817019,3,2,0,0,1,35.543464777226575,32.38261408910937,38.70431546534378,1.0,1.0,0.0,0.0,2,0,0.0,0.15434647772265764,0.8456535222773424,0.8456535222773424,1.0,0.8456535222773424,0.15434647772265764,0.0,0.8456535222773424,0.15434647772265764,18,1,2021,7,7,2,0,0,2,1,0,1,GRAVE_MORTALIDAD,2