CLASE SINIESTRO,CANTIDAD DE VEHICULOS DAÑADOS,DEPARTAMENTO,ZONA,TIPO DE VÍA,RED VIAL,COORDENADAS LATITUD,COORDENADAS  LONGITUD,CONDICIÓN CLIMÁTICA,ZONIFICACIÓN,CARACTERÍSTICAS DE VÍA,PERFIL LONGITUDINAL VÍA,SUPERFICIE DE CALZADA,¿EXISTE SEÑAL VERTICAL?,¿EXISTE SEÑAL HORIZONTAL?,CAUSA FACTOR PRINCIPAL,MTC_RVN_LONGITUD_KM,MTC_RVN_N_CARRILES_MEDIANA,MTC_RVN_SUPERFICIE_DOMINANTE,MTC_RVN_ESTADO_DOMINANTE,MTC_RVN_ES_CONCESIONADA,MTC_RVN_CONCESION_PRINCIPAL,MTC_RVN_CORREDOR_LOGISTICO,MTC_RVN_N_TRAMOS,IDH_2019,IDH_ESP_VIDA_2019,IDH_EDUC_SECUND_PCT_2019,IDH_ANIOS_EDUC_2019,IDH_INGRESO_PERCAP_2019,IDH_POBLACION_2019,MTC_DEP_RED_TOTAL_KM,MTC_DEP_NACIONAL_TOTAL_KM,MTC_DEP_DEPARTAMENTAL_TOTAL_KM,MTC_DEP_VECINAL_TOTAL_KM,MTC_DEP_PAV_TOTAL_KM,MTC_DEP_NO_PAV_TOTAL_KM,MTC_DEP_PCT_PAVIMENTADA,PER_TOTAL_PERSONAS,PER_N_CONDUCTORES,PER_N_CONDUCTORES_FUGADOS,PER_N_PEATONES,PER_N_PASAJEROS_OCUPANTES,PER_EDAD_COND_PROM,PER_EDAD_COND_MIN,PER_EDAD_COND_MAX,PER_ANY_COND_MASCULINO,PER_ANY_LIC_PROBLEMA,PER_ANY_DOSAJE_POS,PER_ANY_DOSAJE_EVALUADO,VEH_TOTAL,VEH_N_FUGADOS,VEH_ANY_FUGADO,VEH_ANY_CARGA,VEH_ANY_PUBLICO,VEH_ANY_PARTICULAR,VEH_ANY_MOTO,VEH_ANY_AUTO,VEH_ANY_CAMION_BUS,VEH_ANY_SOAT_PROBLEMA,VEH_ANY_CITV_PROBLEMA,VEH_ANY_SEGURO_PROBLEMA,HORA_NUM,FRANJA_HORARIA,ANIO,MES,DIA_MES,DIA_SEMANA,ES_FIN_SEMANA,ES_QUINCENA,REGION_NATURAL,TIENE_SEÑALIZACION,ES_VIA_MULTICARRIL,ES_DEPTO_BAJO_PAVIMENTO,CATEGORIA_SEVERIDAD,CATEGORIA_SEVERIDAD_ENC
3,2,11,0,4,1,-11.407029972098416,-74.489654703249,0,4,0,0,2,2,2,1,1337.175,1.0,1,3,0.0,9,32,315.0,0.3570817332180048,73.74932476832508,43.805659202757695,6.484925788605561,398.3541927461293,66993.35796966725,12264.545,1826.4639999999995,1105.5389999999998,9332.542,1588.5359999999996,10676.009,12.952261987705208,4,2,0,0,2,27.68277701404065,23.701983581457608,31.663570446623694,1.0,0.2596032837084785,0.0,1.0,2,0,0.0,0.0,0.0,1.0,1.0,0.0,1.0,1.0,0.2596032837084785,0.0,10,2,2021,4,23,1,0,1,2,1,0,1,GRAVE_MORTALIDAD,2
5,1,3,0,4,0,-15.681642319615854,-71.58856212590489,6,4,0,0,2,2,2,0,6543.713491060783,2.0,3,3,1.0,13,32,1198.687090473004,0.5650677491563152,77.38430517329253,62.93482993907723,8.553544333525211,966.1419162619254,7716.144108782225,10322.272,1495.236,1749.739,7077.2970000000005,2886.595,7435.677000000001,27.964725207783708,8,1,0,0,7,25.00164375711245,24.990137457325304,25.013150056899597,1.0,0.0,0.0,0.9983562428875503,1,0,0.0,0.0,0.9983562428875503,0.0016437571124496841,0.0,0.0016437571124496841,0.9983562428875503,0.0,0.0,0.0,10,1,2023,8,7,0,0,0,0,1,0,1,GRAVE_MORTALIDAD,2
4,1,12,0,4,1,-8.895697103015104,-78.63291506165301,0,4,7,1,2,2,2,3,6543.555,3.0,2,0,1.0,0,30,1475.0,0.4867987483268106,77.5825534369154,52.95148122709723,6.150547060309878,840.5788229266196,9838.736616702356,8931.828000000005,1335.5899999999997,1935.9830000000004,5660.255000000005,1219.309,7712.519000000005,13.651281686122925,6,1,0,0,4,29.0,24.63490473764486,33.36509526235514,1.0,0.0,0.0,0.37641496252069395,1,0,0.0,0.0,0.0,0.623585037479306,0.623585037479306,0.0,1.0,0.0,0.623585037479306,0.0,17,2,2021,8,16,4,0,0,0,1,1,1,GRAVE_MORTALIDAD,2
4,1,12,0,4,0,-8.486173416866453,-78.55822161674327,0,4,7,1,4,2,2,1,6543.555,2.5707614809590735,2,1,1.0,6,31,1356.1009302256634,0.4971504606547645,77.79759708660042,46.44666297237219,6.322206801902116,929.9716106661404,44368.59100642397,8931.828000000005,1335.5899999999997,1935.9830000000004,5660.255000000005,1219.309,7712.519000000005,13.651281686122925,7,1,0,0,5,37.700610359661006,29.42456888575444,45.97665183356757,1.0,0.0,0.0,0.0,1,0,0.0,0.5707614809590734,0.5707614809590734,0.4292385190409266,0.0,0.5707614809590734,1.0,0.0,0.5707614809590734,0.0,15,3,2022,8,17,2,0,0,0,1,0,1,GRAVE_MORTALIDAD,2
1,1,9,2,4,2,-9.530122692068112,-77.80349643611694,0,1,0,0,2,1,1,0,3594.9663204889366,2.0,2,1,1.0,10,24,654.2891668580401,0.6824935193023149,76.56451864980377,76.05000800845708,10.698537107991294,1364.4626012094836,254233.5285636422,11957.885707718848,1709.739873176291,1253.2604944306058,8994.88534011195,1911.4668194682777,10046.41888825057,17.93508231374014,4,2,0,2,0,41.3083437216897,38.265753437620745,43.82963886372418,0.47870485796552253,0.0,0.0,0.0,2,0,0.5212951420344775,0.0,0.0,1.0,0.5212951420344775,0.47870485796552253,0.0,0.5212951420344775,0.0,0.5212951420344775,6,0,2023,9,15,3,0,0,1,1,0,1,GRAVE_MORTALIDAD,2
3,2,12,1,4,1,-7.6982717406073595,-79.30584759447775,0,0,6,1,2,1,1,2,6543.555,3.0,2,0,1.0,0,30,1475.0,0.5720319362740514,78.23035904941344,62.27837059833603,8.654397234158326,987.3461263162144,76553.99516815192,8936.51989379011,1397.2174138299147,1756.8217022171464,5782.480777743048,1356.5702712206162,7579.949622569493,15.17507283290373,3,2,0,0,1,39.94830457030639,32.517370566378744,47.37923857423403,1.0,0.13792385742340296,0.13792385742340296,0.13792385742340296,2,0,0.0,0.0,1.0,1.0,0.13792385742340296,0.862076142576597,1.0,0.13792385742340296,0.0,0.0,6,0,2021,9,11,5,0,0,0,1,1,1,GRAVE_MORTALIDAD,2
6,1,7,0,4,1,-13.103860423566763,-72.36957554520886,0,4,0,0,2,1,1,2,3447.8009999999995,1.0,2,3,0.0,9,12,1109.0,0.4706944943299555,76.79406176595778,61.64424635983724,7.141255198110581,653.4175319142125,3282.6252676659524,17779.13499998999,2097.3709999899997,2863.123,12818.640999999989,2878.713,14900.421999989989,16.19152450331032,19,1,0,0,18,28.583779722509675,28.583779722509675,28.583779722509675,1.0,0.10540528595616694,0.0,0.8945947140438331,1,0,0.0,0.0,0.0,0.10540528595616694,0.0,0.0,1.0,0.0,0.0,0.0,9,1,2021,9,8,4,0,0,2,1,0,1,GRAVE_MORTALIDAD,2
3,1,20,0,4,1,-15.130850115475509,-70.47858743558483,0,4,7,1,2,2,2,2,1619.261922849692,2.0,2,0,1.0,6,23,316.4038385329004,0.39959643812671003,74.00002812658111,65.94371724934402,6.514306546209686,461.58151673174274,7665.126183054775,13642.312999999998,2020.7790000000005,2354.117,9267.416999999998,3314.0520000000006,10328.260999999997,24.29244952817019,3,1,0,0,1,52.968821931407064,52.968821931407064,52.968821931407064,1.0,0.0,0.0,0.44617655936627443,1,0,0.0,0.0,0.0,1.0,0.0,0.0,1.0,0.0,0.0,0.0,7,1,2022,11,8,2,0,0,2,1,0,1,GRAVE_MORTALIDAD,2
4,1,20,0,4,1,-14.798573831537128,-70.66538908139695,2,4,3,0,2,2,2,2,1629.7743749430952,2.0,2,0,1.0,6,23,323.30648988026667,0.3992661744669893,73.49435959513855,58.29814218332627,6.058129773699112,501.75030630034775,6651.974086695471,13642.312999999998,2020.7790000000005,2354.117,9267.416999999998,3314.0520000000006,10328.260999999997,24.29244952817019,5,1,0,0,3,29.6656342261641,25.818289102507297,33.51297934982091,1.0,0.0,0.0,0.0,1,0,0.0,0.0,0.0,1.0,0.0,0.4870206501790926,0.5129793498209074,0.4870206501790926,1.0,1.0,5,0,2022,11,21,4,0,1,2,1,0,1,GRAVE_MORTALIDAD,2
3,1,3,0,4,1,-15.947967957766338,-71.21494560257602,0,4,7,0,2,0,1,0,1504.4250000000002,2.0,2,0,1.0,7,25,241.0,0.4498224071382834,81.63336343193146,58.84842497065013,5.774685730039019,620.6584683449911,1358.612419700214,10322.272,1495.236,1749.739,7077.2970000000005,2886.595,7435.677000000001,27.964725207783708,10,2,0,0,8,37.92208947325825,25.718607017827836,48.718607017827836,1.0,0.0,0.0,0.281392982172163,2,0,0.0,0.281392982172163,0.281392982172163,0.718607017827837,0.0,0.718607017827837,0.281392982172163,0.0,0.718607017827837,0.0,13,2,2023,3,16,3,0,0,0,1,0,1,GRAVE_MORTALIDAD,2
3,1,9,0,4,0,-11.68059227737545,-75.49514774441937,0,4,0,0,5,2,2,2,6543.555,2.0,4,4,1.0,14,33,1198.0,0.37382052713359065,77.63898527069924,56.8909122242796,5.728220863109558,405.7186200128041,4369.230767380262,12338.175982507953,1822.661459328022,1224.378617882831,9291.1359052971,1747.968761744546,10590.207220763406,14.134524316172849,6,1,0,0,4,20.72214859278737,20.311034536498862,21.133262649075874,1.0,1.0,0.0,0.17777188742298944,1,0,0.0,0.0,0.0,0.8222281125770106,0.8222281125770106,0.8222281125770106,0.17777188742298944,1.0,1.0,1.0,20,2,2022,10,23,6,1,0,2,1,0,1,GRAVE_MORTALIDAD,2
5,1,3,0,4,0,-15.845097086067053,-71.72803629494527,0,4,1,0,2,0,1,0,6567.385332599838,2.0,3,3,1.0,12,32,1301.309261841238,0.5605065301144075,80.6670690762907,57.74938426000438,7.263986069088043,1037.2755641007686,2233.69645801785,10322.272,1495.236,1749.739,7077.2970000000005,2886.595,7435.677000000001,27.964725207783708,2,1,0,0,1,43.97721075294235,40.76424327941103,47.19017822647367,1.0,0.0,0.0,0.0,1,0,0.0,0.0,0.0,1.0,0.0,1.0,0.24715134411779371,0.0,0.0,0.0,2,0,2023,7,10,6,1,0,0,1,0,1,GRAVE_MORTALIDAD,2
5,1,9,0,4,1,-12.499198782534993,-75.45809912849417,0,4,2,0,1,2,2,0,6543.555,2.267140812668169,3,2,1.0,10,32,1271.998005109083,0.42926402099394956,73.48106435313198,54.217987134896525,6.357020505585041,650.7017105467569,25136.31683750986,8274.976193876839,1508.9751848231506,1899.1397356468335,4866.861273406854,1862.2939208571188,6412.682273019719,22.541030863241968,5,1,0,0,4,39.19857756199549,38.66429593665916,39.73285918733183,1.0,0.267140812668169,0.0,0.267140812668169,1,0,0.0,0.267140812668169,0.732859187331831,0.0,0.732859187331831,0.267140812668169,0.267140812668169,0.0,0.0,0.0,15,2,2021,6,4,5,1,0,1,1,0,1,GRAVE_MORTALIDAD,2
10,1,3,0,4,1,-16.669173930408373,-72.56159726766577,0,4,0,0,2,1,1,0,1926.94,2.0,2,0,1.0,9,32,393.0,0.5506134487544145,84.11518135609504,66.07904665694413,8.594478109433165,777.7519971785225,628.7494646680942,10322.272,1495.236,1749.739,7077.2970000000005,2886.595,7435.677000000001,27.964725207783708,33,1,0,0,32,41.38096239134778,40.88573230442601,41.75238495653911,1.0,0.0,0.0,0.876192478269556,1,0,0.0,0.12380752173044396,0.876192478269556,0.0,0.0,0.0,1.0,0.0,0.12380752173044396,0.0,2,0,2024,2,19,3,0,1,0,1,0,1,GRAVE_MORTALIDAD,2
5,1,3,0,4,0,-16.557261080440206,-71.75798316384368,0,4,7,0,2,0,1,0,6570.284108808073,2.0,3,2,1.0,12,32,1313.8760369402041,0.6105481451420971,78.10653088113892,68.35418098658066,8.411557426919764,1158.5430895193692,35025.678800856535,10322.272,1495.236,1749.739,7077.2970000000005,2886.595,7435.677000000001,27.964725207783708,3,1,0,0,1,28.386076996892395,27.554430798756957,29.21772319502783,0.27721539937847883,0.0,0.0,0.0,1,0,0.0,0.27721539937847883,0.0,1.0,0.0,1.0,0.27721539937847883,0.0,0.0,0.0,12,2,2021,8,16,1,0,1,0,1,0,1,GRAVE_MORTALIDAD,2
4,0,7,0,4,1,-13.870610991472365,-73.6939730528286,0,4,1,0,2,2,2,2,1638.9756793432484,2.0,2,2,1.0,8,24,297.84374441311024,0.2751750212676399,76.83507917864317,49.55715912623121,4.6626891648852355,229.04244603690444,3960.767821834227,12902.13063187048,1855.083325829326,1908.5211920217532,9138.5261140194,2677.4965460942853,10224.634085776193,20.689983684686965,2,1,0,0,0,54.66765029056129,53.740285123702385,55.36317416570547,0.7681587082852736,0.7681587082852736,0.0,0.0,1,0,0.23184129171472645,0.0,0.0,0.7681587082852736,0.0,0.0,0.7681587082852736,0.7681587082852736,0.0,0.23184129171472645,1,0,2021,8,11,4,0,0,2,1,0,1,GRAVE_MORTALIDAD,2
7,1,9,0,8,3,-10.038133799698908,-75.8147255807267,1,4,6,1,6,2,2,0,6543.555,2.0,4,4,1.0,14,33,1198.0,0.24847881629452098,77.35743298468549,47.15374497187251,4.265011498597272,192.1963615060013,5969.031951203026,8763.15753830751,1319.9438969343528,1748.1655758833751,5695.048065489783,1282.1342619644588,7481.023276343051,14.67833324320316,5,1,0,0,4,40.066494920407415,40.066494920407415,40.066494920407415,1.0,0.0,0.0,0.0,1,0,0.0,0.2944372883503089,0.0,0.7055627116496911,0.0,0.0,1.0,0.0,0.0,0.0,6,0,2023,8,13,3,0,0,0,1,0,1,GRAVE_MORTALIDAD,2
6,1,4,0,4,1,-13.29674791821052,-74.36905572144391,0,4,0,0,2,1,0,2,1679.5849999999998,2.0,2,3,1.0,9,24,315.0,0.1859776092837948,69.85250115366037,39.77024304701982,3.1640035399309645,143.5227500887571,15617.884368308352,12678.733000000004,1805.074000000001,1774.0339999999994,9099.625000000004,2485.375000000001,10193.358000000002,19.602707936195205,36,1,0,0,35,41.9232450142375,41.9232450142375,41.9232450142375,1.0,0.0,0.0,1.0,1,0,0.0,0.0,1.0,0.0,0.0,0.0,1.0,0.0,0.0,0.0,9,0,2023,7,12,1,0,0,2,1,0,1,GRAVE_MORTALIDAD,2
6,1,7,0,4,2,-13.875166262938478,-71.32019548276119,5,4,0,0,5,1,0,1,6543.555,2.0,4,4,1.0,14,33,1198.0,0.36917826229851997,73.12408125861464,61.29584320417339,6.001280402108951,402.3413844692261,4916.8430942419955,17779.13499998999,2097.3709999899997,2863.123,12818.640999999989,2878.713,14900.421999989989,16.19152450331032,3,1,0,0,1,37.68698601389882,37.68698601389882,37.68698601389882,0.24217465034747054,1.0,0.0,0.0,1,0,0.0,0.0,0.7578253496525295,0.24217465034747054,0.7578253496525295,0.24217465034747054,0.0,0.7578253496525295,0.24217465034747054,0.7578253496525295,15,2,2022,5,18,5,1,0,2,1,0,1,GRAVE_MORTALIDAD,2
3,1,7,2,4,1,-13.658649497247836,-71.78016227025805,0,0,6,0,2,0,1,2,633.7582354896331,2.0,2,3,0.07300359289962732,9,32,138.44310668427403,0.6783122124805684,76.94203100220125,82.62088799805593,11.092379971514061,1244.4275193595074,132226.67622076182,17477.132130804497,2091.7795088033618,2825.9637331925323,12559.388888808604,2910.494311129331,14566.637819675167,16.78292113593559,3,1,0,0,0,46.53650179644981,36.8030395218959,56.26996407100373,1.0,0.9269964071003727,0.0,0.9269964071003727,1,0,0.0,0.0,0.07300359289962732,0.9269964071003727,0.9269964071003727,0.0,1.0,0.07300359289962732,0.07300359289962732,1.0,6,1,2023,8,2,5,1,0,2,1,0,1,GRAVE_MORTALIDAD,2
5,1,12,0,4,1,-8.416865653267607,-78.86052508582823,0,4,7,1,2,2,2,4,6543.555,3.0,2,0,1.0,0,30,1475.0,0.499165506199321,79.0303433860762,56.16965900218592,6.336152598695286,840.190404961181,10543.54926170632,8931.828000000005,1335.5899999999997,1935.9830000000004,5660.255000000005,1219.309,7712.519000000005,13.651281686122925,9,1,0,0,8,29.0,28.488057160695355,29.511942839304645,1.0,0.0,0.0,0.7440285803476767,1,0,0.0,0.0,0.0,0.2559714196523233,0.2559714196523233,0.2559714196523233,0.7440285803476767,0.0,0.0,0.2559714196523233,17,2,2022,10,25,4,0,1,0,1,1,1,GRAVE_MORTALIDAD,2
6,1,20,0,4,1,-16.36118855833155,-69.2314258710146,0,4,7,1,2,1,1,2,7586.903,2.0,2,0,1.0,9,5,1198.0,0.3165090894545869,72.969641049674,69.1278394147308,6.0160374778788,250.7872170233644,13778.516059957172,13642.312999999998,2020.7790000000005,2354.117,9267.416999999998,3314.0520000000006,10328.260999999997,24.29244952817019,5,1,0,0,4,50.61902789654452,50.61902789654452,50.61902789654452,0.7110009619498112,0.2889990380501888,0.0,0.0,1,0,0.0,0.0,0.7110009619498112,0.2889990380501888,0.0,0.2889990380501888,0.7110009619498112,0.0,0.2889990380501888,0.0,4,0,2022,3,20,1,0,1,2,1,0,1,GRAVE_MORTALIDAD,2
5,1,5,0,4,1,-12.976684939500151,-74.55804470892056,0,3,1,0,1,2,2,2,6788.219561032311,2.0,3,3,1.0,12,26,1198.0,0.27108134064088285,70.32238686338815,48.77667706953392,4.640029740887776,306.58820003499955,15279.233479152947,12581.606130341126,1810.0899438274496,1617.2722716722562,9154.24391484142,2275.0667229422443,10306.539407398881,18.043181834974508,3,1,0,0,2,21.524246604881608,20.468998955348187,22.57949425441503,1.0,1.0,1.0,1.0,1,0,0.0,0.0,0.0,1.0,0.7655005223259063,0.23449947767409374,0.0,1.0,1.0,0.7655005223259063,4,0,2022,6,7,4,0,0,2,1,0,1,GRAVE_MORTALIDAD,2
6,1,1,0,3,3,-9.212045032976778,-77.75746765390043,4,4,4,1,4,2,2,0,6543.555,2.0,4,4,1.0,14,33,1198.0,0.3395023289017112,81.78755939611996,41.31220320223237,3.9534751633992515,463.9031660122471,6083.571563146265,10767.648,1885.0630000000003,1222.721,7659.864000000001,2100.343,8667.305000000002,19.506051832303577,2,1,0,0,1,41.24068525086234,41.24068525086234,41.24068525086234,1.0,0.0,0.0,0.0,1,0,0.0,0.25062098327584403,0.749379016724156,0.0,0.0,0.0,1.0,1.0,0.25062098327584403,0.0,7,0,2022,4,17,3,0,0,0,1,0,1,GRAVE_MORTALIDAD,2
5,1,5,0,4,1,-5.462357819713843,-79.06439969913009,0,4,7,1,1,2,2,1,816.0869270163421,1.0,1,3,0.0,9,32,198.3750285970916,0.2946960602616753,77.78134038766498,42.10898377061331,4.513750784247169,288.6792152194048,21146.388832154822,15935.565011852366,1733.9250000199986,935.692,13265.948011832368,2000.1670000199988,13935.398011832369,12.551591352627522,2,1,0,0,1,50.45306737590015,50.370908258993694,50.535226492806586,1.0,0.08215911690644695,0.0,0.917840883093553,1,0,0.0,0.917840883093553,0.0,0.08215911690644695,0.08215911690644695,0.08215911690644695,0.917840883093553,0.0,0.08215911690644695,0.0,18,2,2023,8,14,6,1,0,2,1,0,1,GRAVE_MORTALIDAD,2
6,1,1,0,4,1,-9.924436370203624,-76.96461921562779,0,4,0,0,2,2,2,0,9936.932,2.0,2,0,1.0,9,32,3830.0,0.45964512179657646,69.62429403556737,44.62512708313539,7.464067392679049,799.5248556389184,6928.364856503137,10767.648,1885.0630000000003,1222.721,7659.864000000001,2100.343,8667.305000000002,19.506051832303577,2,1,0,0,1,50.43504440277788,50.43504440277788,50.43504440277788,1.0,0.10802895749157926,0.0,0.10802895749157926,1,0,0.0,1.0,0.0,0.0,0.0,0.0,1.0,0.0,0.0,0.0,14,2,2022,10,14,1,0,0,0,1,0,1,GRAVE_MORTALIDAD,2
3,2,4,0,4,1,-13.034026586413312,-74.1395067553051,0,4,0,0,1,2,2,5,4167.986803832412,1.2326366383867748,2,3,0.23263663838677495,10,16,1129.704660816423,0.229055447066518,76.57265157939088,48.87051489817601,3.5006941149936552,177.60505814038194,17119.60296475089,12678.733000000004,1805.074000000001,1774.0339999999994,9099.625000000004,2485.375000000001,10193.358000000002,19.602707936195205,4,2,0,0,2,35.60305501946891,23.836816808066125,43.02090084839675,1.0,1.0,0.23263663838677495,1.0,2,0,0.0,0.0,0.0,1.0,1.0,0.767363361613225,0.767363361613225,0.23263663838677495,1.0,0.23263663838677495,3,0,2021,7,3,1,0,0,2,1,0,1,GRAVE_MORTALIDAD,2
3,1,14,0,4,1,-12.270888714168983,-76.89797255351907,0,3,7,1,2,2,2,0,6639.975,2.0,2,0,1.0,9,31,1616.0,0.6909236767275176,78.41626133969348,70.97436336767564,9.826485374940413,1476.8351947609171,95908.53319057816,7626.313,1683.4029999999998,1599.0829999999996,4343.827000000001,1814.875,5811.438000000001,23.797541485643197,8,1,0,0,6,33.24765285321416,33.24765285321416,33.24765285321416,1.0,0.0,0.0,0.0,1,0,0.0,0.0,0.0,0.7502607940873155,0.0,0.0,1.0,0.0,0.2497392059126845,0.0,6,1,2023,9,18,1,0,0,0,1,0,1,GRAVE_MORTALIDAD,2
7,1,2,0,4,3,-13.992685655527875,-73.50681481838271,6,5,6,2,6,2,2,0,6543.555,2.0,4,4,1.0,14,33,1198.0,0.28564843857650446,69.0585555042207,62.53403393607181,4.821078595690646,255.06710814463912,1094.7084871425955,8358.971,1282.451,1298.0969999999998,5778.423,1432.683,6926.288,17.139466089785454,2,1,0,0,1,27.92154671454955,27.92154671454955,27.92154671454955,1.0,0.0,0.0,0.0,1,0,0.0,0.0,0.0,1.0,0.0,0.0,1.0,0.0,0.0,0.0,19,2,2022,2,13,3,0,0,2,1,0,1,GRAVE_MORTALIDAD,2
3,1,13,0,4,1,-6.3319558019367435,-77.00097150648256,2,4,7,1,2,1,1,1,7758.33400008,2.0,2,0,1.0,9,20,2133.0,0.45532736851348055,73.69642911774778,49.22901501048926,6.4925697303725185,813.5747627976327,2397.2828849634384,4991.524343473562,942.7071388646934,822.5652161406118,3226.2519884682565,987.2019153646177,4004.3224281089438,20.286308906994208,4,2,0,0,2,64.93565185856045,56.49865589713487,73.37264781998601,1.0,0.3753360257162832,0.6246639742837168,0.6246639742837168,2,0,0.0,0.0,0.6246639742837168,0.3753360257162832,1.0,0.3753360257162832,0.6246639742837168,0.0,1.0,1.0,17,2,2021,10,15,5,0,0,1,1,0,1,GRAVE_MORTALIDAD,2
3,2,5,0,4,1,-5.679211094411161,-78.7816324207255,0,3,7,0,2,1,1,0,7758.33400008,2.0,2,0,1.0,9,20,2133.0,0.5803239946829384,74.49544278598792,68.33065356443184,8.733179344969395,1046.078117086984,102362.46895074946,15935.565011852366,1733.9250000199986,935.692,13265.948011832368,2000.1670000199988,13935.398011832369,12.551591352627522,3,2,0,0,1,31.756507326608855,28.756507326608855,34.756507326608855,1.0,0.0,0.0,1.0,2,0,0.0,0.9188357755362855,0.0,1.0,1.0,0.0,1.0,0.9188357755362855,1.0,0.9188357755362855,2,0,2022,7,22,5,0,0,2,1,0,1,GRAVE_MORTALIDAD,2
4,1,7,0,3,2,-10.230788331644478,-76.75733977815885,0,3,7,0,1,1,1,0,6543.555,2.547797520896461,2,1,1.0,6,31,1349.7399132883197,0.535830493169904,80.22034413585293,72.85125617545624,8.412050146706564,753.2879444307827,27337.200924325716,8672.780644428187,1311.560412462917,1647.5293694145603,5713.690862550709,1315.7972517762385,7356.983392651948,15.228647321029419,4,1,0,0,2,27.777646699273916,25.31255785523984,30.242735543307994,1.0,1.0,0.0,0.0,1,0,0.0,0.0,0.0,1.0,0.5477975208964613,0.4522024791035387,0.5477975208964613,0.0,0.0,0.5477975208964613,3,0,2023,6,13,4,0,0,0,1,0,1,GRAVE_MORTALIDAD,2
3,1,5,1,4,1,-14.670110913433586,-73.43154256436097,0,4,6,1,1,0,1,0,1864.7521795234425,1.7390914219929532,1,0,0.7390914219929531,9,32,365.343690731253,0.6202483661908278,75.08267943461536,71.2696459897537,9.77057160996587,1154.7836765707136,21951.086070677116,9959.493233161571,1453.582989155487,1798.3316572023446,6707.57858680374,2451.5857806089425,7507.9074525526285,24.230225012163014,9,1,0,0,8,39.95636568797181,29.304542890035236,50.347279907901346,0.7390914219929531,0.0,0.0,0.7390914219929531,1,0,0.0,0.0,0.2609085780070469,0.7390914219929531,0.0,0.7390914219929531,1.0,0.0,0.2609085780070469,0.0,18,2,2021,3,4,2,0,0,0,1,0,1,GRAVE_MORTALIDAD,2
6,1,7,0,4,0,-13.327527452634058,-71.58653691849211,0,4,4,0,3,2,2,2,6543.555,2.0,4,4,1.0,14,33,1198.0,0.2466226927938573,59.50771953912937,42.678907967899015,3.991373779253808,285.51302601039464,12676.173447537472,17779.13499998999,2097.3709999899997,2863.123,12818.640999999989,2878.713,14900.421999989989,16.19152450331032,3,1,0,0,2,37.53587646216782,37.53587646216782,37.53587646216782,1.0,1.0,0.0,0.0,1,0,0.0,0.0,0.0,0.6865139430432525,0.0,0.6865139430432525,0.31348605695674747,0.0,0.31348605695674747,0.0,10,0,2023,9,2,3,0,0,2,1,0,1,GRAVE_MORTALIDAD,2
3,1,14,2,4,1,-12.019625663198061,-76.94263615083509,1,2,6,1,2,2,2,1,875.67,2.0,2,0,1.0,3,14,156.0,0.6831952456039544,78.60873873772867,74.49000793376607,10.00420210847705,1376.0472418044385,255143.7301927195,7626.313,1683.4029999999998,1599.0829999999996,4343.827000000001,1814.875,5811.438000000001,23.797541485643197,13,2,0,0,10,41.48289655371694,29.739711597296772,53.04115361081291,1.0,0.0,0.0,0.0,2,0,0.0,0.8150721006758068,0.0,1.0,0.0,0.18492789932419318,1.0,0.18492789932419318,0.18492789932419318,0.18492789932419318,13,2,2023,1,23,4,0,1,0,1,0,1,GRAVE_MORTALIDAD,2
2,1,14,2,2,4,-12.000502107682397,-77.00010405229425,0,0,1,1,2,0,1,0,6543.555,2.0,4,4,1.0,14,33,1198.0,0.701053025277506,79.62867561460851,73.1469484600971,10.064317505194426,1464.6926161541437,1150285.0494171206,7626.313,1683.4029999999998,1599.0829999999996,4343.827000000001,1814.875,5811.438000000001,23.797541485643197,2,1,0,0,0,37.60050796234911,31.01961701282535,44.18139891187288,1.0,0.0,0.0,0.0,1,0,0.0,0.0,1.0,0.8774521266031688,1.0,0.0,0.8774521266031688,0.8774521266031688,1.0,0.8774521266031688,7,1,2024,3,19,5,1,0,0,1,0,1,GRAVE_MORTALIDAD,2