CLASE SINIESTRO,CANTIDAD DE VEHICULOS DAÑADOS,DEPARTAMENTO,ZONA,TIPO DE VÍA,RED VIAL,COORDENADAS LATITUD,COORDENADAS  LONGITUD,CONDICIÓN CLIMÁTICA,ZONIFICACIÓN,CARACTERÍSTICAS DE VÍA,PERFIL LONGITUDINAL VÍA,SUPERFICIE DE CALZADA,¿EXISTE SEÑAL VERTICAL?,¿EXISTE SEÑAL HORIZONTAL?,CAUSA FACTOR PRINCIPAL,MTC_RVN_LONGITUD_KM,MTC_RVN_N_CARRILES_MEDIANA,MTC_RVN_SUPERFICIE_DOMINANTE,MTC_RVN_ESTADO_DOMINANTE,MTC_RVN_ES_CONCESIONADA,MTC_RVN_CONCESION_PRINCIPAL,MTC_RVN_CORREDOR_LOGISTICO,MTC_RVN_N_TRAMOS,IDH_2019,IDH_ESP_VIDA_2019,IDH_EDUC_SECUND_PCT_2019,IDH_ANIOS_EDUC_2019,IDH_INGRESO_PERCAP_2019,IDH_POBLACION_2019,MTC_DEP_RED_TOTAL_KM,MTC_DEP_NACIONAL_TOTAL_KM,MTC_DEP_DEPARTAMENTAL_TOTAL_KM,MTC_DEP_VECINAL_TOTAL_KM,MTC_DEP_PAV_TOTAL_KM,MTC_DEP_NO_PAV_TOTAL_KM,MTC_DEP_PCT_PAVIMENTADA,PER_TOTAL_PERSONAS,PER_N_CONDUCTORES,PER_N_CONDUCTORES_FUGADOS,PER_N_PEATONES,PER_N_PASAJEROS_OCUPANTES,PER_EDAD_COND_PROM,PER_EDAD_COND_MIN,PER_EDAD_COND_MAX,PER_ANY_COND_MASCULINO,PER_ANY_LIC_PROBLEMA,PER_ANY_DOSAJE_POS,PER_ANY_DOSAJE_EVALUADO,VEH_TOTAL,VEH_N_FUGADOS,VEH_ANY_FUGADO,VEH_ANY_CARGA,VEH_ANY_PUBLICO,VEH_ANY_PARTICULAR,VEH_ANY_MOTO,VEH_ANY_AUTO,VEH_ANY_CAMION_BUS,VEH_ANY_SOAT_PROBLEMA,VEH_ANY_CITV_PROBLEMA,VEH_ANY_SEGURO_PROBLEMA,HORA_NUM,FRANJA_HORARIA,ANIO,MES,DIA_MES,DIA_SEMANA,ES_FIN_SEMANA,ES_QUINCENA,REGION_NATURAL,TIENE_SEÑALIZACION,ES_VIA_MULTICARRIL,ES_DEPTO_BAJO_PAVIMENTO,CATEGORIA_SEVERIDAD,CATEGORIA_SEVERIDAD_ENC
5,1,17,0,4,1,-15.825668753666683,-72.54367573641696,0,4,1,0,2,1,1,2,1735.9094743476576,2.0,2,0,0.7731835012587582,9,29,536.3480272044649,0.7186170825988122,77.83730989947355,71.4304329722864,11.95979570655042,1521.0612948501098,2947.872707016091,3114.2841319188315,491.67424946429674,904.8219005251942,1717.7879819293412,803.9426310748737,2310.3415008439583,26.360296534549807,2,1,0,0,1,37.54636700251751,37.31955050377628,37.77318350125876,1.0,0.7731835012587582,0.0,0.22681649874124177,1,0,0.0,0.22681649874124177,0.0,0.22681649874124177,0.0,0.7731835012587582,0.22681649874124177,0.0,0.0,0.0,19,2,2021,6,25,3,0,1,0,1,0,1,GRAVE_MORTALIDAD,2
6,1,3,0,4,0,-15.573127153553292,-72.71055239720882,0,4,0,0,2,0,1,0,6575.220509825829,2.0,3,2,1.0,12,32,1335.276323451529,0.5264851787223577,81.60221728790694,51.974793818316655,7.63358249322175,876.9895790264558,1898.449318632261,10322.272,1495.236,1749.739,7077.2970000000005,2886.595,7435.677000000001,27.964725207783708,2,1,0,0,1,41.671587742938925,41.671587742938925,41.671587742938925,1.0,0.0,0.0,0.0,1,0,0.0,0.328412257061074,0.0,0.671587742938926,0.0,0.671587742938926,0.328412257061074,0.0,0.0,0.0,3,0,2022,8,18,6,1,0,0,1,0,1,GRAVE_MORTALIDAD,2
3,2,5,0,4,2,-7.195232289646395,-78.62226418456851,0,4,0,0,2,1,0,2,6543.555,2.0,4,4,1.0,14,33,1198.0,0.39316419137506253,72.6712117426065,55.22343312323423,5.247695804085677,550.4827252360208,14041.546330646252,15994.047645713343,1745.4544127796162,996.8349141234647,13251.758318810262,2028.0366683143714,13966.010977398973,12.667059102210958,5,2,0,0,3,31.53172249181603,17.475837377240467,45.58760760639159,1.0,1.0,0.0,1.0,2,0,0.0,0.0,0.0,1.0,0.03172249181603115,0.9682775081839688,0.03172249181603115,0.03172249181603115,1.0,0.03172249181603115,13,2,2023,7,27,5,0,1,2,1,0,1,GRAVE_MORTALIDAD,2
4,0,16,1,2,2,-8.86139848304844,-78.6858548127189,0,2,4,0,1,2,2,0,6543.555,2.0,4,4,1.0,14,33,1198.0,0.6713400597183972,80.04467451140002,73.82683433327027,10.290579613699455,1271.5571394898814,158261.14082427096,8249.24048709573,1729.445484660306,1151.6804819204715,5368.114520514953,2000.7162683332854,6248.524218762445,24.2169089515349,3,1,0,0,2,26.884633407503884,26.884633407503884,26.884633407503884,1.0,0.0,0.46503332659055596,1.0,1,0,0.0,0.534966673409444,0.0,1.0,0.534966673409444,0.0,1.0,0.0,0.534966673409444,0.0,15,1,2021,10,20,4,0,0,0,1,0,1,GRAVE_MORTALIDAD,2
6,1,4,0,4,0,-12.815912756765961,-74.23568582573243,0,4,4,0,7,2,2,2,6543.555,2.0,4,4,1.0,14,33,1198.0,0.12617723573614814,81.65277636864352,33.46816312470184,2.236422830350859,90.25811404535429,1834.0073877822126,12678.733000000004,1805.074000000001,1774.0339999999994,9099.625000000004,2485.375000000001,10193.358000000002,19.602707936195205,5,1,0,0,3,40.18848862457426,40.18848862457426,40.18848862457426,1.0,0.0,0.0,0.03769772491485279,1,0,0.0,0.0,0.0,1.0,0.0,0.9623022750851472,0.03769772491485279,0.0,0.0,0.0,7,1,2022,8,25,5,0,1,2,1,0,1,GRAVE_MORTALIDAD,2
5,1,11,0,4,0,-8.999516453338696,-77.65481140594818,0,4,7,1,6,2,2,0,6394.817730670611,2.0,3,3,0.8080678171160226,13,32,1038.1204916576469,0.49876327717342195,76.61735829908648,48.99359298300317,6.707609221599419,908.2400824485918,44093.25298786057,9571.483648744545,1429.804518340989,1776.5940703170986,6365.085060086456,1290.1755440897023,8281.308104654841,13.517117309526713,9,1,0,0,8,30.41444020633148,28.11125401172375,32.71762640093921,1.0,0.0,0.0,0.0,1,0,0.0,0.1919321828839774,0.1919321828839774,0.8080678171160226,0.1919321828839774,0.0,1.0,0.0,0.0,0.0,15,2,2023,8,26,3,0,1,0,1,0,1,GRAVE_MORTALIDAD,2
5,1,9,0,4,1,-13.9621741254707,-73.05207726463564,0,4,2,0,2,1,0,2,1706.2869202839136,2.0,1,2,0.6792754755400424,9,26,369.5231691581928,0.2264004644267845,71.36437396631541,48.54784438382903,4.162549343120646,171.8967790567122,14582.788889131567,12987.776737279128,1874.255883548636,1960.0808443223052,9153.440009408187,2751.152036755905,10236.624700523222,21.10682307812147,25,1,0,0,24,48.99094344425053,46.58550951080085,51.39637737770021,1.0,0.0,0.0,0.6792754755400424,1,0,0.0,0.0,0.6792754755400424,0.3207245244599576,0.0,0.3207245244599576,1.0,0.0,0.3207245244599576,0.0,4,0,2023,4,14,1,0,0,2,1,0,1,GRAVE_MORTALIDAD,2
6,1,12,0,4,0,-9.38585288101434,-76.88207611649703,0,4,5,0,2,1,0,0,6543.555,2.0,4,4,1.0,14,33,1198.0,0.2994078172102273,65.41302952714373,59.47072464614391,4.823501126921176,317.0876849459885,29111.421936624898,8710.266843839589,1592.862614790406,1408.379135190211,5709.0250938589725,2026.132779470435,6684.134064369154,23.227839831727753,6,1,0,0,5,25.562429374117922,25.562429374117922,25.562429374117922,1.0,0.0,0.0,0.43757062588207907,1,0,0.0,0.5624293741179209,0.0,0.43757062588207907,0.0,0.0,1.0,0.0,0.43757062588207907,0.0,6,0,2022,3,17,5,0,0,1,1,0,1,GRAVE_MORTALIDAD,2
5,1,3,0,4,1,-15.748813580759823,-71.03297438099412,0,4,7,1,2,2,2,0,830.0693919948438,1.2794453073189027,2,2,0.2794453073189026,8,9,134.35790548319758,0.4498224071382834,81.63336343193146,58.84842497065013,5.774685730039019,620.6584683449911,1358.612419700214,10322.272,1495.236,1749.739,7077.2970000000005,2886.595,7435.677000000001,27.964725207783708,5,1,0,0,4,42.62471488778933,40.52887508289756,44.7205546926811,1.0,0.0,0.0,0.2794453073189026,1,0,0.0,1.0,0.0,0.2794453073189026,0.0,0.2794453073189026,1.0,0.0,0.2794453073189026,0.0,5,0,2023,8,9,5,1,0,0,1,0,1,GRAVE_MORTALIDAD,2
3,2,12,0,4,1,-8.528092873700098,-78.67903212008936,0,4,7,1,2,1,1,2,6543.555,3.0,2,0,1.0,0,30,1475.0,0.4971504606547645,77.79759708660042,46.44666297237219,6.322206801902116,929.9716106661404,44368.59100642397,8931.828000000005,1335.5899999999997,1935.9830000000004,5660.255000000005,1219.309,7712.519000000005,13.651281686122925,4,2,0,0,2,45.52125064971132,32.65249956685912,58.39000173256352,1.0,0.0,0.0,0.21749985561970642,2,0,0.0,0.7825001443802936,1.0,0.0,0.0,0.7825001443802936,1.0,0.0,0.7825001443802936,0.0,16,2,2022,6,10,2,0,0,0,1,1,1,GRAVE_MORTALIDAD,2
3,1,13,0,4,1,-6.455626162739481,-80.1327140581443,0,4,7,1,2,2,2,0,6543.555,3.0,2,0,1.0,0,30,1475.0,0.3879800350664534,75.68222437543551,50.64551119758177,4.891651630735472,548.2382997194167,48902.40256959316,3459.691,515.0619999999999,689.7280000000001,2254.901,703.3549999999999,2756.336,20.329994788551925,21,2,0,0,19,38.42945704708766,36.475467153655266,40.383446940520045,1.0,0.0,0.0,0.0,2,0,0.0,0.0,1.0,1.0,0.0,0.8865025266419025,1.0,0.0,0.8865025266419025,0.0,4,0,2022,2,7,0,0,0,0,1,1,1,GRAVE_MORTALIDAD,2
4,1,20,0,4,0,-15.784728407207174,-69.30053428069125,0,4,4,1,2,2,2,3,6543.555,2.0,4,4,1.0,14,33,1198.0,0.2230626203181996,71.48643444894635,61.559721551637054,5.196371253159518,132.35902108449366,4772.197536870881,13642.312999999998,2020.7790000000005,2354.117,9267.416999999998,3314.0520000000006,10328.260999999997,24.29244952817019,3,1,0,0,1,43.553844803244175,40.547057274309495,46.560632332178855,1.0,1.0,0.0,0.0,1,0,0.0,0.0,0.601357505786936,1.0,0.601357505786936,0.0,1.0,0.39864249421306397,1.0,1.0,19,2,2022,5,14,4,0,0,2,1,0,1,GRAVE_MORTALIDAD,2
6,1,0,0,4,1,-6.364311877768868,-77.51372659433531,0,4,0,0,6,2,2,0,2760.8550000000005,1.0,1,3,0.0,9,32,1208.0,0.4828187626600175,73.00435172260774,53.83169450284718,6.391832856849296,866.1359969875144,1369.3297644539612,3903.732,1155.121,585.018,2163.5930000000003,943.591,2960.1410000000005,24.17151074920102,2,1,0,0,1,57.94383590266484,57.94383590266484,57.94383590266484,1.0,0.0,0.0,0.0,1,0,0.0,0.0,0.0,1.0,0.0,0.862922393510989,0.13707760648901102,0.0,0.0,0.0,8,1,2023,2,28,3,0,1,1,1,0,1,GRAVE_MORTALIDAD,2
6,1,12,0,4,2,-7.280581499882685,-77.71214692510816,0,4,7,1,2,2,2,0,6543.555,2.0,4,4,1.0,14,33,1198.0,0.3269893649339368,78.34647766553428,36.25251393958959,5.477434385081752,376.50870725932714,1979.0477993943741,8931.828000000005,1335.5899999999997,1935.9830000000004,5660.255000000005,1219.309,7712.519000000005,13.651281686122925,3,1,0,0,2,37.0805502535153,37.0805502535153,37.0805502535153,1.0,0.0,0.0,0.0,1,0,0.0,0.7329249925436676,0.0,0.2670750074563324,0.0,0.0,1.0,0.0,0.2670750074563324,0.0,12,1,2023,11,9,3,0,0,0,1,0,1,GRAVE_MORTALIDAD,2
6,1,8,0,4,1,-13.047421897362902,-74.94800845161208,0,4,2,0,1,2,2,0,6543.555,2.0,4,4,1.0,14,33,1198.0,0.488230635263319,69.43676718997209,51.35450690635422,6.587870960289425,965.860217779833,2302.593147751606,8511.426,1445.3929999999996,2008.516,5057.516999999999,1879.579,6631.846999999998,22.08300935706896,3,1,0,0,2,27.118729846169238,27.118729846169238,27.118729846169238,1.0,0.4653390769244762,0.0,0.4653390769244762,1,0,0.0,0.0,0.0,1.0,0.0,0.5346609230755238,0.4653390769244762,0.4653390769244762,0.0,0.4653390769244762,8,1,2023,6,9,3,0,0,2,1,0,1,GRAVE_MORTALIDAD,2
3,1,3,0,4,1,-16.523269810727108,-72.49660083799901,0,4,7,0,2,0,1,0,6639.975,2.0,2,0,1.0,9,31,1616.0,0.6077843615696785,76.53072135400231,69.81276959706165,8.77367759087771,1135.5159013374655,74658.55888650964,10322.272,1495.236,1749.739,7077.2970000000005,2886.595,7435.677000000001,27.964725207783708,16,2,0,0,14,45.52832502217732,40.751512886290186,50.30513715806445,1.0,0.0,0.0,1.0,2,0,0.0,0.14123857016129604,0.858761429838704,0.14123857016129604,0.14123857016129604,0.0,1.0,0.0,0.0,0.0,19,1,2024,11,21,2,0,1,0,1,0,1,GRAVE_MORTALIDAD,2
3,2,3,0,4,1,-16.020824261979154,-71.29630416021331,0,4,2,0,2,0,1,0,1504.4250000000002,2.0,2,0,1.0,7,25,241.0,0.4685280505645348,81.83746865987648,70.74305753660312,6.037751599761188,617.4715908037651,1751.8736616702354,10322.272,1495.236,1749.739,7077.2970000000005,2886.595,7435.677000000001,27.964725207783708,8,2,0,0,5,41.11292635836493,38.584694768773694,43.865864167084226,1.0,0.0,0.0,0.0,2,0,0.0,0.3258813426157904,1.0,0.6741186573842096,0.0,0.6741186573842096,1.0,0.0,0.0,0.0,21,2,2023,2,24,2,0,1,0,1,0,1,GRAVE_MORTALIDAD,2
2,1,12,0,4,1,-8.421313753286569,-78.78258234812839,0,3,7,1,2,2,2,0,6543.555,2.954042265078086,2,0,1.0,0,30,1462.2697074266298,0.5051395598219868,77.13285387085847,51.52067479184955,6.715328807318118,900.900383457586,67612.41755888652,8931.828000000005,1335.5899999999997,1935.9830000000004,5660.255000000005,1219.309,7712.519000000005,13.651281686122925,18,1,0,0,16,23.166387156367755,20.597450553984885,25.68936602382871,0.9540422650780858,0.9540422650780858,0.0,0.0,1,0,0.04595773492191424,0.0,0.9540422650780858,0.9540422650780858,0.0,0.9540422650780858,0.9540422650780858,0.0,0.0,0.0,5,0,2023,1,7,3,0,0,0,1,0,1,GRAVE_MORTALIDAD,2
6,1,8,0,4,1,-13.190522093919,-75.51372322285145,0,4,0,1,2,1,1,0,1506.7928389630317,1.1218795017813836,1,3,0.12187950178138363,9,16,275.48457758016224,0.3583477250081486,69.49595917379726,48.02252976775946,6.446155147296666,433.2180616979756,1281.758229325947,8511.426,1445.3929999999996,2008.516,5057.516999999999,1879.579,6631.846999999998,22.08300935706896,4,1,0,0,3,55.51248199287446,55.51248199287446,55.51248199287446,1.0,0.0,0.0,0.0,1,0,0.0,0.0,0.0,1.0,0.0,0.0,1.0,0.0,0.8781204982186164,0.0,8,1,2023,4,25,4,0,0,2,1,0,1,GRAVE_MORTALIDAD,2
0,1,14,2,3,1,-11.940998572172331,-77.06855590357387,0,3,2,1,2,2,2,1,6543.555,2.981724930276494,2,0,1.0,0,30,1469.9378056865887,0.7212523817872635,80.08168101411313,77.92804879265385,10.939379422981455,1457.7198934638502,532831.5439326303,7626.313,1683.4029999999998,1599.0829999999996,4343.827000000001,1814.875,5811.438000000001,23.797541485643197,4,1,0,2,0,20.926899721105976,20.926899721105976,20.926899721105976,1.0,0.018275069723506232,0.0,0.0,1,0,0.0,0.0,0.0,1.0,0.0,0.9817249302764938,0.018275069723506232,0.0,1.0,0.0,3,0,2021,3,6,4,0,0,0,1,0,1,GRAVE_MORTALIDAD,2
3,2,7,0,4,1,-15.160777443789243,-71.10907711362877,0,4,0,0,2,0,1,2,568.5409999999999,1.0,2,3,0.0,9,3,93.0,0.35613482384991413,68.36407106405218,63.67703225981102,5.103793916436055,437.36093983278215,1123.2154034037233,17779.13499998999,2097.3709999899997,2863.123,12818.640999999989,2878.713,14900.421999989989,16.19152450331032,5,2,0,0,3,37.56860908660186,28.479323237109046,46.65789493609467,1.0,0.0,0.0,0.0,2,0,0.0,0.9041353525781907,0.09586464742180933,1.0,0.0,0.9041353525781907,1.0,0.0,0.09586464742180933,0.0,6,0,2022,9,23,5,1,0,2,1,0,1,GRAVE_MORTALIDAD,2
3,2,3,0,4,1,-15.468757318870862,-74.8635009179237,0,4,7,0,2,2,2,0,6639.975,2.0,2,0,1.0,9,31,1616.0,0.5140293355498681,82.11897853059659,54.01885147561242,9.200693902288776,697.8064626086847,1477.7837259100645,10322.272,1495.236,1749.739,7077.2970000000005,2886.595,7435.677000000001,27.964725207783708,4,2,0,0,2,54.573243007003725,50.48972934474681,58.65675666926064,1.0,0.0,0.0,0.0,2,0,0.0,0.0,0.0,1.0,0.0,1.0,1.0,0.0,0.06864866614787224,0.0,8,1,2021,1,9,5,1,0,0,1,0,1,GRAVE_MORTALIDAD,2
3,1,7,0,4,1,-15.402434092792763,-71.07901686217986,0,4,0,1,2,0,1,2,568.5409999999999,1.0,2,3,0.0,9,3,93.0,0.42161537975051333,68.5348956868513,64.03565996021354,6.218321534291452,605.6051151489563,1203.485388440384,17779.13499998999,2097.3709999899997,2863.123,12818.640999999989,2878.713,14900.421999989989,16.19152450331032,4,1,0,0,2,33.55272022634131,33.05677562836756,34.04866482431505,1.0,0.0,0.0,0.0,1,0,0.0,0.0,1.0,0.9918891959474917,0.0,0.0,1.0,0.0,0.9918891959474917,0.0,2,0,2023,9,13,5,1,0,2,1,0,1,GRAVE_MORTALIDAD,2
3,2,4,0,4,1,-12.977727624526581,-74.08751023992298,0,4,0,0,2,1,1,5,3361.8601537012464,1.0486031380208938,2,3,0.04860313802089389,9,12,1070.4091084114102,0.23938662219414156,78.18431675354316,51.052994498881134,3.5814411875913423,185.77887352570679,17479.753766434795,12678.733000000004,1805.074000000001,1774.0339999999994,9099.625000000004,2485.375000000001,10193.358000000002,19.602707936195205,6,2,0,0,3,40.17132287326369,25.583237656250727,49.368159205728375,1.0,0.9513968619791061,0.0,1.0,2,0,0.0,0.0,0.04860313802089389,0.9513968619791061,0.9513968619791061,0.9513968619791061,1.0,0.0,0.9513968619791061,0.0,3,0,2021,8,3,1,0,0,2,1,0,1,GRAVE_MORTALIDAD,2
3,1,10,0,4,0,-11.572839251229302,-75.57388506979348,0,4,0,0,6,2,2,2,6543.555,2.0,4,4,1.0,14,33,1198.0,0.37539114626434805,77.89881199583648,56.87333011049815,5.772206042347058,406.4021255495058,4362.83644163949,12321.297416686124,1823.533122734323,1197.1367932547298,9300.62750069707,1711.4216959360635,10609.87572075006,13.863512143714669,4,1,0,0,2,21.445949565780893,21.014460020799056,21.877439110762733,1.0,1.0,0.0,0.13702091003632066,1,0,0.0,0.0,0.0,0.8629790899636793,0.8629790899636793,0.8629790899636793,0.13702091003632066,1.0,1.0,0.8629790899636793,18,1,2022,11,24,5,0,1,2,1,0,1,GRAVE_MORTALIDAD,2
10,1,2,0,4,2,-14.220214957717541,-72.87365362330577,6,5,6,2,6,2,2,0,6543.555,2.0,4,4,1.0,14,33,1198.0,0.32970729302754154,63.10711777017301,60.07700357529045,6.689034498405638,344.02617278203553,840.9180786625823,8358.971,1282.451,1298.0969999999998,5778.423,1432.683,6926.288,17.139466089785454,2,1,0,0,1,31.150338502770264,31.150338502770264,31.150338502770264,1.0,0.0,0.0,0.0,1,0,0.0,0.0,0.0,1.0,0.0,0.0,1.0,0.0,0.4624153743074342,0.0,11,1,2023,2,11,3,0,0,2,1,0,1,GRAVE_MORTALIDAD,2
3,1,10,0,4,1,-13.522837871665637,-76.13345064540351,0,4,7,1,2,0,0,1,478.128990676982,-0.445239107598567,2,0,1.0,12,29,70.4760892401433,0.5850504176734277,78.54221815965799,66.72257667396707,9.280496011431218,970.0145978198284,5427.002965536816,3721.461,698.1859999999996,744.866,2278.409,1102.9029999999996,2618.558,29.636290693359403,3,2,1,0,1,39.650524263695736,39.403963867072875,39.95872475947431,1.0,0.8150797025328557,0.0,0.18492029746714433,2,0,0.8150797025328557,0.18492029746714433,0.8150797025328557,0.18492029746714433,0.18492029746714433,1.0,0.0,0.0,0.18492029746714433,1.0,10,1,2022,2,19,4,0,0,0,0,0,1,GRAVE_MORTALIDAD,2
3,2,12,0,4,1,-7.994318548341369,-79.0286138207109,0,4,7,1,2,2,2,2,6543.555,3.0,2,0,1.0,0,30,1475.0,0.5262425224245836,79.30783252442369,55.96466300818365,6.984087649607516,921.2855238447733,44167.08211212962,8931.828000000005,1335.5899999999997,1935.9830000000004,5660.255000000005,1219.309,7712.519000000005,13.651281686122925,4,2,0,0,1,41.290778728133546,26.005827577578323,61.85631034606024,1.0,0.0,0.0,0.0,2,0,0.0,0.5718448269698801,1.0,0.42815517303011985,0.42815517303011985,1.0,1.0,0.0,0.5718448269698801,0.0,15,3,2022,6,18,3,0,0,0,1,1,1,GRAVE_MORTALIDAD,2
6,1,11,0,4,1,-8.251101519576393,-78.43727167656188,0,4,7,1,2,2,2,5,585.4088050929221,2.0,1,0,0.9385748707401673,8,29,100.79852668037782,0.2790491830794611,74.68104344069545,47.20297365298995,4.867506065341746,237.77927559591905,5605.259678083964,8906.004752808913,1342.334663468117,1940.4383489006038,5623.231740440191,1259.8661700963896,7646.138582712522,14.169201648194493,17,1,0,0,16,54.1842753877795,54.1842753877795,54.1842753877795,1.0,0.0,0.0,0.0,1,0,0.0,0.0,0.9385748707401673,0.06142512925983268,0.0,0.0,1.0,0.9385748707401673,0.0,0.9385748707401673,18,1,2023,5,21,5,0,1,0,1,0,1,GRAVE_MORTALIDAD,2
3,1,20,0,4,1,-15.279356885438613,-70.5248198264465,1,4,5,1,2,0,1,2,1562.0587104070864,2.0,2,0,1.0,6,24,278.84325533762365,0.4374020343580472,76.15683273130954,63.608310166628065,6.562581780630187,560.4400258250272,6806.948934936084,13642.312999999998,2020.7790000000005,2354.117,9267.416999999998,3314.0520000000006,10328.260999999997,24.29244952817019,3,1,0,0,1,45.805244301356275,29.119622938982946,62.4908656637296,1.0,0.0,0.0,0.7760754122034105,1,0,0.0,0.7760754122034105,0.0,1.0,0.0,1.0,0.7760754122034105,0.22392458779658952,1.0,0.22392458779658952,13,2,2021,5,22,4,0,1,2,1,0,1,GRAVE_MORTALIDAD,2
4,1,7,0,4,1,-13.956782909750435,-71.5078025133079,0,4,0,1,2,1,0,0,7586.903,2.0,2,0,1.0,9,5,1198.0,0.43889409069632523,70.84883585505558,75.36476993694161,7.302373896921622,555.1971669107087,5360.409554865978,17779.13499998999,2097.3709999899997,2863.123,12818.640999999989,2878.713,14900.421999989989,16.19152450331032,6,1,0,0,5,38.179636778393395,37.453091185595596,38.90618237119119,1.0,0.0,0.0,0.36327279639889953,1,0,0.0,0.0,0.36327279639889953,1.0,0.0,0.0,1.0,0.0,0.0,0.0,20,2,2022,2,5,3,0,0,2,1,0,1,GRAVE_MORTALIDAD,2
3,2,10,0,4,1,-14.202902030856022,-75.7031135722959,3,2,7,1,2,2,2,0,6639.975,2.0,2,0,1.0,9,31,1616.0,0.6300406217411575,79.99687124492526,76.9767491914501,9.985514380708407,1046.7575387141462,31281.218353477107,3721.461,698.1859999999996,744.866,2278.409,1102.9029999999996,2618.558,29.636290693359403,4,2,0,0,2,43.7270499950789,38.71786999311047,48.736229997047346,1.0,0.0,0.0,1.0,2,0,0.0,1.0,0.0,0.0,0.0,0.4386475002460548,1.0,0.0,0.0,0.0,8,1,2023,5,10,2,0,0,0,1,0,1,GRAVE_MORTALIDAD,2
2,1,12,0,4,1,-8.404038251444078,-78.83238495952995,0,3,7,1,2,2,2,1,6543.555,2.9774962582088933,2,0,1.0,0,30,1468.7664635238634,0.5051395598219868,77.13285387085847,51.52067479184955,6.715328807318118,900.900383457586,67612.41755888652,8931.828000000005,1335.5899999999997,1935.9830000000004,5660.255000000005,1219.309,7712.519000000005,13.651281686122925,5,1,0,0,3,37.0,33.977496258208895,40.0,0.9774962582088932,0.0,0.0,0.9774962582088932,1,0,0.022503741791106813,0.9774962582088932,0.0,0.9774962582088932,0.0,0.9774962582088932,0.9774962582088932,0.0,0.9774962582088932,0.0,17,1,2021,2,20,0,0,0,0,1,0,1,GRAVE_MORTALIDAD,2
2,1,7,0,4,0,-12.622949582794181,-73.0558473215693,6,4,0,0,2,2,2,2,5948.754304088768,1.8078656456839812,3,3,0.8078656456839812,13,28,1180.9000424658743,0.4297325556987851,76.15904795703717,58.63823936731875,6.097264629229048,579.625724446144,29458.58458244112,17779.13499998999,2097.3709999899997,2863.123,12818.640999999989,2878.713,14900.421999989989,16.19152450331032,3,1,0,0,1,39.305612251792226,30.41909014926843,48.19213435431602,1.0,0.8078656456839812,0.0,0.8078656456839812,1,0,0.0,0.8078656456839812,0.19213435431601877,0.8078656456839812,0.8078656456839812,0.0,1.0,0.8078656456839812,1.0,0.8078656456839812,13,3,2023,2,24,0,0,1,2,1,0,1,GRAVE_MORTALIDAD,2
6,1,4,0,4,0,-14.411804109645088,-74.60995583554715,3,4,5,0,5,2,2,0,6543.555,2.0,4,4,1.0,14,33,1198.0,0.4181618468972798,69.9914926103181,50.519561702942894,6.0387165788846655,668.892921106243,2170.3149834241513,12678.733000000004,1805.074000000001,1774.0339999999994,9099.625000000004,2485.375000000001,10193.358000000002,19.602707936195205,7,1,0,0,6,49.2338077167898,49.2338077167898,49.2338077167898,1.0,0.7374099443119462,0.0,0.0,1,0,0.0,0.0,0.2625900556880538,0.7374099443119462,0.0,0.7374099443119462,0.2625900556880538,0.0,0.0,0.0,5,0,2023,6,13,4,0,0,2,1,0,1,GRAVE_MORTALIDAD,2
1,1,6,1,6,2,-11.318865911952072,-76.47585855974815,0,4,0,1,4,2,2,2,6543.555,2.462958685258026,3,2,1.0,7,31,1326.239555816473,0.5398410236219174,75.18206368368135,69.46427586707944,8.794603274792976,835.514407571582,25886.84069090356,11571.543532913316,1853.5929159974348,1159.7894246559058,8558.161192259977,1825.4814958258542,9746.062037087464,15.98639591761787,3,1,0,1,0,29.851834741032103,25.222247888451847,34.48142159361236,1.0,0.0,0.0,1.0,1,0,0.0,1.0,0.0,0.46295868525802575,0.46295868525802575,0.0,1.0,0.0,0.46295868525802575,0.0,9,2,2022,6,20,1,0,0,1,1,0,1,GRAVE_MORTALIDAD,2
6,1,0,0,4,1,-6.363686410730785,-77.51354944989646,0,4,0,0,6,2,2,0,2760.8550000000005,1.0,1,3,0.0,9,32,1208.0,0.4828187626600175,73.00435172260774,53.83169450284718,6.391832856849296,866.1359969875144,1369.3297644539612,3903.732,1155.121,585.018,2163.5930000000003,943.591,2960.1410000000005,24.17151074920102,2,1,0,0,1,57.599966409065146,57.599966409065146,57.599966409065146,1.0,0.0,0.0,0.0,1,0,0.0,0.0,0.0,1.0,0.0,0.8399977606043434,0.1600022393956566,0.0,0.0,0.0,8,1,2023,2,28,3,0,1,1,1,0,1,GRAVE_MORTALIDAD,2
8,1,7,0,4,1,-13.609802524494196,-71.80304737816266,1,4,7,1,2,1,0,2,7232.871198064286,2.0,2,1,1.0,10,14,1198.0,0.32646836814827684,70.55315393604985,58.34925994726047,4.839264828933919,372.60489598273057,10858.76066758752,17779.13499998999,2097.3709999899997,2863.123,12818.640999999989,2878.713,14900.421999989989,16.19152450331032,12,1,0,0,11,31.73255119221282,31.73255119221282,31.73255119221282,1.0,0.0,0.0,1.0,1,0,0.0,0.0,0.6606771643442889,0.3393228356557111,0.0,0.0,1.0,0.0,0.3393228356557111,0.0,12,1,2022,12,22,0,0,1,2,1,0,1,GRAVE_MORTALIDAD,2