CLASE SINIESTRO,CANTIDAD DE VEHICULOS DAÑADOS,DEPARTAMENTO,ZONA,TIPO DE VÍA,RED VIAL,COORDENADAS LATITUD,COORDENADAS  LONGITUD,CONDICIÓN CLIMÁTICA,ZONIFICACIÓN,CARACTERÍSTICAS DE VÍA,PERFIL LONGITUDINAL VÍA,SUPERFICIE DE CALZADA,¿EXISTE SEÑAL VERTICAL?,¿EXISTE SEÑAL HORIZONTAL?,CAUSA FACTOR PRINCIPAL,MTC_RVN_LONGITUD_KM,MTC_RVN_N_CARRILES_MEDIANA,MTC_RVN_SUPERFICIE_DOMINANTE,MTC_RVN_ESTADO_DOMINANTE,MTC_RVN_ES_CONCESIONADA,MTC_RVN_CONCESION_PRINCIPAL,MTC_RVN_CORREDOR_LOGISTICO,MTC_RVN_N_TRAMOS,IDH_2019,IDH_ESP_VIDA_2019,IDH_EDUC_SECUND_PCT_2019,IDH_ANIOS_EDUC_2019,IDH_INGRESO_PERCAP_2019,IDH_POBLACION_2019,MTC_DEP_RED_TOTAL_KM,MTC_DEP_NACIONAL_TOTAL_KM,MTC_DEP_DEPARTAMENTAL_TOTAL_KM,MTC_DEP_VECINAL_TOTAL_KM,MTC_DEP_PAV_TOTAL_KM,MTC_DEP_NO_PAV_TOTAL_KM,MTC_DEP_PCT_PAVIMENTADA,PER_TOTAL_PERSONAS,PER_N_CONDUCTORES,PER_N_CONDUCTORES_FUGADOS,PER_N_PEATONES,PER_N_PASAJEROS_OCUPANTES,PER_EDAD_COND_PROM,PER_EDAD_COND_MIN,PER_EDAD_COND_MAX,PER_ANY_COND_MASCULINO,PER_ANY_LIC_PROBLEMA,PER_ANY_DOSAJE_POS,PER_ANY_DOSAJE_EVALUADO,VEH_TOTAL,VEH_N_FUGADOS,VEH_ANY_FUGADO,VEH_ANY_CARGA,VEH_ANY_PUBLICO,VEH_ANY_PARTICULAR,VEH_ANY_MOTO,VEH_ANY_AUTO,VEH_ANY_CAMION_BUS,VEH_ANY_SOAT_PROBLEMA,VEH_ANY_CITV_PROBLEMA,VEH_ANY_SEGURO_PROBLEMA,HORA_NUM,FRANJA_HORARIA,ANIO,MES,DIA_MES,DIA_SEMANA,ES_FIN_SEMANA,ES_QUINCENA,REGION_NATURAL,TIENE_SEÑALIZACION,ES_VIA_MULTICARRIL,ES_DEPTO_BAJO_PAVIMENTO,CATEGORIA_SEVERIDAD,CATEGORIA_SEVERIDAD_ENC
0,1,14,1,4,1,-11.809455931088396,-77.13211865167222,0,4,7,1,2,2,2,0,6543.555,3.0,2,0,1.0,0,30,1475.0,0.6688889885290078,77.65971620762488,72.11797581870952,9.343568875150348,1392.9562465448405,54956.252676659526,7626.313,1683.4029999999998,1599.0829999999996,4343.827000000001,1814.875,5811.438000000001,23.797541485643197,3,1,0,1,0,43.27224778193329,41.08899112773316,45.45550443613342,1.0,0.0,0.0,0.0,1,0,0.0,1.0,0.0,0.2911008872266839,0.0,0.2911008872266839,1.0,0.0,0.0,0.0,10,2,2024,4,19,3,0,1,0,1,1,1,GRAVE_MORTALIDAD,2
6,1,3,0,4,1,-15.671793186081537,-71.05200407964934,1,4,0,1,2,0,1,0,568.5409999999999,1.0,2,3,0.0,9,3,93.0,0.4498224071382834,81.63336343193146,58.84842497065013,5.774685730039019,620.6584683449911,1358.612419700214,10322.272,1495.236,1749.739,7077.2970000000005,2886.595,7435.677000000001,27.964725207783708,14,1,0,0,13,41.02486409848731,41.02486409848731,41.02486409848731,1.0,0.0,0.0,0.0,1,0,0.0,0.006216024621827909,0.9937839753781721,0.0,0.0,0.0,1.0,0.0,0.0,0.0,3,0,2022,1,19,3,0,0,0,1,0,1,GRAVE_MORTALIDAD,2
6,1,4,0,4,1,-13.864162375913008,-74.64139617526465,0,4,0,0,2,2,2,2,1387.5415243863774,-0.05611327319440362,1,3,0.3146289089351988,9,29,247.8336330756495,0.3814805350033678,73.97452107014462,39.35708965024353,6.2412539425673375,568.0941843366843,3570.2743672074607,12678.733000000004,1805.074000000001,1774.0339999999994,9099.625000000004,2485.375000000001,10193.358000000002,19.602707936195205,9,1,0,0,8,40.80960945018556,40.80960945018556,40.80960945018556,1.0,0.3146289089351988,0.0,0.6853710910648012,1,0,0.0,0.0,0.0,1.0,0.0,0.0,1.0,1.0,0.6853710910648012,0.6853710910648012,7,0,2023,8,20,5,1,0,2,1,0,1,GRAVE_MORTALIDAD,2
5,1,14,0,4,1,-11.088595044424585,-77.45056515036947,0,3,7,1,2,1,1,2,198.315,2.0,2,0,0.0,9,1,55.0,0.644332113046051,78.61218205687396,70.04798203155518,8.919818005352203,1280.219555520582,36044.03426124197,7626.313,1683.4029999999998,1599.0829999999996,4343.827000000001,1814.875,5811.438000000001,23.797541485643197,9,1,0,0,7,41.154368232563314,39.52445590698315,42.78428055814348,1.0,0.0,0.3259824651160327,1.0,1,0,0.0,0.0,0.6740175348839673,0.0,0.0,0.3259824651160327,1.0,0.0,0.0,0.0,17,1,2023,10,18,1,0,1,0,1,0,1,GRAVE_MORTALIDAD,2
6,1,5,0,4,1,-7.054865380046878,-78.62242040953339,1,4,5,0,1,1,1,0,7071.8533592271815,2.0,3,3,1.0,13,32,1607.7632775509296,0.28472255835403576,68.01167445209572,35.793946302308996,4.2756600810136725,355.0349172731419,2713.050448554432,15935.565011852366,1733.9250000199986,935.692,13265.948011832368,2000.1670000199988,13935.398011832369,12.551591352627522,3,1,0,0,2,24.089795950933322,24.089795950933322,24.089795950933322,1.0,0.15568513584761756,0.0,0.8443148641523824,1,0,0.0,1.0,0.0,0.0,0.0,0.0,1.0,0.0,1.0,0.0,17,1,2021,9,27,4,0,1,2,1,0,1,GRAVE_MORTALIDAD,2
9,1,5,0,4,1,-6.729227731574325,-78.57834139484508,0,4,6,0,2,0,1,0,9936.932,2.0,2,0,1.0,9,32,3830.0,0.4526491117658796,79.17132243679694,59.43910685558323,5.161528057531929,710.0305343071761,15625.811563169163,15935.565011852366,1733.9250000199986,935.692,13265.948011832368,2000.1670000199988,13935.398011832369,12.551591352627522,2,1,0,0,1,19.01030899979193,19.01030899979193,19.01030899979193,1.0,0.0,0.9158075833506722,0.9158075833506722,1,0,0.0,0.0,0.0,1.0,1.0,0.0,0.0,1.0,1.0,0.9158075833506722,3,0,2022,6,27,5,0,0,2,1,0,1,GRAVE_MORTALIDAD,2
3,1,3,0,4,1,-16.315678235421945,-71.85018253591801,5,4,5,0,2,0,1,0,6543.555,2.0,4,4,1.0,14,33,1198.0,0.613709077090469,79.36712253364539,70.65299448459723,8.019698325117572,1175.6879181821253,2480.444353384679,10322.272,1495.236,1749.739,7077.2970000000005,2886.595,7435.677000000001,27.964725207783708,7,1,0,0,5,33.768990364101526,32.33312498222132,35.20485574598173,1.0,1.0,0.0,0.0,1,0,0.0,0.0,0.2820673090598982,0.7179326909401018,0.2820673090598982,0.7179326909401018,0.0,0.2820673090598982,0.2820673090598982,0.2820673090598982,15,3,2021,8,9,3,0,0,0,1,0,1,GRAVE_MORTALIDAD,2
3,1,5,0,4,1,-7.294335266131455,-78.60225367383234,2,4,5,0,2,0,1,0,847.973359854002,2.0,2,0,0.7163920765828637,8,21,172.0164754050282,0.3057308145568608,71.42018259635525,35.81190829520304,4.877984035523997,374.1699722818802,5538.7519432951785,15935.565011852366,1733.9250000199986,935.692,13265.948011832368,2000.1670000199988,13935.398011832369,12.551591352627522,5,1,0,0,4,33.8057247275372,32.014744536080045,35.59670491899436,1.0,0.0,0.0,0.0,1,0,0.0,0.0,0.7163920765828637,1.0,0.0,0.7163920765828637,1.0,0.0,0.7163920765828637,0.0,4,0,2022,2,16,1,0,0,2,1,0,1,GRAVE_MORTALIDAD,2
3,1,12,0,4,1,-9.390279741262093,-77.97252523392541,0,4,4,0,2,2,2,0,1349.6469272103818,2.0,2,2,0.32628215156894647,7,13,184.3929383883985,0.5432545071857234,79.79758562970098,68.07911445982938,8.040921389147158,834.7920231892019,24731.93046594653,3545.1018788162028,574.8120927239115,707.7185452732086,2262.5712408190825,833.7203810950692,2711.3814977211337,23.366473039509785,3,2,0,0,1,39.19936087980998,31.262821515689463,47.1359002439305,1.0,0.0,0.0,1.0,2,0,0.0,0.6737178484310535,0.0,0.0,0.0,0.32628215156894647,1.0,0.6737178484310535,0.6737178484310535,0.6737178484310535,20,2,2022,3,16,2,0,0,0,1,0,1,GRAVE_MORTALIDAD,2
3,1,12,0,4,1,-8.024656474378524,-78.59219184042732,0,4,0,0,2,2,2,0,627.4565338567492,2.0,2,0,0.9792419678760358,8,28,112.4133032101306,0.3860530156724867,74.4797738454185,51.784458796911224,5.670446476443163,497.83803933246,26653.40030320265,8904.728077691687,1342.809913427132,1928.9896189774367,5632.928545287119,1231.671778159941,7673.056299531747,13.861898072979454,3,1,0,0,1,45.60559738964468,38.75090361451243,52.46029116477693,1.0,0.02075803212396421,0.0,0.02075803212396421,1,0,0.0,0.9792419678760358,0.0,1.0,0.0,1.0,0.9792419678760358,0.02075803212396421,0.0,0.0,14,2,2022,6,23,4,0,0,0,1,0,1,GRAVE_MORTALIDAD,2
3,1,3,2,4,0,-16.392426554369777,-71.5970517446526,0,0,2,0,2,2,2,0,2709.3516433361656,2.0,2,0,1.0,8,26,469.8321193683653,0.6411767862503931,77.2408324916572,78.204125011303,10.595705083047717,1107.223861768016,193412.3169164882,10322.272,1495.236,1749.739,7077.2970000000005,2886.595,7435.677000000001,27.964725207783708,3,1,0,0,1,44.22841678787934,33.76088597767151,54.45683357575868,0.7608859776715097,0.0,0.0,0.0,1,0,0.0,0.7608859776715097,0.0,1.0,0.7608859776715097,0.23911402232849033,0.7608859776715097,0.0,0.23911402232849033,0.0,9,1,2021,5,20,2,0,1,0,1,0,1,GRAVE_MORTALIDAD,2
3,1,12,0,4,1,-7.933291531664376,-79.0409991969671,0,4,6,0,1,1,1,1,777.4697827658758,2.0,2,0,0.0,9,31,235.64322972792252,0.5747555801010469,77.75751286519356,65.76052817225028,8.548977783390349,988.5269913136,15511.126593268886,8876.030803192036,1350.4553906032252,1921.5840267177289,5603.991385871082,1244.763256223892,7631.267546968144,14.084928832956635,51,1,0,0,49,42.58109846966804,37.31616630300878,47.84603063632731,1.0,0.042739606061951374,0.0,0.0,1,0,0.0,0.0,0.9572603939380486,0.042739606061951374,0.042739606061951374,0.0,0.9572603939380486,0.042739606061951374,0.9572603939380486,0.0,5,0,2023,8,17,1,0,1,0,1,0,1,GRAVE_MORTALIDAD,2
3,1,12,0,4,1,-7.875167927377952,-78.11548487498891,0,4,7,1,1,2,2,2,9936.932,2.0,2,0,1.0,9,32,3830.0,0.3986882084754764,72.97869269132666,58.65435142755623,5.605762371496486,527.7120199980477,69564.29978586723,8931.828000000005,1335.5899999999997,1935.9830000000004,5660.255000000005,1219.309,7712.519000000005,13.651281686122925,3,1,0,0,1,30.793665510972325,24.308772851451735,37.278558170492914,1.0,0.8646523546027457,0.0,0.0,1,0,0.0,0.0,0.8646523546027457,1.0,0.8646523546027457,0.1353476453972543,0.8646523546027457,0.0,0.1353476453972543,0.8646523546027457,11,1,2021,11,17,4,0,1,0,1,0,1,GRAVE_MORTALIDAD,2
6,1,8,0,4,0,-12.163385022172594,-75.12429989052059,0,4,0,1,1,1,0,0,6543.555,2.0,4,4,1.0,14,33,1198.0,0.16351102068484266,73.20898409423451,49.61923381836741,3.3418604220919383,126.93949555688559,7522.669895394495,8561.311159646326,1432.3637085488517,1999.9091896503185,5129.038261447155,1801.2309560808962,6760.080203565428,21.082495370552532,4,1,0,0,3,51.508127096034684,51.508127096034684,51.508127096034684,1.0,1.0,0.0,0.0,1,0,0.0,0.1186606144745388,0.0,0.8813393855254612,0.0,0.8813393855254612,0.1186606144745388,0.0,0.0,0.0,9,1,2024,7,21,3,0,0,1,1,0,1,GRAVE_MORTALIDAD,2
3,1,18,0,4,1,-6.147541692389326,-79.54722064602078,0,4,7,1,1,2,2,0,1258.0844606626597,1.4843704635922272,1,0,0.8281234878640757,2,22,204.59411593689367,0.4312232161581726,74.72303778705574,50.78511509320462,5.5315817521674475,719.0129658918685,13000.165836928858,8735.611740118718,1765.394678459621,802.3561579313148,6167.860903727783,2145.817989504807,6589.7937506139115,24.544343980632398,2,1,0,0,1,38.06251814563109,30.609406754854408,45.51562953640777,1.0,0.0,0.0,0.8281234878640757,1,0,0.0,0.8281234878640757,0.0,1.0,0.8281234878640757,0.0,1.0,0.0,0.8281234878640757,0.0,13,2,2023,10,20,4,0,1,0,1,0,1,GRAVE_MORTALIDAD,2
6,2,3,0,4,0,-16.19965596082075,-71.66858784708245,5,4,7,1,2,1,1,0,6543.555,2.0,4,4,1.0,14,33,1198.0,0.5864279924589453,80.03370625307372,64.03630970919154,7.632185862169177,1104.7131367033185,2353.917512119322,10322.272,1495.236,1749.739,7077.2970000000005,2886.595,7435.677000000001,27.964725207783708,5,2,0,0,3,35.90610588332895,30.24179117915461,41.570420587503286,1.0,0.4765264708322373,0.0,0.0,2,0,0.0,0.0,0.0,1.0,0.5234735291677627,0.4765264708322373,0.5234735291677627,0.0,0.0,0.0,14,3,2022,6,6,3,0,0,0,1,0,1,GRAVE_MORTALIDAD,2
5,1,1,0,4,1,-10.433827765370506,-77.24584451029973,0,3,5,0,2,2,2,0,6817.036944594523,2.7378804151687426,2,0,1.0,2,23,1402.3928750017417,0.5618150122837463,75.27757722186823,67.26156148236491,8.686348874579842,956.79150185753,35449.978917142216,11268.580806777245,1864.0963165289331,1367.230934672075,8037.253555576239,2201.2674279867488,9067.313378790497,19.531387290127057,3,1,0,0,2,35.24774435927179,34.33032581236239,36.165162906181195,1.0,0.26211958483125763,0.0,0.26211958483125763,1,0,0.0,0.7378804151687424,0.0,0.26211958483125763,0.26211958483125763,0.26211958483125763,0.7378804151687424,0.0,0.0,0.26211958483125763,6,0,2022,10,23,3,0,1,0,1,0,1,GRAVE_MORTALIDAD,2
5,1,1,0,4,0,-6.047377756581228,-78.82564595145304,1,4,7,1,1,1,1,0,6543.555,2.139002205199078,3,3,1.0,12,32,1236.5036108401446,0.3863151356614504,72.06749295215441,41.4833158616495,5.206738673072021,614.7944282745941,7726.6242852555015,3842.009321801196,1066.1513875424837,599.5729209063954,2176.2850133523175,910.1976662317944,2931.8116555694023,23.637531559363342,8,1,0,0,7,35.405554027377406,33.94603087278709,36.86507718196772,1.0,0.0,0.0,0.0,1,0,0.0,0.1390022051990777,0.1390022051990777,0.8609977948009223,0.0,0.8609977948009223,0.1390022051990777,0.0,0.0,0.0,8,1,2021,7,29,0,0,1,0,1,0,1,GRAVE_MORTALIDAD,2
3,3,15,0,4,1,-7.207380035348219,-79.68064354243889,0,4,7,1,2,1,1,0,6543.555,3.0,2,0,1.0,0,30,1475.0,0.4909475729043289,74.63990732656092,52.841172547199164,6.9859405764319575,847.0182710426664,46788.88917990977,8950.875662201986,1585.778562130232,1208.6426055874058,6156.454494484349,1776.5480264117161,7174.327635790271,19.837410428309557,5,3,0,0,1,46.03148825952121,33.880142150133,58.518791723869526,1.0,0.0,0.0,1.0,3,0,0.0,0.5599289249335015,0.44007107506649845,0.5599289249335015,0.0,0.0,1.0,0.0,0.5599289249335015,0.0,16,2,2022,7,9,3,0,0,0,1,1,1,GRAVE_MORTALIDAD,2
3,1,11,0,4,0,-11.584496786817507,-75.57458039664702,0,4,3,1,4,2,2,2,7083.121088546766,2.0,2,1,1.0,11,18,1198.0,0.4501449979086066,74.69647125741234,58.91673183630702,7.413438459203535,630.8014340821105,4826.409511806788,12264.545,1826.4639999999995,1105.5389999999998,9332.542,1588.5359999999996,10676.009,12.952261987705208,3,2,0,0,1,42.805990102725076,37.651651572416014,47.96032863303413,1.0,0.4828512744101048,0.0,0.5171487255898952,2,0,0.0,0.0,0.5171487255898952,0.4828512744101048,1.0,0.4828512744101048,0.5171487255898952,0.4828512744101048,1.0,1.0,17,2,2022,7,18,3,0,0,2,1,0,1,GRAVE_MORTALIDAD,2
3,1,11,0,4,1,-12.20156232036678,-76.24183714013853,1,4,6,1,2,2,2,0,6765.042799663642,2.787714358331409,2,0,1.0,1,24,1416.1968772578002,0.6543445349565671,76.88266786484196,73.55036777299165,9.607976265798342,1303.1521603730469,55598.92722830786,7781.845773653627,1598.2866474016948,1535.187993856737,4648.371132395196,1733.7411260393978,6048.10464761423,22.384127677955675,3,1,0,0,2,37.57271562913106,31.664857941645494,43.48057331661663,1.0,0.0,0.0,0.0,1,0,0.0,0.7877143583314087,0.0,0.7877143583314087,0.0,1.0,0.7877143583314087,0.0,0.0,0.0,3,0,2024,2,22,0,0,1,0,1,0,1,GRAVE_MORTALIDAD,2
5,1,13,0,4,1,-10.345988493117632,-76.9579562035297,0,4,7,1,1,2,2,0,982.5725379864401,-0.6533248699581048,1,0,0.11555837668063174,8,31,369.7546951124073,0.6097499779523732,79.35080203592139,54.153003157992444,9.953464436530188,1150.4240058864902,14211.204941319294,7777.176194132216,1643.2102943315792,1638.0146171037045,4495.951282696932,1746.052359833823,6031.123834298393,22.625056173830682,2,1,0,0,1,46.093286784769575,45.22659895966484,46.959974609874315,1.0,0.0,0.0,0.0,1,0,0.0,0.11555837668063174,0.11555837668063174,0.8844416233193683,0.0,0.0,1.0,0.0,0.11555837668063174,0.0,10,1,2023,6,27,1,0,0,0,1,0,1,GRAVE_MORTALIDAD,2
0,1,14,2,4,1,-12.087647613539094,-76.9936260995321,0,0,7,1,2,1,0,1,6624.202705394276,2.1635790770143606,2,0,1.0,7,30,1592.935350140975,0.7791026711950545,80.266769908113,77.83503168929792,12.57976507412905,1688.1712885850384,363689.8455953263,7626.313,1683.4029999999998,1599.0829999999996,4343.827000000001,1814.875,5811.438000000001,23.797541485643197,3,1,0,2,0,28.83642092298564,24.654316308057442,33.01852553791384,1.0,0.8364209229856395,0.0,0.0,1,0,0.0,0.0,0.0,1.0,0.16357907701436047,0.8364209229856395,0.8364209229856395,0.0,1.0,0.0,4,0,2023,2,20,3,0,1,0,1,0,1,GRAVE_MORTALIDAD,2
6,1,10,0,4,1,-10.636598794036047,-76.75095374653968,0,4,3,1,2,1,1,4,7062.656469251318,2.5024656497627653,2,0,1.0,4,17,1337.1829849842861,0.4922785373335752,76.88894669399765,64.00023133254756,7.1806621848869,743.9840392088433,9959.968798248812,8722.663564091568,1390.2207642590986,1972.0706590257575,5360.372140806711,1547.8160054311388,7174.847558660429,17.846355834264372,10,1,0,0,9,35.46794655308405,35.46794655308405,35.46794655308405,1.0,0.0,0.0,1.0,1,0,0.0,0.0,0.0,0.49753435023723447,0.0,0.49753435023723447,0.5024656497627655,0.0,0.0,0.0,12,2,2023,10,17,5,1,0,0,1,0,1,GRAVE_MORTALIDAD,2
5,1,19,0,4,1,-16.46904178064689,-69.13330167198333,0,4,7,0,2,2,2,1,7560.753670516195,2.0,2,0,0.985618764015847,9,5,1186.0204304252006,0.4236203086472658,74.27642500959386,75.38166325326944,8.052400080766283,431.14360766879634,28086.972691811272,13622.498993260584,2017.9845101297396,2336.1609051373784,9268.353577993466,3289.236947209569,10333.262046051013,24.129363615046213,3,1,0,0,1,33.08628741590492,32.89933134811093,33.273243483698906,0.014381235984152974,0.014381235984152974,0.0,0.014381235984152974,1,0,0.0,0.0,0.0,1.0,0.014381235984152974,1.0,0.0,0.0,0.014381235984152974,0.0,6,1,2022,10,10,4,0,0,2,1,0,1,GRAVE_MORTALIDAD,2
2,1,2,0,4,1,-15.292158535225091,-73.18984090941362,0,3,7,1,2,1,1,4,6620.978457072224,2.197018698690896,2,0,1.0,7,30,1588.2203634845837,0.6317429389757933,76.35498480051778,73.93721655354206,9.95878992456666,1154.8139545856163,21505.507135091913,10410.019399948156,1572.0392082545761,1645.9065994533212,7192.07359224026,2731.688654116885,7678.330745831272,26.298208386695283,9,1,0,0,7,30.57614958952717,26.57614958952717,34.37913089083627,0.8029813013091038,0.0,0.0,0.8029813013091038,1,0,0.19701869869089617,0.0,0.8029813013091038,0.8029813013091038,0.0,0.0,0.8029813013091038,0.0,0.8029813013091038,0.19701869869089617,4,0,2021,5,21,1,0,0,0,1,0,1,GRAVE_MORTALIDAD,2
6,1,7,0,4,1,-12.702708262473998,-72.27459698135499,0,4,0,0,1,1,1,2,6484.097346287423,1.9807938054145848,3,3,0.9807938054145848,13,32,1196.2906486818981,0.3477081600629717,71.9486977243348,58.55260746325945,5.552180098870547,372.2700701556604,11914.75036527252,17779.13499998999,2097.3709999899997,2863.123,12818.640999999989,2878.713,14900.421999989989,16.19152450331032,15,1,0,0,14,57.69270088663336,57.69270088663336,57.69270088663336,1.0,0.0,0.0,0.9807938054145848,1,0,0.0,0.01920619458541517,0.9807938054145848,0.0,0.0,0.0,1.0,0.0,0.0,0.0,22,1,2022,2,6,5,0,0,2,1,0,1,GRAVE_MORTALIDAD,2
4,1,8,0,4,1,-6.24352175763365,-77.34163562281034,0,4,2,1,1,2,2,0,2760.8550000000005,1.0,1,3,0.0,9,32,1208.0,0.48611576452187466,73.62665424807327,51.885569073512286,6.149284493002564,915.0701120510887,1570.165639483979,4589.973699600849,1021.1181731196377,734.8763864078701,2833.9791400733407,971.1032626671544,3618.870436933694,21.720502952092776,3,1,0,0,2,36.7244501036992,34.75408108077043,38.694819126627955,1.0,0.3940738045857527,0.0,0.0,1,0,0.0,0.0,0.3940738045857527,1.0,0.3940738045857527,0.3940738045857527,0.6059261954142473,0.0,0.3940738045857527,0.3940738045857527,5,0,2021,3,25,2,0,1,1,1,0,1,GRAVE_MORTALIDAD,2
4,1,5,0,4,1,-7.2356077513910435,-79.19534851517162,0,2,3,1,2,1,1,3,887.28,2.0,2,0,1.0,8,17,155.0,0.5563774842369664,73.07406660240972,65.2611721745993,7.77984257932775,1045.7361851012442,7379.728051391864,15935.565011852366,1733.9250000199986,935.692,13265.948011832368,2000.1670000199988,13935.398011832369,12.551591352627522,4,1,0,0,3,33.50370838708407,30.48145806457965,36.525958709588494,1.0,0.5037083870840707,0.5037083870840707,1.0,1,0,0.0,0.0,0.0,1.0,0.5037083870840707,0.5037083870840707,0.49629161291592927,0.0,1.0,0.5037083870840707,13,1,2023,5,17,4,0,0,2,1,0,1,GRAVE_MORTALIDAD,2
6,1,2,0,4,2,-15.210416717090329,-73.66295097514015,0,4,1,0,7,2,2,0,6543.555,2.0,4,4,1.0,14,33,1198.0,0.5125801979589892,81.91122325929094,62.242968269863965,8.599929146860328,677.0260437942038,8204.053347216386,10376.422656580487,1542.6327793567718,1685.6619713102295,7148.127905913487,2790.999229150827,7585.4234274296605,26.936284705641395,3,1,0,0,2,49.905742767404654,49.905742767404654,49.905742767404654,1.0,0.8784158630449617,0.0,0.12158413695503834,1,0,0.0,0.12158413695503834,0.0,0.8784158630449617,0.12158413695503834,0.0,0.0,0.8784158630449617,0.12158413695503834,0.8784158630449617,14,3,2021,3,8,5,0,0,0,1,0,1,GRAVE_MORTALIDAD,2
3,2,12,0,4,1,-8.567744429562298,-78.67789729227634,0,4,7,1,2,1,0,2,6543.555,3.0,2,0,1.0,0,30,1475.0,0.5003768247735224,77.9650850242386,47.50222699670465,6.395610627138908,929.0083073748642,44346.24329276566,8931.828000000005,1335.5899999999997,1935.9830000000004,5660.255000000005,1219.309,7712.519000000005,13.651281686122925,4,2,0,0,2,41.63596205424859,34.192785424638174,49.66476494441562,1.0,0.0,0.0,0.9525167896845986,2,0,0.0,0.0,1.0,0.04748321031540137,0.04748321031540137,0.04748321031540137,1.0,0.0,0.0,0.0,20,2,2022,2,12,5,1,0,0,1,1,1,GRAVE_MORTALIDAD,2
6,1,12,0,9,3,-8.073550140842881,-77.43237671584414,0,4,7,1,7,2,2,0,6543.555,2.0,4,4,1.0,14,33,1198.0,0.2553808888630584,79.18098153051868,37.395687407309815,4.554831637888972,212.49584446687476,5627.977559730994,8931.828000000005,1335.5899999999997,1935.9830000000004,5660.255000000005,1219.309,7712.519000000005,13.651281686122925,5,1,0,0,4,38.40018785014587,38.40018785014587,38.40018785014587,1.0,0.24546308409753947,0.0,0.0,1,0,0.0,0.0,0.0,1.0,0.24546308409753947,0.0,0.7545369159024605,0.24546308409753947,0.0,0.24546308409753947,7,0,2023,9,14,2,0,0,0,1,0,1,GRAVE_MORTALIDAD,2
3,2,10,2,4,1,-14.021188575618263,-75.76095209600932,0,1,7,1,2,2,2,0,6639.975,2.0,2,0,1.0,9,31,1616.0,0.6218207226212412,79.1566823321517,73.11525996955136,10.0627908816714,1044.7490359901838,29691.342618121034,3721.461,698.1859999999996,744.866,2278.409,1102.9029999999996,2618.558,29.636290693359403,4,2,0,0,2,33.16817939460143,27.009076367608593,39.327282421594276,1.0,0.0,0.0,1.0,2,0,0.0,1.0,0.0,0.44545292973428785,0.0,1.0,1.0,0.0,0.0,0.0,6,1,2021,6,8,4,0,0,0,1,0,1,GRAVE_MORTALIDAD,2
4,1,8,0,4,1,-12.796682912974235,-75.34771848709909,0,4,2,1,2,2,2,0,1241.7374079637575,1.0,0,3,0.0,9,22,194.56095887631648,0.39292426990511586,70.59319015836998,52.8665153660969,5.597114702035977,609.0142425359529,1192.9486641231756,8511.426,1445.3929999999996,2008.516,5057.516999999999,1879.579,6631.846999999998,22.08300935706896,6,1,0,0,4,48.45609588763165,47.43664938596025,49.475542389303044,1.0,0.0,0.0,0.0,1,0,0.0,0.0,0.0,1.0,0.0,0.40777860066855953,0.5922213993314405,0.0,0.5922213993314405,0.0,10,1,2023,4,24,3,0,1,2,1,0,1,GRAVE_MORTALIDAD,2
6,1,8,0,4,1,-12.919173022399201,-74.86638051785411,0,4,3,0,2,2,2,0,6855.583488779201,2.0,3,2,1.0,12,24,1198.0,0.39825200024316487,66.35175692784705,53.886710067258875,5.732682409568096,717.3879371209429,2079.014475904227,8511.426,1445.3929999999996,2008.516,5057.516999999999,1879.579,6631.846999999998,22.08300935706896,15,1,0,0,14,28.280357334622018,28.280357334622018,28.280357334622018,1.0,0.0,0.0,0.0,1,0,0.0,0.0,0.29906463498200075,0.7009353650179992,0.0,0.7009353650179992,0.29906463498200075,0.0,0.0,0.0,2,0,2023,10,12,4,0,0,2,1,0,1,GRAVE_MORTALIDAD,2
3,2,7,0,4,1,-15.162505988313686,-71.12770877698223,0,4,0,1,2,1,0,2,568.5409999999999,1.0,2,3,0.0,9,3,93.0,0.3633264471510839,68.38283245544295,63.71641975875918,5.226200677895648,455.83892485976673,1132.0313257311163,17779.13499998999,2097.3709999899997,2863.123,12818.640999999989,2878.713,14900.421999989989,16.19152450331032,42,2,0,0,40,44.94581143198559,29.35991499701261,60.53170786695857,1.0,0.0,0.0,0.19427357100180143,2,0,0.0,0.0,0.8057264289981986,0.19427357100180143,0.0,0.19427357100180143,1.0,0.0,0.19427357100180143,0.0,4,0,2022,8,22,1,0,0,2,1,0,1,GRAVE_MORTALIDAD,2