CLASE SINIESTRO,CANTIDAD DE VEHICULOS DAÑADOS,DEPARTAMENTO,ZONA,TIPO DE VÍA,RED VIAL,COORDENADAS LATITUD,COORDENADAS  LONGITUD,CONDICIÓN CLIMÁTICA,ZONIFICACIÓN,CARACTERÍSTICAS DE VÍA,PERFIL LONGITUDINAL VÍA,SUPERFICIE DE CALZADA,¿EXISTE SEÑAL VERTICAL?,¿EXISTE SEÑAL HORIZONTAL?,CAUSA FACTOR PRINCIPAL,MTC_RVN_LONGITUD_KM,MTC_RVN_N_CARRILES_MEDIANA,MTC_RVN_SUPERFICIE_DOMINANTE,MTC_RVN_ESTADO_DOMINANTE,MTC_RVN_ES_CONCESIONADA,MTC_RVN_CONCESION_PRINCIPAL,MTC_RVN_CORREDOR_LOGISTICO,MTC_RVN_N_TRAMOS,IDH_2019,IDH_ESP_VIDA_2019,IDH_EDUC_SECUND_PCT_2019,IDH_ANIOS_EDUC_2019,IDH_INGRESO_PERCAP_2019,IDH_POBLACION_2019,MTC_DEP_RED_TOTAL_KM,MTC_DEP_NACIONAL_TOTAL_KM,MTC_DEP_DEPARTAMENTAL_TOTAL_KM,MTC_DEP_VECINAL_TOTAL_KM,MTC_DEP_PAV_TOTAL_KM,MTC_DEP_NO_PAV_TOTAL_KM,MTC_DEP_PCT_PAVIMENTADA,PER_TOTAL_PERSONAS,PER_N_CONDUCTORES,PER_N_CONDUCTORES_FUGADOS,PER_N_PEATONES,PER_N_PASAJEROS_OCUPANTES,PER_EDAD_COND_PROM,PER_EDAD_COND_MIN,PER_EDAD_COND_MAX,PER_ANY_COND_MASCULINO,PER_ANY_LIC_PROBLEMA,PER_ANY_DOSAJE_POS,PER_ANY_DOSAJE_EVALUADO,VEH_TOTAL,VEH_N_FUGADOS,VEH_ANY_FUGADO,VEH_ANY_CARGA,VEH_ANY_PUBLICO,VEH_ANY_PARTICULAR,VEH_ANY_MOTO,VEH_ANY_AUTO,VEH_ANY_CAMION_BUS,VEH_ANY_SOAT_PROBLEMA,VEH_ANY_CITV_PROBLEMA,VEH_ANY_SEGURO_PROBLEMA,HORA_NUM,FRANJA_HORARIA,ANIO,MES,DIA_MES,DIA_SEMANA,ES_FIN_SEMANA,ES_QUINCENA,REGION_NATURAL,TIENE_SEÑALIZACION,ES_VIA_MULTICARRIL,ES_DEPTO_BAJO_PAVIMENTO,CATEGORIA_SEVERIDAD,CATEGORIA_SEVERIDAD_ENC
4,1,20,0,4,0,-15.33889226788935,-69.73350236303693,0,4,3,1,2,2,2,3,7120.316697439044,2.0,2,1,1.0,11,17,1198.0,0.45605131952465855,68.04824571385589,76.03586169721169,7.2790107512130975,882.3616506766477,25522.119006288314,13642.312999999998,2020.7790000000005,2354.117,9267.416999999998,3314.0520000000006,10328.260999999997,24.29244952817019,7,1,0,0,5,40.633587613402746,35.658396903350685,45.6087783234548,1.0,0.0,0.0,0.0,1,0,0.0,0.552798967783562,0.552798967783562,0.0,0.0,0.0,1.0,0.0,0.44720103221643803,0.0,13,2,2023,4,14,2,0,0,2,1,0,1,GRAVE_MORTALIDAD,2
3,1,17,0,4,1,-6.628805447354015,-79.76027678443215,0,4,5,1,2,2,2,0,629.0442426892977,1.829821264717285,1,3,0.0,9,29,156.31448673373194,0.49307280161306716,75.22307420932077,65.63567593056203,7.417719973330065,744.0055432423985,43038.71920831082,8888.51337916262,1725.0585328635432,870.3995390149491,6293.055307284128,2157.5077169564897,6731.00566220613,24.254098128060335,3,1,0,0,1,25.935183323198736,25.935183323198736,25.935183323198736,1.0,1.0,0.0,0.829821264717285,1,0,0.0,0.0,0.829821264717285,1.0,1.0,0.829821264717285,0.0,0.170178735282715,1.0,0.170178735282715,18,2,2024,1,12,3,0,0,0,1,0,1,GRAVE_MORTALIDAD,2
6,1,11,0,4,1,-11.53791059111132,-75.88438539838218,0,4,0,0,2,1,1,1,7586.903,2.0,2,0,1.0,9,5,1198.0,0.6211711217784234,75.51508523355102,70.90101252241288,10.049671623026311,1128.403546167389,8996.89721627409,12264.545,1826.4639999999995,1105.5389999999998,9332.542,1588.5359999999996,10676.009,12.952261987705208,2,1,0,0,1,27.928352090990657,27.928352090990657,27.928352090990657,1.0,0.0,0.0,0.0,1,0,0.0,0.0,0.0,1.0,0.0,0.345274651501557,0.654725348498443,0.0,1.0,0.0,11,1,2022,9,17,0,0,0,2,1,0,1,GRAVE_MORTALIDAD,2
3,1,3,0,4,1,-15.797002882470576,-71.04792958118996,0,4,7,1,2,1,1,0,1504.4250000000002,2.0,2,0,1.0,7,25,241.0,0.4498224071382834,81.63336343193146,58.84842497065013,5.774685730039019,620.6584683449911,1358.612419700214,10322.272,1495.236,1749.739,7077.2970000000005,2886.595,7435.677000000001,27.964725207783708,6,2,0,0,4,36.5,30.644816268847418,42.355183731152586,1.0,0.4112040672118541,0.0,1.0,2,0,0.0,1.0,0.0,1.0,0.0,0.5887959327881459,1.0,0.0,0.5887959327881459,0.0,11,1,2023,8,11,4,0,0,0,1,0,1,GRAVE_MORTALIDAD,2
4,1,3,0,4,1,-15.718929464614568,-71.04586776950096,0,4,2,1,2,2,2,0,568.5409999999999,1.0,2,3,0.0,9,3,93.0,0.4498224071382834,81.63336343193146,58.84842497065013,5.774685730039019,620.6584683449911,1358.612419700214,10322.272,1495.236,1749.739,7077.2970000000005,2886.595,7435.677000000001,27.964725207783708,9,1,0,0,7,31.06938678569169,31.06938678569169,31.06938678569169,1.0,0.0,0.0,0.0,1,0,0.0,0.33663746598531863,0.0,0.6633625340146814,0.0,0.6633625340146814,0.33663746598531863,0.0,0.6633625340146814,0.0,4,0,2022,9,10,5,1,0,0,1,0,1,GRAVE_MORTALIDAD,2
6,1,8,0,4,1,-13.458676228281922,-75.18680762952823,0,4,4,1,2,2,2,0,1656.3217848644415,1.88177758792754,1,3,0.8817775879275401,9,23,309.6799914567393,0.3730959293014052,62.78049512431442,60.661897966712296,6.596646102241507,487.3002901386753,326.2380296618601,8511.426,1445.3929999999996,2008.516,5057.516999999999,1879.579,6631.846999999998,22.08300935706896,26,1,0,0,25,41.009781005231815,41.009781005231815,41.009781005231815,1.0,0.0,0.0,0.0,1,0,0.0,0.0,0.8817775879275401,0.11822241207245987,0.0,0.0,1.0,0.0,0.11822241207245987,0.0,2,0,2021,9,5,5,1,0,2,1,0,1,GRAVE_MORTALIDAD,2
8,1,2,0,4,3,-14.093798961903033,-73.31881785709709,6,5,6,2,6,2,2,0,6543.555,2.0,4,4,1.0,14,33,1198.0,0.29677313933913535,66.53955215867471,62.0512427851499,5.498007365450938,273.0042053113803,1059.777308767304,8358.971,1282.451,1298.0969999999998,5778.423,1432.683,6926.288,17.139466089785454,2,1,0,0,1,30.189516726045866,30.189516726045866,30.189516726045866,1.0,0.0,0.0,0.0,1,0,0.0,0.0,0.0,1.0,0.0,0.0,1.0,0.0,0.0,0.0,20,2,2022,2,8,3,0,0,2,1,0,1,GRAVE_MORTALIDAD,2
3,1,16,0,4,1,-12.659335984154774,-69.31935253334069,6,5,6,2,6,2,2,0,3263.58,2.0,2,0,1.0,5,18,566.0,0.6331639735785386,72.20641129524063,67.6175404202189,10.029362591344883,1305.419538589062,88506.68094218415,2090.391,399.431,340.021,1350.9389999999996,493.824,1596.5669999999996,23.62352306338862,9,2,0,0,6,45.42568042808787,38.621341987039465,51.172514151852226,1.0,0.20687146203694362,0.0,0.0,2,0,0.0,0.7931285379630564,0.0,0.20687146203694362,0.20687146203694362,0.20687146203694362,0.7931285379630564,0.0,0.20687146203694362,0.0,7,0,2021,7,5,0,0,0,1,1,0,1,GRAVE_MORTALIDAD,2
6,1,11,0,4,1,-11.655808503739989,-75.82903885949608,0,4,1,0,2,1,1,2,912.046232069997,1.779491212863352,1,0,0.779491212863352,4,17,152.69236819295028,0.6316677821554668,75.32188541973048,65.6115940605725,9.462140772858254,1338.3146842811548,4826.621341678482,12264.545,1826.4639999999995,1105.5389999999998,9332.542,1588.5359999999996,10676.009,12.952261987705208,3,1,0,0,2,21.071702104142904,21.071702104142904,21.071702104142904,1.0,0.779491212863352,0.0,0.220508787136648,1,0,0.220508787136648,0.0,0.0,1.0,0.0,0.779491212863352,0.220508787136648,0.0,0.779491212863352,0.220508787136648,19,1,2023,4,17,3,0,0,2,1,0,1,GRAVE_MORTALIDAD,2
5,1,10,1,4,1,-12.391398596935701,-76.69716462002201,0,4,7,1,2,2,2,0,1609.9600817629648,2.0,2,2,1.0,7,23,286.7338508512725,0.5212752648574842,74.98265782990077,69.57178413885099,8.11478323676288,792.0549898384312,15522.0725194416,3672.7818561666945,664.131984890055,734.6124543962991,2274.03741688034,1028.6024515784486,2644.1794045882457,27.90567787712598,2,1,0,0,1,28.25615396977033,27.51230793954066,29.0,1.0,0.1859615075574177,0.0,0.1859615075574177,1,0,0.0,0.0,0.0,1.0,1.0,0.0,0.0,1.0,0.8140384924425823,1.0,4,0,2021,2,19,5,0,0,0,1,0,1,GRAVE_MORTALIDAD,2
5,1,8,0,4,1,-12.202297185834054,-74.80135646347621,0,4,7,1,2,1,1,0,7595.334206315801,2.0,2,0,1.0,9,5,1243.9845529781364,0.25375667864367635,67.71493532534076,48.976126001868096,4.156666070113471,252.31476875163605,3732.4731305231394,8370.458016731867,1414.393165262545,1957.2091407607,4998.855710708622,1836.9794511157952,6533.478565616071,21.879833101463568,5,1,0,0,3,38.47544020250706,38.03280814175494,38.91807226325918,1.0,0.0,0.04918134008356856,0.04918134008356856,1,0,0.0,0.0,0.04918134008356856,0.9508186599164314,0.04918134008356856,0.0,1.0,0.0,0.04918134008356856,0.04918134008356856,2,0,2023,4,2,1,0,0,1,1,0,1,GRAVE_MORTALIDAD,2
6,1,2,0,4,2,-14.445401858158917,-73.8720873799277,0,4,0,0,5,2,2,0,6543.555,2.0,4,4,1.0,14,33,1198.0,0.551218485937127,80.0819988262369,57.03341239350332,7.434535903763704,999.5781023015925,5365.983996890046,10415.755366674597,1577.0597632487118,1639.119171050724,7199.576432375163,2721.562568942567,7694.192797732031,26.189269716826267,3,1,0,0,2,37.90102370413769,37.90102370413769,37.90102370413769,1.0,0.0,0.0,0.0,1,0,0.0,0.2098976295862307,0.0,0.7901023704137693,0.0,0.7901023704137693,0.2098976295862307,0.2098976295862307,0.2098976295862307,0.0,18,2,2021,10,10,5,0,0,0,1,0,1,GRAVE_MORTALIDAD,2
3,1,10,0,4,1,-11.842611318744217,-77.02121939326462,0,4,7,1,2,2,2,0,1581.8957791860787,2.0,2,2,1.0,6,22,275.34037589317444,0.5149940393910124,75.13177103851791,68.48489503710584,7.997025723926856,776.5698770631911,15817.503861275323,3653.1603434049753,650.4055460201423,730.4794713552491,2272.275326029584,998.6535033379344,2654.5068400670407,27.20810518407286,4,2,0,0,2,27.217244261049494,25.43448852209899,29.0,1.0,1.0,0.0,0.26091857965016807,2,0,0.0,0.7390814203498319,0.0,0.26091857965016807,0.26091857965016807,0.0,0.7390814203498319,0.26091857965016807,0.0,0.26091857965016807,5,0,2021,10,22,4,0,0,0,1,0,1,GRAVE_MORTALIDAD,2
6,1,8,0,4,1,-13.38201316840304,-74.91663796304658,0,4,4,0,2,1,0,1,1655.6435752190619,1.969615938904338,1,3,0.969615938904338,9,24,308.0116659479977,0.2978905465432,72.66380342581132,46.48469982012161,4.965919023793406,290.0775133755269,3340.58219041054,8511.426,1445.3929999999996,2008.516,5057.516999999999,1879.579,6631.846999999998,22.08300935706896,40,1,0,0,39,30.638065283008903,30.638065283008903,30.638065283008903,1.0,0.03038406109566205,0.0,0.969615938904338,1,0,0.0,0.03038406109566205,0.969615938904338,0.0,0.0,0.0,1.0,0.0,0.0,0.0,4,0,2023,7,15,1,0,0,2,1,0,1,GRAVE_MORTALIDAD,2
6,1,5,0,4,1,-6.779332048331851,-79.25783224456895,0,2,0,1,2,1,1,1,910.6474060772791,2.0,2,2,0.2652914297349743,8,9,201.2866399266966,0.45608465245011665,71.606885317516,66.2360790767706,6.072490860186587,724.7267881893042,7158.994536954038,15935.565011852366,1733.9250000199986,935.692,13265.948011832368,2000.1670000199988,13935.398011832369,12.551591352627522,30,1,0,0,29,49.163588545830564,49.163588545830564,49.163588545830564,1.0,0.0,0.0,0.2652914297349743,1,0,0.0,0.0,0.7347085702650257,0.2652914297349743,0.0,0.0,1.0,0.0,0.2652914297349743,0.0,13,2,2022,7,18,4,0,0,2,1,0,1,GRAVE_MORTALIDAD,2
6,1,12,0,4,0,-7.945556730125488,-78.02503634358986,0,4,7,0,1,2,2,0,6543.555,2.0,4,4,1.0,14,33,1198.0,0.20961900673674433,75.39698122671206,35.197555075488395,4.326397933566729,145.2170350220662,2035.0365683368714,8931.828000000005,1335.5899999999997,1935.9830000000004,5660.255000000005,1219.309,7712.519000000005,13.651281686122925,3,1,0,0,2,62.2842647879176,62.2842647879176,62.2842647879176,1.0,0.6995965330235282,0.0,0.0,1,0,0.0,0.3004034669764718,0.0,0.6995965330235282,0.0,0.0,1.0,0.0,1.0,0.0,11,1,2022,6,10,3,0,0,0,1,0,1,GRAVE_MORTALIDAD,2
5,1,14,2,5,4,-11.9599659552463,-76.99233590366002,0,2,1,1,2,2,2,1,6543.555,2.0,4,4,1.0,14,33,1198.0,0.701053025277506,79.62867561460851,73.1469484600971,10.064317505194426,1464.6926161541437,1150285.0494171206,7626.313,1683.4029999999998,1599.0829999999996,4343.827000000001,1814.875,5811.438000000001,23.797541485643197,2,1,0,0,0,40.205601293237045,40.205601293237045,40.205601293237045,1.0,0.8529263838545813,0.0,0.0,1,0,0.0,0.0,0.1470736161454187,0.8529263838545813,1.0,0.0,0.0,0.0,0.1470736161454187,0.0,22,2,2024,2,10,3,0,0,0,1,0,1,GRAVE_MORTALIDAD,2
3,1,14,1,2,3,-11.234733630910345,-77.44469551211515,0,3,0,1,1,2,2,1,6543.555,2.0,4,4,1.0,14,33,1198.0,0.7175037511961518,80.21542773036023,74.838462084678,10.56583818641129,1497.640416498447,157116.65504592264,7781.46184082485,1694.870527556132,1487.6511182800489,4598.940194988669,1861.1613783612393,5920.300462463611,23.901990843811838,3,1,0,0,1,51.062015203948995,38.68353835526411,63.44049205263387,1.0,0.0,0.11582308223679427,0.11582308223679427,1,0,0.0,0.0,0.8841769177632057,0.11582308223679427,0.8841769177632057,0.0,1.0,0.0,0.8841769177632057,0.8841769177632057,15,2,2022,3,26,6,1,1,0,1,0,1,GRAVE_MORTALIDAD,2
6,1,6,0,4,0,-13.040015988033963,-74.23703709306406,1,4,2,0,2,1,0,0,6850.344972476723,2.0,3,2,1.0,12,24,1198.0,0.18189557498562908,74.32782079732672,55.361839929518005,3.4137447324535075,122.44302595986754,7613.321066549779,8466.597558047804,1397.4809211008192,1799.621723634932,5269.494913312053,1748.172018302659,6718.425539745144,20.62939129012735,3,1,0,0,2,46.94294967792017,46.94294967792017,46.94294967792017,1.0,1.0,0.0,0.0,1,0,0.0,0.0,0.0,1.0,0.0,1.0,0.0,0.29404376341999283,0.29404376341999283,0.29404376341999283,7,0,2024,8,24,3,0,1,2,1,0,1,GRAVE_MORTALIDAD,2
6,1,7,0,4,1,-14.004041819090062,-71.77241114529438,2,4,3,0,2,1,0,4,2620.132272460144,1.0,1,3,0.0,9,21,801.7832491741799,0.4329952943132184,71.75787047246104,61.35364161243939,6.574544269398347,601.6049225072934,4180.707637060892,17779.13499998999,2097.3709999899997,2863.123,12818.640999999989,2878.713,14900.421999989989,16.19152450331032,2,1,0,0,1,28.518443046641195,28.518443046641195,28.518443046641195,1.0,0.0,0.0,0.4963113906717611,1,0,0.0,0.5036886093282389,0.0,0.4963113906717611,0.0,0.4963113906717611,0.5036886093282389,0.4963113906717611,0.4963113906717611,0.0,21,2,2021,7,14,3,0,0,2,1,0,1,GRAVE_MORTALIDAD,2
3,2,7,1,4,1,-13.592146317588547,-71.78625901018695,1,0,7,1,2,0,1,2,7586.903,2.0,2,0,1.0,9,5,1198.0,0.5065580412535501,64.79370905469777,77.15417383818448,8.35812941450031,844.3117831870799,8658.316916488222,17779.13499998999,2097.3709999899997,2863.123,12818.640999999989,2878.713,14900.421999989989,16.19152450331032,3,2,0,0,1,46.5830128056828,45.557916647387636,47.608108963977955,1.0,0.0,0.0,0.0,2,0,0.0,0.8291506402841399,0.0,0.17084935971586013,0.0,0.17084935971586013,1.0,0.0,0.0,0.0,3,0,2024,1,16,0,0,0,2,1,0,1,GRAVE_MORTALIDAD,2
6,1,22,0,4,1,-17.328730493106374,-70.11455613677887,0,4,3,0,2,2,2,2,1158.9135951180326,2.0,2,0,0.4918582813348057,9,26,299.0876351397129,0.4429380227203654,72.74343566195918,61.480224995166076,7.784065041368203,583.996082319665,2196.2582314343395,2650.572,630.6729999999998,487.3610000000001,1532.5379999999998,1068.7019999999998,1581.87,40.31967439480987,3,1,0,0,2,46.49185828133481,46.49185828133481,46.49185828133481,1.0,0.0,0.0,1.0,1,0,0.0,0.0,0.0,1.0,0.0,0.4918582813348057,0.5081417186651943,0.0,0.0,0.0,9,1,2022,7,6,5,0,0,0,1,0,1,GRAVE_MORTALIDAD,2
6,1,8,0,4,1,-13.060203399996345,-74.82048612942211,0,4,3,0,2,1,0,1,1380.350377509732,1.620241354268912,1,3,0.6202413542689121,9,27,227.6555114818498,0.2759961042029413,70.75238854927461,47.15423696860384,4.602663099646061,260.0588800438091,3486.663409938735,8511.426,1445.3929999999996,2008.516,5057.516999999999,1879.579,6631.846999999998,22.08300935706896,27,1,0,0,26,37.97493156035284,37.97493156035284,37.97493156035284,1.0,0.37975864573108786,0.0,0.6202413542689121,1,0,0.0,0.37975864573108786,0.6202413542689121,0.0,0.0,0.0,1.0,0.0,0.0,0.0,4,0,2022,7,13,2,0,0,2,1,0,1,GRAVE_MORTALIDAD,2
3,1,10,0,4,1,-11.154042926016661,-76.39970101368746,0,4,3,0,2,1,0,0,6593.911104172557,2.477742126399536,2,0,1.0,4,30,1548.6383601776654,0.5579323128764997,77.30139808041805,66.32672772104743,8.26007719870611,942.6522491796583,75404.93019327133,9674.250158485049,1632.4320729195774,1218.134793043801,6823.68329252167,2565.5092942968,7108.740864188249,26.404714268088917,13,2,0,0,11,42.505965546405335,31.10096258721253,53.91096850559814,1.0,0.47774212639953595,0.47774212639953595,1.0,2,0,0.0,0.0,1.0,0.47774212639953595,0.47774212639953595,0.0,1.0,0.47774212639953595,0.0,0.0,21,2,2022,6,10,1,0,0,0,1,0,1,GRAVE_MORTALIDAD,2
3,2,3,0,4,1,-15.385041134963783,-74.88880933462053,0,4,7,0,2,2,2,0,6639.975,2.0,2,0,1.0,9,31,1616.0,0.5140293355498681,82.11897853059659,54.01885147561242,9.200693902288776,697.8064626086847,1477.7837259100645,10322.272,1495.236,1749.739,7077.2970000000005,2886.595,7435.677000000001,27.964725207783708,4,2,0,0,2,48.45514546800389,40.51949631822857,56.39079461777922,1.0,0.0,0.0,0.0,2,0,0.0,0.0,0.0,1.0,0.0,1.0,1.0,0.0,0.5218410764441559,0.0,7,1,2021,1,9,5,1,0,0,1,0,1,GRAVE_MORTALIDAD,2
6,1,1,0,4,2,-9.061063216967797,-77.70160699199901,1,4,6,0,6,2,2,1,6543.555,2.0,4,4,1.0,14,33,1198.0,0.31126533798469597,80.26504746441627,49.06201144645581,4.395060377159583,343.3484061395785,1308.3051494636582,10767.648,1885.0630000000003,1222.721,7659.864000000001,2100.343,8667.305000000002,19.506051832303577,3,1,0,0,2,57.60781986837099,57.60781986837099,57.60781986837099,1.0,0.7679699780618315,0.0,0.0,1,0,0.0,0.0,0.0,1.0,0.0,1.0,0.0,0.23203002193816846,0.23203002193816846,0.23203002193816846,8,0,2021,5,21,2,0,0,0,1,0,1,GRAVE_MORTALIDAD,2
3,2,3,0,4,1,-15.365326248603063,-74.8947693836321,0,4,7,0,2,2,2,0,6639.975,2.0,2,0,1.0,9,31,1616.0,0.5140293355498681,82.11897853059659,54.01885147561242,9.200693902288776,697.8064626086847,1477.7837259100645,10322.272,1495.236,1749.739,7077.2970000000005,2886.595,7435.677000000001,27.964725207783708,4,2,0,0,2,47.01435359126168,38.17153918575977,55.857167996763586,1.0,0.0,0.0,0.0,2,0,0.0,0.0,0.0,1.0,0.0,1.0,1.0,0.0,0.6285664006472832,0.0,7,1,2021,1,9,5,1,0,0,1,0,1,GRAVE_MORTALIDAD,2
6,1,4,0,4,1,-14.164765789699597,-74.14339402932305,0,4,0,0,2,1,0,2,2033.6424560198216,2.0,2,1,1.0,5,25,188.34735967811793,0.3019320269200698,69.50622001443534,50.988446894883005,5.141096543222465,312.81352437491745,3384.318307967382,12678.733000000004,1805.074000000001,1774.0339999999994,9099.625000000004,2485.375000000001,10193.358000000002,19.602707936195205,22,1,0,0,21,51.13431517746825,51.13431517746825,51.13431517746825,1.0,0.3667367983905896,0.0,0.6332632016094104,1,0,0.0,0.0,0.6332632016094104,0.3667367983905896,0.0,0.0,1.0,0.3667367983905896,0.0,0.0,3,0,2022,7,23,1,0,0,2,1,0,1,GRAVE_MORTALIDAD,2
4,1,1,0,4,1,-9.58428430962268,-78.29547612848302,0,4,3,1,2,1,1,0,6543.555,3.0,2,0,1.0,0,30,1475.0,0.5873460606982213,78.04758132038613,65.8701248560095,8.596987164492063,1041.0659985770535,35482.29764453961,10767.648,1885.0630000000003,1222.721,7659.864000000001,2100.343,8667.305000000002,19.506051832303577,3,1,0,0,2,38.150094161277174,31.245762742527113,43.853672289809836,1.0,0.4502824838315258,0.0,0.0,1,0,0.0,1.0,0.4502824838315258,0.0,0.4502824838315258,0.0,1.0,0.0,0.4502824838315258,0.4502824838315258,2,0,2022,8,16,2,0,0,0,1,1,1,GRAVE_MORTALIDAD,2
4,1,15,0,4,1,-6.401430585687642,-79.32734518809488,0,4,7,1,2,2,2,0,6543.555,2.0,4,4,1.0,14,33,1198.0,0.4717620351617166,71.53011207259053,68.27706309861998,7.21556862357258,718.8052449947675,29797.52160822139,8949.89528287828,1572.9014074043928,1246.0786686810043,6130.9152067928835,1747.867046348988,7202.028236529292,19.519011632262142,3,1,0,0,2,30.392240792118432,28.75112402929978,32.03335755493708,1.0,0.4688905036624724,0.0,0.5311094963375276,1,0,0.0,0.0,0.0,1.0,0.4688905036624724,0.0,0.5311094963375276,0.4688905036624724,0.5311094963375276,0.4688905036624724,11,0,2024,5,9,3,0,0,0,1,0,1,GRAVE_MORTALIDAD,2
6,1,12,0,4,0,-8.103933210692784,-77.36174001147995,0,4,7,0,1,2,2,1,6543.555,2.0,4,4,1.0,14,33,1198.0,0.18668061122318683,75.16475148350644,34.52530674714028,4.069075812512064,118.62892805658873,1703.394778234057,8931.828000000005,1335.5899999999997,1935.9830000000004,5660.255000000005,1219.309,7712.519000000005,13.651281686122925,3,1,0,0,2,44.9170110180133,44.9170110180133,44.9170110180133,1.0,0.2542823337952127,0.0,0.0,1,0,0.0,0.7457176662047873,0.0,0.2542823337952127,0.0,0.0,1.0,0.0,1.0,0.0,18,1,2022,6,5,4,0,0,0,1,0,1,GRAVE_MORTALIDAD,2
6,1,7,0,4,0,-13.313006280561588,-71.56985953391805,0,4,5,0,1,1,1,2,6543.555,2.0,4,4,1.0,14,33,1198.0,0.2466226927938573,59.50771953912937,42.678907967899015,3.991373779253808,285.51302601039464,12676.173447537472,17779.13499998999,2097.3709999899997,2863.123,12818.640999999989,2878.713,14900.421999989989,16.19152450331032,3,1,0,0,2,42.1707002204622,42.1707002204622,42.1707002204622,1.0,1.0,0.0,0.0,1,0,0.0,0.0,0.0,1.0,0.0,1.0,0.0,0.0,0.17405908088808175,0.0,6,0,2023,9,4,5,1,0,2,1,0,1,GRAVE_MORTALIDAD,2
6,1,12,0,4,2,-7.294692325740432,-77.98060517112735,0,4,7,1,5,2,2,0,6543.555,2.0,4,4,1.0,14,33,1198.0,0.2750117606933531,77.8516840561374,34.76342718739115,5.269879273360024,238.6058056434363,2255.3378687470745,8931.828000000005,1335.5899999999997,1935.9830000000004,5660.255000000005,1219.309,7712.519000000005,13.651281686122925,4,1,0,0,3,58.675649152830985,58.675649152830985,58.675649152830985,1.0,0.30343859785595384,0.0,0.0,1,0,0.0,0.0,0.0,1.0,0.0,0.6965614021440462,0.30343859785595384,0.0,0.30343859785595384,0.0,11,2,2023,7,9,2,0,0,0,1,0,1,GRAVE_MORTALIDAD,2
5,1,6,0,4,2,-12.412252090168597,-73.61702655938791,0,4,0,0,1,1,1,2,6543.555,2.0,4,4,1.0,14,33,1198.0,0.3304155843476295,75.59517037713717,52.458805776235565,5.612038636666917,320.3553775782982,14157.938550944424,17639.1582409369,2069.7756314962858,2716.778924963824,12852.60368447679,2812.0076280599383,14827.150612876962,15.915155258377458,3,1,0,0,2,28.26574453904011,27.164802877302513,29.366686200777703,1.0,0.07592701115431688,0.0,0.07592701115431688,1,0,0.0,0.9240729888456831,0.0,0.07592701115431688,0.0,0.07592701115431688,0.9240729888456831,0.0,0.07592701115431688,0.0,17,2,2023,5,19,4,0,1,2,1,0,1,GRAVE_MORTALIDAD,2
5,1,13,0,4,0,-7.347080261584669,-79.00128258298541,1,4,6,1,2,2,2,0,6761.821524539006,2.0,3,3,1.0,13,30,1365.996977582367,0.4849436218475015,71.00133567537125,63.240793790039184,8.30705278272763,718.9432350881694,14620.715493073943,3498.757729222642,523.9604495345097,729.4573986011554,2245.339881086977,683.1455924625326,2815.6121367601095,19.564404527658976,2,1,0,0,1,67.30486132220801,63.17231534959363,69.46097226444161,1.0,0.8203240881472009,0.0,0.0,1,0,0.0,1.0,0.17967591185279908,0.17967591185279908,1.0,0.0,0.17967591185279908,1.0,1.0,1.0,8,1,2022,2,23,3,0,1,0,1,0,1,GRAVE_MORTALIDAD,2
6,1,7,0,4,1,-13.887613809134105,-71.86291692642314,0,4,3,1,2,1,1,2,2717.147530437945,1.0,1,3,0.0,9,20,837.7936858920918,0.43741420914409723,72.34818804917606,61.387704871809085,6.640971337521697,607.6781417807294,4075.438838261231,17779.13499998999,2097.3709999899997,2863.123,12818.640999999989,2878.713,14900.421999989989,16.19152450331032,13,1,0,0,12,25.438136210190482,25.438136210190482,25.438136210190482,1.0,0.0,0.0,1.0,1,0,0.0,0.0,0.0,0.43813621019048155,0.0,0.43813621019048155,0.5618637898095185,0.43813621019048155,0.43813621019048155,0.0,12,1,2021,10,9,5,1,0,2,1,0,1,GRAVE_MORTALIDAD,2
3,3,16,0,4,1,-6.480387133678506,-80.10876696442988,0,4,7,1,1,2,2,0,4684.937383542953,2.671406072643737,2,0,1.0,2,25,1041.2560158897327,0.5197526938690386,74.3453832602385,62.60642828699935,7.920183510737328,845.6797325207735,48603.46105347337,8954.667891819483,1635.5890042311034,1063.8352399147302,6255.243647673648,1887.48963791104,7067.1782539084425,21.069016721249632,4,3,0,0,0,54.0631901248727,43.18641174804416,65.34281214528747,1.0,0.32859392735626314,0.0,0.6714060726437369,3,0,0.0,0.6714060726437369,0.0,1.0,0.0,0.32859392735626314,0.6714060726437369,0.0,0.6714060726437369,0.0,13,3,2022,9,5,1,0,0,0,1,0,1,GRAVE_MORTALIDAD,2