CLASE SINIESTRO,CANTIDAD DE VEHICULOS DAÑADOS,DEPARTAMENTO,ZONA,TIPO DE VÍA,RED VIAL,COORDENADAS LATITUD,COORDENADAS  LONGITUD,CONDICIÓN CLIMÁTICA,ZONIFICACIÓN,CARACTERÍSTICAS DE VÍA,PERFIL LONGITUDINAL VÍA,SUPERFICIE DE CALZADA,¿EXISTE SEÑAL VERTICAL?,¿EXISTE SEÑAL HORIZONTAL?,CAUSA FACTOR PRINCIPAL,MTC_RVN_LONGITUD_KM,MTC_RVN_N_CARRILES_MEDIANA,MTC_RVN_SUPERFICIE_DOMINANTE,MTC_RVN_ESTADO_DOMINANTE,MTC_RVN_ES_CONCESIONADA,MTC_RVN_CONCESION_PRINCIPAL,MTC_RVN_CORREDOR_LOGISTICO,MTC_RVN_N_TRAMOS,IDH_2019,IDH_ESP_VIDA_2019,IDH_EDUC_SECUND_PCT_2019,IDH_ANIOS_EDUC_2019,IDH_INGRESO_PERCAP_2019,IDH_POBLACION_2019,MTC_DEP_RED_TOTAL_KM,MTC_DEP_NACIONAL_TOTAL_KM,MTC_DEP_DEPARTAMENTAL_TOTAL_KM,MTC_DEP_VECINAL_TOTAL_KM,MTC_DEP_PAV_TOTAL_KM,MTC_DEP_NO_PAV_TOTAL_KM,MTC_DEP_PCT_PAVIMENTADA,PER_TOTAL_PERSONAS,PER_N_CONDUCTORES,PER_N_CONDUCTORES_FUGADOS,PER_N_PEATONES,PER_N_PASAJEROS_OCUPANTES,PER_EDAD_COND_PROM,PER_EDAD_COND_MIN,PER_EDAD_COND_MAX,PER_ANY_COND_MASCULINO,PER_ANY_LIC_PROBLEMA,PER_ANY_DOSAJE_POS,PER_ANY_DOSAJE_EVALUADO,VEH_TOTAL,VEH_N_FUGADOS,VEH_ANY_FUGADO,VEH_ANY_CARGA,VEH_ANY_PUBLICO,VEH_ANY_PARTICULAR,VEH_ANY_MOTO,VEH_ANY_AUTO,VEH_ANY_CAMION_BUS,VEH_ANY_SOAT_PROBLEMA,VEH_ANY_CITV_PROBLEMA,VEH_ANY_SEGURO_PROBLEMA,HORA_NUM,FRANJA_HORARIA,ANIO,MES,DIA_MES,DIA_SEMANA,ES_FIN_SEMANA,ES_QUINCENA,REGION_NATURAL,TIENE_SEÑALIZACION,ES_VIA_MULTICARRIL,ES_DEPTO_BAJO_PAVIMENTO,CATEGORIA_SEVERIDAD,CATEGORIA_SEVERIDAD_ENC
6,1,14,2,3,1,-12.012933206034713,-76.87559699009721,0,0,7,1,2,2,2,1,1293.3462118625075,2.0,2,0,1.0,3,15,232.78677544811376,0.6868549636939637,79.62363164345142,76.30894566128948,9.209137883551294,1425.4498631666322,684921.8484148846,7626.313,1683.4029999999998,1599.0829999999996,4343.827000000001,1814.875,5811.438000000001,23.797541485643197,2,1,0,0,1,20.705233107684784,20.705233107684784,20.705233107684784,1.0,0.073691723078804,0.0,0.0,1,0,0.0,0.0,0.0,1.0,0.926308276921196,0.0,0.073691723078804,0.0,1.0,0.0,22,2,2023,6,3,5,0,0,0,1,0,1,GRAVE_MORTALIDAD,2
6,1,8,0,4,1,-13.244638586069545,-75.51909235654962,0,4,4,1,4,2,2,1,1167.5744444624129,0.23833608848611676,2,3,0.0,9,22,190.02528929104227,0.3325971293490185,59.556567264336465,42.40913954117909,6.849932946406441,472.2750074235598,567.7835272776887,8511.426,1445.3929999999996,2008.516,5057.516999999999,1879.579,6631.846999999998,22.08300935706896,6,1,0,0,5,28.331647380597182,26.808319557569416,29.474143247868007,1.0,1.0,0.0,0.0,1,0,0.0,0.0,0.0,1.0,0.0,0.6191680442430584,0.3808319557569416,0.6191680442430584,0.6191680442430584,0.0,15,3,2022,7,9,5,0,0,2,1,0,1,GRAVE_MORTALIDAD,2
5,1,12,0,4,0,-8.266819471011337,-78.57471573950744,0,4,7,1,6,2,2,0,6543.555,2.175193052020169,3,3,1.0,11,32,1246.528475409587,0.5090543857082529,78.41555705132251,50.34124974940637,6.593036008431517,926.417427145297,44286.13735311227,8931.828000000005,1335.5899999999997,1935.9830000000004,5660.255000000005,1219.309,7712.519000000005,13.651281686122925,9,1,0,0,8,27.459942100168078,24.598455583838646,32.48214292474627,1.0,0.0,0.0,0.0,1,0,0.0,0.0,0.17519305202016933,1.0,0.17519305202016933,0.17519305202016933,1.0,0.0,0.0,0.0,15,3,2023,8,27,4,0,1,0,1,0,1,GRAVE_MORTALIDAD,2
3,2,20,0,4,1,-16.204896527502985,-69.4874761879677,0,4,2,1,2,2,2,2,7586.903,2.0,2,0,1.0,9,5,1198.0,0.4138545322335047,72.42365757071663,75.18782800461412,7.422478928805024,440.156451811849,19964.802997858675,13642.312999999998,2020.7790000000005,2354.117,9267.416999999998,3314.0520000000006,10328.260999999997,24.29244952817019,5,2,0,0,3,37.77621007179974,27.132863021539922,48.41955712205956,1.0,1.0,0.0,0.0,2,0,0.0,0.6888105035899871,0.0,0.3111894964100129,1.0,0.3111894964100129,0.6888105035899871,0.0,0.3111894964100129,0.6888105035899871,10,1,2022,6,10,2,0,0,2,1,0,1,GRAVE_MORTALIDAD,2
5,1,12,0,4,1,-8.159403722593591,-78.44769618699951,0,4,7,1,1,2,2,0,8064.003846913718,2.5519363610604664,2,0,1.0,4,30,2530.1898697026013,0.45744257996763854,75.2715252960161,54.71701590426221,6.218172432438709,733.688247316016,68486.9850122889,8931.828000000005,1335.5899999999997,1935.9830000000004,5660.255000000005,1219.309,7712.519000000005,13.651281686122925,4,1,0,0,2,22.3441909168186,22.3441909168186,22.3441909168186,1.0,0.0,0.0,0.4480636389395335,1,0,0.5519363610604665,0.0,0.4480636389395335,0.5519363610604665,0.4480636389395335,0.5519363610604665,0.0,0.4480636389395335,0.5519363610604665,1.0,5,0,2022,9,17,4,0,1,0,1,0,1,GRAVE_MORTALIDAD,2
6,1,12,0,4,0,-7.427899691959721,-77.72644132065528,1,4,7,1,7,2,2,1,6543.555,2.0,4,4,1.0,14,33,1198.0,0.23442081374713253,81.55439404050358,24.15468011837584,4.214206123757488,205.44082769034856,3192.7623631222073,8931.828000000005,1335.5899999999997,1935.9830000000004,5660.255000000005,1219.309,7712.519000000005,13.651281686122925,4,1,0,0,3,50.48367639083071,50.48367639083071,50.48367639083071,1.0,0.0,0.0,0.0,1,0,0.0,0.7581618045846469,0.0,0.24183819541535312,0.0,0.24183819541535312,0.7581618045846469,0.0,0.0,0.0,6,0,2022,4,8,2,0,0,0,1,0,1,GRAVE_MORTALIDAD,2
4,1,12,0,4,1,-7.815992073109197,-78.05995770192929,0,4,7,1,3,2,2,0,8491.361815378785,2.0,2,1,1.0,11,32,2708.774528759097,0.3152292796808325,75.28352116158494,33.34997147527487,4.793034828293839,437.61061626191815,13252.934406471617,8931.828000000005,1335.5899999999997,1935.9830000000004,5660.255000000005,1219.309,7712.519000000005,13.651281686122925,5,1,0,0,3,33.148004961063144,33.148004961063144,33.148004961063144,1.0,0.0,0.0,0.0,1,0,0.0,0.4259975194684281,0.0,0.5740024805315719,0.0,0.0,1.0,0.0,0.0,0.0,9,1,2023,11,8,2,0,0,0,1,0,1,GRAVE_MORTALIDAD,2
3,1,12,0,4,1,-7.907112986298244,-79.1166691222185,0,4,7,1,2,2,2,2,6543.555,3.0,2,0,1.0,0,30,1475.0,0.5721567587688113,77.67102283812494,66.21373667954742,8.464777379360486,978.4498488219192,15563.077087794432,8931.828000000005,1335.5899999999997,1935.9830000000004,5660.255000000005,1219.309,7712.519000000005,13.651281686122925,16,1,0,0,14,43.22580022616399,43.22580022616399,43.22580022616399,1.0,0.0,0.0,0.0,1,0,0.0,0.0,0.9677428248337157,0.9677428248337157,0.0,0.9677428248337157,1.0,0.0,0.9677428248337157,0.0,12,2,2021,7,14,5,0,0,0,1,1,1,GRAVE_MORTALIDAD,2
3,1,1,0,4,1,-11.50521057396044,-75.62488373623448,0,4,2,1,2,2,2,0,1779.7840706888708,1.3422346167274,0,1,0.34223461672739997,9,29,296.9662540422004,0.5551702567179068,76.1912484643675,61.17953386057182,8.813052084122384,941.9952838826122,5719.602143652402,10615.224915340417,1751.650706065008,1403.0848032384408,7460.48940603697,2369.425651871152,8245.799263469267,22.400902672983282,7,1,0,0,5,44.1602231010932,42.4490500174562,45.8713961847302,1.0,0.0,0.0,0.0,1,0,0.0,0.0,0.0,0.34223461672739997,0.0,0.34223461672739997,0.6577653832726,0.0,0.34223461672739997,0.34223461672739997,11,2,2022,1,12,3,0,0,0,1,0,1,GRAVE_MORTALIDAD,2
3,2,7,0,4,1,-15.174202943628089,-71.13706307777986,0,4,3,1,2,1,0,1,568.5409999999999,1.0,2,3,0.0,9,3,93.0,0.3903745697345692,68.45339516332163,63.8645584828263,5.686579781521381,525.3357245634421,1165.188533472938,17779.13499998999,2097.3709999899997,2863.123,12818.640999999989,2878.713,14900.421999989989,16.19152450331032,5,2,0,0,3,36.10417459186444,29.337139944406864,42.87120923932202,1.0,0.0,0.0,1.0,2,0,0.0,0.0,0.4356046196610104,1.0,0.0,1.0,1.0,0.0,0.5643953803389896,0.0,9,1,2022,1,14,0,0,0,2,1,0,1,GRAVE_MORTALIDAD,2
5,1,1,0,4,1,-10.109513436318192,-77.41921391501678,0,4,0,0,6,2,2,0,6543.555,2.0,4,4,1.0,14,33,1198.0,0.4481794450386186,70.07902866684137,59.57658693605258,7.02040529652787,672.1726374848818,1670.67173737688,10767.648,1885.0630000000003,1222.721,7659.864000000001,2100.343,8667.305000000002,19.506051832303577,3,1,0,0,1,35.134086748943545,34.865913251056455,35.33521687235886,1.0,0.0,0.0,0.0,1,0,0.0,0.0,0.0,1.0,0.06704337447177267,0.0,0.9329566255282273,0.0,0.06704337447177267,0.06704337447177267,12,2,2021,11,6,0,0,0,0,1,0,1,GRAVE_MORTALIDAD,2
4,1,10,0,4,1,-9.186599768605866,-77.22278062537247,4,4,2,1,4,2,2,2,555.8870206075691,2.4134882189625513,2,1,0.4134882189625513,9,32,76.86234303826916,0.381819828498723,73.02800698698177,49.7322856826186,5.723254822777219,545.5309748060597,21607.931368164147,8507.914293507785,1334.3512871184485,1265.0100034224727,5908.553002966863,1125.7896965135785,7382.124596994206,13.21700952420367,2,1,0,0,1,43.004420825043006,36.59535343112346,49.41348821896255,1.0,0.0,0.0,0.0,1,0,0.0,0.0,0.0,1.0,0.4134882189625513,0.5865117810374487,0.0,0.0,0.0,0.4134882189625513,20,2,2021,10,14,2,0,0,1,1,0,1,GRAVE_MORTALIDAD,2
6,1,13,0,4,0,-9.115398079814717,-77.04978177533238,0,4,5,0,2,1,0,0,6543.555,2.0,4,4,1.0,14,33,1198.0,0.30215414379372807,65.40957863457028,59.64824679538618,4.857589490735837,322.8542678452716,29112.366254398377,8726.7835820092,1605.1121957539197,1358.5286956598366,5763.142690595443,2038.3062864649673,6688.477295544231,23.322935310269298,6,1,0,0,5,25.526082518417404,25.526082518417404,25.526082518417404,1.0,0.0,0.0,0.47391748158259706,1,0,0.0,0.526082518417403,0.0,0.47391748158259706,0.0,0.0,1.0,0.0,0.47391748158259706,0.0,6,0,2022,3,16,5,0,0,1,1,0,1,GRAVE_MORTALIDAD,2
6,1,12,0,4,1,-8.829420615019572,-78.63738361853154,0,4,7,1,2,2,2,6,6543.555,3.0,2,0,1.0,0,30,1475.0,0.4867987483268106,77.5825534369154,52.95148122709723,6.150547060309878,840.5788229266196,9838.736616702356,8931.828000000005,1335.5899999999997,1935.9830000000004,5660.255000000005,1219.309,7712.519000000005,13.651281686122925,9,1,0,0,8,36.94274178004323,36.94274178004323,36.94274178004323,1.0,0.0,0.0,0.7593108551502052,1,0,0.0,0.0,0.0,0.24068914484979476,0.0,0.24068914484979476,0.7593108551502052,0.0,0.0,0.0,14,2,2021,8,22,5,0,1,0,1,1,1,GRAVE_MORTALIDAD,2
3,1,12,0,3,1,-8.096340164090558,-79.08968661903022,0,2,4,1,2,2,2,1,6543.555,2.7126656189865446,2,1,1.0,4,30,1395.4083764592729,0.583006771156836,78.2441938961209,62.24037484511178,8.807312392374042,1028.2282118265089,76607.295503212,8931.828000000005,1335.5899999999997,1935.9830000000004,5660.255000000005,1219.309,7712.519000000005,13.651281686122925,3,1,0,0,1,39.60964518922416,35.689984284798165,43.529306093650156,1.0,0.0,0.0,0.0,1,0,0.0,0.7126656189865445,0.7126656189865445,0.28733438101345554,0.0,0.28733438101345554,0.7126656189865445,0.0,0.28733438101345554,0.0,15,1,2021,11,17,1,0,0,0,1,0,1,GRAVE_MORTALIDAD,2
5,1,1,0,4,1,-9.973837387305252,-77.24662843759002,0,4,0,0,2,1,1,0,9936.932,2.0,2,0,1.0,9,32,3830.0,0.5061539977778654,72.95548401105702,61.19775883405991,8.46472289547588,792.6881883643305,3270.777996682267,10767.648,1885.0630000000003,1222.721,7659.864000000001,2100.343,8667.305000000002,19.506051832303577,3,1,0,0,2,23.028180088288543,21.965800042042165,24.090560134534925,1.0,1.0,0.0,1.0,1,0,0.0,1.0,0.0,0.0,0.0,0.19316000840843273,1.0,0.0,0.0,0.0,22,2,2021,5,4,0,0,0,0,1,0,1,GRAVE_MORTALIDAD,2
3,1,7,0,4,1,-12.06247308018591,-75.46864876973956,0,4,7,0,2,1,1,0,6543.555,2.0,4,4,1.0,14,33,1198.0,0.6012483537144436,79.23527627677672,66.45310749519801,8.467993809812006,1097.6775205825354,34874.323529894886,9587.155762531942,1410.83248080266,1848.2046617102176,6328.118620019064,2005.114687881588,7582.041074650354,20.397326055531,3,1,0,0,1,56.93037588138818,54.81560897968467,59.0451427830917,1.0,0.47130827457412117,0.0,0.0,1,0,0.0,0.0,0.5286917254258788,1.0,0.5286917254258788,0.47130827457412117,0.0,0.5286917254258788,0.5286917254258788,0.5286917254258788,11,1,2024,5,14,2,0,0,0,1,0,1,GRAVE_MORTALIDAD,2
4,1,1,0,4,1,-9.382514567897582,-77.45232632244515,2,4,0,0,2,1,1,1,1130.1629419865405,1.5274845571804148,1,3,0.0,9,16,193.1965751675977,0.4952646895267615,73.10767385987164,63.20926831478931,8.509551347725267,730.5203720277643,4585.78184858516,10767.648,1885.0630000000003,1222.721,7659.864000000001,2100.343,8667.305000000002,19.506051832303577,7,1,0,0,6,39.84619595013145,37.472515442819585,42.21987645744332,1.0,0.0,0.0,0.5274845571804148,1,0,0.0,0.5274845571804148,0.0,0.5274845571804148,0.0,0.5274845571804148,1.0,0.0,0.0,0.0,12,3,2022,1,6,5,1,0,0,1,0,1,GRAVE_MORTALIDAD,2
4,1,1,0,4,1,-8.771671133349685,-77.8754957719107,1,4,0,0,1,1,1,1,9936.932,2.0,2,0,1.0,9,32,3830.0,0.3655065546580473,72.47157992569626,47.06500249454588,5.950184587532431,452.5482617067946,2703.8698883371785,10767.648,1885.0630000000003,1222.721,7659.864000000001,2100.343,8667.305000000002,19.506051832303577,4,1,0,0,3,46.73349937653805,44.65326454269966,48.81373421037645,1.0,0.37822451524334477,0.0,1.0,1,0,0.0,0.37822451524334477,0.0,0.6217754847566552,0.0,0.37822451524334477,1.0,0.0,0.0,0.0,13,1,2021,3,17,4,0,1,0,1,0,1,GRAVE_MORTALIDAD,2
6,1,1,0,4,2,-9.050397928155144,-77.51774705674285,0,4,0,0,1,2,2,0,6543.555,2.0,4,4,1.0,14,33,1198.0,0.2751296803797317,77.46622946824813,45.765318507493745,4.5577199168408775,308.0229509351575,5754.798040657531,10767.648,1885.0630000000003,1222.721,7659.864000000001,2100.343,8667.305000000002,19.506051832303577,10,1,0,0,9,42.415043571654074,42.415043571654074,42.415043571654074,1.0,0.0,0.0,0.0,1,0,0.0,0.4827065178477469,0.5172934821522531,0.0,0.0,0.0,1.0,0.4827065178477469,0.4827065178477469,0.0,17,2,2022,4,14,2,0,0,0,1,0,1,GRAVE_MORTALIDAD,2
3,2,14,0,4,1,-12.298038419557912,-75.67844881513831,0,3,7,1,2,2,2,1,8574.934673311709,2.0,2,0,1.0,9,31,2915.3802214321026,0.5563774842369664,77.00938809632027,69.10246351364754,8.476961866273152,914.8835608305218,27932.19700214133,3695.4375147183327,619.7777352289485,842.2778472326463,2233.3819322567383,802.3993153212407,2893.0381993970923,21.673773836667518,8,2,0,0,6,29.63107397727144,24.891751784090008,34.37039617045288,1.0,0.4131073977271442,0.0,0.0,2,0,0.0,1.0,0.5868926022728558,0.4131073977271442,0.0,0.0,1.0,0.0,0.4131073977271442,0.4131073977271442,12,1,2023,4,23,0,0,1,1,1,0,1,GRAVE_MORTALIDAD,2
3,2,18,0,4,1,-7.78504713691189,-76.20164734843208,0,4,1,0,2,1,1,1,840.735266046406,2.0,2,0,1.0,2,20,114.83637236779578,0.40266501972106983,70.91815475505042,42.59500289679203,5.866479672172408,648.8363661359591,7817.666404595829,5261.660065541522,791.7745057357132,921.3558750648882,3548.5296847409204,1031.2468232712024,4230.413242270319,20.281085627456864,5,2,0,0,3,54.1193080606001,51.42159884745096,56.81701727374924,1.0,0.8006545105288169,0.0,1.0,2,0,0.0,1.0,0.0,1.0,0.0,0.8006545105288169,1.0,0.0,0.19934548947118313,0.0,10,2,2021,10,26,1,0,1,0,1,0,1,GRAVE_MORTALIDAD,2
6,1,6,0,4,0,-11.27857155991169,-75.49258000328516,2,4,4,0,1,2,2,1,7156.661250234936,2.0,2,1,1.0,11,16,1198.0,0.22829407729816092,77.53573801412045,48.27936754780758,3.457273183455818,185.6872263117927,7708.440824202222,8595.198028800714,1304.363742767289,1561.1398091016972,5729.694476931727,1344.694713144252,7250.503315656461,15.70105574028081,2,1,0,0,1,26.70106810180255,26.70106810180255,26.70106810180255,1.0,1.0,0.0,0.0,1,0,0.0,0.0,0.0,1.0,0.0,0.5876335127253189,0.41236648727468106,0.5876335127253189,0.5876335127253189,0.5876335127253189,9,1,2023,10,26,2,0,1,1,1,0,1,GRAVE_MORTALIDAD,2
2,2,20,0,4,1,-15.41872996858575,-70.07851686233056,0,4,7,1,2,2,2,2,1744.1625525928775,2.0,1,0,0.0722769475731766,8,31,467.3644247921449,0.24638102468362902,73.56204867067453,66.10341976916095,5.217848886298057,150.8868059262843,4776.519891820569,13642.312999999998,2020.7790000000005,2354.117,9267.416999999998,3314.0520000000006,10328.260999999997,24.29244952817019,19,2,0,0,16,37.92772305242682,35.78316915728047,41.85544610485365,0.9277230524268234,0.0,0.0,0.9277230524268234,2,0,0.0722769475731766,0.9277230524268234,0.9277230524268234,0.0,0.0,0.0,0.9277230524268234,0.0,0.9277230524268234,1.0,20,1,2021,11,11,5,0,0,2,1,0,1,GRAVE_MORTALIDAD,2
3,2,16,0,4,1,-5.772704282279966,-80.14442935782905,0,4,4,0,2,0,1,1,1305.18,2.0,2,0,1.0,1,20,163.0,0.5029403445312709,74.40786722398703,63.56718511949846,7.84619021267691,774.2976176680377,77484.92218017658,6630.057207279189,1244.784213221697,659.3656598841796,4725.907334173312,1573.4538065660986,5056.60340071309,22.845803356384998,5,2,0,0,3,42.27264241167676,33.21257380439059,53.87799584231648,1.0,0.5757858627744116,0.42421413722558843,1.0,2,0,0.0,1.0,0.42421413722558843,1.0,0.0,1.0,1.0,0.0,1.0,0.0,8,1,2021,7,17,2,0,1,0,1,0,1,GRAVE_MORTALIDAD,2
3,1,3,0,4,1,-16.47684923230971,-72.03915387100149,0,4,7,1,2,0,1,0,6639.975,2.0,2,0,1.0,9,31,1616.0,0.6137909965159505,76.27699636296666,66.58082059792838,8.333178156968046,1241.4029935999035,6627.4817281791,10322.272,1495.236,1749.739,7077.2970000000005,2886.595,7435.677000000001,27.964725207783708,2,2,0,0,0,31.12192729364667,22.414618195764447,39.829236391528895,1.0,0.8536545489411119,0.0,0.0,2,0,0.0,0.0,0.0,1.0,0.8536545489411119,1.0,0.0,0.0,0.8536545489411119,0.0,20,2,2023,3,26,5,0,1,0,1,0,1,GRAVE_MORTALIDAD,2
5,1,4,0,4,1,-13.204960276356601,-74.22692256610412,0,4,3,0,2,1,0,4,6830.176171112844,2.0,3,2,1.0,12,25,1198.0,0.5305121431560528,73.7668210059112,68.45651702301488,8.941396366509018,806.7469451554633,27605.87794432548,12678.733000000004,1805.074000000001,1774.0339999999994,9099.625000000004,2485.375000000001,10193.358000000002,19.602707936195205,4,1,0,0,2,50.483899614991216,50.483899614991216,50.483899614991216,1.0,0.0,0.0,0.7252870843545552,1,0,0.0,0.27471291564544476,0.27471291564544476,0.0,0.0,0.27471291564544476,1.0,0.0,0.7252870843545552,0.0,15,3,2022,6,12,3,0,0,2,1,0,1,GRAVE_MORTALIDAD,2
8,1,6,0,4,0,-11.211789568276071,-74.36983959377118,0,4,4,0,1,1,0,1,6543.555,2.0,4,4,1.0,14,33,1198.0,0.39789854289362947,74.26414096137916,62.00299654366501,6.45982494170053,467.4494737598233,16850.882895957715,17114.72336384256,1966.3872277193045,2168.4883549844644,12979.847781138793,2562.0902576938283,14552.633106148733,14.879714289608856,7,1,0,0,6,29.370245041406893,29.370245041406893,29.370245041406893,1.0,0.36039404005411124,0.0,0.0,1,0,0.0,0.0,0.36039404005411124,0.6396059599458888,0.6396059599458888,0.0,0.36039404005411124,1.0,1.0,1.0,17,1,2023,7,21,3,0,1,2,1,0,1,GRAVE_MORTALIDAD,2
0,1,20,0,4,1,-14.57527992433677,-70.28728861196994,0,4,7,1,2,2,2,2,1739.3946131085127,2.0,2,0,1.0,6,22,395.2849662574349,0.3260926585660637,69.37319380101626,63.658845949072465,6.014659684058138,305.9089403093259,8424.894876903398,13642.312999999998,2020.7790000000005,2354.117,9267.416999999998,3314.0520000000006,10328.260999999997,24.29244952817019,3,1,0,1,0,44.56728170039155,44.56728170039155,44.56728170039155,1.0,0.0,0.0,0.9129287944226918,1,0,0.0,0.0,0.0,1.0,0.0,0.0,1.0,0.0,0.0,0.0,12,2,2022,11,7,0,0,0,2,1,0,1,GRAVE_MORTALIDAD,2
3,1,9,1,4,1,-9.852319050372968,-76.10324068372496,1,4,0,1,3,2,2,2,740.3958867626279,2.0,2,3,0.0,9,14,223.73132509684115,0.265817954493383,76.977159981143,40.17093720551576,3.4656914745604497,281.6464735113947,19680.75849223179,8209.057,1333.4779999999996,791.9770000000001,6083.602,1059.8589999999997,7149.198,12.910849565303296,2,1,0,0,0,45.40967229651372,29.851585581406496,60.96775901162094,1.0,0.0,0.0,0.0,1,0,0.0,0.0,0.0,1.0,0.7978506007747292,0.20214939922527075,0.0,0.7978506007747292,0.0,0.7978506007747292,16,2,2021,2,25,4,0,0,2,1,0,1,GRAVE_MORTALIDAD,2
6,1,1,0,4,2,-8.795874555080614,-77.50079887679259,0,4,0,0,3,2,2,0,6543.555,2.0,4,4,1.0,14,33,1198.0,0.19759998157383174,72.98420091169925,40.48586471326165,3.935598359139954,157.36139792980845,6042.0208006208995,10767.648,1885.0630000000003,1222.721,7659.864000000001,2100.343,8667.305000000002,19.506051832303577,10,1,0,0,9,51.272942042969014,51.272942042969014,51.272942042969014,1.0,0.0,0.0,0.4545096595051643,1,0,0.0,0.4545096595051643,0.5454903404948357,0.0,0.0,0.0,1.0,0.0,0.0,0.0,17,2,2022,3,15,1,0,0,0,1,0,1,GRAVE_MORTALIDAD,2
5,1,22,0,4,1,-17.589192822289228,-70.11310528645473,4,4,1,1,2,1,1,2,1302.3745470120627,1.2070570833830327,1,2,0.20705708338303286,9,32,220.93138709411812,0.4943584828175378,76.51199973380336,75.51954742294492,8.270720801587338,636.195242507156,3181.1850402223563,2650.572,630.6729999999998,487.3610000000001,1532.5379999999998,1068.7019999999998,1581.87,40.31967439480987,4,1,0,0,3,28.44939958368123,28.44939958368123,28.44939958368123,1.0,0.0,0.0,0.0,1,0,0.0,0.20705708338303286,0.0,0.7929429166169671,0.0,1.0,0.20705708338303286,0.0,0.0,0.0,12,2,2023,2,4,4,0,0,0,1,0,1,GRAVE_MORTALIDAD,2
3,3,3,0,4,1,-16.02616038261993,-71.30123007264885,2,4,0,0,2,0,1,0,1504.4250000000002,2.0,2,0,1.0,7,25,241.0,0.4685280505645348,81.83746865987648,70.74305753660312,6.037751599761188,617.4715908037651,1751.8736616702354,10322.272,1495.236,1749.739,7077.2970000000005,2886.595,7435.677000000001,27.964725207783708,7,3,0,0,3,39.09989645820453,36.82410755486013,40.736161332290195,1.0,0.0,0.0,0.0,3,0,0.0,0.4560268887150325,0.5439731112849675,1.0,0.0,1.0,1.0,0.0,0.4560268887150325,0.0,19,2,2023,3,16,2,0,0,0,1,0,1,GRAVE_MORTALIDAD,2
3,1,3,0,4,0,-16.26126160043568,-71.8977273615098,0,4,5,0,2,0,1,0,6617.644222032265,2.0,2,0,1.0,10,31,1519.1916076486903,0.619412449333619,79.22776681760723,72.03627586066524,8.100711519970563,1190.525876574077,2506.8960023653954,10322.272,1495.236,1749.739,7077.2970000000005,2886.595,7435.677000000001,27.964725207783708,3,1,0,0,1,38.1579951238195,35.08439122287509,40.4631980495278,0.23159902476389893,0.0,0.0,0.0,1,0,0.0,0.7684009752361011,0.0,1.0,0.0,1.0,0.7684009752361011,0.0,0.0,0.0,10,2,2024,7,14,2,0,0,0,1,0,1,GRAVE_MORTALIDAD,2
3,1,3,0,4,1,-16.303570521427304,-72.33306676507345,0,4,6,0,2,0,1,0,6625.408239494884,2.0,2,0,1.0,9,31,1552.8501774409983,0.6167190558090789,77.27899521035405,64.10521086882306,8.40137113115429,1251.9147465705717,6238.363372178802,10322.272,1495.236,1749.739,7077.2970000000005,2886.595,7435.677000000001,27.964725207783708,3,1,0,0,1,31.848923869476074,24.20860904419142,39.48923869476073,1.0,0.8489238694760728,0.0,0.0,1,0,0.0,0.0,0.0,1.0,0.8489238694760728,0.8489238694760728,0.1510761305239272,0.0,0.8489238694760728,0.0,19,1,2022,2,23,5,0,0,0,1,0,1,GRAVE_MORTALIDAD,2
3,2,20,0,4,1,-15.6919314587399,-70.70080709606445,0,4,7,0,2,1,1,2,1504.4250000000002,2.0,2,0,1.0,7,25,241.0,0.4698599762559323,78.4228993312338,68.12786536644234,6.991927650318564,610.3916333612686,6938.8501070663815,13642.312999999998,2020.7790000000005,2354.117,9267.416999999998,3314.0520000000006,10328.260999999997,24.29244952817019,4,2,0,0,2,35.637243875330576,22.57544325556414,48.69904449509701,1.0,0.0,0.0,0.3972714728404597,2,0,0.0,0.3972714728404597,0.0,1.0,0.0,0.3972714728404597,1.0,0.0,1.0,0.6027285271595403,6,1,2022,8,22,4,0,1,2,1,0,1,GRAVE_MORTALIDAD,2