CLASE SINIESTRO,CANTIDAD DE VEHICULOS DAÑADOS,DEPARTAMENTO,ZONA,TIPO DE VÍA,RED VIAL,COORDENADAS LATITUD,COORDENADAS  LONGITUD,CONDICIÓN CLIMÁTICA,ZONIFICACIÓN,CARACTERÍSTICAS DE VÍA,PERFIL LONGITUDINAL VÍA,SUPERFICIE DE CALZADA,¿EXISTE SEÑAL VERTICAL?,¿EXISTE SEÑAL HORIZONTAL?,CAUSA FACTOR PRINCIPAL,MTC_RVN_LONGITUD_KM,MTC_RVN_N_CARRILES_MEDIANA,MTC_RVN_SUPERFICIE_DOMINANTE,MTC_RVN_ESTADO_DOMINANTE,MTC_RVN_ES_CONCESIONADA,MTC_RVN_CONCESION_PRINCIPAL,MTC_RVN_CORREDOR_LOGISTICO,MTC_RVN_N_TRAMOS,IDH_2019,IDH_ESP_VIDA_2019,IDH_EDUC_SECUND_PCT_2019,IDH_ANIOS_EDUC_2019,IDH_INGRESO_PERCAP_2019,IDH_POBLACION_2019,MTC_DEP_RED_TOTAL_KM,MTC_DEP_NACIONAL_TOTAL_KM,MTC_DEP_DEPARTAMENTAL_TOTAL_KM,MTC_DEP_VECINAL_TOTAL_KM,MTC_DEP_PAV_TOTAL_KM,MTC_DEP_NO_PAV_TOTAL_KM,MTC_DEP_PCT_PAVIMENTADA,PER_TOTAL_PERSONAS,PER_N_CONDUCTORES,PER_N_CONDUCTORES_FUGADOS,PER_N_PEATONES,PER_N_PASAJEROS_OCUPANTES,PER_EDAD_COND_PROM,PER_EDAD_COND_MIN,PER_EDAD_COND_MAX,PER_ANY_COND_MASCULINO,PER_ANY_LIC_PROBLEMA,PER_ANY_DOSAJE_POS,PER_ANY_DOSAJE_EVALUADO,VEH_TOTAL,VEH_N_FUGADOS,VEH_ANY_FUGADO,VEH_ANY_CARGA,VEH_ANY_PUBLICO,VEH_ANY_PARTICULAR,VEH_ANY_MOTO,VEH_ANY_AUTO,VEH_ANY_CAMION_BUS,VEH_ANY_SOAT_PROBLEMA,VEH_ANY_CITV_PROBLEMA,VEH_ANY_SEGURO_PROBLEMA,HORA_NUM,FRANJA_HORARIA,ANIO,MES,DIA_MES,DIA_SEMANA,ES_FIN_SEMANA,ES_QUINCENA,REGION_NATURAL,TIENE_SEÑALIZACION,ES_VIA_MULTICARRIL,ES_DEPTO_BAJO_PAVIMENTO,CATEGORIA_SEVERIDAD,CATEGORIA_SEVERIDAD_ENC
5,1,11,0,4,1,-11.79999367276106,-75.70638072203026,0,4,5,0,5,2,2,2,6799.7497544779335,2.0,3,3,1.0,12,26,1198.0,0.4323524987675331,68.15121654602109,57.10450702921867,7.627505593905424,611.1119573586054,1529.9514721850167,12264.545,1826.4639999999995,1105.5389999999998,9332.542,1588.5359999999996,10676.009,12.952261987705208,7,1,0,0,6,21.91101251888982,20.192158137278383,23.62986690050126,1.0,1.0,0.0,1.0,1,0,0.0,0.7544493740555089,0.24555062594449106,0.24555062594449106,0.0,0.24555062594449106,1.0,0.0,0.24555062594449106,0.0,11,2,2022,5,6,1,0,0,2,1,0,1,GRAVE_MORTALIDAD,2
6,1,20,0,4,1,-14.256191111529219,-69.35370078279026,0,4,0,0,6,2,2,5,1762.6457575965558,2.0,1,0,0.1876738197529384,8,30,470.9244635185296,0.4346940318156759,72.65645617985352,73.29754750949357,7.42652655205738,515.1213889704097,7980.973282708732,13642.312999999998,2020.7790000000005,2354.117,9267.416999999998,3314.0520000000006,10328.260999999997,24.29244952817019,2,1,0,0,1,34.31093562222355,34.31093562222355,34.31093562222355,1.0,0.8123261802470616,0.0,0.0,1,0,0.0,0.0,0.0,1.0,0.0,0.8123261802470616,0.1876738197529384,0.0,0.8123261802470616,0.0,5,0,2021,6,5,1,0,0,2,1,0,1,GRAVE_MORTALIDAD,2
6,1,1,0,4,1,-8.60391328347503,-77.59754433462331,0,4,2,0,1,2,2,0,1508.0736898768782,0.31432207038909854,0,2,0.0,9,29,221.62991660439664,0.4105151164780866,75.38561450614645,47.354944244182704,7.153158212008918,609.1461240520692,5611.4678697298905,10767.648,1885.0630000000003,1222.721,7659.864000000001,2100.343,8667.305000000002,19.506051832303577,18,1,0,0,17,41.428389648054505,41.428389648054505,41.428389648054505,1.0,0.0,0.0,0.0,1,0,0.0,0.0,0.34283896480545073,0.0,0.0,0.0,1.0,0.0,0.0,0.0,11,2,2022,2,8,3,0,0,0,1,0,1,GRAVE_MORTALIDAD,2
6,1,10,0,4,1,-12.252298013866302,-75.23749110843724,0,4,6,0,2,1,1,2,424.51611846766417,2.0,2,0,1.0,3,31,43.91901502710255,0.4929104170631491,69.12085468924681,67.55091421861182,8.674491727874583,741.3067942557486,1241.1891399035587,12310.72186245057,1824.079278357128,1180.0679618817862,9306.574622211654,1688.522506473645,10622.199355976923,13.693704829599152,5,1,0,0,4,26.111487687838782,26.111487687838782,26.111487687838782,1.0,0.0,0.0,0.11148768783878193,1,0,0.0,1.0,0.0,0.0,0.0,0.8885123121612181,0.11148768783878193,0.0,0.0,0.0,13,2,2022,4,12,4,0,0,2,1,0,1,GRAVE_MORTALIDAD,2
4,1,12,0,4,1,-8.183727369350661,-78.50505104829249,0,4,7,1,2,2,2,2,8001.317551289185,2.5704094914036415,2,0,1.0,3,30,2486.685647744424,0.45940906965626976,75.34826565695215,54.585234565944745,6.238669597832055,740.5822045967603,68450.92763749536,8931.828000000005,1335.5899999999997,1935.9830000000004,5660.255000000005,1219.309,7712.519000000005,13.651281686122925,2,1,0,0,0,55.313738986399855,52.17648678367983,58.45099118911988,1.0,0.5704094914036416,0.0,0.0,1,0,0.0,0.5704094914036416,0.0,0.4295905085963584,0.0,0.4295905085963584,0.5704094914036416,0.0,1.0,0.0,5,0,2021,5,14,4,0,0,0,1,0,1,GRAVE_MORTALIDAD,2
3,1,17,0,4,1,-5.37999515783801,-79.83885569254767,0,4,4,1,2,2,2,0,549.0182902259794,2.0,2,1,0.0,9,17,130.96535452310167,0.5134900599633031,77.76856205170805,65.36647440789926,7.626188247277656,768.0344178781971,23004.77946400937,2434.276423753691,357.48410062089323,521.4092721846121,1555.3830509481854,524.9410901808828,1909.335333572808,23.308172403360494,3,2,0,0,1,32.790782102219,26.326256817751954,39.255307386686034,1.0,0.41843579556201127,0.0,1.0,2,0,0.0,1.0,0.0,0.41843579556201127,0.41843579556201127,0.0,1.0,0.5815642044379887,1.0,1.0,14,1,2022,4,20,3,0,1,0,1,0,1,GRAVE_MORTALIDAD,2
3,1,10,0,4,1,-13.636454210924096,-75.97147592360733,0,4,7,1,2,2,2,0,1259.0364396461052,1.1440870257072024,2,2,1.0,10,25,229.40870257072027,0.5607130650183082,74.87376752525707,70.49811002877033,8.49570598354481,944.506532373075,5749.88460915834,3721.461,698.1859999999996,744.866,2278.409,1102.9029999999996,2618.558,29.636290693359403,5,1,0,0,3,35.207521358610386,31.27669514481385,39.13834757240692,1.0,0.2853043247642658,0.0,0.7146956752357342,1,0,0.0,0.7146956752357342,0.0,1.0,0.0,0.2853043247642658,0.7146956752357342,0.0,0.7146956752357342,0.0,7,1,2022,11,21,3,0,0,0,1,0,1,GRAVE_MORTALIDAD,2
3,2,20,0,4,1,-16.177398390248044,-69.52365095674071,0,4,5,1,2,2,2,2,7586.903,2.0,2,0,1.0,9,5,1198.0,0.4138545322335047,72.42365757071663,75.18782800461412,7.422478928805024,440.156451811849,19964.802997858675,13642.312999999998,2020.7790000000005,2354.117,9267.416999999998,3314.0520000000006,10328.260999999997,24.29244952817019,3,2,0,0,1,28.80438866416771,24.441316599250314,33.16746072908511,1.0,1.0,0.0,0.0,2,0,0.0,0.24021943320838557,0.0,0.7597805667916144,1.0,0.7597805667916144,0.24021943320838557,0.0,0.7597805667916144,0.24021943320838557,14,2,2021,4,8,2,0,0,2,1,0,1,GRAVE_MORTALIDAD,2
4,2,5,0,4,1,-7.2136591391856335,-78.91004896391532,3,4,3,0,2,0,1,2,887.28,2.0,2,0,1.0,8,17,155.0,0.47624708235002045,72.01662621387504,54.18869101563114,7.101799424601231,798.4335921148452,2675.123535523741,15935.565011852366,1733.9250000199986,935.692,13265.948011832368,2000.1670000199988,13935.398011832369,12.551591352627522,4,2,0,0,2,43.5030289740849,30.66262803455347,56.343429913616326,1.0,0.5562286609077549,0.5562286609077549,0.5562286609077549,2,0,0.0,1.0,0.5562286609077549,0.4437713390922451,0.5562286609077549,0.4437713390922451,1.0,0.0,1.0,0.5562286609077549,12,2,2022,4,13,1,0,0,2,1,0,1,GRAVE_MORTALIDAD,2
5,1,3,0,4,0,-15.875640864066385,-71.73472001786894,0,4,1,0,2,0,1,0,6570.780914754093,2.0,3,2,1.0,12,32,1316.0297901598303,0.5644863213580975,80.56982719292725,58.71463269081596,7.320516765271607,1047.6294344716619,2252.1543170715095,10322.272,1495.236,1749.739,7077.2970000000005,2886.595,7435.677000000001,27.964725207783708,4,1,0,0,2,26.953150866597188,25.823679190426564,27.800254623725156,0.7176320809573438,0.7176320809573438,0.0,0.0,1,0,0.0,0.28236791904265623,0.7176320809573438,0.28236791904265623,0.7176320809573438,0.28236791904265623,0.28236791904265623,0.7176320809573438,0.7176320809573438,0.7176320809573438,13,3,2022,4,18,4,0,1,0,1,0,1,GRAVE_MORTALIDAD,2
3,1,2,0,4,0,-13.067555689729144,-73.83813568581198,0,4,0,0,1,2,2,2,6543.555,2.0,4,4,1.0,14,33,1198.0,0.2597125099725416,70.9610121472119,57.19341734379663,5.032885499923572,220.09580910541564,9033.215589662626,8405.345914410025,1286.7528005834515,1349.7362549158915,5768.856858910682,1415.4095775100511,6989.936336899974,16.8570845300485,7,1,0,0,5,44.83809252776862,35.64762988892551,54.028555166611746,1.0,0.0,0.0,0.0,1,0,0.0,0.08095373611568812,0.9190462638843119,0.9190462638843119,0.0,0.0,1.0,0.0,0.08095373611568812,0.0,6,1,2022,8,23,2,0,1,1,1,0,1,GRAVE_MORTALIDAD,2
3,1,9,0,4,1,-11.091981790250715,-76.1055508371692,0,4,0,0,2,1,1,1,9936.932,2.0,2,0,1.0,9,32,3830.0,0.3734560494192992,78.24478057817565,56.26835273178478,5.8881290313046994,395.26203363583363,4036.5839664157866,12079.848607818607,1833.6943063506953,1119.9976385226237,9126.156662945286,1651.6859070364771,10428.16270078213,13.760909035172315,18,1,0,0,16,43.66857332942907,41.91534567539729,45.421800983460855,1.0,1.0,0.0,0.0,1,0,0.0,0.8766138270158916,0.8766138270158916,0.12338617298410837,0.0,0.12338617298410837,0.8766138270158916,0.0,0.0,0.0,13,2,2023,8,10,4,0,0,1,1,0,1,GRAVE_MORTALIDAD,2
6,1,2,0,4,0,-13.614675974486563,-73.45681060354353,1,4,7,0,3,2,2,2,6543.555,2.0,4,4,1.0,14,33,1198.0,0.4793125427546004,75.37161635090715,71.73219271520676,7.118816891231773,658.761072373094,17232.488222698074,8358.971,1282.451,1298.0969999999998,5778.423,1432.683,6926.288,17.139466089785454,3,1,0,0,2,23.676166256373083,23.676166256373083,23.676166256373083,1.0,0.7288698044883412,0.0,0.0,1,0,0.0,0.0,0.0,1.0,0.0,1.0,0.0,0.0,0.7288698044883412,0.0,11,1,2023,9,15,3,0,0,2,1,0,1,GRAVE_MORTALIDAD,2
6,1,9,0,4,2,-9.773283910994403,-76.190928028854,0,4,2,0,2,2,2,2,6543.555,2.0,4,4,1.0,14,33,1198.0,0.1985758242270937,77.55714392657784,34.95706096213289,2.03851168355126,322.5659269507394,24762.20985010707,8209.057,1333.4779999999996,791.9770000000001,6083.602,1059.8589999999997,7149.198,12.910849565303296,3,1,0,0,2,24.286832464870795,24.286832464870795,24.286832464870795,1.0,0.3014630594588007,0.0,0.6985369405411993,1,0,0.0,0.0,0.3014630594588007,0.6985369405411993,0.0,1.0,0.0,1.0,1.0,0.3014630594588007,21,2,2022,6,25,5,1,1,2,1,0,1,GRAVE_MORTALIDAD,2
4,1,7,0,4,1,-13.669002266394605,-71.67539813342145,0,4,0,1,2,1,0,4,7586.903,2.0,2,0,1.0,9,5,1198.0,0.4479676236050441,63.30882145145972,67.24479045772004,7.580797561744292,698.3309065509212,5653.304068522484,17779.13499998999,2097.3709999899997,2863.123,12818.640999999989,2878.713,14900.421999989989,16.19152450331032,7,1,0,0,6,43.79811897861596,42.99686496435993,44.599372992871984,1.0,0.0,0.5993729928719863,1.0,1,0,0.0,0.0,0.4006270071280137,1.0,0.0,0.5993729928719863,0.4006270071280137,0.0,0.0,0.0,16,2,2023,4,8,1,0,0,2,1,0,1,GRAVE_MORTALIDAD,2
6,1,7,0,4,2,-14.1895192124178,-72.06091040979608,0,4,0,0,5,2,2,2,6543.555,2.0,4,4,1.0,14,33,1198.0,0.3582063239468129,73.72125513625039,50.68912238545782,4.370934077592676,495.5648271945098,7210.27408993576,17779.13499998999,2097.3709999899997,2863.123,12818.640999999989,2878.713,14900.421999989989,16.19152450331032,2,1,0,0,1,33.792417271193166,33.792417271193166,33.792417271193166,1.0,0.7987362118655276,0.0,0.0,1,0,0.0,0.0,0.0,1.0,0.0,1.0,0.0,0.0,0.0,0.0,11,2,2022,8,19,0,0,0,2,1,0,1,GRAVE_MORTALIDAD,2
6,1,1,0,3,3,-9.116451512627421,-77.78528012614326,5,4,5,1,6,2,2,0,6543.555,2.0,4,4,1.0,14,33,1198.0,0.30538980605443505,81.28450377721516,36.97877137904747,3.422104646953604,412.0984158170536,6321.718694767469,10767.648,1885.0630000000003,1222.721,7659.864000000001,2100.343,8667.305000000002,19.506051832303577,2,1,0,0,1,45.32929013461269,45.32929013461269,45.32929013461269,1.0,0.0,0.0,0.1097633782042291,1,0,0.0,0.1097633782042291,0.8902366217957709,0.0,0.0,0.0,1.0,0.8902366217957709,0.0,0.0,5,0,2022,3,19,3,0,0,0,1,0,1,GRAVE_MORTALIDAD,2
9,1,2,0,4,0,-13.57084071551831,-73.34469478853059,4,4,6,1,2,1,1,1,7467.015696466038,2.0,2,0,1.0,9,8,1198.0,0.2673403594989808,77.28287859313838,61.55150367005169,3.8450383191992485,224.09136867507243,7656.703116206817,8376.489046577239,1301.1740694000764,1379.7286495448247,5695.586327632338,1484.0341852230642,6892.454861354176,17.70751056988039,4,1,0,0,3,50.45962537344764,50.45962537344764,50.45962537344764,1.0,0.1149063433619103,0.0,0.0,1,0,0.0,0.0,0.8850936566380897,0.1149063433619103,0.0,0.1149063433619103,0.8850936566380897,0.0,0.0,0.0,15,2,2024,9,16,2,0,1,2,1,0,1,GRAVE_MORTALIDAD,2
6,1,20,0,4,1,-13.867357831365709,-70.5064819805717,4,4,0,1,2,2,2,2,1760.9120962403351,2.0,2,0,1.0,6,21,409.1941994433618,0.3249549836636629,68.34558488327455,47.99098024187923,5.07958755113977,386.87134304580803,6347.616434760678,13642.312999999998,2020.7790000000005,2354.117,9267.416999999998,3314.0520000000006,10328.260999999997,24.29244952817019,6,1,0,0,5,32.992325708984396,32.992325708984396,32.992325708984396,0.9961628544921991,0.0038371455078008987,0.0,0.0,1,0,0.0,0.0,0.0,1.0,0.0,1.0,0.0,0.9961628544921991,0.9961628544921991,0.9961628544921991,9,1,2021,10,20,5,1,1,2,1,0,1,GRAVE_MORTALIDAD,2
6,1,19,1,2,2,-5.18615121317402,-80.6661986355305,0,4,7,1,2,2,2,0,6543.555,2.4979918022608176,3,2,1.0,7,31,1335.9437292262464,0.6290925081755757,78.57516626444189,74.80453843206315,10.527369590089148,1050.5440428404122,181380.1912514796,8965.846000060003,1782.4120000599992,636.9959999999999,6546.438000000004,2214.505000059999,6751.341000000004,24.699342371541725,4,1,0,0,2,36.47389342939063,29.502008197739183,43.445778661042084,1.0,0.0,0.5020081977391821,1.0,1,0,0.0,0.49799180226081785,0.0,1.0,0.5020081977391821,0.49799180226081785,0.49799180226081785,0.5020081977391821,1.0,0.5020081977391821,5,0,2023,3,16,3,0,0,0,1,0,1,GRAVE_MORTALIDAD,2
7,1,3,0,4,1,-16.074096431856304,-71.53716257191124,0,4,2,0,2,0,1,0,1504.4250000000002,2.0,2,0,1.0,7,25,241.0,0.6005060748875158,78.21704200773246,77.40211893847457,8.994742794352394,996.014120858737,33335.45824411135,10322.272,1495.236,1749.739,7077.2970000000005,2886.595,7435.677000000001,27.964725207783708,12,2,0,0,10,35.877157853744876,29.168721765471307,42.585593942018434,1.0,0.5831278234528693,0.0,0.4168721765471307,2,0,0.0,1.0,0.0,0.5831278234528693,0.0,0.5831278234528693,1.0,0.0,0.0,0.0,5,0,2022,8,12,5,1,0,0,1,0,1,GRAVE_MORTALIDAD,2
8,1,7,0,4,1,-14.187537126045752,-71.7862047869587,0,4,4,0,1,1,1,2,2404.731843532118,1.4210346797041957,1,1,0.4210346797041956,7,26,521.9986356575189,0.4652967717117977,65.5417947229127,71.53423457906608,7.149094575152242,743.3200801913935,8611.179761463181,17779.13499998999,2097.3709999899997,2863.123,12818.640999999989,2878.713,14900.421999989989,16.19152450331032,8,1,0,0,7,21.94724275792937,21.94724275792937,21.94724275792937,1.0,1.0,0.0,0.0,1,0,0.0,0.0,0.0,1.0,0.5789653202958044,0.0,0.4210346797041956,1.0,1.0,1.0,16,2,2023,6,19,4,0,0,2,1,0,1,GRAVE_MORTALIDAD,2
3,2,19,0,4,1,-15.197643349957247,-70.38468097657658,0,4,6,1,2,2,2,5,7246.218280757849,1.9454880725621737,1,0,0.9454880725621737,9,6,1149.8659680723995,0.5135470215576747,73.86879819467573,77.29894968418635,8.622331123745207,710.65848057317,65529.67258765087,13567.208210757839,2010.1865148199192,2286.054606663534,9270.967089274387,3219.990797015192,10347.217413742646,23.674274047833023,3,2,0,0,1,33.373112834465,22.836464217686522,43.909761451243476,1.0,0.05451192743782629,0.0,0.05451192743782629,2,0,0.0,0.0,0.9454880725621737,1.0,0.05451192743782629,0.9454880725621737,1.0,0.05451192743782629,1.0,0.9454880725621737,1,0,2021,8,20,5,1,1,2,1,0,1,GRAVE_MORTALIDAD,2
3,2,3,0,4,1,-16.53444908919529,-71.94810689364037,4,4,7,1,2,0,1,0,6573.835103863075,2.0,3,2,1.0,12,32,1329.2703112919048,0.6455852322566902,78.58826324858522,78.38415596279924,8.472481180514539,1258.6172876652156,2628.282655246253,10322.272,1495.236,1749.739,7077.2970000000005,2886.595,7435.677000000001,27.964725207783708,7,2,0,0,5,41.76852568302119,36.314043806918434,47.22300755912395,1.0,0.6859561930815675,0.0,0.0,2,0,0.0,0.0,0.0,1.0,0.0,1.0,0.3140438069184325,0.0,0.0,0.0,12,2,2021,8,5,3,0,0,0,1,0,1,GRAVE_MORTALIDAD,2
3,2,10,0,4,1,-14.089795527623902,-75.6080703951752,0,4,7,1,2,1,0,1,6639.975,2.0,2,0,1.0,9,31,1616.0,0.565039811665465,79.34580055097618,68.63090622462691,8.808404033313757,889.9607536396043,27295.54481618556,3721.461,698.1859999999996,744.866,2278.409,1102.9029999999996,2618.558,29.636290693359403,6,2,0,0,4,42.75761000500735,31.99519368104799,53.52002632896671,1.0,0.5008010531586682,0.0,1.0,2,0,0.0,1.0,0.0,1.0,0.0,1.0,1.0,0.0,0.0,0.0,3,0,2022,9,22,5,1,1,0,1,0,1,GRAVE_MORTALIDAD,2
3,1,1,0,4,1,-9.672752953004318,-78.27620954829287,0,4,1,1,2,0,1,0,6543.555,3.0,2,0,1.0,0,30,1475.0,0.5873460606982213,78.04758132038613,65.8701248560095,8.596987164492063,1041.0659985770535,35482.29764453961,10767.648,1885.0630000000003,1222.721,7659.864000000001,2100.343,8667.305000000002,19.506051832303577,4,2,0,0,2,38.26114027145759,26.248687784408613,48.18447058684587,1.0,0.7834208143727591,0.0,0.0,2,0,0.0,1.0,0.7834208143727591,0.0,0.7834208143727591,0.0,1.0,0.0,0.7834208143727591,0.7834208143727591,2,0,2022,7,10,1,0,0,0,1,1,1,GRAVE_MORTALIDAD,2
3,2,10,2,4,1,-14.85390598229869,-74.97140523256735,0,3,7,1,2,1,0,1,6639.975,2.0,2,0,1.0,9,31,1616.0,0.5563774842369664,77.00938809632027,69.10246351364754,8.476961866273152,914.8835608305218,27932.19700214133,3721.461,698.1859999999996,744.866,2278.409,1102.9029999999996,2618.558,29.636290693359403,3,2,0,0,1,42.48100708388717,41.21676239680255,43.74525177097179,1.0,0.12737411451410363,0.8726258854858964,0.8726258854858964,2,0,0.0,0.12737411451410363,0.8726258854858964,1.0,0.0,0.0,1.0,0.0,0.12737411451410363,0.12737411451410363,21,2,2021,3,18,4,0,1,0,1,0,1,GRAVE_MORTALIDAD,2
6,1,4,0,4,0,-14.147162495680265,-74.25832673841514,0,4,6,0,1,2,2,1,6543.555,2.0,4,4,1.0,14,33,1198.0,0.36868178333368995,73.74411364977178,50.44373093666458,5.484178697016257,460.9170360758915,1426.1287380996969,12678.733000000004,1805.074000000001,1774.0339999999994,9099.625000000004,2485.375000000001,10193.358000000002,19.602707936195205,12,1,0,0,11,22.571480867918794,22.571480867918794,22.571480867918794,1.0,0.08710928946143404,0.0,0.0,1,0,0.0,0.0,0.912890710538566,0.08710928946143404,0.0,0.08710928946143404,0.912890710538566,0.0,0.0,0.0,14,2,2024,1,13,0,0,0,2,1,0,1,GRAVE_MORTALIDAD,2
6,1,5,0,4,2,-6.820785912214667,-78.55619284246443,3,4,0,0,1,1,1,0,6543.555,2.0,4,4,1.0,14,33,1198.0,0.4784855538064627,73.43095552711944,64.78674721243638,6.388102532688265,766.4693907207898,47158.10065854316,15935.565011852366,1733.9250000199986,935.692,13265.948011832368,2000.1670000199988,13935.398011832369,12.551591352627522,2,1,0,0,1,45.28553550842473,43.235073275112896,46.8233821834086,0.48738444167204287,0.48738444167204287,0.0,0.0,1,0,0.0,0.5126155583279571,0.48738444167204287,0.0,0.48738444167204287,0.0,0.5126155583279571,0.48738444167204287,0.5126155583279571,0.0,13,1,2021,9,20,4,0,0,2,1,0,1,GRAVE_MORTALIDAD,2
5,1,12,1,2,3,-8.088204321910277,-79.07471427197085,0,1,2,1,2,2,2,0,6543.555,2.308583942486848,3,2,1.0,9,32,1283.477752068857,0.583006771156836,78.2441938961209,62.24037484511178,8.807312392374042,1028.2282118265089,76607.295503212,8931.828000000005,1335.5899999999997,1935.9830000000004,5660.255000000005,1219.309,7712.519000000005,13.651281686122925,4,1,0,0,3,26.08004379870397,23.765664230052607,28.394423367355326,1.0,0.0,0.0,0.0,1,0,0.0,0.30858394248684795,0.0,1.0,0.0,0.691416057513152,0.30858394248684795,0.0,0.691416057513152,0.0,2,0,2023,10,7,0,0,0,0,1,0,1,GRAVE_MORTALIDAD,2
3,2,18,0,4,1,-8.249468646750666,-76.18368187357758,0,4,1,0,2,1,1,1,906.1179363663979,2.0,2,0,1.0,3,21,130.4377750336206,0.4139622265948138,71.07248328795536,44.92834121650785,6.038468210327906,670.8111465345119,7670.049874682104,5141.6119524487995,784.4799139052802,907.5996814951558,3449.5323570483633,1036.8319382087357,4104.780014240063,21.010260667802843,5,2,0,0,3,57.73149046550115,55.90599119892414,59.64424009878966,1.0,0.7382488998655176,0.0,1.0,2,0,0.0,1.0,0.0,1.0,0.26175110013448244,1.0,0.7382488998655176,0.0,0.26175110013448244,0.26175110013448244,13,2,2021,10,19,0,0,0,0,1,0,1,GRAVE_MORTALIDAD,2
6,1,7,0,4,1,-12.932032100511318,-72.01566097474806,0,4,2,1,1,2,2,2,6543.555,2.0,4,4,1.0,14,33,1198.0,0.30855105840298686,67.25819385164627,52.46854992566476,4.9559668087642725,336.79366287416605,12208.654563236474,17779.13499998999,2097.3709999899997,2863.123,12818.640999999989,2878.713,14900.421999989989,16.19152450331032,10,1,0,0,9,53.49088884397022,53.49088884397022,53.49088884397022,1.0,0.37575926300248186,0.0,0.6242407369975181,1,0,0.0,0.0,0.6242407369975181,0.37575926300248186,0.0,0.37575926300248186,0.6242407369975181,0.0,0.0,0.0,16,1,2022,5,4,5,1,0,2,1,0,1,GRAVE_MORTALIDAD,2
6,1,11,0,4,1,-11.794189812166717,-75.54027265409323,0,4,0,0,2,0,1,2,7408.892337630747,2.0,2,0,1.0,9,9,1198.0,0.4375047436385674,69.39324962498483,69.92472947187453,7.483721590644905,591.5597863965518,839.8884104144317,12264.545,1826.4639999999995,1105.5389999999998,9332.542,1588.5359999999996,10676.009,12.952261987705208,5,1,0,0,3,29.12323665156612,29.12323665156612,29.12323665156612,0.17061484985762543,0.0,0.0,0.8293851501423746,1,0,0.8293851501423746,0.0,0.0,1.0,0.0,1.0,0.0,0.0,0.0,0.8293851501423746,13,2,2022,8,23,4,0,0,2,1,0,1,GRAVE_MORTALIDAD,2
0,1,14,1,2,3,-10.71563934992938,-77.72117684842519,0,0,2,1,2,2,2,1,6543.555,2.0,4,4,1.0,14,33,1198.0,0.7094620366287661,80.2142588843891,74.65965550386571,10.520156025123711,1458.1387020210263,157346.24272113162,7881.275659271415,1702.2480735786055,1415.9622706417306,4763.06531505108,1890.9393653686539,5990.336293902762,23.96918753840316,2,1,0,1,0,38.19033697509505,35.71595629885943,40.66471765133066,1.0,0.8096630249049525,0.19033697509504754,0.19033697509504754,1,0,0.0,0.19033697509504754,0.0,1.0,0.19033697509504754,0.0,1.0,0.0,0.19033697509504754,0.0,20,2,2023,4,14,0,0,0,0,1,0,1,GRAVE_MORTALIDAD,2
6,1,12,0,4,0,-7.702606716564392,-77.65508390596423,1,4,7,1,7,2,2,4,6543.555,2.0,4,4,1.0,14,33,1198.0,0.4686292122960986,72.39347765706144,42.14285241633188,6.687776775372348,878.2652317159998,9440.374732334049,8931.828000000005,1335.5899999999997,1935.9830000000004,5660.255000000005,1219.309,7712.519000000005,13.651281686122925,2,1,0,0,1,41.76495597927129,41.76495597927129,41.76495597927129,1.0,0.0,0.0,0.0,1,0,0.0,0.9172205918248628,0.0,0.0,0.0,0.0,0.9172205918248628,0.08277940817513718,0.0,0.08277940817513718,14,2,2021,3,12,6,1,0,0,1,0,1,GRAVE_MORTALIDAD,2
3,2,3,0,4,1,-16.033554627151137,-71.31624599547054,0,4,3,0,2,0,1,0,1504.4250000000002,2.0,2,0,1.0,7,25,241.0,0.4685280505645348,81.83746865987648,70.74305753660312,6.037751599761188,617.4715908037651,1751.8736616702354,10322.272,1495.236,1749.739,7077.2970000000005,2886.595,7435.677000000001,27.964725207783708,8,2,0,0,6,44.45219181238125,41.08914385928594,47.96405358792244,1.0,0.0,0.0,0.0,2,0,0.0,0.553558532662358,1.0,0.446441467337642,0.0,0.446441467337642,1.0,0.0,0.0,0.0,20,2,2022,1,23,3,0,1,0,1,0,1,GRAVE_MORTALIDAD,2
6,1,12,0,4,1,-10.551242566652604,-76.9988659345631,0,4,4,1,2,1,0,2,777.8857990825566,1.7007679956989394,1,0,0.0,9,10,249.50080279568937,0.5562446935555772,74.72819758123303,59.37847690055225,7.34380446115609,1132.6755538997934,25025.741882012637,7800.688655114417,1578.6942408949512,1357.571053936588,4864.423360282878,1588.9500490406303,6211.738606073787,20.53989484211173,2,1,0,0,1,41.621503879570305,41.621503879570305,41.621503879570305,1.0,0.7007679956989394,0.0,0.0,1,0,0.0,0.0,0.29923200430106056,0.7007679956989394,1.0,0.0,0.0,1.0,0.29923200430106056,1.0,16,1,2023,6,5,3,0,0,0,1,0,1,GRAVE_MORTALIDAD,2