CLASE SINIESTRO,CANTIDAD DE VEHICULOS DAÑADOS,DEPARTAMENTO,ZONA,TIPO DE VÍA,RED VIAL,COORDENADAS LATITUD,COORDENADAS  LONGITUD,CONDICIÓN CLIMÁTICA,ZONIFICACIÓN,CARACTERÍSTICAS DE VÍA,PERFIL LONGITUDINAL VÍA,SUPERFICIE DE CALZADA,¿EXISTE SEÑAL VERTICAL?,¿EXISTE SEÑAL HORIZONTAL?,CAUSA FACTOR PRINCIPAL,MTC_RVN_LONGITUD_KM,MTC_RVN_N_CARRILES_MEDIANA,MTC_RVN_SUPERFICIE_DOMINANTE,MTC_RVN_ESTADO_DOMINANTE,MTC_RVN_ES_CONCESIONADA,MTC_RVN_CONCESION_PRINCIPAL,MTC_RVN_CORREDOR_LOGISTICO,MTC_RVN_N_TRAMOS,IDH_2019,IDH_ESP_VIDA_2019,IDH_EDUC_SECUND_PCT_2019,IDH_ANIOS_EDUC_2019,IDH_INGRESO_PERCAP_2019,IDH_POBLACION_2019,MTC_DEP_RED_TOTAL_KM,MTC_DEP_NACIONAL_TOTAL_KM,MTC_DEP_DEPARTAMENTAL_TOTAL_KM,MTC_DEP_VECINAL_TOTAL_KM,MTC_DEP_PAV_TOTAL_KM,MTC_DEP_NO_PAV_TOTAL_KM,MTC_DEP_PCT_PAVIMENTADA,PER_TOTAL_PERSONAS,PER_N_CONDUCTORES,PER_N_CONDUCTORES_FUGADOS,PER_N_PEATONES,PER_N_PASAJEROS_OCUPANTES,PER_EDAD_COND_PROM,PER_EDAD_COND_MIN,PER_EDAD_COND_MAX,PER_ANY_COND_MASCULINO,PER_ANY_LIC_PROBLEMA,PER_ANY_DOSAJE_POS,PER_ANY_DOSAJE_EVALUADO,VEH_TOTAL,VEH_N_FUGADOS,VEH_ANY_FUGADO,VEH_ANY_CARGA,VEH_ANY_PUBLICO,VEH_ANY_PARTICULAR,VEH_ANY_MOTO,VEH_ANY_AUTO,VEH_ANY_CAMION_BUS,VEH_ANY_SOAT_PROBLEMA,VEH_ANY_CITV_PROBLEMA,VEH_ANY_SEGURO_PROBLEMA,HORA_NUM,FRANJA_HORARIA,ANIO,MES,DIA_MES,DIA_SEMANA,ES_FIN_SEMANA,ES_QUINCENA,REGION_NATURAL,TIENE_SEÑALIZACION,ES_VIA_MULTICARRIL,ES_DEPTO_BAJO_PAVIMENTO,CATEGORIA_SEVERIDAD,CATEGORIA_SEVERIDAD_ENC
4,1,16,0,4,1,-7.555994847154102,-78.68109628101668,0,4,7,1,1,2,2,0,1187.1213856790548,0.7074251738531878,1,0,0.5691417246177293,4,25,267.2677026425095,0.4943138591793276,76.2778336255568,52.293951409872676,7.064998868590785,873.8837458513501,13421.542475285947,8388.69712183651,1739.7531530468248,1051.5191455877025,5597.424823201984,2042.321107443131,6346.3760143933805,24.310793997105282,2,1,0,0,1,41.170299304587246,36.04802378302769,46.29257482614681,1.0,0.0,0.0,0.5691417246177293,1,0,0.0,0.5691417246177293,0.0,1.0,0.5691417246177293,0.0,1.0,0.0,0.5691417246177293,0.0,12,2,2023,9,23,3,0,1,0,1,0,1,GRAVE_MORTALIDAD,2
6,1,17,0,4,1,-13.346448681610328,-72.65702159089665,0,4,7,1,1,2,2,4,564.0239415419267,1.312191883786388,0,2,0.31219188378638796,8,27,84.15576402999795,0.460259434596718,78.1171476320222,74.35757604539779,7.742944359555952,561.0494253253247,49980.37369097965,12171.737814302476,1806.8685553402888,2223.5789588648627,8141.290300097326,2660.0902367816507,9511.647577520826,20.97036329387432,3,1,0,0,2,41.302332164950805,41.302332164950805,41.302332164950805,1.0,1.0,0.0,0.0,1,0,0.0,0.0,0.687808116213612,0.31219188378638796,0.0,0.31219188378638796,0.687808116213612,0.687808116213612,0.687808116213612,0.687808116213612,8,1,2023,4,15,3,0,0,1,1,0,1,GRAVE_MORTALIDAD,2
6,1,9,0,4,0,-11.561068778889187,-75.76108823505014,0,4,0,0,1,1,0,0,6543.555,2.0,4,4,1.0,14,33,1198.0,0.31634077235455704,73.52642267440626,44.31391901046388,4.984914540132802,363.00144018227417,24596.36722342525,8626.989818141716,1415.2093806941575,1988.5774877634433,5223.202949684113,1698.0781455691706,6928.9116725725435,19.76522151784444,8,1,0,0,7,32.19911072053347,32.19911072053347,32.19911072053347,1.0,0.0,0.0,0.0,1,0,0.0,0.2748888400666839,0.7251111599333161,0.0,0.0,0.0,1.0,0.0,0.7251111599333161,0.0,14,2,2024,1,24,1,0,1,1,1,0,1,GRAVE_MORTALIDAD,2
6,1,7,0,4,0,-10.769758452598108,-75.63752347611036,3,4,1,0,5,2,2,5,6543.555,2.0,4,4,1.0,14,33,1198.0,0.2888820061676505,74.7851316794694,52.01970019233833,4.196395055223704,289.5877657934027,2421.8531543519607,8239.594382344785,1323.0838339520838,895.0733082323334,6021.437240160367,1135.8030014629167,7103.791380881868,13.772215946012121,6,1,0,0,5,40.94450995122698,40.94450995122698,40.94450995122698,1.0,0.0,0.0,0.0,1,0,0.0,0.0,0.7963006634151322,0.0,0.0,0.20369933658486783,0.7963006634151322,0.0,0.0,0.0,5,0,2021,5,26,1,0,0,2,1,0,1,GRAVE_MORTALIDAD,2
3,1,21,0,4,1,-6.046762470377925,-77.02404641421813,0,3,0,0,2,2,2,1,7758.33400008,2.0,2,0,1.0,9,20,2133.0,0.5294800468051228,72.46713251445857,60.50982579904599,7.757161651692042,952.984823255978,86435.21199143468,5645.136,815.0759999999999,965.298,3864.762,1013.406,4631.73,17.95184385283189,3,2,0,0,1,35.914093050071294,30.995248707823933,40.83293739231866,1.0,1.0,0.0,0.16706260768133896,2,0,0.0,0.0,0.16706260768133896,1.0,1.0,0.0,1.0,0.0,1.0,1.0,7,1,2022,3,13,3,0,0,1,1,0,1,GRAVE_MORTALIDAD,2
6,1,5,0,4,2,-7.085002094444882,-78.52263915259664,0,4,1,0,1,1,0,0,6543.555,2.0,4,4,1.0,14,33,1198.0,0.4870730564911099,74.21847734820395,64.69053570919782,6.618266636582356,776.1553982087216,48249.74582399572,15935.565011852366,1733.9250000199986,935.692,13265.948011832368,2000.1670000199988,13935.398011832369,12.551591352627522,2,1,0,0,1,53.7580602429576,53.70113324130057,53.800755494200374,0.9857682495857412,0.9857682495857412,0.0,0.0,1,0,0.0,0.014231750414258837,0.9857682495857412,0.0,0.9857682495857412,0.0,0.014231750414258837,0.9857682495857412,0.014231750414258837,0.0,16,2,2021,7,14,2,0,0,2,1,0,1,GRAVE_MORTALIDAD,2
6,1,4,0,4,1,-13.492716464728788,-74.59765291967732,1,4,0,0,2,1,0,4,1590.6491498757616,1.3738528774900507,1,3,0.7912842924966835,9,25,294.545860664675,0.2961440406809388,76.93503618115558,41.607928226587944,4.731008025649642,325.67788475228406,3783.1760156051196,12678.733000000004,1805.074000000001,1774.0339999999994,9099.625000000004,2485.375000000001,10193.358000000002,19.602707936195205,4,1,0,0,3,50.19953872742372,50.19953872742372,50.19953872742372,1.0,0.0,0.0,1.0,1,0,0.0,0.0,0.0,1.0,0.0,0.0,1.0,0.20871570750331647,0.20871570750331647,0.20871570750331647,4,0,2021,11,15,1,0,0,2,1,0,1,GRAVE_MORTALIDAD,2
6,1,5,0,4,1,-6.90562615734566,-79.09403893399697,0,4,0,0,2,2,2,0,851.1608456453313,2.0,2,1,0.0,9,16,216.8041522120657,0.39305514473545977,70.70773372201275,51.65332996080727,5.636003615264875,577.3025733093305,7134.523853434442,15935.565011852366,1733.9250000199986,935.692,13265.948011832368,2000.1670000199988,13935.398011832369,12.551591352627522,25,1,0,0,24,43.83875397927977,43.83875397927977,43.83875397927977,1.0,0.0,0.0,0.0,1,0,0.0,0.0,0.6013840706885634,0.39861592931143663,0.0,0.0,1.0,0.0,0.0,0.0,10,1,2022,5,23,5,1,1,2,1,0,1,GRAVE_MORTALIDAD,2
6,1,14,2,4,1,-12.028743946285102,-76.90627146822344,0,0,7,1,2,2,2,2,2831.0392621212513,2.0,2,0,1.0,5,19,651.2616356520043,0.6868549636939637,79.62363164345142,76.30894566128948,9.209137883551294,1425.4498631666322,684921.8484148846,7626.313,1683.4029999999998,1599.0829999999996,4343.827000000001,1814.875,5811.438000000001,23.797541485643197,2,1,0,0,0,26.766745072660324,26.766745072660324,26.766745072660324,1.0,0.0,0.0,0.0,1,0,0.0,0.0,0.0,1.0,0.6607797016082162,0.3392202983917838,0.0,0.0,0.6607797016082162,0.0,21,2,2024,4,9,5,0,0,0,1,0,1,GRAVE_MORTALIDAD,2
6,1,15,0,4,1,-13.415777815428987,-73.13238072522604,1,4,0,1,2,1,1,2,7111.757572221463,2.0,2,1,1.0,11,17,1198.0,0.44489005892684985,73.24439430657883,67.24562192813862,7.396885794300061,688.3769971322587,9237.241600276133,12891.986817820687,1914.9559353837706,1674.1471038396298,9302.883778597286,2374.3438397224227,10517.642978098263,18.116635006106613,3,1,0,0,2,41.910809102578504,41.910809102578504,41.910809102578504,1.0,0.0,0.0,0.0,1,0,0.0,0.0,0.0,1.0,0.0,1.0,0.0,0.0,0.0,0.0,14,1,2022,10,10,2,0,0,2,1,0,1,GRAVE_MORTALIDAD,2
5,1,22,0,4,1,-16.90253731716384,-70.30416999911724,1,4,7,1,2,2,2,2,1545.4433565220709,2.0,2,0,1.0,9,21,207.92615734854826,0.376517457095904,70.07752185352196,62.70275033911688,6.76492705702486,427.50181472064764,2534.1072809144,2650.572,630.6729999999998,487.3610000000001,1532.5379999999998,1068.7019999999998,1581.87,40.31967439480987,4,1,0,0,3,47.390147641508854,47.082136345580814,47.698158937436894,1.0,0.0,0.0,1.0,1,0,0.0,0.04106817279040542,0.0,0.9589318272095946,0.0,1.0,0.04106817279040542,0.0,0.0,0.0,12,2,2023,3,1,3,0,0,0,1,0,1,GRAVE_MORTALIDAD,2
6,1,7,0,4,2,-13.499864926595265,-71.652982752548,0,4,6,0,1,1,1,3,6543.555,2.0,4,4,1.0,14,33,1198.0,0.33940411800418363,74.86660589206656,63.83877857498894,5.407060767095758,325.5407258623301,4552.268765961875,17779.13499998999,2097.3709999899997,2863.123,12818.640999999989,2878.713,14900.421999989989,16.19152450331032,3,1,0,0,2,50.193075830829045,50.193075830829045,50.193075830829045,1.0,0.0,0.7448250755299131,0.7448250755299131,1,0,0.0,0.0,0.0,1.0,0.0,0.7448250755299131,0.25517492447008694,0.0,0.0,0.0,22,2,2024,9,16,3,0,0,2,1,0,1,GRAVE_MORTALIDAD,2
3,1,14,0,4,1,-10.8565366547499,-77.61300391067617,0,4,1,1,2,1,1,2,6543.555,2.445955545092102,3,2,1.0,7,31,1321.5296859905122,0.6197097318298582,78.12699806040932,65.5723730035606,8.22809223034319,1251.729674790771,25358.490343904068,7626.313,1683.4029999999998,1599.0829999999996,4343.827000000001,1814.875,5811.438000000001,23.797541485643197,4,2,0,0,2,58.5,46.98640009417108,70.01359990582891,1.0,0.5540444549078982,0.0,0.4459555450921018,2,0,0.0,0.5540444549078982,0.4459555450921018,0.4459555450921018,1.0,0.0,1.0,0.0,0.5540444549078982,0.5540444549078982,3,0,2022,1,21,5,1,0,0,1,0,1,GRAVE_MORTALIDAD,2
3,2,12,0,4,1,-6.212739209871297,-79.58358821392335,0,4,7,0,2,2,2,0,1411.9998258591258,2.0,2,0,1.0,1,20,192.0937528008686,0.4986469915547594,75.96051085908886,58.5513807153525,7.711592767145355,764.3662440230545,28718.891715922935,3464.9324808469946,518.728733921477,690.8320408409734,2255.3717060845443,711.355241393036,2753.5772394539586,20.5163368894096,3,2,0,0,1,26.13015099325922,20.120139378393127,32.140162608125316,1.0,0.9799767702678124,0.0,0.9799767702678124,2,0,0.0,1.0,0.0,1.0,0.9799767702678124,0.02002322973218762,1.0,0.9799767702678124,0.0,0.0,5,0,2021,5,28,0,0,1,0,1,0,1,GRAVE_MORTALIDAD,2
3,1,20,0,4,1,-5.865639870430487,-77.54516746988173,0,4,7,1,2,2,2,1,7682.401880173924,2.062506941510411,2,0,1.0,8,20,2091.8704324861496,0.47328802936814524,73.57807569642665,53.80565210303265,6.198168266679162,828.598219832041,47636.99973348917,5508.530517210781,796.3230424496955,948.0729621279761,3764.134512633109,994.0256602777556,4514.504856933024,18.10049479427387,4,2,0,0,2,27.250194362291502,23.625180479270682,30.875208245312326,1.0,0.0,0.0,0.0,2,0,0.0,0.0,0.06250694151041081,1.0,0.9374930584895892,0.0,0.06250694151041081,0.9374930584895892,0.9374930584895892,0.9374930584895892,18,1,2024,8,5,3,0,0,0,1,0,1,GRAVE_MORTALIDAD,2
6,1,1,0,4,1,-9.180851740026172,-77.52368933410216,3,4,6,0,2,1,1,0,1282.2777585028266,1.3874664638217566,0,3,0.0,9,19,207.47842069018083,0.31250122700526306,71.96609722288723,50.56708156287185,5.275727757856819,366.4763314735924,2159.6319123720405,10767.648,1885.0630000000003,1222.721,7659.864000000001,2100.343,8667.305000000002,19.506051832303577,25,1,0,0,24,43.450134144712976,43.450134144712976,43.450134144712976,1.0,0.0,0.0,0.0,1,0,0.0,0.0,1.0,0.0,0.0,0.0,1.0,0.6125335361782434,0.0,0.0,17,2,2022,5,12,5,1,0,0,1,0,1,GRAVE_MORTALIDAD,2
6,1,7,0,4,1,-13.516927006442042,-71.42812572487819,2,4,0,0,3,1,1,1,6543.555,2.0,4,4,1.0,14,33,1198.0,0.36559114473742355,68.44843514362147,63.36277030605641,5.992366415229507,425.73985187594764,5093.307915018925,17779.13499998999,2097.3709999899997,2863.123,12818.640999999989,2878.713,14900.421999989989,16.19152450331032,3,1,0,0,1,51.3368607607374,51.3368607607374,51.3368607607374,0.5834215190184351,1.0,0.0,0.0,1,0,0.0,0.0,0.4165784809815649,0.5834215190184351,0.4165784809815649,0.5834215190184351,0.0,0.4165784809815649,0.5834215190184351,0.4165784809815649,18,2,2023,6,12,5,1,0,2,1,0,1,GRAVE_MORTALIDAD,2
1,1,15,1,6,2,-13.913261312175758,-72.67186687339053,0,4,3,1,4,2,2,3,7027.881261731303,2.0,3,2,1.0,11,20,1198.0,0.4148068453485212,72.28344294605559,73.90192298594636,7.594646473803944,482.5496087159722,25488.294947082435,12904.110346339872,1916.6657903406324,1685.1338381747482,9302.310717824492,2389.527341180078,10514.583005159795,18.21642182584676,3,1,0,1,0,36.35567108113828,32.17783554056914,40.53350662170742,1.0,0.0,0.0,0.5357960510478733,1,0,0.0,1.0,0.4642039489521267,0.0,0.0,0.0,1.0,0.0,0.0,0.0,13,3,2023,7,12,0,0,0,2,1,0,1,GRAVE_MORTALIDAD,2
6,1,8,0,4,1,-12.645658591274213,-74.82483915278067,0,4,7,1,3,2,2,2,762.6746028723358,1.6192043172921549,1,0,0.6192043172921549,5,32,137.8148343311182,0.44115643837216145,72.59972451233786,67.3363778616856,7.553762888748539,593.0109863408929,1178.9465870066233,12422.266002229399,1818.3187803468793,1360.0990099117805,9243.848211970739,1930.0484192840213,10492.217582945377,15.484723092972079,4,1,0,0,3,25.619204317292155,25.619204317292155,25.619204317292155,1.0,0.0,0.38079568270784514,0.38079568270784514,1,0,0.0,1.0,0.0,0.0,0.0,0.6192043172921549,0.38079568270784514,0.0,0.38079568270784514,0.0,15,3,2023,5,11,3,0,0,2,1,0,1,GRAVE_MORTALIDAD,2
0,0,14,2,2,4,-12.001602683191708,-76.95591264876005,0,0,3,1,2,2,2,1,6543.555,2.0,4,4,1.0,14,33,1198.0,0.6942337778129646,79.62625302422025,74.66563756214414,9.653579642683866,1445.8445471950747,926773.775722979,7626.313,1683.4029999999998,1599.0829999999996,4343.827000000001,1814.875,5811.438000000001,23.797541485643197,2,1,0,1,0,30.243825364287623,28.322648329122202,31.68470814066169,1.0,0.0,0.0,0.4802942587913558,1,0,0.0,0.0,1.0,0.0,0.5197057412086442,0.0,0.4802942587913558,0.0,0.5197057412086442,0.0,20,2,2022,8,8,2,0,0,0,1,0,1,GRAVE_MORTALIDAD,2
5,1,3,0,4,0,-15.801122168801154,-73.3300223410549,2,4,4,0,2,1,1,1,6607.356484781312,2.0,2,1,1.0,10,31,1474.592207411203,0.6247773315341096,81.67918592863272,66.32482152049892,9.301494165548764,1110.9584796186707,8676.111491710348,10322.272,1495.236,1749.739,7077.2970000000005,2886.595,7435.677000000001,27.964725207783708,5,1,0,0,4,29.631926918369427,29.631926918369427,29.631926918369427,1.0,0.0,0.0,0.33829615451865325,1,0,0.0,0.6617038454813468,0.33829615451865325,0.6617038454813468,0.0,0.6617038454813468,1.0,0.0,0.6617038454813468,0.0,15,1,2021,6,21,3,0,0,0,1,0,1,GRAVE_MORTALIDAD,2
3,1,5,0,4,1,-7.267257215765338,-78.71404197217743,0,3,5,1,2,1,1,1,887.28,2.0,2,0,1.0,8,17,155.0,0.39515483761207915,74.1047823848192,58.519795588200374,5.316538570083187,554.9150812418814,8225.06839721931,15935.565011852366,1733.9250000199986,935.692,13265.948011832368,2000.1670000199988,13935.398011832369,12.551591352627522,6,1,0,0,4,45.884419932931785,44.71310902993799,47.05573083592559,1.0,0.7808739353291991,0.0,0.21912606467080087,1,0,0.0,0.7808739353291991,0.0,1.0,0.0,0.7808739353291991,1.0,0.0,1.0,0.0,13,2,2021,6,10,0,0,0,2,1,0,1,GRAVE_MORTALIDAD,2
3,1,12,2,3,1,-8.110742752902048,-79.09115625114248,0,0,6,1,2,2,2,0,6543.555,2.8871568128163787,2,0,1.0,1,30,1443.7424371501368,0.583006771156836,78.2441938961209,62.24037484511178,8.807312392374042,1028.2282118265089,76607.295503212,8931.828000000005,1335.5899999999997,1935.9830000000004,5660.255000000005,1219.309,7712.519000000005,13.651281686122925,4,1,0,0,2,41.855979443511195,29.435784064081894,54.27617482294049,1.0,0.8871568128163786,0.0,0.0,1,0,0.0,0.8871568128163786,0.8871568128163786,0.11284318718362141,0.8871568128163786,0.11284318718362141,0.8871568128163786,0.0,0.11284318718362141,0.8871568128163786,14,2,2023,9,18,3,0,0,0,1,0,1,GRAVE_MORTALIDAD,2
4,1,7,0,4,0,-13.345201495151642,-71.62657541338835,0,4,4,1,1,2,2,3,6543.555,2.0,4,4,1.0,14,33,1198.0,0.18120515508628568,63.50871316599642,53.670185843771634,3.0348350071463823,143.2370847561717,9609.364310817049,17779.13499998999,2097.3709999899997,2863.123,12818.640999999989,2878.713,14900.421999989989,16.19152450331032,4,1,0,0,3,34.52674534030755,33.035660453743404,36.0178302268717,1.0,0.59643395462566,0.0,0.0,1,0,0.0,0.59643395462566,0.0,1.0,0.0,0.40356604537434004,0.59643395462566,0.0,0.0,0.0,11,1,2022,8,12,5,1,0,2,1,0,1,GRAVE_MORTALIDAD,2
6,1,7,0,4,0,-13.725466173327105,-71.39768191443662,2,4,2,0,4,1,1,3,6543.555,2.0,4,4,1.0,14,33,1198.0,0.21796068992809647,63.747880873087226,42.67787615420026,4.287468150148787,183.29729161246456,2432.0467921935206,17779.13499998999,2097.3709999899997,2863.123,12818.640999999989,2878.713,14900.421999989989,16.19152450331032,3,1,0,0,2,34.785653237108306,34.785653237108306,34.785653237108306,0.48468951693630746,0.0,0.0,0.0,1,0,0.0,0.0,0.0,1.0,0.0,0.0,1.0,0.0,0.0,0.0,22,2,2021,3,12,2,0,0,2,1,0,1,GRAVE_MORTALIDAD,2
6,1,8,0,4,2,-12.46812812231999,-74.7616267942426,0,4,7,1,7,2,2,0,6543.555,2.0,4,4,1.0,14,33,1198.0,0.23934701679999337,67.52019565704688,48.326460118583505,3.979008873889049,210.6862241633481,3733.0821239871148,8511.426,1445.3929999999996,2008.516,5057.516999999999,1879.579,6631.846999999998,22.08300935706896,9,1,0,0,8,36.65072049741584,32.75819111359558,39.570117535281035,0.026867654044935296,0.0,0.0,0.0,1,0,0.0,0.0,0.0,1.0,0.0,1.0,0.0,0.0,0.026867654044935296,0.0,19,2,2024,6,9,5,0,0,2,1,0,1,GRAVE_MORTALIDAD,2
3,3,3,0,4,1,-16.02225787128899,-71.29568558311837,1,4,0,0,2,0,1,0,1504.4250000000002,2.0,2,0,1.0,7,25,241.0,0.4685280505645348,81.83746865987648,70.74305753660312,6.037751599761188,617.4715908037651,1751.8736616702354,10322.272,1495.236,1749.739,7077.2970000000005,2886.595,7435.677000000001,27.964725207783708,7,3,0,0,3,38.64159010532442,36.52192754197215,40.28289131295821,1.0,0.0,0.0,0.0,3,0,0.0,0.38048188549303585,0.6195181145069641,1.0,0.0,1.0,1.0,0.0,0.38048188549303585,0.0,19,2,2023,3,18,2,0,0,0,1,0,1,GRAVE_MORTALIDAD,2
6,1,10,0,4,1,-13.35723280888891,-76.21958590967914,0,4,7,1,2,1,1,5,6639.975,2.0,2,0,1.0,9,31,1616.0,0.5736744275518083,81.67473861808857,68.1608574885675,9.138785887908334,865.1176766860625,26660.92933618844,3721.461,698.1859999999996,744.866,2278.409,1102.9029999999996,2618.558,29.636290693359403,6,1,0,0,5,55.84081162176351,55.57549765803602,56.10612558549099,1.0,0.0,0.0,0.10612558549099549,1,0,0.0,0.10612558549099549,0.0,0.0,0.0,0.8938744145090045,0.10612558549099549,0.0,0.0,0.0,1,0,2022,3,8,1,0,0,0,1,0,1,GRAVE_MORTALIDAD,2
6,1,14,0,4,1,-10.922481597890695,-76.82635643994446,0,4,0,1,1,1,0,2,898.9321625680433,-1.0,0,0,0.5313568317526952,9,22,275.3489330523424,0.5144536643618209,73.96712635859559,63.52225125153354,7.3882486781527215,859.4445828870538,936.9018389579853,7626.313,1683.4029999999998,1599.0829999999996,4343.827000000001,1814.875,5811.438000000001,23.797541485643197,3,1,0,0,2,36.94070495258086,36.94070495258086,36.94070495258086,1.0,0.0,0.0,0.0,1,0,0.0,0.0,0.5313568317526952,0.4686431682473048,0.0,0.0,1.0,0.0,0.0,0.0,8,1,2022,5,20,0,0,0,0,1,0,1,GRAVE_MORTALIDAD,2
4,1,12,0,4,1,-7.351031838599588,-79.06555716456646,0,4,4,0,1,2,2,2,6543.555,2.604222320339569,2,1,1.0,5,31,1365.3695827340607,0.3835714649733862,77.54836726437759,48.346520963844654,5.1711127577055835,579.5310547886395,24516.976475839085,8931.828000000005,1335.5899999999997,1935.9830000000004,5660.255000000005,1219.309,7712.519000000005,13.651281686122925,8,1,0,0,7,43.13588972288634,36.79155535932086,49.48022408645181,1.0,0.6042223203395692,0.0,0.0,1,0,0.0,0.39577767966043076,0.6042223203395692,0.0,0.6042223203395692,0.0,1.0,0.0,0.0,0.6042223203395692,10,0,2023,6,11,1,0,0,0,1,0,1,GRAVE_MORTALIDAD,2
4,1,3,0,4,2,-16.369024646506173,-72.65513272495342,0,4,3,0,5,2,2,0,6580.854892731448,2.0,3,2,1.0,12,32,1359.7025011589385,0.5673495613392526,81.14299914312554,69.8494754262913,8.718297502630135,887.9264788552033,8001.045733583197,10322.272,1495.236,1749.739,7077.2970000000005,2886.595,7435.677000000001,27.964725207783708,2,1,0,0,0,41.328797777575446,38.62086115529657,44.036734399854325,1.0,0.6131519111030179,0.0,0.0,1,0,0.0,0.0,0.0,1.0,0.0,0.3868480888969821,0.0,0.6131519111030179,0.0,0.6131519111030179,15,3,2022,5,14,3,0,0,0,1,0,1,GRAVE_MORTALIDAD,2
6,1,14,2,3,1,-12.016347278069357,-76.87817907850513,4,4,6,1,5,2,2,0,1977.4942682654482,2.0,2,0,1.0,5,17,358.5624880414117,0.6868549636939637,79.62363164345142,76.30894566128948,9.209137883551294,1425.4498631666322,684921.8484148846,7626.313,1683.4029999999998,1599.0829999999996,4343.827000000001,1814.875,5811.438000000001,23.797541485643197,2,1,0,0,1,33.112044375404764,29.889635500323813,35.528851031715476,1.0,0.1943977812297617,0.0,0.0,1,0,0.0,0.0,0.0,1.0,0.8056022187702383,0.0,0.1943977812297617,0.8056022187702383,1.0,0.8056022187702383,4,0,2022,4,20,5,0,1,0,1,0,1,GRAVE_MORTALIDAD,2
4,2,5,0,4,1,-7.253738477797211,-78.65407657667399,4,4,4,0,2,0,1,0,887.28,2.0,2,0,1.0,8,17,155.0,0.32385130539998846,71.33350122848591,42.26580714580323,4.942227074029355,402.5851307309244,4376.447126727372,15935.565011852366,1733.9250000199986,935.692,13265.948011832368,2000.1670000199988,13935.398011832369,12.551591352627522,6,2,0,0,4,37.84850907728671,34.0,41.69701815457341,1.0,0.0,0.0,0.0,2,0,0.0,0.2996686838414908,0.7003313161585092,1.0,0.0,1.0,1.0,0.0,1.0,0.0,6,1,2021,2,14,0,0,0,2,1,0,1,GRAVE_MORTALIDAD,2
5,1,12,0,4,1,-8.868372976486626,-78.6683571755966,0,4,7,1,2,2,2,1,6543.555,3.0,2,0,1.0,0,30,1475.0,0.4886297109487522,77.79690624536074,53.42794913224223,6.178026922591684,840.5213156329748,9943.087783093557,8931.828000000005,1335.5899999999997,1935.9830000000004,5660.255000000005,1219.309,7712.519000000005,13.651281686122925,3,1,0,0,2,26.113693687504917,26.037897895834973,26.189489479174863,1.0,0.9621021041650275,0.0,0.0,1,0,0.0,0.0,0.0,1.0,0.037897895834972495,1.0,0.0,0.0,0.9621021041650275,0.037897895834972495,7,1,2022,3,29,1,0,1,0,1,1,1,GRAVE_MORTALIDAD,2
6,1,13,0,4,1,-13.434198536612518,-70.85372205154195,2,4,1,0,7,2,2,3,2545.2777562554597,1.5356345005875744,1,1,0.0,9,22,774.7640716333535,0.4975679487482829,76.61451947287163,64.243238841974,7.371912570342798,759.2013882059609,28640.998733164164,15563.31041400566,2056.3456823263527,2590.481825393921,10916.482906285386,3111.8955878512943,12451.414826154365,20.53065943329852,4,1,0,0,3,38.28730998824851,38.28730998824851,38.28730998824851,1.0,0.5356345005875744,0.0,0.5356345005875744,1,0,0.0,0.0,0.46436549941242555,0.5356345005875744,0.0,0.0,1.0,0.5356345005875744,1.0,0.0,15,3,2021,4,9,5,0,0,2,1,0,1,GRAVE_MORTALIDAD,2
7,1,2,0,4,3,-14.026141659723265,-73.4446110654745,6,5,6,2,6,2,2,0,6543.555,2.0,4,4,1.0,14,33,1198.0,0.28932933922875026,68.22507681068353,62.37428975056559,5.045058332611257,261.002069818596,1083.1505854957277,8358.971,1282.451,1298.0969999999998,5778.423,1432.683,6926.288,17.139466089785454,2,1,0,0,1,28.671964408716484,28.671964408716484,28.671964408716484,1.0,0.0,0.0,0.0,1,0,0.0,0.0,0.0,1.0,0.0,0.0,1.0,0.0,0.0,0.0,19,2,2022,2,11,3,0,0,2,1,0,1,GRAVE_MORTALIDAD,2
3,1,3,0,4,1,-15.921796285431556,-71.18433125954644,0,4,7,0,2,0,1,0,1504.4250000000002,2.0,2,0,1.0,7,25,241.0,0.4498224071382834,81.63336343193146,58.84842497065013,5.774685730039019,620.6584683449911,1358.612419700214,10322.272,1495.236,1749.739,7077.2970000000005,2886.595,7435.677000000001,27.964725207783708,6,2,0,0,4,37.18067237322574,26.95798288032279,47.403361866128684,1.0,0.0,0.0,0.31932762677426296,2,0,0.0,0.31932762677426296,0.0,1.0,0.0,1.0,0.31932762677426296,0.0,1.0,0.0,13,2,2023,3,18,3,0,0,0,1,0,1,GRAVE_MORTALIDAD,2