CLASE SINIESTRO,CANTIDAD DE VEHICULOS DAÑADOS,DEPARTAMENTO,ZONA,TIPO DE VÍA,RED VIAL,COORDENADAS LATITUD,COORDENADAS  LONGITUD,CONDICIÓN CLIMÁTICA,ZONIFICACIÓN,CARACTERÍSTICAS DE VÍA,PERFIL LONGITUDINAL VÍA,SUPERFICIE DE CALZADA,¿EXISTE SEÑAL VERTICAL?,¿EXISTE SEÑAL HORIZONTAL?,CAUSA FACTOR PRINCIPAL,MTC_RVN_LONGITUD_KM,MTC_RVN_N_CARRILES_MEDIANA,MTC_RVN_SUPERFICIE_DOMINANTE,MTC_RVN_ESTADO_DOMINANTE,MTC_RVN_ES_CONCESIONADA,MTC_RVN_CONCESION_PRINCIPAL,MTC_RVN_CORREDOR_LOGISTICO,MTC_RVN_N_TRAMOS,IDH_2019,IDH_ESP_VIDA_2019,IDH_EDUC_SECUND_PCT_2019,IDH_ANIOS_EDUC_2019,IDH_INGRESO_PERCAP_2019,IDH_POBLACION_2019,MTC_DEP_RED_TOTAL_KM,MTC_DEP_NACIONAL_TOTAL_KM,MTC_DEP_DEPARTAMENTAL_TOTAL_KM,MTC_DEP_VECINAL_TOTAL_KM,MTC_DEP_PAV_TOTAL_KM,MTC_DEP_NO_PAV_TOTAL_KM,MTC_DEP_PCT_PAVIMENTADA,PER_TOTAL_PERSONAS,PER_N_CONDUCTORES,PER_N_CONDUCTORES_FUGADOS,PER_N_PEATONES,PER_N_PASAJEROS_OCUPANTES,PER_EDAD_COND_PROM,PER_EDAD_COND_MIN,PER_EDAD_COND_MAX,PER_ANY_COND_MASCULINO,PER_ANY_LIC_PROBLEMA,PER_ANY_DOSAJE_POS,PER_ANY_DOSAJE_EVALUADO,VEH_TOTAL,VEH_N_FUGADOS,VEH_ANY_FUGADO,VEH_ANY_CARGA,VEH_ANY_PUBLICO,VEH_ANY_PARTICULAR,VEH_ANY_MOTO,VEH_ANY_AUTO,VEH_ANY_CAMION_BUS,VEH_ANY_SOAT_PROBLEMA,VEH_ANY_CITV_PROBLEMA,VEH_ANY_SEGURO_PROBLEMA,HORA_NUM,FRANJA_HORARIA,ANIO,MES,DIA_MES,DIA_SEMANA,ES_FIN_SEMANA,ES_QUINCENA,REGION_NATURAL,TIENE_SEÑALIZACION,ES_VIA_MULTICARRIL,ES_DEPTO_BAJO_PAVIMENTO,CATEGORIA_SEVERIDAD,CATEGORIA_SEVERIDAD_ENC
3,2,15,1,4,1,-9.318349306810985,-78.19537594454486,0,3,7,0,2,1,1,2,233.99805509814786,2.0,2,0,0.33326847014241023,6,7,53.33365764928795,0.500168800837804,74.20150201800851,60.80310379326049,7.271954256119284,910.7593659559163,36933.266616917004,8072.73711363527,1716.3995779803256,1278.4497373660988,5077.887798288846,1948.0590787430071,6124.678034892264,24.09808328725967,2,2,0,0,0,37.7773669775686,35.99941623128169,39.99980541042723,1.0,1.0,0.0,0.6667315298575898,2,0,0.0,0.33326847014241023,0.6667315298575898,0.6667315298575898,0.0,0.6667315298575898,1.0,0.0,0.33326847014241023,0.0,9,2,2021,9,17,0,0,1,0,1,0,1,GRAVE_MORTALIDAD,2
3,1,14,0,4,1,-12.101898898097387,-77.01404957040613,0,4,7,0,2,2,2,1,6590.707200955595,2.5109707430450623,2,0,1.0,4,30,1543.9531252306463,0.7200470801836589,78.85461774907719,79.48786580943293,12.087403388422675,1394.3263338950374,61067.502704096834,7626.313,1683.4029999999998,1599.0829999999996,4343.827000000001,1814.875,5811.438000000001,23.797541485643197,6,2,0,0,4,49.54704125366635,43.313497368233946,55.78058513909876,1.0,0.0,0.0,0.5109707430450621,2,0,0.0,0.48902925695493793,0.5109707430450621,1.0,0.0,1.0,1.0,0.0,0.0,0.0,12,0,2023,5,19,5,0,1,0,1,0,1,GRAVE_MORTALIDAD,2
6,1,7,0,4,1,-11.034377077981627,-74.91122798306644,0,4,0,0,1,1,1,0,2403.302026175099,1.4287642911146836,1,1,0.4287642911146835,9,32,858.557102741533,0.6050774648658956,75.37905197649764,61.00827365738939,9.185956634970996,1231.7293854998074,2102.4037729071642,3494.4516158021497,861.4877779301848,721.3809088532406,1911.5829290187248,910.5139787619579,2583.9376370401924,26.40441497332318,2,1,0,0,1,41.99864996219721,41.99864996219721,41.99864996219721,1.0,0.4287642911146835,0.0,0.0,1,0,0.0,0.0,0.0,0.5712357088853165,0.0,0.4287642911146835,0.5712357088853165,0.0,0.0,0.0,12,1,2021,2,28,4,0,1,0,1,0,1,GRAVE_MORTALIDAD,2
3,1,3,0,4,1,-16.92455883352235,-71.8348325833521,0,4,6,1,2,2,2,0,6634.7893430140175,2.0,2,0,1.0,9,31,1593.5191389738561,0.6434134300435324,78.40440192867602,78.79260193432904,8.73794516312202,1223.9944818284375,7983.173433769001,10322.272,1495.236,1749.739,7077.2970000000005,2886.595,7435.677000000001,27.964725207783708,2,1,0,0,0,27.55967696114396,20.936150710385604,34.18320321190232,1.0,0.053781964177377906,0.0,0.0,1,0,0.0,0.0,0.0,1.0,0.0,1.0,0.0,0.053781964177377906,0.053781964177377906,0.0,16,2,2024,10,27,0,0,1,0,1,0,1,GRAVE_MORTALIDAD,2
5,1,12,0,4,2,-7.688748202019395,-78.65199713012495,0,4,7,1,1,2,2,2,6543.555,2.02208584530118,3,3,1.0,13,32,1204.1177791484267,0.5572715449565683,77.1099980193694,69.21579751771634,8.504513615906456,914.5275325621202,27923.843208505023,8931.828000000005,1335.5899999999997,1935.9830000000004,5660.255000000005,1219.309,7712.519000000005,13.651281686122925,6,1,0,0,5,50.76809862433761,50.624540629879945,50.911656618795284,1.0,0.9779141546988203,0.0,0.0,1,0,0.0,0.9779141546988203,0.0,0.02208584530117974,0.02208584530117974,0.02208584530117974,0.9779141546988203,0.0,0.02208584530117974,0.0,5,0,2023,1,1,6,1,0,0,1,0,1,GRAVE_MORTALIDAD,2
7,1,20,0,4,1,-15.564627154633806,-70.2538164356823,0,4,2,1,2,0,1,2,1596.9275420851845,2.0,1,0,0.6420388054672354,7,27,328.34253146599457,0.36758839331095483,73.93250742329047,70.17960568996236,6.635582327723251,376.2360632597009,4861.376719503472,13642.312999999998,2020.7790000000005,2354.117,9267.416999999998,3314.0520000000006,10328.260999999997,24.29244952817019,9,1,0,0,7,32.863689556262116,32.14776716719659,34.295534334393174,1.0,0.0,0.0,1.0,1,0,0.0,0.35796119453276465,0.35796119453276465,0.6420388054672354,0.0,0.0,1.0,0.0,1.0,0.35796119453276465,13,1,2021,8,15,4,0,0,2,1,0,1,GRAVE_MORTALIDAD,2
3,1,3,0,4,1,-16.742500992497515,-71.9141947149673,0,4,7,1,2,1,1,0,6639.975,2.0,2,0,1.0,9,31,1616.0,0.6327707504345527,77.5989479176866,74.28643590044793,8.592784739172917,1232.2218726344381,7496.842089308474,10322.272,1495.236,1749.739,7077.2970000000005,2886.595,7435.677000000001,27.964725207783708,2,2,0,0,0,28.001965343802155,20.334643562534772,35.669287125069545,1.0,0.33366089063369264,0.0,0.0,2,0,0.0,0.0,0.0,1.0,0.33366089063369264,1.0,0.0,0.0,0.33366089063369264,0.0,18,2,2023,7,27,2,0,1,0,1,0,1,GRAVE_MORTALIDAD,2
2,1,14,2,3,4,-11.973552359712665,-77.00025615585821,0,1,1,1,2,2,2,0,6543.555,2.0,4,4,1.0,14,33,1198.0,0.701053025277506,79.62867561460851,73.1469484600971,10.064317505194426,1464.6926161541437,1150285.0494171206,7626.313,1683.4029999999998,1599.0829999999996,4343.827000000001,1814.875,5811.438000000001,23.797541485643197,2,1,0,0,0,31.366207941941127,31.366207941941127,31.366207941941127,1.0,0.38769515483900674,0.0,0.0,1,0,0.0,0.0,0.6123048451609933,0.38769515483900674,1.0,0.0,0.0,0.0,0.6123048451609933,0.0,22,2,2024,6,7,4,0,0,0,1,0,1,GRAVE_MORTALIDAD,2
6,1,11,0,4,1,-11.528902284081427,-75.89155760424433,0,4,0,0,2,1,1,1,7586.903,2.0,2,0,1.0,9,5,1198.0,0.6211711217784234,75.51508523355102,70.90101252241288,10.049671623026311,1128.403546167389,8996.89721627409,12264.545,1826.4639999999995,1105.5389999999998,9332.542,1588.5359999999996,10676.009,12.952261987705208,2,1,0,0,1,29.16979079467086,29.16979079467086,29.16979079467086,1.0,0.0,0.0,0.0,1,0,0.0,0.0,0.0,1.0,0.0,0.13836820088819002,0.86163179911181,0.0,1.0,0.0,8,1,2022,11,18,0,0,0,2,1,0,1,GRAVE_MORTALIDAD,2
3,1,3,0,4,1,-15.835446306364224,-71.09582966212035,0,4,7,1,2,2,2,0,1504.4250000000002,2.0,2,0,1.0,7,25,241.0,0.4498224071382834,81.63336343193146,58.84842497065013,5.774685730039019,620.6584683449911,1358.612419700214,10322.272,1495.236,1749.739,7077.2970000000005,2886.595,7435.677000000001,27.964725207783708,16,2,0,0,13,38.34542067634211,26.047326917852626,46.95267308214738,1.0,0.0,0.0,1.0,2,0,0.0,1.0,0.7381682705368436,0.26183172946315636,0.0,0.26183172946315636,1.0,0.0,0.26183172946315636,0.0,8,1,2023,8,3,5,1,0,0,1,0,1,GRAVE_MORTALIDAD,2
3,1,7,0,4,1,-13.578019087563138,-71.87138720228761,0,4,5,0,1,2,2,2,7437.66710822796,2.0,2,0,1.0,9,9,1198.0,0.4827602984506752,65.69715120571658,73.12281535082064,7.931613570922706,779.9814345454802,8662.156212121583,17779.13499998999,2097.3709999899997,2863.123,12818.640999999989,2878.713,14900.421999989989,16.19152450331032,4,1,0,0,2,31.14428468179009,26.002498193132652,36.28607117044752,1.0,0.0,0.14303558522376103,0.14303558522376103,1,0,0.0,0.0,0.0,1.0,0.0,1.0,0.856964414776239,0.0,0.14303558522376103,0.0,7,0,2024,2,7,4,0,0,2,1,0,1,GRAVE_MORTALIDAD,2
6,1,12,0,4,0,-7.7848428988067635,-77.6008562228731,0,4,7,1,7,2,2,0,6543.555,2.0,4,4,1.0,14,33,1198.0,0.4686292122960986,72.39347765706144,42.14285241633188,6.687776775372348,878.2652317159998,9440.374732334049,8931.828000000005,1335.5899999999997,1935.9830000000004,5660.255000000005,1219.309,7712.519000000005,13.651281686122925,2,1,0,0,1,48.916297602717194,48.916297602717194,48.916297602717194,1.0,0.0,0.0,0.0,1,0,0.0,0.0,0.0,0.938714635374035,0.0,0.0,0.938714635374035,0.06128536462596501,0.0,0.06128536462596501,18,1,2023,10,8,1,0,0,0,1,0,1,GRAVE_MORTALIDAD,2
4,1,12,0,4,1,-7.547893519704277,-79.10163935302994,0,4,7,1,1,2,2,0,6543.555,2.507637696480374,2,1,1.0,6,31,1338.6156419250638,0.5769272489402468,79.32188231527623,71.70741759051542,9.110232023114623,906.7003390616179,27740.18711976746,8931.828000000005,1335.5899999999997,1935.9830000000004,5660.255000000005,1219.309,7712.519000000005,13.651281686122925,4,1,0,0,3,44.14689109751495,41.86252146335326,46.43126073167663,1.0,1.0,0.0,0.0,1,0,0.0,0.49236230351962584,0.0,0.5076376964803742,0.5076376964803742,0.0,1.0,0.0,0.0,0.5076376964803742,5,0,2023,5,12,5,1,0,0,1,0,1,GRAVE_MORTALIDAD,2
6,1,15,0,4,1,-13.40570559406979,-72.29522158293577,0,4,5,0,1,1,1,3,2249.8730064043475,1.2991343008745715,1,3,0.2991343008745714,10,32,394.8079088022588,0.4275355273090169,76.73581044706177,72.12255271305213,7.083914947179032,493.42376153364216,49966.995894363914,14328.303337294661,1934.9711292629083,1929.8174292819863,10463.514778749766,2921.023929101397,11407.279408193264,20.78035612616174,2,1,0,0,1,37.88008892011514,37.88008892011514,37.88008892011514,1.0,1.0,0.0,0.0,1,0,0.0,0.0,1.0,0.0,0.2991343008745714,0.0,0.7008656991254286,1.0,0.7008656991254286,0.7008656991254286,9,1,2022,4,19,4,0,0,2,1,0,1,GRAVE_MORTALIDAD,2
6,1,4,0,4,0,-14.253716542356813,-74.08408445209467,0,4,5,0,1,2,2,2,6543.555,2.0,4,4,1.0,14,33,1198.0,0.37849165480750235,74.0918041140304,51.68380716356488,5.700964987008667,474.3272041063295,1230.6111685573283,12678.733000000004,1805.074000000001,1774.0339999999994,9099.625000000004,2485.375000000001,10193.358000000002,19.602707936195205,11,1,0,0,10,22.177875284410806,22.177875284410806,22.177875284410806,1.0,0.14444887656412753,0.0,0.14444887656412753,1,0,0.0,0.0,0.8555511234358725,0.14444887656412753,0.0,0.0,1.0,0.0,0.0,0.0,14,2,2024,2,15,0,0,0,2,1,0,1,GRAVE_MORTALIDAD,2
6,1,10,0,4,1,-9.682628300736376,-77.21358186417014,0,4,5,0,1,2,2,2,6543.555,2.418291111093486,3,2,1.0,8,31,1313.8666377728955,0.3607594575024734,75.29411466766814,48.05906882094996,4.8914623347129105,505.0862898645693,9846.332464249575,8511.385684656152,1334.361430826629,1270.5045408376147,5906.519712991908,1126.555517663856,7384.830166992296,13.220565739810246,2,1,0,0,1,28.581708888906515,28.581708888906515,28.581708888906515,1.0,0.0,0.0,0.0,1,0,0.0,0.5817088889065141,0.0,0.41829111109348593,0.0,0.41829111109348593,0.5817088889065141,0.0,0.41829111109348593,0.0,12,3,2021,7,18,0,0,0,1,1,0,1,GRAVE_MORTALIDAD,2
6,1,7,0,4,0,-13.734050014798534,-71.76633042393424,0,4,0,1,1,2,2,2,6543.555,2.0,4,4,1.0,14,33,1198.0,0.28636174202421044,69.19097628839702,65.06166010116948,4.068548610232345,298.8836207551235,7338.014977603226,17779.13499998999,2097.3709999899997,2863.123,12818.640999999989,2878.713,14900.421999989989,16.19152450331032,2,1,0,0,1,29.0,29.0,29.0,1.0,0.0,0.0,0.6905872051295556,1,0,0.0,0.0,0.0,1.0,0.0,1.0,0.0,0.0,0.6905872051295556,0.0,13,2,2021,9,11,1,0,0,2,1,0,1,GRAVE_MORTALIDAD,2
5,1,7,0,4,1,-14.482179176988321,-71.94573558225915,0,4,0,1,2,1,1,2,1885.6816616764856,1.0,1,3,0.0,9,30,529.1674999266896,0.46554976458915603,66.01153279007492,70.4675064005182,7.0284879185695095,751.2293035806617,9205.807700924299,17779.13499998999,2097.3709999899997,2863.123,12818.640999999989,2878.713,14900.421999989989,16.19152450331032,3,1,0,0,1,25.12655088829302,25.12655088829302,25.12655088829302,1.0,0.9367245558534901,0.0,0.06327544414650987,1,0,0.0,0.0,0.0,1.0,1.0,0.0,0.06327544414650987,0.9367245558534901,1.0,0.9367245558534901,15,2,2022,10,3,2,0,0,2,1,0,1,GRAVE_MORTALIDAD,2
3,1,7,1,4,1,-13.593073274045569,-71.78548388147898,3,2,6,1,3,0,1,1,7586.903,2.0,2,0,1.0,9,5,1198.0,0.5065580412535501,64.79370905469777,77.15417383818448,8.35812941450031,844.3117831870799,8658.316916488222,17779.13499998999,2097.3709999899997,2863.123,12818.640999999989,2878.713,14900.421999989989,16.19152450331032,4,2,0,0,2,41.040016194925855,34.01732618554341,48.06270620430829,1.0,0.4843234489229269,0.0,0.0,2,0,0.0,0.5156765510770731,0.0,0.4843234489229269,0.0,0.4843234489229269,1.0,0.0,0.0,0.0,12,0,2024,4,16,0,0,0,2,1,0,1,GRAVE_MORTALIDAD,2
6,1,1,0,4,2,-8.753633359540386,-77.57299607543796,1,4,3,0,4,2,2,0,6543.555,2.0,4,4,1.0,14,33,1198.0,0.23276478495090228,72.26766113118019,41.789533726476,4.187147826040184,194.64771226165587,5876.229881710025,10767.648,1885.0630000000003,1222.721,7659.864000000001,2100.343,8667.305000000002,19.506051832303577,2,1,0,0,1,62.91761659772634,62.91761659772634,62.91761659772634,1.0,0.497253886590878,0.0,0.502746113409122,1,0,0.0,0.502746113409122,0.497253886590878,0.0,0.497253886590878,0.0,0.502746113409122,0.0,0.0,0.0,16,2,2022,3,12,0,0,0,0,1,0,1,GRAVE_MORTALIDAD,2
6,1,12,1,4,1,-7.946202257834371,-77.45749000374722,0,4,7,0,5,2,2,2,6543.555,2.0,4,4,1.0,14,33,1198.0,0.3677810669353436,76.61364648427895,40.105024821530606,4.911735086199884,564.6042082179306,1276.5027382889527,8931.828000000005,1335.5899999999997,1935.9830000000004,5660.255000000005,1219.309,7712.519000000005,13.651281686122925,4,1,0,0,3,57.18276539278561,57.18276539278561,57.18276539278561,1.0,0.0,0.0,0.0,1,0,0.0,0.17841609656349577,0.0,0.8215839034365042,0.0,0.0,1.0,0.0,1.0,0.0,21,2,2021,9,1,4,0,0,0,1,0,1,GRAVE_MORTALIDAD,2
3,2,5,0,4,1,-7.274681012823629,-78.66378128913581,6,4,0,1,2,0,1,0,887.28,2.0,2,0,1.0,8,17,155.0,0.3722432694497862,74.25125879740143,57.56176945229198,4.966475108815431,485.1638309554979,8345.20085602223,15935.565011852366,1733.9250000199986,935.692,13265.948011832368,2000.1670000199988,13935.398011832369,12.551591352627522,5,2,0,0,3,48.26951976682629,36.02660486883979,60.512434664812794,1.0,0.10815501457335674,0.10815501457335674,0.10815501457335674,2,0,0.0,0.8918449854266433,0.0,1.0,0.10815501457335674,1.0,0.8918449854266433,0.0,0.10815501457335674,0.10815501457335674,6,0,2022,11,27,1,0,1,2,1,0,1,GRAVE_MORTALIDAD,2
5,1,7,0,4,0,-13.415058283703091,-71.54800100175618,0,4,0,1,1,1,1,5,6708.292489241553,2.0,3,3,1.0,13,28,1198.0,0.21886624156440132,62.36144865118034,52.57115798258977,3.57922462344022,202.39448960887074,9927.34931815382,17779.13499998999,2097.3709999899997,2863.123,12818.640999999989,2878.713,14900.421999989989,16.19152450331032,3,1,0,0,2,39.39473284379122,38.21053431241756,40.578931375164885,1.0,0.0,0.0,0.15789313751648837,1,0,0.0,0.15789313751648837,0.0,1.0,0.0,1.0,0.15789313751648837,0.0,0.0,0.0,6,0,2022,7,16,4,0,1,2,1,0,1,GRAVE_MORTALIDAD,2
6,1,8,0,4,1,-12.481276825678957,-74.74080787188899,0,4,4,1,7,2,2,0,6946.1483788911055,2.0,3,2,1.0,12,22,1198.0,0.2371271103914559,67.35907202388974,48.34285985638861,3.957778336278219,206.76708776763252,3746.0,8511.426,1445.3929999999996,2008.516,5057.516999999999,1879.579,6631.846999999998,22.08300935706896,6,1,0,0,5,43.559736004812194,41.10320330006212,45.40213553337475,0.38586682381248194,0.0,0.0,0.0,1,0,0.0,0.0,0.0,1.0,0.0,1.0,0.0,0.0,0.0,0.0,14,1,2024,6,11,3,0,0,2,1,0,1,GRAVE_MORTALIDAD,2
6,1,10,0,4,0,-13.541613806924717,-75.79697143899128,6,4,6,1,6,2,2,0,6543.555,2.0,4,4,1.0,14,33,1198.0,0.35464881613037247,74.48992119485908,53.381531784996156,7.317549989481493,331.55722693032686,658.471216280646,3721.461,698.1859999999996,744.866,2278.409,1102.9029999999996,2618.558,29.636290693359403,2,1,0,0,1,46.28077208813614,46.28077208813614,46.28077208813614,0.6741754159805513,0.0,0.0,0.0,1,0,0.0,0.6741754159805513,0.0,0.3258245840194487,0.0,0.3258245840194487,0.6741754159805513,0.0,0.0,0.0,19,2,2023,5,17,2,0,0,0,1,0,1,GRAVE_MORTALIDAD,2
1,1,10,0,4,1,-13.604929466465,-76.13334523372133,0,4,7,1,2,2,2,0,488.17589520086136,-0.4247913478292006,2,0,1.0,12,29,72.52086521707994,0.5343155364370153,78.43086065982595,63.6196630826216,8.289530999770365,819.4148000718094,14041.234752606708,3721.461,698.1859999999996,744.866,2278.409,1102.9029999999996,2618.558,29.636290693359403,2,1,0,0,0,19.300834608683196,19.300834608683196,19.300834608683196,1.0,0.8082637826097335,0.0,0.0,1,0,0.0,0.0,0.0,1.0,1.0,0.0,0.0,1.0,1.0,1.0,16,1,2022,7,12,5,1,0,0,1,0,1,GRAVE_MORTALIDAD,2
4,2,11,0,4,0,-11.595148729635078,-75.46187795354308,0,4,7,1,4,2,2,0,7007.326023729575,2.0,3,2,1.0,11,20,1198.0,0.38351891239056796,73.88355628234156,52.62010896169419,6.550778009438786,503.81402295430195,5210.4036125535185,12264.545,1826.4639999999995,1105.5389999999998,9332.542,1588.5359999999996,10676.009,12.952261987705208,2,1,0,0,1,46.33534383414772,42.112567995759214,50.55811967253622,1.0,0.0,0.0,1.0,1,0,0.0,0.0,0.4445027198303686,0.0,1.0,0.0,0.4445027198303686,0.5554972801696314,1.0,0.4445027198303686,13,3,2021,6,14,1,0,0,2,1,0,1,GRAVE_MORTALIDAD,2
6,1,1,0,4,2,-8.954577070785056,-77.61275491456325,0,4,6,0,4,1,1,1,6543.555,2.0,4,4,1.0,14,33,1198.0,0.2897004391072835,79.00157377006185,49.076174959423156,4.426547682263229,262.51313718502166,1398.8223244240316,10767.648,1885.0630000000003,1222.721,7659.864000000001,2100.343,8667.305000000002,19.506051832303577,3,1,0,0,2,46.1014979670952,46.1014979670952,46.1014979670952,1.0,0.5839192892611353,0.0,0.0,1,0,0.0,0.0,0.0,1.0,0.0,1.0,0.0,0.0,0.41608071073886466,0.0,10,0,2021,6,24,2,0,1,0,1,0,1,GRAVE_MORTALIDAD,2
4,1,19,2,4,1,-17.214315240248027,-71.37082261524819,0,3,7,0,2,1,1,1,6563.513323032049,2.0,3,3,1.0,12,32,1284.5233253204342,0.6079858239029321,78.2929507415519,75.74776855374986,9.901432408307723,984.7246472635134,33827.919813540946,2872.2391706437193,644.6477590008574,540.6628872886088,1686.9285243542527,1075.781388156182,1796.4577824875369,38.10828232896388,3,1,0,0,1,39.48110877883401,39.48110877883401,39.48110877883401,1.0,0.7930063987549418,0.0,0.20699360124505817,1,0,0.0,0.0,0.0,0.20699360124505817,0.7930063987549418,0.20699360124505817,0.0,0.7930063987549418,0.7930063987549418,0.7930063987549418,14,2,2022,10,24,0,0,1,0,1,0,1,GRAVE_MORTALIDAD,2
6,1,7,0,4,1,-12.674993443342155,-74.42175029352234,0,4,7,1,6,2,2,0,6543.555,2.0,4,4,1.0,14,33,1198.0,0.22900801497119308,67.3206634249954,48.56337532790599,3.9662415438576133,192.62328853794315,3646.1020252601957,8488.772063294795,1421.1807553729323,1902.951820011313,5164.639487910548,1813.1728231097081,6675.599240185084,21.34842724250083,8,1,0,0,7,35.81124598313179,32.4056229915659,38.36546322680621,0.14859425210852606,0.0,0.0,0.0,1,0,0.0,0.0,0.0,0.8514057478914739,0.0,1.0,0.0,0.0,0.0,0.0,17,1,2023,6,8,5,0,0,2,1,0,1,GRAVE_MORTALIDAD,2
0,2,10,0,4,1,-14.191928899153197,-75.71761983183484,0,3,7,1,2,0,0,0,6639.975,2.0,2,0,1.0,9,31,1616.0,0.6268604129876212,80.39127836960095,76.63773604183385,9.465389605104276,1058.2658441879619,31392.833104857244,3721.461,698.1859999999996,744.866,2278.409,1102.9029999999996,2618.558,29.636290693359403,4,2,0,0,1,29.294925281545478,22.08426436615585,36.505586196935106,1.0,0.9157356338441489,0.9157356338441489,1.0,2,0,0.0,0.08426436615585109,0.0,0.9157356338441489,0.9157356338441489,1.0,0.08426436615585109,0.9157356338441489,0.9157356338441489,0.0,4,0,2021,8,1,5,0,0,0,0,0,1,GRAVE_MORTALIDAD,2
4,1,16,0,4,1,-8.647607450917537,-75.8749653888422,0,4,7,0,2,1,1,3,7697.288606368348,2.0,2,0,1.0,9,14,1800.0529653693957,0.48427155412509143,74.15368174615335,56.416544164402595,6.843097890564235,855.0429627883177,3397.69106559428,6665.8020490816625,1039.5275251628432,1336.780716121144,4289.493807797675,1321.844215857855,5343.957833223807,19.422923322568764,7,1,0,0,5,54.53674201917524,48.74157978567304,60.33190425267745,1.0,0.0,0.6439069148335783,0.6439069148335783,1,0,0.0,0.0,0.6439069148335783,0.3560930851664217,0.6439069148335783,0.0,1.0,0.0,0.6439069148335783,0.6439069148335783,10,1,2021,10,18,6,1,1,1,1,0,1,GRAVE_MORTALIDAD,2
3,1,10,0,4,1,-9.068781216450859,-78.0339900724034,0,4,7,1,1,2,2,0,6543.555,2.680384413762522,2,1,1.0,4,30,1386.4664826122187,0.579947220380616,77.53637590772256,72.74770249209952,8.820074723886284,967.7042206906527,43143.99930613918,8797.460968314595,1370.6847502156334,1959.1656773165632,5467.610540782398,1430.3415831250195,7367.119385189575,16.346193268667108,2,1,0,0,0,39.102883103218915,24.47461820732469,53.73114799911314,1.0,0.6803844137625221,0.0,0.0,1,0,0.0,0.0,0.0,1.0,0.6803844137625221,0.3196155862374779,0.0,0.6803844137625221,0.0,0.6803844137625221,20,2,2024,10,20,4,0,1,0,1,0,1,GRAVE_MORTALIDAD,2
3,3,10,0,4,1,-13.659635518686935,-75.98566860416742,0,4,7,1,2,1,1,0,1275.5219895177643,1.177638908542398,2,2,1.0,10,25,232.76389085423978,0.5601992850031863,74.79632374371167,70.5778144079447,8.479138469480779,943.9680377209787,5756.7008861007525,3721.461,698.1859999999996,744.866,2278.409,1102.9029999999996,2618.558,29.636290693359403,6,3,1,0,3,47.404274785258124,46.436435270350394,48.61407417889279,1.0,0.2741203638192007,0.0,0.7258796361807993,3,0,0.2741203638192007,0.7258796361807993,0.2741203638192007,0.7258796361807993,0.7258796361807993,1.0,0.0,0.0,0.7258796361807993,1.0,16,1,2022,7,8,1,0,0,0,0,0,1,GRAVE_MORTALIDAD,2
3,2,20,0,4,1,-16.21340877973082,-69.47627802013457,0,4,1,1,2,2,2,2,7586.903,2.0,2,0,1.0,9,5,1198.0,0.4138545322335047,72.42365757071663,75.18782800461412,7.422478928805024,440.156451811849,19964.802997858675,13642.312999999998,2020.7790000000005,2354.117,9267.416999999998,3314.0520000000006,10328.260999999997,24.29244952817019,6,2,0,0,4,40.55350389562544,27.96605116868763,53.14095662256324,1.0,1.0,0.0,0.0,2,0,0.0,0.8276751947812718,0.0,0.17232480521872817,1.0,0.17232480521872817,0.8276751947812718,0.0,0.17232480521872817,0.8276751947812718,8,1,2022,6,11,2,0,0,2,1,0,1,GRAVE_MORTALIDAD,2
3,2,8,0,4,1,-13.925434412874912,-72.88463983225571,0,4,0,0,2,2,2,4,2948.6864394268873,1.2601321733995965,2,2,0.2601321733995965,9,14,872.5398543797668,0.2486380979137982,77.27625146554581,57.46665482587007,4.61837568737891,175.89709184796095,18263.74560751843,12929.391159644385,1861.1858104631608,1924.9322515421577,9143.273097639067,2700.940549056258,10228.450610588126,20.82266060919814,5,2,0,0,2,42.32767999606357,30.98303998819072,49.479735653200805,1.0,0.7398678266004035,0.0,0.7398678266004035,2,0,0.0,0.0,0.0,1.0,0.7398678266004035,1.0,0.7398678266004035,0.0,0.7398678266004035,0.0,7,0,2021,7,6,2,0,0,2,1,0,1,GRAVE_MORTALIDAD,2
6,1,10,0,4,1,-13.360876407420825,-76.21746912243194,0,4,7,1,2,1,1,4,6639.975,2.0,2,0,1.0,9,31,1616.0,0.5736744275518083,81.67473861808857,68.1608574885675,9.138785887908334,865.1176766860625,26660.92933618844,3721.461,698.1859999999996,744.866,2278.409,1102.9029999999996,2618.558,29.636290693359403,6,1,0,0,5,55.6835342668222,55.156091378192535,56.210977155451864,1.0,0.0,0.0,0.2109771554518658,1,0,0.0,0.2109771554518658,0.0,0.0,0.0,0.7890228445481342,0.2109771554518658,0.0,0.0,0.0,1,0,2022,4,8,1,0,0,0,1,0,1,GRAVE_MORTALIDAD,2