CLASE SINIESTRO,CANTIDAD DE VEHICULOS DAÑADOS,DEPARTAMENTO,ZONA,TIPO DE VÍA,RED VIAL,COORDENADAS LATITUD,COORDENADAS  LONGITUD,CONDICIÓN CLIMÁTICA,ZONIFICACIÓN,CARACTERÍSTICAS DE VÍA,PERFIL LONGITUDINAL VÍA,SUPERFICIE DE CALZADA,¿EXISTE SEÑAL VERTICAL?,¿EXISTE SEÑAL HORIZONTAL?,CAUSA FACTOR PRINCIPAL,MTC_RVN_LONGITUD_KM,MTC_RVN_N_CARRILES_MEDIANA,MTC_RVN_SUPERFICIE_DOMINANTE,MTC_RVN_ESTADO_DOMINANTE,MTC_RVN_ES_CONCESIONADA,MTC_RVN_CONCESION_PRINCIPAL,MTC_RVN_CORREDOR_LOGISTICO,MTC_RVN_N_TRAMOS,IDH_2019,IDH_ESP_VIDA_2019,IDH_EDUC_SECUND_PCT_2019,IDH_ANIOS_EDUC_2019,IDH_INGRESO_PERCAP_2019,IDH_POBLACION_2019,MTC_DEP_RED_TOTAL_KM,MTC_DEP_NACIONAL_TOTAL_KM,MTC_DEP_DEPARTAMENTAL_TOTAL_KM,MTC_DEP_VECINAL_TOTAL_KM,MTC_DEP_PAV_TOTAL_KM,MTC_DEP_NO_PAV_TOTAL_KM,MTC_DEP_PCT_PAVIMENTADA,PER_TOTAL_PERSONAS,PER_N_CONDUCTORES,PER_N_CONDUCTORES_FUGADOS,PER_N_PEATONES,PER_N_PASAJEROS_OCUPANTES,PER_EDAD_COND_PROM,PER_EDAD_COND_MIN,PER_EDAD_COND_MAX,PER_ANY_COND_MASCULINO,PER_ANY_LIC_PROBLEMA,PER_ANY_DOSAJE_POS,PER_ANY_DOSAJE_EVALUADO,VEH_TOTAL,VEH_N_FUGADOS,VEH_ANY_FUGADO,VEH_ANY_CARGA,VEH_ANY_PUBLICO,VEH_ANY_PARTICULAR,VEH_ANY_MOTO,VEH_ANY_AUTO,VEH_ANY_CAMION_BUS,VEH_ANY_SOAT_PROBLEMA,VEH_ANY_CITV_PROBLEMA,VEH_ANY_SEGURO_PROBLEMA,HORA_NUM,FRANJA_HORARIA,ANIO,MES,DIA_MES,DIA_SEMANA,ES_FIN_SEMANA,ES_QUINCENA,REGION_NATURAL,TIENE_SEÑALIZACION,ES_VIA_MULTICARRIL,ES_DEPTO_BAJO_PAVIMENTO,CATEGORIA_SEVERIDAD,CATEGORIA_SEVERIDAD_ENC
6,1,8,0,4,1,-12.3937311651537,-75.33513588850442,0,4,0,1,1,2,2,5,6543.555,2.0,4,4,1.0,14,33,1198.0,0.5979311099295619,70.46320197010873,77.24864462710735,10.307720163239239,1072.0093943889985,41876.04730438267,8561.498625895643,1432.3147450411286,1999.8768456332543,5129.30703522126,1800.9365275566804,6760.562098338962,21.078735482726724,4,1,0,0,3,26.0,26.0,26.0,1.0,0.0,0.0,0.0,1,0,0.0,0.0,0.0,1.0,0.0,0.0,1.0,0.0,0.8808934641232837,0.0,6,0,2022,9,24,0,0,1,1,1,0,1,GRAVE_MORTALIDAD,2
5,1,4,0,4,1,-13.204047202488685,-74.22711036685932,0,4,4,0,2,1,0,5,6690.194564899894,2.0,3,3,1.0,13,29,1198.0,0.5305121431560528,73.7668210059112,68.45651702301488,8.941396366509018,806.7469451554633,27605.87794432548,12678.733000000004,1805.074000000001,1774.0339999999994,9099.625000000004,2485.375000000001,10193.358000000002,19.602707936195205,4,1,0,0,2,54.64303903213817,54.64303903213817,54.64303903213817,1.0,0.0,0.0,0.8594528720044571,1,0,0.0,0.14054712799554292,0.14054712799554292,0.0,0.0,0.14054712799554292,1.0,0.0,0.8594528720044571,0.0,15,3,2022,6,10,3,0,0,2,1,0,1,GRAVE_MORTALIDAD,2
6,1,14,2,2,4,-12.016406747791144,-77.03344852895037,0,0,2,1,2,1,0,0,6543.555,2.0,4,4,1.0,14,33,1198.0,0.7262009419262107,80.11924078882382,78.23226875578887,10.54704659821353,1517.6638809348922,723805.0289228167,7626.313,1683.4029999999998,1599.0829999999996,4343.827000000001,1814.875,5811.438000000001,23.797541485643197,8,1,0,1,6,31.270525245108328,28.416420196086662,33.41110403187458,1.0,0.2864737377445836,0.0,0.0,1,0,0.0,0.0,0.7135262622554164,0.2864737377445836,0.0,0.0,1.0,0.0,1.0,0.0,9,1,2024,4,21,1,0,1,0,1,0,1,GRAVE_MORTALIDAD,2
3,1,15,0,4,1,-10.715184967865682,-76.57967981517366,2,4,6,1,3,1,0,1,7128.984739377026,2.5180771651975613,2,0,1.0,4,25,1792.1052253000048,0.5533385668291313,77.44373804642048,62.38276898754066,7.707691748148048,975.911754833982,19311.129378232905,5723.106648234623,1144.2200216576744,1267.4053920212389,3311.481234555711,1225.002895970319,4498.1037522643055,20.073001954337762,3,2,0,0,1,50.59634409582073,31.48192283480244,64.40961417401219,1.0,0.0,0.0,0.5180771651975611,2,0,0.0,1.0,1.0,0.4819228348024389,0.4819228348024389,0.5180771651975611,1.0,0.4819228348024389,0.4819228348024389,0.4819228348024389,16,2,2022,3,10,3,0,0,0,1,0,1,GRAVE_MORTALIDAD,2
4,1,14,2,2,3,-11.949868209110642,-77.06923226892562,0,2,7,1,2,1,1,1,6543.555,2.251983923300598,3,2,1.0,10,32,1267.7995467542655,0.734473803573932,80.17459296338579,77.68648180582929,10.907820293738938,1543.1149729444073,368954.56735839666,7626.313,1683.4029999999998,1599.0829999999996,4343.827000000001,1814.875,5811.438000000001,23.797541485643197,2,1,0,0,0,25.75595176990179,25.75595176990179,25.75595176990179,1.0,0.7480160766994024,0.0,0.0,1,0,0.0,0.0,0.0,1.0,1.0,0.0,0.0,0.7480160766994024,0.2519839233005976,0.7480160766994024,1,0,2023,4,9,4,0,0,0,1,0,1,GRAVE_MORTALIDAD,2
4,1,3,0,4,1,-16.070792123072327,-71.56254558727458,0,4,5,0,2,0,1,0,1504.4250000000002,2.0,2,0,1.0,7,25,241.0,0.6005060748875158,78.21704200773246,77.40211893847457,8.994742794352394,996.014120858737,33335.45824411135,10322.272,1495.236,1749.739,7077.2970000000005,2886.595,7435.677000000001,27.964725207783708,13,2,0,0,11,40.28357435298949,33.365308907609034,47.20183979836994,1.0,0.16346910923909652,0.0,0.8365308907609035,2,0,0.0,1.0,0.0,0.16346910923909652,0.0,0.16346910923909652,1.0,0.0,0.0,0.0,5,0,2024,8,9,5,1,0,0,1,0,1,GRAVE_MORTALIDAD,2
4,1,14,0,4,1,-12.847010121520402,-71.2170781613176,0,4,7,1,2,2,2,1,2359.4285262565363,1.1130059478715415,2,0,1.0,7,21,403.08875909240646,0.5257375505521958,74.84374409205486,60.03947186661932,8.581559529746551,846.4618118256108,10191.33736931466,2572.640796201722,487.7623026812124,459.7193690113153,1625.1591245091936,673.9071500921164,1898.7336461096047,25.401286104926825,3,3,0,0,0,41.40867063191436,26.70433531595718,51.40867063191436,1.0,0.7043353159571805,0.0,0.0,3,0,0.7043353159571805,1.0,0.0,1.0,0.7043353159571805,0.29566468404281954,1.0,0.0,0.7043353159571805,0.7043353159571805,15,1,2022,7,10,1,0,0,0,1,0,1,GRAVE_MORTALIDAD,2
6,1,18,0,4,1,-11.2141891724817,-75.7736917945053,0,3,7,0,2,0,0,2,9694.634300057794,2.0,2,0,1.0,9,32,3642.06699218864,0.6181935932143496,76.48518695699808,80.14032272774917,11.391125473005603,957.8522403735815,32059.565529548658,3603.821144323741,569.3057464871661,880.6069217781209,2153.9084760584547,624.9961236795041,2978.825020644237,17.80061441487308,2,1,0,0,1,33.71403118469362,33.71403118469362,33.71403118469362,1.0,0.07140311846936165,0.0,0.9285968815306384,1,0,0.0,0.0,0.0,0.9285968815306384,0.07140311846936165,0.9285968815306384,0.0,0.07140311846936165,1.0,0.07140311846936165,13,3,2023,4,11,2,0,0,1,0,0,1,GRAVE_MORTALIDAD,2
6,1,8,0,4,1,-12.422146988619648,-75.02699977284523,0,4,7,1,3,1,0,0,7314.3215632707615,2.0,2,1,1.0,10,12,1198.0,0.3197508632812603,73.35600919181914,47.73247021173725,4.747967817478287,352.6352900736821,3265.2034261241965,8511.426,1445.3929999999996,2008.516,5057.516999999999,1879.579,6631.846999999998,22.08300935706896,5,1,0,0,4,40.9911007211664,40.9911007211664,40.9911007211664,1.0,0.7387435096159303,0.0,0.0,1,0,0.0,0.0,0.0,1.0,0.0,1.0,0.0,0.0,0.26125649038406973,0.0,13,1,2025,2,14,3,0,0,2,1,0,1,GRAVE_MORTALIDAD,2
6,1,8,0,4,1,-13.486576425141344,-75.06327491221805,0,4,4,1,2,1,0,0,1679.5849999999998,2.0,2,3,1.0,9,24,315.0,0.3690310242887701,73.13370781293959,48.41278790337047,6.193577179152114,476.0186054598036,2940.192641689015,8511.426,1445.3929999999996,2008.516,5057.516999999999,1879.579,6631.846999999998,22.08300935706896,5,1,0,0,4,41.59401830506922,41.59401830506922,41.59401830506922,1.0,0.0,0.0,0.0,1,0,0.0,0.0,0.0,1.0,0.0,0.6937321129953853,0.3062678870046147,0.0,0.0,0.0,10,1,2024,7,18,3,0,0,2,1,0,1,GRAVE_MORTALIDAD,2
6,1,12,0,4,0,-7.799622934034038,-78.69397095388845,0,4,0,1,1,2,2,0,6543.555,2.0,4,4,1.0,14,33,1198.0,0.20032849831311503,76.74359057892052,28.23103291171649,3.2136894630816317,217.61588721799956,7568.560401014085,8931.828000000005,1335.5899999999997,1935.9830000000004,5660.255000000005,1219.309,7712.519000000005,13.651281686122925,3,1,0,0,2,24.9158941277243,24.9158941277243,24.9158941277243,1.0,1.0,0.0,0.0,1,0,0.0,0.2650812843385726,0.0,0.7349187156614274,0.0,0.0,1.0,0.0,0.0,0.0,14,2,2022,8,19,1,0,0,0,1,0,1,GRAVE_MORTALIDAD,2
6,1,6,0,4,1,-12.828079721271523,-75.13130512432876,1,4,1,0,3,2,2,1,1435.3495536838004,2.0,2,2,1.0,7,20,266.6945995978733,0.3941926930056387,77.56521310811341,50.53870054654749,6.101102959132883,630.9668673360483,4194.354870846132,12552.89955860531,1811.5724434880601,1570.9401720640267,9170.386943053223,2212.90854093558,10339.99101766973,17.582252248179415,2,1,0,0,1,49.67054331023706,49.67054331023706,49.67054331023706,1.0,0.6961924503010899,0.0,0.0,1,0,0.0,0.0,0.0,1.0,0.0,0.3038075496989101,0.6961924503010899,0.6961924503010899,0.0,0.0,3,0,2021,6,16,5,1,0,2,1,0,1,GRAVE_MORTALIDAD,2
3,1,17,1,4,0,-9.950926045606959,-76.15461835871521,4,4,6,1,5,2,2,0,7524.03888350237,2.0,2,0,1.0,9,22,1952.6660182752107,0.49148969540052845,71.13014731655916,57.79077077201681,7.8106163873819305,807.8746296986315,17799.850497470692,3635.1842345436535,555.0350850856468,868.1980384630585,2211.951110994949,612.5715029545016,3022.6127315891526,16.890855810381378,4,2,0,0,1,51.046153341862905,32.38574113737923,60.82814180193235,1.0,0.0,0.0,0.19287056868961427,2,0,0.0,1.0,0.8071294313103857,1.0,0.8071294313103857,0.19287056868961427,1.0,0.8071294313103857,0.8071294313103857,0.8071294313103857,10,2,2021,4,21,2,0,1,1,1,0,1,GRAVE_MORTALIDAD,2
3,2,5,0,4,1,-7.277931934127571,-78.59454326894789,6,4,0,1,2,0,1,0,887.28,2.0,2,0,1.0,8,17,155.0,0.3499131122933449,74.39401817945264,56.6280544824882,4.625294965690104,417.1826098657696,8462.284796573875,15935.565011852366,1733.9250000199986,935.692,13265.948011832368,2000.1670000199988,13935.398011832369,12.551591352627522,5,2,0,0,3,49.95364259459487,38.01986291891297,61.88742227027676,1.0,0.09271481081026989,0.0,0.0,2,0,0.0,1.0,0.0,1.0,0.0,1.0,1.0,0.0,0.09271481081026989,0.0,6,0,2021,11,25,0,0,0,2,1,0,1,GRAVE_MORTALIDAD,2
1,1,6,1,6,2,-11.219498457032525,-76.52692324745644,0,4,0,1,4,2,2,2,6543.555,2.4677771251438063,3,2,1.0,7,31,1327.5742636648342,0.5403299075648521,75.22091937888524,69.44431596747665,8.797287804591061,837.0277588140024,25885.431756381666,11564.330824703611,1853.8752717563018,1160.3540590786013,8550.10149386871,1827.9476070884757,9736.383217615137,16.017974960008104,3,1,0,1,0,39.46053956602325,30.806662750862838,48.11441638118366,1.0,0.0,0.0,1.0,1,0,0.0,1.0,0.0,0.0,0.0,0.0,1.0,0.0,0.0,0.0,12,3,2022,6,7,2,0,0,1,1,0,1,GRAVE_MORTALIDAD,2
6,1,1,0,4,0,-9.01389065875817,-77.98157196633834,0,4,5,0,5,2,2,0,6543.555,2.0,4,4,1.0,14,33,1198.0,0.3828838694549215,76.9556261982369,45.240694091124475,5.573665282781189,529.045826863022,7026.677135623173,10767.648,1885.0630000000003,1222.721,7659.864000000001,2100.343,8667.305000000002,19.506051832303577,3,1,0,0,2,64.03209331375776,64.03209331375776,64.03209331375776,1.0,0.1783584302210447,0.0,0.0,1,0,0.0,0.8216415697789553,0.1783584302210447,0.0,0.1783584302210447,0.0,0.8216415697789553,0.0,0.0,0.0,3,0,2022,8,14,2,0,0,0,1,0,1,GRAVE_MORTALIDAD,2
2,0,14,2,5,4,-12.077511419380679,-77.0311724424542,0,2,1,1,2,0,1,0,6543.555,2.0,4,4,1.0,14,33,1198.0,0.7646845961658533,80.23682119426338,77.96082737891015,12.014176158371615,1633.787715186093,250806.0877944326,7626.313,1683.4029999999998,1599.0829999999996,4343.827000000001,1814.875,5811.438000000001,23.797541485643197,3,1,0,2,0,44.78344189036164,42.986201575301365,46.58068220542191,1.0,0.0,0.0,0.10137984246986353,1,0,0.0,0.0,0.10137984246986353,0.8986201575301365,0.0,0.8986201575301365,0.10137984246986353,0.10137984246986353,0.0,0.0,9,1,2022,10,18,0,0,1,0,1,0,1,GRAVE_MORTALIDAD,2
6,1,2,0,4,1,-13.767857895557741,-72.81984662808308,4,4,6,1,5,2,2,0,2225.7885053356217,1.7918913237957292,1,0,0.7918913237957292,5,28,248.39766144693755,0.3017698239600758,72.16736946386918,59.71549684672945,4.875082593927218,277.55962039170817,2256.8343803111775,8358.971,1282.451,1298.0969999999998,5778.423,1432.683,6926.288,17.139466089785454,2,1,0,0,1,40.532455724375104,40.532455724375104,40.532455724375104,1.0,0.20810867620427076,0.0,0.0,1,0,0.0,0.0,0.0,0.20810867620427076,0.0,1.0,0.0,0.0,0.0,0.0,1,0,2022,5,8,1,0,0,2,1,0,1,GRAVE_MORTALIDAD,2
3,1,3,1,4,1,-13.368061574746207,-73.88058017132853,0,4,0,0,1,1,1,1,7390.307027596179,2.0,2,0,1.0,9,10,1198.0,0.5017273358221457,74.83213762705608,66.88487643457646,7.711220272774197,789.1609515337651,28152.253867491894,8387.697790076585,1313.15383446695,1431.9598282405773,5642.584127369057,1516.8907175433105,6870.807072533274,18.070968039041084,4,1,0,0,2,44.086790032636614,35.56528398694535,52.60829607832787,1.0,0.0,0.0,0.0,1,0,0.0,0.0,1.0,0.8115720043515481,0.8115720043515481,0.18842799564845192,0.8115720043515481,0.0,0.0,0.0,18,1,2022,6,22,3,0,1,2,1,0,1,GRAVE_MORTALIDAD,2
3,1,19,1,4,1,-8.519591085617476,-76.03379812574606,3,4,3,1,4,1,1,0,7758.33400008,2.0,2,0,1.0,9,20,2133.0,0.423934147712013,72.47656854385397,51.89190778459928,6.1758999916229635,653.2772701163652,17496.088000404394,4626.242877616017,685.3913320064256,937.1062661264403,3003.7452794831515,794.6522687064543,3831.5906089095624,16.977069293628738,26,2,0,0,23,53.55317799975537,37.305014000896975,64.10635599951074,1.0,0.48227400008154353,0.0,0.0,2,0,0.0,0.5177259999184565,1.0,1.0,1.0,0.0,1.0,0.5177259999184565,1.0,1.0,11,2,2022,7,20,3,0,1,1,1,0,1,GRAVE_MORTALIDAD,2
3,1,3,0,4,0,-16.266888520681995,-71.68022213493623,0,4,7,1,2,0,1,0,6543.555,2.942689689989513,2,0,1.0,0,30,1459.1250441270952,0.601081589046953,78.21070858080778,76.88357880949589,8.96132026015125,1005.3287064383625,33432.32530820452,10322.272,1495.236,1749.739,7077.2970000000005,2886.595,7435.677000000001,27.964725207783708,5,1,0,0,3,36.426896899895134,28.885379379979028,43.96841441981124,0.9426896899895132,0.0,0.0,0.0,1,0,0.0,0.0,0.9426896899895132,1.0,0.0,1.0,0.9426896899895132,0.0,0.9426896899895132,0.0,16,3,2022,4,23,0,0,1,0,1,0,1,GRAVE_MORTALIDAD,2
5,1,1,0,4,2,-8.864738793147142,-77.67431107738693,1,4,1,1,6,1,0,1,6543.555,2.1745898512471866,3,3,1.0,11,32,1246.3613887954707,0.4501222831316035,76.52911407278934,53.30027189281173,6.724045763857892,656.9669448959029,15628.748443106588,10767.648,1885.0630000000003,1222.721,7659.864000000001,2100.343,8667.305000000002,19.506051832303577,4,1,0,0,2,35.77008775192705,35.33361312380909,36.206562380045014,1.0,0.1745898512471864,0.0,0.1745898512471864,1,0,0.0,0.1745898512471864,0.0,0.8254101487528136,0.1745898512471864,0.0,1.0,0.8254101487528136,0.1745898512471864,0.8254101487528136,5,0,2021,10,7,0,0,0,0,1,0,1,GRAVE_MORTALIDAD,2
6,1,10,0,4,0,-9.308012647324118,-77.57065350085273,0,4,0,1,1,1,1,0,6543.555,2.0,4,4,1.0,14,33,1198.0,0.14617371630981493,75.8428253804757,34.85783548341291,2.90632747112149,93.75144706069098,7717.951482642274,8808.82942093063,1367.715472708394,1957.2042499836798,5483.909698238555,1412.4866532988308,7396.342767631799,16.11818365763181,3,1,0,0,2,31.362359194818165,31.362359194818165,31.362359194818165,1.0,1.0,0.0,0.0,1,0,0.0,0.0,0.0,1.0,0.0,0.29257372483806765,0.7074262751619323,0.0,0.0,0.0,14,2,2023,8,24,0,0,1,0,1,0,1,GRAVE_MORTALIDAD,2
5,1,3,0,4,1,-15.682871442035426,-71.05244436628603,1,4,0,1,2,0,1,0,568.5409999999999,1.0,2,3,0.0,9,3,93.0,0.4498224071382834,81.63336343193146,58.84842497065013,5.774685730039019,620.6584683449911,1358.612419700214,10322.272,1495.236,1749.739,7077.2970000000005,2886.595,7435.677000000001,27.964725207783708,14,1,0,0,12,36.10022506484614,36.10022506484614,36.10022506484614,1.0,0.0,0.0,0.0,1,0,0.0,0.0,0.7117779449909495,0.2882220550090505,0.0,0.2882220550090505,0.7117779449909495,0.0,0.2882220550090505,0.0,4,0,2022,3,17,3,0,0,0,1,0,1,GRAVE_MORTALIDAD,2
6,1,4,0,4,1,-13.842809537931398,-74.74403623467461,0,4,0,1,2,2,2,1,1215.0731147347196,-0.6950658255029962,1,2,0.10164472483233467,8,30,210.7996717852276,0.4649173468027707,72.42879568752714,41.009562497568915,7.595720519868641,814.0674880577648,3581.5212509442317,12636.632974711149,1807.2481806641645,1706.0850096732079,9123.299784373776,2394.216046626095,10242.416928085053,18.926725187748623,12,1,0,0,11,31.390131651005994,31.390131651005994,31.390131651005994,1.0,0.0,0.0,0.8983552751676653,1,0,0.0,0.0,0.0,1.0,0.0,0.10164472483233467,0.8983552751676653,0.8983552751676653,0.8983552751676653,0.8983552751676653,9,1,2024,7,23,5,1,1,2,1,0,1,GRAVE_MORTALIDAD,2
4,1,12,0,4,1,-7.877461431873385,-78.11561997121626,0,4,7,1,1,2,2,2,9936.932,2.0,2,0,1.0,9,32,3830.0,0.3986882084754764,72.97869269132666,58.65435142755623,5.605762371496486,527.7120199980477,69564.29978586723,8931.828000000005,1335.5899999999997,1935.9830000000004,5660.255000000005,1219.309,7712.519000000005,13.651281686122925,2,1,0,0,1,51.594905814788106,48.46505191394748,54.724759715628736,1.0,0.41731385344541716,0.0,0.0,1,0,0.0,0.0,0.41731385344541716,1.0,0.41731385344541716,0.5826861465545828,0.41731385344541716,0.0,0.5826861465545828,0.41731385344541716,11,1,2021,9,21,4,0,1,0,1,0,1,GRAVE_MORTALIDAD,2
9,1,3,0,4,1,-16.557105770045364,-72.36835624751711,0,4,0,0,2,1,1,1,1874.5027755304134,2.0,2,0,1.0,8,31,374.13568010750583,0.5381045378903067,83.80716946638222,65.18167323252402,8.244521099727189,758.2555328301246,719.3308348089297,10322.272,1495.236,1749.739,7077.2970000000005,2886.595,7435.677000000001,27.964725207783708,2,1,0,0,1,36.93794631614311,32.50357052914489,40.49642947085511,1.0,0.0,0.0,0.1241073677137774,2,0,0.0,1.0,0.0,0.1241073677137774,0.0,0.1241073677137774,1.0,0.0,1.0,0.0,10,1,2021,2,17,3,0,0,0,1,0,1,GRAVE_MORTALIDAD,2
3,1,5,0,4,1,-13.61491474494598,-73.5978055252031,0,4,0,0,2,2,2,2,7586.903,2.0,2,0,1.0,9,5,1198.0,0.5175940710793868,73.83001785812144,69.3278982951906,8.835644915324627,761.140218993144,27665.355648677454,12795.725974646484,1831.2638021919508,1844.4647226300403,9119.997449824494,2585.9887396491445,10209.73723499734,20.172112468427585,3,1,0,0,2,28.607074527524862,28.607074527524862,28.607074527524862,0.8785850944950279,0.0,0.0,0.0,1,0,0.0,0.8785850944950279,0.8785850944950279,0.12141490550497214,0.0,1.0,0.8785850944950279,0.0,0.0,0.0,13,2,2022,7,19,3,0,0,2,1,0,1,GRAVE_MORTALIDAD,2
3,1,16,0,4,0,-9.478822308558449,-77.30617730830042,0,4,7,1,2,2,2,1,6543.555,2.0,4,4,1.0,14,33,1198.0,0.572587063340584,74.33478905382401,76.33213564563304,9.846210808591167,893.2583027252003,11610.503665470716,3616.4859885326036,550.7760799980965,849.1826234616688,2216.5272850728393,622.2441958415764,2994.2417926910275,17.257285130846306,3,1,0,0,1,47.28433074326006,45.481499849867994,49.08716163665211,1.0,0.2788676426431763,0.0,0.7211323573568237,1,0,0.0,0.2788676426431763,0.0,0.7211323573568237,0.2788676426431763,0.0,0.7211323573568237,0.2788676426431763,1.0,0.2788676426431763,13,2,2023,1,16,4,0,0,1,1,0,1,GRAVE_MORTALIDAD,2
6,1,20,0,4,1,-15.45769491969737,-69.99281926578966,0,4,0,0,1,2,2,2,6543.555,2.0,4,4,1.0,14,33,1198.0,0.26062869258725246,70.92016792036036,62.48238769600168,4.4575373579127655,216.63038784381544,9417.851342673182,13642.312999999998,2020.7790000000005,2354.117,9267.416999999998,3314.0520000000006,10328.260999999997,24.29244952817019,2,1,0,0,1,44.47027732086321,44.47027732086321,44.47027732086321,1.0,0.18378466510790115,0.0,0.0,1,0,0.0,0.18378466510790115,0.0,0.8162153348920989,0.0,0.8162153348920989,0.18378466510790115,0.18378466510790115,0.18378466510790115,0.0,17,1,2021,10,12,5,0,0,2,1,0,1,GRAVE_MORTALIDAD,2
3,4,3,0,4,1,-16.037297229022254,-71.31705273734954,3,4,0,0,2,0,1,0,1504.4250000000002,2.0,2,0,1.0,7,25,241.0,0.4685280505645348,81.83746865987648,70.74305753660312,6.037751599761188,617.4715908037651,1751.8736616702354,10322.272,1495.236,1749.739,7077.2970000000005,2886.595,7435.677000000001,27.964725207783708,7,4,0,0,2,40.40779463565926,37.68645800153358,42.02968700230037,1.0,0.0,0.0,0.0,4,0,0.0,0.6716145003833947,0.32838549961660535,1.0,0.0,1.0,1.0,0.0,0.6716145003833947,0.0,17,2,2022,3,11,3,0,0,0,1,0,1,GRAVE_MORTALIDAD,2
4,1,7,0,4,1,-13.338362267095814,-71.59388809528546,0,4,3,0,1,2,2,2,6543.555,2.0,4,4,1.0,14,33,1198.0,0.2466226927938573,59.50771953912937,42.678907967899015,3.991373779253808,285.51302601039464,12676.173447537472,17779.13499998999,2097.3709999899997,2863.123,12818.640999999989,2878.713,14900.421999989989,16.19152450331032,3,1,0,0,2,39.077362093445835,38.820968096906796,39.33375608998488,1.0,1.0,0.0,0.5127879930780861,1,0,0.0,0.0,0.0,1.0,0.5127879930780861,0.4872120069219139,0.5127879930780861,0.5127879930780861,0.5127879930780861,0.5127879930780861,6,0,2022,11,10,3,0,0,2,1,0,1,GRAVE_MORTALIDAD,2
3,1,13,1,2,3,-11.975686132931937,-77.10359638323425,0,0,1,1,2,1,1,0,6543.555,2.024764877576151,3,3,1.0,13,32,1204.859871088594,0.8308947863230264,80.36534552733174,80.62535901431362,12.932865928681307,1965.9613344862223,74916.11459135253,7658.643919148829,1674.789453635606,1607.426287255405,4376.428178257819,1800.125880921482,5858.518038227348,23.546270603852253,3,2,0,0,1,57.69043903029811,38.0495297551523,77.33134830544392,1.0,0.0,0.0,0.0,2,0,0.0,0.0247648775761512,1.0,0.9752351224238488,0.0,0.9752351224238488,1.0,0.0,0.0,0.0,16,2,2022,6,9,3,0,0,0,1,0,1,GRAVE_MORTALIDAD,2
3,1,14,0,4,1,-12.271577541905893,-76.8963565698106,0,3,7,1,2,2,2,0,6639.975,2.0,2,0,1.0,9,31,1616.0,0.6909236767275176,78.41626133969348,70.97436336767564,9.826485374940413,1476.8351947609171,95908.53319057816,7626.313,1683.4029999999998,1599.0829999999996,4343.827000000001,1814.875,5811.438000000001,23.797541485643197,3,2,0,0,1,32.49291416211959,31.99527610807973,32.99055221615946,1.0,0.0,0.0,0.0,2,0,0.0,0.24881902701993186,0.0,1.0,0.24881902701993186,0.0,1.0,0.0,0.0,0.0,9,1,2023,10,23,0,0,1,0,1,0,1,GRAVE_MORTALIDAD,2
4,1,2,0,4,1,-13.672768283325503,-73.48625618751359,1,4,0,0,4,1,1,0,6969.125807256854,2.0,3,2,1.0,11,21,1198.0,0.5563774842369664,77.00938809632027,69.10246351364754,8.476961866273152,914.8835608305218,27932.19700214133,8358.971,1282.451,1298.0969999999998,5778.423,1432.683,6926.288,17.139466089785454,4,1,0,0,2,41.0591720638046,36.77633117447816,45.34201295313104,1.0,0.0,0.0,0.0,1,0,0.0,0.0,0.40788960850728007,1.0,0.40788960850728007,0.5921103914927199,0.40788960850728007,0.0,0.0,0.0,19,2,2023,3,18,4,0,1,2,1,0,1,GRAVE_MORTALIDAD,2
3,1,13,0,4,1,-6.2340546582776835,-79.63669250651755,0,4,7,1,2,2,2,0,1197.2138156113656,2.0,2,0,0.7203636815067938,3,16,178.37999751712636,0.5084939337494643,77.39565852927932,60.92179239347858,7.733367613356906,770.9977806749523,27182.165621126343,3459.691,515.0619999999999,689.7280000000001,2254.901,703.3549999999999,2756.336,20.329994788551925,3,2,0,0,1,27.957454229452445,22.237090547945648,33.677817910959234,1.0,0.7203636815067938,0.0,1.0,2,0,0.0,1.0,0.0,0.7203636815067938,0.7203636815067938,0.0,1.0,1.0,0.27963631849320625,0.27963631849320625,9,0,2021,4,26,0,0,1,0,1,0,1,GRAVE_MORTALIDAD,2
3,1,6,0,4,1,-13.664803366598353,-73.5204383556477,0,4,0,0,2,2,2,2,7586.903,2.0,2,0,1.0,9,5,1198.0,0.5160028725519389,73.83780220377143,69.43523169516722,8.822618857535089,755.5225575433147,27672.681883971636,12810.1367201412,1834.4897614863921,1853.1401086683675,9122.506849986441,2598.381953854841,10211.754766286358,20.2422495328311,3,1,0,0,2,28.68185163733783,28.68185163733783,28.68185163733783,0.8636296725324342,0.0,0.0,0.0,1,0,0.0,0.8636296725324342,0.8636296725324342,0.13637032746756583,0.0,1.0,0.8636296725324342,0.0,0.0,0.0,13,2,2022,7,19,3,0,0,2,1,0,1,GRAVE_MORTALIDAD,2