CLASE SINIESTRO,CANTIDAD DE VEHICULOS DAÑADOS,DEPARTAMENTO,ZONA,TIPO DE VÍA,RED VIAL,COORDENADAS LATITUD,COORDENADAS  LONGITUD,CONDICIÓN CLIMÁTICA,ZONIFICACIÓN,CARACTERÍSTICAS DE VÍA,PERFIL LONGITUDINAL VÍA,SUPERFICIE DE CALZADA,¿EXISTE SEÑAL VERTICAL?,¿EXISTE SEÑAL HORIZONTAL?,CAUSA FACTOR PRINCIPAL,MTC_RVN_LONGITUD_KM,MTC_RVN_N_CARRILES_MEDIANA,MTC_RVN_SUPERFICIE_DOMINANTE,MTC_RVN_ESTADO_DOMINANTE,MTC_RVN_ES_CONCESIONADA,MTC_RVN_CONCESION_PRINCIPAL,MTC_RVN_CORREDOR_LOGISTICO,MTC_RVN_N_TRAMOS,IDH_2019,IDH_ESP_VIDA_2019,IDH_EDUC_SECUND_PCT_2019,IDH_ANIOS_EDUC_2019,IDH_INGRESO_PERCAP_2019,IDH_POBLACION_2019,MTC_DEP_RED_TOTAL_KM,MTC_DEP_NACIONAL_TOTAL_KM,MTC_DEP_DEPARTAMENTAL_TOTAL_KM,MTC_DEP_VECINAL_TOTAL_KM,MTC_DEP_PAV_TOTAL_KM,MTC_DEP_NO_PAV_TOTAL_KM,MTC_DEP_PCT_PAVIMENTADA,PER_TOTAL_PERSONAS,PER_N_CONDUCTORES,PER_N_CONDUCTORES_FUGADOS,PER_N_PEATONES,PER_N_PASAJEROS_OCUPANTES,PER_EDAD_COND_PROM,PER_EDAD_COND_MIN,PER_EDAD_COND_MAX,PER_ANY_COND_MASCULINO,PER_ANY_LIC_PROBLEMA,PER_ANY_DOSAJE_POS,PER_ANY_DOSAJE_EVALUADO,VEH_TOTAL,VEH_N_FUGADOS,VEH_ANY_FUGADO,VEH_ANY_CARGA,VEH_ANY_PUBLICO,VEH_ANY_PARTICULAR,VEH_ANY_MOTO,VEH_ANY_AUTO,VEH_ANY_CAMION_BUS,VEH_ANY_SOAT_PROBLEMA,VEH_ANY_CITV_PROBLEMA,VEH_ANY_SEGURO_PROBLEMA,HORA_NUM,FRANJA_HORARIA,ANIO,MES,DIA_MES,DIA_SEMANA,ES_FIN_SEMANA,ES_QUINCENA,REGION_NATURAL,TIENE_SEÑALIZACION,ES_VIA_MULTICARRIL,ES_DEPTO_BAJO_PAVIMENTO,CATEGORIA_SEVERIDAD,CATEGORIA_SEVERIDAD_ENC
6,1,5,0,4,2,-7.19713596182313,-78.3078535064053,0,4,0,0,1,2,2,0,6543.555,2.0,4,4,1.0,14,33,1198.0,0.2808886320389958,75.1370036574382,40.99545527517124,4.026276452174358,299.86993386101216,13549.636208781625,15935.565011852366,1733.9250000199986,935.692,13265.948011832368,2000.1670000199988,13935.398011832369,12.551591352627522,22,1,0,0,21,50.35180387526084,50.35180387526084,50.35180387526084,1.0,0.7280122577961974,0.0,0.2719877422038026,1,0,0.0,0.0,1.0,0.0,0.0,0.0,1.0,0.7280122577961974,0.7280122577961974,0.7280122577961974,12,1,2022,7,25,6,1,1,2,1,0,1,GRAVE_MORTALIDAD,2
6,1,8,0,4,1,-13.230449202461962,-75.39405726798398,0,4,0,1,1,2,2,0,809.7229626964247,-0.6262953103359699,5,3,0.0,9,29,99.23899241472316,0.27703617578066436,64.22430620712564,40.344329869556276,6.080488190241101,266.79194669610825,866.3774722367755,8511.426,1445.3929999999996,2008.516,5057.516999999999,1879.579,6631.846999999998,22.08300935706896,8,1,0,0,7,40.55019455180829,37.29760393113635,42.98963751731224,1.0,0.8131476551679849,0.0,0.0,1,0,0.0,0.0,0.0,1.0,0.0,0.0,1.0,0.0,0.18685234483201507,0.0,14,2,2022,4,10,4,0,0,2,1,0,1,GRAVE_MORTALIDAD,2
3,2,10,0,4,1,-13.386654771058302,-76.20241097716098,0,4,7,1,2,1,0,1,6639.975,2.0,2,0,1.0,9,31,1616.0,0.5736744275518083,81.67473861808857,68.1608574885675,9.138785887908334,865.1176766860625,26660.92933618844,3721.461,698.1859999999996,744.866,2278.409,1102.9029999999996,2618.558,29.636290693359403,7,2,0,0,5,49.302352833006076,34.92201645130567,63.68268921470648,1.0,0.7425210238562752,0.0,1.0,2,0,0.0,1.0,0.0,0.7425210238562752,0.0,0.7425210238562752,1.0,0.0,0.0,0.0,5,0,2023,8,16,3,0,0,0,1,0,1,GRAVE_MORTALIDAD,2
3,1,1,0,4,1,-9.769657623080466,-77.3690361995139,3,4,0,0,2,1,1,1,861.8943075766797,1.7744194946063034,1,3,0.0,9,10,168.00921155015706,0.4796992787844161,72.06265299882507,67.64424579579017,8.243366952610081,669.2170718794148,4213.475875476877,10767.648,1885.0630000000003,1222.721,7659.864000000001,2100.343,8667.305000000002,19.506051832303577,6,1,0,0,5,40.710468231122064,37.225580505393694,44.19535595685043,1.0,0.0,0.0,0.7744194946063033,1,0,0.0,0.7744194946063033,0.0,0.7744194946063033,0.0,0.7744194946063033,1.0,0.0,0.0,0.0,12,3,2022,1,6,5,1,0,0,1,0,1,GRAVE_MORTALIDAD,2
4,1,14,1,4,1,-12.283638632893652,-76.87746563416951,0,2,7,1,2,2,2,0,6639.975,2.0,2,0,1.0,9,31,1616.0,0.6909236767275176,78.41626133969348,70.97436336767564,9.826485374940413,1476.8351947609171,95908.53319057816,7626.313,1683.4029999999998,1599.0829999999996,4343.827000000001,1814.875,5811.438000000001,23.797541485643197,14,1,0,0,13,36.530017920388175,36.530017920388175,36.530017920388175,1.0,0.0,0.0,0.0,1,0,0.0,0.0,0.0,0.38555356440131383,0.0,0.0,1.0,0.0,0.6144464355986862,0.0,6,1,2023,8,9,2,0,0,0,1,0,1,GRAVE_MORTALIDAD,2
3,1,1,2,4,1,-9.14574608038786,-78.51243883486036,0,3,3,1,2,2,2,1,6543.555,3.0,2,0,1.0,0,30,1475.0,0.6459598096056908,78.63908715089502,73.94922643905556,10.615650526897664,1131.8657131941532,175440.59743040687,10767.648,1885.0630000000003,1222.721,7659.864000000001,2100.343,8667.305000000002,19.506051832303577,3,2,0,0,1,49.026743163416015,44.52005737256201,53.533428954270015,1.0,0.5066857908540028,0.0,0.0,2,0,0.0,0.4933142091459972,0.0,0.0,0.0,0.5066857908540028,1.0,0.0,0.5066857908540028,0.5066857908540028,4,0,2021,8,12,3,0,0,0,1,1,1,GRAVE_MORTALIDAD,2
9,1,5,0,4,1,-6.730970752192959,-78.57922748807438,0,4,5,0,2,0,1,0,9936.932,2.0,2,0,1.0,9,32,3830.0,0.4526491117658796,79.17132243679694,59.43910685558323,5.161528057531929,710.0305343071761,15625.811563169163,15935.565011852366,1733.9250000199986,935.692,13265.948011832368,2000.1670000199988,13935.398011832369,12.551591352627522,2,1,0,0,1,19.727987101282167,19.727987101282167,19.727987101282167,1.0,0.0,0.8560010748931528,0.8560010748931528,1,0,0.0,0.0,0.0,1.0,1.0,0.0,0.0,1.0,1.0,0.8560010748931528,4,0,2022,6,26,5,0,0,2,1,0,1,GRAVE_MORTALIDAD,2
5,1,4,0,4,1,-12.171028895572764,-74.92213813525774,1,4,1,0,5,2,2,0,6543.555,2.250046318197592,3,2,1.0,10,32,1267.262830140733,0.5664996501823018,78.14844981161885,70.38558173065687,8.78889077194839,910.8527638891289,27837.61899014967,8502.211783703719,1295.7382113027018,1457.5980457297892,5748.875526671228,1379.329616900907,7122.882166802812,16.267258422455374,3,1,0,0,2,37.874976840901205,36.74976840901204,39.00018527279037,1.0,0.25004631819759215,0.0,0.0,1,0,0.0,0.0,0.0,1.0,0.25004631819759215,0.7499536818024078,0.25004631819759215,0.0,0.0,0.25004631819759215,15,1,2023,3,17,4,0,1,1,1,0,1,GRAVE_MORTALIDAD,2
3,1,13,0,4,1,-10.133094852124602,-78.08321331468314,1,4,7,1,2,2,2,1,6543.555,3.0,2,0,1.0,0,30,1475.0,0.6158809741569923,81.50851080130828,71.08023351522031,8.953755473885915,1057.6103337794095,20542.635896852476,7880.7358738539615,1615.6201074068335,1664.7391327915796,4600.376633655549,1698.8092226709707,6181.926651182991,21.8202064285486,3,1,0,0,2,33.792324723025736,30.169298892102933,37.415350553948535,1.0,0.0,0.8051168513161777,0.8051168513161777,1,0,0.0,0.8051168513161777,0.8051168513161777,0.19488314868382228,0.0,0.0,1.0,0.0,0.8051168513161777,0.0,6,0,2021,8,1,2,0,0,0,1,1,1,GRAVE_MORTALIDAD,2
3,2,12,0,4,1,-7.499286766827543,-79.44905899281784,0,4,7,1,2,2,2,2,6543.555,3.0,2,0,1.0,0,30,1475.0,0.608145995306954,80.41347239957138,64.72881650166435,9.050501047591007,1079.6454409007831,16676.458104628215,8931.828000000005,1335.5899999999997,1935.9830000000004,5660.255000000005,1219.309,7712.519000000005,13.651281686122925,8,2,0,0,5,42.71228172219544,26.60005816514078,54.22101283437736,1.0,0.8631548334136432,0.0,0.0,2,0,0.0,0.8631548334136432,0.13684516658635681,0.13684516658635681,0.0,0.13684516658635681,1.0,0.0,1.0,0.0,21,2,2021,2,20,6,1,1,0,1,1,1,GRAVE_MORTALIDAD,2
3,1,14,1,4,1,-12.179946075358863,-76.97608048899848,0,2,7,1,2,2,2,0,6252.665462442917,2.0,2,0,0.9302805741662705,9,30,1574.7958193322659,0.7507918082573176,79.75789046606198,76.58033147119734,11.306948648873934,1633.753120312113,335272.77403604914,7626.313,1683.4029999999998,1599.0829999999996,4343.827000000001,1814.875,5811.438000000001,23.797541485643197,4,3,0,0,0,39.02392803832779,35.163366889995245,42.88448918666033,1.0,0.0,0.0,0.0,3,0,0.0,0.0,0.06971942583372948,1.0,0.0,0.9302805741662705,0.06971942583372948,0.0,0.06971942583372948,0.9302805741662705,12,3,2023,9,20,5,0,0,0,1,0,1,GRAVE_MORTALIDAD,2
6,1,12,0,4,0,-8.479366221369874,-78.41611245376076,0,4,7,1,6,2,2,0,6543.555,2.0,4,4,1.0,14,33,1198.0,0.4971504606547645,77.79759708660042,46.44666297237219,6.322206801902116,929.9716106661404,44368.59100642397,8931.828000000005,1335.5899999999997,1935.9830000000004,5660.255000000005,1219.309,7712.519000000005,13.651281686122925,10,1,0,0,9,25.893404729087987,25.893404729087987,25.893404729087987,1.0,0.0,0.0,0.0,1,0,0.0,0.0,0.0,1.0,0.0,0.0,1.0,0.0,0.0,0.0,15,2,2024,8,24,3,0,0,0,1,0,1,GRAVE_MORTALIDAD,2
6,1,14,2,4,4,-11.975204329208124,-77.02584105039892,0,1,1,1,2,1,1,1,6543.555,2.0,4,4,1.0,14,33,1198.0,0.7169328753177564,79.8961057053607,75.418693704405,10.459864328673184,1499.5954823707946,990936.0453525267,7626.313,1683.4029999999998,1599.0829999999996,4343.827000000001,1814.875,5811.438000000001,23.797541485643197,4,1,0,0,2,40.672994382573435,39.12165730428906,41.83649719128672,1.0,0.6121657304289057,0.0,0.0,1,0,0.0,0.0,0.38783426957109435,0.6121657304289057,0.6121657304289057,0.0,0.38783426957109435,0.0,0.38783426957109435,0.0,16,1,2024,1,14,2,0,0,0,1,0,1,GRAVE_MORTALIDAD,2
4,1,10,0,4,1,-12.344152115916774,-75.92268557064764,1,4,6,1,3,2,2,0,6843.9136863546455,2.7121203219303194,2,0,1.0,2,22,1395.2573291746985,0.6491653153722983,76.6059641733062,74.06043660610506,9.70213064080108,1271.1732978099571,55827.780970226035,7837.230349175176,1567.9770673186051,1512.4352472165187,4756.818034640052,1704.8496900791924,6132.380659095984,21.88081688412001,3,1,0,0,2,36.1742259557109,30.83332354123351,41.5151283701883,1.0,0.0,0.0,0.0,1,0,0.0,0.7121203219303192,0.0,0.7121203219303192,0.0,1.0,0.7121203219303192,0.0,0.0,0.0,3,0,2024,2,22,0,0,1,0,1,0,1,GRAVE_MORTALIDAD,2
6,1,4,0,4,1,-13.881042219227028,-73.94868571974732,0,4,1,0,1,2,2,2,6543.555,2.0,4,4,1.0,14,33,1198.0,0.27160192105372405,73.66327435216738,34.409828553463896,5.509730579308871,252.64786456820357,760.692907491969,12678.733000000004,1805.074000000001,1774.0339999999994,9099.625000000004,2485.375000000001,10193.358000000002,19.602707936195205,10,1,0,0,9,38.56679886506926,38.56679886506926,38.56679886506926,1.0,0.0,0.0,0.7246962542618245,1,0,0.0,0.0,0.2753037457381755,0.7246962542618245,0.0,0.7246962542618245,0.2753037457381755,0.7246962542618245,0.7246962542618245,0.0,7,0,2023,5,25,4,0,0,2,1,0,1,GRAVE_MORTALIDAD,2
5,1,8,0,4,1,-12.735555392006052,-75.14133921105756,0,4,2,0,1,1,1,0,6543.555,2.1635844034201432,3,3,1.0,11,32,1243.3128797473796,0.4043048521079462,73.14489574505484,52.65929945378821,6.078483442215132,570.8221794524115,24980.00453582546,8366.635317935586,1484.3277238580279,1941.5391469544804,4940.768447123077,1868.994434761103,6497.640883174482,22.363480072466444,4,1,0,0,3,43.02631146327265,40.327168806840284,45.72545411970502,1.0,0.0,0.0,0.16358440342014335,1,0,0.0,0.0,1.0,0.16358440342014335,1.0,0.0,0.16358440342014335,0.0,0.0,0.0,12,2,2022,4,2,6,1,0,1,1,0,1,GRAVE_MORTALIDAD,2
3,2,4,2,3,1,-15.257194418752283,-72.60354093055793,0,0,1,0,2,2,2,0,2197.357671603615,2.0,2,0,1.0,7,26,372.59743184332604,0.6304085468036864,77.53097290481773,75.57349183978404,10.222295155211661,1092.4621672261073,195581.81874070826,10131.071519830763,1473.2830181775762,1775.349482859173,6882.4390187940135,2657.3258717363306,7473.745648094432,25.99647817718282,2,2,0,0,0,44.71236508467791,31.52481319416942,57.89991697518641,1.0,0.13751037810169908,0.0,0.0,2,0,0.0,0.8624896218983009,0.13751037810169908,1.0,1.0,0.0,0.8624896218983009,0.13751037810169908,0.0,0.13751037810169908,9,1,2022,5,15,1,0,0,0,1,0,1,GRAVE_MORTALIDAD,2
3,1,5,0,4,2,-6.973268680809101,-78.65933487769469,0,4,0,0,2,1,0,2,6543.555,2.0,4,4,1.0,14,33,1198.0,0.33445063054265556,72.90883568977652,48.84595546683877,4.5986397876471505,435.9851455510851,13342.921825903491,15935.565011852366,1733.9250000199986,935.692,13265.948011832368,2000.1670000199988,13935.398011832369,12.551591352627522,16,1,0,0,15,41.137912804319434,31.21987135063523,51.05595425800364,1.0,0.6840028588747726,0.0,1.0,1,0,0.0,0.0,0.31599714112522737,0.6840028588747726,0.0,0.6840028588747726,0.31599714112522737,0.0,0.6840028588747726,0.0,16,2,2024,6,28,6,1,1,2,1,0,1,GRAVE_MORTALIDAD,2
3,1,3,0,4,1,-16.092462090690557,-71.58588850018818,0,4,7,0,2,0,1,0,1504.4250000000002,2.0,2,0,1.0,7,25,241.0,0.6005060748875158,78.21704200773246,77.40211893847457,8.994742794352394,996.014120858737,33335.45824411135,10322.272,1495.236,1749.739,7077.2970000000005,2886.595,7435.677000000001,27.964725207783708,13,1,0,0,11,40.22654869442009,34.26106195600837,46.1920354328318,1.0,0.0,0.0,0.852212391201674,1,0,0.0,1.0,0.0,0.0,0.0,0.0,1.0,0.0,0.0,0.0,6,0,2024,8,12,4,0,0,0,1,0,1,GRAVE_MORTALIDAD,2
5,1,5,0,4,2,-6.586483872163481,-78.58354991455434,6,4,0,1,1,2,2,0,6388.714168615164,1.9590660556256547,3,3,0.9590660556256546,13,32,1198.4093394437434,0.4707928985009959,72.72549619422543,64.87293314541527,6.181922321750535,757.7926985988714,46180.20868201788,15935.565011852366,1733.9250000199986,935.692,13265.948011832368,2000.1670000199988,13935.398011832369,12.551591352627522,3,1,0,0,2,36.877198166876966,33.040933944374345,39.75439633375393,0.04093394437434539,0.04093394437434539,0.0,0.0,1,0,0.0,0.9590660556256546,0.0,0.04093394437434539,0.04093394437434539,0.0,0.9590660556256546,0.04093394437434539,1.0,0.04093394437434539,11,1,2022,10,27,6,1,1,2,1,0,1,GRAVE_MORTALIDAD,2
5,1,2,0,4,0,-13.573163495342861,-73.47174394455537,3,4,6,0,2,2,2,5,6543.555,2.0,4,4,1.0,14,33,1198.0,0.241310185459975,70.83483413046108,58.5191389199668,4.887115219495449,162.12128067173168,8997.351177730192,8358.971,1282.451,1298.0969999999998,5778.423,1432.683,6926.288,17.139466089785454,3,1,0,0,2,42.148984474379155,41.65236955978197,42.64559938897634,1.0,0.0,0.0,0.0,1,0,0.0,0.0,0.049661491459718876,1.0,0.0,0.9503385085402811,0.049661491459718876,0.0,0.0,0.0,6,1,2021,2,6,4,0,0,2,1,0,1,GRAVE_MORTALIDAD,2
2,1,1,1,4,1,-9.47196731146201,-78.31015286693311,0,1,3,1,2,2,2,0,6543.555,3.0,2,0,1.0,0,30,1475.0,0.5873460606982213,78.04758132038613,65.8701248560095,8.596987164492063,1041.0659985770535,35482.29764453961,10767.648,1885.0630000000003,1222.721,7659.864000000001,2100.343,8667.305000000002,19.506051832303577,2,1,0,0,0,36.12944241447754,36.12944241447754,36.12944241447754,1.0,0.0,0.0,0.0,1,0,0.0,1.0,0.0,0.0,0.0,0.0,1.0,0.0,0.0,0.0,13,1,2022,7,24,3,0,1,0,1,1,1,GRAVE_MORTALIDAD,2
3,1,14,0,4,1,-10.687236253880528,-77.79078628661648,0,4,7,1,2,1,0,2,6543.555,3.0,2,0,1.0,0,30,1475.0,0.6101271893995903,83.21054962477085,68.47107696044682,7.829958905267557,1105.751559477522,19852.93849081577,7626.313,1683.4029999999998,1599.0829999999996,4343.827000000001,1814.875,5811.438000000001,23.797541485643197,3,2,0,0,1,46.563106369115545,31.69417006027101,61.432042677960084,1.0,0.0,0.0,1.0,2,0,0.0,0.9368936308844538,1.0,0.06310636911554623,0.0,1.0,1.0,0.0,0.0,0.0,20,1,2022,3,4,4,0,0,0,1,1,1,GRAVE_MORTALIDAD,2
7,1,3,0,4,1,-16.11825156202744,-71.59623748362168,0,4,4,0,2,1,1,0,1504.4250000000002,2.0,2,0,1.0,7,25,241.0,0.6005060748875158,78.21704200773246,77.40211893847457,8.994742794352394,996.014120858737,33335.45824411135,10322.272,1495.236,1749.739,7077.2970000000005,2886.595,7435.677000000001,27.964725207783708,6,1,0,0,5,25.083787100846536,22.973827505530483,27.193746696162584,1.0,0.3246091685101615,0.0,0.0,1,0,0.0,1.0,0.0,0.3246091685101615,0.0,0.3246091685101615,1.0,0.0,0.0,0.0,2,0,2023,4,12,2,0,0,0,1,0,1,GRAVE_MORTALIDAD,2
6,1,17,0,4,0,-13.586459958573796,-72.36662298165429,0,4,0,0,1,2,2,2,6884.984387261245,2.0,3,2,1.0,12,23,1198.0,0.45792341297090416,73.59259565077186,64.06630158672434,6.98364487376769,677.7160420380059,8960.98040203617,13191.44666965945,1957.1905794675713,1945.527323796212,9288.728766395667,2749.3872183648473,10442.059451294603,20.58144104071581,2,1,0,0,1,44.1278757111854,44.1278757111854,44.1278757111854,1.0,0.672755986246924,0.0,0.0,1,0,0.0,0.672755986246924,0.0,0.327244013753076,0.0,0.0,1.0,0.672755986246924,1.0,0.0,7,1,2021,7,13,2,0,0,2,1,0,1,GRAVE_MORTALIDAD,2
4,1,20,0,4,1,-15.193444400870073,-70.25072535907297,0,4,4,0,3,2,2,3,1591.579824943853,2.0,1,0,0.6627331039457737,7,27,323.29312263723125,0.46753027447363954,76.80115372904105,70.65568434868861,7.255778339295355,596.8246987273191,7244.689794879289,13642.312999999998,2020.7790000000005,2354.117,9267.416999999998,3314.0520000000006,10328.260999999997,24.29244952817019,3,1,0,0,2,29.70403551251515,24.733537232921847,34.674533792108456,1.0,0.33726689605422633,0.0,0.0,1,0,0.0,0.0,0.0,1.0,0.0,0.33726689605422633,0.6627331039457737,0.0,1.0,0.6627331039457737,2,0,2022,10,16,2,0,0,2,1,0,1,GRAVE_MORTALIDAD,2
5,1,3,0,4,0,-12.483796923060268,-74.54576917573206,5,4,7,0,2,2,2,2,6543.555,2.179599781440096,3,3,1.0,11,32,1247.7491394589065,0.503475755663426,76.3552207586937,70.43210644779626,7.482424765480976,737.2332435152275,17164.327605858733,8461.85599199643,1291.9947527859451,1412.6611861836968,5757.200053026788,1394.361076235001,7067.494915761428,16.512988933264914,6,1,0,0,4,46.22173428042625,42.86920502687779,48.616398032960866,1.0,0.17959978144009592,0.0,0.0,1,0,0.0,0.17959978144009592,0.0,0.8204002185599041,0.0,0.8204002185599041,0.17959978144009592,0.0,0.17959978144009592,0.0,15,2,2022,4,11,2,0,0,1,1,0,1,GRAVE_MORTALIDAD,2
6,1,3,0,4,1,-13.732815026072915,-73.60767317889447,4,4,4,1,4,1,1,0,2081.3818673215173,2.0,2,0,1.0,5,26,171.27012437076831,0.3544122511976151,73.00457288220859,56.00049201918382,5.847832021726133,431.8425101591283,1958.9044968463947,8401.864309054727,1328.2948330261086,1497.9738274267843,5575.595648601834,1558.4174675039944,6843.446841550732,18.53033506219704,2,1,0,0,1,37.62701243707683,37.62701243707683,37.62701243707683,1.0,0.0,0.0,0.0,1,0,0.0,0.0,0.0,0.28135062185384163,0.0,0.7186493781461584,0.28135062185384163,0.0,0.0,0.0,4,0,2023,6,6,0,0,0,2,1,0,1,GRAVE_MORTALIDAD,2
4,1,1,0,4,1,-9.458864568040356,-77.56067612547255,2,4,0,0,2,0,1,1,9936.932,2.0,2,0,1.0,9,32,3830.0,0.4007271536041124,77.0840290664511,62.21586684894165,6.1239186723041765,467.32220142032395,2221.5045506660576,10767.648,1885.0630000000003,1222.721,7659.864000000001,2100.343,8667.305000000002,19.506051832303577,4,1,0,0,2,26.237883679120035,23.25454800649741,29.22121935174266,1.0,1.0,0.0,0.5424246677495682,1,0,0.0,0.5424246677495682,0.0,0.4575753322504318,0.0,1.0,0.5424246677495682,0.0,0.0,0.0,13,1,2021,5,21,5,1,1,0,1,0,1,GRAVE_MORTALIDAD,2
6,1,8,0,4,1,-13.37742797676272,-75.36628148987175,0,4,5,1,4,2,2,0,1586.040948312425,1.5246141446445176,1,3,0.5246141446445176,9,20,293.60763650900327,0.3766629376429814,59.766804267760676,53.99557418938548,6.978264512273684,555.425965847007,314.79977558686795,8511.426,1445.3929999999996,2008.516,5057.516999999999,1879.579,6631.846999999998,22.08300935706896,18,1,0,0,17,31.39382631431228,31.39382631431228,31.39382631431228,1.0,0.4753858553554824,0.0,0.0,1,0,0.0,0.0,0.5246141446445176,0.4753858553554824,0.0,0.4753858553554824,0.5246141446445176,0.4753858553554824,0.4753858553554824,0.0,8,1,2021,9,6,5,1,0,2,1,0,1,GRAVE_MORTALIDAD,2
6,1,15,2,4,1,-10.736006787863545,-77.76967458211047,0,2,7,1,2,2,2,1,5252.329834392483,2.0,2,0,1.0,7,28,1269.2343696928287,0.6646285177356362,78.63648972696552,69.38590365969429,9.522286743066648,1364.0709857128563,96622.09627137799,7916.991351115809,1704.8879301075644,1390.3103435761352,4821.79307743211,1901.5946175597373,6015.396733556073,23.993232069254066,17,1,0,0,16,37.83000231347202,37.83000231347202,37.83000231347202,1.0,0.0,0.21699976865279802,0.21699976865279802,1,0,0.0,0.0,0.0,0.21699976865279802,0.0,0.0,1.0,0.0,0.783000231347202,0.0,6,1,2023,6,7,3,0,0,0,1,0,1,GRAVE_MORTALIDAD,2
1,1,9,1,7,3,-10.998581558149922,-75.9280011592223,0,4,0,0,5,2,2,3,6543.555,2.0,4,4,1.0,14,33,1198.0,0.4433906719609574,72.87374480624922,62.41815224883299,7.347631240496637,608.0994021290666,26035.557126006555,13181.737494653604,1803.3434297033589,1063.103275559254,10315.29078939099,1691.3806760208734,11490.356818632732,12.852155723469423,4,1,0,1,1,26.750766147157563,26.750766147157563,26.750766147157563,1.0,0.24984677056848748,0.0,1.0,1,0,0.0,0.7501532294315125,0.24984677056848748,0.0,0.0,0.0,1.0,0.24984677056848748,0.24984677056848748,0.24984677056848748,13,3,2023,8,15,0,0,0,2,1,0,1,GRAVE_MORTALIDAD,2
6,1,9,0,4,1,-10.382236477627021,-76.58463571384114,0,4,5,0,1,1,0,0,6543.555,2.0,4,4,1.0,14,33,1198.0,0.39883726578302525,70.73301878157923,62.709815679908985,6.2695552732769855,552.4624529705624,28566.555876640115,8703.47311867101,1395.2330346063222,1975.38163418213,5332.858449882558,1577.9559081857205,7125.517210485289,18.231246033812177,7,1,0,0,6,37.420445113903384,37.420445113903384,37.420445113903384,1.0,0.4568178045561352,0.0,0.0,1,0,0.0,1.0,0.0,0.0,0.0,0.0,1.0,0.0,0.0,0.0,7,0,2021,2,14,6,1,0,1,1,0,1,GRAVE_MORTALIDAD,2
6,1,8,0,4,1,-12.396358036611609,-75.05147325606096,0,4,7,0,2,1,0,0,7586.903,2.0,2,0,1.0,9,5,1198.0,0.3197508632812603,73.35600919181914,47.73247021173725,4.747967817478287,352.6352900736821,3265.2034261241965,8511.426,1445.3929999999996,2008.516,5057.516999999999,1879.579,6631.846999999998,22.08300935706896,6,1,0,0,5,44.685010236481574,44.685010236481574,44.685010236481574,1.0,0.8456673490987714,0.0,0.0,1,0,0.0,0.0,0.0,1.0,0.0,0.8456673490987714,0.1543326509012286,0.0,0.0,0.0,8,0,2024,2,10,3,0,0,2,1,0,1,GRAVE_MORTALIDAD,2
5,1,12,0,4,1,-7.827146804552077,-78.05939558341865,0,4,7,1,1,2,2,2,9936.932,2.0,2,0,1.0,9,32,3830.0,0.3986882084754764,72.97869269132666,58.65435142755623,5.605762371496486,527.7120199980477,69564.29978586723,8931.828000000005,1335.5899999999997,1935.9830000000004,5660.255000000005,1219.309,7712.519000000005,13.651281686122925,4,1,0,0,2,24.0571185692957,23.20034002986023,24.913897108731167,1.0,0.11423713859139584,0.0,0.8857628614086042,1,0,0.0,0.0,1.0,0.11423713859139584,1.0,0.0,0.11423713859139584,0.8857628614086042,0.0,1.0,9,1,2021,11,17,2,0,1,0,1,0,1,GRAVE_MORTALIDAD,2
3,1,7,0,4,1,-13.559997987218457,-71.95584845986677,0,4,5,0,1,2,2,3,7320.480592745376,2.0,2,1,1.0,10,12,1198.0,0.46407327536054943,66.40657329152221,69.95721726187745,7.596694772813993,729.4664457745203,8665.170994100898,17779.13499998999,2097.3709999899997,2863.123,12818.640999999989,2878.713,14900.421999989989,16.19152450331032,5,1,0,0,3,39.86161662442775,24.596360304120225,55.12687294473527,1.0,0.0,0.2553533502289015,1.0,1,0,0.0,0.0,0.0,1.0,0.7446466497710985,0.2553533502289015,0.7446466497710985,0.0,1.0,0.7446466497710985,18,2,2021,10,8,2,0,0,2,1,0,1,GRAVE_MORTALIDAD,2
6,1,2,0,3,2,-13.741968127131841,-73.37466952335441,2,3,1,0,5,1,1,0,6543.555,2.0,4,4,1.0,14,33,1198.0,0.5401253160269832,77.28158004739507,69.45919833660416,8.192306458487044,856.7698208151203,27784.674479576366,8358.971,1282.451,1298.0969999999998,5778.423,1432.683,6926.288,17.139466089785454,4,1,0,0,3,34.21548219704953,34.21548219704953,34.21548219704953,1.0,0.17202353649774849,0.0,0.0,1,0,0.0,0.0,0.0,1.0,0.0,1.0,0.0,0.0,0.0,0.0,15,1,2024,2,13,4,0,0,2,1,0,1,GRAVE_MORTALIDAD,2