CLASE SINIESTRO,CANTIDAD DE VEHICULOS DAÑADOS,DEPARTAMENTO,ZONA,TIPO DE VÍA,RED VIAL,COORDENADAS LATITUD,COORDENADAS  LONGITUD,CONDICIÓN CLIMÁTICA,ZONIFICACIÓN,CARACTERÍSTICAS DE VÍA,PERFIL LONGITUDINAL VÍA,SUPERFICIE DE CALZADA,¿EXISTE SEÑAL VERTICAL?,¿EXISTE SEÑAL HORIZONTAL?,CAUSA FACTOR PRINCIPAL,MTC_RVN_LONGITUD_KM,MTC_RVN_N_CARRILES_MEDIANA,MTC_RVN_SUPERFICIE_DOMINANTE,MTC_RVN_ESTADO_DOMINANTE,MTC_RVN_ES_CONCESIONADA,MTC_RVN_CONCESION_PRINCIPAL,MTC_RVN_CORREDOR_LOGISTICO,MTC_RVN_N_TRAMOS,IDH_2019,IDH_ESP_VIDA_2019,IDH_EDUC_SECUND_PCT_2019,IDH_ANIOS_EDUC_2019,IDH_INGRESO_PERCAP_2019,IDH_POBLACION_2019,MTC_DEP_RED_TOTAL_KM,MTC_DEP_NACIONAL_TOTAL_KM,MTC_DEP_DEPARTAMENTAL_TOTAL_KM,MTC_DEP_VECINAL_TOTAL_KM,MTC_DEP_PAV_TOTAL_KM,MTC_DEP_NO_PAV_TOTAL_KM,MTC_DEP_PCT_PAVIMENTADA,PER_TOTAL_PERSONAS,PER_N_CONDUCTORES,PER_N_CONDUCTORES_FUGADOS,PER_N_PEATONES,PER_N_PASAJEROS_OCUPANTES,PER_EDAD_COND_PROM,PER_EDAD_COND_MIN,PER_EDAD_COND_MAX,PER_ANY_COND_MASCULINO,PER_ANY_LIC_PROBLEMA,PER_ANY_DOSAJE_POS,PER_ANY_DOSAJE_EVALUADO,VEH_TOTAL,VEH_N_FUGADOS,VEH_ANY_FUGADO,VEH_ANY_CARGA,VEH_ANY_PUBLICO,VEH_ANY_PARTICULAR,VEH_ANY_MOTO,VEH_ANY_AUTO,VEH_ANY_CAMION_BUS,VEH_ANY_SOAT_PROBLEMA,VEH_ANY_CITV_PROBLEMA,VEH_ANY_SEGURO_PROBLEMA,HORA_NUM,FRANJA_HORARIA,ANIO,MES,DIA_MES,DIA_SEMANA,ES_FIN_SEMANA,ES_QUINCENA,REGION_NATURAL,TIENE_SEÑALIZACION,ES_VIA_MULTICARRIL,ES_DEPTO_BAJO_PAVIMENTO,CATEGORIA_SEVERIDAD,CATEGORIA_SEVERIDAD_ENC
5,1,1,0,4,1,-9.03313146760346,-77.23461041144026,5,4,5,0,1,2,2,1,6543.555,2.0,4,4,1.0,14,33,1198.0,0.2609669485663114,76.60805386307375,33.650709276242935,4.88888709635416,232.364145004885,2992.4133648217753,10767.648,1885.0630000000003,1222.721,7659.864000000001,2100.343,8667.305000000002,19.506051832303577,3,1,0,0,2,43.624699538183165,42.93704930727475,44.14043721136448,1.0,0.0,0.0,0.8280874422728957,1,0,0.0,0.0,0.0,1.0,0.17191255772710434,0.8280874422728957,0.0,0.0,0.17191255772710434,0.17191255772710434,8,1,2021,7,28,3,0,1,0,1,0,1,GRAVE_MORTALIDAD,2
4,1,10,0,4,0,-9.761383236310195,-77.3880095959718,0,4,3,0,2,1,1,1,6543.555,2.547324684339486,2,1,1.0,6,31,1349.6089375620377,0.4451127903310529,75.8935442872913,56.19359169656581,6.067511440681836,673.3004177951592,24715.631237956106,8741.522391945691,1385.295107685471,1968.8168986708042,5387.4103855894155,1518.1969306711676,7223.325461274523,17.46811667113191,9,1,0,0,8,39.03085729160152,33.28394810603692,44.777766477166125,1.0,0.5473246843394861,0.0,0.0,1,0,0.0,0.0,1.0,0.0,0.5473246843394861,0.0,1.0,0.0,0.4526753156605139,0.5473246843394861,8,1,2024,5,17,1,0,0,0,1,0,1,GRAVE_MORTALIDAD,2
3,1,18,0,4,1,-7.5538210649383775,-76.06215849624478,0,4,5,1,2,1,1,1,7730.1165819772405,2.0,2,0,1.0,9,17,1979.0996790908976,0.5195991490215887,73.40381297626514,59.09960208781445,7.336111602836084,980.4460015727738,3516.230811801003,6116.925252212354,918.8257204004947,1137.010925110323,4061.0886067015363,1155.9774466981817,4960.947805514172,18.631830694362048,4,1,0,0,2,64.86020944190552,57.341602905201704,72.37881597860935,1.0,0.0,0.8354007263004253,0.8354007263004253,1,0,0.0,0.0,0.8354007263004253,0.16459927369957472,0.8354007263004253,0.16459927369957472,0.8354007263004253,0.0,0.8354007263004253,0.8354007263004253,13,2,2021,11,18,5,0,1,1,1,0,1,GRAVE_MORTALIDAD,2
3,2,7,0,4,1,-13.702744663060427,-71.60891182009485,1,4,7,1,2,1,1,2,7586.903,2.0,2,0,1.0,9,5,1198.0,0.4657061594707547,65.51720846158507,73.0794485947769,7.322392079537858,727.1007186728779,8028.873280280964,17779.13499998999,2097.3709999899997,2863.123,12818.640999999989,2878.713,14900.421999989989,16.19152450331032,4,2,0,0,1,34.415218488300866,24.680601162845484,42.27759534861806,1.0,0.9361202325690972,0.0,0.06387976743090285,2,0,0.0,0.9361202325690972,0.9361202325690972,1.0,1.0,0.0,1.0,0.9361202325690972,0.06387976743090285,1.0,16,3,2022,5,7,0,0,0,2,1,0,1,GRAVE_MORTALIDAD,2
3,3,13,0,4,1,-15.12451726484996,-74.15897523776863,0,4,7,1,2,1,1,0,1758.0927189986473,2.0,2,2,1.0,9,26,339.75633030217506,0.5500102231248949,73.68585489272154,69.4109947904586,7.7531630906369395,977.143065871459,5984.146018541279,3381.572771782488,676.758126568067,663.1367841735695,2041.6778610408512,1092.047983940196,2289.5247878422915,33.02707756076942,10,3,0,0,6,44.66816748274775,41.74788989927498,48.239167249581726,1.0,0.3173888500278852,0.0,0.6826111499721148,3,0,0.0,0.6826111499721148,0.0,1.0,0.6826111499721148,1.0,0.3173888500278852,0.0,1.0,0.6826111499721148,18,2,2021,9,4,0,0,0,0,1,0,1,GRAVE_MORTALIDAD,2
5,1,3,0,4,1,-16.012105972597503,-71.28136595968415,0,4,1,0,2,1,1,0,1504.4250000000002,2.0,2,0,1.0,7,25,241.0,0.4685280505645348,81.83746865987648,70.74305753660312,6.037751599761188,617.4715908037651,1751.8736616702354,10322.272,1495.236,1749.739,7077.2970000000005,2886.595,7435.677000000001,27.964725207783708,4,1,0,0,3,30.85558422588443,30.74542467657345,30.965743775195413,1.0,0.7796809013780325,0.0,0.0,1,0,0.0,0.22031909862196752,0.0,1.0,0.0,0.7796809013780325,0.22031909862196752,0.0,0.22031909862196752,0.0,7,1,2023,6,11,4,0,0,0,1,0,1,GRAVE_MORTALIDAD,2
6,4,5,0,4,2,-6.602057363380348,-78.45871818292993,0,4,3,0,1,2,2,2,6543.555,2.0,4,4,1.0,14,33,1198.0,0.2678207528191881,74.16472565014284,43.54189960473379,4.004137420374055,267.67311514747087,10456.168706867613,15935.565011852366,1733.9250000199986,935.692,13265.948011832368,2000.1670000199988,13935.398011832369,12.551591352627522,24,1,0,0,23,53.239811804095595,53.239811804095595,53.239811804095595,1.0,0.0,0.0,1.0,1,0,0.0,0.5153051879943767,0.48469481200562325,0.0,0.0,0.0,1.0,0.0,0.5153051879943767,0.0,18,2,2023,7,25,2,0,1,2,1,0,1,GRAVE_MORTALIDAD,2
6,1,4,0,4,0,-12.977521233655937,-74.29833336246216,0,4,5,0,7,2,2,1,6543.555,2.0,4,4,1.0,14,33,1198.0,0.15278632605672582,80.41367945925438,34.51513698171234,2.5819170093012285,153.01201795953926,1871.362361175515,12678.733000000004,1805.074000000001,1774.0339999999994,9099.625000000004,2485.375000000001,10193.358000000002,19.602707936195205,5,1,0,0,3,42.04734169166419,42.04734169166419,42.04734169166419,1.0,0.10236708458320931,0.0,0.0,1,0,0.0,0.0,0.0,1.0,0.0,1.0,0.0,0.0,0.0,0.0,6,0,2022,8,23,6,1,0,2,1,0,1,GRAVE_MORTALIDAD,2
5,1,13,1,4,1,-10.490825600941903,-77.52587921807341,0,2,7,1,2,2,2,1,982.286928982284,2.0,2,0,1.0,2,15,157.73760448621914,0.6738470241056742,79.28479468001073,73.12129838407559,10.00469113475052,1341.8591608780787,43899.69336960071,6592.0357029172255,1393.386633852318,1373.3545246334543,3825.2945444314537,1538.963265925384,5053.072436991843,22.93679510035174,4,2,0,0,2,46.29781126744041,45.80135284280637,46.79426969207445,1.0,0.7517707876829781,0.0,0.24822921231702189,2,0,0.0,0.0,0.0,1.0,0.24822921231702189,0.7517707876829781,1.0,0.0,0.24822921231702189,0.0,22,2,2021,3,19,0,0,0,0,1,0,1,GRAVE_MORTALIDAD,2
5,1,3,0,4,0,-15.910535881243746,-72.6022081090078,0,4,6,1,2,2,2,0,6470.890947185702,2.0,3,3,0.9062335194351386,13,32,1119.8925216894704,0.5910753322226062,76.343045773076,68.54091759694258,8.57901670225287,1082.7206753346693,74575.01014133978,10504.392103506156,1526.294083824538,1689.3346332201163,7288.763386461501,2764.880576004456,7739.511527501699,26.55705936702752,4,1,0,0,3,49.49973631096222,49.030903908137915,49.968568713786524,1.0,0.09376648056486137,0.0,0.0,1,0,0.0,0.0,0.09376648056486137,1.0,0.0,1.0,0.09376648056486137,0.09376648056486137,0.0,0.09376648056486137,5,0,2022,9,21,5,1,1,0,1,0,1,GRAVE_MORTALIDAD,2
2,1,14,0,4,1,-10.85870762833668,-77.70343888404045,1,3,5,1,2,1,1,0,6543.555,3.0,2,0,1.0,0,30,1475.0,0.62151764311498,81.39198798486959,70.21300677645172,8.500672415348673,1136.3864896183395,20639.378252231432,7626.313,1683.4029999999998,1599.0829999999996,4343.827000000001,1814.875,5811.438000000001,23.797541485643197,2,1,0,0,0,34.39797689115332,30.026259304175223,38.51312965208761,1.0,0.0,0.7434351739561944,0.7434351739561944,1,0,0.0,0.7434351739561944,0.7434351739561944,0.2565648260438056,0.0,0.2565648260438056,0.7434351739561944,0.0,0.7434351739561944,0.0,8,0,2022,6,2,2,0,0,0,1,1,1,GRAVE_MORTALIDAD,2
4,1,3,0,4,0,-15.484468087152429,-73.17269566279042,0,4,3,0,2,0,1,0,6588.599817053758,2.0,3,2,1.0,11,32,1393.2782983662173,0.5239116034824107,81.70898837684354,52.39712862961703,7.9573726264759115,839.9674982693853,1811.533118842706,10322.272,1495.236,1749.739,7077.2970000000005,2886.595,7435.677000000001,27.964725207783708,2,1,0,0,1,42.0,36.39392444881673,47.60607555118327,1.0,0.0,0.0,0.0,1,0,0.0,0.0,0.0,1.0,0.0,1.0,0.46717296259860575,0.0,0.46717296259860575,0.0,3,0,2022,4,11,5,1,0,0,1,0,1,GRAVE_MORTALIDAD,2
6,1,0,0,4,1,-6.364250364884326,-77.51370917268916,0,4,0,0,6,2,2,0,2760.8550000000005,1.0,1,3,0.0,9,32,1208.0,0.4828187626600175,73.00435172260774,53.83169450284718,6.391832856849296,866.1359969875144,1369.3297644539612,3903.732,1155.121,585.018,2163.5930000000003,943.591,2960.1410000000005,24.17151074920102,2,1,0,0,1,57.91001732683328,57.91001732683328,57.91001732683328,1.0,0.0,0.0,0.0,1,0,0.0,0.0,0.0,1.0,0.0,0.8606678217888851,0.13933217821111488,0.0,0.0,0.0,8,1,2023,2,28,3,0,1,1,1,0,1,GRAVE_MORTALIDAD,2
3,1,7,0,4,1,-13.809850914754067,-71.59186175922159,0,4,0,1,2,1,0,1,7586.903,2.0,2,0,1.0,9,5,1198.0,0.4436201289397589,66.92154570402819,71.1353993113254,7.4473935823150015,629.749773295737,5512.966523221978,17779.13499998999,2097.3709999899997,2863.123,12818.640999999989,2878.713,14900.421999989989,16.19152450331032,8,1,0,0,7,40.169510278689046,38.77967351912603,41.55934703825206,1.0,0.0,0.0,0.6949183797815075,1,0,0.0,0.0,0.6949183797815075,1.0,0.0,0.0,1.0,0.0,0.0,0.0,21,2,2022,2,6,2,0,0,2,1,0,1,GRAVE_MORTALIDAD,2
6,1,5,0,4,1,-6.417487340837876,-79.02672493518868,2,4,0,0,1,2,2,0,6543.555,2.0,4,4,1.0,14,33,1198.0,0.3741448306756197,69.4681605862216,52.43804769611585,5.66974638209997,497.1254600882312,7730.051351042745,15935.565011852366,1733.9250000199986,935.692,13265.948011832368,2000.1670000199988,13935.398011832369,12.551591352627522,4,1,0,0,3,37.15826683675285,33.200471326553604,40.12661346940228,0.010551122450189854,0.0,0.0,0.010551122450189854,1,0,0.0,0.0,0.0,1.0,0.0,0.010551122450189854,0.9894488775498101,0.010551122450189854,1.0,0.010551122450189854,20,1,2021,2,9,1,0,0,2,1,0,1,GRAVE_MORTALIDAD,2
3,1,3,0,4,1,-16.471407132191622,-72.60850700530092,0,4,2,0,2,1,1,0,6639.975,2.0,2,0,1.0,9,31,1616.0,0.6296592547537705,81.07601901548816,71.44167605120471,8.61500038109777,1163.8060430137205,3774.7977237006703,10322.272,1495.236,1749.739,7077.2970000000005,2886.595,7435.677000000001,27.964725207783708,6,2,0,0,4,35.48522538193626,31.182270458323508,39.3940901527745,0.6059098472254969,0.0,0.0,0.0,2,0,0.0,0.3940901527745031,0.0,1.0,0.0,1.0,1.0,0.0,0.0,0.0,16,2,2023,3,19,3,0,1,0,1,0,1,GRAVE_MORTALIDAD,2
3,2,10,1,4,1,-13.998533061667038,-75.76953361055435,0,4,7,1,2,2,2,1,6639.975,2.0,2,0,1.0,9,31,1616.0,0.6053164595604621,78.88848309050202,67.63954639531094,9.133324993872453,1064.9426147896202,27932.19700214133,3721.461,698.1859999999996,744.866,2278.409,1102.9029999999996,2618.558,29.636290693359403,3,2,0,0,1,34.2980962011864,31.7019037988136,36.8942886035592,1.0,0.0,0.0,0.8509518994068,2,0,0.0,0.8509518994068,0.14904810059319995,1.0,0.14904810059319995,0.8509518994068,1.0,0.0,0.0,0.0,10,2,2021,2,8,5,0,0,0,1,0,1,GRAVE_MORTALIDAD,2
3,2,12,0,4,1,-7.775076783511891,-79.18950386387121,0,4,7,1,2,1,1,0,6543.555,3.0,2,0,1.0,0,30,1475.0,0.5415976977984454,80.10495478365301,60.98838944306729,7.333437124166258,916.7008922187999,44060.7230497928,8931.828000000005,1335.5899999999997,1935.9830000000004,5660.255000000005,1219.309,7712.519000000005,13.651281686122925,3,2,0,0,1,39.38343543190108,36.962423426074196,41.80444743772796,1.0,0.0,0.0,0.3458588579752693,2,0,0.0,0.0,0.3458588579752693,0.6541411420247307,0.6541411420247307,0.6541411420247307,0.3458588579752693,0.6541411420247307,0.6541411420247307,0.0,8,0,2021,6,12,1,0,0,0,1,1,1,GRAVE_MORTALIDAD,2
0,1,14,2,3,1,-11.946888176088832,-77.06683939833762,0,2,1,1,2,2,2,1,6543.555,2.9647848264744763,2,0,1.0,0,30,1465.24539693343,0.7207629712726784,80.08281073630576,77.8151217467211,10.92875481105684,1456.6134692385983,527276.801846028,7626.313,1683.4029999999998,1599.0829999999996,4343.827000000001,1814.875,5811.438000000001,23.797541485643197,3,1,0,2,0,21.369759322017998,21.140860694102095,21.598657949933898,1.0,0.0,0.0,0.0,1,0,0.0,0.0,0.0352151735255235,0.9647848264744765,0.0352151735255235,0.9647848264744765,0.0352151735255235,0.0,1.0,0.0,3,0,2021,3,6,4,0,0,0,1,0,1,GRAVE_MORTALIDAD,2
6,1,15,0,4,1,-14.007641048823114,-70.6531697884756,1,4,5,0,2,1,1,2,2190.5174100453246,1.7461796385522723,1,0,0.0,9,26,643.3839055433821,0.296832661948562,75.74719317374864,57.040553370221616,4.896089283700475,285.61437029337986,3894.704483351587,13397.736776116199,1966.0286789339184,2206.8801232703177,9224.827973911963,3103.716904336582,10294.019871779616,23.10209762219866,3,1,0,0,2,32.55348506026819,32.55348506026819,32.55348506026819,1.0,0.7461796385522723,0.7461796385522723,1.0,1,0,0.0,0.0,0.0,0.7461796385522723,0.0,0.7461796385522723,0.2538203614477277,0.7461796385522723,1.0,0.7461796385522723,7,0,2022,5,10,2,0,0,2,1,0,1,GRAVE_MORTALIDAD,2
5,1,7,0,4,1,-14.303961098465296,-71.99575532498446,0,4,1,1,2,1,1,2,2110.289898945477,1.0,1,3,0.0,9,28,612.5383106949043,0.4624068212221592,67.0497685647176,70.15838352125577,6.930617409639256,730.5771412919471,9503.653587331593,17779.13499998999,2097.3709999899997,2863.123,12818.640999999989,2878.713,14900.421999989989,16.19152450331032,3,1,0,0,1,25.395923459434265,25.395923459434265,25.395923459434265,1.0,0.8020382702828686,0.0,0.19796172971713144,1,0,0.0,0.0,0.0,1.0,1.0,0.0,0.19796172971713144,0.8020382702828686,1.0,0.8020382702828686,13,2,2022,10,5,2,0,0,2,1,0,1,GRAVE_MORTALIDAD,2
6,1,1,0,4,2,-9.363808295245603,-77.61047019802908,1,4,5,0,6,2,2,2,6543.555,2.0,4,4,1.0,14,33,1198.0,0.30624639093074046,81.56729802248516,56.920261837771555,4.149017610775889,285.6924254174703,1257.0544349506029,10767.648,1885.0630000000003,1222.721,7659.864000000001,2100.343,8667.305000000002,19.506051832303577,3,1,0,0,2,53.70040806357082,53.70040806357082,53.70040806357082,1.0,0.8394063049566914,0.0,0.0,1,0,0.0,0.0,0.0,1.0,0.0,1.0,0.0,0.0,0.16059369504330856,0.0,6,0,2021,6,24,1,0,0,0,1,0,1,GRAVE_MORTALIDAD,2
4,1,13,0,4,1,-9.589002546062993,-77.1141876336892,0,4,3,0,2,2,2,0,938.0631344955827,1.4626595031568188,1,1,0.4626595031568188,5,17,168.21490930549987,0.42658660689651173,67.57740854452001,63.320898695254485,7.667514405424299,665.756861948368,40231.19245521449,8721.667731452282,1601.318043122167,1373.9692382303597,5746.380450099755,2034.5356967820599,6687.132034670221,23.29348068963771,4,1,0,0,3,53.46994627367614,50.46265950315682,56.477233044195465,1.0,0.5373404968431812,0.0,0.4626595031568188,1,0,0.0,0.4626595031568188,0.4626595031568188,0.5373404968431812,0.5373404968431812,0.0,0.4626595031568188,0.5373404968431812,0.5373404968431812,0.5373404968431812,12,2,2023,1,14,1,0,0,1,1,0,1,GRAVE_MORTALIDAD,2
6,1,4,0,4,1,-13.971112843036273,-74.08581483749077,1,4,0,0,6,1,1,2,1789.4259608391608,1.1919554389957256,1,0,0.19195543899572576,8,31,268.5284665908121,0.3361044230023487,74.57034645747105,64.9422951425083,5.636391970166207,312.35379981005235,1027.37495666101,12678.733000000004,1805.074000000001,1774.0339999999994,9099.625000000004,2485.375000000001,10193.358000000002,19.602707936195205,2,1,0,0,1,45.58502490309831,45.58502490309831,45.58502490309831,1.0,0.0,0.8080445610042742,1.0,1,0,0.0,0.19195543899572576,0.0,0.8080445610042742,0.0,0.0,1.0,0.0,0.0,0.0,5,0,2021,8,12,2,0,0,2,1,0,1,GRAVE_MORTALIDAD,2
3,2,13,0,4,1,-12.50737146833783,-73.27805485046717,0,4,1,0,2,2,2,3,3091.8835127360626,1.2807655809558534,1,2,0.28076558095585324,9,24,562.9160079840184,0.40354458013797345,73.78480276845175,53.75159446417062,7.119634853768475,491.0939081918756,66558.71210945584,12651.374832942383,1881.0209638634365,1456.0967275386972,9314.257141540249,2073.00150218862,10578.373330753762,16.13619633065219,3,2,0,0,1,30.76344511430134,24.438468838088294,37.088421390514384,1.0,0.0,0.0,0.7192344190441468,2,0,0.0,0.0,0.28076558095585324,1.0,0.7192344190441468,0.28076558095585324,1.0,0.7192344190441468,0.28076558095585324,0.28076558095585324,10,2,2021,4,21,1,0,1,2,1,0,1,GRAVE_MORTALIDAD,2
8,1,2,0,4,0,-13.627702590892602,-72.82059562407008,6,4,6,1,5,2,2,0,6543.555,2.0,4,4,1.0,14,33,1198.0,0.40544809574689067,71.6585942198933,62.31564849049004,6.148698294192028,520.464255431155,16791.589066184566,8358.971,1282.451,1298.0969999999998,5778.423,1432.683,6926.288,17.139466089785454,3,1,0,0,2,31.7025595587272,31.7025595587272,31.7025595587272,1.0,0.0,0.0,0.0,1,0,0.0,0.0,0.0,0.27155045517748566,0.0,0.27155045517748566,0.7284495448225143,0.0,0.0,0.0,8,1,2023,5,23,0,0,0,2,1,0,1,GRAVE_MORTALIDAD,2
5,1,5,1,4,1,-6.771257271441168,-78.52395681115318,0,3,4,0,1,1,1,0,3334.0576933458833,1.31621512256333,0,1,0.31621512256333006,9,32,1245.2931632893876,0.3484871558022944,76.33677469666252,53.28672218475212,4.131981838863427,447.1658531581213,76209.5845824411,15935.565011852366,1733.9250000199986,935.692,13265.948011832368,2000.1670000199988,13935.398011832369,12.551591352627522,5,1,0,0,4,21.68378487743667,19.47027901949336,23.89729073537998,1.0,0.31621512256333006,0.0,0.31621512256333006,1,0,0.0,0.31621512256333006,0.0,1.0,0.31621512256333006,0.0,1.0,1.0,0.31621512256333006,0.31621512256333006,14,2,2022,7,9,2,0,0,2,1,0,1,GRAVE_MORTALIDAD,2
3,1,1,0,4,1,-9.199221056118253,-78.47488567384312,0,4,5,1,2,1,1,0,6543.555,3.0,2,0,1.0,0,30,1475.0,0.5700449284182738,79.2538823593199,57.490070516297656,7.733905332358658,1068.616253166144,15696.71507168939,10767.648,1885.0630000000003,1222.721,7659.864000000001,2100.343,8667.305000000002,19.506051832303577,3,2,0,0,1,21.66271859769924,17.844970853640103,25.48046634175838,1.0,1.0,0.0,1.0,2,0,0.0,0.8449708536401014,0.0,0.15502914635989862,1.0,0.15502914635989862,0.8449708536401014,0.0,1.0,0.0,10,1,2022,6,9,2,0,0,0,1,1,1,GRAVE_MORTALIDAD,2
6,1,7,0,4,1,-13.10535787329625,-72.3560082447132,3,4,2,0,2,1,1,4,3447.8009999999995,1.0,2,3,0.0,9,12,1109.0,0.4706944943299555,76.79406176595778,61.64424635983724,7.141255198110581,653.4175319142125,3282.6252676659524,17779.13499998999,2097.3709999899997,2863.123,12818.640999999989,2878.713,14900.421999989989,16.19152450331032,3,1,0,0,2,40.52644704413809,40.52644704413809,40.52644704413809,1.0,0.0,0.0,0.0,1,0,0.0,0.5236776477930957,0.0,0.0,0.0,0.47632235220690433,0.5236776477930957,0.0,0.0,0.0,13,1,2022,3,15,1,0,0,2,1,0,1,GRAVE_MORTALIDAD,2
6,1,4,0,4,1,-13.315193813623996,-74.44151094766865,0,4,0,0,2,1,0,2,1679.5849999999998,2.0,2,3,1.0,9,24,315.0,0.1859776092837948,69.85250115366037,39.77024304701982,3.1640035399309645,143.5227500887571,15617.884368308352,12678.733000000004,1805.074000000001,1774.0339999999994,9099.625000000004,2485.375000000001,10193.358000000002,19.602707936195205,34,1,0,0,33,47.716071219491965,47.716071219491965,47.716071219491965,1.0,0.0,0.0,1.0,1,0,0.0,0.0,1.0,0.0,0.0,0.0,1.0,0.0,0.0,0.0,6,0,2023,6,13,1,0,0,2,1,0,1,GRAVE_MORTALIDAD,2
3,2,10,0,4,1,-14.845198408970651,-74.83730733224083,0,3,2,0,2,2,2,1,4009.64548441429,2.0,2,0,1.0,6,28,718.9619491344239,0.5563774842369664,77.00938809632027,69.10246351364754,8.476961866273152,914.8835608305218,27932.19700214133,3721.461,698.1859999999996,744.866,2278.409,1102.9029999999996,2618.558,29.636290693359403,4,2,0,0,2,45.360844663079284,34.37864254349779,56.34304678266078,1.0,0.40237305072246765,0.0,0.5976269492775323,2,0,0.0,0.40237305072246765,0.0,0.40237305072246765,0.0,0.5976269492775323,1.0,0.0,0.40237305072246765,0.40237305072246765,20,2,2022,5,12,1,0,0,0,1,0,1,GRAVE_MORTALIDAD,2
5,1,10,1,2,3,-13.355451929368604,-75.34251078566074,0,2,1,0,3,2,2,1,6543.555,2.0,4,4,1.0,14,33,1198.0,0.756379130695294,80.56127689755826,81.31674118419836,11.590918602428827,1588.8103205143714,54420.74100280748,8429.72726871322,1627.3279437024225,1643.979521077382,5158.419803933415,2134.2549089916915,6295.472359721529,25.039390810027268,4,1,0,0,2,56.2717531410248,56.2717531410248,56.2717531410248,0.7019931428062446,0.2980068571937554,0.0,0.0,1,0,0.0,0.2980068571937554,0.0,0.7019931428062446,0.0,0.7019931428062446,0.2980068571937554,0.0,0.0,0.0,20,2,2022,6,18,4,0,1,0,1,0,1,GRAVE_MORTALIDAD,2
4,1,12,0,4,1,-8.42610381390183,-78.77982104181795,0,4,7,1,2,2,2,0,6543.555,3.0,2,0,1.0,0,30,1475.0,0.5051395598219868,77.13285387085847,51.52067479184955,6.715328807318118,900.900383457586,67612.41755888652,8931.828000000005,1335.5899999999997,1935.9830000000004,5660.255000000005,1219.309,7712.519000000005,13.651281686122925,3,2,0,0,1,29.426743640445117,27.366872972780754,31.48661430810948,1.0,0.37452193957533864,0.0,0.0,2,0,0.6254780604246614,0.37452193957533864,0.0,0.6254780604246614,0.0,0.6254780604246614,0.37452193957533864,0.0,1.0,0.6254780604246614,2,0,2022,7,13,5,0,0,0,1,1,1,GRAVE_MORTALIDAD,2
5,1,1,0,4,1,-10.459337520691966,-77.92393616872477,0,4,5,1,2,1,1,5,6543.555,3.0,2,0,1.0,0,30,1475.0,0.594329796273136,79.51274210494626,67.23963656911357,9.093808711905876,1004.1856289962402,25729.80728051392,10767.648,1885.0630000000003,1222.721,7659.864000000001,2100.343,8667.305000000002,19.506051832303577,6,1,0,0,5,25.23886059263057,23.690284851842357,26.787436333418782,1.0,0.0,0.0,1.0,1,0,0.0,0.15485757407882128,0.0,1.0,0.15485757407882128,0.8451424259211787,0.15485757407882128,0.0,1.0,0.0,12,2,2022,2,25,4,0,1,0,1,1,1,GRAVE_MORTALIDAD,2
2,1,20,0,4,1,-14.915617713176998,-70.40447671830692,0,4,7,1,2,2,2,2,1665.802302321801,2.0,2,0,1.0,6,23,346.96302778920017,0.3711204772036959,72.20755494711233,65.05853955848845,6.320739295559738,401.27269683858117,7959.46674303526,13642.312999999998,2020.7790000000005,2354.117,9267.416999999998,3314.0520000000006,10328.260999999997,24.29244952817019,3,1,0,1,1,49.71399704020354,49.71399704020354,49.71399704020354,1.0,0.0,0.0,0.627000164433137,1,0,0.0,0.0,0.0,1.0,0.0,0.0,1.0,0.0,0.0,0.0,9,1,2022,11,8,1,0,0,2,1,0,1,GRAVE_MORTALIDAD,2
6,1,10,0,4,1,-13.431643882224579,-76.18288868982876,0,4,7,1,2,2,2,2,205.54999999999995,-1.0,2,0,1.0,13,31,15.0,0.5935454717688132,79.82270610044196,65.40471106456853,9.554430232416086,978.9182940808604,5314.299785867237,3721.461,698.1859999999996,744.866,2278.409,1102.9029999999996,2618.558,29.636290693359403,2,1,0,0,1,36.71748148601699,36.71748148601699,36.71748148601699,1.0,0.20903703738592228,0.0,0.7909629626140777,1,0,0.0,0.7909629626140777,0.0,0.20903703738592228,0.0,0.20903703738592228,0.7909629626140777,0.0,0.0,0.0,12,2,2023,7,7,1,0,0,0,1,0,1,GRAVE_MORTALIDAD,2