CLASE SINIESTRO,CANTIDAD DE VEHICULOS DAÑADOS,DEPARTAMENTO,ZONA,TIPO DE VÍA,RED VIAL,COORDENADAS LATITUD,COORDENADAS  LONGITUD,CONDICIÓN CLIMÁTICA,ZONIFICACIÓN,CARACTERÍSTICAS DE VÍA,PERFIL LONGITUDINAL VÍA,SUPERFICIE DE CALZADA,¿EXISTE SEÑAL VERTICAL?,¿EXISTE SEÑAL HORIZONTAL?,CAUSA FACTOR PRINCIPAL,MTC_RVN_LONGITUD_KM,MTC_RVN_N_CARRILES_MEDIANA,MTC_RVN_SUPERFICIE_DOMINANTE,MTC_RVN_ESTADO_DOMINANTE,MTC_RVN_ES_CONCESIONADA,MTC_RVN_CONCESION_PRINCIPAL,MTC_RVN_CORREDOR_LOGISTICO,MTC_RVN_N_TRAMOS,IDH_2019,IDH_ESP_VIDA_2019,IDH_EDUC_SECUND_PCT_2019,IDH_ANIOS_EDUC_2019,IDH_INGRESO_PERCAP_2019,IDH_POBLACION_2019,MTC_DEP_RED_TOTAL_KM,MTC_DEP_NACIONAL_TOTAL_KM,MTC_DEP_DEPARTAMENTAL_TOTAL_KM,MTC_DEP_VECINAL_TOTAL_KM,MTC_DEP_PAV_TOTAL_KM,MTC_DEP_NO_PAV_TOTAL_KM,MTC_DEP_PCT_PAVIMENTADA,PER_TOTAL_PERSONAS,PER_N_CONDUCTORES,PER_N_CONDUCTORES_FUGADOS,PER_N_PEATONES,PER_N_PASAJEROS_OCUPANTES,PER_EDAD_COND_PROM,PER_EDAD_COND_MIN,PER_EDAD_COND_MAX,PER_ANY_COND_MASCULINO,PER_ANY_LIC_PROBLEMA,PER_ANY_DOSAJE_POS,PER_ANY_DOSAJE_EVALUADO,VEH_TOTAL,VEH_N_FUGADOS,VEH_ANY_FUGADO,VEH_ANY_CARGA,VEH_ANY_PUBLICO,VEH_ANY_PARTICULAR,VEH_ANY_MOTO,VEH_ANY_AUTO,VEH_ANY_CAMION_BUS,VEH_ANY_SOAT_PROBLEMA,VEH_ANY_CITV_PROBLEMA,VEH_ANY_SEGURO_PROBLEMA,HORA_NUM,FRANJA_HORARIA,ANIO,MES,DIA_MES,DIA_SEMANA,ES_FIN_SEMANA,ES_QUINCENA,REGION_NATURAL,TIENE_SEÑALIZACION,ES_VIA_MULTICARRIL,ES_DEPTO_BAJO_PAVIMENTO,CATEGORIA_SEVERIDAD,CATEGORIA_SEVERIDAD_ENC
6,1,8,0,4,1,-14.832568275960385,-72.7119167031926,0,4,2,0,2,1,0,2,2093.6157038347033,2.0,2,0,1.0,4,25,204.74048475248009,0.31555445747955796,68.44327183026104,57.49638282354795,5.687902975439332,317.7559060921614,2596.9626568817503,12971.858885755239,1870.6925466560474,1950.4981681921113,9150.66817090708,2737.462714180445,10234.396171574794,21.029350932221316,24,1,0,0,23,41.74112953717044,41.74112953717044,41.74112953717044,1.0,0.0,0.0,0.6957949669407455,1,0,0.0,0.0,0.6957949669407455,0.3042050330592545,0.0,0.0,1.0,0.0,0.0,0.0,7,0,2023,6,21,1,0,0,2,1,0,1,GRAVE_MORTALIDAD,2
5,0,14,2,3,1,-12.061607315395326,-76.96753931206663,0,1,7,1,2,2,2,2,6634.595616193332,2.0,2,0,1.0,9,31,1592.679294428673,0.6868549636939637,79.62363164345142,76.30894566128948,9.209137883551294,1425.4498631666322,684921.8484148846,7626.313,1683.4029999999998,1599.0829999999996,4343.827000000001,1814.875,5811.438000000001,23.797541485643197,2,1,0,1,0,37.94420883834611,37.72104419173054,38.111582323307786,1.0,0.0,0.0,0.05579116165389242,1,0,0.0,0.0,0.05579116165389242,0.9442088383461076,0.0,0.9442088383461076,0.05579116165389242,0.0,0.0,0.0,18,2,2023,2,22,3,0,0,0,1,0,1,GRAVE_MORTALIDAD,2
9,1,3,0,4,0,-15.85549567056645,-71.42928120312389,4,3,6,0,2,2,2,0,6543.555,2.0,4,4,1.0,14,33,1198.0,0.5325761945469989,81.34951653829121,50.97523181639888,6.867251361766504,964.6116839691138,2104.1584582441114,10322.272,1495.236,1749.739,7077.2970000000005,2886.595,7435.677000000001,27.964725207783708,2,1,0,0,1,33.93715355222213,24.977554840079332,42.89675226436493,1.0,0.0,0.0,0.0,1,0,0.0,0.0,0.0,1.0,1.0,0.0,0.9955109680158664,0.0,0.0,0.0,13,2,2024,4,6,4,0,0,0,1,0,1,GRAVE_MORTALIDAD,2
5,1,5,0,4,1,-10.589140733903246,-75.51518150663493,3,4,3,0,1,1,1,2,742.937464537602,2.0,3,0,0.5497231895584093,8,10,146.89501741205137,0.376695652444818,67.61245325797468,51.33906614788273,5.531217655235683,542.9724080680734,3050.2216167543756,16765.681825936816,1897.5763056542453,1803.5694830262457,13064.536037256325,2395.7558907172115,14369.925935219606,14.190568841937582,5,2,0,0,3,41.2251384052208,36.25138405220795,46.19889275823364,1.0,0.0,0.0,0.45027681044159074,2,0,0.0,1.0,0.0,1.0,0.0,1.0,1.0,0.0,1.0,0.0,3,0,2022,1,10,2,0,0,2,1,0,1,GRAVE_MORTALIDAD,2
3,2,12,0,4,1,-8.410504266979506,-78.80732041689964,0,4,7,1,2,2,2,2,6543.555,3.0,2,0,1.0,0,30,1475.0,0.5051395598219868,77.13285387085847,51.52067479184955,6.715328807318118,900.900383457586,67612.41755888652,8931.828000000005,1335.5899999999997,1935.9830000000004,5660.255000000005,1219.309,7712.519000000005,13.651281686122925,3,2,0,0,1,41.85855246736311,36.98987844145422,46.727226493272,1.0,0.7474696103635555,0.0,0.2525303896364445,2,0,0.0,1.0,0.0,0.2525303896364445,0.0,0.2525303896364445,1.0,0.0,1.0,0.0,6,0,2021,4,10,2,0,0,0,1,1,1,GRAVE_MORTALIDAD,2
4,1,7,0,3,2,-10.163898652422843,-76.81339150917061,0,3,7,0,1,1,1,2,6543.555,2.5571706296156758,2,1,1.0,6,31,1352.3362644035421,0.5370954652923834,80.2482114008107,72.87991695087324,8.439253076801377,756.3033124269746,27341.6937343203,8678.15009536975,1312.0584900871472,1653.508344243025,5712.583261039577,1313.7972740763848,7364.352821293365,15.195952189381222,4,1,0,0,2,29.650680425584056,26.029071333082165,33.272289518085955,1.0,0.44282937038432413,0.0,0.0,1,0,0.0,0.0,0.0,1.0,0.5571706296156759,1.0,0.0,0.0,0.5571706296156759,0.0,11,1,2024,1,16,5,0,0,0,1,0,1,GRAVE_MORTALIDAD,2
6,1,12,0,9,2,-8.252440108035481,-77.51952069050964,0,4,5,1,6,2,2,0,6543.555,2.0,4,4,1.0,14,33,1198.0,0.24853896851334417,79.3392483615685,35.71411913325658,4.239420228848922,224.80518810269956,6166.047204134567,8931.828000000005,1335.5899999999997,1935.9830000000004,5660.255000000005,1219.309,7712.519000000005,13.651281686122925,5,1,0,0,4,33.0,33.0,33.0,1.0,0.15273059003727618,0.0,0.0,1,0,0.0,0.15273059003727618,0.0,0.8472694099627238,0.0,0.0,1.0,0.0,0.0,0.0,4,0,2023,8,16,2,0,0,0,1,0,1,GRAVE_MORTALIDAD,2
4,1,3,1,4,1,-12.455007583328257,-75.05124988635441,0,3,0,0,2,1,1,1,7371.967387294087,2.2060056785520397,2,0,1.0,7,10,1255.063572958915,0.5100091937305887,69.65687855765036,70.0849674084732,8.86767540936416,785.7875847902213,35384.400014927254,12285.038637804379,1821.5521882217,1660.4603913404387,8803.02605824224,2406.056221575752,9878.982416228626,19.582796229926814,4,2,0,0,2,29.731728184313766,23.79399432144796,35.1201135710408,1.0,1.0,0.0,0.7939943214479601,2,0,0.0,0.20600567855203988,0.20600567855203988,0.7939943214479601,1.0,0.7939943214479601,0.20600567855203988,0.0,0.20600567855203988,1.0,17,1,2024,7,19,4,0,0,1,1,0,1,GRAVE_MORTALIDAD,2
3,1,12,0,4,1,-8.416506505887881,-78.78827073331976,0,4,7,1,2,2,2,1,6543.555,3.0,2,0,1.0,0,30,1475.0,0.5051395598219868,77.13285387085847,51.52067479184955,6.715328807318118,900.900383457586,67612.41755888652,8931.828000000005,1335.5899999999997,1935.9830000000004,5660.255000000005,1219.309,7712.519000000005,13.651281686122925,4,2,0,0,2,43.85029563967017,32.42514781983509,55.275443459505254,1.0,0.9520956516529238,0.0,0.0,2,0,0.04790434834707624,0.9520956516529238,0.0,1.0,0.0,1.0,0.9520956516529238,0.0,1.0,0.04790434834707624,18,1,2021,5,8,5,1,0,0,1,1,1,GRAVE_MORTALIDAD,2
4,2,14,0,4,1,-15.270717769626222,-71.27803278894363,0,4,0,0,1,2,2,2,7230.218033855987,2.0,2,1,1.0,10,14,1198.0,0.3081556386681627,73.968316838393,57.329352888819884,5.9579093716754095,264.1375101293322,1284.6436652938833,13312.897982501478,1947.0368443413954,2155.806479238262,9210.054658921821,3030.7557003096554,10282.142282191822,22.689187413364998,5,2,0,0,3,39.09689038533641,29.444254994375964,53.137087317642525,1.0,0.0,0.0,0.341865768798151,2,0,0.0,0.341865768798151,0.658134231201849,0.658134231201849,0.0,0.658134231201849,1.0,0.0,0.0,0.0,18,2,2022,6,19,4,0,1,2,1,0,1,GRAVE_MORTALIDAD,2
3,1,12,2,3,1,-8.11206509340209,-79.09376300878289,0,0,6,1,2,2,2,0,6543.555,2.985803659450305,2,0,1.0,0,30,1471.0676136677343,0.583006771156836,78.2441938961209,62.24037484511178,8.807312392374042,1028.2282118265089,76607.295503212,8931.828000000005,1335.5899999999997,1935.9830000000004,5660.255000000005,1219.309,7712.519000000005,13.651281686122925,4,1,0,0,2,43.7302695295558,29.929018297251524,57.531520761860065,1.0,0.9858036594503049,0.0,0.0,1,0,0.0,0.9858036594503049,0.9858036594503049,0.014196340549695097,0.9858036594503049,0.014196340549695097,0.9858036594503049,0.0,0.014196340549695097,0.9858036594503049,15,2,2023,9,19,3,0,0,0,1,0,1,GRAVE_MORTALIDAD,2
6,1,6,0,4,1,-13.742561038506349,-73.39217505416082,0,4,5,1,2,1,0,5,6711.942094409216,2.0,3,3,1.0,13,28,1198.0,0.5133407586814818,73.8508256035357,69.61480308611073,8.800825945764032,746.1240731888147,27684.938853959004,12834.246248150028,1839.8868699144875,1867.654240692636,9126.705137542904,2619.1161029050195,10215.130145245006,20.359590548902297,3,1,0,0,2,54.80383107588302,54.80383107588302,54.80383107588302,0.8386088875339622,0.0,0.0,0.8386088875339622,1,0,0.0,0.0,0.0,0.16139111246603777,0.0,0.16139111246603777,0.8386088875339622,0.0,0.8386088875339622,0.0,13,2,2023,6,9,4,0,0,2,1,0,1,GRAVE_MORTALIDAD,2
3,1,1,0,4,1,-9.50791360236414,-78.32826472528333,0,4,7,1,2,1,1,0,6543.555,3.0,2,0,1.0,0,30,1475.0,0.5873460606982213,78.04758132038613,65.8701248560095,8.596987164492063,1041.0659985770535,35482.29764453961,10767.648,1885.0630000000003,1222.721,7659.864000000001,2100.343,8667.305000000002,19.506051832303577,5,1,0,0,3,36.42571160244217,34.0,38.85142320488434,1.0,0.0,0.0,0.19142946585260967,1,0,0.0,0.8085705341473903,0.0,1.0,0.0,0.19142946585260967,0.8085705341473903,0.0,0.19142946585260967,0.0,5,0,2022,11,20,3,0,1,0,1,1,1,GRAVE_MORTALIDAD,2
6,1,8,0,4,2,-13.005079224789876,-74.69068886865972,0,4,5,0,5,2,2,0,6543.555,2.0,4,4,1.0,14,33,1198.0,0.3648777342527826,72.61386206398959,50.19709555656983,5.638488277525374,444.6393044914551,24733.083511777302,8511.426,1445.3929999999996,2008.516,5057.516999999999,1879.579,6631.846999999998,22.08300935706896,2,1,0,0,1,43.410476631133584,43.410476631133584,43.410476631133584,1.0,0.0,0.0,0.0,1,0,0.0,0.0,0.3179046737732836,0.6820953262267164,0.3179046737732836,0.6820953262267164,0.0,0.0,0.6820953262267164,0.0,17,2,2024,4,1,2,0,0,2,1,0,1,GRAVE_MORTALIDAD,2
3,1,14,0,4,1,-13.097598618427787,-76.41653619538313,0,4,7,0,2,2,2,0,6639.128701223981,2.0087772119479297,2,0,1.0,8,30,1614.762413115342,0.7070180700534351,79.51757583830027,82.74621805616107,10.490015743848112,1382.677488315509,60093.24832912928,7626.313,1683.4029999999998,1599.0829999999996,4343.827000000001,1814.875,5811.438000000001,23.797541485643197,3,2,0,0,1,58.83762157896331,51.8507873968852,65.8244557610414,1.0,0.0,0.0,0.008777211947929464,2,0,0.0,0.9912227880520705,0.008777211947929464,1.0,0.0,1.0,1.0,0.0,0.0,0.0,19,1,2022,8,22,4,0,1,0,1,0,1,GRAVE_MORTALIDAD,2
3,2,13,0,4,1,-14.766324685190517,-73.50537001889643,0,4,7,1,2,2,2,1,3259.6040973169593,1.3821329088259877,1,1,0.3821329088259878,9,21,611.0262633846885,0.6580540516727104,75.8341737940864,81.66245995983432,11.715950610661656,1140.123359169988,143327.28332377938,7512.545032792119,1203.5923102828897,1359.8137656611298,4949.138956848099,1947.8557992176743,5564.689233574443,27.594233124601594,3,1,0,0,2,60.34494628080737,57.096816555786475,63.593076005828266,1.0,0.0,0.0,0.0,2,0,0.0,0.6178670911740122,0.3821329088259878,1.0,0.0,1.0,1.0,0.3821329088259878,0.3821329088259878,0.3821329088259878,23,2,2023,7,15,1,0,0,0,1,0,1,GRAVE_MORTALIDAD,2
0,1,14,2,2,4,-11.986480835261311,-77.00943162419301,1,0,1,1,2,2,2,0,6543.555,2.0,4,4,1.0,14,33,1198.0,0.701053025277506,79.62867561460851,73.1469484600971,10.064317505194426,1464.6926161541437,1150285.0494171206,7626.313,1683.4029999999998,1599.0829999999996,4343.827000000001,1814.875,5811.438000000001,23.797541485643197,2,1,0,1,0,27.923521805615017,26.716284326964242,28.8289499146031,0.6981906303373063,0.0,0.0,0.0,1,0,0.0,0.30180936966269367,0.6981906303373063,0.0,0.6981906303373063,0.0,0.30180936966269367,0.30180936966269367,1.0,0.0,21,2,2023,9,5,3,0,0,0,1,0,1,GRAVE_MORTALIDAD,2
3,1,17,1,4,0,-10.587914711560487,-75.45118683011658,5,4,6,1,5,2,2,0,7712.9049214652,2.0,2,0,1.0,9,20,2098.0338139677747,0.4931117143189311,71.16206491070544,56.440336749338535,7.6876068888617075,829.9104964406723,18587.59250487651,3668.988677895793,562.7349140500041,902.575889671778,2203.677874174012,595.0843012902101,3073.904376605584,16.228390507544976,4,2,0,0,1,55.56095485613196,33.4210856355343,67.1121909712264,1.0,0.03739699040879729,0.0,0.0,2,0,0.0,1.0,0.9626030095912027,0.9626030095912027,1.0,0.0,0.9626030095912027,1.0,1.0,1.0,11,2,2022,4,19,3,0,1,1,1,0,1,GRAVE_MORTALIDAD,2
6,1,12,0,4,1,-14.554908322195548,-72.08339487015878,0,4,3,0,4,2,2,3,1722.6779078853888,1.5053652565059297,1,0,0.5053652565059297,7,26,358.0633519331226,0.3096241535712154,77.36270920640808,63.48487323568177,5.437610228525661,245.57812084091697,1241.6810630061732,13165.692853863984,1914.0838126546123,2067.187794089729,9184.421247119644,2904.159564665565,10261.533289198418,21.97274039877017,2,1,0,0,1,40.90342538289327,40.90342538289327,40.90342538289327,1.0,0.0,0.49463474349407033,0.49463474349407033,1,0,0.0,0.0,0.0,1.0,0.0,0.0,1.0,0.0,0.0,0.0,9,1,2021,7,8,3,0,0,2,1,0,1,GRAVE_MORTALIDAD,2
3,2,10,0,4,1,-13.952439394793089,-75.79516558039344,0,4,7,1,2,2,2,0,6639.975,2.0,2,0,1.0,9,31,1616.0,0.6053164595604621,78.88848309050202,67.63954639531094,9.133324993872453,1064.9426147896202,27932.19700214133,3721.461,698.1859999999996,744.866,2278.409,1102.9029999999996,2618.558,29.636290693359403,3,2,0,0,1,27.53634246306253,23.95453033075895,31.11815459536611,1.0,0.4030313112827366,0.0,0.0,2,0,0.4030313112827366,0.0,0.5969686887172634,1.0,1.0,0.0,0.5969686887172634,0.4030313112827366,0.4030313112827366,0.4030313112827366,11,0,2022,6,13,2,0,0,0,1,0,1,GRAVE_MORTALIDAD,2
6,1,7,0,4,1,-13.492334653596618,-72.64071480833658,1,4,0,0,1,2,2,1,4802.803471101173,1.6345564677415247,2,3,0.6345564677415247,12,32,939.2659791609994,0.3119595369774723,73.14609884745686,60.73215544670661,5.1721727301641245,285.2439449153729,14254.026937115284,17779.13499998999,2097.3709999899997,2863.123,12818.640999999989,2878.713,14900.421999989989,16.19152450331032,6,1,0,0,5,28.365443532258475,28.365443532258475,28.365443532258475,1.0,0.0,0.0,0.0,1,0,0.0,0.6345564677415247,0.0,0.0,0.0,0.0,1.0,0.0,0.0,0.0,16,2,2023,4,18,4,0,1,2,1,0,1,GRAVE_MORTALIDAD,2
6,1,8,0,4,1,-12.441065861075455,-74.86762828727294,0,4,7,1,5,1,1,0,6938.789493111448,2.0,3,2,1.0,12,22,1198.0,0.26842611809776995,69.63079384804408,48.11163591020358,4.257112919815166,262.0239579581247,3563.8676815736226,8511.426,1445.3929999999996,2008.516,5057.516999999999,1879.579,6631.846999999998,22.08300935706896,8,1,0,0,7,40.78813677805917,38.30339148928283,42.651695744641415,0.3788136778059168,0.3788136778059168,0.0,0.0,1,0,0.0,0.0,0.0,1.0,0.0,1.0,0.0,0.0,0.0,0.0,15,1,2024,4,9,4,0,0,2,1,0,1,GRAVE_MORTALIDAD,2
6,1,7,0,4,0,-14.860148811348475,-71.65941287419089,0,4,6,0,2,2,2,2,6543.555,2.0,4,4,1.0,14,33,1198.0,0.3088143733593208,70.8282078130017,69.66524242827958,3.8302653005541014,344.0579152592414,1851.299683708216,17779.13499998999,2097.3709999899997,2863.123,12818.640999999989,2878.713,14900.421999989989,16.19152450331032,2,1,0,0,1,23.6037331794834,23.6037331794834,23.6037331794834,0.8792533641033199,0.8792533641033199,0.0,0.8792533641033199,1,0,0.0,0.0,0.0,1.0,0.8792533641033199,0.0,0.12074663589668011,0.8792533641033199,0.8792533641033199,0.8792533641033199,2,0,2021,9,6,4,0,0,2,1,0,1,GRAVE_MORTALIDAD,2
6,1,11,0,4,1,-11.543481626276005,-75.88512663234025,0,4,0,0,2,0,1,1,7586.903,2.0,2,0,1.0,9,5,1198.0,0.6211711217784234,75.51508523355102,70.90101252241288,10.049671623026311,1128.403546167389,8996.89721627409,12264.545,1826.4639999999995,1105.5389999999998,9332.542,1588.5359999999996,10676.009,12.952261987705208,4,1,0,0,3,37.67751764577272,37.67751764577272,37.67751764577272,1.0,0.0,0.0,0.9769655461266226,1,0,0.0,0.0,0.0,1.0,0.0,1.0,0.0,0.9769655461266226,1.0,0.9769655461266226,16,2,2022,8,23,4,0,0,2,1,0,1,GRAVE_MORTALIDAD,2
3,2,10,1,4,1,-14.84684412799802,-74.97961344567018,0,3,7,1,2,1,0,1,6639.975,2.0,2,0,1.0,9,31,1616.0,0.5563774842369664,77.00938809632027,69.10246351364754,8.476961866273152,914.8835608305218,27932.19700214133,3721.461,698.1859999999996,744.866,2278.409,1102.9029999999996,2618.558,29.636290693359403,4,2,0,0,2,42.471877138072045,41.50454856446842,43.43920571167566,1.0,0.0,0.8130685705585531,1.0,2,0,0.0,0.18693142944144692,0.8130685705585531,1.0,0.0,0.18693142944144692,1.0,0.0,0.0,0.0,18,1,2021,5,18,5,1,1,0,1,0,1,GRAVE_MORTALIDAD,2
1,1,18,2,2,4,-15.378041093717734,-73.29061352878753,0,0,4,1,2,1,1,0,6543.555,2.0,4,4,1.0,14,33,1198.0,0.7592078424798088,78.33979251960612,77.98561056804526,12.270412051488517,1646.9787783648908,74487.12146087034,4866.1402212567555,1099.4263240905473,982.3819293594668,2784.331967806742,1400.9534548807537,3465.186766376002,32.96279777664785,3,1,0,1,0,46.3507545200588,35.22637012382352,56.92041294105877,0.44527402476470457,0.0,0.0,0.0,1,0,0.5547259752352954,0.0,0.44527402476470457,0.44527402476470457,0.0,0.44527402476470457,0.44527402476470457,0.0,0.0,0.5547259752352954,17,2,2022,7,10,5,0,0,0,1,0,1,GRAVE_MORTALIDAD,2
4,1,1,0,4,2,-8.899985430537397,-78.05076995115995,1,4,0,1,4,1,0,2,6543.555,2.488117543433735,3,2,1.0,7,31,1333.2085595311446,0.49906388497848314,77.31247091014416,60.09770901134743,7.548828247420009,758.8731962272172,15778.291141410731,10767.648,1885.0630000000003,1222.721,7659.864000000001,2100.343,8667.305000000002,19.506051832303577,3,1,0,0,2,33.63070702222892,28.26141404445783,39.0,1.0,0.4881175434337349,0.0,0.4881175434337349,1,0,0.0,0.0,0.0,1.0,0.4881175434337349,0.4881175434337349,0.5118824565662651,0.5118824565662651,0.4881175434337349,0.5118824565662651,12,0,2021,6,15,0,0,0,0,1,0,1,GRAVE_MORTALIDAD,2
6,1,5,0,4,1,-13.011281881562606,-74.86657325637307,2,4,1,0,2,1,0,4,1529.3033786223891,2.0,2,2,1.0,7,22,285.27698475704506,0.34210035329574795,77.82147519881738,47.48230329267271,5.319654994540711,472.6929829779815,4072.0424199417293,12601.305853852526,1809.0725867675906,1649.0674146236527,9143.165852461281,2317.722425990715,10283.58342786181,18.359492173305796,2,1,0,0,1,49.57882111920948,49.57882111920948,49.57882111920948,1.0,0.0,0.0,0.8130627972141201,1,0,0.0,0.0,0.0,1.0,0.0,0.18693720278587989,0.8130627972141201,0.0,0.0,0.0,3,0,2021,10,14,0,0,0,2,1,0,1,GRAVE_MORTALIDAD,2
6,1,12,0,4,3,-7.253592289137912,-77.66116482307703,0,4,7,1,6,2,2,0,6543.555,2.0,4,4,1.0,14,33,1198.0,0.3315868656969574,76.48537273782553,39.14354346350827,5.543360287854378,364.2422956646262,4369.593852311523,8931.828000000005,1335.5899999999997,1935.9830000000004,5660.255000000005,1219.309,7712.519000000005,13.651281686122925,2,1,0,0,1,51.72542332887666,51.72542332887666,51.72542332887666,1.0,0.9007704039053532,0.0,0.0,1,0,0.0,0.0,0.0,1.0,0.9007704039053532,0.0,0.09922959609464677,0.9007704039053532,0.0,0.9007704039053532,20,2,2023,9,5,6,1,0,0,1,0,1,GRAVE_MORTALIDAD,2
6,1,7,1,4,0,-13.55809471937735,-71.68208737683642,0,3,3,1,2,1,0,2,4669.522519697004,2.0,2,1,1.0,8,24,836.9031844597921,0.34559316393791495,69.68167256373188,65.08425196211923,5.382019485139258,389.7866317846928,17065.97074091324,17779.13499998999,2097.3709999899997,2863.123,12818.640999999989,2878.713,14900.421999989989,16.19152450331032,2,1,0,0,1,28.570335811872024,21.714067162374405,35.42660446136964,1.0,0.5713557207914682,0.0,0.0,1,0,0.0,0.0,0.0,1.0,1.0,0.5713557207914682,0.0,0.42864427920853176,0.42864427920853176,0.42864427920853176,17,2,2022,6,19,3,0,1,2,1,0,1,GRAVE_MORTALIDAD,2
4,1,5,0,4,1,-7.114164087216126,-78.49717514565963,2,4,3,0,2,1,0,0,5138.290159352489,1.628502170236204,2,3,0.6285021702362039,12,32,1201.714978297638,0.4873182795359782,74.24096566709692,64.6877883123536,6.6248391576573376,776.4319899416191,48280.91862955032,15935.565011852366,1733.9250000199986,935.692,13265.948011832368,2000.1670000199988,13935.398011832369,12.551591352627522,2,1,0,0,1,46.570043404724075,46.570043404724075,46.570043404724075,1.0,1.0,0.0,0.0,1,0,0.0,0.0,0.6285021702362039,0.3714978297637961,1.0,0.0,0.0,1.0,0.3714978297637961,0.3714978297637961,15,3,2021,7,20,3,0,0,2,1,0,1,GRAVE_MORTALIDAD,2
0,1,14,2,3,1,-11.861295184481714,-77.05699253153396,0,0,5,1,2,0,0,0,6543.555,2.7848443783759445,2,0,1.0,3,30,1415.4018928101366,0.6603811957589683,79.08660407587057,73.39068177027592,9.54106830687179,1280.2067525297898,377923.3643968424,7626.313,1683.4029999999998,1599.0829999999996,4343.827000000001,1814.875,5811.438000000001,23.797541485643197,3,1,0,1,0,30.90460089192475,29.29093372974433,32.518268054105164,1.0,0.0,0.0,0.0,1,0,0.0,0.21515562162405555,0.0,0.7848443783759445,0.7848443783759445,0.0,0.21515562162405555,0.21515562162405555,1.0,0.0,2,0,2023,8,29,3,0,1,0,1,0,1,GRAVE_MORTALIDAD,2
4,1,13,0,4,1,-10.232490546103922,-78.00929949869418,0,2,7,1,2,2,2,0,6604.055454799025,2.372532101233927,2,0,1.0,5,30,1563.4729737260163,0.6458057290134867,79.2949750711015,71.8203676413926,9.746347945797465,1227.629242204037,96279.14120738344,6074.112551292492,1248.1584723122521,1260.319071082422,3565.635007897818,1400.7981188364652,4673.314432456027,22.505769028449023,8,1,0,0,7,28.421458658020526,25.627467898766074,31.215449417274982,1.0,0.0,0.0,0.0,1,0,0.0,0.3725321012339272,0.0,1.0,0.0,0.3725321012339272,1.0,0.0,0.6274678987660728,0.0,10,1,2022,9,9,3,0,0,0,1,0,1,GRAVE_MORTALIDAD,2
6,1,12,0,4,1,-8.279403346089795,-77.43072404968915,1,4,0,1,6,1,1,2,1574.828692114471,1.0763351624503472,1,2,0.0,9,29,269.2902423115194,0.5542177926003206,73.60776764789975,55.509237661799446,7.774573896440401,1107.8746010402538,22997.89975140509,8832.17130039364,1362.1403618573422,1910.2656837704783,5559.765254765818,1264.7716273599035,7567.399673033736,14.425798076182733,4,1,0,0,3,37.99235711185452,37.99235711185452,37.99235711185452,1.0,0.07633516245034733,0.0,0.0,1,0,0.0,0.0,0.0,0.07633516245034733,0.07633516245034733,0.0,0.9236648375496527,0.07633516245034733,0.0,0.07633516245034733,12,2,2022,2,21,2,0,0,0,1,0,1,GRAVE_MORTALIDAD,2
3,1,3,1,4,1,-16.109576853840345,-71.62941518177547,4,3,0,0,2,0,1,0,1504.4250000000002,2.0,2,0,1.0,7,25,241.0,0.6005060748875158,78.21704200773246,77.40211893847457,8.994742794352394,996.014120858737,33335.45824411135,10322.272,1495.236,1749.739,7077.2970000000005,2886.595,7435.677000000001,27.964725207783708,4,2,0,0,1,36.66997582510309,29.012409344136625,46.98759065586337,1.0,0.0,0.0,0.00248186882732504,2,0,0.0,0.00248186882732504,0.0,1.0,0.0,1.0,1.0,0.0,0.997518131172675,0.0,13,2,2024,2,4,1,0,0,0,1,0,1,GRAVE_MORTALIDAD,2
6,1,20,0,4,1,-14.442411295809542,-70.22401216222542,0,4,0,0,2,2,2,2,1761.8385868644787,2.0,1,0,0.9675489232093243,6,22,412.4338307593007,0.3172669643286709,68.67571310944966,63.63468764682473,5.9815773021681045,286.38649399692247,8543.231502906854,13642.312999999998,2020.7790000000005,2354.117,9267.416999999998,3314.0520000000006,10328.260999999997,24.29244952817019,2,1,0,0,1,27.29205969111608,27.29205969111608,27.29205969111608,1.0,0.032451076790675715,0.0,0.0,1,0,0.0,0.0,0.0,1.0,0.0,0.032451076790675715,0.9675489232093243,0.0,0.032451076790675715,0.0,1,0,2022,6,1,2,0,0,2,1,0,1,GRAVE_MORTALIDAD,2