CLASE SINIESTRO,CANTIDAD DE VEHICULOS DAÑADOS,DEPARTAMENTO,ZONA,TIPO DE VÍA,RED VIAL,COORDENADAS LATITUD,COORDENADAS  LONGITUD,CONDICIÓN CLIMÁTICA,ZONIFICACIÓN,CARACTERÍSTICAS DE VÍA,PERFIL LONGITUDINAL VÍA,SUPERFICIE DE CALZADA,¿EXISTE SEÑAL VERTICAL?,¿EXISTE SEÑAL HORIZONTAL?,CAUSA FACTOR PRINCIPAL,MTC_RVN_LONGITUD_KM,MTC_RVN_N_CARRILES_MEDIANA,MTC_RVN_SUPERFICIE_DOMINANTE,MTC_RVN_ESTADO_DOMINANTE,MTC_RVN_ES_CONCESIONADA,MTC_RVN_CONCESION_PRINCIPAL,MTC_RVN_CORREDOR_LOGISTICO,MTC_RVN_N_TRAMOS,IDH_2019,IDH_ESP_VIDA_2019,IDH_EDUC_SECUND_PCT_2019,IDH_ANIOS_EDUC_2019,IDH_INGRESO_PERCAP_2019,IDH_POBLACION_2019,MTC_DEP_RED_TOTAL_KM,MTC_DEP_NACIONAL_TOTAL_KM,MTC_DEP_DEPARTAMENTAL_TOTAL_KM,MTC_DEP_VECINAL_TOTAL_KM,MTC_DEP_PAV_TOTAL_KM,MTC_DEP_NO_PAV_TOTAL_KM,MTC_DEP_PCT_PAVIMENTADA,PER_TOTAL_PERSONAS,PER_N_CONDUCTORES,PER_N_CONDUCTORES_FUGADOS,PER_N_PEATONES,PER_N_PASAJEROS_OCUPANTES,PER_EDAD_COND_PROM,PER_EDAD_COND_MIN,PER_EDAD_COND_MAX,PER_ANY_COND_MASCULINO,PER_ANY_LIC_PROBLEMA,PER_ANY_DOSAJE_POS,PER_ANY_DOSAJE_EVALUADO,VEH_TOTAL,VEH_N_FUGADOS,VEH_ANY_FUGADO,VEH_ANY_CARGA,VEH_ANY_PUBLICO,VEH_ANY_PARTICULAR,VEH_ANY_MOTO,VEH_ANY_AUTO,VEH_ANY_CAMION_BUS,VEH_ANY_SOAT_PROBLEMA,VEH_ANY_CITV_PROBLEMA,VEH_ANY_SEGURO_PROBLEMA,HORA_NUM,FRANJA_HORARIA,ANIO,MES,DIA_MES,DIA_SEMANA,ES_FIN_SEMANA,ES_QUINCENA,REGION_NATURAL,TIENE_SEÑALIZACION,ES_VIA_MULTICARRIL,ES_DEPTO_BAJO_PAVIMENTO,CATEGORIA_SEVERIDAD,CATEGORIA_SEVERIDAD_ENC
3,1,7,0,4,1,-14.888327140324767,-71.26221401518852,0,4,5,1,1,1,1,2,567.1459485165466,1.7644117717553225,4,2,0.0,9,3,126.6341179572342,0.35674635394372955,65.64286651451205,54.499197004029085,5.216048429097938,492.78894615545084,2462.8511660347376,17779.13499998999,2097.3709999899997,2863.123,12818.640999999989,2878.713,14900.421999989989,16.19152450331032,4,2,0,0,2,39.61529417404258,37.586470630531934,41.64411771755322,1.0,0.0,0.0,0.7644117717553225,2,0,0.0,0.7644117717553225,0.2355882282446775,1.0,0.0,0.7644117717553225,1.0,0.0,1.0,0.0,0,0,2024,3,6,5,1,0,2,1,0,1,GRAVE_MORTALIDAD,2
3,1,16,0,4,1,-8.417078389394216,-75.82743903138146,0,4,4,1,3,1,1,1,7705.137740887889,2.0,2,0,1.0,9,15,1842.8628467347628,0.47033130677008683,72.34950917636665,57.22344655055123,6.746873845863921,845.5034746468582,3556.306396532653,6534.566182922585,1010.6678503044752,1289.015968721983,4234.882363896126,1282.185645406642,5252.380537515942,19.233773905309846,4,1,0,0,2,62.96600749470793,56.75877153683321,69.17324345258265,1.0,0.0,0.6896928842083025,0.6896928842083025,1,0,0.0,0.0,0.6896928842083025,0.31030711579169745,0.6896928842083025,0.31030711579169745,0.6896928842083025,0.0,0.6896928842083025,0.6896928842083025,12,2,2021,10,17,4,0,1,1,1,0,1,GRAVE_MORTALIDAD,2
2,1,14,1,4,1,-12.052113511490703,-77.03275680280046,0,2,1,1,2,2,2,1,6543.555,3.0,2,0,1.0,0,30,1475.0,0.7127748324827209,80.11246751275682,76.53210286916885,10.585557281770502,1448.0166976263538,501726.541095871,7626.313,1683.4029999999998,1599.0829999999996,4343.827000000001,1814.875,5811.438000000001,23.797541485643197,4,1,0,3,0,37.96285926891106,36.56591791735368,39.35980062046844,1.0,0.0,0.0,0.0,1,0,0.0,0.3991261004449661,0.0,0.6008738995550339,0.0,0.6008738995550339,0.3991261004449661,0.0,0.6008738995550339,0.0,6,1,2021,4,14,3,0,0,0,1,1,1,GRAVE_MORTALIDAD,2
3,1,19,0,4,1,-5.870566388480349,-79.52296913905717,0,4,7,0,2,1,1,0,305.38500000000005,2.0,2,0,1.0,1,20,50.0,0.2117580020098525,65.37756662211437,42.30794939557186,3.975264599118591,171.62326554814578,38712.25053533191,8965.846000060003,1782.4120000599992,636.9959999999999,6546.438000000004,2214.505000059999,6751.341000000004,24.699342371541725,4,1,0,0,2,53.74501405743611,48.81968558173709,58.67034253313512,1.0,0.2422571575847674,0.0,0.7577428424152326,1,0,0.0,1.0,0.7577428424152326,0.0,0.0,0.0,1.0,0.0,0.2422571575847674,0.0,6,0,2022,1,15,2,0,0,0,1,0,1,GRAVE_MORTALIDAD,2
6,1,8,0,4,0,-13.292520962740497,-75.57967661175117,1,4,3,0,3,2,2,1,6543.555,2.0,4,4,1.0,14,33,1198.0,0.4033618709953491,69.10313123237549,50.97048928148066,7.304042648159713,533.9570639575701,866.9643042022753,8511.426,1445.3929999999996,2008.516,5057.516999999999,1879.579,6631.846999999998,22.08300935706896,3,1,0,0,2,37.61046398366594,37.61046398366594,37.61046398366594,1.0,0.0,0.0,0.0,1,0,0.0,0.0,0.0,1.0,0.0,0.7965120054446875,0.20348799455531252,0.20348799455531252,0.20348799455531252,0.20348799455531252,11,1,2021,4,20,2,0,1,2,1,0,1,GRAVE_MORTALIDAD,2
6,1,16,0,4,1,-16.791344675897513,-71.72833691811071,0,4,0,0,2,1,1,1,1964.8382325004106,1.9545538424175,1,0,0.9545538424175,9,32,430.03861842973754,0.7550021426150028,78.29112419623733,69.8088440681063,12.612363912880681,1680.0530628410702,3001.3654214490916,2992.554993289636,501.40816477416934,888.6014403809344,1602.5453881345327,869.9519438267023,2122.603049462934,29.14260407729716,2,1,0,0,1,38.999815466815,38.999815466815,38.999815466815,1.0,0.9545538424175,0.0,0.0,1,0,0.0,0.0,0.0,0.045446157582500035,0.0,1.0,0.0,0.0,0.0,0.0,18,1,2021,4,28,3,0,1,0,1,0,1,GRAVE_MORTALIDAD,2
5,1,5,0,4,2,-6.646317778908699,-78.54677085462828,0,4,0,0,2,1,1,2,6820.041919155388,2.0,3,3,1.0,13,32,1412.451141507997,0.3484871558022944,76.33677469666252,53.28672218475212,4.131981838863427,447.1658531581213,76209.5845824411,15935.565011852366,1733.9250000199986,935.692,13265.948011832368,2000.1670000199988,13935.398011832369,12.551591352627522,3,1,0,0,1,40.28895365818087,39.7186048775745,40.85930243878725,1.0,1.0,0.0,1.0,1,0,0.0,0.08147839722948214,0.9185216027705179,0.08147839722948214,1.0,0.0,0.08147839722948214,1.0,1.0,1.0,18,2,2024,7,17,5,0,1,2,1,0,1,GRAVE_MORTALIDAD,2
3,1,16,0,4,1,-12.815229940984537,-69.20523945900571,5,4,6,1,5,1,1,0,3200.767943459193,2.0,2,0,1.0,5,18,557.8702973264607,0.5271312889366115,74.10128747102236,58.41192844695523,8.091297700085699,903.2442436308573,9019.440288365773,2116.7153062044276,410.29763991696285,346.94487509779935,1359.4727911896648,520.8389549916701,1595.8763512127568,24.408116971578636,4,2,0,0,2,30.49216791649948,23.046992501003118,38.0,1.0,1.0,0.0,0.0,2,0,0.0,0.0,0.0,1.0,0.9530074989968825,0.04699250100311747,0.04699250100311747,0.0,0.04699250100311747,0.0,17,2,2021,6,6,5,0,0,0,1,0,1,GRAVE_MORTALIDAD,2
6,1,16,0,4,2,-6.046069245097535,-79.1906724295979,0,4,7,1,1,2,2,0,6543.555,2.0,4,4,1.0,14,33,1198.0,0.4145706296837709,69.30672013373004,64.55034306302895,6.410105155959909,578.6276207665292,28721.54665218163,8954.320258670721,1631.022888100149,1077.109710495417,6246.187660075155,1877.319636190612,7077.000622480109,20.95611554784125,5,1,0,0,4,33.80913856172605,33.80913856172605,33.80913856172605,1.0,0.33881302160484816,0.0,0.6611869783951518,1,0,0.0,0.33881302160484816,0.0,0.6611869783951518,0.0,0.0,1.0,0.0,0.6611869783951518,0.0,3,0,2024,1,4,4,0,0,0,1,0,1,GRAVE_MORTALIDAD,2
4,1,20,2,4,4,-15.83112136143827,-70.02986432027033,2,0,4,0,2,2,2,2,6543.555,2.0,4,4,1.0,14,33,1198.0,0.6488901960567479,69.67312345830231,82.12448375199249,11.701623814093702,1230.336353415943,144745.3597430407,13642.312999999998,2020.7790000000005,2354.117,9267.416999999998,3314.0520000000006,10328.260999999997,24.29244952817019,5,1,0,1,2,42.948514463215936,36.87128615803984,49.025742768392035,1.0,0.0,0.0,0.0,1,0,0.0,0.40514855367840663,0.5948514463215934,0.40514855367840663,0.0,0.40514855367840663,1.0,0.5948514463215934,0.5948514463215934,0.5948514463215934,10,1,2022,5,11,4,0,0,2,1,0,1,GRAVE_MORTALIDAD,2
5,1,20,0,4,1,-16.750860245462622,-69.80859650194779,0,4,5,0,2,2,2,2,1529.105,2.0,2,0,1.0,9,21,200.0,0.3367238884705214,79.36896456880557,60.06171049206615,6.384918376891411,270.8405155620205,5778.8501070663815,13642.312999999998,2020.7790000000005,2354.117,9267.416999999998,3314.0520000000006,10328.260999999997,24.29244952817019,6,1,0,0,5,38.1704360399783,37.21437790131453,39.126494178642076,0.23901453466594336,0.7609854653340566,0.0,0.0,1,0,0.0,0.0,0.0,1.0,0.23901453466594336,0.7609854653340566,0.23901453466594336,0.0,0.0,0.23901453466594336,9,1,2022,9,27,5,1,1,2,1,0,1,GRAVE_MORTALIDAD,2
3,2,19,0,4,0,-8.015915876208224,-77.92459013255265,0,4,7,0,2,2,2,2,6543.555,2.3711271030118244,3,2,1.0,8,31,1300.8022075342753,0.5927818022194574,75.17078181754086,76.33762699859261,9.881195449748622,968.2558288270685,11006.96432513841,2686.945751593908,406.4449167543223,679.494013287107,1601.0068215524793,474.37897560197007,2212.5667759919384,20.291860596185526,4,2,0,0,2,40.541199066565035,33.030983175905405,48.051414957224665,1.0,0.3711271030118245,0.0,1.0,2,0,0.0,0.3711271030118245,0.0,1.0,0.3711271030118245,0.0,1.0,0.0,1.0,0.0,9,1,2024,1,14,3,0,0,1,1,0,1,GRAVE_MORTALIDAD,2
4,1,5,1,3,2,-11.401451781348175,-75.59080153661924,1,2,7,0,1,1,0,2,6543.555,2.359619253355759,3,2,1.0,8,31,1297.614533179545,0.5104344085168514,79.66086981437181,72.27585102163704,7.865913276792856,692.7502143649965,27247.001479670078,8564.981406619621,1301.5608075040716,1527.4930870460917,5735.927512069458,1355.9496014344681,7209.031805185153,15.885047818973131,4,1,0,0,3,24.810671707216095,22.473146560403663,27.148196854028527,1.0,0.640380746644241,0.0,0.0,1,0,0.0,0.0,0.0,1.0,0.35961925335575895,1.0,0.0,0.0,0.35961925335575895,0.0,7,0,2024,2,10,4,0,0,1,1,0,1,GRAVE_MORTALIDAD,2
3,2,20,1,4,1,-17.35284351481721,-71.08692647068891,5,3,1,0,2,0,1,1,931.9917832991631,2.0,2,0,0.14949577167140293,9,30,383.0403382662878,0.6296444700315806,76.87088396225818,75.29391359490488,10.205027006187906,1104.44846879432,17218.497333597723,2810.6653774294173,640.7659080328511,525.8569086842447,1644.0425607123207,1073.8149048869334,1736.8504725424832,38.72255370429985,4,2,0,0,1,35.65453805495737,26.149495771671404,51.96361416487212,1.0,0.14949577167140293,0.0,0.8505042283285971,2,0,0.0,1.0,0.0,0.8505042283285971,0.0,0.8505042283285971,1.0,0.0,0.0,0.0,6,0,2021,10,17,4,0,1,0,1,0,1,GRAVE_MORTALIDAD,2
6,1,7,0,4,1,-13.565827037615948,-72.07309623735125,0,4,1,1,2,1,1,2,3015.6642267299244,1.0,1,3,0.0,9,17,948.5980771304498,0.45101124412607313,74.16459978107478,61.49251778334415,6.845367937952139,626.3654842787283,3751.525933267559,17779.13499998999,2097.3709999899997,2863.123,12818.640999999989,2878.713,14900.421999989989,16.19152450331032,16,1,0,0,15,25.259130731614782,25.259130731614782,25.259130731614782,1.0,0.0,0.0,1.0,1,0,0.0,0.0,0.0,0.2591307316147822,0.0,0.2591307316147822,0.7408692683852178,0.2591307316147822,0.2591307316147822,0.0,10,1,2021,10,9,5,1,0,2,1,0,1,GRAVE_MORTALIDAD,2
4,1,12,0,4,2,-7.849275425170303,-78.09909483765034,0,4,3,0,1,2,2,0,8095.776151460247,2.0,3,2,1.0,11,32,2401.9470034256046,0.2738893756348044,77.69267158872064,39.80088759116444,4.065764695737007,362.127209717659,13563.234808118776,8931.828000000005,1335.5899999999997,1935.9830000000004,5660.255000000005,1219.309,7712.519000000005,13.651281686122925,6,1,0,0,4,29.116840057306398,29.116840057306398,29.116840057306398,1.0,0.0,0.0,0.0,1,0,0.0,0.0,0.0,1.0,0.0,0.0,1.0,0.0,0.5425733269659556,0.0,7,1,2022,6,4,3,0,0,0,1,0,1,GRAVE_MORTALIDAD,2
4,1,19,0,4,1,-5.151015541045091,-80.69633135640417,0,4,7,1,2,2,2,1,6543.555,3.0,2,0,1.0,0,30,1475.0,0.5997462042553465,78.40793944726823,72.26811532412637,9.714064362322326,976.3169831713308,183875.0,8965.846000060003,1782.4120000599992,636.9959999999999,6546.438000000004,2214.505000059999,6751.341000000004,24.699342371541725,5,2,0,0,3,45.28755369515547,27.03923968986674,63.5358677004442,1.0,0.0,0.0,1.0,2,0,0.0,1.0,0.0,1.0,0.0,0.3464132299555801,1.0,0.0,0.3464132299555801,0.0,5,0,2022,4,4,1,0,0,0,1,1,1,GRAVE_MORTALIDAD,2
3,2,12,0,4,1,-7.964823553512723,-78.50134278760544,0,4,7,1,1,2,2,0,9007.184770453898,2.273988781543018,2,0,1.0,6,31,3184.7564194661923,0.4704655543465087,76.97979733180682,49.36269141598838,6.87066600451236,748.7601248582404,13823.899335760148,8931.828000000005,1335.5899999999997,1935.9830000000004,5660.255000000005,1219.309,7712.519000000005,13.651281686122925,7,2,1,0,5,36.46589903388716,36.46589903388716,36.46589903388716,1.0,0.0,0.0,0.0,2,0,0.0,0.0,0.2739887815430181,1.0,0.0,0.2739887815430181,1.0,0.0,0.2739887815430181,0.0,12,3,2023,10,7,3,0,0,0,1,0,1,GRAVE_MORTALIDAD,2
8,1,14,0,4,1,-10.945647862970002,-76.93343442247195,1,4,5,0,4,1,0,0,883.5769198904438,-1.0,0,0,0.5930561899673576,9,21,260.2942896479648,0.4929923265350748,77.11493963978202,68.19029380864808,7.690637343621597,684.3218925654055,732.5889727107265,7626.313,1683.4029999999998,1599.0829999999996,4343.827000000001,1814.875,5811.438000000001,23.797541485643197,4,1,0,0,3,50.744449519738865,50.744449519738865,50.744449519738865,1.0,0.0,0.0,0.5930561899673576,1,0,0.0,0.40694381003264235,0.0,0.5930561899673576,0.0,0.0,1.0,0.0,0.0,0.0,6,1,2021,5,8,1,0,0,0,1,0,1,GRAVE_MORTALIDAD,2
3,1,3,0,4,1,-15.92183614485749,-71.1863179090863,0,4,7,1,2,0,1,0,1504.4250000000002,2.0,2,0,1.0,7,25,241.0,0.4498224071382834,81.63336343193146,58.84842497065013,5.774685730039019,620.6584683449911,1358.612419700214,10322.272,1495.236,1749.739,7077.2970000000005,2886.595,7435.677000000001,27.964725207783708,16,2,0,0,13,42.320022844125525,24.48922725474992,57.704682159751535,1.0,0.5107727452500808,0.0,0.48922725474991924,2,0,0.0,1.0,1.0,0.0,0.0,0.5107727452500808,1.0,0.0,0.0,0.0,5,0,2022,7,6,6,1,0,0,1,0,1,GRAVE_MORTALIDAD,2
6,1,7,0,4,1,-13.098053869654946,-72.37784005041138,0,4,0,0,2,2,2,2,3447.8009999999995,1.0,2,3,0.0,9,12,1109.0,0.4706944943299555,76.79406176595778,61.64424635983724,7.141255198110581,653.4175319142125,3282.6252676659524,17779.13499998999,2097.3709999899997,2863.123,12818.640999999989,2878.713,14900.421999989989,16.19152450331032,18,1,0,0,17,28.46695615022563,28.46695615022563,28.46695615022563,1.0,0.0,0.0,0.8666555326836296,1,0,0.0,0.0,0.0,0.0,0.0,0.1333444673163704,0.8666555326836296,0.0,0.0,0.0,7,0,2021,8,9,4,0,0,2,1,0,1,GRAVE_MORTALIDAD,2
6,1,7,0,4,1,-13.108376863668168,-72.35992928606125,0,4,0,0,2,1,1,2,3447.8009999999995,1.0,2,3,0.0,9,12,1109.0,0.4706944943299555,76.79406176595778,61.64424635983724,7.141255198110581,653.4175319142125,3282.6252676659524,17779.13499998999,2097.3709999899997,2863.123,12818.640999999989,2878.713,14900.421999989989,16.19152450331032,21,1,0,0,20,30.335974084825356,30.335974084825356,30.335974084825356,1.0,0.0,0.0,1.0,1,0,0.0,0.0,0.0,0.0,0.0,0.0,1.0,0.0,0.0,0.0,10,1,2021,9,11,5,1,0,2,1,0,1,GRAVE_MORTALIDAD,2
5,1,7,0,4,1,-14.454297614362938,-71.41118001234321,0,4,7,1,2,0,0,2,2266.6006661613455,1.0,1,3,0.0,9,26,670.5582459966618,0.3779892171986289,69.3471147359908,60.129081701739054,5.741271756556361,487.59493412002416,5210.406202198883,17779.13499998999,2097.3709999899997,2863.123,12818.640999999989,2878.713,14900.421999989989,16.19152450331032,3,1,0,0,1,27.45846725360793,27.45846725360793,27.45846725360793,1.0,0.0,0.0,0.708306549278414,1,0,0.29169345072158603,0.0,0.0,1.0,0.29169345072158603,0.708306549278414,0.0,1.0,0.708306549278414,0.29169345072158603,19,2,2021,10,6,4,0,0,2,1,0,1,GRAVE_MORTALIDAD,2
3,3,10,2,4,1,-14.084260321705717,-75.71691297959339,0,3,6,0,2,1,1,0,250.5884567688811,-0.772928701157674,2,0,0.924309567052558,12,31,43.76236452002797,0.5348132841632508,76.80086736115635,65.28360065871829,9.696455578830456,763.4572202239159,13020.488541805065,3640.4049479513465,693.0759118004189,725.375335063869,2221.9537010870586,1100.3143115027642,2540.0906364485822,30.444920631065834,3,3,0,0,0,39.772928701157674,26.0,50.45414259768465,1.0,0.0,0.0,0.07569043294744204,3,0,0.0,1.0,0.0,1.0,0.0,1.0,1.0,0.0,0.0,0.0,4,0,2023,10,2,2,0,0,0,1,0,1,GRAVE_MORTALIDAD,2
3,1,9,0,4,1,-12.278090629806492,-75.0353828734474,0,4,6,0,1,2,2,2,7346.529560570011,2.0,2,0,1.0,10,11,1198.0,0.4751810992909281,71.23769875093595,60.04255290978654,7.893792936739166,735.3638058745103,5099.36586847435,12359.968381393965,1821.5360297835357,1259.55131649627,9278.881035114156,1795.1557232802015,10564.812658113762,14.484435880195322,5,1,0,0,3,59.62514069565982,52.31381376982577,66.93646762149388,1.0,0.23038663938588944,0.0,1.0,1,0,0.0,0.0,0.7696133606141106,0.0,0.7696133606141106,0.0,1.0,0.23038663938588944,1.0,0.7696133606141106,12,2,2022,5,13,1,0,0,2,1,0,1,GRAVE_MORTALIDAD,2
5,1,12,0,4,1,-10.99675619292012,-76.49107670762719,0,4,7,0,2,2,2,0,990.8088810932238,-0.4215121943606637,0,0,0.0,9,32,312.4419510977062,0.48970423573541266,71.25859571778605,59.07377382895114,6.815944538415481,874.4050920832871,1547.602969794411,7882.326538556425,1614.5600586898904,1717.5089988631648,4550.257481003369,1833.5902374880438,6048.736301068381,23.301623521264673,5,1,0,0,4,28.615548785245853,27.892439028196684,29.338658542295022,1.0,0.7107560971803318,0.0,0.0,1,0,0.0,0.0,0.0,1.0,0.0,1.0,0.0,0.0,0.0,0.0,9,1,2022,6,18,4,0,1,0,1,0,1,GRAVE_MORTALIDAD,2
6,1,1,0,4,2,-8.983006853878448,-77.615464545342,0,4,6,0,4,1,1,1,6543.555,2.0,4,4,1.0,14,33,1198.0,0.29019251033992444,79.41991746586811,49.92711276457731,4.360542813693144,262.6212665317698,1389.9045515042415,10767.648,1885.0630000000003,1222.721,7659.864000000001,2100.343,8667.305000000002,19.506051832303577,3,1,0,0,2,47.5500219672276,47.5500219672276,47.5500219672276,1.0,0.6306458699105677,0.0,0.0,1,0,0.0,0.0,0.0,1.0,0.0,1.0,0.0,0.0,0.3693541300894323,0.0,9,0,2021,6,25,2,0,1,0,1,0,1,GRAVE_MORTALIDAD,2
6,1,8,0,4,2,-12.8883540635764,-74.93378326950496,0,4,2,1,1,2,2,3,6543.555,2.0,4,4,1.0,14,33,1198.0,0.6115577679846016,69.4715106582134,81.41341310644326,10.846605635197736,1091.214473177582,41539.0278372591,8511.426,1445.3929999999996,2008.516,5057.516999999999,1879.579,6631.846999999998,22.08300935706896,4,1,0,0,3,28.690058090996903,28.690058090996903,28.690058090996903,1.0,0.0,0.0,0.0,1,0,0.0,0.0,0.0,1.0,0.0,0.336257261374613,0.663742738625387,0.0,0.663742738625387,0.0,8,1,2023,8,21,0,0,1,2,1,0,1,GRAVE_MORTALIDAD,2
3,1,20,0,4,1,-5.9007288378076,-77.698976744458,0,4,7,1,2,2,2,1,7614.700483901626,2.1182383924721404,2,0,1.0,7,21,2055.1991377533313,0.46821669763079027,73.70316169877988,53.617790191619626,6.120499352581716,811.9315736122123,47712.22454232218,5386.732496363723,779.6028269208631,932.7150461864522,3674.4146232564076,976.7460681756203,4409.986428188102,18.233032596527543,4,2,0,0,2,28.810674989219933,25.074198204275653,32.54715177416421,1.0,0.0,0.0,0.0,2,0,0.0,0.0,0.11823839247214052,1.0,0.8817616075278595,0.0,0.11823839247214052,0.8817616075278595,0.8817616075278595,0.8817616075278595,18,1,2024,8,5,3,0,0,0,1,0,1,GRAVE_MORTALIDAD,2
3,2,3,0,4,1,-16.053805043621864,-71.34018889901868,0,4,0,0,2,0,1,0,1504.4250000000002,2.0,2,0,1.0,7,25,241.0,0.4685280505645348,81.83746865987648,70.74305753660312,6.037751599761188,617.4715908037651,1751.8736616702354,10322.272,1495.236,1749.739,7077.2970000000005,2886.595,7435.677000000001,27.964725207783708,4,2,0,0,2,44.17761648745643,43.63156169995021,44.723671274962655,1.0,0.0,0.0,0.0,2,0,0.0,1.0,0.0,0.9539452124937761,0.0,0.0,1.0,0.0,0.9539452124937761,0.0,11,1,2022,8,3,4,0,0,0,1,0,1,GRAVE_MORTALIDAD,2
6,0,11,0,4,1,-11.810433653265076,-75.62161790473519,0,4,6,1,2,0,1,2,7586.903,2.0,2,0,1.0,9,5,1198.0,0.45751410195054076,68.72514955651697,56.34988489833644,7.172586040889218,737.1592093495182,1346.946407856085,12264.545,1826.4639999999995,1105.5389999999998,9332.542,1588.5359999999996,10676.009,12.952261987705208,2,1,0,0,1,24.73114244018953,24.73114244018953,24.73114244018953,1.0,0.0,0.0,0.0,1,0,0.0,0.0,0.0,1.0,0.0,1.0,0.0,0.0,0.0,0.0,5,0,2021,11,25,5,0,1,2,1,0,1,GRAVE_MORTALIDAD,2
4,1,8,0,4,1,-13.390249620208795,-74.95721492458888,0,4,7,1,2,1,1,1,797.3275488880099,1.4227839269910498,1,3,0.42278392699104983,9,28,154.53393170351185,0.2997946406100768,72.83003345209801,46.42647217987546,4.997510303405721,292.6881439974165,3327.8779443254816,8511.426,1445.3929999999996,2008.516,5057.516999999999,1879.579,6631.846999999998,22.08300935706896,8,1,0,0,6,31.80505534291945,31.80505534291945,31.80505534291945,1.0,0.5772160730089502,0.0,0.5772160730089502,1,0,0.0,0.0,0.0,1.0,0.0,1.0,0.5772160730089502,0.0,0.0,0.0,4,0,2022,4,18,5,1,0,2,1,0,1,GRAVE_MORTALIDAD,2
5,1,5,0,4,1,-6.623475909343644,-78.47344634591525,0,4,0,0,1,1,1,4,7649.667403551102,2.0,3,2,1.0,12,32,2055.932332937514,0.3484871558022944,76.33677469666252,53.28672218475212,4.131981838863427,447.1658531581213,76209.5845824411,15935.565011852366,1733.9250000199986,935.692,13265.948011832368,2000.1670000199988,13935.398011832369,12.551591352627522,2,1,0,0,1,31.784605878799308,29.502870950774003,34.06634080682461,1.0,0.32596213257504325,0.0,0.32596213257504325,1,0,0.0,1.0,0.0,0.32596213257504325,0.32596213257504325,0.0,1.0,0.32596213257504325,0.32596213257504325,0.32596213257504325,21,2,2021,8,10,1,0,0,2,1,0,1,GRAVE_MORTALIDAD,2
3,1,7,0,4,1,-14.737560863477256,-71.31604801239605,0,4,6,1,1,1,1,2,566.7464053600208,1.983339528755784,4,2,0.0,9,3,136.2669392652545,0.33799808797855324,64.81414564464104,51.76702145974525,4.926107711828362,460.0421903487226,2823.3257970511486,17779.13499998999,2097.3709999899997,2863.123,12818.640999999989,2878.713,14900.421999989989,16.19152450331032,4,2,0,0,2,41.450018586267355,38.93335811502314,43.96667905751157,1.0,0.0,0.0,1.0,2,0,0.0,0.983339528755784,0.0,1.0,0.0,1.0,1.0,0.0,1.0,0.0,0,0,2024,1,4,4,0,0,2,1,0,1,GRAVE_MORTALIDAD,2
4,2,4,0,4,1,-13.070300152172099,-74.15463838783967,0,4,0,0,2,1,1,4,2848.473425112467,1.3389447753484487,2,3,0.3389447753484487,9,16,839.8778483733317,0.22308757720446076,75.64166280979454,47.609791498107306,3.454050048365009,172.88340103037217,16911.559534200747,12678.733000000004,1805.074000000001,1774.0339999999994,9099.625000000004,2485.375000000001,10193.358000000002,19.602707936195205,15,2,0,0,13,39.203517415505175,29.067337304181386,45.59371792047017,1.0,0.6610552246515513,0.0,1.0,2,0,0.0,0.0,0.3389447753484487,0.6610552246515513,0.6610552246515513,0.6610552246515513,1.0,0.0,0.6610552246515513,0.0,5,0,2021,8,6,1,0,0,2,1,0,1,GRAVE_MORTALIDAD,2
3,1,1,0,4,1,-9.73857543332246,-78.25780044502143,0,4,1,1,2,0,0,0,6543.555,3.0,2,0,1.0,0,30,1475.0,0.5873460606982213,78.04758132038613,65.8701248560095,8.596987164492063,1041.0659985770535,35482.29764453961,10767.648,1885.0630000000003,1222.721,7659.864000000001,2100.343,8667.305000000002,19.506051832303577,5,2,0,0,2,37.44786099953292,25.24773746272414,47.526223921244515,1.0,0.795660230661442,0.0,0.20433976933855802,2,0,0.0,0.795660230661442,0.795660230661442,0.20433976933855802,0.795660230661442,0.20433976933855802,0.795660230661442,0.0,1.0,0.795660230661442,3,0,2022,6,8,2,0,0,0,1,1,1,GRAVE_MORTALIDAD,2
3,1,12,0,4,1,-7.870334007227299,-78.11054110986734,0,4,7,1,1,2,2,2,9936.932,2.0,2,0,1.0,9,32,3830.0,0.3986882084754764,72.97869269132666,58.65435142755623,5.605762371496486,527.7120199980477,69564.29978586723,8931.828000000005,1335.5899999999997,1935.9830000000004,5660.255000000005,1219.309,7712.519000000005,13.651281686122925,4,1,0,0,2,24.461258513103807,17.5423808165467,31.38013620966091,1.0,0.9225170262076141,0.0,0.07748297379238589,1,0,0.0,0.0,1.0,0.9225170262076141,1.0,0.0,0.9225170262076141,0.07748297379238589,0.0,1.0,10,1,2021,11,17,3,0,1,0,1,0,1,GRAVE_MORTALIDAD,2