CLASE SINIESTRO,CANTIDAD DE VEHICULOS DAÑADOS,DEPARTAMENTO,ZONA,TIPO DE VÍA,RED VIAL,COORDENADAS LATITUD,COORDENADAS  LONGITUD,CONDICIÓN CLIMÁTICA,ZONIFICACIÓN,CARACTERÍSTICAS DE VÍA,PERFIL LONGITUDINAL VÍA,SUPERFICIE DE CALZADA,¿EXISTE SEÑAL VERTICAL?,¿EXISTE SEÑAL HORIZONTAL?,CAUSA FACTOR PRINCIPAL,MTC_RVN_LONGITUD_KM,MTC_RVN_N_CARRILES_MEDIANA,MTC_RVN_SUPERFICIE_DOMINANTE,MTC_RVN_ESTADO_DOMINANTE,MTC_RVN_ES_CONCESIONADA,MTC_RVN_CONCESION_PRINCIPAL,MTC_RVN_CORREDOR_LOGISTICO,MTC_RVN_N_TRAMOS,IDH_2019,IDH_ESP_VIDA_2019,IDH_EDUC_SECUND_PCT_2019,IDH_ANIOS_EDUC_2019,IDH_INGRESO_PERCAP_2019,IDH_POBLACION_2019,MTC_DEP_RED_TOTAL_KM,MTC_DEP_NACIONAL_TOTAL_KM,MTC_DEP_DEPARTAMENTAL_TOTAL_KM,MTC_DEP_VECINAL_TOTAL_KM,MTC_DEP_PAV_TOTAL_KM,MTC_DEP_NO_PAV_TOTAL_KM,MTC_DEP_PCT_PAVIMENTADA,PER_TOTAL_PERSONAS,PER_N_CONDUCTORES,PER_N_CONDUCTORES_FUGADOS,PER_N_PEATONES,PER_N_PASAJEROS_OCUPANTES,PER_EDAD_COND_PROM,PER_EDAD_COND_MIN,PER_EDAD_COND_MAX,PER_ANY_COND_MASCULINO,PER_ANY_LIC_PROBLEMA,PER_ANY_DOSAJE_POS,PER_ANY_DOSAJE_EVALUADO,VEH_TOTAL,VEH_N_FUGADOS,VEH_ANY_FUGADO,VEH_ANY_CARGA,VEH_ANY_PUBLICO,VEH_ANY_PARTICULAR,VEH_ANY_MOTO,VEH_ANY_AUTO,VEH_ANY_CAMION_BUS,VEH_ANY_SOAT_PROBLEMA,VEH_ANY_CITV_PROBLEMA,VEH_ANY_SEGURO_PROBLEMA,HORA_NUM,FRANJA_HORARIA,ANIO,MES,DIA_MES,DIA_SEMANA,ES_FIN_SEMANA,ES_QUINCENA,REGION_NATURAL,TIENE_SEÑALIZACION,ES_VIA_MULTICARRIL,ES_DEPTO_BAJO_PAVIMENTO,CATEGORIA_SEVERIDAD,CATEGORIA_SEVERIDAD_ENC
4,1,5,0,4,2,-9.0716051856874,-76.71645032548982,1,4,0,0,1,2,2,2,6543.555,2.0,4,4,1.0,14,33,1198.0,0.3329184847157951,76.87176313824355,42.0354839309424,4.432467720497357,423.3414120082403,27030.681482799,16456.03032383931,1836.5308338000789,1479.8324357866027,13139.66705425263,2248.192689804844,14207.837634034468,13.57919483666749,7,1,0,0,6,26.95239367895008,23.84694150263216,30.057845855268006,1.0,1.0,0.0,1.0,1,0,0.0,0.2823138342107202,0.7176861657892798,0.2823138342107202,0.2823138342107202,0.0,1.0,1.0,1.0,1.0,15,3,2024,6,23,2,0,1,2,1,0,1,GRAVE_MORTALIDAD,2
3,1,11,0,4,1,-11.64071483009538,-75.77741499167048,2,4,0,0,2,1,1,2,8561.467479806348,2.0,2,0,1.0,9,16,2289.498747824093,0.5157104552938048,71.66278684311744,62.52231406660233,7.934933683326734,874.5354252989698,1453.9089544928722,12264.545,1826.4639999999995,1105.5389999999998,9332.542,1588.5359999999996,10676.009,12.952261987705208,3,2,0,0,1,36.17059365666862,26.267671455008802,46.07351585832844,1.0,0.5852968283343113,0.0,0.5852968283343113,2,0,0.0,0.4147031716656887,1.0,0.5852968283343113,0.0,0.5852968283343113,1.0,0.0,0.5852968283343113,0.0,3,0,2022,8,6,3,0,0,2,1,0,1,GRAVE_MORTALIDAD,2
3,1,17,0,4,2,-5.9966979039219925,-80.23619352131485,0,4,2,1,1,2,2,0,6543.555,2.256413027698942,3,2,1.0,10,32,1269.026408672607,0.5238382966488928,78.16960627968068,62.445220820479086,7.98290302882569,807.8211933900114,76319.93814886907,8957.123341668355,1667.841018182118,970.0731896115653,6319.209133874672,1959.3237805307383,6997.799561137617,21.866475680991844,5,2,0,0,3,22.551304221591536,17.28206513849471,27.82054330468836,1.0,0.7435869723010582,0.0,0.7435869723010582,2,0,0.0,1.0,0.0,1.0,0.7435869723010582,0.0,0.2564130276989418,0.7435869723010582,0.7435869723010582,0.0,12,2,2021,11,16,4,0,0,0,1,0,1,GRAVE_MORTALIDAD,2
3,2,12,0,4,1,-7.318495279552703,-79.48025900633908,0,4,7,1,2,2,2,1,6543.555,3.0,2,0,1.0,0,30,1475.0,0.5650979329787121,81.32490571897102,68.6769211482833,7.868096912305706,909.6843705053026,43897.946466809415,8931.828000000005,1335.5899999999997,1935.9830000000004,5660.255000000005,1219.309,7712.519000000005,13.651281686122925,3,2,0,0,0,34.80649118529762,18.132044051710963,63.0,1.0,0.06602202585548078,0.0,0.0,2,0,0.0,0.0,0.9339779741445192,1.0,1.0,0.9339779741445192,0.9339779741445192,0.06602202585548078,0.0,0.06602202585548078,16,2,2022,5,28,6,1,1,0,1,1,1,GRAVE_MORTALIDAD,2
3,2,11,0,4,1,-10.723463607770206,-75.23232997372756,0,4,7,1,2,2,2,2,5870.171492765892,2.1310586308042905,2,0,0.13105863080429037,7,31,510.47508019276233,0.5133573246898828,72.91654446338183,60.89093661259124,8.269655067564225,828.9268753872147,43060.36141443102,11827.763673121819,1762.1307256625744,1214.375853599638,8851.257093859605,1540.145614924024,10287.618058197793,13.043874552285063,3,2,0,0,1,47.07780674820374,34.50988601471848,61.26211726160858,1.0,0.0,0.0,0.0,2,0,0.0,0.8689413691957096,1.0,0.13105863080429037,1.0,0.13105863080429037,1.0,0.0,0.0,0.0,17,2,2022,7,24,2,0,1,1,1,0,1,GRAVE_MORTALIDAD,2
3,2,12,0,4,1,-12.29762696339881,-73.5868530992872,0,4,1,1,2,1,1,1,2603.4051543417354,1.2026056420922213,1,2,0.20260564209222143,9,26,493.9007819674315,0.3906101838977661,73.77492635015481,50.982830254087816,6.942943602795206,465.27688865268254,66679.70946869695,12543.688570294114,1865.8333153431497,1358.5079473922215,9319.347307558743,1938.1352771204013,10605.553293173714,15.249847965787325,4,2,0,0,2,25.13387334719888,23.03908463138332,27.228662063014436,1.0,1.0,0.0,1.0,2,0,0.0,0.0,0.20260564209222143,1.0,0.7973943579077786,0.0,1.0,1.0,1.0,0.0,3,0,2021,6,26,4,0,1,2,1,0,1,GRAVE_MORTALIDAD,2
6,1,11,0,4,1,-11.773773182806888,-75.6409137913952,0,4,0,1,2,1,1,2,7586.903,2.0,2,0,1.0,9,5,1198.0,0.46576615299180135,68.96563597400122,64.2567909571477,7.532978965789972,706.857435310934,1167.5688272223263,12264.545,1826.4639999999995,1105.5389999999998,9332.542,1588.5359999999996,10676.009,12.952261987705208,8,1,0,0,7,56.55564084334486,56.55564084334486,56.55564084334486,1.0,0.0,0.0,1.0,1,0,0.0,0.0,0.0,1.0,0.0,0.0,1.0,0.0,0.0,0.0,15,3,2022,8,22,0,0,0,2,1,0,1,GRAVE_MORTALIDAD,2
5,1,11,0,4,1,-8.493440117226843,-77.11453671069798,1,4,0,1,5,2,2,2,1440.0647588820457,1.249669224180044,1,3,0.0,9,26,277.5125694811583,0.4788838099779005,74.80434131292039,51.249579993540095,6.689476662267298,884.877463415625,21899.641907731268,8751.374325170169,1335.0626985985314,1650.359909522685,5765.951717048953,1179.4992422044918,7571.875082965677,13.466418572959903,4,1,0,0,3,38.87251918135033,34.003969309839476,43.74106905286119,1.0,0.0,0.0,0.0,1,0,0.0,0.0,0.0,0.249669224180044,0.249669224180044,0.0,0.750330775819956,0.249669224180044,0.0,0.249669224180044,12,3,2022,1,24,2,0,1,0,1,0,1,GRAVE_MORTALIDAD,2
5,1,8,0,4,1,-12.949525518627247,-75.4448632967287,0,4,7,1,5,2,2,1,1299.1197586321969,1.0,0,3,0.0,9,20,212.51766426238223,0.4066481690593481,62.228021806209995,49.707819246997445,6.560013454305603,719.9165842110087,674.151714657825,8511.426,1445.3929999999996,2008.516,5057.516999999999,1879.579,6631.846999999998,22.08300935706896,6,1,0,0,4,27.505372260515987,26.72858393973737,28.282160581294605,1.0,0.6892846716885526,0.0,0.0,1,0,0.0,0.0,0.0,1.0,0.0,1.0,0.0,0.6892846716885526,0.6892846716885526,0.0,14,3,2022,8,13,4,0,0,2,1,0,1,GRAVE_MORTALIDAD,2
4,1,12,0,4,0,-8.48439068352376,-78.54088490700174,0,4,7,1,4,2,2,1,6543.555,2.5144896023120387,2,1,1.0,6,31,1340.5136198404348,0.4971504606547645,77.79759708660042,46.44666297237219,6.322206801902116,929.9716106661404,44368.59100642397,8931.828000000005,1335.5899999999997,1935.9830000000004,5660.255000000005,1219.309,7712.519000000005,13.651281686122925,7,1,0,0,5,36.5470368473968,29.086937613872234,44.007136080921356,1.0,0.0,0.0,0.0,1,0,0.0,0.5144896023120388,0.5144896023120388,0.4855103976879612,0.0,0.5144896023120388,1.0,0.0,0.5144896023120388,0.0,15,3,2022,8,18,2,0,0,0,1,0,1,GRAVE_MORTALIDAD,2
3,1,3,1,4,1,-8.558441873411649,-78.8386552777747,0,3,1,1,2,2,2,2,6543.555,3.0,2,0,1.0,0,30,1475.0,0.6393436549576776,78.605994970743,73.70855075421025,10.486575258951813,1109.5966336594317,176648.1057245766,10509.693646810509,1870.3670054930237,1138.8658852166075,7500.460756100879,2116.6869628134923,8393.006683997019,20.249547456139542,4,2,0,0,2,50.35575907375429,43.13670699446352,57.57481115304506,1.0,0.8568353497231763,0.0,0.14316465027682368,2,0,0.0,0.14316465027682368,0.0,0.14316465027682368,0.0,0.8568353497231763,1.0,0.0,0.8568353497231763,0.8568353497231763,4,0,2022,11,20,3,0,0,0,1,1,1,GRAVE_MORTALIDAD,2
4,1,7,0,4,2,-13.892693250690282,-71.96083783373317,3,3,3,0,4,1,1,2,7030.671330963893,2.0,3,2,1.0,11,19,1198.0,0.4335971223653922,75.66257096406541,59.45637809386549,6.240748606019849,603.6711089668725,6858.6438998291715,17779.13499998999,2097.3709999899997,2863.123,12818.640999999989,2878.713,14900.421999989989,16.19152450331032,2,1,0,0,1,31.73185330613827,30.331219008768954,33.132487603507585,1.0,1.0,0.0,0.0,1,0,0.0,0.0,0.0,1.0,0.0,1.0,0.0,0.0,0.4668780991231044,0.0,14,3,2021,6,19,2,0,1,2,1,0,1,GRAVE_MORTALIDAD,2
4,1,10,2,4,1,-13.602632495430854,-75.04136399615876,0,1,4,0,2,2,2,3,1101.8456617753916,2.0,2,0,1.0,4,17,186.5761882623729,0.6769588384259325,79.90707364393873,75.23795713897245,9.980696370052149,1313.1819059035945,199794.37980194922,8596.10299919575,1615.7155927439303,1653.2769555159534,5327.110450935866,2200.393970406474,6395.709028789275,25.296560238726304,3,1,0,0,2,43.61873937859621,39.122241104717844,48.11523765247458,1.0,0.0,0.0,0.0,1,0,0.0,0.3597198619102696,0.0,1.0,0.3597198619102696,0.6402801380897304,0.3597198619102696,0.0,0.0,0.0,12,2,2022,4,25,4,0,1,0,1,0,1,GRAVE_MORTALIDAD,2
4,1,3,0,4,1,-16.02899016994707,-71.30518560607379,0,4,0,0,2,0,1,0,1504.4250000000002,2.0,2,0,1.0,7,25,241.0,0.4685280505645348,81.83746865987648,70.74305753660312,6.037751599761188,617.4715908037651,1751.8736616702354,10322.272,1495.236,1749.739,7077.2970000000005,2886.595,7435.677000000001,27.964725207783708,4,1,0,0,2,36.382719259422885,36.11464156629651,36.65079695254925,1.0,0.46384461374726393,0.0,0.0,1,0,0.0,0.5361553862527361,0.0,1.0,0.0,0.46384461374726393,0.5361553862527361,0.0,0.5361553862527361,0.0,8,1,2022,7,8,4,0,0,0,1,0,1,GRAVE_MORTALIDAD,2
6,1,17,0,4,0,-13.729520426226866,-72.12837125567447,0,4,0,0,1,1,1,2,6838.444006345013,2.0,3,2,1.0,12,25,1198.0,0.4470993510159724,73.4651258902238,63.613129317708484,6.780353423419784,647.8334206974405,8958.598954692285,13252.904445525408,1965.8583433562617,2001.222351460641,9285.823750708505,2826.3569081683,10426.547537357108,21.087290141681876,2,1,0,0,1,48.17362753036367,48.17362753036367,48.17362753036367,1.0,0.7173627530363669,0.0,0.0,1,0,0.0,0.7173627530363669,0.0,0.2826372469636331,0.0,0.2826372469636331,0.7173627530363669,0.7173627530363669,0.7173627530363669,0.0,7,1,2021,7,9,2,0,0,2,1,0,1,GRAVE_MORTALIDAD,2
6,1,3,0,4,0,-15.650073764684695,-71.64282485618493,0,4,0,0,2,0,1,0,6543.555,2.0,4,4,1.0,14,33,1198.0,0.5325761945469989,81.34951653829121,50.97523181639888,6.867251361766504,964.6116839691138,2104.1584582441114,10322.272,1495.236,1749.739,7077.2970000000005,2886.595,7435.677000000001,27.964725207783708,2,1,0,0,1,33.57229643552845,33.57229643552845,33.57229643552845,1.0,0.44356334549850274,0.0,0.0,1,0,0.0,0.0,0.44356334549850274,0.5564366545014973,0.44356334549850274,0.5564366545014973,0.0,0.44356334549850274,0.44356334549850274,0.44356334549850274,7,1,2022,5,16,6,1,0,0,1,0,1,GRAVE_MORTALIDAD,2
3,1,22,0,4,1,-17.8151931836802,-70.97509713026197,0,4,7,1,2,2,2,2,1902.6231214057261,2.0,2,0,1.0,9,31,381.20325620245865,0.666277291201548,73.6317088181948,69.536169847529,9.533312171814869,1523.7077757592579,3041.1846939754832,2650.572,630.6729999999998,487.3610000000001,1532.5379999999998,1068.7019999999998,1581.87,40.31967439480987,4,1,0,0,2,55.91933126385159,48.87775395028454,62.96090857741864,1.0,0.0,0.0,1.0,1,0,0.0,0.938876975142273,0.0,0.061123024857727026,0.0,1.0,0.938876975142273,0.0,0.0,0.0,17,2,2023,11,12,2,0,0,0,1,0,1,GRAVE_MORTALIDAD,2
5,1,18,0,4,1,-17.548013991150825,-71.21499862287149,1,4,2,0,2,0,1,2,1926.94,2.0,2,0,1.0,9,32,393.0,0.7044475720492238,77.27663951739059,70.54908473634646,11.683033438637793,1476.5836123527042,3042.9200441079415,2861.1025870493086,517.5907708265032,780.4477906205427,1563.0640256022627,926.1005625875081,1935.0020244618006,32.60610155671166,2,1,0,0,1,36.82021670383063,36.82021670383063,36.82021670383063,1.0,0.705054175957658,0.0,0.0,1,0,0.0,0.29494582404234204,0.0,0.0,0.0,1.0,0.29494582404234204,0.0,0.0,0.0,14,1,2021,6,20,4,0,0,0,1,0,1,GRAVE_MORTALIDAD,2
6,1,12,0,4,2,-7.839546300055891,-78.49471326141928,0,4,3,0,1,2,2,0,6543.555,2.4754636061691206,3,2,1.0,7,31,1329.7034189088463,0.3457458445691537,78.11298390297523,50.94306908388036,5.182990744983451,522.5219963053848,14689.065794364124,8931.828000000005,1335.5899999999997,1935.9830000000004,5660.255000000005,1219.309,7712.519000000005,13.651281686122925,11,1,0,0,10,36.88659015422801,36.88659015422801,36.88659015422801,1.0,0.0,0.0,0.0,1,0,0.0,0.0,0.0,0.5245363938308796,0.0,0.0,1.0,0.0,0.5245363938308796,0.0,11,0,2022,1,6,2,0,0,0,1,0,1,GRAVE_MORTALIDAD,2
6,1,1,0,4,1,-10.13205048520512,-77.89117766050731,1,4,6,0,1,1,1,5,6543.555,2.7569276593414416,2,0,1.0,3,30,1407.6689616375793,0.5710185341055134,79.4444951896434,63.73527916339697,8.62229068663588,952.53187381071,25680.4656773503,10767.648,1885.0630000000003,1222.721,7659.864000000001,2100.343,8667.305000000002,19.506051832303577,6,1,0,0,5,27.40301276921982,27.40301276921982,27.40301276921982,1.0,0.24307234065855854,0.0,0.7569276593414415,1,0,0.0,0.0,0.0,1.0,0.0,1.0,0.0,0.0,0.7569276593414415,0.0,14,3,2023,3,22,4,0,0,0,1,0,1,GRAVE_MORTALIDAD,2
6,1,8,0,4,1,-12.52229863181139,-74.91031091819258,0,4,4,0,3,2,2,2,658.7907230774115,1.689121090495758,1,0,0.6891210904957582,4,32,118.93730556614528,0.45369239511119214,72.08576010532765,67.5148010019865,7.8021446654667805,627.6170415243316,1195.6520546460333,12393.307313769745,1819.8143001257042,1313.3599966090378,9260.133017035001,1867.3443303208746,10525.96298344887,15.019745371888682,4,1,0,0,3,33.4610938281018,33.4610938281018,33.4610938281018,1.0,0.0,0.3108789095042418,0.3108789095042418,1,0,0.0,0.6891210904957582,0.0,0.3108789095042418,0.0,0.6891210904957582,0.3108789095042418,0.0,0.0,0.0,11,2,2021,6,13,3,0,0,2,1,0,1,GRAVE_MORTALIDAD,2
0,1,14,2,3,1,-12.134766074883968,-76.9728473933539,0,0,6,1,2,1,0,1,6626.827270274062,2.0,2,0,1.0,9,31,1559.0019599103712,0.7864927198767443,80.40241422396522,78.08202566346867,12.692895899140774,1717.563352477871,372442.1393375632,7626.313,1683.4029999999998,1599.0829999999996,4343.827000000001,1814.875,5811.438000000001,23.797541485643197,3,2,0,1,0,29.34089736895711,24.136358947582846,34.545435790331375,1.0,0.8636410524171562,0.0,0.0,2,0,0.0,0.0,0.13635894758284384,0.8636410524171562,0.13635894758284384,0.8636410524171562,1.0,0.0,1.0,0.0,5,0,2022,1,18,2,0,1,0,1,0,1,GRAVE_MORTALIDAD,2
6,1,10,0,4,0,-14.173945532959275,-75.58543995390934,6,4,6,0,7,2,2,0,6543.555,2.0,4,4,1.0,14,33,1198.0,0.3836459514057415,75.35247580780259,53.60842908354961,6.895089385135739,413.1733588843099,929.6745182012849,3721.461,698.1859999999996,744.866,2278.409,1102.9029999999996,2618.558,29.636290693359403,3,1,0,0,2,51.02233573523224,51.02233573523224,51.02233573523224,0.0031908193188910916,0.0031908193188910916,0.0,0.0,1,0,0.0,0.0,0.0,0.9968091806811089,0.0,1.0,0.0,0.0031908193188910916,0.0031908193188910916,0.0031908193188910916,14,2,2021,11,7,2,0,0,0,1,0,1,GRAVE_MORTALIDAD,2
7,1,7,0,4,0,-13.688636168298624,-71.5905001975551,0,4,2,0,7,2,2,2,6543.555,2.0,4,4,1.0,14,33,1198.0,0.27023451480382826,63.05599168180832,46.64886122745413,4.1339154914394065,312.0631519123977,12638.679381911832,17779.13499998999,2097.3709999899997,2863.123,12818.640999999989,2878.713,14900.421999989989,16.19152450331032,17,1,0,0,16,27.96402490469688,27.96402490469688,27.96402490469688,1.0,0.5731416712049104,0.42685832879508956,0.42685832879508956,1,0,0.0,0.0,0.42685832879508956,0.0,0.0,0.0,1.0,0.0,0.5731416712049104,0.0,15,1,2021,7,9,0,0,0,2,1,0,1,GRAVE_MORTALIDAD,2
5,1,4,0,4,1,-13.20384714443717,-74.22715151473845,0,4,4,0,2,1,0,5,6659.524048120159,2.0,3,3,1.0,13,29,1198.0,0.5305121431560528,73.7668210059112,68.45651702301488,8.941396366509018,806.7469451554633,27605.87794432548,12678.733000000004,1805.074000000001,1774.0339999999994,9099.625000000004,2485.375000000001,10193.358000000002,19.602707936195205,4,1,0,0,2,55.55432272671733,55.55432272671733,55.55432272671733,1.0,0.0,0.0,0.8888491202166882,1,0,0.0,0.11115087978331184,0.11115087978331184,0.0,0.0,0.11115087978331184,1.0,0.0,0.8888491202166882,0.0,15,3,2022,6,10,3,0,0,2,1,0,1,GRAVE_MORTALIDAD,2
3,1,14,0,4,1,-10.998005766594734,-77.61954411243549,0,4,1,1,2,0,0,2,6543.555,3.0,2,0,1.0,0,30,1475.0,0.6066560125645345,75.98454671579724,65.26644680701128,8.322705894490491,1217.9631931208255,26193.992993746175,7626.313,1683.4029999999998,1599.0829999999996,4343.827000000001,1814.875,5811.438000000001,23.797541485643197,3,2,0,0,1,57.57231563535698,41.361266503032674,73.78336476768128,1.0,0.030415880807967977,0.0,0.969584119192032,2,0,0.0,0.0,1.0,1.0,1.0,0.0,1.0,0.0,0.030415880807967977,0.0,7,1,2021,3,13,5,1,0,0,0,1,1,GRAVE_MORTALIDAD,2
5,1,8,0,4,1,-13.416700975606636,-74.95917630147483,0,4,7,1,2,1,0,0,1262.1245447274566,1.7268769061397715,1,3,0.7268769061397716,9,26,239.0717799068565,0.2997946406100768,72.83003345209801,46.42647217987546,4.997510303405721,292.6881439974165,3327.8779443254816,8511.426,1445.3929999999996,2008.516,5057.516999999999,1879.579,6631.846999999998,22.08300935706896,7,1,0,0,5,34.54189215525795,34.54189215525795,34.54189215525795,1.0,0.27312309386022837,0.0,0.27312309386022837,1,0,0.0,0.0,0.0,1.0,0.0,1.0,0.27312309386022837,0.0,0.0,0.0,6,0,2023,5,22,5,1,0,2,1,0,1,GRAVE_MORTALIDAD,2
5,1,1,0,4,1,-9.249779702918811,-77.83361897078262,6,4,4,0,1,2,2,1,6543.555,2.125986328691284,3,3,1.0,12,32,1232.8982130474858,0.5105096389703213,79.26734710509669,54.639040905081934,7.398374343528453,818.454549580655,25552.389991436718,10767.648,1885.0630000000003,1222.721,7659.864000000001,2100.343,8667.305000000002,19.506051832303577,3,1,0,0,1,37.24408202785229,35.984218740939454,38.50394531476514,1.0,0.8740136713087157,0.0,0.12598632869128434,1,0,0.0,0.12598632869128434,0.0,1.0,0.12598632869128434,0.8740136713087157,0.12598632869128434,0.0,0.12598632869128434,0.0,13,2,2022,6,15,3,0,0,0,1,0,1,GRAVE_MORTALIDAD,2
6,1,7,0,4,1,-13.12851427227642,-72.31984194789442,3,4,0,0,2,1,1,2,3447.8009999999995,1.0,2,3,0.0,9,12,1109.0,0.4706944943299555,76.79406176595778,61.64424635983724,7.141255198110581,653.4175319142125,3282.6252676659524,17779.13499998999,2097.3709999899997,2863.123,12818.640999999989,2878.713,14900.421999989989,16.19152450331032,7,1,0,0,6,51.49577207788977,51.49577207788977,51.49577207788977,1.0,0.7792874140555813,0.0,0.22071258594441867,1,0,0.0,0.0,0.0,0.7792874140555813,0.0,0.0,1.0,0.0,0.0,0.0,15,1,2022,8,7,1,0,0,2,1,0,1,GRAVE_MORTALIDAD,2
3,1,13,0,4,1,-10.264577024490182,-78.02127422905082,0,4,7,1,2,1,0,2,6543.555,3.0,2,0,1.0,0,30,1475.0,0.6179352425251766,81.63423241567672,71.30968805490778,8.954768462760091,1063.7181506302147,20538.655731514442,7833.169289271981,1628.292712840867,1652.4641437292792,4552.412432701835,1720.5087362829565,6112.660552989025,22.18988653559036,5,1,0,0,3,45.519399535126176,40.89086373967066,50.147935330581696,1.0,0.0,0.0,0.841551962810094,1,0,0.0,0.0,0.841551962810094,1.0,0.0,0.841551962810094,1.0,0.0,0.0,0.0,11,1,2021,3,17,5,1,0,0,1,1,1,GRAVE_MORTALIDAD,2
6,1,20,0,4,0,-14.64711282790206,-69.65370794090506,0,4,0,1,2,2,2,4,6608.456557833147,2.0,3,3,1.0,13,31,1198.0,0.6063253913525016,62.409959415441556,75.11290506011876,8.222792836782274,1595.490198896644,26435.814322271857,13642.312999999998,2020.7790000000005,2354.117,9267.416999999998,3314.0520000000006,10328.260999999997,24.29244952817019,11,1,0,0,10,33.93779490847431,33.93779490847431,33.93779490847431,0.937794908474309,0.0,0.0,0.0,1,0,0.0,0.0,0.0,0.06220509152569098,0.0,0.06220509152569098,0.937794908474309,0.0,0.937794908474309,0.0,10,1,2022,1,20,4,0,0,2,1,0,1,GRAVE_MORTALIDAD,2
6,1,8,0,4,1,-12.65220636431927,-74.69858285940042,0,4,0,0,2,1,1,0,1031.3280058037099,1.1772970782827936,0,3,0.17729707828279362,9,30,125.77832800504254,0.24823788040241607,68.32905750050892,48.00308992048568,4.142119776247147,222.00064000014484,3671.8681811633123,8511.426,1445.3929999999996,2008.516,5057.516999999999,1879.579,6631.846999999998,22.08300935706896,9,1,0,0,8,47.276761356061336,47.276761356061336,47.276761356061336,1.0,0.8227029217172064,0.0,0.17729707828279362,1,0,0.0,0.8227029217172064,0.17729707828279362,0.0,0.0,0.0,1.0,0.0,0.0,0.0,4,0,2021,7,11,4,0,0,2,1,0,1,GRAVE_MORTALIDAD,2
3,2,17,0,4,1,-14.168286459835738,-71.49878347353126,0,4,4,0,2,1,1,4,5640.850571558999,1.6886180601074157,1,0,0.6886180601074157,9,13,923.049747074848,0.4710385629838566,73.83633967784692,68.19949915404796,8.041641265257242,625.8117134569925,65927.32634259411,13213.300927438073,1960.2728183497727,1965.332360252797,9287.695748835502,2776.7574806043076,10436.543446833764,20.76131993307449,4,2,0,0,2,33.631708360644495,31.886180601074155,35.37723612021483,1.0,0.6886180601074157,0.0,1.0,2,0,0.0,0.0,0.6886180601074157,1.0,0.31138193989258434,0.0,1.0,1.0,0.6886180601074157,0.0,13,3,2021,1,19,0,0,1,2,1,0,1,GRAVE_MORTALIDAD,2
6,1,1,0,4,2,-9.775241160814705,-77.5179807679558,0,4,2,0,7,2,2,0,6543.555,2.0,4,4,1.0,14,33,1198.0,0.38923242678932407,74.87714559130289,57.91814745673918,5.807488075289225,519.7462846310965,1484.205425642373,10767.648,1885.0630000000003,1222.721,7659.864000000001,2100.343,8667.305000000002,19.506051832303577,3,1,0,0,2,44.64072542623464,44.64072542623464,44.64072542623464,1.0,0.4016968927597765,0.0,0.0,1,0,0.0,0.0,0.0,1.0,0.0,0.4016968927597765,0.5983031072402235,0.0,0.0,0.0,9,1,2021,9,14,0,0,0,0,1,0,1,GRAVE_MORTALIDAD,2
6,1,11,1,4,0,-11.087855354579073,-76.52293919274085,0,2,3,0,1,2,2,0,6592.030173474999,2.0,2,1,1.0,11,31,1408.149580092818,0.6404019894592853,74.94967734788814,71.64515807235341,9.987769159754466,1256.8215695496901,94718.30135532338,7916.082342340648,1509.4028607989933,1197.7496961492675,5208.929785392387,1439.4434386683229,6476.638903672326,18.384136014249002,12,1,0,0,11,30.552253640582634,30.552253640582634,30.552253640582634,1.0,0.4972498083903877,0.0,0.4972498083903877,1,0,0.0,0.0,0.4972498083903877,0.0,0.4972498083903877,0.0,0.5027501916096123,0.0,1.0,0.0,5,0,2022,7,13,1,0,0,0,1,0,1,GRAVE_MORTALIDAD,2
5,1,8,0,4,1,-13.309964603794889,-75.12665015417099,0,4,5,1,2,2,2,0,1553.0805704277575,1.8394532342095506,1,3,0.8394532342095508,9,25,278.0742438681967,0.39403895890314633,63.74237861600367,62.19696505955613,6.37302485847372,575.8967335839693,374.5772528390828,8511.426,1445.3929999999996,2008.516,5057.516999999999,1879.579,6631.846999999998,22.08300935706896,26,1,0,0,25,38.75917985131433,38.3578129368382,39.16054676579045,1.0,0.0,0.0,0.0,1,0,0.0,0.0,0.8394532342095508,0.16054676579044924,0.0,0.16054676579044924,0.8394532342095508,0.0,0.0,0.0,3,0,2021,9,4,4,0,0,2,1,0,1,GRAVE_MORTALIDAD,2
4,1,5,0,4,1,-7.280185829056518,-79.07761981190902,0,4,4,0,2,2,2,1,838.8872303423141,2.0,2,0,0.6508332215614849,8,22,175.9500067063109,0.4852249127727134,72.05324144191934,52.64240993824493,7.126111078895359,865.5743336612412,7323.206398751954,15935.565011852366,1733.9250000199986,935.692,13265.948011832368,2000.1670000199988,13935.398011832369,12.551591352627522,4,1,0,0,3,31.555832550930393,27.650833221561484,35.4608318802993,1.0,0.6508332215614849,0.6508332215614849,0.6508332215614849,1,0,0.0,0.0,0.0,1.0,0.6508332215614849,0.6508332215614849,0.34916677843851507,0.0,0.6508332215614849,0.6508332215614849,13,1,2023,4,27,5,1,1,2,1,0,1,GRAVE_MORTALIDAD,2