CLASE SINIESTRO,CANTIDAD DE VEHICULOS DAÑADOS,DEPARTAMENTO,ZONA,TIPO DE VÍA,RED VIAL,COORDENADAS LATITUD,COORDENADAS  LONGITUD,CONDICIÓN CLIMÁTICA,ZONIFICACIÓN,CARACTERÍSTICAS DE VÍA,PERFIL LONGITUDINAL VÍA,SUPERFICIE DE CALZADA,¿EXISTE SEÑAL VERTICAL?,¿EXISTE SEÑAL HORIZONTAL?,CAUSA FACTOR PRINCIPAL,MTC_RVN_LONGITUD_KM,MTC_RVN_N_CARRILES_MEDIANA,MTC_RVN_SUPERFICIE_DOMINANTE,MTC_RVN_ESTADO_DOMINANTE,MTC_RVN_ES_CONCESIONADA,MTC_RVN_CONCESION_PRINCIPAL,MTC_RVN_CORREDOR_LOGISTICO,MTC_RVN_N_TRAMOS,IDH_2019,IDH_ESP_VIDA_2019,IDH_EDUC_SECUND_PCT_2019,IDH_ANIOS_EDUC_2019,IDH_INGRESO_PERCAP_2019,IDH_POBLACION_2019,MTC_DEP_RED_TOTAL_KM,MTC_DEP_NACIONAL_TOTAL_KM,MTC_DEP_DEPARTAMENTAL_TOTAL_KM,MTC_DEP_VECINAL_TOTAL_KM,MTC_DEP_PAV_TOTAL_KM,MTC_DEP_NO_PAV_TOTAL_KM,MTC_DEP_PCT_PAVIMENTADA,PER_TOTAL_PERSONAS,PER_N_CONDUCTORES,PER_N_CONDUCTORES_FUGADOS,PER_N_PEATONES,PER_N_PASAJEROS_OCUPANTES,PER_EDAD_COND_PROM,PER_EDAD_COND_MIN,PER_EDAD_COND_MAX,PER_ANY_COND_MASCULINO,PER_ANY_LIC_PROBLEMA,PER_ANY_DOSAJE_POS,PER_ANY_DOSAJE_EVALUADO,VEH_TOTAL,VEH_N_FUGADOS,VEH_ANY_FUGADO,VEH_ANY_CARGA,VEH_ANY_PUBLICO,VEH_ANY_PARTICULAR,VEH_ANY_MOTO,VEH_ANY_AUTO,VEH_ANY_CAMION_BUS,VEH_ANY_SOAT_PROBLEMA,VEH_ANY_CITV_PROBLEMA,VEH_ANY_SEGURO_PROBLEMA,HORA_NUM,FRANJA_HORARIA,ANIO,MES,DIA_MES,DIA_SEMANA,ES_FIN_SEMANA,ES_QUINCENA,REGION_NATURAL,TIENE_SEÑALIZACION,ES_VIA_MULTICARRIL,ES_DEPTO_BAJO_PAVIMENTO,CATEGORIA_SEVERIDAD,CATEGORIA_SEVERIDAD_ENC
6,1,12,0,4,0,-7.726034753963679,-78.18041043882138,0,4,7,1,3,2,2,0,6543.555,2.0,4,4,1.0,14,33,1198.0,0.22102946910083549,78.19526640127044,29.97055391772184,4.219174980354952,171.32302252005803,2733.575396912606,8931.828000000005,1335.5899999999997,1935.9830000000004,5660.255000000005,1219.309,7712.519000000005,13.651281686122925,3,1,0,0,2,64.76155111658747,64.76155111658747,64.76155111658747,1.0,0.6150646298578113,0.0,0.0,1,0,0.0,0.3849353701421887,0.0,0.6150646298578113,0.0,0.0,1.0,0.0,0.6150646298578113,0.0,5,0,2022,4,12,2,0,0,0,1,0,1,GRAVE_MORTALIDAD,2
3,1,9,0,4,1,-10.733125938298508,-76.2202809552877,4,4,5,0,2,1,1,1,9936.932,2.0,2,0,1.0,9,32,3830.0,0.45174356094011486,71.0655722388915,58.91967833668706,7.529457447732098,648.3659688808082,6369.792295291712,12001.581960592297,1836.7582093853161,1126.1246080170333,9038.699143189948,1678.4462104621343,10323.135750130163,14.103580012375525,5,1,0,0,3,69.66223010083769,65.54059060061725,73.78386960105814,1.0,0.0,0.0,0.8243279000440893,1,0,0.0,0.1756720999559107,0.0,0.8243279000440893,0.0,0.8243279000440893,0.1756720999559107,0.0,0.8243279000440893,0.0,14,3,2022,6,10,1,0,0,1,1,0,1,GRAVE_MORTALIDAD,2
6,1,11,1,4,1,-11.783032413873844,-75.71590600227573,0,4,3,0,4,2,2,2,7078.990647135668,2.0,2,1,1.0,11,18,1198.0,0.44023208846760636,68.35811664587183,56.3780550855739,7.432147923835033,655.8545862365788,1492.6510404669502,12264.545,1826.4639999999995,1105.5389999999998,9332.542,1588.5359999999996,10676.009,12.952261987705208,8,1,0,0,6,35.474836101553876,35.474836101553876,35.474836101553876,1.0,0.48681010829017024,0.0,1.0,1,0,0.0,0.48681010829017024,0.0,0.5131898917098298,0.0,0.0,1.0,0.0,0.0,0.0,15,3,2022,7,9,0,0,0,2,1,0,1,GRAVE_MORTALIDAD,2
3,1,20,0,4,1,-15.792453152866527,-69.88605295753425,0,4,1,0,2,2,2,2,1595.3358373025271,2.0,2,0,1.0,8,21,259.7699863924824,0.371966727876493,75.1976072276759,64.27681542413553,6.672440180920258,394.3527049764768,5659.001136798996,13642.312999999998,2020.7790000000005,2354.117,9267.416999999998,3314.0520000000006,10328.260999999997,24.29244952817019,3,1,0,0,1,50.75371661843159,47.89219254971697,53.61524068714621,1.0,0.0,0.0,0.0,1,0,0.0,0.2846189828213448,0.0,0.7153810171786552,0.7153810171786552,0.0,1.0,0.0,0.0,0.7153810171786552,8,0,2022,6,20,4,0,0,2,1,0,1,GRAVE_MORTALIDAD,2
5,1,18,0,4,1,-5.963954842509677,-79.41434475401658,0,3,0,1,2,1,0,4,302.5220427460748,2.0,2,0,0.9732608830304917,1,19,50.133695584847544,0.22332465176283045,65.73144855227086,43.0496933729634,4.107477591009851,201.2661514176816,38640.90478827907,8930.028070486882,1779.7645868263608,662.7213568278431,6487.542126832678,2203.8192467438703,6726.2088237430125,24.67522901217048,4,1,0,0,3,35.75934794727443,35.625652362426884,35.893043532121965,1.0,0.0,0.02673911696950826,1.0,1,0,0.0,0.0,0.0,0.9732608830304917,0.0,0.02673911696950826,1.0,0.0,0.9732608830304917,0.0,16,2,2023,7,17,0,0,1,0,1,0,1,GRAVE_MORTALIDAD,2
6,1,3,0,4,0,-15.65086253560282,-71.6413829714436,0,4,0,0,2,0,1,0,6543.555,2.0,4,4,1.0,14,33,1198.0,0.5325761945469989,81.34951653829121,50.97523181639888,6.867251361766504,964.6116839691138,2104.1584582441114,10322.272,1495.236,1749.739,7077.2970000000005,2886.595,7435.677000000001,27.964725207783708,3,1,0,0,2,26.82671987505369,26.82671987505369,26.82671987505369,1.0,0.7985936907866478,0.0,0.0,1,0,0.0,0.0,0.7985936907866478,0.20140630921335223,0.7985936907866478,0.20140630921335223,0.0,0.7985936907866478,0.7985936907866478,0.7985936907866478,11,2,2022,4,18,6,1,0,0,1,0,1,GRAVE_MORTALIDAD,2
5,1,3,0,4,0,-15.681367424169796,-71.61327985249552,6,4,0,0,2,1,1,0,6544.475170102743,2.0,3,3,1.0,13,32,1201.9891215821008,0.5657992789355099,77.44452286113919,62.957277897635215,8.563997571678419,967.8083048061071,7729.439789687696,10322.272,1495.236,1749.739,7077.2970000000005,2886.595,7435.677000000001,27.964725207783708,8,1,0,0,7,25.066803471470585,25.066803471470585,25.066803471470585,1.0,0.0,0.0,0.9904566469327734,1,0,0.0,0.009543353067226645,0.9904566469327734,0.009543353067226645,0.0,0.009543353067226645,1.0,0.0,0.009543353067226645,0.0,10,1,2022,7,7,0,0,0,0,1,0,1,GRAVE_MORTALIDAD,2
5,1,7,0,4,1,-15.031998174661053,-71.14272348501353,0,4,7,1,2,2,2,1,568.5409999999999,1.0,2,3,0.0,9,3,93.0,0.3491291336434085,68.34579473193322,63.63866309000273,4.984551874124405,419.36068685534286,1114.627408993576,17779.13499998999,2097.3709999899997,2863.123,12818.640999999989,2878.713,14900.421999989989,16.19152450331032,7,1,0,0,6,39.47288996481071,38.64457419522754,40.30120573439388,1.0,0.0,0.0,0.07530143359846975,1,0,0.0,0.0,1.0,0.07530143359846975,0.0,0.07530143359846975,1.0,0.0,0.0,0.0,7,0,2024,5,7,4,0,0,2,1,0,1,GRAVE_MORTALIDAD,2
4,1,14,0,4,1,-11.086633958104434,-77.45812498300602,0,3,7,1,2,1,1,2,198.315,2.0,2,0,0.0,9,1,55.0,0.644332113046051,78.61218205687396,70.04798203155518,8.919818005352203,1280.219555520582,36044.03426124197,7626.313,1683.4029999999998,1599.0829999999996,4343.827000000001,1814.875,5811.438000000001,23.797541485643197,8,1,0,0,7,40.10709823117843,38.22783590526854,41.98636055708833,1.0,0.0,0.37585246518197923,1.0,1,0,0.0,0.0,0.6241475348180208,0.0,0.0,0.37585246518197923,1.0,0.0,0.0,0.0,16,1,2023,10,18,1,0,1,0,1,0,1,GRAVE_MORTALIDAD,2
6,1,8,0,4,2,-12.836265284871134,-74.94914766578354,0,4,5,1,1,2,2,1,6543.555,2.0,4,4,1.0,14,33,1198.0,0.6115577679846016,69.4715106582134,81.41341310644326,10.846605635197736,1091.214473177582,41539.0278372591,8511.426,1445.3929999999996,2008.516,5057.516999999999,1879.579,6631.846999999998,22.08300935706896,4,1,0,0,3,32.5643571819679,32.5643571819679,32.5643571819679,1.0,0.0,0.0,0.0,1,0,0.0,0.0,0.0,1.0,0.0,0.8205446477459871,0.17945535225401288,0.0,0.17945535225401288,0.0,13,2,2024,6,17,0,0,1,2,1,0,1,GRAVE_MORTALIDAD,2
3,1,1,0,4,1,-9.234564194898905,-78.43886109929048,0,4,6,0,2,2,2,0,6543.555,2.992857918231755,2,0,1.0,0,30,1473.0216433501962,0.5686619748833054,79.31691717071679,55.66445234999309,7.5796130211542465,1087.1253296145135,15659.234947146571,10767.648,1885.0630000000003,1222.721,7659.864000000001,2100.343,8667.305000000002,19.506051832303577,3,2,0,0,1,20.66783892155376,18.17140996243788,23.164267880669637,1.0,0.992857918231755,0.0,1.0,2,0,0.0,0.992857918231755,0.0,0.0071420817682450455,0.992857918231755,0.0,1.0,0.0,1.0,0.0071420817682450455,8,1,2022,6,7,2,0,0,0,1,0,1,GRAVE_MORTALIDAD,2
4,1,7,0,4,1,-12.554018233807714,-74.82197574324746,0,4,2,0,3,2,2,4,6543.555,2.0,4,4,1.0,14,33,1198.0,0.3597335669307873,75.30858659863667,57.04860706720505,5.3337156280096805,399.58822524977194,4426.581789324436,12489.560669193801,1814.8434673818285,1468.7118823087799,9206.005319503192,2075.761191806856,10413.799477386945,16.565245815186135,12,1,0,0,10,25.290867588926996,25.062502292484076,25.519232885369917,1.0,1.0,0.0,0.5432694071141597,1,0,0.0,0.0,0.0,0.4567305928858403,0.4567305928858403,0.4567305928858403,0.5432694071141597,1.0,1.0,1.0,18,2,2023,6,19,6,1,0,2,1,0,1,GRAVE_MORTALIDAD,2
5,1,14,0,4,0,-7.916128223798095,-78.67015030257481,0,4,7,1,2,2,2,0,6543.555,2.0,4,4,1.0,14,33,1198.0,0.5239382360191757,72.50316699209124,70.0657455653233,9.087006675913706,784.6865420801921,12751.670347628078,3531.27523835847,531.3671462247825,762.5264859724432,2237.3816061612442,666.3241280782458,2864.951110280224,18.927159260439154,2,1,0,0,1,59.62923561674607,58.80615907839258,60.45231215509956,1.0,0.6707693846586055,0.0,0.32923061534139453,1,0,0.0,0.6707693846586055,0.0,0.32923061534139453,0.6707693846586055,0.0,0.32923061534139453,0.6707693846586055,1.0,0.6707693846586055,10,1,2022,1,20,3,0,0,0,1,0,1,GRAVE_MORTALIDAD,2
9,1,2,0,4,2,-13.996548859783315,-73.27415099157378,5,4,5,1,6,2,2,0,6543.555,2.0,4,4,1.0,14,33,1198.0,0.31261304027187736,64.02945988939491,61.058595923201224,6.308770307675441,298.57906711837336,1029.7226101834954,8351.103256912109,1285.1289842212589,1271.5349568843258,5794.439315806525,1413.116558913779,6937.98669799833,16.917541063224665,2,1,0,0,1,33.524817100997275,33.524817100997275,33.524817100997275,1.0,0.0,0.0,0.0,1,0,0.0,0.0,0.0,1.0,0.0,0.052481710099727574,0.9475182899002724,0.0,0.0,0.0,21,1,2022,2,2,3,0,0,2,1,0,1,GRAVE_MORTALIDAD,2
4,1,3,0,4,2,-16.131754638021974,-73.61966711033465,0,4,4,0,1,2,2,0,6586.966782760974,2.0,3,2,1.0,11,32,1386.1987678291541,0.5341419534739889,83.21641840849723,60.64910916195435,8.867418456930771,741.7576165577414,1011.0154977075078,10322.272,1495.236,1749.739,7077.2970000000005,2886.595,7435.677000000001,27.964725207783708,3,1,0,0,1,61.27251898993752,59.69669198658336,62.84834599329168,1.0,0.0,0.0,0.0,1,0,0.0,0.0,0.0,1.0,0.0,1.0,0.4502362866726173,0.0,0.0,0.0,14,1,2022,1,17,4,0,0,0,1,0,1,GRAVE_MORTALIDAD,2
6,1,11,0,4,1,-11.762606285627555,-75.59693467682129,0,4,0,0,5,1,1,2,6809.346554302351,2.0,3,2,1.0,12,25,1198.0,0.305771978811712,70.07918748320756,58.99813457704549,5.829517374443304,302.3509860277461,575.5150407225185,12264.545,1826.4639999999995,1105.5389999999998,9332.542,1588.5359999999996,10676.009,12.952261987705208,6,1,0,0,5,30.189948293468753,30.189948293468753,30.189948293468753,1.0,0.0,0.0,0.25474870733671884,1,0,0.0,0.0,0.0,1.0,0.0,0.7452512926632812,0.25474870733671884,0.0,0.0,0.0,6,0,2022,9,18,2,0,0,2,1,0,1,GRAVE_MORTALIDAD,2
6,1,10,0,4,1,-9.489166653802483,-77.39843616403074,1,4,7,1,2,2,2,3,466.2404495882819,2.0,1,1,0.6481151656529935,8,30,104.57450284651108,0.27867417601714434,75.19653090182331,49.95260054153039,4.8392671626361965,230.784844077323,5577.183979823503,8783.894911870853,1374.228010465804,1961.5062626896918,5448.160638715357,1451.647999574298,7332.246912296554,16.618278780872842,12,1,0,0,11,55.05565450304102,55.05565450304102,55.05565450304102,1.0,0.0,0.0,0.0,1,0,0.0,0.0,0.6481151656529935,0.35188483434700646,0.0,0.0,1.0,0.6481151656529935,0.0,0.6481151656529935,14,1,2023,7,22,3,0,1,0,1,0,1,GRAVE_MORTALIDAD,2
3,2,3,0,4,1,-16.01906315528676,-71.29354542556149,0,4,2,0,2,0,1,0,1504.4250000000002,2.0,2,0,1.0,7,25,241.0,0.4685280505645348,81.83746865987648,70.74305753660312,6.037751599761188,617.4715908037651,1751.8736616702354,10322.272,1495.236,1749.739,7077.2970000000005,2886.595,7435.677000000001,27.964725207783708,8,2,0,0,5,40.65097552983037,38.23823164737278,43.298924513882724,1.0,0.0,0.0,0.0,2,0,0.0,0.294384695215707,1.0,0.705615304784293,0.0,0.705615304784293,1.0,0.0,0.0,0.0,21,2,2023,2,24,2,0,1,0,1,0,1,GRAVE_MORTALIDAD,2
1,1,10,0,4,1,-13.667225746233871,-76.16956441453353,0,4,7,1,2,2,2,0,205.54999999999995,-1.0,2,0,1.0,13,31,15.0,0.5298846428996863,78.10508616897845,62.93271300784156,8.915839413037762,776.0272442425506,13279.121529492308,3721.461,698.1859999999996,744.866,2278.409,1102.9029999999996,2618.558,29.636290693359403,2,1,0,0,0,28.004327370047754,21.306041144801295,32.78881753093809,1.0,0.5215509839109671,0.0,0.0,1,0,0.0,0.4784490160890329,0.0,1.0,0.5215509839109671,0.4784490160890329,0.4784490160890329,0.5215509839109671,0.5215509839109671,0.5215509839109671,12,1,2022,9,6,3,0,0,0,1,0,1,GRAVE_MORTALIDAD,2
1,1,2,1,4,1,-8.887732171256687,-78.65977380648253,0,3,7,1,2,2,2,0,6543.555,3.0,2,0,1.0,0,30,1475.0,0.574561479605477,79.0829345377257,61.69175878593591,7.972363809465264,1038.6409546684665,20949.638677776053,10538.817756906414,1816.5726032490322,1311.627274498272,7410.617879159111,1990.5243770447455,8548.29337986167,18.77626978623828,3,1,0,1,0,36.750705142014375,33.249294857985625,39.376762855035935,0.12464742899281334,0.0,0.0,0.0,1,0,0.8753525710071867,0.0,0.0,0.12464742899281334,0.0,0.0,0.12464742899281334,0.0,0.0,0.8753525710071867,5,0,2022,9,8,6,1,0,0,1,1,1,GRAVE_MORTALIDAD,2
3,1,11,0,4,1,-11.764971455047199,-75.70597490371526,0,4,0,0,2,1,1,2,7586.903,2.0,2,0,1.0,9,5,1198.0,0.45541523437470394,68.75200984563062,55.755577414931906,7.111463110544475,734.9293872340069,1405.2646196908997,12264.545,1826.4639999999995,1105.5389999999998,9332.542,1588.5359999999996,10676.009,12.952261987705208,5,1,0,0,3,52.78939094682271,47.50161097449269,58.07717091915272,1.0,0.0,0.0,1.0,1,0,0.0,0.961414540423639,0.0,1.0,0.0,0.961414540423639,1.0,0.0,0.0,0.0,11,1,2022,9,11,0,0,0,2,1,0,1,GRAVE_MORTALIDAD,2
3,3,14,0,4,1,-7.62214440347234,-79.34936216609083,0,4,7,1,2,2,2,1,6543.555,3.0,2,0,1.0,0,30,1475.0,0.49311708329046283,75.7443349748145,50.604640871151034,6.753794296278934,876.0318755311541,45942.37022999814,8944.213587593935,1498.2730798658881,1463.035817816996,5982.904689911051,1581.6491496305762,7362.5644379633595,17.673761641469397,4,3,0,0,1,47.483040932583705,32.36408923429026,62.82044617145131,1.0,0.0,0.0,0.36408923429026163,3,0,0.0,1.0,0.6359107657097384,0.36408923429026163,0.0,0.6359107657097384,1.0,0.0,1.0,0.0,14,3,2022,9,8,2,0,0,0,1,1,1,GRAVE_MORTALIDAD,2
6,1,7,0,4,0,-13.455945136646346,-71.51603442636608,1,4,1,0,2,1,0,5,6543.555,2.0,4,4,1.0,14,33,1198.0,0.2595737650518954,61.453944988889795,44.85642529391563,4.069557835254255,300.07575644566754,12655.60797177875,17779.13499998999,2097.3709999899997,2863.123,12818.640999999989,2878.713,14900.421999989989,16.19152450331032,13,1,0,0,12,27.746105189399493,27.746105189399493,27.746105189399493,1.0,0.7658684256625315,0.23413157433746845,0.23413157433746845,1,0,0.0,0.0,0.23413157433746845,0.7658684256625315,0.0,0.7658684256625315,0.23413157433746845,0.0,0.7658684256625315,0.0,9,0,2021,3,17,4,0,1,2,1,0,1,GRAVE_MORTALIDAD,2
3,1,3,0,4,1,-16.484728583806856,-72.93823851829261,0,4,0,0,2,1,1,0,6639.975,2.0,2,0,1.0,9,31,1616.0,0.6213829012909525,82.36884679025285,67.8338336034595,8.689064235517309,1114.5348838122447,4370.614461181055,10322.272,1495.236,1749.739,7077.2970000000005,2886.595,7435.677000000001,27.964725207783708,7,2,0,0,5,34.69803287502093,30.237639450025114,39.07921315000837,0.9207868499916292,0.0,0.0,0.0,2,0,0.0,0.07921315000837081,0.0,1.0,0.0,1.0,1.0,0.0,0.0,0.0,18,2,2022,1,21,4,0,1,0,1,0,1,GRAVE_MORTALIDAD,2
6,1,14,0,4,1,-11.247343361673334,-77.53085843285135,0,4,7,1,2,1,0,0,6543.555,3.0,2,0,1.0,0,30,1475.0,0.7327345537337897,78.20903814342847,76.31492653513806,13.642917835589472,1405.6698219039215,62016.21841541756,7626.313,1683.4029999999998,1599.0829999999996,4343.827000000001,1814.875,5811.438000000001,23.797541485643197,2,1,0,0,1,35.90588324107996,35.90588324107996,35.90588324107996,1.0,0.0,0.0,0.047058379460018895,1,0,0.0,0.0,0.0,1.0,0.0,0.9529416205399811,0.047058379460018895,0.0,0.0,0.0,3,0,2021,2,12,5,1,0,0,1,1,1,GRAVE_MORTALIDAD,2
3,2,10,0,4,1,-15.199034215075324,-74.95551448283793,6,3,7,1,2,2,2,1,6639.975,2.0,2,0,1.0,9,31,1616.0,0.5563774842369664,77.00938809632027,69.10246351364754,8.476961866273152,914.8835608305218,27932.19700214133,3721.461,698.1859999999996,744.866,2278.409,1102.9029999999996,2618.558,29.636290693359403,3,2,0,0,1,35.00972402518404,32.92220779852767,37.097240251840404,1.0,0.01944805036808117,0.0,0.9805519496319188,2,0,0.0,1.0,0.0,1.0,0.0,0.9805519496319188,1.0,0.0,0.01944805036808117,0.01944805036808117,8,1,2022,6,23,5,0,1,0,1,0,1,GRAVE_MORTALIDAD,2
5,1,7,0,4,1,-12.771104663264099,-72.75596982112742,4,4,0,0,6,1,1,4,3447.8009999999995,1.0,2,3,0.0,9,12,1109.0,0.434747554471296,75.18343461337584,58.68480124648404,6.41277482853107,592.7429064375588,28396.574515069882,17779.13499998999,2097.3709999899997,2863.123,12818.640999999989,2878.713,14900.421999989989,16.19152450331032,6,1,0,0,5,46.168089583398334,45.601707500078,46.73447166671867,1.0,0.0,0.0,0.0,1,0,0.0,0.0,0.8112059722265555,0.18879402777344445,0.18879402777344445,0.0,0.8112059722265555,0.0,1.0,0.18879402777344445,14,2,2021,3,19,4,0,1,2,0,0,1,GRAVE_MORTALIDAD,2
6,1,8,0,4,1,-7.232572759762142,-78.52574937796913,0,4,7,0,4,2,2,0,929.5479686076832,0.2432251931554854,0,2,0.0,9,32,131.144751830432,0.3500056658277067,72.82334674876986,48.2713632126694,5.435054158439057,416.40444654471406,11534.018933875926,10020.966120198886,1842.5235635906631,979.9916412463344,7198.450915361889,2147.652691525203,7873.313428673684,21.658195043555878,15,1,0,0,14,53.31526718174796,53.31526718174796,53.31526718174796,1.0,0.41440839771849514,0.0,0.41440839771849514,1,0,0.0,0.0,0.5855916022815049,0.41440839771849514,0.41440839771849514,0.0,0.5855916022815049,1.0,0.41440839771849514,0.41440839771849514,13,3,2022,7,22,0,0,1,0,1,0,1,GRAVE_MORTALIDAD,2
3,1,5,0,4,1,-5.2725582994604965,-78.99182041314279,0,1,0,0,2,2,2,1,7437.626449406672,1.9358261334028228,1,0,0.9358261334028228,9,20,2073.639173397611,0.44227041000921735,75.45826724897466,56.77870412847239,6.498112726465142,620.8757747899269,37828.74868634679,15935.565011852366,1733.9250000199986,935.692,13265.948011832368,2000.1670000199988,13935.398011832369,12.551591352627522,4,1,0,0,2,34.93582613340282,31.192521599791533,38.679130667014114,1.0,1.0,0.0,0.9358261334028228,1,0,0.0,0.0,0.0,1.0,1.0,0.0,0.0,1.0,1.0,1.0,14,3,2023,3,12,0,0,0,2,1,0,1,GRAVE_MORTALIDAD,2
4,1,12,0,4,1,-7.865423761686879,-78.11015007450237,0,4,7,1,1,2,2,2,9936.932,2.0,2,0,1.0,9,32,3830.0,0.3986882084754764,72.97869269132666,58.65435142755623,5.605762371496486,527.7120199980477,69564.29978586723,8931.828000000005,1335.5899999999997,1935.9830000000004,5660.255000000005,1219.309,7712.519000000005,13.651281686122925,3,1,0,0,1,34.78384233347997,30.711789777973287,38.85589488898665,1.0,0.5429403407342237,0.0,0.0,1,0,0.0,0.4570596592657763,0.5429403407342237,0.5429403407342237,0.5429403407342237,0.0,1.0,0.0,0.0,0.5429403407342237,10,1,2021,9,19,4,0,1,0,1,0,1,GRAVE_MORTALIDAD,2
6,1,7,0,4,2,-13.824691641655447,-71.33540246523744,4,4,0,0,5,1,0,1,6543.555,2.0,4,4,1.0,14,33,1198.0,0.36867285035074854,72.46529955720133,61.58706579018336,6.000024453455356,405.6381442730177,4941.706352070308,17779.13499998999,2097.3709999899997,2863.123,12818.640999999989,2878.713,14900.421999989989,16.19152450331032,3,1,0,0,1,39.610204214901174,39.610204214901174,39.610204214901174,0.2902551053725294,1.0,0.0,0.0,1,0,0.0,0.0,0.7097448946274706,0.2902551053725294,0.7097448946274706,0.2902551053725294,0.0,0.7097448946274706,0.2902551053725294,0.7097448946274706,16,2,2022,5,17,5,1,0,2,1,0,1,GRAVE_MORTALIDAD,2
6,1,7,0,4,2,-13.880523798917158,-71.88044861768415,0,4,0,0,7,2,2,1,6543.555,2.0,4,4,1.0,14,33,1198.0,0.2560072275809503,72.36709590857156,51.64328336471181,4.973009910698507,215.349787212328,5192.210593490679,17779.13499998999,2097.3709999899997,2863.123,12818.640999999989,2878.713,14900.421999989989,16.19152450331032,4,1,0,0,3,31.94258271832303,31.94258271832303,31.94258271832303,1.0,0.43806474648033666,0.0,0.0,1,0,0.0,0.0,0.0,1.0,0.0,1.0,0.0,0.0,0.0,0.0,18,2,2023,3,25,5,0,1,2,1,0,1,GRAVE_MORTALIDAD,2
3,1,14,1,4,1,-12.161763318047715,-76.97640878348535,0,2,7,1,2,2,2,0,6018.1493154709315,2.0,2,0,0.8880654218652108,9,30,1549.8466643223396,0.7462120534718039,79.71667655184196,76.46843766635322,11.212148363417173,1616.1790555000673,336252.11802088964,7626.313,1683.4029999999998,1599.0829999999996,4343.827000000001,1814.875,5811.438000000001,23.797541485643197,4,3,0,0,1,38.43291590611295,34.65678506238253,42.209046749843374,1.0,0.0,0.0,0.0,3,0,0.0,0.0,0.11193457813478924,1.0,0.0,0.8880654218652108,0.11193457813478924,0.0,0.11193457813478924,0.8880654218652108,12,3,2023,9,20,5,0,0,0,1,0,1,GRAVE_MORTALIDAD,2
3,1,14,0,4,1,-10.970851955624267,-77.63215181905713,0,4,1,1,2,1,0,2,6543.555,3.0,2,0,1.0,0,30,1475.0,0.6058977644686256,75.86009868534626,65.24867654925505,8.328201694517173,1216.0018080234922,26242.524625267662,7626.313,1683.4029999999998,1599.0829999999996,4343.827000000001,1814.875,5811.438000000001,23.797541485643197,4,2,0,0,2,50.10437665660714,39.266541237034886,60.942212076179395,1.0,0.3904941089950168,0.0,1.0,2,0,0.0,0.3904941089950168,0.6095058910049832,0.6095058910049832,0.6095058910049832,0.3904941089950168,1.0,0.0,0.0,0.0,12,1,2021,6,13,5,1,0,0,1,1,1,GRAVE_MORTALIDAD,2
4,1,17,0,4,1,-8.578150602714171,-77.07883228829887,0,4,7,0,2,2,2,0,1777.6479119377523,-0.13686390866100662,1,1,0.0,9,32,751.5491406726059,0.4933038591529506,72.27712412631958,54.26070548098462,6.819919338402549,905.3989225814754,1766.1028055049153,6771.300313984644,1308.6608136079428,1325.561646175358,4137.077854201343,1468.9865900053142,5302.31372397933,21.27472518267602,4,1,0,0,3,24.568431954330503,22.410591725983018,26.726272182677988,1.0,1.0,0.0,0.0,1,0,0.0,0.0,0.4315680456694967,1.0,0.4315680456694967,1.0,0.0,0.0,0.4315680456694967,0.4315680456694967,4,0,2022,6,19,3,0,1,0,1,0,1,GRAVE_MORTALIDAD,2
8,2,3,0,4,1,-16.043455563848436,-71.32547111476377,0,4,0,0,2,0,1,0,1504.4250000000002,2.0,2,0,1.0,7,25,241.0,0.4685280505645348,81.83746865987648,70.74305753660312,6.037751599761188,617.4715908037651,1751.8736616702354,10322.272,1495.236,1749.739,7077.2970000000005,2886.595,7435.677000000001,27.964725207783708,6,2,0,0,4,37.257325205639994,35.79199303340571,38.79199303340571,1.0,0.0,0.0,0.0,2,0,0.0,0.7919930334057097,0.2080069665942903,0.2080069665942903,0.0,0.2080069665942903,1.0,0.0,0.0,0.0,13,1,2022,2,18,1,0,1,0,1,0,1,GRAVE_MORTALIDAD,2
3,2,12,1,4,1,-8.088330411458413,-79.09662985265824,0,0,7,1,2,2,2,2,6543.555,3.0,2,0,1.0,0,30,1475.0,0.583006771156836,78.2441938961209,62.24037484511178,8.807312392374042,1028.2282118265089,76607.295503212,8931.828000000005,1335.5899999999997,1935.9830000000004,5660.255000000005,1219.309,7712.519000000005,13.651281686122925,3,2,0,0,1,40.56656194191488,35.06656194191488,46.06656194191488,1.0,0.0,0.0,0.0,2,0,0.0,0.013312388382975882,1.0,0.9866876116170241,0.0,0.9866876116170241,1.0,0.0,0.0,0.0,4,0,2021,11,13,5,0,0,0,1,1,1,GRAVE_MORTALIDAD,2