CLASE SINIESTRO,CANTIDAD DE VEHICULOS DAÑADOS,DEPARTAMENTO,ZONA,TIPO DE VÍA,RED VIAL,COORDENADAS LATITUD,COORDENADAS  LONGITUD,CONDICIÓN CLIMÁTICA,ZONIFICACIÓN,CARACTERÍSTICAS DE VÍA,PERFIL LONGITUDINAL VÍA,SUPERFICIE DE CALZADA,¿EXISTE SEÑAL VERTICAL?,¿EXISTE SEÑAL HORIZONTAL?,CAUSA FACTOR PRINCIPAL,MTC_RVN_LONGITUD_KM,MTC_RVN_N_CARRILES_MEDIANA,MTC_RVN_SUPERFICIE_DOMINANTE,MTC_RVN_ESTADO_DOMINANTE,MTC_RVN_ES_CONCESIONADA,MTC_RVN_CONCESION_PRINCIPAL,MTC_RVN_CORREDOR_LOGISTICO,MTC_RVN_N_TRAMOS,IDH_2019,IDH_ESP_VIDA_2019,IDH_EDUC_SECUND_PCT_2019,IDH_ANIOS_EDUC_2019,IDH_INGRESO_PERCAP_2019,IDH_POBLACION_2019,MTC_DEP_RED_TOTAL_KM,MTC_DEP_NACIONAL_TOTAL_KM,MTC_DEP_DEPARTAMENTAL_TOTAL_KM,MTC_DEP_VECINAL_TOTAL_KM,MTC_DEP_PAV_TOTAL_KM,MTC_DEP_NO_PAV_TOTAL_KM,MTC_DEP_PCT_PAVIMENTADA,PER_TOTAL_PERSONAS,PER_N_CONDUCTORES,PER_N_CONDUCTORES_FUGADOS,PER_N_PEATONES,PER_N_PASAJEROS_OCUPANTES,PER_EDAD_COND_PROM,PER_EDAD_COND_MIN,PER_EDAD_COND_MAX,PER_ANY_COND_MASCULINO,PER_ANY_LIC_PROBLEMA,PER_ANY_DOSAJE_POS,PER_ANY_DOSAJE_EVALUADO,VEH_TOTAL,VEH_N_FUGADOS,VEH_ANY_FUGADO,VEH_ANY_CARGA,VEH_ANY_PUBLICO,VEH_ANY_PARTICULAR,VEH_ANY_MOTO,VEH_ANY_AUTO,VEH_ANY_CAMION_BUS,VEH_ANY_SOAT_PROBLEMA,VEH_ANY_CITV_PROBLEMA,VEH_ANY_SEGURO_PROBLEMA,HORA_NUM,FRANJA_HORARIA,ANIO,MES,DIA_MES,DIA_SEMANA,ES_FIN_SEMANA,ES_QUINCENA,REGION_NATURAL,TIENE_SEÑALIZACION,ES_VIA_MULTICARRIL,ES_DEPTO_BAJO_PAVIMENTO,CATEGORIA_SEVERIDAD,CATEGORIA_SEVERIDAD_ENC
3,1,3,0,4,1,-16.444866644321383,-71.97604477407273,0,4,7,1,2,0,1,0,6639.975,2.0,2,0,1.0,9,31,1616.0,0.6455852322566902,78.58826324858522,78.38415596279924,8.472481180514539,1258.6172876652156,2628.282655246253,10322.272,1495.236,1749.739,7077.2970000000005,2886.595,7435.677000000001,27.964725207783708,4,2,0,0,2,40.26135513230944,34.00349388686444,45.770089849470544,0.2508734717161105,0.0,0.0,0.0,2,0,0.0,0.7491265282838895,0.0,1.0,0.0,1.0,1.0,0.0,0.0,0.0,10,2,2024,6,12,2,0,0,0,1,0,1,GRAVE_MORTALIDAD,2
6,1,11,0,4,1,-11.769828076907721,-75.58804680852982,0,4,0,0,4,1,1,2,7075.304038633202,2.0,2,1,1.0,11,18,1198.0,0.36420840804118393,69.774906622174,63.845153389184,6.563319536253335,430.64351535790433,692.790615470108,12264.545,1826.4639999999995,1105.5389999999998,9332.542,1588.5359999999996,10676.009,12.952261987705208,7,1,0,0,6,40.38625803215042,40.38625803215042,40.38625803215042,1.0,0.0,0.0,0.5096564508037607,1,0,0.0,0.0,0.0,1.0,0.0,0.49034354919623935,0.5096564508037607,0.0,0.0,0.0,9,1,2022,8,22,1,0,0,2,1,0,1,GRAVE_MORTALIDAD,2
6,1,4,0,4,1,-13.912012870606333,-73.80175112282639,0,4,0,0,1,2,2,2,6543.555,2.0,4,4,1.0,14,33,1198.0,0.2589859590991227,73.41720485989666,31.12645618860539,5.7187399419633875,232.83680985388264,556.4554820955635,12678.733000000004,1805.074000000001,1774.0339999999994,9099.625000000004,2485.375000000001,10193.358000000002,19.602707936195205,9,1,0,0,8,45.54432703159502,45.54432703159502,45.54432703159502,1.0,0.09113459368099641,0.0,1.0,1,0,0.0,0.0,0.0,1.0,0.0,0.9088654063190036,0.09113459368099641,0.9088654063190036,0.9088654063190036,0.0,3,0,2022,7,29,5,0,1,2,1,0,1,GRAVE_MORTALIDAD,2
6,1,7,0,4,2,-13.741846287060845,-73.1420837647365,5,4,0,0,1,2,2,5,6543.555,2.0,4,4,1.0,14,33,1198.0,0.24752165429220124,68.95390599351462,46.004899033417416,5.079726195894845,194.47393649153946,9689.675045817054,12885.719731167841,1851.409615980572,1898.6416962743444,9135.668418912925,2663.383202146134,10222.336529021706,20.61011186959436,5,1,0,0,4,32.00734161808022,32.00734161808022,32.00734161808022,1.0,0.7851898844228413,0.0,0.7851898844228413,1,0,0.0,0.0,0.0,1.0,0.0,0.21481011557715868,0.0,0.7851898844228413,0.7851898844228413,0.0,12,1,2021,7,17,5,1,0,2,1,0,1,GRAVE_MORTALIDAD,2
4,1,3,0,4,2,-16.08778618062136,-73.70350462899576,0,4,4,0,1,2,2,0,6590.55071574498,2.0,3,2,1.0,11,32,1401.7358346961375,0.5327821213851651,83.14221951667945,60.20083150893707,8.889951507910244,738.7860397244201,1042.5741151459683,10322.272,1495.236,1749.739,7077.2970000000005,2886.595,7435.677000000001,27.964725207783708,3,1,0,0,1,60.88223381744152,59.176311756588696,62.588155878294344,1.0,0.0,0.0,0.0,1,0,0.0,0.0,0.0,1.0,0.0,1.0,0.48740630310080757,0.0,0.0,0.0,14,1,2022,1,17,4,0,0,0,1,0,1,GRAVE_MORTALIDAD,2
3,1,1,0,4,1,-10.045385180644749,-77.30616424464934,4,4,0,0,1,1,1,2,645.0782365357331,1.8361149488443336,1,2,0.0,9,7,146.52959381078622,0.450121262711571,71.34646162635117,69.69786513582596,7.752357259290157,586.571121453358,3992.4408808050953,10767.648,1885.0630000000003,1222.721,7659.864000000001,2100.343,8667.305000000002,19.506051832303577,7,1,0,0,5,41.85508427750394,37.600911854237445,46.109256700770445,1.0,0.0,0.0,0.9453716496147778,1,0,0.0,0.9453716496147778,0.05462835038522218,0.9453716496147778,0.0,0.9453716496147778,1.0,0.0,0.0,0.0,11,2,2021,2,6,5,0,0,0,1,0,1,GRAVE_MORTALIDAD,2
3,2,14,0,4,1,-11.159211027703822,-77.57586096998254,0,4,7,0,2,1,1,1,6543.555,3.0,2,0,1.0,0,30,1475.0,0.7270203034302952,78.30309210477346,76.09759495144984,13.357172603510179,1393.3641378047264,62227.158305091885,7626.313,1683.4029999999998,1599.0829999999996,4343.827000000001,1814.875,5811.438000000001,23.797541485643197,10,2,0,0,8,40.62401283595309,35.057236693516806,46.34342016110086,1.0,0.0,0.0,1.0,2,0,0.0,0.05723669351680938,0.9427633064831906,0.9427633064831906,0.0,0.9427633064831906,1.0,0.0,0.0,0.0,5,0,2024,2,17,5,0,1,0,1,1,1,GRAVE_MORTALIDAD,2
3,1,14,0,4,1,-11.140349344073211,-77.5913315151297,0,4,7,0,2,1,1,1,6543.555,3.0,2,0,1.0,0,30,1475.0,0.7327345537337897,78.20903814342847,76.31492653513806,13.642917835589472,1405.6698219039215,62016.21841541756,7626.313,1683.4029999999998,1599.0829999999996,4343.827000000001,1814.875,5811.438000000001,23.797541485643197,9,1,0,0,7,40.18949378870663,35.06900138028742,45.30998619712584,1.0,0.0,0.0,0.930998619712584,1,0,0.0,0.0,0.930998619712584,1.0,0.0,1.0,0.930998619712584,0.0,0.0,0.0,4,0,2023,3,16,5,1,0,0,1,1,1,GRAVE_MORTALIDAD,2
3,1,13,2,2,3,-11.872901171568381,-77.15615741450283,0,0,1,1,2,1,1,0,6543.555,2.0505073923828068,3,3,1.0,13,32,1211.9905476900374,0.824351481273729,80.30935515535057,80.14006504128737,12.823966935451773,1941.2087304836489,74960.7553642936,7692.25115836664,1665.8358723331587,1616.0989404937673,4410.316345539714,1784.7945143481415,5907.4566440185,23.28508036073093,3,2,0,0,1,57.11612063330089,37.84847782285158,76.38376344375018,1.0,0.0,0.0,0.0,2,0,0.0,0.0,1.0,1.0,0.0,1.0,1.0,0.0,0.0,0.0,15,2,2022,6,9,4,0,0,0,1,0,1,GRAVE_MORTALIDAD,2
6,1,5,0,4,0,-6.989431893292893,-78.75995141815942,3,4,3,0,4,2,2,1,6543.555,2.0,4,4,1.0,14,33,1198.0,0.2749958562846188,70.93090332120127,37.62135815422114,4.574226257122954,312.32850562524413,7267.301916611895,15935.565011852366,1733.9250000199986,935.692,13265.948011832368,2000.1670000199988,13935.398011832369,12.551591352627522,5,1,0,0,4,45.20957116172026,43.398790138179,46.56765692937621,0.5473047441146843,0.0,0.0,0.5473047441146843,1,0,0.0,0.0,0.0,1.0,0.0,0.5473047441146843,0.4526952558853157,0.5473047441146843,1.0,0.5473047441146843,10,0,2023,1,10,3,0,0,2,1,0,1,GRAVE_MORTALIDAD,2
6,1,3,0,4,1,-13.624683367644755,-73.29852653250776,5,4,6,1,5,2,2,0,7483.158466008772,2.0,2,0,1.0,9,7,1243.7956837355462,0.6120341109379425,74.60516943664894,79.29686279587852,10.57518154734479,1015.1208374873044,58212.916624641846,8278.701684080579,1326.3789210170687,1331.072740824945,5621.250022238566,1474.555593201569,6804.14609087901,17.868918518292922,3,1,0,0,1,26.944125871960914,26.177212507968513,27.711039235953315,1.0,0.0,0.0,0.0,1,0,0.0,0.10955905199891425,0.0,0.10955905199891425,0.0,1.0,0.10955905199891425,0.0,0.0,0.0,7,1,2022,4,19,2,0,1,1,1,0,1,GRAVE_MORTALIDAD,2
3,1,7,0,4,1,-15.189100215376243,-71.14952937296988,0,4,1,1,2,1,0,2,568.5409999999999,1.0,2,3,0.0,9,3,93.0,0.4030087316398147,68.48635496203077,63.93375399236763,5.901622585880405,557.7976382006109,1180.676245407215,17779.13499998999,2097.3709999899997,2863.123,12818.640999999989,2878.713,14900.421999989989,16.19152450331032,5,1,0,0,4,38.89408141534195,36.31360471780651,41.474558112877396,1.0,0.0,0.0,0.7372790564386972,1,0,0.0,0.0,0.2627209435613028,0.7372790564386972,0.0,0.7372790564386972,1.0,0.0,0.7372790564386972,0.0,14,2,2022,2,9,1,0,0,2,1,0,1,GRAVE_MORTALIDAD,2
6,2,12,0,4,1,-7.414986364526967,-79.49867166983957,0,4,7,1,2,2,2,2,6543.555,2.5277515010548415,2,1,1.0,6,31,1344.187165792191,0.6138517538553948,80.84826225715301,64.49339622566798,9.143362084626023,1095.689060330069,16852.97430406852,8931.828000000005,1335.5899999999997,1935.9830000000004,5660.255000000005,1219.309,7712.519000000005,13.651281686122925,6,2,0,0,4,34.79585835091402,24.94449699789032,41.832545031645246,1.0,0.5277515010548415,0.0,0.0,2,0,0.0,1.0,0.0,0.0,0.0,0.0,1.0,0.0,0.5277515010548415,0.0,18,2,2021,5,14,4,0,0,0,1,0,1,GRAVE_MORTALIDAD,2
6,1,3,0,4,2,-16.681496423328678,-72.4777196368899,3,4,0,0,3,2,2,0,6543.555,2.0,4,4,1.0,14,33,1198.0,0.6315684392044789,80.03483311582677,68.25999359239547,8.631592652409235,1219.7264707967881,6304.010927037869,10322.272,1495.236,1749.739,7077.2970000000005,2886.595,7435.677000000001,27.964725207783708,4,1,0,0,3,47.2161069007128,47.2161069007128,47.2161069007128,1.0,0.6756711208630334,0.0,0.0,1,0,0.0,0.0,0.0,1.0,0.0,0.6756711208630334,0.3243288791369666,0.6756711208630334,0.6756711208630334,0.0,5,0,2023,10,18,3,0,0,0,1,0,1,GRAVE_MORTALIDAD,2
5,1,19,0,4,0,-14.430091812117043,-69.85587301309705,0,4,0,0,1,2,2,4,6543.555,2.0,4,4,1.0,14,33,1198.0,0.6093821235294168,62.31779964379378,74.29161889062753,8.130697783501832,1620.4129004446722,26475.635943661007,13840.285096671894,2024.44439310281,2378.4760333446347,9437.364670224448,3293.2183807161023,10547.066715955789,23.904770988422236,11,1,0,0,10,34.14356824877095,33.61715133661081,34.66998516093108,1.0,0.047856082923648624,0.0,0.047856082923648624,1,0,0.0,0.047856082923648624,0.0,0.047856082923648624,0.047856082923648624,0.0,1.0,0.047856082923648624,1.0,0.047856082923648624,11,1,2022,1,21,3,0,1,2,1,0,1,GRAVE_MORTALIDAD,2
3,1,11,0,4,1,-11.725859444876862,-75.71461485869446,0,4,0,0,2,1,1,2,8001.340966607989,2.0,2,0,1.0,9,9,1662.164794609865,0.4805669828428675,69.97973740611758,58.23149131158277,7.441731617774252,795.6238524580206,1437.18166868857,12264.545,1826.4639999999995,1105.5389999999998,9332.542,1588.5359999999996,10676.009,12.952261987705208,3,2,0,0,1,36.647291189506184,28.412810352777818,44.88177202623454,1.0,0.8236455947530908,0.0,0.8236455947530908,2,0,0.0,0.17635440524690915,1.0,0.8236455947530908,0.0,0.8236455947530908,1.0,0.0,0.8236455947530908,0.0,3,0,2022,10,8,4,0,0,2,1,0,1,GRAVE_MORTALIDAD,2
3,3,18,2,4,1,-14.504892631941933,-72.15165382703032,0,3,7,1,2,2,2,2,1321.458245254018,2.0,2,0,1.0,5,21,216.26512846274227,0.6071748199888374,75.02867523040219,77.6117812253422,10.125274208295101,1030.1426751800313,239326.37855524928,11891.666092139498,1922.6030938852489,2134.4032471028017,7834.659751151448,2877.793758745748,9013.872333393749,24.148432035762415,12,3,0,0,8,37.89149017637853,24.036989420715344,56.0,1.0,0.0,0.0,0.7090015113263796,3,0,0.0,1.0,0.0,1.0,0.0,0.7090015113263796,1.0,0.7090015113263796,0.7090015113263796,0.7090015113263796,11,1,2022,6,21,1,0,1,1,1,0,1,GRAVE_MORTALIDAD,2
6,1,4,0,4,0,-12.95650316221792,-74.12717866031025,0,4,2,0,7,2,2,2,6543.555,2.0,4,4,1.0,14,33,1198.0,0.18514667138532068,80.43756433604256,41.23724105144913,2.9744826156673945,146.4622631933275,2142.1878413306304,12678.733000000004,1805.074000000001,1774.0339999999994,9099.625000000004,2485.375000000001,10193.358000000002,19.602707936195205,6,1,0,0,4,42.061865066924454,42.061865066924454,42.061865066924454,1.0,0.0,0.0,0.4123730133848913,1,0,0.0,0.0,0.0,1.0,0.0,0.5876269866151087,0.4123730133848913,0.0,0.0,0.0,7,1,2022,6,25,5,0,1,2,1,0,1,GRAVE_MORTALIDAD,2
6,1,8,0,4,1,-13.269740606675937,-74.9051151992286,0,4,5,1,2,1,0,0,1538.2185063158556,1.8205917893241481,1,3,0.8205917893241481,9,25,273.7361115445541,0.28855157114607916,71.84849805158656,46.770287863879936,4.810973851600893,277.2732010398517,3402.8924741781557,8511.426,1445.3929999999996,2008.516,5057.516999999999,1879.579,6631.846999999998,22.08300935706896,5,1,0,0,4,39.511714949461926,39.511714949461926,39.511714949461926,1.0,0.1794082106758519,0.0,0.0,1,0,0.0,0.1794082106758519,0.0,0.8205917893241481,0.0,0.8205917893241481,0.1794082106758519,0.0,0.0,0.0,8,0,2024,7,23,5,1,0,2,1,0,1,GRAVE_MORTALIDAD,2
4,1,11,0,4,0,-11.295902690478007,-75.71838256591477,0,4,2,1,7,2,2,1,6543.555,2.0,4,4,1.0,14,33,1198.0,0.3405153191971029,77.79408560575774,52.57638446411414,5.459063571944666,341.0592200820431,4660.613001180443,12264.545,1826.4639999999995,1105.5389999999998,9332.542,1588.5359999999996,10676.009,12.952261987705208,2,1,0,0,1,23.403338019044337,23.09947153980611,23.707204498282564,1.0,0.6077329584764529,0.0,0.3922670415235471,1,0,0.0,0.0,0.0,0.6077329584764529,1.0,0.6077329584764529,0.0,1.0,1.0,0.6077329584764529,17,2,2021,10,21,4,0,1,2,1,0,1,GRAVE_MORTALIDAD,2
3,2,10,0,4,1,-13.951762955453665,-75.79621560702071,0,4,7,1,2,2,2,0,6639.975,2.0,2,0,1.0,9,31,1616.0,0.6053164595604621,78.88848309050202,67.63954639531094,9.133324993872453,1064.9426147896202,27932.19700214133,3721.461,698.1859999999996,744.866,2278.409,1102.9029999999996,2618.558,29.636290693359403,3,2,0,0,1,26.6014110427727,23.28672217340907,29.916099912136332,1.0,0.4475518551060619,0.0,0.0,2,0,0.4475518551060619,0.0,0.5524481448939381,1.0,1.0,0.0,0.5524481448939381,0.4475518551060619,0.4475518551060619,0.4475518551060619,12,0,2022,6,13,2,0,0,0,1,0,1,GRAVE_MORTALIDAD,2
6,1,8,0,4,1,-12.472331897027129,-74.80837824641591,0,4,1,0,5,2,2,1,7586.903,2.0,2,0,1.0,9,5,1198.0,0.25943538146954326,68.9782347380169,48.17805570286268,4.1711281362222445,246.15125133929462,3616.1857525433147,8511.426,1445.3929999999996,2008.516,5057.516999999999,1879.579,6631.846999999998,22.08300935706896,4,1,0,0,3,48.06003786377895,48.06003786377895,48.06003786377895,1.0,0.0,0.0,0.0,1,0,0.0,0.0,0.0,1.0,0.0,0.7300017210808615,0.2699982789191385,0.0,0.0,0.0,6,0,2023,7,15,1,0,1,2,1,0,1,GRAVE_MORTALIDAD,2
3,1,19,1,4,1,-8.413040462421126,-74.2323206602149,2,3,2,0,4,2,2,1,6150.314346717904,2.0,2,0,1.0,7,19,1572.39828591875,0.566573465485309,72.3738582563916,63.052644560902976,8.5700523610133,1079.070021416453,87176.28987558033,4373.409043955486,666.3770214107841,741.6021748719962,2965.4298476727054,827.5230645783254,3545.88597937716,19.980914106282494,6,2,0,0,4,36.99921153316914,29.22835955575543,44.29305715952457,1.0,0.6422452367062857,0.0,0.6422452367062857,2,0,0.0,0.35775476329371425,0.6422452367062857,0.6422452367062857,0.6422452367062857,0.0,1.0,0.0,0.6422452367062857,0.6422452367062857,5,0,2022,4,8,3,0,0,1,1,0,1,GRAVE_MORTALIDAD,2
3,1,7,0,4,1,-13.652327500248317,-71.59314518575648,0,4,0,0,2,1,1,2,3263.58,2.0,2,0,1.0,5,18,566.0,0.4629184740681672,65.5665792285447,72.8013940331536,7.251714555673934,719.1023705109678,7985.920770877943,17779.13499998999,2097.3709999899997,2863.123,12818.640999999989,2878.713,14900.421999989989,16.19152450331032,3,1,0,0,1,29.276346702830693,16.639009420483738,41.91368398517764,1.0,1.0,0.0,0.9360990579516262,1,0,0.0,0.0,0.9360990579516262,1.0,0.9360990579516262,0.0,1.0,1.0,1.0,1.0,16,3,2024,9,9,2,0,0,2,1,0,1,GRAVE_MORTALIDAD,2
3,2,3,0,4,1,-15.825037437323815,-71.07759251596958,0,4,7,1,2,0,1,0,1504.4250000000002,2.0,2,0,1.0,7,25,241.0,0.4498224071382834,81.63336343193146,58.84842497065013,5.774685730039019,620.6584683449911,1358.612419700214,10322.272,1495.236,1749.739,7077.2970000000005,2886.595,7435.677000000001,27.964725207783708,7,2,0,0,5,37.16901147997464,32.33098852002536,42.00703443992393,1.0,1.0,0.0,0.9256653911139285,2,0,0.0,1.0,0.07433460888607146,0.9256653911139285,0.0,0.07433460888607146,1.0,0.0,0.0,0.0,12,2,2022,11,13,3,0,0,0,1,0,1,GRAVE_MORTALIDAD,2
3,4,3,0,4,1,-16.0542522324271,-71.34109331916652,4,4,0,0,2,0,1,0,1504.4250000000002,2.0,2,0,1.0,7,25,241.0,0.4685280505645348,81.83746865987648,70.74305753660312,6.037751599761188,617.4715908037651,1751.8736616702354,10322.272,1495.236,1749.739,7077.2970000000005,2886.595,7435.677000000001,27.964725207783708,6,4,0,0,2,41.83472227360205,38.653911596082885,43.42318599347148,1.0,0.0,0.0,0.0,4,0,0.0,1.0,0.0,0.8846371986942961,0.0,0.8846371986942961,1.0,0.0,0.8846371986942961,0.0,15,2,2022,2,6,4,0,0,0,1,0,1,GRAVE_MORTALIDAD,2
6,1,12,0,4,1,-7.829875049947484,-77.65233016349109,0,4,6,1,1,2,2,0,1688.589,1.0,1,3,0.0,9,32,287.0,0.4345439207097095,72.55141514590206,40.5264369383777,6.221996572302589,789.6007240060596,9393.612372758012,8931.828000000005,1335.5899999999997,1935.9830000000004,5660.255000000005,1219.309,7712.519000000005,13.651281686122925,3,1,0,0,2,26.43350544321971,26.43350544321971,26.43350544321971,1.0,0.0,0.0,0.0,1,0,0.0,0.0,0.0,1.0,0.0,0.8696813233436628,0.13031867665633723,0.0,0.13031867665633723,0.0,11,1,2023,7,2,3,0,0,0,1,0,1,GRAVE_MORTALIDAD,2
10,1,7,0,4,1,-13.919218185714852,-72.09926599511137,0,4,3,0,1,1,1,2,2567.6646766480762,1.0,1,3,0.0,9,22,782.3081575430905,0.4560067753409812,69.16395129641047,69.52890968759523,6.731321503087055,688.5226812653252,10110.163828191653,17779.13499998999,2097.3709999899997,2863.123,12818.640999999989,2878.713,14900.421999989989,16.19152450331032,2,1,0,0,1,29.861207792392698,29.861207792392698,29.861207792392698,1.0,0.5277735742437957,0.0,0.0,1,0,0.0,0.4722264257562043,0.0,0.5277735742437957,0.5277735742437957,0.0,0.4722264257562043,0.5277735742437957,0.5277735742437957,0.5277735742437957,13,1,2024,7,18,5,0,0,2,1,0,1,GRAVE_MORTALIDAD,2
6,1,10,0,4,1,-9.21310076470437,-77.63007749005263,1,4,7,1,2,2,2,4,492.8128140829117,2.0,1,0,0.7128823693447365,8,29,103.73252919851842,0.2787577957356992,75.08158662276956,49.339484017457124,4.845563921641073,232.34447442514318,5583.4443472210305,8811.12317383727,1367.1163771988395,1956.8085031043186,5487.198293534111,1408.8841579927507,7402.239015844518,16.072179357335372,13,1,0,0,12,54.861352891965794,54.861352891965794,54.861352891965794,1.0,0.0,0.0,0.0,1,0,0.0,0.0,0.7128823693447365,0.2871176306552635,0.0,0.0,1.0,0.7128823693447365,0.0,0.7128823693447365,15,1,2023,7,22,4,0,1,0,1,0,1,GRAVE_MORTALIDAD,2
5,1,4,0,3,2,-13.459223895641445,-74.05265875643406,0,3,5,0,2,1,1,4,6543.555,2.0,4,4,1.0,14,33,1198.0,0.30819763802907446,71.39733868582745,53.285355821498605,4.704781826728031,324.1432097660547,4929.096617554425,12678.733000000004,1805.074000000001,1774.0339999999994,9099.625000000004,2485.375000000001,10193.358000000002,19.602707936195205,12,1,0,0,11,26.28508797274128,26.28508797274128,26.28508797274128,1.0,1.0,0.3929093356048933,1.0,1,0,0.0,0.0,0.0,0.3929093356048933,0.3929093356048933,0.0,0.6070906643951067,0.6070906643951067,0.6070906643951067,0.6070906643951067,11,1,2024,2,19,5,1,0,2,1,0,1,GRAVE_MORTALIDAD,2
5,1,20,0,4,0,-14.721091545149452,-69.50066930107069,3,4,1,0,5,2,2,2,6543.555,2.0,4,4,1.0,14,33,1198.0,0.3398866704949901,71.66374172387034,68.83764310957079,6.005091367010607,344.1244728490901,4508.1295152613375,13642.312999999998,2020.7790000000005,2354.117,9267.416999999998,3314.0520000000006,10328.260999999997,24.29244952817019,4,1,0,0,3,44.82578105168731,43.53222631460914,46.11933578876548,1.0,1.0,0.0,0.0,1,0,0.0,0.0,0.2587109474156345,1.0,0.2587109474156345,0.0,1.0,0.0,1.0,0.2587109474156345,18,2,2021,6,24,5,1,1,2,1,0,1,GRAVE_MORTALIDAD,2
4,1,7,0,4,1,-10.010040122904405,-75.2601643336561,0,4,2,0,2,1,0,0,2333.2010476052455,1.3471921675622118,1,1,0.34719216756221194,9,28,858.0302950972904,0.3898723475302735,68.05990034070487,47.06776550994728,6.061610422956986,613.5560940482653,1697.122241225594,3468.6446632977386,973.0367621063331,551.1122544923771,1944.4956466990284,987.0285592758759,2481.616104021863,29.778026687469268,5,1,0,0,4,48.63201958109447,46.34719216756221,50.91684699462673,1.0,0.0,0.0,1.0,1,0,0.0,0.6528078324377881,0.0,1.0,0.0,0.34719216756221194,0.6528078324377881,0.0,0.0,0.0,13,3,2022,6,6,1,0,0,0,1,0,1,GRAVE_MORTALIDAD,2
6,2,5,0,4,1,-7.203947698576043,-78.93672516046307,5,4,1,0,2,0,1,2,887.28,2.0,2,0,1.0,8,17,155.0,0.43423664903475956,70.71860399280385,52.279953019837194,6.435999411497976,681.5779589023301,3014.352153684931,15935.565011852366,1733.9250000199986,935.692,13265.948011832368,2000.1670000199988,13935.398011832369,12.551591352627522,5,2,0,0,3,41.92617944607267,32.7650940719031,51.08726482024225,1.0,0.20581765468281643,0.20581765468281643,0.20581765468281643,2,0,0.0,1.0,0.20581765468281643,0.7941823453171836,0.20581765468281643,0.7941823453171836,1.0,0.0,1.0,0.20581765468281643,9,1,2021,3,14,0,0,0,2,1,0,1,GRAVE_MORTALIDAD,2
4,1,20,0,4,2,-15.907724963785531,-69.6174979629619,0,4,4,1,2,2,2,2,6543.555,2.0,4,4,1.0,14,33,1198.0,0.2511401137933725,76.20599660874268,67.25029583704311,5.054561733681277,153.02112704532775,9874.181316116614,13642.312999999998,2020.7790000000005,2354.117,9267.416999999998,3314.0520000000006,10328.260999999997,24.29244952817019,3,1,0,0,1,57.06736281320736,56.1295386256602,58.00518700075452,1.0,0.6252161250314382,0.0,0.0,1,0,0.0,0.0,0.0,1.0,0.6252161250314382,0.3747838749685618,0.0,0.6252161250314382,0.0,0.6252161250314382,18,2,2022,11,15,4,0,0,2,1,0,1,GRAVE_MORTALIDAD,2
6,1,5,0,4,1,-5.778217100371236,-79.05694339663835,0,4,0,0,1,2,2,2,6543.555,2.0,4,4,1.0,14,33,1198.0,0.320879531416432,75.01428249647765,40.089377357264794,5.198128660876533,353.0371004709473,9050.75753775512,15935.565011852366,1733.9250000199986,935.692,13265.948011832368,2000.1670000199988,13935.398011832369,12.551591352627522,2,1,0,0,1,70.75279559915805,70.75279559915805,70.75279559915805,1.0,0.937639779957902,0.0,1.0,1,0,0.0,0.937639779957902,0.0,0.06236022004209796,0.0,0.06236022004209796,0.937639779957902,0.06236022004209796,0.06236022004209796,0.06236022004209796,11,2,2023,7,18,5,1,0,2,1,0,1,GRAVE_MORTALIDAD,2
0,0,14,2,3,1,-12.050743606040253,-77.01296223929837,0,2,7,0,2,2,2,0,6543.555,2.679704778576834,2,1,1.0,4,30,1386.2782236657831,0.724928840088974,80.11829087922149,75.01242901061924,10.60022288315168,1534.518800107458,156800.8125453307,7626.313,1683.4029999999998,1599.0829999999996,4343.827000000001,1814.875,5811.438000000001,23.797541485643197,3,1,0,1,0,50.352029021574516,50.352029021574516,50.352029021574516,1.0,0.0,0.0,0.320295221423166,1,0,0.0,1.0,0.0,0.320295221423166,0.320295221423166,0.0,1.0,0.0,0.320295221423166,0.0,9,0,2023,8,8,1,0,0,0,1,0,1,GRAVE_MORTALIDAD,2