CLASE SINIESTRO,CANTIDAD DE VEHICULOS DAÑADOS,DEPARTAMENTO,ZONA,TIPO DE VÍA,RED VIAL,COORDENADAS LATITUD,COORDENADAS  LONGITUD,CONDICIÓN CLIMÁTICA,ZONIFICACIÓN,CARACTERÍSTICAS DE VÍA,PERFIL LONGITUDINAL VÍA,SUPERFICIE DE CALZADA,¿EXISTE SEÑAL VERTICAL?,¿EXISTE SEÑAL HORIZONTAL?,CAUSA FACTOR PRINCIPAL,MTC_RVN_LONGITUD_KM,MTC_RVN_N_CARRILES_MEDIANA,MTC_RVN_SUPERFICIE_DOMINANTE,MTC_RVN_ESTADO_DOMINANTE,MTC_RVN_ES_CONCESIONADA,MTC_RVN_CONCESION_PRINCIPAL,MTC_RVN_CORREDOR_LOGISTICO,MTC_RVN_N_TRAMOS,IDH_2019,IDH_ESP_VIDA_2019,IDH_EDUC_SECUND_PCT_2019,IDH_ANIOS_EDUC_2019,IDH_INGRESO_PERCAP_2019,IDH_POBLACION_2019,MTC_DEP_RED_TOTAL_KM,MTC_DEP_NACIONAL_TOTAL_KM,MTC_DEP_DEPARTAMENTAL_TOTAL_KM,MTC_DEP_VECINAL_TOTAL_KM,MTC_DEP_PAV_TOTAL_KM,MTC_DEP_NO_PAV_TOTAL_KM,MTC_DEP_PCT_PAVIMENTADA,PER_TOTAL_PERSONAS,PER_N_CONDUCTORES,PER_N_CONDUCTORES_FUGADOS,PER_N_PEATONES,PER_N_PASAJEROS_OCUPANTES,PER_EDAD_COND_PROM,PER_EDAD_COND_MIN,PER_EDAD_COND_MAX,PER_ANY_COND_MASCULINO,PER_ANY_LIC_PROBLEMA,PER_ANY_DOSAJE_POS,PER_ANY_DOSAJE_EVALUADO,VEH_TOTAL,VEH_N_FUGADOS,VEH_ANY_FUGADO,VEH_ANY_CARGA,VEH_ANY_PUBLICO,VEH_ANY_PARTICULAR,VEH_ANY_MOTO,VEH_ANY_AUTO,VEH_ANY_CAMION_BUS,VEH_ANY_SOAT_PROBLEMA,VEH_ANY_CITV_PROBLEMA,VEH_ANY_SEGURO_PROBLEMA,HORA_NUM,FRANJA_HORARIA,ANIO,MES,DIA_MES,DIA_SEMANA,ES_FIN_SEMANA,ES_QUINCENA,REGION_NATURAL,TIENE_SEÑALIZACION,ES_VIA_MULTICARRIL,ES_DEPTO_BAJO_PAVIMENTO,CATEGORIA_SEVERIDAD,CATEGORIA_SEVERIDAD_ENC
4,1,14,2,2,4,-11.899518747032307,-77.0287519517768,0,1,3,1,2,0,1,0,6543.555,2.0,4,4,1.0,14,33,1198.0,0.6965447237960264,79.56727681318254,76.30057553986285,10.129307399967859,1410.7073961058334,359920.2625017324,7626.313,1683.4029999999998,1599.0829999999996,4343.827000000001,1814.875,5811.438000000001,23.797541485643197,4,1,0,0,2,34.40799692395245,30.131634685792246,38.684359162112656,1.0,0.42981836824530606,0.0,0.0,1,0,0.0,0.5701816317546939,0.0,0.42981836824530606,0.42981836824530606,0.0,0.5701816317546939,1.0,0.5701816317546939,0.42981836824530606,2,0,2024,6,14,3,0,0,0,1,0,1,GRAVE_MORTALIDAD,2
3,1,1,0,4,1,-9.149006942793909,-78.51446683445306,0,4,4,1,2,1,1,0,6543.555,3.0,2,0,1.0,0,30,1475.0,0.5718989365477269,79.11624800058296,60.33755997633651,7.97522305498588,1038.830319946159,15764.389046343447,10767.648,1885.0630000000003,1222.721,7659.864000000001,2100.343,8667.305000000002,19.506051832303577,3,2,0,0,1,23.423529932606243,17.610196008985834,29.23686385622665,1.0,1.0,0.0,1.0,2,0,0.0,0.6101960089858345,0.0,0.3898039910141655,1.0,0.3898039910141655,0.6101960089858345,0.0,1.0,0.0,13,1,2022,4,13,2,0,0,0,1,1,1,GRAVE_MORTALIDAD,2
9,1,17,2,2,3,-5.414462273451908,-80.52533107844695,0,3,8,1,2,2,2,0,6543.555,2.0576285605315854,3,3,1.0,13,32,1213.9631112672491,0.657498406022424,78.73517888776172,77.12637713610249,11.292760723006007,1124.6203130547055,178705.67433497155,9069.681255679476,1788.3276294236694,670.7504886173627,6610.603137638444,2207.9260083291347,6861.755247350342,24.400060513343128,2,1,0,0,0,23.440714013289636,23.210199771163293,23.671228255415976,1.0,0.9423714394684146,0.9423714394684146,0.9423714394684146,1,0,0.0,0.05762856053158538,0.0,0.9423714394684146,0.9423714394684146,0.0,0.05762856053158538,0.0,0.9423714394684146,0.0,19,1,2023,4,1,2,0,0,0,1,0,1,GRAVE_MORTALIDAD,2
3,1,2,1,4,1,-14.989282600341912,-73.67996861294115,0,0,5,1,3,1,0,0,6619.553333657748,2.0,2,0,1.0,10,31,1527.4679886842832,0.5974742581728596,82.85287926926254,65.85475796897516,8.45334741033607,1027.9892179484655,16335.682933164926,10416.602222659687,1577.8009961128516,1638.1170776564918,7200.684148890343,2720.0675575095574,7696.5346651501295,26.173186052295765,37,1,0,0,35,51.6112148778673,36.63539721039988,66.58703254533472,1.0,0.0,0.0,0.0,1,0,0.0,0.0,0.7882009298667061,1.0,0.0,0.7882009298667061,1.0,0.2117990701332939,0.0,0.2117990701332939,15,1,2024,3,22,2,0,0,0,1,0,1,GRAVE_MORTALIDAD,2
0,1,7,0,4,1,-14.350073466277989,-71.16866770455873,0,4,6,1,2,1,1,2,7586.903,2.0,2,0,1.0,9,5,1198.0,0.3663416068350418,76.2974369436228,62.04047517967973,5.923849346264652,369.23084934676046,9973.53259533041,17779.13499998999,2097.3709999899997,2863.123,12818.640999999989,2878.713,14900.421999989989,16.19152450331032,3,1,0,1,0,21.492845366011974,21.33657732313013,21.64911340889382,1.0,0.024041237366437818,0.0,1.0,1,0,0.0,0.0,0.024041237366437818,1.0,0.0,0.9759587626335622,0.024041237366437818,0.0,0.9759587626335622,0.0,8,1,2021,10,5,3,0,0,2,1,0,1,GRAVE_MORTALIDAD,2
4,1,3,0,4,0,-16.406182124082065,-71.69520295409403,0,4,3,1,2,1,1,0,6543.555,2.4658603038643028,3,2,1.0,7,31,1327.0433041704118,0.6058699432418712,78.15801362815418,72.56925611019531,8.683240339401143,1082.8272947923754,34238.27213869353,10322.272,1495.236,1749.739,7077.2970000000005,2886.595,7435.677000000001,27.964725207783708,9,1,0,0,7,31.12446334250733,27.397580911592907,34.851345773421755,1.0,0.0,0.0,0.0,1,0,0.0,0.0,1.0,0.46586030386430277,0.0,0.46586030386430277,1.0,0.0,0.46586030386430277,0.0,10,1,2023,5,16,0,0,0,0,1,0,1,GRAVE_MORTALIDAD,2
6,1,7,0,4,0,-13.519865639727445,-71.52902189283452,0,4,0,0,2,2,2,2,6543.555,2.0,4,4,1.0,14,33,1198.0,0.2969084491138436,63.317553854180645,60.6969978334218,5.534040142839385,337.6429915535236,5378.601645205727,17779.13499998999,2097.3709999899997,2863.123,12818.640999999989,2878.713,14900.421999989989,16.19152450331032,3,1,0,0,2,58.33849075794351,58.33849075794351,58.33849075794351,1.0,1.0,0.0,0.0,1,0,0.0,0.0,0.0,1.0,0.0,1.0,0.0,0.0,0.6883384115465648,0.0,20,2,2023,6,11,4,0,0,2,1,0,1,GRAVE_MORTALIDAD,2
5,1,14,0,4,1,-11.09153179550917,-77.43924420724397,0,3,7,1,2,1,1,2,198.315,2.0,2,0,0.0,9,1,55.0,0.644332113046051,78.61218205687396,70.04798203155518,8.919818005352203,1280.219555520582,36044.03426124197,7626.313,1683.4029999999998,1599.0829999999996,4343.827000000001,1814.875,5811.438000000001,23.797541485643197,9,1,0,0,7,42.72266804722226,41.46616043941803,43.97917565502648,1.0,0.0,0.25130152156084495,1.0,1,0,0.0,0.0,0.748698478439155,0.0,0.0,0.25130152156084495,1.0,0.0,0.0,0.0,18,1,2023,10,18,1,0,1,0,1,0,1,GRAVE_MORTALIDAD,2
6,1,9,0,4,1,-8.837106711169955,-76.11606937083347,0,4,1,1,1,1,0,0,7758.33400008,2.0,2,0,1.0,9,20,2133.0,0.4488980782274319,72.32233236849576,48.83099256769076,6.808038769056246,716.252056011431,32955.28479657388,8209.057,1333.4779999999996,791.9770000000001,6083.602,1059.8589999999997,7149.198,12.910849565303296,3,1,0,0,2,39.786857880686064,39.786857880686064,39.786857880686064,1.0,0.0,0.0,0.0,1,0,0.0,0.7868578806860633,0.0,0.21314211931393667,0.0,0.21314211931393667,0.7868578806860633,0.0,0.0,0.0,4,0,2022,1,13,2,0,0,2,1,0,1,GRAVE_MORTALIDAD,2
3,1,1,0,4,1,-9.187751550113408,-77.67664801927151,4,4,0,0,1,1,1,1,9936.932,2.0,2,0,1.0,9,32,3830.0,0.4453039902302073,77.81563827508177,65.49741405634084,6.393909048060477,575.3037314310393,2556.7757033685857,10767.648,1885.0630000000003,1222.721,7659.864000000001,2100.343,8667.305000000002,19.506051832303577,4,1,0,0,3,34.754154815941874,29.98467936645943,39.52363026542431,1.0,0.8671773544513522,0.0,1.0,1,0,0.0,0.8671773544513522,0.0,0.13282264554864776,0.0,0.8671773544513522,1.0,0.0,0.0,0.0,17,1,2021,4,15,4,0,1,0,1,0,1,GRAVE_MORTALIDAD,2
3,2,20,0,4,1,-15.411686983328257,-70.14926046090676,0,4,7,1,2,1,1,6,7586.903,2.0,2,0,1.0,9,5,1198.0,0.5225679967471315,73.87568641139362,79.22999870887685,8.745562804731529,728.6643223924281,65445.28409703769,13642.312999999998,2020.7790000000005,2354.117,9267.416999999998,3314.0520000000006,10328.260999999997,24.29244952817019,3,2,0,0,1,34.066235279237254,23.529882233898036,44.60258832457647,1.0,0.04415685282483628,0.0,0.04415685282483628,2,0,0.0,0.0,1.0,1.0,0.0,0.9558431471751637,1.0,0.04415685282483628,1.0,0.9558431471751637,2,0,2021,7,19,4,0,1,2,1,0,1,GRAVE_MORTALIDAD,2
5,1,4,0,4,0,-12.132296848346032,-74.89079035093545,5,4,7,0,2,2,2,2,6543.555,2.2367153058448697,3,3,1.0,10,32,1263.570139719029,0.5111600332584525,76.66802226160819,70.01865879023683,7.598057725882854,762.1886146745129,17142.651469377295,8494.575019960375,1295.0298146372904,1449.0943795841604,5750.450825738924,1382.1741083306567,7112.400911629718,16.313759451829174,6,1,0,0,4,45.97423367467223,41.555547965567996,49.130437752603825,1.0,0.23671530584486977,0.0,0.0,1,0,0.0,0.23671530584486977,0.0,0.7632846941551302,0.0,0.7632846941551302,0.23671530584486977,0.0,0.23671530584486977,0.0,16,2,2022,4,12,2,0,0,1,1,0,1,GRAVE_MORTALIDAD,2
5,1,8,0,4,0,-12.317795920313873,-75.3301951867181,0,4,0,0,2,1,0,0,6543.555,2.117384542482754,3,3,1.0,12,32,1230.5155182677229,0.3820857199664034,73.31725441643884,51.48316208350255,5.730500732221074,493.6801771887001,24729.340528432313,8560.774696428834,1432.5038250817656,2000.0017469800985,5128.26912436697,1802.073508134912,6758.701188293921,21.09325486207578,8,1,0,0,7,30.99776861110341,29.765230915034493,32.23030630717233,1.0,0.1173845424827542,0.0,0.0,1,0,0.0,0.1173845424827542,1.0,0.0,0.1173845424827542,0.0,1.0,0.0,0.8826154575172458,0.1173845424827542,12,2,2024,2,27,1,0,1,1,1,0,1,GRAVE_MORTALIDAD,2
6,1,7,0,4,1,-14.355234472579463,-71.47046664310682,0,4,0,0,6,2,2,2,6543.555,2.0,4,4,1.0,14,33,1198.0,0.17489592236013723,64.41224940725215,50.85120774628264,4.685040379223912,116.28625852189906,5511.182705705706,17779.13499998999,2097.3709999899997,2863.123,12818.640999999989,2878.713,14900.421999989989,16.19152450331032,5,1,0,0,4,40.00634163799896,40.00634163799896,40.00634163799896,1.0,1.0,0.0,0.0,1,0,0.0,0.0,0.0,1.0,0.0,1.0,0.0,0.0,0.09697876251609538,0.0,17,2,2021,6,23,4,0,0,2,1,0,1,GRAVE_MORTALIDAD,2
6,1,11,0,10,2,-8.584981621359777,-77.21337257247762,0,4,6,0,6,2,2,0,6543.555,2.0,4,4,1.0,14,33,1198.0,0.23414512074166485,79.7719121292187,37.84932358574859,4.241717079336372,171.30813377535023,5986.152258383273,8908.408734683484,1341.706777725962,1940.0235839439474,5626.678373013574,1256.0905526818128,7652.31818200167,14.120986557656693,6,1,0,0,5,32.33151796661706,32.33151796661706,32.33151796661706,1.0,0.055706836115245184,0.0,0.0,1,0,0.0,0.0,0.0,1.0,0.0,0.0,0.9442931638847548,0.0,0.055706836115245184,0.0,3,0,2023,8,17,1,0,0,0,1,0,1,GRAVE_MORTALIDAD,2
5,1,7,0,4,2,-13.826323310576319,-71.63079380043088,0,4,4,0,6,1,0,5,6543.555,2.0,4,4,1.0,14,33,1198.0,0.40997486285848744,65.59398272085842,59.43318982458213,6.900282455448253,588.5862850063307,4368.120352736461,17779.13499998999,2097.3709999899997,2863.123,12818.640999999989,2878.713,14900.421999989989,16.19152450331032,3,1,0,0,2,40.12625489851013,39.80319539825326,40.44931439876701,1.0,0.0,0.0,0.12922380010274936,1,0,0.0,0.12922380010274936,0.0,0.12922380010274936,0.0,0.12922380010274936,0.12922380010274936,0.0,0.0,0.8707761998972506,17,1,2022,8,5,5,1,0,2,1,0,1,GRAVE_MORTALIDAD,2
5,1,12,0,4,1,-7.855816331114527,-78.1045302200948,0,4,7,1,1,2,2,2,9936.932,2.0,2,0,1.0,9,32,3830.0,0.3986882084754764,72.97869269132666,58.65435142755623,5.605762371496486,527.7120199980477,69564.29978586723,8931.828000000005,1335.5899999999997,1935.9830000000004,5660.255000000005,1219.309,7712.519000000005,13.651281686122925,2,1,0,0,1,45.70082571199169,45.26776761598892,46.13388380799446,1.0,0.057741079467035994,0.0,0.0,1,0,0.0,0.942258920532964,0.057741079467035994,0.057741079467035994,0.057741079467035994,0.0,1.0,0.0,0.0,0.057741079467035994,9,1,2022,7,21,4,0,1,0,1,0,1,GRAVE_MORTALIDAD,2
3,2,3,0,4,1,-16.5483371488086,-71.82873649949666,0,4,7,0,2,0,1,0,6625.03107990656,2.154987762844224,2,0,1.0,7,30,1594.1467254389645,0.608991747139015,78.12365875341905,69.75650064809804,8.501944022341634,1133.353088269279,34763.71529805328,10322.272,1495.236,1749.739,7077.2970000000005,2886.595,7435.677000000001,27.964725207783708,3,2,0,0,1,32.77493881422112,29.0,36.54987762844224,1.0,0.0,0.0,0.0,2,0,0.0,0.8450122371557759,0.1549877628442241,1.0,0.0,1.0,1.0,0.0,0.1549877628442241,0.0,6,0,2023,2,19,5,0,1,0,1,0,1,GRAVE_MORTALIDAD,2
0,1,14,2,3,1,-11.952150034616066,-77.0636903402958,0,2,1,1,2,2,2,1,6543.555,2.940949855541728,2,0,1.0,0,30,1458.6431099850586,0.7199983286191419,80.07780417289656,77.71828849712126,10.899763455265676,1455.4580122671932,525433.4057044741,7626.313,1683.4029999999998,1599.0829999999996,4343.827000000001,1814.875,5811.438000000001,23.797541485643197,3,1,0,2,0,21.620026516811855,21.23620057783309,22.00385245579062,1.0,0.0,0.0,0.0,1,0,0.0,0.0,0.05905014445827195,0.940949855541728,0.05905014445827195,0.940949855541728,0.05905014445827195,0.0,1.0,0.0,3,0,2021,3,6,4,0,0,0,1,0,1,GRAVE_MORTALIDAD,2
3,2,5,2,4,1,-8.89671427287125,-76.43548989935012,1,3,5,1,2,1,1,0,2897.427380603294,1.2716641913636555,1,2,0.2716641913636555,7,28,1033.5915891445331,0.27643609359115573,74.02241555579185,48.83918927693573,3.5867053735899965,294.34742510888606,19515.36304311713,16436.39696190208,1832.6602637062042,1459.3059840242418,13144.43071417163,2238.83648868034,14197.560473221738,13.540430848625526,3,2,0,0,1,25.531634487727523,21.54332838272731,29.519940592727732,1.0,1.0,0.0,0.0,2,0,0.0,0.0,0.0,1.0,1.0,1.0,0.0,0.0,0.7283358086363445,0.0,16,2,2021,4,12,5,1,0,2,1,0,1,GRAVE_MORTALIDAD,2
3,1,7,0,4,1,-13.580935269265098,-71.8527214739997,5,4,5,1,5,2,2,0,7478.6490264845515,2.0,2,0,1.0,9,7,1198.0,0.4892954364704792,65.44905544307547,74.22987345882945,8.048739801275781,797.6472993595237,8661.101896715678,17779.13499998999,2097.3709999899997,2863.123,12818.640999999989,2878.713,14900.421999989989,16.19152450331032,7,1,0,0,5,32.17441623298306,19.178883214252984,45.16994925171315,1.0,0.8962436564641436,0.10375634353585639,0.10375634353585639,1,0,0.0,0.0,0.0,1.0,0.0,1.0,0.8962436564641436,0.0,0.10375634353585639,0.0,22,2,2024,8,14,2,0,0,2,1,0,1,GRAVE_MORTALIDAD,2
0,0,14,2,2,4,-11.998913899856696,-76.98153351646963,3,0,2,1,2,2,2,2,6543.555,2.0,4,4,1.0,14,33,1198.0,0.6968586050127877,79.62718551437817,74.08107211209177,9.811678599954577,1453.099442156015,1012806.5049515482,7626.313,1683.4029999999998,1599.0829999999996,4343.827000000001,1814.875,5811.438000000001,23.797541485643197,2,1,0,1,0,37.0,33.0,40.0,0.29542203631376496,0.0,0.0,0.29542203631376496,1,0,0.0,0.704577963686235,0.29542203631376496,0.0,0.0,0.0,1.0,0.704577963686235,0.704577963686235,0.0,19,2,2021,7,7,0,0,0,0,1,0,1,GRAVE_MORTALIDAD,2
6,1,11,0,4,0,-8.317049719102789,-78.3984316439504,0,4,0,1,1,1,1,0,6543.555,2.0,4,4,1.0,14,33,1198.0,0.14811165819383704,76.6952653392815,29.88200306166226,2.8227001877757396,99.99893844803145,7753.993075542669,8893.756618701642,1345.5337012209836,1942.551549863498,5605.67136761716,1279.1026996728597,7614.653919028782,14.414854454959746,3,1,0,0,2,24.897902963229456,24.897902963229456,24.897902963229456,1.0,1.0,0.0,0.0,1,0,0.0,0.0,0.0,1.0,0.0,0.09055946760092048,0.9094405323990795,0.0,0.0,0.0,16,2,2023,8,24,0,0,1,0,1,0,1,GRAVE_MORTALIDAD,2
6,1,9,0,4,1,-10.083060208722287,-75.57223677919511,0,4,3,0,1,1,0,2,4509.658254880644,1.668003250743014,2,3,0.668003250743014,12,32,817.5317253514941,0.45899947405619257,75.42276177708298,68.20960085875664,6.842301176377861,642.3723377690678,49079.60541307066,15174.212798690336,1829.1595955247228,1406.6044890648404,11938.448714100774,2436.3725489108747,12737.840249779463,16.449518100394997,2,1,0,0,1,46.36407476708932,46.36407476708932,46.36407476708932,1.0,1.0,0.0,0.0,1,0,0.0,0.0,1.0,0.0,0.668003250743014,0.0,0.33199674925698597,1.0,0.33199674925698597,0.33199674925698597,13,2,2021,6,16,2,0,0,2,1,0,1,GRAVE_MORTALIDAD,2
6,1,7,0,4,0,-13.271267904206438,-70.69134930163858,2,4,0,0,2,0,1,2,7447.796732822607,2.0,2,0,1.0,9,8,1198.0,0.4261254035335083,58.17504817567509,64.16039263041216,7.436897383876991,767.0005036849761,1898.2046323231168,17779.13499998999,2097.3709999899997,2863.123,12818.640999999989,2878.713,14900.421999989989,16.19152450331032,3,1,0,0,2,29.73334636731485,29.73334636731485,29.73334636731485,0.8666731836574249,0.0,0.0,0.0,1,0,0.0,0.0,0.0,0.13332681634257515,0.0,0.8666731836574249,0.13332681634257515,0.0,0.0,0.0,10,1,2021,5,23,3,0,0,2,1,0,1,GRAVE_MORTALIDAD,2
6,1,17,0,4,1,-14.381139260920834,-70.26640135492516,0,4,5,1,2,2,2,2,1687.375500014925,1.5555377775166637,1,0,0.0,9,32,445.2947081248219,0.3626041202058192,74.74630208936789,60.20937066070093,6.094665892923489,386.8284271505668,3942.4922692790396,13499.554697219835,1988.8214254330778,2268.1753401983997,9242.557931588357,3191.2801262863927,10308.274570933441,23.597645204556276,4,1,0,0,3,29.444462222483338,29.444462222483338,29.444462222483338,1.0,0.8518459258388879,0.8518459258388879,1.0,1,0,0.0,0.0,0.0,1.0,0.0,0.8518459258388879,0.14815407416111215,1.0,1.0,1.0,4,0,2022,5,7,3,0,0,2,1,0,1,GRAVE_MORTALIDAD,2
6,1,11,0,4,1,-11.621632245781989,-76.00638284147101,1,4,1,1,2,1,1,1,875.67,2.0,2,0,1.0,3,14,156.0,0.7045048858113412,76.03866905687309,68.74554898563056,10.756160359254002,1573.7987000498822,4922.96573875803,12264.545,1826.4639999999995,1105.5389999999998,9332.542,1588.5359999999996,10676.009,12.952261987705208,3,1,0,0,2,17.82808949273359,17.82808949273359,17.82808949273359,1.0,0.817191050726641,0.0,0.0,1,0,0.0,0.0,0.0,1.0,0.0,1.0,0.0,0.0,0.817191050726641,0.0,20,1,2024,3,21,3,0,1,2,1,0,1,GRAVE_MORTALIDAD,2
3,2,12,0,4,1,-7.319081139401269,-79.48024869135203,0,4,7,1,2,2,2,1,6543.555,3.0,2,0,1.0,0,30,1475.0,0.5650979329787121,81.32490571897102,68.6769211482833,7.868096912305706,909.6843705053026,43897.946466809415,8931.828000000005,1335.5899999999997,1935.9830000000004,5660.255000000005,1219.309,7712.519000000005,13.651281686122925,3,2,0,0,0,34.43124207920604,18.027323370941218,63.0,1.0,0.01366168547060942,0.0,0.0,2,0,0.0,0.0,0.9863383145293906,1.0,1.0,0.9863383145293906,0.9863383145293906,0.01366168547060942,0.0,0.01366168547060942,16,2,2022,5,28,6,1,1,0,1,1,1,GRAVE_MORTALIDAD,2
6,1,5,0,4,2,-7.32413329261183,-78.12569955691447,0,4,7,0,1,2,2,1,6543.555,2.0,4,4,1.0,14,33,1198.0,0.2303372029442644,73.49827461759675,40.35506822765228,3.322699687649039,217.76870669295366,3113.7997089167493,15935.565011852366,1733.9250000199986,935.692,13265.948011832368,2000.1670000199988,13935.398011832369,12.551591352627522,3,1,0,0,2,45.39315888787786,45.39315888787786,45.39315888787786,1.0,0.0,0.8957263555151146,1.0,1,0,0.0,0.10427364448488541,0.0,0.8957263555151146,0.0,0.8957263555151146,0.10427364448488541,0.0,0.10427364448488541,0.0,2,0,2023,6,15,4,0,0,2,1,0,1,GRAVE_MORTALIDAD,2
3,1,3,0,4,1,-16.266419476952716,-71.6664328134695,0,4,6,0,2,0,1,0,1504.4250000000002,2.0,2,0,1.0,7,25,241.0,0.6005060748875158,78.21704200773246,77.40211893847457,8.994742794352394,996.014120858737,33335.45824411135,10322.272,1495.236,1749.739,7077.2970000000005,2886.595,7435.677000000001,27.964725207783708,4,2,0,0,2,61.75227181746302,51.334280714902555,72.24744776467246,1.0,0.0,0.0,0.9710556832566329,2,0,0.0,0.9710556832566329,0.9710556832566329,0.02894431674336706,0.0,0.02894431674336706,1.0,0.0,1.0,0.0,6,1,2025,5,28,5,0,0,0,1,0,1,GRAVE_MORTALIDAD,2
6,1,6,0,4,1,-13.638316612824285,-74.73238566743171,1,4,1,1,2,1,1,0,1813.5709583697699,2.0,2,2,1.0,7,24,267.0708430084887,0.4686874659775589,73.54912535906521,53.94192472584041,7.884073745242764,738.0749746962463,2027.6481795425261,8474.890801854295,1406.3446365074456,1838.2670810962377,5230.279084250611,1772.4822572856078,6702.408544568686,20.89831005030916,4,1,0,0,3,47.20708430084887,47.20708430084887,47.20708430084887,1.0,0.0,0.0,0.0,1,0,0.0,0.0,0.0,0.7603542150424434,0.0,0.23964578495755662,0.7603542150424434,0.0,0.0,0.0,11,2,2023,8,3,0,0,0,2,1,0,1,GRAVE_MORTALIDAD,2
5,1,7,0,4,1,-14.848412588582677,-71.22629771463197,0,4,7,1,2,0,0,2,1834.1744217207604,1.0,1,3,0.0,9,31,510.0488762833409,0.3928762259913364,66.94665674970302,60.9554921564916,5.970746505000963,542.2013917911936,5105.271351803416,17779.13499998999,2097.3709999899997,2863.123,12818.640999999989,2878.713,14900.421999989989,16.19152450331032,3,1,0,0,1,26.161945688879975,26.161945688879975,26.161945688879975,1.0,0.0,0.0,0.9676108622240049,1,0,0.03238913777599506,0.0,0.0,1.0,0.03238913777599506,0.9676108622240049,0.0,1.0,0.9676108622240049,0.03238913777599506,19,2,2021,10,8,4,0,0,2,1,0,1,GRAVE_MORTALIDAD,2
6,1,14,1,4,1,-12.043352688561178,-73.20988882220914,3,4,4,1,6,2,2,0,990.552165164187,2.0,1,0,0.0,9,16,281.10395052107003,0.5770016297992144,75.71360814792808,66.5622779873358,8.93079660044942,1014.3293672074057,25716.077379594,12727.259409451184,1891.7234271840446,1524.865789360575,9310.670192906564,2168.0393103821325,10559.22009906905,16.76079011497477,4,1,0,0,3,43.611443285135046,43.611443285135046,43.611443285135046,1.0,0.335843487039316,0.0,0.335843487039316,1,0,0.0,0.0,0.0,1.0,0.0,0.664156512960684,0.335843487039316,0.335843487039316,0.335843487039316,0.0,10,1,2022,4,2,6,1,0,2,1,0,1,GRAVE_MORTALIDAD,2
3,1,14,2,2,2,-11.923925369237645,-77.07036409193574,0,1,7,1,2,1,1,1,6543.555,2.4861334742867283,3,2,1.0,7,31,1332.6589723774237,0.71218283462624,79.8543542201086,76.27966003404472,10.507724132327345,1463.7117068701884,373570.0455918455,7626.313,1683.4029999999998,1599.0829999999996,4343.827000000001,1814.875,5811.438000000001,23.797541485643197,2,1,0,0,0,26.458400422860187,26.458400422860187,26.458400422860187,1.0,0.5138665257132716,0.0,0.0,1,0,0.0,0.0,0.0,1.0,1.0,0.0,0.0,0.5138665257132716,0.4861334742867284,0.5138665257132716,1,0,2023,5,16,4,0,0,0,1,0,1,GRAVE_MORTALIDAD,2
3,1,16,0,4,0,-9.779925729755284,-77.04336391507054,0,4,7,1,2,2,2,1,6543.555,2.0,4,4,1.0,14,33,1198.0,0.5819608291252907,74.68771012424062,77.53955782130764,9.992495973400642,914.1781544699448,11390.621095040358,3632.9045880847452,554.5158371379746,865.8797235020203,2212.509027444751,613.7507750677842,3019.1538130169615,16.935530016846755,3,1,0,0,1,44.905686626023154,42.914074453485306,46.897298798560996,1.0,0.2033551309848619,0.0,0.7966448690151381,1,0,0.0,0.2033551309848619,0.0,0.7966448690151381,0.2033551309848619,0.0,0.7966448690151381,0.2033551309848619,1.0,0.2033551309848619,13,2,2023,1,15,4,0,0,1,1,0,1,GRAVE_MORTALIDAD,2
3,2,13,0,4,1,-6.1994537338138525,-79.8169324406515,0,4,7,1,2,2,2,0,3075.654104442428,2.337981550469836,2,0,1.0,0,23,606.431794216425,0.44248342525892936,75.17216634483384,56.206275879436014,5.867328991076828,676.8424540006844,45878.910441849956,3459.691,515.0619999999999,689.7280000000001,2254.901,703.3549999999999,2756.336,20.329994788551925,3,2,0,0,1,30.562750931342787,22.98605534859049,38.139446514095084,1.0,0.33798155046983613,0.0,0.6620184495301639,2,0,0.0,0.33798155046983613,0.0,1.0,1.0,0.0,1.0,0.0,0.6620184495301639,0.0,17,2,2022,3,2,2,0,0,0,1,0,1,GRAVE_MORTALIDAD,2
3,3,18,2,4,1,-14.492585236065711,-72.1754170425361,0,3,7,1,2,2,2,2,1319.2503804633457,2.0,2,0,1.0,5,21,215.96665209721493,0.6075513279449677,75.04640628601065,77.59631995329586,10.12467457196739,1031.8558439809442,239404.71748440198,11870.54098843347,1921.4184025641177,2131.751955289042,7817.37063058031,2872.5294187193695,8998.0115697141,24.146694172776492,12,3,0,0,8,37.914314839624744,24.06156982728818,56.0,1.0,0.0,0.0,0.7054900246731167,3,0,0.0,1.0,0.0,1.0,0.0,0.7054900246731167,1.0,0.7054900246731167,0.7054900246731167,0.7054900246731167,11,1,2022,6,21,1,0,1,1,1,0,1,GRAVE_MORTALIDAD,2