CLASE SINIESTRO,CANTIDAD DE VEHICULOS DAÑADOS,DEPARTAMENTO,ZONA,TIPO DE VÍA,RED VIAL,COORDENADAS LATITUD,COORDENADAS  LONGITUD,CONDICIÓN CLIMÁTICA,ZONIFICACIÓN,CARACTERÍSTICAS DE VÍA,PERFIL LONGITUDINAL VÍA,SUPERFICIE DE CALZADA,¿EXISTE SEÑAL VERTICAL?,¿EXISTE SEÑAL HORIZONTAL?,CAUSA FACTOR PRINCIPAL,MTC_RVN_LONGITUD_KM,MTC_RVN_N_CARRILES_MEDIANA,MTC_RVN_SUPERFICIE_DOMINANTE,MTC_RVN_ESTADO_DOMINANTE,MTC_RVN_ES_CONCESIONADA,MTC_RVN_CONCESION_PRINCIPAL,MTC_RVN_CORREDOR_LOGISTICO,MTC_RVN_N_TRAMOS,IDH_2019,IDH_ESP_VIDA_2019,IDH_EDUC_SECUND_PCT_2019,IDH_ANIOS_EDUC_2019,IDH_INGRESO_PERCAP_2019,IDH_POBLACION_2019,MTC_DEP_RED_TOTAL_KM,MTC_DEP_NACIONAL_TOTAL_KM,MTC_DEP_DEPARTAMENTAL_TOTAL_KM,MTC_DEP_VECINAL_TOTAL_KM,MTC_DEP_PAV_TOTAL_KM,MTC_DEP_NO_PAV_TOTAL_KM,MTC_DEP_PCT_PAVIMENTADA,PER_TOTAL_PERSONAS,PER_N_CONDUCTORES,PER_N_CONDUCTORES_FUGADOS,PER_N_PEATONES,PER_N_PASAJEROS_OCUPANTES,PER_EDAD_COND_PROM,PER_EDAD_COND_MIN,PER_EDAD_COND_MAX,PER_ANY_COND_MASCULINO,PER_ANY_LIC_PROBLEMA,PER_ANY_DOSAJE_POS,PER_ANY_DOSAJE_EVALUADO,VEH_TOTAL,VEH_N_FUGADOS,VEH_ANY_FUGADO,VEH_ANY_CARGA,VEH_ANY_PUBLICO,VEH_ANY_PARTICULAR,VEH_ANY_MOTO,VEH_ANY_AUTO,VEH_ANY_CAMION_BUS,VEH_ANY_SOAT_PROBLEMA,VEH_ANY_CITV_PROBLEMA,VEH_ANY_SEGURO_PROBLEMA,HORA_NUM,FRANJA_HORARIA,ANIO,MES,DIA_MES,DIA_SEMANA,ES_FIN_SEMANA,ES_QUINCENA,REGION_NATURAL,TIENE_SEÑALIZACION,ES_VIA_MULTICARRIL,ES_DEPTO_BAJO_PAVIMENTO,CATEGORIA_SEVERIDAD,CATEGORIA_SEVERIDAD_ENC
3,2,9,2,4,1,-9.612569364937611,-76.53329153047908,0,4,0,1,2,2,2,2,600.9878346971292,2.1389689918866246,2,2,0.1389689918866246,9,13,215.78641093909673,0.31186791462561403,78.95937138494838,44.17937340491889,4.226155632239911,371.1569391362711,19242.012895106247,8309.49975723489,1333.7715025108641,950.95836053225,6024.769894191773,1082.017605756322,7227.482151478566,13.013746670694076,2,2,0,0,0,43.110310081133754,24.166186048680252,62.054434113587256,1.0,0.0,0.0,0.0,2,0,0.0,0.0,0.0,1.0,1.0,0.0,0.0,0.8610310081133754,0.0,1.0,15,2,2022,2,27,5,1,1,1,1,0,1,GRAVE_MORTALIDAD,2
5,1,14,0,4,1,-11.212289759042076,-77.55626227107534,0,4,7,1,2,1,0,2,6543.555,3.0,2,0,1.0,0,30,1475.0,0.7327345537337897,78.20903814342847,76.31492653513806,13.642917835589472,1405.6698219039215,62016.21841541756,7626.313,1683.4029999999998,1599.0829999999996,4343.827000000001,1814.875,5811.438000000001,23.797541485643197,4,1,0,0,3,36.14797076074122,33.747297557559854,38.54864396392258,1.0,0.0,0.25270244244014317,1.0,1,0,0.0,0.25270244244014317,0.0,0.7472975575598568,0.0,0.25270244244014317,1.0,0.0,0.25270244244014317,0.0,7,0,2022,2,6,3,0,0,0,1,1,1,GRAVE_MORTALIDAD,2
6,1,5,0,4,1,-7.224068276752925,-79.13290666190356,1,0,0,1,2,1,1,4,887.28,2.0,2,0,1.0,8,17,155.0,0.5464849775908504,73.13731058792415,64.84752611381921,7.628696001641593,1015.6197521209581,7431.597532289204,15935.565011852366,1733.9250000199986,935.692,13265.948011832368,2000.1670000199988,13935.398011832369,12.551591352627522,3,1,0,0,2,33.790578820570005,33.718708018700006,33.86244962244001,1.0,0.04791386791333374,0.0,0.9520861320866663,1,0,0.0,0.04791386791333374,0.0,1.0,0.0,0.04791386791333374,1.0,0.0,1.0,0.0,6,1,2022,4,5,1,0,0,2,1,0,1,GRAVE_MORTALIDAD,2
6,1,4,0,4,1,-14.56535507712941,-73.84820901267801,0,4,0,0,2,1,0,2,2209.9027151130304,2.0,2,0,1.0,4,26,125.29593449721696,0.3234157336665232,65.16258106496461,55.167691815992704,5.674465224731652,359.2529525198742,3139.345294282196,12678.733000000004,1805.074000000001,1774.0339999999994,9099.625000000004,2485.375000000001,10193.358000000002,19.602707936195205,32,1,0,0,31,46.720715414805184,46.720715414805184,46.720715414805184,1.0,0.05147967248608487,0.0,0.9485203275139151,1,0,0.0,0.0,0.9485203275139151,0.05147967248608487,0.0,0.0,1.0,0.05147967248608487,0.0,0.0,3,0,2023,7,28,0,0,0,2,1,0,1,GRAVE_MORTALIDAD,2
3,1,1,0,4,1,-9.539598980209231,-78.3170157669077,0,4,7,1,2,1,1,0,6543.555,3.0,2,0,1.0,0,30,1475.0,0.5873460606982213,78.04758132038613,65.8701248560095,8.596987164492063,1041.0659985770535,35482.29764453961,10767.648,1885.0630000000003,1222.721,7659.864000000001,2100.343,8667.305000000002,19.506051832303577,5,1,0,0,3,36.1334802625833,34.0,38.266960525166596,1.0,0.0,0.0,0.28883991247223384,1,0,0.0,0.7111600875277662,0.0,1.0,0.0,0.28883991247223384,0.7111600875277662,0.0,0.28883991247223384,0.0,5,0,2022,11,20,3,0,1,0,1,1,1,GRAVE_MORTALIDAD,2
3,2,12,0,4,1,-7.902247870469709,-79.12020199699495,0,4,7,1,2,2,2,2,6543.555,3.0,2,0,1.0,0,30,1475.0,0.572440140828715,77.69261710020608,66.20204430206797,8.469389413279616,979.2466708191317,15571.84393689593,8931.828000000005,1335.5899999999997,1935.9830000000004,5660.255000000005,1219.309,7712.519000000005,13.651281686122925,15,2,0,0,13,42.99773448380463,42.87086557686388,43.08835513161945,1.0,0.006796548586111784,0.0,0.0,2,0,0.0,0.006796548586111784,0.9932034514138882,0.9932034514138882,0.0,0.9932034514138882,1.0,0.0,1.0,0.0,12,2,2021,7,15,6,1,1,0,1,1,1,GRAVE_MORTALIDAD,2
6,1,3,0,4,1,-16.78644994349861,-71.78759634906328,5,4,0,0,2,2,2,0,6543.555,2.0,4,4,1.0,14,33,1198.0,0.6042401671325548,77.58799307872209,69.15198784281526,8.406462293387547,1131.6069429746237,6959.025298495489,10322.272,1495.236,1749.739,7077.2970000000005,2886.595,7435.677000000001,27.964725207783708,5,1,0,0,4,47.915695006006416,47.915695006006416,47.915695006006416,1.0,0.763856500200214,0.0,0.236143499799786,1,0,0.0,0.0,0.236143499799786,0.763856500200214,0.0,0.763856500200214,0.236143499799786,0.763856500200214,0.763856500200214,0.0,5,0,2023,11,17,3,0,0,0,1,0,1,GRAVE_MORTALIDAD,2
6,1,12,0,4,1,-9.539641180751321,-77.38029955558964,1,4,3,1,4,1,1,2,964.4379203879059,1.4859180792338147,1,1,0.0,9,16,174.267005617755,0.5857199239916525,74.67171315347278,59.451215327631495,7.842966249132587,1228.2865527410634,23745.706067074265,8297.454658789069,1504.5986248925506,1772.277199106128,5020.578834790391,1508.7052867769662,6788.749372012104,18.581532759313085,3,1,0,0,2,43.31693503003959,43.31693503003959,43.31693503003959,1.0,0.4859180792338147,0.0,0.0,1,0,0.0,0.0,0.0,0.4859180792338147,0.4859180792338147,0.0,0.5140819207661853,0.4859180792338147,0.0,0.4859180792338147,15,2,2022,3,14,2,0,0,0,1,0,1,GRAVE_MORTALIDAD,2
4,1,3,0,4,1,-16.138360309105185,-71.54188121883597,0,4,5,1,2,0,1,0,1597.646525055857,2.0,2,0,1.0,7,26,274.5364941090618,0.4720604214370044,82.18093890688853,60.44375195477679,6.396830141356974,655.3187723206322,1197.5792309379963,10322.272,1495.236,1749.739,7077.2970000000005,2886.595,7435.677000000001,27.964725207783708,18,1,0,0,16,44.72777809617292,27.971426933967845,61.48412925837799,1.0,0.7793651703351198,0.0,0.22063482966488024,1,0,0.0,0.7793651703351198,1.0,0.0,0.0,0.7793651703351198,1.0,0.0,0.0,0.0,3,0,2022,5,13,5,0,0,0,1,0,1,GRAVE_MORTALIDAD,2
4,1,10,0,4,1,-8.77074692871773,-77.04811075469514,0,4,3,1,4,2,2,0,1213.2756385250163,1.4775031911094114,1,3,0.0,9,21,268.85487873784234,0.20695390652358392,78.96050476117793,36.94857117346446,2.774743244072603,205.94741767344306,18768.01162253003,8586.702541058663,1334.5815132603766,1389.7164843516869,5862.404543446599,1143.1711161776043,7443.531424881058,13.297722985631642,2,1,0,0,0,32.74382179996176,23.432509573328236,42.05513402659528,1.0,0.0,0.0,0.0,1,0,0.0,0.0,0.0,1.0,0.47750319110941153,0.0,0.5224968088905885,0.47750319110941153,0.0,0.47750319110941153,8,1,2022,2,24,3,0,1,0,1,0,1,GRAVE_MORTALIDAD,2
3,2,14,0,4,1,-12.916036554094898,-72.91083065561267,0,4,2,1,2,2,2,0,3580.6719985403106,1.3589751423646454,1,1,0.35897514236464534,9,22,631.9750507079818,0.41648718822776626,73.79468545713505,56.522116520140344,7.296438283304168,516.9273185603938,66437.63793084907,12759.129463945452,1896.218254788586,1553.7474653033642,9309.163743853502,2207.9533517524733,10551.176112192978,17.023107424485403,5,2,0,0,3,26.62821413719342,19.641024857635355,31.461552562563618,1.0,1.0,0.0,0.6410248576353547,2,0,0.0,0.0,0.35897514236464534,1.0,0.6410248576353547,0.35897514236464534,1.0,1.0,1.0,0.35897514236464534,6,1,2021,8,29,6,1,1,2,1,0,1,GRAVE_MORTALIDAD,2
3,1,13,0,4,1,-7.470214107496641,-79.41964264300105,0,4,5,1,1,2,2,1,6543.555,2.7863316553950406,2,0,1.0,2,30,1415.8138685444262,0.5660048191702506,78.22276128214773,62.299236958201625,8.570419882757983,964.8946617201816,76524.72389760343,8939.096569759597,1431.0617170858968,1658.4305980466377,5849.604254627061,1431.9508818902973,7507.145687869299,16.011902523871495,5,2,0,0,3,26.790653243160325,19.931658276975202,33.64964820934544,1.0,0.21366834460495954,0.0,0.21366834460495954,2,0,0.0,1.0,0.0,1.0,0.21366834460495954,0.0,0.7863316553950405,0.21366834460495954,0.21366834460495954,0.0,8,1,2023,11,6,1,0,0,0,1,0,1,GRAVE_MORTALIDAD,2
4,1,1,0,6,3,-9.091359368907705,-77.32973946912463,1,4,0,0,7,1,0,1,6543.555,2.0,4,4,1.0,14,33,1198.0,0.4742706930911452,75.73580522675967,57.04609740262528,7.248430402422064,711.6556523607543,16044.046379288251,10767.648,1885.0630000000003,1222.721,7659.864000000001,2100.343,8667.305000000002,19.506051832303577,3,1,0,0,2,41.02554027293928,40.21532416376357,41.835756382114994,1.0,0.0,0.0,0.4051080545878567,1,0,0.0,0.0,0.0,1.0,0.0,0.0,1.0,0.5948919454121433,0.4051080545878567,1.0,8,1,2022,8,13,0,0,0,0,1,0,1,GRAVE_MORTALIDAD,2
6,1,5,0,4,1,-7.218637829283033,-78.93172090297209,6,4,0,0,1,1,1,2,886.4118646609566,2.0,2,0,0.9972918501795479,8,16,154.95125330323185,0.40936370347892775,69.94210051280082,51.15991931248813,6.041844943106752,612.5207289274077,3212.619078006904,15940.557675584732,1734.9092662395615,940.9117719165838,13264.736637428587,2002.5462342121036,13938.01144137263,12.561448836936002,5,2,0,0,3,41.001354074910225,34.01354074910226,47.989167400718195,1.0,0.0,0.0,0.002708149820452088,2,0,0.0,1.0,0.0,1.0,0.0,1.0,1.0,0.0,1.0,0.0,6,0,2021,1,14,0,0,0,2,1,0,1,GRAVE_MORTALIDAD,2
3,1,12,0,4,1,-8.54687908723672,-78.73171878057477,0,4,7,1,2,2,2,2,548.7436905457214,2.0,2,0,0.8499464959451885,8,24,93.24759231753347,0.6006668218849335,79.99702299229715,65.55209807335513,8.578553150906801,1078.9510852866258,34935.16166638428,8735.930899653888,1387.780559405816,1885.4299744839343,5462.720365764137,1308.6757651959078,7427.255134457979,15.173763522091411,9,1,0,0,7,37.800642048657735,37.800642048657735,37.800642048657735,1.0,0.0,0.0,0.15005350405481155,1,0,0.0,0.0,0.15005350405481155,0.8499464959451885,0.0,0.8499464959451885,1.0,0.0,0.8499464959451885,0.0,6,0,2023,5,21,0,0,1,0,1,0,1,GRAVE_MORTALIDAD,2
7,1,5,0,4,0,-11.250692845370732,-75.75591626148197,0,4,7,0,2,2,2,2,6543.555,2.0,4,4,1.0,14,33,1198.0,0.530557231658018,77.457617996104,68.9750048953402,7.889946644093726,825.1827321468904,17087.935028610158,8577.166710462077,1302.6911329795118,1541.0616298531954,5733.41394762937,1351.4108997653252,7225.755810696753,15.810850267372741,3,1,0,0,2,19.189793988871287,19.189793988871287,19.189793988871287,1.0,0.6191096373753374,0.0,0.0,1,0,0.0,0.3808903626246626,0.0,0.6191096373753374,0.0,0.6191096373753374,0.3808903626246626,0.0,0.6191096373753374,0.0,12,1,2022,10,13,3,0,0,1,1,0,1,GRAVE_MORTALIDAD,2
6,1,11,0,4,1,-11.533821871989655,-75.88895719122937,0,4,0,0,2,1,1,2,7586.903,2.0,2,0,1.0,9,5,1198.0,0.6211711217784234,75.51508523355102,70.90101252241288,10.049671623026311,1128.403546167389,8996.89721627409,12264.545,1826.4639999999995,1105.5389999999998,9332.542,1588.5359999999996,10676.009,12.952261987705208,2,1,0,0,1,35.45646998618241,35.45646998618241,35.45646998618241,1.0,0.0,0.0,0.0,1,0,0.0,0.0,0.0,1.0,0.0,0.49604272601658306,0.5039572739834169,0.0,0.5039572739834169,0.0,7,1,2022,11,14,0,0,0,2,1,0,1,GRAVE_MORTALIDAD,2
3,1,1,0,4,1,-10.203234733719988,-78.04664126551936,0,4,0,0,1,2,2,0,6543.555,2.992233357846031,2,0,1.0,0,30,1472.8486401233506,0.5935849553302185,79.51056148098948,67.12766541733188,9.078742778194552,1002.5351893314564,25728.230718680366,10767.648,1885.0630000000003,1222.721,7659.864000000001,2100.343,8667.305000000002,19.506051832303577,3,1,0,0,1,52.38738368876746,34.03106656861588,70.74370080891903,1.0,0.007766642153968717,0.0,0.9922333578460313,1,0,0.0,0.9922333578460313,0.0,0.007766642153968717,0.0,0.007766642153968717,0.9922333578460313,0.0,0.0,0.0,14,3,2022,5,1,5,0,0,0,1,0,1,GRAVE_MORTALIDAD,2
4,1,10,0,4,0,-8.26189275083142,-77.63538750555688,1,4,7,1,2,1,0,1,7160.5509597995515,2.0,2,1,1.0,11,26,1672.8939703226583,0.5325305949110756,75.3718499453608,61.77767888694291,8.047881945621384,891.6848018215081,31775.65489561729,8564.726834412753,1334.517298325859,1354.9332123925744,5875.276323694319,1138.323071050323,7426.40376336243,13.275210296165215,3,1,0,0,1,37.769769974124756,36.04744793789941,39.4920920103501,1.0,0.492092010350098,0.0,0.0,1,0,0.0,0.0,0.0,1.0,0.492092010350098,0.507907989649902,0.0,0.492092010350098,0.0,0.492092010350098,13,1,2021,4,15,0,0,0,1,1,0,1,GRAVE_MORTALIDAD,2
5,1,20,0,4,1,-13.881019562890263,-70.5093347312573,4,4,0,1,2,1,1,2,1758.327127416532,2.0,2,0,1.0,6,22,407.71637086562225,0.32686830625541935,68.43986810655014,48.21721460139632,5.10046813918536,390.3325857701217,6357.766779686176,13642.312999999998,2020.7790000000005,2354.117,9267.416999999998,3314.0520000000006,10328.260999999997,24.29244952817019,5,1,0,0,4,33.222957874066466,32.932437007858645,33.51347874027428,1.0,0.0,0.0,0.013512598428270461,1,0,0.0,0.013512598428270461,0.0,1.0,0.0,1.0,0.013512598428270461,0.9864874015717295,1.0,0.9864874015717295,10,1,2021,10,20,4,0,1,2,1,0,1,GRAVE_MORTALIDAD,2
6,1,4,0,4,2,-13.590836715874323,-74.0001669594084,0,4,5,0,1,2,2,5,6543.555,2.0,4,4,1.0,14,33,1198.0,0.3421303129037229,72.39648922503245,57.24566465371133,4.840736605673273,391.92760189695207,4498.248394004282,12678.733000000004,1805.074000000001,1774.0339999999994,9099.625000000004,2485.375000000001,10193.358000000002,19.602707936195205,15,1,0,0,14,37.49559105263107,37.49559105263107,37.49559105263107,1.0,1.0,0.0,1.0,1,0,0.0,0.0,0.0,0.0,0.0,0.0,1.0,1.0,1.0,0.27826766081876964,8,0,2023,7,17,3,0,0,2,1,0,1,GRAVE_MORTALIDAD,2
4,1,8,0,4,1,-10.6513943776595,-74.80037363365932,0,4,0,0,2,2,2,0,435.60807847127,2.0,2,0,0.0,9,12,180.3734859360442,0.5175530523405699,68.77234768360226,72.63040347133723,7.989523532529577,884.5747235858249,895.9347842184286,3408.2096404630615,947.7446790079252,546.4026379829402,1914.062323472196,993.0621752082941,2415.1474652547677,30.556789685538526,4,1,0,0,3,53.859562486849086,46.60458172975762,61.114543243940545,1.0,0.0,0.0,0.3954182702423781,1,0,0.0,0.6045817297576219,0.6045817297576219,0.3954182702423781,0.0,0.0,1.0,0.0,0.0,0.0,11,2,2022,7,8,4,0,0,0,1,0,1,GRAVE_MORTALIDAD,2
6,1,12,0,4,2,-7.827371470690807,-78.17927161082333,0,4,2,0,1,2,2,3,6543.555,2.3128100035313235,3,2,1.0,9,32,1284.6483709781767,0.28099705345595033,78.86603094095189,43.710956430558724,4.266013276596168,382.28241675391644,19193.7107001247,8931.828000000005,1335.5899999999997,1935.9830000000004,5660.255000000005,1219.309,7712.519000000005,13.651281686122925,6,1,0,0,5,37.06156998940603,37.06156998940603,37.06156998940603,1.0,0.0,0.0,0.6871899964686766,1,0,0.0,0.0,0.0,1.0,0.0,0.0,1.0,0.0,0.0,0.0,10,1,2022,2,5,3,0,0,0,1,0,1,GRAVE_MORTALIDAD,2
6,1,5,0,4,2,-6.216039508621542,-79.04524679609202,1,4,0,0,1,2,2,0,6543.555,2.0,4,4,1.0,14,33,1198.0,0.3661868687323596,70.39587489617834,51.19355294028557,5.590165522337471,471.7979915883104,7611.37679791885,15935.565011852366,1733.9250000199986,935.692,13265.948011832368,2000.1670000199988,13935.398011832369,12.551591352627522,3,1,0,0,2,33.666286015425854,30.407111345331224,36.11066701799683,0.18520633247634133,0.0,0.0,0.18520633247634133,1,0,0.0,0.0,0.0,1.0,0.0,0.0,1.0,0.0,1.0,0.0,20,2,2021,3,8,1,0,0,2,1,0,1,GRAVE_MORTALIDAD,2
6,1,3,0,4,0,-15.780681090922206,-73.28974337022878,4,4,4,0,4,2,2,0,6583.799900386669,2.0,3,2,1.0,11,32,1372.46969883455,0.4623922820538952,77.5440307837125,48.99290968518306,7.496090092289045,667.6451712127049,1061.545596591579,10322.272,1495.236,1749.739,7077.2970000000005,2886.595,7435.677000000001,27.964725207783708,4,1,0,0,3,38.6695664960244,36.3391329920488,40.4173916240061,0.4173916240061003,0.0,0.0,0.0,1,0,0.0,0.4173916240061003,0.0,0.5826083759938997,0.0,0.0,1.0,0.0,0.5826083759938997,0.0,8,1,2022,5,19,3,0,0,0,1,0,1,GRAVE_MORTALIDAD,2
3,2,5,0,4,1,-6.871165838431258,-78.62592586150893,2,4,4,0,2,0,1,0,664.4159590052458,2.0,2,0,1.0,5,17,119.38807990385135,0.3200997008458341,73.007999629441,37.88570479315204,4.638131382935856,418.9282972010674,4316.365619621649,15935.565011852366,1733.9250000199986,935.692,13265.948011832368,2000.1670000199988,13935.398011832369,12.551591352627522,5,2,0,0,3,36.03549669439806,31.212980166388366,40.858013222407756,1.0,0.0,0.0,0.0,2,0,0.0,0.30966887040129254,0.6903311295987075,1.0,0.30966887040129254,0.6903311295987075,1.0,0.30966887040129254,1.0,0.0,5,0,2021,3,13,1,0,0,2,1,0,1,GRAVE_MORTALIDAD,2
5,1,3,0,4,1,-16.2151853592484,-71.6578184753506,0,4,7,0,2,0,1,0,1504.4250000000002,2.0,2,0,1.0,7,25,241.0,0.6005060748875158,78.21704200773246,77.40211893847457,8.994742794352394,996.014120858737,33335.45824411135,10322.272,1495.236,1749.739,7077.2970000000005,2886.595,7435.677000000001,27.964725207783708,8,1,0,0,7,30.746090400179195,30.310871000074663,31.181309800283724,1.0,0.0,0.0,0.0621742000149329,1,0,0.0,1.0,0.0,0.0,0.0,0.0,1.0,0.0,0.0,0.0,17,1,2021,11,29,4,0,0,0,1,0,1,GRAVE_MORTALIDAD,2
3,1,11,1,4,1,-10.162493523668621,-77.47304622875663,0,1,7,1,2,2,2,0,7001.042832243867,2.0,2,0,1.0,9,27,1782.916052230747,0.6552160126949123,77.15040533486253,70.12082835103892,9.473506020196055,1337.763104092085,97992.21883552718,10308.996835220096,1699.7142820002705,1384.9038765852852,7224.37867663454,1874.6974548419298,8434.299380378166,20.166729880639675,3,2,0,0,1,35.385724833358346,33.062869800030015,37.70857986668668,1.0,0.0,0.0,0.32285503332833076,2,0,0.0,1.0,0.0,1.0,1.0,0.0,1.0,0.32285503332833076,0.32285503332833076,0.32285503332833076,12,2,2022,9,21,1,0,1,0,1,0,1,GRAVE_MORTALIDAD,2
3,2,18,0,4,1,-5.597367408068253,-80.43313237405998,0,3,0,1,2,1,0,2,6543.555,3.0,2,0,1.0,0,30,1475.0,0.5129058045868701,78.15582481021676,62.483069979482494,7.83057784387201,767.0968380722549,76266.843455767,8961.797133316613,1729.2306627366236,791.6031272596317,6440.963343320359,2096.055473906502,6865.741659410112,23.38438777664379,6,2,0,0,4,36.97608521797257,19.14238348087654,54.80978695506859,1.0,0.8809786955068589,0.8809786955068589,0.8809786955068589,2,0,0.0,0.0,1.0,1.0,0.8809786955068589,0.11902130449314108,1.0,0.8809786955068589,0.0,0.0,18,1,2021,3,2,0,0,0,0,1,1,1,GRAVE_MORTALIDAD,2
3,2,3,0,4,1,-16.596821894320193,-71.85311305330092,0,3,7,0,2,0,1,0,6639.975,2.0,2,0,1.0,9,31,1616.0,0.6105481451420971,78.10653088113892,68.35418098658066,8.411557426919764,1158.5430895193692,35025.678800856535,10322.272,1495.236,1749.739,7077.2970000000005,2886.595,7435.677000000001,27.964725207783708,3,2,0,0,1,33.17177392828903,30.378557562692972,35.96499029388508,1.0,0.0,0.0,0.0,2,0,0.0,0.9310721218653514,0.0,1.0,0.0,1.0,0.9310721218653514,0.0,0.0,0.0,5,0,2022,1,18,6,1,1,0,1,0,1,GRAVE_MORTALIDAD,2
4,1,10,0,4,1,-9.267051281232957,-77.46510066691197,0,4,3,1,2,2,2,0,1391.0729599958931,1.516450149209631,1,1,0.516450149209631,4,18,214.7398340345695,0.5386098959453999,72.28113105142978,69.86135837685357,8.532308744490978,911.1203046297483,42983.17396123818,5902.456705482485,964.9234162356546,1327.4277406241295,3610.1055486227006,1272.117939696051,4630.338765786433,21.17766472159168,4,1,0,0,2,37.60519641896886,36.572296120549595,38.63809671738812,1.0,0.48354985079036905,0.0,0.516450149209631,1,0,0.0,0.0,0.0,1.0,1.0,0.0,0.516450149209631,0.48354985079036905,1.0,0.48354985079036905,18,2,2022,1,7,0,0,0,0,1,0,1,GRAVE_MORTALIDAD,2
0,1,14,2,3,1,-12.033202704280916,-77.02250019976483,0,2,5,1,2,2,2,0,6543.555,2.7799099339527276,2,0,1.0,3,30,1414.0350517049055,0.7300036506368504,80.21724456394445,75.11639588359114,10.636845733066124,1559.041185521695,156759.78800856532,7626.313,1683.4029999999998,1599.0829999999996,4343.827000000001,1814.875,5811.438000000001,23.797541485643197,3,1,0,2,0,54.37810861300728,54.37810861300728,54.37810861300728,1.0,0.22009006604727244,0.0,0.0,1,0,0.0,0.7799099339527276,0.0,0.22009006604727244,0.0,0.0,1.0,0.0,0.0,0.0,7,0,2024,6,7,0,0,0,0,1,0,1,GRAVE_MORTALIDAD,2
3,1,11,0,4,0,-11.72997522241121,-75.46483263813869,0,4,5,1,3,2,2,2,7321.908515534393,2.0,2,1,1.0,10,12,1198.0,0.48089050542149686,72.89262732642914,59.84721151569699,8.074321471202918,729.0932829003564,5041.080917676301,12264.545,1826.4639999999995,1105.5389999999998,9332.542,1588.5359999999996,10676.009,12.952261987705208,3,2,0,0,1,53.56271659131609,46.34857937170237,60.77685381092981,1.0,0.2539847533762535,0.0,0.7460152466237465,2,0,0.0,0.0,0.7460152466237465,0.2539847533762535,1.0,0.2539847533762535,0.7460152466237465,0.2539847533762535,1.0,1.0,16,2,2022,6,15,2,0,0,2,1,0,1,GRAVE_MORTALIDAD,2
6,1,20,0,4,1,-14.38920252581713,-69.32898751053393,0,4,0,0,6,2,2,5,1731.2338243917984,2.0,1,0,0.12230782117215178,8,31,455.156891633995,0.4637972376437476,74.2025223901652,74.7061776057005,7.678563928004218,575.0854928589062,7734.757162010135,13642.312999999998,2020.7790000000005,2354.117,9267.416999999998,3314.0520000000006,10328.260999999997,24.29244952817019,2,1,0,0,1,36.733846927032914,36.733846927032914,36.733846927032914,1.0,0.8776921788278482,0.0,0.0,1,0,0.0,0.0,0.12230782117215178,0.8776921788278482,0.0,0.8776921788278482,0.12230782117215178,0.12230782117215178,1.0,0.12230782117215178,5,0,2021,7,7,1,0,0,2,1,0,1,GRAVE_MORTALIDAD,2
3,1,9,0,4,1,-9.294732419928758,-76.13408578924056,4,4,0,1,2,1,0,2,782.330274528796,1.9104339756836892,1,3,0.0,9,11,252.4035089240198,0.338488566245621,72.44344524843268,37.533939685268685,4.726239330417136,477.62180328532565,9545.021075111592,8273.792724961126,1333.6671634433558,894.4410692140054,6045.684492303763,1074.1403025772354,7199.652422383889,12.977167126641204,4,1,0,0,3,35.65650963525534,26.552169878418447,44.76084939209223,1.0,0.0,0.0,0.9104339756836893,1,0,0.0,0.9104339756836893,0.0,0.08956602431631067,0.0,0.9104339756836893,1.0,0.0,0.08956602431631067,0.0,4,0,2022,3,14,0,0,0,1,1,0,1,GRAVE_MORTALIDAD,2
3,1,3,0,4,0,-16.219007945531892,-71.88025772521367,0,4,5,0,2,0,1,0,6612.53040799037,2.0,2,1,1.0,10,31,1497.022200165676,0.6134188048210605,79.37421502177783,70.58259258776432,8.015575170794223,1174.9327425295112,2479.0981007026007,10322.272,1495.236,1749.739,7077.2970000000005,2886.595,7435.677000000001,27.964725207783708,3,1,0,0,1,38.42317942385555,35.561722962939996,40.56927176954222,0.28463588477111035,0.0,0.0,0.0,1,0,0.0,0.7153641152288897,0.0,1.0,0.0,1.0,0.7153641152288897,0.0,0.0,0.0,9,2,2024,7,14,2,0,0,0,1,0,1,GRAVE_MORTALIDAD,2
1,1,13,0,4,0,-6.343972760925765,-79.62034186677776,2,4,3,0,1,2,2,0,6543.555,2.0,4,4,1.0,14,33,1198.0,0.3296404185892972,75.34727479155693,50.19664392255148,5.697739143036423,353.0565415306968,12454.958878706573,3459.691,515.0619999999999,689.7280000000001,2254.901,703.3549999999999,2756.336,20.329994788551925,2,1,0,0,0,38.65911689536529,38.65911689536529,38.65911689536529,1.0,0.27114225338058806,0.0,0.0,1,0,0.0,0.27114225338058806,0.0,0.0,0.27114225338058806,0.0,0.7288577466194119,0.27114225338058806,0.27114225338058806,0.27114225338058806,5,0,2022,4,18,3,0,1,0,1,0,1,GRAVE_MORTALIDAD,2