CLASE SINIESTRO,CANTIDAD DE VEHICULOS DAÑADOS,DEPARTAMENTO,ZONA,TIPO DE VÍA,RED VIAL,COORDENADAS LATITUD,COORDENADAS  LONGITUD,CONDICIÓN CLIMÁTICA,ZONIFICACIÓN,CARACTERÍSTICAS DE VÍA,PERFIL LONGITUDINAL VÍA,SUPERFICIE DE CALZADA,¿EXISTE SEÑAL VERTICAL?,¿EXISTE SEÑAL HORIZONTAL?,CAUSA FACTOR PRINCIPAL,MTC_RVN_LONGITUD_KM,MTC_RVN_N_CARRILES_MEDIANA,MTC_RVN_SUPERFICIE_DOMINANTE,MTC_RVN_ESTADO_DOMINANTE,MTC_RVN_ES_CONCESIONADA,MTC_RVN_CONCESION_PRINCIPAL,MTC_RVN_CORREDOR_LOGISTICO,MTC_RVN_N_TRAMOS,IDH_2019,IDH_ESP_VIDA_2019,IDH_EDUC_SECUND_PCT_2019,IDH_ANIOS_EDUC_2019,IDH_INGRESO_PERCAP_2019,IDH_POBLACION_2019,MTC_DEP_RED_TOTAL_KM,MTC_DEP_NACIONAL_TOTAL_KM,MTC_DEP_DEPARTAMENTAL_TOTAL_KM,MTC_DEP_VECINAL_TOTAL_KM,MTC_DEP_PAV_TOTAL_KM,MTC_DEP_NO_PAV_TOTAL_KM,MTC_DEP_PCT_PAVIMENTADA,PER_TOTAL_PERSONAS,PER_N_CONDUCTORES,PER_N_CONDUCTORES_FUGADOS,PER_N_PEATONES,PER_N_PASAJEROS_OCUPANTES,PER_EDAD_COND_PROM,PER_EDAD_COND_MIN,PER_EDAD_COND_MAX,PER_ANY_COND_MASCULINO,PER_ANY_LIC_PROBLEMA,PER_ANY_DOSAJE_POS,PER_ANY_DOSAJE_EVALUADO,VEH_TOTAL,VEH_N_FUGADOS,VEH_ANY_FUGADO,VEH_ANY_CARGA,VEH_ANY_PUBLICO,VEH_ANY_PARTICULAR,VEH_ANY_MOTO,VEH_ANY_AUTO,VEH_ANY_CAMION_BUS,VEH_ANY_SOAT_PROBLEMA,VEH_ANY_CITV_PROBLEMA,VEH_ANY_SEGURO_PROBLEMA,HORA_NUM,FRANJA_HORARIA,ANIO,MES,DIA_MES,DIA_SEMANA,ES_FIN_SEMANA,ES_QUINCENA,REGION_NATURAL,TIENE_SEÑALIZACION,ES_VIA_MULTICARRIL,ES_DEPTO_BAJO_PAVIMENTO,CATEGORIA_SEVERIDAD,CATEGORIA_SEVERIDAD_ENC
5,1,17,0,4,1,-15.326427317091445,-70.66743690844824,0,3,7,0,2,0,1,2,7586.903,2.0,2,0,1.0,9,5,1198.0,0.37220522218065144,72.70280045717253,71.29673893954957,6.841068001969884,391.74109843854285,13873.240300161537,13312.100892947536,1974.2071783421452,2054.8680900243353,9283.025624581054,2900.4945112843825,10411.606381663152,21.574526610736314,3,1,0,0,1,29.16114877491448,28.0826257712331,30.239671778595863,0.2396717785958623,1.0,0.2396717785958623,0.2396717785958623,1,0,0.0,0.0,0.0,1.0,0.0,1.0,0.0,0.2396717785958623,1.0,0.0,7,0,2022,3,15,5,0,0,2,1,0,1,GRAVE_MORTALIDAD,2
3,1,5,2,4,1,-15.37836443823363,-72.88335350751011,1,4,6,1,3,0,1,0,1558.6048901585218,2.0,2,0,0.7224113844635446,9,25,333.31844765966207,0.6294749334676507,75.50263261475091,73.81295550787708,10.11343408361206,1147.4399816801529,22453.71613448673,10861.42487306384,1587.1811219469091,1570.9164138714154,7703.327337245513,2526.2685993053638,8335.156273758474,23.79743632673016,5,1,0,0,3,43.77588615536455,34.384538157338476,53.16723415339063,1.0,0.0,0.0,0.7224113844635446,1,0,0.0,0.0,0.0,1.0,0.0,1.0,0.7224113844635446,0.0,0.0,0.0,15,1,2022,2,2,3,0,0,0,1,0,1,GRAVE_MORTALIDAD,2
3,1,20,0,4,1,-15.679045361328306,-70.51912843842456,0,4,6,0,2,0,1,2,1506.3351782117272,2.0,1,0,0.992608098555707,7,25,242.8036239524075,0.4698089160239001,78.38735542283551,68.1832677465881,6.99771048377107,610.0942859343834,6945.553216255322,13642.312999999998,2020.7790000000005,2354.117,9267.416999999998,3314.0520000000006,10328.260999999997,24.29244952817019,2,1,0,0,1,49.400209330502044,28.059135211554345,70.74128344944974,1.0,0.007391901444293025,0.0,0.992608098555707,1,0,0.0,0.992608098555707,0.0,1.0,0.0,1.0,0.992608098555707,0.0,1.0,0.0,13,2,2021,4,22,3,0,0,2,1,0,1,GRAVE_MORTALIDAD,2
6,1,7,0,4,1,-13.118630813008323,-72.33977960505707,2,4,0,0,2,1,1,2,3447.8009999999995,1.0,2,3,0.0,9,12,1109.0,0.4706944943299555,76.79406176595778,61.64424635983724,7.141255198110581,653.4175319142125,3282.6252676659524,17779.13499998999,2097.3709999899997,2863.123,12818.640999999989,2878.713,14900.421999989989,16.19152450331032,12,1,0,0,11,42.31060403933437,42.31060403933437,42.31060403933437,1.0,0.5091354129215991,0.0,0.49086458707840086,1,0,0.0,0.0,0.0,0.5091354129215991,0.0,0.0,1.0,0.0,0.0,0.0,13,1,2022,8,7,2,0,0,2,1,0,1,GRAVE_MORTALIDAD,2
2,1,18,0,4,1,-15.457698913108182,-70.52144893423117,0,4,6,1,2,2,2,2,7441.544296699831,2.0,2,0,1.0,9,8,1198.0,0.3481341749984024,72.99632472451368,76.05415886813174,6.790062528577295,305.27170516312765,25032.276427255176,13450.363075402962,1993.7071347817102,2180.165759331384,9276.490181289868,3073.6540040449636,10376.709071357998,22.71254046996264,3,1,0,0,0,43.49224931719517,35.74612465859758,51.23837397579275,1.0,0.0,0.0,0.13931948237804637,1,0,0.0,1.0,0.8606805176219536,0.0,0.0,0.0,1.0,0.0,0.0,0.0,15,3,2023,7,10,1,0,0,2,1,0,1,GRAVE_MORTALIDAD,2
5,1,13,0,4,1,-10.699356053012739,-77.61056738437074,0,4,7,1,2,2,2,2,253.46892642756444,2.0,2,0,0.13377296942132322,8,4,61.01978362395955,0.637459638499552,78.8301419931659,69.34037543498548,8.866106373907062,1248.5419369380825,35869.508946493675,7800.955618174079,1636.8750221866612,1644.1511133980434,4519.929482589376,1735.20436769362,6065.75125048046,22.440246183741174,9,1,0,0,8,46.39472436694412,46.39472436694412,46.39472436694412,1.0,0.0,0.0,0.8662270305786768,1,0,0.0,0.0,0.8662270305786768,0.13377296942132322,0.0,0.13377296942132322,1.0,0.0,0.13377296942132322,0.0,20,1,2023,9,17,0,0,1,0,1,0,1,GRAVE_MORTALIDAD,2
5,1,3,0,4,1,-16.131671254085873,-71.63199729242355,0,3,6,0,2,1,1,0,1504.4250000000002,2.0,2,0,1.0,7,25,241.0,0.6005060748875158,78.21704200773246,77.40211893847457,8.994742794352394,996.014120858737,33335.45824411135,10322.272,1495.236,1749.739,7077.2970000000005,2886.595,7435.677000000001,27.964725207783708,4,1,0,0,3,24.054625874201495,23.540969405651122,24.568282342751868,1.0,0.0,0.0,0.12841411713759343,1,0,0.0,1.0,0.0,0.12841411713759343,0.0,0.12841411713759343,1.0,0.0,0.0,0.0,2,0,2024,3,10,1,0,0,0,1,0,1,GRAVE_MORTALIDAD,2
4,1,22,0,4,1,-17.725969279037763,-70.28098381613817,2,4,2,1,2,2,2,2,1468.797167001496,1.418345807493758,1,1,0.41834580749375805,9,32,266.7810402261455,0.5098835429388552,75.90923164646847,74.18209823360071,8.399378691191915,705.8410762448777,3121.318846034761,2650.572,630.6729999999998,487.3610000000001,1532.5379999999998,1068.7019999999998,1581.87,40.31967439480987,4,1,0,0,2,35.50636475237308,30.765112267443822,43.73383229975032,1.0,0.0,0.0,0.41834580749375805,1,0,0.0,0.41834580749375805,0.0,0.581654192506242,0.0,0.581654192506242,0.41834580749375805,0.0,0.0,0.0,18,2,2023,5,14,2,0,0,0,1,0,1,GRAVE_MORTALIDAD,2
6,1,11,0,4,1,-10.469054954518153,-76.09873078781287,0,4,3,0,1,1,1,0,6543.555,2.0,4,4,1.0,14,33,1198.0,0.38897859429930126,71.03426256624529,53.882780591778285,5.946733693959386,610.2061110834692,37073.95420942545,9568.635771186464,1654.7922439090285,1131.4941136621107,6782.349413615324,2513.178851238122,7055.456919948341,26.150464196533026,4,1,0,0,3,45.11076932915756,45.11076932915756,45.11076932915756,1.0,1.0,0.0,0.0,1,0,0.0,0.0,0.0,1.0,0.0,0.44439561845108055,0.5556043815489194,0.0,0.0,0.0,10,1,2022,2,14,2,0,0,0,1,0,1,GRAVE_MORTALIDAD,2
3,1,20,0,4,1,-15.040031816092961,-70.05757793603864,0,4,4,1,2,1,1,2,1762.5261021577164,2.0,1,0,0.3032829394045271,8,28,462.25377954466046,0.3121249988507843,72.72964042417256,65.95375849600042,6.169454030702882,245.6018385313161,11230.79736183681,13642.312999999998,2020.7790000000005,2354.117,9267.416999999998,3314.0520000000006,10328.260999999997,24.29244952817019,7,1,0,0,5,36.40568031803888,31.18030236357284,41.63105827250493,1.0,0.0,0.0,0.0,1,0,0.0,0.0,0.0,1.0,0.0,0.6967170605954729,1.0,0.0,0.6967170605954729,0.0,3,0,2021,3,11,1,0,0,2,1,0,1,GRAVE_MORTALIDAD,2
3,2,3,0,4,1,-16.03928153348471,-71.31964804062817,0,4,0,0,2,0,1,0,1504.4250000000002,2.0,2,0,1.0,7,25,241.0,0.4685280505645348,81.83746865987648,70.74305753660312,6.037751599761188,617.4715908037651,1751.8736616702354,10322.272,1495.236,1749.739,7077.2970000000005,2886.595,7435.677000000001,27.964725207783708,5,2,0,0,2,42.185618108173585,41.449456690640275,43.016244092720214,1.0,0.0,0.0,0.0,2,0,0.0,0.716606298960031,0.28339370103996897,1.0,0.0,0.28339370103996897,1.0,0.0,0.716606298960031,0.0,14,1,2022,7,9,3,0,0,0,1,0,1,GRAVE_MORTALIDAD,2
7,1,3,0,4,0,-15.723452322088772,-71.5670416423358,1,4,2,0,2,0,1,0,6543.555,2.0,4,4,1.0,14,33,1198.0,0.5325761945469989,81.34951653829121,50.97523181639888,6.867251361766504,964.6116839691138,2104.1584582441114,10322.272,1495.236,1749.739,7077.2970000000005,2886.595,7435.677000000001,27.964725207783708,2,1,0,0,1,39.130709095788326,35.902756828550196,42.35866136302646,1.0,0.0,0.0,0.0,1,0,0.0,0.0,0.0,1.0,0.3586613630264591,0.6413386369735409,0.3586613630264591,0.0,0.0,0.0,6,1,2023,6,10,5,1,0,0,1,0,1,GRAVE_MORTALIDAD,2
6,1,12,0,4,1,-8.151190333687447,-78.56663234649106,0,4,7,1,1,2,2,4,6543.555,2.7322075254773663,2,1,1.0,3,30,1400.8214845572304,0.5645581498855241,77.30550061657459,63.00116949498023,8.618176157504772,966.23783273232,21227.21287435674,8931.828000000005,1335.5899999999997,1935.9830000000004,5660.255000000005,1219.309,7712.519000000005,13.651281686122925,6,1,0,0,5,31.786490305728396,31.786490305728396,31.786490305728396,1.0,0.26779247452263377,0.0,0.0,1,0,0.0,0.26779247452263377,0.0,0.7322075254773662,0.0,0.0,1.0,0.0,0.0,0.0,11,2,2022,6,9,6,1,0,0,1,0,1,GRAVE_MORTALIDAD,2
6,1,4,0,4,0,-14.532290742877365,-73.55490077672435,0,4,0,0,1,2,2,2,6543.555,2.0,4,4,1.0,14,33,1198.0,0.3727159052567591,73.28959194579501,45.79067454931074,6.613508790145529,487.6674416645418,612.3360112656717,12678.733000000004,1805.074000000001,1774.0339999999994,9099.625000000004,2485.375000000001,10193.358000000002,19.602707936195205,6,1,0,0,5,43.16115529752254,43.16115529752254,43.16115529752254,1.0,0.5677689404954918,0.0,1.0,1,0,0.0,0.0,0.0,1.0,0.0,0.43223105950450824,0.5677689404954918,0.43223105950450824,0.43223105950450824,0.0,3,0,2021,9,28,2,0,1,2,1,0,1,GRAVE_MORTALIDAD,2
6,1,5,0,4,1,-14.612474995908276,-73.40780643121691,0,4,0,0,2,1,0,2,2195.15112181292,2.0,1,0,0.9085124816125413,4,27,148.8503818033597,0.3289915605544407,65.4383462239445,56.60438763677456,5.773841785036489,363.23497706033965,3184.638952983607,12766.88854296779,1824.8083151537678,1827.1043541287518,9114.975873685271,2561.188602274765,10205.699940693024,20.031760756323447,31,1,0,0,30,44.4447121874132,44.4447121874132,44.4447121874132,1.0,0.09148751838745872,0.09148751838745872,1.0,1,0,0.0,0.0,0.9085124816125413,0.09148751838745872,0.0,0.09148751838745872,0.9085124816125413,0.09148751838745872,0.09148751838745872,0.09148751838745872,3,0,2023,6,26,0,0,0,2,1,0,1,GRAVE_MORTALIDAD,2
5,1,20,0,4,0,-14.70933638221069,-69.50395182235424,3,4,1,0,5,2,2,2,6543.555,2.0,4,4,1.0,14,33,1198.0,0.34088102569653833,71.64348818554296,68.89637184529994,6.0130544868841875,345.86064698640524,4510.287914448178,13642.312999999998,2020.7790000000005,2354.117,9267.416999999998,3314.0520000000006,10328.260999999997,24.29244952817019,4,1,0,0,3,44.932064092884076,43.665080116105095,46.19904806966306,1.0,1.0,0.0,0.0,1,0,0.0,0.0,0.2533967953557962,1.0,0.2533967953557962,0.0,1.0,0.0,1.0,0.2533967953557962,18,2,2021,6,24,5,1,1,2,1,0,1,GRAVE_MORTALIDAD,2
3,0,14,1,2,3,-12.168078789107195,-76.99554991799184,0,0,7,1,2,2,2,1,6474.793260881519,2.0,3,3,0.987403598728213,13,32,1195.8208225799808,0.7569888590990365,79.81365867500968,76.73173948974141,11.435226737177546,1657.533295940816,333947.5842060642,7626.313,1683.4029999999998,1599.0829999999996,4343.827000000001,1814.875,5811.438000000001,23.797541485643197,3,2,0,0,1,28.468508996820532,25.974807197456425,30.96221079618464,1.0,0.987403598728213,0.987403598728213,0.987403598728213,2,0,0.0,0.0,0.012596401271786961,1.0,0.987403598728213,0.987403598728213,0.012596401271786961,0.0,1.0,0.0,19,2,2021,1,6,2,0,0,0,1,0,1,GRAVE_MORTALIDAD,2
6,1,14,0,4,1,-12.629568292837327,-72.92050806229827,0,4,2,1,1,2,2,2,1213.7273425599806,1.644485061520594,1,1,0.6444850615205939,9,24,167.29262565989464,0.27747577204135365,75.04771049769816,62.62025327162086,6.473567562044288,193.58677264660747,20562.8942683534,14457.598347911467,1918.7981178445386,1849.8457233873487,10688.95450667958,2846.946255063096,11610.652092848371,20.118399056196708,3,1,0,0,2,49.77757469239703,49.77757469239703,49.77757469239703,1.0,0.0,0.0,0.3555149384794061,1,0,0.0,0.3555149384794061,0.0,0.6444850615205939,0.0,0.6444850615205939,0.3555149384794061,0.0,0.0,0.0,19,2,2023,7,16,6,1,1,2,1,0,1,GRAVE_MORTALIDAD,2
2,0,14,2,2,3,-12.069951674742665,-77.01103494884191,0,2,8,0,2,2,2,0,6543.555,2.1828645267548725,3,3,1.0,11,32,1248.6534739110996,0.7170568208332623,79.96479444734214,74.85115614766806,10.543413712246535,1496.479805674919,156864.4495895764,7626.313,1683.4029999999998,1599.0829999999996,4343.827000000001,1814.875,5811.438000000001,23.797541485643197,3,1,0,0,0,36.93734222238155,36.93734222238155,36.93734222238155,1.0,0.0,0.0,0.8171354732451276,1,0,0.0,1.0,0.0,0.8171354732451276,0.8171354732451276,0.0,1.0,0.0,0.8171354732451276,0.0,18,1,2021,9,12,2,0,0,0,1,0,1,GRAVE_MORTALIDAD,2
6,1,12,0,4,2,-7.78195072558111,-77.59190042586107,0,4,7,1,2,2,2,1,6543.555,2.0,4,4,1.0,14,33,1198.0,0.4686292122960986,72.39347765706144,42.14285241633188,6.687776775372348,878.2652317159998,9440.374732334049,8931.828000000005,1335.5899999999997,1935.9830000000004,5660.255000000005,1219.309,7712.519000000005,13.651281686122925,3,1,0,0,2,22.37317167649911,22.37317167649911,22.37317167649911,1.0,0.0,0.0,0.0,1,0,0.0,0.7675959537855869,0.0,0.0,0.0,0.0,0.7675959537855869,0.23240404621441313,0.0,0.23240404621441313,12,2,2021,7,4,6,1,0,0,1,0,1,GRAVE_MORTALIDAD,2
3,1,9,0,3,2,-11.833486037025356,-73.77933383395569,0,2,2,0,2,2,2,0,6543.555,2.0,4,4,1.0,14,33,1198.0,0.5249589611176294,78.35147942526712,62.56728368576788,8.223309498616953,810.3658882282505,60854.78070368507,14273.885136615976,1925.1738421407786,1745.946369302244,10602.76492517295,2058.635214890589,12215.249921725386,14.13254559639648,2,1,0,0,0,42.54252799456016,42.54252799456016,42.54252799456016,1.0,0.6356319986400399,0.0,0.36436800135996006,1,0,0.0,0.0,0.0,1.0,0.0,1.0,0.0,0.6356319986400399,0.36436800135996006,0.0,1,0,2022,5,16,0,0,0,2,1,0,1,GRAVE_MORTALIDAD,2
3,2,7,0,4,1,-14.34632503947669,-71.18031619599972,0,4,0,1,2,1,1,2,7586.903,2.0,2,0,1.0,9,5,1198.0,0.3680832846874777,76.42135217687428,62.19381280525234,5.9562081769420026,371.2725322505648,9961.86774124821,17779.13499998999,2097.3709999899997,2863.123,12818.640999999989,2878.713,14900.421999989989,16.19152450331032,8,2,0,0,6,41.5,34.00705653421709,48.99294346578291,1.0,0.007056534217092847,0.0,1.0,2,0,0.0,0.9929434657829072,0.007056534217092847,1.0,0.0,0.9929434657829072,1.0,0.0,0.0,0.0,16,3,2022,8,15,0,0,0,2,1,0,1,GRAVE_MORTALIDAD,2
8,1,3,0,4,1,-16.125499740519384,-71.54021990136934,1,4,0,0,2,1,1,0,1504.4250000000002,2.0,2,0,1.0,7,25,241.0,0.6005060748875158,78.21704200773246,77.40211893847457,8.994742794352394,996.014120858737,33335.45824411135,10322.272,1495.236,1749.739,7077.2970000000005,2886.595,7435.677000000001,27.964725207783708,13,2,0,0,11,32.16684753278235,26.111412554637248,38.22228251092745,1.0,0.7777174890725507,0.0,0.22228251092744933,2,0,0.0,1.0,0.0,0.7777174890725507,0.0,0.7777174890725507,1.0,0.0,0.0,0.0,7,0,2021,7,14,4,0,0,0,1,0,1,GRAVE_MORTALIDAD,2
5,1,3,0,4,1,-16.09689789045341,-71.6079561226358,0,4,1,0,2,0,1,0,1504.4250000000002,2.0,2,0,1.0,7,25,241.0,0.6005060748875158,78.21704200773246,77.40211893847457,8.994742794352394,996.014120858737,33335.45824411135,10322.272,1495.236,1749.739,7077.2970000000005,2886.595,7435.677000000001,27.964725207783708,4,1,0,0,3,65.99897140107485,64.41809397551111,67.5798488266386,1.0,0.0,0.0,0.22583963222339198,1,0,0.0,0.22583963222339198,0.0,0.774160367776608,0.0,0.774160367776608,0.22583963222339198,0.0,0.0,0.0,9,0,2023,2,24,5,1,0,0,1,0,1,GRAVE_MORTALIDAD,2
6,1,6,0,4,1,-14.154573234229545,-73.70277267557115,0,4,1,1,2,2,2,2,1343.135849351527,-0.4719257348765986,1,2,0.0,9,32,264.1746343510239,0.42226882751323963,72.58364273830796,42.4872720856659,7.001846640241917,657.585813547987,3535.6971277131966,12848.346933462539,1843.0434197861487,1876.1429679785256,9129.160545697865,2631.2426659332223,10217.104267529316,20.42821855112882,11,1,0,0,10,31.4719257348766,31.4719257348766,31.4719257348766,1.0,0.1760247550411338,0.1760247550411338,1.0,1,0,0.0,0.0,0.0,1.0,0.0,0.1760247550411338,0.8239752449588662,1.0,1.0,1.0,8,0,2023,7,20,4,0,0,2,1,0,1,GRAVE_MORTALIDAD,2
0,1,14,2,2,4,-12.524780984277854,-76.1125999495713,0,0,1,1,2,2,2,2,6543.555,2.0,4,4,1.0,14,33,1198.0,0.7191533366349964,78.80678774809262,76.05384768265915,10.779278040767082,1515.0712836017613,155152.65242411112,8431.056052469696,1728.5328191605743,1700.0817310303196,5002.441502278802,2015.4156042507248,6415.640448218971,23.86374391397348,3,1,0,1,0,37.86623287026767,35.85972592428273,39.87273981625262,1.0,0.8662328702676704,0.0,0.0,1,0,0.0,0.13376712973232963,0.0,1.0,0.0,0.13376712973232963,1.0,0.0,0.0,0.0,20,2,2023,3,11,0,0,0,0,1,0,1,GRAVE_MORTALIDAD,2
7,1,10,0,4,2,-8.780794545521138,-77.54853111438466,0,4,5,0,2,2,2,1,6543.555,2.0,4,4,1.0,14,33,1198.0,0.41855937899938694,76.7476393802408,45.771623180600685,5.736047570713508,695.2080043738279,17082.344235384287,8530.100276223176,1334.4161164980098,1300.1261015258888,5895.558058199277,1130.6841304960838,7399.416145727092,13.23973762789685,3,1,0,0,2,29.89071236454947,29.89071236454947,29.89071236454947,1.0,0.0,0.0,0.0,1,0,0.0,0.4441839479215043,0.0,0.5558160520784957,0.0,0.5558160520784957,0.4441839479215043,0.0,0.5558160520784957,0.0,7,1,2021,8,4,3,0,0,1,1,0,1,GRAVE_MORTALIDAD,2
5,1,12,0,4,0,-7.621280313457752,-78.58968858043211,0,4,0,1,1,2,2,2,6543.555,2.1370528028281557,3,3,1.0,12,32,1235.963626383399,0.3798379917140434,76.04699576045185,36.37767822447203,5.07141399384483,606.8908737365748,7202.079957765807,8931.828000000005,1335.5899999999997,1935.9830000000004,5660.255000000005,1219.309,7712.519000000005,13.651281686122925,4,1,0,0,3,34.30200162686748,33.95936961979709,34.644633633937865,1.0,1.0,0.13705280282815546,0.13705280282815546,1,0,0.0,0.8629471971718445,0.13705280282815546,0.0,0.13705280282815546,0.0,1.0,0.0,0.13705280282815546,0.13705280282815546,10,1,2022,7,7,4,0,0,0,1,0,1,GRAVE_MORTALIDAD,2
6,1,12,0,4,3,-7.970947618588285,-77.36844442858283,0,4,7,1,2,2,2,0,6543.555,2.0,4,4,1.0,14,33,1198.0,0.3546960152081751,74.50153738747083,37.874008966184164,4.998219957678687,496.36205133469326,3817.0904465789586,8931.828000000005,1335.5899999999997,1935.9830000000004,5660.255000000005,1219.309,7712.519000000005,13.651281686122925,3,1,0,0,2,26.547023030376042,26.547023030376042,26.547023030376042,1.0,0.13778857667806188,0.0,0.0,1,0,0.0,0.0,0.0,1.0,0.13778857667806188,0.0,0.8622114233219381,0.13778857667806188,0.0,0.13778857667806188,20,2,2023,9,23,6,1,0,0,1,0,1,GRAVE_MORTALIDAD,2
6,1,1,0,4,1,-8.56231178769654,-77.63107248547777,4,4,5,0,1,1,1,0,1703.219,1.0,0,3,0.0,9,28,247.0,0.27963822209173583,73.80443103308842,46.916604734631825,5.018178007278545,289.56553011748724,3043.639655948106,10767.648,1885.0630000000003,1222.721,7659.864000000001,2100.343,8667.305000000002,19.506051832303577,22,1,0,0,21,47.022984117943125,47.022984117943125,47.022984117943125,1.0,0.0,0.0,0.0,1,0,0.0,0.0,0.8160923529142614,0.1839076470857386,0.0,0.1839076470857386,0.8160923529142614,0.8160923529142614,0.0,0.0,14,2,2022,5,16,4,0,0,0,1,0,1,GRAVE_MORTALIDAD,2
6,1,13,0,4,0,-6.608038380074294,-79.81562606290201,0,4,7,1,2,2,2,0,6543.555,2.0160936361028363,3,3,1.0,13,32,1202.4579372004857,0.48437478522606925,71.12406746020224,64.8192793332303,8.459265660925167,696.0450183463222,13754.846763828222,3459.691,515.0619999999999,689.7280000000001,2254.901,703.3549999999999,2756.336,20.329994788551925,2,1,0,0,1,69.19531819485817,69.19531819485817,69.19531819485817,1.0,0.9839063638971636,0.0,0.0,1,0,0.0,0.9839063638971636,0.0,0.01609363610283643,1.0,0.0,0.0,1.0,0.9839063638971636,1.0,7,0,2022,2,24,3,0,1,0,1,0,1,GRAVE_MORTALIDAD,2
5,1,12,0,4,2,-7.66925572219611,-78.71519374357233,0,4,7,1,1,2,2,1,6543.555,2.090256313287316,3,3,1.0,12,32,1223.0009987805865,0.560031164832201,77.42054196481408,69.56561578325041,8.58955521792469,913.4286109069943,27898.058276396663,8931.828000000005,1335.5899999999997,1935.9830000000004,5660.255000000005,1219.309,7712.519000000005,13.651281686122925,6,1,0,0,5,49.78153977062124,49.375386360828315,50.18769318041416,1.0,1.0,0.0,0.0,1,0,0.0,0.9097436867126839,0.0,0.09025631328731609,0.09025631328731609,0.0,1.0,0.0,0.0,0.09025631328731609,5,0,2023,1,2,5,1,0,0,1,0,1,GRAVE_MORTALIDAD,2
3,2,10,1,4,1,-14.91015423176665,-74.96976434932272,1,3,7,1,2,1,0,2,6639.975,2.0,2,0,1.0,9,31,1616.0,0.5563774842369664,77.00938809632027,69.10246351364754,8.476961866273152,914.8835608305218,27932.19700214133,3721.461,698.1859999999996,744.866,2278.409,1102.9029999999996,2618.558,29.636290693359403,3,2,0,0,1,42.2402178786146,41.51790338660542,42.96253237062379,1.0,0.0,0.8517903386605417,1.0,2,0,0.0,0.14820966133945834,0.8517903386605417,1.0,0.0,0.14820966133945834,1.0,0.0,0.0,0.0,19,1,2021,4,17,5,1,1,0,1,0,1,GRAVE_MORTALIDAD,2
6,1,11,0,4,2,-11.757924610632026,-75.61175827497343,0,4,0,0,7,2,2,2,6543.555,2.0,4,4,1.0,14,33,1198.0,0.2567171709549502,70.2559492902753,54.344294255592914,5.238679462215676,194.9539376797448,516.4526001762765,12264.545,1826.4639999999995,1105.5389999999998,9332.542,1588.5359999999996,10676.009,12.952261987705208,5,1,0,0,4,19.84227680656699,19.84227680656699,19.84227680656699,1.0,0.05257439781100315,0.0,0.05257439781100315,1,0,0.0,0.05257439781100315,0.0,0.9474256021889969,0.0,0.9474256021889969,0.05257439781100315,0.0,0.0,0.0,4,0,2022,9,13,3,0,0,2,1,0,1,GRAVE_MORTALIDAD,2
0,1,20,0,4,1,-14.596275186529153,-70.29367962206805,0,4,6,1,2,2,2,2,1734.9305721985747,2.0,2,0,1.0,6,22,392.35380255481806,0.3288240040332039,69.5451235036503,63.743750057491084,6.033226187716395,311.69361680502357,8396.662440552198,13642.312999999998,2020.7790000000005,2354.117,9267.416999999998,3314.0520000000006,10328.260999999997,24.29244952817019,3,1,0,1,0,42.89558463050188,42.89558463050188,42.89558463050188,1.0,0.0,0.0,0.895584630501882,1,0,0.0,0.0,0.10441536949811803,0.895584630501882,0.0,0.0,1.0,0.10441536949811803,0.10441536949811803,0.10441536949811803,12,2,2022,11,8,0,0,0,2,1,0,1,GRAVE_MORTALIDAD,2
4,1,12,0,4,1,-9.302736783709491,-77.4009925925323,0,4,5,0,1,1,1,0,6543.555,2.431016805695877,3,2,1.0,7,31,1317.391655177758,0.3181067819289088,75.4430014524568,50.459725928962555,4.971465749347907,343.0020511409338,5465.3221838395575,8707.288656870182,1590.6538528646793,1417.3678306519905,5699.266973353512,2023.937734690358,6683.350922179824,23.210692855603675,8,1,0,2,4,30.338697456744,18.844915971520614,37.809655422139215,1.0,1.0,0.0,0.4310168056958772,1,0,0.0,0.4310168056958772,0.4310168056958772,1.0,0.4310168056958772,0.0,0.4310168056958772,0.4310168056958772,1.0,0.4310168056958772,10,0,2021,3,13,1,0,0,1,1,0,1,GRAVE_MORTALIDAD,2