CLASE SINIESTRO,CANTIDAD DE VEHICULOS DAÑADOS,DEPARTAMENTO,ZONA,TIPO DE VÍA,RED VIAL,COORDENADAS LATITUD,COORDENADAS  LONGITUD,CONDICIÓN CLIMÁTICA,ZONIFICACIÓN,CARACTERÍSTICAS DE VÍA,PERFIL LONGITUDINAL VÍA,SUPERFICIE DE CALZADA,¿EXISTE SEÑAL VERTICAL?,¿EXISTE SEÑAL HORIZONTAL?,CAUSA FACTOR PRINCIPAL,MTC_RVN_LONGITUD_KM,MTC_RVN_N_CARRILES_MEDIANA,MTC_RVN_SUPERFICIE_DOMINANTE,MTC_RVN_ESTADO_DOMINANTE,MTC_RVN_ES_CONCESIONADA,MTC_RVN_CONCESION_PRINCIPAL,MTC_RVN_CORREDOR_LOGISTICO,MTC_RVN_N_TRAMOS,IDH_2019,IDH_ESP_VIDA_2019,IDH_EDUC_SECUND_PCT_2019,IDH_ANIOS_EDUC_2019,IDH_INGRESO_PERCAP_2019,IDH_POBLACION_2019,MTC_DEP_RED_TOTAL_KM,MTC_DEP_NACIONAL_TOTAL_KM,MTC_DEP_DEPARTAMENTAL_TOTAL_KM,MTC_DEP_VECINAL_TOTAL_KM,MTC_DEP_PAV_TOTAL_KM,MTC_DEP_NO_PAV_TOTAL_KM,MTC_DEP_PCT_PAVIMENTADA,PER_TOTAL_PERSONAS,PER_N_CONDUCTORES,PER_N_CONDUCTORES_FUGADOS,PER_N_PEATONES,PER_N_PASAJEROS_OCUPANTES,PER_EDAD_COND_PROM,PER_EDAD_COND_MIN,PER_EDAD_COND_MAX,PER_ANY_COND_MASCULINO,PER_ANY_LIC_PROBLEMA,PER_ANY_DOSAJE_POS,PER_ANY_DOSAJE_EVALUADO,VEH_TOTAL,VEH_N_FUGADOS,VEH_ANY_FUGADO,VEH_ANY_CARGA,VEH_ANY_PUBLICO,VEH_ANY_PARTICULAR,VEH_ANY_MOTO,VEH_ANY_AUTO,VEH_ANY_CAMION_BUS,VEH_ANY_SOAT_PROBLEMA,VEH_ANY_CITV_PROBLEMA,VEH_ANY_SEGURO_PROBLEMA,HORA_NUM,FRANJA_HORARIA,ANIO,MES,DIA_MES,DIA_SEMANA,ES_FIN_SEMANA,ES_QUINCENA,REGION_NATURAL,TIENE_SEÑALIZACION,ES_VIA_MULTICARRIL,ES_DEPTO_BAJO_PAVIMENTO,CATEGORIA_SEVERIDAD,CATEGORIA_SEVERIDAD_ENC
3,2,12,0,4,1,-7.943764438363595,-78.71990455643271,0,4,7,1,1,2,2,1,8133.422549689934,2.5314792462818207,2,0,1.0,4,30,2578.366375006312,0.5065318227744239,77.22495053651824,55.3391603271303,7.436040847655196,830.2229346132102,14440.724084813566,8931.828000000005,1335.5899999999997,1935.9830000000004,5660.255000000005,1219.309,7712.519000000005,13.651281686122925,10,2,1,0,8,38.783313216536385,38.783313216536385,38.783313216536385,1.0,0.0,0.0,0.0,2,0,0.0,0.0,0.5314792462818209,1.0,0.0,0.5314792462818209,1.0,0.0,0.5314792462818209,0.0,12,3,2022,9,9,4,0,0,0,1,0,1,GRAVE_MORTALIDAD,2
4,1,4,0,4,1,-13.135054008692157,-74.20159407295716,0,4,0,0,2,1,0,3,2489.362883271828,1.5420367855104646,2,3,0.5420367855104645,9,18,678.6227923046912,0.21168650555265034,73.8630935858437,45.20129430404441,3.3649408087104944,163.86310530161364,16514.1115145194,12678.733000000004,1805.074000000001,1774.0339999999994,9099.625000000004,2485.375000000001,10193.358000000002,19.602707936195205,22,1,0,0,20,38.526544048298454,31.504441426125574,42.95352178836396,1.0,0.4579632144895355,0.0,1.0,1,0,0.0,0.0,0.5420367855104645,0.4579632144895355,0.4579632144895355,0.4579632144895355,1.0,0.0,0.4579632144895355,0.0,7,0,2022,8,7,1,0,0,2,1,0,1,GRAVE_MORTALIDAD,2
6,1,8,0,4,1,-12.99894466452583,-75.13769928204269,6,4,0,0,7,2,2,1,6543.555,2.0,4,4,1.0,14,33,1198.0,0.22475216266872447,64.54844562290172,49.987301152472156,4.36765715487006,203.73077184623799,1452.8447501548899,8511.426,1445.3929999999996,2008.516,5057.516999999999,1879.579,6631.846999999998,22.08300935706896,4,1,0,0,3,46.63531742043958,46.63531742043958,46.63531742043958,1.0,0.0,0.0,0.0,1,0,0.0,0.0,0.0,1.0,0.0,0.6032106745854158,0.3967893254145842,0.3967893254145842,0.3967893254145842,0.3967893254145842,13,1,2023,5,20,1,0,1,2,1,0,1,GRAVE_MORTALIDAD,2
4,1,20,0,4,2,-15.64458463519957,-69.94154631751384,1,4,3,1,2,2,2,2,6543.555,2.0,4,4,1.0,14,33,1198.0,0.29693982792882845,67.64717546481378,68.40512506968791,5.898431586713734,243.62531779881323,5374.224713739636,13642.312999999998,2020.7790000000005,2354.117,9267.416999999998,3314.0520000000006,10328.260999999997,24.29244952817019,7,1,0,1,4,61.44044718188948,58.31210484864329,64.56878951513568,1.0,0.4312104848643289,0.0,0.0,1,0,0.0,0.0,0.5687895151356711,0.4312104848643289,0.0,0.0,1.0,0.4312104848643289,0.4312104848643289,0.4312104848643289,20,2,2022,9,10,2,0,0,2,1,0,1,GRAVE_MORTALIDAD,2
8,1,20,0,4,1,-15.126142539571187,-69.99442042699948,0,4,3,1,2,0,1,2,1615.724874350557,2.0,1,0,0.5692979341347952,7,28,346.09130407110996,0.40033558910915495,74.57132687835056,69.01389463820827,6.801805907425614,429.47274051832676,4517.694632462958,13642.312999999998,2020.7790000000005,2354.117,9267.416999999998,3314.0520000000006,10328.260999999997,24.29244952817019,3,1,0,0,2,29.569297934134795,29.569297934134795,29.569297934134795,1.0,0.43070206586520476,0.43070206586520476,1.0,1,0,0.0,0.0,0.0,1.0,0.0,0.43070206586520476,0.5692979341347952,0.43070206586520476,1.0,0.43070206586520476,5,0,2021,5,11,3,0,0,2,1,0,1,GRAVE_MORTALIDAD,2
3,2,7,0,4,1,-15.080671148130655,-71.1186799729461,0,4,6,1,2,1,1,0,568.5409999999999,1.0,2,3,0.0,9,3,93.0,0.3491291336434085,68.34579473193322,63.63866309000273,4.984551874124405,419.36068685534286,1114.627408993576,17779.13499998999,2097.3709999899997,2863.123,12818.640999999989,2878.713,14900.421999989989,16.19152450331032,6,2,0,0,4,33.028032987601094,22.012459105600488,44.0436068696017,1.0,0.0,0.0,0.9979234823999188,2,0,0.0,0.0,1.0,0.9979234823999188,0.0,0.9979234823999188,1.0,0.0,0.0,0.0,0,0,2023,3,20,0,0,1,2,1,0,1,GRAVE_MORTALIDAD,2
3,1,10,0,4,1,-8.715873922913538,-78.19108727447347,0,4,5,0,1,2,2,1,6543.555,2.739291225867148,2,1,1.0,3,30,1402.7836695652,0.4732541233740003,77.04384733725657,58.29677954505137,6.2179853645206515,753.5001317104011,24709.510094979898,8822.225509937005,1364.2166055261093,1954.8929895141785,5503.115914896716,1391.4471822966982,7430.778327640305,15.849507071037316,4,1,0,0,2,38.89106316119928,31.128505289594226,46.65362103280433,1.0,0.7392912258671478,0.0,0.0,1,0,0.0,0.7392912258671478,1.0,0.0,1.0,0.0,0.7392912258671478,0.0,0.0,0.7392912258671478,7,0,2022,10,17,4,0,0,0,1,0,1,GRAVE_MORTALIDAD,2
3,2,11,0,4,1,-11.776088105961952,-75.69056200652118,0,4,0,0,2,1,1,2,7586.903,2.0,2,0,1.0,9,5,1198.0,0.4545643050211295,68.73444804749025,55.05670880126828,7.076811092931955,737.237129067086,1424.8051391862955,12264.545,1826.4639999999995,1105.5389999999998,9332.542,1588.5359999999996,10676.009,12.952261987705208,4,2,0,0,2,45.03333567067502,38.81075525170809,51.25591608964196,1.0,0.4817202793112889,0.0,1.0,2,0,0.0,0.5182797206887111,0.4817202793112889,1.0,0.0,1.0,1.0,0.0,0.4817202793112889,0.0,7,0,2022,10,10,2,0,0,2,1,0,1,GRAVE_MORTALIDAD,2
5,1,8,0,4,1,-14.20128667877244,-72.95578925362918,0,4,5,1,5,2,2,2,1704.6755399466188,1.2777839013263539,1,0,0.2777839013263538,8,29,334.16730963926716,0.31886043961003496,77.26761797921718,64.5077243993245,5.399966078305187,264.01963017672966,1146.8040042084078,12946.40001164005,1864.993376435602,1935.171718833095,9146.234916371353,2715.56812999942,10230.83188164063,20.905442651826483,4,1,0,0,3,26.8055953586213,23.61108049336823,30.000110223874366,1.0,0.0,0.7222160986736462,0.7222160986736462,1,0,0.0,0.7222160986736462,0.2777839013263538,0.2777839013263538,0.0,0.2777839013263538,1.0,0.2777839013263538,1.0,0.2777839013263538,16,3,2024,5,14,3,0,0,2,1,0,1,GRAVE_MORTALIDAD,2
6,1,20,0,4,1,-15.586445253129288,-70.10197633061199,0,4,2,1,2,2,2,2,7405.196963302648,2.0,2,0,1.0,9,9,1198.0,0.35697949218026526,73.50256863748153,64.85040117390214,5.729594580788361,365.942779056424,5430.012169912765,13642.312999999998,2020.7790000000005,2354.117,9267.416999999998,3314.0520000000006,10328.260999999997,24.29244952817019,2,1,0,0,1,52.42698584334732,52.42698584334732,52.42698584334732,1.0,0.8258433076046037,0.0,0.0,1,0,0.0,0.0,0.0,1.0,0.0,0.17415669239539633,0.8258433076046037,0.0,0.0,0.0,16,3,2023,7,10,6,1,0,2,1,0,1,GRAVE_MORTALIDAD,2
3,1,13,2,5,2,-9.6847591127684,-78.31570148029513,0,3,3,1,2,0,0,0,6543.555,2.453118826212567,3,2,1.0,7,31,1323.513914860881,0.7053220706152638,79.93654692386649,78.62735177458502,11.536085571761806,1345.8790978887796,266288.59144501423,5738.338130088541,1154.005697463983,1187.0371297894708,3397.2953028350876,1311.2243622882074,4427.113767800334,22.226330796419937,4,2,0,1,0,42.82816821651203,37.20321760681149,48.45311882621257,1.0,0.0,0.0,0.0,2,0,0.0,0.45311882621256705,0.0,1.0,0.0,1.0,0.45311882621256705,0.0,0.45311882621256705,0.0,14,1,2022,7,23,2,0,1,0,1,0,1,GRAVE_MORTALIDAD,2
6,1,12,0,4,1,-7.845070279169079,-78.08910058611644,0,4,7,1,1,2,2,2,9936.932,2.0,2,0,1.0,9,32,3830.0,0.3986882084754764,72.97869269132666,58.65435142755623,5.605762371496486,527.7120199980477,69564.29978586723,8931.828000000005,1335.5899999999997,1935.9830000000004,5660.255000000005,1219.309,7712.519000000005,13.651281686122925,2,1,0,0,1,40.43257272937298,40.43257272937298,40.43257272937298,1.0,0.0,0.0,0.28554031611421826,1,0,0.0,0.7144596838857817,0.28554031611421826,0.0,0.28554031611421826,0.0,0.7144596838857817,0.28554031611421826,0.0,0.28554031611421826,9,1,2022,8,20,4,0,1,0,1,0,1,GRAVE_MORTALIDAD,2
3,1,3,0,4,1,-16.181461399696452,-71.62524946510473,0,4,7,1,2,0,1,0,1504.4250000000002,2.0,2,0,1.0,7,25,241.0,0.6005060748875158,78.21704200773246,77.40211893847457,8.994742794352394,996.014120858737,33335.45824411135,10322.272,1495.236,1749.739,7077.2970000000005,2886.595,7435.677000000001,27.964725207783708,9,2,0,0,7,53.38513301276495,44.44132981546362,62.32893621006629,1.0,0.0,0.0,1.0,2,0,0.0,1.0,0.5553723420860953,0.0,0.0,0.0,1.0,0.0,0.5553723420860953,0.0,5,0,2025,6,20,5,1,0,0,1,0,1,GRAVE_MORTALIDAD,2
3,2,7,0,4,1,-15.14938482462836,-71.12085158711024,0,4,0,1,2,0,1,2,568.5409999999999,1.0,2,3,0.0,9,3,93.0,0.3511081951435104,68.35095767579651,63.649502128629926,5.018236968408672,424.44564017324205,1117.0534610454395,17779.13499998999,2097.3709999899997,2863.123,12818.640999999989,2878.713,14900.421999989989,16.19152450331032,50,2,0,0,48,46.14794526228933,28.135405668350256,64.16048485622842,1.0,0.0,0.0,0.0,2,0,0.0,0.0,1.0,0.02708113367005105,0.0,0.0,1.0,0.0,0.02708113367005105,0.0,2,0,2023,10,24,2,0,0,2,1,0,1,GRAVE_MORTALIDAD,2
3,2,17,1,4,1,-8.597839754558898,-77.78741556951576,0,4,0,0,2,2,2,2,1024.869267599056,2.0,2,0,0.4492681584656367,6,29,57.173156638891854,0.5148399339596271,74.84081229381113,65.34793931253829,7.852602803171734,812.6004204201466,25082.830742367667,2227.6779822958542,389.9347795111183,492.9640093413899,1344.7791934433462,648.0364993896816,1579.6414829061728,28.43079955268259,4,2,0,0,2,41.26072909007992,30.289754218518915,52.23170396164092,1.0,0.5507318415343633,0.0,1.0,2,0,0.0,0.5507318415343633,0.0,0.5507318415343633,0.5507318415343633,0.4492681584656367,1.0,0.0,0.5507318415343633,0.5507318415343633,14,1,2023,8,9,3,0,0,0,1,0,1,GRAVE_MORTALIDAD,2
5,1,14,0,4,1,-11.353752859505082,-77.44553084374137,0,4,7,1,2,1,0,0,6543.555,3.0,2,0,1.0,0,30,1475.0,0.7031388488515027,78.696169986651,75.18930531261249,12.162963141450891,1341.9352328272555,63108.73526209573,7626.313,1683.4029999999998,1599.0829999999996,4343.827000000001,1814.875,5811.438000000001,23.797541485643197,5,1,0,0,3,37.97629925162769,36.0,40.74311820390645,1.0,0.0,0.0,0.2964448877441531,1,0,0.0,0.2964448877441531,0.0,0.7035551122558469,0.0,0.7035551122558469,0.2964448877441531,0.0,0.0,0.0,8,0,2022,2,17,4,0,0,0,1,1,1,GRAVE_MORTALIDAD,2
3,2,3,0,4,1,-15.762049409058594,-70.97284649990658,0,4,7,0,2,0,1,0,1504.4250000000002,2.0,2,0,1.0,7,25,241.0,0.4498224071382834,81.63336343193146,58.84842497065013,5.774685730039019,620.6584683449911,1358.612419700214,10322.272,1495.236,1749.739,7077.2970000000005,2886.595,7435.677000000001,27.964725207783708,9,2,0,0,7,48.120620096266606,33.0,63.24124019253321,1.0,1.0,0.0,0.07035039229867168,2,0,0.0,0.07035039229867168,0.0,1.0,0.0,0.9296496077013283,1.0,0.0,0.0,0.0,6,1,2021,7,12,0,0,0,0,1,0,1,GRAVE_MORTALIDAD,2
2,1,12,2,5,3,-11.46998484523229,-77.21736928600336,0,2,0,0,2,0,1,0,5838.70742192232,2.0,3,3,1.0,13,31,1068.0282387375046,0.7450371689511264,79.35897289605312,77.50405413862521,11.699678241205781,1569.4066926240087,251625.4029271159,8661.757025651377,1689.6987174737324,1516.4156014614684,5455.642706716177,1837.9648634616008,6823.792162189777,22.396145564398477,4,2,0,2,0,44.878479528895056,42.629252757538396,47.00309291457338,0.8753866143216726,0.0,0.0,0.0,2,0,0.12461338567832736,0.0,0.0,1.0,0.12461338567832736,0.8753866143216726,0.0,0.12461338567832736,0.0,0.12461338567832736,7,0,2023,11,17,0,0,0,0,1,0,1,GRAVE_MORTALIDAD,2
3,2,18,1,4,1,-10.589498207751136,-76.17714811359892,0,1,2,0,2,1,1,2,9936.932,2.0,2,0,1.0,9,32,3830.0,0.5974604215095439,76.60536937705633,76.53538020845531,10.445793251218268,942.5702927361007,30504.94322666123,3677.119863,564.5869999999999,910.845,2201.687863000001,590.8779999999998,3086.2418630000006,16.06904376290656,7,2,0,0,5,31.37228359956509,25.26237977753616,37.48218742159402,1.0,0.0,0.0,0.6524759555072321,2,0,0.0,1.0,0.34752404449276786,0.0,0.0,0.6524759555072321,1.0,0.0,0.0,0.0,12,2,2022,8,12,3,0,0,2,1,0,1,GRAVE_MORTALIDAD,2
3,1,14,0,4,1,-12.3722459448591,-76.78357548677354,0,2,7,1,2,2,2,0,6639.975,2.0,2,0,1.0,9,31,1616.0,0.7010313868177178,76.29030437401913,67.96003627522862,10.593425277939602,1566.7576448847615,8312.614226157693,7626.313,1683.4029999999998,1599.0829999999996,4343.827000000001,1814.875,5811.438000000001,23.797541485643197,5,2,0,0,2,45.738635248801515,32.79247205537304,63.105439532669,1.0,0.0,0.0,0.0,2,0,0.0,0.0,0.0,1.0,0.0,1.0,0.9472802336654988,0.0,0.9472802336654988,0.0,12,2,2024,3,1,6,1,0,0,1,0,1,GRAVE_MORTALIDAD,2
2,1,14,2,3,2,-11.926930252232694,-77.06822277646945,0,3,4,1,2,2,2,0,6543.555,2.5538295621873033,2,1,1.0,6,31,1351.410788725883,0.7243788231349098,79.3804148792207,75.94659341264227,10.430004518854258,1561.0284292541583,54383.567601704235,7626.313,1683.4029999999998,1599.0829999999996,4343.827000000001,1814.875,5811.438000000001,23.797541485643197,3,1,0,1,0,54.26192006969202,54.26192006969202,54.26192006969202,1.0,0.0,0.0,0.0,1,0,0.0,0.5538295621873035,0.0,0.4461704378126965,0.0,0.4461704378126965,0.5538295621873035,0.0,0.0,0.0,16,2,2023,6,16,4,0,1,0,1,0,1,GRAVE_MORTALIDAD,2
3,2,5,0,4,1,-7.254502627625526,-78.68246265247627,2,4,7,0,2,0,1,0,887.28,2.0,2,0,1.0,8,17,155.0,0.3952355414052737,72.69786592226167,46.55376529517518,6.020128821773758,595.2840387842537,3701.6543389196368,15935.565011852366,1733.9250000199986,935.692,13265.948011832368,2000.1670000199988,13935.398011832369,12.551591352627522,5,2,0,0,3,40.514184615019275,31.323876923320483,49.704492306718066,1.0,0.4460205127799194,0.4460205127799194,0.4460205127799194,2,0,0.0,0.4460205127799194,1.0,0.5539794872200806,0.4460205127799194,0.5539794872200806,1.0,0.0,1.0,0.4460205127799194,10,1,2022,4,13,0,0,0,2,1,0,1,GRAVE_MORTALIDAD,2
4,1,3,0,4,1,-16.17601116042545,-73.50946999024787,0,4,7,0,2,1,1,1,6639.975,2.0,2,0,1.0,9,31,1616.0,0.6522658936233436,82.25834786977897,71.39660345204301,9.408540279463923,1197.465604243646,8835.70469142077,10322.272,1495.236,1749.739,7077.2970000000005,2886.595,7435.677000000001,27.964725207783708,3,2,0,0,1,30.212270412098807,28.126585892880748,32.297954931316866,1.0,0.0,0.0,0.0,2,0,0.0,0.7020450686831345,0.0,1.0,0.0,1.0,0.7020450686831345,0.0,0.7020450686831345,0.0,18,2,2021,6,28,3,0,1,0,1,0,1,GRAVE_MORTALIDAD,2
6,1,4,0,4,1,-13.698542343432264,-74.01558388190486,3,4,3,1,4,1,1,0,1984.2522121805532,2.0,2,1,1.0,6,25,206.0151271040769,0.3958575838249555,73.20207116370231,55.253890874108954,6.586336129579513,542.9068943168959,1983.8364543216526,8428.34955601326,1356.6019342029622,1621.3913779107559,5450.356243899541,1636.0544812115177,6792.295074801741,19.38915218386701,3,1,0,0,2,41.10151271040769,41.10151271040769,41.10151271040769,1.0,0.0,0.0,0.0,1,0,0.0,0.0,0.0,0.45507563552038444,0.0,0.5449243644796156,0.45507563552038444,0.0,0.0,0.0,7,1,2023,7,5,0,0,0,2,1,0,1,GRAVE_MORTALIDAD,2
5,1,12,0,4,1,-7.637625962363032,-77.99758718509109,0,4,7,1,6,2,2,0,6543.555,2.1635537945301873,3,3,1.0,11,32,1243.3044010848619,0.22554421512632256,74.05621578366832,27.845154895894456,3.729995894960839,273.08039825152997,13726.997067046768,8931.828000000005,1335.5899999999997,1935.9830000000004,5660.255000000005,1219.309,7712.519000000005,13.651281686122925,8,1,0,0,7,33.799091739832065,33.799091739832065,33.799091739832065,1.0,0.0,0.0,0.0,1,0,0.0,0.8364462054698126,0.16355379453018737,0.16355379453018737,0.0,0.16355379453018737,1.0,0.0,0.16355379453018737,0.0,6,0,2021,9,14,4,0,0,0,1,0,1,GRAVE_MORTALIDAD,2
3,1,5,0,4,1,-7.295554234444077,-78.60773883131144,2,4,4,0,2,0,1,0,845.1299550829775,2.0,2,0,0.6958761505319638,8,21,173.24743096808217,0.30707302708350803,71.38382056938578,35.62031028714768,4.907469478535727,378.6257266023275,5586.837759452954,15935.565011852366,1733.9250000199986,935.692,13265.948011832368,2000.1670000199988,13935.398011832369,12.551591352627522,5,1,0,0,4,33.61082343005366,31.871133053723746,35.35051380638357,1.0,0.0,0.0,0.0,1,0,0.0,0.0,0.6958761505319638,1.0,0.0,0.6958761505319638,1.0,0.0,0.6958761505319638,0.0,4,0,2022,2,16,1,0,0,2,1,0,1,GRAVE_MORTALIDAD,2
4,1,4,0,4,1,-10.322728760899105,-76.89782392445991,1,4,0,0,2,0,1,0,9936.932,2.0,2,0,1.0,9,32,3830.0,0.4282107453258801,74.98837846579134,60.22148868480083,6.981450572250489,590.9771812169704,1728.797627236004,11334.812805560892,1862.860209533413,1178.3214813656273,8293.631114661852,1906.422564833316,9428.390240727576,17.02286231231751,3,1,0,0,1,25.683405126346955,20.378893675089795,30.987916577604114,1.0,0.621106324910203,0.0,0.0,1,0,0.0,0.378893675089797,0.378893675089797,0.621106324910203,0.0,0.621106324910203,0.378893675089797,0.0,0.0,0.0,6,0,2023,5,18,3,0,0,0,1,0,1,GRAVE_MORTALIDAD,2
6,1,5,0,4,0,-6.479610419783058,-78.93734398820598,1,4,2,0,2,2,2,0,8912.810631842041,2.0,2,1,1.0,10,32,3035.6622529734395,0.41307515806069656,74.49053228817345,47.2020401776045,5.809990421187846,678.0710880846412,6953.08035494256,15935.565011852366,1733.9250000199986,935.692,13265.948011832368,2000.1670000199988,13935.398011832369,12.551591352627522,3,1,0,0,2,50.60360011172231,50.60360011172231,50.60360011172231,1.0,0.0,0.0,0.3018000558611551,1,0,0.0,0.0,0.0,1.0,0.0,0.3018000558611551,0.6981999441388449,0.3018000558611551,0.3018000558611551,0.3018000558611551,10,2,2022,3,18,4,0,0,2,1,0,1,GRAVE_MORTALIDAD,2
3,2,7,0,4,1,-15.085985668476175,-71.11803619883737,0,4,6,0,2,1,1,0,568.5409999999999,1.0,2,3,0.0,9,3,93.0,0.3491291336434085,68.34579473193322,63.63866309000273,4.984551874124405,419.36068685534286,1114.627408993576,17779.13499998999,2097.3709999899997,2863.123,12818.640999999989,2878.713,14900.421999989989,16.19152450331032,6,2,0,0,4,33.50128460795564,22.601541529546772,44.401027686364515,1.0,0.0,0.0,0.8997430784088717,2,0,0.0,0.10025692159112831,0.8997430784088717,1.0,0.0,1.0,1.0,0.0,0.0,0.0,0,0,2022,3,20,0,0,1,2,1,0,1,GRAVE_MORTALIDAD,2
6,1,12,0,4,1,-7.7762106305101035,-77.77113036235475,0,4,2,1,3,2,2,0,1688.589,1.0,1,3,0.0,9,32,287.0,0.207075822859255,73.60541053493367,29.73929277754871,3.1136136928384035,197.8983803570278,9081.543897216274,8931.828000000005,1335.5899999999997,1935.9830000000004,5660.255000000005,1219.309,7712.519000000005,13.651281686122925,3,1,0,0,2,30.797697406973857,30.797697406973857,30.797697406973857,1.0,0.0,0.0,0.0,1,0,0.0,0.0,0.0,1.0,0.0,0.0,1.0,0.0,1.0,0.0,12,1,2022,5,12,2,0,0,0,1,0,1,GRAVE_MORTALIDAD,2
1,1,7,0,4,1,-14.355528467198864,-71.16981310855815,0,4,3,1,2,1,1,2,7586.903,2.0,2,0,1.0,9,5,1198.0,0.3688068892893833,76.47283450634272,62.25751908213611,5.9696521090432615,372.1207781777657,9957.021413276232,17779.13499998999,2097.3709999899997,2863.123,12818.640999999989,2878.713,14900.421999989989,16.19152450331032,6,1,0,0,3,32.507695122062316,28.2975627603322,36.71782748379243,1.0,0.0,0.0,1.0,1,0,0.0,0.5613509815640155,0.0,1.0,0.0,1.0,0.5613509815640155,0.0,0.4386490184359845,0.0,13,2,2021,9,11,2,0,0,2,1,0,1,GRAVE_MORTALIDAD,2
6,1,10,1,4,1,-11.630464885249756,-75.79124632104588,0,4,0,0,1,0,1,0,7546.466028803415,2.0,2,0,1.0,9,6,1198.0,0.6068320890713284,75.24409340067518,69.75724865678741,9.86611919134798,1092.5498015678927,9025.496847026396,12280.597657623315,1825.6349891484956,1131.447817633293,9323.514850841526,1623.2947313254772,10657.302926297838,13.210012892737408,4,1,0,0,3,24.193784677770914,24.193784677770914,24.193784677770914,1.0,0.03875693555418247,0.0,0.03875693555418247,1,0,0.0,0.0,0.0,1.0,0.0,0.9612430644458175,0.0,0.03875693555418247,1.0,0.0,18,1,2022,6,12,0,0,0,2,1,0,1,GRAVE_MORTALIDAD,2
4,1,9,0,4,2,-10.029924615483532,-77.12185323930598,0,4,7,1,4,2,2,0,6543.555,2.499548335204671,3,2,1.0,7,31,1336.3748888516939,0.4381090169553409,75.60725856432816,55.67015341328108,6.0300617129126195,653.3404315286215,24717.154658973162,8721.437119216716,1390.541094149521,1972.2822606025998,5358.613764464595,1549.7422207144118,7171.694898502304,17.870953836148708,5,1,0,0,4,45.749322502807004,40.50406498315796,50.994580022456056,1.0,0.49954833520467123,0.0,0.0,1,0,0.0,0.0,0.49954833520467123,0.5004516647953288,0.49954833520467123,0.5004516647953288,0.49954833520467123,0.0,0.5004516647953288,0.49954833520467123,12,1,2024,6,4,1,0,0,1,1,0,1,GRAVE_MORTALIDAD,2
6,1,4,0,4,2,-13.522860296621777,-73.98242091227617,0,4,3,0,1,2,2,4,6543.555,2.0,4,4,1.0,14,33,1198.0,0.31578462621404213,71.63815881062531,55.009110500827944,4.763649908628949,339.75243566619906,4808.977970774778,12678.733000000004,1805.074000000001,1774.0339999999994,9099.625000000004,2485.375000000001,10193.358000000002,19.602707936195205,11,1,0,0,10,38.823881210625444,38.823881210625444,38.823881210625444,1.0,0.7647762421250892,0.2352237578749108,1.0,1,0,0.0,0.0,0.0,0.0,0.0,0.0,1.0,0.7647762421250892,0.7647762421250892,0.0,8,0,2023,7,16,2,0,0,2,1,0,1,GRAVE_MORTALIDAD,2
4,1,7,0,4,1,-13.591045634964047,-72.19449132221399,0,4,7,1,1,2,2,2,3004.946527250578,1.0,1,3,0.0,9,17,944.619846830316,0.4498878898158109,71.185255886205,68.92708926305946,6.540780863149721,648.3157153305141,10690.02947330842,17779.13499998999,2097.3709999899997,2863.123,12818.640999999989,2878.713,14900.421999989989,16.19152450331032,2,1,0,0,1,24.87553921590069,24.87553921590069,24.87553921590069,1.0,0.26555759801241363,0.0,0.7344424019875864,1,0,0.0,0.0,0.0,1.0,1.0,0.0,0.7344424019875864,0.26555759801241363,1.0,0.26555759801241363,7,0,2025,7,15,2,0,0,2,1,0,1,GRAVE_MORTALIDAD,2
5,1,12,2,2,3,-8.101440760185051,-79.07281903725142,0,0,1,1,2,2,2,0,6543.555,2.1932264303512325,3,3,1.0,11,32,1251.5237212072914,0.583006771156836,78.2441938961209,62.24037484511178,8.807312392374042,1028.2282118265089,76607.295503212,8931.828000000005,1335.5899999999997,1935.9830000000004,5660.255000000005,1219.309,7712.519000000005,13.651281686122925,4,1,0,0,2,28.67130217667342,25.966132151756163,31.376472201590676,1.0,0.19322643035123266,0.0,0.0,1,0,0.0,0.19322643035123266,0.19322643035123266,0.8067735696487673,0.19322643035123266,0.8067735696487673,0.19322643035123266,0.0,0.8067735696487673,0.19322643035123266,3,0,2023,9,11,1,0,0,0,1,0,1,GRAVE_MORTALIDAD,2