CLASE SINIESTRO,CANTIDAD DE VEHICULOS DAÑADOS,DEPARTAMENTO,ZONA,TIPO DE VÍA,RED VIAL,COORDENADAS LATITUD,COORDENADAS  LONGITUD,CONDICIÓN CLIMÁTICA,ZONIFICACIÓN,CARACTERÍSTICAS DE VÍA,PERFIL LONGITUDINAL VÍA,SUPERFICIE DE CALZADA,¿EXISTE SEÑAL VERTICAL?,¿EXISTE SEÑAL HORIZONTAL?,CAUSA FACTOR PRINCIPAL,MTC_RVN_LONGITUD_KM,MTC_RVN_N_CARRILES_MEDIANA,MTC_RVN_SUPERFICIE_DOMINANTE,MTC_RVN_ESTADO_DOMINANTE,MTC_RVN_ES_CONCESIONADA,MTC_RVN_CONCESION_PRINCIPAL,MTC_RVN_CORREDOR_LOGISTICO,MTC_RVN_N_TRAMOS,IDH_2019,IDH_ESP_VIDA_2019,IDH_EDUC_SECUND_PCT_2019,IDH_ANIOS_EDUC_2019,IDH_INGRESO_PERCAP_2019,IDH_POBLACION_2019,MTC_DEP_RED_TOTAL_KM,MTC_DEP_NACIONAL_TOTAL_KM,MTC_DEP_DEPARTAMENTAL_TOTAL_KM,MTC_DEP_VECINAL_TOTAL_KM,MTC_DEP_PAV_TOTAL_KM,MTC_DEP_NO_PAV_TOTAL_KM,MTC_DEP_PCT_PAVIMENTADA,PER_TOTAL_PERSONAS,PER_N_CONDUCTORES,PER_N_CONDUCTORES_FUGADOS,PER_N_PEATONES,PER_N_PASAJEROS_OCUPANTES,PER_EDAD_COND_PROM,PER_EDAD_COND_MIN,PER_EDAD_COND_MAX,PER_ANY_COND_MASCULINO,PER_ANY_LIC_PROBLEMA,PER_ANY_DOSAJE_POS,PER_ANY_DOSAJE_EVALUADO,VEH_TOTAL,VEH_N_FUGADOS,VEH_ANY_FUGADO,VEH_ANY_CARGA,VEH_ANY_PUBLICO,VEH_ANY_PARTICULAR,VEH_ANY_MOTO,VEH_ANY_AUTO,VEH_ANY_CAMION_BUS,VEH_ANY_SOAT_PROBLEMA,VEH_ANY_CITV_PROBLEMA,VEH_ANY_SEGURO_PROBLEMA,HORA_NUM,FRANJA_HORARIA,ANIO,MES,DIA_MES,DIA_SEMANA,ES_FIN_SEMANA,ES_QUINCENA,REGION_NATURAL,TIENE_SEÑALIZACION,ES_VIA_MULTICARRIL,ES_DEPTO_BAJO_PAVIMENTO,CATEGORIA_SEVERIDAD,CATEGORIA_SEVERIDAD_ENC
8,1,5,0,4,2,-6.7619640787659865,-78.34738307867573,0,4,0,0,1,2,2,0,6543.555,2.0,4,4,1.0,14,33,1198.0,0.19262715312359535,72.31945302566328,32.051007947957174,3.599584845885605,159.3447492640774,4318.023058422981,15935.565011852366,1733.9250000199986,935.692,13265.948011832368,2000.1670000199988,13935.398011832369,12.551591352627522,3,1,0,0,2,41.007227064203526,41.007227064203526,41.007227064203526,1.0,1.0,0.0,0.2518067660508815,1,0,0.0,0.7481932339491185,0.0,0.2518067660508815,0.0,0.2518067660508815,0.7481932339491185,0.7481932339491185,1.0,0.7481932339491185,16,2,2021,10,24,3,0,0,2,1,0,1,GRAVE_MORTALIDAD,2
3,1,17,0,4,2,-15.436044032111898,-70.2586024784825,0,4,5,0,2,2,2,2,6543.555,2.0,4,4,1.0,14,33,1198.0,0.2834476405355515,79.1508595047746,66.8211846218828,5.5013194335411395,208.62069642341095,10472.712861641872,13472.478544501631,1982.760214612928,2251.875275961664,9237.84305392704,3167.994685527906,10304.483858973725,23.465865633007237,2,1,0,0,1,63.8255906855326,62.5899711036064,65.0612102674588,1.0,1.0,0.0,0.17625361204919954,1,0,0.0,0.0,0.0,1.0,0.8237463879508005,0.0,0.17625361204919954,0.8237463879508005,0.0,0.8237463879508005,16,1,2021,10,15,3,0,0,2,1,0,1,GRAVE_MORTALIDAD,2
5,1,11,0,4,1,-7.96615005143165,-77.7327841409329,0,4,6,1,6,2,2,0,1603.7116990029538,1.0852683416116773,1,3,0.0,9,30,283.75980301875626,0.15953015294708894,78.93361387385487,34.16545907221105,2.255264747163114,148.74430124857224,18580.422576071953,8870.19851546499,1335.4099132625158,1838.4355055861918,5696.353096616283,1205.712962930018,7664.485552534973,13.588146267104618,2,1,0,0,0,23.91853768626274,22.25580502483503,25.58127034769045,1.0,0.0,0.0,0.0,1,0,0.0,0.0,0.0,1.0,0.0852683416116774,0.0,0.9147316583883226,0.0852683416116774,0.0,0.0852683416116774,3,0,2022,3,20,3,0,1,0,1,0,1,GRAVE_MORTALIDAD,2
5,1,14,0,4,1,-6.793651439193922,-79.39764861017927,0,4,6,0,2,1,1,0,6706.112220334495,2.8661837088690296,2,0,1.0,1,28,1563.0511195641786,0.5354358985724547,79.94540316522667,63.42692709732661,8.473251922559598,800.1727230214605,16427.973131938015,3752.1391443707234,555.2087607673668,726.6037553469616,2470.3266282563955,744.8448748814485,3007.294269489275,20.011759450584222,8,1,0,0,7,24.282121316191056,23.07777469601232,25.48646793636979,1.0,0.1338162911309705,0.0,0.0,1,0,0.0,0.0,0.1338162911309705,1.0,1.0,0.0,0.1338162911309705,0.8661837088690295,0.1338162911309705,1.0,4,0,2023,3,23,4,0,1,0,1,0,1,GRAVE_MORTALIDAD,2
6,1,12,0,4,0,-13.905728958403401,-72.3441357018654,3,4,0,0,1,2,2,3,6543.555,2.0,4,4,1.0,14,33,1198.0,0.3149604557792185,70.59358932435421,51.08151791780308,5.403115854353925,331.10882697835194,9338.521112314356,13161.306919609662,1913.1019866014267,2064.547425983241,9183.657507024995,2900.3876693999214,10260.91925020974,21.95139406707777,3,1,0,0,2,40.01789807946673,40.01789807946673,40.01789807946673,1.0,1.0,0.0,0.4991864509333305,1,0,0.0,0.5008135490666695,0.0,0.4991864509333305,0.0,0.0,0.5008135490666695,1.0,1.0,0.0,8,1,2021,6,14,3,0,0,2,1,0,1,GRAVE_MORTALIDAD,2
3,1,19,0,4,1,-5.883402121367566,-79.53731734637957,0,4,4,0,2,1,1,0,305.38500000000005,2.0,2,0,1.0,1,20,50.0,0.2117580020098525,65.37756662211437,42.30794939557186,3.975264599118591,171.62326554814578,38712.25053533191,8965.846000060003,1782.4120000599992,636.9959999999999,6546.438000000004,2214.505000059999,6751.341000000004,24.699342371541725,12,1,0,0,10,54.97943048822777,50.40692482075948,59.55193615569607,1.0,0.0,0.0,1.0,1,0,0.0,0.703462410379738,1.0,0.0,0.0,0.0,1.0,0.0,0.0,0.0,5,0,2022,2,18,3,0,0,0,1,0,1,GRAVE_MORTALIDAD,2
5,1,7,0,4,1,-15.085957768946608,-71.14642503446274,0,4,5,1,2,1,1,2,568.5409999999999,1.0,2,3,0.0,9,3,93.0,0.3685033383372,68.39633784604291,63.744772856190565,5.314315204753318,469.1403053433386,1138.3774688316234,17779.13499998999,2097.3709999899997,2863.123,12818.640999999989,2878.713,14900.421999989989,16.19152450331032,7,1,0,0,5,39.602330124377275,38.674433747924255,40.530226500830295,1.0,0.0,0.0,0.26511325041514877,1,0,0.0,0.0,0.7348867495848512,0.26511325041514877,0.0,0.26511325041514877,1.0,0.0,0.26511325041514877,0.0,10,1,2024,4,7,3,0,0,2,1,0,1,GRAVE_MORTALIDAD,2
3,2,10,1,4,1,-13.985242032036483,-75.77489603210229,0,4,7,1,2,2,2,1,6639.975,2.0,2,0,1.0,9,31,1616.0,0.6053164595604621,78.88848309050202,67.63954639531094,9.133324993872453,1064.9426147896202,27932.19700214133,3721.461,698.1859999999996,744.866,2278.409,1102.9029999999996,2618.558,29.636290693359403,3,2,0,0,1,34.86402111786072,31.135978882139273,38.592063353582176,1.0,0.0,0.0,0.5679894410696373,2,0,0.0,0.5679894410696373,0.43201055893036266,1.0,0.43201055893036266,0.5679894410696373,1.0,0.0,0.0,0.0,8,1,2021,3,10,3,0,0,0,1,0,1,GRAVE_MORTALIDAD,2
6,1,7,0,4,2,-12.694201810376416,-72.27346918360013,0,4,0,0,1,2,2,2,6543.555,2.0,4,4,1.0,14,33,1198.0,0.3457868771185263,71.91966125529862,58.35532032388589,5.535448462049746,367.64287866635874,11927.86178416054,17779.13499998999,2097.3709999899997,2863.123,12818.640999999989,2878.713,14900.421999989989,16.19152450331032,16,1,0,0,15,57.98289096586561,57.98289096586561,57.98289096586561,1.0,0.0,0.0009505018963550382,1.0,1,0,0.0,0.0,1.0,0.0,0.0,0.0,1.0,0.0,0.0,0.0,22,1,2022,2,6,5,0,0,2,1,0,1,GRAVE_MORTALIDAD,2
3,2,12,0,4,1,-12.270365273860648,-73.53897184491095,0,4,1,0,2,2,2,2,2714.161279933876,1.2203273934375827,1,2,0.22032739343758256,9,26,509.5490884053854,0.3935428903111022,73.77716569977287,51.61061159038891,6.98300604987711,471.13056263712826,66652.27488846197,12568.10503220171,1869.2769174558237,1380.6349362435099,9318.193178502377,1968.7144426148436,10599.390589586867,15.45081594958921,4,2,0,0,2,30.491473270469122,23.678035639374503,35.982946540938244,1.0,0.22032739343758256,0.0,0.7796726065624174,2,0,0.0,0.0,0.22032739343758256,1.0,0.7796726065624174,0.22032739343758256,1.0,1.0,0.22032739343758256,0.22032739343758256,14,3,2021,4,23,1,0,1,2,1,0,1,GRAVE_MORTALIDAD,2
6,1,8,0,4,1,-12.407378073353827,-75.04119294983923,0,4,7,1,2,1,0,0,7479.212115825394,2.0,2,0,1.0,9,7,1198.0,0.3197508632812603,73.35600919181914,47.73247021173725,4.747967817478287,352.6352900736821,3265.2034261241965,8511.426,1445.3929999999996,2008.516,5057.516999999999,1879.579,6631.846999999998,22.08300935706896,5,1,0,0,4,44.62601707578301,44.62601707578301,44.62601707578301,1.0,0.8967833511210004,0.0,0.0,1,0,0.0,0.0,0.0,1.0,0.0,1.0,0.0,0.0,0.10321664887899962,0.0,11,1,2025,1,11,3,0,0,2,1,0,1,GRAVE_MORTALIDAD,2
3,1,19,0,4,1,-5.293266553804207,-80.64719284844432,0,4,4,1,2,1,1,0,6543.555,2.4149648312813383,3,2,1.0,8,31,1312.9452582649305,0.5034350778485951,78.14388603810477,62.51585839041032,7.698619805954479,731.8176685454189,76220.84796573877,8965.846000060003,1782.4120000599992,636.9959999999999,6546.438000000004,2214.505000059999,6751.341000000004,24.699342371541725,5,2,0,0,3,39.71769342795264,26.945597868217252,52.48978898768803,1.0,1.0,1.0,1.0,2,0,0.0,0.5850351687186619,1.0,0.4149648312813381,1.0,0.0,0.4149648312813381,1.0,0.5850351687186619,0.5850351687186619,21,2,2022,7,10,2,0,0,0,1,0,1,GRAVE_MORTALIDAD,2
5,2,13,0,4,1,-10.042211498391556,-78.0189187037896,0,4,5,1,2,1,0,0,6543.555,3.0,2,0,1.0,0,30,1475.0,0.5704831477441075,78.52372691419332,62.25984290194323,7.705124736710726,1049.106977653927,66635.12297048315,8264.112518074755,1513.4815791200147,1763.6729569437225,4986.9579820110175,1523.9157174320417,6740.196800642713,18.840662698041935,20,2,0,0,18,38.022915067119484,34.51145753355974,41.53437260067923,1.0,0.0,0.0,0.4885424664402571,2,0,0.0,0.4885424664402571,0.5114575335597429,1.0,0.0,1.0,1.0,0.0,0.4885424664402571,0.0,9,0,2023,2,17,2,0,0,0,1,1,1,GRAVE_MORTALIDAD,2
6,1,10,0,4,1,-10.017362682980725,-76.95523751678728,2,4,7,1,2,2,2,3,415.3996251104984,2.0,1,1,0.5241962710633074,8,30,106.185448476177,0.27851418666298705,75.416453442675,51.12567452939988,4.827219592710285,227.80080805825605,5565.206037849674,8731.79916074756,1387.8346768484353,1970.4944718709653,5373.470012028158,1533.46792810503,7198.3312326425275,17.663129153337742,10,1,0,0,9,55.427411186810076,55.427411186810076,55.427411186810076,1.0,0.0,0.0,0.0,1,0,0.0,0.0,0.5241962710633074,0.47580372893669265,0.0,0.0,1.0,0.5241962710633074,0.0,0.5241962710633074,12,1,2023,8,22,3,0,1,0,1,0,1,GRAVE_MORTALIDAD,2
5,1,13,0,4,1,-14.997174750105476,-74.25309319800824,0,4,7,1,2,1,1,2,778.884041571182,-0.000806252671651464,2,0,1.0,11,31,140.89841216337194,0.5807672919030057,78.34297934681474,64.50385255818516,8.725337100237663,1011.5456042136243,5580.65160376677,3364.7858023724307,675.69981084554,659.1002046980711,2029.985786828819,1091.511858215874,2273.2739441565564,33.19454742495903,6,1,0,0,4,32.77876319770979,30.66935417557217,35.33225832977113,1.0,0.3330645824427829,0.0,0.6669354175572171,1,0,0.0,0.6669354175572171,0.0,0.3330645824427829,0.0,0.3330645824427829,1.0,0.0,0.3330645824427829,0.0,13,3,2023,7,8,1,0,0,0,1,0,1,GRAVE_MORTALIDAD,2
2,1,3,0,5,1,-10.717705727016273,-77.28473960317761,0,4,0,1,3,2,2,1,6543.555,2.7328559301293507,2,1,1.0,3,30,1401.00109264583,0.567225079952946,77.35850363762545,68.34625384368643,8.944972940795473,920.2823699274554,25807.921465038646,11167.535156757165,1869.40862464965,1191.4165236044175,8106.710008503099,1963.6167950317124,9203.918361725455,17.755245740140637,3,1,0,0,0,45.95497028816909,32.3971355807761,59.51280499556208,1.0,0.0,0.0,1.0,1,0,0.0,1.0,0.0,0.0,0.0,0.0,1.0,0.0,0.0,0.0,13,3,2022,5,4,4,0,0,0,1,0,1,GRAVE_MORTALIDAD,2
3,2,11,2,4,1,-8.335473820514252,-78.73914383721458,0,4,6,1,2,2,2,2,89.07171533716678,2.9106649953838883,2,0,0.9106649953838885,10,30,31.351066103250673,0.5436545648875983,78.75416117619625,63.744916932304434,8.443188463808657,865.4254477383529,20486.517290467855,8867.259249378612,1335.4013244702505,1833.783218709141,5698.0747061992215,1205.064533513961,7662.194715864652,13.585135179191585,2,2,0,0,0,35.39335004616112,19.53601002769667,51.25069006462556,1.0,0.0,0.0,0.0,2,0,0.0,0.0,0.0,1.0,1.0,0.0,0.0,0.08933500461611155,0.0,1.0,18,2,2022,10,19,5,1,1,0,1,0,1,GRAVE_MORTALIDAD,2
3,1,14,0,4,1,-11.966910092409991,-76.97992690995174,0,3,7,1,2,2,2,0,3504.986602046515,2.0,2,1,0.43567206612229037,9,26,1282.4821910782737,0.6971336888807511,79.27501283772501,75.26934181803617,10.196233059894876,1427.8488062647634,346747.13432614866,7626.313,1683.4029999999998,1599.0829999999996,4343.827000000001,1814.875,5811.438000000001,23.797541485643197,8,2,0,0,5,32.09940892571207,29.228064793467485,34.97075305795664,1.0,0.0,0.0,0.0,2,0,0.0,0.0,0.5643279338777096,1.0,0.0,0.43567206612229037,0.5643279338777096,0.0,0.5643279338777096,0.43567206612229037,14,3,2024,6,12,4,0,0,0,1,0,1,GRAVE_MORTALIDAD,2
6,1,12,0,4,1,-8.17866544596718,-78.77008550084892,0,4,7,1,1,2,2,5,6543.555,2.870913804857538,2,0,1.0,1,30,1439.2431239455382,0.567629187752989,78.0435467556871,64.55958344777639,8.78039922117914,943.6579930949401,20918.18330331858,8931.828000000005,1335.5899999999997,1935.9830000000004,5660.255000000005,1219.309,7712.519000000005,13.651281686122925,7,1,0,0,6,33.45096565829046,33.45096565829046,33.45096565829046,1.0,0.12908619514246178,0.0,0.0,1,0,0.0,0.12908619514246178,0.0,0.8709138048575382,0.0,0.0,1.0,0.0,0.0,0.0,12,2,2022,6,6,6,1,0,0,1,0,1,GRAVE_MORTALIDAD,2
6,1,20,0,4,1,-14.322434674127509,-70.54656134640776,3,4,0,1,2,2,2,2,1695.477854008183,2.0,2,0,1.0,6,22,366.4484898880366,0.36226352981821935,70.91100241829588,53.14576697865795,5.568667666166926,444.80456435794815,6501.60434925344,13642.312999999998,2020.7790000000005,2354.117,9267.416999999998,3314.0520000000006,10328.260999999997,24.29244952817019,5,1,0,0,4,35.3193111893945,35.3193111893945,35.3193111893945,1.0,0.0,0.0,0.0,1,0,0.0,0.0,0.2577012432660557,0.7422987567339443,0.0,0.7422987567339443,0.2577012432660557,1.0,1.0,1.0,8,0,2021,11,20,3,0,1,2,1,0,1,GRAVE_MORTALIDAD,2
6,1,5,0,4,1,-11.806981881276485,-74.22241134431808,0,4,7,1,1,2,2,3,6543.555,2.0,4,4,1.0,14,33,1198.0,0.2454375722013022,69.61409410218587,45.47912156342581,4.3305998278184985,257.4244664622197,3303.4109479075514,8563.421169872398,1301.4160778062399,1525.7557369260098,5736.249355140148,1356.5307481354812,7206.890421736916,15.894548258851998,3,1,0,0,2,26.50173046832495,26.50173046832495,26.50173046832495,1.0,0.0,0.0,0.0,1,0,0.0,0.0,0.0,0.35689564738214974,0.0,0.6431043526178503,0.35689564738214974,0.0,0.0,0.0,11,1,2022,8,14,3,0,0,1,1,0,1,GRAVE_MORTALIDAD,2
3,2,6,0,4,1,-11.284131654056583,-76.82656107652255,0,4,2,1,2,2,2,0,6993.089475883905,2.0,2,0,1.0,9,27,1779.2393390842471,0.5592438143281911,74.41782620371261,63.245268767790165,8.23303678954692,1038.291285514935,8006.060279413305,3779.011865714168,842.4602116140433,694.3950485997316,2242.1566055003927,1052.6012870634627,2726.410578650705,27.91082247996431,5,2,0,0,3,49.7625359335345,37.578717012420185,61.94635485464882,1.0,0.3157434024840371,0.0,0.6842565975159629,2,0,0.0,1.0,0.0,1.0,0.3157434024840371,0.6842565975159629,1.0,0.0,0.3157434024840371,0.0,20,2,2022,11,20,3,0,0,0,1,0,1,GRAVE_MORTALIDAD,2
3,2,3,0,4,1,-15.877538695627674,-71.1353862396277,0,4,7,0,2,0,1,0,1504.4250000000002,2.0,2,0,1.0,7,25,241.0,0.4498224071382834,81.63336343193146,58.84842497065013,5.774685730039019,620.6584683449911,1358.612419700214,10322.272,1495.236,1749.739,7077.2970000000005,2886.595,7435.677000000001,27.964725207783708,7,2,0,0,5,36.87848127596595,30.35063106823834,43.40633148369356,1.0,0.6215187240340485,0.0,0.6215187240340485,2,0,0.0,0.6215187240340485,0.0,1.0,0.0,0.3784812759659515,0.6215187240340485,0.0,0.3784812759659515,0.0,13,3,2023,8,17,3,0,0,0,1,0,1,GRAVE_MORTALIDAD,2
6,1,3,0,4,1,-8.747559198485355,-76.17596733386296,0,4,0,0,1,1,1,0,2577.508816654565,1.2198619563689768,1,2,0.21986195636897687,9,32,1028.8125055592839,0.5455106379097845,74.22205164405592,57.511704162355954,7.82460497179811,1053.605147986324,1745.2358018778168,3693.861010652342,1004.5516172480955,654.9422370177203,2034.3671563865269,926.6297493759154,2767.231261276427,25.316500435314452,2,1,0,0,1,43.46096630541716,43.46096630541716,43.46096630541716,1.0,0.21986195636897687,0.0,0.0,1,0,0.0,0.0,0.0,0.7801380436310231,0.0,0.21986195636897687,0.7801380436310231,0.0,0.0,0.0,10,1,2021,1,28,4,0,1,0,1,0,1,GRAVE_MORTALIDAD,2
6,1,5,1,4,1,-6.733414254161078,-78.50419069490802,0,3,7,0,1,2,2,0,3066.592234959347,1.4448393593405295,1,2,0.44483935934052954,11,32,560.6755845229279,0.3484871558022944,76.33677469666252,53.28672218475212,4.131981838863427,447.1658531581213,76209.5845824411,15935.565011852366,1733.9250000199986,935.692,13265.948011832368,2000.1670000199988,13935.398011832369,12.551591352627522,6,1,0,0,5,28.227751030767415,28.227751030767415,28.227751030767415,1.0,0.44483935934052954,0.0,0.0,1,0,0.0,0.44483935934052954,0.0,0.5551606406594705,0.0,0.0,1.0,0.5551606406594705,0.0,0.0,11,2,2022,5,17,3,0,0,2,1,0,1,GRAVE_MORTALIDAD,2
6,1,7,0,4,1,-13.032215736316072,-73.03654061092247,0,4,0,0,1,2,2,1,6064.417211616705,1.8994125221673253,3,3,0.8994125221673253,13,32,1126.7840656944663,0.32131304331319926,75.06950868231264,54.546919376087395,5.510212057586708,296.4700771437191,14188.653997446121,17779.13499998999,2097.3709999899997,2863.123,12818.640999999989,2878.713,14900.421999989989,16.19152450331032,4,1,0,0,3,28.100587477832676,28.100587477832676,28.100587477832676,1.0,0.0,0.0,0.0,1,0,0.0,0.8994125221673253,0.0,0.0,0.0,0.0,1.0,0.0,0.0,0.0,17,2,2023,4,18,4,0,1,2,1,0,1,GRAVE_MORTALIDAD,2
3,1,6,0,4,1,-12.247592790138725,-72.94713921146109,0,4,0,1,1,0,0,2,3073.1310492002685,1.0,1,3,0.0,9,14,975.3322326060899,0.43490698785586024,71.91188449433206,56.612225656261884,7.345380793691456,600.8494580190294,23478.903138713777,17532.955295345862,2048.838517088664,2605.744979444744,12878.371798812452,2761.3970335962267,14771.558261749633,15.7054688212775,2,1,0,0,1,36.53715043005424,33.93775312953649,39.13654773057199,1.0,0.0,0.0,0.13353423316074942,1,0,0.0,0.13353423316074942,0.0,0.8664657668392506,0.8664657668392506,0.0,0.13353423316074942,0.0,0.8664657668392506,0.8664657668392506,19,2,2024,8,22,5,1,1,2,0,0,1,GRAVE_MORTALIDAD,2
3,1,14,2,4,2,-12.042907447332242,-76.98198517281936,0,2,4,1,2,1,1,1,3067.421008437186,2.0,2,1,1.0,7,21,558.9377008869353,0.7147068881780245,79.23831244395751,75.83216149175074,10.7814519381382,1475.7145678792122,253466.37927598684,7626.313,1683.4029999999998,1599.0829999999996,4343.827000000001,1814.875,5811.438000000001,23.797541485643197,10,2,0,0,7,43.85343757495612,34.80044674981193,52.9064284001003,1.0,0.0,0.0,0.0,2,0,0.0,0.613303550012538,0.0,1.0,0.0,0.386696449987462,0.613303550012538,0.0,0.0,0.0,12,2,2023,5,22,2,0,1,0,1,0,1,GRAVE_MORTALIDAD,2
6,1,17,0,4,1,-5.615006607181226,-80.25798402390852,0,4,7,1,1,2,2,0,503.4349595435474,1.8211424247203474,1,0,0.8211424247203473,2,22,66.1126877502266,0.5120348046744797,79.70700214913046,60.659060359558225,6.647435604588939,837.4085048182119,9426.89885322686,8959.761623053408,1702.494500547663,869.3296651397902,6387.937457365955,2036.5066565612583,6923.25496649215,22.72331302580526,5,1,0,0,4,35.674851521364516,35.674851521364516,35.674851521364516,1.0,0.0,0.0,0.8211424247203473,1,0,0.0,0.0,0.0,1.0,0.0,1.0,0.0,0.0,0.0,0.0,20,1,2022,11,9,5,0,0,0,1,0,1,GRAVE_MORTALIDAD,2
6,1,5,0,4,2,-6.87696082266431,-78.26278216546639,0,3,0,0,1,2,2,2,6543.555,2.0,4,4,1.0,14,33,1198.0,0.2028357096788966,72.58373239836759,34.56433442660307,3.171987323611516,180.58351768655922,11797.431638633432,15935.565011852366,1733.9250000199986,935.692,13265.948011832368,2000.1670000199988,13935.398011832369,12.551591352627522,38,1,0,0,37,60.93218147921623,60.93218147921623,60.93218147921623,1.0,0.0,0.0,1.0,1,0,0.0,0.030509100593821836,0.9694908994061782,0.0,0.0,0.0,1.0,0.0,0.0,0.0,22,1,2023,4,27,5,0,0,2,1,0,1,GRAVE_MORTALIDAD,2
6,1,11,0,4,1,-11.55359688575644,-75.87478987957259,0,4,0,0,2,0,1,1,7586.903,2.0,2,0,1.0,9,5,1198.0,0.6211711217784234,75.51508523355102,70.90101252241288,10.049671623026311,1128.403546167389,8996.89721627409,12264.545,1826.4639999999995,1105.5389999999998,9332.542,1588.5359999999996,10676.009,12.952261987705208,4,1,0,0,3,31.645034090094857,31.645034090094857,31.645034090094857,1.0,0.0,0.0,0.5460738635782041,1,0,0.0,0.0,0.0,1.0,0.0,1.0,0.0,0.5460738635782041,1.0,0.5460738635782041,17,2,2022,7,18,2,0,0,2,1,0,1,GRAVE_MORTALIDAD,2
7,1,3,0,4,1,-16.02687952145794,-71.30215788282277,0,4,1,0,2,1,1,0,1504.4250000000002,2.0,2,0,1.0,7,25,241.0,0.4685280505645348,81.83746865987648,70.74305753660312,6.037751599761188,617.4715908037651,1751.8736616702354,10322.272,1495.236,1749.739,7077.2970000000005,2886.595,7435.677000000001,27.964725207783708,5,1,0,0,4,32.17650398849485,31.43700341870987,32.91600455827983,1.0,0.5069996201433474,0.0,0.0,1,0,0.0,0.49300037985665257,0.0,0.5069996201433474,0.0,0.5069996201433474,0.49300037985665257,0.0,0.0,0.0,8,1,2023,4,14,3,0,0,0,1,0,1,GRAVE_MORTALIDAD,2
3,0,14,0,3,2,-11.947729124888786,-76.98861621722153,0,2,7,1,2,2,2,0,3420.1598081362868,2.0,2,3,0.4278280382162303,11,27,1099.0142506114078,0.6962827213398953,79.26735485058916,75.24855074942997,10.178618150458517,1424.5833566028625,346929.10693854,7626.313,1683.4029999999998,1599.0829999999996,4343.827000000001,1814.875,5811.438000000001,23.797541485643197,8,2,0,0,6,27.069570095540577,24.85565607643246,29.28348411464869,1.0,0.4278280382162303,0.4278280382162303,0.4278280382162303,2,0,0.0,0.0,0.5721719617837697,1.0,0.4278280382162303,0.4278280382162303,0.5721719617837697,0.0,1.0,0.0,18,2,2023,2,6,2,0,0,0,1,0,1,GRAVE_MORTALIDAD,2
5,1,7,0,4,2,-13.465280782837795,-72.42094821015351,0,4,0,0,1,2,2,5,6614.139431122751,2.0,3,3,1.0,13,31,1198.0,0.35143733305616387,70.68261152087949,50.87658992035689,5.577973318974692,424.98759254727645,8683.34257806291,17779.13499998999,2097.3709999899997,2863.123,12818.640999999989,2878.713,14900.421999989989,16.19152450331032,12,1,0,0,11,37.45878513306969,37.05287398287195,37.86469628326742,1.0,0.0,0.9323481416337108,0.9323481416337108,1,0,0.0,0.0,0.0,1.0,0.0,1.0,0.06765185836628917,0.0,0.9323481416337108,0.0,19,1,2024,7,28,4,0,0,2,1,0,1,GRAVE_MORTALIDAD,2
6,1,5,0,4,2,-7.354356720900528,-78.114304646546,0,4,6,0,1,2,2,2,6543.555,2.0,4,4,1.0,14,33,1198.0,0.23401448771588065,73.83685940115315,40.65857715121243,3.414992962596449,218.98752651070583,3376.289148879137,15935.565011852366,1733.9250000199986,935.692,13265.948011832368,2000.1670000199988,13935.398011832369,12.551591352627522,3,1,0,0,2,47.43282716390812,47.43282716390812,47.43282716390812,1.0,0.1417932090229702,0.8582067909770298,1.0,1,0,0.0,0.0,0.0,1.0,0.0,1.0,0.0,0.0,0.1417932090229702,0.0,4,0,2024,6,14,4,0,0,2,1,0,1,GRAVE_MORTALIDAD,2
3,1,3,0,4,1,-15.781735864785578,-71.02492806047763,0,4,7,0,2,1,1,0,1504.4250000000002,2.0,2,0,1.0,7,25,241.0,0.4498224071382834,81.63336343193146,58.84842497065013,5.774685730039019,620.6584683449911,1358.612419700214,10322.272,1495.236,1749.739,7077.2970000000005,2886.595,7435.677000000001,27.964725207783708,6,2,0,0,4,38.63251405777056,29.682404498486576,47.58262361705453,1.0,0.17060112462164434,0.0,0.8293988753783557,2,0,0.0,0.8293988753783557,0.0,1.0,0.0,1.0,1.0,0.0,0.8293988753783557,0.0,10,1,2022,6,10,4,0,0,0,1,0,1,GRAVE_MORTALIDAD,2
6,1,14,2,3,2,-12.03873083794781,-77.02004870820312,0,1,4,1,2,1,1,1,6597.862811203186,2.0,2,1,1.0,11,31,1433.4352321399226,0.7109390997697053,79.92699983084466,77.48623435016431,10.028087544699561,1481.8951480928927,708722.7005600005,7626.313,1683.4029999999998,1599.0829999999996,4343.827000000001,1814.875,5811.438000000001,23.797541485643197,5,1,0,2,2,37.563242182152926,35.816210910764624,38.87351563569415,1.0,0.0,0.0,0.0,1,0,0.0,0.0,0.436757817847075,0.563242182152925,0.0,0.563242182152925,0.436757817847075,0.0,0.436757817847075,0.0,13,1,2024,1,22,2,0,1,0,1,0,1,GRAVE_MORTALIDAD,2