CLASE SINIESTRO,CANTIDAD DE VEHICULOS DAÑADOS,DEPARTAMENTO,ZONA,TIPO DE VÍA,RED VIAL,COORDENADAS LATITUD,COORDENADAS  LONGITUD,CONDICIÓN CLIMÁTICA,ZONIFICACIÓN,CARACTERÍSTICAS DE VÍA,PERFIL LONGITUDINAL VÍA,SUPERFICIE DE CALZADA,¿EXISTE SEÑAL VERTICAL?,¿EXISTE SEÑAL HORIZONTAL?,CAUSA FACTOR PRINCIPAL,MTC_RVN_LONGITUD_KM,MTC_RVN_N_CARRILES_MEDIANA,MTC_RVN_SUPERFICIE_DOMINANTE,MTC_RVN_ESTADO_DOMINANTE,MTC_RVN_ES_CONCESIONADA,MTC_RVN_CONCESION_PRINCIPAL,MTC_RVN_CORREDOR_LOGISTICO,MTC_RVN_N_TRAMOS,IDH_2019,IDH_ESP_VIDA_2019,IDH_EDUC_SECUND_PCT_2019,IDH_ANIOS_EDUC_2019,IDH_INGRESO_PERCAP_2019,IDH_POBLACION_2019,MTC_DEP_RED_TOTAL_KM,MTC_DEP_NACIONAL_TOTAL_KM,MTC_DEP_DEPARTAMENTAL_TOTAL_KM,MTC_DEP_VECINAL_TOTAL_KM,MTC_DEP_PAV_TOTAL_KM,MTC_DEP_NO_PAV_TOTAL_KM,MTC_DEP_PCT_PAVIMENTADA,PER_TOTAL_PERSONAS,PER_N_CONDUCTORES,PER_N_CONDUCTORES_FUGADOS,PER_N_PEATONES,PER_N_PASAJEROS_OCUPANTES,PER_EDAD_COND_PROM,PER_EDAD_COND_MIN,PER_EDAD_COND_MAX,PER_ANY_COND_MASCULINO,PER_ANY_LIC_PROBLEMA,PER_ANY_DOSAJE_POS,PER_ANY_DOSAJE_EVALUADO,VEH_TOTAL,VEH_N_FUGADOS,VEH_ANY_FUGADO,VEH_ANY_CARGA,VEH_ANY_PUBLICO,VEH_ANY_PARTICULAR,VEH_ANY_MOTO,VEH_ANY_AUTO,VEH_ANY_CAMION_BUS,VEH_ANY_SOAT_PROBLEMA,VEH_ANY_CITV_PROBLEMA,VEH_ANY_SEGURO_PROBLEMA,HORA_NUM,FRANJA_HORARIA,ANIO,MES,DIA_MES,DIA_SEMANA,ES_FIN_SEMANA,ES_QUINCENA,REGION_NATURAL,TIENE_SEÑALIZACION,ES_VIA_MULTICARRIL,ES_DEPTO_BAJO_PAVIMENTO,CATEGORIA_SEVERIDAD,CATEGORIA_SEVERIDAD_ENC
6,1,10,0,4,2,-13.753668236314304,-75.56785062639635,1,4,1,0,6,2,2,3,6543.555,2.0,4,4,1.0,14,33,1198.0,0.3707225407161589,74.96805343644056,53.50730575030593,7.083371152913227,376.7987728391695,808.804935126697,3721.461,698.1859999999996,744.866,2278.409,1102.9029999999996,2618.558,29.636290693359403,2,1,0,0,1,53.79347960661733,53.79347960661733,53.79347960661733,1.0,0.6995342576155238,0.0,0.0,1,0,0.0,0.3004657423844762,0.0,0.0,0.0,0.6995342576155238,0.3004657423844762,0.6995342576155238,0.6995342576155238,0.6995342576155238,13,1,2023,4,11,5,0,0,0,1,0,1,GRAVE_MORTALIDAD,2
6,1,1,0,4,1,-9.676935706859178,-78.26147938721304,0,4,7,1,2,1,0,0,6543.555,3.0,2,0,1.0,0,30,1475.0,0.5873460606982213,78.04758132038613,65.8701248560095,8.596987164492063,1041.0659985770535,35482.29764453961,10767.648,1885.0630000000003,1222.721,7659.864000000001,2100.343,8667.305000000002,19.506051832303577,5,1,0,0,4,35.22772429192493,35.22772429192493,35.22772429192493,1.0,0.0,0.0,0.6930689270187674,1,0,0.0,0.30693107298123257,0.0,0.6930689270187674,0.0,0.6930689270187674,0.30693107298123257,0.0,0.6930689270187674,0.0,5,0,2022,10,18,5,0,1,0,1,1,1,GRAVE_MORTALIDAD,2
6,1,1,0,4,1,-10.098972525372954,-77.32999323638322,0,4,5,0,4,1,1,0,703.5142450568643,1.9429056620920564,1,2,0.0,9,7,176.9728292284485,0.4480564008305253,69.89443586757221,58.48653196859121,7.105999670187341,673.3722132261279,1581.1913528402856,10767.648,1885.0630000000003,1222.721,7659.864000000001,2100.343,8667.305000000002,19.506051832303577,22,1,0,0,21,42.427358447698595,42.427358447698595,42.427358447698595,1.0,0.0,0.0,0.057094337907943715,1,0,0.0,0.0,0.9429056620920563,0.057094337907943715,0.0,0.0,1.0,0.057094337907943715,0.057094337907943715,0.0,20,2,2021,5,10,4,0,0,0,1,0,1,GRAVE_MORTALIDAD,2
3,1,7,0,4,0,-12.626930059434345,-73.03294066863978,6,4,0,0,3,2,2,3,5481.551226845361,1.6569482674803493,3,3,0.6569482674803494,12,25,1167.468395805751,0.4297325556987851,76.15904795703717,58.63823936731875,6.097264629229048,579.625724446144,29458.58458244112,17779.13499998999,2097.3709999899997,2863.123,12818.640999999989,2878.713,14900.421999989989,16.19152450331032,4,1,0,0,2,41.11662079023581,33.890189847951966,48.34305173251965,1.0,0.6569482674803494,0.0,0.6569482674803494,1,0,0.0,0.6569482674803494,0.3430517325196506,0.6569482674803494,0.6569482674803494,0.0,1.0,0.6569482674803494,1.0,0.6569482674803494,13,3,2022,2,23,1,0,1,2,1,0,1,GRAVE_MORTALIDAD,2
6,1,1,0,4,2,-9.147151115931855,-77.58911804579905,0,4,1,0,1,2,2,0,6543.555,2.0,4,4,1.0,14,33,1198.0,0.3497693182411394,77.69104883519634,50.69675899078851,5.214013597961395,417.85036232520264,5445.959685572076,10767.648,1885.0630000000003,1222.721,7659.864000000001,2100.343,8667.305000000002,19.506051832303577,3,1,0,0,2,45.98707271021248,45.98707271021248,45.98707271021248,1.0,0.3330640147960934,0.0,0.0,1,0,0.0,0.6669359852039066,0.3330640147960934,0.0,0.3330640147960934,0.0,0.6669359852039066,0.6669359852039066,0.6669359852039066,0.0,17,2,2022,6,9,2,0,0,0,1,0,1,GRAVE_MORTALIDAD,2
3,2,5,0,4,1,-7.252624128354222,-79.16481089647834,0,4,6,1,2,1,1,1,887.28,2.0,2,0,1.0,8,17,155.0,0.5352088577189803,73.20940017930344,64.3760255394209,7.456409341730057,981.291090989133,7490.721726511474,15935.565011852366,1733.9250000199986,935.692,13265.948011832368,2000.1670000199988,13935.398011832369,12.551591352627522,5,2,0,0,3,35.64046717164482,28.922762784050214,42.35817155923943,1.0,0.8974708017721986,0.8974708017721986,0.8974708017721986,2,0,0.0,0.10252919822780138,0.0,1.0,0.8974708017721986,1.0,0.10252919822780138,0.0,0.8974708017721986,0.8974708017721986,18,1,2023,6,29,5,0,1,2,1,0,1,GRAVE_MORTALIDAD,2
0,1,14,2,4,1,-12.127657401070698,-76.97926146592908,0,0,7,1,2,1,0,1,6638.825868081239,2.0119179829782423,2,0,1.0,8,30,1614.319564400068,0.8001069135226552,80.46898222768635,78.67687009532085,13.11468076357581,1760.4675495136537,360061.71732257685,7626.313,1683.4029999999998,1599.0829999999996,4343.827000000001,1814.875,5811.438000000001,23.797541485643197,3,1,0,2,0,28.988082017021757,24.04767193191297,33.92849210213055,1.0,0.9880820170217579,0.0,0.0,1,0,0.0,0.0,0.0,1.0,0.011917982978242092,0.9880820170217579,0.9880820170217579,0.0,1.0,0.0,4,0,2023,1,19,3,0,1,0,1,0,1,GRAVE_MORTALIDAD,2
3,1,7,1,4,1,-13.643937523132262,-71.77471014460686,6,3,6,1,2,1,1,1,7586.903,2.0,2,0,1.0,9,5,1198.0,0.5076758673268712,77.49815742769871,70.93853506690746,8.203716415012362,691.6928563204094,6280.5763225109795,17779.13499998999,2097.3709999899997,2863.123,12818.640999999989,2878.713,14900.421999989989,16.19152450331032,3,1,0,0,1,29.11753898082351,26.536616098632326,31.698461863014693,1.0,0.8603076273970613,0.0,0.0,1,0,0.0,0.0,0.0,1.0,0.0,0.8603076273970613,0.13969237260293865,0.0,0.8603076273970613,0.0,17,2,2021,4,14,5,1,0,2,1,0,1,GRAVE_MORTALIDAD,2
6,1,12,1,4,2,-7.655060972082247,-77.6190341342431,0,4,7,1,7,2,2,1,6543.555,2.0,4,4,1.0,14,33,1198.0,0.3777759452154163,77.49596069408273,39.40360484894383,5.262693107994091,552.9557849934276,1517.4093393409028,8931.828000000005,1335.5899999999997,1935.9830000000004,5660.255000000005,1219.309,7712.519000000005,13.651281686122925,4,1,0,0,3,59.15735926410795,59.15735926410795,59.15735926410795,1.0,0.0,0.0,0.0,1,0,0.0,0.0,0.0,1.0,0.0,0.2842640735892047,0.7157359264107953,0.0,0.7157359264107953,0.0,19,2,2021,9,2,3,0,0,0,1,0,1,GRAVE_MORTALIDAD,2
3,1,3,0,4,1,-15.304554317689686,-74.83608179725849,0,4,6,1,2,2,2,0,6637.351768713715,2.0,2,0,1.0,9,31,1604.6277672923936,0.5143301115999043,82.03283549205197,53.896421640693006,9.145157584331367,704.7494482787183,1453.584626526243,10322.272,1495.236,1749.739,7077.2970000000005,2886.595,7435.677000000001,27.964725207783708,4,1,0,0,2,42.054412596687115,30.380888176809783,53.72793701656444,1.0,0.0,0.0,0.027206298343556035,1,0,0.0,0.0,0.0,1.0,0.0,0.972793701656444,1.0,0.0,1.0,0.0,6,1,2021,1,9,4,0,0,0,1,0,1,GRAVE_MORTALIDAD,2
3,2,3,0,4,1,-15.759182086924678,-70.96763751355826,0,4,7,0,2,0,1,0,1504.4250000000002,2.0,2,0,1.0,7,25,241.0,0.4498224071382834,81.63336343193146,58.84842497065013,5.774685730039019,620.6584683449911,1358.612419700214,10322.272,1495.236,1749.739,7077.2970000000005,2886.595,7435.677000000001,27.964725207783708,9,2,0,0,7,48.788308745185255,33.0,64.57661749037051,1.0,1.0,0.0,0.01693530038517954,2,0,0.0,0.01693530038517954,0.0,1.0,0.0,0.9830646996148205,1.0,0.0,0.0,0.0,6,1,2021,7,12,0,0,0,0,1,0,1,GRAVE_MORTALIDAD,2
3,2,20,0,4,1,-15.533707820985551,-70.21352875762683,0,4,7,0,2,2,2,2,1635.1883781749384,2.0,1,0,0.4939791491401879,8,28,364.46908760979414,0.33814349962285073,73.8713902272849,69.12234836855563,6.283316340974975,322.29816178643154,4851.441821450657,13642.312999999998,2020.7790000000005,2354.117,9267.416999999998,3314.0520000000006,10328.260999999997,24.29244952817019,13,2,0,0,11,40.71688532027103,36.987958298280375,45.457854043981314,1.0,0.0,0.0,0.5060208508598121,2,0,0.0,0.5060208508598121,0.5060208508598121,0.4939791491401879,0.0,0.4939791491401879,1.0,0.4939791491401879,0.5060208508598121,1.0,19,2,2021,8,9,4,0,0,2,1,0,1,GRAVE_MORTALIDAD,2
3,1,12,2,3,1,-8.62987734126284,-78.82745993282946,0,0,6,1,2,1,1,0,6543.555,2.8693523009923476,2,0,1.0,1,30,1438.8105873748802,0.6162151719295078,78.52835468308606,64.70332539187687,9.359993550238633,1153.8519429061068,76380.73588732064,8761.26546923003,1381.0309681349484,1891.9677902043222,5488.266710890758,1297.1183275071917,7464.147141722837,14.976867182464096,3,2,0,0,1,45.82906778610714,31.04518159206122,60.61295398015305,1.0,0.8693523009923474,0.0,0.0,2,0,0.0,0.8693523009923474,1.0,0.1306476990076526,0.8693523009923474,0.1306476990076526,1.0,0.0,0.0,0.8693523009923474,16,3,2023,8,18,4,0,0,0,1,0,1,GRAVE_MORTALIDAD,2
5,1,12,0,4,2,-7.618976488758113,-78.87529457076616,0,4,7,1,1,2,2,1,6543.555,2.263173544248496,3,2,1.0,10,32,1270.8990717568333,0.5670310555692996,78.20824961483305,70.4529443817294,8.805266782945576,910.6411503648973,27832.65372230726,8931.828000000005,1335.5899999999997,1935.9830000000004,5660.255000000005,1219.309,7712.519000000005,13.651281686122925,5,1,0,0,4,47.4471571526453,46.26287620352707,48.631438101763536,1.0,1.0,0.0,0.0,1,0,0.0,0.7368264557515041,0.0,0.2631735442484959,0.2631735442484959,0.0,1.0,0.0,0.0,0.2631735442484959,5,0,2023,3,6,5,1,0,0,1,0,1,GRAVE_MORTALIDAD,2
3,1,2,0,4,1,-11.442541476083349,-76.24493484682708,0,3,0,0,2,0,1,0,7064.143670822588,2.501040236984603,2,0,1.0,4,17,1336.788145644735,0.5387462360242203,72.77471859462712,68.51880480788789,8.767092338879369,880.6446285428947,35420.77708103977,11721.202518702281,1845.151707516162,1497.804003827307,8378.246807358813,2292.4584754733446,9428.744043228937,19.554279338995336,4,2,0,0,2,32.92793590066654,23.498959763015396,41.02080473969207,1.0,1.0,0.0,0.4989597630153966,2,0,0.0,0.5010402369846034,0.5010402369846034,0.4989597630153966,1.0,0.4989597630153966,0.5010402369846034,0.0,0.5010402369846034,1.0,11,0,2023,6,14,2,0,0,0,1,0,1,GRAVE_MORTALIDAD,2
4,1,11,1,4,1,-11.774336802207989,-75.69391692361711,0,4,0,0,2,2,2,2,7586.903,2.0,2,0,1.0,9,5,1198.0,0.4545643050211295,68.73444804749025,55.05670880126828,7.076811092931955,737.237129067086,1424.8051391862955,12264.545,1826.4639999999995,1105.5389999999998,9332.542,1588.5359999999996,10676.009,12.952261987705208,6,1,0,0,4,46.16416852728139,43.173492257967,49.15484479659578,1.0,0.4272394670449132,0.0,1.0,1,0,0.0,0.0,0.4272394670449132,1.0,0.0,0.4272394670449132,1.0,0.0,0.4272394670449132,0.0,10,1,2022,11,12,2,0,0,2,1,0,1,GRAVE_MORTALIDAD,2
9,1,3,0,4,3,-13.256790159388837,-72.8598360807896,5,4,6,1,6,2,2,0,6543.555,2.0,4,4,1.0,14,33,1198.0,0.2811216247011571,72.30687513863496,67.19039522112219,4.37084400498305,237.51121732689765,5882.282281509944,8437.5825315295,1289.743113344074,1385.6322756468492,5762.207142538578,1403.4022948177717,7034.18023671173,16.660792497197374,3,1,0,0,2,53.70654848119509,53.70654848119509,53.70654848119509,1.0,0.0,0.0,0.0,1,0,0.0,0.8627728533831289,0.0,0.13722714661687108,0.0,0.0,1.0,0.0,0.0,0.0,12,2,2022,7,5,5,0,0,1,1,0,1,GRAVE_MORTALIDAD,2
3,2,3,0,4,1,-15.698490731676191,-71.05369965281656,0,4,0,1,2,1,1,0,568.5409999999999,1.0,2,3,0.0,9,3,93.0,0.451065914874803,81.61132426823511,58.40714454153842,5.777945380494905,628.4740086332729,1359.5548395889655,10322.272,1495.236,1749.739,7077.2970000000005,2886.595,7435.677000000001,27.964725207783708,11,2,0,0,9,25.059755169517935,24.93507809075112,25.18443224828475,1.0,0.0,0.0,0.0,2,0,0.0,0.06233853938340794,0.0,1.0,0.0,0.9376614606165921,0.06233853938340794,0.0,0.9376614606165921,0.0,6,1,2022,8,11,5,0,0,0,1,0,1,GRAVE_MORTALIDAD,2
4,1,16,0,4,1,-8.626551860315564,-75.87794938308109,0,4,7,1,2,1,0,1,7698.002327525526,2.0,2,0,1.0,9,14,1803.9456643657886,0.48533529695997757,74.15883926439562,56.47269285547233,6.856644390958616,858.2913843655729,3398.547692055514,6653.868782550784,1036.903317298341,1332.4374715632628,4284.52799368918,1318.2380653040552,5335.630717246728,19.405723981593066,5,1,0,0,3,59.96140458536446,54.12877252195045,65.79403664877847,1.0,0.3519297707317768,0.6480702292682232,0.6480702292682232,1,0,0.0,0.0,0.6480702292682232,0.3519297707317768,0.6480702292682232,0.3519297707317768,0.6480702292682232,0.0,0.6480702292682232,0.6480702292682232,13,2,2022,8,15,4,0,0,1,1,0,1,GRAVE_MORTALIDAD,2
0,0,9,2,2,2,-9.887437899861945,-77.68114757824968,0,0,0,0,2,2,2,1,4020.0121144327236,2.0,3,2,1.0,11,25,732.6663255151723,0.6943415507905015,77.09388945064075,76.32545698580718,10.888189482565656,1403.2864316388168,253739.45514707276,11333.479606803174,1705.9433527436513,1303.1115986096215,8324.4246554499,1897.5428880363843,9435.93671876679,18.780169195643847,3,1,0,2,0,35.338447769371506,33.55385074354283,36.67689553874302,0.5538507435428305,0.0,0.0,0.5538507435428305,1,0,0.4461492564571695,0.0,0.5538507435428305,0.4461492564571695,0.4461492564571695,0.0,0.5538507435428305,1.0,0.0,0.4461492564571695,13,1,2022,4,16,4,0,0,0,1,0,1,GRAVE_MORTALIDAD,2
3,1,1,0,4,1,-9.6368589112786,-78.29213258836847,1,4,1,1,3,0,1,0,6543.555,3.0,2,0,1.0,0,30,1475.0,0.5873460606982213,78.04758132038613,65.8701248560095,8.596987164492063,1041.0659985770535,35482.29764453961,10767.648,1885.0630000000003,1222.721,7659.864000000001,2100.343,8667.305000000002,19.506051832303577,5,2,0,0,2,39.865585588676474,29.238455611039925,48.70162161698529,1.0,0.6716602309978987,0.0,0.0,2,0,0.0,0.6716602309978987,0.6716602309978987,0.32833976900210127,0.6716602309978987,0.32833976900210127,0.6716602309978987,0.0,0.6716602309978987,0.6716602309978987,3,0,2021,7,13,1,0,0,0,1,1,1,GRAVE_MORTALIDAD,2
8,1,6,0,4,0,-11.373922444739803,-74.20570848478498,0,4,4,0,1,1,0,1,6543.555,2.0,4,4,1.0,14,33,1198.0,0.401446329597272,74.18702347593964,62.76719881306988,6.546357077453755,472.3707741109216,16959.518351596696,17163.56242451866,1976.0154823335765,2219.549025403103,12967.997916781978,2585.3643192569098,14578.198105261748,14.976141828105897,6,1,0,0,5,28.6814642596904,28.6814642596904,28.6814642596904,1.0,0.33390247152655395,0.0,0.0,1,0,0.0,0.0,0.33390247152655395,0.666097528473446,0.666097528473446,0.0,0.33390247152655395,1.0,1.0,1.0,17,1,2023,7,21,3,0,1,2,1,0,1,GRAVE_MORTALIDAD,2
5,1,11,0,4,1,-8.199067662818528,-77.3184924129122,1,4,0,1,1,1,1,0,1435.4958715233647,1.2542591609889304,1,3,0.0,9,26,277.3381518824206,0.24377578657884233,73.2809055991176,31.916123207754882,3.5639756658657173,276.017436458039,9210.980321533245,8748.056851952873,1335.0530046519912,1645.1089942736978,5767.894853027185,1178.7673767803149,7569.289475172558,13.463020036314072,3,1,0,0,2,36.25425916098893,33.71166755109962,38.79685077087824,1.0,0.0,0.0,0.25425916098893053,1,0,0.0,0.25425916098893053,0.0,0.7457408390110695,0.0,0.25425916098893053,1.0,0.0,0.7457408390110695,0.0,13,2,2022,3,10,2,0,0,0,1,0,1,GRAVE_MORTALIDAD,2
4,1,3,0,4,1,-15.91787059548278,-74.02749373123042,0,4,5,0,1,2,2,0,6604.400782499115,2.0,2,1,1.0,10,31,1461.7786463869522,0.5275270663133564,82.85547877421995,58.46846780504432,8.977030217705524,727.3024160935629,1164.5320200904694,10322.272,1495.236,1749.739,7077.2970000000005,2886.595,7435.677000000001,27.964725207783708,3,1,0,0,2,59.37398137066268,57.165308494216916,61.58265424710846,1.0,0.0,0.0,0.0,1,0,0.0,0.0,0.0,1.0,0.0,1.0,0.6310493932702206,0.0,0.0,0.0,12,1,2022,1,14,5,0,0,0,1,0,1,GRAVE_MORTALIDAD,2
3,1,6,0,4,1,-13.116216199328774,-72.17260262249668,0,4,0,1,1,0,0,2,3377.700736885833,1.0,1,3,0.0,9,12,1083.9909336358687,0.4522940536417311,71.16365473415831,58.45965898147131,7.689295943581609,640.0760617649911,23767.036148839215,17733.07509571401,2088.29063522174,2814.967905303413,12829.816555188858,2856.76333444811,14876.3117612659,16.100584113973227,2,1,0,0,1,34.47469756335514,31.549649810200687,37.399745316509595,1.0,0.0,0.0,0.02498408228184945,1,0,0.0,0.02498408228184945,0.0,0.9750159177181505,0.9750159177181505,0.0,0.02498408228184945,0.0,0.9750159177181505,0.9750159177181505,19,2,2024,8,23,5,1,1,2,0,0,1,GRAVE_MORTALIDAD,2
5,1,4,0,4,1,-11.985267920952928,-75.10279628295713,1,4,1,0,5,2,2,0,6543.555,2.279274887973321,3,2,1.0,10,32,1275.35914396861,0.5676828567007874,78.28159772223178,70.53556878348253,8.825352959635516,910.3815934655748,27826.563518336792,8518.955574499734,1297.2913882720143,1476.2425411897498,5745.42164503797,1373.0930000535805,7145.862574446153,16.165303781222317,3,1,0,0,2,37.86036255601334,36.603625560133395,39.11709955189328,1.0,0.2792748879733211,0.0,0.0,1,0,0.0,0.0,0.0,1.0,0.2792748879733211,0.7207251120266789,0.2792748879733211,0.0,0.0,0.2792748879733211,15,1,2023,3,17,4,0,1,1,1,0,1,GRAVE_MORTALIDAD,2
6,1,14,0,4,1,-12.273788721526772,-76.89332231368594,0,2,7,1,2,2,2,0,6639.975,2.0,2,0,1.0,9,31,1616.0,0.6909236767275176,78.41626133969348,70.97436336767564,9.826485374940413,1476.8351947609171,95908.53319057816,7626.313,1683.4029999999998,1599.0829999999996,4343.827000000001,1814.875,5811.438000000001,23.797541485643197,16,1,0,0,15,32.80367282172887,32.80367282172887,32.80367282172887,1.0,0.0,0.0,0.0,1,0,0.0,0.0,0.0,0.5140233698765098,0.0,0.0,1.0,0.0,1.0,0.0,6,1,2023,10,7,3,0,0,0,1,0,1,GRAVE_MORTALIDAD,2
3,2,10,1,4,1,-14.278059579699537,-75.45737240858648,0,3,7,1,2,1,0,2,6639.975,2.0,2,0,1.0,9,31,1616.0,0.5631967396122337,78.84868513533964,68.73123885094073,8.737883517854454,895.2635466592413,27431.004467330044,3721.461,698.1859999999996,744.866,2278.409,1102.9029999999996,2618.558,29.636290693359403,5,2,0,0,3,45.07698507791626,37.48055222729308,52.67341792853944,1.0,0.3942462694790656,0.6057537305209344,1.0,2,0,0.0,0.3942462694790656,0.6057537305209344,1.0,0.0,0.3942462694790656,1.0,0.0,0.0,0.0,15,1,2021,5,17,5,1,1,0,1,0,1,GRAVE_MORTALIDAD,2
4,1,12,0,4,1,-8.863929271067704,-78.26898834236096,0,4,4,0,1,1,1,1,996.6107677884968,2.0,2,0,0.0,9,27,392.8018830837545,0.5945406266402568,78.415968754217,62.31021348627433,9.190002578626302,1065.2451291505886,15115.623085900512,8451.2420260992,1463.626866171863,1811.9634256502757,5175.651734277062,1438.5486610779697,7012.693365021231,17.38632122776206,34,1,0,0,33,35.58542342380803,32.110082547950164,39.0607642996659,1.0,0.3681198407531149,0.0,0.0,1,0,0.0,0.0,0.6318801592468851,0.3681198407531149,0.3681198407531149,0.0,0.6318801592468851,0.3681198407531149,0.6318801592468851,0.0,8,1,2022,6,17,2,0,1,0,1,0,1,GRAVE_MORTALIDAD,2
1,1,6,1,6,2,-11.118414446585321,-76.59985669067565,0,4,3,1,4,2,2,2,6543.555,2.472949843507436,3,2,1.0,7,31,1329.0071066515598,0.540854736972139,75.26263196073272,69.42288850513222,8.8001697159386,838.6523800498908,25883.919229163876,11556.587798103248,1854.178387879692,1160.9602085618883,8541.44920166167,1830.5950405560102,9725.99275754724,16.051875869088633,3,1,0,1,0,37.69547179190244,36.040147339626415,39.35079624417847,1.0,0.4729498435074363,0.0,0.5270501564925637,1,0,0.0,0.5270501564925637,0.4729498435074363,0.4729498435074363,0.0,0.0,1.0,0.0,0.0,0.0,6,1,2022,8,13,1,0,0,1,1,0,1,GRAVE_MORTALIDAD,2
3,1,18,0,4,1,-9.899455230080788,-72.51345917264038,3,3,3,1,5,2,2,0,5139.98797374654,2.0,2,0,1.0,6,18,1220.1695707503668,0.5898794363283294,72.31525359776859,64.65030964628859,9.0807954481724,1158.2899492802098,87641.91262416597,3574.376967311431,572.9487480756452,601.0530272431889,2400.3751919925967,710.7319348497875,2863.645032461643,21.255788567789594,3,2,0,0,1,31.95633444360184,19.25239866767779,44.660270219525884,1.0,1.0,0.0,0.417466222559264,2,0,0.0,0.0,0.417466222559264,1.0,1.0,0.582533777440736,0.417466222559264,0.0,1.0,0.417466222559264,15,1,2021,4,19,4,0,0,1,1,0,1,GRAVE_MORTALIDAD,2
3,1,5,0,4,1,-6.670688438184406,-78.53610274338584,0,4,0,0,2,1,1,2,8863.90615377108,2.0,2,1,1.0,10,32,2997.73054474215,0.3484871558022944,76.33677469666252,53.28672218475212,4.131981838863427,447.1658531581213,76209.5845824411,15935.565011852366,1733.9250000199986,935.692,13265.948011832368,2000.1670000199988,13935.398011832369,12.551591352627522,3,1,0,0,1,27.640447781312634,22.85393037508351,32.426965187541754,1.0,1.0,0.0,1.0,1,0,0.0,0.6837882008898746,0.3162117991101254,0.6837882008898746,1.0,0.0,0.6837882008898746,1.0,1.0,1.0,18,2,2024,4,15,4,0,1,2,1,0,1,GRAVE_MORTALIDAD,2
6,1,7,0,4,0,-13.212951078181192,-71.9814482690723,0,4,5,0,1,2,2,2,6543.555,2.0,4,4,1.0,14,33,1198.0,0.26593932617597965,63.5299726958424,45.02896276122778,4.398041209272378,289.2706881300172,13043.446961078107,17779.13499998999,2097.3709999899997,2863.123,12818.640999999989,2878.713,14900.421999989989,16.19152450331032,2,1,0,0,1,41.556139249234135,41.556139249234135,41.556139249234135,1.0,0.7531188471796741,0.0,0.0,1,0,0.0,0.24688115282032586,0.0,0.7531188471796741,0.0,0.7531188471796741,0.24688115282032586,0.0,0.0,0.0,8,0,2023,9,6,4,0,0,2,1,0,1,GRAVE_MORTALIDAD,2
3,1,7,1,4,1,-13.593769084985269,-71.79117729689524,5,3,5,1,2,1,0,3,7586.903,2.0,2,0,1.0,9,5,1198.0,0.5001385087775934,73.90817544757019,68.86177199203996,8.159171258868403,719.2708635730405,6238.043385435027,17779.13499998999,2097.3709999899997,2863.123,12818.640999999989,2878.713,14900.421999989989,16.19152450331032,3,1,0,0,1,32.63330934813595,30.45095217427759,34.815666521994316,1.0,0.7274523912861205,0.2725476087138795,0.2725476087138795,1,0,0.0,0.0,0.0,1.0,0.0,1.0,0.0,0.0,0.7274523912861205,0.0,15,3,2021,5,14,4,0,0,2,1,0,1,GRAVE_MORTALIDAD,2
0,1,10,0,4,1,-13.59646407772842,-76.14569990964507,0,4,7,1,2,2,2,0,397.7399047266256,-0.6088493731967852,2,0,1.0,12,30,54.1150626803215,0.5341225159613876,78.72068315876908,62.96317662205044,8.280619726129922,818.5754755637378,13984.464084444027,3721.461,698.1859999999996,744.866,2278.409,1102.9029999999996,2618.558,29.636290693359403,2,1,0,0,0,18.56460250721286,18.56460250721286,18.56460250721286,1.0,0.8696164577322617,0.0,0.0,1,0,0.0,0.0,0.0,1.0,1.0,0.0,0.0,1.0,1.0,1.0,17,1,2022,7,11,5,1,0,0,1,0,1,GRAVE_MORTALIDAD,2
6,1,5,0,4,2,-7.261435014319947,-78.50856338961584,1,4,1,0,3,2,2,1,6543.555,2.0,4,4,1.0,14,33,1198.0,0.2847180005089152,71.15568044959751,37.73452105595324,4.38653277035568,317.79358610229804,4516.096352733489,15935.565011852366,1733.9250000199986,935.692,13265.948011832368,2000.1670000199988,13935.398011832369,12.551591352627522,5,1,0,0,4,41.158348502488955,41.158348502488955,41.158348502488955,1.0,1.0,0.0,0.8105565668325972,1,0,0.0,0.18944343316740275,0.0,0.8105565668325972,0.0,0.8105565668325972,0.18944343316740275,0.0,1.0,0.0,20,1,2023,10,15,4,0,0,2,1,0,1,GRAVE_MORTALIDAD,2