CLASE SINIESTRO,CANTIDAD DE VEHICULOS DAÑADOS,DEPARTAMENTO,ZONA,TIPO DE VÍA,RED VIAL,COORDENADAS LATITUD,COORDENADAS  LONGITUD,CONDICIÓN CLIMÁTICA,ZONIFICACIÓN,CARACTERÍSTICAS DE VÍA,PERFIL LONGITUDINAL VÍA,SUPERFICIE DE CALZADA,¿EXISTE SEÑAL VERTICAL?,¿EXISTE SEÑAL HORIZONTAL?,CAUSA FACTOR PRINCIPAL,MTC_RVN_LONGITUD_KM,MTC_RVN_N_CARRILES_MEDIANA,MTC_RVN_SUPERFICIE_DOMINANTE,MTC_RVN_ESTADO_DOMINANTE,MTC_RVN_ES_CONCESIONADA,MTC_RVN_CONCESION_PRINCIPAL,MTC_RVN_CORREDOR_LOGISTICO,MTC_RVN_N_TRAMOS,IDH_2019,IDH_ESP_VIDA_2019,IDH_EDUC_SECUND_PCT_2019,IDH_ANIOS_EDUC_2019,IDH_INGRESO_PERCAP_2019,IDH_POBLACION_2019,MTC_DEP_RED_TOTAL_KM,MTC_DEP_NACIONAL_TOTAL_KM,MTC_DEP_DEPARTAMENTAL_TOTAL_KM,MTC_DEP_VECINAL_TOTAL_KM,MTC_DEP_PAV_TOTAL_KM,MTC_DEP_NO_PAV_TOTAL_KM,MTC_DEP_PCT_PAVIMENTADA,PER_TOTAL_PERSONAS,PER_N_CONDUCTORES,PER_N_CONDUCTORES_FUGADOS,PER_N_PEATONES,PER_N_PASAJEROS_OCUPANTES,PER_EDAD_COND_PROM,PER_EDAD_COND_MIN,PER_EDAD_COND_MAX,PER_ANY_COND_MASCULINO,PER_ANY_LIC_PROBLEMA,PER_ANY_DOSAJE_POS,PER_ANY_DOSAJE_EVALUADO,VEH_TOTAL,VEH_N_FUGADOS,VEH_ANY_FUGADO,VEH_ANY_CARGA,VEH_ANY_PUBLICO,VEH_ANY_PARTICULAR,VEH_ANY_MOTO,VEH_ANY_AUTO,VEH_ANY_CAMION_BUS,VEH_ANY_SOAT_PROBLEMA,VEH_ANY_CITV_PROBLEMA,VEH_ANY_SEGURO_PROBLEMA,HORA_NUM,FRANJA_HORARIA,ANIO,MES,DIA_MES,DIA_SEMANA,ES_FIN_SEMANA,ES_QUINCENA,REGION_NATURAL,TIENE_SEÑALIZACION,ES_VIA_MULTICARRIL,ES_DEPTO_BAJO_PAVIMENTO,CATEGORIA_SEVERIDAD,CATEGORIA_SEVERIDAD_ENC
3,2,16,0,4,1,-13.791413882839489,-71.89447205469632,0,4,4,0,2,2,2,4,5079.837302923967,1.5988520305082026,1,1,0.5988520305082025,9,15,843.7863429387428,0.4561835181536378,73.82499669485503,65.01959684540908,7.838712855954601,596.1610845822429,66066.29078766634,13089.624164369225,1942.8299323082015,1853.2524705478704,9293.541761513152,2621.8647602743918,10467.759404094832,19.74335632265648,3,2,0,0,1,32.19483413728691,23.802295938983594,40.587372335590224,1.0,0.0,0.0,0.40114796949179754,2,0,0.0,0.0,0.5988520305082025,1.0,0.40114796949179754,0.5988520305082025,1.0,0.40114796949179754,0.5988520305082025,0.5988520305082025,6,1,2021,5,20,2,0,1,2,1,0,1,GRAVE_MORTALIDAD,2
6,1,13,0,4,1,-11.021938744842322,-77.2615066729787,0,4,6,1,2,1,0,2,299.42676378317265,1.947796066014457,1,0,0.0,9,2,88.93255709060293,0.6132190774364783,75.78399010582378,63.523063206372015,7.8267483559247575,1336.37288854761,24743.871216485957,7656.734529306472,1665.1355384001085,1556.948891656664,4434.6500992496985,1775.4601945779714,5881.274334728501,23.229213339312828,2,1,0,0,1,48.5382898484048,48.5382898484048,48.5382898484048,1.0,0.9477960660144571,0.0,0.0,1,0,0.0,0.0,0.052203933985542905,0.9477960660144571,1.0,0.0,0.0,1.0,0.052203933985542905,1.0,19,1,2023,6,5,2,0,0,0,1,0,1,GRAVE_MORTALIDAD,2
3,2,12,0,4,1,-5.786036621737321,-77.81007782915371,2,4,7,1,2,2,2,1,7758.33400008,2.0,2,0,1.0,9,20,2133.0,0.4910395035824384,72.70061862688655,59.506105670591836,6.53587981420541,861.7398645534446,48742.723131783605,4954.511587401348,949.9346418671995,814.4825363723666,3190.094409161782,985.7180290492183,3968.7935583521294,20.418505119754563,3,2,0,0,1,26.68977172315899,23.586362297545318,29.79318114877266,1.0,0.3965905743863297,0.0,0.0,2,0,0.0,0.0,0.0,1.0,1.0,0.3965905743863297,0.0,0.6034094256136703,1.0,0.6034094256136703,16,1,2023,6,11,2,0,0,1,1,0,1,GRAVE_MORTALIDAD,2
3,1,12,0,4,1,-7.937037475705818,-78.20756706187156,0,4,7,1,1,2,2,0,9513.200753039211,2.0,2,0,1.0,9,32,3501.3419575836115,0.39783418821549144,76.29818174159495,40.17367054046775,5.836405634556188,596.2810262288946,13192.579955456948,8931.828000000005,1335.5899999999997,1935.9830000000004,5660.255000000005,1219.309,7712.519000000005,13.651281686122925,4,1,0,0,2,33.75025984618816,33.75025984618816,33.75025984618816,1.0,0.0,0.0,0.0,1,0,0.0,0.12487007690592267,0.0,0.8751299230940773,0.0,0.0,1.0,0.0,0.0,0.0,11,2,2023,11,5,2,0,0,0,1,0,1,GRAVE_MORTALIDAD,2
3,3,15,0,4,1,-7.4242885983269815,-79.52165329079044,0,4,7,1,2,1,0,1,6543.555,3.0,2,0,1.0,0,30,1475.0,0.49189334590051753,75.12136980428785,51.866182393731314,6.884739086760538,859.6664168283187,46419.859020522024,8947.971407719888,1547.631557777071,1319.5423883578287,6080.797461584989,1691.5841120533373,7256.387295666552,18.894192728634817,5,3,0,0,1,45.41679509019231,34.05089025272436,57.06743285184295,1.0,0.0,0.0,1.0,3,0,0.0,0.47455487363782045,0.5254451263621795,0.47455487363782045,0.0,0.0,1.0,0.0,0.47455487363782045,0.0,17,2,2022,6,9,3,0,0,0,1,1,1,GRAVE_MORTALIDAD,2
9,1,2,0,4,0,-13.231283619235963,-72.95537048453477,5,4,5,1,5,2,2,0,6543.555,2.0,4,4,1.0,14,33,1198.0,0.3652752532872646,70.62440741364995,55.74012210771654,5.483332087380507,458.6454668394201,16697.13198834558,8342.55677034047,1288.0379958565366,1242.6814289707354,5811.837345513198,1391.8621376483552,6950.694632692115,16.676470753960032,3,1,0,0,2,26.766436807881234,26.766436807881234,26.766436807881234,1.0,0.0,0.0,0.0,1,0,0.0,0.0,0.0,0.10949097255446216,0.0,0.10949097255446216,0.8905090274455378,0.0,0.10949097255446216,0.0,6,0,2022,5,26,0,0,0,2,1,0,1,GRAVE_MORTALIDAD,2
3,2,10,2,3,3,-9.772459915781164,-77.4931562989246,0,2,1,0,2,2,2,0,5521.351159129253,2.0,3,3,1.0,12,31,1003.8694505374331,0.5787533727012231,78.92277456656028,62.95436174455888,8.431050176919614,1021.65041518591,205988.90478298345,9213.884068669731,1367.9747081499486,1898.2028014063678,5947.706559113415,1557.5233649856273,7656.360703684104,16.554810061840197,2,2,0,0,0,36.13709210346225,19.651358297101574,52.62282590982292,1.0,0.7971467612721348,0.0,0.0,2,0,0.0,0.2028532387278652,0.7971467612721348,1.0,1.0,0.0,0.2028532387278652,0.7971467612721348,0.0,0.7971467612721348,15,2,2023,10,6,1,0,0,0,1,0,1,GRAVE_MORTALIDAD,2
5,1,1,0,4,1,-9.465153187445145,-78.3214203413797,0,4,6,1,2,1,1,0,6543.555,3.0,2,0,1.0,0,30,1475.0,0.5873460606982213,78.04758132038613,65.8701248560095,8.596987164492063,1041.0659985770535,35482.29764453961,10767.648,1885.0630000000003,1222.721,7659.864000000001,2100.343,8667.305000000002,19.506051832303577,3,1,0,0,2,38.00056041447635,37.97478134856435,38.021856164577564,1.0,0.0016812434290432998,0.0,0.0,1,0,0.0,1.0,0.0016812434290432998,0.0,0.0016812434290432998,0.0,1.0,0.0,0.0016812434290432998,0.0016812434290432998,2,0,2022,10,23,2,0,0,0,1,1,1,GRAVE_MORTALIDAD,2
4,1,14,0,4,1,-11.18580226202725,-77.56553426182609,0,4,7,0,2,1,1,1,6543.555,3.0,2,0,1.0,0,30,1475.0,0.7327345537337897,78.20903814342847,76.31492653513806,13.642917835589472,1405.6698219039215,62016.21841541756,7626.313,1683.4029999999998,1599.0829999999996,4343.827000000001,1814.875,5811.438000000001,23.797541485643197,6,1,0,0,4,38.436131872782596,35.45863736160387,41.41362638396132,1.0,0.0,0.0,0.541362638396132,1,0,0.0,0.0,0.541362638396132,1.0,0.0,1.0,0.541362638396132,0.0,0.0,0.0,4,0,2022,3,15,5,1,0,0,1,1,1,GRAVE_MORTALIDAD,2
3,1,11,0,4,1,-8.658038442244475,-77.67577727515598,1,4,5,1,1,2,2,0,9936.932,2.0,2,0,1.0,9,32,3830.0,0.38608218975761355,75.84677024458645,43.44010802763891,5.620566840710114,548.955710798855,12225.683578083183,8726.518834094864,1334.9900686823462,1611.0184985874153,5780.510266825102,1174.0158898675036,7552.50294422736,13.440955730689113,4,2,0,0,2,36.27246711232343,35.988408723283,36.556525501363865,1.0,0.0,0.0,0.0,2,0,0.0,0.0,0.0,1.0,0.0,0.0,1.0,0.0,0.0,0.0,11,2,2023,10,7,2,0,0,0,1,0,1,GRAVE_MORTALIDAD,2
3,1,12,0,4,1,-8.023583135574375,-78.32949705699131,0,4,7,1,1,2,2,0,612.8074555544888,1.9843248637217181,1,0,0.9947749545739061,8,29,101.59363885495867,0.43313797095379225,76.7344846632162,43.069158727951866,6.290832059474946,664.9627270826163,13173.718083260761,8925.006624820558,1337.4073387247856,1934.2226821959493,5653.376603899823,1222.420859404237,7702.585765416321,13.704296354480368,4,1,0,0,2,31.586213249530548,24.125401090226255,39.04702540883484,1.0,0.0,0.0,0.0,1,0,0.0,0.9947749545739061,0.9947749545739061,0.005225045426093922,0.0,0.0,1.0,0.0,0.9947749545739061,0.0,17,1,2023,4,3,0,0,0,0,1,0,1,GRAVE_MORTALIDAD,2
6,1,5,0,4,2,-5.401709816722104,-79.10391572071737,0,4,0,0,1,2,2,1,6657.033196630104,2.0,3,3,1.0,13,32,1286.0169263628632,0.3288325533466546,74.63357974200254,44.84878028516647,5.198764503681385,363.08986792466567,7047.146355178082,15935.565011852366,1733.9250000199986,935.692,13265.948011832368,2000.1670000199988,13935.398011832369,12.551591352627522,3,1,0,0,2,20.03667352479056,20.03667352479056,20.03667352479056,1.0,0.0,0.0,0.9665589185551432,1,0,0.0,0.0,0.0,1.0,0.0,0.0,1.0,0.0,0.9665589185551432,0.0,18,2,2022,7,5,4,0,0,2,1,0,1,GRAVE_MORTALIDAD,2
6,1,6,0,4,2,-11.087243049001653,-75.69271406612066,1,4,3,0,4,2,2,0,6543.555,2.0,4,4,1.0,14,33,1198.0,0.5563774842369664,77.00938809632027,69.10246351364754,8.476961866273152,914.8835608305218,27932.19700214133,8611.45144485841,1305.8714319041765,1579.2382639610767,5726.341748993156,1338.6407478476863,7272.810697010724,15.602087040590147,5,1,0,0,4,43.72960753409543,43.72960753409543,43.72960753409543,1.0,0.44073904108426354,0.0,0.0,1,0,0.0,0.44073904108426354,0.0,0.5592609589157365,0.0,0.5592609589157365,0.44073904108426354,0.0,0.0,0.0,12,1,2023,1,9,4,0,0,1,1,0,1,GRAVE_MORTALIDAD,2
1,1,10,0,4,1,-13.614404064399851,-76.11951768360693,0,4,7,1,2,2,2,0,589.3932964621845,-0.2187906736362748,2,0,1.0,11,29,93.12093263637252,0.5345315680283189,78.10648670188888,64.3544131876828,8.29950463919295,820.3541854323994,14104.773388819607,3721.461,698.1859999999996,744.866,2278.409,1102.9029999999996,2618.558,29.636290693359403,2,1,0,0,0,20.1248373054549,20.1248373054549,20.1248373054549,1.0,0.7395968912120916,0.0,0.0,1,0,0.0,0.0,0.0,1.0,1.0,0.0,0.0,1.0,1.0,1.0,15,1,2022,6,13,5,1,0,0,1,0,1,GRAVE_MORTALIDAD,2
3,1,12,0,4,1,-8.468817506631435,-78.40902804381399,0,4,1,0,2,1,1,0,543.9829787872194,2.0,2,0,0.83839963809219,8,24,92.72798371414855,0.4204575647904768,74.6994472129803,53.598771894546076,5.995261889012687,624.6341091338008,26370.189298814752,8720.85630352393,1391.7967066762408,1881.539838073259,5447.51975877443,1315.5526811399868,7405.303622383943,15.290920941736065,2,1,0,0,1,46.64640144763124,40.77760398098591,52.51519891427657,1.0,0.16160036190781002,0.0,0.0,1,0,0.0,0.83839963809219,0.0,1.0,0.16160036190781002,0.83839963809219,0.83839963809219,0.16160036190781002,0.0,0.16160036190781002,15,2,2023,6,20,4,0,0,0,1,0,1,GRAVE_MORTALIDAD,2
5,1,14,0,4,1,-11.755114071989022,-77.22791047846492,0,4,7,1,2,1,0,1,6570.974850469581,2.715620716971786,2,0,1.0,2,30,1515.0974789069783,0.7253565603309162,78.5844542617507,78.16004762571359,12.73835828841685,1399.07338019593,61464.52321529204,7626.313,1683.4029999999998,1599.0829999999996,4343.827000000001,1814.875,5811.438000000001,23.797541485643197,3,1,0,0,2,41.10948207570536,39.11882709450786,43.10013705690285,1.0,0.0,0.0,0.7156207169717858,1,0,0.0,0.28437928302821425,0.0,1.0,0.0,0.28437928302821425,1.0,0.0,0.0,0.0,11,1,2022,3,12,4,0,0,0,1,0,1,GRAVE_MORTALIDAD,2
4,1,1,0,4,1,-11.35069510394002,-75.73032281596596,1,4,7,0,1,2,2,1,1382.2469626498416,-0.06082430501053082,0,1,0.31305856499648965,9,32,241.87288429922774,0.3164643688835653,76.21012927529036,47.76011857475861,4.978564145381213,429.5487719830569,6152.377096491713,10628.219228556123,1763.0243187831138,1387.70849880732,7477.486410965691,2346.48592284562,8281.733305710504,22.1541119810054,24,1,0,0,22,50.504468519971915,48.93917569498947,52.069761344954365,1.0,0.0,0.0,0.0,1,0,0.0,0.0,0.6869414350035103,0.31305856499648965,0.0,0.31305856499648965,0.6869414350035103,0.0,0.31305856499648965,0.31305856499648965,6,1,2021,3,15,0,0,0,0,1,0,1,GRAVE_MORTALIDAD,2
6,1,20,0,4,1,-15.509884907140162,-70.493149384736,0,4,0,0,2,2,2,2,1532.0460125361533,2.0,1,0,0.8931137413224726,7,25,267.08024711731673,0.4691216496954044,77.90893747499148,68.92897901497219,7.075546924324284,606.0920151606366,7035.776489014549,13642.312999999998,2020.7790000000005,2354.117,9267.416999999998,3314.0520000000006,10328.260999999997,24.29244952817019,2,1,0,0,1,41.35868244793484,41.35868244793484,41.35868244793484,1.0,0.10688625867752743,0.0,0.0,1,0,0.0,0.0,0.8931137413224726,0.10688625867752743,0.0,0.10688625867752743,0.8931137413224726,0.8931137413224726,1.0,0.8931137413224726,3,0,2021,10,20,1,0,0,2,1,0,1,GRAVE_MORTALIDAD,2
2,1,12,0,4,1,-8.41538688877034,-78.77847160046527,0,2,7,1,2,2,2,1,6543.555,2.6894171338713244,2,1,1.0,4,30,1388.9685460823569,0.5051395598219868,77.13285387085847,51.52067479184955,6.715328807318118,900.900383457586,67612.41755888652,8931.828000000005,1335.5899999999997,1935.9830000000004,5660.255000000005,1219.309,7712.519000000005,13.651281686122925,4,1,0,0,2,42.515337070970595,33.0,51.72009127581252,0.6894171338713246,0.6894171338713246,0.0,0.0,1,0,0.31058286612867536,0.6894171338713246,0.0,0.6894171338713246,0.0,0.6894171338713246,0.6894171338713246,0.0,0.6894171338713246,0.0,14,1,2021,3,5,4,0,0,0,1,0,1,GRAVE_MORTALIDAD,2
5,1,12,0,4,1,-7.808916200205412,-79.20608497764135,0,4,7,1,2,2,2,2,6543.555,3.0,2,0,1.0,0,30,1475.0,0.5839897126095113,78.57271684979564,65.72550759740527,8.657358322894302,1011.7220958917452,15929.14726450804,8931.828000000005,1335.5899999999997,1935.9830000000004,5660.255000000005,1219.309,7712.519000000005,13.651281686122925,13,1,0,0,11,47.91881508436197,42.62125348091972,51.70278765824929,1.0,0.28379794304154915,0.0,0.0,1,0,0.0,0.28379794304154915,0.0,0.0,0.0,0.0,1.0,0.0,0.28379794304154915,0.0,20,2,2023,1,11,1,0,0,0,1,1,1,GRAVE_MORTALIDAD,2
6,1,14,0,4,1,-11.238471489509193,-77.53728350292383,0,4,7,1,2,1,0,0,6543.555,3.0,2,0,1.0,0,30,1475.0,0.7327345537337897,78.20903814342847,76.31492653513806,13.642917835589472,1405.6698219039215,62016.21841541756,7626.313,1683.4029999999998,1599.0829999999996,4343.827000000001,1814.875,5811.438000000001,23.797541485643197,2,1,0,0,1,35.387726323751465,35.387726323751465,35.387726323751465,1.0,0.0,0.0,0.30613683812426773,1,0,0.0,0.0,0.0,1.0,0.0,0.6938631618757323,0.30613683812426773,0.0,0.0,0.0,4,0,2021,2,11,5,1,0,0,1,1,1,GRAVE_MORTALIDAD,2
4,1,12,0,4,1,-8.42843945932766,-78.7750458618814,0,4,7,1,2,2,2,0,6543.555,3.0,2,0,1.0,0,30,1475.0,0.5051395598219868,77.13285387085847,51.52067479184955,6.715328807318118,900.900383457586,67612.41755888652,8931.828000000005,1335.5899999999997,1935.9830000000004,5660.255000000005,1219.309,7712.519000000005,13.651281686122925,4,2,0,0,2,28.339524270807935,24.669762135403968,32.0092864062119,1.0,0.30581351128366396,0.0,0.0,2,0,0.694186488716336,0.30581351128366396,0.0,1.0,0.0,1.0,0.30581351128366396,0.0,1.0,0.694186488716336,7,0,2022,7,14,5,1,0,0,1,1,1,GRAVE_MORTALIDAD,2
3,3,19,1,4,1,-15.249760314152484,-72.54603794405119,5,3,2,0,2,0,1,1,922.0718070599785,2.0,2,0,0.24076102034300495,7,29,339.14344328042284,0.599512649868659,77.10751630073345,71.47816661750349,9.633842650230745,1025.3108701157637,17906.730345833686,2845.376316018912,602.8383776771246,536.083085403753,1706.454852938034,980.7406835007439,1864.6356325181675,35.50693873647745,5,3,0,0,1,34.110867755883945,24.796194898284973,49.499452450738865,1.0,0.24076102034300495,0.0,1.0,3,0,0.0,0.759238979656995,0.0,1.0,0.24076102034300495,0.759238979656995,0.759238979656995,0.24076102034300495,0.0,0.24076102034300495,9,1,2021,10,12,4,0,0,0,1,0,1,GRAVE_MORTALIDAD,2
3,2,16,0,4,1,-15.193451094076297,-72.12915469925436,0,4,7,1,2,2,2,3,4923.766031699968,1.619747854491566,1,1,0.619747854491566,9,15,836.7604617669876,0.6545298810454373,73.46480073361387,81.84014179438755,11.710440912804811,1174.816832948226,143872.6370999,9869.88774172836,1517.860174115564,1742.1958545884072,6609.83171302439,2473.2578487111723,7396.629893017188,26.32445659648968,3,1,0,0,1,53.097690438007234,47.829833674828926,58.36554720118555,1.0,0.0,0.0,0.0,2,0,0.0,0.380252145508434,0.619747854491566,1.0,0.0,1.0,1.0,0.619747854491566,0.619747854491566,0.619747854491566,23,2,2023,5,14,1,0,0,1,1,0,1,GRAVE_MORTALIDAD,2
5,1,20,0,4,0,-14.338868802107104,-69.2588420622368,0,4,0,1,6,2,2,4,6624.322187940186,2.0,3,3,1.0,13,30,1198.0,0.3706662047280228,74.35853211247273,47.098864177213486,7.142907886815376,403.40343959541616,1887.0507958029932,13642.312999999998,2020.7790000000005,2354.117,9267.416999999998,3314.0520000000006,10328.260999999997,24.29244952817019,2,1,0,0,1,36.283842357277415,35.14847292816774,37.93528879961877,1.0,0.0,0.0,0.0,1,0,0.0,0.0,0.07741155198475058,1.0,0.0,0.07741155198475058,1.0,0.9225884480152494,0.9225884480152494,0.9225884480152494,12,2,2021,11,2,2,0,0,2,1,0,1,GRAVE_MORTALIDAD,2
6,1,5,0,4,1,-6.987537003036569,-79.03701317328724,0,4,0,0,2,2,2,0,831.6978542410518,2.0,2,1,0.0,9,19,216.46149391269458,0.3853714635947498,70.60189268071075,47.373919380767234,5.687583679841097,568.2728671061409,7150.350215487052,15935.565011852366,1733.9250000199986,935.692,13265.948011832368,2000.1670000199988,13935.398011832369,12.551591352627522,21,1,0,0,20,40.64060985181602,40.64060985181602,40.64060985181602,1.0,0.0,0.0,0.0,1,0,0.0,0.0,0.48716463756485795,0.512835362435142,0.0,0.0,1.0,0.0,0.0,0.0,8,1,2022,4,22,5,1,1,2,1,0,1,GRAVE_MORTALIDAD,2
1,1,14,2,2,2,-11.940172601178423,-76.9919379908715,0,0,2,1,2,0,0,0,6576.656079449854,2.0,3,2,1.0,12,32,1341.4998051238197,0.7020126961363442,79.41103917647463,75.70352070895458,10.57007825298021,1424.8825349741974,357857.4888888821,7626.313,1683.4029999999998,1599.0829999999996,4343.827000000001,1814.875,5811.438000000001,23.797541485643197,5,2,0,0,2,37.20873788505324,30.56699030804259,43.85048546206389,1.0,0.34330096919574093,0.0,0.0,2,0,0.0,0.6566990308042591,0.0,0.34330096919574093,0.0,0.34330096919574093,1.0,0.6566990308042591,1.0,0.0,4,0,2023,6,22,3,0,1,0,1,0,1,GRAVE_MORTALIDAD,2
5,1,3,0,4,0,-15.9169974250301,-71.74789721309166,4,4,2,0,2,1,1,0,6575.235780408048,2.0,3,2,1.0,12,32,1335.342524482099,0.5792333750417903,76.89705759595708,63.402227288441296,8.456904626427649,1057.1459840847838,7277.67594596065,10322.272,1495.236,1749.739,7077.2970000000005,2886.595,7435.677000000001,27.964725207783708,7,1,0,0,5,27.29999442912606,24.34285873453541,30.257130123716706,1.0,0.32857063273229425,0.0,0.6714293672677057,1,0,0.0,0.0,0.6714293672677057,0.32857063273229425,0.32857063273229425,0.32857063273229425,0.6714293672677057,0.0,0.32857063273229425,0.0,13,1,2023,6,13,1,0,0,0,1,0,1,GRAVE_MORTALIDAD,2
6,1,7,0,4,1,-13.284588292332304,-72.08871955070441,1,4,2,0,2,1,1,2,3447.8009999999995,1.0,2,3,0.0,9,12,1109.0,0.40384629183890136,75.66812746958816,57.63882240807541,6.068069103831526,514.917676081696,4176.780354308011,17779.13499998999,2097.3709999899997,2863.123,12818.640999999989,2878.713,14900.421999989989,16.19152450331032,13,1,0,0,12,51.77292437147291,51.77292437147291,51.77292437147291,1.0,0.0,0.0,1.0,1,0,0.0,0.0,0.0,0.39774369762274275,0.0,0.0,1.0,0.0,0.39774369762274275,0.0,17,2,2023,6,21,6,1,1,2,1,0,1,GRAVE_MORTALIDAD,2
5,1,20,0,4,1,-15.67324516674877,-70.61422182100299,0,4,2,1,2,1,1,2,1504.4250000000002,2.0,2,0,1.0,7,25,241.0,0.4698599762559323,78.4228993312338,68.12786536644234,6.991927650318564,610.3916333612686,6938.8501070663815,13642.312999999998,2020.7790000000005,2354.117,9267.416999999998,3314.0520000000006,10328.260999999997,24.29244952817019,3,1,0,0,1,44.417436183520685,37.48745245742805,51.34741990961332,1.0,0.0,0.0,0.3223248244694249,1,0,0.0,0.3223248244694249,0.6776751755305751,0.3223248244694249,0.0,0.3223248244694249,1.0,0.6776751755305751,1.0,0.6776751755305751,6,0,2021,8,22,1,0,1,2,1,0,1,GRAVE_MORTALIDAD,2
6,1,1,0,4,2,-9.419355509729844,-77.59254458093663,0,4,5,0,7,2,2,1,6543.555,2.0,4,4,1.0,14,33,1198.0,0.3295635191773494,79.79964526208263,57.12503554541663,4.572921734432816,359.038760620999,1380.8639996780553,10767.648,1885.0630000000003,1222.721,7659.864000000001,2100.343,8667.305000000002,19.506051832303577,3,1,0,0,2,53.64544995691695,53.64544995691695,53.64544995691695,1.0,0.7768937482048727,0.0,0.0,1,0,0.0,0.0,0.0,1.0,0.0,0.7768937482048727,0.22310625179512733,0.0,0.0,0.0,6,0,2021,8,22,1,0,0,0,1,0,1,GRAVE_MORTALIDAD,2
6,1,7,0,4,0,-13.809253237968061,-71.83896382647009,4,4,0,0,6,2,2,2,6543.555,2.0,4,4,1.0,14,33,1198.0,0.23277584556278322,64.26723395118329,54.598715107847354,4.698709649266109,177.9736342713725,851.7820801465595,17779.13499998999,2097.3709999899997,2863.123,12818.640999999989,2878.713,14900.421999989989,16.19152450331032,2,1,0,0,1,29.840577336290536,29.840577336290536,29.840577336290536,0.07079143601117444,0.0,0.0,0.0,1,0,0.0,0.0,0.0,1.0,0.0,0.07079143601117444,0.9292085639888256,0.0,0.07079143601117444,0.0,21,2,2021,1,14,3,0,0,2,1,0,1,GRAVE_MORTALIDAD,2
6,1,15,0,4,2,-7.714450508029765,-77.9205055878046,0,4,4,0,1,2,2,0,6543.555,2.0,4,4,1.0,14,33,1198.0,0.31624366061878173,65.39187447321261,60.558991105110756,5.03247348974406,352.4386469466632,29117.21090078441,8811.519629693335,1667.9563884738113,1102.7803040740773,6040.782937145447,2100.760195861547,6710.759433831789,23.81080494418213,5,1,0,0,4,29.41495271885427,29.41495271885427,29.41495271885427,1.0,0.0,0.0,0.6603882523958254,1,0,0.0,0.0,0.33961174760417456,0.6603882523958254,0.0,0.33961174760417456,0.6603882523958254,0.0,0.6603882523958254,0.0,4,0,2023,3,10,2,0,0,0,1,0,1,GRAVE_MORTALIDAD,2
6,1,6,0,4,0,-14.456496679395638,-73.21787431126859,0,4,0,0,1,2,2,0,6543.555,2.0,4,4,1.0,14,33,1198.0,0.5344569135819929,75.67777835644942,63.384424653856236,7.565089702874971,970.2336587314855,35729.09584448662,10063.458870756349,1550.0306730765199,1537.4218534054132,6976.006344274415,2758.356735601107,7305.102135155241,27.34167319457865,10,1,0,0,9,29.05288314149214,29.05288314149214,29.05288314149214,1.0,0.19080519634325876,0.0,0.0,1,0,0.0,0.0,0.8091948036567412,0.19080519634325876,0.0,0.0,1.0,0.0,0.0,0.0,5,0,2023,5,10,0,0,0,0,1,0,1,GRAVE_MORTALIDAD,2
6,1,7,0,4,1,-13.127803163793018,-72.32355494047795,4,4,0,0,2,1,1,4,3447.8009999999995,1.0,2,3,0.0,9,12,1109.0,0.4706944943299555,76.79406176595778,61.64424635983724,7.141255198110581,653.4175319142125,3282.6252676659524,17779.13499998999,2097.3709999899997,2863.123,12818.640999999989,2878.713,14900.421999989989,16.19152450331032,2,1,0,0,1,40.16071268222796,40.16071268222796,40.16071268222796,1.0,0.3271683100795699,0.0,0.0,1,0,0.0,0.6728316899204301,0.0,0.3271683100795699,0.0,0.0,1.0,0.0,0.0,0.0,21,2,2021,5,15,1,0,0,2,1,0,1,GRAVE_MORTALIDAD,2
3,1,3,0,4,1,-15.920005219360544,-71.18447136076828,0,4,7,1,2,1,1,0,1504.4250000000002,2.0,2,0,1.0,7,25,241.0,0.4498224071382834,81.63336343193146,58.84842497065013,5.774685730039019,620.6584683449911,1358.612419700214,10322.272,1495.236,1749.739,7077.2970000000005,2886.595,7435.677000000001,27.964725207783708,16,2,0,0,14,42.23198976762997,24.502770804980003,57.44735470537992,1.0,0.49722919501999574,0.0,0.5027708049800043,2,0,0.0,1.0,1.0,0.0,0.0,0.49722919501999574,1.0,0.0,0.0,0.0,6,0,2023,7,6,6,1,0,0,1,0,1,GRAVE_MORTALIDAD,2