CLASE SINIESTRO,CANTIDAD DE VEHICULOS DAÑADOS,DEPARTAMENTO,ZONA,TIPO DE VÍA,RED VIAL,COORDENADAS LATITUD,COORDENADAS  LONGITUD,CONDICIÓN CLIMÁTICA,ZONIFICACIÓN,CARACTERÍSTICAS DE VÍA,PERFIL LONGITUDINAL VÍA,SUPERFICIE DE CALZADA,¿EXISTE SEÑAL VERTICAL?,¿EXISTE SEÑAL HORIZONTAL?,CAUSA FACTOR PRINCIPAL,MTC_RVN_LONGITUD_KM,MTC_RVN_N_CARRILES_MEDIANA,MTC_RVN_SUPERFICIE_DOMINANTE,MTC_RVN_ESTADO_DOMINANTE,MTC_RVN_ES_CONCESIONADA,MTC_RVN_CONCESION_PRINCIPAL,MTC_RVN_CORREDOR_LOGISTICO,MTC_RVN_N_TRAMOS,IDH_2019,IDH_ESP_VIDA_2019,IDH_EDUC_SECUND_PCT_2019,IDH_ANIOS_EDUC_2019,IDH_INGRESO_PERCAP_2019,IDH_POBLACION_2019,MTC_DEP_RED_TOTAL_KM,MTC_DEP_NACIONAL_TOTAL_KM,MTC_DEP_DEPARTAMENTAL_TOTAL_KM,MTC_DEP_VECINAL_TOTAL_KM,MTC_DEP_PAV_TOTAL_KM,MTC_DEP_NO_PAV_TOTAL_KM,MTC_DEP_PCT_PAVIMENTADA,PER_TOTAL_PERSONAS,PER_N_CONDUCTORES,PER_N_CONDUCTORES_FUGADOS,PER_N_PEATONES,PER_N_PASAJEROS_OCUPANTES,PER_EDAD_COND_PROM,PER_EDAD_COND_MIN,PER_EDAD_COND_MAX,PER_ANY_COND_MASCULINO,PER_ANY_LIC_PROBLEMA,PER_ANY_DOSAJE_POS,PER_ANY_DOSAJE_EVALUADO,VEH_TOTAL,VEH_N_FUGADOS,VEH_ANY_FUGADO,VEH_ANY_CARGA,VEH_ANY_PUBLICO,VEH_ANY_PARTICULAR,VEH_ANY_MOTO,VEH_ANY_AUTO,VEH_ANY_CAMION_BUS,VEH_ANY_SOAT_PROBLEMA,VEH_ANY_CITV_PROBLEMA,VEH_ANY_SEGURO_PROBLEMA,HORA_NUM,FRANJA_HORARIA,ANIO,MES,DIA_MES,DIA_SEMANA,ES_FIN_SEMANA,ES_QUINCENA,REGION_NATURAL,TIENE_SEÑALIZACION,ES_VIA_MULTICARRIL,ES_DEPTO_BAJO_PAVIMENTO,CATEGORIA_SEVERIDAD,CATEGORIA_SEVERIDAD_ENC
3,1,1,0,4,1,-9.445772286124274,-78.35032989779768,5,4,6,1,5,2,2,0,6543.555,3.0,2,0,1.0,0,30,1475.0,0.5873460606982213,78.04758132038613,65.8701248560095,8.596987164492063,1041.0659985770535,35482.29764453961,10767.648,1885.0630000000003,1222.721,7659.864000000001,2100.343,8667.305000000002,19.506051832303577,5,2,0,0,3,42.70184208241709,41.60245610988945,43.80122805494472,1.0,0.0,0.0,0.0,2,0,0.0,0.049692986263818795,0.0,1.0,0.0,0.9503070137361812,0.049692986263818795,0.0,0.0,0.0,4,0,2021,10,26,2,0,1,0,1,1,1,GRAVE_MORTALIDAD,2
3,1,14,0,4,1,-6.1680124895823445,-77.2131891518574,0,4,4,1,1,2,2,1,2760.8550000000005,1.0,1,3,0.0,9,32,1208.0,0.4886757977526611,74.1098554143282,50.374455043516136,5.960952214909537,953.0661356903692,1726.1092924006023,5122.821914111693,917.0685837633825,851.2373910995924,3354.515939248718,992.4657943347481,4130.356119776945,19.817361348775854,4,1,0,0,3,30.298708285759336,26.798400734749652,33.799015836769016,1.0,0.7000615102019364,0.0,0.0,1,0,0.0,0.0,0.7000615102019364,1.0,0.7000615102019364,0.7000615102019364,0.2999384897980636,0.0,0.7000615102019364,0.7000615102019364,3,0,2022,5,23,1,0,1,1,1,0,1,GRAVE_MORTALIDAD,2
5,1,11,0,4,1,-11.814163708848135,-75.6294954733129,0,4,6,0,2,0,1,2,7586.903,2.0,2,0,1.0,9,5,1198.0,0.4545643050211295,68.73444804749025,55.05670880126828,7.076811092931955,737.237129067086,1424.8051391862955,12264.545,1826.4639999999995,1105.5389999999998,9332.542,1588.5359999999996,10676.009,12.952261987705208,2,1,0,0,1,25.230014650299733,25.09583943762489,25.364189862974577,1.0,0.019167887524977778,0.0,0.019167887524977778,1,0,0.0,0.0,0.019167887524977778,1.0,0.0,1.0,0.019167887524977778,0.0,0.019167887524977778,0.0,5,0,2022,12,24,5,1,0,2,1,0,1,GRAVE_MORTALIDAD,2
6,1,5,0,4,2,-5.962595928675022,-79.06293917065875,1,4,0,0,1,2,2,0,6543.555,2.0,4,4,1.0,14,33,1198.0,0.3529860768543815,71.67034561539008,49.147201553228804,5.455431096170078,433.20937802375306,7441.125036958018,15935.565011852366,1733.9250000199986,935.692,13265.948011832368,2000.1670000199988,13935.398011832369,12.551591352627522,3,1,0,0,2,29.224191313658064,26.95214879951183,30.92822319926774,0.43198937146344085,0.0,0.0,0.43198937146344085,1,0,0.0,0.0,0.0,1.0,0.0,0.0,1.0,0.0,1.0,0.0,20,2,2021,5,7,2,0,0,2,1,0,1,GRAVE_MORTALIDAD,2
3,2,3,0,4,1,-16.465751940392362,-71.92904322007905,0,4,7,1,2,1,1,0,6639.975,2.0,2,0,1.0,9,31,1616.0,0.6455852322566902,78.58826324858522,78.38415596279924,8.472481180514539,1258.6172876652156,2628.282655246253,10322.272,1495.236,1749.739,7077.2970000000005,2886.595,7435.677000000001,27.964725207783708,4,2,0,0,1,47.95919805979629,38.801928384598035,59.339761281993454,0.9669880640996728,0.9669880640996728,0.0,0.0,2,0,0.0,0.03301193590032725,0.0,1.0,0.9669880640996728,1.0,1.0,0.0,0.9669880640996728,0.9669880640996728,18,2,2022,9,28,4,0,1,0,1,0,1,GRAVE_MORTALIDAD,2
3,2,3,0,4,1,-15.852636796646479,-71.12773095336183,0,4,7,1,2,0,1,0,1523.8874130063045,2.0,2,0,1.0,7,25,248.00161361598586,0.4544651698313683,81.7476840251566,59.1814908867738,5.904574524235199,627.8947064401498,1324.992561780763,10322.272,1495.236,1749.739,7077.2970000000005,2886.595,7435.677000000001,27.964725207783708,6,2,0,0,4,36.38484188131602,32.90787350505282,39.86181025757923,1.0,0.9539367525264087,0.0,0.9539367525264087,2,0,0.0,1.0,0.0,1.0,0.0,0.04606324747359125,1.0,0.0,0.0,0.0,13,3,2022,12,14,3,0,0,0,1,0,1,GRAVE_MORTALIDAD,2
6,1,3,0,4,0,-16.572191272086997,-71.75390935044028,1,4,6,1,2,0,1,0,6543.555,2.0,4,4,1.0,14,33,1198.0,0.6105481451420971,78.10653088113892,68.35418098658066,8.411557426919764,1158.5430895193692,35025.678800856535,10322.272,1495.236,1749.739,7077.2970000000005,2886.595,7435.677000000001,27.964725207783708,3,1,0,0,2,25.320655634015587,25.320655634015587,25.320655634015587,0.2099180457480515,0.2099180457480515,0.0,0.0,1,0,0.0,0.0,0.0,1.0,0.2099180457480515,0.7900819542519485,0.0,0.2099180457480515,0.2099180457480515,0.2099180457480515,12,2,2021,10,16,1,0,1,0,1,0,1,GRAVE_MORTALIDAD,2
6,1,5,0,4,0,-7.030125821818276,-78.65499425684514,3,4,5,0,5,2,2,2,6543.555,2.0,4,4,1.0,14,33,1198.0,0.21907285086081574,72.67941607833097,29.201312842298755,3.9658344401392656,196.1364946209722,6913.37703848956,15935.565011852366,1733.9250000199986,935.692,13265.948011832368,2000.1670000199988,13935.398011832369,12.551591352627522,5,1,0,0,4,45.03459179031302,45.03459179031302,45.03459179031302,1.0,0.0,0.0,1.0,1,0,0.0,0.0,0.0,1.0,0.0,0.7889270239488795,0.21107297605112052,0.7889270239488795,1.0,0.7889270239488795,4,0,2024,2,9,5,1,0,2,1,0,1,GRAVE_MORTALIDAD,2
5,1,11,0,4,1,-11.78487824863665,-75.59286136808753,0,4,0,0,2,1,1,2,7586.903,2.0,2,0,1.0,9,5,1198.0,0.47164602775474085,69.08698702769763,69.08593441874038,7.772422490671231,690.9110669000873,1032.5449184182996,12264.545,1826.4639999999995,1105.5389999999998,9332.542,1588.5359999999996,10676.009,12.952261987705208,7,1,0,0,6,54.815157913010395,53.23716249523095,56.393153330789836,1.0,0.22542791682563512,0.0,1.0,1,0,0.0,0.0,0.22542791682563512,1.0,0.0,0.22542791682563512,1.0,0.0,0.22542791682563512,0.0,12,2,2022,8,26,1,0,0,2,1,0,1,GRAVE_MORTALIDAD,2
5,1,12,1,2,3,-8.09133885977297,-79.07265291758064,0,0,1,1,2,2,2,0,6543.555,2.2177288996829336,3,3,1.0,10,32,1258.3109052121727,0.583006771156836,78.2441938961209,62.24037484511178,8.807312392374042,1028.2282118265089,76607.295503212,8931.828000000005,1335.5899999999997,1935.9830000000004,5660.255000000005,1219.309,7712.519000000005,13.651281686122925,4,1,0,0,3,25.76205114889027,24.129084401268265,27.395017896512268,1.0,0.0,0.0,0.0,1,0,0.0,0.21772889968293352,0.0,1.0,0.0,0.7822711003170665,0.21772889968293352,0.0,0.7822711003170665,0.0,2,0,2023,10,8,0,0,0,0,1,0,1,GRAVE_MORTALIDAD,2
4,1,7,0,4,1,-15.163749075397453,-71.1487663648897,0,4,2,1,2,1,0,2,568.5409999999999,1.0,2,3,0.0,9,3,93.0,0.3945277319552224,68.46422986623472,63.88730476217757,5.757269682251276,536.0067603107378,1170.2797283279835,17779.13499998999,2097.3709999899997,2863.123,12818.640999999989,2878.713,14900.421999989989,16.19152450331032,6,1,0,0,4,39.06816020427975,36.89386734759916,41.24245306096034,1.0,0.0,0.0,0.6212265304801673,1,0,0.0,0.0,0.3787734695198327,0.6212265304801673,0.0,0.6212265304801673,1.0,0.0,0.6212265304801673,0.0,13,2,2023,2,8,1,0,0,2,1,0,1,GRAVE_MORTALIDAD,2
3,1,19,0,4,1,-5.152178598884476,-80.2864333089708,0,4,6,1,2,1,1,0,1557.0356665452086,2.0480789684864504,2,0,1.0,0,20,226.0796066542227,0.4672047035606435,74.38644530848762,61.18112763195274,6.6492204389039715,703.3468127194028,75928.78147092208,8965.846000060003,1782.4120000599992,636.9959999999999,6546.438000000004,2214.505000059999,6751.341000000004,24.699342371541725,6,2,0,0,3,30.788473810918703,21.759605157567748,39.81734246426965,1.0,0.04807896848645021,0.04807896848645021,1.0,2,0,0.9519210315135498,0.0,1.0,1.0,1.0,0.0,0.04807896848645021,1.0,0.9519210315135498,0.9519210315135498,8,1,2021,9,6,2,0,0,0,1,0,1,GRAVE_MORTALIDAD,2
4,1,8,0,4,1,-12.788001334179079,-75.34898777391228,0,4,7,1,4,2,2,1,1196.927958550659,1.0,0,3,0.0,9,23,180.5387016447845,0.42426755043889447,64.94413229019261,52.51136351817421,6.133493095953214,779.2870985276454,811.3545860446523,8511.426,1445.3929999999996,2008.516,5057.516999999999,1879.579,6631.846999999998,22.08300935706896,6,1,0,0,5,30.01183149270608,28.802895028446407,31.220767956965744,1.0,0.5164254142961325,0.0,0.0,1,0,0.0,0.0,0.0,1.0,0.0,1.0,0.0,0.5164254142961325,0.5164254142961325,0.0,14,3,2022,7,14,3,0,0,2,1,0,1,GRAVE_MORTALIDAD,2
3,2,11,0,4,1,-8.212971914469916,-78.85872011990817,0,3,6,0,2,2,2,1,623.7018220630576,2.0,2,0,1.0,7,28,102.06524494542063,0.5930685068410984,80.21185661702357,64.94356837106258,8.525283117540685,1042.7238804772028,34718.83248848435,8952.19401023327,1337.9283552805432,1933.2550604282633,5681.010594524464,1243.7299502416354,7708.464059991635,13.860932515092241,8,2,0,0,6,36.02929425454497,35.97070574545503,36.08788276363492,1.0,0.0,0.0,0.014647127272486737,2,0,0.0,0.014647127272486737,0.0,1.0,0.0,1.0,1.0,0.0,0.9853528727275133,0.0,3,0,2023,5,21,0,0,0,0,1,0,1,GRAVE_MORTALIDAD,2
6,1,8,0,4,0,-12.369633411124903,-74.97253903551602,0,4,0,1,1,1,0,0,6543.555,2.0,4,4,1.0,14,33,1198.0,0.15541876402118335,73.09114556802325,50.51262831584765,3.2939981124620017,108.46773342210867,7545.838924021236,8544.577270484213,1436.7343614754966,2002.7963290611572,5105.046579947559,1827.5126697670044,6717.064600717208,21.418116029566328,4,1,0,0,3,52.344021483797675,52.344021483797675,52.344021483797675,1.0,1.0,0.0,0.0,1,0,0.0,0.07885611981915819,0.0,0.9211438801808418,0.0,0.9211438801808418,0.07885611981915819,0.0,0.0,0.0,9,1,2024,7,22,3,0,0,1,1,0,1,GRAVE_MORTALIDAD,2
5,1,9,0,4,0,-9.92344270045093,-76.20225716999957,0,3,0,0,1,2,2,1,6545.860785546678,2.0,3,3,1.0,13,32,1207.996041884579,0.5917511641806907,71.61146397422392,72.29111266610676,10.143080465839702,1044.9552401012654,93572.14483939853,8195.121274086156,1341.8460979819645,811.2781133523806,6041.99706275181,1077.914434352936,7117.20683973322,13.171193652433024,3,1,0,0,1,21.382623612806853,21.334795661205995,21.43045156440771,1.0,0.9760860241995717,0.0,0.9760860241995717,1,0,0.0,0.02391397580042831,0.9760860241995717,0.02391397580042831,1.0,0.0,0.02391397580042831,0.0,0.9760860241995717,0.0,4,0,2021,7,25,0,0,1,1,1,0,1,GRAVE_MORTALIDAD,2
3,1,20,0,4,1,-15.361308365252176,-70.22148242437112,0,4,5,0,3,0,1,2,1561.86620114091,2.0,1,0,0.7777172333614147,7,26,295.23699505981483,0.46832453781335354,77.35405414228467,69.79387707262798,7.1658239378327355,601.4500627519958,7140.420118088169,13642.312999999998,2020.7790000000005,2354.117,9267.416999999998,3314.0520000000006,10328.260999999997,24.29244952817019,2,1,0,0,1,46.4991826503791,29.778262133108683,63.22010316764951,1.0,0.22228276663858526,0.0,0.7777172333614147,1,0,0.0,0.7777172333614147,0.0,1.0,0.0,1.0,0.7777172333614147,0.0,1.0,0.0,12,2,2021,4,19,3,0,0,2,1,0,1,GRAVE_MORTALIDAD,2
5,1,5,0,4,1,-6.289788726182237,-78.95765412526096,0,4,1,0,1,2,2,0,9936.932,2.0,2,0,1.0,9,32,3830.0,0.4791431750867153,75.9374198423277,56.740221468815186,6.348676200263266,804.9278878344957,6670.288393226467,15935.565011852366,1733.9250000199986,935.692,13265.948011832368,2000.1670000199988,13935.398011832369,12.551591352627522,3,1,0,0,2,49.583787930807254,46.25409137726529,52.91348448434922,1.0,0.0,0.0,0.20810603459637278,1,0,0.0,0.0,0.0,1.0,0.0,0.20810603459637278,1.0,0.0,0.20810603459637278,0.0,11,2,2022,5,22,3,0,1,2,1,0,1,GRAVE_MORTALIDAD,2
6,1,10,0,4,1,-11.066578314446371,-76.1205935677046,0,4,0,1,2,1,1,1,1192.8339788886656,1.2462798234378702,1,2,0.24627982343787036,7,16,215.81843884366853,0.5130951522098385,68.46325484383841,71.78252640827381,9.154332978050771,864.7377129275865,40842.84962244229,8623.340477381415,1528.393979829984,1670.738296558492,5424.208200992937,1962.0645161595287,6661.275961221884,22.727359389927983,4,1,0,0,3,46.55208247186982,46.55208247186982,46.55208247186982,1.0,0.7537201765621296,0.0,0.24627982343787036,1,0,0.0,0.0,0.0,1.0,0.7537201765621296,0.0,0.24627982343787036,0.7537201765621296,1.0,0.7537201765621296,17,3,2023,2,15,0,0,1,1,1,0,1,GRAVE_MORTALIDAD,2
7,1,6,0,4,0,-13.005133334263457,-74.29194677190635,1,4,1,1,2,1,0,0,6807.917889009788,2.0,3,2,1.0,12,25,1198.0,0.1760169547376781,74.12451216133141,54.93598968248013,3.384071637409787,115.44959729058593,7610.3363718494065,8472.797043751474,1404.1068539959504,1828.5104608630631,5240.179728892459,1766.3447601807657,6706.452283570707,20.83041733591786,4,1,0,0,3,52.98648240468266,52.98648240468266,52.98648240468266,1.0,0.7466206011706655,0.0,0.0,1,0,0.0,0.0,0.25337939882933447,0.7466206011706655,0.0,0.7466206011706655,0.25337939882933447,0.0,0.0,0.0,10,1,2024,7,21,2,0,1,2,1,0,1,GRAVE_MORTALIDAD,2
5,1,10,0,3,3,-8.125369669820849,-77.51934070815915,0,4,7,1,1,1,1,0,6543.555,2.0,4,4,1.0,14,33,1198.0,0.5351442272950253,73.26235721201209,55.467929221098736,7.609666179277049,1031.6030751299165,22687.80566317789,9124.448551159507,1393.2425978076633,1861.1450967408964,5870.060856610947,1311.7501187754028,7812.698432384103,14.265584315176707,3,1,0,0,2,23.6994896055877,22.160612473294762,25.203392257601255,1.0,1.0,0.0,0.0,1,0,0.0,0.895076559161845,0.0,0.10492344083815497,0.10492344083815497,0.10492344083815497,0.895076559161845,0.10492344083815497,0.10492344083815497,0.10492344083815497,9,1,2022,6,25,6,1,1,0,1,0,1,GRAVE_MORTALIDAD,2
3,2,12,1,4,1,-8.091844373759953,-79.09254602378657,0,1,7,1,2,2,2,0,6543.555,3.0,2,0,1.0,0,30,1475.0,0.583006771156836,78.2441938961209,62.24037484511178,8.807312392374042,1028.2282118265089,76607.295503212,8931.828000000005,1335.5899999999997,1935.9830000000004,5660.255000000005,1219.309,7712.519000000005,13.651281686122925,4,2,0,0,2,37.395901609906225,26.16536222510684,48.62644099470561,1.0,0.5739291361229822,0.0,0.0,2,0,0.0,1.0,0.5739291361229822,0.42607086387701776,0.5739291361229822,0.0,1.0,0.0,0.0,0.5739291361229822,12,2,2024,10,12,2,0,0,0,1,1,1,GRAVE_MORTALIDAD,2
4,1,7,1,2,2,-12.928593036037693,-76.3850406284749,0,2,7,0,3,2,2,1,6577.376978410654,2.0,3,2,1.0,12,32,1344.6250464183104,0.5563774842369664,77.00938809632027,69.10246351364754,8.476961866273152,914.8835608305218,27932.19700214133,1338.8960292449692,273.9198258596158,265.761310120051,799.2148932653023,419.2296375753542,919.6663916696149,73.11808471977909,6,1,0,0,5,32.17538881150516,29.895334261938128,34.455443361072184,1.0,0.0,0.0,0.0,1,0,0.0,0.3507776230103121,0.0,1.0,0.0,1.0,0.3507776230103121,0.0,0.0,0.0,21,2,2021,4,11,3,0,0,1,1,0,0,GRAVE_MORTALIDAD,2
6,1,7,0,4,2,-14.245545632754931,-71.55884473246917,0,4,0,0,6,2,2,2,6543.555,2.0,4,4,1.0,14,33,1198.0,0.16762327759331141,65.4472199302834,47.567559628881405,4.36018864577287,104.54149005271195,5527.695568769726,17779.13499998999,2097.3709999899997,2863.123,12818.640999999989,2878.713,14900.421999989989,16.19152450331032,5,1,0,0,4,38.00383752190348,38.00383752190348,38.00383752190348,1.0,0.8326937463494201,0.0,0.16730625365057994,1,0,0.0,0.0,0.0,1.0,0.0,0.8326937463494201,0.16730625365057994,0.0,0.0,0.0,14,2,2021,6,25,3,0,1,2,1,0,1,GRAVE_MORTALIDAD,2
6,1,8,0,4,1,-13.51674153933446,-75.13021206126831,0,4,3,1,2,1,0,0,1679.5849999999998,2.0,2,3,1.0,9,24,315.0,0.41431754538561044,73.33233683742247,49.71200840186575,6.975907291208355,595.932419116493,2686.6132704980237,8511.426,1445.3929999999996,2008.516,5057.516999999999,1879.579,6631.846999999998,22.08300935706896,5,1,0,0,4,44.598899493799074,44.598899493799074,44.598899493799074,1.0,0.0,0.0,0.0,1,0,0.0,0.0,0.0,1.0,0.0,0.4934067004133952,0.5065932995866048,0.0,0.0,0.0,12,2,2023,8,13,2,0,0,2,1,0,1,GRAVE_MORTALIDAD,2
3,2,5,0,4,1,-7.279951115926344,-78.58937562547564,0,4,6,1,2,0,1,0,887.28,2.0,2,0,1.0,8,17,155.0,0.3499131122933449,74.39401817945264,56.6280544824882,4.625294965690104,417.1826098657696,8462.284796573875,15935.565011852366,1733.9250000199986,935.692,13265.948011832368,2000.1670000199988,13935.398011832369,12.551591352627522,6,2,0,0,4,49.54418354314576,47.027962050793235,52.06040503549829,1.0,0.9116329137084755,0.0,0.0,2,0,0.0,1.0,0.0,1.0,0.0,1.0,1.0,0.0,0.9116329137084755,0.0,15,2,2021,7,13,0,0,0,2,1,0,1,GRAVE_MORTALIDAD,2
6,1,4,0,4,1,-13.816326078112874,-73.87502865683813,0,4,0,0,1,2,2,2,6543.555,2.0,4,4,1.0,14,33,1198.0,0.2462250874399462,73.49956658031286,29.91426862780401,5.5377394875346555,202.03264284198906,601.9681748578643,12678.733000000004,1805.074000000001,1774.0339999999994,9099.625000000004,2485.375000000001,10193.358000000002,19.602707936195205,10,1,0,0,9,44.056384391693285,44.056384391693285,44.056384391693285,1.0,0.0,0.0,0.928014236729381,1,0,0.0,0.0,0.07198576327061901,0.928014236729381,0.0,0.928014236729381,0.07198576327061901,0.928014236729381,0.928014236729381,0.0,4,0,2023,6,28,5,0,0,2,1,0,1,GRAVE_MORTALIDAD,2
5,1,20,0,4,1,-14.634625306915385,-69.65396006314049,0,4,7,0,2,2,2,2,1720.092951387737,2.0,1,0,0.16542015212840933,8,30,444.63748288066813,0.36428852188003885,75.03180113445163,65.52386791529126,6.159051966161275,357.1107671048519,4172.89370546483,13642.312999999998,2020.7790000000005,2354.117,9267.416999999998,3314.0520000000006,10328.260999999997,24.29244952817019,3,1,0,0,2,31.398592205861934,30.488781369155685,32.30840304256819,1.0,0.8345798478715907,0.8345798478715907,0.8345798478715907,1,0,0.0,0.0,0.0,1.0,0.0,1.0,0.16542015212840933,1.0,0.8345798478715907,1.0,5,0,2022,4,5,3,0,0,2,1,0,1,GRAVE_MORTALIDAD,2
5,1,1,0,4,1,-9.08605520075665,-77.81461776251393,6,4,4,0,1,2,2,1,6543.555,2.0023234061319304,3,3,1.0,13,32,1198.6435834985448,0.49865004688187026,79.23262652364696,52.85620095994739,7.158489801805915,792.1757294150124,25527.287477368496,10767.648,1885.0630000000003,1222.721,7659.864000000001,2100.343,8667.305000000002,19.506051832303577,3,1,0,0,1,37.98605956320842,37.962825501889114,38.00929362452772,1.0,0.9976765938680697,0.0,0.0023234061319302723,1,0,0.0,0.0023234061319302723,0.0,1.0,0.0023234061319302723,0.9976765938680697,0.0023234061319302723,0.0,0.0023234061319302723,0.0,14,2,2022,6,14,3,0,0,0,1,0,1,GRAVE_MORTALIDAD,2
3,2,14,0,4,1,-11.203959690370572,-77.5620527756591,0,4,7,0,2,1,0,2,6543.555,3.0,2,0,1.0,0,30,1475.0,0.7327345537337897,78.20903814342847,76.31492653513806,13.642917835589472,1405.6698219039215,62016.21841541756,7626.313,1683.4029999999998,1599.0829999999996,4343.827000000001,1814.875,5811.438000000001,23.797541485643197,5,2,0,0,3,42.46786188028481,33.03213811971519,51.903585640854416,1.0,0.0,0.9839309401424022,1.0,2,0,0.0,0.9839309401424022,0.016069059857597767,0.016069059857597767,0.0,1.0,1.0,0.0,0.9839309401424022,0.0,5,0,2024,6,1,0,0,0,0,1,1,1,GRAVE_MORTALIDAD,2
6,1,12,0,4,0,-7.7043498111400055,-77.81133188656467,1,4,6,1,6,2,2,4,6543.555,2.0938624638725205,3,3,1.0,12,32,1223.9999024926883,0.48225109885410655,72.87166577203963,45.46670150620443,6.931913734005951,894.7278847060966,9343.99848294621,8931.828000000005,1335.5899999999997,1935.9830000000004,5660.255000000005,1219.309,7712.519000000005,13.651281686122925,2,1,0,0,1,43.342962752892355,43.342962752892355,43.342962752892355,1.0,0.09386246387252062,0.0,0.0,1,0,0.0,0.9061375361274794,0.0,0.09386246387252062,0.09386246387252062,0.0,1.0,0.0,0.09386246387252062,0.0,16,2,2022,3,12,5,0,0,0,1,0,1,GRAVE_MORTALIDAD,2
5,1,10,2,4,1,-13.719087757600645,-75.9814720027161,0,4,7,1,2,2,2,0,1597.856781989288,1.8336642928884759,2,2,1.0,9,24,298.3664292888476,0.5362403928494972,74.7319240373219,71.83312403622011,8.474682682355182,824.9895885489923,14670.072730555861,3721.461,698.1859999999996,744.866,2278.409,1102.9029999999996,2618.558,29.636290693359403,2,1,0,0,0,29.609897592742257,28.833664292888475,30.16434994978067,1.0,0.0,0.0,0.0,1,0,0.0,0.05544523570384141,0.0,1.0,0.9445547642961586,0.05544523570384141,0.05544523570384141,0.9445547642961586,0.9445547642961586,0.9445547642961586,1,0,2022,1,21,5,0,0,0,1,0,1,GRAVE_MORTALIDAD,2
3,2,20,0,4,1,-16.25843327140299,-69.41314954177687,0,4,1,1,2,2,2,2,7586.903,2.0,2,0,1.0,9,5,1198.0,0.3847326480945596,72.59149031467797,73.07154965390033,7.18808206266871,388.7510433877645,19540.28385448445,13642.312999999998,2020.7790000000005,2354.117,9267.416999999998,3314.0520000000006,10328.260999999997,24.29244952817019,6,2,0,0,4,42.3303426394107,29.667862944235722,54.99282233458568,1.0,1.0,0.0,0.0,2,0,0.0,0.8330342639410699,0.16696573605893006,0.16696573605893006,1.0,0.16696573605893006,0.8330342639410699,0.0,0.16696573605893006,0.8330342639410699,9,1,2022,7,11,2,0,0,2,1,0,1,GRAVE_MORTALIDAD,2
3,1,19,2,2,4,-10.079937511347298,-75.72748972739845,0,2,3,1,2,1,1,2,6543.555,2.0,4,4,1.0,14,33,1198.0,0.682013516485431,76.35484661159167,67.85693552143857,11.091202003494967,1435.8182161851114,135597.0571572859,4949.401610103068,983.5885732837633,1443.174266162332,2522.638770656973,972.6958722307668,3976.705737872302,16.16907641840037,3,2,0,0,1,33.01158631978612,26.324878920947306,39.698293718624925,1.0,0.4578049325592066,0.5421950674407934,0.5421950674407934,2,0,0.0,0.0,0.0,1.0,0.5421950674407934,0.4578049325592066,0.0,0.0,0.5421950674407934,0.0,21,2,2022,2,14,4,0,0,0,1,0,1,GRAVE_MORTALIDAD,2
6,1,4,0,4,1,-13.905103870328187,-74.63368479832488,0,4,0,0,2,2,2,2,1363.821129517192,-0.22311518492507432,1,3,0.2589616050249752,9,29,242.37823729244758,0.3914467553124414,73.62877045009691,39.09422024940719,6.417631512895119,596.4053338320008,3545.410154669282,12678.733000000004,1805.074000000001,1774.0339999999994,9099.625000000004,2485.375000000001,10193.358000000002,19.602707936195205,10,1,0,0,9,39.250924940699306,39.250924940699306,39.250924940699306,1.0,0.2589616050249752,0.0,0.7410383949750248,1,0,0.0,0.0,0.0,1.0,0.0,0.0,1.0,1.0,0.7410383949750248,0.7410383949750248,7,0,2023,8,21,5,1,0,2,1,0,1,GRAVE_MORTALIDAD,2
5,1,12,2,4,1,-12.560569062001377,-76.32894044687237,0,1,6,0,2,2,2,5,951.9087295055119,2.0,2,0,1.0,3,15,166.30654548746097,0.6902855311399234,80.90009037656041,74.13323548749368,9.75164209182599,1389.8890649201956,202171.31979797455,7953.207400774469,1660.5870971207166,1617.3505637289281,4675.269739924824,1944.8247756449607,6008.382625129509,24.302826998429644,3,1,0,0,2,42.545640643453815,41.02997218941544,44.06130909749219,1.0,0.0,0.0,0.0,1,0,0.0,0.12125347632307015,0.0,1.0,0.12125347632307015,0.8787465236769298,0.12125347632307015,0.0,0.0,0.0,14,2,2022,4,28,5,0,1,0,1,0,1,GRAVE_MORTALIDAD,2