CLASE SINIESTRO,CANTIDAD DE VEHICULOS DAÑADOS,DEPARTAMENTO,ZONA,TIPO DE VÍA,RED VIAL,COORDENADAS LATITUD,COORDENADAS  LONGITUD,CONDICIÓN CLIMÁTICA,ZONIFICACIÓN,CARACTERÍSTICAS DE VÍA,PERFIL LONGITUDINAL VÍA,SUPERFICIE DE CALZADA,¿EXISTE SEÑAL VERTICAL?,¿EXISTE SEÑAL HORIZONTAL?,CAUSA FACTOR PRINCIPAL,MTC_RVN_LONGITUD_KM,MTC_RVN_N_CARRILES_MEDIANA,MTC_RVN_SUPERFICIE_DOMINANTE,MTC_RVN_ESTADO_DOMINANTE,MTC_RVN_ES_CONCESIONADA,MTC_RVN_CONCESION_PRINCIPAL,MTC_RVN_CORREDOR_LOGISTICO,MTC_RVN_N_TRAMOS,IDH_2019,IDH_ESP_VIDA_2019,IDH_EDUC_SECUND_PCT_2019,IDH_ANIOS_EDUC_2019,IDH_INGRESO_PERCAP_2019,IDH_POBLACION_2019,MTC_DEP_RED_TOTAL_KM,MTC_DEP_NACIONAL_TOTAL_KM,MTC_DEP_DEPARTAMENTAL_TOTAL_KM,MTC_DEP_VECINAL_TOTAL_KM,MTC_DEP_PAV_TOTAL_KM,MTC_DEP_NO_PAV_TOTAL_KM,MTC_DEP_PCT_PAVIMENTADA,PER_TOTAL_PERSONAS,PER_N_CONDUCTORES,PER_N_CONDUCTORES_FUGADOS,PER_N_PEATONES,PER_N_PASAJEROS_OCUPANTES,PER_EDAD_COND_PROM,PER_EDAD_COND_MIN,PER_EDAD_COND_MAX,PER_ANY_COND_MASCULINO,PER_ANY_LIC_PROBLEMA,PER_ANY_DOSAJE_POS,PER_ANY_DOSAJE_EVALUADO,VEH_TOTAL,VEH_N_FUGADOS,VEH_ANY_FUGADO,VEH_ANY_CARGA,VEH_ANY_PUBLICO,VEH_ANY_PARTICULAR,VEH_ANY_MOTO,VEH_ANY_AUTO,VEH_ANY_CAMION_BUS,VEH_ANY_SOAT_PROBLEMA,VEH_ANY_CITV_PROBLEMA,VEH_ANY_SEGURO_PROBLEMA,HORA_NUM,FRANJA_HORARIA,ANIO,MES,DIA_MES,DIA_SEMANA,ES_FIN_SEMANA,ES_QUINCENA,REGION_NATURAL,TIENE_SEÑALIZACION,ES_VIA_MULTICARRIL,ES_DEPTO_BAJO_PAVIMENTO,CATEGORIA_SEVERIDAD,CATEGORIA_SEVERIDAD_ENC
3,1,11,0,4,1,-11.791476353238115,-75.64034819205308,0,4,0,0,2,1,1,2,7586.903,2.0,2,0,1.0,9,5,1198.0,0.458901428973119,68.82395923315414,58.61879041342772,7.25342986268142,725.4747397016098,1325.2085571882756,12264.545,1826.4639999999995,1105.5389999999998,9332.542,1588.5359999999996,10676.009,12.952261987705208,4,2,0,0,2,35.819996605658154,30.196667232390308,41.443325978926005,0.8033327676096927,0.8033327676096927,0.0,1.0,2,0,0.19666723239030726,0.0,0.8033327676096927,1.0,0.0,1.0,0.8033327676096927,0.0,0.8033327676096927,0.19666723239030726,5,0,2022,11,12,4,0,0,2,1,0,1,GRAVE_MORTALIDAD,2
2,3,19,2,4,1,-15.085522665638482,-70.621293849863,0,3,6,0,2,2,2,1,1471.9014581420975,2.0,2,0,1.0,7,24,236.46779995012577,0.5776094589026645,73.53995119070044,78.65076190940722,10.138889008221518,900.238319738301,234127.99914018638,13763.16738235455,2005.6617940346982,2279.3660016774083,9478.139586642445,3244.810259739089,10518.35712261546,23.67370629551018,10,3,0,0,6,36.05270000057993,22.579700006379262,55.15679999072107,0.9472999994200669,0.0,0.0,0.9472999994200669,3,0,0.05270000057993307,0.9472999994200669,0.0,1.0,0.05270000057993307,0.9472999994200669,0.9472999994200669,1.0,0.9472999994200669,1.0,9,0,2022,8,18,0,0,0,2,1,0,1,GRAVE_MORTALIDAD,2
6,1,6,0,4,0,-12.961293739350346,-74.3678015920337,0,4,1,0,2,1,0,0,6758.089767948132,2.0,3,3,1.0,12,27,1198.0,0.16911286005441534,73.88573809299012,54.43585354467378,3.349222327693156,107.23622550318495,7606.831022984733,8480.077976092796,1411.8886235512937,1862.4385883301218,5205.750764211381,1787.6875796331153,6692.39039645968,21.066510635944063,3,1,0,0,2,49.06508429521581,49.06508429521581,49.06508429521581,1.0,1.0,0.0,0.0,1,0,0.0,0.0,0.0,1.0,0.0,1.0,0.0,0.20562148769934108,0.20562148769934108,0.20562148769934108,8,0,2024,8,24,3,0,1,2,1,0,1,GRAVE_MORTALIDAD,2
4,1,20,0,4,1,-15.78306269709413,-69.96477892558933,0,4,4,1,2,0,1,2,7586.903,2.0,2,0,1.0,9,5,1198.0,0.35523282661373323,71.08376773930121,68.77812764080714,6.154649126291479,350.93759174716814,5878.8399402404575,13642.312999999998,2020.7790000000005,2354.117,9267.416999999998,3314.0520000000006,10328.260999999997,24.29244952817019,3,1,0,0,1,54.62474246749191,51.24948493498382,58.0,1.0,1.0,0.0,0.0,1,0,0.0,0.6136831877287435,0.0,1.0,0.0,0.6136831877287435,1.0,0.0,0.6136831877287435,0.0,17,3,2022,4,19,5,1,0,2,1,0,1,GRAVE_MORTALIDAD,2
6,1,7,0,4,0,-13.514208563838794,-71.58885840659731,0,4,1,0,7,2,2,2,6543.555,2.0,4,4,1.0,14,33,1198.0,0.2589627936386123,61.36213111511037,44.75370014408882,4.065869474766485,299.3887544879897,12656.578155369638,17779.13499998999,2097.3709999899997,2863.123,12818.640999999989,2878.713,14900.421999989989,16.19152450331032,11,1,0,0,10,23.684813025108472,23.684813025108472,23.684813025108472,1.0,0.7769136654710251,0.22308633452897486,0.22308633452897486,1,0,0.0,0.0,0.22308633452897486,0.0,0.0,0.0,1.0,0.0,0.7769136654710251,0.0,18,1,2021,6,6,0,0,0,2,1,0,1,GRAVE_MORTALIDAD,2
6,1,1,0,4,2,-9.304358185889392,-77.71437148654533,6,4,3,1,3,2,2,0,6543.555,2.0,4,4,1.0,14,33,1198.0,0.3689057448452657,73.657351127869,39.55549485474471,6.024586898543574,514.1651614743952,1116.8723862028128,10767.648,1885.0630000000003,1222.721,7659.864000000001,2100.343,8667.305000000002,19.506051832303577,6,1,0,0,5,40.733053954153135,40.733053954153135,40.733053954153135,1.0,0.0,0.0,0.0,1,0,0.0,0.0,0.0,1.0,0.0,1.0,0.0,0.5456686649686348,1.0,0.5456686649686348,16,2,2021,2,2,2,0,0,0,1,0,1,GRAVE_MORTALIDAD,2
2,1,16,0,4,1,-9.252595304562922,-77.47975337193708,0,4,3,1,2,2,2,1,6927.455375682097,2.0,3,2,1.0,12,28,1493.4832535293428,0.6199261916945188,78.01060699618209,65.04810828667671,8.180497734583108,1265.3949845309075,24452.32873749066,7000.21179595989,1408.9900726338246,1398.7911777132676,4192.430545612798,1561.5908633979584,5438.620932561932,21.95015565067864,3,1,0,0,1,56.12981347436356,51.0,61.25962694872712,1.0,1.0,0.0,0.0,1,0,0.0,0.6839751299151413,0.0,0.3160248700848587,1.0,0.0,0.6839751299151413,0.3160248700848587,1.0,1.0,7,0,2023,2,28,5,1,1,0,1,0,1,GRAVE_MORTALIDAD,2
3,1,5,2,4,1,-7.059437379408182,-78.28218357293892,0,0,7,0,2,1,1,2,9291.416914797355,2.0,2,0,1.0,9,32,3329.320086081398,0.2779536707802489,78.38125454067583,37.42527550526854,3.7021746442771533,313.0890757932788,13399.940519379992,15935.565011852366,1733.9250000199986,935.692,13265.948011832368,2000.1670000199988,13935.398011832369,12.551591352627522,3,1,0,0,1,38.33680896851807,31.048860345899314,45.624757591136834,1.0,0.8097720691798624,0.0,1.0,1,0,0.0,1.0,0.0,0.8097720691798624,0.8097720691798624,0.0,1.0,0.0,0.0,0.0,12,2,2023,6,5,4,0,0,2,1,0,1,GRAVE_MORTALIDAD,2
4,1,19,0,4,1,-5.174890735616259,-80.59171632726145,0,4,3,1,1,2,2,0,6543.555,2.0,4,4,1.0,14,33,1198.0,0.6220812987247925,80.20155828147696,72.71675503872983,10.02377668600292,1028.915688621886,159840.92719486082,8965.846000060003,1782.4120000599992,636.9959999999999,6546.438000000004,2214.505000059999,6751.341000000004,24.699342371541725,3,1,0,0,2,29.624055911387774,23.395571086496602,35.85254073627895,1.0,0.0,1.0,1.0,1,0,0.0,0.4791142172993208,0.0,1.0,0.4791142172993208,0.0,1.0,0.0,0.4791142172993208,0.0,11,1,2021,10,28,5,1,1,0,1,0,1,GRAVE_MORTALIDAD,2
4,1,6,0,4,1,-10.779098061579752,-76.27583283194775,1,4,3,0,4,2,2,0,6543.555,2.469059744390119,3,2,1.0,7,31,1327.929549196063,0.5753655685455762,79.14614420164438,71.50945397537912,9.062106625926427,907.3222234085321,27754.778920365472,8627.675157992093,1307.3763657571465,1597.3036441100355,5722.995148124911,1332.5978461005027,7295.0773118915895,15.503299205017909,3,1,0,0,2,37.76547012780494,35.6547012780494,39.876238977560476,1.0,0.469059744390119,0.0,0.0,1,0,0.0,0.0,0.0,1.0,0.469059744390119,0.530940255609881,0.469059744390119,0.0,0.0,0.469059744390119,12,1,2023,5,19,4,0,1,1,1,0,1,GRAVE_MORTALIDAD,2
6,1,18,0,4,0,-14.42754262652222,-70.01563692394397,0,4,0,1,2,1,1,5,6543.555,2.0,4,4,1.0,14,33,1198.0,0.6121674136506746,62.48484747633687,74.60797956240404,8.283230659283818,1611.2075178360515,26416.64869587655,13573.862761484168,2005.4558730161928,2312.9093994800855,9255.497488987889,3255.184922743744,10318.677838740423,23.959302378428287,11,1,0,0,10,35.77593553508353,35.77593553508353,35.77593553508353,1.0,0.0,0.0,0.07103742140334124,1,0,0.0,0.0,0.0,0.0,0.0,0.0,1.0,0.0,1.0,0.0,11,1,2022,1,20,4,0,0,2,1,0,1,GRAVE_MORTALIDAD,2
6,1,10,0,3,2,-9.015085496183378,-77.7136993783562,0,3,7,0,2,1,1,5,6543.555,2.0,4,4,1.0,14,33,1198.0,0.39568461043223424,75.20038160554074,55.088972670499594,5.840539056490196,496.93951247129127,26764.090592846682,8827.744361510026,1325.9350591234477,1820.0841005856287,5681.7252018009485,1258.07738771135,7569.666973798675,14.285057522775341,3,1,0,0,2,29.092925082804847,29.092925082804847,29.092925082804847,1.0,0.18169218232469708,0.0,0.0,1,0,0.0,0.8183078176753029,0.0,0.18169218232469708,0.0,0.18169218232469708,0.8183078176753029,0.0,0.0,0.0,0,0,2021,4,14,0,0,0,0,1,0,1,GRAVE_MORTALIDAD,2
3,1,7,0,4,1,-13.59556010254871,-71.78105584628645,3,4,6,1,4,2,2,0,7586.903,2.0,2,0,1.0,9,5,1198.0,0.5065580412535501,64.79370905469777,77.15417383818448,8.35812941450031,844.3117831870799,8658.316916488222,17779.13499998999,2097.3709999899997,2863.123,12818.640999999989,2878.713,14900.421999989989,16.19152450331032,5,2,0,0,3,34.52114160578557,18.007047201928525,51.035236009642624,1.0,0.6643175993571583,0.0,0.3356824006428417,2,0,0.0,0.0,0.0,1.0,0.3356824006428417,0.6643175993571583,1.0,0.0,0.3356824006428417,0.3356824006428417,20,2,2023,9,8,2,0,0,2,1,0,1,GRAVE_MORTALIDAD,2
4,1,3,0,4,1,-15.41932564276819,-73.67348260402699,0,4,4,1,4,2,2,0,6598.956215487952,2.0,2,1,1.0,11,31,1438.1753585766855,0.5187324923196578,80.77198226924978,52.104448028741444,8.332286960515408,806.3721215188436,1099.3887104952835,10322.272,1495.236,1749.739,7077.2970000000005,2886.595,7435.677000000001,27.964725207783708,4,1,0,0,2,42.85083560489624,35.955849234273686,49.745821975518794,1.0,0.0,0.0,0.42541780244812044,1,0,0.0,0.0,0.0,1.0,0.0,0.5745821975518796,1.0,0.0,1.0,0.0,6,1,2022,5,10,4,0,0,0,1,0,1,GRAVE_MORTALIDAD,2
6,1,11,0,4,1,-13.701464107995522,-71.6376519747874,0,4,0,0,7,2,2,3,6543.555,2.0,4,4,1.0,14,33,1198.0,0.32607624745955477,76.37607458192433,49.77728987223546,5.659051344790072,324.56901851850785,2285.0860865485884,13146.27720690313,1909.737466603749,2055.4994166472825,9181.0403236521,2887.462144548316,10258.815062354815,21.87824449071125,5,1,0,0,4,40.63305811439821,40.63305811439821,40.63305811439821,1.0,0.0,0.0,0.5147842349331344,1,0,0.0,0.0,0.0,1.0,0.0,0.0,1.0,0.4852157650668656,0.4852157650668656,0.4852157650668656,10,1,2022,7,13,3,0,0,2,1,0,1,GRAVE_MORTALIDAD,2
3,1,14,0,4,1,-12.084426937989452,-77.02168005626316,0,2,1,1,2,2,2,0,6543.555,3.0,2,0,1.0,0,30,1475.0,0.7101674804643365,80.11883293877843,76.12429824103509,10.475167549413346,1445.0701833764906,493641.3432477332,7626.313,1683.4029999999998,1599.0829999999996,4343.827000000001,1814.875,5811.438000000001,23.797541485643197,5,1,0,3,0,42.81357144424379,41.017159678247246,44.609983210240344,1.0,0.0,0.0,0.0,1,0,0.0,0.5132605045704423,0.0,0.48673949542955774,0.0,0.48673949542955774,0.5132605045704423,0.0,0.48673949542955774,0.0,8,1,2021,4,17,2,0,0,0,1,1,1,GRAVE_MORTALIDAD,2
3,2,5,1,4,1,-7.783203292358097,-77.65582472804925,1,4,6,1,2,1,1,0,2834.510994811944,1.0,1,3,0.0,9,29,1197.3849829733597,0.29781657542465506,76.02561122243264,46.3341794038908,4.000595880504958,336.7318448075788,21109.473549953123,16133.236999871395,1772.89455030228,1142.355766491659,13217.986683077455,2094.3668055601443,14038.870194311252,12.941873699802574,3,2,0,0,1,23.286668730501848,22.072223942084875,24.501113518918824,1.0,0.8927776057915126,0.0,0.0,2,0,0.0,0.0,0.0,1.0,1.0,0.8927776057915126,0.0,0.0,1.0,0.10722239420848745,18,2,2022,4,11,5,1,0,2,0,0,1,GRAVE_MORTALIDAD,2
4,1,3,0,4,0,-16.49614543359333,-72.46760111274229,0,4,7,0,2,1,1,0,6599.14286466818,2.0,2,1,1.0,11,31,1438.984520133779,0.6077843615696785,76.53072135400231,69.81276959706165,8.77367759087771,1135.5159013374655,74658.55888650964,10322.272,1495.236,1749.739,7077.2970000000005,2886.595,7435.677000000001,27.964725207783708,13,1,0,0,11,49.270446027748,46.96437406474533,51.576517990750666,1.0,0.0,0.0,0.5765179907506672,1,0,0.0,0.0,0.5765179907506672,0.42348200924933277,0.0,0.42348200924933277,0.5765179907506672,0.0,0.0,0.0,15,1,2023,10,20,3,0,1,0,1,0,1,GRAVE_MORTALIDAD,2
4,1,13,0,4,1,-9.435427013719453,-78.46557467040076,0,4,4,1,1,1,0,2,6543.555,2.54763324079343,2,1,1.0,6,31,1349.69440769978,0.6226671993440133,80.59751140728451,72.23094827636206,9.102908442432424,1089.2529156323435,20075.19315598305,8216.884589645568,1526.063960380085,1751.4853611766935,4939.335268088789,1545.4607386863797,6671.423850959189,19.207710822066307,5,1,0,0,3,42.75014902833101,37.92869916714087,47.119232130314586,0.5476332407934298,0.0,0.0,0.5476332407934298,1,0,0.0,0.0,0.5476332407934298,1.0,0.0,1.0,0.5476332407934298,0.4523667592065702,0.4523667592065702,0.4523667592065702,15,1,2021,3,24,5,1,1,0,1,0,1,GRAVE_MORTALIDAD,2
6,1,3,0,4,0,-15.649748074392864,-71.64373213614185,5,1,0,0,2,1,1,0,6543.555,2.0,4,4,1.0,14,33,1198.0,0.5325761945469989,81.34951653829121,50.97523181639888,6.867251361766504,964.6116839691138,2104.1584582441114,10322.272,1495.236,1749.739,7077.2970000000005,2886.595,7435.677000000001,27.964725207783708,2,1,0,0,1,20.799071478906654,20.799071478906654,20.799071478906654,1.0,0.2663571596355515,0.0,0.0,1,0,0.0,0.0,0.2663571596355515,0.7336428403644485,1.0,0.0,0.0,0.2663571596355515,0.2663571596355515,0.2663571596355515,9,1,2023,8,17,3,0,1,0,1,0,1,GRAVE_MORTALIDAD,2
3,2,7,0,4,1,-13.690973985042834,-71.62794189469784,2,3,7,1,2,0,1,2,7586.903,2.0,2,0,1.0,9,5,1198.0,0.4698999830009599,65.44293455535902,73.49775683075444,7.428720097169273,739.1335186054155,8093.491491664696,17779.13499998999,2097.3709999899997,2863.123,12818.640999999989,2878.713,14900.421999989989,16.19152450331032,4,2,0,0,1,36.55969868926883,28.999529201982536,42.43983051271371,1.0,0.8400188319206985,0.0,0.0,2,0,0.0,1.0,0.8400188319206985,0.8400188319206985,0.8400188319206985,0.0,1.0,0.8400188319206985,0.0,0.8400188319206985,13,2,2023,4,9,0,0,0,2,1,0,1,GRAVE_MORTALIDAD,2
4,1,10,0,4,0,-8.209766535889415,-77.7939079946657,0,4,7,1,2,1,1,0,7096.30097322834,2.0,3,2,1.0,11,27,1623.4415699764832,0.5415194549351402,75.69961344843765,63.169194480565956,8.181140840700351,910.5403912292641,31648.86775013403,8602.954386124631,1334.629002571347,1415.4399960400895,5852.8853875131945,1146.7564242430476,7456.197961881583,13.314371949286006,2,1,0,0,1,37.63754430474995,35.730106331399895,39.544982278100015,1.0,0.544982278100018,0.0,0.0,1,0,0.0,0.0,0.0,1.0,0.544982278100018,0.455017721899982,0.0,0.544982278100018,0.0,0.544982278100018,14,1,2022,5,15,1,0,0,0,1,0,1,GRAVE_MORTALIDAD,2
5,1,7,0,4,2,-13.554744043312724,-71.85386043170587,0,4,6,0,1,1,1,2,6543.555,2.0,4,4,1.0,14,33,1198.0,0.376829967686171,77.24429591223948,74.48807014191135,5.901196482568005,362.1069366195082,4706.69087452697,17779.13499998999,2097.3709999899997,2863.123,12818.640999999989,2878.713,14900.421999989989,16.19152450331032,3,1,0,0,1,50.787034671342745,50.570077286180265,51.00399205650522,1.0,0.0,0.9132170459350095,1.0,1,0,0.0,0.08678295406499048,0.0,1.0,0.0,1.0,0.08678295406499048,0.0,0.0,0.0,21,1,2024,9,18,5,1,1,2,1,0,1,GRAVE_MORTALIDAD,2
3,1,3,0,4,1,-16.313266022188007,-73.20257062150121,0,4,0,0,3,2,2,0,6617.137974045081,2.0,2,0,1.0,10,31,1516.9969212906437,0.6296954320786603,83.24023714832593,65.84952184794102,8.823140788177897,1148.165091681494,4735.131434826274,10322.272,1495.236,1749.739,7077.2970000000005,2886.595,7435.677000000001,27.964725207783708,7,1,0,0,5,33.671026852912085,30.236849470596546,37.10520423522763,1.0,0.0,0.0,0.0,1,0,0.0,0.0,0.0,1.0,0.0,0.7631505294034537,1.0,0.0,0.0,0.0,16,1,2021,2,19,3,0,0,0,1,0,1,GRAVE_MORTALIDAD,2
5,1,7,0,4,1,-14.43347921129287,-71.61981823910058,4,4,1,0,2,2,2,0,2024.8272691798516,1.164934026852731,1,2,0.16493402685273106,8,29,502.53498604080755,0.2863490991990669,68.28933044941861,72.91960045486813,4.251442222988801,262.132519689129,14692.348039306054,17779.13499998999,2097.3709999899997,2863.123,12818.640999999989,2878.713,14900.421999989989,16.19152450331032,11,1,0,0,10,29.32986805370546,29.32986805370546,29.32986805370546,1.0,0.0,0.0,0.0,1,0,0.0,0.0,0.0,0.16493402685273106,0.0,0.16493402685273106,1.0,0.0,0.16493402685273106,0.0,12,2,2023,4,14,3,0,0,2,1,0,1,GRAVE_MORTALIDAD,2
0,1,14,2,2,3,-12.01784487742012,-77.0471991874391,0,0,1,1,2,2,2,1,6543.555,2.1246150631891245,3,3,1.0,12,32,1232.5183725033876,0.7300036506368504,80.21724456394445,75.11639588359114,10.636845733066124,1559.041185521695,156759.78800856532,7626.313,1683.4029999999998,1599.0829999999996,4343.827000000001,1814.875,5811.438000000001,23.797541485643197,3,1,0,2,0,40.61691632697162,40.61691632697162,40.61691632697162,1.0,0.8753849368108753,0.0,0.0,1,0,0.0,0.12461506318912474,0.0,0.8753849368108753,0.0,0.0,1.0,0.0,0.0,0.0,18,1,2024,3,10,0,0,0,0,1,0,1,GRAVE_MORTALIDAD,2
4,1,18,0,4,1,-7.720564051829292,-77.02690727974597,0,4,4,1,1,2,2,2,2127.965203468855,0.26820140276438487,1,1,0.0,9,32,914.1828632099005,0.4925489868858756,73.09888867843671,52.34826529346199,6.448092505189031,935.6531473754368,1806.3174641050675,6370.047274737733,1132.796240270905,1197.199486974487,4040.0515474923404,1306.6629449639156,5063.384329773817,20.090780516609325,4,1,0,0,3,22.902302104146578,19.731798597235617,26.07280561105754,1.0,0.6341007013821924,0.0,0.0,1,0,0.0,0.0,0.6341007013821924,1.0,0.6341007013821924,0.6341007013821924,0.36589929861780757,0.0,0.6341007013821924,0.6341007013821924,2,0,2022,8,23,0,0,1,0,1,0,1,GRAVE_MORTALIDAD,2
3,1,12,0,4,1,-7.395432883112043,-79.10568982972042,0,4,7,1,3,2,2,0,6543.555,2.770606497845618,2,0,1.0,3,30,1411.4579999032362,0.44855194983015606,80.97009230284095,55.15963992020538,5.941681984015575,677.5902061127039,12770.173249152016,8931.828000000005,1335.5899999999997,1935.9830000000004,5660.255000000005,1219.309,7712.519000000005,13.651281686122925,3,1,0,0,2,29.688180506463148,28.14696751077191,31.22939350215438,1.0,0.0,0.0,0.0,1,0,0.0,0.22939350215438203,0.0,0.770606497845618,0.770606497845618,0.770606497845618,0.22939350215438203,0.0,0.0,0.770606497845618,18,1,2022,10,27,1,0,0,0,1,0,1,GRAVE_MORTALIDAD,2
3,1,6,2,2,3,-12.50408091905524,-76.65089118213308,0,3,7,0,2,0,1,1,6564.603786040866,2.0,3,3,1.0,12,32,1289.2507007372121,0.5563774842369664,77.00938809632027,69.10246351364754,8.476961866273152,914.8835608305218,27932.19700214133,852.7311324592737,187.3478652657114,167.99949251420628,497.38377467935595,279.7253664397901,573.0057660194835,81.99059068053455,3,2,0,0,0,35.109151555905754,25.87321244724605,42.781696888188485,1.0,1.0,0.0,0.0,2,0,0.0,1.0,0.7816968881884877,0.2183031118115123,0.7816968881884877,0.0,1.0,0.0,1.0,1.0,10,1,2022,3,12,3,0,0,1,1,0,0,GRAVE_MORTALIDAD,2
6,1,4,0,4,1,-13.393709004999769,-74.3195217053095,1,4,0,0,2,1,0,4,1684.138480249347,2.0,1,2,0.9453068254237323,9,24,324.2978396779655,0.2637405283467736,78.06669360379632,43.76946820088314,4.169582726444137,225.433477395642,3884.892626941541,12731.434249158203,1816.8715912219748,1805.7605807877246,9108.802077148504,2530.6979758283387,10200.736273329863,19.859204791802675,2,1,0,0,1,53.57797746101704,53.57797746101704,53.57797746101704,1.0,0.054693174576267656,0.054693174576267656,1.0,1,0,0.0,0.0,0.0,1.0,0.0,0.054693174576267656,0.9453068254237323,0.054693174576267656,0.054693174576267656,0.054693174576267656,3,0,2021,11,12,0,0,0,2,1,0,1,GRAVE_MORTALIDAD,2
6,1,4,0,4,1,-13.20070729557265,-73.9710466772833,0,4,0,0,7,2,2,1,6543.555,2.0,4,4,1.0,14,33,1198.0,0.2804683846052128,78.35398958221579,53.371233287958844,4.169676487018816,243.76850938958668,2622.7930176949244,12678.733000000004,1805.074000000001,1774.0339999999994,9099.625000000004,2485.375000000001,10193.358000000002,19.602707936195205,7,1,0,0,6,45.265050671931505,45.265050671931505,45.265050671931505,1.0,0.01767004479543388,0.0,0.9823299552045661,1,0,0.0,0.0,0.0,1.0,0.0,0.01767004479543388,0.9823299552045661,0.0,0.0,0.0,8,0,2023,4,25,4,0,0,2,1,0,1,GRAVE_MORTALIDAD,2
6,1,12,0,4,0,-7.783802820403178,-77.60000323547219,0,4,7,1,7,2,2,0,6543.555,2.0,4,4,1.0,14,33,1198.0,0.4686292122960986,72.39347765706144,42.14285241633188,6.687776775372348,878.2652317159998,9440.374732334049,8931.828000000005,1335.5899999999997,1935.9830000000004,5660.255000000005,1219.309,7712.519000000005,13.651281686122925,2,1,0,0,1,47.50587974990742,47.50587974990742,47.50587974990742,1.0,0.0,0.0,0.0,1,0,0.0,0.0,0.0,0.8972317573502182,0.0,0.0,0.8972317573502182,0.1027682426497818,0.0,0.1027682426497818,17,1,2023,10,8,1,0,0,0,1,0,1,GRAVE_MORTALIDAD,2
6,1,4,0,4,1,-13.464894807194183,-74.59764558514387,1,4,0,0,2,1,0,4,1606.2099320427956,1.4834075617291007,1,3,0.8278025205763669,9,25,298.12464701648395,0.2896061148110947,77.16185154878964,41.780372804654675,4.615302829081151,307.1055282369525,3799.487151958252,12678.733000000004,1805.074000000001,1774.0339999999994,9099.625000000004,2485.375000000001,10193.358000000002,19.602707936195205,3,1,0,0,2,51.03945797325644,51.03945797325644,51.03945797325644,1.0,0.0,0.0,1.0,1,0,0.0,0.0,0.0,1.0,0.0,0.0,1.0,0.17219747942363306,0.17219747942363306,0.17219747942363306,4,0,2021,11,14,0,0,0,2,1,0,1,GRAVE_MORTALIDAD,2
1,1,14,2,2,4,-12.021511151905301,-77.04229359566723,0,1,1,1,2,2,2,2,6543.555,2.0,4,4,1.0,14,33,1198.0,0.7300036506368504,80.21724456394445,75.11639588359114,10.636845733066124,1559.041185521695,156759.78800856532,7626.313,1683.4029999999998,1599.0829999999996,4343.827000000001,1814.875,5811.438000000001,23.797541485643197,3,1,0,1,0,45.32672339041945,39.29295118654461,51.3604955942943,1.0,0.5690162711517969,0.0,0.0,1,0,0.0,0.0,0.43098372884820313,0.5690162711517969,0.43098372884820313,0.0,1.0,0.0,0.43098372884820313,0.43098372884820313,19,2,2023,2,17,2,0,0,0,1,0,1,GRAVE_MORTALIDAD,2
4,3,10,0,4,1,-13.387671879389869,-76.20179333036405,0,4,7,1,2,1,1,1,6639.975,2.0,2,0,1.0,9,31,1616.0,0.5736744275518083,81.67473861808857,68.1608574885675,9.138785887908334,865.1176766860625,26660.92933618844,3721.461,698.1859999999996,744.866,2278.409,1102.9029999999996,2618.558,29.636290693359403,8,3,0,0,4,48.220600786024214,36.68439216103466,59.04208104519538,1.0,0.0,0.0,0.48947973870115535,3,0,0.0,1.0,0.5105202612988446,0.5105202612988446,0.0,0.5105202612988446,1.0,0.0,0.0,0.0,6,0,2022,8,5,3,0,0,0,1,0,1,GRAVE_MORTALIDAD,2
3,2,19,0,4,0,-7.467661646350034,-76.46346892746224,6,3,7,1,2,1,1,2,6557.110872750276,2.0,3,3,1.0,13,32,1256.7674217964668,0.48686229865742553,71.7283306205127,56.07411794938453,7.4327771905934545,814.4485933783161,12462.258615269715,5374.682841807851,798.6422106847151,934.3070422932087,3641.733588829927,1025.9885549007615,4348.694286907089,19.594582646936374,6,2,0,0,4,44.36733636821985,36.140591918173364,52.59408081826634,1.0,0.0,0.0,1.0,2,0,0.0,0.0,0.0,0.8594080818266344,0.0,0.0,1.0,0.0,0.8594080818266344,1.0,9,1,2021,7,25,3,0,1,0,1,0,1,GRAVE_MORTALIDAD,2
4,1,12,0,3,2,-8.079005379089855,-79.08076373827139,0,2,4,1,2,2,2,1,6543.555,2.5752166584758136,2,1,1.0,5,31,1357.3350143978005,0.583006771156836,78.2441938961209,62.24037484511178,8.807312392374042,1028.2282118265089,76607.295503212,8931.828000000005,1335.5899999999997,1935.9830000000004,5660.255000000005,1219.309,7712.519000000005,13.651281686122925,4,1,0,0,3,27.01325830466535,22.699133366096746,31.32738324323395,1.0,0.0,0.0,0.0,1,0,0.0,0.5752166584758137,0.0,1.0,0.0,0.4247833415241863,0.5752166584758137,0.0,0.4247833415241863,0.0,4,0,2023,11,5,0,0,0,0,1,0,1,GRAVE_MORTALIDAD,2