CLASE SINIESTRO,CANTIDAD DE VEHICULOS DAÑADOS,DEPARTAMENTO,ZONA,TIPO DE VÍA,RED VIAL,COORDENADAS LATITUD,COORDENADAS  LONGITUD,CONDICIÓN CLIMÁTICA,ZONIFICACIÓN,CARACTERÍSTICAS DE VÍA,PERFIL LONGITUDINAL VÍA,SUPERFICIE DE CALZADA,¿EXISTE SEÑAL VERTICAL?,¿EXISTE SEÑAL HORIZONTAL?,CAUSA FACTOR PRINCIPAL,MTC_RVN_LONGITUD_KM,MTC_RVN_N_CARRILES_MEDIANA,MTC_RVN_SUPERFICIE_DOMINANTE,MTC_RVN_ESTADO_DOMINANTE,MTC_RVN_ES_CONCESIONADA,MTC_RVN_CONCESION_PRINCIPAL,MTC_RVN_CORREDOR_LOGISTICO,MTC_RVN_N_TRAMOS,IDH_2019,IDH_ESP_VIDA_2019,IDH_EDUC_SECUND_PCT_2019,IDH_ANIOS_EDUC_2019,IDH_INGRESO_PERCAP_2019,IDH_POBLACION_2019,MTC_DEP_RED_TOTAL_KM,MTC_DEP_NACIONAL_TOTAL_KM,MTC_DEP_DEPARTAMENTAL_TOTAL_KM,MTC_DEP_VECINAL_TOTAL_KM,MTC_DEP_PAV_TOTAL_KM,MTC_DEP_NO_PAV_TOTAL_KM,MTC_DEP_PCT_PAVIMENTADA,PER_TOTAL_PERSONAS,PER_N_CONDUCTORES,PER_N_CONDUCTORES_FUGADOS,PER_N_PEATONES,PER_N_PASAJEROS_OCUPANTES,PER_EDAD_COND_PROM,PER_EDAD_COND_MIN,PER_EDAD_COND_MAX,PER_ANY_COND_MASCULINO,PER_ANY_LIC_PROBLEMA,PER_ANY_DOSAJE_POS,PER_ANY_DOSAJE_EVALUADO,VEH_TOTAL,VEH_N_FUGADOS,VEH_ANY_FUGADO,VEH_ANY_CARGA,VEH_ANY_PUBLICO,VEH_ANY_PARTICULAR,VEH_ANY_MOTO,VEH_ANY_AUTO,VEH_ANY_CAMION_BUS,VEH_ANY_SOAT_PROBLEMA,VEH_ANY_CITV_PROBLEMA,VEH_ANY_SEGURO_PROBLEMA,HORA_NUM,FRANJA_HORARIA,ANIO,MES,DIA_MES,DIA_SEMANA,ES_FIN_SEMANA,ES_QUINCENA,REGION_NATURAL,TIENE_SEÑALIZACION,ES_VIA_MULTICARRIL,ES_DEPTO_BAJO_PAVIMENTO,CATEGORIA_SEVERIDAD,CATEGORIA_SEVERIDAD_ENC
3,2,3,0,4,1,-15.909473817518661,-71.1549263969667,0,4,7,0,2,0,1,0,1504.4250000000002,2.0,2,0,1.0,7,25,241.0,0.4498224071382834,81.63336343193146,58.84842497065013,5.774685730039019,620.6584683449911,1358.612419700214,10322.272,1495.236,1749.739,7077.2970000000005,2886.595,7435.677000000001,27.964725207783708,11,2,0,0,9,46.696120948140745,27.075739580933345,66.31650231534815,1.0,1.0,0.0,0.0,2,0,0.0,0.6582511576740727,0.6582511576740727,0.3417488423259273,0.0,1.0,1.0,0.0,0.0,0.0,4,0,2021,6,12,3,0,0,0,1,0,1,GRAVE_MORTALIDAD,2
6,1,4,0,4,1,-14.532599331025393,-73.94634327162053,0,4,0,0,2,1,0,2,2057.974192189379,1.449729069506132,1,0,0.816576356502044,4,27,133.7092116367915,0.34726287227157354,65.84126856197157,52.55240621670718,6.032399140113577,433.1019212325352,3159.945862785448,12678.733000000004,1805.074000000001,1774.0339999999994,9099.625000000004,2485.375000000001,10193.358000000002,19.602707936195205,30,1,0,0,29,43.432068991028615,43.432068991028615,43.432068991028615,1.0,0.0,0.0,1.0,1,0,0.0,0.0,0.816576356502044,0.18342364349795603,0.0,0.0,1.0,0.18342364349795603,0.18342364349795603,0.18342364349795603,5,0,2024,7,28,0,0,1,2,1,0,1,GRAVE_MORTALIDAD,2
3,1,9,0,4,1,-10.332586511680907,-76.19545973215303,6,4,0,1,1,2,2,1,9936.932,2.0,2,0,1.0,9,32,3830.0,0.2712359463858478,73.66956398157232,44.53054797708717,4.001705871516004,266.5669188972221,9874.476698152177,8214.001294379941,1333.492447660089,799.8028569262169,6080.705989793634,1060.9497572922562,7153.051537087685,12.915914674962782,5,2,0,0,3,41.945274014813094,40.95211476296146,42.93843326666473,1.0,0.0,0.0,0.0,2,0,0.0,0.0,0.0,1.0,0.0,0.0,1.0,0.0,0.0,0.0,9,1,2022,6,14,2,0,0,1,1,0,1,GRAVE_MORTALIDAD,2
6,1,12,0,4,1,-9.475108291146498,-78.13370137399464,0,3,7,1,1,2,2,2,881.8579225696825,2.0,2,0,1.0,5,15,155.46701786652173,0.659782888723025,79.70847851781896,74.84916741646185,9.90419773459333,1239.3721782303517,46244.09931110114,8322.129169987871,1498.0248852085263,1778.6446807688253,5045.45960401052,1497.4489626928876,6824.680207294984,18.3897662908702,3,1,0,0,2,58.86280346826084,58.86280346826084,58.86280346826084,1.0,1.0,0.0,0.0,1,0,0.0,0.0,0.0,1.0,0.0,1.0,0.4670178665217417,0.0,0.0,0.0,17,2,2022,4,13,0,0,0,0,1,0,1,GRAVE_MORTALIDAD,2
6,1,8,0,4,2,-12.890710543713988,-74.93308818899902,0,4,2,1,1,2,2,4,6543.555,2.0,4,4,1.0,14,33,1198.0,0.6115577679846016,69.4715106582134,81.41341310644326,10.846605635197736,1091.214473177582,41539.0278372591,8511.426,1445.3929999999996,2008.516,5057.516999999999,1879.579,6631.846999999998,22.08300935706896,4,1,0,0,3,28.514786005878406,28.514786005878406,28.514786005878406,1.0,0.0,0.0,0.0,1,0,0.0,0.0,0.0,1.0,0.0,0.31434825073480066,0.6856517492651993,0.0,0.6856517492651993,0.0,8,0,2022,8,21,0,0,1,2,1,0,1,GRAVE_MORTALIDAD,2
3,1,1,0,9,3,-9.368322955361423,-77.16525986930776,0,4,1,0,7,1,1,0,6543.555,2.0,4,4,1.0,14,33,1198.0,0.519088973413967,75.55587364294519,60.89898625441173,7.889269834635066,844.4312484749752,16426.41339392303,10767.648,1885.0630000000003,1222.721,7659.864000000001,2100.343,8667.305000000002,19.506051832303577,3,1,0,0,1,42.86861332928096,41.32116799756858,44.41605866099335,1.0,0.0,0.0,0.773722665856193,1,0,0.0,0.0,0.0,1.0,0.0,0.0,1.0,0.22627733414380702,0.773722665856193,1.0,11,2,2024,5,18,0,0,0,0,1,0,1,GRAVE_MORTALIDAD,2
3,1,3,0,4,1,-16.116368891459786,-71.6049379632944,0,3,0,0,2,2,2,0,1504.4250000000002,2.0,2,0,1.0,7,25,241.0,0.6005060748875158,78.21704200773246,77.40211893847457,8.994742794352394,996.014120858737,33335.45824411135,10322.272,1495.236,1749.739,7077.2970000000005,2886.595,7435.677000000001,27.964725207783708,6,2,0,0,4,37.53867609536162,33.472772680413286,41.60457951030996,1.0,0.0,0.0,1.0,2,0,0.0,1.0,0.0,0.8681931701033206,0.0,0.8681931701033206,1.0,0.0,0.0,0.0,9,1,2023,7,8,0,0,0,0,1,0,1,GRAVE_MORTALIDAD,2
5,1,20,0,4,1,-16.37665321323282,-69.21849345973057,0,4,7,1,2,0,1,2,7586.903,2.0,2,0,1.0,9,5,1198.0,0.3078031481180133,73.02151206633938,68.38063423812527,6.016328836117597,237.40056785101626,14190.10230625949,13642.312999999998,2020.7790000000005,2354.117,9267.416999999998,3314.0520000000006,10328.260999999997,24.29244952817019,3,1,0,0,1,30.451829022212152,30.338871766659114,30.56478627776519,0.11295725555303815,1.0,0.0,0.0,1,0,0.0,0.0,0.11295725555303815,1.0,0.11295725555303815,1.0,0.0,0.0,1.0,0.0,10,1,2021,1,14,5,0,0,2,1,0,1,GRAVE_MORTALIDAD,2
3,1,19,0,4,1,-5.178086277977663,-80.36445614165744,0,4,5,1,2,1,1,0,2745.862892580768,2.275024772487798,2,0,1.0,0,22,523.8325015039907,0.47584232280619737,75.28225008550208,61.499338423683916,6.899405879911735,710.1344989372061,75998.41252569838,8965.846000060003,1782.4120000599992,636.9959999999999,6546.438000000004,2214.505000059999,6751.341000000004,24.699342371541725,6,2,0,0,3,32.150148634926786,20.62487613756101,43.67542113229256,1.0,0.2750247724877978,0.2750247724877978,1.0,2,0,0.7249752275122022,0.0,1.0,1.0,1.0,0.0,0.2750247724877978,1.0,0.7249752275122022,0.7249752275122022,11,1,2021,7,5,2,0,0,0,1,0,1,GRAVE_MORTALIDAD,2
3,1,3,1,4,0,-16.519827976746672,-71.78584232175548,0,3,7,0,2,0,1,0,6618.414271199592,2.0,2,0,1.0,10,31,1522.5299249266661,0.6105481451420971,78.10653088113892,68.35418098658066,8.411557426919764,1158.5430895193692,35025.678800856535,10322.272,1495.236,1749.739,7077.2970000000005,2886.595,7435.677000000001,27.964725207783708,5,1,0,0,3,49.0,49.0,49.0,1.0,0.22361261979266478,0.0,0.0,1,0,0.0,0.0,0.0,1.0,0.0,1.0,0.0,0.0,0.0,0.0,12,3,2022,1,15,5,1,0,0,1,0,1,GRAVE_MORTALIDAD,2
3,2,12,0,4,1,-7.391942668205519,-79.55444829304221,0,4,7,1,2,2,2,1,6543.555,3.0,2,0,1.0,0,30,1475.0,0.5968586479601472,81.56479096531379,74.23398565025978,9.72444636404026,898.7633596995952,27553.955032119917,8931.828000000005,1335.5899999999997,1935.9830000000004,5660.255000000005,1219.309,7712.519000000005,13.651281686122925,3,2,0,0,1,40.071290818829745,33.85709693960992,46.28548469804958,1.0,0.14290306039008416,0.0,0.0,2,0,0.0,0.0,0.0,1.0,1.0,0.8570969396099158,0.14290306039008416,0.0,0.8570969396099158,0.14290306039008416,16,1,2023,2,27,5,1,1,0,1,1,1,GRAVE_MORTALIDAD,2
5,1,11,0,4,0,-11.339365223482707,-75.60554648991265,0,4,5,1,7,2,2,0,6543.555,2.0,4,4,1.0,14,33,1198.0,0.29702390856315547,76.73447748562356,47.986656699375644,4.9597419118958515,267.80132449953044,5006.40187756249,12264.545,1826.4639999999995,1105.5389999999998,9332.542,1588.5359999999996,10676.009,12.952261987705208,2,1,0,0,1,28.713838739584517,28.622392289167898,28.805285190001136,1.0,0.18289290083323873,0.0,0.8171070991667613,1,0,0.0,0.0,0.0,0.18289290083323873,1.0,0.18289290083323873,0.0,1.0,1.0,0.18289290083323873,13,2,2021,8,18,1,0,1,2,1,0,1,GRAVE_MORTALIDAD,2
6,1,5,0,4,2,-5.5076279883209445,-79.0982801934537,0,4,0,0,1,2,2,2,6543.555,2.0,4,4,1.0,14,33,1198.0,0.3256915800762349,74.87278134429262,42.93408090117704,5.215150394179872,354.12901130308103,8011.443710743969,15935.565011852366,1733.9250000199986,935.692,13265.948011832368,2000.1670000199988,13935.398011832369,12.551591352627522,2,1,0,0,1,42.76236293780558,42.76236293780558,42.76236293780558,1.0,0.4483464705246336,0.0,1.0,1,0,0.0,0.4483464705246336,0.0,0.5516535294753664,0.0,0.0,1.0,0.0,0.5516535294753664,0.0,15,2,2023,8,11,5,1,0,2,1,0,1,GRAVE_MORTALIDAD,2
3,2,7,0,4,1,-13.59337294371585,-71.7846244132408,0,2,7,1,2,1,1,2,7586.903,2.0,2,0,1.0,9,5,1198.0,0.5065580412535501,64.79370905469777,77.15417383818448,8.35812941450031,844.3117831870799,8658.316916488222,17779.13499998999,2097.3709999899997,2863.123,12818.640999999989,2878.713,14900.421999989989,16.19152450331032,3,2,0,0,1,45.14776918356386,34.67716584283323,55.61837252429448,1.0,0.0,0.0,0.5107611385722255,2,0,0.0,0.4892388614277745,0.0,0.5107611385722255,0.5107611385722255,0.0,1.0,0.0,0.5107611385722255,0.5107611385722255,10,1,2022,7,9,1,0,0,2,1,0,1,GRAVE_MORTALIDAD,2
3,1,5,0,4,1,-6.673040932716757,-78.52022382563442,0,4,1,0,1,1,1,1,9198.028553236441,2.0,2,0,1.0,10,32,3256.885408876854,0.3484871558022944,76.33677469666252,53.28672218475212,4.131981838863427,447.1658531581213,76209.5845824411,15935.565011852366,1733.9250000199986,935.692,13265.948011832368,2000.1670000199988,13935.398011832369,12.551591352627522,3,1,0,0,1,24.26623057251033,18.79047150634848,29.741989638672177,1.0,1.0,0.0,0.782251295165978,1,0,0.0,1.0,0.0,0.782251295165978,0.782251295165978,0.0,1.0,0.782251295165978,0.782251295165978,0.782251295165978,17,1,2023,2,18,4,0,1,2,1,0,1,GRAVE_MORTALIDAD,2
6,1,4,0,4,0,-14.992884004411714,-73.37159969328293,0,4,0,0,1,2,2,2,6543.555,2.0,4,4,1.0,14,33,1198.0,0.45716716359857323,73.1948317569384,56.67973002678533,7.2779279489245265,676.8943625198516,653.8306322046548,12678.733000000004,1805.074000000001,1774.0339999999994,9099.625000000004,2485.375000000001,10193.358000000002,19.602707936195205,4,1,0,0,3,41.391508352397786,41.391508352397786,41.391508352397786,1.0,0.9216983295204425,0.0,1.0,1,0,0.0,0.0,0.0,1.0,0.0,0.0783016704795575,0.9216983295204425,0.0783016704795575,0.0783016704795575,0.0,3,0,2021,11,27,0,0,1,2,1,0,1,GRAVE_MORTALIDAD,2
4,1,14,0,4,1,-11.182061236573698,-77.56765751783658,0,4,7,0,2,1,1,1,6543.555,3.0,2,0,1.0,0,30,1475.0,0.7327345537337897,78.20903814342847,76.31492653513806,13.642917835589472,1405.6698219039215,62016.21841541756,7626.313,1683.4029999999998,1599.0829999999996,4343.827000000001,1814.875,5811.438000000001,23.797541485643197,6,1,0,0,5,38.58044321410048,35.42656817464434,41.73431825355661,1.0,0.0,0.0,0.5734318253556611,1,0,0.0,0.0,0.5734318253556611,1.0,0.0,1.0,0.5734318253556611,0.0,0.0,0.0,4,0,2022,3,15,5,1,0,0,1,1,1,GRAVE_MORTALIDAD,2
9,1,17,2,2,3,-5.57629267199141,-80.43769374257235,0,3,8,1,2,2,2,0,6543.555,2.098344921590213,3,3,1.0,12,32,1225.241543280489,0.6569998662342504,78.73102712160122,76.98910428433652,11.263505312595036,1124.933359817093,178564.6025191646,9143.04407646519,1792.5072046002556,694.5990791984275,6655.937792666508,2203.2777471155164,6939.766329349675,24.188608620665153,2,1,0,0,0,24.458623039755327,24.065243353394475,24.85200272611618,1.0,0.9016550784097869,0.9016550784097869,0.9016550784097869,1,0,0.0,0.09834492159021313,0.0,0.9016550784097869,0.9016550784097869,0.0,0.09834492159021313,0.0,0.9016550784097869,0.0,18,1,2023,4,1,2,0,0,0,1,0,1,GRAVE_MORTALIDAD,2
4,1,13,2,3,2,-10.373871416991069,-77.89525578216745,0,1,7,1,2,2,2,0,6596.65594818244,2.0,2,1,1.0,11,31,1428.2032393721204,0.738928818179738,79.71389366175299,76.9855581720355,11.619071993827413,1534.8087954489035,332576.04279918683,8212.847660170113,1527.1394719993664,1750.4435948696953,4935.264593301052,1547.3023551672159,6665.545305002897,19.23908521090926,3,2,0,0,0,33.7101563426069,31.507254530433503,35.9130581547803,1.0,0.4492745469566498,0.0,0.0,2,0,0.0,0.0,0.0,1.0,0.4492745469566498,0.5507254530433502,0.0,0.0,0.0,0.5507254530433502,14,2,2023,10,19,5,1,1,0,1,0,1,GRAVE_MORTALIDAD,2
3,1,5,1,4,1,-7.115728419287152,-78.4636471284102,6,4,5,1,5,2,2,0,2985.936247184835,1.0595028014869894,1,3,0.059502801486989276,9,32,1207.40497198513,0.4862930045182111,74.14694223807977,64.69927515018233,6.59735951492823,775.275562763199,48150.58545150011,15935.565011852366,1733.9250000199986,935.692,13265.948011832368,2000.1670000199988,13935.398011832369,12.551591352627522,3,1,0,0,2,34.17850840446097,33.94049719851301,34.357016808921934,0.9404971985130107,0.9404971985130107,0.0,0.0,1,0,0.0,0.059502801486989276,0.0,0.9404971985130107,0.9404971985130107,0.0,0.059502801486989276,0.9404971985130107,1.0,0.9404971985130107,13,2,2022,7,30,6,1,1,2,1,0,1,GRAVE_MORTALIDAD,2
6,1,11,0,4,1,-11.800347887378907,-75.5355786133609,0,4,0,1,2,0,1,2,7586.903,2.0,2,0,1.0,9,5,1198.0,0.4755772658551413,69.16812138940581,72.31466182092439,7.932512551405247,680.2494501842233,942.2689931382141,12264.545,1826.4639999999995,1105.5389999999998,9332.542,1588.5359999999996,10676.009,12.952261987705208,5,1,0,0,3,32.037643438247144,32.037643438247144,32.037643438247144,0.047165610829415616,0.0,0.0,1.0,1,0,0.9528343891705844,0.0,0.0,1.0,0.0,0.9528343891705844,0.047165610829415616,0.0,0.0,0.9528343891705844,15,3,2022,8,24,3,0,0,2,1,0,1,GRAVE_MORTALIDAD,2
3,1,5,1,4,1,-7.136809493578096,-78.4715035542821,4,4,5,1,4,1,1,0,3666.1772403226937,1.2393322865473586,1,3,0.2393322865473586,10,32,1205.6066771345263,0.4873182795359782,74.24096566709692,64.6877883123536,6.6248391576573376,776.4319899416191,48280.91862955032,15935.565011852366,1733.9250000199986,935.692,13265.948011832368,2000.1670000199988,13935.398011832369,12.551591352627522,2,1,0,0,1,38.78664573094717,38.78664573094717,38.78664573094717,1.0,1.0,0.0,0.0,1,0,0.0,0.0,0.2393322865473586,0.7606677134526414,1.0,0.0,0.0,1.0,0.7606677134526414,0.7606677134526414,14,3,2021,7,26,5,0,0,2,1,0,1,GRAVE_MORTALIDAD,2
4,1,12,2,2,2,-6.672933144544972,-79.83760823982372,0,3,7,1,2,2,2,0,6543.555,2.3758865799543454,3,2,1.0,8,31,1302.1205826473538,0.6536015871156673,78.70272675203556,76.0533886669059,11.064086825518242,1127.0672321799357,177602.9913955396,9643.119191572348,1820.9971333563399,857.1621670437589,6964.95989117225,2171.5930362966983,7471.526155275651,22.747254152038238,2,1,0,0,0,36.39007185922387,34.88652553940649,37.893618179041255,1.0,0.0,0.6241134200456544,0.6241134200456544,1,0,0.0,0.3758865799543456,0.0,0.6241134200456544,0.6241134200456544,0.0,0.3758865799543456,0.6241134200456544,0.6241134200456544,0.6241134200456544,4,0,2022,3,18,3,0,0,0,1,0,1,GRAVE_MORTALIDAD,2
4,1,6,1,4,1,-10.772346152234604,-76.0092466623295,0,4,3,0,1,1,1,2,7092.276477995595,2.0,2,1,1.0,11,18,1198.0,0.5563774842369664,77.00938809632027,69.10246351364754,8.476961866273152,914.8835608305218,27932.19700214133,8630.548906428037,1307.6429385984272,1600.503611806705,5722.402356022905,1331.52745122225,7299.021455205787,15.485800659177826,5,1,0,0,3,48.10741945259322,42.58522022572572,53.62961867946071,1.0,0.47407626410785764,0.0,0.0,1,0,0.0,0.47407626410785764,0.5259237358921424,0.5259237358921424,0.5259237358921424,0.0,1.0,0.0,0.0,0.0,13,1,2023,3,12,4,0,0,1,1,0,1,GRAVE_MORTALIDAD,2
3,2,18,0,4,1,-5.615320346186241,-80.42479498670765,0,3,0,1,2,1,0,1,6543.555,3.0,2,0,1.0,0,30,1475.0,0.5133270227499666,78.15635579667615,62.481611688624405,7.836446783381457,768.6659074155407,76268.88914205441,8961.617056722767,1726.8653801308194,798.479403172307,6436.272273419642,2090.7873362857226,6870.829720437046,23.32590411701293,6,2,0,0,4,37.43236154310421,18.616093341380623,56.24862974482779,1.0,1.0,0.875685127586106,0.875685127586106,2,0,0.0,0.12431487241389405,1.0,0.875685127586106,1.0,0.0,1.0,0.875685127586106,0.0,0.12431487241389405,19,2,2021,2,3,0,0,0,0,1,1,1,GRAVE_MORTALIDAD,2
6,1,5,0,4,2,-7.058979620439164,-78.75180698134007,0,4,5,0,1,2,2,2,6543.555,2.0,4,4,1.0,14,33,1198.0,0.31629423694356157,73.42237590577483,57.959022190765694,4.414759048294918,333.48140088951044,4237.054436513517,15935.565011852366,1733.9250000199986,935.692,13265.948011832368,2000.1670000199988,13935.398011832369,12.551591352627522,2,1,0,0,1,44.0,44.0,44.0,1.0,0.27143086427605323,0.0,1.0,1,0,0.0,0.0,0.0,1.0,0.0,1.0,0.0,0.0,1.0,0.0,12,1,2024,11,24,3,0,0,2,1,0,1,GRAVE_MORTALIDAD,2
3,2,7,0,4,1,-15.404493406903997,-71.07860520462037,0,4,0,0,2,0,1,2,568.5409999999999,1.0,2,3,0.0,9,3,93.0,0.4219375409023224,68.53573613569114,64.03742439106546,6.223804955990505,606.4328683126178,1203.8803128645804,17779.13499998999,2097.3709999899997,2863.123,12818.640999999989,2878.713,14900.421999989989,16.19152450331032,4,2,0,0,2,33.51666083074588,32.981487965837914,34.05183369565383,1.0,0.0,0.0,0.0,2,0,0.0,0.003702406832416849,0.9962975931675832,1.0,0.0,0.003702406832416849,1.0,0.0,0.9962975931675832,0.0,2,0,2022,9,14,5,1,0,2,1,0,1,GRAVE_MORTALIDAD,2
6,1,12,1,4,1,-11.501795411804563,-74.29499152986509,5,4,5,1,6,2,2,0,789.0577958691089,2.0,1,0,0.0,9,11,227.90629022094444,0.5823825888340004,75.37553165407525,65.89952887045312,9.049204711262778,1040.2753540935134,25137.87893403315,12488.516627573714,1858.0520807305625,1308.5093453794343,9321.955201463716,1869.0379618139514,10619.478665759761,14.795736549771604,5,1,0,0,4,47.42365346950887,47.42365346950887,47.42365346950887,1.0,0.1625612059314151,0.0,0.1625612059314151,1,0,0.0,0.0,0.0,1.0,0.0,0.8374387940685849,0.1625612059314151,0.1625612059314151,0.1625612059314151,0.0,9,1,2022,4,2,6,1,0,2,1,0,1,GRAVE_MORTALIDAD,2
3,2,20,0,4,1,-15.573672843783166,-70.26029540832502,0,4,7,0,2,2,2,2,1594.7469346641901,2.0,1,0,0.650477198830602,7,27,326.2835634853331,0.36926655197784986,73.93599068776612,70.23986216620747,6.655659092984345,379.3101567779284,4861.942941118963,13642.312999999998,2020.7790000000005,2354.117,9267.416999999998,3314.0520000000006,10328.260999999997,24.29244952817019,11,2,0,0,8,41.57762459356831,37.3009543976612,46.55334039181422,1.0,0.0,0.0,0.34952280116939805,2,0,0.0,0.34952280116939805,0.34952280116939805,0.650477198830602,0.0,0.650477198830602,1.0,0.650477198830602,0.34952280116939805,1.0,18,2,2022,6,8,4,0,0,2,1,0,1,GRAVE_MORTALIDAD,2
6,1,3,0,4,0,-13.64845522487554,-73.72899625267877,2,4,2,0,2,2,2,1,6543.555,2.0,4,4,1.0,14,33,1198.0,0.2992747896873089,64.21196687568955,69.60201221844369,5.629892837490541,292.0679539528535,1068.030820355269,8407.10426483916,1333.8952323270628,1522.3912892904207,5550.817743221675,1573.7775100099122,6833.326754829247,18.700247155201495,2,1,0,0,1,39.3672592060983,39.3672592060983,39.3672592060983,1.0,0.0,0.0,0.0,1,0,0.0,0.0,0.0,1.0,0.0,1.0,0.0,0.0,0.0,0.0,15,1,2021,2,12,0,0,0,2,1,0,1,GRAVE_MORTALIDAD,2
5,1,3,0,4,1,-7.279929128746019,-77.24732541727799,0,4,1,1,1,2,2,0,2411.1500432586345,1.208637080877114,1,3,0.0,9,30,1169.8194141994882,0.49692119827063463,73.5109136526519,58.11574059346159,6.878769997386004,862.140935890683,1605.3657637379954,3856.4523052449954,1031.9137100813143,652.9975941509474,2171.541001012734,870.0019892925905,2986.4503159524056,22.481035689277356,2,1,0,0,1,43.122266272105975,42.91362919122886,43.330903352983086,1.0,0.0,0.0,0.20863708087711408,1,0,0.0,0.20863708087711408,0.0,1.0,0.0,0.0,1.0,0.0,0.0,0.0,10,1,2021,3,26,3,0,1,1,1,0,1,GRAVE_MORTALIDAD,2
2,1,14,2,4,1,-12.184684120980764,-76.97636703885475,0,1,7,1,2,1,1,0,6639.975,2.0,2,0,1.0,9,31,1616.0,0.7722197297619265,80.03644012299628,77.3969451960991,12.004389192097157,1695.7981209804318,341999.51538694673,7626.313,1683.4029999999998,1599.0829999999996,4343.827000000001,1814.875,5811.438000000001,23.797541485643197,4,3,0,0,0,36.48616732752721,32.16672799366606,40.80560666138838,1.0,0.3194393338611622,0.0,0.0,3,0,0.0,0.0,0.0,1.0,0.0,1.0,0.3194393338611622,0.0,0.3194393338611622,0.6805606661388378,9,2,2023,7,21,5,0,1,0,1,0,1,GRAVE_MORTALIDAD,2
6,1,8,0,4,1,-14.23585661830509,-72.87305877427686,0,4,7,1,5,2,2,2,1706.3978035504972,1.2995563196148971,1,0,0.29955631961489726,8,29,336.4534135595642,0.3179768158926565,77.27671523576677,64.40986953171384,5.403567446194354,262.25535447490614,1155.8807715406954,12967.379478454524,1869.6897959225323,1947.801528551168,9149.888153980824,2733.610432269515,10233.769046185009,21.00754966743214,2,1,0,0,1,27.09689423730428,27.09689423730428,27.09689423730428,1.0,0.0,0.7004436803851027,0.7004436803851027,1,0,0.0,0.7004436803851027,0.0,0.29955631961489726,0.0,0.0,1.0,0.0,0.7004436803851027,0.0,16,3,2024,6,8,3,0,0,2,1,0,1,GRAVE_MORTALIDAD,2
3,2,11,0,4,1,-12.368907633365891,-76.77658290085293,0,4,3,0,2,2,2,2,3799.334734004829,1.9154876343324267,1,1,0.4577438171662134,4,22,821.5812996852871,0.6637803962992934,79.4958660206498,73.23679292740654,11.879757496334756,1152.5654965038193,64515.448133394915,5508.882859949123,1149.162990317045,1135.878550268271,3223.8413193638066,1428.803780995463,4080.0790789536595,26.963639343543182,7,2,0,0,5,41.58451236566757,38.25353709700272,44.91548763433243,1.0,0.0,0.0,0.4577438171662134,2,0,0.0,0.5422561828337866,1.0,0.4577438171662134,0.0,1.0,1.0,0.0,0.5422561828337866,0.0,7,0,2022,3,12,3,0,0,0,1,0,1,GRAVE_MORTALIDAD,2
3,1,2,1,4,1,-15.975767671612877,-73.07242096896479,0,0,6,0,2,1,1,0,6630.761191196338,2.0,2,0,1.0,9,31,1576.0562945454158,0.6345262703649633,83.8266624072653,68.77709090569826,8.901037110483049,1130.5807184549085,16539.78855601394,10364.831731484548,1532.4875188187661,1699.3776321500861,7132.9665805156965,2811.4614633945507,7553.370268089997,27.1564219593466,41,2,0,0,39,53.94884985645831,36.573354623750014,71.32434508916661,1.0,0.0,0.0,0.09555910395833522,2,0,0.0,0.0,0.9044408960416648,1.0,0.0,0.9044408960416648,1.0,0.0,0.09555910395833522,0.09555910395833522,17,2,2025,2,26,2,0,1,0,1,0,1,GRAVE_MORTALIDAD,2
0,1,11,2,4,1,-14.642850813232531,-75.13150688004046,0,3,7,0,2,1,1,0,6630.154280209555,2.0,2,0,1.0,9,31,1573.425213934802,0.6237771067325903,80.20350560511316,76.45317259334877,9.41360548771226,1051.205182494231,31728.72582928921,3612.3871481469528,691.309560929139,718.6382002734,2202.4393869444134,1099.419506559292,2512.9676415876606,30.724431304703124,3,1,0,1,0,27.731510438058287,27.731510438058287,27.731510438058287,1.0,0.10185355517989925,0.0,0.8981464448201008,1,0,0.0,0.0,0.0,0.8981464448201008,0.10185355517989925,0.8981464448201008,0.0,0.10185355517989925,0.10185355517989925,0.10185355517989925,20,2,2022,10,26,3,0,1,0,1,0,1,GRAVE_MORTALIDAD,2