CLASE SINIESTRO,CANTIDAD DE VEHICULOS DAÑADOS,DEPARTAMENTO,ZONA,TIPO DE VÍA,RED VIAL,COORDENADAS LATITUD,COORDENADAS  LONGITUD,CONDICIÓN CLIMÁTICA,ZONIFICACIÓN,CARACTERÍSTICAS DE VÍA,PERFIL LONGITUDINAL VÍA,SUPERFICIE DE CALZADA,¿EXISTE SEÑAL VERTICAL?,¿EXISTE SEÑAL HORIZONTAL?,CAUSA FACTOR PRINCIPAL,MTC_RVN_LONGITUD_KM,MTC_RVN_N_CARRILES_MEDIANA,MTC_RVN_SUPERFICIE_DOMINANTE,MTC_RVN_ESTADO_DOMINANTE,MTC_RVN_ES_CONCESIONADA,MTC_RVN_CONCESION_PRINCIPAL,MTC_RVN_CORREDOR_LOGISTICO,MTC_RVN_N_TRAMOS,IDH_2019,IDH_ESP_VIDA_2019,IDH_EDUC_SECUND_PCT_2019,IDH_ANIOS_EDUC_2019,IDH_INGRESO_PERCAP_2019,IDH_POBLACION_2019,MTC_DEP_RED_TOTAL_KM,MTC_DEP_NACIONAL_TOTAL_KM,MTC_DEP_DEPARTAMENTAL_TOTAL_KM,MTC_DEP_VECINAL_TOTAL_KM,MTC_DEP_PAV_TOTAL_KM,MTC_DEP_NO_PAV_TOTAL_KM,MTC_DEP_PCT_PAVIMENTADA,PER_TOTAL_PERSONAS,PER_N_CONDUCTORES,PER_N_CONDUCTORES_FUGADOS,PER_N_PEATONES,PER_N_PASAJEROS_OCUPANTES,PER_EDAD_COND_PROM,PER_EDAD_COND_MIN,PER_EDAD_COND_MAX,PER_ANY_COND_MASCULINO,PER_ANY_LIC_PROBLEMA,PER_ANY_DOSAJE_POS,PER_ANY_DOSAJE_EVALUADO,VEH_TOTAL,VEH_N_FUGADOS,VEH_ANY_FUGADO,VEH_ANY_CARGA,VEH_ANY_PUBLICO,VEH_ANY_PARTICULAR,VEH_ANY_MOTO,VEH_ANY_AUTO,VEH_ANY_CAMION_BUS,VEH_ANY_SOAT_PROBLEMA,VEH_ANY_CITV_PROBLEMA,VEH_ANY_SEGURO_PROBLEMA,HORA_NUM,FRANJA_HORARIA,ANIO,MES,DIA_MES,DIA_SEMANA,ES_FIN_SEMANA,ES_QUINCENA,REGION_NATURAL,TIENE_SEÑALIZACION,ES_VIA_MULTICARRIL,ES_DEPTO_BAJO_PAVIMENTO,CATEGORIA_SEVERIDAD,CATEGORIA_SEVERIDAD_ENC
5,1,13,0,4,1,-7.144129348883833,-79.50128500379573,0,4,6,1,2,2,2,0,6621.9995671864,2.935424824448534,2,0,1.0,0,29,1517.4904655128644,0.5596339818528944,80.2553229220289,65.27698955731353,8.982536748404007,851.8882188756327,16624.03733521715,3473.7315069981805,518.2600855691862,704.0066690924135,2251.4647523365807,696.0917779794977,2777.639729018683,20.054843128054678,2,1,0,0,1,22.260131144301305,20.77490210661759,23.035033250918893,1.0,0.0,0.0,0.0,1,0,0.0,0.06457517555146586,0.06457517555146586,1.0,1.0,0.0,0.06457517555146586,1.0,0.06457517555146586,1.0,4,0,2022,2,23,3,0,1,0,1,0,1,GRAVE_MORTALIDAD,2
6,1,7,0,4,0,-13.108135010636039,-71.55788218646636,0,4,0,0,1,2,2,2,6543.555,2.0,4,4,1.0,14,33,1198.0,0.3570451126111217,62.77800812179929,65.5497205913917,5.9524890878143015,446.74371851453833,5313.256038213311,17779.13499998999,2097.3709999899997,2863.123,12818.640999999989,2878.713,14900.421999989989,16.19152450331032,3,1,0,0,1,67.37390959680909,67.37390959680909,67.37390959680909,1.0,1.0,0.0,0.0,1,0,0.0,0.0,0.0,1.0,0.0,1.0,0.0,0.0,0.9798035353809381,0.0,21,2,2023,6,6,4,0,0,2,1,0,1,GRAVE_MORTALIDAD,2
3,1,19,0,4,1,-5.147391509729965,-80.46091045506307,0,4,7,1,2,2,2,0,1305.18,2.0,2,0,1.0,1,20,163.0,0.6220812987247925,80.20155828147696,72.71675503872983,10.02377668600292,1028.915688621886,159840.92719486082,8965.846000060003,1782.4120000599992,636.9959999999999,6546.438000000004,2214.505000059999,6751.341000000004,24.699342371541725,5,2,0,0,3,30.59151226146373,28.0,33.18302452292746,1.0,0.13144716921416233,0.0,1.0,2,0,0.0,0.13144716921416233,0.8685528307858377,1.0,0.0,1.0,1.0,0.0,0.13144716921416233,0.0,14,2,2022,1,6,4,0,0,0,1,0,1,GRAVE_MORTALIDAD,2
3,1,5,0,4,1,-7.16306692754835,-78.65979091383453,3,4,5,0,2,0,1,0,892.8128260331785,2.0,2,0,0.8260391123037745,8,15,165.95953592486222,0.31025994331689594,71.77571911557968,43.353618828424715,4.641841004375353,364.1088786191296,5257.653875380803,15935.565011852366,1733.9250000199986,935.692,13265.948011832368,2000.1670000199988,13935.398011832369,12.551591352627522,12,1,0,0,10,39.71827642238017,37.653178641620734,41.78337420313961,1.0,0.0,0.0,0.0,1,0,0.0,0.0,1.0,0.8260391123037745,0.0,0.8260391123037745,1.0,0.0,0.8260391123037745,0.0,7,1,2022,4,15,0,0,0,2,1,0,1,GRAVE_MORTALIDAD,2
3,2,11,0,4,1,-11.379865267731578,-74.49758592643201,0,4,0,0,2,2,2,1,1337.175,1.0,1,3,0.0,9,32,315.0,0.3570817332180048,73.74932476832508,43.805659202757695,6.484925788605561,398.3541927461293,66993.35796966725,12264.545,1826.4639999999995,1105.5389999999998,9332.542,1588.5359999999996,10676.009,12.952261987705208,4,2,0,0,2,29.176624617588597,24.769017583991857,33.58423165118534,1.0,0.046196483201628835,0.0,1.0,2,0,0.0,0.0,0.0,1.0,1.0,0.0,1.0,1.0,0.046196483201628835,0.0,13,2,2021,3,22,0,0,1,2,1,0,1,GRAVE_MORTALIDAD,2
4,1,10,0,4,1,-9.601121656168681,-77.4882256828673,0,4,5,0,1,2,2,1,6543.555,2.579596727412674,2,1,1.0,5,31,1358.5482934933107,0.4498437101302621,76.0869250154134,56.54716460722614,6.09280804139607,686.7830205515206,24714.602195143678,8755.089623397746,1381.7515405399058,1966.4761105705768,5406.861972287263,1496.8886687912336,7258.200954606511,17.196007592553748,7,1,0,0,6,43.76737872818238,37.6816130903493,49.85314436601546,1.0,0.579596727412674,0.0,0.0,1,0,0.0,0.0,1.0,0.0,1.0,0.0,0.579596727412674,0.0,0.0,0.579596727412674,8,1,2023,7,5,3,0,0,0,1,0,1,GRAVE_MORTALIDAD,2
6,1,1,0,4,2,-8.696923376642273,-77.45922388572036,0,4,0,0,1,2,2,0,6543.555,2.0,4,4,1.0,14,33,1198.0,0.13327526667423145,76.15734432004275,34.01322167234631,3.1586338284147324,74.20467295452565,6302.068910631956,10767.648,1885.0630000000003,1222.721,7659.864000000001,2100.343,8667.305000000002,19.506051832303577,15,1,0,0,14,56.09747935480535,56.09747935480535,56.09747935480535,1.0,0.0873949731168896,0.0,0.0,1,0,0.0,0.0,1.0,0.0,0.0873949731168896,0.0,0.9126050268831104,0.0,0.0,0.0,16,3,2022,3,21,2,0,1,0,1,0,1,GRAVE_MORTALIDAD,2
6,1,8,0,4,2,-12.951456586656619,-74.9583320928443,1,4,4,1,2,2,2,0,6543.555,2.0,4,4,1.0,14,33,1198.0,0.4337196471977569,68.72073841662453,52.02134772743255,6.123459498892661,814.0104793004975,2106.161893669707,8511.426,1445.3929999999996,2008.516,5057.516999999999,1879.579,6631.846999999998,22.08300935706896,2,1,0,0,1,27.143189488132542,27.143189488132542,27.143189488132542,1.0,0.0,0.0,0.0,1,0,0.0,0.0,0.0,1.0,0.0,1.0,0.0,0.0,0.0,0.0,4,0,2023,9,12,5,0,0,2,1,0,1,GRAVE_MORTALIDAD,2
3,1,10,0,4,1,-11.410630333940281,-75.94640280535147,4,4,0,0,1,1,1,1,9936.932,2.0,2,0,1.0,9,32,3830.0,0.5999094792357733,75.74321063893305,72.7755024030464,9.12113074443965,1063.3076502800448,1504.300449170295,12254.002482227866,1826.8767077540597,1106.364302821486,9320.761471652319,1592.1406130050377,10661.861869222828,12.998419770045283,3,1,0,0,1,35.147901207106976,21.246502011844964,49.04930040236899,1.0,0.0,0.0,0.0070429146241418605,1,0,0.0,0.9929570853758581,0.9929570853758581,0.0070429146241418605,0.0,0.0,1.0,0.0,0.0,0.0,5,0,2022,2,1,2,0,0,1,1,0,1,GRAVE_MORTALIDAD,2
6,1,3,0,4,2,-15.958503083763485,-72.86489604415712,1,4,1,0,6,2,2,0,6543.555,2.0,4,4,1.0,14,33,1198.0,0.5274438369196375,81.78158870428942,63.731705447400095,8.665316004221648,731.0789059207041,7918.2664322936,10322.272,1495.236,1749.739,7077.2970000000005,2886.595,7435.677000000001,27.964725207783708,3,1,0,0,2,45.94289719683835,45.94289719683835,45.94289719683835,1.0,0.8054960460322443,0.0,0.19450395396775566,1,0,0.0,0.0,0.19450395396775566,0.8054960460322443,0.0,0.0,0.19450395396775566,0.8054960460322443,0.0,0.8054960460322443,13,2,2022,3,6,4,0,0,0,1,0,1,GRAVE_MORTALIDAD,2
5,0,12,2,2,4,-8.434391105301982,-78.86713993081257,0,0,4,0,2,2,2,2,6543.555,2.0,4,4,1.0,14,33,1198.0,0.7184361548680245,79.59568124447402,77.21808612228831,11.78316689281077,1399.8178156937897,331437.49300169735,8831.570082228409,1362.3005373388214,1910.1105339637998,5559.159010925788,1265.045898507913,7566.524183720496,14.430470650378064,2,1,0,0,1,36.34723668356276,36.15524747284593,36.539225894279596,1.0,1.0,0.076795684286734,0.076795684286734,1,0,0.0,0.0,0.0,1.0,1.0,0.076795684286734,0.0,0.923204315713266,0.076795684286734,0.923204315713266,5,0,2021,8,20,2,0,0,0,1,0,1,GRAVE_MORTALIDAD,2
3,2,10,0,4,1,-15.062575853212019,-74.9623343956718,4,3,7,1,2,1,1,2,6639.975,2.0,2,0,1.0,9,31,1616.0,0.5563774842369664,77.00938809632027,69.10246351364754,8.476961866273152,914.8835608305218,27932.19700214133,3721.461,698.1859999999996,744.866,2278.409,1102.9029999999996,2618.558,29.636290693359403,3,2,0,0,1,38.516501271235256,37.13706031910031,39.89594222337021,1.0,0.0,0.4137060319100304,1.0,2,0,0.0,0.5862939680899696,0.4137060319100304,1.0,0.0,0.5862939680899696,1.0,0.0,0.0,0.0,13,1,2022,5,20,5,1,1,0,1,0,1,GRAVE_MORTALIDAD,2
3,1,20,0,4,1,-16.421864469987433,-70.27870170522458,4,4,6,1,3,0,1,1,2356.1520296199824,2.0,2,0,1.0,7,27,448.5524906663402,0.5455788900950058,74.5596488700079,67.56311456768555,8.324722040031396,907.4954722083409,3476.26536191947,2470.6907874337508,556.4182656262088,440.0482602613956,1474.224261546146,884.1013946284141,1586.5893928053363,34.95832878207818,4,2,0,0,2,37.85335195373458,34.0,41.70670390746916,1.0,0.321112662811215,0.0,0.0,2,0,0.0,1.0,0.0,0.0,0.0,1.0,1.0,0.0,0.0,0.0,5,0,2021,8,11,2,0,0,0,1,0,1,GRAVE_MORTALIDAD,2
6,1,13,1,4,0,-12.28244879920371,-74.62749872790332,0,4,0,0,1,0,1,0,7339.840712809466,2.0,2,0,1.0,10,11,1198.0,0.563710966733908,74.8384046828414,68.49532148443232,8.970487273855726,969.7699331564158,8984.255166165753,12590.79713571879,1872.4773228179174,1401.1992556537064,9317.120557247164,1997.134022466006,10593.663113252784,15.637591015907574,3,1,0,0,2,30.39353480731686,30.39353480731686,30.39353480731686,1.0,0.23679758545618013,0.0,0.0,1,0,0.0,0.23679758545618013,0.0,0.7632024145438199,0.0,0.7632024145438199,0.23679758545618013,0.23679758545618013,1.0,0.0,16,1,2022,6,11,0,0,0,2,1,0,1,GRAVE_MORTALIDAD,2
5,1,8,0,4,1,-9.376882881592818,-75.7841293375861,1,4,7,1,1,0,0,1,7656.338041212031,2.0839625634467267,2,0,1.0,8,20,2077.752633252054,0.4616274742660353,72.81726730058021,51.22989757834214,6.991640044519387,739.7415961311602,32987.2051337835,8386.487948514075,1347.0596163380153,872.393152691864,6167.035179484195,1213.2364373004195,7173.251511213655,14.174811554054191,4,1,0,0,3,38.83207487310655,38.16037436553273,39.50377538068036,1.0,0.0,0.0,0.0,1,0,0.0,0.0,0.0839625634467267,1.0,0.0,1.0,0.0839625634467267,0.0,0.0839625634467267,0.0,6,1,2021,1,18,0,0,1,1,1,0,1,GRAVE_MORTALIDAD,2
6,1,14,1,4,1,-10.675160971321745,-76.76223955744258,0,4,0,0,2,1,0,0,1422.177,2.0,2,0,0.0,9,19,698.0,0.6329626849738527,79.69467338238256,55.60978991784313,10.43485646497054,1214.2298061072966,14347.565310492504,7626.313,1683.4029999999998,1599.0829999999996,4343.827000000001,1814.875,5811.438000000001,23.797541485643197,2,1,0,0,1,27.28951174551594,27.28951174551594,27.28951174551594,1.0,1.0,0.0,0.0,1,0,0.0,0.0,0.0,1.0,0.7700212284558287,0.22997877154417135,0.0,0.7700212284558287,0.0,0.0,14,3,2021,4,17,3,0,0,0,1,0,1,GRAVE_MORTALIDAD,2
6,1,7,0,4,1,-13.113534165102958,-72.35006094642345,1,4,0,0,2,1,1,2,3447.8009999999995,1.0,2,3,0.0,9,12,1109.0,0.4706944943299555,76.79406176595778,61.64424635983724,7.141255198110581,653.4175319142125,3282.6252676659524,17779.13499998999,2097.3709999899997,2863.123,12818.640999999989,2878.713,14900.421999989989,16.19152450331032,14,1,0,0,13,37.57404711384059,37.57404711384059,37.57404711384059,1.0,0.36982491511295856,0.0,0.6301750848870414,1,0,0.0,0.0,0.0,0.36982491511295856,0.0,0.0,1.0,0.0,0.0,0.0,11,1,2021,9,8,3,0,0,2,1,0,1,GRAVE_MORTALIDAD,2
6,1,8,0,4,1,-12.497417405306095,-74.96056658390184,0,4,6,0,6,2,2,0,6543.555,2.0,4,4,1.0,14,33,1198.0,0.32168998383054737,73.31090061519892,47.77415809926331,4.7691442112432485,359.6932118921941,3254.1242481921063,8511.426,1445.3929999999996,2008.516,5057.516999999999,1879.579,6631.846999999998,22.08300935706896,4,1,0,0,3,24.103585639618757,24.103585639618757,24.103585639618757,1.0,0.011509515513195234,0.0,0.011509515513195234,1,0,0.0,0.0,0.0,1.0,0.0,0.9884904844868048,0.011509515513195234,0.011509515513195234,0.9884904844868048,0.011509515513195234,22,2,2024,7,28,3,0,0,2,1,0,1,GRAVE_MORTALIDAD,2
3,1,4,0,4,1,-5.976520558424106,-79.04608451843622,4,4,7,1,2,2,2,0,7340.075831644069,2.344308033319959,2,0,1.0,5,23,1906.4453140754667,0.4675903125366576,72.99179253590684,61.93207445512893,6.219765076215381,768.2132849733907,49984.97527950568,3750.845116576572,934.7435445012602,621.070494168933,2195.031077906379,860.8758153073462,2889.969301269226,22.848845943822695,8,2,0,0,6,37.10770083299899,33.5747767330391,40.64062493295886,1.0,0.6556919666800407,0.0,0.0,2,0,0.0,0.0,0.3443080333199593,1.0,0.6556919666800407,0.6556919666800407,0.3443080333199593,0.0,0.6556919666800407,0.0,8,0,2021,3,18,0,0,0,0,1,0,1,GRAVE_MORTALIDAD,2
5,1,4,0,4,1,-13.203511027878886,-74.22722064708984,0,4,4,0,2,1,0,5,6607.994662211107,2.0,3,3,1.0,13,31,1198.0,0.5305121431560528,73.7668210059112,68.45651702301488,8.941396366509018,806.7469451554633,27605.87794432548,12678.733000000004,1805.074000000001,1774.0339999999994,9099.625000000004,2485.375000000001,10193.358000000002,19.602707936195205,4,1,0,0,2,57.08536602500381,57.08536602500381,57.08536602500381,1.0,0.0,0.0,0.9382376137098003,1,0,0.0,0.0617623862901997,0.0617623862901997,0.0,0.0,0.0617623862901997,1.0,0.0,0.9382376137098003,0.0,15,3,2022,6,9,3,0,0,2,1,0,1,GRAVE_MORTALIDAD,2
5,1,13,2,4,1,-14.853185934748042,-74.44323218465993,1,3,5,0,2,1,1,0,1446.0786810597247,2.0,2,2,0.7343500353352957,9,26,336.25199717317633,0.5658395798596744,75.31804543562455,73.21330133644337,8.968554033396185,916.0470056455949,15547.931888041163,3436.979374990179,680.2511739355914,676.4598058490153,2080.2683952055722,1093.817505558502,2343.161869431677,32.474331196149194,2,1,0,0,1,31.125199717317635,28.203050106005886,36.172549045947015,1.0,0.0,0.0,0.26564996466470425,1,0,0.0,0.26564996466470425,0.0,1.0,0.7343500353352957,0.26564996466470425,0.26564996466470425,0.7343500353352957,0.7343500353352957,0.7343500353352957,2,0,2022,3,20,5,1,1,0,1,0,1,GRAVE_MORTALIDAD,2
3,1,5,0,4,1,-10.254773336984728,-76.80405118848188,2,4,0,0,2,1,1,2,9936.932,2.0,2,0,1.0,9,32,3830.0,0.42570224253352984,79.0306499018586,63.95690644094366,6.230190701294906,513.0207109161547,3389.42406952054,11483.563810518834,1857.0370566113813,1166.676765488061,8459.849988419392,1855.562815903023,9628.000994615812,16.371593169773195,12,2,0,0,10,38.91313200777469,35.087065041788335,42.73919897376105,1.0,1.0,0.0,0.5217334188532456,2,0,0.0,1.0,0.47826658114675435,0.0,0.0,0.5217334188532456,1.0,0.0,0.0,0.0,16,2,2021,6,11,4,0,0,0,1,0,1,GRAVE_MORTALIDAD,2
6,1,8,0,4,1,-13.472562801945859,-75.03217832897407,0,4,5,1,2,1,0,0,1679.5849999999998,2.0,2,3,1.0,9,24,315.0,0.34799254127748025,73.04143193800107,47.80921695723702,5.830134848562846,420.31097611816153,3057.9964641863776,8511.426,1445.3929999999996,2008.516,5057.516999999999,1879.579,6631.846999999998,22.08300935706896,5,1,0,0,4,40.198058970837025,40.198058970837025,40.198058970837025,1.0,0.0,0.0,0.0,1,0,0.0,0.0,0.0,1.0,0.0,0.7867960686108649,0.21320393138913507,0.0,0.0,0.0,10,1,2024,7,20,3,0,0,2,1,0,1,GRAVE_MORTALIDAD,2
1,1,14,2,3,1,-11.868670430190106,-77.0996078753848,0,3,5,1,2,2,2,0,6543.555,2.781728989004759,2,0,1.0,3,30,1414.5389299543183,0.6960351669238962,78.50149909335039,73.99097358395521,9.875063986065939,1475.1788281663064,54676.08944821889,7626.313,1683.4029999999998,1599.0829999999996,4343.827000000001,1814.875,5811.438000000001,23.797541485643197,3,1,0,1,0,49.020233252890534,49.020233252890534,49.020233252890534,1.0,0.0,0.0,0.0,1,0,0.0,0.7817289890047594,0.0,0.2182710109952406,0.0,0.2182710109952406,0.7817289890047594,0.0,0.0,0.0,15,2,2023,5,17,4,0,1,0,1,0,1,GRAVE_MORTALIDAD,2
3,2,10,1,4,1,-13.992867566782468,-75.77537598728757,0,4,7,1,2,2,2,1,6639.975,2.0,2,0,1.0,9,31,1616.0,0.6053164595604621,78.88848309050202,67.63954639531094,9.133324993872453,1064.9426147896202,27932.19700214133,3721.461,698.1859999999996,744.866,2278.409,1102.9029999999996,2618.558,29.636290693359403,3,2,0,0,1,30.12864576885107,28.536156740550958,31.72113479715118,1.0,0.20375548584994374,0.0,0.7962445141500563,2,0,0.20375548584994374,0.7962445141500563,0.0,1.0,0.20375548584994374,0.7962445141500563,0.7962445141500563,0.20375548584994374,0.20375548584994374,0.20375548584994374,14,2,2021,3,7,5,1,0,0,1,0,1,GRAVE_MORTALIDAD,2
6,1,12,0,4,3,-7.0576783164828205,-77.76711661929473,0,4,7,1,2,2,2,0,6543.555,2.0,4,4,1.0,14,33,1198.0,0.2967575668558554,78.85276608267903,34.37675968385336,5.605263722910016,271.47481058898694,2253.8479657387584,8931.828000000005,1335.5899999999997,1935.9830000000004,5660.255000000005,1219.309,7712.519000000005,13.651281686122925,3,1,0,0,2,34.255879715990474,34.255879715990474,34.255879715990474,1.0,0.0,0.0,0.0,1,0,0.0,0.7393383451670634,0.0,0.2606616548329366,0.0,0.2606616548329366,0.7393383451670634,0.0,0.0,0.0,11,1,2024,10,10,3,0,0,0,1,0,1,GRAVE_MORTALIDAD,2
3,2,21,0,4,1,-18.04951174816804,-70.77694484027775,0,4,6,0,2,1,1,2,1926.94,2.0,2,0,1.0,9,32,393.0,0.5725472506068952,74.64709888483024,70.50665923929756,9.138012167541643,973.5559682861374,2967.8535208212334,2678.2012113910114,615.8325302222305,525.8245648789191,1536.5441162898612,1049.9875447080046,1628.213666683006,39.30737524383728,3,2,0,0,1,46.46973349257729,36.18505710873344,64.31667192336515,1.0,0.09252855436671914,0.0,0.9074714456332809,2,0,0.0,0.9074714456332809,0.0,0.0,0.0,0.09252855436671914,0.9074714456332809,0.0,0.0,0.0,22,2,2021,11,27,1,0,1,0,1,0,1,GRAVE_MORTALIDAD,2
4,1,1,0,4,1,-9.746506919304,-78.25218314638987,0,4,2,1,2,0,0,0,6543.555,3.0,2,0,1.0,0,30,1475.0,0.5873460606982213,78.04758132038613,65.8701248560095,8.596987164492063,1041.0659985770535,35482.29764453961,10767.648,1885.0630000000003,1222.721,7659.864000000001,2100.343,8667.305000000002,19.506051832303577,5,2,0,0,3,36.60246012419963,27.3937550693394,44.209651256475475,1.0,0.6005677209691456,0.0,0.39943227903085443,2,0,0.0,0.6005677209691456,0.6005677209691456,0.39943227903085443,0.6005677209691456,0.39943227903085443,0.6005677209691456,0.0,1.0,0.6005677209691456,4,0,2022,7,10,2,0,0,0,1,1,1,GRAVE_MORTALIDAD,2
3,2,16,0,4,1,-13.79134014353293,-71.95104668438162,0,4,4,1,2,2,2,1,4968.709299140042,1.581070776062581,1,1,0.5810707760625811,9,16,828.0854952632591,0.45324096479457127,73.82274982632745,64.3897076510827,7.7985158939616745,590.2877561210358,66093.8174830962,13065.125720994189,1939.3747678506004,1831.0511874346653,9294.699765708923,2591.182921228401,10473.942799765788,19.54171356253841,6,2,0,0,3,29.182313924719683,19.41892922393742,35.45927396912646,1.0,1.0,0.0,0.41892922393741894,2,0,0.0,0.0,0.5810707760625811,1.0,0.41892922393741894,0.5810707760625811,1.0,1.0,1.0,0.5810707760625811,10,1,2021,9,30,6,1,1,2,1,0,1,GRAVE_MORTALIDAD,2
3,1,2,0,4,0,-12.861785254762749,-75.0185858866173,0,4,0,1,2,1,1,0,6543.555,2.4854382096517016,3,2,1.0,7,31,1332.4663840735213,0.6241518386702803,79.74865859728234,72.79015410984894,9.56150859132055,1079.2700429829042,15140.010280071974,10538.474528061837,1684.4729209538941,1493.9043256257796,7360.097281482163,2504.9182367849303,8033.556291276907,23.858561948362116,4,2,0,0,2,34.17474148417958,23.68930327452788,44.66017969383128,1.0,0.4854382096517016,0.0,0.4854382096517016,2,0,0.0,0.0,0.0,1.0,0.4854382096517016,1.0,0.5145617903482984,0.0,0.4854382096517016,0.0,13,1,2023,5,25,3,0,1,0,1,0,1,GRAVE_MORTALIDAD,2
5,1,18,2,4,4,-14.742566301457783,-72.08865912158005,3,0,3,0,2,2,2,2,6543.555,2.0,4,4,1.0,14,33,1198.0,0.6993879380961647,72.77354256171307,80.53531393732142,12.014410223764981,1444.6020228634588,145368.30770719802,11891.442031016644,1922.5905285851518,2134.3751264635343,7834.476375967958,2877.737923093824,9013.70410792282,24.148413603307013,3,1,0,1,0,45.690339202057,43.507571205485334,47.87310719862867,1.0,0.29103573287622253,0.0,0.0,1,0,0.0,0.0,0.7089642671237775,0.29103573287622253,0.0,0.29103573287622253,0.7089642671237775,0.7089642671237775,0.7089642671237775,0.7089642671237775,10,1,2024,2,8,4,0,0,1,1,0,1,GRAVE_MORTALIDAD,2
6,1,12,0,4,1,-8.800944848644283,-78.6398276743648,0,4,7,1,2,2,2,5,6543.555,3.0,2,0,1.0,0,30,1475.0,0.4867987483268106,77.5825534369154,52.95148122709723,6.150547060309878,840.5788229266196,9838.736616702356,8931.828000000005,1335.5899999999997,1935.9830000000004,5660.255000000005,1219.309,7712.519000000005,13.651281686122925,11,1,0,0,10,28.718302786041278,28.718302786041278,28.718302786041278,1.0,0.0938990713195742,0.0,0.9061009286804258,1,0,0.0,0.0,0.0,0.0938990713195742,0.0,0.0938990713195742,0.9061009286804258,0.0,0.0938990713195742,0.0,14,2,2022,9,23,5,0,1,0,1,1,1,GRAVE_MORTALIDAD,2
3,2,20,0,4,1,-15.967006458335582,-69.90971032214979,0,4,7,1,2,0,1,2,7443.198403393603,2.0,2,0,1.0,9,8,1198.0,0.34633632522117525,68.88785026232425,72.04602256019965,6.449317335136613,323.3935708260314,5960.473216956595,13642.312999999998,2020.7790000000005,2354.117,9267.416999999998,3314.0520000000006,10328.260999999997,24.29244952817019,4,2,0,0,2,53.46413869221466,47.96413869221466,58.96413869221466,1.0,0.8622659011121914,0.0,0.0,2,0,0.0,0.8622659011121914,0.13773409888780863,0.8622659011121914,0.0,0.8622659011121914,1.0,0.0,0.8622659011121914,0.0,17,2,2022,4,23,4,0,0,2,1,0,1,GRAVE_MORTALIDAD,2
3,2,3,0,4,1,-15.975821708255506,-71.24310339829199,0,4,7,0,2,0,1,0,1504.4250000000002,2.0,2,0,1.0,7,25,241.0,0.4498224071382834,81.63336343193146,58.84842497065013,5.774685730039019,620.6584683449911,1358.612419700214,10322.272,1495.236,1749.739,7077.2970000000005,2886.595,7435.677000000001,27.964725207783708,7,2,0,0,5,37.445651901651345,26.3804366884406,48.51086711486209,1.0,0.05434809834865706,0.0,0.05434809834865706,2,0,0.0,0.05434809834865706,0.0,1.0,0.0,0.9456519016513429,0.05434809834865706,0.0,0.9456519016513429,0.0,14,3,2023,2,22,3,0,0,0,1,0,1,GRAVE_MORTALIDAD,2
6,1,13,0,4,0,-12.207507914527385,-76.91505241217956,0,2,6,0,1,2,2,0,6638.188218456835,2.0,2,0,1.0,9,31,1608.2539443575688,0.6890408621491108,78.28707058558446,70.99936217744182,9.832496010723345,1468.6358474430708,95864.17628224286,7637.111965189696,1676.9184580845026,1584.1263301786116,4376.067176926583,1800.883622136541,5836.228343053156,23.59579765459784,11,1,0,0,10,25.907343832028335,25.907343832028335,25.907343832028335,1.0,0.018531233594333285,0.0,0.018531233594333285,1,0,0.0,0.0,0.018531233594333285,0.9814687664056667,0.018531233594333285,0.0,0.9814687664056667,0.0,1.0,0.0,5,0,2022,11,14,2,0,0,0,1,0,1,GRAVE_MORTALIDAD,2
6,1,8,0,4,1,-11.994984825712061,-75.38657241858927,0,4,1,1,2,1,0,2,7437.055922434657,2.1436213780688163,2,0,1.0,7,8,1237.783121725062,0.4962308089591049,76.38868614638793,71.96908952862644,7.923627794122737,674.3155132143825,10047.406929650522,8571.804714582886,1429.6229418239093,1998.0987105845347,5144.083062174442,1784.7501127025027,6787.0546018803825,20.87203300946672,8,1,0,0,7,44.87242756137633,44.87242756137633,44.87242756137633,1.0,0.0,0.0,0.8563786219311837,1,0,0.0,0.0,0.0,1.0,0.0,1.0,0.0,0.0,0.0,0.0,9,1,2024,9,12,4,0,0,1,1,0,1,GRAVE_MORTALIDAD,2
4,1,8,1,4,1,-12.445497033016126,-74.93717923456734,0,2,4,0,1,2,2,2,7230.025280091288,2.0,2,1,1.0,10,14,1198.0,0.42475833851984807,71.17088814606635,65.0401442536865,7.305380269432433,601.045427772454,14667.710915517311,12406.218218383081,1819.147539500869,1334.1980585024116,9252.8726203798,1895.3002411210923,10510.917977261988,15.227050444167714,3,1,0,0,1,24.276671657580568,21.31589897156325,27.237444343597886,1.0,1.0,1.0,1.0,1,0,0.0,0.0,0.0,1.0,0.34205051421837407,0.6579494857816259,0.0,1.0,1.0,0.34205051421837407,4,0,2022,8,10,4,0,0,2,1,0,1,GRAVE_MORTALIDAD,2