CLASE SINIESTRO,CANTIDAD DE VEHICULOS DAÑADOS,DEPARTAMENTO,ZONA,TIPO DE VÍA,RED VIAL,COORDENADAS LATITUD,COORDENADAS  LONGITUD,CONDICIÓN CLIMÁTICA,ZONIFICACIÓN,CARACTERÍSTICAS DE VÍA,PERFIL LONGITUDINAL VÍA,SUPERFICIE DE CALZADA,¿EXISTE SEÑAL VERTICAL?,¿EXISTE SEÑAL HORIZONTAL?,CAUSA FACTOR PRINCIPAL,MTC_RVN_LONGITUD_KM,MTC_RVN_N_CARRILES_MEDIANA,MTC_RVN_SUPERFICIE_DOMINANTE,MTC_RVN_ESTADO_DOMINANTE,MTC_RVN_ES_CONCESIONADA,MTC_RVN_CONCESION_PRINCIPAL,MTC_RVN_CORREDOR_LOGISTICO,MTC_RVN_N_TRAMOS,IDH_2019,IDH_ESP_VIDA_2019,IDH_EDUC_SECUND_PCT_2019,IDH_ANIOS_EDUC_2019,IDH_INGRESO_PERCAP_2019,IDH_POBLACION_2019,MTC_DEP_RED_TOTAL_KM,MTC_DEP_NACIONAL_TOTAL_KM,MTC_DEP_DEPARTAMENTAL_TOTAL_KM,MTC_DEP_VECINAL_TOTAL_KM,MTC_DEP_PAV_TOTAL_KM,MTC_DEP_NO_PAV_TOTAL_KM,MTC_DEP_PCT_PAVIMENTADA,PER_TOTAL_PERSONAS,PER_N_CONDUCTORES,PER_N_CONDUCTORES_FUGADOS,PER_N_PEATONES,PER_N_PASAJEROS_OCUPANTES,PER_EDAD_COND_PROM,PER_EDAD_COND_MIN,PER_EDAD_COND_MAX,PER_ANY_COND_MASCULINO,PER_ANY_LIC_PROBLEMA,PER_ANY_DOSAJE_POS,PER_ANY_DOSAJE_EVALUADO,VEH_TOTAL,VEH_N_FUGADOS,VEH_ANY_FUGADO,VEH_ANY_CARGA,VEH_ANY_PUBLICO,VEH_ANY_PARTICULAR,VEH_ANY_MOTO,VEH_ANY_AUTO,VEH_ANY_CAMION_BUS,VEH_ANY_SOAT_PROBLEMA,VEH_ANY_CITV_PROBLEMA,VEH_ANY_SEGURO_PROBLEMA,HORA_NUM,FRANJA_HORARIA,ANIO,MES,DIA_MES,DIA_SEMANA,ES_FIN_SEMANA,ES_QUINCENA,REGION_NATURAL,TIENE_SEÑALIZACION,ES_VIA_MULTICARRIL,ES_DEPTO_BAJO_PAVIMENTO,CATEGORIA_SEVERIDAD,CATEGORIA_SEVERIDAD_ENC
4,1,3,0,4,1,-16.04567656107494,-71.4719468216923,0,4,5,1,2,0,1,0,1619.5700223903104,2.0,2,0,1.0,7,26,282.4234841445325,0.4772902763112882,82.30971570450518,60.81893512050087,6.5431437887147235,663.4700558505467,1159.7080345327493,10322.272,1495.236,1749.739,7077.2970000000005,2886.595,7435.677000000001,27.964725207783708,15,1,0,0,13,37.99887607101927,35.45270629803153,40.54504584400701,1.0,0.7274770779964966,0.0,1.0,1,0,0.0,0.7274770779964966,0.27252292200350337,0.7274770779964966,0.0,0.0,1.0,0.0,0.0,0.0,10,2,2023,9,15,3,0,0,0,1,0,1,GRAVE_MORTALIDAD,2
2,2,19,1,4,1,-17.052502742139424,-71.49156891489086,5,3,2,0,2,0,1,1,673.548427249206,1.3595171405843667,2,0,0.21349428647187785,9,31,313.8721711406864,0.6219908583278847,77.70948316166167,72.78180608645881,10.03871484086629,1080.9116979335445,16838.14344408515,2879.2006829455827,645.0866397625756,542.336846237941,1691.777196945066,1076.0037180916245,1803.196964853958,38.03883301436342,4,2,0,1,0,32.73011427056244,24.078551421753097,47.67372282759676,1.0,0.21349428647187785,0.0,0.7865057135281222,2,0,0.0,0.7865057135281222,0.0,1.0,0.21349428647187785,0.7865057135281222,0.7865057135281222,0.21349428647187785,0.21349428647187785,0.21349428647187785,9,1,2022,9,13,5,1,0,0,1,0,1,GRAVE_MORTALIDAD,2
3,2,22,0,4,1,-17.9487832225632,-70.92954524278858,0,4,7,1,2,1,1,2,1926.94,2.0,2,0,1.0,9,32,393.0,0.6534979386982774,73.96536168171005,70.12296681958996,9.485820068366527,1427.5544497869166,3046.6583935776625,2650.572,630.6729999999998,487.3610000000001,1532.5379999999998,1068.7019999999998,1581.87,40.31967439480987,4,2,0,0,2,51.01656523215229,45.344376821434864,56.68875364286972,1.0,0.0,0.0,0.7562917880956573,2,0,0.0,1.0,0.0,0.0,0.0,1.0,1.0,0.0,0.0,0.0,14,1,2022,11,10,2,0,0,0,1,0,1,GRAVE_MORTALIDAD,2
3,2,12,0,4,1,-7.569756901722359,-79.38861332692491,0,4,7,1,2,2,2,2,6543.555,3.0,2,0,1.0,0,30,1475.0,0.6010974711194443,79.87636119838228,65.01963944755367,8.935786542926698,1059.8261936188558,16458.401435969805,8931.828000000005,1335.5899999999997,1935.9830000000004,5660.255000000005,1219.309,7712.519000000005,13.651281686122925,6,2,0,0,2,46.5923167701895,28.28252738566128,61.20021182544584,1.0,0.6941051867384801,0.0,0.0,2,0,0.0,1.0,0.0,0.3058948132615199,0.0,0.3058948132615199,1.0,0.0,1.0,0.0,19,2,2021,2,21,6,1,1,0,1,1,1,GRAVE_MORTALIDAD,2
3,2,10,0,4,1,-14.5536389522637,-75.39668334466876,3,4,7,1,2,2,2,0,6639.975,2.0,2,0,1.0,9,31,1616.0,0.5816723450632063,77.98062719650412,68.3463323387702,8.816213226857501,992.443886941197,27932.19700214133,3721.461,698.1859999999996,744.866,2278.409,1102.9029999999996,2618.558,29.636290693359403,3,2,0,0,1,24.66269291130999,23.69642362017899,25.628962202440988,1.0,0.5168653544345005,0.0,0.48313464556549945,2,0,0.5168653544345005,0.48313464556549945,0.0,1.0,0.5168653544345005,0.48313464556549945,0.48313464556549945,0.5168653544345005,0.5168653544345005,0.5168653544345005,15,1,2023,7,16,5,1,0,0,1,0,1,GRAVE_MORTALIDAD,2
5,1,19,1,2,3,-5.171975186055949,-80.6485658524665,0,4,7,1,2,2,2,0,6543.555,2.0631830968602265,3,3,1.0,13,32,1215.5017178302828,0.6545104763946458,78.72000787501916,77.0014325323526,11.231804686514712,1114.8349684981122,179219.34095650134,8965.846000060003,1782.4120000599992,636.9959999999999,6546.438000000004,2214.505000059999,6751.341000000004,24.699342371541725,2,1,0,0,1,31.04252109819374,29.747267612559092,32.33777458382838,1.0,0.0,0.9368169031397735,1.0,1,0,0.0,0.0631830968602265,0.0,1.0,0.9368169031397735,0.0,0.0631830968602265,0.9368169031397735,0.9368169031397735,0.9368169031397735,5,0,2023,3,27,3,0,0,0,1,0,1,GRAVE_MORTALIDAD,2
6,1,20,0,4,1,-15.62680858427952,-70.09840615079982,1,4,4,1,2,2,2,2,1619.5923675487431,2.0,2,0,1.0,7,21,281.66028012563834,0.33212982197222807,75.06591852141528,55.34982452116401,5.8753742252316545,316.1338836417652,6000.871643844804,13642.312999999998,2020.7790000000005,2354.117,9267.416999999998,3314.0520000000006,10328.260999999997,24.29244952817019,7,1,0,0,6,31.777716953577507,31.777716953577507,31.777716953577507,0.38885847678875385,0.6111415232112462,0.0,0.0,1,0,0.0,0.0,0.0,1.0,0.0,1.0,0.0,0.38885847678875385,0.38885847678875385,0.38885847678875385,9,1,2021,10,25,5,1,1,2,1,0,1,GRAVE_MORTALIDAD,2
6,1,7,0,4,1,-12.508433409304713,-74.61215169104402,0,4,0,1,2,2,2,0,912.5269455736204,1.0,0,3,0.0,9,32,95.9137924035665,0.23907464367122394,67.40525933430654,48.68292669062315,3.98651673175576,209.50218274681671,3742.7170192918857,8508.946324559038,1442.7427538571949,1996.9610588888982,5069.242511812943,1872.3102516095614,6636.6360729494745,22.00260279230416,2,1,0,0,1,51.357829259133325,51.357829259133325,51.357829259133325,1.0,1.0,0.0,0.0,1,0,0.0,0.9837350336757578,0.0,0.016264966324242236,0.0,0.016264966324242236,0.9837350336757578,0.0,0.0,0.0,5,0,2021,6,9,5,1,0,2,1,0,1,GRAVE_MORTALIDAD,2
4,1,8,0,4,1,-12.800842221788473,-74.75972613051246,0,4,2,1,2,2,2,0,624.4443183614753,1.0,0,3,0.0,9,32,67.68129705385587,0.25973795081280604,69.3330294364929,47.651415087655636,4.332920192159287,237.7679471356028,3595.138923386289,8511.426,1445.3929999999996,2008.516,5057.516999999999,1879.579,6631.846999999998,22.08300935706896,5,1,0,0,4,42.70145483830594,42.70145483830594,42.70145483830594,1.0,1.0,0.0,0.36080631137800256,1,0,0.0,0.6391936886219974,0.0,0.36080631137800256,0.0,0.36080631137800256,1.0,0.0,0.0,0.0,3,0,2021,5,11,5,1,0,2,1,0,1,GRAVE_MORTALIDAD,2
6,1,8,0,4,2,-11.761489820202785,-75.56699928169394,0,4,2,0,1,2,2,0,6543.555,2.0,4,4,1.0,14,33,1198.0,0.3212381573182309,73.43434520525467,44.907532191609256,5.050860204405529,371.2387099556187,24610.16191243501,8615.329415776632,1418.2549113074588,1990.5892859108035,5206.4852185583695,1716.391602378588,6898.9378133980435,19.999086573852804,5,1,0,0,4,39.505694950182765,39.505694950182765,39.505694950182765,1.0,0.0,0.0,0.0,1,0,0.0,0.24715252490861606,0.7528474750913839,0.0,0.7528474750913839,0.0,0.24715252490861606,0.0,0.0,0.0,15,2,2022,4,4,4,0,0,1,1,0,1,GRAVE_MORTALIDAD,2
6,1,10,0,4,2,-9.689079281600183,-76.33600376171852,0,4,6,0,4,2,2,0,6543.555,2.0,4,4,1.0,14,33,1198.0,0.3032111270809331,76.54508372972333,47.697737624624054,5.195285921611141,281.1231386374065,4977.957181633344,8721.641258173297,1390.48777596871,1972.24704000199,5358.906442202596,1549.421606566855,7172.2196516064405,17.866859554749205,4,1,0,0,3,38.00115312936667,38.00115312936667,38.00115312936667,1.0,1.0,0.0,0.0,1,0,0.0,0.0,0.0,1.0,0.500033915569608,0.0,0.0,0.500033915569608,0.49996608443039203,0.500033915569608,10,1,2022,7,8,3,0,0,0,1,0,1,GRAVE_MORTALIDAD,2
5,1,9,0,4,0,-10.17157445003302,-76.27915091332711,0,4,0,0,1,2,2,1,6555.878618033228,2.0,3,3,1.0,13,32,1251.42535094264,0.6023074188733036,72.33578941760321,72.15095345662827,10.109381023039099,1090.9259902712658,93820.83784779903,8134.575414570054,1378.2025596378066,895.1347064543311,5861.238148477915,1156.3589874815984,6978.216427088455,14.302297738625215,3,1,0,0,2,22.278118443603827,22.278118443603827,22.278118443603827,1.0,0.8721881556396173,0.0,0.8721881556396173,1,0,0.0,0.0,0.8721881556396173,0.12781184436038273,0.8721881556396173,0.0,0.12781184436038273,0.0,0.8721881556396173,0.0,4,0,2021,7,25,0,0,1,1,1,0,1,GRAVE_MORTALIDAD,2
4,1,13,0,4,2,-14.580518418912359,-71.32386387328697,0,4,4,0,4,2,2,2,6543.555,2.0,4,4,1.0,14,33,1198.0,0.31370726317288145,78.5230151880807,62.63885050762736,5.431726737542435,292.32101906765365,11005.748829376678,13239.765360917198,1930.6655288939626,2111.7800460137505,9197.319786009484,2967.8617823613813,10271.903578555814,22.3332511162501,2,1,0,0,1,61.53125576362457,60.65789959042069,62.40461193682845,1.0,1.0,0.0,0.4177625511974137,1,0,0.0,0.0,0.0,1.0,0.5822374488025863,0.0,0.4177625511974137,0.5822374488025863,0.0,0.5822374488025863,14,1,2021,8,14,3,0,0,2,1,0,1,GRAVE_MORTALIDAD,2
5,1,7,0,4,1,-11.47614242352187,-75.53502055854638,1,4,2,0,1,2,2,2,2585.5923122305517,1.59974853688813,1,0,0.29987426844406495,6,31,648.8516367639966,0.5047772691748567,74.54560285123922,70.02889679522946,8.186274026549734,723.1668093429863,48460.97516131026,8540.957196679985,1432.3764391435554,1099.84982125736,6008.730936279069,1667.131300321468,6873.825896358517,19.406478459304754,4,1,0,0,3,35.59597659021008,33.49685671110162,37.695096469318536,1.0,0.700125731555935,0.700125731555935,1.0,1,0,0.0,0.0,0.29987426844406495,1.0,0.0,1.0,0.29987426844406495,0.700125731555935,0.29987426844406495,0.700125731555935,13,2,2023,2,28,2,0,1,1,1,0,1,GRAVE_MORTALIDAD,2
6,1,4,0,4,0,-12.884503500270377,-74.21357907920614,0,4,4,0,6,2,2,2,6543.555,2.0,4,4,1.0,14,33,1198.0,0.12794110801400366,81.26796733202369,33.27383036042087,2.321790089733816,94.66354144625637,1774.3549456843311,12678.733000000004,1805.074000000001,1774.0339999999994,9099.625000000004,2485.375000000001,10193.358000000002,19.602707936195205,5,1,0,0,3,39.93119358309308,39.93119358309308,39.93119358309308,1.0,0.0,0.0,0.034403208453458234,1,0,0.0,0.034403208453458234,0.0,0.9655967915465418,0.0,0.9655967915465418,0.034403208453458234,0.0,0.0,0.0,7,1,2022,8,24,5,0,1,2,1,0,1,GRAVE_MORTALIDAD,2
3,2,16,0,4,1,-6.301812066287729,-80.05895251009593,0,2,2,1,2,1,0,1,6543.555,3.0,2,0,1.0,0,30,1475.0,0.5324843373996228,78.18050545490203,62.41528753818006,8.103370507695125,840.0283455769926,76361.92847253945,8953.427039597245,1619.2905719087657,1111.2175346635424,6222.918933024936,1851.1885277323534,7102.238511864892,20.666023875440338,5,2,0,0,3,39.238027024116924,21.74591350846933,56.73014053976451,1.0,1.0,0.6349297301177438,0.6349297301177438,2,0,0.0,0.3650702698822562,1.0,0.6349297301177438,1.0,0.0,1.0,0.6349297301177438,0.0,0.3650702698822562,18,2,2022,4,7,1,0,0,0,1,1,1,GRAVE_MORTALIDAD,2
6,1,1,0,4,2,-8.627688691821103,-77.82204254486061,6,4,5,1,5,2,2,0,6543.555,2.0,4,4,1.0,14,33,1198.0,0.34954873847335566,72.74966025156372,24.21739881964904,6.028036466298891,549.8805660665878,1522.1059693660238,10767.648,1885.0630000000003,1222.721,7659.864000000001,2100.343,8667.305000000002,19.506051832303577,5,1,0,0,4,51.87145879459782,51.87145879459782,51.87145879459782,1.0,0.0,0.0,0.14106765067527238,1,0,0.0,0.0,0.0,1.0,0.0,1.0,0.0,0.8589323493247276,0.8589323493247276,0.8589323493247276,16,1,2022,1,4,4,0,0,0,1,0,1,GRAVE_MORTALIDAD,2
3,1,19,0,4,1,-8.326585303826874,-74.37524787396484,2,4,2,0,3,2,2,0,6208.678711200141,2.0,2,0,1.0,7,19,1592.7457752678972,0.565227130070057,72.37724372048295,62.960350912178605,8.540547840005827,1074.493657908789,87149.3918587249,4419.5673949615075,671.7741702369017,749.7213944621474,2998.0718302624578,834.2698349746296,3585.297559986877,19.907267372186396,3,2,0,0,1,35.6209209324005,27.828453496501886,43.41338836829912,1.0,1.0,0.0,0.0,2,0,0.0,0.0,0.0,1.0,1.0,0.34476976689987415,0.6552302331001258,0.0,1.0,0.6552302331001258,11,1,2021,4,17,3,0,0,1,1,0,1,GRAVE_MORTALIDAD,2
8,1,7,0,4,1,-14.558927253489573,-71.92108381917124,0,4,4,1,1,1,1,2,1780.161,1.0,1,3,0.0,9,32,490.0,0.4670263153502933,65.5237709552973,70.61273193256336,7.074467358088314,760.9316629253258,9065.880085653103,17779.13499998999,2097.3709999899997,2863.123,12818.640999999989,2878.713,14900.421999989989,16.19152450331032,2,1,0,0,1,21.341773283276623,21.341773283276623,21.341773283276623,1.0,1.0,0.0,0.0,1,0,0.0,0.0,0.0,1.0,1.0,0.0,0.0,1.0,1.0,1.0,18,2,2023,6,9,4,0,0,2,1,0,1,GRAVE_MORTALIDAD,2
3,1,10,0,4,1,-13.976017821731958,-75.27214240679162,0,4,0,0,2,2,2,1,2094.877212843533,2.0,2,0,0.8910216829672115,4,24,126.22476665437722,0.5542547559214931,77.4603974846724,68.93693003716044,8.406429435722252,901.928225001071,27414.53272772282,3692.9337459503267,678.2294546716872,738.8571535554461,2275.847137723193,1059.360931386183,2633.5728145641433,28.622106227844352,5,2,0,0,3,49.92941197637702,36.910216829672116,62.94860712308192,1.0,0.0,0.0,1.0,2,0,0.0,0.10897831703278849,0.0,0.0,0.0,0.8910216829672115,1.0,0.10897831703278849,0.10897831703278849,0.10897831703278849,22,2,2022,7,4,2,0,0,0,1,0,1,GRAVE_MORTALIDAD,2
3,2,23,0,3,1,-4.453100059833763,-79.32399944831388,0,4,5,1,2,1,1,2,6543.555,2.813608813367356,2,0,1.0,2,30,1423.3696413027576,0.595235488751625,76.77348272477946,70.02186307491098,9.768545127813532,996.8686530664577,112786.9353230473,1322.2452764079342,185.85892663931065,478.3469449742121,658.0394047944112,274.1064218967097,1048.1388545112243,24.144650990944818,3,2,0,0,1,34.356501353724596,26.322479320306204,42.390523387142984,1.0,0.0,1.0,1.0,2,0,0.0,0.0,0.8136088133673559,0.1863911866326441,1.0,0.8136088133673559,0.0,0.0,1.0,0.0,19,2,2021,7,19,6,1,1,0,1,0,1,GRAVE_MORTALIDAD,2
3,1,11,0,4,1,-7.844983966794905,-78.59378825427719,0,4,5,0,1,2,2,2,6543.555,2.7149528235517773,2,1,1.0,3,30,1396.0419321238423,0.42228234566361667,78.30707515570886,53.68599887241025,5.1727444239950975,708.5353710001334,24718.588542181027,8725.804167231345,1334.987980363341,1609.8873198601746,5780.9288670078295,1173.8582277153307,7551.945939516014,13.44022360073172,8,1,0,0,6,40.94158005925966,33.434575411965994,48.44858470655332,1.0,0.7149528235517771,0.0,0.28504717644822286,1,0,0.0,0.0,0.7149528235517771,0.28504717644822286,0.7149528235517771,0.28504717644822286,0.7149528235517771,0.28504717644822286,0.28504717644822286,0.7149528235517771,9,0,2023,9,13,2,0,0,0,1,0,1,GRAVE_MORTALIDAD,2
6,1,4,0,4,1,-13.676234354405777,-74.50338158861118,0,4,0,0,2,1,1,2,1818.6874383443849,2.0,2,2,1.0,7,24,265.24058724937044,0.2757319601144508,74.80342649740918,45.89172418206743,4.490636394399567,256.1791579607757,3683.0707253166493,12678.733000000004,1805.074000000001,1774.0339999999994,9099.625000000004,2485.375000000001,10193.358000000002,19.602707936195205,9,1,0,0,8,56.51684110745593,56.51684110745593,56.51684110745593,1.0,0.7512029362468521,0.0,0.24879706375314792,1,0,0.0,0.0,0.24879706375314792,0.7512029362468521,0.0,0.0,1.0,0.7512029362468521,0.0,0.0,2,0,2021,7,17,3,0,0,2,1,0,1,GRAVE_MORTALIDAD,2
6,1,11,1,4,1,-11.562507074237919,-75.86480224697723,0,4,0,0,2,0,1,0,7586.903,2.0,2,0,1.0,9,5,1198.0,0.6211711217784234,75.51508523355102,70.90101252241288,10.049671623026311,1128.403546167389,8996.89721627409,12264.545,1826.4639999999995,1105.5389999999998,9332.542,1588.5359999999996,10676.009,12.952261987705208,3,1,0,0,2,24.538700070200132,24.538700070200132,24.538700070200132,1.0,0.0,0.0,0.0,1,0,0.0,0.0,0.0,1.0,0.0,0.9102166549666445,0.0897833450333555,0.0,1.0,0.0,17,1,2022,6,12,0,0,0,2,1,0,1,GRAVE_MORTALIDAD,2
3,1,18,0,4,1,-7.475824442961297,-76.13115585180005,0,4,7,0,2,1,1,2,7731.8623523369415,2.0,2,0,1.0,9,17,1988.6212667008358,0.5358008862450014,74.40351982891609,59.136472755545704,7.499311117099596,1012.4014791799002,3439.187363360968,6087.736341677071,912.406877044844,1126.3872977485428,4048.942166883684,1147.1567599550126,4940.579581722058,18.58976090368852,6,1,0,0,4,61.595448486127545,53.98519030398046,69.20570666827463,1.0,0.0,0.845584242460787,0.845584242460787,1,0,0.0,0.0,0.845584242460787,0.154415757539213,0.845584242460787,0.0,1.0,0.0,0.845584242460787,0.845584242460787,12,2,2021,11,18,6,1,1,1,1,0,1,GRAVE_MORTALIDAD,2
4,1,14,0,4,1,-11.163058165351321,-77.580444980222,0,4,7,0,2,1,1,2,6543.555,3.0,2,0,1.0,0,30,1475.0,0.7327345537337897,78.20903814342847,76.31492653513806,13.642917835589472,1405.6698219039215,62016.21841541756,7626.313,1683.4029999999998,1599.0829999999996,4343.827000000001,1814.875,5811.438000000001,23.797541485643197,7,1,0,0,6,38.07400837621194,34.62677051941722,41.521246233006664,1.0,0.0,0.0,1.0,1,0,0.0,0.0,0.6267705194172218,1.0,0.0,0.6267705194172218,1.0,0.0,0.0,0.0,6,0,2023,2,13,5,1,0,0,1,1,1,GRAVE_MORTALIDAD,2
3,2,12,0,4,1,-7.9685600189644905,-78.3042590003101,0,4,7,1,1,2,2,0,9839.198736360597,2.0288011805465187,2,0,1.0,8,31,3762.1732198129484,0.43505558909619063,76.90671072722053,43.65190912992846,6.286535949302901,667.1750464520542,13150.982162761415,8931.828000000005,1335.5899999999997,1935.9830000000004,5660.255000000005,1219.309,7712.519000000005,13.651281686122925,3,2,0,0,1,33.855994097267406,33.798391736174366,33.913596458360445,1.0,0.0,0.0,0.0,2,0,0.0,0.0,0.0,1.0,0.0288011805465187,0.0288011805465187,0.9711988194534813,0.0,0.0,0.0288011805465187,12,2,2023,11,4,1,0,0,0,1,0,1,GRAVE_MORTALIDAD,2
6,1,10,0,4,1,-9.602616705507984,-77.34161661376399,0,4,7,1,2,2,2,3,921.3575849233821,1.6437198063249459,1,1,0.6437198063249459,8,24,160.5676329247592,0.2794974975347617,72.54369501848852,50.23997489284199,4.871281903395689,241.89322438544895,5901.344878239233,8782.047094018622,1374.7106341061017,1961.825071287833,5445.511388624688,1454.550123477828,7327.496970540794,16.65533925374289,13,1,0,0,12,49.3683574822243,49.3683574822243,49.3683574822243,1.0,0.0,0.0,0.0,1,0,0.0,0.0,0.6437198063249459,0.35628019367505415,0.0,0.35628019367505415,0.6437198063249459,0.6437198063249459,0.0,0.6437198063249459,12,1,2023,4,24,6,1,1,0,1,0,1,GRAVE_MORTALIDAD,2
3,3,18,2,4,1,-14.553014825349592,-72.04736363044005,1,4,6,1,3,2,2,1,1330.1691030378659,2.0,2,0,1.0,5,21,217.44273009076443,0.6056893543596942,74.95871954089833,77.67278176419858,10.127639999350237,1023.3835793116965,239017.30198784763,11975.012579129867,1927.2771471423737,2144.8635914276497,7902.871840559843,2898.5635619915524,9076.449017138313,24.155288559487136,9,3,0,0,5,36.27714435187336,25.04858787060696,51.565690370026246,1.0,0.0,0.0,0.7228556481266402,3,0,0.0,0.7228556481266402,0.0,1.0,0.0,1.0,1.0,1.0,1.0,1.0,8,0,2022,7,17,1,0,1,1,1,0,1,GRAVE_MORTALIDAD,2
6,1,7,0,4,1,-10.69217717682867,-75.1527483325906,0,4,7,1,1,2,2,2,6543.555,2.0,4,4,1.0,14,33,1198.0,0.27955460239774355,70.97634118263336,43.122764186130375,4.50179047786147,336.4663949428556,3427.900723898681,8674.227395881468,1311.6946151094342,1649.1403517321858,5713.392429039848,1315.258375329599,7358.969020551869,15.219837904621288,3,1,0,0,2,25.14773884028604,25.14773884028604,25.14773884028604,1.0,0.0,0.0,0.0,1,0,0.0,0.0,0.0,0.55032302281628,0.0,0.44967697718372,0.55032302281628,0.0,0.0,0.0,14,1,2022,8,18,4,0,0,0,1,0,1,GRAVE_MORTALIDAD,2
4,1,14,0,4,1,-11.233823667670649,-77.54067378123906,0,4,7,1,2,1,0,0,6543.555,3.0,2,0,1.0,0,30,1475.0,0.7327345537337897,78.20903814342847,76.31492653513806,13.642917835589472,1405.6698219039215,62016.21841541756,7626.313,1683.4029999999998,1599.0829999999996,4343.827000000001,1814.875,5811.438000000001,23.797541485643197,3,1,0,0,1,38.24421958837085,34.96420634382884,41.52423283291285,1.0,0.0,0.3452645520570531,0.3452645520570531,1,0,0.0,0.3452645520570531,0.0,0.6547354479429469,0.0,1.0,0.3452645520570531,0.0,0.3452645520570531,0.0,3,0,2022,4,8,3,0,0,0,1,1,1,GRAVE_MORTALIDAD,2
6,1,7,0,4,1,-14.56392846434166,-71.92190980133094,0,4,1,1,1,1,1,2,1780.161,1.0,1,3,0.0,9,32,490.0,0.4670263153502933,65.5237709552973,70.61273193256336,7.074467358088314,760.9316629253258,9065.880085653103,17779.13499998999,2097.3709999899997,2863.123,12818.640999999989,2878.713,14900.421999989989,16.19152450331032,2,1,0,0,1,23.963459462522742,23.963459462522742,23.963459462522742,1.0,1.0,0.0,0.0,1,0,0.0,0.0,0.0,1.0,1.0,0.0,0.0,1.0,1.0,1.0,16,2,2022,9,4,3,0,0,2,1,0,1,GRAVE_MORTALIDAD,2
3,2,11,0,4,1,-9.546046373683502,-78.35558319249293,0,4,4,1,2,1,0,0,6580.003612219149,2.621980790093874,2,0,1.0,3,30,1528.3007085967638,0.5692675642193533,78.57811392072391,68.61004246736199,8.54207626608382,944.7824919647043,9567.991354678223,3558.6450885771264,584.2863897948491,710.571223195804,2263.787475586473,854.3918192795726,2704.2532692975537,23.847953413639864,15,2,0,0,13,52.34178869103262,42.21980790093874,62.46376948112649,1.0,0.0,0.0,0.3780192099061259,2,0,0.0,1.0,0.6219807900938741,0.3780192099061259,0.0,0.3780192099061259,1.0,0.0,0.0,0.0,18,2,2021,6,24,1,0,1,0,1,0,1,GRAVE_MORTALIDAD,2
3,1,16,0,4,1,-17.251614149930592,-71.77006143642272,5,4,5,1,5,2,2,0,1874.521803304598,1.8819755551406074,1,0,0.8819755551406074,9,30,378.48299328229473,0.6740001568994402,78.48377958830133,72.78272607682902,10.638720227409795,1298.6464649575883,68423.12776504038,3040.322744447126,497.1828890079006,884.3848310921376,1658.7550243470878,894.3537061581177,2145.9690382890085,29.409610938195584,14,2,0,0,12,43.82296333271091,41.881975555140606,45.76395111028121,1.0,0.0,0.0,0.0,2,0,0.0,0.11802444485939256,0.11802444485939256,0.8819755551406074,0.0,1.0,1.0,0.0,0.11802444485939256,0.0,16,1,2023,10,7,4,0,0,0,1,0,1,GRAVE_MORTALIDAD,2
0,1,13,0,4,0,-6.141324302592949,-79.59131579434981,3,4,2,0,1,2,2,0,6543.555,2.0409157577175967,3,3,1.0,13,32,1209.3336648877744,0.28466547542153003,76.87139460084883,45.74662275123448,4.852184656660796,256.61300757741105,11962.259441887478,3359.423253294835,499.6536166326457,673.2693500477928,2186.5002866143964,685.909216477098,2673.5140368177367,20.621208864928473,2,1,0,0,0,27.695567881199143,27.040915757717595,28.350220004680686,1.0,0.04091575771759659,0.0,0.04091575771759659,1,0,0.0,0.04091575771759659,0.0,0.04091575771759659,0.04091575771759659,0.0,1.0,0.0,0.04091575771759659,0.0,3,0,2022,5,17,3,0,1,0,1,0,1,GRAVE_MORTALIDAD,2
3,2,20,0,4,1,-16.174463823917836,-69.5275114821814,0,4,5,1,2,2,2,2,7586.903,2.0,2,0,1.0,9,5,1198.0,0.4138545322335047,72.42365757071663,75.18782800461412,7.422478928805024,440.156451811849,19964.802997858675,13642.312999999998,2020.7790000000005,2354.117,9267.416999999998,3314.0520000000006,10328.260999999997,24.29244952817019,3,2,0,0,1,27.8469272630783,24.15407817892349,31.53977634723311,1.0,1.0,0.0,0.0,2,0,0.0,0.19234636315391507,0.0,0.8076536368460849,1.0,0.8076536368460849,0.19234636315391507,0.0,0.8076536368460849,0.19234636315391507,15,2,2021,4,8,2,0,0,2,1,0,1,GRAVE_MORTALIDAD,2