CLASE SINIESTRO,CANTIDAD DE VEHICULOS DAÑADOS,DEPARTAMENTO,ZONA,TIPO DE VÍA,RED VIAL,COORDENADAS LATITUD,COORDENADAS  LONGITUD,CONDICIÓN CLIMÁTICA,ZONIFICACIÓN,CARACTERÍSTICAS DE VÍA,PERFIL LONGITUDINAL VÍA,SUPERFICIE DE CALZADA,¿EXISTE SEÑAL VERTICAL?,¿EXISTE SEÑAL HORIZONTAL?,CAUSA FACTOR PRINCIPAL,MTC_RVN_LONGITUD_KM,MTC_RVN_N_CARRILES_MEDIANA,MTC_RVN_SUPERFICIE_DOMINANTE,MTC_RVN_ESTADO_DOMINANTE,MTC_RVN_ES_CONCESIONADA,MTC_RVN_CONCESION_PRINCIPAL,MTC_RVN_CORREDOR_LOGISTICO,MTC_RVN_N_TRAMOS,IDH_2019,IDH_ESP_VIDA_2019,IDH_EDUC_SECUND_PCT_2019,IDH_ANIOS_EDUC_2019,IDH_INGRESO_PERCAP_2019,IDH_POBLACION_2019,MTC_DEP_RED_TOTAL_KM,MTC_DEP_NACIONAL_TOTAL_KM,MTC_DEP_DEPARTAMENTAL_TOTAL_KM,MTC_DEP_VECINAL_TOTAL_KM,MTC_DEP_PAV_TOTAL_KM,MTC_DEP_NO_PAV_TOTAL_KM,MTC_DEP_PCT_PAVIMENTADA,PER_TOTAL_PERSONAS,PER_N_CONDUCTORES,PER_N_CONDUCTORES_FUGADOS,PER_N_PEATONES,PER_N_PASAJEROS_OCUPANTES,PER_EDAD_COND_PROM,PER_EDAD_COND_MIN,PER_EDAD_COND_MAX,PER_ANY_COND_MASCULINO,PER_ANY_LIC_PROBLEMA,PER_ANY_DOSAJE_POS,PER_ANY_DOSAJE_EVALUADO,VEH_TOTAL,VEH_N_FUGADOS,VEH_ANY_FUGADO,VEH_ANY_CARGA,VEH_ANY_PUBLICO,VEH_ANY_PARTICULAR,VEH_ANY_MOTO,VEH_ANY_AUTO,VEH_ANY_CAMION_BUS,VEH_ANY_SOAT_PROBLEMA,VEH_ANY_CITV_PROBLEMA,VEH_ANY_SEGURO_PROBLEMA,HORA_NUM,FRANJA_HORARIA,ANIO,MES,DIA_MES,DIA_SEMANA,ES_FIN_SEMANA,ES_QUINCENA,REGION_NATURAL,TIENE_SEÑALIZACION,ES_VIA_MULTICARRIL,ES_DEPTO_BAJO_PAVIMENTO,CATEGORIA_SEVERIDAD,CATEGORIA_SEVERIDAD_ENC
5,1,7,0,4,1,-13.168009439419983,-72.24963071326614,2,4,5,0,2,1,1,2,3447.8009999999995,1.0,2,3,0.0,9,12,1109.0,0.4330004709036094,76.54254039448904,60.57801863998003,6.56842390580249,564.3945685890119,3908.6342847592055,17779.13499998999,2097.3709999899997,2863.123,12818.640999999989,2878.713,14900.421999989989,16.19152450331032,4,1,0,0,3,45.347455481259466,45.347455481259466,45.347455481259466,1.0,0.0,0.0,0.0,1,0,0.2826272259370266,0.0,0.0,0.2826272259370266,0.2826272259370266,0.7173727740629734,0.0,0.2826272259370266,0.0,0.2826272259370266,7,0,2023,4,8,1,0,0,2,1,0,1,GRAVE_MORTALIDAD,2
4,1,17,0,4,1,-7.5821475298461145,-78.82345512347501,0,3,2,1,2,1,0,3,269.44581598247044,2.0,2,0,0.6643393666056823,3,13,51.67830316697159,0.3569561021102468,69.81990602167599,51.61918632054507,5.634956527306996,543.7353984188844,37816.63537073785,8516.217504807271,1749.1785763881217,959.9307318004387,5807.108196618711,2080.3649411164884,6435.852563690783,24.396643314985468,5,1,0,0,3,32.97905429945114,31.30075113247955,34.65735746642273,1.0,0.0,0.33566063339431773,1.0,1,0,0.0,0.0,0.0,0.6643393666056823,0.0,0.33566063339431773,1.0,0.0,0.6643393666056823,0.0,12,1,2023,8,18,0,0,1,0,1,0,1,GRAVE_MORTALIDAD,2
1,0,14,2,2,4,-12.03624705348384,-77.03762171680513,0,0,3,0,2,2,2,1,6543.555,2.0,4,4,1.0,14,33,1198.0,0.724563116055358,80.1111596296159,75.00493647788585,10.597583601100288,1532.751556656107,156803.76904172037,7626.313,1683.4029999999998,1599.0829999999996,4343.827000000001,1814.875,5811.438000000001,23.797541485643197,3,1,0,1,0,35.939733262552565,35.939733262552565,35.939733262552565,1.0,0.6566222104254275,0.0,0.34337778957457255,1,0,0.0,0.34337778957457255,0.0,1.0,0.34337778957457255,0.0,1.0,0.0,0.34337778957457255,0.0,21,2,2022,5,12,1,0,0,0,1,0,1,GRAVE_MORTALIDAD,2
6,1,8,0,4,1,-12.450218843632161,-75.01974684370629,6,4,0,0,7,2,2,0,6563.482111447312,2.0,3,3,1.0,13,32,1198.0,0.1809931362711353,65.27951310509953,55.204406647550336,3.964673621904012,110.1364275098027,1201.8862139172415,8511.426,1445.3929999999996,2008.516,5057.516999999999,1879.579,6631.846999999998,22.08300935706896,2,1,0,0,1,50.84720640517019,50.84720640517019,50.84720640517019,1.0,0.0,0.0,0.0,1,0,0.0,0.0,0.019099199353725838,0.9809008006462742,0.0,0.9809008006462742,0.019099199353725838,0.0,0.0,0.0,9,0,2023,5,22,0,0,1,2,1,0,1,GRAVE_MORTALIDAD,2
3,1,13,0,4,1,-6.694366247177446,-79.6397275301147,0,4,7,1,2,2,2,0,1038.855048368739,2.0,2,2,0.3102087526871339,6,11,200.93851860220764,0.510891671218928,79.73774177967779,64.53868102903043,7.521455768335054,742.6111339009526,21801.12468568259,3459.691,515.0619999999999,689.7280000000001,2254.901,703.3549999999999,2756.336,20.329994788551925,3,2,0,0,1,30.51832997850293,25.828538731190065,35.208121225815795,1.0,0.3102087526871339,0.0,1.0,2,0,0.0,0.6897912473128661,0.0,0.3102087526871339,0.3102087526871339,0.0,0.6897912473128661,1.0,0.6897912473128661,1.0,19,2,2021,4,18,3,0,0,0,1,0,1,GRAVE_MORTALIDAD,2
6,1,7,0,4,0,-13.375797908154706,-71.58677836158898,0,4,7,0,2,2,2,2,6543.555,2.0,4,4,1.0,14,33,1198.0,0.24963766418900496,59.96079507933371,43.18582757421222,4.0095747967218145,288.90318667221504,12671.385865482122,17779.13499998999,2097.3709999899997,2863.123,12818.640999999989,2878.713,14900.421999989989,16.19152450331032,3,1,0,0,2,45.672969163357,45.672969163357,45.672969163357,1.0,0.9454948605595002,0.05450513944049984,0.05450513944049984,1,0,0.0,0.0,0.05450513944049984,0.9454948605595002,0.0,0.9454948605595002,0.05450513944049984,0.0,0.0,0.0,5,0,2023,11,2,4,0,0,2,1,0,1,GRAVE_MORTALIDAD,2
6,1,4,0,4,1,-13.67057186730108,-74.24944351026237,1,4,1,0,7,2,2,1,6543.555,2.0,4,4,1.0,14,33,1198.0,0.33668043240557777,74.8324621972161,52.36550207428938,4.9158368148507785,425.26908474873744,2568.6117319237806,12678.733000000004,1805.074000000001,1774.0339999999994,9099.625000000004,2485.375000000001,10193.358000000002,19.602707936195205,6,1,0,0,5,50.518198171265226,50.518198171265226,50.518198171265226,1.0,0.36787987808434863,0.0,0.6321201219156514,1,0,0.0,0.0,0.0,1.0,0.0,0.36787987808434863,0.6321201219156514,0.0,0.0,0.0,6,0,2023,5,21,4,0,0,2,1,0,1,GRAVE_MORTALIDAD,2
1,2,10,0,4,1,-14.098565227819401,-75.74522582963728,0,4,7,1,2,0,0,0,6639.975,2.0,2,0,1.0,9,31,1616.0,0.6170554651297226,79.79008142996943,72.6753686577413,9.25100468057694,1062.7174684950974,29901.430429208718,3721.461,698.1859999999996,744.866,2278.409,1102.9029999999996,2618.558,29.636290693359403,3,2,0,0,1,32.04704906931344,25.48234179350107,38.611756345125805,1.0,0.5647072758123659,0.5647072758123659,0.5647072758123659,2,0,0.0,0.0,0.4352927241876341,1.0,1.0,0.5647072758123659,0.4352927241876341,0.5647072758123659,0.5647072758123659,0.0,4,0,2021,6,7,3,0,0,0,0,0,1,GRAVE_MORTALIDAD,2
3,2,12,0,4,1,-7.666423842744149,-79.30761964673333,0,4,7,1,2,2,2,3,6543.555,3.0,2,0,1.0,0,30,1475.0,0.5919554648207103,79.17972260372545,65.39683971422053,8.787000684171234,1034.1204318639873,16175.579757938434,8931.828000000005,1335.5899999999997,1935.9830000000004,5660.255000000005,1219.309,7712.519000000005,13.651281686122925,5,2,0,1,1,49.406141641099225,31.3521545175628,64.92761619989768,1.0,0.4748461058883716,0.0,0.0,2,0,0.0,1.0,0.0,0.5251538941116284,0.0,0.5251538941116284,1.0,0.0,1.0,0.0,17,2,2022,2,22,6,1,1,0,1,1,1,GRAVE_MORTALIDAD,2
3,2,12,0,4,1,-8.410979534791982,-78.80541966305923,0,4,7,1,2,2,2,2,6543.555,3.0,2,0,1.0,0,30,1475.0,0.5051395598219868,77.13285387085847,51.52067479184955,6.715328807318118,900.900383457586,67612.41755888652,8931.828000000005,1335.5899999999997,1935.9830000000004,5660.255000000005,1219.309,7712.519000000005,13.651281686122925,2,2,0,0,0,42.202412750210534,37.20148476936033,47.20334073106074,1.0,0.8003711923400825,0.0,0.19962880765991753,2,0,0.0,1.0,0.0,0.19962880765991753,0.0,0.19962880765991753,1.0,0.0,1.0,0.0,5,0,2021,4,9,3,0,0,0,1,1,1,GRAVE_MORTALIDAD,2
5,1,12,0,4,1,-8.801869177730838,-78.68794334941835,0,4,7,1,2,2,2,4,6543.555,3.0,2,0,1.0,0,30,1475.0,0.5845519401596097,79.59116796930243,67.5808907876311,8.938306682788541,964.4618412395608,20603.336210950525,8606.159663942964,1422.353982772321,1851.9413287686343,5331.864352402009,1367.8764145698415,7238.283249373123,16.182325409184088,6,1,0,0,5,34.62581624563061,33.503264982522424,35.74836750873879,1.0,0.0,0.24945583624626244,0.24945583624626244,1,0,0.0,0.24945583624626244,0.24945583624626244,0.7505441637537376,0.0,0.0,1.0,0.0,0.24945583624626244,0.0,11,2,2022,6,3,5,0,0,0,1,1,1,GRAVE_MORTALIDAD,2
3,1,5,0,4,1,-7.09000487771219,-79.24590919303584,0,4,5,1,2,2,2,1,895.3451173065367,2.0,2,0,0.746419830009849,8,14,170.97555070937952,0.521762026676523,72.56767795432914,65.59765532993801,7.190560574604955,934.941754857968,7303.543228757392,15935.565011852366,1733.9250000199986,935.692,13265.948011832368,2000.1670000199988,13935.398011832369,12.551591352627522,14,1,0,0,12,39.32518356979317,34.846664589734075,43.80370254985226,1.0,0.746419830009849,0.746419830009849,0.746419830009849,1,0,0.0,0.0,0.253580169990151,0.746419830009849,0.746419830009849,0.746419830009849,0.253580169990151,0.0,0.746419830009849,0.746419830009849,18,2,2023,6,28,5,1,1,2,1,0,1,GRAVE_MORTALIDAD,2
3,1,20,0,4,1,-15.47758720269277,-70.57085958581843,0,4,5,0,2,2,2,2,1542.0288531796166,2.0,1,0,0.8544826996125751,7,26,276.50622129453166,0.46885480225862275,77.72318037065035,69.21851908451559,7.1057687666998515,604.5380386991125,7070.8078124995045,13642.312999999998,2020.7790000000005,2354.117,9267.416999999998,3314.0520000000006,10328.260999999997,24.29244952817019,4,1,0,0,2,27.882414353680538,21.473794106586226,34.29103460077485,1.0,0.14551730038742494,0.0,0.0,1,0,0.0,0.0,0.0,1.0,0.0,0.14551730038742494,0.8544826996125751,0.0,1.0,0.8544826996125751,1,0,2022,11,19,3,0,0,2,1,0,1,GRAVE_MORTALIDAD,2
3,1,3,0,4,0,-16.508092657716915,-71.74884952824253,0,3,0,1,2,1,1,0,6555.320324359383,2.0,3,3,1.0,13,32,1249.0050361151425,0.6658403800828762,81.1744284165954,76.55586016553731,10.28328495833188,1185.787351185147,14646.398346030997,10322.272,1495.236,1749.739,7077.2970000000005,2886.595,7435.677000000001,27.964725207783708,10,2,0,0,8,41.830324262505115,30.732129705002045,52.92851882000818,1.0,0.0,0.0,0.0,2,0,0.0,0.0,0.1220216175003409,1.0,0.0,1.0,1.0,0.0,0.0,0.0,7,1,2024,9,26,4,0,1,0,1,0,1,GRAVE_MORTALIDAD,2
4,1,14,0,4,1,-12.126604270059298,-77.00093186874624,0,1,2,1,2,1,1,0,6543.555,3.0,2,0,1.0,0,30,1475.0,0.6894151060061189,79.87829046686245,74.064043169776,9.903524757066391,1393.996357436608,438847.51415252726,7626.313,1683.4029999999998,1599.0829999999996,4343.827000000001,1814.875,5811.438000000001,23.797541485643197,5,1,0,3,0,53.94376424869766,51.385928336854235,56.501600160541095,1.0,0.0,0.0,0.0,1,0,0.0,0.7308102605266947,0.0,0.26918973947330527,0.26918973947330527,0.0,0.7308102605266947,0.0,0.26918973947330527,0.0,10,2,2022,6,28,1,0,1,0,1,1,1,GRAVE_MORTALIDAD,2
6,1,9,0,4,0,-9.907563194477794,-76.19958310036066,0,3,0,0,1,2,2,1,6545.265870604492,2.0,3,3,1.0,13,32,1205.4169665284949,0.591124274715471,71.56844947684137,72.29943610414743,10.145081727299436,1042.2252397527534,93557.37605713817,8198.716825974447,1339.6870478767546,806.2982396816926,6052.731538415999,1073.2559578958803,7125.460868078566,13.104022363339654,3,1,0,0,2,21.088719695316925,21.088719695316925,21.088719695316925,1.0,0.9822560609366149,0.0,0.9822560609366149,1,0,0.0,0.0,0.9822560609366149,0.017743939063385117,0.9822560609366149,0.0,0.017743939063385117,0.0,1.0,0.0,4,0,2021,7,25,0,0,0,1,1,0,1,GRAVE_MORTALIDAD,2
7,1,8,0,4,0,-13.391005334179738,-74.989770745455,0,4,1,0,4,2,2,1,6543.555,2.0,4,4,1.0,14,33,1198.0,0.4952669545648485,67.74160138898266,48.23172472382251,6.840808429896492,1061.4709323753902,2171.358264195346,8511.426,1445.3929999999996,2008.516,5057.516999999999,1879.579,6631.846999999998,22.08300935706896,4,1,0,0,3,36.82903014037246,36.82903014037246,36.82903014037246,1.0,0.6170969859627542,0.0,0.6170969859627542,1,0,0.0,0.0,0.0,1.0,0.0,0.0,1.0,0.6170969859627542,0.0,0.6170969859627542,15,2,2021,1,13,2,0,0,2,1,0,1,GRAVE_MORTALIDAD,2
6,6,5,0,4,2,-6.296782238009851,-78.66291566814509,0,4,7,0,1,2,2,1,6543.555,2.0,4,4,1.0,14,33,1198.0,0.3344646673203048,75.74025524831903,52.374246125101166,4.850231140916322,360.1510557667936,9254.372591006424,15935.565011852366,1733.9250000199986,935.692,13265.948011832368,2000.1670000199988,13935.398011832369,12.551591352627522,7,1,0,0,6,40.55289853163751,40.55289853163751,40.55289853163751,1.0,0.0,0.0,0.8221159412655004,1,0,0.0,0.8221159412655004,0.17788405873449964,0.0,0.17788405873449964,0.0,0.8221159412655004,0.0,1.0,0.0,14,3,2022,8,20,1,0,0,2,1,0,1,GRAVE_MORTALIDAD,2
4,1,3,0,4,1,-16.249119438633176,-71.65491745318957,2,4,4,0,2,0,1,0,1504.4250000000002,2.0,2,0,1.0,7,25,241.0,0.6005060748875158,78.21704200773246,77.40211893847457,8.994742794352394,996.014120858737,33335.45824411135,10322.272,1495.236,1749.739,7077.2970000000005,2886.595,7435.677000000001,27.964725207783708,11,1,0,0,10,31.582740501055437,30.0,33.16548100211087,1.0,0.0,0.0,0.3517201113456523,1,0,0.0,1.0,0.0,0.0,0.0,0.0,1.0,0.0,0.0,0.0,16,2,2021,9,24,2,0,0,0,1,0,1,GRAVE_MORTALIDAD,2
3,1,19,0,4,1,-5.142097598630702,-80.29697024823126,0,4,4,0,2,1,1,0,1305.18,2.0,2,0,1.0,1,20,163.0,0.4653748048968089,74.19666709322776,61.11371397478021,6.596218102126203,701.9088264424688,75914.02997858672,8965.846000060003,1782.4120000599992,636.9959999999999,6546.438000000004,2214.505000059999,6751.341000000004,24.699342371541725,5,2,0,0,3,35.12189345132053,29.923245916549476,40.32054098609158,1.0,0.44018032869719315,0.0,1.0,2,0,0.5598196713028069,0.44018032869719315,0.5598196713028069,1.0,0.5598196713028069,0.44018032869719315,0.44018032869719315,0.5598196713028069,1.0,0.5598196713028069,7,1,2021,7,12,2,0,0,0,1,0,1,GRAVE_MORTALIDAD,2
5,1,1,0,4,1,-9.463385658619353,-78.32351734041715,0,4,7,1,2,2,2,0,6543.555,3.0,2,0,1.0,0,30,1475.0,0.5873460606982213,78.04758132038613,65.8701248560095,8.596987164492063,1041.0659985770535,35482.29764453961,10767.648,1885.0630000000003,1222.721,7659.864000000001,2100.343,8667.305000000002,19.506051832303577,3,1,0,0,2,37.9306922269617,37.72276890784682,38.138615546076586,1.0,0.0,0.0,0.0,1,0,0.0,1.0,0.0,0.06930777303829483,0.0,0.0,1.0,0.0,0.0,0.0,2,0,2022,11,23,3,0,1,0,1,1,1,GRAVE_MORTALIDAD,2
3,1,12,0,4,1,-10.052302547930061,-77.24352810248656,0,4,7,0,2,1,1,0,6584.22318368245,2.0,3,2,1.0,11,32,1374.304716648665,0.5474476876546639,77.46348282629062,65.59356141122164,8.152059418757904,902.0901626697456,75561.90314890433,9537.961554065514,1661.286441880872,1106.3305438224531,6770.3445683621885,2497.9802081983316,7039.9813458671815,26.076620830137553,10,2,0,0,8,44.53068971266026,38.217816187767106,50.84356323755342,1.0,0.5782183812232895,0.5782183812232895,1.0,2,0,0.0,0.5782183812232895,1.0,0.0,0.5782183812232895,0.0,0.4217816187767105,0.5782183812232895,0.5782183812232895,0.5782183812232895,22,2,2023,11,18,3,0,1,0,1,0,1,GRAVE_MORTALIDAD,2
8,1,5,0,4,2,-6.871808679310081,-78.3698951444659,0,4,0,0,1,2,2,0,6543.555,2.0,4,4,1.0,14,33,1198.0,0.2116535234431975,72.23964234911044,33.34080998939675,3.774817807391314,190.17956396712304,4429.908427623848,15935.565011852366,1733.9250000199986,935.692,13265.948011832368,2000.1670000199988,13935.398011832369,12.551591352627522,3,1,0,0,2,41.6094702405244,41.6094702405244,41.6094702405244,1.0,1.0,0.0,0.40236756013109964,1,0,0.0,0.5976324398689004,0.0,0.40236756013109964,0.0,0.40236756013109964,0.5976324398689004,0.5976324398689004,1.0,0.5976324398689004,17,2,2022,10,22,3,0,0,2,1,0,1,GRAVE_MORTALIDAD,2
5,1,14,0,4,1,-7.900044551652259,-78.61490535784637,1,4,6,1,3,2,2,0,6860.696800401909,2.738930455349472,2,0,1.0,2,27,1646.7837603800472,0.5457423386099052,78.34681526088836,63.352538398689504,8.704309855311365,848.3850017863203,17076.301734507215,3516.455054257292,527.9914691988173,747.4549145044908,2241.008670553984,673.9906808263424,2842.4643734309493,19.21759024450849,2,1,0,0,1,29.137434062768474,23.13283453580633,32.27026859857481,1.0,0.0,0.0,0.0,1,0,0.0,0.2610695446505278,0.2610695446505278,1.0,1.0,0.0,0.2610695446505278,1.0,0.2610695446505278,1.0,6,0,2022,2,22,3,0,1,0,1,0,1,GRAVE_MORTALIDAD,2
6,1,2,0,4,1,-16.676412425838492,-72.21202779067846,0,4,1,1,2,1,1,0,330.7865724647628,1.9708301077092567,1,0,0.9708301077092567,7,25,16.91326447290616,0.5769482523035981,74.75510863912062,71.04666139482646,9.97799786697294,927.8046227205451,7209.089831054184,10335.263569948884,1506.6072116020237,1734.365941704717,7094.290416642142,2863.6601138466185,7471.603456102264,27.717986616498376,3,1,0,0,2,53.53328172334811,53.53328172334811,53.53328172334811,1.0,0.0,0.9708301077092567,0.9708301077092567,1,0,0.0,0.0,0.0,0.9708301077092567,0.0,0.0,1.0,0.9708301077092567,0.0,0.0,11,1,2023,1,4,5,1,0,0,1,0,1,GRAVE_MORTALIDAD,2
6,1,7,0,4,1,-12.9820194608003,-71.95892064805804,0,4,0,0,3,2,2,2,6543.555,2.0,4,4,1.0,14,33,1198.0,0.30031671825317935,66.22764765227747,51.1668646473246,4.827709151178819,329.97510399760495,12270.818476040035,17779.13499998999,2097.3709999899997,2863.123,12818.640999999989,2878.713,14900.421999989989,16.19152450331032,11,1,0,0,10,40.10829036291938,40.10829036291938,40.10829036291938,1.0,0.45876178556616987,0.0,0.5412382144338301,1,0,0.0,0.0,0.5412382144338301,0.0,0.0,0.0,1.0,0.0,0.45876178556616987,0.0,23,2,2021,3,4,3,0,0,2,1,0,1,GRAVE_MORTALIDAD,2
6,1,7,0,4,1,-13.025150018690763,-71.99680137253155,0,4,0,1,6,2,2,5,6543.555,2.0,4,4,1.0,14,33,1198.0,0.23790229203970478,69.33638082434682,40.669467894267555,3.570994342810634,238.79782436511323,5491.46013177733,17779.13499998999,2097.3709999899997,2863.123,12818.640999999989,2878.713,14900.421999989989,16.19152450331032,13,1,0,0,12,40.534315564849265,40.534315564849265,40.534315564849265,1.0,0.052907433270664384,0.0,0.0,1,0,0.0,0.0,0.0,1.0,0.0,0.052907433270664384,0.9470925667293356,0.0,0.052907433270664384,0.0,19,2,2022,8,25,1,0,0,2,1,0,1,GRAVE_MORTALIDAD,2
5,1,9,0,4,0,-12.653910493600494,-75.30613899238703,0,4,2,1,2,1,0,0,6572.370674310816,2.0,3,2,1.0,12,32,1322.9217160539388,0.3068586311732196,73.82741441287132,56.827870084484374,5.409271632006935,519.2663475931477,7801.276336617856,8246.904863967344,1516.5236642057364,1886.1545814136068,4844.226618348001,1860.2418356087223,6386.663028358621,22.595407193746247,4,1,0,0,3,50.264302749583166,49.81601907953315,50.71258641963319,1.0,0.7011442199666534,0.0,0.0,1,0,0.0,0.0,0.29885578003334656,1.0,0.0,1.0,0.29885578003334656,0.0,0.0,0.0,8,1,2025,5,21,2,0,1,1,1,0,1,GRAVE_MORTALIDAD,2
3,1,11,0,4,1,-10.965541725376717,-76.02628764882877,4,4,7,1,2,1,1,2,9805.969617491102,2.0,2,0,1.0,9,30,3683.323941635009,0.4550413083688373,71.39022593258129,62.255056978563374,7.649619210821252,629.4324978251643,6111.875449044245,12264.545,1826.4639999999995,1105.5389999999998,9332.542,1588.5359999999996,10676.009,12.952261987705208,5,2,0,0,3,72.58204010724262,67.33126417158819,77.83281604289705,1.0,0.0,0.0,1.0,2,0,0.0,0.0,0.05572798570098447,0.9442720142990155,0.05572798570098447,0.9442720142990155,0.05572798570098447,0.0,1.0,0.05572798570098447,15,3,2022,4,9,1,0,0,2,1,0,1,GRAVE_MORTALIDAD,2
6,1,19,0,4,1,-5.069632570219499,-80.82078961200256,0,4,7,1,2,2,2,0,280.18662971510236,2.0,2,0,0.9117278483416327,1,21,22.766696189551837,0.5276547607981246,80.16390405668432,67.20371684281942,7.1974058389258095,818.1100616277427,12541.246006116775,8965.846000060003,1782.4120000599992,636.9959999999999,6546.438000000004,2214.505000059999,6751.341000000004,24.699342371541725,2,1,0,0,1,38.85371518482572,35.20680379145918,41.58889872985061,1.0,0.08827215165836733,0.0,1.0,1,0,0.0,0.0,0.0,1.0,1.0,0.0,0.0,1.0,0.08827215165836733,1.0,10,1,2021,3,11,1,0,0,0,1,0,1,GRAVE_MORTALIDAD,2
3,1,7,0,4,1,-13.666935599161137,-71.75491869769503,0,4,2,1,2,1,1,2,7276.071441993806,2.0,2,1,1.0,10,13,1198.0,0.31912188847378276,70.38524752749119,57.72453257831381,4.7447224307734555,357.8777089089083,10832.531276034886,17779.13499998999,2097.3709999899997,2863.123,12818.640999999989,2878.713,14900.421999989989,16.19152450331032,4,1,0,0,3,40.75520641721124,36.19166973246202,45.31874310196047,1.0,0.7020825668844966,0.0,1.0,1,0,0.0,0.0,0.7020825668844966,1.0,0.0,0.0,1.0,0.0,0.29791743311550345,0.0,11,2,2021,9,11,0,0,0,2,1,0,1,GRAVE_MORTALIDAD,2
3,1,3,0,4,1,-16.65374725376212,-71.95594332705785,0,4,7,1,2,0,1,0,6639.975,2.0,2,0,1.0,9,31,1616.0,0.6264296513981196,77.15728646275961,71.71200474715245,8.506050682697213,1235.289267372914,7206.390475872769,10322.272,1495.236,1749.739,7077.2970000000005,2886.595,7435.677000000001,27.964725207783708,2,2,0,0,0,29.044338590510943,21.029559060340627,37.059118120681255,1.0,0.5073897650851571,0.0,0.0,2,0,0.0,0.0,0.0,1.0,0.5073897650851571,1.0,0.0,0.0,0.5073897650851571,0.0,19,2,2023,5,26,3,0,1,0,1,0,1,GRAVE_MORTALIDAD,2
6,1,5,0,4,2,-6.717558928552085,-78.5361680069572,0,3,3,0,1,2,2,1,3778.4225510488504,1.558496076718825,2,3,0.5584960767188251,11,32,691.1534960732112,0.3484871558022944,76.33677469666252,53.28672218475212,4.131981838863427,447.1658531581213,76209.5845824411,15935.565011852366,1733.9250000199986,935.692,13265.948011832368,2000.1670000199988,13935.398011832369,12.551591352627522,4,1,0,0,3,33.1699215343765,33.1699215343765,33.1699215343765,1.0,0.5584960767188251,0.0,0.5584960767188251,1,0,0.0,0.0,0.5584960767188251,0.44150392328117494,0.5584960767188251,0.0,0.44150392328117494,1.0,0.5584960767188251,0.5584960767188251,15,2,2023,8,13,4,0,0,2,1,0,1,GRAVE_MORTALIDAD,2
6,1,3,0,4,2,-15.646885160894689,-71.97968955876935,0,4,0,0,7,2,2,0,6543.555,2.0,4,4,1.0,14,33,1198.0,0.5170139711069007,78.76696016301355,51.26092200111185,7.035425376773529,915.8624557234623,635.7342925534515,10322.272,1495.236,1749.739,7077.2970000000005,2886.595,7435.677000000001,27.964725207783708,4,1,0,0,3,44.130672630413265,44.130672630413265,44.130672630413265,0.8693273695867376,0.0,0.0,1.0,1,0,0.0,0.0,0.0,1.0,0.0,0.13067263041326238,0.8693273695867376,0.0,1.0,0.0,8,1,2023,11,12,3,0,0,0,1,0,1,GRAVE_MORTALIDAD,2
6,1,5,0,4,2,-6.106309928119743,-79.0601531350006,0,4,0,0,1,2,2,0,6543.555,2.0,4,4,1.0,14,33,1198.0,0.3605278407274771,70.9422258695206,50.316305581624995,5.532406419857035,455.2554957403368,7538.391821558063,15935.565011852366,1733.9250000199986,935.692,13265.948011832368,2000.1670000199988,13935.398011832369,12.551591352627522,4,1,0,0,3,31.762010987836064,28.926008546094717,33.889012819142074,0.2909993895646631,0.0,0.0,0.2909993895646631,1,0,0.0,0.7090006104353369,0.0,0.2909993895646631,0.0,0.0,0.2909993895646631,0.0,1.0,0.0,14,2,2022,6,16,2,0,0,2,1,0,1,GRAVE_MORTALIDAD,2
3,1,12,0,4,1,-7.643263019016385,-78.57147558945795,0,4,7,1,2,2,2,0,701.627074425636,2.0,2,0,1.0,7,27,108.25557638368355,0.4264882197323717,76.32217613466925,43.89180773964304,6.039068470493258,656.0699163940036,13108.97213164432,8936.285749173267,1394.1419547842152,1765.7625809537792,5776.381213435272,1349.7203745274865,7586.565374645779,15.099029446123655,4,2,0,0,2,32.089684027405966,24.39312268493731,39.78624536987462,1.0,0.0,0.0,0.13104089497910376,2,0,0.0,1.0,0.8689591050208962,0.13104089497910376,0.13104089497910376,0.0,1.0,0.0,1.0,0.0,17,2,2023,4,4,0,0,0,0,1,0,1,GRAVE_MORTALIDAD,2