CLASE SINIESTRO,CANTIDAD DE VEHICULOS DAÑADOS,DEPARTAMENTO,ZONA,TIPO DE VÍA,RED VIAL,COORDENADAS LATITUD,COORDENADAS  LONGITUD,CONDICIÓN CLIMÁTICA,ZONIFICACIÓN,CARACTERÍSTICAS DE VÍA,PERFIL LONGITUDINAL VÍA,SUPERFICIE DE CALZADA,¿EXISTE SEÑAL VERTICAL?,¿EXISTE SEÑAL HORIZONTAL?,CAUSA FACTOR PRINCIPAL,MTC_RVN_LONGITUD_KM,MTC_RVN_N_CARRILES_MEDIANA,MTC_RVN_SUPERFICIE_DOMINANTE,MTC_RVN_ESTADO_DOMINANTE,MTC_RVN_ES_CONCESIONADA,MTC_RVN_CONCESION_PRINCIPAL,MTC_RVN_CORREDOR_LOGISTICO,MTC_RVN_N_TRAMOS,IDH_2019,IDH_ESP_VIDA_2019,IDH_EDUC_SECUND_PCT_2019,IDH_ANIOS_EDUC_2019,IDH_INGRESO_PERCAP_2019,IDH_POBLACION_2019,MTC_DEP_RED_TOTAL_KM,MTC_DEP_NACIONAL_TOTAL_KM,MTC_DEP_DEPARTAMENTAL_TOTAL_KM,MTC_DEP_VECINAL_TOTAL_KM,MTC_DEP_PAV_TOTAL_KM,MTC_DEP_NO_PAV_TOTAL_KM,MTC_DEP_PCT_PAVIMENTADA,PER_TOTAL_PERSONAS,PER_N_CONDUCTORES,PER_N_CONDUCTORES_FUGADOS,PER_N_PEATONES,PER_N_PASAJEROS_OCUPANTES,PER_EDAD_COND_PROM,PER_EDAD_COND_MIN,PER_EDAD_COND_MAX,PER_ANY_COND_MASCULINO,PER_ANY_LIC_PROBLEMA,PER_ANY_DOSAJE_POS,PER_ANY_DOSAJE_EVALUADO,VEH_TOTAL,VEH_N_FUGADOS,VEH_ANY_FUGADO,VEH_ANY_CARGA,VEH_ANY_PUBLICO,VEH_ANY_PARTICULAR,VEH_ANY_MOTO,VEH_ANY_AUTO,VEH_ANY_CAMION_BUS,VEH_ANY_SOAT_PROBLEMA,VEH_ANY_CITV_PROBLEMA,VEH_ANY_SEGURO_PROBLEMA,HORA_NUM,FRANJA_HORARIA,ANIO,MES,DIA_MES,DIA_SEMANA,ES_FIN_SEMANA,ES_QUINCENA,REGION_NATURAL,TIENE_SEÑALIZACION,ES_VIA_MULTICARRIL,ES_DEPTO_BAJO_PAVIMENTO,CATEGORIA_SEVERIDAD,CATEGORIA_SEVERIDAD_ENC
3,2,10,1,4,1,-14.410952117437457,-75.0815074176468,0,3,7,1,2,2,2,0,6954.989971749355,2.0,2,0,1.0,9,31,1827.5414752006384,0.5563774842369664,77.00938809632027,69.10246351364754,8.476961866273152,914.8835608305218,27932.19700214133,3717.2243290275273,685.4209911719372,760.7248267896688,2271.0785110659217,1053.9804508402856,2663.243878187242,28.33997839431725,3,2,0,0,1,34.54452811562494,28.331169680937457,40.75788655031242,1.0,0.9044528115624939,0.0,0.0,2,0,0.0,1.0,0.09554718843750609,0.9044528115624939,0.0,0.0,1.0,0.0,0.9044528115624939,0.9044528115624939,17,1,2022,3,28,0,0,1,0,1,0,1,GRAVE_MORTALIDAD,2
5,1,12,2,2,4,-8.126175323231088,-79.0212998939561,0,0,3,0,2,1,1,1,6543.555,2.0,4,4,1.0,14,33,1198.0,0.7150667340777126,79.57598260478514,77.25341630242416,11.807818889333141,1377.845550626341,331272.14439784025,8930.851855506651,1335.8500626914793,1935.7310970499684,5659.2706957652035,1219.7543096834036,7711.097545823247,13.65886812950461,2,1,0,0,1,37.00336468766739,36.99775687488841,37.008972500446376,1.0,0.9992522916294689,0.0,0.0,1,0,0.0,0.0007477083705310639,0.0,0.9992522916294689,0.9992522916294689,0.0,0.0007477083705310639,1.0,0.0007477083705310639,0.9992522916294689,4,0,2021,9,22,2,0,1,0,1,0,1,GRAVE_MORTALIDAD,2
3,1,3,0,4,1,-16.45415854801568,-71.95513831288567,0,4,7,1,2,1,1,0,6639.975,2.0,2,0,1.0,9,31,1616.0,0.6455852322566902,78.58826324858522,78.38415596279924,8.472481180514539,1258.6172876652156,2628.282655246253,10322.272,1495.236,1749.739,7077.2970000000005,2886.595,7435.677000000001,27.964725207783708,4,2,0,0,1,41.599787563254424,35.43518165113469,48.11727217044897,0.40586360852244874,0.40586360852244874,0.0,0.0,2,0,0.0,0.5941363914775513,0.0,1.0,0.40586360852244874,1.0,1.0,0.0,0.40586360852244874,0.40586360852244874,15,2,2023,8,20,2,0,1,0,1,0,1,GRAVE_MORTALIDAD,2
6,1,20,0,4,1,-14.3640394007416,-70.54990806593965,3,4,0,1,2,2,2,2,1689.558590750884,2.0,2,0,1.0,6,22,362.5618029252442,0.36559711881546825,71.1437385143893,53.60994734887242,5.612763581789372,449.9348381689491,6515.151243185321,13642.312999999998,2020.7790000000005,2354.117,9267.416999999998,3314.0520000000006,10328.260999999997,24.29244952817019,5,1,0,0,4,35.52629451877398,35.52629451877398,35.52629451877398,1.0,0.0,0.0,0.0,1,0,0.0,0.0,0.2806993909748864,0.7193006090251136,0.0,0.7193006090251136,0.2806993909748864,1.0,1.0,1.0,8,0,2021,11,20,3,0,1,2,1,0,1,GRAVE_MORTALIDAD,2
4,1,10,0,4,1,-8.57330759055226,-77.21612217016852,0,4,4,1,5,2,2,0,1309.0844087960556,1.3812530175423938,1,3,0.0,9,23,272.51238533338903,0.19531663227632587,78.95390602938362,36.265625680107284,2.6472688609169555,191.91039395788474,18721.97930718635,8656.26937525787,1334.7847936269502,1499.8272604133967,5821.657321217523,1158.5182063528653,7497.751168905004,13.368989705775126,2,1,0,0,0,30.57819289470386,23.143759052627182,38.01262673678053,1.0,0.0,0.0,0.0,1,0,0.0,0.0,0.0,1.0,0.3812530175423937,0.0,0.6187469824576063,0.3812530175423937,0.0,0.3812530175423937,6,1,2022,2,23,3,0,1,0,1,0,1,GRAVE_MORTALIDAD,2
3,2,7,0,4,1,-15.14395058699509,-71.11550153923616,0,4,0,0,2,1,0,2,568.5409999999999,1.0,2,3,0.0,9,3,93.0,0.355098207167208,68.3613667550955,63.67135485753481,5.086149931804045,434.69748170384344,1121.9446566230167,17779.13499998999,2097.3709999899997,2863.123,12818.640999999989,2878.713,14900.421999989989,16.19152450331032,5,2,0,0,3,38.040839882433175,28.571758354064478,47.50992141080187,1.0,0.0,0.0,0.08167976486635398,2,0,0.0,0.918320235133646,0.0,1.0,0.0,1.0,1.0,0.0,0.08167976486635398,0.0,7,1,2022,8,23,5,0,0,2,1,0,1,GRAVE_MORTALIDAD,2
6,0,11,0,4,1,-11.787355627334481,-75.56509709144136,0,4,0,1,2,1,1,2,7586.903,2.0,2,0,1.0,9,5,1198.0,0.4765314310695599,68.77943315312342,66.52551073259697,7.829679556425351,723.7618758568078,861.4648272725651,12264.545,1826.4639999999995,1105.5389999999998,9332.542,1588.5359999999996,10676.009,12.952261987705208,5,1,0,0,4,24.74179919039122,24.74179919039122,24.74179919039122,0.7822751012010978,0.0,0.0,0.21772489879890222,1,0,0.21772489879890222,0.0,0.0,1.0,0.0,1.0,0.0,0.0,0.0,0.21772489879890222,7,0,2021,8,26,0,0,1,2,1,0,1,GRAVE_MORTALIDAD,2
6,1,8,0,4,2,-12.843889494713304,-74.94689878638499,0,4,5,1,1,2,2,1,6543.555,2.0,4,4,1.0,14,33,1198.0,0.6115577679846016,69.4715106582134,81.41341310644326,10.846605635197736,1091.214473177582,41539.0278372591,8511.426,1445.3929999999996,2008.516,5057.516999999999,1879.579,6631.846999999998,22.08300935706896,4,1,0,0,3,31.997277860948913,31.997277860948913,31.997277860948913,1.0,0.0,0.0,0.0,1,0,0.0,0.0,0.0,1.0,0.0,0.749659732618614,0.25034026738138604,0.0,0.25034026738138604,0.0,12,2,2024,7,18,0,0,1,2,1,0,1,GRAVE_MORTALIDAD,2
6,1,11,0,4,1,-8.985735663530253,-78.22699672384914,0,4,6,0,1,2,2,2,6543.555,2.8317246313050894,2,0,1.0,2,30,1428.3877228715098,0.4503384009984772,76.92055929349654,51.5362157615831,5.7863220150020185,743.5283381015911,9840.933925478163,8810.203443493016,1335.2346024213161,1743.4749685608108,5731.493872510888,1192.4774924615965,7617.725951031419,13.526685197998447,2,1,0,0,1,28.16827536869491,28.16827536869491,28.16827536869491,1.0,0.0,0.0,0.0,1,0,0.0,0.16827536869491033,0.0,0.8317246313050897,0.0,0.8317246313050897,0.16827536869491033,0.0,0.8317246313050897,0.0,13,3,2021,7,13,0,0,0,0,1,0,1,GRAVE_MORTALIDAD,2
3,2,20,0,4,1,-15.437494302273931,-70.1412731633997,0,4,7,1,2,1,1,3,7586.903,2.0,2,0,1.0,9,5,1198.0,0.5225679967471315,73.87568641139362,79.22999870887685,8.745562804731529,728.6643223924281,65445.28409703769,13642.312999999998,2020.7790000000005,2354.117,9267.416999999998,3314.0520000000006,10328.260999999997,24.29244952817019,6,2,0,0,4,34.69479915446338,26.411190980942727,39.75760394583756,1.0,1.0,0.0,0.46319943630892046,2,0,0.0,0.0,1.0,1.0,0.0,0.5368005636910795,1.0,1.0,1.0,0.5368005636910795,15,3,2021,5,24,3,0,1,2,1,0,1,GRAVE_MORTALIDAD,2
6,1,20,0,4,0,-14.522118685856604,-69.67453683423881,2,4,0,0,4,2,2,2,6543.555,2.0,4,4,1.0,14,33,1198.0,0.32392514171462117,68.86640332343684,67.43324775352075,6.032171126052923,306.7453892670299,5105.647475891728,13642.312999999998,2020.7790000000005,2354.117,9267.416999999998,3314.0520000000006,10328.260999999997,24.29244952817019,4,1,0,0,3,56.81559496717732,56.81559496717732,56.81559496717732,1.0,1.0,0.0,0.0,1,0,0.0,0.0,0.0,1.0,0.0,0.0,1.0,0.4868282119412368,1.0,0.4868282119412368,18,2,2021,7,20,3,0,0,2,1,0,1,GRAVE_MORTALIDAD,2
6,1,5,0,4,2,-7.022137521026758,-78.67045879990364,1,4,7,0,1,2,2,0,6543.555,2.0,4,4,1.0,14,33,1198.0,0.2710114767935815,68.28213935581022,35.04450965367578,3.9765191669517046,331.2303484764967,2994.0482247571267,15935.565011852366,1733.9250000199986,935.692,13265.948011832368,2000.1670000199988,13935.398011832369,12.551591352627522,3,1,0,0,2,24.627673836137287,24.627673836137287,24.627673836137287,1.0,0.0,0.06510695344549144,1.0,1,0,0.0,0.9348930465545086,0.0,0.06510695344549144,0.0,0.06510695344549144,0.9348930465545086,0.0,0.9348930465545086,0.0,17,1,2021,9,28,4,0,0,2,1,0,1,GRAVE_MORTALIDAD,2
6,1,22,0,4,1,-17.194992451573313,-70.15997679716875,1,4,4,0,2,2,2,2,1264.7148117484373,2.0,2,0,0.6370858888547155,9,24,270.7682516733305,0.4201668103098358,71.93504878102205,61.74028896116161,7.456602011629449,524.9387537115612,2286.1867733773643,2650.572,630.6729999999998,487.3610000000001,1532.5379999999998,1068.7019999999998,1581.87,40.31967439480987,4,1,0,0,3,46.63708588885471,46.63708588885471,46.63708588885471,1.0,0.0,0.0,1.0,1,0,0.0,0.0,0.0,1.0,0.0,0.6370858888547155,0.3629141111452845,0.0,0.0,0.0,10,2,2023,6,4,4,0,0,0,1,0,1,GRAVE_MORTALIDAD,2
3,4,3,0,4,1,-16.054212938090846,-71.34105405595405,4,4,0,0,2,0,1,0,1504.4250000000002,2.0,2,0,1.0,7,25,241.0,0.4685280505645348,81.83746865987648,70.74305753660312,6.037751599761188,617.4715908037651,1751.8736616702354,10322.272,1495.236,1749.739,7077.2970000000005,2886.595,7435.677000000001,27.964725207783708,6,4,0,0,2,42.6127978267394,39.50666149223668,44.10133229844734,1.0,0.0,0.0,0.0,4,0,0.0,1.0,0.0,1.0,0.0,0.8986677015526638,1.0,0.0,1.0,0.0,15,2,2022,3,4,5,1,0,0,1,0,1,GRAVE_MORTALIDAD,2
6,1,12,0,4,1,-7.411983130796922,-79.49822839809794,0,4,7,1,2,2,2,3,6543.555,2.456508855341533,3,2,1.0,7,31,1324.4529529296046,0.6138517538553948,80.84826225715301,64.49339622566798,9.143362084626023,1095.689060330069,16852.97430406852,8931.828000000005,1335.5899999999997,1935.9830000000004,5660.255000000005,1219.309,7712.519000000005,13.651281686122925,5,1,0,0,4,33.60848092235888,25.086982289316936,39.69526566024599,1.0,0.45650885534153296,0.0,0.0,1,0,0.0,1.0,0.0,0.0,0.0,0.0,1.0,0.0,0.45650885534153296,0.0,18,2,2021,6,13,4,0,0,0,1,0,1,GRAVE_MORTALIDAD,2
6,1,5,0,4,2,-7.052797885435822,-78.61515167815955,1,4,7,0,1,2,2,0,6543.555,2.0,4,4,1.0,14,33,1198.0,0.26688198831846605,68.8117116974822,35.58366839831382,3.910139616708507,319.7110637352724,3006.2060908212416,15935.565011852366,1733.9250000199986,935.692,13265.948011832368,2000.1670000199988,13935.398011832369,12.551591352627522,3,1,0,0,2,26.735906462957356,26.735906462957356,26.735906462957356,1.0,0.0,0.14943625851829423,1.0,1,0,0.0,0.8505637414817058,0.0,0.14943625851829423,0.0,0.14943625851829423,0.8505637414817058,0.0,0.8505637414817058,0.0,16,1,2021,9,26,4,0,0,2,1,0,1,GRAVE_MORTALIDAD,2
5,1,3,0,3,3,-16.08443409422148,-71.84484127278778,0,3,1,0,6,2,2,5,6543.555,2.0,4,4,1.0,14,33,1198.0,0.6781765681769709,78.53611002871094,82.62658526615853,11.192952417142871,1205.3244324129064,56006.98361986161,10133.38123426438,1508.4198090698617,1739.1833768608255,6885.778048333692,2811.505574881079,7321.8756593832995,27.672753955907794,3,1,0,0,2,33.522318613332914,33.522318613332914,33.522318613332914,0.07006440592591434,0.9299355940740857,0.0,0.0,1,0,0.0,0.9299355940740857,0.0,0.07006440592591434,0.0,0.07006440592591434,0.9299355940740857,0.0,0.0,0.0,22,2,2021,2,27,5,0,1,0,1,0,1,GRAVE_MORTALIDAD,2
4,1,7,0,4,1,-13.268681582014345,-72.13978640475527,0,4,3,0,1,2,2,2,4768.1213117616335,2.0,2,1,1.0,9,24,855.9016331018842,0.2952446017390661,71.05330689593346,56.20263192647996,4.583974807040457,290.21146943854984,15221.929392377113,17779.13499998999,2097.3709999899997,2863.123,12818.640999999989,2878.713,14900.421999989989,16.19152450331032,4,1,0,0,3,29.623884652997386,29.623884652997386,29.623884652997386,1.0,0.0,0.0,0.0,1,0,0.0,0.45870511566753824,0.0,0.5412948843324618,0.0,0.5412948843324618,1.0,0.0,0.5412948843324618,0.0,12,1,2024,7,9,3,0,0,2,1,0,1,GRAVE_MORTALIDAD,2
8,1,3,0,4,1,-16.11669936918115,-71.53504954626477,1,4,0,0,2,1,1,0,1504.4250000000002,2.0,2,0,1.0,7,25,241.0,0.6005060748875158,78.21704200773246,77.40211893847457,8.994742794352394,996.014120858737,33335.45824411135,10322.272,1495.236,1749.739,7077.2970000000005,2886.595,7435.677000000001,27.964725207783708,13,2,0,0,11,32.044894265636465,25.90815710939411,38.18163142187882,1.0,0.8183685781211781,0.0,0.18163142187882186,2,0,0.0,1.0,0.0,0.8183685781211781,0.0,0.8183685781211781,1.0,0.0,0.0,0.0,6,0,2021,7,14,4,0,0,0,1,0,1,GRAVE_MORTALIDAD,2
3,1,1,0,4,1,-9.445738704501768,-78.35034082757045,4,4,6,1,4,2,2,0,6543.555,3.0,2,0,1.0,0,30,1475.0,0.5873460606982213,78.04758132038613,65.8701248560095,8.596987164492063,1041.0659985770535,35482.29764453961,10767.648,1885.0630000000003,1222.721,7659.864000000001,2100.343,8667.305000000002,19.506051832303577,5,2,0,0,3,41.18562555817647,39.580834077568625,42.79041703878431,1.0,0.0,0.0,0.0,2,0,0.0,0.30239574030392224,0.0,1.0,0.0,0.6976042596960778,0.30239574030392224,0.0,0.0,0.0,4,0,2021,10,25,2,0,1,0,1,1,1,GRAVE_MORTALIDAD,2
2,1,19,0,3,1,-15.680773773897993,-70.28878757187184,0,3,6,1,2,2,2,4,7533.8982196532215,2.0,2,0,1.0,9,6,1198.0,0.6530109696080335,70.20879211646276,81.76845473951003,11.64753033013348,1247.0354101301841,145355.72381256137,13336.684620431322,2003.639425501104,2315.759317496799,9017.285877433418,3237.889925997901,10098.79469443342,24.267306917951935,3,1,0,0,0,41.3221909360887,33.25401294844471,49.390368923732694,1.0,0.050802589688942246,0.0,0.0,1,0,0.0,0.0,0.9491974103110578,1.0,0.0,0.9491974103110578,1.0,0.9491974103110578,0.9491974103110578,0.9491974103110578,22,2,2023,3,12,0,0,0,1,1,0,1,GRAVE_MORTALIDAD,2
5,1,7,0,4,1,-13.249523434034439,-72.1221544243964,3,4,3,0,2,0,1,2,3447.8009999999995,1.0,2,3,0.0,9,12,1109.0,0.4082371942365035,76.37730217518511,59.87755502222499,6.192099531655517,505.91048888191614,4319.894030396975,17779.13499998999,2097.3709999899997,2863.123,12818.640999999989,2878.713,14900.421999989989,16.19152450331032,3,1,0,0,2,45.88758343922122,45.88758343922122,45.88758343922122,1.0,0.5316994085436149,0.0,0.0,1,0,0.46830059145638514,0.0,0.0,1.0,0.46830059145638514,0.0,0.5316994085436149,0.46830059145638514,0.0,0.46830059145638514,18,2,2023,9,4,1,0,0,2,1,0,1,GRAVE_MORTALIDAD,2
6,1,1,0,4,2,-8.690730300944765,-77.4671832188381,0,4,0,0,1,2,2,0,6543.555,2.0,4,4,1.0,14,33,1198.0,0.13660274042028556,76.11275054492567,34.08563917108819,3.178488607728838,77.54657731018077,6285.842300057258,10767.648,1885.0630000000003,1222.721,7659.864000000001,2100.343,8667.305000000002,19.506051832303577,15,1,0,0,14,57.524923874154325,57.524923874154325,57.524923874154325,1.0,0.1468718280897634,0.0,0.0,1,0,0.0,0.0,1.0,0.0,0.1468718280897634,0.0,0.8531281719102366,0.0,0.0,0.0,16,3,2022,3,21,2,0,1,0,1,0,1,GRAVE_MORTALIDAD,2
0,1,14,1,2,3,-11.494781665264593,-76.81428832895921,0,0,1,1,2,2,2,1,6543.555,2.0,4,4,1.0,14,33,1198.0,0.7199165610058844,79.7314410878095,73.81328794224721,10.628386213049366,1525.7354337451907,156274.97739213172,7192.545688491095,1580.1516934369906,1514.176505809767,4098.217489244337,1712.5449989317221,5480.000689559373,23.879319408982845,3,1,0,1,0,38.0,38.0,38.0,1.0,0.9335804560066894,0.06641954399331063,0.06641954399331063,1,0,0.0,0.0,0.0,1.0,0.0,0.06641954399331063,0.9335804560066894,0.0,0.06641954399331063,0.0,20,2,2023,3,11,0,0,0,0,1,0,1,GRAVE_MORTALIDAD,2
6,1,2,0,4,0,-13.189199940965306,-73.75492632660749,6,4,6,0,2,2,2,2,6543.555,2.0,4,4,1.0,14,33,1198.0,0.45706507812255603,75.61129312425854,69.159500539139,6.783412982320572,623.548946325844,17320.587528585158,8397.580297216085,1286.032451295464,1341.0891082643307,5770.45873765629,1418.3020634238824,6979.278233792203,16.904370161158383,6,1,0,0,5,46.39341986753279,46.39341986753279,46.39341986753279,1.0,0.0,0.0,0.06739779249635625,1,0,0.0,0.0,0.0,1.0,0.0,0.9326022075036438,0.06739779249635625,0.0,0.0,0.0,13,2,2022,4,9,2,0,0,1,1,0,1,GRAVE_MORTALIDAD,2
3,1,3,0,4,1,-16.324255256055146,-72.17566729051256,0,4,6,0,2,0,1,0,6627.900320928877,2.0,2,0,1.0,9,31,1563.653849287184,0.6052356714235536,76.47073628571738,63.440222806857584,8.201514512091233,1227.8753405848292,6262.900461648226,10322.272,1495.236,1749.739,7077.2970000000005,2886.595,7435.677000000001,27.964725207783708,3,1,0,0,1,33.00184020502997,25.128910435688695,40.874769974371254,1.0,0.8747699743712533,0.0,0.0,1,0,0.0,0.0,0.0,1.0,0.8747699743712533,1.0,0.0,0.0,0.8747699743712533,0.0,20,2,2022,3,24,6,1,0,0,1,0,1,GRAVE_MORTALIDAD,2
4,1,12,0,4,1,-8.595304858903358,-78.67557096549753,0,4,7,1,2,1,1,0,6543.555,2.382053882511057,3,2,1.0,8,31,1303.8289254555627,0.4971504606547645,77.79759708660042,46.44666297237219,6.322206801902116,929.9716106661404,44368.59100642397,8931.828000000005,1335.5899999999997,1935.9830000000004,5660.255000000005,1219.309,7712.519000000005,13.651281686122925,5,1,0,0,4,31.49491600268797,28.82053882511057,34.16929318026537,1.0,0.0,0.0,0.382053882511057,1,0,0.0,0.0,0.382053882511057,0.617946117488943,0.0,0.0,1.0,0.0,0.0,0.0,22,2,2023,4,7,3,0,0,0,1,0,1,GRAVE_MORTALIDAD,2
6,1,4,0,4,2,-14.367607761086123,-73.95742788748747,0,4,0,0,2,1,0,2,6543.555,2.0,4,4,1.0,14,33,1198.0,0.41892433021662173,73.80372166022627,65.05155801596463,6.6267219126303045,518.4318190094879,3195.1424157034753,12678.733000000004,1805.074000000001,1774.0339999999994,9099.625000000004,2485.375000000001,10193.358000000002,19.602707936195205,45,1,0,0,43,48.74594116314364,39.02822875965071,58.46365356663658,1.0,0.0,0.0,0.9717712403492936,1,0,0.0,0.0,0.9717712403492936,0.02822875965070637,0.0,0.02822875965070637,0.9717712403492936,0.0,0.9717712403492936,0.0,9,1,2022,4,6,3,0,0,2,1,0,1,GRAVE_MORTALIDAD,2
3,2,10,0,4,1,-15.156123626079095,-74.95777431023275,5,3,7,1,2,1,1,2,6639.975,2.0,2,0,1.0,9,31,1616.0,0.5563774842369664,77.00938809632027,69.10246351364754,8.476961866273152,914.8835608305218,27932.19700214133,3721.461,698.1859999999996,744.866,2278.409,1102.9029999999996,2618.558,29.636290693359403,3,2,0,0,1,36.23109456774248,34.44834655028527,38.01384258519969,1.0,0.0,0.14483465502852721,1.0,2,0,0.0,0.8551653449714728,0.14483465502852721,1.0,0.0,0.8551653449714728,1.0,0.0,0.0,0.0,10,1,2022,6,22,5,1,1,0,1,0,1,GRAVE_MORTALIDAD,2
6,1,8,0,4,1,-13.420927138373106,-74.93789293764218,0,4,5,0,2,1,0,1,1679.5849999999998,2.0,2,3,1.0,9,24,315.0,0.2997946406100768,72.83003345209801,46.42647217987546,4.997510303405721,292.6881439974165,3327.8779443254816,8511.426,1445.3929999999996,2008.516,5057.516999999999,1879.579,6631.846999999998,22.08300935706896,29,1,0,0,28,32.51129033414892,32.51129033414892,32.51129033414892,1.0,0.0,0.0,0.6412442379787262,1,0,0.0,0.0,0.6412442379787262,0.3587557620212738,0.0,0.3587557620212738,0.6412442379787262,0.0,0.0,0.0,5,0,2024,7,19,2,0,1,2,1,0,1,GRAVE_MORTALIDAD,2
3,1,14,0,4,1,-12.276122802675083,-76.88880082568228,0,2,7,1,2,2,2,0,6639.975,2.0,2,0,1.0,9,31,1616.0,0.6909236767275176,78.41626133969348,70.97436336767564,9.826485374940413,1476.8351947609171,95908.53319057816,7626.313,1683.4029999999998,1599.0829999999996,4343.827000000001,1814.875,5811.438000000001,23.797541485643197,3,2,0,0,1,33.21329783264659,32.475531888431064,33.95106377686212,1.0,0.0,0.0,0.0,2,0,0.0,0.3688829721077652,0.0,1.0,0.3688829721077652,0.0,1.0,0.0,0.0,0.0,10,1,2023,10,22,0,0,1,0,1,0,1,GRAVE_MORTALIDAD,2
3,2,23,0,3,1,-4.930567191085688,-78.74663008240415,0,4,5,1,2,1,1,2,6543.555,2.7148984380772885,2,1,1.0,3,30,1396.0268673474088,0.5913824162942628,76.31586669413363,68.85699509444369,9.756386814764655,995.7549281271538,114397.9266946068,1488.0824578895083,210.95337437667743,579.4323906041337,697.696692908697,272.5888485870002,1215.493609302508,22.395556955549544,3,2,0,0,1,33.22133203788882,25.434085942695596,41.00857813308204,1.0,0.0,1.0,1.0,2,0,0.0,0.0,0.7148984380772886,0.2851015619227114,1.0,0.7148984380772886,0.0,0.0,1.0,0.0,19,2,2021,6,20,6,1,1,0,1,0,1,GRAVE_MORTALIDAD,2
6,1,12,0,4,0,-8.06453058558946,-77.23124185789764,0,4,7,0,3,2,2,2,6543.555,2.0,4,4,1.0,14,33,1198.0,0.2751852348667345,75.85957072480174,37.26152977271155,4.439886622456144,344.7197759892813,1389.7539635602704,8931.828000000005,1335.5899999999997,1935.9830000000004,5660.255000000005,1219.309,7712.519000000005,13.651281686122925,4,1,0,0,3,46.6058060830652,46.6058060830652,46.6058060830652,1.0,0.0,0.0,0.0,1,0,0.0,0.5701553302568446,0.0,0.4298446697431554,0.0,0.0,1.0,0.0,1.0,0.0,22,2,2021,8,2,5,0,0,0,1,0,1,GRAVE_MORTALIDAD,2
3,1,6,0,4,1,-6.122809212928001,-77.57212283005128,4,4,7,1,2,1,1,0,7758.33400008,2.0,2,0,1.0,9,20,2133.0,0.35364921612208244,72.9347534747586,39.06352473870026,5.213043083834876,542.854215809929,1486.986381347818,4437.371910637939,1050.9168156677727,701.5518917433265,2684.9032032268406,964.9852717262552,3472.3866389116843,22.265541492913464,3,2,0,0,1,63.185432851026334,55.22576934620097,71.1450963558517,1.0,0.693557663449757,0.306442336550243,0.306442336550243,2,0,0.0,0.0,0.306442336550243,0.693557663449757,1.0,0.693557663449757,0.306442336550243,0.0,1.0,1.0,19,2,2021,9,12,4,0,0,1,1,0,1,GRAVE_MORTALIDAD,2
3,1,1,0,4,1,-9.983607859182744,-78.15790707503632,0,4,6,0,1,2,2,0,6543.555,2.9622129101159445,2,0,1.0,0,30,1464.5329761021167,0.5907059172400375,79.50213270234671,66.69486266387655,9.020508335752188,996.1557351598767,25722.136824925616,10767.648,1885.0630000000003,1222.721,7659.864000000001,2100.343,8667.305000000002,19.506051832303577,3,1,0,0,1,48.10323555621742,44.73549037081161,51.47098074162322,1.0,1.0,0.0,0.0,1,0,0.0,0.0,0.9622129101159447,1.0,0.0,0.037787089884055325,0.9622129101159447,0.0,0.0,0.0,1,0,2021,7,12,3,0,0,0,1,0,1,GRAVE_MORTALIDAD,2
6,1,14,2,4,1,-12.062184094744776,-76.96797882254216,0,1,7,1,2,2,2,2,6435.274297946128,2.0,2,0,1.0,8,30,1564.1528085348273,0.6868549636939637,79.62363164345142,76.30894566128948,9.209137883551294,1425.4498631666322,684921.8484148846,7626.313,1683.4029999999998,1599.0829999999996,4343.827000000001,1814.875,5811.438000000001,23.797541485643197,2,1,0,1,0,37.39629982540552,37.39629982540552,37.39629982540552,1.0,0.0,0.0,0.0,1,0,0.0,0.0,0.0,1.0,0.03551177497614577,0.9644882250238542,0.0,0.0,0.03551177497614577,0.0,18,2,2024,2,22,4,0,0,0,1,0,1,GRAVE_MORTALIDAD,2
3,2,12,0,4,1,-8.154842865436686,-78.91911336314362,0,4,7,1,2,2,2,1,6543.555,3.0,2,0,1.0,0,30,1475.0,0.5168169302610284,78.81852848607471,52.8809081591776,6.769643620830861,924.0997455566346,44232.369360244775,8931.828000000005,1335.5899999999997,1935.9830000000004,5660.255000000005,1219.309,7712.519000000005,13.651281686122925,3,2,0,0,1,45.05281815984989,28.526763583639738,61.57887273606004,1.0,0.28943636803002193,0.0,0.0,2,0,0.0,0.7105636319699781,0.7105636319699781,0.28943636803002193,0.28943636803002193,0.7105636319699781,0.7105636319699781,0.28943636803002193,0.7105636319699781,0.28943636803002193,17,2,2022,9,13,3,0,0,0,1,1,1,GRAVE_MORTALIDAD,2