CLASE SINIESTRO,CANTIDAD DE VEHICULOS DAÑADOS,DEPARTAMENTO,ZONA,TIPO DE VÍA,RED VIAL,COORDENADAS LATITUD,COORDENADAS  LONGITUD,CONDICIÓN CLIMÁTICA,ZONIFICACIÓN,CARACTERÍSTICAS DE VÍA,PERFIL LONGITUDINAL VÍA,SUPERFICIE DE CALZADA,¿EXISTE SEÑAL VERTICAL?,¿EXISTE SEÑAL HORIZONTAL?,CAUSA FACTOR PRINCIPAL,MTC_RVN_LONGITUD_KM,MTC_RVN_N_CARRILES_MEDIANA,MTC_RVN_SUPERFICIE_DOMINANTE,MTC_RVN_ESTADO_DOMINANTE,MTC_RVN_ES_CONCESIONADA,MTC_RVN_CONCESION_PRINCIPAL,MTC_RVN_CORREDOR_LOGISTICO,MTC_RVN_N_TRAMOS,IDH_2019,IDH_ESP_VIDA_2019,IDH_EDUC_SECUND_PCT_2019,IDH_ANIOS_EDUC_2019,IDH_INGRESO_PERCAP_2019,IDH_POBLACION_2019,MTC_DEP_RED_TOTAL_KM,MTC_DEP_NACIONAL_TOTAL_KM,MTC_DEP_DEPARTAMENTAL_TOTAL_KM,MTC_DEP_VECINAL_TOTAL_KM,MTC_DEP_PAV_TOTAL_KM,MTC_DEP_NO_PAV_TOTAL_KM,MTC_DEP_PCT_PAVIMENTADA,PER_TOTAL_PERSONAS,PER_N_CONDUCTORES,PER_N_CONDUCTORES_FUGADOS,PER_N_PEATONES,PER_N_PASAJEROS_OCUPANTES,PER_EDAD_COND_PROM,PER_EDAD_COND_MIN,PER_EDAD_COND_MAX,PER_ANY_COND_MASCULINO,PER_ANY_LIC_PROBLEMA,PER_ANY_DOSAJE_POS,PER_ANY_DOSAJE_EVALUADO,VEH_TOTAL,VEH_N_FUGADOS,VEH_ANY_FUGADO,VEH_ANY_CARGA,VEH_ANY_PUBLICO,VEH_ANY_PARTICULAR,VEH_ANY_MOTO,VEH_ANY_AUTO,VEH_ANY_CAMION_BUS,VEH_ANY_SOAT_PROBLEMA,VEH_ANY_CITV_PROBLEMA,VEH_ANY_SEGURO_PROBLEMA,HORA_NUM,FRANJA_HORARIA,ANIO,MES,DIA_MES,DIA_SEMANA,ES_FIN_SEMANA,ES_QUINCENA,REGION_NATURAL,TIENE_SEÑALIZACION,ES_VIA_MULTICARRIL,ES_DEPTO_BAJO_PAVIMENTO,CATEGORIA_SEVERIDAD,CATEGORIA_SEVERIDAD_ENC
3,1,13,2,4,2,-9.32932856442133,-78.50605570747385,0,3,4,1,2,0,0,0,6543.555,2.520374903255542,2,1,1.0,6,31,1342.1438482017852,0.6965109368443111,79.89197744607048,78.7262834753074,11.465122955630147,1303.1450444217526,268586.6474914721,5458.1074798475875,1075.4276651555167,1125.8774798500565,3256.8023348420143,1236.4678875333998,4221.639592314188,21.993117208610254,4,2,0,0,1,42.35737567721121,36.194376451166875,48.520374903255544,1.0,0.0,0.0,0.0,2,0,0.0,0.5203749032555419,0.0,1.0,0.0,1.0,0.5203749032555419,0.0,0.5203749032555419,0.0,15,1,2021,6,24,2,0,1,0,1,0,1,GRAVE_MORTALIDAD,2
6,1,20,0,4,1,-15.756907698629837,-70.07045624200975,0,4,6,1,2,2,2,2,6571.887992750383,2.0,3,3,1.0,13,32,1198.0,0.32160535651421607,69.43264294975091,70.05937422382212,6.350692132050385,269.2429564425022,4869.600367834264,13642.312999999998,2020.7790000000005,2354.117,9267.416999999998,3314.0520000000006,10328.260999999997,24.29244952817019,2,1,0,0,1,26.868986922879284,26.868986922879284,26.868986922879284,1.0,0.027155841339977616,0.0,0.0,1,0,0.0,0.0,0.0,1.0,0.0,0.9728441586600224,0.027155841339977616,0.0,0.0,0.0,14,3,2023,7,15,6,1,0,2,1,0,1,GRAVE_MORTALIDAD,2
3,1,8,0,4,1,-13.353897475679965,-74.95451940086389,0,4,7,1,2,1,1,1,158.55621504920705,1.0048684076555032,1,3,0.004868407655503226,9,31,38.353417328229895,0.2997946406100768,72.83003345209801,46.42647217987546,4.997510303405721,292.6881439974165,3327.8779443254816,8511.426,1445.3929999999996,2008.516,5057.516999999999,1879.579,6631.846999999998,22.08300935706896,9,1,0,0,7,28.04381566889953,28.04381566889953,28.04381566889953,1.0,0.9951315923444968,0.0,0.9951315923444968,1,0,0.0,0.0,0.0,1.0,0.0,1.0,0.9951315923444968,0.0,0.0,0.0,1,0,2021,3,13,5,1,0,2,1,0,1,GRAVE_MORTALIDAD,2
6,1,12,0,4,1,-8.88948511312086,-78.63322818684158,0,4,7,1,2,2,2,6,6543.555,3.0,2,0,1.0,0,30,1475.0,0.4867987483268106,77.5825534369154,52.95148122709723,6.150547060309878,840.5788229266196,9838.736616702356,8931.828000000005,1335.5899999999997,1935.9830000000004,5660.255000000005,1219.309,7712.519000000005,13.651281686122925,6,1,0,0,5,48.381617803488076,48.381617803488076,48.381617803488076,1.0,0.0,0.0,0.41267824837914924,1,0,0.0,0.0,0.0,0.5873217516208508,0.0,0.5873217516208508,0.41267824837914924,0.0,0.0,0.0,12,1,2021,6,22,4,0,1,0,1,1,1,GRAVE_MORTALIDAD,2
6,1,11,0,10,2,-8.757162618698501,-77.10718022416822,0,4,6,0,6,2,2,0,6543.555,2.0,4,4,1.0,14,33,1198.0,0.2362157287365847,79.60959177991019,38.71366535385406,4.26704927596259,173.38715125284278,5963.802103822399,8889.595445199026,1346.620540327619,1943.26948745101,5599.705417420397,1285.638106327853,7603.957338871172,14.498312387523383,6,1,0,0,5,31.79450940382838,31.79450940382838,31.79450940382838,1.0,0.10045754968096843,0.0,0.0,1,0,0.0,0.0,0.0,1.0,0.0,0.0,0.8995424503190316,0.0,0.10045754968096843,0.0,3,0,2023,8,17,1,0,0,0,1,0,1,GRAVE_MORTALIDAD,2
3,1,3,0,4,1,-16.4668747578806,-72.37080478167856,0,4,7,0,2,0,1,0,6639.975,2.0,2,0,1.0,9,31,1616.0,0.6077843615696785,76.53072135400231,69.81276959706165,8.77367759087771,1135.5159013374655,74658.55888650964,10322.272,1495.236,1749.739,7077.2970000000005,2886.595,7435.677000000001,27.964725207783708,10,2,0,0,8,39.08973560265446,32.289366792060136,45.89010441324877,1.0,0.0,0.0,1.0,2,0,0.0,0.5091579655626026,0.4908420344373974,0.5091579655626026,0.5091579655626026,0.0,1.0,0.0,0.0,0.0,12,0,2024,11,25,4,0,1,0,1,0,1,GRAVE_MORTALIDAD,2
3,1,7,0,4,2,-14.556972649272643,-71.39242584290425,0,4,5,0,1,1,1,2,6543.555,2.0,4,4,1.0,14,33,1198.0,0.2884627349039512,60.41507018517777,66.55391703618037,5.476249358227246,276.6820172022988,5050.480589408969,17779.13499998999,2097.3709999899997,2863.123,12818.640999999989,2878.713,14900.421999989989,16.19152450331032,3,1,0,0,1,28.12908384078242,25.69075872713364,30.567408954431205,1.0,0.0,0.02466995454048715,1.0,1,0,0.0,0.9753300454595129,0.0,1.0,0.0,1.0,0.9753300454595129,0.0,0.0,0.0,6,1,2022,6,18,5,1,1,2,1,0,1,GRAVE_MORTALIDAD,2
3,2,7,0,4,1,-13.593780053077719,-71.78388053969651,0,2,7,1,2,1,1,2,7586.903,2.0,2,0,1.0,9,5,1198.0,0.5065580412535501,64.79370905469777,77.15417383818448,8.35812941450031,844.3117831870799,8658.316916488222,17779.13499998999,2097.3709999899997,2863.123,12818.640999999989,2878.713,14900.421999989989,16.19152450331032,3,2,0,0,1,44.36553509821096,32.20695294171884,56.52411725470309,1.0,0.0,0.0,0.5931015686093721,2,0,0.0,0.40689843139062787,0.0,0.5931015686093721,0.5931015686093721,0.0,1.0,0.0,0.5931015686093721,0.5931015686093721,11,1,2022,7,8,1,0,0,2,1,0,1,GRAVE_MORTALIDAD,2
9,1,7,0,4,1,-14.362125401342187,-71.85003151549832,0,4,5,0,1,1,1,2,2107.550200818987,1.220699074785335,1,2,0.22069907478533513,8,28,506.77312968368545,0.4661197185799631,65.53321870159616,71.09576763318135,7.113585650603754,751.6999767905518,8827.53406407642,17779.13499998999,2097.3709999899997,2863.123,12818.640999999989,2878.713,14900.421999989989,16.19152450331032,5,1,0,0,4,20.544893523497347,20.544893523497347,20.544893523497347,1.0,1.0,0.0,0.0,1,0,0.0,0.0,0.0,1.0,0.7793009252146649,0.0,0.22069907478533513,1.0,1.0,1.0,18,2,2024,5,16,5,0,0,2,1,0,1,GRAVE_MORTALIDAD,2
6,1,1,0,4,1,-9.69142314018218,-77.15509889466232,2,4,5,0,5,1,1,0,1325.4267145524086,1.5333083624587407,1,1,0.0,9,18,406.3473170231052,0.41176054433397613,71.9567193725186,56.47245747988743,6.9391903529203,541.1379512297254,1483.2335712410427,10767.648,1885.0630000000003,1222.721,7659.864000000001,2100.343,8667.305000000002,19.506051832303577,14,1,0,0,13,52.66729093853148,52.66729093853148,52.66729093853148,1.0,0.0,0.0,0.4666916375412592,1,0,0.0,0.0,0.5333083624587408,0.4666916375412592,0.0,0.0,1.0,0.4666916375412592,0.4666916375412592,0.0,17,2,2021,4,7,3,0,0,0,1,0,1,GRAVE_MORTALIDAD,2
3,1,11,0,4,1,-11.213150504501778,-74.65846639806969,0,4,6,0,2,2,2,0,5747.900862881596,2.0,2,0,0.0,9,31,364.2508123818308,0.39043731887926064,73.53557040623367,58.15711750807356,6.827879910309441,435.3020491057173,27473.877740105836,12264.545,1826.4639999999995,1105.5389999999998,9332.542,1588.5359999999996,10676.009,12.952261987705208,3,1,0,0,1,39.048076210791606,26.10015877248251,51.9959936491007,1.0,0.9959936491006997,0.0,0.9959936491006997,1,0,0.0,0.0,0.0,1.0,0.9959936491006997,1.0,0.0,0.0,0.9959936491006997,0.0,21,1,2021,4,27,4,0,0,2,1,0,1,GRAVE_MORTALIDAD,2
3,1,3,1,4,1,-16.141833637249604,-71.63707760388046,4,4,1,0,2,0,1,0,1504.4250000000002,2.0,2,0,1.0,7,25,241.0,0.6005060748875158,78.21704200773246,77.40211893847457,8.994742794352394,996.014120858737,33335.45824411135,10322.272,1495.236,1749.739,7077.2970000000005,2886.595,7435.677000000001,27.964725207783708,4,2,0,0,1,41.81948395089235,33.5876695820848,52.186061266704556,1.0,0.0,0.0,0.19946389487325233,2,0,0.0,0.19946389487325233,0.19946389487325233,0.8005361051267477,0.0,0.8005361051267477,1.0,0.0,1.0,0.0,12,2,2025,2,8,1,0,0,0,1,0,1,GRAVE_MORTALIDAD,2
3,0,13,2,2,4,-11.547907519253856,-77.30858162625364,0,0,7,1,2,2,2,1,6543.555,2.0,4,4,1.0,14,33,1198.0,0.7516809763641036,79.78745479051247,76.84086086457447,11.516959150940506,1618.8108746864887,333284.53865926684,7827.829564752945,1629.7153128141647,1651.0861793317322,4547.028072607048,1722.9446779403902,6104.884886812555,22.231386045154032,2,1,0,0,1,28.114105229061053,26.0,30.228210458122106,1.0,1.0,0.8456420916244214,0.8456420916244214,1,0,0.0,0.0,0.0,1.0,1.0,0.8456420916244214,0.0,0.0,0.8456420916244214,0.0,19,2,2021,2,7,2,0,0,0,1,0,1,GRAVE_MORTALIDAD,2
6,1,6,0,4,1,-12.636388521397555,-74.5046157085693,0,4,2,0,3,2,2,1,6543.555,2.0,4,4,1.0,14,33,1198.0,0.24769813432331153,71.76431745952323,47.10768586482941,4.597552834576355,194.24298498776432,5577.067092109885,12527.664134584285,1812.8756819203898,1530.2104677246084,9184.577984939287,2158.2664159981314,10369.397718586153,17.177057449104957,2,1,0,0,1,33.541059949436324,33.541059949436324,33.541059949436324,1.0,0.0,0.6352649873590809,1.0,1,0,0.0,0.0,0.0,0.0,0.3647350126409191,0.0,0.6352649873590809,0.3647350126409191,0.3647350126409191,0.0,17,2,2023,3,11,1,0,0,2,1,0,1,GRAVE_MORTALIDAD,2
6,1,8,0,4,1,-12.498833040423367,-74.73030171264557,0,4,0,1,6,1,1,0,7586.903,2.0,2,0,1.0,9,5,1198.0,0.24056094102524075,67.60830382268715,48.31749215536994,3.9906184912232283,212.82934812321906,3726.0181673398997,8511.426,1445.3929999999996,2008.516,5057.516999999999,1879.579,6631.846999999998,22.08300935706896,2,1,0,0,1,53.70908106209419,53.70908106209419,53.70908106209419,1.0,0.04155984827225856,0.0,0.0,1,0,0.0,0.0,0.0,1.0,0.0,1.0,0.0,0.0,0.0,0.0,8,1,2024,6,14,0,0,0,2,1,0,1,GRAVE_MORTALIDAD,2
3,2,12,0,4,1,-7.5633665148818015,-79.31692112461617,0,4,7,1,2,2,2,2,6543.555,3.0,2,0,1.0,0,30,1475.0,0.551046553609046,80.59546649110634,64.07975541964355,7.548410430054618,913.8797246239133,43995.274663844575,8931.828000000005,1335.5899999999997,1935.9830000000004,5660.255000000005,1219.309,7712.519000000005,13.651281686122925,4,2,0,0,1,36.84937172520375,20.89516746461802,62.58640464791171,1.0,0.0,0.0,0.0,2,0,0.0,0.20679767604414412,1.0,0.7932023239558559,0.7932023239558559,1.0,1.0,0.0,0.20679767604414412,0.0,15,3,2022,5,25,5,0,0,0,1,1,1,GRAVE_MORTALIDAD,2
3,2,7,0,4,1,-15.141699545072678,-71.12130339986656,0,4,0,0,2,1,1,2,568.5409999999999,1.0,2,3,0.0,9,3,93.0,0.3491291336434085,68.34579473193322,63.63866309000273,4.984551874124405,419.36068685534286,1114.627408993576,17779.13499998999,2097.3709999899997,2863.123,12818.640999999989,2878.713,14900.421999989989,16.19152450331032,48,2,0,0,46,45.86304872979997,28.0,63.726097459599934,1.0,0.0,0.0,0.0,2,0,0.0,0.07493544355294501,0.925064556447055,0.07493544355294501,0.0,0.07493544355294501,1.0,0.0,0.0,0.0,2,0,2022,9,25,2,0,1,2,1,0,1,GRAVE_MORTALIDAD,2
4,1,15,1,4,1,-8.67281224968108,-77.99707366056121,0,4,2,0,2,1,0,0,1379.34286354169,2.0,2,0,0.36611311792875123,6,19,502.1294819081181,0.5437737330605341,77.49671494298926,53.47680278618158,8.267120348952792,995.2946061291827,13751.880452387244,8116.733603220422,1719.651493714974,1246.8503287112812,5150.231780794167,1961.1847853398333,6155.548817880589,24.127702619730417,2,1,0,0,1,27.12558365100252,23.830565589643754,30.42060171236128,1.0,0.6338868820712488,0.0,0.36611311792875123,1,0,0.0,0.36611311792875123,0.0,1.0,1.0,0.0,0.36611311792875123,0.6338868820712488,0.36611311792875123,0.0,15,3,2021,5,18,4,0,1,0,1,0,1,GRAVE_MORTALIDAD,2
5,1,8,0,4,1,-12.247196813054368,-75.42383918462959,0,4,7,1,1,2,2,0,6543.555,2.1036367264807954,3,3,1.0,12,32,1226.7073732351803,0.6067428227717533,70.69995771999396,80.09344477305058,10.537922741362712,1072.4012875789042,41783.498442060256,8554.99508708598,1434.0133765222288,2000.9989173181687,5119.982793245581,1811.1507786065251,6743.844308479453,21.20917270267457,4,1,0,0,2,34.034545575493595,32.341812376307274,37.00546506794307,1.0,0.0,0.0,0.0,1,0,0.0,0.0,0.10363672648079558,1.0,0.10363672648079558,1.0,0.10363672648079558,0.0,0.0,0.0,15,3,2024,5,17,0,0,1,1,1,0,1,GRAVE_MORTALIDAD,2
6,1,17,0,4,1,-13.574241875311998,-71.6175737988737,1,4,1,1,3,2,2,1,1547.188677701729,1.702405365866202,1,0,0.702405365866202,6,24,329.9470434180083,0.312245892700064,70.5444348834092,56.285463005964594,5.782293558022157,287.70993035797346,8471.91457113054,13232.296636118745,1962.9518986682913,1982.5468869024908,9286.797850547962,2800.5476972879856,10431.748938830759,20.91767056605686,4,1,0,0,3,30.27354097547178,30.27354097547178,30.27354097547178,1.0,0.0,0.0,0.0,1,0,0.0,0.29759463413379805,0.0,0.702405365866202,0.0,0.0,1.0,0.0,0.0,0.0,5,0,2022,5,2,3,0,0,2,1,0,1,GRAVE_MORTALIDAD,2
6,1,5,0,4,1,-6.834516257414348,-79.14354515143827,0,4,0,0,2,2,2,0,868.0574038416031,2.0,2,2,0.0,9,14,217.10162682819723,0.3997256386415022,70.79961832889389,55.368447971674264,5.5912250123884455,585.1416024281474,7120.784390578881,15935.565011852366,1733.9250000199986,935.692,13265.948011832368,2000.1670000199988,13935.398011832369,12.551591352627522,28,1,0,0,27,46.61518372984087,46.61518372984087,46.61518372984087,1.0,0.0,0.0,0.0,1,0,0.0,0.0,0.7005422760657454,0.2994577239342546,0.0,0.0,1.0,0.0,0.0,0.0,11,2,2022,6,23,5,1,1,2,1,0,1,GRAVE_MORTALIDAD,2
6,1,11,1,4,1,-11.777257903547357,-75.69044703784742,0,4,1,1,2,1,1,2,7586.903,2.0,2,0,1.0,9,5,1198.0,0.4545643050211295,68.73444804749025,55.05670880126828,7.076811092931955,737.237129067086,1424.8051391862955,12264.545,1826.4639999999995,1105.5389999999998,9332.542,1588.5359999999996,10676.009,12.952261987705208,6,1,0,0,4,45.472006438683195,45.472006438683195,45.472006438683195,1.0,0.0,0.0,0.7311430870958283,1,0,0.0,0.0,0.0,1.0,0.0,0.2688569129041717,0.7311430870958283,0.0,0.0,0.0,13,2,2022,11,16,1,0,0,2,1,0,1,GRAVE_MORTALIDAD,2
3,1,11,0,4,1,-11.801229190308042,-75.45117862506184,6,4,7,1,2,1,1,0,7586.903,2.0,2,0,1.0,9,5,1198.0,0.5788029483603805,70.27319490635583,73.91874403805052,10.387540668907455,983.1311727439055,14304.133903525837,12267.331597010407,1826.8570107231963,1108.0643044939782,9332.41028179323,1592.0259327949325,10675.305664215473,12.975198020983461,5,1,0,0,3,24.01213526665044,24.01213526665044,24.01213526665044,0.9979774555582603,0.00202254444173966,0.0,0.9979774555582603,1,0,0.9979774555582603,0.0,0.0,1.0,0.0,1.0,0.9979774555582603,0.0,1.0,0.0,17,1,2021,5,1,1,0,0,2,1,0,1,GRAVE_MORTALIDAD,2
3,2,12,0,4,1,-8.09772933808236,-79.0979206975472,0,2,7,1,2,2,2,1,6543.555,3.0,2,0,1.0,0,30,1475.0,0.583006771156836,78.2441938961209,62.24037484511178,8.807312392374042,1028.2282118265089,76607.295503212,8931.828000000005,1335.5899999999997,1935.9830000000004,5660.255000000005,1219.309,7712.519000000005,13.651281686122925,3,2,0,0,1,45.287208387539984,38.58138925026654,51.99302752481342,1.0,0.14186107497334566,0.0,0.0,2,0,0.0,1.0,1.0,0.0,0.14186107497334566,0.0,1.0,0.0,0.0,0.14186107497334566,21,2,2021,11,20,1,0,1,0,1,1,1,GRAVE_MORTALIDAD,2
3,2,7,0,4,1,-15.249641355496998,-71.10426486335786,0,4,0,1,2,0,1,2,568.5409999999999,1.0,2,3,0.0,9,3,93.0,0.378940811418929,68.42356695822194,63.80193741317746,5.4919687364042735,495.95809921921796,1151.172348113998,17779.13499998999,2097.3709999899997,2863.123,12818.640999999989,2878.713,14900.421999989989,16.19152450331032,32,2,0,0,30,41.19680836121807,30.039689091839204,52.35392763059693,1.0,0.0,0.0,0.0,2,0,0.0,0.0,1.0,0.40793781836784104,0.0,0.0,1.0,0.0,0.40793781836784104,0.0,2,0,2023,10,20,3,0,0,2,1,0,1,GRAVE_MORTALIDAD,2
6,1,19,0,4,1,-5.824022447295551,-79.46572508901491,0,4,0,0,2,1,0,4,305.38500000000005,2.0,2,0,1.0,1,20,50.0,0.2117580020098525,65.37756662211437,42.30794939557186,3.975264599118591,171.62326554814578,38712.25053533191,8965.846000060003,1782.4120000599992,636.9959999999999,6546.438000000004,2214.505000059999,6751.341000000004,24.699342371541725,3,1,0,0,2,36.118432753101004,36.118432753101004,36.118432753101004,1.0,0.01973879218350094,0.0,0.9802612078164991,1,0,0.0,0.01973879218350094,0.0,0.9802612078164991,0.0,0.0,1.0,0.0,1.0,0.0,16,2,2023,6,17,0,0,1,0,1,0,1,GRAVE_MORTALIDAD,2
4,1,10,0,4,1,-9.142952480855383,-77.84989472591008,0,4,7,1,3,2,2,1,6543.555,2.6501132234192135,2,1,1.0,4,31,1378.0813628871222,0.46018107508641387,76.50947438148351,57.31974422624982,6.148082745857729,716.2433773461179,24712.35367021427,8784.734899351888,1374.0086177288997,1961.3613375657344,5449.364944057253,1450.3287419729959,7334.406157378891,16.601431701917253,7,1,0,0,5,45.975169835128824,39.14898098922708,52.801358681030564,1.0,0.6501132234192136,0.0,0.0,1,0,0.0,0.0,0.6501132234192136,0.3498867765807864,0.6501132234192136,0.3498867765807864,0.6501132234192136,0.0,0.3498867765807864,0.6501132234192136,9,0,2024,7,6,1,0,0,0,1,0,1,GRAVE_MORTALIDAD,2
3,1,1,0,4,1,-10.356648523782352,-77.98869311345726,0,4,0,1,2,2,2,0,6543.555,3.0,2,0,1.0,0,30,1475.0,0.594329796273136,79.51274210494626,67.23963656911357,9.093808711905876,1004.1856289962402,25729.80728051392,10767.648,1885.0630000000003,1222.721,7659.864000000001,2100.343,8667.305000000002,19.506051832303577,3,2,0,0,1,37.28853973646491,25.09573057744288,49.48134889548695,1.0,0.0,0.0,1.0,2,0,0.0,1.0,0.0,0.7420224518797602,0.7420224518797602,0.0,1.0,0.0,0.7420224518797602,0.0,8,1,2022,4,21,3,0,0,0,1,1,1,GRAVE_MORTALIDAD,2
3,1,5,0,4,2,-7.1784813941993955,-78.67375531243509,0,4,0,0,2,1,0,2,6543.555,2.0,4,4,1.0,14,33,1198.0,0.3956615535745325,73.18747799387725,55.526118413885996,5.299876456547804,551.019686236767,14088.722151724247,15993.66151231362,1745.3782894751107,996.4312161409902,13251.85200669752,2027.8526579670734,13965.808854346547,12.66629672282136,5,1,0,0,3,31.38970434921226,17.346643473904326,45.43276522452019,1.0,0.9684869569177884,0.0,0.9684869569177884,1,0,0.0,0.03151304308221159,0.0,0.9684869569177884,0.0,0.9684869569177884,0.03151304308221159,0.0,0.9684869569177884,0.0,14,2,2023,6,27,5,0,1,2,1,0,1,GRAVE_MORTALIDAD,2
6,1,12,0,4,1,-7.777148054767336,-77.60314248993015,0,4,7,1,1,2,2,2,6543.555,2.0,4,4,1.0,14,33,1198.0,0.4686292122960986,72.39347765706144,42.14285241633188,6.687776775372348,878.2652317159998,9440.374732334049,8931.828000000005,1335.5899999999997,1935.9830000000004,5660.255000000005,1219.309,7712.519000000005,13.651281686122925,2,1,0,0,1,26.43210518696114,26.43210518696114,26.43210518696114,1.0,0.0,0.0,0.0,1,0,0.0,1.0,0.0,0.0,0.0,0.0,1.0,0.0,0.0,0.0,16,3,2022,6,4,6,1,0,0,1,0,1,GRAVE_MORTALIDAD,2
6,1,14,0,4,1,-6.8072230518144385,-78.88715614024551,0,4,7,1,5,2,2,1,1159.0211299868943,1.3669148735037617,1,1,0.3669148735037616,6,27,188.29989902748812,0.32243877357375933,76.42867036436785,42.564026263293506,4.407001455930285,429.2788970148287,9207.182778205539,8944.30971018887,1499.5356376307122,1459.3653492119693,5985.408723346189,1584.4612144734642,7359.848495715406,17.704979474975246,4,1,0,0,3,27.870637976060188,27.870637976060188,27.870637976060188,1.0,0.0,0.0,0.3669148735037616,1,0,0.0,0.0,0.0,1.0,0.0,0.3669148735037616,0.6330851264962384,0.0,0.6330851264962384,0.0,11,0,2022,10,15,2,0,0,0,1,0,1,GRAVE_MORTALIDAD,2
6,1,7,0,4,1,-14.121276206033853,-71.41326995056981,0,4,0,1,2,0,1,0,7586.903,2.0,2,0,1.0,9,5,1198.0,0.4337173562104641,75.15065004139942,79.9974723492709,7.143524482711378,473.5348889931674,5193.304068522484,17779.13499998999,2097.3709999899997,2863.123,12818.640999999989,2878.713,14900.421999989989,16.19152450331032,4,1,0,0,3,36.706832121453616,36.706832121453616,36.706832121453616,1.0,0.0,0.10097601735051609,0.10097601735051609,1,0,0.0,0.0,0.10097601735051609,0.8990239826494839,0.0,0.0,1.0,0.0,0.0,0.0,17,1,2023,3,5,4,0,0,2,1,0,1,GRAVE_MORTALIDAD,2
4,1,20,0,4,1,-15.002045769651268,-70.69914415559109,1,4,4,0,2,2,2,2,1601.265839779575,2.0,2,0,1.0,6,23,304.58731029119633,0.4153215068652585,74.615270237374,60.53374175564765,6.270505859445942,526.4588865715602,6717.2190479729215,13642.312999999998,2020.7790000000005,2354.117,9267.416999999998,3314.0520000000006,10328.260999999997,24.29244952817019,5,1,0,0,3,28.94566578043063,24.26758783477366,33.623743726087596,1.0,0.0,0.0,0.0,1,0,0.0,0.0,0.0,1.0,0.0,0.37625627391240435,0.6237437260875957,0.37625627391240435,1.0,1.0,4,0,2022,11,21,4,0,1,2,1,0,1,GRAVE_MORTALIDAD,2
6,1,7,0,4,1,-14.302902217687528,-71.47413487698567,0,4,0,0,6,2,2,2,6543.555,2.0,4,4,1.0,14,33,1198.0,0.1825394809883475,64.34367145167195,51.468004035765375,4.738226553145471,130.1533032565079,5502.877074014564,17779.13499998999,2097.3709999899997,2863.123,12818.640999999989,2878.713,14900.421999989989,16.19152450331032,5,1,0,0,4,41.15477172388874,41.15477172388874,41.15477172388874,1.0,1.0,0.0,0.0,1,0,0.0,0.0,0.0,1.0,0.0,1.0,0.0,0.0,0.13402489431899178,0.0,17,2,2021,6,22,4,0,0,2,1,0,1,GRAVE_MORTALIDAD,2
6,1,3,0,4,1,-15.984822151677559,-72.22091205555438,0,4,0,0,6,2,2,0,6554.716583659071,2.0,3,3,1.0,13,32,1246.3876993309636,0.4691915410574731,78.06242720317503,61.828395835136504,6.556842364165014,672.130516595592,1012.1471318477431,10322.272,1495.236,1749.739,7077.2970000000005,2886.595,7435.677000000001,27.964725207783708,6,1,0,0,5,44.536959815014704,44.536959815014704,44.536959815014704,0.11576004624632463,0.0,0.0,0.8842399537536754,1,0,0.0,0.11576004624632463,0.0,0.8842399537536754,0.0,0.8842399537536754,0.11576004624632463,0.0,0.8842399537536754,0.0,9,1,2022,10,18,4,0,1,0,1,0,1,GRAVE_MORTALIDAD,2
3,2,12,0,4,1,-7.309788404011624,-79.48041230462147,0,4,7,1,2,2,2,0,6543.555,3.0,2,0,1.0,0,30,1475.0,0.5650979329787121,81.32490571897102,68.6769211482833,7.868096912305706,909.6843705053026,43897.946466809415,8931.828000000005,1335.5899999999997,1935.9830000000004,5660.255000000005,1219.309,7712.519000000005,13.651281686122925,2,2,0,0,0,40.38333225340592,19.688371791648162,63.0,1.0,0.8441858958240817,0.0,0.0,2,0,0.0,0.0,0.15581410417591834,1.0,1.0,0.15581410417591834,0.15581410417591834,0.8441858958240817,0.0,0.8441858958240817,21,2,2023,10,23,6,1,1,0,1,1,1,GRAVE_MORTALIDAD,2
3,2,12,0,4,1,-7.165314271518331,-79.45187596075927,0,4,7,1,2,2,2,2,6543.555,3.0,2,0,1.0,0,30,1475.0,0.5114727232493018,78.60606800160349,61.153108160372966,6.422343227671115,862.4189512831092,24701.19700214133,8931.828000000005,1335.5899999999997,1935.9830000000004,5660.255000000005,1219.309,7712.519000000005,13.651281686122925,4,2,0,0,2,39.61441870966331,29.114418709663315,50.11441870966331,1.0,1.0,0.0,0.0,2,0,0.0,0.8606976612920857,1.0,0.0,1.0,0.0,1.0,0.0,0.0,1.0,5,0,2022,11,21,3,0,0,0,1,1,1,GRAVE_MORTALIDAD,2
6,1,1,0,4,1,-8.622531943082594,-77.58555900869307,0,4,3,0,1,2,2,0,1430.1331128467334,0.04046392100805085,0,2,0.0,9,29,211.4971650772979,0.36338648292437525,75.40384407283214,44.80652931721782,6.384318949209618,508.3677442420023,5703.486260391993,10767.648,1885.0630000000003,1222.721,7659.864000000001,2100.343,8667.305000000002,19.506051832303577,18,1,0,0,17,52.161855684032204,52.161855684032204,52.161855684032204,1.0,0.0,0.0,0.0,1,0,0.0,0.0,0.4797680394959746,0.5202319605040254,0.0,0.5202319605040254,0.4797680394959746,0.0,0.0,0.0,7,1,2021,6,19,0,0,0,0,1,0,1,GRAVE_MORTALIDAD,2