CLASE SINIESTRO,CANTIDAD DE VEHICULOS DAÑADOS,DEPARTAMENTO,ZONA,TIPO DE VÍA,RED VIAL,COORDENADAS LATITUD,COORDENADAS  LONGITUD,CONDICIÓN CLIMÁTICA,ZONIFICACIÓN,CARACTERÍSTICAS DE VÍA,PERFIL LONGITUDINAL VÍA,SUPERFICIE DE CALZADA,¿EXISTE SEÑAL VERTICAL?,¿EXISTE SEÑAL HORIZONTAL?,CAUSA FACTOR PRINCIPAL,MTC_RVN_LONGITUD_KM,MTC_RVN_N_CARRILES_MEDIANA,MTC_RVN_SUPERFICIE_DOMINANTE,MTC_RVN_ESTADO_DOMINANTE,MTC_RVN_ES_CONCESIONADA,MTC_RVN_CONCESION_PRINCIPAL,MTC_RVN_CORREDOR_LOGISTICO,MTC_RVN_N_TRAMOS,IDH_2019,IDH_ESP_VIDA_2019,IDH_EDUC_SECUND_PCT_2019,IDH_ANIOS_EDUC_2019,IDH_INGRESO_PERCAP_2019,IDH_POBLACION_2019,MTC_DEP_RED_TOTAL_KM,MTC_DEP_NACIONAL_TOTAL_KM,MTC_DEP_DEPARTAMENTAL_TOTAL_KM,MTC_DEP_VECINAL_TOTAL_KM,MTC_DEP_PAV_TOTAL_KM,MTC_DEP_NO_PAV_TOTAL_KM,MTC_DEP_PCT_PAVIMENTADA,PER_TOTAL_PERSONAS,PER_N_CONDUCTORES,PER_N_CONDUCTORES_FUGADOS,PER_N_PEATONES,PER_N_PASAJEROS_OCUPANTES,PER_EDAD_COND_PROM,PER_EDAD_COND_MIN,PER_EDAD_COND_MAX,PER_ANY_COND_MASCULINO,PER_ANY_LIC_PROBLEMA,PER_ANY_DOSAJE_POS,PER_ANY_DOSAJE_EVALUADO,VEH_TOTAL,VEH_N_FUGADOS,VEH_ANY_FUGADO,VEH_ANY_CARGA,VEH_ANY_PUBLICO,VEH_ANY_PARTICULAR,VEH_ANY_MOTO,VEH_ANY_AUTO,VEH_ANY_CAMION_BUS,VEH_ANY_SOAT_PROBLEMA,VEH_ANY_CITV_PROBLEMA,VEH_ANY_SEGURO_PROBLEMA,HORA_NUM,FRANJA_HORARIA,ANIO,MES,DIA_MES,DIA_SEMANA,ES_FIN_SEMANA,ES_QUINCENA,REGION_NATURAL,TIENE_SEÑALIZACION,ES_VIA_MULTICARRIL,ES_DEPTO_BAJO_PAVIMENTO,CATEGORIA_SEVERIDAD,CATEGORIA_SEVERIDAD_ENC
5,1,14,0,4,1,-11.586272171078816,-77.32658325026021,0,4,7,1,2,1,0,0,6560.984437269085,2.8192342121024203,2,0,1.0,1,30,1500.4879760935587,0.7280447297199876,78.44767152661775,77.48777838339043,13.067934252032458,1401.476791490566,61665.53317397503,7626.313,1683.4029999999998,1599.0829999999996,4343.827000000001,1814.875,5811.438000000001,23.797541485643197,2,1,0,0,1,40.15761312164433,38.892252606361275,41.422973636927395,1.0,0.0,0.0,0.0,1,0,0.0,0.1807657878975798,0.0,1.0,0.0,1.0,0.1807657878975798,0.0,0.0,0.0,6,0,2021,4,14,4,0,0,0,1,0,1,GRAVE_MORTALIDAD,2
6,1,3,0,4,0,-16.129573242270148,-71.68122882939726,2,4,7,1,2,1,1,0,6588.243200838704,2.0,3,2,1.0,11,32,1391.7322956915386,0.58495298954554,80.06974634977314,63.67856625974191,7.611234275399445,1100.8757522710816,2347.0766015759514,10322.272,1495.236,1749.739,7077.2970000000005,2886.595,7435.677000000001,27.964725207783708,3,2,0,0,1,35.39042317481965,28.707795132852414,41.60957682518035,0.5365256083934482,0.0,0.0,0.0,2,0,0.0,0.4634743916065518,0.0,1.0,0.5365256083934482,0.4634743916065518,1.0,0.0,0.0,0.0,13,3,2024,5,10,3,0,0,0,1,0,1,GRAVE_MORTALIDAD,2
3,1,18,0,4,1,-5.9745060615263785,-79.65362842777571,0,4,7,1,1,2,2,0,1266.8026352119678,1.5798221425502277,1,0,0.8599407141834092,2,21,196.89434716761497,0.4234722099001492,74.5320232134663,50.59974688053787,5.343193663278067,699.9863031861421,12948.397574560768,8778.231964743843,1768.5448702221809,771.7452181134262,6237.941876408237,2158.5331076607113,6619.698857083133,24.57303678351401,2,1,0,0,1,37.68071142979909,29.941245002148406,45.42017785744977,1.0,0.0,0.0,0.8599407141834092,1,0,0.0,0.8599407141834092,0.0,1.0,0.8599407141834092,0.0,1.0,0.0,0.8599407141834092,0.0,14,2,2023,10,19,4,0,1,0,1,0,1,GRAVE_MORTALIDAD,2
6,1,4,0,4,1,-13.938881161775772,-74.62732280714509,0,4,0,0,2,2,2,2,1344.2514801384132,-0.36089404047020746,1,3,0.21303531984326418,9,30,237.8774613446399,0.3996690230341985,73.34352147156415,38.877349407452556,6.563145414692748,619.7624184079104,3524.896840108751,12678.733000000004,1805.074000000001,1774.0339999999994,9099.625000000004,2485.375000000001,10193.358000000002,19.602707936195205,10,1,0,0,9,37.964988955611396,37.964988955611396,37.964988955611396,1.0,0.21303531984326418,0.0,0.7869646801567358,1,0,0.0,0.0,0.0,1.0,0.0,0.0,1.0,1.0,0.7869646801567358,0.7869646801567358,8,0,2023,8,21,5,1,0,2,1,0,1,GRAVE_MORTALIDAD,2
6,1,4,0,4,1,-13.793220949333024,-73.99273826129843,1,4,2,0,7,2,2,2,1682.702,1.0,1,0,0.0,9,32,305.0,0.3301341732056756,77.15155042152927,65.75620798660553,5.354017942957687,286.5291824447802,1030.9978586723769,12678.733000000004,1805.074000000001,1774.0339999999994,9099.625000000004,2485.375000000001,10193.358000000002,19.602707936195205,2,1,0,0,1,40.19446096517218,40.19446096517218,40.19446096517218,1.0,0.0,1.0,1.0,1,0,0.0,0.3922215613931128,0.0,0.6077784386068872,0.0,0.0,1.0,0.0,0.3922215613931128,0.0,9,1,2022,8,11,2,0,0,2,1,0,1,GRAVE_MORTALIDAD,2
5,1,20,0,4,1,-14.164557291131816,-69.09493269436442,0,4,3,0,6,2,2,2,1762.84,2.0,1,0,0.0,9,32,485.0,0.5615753799175457,75.7200738685012,69.60319133481919,8.456511766705638,978.3837748560346,27797.58779157413,13642.312999999998,2020.7790000000005,2354.117,9267.416999999998,3314.0520000000006,10328.260999999997,24.29244952817019,3,1,0,0,1,28.748627082355217,28.245881247065647,29.251372917644783,1.0,1.0,0.0,0.9162090274517384,1,0,0.0,0.0,0.0,1.0,0.08379097254826162,0.0,1.0,0.9162090274517384,1.0,0.08379097254826162,16,2,2021,5,3,6,1,0,2,1,0,1,GRAVE_MORTALIDAD,2
1,1,16,0,4,1,-9.129698025178286,-77.51721048284834,1,4,7,1,2,0,0,3,6977.157009356992,2.6430609935400295,2,0,1.0,3,26,1709.8658662506605,0.6185149047158726,77.75931046158078,64.94650278750603,8.18476807624426,1263.4410502612795,24427.135617088617,6919.153649998656,1373.4632233376333,1372.8604117907676,4172.830014870255,1528.7994514315342,5390.354198567122,21.71098398052213,3,1,0,0,1,36.20959714857932,31.70817019379911,40.71102410335953,1.0,1.0,0.0,0.0,1,0,0.0,0.0,0.6430609935400297,1.0,1.0,0.0,0.6430609935400297,0.35693900645997034,1.0,0.35693900645997034,20,2,2022,5,28,5,1,1,0,0,0,1,GRAVE_MORTALIDAD,2
3,2,22,0,4,1,-18.16024112492489,-70.66106352861341,3,4,7,1,2,0,1,2,1926.94,2.0,2,0,1.0,9,32,393.0,0.5526222945995614,74.2498786138685,70.50025041365525,8.75355945120394,897.5682559826355,2956.51391862955,2650.572,630.6729999999998,487.3610000000001,1532.5379999999998,1068.7019999999998,1581.87,40.31967439480987,4,2,0,0,1,37.166212829659536,34.47493192444893,41.83637675340735,1.0,0.0,0.0,0.23746596222446525,2,0,0.0,1.0,0.0,0.0,0.0,0.7625340377755347,1.0,0.0,0.0,0.0,9,0,2021,9,8,3,0,0,0,1,0,1,GRAVE_MORTALIDAD,2
4,1,12,0,4,1,-8.20180834744122,-78.49760508999563,0,4,7,1,1,2,2,0,7952.040957783168,2.5849308939787217,2,0,1.0,3,30,2452.48774468011,0.4609548925838337,75.4085899038019,54.481643575677204,6.254782058730417,746.0014230588915,68422.58356989823,8931.828000000005,1335.5899999999997,1935.9830000000004,5660.255000000005,1219.309,7712.519000000005,13.651281686122925,4,2,0,0,2,22.452741871074473,19.33972357591489,25.565760166234064,1.0,0.41506910602127833,0.0,0.0,2,0,0.5849308939787217,0.0,0.41506910602127833,1.0,0.41506910602127833,0.5849308939787217,0.41506910602127833,0.0,0.5849308939787217,1.0,6,0,2022,10,17,5,0,1,0,1,0,1,GRAVE_MORTALIDAD,2
3,2,15,0,4,0,-14.637819724044833,-71.30275289656716,0,4,1,0,3,2,2,2,7309.130895374219,2.0,2,1,1.0,10,12,1198.0,0.24447515218539895,78.68906353235441,53.654125373243204,4.625618098309814,173.31094585160875,1542.4320498555817,13385.777649785776,1963.3515339691996,2199.6806319160655,9222.745483900511,3093.432078032471,10292.345571753303,23.04389258249727,5,2,0,0,2,39.75541050049959,28.993472522482154,55.409138468524986,1.0,0.0,0.0,0.0,2,0,0.0,0.0,0.7337684985011897,1.0,0.0,1.0,0.7337684985011897,0.0,0.0,0.0,15,1,2022,9,19,6,1,1,2,1,0,1,GRAVE_MORTALIDAD,2
0,0,14,2,2,4,-12.01687061946782,-77.05059317431468,0,0,1,0,2,2,2,1,6543.555,2.0,4,4,1.0,14,33,1198.0,0.7295070521992688,80.20756139552608,75.10622214681989,10.633261983510211,1556.6415337184217,156763.80248766125,7626.313,1683.4029999999998,1599.0829999999996,4343.827000000001,1814.875,5811.438000000001,23.797541485643197,3,1,0,1,0,37.8119439868468,37.8119439868468,37.8119439868468,1.0,0.9686573311411333,0.0,0.03134266885886672,1,0,0.0,0.03134266885886672,0.0,1.0,0.03134266885886672,0.0,1.0,0.0,0.03134266885886672,0.0,21,2,2023,3,11,0,0,0,0,1,0,1,GRAVE_MORTALIDAD,2
6,1,12,0,4,0,-8.788081536800703,-78.51902024970518,0,4,7,1,2,2,2,2,6543.555,2.880551116035714,2,0,1.0,1,30,1441.9126591418928,0.48462841752579316,76.96272412620574,51.660402578467085,6.214718550206542,845.0804223971329,9791.152734200652,8931.828000000005,1335.5899999999997,1935.9830000000004,5660.255000000005,1219.309,7712.519000000005,13.651281686122925,4,1,0,0,3,27.43338660757143,27.43338660757143,27.43338660757143,1.0,0.8805511160357142,0.0,0.0,1,0,0.0,0.0,0.0,1.0,0.0,0.8805511160357142,0.11944888396428577,0.0,1.0,0.0,6,0,2022,3,28,1,0,1,0,1,0,1,GRAVE_MORTALIDAD,2
6,1,12,0,4,1,-7.654822841376918,-77.76164385113574,0,4,7,1,3,2,2,1,6543.555,2.0,4,4,1.0,14,33,1198.0,0.24783552244682072,79.71652302646069,35.0776901608826,4.4833221124831955,201.61459739342277,2592.7299156494983,8931.828000000005,1335.5899999999997,1935.9830000000004,5660.255000000005,1219.309,7712.519000000005,13.651281686122925,3,1,0,0,2,39.553940418519474,39.553940418519474,39.553940418519474,1.0,0.0,0.0,0.0,1,0,0.0,0.6223029790740262,0.0,0.3776970209259738,0.0,0.3776970209259738,0.6223029790740262,0.0,0.6223029790740262,0.0,7,1,2022,4,20,4,0,0,0,1,0,1,GRAVE_MORTALIDAD,2
3,1,2,1,4,1,-16.18914781085204,-72.94010320095782,0,0,6,0,2,1,1,0,6633.651797307955,2.0,2,0,1.0,9,31,1588.5876506401708,0.6374407093107866,84.1044737318283,68.95982837481392,8.921534505476018,1137.3640119660126,16535.766383969447,10351.479661503548,1520.8007701289334,1715.177273839908,7115.501617534708,2835.03276433286,7516.446897170689,27.41000724201972,43,2,0,0,41,54.27862238526765,36.39347869894492,72.16376607159039,1.0,0.0,0.0,0.06557978315748625,2,0,0.0,0.0,0.9344202168425138,1.0,0.0,0.9344202168425138,1.0,0.0,0.06557978315748625,0.06557978315748625,17,2,2025,2,26,2,0,1,0,1,0,1,GRAVE_MORTALIDAD,2
3,1,6,1,4,1,-7.994671240717906,-77.65765040733676,4,4,6,1,5,2,2,0,3382.0594731500146,1.2065344039720065,1,2,0.0,9,32,1033.8914974515985,0.4910844829757109,73.70550093624223,63.661069081871226,6.977059041620288,784.7583387756611,47176.60261117669,15177.37308173513,1753.0374872250336,970.7712489114333,12453.564345598663,1915.1510367744672,13262.222044960663,12.634343623432377,3,1,0,0,1,37.0980160595801,34.61960321191602,39.57642890724417,1.0,0.7934655960279936,0.0,0.0,1,0,0.0,0.2065344039720064,0.2065344039720064,0.7934655960279936,1.0,0.0,0.2065344039720064,0.7934655960279936,0.7934655960279936,0.7934655960279936,14,2,2022,7,29,5,0,1,2,1,0,1,GRAVE_MORTALIDAD,2
5,1,3,0,4,0,-15.60466548064718,-72.49652808139872,0,4,1,0,2,0,1,0,6569.1037787032865,2.0,3,2,1.0,12,32,1308.7590696740688,0.5276617618965244,81.55340384550964,51.78171143816012,7.485552617570672,893.9152770263743,1938.185533314296,10322.272,1495.236,1749.739,7077.2970000000005,2886.595,7435.677000000001,27.964725207783708,2,1,0,0,1,45.577146987081164,44.649738508949014,46.50455546521332,1.0,0.0,0.0,0.0,1,0,0.0,0.0,0.0,1.0,0.0,1.0,0.2649738508949012,0.0,0.0,0.0,3,0,2022,6,11,6,1,0,0,1,0,1,GRAVE_MORTALIDAD,2
3,1,3,0,4,1,-15.770895083668904,-70.98611080620398,0,4,7,0,2,0,1,0,1504.4250000000002,2.0,2,0,1.0,7,25,241.0,0.4498224071382834,81.63336343193146,58.84842497065013,5.774685730039019,620.6584683449911,1358.612419700214,10322.272,1495.236,1749.739,7077.2970000000005,2886.595,7435.677000000001,27.964725207783708,11,2,0,0,9,47.66451063249042,31.931608505992333,62.729668075233704,1.0,0.8664510632490415,0.0,0.13354893675095847,2,0,0.0,0.13354893675095847,0.13354893675095847,0.8664510632490415,0.0,0.8664510632490415,1.0,0.0,0.0,0.0,6,1,2021,7,10,0,0,0,0,1,0,1,GRAVE_MORTALIDAD,2
6,1,12,0,4,1,-9.472218673951524,-77.47299449332925,1,4,5,1,1,2,2,2,1560.9462629245581,1.479117821552489,1,1,0.0,9,25,483.91742465807295,0.5851968977564413,74.65404858959496,59.385767129468825,7.841830738830079,1226.2873670672386,23733.290325514023,8306.332497195905,1502.2334068676355,1774.5682059189664,5029.530884409303,1504.6552845107296,6801.677212685176,18.51253557817467,14,1,0,0,13,32.20882178447511,30.125293070685068,33.77146831981764,0.47911782155248894,0.47911782155248894,0.0,0.47911782155248894,1,0,0.0,0.0,0.5208821784475111,0.47911782155248894,0.0,0.47911782155248894,0.5208821784475111,0.47911782155248894,0.5208821784475111,0.0,13,2,2021,6,7,1,0,0,0,1,0,1,GRAVE_MORTALIDAD,2
3,2,10,1,4,1,-14.834762368850921,-74.89452353204716,0,3,4,0,2,2,2,0,5184.317854588733,2.0,2,0,1.0,7,29,1119.5679595613303,0.5563774842369664,77.00938809632027,69.10246351364754,8.476961866273152,914.8835608305218,27932.19700214133,3721.461,698.1859999999996,744.866,2278.409,1102.9029999999996,2618.558,29.636290693359403,3,2,0,0,1,40.957114368579646,31.97660783740708,49.93762089975222,1.0,0.6692657958436578,0.0,0.33073420415634225,2,0,0.0,0.6692657958436578,0.0,0.6692657958436578,0.0,0.33073420415634225,1.0,0.0,0.6692657958436578,0.6692657958436578,19,2,2022,4,20,1,0,0,0,1,0,1,GRAVE_MORTALIDAD,2
6,1,7,0,4,1,-13.45171410861683,-72.12423415076653,3,4,1,0,2,1,0,5,3139.3131427018116,1.0,1,3,0.0,9,15,994.4944810225356,0.4566432863429303,74.91697760247548,61.53593245010199,6.9300312696367525,634.105988146602,3617.357626873742,17779.13499998999,2097.3709999899997,2863.123,12818.640999999989,2878.713,14900.421999989989,16.19152450331032,2,1,0,0,1,30.075076583380742,30.075076583380742,30.075076583380742,1.0,0.0,0.0,0.18498468332385187,1,0,0.0,0.8150153166761481,0.0,0.18498468332385187,0.0,0.18498468332385187,0.8150153166761481,0.18498468332385187,0.18498468332385187,0.0,22,2,2021,5,17,2,0,0,2,1,0,1,GRAVE_MORTALIDAD,2
3,1,11,0,4,1,-11.1664966739122,-75.87799386132929,3,4,7,1,2,1,1,2,9324.337819730032,2.0,2,0,1.0,9,24,3143.902984826758,0.4680571399519173,71.28183154851423,61.95657032372959,7.900979958422454,674.7380001648569,5931.173922430058,12264.545,1826.4639999999995,1105.5389999999998,9332.542,1588.5359999999996,10676.009,12.952261987705208,5,2,0,0,3,71.04493631694555,64.87189810711288,77.21797452677822,1.0,0.0,0.0,1.0,2,0,0.0,0.0,0.2606751577405936,0.7393248422594064,0.2606751577405936,0.7393248422594064,0.2606751577405936,0.0,1.0,0.2606751577405936,15,3,2022,4,9,1,0,0,2,1,0,1,GRAVE_MORTALIDAD,2
3,2,10,2,4,1,-14.832743291194745,-74.96746032916008,0,3,7,1,2,1,1,0,6639.975,2.0,2,0,1.0,9,31,1616.0,0.5563774842369664,77.00938809632027,69.10246351364754,8.476961866273152,914.8835608305218,27932.19700214133,3721.461,698.1859999999996,744.866,2278.409,1102.9029999999996,2618.558,29.636290693359403,3,2,0,0,1,37.87516539414435,33.1565394397526,42.59379134853609,1.0,0.703104325731957,0.296895674268043,0.296895674268043,2,0,0.0,0.703104325731957,0.296895674268043,1.0,0.0,0.0,1.0,0.0,0.703104325731957,0.703104325731957,19,2,2021,3,25,2,0,1,0,1,0,1,GRAVE_MORTALIDAD,2
6,1,7,0,4,1,-13.085387178178284,-72.38099271560527,1,4,4,0,2,2,2,2,3447.8009999999995,1.0,2,3,0.0,9,12,1109.0,0.4706944943299555,76.79406176595778,61.64424635983724,7.141255198110581,653.4175319142125,3282.6252676659524,17779.13499998999,2097.3709999899997,2863.123,12818.640999999989,2878.713,14900.421999989989,16.19152450331032,5,1,0,0,4,50.98368456766014,50.98368456766014,50.98368456766014,1.0,0.0,0.0,0.0006275166284561706,1,0,0.0,0.0,0.0,0.0,0.0,0.9993724833715438,0.0006275166284561706,0.0,0.0,0.0,3,0,2023,2,11,0,0,0,2,1,0,1,GRAVE_MORTALIDAD,2
5,1,21,0,4,1,-17.346417471998215,-70.25615476604017,0,4,0,0,2,2,2,1,778.3054804110399,2.0,2,0,0.0,9,30,381.89841646871986,0.5199067673500836,75.07175010649892,61.33385174136242,8.837961213833232,790.1507337659748,1830.9030046179198,2696.8209589241096,650.0282092389091,490.96511645891337,1555.8276332262872,1064.0846698107548,1632.7362891133548,39.72371238106417,3,1,0,0,2,46.47977629832857,46.0369058691022,46.922646727554934,1.0,0.0,0.0,0.9630941308978025,1,0,0.0,0.03690586910219751,0.03690586910219751,0.9630941308978025,0.0,0.0,1.0,0.0,0.0,0.0,7,1,2022,11,10,5,0,0,0,1,0,1,GRAVE_MORTALIDAD,2
6,1,5,0,4,1,-6.607884565251821,-79.2597414684767,0,3,0,0,2,2,2,0,919.085,2.0,2,3,0.0,9,7,218.0,0.41007977493955683,71.15082742893179,65.59130318711827,5.340662848231102,585.5879500491321,6929.63626362948,15935.565011852366,1733.9250000199986,935.692,13265.948011832368,2000.1670000199988,13935.398011832369,12.551591352627522,37,1,0,0,36,55.494730632421934,55.494730632421934,55.494730632421934,1.0,0.0,0.0,0.0824551054036552,1,0,0.0,0.0,1.0,0.0824551054036552,0.0824551054036552,0.0824551054036552,0.9175448945963448,0.0,0.0824551054036552,0.0824551054036552,16,2,2022,8,23,5,1,1,2,1,0,1,GRAVE_MORTALIDAD,2
6,1,1,0,4,1,-8.56179772694848,-77.63115069515042,3,4,5,0,1,1,1,0,1703.219,1.0,0,3,0.0,9,28,247.0,0.29535104925501915,73.90137758822767,47.34712219946675,5.274505157419984,325.6729171753062,3191.2139150037924,10767.648,1885.0630000000003,1222.721,7659.864000000001,2100.343,8667.305000000002,19.506051832303577,21,1,0,0,20,47.589749098646266,47.589749098646266,47.589749098646266,1.0,0.0,0.0,0.0,1,0,0.0,0.0,0.7645682637594303,0.23543173624056968,0.0,0.23543173624056968,0.7645682637594303,0.7645682637594303,0.0,0.0,14,2,2022,5,17,4,0,0,0,1,0,1,GRAVE_MORTALIDAD,2
5,1,3,0,4,0,-15.981834394194422,-72.36229355158477,6,4,7,1,6,2,2,0,6551.179509942569,2.0,3,3,1.0,13,32,1231.053776768239,0.4324070954139814,74.88739852507925,46.07438911856862,6.506241525620998,650.1307723347787,819.8397448965993,10322.272,1495.236,1749.739,7077.2970000000005,2886.595,7435.677000000001,27.964725207783708,6,1,0,0,5,37.39538010488324,32.762771937070056,41.107064293673076,0.07907602097664812,0.0,0.0,0.0,1,0,0.0,0.0,0.0,1.0,0.0,0.07907602097664812,1.0,0.0,1.0,0.0,9,1,2023,2,11,1,0,0,0,1,0,1,GRAVE_MORTALIDAD,2
4,1,12,0,4,1,-8.023830190561856,-78.24009205800503,1,4,5,1,1,2,2,2,946.2806041271396,1.8950057793990163,1,1,0.44750288969950813,9,32,163.04169955323624,0.5582546233153953,75.79060772086537,59.80241253311347,8.285201626974752,1012.5845810454439,21861.51834243048,8931.828000000005,1335.5899999999997,1935.9830000000004,5660.255000000005,1219.309,7712.519000000005,13.651281686122925,14,1,0,0,13,35.88124277575123,26.734959544206887,44.475028896995084,0.44750288969950813,0.0,0.0,0.0,1,0,0.0,0.0,0.5524971103004919,0.44750288969950813,0.44750288969950813,0.0,0.5524971103004919,0.0,0.5524971103004919,0.44750288969950813,17,2,2021,8,12,2,0,0,0,1,0,1,GRAVE_MORTALIDAD,2
3,1,20,0,4,1,-6.602732376403364,-76.68235843984625,0,4,0,0,2,1,0,1,7758.33400008,2.0,2,0,1.0,9,20,2133.0,0.3639503198414903,73.60336188181896,48.25016485244692,4.897963162768327,496.407440572824,16391.576145615898,5444.611383956751,789.5532364394196,959.749688320987,3695.308459196344,970.3538809779077,4474.257502978842,17.7600020492916,44,2,0,0,42,52.30567526191466,41.87919070631292,61.611350523829316,1.0,0.8981082460284472,0.0,0.0,2,0,0.0,0.10189175397155281,1.0,1.0,1.0,0.0,1.0,0.10189175397155281,1.0,1.0,10,1,2023,10,22,4,0,1,1,1,0,1,GRAVE_MORTALIDAD,2
3,1,17,0,4,1,-16.87448523267532,-70.19517043588748,0,4,6,0,2,1,1,2,1535.4386395264955,2.0,2,0,1.0,9,21,203.07261158172014,0.545585177497443,75.07538385700832,69.55344291360583,7.412830669818906,952.5271373484752,4169.156998678408,2949.174,470.28500000000025,903.055,1575.834,866.4460000000004,2082.728,29.37927704503025,8,1,0,0,6,43.90447839642321,38.0,49.808956792846416,1.0,0.015920267262798604,0.9840797327372014,0.9840797327372014,1,0,0.0,0.9840797327372014,0.0,0.9840797327372014,0.0,0.015920267262798604,0.9840797327372014,0.0,0.9840797327372014,0.0,15,2,2022,3,20,0,0,1,0,1,0,1,GRAVE_MORTALIDAD,2
6,1,8,0,4,3,-12.997063355920048,-74.7173975351034,0,4,5,0,3,2,2,0,6543.555,2.0,4,4,1.0,14,33,1198.0,0.3648777342527826,72.61386206398959,50.19709555656983,5.638488277525374,444.6393044914551,24733.083511777302,8511.426,1445.3929999999996,2008.516,5057.516999999999,1879.579,6631.846999999998,22.08300935706896,2,1,0,0,1,40.07053627829922,37.60580441744883,41.91908517393701,1.0,0.0,0.0,0.0,1,0,0.0,0.0,0.0,1.0,0.0,1.0,0.0,0.0,0.3838170347874027,0.0,9,0,2022,7,12,1,0,0,2,1,0,1,GRAVE_MORTALIDAD,2
3,1,13,0,4,1,-6.613446873439848,-79.56135076175686,0,4,6,1,2,2,2,0,884.4423406128041,2.0,2,2,0.0,9,7,209.8525187526792,0.5347076781402453,80.83156467747244,67.37596503337498,7.810691108863116,793.3853694002955,23165.444979100226,3363.699961202539,500.3108285193939,673.9713588264254,2189.4177738567196,686.6533293429019,2677.046631859637,20.608787746630718,3,2,0,0,1,32.980414708540096,27.843317668320754,38.11751174875943,1.0,0.03917058291981157,0.0,1.0,2,0,0.0,1.0,0.0,0.03917058291981157,0.03917058291981157,0.0,1.0,0.9608294170801884,1.0,1.0,19,1,2022,2,23,3,0,1,0,1,0,1,GRAVE_MORTALIDAD,2
5,1,14,2,2,3,-11.967025189515647,-77.06848375159667,0,2,7,1,2,1,1,1,6543.555,2.0971319765678498,3,3,1.0,12,32,1224.9055575092943,0.7492156637294263,80.38637894634783,78.61686620823096,11.172419005177657,1595.6273535009664,365902.1771806571,7626.313,1683.4029999999998,1599.0829999999996,4343.827000000001,1814.875,5811.438000000001,23.797541485643197,2,1,0,0,0,25.29139592970355,25.29139592970355,25.29139592970355,1.0,0.9028680234321501,0.0,0.0,1,0,0.0,0.0,0.0,1.0,1.0,0.0,0.0,0.9028680234321501,0.09713197656784989,0.9028680234321501,1,0,2023,3,4,4,0,0,0,1,0,1,GRAVE_MORTALIDAD,2
6,1,12,0,4,1,-7.777570131881245,-77.76608515229147,0,4,4,1,5,2,2,1,1688.589,1.0,1,3,0.0,9,32,287.0,0.207075822859255,73.60541053493367,29.73929277754871,3.1136136928384035,197.8983803570278,9081.543897216274,8931.828000000005,1335.5899999999997,1935.9830000000004,5660.255000000005,1219.309,7712.519000000005,13.651281686122925,3,1,0,0,2,26.24543259090434,26.24543259090434,26.24543259090434,1.0,0.0,0.0,0.0,1,0,0.0,0.0,0.0,1.0,0.0,0.0,1.0,0.0,1.0,0.0,8,0,2022,7,15,1,0,0,0,1,0,1,GRAVE_MORTALIDAD,2
6,1,7,0,4,1,-13.098590707673182,-72.37770643457823,0,4,0,0,2,2,2,2,3447.8009999999995,1.0,2,3,0.0,9,12,1109.0,0.4706944943299555,76.79406176595778,61.64424635983724,7.141255198110581,653.4175319142125,3282.6252676659524,17779.13499998999,2097.3709999899997,2863.123,12818.640999999989,2878.713,14900.421999989989,16.19152450331032,19,1,0,0,18,27.512655188286658,27.512655188286658,27.512655188286658,1.0,0.0,0.0,0.9033594158351286,1,0,0.0,0.0,0.0,0.0,0.0,0.09664058416487142,0.9033594158351286,0.0,0.0,0.0,7,0,2021,9,9,4,0,0,2,1,0,1,GRAVE_MORTALIDAD,2
3,2,19,0,4,1,-5.43683926354437,-80.70361968416687,0,4,7,1,2,1,0,0,6543.555,2.2741640376723002,3,2,1.0,10,32,1273.943438435227,0.4675599906334324,74.92565879584888,58.28677732667222,7.408951675901131,673.9671667999611,4848.7381929725125,8965.846000060003,1782.4120000599992,636.9959999999999,6546.438000000004,2214.505000059999,6751.341000000004,24.699342371541725,6,2,0,1,2,39.27943217580407,25.4358675102601,50.564132489739904,1.0,1.0,0.0,0.27416403767230013,2,0,0.0,0.27416403767230013,1.0,1.0,1.0,0.7258359623276999,0.27416403767230013,0.27416403767230013,0.27416403767230013,0.27416403767230013,21,2,2021,6,4,0,0,0,0,1,0,1,GRAVE_MORTALIDAD,2
3,1,12,0,4,1,-8.585555517629611,-78.29771561599749,0,4,7,1,1,2,2,2,6543.555,2.6799432731147093,2,1,1.0,4,30,1386.3442866527744,0.48098346609579656,75.92175482725561,49.49210686780562,6.32249104449829,852.6406115718097,9711.238215875579,8931.828000000005,1335.5899999999997,1935.9830000000004,5660.255000000005,1219.309,7712.519000000005,13.651281686122925,3,1,0,0,1,27.399716365573546,22.64011345377058,32.15931927737651,1.0,0.0,0.0,0.0,1,0,0.0,0.32005672688529097,0.0,0.679943273114709,0.679943273114709,0.0,1.0,0.0,0.679943273114709,0.0,18,2,2021,7,9,4,0,0,0,1,0,1,GRAVE_MORTALIDAD,2