CLASE SINIESTRO,CANTIDAD DE VEHICULOS DAÑADOS,DEPARTAMENTO,ZONA,TIPO DE VÍA,RED VIAL,COORDENADAS LATITUD,COORDENADAS  LONGITUD,CONDICIÓN CLIMÁTICA,ZONIFICACIÓN,CARACTERÍSTICAS DE VÍA,PERFIL LONGITUDINAL VÍA,SUPERFICIE DE CALZADA,¿EXISTE SEÑAL VERTICAL?,¿EXISTE SEÑAL HORIZONTAL?,CAUSA FACTOR PRINCIPAL,MTC_RVN_LONGITUD_KM,MTC_RVN_N_CARRILES_MEDIANA,MTC_RVN_SUPERFICIE_DOMINANTE,MTC_RVN_ESTADO_DOMINANTE,MTC_RVN_ES_CONCESIONADA,MTC_RVN_CONCESION_PRINCIPAL,MTC_RVN_CORREDOR_LOGISTICO,MTC_RVN_N_TRAMOS,IDH_2019,IDH_ESP_VIDA_2019,IDH_EDUC_SECUND_PCT_2019,IDH_ANIOS_EDUC_2019,IDH_INGRESO_PERCAP_2019,IDH_POBLACION_2019,MTC_DEP_RED_TOTAL_KM,MTC_DEP_NACIONAL_TOTAL_KM,MTC_DEP_DEPARTAMENTAL_TOTAL_KM,MTC_DEP_VECINAL_TOTAL_KM,MTC_DEP_PAV_TOTAL_KM,MTC_DEP_NO_PAV_TOTAL_KM,MTC_DEP_PCT_PAVIMENTADA,PER_TOTAL_PERSONAS,PER_N_CONDUCTORES,PER_N_CONDUCTORES_FUGADOS,PER_N_PEATONES,PER_N_PASAJEROS_OCUPANTES,PER_EDAD_COND_PROM,PER_EDAD_COND_MIN,PER_EDAD_COND_MAX,PER_ANY_COND_MASCULINO,PER_ANY_LIC_PROBLEMA,PER_ANY_DOSAJE_POS,PER_ANY_DOSAJE_EVALUADO,VEH_TOTAL,VEH_N_FUGADOS,VEH_ANY_FUGADO,VEH_ANY_CARGA,VEH_ANY_PUBLICO,VEH_ANY_PARTICULAR,VEH_ANY_MOTO,VEH_ANY_AUTO,VEH_ANY_CAMION_BUS,VEH_ANY_SOAT_PROBLEMA,VEH_ANY_CITV_PROBLEMA,VEH_ANY_SEGURO_PROBLEMA,HORA_NUM,FRANJA_HORARIA,ANIO,MES,DIA_MES,DIA_SEMANA,ES_FIN_SEMANA,ES_QUINCENA,REGION_NATURAL,TIENE_SEÑALIZACION,ES_VIA_MULTICARRIL,ES_DEPTO_BAJO_PAVIMENTO,CATEGORIA_SEVERIDAD,CATEGORIA_SEVERIDAD_ENC
3,1,14,0,4,1,-12.270438114206364,-76.89869729673444,0,3,7,1,2,2,2,0,6639.975,2.0,2,0,1.0,9,31,1616.0,0.6909236767275176,78.41626133969348,70.97436336767564,9.826485374940413,1476.8351947609171,95908.53319057816,7626.313,1683.4029999999998,1599.0829999999996,4343.827000000001,1814.875,5811.438000000001,23.797541485643197,8,1,0,0,6,33.13164948028995,33.13164948028995,33.13164948028995,1.0,0.0,0.0,0.0,1,0,0.0,0.0,0.0,0.7631500577455612,0.0,0.0,1.0,0.0,0.23684994225443878,0.0,6,1,2023,9,18,1,0,0,0,1,0,1,GRAVE_MORTALIDAD,2
5,1,9,0,4,0,-12.575244765901807,-75.35942662701576,0,4,1,0,2,0,0,1,6543.555,2.197750820764886,3,3,1.0,11,32,1252.7769773518735,0.4174694421972891,74.06491495750855,53.289092534431255,6.134650013222302,609.9289450281398,24716.045182494396,8336.394177780328,1492.4596728502502,1927.5502882017704,4916.384216728308,1866.7837308932287,6469.610446887099,22.422059492722283,7,1,0,0,6,29.604498358470227,28.220242613116028,30.98875410382443,1.0,0.19775082076488593,0.0,0.0,1,0,0.0,0.0,1.0,0.19775082076488593,0.19775082076488593,0.0,1.0,0.0,1.0,0.0,14,2,2024,1,28,1,0,1,1,0,0,1,GRAVE_MORTALIDAD,2
4,1,5,0,4,1,-7.241196876522431,-78.40626490668036,0,4,4,0,2,2,2,2,8630.121739686834,2.0,2,1,1.0,10,32,2816.4006842905296,0.33557491114520044,75.42436884738683,49.689594880342156,4.701425682118541,384.5972233103543,5239.927545480664,15935.565011852366,1733.9250000199986,935.692,13265.948011832368,2000.1670000199988,13935.398011832369,12.551591352627522,3,1,0,0,2,46.45957550804032,36.62127347587904,56.29787754020159,1.0,0.3851061229899204,0.0,1.0,1,0,0.0,0.0,0.0,1.0,0.0,1.0,0.6148938770100796,0.0,1.0,0.0,8,0,2024,11,20,1,0,0,2,1,0,1,GRAVE_MORTALIDAD,2
3,3,18,1,4,1,-13.229763810950423,-74.25645182440145,4,3,3,0,2,0,1,1,1011.4471752732627,2.0,2,0,0.41788399661760967,5,26,298.05091278471457,0.5653468671291878,76.98959286600599,68.27974322043235,8.981117017396123,931.6623306686764,18098.90194808184,2988.6898814592437,582.3610132670414,571.9269307435159,1834.401937448686,916.029335487746,2072.6605459714974,31.966307189841274,5,3,0,0,1,31.985392040588685,23.91058001691195,44.71713209132454,1.0,0.41788399661760967,0.0,1.0,3,0,0.0,0.5821160033823903,0.0,1.0,0.41788399661760967,0.5821160033823903,0.5821160033823903,0.41788399661760967,0.0,0.41788399661760967,12,1,2021,10,10,4,0,0,0,1,0,1,GRAVE_MORTALIDAD,2
3,0,14,2,2,3,-12.174683002504402,-76.99480835514139,0,0,7,1,2,2,2,1,6547.846561567008,2.0,3,3,1.0,13,32,1216.6047784174395,0.7583553928164398,79.82595632107274,76.7651270103073,11.46351379457763,1662.7771470294065,333655.3618843683,7626.313,1683.4029999999998,1599.0829999999996,4343.827000000001,1814.875,5811.438000000001,23.797541485643197,3,2,0,0,0,29.01185395167597,26.445090392761713,31.578617510590227,1.0,0.9554909607238287,0.9554909607238287,0.9554909607238287,2,0,0.0,0.0,0.0,1.0,0.9554909607238287,1.0,0.0,0.0,0.9554909607238287,0.044509039276171336,19,2,2021,1,6,2,0,0,0,1,0,1,GRAVE_MORTALIDAD,2
3,1,1,0,4,0,-9.386321640454922,-77.29482573647715,0,4,7,0,3,2,2,0,6543.555,2.0,4,4,1.0,14,33,1198.0,0.35479366345903945,78.40562207634082,66.73722947210733,5.023761988989856,359.80135478926127,2319.19301056189,10767.648,1885.0630000000003,1222.721,7659.864000000001,2100.343,8667.305000000002,19.506051832303577,3,1,0,0,1,43.36100780521274,40.517554678887784,45.493597649956456,1.0,0.289136718418761,0.0,0.0,1,0,0.0,0.0,0.0,1.0,0.710863281581239,0.289136718418761,0.0,0.0,0.710863281581239,0.710863281581239,14,1,2021,7,29,3,0,1,0,1,0,1,GRAVE_MORTALIDAD,2
4,1,12,0,4,1,-9.28540211095275,-78.46829096956468,0,4,7,1,2,2,2,3,6543.555,3.0,2,0,1.0,0,30,1475.0,0.5959313929414696,80.28759264123042,68.85193557437663,8.943918052384044,998.2955966195447,20581.288408321805,8342.668431916936,1492.5528513296863,1783.9450238088532,5066.1705567783965,1488.0791078309783,6854.589324085959,18.230138337439797,5,1,0,0,4,34.32307223423354,32.29228893693416,36.35385553153292,1.0,0.0,0.45128517717763994,0.45128517717763994,1,0,0.0,0.45128517717763994,0.45128517717763994,0.5487148228223601,0.0,0.0,1.0,0.0,0.45128517717763994,0.0,9,1,2022,7,2,4,0,0,0,1,1,1,GRAVE_MORTALIDAD,2
6,1,7,0,4,0,-13.802509124278615,-71.8430000955762,4,4,0,0,6,2,2,2,6543.555,2.0,4,4,1.0,14,33,1198.0,0.23447037738139642,64.22610282842973,54.89880615175792,4.694626477247915,181.34786961251152,905.4161777390314,17779.13499998999,2097.3709999899997,2863.123,12818.640999999989,2878.713,14900.421999989989,16.19152450331032,2,1,0,0,1,31.041559206016696,31.041559206016696,31.041559206016696,0.11698304638525758,0.0,0.0,0.0,1,0,0.0,0.0,0.0,1.0,0.0,0.11698304638525758,0.8830169536147424,0.0,0.11698304638525758,0.0,21,2,2021,1,14,3,0,0,2,1,0,1,GRAVE_MORTALIDAD,2
6,1,15,0,4,1,-12.732715553305669,-72.24807763135128,3,4,3,1,6,2,2,2,1367.98702649458,1.4532674607550213,1,1,0.0,9,32,296.92400649972734,0.3803822131962753,74.56117516759181,56.08561001904636,6.5056059390293255,429.7278175087885,8065.83623411223,12889.042402869523,1914.5406666366118,1671.478779614583,9303.022956618328,2370.6562558121614,10518.386147057361,18.092399998657502,4,1,0,0,3,37.093465078489956,37.093465078489956,37.093465078489956,1.0,0.45326746075502133,0.0,0.0,1,0,0.0,0.5467325392449787,0.0,0.45326746075502133,0.0,0.45326746075502133,0.5467325392449787,0.0,0.45326746075502133,0.0,10,2,2021,5,6,2,0,0,2,1,0,1,GRAVE_MORTALIDAD,2
5,1,4,0,3,3,-15.752947229755131,-72.26969985731587,0,3,1,0,6,2,2,5,6543.555,2.0,4,4,1.0,14,33,1198.0,0.6876757589655007,78.78210511948923,82.46747975302587,11.24129299064427,1251.9060980064228,55814.30423991465,9926.440009638729,1522.8634669348864,1727.6190551715113,6675.957487532331,2729.2405815129296,7197.199428125798,27.35288184260791,3,1,0,0,2,36.285670758719185,36.285670758719185,36.285670758719185,0.14682418774219963,0.8531758122578004,0.0,0.0,1,0,0.0,0.8531758122578004,0.0,0.14682418774219963,0.0,0.14682418774219963,0.8531758122578004,0.0,0.0,0.0,22,2,2021,3,26,5,0,1,0,1,0,1,GRAVE_MORTALIDAD,2
3,2,20,0,4,0,-16.53467681835726,-69.16305796458016,0,4,7,1,2,2,2,2,7150.075123288096,2.0,2,1,1.0,11,16,1198.0,0.2813486247656361,74.35173447075766,69.47547762133374,6.8521291210491935,172.92737704265593,18664.555343521046,13642.312999999998,2020.7790000000005,2354.117,9267.416999999998,3314.0520000000006,10328.260999999997,24.29244952817019,4,2,0,0,2,30.65056815780043,29.23188917752548,32.069247138075376,1.0,0.5813210197250533,0.0,0.0,2,0,0.0,0.0,0.5813210197250533,1.0,0.5813210197250533,1.0,0.41867898027494665,0.0,1.0,0.0,21,2,2021,6,4,2,0,0,2,1,0,1,GRAVE_MORTALIDAD,2
5,1,13,2,4,1,-12.375620990588889,-76.55746279370486,0,1,6,0,2,2,2,5,925.2975410046769,2.0,2,0,1.0,3,14,162.70903767826505,0.6926507864945306,81.07633351463339,73.93716667600472,9.710988955320387,1403.5032468102193,202593.18516050946,7839.104653059503,1668.5510059669868,1610.9742562406668,4559.57939085185,1899.4657042417673,5939.6389488177365,24.12645669275018,3,1,0,0,2,42.355184347672854,41.3685611596927,43.34180753565301,1.0,0.0,0.0,0.0,1,0,0.0,0.07892985503841232,0.0,1.0,0.07892985503841232,0.9210701449615877,0.07892985503841232,0.0,0.0,0.0,14,2,2022,4,29,5,0,1,0,1,0,1,GRAVE_MORTALIDAD,2
6,1,11,0,4,1,-11.539095408074473,-75.88772526171024,0,4,0,0,2,0,1,2,7586.903,2.0,2,0,1.0,9,5,1198.0,0.6211711217784234,75.51508523355102,70.90101252241288,10.049671623026311,1128.403546167389,8996.89721627409,12264.545,1826.4639999999995,1105.5389999999998,9332.542,1588.5359999999996,10676.009,12.952261987705208,3,1,0,0,2,36.466629449357804,36.466629449357804,36.466629449357804,1.0,0.0,0.0,0.8083286811697257,1,0,0.0,0.0,0.0,1.0,0.0,0.8083286811697257,0.19167131883027433,0.8083286811697257,1.0,0.8083286811697257,14,2,2022,9,23,4,0,1,2,1,0,1,GRAVE_MORTALIDAD,2
6,1,8,0,4,1,-13.364298898990219,-75.39022944926838,0,4,6,1,4,2,2,1,1576.1884645024497,1.4745443501585562,1,3,0.4745443501585562,9,19,291.35449575713506,0.3765020534435458,59.535740798304495,53.1053810149608,7.011518252554052,560.9397785512663,325.55877731464466,8511.426,1445.3929999999996,2008.516,5057.516999999999,1879.579,6631.846999999998,22.08300935706896,16,1,0,0,15,30.5927096025369,30.5927096025369,30.5927096025369,1.0,0.5254556498414438,0.0,0.0,1,0,0.0,0.0,0.4745443501585562,0.5254556498414438,0.0,0.5254556498414438,0.4745443501585562,0.5254556498414438,0.5254556498414438,0.0,8,1,2021,9,6,5,1,0,2,1,0,1,GRAVE_MORTALIDAD,2
6,1,15,1,4,1,-9.560536446919322,-78.32254961571216,0,2,7,1,2,2,2,3,2924.5375941678017,2.361487149821812,2,0,1.0,1,19,632.8015506149701,0.6618834505493711,80.32160850752149,73.10035307066914,9.66369211300023,1265.2922703606175,196329.1466557086,8110.536966283951,1719.1934812383965,1251.300912489382,5140.042572556174,1959.3361097049797,6151.200856578973,24.123530917593442,5,1,0,0,3,42.36148714982181,37.30066705231644,47.42230724732718,1.0,0.0,0.0,0.36148714982181207,1,0,0.0,0.36148714982181207,0.0,1.0,0.0,1.0,0.36148714982181207,0.0,0.36148714982181207,0.0,11,1,2022,3,20,4,0,0,0,1,0,1,GRAVE_MORTALIDAD,2
4,1,6,1,2,2,-12.52095187352347,-74.66352548267658,0,3,7,0,5,1,0,1,6543.555,2.0,4,4,1.0,14,33,1198.0,0.26385098255227263,72.15827813576016,46.751733422065676,4.584422353533499,225.45495458608872,5437.131008305848,12530.152573228243,1812.7471709480915,1534.2267810685303,9183.17862121162,2163.654618517297,10366.497954710945,17.21701328244096,2,1,0,0,1,23.304724234553184,23.304724234553184,23.304724234553184,1.0,0.6412729804539012,0.6412729804539012,1.0,1,0,0.0,0.0,0.0,0.6412729804539012,1.0,0.0,0.0,0.35872701954609876,0.35872701954609876,0.0,5,1,2022,6,24,3,0,1,2,1,0,1,GRAVE_MORTALIDAD,2
6,1,14,0,4,1,-10.660632480744386,-76.77395843362414,0,4,3,0,1,1,1,0,1215.2307814386154,0.4121976555692295,1,0,0.0,9,25,542.924637693928,0.6329626849738527,79.69467338238256,55.60978991784313,10.43485646497054,1214.2298061072966,14347.565310492504,7626.313,1683.4029999999998,1599.0829999999996,4343.827000000001,1814.875,5811.438000000001,23.797541485643197,2,1,0,0,1,35.760953651733345,35.760953651733345,35.760953651733345,1.0,0.47073255185640983,0.0,0.0,1,0,0.0,0.0,0.0,1.0,0.47073255185640983,0.0,0.5292674481435902,0.47073255185640983,0.0,0.0,11,1,2022,5,25,2,0,1,0,1,0,1,GRAVE_MORTALIDAD,2
4,1,10,0,4,0,-8.170922261893823,-77.91203691155921,0,4,7,1,2,1,1,0,7048.422106800729,2.0,3,2,1.0,11,27,1586.5898133138573,0.5482179221472955,75.94386167043952,64.20614705899447,8.280444905623465,924.5915108457207,31554.38641049044,8631.441424643137,1334.7122441863967,1460.529440673869,5836.199739782871,1153.0409296974387,7478.400494945698,13.343555076924119,2,1,0,0,1,37.539010196026354,35.49362447046325,39.584395921589454,1.0,0.5843959215894574,0.0,0.0,1,0,0.0,0.0,0.0,1.0,0.5843959215894574,0.4156040784105426,0.0,0.5843959215894574,0.0,0.5843959215894574,14,1,2022,5,15,1,0,0,0,1,0,1,GRAVE_MORTALIDAD,2
3,2,6,1,4,0,-6.9530685239755075,-78.02151078399402,0,0,7,0,2,1,0,2,7511.56570154229,2.0,2,0,1.0,10,22,1943.0655682082388,0.5860154038723856,73.9214514246478,69.95993089520918,9.204308647302268,1046.171645180467,105790.20593458433,15189.839771159997,1752.7232271641476,970.1944528732997,12466.922091122551,1916.548925050295,13273.290846109703,12.632982956273645,4,2,0,0,2,30.42196900806666,25.390584710828573,35.04707644585713,1.0,0.0,0.0,1.0,2,0,0.0,0.2031384297238089,0.0,1.0,0.7968615702761911,0.2031384297238089,1.0,0.0,1.0,0.0,8,1,2023,7,11,0,0,0,2,1,0,1,GRAVE_MORTALIDAD,2
4,1,12,0,4,1,-8.044966439068412,-78.34062369152083,0,4,7,1,2,2,2,2,8779.903905777364,2.3409665634624846,2,0,1.0,5,31,3027.0237430458487,0.4349845599200336,74.39512275278088,56.2220062202267,5.9840874260519055,654.9567738110352,68898.77321065012,8931.828000000005,1335.5899999999997,1935.9830000000004,5660.255000000005,1219.309,7712.519000000005,13.651281686122925,2,1,0,0,0,45.8066170278813,43.931300928837636,47.68193312692497,1.0,0.34096656346248466,0.0,0.0,1,0,0.0,1.0,0.0,0.0,0.0,0.0,1.0,0.0,0.34096656346248466,0.0,6,0,2022,6,16,4,0,0,0,1,0,1,GRAVE_MORTALIDAD,2
3,1,3,0,4,1,-16.047197277543848,-71.3377244397772,0,4,6,0,2,0,1,0,1504.4250000000002,2.0,2,0,1.0,7,25,241.0,0.4685280505645348,81.83746865987648,70.74305753660312,6.037751599761188,617.4715908037651,1751.8736616702354,10322.272,1495.236,1749.739,7077.2970000000005,2886.595,7435.677000000001,27.964725207783708,8,1,0,0,6,46.331190792974084,42.30385937777115,50.35852220817702,1.0,0.19453371695941324,0.0,0.0,1,0,0.0,0.8054662830405868,0.8054662830405868,0.19453371695941324,0.0,0.19453371695941324,0.8054662830405868,0.0,0.0,0.0,17,1,2022,1,20,4,0,0,0,1,0,1,GRAVE_MORTALIDAD,2
6,1,8,0,4,1,-12.811106783267977,-74.75514732148953,0,4,2,1,2,1,1,0,1158.4371040915898,1.3386112291126326,0,3,0.33861122911263253,9,29,162.8805826959055,0.2583470398242362,69.21160099752315,47.69394946978819,4.3098432556149575,235.8609222242553,3604.419176808951,8511.426,1445.3929999999996,2008.516,5057.516999999999,1879.579,6631.846999999998,22.08300935706896,4,1,0,0,3,46.259442792423144,46.259442792423144,46.259442792423144,1.0,0.6613887708873675,0.0,0.0,1,0,0.0,0.6613887708873675,0.0,0.33861122911263253,0.0,0.33861122911263253,0.6613887708873675,0.0,0.0,0.0,6,0,2022,7,15,5,1,0,2,1,0,1,GRAVE_MORTALIDAD,2
3,1,12,0,3,1,-8.066262633843792,-79.08914370208325,0,3,6,1,2,2,2,1,6543.555,2.944567011058766,2,0,1.0,0,30,1459.6450620632781,0.583006771156836,78.2441938961209,62.24037484511178,8.807312392374042,1028.2282118265089,76607.295503212,8931.828000000005,1335.5899999999997,1935.9830000000004,5660.255000000005,1219.309,7712.519000000005,13.651281686122925,4,1,0,0,3,28.305984538705683,21.221731955764934,35.39023712164643,1.0,0.0,0.0,0.0,1,0,0.0,0.9445670110587662,0.0,1.0,0.0,0.05543298894123383,0.9445670110587662,0.0,0.05543298894123383,0.0,6,0,2023,11,2,0,0,0,0,1,0,1,GRAVE_MORTALIDAD,2
6,1,5,0,4,2,-6.612766945389239,-78.46254813860492,0,4,3,0,1,2,2,3,6543.555,2.0,4,4,1.0,14,33,1198.0,0.3484871558022944,76.33677469666252,53.28672218475212,4.131981838863427,447.1658531581213,76209.5845824411,15935.565011852366,1733.9250000199986,935.692,13265.948011832368,2000.1670000199988,13935.398011832369,12.551591352627522,3,1,0,0,2,36.55418765100479,36.55418765100479,36.55418765100479,1.0,0.44581234899520883,0.0,0.0,1,0,0.0,1.0,0.0,0.0,0.0,0.0,1.0,0.0,0.0,0.0,17,1,2021,6,18,3,0,0,2,1,0,1,GRAVE_MORTALIDAD,2
4,1,10,0,4,1,-8.69737380174063,-77.22870953048472,1,4,0,0,2,2,2,1,1506.905895855588,1.4120976751051855,1,0,0.41209767510518547,8,30,455.6809065613628,0.3889999645557996,72.85167361350032,49.22663527465299,5.829055494470961,523.6413441657544,26183.78967633046,8506.909248733453,1334.3483502898218,1263.419212906383,5909.141685537247,1125.5679742955217,7381.34127443793,13.215979920866268,3,1,0,0,1,31.890344202524453,29.00566047678815,34.77502792826075,1.0,0.0,0.0,0.0,1,0,0.0,0.41209767510518547,0.5879023248948145,0.41209767510518547,0.5879023248948145,0.41209767510518547,0.41209767510518547,0.5879023248948145,0.5879023248948145,0.5879023248948145,10,1,2022,7,14,5,1,0,1,1,0,1,GRAVE_MORTALIDAD,2
6,1,9,0,4,0,-10.021437751179501,-76.23500732165033,0,3,0,0,1,2,2,1,6549.866629517141,2.0,3,3,1.0,13,32,1225.3621773300624,0.5959723077531995,71.90110095047694,72.2350670170157,10.129605024926512,1063.3376249767746,93671.59004269325,8170.910720894666,1356.3840045507702,844.809960517123,5969.716755826772,1109.2821619115653,7061.6285589831,13.623489744399226,3,1,0,0,2,21.3272987718907,21.3272987718907,21.3272987718907,1.0,0.9345402456218601,0.0,0.9345402456218601,1,0,0.0,0.0,0.9345402456218601,0.06545975437813989,0.9345402456218601,0.0,0.06545975437813989,0.0,1.0,0.0,4,0,2021,7,25,0,0,0,1,1,0,1,GRAVE_MORTALIDAD,2
3,1,8,0,4,1,-11.076425338316453,-76.26719924880643,3,4,0,0,2,1,1,1,9936.932,2.0,2,0,1.0,9,32,3830.0,0.5783203033453618,74.60373916444146,69.19938954265378,9.087315446569026,1004.8784058091361,2030.8894200940258,11854.487020798939,1842.5165323540648,1137.6396816893468,8874.330806755528,1728.7397308919428,10125.747289906998,14.747598486999706,3,1,0,0,1,31.164858564874642,21.0,41.329717129749284,1.0,0.2739386739375256,0.0,0.2739386739375256,1,0,0.0,1.0,0.7260613260624744,0.0,0.0,0.0,1.0,0.0,0.0,0.0,9,0,2022,3,1,1,0,0,1,1,0,1,GRAVE_MORTALIDAD,2
3,1,10,0,4,1,-13.702855240033024,-75.57734948259478,0,4,1,1,2,2,2,0,6362.342995018964,2.0,2,0,1.0,8,29,1529.6612851191614,0.6207103940017057,75.83782701298587,67.01050015798691,9.660775461881855,1178.728843254963,8547.659428057146,3587.3424403041054,673.6201687959758,711.5766694991114,2202.145602009018,1052.8200494086602,2534.522390895445,29.14187675997961,5,2,0,0,3,44.26658978741659,34.931044482427716,53.602135092405476,1.0,0.08222734750556049,0.0,0.9177726524944395,2,0,0.0,0.9177726524944395,0.0,1.0,0.08222734750556049,0.9177726524944395,0.9177726524944395,0.0,0.0,0.0,20,2,2021,11,26,2,0,0,0,1,0,1,GRAVE_MORTALIDAD,2
3,1,3,1,4,1,-16.124425809350903,-71.63297593038631,4,4,0,0,2,0,1,0,1504.4250000000002,2.0,2,0,1.0,7,25,241.0,0.6005060748875158,78.21704200773246,77.40211893847457,8.994742794352394,996.014120858737,33335.45824411135,10322.272,1495.236,1749.739,7077.2970000000005,2886.595,7435.677000000001,27.964725207783708,4,2,0,0,1,39.03436373538891,31.10801416441078,49.38297253368175,1.0,0.0,0.0,0.09165278975699043,2,0,0.0,0.09165278975699043,0.09165278975699043,0.9083472102430096,0.0,0.9083472102430096,1.0,0.0,1.0,0.0,13,2,2025,2,6,1,0,0,0,1,0,1,GRAVE_MORTALIDAD,2
4,1,1,0,4,1,-9.502838095566897,-77.42714152207536,3,4,0,0,2,1,1,1,1046.4133140601075,1.604574110258242,1,3,0.0,9,14,185.33344075365932,0.49040539108115233,72.78143330446517,64.5938048064034,8.426452389474857,711.3823591572667,4469.553252606363,10767.648,1885.0630000000003,1222.721,7659.864000000001,2100.343,8667.305000000002,19.506051832303577,5,1,0,0,3,47.23367540125549,44.5130919050934,49.95425889741758,1.0,0.0,0.0,0.6045741102582421,1,0,0.0,0.6045741102582421,0.0,1.0,0.0,1.0,0.6045741102582421,0.0,0.0,0.0,10,2,2022,4,14,4,0,0,0,1,0,1,GRAVE_MORTALIDAD,2
3,1,7,0,4,1,-14.943152605079003,-71.20984728234755,0,4,3,0,1,1,1,2,567.679165769239,1.4722379346635526,3,2,0.0,9,3,113.77846912519631,0.3431988666536545,66.64823394158843,57.93423612834869,4.946532591996158,437.3952009635978,1934.4941477536881,17779.13499998999,2097.3709999899997,2863.123,12818.640999999989,2878.713,14900.421999989989,16.19152450331032,5,2,0,0,3,39.65283277132244,33.194617281299074,46.11104826134579,1.0,0.0,0.0,0.47223793466355246,2,0,0.0,1.0,0.0,1.0,0.0,1.0,1.0,0.0,0.47223793466355246,0.0,3,0,2023,5,15,5,1,0,2,1,0,1,GRAVE_MORTALIDAD,2
4,1,5,0,4,1,-6.5591142633804855,-78.78458092196017,0,4,3,0,1,2,2,0,9936.932,2.0,2,0,1.0,9,32,3830.0,0.44561179074330026,76.43479418516557,56.734924358080384,5.903822173448109,693.8370333066867,6314.654823459277,15935.565011852366,1733.9250000199986,935.692,13265.948011832368,2000.1670000199988,13935.398011832369,12.551591352627522,3,1,0,0,2,49.1148819343272,42.033937408944794,56.1958264597096,1.0,0.0,0.0,0.4425590328364001,1,0,0.0,0.0,0.0,1.0,0.0,0.4425590328364001,1.0,0.0,0.4425590328364001,0.0,7,1,2022,7,23,2,0,1,2,1,0,1,GRAVE_MORTALIDAD,2
3,2,5,0,4,1,-7.1682529962130985,-78.38893810047486,0,4,6,0,2,1,1,0,9936.932,2.0,2,0,1.0,9,32,3830.0,0.3650374100502995,77.64579698341807,56.10878512152643,4.839438176124809,430.0058504212574,5552.233519971389,15935.565011852366,1733.9250000199986,935.692,13265.948011832368,2000.1670000199988,13935.398011832369,12.551591352627522,8,2,0,0,6,35.16251894242064,23.97833080767725,46.346707077164034,1.0,0.021669192322752218,0.0,0.0,2,0,0.0,1.0,1.0,0.0,0.021669192322752218,0.0,1.0,0.021669192322752218,0.021669192322752218,0.021669192322752218,10,0,2022,3,7,0,0,0,2,1,0,1,GRAVE_MORTALIDAD,2
6,1,7,0,4,2,-14.044018715779421,-71.67182590134976,0,4,0,0,1,2,2,2,6543.555,2.0,4,4,1.0,14,33,1198.0,0.3000491847394852,63.374675565460876,59.544768127423396,5.633844643354097,299.25617650066704,8790.74965534098,17779.13499998999,2097.3709999899997,2863.123,12818.640999999989,2878.713,14900.421999989989,16.19152450331032,6,1,0,0,5,51.1438507596983,51.1438507596983,51.1438507596983,1.0,0.7731676917469589,0.22683230825304113,0.22683230825304113,1,0,0.0,0.7731676917469589,0.0,0.22683230825304113,0.0,0.22683230825304113,0.7731676917469589,0.0,0.22683230825304113,0.0,8,0,2022,8,9,5,0,0,2,1,0,1,GRAVE_MORTALIDAD,2
6,1,14,0,3,1,-12.196255225071011,-76.98438551812957,0,2,1,1,2,2,2,0,6543.555,2.8937340952076043,2,0,1.0,1,30,1445.5643443725064,0.7053618563651567,80.18564216953793,74.89686878062884,10.146155592796678,1453.3391016681403,449047.3716434535,7626.313,1683.4029999999998,1599.0829999999996,4343.827000000001,1814.875,5811.438000000001,23.797541485643197,5,1,0,3,0,59.40876266549276,56.28069333226615,62.53683199871938,1.0,0.10626590479239584,0.0,0.0,1,0,0.0,0.8937340952076042,0.0,0.10626590479239584,0.10626590479239584,0.0,0.8937340952076042,0.10626590479239584,0.0,0.10626590479239584,11,2,2022,5,25,1,0,0,0,1,0,1,GRAVE_MORTALIDAD,2