CLASE SINIESTRO,CANTIDAD DE VEHICULOS DAÑADOS,DEPARTAMENTO,ZONA,TIPO DE VÍA,RED VIAL,COORDENADAS LATITUD,COORDENADAS  LONGITUD,CONDICIÓN CLIMÁTICA,ZONIFICACIÓN,CARACTERÍSTICAS DE VÍA,PERFIL LONGITUDINAL VÍA,SUPERFICIE DE CALZADA,¿EXISTE SEÑAL VERTICAL?,¿EXISTE SEÑAL HORIZONTAL?,CAUSA FACTOR PRINCIPAL,MTC_RVN_LONGITUD_KM,MTC_RVN_N_CARRILES_MEDIANA,MTC_RVN_SUPERFICIE_DOMINANTE,MTC_RVN_ESTADO_DOMINANTE,MTC_RVN_ES_CONCESIONADA,MTC_RVN_CONCESION_PRINCIPAL,MTC_RVN_CORREDOR_LOGISTICO,MTC_RVN_N_TRAMOS,IDH_2019,IDH_ESP_VIDA_2019,IDH_EDUC_SECUND_PCT_2019,IDH_ANIOS_EDUC_2019,IDH_INGRESO_PERCAP_2019,IDH_POBLACION_2019,MTC_DEP_RED_TOTAL_KM,MTC_DEP_NACIONAL_TOTAL_KM,MTC_DEP_DEPARTAMENTAL_TOTAL_KM,MTC_DEP_VECINAL_TOTAL_KM,MTC_DEP_PAV_TOTAL_KM,MTC_DEP_NO_PAV_TOTAL_KM,MTC_DEP_PCT_PAVIMENTADA,PER_TOTAL_PERSONAS,PER_N_CONDUCTORES,PER_N_CONDUCTORES_FUGADOS,PER_N_PEATONES,PER_N_PASAJEROS_OCUPANTES,PER_EDAD_COND_PROM,PER_EDAD_COND_MIN,PER_EDAD_COND_MAX,PER_ANY_COND_MASCULINO,PER_ANY_LIC_PROBLEMA,PER_ANY_DOSAJE_POS,PER_ANY_DOSAJE_EVALUADO,VEH_TOTAL,VEH_N_FUGADOS,VEH_ANY_FUGADO,VEH_ANY_CARGA,VEH_ANY_PUBLICO,VEH_ANY_PARTICULAR,VEH_ANY_MOTO,VEH_ANY_AUTO,VEH_ANY_CAMION_BUS,VEH_ANY_SOAT_PROBLEMA,VEH_ANY_CITV_PROBLEMA,VEH_ANY_SEGURO_PROBLEMA,HORA_NUM,FRANJA_HORARIA,ANIO,MES,DIA_MES,DIA_SEMANA,ES_FIN_SEMANA,ES_QUINCENA,REGION_NATURAL,TIENE_SEÑALIZACION,ES_VIA_MULTICARRIL,ES_DEPTO_BAJO_PAVIMENTO,CATEGORIA_SEVERIDAD,CATEGORIA_SEVERIDAD_ENC
5,1,5,0,4,1,-6.646153722634172,-78.49375862234311,0,4,5,0,1,1,1,0,7295.430948281353,2.0,3,3,1.0,12,32,1781.1764333513556,0.3484871558022944,76.33677469666252,53.28672218475212,4.131981838863427,447.1658531581213,76209.5845824411,15935.565011852366,1733.9250000199986,935.692,13265.948011832368,2000.1670000199988,13935.398011832369,12.551591352627522,4,1,0,0,3,32.676426101721,31.125424949190798,34.2274272542512,1.0,1.0,0.0,0.2215715932186001,1,0,0.0,1.0,0.0,0.2215715932186001,0.2215715932186001,0.0,1.0,0.2215715932186001,0.2215715932186001,0.2215715932186001,12,1,2022,1,26,5,0,1,2,1,0,1,GRAVE_MORTALIDAD,2
3,1,3,1,4,1,-16.102784672402105,-71.61975878108207,4,4,1,0,2,0,1,0,1504.4250000000002,2.0,2,0,1.0,7,25,241.0,0.6005060748875158,78.21704200773246,77.40211893847457,8.994742794352394,996.014120858737,33335.45824411135,10322.272,1495.236,1749.739,7077.2970000000005,2886.595,7435.677000000001,27.964725207783708,5,2,0,0,2,37.576202927457196,30.023228293389355,47.34107609779645,1.0,0.0,0.0,0.17053804889822588,2,0,0.0,0.17053804889822588,0.0,0.8294619511017741,0.0,0.8294619511017741,1.0,0.0,0.8294619511017741,0.0,12,2,2025,3,4,1,0,0,0,1,0,1,GRAVE_MORTALIDAD,2
3,2,7,0,4,1,-14.067085324212574,-71.37595278096649,0,4,0,1,2,1,1,2,7586.903,2.0,2,0,1.0,9,5,1198.0,0.3121360543331132,72.44087203846071,57.26820876894705,4.916758228507755,305.6883580188311,10336.573245755835,17779.13499998999,2097.3709999899997,2863.123,12818.640999999989,2878.713,14900.421999989989,16.19152450331032,6,2,0,0,4,41.5,34.55264945099437,48.44735054900563,1.0,0.5526494509943743,0.0,1.0,2,0,0.0,0.44735054900562565,0.5526494509943743,1.0,0.0,0.44735054900562565,1.0,0.0,0.0,0.0,15,3,2022,8,11,0,0,0,2,1,0,1,GRAVE_MORTALIDAD,2
3,1,7,0,4,2,-14.255006089229271,-71.51996713521493,0,4,3,0,2,1,1,2,6543.555,2.0,4,4,1.0,14,33,1198.0,0.27443495144015456,62.00127700715692,60.63589080745688,5.037614791764145,264.30263267017403,5152.973610294205,17779.13499998999,2097.3709999899997,2863.123,12818.640999999989,2878.713,14900.421999989989,16.19152450331032,3,1,0,0,1,30.76212491873628,28.788274099177617,32.73597573829495,1.0,0.0,0.0,1.0,1,0,0.0,0.7895403278234657,0.0,1.0,0.0,0.7895403278234657,1.0,0.0,0.0,0.0,5,0,2022,6,20,5,0,1,2,1,0,1,GRAVE_MORTALIDAD,2
5,1,8,0,4,0,-9.547710913561831,-76.37020862660891,0,4,4,0,5,2,2,2,6543.555,2.0,4,4,1.0,14,33,1198.0,0.3980655368396596,71.90964831160768,47.22632907073977,6.128820935184876,655.9620217959173,9302.852718617347,8754.003486172172,1319.09475451937,1737.97238334073,5696.936348312072,1285.5439029749127,7468.45958319726,14.734073195562646,5,1,0,0,4,40.17291854126739,37.06874919659969,43.277087885935096,1.0,0.0,0.0,0.0,1,0,0.0,0.0,0.3104169344667702,1.0,0.0,0.0,1.0,0.0,0.6895830655332298,0.0,1,0,2023,8,21,2,0,1,0,1,0,1,GRAVE_MORTALIDAD,2
5,1,7,0,4,2,-13.472815966541495,-72.38365893996608,0,4,0,0,1,2,2,5,6671.563641362469,2.0,3,3,1.0,13,29,1198.0,0.3605944236844053,70.33497764136494,52.42780909813797,5.742091582894629,449.7411516363484,8681.865262405096,17779.13499998999,2097.3709999899997,2863.123,12818.640999999989,2878.713,14900.421999989989,16.19152450331032,11,1,0,0,10,38.30672565951741,35.79157525147464,40.82187606756018,1.0,0.0,0.8773097361930356,1.0,1,0,0.0,0.0,0.0,1.0,0.12269026380696435,0.8773097361930356,0.12269026380696435,0.0,1.0,0.12269026380696435,20,2,2023,8,26,3,0,0,2,1,0,1,GRAVE_MORTALIDAD,2
1,1,7,0,4,0,-14.036633115675052,-71.29253935558252,0,4,4,1,1,2,2,3,7283.954507626444,2.0,2,1,1.0,10,13,1198.0,0.31710674159300994,71.60717103228228,58.917622215707446,5.145422949450557,313.5984607134325,9946.790353696555,17779.13499998999,2097.3709999899997,2863.123,12818.640999999989,2878.713,14900.421999989989,16.19152450331032,3,1,0,1,0,26.226513936600256,26.226513936600256,26.226513936600256,1.0,0.0,0.0,0.709638114633319,1,0,0.0,0.0,0.0,1.0,0.0,1.0,0.0,0.0,0.709638114633319,0.0,6,0,2021,9,8,4,0,0,2,1,0,1,GRAVE_MORTALIDAD,2
0,1,20,0,4,1,-6.421570629655059,-77.23238332997062,0,4,6,1,2,2,2,0,7658.709073879298,2.0,2,0,1.0,9,21,2056.3199569703447,0.5991621091876312,74.31331363408951,63.553199738766,8.243326718288353,1236.6470027231899,24081.665620386175,5807.613794234614,886.2881408810819,1017.2751776166311,3904.050475736901,1079.1350667453848,4728.478727489229,18.431253848577693,3,1,0,0,1,51.615080559061404,51.0,52.230161118122815,1.0,1.0,0.0,0.0,1,0,0.0,0.08201074120818763,0.0,0.9179892587918124,1.0,0.0,0.08201074120818763,0.9179892587918124,1.0,1.0,18,1,2024,5,28,5,1,1,0,1,0,1,GRAVE_MORTALIDAD,2
5,1,3,0,4,1,-9.339867437310179,-77.40316840873098,1,4,0,0,1,1,1,1,9936.932,2.0,2,0,1.0,9,32,3830.0,0.39279960258793245,70.563898944379,44.82180053172197,6.663346045246309,569.7373807581491,2422.845807756891,11214.461423029117,1867.5716029459054,1187.7429817813795,8159.146838301835,1947.572142953547,9266.889280075573,17.549790797457177,3,1,0,0,2,49.731644940425774,45.55274156737629,53.91054831347526,1.0,0.0,0.0,0.7015069019250367,1,0,0.0,0.29849309807496327,0.29849309807496327,0.7015069019250367,0.0,0.0,1.0,0.0,0.0,0.0,8,0,2021,2,13,3,0,0,0,1,0,1,GRAVE_MORTALIDAD,2
2,1,16,2,2,4,-14.02555909338337,-74.83079364007915,0,0,2,1,2,1,1,0,6543.555,2.0,4,4,1.0,14,33,1198.0,0.7911311839013924,79.19104218637263,79.25736248402798,12.58448726902483,1787.3086058387025,74645.15757332416,5996.070463349395,1338.4884987009586,1234.8404694240949,3422.7414952243416,1570.4002646188392,4425.670198730556,29.210822414999917,3,1,0,0,0,51.11959901657608,36.36180928966097,65.54975060142338,0.6723618579321944,0.0,0.0,0.0,1,0,0.3276381420678056,0.0,0.6723618579321944,0.6723618579321944,0.0,0.6723618579321944,0.6723618579321944,0.0,0.0,0.3276381420678056,16,2,2022,6,9,4,0,0,0,1,0,1,GRAVE_MORTALIDAD,2
7,2,3,0,4,1,-16.054054054841195,-71.34047667171328,0,4,0,0,2,0,1,0,1504.4250000000002,2.0,2,0,1.0,7,25,241.0,0.4685280505645348,81.83746865987648,70.74305753660312,6.037751599761188,617.4715908037651,1751.8736616702354,10322.272,1495.236,1749.739,7077.2970000000005,2886.595,7435.677000000001,27.964725207783708,5,2,0,0,3,39.80132089288115,38.6300810204356,40.9725607653267,1.0,0.0,0.0,0.0,2,0,0.0,1.0,0.0,0.32876012755444994,0.0,0.0,1.0,0.0,0.32876012755444994,0.0,11,1,2022,4,11,2,0,0,0,1,0,1,GRAVE_MORTALIDAD,2
5,1,5,0,4,1,-12.859554008649841,-74.65837906446446,1,4,1,0,1,2,2,1,6833.722773792926,2.0,3,2,1.0,12,25,1198.0,0.2953749535921638,69.96798139585054,49.270056994013856,5.175421036953079,377.44084250492995,15252.810635112415,12563.542277545228,1811.0228192639763,1588.1174065511198,9164.402051730132,2235.953161763215,10327.589115782012,17.75313799826124,4,1,0,0,3,21.112448670215215,21.112448670215215,21.112448670215215,1.0,0.7218878324461966,0.7218878324461966,1.0,1,0,0.2781121675538034,0.0,0.0,1.0,0.7218878324461966,0.2781121675538034,0.2781121675538034,0.7218878324461966,1.0,0.7218878324461966,8,0,2022,5,3,3,0,0,2,1,0,1,GRAVE_MORTALIDAD,2
6,1,2,0,4,0,-6.112779014149003,-78.84980882092202,1,4,7,1,1,1,1,0,6543.555,2.184435190584265,3,3,1.0,11,32,1249.0885477918414,0.39404648072636667,72.49375591000978,42.940718353504536,5.342495667727139,623.8882362773577,7858.279056350393,3821.8352135377722,1037.071596349826,604.3302088060784,2180.4334083818685,899.2830275547985,2922.552185982974,23.463000020866208,18,1,0,0,17,36.97975014577516,36.97975014577516,36.97975014577516,1.0,0.0,0.0,0.18443519058426494,1,0,0.0,0.0,0.0,0.8155648094157351,0.0,0.8155648094157351,0.18443519058426494,0.0,0.0,0.0,6,0,2021,8,27,0,0,1,0,1,0,1,GRAVE_MORTALIDAD,2
3,1,13,2,4,2,-9.423879504029244,-78.45541804810048,0,3,4,1,2,0,0,0,6543.555,2.5024835731255664,2,1,1.0,6,31,1337.187949755782,0.6988548574243765,79.90383373142087,78.69996585769177,11.484000292042245,1314.5130737803793,267975.3231146713,5532.653889576406,1096.3308396909024,1142.1470503604005,3294.175999525103,1256.3544587994702,4276.299430776936,22.05515623130902,4,2,0,0,1,42.482614988121036,36.462746403116505,48.502483573125566,1.0,0.0,0.0,0.0,2,0,0.0,0.5024835731255665,0.0,1.0,0.0,1.0,0.5024835731255665,0.0,0.5024835731255665,0.0,15,1,2021,6,24,2,0,1,0,1,0,1,GRAVE_MORTALIDAD,2
3,1,3,0,4,1,-15.932394449812971,-71.19342381107543,0,4,7,1,2,0,1,0,1504.4250000000002,2.0,2,0,1.0,7,25,241.0,0.4498224071382834,81.63336343193146,58.84842497065013,5.774685730039019,620.6584683449911,1358.612419700214,10322.272,1495.236,1749.739,7077.2970000000005,2886.595,7435.677000000001,27.964725207783708,11,2,0,0,9,43.016460546585314,25.379744140785938,60.65317695238468,1.0,0.7240511718428124,0.0,0.2759488281571876,2,0,0.0,1.0,0.7240511718428124,0.2759488281571876,0.0,1.0,1.0,0.0,0.2759488281571876,0.0,5,0,2022,6,11,5,1,0,0,1,0,1,GRAVE_MORTALIDAD,2
6,1,19,0,4,1,-5.8256949205572734,-79.46869366674176,0,4,1,0,2,1,0,4,305.38500000000005,2.0,2,0,1.0,1,20,50.0,0.2117580020098525,65.37756662211437,42.30794939557186,3.975264599118591,171.62326554814578,38712.25053533191,8965.846000060003,1782.4120000599992,636.9959999999999,6546.438000000004,2214.505000059999,6751.341000000004,24.699342371541725,3,1,0,0,2,37.6139379051631,37.6139379051631,37.6139379051631,1.0,0.26898965086051685,0.0,0.7310103491394832,1,0,0.0,0.26898965086051685,0.0,0.7310103491394832,0.0,0.0,1.0,0.0,1.0,0.0,13,2,2023,6,18,0,0,1,0,1,0,1,GRAVE_MORTALIDAD,2
5,1,11,0,4,1,-8.593938437296503,-77.19388630792574,1,4,5,1,1,1,1,1,1706.8520261372435,1.0766224019922026,1,2,0.07662240199220272,9,32,295.12197461117347,0.5558007768610146,73.58293971407078,56.48462310327361,7.970076083745421,1092.6227259526058,22764.453333790414,9038.36715911565,1347.822459988447,1921.7125373633646,5768.832161763839,1347.0604581279717,7691.3067009876795,14.748012109532308,22,1,0,0,21,37.306489607968814,32.61688799003899,41.072713627890835,0.07662240199220272,0.0,0.0,0.07662240199220272,1,0,0.0,0.0,0.9233775980077973,0.07662240199220272,0.0,0.07662240199220272,1.0,0.0,0.9233775980077973,0.0,16,2,2021,5,7,1,0,0,0,1,0,1,GRAVE_MORTALIDAD,2
4,1,12,1,2,2,-8.097667122762438,-79.07807186949007,0,1,2,1,2,2,2,0,6543.555,2.3359669668886824,3,2,1.0,9,31,1291.062849828165,0.583006771156836,78.2441938961209,62.24037484511178,8.807312392374042,1028.2282118265089,76607.295503212,8931.828000000005,1335.5899999999997,1935.9830000000004,5660.255000000005,1219.309,7712.519000000005,13.651281686122925,3,1,0,0,2,31.887322821217992,30.039504503330235,33.73514113910574,1.0,0.0,0.0,0.0,1,0,0.0,0.33596696688868244,0.33596696688868244,0.6640330331113176,0.0,0.6640330331113176,0.33596696688868244,0.0,0.6640330331113176,0.0,8,0,2022,10,13,1,0,0,0,1,0,1,GRAVE_MORTALIDAD,2
3,1,12,2,2,4,-9.013615046373074,-78.53600861999861,0,3,2,1,2,2,2,0,6543.555,2.0,4,4,1.0,14,33,1198.0,0.5919620315973797,79.51533925530016,63.17174276160456,8.10281662755965,1105.2211568036628,211086.8341046257,8621.689837581562,1418.2164613468594,1855.9490310921185,5347.524345142584,1360.7916676360685,7260.8981699454935,16.06162731190534,2,1,0,0,0,30.292939803335106,16.950240058271078,43.63563954839913,1.0,0.7624399854322301,0.0,0.0,1,0,0.0,0.0,0.7624399854322301,1.0,0.7624399854322301,0.23756001456776987,0.0,0.7624399854322301,0.0,0.7624399854322301,13,2,2024,12,6,0,0,0,0,1,0,1,GRAVE_MORTALIDAD,2
1,1,16,0,3,3,-8.528624380400753,-78.84774032135715,0,2,4,1,2,2,2,0,6543.555,2.0,4,4,1.0,14,33,1198.0,0.6748854673192752,80.2092332541713,73.89084953809281,10.323738656323615,1288.2951000096384,158333.38969059303,8310.440283636408,1733.9689496731846,1107.7252164273534,5468.746117535869,2018.9743289365906,6291.465954699817,24.258109900473613,2,1,0,0,0,38.5107207389484,31.87135113261924,45.150090345277555,1.0,0.48927926105160313,0.5107207389483969,0.5107207389483969,1,0,0.0,0.5107207389483969,0.0,1.0,0.5107207389483969,0.0,1.0,0.0,0.5107207389483969,0.0,18,2,2022,6,20,2,0,0,0,1,0,1,GRAVE_MORTALIDAD,2
6,1,2,0,4,1,-14.459726216518456,-72.49873100596493,4,4,4,1,6,2,2,1,7288.411652028529,2.0,2,1,1.0,10,13,1198.0,0.6201529438673913,75.23301588764188,79.98302125571144,10.749229333590039,1025.1041616837147,57468.4664109415,8920.651630013896,1343.3266440594218,1427.3072245660424,6150.017761388432,1848.632570720314,7072.019059293581,20.236463626821767,3,1,0,0,2,25.288719376250086,25.288719376250086,25.288719376250086,0.7139100779687394,0.2860899220312606,0.0,0.0,1,0,0.0,0.2860899220312606,0.0,0.0,0.0,0.7139100779687394,0.2860899220312606,0.0,0.0,0.0,10,1,2022,3,21,3,0,1,1,1,0,1,GRAVE_MORTALIDAD,2
3,1,17,0,3,1,-7.601506944108896,-79.55285232617832,0,3,5,1,2,2,2,1,6543.555,2.7227686760107956,2,1,1.0,3,30,1398.2069232549904,0.5712339569668002,74.75252513838367,64.19666986841602,8.691650165541112,1055.6803457881479,50072.1548999681,8594.485492926136,1754.9636038865183,903.7166528028015,5935.805236236818,2103.7150460375597,6490.770446888578,24.449334917969438,4,2,0,0,2,60.49508191590284,55.43570118382727,65.55446264797841,1.0,0.0,0.0,0.7227686760107956,2,0,0.0,0.0,0.7227686760107956,1.0,0.0,1.0,0.7227686760107956,0.0,0.7227686760107956,0.0,8,0,2022,5,24,3,0,1,0,1,0,1,GRAVE_MORTALIDAD,2
3,1,11,0,4,0,-7.8470169655681135,-79.03084541063194,0,4,6,1,2,2,2,1,6543.555,2.945307040251637,2,0,1.0,0,30,1459.8500501497033,0.60094756536979,80.26994964779362,64.1823007781269,8.959795922549791,1061.4086666947142,16840.62774903085,8900.496755157437,1332.6836708119315,1901.095126677956,5666.717957667549,1230.9790555933473,7669.517699564089,13.842060815307308,9,1,0,0,7,33.56245632201309,33.56245632201309,33.56245632201309,1.0,0.0,0.0,0.0,1,0,0.9453070402516367,0.0,0.0,0.9453070402516367,0.0,0.0,1.0,0.0,0.0,0.9453070402516367,1,0,2023,7,29,0,0,1,0,1,0,1,GRAVE_MORTALIDAD,2
3,2,12,0,4,1,-7.436411494935703,-79.50068490855176,0,4,7,0,2,2,2,2,6543.555,3.0,2,0,1.0,0,30,1475.0,0.6138517538553948,80.84826225715301,64.49339622566798,9.143362084626023,1095.689060330069,16852.97430406852,8931.828000000005,1335.5899999999997,1935.9830000000004,5660.255000000005,1219.309,7712.519000000005,13.651281686122925,8,2,0,0,5,42.528461299116344,25.409694749013177,54.7561516920472,1.0,0.9170767794698133,0.0,0.0,2,0,0.0,0.9170767794698133,0.08292322053018675,0.0,0.0,0.0,1.0,0.0,0.9170767794698133,0.0,21,1,2021,2,20,5,0,1,0,1,1,1,GRAVE_MORTALIDAD,2
3,2,12,1,4,1,-8.105203884480192,-79.09597434429084,0,1,7,1,2,2,2,0,6543.555,3.0,2,0,1.0,0,30,1475.0,0.583006771156836,78.2441938961209,62.24037484511178,8.807312392374042,1028.2282118265089,76607.295503212,8931.828000000005,1335.5899999999997,1935.9830000000004,5660.255000000005,1219.309,7712.519000000005,13.651281686122925,3,2,0,0,1,44.62486067728386,34.16573784855909,55.083983506008636,1.0,0.5834262151440911,0.0,0.0,2,0,0.0,1.0,1.0,0.0,0.5834262151440911,0.0,1.0,0.0,0.0,0.5834262151440911,18,2,2022,10,20,2,0,1,0,1,1,1,GRAVE_MORTALIDAD,2
4,2,7,0,4,1,-12.697485331536996,-74.47109185010825,0,4,7,1,1,0,1,0,6595.3701145599625,2.0,2,1,1.0,11,31,1422.628893238583,0.6006260298044295,74.62605417377019,66.7680549205451,9.22237532760532,1135.8575523229204,22198.73173451749,9679.038279498156,1421.3821155262362,1835.8973933197929,6421.758770652127,2115.2913179238853,7563.746961574271,21.34317875957658,4,2,0,0,2,32.85214444028873,30.523455754402303,36.97213211531856,1.0,1.0,0.0,0.0,2,0,0.0,1.0,0.0,0.5373896967430216,0.0,0.0,1.0,0.0,0.0,0.0,13,1,2023,4,18,3,0,0,0,1,0,1,GRAVE_MORTALIDAD,2
6,1,14,2,2,4,-12.035659005398074,-76.94205533628799,0,2,5,1,2,1,1,0,6543.555,2.0,4,4,1.0,14,33,1198.0,0.696874418588042,79.74983853168382,76.79871996244746,9.54983639001176,1448.9321663940962,694823.4518503848,7626.313,1683.4029999999998,1599.0829999999996,4343.827000000001,1814.875,5811.438000000001,23.797541485643197,7,1,0,0,6,20.633989811212363,19.90719184896989,21.179088282894217,1.0,0.8183005094393818,0.0,0.0,1,0,0.0,0.0,0.18169949056061818,0.8183005094393818,0.0,0.0,1.0,0.0,1.0,0.0,12,2,2022,10,21,2,0,1,0,1,0,1,GRAVE_MORTALIDAD,2
5,1,12,0,4,1,-7.577386022542384,-78.68653041535144,1,4,2,0,1,2,2,2,6543.555,2.3166736373722703,3,2,1.0,9,32,1285.7185975521188,0.2906459659946298,76.77990438839177,39.04201120769287,4.262042609950319,374.00141973148817,24383.132723560782,8931.828000000005,1335.5899999999997,1935.9830000000004,5660.255000000005,1219.309,7712.519000000005,13.651281686122925,6,1,0,0,4,38.15833681868614,34.8332636262773,41.48341001109497,1.0,0.31667363737227006,0.0,0.0,1,0,0.0,1.0,0.31667363737227006,0.0,0.31667363737227006,0.0,1.0,0.0,0.0,0.31667363737227006,15,1,2022,5,17,1,0,1,0,1,0,1,GRAVE_MORTALIDAD,2
6,1,6,0,4,1,-13.486264398071576,-74.47905612226087,0,4,7,1,2,1,0,0,1770.8402281006638,1.8164358857830671,1,3,0.8164358857830671,9,25,395.9517743696674,0.3102707166462349,72.34702472987055,50.61619847865285,5.130990300916,307.7840173081398,3367.5788922144297,8483.440732967058,1415.482696101264,1878.1085655421207,5189.849471323671,1797.5449316129095,6685.895801354146,21.17555221611698,5,1,0,0,4,43.608308111809585,43.608308111809585,43.608308111809585,1.0,0.18356411421693286,0.0,0.0,1,0,0.0,0.0,0.0,1.0,0.0,1.0,0.0,0.0,0.0,0.0,8,0,2024,6,22,5,1,0,2,1,0,1,GRAVE_MORTALIDAD,2
6,1,8,0,4,1,-13.216612000236614,-75.4994806749975,0,4,0,1,2,1,1,0,1518.0486217413018,1.1790807863869999,1,3,0.17908078638699976,9,17,278.058635387415,0.3692595354203654,69.77773169480916,48.3410341791853,6.606182871250181,463.05669756886107,1332.586286435633,8511.426,1445.3929999999996,2008.516,5057.516999999999,1879.579,6631.846999999998,22.08300935706896,4,1,0,0,3,55.283676854452004,55.283676854452004,55.283676854452004,1.0,0.0,0.0,0.0,1,0,0.0,0.0,0.0,1.0,0.0,0.0,1.0,0.0,0.8209192136130002,0.0,9,1,2023,5,24,4,0,0,2,1,0,1,GRAVE_MORTALIDAD,2
6,1,1,0,4,2,-9.26354176772264,-77.7256550807926,6,4,3,1,3,2,2,0,6543.555,2.0,4,4,1.0,14,33,1198.0,0.3688627495642786,73.57109542478405,38.68065562079187,6.0364369057377285,519.4045272308508,1125.5352457687986,10767.648,1885.0630000000003,1222.721,7659.864000000001,2100.343,8667.305000000002,19.506051832303577,6,1,0,0,5,41.42012148634282,41.42012148634282,41.42012148634282,1.0,0.0,0.0,0.0,1,0,0.0,0.0,0.0,1.0,0.0,1.0,0.0,0.5711156106052898,1.0,0.5711156106052898,16,2,2021,2,2,2,0,0,0,1,0,1,GRAVE_MORTALIDAD,2
5,1,20,0,4,1,-14.203403920123085,-70.56665308515053,4,4,1,0,2,2,2,2,1713.1638708366193,2.0,2,0,1.0,6,22,378.0614234648714,0.35230318364984525,70.21561612896042,51.75885420215321,5.436914596255351,429.4759491212517,6461.127927841223,13642.312999999998,2020.7790000000005,2354.117,9267.416999999998,3314.0520000000006,10328.260999999997,24.29244952817019,5,1,0,0,4,31.771593210187362,30.35420076040355,33.18898565997117,1.0,0.0,0.0,0.0,1,0,0.0,0.0,0.0,1.0,0.0,0.8110143400288249,0.1889856599711751,0.8110143400288249,1.0,1.0,8,0,2021,11,20,4,0,1,2,1,0,1,GRAVE_MORTALIDAD,2
6,1,7,0,4,1,-13.406075412661856,-71.91350099485093,1,4,5,0,2,1,1,2,3447.8009999999995,1.0,2,3,0.0,9,12,1109.0,0.3499872237000018,74.76097111042935,54.41168400338922,5.203411553985961,403.32943743744033,4897.194037004161,17779.13499998999,2097.3709999899997,2863.123,12818.640999999989,2878.713,14900.421999989989,16.19152450331032,3,1,0,0,2,59.0,59.0,59.0,1.0,0.28179735039649245,0.0,0.7182026496035075,1,0,0.0,0.0,0.0,1.0,0.0,0.0,1.0,0.0,0.7182026496035075,0.0,16,2,2024,4,18,4,0,0,2,1,0,1,GRAVE_MORTALIDAD,2
3,1,20,0,4,1,-16.414168462390165,-69.18289215787648,0,4,7,1,2,1,1,2,7586.903,2.0,2,0,1.0,9,5,1198.0,0.26005528598651684,73.3059994131533,64.28257655806476,6.0179267946242225,163.98129538259474,16447.4530721214,13642.312999999998,2020.7790000000005,2354.117,9267.416999999998,3314.0520000000006,10328.260999999997,24.29244952817019,3,1,0,0,1,32.92989187900663,32.19741890925497,33.66236484875829,0.7324729697516577,1.0,0.0,0.0,1,0,0.0,0.0,0.7324729697516577,1.0,0.7324729697516577,1.0,0.0,0.0,1.0,0.0,17,1,2021,5,9,3,0,0,2,1,0,1,GRAVE_MORTALIDAD,2
4,1,3,0,4,0,-16.57149094906885,-71.77909094963887,0,4,7,0,2,0,1,0,6589.913063508735,2.0,3,2,1.0,11,32,1398.9714846157538,0.6105481451420971,78.10653088113892,68.35418098658066,8.411557426919764,1158.5430895193692,35025.678800856535,10322.272,1495.236,1749.739,7077.2970000000005,2886.595,7435.677000000001,27.964725207783708,3,1,0,0,2,40.82651856825882,39.3841394920692,42.268897644448444,1.0,0.5192069746034601,0.0,0.0,1,0,0.0,0.4807930253965399,0.0,1.0,0.0,1.0,0.4807930253965399,0.0,0.0,0.0,10,1,2023,1,15,5,1,0,0,1,0,1,GRAVE_MORTALIDAD,2
5,1,7,0,4,1,-15.053072259163283,-71.13709762150434,0,4,5,0,2,1,1,2,568.5409999999999,1.0,2,3,0.0,9,3,93.0,0.3491291336434085,68.34579473193322,63.63866309000273,4.984551874124405,419.36068685534286,1114.627408993576,17779.13499998999,2097.3709999899997,2863.123,12818.640999999989,2878.713,14900.421999989989,16.19152450331032,7,1,0,0,6,39.53125981864425,37.187558911865494,41.874960725423,1.0,0.0,0.0,0.0,1,0,0.0,0.2343700906778755,0.7656299093221245,0.2343700906778755,0.0,0.2343700906778755,1.0,0.0,0.0,0.0,7,1,2024,6,11,5,1,0,2,1,0,1,GRAVE_MORTALIDAD,2
0,1,10,1,7,3,-12.241526397430972,-75.07054266955551,0,4,0,0,6,2,2,3,6672.47784749746,2.0,3,3,1.0,13,29,1198.0,0.4975202135542807,71.73521608450874,71.02053934362985,8.586682360404076,704.5230170352884,26217.900030450877,12315.724756283884,1823.82091283448,1188.1425789955165,9303.761264453888,1699.355244994742,10616.369511289142,13.774034233214161,3,1,0,1,0,28.0,28.0,28.0,1.0,0.0,0.0,0.8764335125984238,1,0,0.0,1.0,0.12356648740157616,0.0,0.0,0.12356648740157616,1.0,0.0,0.0,0.0,12,3,2022,7,14,0,0,0,2,1,0,1,GRAVE_MORTALIDAD,2
6,1,12,0,4,1,-8.777122723534495,-78.64017091315547,0,4,7,1,2,2,2,5,6543.555,3.0,2,0,1.0,0,30,1475.0,0.4867987483268106,77.5825534369154,52.95148122709723,6.150547060309878,840.5788229266196,9838.736616702356,8931.828000000005,1335.5899999999997,1935.9830000000004,5660.255000000005,1219.309,7712.519000000005,13.651281686122925,10,1,0,0,9,28.876309149386238,28.876309149386238,28.876309149386238,1.0,0.0,0.0,0.8763091493862393,1,0,0.0,0.0,0.0,0.12369085061376073,0.0,0.12369085061376073,0.8763091493862393,0.0,0.12369085061376073,0.0,14,3,2022,9,21,5,0,0,0,1,1,1,GRAVE_MORTALIDAD,2