CLASE SINIESTRO,CANTIDAD DE VEHICULOS DAÑADOS,DEPARTAMENTO,ZONA,TIPO DE VÍA,RED VIAL,COORDENADAS LATITUD,COORDENADAS  LONGITUD,CONDICIÓN CLIMÁTICA,ZONIFICACIÓN,CARACTERÍSTICAS DE VÍA,PERFIL LONGITUDINAL VÍA,SUPERFICIE DE CALZADA,¿EXISTE SEÑAL VERTICAL?,¿EXISTE SEÑAL HORIZONTAL?,CAUSA FACTOR PRINCIPAL,MTC_RVN_LONGITUD_KM,MTC_RVN_N_CARRILES_MEDIANA,MTC_RVN_SUPERFICIE_DOMINANTE,MTC_RVN_ESTADO_DOMINANTE,MTC_RVN_ES_CONCESIONADA,MTC_RVN_CONCESION_PRINCIPAL,MTC_RVN_CORREDOR_LOGISTICO,MTC_RVN_N_TRAMOS,IDH_2019,IDH_ESP_VIDA_2019,IDH_EDUC_SECUND_PCT_2019,IDH_ANIOS_EDUC_2019,IDH_INGRESO_PERCAP_2019,IDH_POBLACION_2019,MTC_DEP_RED_TOTAL_KM,MTC_DEP_NACIONAL_TOTAL_KM,MTC_DEP_DEPARTAMENTAL_TOTAL_KM,MTC_DEP_VECINAL_TOTAL_KM,MTC_DEP_PAV_TOTAL_KM,MTC_DEP_NO_PAV_TOTAL_KM,MTC_DEP_PCT_PAVIMENTADA,PER_TOTAL_PERSONAS,PER_N_CONDUCTORES,PER_N_CONDUCTORES_FUGADOS,PER_N_PEATONES,PER_N_PASAJEROS_OCUPANTES,PER_EDAD_COND_PROM,PER_EDAD_COND_MIN,PER_EDAD_COND_MAX,PER_ANY_COND_MASCULINO,PER_ANY_LIC_PROBLEMA,PER_ANY_DOSAJE_POS,PER_ANY_DOSAJE_EVALUADO,VEH_TOTAL,VEH_N_FUGADOS,VEH_ANY_FUGADO,VEH_ANY_CARGA,VEH_ANY_PUBLICO,VEH_ANY_PARTICULAR,VEH_ANY_MOTO,VEH_ANY_AUTO,VEH_ANY_CAMION_BUS,VEH_ANY_SOAT_PROBLEMA,VEH_ANY_CITV_PROBLEMA,VEH_ANY_SEGURO_PROBLEMA,HORA_NUM,FRANJA_HORARIA,ANIO,MES,DIA_MES,DIA_SEMANA,ES_FIN_SEMANA,ES_QUINCENA,REGION_NATURAL,TIENE_SEÑALIZACION,ES_VIA_MULTICARRIL,ES_DEPTO_BAJO_PAVIMENTO,CATEGORIA_SEVERIDAD,CATEGORIA_SEVERIDAD_ENC
4,1,13,0,4,1,-9.802947561499655,-77.85979400339774,0,4,4,0,2,1,0,1,370.1281403005361,2.0,2,0,0.4167238028609034,8,12,73.75257112874066,0.5234632947251451,75.35713976100087,59.03074672761211,6.967745165890136,1004.2560503469415,25522.2678180693,8170.352175491955,1538.4610439555404,1739.4772491838382,4892.4138823525755,1566.6884716253433,6603.663703866612,19.569353517172402,2,1,0,0,1,48.33310478855638,45.416038168530065,51.25017140858271,1.0,0.5832761971390966,0.0,0.0,1,0,0.0,0.4167238028609034,0.0,1.0,0.5832761971390966,0.4167238028609034,0.4167238028609034,0.5832761971390966,0.0,0.5832761971390966,17,2,2023,6,12,3,0,0,0,1,0,1,GRAVE_MORTALIDAD,2
3,2,10,0,4,1,-14.187536552992864,-75.56810055053008,0,3,7,1,2,2,2,0,6639.975,2.0,2,0,1.0,9,31,1616.0,0.5923358509426754,78.39007059792569,68.02757157213296,8.959230771134969,1025.1408446029195,27932.19700214133,3721.461,698.1859999999996,744.866,2278.409,1102.9029999999996,2618.558,29.636290693359403,3,2,0,0,1,35.86737964442469,29.73475928884938,42.0,1.0,0.2652407111506214,0.0,0.0,2,0,0.0,0.2652407111506214,0.7347592888493786,1.0,0.7347592888493786,0.0,1.0,0.0,0.2652407111506214,0.2652407111506214,7,0,2022,4,19,0,0,1,0,1,0,1,GRAVE_MORTALIDAD,2
8,1,8,0,4,0,-13.676220100645589,-75.01518946746187,0,4,5,0,5,2,2,3,6543.555,2.0,4,4,1.0,14,33,1198.0,0.5006983103934423,66.43309785764981,45.82123985500258,7.036051616134713,1135.2731277762894,2070.057666656632,8511.426,1445.3929999999996,2008.516,5057.516999999999,1879.579,6631.846999999998,22.08300935706896,5,1,0,0,4,36.24780681439484,36.24780681439484,36.24780681439484,1.0,0.0,0.0,0.0,1,0,0.0,0.0,0.0,1.0,0.0,0.3215330088383408,0.6784669911616592,0.0,0.0,0.0,13,1,2021,4,18,5,1,0,2,1,0,1,GRAVE_MORTALIDAD,2
6,1,14,0,4,1,-10.918544017094776,-77.4726800850413,0,4,6,1,2,1,1,2,202.0250514997868,2.0,2,0,0.03465070981401708,8,1,54.82674645092992,0.6293431130514793,78.153593237944,69.08677021045436,8.748485720112892,1241.8059071758512,36136.4898490765,7672.728769271379,1686.8337321300548,1565.7460025471614,4420.149034594163,1828.7224631650547,5844.006306106326,23.828789526450493,9,1,0,0,8,47.584191482231795,47.584191482231795,47.584191482231795,1.0,0.0,0.0,1.0,1,0,0.0,0.0,0.9653492901859829,0.03465070981401708,0.0,0.0,1.0,0.0,0.03465070981401708,0.0,22,2,2023,9,17,0,0,1,0,1,0,1,GRAVE_MORTALIDAD,2
9,2,3,0,4,1,-16.07891099475836,-71.5231181779008,0,3,0,0,2,1,1,0,1504.4250000000002,2.0,2,0,1.0,7,25,241.0,0.6005060748875158,78.21704200773246,77.40211893847457,8.994742794352394,996.014120858737,33335.45824411135,10322.272,1495.236,1749.739,7077.2970000000005,2886.595,7435.677000000001,27.964725207783708,11,2,0,0,9,32.32696176509057,26.145023982433095,38.508899547748044,1.0,0.8727751130629893,0.0,0.12722488693701073,2,0,0.0,1.0,0.0,1.0,0.0,1.0,1.0,0.0,0.0,0.0,5,0,2021,8,14,5,0,0,0,1,0,1,GRAVE_MORTALIDAD,2
9,2,5,0,4,1,-6.544085602952709,-78.85811362592182,0,2,0,0,3,1,1,1,916.3718604915201,2.0,2,2,0.0853054396629429,8,7,212.62575730123461,0.2999398006858104,71.9670232193542,53.13093168882992,4.092522993882731,325.8760149925765,5231.0110176907765,15935.565011852366,1733.9250000199986,935.692,13265.948011832368,2000.1670000199988,13935.398011832369,12.551591352627522,6,2,0,0,4,58.9100167282579,58.69675312910054,59.12328032741526,1.0,0.0,0.0,0.9146945603370571,2,0,0.0,0.0,1.0,1.0,0.9146945603370571,1.0,0.0853054396629429,0.0,1.0,0.9146945603370571,17,1,2022,5,16,4,0,0,2,1,0,1,GRAVE_MORTALIDAD,2
2,1,12,1,4,1,-8.42435140268097,-78.7615740358872,0,1,7,1,2,2,2,0,6543.555,2.493543659589453,3,2,1.0,7,31,1334.7115937062786,0.5051395598219868,77.13285387085847,51.52067479184955,6.715328807318118,900.900383457586,67612.41755888652,8931.828000000005,1335.5899999999997,1935.9830000000004,5660.255000000005,1219.309,7712.519000000005,13.651281686122925,2,1,1,0,0,29.10330144656875,27.077476084926566,30.622670467800393,0.493543659589453,0.0,0.0,0.0,1,1,1.0,0.0,0.0,0.493543659589453,0.0,0.493543659589453,0.0,0.0,0.493543659589453,0.493543659589453,4,0,2021,4,8,4,0,0,0,1,0,1,GRAVE_MORTALIDAD,2
6,1,7,0,4,2,-13.801668943218324,-71.59783127254713,0,4,3,0,4,2,2,2,6543.555,2.0,4,4,1.0,14,33,1198.0,0.27684850939486966,64.04991128484917,47.760899484150144,4.173843376419871,319.5002056490031,12628.176780836005,17779.13499998999,2097.3709999899997,2863.123,12818.640999999989,2878.713,14900.421999989989,16.19152450331032,19,1,0,0,18,36.59820392788619,36.371417523078605,36.82499033269378,1.0,0.45357280961517477,0.5464271903848252,1.0,1,0,0.0,0.0,0.5464271903848252,0.45357280961517477,0.45357280961517477,0.0,1.0,0.45357280961517477,0.45357280961517477,0.45357280961517477,6,0,2021,11,18,1,0,1,2,1,0,1,GRAVE_MORTALIDAD,2
6,1,1,0,4,2,-10.119471394224016,-77.47646453816675,6,4,0,1,1,1,1,1,6543.555,2.0,4,4,1.0,14,33,1198.0,0.3665449614157642,75.44101748919029,57.558874090760355,5.750731134359464,396.46367077977555,953.1476080566603,10767.648,1885.0630000000003,1222.721,7659.864000000001,2100.343,8667.305000000002,19.506051832303577,6,1,0,0,5,26.076098356620182,26.076098356620182,26.076098356620182,1.0,0.0,0.0,0.0,1,0,0.0,0.0,0.0,1.0,0.0,1.0,0.0,0.0,1.0,0.0,14,2,2021,4,5,0,0,0,0,1,0,1,GRAVE_MORTALIDAD,2
8,2,5,0,4,1,-13.911498132067472,-73.53487107265833,0,4,1,0,2,1,1,0,1261.8767001021793,2.0,2,0,1.0,7,26,202.73782014668276,0.5984577928276992,78.76640746581916,73.9710746160176,8.865455125611817,1008.8778368002583,33716.435013544266,9944.9569758584,1451.9139860648036,1800.2787264156116,6692.764263377985,2434.155306390653,7510.801669467747,24.080586552846945,11,2,0,0,9,32.72113339957395,27.98499275451411,37.4572740446338,1.0,0.7286370223168991,0.0,0.0,2,0,0.0,0.7286370223168991,0.0,1.0,0.0,1.0,1.0,0.0,0.2713629776831009,0.0,4,0,2021,7,16,4,0,1,0,1,0,1,GRAVE_MORTALIDAD,2
4,1,4,0,4,0,-9.373256790729567,-77.07294449512149,6,4,6,1,3,2,2,0,7185.041015328836,2.0,2,1,1.0,11,26,1691.7436556714938,0.2958017599948329,73.08462577352078,40.59953190465196,5.651916270623329,286.8541729758171,571.222163615507,3817.7124971795706,939.4787885606993,660.455373399169,2217.7783352197025,1018.7754178905484,2798.9370792890227,26.750514835531572,2,1,0,0,1,53.24119141631138,49.28068080932079,57.201702023301976,1.0,0.5280680809320789,0.0,0.0,1,0,0.0,0.4719319190679211,0.0,0.5280680809320789,0.5280680809320789,0.5280680809320789,0.4719319190679211,0.0,0.5280680809320789,0.5280680809320789,21,2,2022,5,15,3,0,0,0,1,0,1,GRAVE_MORTALIDAD,2
3,1,17,0,4,0,-6.409471043589178,-80.10010198342941,0,4,7,1,3,2,2,1,6543.555,2.797919063913479,2,0,1.0,2,30,1419.0235807040337,0.48831112021887657,73.29777443900434,55.55907147089311,7.268051548400091,811.7600874648338,47817.60384891759,8958.971610764087,1692.117792023823,899.4965089242214,6367.357309816042,2013.3948607783132,6945.576749985774,22.466739926291606,5,1,0,0,3,51.533410045231335,45.947976597836984,57.118843492625686,1.0,0.0,0.0,0.7979190639134792,1,0,0.0,0.0,0.7979190639134792,1.0,0.0,0.7979190639134792,1.0,0.0,0.7979190639134792,0.0,6,0,2022,5,27,3,0,1,0,1,0,1,GRAVE_MORTALIDAD,2
3,1,15,0,4,1,-12.01774226916291,-70.47598566717397,5,4,6,1,5,2,2,0,3624.6191815498632,2.110073760181057,2,0,1.0,4,19,666.057048004581,0.626190595362563,73.14959039644604,68.23701128821018,9.983352561345598,1250.653884244563,89430.93589364292,2241.1149998159217,412.1589389634958,378.514564451637,1450.4414964007885,516.8878650444971,1724.227134771424,23.260992021914717,10,2,0,0,7,46.8871408770729,41.908598556559916,50.67911487782732,1.0,0.0,0.0,0.0,2,0,0.0,1.0,0.0,0.11007376018105719,0.0,0.11007376018105719,1.0,0.0,0.0,0.0,5,0,2022,7,1,0,0,0,0,1,0,1,GRAVE_MORTALIDAD,2
4,1,10,2,4,1,-13.734671591279792,-76.04587140833287,0,4,7,1,2,2,2,0,1114.457870431207,0.8498364091040045,2,1,1.0,10,26,199.98364091040045,0.5325850603904179,75.43697063648423,69.25945145057831,8.875428318394269,792.5620448764898,13965.85420875728,3721.461,698.1859999999996,744.866,2278.409,1102.9029999999996,2618.558,29.636290693359403,2,1,0,0,0,33.21726649995198,27.849836409104004,37.05114513627197,1.0,0.0,0.0,0.0,1,0,0.0,0.3833878636319985,0.0,1.0,0.6166121363680015,0.3833878636319985,0.3833878636319985,0.6166121363680015,0.6166121363680015,0.6166121363680015,2,0,2022,4,14,4,0,0,0,1,0,1,GRAVE_MORTALIDAD,2
3,1,13,0,4,1,-7.780405273310838,-78.11775830853401,0,4,6,1,2,2,2,0,6009.45031351058,2.8371619641950256,2,0,1.0,0,28,1326.9802254532783,0.5801282001593477,79.37972551339806,72.3289034894568,9.679434988040367,888.9013540003538,95536.06823037608,3236.7168775722484,496.2328750818349,632.7823990127499,2107.7016034776634,669.2353835197479,2567.4814940525002,20.866306463694478,4,2,0,0,2,35.13254824551375,28.09392268029451,41.954056429659694,1.0,0.0,0.0,0.0,2,0,0.0,1.0,0.0,0.8371619641950256,0.0,0.8371619641950256,1.0,0.0,0.0,0.0,14,2,2022,4,1,3,0,0,0,1,0,1,GRAVE_MORTALIDAD,2
5,1,17,0,4,1,-17.406532148371845,-71.34421758960161,0,4,0,0,2,0,1,2,1926.94,2.0,2,0,1.0,9,32,393.0,0.738953488720832,77.96454314764374,70.56018350130708,12.348826296059384,1608.1786667079405,3062.5578976706493,2908.9506859665444,491.89013623886626,847.0587564925106,1570.0017932351675,893.6909836342379,2015.2597023323067,30.853008092548258,2,1,0,0,1,37.461178236804095,37.461178236804095,37.461178236804095,1.0,0.8652945592010245,0.0,0.0,1,0,0.0,0.1347054407989755,0.0,0.0,0.0,1.0,0.1347054407989755,0.0,0.0,0.0,17,1,2021,5,24,4,0,0,0,1,0,1,GRAVE_MORTALIDAD,2
3,1,17,0,4,1,-10.033273706617484,-72.37124374856995,3,4,3,1,4,1,1,0,5048.687820362964,2.0,2,0,1.0,6,18,1188.3397219200378,0.5919855267656827,72.3099576711607,64.79468583130522,9.126949763693322,1165.4488157202943,87683.98955049594,3502.1708435205137,564.5059162204557,588.3520238053576,2349.3129034947,700.1778719812744,2801.9929715392386,21.370995135681195,3,2,0,0,1,35.978652147032726,25.148765152878546,46.80853914118691,1.0,1.0,0.0,0.0,2,0,0.0,0.0,0.0,1.0,1.0,0.6028463803956364,0.3971536196043636,0.3971536196043636,1.0,0.3971536196043636,15,1,2022,6,17,4,0,0,1,1,0,1,GRAVE_MORTALIDAD,2
6,1,8,0,4,1,-13.564166473119412,-72.62289849252802,0,4,1,0,5,2,2,2,6827.829323722285,2.0,3,2,1.0,12,25,1198.0,0.36754506886069926,75.90870418290454,57.07118336700556,5.468866766977865,427.8122592841996,12696.154930859528,12941.273449449582,1863.8457549643229,1932.0854866830568,9145.342207802201,2711.159296092208,10230.114153357372,20.88049168571211,3,1,0,0,2,56.817390718309575,56.817390718309575,56.817390718309575,1.0,0.7275364272301427,0.0,0.7275364272301427,1,0,0.0,0.0,0.27246357276985733,0.7275364272301427,0.0,0.0,1.0,0.0,0.0,0.0,7,0,2021,5,14,2,0,0,2,1,0,1,GRAVE_MORTALIDAD,2
6,1,5,0,4,2,-7.233788859910605,-78.11538679092408,0,4,6,0,1,2,2,2,6543.555,2.0,4,4,1.0,14,33,1198.0,0.23291842394793624,74.5959013641972,40.20337199394368,3.3557581551871425,217.25399012964866,3149.5891290125255,15935.565011852366,1733.9250000199986,935.692,13265.948011832368,2000.1670000199988,13935.398011832369,12.551591352627522,3,1,0,0,2,42.472522204662226,42.472522204662226,42.472522204662226,1.0,0.0,0.8848442125971296,1.0,1,0,0.0,0.0,0.0,1.0,0.0,0.8848442125971296,0.11515578740287036,0.0,0.0,0.0,1,0,2024,5,15,3,0,0,2,1,0,1,GRAVE_MORTALIDAD,2
4,1,22,0,4,1,-17.279475093787504,-70.58127092003227,1,4,7,1,2,2,2,2,1692.9628667445959,2.0,2,0,1.0,9,25,279.491669364704,0.49619173042252473,71.54544353278787,65.52503423684654,7.90830318409683,880.2479733058149,2743.536310702921,2650.572,630.6729999999998,487.3610000000001,1532.5379999999998,1068.7019999999998,1581.87,40.31967439480987,4,1,0,0,3,50.91280237805538,47.82374786906429,54.00185688704647,1.0,0.0,0.0,1.0,1,0,0.0,0.41187393453214516,0.0,0.5881260654678548,0.0,1.0,0.41187393453214516,0.0,0.0,0.0,14,2,2023,6,5,3,0,0,0,1,0,1,GRAVE_MORTALIDAD,2
5,1,13,1,4,1,-9.718674607362782,-77.55993405667631,0,4,2,0,1,1,0,0,1197.881065572989,2.0,2,0,0.0,9,23,537.1444347843087,0.6127122261163463,79.02072834698794,59.1412678678867,9.778752562619779,1135.7069939009386,14752.372420149297,8061.094269611934,1567.569342226987,1711.2822544951684,4782.242672889779,1616.5310961630469,6444.563173448887,20.418488991073676,19,1,0,0,17,29.16023737502559,27.328548744205094,30.991926005846093,1.0,0.6669657034871818,0.0,0.0,1,0,0.0,0.0,0.33303429651281824,0.6669657034871818,0.6669657034871818,0.0,0.33303429651281824,0.6669657034871818,0.33303429651281824,0.0,11,2,2021,4,18,3,0,1,0,1,0,1,GRAVE_MORTALIDAD,2
6,1,12,0,4,1,-11.657668268194783,-76.51604297940766,0,4,1,1,2,1,0,2,922.9013535895406,-0.5985743141724156,0,0,0.7992871570862078,9,15,182.87769987760336,0.5002345993215971,73.05679432917428,63.39421251241468,7.217997094656332,823.0705004926429,310.5266181037042,7803.966546529955,1635.6313362580881,1681.2614614127224,4487.073748859145,1827.861923787894,5976.104622742062,23.453412867850027,3,1,0,0,2,45.38004039841382,45.38004039841382,45.38004039841382,1.0,0.2007128429137922,0.0,0.0,1,0,0.0,0.0,0.7992871570862078,0.2007128429137922,0.0,0.2007128429137922,0.7992871570862078,0.2007128429137922,0.2007128429137922,0.0,15,3,2022,4,13,1,0,0,0,1,0,1,GRAVE_MORTALIDAD,2
6,1,20,0,4,1,-13.673228625537977,-70.314898144863,0,4,6,1,2,1,1,2,1730.9592251564427,2.0,2,0,1.0,6,22,389.74614986183377,0.457939277094646,65.83564883574584,74.61540583424444,7.406158955382579,681.048716131418,5301.15334788238,13642.312999999998,2020.7790000000005,2354.117,9267.416999999998,3314.0520000000006,10328.260999999997,24.29244952817019,3,1,0,0,2,25.599226335448705,25.599226335448705,25.599226335448705,1.0,0.0,0.0,0.11984526708974108,1,0,0.0,0.8801547329102589,0.0,0.11984526708974108,0.0,0.0,1.0,0.0,0.11984526708974108,0.0,3,0,2021,1,14,3,0,0,2,1,0,1,GRAVE_MORTALIDAD,2
5,1,7,0,4,1,-13.328175709374356,-71.99752782427548,2,4,5,0,3,0,1,2,3447.8009999999995,1.0,2,3,0.0,9,12,1109.0,0.3633311229011577,76.07765688336293,58.607324526900214,5.509667662163813,399.85464293655673,5065.678189869609,17779.13499998999,2097.3709999899997,2863.123,12818.640999999989,2878.713,14900.421999989989,16.19152450331032,2,1,0,0,1,31.0,31.0,31.0,1.0,0.0,0.0,0.0,1,0,0.8050032624789802,0.19499673752101976,0.0,0.8050032624789802,0.8050032624789802,0.0,0.19499673752101976,0.8050032624789802,0.0,0.8050032624789802,19,2,2022,10,4,3,0,0,2,1,0,1,GRAVE_MORTALIDAD,2
6,1,8,0,4,2,-12.394263382823702,-75.05507897123864,0,4,0,0,5,2,2,2,6543.555,2.0,4,4,1.0,14,33,1198.0,0.2441959439446583,71.34199462387582,46.05653465723777,5.2377027766407815,177.26498600919157,485.72881329380857,12394.383560720084,1819.7587192728845,1315.0970476705525,9259.527793776646,1869.6747219273307,10524.70883879275,15.037026225439377,6,1,0,0,5,28.15041135600771,28.15041135600771,28.15041135600771,1.0,0.0,0.0,0.3134773598464504,1,0,0.0,0.0,0.0,1.0,0.0,1.0,0.0,0.3134773598464504,0.3134773598464504,0.0,4,0,2022,9,19,4,0,0,2,1,0,1,GRAVE_MORTALIDAD,2
6,1,11,0,4,1,-11.530490725610553,-75.89230352432205,0,4,0,0,2,1,1,2,7586.903,2.0,2,0,1.0,9,5,1198.0,0.6211711217784234,75.51508523355102,70.90101252241288,10.049671623026311,1128.403546167389,8996.89721627409,12264.545,1826.4639999999995,1105.5389999999998,9332.542,1588.5359999999996,10676.009,12.952261987705208,2,1,0,0,1,33.035545223812335,33.035545223812335,33.035545223812335,1.0,0.0,0.0,0.3794431529765414,1,0,0.0,0.0,0.0,1.0,0.0,0.3794431529765414,0.6205568470234586,0.3794431529765414,1.0,0.3794431529765414,10,1,2022,10,21,2,0,1,2,1,0,1,GRAVE_MORTALIDAD,2
8,1,4,0,4,1,-12.685511099190293,-74.38342197444886,3,4,3,1,6,2,2,0,6543.555,2.0,4,4,1.0,14,33,1198.0,0.3247136774818225,67.63163042198678,58.73538016952459,6.143283408651473,318.2966983526144,1107.6733866834734,8304.754611664008,1300.904911226574,1115.0587349639654,5888.7909654734685,1297.8512246822995,7006.9033869817085,15.610187199119366,2,1,0,0,1,36.61649934869269,36.61649934869269,36.61649934869269,1.0,0.0,0.0,0.0,1,0,0.0,0.0,0.0,1.0,0.0,0.3616499348692692,0.6383500651307308,0.0,0.0,0.0,15,1,2022,4,2,3,0,0,2,1,0,1,GRAVE_MORTALIDAD,2
6,1,8,0,4,1,-12.464488610379476,-74.82103889046525,0,4,7,1,2,1,1,0,7586.903,2.0,2,0,1.0,9,5,1198.0,0.2619650712670202,69.16184284390931,48.15936741526311,4.195321351838235,250.61729518557274,3601.4652134119387,8511.426,1445.3929999999996,2008.516,5057.516999999999,1879.579,6631.846999999998,22.08300935706896,5,1,0,0,4,40.00615259012633,40.00615259012633,40.00615259012633,1.0,0.30061525901263275,0.0,0.0,1,0,0.0,0.0,0.0,1.0,0.0,0.30061525901263275,0.6993847409873672,0.0,0.0,0.0,4,0,2024,3,4,1,0,0,2,1,0,1,GRAVE_MORTALIDAD,2
3,1,14,1,4,1,-12.161730094768915,-76.97640938334044,0,2,7,1,2,2,2,0,6017.72081086072,2.0,2,0,0.8879882869317943,9,30,1549.8010775766904,0.7462036854081777,79.7166012463567,76.46823321556445,11.211975145666958,1616.1469444156523,336253.90746446484,7626.313,1683.4029999999998,1599.0829999999996,4343.827000000001,1814.875,5811.438000000001,23.797541485643197,4,3,0,0,1,38.43183601704512,34.655859443181534,42.20781259090871,1.0,0.0,0.0,0.0,3,0,0.0,0.0,0.11201171306820568,1.0,0.0,0.8879882869317943,0.11201171306820568,0.0,0.11201171306820568,0.8879882869317943,12,3,2023,9,20,5,0,0,0,1,0,1,GRAVE_MORTALIDAD,2
5,1,12,0,4,0,-8.295147398781056,-78.54764504604783,0,4,7,1,6,2,2,0,6543.555,2.150535570071445,3,3,1.0,11,32,1239.6983529097902,0.5073789721359636,78.32858250239225,49.793107559718365,6.5549182509395285,926.9176594033523,44297.74226235208,8931.828000000005,1335.5899999999997,1935.9830000000004,5660.255000000005,1219.309,7712.519000000005,13.651281686122925,9,1,0,0,8,27.254463083928705,24.79571543942844,31.569816092643453,1.0,0.0,0.0,0.0,1,0,0.0,0.0,0.1505355700714447,1.0,0.1505355700714447,0.1505355700714447,1.0,0.0,0.0,0.0,15,3,2023,8,27,4,0,1,0,1,0,1,GRAVE_MORTALIDAD,2
4,1,8,0,4,1,-10.854452973786131,-74.98777653025073,0,4,4,1,2,1,0,0,719.3413003932225,-0.06569426456651972,1,1,0.0,9,24,134.12398126776873,0.3515957894759366,69.72596831412898,45.45031840761598,5.691800868338243,496.44906720856534,6304.684614445524,8350.309545458644,1385.7594131905187,1360.2866825392553,5604.263449728868,1442.793548724766,6907.515996733876,17.195650315182803,4,1,0,0,3,44.19708279369956,40.46715286771674,47.92701271968238,1.0,0.5328471322832599,0.0,0.0,1,0,0.0,0.0,0.0,1.0,0.5328471322832599,0.46715286771674014,0.5328471322832599,0.0,0.0,0.5328471322832599,6,0,2023,2,26,4,0,1,2,1,0,1,GRAVE_MORTALIDAD,2
6,1,1,0,4,1,-9.736212211317167,-77.86215518179446,3,4,5,0,1,1,1,3,6543.555,2.4713217941050685,3,2,1.0,7,31,1328.5561369671038,0.543628197619274,79.36430622514841,59.61771882623344,8.068265028196402,891.8395901781842,25622.490133010233,10767.648,1885.0630000000003,1222.721,7659.864000000001,2100.343,8667.305000000002,19.506051832303577,4,1,0,0,3,31.401494882529043,31.401494882529043,31.401494882529043,1.0,0.5286782058949316,0.0,0.47132179410506836,1,0,0.0,0.0,0.0,1.0,0.0,1.0,0.0,0.0,0.47132179410506836,0.0,14,3,2023,4,19,4,0,0,0,1,0,1,GRAVE_MORTALIDAD,2
6,1,7,0,4,1,-12.704706107914202,-72.2611276265478,0,4,0,0,1,2,2,2,6543.555,2.0,4,4,1.0,14,33,1198.0,0.34395336794548986,71.68887255621216,58.06495040370362,5.507391356746141,366.10903333374574,11941.390150617297,17779.13499998999,2097.3709999899997,2863.123,12818.640999999989,2878.713,14900.421999989989,16.19152450331032,15,1,0,0,14,57.262807356026876,57.262807356026876,57.262807356026876,1.0,0.01890237548649043,0.0,0.9810976245135096,1,0,0.0,0.0,0.9810976245135096,0.0,0.0,0.0,1.0,0.0,0.01890237548649043,0.0,23,2,2021,2,5,5,0,0,2,1,0,1,GRAVE_MORTALIDAD,2
6,1,5,0,4,2,-13.264297738244924,-74.30507080258812,0,4,0,0,2,2,2,2,6543.555,2.0,4,4,1.0,14,33,1198.0,0.2398707044030224,72.64759707638143,35.02902304589684,5.4304413582227316,181.52271186923127,523.0648196615889,12571.20080605341,1810.6273082284322,1600.4781896135864,9160.095308211392,2252.536131450288,10318.664674603122,17.876107832946538,8,1,0,0,7,39.249835720466514,39.249835720466514,39.249835720466514,1.0,0.0,0.0,0.7403782969410198,1,0,0.0,0.0,0.0,1.0,0.0,1.0,0.0,0.7403782969410198,0.7403782969410198,0.0,4,0,2022,7,25,5,0,0,2,1,0,1,GRAVE_MORTALIDAD,2
3,1,12,0,4,1,-7.504821517231835,-79.41416945924834,0,4,7,0,2,2,2,2,6543.555,3.0,2,0,1.0,0,30,1475.0,0.6138517538553948,80.84826225715301,64.49339622566798,9.143362084626023,1095.689060330069,16852.97430406852,8931.828000000005,1335.5899999999997,1935.9830000000004,5660.255000000005,1219.309,7712.519000000005,13.651281686122925,12,1,0,0,10,34.82604218633563,34.82604218633563,34.82604218633563,1.0,0.0,0.0,0.0,1,0,0.8819939733806251,0.0,0.11800602661937487,0.8819939733806251,0.0,0.0,1.0,0.0,0.0,0.8819939733806251,1,0,2022,8,27,1,0,1,0,1,1,1,GRAVE_MORTALIDAD,2
5,1,9,0,4,1,-10.048589480105251,-76.4374516418068,0,4,7,1,5,1,1,0,1746.6181329524584,1.2434608327737593,1,2,0.2434608327737593,9,32,312.8068482740185,0.2700770273580367,78.13544250833532,44.15881712886261,4.172152665273485,390.22790363607237,19292.20537753154,9270.346654165282,1374.4575481089994,1890.6398806608843,6005.249225395397,1625.22783803203,7645.11881613325,17.13604456576663,2,1,0,0,1,26.62575582270143,23.460764996642556,29.790746648760297,1.0,0.0,0.0,0.2434608327737593,1,0,0.0,0.0,0.0,1.0,0.0,0.2434608327737593,1.0,0.0,0.0,0.0,6,0,2022,3,15,3,0,0,0,1,0,1,GRAVE_MORTALIDAD,2