CLASE SINIESTRO,CANTIDAD DE VEHICULOS DAÑADOS,DEPARTAMENTO,ZONA,TIPO DE VÍA,RED VIAL,COORDENADAS LATITUD,COORDENADAS  LONGITUD,CONDICIÓN CLIMÁTICA,ZONIFICACIÓN,CARACTERÍSTICAS DE VÍA,PERFIL LONGITUDINAL VÍA,SUPERFICIE DE CALZADA,¿EXISTE SEÑAL VERTICAL?,¿EXISTE SEÑAL HORIZONTAL?,CAUSA FACTOR PRINCIPAL,MTC_RVN_LONGITUD_KM,MTC_RVN_N_CARRILES_MEDIANA,MTC_RVN_SUPERFICIE_DOMINANTE,MTC_RVN_ESTADO_DOMINANTE,MTC_RVN_ES_CONCESIONADA,MTC_RVN_CONCESION_PRINCIPAL,MTC_RVN_CORREDOR_LOGISTICO,MTC_RVN_N_TRAMOS,IDH_2019,IDH_ESP_VIDA_2019,IDH_EDUC_SECUND_PCT_2019,IDH_ANIOS_EDUC_2019,IDH_INGRESO_PERCAP_2019,IDH_POBLACION_2019,MTC_DEP_RED_TOTAL_KM,MTC_DEP_NACIONAL_TOTAL_KM,MTC_DEP_DEPARTAMENTAL_TOTAL_KM,MTC_DEP_VECINAL_TOTAL_KM,MTC_DEP_PAV_TOTAL_KM,MTC_DEP_NO_PAV_TOTAL_KM,MTC_DEP_PCT_PAVIMENTADA,PER_TOTAL_PERSONAS,PER_N_CONDUCTORES,PER_N_CONDUCTORES_FUGADOS,PER_N_PEATONES,PER_N_PASAJEROS_OCUPANTES,PER_EDAD_COND_PROM,PER_EDAD_COND_MIN,PER_EDAD_COND_MAX,PER_ANY_COND_MASCULINO,PER_ANY_LIC_PROBLEMA,PER_ANY_DOSAJE_POS,PER_ANY_DOSAJE_EVALUADO,VEH_TOTAL,VEH_N_FUGADOS,VEH_ANY_FUGADO,VEH_ANY_CARGA,VEH_ANY_PUBLICO,VEH_ANY_PARTICULAR,VEH_ANY_MOTO,VEH_ANY_AUTO,VEH_ANY_CAMION_BUS,VEH_ANY_SOAT_PROBLEMA,VEH_ANY_CITV_PROBLEMA,VEH_ANY_SEGURO_PROBLEMA,HORA_NUM,FRANJA_HORARIA,ANIO,MES,DIA_MES,DIA_SEMANA,ES_FIN_SEMANA,ES_QUINCENA,REGION_NATURAL,TIENE_SEÑALIZACION,ES_VIA_MULTICARRIL,ES_DEPTO_BAJO_PAVIMENTO,CATEGORIA_SEVERIDAD,CATEGORIA_SEVERIDAD_ENC
3,2,13,0,4,1,-6.475106789403017,-80.11298512657858,0,4,7,1,2,2,2,0,6543.555,3.0,2,0,1.0,0,30,1475.0,0.3879800350664534,75.68222437543551,50.64551119758177,4.891651630735472,548.2382997194167,48902.40256959316,3459.691,515.0619999999999,689.7280000000001,2254.901,703.3549999999999,2756.336,20.329994788551925,19,2,0,0,17,36.8304268487569,33.45800803913447,40.20284565837933,1.0,0.11014228291896644,0.0,0.0,2,0,0.0,0.11014228291896644,0.8898577170810336,1.0,0.11014228291896644,0.8898577170810336,1.0,0.0,0.8898577170810336,0.0,5,0,2022,2,6,0,0,0,0,1,1,1,GRAVE_MORTALIDAD,2
3,1,8,0,4,1,-11.3694111669304,-76.05052730984538,0,4,7,0,2,1,1,0,6543.555,2.0,4,4,1.0,14,33,1198.0,0.5998096119750433,79.40990095803905,66.15899834199845,8.47672490666719,1088.26119816251,34850.9078277789,9473.428221179642,1397.7746754780806,1863.4379772638235,6212.215568437737,1868.7436168344166,7604.684604345224,19.226597324274287,3,1,0,0,1,58.15725961081887,55.7153237146005,60.59919550703724,1.0,0.3895160259454087,0.0,0.0,1,0,0.0,0.0,0.6104839740545913,1.0,0.6104839740545913,0.3895160259454087,0.0,0.6104839740545913,0.6104839740545913,0.6104839740545913,11,1,2024,6,14,2,0,0,0,1,0,1,GRAVE_MORTALIDAD,2
3,2,3,0,4,1,-16.054927006675207,-71.34382737015375,0,4,1,0,2,0,1,0,1504.4250000000002,2.0,2,0,1.0,7,25,241.0,0.4685280505645348,81.83746865987648,70.74305753660312,6.037751599761188,617.4715908037651,1751.8736616702354,10322.272,1495.236,1749.739,7077.2970000000005,2886.595,7435.677000000001,27.964725207783708,5,2,0,0,3,46.06691824806879,44.48212869171347,47.651707804424106,1.0,0.0,0.0,0.0,2,0,0.0,1.0,0.24106434585673664,0.7589356541432634,0.0,0.0,1.0,0.0,0.7589356541432634,0.0,13,1,2022,7,7,5,1,0,0,1,0,1,GRAVE_MORTALIDAD,2
3,2,19,0,4,1,-5.138212568574145,-80.33582404832526,0,4,1,0,2,0,0,2,1387.4010394779114,2.0156959055962798,2,0,1.0,0,20,183.5930281423189,0.46597219534802875,74.2586222691544,61.135721901160295,6.6135212951986695,702.3782728046108,75918.8457647483,8965.846000060003,1782.4120000599992,636.9959999999999,6546.438000000004,2214.505000059999,6751.341000000004,24.699342371541725,5,2,0,0,3,40.929368424816744,39.63899417128557,42.21974267834791,1.0,1.0,0.015695905596279647,1.0,2,0,0.0,0.9843040944037204,0.015695905596279647,1.0,0.015695905596279647,0.9843040944037204,1.0,0.015695905596279647,0.9843040944037204,0.0,7,1,2021,4,18,1,0,0,0,1,0,1,GRAVE_MORTALIDAD,2
3,1,12,0,4,1,-8.07599007458124,-78.35071293317371,0,4,7,1,1,2,2,1,8714.978195195485,2.360099630782113,2,0,1.0,5,31,2981.9653695081233,0.43702130079161183,74.47460459828545,56.08551710491927,6.005316835364082,662.0970118920086,68861.4277166013,8931.828000000005,1335.5899999999997,1935.9830000000004,5660.255000000005,1219.309,7712.519000000005,13.651281686122925,4,2,0,0,2,23.239651292262604,18.440398523128454,28.038904061396753,1.0,0.6399003692178867,0.0,0.0,2,0,0.36009963078211327,0.0,0.6399003692178867,1.0,0.6399003692178867,0.36009963078211327,0.6399003692178867,0.0,0.36009963078211327,1.0,8,0,2021,10,17,4,0,1,0,1,0,1,GRAVE_MORTALIDAD,2
6,1,2,0,4,1,-16.169063271521324,-72.55052880317443,0,4,1,1,2,1,1,0,416.52875988296523,1.9101778705743953,1,0,0.9101778705743953,7,25,31.287844673868324,0.5739223656819471,74.79164774341415,69.96515888291258,9.92178054314179,923.6605207137922,7094.885305065942,10362.276620715058,1530.2510912475952,1702.4011209943767,7129.624408473087,2815.9721710948593,7546.304449620199,27.204949153082413,3,1,0,0,2,52.562845929190324,52.562845929190324,52.562845929190324,1.0,0.0,0.9101778705743953,0.9101778705743953,1,0,0.0,0.0,0.0,0.9101778705743953,0.0,0.0,1.0,0.9101778705743953,0.0,0.0,11,1,2023,1,4,5,1,0,0,1,0,1,GRAVE_MORTALIDAD,2
6,1,8,0,4,2,-12.63729755657979,-74.95629725824574,0,4,6,1,5,2,2,0,6543.555,2.0,4,4,1.0,14,33,1198.0,0.36302152947534305,72.34943012063063,48.66271803265773,5.220510211057158,510.12987139047675,3017.976192015113,8511.426,1445.3929999999996,2008.516,5057.516999999999,1879.579,6631.846999999998,22.08300935706896,4,1,0,0,3,23.48633992454963,23.48633992454963,23.48633992454963,1.0,0.0,0.0,0.0,1,0,0.0,0.0,0.0,1.0,0.0,1.0,0.0,0.0,0.7431699622748148,0.0,17,1,2024,8,24,4,0,0,2,1,0,1,GRAVE_MORTALIDAD,2
5,1,1,0,4,1,-8.828649934987363,-77.51248251207035,2,4,6,0,1,1,1,2,1086.1663286903154,-0.7224501364507167,0,2,0.0,9,29,170.40953460687336,0.2103424806343511,75.06925901677556,38.50784019143065,3.88302333486801,170.60579858034188,5851.4292575641775,10767.648,1885.0630000000003,1222.721,7659.864000000001,2100.343,8667.305000000002,19.506051832303577,31,1,0,0,30,47.39864196230989,46.982317166985965,47.81496675763381,1.0,0.0,0.0,0.09251662118309445,1,0,0.0,0.09251662118309445,0.9074833788169056,0.09251662118309445,0.0,0.09251662118309445,1.0,0.0,0.0,0.0,7,1,2021,3,11,0,0,0,0,1,0,1,GRAVE_MORTALIDAD,2
3,1,10,0,4,1,-13.8184416870375,-75.57739534328493,0,4,7,1,2,0,0,2,339.15179321329947,-0.6971751233308034,2,0,1.0,12,29,33.67420072793379,0.5883411389004626,79.33784128770327,65.82183154196608,9.329279140359253,975.0029864447522,5200.487346530578,3643.505094823925,675.1813025940708,760.8338548051412,2207.4899374247134,1079.0346460458102,2564.4704487781146,29.61034731790688,3,2,0,0,1,37.70659137889479,37.1009416255564,38.31224113223318,1.0,0.8990583744436011,0.10094162555639885,0.10094162555639885,2,0,0.8990583744436011,0.10094162555639885,0.8990583744436011,0.10094162555639885,0.0,0.8990583744436011,0.10094162555639885,0.0,0.10094162555639885,0.8990583744436011,9,1,2022,1,22,5,0,1,0,0,0,1,GRAVE_MORTALIDAD,2
3,1,14,0,4,1,-11.526879933673952,-77.3591149702647,0,4,7,0,2,2,2,1,6562.743669007513,2.8009887055848117,2,0,1.0,1,30,1503.0605925125415,0.7275713646236079,78.4717578706043,77.60615961188708,13.009898564841187,1401.0535700136195,61630.13693040048,7626.313,1683.4029999999998,1599.0829999999996,4343.827000000001,1814.875,5811.438000000001,23.797541485643197,8,2,0,0,6,44.181708946680985,38.3831920050582,49.980225888303764,1.0,0.0,0.0,0.8009887055848117,2,0,0.0,0.19901129441518828,0.8009887055848117,1.0,0.0,1.0,1.0,0.0,0.0,0.0,7,0,2023,4,18,5,0,1,0,1,0,1,GRAVE_MORTALIDAD,2
3,1,12,0,4,1,-7.511783881789199,-79.40392203216615,0,4,7,1,2,2,2,2,6543.555,3.0,2,0,1.0,0,30,1475.0,0.613845468104996,80.84778327079256,64.49365557647667,9.14325978424026,1095.671385872524,16852.77984495119,8931.828000000005,1335.5899999999997,1935.9830000000004,5660.255000000005,1219.309,7712.519000000005,13.651281686122925,9,2,0,0,7,34.00324124354239,34.0006030220544,34.00587946503039,1.0,0.0,0.0,0.0,2,0,0.9998492444864002,0.00015075551359977624,0.0,1.0,0.0,0.00015075551359977624,1.0,0.0,0.00015075551359977624,0.9998492444864002,1,0,2023,7,28,1,0,1,0,1,1,1,GRAVE_MORTALIDAD,2
5,1,3,0,4,1,-16.224994151505737,-71.6634260325025,0,4,6,0,2,0,1,0,1504.4250000000002,2.0,2,0,1.0,7,25,241.0,0.6005060748875158,78.21704200773246,77.40211893847457,8.994742794352394,996.014120858737,33335.45824411135,10322.272,1495.236,1749.739,7077.2970000000005,2886.595,7435.677000000001,27.964725207783708,8,1,0,0,7,30.00982864285762,30.0,30.01965728571524,1.0,0.0,0.0,0.002184142857248772,1,0,0.0,1.0,0.0,0.0,0.0,0.0,1.0,0.0,0.0,0.0,17,2,2021,11,30,3,0,0,0,1,0,1,GRAVE_MORTALIDAD,2
4,1,16,0,4,1,-14.796812622050757,-71.39961475888462,0,3,7,0,2,0,1,2,7586.903,2.0,2,0,1.0,9,5,1198.0,0.4004761586443691,72.56735418707595,72.39765596306931,7.259847266985018,463.2882244374375,13921.321609317465,13144.487720522338,1950.5676732877366,1902.9716026619435,9290.948444572658,2690.5758523879376,10453.911868134399,20.194929458273755,3,1,0,0,1,28.735354226421418,27.109381088963243,30.361327363879596,0.36132736387959474,1.0,0.36132736387959474,0.36132736387959474,1,0,0.0,0.0,0.0,1.0,0.0,1.0,0.0,0.36132736387959474,1.0,0.0,7,0,2022,4,15,5,0,0,2,1,0,1,GRAVE_MORTALIDAD,2
5,1,3,0,4,1,-16.23459216715712,-71.66004097528078,0,4,6,0,2,0,1,0,1504.4250000000002,2.0,2,0,1.0,7,25,241.0,0.6005060748875158,78.21704200773246,77.40211893847457,8.994742794352394,996.014120858737,33335.45824411135,10322.272,1495.236,1749.739,7077.2970000000005,2886.595,7435.677000000001,27.964725207783708,9,1,0,0,8,30.63559664111951,30.0,31.271193282239015,1.0,0.0,0.0,0.14124369802655734,1,0,0.0,1.0,0.0,0.0,0.0,0.0,1.0,0.0,0.0,0.0,17,2,2021,11,28,3,0,0,0,1,0,1,GRAVE_MORTALIDAD,2
3,2,19,0,4,1,-15.734300551541413,-70.38651998152461,0,4,7,1,2,2,2,4,7031.0135832926835,1.9206281367107758,1,0,0.9206281367107758,9,7,1122.596729875237,0.6500673946898233,70.46457853327759,82.06513168454725,11.703464249609379,1218.7474962839083,144563.1921388891,12854.876491343372,1915.8023292167154,2226.387749629953,8712.686412496703,3138.548983859896,9716.327507483475,24.716600158572916,3,1,0,0,1,43.920841830321336,36.09550266827974,51.74618099236293,1.0,0.0,0.0,0.0,2,0,0.0,0.07937186328922419,0.9206281367107758,1.0,0.0,1.0,1.0,0.9206281367107758,0.9206281367107758,0.9206281367107758,23,2,2023,3,13,0,0,0,1,1,0,1,GRAVE_MORTALIDAD,2
6,1,18,0,4,1,-16.079647926617035,-69.70467553487684,0,4,6,0,1,0,1,2,7489.2113080061445,2.0,2,0,1.0,9,7,1198.0,0.3042870492950744,72.67777422228455,66.37900272550118,5.748993288383041,240.7437346323877,13950.741436574275,13552.09021664158,2000.58191674347,2299.8021503363484,9251.706149561762,3236.460574850969,10315.62964179061,23.853335453926512,3,1,0,0,2,29.06367106666371,29.06367106666371,29.06367106666371,0.09363289333362923,1.0,0.09363289333362923,0.09363289333362923,1,0,0.0,0.0,0.0,1.0,0.09363289333362923,0.9063671066663708,0.0,0.09363289333362923,1.0,0.09363289333362923,8,0,2022,1,14,5,0,0,2,1,0,1,GRAVE_MORTALIDAD,2
6,1,8,0,4,1,-12.28669917084212,-74.82985820686122,0,4,0,1,2,2,2,0,878.9970815302793,1.0449368128737635,0,2,0.0449368128737635,8,31,85.67405219310645,0.23901451843338295,67.68319938651636,48.265507195277294,3.998926956363358,208.22714499556696,3829.816008657929,8530.317526005756,1440.4588031360217,2005.2565981518273,5084.602124717906,1849.9085705638402,6680.408955441914,21.704114388517127,3,1,0,0,2,51.13481043862129,51.13481043862129,51.13481043862129,1.0,0.9550631871262365,0.0,0.0,1,0,0.0,0.9550631871262365,0.0449368128737635,0.0,0.0,0.0,1.0,0.0449368128737635,0.0,0.0449368128737635,5,0,2021,6,10,5,1,0,1,1,0,1,GRAVE_MORTALIDAD,2
4,1,3,0,4,0,-15.511988369067407,-72.91724161542763,0,4,2,0,2,0,1,0,6581.069477718844,2.0,3,2,1.0,12,32,1360.6327700319061,0.5253601011161506,81.64889389533163,52.1594239123354,7.775132280607235,860.8048126561413,1860.4525783458344,10322.272,1495.236,1749.739,7077.2970000000005,2886.595,7435.677000000001,27.964725207783708,2,1,0,0,1,42.0,37.331116649801736,46.668883350198264,1.0,0.0,0.0,0.0,1,0,0.0,0.0,0.0,1.0,0.0,1.0,0.38907361251652206,0.0,0.38907361251652206,0.0,3,0,2022,5,11,5,1,0,0,1,0,1,GRAVE_MORTALIDAD,2
5,1,12,0,4,1,-7.957020841928215,-79.08903682003937,0,4,7,1,2,2,2,2,6543.555,3.0,2,0,1.0,0,30,1475.0,0.5721567587688113,77.67102283812494,66.21373667954742,8.464777379360486,978.4498488219192,15563.077087794432,8931.828000000005,1335.5899999999997,1935.9830000000004,5660.255000000005,1219.309,7712.519000000005,13.651281686122925,15,1,0,0,14,50.006974423035196,49.984783077014114,50.02916576905628,1.0,0.0,0.0,0.0,1,0,0.0,0.001268076915490246,0.0,0.001268076915490246,0.0,0.001268076915490246,1.0,0.0,0.001268076915490246,0.0,19,2,2024,1,8,0,0,0,0,1,1,1,GRAVE_MORTALIDAD,2
5,1,7,0,4,1,-14.425655192985033,-71.96159993878844,0,4,0,1,2,1,1,2,1956.9188364660176,1.0,1,3,0.0,9,29,555.609544489497,0.46455294270626035,66.34082161870496,70.36946440148373,6.9974471222203745,744.6792245958869,9300.273067503571,17779.13499998999,2097.3709999899997,2863.123,12818.640999999989,2878.713,14900.421999989989,16.19152450331032,3,1,0,0,1,25.211985604166387,25.211985604166387,25.211985604166387,1.0,0.894007197916806,0.0,0.10599280208319395,1,0,0.0,0.0,0.0,1.0,1.0,0.0,0.10599280208319395,0.894007197916806,1.0,0.894007197916806,14,2,2022,10,4,2,0,0,2,1,0,1,GRAVE_MORTALIDAD,2
4,1,8,0,4,1,-12.792941071704083,-75.35191984206915,0,4,7,1,4,2,2,1,1200.0531912911015,1.0,0,3,0.0,9,23,181.5166832528799,0.42372871398127493,64.86106811670287,52.425625441943325,6.146536954534084,777.4714276517902,807.158643655941,8511.426,1445.3929999999996,2008.516,5057.516999999999,1879.579,6631.846999999998,22.08300935706896,6,1,0,0,5,29.935178880179684,28.739458383596983,31.13089937676239,1.0,0.5217118013669183,0.0,0.0,1,0,0.0,0.0,0.0,1.0,0.0,1.0,0.0,0.5217118013669183,0.5217118013669183,0.0,14,3,2022,7,14,3,0,0,2,1,0,1,GRAVE_MORTALIDAD,2
5,1,17,0,4,1,-15.15840845349597,-70.87041154541731,1,4,7,1,2,2,2,1,7586.903,2.0,2,0,1.0,9,5,1198.0,0.3855453769116578,72.25993083442461,70.38881544419134,7.166626180848586,443.54166447968237,13916.859766106254,13280.415044093188,1969.7383303792571,2026.1533472005344,9284.523366513396,2860.8111689714838,10419.603875121704,21.313725468318196,6,1,0,0,4,49.806559263433044,49.806559263433044,49.806559263433044,1.0,0.0,0.0,0.26266973533048454,1,0,0.26266973533048454,0.0,0.7373302646695155,0.26266973533048454,0.0,0.26266973533048454,1.0,0.0,0.26266973533048454,0.0,6,0,2021,5,17,0,0,0,2,1,0,1,GRAVE_MORTALIDAD,2
6,1,9,0,4,1,-12.080932738726993,-75.45112520963954,5,4,1,0,5,2,2,0,6543.555,2.0,4,4,1.0,14,33,1198.0,0.21822560330382862,68.39949005501954,58.96549272282091,3.837618367517998,182.6150014256006,1265.446877801351,8305.441774648392,1500.7828829595046,1913.232415487757,4891.42647620113,1864.5210319019714,6440.920742746419,22.482016684206634,3,1,0,0,2,49.370954242609415,49.370954242609415,49.370954242609415,1.0,0.0,0.0,0.23272082248436987,1,0,0.0,0.0,0.0,1.0,0.0,1.0,0.0,0.0,0.0,0.0,11,1,2023,5,23,1,0,1,1,1,0,1,GRAVE_MORTALIDAD,2
2,1,14,2,2,4,-12.5109857822561,-76.55556017324898,0,0,1,1,2,1,1,0,6543.555,2.0,4,4,1.0,14,33,1198.0,0.8268804514755123,80.14431182402531,80.6815304284784,12.936203552161603,1944.45658370043,74822.13388654511,7261.419789762608,1606.2016285433244,1517.5554828982185,4137.662678321066,1760.1548163404273,5501.264973422181,25.009182951144453,3,1,0,0,0,56.45997663162427,37.63332776943435,75.21329104770106,0.92666555388687,0.0,0.0,0.0,1,0,0.07333444611313,0.0,0.92666555388687,0.92666555388687,0.0,0.92666555388687,0.92666555388687,0.0,0.0,0.07333444611313,16,2,2022,6,9,4,0,0,0,1,0,1,GRAVE_MORTALIDAD,2
6,1,11,0,4,1,-10.171324494949644,-76.76145703992053,1,4,3,1,2,2,2,2,1790.3049267871593,1.483690823146794,1,0,0.0,9,25,701.6141642379724,0.5061781640920644,73.80041453314817,55.736400615389364,6.9194150585922385,953.6754855865911,25273.437162228245,7927.189074956145,1502.7335112896415,1182.366765506716,5242.088798159787,1425.0533105289996,6502.135764427146,18.176642541598053,3,1,0,0,2,24.41845411573397,24.41845411573397,24.41845411573397,1.0,0.4836908231467939,0.0,0.4836908231467939,1,0,0.0,0.0,0.5163091768532061,0.4836908231467939,0.5163091768532061,0.4836908231467939,0.0,1.0,0.5163091768532061,0.5163091768532061,8,1,2021,7,6,3,0,0,1,1,0,1,GRAVE_MORTALIDAD,2
3,1,19,0,4,2,-5.276491709788129,-80.62574594329632,0,4,0,1,1,1,1,0,6543.555,2.315553474443111,3,2,1.0,9,32,1285.4083124207418,0.5034350778485951,78.14388603810477,62.51585839041032,7.698619805954479,731.8176685454189,76220.84796573877,8965.846000060003,1782.4120000599992,636.9959999999999,6546.438000000004,2214.505000059999,6751.341000000004,24.699342371541725,5,2,0,0,3,25.548855591089776,16.31555347444311,34.78215770773644,1.0,1.0,0.3155534744431109,1.0,2,0,0.0,0.6844465255568891,0.3155534744431109,1.0,1.0,0.0,0.3155534744431109,1.0,0.6844465255568891,0.0,15,2,2021,8,14,4,0,0,0,1,0,1,GRAVE_MORTALIDAD,2
6,1,8,0,4,1,-11.358357187851553,-75.84754652958081,3,4,5,0,2,2,2,0,286.9255392775979,2.0,1,2,0.21105487606507323,8,31,110.25628661115405,0.2781098956974199,75.97219477221063,54.090016861647975,4.796775544081298,220.26018881024214,5534.937938127576,8600.153892007509,1422.2185414434264,1993.2075566743722,5184.7277938897105,1740.2257969805141,6859.928095026994,20.303452118462996,2,1,0,0,1,50.03518908985258,50.03518908985258,50.03518908985258,1.0,0.21105487606507323,0.0,0.0,1,0,0.0,0.0,0.0,1.0,0.21105487606507323,0.0,0.7889451239349268,0.21105487606507323,0.0,0.21105487606507323,8,1,2022,12,22,1,0,0,1,1,0,1,GRAVE_MORTALIDAD,2
6,1,1,0,4,2,-9.653279200160245,-77.59015490128897,1,4,1,0,6,2,2,0,6543.555,2.0,4,4,1.0,14,33,1198.0,0.42607461773522937,70.40580590859128,47.68347876577586,6.845056055400477,665.0441518808757,1491.9650997817816,10767.648,1885.0630000000003,1222.721,7659.864000000001,2100.343,8667.305000000002,19.506051832303577,3,1,0,0,2,40.72786103980782,40.72786103980782,40.72786103980782,1.0,0.0,0.0,0.0,1,0,0.0,0.0,0.0,1.0,0.0,0.31821450221154535,0.6817854977884547,0.31821450221154535,0.31821450221154535,0.31821450221154535,13,2,2022,8,3,1,0,0,0,1,0,1,GRAVE_MORTALIDAD,2
3,1,3,0,4,1,-16.09193116430575,-71.58301275004287,0,4,7,1,2,0,1,0,1504.4250000000002,2.0,2,0,1.0,7,25,241.0,0.6005060748875158,78.21704200773246,77.40211893847457,8.994742794352394,996.014120858737,33335.45824411135,10322.272,1495.236,1749.739,7077.2970000000005,2886.595,7435.677000000001,27.964725207783708,12,2,0,0,10,44.28057408311942,36.891207776245366,51.669940389993464,1.0,0.0,0.0,1.0,2,0,0.0,1.0,0.11124751624972762,0.0,0.0,0.0,1.0,0.0,0.11124751624972762,0.0,5,0,2025,7,11,5,1,0,0,1,0,1,GRAVE_MORTALIDAD,2
3,1,3,0,4,1,-16.443271085374697,-71.97962153248655,0,4,7,1,2,0,1,0,6639.975,2.0,2,0,1.0,9,31,1616.0,0.6455852322566902,78.58826324858522,78.38415596279924,8.472481180514539,1258.6172876652156,2628.282655246253,10322.272,1495.236,1749.739,7077.2970000000005,2886.595,7435.677000000001,27.964725207783708,4,2,0,0,2,46.00268216589551,35.77005605104477,55.92782229350744,0.692514012761193,0.0,0.0,0.0,2,0,0.0,0.30748598723880705,0.0,1.0,0.0,1.0,1.0,0.0,0.0,0.0,7,0,2023,6,7,4,0,0,0,1,0,1,GRAVE_MORTALIDAD,2
5,1,9,0,4,1,-9.310875053990015,-76.82343013427952,0,4,5,0,2,2,2,0,6543.555,2.2435283388995364,3,3,1.0,10,32,1265.4573498751715,0.348056718510293,75.26727015078208,39.012860531913255,4.505970162258326,550.630009758243,17165.149262492418,8385.072221034758,1333.9923318517554,1070.574880871103,5980.5050083118995,1098.6895936375308,7286.382627397227,13.091165769754362,4,1,0,0,3,33.24352833889954,33.24352833889954,33.24352833889954,1.0,0.0,0.0,0.0,1,0,0.2435283388995363,0.0,0.0,1.0,0.0,0.7564716611004637,0.2435283388995363,0.0,0.7564716611004637,0.2435283388995363,1,0,2021,7,8,3,0,0,1,1,0,1,GRAVE_MORTALIDAD,2
6,1,18,0,4,1,-14.355830461060346,-69.86055805574131,0,4,6,0,2,1,1,2,1757.150290838687,2.0,1,0,0.06834075024098096,9,31,473.3820724590332,0.3433226495309527,75.42617408018936,62.625035504265036,5.770996988736021,320.09586138560724,4021.058980426716,13576.461219882794,2006.0375584692697,2314.473692577961,9255.949968835563,3257.419592112555,10319.041627770239,23.971949069338287,2,1,0,0,1,30.776859506265506,30.776859506265506,30.776859506265506,1.0,0.931659249759019,0.931659249759019,1.0,1,0,0.0,0.0,0.0,1.0,0.0,0.931659249759019,0.06834075024098096,0.931659249759019,0.931659249759019,0.931659249759019,3,0,2021,5,5,2,0,0,2,1,0,1,GRAVE_MORTALIDAD,2
5,1,18,0,4,1,-16.19600463577097,-69.59505674988803,0,4,6,0,2,2,2,2,7586.903,2.0,2,0,1.0,9,5,1198.0,0.43527016038669425,74.23275690358726,74.88101129875204,8.161715170138274,470.49901268228245,28044.39341779804,13541.29537070725,1998.1654051489322,2293.3035652535073,9249.82640030481,3227.1770275125814,10314.118343194668,23.800796964172477,3,1,0,0,2,32.47582126397004,32.47582126397004,32.47582126397004,0.10483574720599131,0.0,0.0,0.0,1,0,0.0,0.10483574720599131,0.10483574720599131,0.8951642527940087,0.0,1.0,0.10483574720599131,0.0,0.0,0.0,6,1,2022,10,11,3,0,0,2,1,0,1,GRAVE_MORTALIDAD,2
3,1,19,0,4,1,-7.285108195867619,-77.04307046791206,0,4,5,1,1,2,2,2,2297.3989801669372,0.46411449978630426,1,2,0.0,9,32,992.8419716642012,0.49218388684021086,73.49634171597668,51.42329820929402,6.2682554655907134,950.2858466221952,1825.767607303731,6175.978013828435,1047.7379243720288,1135.1160958764685,3993.1239935799376,1228.1538079853851,4947.82420584305,19.518156152860442,5,1,0,0,3,23.196171749679458,19.535885500213695,26.856457999145217,1.0,0.7320572498931521,0.0,0.0,1,0,0.0,0.0,0.7320572498931521,1.0,0.7320572498931521,0.7320572498931521,0.26794275010684787,0.0,0.7320572498931521,0.7320572498931521,2,0,2022,8,22,0,0,1,0,1,0,1,GRAVE_MORTALIDAD,2
6,1,1,0,4,2,-9.048328195158504,-77.51732503448075,0,4,0,0,1,2,2,0,6543.555,2.0,4,4,1.0,14,33,1198.0,0.2742477321691775,77.45875672589487,45.6940474228533,4.549135894909758,306.5881611434962,5758.2305070669945,10767.648,1885.0630000000003,1222.721,7659.864000000001,2100.343,8667.305000000002,19.506051832303577,10,1,0,0,9,42.48467058537325,42.48467058537325,42.48467058537325,1.0,0.0,0.0,0.0,1,0,0.0,0.4798053922761144,0.5201946077238856,0.0,0.0,0.0,1.0,0.4798053922761144,0.4798053922761144,0.0,17,2,2022,4,14,2,0,0,0,1,0,1,GRAVE_MORTALIDAD,2
6,1,3,0,4,1,-15.959114227806165,-73.89753442011524,0,4,0,0,1,2,2,0,6598.103846153756,2.0,2,1,1.0,11,31,1434.4801668976368,0.5299162784280672,82.98584552514909,59.256087400247004,8.937439860319477,732.5234484756612,1109.0838278267374,10322.272,1495.236,1749.739,7077.2970000000005,2886.595,7435.677000000001,27.964725207783708,2,1,0,0,1,51.856449348227464,51.856449348227464,51.856449348227464,1.0,0.0,0.0,0.0,1,0,0.0,0.5657420260709014,0.0,0.4342579739290986,0.0,0.4342579739290986,0.5657420260709014,0.0,0.0,0.0,12,1,2021,6,28,5,0,1,0,1,0,1,GRAVE_MORTALIDAD,2