CLASE SINIESTRO,CANTIDAD DE VEHICULOS DAÑADOS,DEPARTAMENTO,ZONA,TIPO DE VÍA,RED VIAL,COORDENADAS LATITUD,COORDENADAS  LONGITUD,CONDICIÓN CLIMÁTICA,ZONIFICACIÓN,CARACTERÍSTICAS DE VÍA,PERFIL LONGITUDINAL VÍA,SUPERFICIE DE CALZADA,¿EXISTE SEÑAL VERTICAL?,¿EXISTE SEÑAL HORIZONTAL?,CAUSA FACTOR PRINCIPAL,MTC_RVN_LONGITUD_KM,MTC_RVN_N_CARRILES_MEDIANA,MTC_RVN_SUPERFICIE_DOMINANTE,MTC_RVN_ESTADO_DOMINANTE,MTC_RVN_ES_CONCESIONADA,MTC_RVN_CONCESION_PRINCIPAL,MTC_RVN_CORREDOR_LOGISTICO,MTC_RVN_N_TRAMOS,IDH_2019,IDH_ESP_VIDA_2019,IDH_EDUC_SECUND_PCT_2019,IDH_ANIOS_EDUC_2019,IDH_INGRESO_PERCAP_2019,IDH_POBLACION_2019,MTC_DEP_RED_TOTAL_KM,MTC_DEP_NACIONAL_TOTAL_KM,MTC_DEP_DEPARTAMENTAL_TOTAL_KM,MTC_DEP_VECINAL_TOTAL_KM,MTC_DEP_PAV_TOTAL_KM,MTC_DEP_NO_PAV_TOTAL_KM,MTC_DEP_PCT_PAVIMENTADA,PER_TOTAL_PERSONAS,PER_N_CONDUCTORES,PER_N_CONDUCTORES_FUGADOS,PER_N_PEATONES,PER_N_PASAJEROS_OCUPANTES,PER_EDAD_COND_PROM,PER_EDAD_COND_MIN,PER_EDAD_COND_MAX,PER_ANY_COND_MASCULINO,PER_ANY_LIC_PROBLEMA,PER_ANY_DOSAJE_POS,PER_ANY_DOSAJE_EVALUADO,VEH_TOTAL,VEH_N_FUGADOS,VEH_ANY_FUGADO,VEH_ANY_CARGA,VEH_ANY_PUBLICO,VEH_ANY_PARTICULAR,VEH_ANY_MOTO,VEH_ANY_AUTO,VEH_ANY_CAMION_BUS,VEH_ANY_SOAT_PROBLEMA,VEH_ANY_CITV_PROBLEMA,VEH_ANY_SEGURO_PROBLEMA,HORA_NUM,FRANJA_HORARIA,ANIO,MES,DIA_MES,DIA_SEMANA,ES_FIN_SEMANA,ES_QUINCENA,REGION_NATURAL,TIENE_SEÑALIZACION,ES_VIA_MULTICARRIL,ES_DEPTO_BAJO_PAVIMENTO,CATEGORIA_SEVERIDAD,CATEGORIA_SEVERIDAD_ENC
1,1,1,1,4,1,-9.464418245189707,-78.32158765843693,0,1,3,1,2,2,2,0,6543.555,3.0,2,0,1.0,0,30,1475.0,0.5873460606982213,78.04758132038613,65.8701248560095,8.596987164492063,1041.0659985770535,35482.29764453961,10767.648,1885.0630000000003,1222.721,7659.864000000001,2100.343,8667.305000000002,19.506051832303577,3,1,0,0,1,35.7772618912142,34.611369054392895,36.943154728035516,1.0,0.0,0.0,0.0,1,0,0.0,1.0,0.0,0.38863094560710276,0.0,0.0,1.0,0.0,0.0,0.0,14,1,2022,8,23,3,0,1,0,1,1,1,GRAVE_MORTALIDAD,2
3,2,10,2,4,1,-14.823198195416559,-74.9656810431197,0,3,7,1,2,1,1,0,6639.975,2.0,2,0,1.0,9,31,1616.0,0.5563774842369664,77.00938809632027,69.10246351364754,8.476961866273152,914.8835608305218,27932.19700214133,3721.461,698.1859999999996,744.866,2278.409,1102.9029999999996,2618.558,29.636290693359403,3,2,0,0,1,35.79777363655463,29.52110386397061,42.07444340913866,1.0,0.9627782954306708,0.03722170456932916,0.03722170456932916,2,0,0.0,0.9627782954306708,0.03722170456932916,1.0,0.0,0.0,1.0,0.0,0.9627782954306708,0.9627782954306708,18,2,2021,3,28,1,0,1,0,1,0,1,GRAVE_MORTALIDAD,2
3,1,3,0,4,1,-16.8708642557028,-71.853814294282,0,4,7,1,2,1,1,0,6639.975,2.0,2,0,1.0,9,31,1616.0,0.6419417912968558,78.23771656444124,78.00979886456582,8.718226964806318,1227.785543486171,7916.918104528553,10322.272,1495.236,1749.739,7077.2970000000005,2886.595,7435.677000000001,27.964725207783708,2,2,0,0,0,26.4943958224286,19.3295972149524,33.6591944299048,1.0,0.08239930373809978,0.0,0.0,2,0,0.0,0.0,0.0,1.0,0.08239930373809978,1.0,0.0,0.0,0.08239930373809978,0.0,17,2,2023,9,27,0,0,1,0,1,0,1,GRAVE_MORTALIDAD,2
3,1,15,2,3,4,-13.273723510144766,-74.74144162620242,1,2,1,0,2,2,2,2,6543.555,2.0,4,4,1.0,14,33,1198.0,0.7034885828201984,76.77049103050939,77.40726027911771,10.98490960451978,1451.5913060896926,152832.4077497934,9592.875129682834,1793.6873858151391,1845.8950463801443,5953.292697487552,2304.9389484527137,7287.936181230121,23.959321308467175,3,1,0,0,0,52.38489078499623,42.96133191125283,61.80844965873963,1.0,0.0,0.0,0.0,1,0,0.0,0.0,1.0,0.0,0.6731113481245287,0.0,1.0,0.32688865187547134,1.0,1.0,13,2,2023,2,21,6,1,0,0,1,0,1,GRAVE_MORTALIDAD,2
3,1,20,0,4,0,-15.986720370643853,-69.76513675947702,0,4,6,1,2,2,2,2,7577.250788782796,2.0,2,0,1.0,9,5,1198.0,0.32742292750122115,73.13928470647305,76.79441798080067,6.523300093081761,256.2041777859056,24885.48248129007,13642.312999999998,2020.7790000000005,2354.117,9267.416999999998,3314.0520000000006,10328.260999999997,24.29244952817019,3,1,0,0,1,45.88898571271862,36.97224642817966,54.8057249972576,1.0,0.0,0.0,0.0,1,0,0.0,0.9907488093932189,0.9907488093932189,0.0,0.0,0.0,1.0,0.0,0.009251190606781146,0.0,15,2,2023,6,10,2,0,0,2,1,0,1,GRAVE_MORTALIDAD,2
0,1,10,0,4,1,-13.794854502212779,-75.77086420722543,0,4,7,0,2,0,0,0,7026.301994045001,2.0,2,0,1.0,9,31,1875.429517829815,0.6253118726295249,80.00523445112879,77.01847498063844,9.59396493171315,1048.8527382812993,31472.790675813114,3716.2652458031002,682.5312917106837,764.3148942817863,2269.41905981063,1042.9055298704552,2673.3597159326446,28.046523606889025,3,1,0,0,1,29.468707349286024,23.288945210536568,35.64846948803548,1.0,0.8828231626784937,0.8828231626784937,1.0,1,0,0.0,0.0,0.0,1.0,0.8828231626784937,1.0,0.0,0.8828231626784937,1.0,0.0,6,0,2021,7,2,5,0,0,0,0,0,1,GRAVE_MORTALIDAD,2
4,1,15,0,4,1,-12.744995879451919,-71.7019840929581,0,4,4,0,4,2,2,1,3657.5305845370613,2.0,1,0,0.0,9,32,428.24112875622166,0.47751454966259643,75.36340773925582,63.9118701076228,7.692524001723397,686.8486911526853,27720.89275892493,12990.641695701683,1928.8698327855434,1763.5513505015479,9298.220512414591,2497.8991627243386,10492.742532977343,18.928647490757264,3,1,0,0,1,33.729905936981524,27.58102821890554,39.87878365505751,1.0,1.0,0.0,1.0,1,0,0.0,0.0,0.0,1.0,0.47299059369815266,0.47299059369815266,0.5270094063018473,0.5270094063018473,1.0,0.0,18,2,2021,5,14,5,0,0,2,1,0,1,GRAVE_MORTALIDAD,2
1,1,14,2,2,4,-11.994130173813279,-77.0028572175152,0,0,1,1,2,0,1,0,6543.555,2.0,4,4,1.0,14,33,1198.0,0.701053025277506,79.62867561460851,73.1469484600971,10.064317505194426,1464.6926161541437,1150285.0494171206,7626.313,1683.4029999999998,1599.0829999999996,4343.827000000001,1814.875,5811.438000000001,23.797541485643197,2,1,0,0,0,32.05511798283084,28.157480249203015,35.95275571645867,1.0,0.0,0.0,0.0,1,0,0.0,0.0,1.0,0.5196850311503769,1.0,0.0,0.5196850311503769,0.5196850311503769,1.0,0.5196850311503769,13,1,2024,6,13,5,1,0,0,1,0,1,GRAVE_MORTALIDAD,2
3,2,19,0,4,1,-4.786796581142709,-80.42733278810213,0,4,7,0,2,2,2,0,1364.5124933170086,-0.23769581393122463,2,2,0.19057604651719384,7,31,309.42950698475914,0.4870439327830463,80.13420063787,54.93815461578794,6.442420507794337,780.9941317213662,122440.75322625053,7449.480994803118,1469.1167952891822,570.3849073410777,5409.979292172859,1845.2576209119666,5604.223373891152,25.22305655898303,17,2,0,0,15,30.02460837213755,28.0,32.0492167442751,1.0,0.8094239534828062,1.0,1.0,2,0,0.0,0.8094239534828062,1.0,0.0,0.19057604651719384,0.19057604651719384,0.8094239534828062,0.0,1.0,0.0,8,1,2021,9,19,1,0,1,0,1,0,1,GRAVE_MORTALIDAD,2
5,1,2,0,4,0,-12.729571311855885,-75.9597440380156,0,4,3,0,4,1,1,1,6595.42516656341,2.0,2,1,1.0,11,31,1422.8675546930658,0.4695186730316882,82.09936166445988,51.54187425681057,6.798956353848894,758.058411710063,8744.054728750521,10528.05323435651,1675.3514109011157,1506.235949615383,7346.465873840012,2523.3156426137134,8004.737591742797,24.056485320082423,4,1,0,0,2,38.93059014259333,38.93059014259333,38.93059014259333,1.0,0.0,0.0,0.0,1,0,0.0,0.5379606571604444,0.0,1.0,0.0,0.5379606571604444,1.0,0.0,1.0,0.0,20,2,2021,7,16,3,0,0,0,1,0,1,GRAVE_MORTALIDAD,2
3,2,14,0,4,1,-10.90340273910786,-77.65103014919477,0,4,1,1,2,2,2,2,6543.555,2.9030278734928117,2,0,1.0,1,30,1448.138720957509,0.6083152164156707,76.25686477700262,65.3053318108298,8.310679945967122,1222.255109875533,26087.795734093517,7626.313,1683.4029999999998,1599.0829999999996,4343.827000000001,1814.875,5811.438000000001,23.797541485643197,5,2,0,0,3,39.08490071990455,36.55155402411501,41.618247415694086,1.0,1.0,0.0,0.9030278734928117,2,0,0.0,1.0,0.0,0.0,0.09697212650718834,0.9030278734928117,1.0,0.0,0.09697212650718834,0.09697212650718834,19,1,2021,10,14,5,1,0,0,1,0,1,GRAVE_MORTALIDAD,2
3,1,7,0,4,2,-13.34560230016653,-71.60038606878558,0,4,0,0,1,2,2,2,6543.555,2.0,4,4,1.0,14,33,1198.0,0.2466226927938573,59.50771953912937,42.678907967899015,3.991373779253808,285.51302601039464,12676.173447537472,17779.13499998999,2097.3709999899997,2863.123,12818.640999999989,2878.713,14900.421999989989,16.19152450331032,5,1,0,0,3,31.813478780916416,31.338905492734327,32.288052069098505,1.0,1.0,0.0,0.9491465763641789,1,0,0.0,0.0,0.0,0.9491465763641789,0.9491465763641789,0.0,1.0,0.9491465763641789,1.0,0.9491465763641789,8,1,2021,10,17,2,0,0,2,1,0,1,GRAVE_MORTALIDAD,2
3,2,12,0,4,1,-8.337168958166767,-78.798252123881,0,4,7,1,2,2,2,1,6543.555,3.0,2,0,1.0,0,30,1475.0,0.5064214310068278,78.27887435321273,49.47983046806647,6.533132990778878,927.2035547602545,44304.37476078757,8931.828000000005,1335.5899999999997,1935.9830000000004,5660.255000000005,1219.309,7712.519000000005,13.651281686122925,3,2,0,0,1,45.817784014991545,30.36268163597972,61.27288639400338,1.0,0.13644319700169028,0.0,0.0,2,0,0.0,0.8635568029983097,0.8635568029983097,0.13644319700169028,0.13644319700169028,0.8635568029983097,0.8635568029983097,0.13644319700169028,0.8635568029983097,0.13644319700169028,16,2,2022,8,11,2,0,0,0,1,1,1,GRAVE_MORTALIDAD,2
3,2,5,1,4,1,-11.446972513136872,-75.65989648052117,0,4,2,0,2,1,1,2,7231.175793051787,2.34094780164261,2,0,1.0,5,13,1292.442541055003,0.5701794480163195,78.56254269010005,70.85204470520587,8.902288963370083,909.3874136928956,27803.23623397356,8554.285334805581,1300.5686252314865,1515.5828293985978,5738.133880175497,1359.9336037723099,7194.351731033272,15.950177285632677,3,2,0,0,1,43.795260991786954,34.659052198357394,52.931469785216514,1.0,0.0,0.0,0.0,2,0,0.0,0.0,0.6590521983573903,1.0,1.0,0.34094780164260974,0.6590521983573903,0.0,0.34094780164260974,0.0,20,2,2023,4,24,4,0,1,1,1,0,1,GRAVE_MORTALIDAD,2
6,1,2,0,4,0,-13.77810100297603,-73.48650679081214,0,4,3,0,1,2,2,2,6543.555,2.0,4,4,1.0,14,33,1198.0,0.3534834366090669,64.81014814522669,74.0407623465873,6.336350304565984,374.5025230061485,1035.487308273668,8343.906556666649,1287.5785621354305,1247.2384006705443,5809.089593860673,1395.2189471342665,6948.687609532381,16.71454410777219,2,1,0,0,1,34.90438511413321,34.90438511413321,34.90438511413321,1.0,0.0,0.0,0.0,1,0,0.0,0.0,0.0,1.0,0.0,1.0,0.0,0.0,0.0,0.0,16,1,2021,2,7,0,0,0,2,1,0,1,GRAVE_MORTALIDAD,2
5,1,18,0,4,1,-6.133572874602034,-79.35240804085468,0,3,0,1,2,1,0,4,299.0550115719828,2.0,2,0,0.9408799063414847,1,18,50.29560046829258,0.23733182396856156,66.1599983261518,43.94794272310146,4.267587059594653,237.16358204079893,38554.50533930653,8886.652683637783,1776.558578703416,693.8746735476399,6416.219431386728,2190.8788370276993,6695.773846610085,24.646027818706074,4,1,0,0,3,35.46791915707336,35.172318688780784,35.76351962536594,1.0,0.0,0.05912009365851534,1.0,1,0,0.0,0.0,0.0,0.9408799063414847,0.0,0.05912009365851534,1.0,0.0,0.9408799063414847,0.0,16,2,2023,7,17,0,0,1,0,1,0,1,GRAVE_MORTALIDAD,2
3,1,16,0,4,1,-15.50422188679305,-69.95312517058674,2,4,6,1,3,2,2,1,2099.9816251173693,2.0,2,0,1.0,7,20,320.46345135730246,0.5382684962360778,75.08355781373007,66.84352779920323,7.3549149351441665,936.2969708320455,4314.60102340798,2666.518360254158,446.9644607036332,717.740740788231,1501.8131587622936,743.8030159244245,1922.7153443297334,27.484856307893402,7,2,0,0,5,44.65827022599619,36.683459548007626,52.633080903984755,1.0,0.32913511299809406,0.6708648870019059,0.6708648870019059,2,0,0.0,1.0,0.0,0.6708648870019059,0.0,0.32913511299809406,1.0,0.0,0.6708648870019059,0.0,12,2,2022,4,23,0,0,1,0,1,0,1,GRAVE_MORTALIDAD,2
3,2,3,0,4,1,-16.096336212301043,-71.60796359031391,2,3,0,0,2,1,1,0,1504.4250000000002,2.0,2,0,1.0,7,25,241.0,0.6005060748875158,78.21704200773246,77.40211893847457,8.994742794352394,996.014120858737,33335.45824411135,10322.272,1495.236,1749.739,7077.2970000000005,2886.595,7435.677000000001,27.964725207783708,16,2,0,0,13,39.90159854264149,36.01345728044393,43.67788106703661,1.0,0.0,0.0,0.6644237865926779,2,0,0.0,0.6644237865926779,0.33557621340732213,1.0,0.0,1.0,1.0,0.0,0.0,0.0,7,0,2022,8,10,2,0,0,0,1,0,1,GRAVE_MORTALIDAD,2
4,1,16,0,4,1,-8.19533798890928,-78.6003040786532,0,3,3,1,2,1,0,3,256.9085930615252,2.0,2,0,0.5472456622912599,4,11,52.2637716885437,0.4076078071619935,71.36959616810881,54.86736949969532,6.213932601823386,673.5450446009825,37504.20404329264,8359.366623778835,1737.5852458106297,1072.5850625031885,5549.196315465017,2033.5707840542905,6325.795839724545,24.29104810870158,3,1,0,0,1,35.849081887430415,34.64173698687378,37.35826301312622,1.0,0.4527543377087401,0.0,1.0,1,0,0.0,0.0,0.4527543377087401,1.0,0.0,0.4527543377087401,1.0,0.0,0.5472456622912599,0.0,14,3,2022,8,16,0,0,1,0,1,0,1,GRAVE_MORTALIDAD,2
6,1,7,0,4,1,-13.510313930418851,-74.6008476170453,0,4,6,1,2,1,0,0,1761.3428881725865,1.8355402245437076,1,3,0.8355402245437075,9,25,387.52676097622503,0.30591434741865015,72.37402190328767,49.49822664261053,4.908427906325433,309.5212008153818,3464.9743600114757,8486.353284932811,1418.5955952676004,1891.6806507801161,5176.077038885093,1806.0825841876847,6680.2707007451245,21.269995341373047,5,1,0,0,4,35.35540224543708,35.35540224543708,35.35540224543708,1.0,0.0,0.0,0.0,1,0,0.0,0.0,0.16445977545629253,0.8355402245437075,0.0,1.0,0.0,0.0,0.0,0.0,8,1,2024,6,22,4,0,0,2,1,0,1,GRAVE_MORTALIDAD,2
6,1,3,0,4,2,-15.751174293563002,-73.7523207777053,0,4,1,0,7,2,2,0,6543.555,2.0,4,4,1.0,14,33,1198.0,0.6601014117883501,84.82429868677173,62.16038296410099,9.141258089856343,1289.5095933723335,5426.629407133312,10322.272,1495.236,1749.739,7077.2970000000005,2886.595,7435.677000000001,27.964725207783708,4,1,0,0,3,31.345485174100453,31.345485174100453,31.345485174100453,1.0,0.0,0.0,0.0,1,0,0.0,0.0,0.0,1.0,0.0,0.0383872415667168,0.9616127584332832,0.0,0.0,0.0,10,1,2021,7,12,0,0,0,0,1,0,1,GRAVE_MORTALIDAD,2
1,1,10,0,4,1,-13.609507887510375,-76.12666333050126,0,4,7,1,2,2,2,0,537.0872984371263,-0.32524540101735777,2,0,1.0,12,29,82.47545989826423,0.5344199296356388,78.27411305261322,63.97471723555082,8.294350573217738,819.8687403586919,14071.93860212432,3721.461,698.1859999999996,744.866,2278.409,1102.9029999999996,2618.558,29.636290693359403,2,1,0,0,0,19.69901839593057,19.69901839593057,19.69901839593057,1.0,0.7750818003391192,0.0,0.0,1,0,0.0,0.0,0.0,1.0,1.0,0.0,0.0,1.0,1.0,1.0,15,1,2022,7,12,5,1,0,0,1,0,1,GRAVE_MORTALIDAD,2
1,1,10,0,4,1,-14.064550153476784,-75.76254108853013,0,3,7,1,2,1,1,0,6639.975,2.0,2,0,1.0,9,31,1616.0,0.6131755521878386,79.49208999917559,71.01095578616088,9.212109823874835,1063.452911872713,29250.569995231537,3721.461,698.1859999999996,744.866,2278.409,1102.9029999999996,2618.558,29.636290693359403,3,1,0,0,0,19.1586959286762,19.1586959286762,19.1586959286762,1.0,0.6219367337567092,0.0,0.3780632662432908,1,0,0.6219367337567092,0.0,0.0,1.0,0.6219367337567092,0.3780632662432908,0.0,0.6219367337567092,0.6219367337567092,0.6219367337567092,21,2,2023,8,16,4,0,0,0,1,0,1,GRAVE_MORTALIDAD,2
6,1,1,0,4,2,-9.679878937858676,-77.36455883786682,2,4,1,0,4,2,2,0,6543.555,2.0,4,4,1.0,14,33,1198.0,0.3678865668358024,72.35658216732782,45.85558585805171,6.197970798812042,497.5483001775218,2166.1395414176795,10767.648,1885.0630000000003,1222.721,7659.864000000001,2100.343,8667.305000000002,19.506051832303577,3,1,0,0,2,38.932071041786635,38.932071041786635,38.932071041786635,1.0,0.0,0.0,0.3932071041786632,1,0,0.0,0.0,0.0,1.0,0.0,0.3932071041786632,0.6067928958213368,0.0,0.0,0.0,10,2,2022,10,14,1,0,0,0,1,0,1,GRAVE_MORTALIDAD,2
5,1,12,0,4,1,-8.578353625328159,-78.78296623205958,0,4,7,1,2,1,1,5,6543.555,3.0,2,0,1.0,0,30,1475.0,0.5762844906988871,79.4152409154298,66.34149287871413,8.75412607551563,950.3642391967126,20506.750092247796,8735.308698566,1387.9463251204813,1885.269409843536,5462.092963601982,1308.9596085934245,7426.349089972575,15.178599172302443,7,1,0,0,6,36.73109613178788,34.39787960633465,39.06431265724112,1.0,0.0,0.0,0.1505300984163377,1,0,0.0,0.1505300984163377,0.1505300984163377,0.8494699015836623,0.0,0.1505300984163377,1.0,0.0,0.0,0.0,14,2,2023,5,3,5,0,0,0,1,1,1,GRAVE_MORTALIDAD,2
3,2,20,0,4,1,-16.19584839747035,-69.49937932194089,0,4,3,1,2,2,2,2,7586.903,2.0,2,0,1.0,9,5,1198.0,0.4138545322335047,72.42365757071663,75.18782800461412,7.422478928805024,440.156451811849,19964.802997858675,13642.312999999998,2020.7790000000005,2354.117,9267.416999999998,3314.0520000000006,10328.260999999997,24.29244952817019,5,2,0,0,3,34.824075315425965,26.24722259462779,43.400928036224144,1.0,1.0,0.0,0.0,2,0,0.0,0.5412037657712984,0.0,0.45879623422870164,1.0,0.45879623422870164,0.5412037657712984,0.0,0.45879623422870164,0.5412037657712984,11,1,2022,5,10,2,0,0,2,1,0,1,GRAVE_MORTALIDAD,2
3,2,5,0,4,1,-7.2552400207286825,-79.1053900144837,1,4,5,1,2,1,1,1,887.28,2.0,2,0,1.0,8,17,155.0,0.5158815388383791,73.33296205487696,63.56787148844133,7.161109251555357,922.4516153558491,7592.060854533968,15935.565011852366,1733.9250000199986,935.692,13265.948011832368,2000.1670000199988,13935.398011832369,12.551591352627522,5,2,0,0,3,37.138241820018834,29.765261023760594,44.51122261627708,1.0,0.8038598862488227,0.8038598862488227,0.8038598862488227,2,0,0.0,0.19614011375117735,0.0,1.0,0.8038598862488227,1.0,0.19614011375117735,0.0,0.8038598862488227,0.8038598862488227,17,1,2023,7,29,5,0,1,2,1,0,1,GRAVE_MORTALIDAD,2
3,2,8,0,4,1,-8.564575002381071,-77.10189138962879,0,4,3,0,2,1,0,0,1937.6779316077605,1.4911147448257542,1,3,0.0,9,27,1118.126001696887,0.47591743234518075,71.17853560244214,56.326952570462,7.213919971587447,792.1241280330547,1871.4976688111149,3792.4394381628263,865.1010452790681,745.0364439623411,2182.3019489214175,770.3684450082736,3022.070993154553,20.19226974276792,5,2,0,0,3,42.86995094485232,40.597737806916705,45.14216408278793,1.0,0.0,0.0,1.0,2,0,0.0,1.0,0.0,1.0,0.0,0.0,1.0,0.0,0.0,0.0,17,2,2021,9,11,1,0,0,1,1,0,1,GRAVE_MORTALIDAD,2
5,1,0,0,4,0,-6.394154707616526,-78.52735892697386,1,4,6,1,1,2,2,0,6549.575876992986,2.0,3,3,1.0,13,32,1224.1017069391003,0.3793060708029333,71.09028221973863,38.94614310917524,5.103953031825131,625.5129009699706,7396.806928273378,3892.350219556228,1126.5880252147902,594.9995924660318,2170.7626018754063,953.5391223346458,2938.8110972215827,24.51275497070603,6,1,0,0,4,32.84299771214798,32.249777099895695,33.43621832440026,1.0,0.0,0.0,0.06244427497392413,1,0,0.0,0.06244427497392413,0.0,1.0,0.0,1.0,0.06244427497392413,0.0,0.0,0.0,7,1,2021,8,29,0,0,1,0,1,0,1,GRAVE_MORTALIDAD,2
8,2,5,0,4,1,-6.920820526291993,-78.92807193017158,4,3,0,0,2,1,1,2,899.4914346181966,2.0,2,1,0.6160529910958448,8,13,179.18866156096178,0.3679295224430691,70.72982950697885,52.441324090962205,5.281781863144348,503.1998878811861,4000.9627485938195,15935.565011852366,1733.9250000199986,935.692,13265.948011832368,2000.1670000199988,13935.398011832369,12.551591352627522,6,2,0,0,4,48.6789401780831,44.36656924041219,52.991311115754016,1.0,0.0,0.0,0.38394700890415523,2,0,0.0,0.6160529910958448,0.38394700890415523,1.0,0.38394700890415523,1.0,0.6160529910958448,0.0,1.0,0.38394700890415523,11,1,2021,3,15,1,0,1,2,1,0,1,GRAVE_MORTALIDAD,2
3,2,12,0,4,1,-8.078117987542903,-79.0940211867127,0,3,7,1,2,2,2,2,6543.555,3.0,2,0,1.0,0,30,1475.0,0.583006771156836,78.2441938961209,62.24037484511178,8.807312392374042,1028.2282118265089,76607.295503212,8931.828000000005,1335.5899999999997,1935.9830000000004,5660.255000000005,1219.309,7712.519000000005,13.651281686122925,4,2,0,0,2,36.055496280415475,29.444378195758475,42.66661436507248,1.0,0.0,0.0,0.0,2,0,0.0,1.0,0.4444409576714987,0.5555590423285013,0.0,0.0,1.0,0.0,0.0,0.0,13,1,2022,12,10,0,0,0,0,1,1,1,GRAVE_MORTALIDAD,2
3,1,18,0,3,3,-5.682377305725443,-80.4098691167631,0,3,0,1,1,2,2,0,6543.555,2.0,4,4,1.0,14,33,1198.0,0.5147038018338282,78.15809136060753,62.476845169685994,7.855629795580304,773.7945130698733,76275.57560132758,8961.02846461155,1719.1342994120919,820.9549602134309,6420.939204986029,2073.5680843098007,6887.460380301751,23.134746454827756,4,1,0,0,3,21.137277602439777,17.274555204879555,25.0,1.0,0.8583827550133828,0.0,0.8583827550133828,1,0,0.0,0.8583827550133828,0.0,1.0,0.8583827550133828,0.1416172449866172,0.0,0.8583827550133828,1.0,0.0,12,2,2021,10,19,5,0,0,0,1,0,1,GRAVE_MORTALIDAD,2
0,1,14,2,2,3,-12.017326491419702,-77.04803287371197,0,0,1,1,2,2,2,1,6543.555,2.1024963291892127,3,3,1.0,12,32,1226.391483185412,0.7300036506368504,80.21724456394445,75.11639588359114,10.636845733066124,1559.041185521695,156759.78800856532,7626.313,1683.4029999999998,1599.0829999999996,4343.827000000001,1814.875,5811.438000000001,23.797541485643197,3,1,0,2,0,40.15242291297347,40.15242291297347,40.15242291297347,1.0,0.8975036708107872,0.0,0.0,1,0,0.0,0.10249632918921281,0.0,0.8975036708107872,0.0,0.0,1.0,0.0,0.0,0.0,19,1,2024,3,10,0,0,0,0,1,0,1,GRAVE_MORTALIDAD,2
6,1,12,0,4,1,-9.473848148562789,-77.38293205897284,1,4,3,1,4,1,1,2,996.3044923850675,1.4645350503430459,1,1,0.0,9,17,179.22786832041336,0.5840752973286275,74.61616792306489,59.24541713912986,7.839395700670729,1222.0002255127881,23706.665464067115,8325.3705237514,1497.1613294649655,1779.4811415394279,5048.7280527470075,1495.9702817926063,6829.400241958795,18.3645749928867,3,1,0,0,2,43.0389556544596,43.0389556544596,43.0389556544596,1.0,0.4645350503430459,0.0,0.0,1,0,0.0,0.0,0.0,0.4645350503430459,0.4645350503430459,0.0,0.5354649496569541,0.4645350503430459,0.0,0.4645350503430459,15,2,2022,3,14,2,0,0,0,1,0,1,GRAVE_MORTALIDAD,2
3,0,14,2,2,4,-12.14472695253311,-76.99599965832819,0,0,6,1,2,1,1,1,6543.555,2.0,4,4,1.0,14,33,1198.0,0.7491184966850959,79.74283207913282,76.53944867129333,11.272311332656376,1627.3320590548624,335630.598351928,7626.313,1683.4029999999998,1599.0829999999996,4343.827000000001,1814.875,5811.438000000001,23.797541485643197,3,2,0,0,1,29.606867275229067,26.681149092448656,32.53258545800948,1.0,0.9148563634439179,0.9148563634439179,0.9148563634439179,2,0,0.0,0.08514363655608215,0.0,0.9148563634439179,0.9148563634439179,0.9148563634439179,0.08514363655608215,0.08514363655608215,1.0,0.0,18,1,2021,1,7,2,0,0,0,1,0,1,GRAVE_MORTALIDAD,2
3,4,10,0,4,1,-13.832862362486734,-75.82948690957788,0,3,7,1,2,1,1,2,6639.975,2.0,2,0,1.0,9,31,1616.0,0.5684344021553083,80.26139322100538,68.44611248392168,8.938289498560373,880.1940108134042,27046.053732683773,3721.461,698.1859999999996,744.866,2278.409,1102.9029999999996,2618.558,29.636290693359403,9,4,0,0,4,42.593828718257114,28.361848525691762,55.84993214586857,1.0,0.0,0.30294516789008397,0.30294516789008397,4,0,0.0,0.697054832109916,1.0,1.0,0.0,0.697054832109916,1.0,0.0,0.0,0.0,11,1,2021,6,7,5,1,0,0,1,0,1,GRAVE_MORTALIDAD,2
6,1,1,0,4,2,-9.052337953721384,-77.62207246357481,0,4,6,0,5,1,1,1,6543.555,2.0,4,4,1.0,14,33,1198.0,0.2913925138590507,80.44012322851249,52.00227646651165,4.199578162013606,262.88495924130325,1368.1569707137878,10767.648,1885.0630000000003,1222.721,7659.864000000001,2100.343,8667.305000000002,19.506051832303577,3,1,0,0,2,51.08250625485535,51.08250625485535,51.08250625485535,1.0,0.744596975963076,0.0,0.0,1,0,0.0,0.0,0.0,1.0,0.0,1.0,0.0,0.0,0.25540302403692405,0.0,8,0,2021,6,25,2,0,1,0,1,0,1,GRAVE_MORTALIDAD,2