CLASE SINIESTRO,CANTIDAD DE VEHICULOS DAÑADOS,DEPARTAMENTO,ZONA,TIPO DE VÍA,RED VIAL,COORDENADAS LATITUD,COORDENADAS  LONGITUD,CONDICIÓN CLIMÁTICA,ZONIFICACIÓN,CARACTERÍSTICAS DE VÍA,PERFIL LONGITUDINAL VÍA,SUPERFICIE DE CALZADA,¿EXISTE SEÑAL VERTICAL?,¿EXISTE SEÑAL HORIZONTAL?,CAUSA FACTOR PRINCIPAL,MTC_RVN_LONGITUD_KM,MTC_RVN_N_CARRILES_MEDIANA,MTC_RVN_SUPERFICIE_DOMINANTE,MTC_RVN_ESTADO_DOMINANTE,MTC_RVN_ES_CONCESIONADA,MTC_RVN_CONCESION_PRINCIPAL,MTC_RVN_CORREDOR_LOGISTICO,MTC_RVN_N_TRAMOS,IDH_2019,IDH_ESP_VIDA_2019,IDH_EDUC_SECUND_PCT_2019,IDH_ANIOS_EDUC_2019,IDH_INGRESO_PERCAP_2019,IDH_POBLACION_2019,MTC_DEP_RED_TOTAL_KM,MTC_DEP_NACIONAL_TOTAL_KM,MTC_DEP_DEPARTAMENTAL_TOTAL_KM,MTC_DEP_VECINAL_TOTAL_KM,MTC_DEP_PAV_TOTAL_KM,MTC_DEP_NO_PAV_TOTAL_KM,MTC_DEP_PCT_PAVIMENTADA,PER_TOTAL_PERSONAS,PER_N_CONDUCTORES,PER_N_CONDUCTORES_FUGADOS,PER_N_PEATONES,PER_N_PASAJEROS_OCUPANTES,PER_EDAD_COND_PROM,PER_EDAD_COND_MIN,PER_EDAD_COND_MAX,PER_ANY_COND_MASCULINO,PER_ANY_LIC_PROBLEMA,PER_ANY_DOSAJE_POS,PER_ANY_DOSAJE_EVALUADO,VEH_TOTAL,VEH_N_FUGADOS,VEH_ANY_FUGADO,VEH_ANY_CARGA,VEH_ANY_PUBLICO,VEH_ANY_PARTICULAR,VEH_ANY_MOTO,VEH_ANY_AUTO,VEH_ANY_CAMION_BUS,VEH_ANY_SOAT_PROBLEMA,VEH_ANY_CITV_PROBLEMA,VEH_ANY_SEGURO_PROBLEMA,HORA_NUM,FRANJA_HORARIA,ANIO,MES,DIA_MES,DIA_SEMANA,ES_FIN_SEMANA,ES_QUINCENA,REGION_NATURAL,TIENE_SEÑALIZACION,ES_VIA_MULTICARRIL,ES_DEPTO_BAJO_PAVIMENTO,CATEGORIA_SEVERIDAD,CATEGORIA_SEVERIDAD_ENC
5,0,8,0,4,1,-12.239707051835607,-75.13498880003173,4,4,7,1,2,2,2,0,224.35519401145768,2.0,1,2,0.035567820432019226,8,31,114.52941627857683,0.29021711151359236,76.24767981509785,56.497143395261325,4.972704932957971,250.52780931177847,5558.883995349484,8479.944459753953,1453.8584969410244,1993.953360577057,5032.132602235872,1877.2776197467665,6602.666840007186,22.143991527943015,2,1,0,0,1,55.932965387039424,55.932965387039424,55.932965387039424,1.0,0.0,0.0,0.035567820432019226,1,0,0.0,0.035567820432019226,0.035567820432019226,0.9644321795679808,0.0,0.0,1.0,0.0,0.035567820432019226,0.0,6,1,2022,11,24,0,0,1,1,1,0,1,GRAVE_MORTALIDAD,2
3,1,5,1,4,1,-7.28372741235945,-78.25968523828521,0,1,5,0,2,0,1,2,9936.932,2.0,2,0,1.0,9,32,3830.0,0.3084640731418676,79.07791168541748,41.90754192026152,3.842243754241589,387.25062116475453,13957.514152280768,15935.565011852366,1733.9250000199986,935.692,13265.948011832368,2000.1670000199988,13935.398011832369,12.551591352627522,2,1,0,0,1,37.89657638607122,31.435741161103856,44.35741161103857,1.0,0.7178705805519285,0.0,0.7178705805519285,1,0,0.0,0.7178705805519285,0.0,1.0,1.0,0.0,0.7178705805519285,0.28212941944807146,0.28212941944807146,0.0,12,2,2022,6,3,5,0,0,2,1,0,1,GRAVE_MORTALIDAD,2
3,1,7,1,4,1,-13.57151109507447,-71.83476832711094,6,3,6,0,2,1,1,2,7579.208880727206,2.0,2,0,1.0,9,5,1198.0,0.5184940580879038,77.84867017654555,69.32911004461347,8.346330814495039,725.408671737745,6462.676138858799,17779.13499998999,2097.3709999899997,2863.123,12818.640999999989,2878.713,14900.421999989989,16.19152450331032,2,1,0,0,1,28.05162116082991,25.073744515471297,31.02949780618852,1.0,1.0,0.0,0.0,1,0,0.0,0.0,0.0,1.0,0.0,1.0,0.0,0.0,0.9926255484528702,0.0,16,3,2021,5,16,5,0,1,2,1,0,1,GRAVE_MORTALIDAD,2
6,1,8,0,4,1,-13.536426407982452,-75.18344091641109,0,4,1,0,2,1,0,0,1679.5849999999998,2.0,2,3,1.0,9,24,315.0,0.45766426314798425,73.52245778412235,50.95557807547654,7.7247270667833465,710.7098431820623,2443.89572083526,8511.426,1445.3929999999996,2008.516,5057.516999999999,1879.579,6631.846999999998,22.08300935706896,16,1,0,0,15,45.36343536814686,45.36343536814686,45.36343536814686,1.0,0.0,0.0,0.30166202872059733,1,0,0.0,0.0,0.30166202872059733,0.6983379712794027,0.0,0.0,1.0,0.0,0.0,0.0,11,2,2023,9,6,0,0,0,2,1,0,1,GRAVE_MORTALIDAD,2
3,1,3,0,4,0,-16.585171055943917,-71.81266418636054,0,4,7,0,2,0,1,0,6611.6473371395105,2.0,2,1,1.0,10,31,1493.193911266491,0.6105481451420971,78.10653088113892,68.35418098658066,8.411557426919764,1158.5430895193692,35025.678800856535,10322.272,1495.236,1749.739,7077.2970000000005,2886.595,7435.677000000001,27.964725207783708,3,1,0,0,1,36.99450600112357,34.875889413086554,39.11312258916058,1.0,0.2937944706543275,0.0,0.0,1,0,0.0,0.7062055293456725,0.0,1.0,0.0,1.0,0.7062055293456725,0.0,0.0,0.0,7,0,2023,1,17,5,1,0,0,1,0,1,GRAVE_MORTALIDAD,2
7,1,8,0,4,0,-13.420587003526826,-75.45246445665023,0,4,5,0,4,2,2,1,6543.555,2.0,4,4,1.0,14,33,1198.0,0.4564326795379505,68.76479292781346,49.928898928205435,7.685982489089403,789.6284510563904,1057.4871237502266,8511.426,1445.3929999999996,2008.516,5057.516999999999,1879.579,6631.846999999998,22.08300935706896,3,1,0,0,2,38.96768475696783,38.96768475696783,38.96768475696783,1.0,0.0,0.0,0.0,1,0,0.0,0.0,0.0,1.0,0.0,0.6720525405053619,0.3279474594946381,0.0,0.0,0.0,12,1,2021,3,21,2,0,1,2,1,0,1,GRAVE_MORTALIDAD,2
6,1,2,0,4,1,-13.660465681477115,-73.16456061126604,3,4,4,0,1,1,1,2,7586.903,2.0,2,0,1.0,9,5,1198.0,0.3059530706433664,75.75891739378247,61.12054352167949,4.2285327801498065,305.5409306869351,7166.877839919548,8358.971,1282.451,1298.0969999999998,5778.423,1432.683,6926.288,17.139466089785454,2,1,0,0,1,33.87196205244025,33.87196205244025,33.87196205244025,1.0,0.7021567651969038,0.0,0.0,1,0,0.0,0.0,0.0,1.0,0.0,1.0,0.0,0.7021567651969038,1.0,0.7021567651969038,7,0,2023,12,19,4,0,0,2,1,0,1,GRAVE_MORTALIDAD,2
3,2,18,0,4,1,-10.560269304711406,-76.17852062911163,0,2,4,0,2,1,1,2,9936.932,2.0,2,0,1.0,9,32,3830.0,0.5797831534614366,76.77921155268989,73.3371263951606,9.598639604382209,930.6571771274538,29397.93560622628,3677.119863,564.5869999999999,910.845,2201.687863000001,590.8779999999998,3086.2418630000006,16.06904376290656,9,2,0,0,7,28.845542861548147,23.858634923082302,33.83245080001399,1.0,0.0,0.0,0.3717269846164606,2,0,0.0,1.0,0.6282730153835394,0.0,0.0,0.3717269846164606,1.0,0.0,0.0,0.0,10,1,2023,6,15,1,0,0,2,1,0,1,GRAVE_MORTALIDAD,2
3,2,20,0,4,1,-15.442199699224323,-70.1406722924417,0,4,7,1,2,1,1,2,7586.903,2.0,2,0,1.0,9,5,1198.0,0.5225679967471315,73.87568641139362,79.22999870887685,8.745562804731529,728.6643223924281,65445.28409703769,13642.312999999998,2020.7790000000005,2354.117,9267.416999999998,3314.0520000000006,10328.260999999997,24.29244952817019,7,2,0,0,4,34.02657077591408,19.283421609750224,42.87600304573428,1.0,1.0,0.0,0.017713850609389015,2,0,0.0,0.0,1.0,1.0,0.0,0.982286149390611,1.0,1.0,1.0,0.982286149390611,16,3,2021,9,30,5,0,1,2,1,0,1,GRAVE_MORTALIDAD,2
3,2,6,0,4,1,-9.51328708992389,-75.92098904944736,0,4,7,1,2,2,2,0,7426.404808157985,2.0,2,0,1.0,9,23,1979.5542887289266,0.4514015702252463,72.2937016469804,56.14261447213039,5.50325967579584,796.9456186150483,6703.115783718249,3531.7938422892494,999.4647207259345,556.0333813818198,1976.2957401814951,980.723971726954,2551.0698705622954,28.964289194698384,3,2,0,0,1,55.339464012231005,39.51599892387743,70.1735950498362,1.0,1.0,0.0,0.0,2,0,0.0,1.0,0.0,0.703199784775487,0.703199784775487,0.29680021522451305,1.0,0.0,0.703199784775487,0.0,17,2,2021,8,3,4,0,0,0,1,0,1,GRAVE_MORTALIDAD,2
0,1,7,0,4,1,-14.35020645625873,-71.16836877814242,0,4,7,1,2,1,1,2,7586.903,2.0,2,0,1.0,9,5,1198.0,0.36658167669633207,76.31451720494485,62.0616109726453,5.928309631489823,369.51227138518703,9971.924732029185,17779.13499998999,2097.3709999899997,2863.123,12818.640999999989,2878.713,14900.421999989989,16.19152450331032,3,1,0,1,0,21.151900666928793,21.151900666928793,21.151900666928793,1.0,0.0,0.0,1.0,1,0,0.0,0.0,0.02170009527554162,0.9782999047244584,0.0,0.9782999047244584,0.02170009527554162,0.0,0.9782999047244584,0.0,8,1,2021,11,5,3,0,0,2,1,0,1,GRAVE_MORTALIDAD,2
6,1,1,0,3,3,-8.981636927351023,-77.67787707753791,3,4,3,1,4,2,2,0,6543.555,2.0,4,4,1.0,14,33,1198.0,0.2420325225466033,80.36616882492795,34.958367081321704,3.1989169307257086,297.2669890496268,6371.548320033616,10767.648,1885.0630000000003,1222.721,7659.864000000001,2100.343,8667.305000000002,19.506051832303577,7,1,0,0,6,48.31930729745936,48.31930729745936,48.31930729745936,1.0,0.0,0.0,0.0,1,0,0.0,0.0,1.0,0.0,0.0,0.0,1.0,0.6311880780600712,0.0,0.0,8,1,2023,3,21,3,0,1,0,1,0,1,GRAVE_MORTALIDAD,2
5,1,7,0,4,1,-13.329910610802827,-71.99224645311807,2,4,6,0,3,0,1,2,3447.8009999999995,1.0,2,3,0.0,9,12,1109.0,0.35914593575700204,76.049730333882,58.48894070526843,5.446065904048965,389.9703767379302,5135.1842985922185,17779.13499998999,2097.3709999899997,2863.123,12818.640999999989,2878.713,14900.421999989989,16.19152450331032,3,1,0,0,1,34.2723297748511,34.2723297748511,34.2723297748511,1.0,0.0,0.0,0.0,1,0,0.8363835112574449,0.0,0.0,0.8363835112574449,0.8363835112574449,0.16361648874255508,0.0,0.8363835112574449,0.0,0.8363835112574449,16,1,2023,10,2,3,0,0,2,1,0,1,GRAVE_MORTALIDAD,2
4,1,12,0,4,1,-7.876701150713236,-78.11557518773462,0,4,7,1,1,2,2,2,9936.932,2.0,2,0,1.0,9,32,3830.0,0.3986882084754764,72.97869269132666,58.65435142755623,5.605762371496486,527.7120199980477,69564.29978586723,8931.828000000005,1335.5899999999997,1935.9830000000004,5660.255000000005,1219.309,7712.519000000005,13.651281686122925,3,1,0,0,1,44.699435959715984,40.45740950160566,48.94146241782631,1.0,0.5656035277480433,0.0,0.0,1,0,0.0,0.0,0.5656035277480433,1.0,0.5656035277480433,0.43439647225195666,0.5656035277480433,0.0,0.43439647225195666,0.5656035277480433,11,1,2021,9,20,4,0,1,0,1,0,1,GRAVE_MORTALIDAD,2
6,1,7,0,4,1,-13.87530455078844,-71.83601795152748,0,4,0,1,1,2,2,2,6543.555,2.0,4,4,1.0,14,33,1198.0,0.3065963881935243,70.46690534360948,61.013710938547234,4.153713876353185,354.27784136235226,7302.037432823442,17779.13499998999,2097.3709999899997,2863.123,12818.640999999989,2878.713,14900.421999989989,16.19152450331032,2,1,0,0,1,29.0,29.0,29.0,1.0,0.0,0.0,0.4960869746194,1,0,0.0,0.0,0.0,1.0,0.0,1.0,0.0,0.0,0.4960869746194,0.0,12,1,2022,8,10,2,0,0,2,1,0,1,GRAVE_MORTALIDAD,2
5,1,2,0,4,0,-13.574551211271865,-73.47046727481897,3,4,6,0,2,2,2,5,6543.555,2.0,4,4,1.0,14,33,1198.0,0.241310185459975,70.83483413046108,58.5191389199668,4.887115219495449,162.12128067173168,8997.351177730192,8358.971,1282.451,1298.0969999999998,5778.423,1432.683,6926.288,17.139466089785454,3,1,0,0,2,42.040540926918545,41.90540450385672,42.175677349980376,1.0,0.0,0.0,0.0,1,0,0.0,0.0,0.013513642306182572,1.0,0.0,0.9864863576938174,0.013513642306182572,0.0,0.0,0.0,6,1,2021,2,6,4,0,0,2,1,0,1,GRAVE_MORTALIDAD,2
4,1,20,0,4,1,-14.843156536755934,-70.34449837733514,0,4,7,0,2,2,2,2,1597.8194039782,2.0,2,0,1.0,6,23,302.3243230721725,0.4466770039839725,70.6812182156065,73.51066628882187,7.453817911631907,578.54480917019,5056.802457742723,13642.312999999998,2020.7790000000005,2354.117,9267.416999999998,3314.0520000000006,10328.260999999997,24.29244952817019,4,1,0,0,3,36.78698238559058,33.28274437906366,40.291220392117516,1.0,0.0,0.0,0.0,1,0,0.0,0.36286581699510345,0.0,0.6371341830048965,0.0,0.6371341830048965,1.0,0.6371341830048965,0.0,0.6371341830048965,11,1,2022,2,8,3,0,0,2,1,0,1,GRAVE_MORTALIDAD,2
7,1,7,0,4,2,-13.847173533569713,-71.59750427263664,0,4,4,0,4,2,2,2,6543.555,2.0,4,4,1.0,14,33,1198.0,0.2798722669473942,64.50430716693346,48.269296343430206,4.19209743485674,322.90024583576877,12623.375246923777,17779.13499998999,2097.3709999899997,2863.123,12818.640999999989,2878.713,14900.421999989989,16.19152450331032,21,1,0,0,19,37.008183755472274,36.80872933917042,37.20763817177412,1.0,0.39890883260369725,0.6010911673963028,1.0,1,0,0.0,0.0,0.6010911673963028,0.39890883260369725,0.39890883260369725,0.0,1.0,0.39890883260369725,0.39890883260369725,0.39890883260369725,6,0,2021,11,18,1,0,1,2,1,0,1,GRAVE_MORTALIDAD,2
3,1,14,2,4,1,-12.299576311053464,-76.85009872335087,0,0,7,1,2,2,2,0,6639.975,2.0,2,0,1.0,9,31,1616.0,0.6909236767275176,78.41626133969348,70.97436336767564,9.826485374940413,1476.8351947609171,95908.53319057816,7626.313,1683.4029999999998,1599.0829999999996,4343.827000000001,1814.875,5811.438000000001,23.797541485643197,5,1,0,0,3,37.45418034430366,35.7569672405061,39.15139344810122,1.0,0.0,0.0,0.0,1,0,0.0,0.8486065518987798,0.0,0.8486065518987798,0.8486065518987798,0.0,1.0,0.0,0.15139344810122024,0.0,15,2,2023,10,17,0,0,0,0,1,0,1,GRAVE_MORTALIDAD,2
3,1,12,0,4,1,-11.807758222271275,-74.03188304863457,0,4,7,0,2,2,2,0,5971.08948762163,2.0,2,0,0.11135788616348274,9,28,457.7611191741811,0.39348355167926535,73.61384082017513,60.077786971154524,6.957907505275297,432.58682654723907,27553.417081502772,12417.970332103689,1848.1025076498568,1244.5780067902288,9325.289817663603,1780.6858143012678,10637.284517802422,14.215081300908853,3,1,0,0,1,38.33185268301911,26.779505203144378,49.884200162893826,0.8886421138365173,0.8886421138365173,0.0,0.8886421138365173,1,0,0.0,0.0,0.0,1.0,0.8886421138365173,1.0,0.0,0.0,0.8886421138365173,0.0,20,1,2021,5,25,4,0,0,2,1,0,1,GRAVE_MORTALIDAD,2
3,2,10,0,4,1,-14.602693771887116,-75.35707890020232,3,4,7,1,2,2,2,1,6639.975,2.0,2,0,1.0,9,31,1616.0,0.5800566059806964,77.9185881529447,68.39463110977928,8.794543145892986,987.4896295918454,27932.19700214133,3721.461,698.1859999999996,744.866,2278.409,1102.9029999999996,2618.558,29.636290693359403,3,2,0,0,1,35.483849970033226,31.54845008990033,39.41924985016612,1.0,0.0,0.0,0.5161500299667767,2,0,0.0,0.5161500299667767,0.4838499700332233,1.0,0.4838499700332233,0.5161500299667767,1.0,0.0,0.0,0.0,6,0,2022,6,19,3,0,1,0,1,0,1,GRAVE_MORTALIDAD,2
6,1,1,0,4,2,-8.6758610665342,-77.73527482002437,6,4,5,1,4,2,2,0,6543.555,2.0,4,4,1.0,14,33,1198.0,0.3323506382915282,73.334659621111,24.47768048983494,5.835491486975626,496.38001779498836,1753.9194307602024,10767.648,1885.0630000000003,1222.721,7659.864000000001,2100.343,8667.305000000002,19.506051832303577,5,1,0,0,4,50.827379898395506,50.827379898395506,50.827379898395506,1.0,0.0,0.0,0.27157751270056185,1,0,0.0,0.0,0.0,1.0,0.0,1.0,0.0,0.7284224872994381,0.7284224872994381,0.7284224872994381,15,1,2022,2,8,4,0,0,0,1,0,1,GRAVE_MORTALIDAD,2
6,1,9,0,4,1,-14.260880406730676,-72.58978596344316,0,4,5,1,2,1,0,4,6873.72724951703,2.0,3,2,1.0,12,24,1198.0,0.49684261130040586,73.93153663964054,70.72767632045598,8.665766858227725,687.8780372998041,27760.9000288513,12983.662300856111,1873.3348344311503,1957.6039201192575,9152.723546305704,2747.613629118017,10236.048671738094,21.086798125734994,3,1,0,0,2,50.7721810101301,50.7721810101301,50.7721810101301,0.6835454234665423,0.0,0.0,0.6835454234665423,1,0,0.0,0.0,0.0,0.31645457653345765,0.0,0.31645457653345765,0.6835454234665423,0.0,0.6835454234665423,0.0,12,2,2023,7,9,4,0,0,2,1,0,1,GRAVE_MORTALIDAD,2
4,1,6,0,4,1,-12.522462214421779,-74.37394308606905,0,4,5,0,2,1,0,3,6278.378671416546,2.0,3,2,0.6578135942413426,12,32,912.9587240030384,0.4823092943554662,73.68559415936663,64.92240139853817,8.214969364303368,678.777342501744,27564.671227193467,12537.003496971636,1812.3933672191781,1545.2840986823658,9179.326031070092,2178.488886045812,10358.514610925824,17.32701574038919,3,1,0,0,2,52.15627188482685,47.7078486099643,56.6046951596894,1.0,0.34218640575865744,0.0,1.0,1,0,0.0,0.0,0.0,0.34218640575865744,0.34218640575865744,0.34218640575865744,0.6578135942413426,0.0,1.0,0.0,17,2,2022,5,15,4,0,0,2,1,0,1,GRAVE_MORTALIDAD,2
5,1,7,0,4,0,-13.548370194064201,-71.64414376812171,0,4,1,1,1,1,1,2,6746.448123811829,2.0,3,3,1.0,13,27,1198.0,0.2947657968606774,66.85111760714129,71.7540207143576,4.578422805584426,309.61563640271953,7510.112623094917,17779.13499998999,2097.3709999899997,2863.123,12818.640999999989,2878.713,14900.421999989989,16.19152450331032,2,1,0,0,1,29.97231759591157,28.222145923270745,31.333562230187766,1.0,0.19446351918231375,0.0,0.8055364808176863,1,0,0.0,0.19446351918231375,0.19446351918231375,1.0,0.19446351918231375,0.8055364808176863,0.19446351918231375,0.19446351918231375,0.8055364808176863,0.19446351918231375,15,3,2021,9,11,0,0,0,2,1,0,1,GRAVE_MORTALIDAD,2
1,2,10,0,4,1,-14.26281029652322,-75.69104862359437,3,4,7,1,2,0,0,0,6639.975,2.0,2,0,1.0,9,31,1616.0,0.6261042306271147,80.48505954362174,76.55712631348362,9.341715591523595,1061.002261282891,31419.372591006424,3721.461,698.1859999999996,744.866,2278.409,1102.9029999999996,2618.558,29.636290693359403,4,2,0,0,1,39.29421941515888,34.703504810196065,43.88493402012169,1.0,0.5619481099932393,0.5619481099932393,1.0,2,0,0.0,0.4380518900067607,0.0,0.5619481099932393,0.5619481099932393,0.5619481099932393,0.4380518900067607,0.5619481099932393,0.5619481099932393,0.0,8,1,2022,4,4,4,0,0,0,0,0,1,GRAVE_MORTALIDAD,2
5,2,3,0,4,1,-16.01882877948955,-71.29068220889846,0,4,0,0,2,0,1,0,1504.4250000000002,2.0,2,0,1.0,7,25,241.0,0.4685280505645348,81.83746865987648,70.74305753660312,6.037751599761188,617.4715908037651,1751.8736616702354,10322.272,1495.236,1749.739,7077.2970000000005,2886.595,7435.677000000001,27.964725207783708,7,2,0,0,4,36.70032484274859,35.31456415092737,38.31456415092737,1.0,0.0,0.0,0.0,2,0,0.0,0.3145641509273652,0.6854358490726348,0.6854358490726348,0.0,0.6854358490726348,1.0,0.0,0.0,0.0,18,1,2023,2,22,1,0,1,0,1,0,1,GRAVE_MORTALIDAD,2
6,1,13,1,4,1,-11.584192753295671,-77.0047174659623,0,2,7,1,1,2,2,2,876.649546107651,2.0,2,0,1.0,3,14,155.91562910356149,0.7281885926293978,80.56723036038058,77.3068884370517,11.000214753629127,1492.2116578400678,44149.74094006746,7736.460470863915,1654.057705397034,1627.5075550101321,4454.89521045675,1764.6265626917052,5971.833908172211,22.941492450859705,4,1,0,0,2,53.92807986082356,53.92807986082356,53.92807986082356,1.0,1.0,0.0,0.0,1,0,0.0,0.0,0.0,1.0,0.0,1.0,0.915629103561495,0.0,0.0,0.0,22,2,2021,4,23,0,0,0,0,1,0,1,GRAVE_MORTALIDAD,2
3,1,7,0,4,2,-13.341344809098668,-71.59643733558211,0,4,2,0,1,2,2,2,6543.555,2.0,4,4,1.0,14,33,1198.0,0.2466226927938573,59.50771953912937,42.678907967899015,3.991373779253808,285.51302601039464,12676.173447537472,17779.13499998999,2097.3709999899997,2863.123,12818.640999999989,2878.713,14900.421999989989,16.19152450331032,4,1,0,0,2,36.75241783004709,36.4099147867155,37.094920873378676,1.0,1.0,0.0,0.6850060866631787,1,0,0.0,0.0,0.0,1.0,0.6850060866631787,0.31499391333682125,0.6850060866631787,0.6850060866631787,0.6850060866631787,0.6850060866631787,7,0,2021,11,12,3,0,0,2,1,0,1,GRAVE_MORTALIDAD,2
6,1,5,0,4,2,-6.7564420911394265,-78.77336663830714,0,4,4,0,1,2,2,2,6543.555,2.0,4,4,1.0,14,33,1198.0,0.31686826978318133,75.15509055719535,56.0735515042742,4.349153661529774,335.8565430755593,3797.902677931211,15935.565011852366,1733.9250000199986,935.692,13265.948011832368,2000.1670000199988,13935.398011832369,12.551591352627522,2,1,0,0,1,31.141141134637518,31.141141134637518,31.141141134637518,1.0,0.0,0.0,1.0,1,0,0.0,0.0,0.0,1.0,0.0,0.7077532076053982,0.29224679239460183,0.0,0.7077532076053982,0.0,8,1,2024,8,27,2,0,1,2,1,0,1,GRAVE_MORTALIDAD,2
4,1,13,0,4,1,-9.62878660800029,-77.62896946793911,0,4,7,1,1,2,2,0,929.4788215963604,0.07997725633717367,1,0,0.0,9,32,336.60144043197903,0.6110730125231989,78.9661745281917,59.42713036119342,9.725642929755741,1129.3508089845106,14785.140335257856,8096.288502602343,1558.1929568471994,1720.3644458866645,4817.73109986848,1600.4757551174316,6495.8127474849125,20.144964878853177,20,1,0,0,19,46.38003411549424,44.40007581220942,48.35999241877906,1.0,0.0,0.0,0.0,1,0,0.0,0.0,0.35999241877905785,0.6400075812209421,0.0,0.0,1.0,0.0,0.35999241877905785,0.0,7,0,2024,7,25,1,0,1,0,1,0,1,GRAVE_MORTALIDAD,2
3,1,7,0,4,1,-13.834255230369852,-71.53842363446678,0,4,0,1,2,1,0,2,7586.903,2.0,2,0,1.0,9,5,1198.0,0.2662629803896222,69.177138363648,53.22953524136351,4.064477176468824,251.91361966271845,10643.807280513918,17779.13499998999,2097.3709999899997,2863.123,12818.640999999989,2878.713,14900.421999989989,16.19152450331032,5,1,0,0,3,40.46423410734369,34.46293620380784,46.46553201087954,1.0,0.9232766005439772,0.0,1.0,1,0,0.0,0.0,1.0,0.9232766005439772,0.0,0.0,1.0,0.0,0.0,0.0,14,3,2022,8,9,0,0,0,2,1,0,1,GRAVE_MORTALIDAD,2
6,1,7,0,4,2,-13.78004164668466,-72.02904023206817,0,4,0,0,1,2,2,4,6543.555,2.0,4,4,1.0,14,33,1198.0,0.31805401271681494,66.84497338136839,54.800499958129265,5.518275645509717,342.0132980013186,8743.377764069714,17779.13499998999,2097.3709999899997,2863.123,12818.640999999989,2878.713,14900.421999989989,16.19152450331032,9,1,0,0,8,45.24706119585824,45.24706119585824,45.24706119585824,1.0,0.4262977174034259,0.5737022825965741,0.5737022825965741,1,0,0.0,0.4262977174034259,0.0,0.5737022825965741,0.0,0.5737022825965741,0.4262977174034259,0.0,0.5737022825965741,0.0,14,1,2023,8,18,4,0,0,2,1,0,1,GRAVE_MORTALIDAD,2
6,1,12,0,4,0,-7.7278472762919,-77.6606762117184,0,4,7,1,7,2,2,3,6543.555,2.0,4,4,1.0,14,33,1198.0,0.4686292122960986,72.39347765706144,42.14285241633188,6.687776775372348,878.2652317159998,9440.374732334049,8931.828000000005,1335.5899999999997,1935.9830000000004,5660.255000000005,1219.309,7712.519000000005,13.651281686122925,3,1,0,0,2,40.65401274830129,40.65401274830129,40.65401274830129,1.0,0.0,0.0,0.0,1,0,0.0,0.44233545805021546,0.0,0.5576645419497845,0.0,0.0,1.0,0.0,0.5576645419497845,0.0,7,1,2023,5,17,3,0,0,0,1,0,1,GRAVE_MORTALIDAD,2
6,1,12,0,4,0,-7.958087759047439,-77.9952655701448,0,4,7,1,1,2,2,1,6543.555,2.0,4,4,1.0,14,33,1198.0,0.22044576323966064,78.68778536602858,35.55212460985878,4.033514777846756,160.5191454213795,2619.6069173432816,8931.828000000005,1335.5899999999997,1935.9830000000004,5660.255000000005,1219.309,7712.519000000005,13.651281686122925,2,1,0,0,1,45.91582283428849,45.91582283428849,45.91582283428849,1.0,0.33132911510210705,0.0,0.0,1,0,0.0,0.668670884897893,0.0,0.33132911510210705,0.0,0.0,1.0,0.0,1.0,0.0,4,0,2021,3,23,4,0,0,0,1,0,1,GRAVE_MORTALIDAD,2
6,1,14,0,4,1,-11.009229659780765,-76.84605175388819,0,4,2,0,1,1,0,1,860.7983081253311,-1.0,0,0,0.6845836087413165,9,20,237.9615994671188,0.5200887616722393,74.9594223341129,65.0178505132394,7.323659722776625,864.7831776252327,722.4968924683633,7626.313,1683.4029999999998,1599.0829999999996,4343.827000000001,1814.875,5811.438000000001,23.797541485643197,3,1,0,0,2,42.79917382727423,42.79917382727423,42.79917382727423,1.0,0.3154163912586835,0.0,0.0,1,0,0.0,0.0,0.6845836087413165,0.3154163912586835,0.0,0.3154163912586835,0.6845836087413165,0.0,0.0,0.0,12,2,2022,3,15,1,0,0,0,1,0,1,GRAVE_MORTALIDAD,2
3,3,18,2,3,1,-14.403326910694396,-72.36440476568717,0,3,7,1,2,2,2,1,3103.8484912756307,2.0,2,1,1.0,9,27,544.7524892492908,0.6106856701707706,75.61737621398976,78.07773180393272,9.744039412685924,1064.3787441309835,227864.67356083464,11732.830267164332,1913.695614615498,2114.4686646103983,7704.665987938436,2838.2121404646987,8894.618126699634,24.1353653590301,8,3,0,0,5,30.921588476500887,21.36519855956261,44.573574072126995,1.0,0.0,0.0,0.6825992797813054,3,0,0.0,0.6825992797813054,0.0,1.0,0.0,1.0,0.6825992797813054,0.6825992797813054,0.6825992797813054,0.6825992797813054,7,0,2022,9,18,0,0,1,1,1,0,1,GRAVE_MORTALIDAD,2