CLASE SINIESTRO,CANTIDAD DE VEHICULOS DAÑADOS,DEPARTAMENTO,ZONA,TIPO DE VÍA,RED VIAL,COORDENADAS LATITUD,COORDENADAS  LONGITUD,CONDICIÓN CLIMÁTICA,ZONIFICACIÓN,CARACTERÍSTICAS DE VÍA,PERFIL LONGITUDINAL VÍA,SUPERFICIE DE CALZADA,¿EXISTE SEÑAL VERTICAL?,¿EXISTE SEÑAL HORIZONTAL?,CAUSA FACTOR PRINCIPAL,MTC_RVN_LONGITUD_KM,MTC_RVN_N_CARRILES_MEDIANA,MTC_RVN_SUPERFICIE_DOMINANTE,MTC_RVN_ESTADO_DOMINANTE,MTC_RVN_ES_CONCESIONADA,MTC_RVN_CONCESION_PRINCIPAL,MTC_RVN_CORREDOR_LOGISTICO,MTC_RVN_N_TRAMOS,IDH_2019,IDH_ESP_VIDA_2019,IDH_EDUC_SECUND_PCT_2019,IDH_ANIOS_EDUC_2019,IDH_INGRESO_PERCAP_2019,IDH_POBLACION_2019,MTC_DEP_RED_TOTAL_KM,MTC_DEP_NACIONAL_TOTAL_KM,MTC_DEP_DEPARTAMENTAL_TOTAL_KM,MTC_DEP_VECINAL_TOTAL_KM,MTC_DEP_PAV_TOTAL_KM,MTC_DEP_NO_PAV_TOTAL_KM,MTC_DEP_PCT_PAVIMENTADA,PER_TOTAL_PERSONAS,PER_N_CONDUCTORES,PER_N_CONDUCTORES_FUGADOS,PER_N_PEATONES,PER_N_PASAJEROS_OCUPANTES,PER_EDAD_COND_PROM,PER_EDAD_COND_MIN,PER_EDAD_COND_MAX,PER_ANY_COND_MASCULINO,PER_ANY_LIC_PROBLEMA,PER_ANY_DOSAJE_POS,PER_ANY_DOSAJE_EVALUADO,VEH_TOTAL,VEH_N_FUGADOS,VEH_ANY_FUGADO,VEH_ANY_CARGA,VEH_ANY_PUBLICO,VEH_ANY_PARTICULAR,VEH_ANY_MOTO,VEH_ANY_AUTO,VEH_ANY_CAMION_BUS,VEH_ANY_SOAT_PROBLEMA,VEH_ANY_CITV_PROBLEMA,VEH_ANY_SEGURO_PROBLEMA,HORA_NUM,FRANJA_HORARIA,ANIO,MES,DIA_MES,DIA_SEMANA,ES_FIN_SEMANA,ES_QUINCENA,REGION_NATURAL,TIENE_SEÑALIZACION,ES_VIA_MULTICARRIL,ES_DEPTO_BAJO_PAVIMENTO,CATEGORIA_SEVERIDAD,CATEGORIA_SEVERIDAD_ENC
5,1,1,0,4,1,-8.757007031099873,-77.58689828218156,0,4,0,0,2,1,1,0,1563.6049228339762,1.1285114582426117,0,3,0.0,9,25,233.8918312592536,0.5204137438681593,74.79611542157463,56.04366944182571,8.939625820438808,829.5681936534177,5187.317092615368,10767.648,1885.0630000000003,1222.721,7659.864000000001,2100.343,8667.305000000002,19.506051832303577,9,1,0,0,8,38.44979010384914,37.87148854175739,39.02809166594089,1.0,0.0,0.0,0.12851145824261168,1,0,0.0,0.12851145824261168,0.0,0.12851145824261168,0.0,0.12851145824261168,1.0,0.0,0.0,0.0,13,3,2022,1,6,5,1,0,0,1,0,1,GRAVE_MORTALIDAD,2
5,1,8,0,4,2,-11.573723797646263,-75.85467718301291,0,4,7,1,5,2,2,0,6543.555,2.2374860423621996,3,3,1.0,10,32,1263.7836337343294,0.3996919980196962,74.03692733713278,52.798995629917414,5.824642887421506,543.8561393874827,24725.510910799112,8611.265607181154,1419.316320090503,1991.2904248893426,5200.658862201308,1722.7740908095102,6888.491516371643,20.080591722220138,3,1,0,0,2,45.3562290635433,42.8626256187402,47.849832508346395,1.0,0.23748604236219983,0.0,0.0,1,0,0.0,0.0,0.23748604236219983,0.7625139576378002,0.23748604236219983,0.7625139576378002,0.23748604236219983,0.0,0.7625139576378002,0.23748604236219983,15,1,2024,5,2,1,0,0,1,1,0,1,GRAVE_MORTALIDAD,2
6,1,8,0,4,1,-12.501287228271991,-74.88356145403945,0,3,0,1,2,1,0,1,7566.941337437504,2.0,2,0,1.0,9,5,1206.8116255418818,0.5025772611075785,76.26176214672968,75.18414086383581,8.270645001736415,665.0240918522494,10052.572748419798,8492.767425075952,1450.4103564479024,1999.8849706208389,5042.472098007211,1878.2150109591819,6614.552414116769,22.119152455385997,8,1,0,0,7,42.4848502092423,42.4848502092423,42.4848502092423,1.0,0.0,0.0,0.9789195561198998,1,0,0.0,0.0,0.0,1.0,0.0,1.0,0.0,0.0,0.0,0.0,9,1,2024,9,10,5,1,0,1,1,0,1,GRAVE_MORTALIDAD,2
4,1,4,0,4,1,-10.583350473872963,-76.67537618870045,0,4,0,0,2,2,2,0,9936.932,2.0,2,0,1.0,9,32,3830.0,0.4634265880507782,74.27573010424294,58.1368818537789,7.768068550572554,671.3637333336429,3795.168352843413,11346.001305375674,1862.4222135319203,1177.4456089540347,8306.13348288972,1902.597082836422,9443.404222539253,16.97387625885998,9,1,0,0,8,31.045571565556983,30.272835291283368,31.818307839830595,1.0,1.0,0.0,0.613631862863193,1,0,0.0,1.0,0.38636813713680696,0.0,0.0,0.0,1.0,0.0,0.0,0.0,19,2,2022,6,4,1,0,0,0,1,0,1,GRAVE_MORTALIDAD,2
5,1,17,0,4,1,-15.120778892614418,-70.55020227273705,0,4,7,0,2,2,2,1,7100.947869090523,2.0,2,0,0.7327413148529383,9,12,975.3735152724976,0.4149033382083833,74.08477443489645,70.95506097177116,7.735821245284363,431.56105458631237,27932.643263216898,13274.092535882302,1968.8466285956488,2020.423685416452,9284.822221870201,2852.892862639783,10421.199673242518,21.26168591678443,3,1,0,0,1,34.60355211088237,31.12918920397057,38.077915017794176,0.26725868514706175,0.26725868514706175,0.0,0.26725868514706175,1,0,0.0,0.0,0.0,1.0,0.26725868514706175,1.0,0.0,0.0,0.26725868514706175,0.0,10,1,2022,9,14,4,0,0,2,1,0,1,GRAVE_MORTALIDAD,2
3,2,20,0,4,0,-16.487492716046635,-69.2856435854076,0,4,4,1,2,2,2,2,6983.337849249747,2.0,3,2,1.0,11,21,1198.0,0.370865876604188,74.28029953787193,77.47571696004498,7.762024464028858,318.2186933987401,20210.457592901934,13642.312999999998,2020.7790000000005,2354.117,9267.416999999998,3314.0520000000006,10328.260999999997,24.29244952817019,6,2,0,0,4,33.58720128518523,26.107555912551454,41.066846657819006,1.0,0.4215111825102905,0.0,0.0,2,0,0.0,0.4215111825102905,0.0,0.5784888174897095,0.4215111825102905,0.5784888174897095,1.0,0.0,0.5784888174897095,0.4215111825102905,15,1,2023,6,5,2,0,0,2,1,0,1,GRAVE_MORTALIDAD,2
9,1,2,0,4,0,-13.640406924190758,-72.66436783867532,5,4,6,1,5,2,2,0,6543.555,2.0,4,4,1.0,14,33,1198.0,0.3874848655646233,70.75561756585714,60.025621850035655,5.912773375389016,486.83159916902076,16684.365992615854,8358.971,1282.451,1298.0969999999998,5778.423,1432.683,6926.288,17.139466089785454,3,1,0,0,2,24.96162776505755,24.96162776505755,24.96162776505755,1.0,0.09439747590385916,0.0,0.0,1,0,0.0,0.0,0.0,0.09439747590385916,0.0,0.09439747590385916,0.9056025240961408,0.0,0.09439747590385916,0.0,7,1,2023,5,27,0,0,1,2,1,0,1,GRAVE_MORTALIDAD,2
3,1,13,2,2,4,-11.574495191248873,-77.3062063571571,0,0,0,1,2,1,1,0,6543.555,2.0,4,4,1.0,14,33,1198.0,0.8052373107702803,80.1457972119968,78.72243409257962,12.505853396718505,1868.901923794215,75091.1590882485,7790.423946540165,1639.6808515383013,1641.4333199039315,4509.309775097933,1740.0088360822053,6050.4151104579605,22.522096699837064,3,1,0,0,1,53.851705085100185,36.365823215342495,71.33758695485787,1.0,0.0,0.0,0.0,1,0,0.0,0.0,0.8742940934878843,1.0,0.0,1.0,0.8742940934878843,0.0,0.12570590651211566,0.0,14,2,2023,6,9,3,0,0,0,1,0,1,GRAVE_MORTALIDAD,2
3,2,10,0,4,1,-15.036285948414623,-74.97860970328473,4,4,7,1,2,2,2,1,6639.975,2.0,2,0,1.0,9,31,1616.0,0.5563774842369664,77.00938809632027,69.10246351364754,8.476961866273152,914.8835608305218,27932.19700214133,3721.461,698.1859999999996,744.866,2278.409,1102.9029999999996,2618.558,29.636290693359403,3,2,0,0,1,36.243302140904994,33.82886809393666,38.657736187873326,1.0,0.0,0.0,1.0,2,0,0.0,1.0,0.0,1.0,0.0,1.0,1.0,0.0,0.0,0.0,5,0,2022,8,24,5,1,1,0,1,0,1,GRAVE_MORTALIDAD,2
3,3,18,2,4,1,-14.692204831410717,-71.78998997810525,0,3,7,1,2,2,2,2,1355.060805391819,2.0,2,0,1.0,6,22,220.8077843648235,0.6014445636381397,74.758817735094,77.84709378883744,10.13440036305234,1004.069132134244,238134.1005728723,12213.179243985625,1940.6334830337262,2174.7545371777665,8097.791223774132,2957.9142910670944,9255.26495291853,24.17488141153151,11,3,0,0,8,37.54411060739585,23.6628883464263,56.0,1.0,0.0,0.0,0.7624445219391001,3,0,0.0,1.0,0.0,1.0,0.0,0.7624445219391001,1.0,0.7624445219391001,0.7624445219391001,0.7624445219391001,11,1,2022,7,20,0,0,1,1,1,0,1,GRAVE_MORTALIDAD,2
3,1,1,0,10,2,-9.507838981722196,-77.20230597101195,0,4,2,0,6,2,2,0,6543.555,2.099687760425509,3,3,1.0,12,32,1225.613509637866,0.5488160925676671,75.83413807777468,62.50107292280878,8.21206596960063,942.120840356243,16560.537352299696,10767.648,1885.0630000000003,1222.721,7659.864000000001,2100.343,8667.305000000002,19.506051832303577,3,2,0,0,1,41.65733763000054,39.60749374978778,43.70718151021329,1.0,0.09968776042550909,0.0,1.0,2,0,0.0,0.09968776042550909,0.0,0.9003122395744909,0.09968776042550909,0.0,1.0,0.0,1.0,0.9003122395744909,13,2,2024,4,20,1,0,0,0,1,0,1,GRAVE_MORTALIDAD,2
4,1,1,0,4,0,-9.2865995316821,-77.1876386533736,2,4,6,0,1,2,2,0,6543.555,2.0,4,4,1.0,14,33,1198.0,0.33151435149816905,76.6318581750045,55.7862613277592,5.256054467925814,331.5399461474876,2833.7421452240724,10767.648,1885.0630000000003,1222.721,7659.864000000001,2100.343,8667.305000000002,19.506051832303577,3,1,0,0,1,39.68145607426983,37.02218411140475,41.67591004641864,1.0,0.0,0.0,0.3351820092837291,1,0,0.0,0.0,0.0,1.0,0.6648179907162709,0.3351820092837291,0.0,0.0,0.6648179907162709,0.6648179907162709,14,1,2021,7,29,3,0,1,0,1,0,1,GRAVE_MORTALIDAD,2
6,1,18,0,4,1,-5.415640675333802,-80.49332651056851,0,4,7,1,1,2,2,0,397.15327885569513,1.8947804447618304,1,0,0.8947804447618303,1,21,46.304060359067655,0.5159273107553344,80.36286092211283,62.31954805397973,6.643817908251233,833.7445746843458,9425.690369745922,8962.266641223598,1735.3975879430566,773.6748344001643,6453.194218880377,2109.7909195588804,6852.475721664718,23.53687033997765,5,1,0,0,4,36.632145781903795,36.632145781903795,36.632145781903795,1.0,0.0,0.0,0.8947804447618303,1,0,0.0,0.0,0.0,1.0,0.0,1.0,0.0,0.0,0.0,0.0,21,1,2022,11,9,5,0,0,0,1,0,1,GRAVE_MORTALIDAD,2
5,1,14,0,4,0,-7.960968540661458,-78.32881312923016,1,4,6,1,3,2,2,0,6941.97850534433,2.0,3,2,1.0,12,28,1504.6615223611998,0.4864908456591539,71.03178147419241,61.952631455896345,8.189715541459607,739.9629761940629,15372.13286402386,3531.003370195556,531.3052212780088,762.2500062459267,2237.4481426716206,666.4647667907799,2864.538603404776,18.932487057823664,2,1,0,0,1,65.08029643270802,57.53675096286033,69.0160592865416,1.0,0.672019762180535,0.0,0.0,1,0,0.0,1.0,0.32798023781946495,0.32798023781946495,1.0,0.0,0.32798023781946495,1.0,1.0,1.0,9,1,2022,2,22,3,0,1,0,1,0,1,GRAVE_MORTALIDAD,2
4,3,16,0,4,1,-6.5232079514253805,-80.06591084650465,0,4,7,1,1,2,2,0,4481.435062174203,2.635427920702972,2,0,1.0,2,25,993.764855327923,0.523440382939164,74.5848661534694,63.12536729171536,7.965358208385944,852.6716110292717,48593.86528744162,8953.443987044602,1619.5131744224684,1110.5703915698086,6223.360421052326,1851.6843250100399,7101.759662034563,20.671527915258842,4,3,0,0,0,54.595666773596015,44.301734458207875,65.27085584140595,1.0,0.36457207929702806,0.0,0.6354279207029719,3,0,0.0,0.6354279207029719,0.0,1.0,0.0,0.36457207929702806,0.6354279207029719,0.0,0.6354279207029719,0.0,13,3,2022,9,5,1,0,0,0,1,0,1,GRAVE_MORTALIDAD,2
5,1,9,0,4,1,-8.16075061936323,-79.10070255389778,0,3,2,1,1,2,2,1,6543.555,2.1942360817066686,3,3,1.0,11,32,1251.8033946327473,0.6093375613220248,78.76848761513638,69.9897176234333,8.996997733043681,1081.6290116114844,19818.66397012598,9288.41048351874,1442.3174825236083,1797.4417838897384,6048.651217105395,1390.437592010353,7897.972891508388,14.788489298610234,4,1,1,0,3,37.0,33.0,40.0,0.0,0.0,0.0,0.0,1,0,0.19423608170666873,0.0,0.0,0.8057639182933313,0.0,0.8057639182933313,0.0,0.8057639182933313,0.8057639182933313,1.0,17,1,2021,5,25,6,1,0,0,1,0,1,GRAVE_MORTALIDAD,2
0,1,14,2,3,1,-11.918173063873917,-77.04952302533117,0,0,5,1,2,1,0,0,6543.555,2.8252486666521808,2,0,1.0,2,30,1426.593880662654,0.6679023824839034,79.27887962768372,73.31513951836733,9.651615359986634,1310.4910620052724,395750.2652586235,7626.313,1683.4029999999998,1599.0829999999996,4343.827000000001,1814.875,5811.438000000001,23.797541485643197,3,1,0,1,0,28.611629666717366,27.475745999956544,29.74751333347819,1.0,0.0,0.0,0.0,1,0,0.0,0.0,0.17475133334781912,0.8252486666521809,1.0,0.0,0.17475133334781912,0.0,1.0,0.0,2,0,2022,8,28,2,0,1,0,1,0,1,GRAVE_MORTALIDAD,2
3,2,5,0,4,1,-6.127865544140735,-78.86152615223594,0,4,0,0,2,1,1,2,262.4472694080056,2.0,2,0,1.0,1,19,55.15664628541742,0.3956118743787155,74.70604283008622,38.52253916514742,5.148211087694634,650.3406718228327,3091.707488508513,15935.565011852366,1733.9250000199986,935.692,13265.948011832368,2000.1670000199988,13935.398011832369,12.551591352627522,3,2,0,0,1,35.790781545326126,26.18617231798919,45.39539077266306,1.0,0.0,0.0,0.0,2,0,0.0,1.0,0.0,1.0,0.8682030757789789,0.13179692422102107,1.0,0.8682030757789789,1.0,0.0,4,0,2021,5,12,4,0,0,2,1,0,1,GRAVE_MORTALIDAD,2
3,1,14,0,4,1,-12.104983514863981,-77.01463345005683,0,2,1,1,2,2,2,0,6543.555,3.0,2,0,1.0,0,30,1475.0,0.7085087819599563,80.12288238148786,75.86486839727202,10.4049417867742,1443.1957227187343,488497.84690210567,7626.313,1683.4029999999998,1599.0829999999996,4343.827000000001,1814.875,5811.438000000001,23.797541485643197,5,1,0,3,0,45.89941063038832,43.84887093141516,47.94995032936147,1.0,0.0,0.0,0.0,1,0,0.0,0.5858684854209016,0.0,0.41413151457909836,0.0,0.41413151457909836,0.5858684854209016,0.0,0.41413151457909836,0.0,8,1,2021,4,18,2,0,0,0,1,1,1,GRAVE_MORTALIDAD,2
3,2,20,0,4,1,-15.435015677110533,-70.14158967949646,0,4,7,1,2,1,1,4,7586.903,2.0,2,0,1.0,9,5,1198.0,0.5225679967471315,73.87568641139362,79.22999870887685,8.745562804731529,728.6643223924281,65445.28409703769,13642.312999999998,2020.7790000000005,2354.117,9267.416999999998,3314.0520000000006,10328.260999999997,24.29244952817019,5,2,0,0,3,35.04679659302822,30.16583032563431,38.11494923253499,1.0,1.0,0.0,0.6978643953521443,2,0,0.0,0.0,1.0,1.0,0.0,0.3021356046478557,1.0,1.0,1.0,0.3021356046478557,14,3,2021,3,21,1,0,1,2,1,0,1,GRAVE_MORTALIDAD,2
5,1,12,0,4,1,-7.985492004784811,-78.24440084046127,0,4,7,1,1,2,2,1,9026.657401791286,2.2682503589223106,2,0,1.0,6,31,3198.2704047379584,0.42724382168194286,74.0930479187572,56.74074010959221,5.903403966153788,627.8199324416986,69040.70667790557,8931.828000000005,1335.5899999999997,1935.9830000000004,5660.255000000005,1219.309,7712.519000000005,13.651281686122925,4,1,0,0,2,23.195248923233066,23.195248923233066,23.195248923233066,1.0,0.0,0.0,0.7317496410776893,1,0,0.26825035892231075,0.0,0.7317496410776893,0.26825035892231075,0.7317496410776893,0.26825035892231075,0.0,0.7317496410776893,0.26825035892231075,1.0,7,0,2021,10,17,3,0,1,0,1,0,1,GRAVE_MORTALIDAD,2
3,2,1,0,3,3,-9.147072061947778,-77.74164681146937,0,4,6,1,2,1,1,2,6544.247490951771,2.0,3,3,1.0,13,32,1198.0,0.4225118073187571,72.00758994572534,61.39205915681914,6.312352697640015,572.3045702643636,21230.566181917267,10769.555972701219,1885.153077425759,1223.4719301717832,7660.930965103679,2101.148562957501,8668.40740974372,19.509228660261233,5,2,0,0,2,29.676179986903108,15.00929208023094,44.00995580024744,1.0,1.0,0.0,0.0,2,0,0.0,0.000663720016495728,0.0,0.9993362799835043,1.0,0.9993362799835043,0.000663720016495728,0.9993362799835043,0.9993362799835043,1.0,19,1,2022,9,22,5,0,0,0,1,0,1,GRAVE_MORTALIDAD,2
3,1,12,0,4,1,-8.164568521398792,-78.69430425206004,0,4,5,0,2,2,2,0,1150.4560649209045,2.0,2,2,0.17533424137685993,8,10,199.94057313818342,0.5403142763962366,80.42228718962947,67.84983093790602,7.943225597155588,816.8473446280175,24014.90397359332,3505.5882443652204,547.1699076178959,699.3955794010374,2259.022757346287,773.4094454736414,2732.178798891579,21.961707121049923,3,2,0,0,1,36.33135058616034,29.7533424137686,42.90935875855208,1.0,0.0,0.0,1.0,2,0,0.0,0.8246657586231401,0.0,0.0,0.0,0.17533424137685993,1.0,0.8246657586231401,0.8246657586231401,0.8246657586231401,20,2,2022,3,20,2,0,0,0,1,0,1,GRAVE_MORTALIDAD,2
6,1,4,0,4,1,-14.626082809116198,-73.72151386943258,0,4,0,0,1,1,0,2,2282.226313423783,2.0,2,0,1.0,4,27,125.95392948868518,0.4330679744657613,58.936564812983654,71.63641030386843,8.168111700653737,663.2995618859431,14987.170405747274,12678.733000000004,1805.074000000001,1774.0339999999994,9099.625000000004,2485.375000000001,10193.358000000002,19.602707936195205,30,1,0,0,29,35.83816909342663,35.83816909342663,35.83816909342663,1.0,0.01011443166083581,0.01011443166083581,1.0,1,0,0.0,0.0,0.9898855683391642,0.01011443166083581,0.01011443166083581,0.0,0.9898855683391642,0.01011443166083581,0.01011443166083581,0.01011443166083581,5,0,2021,4,7,3,0,0,2,1,0,1,GRAVE_MORTALIDAD,2
6,1,8,0,4,1,-12.29127432794002,-75.06327190189855,4,4,7,1,2,2,2,0,391.1784561516978,1.851191285481824,1,3,0.0,9,29,136.36296817935363,0.2781836563072192,75.23548338899171,56.19061046478762,4.789806673949135,219.86175103832213,5650.108266475472,8511.426,1445.3929999999996,2008.516,5057.516999999999,1879.579,6631.846999999998,22.08300935706896,2,1,0,0,1,54.619060567709184,54.619060567709184,54.619060567709184,1.0,0.0,0.0,0.0,1,0,0.0,0.0,0.0,1.0,0.0,0.148808714518176,0.851191285481824,0.0,0.0,0.0,5,0,2023,10,25,0,0,1,2,1,0,1,GRAVE_MORTALIDAD,2
5,1,11,0,4,1,-11.808875695192498,-75.63757271699679,0,4,5,0,2,0,1,2,7586.903,2.0,2,0,1.0,9,5,1198.0,0.4545643050211295,68.73444804749025,55.05670880126828,7.076811092931955,737.237129067086,1424.8051391862955,12264.545,1826.4639999999995,1105.5389999999998,9332.542,1588.5359999999996,10676.009,12.952261987705208,2,1,0,0,1,27.68953252547048,26.120638552279367,29.258426498661592,1.0,0.22412771045587332,0.0,0.22412771045587332,1,0,0.0,0.0,0.22412771045587332,1.0,0.0,1.0,0.22412771045587332,0.0,0.22412771045587332,0.0,5,0,2022,12,21,5,1,0,2,1,0,1,GRAVE_MORTALIDAD,2
3,2,5,0,4,1,-6.662751258790847,-78.86351717575339,0,4,3,0,2,0,1,2,565.7364897721878,2.0,2,0,1.0,4,18,103.61987720155568,0.4687074225736511,74.44977332063256,47.669551617367574,6.634615291948413,816.6748944820508,2615.3120797952797,15935.565011852366,1733.9250000199986,935.692,13265.948011832368,2000.1670000199988,13935.398011832369,12.551591352627522,3,2,0,0,1,40.80877139666378,26.659648970475367,54.95789382285219,1.0,0.5532163234917885,0.5532163234917885,0.5532163234917885,2,0,0.0,1.0,0.5532163234917885,0.4467836765082115,1.0,0.0,1.0,0.4467836765082115,1.0,0.5532163234917885,11,1,2022,6,12,3,0,0,2,1,0,1,GRAVE_MORTALIDAD,2
7,1,5,0,4,2,-13.030750905221044,-73.70785245610237,2,4,5,0,3,2,2,0,6543.555,2.0,4,4,1.0,14,33,1198.0,0.2828341806412751,73.99319315843745,63.22128141344884,4.6062696029845425,230.068360335992,5669.729984227277,8443.20234972006,1372.4764146212729,1690.6033214507634,5380.122613648024,1679.5929292545109,6763.609420465549,19.87077251989802,5,1,0,0,4,37.11000892117542,37.11000892117542,37.11000892117542,1.0,0.5524997521895717,0.0,0.0,1,0,0.0,0.4475002478104283,0.0,0.5524997521895717,0.0,0.0,0.4475002478104283,0.0,0.5524997521895717,0.0,6,1,2021,6,9,2,0,0,2,1,0,1,GRAVE_MORTALIDAD,2
3,1,14,2,5,3,-12.234337893652256,-76.72511202866023,0,3,1,1,2,0,1,0,6316.9096449027475,2.0,3,3,1.0,13,32,1154.9569340683668,0.756196919109452,79.93648554495962,78.00275665313626,11.931453870620432,1600.2520792823811,249997.77356926637,7896.895115616202,1698.5771874730935,1633.0422249139233,4565.275703229186,1882.3036044453377,6014.5915111708655,23.819801004456767,4,2,0,1,0,45.55022919611669,43.01050423145671,48.359816643106655,1.0,0.0,0.0,0.04497708038833148,2,0,0.0,0.04497708038833148,0.0,1.0,0.0,1.0,0.04497708038833148,0.04497708038833148,0.04497708038833148,0.04497708038833148,8,1,2022,11,18,0,0,1,0,1,0,1,GRAVE_MORTALIDAD,2
3,3,12,0,3,0,-11.668728185685046,-75.00529699915548,0,0,6,1,2,1,1,2,6543.555,2.0,4,4,1.0,14,33,1198.0,0.6047358557942947,71.77685698869982,75.07091621552631,10.941198465814262,1041.8090768664665,119785.17765921993,11495.01661614147,1711.2391831786872,1122.0936463905728,8661.68378657221,1481.8965055889564,10013.120110552514,12.693139567334502,9,3,0,0,5,35.11598398830881,22.678539632112297,45.71415852844919,1.0,0.0,0.08036509197192576,1.0,3,0,0.0,0.9196349080280742,0.0,1.0,0.08036509197192576,0.9196349080280742,0.9196349080280742,0.0,1.0,0.0,17,2,2021,6,26,1,0,1,1,1,0,1,GRAVE_MORTALIDAD,2
3,1,19,0,4,1,-5.511545402550817,-80.34077606784695,0,4,7,0,2,1,1,0,407.7207978044583,2.0,2,2,0.3111947378040092,6,28,107.17083676226724,0.3887920075602347,72.97166615751307,56.147457367838676,5.862083832845437,516.8366843676331,41904.19034488321,8965.846000060003,1782.4120000599992,636.9959999999999,6546.438000000004,2214.505000059999,6751.341000000004,24.699342371541725,2,1,0,0,1,27.535089493884193,27.535089493884193,27.535089493884193,1.0,1.0,0.0,0.6888052621959908,1,0,0.0,0.3111947378040092,0.6888052621959908,0.6888052621959908,0.6888052621959908,0.6888052621959908,0.3111947378040092,0.0,1.0,0.0,14,1,2023,2,15,2,0,0,0,1,0,1,GRAVE_MORTALIDAD,2
3,1,18,0,4,1,-15.116412784102309,-70.81920133684713,0,4,5,1,2,1,1,2,6761.675380547259,2.0,3,3,1.0,12,27,1198.0,0.3365846979511561,78.75318232146185,70.08827724430613,6.492360468399639,352.59438630048436,9856.496906712671,13354.279400025842,1980.1558697059463,2093.091619683044,9281.031910636852,2953.3188538585555,10400.960546167285,21.92169114093649,3,1,0,0,1,60.37807584486878,59.191663038040076,61.56448865169748,1.0,0.7909418712191338,0.0,0.0,1,0,0.0,0.0,0.0,1.0,0.7909418712191338,0.20905812878086616,0.0,0.7909418712191338,0.0,0.7909418712191338,16,1,2022,10,15,2,0,0,2,1,0,1,GRAVE_MORTALIDAD,2
6,1,12,0,4,2,-7.607638773637572,-77.80547530026085,0,4,5,0,6,2,2,0,6543.555,2.0,4,4,1.0,14,33,1198.0,0.1551555035893742,74.13186573058184,22.881960862998152,2.7138867886151705,131.23101706262236,13448.109629753479,8931.828000000005,1335.5899999999997,1935.9830000000004,5660.255000000005,1219.309,7712.519000000005,13.651281686122925,7,1,0,0,6,30.939375469536177,30.939375469536177,30.939375469536177,1.0,0.0,0.0,0.0,1,0,0.0,0.8484822099337397,0.0,0.15151779006626032,0.0,0.0,1.0,0.0,0.15151779006626032,0.0,4,0,2022,8,12,4,0,0,0,1,0,1,GRAVE_MORTALIDAD,2
6,1,11,0,4,1,-8.218049786920194,-77.30230838130838,2,4,0,1,7,2,2,2,1616.9924487030166,1.0939809289556368,1,3,0.0,9,32,271.68110858023124,0.5201959293398963,72.99580722216909,53.22218946641028,7.357683060779273,1009.7065070784754,22805.751673397728,8863.90130999781,1335.3915122780454,1828.468253389178,5700.0415443305865,1204.3237408780237,7659.577569119786,13.581695187579705,4,1,0,0,3,38.12777114746764,38.12777114746764,38.12777114746764,1.0,0.0,0.0,0.0,1,0,0.0,0.0,0.0,0.09398092895563681,0.0,0.09398092895563681,0.9060190710443632,0.0,0.0,0.0,12,2,2021,2,21,1,0,0,0,1,0,1,GRAVE_MORTALIDAD,2
6,1,12,0,4,0,-13.961652783345516,-72.20569925101856,3,4,0,0,1,2,2,3,6543.555,2.0,4,4,1.0,14,33,1198.0,0.32015292066136436,70.7622062804936,51.87075503601116,5.410398805685289,341.51593069681377,9306.248800760603,13200.604962870168,1921.8991642322483,2088.2051677677146,9190.500630870205,2934.1839131938823,10266.421049676283,22.142657551128934,3,1,0,0,2,40.915132301566715,40.915132301566715,40.915132301566715,1.0,1.0,0.0,0.4584030772015131,1,0,0.0,0.5415969227984869,0.0,0.4584030772015131,0.0,0.0,0.5415969227984869,1.0,1.0,0.0,8,1,2021,6,14,3,0,0,2,1,0,1,GRAVE_MORTALIDAD,2
3,2,23,0,3,2,-5.344012814773121,-78.24667768366906,0,4,4,1,2,1,1,2,6543.555,2.6294237111171004,2,1,1.0,5,31,1372.350367979437,0.5880459856983598,75.91961042262098,67.84831923557348,9.745858757454616,994.7905377597176,115792.90718388798,1631.6832472222488,232.68301588867735,666.9637249697108,732.0365063638603,271.2747601347143,1360.4084870875345,20.880991392772792,3,2,0,0,1,32.238372677846655,24.664813400053905,39.81193195563941,1.0,0.0,1.0,1.0,2,0,0.0,0.0,0.6294237111171005,0.3705762888828995,1.0,0.6294237111171005,0.0,0.0,1.0,0.0,20,2,2021,6,20,6,1,1,0,1,0,1,GRAVE_MORTALIDAD,2