CLASE SINIESTRO,CANTIDAD DE VEHICULOS DAÑADOS,DEPARTAMENTO,ZONA,TIPO DE VÍA,RED VIAL,COORDENADAS LATITUD,COORDENADAS  LONGITUD,CONDICIÓN CLIMÁTICA,ZONIFICACIÓN,CARACTERÍSTICAS DE VÍA,PERFIL LONGITUDINAL VÍA,SUPERFICIE DE CALZADA,¿EXISTE SEÑAL VERTICAL?,¿EXISTE SEÑAL HORIZONTAL?,CAUSA FACTOR PRINCIPAL,MTC_RVN_LONGITUD_KM,MTC_RVN_N_CARRILES_MEDIANA,MTC_RVN_SUPERFICIE_DOMINANTE,MTC_RVN_ESTADO_DOMINANTE,MTC_RVN_ES_CONCESIONADA,MTC_RVN_CONCESION_PRINCIPAL,MTC_RVN_CORREDOR_LOGISTICO,MTC_RVN_N_TRAMOS,IDH_2019,IDH_ESP_VIDA_2019,IDH_EDUC_SECUND_PCT_2019,IDH_ANIOS_EDUC_2019,IDH_INGRESO_PERCAP_2019,IDH_POBLACION_2019,MTC_DEP_RED_TOTAL_KM,MTC_DEP_NACIONAL_TOTAL_KM,MTC_DEP_DEPARTAMENTAL_TOTAL_KM,MTC_DEP_VECINAL_TOTAL_KM,MTC_DEP_PAV_TOTAL_KM,MTC_DEP_NO_PAV_TOTAL_KM,MTC_DEP_PCT_PAVIMENTADA,PER_TOTAL_PERSONAS,PER_N_CONDUCTORES,PER_N_CONDUCTORES_FUGADOS,PER_N_PEATONES,PER_N_PASAJEROS_OCUPANTES,PER_EDAD_COND_PROM,PER_EDAD_COND_MIN,PER_EDAD_COND_MAX,PER_ANY_COND_MASCULINO,PER_ANY_LIC_PROBLEMA,PER_ANY_DOSAJE_POS,PER_ANY_DOSAJE_EVALUADO,VEH_TOTAL,VEH_N_FUGADOS,VEH_ANY_FUGADO,VEH_ANY_CARGA,VEH_ANY_PUBLICO,VEH_ANY_PARTICULAR,VEH_ANY_MOTO,VEH_ANY_AUTO,VEH_ANY_CAMION_BUS,VEH_ANY_SOAT_PROBLEMA,VEH_ANY_CITV_PROBLEMA,VEH_ANY_SEGURO_PROBLEMA,HORA_NUM,FRANJA_HORARIA,ANIO,MES,DIA_MES,DIA_SEMANA,ES_FIN_SEMANA,ES_QUINCENA,REGION_NATURAL,TIENE_SEÑALIZACION,ES_VIA_MULTICARRIL,ES_DEPTO_BAJO_PAVIMENTO,CATEGORIA_SEVERIDAD,CATEGORIA_SEVERIDAD_ENC
6,1,7,0,4,0,-14.10950935648761,-71.2467181995816,0,4,5,1,1,2,2,3,7318.851994894865,2.0,2,1,1.0,10,12,1198.0,0.32306222673794005,72.16766046666794,59.30235431145366,5.240368220106271,320.339810745014,9947.968898169996,17779.13499998999,2097.3709999899997,2863.123,12818.640999999989,2878.713,14900.421999989989,16.19152450331032,3,1,0,0,2,56.834057167384955,56.834057167384955,56.834057167384955,1.0,0.0,0.0,0.7430857153077066,1,0,0.0,0.0,0.0,1.0,0.0,0.2569142846922934,0.7430857153077066,0.0,0.0,0.0,3,0,2023,8,19,5,1,1,2,1,0,1,GRAVE_MORTALIDAD,2
6,1,1,0,4,2,-10.174951613823227,-77.46558802955623,5,4,0,0,2,2,2,1,6543.555,2.0,4,4,1.0,14,33,1198.0,0.3864184592512805,74.33170245026626,58.4051001299964,6.041145724157684,459.58047289871297,1063.3254724270332,10767.648,1885.0630000000003,1222.721,7659.864000000001,2100.343,8667.305000000002,19.506051832303577,6,1,0,0,5,27.792775808193277,27.792775808193277,27.792775808193277,1.0,0.0,0.0,0.0,1,0,0.0,0.0,0.0,1.0,0.0,0.8008026879785246,0.1991973120214754,0.0,0.8008026879785246,0.0,13,3,2021,5,5,0,0,0,0,1,0,1,GRAVE_MORTALIDAD,2
6,1,4,0,4,1,-13.34875445973253,-73.92347454892638,1,4,1,0,5,1,1,0,6543.555,2.0,4,4,1.0,14,33,1198.0,0.44968121644216585,72.75863112926386,64.77295532913381,6.98196555809433,669.4289083093952,28361.825226703673,8415.055775170804,1342.393707263659,1559.4442165036733,5513.217851403471,1597.0860152158452,6817.969759954958,18.958084781810893,5,1,0,0,4,33.58546914138827,33.58546914138827,33.58546914138827,1.0,0.0,0.0,0.0,1,0,0.0,0.3678775715509769,0.0,0.6321224284490231,0.0,0.6321224284490231,0.3678775715509769,0.0,0.0,0.0,15,1,2022,2,19,4,0,1,2,1,0,1,GRAVE_MORTALIDAD,2
7,1,5,0,4,1,-6.909319983829807,-78.84108327972997,0,3,0,0,2,2,2,0,833.2862976748214,2.0,2,1,0.0,9,19,216.489459466106,0.3270455558110004,71.05440637291588,41.7211562461383,4.9889332609658545,429.1500952504249,6247.941972059404,15935.565011852366,1733.9250000199986,935.692,13265.948011832368,2000.1670000199988,13935.398011832369,12.551591352627522,4,1,0,0,2,43.880540615868114,43.880540615868114,43.880540615868114,1.0,0.0,0.0,0.4964864887020034,1,0,0.0,0.0,0.4964864887020034,1.0,0.4964864887020034,0.4964864887020034,0.5035135112979966,0.0,0.4964864887020034,0.4964864887020034,10,0,2022,3,19,5,1,1,2,1,0,1,GRAVE_MORTALIDAD,2
5,1,12,0,4,1,-7.908977653449505,-77.71112166272643,1,4,5,1,1,2,2,2,1588.8821894568346,1.1202171121567917,1,2,0.060108556078395825,9,32,270.3499299662844,0.5496774869845232,73.72931032668268,55.4499006104585,7.832127001002987,1075.6480700863358,22724.610520207258,8931.828000000005,1335.5899999999997,1935.9830000000004,5660.255000000005,1219.309,7712.519000000005,13.651281686122925,22,1,0,0,21,36.84972860980401,32.15848021490246,40.60108556078396,0.060108556078395825,0.0,0.0,0.0,1,0,0.0,0.0,0.9398914439216042,0.060108556078395825,0.060108556078395825,0.0,0.9398914439216042,0.0,0.9398914439216042,0.060108556078395825,16,2,2021,6,8,1,0,0,0,1,0,1,GRAVE_MORTALIDAD,2
5,1,7,0,4,1,-13.109956010945577,-72.34192182277029,2,4,5,0,2,1,1,2,3447.8009999999995,1.0,2,3,0.0,9,12,1109.0,0.4594827312666642,76.71924889734024,61.32710609515016,6.970871457113903,626.9384171562851,3468.8262655203694,17779.13499998999,2097.3709999899997,2863.123,12818.640999999989,2878.713,14900.421999989989,16.19152450331032,4,1,0,0,3,49.31869925022308,49.31869925022308,49.31869925022308,1.0,0.0,0.0,0.0,1,0,0.0840650374888463,0.0,0.0,0.0840650374888463,0.0840650374888463,0.9159349625111537,0.0,0.0840650374888463,0.0,0.0840650374888463,4,0,2023,2,11,0,0,0,2,1,0,1,GRAVE_MORTALIDAD,2
2,1,13,1,4,1,-12.890946401597052,-75.88303664742662,0,3,7,0,2,0,0,0,7907.81513140369,2.0,2,0,1.0,9,31,2467.390555268925,0.6235038861436382,78.91037923990423,78.07117105745601,10.169542384737962,1021.130201923156,31594.678983530368,3704.4096787481094,646.810694311936,808.6929886960166,2248.905995740157,906.0045135223252,2798.4051652257845,24.419025156959734,2,1,0,1,0,28.691840057309157,28.691840057309157,28.691840057309157,1.0,0.0,0.0,1.0,1,0,0.0,0.0,0.0,1.0,0.0,1.0,0.0,0.0,0.38454857961559397,0.0,18,2,2023,7,20,3,0,0,0,0,0,1,GRAVE_MORTALIDAD,2
6,1,11,0,4,1,-11.779824749520783,-75.5983483613722,0,4,0,1,2,1,1,2,7586.903,2.0,2,0,1.0,9,5,1198.0,0.4723679764680976,69.10188687516255,69.67887118172834,7.801822087036649,688.9531238109785,1015.9662766676494,12264.545,1826.4639999999995,1105.5389999999998,9332.542,1588.5359999999996,10676.009,12.952261987705208,8,1,0,0,7,58.65116233714922,58.65116233714922,58.65116233714922,1.0,0.0,0.0,1.0,1,0,0.0,0.0,0.0,1.0,0.0,0.0,1.0,0.0,0.0,0.0,15,3,2022,7,27,0,0,0,2,1,0,1,GRAVE_MORTALIDAD,2
4,1,14,1,5,2,-16.138947047094018,-73.11905330756312,0,3,4,0,3,1,0,2,6602.022749399506,2.0,2,1,1.0,10,31,1451.469396898916,0.5563774842369664,77.00938809632027,69.10246351364754,8.476961866273152,914.8835608305218,27932.19700214133,3299.9442224298646,671.6119459158765,643.508457053721,1984.8238194602666,1089.441011586937,2210.503210842927,33.841418835847286,5,1,0,0,4,40.94150976038984,39.06386116983053,42.42554446793221,0.6063861169830528,0.0,0.6063861169830528,0.6063861169830528,1,0,0.0,0.0,1.0,0.6063861169830528,0.0,0.0,1.0,0.3936138830169472,0.0,0.0,15,1,2021,5,12,3,0,0,0,1,0,1,GRAVE_MORTALIDAD,2
6,1,14,0,4,1,-13.411288992498738,-75.20438113089808,1,4,4,1,3,1,0,0,6543.555,2.6774633542399733,2,1,1.0,4,30,1385.6573491244726,0.6551671316271963,79.17478095115624,73.04076615997788,9.357779722398396,1273.0910263299231,65372.22176691136,6117.764275186595,1292.127989368888,1374.58846352494,3451.0478222927677,1508.9718915984638,4608.792383588132,25.597855750487362,24,1,0,1,21,47.70848943552072,44.99863601856082,50.41834285248061,1.0,0.0,0.0,0.0,1,0,0.0,0.3225366457600266,0.6774633542399734,0.6774633542399734,0.0,0.6774633542399734,1.0,0.0,0.0,0.0,4,0,2024,2,16,4,0,0,0,1,0,1,GRAVE_MORTALIDAD,2
6,1,5,0,4,2,-6.72308392786457,-78.53527511786606,0,3,3,0,1,2,2,1,3573.4617320919915,1.5257703366832254,2,3,0.5257703366832255,11,32,653.5843465123429,0.3484871558022944,76.33677469666252,53.28672218475212,4.131981838863427,447.1658531581213,76209.5845824411,15935.565011852366,1733.9250000199986,935.692,13265.948011832368,2000.1670000199988,13935.398011832369,12.551591352627522,4,1,0,0,3,32.515406733664506,32.515406733664506,32.515406733664506,1.0,0.5257703366832255,0.0,0.5257703366832255,1,0,0.0,0.0,0.5257703366832255,0.4742296633167745,0.5257703366832255,0.0,0.4742296633167745,1.0,0.5257703366832255,0.5257703366832255,15,2,2023,8,12,4,0,0,2,1,0,1,GRAVE_MORTALIDAD,2
3,1,13,0,4,1,-7.280490848753961,-79.52477802813429,0,4,5,1,1,2,2,1,6543.555,2.7181017379560224,2,1,1.0,3,30,1396.9141814138181,0.5605756491053465,78.2159172852768,62.31803317775315,8.494773879121325,944.6705948240584,76498.35661402711,8941.41761509513,1461.5483452599276,1569.80082228228,5910.068447552922,1499.8530228100317,7441.564592285098,16.76571079229888,5,2,0,0,3,26.24481390364818,19.590508689780112,32.89911911751625,1.0,0.2818982620439775,0.0,0.2818982620439775,2,0,0.0,1.0,0.0,1.0,0.2818982620439775,0.0,0.7181017379560225,0.2818982620439775,0.2818982620439775,0.0,8,1,2023,11,7,1,0,0,0,1,0,1,GRAVE_MORTALIDAD,2
3,1,7,0,4,1,-14.933380199070655,-71.20245212016135,0,4,7,1,1,2,2,0,567.7771534549697,1.4185460520713757,3,2,0.0,9,3,111.41602629114053,0.34387311828738015,66.84124095766649,58.582810501983,4.9508552579287946,435.3447366890637,1841.2780262870783,17779.13499998999,2097.3709999899997,2863.123,12818.640999999989,2878.713,14900.421999989989,16.19152450331032,5,2,0,0,3,36.557641442606695,29.11528288521339,44.0,1.0,0.0,0.0,1.0,2,0,0.0,0.41854605207137574,0.5814539479286243,1.0,0.0,1.0,1.0,0.0,0.41854605207137574,0.0,0,0,2023,2,13,2,0,0,2,1,0,1,GRAVE_MORTALIDAD,2
6,1,14,2,2,4,-12.040345817101334,-76.91980637755734,0,2,6,1,2,1,1,0,6543.555,2.0,4,4,1.0,14,33,1198.0,0.6897351055992221,79.65991043819356,76.44973370852321,9.307073355679194,1432.1999674659567,687768.1133350142,7626.313,1683.4029999999998,1599.0829999999996,4343.827000000001,1814.875,5811.438000000001,23.797541485643197,7,1,0,0,6,18.044608359357035,17.835686687485627,18.20129961326059,1.0,0.9477695820321482,0.0,0.0,1,0,0.0,0.0,0.05223041796785177,0.9477695820321482,0.0,0.0,1.0,0.0,1.0,0.0,12,2,2022,11,21,2,0,1,0,1,0,1,GRAVE_MORTALIDAD,2
6,1,11,0,4,1,-8.207339704593194,-77.4295062313262,0,4,0,1,1,2,2,0,1677.539268862913,1.0,1,3,0.0,9,31,286.0871496638118,0.40593394375917186,76.52420809215792,41.71924844088404,5.179181648131004,648.9032075960642,1222.1594098778248,8909.2536407627,1341.4861003214394,1939.877810202044,5627.889730239215,1254.7635700867643,7654.4900706759345,14.104040829597665,4,1,0,0,3,49.37587955019515,49.37587955019515,49.37587955019515,1.0,0.9463029214006932,0.0,0.0,1,0,0.0,0.0,0.0,1.0,0.0,0.0,1.0,0.0,0.053697078599306836,0.0,21,1,2023,6,17,0,0,1,0,1,0,1,GRAVE_MORTALIDAD,2
2,2,7,0,4,0,-12.692068915904539,-72.96913035566925,6,4,0,0,1,1,1,2,6214.644423022524,1.8937542915304395,3,3,0.8937542915304395,13,30,1188.544131946209,0.4325547959139194,75.61001188787696,58.664442525850475,6.274821117903795,587.0075484913115,28860.92790155784,17779.13499998999,2097.3709999899997,2863.123,12818.640999999989,2878.713,14900.421999989989,16.19152450331032,3,2,0,0,1,36.68126287459132,26.5312285423478,46.83129720683483,1.0,0.8937542915304395,0.0,0.8937542915304395,2,0,0.0,0.8937542915304395,0.0,1.0,1.0,0.0,0.8937542915304395,0.8937542915304395,1.0,1.0,13,2,2024,2,25,0,0,1,2,0,0,1,GRAVE_MORTALIDAD,2
5,1,17,0,4,1,-5.617022526831232,-80.43905224359246,0,4,7,1,2,2,2,0,308.7357224121594,2.0,2,0,1.0,2,21,32.24107423025587,0.5236063789832448,80.37110464789463,63.8000197581523,7.1190099820945925,821.7540708489357,12725.413705104851,8959.93803830367,1704.8116918823669,862.593198672407,6392.533147748896,2041.6676816391678,6918.270356664502,22.780607587134156,2,1,0,0,1,36.04480599675113,31.43695526741094,39.82632836304566,1.0,0.0,0.0,0.8263283630456602,1,0,0.0,0.17367163695433985,0.17367163695433985,0.8263283630456602,0.8263283630456602,0.0,0.17367163695433985,0.8263283630456602,0.17367163695433985,0.8263283630456602,11,1,2021,3,8,1,0,0,0,1,0,1,GRAVE_MORTALIDAD,2
3,1,13,0,4,1,-16.106538400590907,-73.50182676937688,5,4,4,0,3,1,1,2,6610.10129462767,2.0,2,1,1.0,10,31,1486.491507512611,0.5563774842369664,77.00938809632027,69.10246351364754,8.476961866273152,914.8835608305218,27932.19700214133,3389.6686076284027,677.2685194897099,665.0835015359686,2047.3165866027239,1092.3065407857384,2297.362066842664,32.94631202790293,4,1,0,0,3,35.619657858791335,33.0,37.929486788187006,0.6901710706043321,0.0,0.0,0.6901710706043321,1,0,0.0,0.6901710706043321,0.30982892939566786,0.6901710706043321,0.0,0.6901710706043321,1.0,0.30982892939566786,0.0,0.0,7,0,2022,7,17,4,0,0,0,1,0,1,GRAVE_MORTALIDAD,2
3,1,16,0,4,1,-12.521012671433441,-69.14408534675592,3,4,6,1,4,2,2,0,3263.58,2.0,2,0,1.0,5,18,566.0,0.525748215792057,74.03823732580896,58.20048721039922,8.141897025119901,894.6823580853445,9162.706638115633,2090.391,399.431,340.021,1350.9389999999996,493.824,1596.5669999999996,23.62352306338862,4,2,0,0,1,34.5756474633772,24.417616509000766,42.96165778150268,1.0,1.0,0.0,0.0,2,0,0.3544041272501913,0.3544041272501913,0.0,1.0,1.0,0.0,0.3544041272501913,0.0,0.3544041272501913,0.3544041272501913,18,2,2021,6,8,4,0,0,1,1,0,1,GRAVE_MORTALIDAD,2
6,1,4,0,4,1,-13.035912413684565,-74.24404689676518,6,4,0,0,1,2,2,5,6656.175172317937,2.0,3,3,1.0,13,29,1198.0,0.2911331301183639,69.27773281895146,44.575280734550105,5.824890415472345,303.1667186333108,9655.167888258806,12634.025075192536,1807.3828609801155,1701.875887755879,9124.766326456542,2388.5691761316025,10245.455899060933,18.884851220401373,5,1,0,0,4,29.107941139790306,29.107941139790306,29.107941139790306,1.0,0.892058860209694,0.0,0.892058860209694,1,0,0.0,0.0,0.0,1.0,0.0,0.0,0.10794113979030595,0.892058860209694,1.0,0.0,9,1,2021,6,19,4,0,1,2,1,0,1,GRAVE_MORTALIDAD,2
3,2,12,0,4,1,-8.786436807607405,-78.74825536177748,0,2,7,1,2,1,0,0,6569.310955992934,2.7328774528838986,2,0,1.0,2,30,1512.6642791433703,0.5309296821806397,79.2419155158599,67.85175719520156,8.273495577466017,772.2945777483038,10868.081455526755,3529.6156691585816,563.9785493180888,704.4566030028876,2261.1805168376054,810.0832794551441,2719.5323897034377,22.815916254860245,22,2,0,0,20,52.22603924614238,43.59589707595509,60.85618141632966,1.0,0.0,0.0,0.2671225471161016,2,0,0.0,0.7328774528838984,0.7328774528838984,0.0,0.0,0.0,1.0,0.0,0.0,0.2671225471161016,14,2,2021,3,23,1,0,1,0,1,0,1,GRAVE_MORTALIDAD,2
4,1,7,0,4,1,-13.555614788752779,-71.8970397889903,0,4,3,1,2,1,1,2,7073.946681239542,2.0,2,1,1.0,11,18,1198.0,0.35349450565195756,71.17084593092605,60.6474991752384,5.187066220324601,426.7830875159374,10955.253025036009,17779.13499998999,2097.3709999899997,2863.123,12818.640999999989,2878.713,14900.421999989989,16.19152450331032,4,1,0,0,3,40.27088871891148,36.96657804974163,43.57519938808133,1.0,0.5083554875645923,0.0,1.0,1,0,0.0,0.0,0.5083554875645923,1.0,0.0,0.0,1.0,0.0,0.49164451243540774,0.0,9,1,2021,9,14,0,0,0,2,1,0,1,GRAVE_MORTALIDAD,2
9,1,2,0,4,2,-14.184459087755684,-73.11323700563145,5,4,5,1,6,2,2,0,6543.555,2.0,4,4,1.0,14,33,1198.0,0.3106041888222207,63.52689266537778,61.380493854391084,6.319757726551004,295.55780859146057,1026.607607326932,8357.746471335393,1282.8677991259583,1293.9629068016923,5780.915765407742,1429.6376961934604,6928.108775141932,17.10492587242176,2,1,0,0,1,33.089850282900066,33.089850282900066,33.089850282900066,1.0,0.0,0.0,0.0,1,0,0.0,0.0,0.00816820753636971,0.9918317924636303,0.0,0.0,1.0,0.0,0.0,0.0,21,1,2022,2,3,3,0,0,2,1,0,1,GRAVE_MORTALIDAD,2
0,0,14,2,2,4,-11.998048941019505,-76.98489292177982,3,0,2,1,2,2,2,2,6543.555,2.0,4,4,1.0,14,33,1198.0,0.6972748081279437,79.62733337375292,73.98838107271945,9.836747403921338,1454.2498073621803,1026448.1991220128,7626.313,1683.4029999999998,1599.0829999999996,4343.827000000001,1814.875,5811.438000000001,23.797541485643197,2,1,0,1,0,37.0,33.0,40.0,0.26610795616929916,0.0,0.0,0.26610795616929916,1,0,0.0,0.7338920438307008,0.26610795616929916,0.0,0.0,0.0,1.0,0.7338920438307008,0.7338920438307008,0.0,19,2,2021,7,7,0,0,0,0,1,0,1,GRAVE_MORTALIDAD,2
5,1,12,0,4,1,-11.613631916602797,-74.06927989874316,0,4,1,0,1,2,2,1,6717.594148146167,2.0,3,3,1.0,13,28,1198.0,0.4624969106033685,77.48791363104033,57.67639451091358,7.255225971266899,631.6019279417463,62172.657707698716,12494.368193280714,1858.8773626287891,1313.8122238083972,9321.678606843527,1876.3664599736423,10618.001733307072,14.843899849051848,2,1,0,0,1,42.33191659785454,40.49702485549453,44.166808340214544,1.0,0.833191659785454,0.0,0.0,1,0,0.0,0.0,0.16680834021454605,1.0,0.0,1.0,0.16680834021454605,0.833191659785454,0.16680834021454605,0.16680834021454605,0,0,2021,4,13,0,0,0,2,1,0,1,GRAVE_MORTALIDAD,2
3,2,19,0,4,1,-7.269134348709237,-78.91951542021513,0,4,7,1,2,2,2,1,6584.706127686938,2.5732096278060808,2,0,1.0,3,30,1535.1774424793425,0.640244739029331,77.96991502655555,71.68920005645438,9.806433269836237,1202.9192153322363,103839.70585939546,3833.2633723660697,797.8348229231796,847.2543736540108,2188.1741757888794,933.3341937681452,2899.929178597925,25.889676215007697,4,2,0,0,2,34.152652952933444,29.280371116581758,39.024934789285126,1.0,0.0,0.5732096278060806,0.5732096278060806,2,0,0.0,0.0,0.5732096278060806,0.42679037219391935,0.5732096278060806,0.5732096278060806,0.42679037219391935,0.0,0.5732096278060806,0.0,13,1,2021,9,21,3,0,1,0,1,0,1,GRAVE_MORTALIDAD,2
4,1,6,0,4,1,-12.830211073879276,-74.6625901981607,0,3,2,0,1,2,2,2,6910.046490324281,2.0,3,2,1.0,12,23,1198.0,0.3134574257542213,70.55635917589953,53.26129141745625,5.374994129920456,387.78411560505504,15110.607513243851,12533.243309700665,1812.5875553794485,1539.2151966627334,9181.440557658483,2170.346973214175,10362.896336486489,17.26663996368443,3,1,0,0,2,22.28322159730773,20.70252972224853,23.863913472366924,1.0,1.0,1.0,1.0,1,0,0.0,0.0,0.0,1.0,0.6487351388757342,0.3512648611242658,0.0,1.0,1.0,0.6487351388757342,4,0,2022,6,8,4,0,0,2,1,0,1,GRAVE_MORTALIDAD,2
0,1,14,2,4,1,-11.88666121610556,-77.07247817604593,0,0,5,1,2,1,0,0,6543.555,3.0,2,0,1.0,0,30,1475.0,0.6792530883755805,79.4075556635696,74.49206264497346,9.995653302660564,1335.50826495128,423600.1431202342,7626.313,1683.4029999999998,1599.0829999999996,4343.827000000001,1814.875,5811.438000000001,23.797541485643197,3,1,0,2,0,26.09087929316704,26.09087929316704,26.09087929316704,1.0,0.0,0.0,0.0,1,0,0.0,0.0,0.0,1.0,0.727268470452434,0.27273152954756597,0.0,0.0,1.0,0.0,2,0,2022,6,24,3,0,0,0,1,1,1,GRAVE_MORTALIDAD,2
4,1,1,0,4,1,-9.135188006111942,-77.50705916384702,5,4,4,0,1,1,1,0,1305.3316377990582,1.3662459128096636,0,3,0.0,9,19,209.6429168934143,0.3121581306743273,72.59757342678459,55.017975368864356,5.530496414464171,326.4226564378638,3013.697068264161,10767.648,1885.0630000000003,1222.721,7659.864000000001,2100.343,8667.305000000002,19.506051832303577,19,1,0,0,17,43.718139305166176,42.07003269752269,45.36624591280967,1.0,0.0,0.0,0.3662459128096637,1,0,0.0,0.3662459128096637,0.6337540871903363,0.3662459128096637,0.0,0.3662459128096637,1.0,0.6337540871903363,0.0,0.0,14,3,2022,3,11,5,1,0,0,1,0,1,GRAVE_MORTALIDAD,2
6,1,7,0,4,2,-8.638328386673221,-76.95745936681499,0,4,0,0,1,2,2,2,6543.555,2.0,4,4,1.0,14,33,1198.0,0.34029991618767436,74.97004280125853,41.06493019913209,4.403595503979526,546.0497648674267,26110.763827457704,15613.346356318634,1774.2300819431011,1134.9910714118064,12704.125202963727,2184.777437962023,13428.568918356612,14.2012676710535,9,1,0,0,8,24.545580334194526,24.545580334194526,24.545580334194526,1.0,0.8594926968914067,0.0,0.8594926968914067,1,0,0.0,0.0,0.8594926968914067,0.0,0.0,0.0,1.0,0.8594926968914067,1.0,0.8594926968914067,16,2,2023,7,21,3,0,1,2,1,0,1,GRAVE_MORTALIDAD,2
4,1,12,0,4,1,-8.816719177973479,-78.63460353888178,0,4,7,1,2,2,2,2,6543.555,3.0,2,0,1.0,0,30,1475.0,0.4867987483268106,77.5825534369154,52.95148122709723,6.150547060309878,840.5788229266196,9838.736616702356,8931.828000000005,1335.5899999999997,1935.9830000000004,5660.255000000005,1219.309,7712.519000000005,13.651281686122925,3,1,0,0,1,28.442951010747933,25.3422939355124,31.54360808598346,1.0,0.0,0.0,0.0,1,0,0.0,0.0,0.0,1.0,0.44295101074793275,0.5570489892520673,0.44295101074793275,0.0,1.0,0.0,16,2,2021,7,12,2,0,0,0,1,1,1,GRAVE_MORTALIDAD,2
3,2,12,0,4,1,-7.773972623068704,-79.25393962864743,0,4,3,1,2,2,2,2,6543.555,3.0,2,0,1.0,0,30,1475.0,0.6137552402736777,77.488039372676,77.55476206305543,9.288784127631692,1053.6564617230836,8413.593147751606,8931.828000000005,1335.5899999999997,1935.9830000000004,5660.255000000005,1219.309,7712.519000000005,13.651281686122925,3,2,0,0,1,39.41208892136782,38.31568486620063,40.508492976535,1.0,1.0,0.43856162206687566,0.43856162206687566,2,0,0.0,0.0,0.43856162206687566,0.5614383779331243,1.0,0.0,1.0,0.0,1.0,0.43856162206687566,21,2,2022,5,17,3,0,0,0,1,1,1,GRAVE_MORTALIDAD,2
6,1,7,0,4,1,-13.105215228099746,-72.36650933301911,0,4,0,0,2,1,1,2,3447.8009999999995,1.0,2,3,0.0,9,12,1109.0,0.4706944943299555,76.79406176595778,61.64424635983724,7.141255198110581,653.4175319142125,3282.6252676659524,17779.13499998999,2097.3709999899997,2863.123,12818.640999999989,2878.713,14900.421999989989,16.19152450331032,21,1,0,0,20,28.32103729807087,28.32103729807087,28.32103729807087,1.0,0.0,0.0,1.0,1,0,0.0,0.0,0.0,0.0,0.0,0.0,1.0,0.0,0.0,0.0,9,1,2021,9,10,5,1,0,2,1,0,1,GRAVE_MORTALIDAD,2
4,1,16,0,4,1,-8.259180298886495,-78.23878412415164,0,4,3,0,3,2,2,0,1370.2717783278133,2.0,2,0,0.4436457487985723,5,19,460.6495243927638,0.524885980211134,77.03124814597093,53.02509511488918,7.808053804008363,948.9301870109991,13625.730877415706,8220.591120852017,1727.3279219694161,1172.2571924756276,5321.006006406975,1992.1691506189918,6228.4219702330265,24.197621614934867,2,1,0,0,1,41.007188260812846,37.0143765216257,45.0,1.0,0.5563542512014277,0.0,0.4436457487985723,1,0,0.0,0.4436457487985723,0.0,1.0,0.4436457487985723,0.5563542512014277,0.4436457487985723,0.0,0.4436457487985723,0.0,13,3,2022,9,15,3,0,0,0,1,0,1,GRAVE_MORTALIDAD,2
6,1,2,0,4,0,-13.197610968305668,-73.64612852906912,3,4,6,0,1,2,2,1,7502.1281629729065,2.0,2,0,1.0,9,7,1198.0,0.2729849443921065,77.79399807831514,59.90259257114517,3.8359596878278133,232.39191952626072,7673.6696218952775,8405.517175211751,1286.768686970007,1349.9269567276351,5768.821531514109,1415.3457874153023,6990.1713877964485,16.8560417056481,2,1,0,0,1,29.34997843843401,29.34997843843401,29.34997843843401,1.0,1.0,0.0,0.0,1,0,0.0,0.0,0.0,1.0,0.0,0.9187473048042515,0.08125269519574851,0.9187473048042515,0.9187473048042515,0.9187473048042515,5,0,2023,11,26,3,0,1,1,1,0,1,GRAVE_MORTALIDAD,2
7,1,5,0,4,2,-7.2303345531281575,-78.34893993912306,2,4,6,1,3,2,2,1,6543.555,2.0,4,4,1.0,14,33,1198.0,0.24679557959475013,71.38762553468007,38.20621183850647,3.5872602128510986,263.6796538133383,3065.343649490704,15935.565011852366,1733.9250000199986,935.692,13265.948011832368,2000.1670000199988,13935.398011832369,12.551591352627522,8,1,0,0,7,39.632889762520996,39.632889762520996,39.632889762520996,1.0,0.4403742230252107,0.5596257769747893,0.5596257769747893,1,0,0.0,0.4403742230252107,0.0,0.5596257769747893,0.0,0.5596257769747893,0.4403742230252107,0.0,0.4403742230252107,0.0,5,0,2023,4,17,3,0,0,2,1,0,1,GRAVE_MORTALIDAD,2
4,1,1,0,4,1,-8.974200917186,-77.57284250730903,3,4,6,1,4,2,2,0,6543.555,2.0,4,4,1.0,14,33,1198.0,0.37325917548322385,74.16168360817026,45.09948568837697,5.906575333499188,513.5266809584477,1927.750901034118,10767.648,1885.0630000000003,1222.721,7659.864000000001,2100.343,8667.305000000002,19.506051832303577,4,1,0,0,3,45.780477748208185,43.975597185260234,47.13413817041915,1.0,0.0,0.0,0.0,1,0,0.0,0.0,0.0,1.0,0.45122014073698835,0.5487798592630116,0.0,0.5487798592630116,1.0,1.0,18,2,2021,3,14,4,0,0,0,1,0,1,GRAVE_MORTALIDAD,2