CLASE SINIESTRO,CANTIDAD DE VEHICULOS DAÑADOS,DEPARTAMENTO,ZONA,TIPO DE VÍA,RED VIAL,COORDENADAS LATITUD,COORDENADAS  LONGITUD,CONDICIÓN CLIMÁTICA,ZONIFICACIÓN,CARACTERÍSTICAS DE VÍA,PERFIL LONGITUDINAL VÍA,SUPERFICIE DE CALZADA,¿EXISTE SEÑAL VERTICAL?,¿EXISTE SEÑAL HORIZONTAL?,CAUSA FACTOR PRINCIPAL,MTC_RVN_LONGITUD_KM,MTC_RVN_N_CARRILES_MEDIANA,MTC_RVN_SUPERFICIE_DOMINANTE,MTC_RVN_ESTADO_DOMINANTE,MTC_RVN_ES_CONCESIONADA,MTC_RVN_CONCESION_PRINCIPAL,MTC_RVN_CORREDOR_LOGISTICO,MTC_RVN_N_TRAMOS,IDH_2019,IDH_ESP_VIDA_2019,IDH_EDUC_SECUND_PCT_2019,IDH_ANIOS_EDUC_2019,IDH_INGRESO_PERCAP_2019,IDH_POBLACION_2019,MTC_DEP_RED_TOTAL_KM,MTC_DEP_NACIONAL_TOTAL_KM,MTC_DEP_DEPARTAMENTAL_TOTAL_KM,MTC_DEP_VECINAL_TOTAL_KM,MTC_DEP_PAV_TOTAL_KM,MTC_DEP_NO_PAV_TOTAL_KM,MTC_DEP_PCT_PAVIMENTADA,PER_TOTAL_PERSONAS,PER_N_CONDUCTORES,PER_N_CONDUCTORES_FUGADOS,PER_N_PEATONES,PER_N_PASAJEROS_OCUPANTES,PER_EDAD_COND_PROM,PER_EDAD_COND_MIN,PER_EDAD_COND_MAX,PER_ANY_COND_MASCULINO,PER_ANY_LIC_PROBLEMA,PER_ANY_DOSAJE_POS,PER_ANY_DOSAJE_EVALUADO,VEH_TOTAL,VEH_N_FUGADOS,VEH_ANY_FUGADO,VEH_ANY_CARGA,VEH_ANY_PUBLICO,VEH_ANY_PARTICULAR,VEH_ANY_MOTO,VEH_ANY_AUTO,VEH_ANY_CAMION_BUS,VEH_ANY_SOAT_PROBLEMA,VEH_ANY_CITV_PROBLEMA,VEH_ANY_SEGURO_PROBLEMA,HORA_NUM,FRANJA_HORARIA,ANIO,MES,DIA_MES,DIA_SEMANA,ES_FIN_SEMANA,ES_QUINCENA,REGION_NATURAL,TIENE_SEÑALIZACION,ES_VIA_MULTICARRIL,ES_DEPTO_BAJO_PAVIMENTO,CATEGORIA_SEVERIDAD,CATEGORIA_SEVERIDAD_ENC
5,1,10,0,4,1,-13.357639615136188,-76.21933568681824,0,4,7,1,2,1,1,5,6639.975,2.0,2,0,1.0,9,31,1616.0,0.5736744275518083,81.67473861808857,68.1608574885675,9.138785887908334,865.1176766860625,26660.92933618844,3721.461,698.1859999999996,744.866,2278.409,1102.9029999999996,2618.558,29.636290693359403,7,1,0,0,6,54.93043583259758,52.602560880015844,57.25831078517932,1.0,0.12583107851793163,0.0,0.12583107851793163,1,0,0.0,0.12583107851793163,0.0,0.12583107851793163,0.0,1.0,0.12583107851793163,0.0,0.0,0.0,1,0,2022,3,10,2,0,0,0,1,0,1,GRAVE_MORTALIDAD,2
10,1,7,0,4,1,-14.161580376889416,-72.03100311639103,0,4,4,0,1,1,1,2,2267.210411275355,1.0,1,3,0.0,9,26,670.7845731569432,0.46021103228151455,67.77512259294508,69.94241761912967,6.862241064274286,716.148695004896,9711.740920452887,17779.13499998999,2097.3709999899997,2863.123,12818.640999999989,2878.713,14900.421999989989,16.19152450331032,2,1,0,0,1,25.717358937980123,25.717358937980123,25.717358937980123,1.0,0.7079409157399947,0.0,0.0,1,0,0.0,0.29205908426000526,0.0,0.7079409157399947,0.7079409157399947,0.0,0.29205908426000526,0.7079409157399947,0.7079409157399947,0.7079409157399947,15,1,2024,6,16,5,0,0,2,1,0,1,GRAVE_MORTALIDAD,2
3,2,10,0,4,1,-13.961169911816455,-75.79706505854529,0,4,7,1,2,2,2,0,6639.975,2.0,2,0,1.0,9,31,1616.0,0.6053164595604621,78.88848309050202,67.63954639531094,9.133324993872453,1064.9426147896202,27932.19700214133,3721.461,698.1859999999996,744.866,2278.409,1102.9029999999996,2618.558,29.636290693359403,3,2,0,0,1,20.440610584618888,19.867914733606376,21.013306435631403,1.0,0.7136520744937427,0.0,0.2863479255062573,2,0,0.7136520744937427,0.2863479255062573,0.0,1.0,0.7136520744937427,0.2863479255062573,0.2863479255062573,0.7136520744937427,0.7136520744937427,0.7136520744937427,19,2,2023,6,9,5,1,0,0,1,0,1,GRAVE_MORTALIDAD,2
3,2,20,0,4,1,-15.161025931344726,-69.92637547397199,0,4,7,1,2,2,2,2,1762.84,2.0,1,0,0.0,9,32,485.0,0.26757309251979405,74.05944149103492,65.21622629832413,5.306864945833419,189.06957012868418,4619.749936636276,13642.312999999998,2020.7790000000005,2354.117,9267.416999999998,3314.0520000000006,10328.260999999997,24.29244952817019,16,2,0,0,13,35.72838456552064,34.23318799540494,38.71877770575203,1.0,0.25240171494215125,0.25240171494215125,1.0,2,0,0.0,0.7475982850578488,0.7475982850578488,0.25240171494215125,0.0,0.25240171494215125,0.7475982850578488,0.25240171494215125,1.0,1.0,17,1,2021,10,10,5,0,0,2,1,0,1,GRAVE_MORTALIDAD,2
3,2,7,0,3,2,-11.729001113228964,-74.79909207484843,0,4,7,1,2,1,1,2,6543.555,2.0,4,4,1.0,14,33,1198.0,0.39404179558247604,73.25163741704861,67.47781416170564,6.894280044419369,454.67220525367526,20942.460709116407,11754.189243723122,1931.6386640976004,1610.9988748074534,8211.55170481807,2516.8694426908696,9237.319801032254,21.14867061947834,5,2,0,0,2,28.40832251399098,18.08866292020396,38.50904369741518,1.0,0.656815231088449,0.0,0.0,2,0,0.0,0.0,0.0,1.0,0.656815231088449,1.0,0.34318476891155103,0.656815231088449,1.0,0.656815231088449,20,2,2022,8,15,4,0,0,0,1,0,1,GRAVE_MORTALIDAD,2
6,1,4,0,4,0,-14.438005267665524,-74.64476929288861,4,4,5,0,5,2,2,0,6543.555,2.0,4,4,1.0,14,33,1198.0,0.42306067949154896,69.61995989718021,50.527069418227356,6.093619262001932,689.4838211785374,2243.9940285231323,12678.733000000004,1805.074000000001,1774.0339999999994,9099.625000000004,2485.375000000001,10193.358000000002,19.602707936195205,6,1,0,0,5,51.873543125343694,51.873543125343694,51.873543125343694,1.0,0.8017937347644803,0.0,0.0,1,0,0.0,0.0,0.19820626523551965,0.8017937347644803,0.0,0.8017937347644803,0.19820626523551965,0.0,0.0,0.0,4,0,2023,6,13,4,0,0,2,1,0,1,GRAVE_MORTALIDAD,2
3,1,7,1,4,1,-13.79768374210822,-71.39143989779852,0,3,0,0,2,1,1,1,3049.962881576081,1.8559967760801779,1,0,0.8559967760801779,5,20,555.0557549820935,0.2729379524688294,67.24788441892181,61.89387914146892,3.787039978704862,277.99037325158093,15872.64030102566,17779.13499998999,2097.3709999899997,2863.123,12818.640999999989,2878.713,14900.421999989989,16.19152450331032,4,1,0,0,2,34.13598065648107,23.864019343518933,44.4079419694432,1.0,0.8559967760801779,0.0,0.0,1,0,0.0,0.0,0.0,0.8559967760801779,0.8559967760801779,0.8559967760801779,0.14400322391982212,0.0,0.0,0.0,14,3,2021,5,18,4,0,1,2,1,0,1,GRAVE_MORTALIDAD,2
0,1,1,1,4,1,-9.476486369618971,-78.30326978350425,0,0,0,1,2,1,1,0,6543.555,3.0,2,0,1.0,0,30,1475.0,0.5873460606982213,78.04758132038613,65.8701248560095,8.596987164492063,1041.0659985770535,35482.29764453961,10767.648,1885.0630000000003,1222.721,7659.864000000001,2100.343,8667.305000000002,19.506051832303577,2,1,0,0,0,35.0017736859914,34.99361473043096,35.00851369275872,1.0,0.0005321057974198018,0.0,0.0,1,0,0.0,1.0,0.0005321057974198018,0.0,0.0005321057974198018,0.0,1.0,0.0,0.0005321057974198018,0.0005321057974198018,19,1,2022,6,23,3,0,0,0,1,1,1,GRAVE_MORTALIDAD,2
6,1,12,0,4,2,-7.875695106689044,-78.66124155649337,0,4,7,1,2,2,2,4,6543.555,2.0,4,4,1.0,14,33,1198.0,0.44721574604633973,75.41486669363121,58.15772941192035,6.7004593044465635,643.6936130828209,27162.283324428885,8931.828000000005,1335.5899999999997,1935.9830000000004,5660.255000000005,1219.309,7712.519000000005,13.651281686122925,4,1,0,0,3,39.17485730200969,39.17485730200969,39.17485730200969,1.0,0.37762406852682584,0.0,0.0,1,0,0.0,1.0,0.0,0.0,0.0,0.0,1.0,0.0,0.0,0.0,1,0,2021,3,10,2,0,0,0,1,0,1,GRAVE_MORTALIDAD,2
4,1,13,0,4,1,-9.492945962438588,-78.43622915408584,0,4,4,1,1,1,0,2,6543.555,2.5690121273428095,2,1,1.0,6,31,1355.6163592739583,0.6228657668199461,80.67234564560886,72.23456771448107,9.096115528881025,1089.3014396941587,20096.278414741577,8188.974132572054,1533.4998150474844,1744.2828142982075,4911.191503226362,1558.1932766330476,6630.780855939007,19.424626559220783,5,1,0,0,3,42.9746273370995,38.12110914608529,47.397157655456525,0.5690121273428095,0.0,0.0,0.5690121273428095,1,0,0.0,0.0,0.5690121273428095,1.0,0.0,1.0,0.5690121273428095,0.4309878726571905,0.4309878726571905,0.4309878726571905,14,1,2021,3,24,5,1,1,0,1,0,1,GRAVE_MORTALIDAD,2
6,1,5,0,4,2,-6.691671046999222,-78.54035171915764,0,3,2,0,1,2,2,1,4738.784915645656,1.7118354771160487,2,3,0.7118354771160487,12,32,867.1871277292239,0.3484871558022944,76.33677469666252,53.28672218475212,4.131981838863427,447.1658531581213,76209.5845824411,15935.565011852366,1733.9250000199986,935.692,13265.948011832368,2000.1670000199988,13935.398011832369,12.551591352627522,4,1,0,0,3,36.23670954232097,36.23670954232097,36.23670954232097,1.0,0.7118354771160487,0.0,0.7118354771160487,1,0,0.0,0.0,0.7118354771160487,0.28816452288395134,0.7118354771160487,0.0,0.28816452288395134,1.0,0.7118354771160487,0.7118354771160487,16,2,2023,8,14,4,0,0,2,1,0,1,GRAVE_MORTALIDAD,2
3,2,13,0,4,1,-6.650080650523868,-79.79774368088836,0,4,7,1,2,2,2,0,1152.2556636957677,2.0,2,1,0.6039204436622274,4,14,184.7843755985775,0.48626738986510465,78.40256498087585,61.65578179651622,7.22956000299892,692.0580873485596,20493.648539784725,3459.691,515.0619999999999,689.7280000000001,2254.901,703.3549999999999,2756.336,20.329994788551925,5,2,0,0,2,34.50590935210654,27.733352457742136,41.27846624647095,1.0,1.0,0.0,1.0,2,0,0.0,0.0,0.3960795563377726,1.0,1.0,0.3960795563377726,0.0,0.6039204436622274,0.3960795563377726,0.6039204436622274,19,2,2021,8,10,2,0,0,0,1,0,1,GRAVE_MORTALIDAD,2
5,1,1,0,4,1,-8.619427356389355,-77.87813184998713,5,4,6,1,5,2,2,0,6543.555,2.0,4,4,1.0,14,33,1198.0,0.36870096026113935,72.34203024139694,26.262128684469797,6.199933334999348,597.3575488712515,1343.6636553378025,10767.648,1885.0630000000003,1222.721,7659.864000000001,2100.343,8667.305000000002,19.506051832303577,5,1,0,0,4,52.20650386847862,52.008129835598275,52.35528439313888,1.0,0.0,0.0,0.0,1,0,0.0,0.0,0.0,1.0,0.049593508220086124,0.9504064917799139,0.0,0.9504064917799139,1.0,1.0,18,2,2021,1,2,4,0,0,0,1,0,1,GRAVE_MORTALIDAD,2
3,1,20,0,4,1,-15.690258270849421,-70.79938200077693,0,4,7,0,2,2,2,2,1504.4250000000002,2.0,2,0,1.0,7,25,241.0,0.4698599762559323,78.4228993312338,68.12786536644234,6.991927650318564,610.3916333612686,6938.8501070663815,13642.312999999998,2020.7790000000005,2354.117,9267.416999999998,3314.0520000000006,10328.260999999997,24.29244952817019,4,1,0,0,3,29.76649417241543,22.97660160120139,36.55638674362947,1.0,0.0,0.0,0.0,1,0,0.0,0.0,0.0,1.0,0.0,0.0,1.0,0.0,0.9053190094952049,0.9053190094952049,1,0,2023,11,20,4,0,0,2,1,0,1,GRAVE_MORTALIDAD,2
6,1,13,0,4,0,-10.943288768299897,-76.78950752952993,0,4,6,0,1,2,2,1,6543.555,2.0,4,4,1.0,14,33,1198.0,0.3462145026375542,77.99978774403162,70.99493283591788,3.5081718317140504,441.0052894190512,1524.1214863180337,7655.394890307096,1675.5827773708081,1612.5356163259432,4367.276496610344,1817.0009597705946,5838.393930536502,23.741207621728435,6,1,0,0,5,43.63857632485564,43.63857632485564,43.63857632485564,1.0,0.032856697740396346,0.0,1.0,1,0,0.0,0.0,0.0,1.0,0.0,0.9671433022596037,0.032856697740396346,0.032856697740396346,0.0,0.032856697740396346,16,3,2023,6,23,1,0,0,0,1,0,1,GRAVE_MORTALIDAD,2
4,1,16,0,4,1,-8.438454231909,-78.51160689799488,0,3,3,1,2,1,0,3,251.93888595256684,2.0,2,0,0.5008301667373383,4,10,52.495849166313306,0.4276859488895358,71.98388740197876,56.15493686117645,6.44343649846655,725.0010907692921,37380.357462685715,8297.191535770218,1732.9896940085464,1117.2408073741742,5446.961034387497,2015.0217595632919,6282.169776206927,24.249190573691635,3,1,0,0,1,35.833610055579115,34.50249050021201,37.49750949978799,1.0,0.49916983326266173,0.0,1.0,1,0,0.0,0.0,0.49916983326266173,1.0,0.0,0.49916983326266173,1.0,0.0,0.5008301667373383,0.0,14,3,2022,8,16,0,0,1,0,1,0,1,GRAVE_MORTALIDAD,2
4,1,14,0,4,1,-7.501190026289303,-79.43225620615497,0,4,7,1,2,2,2,0,6543.555,2.3993933708128177,3,2,1.0,8,31,1308.6319637151505,0.492725984373754,75.54523915136235,51.007821755316456,6.795643443103088,870.8015759401536,46094.97270030664,8945.414563712278,1514.0477447572878,1417.176203427971,6014.190615527019,1616.783685083396,7328.630878628882,18.063803884216906,5,1,0,0,3,38.179981236822975,35.38422764113325,40.9757348325127,1.0,0.0,0.0,0.39939337081281745,1,0,0.0,0.0,0.39939337081281745,1.0,0.0,0.39939337081281745,1.0,0.0,0.39939337081281745,0.0,15,1,2023,5,14,2,0,0,0,1,0,1,GRAVE_MORTALIDAD,2
3,1,3,2,4,0,-16.39843741932677,-71.58758220593806,0,0,1,0,2,2,2,0,1819.268639851036,2.0,2,0,1.0,7,25,300.7931316194346,0.6411767862503931,77.2408324916572,78.204125011303,10.595705083047717,1107.223861768016,193412.3169164882,10322.272,1495.236,1749.739,7077.2970000000005,2886.595,7435.677000000001,27.964725207783708,3,1,0,0,1,45.9064422671007,33.93752023864218,57.8128845342014,0.9375202386421791,0.0,0.0,0.0,1,0,0.0,0.9375202386421791,0.0,1.0,0.9375202386421791,0.06247976135782085,0.9375202386421791,0.0,0.06247976135782085,0.0,8,1,2021,5,18,2,0,1,0,1,0,1,GRAVE_MORTALIDAD,2
6,1,12,0,4,1,-14.235888258841431,-73.14061161315232,0,4,0,0,1,1,1,1,2159.415098185641,1.7212244674989166,1,0,0.7212244674989166,9,32,620.202058988383,0.6884701408713579,76.99883531551305,65.9034191927517,11.091828812116177,1481.1006813491995,2602.433645398517,3215.281414753169,661.2005205759122,814.3940659699529,1739.6868282073044,887.9521384547963,2327.3292762983733,27.92747922276926,2,1,0,0,1,39.95142872750758,39.95142872750758,39.95142872750758,1.0,0.7212244674989166,0.0,0.0,1,0,0.0,0.0,0.0,0.27877553250108345,0.0,0.7212244674989166,0.27877553250108345,0.0,0.0,0.0,15,1,2021,3,28,4,0,1,0,1,0,1,GRAVE_MORTALIDAD,2
5,1,8,0,4,1,-11.593861693327398,-75.0636735670019,3,4,5,1,2,1,1,0,165.69855692385795,1.3088147854563068,1,2,0.0,9,32,90.4212829915727,0.3092594280834736,74.99245348721493,51.34906968564325,5.153731347922647,330.43749442590683,5672.164210147852,8441.761672621213,1419.608335571447,1728.2314100947433,5293.921926955021,1690.7195519780812,6751.04212064313,19.9697889459021,2,1,0,0,1,54.696049284854354,53.0832837842524,56.308814785456306,1.0,0.2303950715145644,0.0,0.0,1,0,0.0,0.0,0.0,1.0,0.2303950715145644,0.0,1.0,0.0,0.0,0.2303950715145644,6,1,2023,9,24,0,0,1,2,1,0,1,GRAVE_MORTALIDAD,2
3,1,3,1,4,0,-13.261264189518446,-74.02872648571537,0,4,1,0,2,1,0,1,7258.4585663878825,2.0,2,1,1.0,10,13,1198.0,0.4650758323086428,73.37194940179647,65.39763618038477,7.19767032792261,704.8442060166168,28299.836540321,8406.963612365515,1333.7449047198304,1521.7358684142655,5551.482839231418,1573.3652111160618,6833.598401249452,18.695686323552067,5,1,0,0,3,39.36142834851239,32.166813083928794,46.55604361309598,1.0,0.0,0.0,0.0,1,0,0.0,0.3147985462301339,0.6852014537698661,0.6852014537698661,0.6852014537698661,0.0,1.0,0.0,0.0,0.0,17,1,2022,5,23,4,0,1,2,1,0,1,GRAVE_MORTALIDAD,2
5,1,12,0,4,1,-8.248555594327057,-78.93924711148519,0,4,7,1,2,1,1,5,6543.555,3.0,2,0,1.0,0,30,1475.0,0.5715078988057151,78.79287016055521,66.12391732161433,8.931874480954336,925.6788775246811,20628.609170447315,8908.194444773118,1341.8864100329208,1929.8841464778748,5636.423888262323,1230.0904478977689,7678.103996875349,13.834958006439656,7,1,0,0,6,35.22628574955943,35.12672001975328,35.32585147936558,1.0,0.0,0.0,0.01810285996475436,1,0,0.0,0.0,0.01810285996475436,1.0,0.0,0.01810285996475436,1.0,0.0,0.0,0.0,12,2,2022,5,4,5,1,0,0,1,1,1,GRAVE_MORTALIDAD,2
3,1,7,0,4,0,-14.007012899060816,-71.31358489686096,0,4,0,1,1,1,1,3,7264.618927308946,2.0,2,1,1.0,10,13,1198.0,0.313806997962079,71.2966217829247,58.7044544801395,5.092816815020029,309.8632945113096,9946.13735993948,17779.13499998999,2097.3709999899997,2863.123,12818.640999999989,2878.713,14900.421999989989,16.19152450331032,7,1,0,0,5,40.72776467513463,35.54447064973074,45.91105870053851,1.0,0.0,0.0,0.6911058700538512,1,0,0.0,0.6911058700538512,0.0,1.0,0.0,1.0,0.6911058700538512,0.0,0.0,0.0,12,2,2022,7,16,2,0,1,2,1,0,1,GRAVE_MORTALIDAD,2
6,1,12,0,4,1,-8.804172682877798,-78.63972000734874,0,4,7,1,2,2,2,5,6543.555,3.0,2,0,1.0,0,30,1475.0,0.4867987483268106,77.5825534369154,52.95148122709723,6.150547060309878,840.5788229266196,9838.736616702356,8931.828000000005,1335.5899999999997,1935.9830000000004,5660.255000000005,1219.309,7712.519000000005,13.651281686122925,11,1,0,0,10,28.649579158770827,28.649579158770827,28.649579158770827,1.0,0.1168069470763915,0.0,0.8831930529236085,1,0,0.0,0.0,0.0,0.1168069470763915,0.0,0.1168069470763915,0.8831930529236085,0.0,0.1168069470763915,0.0,14,2,2022,9,23,5,0,1,0,1,1,1,GRAVE_MORTALIDAD,2
2,1,18,0,3,3,-5.542298183668573,-80.38604072550274,0,3,6,1,2,2,2,0,6543.555,2.0,4,4,1.0,14,33,1198.0,0.6276718377096372,80.20237085433243,72.84106001777397,10.055534578110398,1056.3769809748694,159681.31958407827,8896.456190389956,1777.2831860110155,686.8335432430824,6432.339461135858,2193.803569306623,6702.652621083333,24.652627739031757,2,1,0,0,0,38.94819850674307,26.621617919083192,51.274779094402945,1.0,0.05180149325693262,0.9481985067430674,0.9481985067430674,1,0,0.0,0.9481985067430674,0.0,1.0,0.9481985067430674,0.0,1.0,0.0,0.9481985067430674,0.0,17,2,2021,9,29,4,0,0,0,1,0,1,GRAVE_MORTALIDAD,2
6,1,4,0,4,2,-14.039448549377788,-73.96447878455317,0,4,2,0,1,1,0,3,6543.555,2.0,4,4,1.0,14,33,1198.0,0.3859978608570026,72.9999033491416,61.73457027766174,5.823954915463282,463.32381894055766,3850.1864174018588,12678.733000000004,1805.074000000001,1774.0339999999994,9099.625000000004,2485.375000000001,10193.358000000002,19.602707936195205,33,1,0,0,32,40.23848112965832,35.10599161318147,45.37097064613516,1.0,0.48675104835231553,0.0,1.0,1,0,0.0,0.0,0.5132489516476845,0.0,0.0,0.0,1.0,0.48675104835231553,1.0,0.48675104835231553,13,1,2023,2,9,4,0,0,2,1,0,1,GRAVE_MORTALIDAD,2
8,1,7,0,4,0,-13.717047446029785,-71.89414785902667,1,4,4,0,2,2,2,2,6543.555,2.0,4,4,1.0,14,33,1198.0,0.2559435523207995,63.704887596800845,58.701571855451455,4.642884358220543,224.10631473058055,1585.069606296487,17779.13499998999,2097.3709999899997,2863.123,12818.640999999989,2878.713,14900.421999989989,16.19152450331032,2,1,0,0,1,46.26044946491238,46.26044946491238,46.26044946491238,0.7023249794197068,0.0,0.0,0.0,1,0,0.0,0.0,0.0,1.0,0.0,0.7023249794197068,0.29767502058029316,0.0,0.7023249794197068,0.0,20,2,2023,4,18,3,0,0,2,1,0,1,GRAVE_MORTALIDAD,2
6,1,9,0,4,1,-9.580058189040377,-76.25615215720231,5,4,1,1,7,2,2,1,1039.5417832560888,1.8519692535558416,2,3,0.0,9,32,148.1290116703978,0.23406783536010395,70.47629559013387,37.561449377753505,3.2662629811774346,258.4462829586403,21740.757238309558,8316.049330638192,1333.7906409364896,961.3250621165959,6020.933627585106,1083.4625025205207,7232.586828117671,13.020456284839458,2,1,0,0,1,45.00316984600772,45.00316984600772,45.00316984600772,1.0,0.0,0.0,0.0,1,0,0.0,0.0,0.0,1.0,0.0,0.8519692535558417,0.14803074644415826,0.0,0.0,0.0,18,1,2021,9,13,1,0,0,1,1,0,1,GRAVE_MORTALIDAD,2
6,1,7,0,4,0,-13.834564380459621,-70.91510331450004,1,4,2,0,2,0,1,2,7214.835803970335,2.0,2,1,1.0,10,14,1198.0,0.4075365592193343,62.396269164624606,67.87575415070094,6.378303846697049,683.3745723238173,2046.160488228352,17779.13499998999,2097.3709999899997,2863.123,12818.640999999989,2878.713,14900.421999989989,16.19152450331032,3,1,0,0,2,27.5037376098793,27.5037376098793,27.5037376098793,1.0,0.3566089128743861,0.0,0.3566089128743861,1,0,0.0,0.0,0.0,0.3566089128743861,0.3566089128743861,0.6433910871256139,0.0,0.3566089128743861,0.3566089128743861,0.3566089128743861,5,0,2021,7,18,4,0,0,2,1,0,1,GRAVE_MORTALIDAD,2
6,1,3,0,4,2,-15.935119997285803,-71.90399436407688,0,4,0,0,7,2,2,0,6543.555,2.0,4,4,1.0,14,33,1198.0,0.4794663228620326,77.90289495206838,59.365835562341836,6.458702218572163,743.0674332511546,856.3347951570852,10322.272,1495.236,1749.739,7077.2970000000005,2886.595,7435.677000000001,27.964725207783708,6,1,0,0,5,44.7386026834396,44.7386026834396,44.7386026834396,0.2613973165603949,0.0,0.0,1.0,1,0,0.0,0.0,0.0,1.0,0.0,0.7386026834396051,0.2613973165603949,0.0,1.0,0.0,9,1,2023,11,15,3,0,0,0,1,0,1,GRAVE_MORTALIDAD,2
5,1,11,0,4,1,-8.71607496472814,-78.47952982826185,0,4,7,1,2,2,2,0,6502.171724178856,2.0,3,3,0.9465985727783387,13,32,1153.5166111243561,0.4975991957373798,77.46921841258875,47.15529711364902,6.429437590179863,923.9252321740746,44291.98351445084,9109.799844325898,1361.8033721860054,1891.6361051723352,5856.360366967558,1239.0262487687723,7870.773595557126,13.613953036571363,5,1,0,0,4,26.281634253319872,25.640817126659936,26.922451379979805,1.0,0.0,0.0,0.0,1,0,0.0,0.0534014272216613,0.0534014272216613,0.9465985727783387,0.0534014272216613,0.0,1.0,0.0,0.0,0.0,22,2,2023,6,6,2,0,0,0,1,0,1,GRAVE_MORTALIDAD,2
6,1,8,0,4,1,-13.211145931507701,-75.59718457498197,0,4,5,1,5,2,2,1,1482.81,1.0,1,3,0.0,9,16,270.0,0.364062380680205,60.506935464954026,45.400697393979584,6.992364502446889,546.5370240923627,631.6871562098985,8511.426,1445.3929999999996,2008.516,5057.516999999999,1879.579,6631.846999999998,22.08300935706896,4,1,0,0,3,32.03198448782901,32.03198448782901,32.03198448782901,1.0,0.726303500368818,0.0,0.0,1,0,0.0,0.0,0.0,1.0,0.0,0.726303500368818,0.27369649963118203,0.726303500368818,1.0,0.0,13,2,2022,7,15,5,1,0,2,1,0,1,GRAVE_MORTALIDAD,2
5,1,6,1,2,3,-12.551163317876707,-76.66297138372069,0,2,7,0,3,2,2,1,6564.736751300097,2.0,3,3,1.0,12,32,1289.8271317510953,0.5563774842369664,77.00938809632027,69.10246351364754,8.476961866273152,914.8835608305218,27932.19700214133,857.7919692226106,188.24905447896904,169.0171649209584,500.5257498226831,281.1775657834145,576.614403439196,81.8982304450548,7,1,0,0,5,32.10984106668791,30.68190719974504,33.537774933630786,1.0,0.0,0.0,0.0,1,0,0.0,0.21968213337582632,0.0,1.0,0.0,1.0,0.21968213337582632,0.0,0.0,0.0,21,2,2021,4,7,3,0,0,1,1,0,0,GRAVE_MORTALIDAD,2
6,2,5,0,4,1,-6.917411007544167,-78.68927416525966,2,3,3,0,2,0,1,0,901.5630973040638,2.0,2,1,0.5509166073238866,8,12,183.29225373859515,0.2934427607368833,71.94453433902059,45.663184519843085,4.284866990588932,319.10510673727345,5049.29205188981,15935.565011852366,1733.9250000199986,935.692,13265.948011832368,2000.1670000199988,13935.398011832369,12.551591352627522,6,2,0,0,4,47.50254312056478,46.12525160225506,48.8798346388745,1.0,0.0,0.0,0.4490833926761134,2,0,0.0,0.0,1.0,1.0,0.4490833926761134,1.0,0.5509166073238866,0.0,1.0,0.4490833926761134,11,1,2022,4,15,2,0,0,2,1,0,1,GRAVE_MORTALIDAD,2
5,1,3,0,4,0,-16.554525005870115,-71.7401146210839,0,4,1,0,2,1,1,0,6563.181120381165,2.0,3,3,1.0,12,32,1283.0831603331958,0.6105481451420971,78.10653088113892,68.35418098658066,8.411557426919764,1158.5430895193692,35025.678800856535,10322.272,1495.236,1749.739,7077.2970000000005,2886.595,7435.677000000001,27.964725207783708,10,1,0,0,8,27.221289382773143,26.61064469138657,27.831934074159715,1.0,0.0,0.0,0.0,1,0,0.0,0.20354823046219062,0.7964517695378094,0.20354823046219062,0.0,0.20354823046219062,1.0,0.0,0.0,0.0,5,0,2023,5,11,1,0,0,0,1,0,1,GRAVE_MORTALIDAD,2
6,2,3,0,4,1,-16.025966342096147,-71.30076505162815,0,4,0,0,2,0,1,0,1504.4250000000002,2.0,2,0,1.0,7,25,241.0,0.4685280505645348,81.83746865987648,70.74305753660312,6.037751599761188,617.4715908037651,1751.8736616702354,10322.272,1495.236,1749.739,7077.2970000000005,2886.595,7435.677000000001,27.964725207783708,7,2,0,0,4,36.86175984392848,35.45293700908156,38.45293700908156,1.0,0.0,0.0,0.0,2,0,0.0,0.4529370090815579,0.5470629909184421,0.5470629909184421,0.0,0.5470629909184421,1.0,0.0,0.0,0.0,17,1,2023,2,21,1,0,1,0,1,0,1,GRAVE_MORTALIDAD,2