CLASE SINIESTRO,CANTIDAD DE VEHICULOS DAÑADOS,DEPARTAMENTO,ZONA,TIPO DE VÍA,RED VIAL,COORDENADAS LATITUD,COORDENADAS  LONGITUD,CONDICIÓN CLIMÁTICA,ZONIFICACIÓN,CARACTERÍSTICAS DE VÍA,PERFIL LONGITUDINAL VÍA,SUPERFICIE DE CALZADA,¿EXISTE SEÑAL VERTICAL?,¿EXISTE SEÑAL HORIZONTAL?,CAUSA FACTOR PRINCIPAL,MTC_RVN_LONGITUD_KM,MTC_RVN_N_CARRILES_MEDIANA,MTC_RVN_SUPERFICIE_DOMINANTE,MTC_RVN_ESTADO_DOMINANTE,MTC_RVN_ES_CONCESIONADA,MTC_RVN_CONCESION_PRINCIPAL,MTC_RVN_CORREDOR_LOGISTICO,MTC_RVN_N_TRAMOS,IDH_2019,IDH_ESP_VIDA_2019,IDH_EDUC_SECUND_PCT_2019,IDH_ANIOS_EDUC_2019,IDH_INGRESO_PERCAP_2019,IDH_POBLACION_2019,MTC_DEP_RED_TOTAL_KM,MTC_DEP_NACIONAL_TOTAL_KM,MTC_DEP_DEPARTAMENTAL_TOTAL_KM,MTC_DEP_VECINAL_TOTAL_KM,MTC_DEP_PAV_TOTAL_KM,MTC_DEP_NO_PAV_TOTAL_KM,MTC_DEP_PCT_PAVIMENTADA,PER_TOTAL_PERSONAS,PER_N_CONDUCTORES,PER_N_CONDUCTORES_FUGADOS,PER_N_PEATONES,PER_N_PASAJEROS_OCUPANTES,PER_EDAD_COND_PROM,PER_EDAD_COND_MIN,PER_EDAD_COND_MAX,PER_ANY_COND_MASCULINO,PER_ANY_LIC_PROBLEMA,PER_ANY_DOSAJE_POS,PER_ANY_DOSAJE_EVALUADO,VEH_TOTAL,VEH_N_FUGADOS,VEH_ANY_FUGADO,VEH_ANY_CARGA,VEH_ANY_PUBLICO,VEH_ANY_PARTICULAR,VEH_ANY_MOTO,VEH_ANY_AUTO,VEH_ANY_CAMION_BUS,VEH_ANY_SOAT_PROBLEMA,VEH_ANY_CITV_PROBLEMA,VEH_ANY_SEGURO_PROBLEMA,HORA_NUM,FRANJA_HORARIA,ANIO,MES,DIA_MES,DIA_SEMANA,ES_FIN_SEMANA,ES_QUINCENA,REGION_NATURAL,TIENE_SEÑALIZACION,ES_VIA_MULTICARRIL,ES_DEPTO_BAJO_PAVIMENTO,CATEGORIA_SEVERIDAD,CATEGORIA_SEVERIDAD_ENC
4,1,5,0,4,1,-7.01328848397241,-78.42991063141439,0,2,2,0,2,0,1,2,9936.932,2.0,2,0,1.0,9,32,3830.0,0.3823416334911731,79.12577350581276,50.89036884105206,4.518218922430725,552.6366608002954,14812.316729786005,15935.565011852366,1733.9250000199986,935.692,13265.948011832368,2000.1670000199988,13935.398011832369,12.551591352627522,2,1,0,0,1,33.85052692017522,30.700095803668223,37.00095803668222,1.0,0.35004790183411094,0.0,0.35004790183411094,1,0,0.0,0.35004790183411094,0.0,1.0,1.0,0.0,0.35004790183411094,0.6499520981658891,0.6499520981658891,0.0,11,1,2021,6,3,4,0,0,2,1,0,1,GRAVE_MORTALIDAD,2
5,1,7,0,4,1,-14.365443118180753,-71.60580873545278,3,3,0,0,2,1,1,0,2145.4259274905307,1.2462317979549478,1,2,0.24623179795494765,8,28,508.713616644576,0.284771389594097,68.16681300639728,71.62251626305542,4.196809170639563,263.9980639548761,14831.199583878913,17779.13499998999,2097.3709999899997,2863.123,12818.640999999989,2878.713,14900.421999989989,16.19152450331032,10,1,0,0,9,30.477390787729686,27.522609212270314,33.43217236318905,1.0,0.24623179795494765,0.0,0.0,1,0,0.0,0.0,0.0,0.24623179795494765,0.24623179795494765,0.24623179795494765,0.7537682020450523,0.0,0.0,0.0,14,3,2022,3,17,4,0,1,2,1,0,1,GRAVE_MORTALIDAD,2
1,2,10,0,4,1,-14.255087288648728,-75.69420342785689,2,4,7,1,2,0,0,0,6639.975,2.0,2,0,1.0,9,31,1616.0,0.6261042306271147,80.48505954362174,76.55712631348362,9.341715591523595,1061.002261282891,31419.372591006424,3721.461,698.1859999999996,744.866,2278.409,1102.9029999999996,2618.558,29.636290693359403,4,2,0,0,1,37.882784062988954,32.96173352453957,42.80383460143835,1.0,0.6220091888089806,0.6220091888089806,1.0,2,0,0.0,0.3779908111910194,0.0,0.6220091888089806,0.6220091888089806,0.6220091888089806,0.3779908111910194,0.6220091888089806,0.6220091888089806,0.0,8,1,2022,5,4,4,0,0,0,0,0,1,GRAVE_MORTALIDAD,2
6,1,7,0,4,1,-13.224635127236956,-72.29664908547191,0,4,3,0,2,1,1,2,3447.8009999999995,1.0,2,3,0.0,9,12,1109.0,0.4436910265814239,73.23231952981627,68.31759937357421,6.347812015893606,607.5963608103546,11277.284796573877,17779.13499998999,2097.3709999899997,2863.123,12818.640999999989,2878.713,14900.421999989989,16.19152450331032,3,1,0,0,1,35.101189828832936,35.101189828832936,35.101189828832936,1.0,0.0,0.0,0.45992067807780423,1,0,0.0,0.5400793219221958,0.0,0.45992067807780423,0.45992067807780423,0.0,1.0,0.0,0.45992067807780423,0.0,4,0,2023,10,20,2,0,1,2,1,0,1,GRAVE_MORTALIDAD,2
3,1,1,0,4,1,-9.516911283148984,-78.32866581347072,0,4,5,1,2,1,1,0,6543.555,3.0,2,0,1.0,0,30,1475.0,0.5873460606982213,78.04758132038613,65.8701248560095,8.596987164492063,1041.0659985770535,35482.29764453961,10767.648,1885.0630000000003,1222.721,7659.864000000001,2100.343,8667.305000000002,19.506051832303577,5,2,0,0,2,37.3338476208163,31.24575712826551,42.75424287173449,1.0,0.25038571561222656,0.0,0.0,2,0,0.0,1.0,0.25038571561222656,0.7496142843877734,0.25038571561222656,0.0,1.0,0.0,0.25038571561222656,0.25038571561222656,4,0,2022,10,18,2,0,0,0,1,1,1,GRAVE_MORTALIDAD,2
3,2,7,0,4,1,-15.331756284311874,-71.08769955754184,0,4,0,0,2,0,1,2,568.5409999999999,1.0,2,3,0.0,9,3,93.0,0.4022986947801169,68.4845026292724,63.92986522137764,5.8895372320078785,555.9732864635047,1179.805839722359,17779.13499998999,2097.3709999899997,2863.123,12818.640999999989,2878.713,14900.421999989989,16.19152450331032,4,2,0,0,2,34.7259663405551,31.637815177161002,37.81411750394919,1.0,0.0,0.0,0.0,2,0,0.0,0.2724369645677993,0.7275630354322007,1.0,0.0,0.2724369645677993,1.0,0.0,0.7275630354322007,0.0,3,0,2022,9,16,5,1,0,2,1,0,1,GRAVE_MORTALIDAD,2
4,2,10,2,4,1,-13.746384536456704,-76.09427456271357,0,4,7,1,2,2,2,0,751.1310365959878,0.11038279945046314,2,1,1.0,11,28,126.03827994504633,0.529837680664858,75.9668898035636,67.32505671051612,9.176632230182284,768.1892205074633,13436.557431839621,3721.461,698.1859999999996,744.866,2278.409,1102.9029999999996,2618.558,29.636290693359403,2,2,0,0,0,35.92859640201497,27.110382799450463,42.22732040384676,1.0,0.0,0.0,0.0,2,0,0.0,0.6298724001831789,0.0,1.0,0.3701275998168211,0.6298724001831789,0.6298724001831789,0.3701275998168211,0.3701275998168211,0.3701275998168211,2,0,2023,6,9,3,0,0,0,1,0,1,GRAVE_MORTALIDAD,2
7,1,3,0,4,0,-15.723686209454959,-71.56679762552864,1,4,2,0,2,0,1,0,6543.555,2.0,4,4,1.0,14,33,1198.0,0.5325761945469989,81.34951653829121,50.97523181639888,6.867251361766504,964.6116839691138,2104.1584582441114,10322.272,1495.236,1749.739,7077.2970000000005,2886.595,7435.677000000001,27.964725207783708,2,1,0,0,1,39.12168469294456,35.8835799725072,42.35978941338193,1.0,0.0,0.0,0.0,1,0,0.0,0.0,0.0,1.0,0.3597894133819296,0.6402105866180704,0.3597894133819296,0.0,0.0,0.0,6,1,2023,6,10,5,1,0,0,1,0,1,GRAVE_MORTALIDAD,2
6,1,14,2,2,2,-12.051102242188493,-76.935444324698,0,2,7,1,2,2,2,0,6582.68340192995,2.0,3,2,1.0,11,32,1367.6294545397136,0.6868549636939637,79.62363164345142,76.30894566128948,9.209137883551294,1425.4498631666322,684921.8484148846,7626.313,1683.4029999999998,1599.0829999999996,4343.827000000001,1814.875,5811.438000000001,23.797541485643197,5,1,0,0,3,25.5220539362057,25.5220539362057,25.5220539362057,1.0,0.5941879077997284,0.0,0.0,1,0,0.0,0.0,0.0,1.0,0.0,0.4058120922002716,0.5941879077997284,0.0,0.5941879077997284,0.0,15,2,2022,7,22,3,0,1,0,1,0,1,GRAVE_MORTALIDAD,2
6,1,3,0,4,0,-15.649243936329427,-71.64475438321553,6,0,0,0,2,1,1,0,6543.555,2.0,4,4,1.0,14,33,1198.0,0.5325761945469989,81.34951653829121,50.97523181639888,6.867251361766504,964.6116839691138,2104.1584582441114,10322.272,1495.236,1749.739,7077.2970000000005,2886.595,7435.677000000001,27.964725207783708,2,1,0,0,1,20.08868435334771,20.08868435334771,20.08868435334771,1.0,0.02956145111590258,0.0,0.0,1,0,0.0,0.0,0.02956145111590258,0.9704385488840974,1.0,0.0,0.0,0.02956145111590258,0.02956145111590258,0.02956145111590258,8,1,2023,9,17,3,0,1,0,1,0,1,GRAVE_MORTALIDAD,2
3,1,14,0,4,1,-12.26641259423876,-76.90494244089496,0,3,7,1,2,2,2,0,6639.975,2.0,2,0,1.0,9,31,1616.0,0.6909236767275176,78.41626133969348,70.97436336767564,9.826485374940413,1476.8351947609171,95908.53319057816,7626.313,1683.4029999999998,1599.0829999999996,4343.827000000001,1814.875,5811.438000000001,23.797541485643197,3,2,0,0,1,31.674315593749157,31.449543729166102,31.899087458332207,1.0,0.0,0.0,0.0,2,0,0.0,0.11238593229152583,0.0,1.0,0.11238593229152583,0.0,1.0,0.0,0.0,0.0,8,1,2023,10,23,0,0,1,0,1,0,1,GRAVE_MORTALIDAD,2
3,2,5,0,4,1,-14.445182070634695,-73.77354920449027,0,4,7,1,2,0,1,1,6614.085755878482,2.2685049172528355,2,0,1.0,6,30,1578.1408066673503,0.6254542198207447,76.49417771443478,74.11685785251613,10.063954103128292,1110.361280755011,21362.199284312916,9948.930948835301,1452.3702639802539,1799.746429808837,6696.814255046209,2438.920510533189,7510.010438302111,24.12149523939705,5,2,0,0,3,39.63280219073204,36.46299016549433,45.240931158460306,1.0,0.7314950827471647,0.0,0.0,2,0,0.0,0.7314950827471647,0.0,1.0,0.0,0.0,1.0,0.0,0.0,0.0,17,2,2023,3,9,2,0,0,0,1,0,1,GRAVE_MORTALIDAD,2
4,1,12,0,4,0,-13.87549955529049,-71.92530193154266,0,4,0,0,2,2,2,3,7057.3013906623255,2.0,3,2,1.0,11,19,1198.0,0.5751297333687585,67.60219172131045,71.81776282048429,8.58176535139942,1246.315535850477,26956.066328310404,13167.844512865888,1914.5654785308295,2068.483110315471,9184.795924019587,2906.0099873878294,10261.834525478056,21.983212518067965,8,1,0,0,6,31.045589444773984,31.045589444773984,31.045589444773984,1.0,0.0,0.0,0.0,1,0,0.0,0.4924017592043357,0.4924017592043357,0.0,0.0,0.4924017592043357,1.0,0.0,0.5075982407956643,0.0,12,1,2022,3,21,3,0,1,2,1,0,1,GRAVE_MORTALIDAD,2
6,1,4,2,4,0,-15.658622156732505,-72.51065296622848,0,2,7,1,2,2,2,0,5618.157637149072,2.0,3,3,1.0,12,29,1027.872332961825,0.6503011468881441,77.92071931595902,77.4477573986663,10.438878938331323,1159.7428023173093,195039.7317750345,9882.101927926517,1525.9580851473822,1725.141347595678,6631.002495183455,2711.614939234018,7170.486988692497,27.28434781357332,4,1,0,0,3,37.81635156928107,34.469432824705926,40.326540627712426,0.16327031385621416,0.0,0.0,0.0,1,0,0.0,0.0,0.0,1.0,0.0,1.0,0.0,0.0,0.8367296861437858,0.0,14,3,2021,5,27,6,1,1,0,1,0,1,GRAVE_MORTALIDAD,2
9,1,8,0,4,0,-13.719307382274167,-75.04534090340768,1,4,4,0,7,2,2,4,6543.555,2.0,4,4,1.0,14,33,1198.0,0.4532915310638517,65.07342581160835,45.149247632024114,6.711728430819479,1034.5495475425223,1834.6698830878472,8511.426,1445.3929999999996,2008.516,5057.516999999999,1879.579,6631.846999999998,22.08300935706896,5,1,0,0,4,44.30940530983782,44.30940530983782,44.30940530983782,1.0,0.0,0.0,0.0,1,0,0.0,0.0,0.0,1.0,0.0,0.16367566372972786,0.8363243362702721,0.0,0.0,0.0,17,1,2021,1,23,4,0,1,2,1,0,1,GRAVE_MORTALIDAD,2
5,1,6,0,4,0,-12.892178023335624,-74.52585682241731,0,4,3,0,2,1,0,0,6832.515046911076,2.0,3,2,1.0,12,25,1198.0,0.34667118611414033,68.65473309099636,60.59302684044558,5.538619710777903,432.45444122697336,28776.6102736095,8469.202883693812,1400.2654606135395,1811.7621771465328,5257.1752459337395,1755.8090889785842,6713.393794715226,20.713872219295972,6,1,0,0,5,31.400615053429892,28.49259156312149,34.3086385437383,1.0,0.0,0.0,0.0,1,0,0.0,0.7230453818753901,0.27695461812460986,0.27695461812460986,0.27695461812460986,0.0,1.0,0.0,0.0,0.0,13,1,2021,4,24,5,0,1,2,1,0,1,GRAVE_MORTALIDAD,2
3,2,14,0,4,1,-10.851838781409379,-77.6914780359726,1,4,6,1,2,0,0,5,6543.555,3.0,2,0,1.0,0,30,1475.0,0.6291868063682733,79.68242993964031,65.79447716475958,8.159402171268727,1276.2443328113534,24751.910661236085,7626.313,1683.4029999999998,1599.0829999999996,4343.827000000001,1814.875,5811.438000000001,23.797541485643197,3,2,0,0,1,28.59218396015715,21.921175049133346,35.263192871180955,1.0,1.0,0.0,0.06579821779523898,2,0,0.0,0.06579821779523898,0.934201782204761,0.934201782204761,0.934201782204761,0.06579821779523898,1.0,0.0,0.934201782204761,0.0,20,2,2021,5,27,5,1,0,0,0,1,1,GRAVE_MORTALIDAD,2
4,1,12,0,4,1,-8.26955182670523,-78.5766952376627,0,4,7,1,1,2,2,0,7541.2578358442715,2.7059852660508183,2,0,1.0,2,30,2167.4046984503225,0.4738412940773117,75.9114692768764,53.61808082997634,6.389099926891079,791.1775060620994,68186.29969255239,8931.828000000005,1335.5899999999997,1935.9830000000004,5660.255000000005,1219.309,7712.519000000005,13.651281686122925,4,2,0,0,2,22.029051568822137,19.823941064203275,24.234162073441,1.0,0.29401473394918154,0.0,0.0,2,0,0.7059852660508185,0.0,0.29401473394918154,1.0,0.29401473394918154,0.7059852660508185,0.29401473394918154,0.0,0.7059852660508185,1.0,5,0,2022,9,17,5,0,1,0,1,0,1,GRAVE_MORTALIDAD,2
3,0,14,0,3,1,-11.873061111501588,-76.98626665311498,0,3,7,1,2,2,2,0,2385.062194751712,2.0,2,3,0.23820943547561613,10,25,1066.2102323372817,0.675711749639245,79.08223352798585,74.74595521741433,9.752801904681968,1345.6455953372367,351328.04494742193,7626.313,1683.4029999999998,1599.0829999999996,4343.827000000001,1814.875,5811.438000000001,23.797541485643197,9,2,0,0,7,26.59552358868904,24.476418870951232,28.71462830642685,1.0,0.23820943547561613,0.23820943547561613,0.23820943547561613,2,0,0.0,0.0,0.7617905645243839,1.0,0.23820943547561613,0.23820943547561613,0.7617905645243839,0.0,1.0,0.0,17,2,2024,2,6,2,0,0,0,1,0,1,GRAVE_MORTALIDAD,2
3,2,20,0,4,1,-15.5636745814566,-70.24859554656882,0,4,7,0,2,2,2,2,1604.8643856946337,2.0,1,0,0.6113252493290495,7,27,335.83663916371194,0.36148033242720623,73.91982924695877,69.96028779541176,6.562508126229307,365.04716274506046,4859.315820156264,13642.312999999998,2020.7790000000005,2354.117,9267.416999999998,3314.0520000000006,10328.260999999997,24.29244952817019,11,2,0,0,9,41.36228887130977,37.2226504986581,46.27927674530335,1.0,0.0,0.0,0.3886747506709505,2,0,0.0,0.3886747506709505,0.3886747506709505,0.6113252493290495,0.0,0.6113252493290495,1.0,0.6113252493290495,0.3886747506709505,1.0,18,2,2022,7,8,4,0,0,2,1,0,1,GRAVE_MORTALIDAD,2
6,1,12,0,4,1,-8.054178762205469,-77.56214326793405,0,4,7,1,1,2,2,1,6543.555,2.0,4,4,1.0,14,33,1198.0,0.2805835151506168,77.53529957639697,36.453354130959994,4.289292837255793,319.3937267666037,3206.12786843886,8931.828000000005,1335.5899999999997,1935.9830000000004,5660.255000000005,1219.309,7712.519000000005,13.651281686122925,2,1,0,0,1,27.562985529703322,27.562985529703322,27.562985529703322,1.0,0.0,0.0,0.0,1,0,0.0,0.5562985529703321,0.0,0.44370144702966785,0.0,0.0,1.0,0.0,0.5562985529703321,0.0,11,0,2022,5,27,6,1,1,0,1,0,1,GRAVE_MORTALIDAD,2
3,2,7,0,4,2,-13.376183322802689,-71.56320840519163,0,4,0,0,1,2,2,2,6187.067425940784,2.0,3,3,1.0,13,31,1129.31040730328,0.2491790600328233,60.32538099650675,44.51759775145206,3.9586477911818823,285.05456611216664,13050.316031279608,17779.13499998999,2097.3709999899997,2863.123,12818.640999999989,2878.713,14900.421999989989,16.19152450331032,5,2,0,0,3,32.336970903409686,31.891313935606455,32.78262787121291,1.0,0.8913139356064557,0.0,0.8913139356064557,2,0,0.0,0.0,0.0,1.0,0.8913139356064557,0.10868606439354433,1.0,0.8913139356064557,1.0,0.8913139356064557,7,1,2021,10,16,3,0,0,2,1,0,1,GRAVE_MORTALIDAD,2
4,2,3,0,4,1,-16.022512276548433,-71.29617727950247,2,4,1,0,2,1,1,0,1504.4250000000002,2.0,2,0,1.0,7,25,241.0,0.4685280505645348,81.83746865987648,70.74305753660312,6.037751599761188,617.4715908037651,1751.8736616702354,10322.272,1495.236,1749.739,7077.2970000000005,2886.595,7435.677000000001,27.964725207783708,5,2,0,0,3,33.334486471101044,31.93596348397484,33.992614935631025,1.0,0.5886697096687632,0.0,0.0,2,0,0.0,0.4113302903312368,0.0,1.0,0.0,1.0,0.4113302903312368,0.0,0.4113302903312368,0.0,10,1,2023,4,10,4,0,0,0,1,0,1,GRAVE_MORTALIDAD,2
6,1,3,0,4,0,-13.299626908855203,-73.07697391100474,0,4,5,0,1,2,2,5,6543.555,2.0,4,4,1.0,14,33,1198.0,0.2018913576707007,68.50205715623568,50.22678706062249,4.04786394151515,144.04659916324252,2954.830368119014,8337.199736364426,1289.8613970912154,1224.595712920494,5822.742626352716,1378.5396271751172,6958.660109189308,16.525365170803582,3,1,0,0,2,31.178375298728735,31.178375298728735,31.178375298728735,1.0,0.0,0.0,0.0,1,0,0.0,0.0,0.14522501991524905,0.0,0.0,0.854774980084751,0.14522501991524905,0.0,0.0,0.0,5,0,2021,6,10,1,0,0,2,1,0,1,GRAVE_MORTALIDAD,2
4,1,3,0,4,0,-16.409765549035253,-72.27880381828054,0,4,7,1,2,0,1,0,6594.109446354755,2.0,2,1,1.0,11,31,1417.1636442261706,0.6077843615696785,76.53072135400231,69.81276959706165,8.77367759087771,1135.5159013374655,74658.55888650964,10322.272,1495.236,1749.739,7077.2970000000005,2886.595,7435.677000000001,27.964725207783708,3,1,0,0,2,40.25154376402752,35.27055184979637,45.23253567825867,1.0,0.0,0.0,0.524314938340121,1,0,0.0,0.524314938340121,0.0,1.0,0.524314938340121,0.475685061659879,0.524314938340121,0.0,0.0,0.0,4,0,2023,10,26,5,1,1,0,1,0,1,GRAVE_MORTALIDAD,2
6,1,1,0,4,2,-10.121127433962345,-77.44551198674759,0,4,0,0,7,2,2,0,6543.555,2.0,4,4,1.0,14,33,1198.0,0.4472248072457514,70.09295420705827,58.68897517165299,7.00736660169409,675.9383827873172,1584.6432504875145,10767.648,1885.0630000000003,1222.721,7659.864000000001,2100.343,8667.305000000002,19.506051832303577,3,1,0,0,2,35.88900812843289,35.88900812843289,35.88900812843289,1.0,0.037042005351370366,0.0,0.0,1,0,0.0,0.0,0.0,1.0,0.0,0.037042005351370366,0.9629579946486296,0.0,0.0,0.0,11,2,2021,11,5,0,0,0,0,1,0,1,GRAVE_MORTALIDAD,2
4,1,5,0,4,1,-6.022065771506131,-78.81818188089422,0,4,7,1,1,2,2,1,1473.2596717738481,1.0,1,3,0.0,9,32,539.5457948441078,0.28931882846681833,77.39235369064198,43.027398696992286,4.187431991828602,292.23977253126003,21023.368777253712,15935.565011852366,1733.9250000199986,935.692,13265.948011832368,2000.1670000199988,13935.398011832369,12.551591352627522,2,1,0,0,1,40.83825487257514,40.445940513625956,41.23056923152433,1.0,0.392314358949189,0.0,0.607685641050811,1,0,0.0,0.607685641050811,0.0,0.392314358949189,0.392314358949189,0.392314358949189,0.607685641050811,0.0,0.392314358949189,0.0,18,2,2023,7,13,6,1,0,2,1,0,1,GRAVE_MORTALIDAD,2
3,2,10,0,3,1,-13.984878138322335,-75.69943980483146,0,4,6,1,2,1,1,0,682.3114853776679,1.0166127795394275,1,3,0.016612779539427414,9,32,263.782140562456,0.6620562888942045,79.5342468806058,81.02857192430083,11.690647476095343,1082.723769381282,142178.0453905455,3704.311262200299,693.1109785912795,754.2798973304891,2256.9203862785303,1088.9265855095816,2615.3846766907172,29.305557758284284,3,1,0,0,2,71.21919936164691,71.11952268441036,71.31887603888347,1.0,0.0,0.016612779539427414,0.016612779539427414,2,0,0.0,0.9833872204605726,0.0,1.0,0.016612779539427414,0.9833872204605726,0.9833872204605726,0.0,0.016612779539427414,0.0,22,2,2023,9,17,3,0,1,0,1,0,1,GRAVE_MORTALIDAD,2
6,1,1,0,4,1,-8.735897171081378,-77.51165111389552,0,4,5,0,1,1,0,0,6543.555,2.0,4,4,1.0,14,33,1198.0,0.298794829768276,74.23044329137872,43.58995552290301,5.291793428419361,283.0603076608623,1703.410208331516,10767.648,1885.0630000000003,1222.721,7659.864000000001,2100.343,8667.305000000002,19.506051832303577,4,1,0,0,3,29.43003421955017,28.79446345530565,29.90671229273356,1.0,0.0,0.0,0.0,1,0,0.0,0.0,0.0,1.0,0.1588926910611299,0.8411073089388701,0.0,0.0,1.0,0.1588926910611299,18,2,2021,5,21,4,0,1,0,1,0,1,GRAVE_MORTALIDAD,2
6,1,7,0,4,0,-14.953499196511663,-71.61041062390424,0,4,6,0,1,1,1,2,6543.555,2.0,4,4,1.0,14,33,1198.0,0.3154900663591183,71.41154773642208,70.31191551620076,3.7149432883316114,361.3497663291094,2078.9635266236687,17779.13499998999,2097.3709999899997,2863.123,12818.640999999989,2878.713,14900.421999989989,16.19152450331032,2,1,0,0,1,23.68334936805484,23.68334936805484,23.68334936805484,1.0,0.9640342437865872,0.0,0.9640342437865872,1,0,0.0,0.0,0.0,1.0,0.9640342437865872,0.0,0.0359657562134128,0.9640342437865872,0.9640342437865872,0.9640342437865872,0,0,2021,10,6,4,0,0,2,1,0,1,GRAVE_MORTALIDAD,2
3,2,5,0,4,1,-6.765096757489538,-78.69017540759936,0,4,4,0,2,1,1,1,9936.932,2.0,2,0,1.0,9,32,3830.0,0.35249699713851385,78.0656039193306,47.05020567880218,4.740685560837678,434.4506193839179,6779.7616261393105,15935.565011852366,1733.9250000199986,935.692,13265.948011832368,2000.1670000199988,13935.398011832369,12.551591352627522,4,2,0,0,2,46.12119777457373,28.925596358393378,63.31679919075408,1.0,0.34160040462295815,0.0,0.6583995953770418,2,0,0.0,0.34160040462295815,0.34160040462295815,0.6583995953770418,0.34160040462295815,0.6583995953770418,1.0,0.34160040462295815,1.0,0.34160040462295815,1,0,2023,10,26,1,0,1,2,1,0,1,GRAVE_MORTALIDAD,2
3,1,20,0,4,0,-14.621851633084376,-69.60995886018856,0,4,4,1,2,2,2,2,3133.7907130441376,2.0,1,1,0.28676687755788366,10,32,689.464783698771,0.6184115616858871,61.62211917452258,75.07837960512437,8.232900973487418,1672.724317350423,26325.70877944325,13642.312999999998,2020.7790000000005,2354.117,9267.416999999998,3314.0520000000006,10328.260999999997,24.29244952817019,5,1,0,0,3,28.29413502046307,24.014736285810372,32.57353375511577,1.0,0.7132331224421163,0.0,0.0,1,0,0.0,0.0,0.0,0.7132331224421163,0.7132331224421163,0.0,1.0,0.0,1.0,0.7132331224421163,15,1,2022,3,16,5,0,1,2,1,0,1,GRAVE_MORTALIDAD,2
3,1,14,0,4,1,-10.650122265795805,-77.82413424159812,0,4,7,1,2,1,0,1,6543.555,3.0,2,0,1.0,0,30,1475.0,0.6168688480054287,82.79594809249687,70.01597599897127,8.284681309640675,1099.5211958860264,20122.099214070957,7626.313,1683.4029999999998,1599.0829999999996,4343.827000000001,1814.875,5811.438000000001,23.797541485643197,3,2,0,0,1,40.77501912338141,30.119233711289446,51.43080453547337,1.0,0.0,0.44038314435527615,1.0,2,0,0.0,1.0,1.0,0.0,0.0,0.5596168556447239,1.0,0.0,0.44038314435527615,0.0,13,1,2022,5,2,3,0,0,0,1,1,1,GRAVE_MORTALIDAD,2
3,2,7,1,4,1,-13.597086392095555,-71.78723992639132,5,3,5,1,2,1,0,2,7586.903,2.0,2,0,1.0,9,5,1198.0,0.49965100487278774,73.80913119243765,68.8466623229329,8.153766722701299,719.0751929268366,6232.579366579578,17779.13499998999,2097.3709999899997,2863.123,12818.640999999989,2878.713,14900.421999989989,16.19152450331032,5,2,0,0,3,31.91083267303717,29.190177863968398,34.631487482105946,1.0,0.7206548090687734,0.0,0.27934519093122656,2,0,0.0,0.0,0.27934519093122656,1.0,0.0,0.7206548090687734,0.27934519093122656,0.0,0.7206548090687734,0.0,18,2,2021,4,13,4,0,0,2,1,0,1,GRAVE_MORTALIDAD,2
4,1,12,0,4,1,-14.622961371399215,-74.08994742542768,0,4,7,1,2,2,2,2,667.2991842500151,0.04661124981587106,2,0,1.0,11,27,79.54102707197872,0.5755584642689225,78.14693569071261,66.8463462068813,8.776272016199163,965.3863641300817,4920.945776484263,3452.03291257115,618.6780831852375,800.0534623323742,2033.3013670535381,1020.4101479007627,2431.6227646703874,29.546626234793564,6,1,0,0,5,45.95338875018413,43.86016625055239,48.04661124981587,1.0,0.6511295833947096,0.3488704166052904,0.3488704166052904,1,0,0.0,0.3488704166052904,0.0,1.0,0.0,0.6511295833947096,0.3488704166052904,0.0,0.3488704166052904,0.0,12,1,2022,7,7,3,0,0,0,1,0,1,GRAVE_MORTALIDAD,2
6,1,2,0,4,0,-14.121946928936008,-73.32397545350138,0,4,4,0,1,2,2,1,6543.555,2.0,4,4,1.0,14,33,1198.0,0.35990238982719114,64.19676720220251,74.51367439815934,6.511597353953996,392.02605722536003,979.3028504541272,8370.684314049517,1294.9700437693505,1352.6794069643074,5723.034863315858,1467.0185953919042,6903.665718657612,17.519284887509798,2,1,0,0,1,34.23049386473746,34.23049386473746,34.23049386473746,1.0,0.0,0.0,0.0,1,0,0.0,0.0,0.0,1.0,0.0,1.0,0.0,0.0,0.0,0.0,17,1,2021,2,8,0,0,0,2,1,0,1,GRAVE_MORTALIDAD,2