CLASE SINIESTRO,CANTIDAD DE VEHICULOS DAÑADOS,DEPARTAMENTO,ZONA,TIPO DE VÍA,RED VIAL,COORDENADAS LATITUD,COORDENADAS  LONGITUD,CONDICIÓN CLIMÁTICA,ZONIFICACIÓN,CARACTERÍSTICAS DE VÍA,PERFIL LONGITUDINAL VÍA,SUPERFICIE DE CALZADA,¿EXISTE SEÑAL VERTICAL?,¿EXISTE SEÑAL HORIZONTAL?,CAUSA FACTOR PRINCIPAL,MTC_RVN_LONGITUD_KM,MTC_RVN_N_CARRILES_MEDIANA,MTC_RVN_SUPERFICIE_DOMINANTE,MTC_RVN_ESTADO_DOMINANTE,MTC_RVN_ES_CONCESIONADA,MTC_RVN_CONCESION_PRINCIPAL,MTC_RVN_CORREDOR_LOGISTICO,MTC_RVN_N_TRAMOS,IDH_2019,IDH_ESP_VIDA_2019,IDH_EDUC_SECUND_PCT_2019,IDH_ANIOS_EDUC_2019,IDH_INGRESO_PERCAP_2019,IDH_POBLACION_2019,MTC_DEP_RED_TOTAL_KM,MTC_DEP_NACIONAL_TOTAL_KM,MTC_DEP_DEPARTAMENTAL_TOTAL_KM,MTC_DEP_VECINAL_TOTAL_KM,MTC_DEP_PAV_TOTAL_KM,MTC_DEP_NO_PAV_TOTAL_KM,MTC_DEP_PCT_PAVIMENTADA,PER_TOTAL_PERSONAS,PER_N_CONDUCTORES,PER_N_CONDUCTORES_FUGADOS,PER_N_PEATONES,PER_N_PASAJEROS_OCUPANTES,PER_EDAD_COND_PROM,PER_EDAD_COND_MIN,PER_EDAD_COND_MAX,PER_ANY_COND_MASCULINO,PER_ANY_LIC_PROBLEMA,PER_ANY_DOSAJE_POS,PER_ANY_DOSAJE_EVALUADO,VEH_TOTAL,VEH_N_FUGADOS,VEH_ANY_FUGADO,VEH_ANY_CARGA,VEH_ANY_PUBLICO,VEH_ANY_PARTICULAR,VEH_ANY_MOTO,VEH_ANY_AUTO,VEH_ANY_CAMION_BUS,VEH_ANY_SOAT_PROBLEMA,VEH_ANY_CITV_PROBLEMA,VEH_ANY_SEGURO_PROBLEMA,HORA_NUM,FRANJA_HORARIA,ANIO,MES,DIA_MES,DIA_SEMANA,ES_FIN_SEMANA,ES_QUINCENA,REGION_NATURAL,TIENE_SEÑALIZACION,ES_VIA_MULTICARRIL,ES_DEPTO_BAJO_PAVIMENTO,CATEGORIA_SEVERIDAD,CATEGORIA_SEVERIDAD_ENC
3,1,9,1,4,1,-12.275638172677267,-75.05841572669259,0,2,5,0,1,2,2,2,7371.302246329609,2.0,2,0,1.0,10,10,1198.0,0.47389989351645706,71.44221484442016,70.2407408172336,8.157683941364368,695.204516320017,14472.163305222139,12350.134127463927,1822.0439022751661,1243.6789358841802,9284.411289304579,1773.861667295092,10576.272460168833,14.32653131945132,3,1,0,0,1,25.156819298203917,21.58671363021659,28.72692496619124,1.0,1.0,1.0,1.0,1,0,0.0,0.0,0.0,1.0,0.2066431848917053,0.7933568151082947,0.0,1.0,1.0,0.2066431848917053,4,0,2022,8,12,4,0,0,2,1,0,1,GRAVE_MORTALIDAD,2
9,1,7,0,4,1,-14.444748751662653,-71.88023731335606,0,4,6,0,1,1,1,2,1966.9099262472407,1.1258908819741695,1,2,0.12589088197416953,8,30,499.5677070300369,0.46650917558827654,65.52916012657221,70.8882645347501,7.096781164119817,755.6657364109268,8929.923055019839,17779.13499998999,2097.3709999899997,2863.123,12818.640999999989,2878.713,14900.421999989989,16.19152450331032,3,1,0,0,2,19.881236173819186,19.881236173819186,19.881236173819186,1.0,1.0,0.0,0.0,1,0,0.0,0.0,0.0,1.0,0.8741091180258305,0.0,0.12589088197416953,1.0,1.0,1.0,18,2,2024,4,15,5,0,0,2,1,0,1,GRAVE_MORTALIDAD,2
5,1,12,1,2,3,-8.013107405166888,-79.11533643274753,0,0,0,1,1,2,2,0,6543.555,2.0,4,4,1.0,14,33,1198.0,0.5805831917942091,78.24113873863348,62.248765470061066,8.773544046367693,1019.2001963891818,76595.52515828631,8932.864113716774,1349.1992187195026,1896.41870326793,5687.246191729341,1249.6204887623535,7683.243624954421,13.987781398030611,4,1,0,0,3,24.862939863682765,24.72587972736553,25.0,1.0,0.030457808070496806,0.0,0.030457808070496806,1,0,0.0,0.030457808070496806,0.0,1.0,0.030457808070496806,0.9695421919295032,0.0,0.030457808070496806,1.0,0.0,1,0,2022,10,10,1,0,0,0,1,0,1,GRAVE_MORTALIDAD,2
6,1,8,0,4,1,-13.275088375029302,-75.33953158855257,0,4,0,1,1,2,2,0,748.1607398558559,-0.7273703848910549,5,3,0.09087653836964837,9,31,83.17351728426033,0.27409927525918615,63.042730793141736,40.89073430125096,6.128224160930302,266.77882293096786,742.8176987012563,8511.426,1445.3929999999996,2008.516,5057.516999999999,1879.579,6631.846999999998,22.08300935706896,10,1,0,0,9,37.1817530767393,33.54525923021789,39.90912346163035,1.0,0.9091234616303516,0.0,0.0,1,0,0.0,0.0,0.09087653836964837,0.9091234616303516,0.0,0.0,1.0,0.0,0.0,0.0,14,2,2021,5,5,4,0,0,2,1,0,1,GRAVE_MORTALIDAD,2
6,1,7,0,4,0,-13.31572606864899,-71.57257317306725,0,4,5,0,1,1,1,2,6543.555,2.0,4,4,1.0,14,33,1198.0,0.2466226927938573,59.50771953912937,42.678907967899015,3.991373779253808,285.51302601039464,12676.173447537472,17779.13499998999,2097.3709999899997,2863.123,12818.640999999989,2878.713,14900.421999989989,16.19152450331032,2,1,0,0,1,42.8028509104538,42.8028509104538,42.8028509104538,1.0,1.0,0.0,0.0,1,0,0.0,0.0,0.0,1.0,0.0,1.0,0.0,0.0,0.14532495861573647,0.0,5,0,2023,9,4,5,1,0,2,1,0,1,GRAVE_MORTALIDAD,2
4,1,12,2,2,4,-9.567527950681159,-78.32336620575882,0,0,0,1,2,1,1,0,6543.555,2.0,4,4,1.0,14,33,1198.0,0.676913081652939,79.04774030217148,69.20507634833508,10.370177426768837,1383.4654657128103,75966.63298587453,8449.513356692421,1464.0874152213798,1811.517326813308,5173.908614657734,1439.3372668955342,7010.176089796887,17.399756177884164,3,1,0,0,2,37.19165097999655,29.802771598180463,44.58053036181265,1.0,0.0,0.0,0.0,1,0,0.0,0.0,0.3694439690908047,1.0,0.0,1.0,0.3694439690908047,0.0,0.6305560309091953,0.0,6,1,2023,8,9,2,0,0,0,1,0,1,GRAVE_MORTALIDAD,2
3,1,20,0,4,1,-15.682886064206993,-70.56275363163684,0,4,7,1,2,0,1,2,1504.4250000000002,2.0,2,0,1.0,7,25,241.0,0.4698599762559323,78.4228993312338,68.12786536644234,6.991927650318564,610.3916333612686,6938.8501070663815,13642.312999999998,2020.7790000000005,2354.117,9267.416999999998,3314.0520000000006,10328.260999999997,24.29244952817019,3,1,0,0,1,52.40678441254517,36.341207444694845,68.4723613803955,1.0,0.0,0.0,0.7472361380395502,1,0,0.0,0.7472361380395502,0.0,1.0,0.0,0.7472361380395502,1.0,0.0,0.7472361380395502,0.0,10,2,2021,5,19,4,0,0,2,1,0,1,GRAVE_MORTALIDAD,2
3,3,9,0,4,0,-10.641060274126856,-75.82655945798992,0,0,7,1,2,2,2,1,6797.951188760055,2.0,3,3,1.0,12,30,1393.8055222184337,0.6024740503834611,72.26156006870303,74.67154075546902,10.56673935470665,1046.4421134912586,115702.67391430406,13033.321460422538,1807.084698164004,1069.9700368639203,10156.266725394613,1674.7388052622584,11358.58265516028,12.868354476540526,8,3,0,0,4,35.16232931671259,24.256506024931127,44.486987950137745,1.0,0.0,0.0,1.0,3,0,0.0,1.0,0.0,1.0,0.20941767082185425,0.7905823291781457,1.0,0.20941767082185425,1.0,0.20941767082185425,13,2,2021,7,26,2,0,1,2,1,0,1,GRAVE_MORTALIDAD,2
4,1,7,0,4,0,-13.355078671946755,-71.61048159028546,0,4,0,1,1,1,1,2,7026.538050776977,2.0,3,2,1.0,11,20,1198.0,0.40137269760273037,63.003650621316574,66.51499575557285,6.721833045826795,567.2678907183197,5468.237990528495,17779.13499998999,2097.3709999899997,2863.123,12818.640999999989,2878.713,14900.421999989989,16.19152450331032,6,1,0,0,4,55.964169845342695,55.038336756522895,56.89000293416248,1.0,0.5370834555901035,0.0,0.4629165444098965,1,0,0.0,0.0,0.4629165444098965,1.0,0.0,0.5370834555901035,0.4629165444098965,0.0,0.5370834555901035,0.0,22,2,2023,4,6,3,0,0,2,1,0,1,GRAVE_MORTALIDAD,2
3,1,11,0,4,1,-14.556548132561907,-74.79935405850436,1,4,1,0,3,2,2,1,1599.5188262352763,1.2627807764286954,1,2,0.26278077642869524,9,20,302.3220355007295,0.625960549242902,79.9569409985234,71.27729003240188,10.465081913683978,1046.090714418844,67160.86009461909,3518.518822514212,638.2979982711237,786.4350282424789,2093.7857960006095,1040.7666459479997,2477.7521765662123,29.568752447298696,8,2,0,0,6,42.89417116464304,41.2627807764287,44.52556155285739,1.0,0.0,0.0,0.0,2,0,0.0,0.7372192235713048,0.7372192235713048,0.26278077642869524,0.0,1.0,1.0,0.0,0.7372192235713048,0.0,11,1,2022,5,7,2,0,0,0,1,0,1,GRAVE_MORTALIDAD,2
3,2,23,1,2,2,-6.5858669103425385,-76.74498580839527,0,4,3,1,2,1,1,2,6543.555,2.3726858629897376,3,2,1.0,8,31,1301.2339840481573,0.5780244501862613,74.72938746347054,64.81859011359603,9.714235950633606,991.8938276268423,119982.96782209884,2063.012588114447,297.9516818531599,929.8789424608663,835.1819638004209,267.32767245760425,1795.6849156568433,16.331736691833818,3,2,0,0,1,29.285887424381983,22.354172766907638,36.21760208185633,1.0,0.0,1.0,1.0,2,0,0.0,0.0,0.3726858629897375,0.6273141370102625,1.0,0.3726858629897375,0.0,0.0,1.0,0.0,20,2,2021,3,22,6,1,1,0,1,0,1,GRAVE_MORTALIDAD,2
10,1,3,0,4,1,-16.667840719135672,-72.55947124871878,0,4,0,0,2,1,1,1,1926.94,2.0,2,0,1.0,9,32,393.0,0.5506134487544145,84.11518135609504,66.07904665694413,8.594478109433165,777.7519971785225,628.7494646680942,10322.272,1495.236,1749.739,7077.2970000000005,2886.595,7435.677000000001,27.964725207783708,18,1,0,0,17,39.35849383445605,37.24528890202089,40.94339753378242,1.0,0.0,0.0,0.4716987668912095,1,0,0.0,0.5283012331087905,0.4716987668912095,0.0,0.0,0.0,1.0,0.0,0.5283012331087905,0.0,6,0,2022,2,18,3,0,1,0,1,0,1,GRAVE_MORTALIDAD,2
6,1,8,0,4,0,-13.070473235355482,-74.95683785855576,0,4,0,0,3,2,2,0,6543.555,2.0,4,4,1.0,14,33,1198.0,0.4889696582256591,69.25872432434596,51.02652182773852,6.614436923268846,975.9021886603327,2288.809578778689,8511.426,1445.3929999999996,2008.516,5057.516999999999,1879.579,6631.846999999998,22.08300935706896,3,1,0,0,2,33.40216213562285,33.40216213562285,33.40216213562285,1.0,0.9597837864377148,0.0,0.9597837864377148,1,0,0.0,0.0,0.0,1.0,0.0,0.0,1.0,0.9597837864377148,0.0,0.9597837864377148,14,2,2021,1,8,1,0,0,2,1,0,1,GRAVE_MORTALIDAD,2
6,1,22,0,4,1,-17.047518002178773,-70.1764434183976,2,4,4,1,2,2,2,2,1402.864651726822,1.6761573334534452,1,0,0.6761573334534453,9,24,192.22777600288268,0.4007903731647632,72.24264458204422,67.06647221829566,7.126112804898396,439.0782503602842,2746.9740927889625,2650.572,630.6729999999998,487.3610000000001,1532.5379999999998,1068.7019999999998,1581.87,40.31967439480987,5,1,0,0,4,40.52314666906891,40.52314666906891,40.52314666906891,1.0,0.0,0.0,0.6761573334534453,1,0,0.0,0.0,0.0,1.0,0.0,1.0,0.0,0.0,0.0,0.0,12,3,2024,2,2,4,0,0,0,1,0,1,GRAVE_MORTALIDAD,2
6,1,8,0,4,0,-13.119142288994357,-74.96183833259522,0,4,0,0,3,2,2,0,6543.555,2.0,4,4,1.0,14,33,1198.0,0.48992582908791,69.02836693490258,50.60216454602104,6.648808791293254,988.8948024826466,2270.975969132788,8511.426,1445.3929999999996,2008.516,5057.516999999999,1879.579,6631.846999999998,22.08300935706896,3,1,0,0,2,33.92249199758762,33.92249199758762,33.92249199758762,1.0,0.9077508002412379,0.0,0.9077508002412379,1,0,0.0,0.0,0.0,1.0,0.0,0.0,1.0,0.9077508002412379,0.0,0.9077508002412379,14,2,2021,1,9,1,0,0,2,1,0,1,GRAVE_MORTALIDAD,2
3,2,21,2,4,1,-6.046855112041276,-76.99333781003179,0,2,0,0,2,1,0,2,7758.33400008,2.0,2,0,1.0,9,20,2133.0,0.5294800468051228,72.46713251445857,60.50982579904599,7.757161651692042,952.984823255978,86435.21199143468,5645.136,815.0759999999999,965.298,3864.762,1013.406,4631.73,17.95184385283189,3,2,0,0,1,37.79770511573681,31.94655767360522,43.64885255786841,1.0,1.0,0.0,0.2702294884263188,2,0,0.0,0.0,0.2702294884263188,1.0,1.0,0.0,1.0,0.7297705115736812,1.0,1.0,6,1,2024,4,9,6,1,0,1,1,0,1,GRAVE_MORTALIDAD,2
6,1,11,0,4,1,-11.620362690453238,-76.00938436644871,1,4,1,1,3,1,1,1,875.67,2.0,2,0,1.0,3,14,156.0,0.7045048858113412,76.03866905687309,68.74554898563056,10.756160359254002,1573.7987000498822,4922.96573875803,12264.545,1826.4639999999995,1105.5389999999998,9332.542,1588.5359999999996,10676.009,12.952261987705208,3,1,0,0,2,18.645364714023167,18.645364714023167,18.645364714023167,1.0,0.7354635285976832,0.0,0.0,1,0,0.0,0.0,0.0,1.0,0.0,1.0,0.0,0.0,0.7354635285976832,0.0,19,1,2024,3,21,3,0,1,2,1,0,1,GRAVE_MORTALIDAD,2
3,1,8,0,4,1,-13.372483540254983,-74.9817415825333,0,4,6,1,2,1,1,1,273.42052477652015,1.0800182697576792,1,3,0.08001826975767934,9,31,59.24507899263486,0.3178839534676288,72.90937411416338,46.94543467686147,5.310005364013422,340.5866894948623,3226.587837057445,8511.426,1445.3929999999996,2008.516,5057.516999999999,1879.579,6631.846999999998,22.08300935706896,9,1,0,0,7,29.920438474184305,29.920438474184305,29.920438474184305,1.0,0.9199817302423207,0.0,0.9199817302423207,1,0,0.0,0.0,0.0,1.0,0.0,0.9199817302423207,1.0,0.0,0.0,0.0,2,0,2021,3,12,4,0,0,2,1,0,1,GRAVE_MORTALIDAD,2
4,1,7,1,4,1,-13.60230398800757,-71.77783979431189,4,3,4,1,2,1,0,3,7586.903,2.0,2,0,1.0,9,5,1198.0,0.4939050595974288,72.64175004077849,68.6685728123421,8.090066373332283,716.7689286815679,6168.1779268835135,17779.13499998999,2097.3709999899997,2863.123,12818.640999999989,2878.713,14900.421999989989,16.19152450331032,3,1,0,0,2,34.11089857151704,32.18929243707887,36.03250470595521,1.0,0.6405353781460564,0.35946462185394357,0.35946462185394357,1,0,0.0,0.0,0.0,1.0,0.0,1.0,0.0,0.0,0.6405353781460564,0.0,15,3,2022,5,13,4,0,0,2,1,0,1,GRAVE_MORTALIDAD,2
3,2,7,0,4,1,-13.595091596146515,-71.781484077511,0,3,7,1,2,1,1,2,7586.903,2.0,2,0,1.0,9,5,1198.0,0.5065580412535501,64.79370905469777,77.15417383818448,8.35812941450031,844.3117831870799,8658.316916488222,17779.13499998999,2097.3709999899997,2863.123,12818.640999999989,2878.713,14900.421999989989,16.19152450331032,3,2,0,0,1,41.84549063616325,24.248917798410247,59.44206347391624,1.0,0.0,0.0,0.8583694067196584,2,0,0.0,0.14163059328034155,0.0,0.8583694067196584,0.8583694067196584,0.0,1.0,0.0,0.8583694067196584,0.8583694067196584,15,2,2021,10,3,1,0,0,2,1,0,1,GRAVE_MORTALIDAD,2
3,2,14,0,4,1,-10.821815765605386,-77.67438338477805,1,4,5,1,2,0,0,5,6543.555,2.767396137851244,2,0,1.0,3,30,1410.5687301847945,0.6308271130775358,79.95164649343668,65.83291929627318,8.147513189673957,1280.4873677124128,24646.92291220557,7626.313,1683.4029999999998,1599.0829999999996,4343.827000000001,1814.875,5811.438000000001,23.797541485643197,3,2,0,0,1,35.094417795537055,27.97811586446268,42.21071972661144,1.0,1.0,0.0,0.0,2,0,0.0,0.23260386214875595,0.767396137851244,0.767396137851244,1.0,0.0,1.0,0.0,1.0,0.23260386214875595,15,1,2021,4,28,5,1,1,0,0,0,1,GRAVE_MORTALIDAD,2
3,1,3,0,4,1,-16.483193153597902,-72.90023367163515,0,4,0,0,2,1,1,0,6639.975,2.0,2,0,1.0,9,31,1616.0,0.6223368336020729,82.2198354904573,68.24967344159565,8.68052763734828,1120.2138764966196,4301.940637625511,10322.272,1495.236,1749.739,7077.2970000000005,2886.595,7435.677000000001,27.964725207783708,7,2,0,0,5,34.78876466539116,30.346517598469397,39.11550586615647,0.8844941338435338,0.0,0.0,0.0,2,0,0.0,0.11550586615646619,0.0,1.0,0.0,1.0,1.0,0.0,0.0,0.0,18,2,2022,1,21,4,0,1,0,1,0,1,GRAVE_MORTALIDAD,2
6,1,5,1,4,2,-5.778446828892963,-78.70806495483663,0,3,4,0,2,2,2,4,6543.555,2.0,4,4,1.0,14,33,1198.0,0.32657539215569076,74.56681664951343,43.26491317007817,4.592869172634882,417.37736308272645,13137.986643786271,15935.565011852366,1733.9250000199986,935.692,13265.948011832368,2000.1670000199988,13935.398011832369,12.551591352627522,15,1,0,0,14,38.41371198235777,38.41371198235777,38.41371198235777,1.0,0.0,0.0,1.0,1,0,0.0,0.6738939433612066,0.32610605663879344,0.0,0.0,0.0,1.0,0.0,0.0,0.0,10,0,2023,8,17,1,0,0,2,1,0,1,GRAVE_MORTALIDAD,2
5,1,2,0,4,1,-14.420673399850637,-74.87763082953268,1,4,5,0,3,1,1,2,6618.720379138655,2.0,2,0,1.0,10,31,1523.8569641148874,0.6146410131470388,81.95748757945046,64.09905502804757,9.297823984442571,1077.3389944915966,9332.073073776804,10420.449743421934,1581.168639354033,1633.5642667796644,7205.716837288236,2713.2752721274123,7707.174471294521,26.1001131398954,5,1,0,0,3,34.20437884892614,34.20437884892614,34.20437884892614,1.0,0.0,0.0,0.22043788489261396,1,0,0.0,1.0,0.0,0.779562115107386,0.22043788489261396,0.779562115107386,0.779562115107386,0.0,1.0,0.0,17,2,2021,4,27,4,0,1,0,1,0,1,GRAVE_MORTALIDAD,2
3,1,13,0,3,1,-11.506104939184684,-77.135677781654,0,3,7,1,2,2,2,0,1492.554790735333,2.0,2,3,0.07471180520684484,9,23,1037.925142300784,0.654744009839222,78.90397826985124,74.3492513469629,9.411512559678034,1256.3015211363902,354941.5211828508,7723.850382374614,1657.4172628955914,1624.2534071741857,4442.179712304838,1770.37918902018,5953.471193354435,23.039496099923397,11,1,0,0,9,26.0,24.149423610413688,27.850576389586312,1.0,0.07471180520684484,0.0,0.0,1,0,0.0,0.0,0.9252881947931552,1.0,0.07471180520684484,0.0,0.9252881947931552,0.0,0.9252881947931552,0.0,17,2,2024,3,6,3,0,0,0,1,0,1,GRAVE_MORTALIDAD,2
3,1,12,0,4,1,-7.443120484271949,-79.43526117845038,0,4,7,1,1,2,2,0,6543.555,2.867966642002131,2,0,1.0,1,30,1438.4267598345903,0.5915137839781142,80.96332582748745,73.55645355092247,9.559736796749783,900.8917639865125,27603.895589557575,8931.828000000005,1335.5899999999997,1935.9830000000004,5660.255000000005,1219.309,7712.519000000005,13.651281686122925,3,1,0,0,1,39.28245033297123,35.376600443961635,43.18830022198082,1.0,1.0,0.0,0.0,1,0,0.0,0.13203335799786886,0.0,0.8679666420021311,0.8679666420021311,0.0,1.0,0.0,0.0,0.8679666420021311,5,0,2023,7,20,5,1,0,0,1,0,1,GRAVE_MORTALIDAD,2
3,1,12,1,2,2,-13.080621465227786,-76.41181569846363,0,1,7,1,2,2,2,1,3565.3130298740175,1.5003167697170958,2,3,0.5003167697170958,11,32,723.3009312312411,0.7431114051008725,79.98560669126819,79.01890779250645,12.25091837376365,1525.7211256409105,144669.432890706,5675.123938863341,1191.1065869103677,1172.2450900774284,3311.772261875545,1459.11453116902,4216.009407694321,26.71506655056658,4,1,0,0,3,57.240655293345675,53.48827952046746,60.99303106622389,1.0,0.5003167697170958,0.0,0.0,2,0,0.0,0.4996832302829042,0.0,1.0,0.0,1.0,0.4996832302829042,0.0,0.0,0.0,21,2,2024,6,9,2,0,0,0,1,0,1,GRAVE_MORTALIDAD,2
6,1,20,0,4,1,-13.541692128652445,-70.31199470890697,0,4,6,1,2,1,1,2,1746.0163135853422,2.0,2,0,1.0,6,22,399.6328852122263,0.4592129534496022,65.28765225594532,74.74034336892882,7.4007690944655025,692.6411185979697,5328.787551743805,13642.312999999998,2020.7790000000005,2354.117,9267.416999999998,3314.0520000000006,10328.260999999997,24.29244952817019,3,1,0,0,2,25.30671937241934,25.30671937241934,25.30671937241934,1.0,0.0,0.0,0.06134387448386802,1,0,0.0,0.938656125516132,0.0,0.06134387448386802,0.0,0.0,1.0,0.0,0.06134387448386802,0.0,3,0,2021,1,14,3,0,0,2,1,0,1,GRAVE_MORTALIDAD,2
3,2,10,2,4,1,-14.848095882717692,-74.97032218119543,0,3,7,1,2,1,0,1,6639.975,2.0,2,0,1.0,9,31,1616.0,0.5563774842369664,77.00938809632027,69.10246351364754,8.476961866273152,914.8835608305218,27932.19700214133,3721.461,698.1859999999996,744.866,2278.409,1102.9029999999996,2618.558,29.636290693359403,3,2,0,0,1,41.216498768745254,39.00387284530419,43.42912469218631,1.0,0.2854376539068437,0.7145623460931563,0.7145623460931563,2,0,0.0,0.2854376539068437,0.7145623460931563,1.0,0.0,0.0,1.0,0.0,0.2854376539068437,0.2854376539068437,20,2,2021,3,20,3,0,1,0,1,0,1,GRAVE_MORTALIDAD,2
3,2,17,0,4,1,-6.0632746335879695,-78.41207425492648,0,4,7,1,2,2,2,1,7300.8624796308095,2.3765882686637356,2,0,1.0,5,23,1885.2049192192621,0.4447079264815902,74.28301297958453,52.746933597772866,5.760455714837747,734.6713208623128,48060.938234737856,4822.123051190183,702.094247165118,861.5215708043345,3258.50723322073,896.64443071254,3925.478620477642,18.84742759633574,10,2,0,0,8,29.64247095530109,26.895647492628562,32.389294417973616,1.0,0.0,0.0,0.0,2,0,0.0,0.0,0.3765882686637354,1.0,0.6234117313362646,0.3765882686637354,0.3765882686637354,0.6234117313362646,1.0,0.6234117313362646,14,1,2023,6,5,2,0,0,0,1,0,1,GRAVE_MORTALIDAD,2
3,1,18,0,4,1,-5.6177495485162545,-80.51478660429943,0,4,6,0,1,2,2,0,466.8044411234867,1.9705546707284958,1,2,0.0,9,32,137.77014334198367,0.47007007810609364,76.37802829075757,62.77801807397315,6.766423711339662,673.5436652643311,43493.97583384373,8947.976365856592,1767.690483790322,656.4623366267205,6523.823545439549,2191.4839938365267,6756.492372020066,24.476739325173575,3,1,0,0,1,21.14722664635752,21.14722664635752,21.14722664635752,1.0,1.0,0.029445329271504117,1.0,1,0,0.0,0.0,0.9705546707284959,1.0,0.9705546707284959,1.0,0.0,0.029445329271504117,0.9705546707284959,0.029445329271504117,18,2,2024,1,12,3,0,0,0,1,0,1,GRAVE_MORTALIDAD,2
6,1,3,0,4,0,-15.650371011448536,-71.64246899886174,3,2,0,0,2,0,1,0,6543.555,2.0,4,4,1.0,14,33,1198.0,0.5325761945469989,81.34951653829121,50.97523181639888,6.867251361766504,964.6116839691138,2104.1584582441114,10322.272,1495.236,1749.739,7077.2970000000005,2886.595,7435.677000000001,27.964725207783708,3,1,0,0,2,21.67685972081113,21.67685972081113,21.67685972081113,1.0,0.558953240270377,0.0,0.0,1,0,0.0,0.0,0.558953240270377,0.44104675972962304,1.0,0.0,0.0,0.558953240270377,0.558953240270377,0.558953240270377,11,2,2022,6,18,4,0,1,0,1,0,1,GRAVE_MORTALIDAD,2
6,1,12,0,4,0,-7.733648753201641,-77.66047791913775,0,4,7,1,7,2,2,3,6543.555,2.0,4,4,1.0,14,33,1198.0,0.4686292122960986,72.39347765706144,42.14285241633188,6.687776775372348,878.2652317159998,9440.374732334049,8931.828000000005,1335.5899999999997,1935.9830000000004,5660.255000000005,1219.309,7712.519000000005,13.651281686122925,3,1,0,0,2,40.018362340417454,40.018362340417454,40.018362340417454,1.0,0.0,0.0,0.0,1,0,0.0,0.3363937234029094,0.0,0.6636062765970906,0.0,0.0,1.0,0.0,0.6636062765970906,0.0,5,1,2023,6,18,3,0,0,0,1,0,1,GRAVE_MORTALIDAD,2
3,1,15,0,4,1,-13.516042420255719,-72.85255598291019,2,4,7,1,2,0,1,2,8717.215968461282,2.0,2,0,1.0,9,17,2463.934902501241,0.39844539269360346,70.16509876895138,67.3341115304534,7.023949386392002,467.17045509579555,6121.276095098886,12979.636480718338,1927.317700387717,1753.578068124926,9298.740712205696,2484.1162366168955,10495.520244101443,18.83806533045578,4,2,0,0,2,62.3600552816396,57.10054443485033,67.61956612842889,1.0,0.5190216935785558,0.0,0.48097830642144423,2,0,0.0,0.5190216935785558,0.0,1.0,0.0,1.0,0.5190216935785558,0.0,1.0,0.0,16,3,2022,3,17,3,0,0,2,1,0,1,GRAVE_MORTALIDAD,2
6,1,7,0,4,1,-13.447671941596461,-74.91917661824823,0,4,6,1,2,1,0,0,1691.1788937757347,2.0,2,2,1.0,8,24,310.85265828090326,0.2995353526981762,72.82702015111364,46.65007928395261,4.990341658979141,291.8438219956097,3298.6526396441886,8508.264585091076,1442.0141192280344,1993.784248216305,5072.466217646735,1870.3118478755127,6637.952737215561,21.980496540906138,5,1,0,0,4,36.89631645702258,36.89631645702258,36.89631645702258,1.0,0.0,0.0,0.0,1,0,0.0,0.0,0.0,0.9792632914045163,0.0,1.0,0.0,0.0,0.0,0.0,8,0,2024,6,25,4,0,0,2,1,0,1,GRAVE_MORTALIDAD,2
6,1,5,1,4,2,-5.8518959768995735,-78.75122016719021,0,3,4,0,2,2,2,4,6543.555,2.0,4,4,1.0,14,33,1198.0,0.3658980741021471,75.74020347177138,46.42311093079729,5.026896222991187,480.0816720898536,13942.120186665685,15935.565011852366,1733.9250000199986,935.692,13265.948011832368,2000.1670000199988,13935.398011832369,12.551591352627522,6,1,0,0,5,32.76911378187242,32.76911378187242,32.76911378187242,1.0,0.30363756746696946,0.0,0.6963624325330305,1,0,0.0,0.6963624325330305,0.30363756746696946,0.0,0.0,0.0,1.0,0.30363756746696946,0.30363756746696946,0.30363756746696946,5,0,2022,10,16,1,0,0,2,1,0,1,GRAVE_MORTALIDAD,2
3,1,17,0,4,1,-7.5367697386502055,-79.43893376437107,0,3,7,1,2,2,2,0,592.2875829940936,2.0,2,2,0.32802386207294887,7,26,140.54454882767783,0.5580882853686753,77.82167470898018,67.44143437045915,8.187951046949596,957.1849584124777,43480.62549929396,8526.447212006156,1749.9346854803373,952.583493390177,5823.929033135642,2083.4168240401054,6443.030387966052,24.403530162128483,3,2,0,0,1,31.496763586334364,31.496763586334364,31.496763586334364,1.0,1.0,0.0,0.6719761379270511,2,0,0.0,0.0,0.6719761379270511,1.0,0.6719761379270511,1.0,0.32802386207294887,0.0,0.6719761379270511,0.0,20,2,2023,1,16,2,0,0,0,1,0,1,GRAVE_MORTALIDAD,2