CLASE SINIESTRO,CANTIDAD DE VEHICULOS DAÑADOS,DEPARTAMENTO,ZONA,TIPO DE VÍA,RED VIAL,COORDENADAS LATITUD,COORDENADAS  LONGITUD,CONDICIÓN CLIMÁTICA,ZONIFICACIÓN,CARACTERÍSTICAS DE VÍA,PERFIL LONGITUDINAL VÍA,SUPERFICIE DE CALZADA,¿EXISTE SEÑAL VERTICAL?,¿EXISTE SEÑAL HORIZONTAL?,CAUSA FACTOR PRINCIPAL,MTC_RVN_LONGITUD_KM,MTC_RVN_N_CARRILES_MEDIANA,MTC_RVN_SUPERFICIE_DOMINANTE,MTC_RVN_ESTADO_DOMINANTE,MTC_RVN_ES_CONCESIONADA,MTC_RVN_CONCESION_PRINCIPAL,MTC_RVN_CORREDOR_LOGISTICO,MTC_RVN_N_TRAMOS,IDH_2019,IDH_ESP_VIDA_2019,IDH_EDUC_SECUND_PCT_2019,IDH_ANIOS_EDUC_2019,IDH_INGRESO_PERCAP_2019,IDH_POBLACION_2019,MTC_DEP_RED_TOTAL_KM,MTC_DEP_NACIONAL_TOTAL_KM,MTC_DEP_DEPARTAMENTAL_TOTAL_KM,MTC_DEP_VECINAL_TOTAL_KM,MTC_DEP_PAV_TOTAL_KM,MTC_DEP_NO_PAV_TOTAL_KM,MTC_DEP_PCT_PAVIMENTADA,PER_TOTAL_PERSONAS,PER_N_CONDUCTORES,PER_N_CONDUCTORES_FUGADOS,PER_N_PEATONES,PER_N_PASAJEROS_OCUPANTES,PER_EDAD_COND_PROM,PER_EDAD_COND_MIN,PER_EDAD_COND_MAX,PER_ANY_COND_MASCULINO,PER_ANY_LIC_PROBLEMA,PER_ANY_DOSAJE_POS,PER_ANY_DOSAJE_EVALUADO,VEH_TOTAL,VEH_N_FUGADOS,VEH_ANY_FUGADO,VEH_ANY_CARGA,VEH_ANY_PUBLICO,VEH_ANY_PARTICULAR,VEH_ANY_MOTO,VEH_ANY_AUTO,VEH_ANY_CAMION_BUS,VEH_ANY_SOAT_PROBLEMA,VEH_ANY_CITV_PROBLEMA,VEH_ANY_SEGURO_PROBLEMA,HORA_NUM,FRANJA_HORARIA,ANIO,MES,DIA_MES,DIA_SEMANA,ES_FIN_SEMANA,ES_QUINCENA,REGION_NATURAL,TIENE_SEÑALIZACION,ES_VIA_MULTICARRIL,ES_DEPTO_BAJO_PAVIMENTO,CATEGORIA_SEVERIDAD,CATEGORIA_SEVERIDAD_ENC
5,1,13,0,4,0,-6.833544868581915,-79.79628925650647,0,4,7,1,2,2,2,0,6543.555,2.7593184102741146,2,0,1.0,3,30,1408.3311996459297,0.5446727403805424,78.49542891528941,65.64276212024873,8.923603673166209,814.6357651139291,15809.9078260685,3459.691,515.0619999999999,689.7280000000001,2254.901,703.3549999999999,2756.336,20.329994788551925,2,1,0,0,1,23.489883051025338,23.369542256162397,23.61022384588828,1.0,0.0,0.0,0.24068158972588538,1,0,0.0,0.24068158972588538,0.0,1.0,0.7593184102741146,0.24068158972588538,0.24068158972588538,0.7593184102741146,0.0,0.7593184102741146,4,0,2022,2,25,3,0,1,0,1,0,1,GRAVE_MORTALIDAD,2
2,2,16,0,3,1,-14.955432017545863,-70.59291435823708,0,3,7,0,2,2,2,2,7319.391199491835,2.0,2,1,1.0,10,12,1198.0,0.5564982459980115,75.08605908312408,79.07538183873926,9.178118097220006,838.2615732703146,63971.88543745437,14702.983746097283,2040.4169959724334,2484.6248569465406,10177.941893178308,3202.432176392322,11500.55156970496,22.21539274636593,6,2,0,0,3,35.538384894636295,24.38434713122703,42.23080755268185,1.0,0.7436025175606177,0.0,0.2563974824393823,2,0,0.0,0.0,0.7436025175606177,1.0,0.0,1.0,0.7436025175606177,0.7436025175606177,1.0,0.7436025175606177,13,2,2021,9,29,4,0,1,2,1,0,1,GRAVE_MORTALIDAD,2
3,2,3,0,4,1,-15.798547591806045,-71.03915175853827,0,4,7,0,2,0,1,0,1504.4250000000002,2.0,2,0,1.0,7,25,241.0,0.4498224071382834,81.63336343193146,58.84842497065013,5.774685730039019,620.6584683449911,1358.612419700214,10322.272,1495.236,1749.739,7077.2970000000005,2886.595,7435.677000000001,27.964725207783708,7,2,0,0,5,39.621602131602856,33.0,46.24320426320571,1.0,1.0,0.0,0.7502718294717717,2,0,0.0,0.7502718294717717,0.0,1.0,0.0,0.24972817052822827,1.0,0.0,0.0,0.0,11,2,2022,10,13,2,0,0,0,1,0,1,GRAVE_MORTALIDAD,2
7,1,20,0,4,1,-15.574577127068256,-70.26571991069402,0,4,2,1,2,0,1,2,1586.4172327424508,2.0,1,0,0.6827110162240947,7,27,318.4185120413209,0.3756769499880725,73.94929640915248,70.47003586971033,6.732350325238057,391.0528860926388,4864.105850973016,13642.312999999998,2020.7790000000005,2354.117,9267.416999999998,3314.0520000000006,10328.260999999997,24.29244952817019,8,1,0,0,7,32.538311870207245,31.903733902655432,33.807467805310864,1.0,0.0,0.0,1.0,1,0,0.0,0.3172889837759053,0.3172889837759053,0.6827110162240947,0.0,0.0,1.0,0.0,1.0,0.3172889837759053,12,1,2021,7,15,3,0,0,2,1,0,1,GRAVE_MORTALIDAD,2
4,1,13,0,4,1,-9.443805682034384,-77.20914049274437,0,4,3,0,2,2,2,0,913.2732408973645,1.483713832390713,1,1,0.4837138323907132,5,17,163.58295687404308,0.4181690909960455,67.49121329891884,62.4975593874417,7.522842928972318,646.3954859023434,40171.67655522881,8731.235239744012,1608.413752107508,1345.092804599489,5777.728683037014,2041.5873390563142,6689.647900687697,23.34856582630993,4,1,0,0,3,53.62785374293035,50.48371383239071,56.771993653469984,1.0,0.5162861676092868,0.0,0.4837138323907132,1,0,0.0,0.4837138323907132,0.4837138323907132,0.5162861676092868,0.5162861676092868,0.0,0.4837138323907132,0.5162861676092868,0.5162861676092868,0.5162861676092868,12,2,2023,1,14,1,0,0,1,1,0,1,GRAVE_MORTALIDAD,2
3,1,11,0,4,1,-11.77907856970074,-75.6870438819602,0,4,2,0,2,0,1,2,7586.903,2.0,2,0,1.0,9,5,1198.0,0.4545643050211295,68.73444804749025,55.05670880126828,7.076811092931955,737.237129067086,1424.8051391862955,12264.545,1826.4639999999995,1105.5389999999998,9332.542,1588.5359999999996,10676.009,12.952261987705208,4,1,0,0,2,44.39840834413746,40.51872667530996,48.27809001296495,1.0,0.0,0.0,0.705396667059544,1,0,0.0,0.705396667059544,0.0,1.0,0.0,1.0,0.705396667059544,0.0,0.0,0.0,9,1,2022,10,15,2,0,0,2,1,0,1,GRAVE_MORTALIDAD,2
6,1,5,0,4,2,-13.266165857757414,-74.30346040078543,0,4,0,0,2,2,2,2,6543.555,2.0,4,4,1.0,14,33,1198.0,0.2398614173394328,72.65040043857269,35.0053450043494,5.4308552024609735,181.53185396886036,523.1449867510603,12571.580464332526,1810.607701454237,1601.0909540135656,9159.881808864724,2253.3582034354376,10318.22226089709,17.882203849403233,8,1,0,0,7,39.273668171568545,39.273668171568545,39.273668171568545,1.0,0.0,0.0,0.7412949296757133,1,0,0.0,0.0,0.0,1.0,0.0,1.0,0.0,0.7412949296757133,0.7412949296757133,0.0,4,0,2022,7,25,5,0,0,2,1,0,1,GRAVE_MORTALIDAD,2
6,1,10,0,4,1,-11.673331782586517,-75.99914134957962,5,4,5,1,5,2,2,0,885.4536648206067,1.9223117892515447,1,0,0.9741039297505149,3,14,157.5796602852186,0.6975985137861875,75.9346105212933,67.9460289356152,10.665057235175702,1551.898619558005,4884.297138870611,12275.270841544494,1825.910083057363,1122.8503934814294,9326.5103650057,1611.7606057464777,10663.510235798016,13.124482403177709,4,1,0,0,3,26.15537642149691,26.15537642149691,26.15537642149691,1.0,0.0,0.0,0.025896070249485148,1,0,0.0,0.0,0.0,1.0,0.0,0.9741039297505149,0.025896070249485148,0.025896070249485148,0.025896070249485148,0.025896070249485148,8,1,2024,3,23,5,1,1,2,1,0,1,GRAVE_MORTALIDAD,2
6,1,1,0,4,2,-9.043366920584232,-77.53875229696999,0,4,3,0,2,1,0,0,6543.555,2.0,4,4,1.0,14,33,1198.0,0.33191304205340244,72.58532622364312,44.23930797322436,5.786969802142114,383.9862343402503,1534.3872888946607,10767.648,1885.0630000000003,1222.721,7659.864000000001,2100.343,8667.305000000002,19.506051832303577,4,1,0,0,3,29.996482212573326,29.996482212573326,29.996482212573326,1.0,0.0,0.0,0.0,1,0,0.0,0.0,0.0,1.0,0.0,0.7147882553466679,0.2852117446533321,0.0,0.7147882553466679,0.0,16,2,2022,6,15,2,0,0,0,1,0,1,GRAVE_MORTALIDAD,2
6,1,14,0,4,1,-10.81892736245433,-76.9394616760759,0,4,2,0,4,1,1,0,920.167609366106,-1.0,0,0,0.44603005012172514,9,24,296.16866777029907,0.4542054912052077,74.31382235714162,64.6877056787817,6.75528910950029,643.2396479745203,575.6120737643114,7626.313,1683.4029999999998,1599.0829999999996,4343.827000000001,1814.875,5811.438000000001,23.797541485643197,3,1,0,0,2,48.230150250608624,48.230150250608624,48.230150250608624,1.0,0.0,0.0,0.0,1,0,0.0,0.5539699498782749,0.44603005012172514,0.0,0.0,0.0,1.0,0.0,0.0,0.0,11,1,2022,6,11,2,0,0,0,1,0,1,GRAVE_MORTALIDAD,2
6,1,5,0,4,2,-6.926318135581163,-78.24277517229557,0,3,0,0,1,2,2,2,6543.555,2.0,4,4,1.0,14,33,1198.0,0.19727596418373775,72.49463047478785,34.173408876237424,3.108145706265018,169.94413758737733,11737.199185294876,15935.565011852366,1733.9250000199986,935.692,13265.948011832368,2000.1670000199988,13935.398011832369,12.551591352627522,39,1,0,0,38,61.94395843578399,61.94395843578399,61.94395843578399,1.0,0.0,0.0,1.0,1,0,0.0,0.0016011875490288263,0.9983988124509712,0.0,0.0,0.0,1.0,0.0,0.0,0.0,22,1,2023,4,27,5,0,0,2,1,0,1,GRAVE_MORTALIDAD,2
4,1,14,0,4,2,-7.867047462968793,-78.30627742284523,1,4,6,1,3,1,0,0,6543.555,2.0,4,4,1.0,14,33,1198.0,0.4430602947498873,74.02153223245995,66.3093468578253,7.145903733001506,597.3747606803315,4986.178921886722,8793.967418556016,1640.813503682441,824.2324195256548,6328.92149534792,1993.0780895007642,6800.889329055252,22.55824113730828,4,1,0,0,2,43.38116259238368,36.930134346670684,49.83219083809667,1.0,0.7167809161903326,0.0,0.0,1,0,0.0,0.2832190838096674,0.7167809161903326,0.7167809161903326,0.7167809161903326,0.7167809161903326,0.2832190838096674,0.0,0.0,0.0,19,2,2021,7,2,1,0,0,0,1,0,1,GRAVE_MORTALIDAD,2
6,1,19,0,4,1,-4.671790183648314,-80.27633524231902,0,4,7,1,2,2,2,0,593.7379466773506,2.0,2,2,0.11858966767674994,8,30,65.5961579454555,0.3886724626802655,71.42443419534558,58.1006748507462,6.218591645977631,480.65140500333786,11340.923489100836,8965.846000060003,1782.4120000599992,636.9959999999999,6546.438000000004,2214.505000059999,6751.341000000004,24.699342371541725,4,1,0,0,3,55.628206646465,55.628206646465,55.628206646465,1.0,0.8814103323232501,0.0,1.0,1,0,0.0,0.0,0.0,1.0,0.8814103323232501,0.11858966767674994,0.0,0.8814103323232501,0.8814103323232501,0.8814103323232501,13,2,2021,8,27,0,0,0,0,1,0,1,GRAVE_MORTALIDAD,2
4,1,16,1,2,2,-9.239382558212757,-78.48587361776683,0,3,0,1,1,2,2,1,6543.555,2.0,4,4,1.0,14,33,1198.0,0.6861492502388443,80.21087042086938,74.14129843104757,10.38772425836511,1343.6239397857942,158011.81327639765,8170.6341298697635,1723.635447261486,1208.1375863001851,5238.861096308093,1977.265215957926,6193.368913911839,24.1639895515795,3,1,0,0,2,41.18405189365027,32.87297170214722,49.49513208515332,1.0,0.0,0.40635141489263915,0.40635141489263915,1,0,0.0,0.0,0.5936485851073608,0.40635141489263915,0.5936485851073608,0.0,1.0,0.0,0.5936485851073608,0.5936485851073608,12,2,2022,5,26,6,1,1,0,1,0,1,GRAVE_MORTALIDAD,2
7,1,14,0,4,1,-10.782715937030682,-76.97346242485304,0,4,6,0,2,1,1,0,933.5800367546818,-1.0,0,0,0.39213717591901953,9,25,309.3185290757592,0.5213826535933652,74.44592258556759,63.88111972148931,7.988988226018972,840.9511345865931,1287.1781580968814,7626.313,1683.4029999999998,1599.0829999999996,4343.827000000001,1814.875,5811.438000000001,23.797541485643197,4,1,0,0,3,36.371978101651564,36.371978101651564,36.371978101651564,1.0,0.6078628240809805,0.0,0.39213717591901953,1,0,0.0,0.0,0.0,1.0,0.0,0.6078628240809805,0.39213717591901953,0.0,0.0,0.0,6,1,2021,4,14,3,0,0,0,1,0,1,GRAVE_MORTALIDAD,2
4,1,3,0,4,0,-16.476202856093508,-72.43599834873042,0,4,7,0,2,1,1,0,6582.447386290642,2.0,3,2,1.0,11,32,1366.6062795010157,0.6077843615696785,76.53072135400231,69.81276959706165,8.77367759087771,1135.5159013374655,74658.55888650964,10322.272,1495.236,1749.739,7077.2970000000005,2886.595,7435.677000000001,27.964725207783708,10,1,0,0,9,49.78990708492094,48.176449864815524,51.40336430502635,1.0,0.0,0.0,0.40336430502635323,1,0,0.0,0.0,0.40336430502635323,0.5966356949736468,0.0,0.5966356949736468,0.40336430502635323,0.0,0.0,0.0,12,1,2022,10,21,3,0,1,0,1,0,1,GRAVE_MORTALIDAD,2
6,1,7,0,4,2,-13.685175490376137,-71.43093246348778,0,4,4,0,5,1,0,6,6543.555,2.0,4,4,1.0,14,33,1198.0,0.35609504908420203,65.36320720495868,49.377466755504756,6.055499813902883,492.6237379177983,4244.1194500219835,17779.13499998999,2097.3709999899997,2863.123,12818.640999999989,2878.713,14900.421999989989,16.19152450331032,4,1,0,0,3,42.0,42.0,42.0,1.0,0.0,0.0,0.0,1,0,0.0,0.0,0.0,0.323527856507589,0.0,0.0,0.323527856507589,0.0,0.0,0.676472143492411,19,2,2022,8,5,3,0,0,2,1,0,1,GRAVE_MORTALIDAD,2
5,1,10,0,4,1,-13.627469500795188,-75.9918700655033,0,4,7,1,2,2,2,4,6639.975,2.0,2,0,1.0,9,31,1616.0,0.5703891712606907,80.78863568805487,68.33969932561013,9.013083820721462,874.5698487255193,26902.384720602084,3721.461,698.1859999999996,744.866,2278.409,1102.9029999999996,2618.558,29.636290693359403,6,1,0,0,5,52.58121020785354,52.01141190916246,53.15100850654461,1.0,0.0,0.0,0.18993276623035915,1,0,0.0,0.18993276623035915,0.0,0.18993276623035915,0.0,1.0,0.18993276623035915,0.0,0.0,0.0,1,0,2021,4,12,2,0,0,0,1,0,1,GRAVE_MORTALIDAD,2
3,2,7,0,4,1,-15.216411901088811,-71.14535078307458,0,4,1,1,2,1,0,1,568.5409999999999,1.0,2,3,0.0,9,3,93.0,0.4089623116227534,68.50188656589245,63.966360903977915,6.00295693200552,573.0946243155263,1187.9745001268375,17779.13499998999,2097.3709999899997,2863.123,12818.640999999989,2878.713,14900.421999989989,16.19152450331032,5,2,0,0,3,37.50310745711305,32.64370853499449,42.36250637923162,1.0,0.0,0.0,1.0,2,0,0.0,0.0,0.18125318961580839,1.0,0.0,1.0,1.0,0.0,0.8187468103841916,0.0,13,2,2022,1,11,0,0,0,2,1,0,1,GRAVE_MORTALIDAD,2
2,1,10,0,4,1,-9.057325382986333,-77.99293365257901,0,4,7,1,2,1,1,0,6543.555,2.0,4,4,1.0,14,33,1198.0,0.5950105330416694,79.99238049981034,65.17796540010245,8.505848426083832,1056.852034642562,34772.80221670387,9094.077686680157,1354.2189512412865,1914.2503515466587,5825.608383892211,1413.8631360214465,7680.21455065871,15.321504813917727,3,1,0,0,1,59.68250256237171,56.149259042115304,63.21574608262811,0.8833108800641002,0.0,0.0,0.0,1,0,0.0,0.0,0.8833108800641002,1.0,0.8833108800641002,0.11668911993589981,0.0,0.8833108800641002,0.8833108800641002,0.8833108800641002,9,1,2023,10,15,0,0,1,0,1,0,1,GRAVE_MORTALIDAD,2
4,1,20,0,4,1,-15.974328654651346,-70.12451699359555,1,4,4,1,2,2,2,2,6902.465298625388,2.0,3,2,1.0,12,23,1198.0,0.3405716090221439,70.30992186328133,69.51001913448864,5.91628734271316,325.47025150398076,5310.866705044314,13642.312999999998,2020.7790000000005,2354.117,9267.416999999998,3314.0520000000006,10328.260999999997,24.29244952817019,7,1,0,1,4,58.984002031979664,55.375994581387566,62.59200948257177,1.0,0.34399864534689073,0.0,0.0,1,0,0.0,0.0,0.6560013546531093,0.34399864534689073,0.0,0.0,1.0,0.0,0.0,0.0,20,2,2022,10,8,4,0,0,2,1,0,1,GRAVE_MORTALIDAD,2
3,2,20,0,4,0,-16.338989980121116,-69.41128505553337,0,4,7,1,2,2,2,2,7230.965533204686,2.0,2,1,1.0,10,14,1198.0,0.38850304670354147,73.51856578023414,76.53705335020072,7.62271742421683,368.2467055610747,20109.67165728614,13642.312999999998,2020.7790000000005,2354.117,9267.416999999998,3314.0520000000006,10328.260999999997,24.29244952817019,4,2,0,0,2,24.682298651639368,23.341149325819682,26.02344797745905,1.0,0.658850674180317,0.0,0.0,2,0,0.0,0.0,0.0,1.0,0.658850674180317,1.0,0.34114932581968305,0.0,1.0,0.0,18,2,2021,4,5,3,0,0,2,1,0,1,GRAVE_MORTALIDAD,2
3,1,12,0,4,0,-11.656961487220933,-76.7288091490195,0,4,5,0,1,2,2,0,6615.630200623563,2.0,2,1,1.0,10,31,1510.4604217034753,0.6652704325748273,76.6560444838026,71.31497076354641,9.908379953950377,1365.1195425401916,95304.17277589157,7773.448301470886,1595.051476231073,1395.29920363494,4783.097621604872,1624.2432529972994,6149.205048473586,21.048792982492827,3,1,0,0,2,28.47512970582477,28.47512970582477,28.47512970582477,1.0,0.2524870294175232,0.0,0.2524870294175232,1,0,0.0,0.0,0.2524870294175232,0.7475129705824768,0.2524870294175232,0.0,0.7475129705824768,0.0,0.2524870294175232,0.0,6,0,2022,9,24,0,0,1,0,1,0,1,GRAVE_MORTALIDAD,2
6,1,8,0,4,1,-13.245508350643533,-75.50121304510984,0,4,3,1,4,2,2,1,1110.1253561332044,0.09952910253203995,3,3,0.0,9,23,175.45055576586418,0.3248737011207959,59.95946134356924,41.997401476140794,6.763048657517313,446.5929860629654,593.3437785702537,8511.426,1445.3929999999996,2008.516,5057.516999999999,1879.579,6631.846999999998,22.08300935706896,6,1,0,0,5,29.30329628227572,27.5023544873398,30.654002628477663,1.0,1.0,0.0,0.0,1,0,0.0,0.0,0.0,1.0,0.0,0.54976455126602,0.45023544873398,0.54976455126602,0.54976455126602,0.0,15,3,2022,7,8,5,0,0,2,1,0,1,GRAVE_MORTALIDAD,2
8,1,5,0,4,2,-6.90827657213465,-78.3773690448527,0,4,0,0,1,2,2,0,6543.555,2.0,4,4,1.0,14,33,1198.0,0.2179701892621722,72.21314557836006,33.769018225205734,3.832994329749887,200.41657800592162,4467.053846082688,15935.565011852366,1733.9250000199986,935.692,13265.948011832368,2000.1670000199988,13935.398011832369,12.551591352627522,3,1,0,0,2,41.80941215391486,41.80941215391486,41.80941215391486,1.0,1.0,0.0,0.4523530384787162,1,0,0.0,0.5476469615212838,0.0,0.4523530384787162,0.0,0.4523530384787162,0.5476469615212838,0.5476469615212838,1.0,0.5476469615212838,18,2,2022,10,21,3,0,0,2,1,0,1,GRAVE_MORTALIDAD,2
5,1,8,0,4,2,-11.974684161086993,-75.52556224504353,0,4,7,1,6,2,2,0,6543.555,2.169422402093247,3,3,1.0,11,32,1244.9300053798295,0.38971420942340596,73.62907598777755,52.053289529270046,5.771290866071748,515.4205357965654,24727.681222720406,8582.651516684806,1426.789911982955,1996.2272849089707,5159.634319792879,1767.7144705698918,6814.937046114913,20.654485801261185,3,1,0,0,2,45.25413360313987,43.47519838116078,47.03306882511897,1.0,0.169422402093247,0.0,0.0,1,0,0.0,0.0,0.169422402093247,0.830577597906753,0.169422402093247,0.830577597906753,0.169422402093247,0.0,0.830577597906753,0.169422402093247,16,1,2024,5,2,1,0,0,1,1,0,1,GRAVE_MORTALIDAD,2
3,2,11,0,4,1,-11.779909644058502,-75.68385465577703,0,4,0,0,2,1,1,2,7586.903,2.0,2,0,1.0,9,5,1198.0,0.4545643050211295,68.73444804749025,55.05670880126828,7.076811092931955,737.237129067086,1424.8051391862955,12264.545,1826.4639999999995,1105.5389999999998,9332.542,1588.5359999999996,10676.009,12.952261987705208,4,2,0,0,2,42.62926730359253,36.174035107166006,49.084499500019064,1.0,0.6368214642843528,0.0,1.0,2,0,0.0,0.3631785357156472,0.6368214642843528,1.0,0.0,1.0,1.0,0.0,0.6368214642843528,0.0,5,0,2022,11,10,3,0,0,2,1,0,1,GRAVE_MORTALIDAD,2
3,1,3,0,4,1,-16.05704888241879,-71.35306317304405,0,4,6,0,2,0,1,0,1504.4250000000002,2.0,2,0,1.0,7,25,241.0,0.4685280505645348,81.83746865987648,70.74305753660312,6.037751599761188,617.4715908037651,1751.8736616702354,10322.272,1495.236,1749.739,7077.2970000000005,2886.595,7435.677000000001,27.964725207783708,8,1,0,0,6,50.394476242089915,45.520627024987846,55.26832545919198,1.0,0.025230156579586938,0.0,0.0,1,0,0.0,0.9747698434204131,0.9747698434204131,0.025230156579586938,0.0,0.025230156579586938,0.9747698434204131,0.0,0.0,0.0,19,1,2022,1,21,4,0,0,0,1,0,1,GRAVE_MORTALIDAD,2
5,1,1,0,4,1,-9.461382590989517,-78.32654951242267,0,4,7,1,2,2,2,0,6543.555,3.0,2,0,1.0,0,30,1475.0,0.5873460606982213,78.04758132038613,65.8701248560095,8.596987164492063,1041.0659985770535,35482.29764453961,10767.648,1885.0630000000003,1222.721,7659.864000000001,2100.343,8667.305000000002,19.506051832303577,3,1,0,0,2,37.825603424907015,37.30241369962806,38.34879315018597,1.0,0.0,0.0,0.0,1,0,0.0,1.0,0.0,0.174396575092985,0.0,0.0,1.0,0.0,0.0,0.0,2,0,2022,11,23,3,0,1,0,1,1,1,GRAVE_MORTALIDAD,2
3,2,19,0,4,1,-15.168517319446964,-70.41061404395725,0,4,6,0,2,2,2,5,7211.8681185470605,1.9399918074109883,1,0,0.9399918074109882,9,6,1145.0127659439027,0.5126374651744398,73.86810367758049,77.10424812145511,8.609906063293993,708.8430085185115,65538.18121212846,13559.63563251302,2009.1185080570665,2279.192090913597,9271.325033542356,3210.5069035565793,10349.12872895644,23.611945370246456,3,2,0,0,1,33.72996313334945,23.120016385178022,44.33990988152087,1.0,0.0,0.0,0.0600081925890118,2,0,0.0,0.0,0.9399918074109882,1.0,0.0600081925890118,0.9399918074109882,1.0,0.0600081925890118,0.9399918074109882,0.9399918074109882,2,0,2021,7,20,4,0,1,2,1,0,1,GRAVE_MORTALIDAD,2
4,1,10,0,4,1,-9.312983955548077,-77.72927097215874,0,4,6,0,1,2,2,1,6543.555,2.623770621638809,2,1,1.0,5,31,1370.78446219395,0.45631938166827574,76.35162408668278,57.03113434912674,6.127433967052441,705.2379744787272,24713.19364383978,8773.660416878201,1376.9011144321935,1963.2720455006724,5433.487256945335,1467.7219716505435,7305.938445227657,16.823545346273804,6,1,0,0,5,42.925820905568685,34.87131186491643,50.60410056785975,1.0,0.6237706216388089,0.0,0.0,1,0,0.0,0.0,0.6237706216388089,0.3762293783611911,0.6237706216388089,0.3762293783611911,0.6237706216388089,0.0,0.0,0.6237706216388089,4,0,2022,10,13,2,0,0,0,1,0,1,GRAVE_MORTALIDAD,2
3,1,12,0,4,1,-7.416149445429102,-79.42293352351112,0,4,7,1,2,2,2,0,6543.555,2.9255830091902717,2,0,1.0,1,30,1454.3864935457052,0.5600414865552367,81.06241402489283,67.02261222990863,7.753056422166953,911.1940858699064,43932.97041718856,8931.828000000005,1335.5899999999997,1935.9830000000004,5660.255000000005,1219.309,7712.519000000005,13.651281686122925,3,1,0,0,1,37.03257911947353,37.03257911947353,37.03257911947353,1.0,0.0,0.0,0.0,1,0,0.0,0.0,0.0,1.0,0.9255830091902718,0.9255830091902718,0.07441699080972819,0.9255830091902718,0.9255830091902718,0.0,3,0,2021,8,12,0,0,0,0,1,0,1,GRAVE_MORTALIDAD,2
6,1,5,0,4,0,-12.077705926013763,-74.91289460347356,0,4,1,0,4,2,2,2,6543.555,2.0,4,4,1.0,14,33,1198.0,0.35178947187412246,69.4013330207803,65.04447735191823,6.09703361685827,367.56846076766055,1139.8209914974552,8283.557699628736,1308.119813306592,1043.4964984864403,5931.9413878357045,1245.1362178608008,7038.421481767936,15.012286986328402,2,1,0,0,1,38.527393728013195,38.527393728013195,38.527393728013195,1.0,0.0,0.0,0.0,1,0,0.0,0.0,0.0,1.0,0.0,1.0,0.0,0.0,0.0,0.0,10,0,2021,5,4,1,0,0,2,1,0,1,GRAVE_MORTALIDAD,2
1,0,14,2,3,4,-12.067220214745374,-77.01971670261358,0,1,1,1,2,1,1,1,6543.555,2.0,4,4,1.0,14,33,1198.0,0.7646845961658533,80.23682119426338,77.96082737891015,12.014176158371615,1633.787715186093,250806.0877944326,7626.313,1683.4029999999998,1599.0829999999996,4343.827000000001,1814.875,5811.438000000001,23.797541485643197,3,1,0,2,0,38.05465809030185,37.37888174191821,38.73043443868549,1.0,0.0,0.0,0.6621118258081792,1,0,0.0,0.0,0.6621118258081792,0.3378881741918208,0.0,0.3378881741918208,0.6621118258081792,0.6621118258081792,0.0,0.0,15,1,2021,5,18,2,0,1,0,1,0,1,GRAVE_MORTALIDAD,2
3,2,3,0,4,1,-16.088369416438827,-71.5920724060843,0,3,0,0,2,1,1,0,1504.4250000000002,2.0,2,0,1.0,7,25,241.0,0.6005060748875158,78.21704200773246,77.40211893847457,8.994742794352394,996.014120858737,33335.45824411135,10322.272,1495.236,1749.739,7077.2970000000005,2886.595,7435.677000000001,27.964725207783708,5,2,0,0,3,37.43189574634404,33.21339411032251,41.65039738236556,1.0,0.08740065440860956,0.0,0.9125993455913904,2,0,0.0,1.0,0.0,1.0,0.0,1.0,1.0,0.0,0.0,0.0,8,0,2022,8,8,1,0,0,0,1,0,1,GRAVE_MORTALIDAD,2
2,0,14,2,2,3,-12.072142145688057,-77.010815162365,0,2,8,0,2,2,2,0,6543.555,2.1262053095801194,3,3,1.0,12,32,1232.958870753693,0.7161591028102606,79.94728985177544,74.8327647348692,10.536935245294574,1492.1418728307926,156871.7067010867,7626.313,1683.4029999999998,1599.0829999999996,4343.827000000001,1814.875,5811.438000000001,23.797541485643197,3,1,0,0,0,35.40754335866322,35.40754335866322,35.40754335866322,1.0,0.0,0.0,0.8737946904198807,1,0,0.0,1.0,0.0,0.8737946904198807,0.8737946904198807,0.0,1.0,0.0,0.8737946904198807,0.0,19,1,2021,9,12,2,0,0,0,1,0,1,GRAVE_MORTALIDAD,2
7,1,2,0,4,1,-13.83698953779313,-72.62364329144508,3,4,2,1,3,0,1,1,7067.128285179441,2.0,2,1,1.0,11,18,1198.0,0.3235372588173696,70.94913080062928,64.62116579621353,4.666649481333514,350.0793582595236,5927.029526035694,8358.971,1282.451,1298.0969999999998,5778.423,1432.683,6926.288,17.139466089785454,3,1,0,0,2,49.974514742432845,49.974514742432845,49.974514742432845,1.0,0.0,0.0,0.0,1,0,0.0,0.49817962445948905,0.0,0.501820375540511,0.0,0.501820375540511,0.49817962445948905,0.0,0.501820375540511,0.0,14,3,2021,9,3,4,0,0,2,1,0,1,GRAVE_MORTALIDAD,2