CLASE SINIESTRO,CANTIDAD DE VEHICULOS DAÑADOS,DEPARTAMENTO,ZONA,TIPO DE VÍA,RED VIAL,COORDENADAS LATITUD,COORDENADAS  LONGITUD,CONDICIÓN CLIMÁTICA,ZONIFICACIÓN,CARACTERÍSTICAS DE VÍA,PERFIL LONGITUDINAL VÍA,SUPERFICIE DE CALZADA,¿EXISTE SEÑAL VERTICAL?,¿EXISTE SEÑAL HORIZONTAL?,CAUSA FACTOR PRINCIPAL,MTC_RVN_LONGITUD_KM,MTC_RVN_N_CARRILES_MEDIANA,MTC_RVN_SUPERFICIE_DOMINANTE,MTC_RVN_ESTADO_DOMINANTE,MTC_RVN_ES_CONCESIONADA,MTC_RVN_CONCESION_PRINCIPAL,MTC_RVN_CORREDOR_LOGISTICO,MTC_RVN_N_TRAMOS,IDH_2019,IDH_ESP_VIDA_2019,IDH_EDUC_SECUND_PCT_2019,IDH_ANIOS_EDUC_2019,IDH_INGRESO_PERCAP_2019,IDH_POBLACION_2019,MTC_DEP_RED_TOTAL_KM,MTC_DEP_NACIONAL_TOTAL_KM,MTC_DEP_DEPARTAMENTAL_TOTAL_KM,MTC_DEP_VECINAL_TOTAL_KM,MTC_DEP_PAV_TOTAL_KM,MTC_DEP_NO_PAV_TOTAL_KM,MTC_DEP_PCT_PAVIMENTADA,PER_TOTAL_PERSONAS,PER_N_CONDUCTORES,PER_N_CONDUCTORES_FUGADOS,PER_N_PEATONES,PER_N_PASAJEROS_OCUPANTES,PER_EDAD_COND_PROM,PER_EDAD_COND_MIN,PER_EDAD_COND_MAX,PER_ANY_COND_MASCULINO,PER_ANY_LIC_PROBLEMA,PER_ANY_DOSAJE_POS,PER_ANY_DOSAJE_EVALUADO,VEH_TOTAL,VEH_N_FUGADOS,VEH_ANY_FUGADO,VEH_ANY_CARGA,VEH_ANY_PUBLICO,VEH_ANY_PARTICULAR,VEH_ANY_MOTO,VEH_ANY_AUTO,VEH_ANY_CAMION_BUS,VEH_ANY_SOAT_PROBLEMA,VEH_ANY_CITV_PROBLEMA,VEH_ANY_SEGURO_PROBLEMA,HORA_NUM,FRANJA_HORARIA,ANIO,MES,DIA_MES,DIA_SEMANA,ES_FIN_SEMANA,ES_QUINCENA,REGION_NATURAL,TIENE_SEÑALIZACION,ES_VIA_MULTICARRIL,ES_DEPTO_BAJO_PAVIMENTO,CATEGORIA_SEVERIDAD,CATEGORIA_SEVERIDAD_ENC
4,1,12,0,4,1,-14.414626299052673,-71.86792339613773,0,4,3,0,2,1,0,2,1726.4037570722412,2.0,1,1,0.43764630265760207,9,28,410.60012854820764,0.25685445315806016,72.50339686405111,55.160761043308895,4.9148391685283634,193.27335810820085,13802.963071604894,13220.605775685188,1926.3765042852426,2100.24581981547,9193.983451584476,2951.384574852607,10269.22120083258,22.24000146002276,21,1,0,0,19,38.968237940698394,34.750585210630405,43.185890670766376,1.0,0.0,0.0,0.43764630265760207,1,0,0.0,0.0,0.43764630265760207,0.5623536973423979,0.0,0.5623536973423979,1.0,0.0,0.5623536973423979,0.0,7,0,2021,5,14,1,0,0,2,1,0,1,GRAVE_MORTALIDAD,2
7,1,5,0,4,2,-7.224644130912692,-78.54767107964214,2,4,2,0,4,2,2,1,6543.555,2.0,4,4,1.0,14,33,1198.0,0.28276826605923105,70.54723676669504,37.15872550313245,4.320030158124426,321.93285159434396,4232.221268847257,15935.565011852366,1733.9250000199986,935.692,13265.948011832368,2000.1670000199988,13935.398011832369,12.551591352627522,7,1,0,0,6,38.9046107228062,38.9046107228062,38.9046107228062,1.0,1.0,0.0,0.6603073815204129,1,0,0.0,0.3396926184795871,0.0,0.6603073815204129,0.0,0.6603073815204129,0.3396926184795871,0.0,1.0,0.0,18,1,2023,8,17,3,0,0,2,1,0,1,GRAVE_MORTALIDAD,2
3,1,3,0,4,0,-15.505748485258968,-74.13650661225529,1,4,7,1,3,2,2,0,6612.882854709766,2.0,2,1,1.0,10,31,1498.5501272420884,0.4891258006153172,79.9125712450384,51.59493863622591,8.37859702305442,683.2602651962097,1277.0402656856459,10322.272,1495.236,1749.739,7077.2970000000005,2886.595,7435.677000000001,27.964725207783708,4,1,0,0,3,40.595097215814455,30.842941670511326,50.06627220428048,0.7190194431628911,0.0,0.0,0.0,1,0,0.0,0.0,0.0,1.0,0.0,0.7190194431628911,1.0,0.0,1.0,0.0,7,1,2021,1,9,3,0,0,0,1,0,1,GRAVE_MORTALIDAD,2
5,1,5,0,4,1,-13.523124967993265,-73.91773493815134,4,4,6,1,4,2,2,0,7315.1471639500105,2.0,2,0,1.0,9,12,1317.9604821791052,0.6309150782848946,75.58631598245422,79.99552294598767,10.552648513994779,1088.3189819178872,58584.19539419096,8148.707825472778,1397.5189312217142,1384.4760088257417,5366.712885425322,1542.367058863628,6606.34076660915,19.050245838282898,3,1,0,0,1,33.331524780975556,31.322617184674755,35.34043237727636,1.0,0.0,0.0,0.0,1,0,0.0,0.28698679947154326,0.0,0.28698679947154326,0.0,1.0,0.28698679947154326,0.0,0.0,0.0,10,1,2022,5,20,2,0,1,1,1,0,1,GRAVE_MORTALIDAD,2
3,1,11,2,2,3,-13.093248173894795,-75.68945100089154,0,2,5,0,2,2,2,0,5284.338865805858,2.0,3,3,1.0,12,31,958.8575606456286,0.6743022897381593,79.34312480596785,76.79403423660384,9.261695115597144,1359.3399829402058,211238.37333399762,8299.999741545844,1636.3823987607166,1636.7300672344534,5026.887275550674,2082.684545564124,6217.31519598172,24.8388690515267,3,1,0,0,1,26.622021570418852,23.498426490032603,29.745616650805104,1.0,0.0,0.0,0.0,1,0,0.0,0.24988760643090013,0.0,1.0,0.24988760643090013,0.7501123935690999,0.24988760643090013,0.0,0.0,0.0,3,0,2023,10,16,0,0,1,0,1,0,1,GRAVE_MORTALIDAD,2
4,2,9,0,4,1,-14.281333938457289,-72.44433649300302,0,4,0,0,2,2,2,4,2764.2657522233053,1.35624989460378,2,1,0.3562498946037801,9,15,785.1688458051639,0.2510483252474204,76.78345315649186,59.623500571402744,4.993638943271513,171.448185643484,18518.282416288224,13022.008273442312,1881.9188835155092,1980.6885076114443,9159.400882315358,2780.5910939105775,10241.417179531734,21.27342788405526,5,2,0,0,2,43.06458252529565,33.193747575886945,49.28750021079244,1.0,0.6437501053962199,0.0,0.6437501053962199,2,0,0.0,0.0,0.0,1.0,0.6437501053962199,1.0,0.6437501053962199,0.0,0.6437501053962199,0.0,9,0,2021,7,8,2,0,0,2,1,0,1,GRAVE_MORTALIDAD,2
3,1,9,0,4,1,-9.842570639838254,-75.29236555849936,0,4,2,1,2,1,0,0,196.3211560131122,-0.46835482936362394,1,0,0.17721505687879202,7,28,39.987323019909674,0.45173278467282507,71.01660847019917,41.203207624208346,7.103087006195847,802.9215475601228,6298.407292420832,8105.785988894226,1395.4899787783108,935.0083356972143,5775.2876744187,1193.6592033843979,6912.126785509828,14.840135293188217,5,2,0,0,2,43.45569886242416,37.696204260575705,49.215193464272616,1.0,0.822784943121208,0.0,0.17721505687879202,2,0,0.0,0.17721505687879202,0.17721505687879202,0.822784943121208,0.822784943121208,0.0,1.0,0.0,0.17721505687879202,0.822784943121208,9,1,2022,3,22,3,0,1,1,1,0,1,GRAVE_MORTALIDAD,2
2,0,14,2,3,1,-12.031356121155941,-76.94249418430049,4,3,4,1,4,2,2,0,2603.695821998225,2.0,2,1,1.0,6,19,473.6851517845105,0.708039733801726,79.10510881673244,75.54819200502061,10.617003366753137,1454.6272047672624,253821.26897996833,7626.313,1683.4029999999998,1599.0829999999996,4343.827000000001,1814.875,5811.438000000001,23.797541485643197,4,2,0,2,0,36.085359447837305,33.304880184054234,38.170718895674604,1.0,0.0,0.0,0.3048801840542327,2,0,0.0,0.0,0.3048801840542327,0.6951198159457673,0.0,0.6951198159457673,1.0,1.0,0.6951198159457673,0.6951198159457673,8,0,2021,3,16,4,0,1,0,1,0,1,GRAVE_MORTALIDAD,2
6,1,14,0,4,2,-15.336366184811931,-73.62062909734952,2,4,2,0,6,2,2,3,6543.555,2.0,4,4,1.0,14,33,1198.0,0.45934135172787344,74.59220332092032,60.641069350807356,7.767591845374364,644.4981181950027,1665.8021977080034,3310.49733272101,672.2772549582572,646.0460484058793,1992.1740293568732,1089.778046447756,2220.7192862732536,33.73613908557996,2,1,0,0,1,55.31368454531429,55.31368454531429,55.31368454531429,1.0,0.6162406493306123,0.0,0.0,1,0,0.0,0.3837593506693877,0.0,0.0,0.0,0.6162406493306123,0.3837593506693877,0.6162406493306123,0.6162406493306123,0.6162406493306123,7,0,2022,4,11,4,0,0,0,1,0,1,GRAVE_MORTALIDAD,2
6,1,20,0,4,1,-15.663551095844682,-70.65813510357712,0,4,3,1,2,2,2,2,1504.4250000000002,2.0,2,0,1.0,7,25,241.0,0.4698599762559323,78.4228993312338,68.12786536644234,6.991927650318564,610.3916333612686,6938.8501070663815,13642.312999999998,2020.7790000000005,2354.117,9267.416999999998,3314.0520000000006,10328.260999999997,24.29244952817019,3,1,0,0,2,51.82530785179897,51.82530785179897,51.82530785179897,1.0,0.0,0.0,0.0,1,0,0.0,0.0,0.4828785341158436,0.5171214658841564,0.0,0.0,1.0,0.4828785341158436,0.4828785341158436,0.4828785341158436,2,0,2022,11,15,2,0,0,2,1,0,1,GRAVE_MORTALIDAD,2
8,1,2,0,4,0,-13.635108945198233,-72.92282734355787,3,4,6,1,4,2,2,0,6543.555,2.0,4,4,1.0,14,33,1198.0,0.41749185868694283,72.2640107653178,63.85103704278189,6.30687829661272,543.0138600933094,16863.478657681317,8358.971,1282.451,1298.0969999999998,5778.423,1432.683,6926.288,17.139466089785454,3,1,0,0,2,21.7064164281229,21.7064164281229,21.7064164281229,1.0,0.39032577926155465,0.0,0.0,1,0,0.0,0.0,0.0,0.39032577926155465,0.0,0.39032577926155465,0.6096742207384453,0.0,0.39032577926155465,0.0,8,1,2023,7,24,1,0,1,2,1,0,1,GRAVE_MORTALIDAD,2
3,2,7,0,4,1,-14.303393974386656,-71.21039389091234,0,4,0,1,2,1,1,2,7586.903,2.0,2,0,1.0,9,5,1198.0,0.35948180697260984,75.80938245132793,61.43653718888685,5.796400345338051,361.1894448567978,10019.475973617291,17779.13499998999,2097.3709999899997,2863.123,12818.640999999989,2878.713,14900.421999989989,16.19152450331032,8,2,0,0,6,41.5,34.090937457103266,48.909062542896734,1.0,0.0909374571032685,0.0,1.0,2,0,0.0,0.9090625428967315,0.0909374571032685,1.0,0.0,0.9090625428967315,1.0,0.0,0.0,0.0,16,3,2022,8,15,0,0,0,2,1,0,1,GRAVE_MORTALIDAD,2
6,1,7,0,4,1,-13.133093043930867,-72.30770905860528,2,4,0,0,2,1,1,2,3447.8009999999995,1.0,2,3,0.0,9,12,1109.0,0.4706944943299555,76.79406176595778,61.64424635983724,7.141255198110581,653.4175319142125,3282.6252676659524,17779.13499998999,2097.3709999899997,2863.123,12818.640999999989,2878.713,14900.421999989989,16.19152450331032,20,1,0,0,19,47.11649513995642,47.11649513995642,47.11649513995642,1.0,0.0,0.0,0.9708762150108947,1,0,0.0,0.0,0.0,0.0,0.0,0.029123784989105284,0.9708762150108947,0.0,0.0,0.0,18,1,2022,7,20,5,0,0,2,1,0,1,GRAVE_MORTALIDAD,2
5,1,3,0,4,0,-16.556189305767173,-71.74410773274505,0,4,1,0,2,1,1,0,6565.817631371026,2.0,3,3,1.0,12,32,1294.512963213949,0.6105481451420971,78.10653088113892,68.35418098658066,8.411557426919764,1158.5430895193692,35025.678800856535,10322.272,1495.236,1749.739,7077.2970000000005,2886.595,7435.677000000001,27.964725207783708,9,1,0,0,8,27.385353538956206,26.6926767694781,28.078030308434307,1.0,0.0,0.0,0.0,1,0,0.0,0.23089225649270084,0.7691077435072992,0.23089225649270084,0.0,0.23089225649270084,1.0,0.0,0.0,0.0,5,0,2023,5,12,1,0,0,0,1,0,1,GRAVE_MORTALIDAD,2
0,1,14,1,4,1,-11.811720908824475,-77.13049311758672,0,4,7,1,2,2,2,0,6543.555,3.0,2,0,1.0,0,30,1475.0,0.6688889885290078,77.65971620762488,72.11797581870952,9.343568875150348,1392.9562465448405,54956.252676659526,7626.313,1683.4029999999998,1599.0829999999996,4343.827000000001,1814.875,5811.438000000001,23.797541485643197,3,1,0,1,0,43.75477392937222,43.01909571748889,44.49045214125556,1.0,0.0,0.0,0.0,1,0,0.0,1.0,0.0,0.09809042825111125,0.0,0.09809042825111125,1.0,0.0,0.0,0.0,12,2,2024,4,18,4,0,1,0,1,1,1,GRAVE_MORTALIDAD,2
6,1,9,0,4,2,-10.923036880497182,-76.62600174198856,0,4,7,1,1,2,2,0,6543.555,2.0,4,4,1.0,14,33,1198.0,0.5604915424376818,73.18789746425331,65.80584405631866,8.827119496788821,1019.2429830952101,42802.01631560209,8699.074357901502,1396.3819281148556,1976.1405632902095,5326.551866496437,1584.8644618398027,7114.209896061698,18.319469098636173,4,1,0,0,3,29.982808785130665,29.982808785130665,29.982808785130665,1.0,0.0,0.0,0.0,1,0,0.0,0.0,0.0,1.0,0.0,0.553645420570074,0.44635457942992596,0.0,0.0,0.0,18,2,2024,6,11,0,0,0,1,1,0,1,GRAVE_MORTALIDAD,2
4,1,5,0,4,1,-7.257456877390754,-78.41858025877893,0,4,3,0,2,2,2,1,8068.231552124811,2.0,3,2,1.0,11,32,2380.582626449258,0.3225416932747903,74.48144545128693,46.665724563461765,4.639208447573161,365.20228356344404,5141.393499982402,15935.565011852366,1733.9250000199986,935.692,13265.948011832368,2000.1670000199988,13935.398011832369,12.551591352627522,5,1,0,0,4,39.95621442323582,35.013809829412935,44.89861901705871,1.0,0.5506904914706467,0.0,0.5506904914706467,1,0,0.0,0.44930950852935325,0.44930950852935325,0.5506904914706467,0.0,0.5506904914706467,0.44930950852935325,0.0,0.5506904914706467,0.0,17,1,2023,7,10,2,0,0,2,1,0,1,GRAVE_MORTALIDAD,2
9,1,5,0,4,2,-7.01771343670544,-78.7107696614561,5,4,5,1,5,2,2,0,6543.555,2.0,4,4,1.0,14,33,1198.0,0.27518752762969123,68.43559086402848,34.588644110768975,4.039579987742795,339.15875919029736,3002.6785061209757,15935.565011852366,1733.9250000199986,935.692,13265.948011832368,2000.1670000199988,13935.398011832369,12.551591352627522,14,1,0,0,13,27.3894469485791,27.3894469485791,27.3894469485791,1.0,0.9444636878820379,0.0,0.05553631211796206,1,0,0.0,0.9444636878820379,0.0,0.05553631211796206,0.0,0.0,1.0,0.0,0.9444636878820379,0.0,10,1,2022,2,23,1,0,1,2,1,0,1,GRAVE_MORTALIDAD,2
5,1,8,0,4,1,-13.421993593764979,-74.95956875088869,0,4,7,1,2,1,0,0,1355.1251862115496,1.7877224847144855,1,3,0.7877224847144856,9,25,255.98685075062699,0.2997946406100768,72.83003345209801,46.42647217987546,4.997510303405721,292.6881439974165,3327.8779443254816,8511.426,1445.3929999999996,2008.516,5057.516999999999,1879.579,6631.846999999998,22.08300935706896,6,1,0,0,5,35.08950236243037,35.08950236243037,35.08950236243037,1.0,0.21227751528551442,0.0,0.21227751528551442,1,0,0.0,0.0,0.0,1.0,0.0,1.0,0.21227751528551442,0.0,0.0,0.0,7,0,2024,6,23,5,1,0,2,1,0,1,GRAVE_MORTALIDAD,2
4,1,7,0,4,0,-12.476110695564538,-75.12280453597776,0,4,3,1,2,2,2,0,6543.555,2.0,4,4,1.0,14,33,1198.0,0.6021072227399037,79.13103259932593,66.62867843671575,8.4627817078469,1103.2986737324225,34888.30173092018,9655.046378293131,1418.6274479094336,1839.1110054091894,6397.307924974508,2086.522549823536,7568.523828469595,21.09620245353664,7,1,0,0,6,44.23487578418197,42.31541517532071,46.15433639304324,1.0,0.0,0.0,0.0,1,0,0.0,0.0,1.0,0.4798651522153151,0.4798651522153151,0.0,0.5201348477846849,0.4798651522153151,0.4798651522153151,0.4798651522153151,6,0,2024,7,12,0,0,0,0,1,0,1,GRAVE_MORTALIDAD,2
6,1,7,0,4,1,-13.13039009152196,-72.31766550966726,4,4,0,0,2,1,1,3,3447.8009999999995,1.0,2,3,0.0,9,12,1109.0,0.4706944943299555,76.79406176595778,61.64424635983724,7.141255198110581,653.4175319142125,3282.6252676659524,17779.13499998999,2097.3709999899997,2863.123,12818.640999999989,2878.713,14900.421999989989,16.19152450331032,3,1,0,0,2,45.70780844041004,45.70780844041004,45.70780844041004,1.0,0.5252788728717871,0.0,0.0,1,0,0.0,0.4747211271282129,0.0,0.5252788728717871,0.0,0.0,1.0,0.0,0.0,0.0,20,2,2022,6,12,0,0,0,2,1,0,1,GRAVE_MORTALIDAD,2
5,1,10,0,4,1,-13.49838014569661,-76.10948859183979,0,4,7,1,2,2,2,1,586.4298067036009,-0.22482205638888975,2,0,1.0,11,29,92.51779436111103,0.5816751711497116,78.0334559525828,67.24618973951112,9.171656736633864,966.4769899934583,5471.782081846168,3721.461,698.1859999999996,744.866,2278.409,1102.9029999999996,2618.558,29.636290693359403,5,1,0,0,3,42.7365213101389,41.315361746851856,44.15768087342593,1.0,0.7416073521296299,0.0,0.2583926478703701,1,0,0.0,0.2583926478703701,0.0,1.0,0.0,0.7416073521296299,0.2583926478703701,0.0,0.2583926478703701,0.0,9,1,2022,10,8,4,0,0,0,1,0,1,GRAVE_MORTALIDAD,2
6,1,3,0,4,1,-12.725169129178234,-73.77961009179651,4,4,4,1,5,2,2,0,2138.8938616553255,1.818593230373108,1,0,0.8185932303731079,4,27,146.20196437582544,0.3095426628489558,73.4597572135785,54.34166739284186,4.73794842177811,326.8525450581756,1792.7023319696884,8462.891137828154,1292.0907743312034,1413.8138386502196,5756.98652484673,1393.9755119376316,7068.915625890521,16.506685825254127,2,1,0,0,1,35.08391508365717,35.08391508365717,35.08391508365717,1.0,0.18140676962689206,0.0,0.0,1,0,0.0,0.0,0.0,0.18140676962689206,0.0,0.8185932303731079,0.18140676962689206,0.0,0.0,0.0,4,0,2023,5,9,0,0,0,1,1,0,1,GRAVE_MORTALIDAD,2
6,1,3,0,4,0,-16.539978436057183,-71.71894820878146,0,4,7,0,2,0,1,0,6543.555,2.0,4,4,1.0,14,33,1198.0,0.6105481451420971,78.10653088113892,68.35418098658066,8.411557426919764,1158.5430895193692,35025.678800856535,10322.272,1495.236,1749.739,7077.2970000000005,2886.595,7435.677000000001,27.964725207783708,3,1,0,0,2,29.20878691520881,29.20878691520881,29.20878691520881,0.10039940523676416,0.10039940523676416,0.0,0.0,1,0,0.0,0.0,0.0,1.0,0.0,1.0,0.0,0.0,0.0,0.0,15,3,2021,9,14,0,0,0,0,1,0,1,GRAVE_MORTALIDAD,2
3,2,18,0,4,1,-17.142166577683348,-70.22204039395909,0,4,7,1,2,1,1,2,1615.8598521199578,2.0,2,0,1.0,9,23,242.08701210087568,0.5448644521212779,75.09793543460229,68.04606718685662,7.267491183805547,969.9509014555051,4607.053504486367,2884.0586321899186,505.2603973929289,812.4056818224797,1566.3925529745102,910.5514441423563,1973.5071880475627,31.76502127118861,10,2,0,0,8,41.01974525710552,34.947056117034926,47.38319095745851,1.0,0.21806742021179115,0.7819325797882088,0.7819325797882088,2,0,0.0,0.7819325797882088,0.0,1.0,0.0,0.21806742021179115,1.0,0.0,1.0,0.0,15,3,2022,3,17,0,0,0,0,1,0,1,GRAVE_MORTALIDAD,2
3,1,1,0,4,1,-9.817038772177858,-77.3588425987761,4,4,0,0,2,1,1,1,829.0618029121631,1.8046410391513916,1,3,0.0,9,10,164.92661400655805,0.47779428000613033,71.93475637620908,68.18702791846472,8.21078953105103,661.714365152262,4167.910587437912,10767.648,1885.0630000000003,1222.721,7659.864000000001,2100.343,8667.305000000002,19.506051832303577,6,1,0,0,4,40.81624363702987,37.19535896084861,44.43712831321113,1.0,0.0,0.0,0.8046410391513916,1,0,0.0,0.8046410391513916,0.0,0.8046410391513916,0.0,0.8046410391513916,1.0,0.0,0.0,0.0,12,3,2022,1,6,5,1,0,0,1,0,1,GRAVE_MORTALIDAD,2
6,1,1,0,4,2,-10.019144232514773,-77.47958853205353,0,4,0,0,6,2,2,0,6543.555,2.0,4,4,1.0,14,33,1198.0,0.4457440376704843,69.8247420534484,55.7457162125057,7.051776784988061,684.50936899771,1566.7994518575147,10767.648,1885.0630000000003,1222.721,7659.864000000001,2100.343,8667.305000000002,19.506051832303577,3,1,0,0,2,36.56147543902487,36.56147543902487,36.56147543902487,1.0,0.0,0.0,0.0,1,0,0.0,0.0,0.0,1.0,0.0,0.08674863550138157,0.9132513644986184,0.08674863550138157,0.08674863550138157,0.08674863550138157,12,2,2022,11,4,0,0,0,0,1,0,1,GRAVE_MORTALIDAD,2
6,1,8,0,4,1,-12.704903463866714,-74.95762402453612,0,4,4,0,5,2,2,0,6543.555,2.0,4,4,1.0,14,33,1198.0,0.38622548643128,71.80965064656746,49.16156476402478,5.473911748978454,594.5865670483768,2885.4002322905317,8511.426,1445.3929999999996,2008.516,5057.516999999999,1879.579,6631.846999999998,22.08300935706896,4,1,0,0,3,27.55099963225192,27.55099963225192,27.55099963225192,1.0,0.39455551469465766,0.0,0.39455551469465766,1,0,0.0,0.0,0.0,1.0,0.0,0.6054444853053423,0.39455551469465766,0.39455551469465766,0.6054444853053423,0.39455551469465766,19,2,2023,5,20,2,0,0,2,1,0,1,GRAVE_MORTALIDAD,2
5,1,5,0,4,1,-6.599539644706634,-78.450687381595,0,4,0,0,1,1,1,5,6737.299047134748,2.0,3,3,1.0,13,32,1348.2734096620145,0.3484871558022944,76.33677469666252,53.28672218475212,4.131981838863427,447.1658531581213,76209.5845824411,15935.565011852366,1733.9250000199986,935.692,13265.948011832368,2000.1670000199988,13935.398011832369,12.551591352627522,2,1,0,0,1,36.08648383184186,35.68682050827267,36.48614715541105,1.0,0.057094760509883935,0.0,0.057094760509883935,1,0,0.0,1.0,0.0,0.057094760509883935,0.057094760509883935,0.0,1.0,0.057094760509883935,0.057094760509883935,0.057094760509883935,21,2,2021,10,9,1,0,0,2,1,0,1,GRAVE_MORTALIDAD,2
3,1,14,0,4,1,-10.951776306052219,-77.6423368304006,0,4,2,1,2,0,0,3,6543.555,3.0,2,0,1.0,0,30,1475.0,0.6140540019485716,77.19874720388036,65.4398256508771,8.269085093497326,1237.0998137155495,25720.485052581374,7626.313,1683.4029999999998,1599.0829999999996,4343.827000000001,1814.875,5811.438000000001,23.797541485643197,3,2,0,0,1,48.52118960102157,35.129343659719765,61.91303554232337,1.0,0.32717411144191577,0.0,0.6728258885580842,2,0,0.0,0.0,1.0,1.0,1.0,0.0,1.0,0.0,0.32717411144191577,0.0,11,1,2021,3,18,5,1,0,0,0,1,1,GRAVE_MORTALIDAD,2
6,1,8,0,4,0,-13.175077617832718,-74.97722978079113,2,4,0,0,7,2,2,2,7096.972049429988,2.0,2,1,1.0,11,18,1198.0,0.2362469504270959,61.06224281954274,51.54352263549903,4.312930604821936,234.44912047452442,1691.088490733341,8511.426,1445.3929999999996,2008.516,5057.516999999999,1879.579,6631.846999999998,22.08300935706896,27,1,0,0,26,41.59127266098173,41.59127266098173,41.59127266098173,1.0,0.0,0.0,0.0,1,0,0.0,0.0,0.5304242203272427,0.4695757796727573,0.0,0.0,1.0,0.4695757796727573,0.4695757796727573,0.4695757796727573,8,0,2023,8,17,0,0,1,2,1,0,1,GRAVE_MORTALIDAD,2
2,1,10,0,4,1,-13.625002401219616,-76.10405011078619,0,4,7,1,2,2,2,0,702.6156324351938,0.011642801769009115,2,1,1.0,11,28,116.16428017690092,0.5347732221422019,77.74364022698656,65.1763086544184,8.310661206537155,821.4049870097906,14175.8480531255,3721.461,698.1859999999996,744.866,2278.409,1102.9029999999996,2618.558,29.636290693359403,2,1,0,0,0,21.046571207076035,21.046571207076035,21.046571207076035,1.0,0.6627857327436636,0.0,0.0,1,0,0.0,0.0,0.0,1.0,1.0,0.0,0.0,1.0,1.0,1.0,13,1,2022,6,14,5,1,0,0,1,0,1,GRAVE_MORTALIDAD,2
3,2,15,0,4,1,-10.200227722654784,-77.01057239495799,0,4,0,0,2,2,2,2,1335.4193359779044,2.0,2,0,0.590170773649744,6,29,71.96793123322311,0.5254671558143005,75.39563403963068,66.30851983251411,8.012342658706126,838.7691669609545,25811.830098026705,2609.8565996166194,468.7996640610453,557.4121610135246,1583.6447745420496,764.4123372513064,1845.444262365313,28.739219806411533,4,2,0,0,2,44.008330086170005,32.26239083109642,55.7542693412436,1.0,0.409829226350256,0.0,1.0,2,0,0.0,0.409829226350256,0.0,0.409829226350256,0.409829226350256,0.590170773649744,1.0,0.0,0.409829226350256,0.409829226350256,16,1,2023,8,7,3,0,0,0,1,0,1,GRAVE_MORTALIDAD,2
7,1,7,0,4,1,-14.172241776726853,-71.78178918497476,0,4,4,1,1,2,2,2,2407.206022985429,1.4227025695271727,1,1,0.4227025695271728,7,26,522.1253952840651,0.46528992028512883,65.54186612239599,71.5378850263096,7.149390203949246,743.2503135402732,8609.378508312839,17779.13499998999,2097.3709999899997,2863.123,12818.640999999989,2878.713,14900.421999989989,16.19152450331032,2,1,0,0,0,23.438376980035315,17.731892291418482,29.144861668652148,1.0,1.0,0.0,0.4227025695271728,1,0,0.0,0.0,0.4227025695271728,1.0,1.0,0.0,0.4227025695271728,1.0,1.0,1.0,18,2,2025,6,10,4,0,0,2,1,0,1,GRAVE_MORTALIDAD,2
5,1,10,0,4,1,-13.442987623277245,-76.18210173645703,0,4,7,1,2,1,1,2,205.54999999999995,-1.0,2,0,1.0,13,31,15.0,0.5935454717688132,79.82270610044196,65.40471106456853,9.554430232416086,978.9182940808604,5314.299785867237,3721.461,698.1859999999996,744.866,2278.409,1102.9029999999996,2618.558,29.636290693359403,2,1,0,0,1,34.60263154042069,34.60263154042069,34.60263154042069,1.0,0.20087718014022826,0.0,0.7991228198597717,1,0,0.20087718014022826,0.7991228198597717,0.20087718014022826,0.0,0.0,0.20087718014022826,0.7991228198597717,0.0,0.0,0.20087718014022826,12,2,2023,5,11,2,0,0,0,0,0,1,GRAVE_MORTALIDAD,2
5,1,15,1,4,1,-9.959104904221988,-77.99638118818709,0,2,7,1,2,2,2,1,746.7508237966798,2.0,2,0,0.6942978641895114,4,19,148.96885087635877,0.6578172582529487,79.40622697898037,73.0707428849102,9.833186404178438,1274.7310202874587,43630.64333057199,8035.811099106974,1713.6702627828024,1304.9709492644943,5017.169887059677,1937.0427445522873,6098.768354554688,24.073223942538167,4,2,0,0,2,43.217531654064366,43.217531654064366,43.217531654064366,1.0,1.0,0.0,0.30570213581048855,2,0,0.0,0.0,0.30570213581048855,1.0,0.30570213581048855,1.0,0.6942978641895114,0.0,0.30570213581048855,0.0,21,2,2021,3,21,1,0,0,0,1,0,1,GRAVE_MORTALIDAD,2