CLASE SINIESTRO,CANTIDAD DE VEHICULOS DAÑADOS,DEPARTAMENTO,ZONA,TIPO DE VÍA,RED VIAL,COORDENADAS LATITUD,COORDENADAS  LONGITUD,CONDICIÓN CLIMÁTICA,ZONIFICACIÓN,CARACTERÍSTICAS DE VÍA,PERFIL LONGITUDINAL VÍA,SUPERFICIE DE CALZADA,¿EXISTE SEÑAL VERTICAL?,¿EXISTE SEÑAL HORIZONTAL?,CAUSA FACTOR PRINCIPAL,MTC_RVN_LONGITUD_KM,MTC_RVN_N_CARRILES_MEDIANA,MTC_RVN_SUPERFICIE_DOMINANTE,MTC_RVN_ESTADO_DOMINANTE,MTC_RVN_ES_CONCESIONADA,MTC_RVN_CONCESION_PRINCIPAL,MTC_RVN_CORREDOR_LOGISTICO,MTC_RVN_N_TRAMOS,IDH_2019,IDH_ESP_VIDA_2019,IDH_EDUC_SECUND_PCT_2019,IDH_ANIOS_EDUC_2019,IDH_INGRESO_PERCAP_2019,IDH_POBLACION_2019,MTC_DEP_RED_TOTAL_KM,MTC_DEP_NACIONAL_TOTAL_KM,MTC_DEP_DEPARTAMENTAL_TOTAL_KM,MTC_DEP_VECINAL_TOTAL_KM,MTC_DEP_PAV_TOTAL_KM,MTC_DEP_NO_PAV_TOTAL_KM,MTC_DEP_PCT_PAVIMENTADA,PER_TOTAL_PERSONAS,PER_N_CONDUCTORES,PER_N_CONDUCTORES_FUGADOS,PER_N_PEATONES,PER_N_PASAJEROS_OCUPANTES,PER_EDAD_COND_PROM,PER_EDAD_COND_MIN,PER_EDAD_COND_MAX,PER_ANY_COND_MASCULINO,PER_ANY_LIC_PROBLEMA,PER_ANY_DOSAJE_POS,PER_ANY_DOSAJE_EVALUADO,VEH_TOTAL,VEH_N_FUGADOS,VEH_ANY_FUGADO,VEH_ANY_CARGA,VEH_ANY_PUBLICO,VEH_ANY_PARTICULAR,VEH_ANY_MOTO,VEH_ANY_AUTO,VEH_ANY_CAMION_BUS,VEH_ANY_SOAT_PROBLEMA,VEH_ANY_CITV_PROBLEMA,VEH_ANY_SEGURO_PROBLEMA,HORA_NUM,FRANJA_HORARIA,ANIO,MES,DIA_MES,DIA_SEMANA,ES_FIN_SEMANA,ES_QUINCENA,REGION_NATURAL,TIENE_SEÑALIZACION,ES_VIA_MULTICARRIL,ES_DEPTO_BAJO_PAVIMENTO,CATEGORIA_SEVERIDAD,CATEGORIA_SEVERIDAD_ENC
3,2,12,0,4,1,-9.929472519864937,-78.06005549139918,0,4,7,1,2,1,1,1,6543.555,3.0,2,0,1.0,0,30,1475.0,0.5658891558230218,78.4259413513321,61.50482388468707,7.635536967692401,1038.6872881627241,66703.83183062405,8311.05636715149,1500.974881779175,1775.7872434543733,5034.294241917942,1502.5002910147011,6808.556076136789,18.475822394619897,7,2,0,0,5,43.103750478515806,37.04900114843795,50.42649827734307,1.0,0.5245005742189764,0.0,0.47549942578102355,2,0,0.0,1.0,0.0,0.0,0.0,0.0,1.0,0.0,0.5245005742189764,0.0,10,0,2022,3,16,3,0,0,0,1,1,1,GRAVE_MORTALIDAD,2
4,2,20,0,4,1,-14.70997485264465,-70.15052128669565,0,4,7,1,2,2,2,2,1762.4796834769254,2.0,1,0,0.3481319063523941,7,28,458.89010702357047,0.3167180255082822,70.55015119996894,68.82437151068333,5.904240013209756,338.15066819884146,5006.101857454329,13642.312999999998,2020.7790000000005,2354.117,9267.416999999998,3314.0520000000006,10328.260999999997,24.29244952817019,14,2,0,0,12,33.474285217418874,32.17054903012367,36.081757592009296,1.0,0.0,0.0,0.6518680936476059,2,0,0.0,1.0,0.6518680936476059,0.0,0.0,0.0,1.0,0.0,0.6518680936476059,0.6518680936476059,15,1,2021,8,12,5,0,0,2,1,0,1,GRAVE_MORTALIDAD,2
6,1,1,0,4,2,-8.58084219703663,-77.84152947490601,4,4,5,1,4,1,1,0,6543.555,2.0,4,4,1.0,14,33,1198.0,0.34948526978148153,72.48260085377333,27.13495978819799,6.018997091525868,531.2895723372928,1324.182259840782,10767.648,1885.0630000000003,1222.721,7659.864000000001,2100.343,8667.305000000002,19.506051832303577,5,1,0,0,4,47.48707542211321,47.48707542211321,47.48707542211321,1.0,0.0,0.0,0.0,1,0,0.0,0.0,0.0,1.0,0.0,1.0,0.0,0.7794830168845285,1.0,0.7794830168845285,18,2,2022,1,5,4,0,0,0,1,0,1,GRAVE_MORTALIDAD,2
1,1,12,1,4,1,-8.415041251766135,-78.76262480587478,0,0,7,1,2,2,2,0,6543.555,2.232829281550939,3,3,1.0,10,32,1262.4937109896102,0.5051395598219868,77.13285387085847,51.52067479184955,6.715328807318118,900.900383457586,67612.41755888652,8931.828000000005,1335.5899999999997,1935.9830000000004,5660.255000000005,1219.309,7712.519000000005,13.651281686122925,2,1,0,0,0,38.86263425240752,33.0,43.95809778636597,0.23282928155093918,0.23282928155093918,0.0,0.0,1,0,0.7671707184490608,0.23282928155093918,0.0,0.23282928155093918,0.0,0.23282928155093918,0.23282928155093918,0.0,0.23282928155093918,0.0,9,1,2021,1,2,4,0,0,0,1,0,1,GRAVE_MORTALIDAD,2
6,1,13,0,4,0,-12.186554248812472,-76.90853412299703,0,2,6,0,1,2,2,0,6637.3416486252345,2.0,2,0,1.0,9,31,1604.5838946831336,0.6881487922558024,78.22586053146857,71.01120651188491,9.835343825523108,1464.7510300155268,95843.16015939148,7642.228470997063,1673.846108485635,1577.0399208184813,4391.3424416929465,1794.2545641820116,5847.973906815052,23.500212247569326,11,1,0,0,10,25.863443716305426,25.863443716305426,25.863443716305426,1.0,0.027311256738914658,0.0,0.027311256738914658,1,0,0.0,0.0,0.027311256738914658,0.9726887432610853,0.027311256738914658,0.0,0.9726887432610853,0.0,1.0,0.0,5,0,2022,11,14,2,0,0,0,1,0,1,GRAVE_MORTALIDAD,2
8,1,7,0,4,2,-13.754352102221029,-71.78920336352888,0,4,4,0,5,2,2,2,6543.555,2.0,4,4,1.0,14,33,1198.0,0.31448378881252087,68.99314529158012,53.803570639184024,4.671543911588576,353.41445100761905,12399.365611021205,17779.13499998999,2097.3709999899997,2863.123,12818.640999999989,2878.713,14900.421999989989,16.19152450331032,27,1,0,0,26,45.14514607594137,45.14514607594137,45.14514607594137,1.0,0.0,0.7141585513365906,1.0,1,0,0.0,0.0,1.0,0.0,0.0,0.0,1.0,0.0,0.0,0.0,10,0,2022,9,15,1,0,0,2,1,0,1,GRAVE_MORTALIDAD,2
3,2,13,0,4,1,-6.620170746940159,-79.96611419439286,0,4,7,1,2,2,2,0,6543.555,3.0,2,0,1.0,0,30,1475.0,0.3879800350664534,75.68222437543551,50.64551119758177,4.891651630735472,548.2382997194167,48902.40256959316,3459.691,515.0619999999999,689.7280000000001,2254.901,703.3549999999999,2756.336,20.329994788551925,4,2,0,0,2,39.28666787535969,21.995549914988114,56.57778583573126,1.0,0.9288892917865632,0.0,0.0,2,0,0.0,0.9288892917865632,0.07111070821343679,1.0,0.9288892917865632,0.07111070821343679,1.0,0.0,0.07111070821343679,0.0,11,2,2022,4,6,3,0,0,0,1,1,1,GRAVE_MORTALIDAD,2
3,2,7,1,4,1,-13.592556631890579,-71.78611598486158,1,1,7,1,2,0,1,2,7586.903,2.0,2,0,1.0,9,5,1198.0,0.5065580412535501,64.79370905469777,77.15417383818448,8.35812941450031,844.3117831870799,8658.316916488222,17779.13499998999,2097.3709999899997,2863.123,12818.640999999989,2878.713,14900.421999989989,16.19152450331032,3,2,0,0,1,46.71625911235234,39.63029193374422,53.802226290960455,1.0,0.0,0.0,0.3456569355418593,2,0,0.0,0.6543430644581407,0.0,0.3456569355418593,0.3456569355418593,0.0,1.0,0.0,0.3456569355418593,0.3456569355418593,7,1,2022,5,12,0,0,0,2,1,0,1,GRAVE_MORTALIDAD,2
6,1,4,0,4,1,-14.291103610296856,-73.8671751377626,0,4,0,0,2,1,0,2,2095.1609410977817,2.0,2,0,1.0,5,26,166.34110495518468,0.37151511906788287,61.655841425065645,63.698206870477065,6.921534782183133,533.8175931650621,15144.288006453213,12678.733000000004,1805.074000000001,1774.0339999999994,9099.625000000004,2485.375000000001,10193.358000000002,19.602707936195205,32,1,0,0,31,36.256705524775924,36.256705524775924,36.256705524775924,1.0,0.0,0.0,1.0,1,0,0.0,0.0,1.0,0.0,0.0,0.0,1.0,0.0,0.0,0.0,7,1,2021,5,9,2,0,0,2,1,0,1,GRAVE_MORTALIDAD,2
6,1,6,0,4,1,-11.01940789555172,-75.28668567775722,2,4,7,1,4,2,2,5,6543.555,2.0,4,4,1.0,14,33,1198.0,0.3409012996184311,71.51769401927231,51.34449700206503,5.67600602669286,475.8722894412433,9191.444958684328,8609.946326075982,1305.7318150242581,1577.5622886310246,5726.652222420699,1339.2013645724217,7270.74496150356,15.611251861588274,4,1,0,0,3,42.438111651033296,42.438111651033296,42.438111651033296,1.0,0.0,0.0,0.0,1,0,0.0,0.4381116510332952,0.0,0.5618883489667048,0.0,0.5618883489667048,0.4381116510332952,0.0,0.4381116510332952,0.0,8,1,2021,5,10,4,0,0,1,1,0,1,GRAVE_MORTALIDAD,2
6,1,1,0,4,2,-9.8725669678134,-77.46379561988675,0,4,0,0,5,1,1,0,6543.555,2.0,4,4,1.0,14,33,1198.0,0.4222191233564986,70.366204149674,55.0638526341525,6.787081244875446,613.33646099261,1579.4339250712676,10767.648,1885.0630000000003,1222.721,7659.864000000001,2100.343,8667.305000000002,19.506051832303577,3,1,0,0,2,33.72451901412594,33.72451901412594,33.72451901412594,1.0,0.0,0.0,0.0,1,0,0.0,0.0,0.0,1.0,0.0,0.1822115694105806,0.8177884305894194,0.0,0.1822115694105806,0.0,13,2,2022,10,7,0,0,0,0,1,0,1,GRAVE_MORTALIDAD,2
6,1,7,0,4,1,-12.56339875114599,-75.22948157508003,1,4,0,0,2,1,0,3,1317.2817048685151,2.0,2,1,1.0,6,19,243.34289206457638,0.45965496123497357,77.24317923879407,54.379547357476284,7.08311598734954,829.8630491786787,4348.059820815409,12492.069388543667,1814.7139090486714,1472.7609284950247,9204.594550999971,2081.193308027061,10410.876080516606,16.605527287455278,2,1,0,0,1,37.42372824225458,37.42372824225458,37.42372824225458,1.0,0.45067363481398504,0.0,0.549326365186015,1,0,0.0,0.0,0.0,1.0,0.0,0.45067363481398504,0.549326365186015,0.0,0.45067363481398504,0.0,12,0,2022,7,16,1,0,0,2,1,0,1,GRAVE_MORTALIDAD,2
6,1,7,0,4,0,-13.809338380879222,-71.83891286948483,4,4,0,0,6,2,2,2,6543.555,2.0,4,4,1.0,14,33,1198.0,0.23275445248153712,64.26775322231242,54.5949265262385,4.698761198390043,177.93103531276716,851.1049617857507,17779.13499998999,2097.3709999899997,2863.123,12818.640999999989,2878.713,14900.421999989989,16.19152450331032,2,1,0,0,1,29.82541521160692,29.82541521160692,29.82541521160692,0.07020827736949697,0.0,0.0,0.0,1,0,0.0,0.0,0.0,1.0,0.0,0.07020827736949697,0.929791722630503,0.0,0.07020827736949697,0.0,21,2,2021,1,14,3,0,0,2,1,0,1,GRAVE_MORTALIDAD,2
3,1,7,0,4,1,-13.585370959937181,-71.68571312193758,2,0,6,0,2,0,1,2,7586.903,2.0,2,0,1.0,9,5,1198.0,0.4480019657979388,59.98027590900996,63.676627752162105,7.6624323863419965,776.8450766494066,4153.377406143531,17779.13499998999,2097.3709999899997,2863.123,12818.640999999989,2878.713,14900.421999989989,16.19152450331032,4,1,0,0,2,38.53077097799162,29.05213655800093,48.009405397982306,1.0,0.0,0.0,0.9478634419990688,1,0,0.0,0.9478634419990688,0.0,0.9478634419990688,0.0,1.0,0.9478634419990688,0.0,0.0,0.0,14,2,2022,8,27,3,0,1,2,1,0,1,GRAVE_MORTALIDAD,2
6,1,11,0,4,2,-8.125944192540997,-78.08809947672158,1,4,0,0,1,2,2,1,6543.555,2.0,4,4,1.0,14,33,1198.0,0.2005453746005688,75.70353295748075,30.27833166485008,3.425673336663488,168.23669595930832,24270.201011737543,8902.692247060711,1343.1998426743764,1941.0098637350584,5618.4825406512755,1265.0686861889992,7637.623560871711,14.235638407242455,6,1,0,0,5,37.930695493981254,37.65347746990626,38.1386090120375,1.0,0.0,0.0,0.0,1,0,0.0,0.9306954939812513,0.0,0.06930450601874871,0.0,0.06930450601874871,0.9306954939812513,0.0,0.0,0.0,18,1,2021,2,15,1,0,1,0,1,0,1,GRAVE_MORTALIDAD,2
3,1,14,0,4,1,-12.180501516239897,-76.97612644979766,0,1,3,1,2,1,1,0,6587.562383857072,2.543586560287576,2,0,1.0,4,30,1539.354294999452,0.7459260585427493,80.30065465150031,76.37415205393634,11.44315812643147,1584.7842069839558,413800.66743199644,7626.313,1683.4029999999998,1599.0829999999996,4343.827000000001,1814.875,5811.438000000001,23.797541485643197,5,2,0,3,0,47.75373632992136,43.56911617035273,51.93835648949,1.0,0.4564134397124243,0.0,0.0,2,0,0.0,0.5435865602875757,0.0,0.4564134397124243,0.0,0.4564134397124243,1.0,0.0,0.4564134397124243,0.0,9,1,2022,3,23,1,0,1,0,1,0,1,GRAVE_MORTALIDAD,2
3,2,7,0,4,1,-15.145314083878885,-71.13139076625393,0,4,4,1,2,1,1,0,568.5409999999999,1.0,2,3,0.0,9,3,93.0,0.377652657117755,68.42020644196518,63.79488237510639,5.470043394980827,492.6483463452503,1149.5932514637325,17779.13499998999,2097.3709999899997,2863.123,12818.640999999989,2878.713,14900.421999989989,16.19152450331032,5,2,0,0,3,35.14671016312737,27.074042203755617,43.21937812249914,1.0,0.0,0.0,1.0,2,0,0.0,0.0,0.609689061249568,1.0,0.0,1.0,1.0,0.0,0.390310938750432,0.0,6,1,2022,2,16,0,0,0,2,1,0,1,GRAVE_MORTALIDAD,2
8,1,4,0,4,0,-12.073504099799916,-74.32749529680463,4,4,6,1,4,2,2,0,6543.555,2.255872540812213,3,2,1.0,10,32,1268.876693804983,0.43828325226299836,72.98000472274998,60.26077348941985,6.645844627039025,629.2856633810288,16684.992708774098,8505.549376112063,1296.0478109462201,1461.314511568539,5748.187053597303,1378.0864524767348,7127.462923635328,16.24693548359879,4,1,0,0,3,28.046980326497703,28.046980326497703,28.046980326497703,1.0,0.0,0.0,0.0,1,0,0.2558725408122128,0.0,0.0,0.2558725408122128,0.0,0.0,1.0,0.0,0.0,0.2558725408122128,5,0,2023,5,29,0,0,1,1,1,0,1,GRAVE_MORTALIDAD,2
7,1,20,0,4,1,-14.319049609257041,-70.32915350295514,0,4,4,1,2,1,1,2,1657.0315785234384,2.0,2,0,1.0,6,23,341.2040242849523,0.45168575099372377,68.52621532201498,74.00198459022633,7.4326222211832835,624.1320660618115,5165.474284317162,13642.312999999998,2020.7790000000005,2354.117,9267.416999999998,3314.0520000000006,10328.260999999997,24.29244952817019,3,1,0,0,2,27.0353838968949,27.0353838968949,27.0353838968949,1.0,0.0,0.0,0.40707677937898024,1,0,0.0,0.5929232206210198,0.0,0.40707677937898024,0.0,0.0,1.0,0.0,0.40707677937898024,0.0,5,0,2021,3,15,3,0,0,2,1,0,1,GRAVE_MORTALIDAD,2
5,1,20,0,4,0,-14.997958817029748,-69.71685408257748,0,4,2,1,2,2,2,4,6879.845319437932,2.0,3,2,1.0,12,23,1198.0,0.5237447730574865,65.36897711647072,75.63665516335554,7.676719713563767,1211.890467204488,25857.162649020138,13642.312999999998,2020.7790000000005,2354.117,9267.416999999998,3314.0520000000006,10328.260999999997,24.29244952817019,9,1,0,0,7,37.86782150658762,34.96695537664691,40.768687636528334,1.0,0.0,0.0,0.0,1,0,0.0,0.3223184588823017,0.3223184588823017,0.0,0.0,0.0,1.0,0.0,0.6776815411176983,0.0,12,1,2022,2,17,3,0,0,2,1,0,1,GRAVE_MORTALIDAD,2
3,1,0,0,4,1,-6.366857580013388,-77.82217325650161,0,4,0,0,3,1,0,0,2760.8550000000005,1.0,1,3,0.0,9,32,1208.0,0.42188973464489976,68.41807699177451,42.29993232633692,5.899318079858701,767.9625579982005,1288.1236117554097,3903.732,1155.121,585.018,2163.5930000000003,943.591,2960.1410000000005,24.17151074920102,5,1,0,0,3,51.8807093824328,49.17427917657706,54.58713958828853,1.0,0.0,0.0,0.7732657731016386,1,0,0.0,0.7732657731016386,0.0,1.0,0.0,0.22673422689836142,0.7732657731016386,0.0,0.0,0.0,13,2,2021,6,13,0,0,0,1,1,0,1,GRAVE_MORTALIDAD,2
6,1,1,0,4,1,-8.864156611136393,-77.69466692610324,0,4,1,0,3,2,2,0,6543.555,2.0,4,4,1.0,14,33,1198.0,0.24683578762735187,76.64261098325773,39.291959125970635,4.284636289116052,287.1518105651452,6688.947826070921,10767.648,1885.0630000000003,1222.721,7659.864000000001,2100.343,8667.305000000002,19.506051832303577,11,1,0,0,10,56.786130529178834,56.786130529178834,56.786130529178834,1.0,0.0,0.0,0.0,1,0,0.0,0.39801864702554757,0.6019813529744524,0.0,0.0,0.0,1.0,0.0,0.0,0.0,10,1,2022,5,18,2,0,0,0,1,0,1,GRAVE_MORTALIDAD,2
4,1,6,1,2,2,-12.622818613795602,-74.58526060369238,0,3,7,0,4,1,0,1,6543.555,2.0,4,4,1.0,14,33,1198.0,0.2625851819345386,71.79736691457249,46.81663956560429,4.5703747685918685,224.50809966539487,5461.82231979401,12553.419521051721,1811.545590955566,1571.7793858886973,9170.094544207457,2214.0344127630487,10339.38510828867,17.590601070803665,2,1,0,0,1,22.630626062028327,22.630626062028327,22.630626062028327,1.0,0.6974478281643061,0.6974478281643061,1.0,1,0,0.0,0.0,0.0,0.6974478281643061,1.0,0.0,0.0,0.30255217183569394,0.30255217183569394,0.0,5,0,2023,6,25,3,0,1,2,1,0,1,GRAVE_MORTALIDAD,2
6,1,8,0,4,3,-12.976316714649807,-74.70796152934571,0,4,6,0,6,2,2,0,6543.555,2.0,4,4,1.0,14,33,1198.0,0.3648777342527826,72.61386206398959,50.19709555656983,5.638488277525374,444.6393044914551,24733.083511777302,8511.426,1445.3929999999996,2008.516,5057.516999999999,1879.579,6631.846999999998,22.08300935706896,2,1,0,0,1,44.27602951123306,43.9140442668496,44.54751844452067,1.0,0.0,0.0,0.0,1,0,0.0,0.0,0.0,1.0,0.0,1.0,0.0,0.0,0.9095036889041332,0.0,17,1,2024,4,2,1,0,0,2,1,0,1,GRAVE_MORTALIDAD,2
3,1,21,0,4,1,-6.04715506482744,-77.00227427607217,0,3,0,0,2,2,2,1,7758.33400008,2.0,2,0,1.0,9,20,2133.0,0.5294800468051228,72.46713251445857,60.50982579904599,7.757161651692042,952.984823255978,86435.21199143468,5645.136,815.0759999999999,965.298,3864.762,1013.406,4631.73,17.95184385283189,3,2,0,0,1,33.766059445821554,27.02964820767057,40.50247068397255,1.0,1.0,0.0,0.49752931602745276,2,0,0.0,0.0,0.49752931602745276,1.0,1.0,0.0,1.0,0.0,1.0,1.0,7,1,2022,3,13,4,0,0,1,1,0,1,GRAVE_MORTALIDAD,2
3,2,10,0,4,1,-14.174474642227654,-75.58725323115192,0,3,7,1,2,2,2,0,6639.975,2.0,2,0,1.0,9,31,1616.0,0.5924415924678976,78.39413072320228,68.02441067457954,8.960648962622493,1025.4650743836648,27932.19700214133,3721.461,698.1859999999996,744.866,2278.409,1102.9029999999996,2618.558,29.636290693359403,3,2,0,0,1,20.39314061344591,18.68312041893867,22.103160807953152,1.0,1.0,0.0,0.0,2,0,0.7369199700758092,0.2630800299241908,0.0,1.0,0.7369199700758092,0.0,0.2630800299241908,0.7369199700758092,1.0,1.0,20,2,2023,6,14,3,0,0,0,1,0,1,GRAVE_MORTALIDAD,2
3,1,3,0,4,1,-15.70022655042107,-71.05291555458038,0,4,0,1,2,1,1,0,568.5409999999999,1.0,2,3,0.0,9,3,93.0,0.4498224071382834,81.63336343193146,58.84842497065013,5.774685730039019,620.6584683449911,1358.612419700214,10322.272,1495.236,1749.739,7077.2970000000005,2886.595,7435.677000000001,27.964725207783708,12,1,0,0,11,28.68543194803324,28.68543194803324,28.68543194803324,1.0,0.0,0.0,0.0,1,0,0.0,0.0,0.2756136440019554,0.7243863559980446,0.0,0.7243863559980446,0.2756136440019554,0.0,0.7243863559980446,0.0,5,0,2022,6,13,5,0,0,0,1,0,1,GRAVE_MORTALIDAD,2
6,1,3,0,4,0,-16.540176345219642,-71.71836315290702,0,4,5,1,2,0,1,0,6543.555,2.0,4,4,1.0,14,33,1198.0,0.6105481451420971,78.10653088113892,68.35418098658066,8.411557426919764,1158.5430895193692,35025.678800856535,10322.272,1495.236,1749.739,7077.2970000000005,2886.595,7435.677000000001,27.964725207783708,4,1,0,0,3,26.81044449146306,26.81044449146306,26.81044449146306,0.18955550853694048,0.0,0.0,0.0,1,0,0.0,0.0,0.18955550853694048,0.8104444914630595,0.0,0.8104444914630595,0.18955550853694048,0.0,0.0,0.0,13,2,2021,10,14,0,0,0,0,1,0,1,GRAVE_MORTALIDAD,2
5,1,5,2,4,1,-5.466220805020859,-78.84705099307233,0,2,7,0,2,1,1,5,6909.232378885048,2.0,3,3,1.0,13,32,1481.6298063037038,0.3744772350681762,75.9458150620393,46.31090034797844,5.098685845292929,507.5482327163808,13761.898070087276,15935.565011852366,1733.9250000199986,935.692,13265.948011832368,2000.1670000199988,13935.398011832369,12.551591352627522,3,1,0,0,1,28.508669182466512,27.538810422309467,29.478527942623554,1.0,0.10776208446189361,0.0,1.0,1,0,0.0,1.0,0.0,0.10776208446189361,0.10776208446189361,0.0,1.0,0.0,0.0,0.0,5,0,2023,10,12,0,0,0,2,1,0,1,GRAVE_MORTALIDAD,2
3,2,11,0,4,1,-9.548620722116278,-76.69833976076727,0,4,7,1,2,2,2,2,6102.564695910868,2.430941336518327,2,0,0.4309413365183269,5,31,843.3448835353429,0.531213665933373,75.81837675418538,63.57797879056021,8.131072246709554,856.7973129118042,43349.42265685449,10828.339481782654,1614.9261023779025,1463.4116472636256,7750.001732141125,1429.4208231413475,9398.918658641305,13.253498470793977,3,2,0,0,1,42.679527064397874,28.812114606151788,61.861882673036654,1.0,0.0,0.0,0.0,2,0,0.0,0.5690586634816731,1.0,0.4309413365183269,1.0,0.4309413365183269,1.0,0.0,0.0,0.0,17,2,2022,6,26,3,0,1,1,1,0,1,GRAVE_MORTALIDAD,2
3,2,7,0,4,1,-15.113401087260845,-71.1251246671377,0,4,5,1,2,1,1,0,568.5409999999999,1.0,2,3,0.0,9,3,93.0,0.36359899221578235,68.38354346663142,63.71791244935205,5.230839596999782,456.53919563505286,1132.3654277857534,17779.13499998999,2097.3709999899997,2863.123,12818.640999999989,2878.713,14900.421999989989,16.19152450331032,5,2,0,0,3,34.08901666669154,24.574039393998195,43.60399393938489,1.0,0.0,0.0,1.0,2,0,0.0,0.0,0.8019969696924465,1.0,0.0,1.0,1.0,0.0,0.1980030303075535,0.0,3,0,2022,2,18,0,0,0,2,1,0,1,GRAVE_MORTALIDAD,2
4,1,11,0,4,1,-11.270694356641044,-76.19205366531106,0,4,7,0,2,2,2,0,970.0473723847006,-0.12395640729934132,0,1,0.0,9,32,264.8330251678946,0.48702532953771477,71.63538798807366,59.45334294099727,6.406361056917785,891.622842464893,1479.290660162279,8014.011786233029,1579.1494322506578,1778.4235781451043,4656.438775837267,1843.2167623110518,6170.795023921977,23.046539042784755,6,1,0,0,4,30.475272454379116,29.38021796350329,31.57032694525494,1.0,0.5619782036496707,0.0,0.0,1,0,0.0,0.0,0.0,1.0,0.0,1.0,0.0,0.0,0.0,0.0,10,1,2022,6,18,3,0,1,0,1,0,1,GRAVE_MORTALIDAD,2
6,1,7,0,4,2,-13.677645131168136,-71.36847167543047,0,4,4,0,4,1,0,6,6543.555,2.0,4,4,1.0,14,33,1198.0,0.33705774419438245,65.08172380799039,46.99855601507316,5.776863567408816,455.06313380128665,4238.503411588956,17779.13499998999,2097.3709999899997,2863.123,12818.640999999989,2878.713,14900.421999989989,16.19152450331032,4,1,0,0,3,42.0,42.0,42.0,1.0,0.0,0.0,0.0,1,0,0.0,0.0,0.0,0.40874376280852787,0.0,0.0,0.40874376280852787,0.0,0.0,0.5912562371914721,20,2,2022,8,6,3,0,0,2,1,0,1,GRAVE_MORTALIDAD,2
4,1,18,0,4,1,-14.934863919329612,-70.15299922651948,3,4,6,1,4,2,2,0,2690.269761982327,2.0,2,0,1.0,6,24,491.7970200075881,0.5973060213392251,74.63942852320082,65.06274696093655,8.406185987244257,1215.7965697656791,3931.987017696691,2330.6632516481463,498.6150780312445,403.21791949180334,1428.830254125098,740.400073595825,1590.2631780523207,30.78481892001135,4,2,0,0,2,50.503649074683956,40.433784392405656,60.573513756962264,1.0,0.5710810405062897,0.0,0.4289189594937103,2,0,0.0,1.0,0.0,0.0,0.0,1.0,1.0,0.0,0.0,0.0,12,1,2021,9,22,0,0,0,0,1,0,1,GRAVE_MORTALIDAD,2
4,1,14,1,4,1,-12.51414834155188,-72.93548197317836,3,4,6,1,4,2,2,0,1081.9434723082336,2.0,1,0,0.0,9,17,305.2326828962838,0.6002703242175346,69.48986884593779,69.33953041475685,8.775942243175843,1316.639652405695,25312.538530142505,12835.545387780609,1906.9956572540434,1622.9980512875445,9305.55167923902,2303.6566190894596,10531.88876869115,17.652074643471884,4,1,0,0,3,40.63903233743617,38.152400098420856,43.12566457645149,1.0,0.4144387065025531,0.0,0.0,1,0,0.0,0.0,0.0,1.0,0.4144387065025531,0.5855612934974469,0.4144387065025531,0.0,0.4144387065025531,0.4144387065025531,12,1,2022,4,7,6,1,0,2,1,0,1,GRAVE_MORTALIDAD,2
4,1,10,0,4,2,-11.97543309668261,-76.14627016463795,0,4,5,0,1,1,1,2,6543.555,2.4788262750864627,3,2,1.0,7,31,1330.63487819895,0.49222128467699766,76.12738604972918,57.68393879576046,6.839875330308619,844.8653191417802,24691.827552825154,8087.610639179396,1559.3584417333286,1812.4687217125243,4715.783475733542,1848.5970246968054,6239.01361448259,22.903972389710226,2,1,0,0,1,32.69056352422184,27.25408469896245,37.60586862456769,1.0,0.47882627508646247,0.0,0.0,1,0,0.0,0.0,0.47882627508646247,1.0,0.47882627508646247,0.5211737249135375,0.47882627508646247,0.0,0.47882627508646247,0.0,11,0,2021,7,24,3,0,1,1,0,0,1,GRAVE_MORTALIDAD,2
6,1,12,0,4,1,-7.787721473369747,-77.74225112564238,0,4,7,1,6,2,2,1,1688.589,1.0,1,3,0.0,9,32,287.0,0.24625053931052354,73.42389070469618,31.597062362878667,3.648941587500111,299.8017758443417,9135.288550458878,8931.828000000005,1335.5899999999997,1935.9830000000004,5660.255000000005,1219.309,7712.519000000005,13.651281686122925,4,1,0,0,3,22.44933139504271,22.44933139504271,22.44933139504271,1.0,0.0,0.0,0.0,1,0,0.0,0.0,0.0,1.0,0.0,0.14977713168090268,0.8502228683190973,0.0,0.8502228683190973,0.0,5,0,2022,9,15,1,0,0,0,1,0,1,GRAVE_MORTALIDAD,2
3,1,11,1,4,1,-12.301910541385432,-74.84874874171427,0,2,7,0,2,1,1,2,7586.903,2.0,2,0,1.0,9,5,1198.0,0.5336545218320965,71.92929564329563,77.58384169080527,9.232627232135878,800.3315036209059,14147.822420902803,12354.89774776221,1839.2069975013308,1187.4195873669917,9328.271162893887,1701.6937391169329,10653.204008645278,13.695940970247841,3,1,0,0,1,26.729526754263226,22.52463258117309,30.934420927353365,0.9344209273533637,1.0,0.9344209273533637,0.9344209273533637,1,0,0.0,0.0,0.0,1.0,0.0,1.0,0.0,0.9344209273533637,1.0,0.0,4,0,2022,9,14,4,0,0,2,1,0,1,GRAVE_MORTALIDAD,2