CLASE SINIESTRO,CANTIDAD DE VEHICULOS DAÑADOS,DEPARTAMENTO,ZONA,TIPO DE VÍA,RED VIAL,COORDENADAS LATITUD,COORDENADAS  LONGITUD,CONDICIÓN CLIMÁTICA,ZONIFICACIÓN,CARACTERÍSTICAS DE VÍA,PERFIL LONGITUDINAL VÍA,SUPERFICIE DE CALZADA,¿EXISTE SEÑAL VERTICAL?,¿EXISTE SEÑAL HORIZONTAL?,CAUSA FACTOR PRINCIPAL,MTC_RVN_LONGITUD_KM,MTC_RVN_N_CARRILES_MEDIANA,MTC_RVN_SUPERFICIE_DOMINANTE,MTC_RVN_ESTADO_DOMINANTE,MTC_RVN_ES_CONCESIONADA,MTC_RVN_CONCESION_PRINCIPAL,MTC_RVN_CORREDOR_LOGISTICO,MTC_RVN_N_TRAMOS,IDH_2019,IDH_ESP_VIDA_2019,IDH_EDUC_SECUND_PCT_2019,IDH_ANIOS_EDUC_2019,IDH_INGRESO_PERCAP_2019,IDH_POBLACION_2019,MTC_DEP_RED_TOTAL_KM,MTC_DEP_NACIONAL_TOTAL_KM,MTC_DEP_DEPARTAMENTAL_TOTAL_KM,MTC_DEP_VECINAL_TOTAL_KM,MTC_DEP_PAV_TOTAL_KM,MTC_DEP_NO_PAV_TOTAL_KM,MTC_DEP_PCT_PAVIMENTADA,PER_TOTAL_PERSONAS,PER_N_CONDUCTORES,PER_N_CONDUCTORES_FUGADOS,PER_N_PEATONES,PER_N_PASAJEROS_OCUPANTES,PER_EDAD_COND_PROM,PER_EDAD_COND_MIN,PER_EDAD_COND_MAX,PER_ANY_COND_MASCULINO,PER_ANY_LIC_PROBLEMA,PER_ANY_DOSAJE_POS,PER_ANY_DOSAJE_EVALUADO,VEH_TOTAL,VEH_N_FUGADOS,VEH_ANY_FUGADO,VEH_ANY_CARGA,VEH_ANY_PUBLICO,VEH_ANY_PARTICULAR,VEH_ANY_MOTO,VEH_ANY_AUTO,VEH_ANY_CAMION_BUS,VEH_ANY_SOAT_PROBLEMA,VEH_ANY_CITV_PROBLEMA,VEH_ANY_SEGURO_PROBLEMA,HORA_NUM,FRANJA_HORARIA,ANIO,MES,DIA_MES,DIA_SEMANA,ES_FIN_SEMANA,ES_QUINCENA,REGION_NATURAL,TIENE_SEÑALIZACION,ES_VIA_MULTICARRIL,ES_DEPTO_BAJO_PAVIMENTO,CATEGORIA_SEVERIDAD,CATEGORIA_SEVERIDAD_ENC
3,2,10,0,4,1,-14.994885301380613,-74.98292735546214,3,4,7,0,2,2,2,0,6639.975,2.0,2,0,1.0,9,31,1616.0,0.5563774842369664,77.00938809632027,69.10246351364754,8.476961866273152,914.8835608305218,27932.19700214133,3721.461,698.1859999999996,744.866,2278.409,1102.9029999999996,2618.558,29.636290693359403,3,2,0,0,1,33.705728309990526,29.37603926797347,38.03541735200758,1.0,0.0,0.0,0.4822913239962101,2,0,0.0,1.0,0.0,1.0,0.0,1.0,1.0,0.0,0.0,0.0,14,1,2022,5,26,5,1,1,0,1,0,1,GRAVE_MORTALIDAD,2
3,1,3,0,4,1,-16.316578911659892,-71.85180215354565,5,4,5,0,2,0,1,0,6543.555,2.0,4,4,1.0,14,33,1198.0,0.6138951502918096,79.36257603674795,70.69812420487963,8.022341390285769,1176.1720083487219,2481.3073415952927,10322.272,1495.236,1749.739,7077.2970000000005,2886.595,7435.677000000001,27.964725207783708,7,1,0,0,5,39.12168310100257,37.68252465150385,40.56084155050128,1.0,0.7195792247493588,0.0,0.0,1,0,0.0,0.0,0.0,1.0,0.0,1.0,0.0,0.0,0.0,0.0,12,2,2021,9,7,3,0,0,0,1,0,1,GRAVE_MORTALIDAD,2
3,2,13,0,3,2,-8.587963277136772,-78.87229241631248,0,2,4,1,2,1,1,0,3185.068779184955,2.0,2,1,1.0,5,24,534.4290951786438,0.6555817508272064,76.74893771375982,71.9914015297958,10.796970293417829,1273.4872709424396,77914.648044281,4954.961183006214,934.3430053044558,1016.0670384987204,3004.5511392030376,1102.2447274134938,3852.71645559272,21.574388732697148,5,2,0,0,2,49.02416167391402,29.024161673914023,72.87094952795087,1.0,0.0,0.6411313090061412,0.6411313090061412,2,0,0.0,0.6411313090061412,1.0,1.0,0.0,1.0,1.0,0.0,0.6411313090061412,0.0,12,1,2022,9,13,4,0,0,0,1,0,1,GRAVE_MORTALIDAD,2
6,1,12,0,4,1,-7.762220563501498,-77.55846187449356,1,4,7,1,5,2,2,1,6543.555,2.0,4,4,1.0,14,33,1198.0,0.2708201504177417,79.19009136933835,27.426090125613566,4.21085917148515,315.342135748174,3580.0189172356418,8931.828000000005,1335.5899999999997,1935.9830000000004,5660.255000000005,1219.309,7712.519000000005,13.651281686122925,4,1,0,0,3,39.08121367281704,39.08121367281704,39.08121367281704,1.0,0.0,0.0,0.0,1,0,0.0,0.6100433454577515,0.0,0.3899566545422485,0.0,0.0,1.0,0.0,0.0,0.0,10,0,2022,5,16,3,0,0,0,1,0,1,GRAVE_MORTALIDAD,2
6,1,1,0,4,1,-9.547005842907312,-77.46009886372421,1,4,5,0,2,1,1,0,1032.353823070167,1.6175155394174057,1,3,0.0,9,14,184.01341497942462,0.36531178300564887,71.08008085627407,53.64682688330988,5.971855214591024,488.65976662393103,1947.5153346327265,10767.648,1885.0630000000003,1222.721,7659.864000000001,2100.343,8667.305000000002,19.506051832303577,25,1,0,0,24,42.529937842330376,42.529937842330376,42.529937842330376,1.0,0.0,0.0,0.0,1,0,0.0,0.0,1.0,0.0,0.0,0.0,1.0,0.38248446058259433,0.0,0.0,19,2,2022,5,12,5,1,0,0,1,0,1,GRAVE_MORTALIDAD,2
6,1,5,1,4,2,-5.741596284110694,-78.72300232792746,0,3,4,0,2,2,2,4,6543.555,2.0,4,4,1.0,14,33,1198.0,0.33072634037875365,74.6333408225492,43.556781155771596,4.640533809138955,425.32080509021483,13182.95665102385,15935.565011852366,1733.9250000199986,935.692,13265.948011832368,2000.1670000199988,13935.398011832369,12.551591352627522,14,1,0,0,13,37.65831162029842,37.65831162029842,37.65831162029842,1.0,0.0,0.0,1.0,1,0,0.0,0.6954768108486167,0.3045231891513833,0.0,0.0,0.0,1.0,0.0,0.0,0.0,9,0,2023,8,17,1,0,0,2,1,0,1,GRAVE_MORTALIDAD,2
3,1,8,0,4,1,-9.467371981160499,-75.00948287891389,0,4,2,1,2,1,0,0,53.73725532520091,-0.9254214522526175,1,0,0.0,9,32,17.43623255974783,0.41083020437197265,70.6146964029219,36.030741564792734,6.373907917742161,703.0109011450724,6181.688083395872,8216.573746967944,1336.2601527237157,822.2195706326844,6058.094023611542,1080.2368423864946,7136.336904581448,13.138865017628902,4,1,0,0,2,47.248595159157944,40.4226117705685,54.074578547747386,1.0,0.9751404840842058,0.0,0.0,1,0,0.0,0.0,0.0,1.0,0.9751404840842058,0.0,1.0,0.0,0.0,0.9751404840842058,9,1,2023,2,24,3,0,1,2,1,0,1,GRAVE_MORTALIDAD,2
6,1,1,0,4,1,-8.564361848875189,-77.63170544467494,5,4,6,0,1,1,1,0,1703.219,1.0,0,3,0.0,9,28,247.0,0.224050374029139,73.4598020049263,45.36499573051104,4.109163179223972,161.72175395432598,2509.51089237001,10767.648,1885.0630000000003,1222.721,7659.864000000001,2100.343,8667.305000000002,19.506051832303577,26,1,0,0,25,44.94520251970453,44.94520251970453,44.94520251970453,1.0,0.0,0.0,0.0,1,0,0.0,0.0,0.9960858942646094,0.003914105735390638,0.0,0.0,1.0,0.9960858942646094,0.003914105735390638,0.0,15,2,2022,5,13,5,1,0,0,1,0,1,GRAVE_MORTALIDAD,2
3,2,3,0,3,3,-8.884214384866874,-77.6893192201897,0,4,7,1,1,1,1,1,6543.555,2.0,4,4,1.0,14,33,1198.0,0.4511068927975371,72.3258959026639,59.881431698557364,6.641114700472726,688.9591322739042,21601.10147606744,10350.53560088245,1760.2185156386151,1384.7796027058112,7205.537482538026,1900.1653107689576,8450.370290113495,18.175803103149725,4,2,0,0,2,28.151948814453306,16.817661422656037,39.228638765527904,1.0,1.0,0.0,0.0,2,0,0.0,0.22720767783200446,0.0,0.7727923221679955,0.7727923221679955,0.7727923221679955,0.22720767783200446,0.7727923221679955,0.7727923221679955,0.7727923221679955,17,1,2022,9,23,6,1,1,0,1,0,1,GRAVE_MORTALIDAD,2
4,1,14,2,2,4,-11.896304993321122,-77.02713981309901,0,1,2,1,2,0,1,0,6543.555,2.0,4,4,1.0,14,33,1198.0,0.6940023298120931,79.5281891872858,76.18150427748569,10.079661553042518,1401.7619552453891,359753.2569056472,7626.313,1683.4029999999998,1599.0829999999996,4343.827000000001,1814.875,5811.438000000001,23.797541485643197,4,1,0,0,2,34.79429626778357,30.342343418791042,39.24624911677611,1.0,0.40640628680099544,0.0,0.0,1,0,0.0,0.5935937131990046,0.0,0.40640628680099544,0.40640628680099544,0.0,0.5935937131990046,1.0,0.5935937131990046,0.40640628680099544,2,0,2024,7,15,3,0,0,0,1,0,1,GRAVE_MORTALIDAD,2
6,1,14,2,3,1,-12.01487995603305,-76.87632848927443,5,4,6,1,5,2,2,0,1718.7045984260894,2.0,2,0,1.0,4,16,310.9858636087332,0.6868549636939637,79.62363164345142,76.30894566128948,9.209137883551294,1425.4498631666322,684921.8484148846,7626.313,1683.4029999999998,1599.0829999999996,4343.827000000001,1814.875,5811.438000000001,23.797541485643197,2,1,0,0,1,34.02522334724121,30.620178677792964,36.579006849327385,1.0,0.14873883263793974,0.0,0.0,1,0,0.0,0.0,0.0,1.0,0.8512611673620603,0.0,0.14873883263793974,0.8512611673620603,1.0,0.8512611673620603,3,0,2022,4,20,5,0,1,0,1,0,1,GRAVE_MORTALIDAD,2
6,1,4,0,4,3,-14.243151587954793,-73.96084004435572,0,4,1,0,1,1,0,2,6543.555,2.0,4,4,1.0,14,33,1198.0,0.4103770101531565,73.33524744074053,64.22925497030022,6.370373101193915,503.0018751733892,3490.0295265362543,12678.733000000004,1805.074000000001,1774.0339999999994,9099.625000000004,2485.375000000001,10193.358000000002,19.602707936195205,40,1,0,0,38,47.18635818637383,39.20151575706957,55.17120061567808,1.0,0.20151575706957459,0.0,1.0,1,0,0.0,0.0,0.7984842429304254,0.0,0.0,0.0,1.0,0.20151575706957459,1.0,0.0,8,0,2023,5,8,3,0,0,2,1,0,1,GRAVE_MORTALIDAD,2
3,1,13,1,4,1,-13.17625393652379,-73.63793300982162,0,2,7,0,2,2,2,2,7586.903,2.0,2,0,1.0,9,5,1198.0,0.4868089096515845,72.15373332502521,75.75959607400667,8.538700058435207,681.7762190630029,14068.150551357889,12632.63674950533,1878.378217999785,1439.1156692315872,9315.142862273957,2049.5339352397777,10583.10281426555,15.981966169750587,3,1,0,0,2,35.182871034109674,31.885114715755627,38.48062735246371,1.0,0.7328347374120101,0.7328347374120101,0.7328347374120101,1,0,0.0,0.0,0.2671652625879899,0.7328347374120101,0.0,0.7328347374120101,0.2671652625879899,0.7328347374120101,0.7328347374120101,0.0,3,0,2022,8,16,2,0,0,2,1,0,1,GRAVE_MORTALIDAD,2
3,2,19,1,4,1,-7.244386563265291,-77.28499887777994,0,0,0,1,2,1,0,2,7461.271405272412,2.2445404429842992,2,0,1.0,6,22,1972.092388516331,0.5986721539470151,74.31102973228134,63.813952369950634,8.270548611009643,1228.6395978525131,24571.933391074213,6129.613901210306,1027.4170692352275,1120.284064656804,3981.912767318274,1209.3975842981833,4920.216316912121,19.381353341511836,3,2,0,0,1,37.7554595570157,18.379889745654587,57.131029368376815,1.0,0.24454044298429933,0.0,0.24454044298429933,2,0,0.0,0.24454044298429933,0.7554595570157007,0.7554595570157007,0.7554595570157007,0.24454044298429933,1.0,0.0,0.7554595570157007,0.7554595570157007,12,1,2021,7,15,5,1,0,0,1,0,1,GRAVE_MORTALIDAD,2
8,2,3,0,4,1,-16.042459250197858,-71.32406367718292,0,4,0,0,2,0,1,0,1504.4250000000002,2.0,2,0,1.0,7,25,241.0,0.4685280505645348,81.83746865987648,70.74305753660312,6.037751599761188,617.4715908037651,1751.8736616702354,10322.272,1495.236,1749.739,7077.2970000000005,2886.595,7435.677000000001,27.964725207783708,6,2,0,0,4,37.23479091708497,35.77267792892997,38.77267792892997,1.0,0.0,0.0,0.0,2,0,0.0,0.7726779289299726,0.22732207107002744,0.22732207107002744,0.0,0.22732207107002744,1.0,0.0,0.0,0.0,13,1,2022,2,18,1,0,1,0,1,0,1,GRAVE_MORTALIDAD,2
3,1,3,0,4,1,-15.838933788134051,-71.09863997942261,0,4,7,1,2,1,1,0,1504.4250000000002,2.0,2,0,1.0,7,25,241.0,0.4498224071382834,81.63336343193146,58.84842497065013,5.774685730039019,620.6584683449911,1358.612419700214,10322.272,1495.236,1749.739,7077.2970000000005,2886.595,7435.677000000001,27.964725207783708,15,2,0,0,12,38.15190664867783,27.713898724230937,45.28610127576906,1.0,0.339237340528867,0.0,1.0,2,0,0.0,1.0,0.660762659471133,0.339237340528867,0.0,0.0,1.0,0.0,0.0,0.0,9,1,2023,10,5,4,0,0,0,1,0,1,GRAVE_MORTALIDAD,2
4,2,6,0,3,3,-8.576309456833814,-77.62034961352813,0,4,7,1,1,1,1,1,6543.555,2.0,4,4,1.0,14,33,1198.0,0.48520544935000637,72.7058696263303,58.09063163663269,7.034109166223827,827.9885759455858,22042.036976956017,9853.044826654268,1611.316254966282,1578.067215112007,6663.661356575981,1661.41298930969,8191.63183734458,16.589212842148395,4,2,0,0,2,26.345341869588765,18.985589756493482,33.53782688920461,1.0,1.0,0.0,0.0,2,0,0.0,0.4981987195616854,0.0,0.5018012804383146,0.5018012804383146,0.5018012804383146,0.4981987195616854,0.5018012804383146,0.5018012804383146,0.5018012804383146,14,1,2022,8,24,6,1,1,0,1,0,1,GRAVE_MORTALIDAD,2
4,1,12,2,4,2,-14.516860933376364,-71.08969558049486,2,0,4,0,2,0,1,2,2964.94416693342,2.0,2,3,0.4386677720315755,11,32,556.3972634320908,0.6667063665445786,74.0747285079662,82.42507574920138,11.332703070807321,1238.869100159283,137164.81200955683,15964.444509963174,2063.772557998944,2639.838472029296,11260.833479934932,3069.6821892084545,12894.762320754719,19.745139235360433,3,1,0,0,0,46.71933388601579,40.82534549234733,52.61332227968425,1.0,0.5613322279684245,0.0,0.5613322279684245,1,0,0.0,0.0,0.4386677720315755,0.5613322279684245,0.5613322279684245,0.0,1.0,0.4386677720315755,0.4386677720315755,1.0,6,1,2023,5,5,5,1,0,2,1,0,1,GRAVE_MORTALIDAD,2
3,2,12,0,4,1,-7.401472816334228,-79.55672909047831,0,4,7,1,2,2,2,0,6543.555,3.0,2,0,1.0,0,30,1475.0,0.5968586479601472,81.56479096531379,74.23398565025978,9.72444636404026,898.7633596995952,27553.955032119917,8931.828000000005,1335.5899999999997,1935.9830000000004,5660.255000000005,1219.309,7712.519000000005,13.651281686122925,3,2,0,0,1,38.15481959634448,33.218273198781496,43.091365993907466,1.0,0.7817268012185062,0.0,0.0,2,0,0.0,0.0,0.0,1.0,1.0,0.21827319878149376,0.7817268012185062,0.0,0.21827319878149376,0.7817268012185062,8,0,2023,7,24,5,1,1,0,1,1,1,GRAVE_MORTALIDAD,2
5,1,5,0,4,0,-14.975729366673795,-73.44107157707211,0,4,6,1,1,2,2,0,6543.555,2.0,4,4,1.0,14,33,1198.0,0.5941718503816565,76.74116096151472,68.86087724192059,8.633434787063612,1082.852897677996,74862.3616996346,10145.324315823646,1532.6985141097955,1604.5801067451087,7008.045694968741,2798.9199118988204,7346.404403924826,27.53875141279025,5,1,0,0,3,47.02123199671965,46.43420065197337,47.60826334146593,1.0,0.13045140994361804,0.0,0.13045140994361804,1,0,0.0,0.13045140994361804,0.0,1.0,0.13045140994361804,0.869548590056382,0.0,0.13045140994361804,0.13045140994361804,0.0,7,1,2021,10,21,5,1,1,0,1,0,1,GRAVE_MORTALIDAD,2
5,1,7,0,4,1,-13.679141823983588,-71.6057021057141,0,4,0,0,2,0,0,2,3265.8970971940194,1.9874221875138045,2,0,0.9874221875138046,5,17,572.8297521800041,0.46133877519303934,65.69660289578621,72.6136109894856,7.224832400062725,714.3143932810655,7954.622998763605,17779.13499998999,2097.3709999899997,2863.123,12818.640999999989,2878.713,14900.421999989989,16.19152450331032,16,1,0,0,15,26.062889062430976,26.062889062430976,26.062889062430976,1.0,0.9874221875138046,0.0,0.0,1,0,0.012577812486195383,0.0,0.0,1.0,0.012577812486195383,0.0,0.9874221875138046,1.0,0.9874221875138046,1.0,12,2,2022,9,28,3,0,0,2,1,0,1,GRAVE_MORTALIDAD,2
0,1,14,2,3,1,-12.034752486540897,-77.02000778639906,0,2,6,1,2,2,2,0,6543.555,2.846036761333496,2,0,1.0,2,30,1432.3521828893784,0.7300036506368504,80.21724456394445,75.11639588359114,10.636845733066124,1559.041185521695,156759.78800856532,7626.313,1683.4029999999998,1599.0829999999996,4343.827000000001,1814.875,5811.438000000001,23.797541485643197,3,1,0,2,0,55.76677198800342,55.76677198800342,55.76677198800342,1.0,0.15396323866650385,0.0,0.0,1,0,0.0,0.8460367613334961,0.0,0.15396323866650385,0.0,0.0,1.0,0.0,0.0,0.0,6,0,2024,7,6,0,0,0,0,1,0,1,GRAVE_MORTALIDAD,2
6,1,12,0,8,3,-8.014024484435295,-77.4497704506111,0,4,7,1,7,2,2,0,6543.555,2.0,4,4,1.0,14,33,1198.0,0.2601520819944184,79.02209924151677,37.52037405703579,4.623884842034384,221.26667064205827,5550.639940520523,8931.828000000005,1335.5899999999997,1935.9830000000004,5660.255000000005,1219.309,7712.519000000005,13.651281686122925,4,1,0,0,3,39.4821598557294,39.4821598557294,39.4821598557294,1.0,0.29464362980588177,0.0,0.0,1,0,0.0,0.0,0.0,1.0,0.29464362980588177,0.0,0.7053563701941182,0.29464362980588177,0.0,0.29464362980588177,8,0,2023,9,13,3,0,0,0,1,0,1,GRAVE_MORTALIDAD,2
3,2,3,0,4,1,-15.557071422179126,-71.05911428060968,0,4,5,1,2,0,1,0,568.5409999999999,1.0,2,3,0.0,9,3,93.0,0.46491004473657704,81.36595945441331,53.49431337316924,5.814235483797018,715.4854131571668,1370.0469201293793,10322.272,1495.236,1749.739,7077.2970000000005,2886.595,7435.677000000001,27.964725207783708,9,2,0,0,7,36.85814432112509,35.34542145981626,38.370867182433926,1.0,0.0,0.0,0.0,2,0,0.0,0.7563614306544171,0.0,1.0,0.0,0.24363856934558292,0.7563614306544171,0.0,0.24363856934558292,0.0,10,2,2022,4,23,1,0,0,0,1,0,1,GRAVE_MORTALIDAD,2
1,1,1,0,4,1,-9.460105157378353,-78.32828617672463,3,2,3,1,4,2,2,0,6543.555,3.0,2,0,1.0,0,30,1475.0,0.5873460606982213,78.04758132038613,65.8701248560095,8.596987164492063,1041.0659985770535,35482.29764453961,10767.648,1885.0630000000003,1222.721,7659.864000000001,2100.343,8667.305000000002,19.506051832303577,3,1,0,0,1,39.25118551902792,38.71978732914943,39.782583708906415,1.0,0.0,0.0,0.0,1,0,0.0,0.4686018101215098,0.0,0.5313981898784902,0.0,0.5313981898784902,0.4686018101215098,0.0,0.0,0.0,11,0,2021,8,25,2,0,1,0,1,1,1,GRAVE_MORTALIDAD,2
3,2,3,0,4,1,-15.851033947782913,-71.08346207079443,0,4,7,0,2,0,1,0,1504.4250000000002,2.0,2,0,1.0,7,25,241.0,0.4498224071382834,81.63336343193146,58.84842497065013,5.774685730039019,620.6584683449911,1358.612419700214,10322.272,1495.236,1749.739,7077.2970000000005,2886.595,7435.677000000001,27.964725207783708,8,2,0,0,6,44.299963212617314,30.139108042462713,58.46081838277192,1.0,0.5913011489232447,0.0,0.0,2,0,0.0,0.0,0.0,1.0,0.0,1.0,0.5913011489232447,0.0,0.4086988510767553,0.0,9,1,2021,4,16,1,0,0,0,1,0,1,GRAVE_MORTALIDAD,2
3,1,10,0,4,1,-13.664113702772903,-75.36061868047386,0,4,1,1,2,2,2,0,6257.905190116124,2.0,2,0,1.0,8,29,1497.1829479731873,0.6175098777128027,75.77717532811786,66.71357573527673,9.609584606013026,1169.1556066282296,8568.388403016954,3536.8905913815493,664.3791539254564,699.054105306862,2173.4573321492308,1033.980170255772,2502.910421125777,28.95589133686857,5,2,0,0,3,43.802613542474106,34.52893173681089,53.07629534813732,1.0,0.1131590971683929,0.0,0.8868409028316071,2,0,0.0,0.8868409028316071,0.0,1.0,0.1131590971683929,0.8868409028316071,0.8868409028316071,0.0,0.0,0.0,20,2,2021,11,25,2,0,0,0,1,0,1,GRAVE_MORTALIDAD,2
3,1,11,0,4,1,-8.097403189977785,-78.3565769505448,0,4,0,0,2,2,2,0,780.057738062738,1.8888550983934196,1,0,0.8888550983934195,8,29,167.24266547198124,0.3824980701869631,74.1457204051655,51.084044662990046,5.661609685443795,487.56141083984687,26598.468586994903,8851.495688320914,1335.3552619678067,1808.8325656926627,5707.307860660445,1201.5869454388308,7649.908742882084,13.568986430908076,3,1,0,0,1,43.33252236144207,37.11053667268813,49.554508050196006,1.0,0.0,0.0,0.0,1,0,0.0,0.8888550983934195,0.11114490160658053,0.8888550983934195,0.11114490160658053,0.8888550983934195,0.8888550983934195,0.11114490160658053,0.11114490160658053,0.11114490160658053,14,2,2022,6,22,5,1,0,0,1,0,1,GRAVE_MORTALIDAD,2
0,1,14,2,2,4,-12.01881034090506,-77.04623093935109,0,0,1,1,2,2,2,2,6543.555,2.0,4,4,1.0,14,33,1198.0,0.7300036506368504,80.21724456394445,75.11639588359114,10.636845733066124,1559.041185521695,156759.78800856532,7626.313,1683.4029999999998,1599.0829999999996,4343.827000000001,1814.875,5811.438000000001,23.797541485643197,3,1,0,1,0,42.3225265274169,38.76279879895592,45.88225425587787,1.0,0.745733733681359,0.0,0.0,1,0,0.0,0.0,0.254266266318641,0.745733733681359,0.254266266318641,0.0,1.0,0.0,0.254266266318641,0.254266266318641,19,2,2023,2,14,1,0,0,0,1,0,1,GRAVE_MORTALIDAD,2
6,1,3,0,4,0,-16.5421421876306,-71.71028772831013,0,4,0,0,2,1,1,0,6543.555,2.0,4,4,1.0,14,33,1198.0,0.6105481451420971,78.10653088113892,68.35418098658066,8.411557426919764,1158.5430895193692,35025.678800856535,10322.272,1495.236,1749.739,7077.2970000000005,2886.595,7435.677000000001,27.964725207783708,11,1,0,0,10,26.808610817115532,26.808610817115532,26.808610817115532,1.0,0.03515699204850142,0.0,0.0,1,0,0.0,0.0,0.9648430079514986,0.03515699204850142,0.0,0.03515699204850142,0.9648430079514986,0.0,0.0,0.0,5,0,2024,5,10,0,0,0,0,1,0,1,GRAVE_MORTALIDAD,2
3,1,14,0,4,0,-6.309650463432546,-80.1205510153418,0,4,7,1,2,2,2,0,6543.555,2.575070419085415,2,1,1.0,5,31,1357.29450608666,0.5383961422030242,82.34629465409893,66.64869411445872,7.054967979887162,845.9674713911536,12609.330247748778,8946.283254509051,1525.457885228912,1384.004998476506,6036.820370803634,1642.197219233367,7304.086035275685,18.34592948309684,3,2,0,0,1,29.0,25.30028167634166,32.69971832365834,1.0,0.4249295809145851,0.0,0.4249295809145851,2,0,0.0,0.0,0.0,1.0,1.0,1.0,0.0,0.0,0.0,1.0,21,2,2022,9,18,0,0,0,0,1,0,1,GRAVE_MORTALIDAD,2
5,1,7,0,4,0,-13.367469824752101,-71.60011734335305,0,4,0,1,1,1,1,5,6766.22270887489,2.0,3,3,1.0,12,27,1198.0,0.20686784846730943,61.7348452397496,51.28309659291384,3.330239014318071,187.93101159668214,10075.877171244432,17779.13499998999,2097.3709999899997,2863.123,12818.640999999989,2878.713,14900.421999989989,16.19152450331032,3,1,0,0,2,39.53354132292123,38.14633388332602,40.92074876251644,1.0,0.21341652916849352,0.0,0.21341652916849352,1,0,0.0,0.0,0.21341652916849352,1.0,0.0,0.7865834708315065,0.21341652916849352,0.0,0.0,0.0,6,0,2022,7,14,3,0,0,2,1,0,1,GRAVE_MORTALIDAD,2
5,1,12,2,2,4,-8.187657771466856,-78.98782790948908,0,0,3,0,2,1,1,1,6543.555,2.0,4,4,1.0,14,33,1198.0,0.7139875405045925,79.56396022402359,77.20145982673809,11.764948173150518,1375.6710875673105,331695.5974104256,8909.258198240763,1341.6030067132792,1930.1586577192234,5637.49653380826,1229.6051716675372,7679.653026573225,13.826690679717744,2,1,0,0,1,37.077796201435135,36.94813586570991,37.20745653716036,1.0,0.9827119552366368,0.0,0.0,1,0,0.0,0.01728804476336321,0.0,0.9827119552366368,0.9827119552366368,0.0,0.01728804476336321,1.0,0.01728804476336321,0.9827119552366368,4,0,2021,9,22,2,0,1,0,1,0,1,GRAVE_MORTALIDAD,2
4,1,10,0,4,1,-8.85420650230765,-76.85288091077707,1,4,0,1,4,2,2,2,1240.3387600183491,1.4503153863434217,1,3,0.0,9,22,269.88801531894995,0.4230601416334667,75.92532115202538,48.416737178210795,5.827684170278995,723.7013561151483,21129.03432816806,8606.353097897181,1334.6389339040425,1420.8194961308077,5850.894667862331,1147.5062116475412,7458.84688624964,13.317853709574955,3,1,0,0,2,40.377365397575666,31.59621536387894,49.158515431272384,1.0,0.0,0.0,0.0,1,0,0.0,0.0,0.0,0.4503153863434217,0.4503153863434217,0.0,0.5496846136565783,0.4503153863434217,0.0,0.4503153863434217,13,3,2022,1,25,3,0,1,0,1,0,1,GRAVE_MORTALIDAD,2
6,1,8,0,4,1,-11.85310296185033,-75.22801859621242,0,4,0,0,2,2,2,0,851.654591428061,1.1422358542139706,0,2,0.14223585421397056,8,31,87.13353781320956,0.24310121220076666,68.38501332566452,48.09802002184585,4.088023646375702,211.3885211478754,4011.2978888769085,8571.222237583263,1429.775076499743,1998.1992067862982,5143.24795429722,1785.6649325381416,6785.5573050451185,20.88371536929238,3,1,0,0,2,47.159631936222794,47.159631936222794,47.159631936222794,1.0,1.0,0.0,0.0,1,0,0.0,0.8577641457860294,0.0,0.14223585421397056,0.14223585421397056,0.0,0.8577641457860294,0.14223585421397056,0.0,0.14223585421397056,6,0,2021,7,10,5,1,0,1,1,0,1,GRAVE_MORTALIDAD,2
1,1,13,0,4,0,-6.620662850356149,-79.62453749411415,1,4,4,0,1,1,0,0,6543.555,2.525897924157733,2,1,1.0,6,31,1343.673724991692,0.40943781577786287,78.64369355859569,57.56331663325251,6.3072337035084995,521.2950223474672,11059.029649290564,3459.691,515.0619999999999,689.7280000000001,2254.901,703.3549999999999,2756.336,20.329994788551925,12,1,0,0,10,42.51398876265313,36.992060558996926,48.03591696630932,1.0,0.0,0.0,0.0,1,0,0.0,0.5258979241577331,0.5258979241577331,0.0,0.0,0.0,1.0,0.0,0.0,0.0,10,1,2021,4,20,2,0,1,0,1,0,1,GRAVE_MORTALIDAD,2
3,2,10,0,4,1,-14.333715762838809,-75.66196328056587,6,4,7,1,2,2,2,0,6639.975,2.0,2,0,1.0,9,31,1616.0,0.6260188718213293,80.47850367676395,76.52050892098539,9.34085989744772,1061.0184411738771,31405.053540499513,3721.461,698.1859999999996,744.866,2278.409,1102.9029999999996,2618.558,29.636290693359403,3,2,0,0,1,52.4240352463972,50.92198214494848,53.926088347845926,1.0,0.0,0.0,1.0,2,0,0.0,1.0,0.0,0.004106202897448452,0.0,0.004106202897448452,1.0,0.0,0.0,0.0,13,3,2023,1,9,2,0,0,0,1,0,1,GRAVE_MORTALIDAD,2