CLASE SINIESTRO,CANTIDAD DE VEHICULOS DAÑADOS,DEPARTAMENTO,ZONA,TIPO DE VÍA,RED VIAL,COORDENADAS LATITUD,COORDENADAS  LONGITUD,CONDICIÓN CLIMÁTICA,ZONIFICACIÓN,CARACTERÍSTICAS DE VÍA,PERFIL LONGITUDINAL VÍA,SUPERFICIE DE CALZADA,¿EXISTE SEÑAL VERTICAL?,¿EXISTE SEÑAL HORIZONTAL?,CAUSA FACTOR PRINCIPAL,MTC_RVN_LONGITUD_KM,MTC_RVN_N_CARRILES_MEDIANA,MTC_RVN_SUPERFICIE_DOMINANTE,MTC_RVN_ESTADO_DOMINANTE,MTC_RVN_ES_CONCESIONADA,MTC_RVN_CONCESION_PRINCIPAL,MTC_RVN_CORREDOR_LOGISTICO,MTC_RVN_N_TRAMOS,IDH_2019,IDH_ESP_VIDA_2019,IDH_EDUC_SECUND_PCT_2019,IDH_ANIOS_EDUC_2019,IDH_INGRESO_PERCAP_2019,IDH_POBLACION_2019,MTC_DEP_RED_TOTAL_KM,MTC_DEP_NACIONAL_TOTAL_KM,MTC_DEP_DEPARTAMENTAL_TOTAL_KM,MTC_DEP_VECINAL_TOTAL_KM,MTC_DEP_PAV_TOTAL_KM,MTC_DEP_NO_PAV_TOTAL_KM,MTC_DEP_PCT_PAVIMENTADA,PER_TOTAL_PERSONAS,PER_N_CONDUCTORES,PER_N_CONDUCTORES_FUGADOS,PER_N_PEATONES,PER_N_PASAJEROS_OCUPANTES,PER_EDAD_COND_PROM,PER_EDAD_COND_MIN,PER_EDAD_COND_MAX,PER_ANY_COND_MASCULINO,PER_ANY_LIC_PROBLEMA,PER_ANY_DOSAJE_POS,PER_ANY_DOSAJE_EVALUADO,VEH_TOTAL,VEH_N_FUGADOS,VEH_ANY_FUGADO,VEH_ANY_CARGA,VEH_ANY_PUBLICO,VEH_ANY_PARTICULAR,VEH_ANY_MOTO,VEH_ANY_AUTO,VEH_ANY_CAMION_BUS,VEH_ANY_SOAT_PROBLEMA,VEH_ANY_CITV_PROBLEMA,VEH_ANY_SEGURO_PROBLEMA,HORA_NUM,FRANJA_HORARIA,ANIO,MES,DIA_MES,DIA_SEMANA,ES_FIN_SEMANA,ES_QUINCENA,REGION_NATURAL,TIENE_SEÑALIZACION,ES_VIA_MULTICARRIL,ES_DEPTO_BAJO_PAVIMENTO,CATEGORIA_SEVERIDAD,CATEGORIA_SEVERIDAD_ENC
3,1,10,0,4,1,-13.720068173852562,-75.8884738685133,0,4,7,1,2,1,1,0,1663.3509243457727,1.9669599249931777,2,2,1.0,9,24,311.69599249931775,0.548112411495668,72.974428839409,72.45289074552342,8.089381295335981,931.2997428227844,5917.056436667672,3721.461,698.1859999999996,744.866,2278.409,1102.9029999999996,2618.558,29.636290693359403,4,2,0,0,2,30.57158682918145,25.13216030002729,36.01101335833561,1.0,0.01101335833560746,0.0,0.9889866416643925,2,0,0.01101335833560746,0.9889866416643925,0.01101335833560746,0.9889866416643925,0.0,0.01101335833560746,0.9889866416643925,0.0,0.9889866416643925,0.01101335833560746,6,1,2022,11,28,3,0,1,0,0,0,1,GRAVE_MORTALIDAD,2
3,2,20,0,4,1,-16.34437647744614,-69.29036901077522,0,4,4,1,2,2,2,2,7586.903,2.0,2,0,1.0,9,5,1198.0,0.3121051665835574,73.01005078455817,67.79373294206695,6.6035163807118185,260.55036337431284,18481.569518235632,13642.312999999998,2020.7790000000005,2354.117,9267.416999999998,3314.0520000000006,10328.260999999997,24.29244952817019,4,2,0,0,2,38.166360374137504,31.333455850344997,44.99926489793001,1.0,1.0,0.0,0.0,2,0,0.0,0.41663603741375055,0.5833639625862495,0.5833639625862495,1.0,0.5833639625862495,0.41663603741375055,0.0,0.5833639625862495,0.41663603741375055,15,1,2021,7,9,2,0,0,2,1,0,1,GRAVE_MORTALIDAD,2
3,2,20,0,4,1,-15.428558723897464,-70.14317507986198,0,4,7,1,2,1,1,6,7586.903,2.0,2,0,1.0,9,5,1198.0,0.5225679967471315,73.87568641139362,79.22999870887685,8.745562804731529,728.6643223924281,65445.28409703769,13642.312999999998,2020.7790000000005,2354.117,9267.416999999998,3314.0520000000006,10328.260999999997,24.29244952817019,4,2,0,0,2,35.267486998874865,33.139895990998944,37.39507800675079,1.0,0.8449913325832454,0.0,0.8449913325832454,2,0,0.0,0.0,1.0,1.0,0.0,0.15500866741675456,1.0,0.8449913325832454,1.0,0.15500866741675456,11,2,2021,2,18,0,0,1,2,1,0,1,GRAVE_MORTALIDAD,2
6,1,5,0,4,2,-6.638042490495117,-78.50508185004544,0,4,4,0,1,2,2,0,6543.555,2.0,4,4,1.0,14,33,1198.0,0.3484871558022944,76.33677469666252,53.28672218475212,4.131981838863427,447.1658531581213,76209.5845824411,15935.565011852366,1733.9250000199986,935.692,13265.948011832368,2000.1670000199988,13935.398011832369,12.551591352627522,4,1,0,0,3,38.01329605744044,38.01329605744044,38.01329605744044,1.0,1.0,0.0,0.33554934290674043,1,0,0.0,0.6644506570932596,0.33554934290674043,0.0,0.33554934290674043,0.0,0.6644506570932596,0.33554934290674043,0.33554934290674043,0.33554934290674043,13,1,2022,3,25,6,1,1,2,1,0,1,GRAVE_MORTALIDAD,2
3,1,3,0,4,0,-16.402735164973176,-72.24939716421338,0,4,7,1,2,0,1,0,6611.897425122252,2.0,2,1,1.0,10,31,1494.2780927307724,0.6077843615696785,76.53072135400231,69.81276959706165,8.77367759087771,1135.5159013374655,74658.55888650964,10322.272,1495.236,1749.739,7077.2970000000005,2886.595,7435.677000000001,27.964725207783708,3,1,0,0,1,36.469615069423845,29.736022052815382,43.203208086032305,1.0,0.0,0.0,0.708799264906154,1,0,0.0,0.708799264906154,0.0,1.0,0.708799264906154,0.29120073509384603,0.708799264906154,0.0,0.0,0.0,4,0,2024,10,27,5,1,1,0,1,0,1,GRAVE_MORTALIDAD,2
1,1,12,1,7,3,-12.53478724985801,-74.2119890526395,0,4,0,1,6,2,2,4,6543.555,2.0,4,4,1.0,14,33,1198.0,0.515200281247735,69.70081924038752,72.03954032611672,8.482637264497313,864.8977960615308,26076.197938008612,12509.622090032199,1861.0287124549318,1327.6357992566407,9320.957578320626,1895.4704331440419,10614.151656888156,14.969452227888288,4,1,0,1,1,29.06727877276377,29.06727877276377,29.06727877276377,1.0,0.0,0.0,0.8221202045393714,1,0,0.0,0.8221202045393714,0.0,0.0,0.0,0.0,1.0,0.0,0.1778797954606286,0.0,11,2,2022,6,15,0,0,0,2,1,0,1,GRAVE_MORTALIDAD,2
3,1,5,1,4,1,-7.1442498635259515,-78.46306890162248,5,4,5,1,5,1,1,0,3182.5001294984313,1.111466711475515,1,3,0.11146671147551512,9,32,1206.885332885245,0.4873182795359782,74.24096566709692,64.6877883123536,6.6248391576573376,776.4319899416191,48280.91862955032,15935.565011852366,1733.9250000199986,935.692,13265.948011832368,2000.1670000199988,13935.398011832369,12.551591352627522,2,1,0,0,1,36.2293342295103,36.2293342295103,36.2293342295103,1.0,1.0,0.0,0.0,1,0,0.0,0.0,0.11146671147551512,0.8885332885244849,1.0,0.0,0.0,1.0,0.8885332885244849,0.8885332885244849,14,3,2021,7,29,5,0,0,2,1,0,1,GRAVE_MORTALIDAD,2
4,1,13,1,4,1,-9.49510057649154,-77.46262355851161,0,4,3,0,2,1,0,0,1063.539175973988,2.0,2,0,0.4419078449789259,8,23,433.7391087026023,0.5441947597862322,78.37967182187579,50.03887834802573,8.593960806960103,970.22946201577,13826.10837580052,8203.230320237664,1529.7017067143447,1747.9617529734,4925.56686054992,1551.689712397281,6651.540607840384,19.313829683040886,3,1,0,0,1,26.198124527299797,22.883815689957853,29.51243336464174,1.0,0.5580921550210741,0.0,0.0,1,0,0.0,0.4419078449789259,0.4419078449789259,0.5580921550210741,0.5580921550210741,0.0,0.4419078449789259,0.5580921550210741,0.4419078449789259,0.0,16,2,2021,3,11,2,0,0,0,1,0,1,GRAVE_MORTALIDAD,2
5,1,12,0,4,1,-7.956169406233331,-78.2119534329927,0,4,7,1,2,2,2,2,9452.201982633442,2.1428459075919237,2,0,1.0,7,31,3493.5978876210197,0.41389434837295547,73.57209761530001,57.63533491406141,5.764259396054963,581.0204504791702,69285.48139764163,8931.828000000005,1335.5899999999997,1935.9830000000004,5660.255000000005,1219.309,7712.519000000005,13.651281686122925,2,1,0,0,1,67.28600640260998,65.5718555115069,69.00015729371307,1.0,0.14284590759192373,0.0,0.0,1,0,0.0,0.14284590759192373,0.0,1.0,0.0,1.0,0.14284590759192373,0.0,1.0,0.0,12,1,2021,6,21,5,1,0,0,1,0,1,GRAVE_MORTALIDAD,2
6,1,9,0,9,3,-9.70576086874043,-76.11986075950892,1,4,6,1,6,2,2,0,6543.555,2.0,4,4,1.0,14,33,1198.0,0.2451079730940139,77.87897630173251,45.08467035634736,4.254082758027554,187.51694569952386,5977.990112234653,8796.777877715243,1323.0625656698094,1785.6023948860948,5688.112917159339,1269.6115795135408,7527.166298201702,14.473615584925625,5,1,0,0,4,38.65796164633451,38.65796164633451,38.65796164633451,1.0,0.0,0.0,0.0,1,0,0.0,0.23574840193060453,0.0,0.7642515980693955,0.0,0.0,1.0,0.0,0.0,0.0,6,0,2023,8,14,2,0,0,0,1,0,1,GRAVE_MORTALIDAD,2
6,1,5,0,4,2,-6.673745178714108,-78.57486603321362,5,4,0,0,1,1,1,0,6543.555,2.0,4,4,1.0,14,33,1198.0,0.4737064646415594,72.99268643533811,64.84029052643015,6.260012351472198,761.0789652226404,46550.581828713795,15935.565011852366,1733.9250000199986,935.692,13265.948011832368,2000.1670000199988,13935.398011832369,12.551591352627522,2,1,0,0,1,40.570433499714866,37.41053549964777,42.94035699976518,0.21002549998322717,0.21002549998322717,0.0,0.0,1,0,0.0,0.7899745000167728,0.21002549998322717,0.0,0.21002549998322717,0.0,0.7899745000167728,0.21002549998322717,0.7899745000167728,0.0,12,1,2021,10,24,5,0,0,2,1,0,1,GRAVE_MORTALIDAD,2
8,1,3,0,4,0,-15.781671790232554,-71.50642786159843,5,2,4,0,2,2,2,0,6543.555,2.0,4,4,1.0,14,33,1198.0,0.5325761945469989,81.34951653829121,50.97523181639888,6.867251361766504,964.6116839691138,2104.1584582441114,10322.272,1495.236,1749.739,7077.2970000000005,2886.595,7435.677000000001,27.964725207783708,2,1,0,0,1,28.950136617316403,23.196477363327286,34.70379587130552,1.0,0.0,0.0,0.0,1,0,0.0,0.0,0.0,1.0,1.0,0.0,0.6392954726654575,0.0,0.0,0.0,11,2,2024,6,9,4,0,0,0,1,0,1,GRAVE_MORTALIDAD,2
6,1,3,0,4,0,-13.400565617581222,-73.95372895352646,3,3,7,1,2,2,2,5,6557.68385136021,2.0,3,3,1.0,13,32,1259.251398761333,0.31201648562693834,72.12882688345536,61.13567557827574,5.720823292807173,362.3278522637063,8948.995437843552,8251.611365278275,1341.2042795123298,1342.2018170037761,5568.20526876217,1488.6872932904098,6762.924071987866,18.11510348465316,3,1,0,0,2,45.370292276341274,45.370292276341274,45.370292276341274,1.0,0.0,0.0,0.0,1,0,0.0,0.0,0.0,1.0,0.0,1.0,0.0,0.0,0.0,0.0,8,1,2021,3,5,5,1,0,1,1,0,1,GRAVE_MORTALIDAD,2
3,2,12,0,4,1,-7.775097946612668,-79.25276201311723,0,4,5,1,2,2,2,2,6543.555,3.0,2,0,1.0,0,30,1475.0,0.6137552402736777,77.488039372676,77.55476206305543,9.288784127631692,1053.6564617230836,8413.593147751606,8931.828000000005,1335.5899999999997,1935.9830000000004,5660.255000000005,1219.309,7712.519000000005,13.651281686122925,3,2,0,0,1,41.05555134616869,39.21211891609202,42.89898377624537,1.0,1.0,0.7373729720306713,0.7373729720306713,2,0,0.0,0.0,0.7373729720306713,0.2626270279693287,1.0,0.0,1.0,0.0,1.0,0.7373729720306713,21,2,2022,4,21,4,0,0,0,1,1,1,GRAVE_MORTALIDAD,2
9,1,3,0,4,1,-16.672596000435608,-72.54994513047156,0,4,0,1,2,1,1,0,1926.94,2.0,2,0,1.0,9,32,393.0,0.5506134487544145,84.11518135609504,66.07904665694413,8.594478109433165,777.7519971785225,628.7494646680942,10322.272,1495.236,1749.739,7077.2970000000005,2886.595,7435.677000000001,27.964725207783708,33,1,0,0,32,41.057645897815924,40.70426310949689,41.411028686134955,1.0,0.0,0.0,0.8822057372269906,1,0,0.0,0.11779426277300942,0.8822057372269906,0.11779426277300942,0.0,0.11779426277300942,1.0,0.0,0.0,0.0,3,0,2024,4,19,3,0,1,0,1,0,1,GRAVE_MORTALIDAD,2
6,1,7,0,4,1,-13.7994258547304,-71.83654107548948,0,4,0,0,3,2,2,2,6543.555,2.0,4,4,1.0,14,33,1198.0,0.2993114064391548,70.007538779484,62.47107448943745,4.123052237666504,334.33452814380126,7314.990254192032,17779.13499998999,2097.3709999899997,2863.123,12818.640999999989,2878.713,14900.421999989989,16.19152450331032,2,1,0,0,1,31.603328290912877,31.603328290912877,31.603328290912877,1.0,0.43388804848547946,0.0,0.5661119515145205,1,0,0.0,0.0,0.0,1.0,0.0,1.0,0.0,0.0,0.5661119515145205,0.0,13,3,2021,9,16,0,0,0,2,1,0,1,GRAVE_MORTALIDAD,2
3,1,12,0,4,1,-8.756105388737248,-78.2907575021409,0,4,1,0,2,1,1,0,506.5455579297595,2.0,2,0,0.7475971280994425,8,21,88.6418707644749,0.44263853424672467,74.84107291019636,54.76847835588336,6.204673752554761,706.3808497113478,26187.600228501477,8602.312264690747,1423.3790000843483,1850.9484724567023,5327.984792149697,1369.6315688063273,7232.68069588442,16.212226798571017,2,1,0,0,1,47.00961148760223,41.776431590906135,52.24279138429833,1.0,0.25240287190055755,0.0,0.0,1,0,0.0,0.7475971280994425,0.0,1.0,0.25240287190055755,0.7475971280994425,0.7475971280994425,0.25240287190055755,0.0,0.25240287190055755,16,2,2023,6,19,4,0,0,0,1,0,1,GRAVE_MORTALIDAD,2
6,1,5,0,4,2,-5.665764042127677,-79.09164728895514,0,4,0,0,1,2,2,1,6543.555,2.0,4,4,1.0,14,33,1198.0,0.3295042097389753,75.20237789147434,41.08751338996744,5.301170034917267,366.143655107707,9194.965854792361,15935.565011852366,1733.9250000199986,935.692,13265.948011832368,2000.1670000199988,13935.398011832369,12.551591352627522,2,1,0,0,1,71.99130472001656,71.99031097373273,71.99205002972943,0.9997515634290444,0.9997515634290444,0.0,0.9997515634290444,1,0,0.0,1.0,0.0,0.0,0.0,0.0,0.9997515634290444,0.0,0.00024843657095563465,0.0,12,3,2022,7,19,4,0,1,2,1,0,1,GRAVE_MORTALIDAD,2
5,1,22,0,4,1,-17.209139607080377,-70.39301059798025,1,4,7,1,2,2,2,2,1638.5369970347824,2.0,2,0,1.0,9,24,253.08827887871348,0.41534988391359134,71.10734916290373,64.62100117870595,7.22013733678378,520.4519209325579,2633.4833351626494,2650.572,630.6729999999998,487.3610000000001,1532.5379999999998,1068.7019999999998,1581.87,40.31967439480987,4,1,0,0,3,47.0916896008268,43.97424317271581,52.501376049607615,1.0,0.0,0.0,1.0,1,0,0.0,0.2750688024803808,0.0,0.7249311975196192,0.0,0.7249311975196192,0.2750688024803808,0.0,0.0,0.0,15,2,2023,5,8,3,0,0,0,1,0,1,GRAVE_MORTALIDAD,2
6,1,12,0,4,2,-7.764377858585698,-77.58309308317381,0,4,7,1,6,2,2,0,6543.555,2.0,4,4,1.0,14,33,1198.0,0.4686292122960986,72.39347765706144,42.14285241633188,6.687776775372348,878.2652317159998,9440.374732334049,8931.828000000005,1335.5899999999997,1935.9830000000004,5660.255000000005,1219.309,7712.519000000005,13.651281686122925,3,1,0,0,2,17.799286461659925,17.799286461659925,17.799286461659925,1.0,0.0,0.0,0.0,1,0,0.0,0.11418378023713216,0.0,0.0,0.0,0.0,0.11418378023713216,0.8858162197628678,0.0,0.8858162197628678,4,0,2021,9,9,6,1,0,0,1,0,1,GRAVE_MORTALIDAD,2
3,1,6,0,4,1,-6.1037387235648985,-79.334399501819,3,4,7,1,2,2,2,0,7128.691300724734,2.518318722429183,2,0,1.0,4,25,1791.9462806415977,0.446462954041008,73.70579228302626,58.93679199030807,5.867303939573215,709.8352649335113,49697.67692473623,3673.577236173823,823.3664368406996,639.2911534255597,2210.919645907564,819.0721833985027,2854.5050527753206,22.180381104286067,11,2,0,0,9,41.45796806072957,37.40301189344203,45.51292422801713,1.0,0.481681277570817,0.0,0.0,2,0,0.0,0.0,0.518318722429183,1.0,0.481681277570817,0.481681277570817,0.518318722429183,0.0,0.481681277570817,0.0,7,0,2021,4,16,1,0,0,0,1,0,1,GRAVE_MORTALIDAD,2
1,1,11,0,5,2,-11.581691708871515,-74.8761042871345,0,4,4,0,4,2,2,1,6088.39159121959,2.0,3,2,0.41265220875697206,11,32,708.7392898945577,0.4322404622070025,72.67085582086642,63.59758588126075,7.5275062230857435,538.9625861920792,26881.64518828491,12264.545,1826.4639999999995,1105.5389999999998,9332.542,1588.5359999999996,10676.009,12.952261987705208,3,1,0,0,0,34.46082570367331,26.825304417513944,42.09634698983267,1.0,0.5873477912430279,0.0,1.0,1,0,0.0,0.41265220875697206,0.0,0.5873477912430279,0.5873477912430279,0.5873477912430279,0.41265220875697206,0.0,0.5873477912430279,0.0,17,2,2021,6,22,2,0,0,2,1,0,1,GRAVE_MORTALIDAD,2
3,2,5,0,4,1,-6.18498416386301,-78.85270288125882,0,4,1,0,2,0,1,2,292.971809688754,2.0,2,0,1.0,2,19,60.034227633209966,0.41717928763045364,75.11932772384662,40.08880181699054,5.523027909976549,706.6096970847772,2929.0110782740476,15935.565011852366,1733.9250000199986,935.692,13265.948011832368,2000.1670000199988,13935.398011832369,12.551591352627522,3,2,0,0,1,36.829212088249605,25.522632025214172,48.13579215128504,1.0,0.17421067507139099,0.17421067507139099,0.17421067507139099,2,0,0.0,1.0,0.17421067507139099,0.825789324928609,1.0,0.0,1.0,0.825789324928609,1.0,0.17421067507139099,6,0,2021,6,12,4,0,0,2,1,0,1,GRAVE_MORTALIDAD,2
5,1,8,0,4,1,-11.967197940222498,-75.18166134654372,0,4,5,0,1,1,1,0,6543.555,2.0371083658219624,3,3,1.0,13,32,1208.2790173326835,0.28130439614017166,76.26895107772856,55.603398117765394,4.793063020279968,226.18288497400658,5510.300285869187,8528.288783599042,1457.899224343178,1957.6211341078622,5112.768425148001,1892.007556533513,6636.281227065528,22.180097199682095,7,1,0,0,5,21.804014592809185,20.814458170890187,22.447226267056536,1.0,1.0,0.0,0.03710836582196242,1,0,0.0,0.03710836582196242,0.03710836582196242,1.0,0.03710836582196242,0.0,0.03710836582196242,0.03710836582196242,1.0,0.03710836582196242,1,0,2021,5,13,0,0,0,1,1,0,1,GRAVE_MORTALIDAD,2
6,1,9,0,4,1,-12.046370516607617,-75.13991560519068,1,4,5,0,2,2,2,2,1152.8216989196378,1.1755797776346162,1,2,0.1755797776346163,9,30,171.55088130842324,0.35392672494684246,73.74381150673935,52.43680630894169,4.744179986561473,455.6080727567722,4379.005480532199,12337.268036938927,1822.7083485563953,1222.9132034498525,9291.646484932679,1746.0027921940514,10591.265244744875,14.119945808512117,5,1,0,0,4,42.687175330326944,42.687175330326944,42.687175330326944,1.0,0.1755797776346163,0.0,0.8244202223653837,1,0,0.8244202223653837,0.0,0.0,1.0,0.0,0.0,1.0,0.1755797776346163,0.0,0.8244202223653837,4,0,2021,10,4,3,0,0,2,1,0,1,GRAVE_MORTALIDAD,2
6,1,12,0,4,1,-7.4424597359637366,-79.49133007077586,0,4,8,0,2,2,2,2,6543.555,2.8224420802867773,2,0,1.0,2,30,1425.8164562394372,0.6138517538553948,80.84826225715301,64.49339622566798,9.143362084626023,1095.689060330069,16852.97430406852,8931.828000000005,1335.5899999999997,1935.9830000000004,5660.255000000005,1219.309,7712.519000000005,13.651281686122925,23,1,0,0,22,38.33663120430166,38.33663120430166,38.33663120430166,1.0,0.0,0.0,0.0,1,0,0.0,0.17755791971322277,0.8224420802867772,0.0,0.0,0.0,1.0,0.0,0.0,0.0,9,1,2021,10,16,3,0,0,0,1,0,1,GRAVE_MORTALIDAD,2
3,2,3,0,4,1,-15.970539110254629,-71.23731372587756,0,4,7,0,2,0,1,0,1504.4250000000002,2.0,2,0,1.0,7,25,241.0,0.4498224071382834,81.63336343193146,58.84842497065013,5.774685730039019,620.6584683449911,1358.612419700214,10322.272,1495.236,1749.739,7077.2970000000005,2886.595,7435.677000000001,27.964725207783708,7,2,0,0,5,37.41516713797456,26.593830034178115,48.236504241770994,1.0,0.08483286202544504,0.0,0.08483286202544504,2,0,0.0,0.08483286202544504,0.0,1.0,0.0,0.915167137974555,0.08483286202544504,0.0,0.915167137974555,0.0,14,3,2023,2,22,3,0,0,0,1,0,1,GRAVE_MORTALIDAD,2
4,1,15,0,4,1,-6.4612027855215795,-79.69766369800001,0,4,7,1,2,2,2,0,415.2388488280088,2.0,2,0,1.0,4,24,56.14684551597703,0.4913182634192485,79.08259689504862,56.46280360796054,6.819144311831467,765.4192546789334,12881.403014135498,8950.020641608158,1574.5479779937957,1241.2918099544204,6134.180853659942,1751.5344138111327,7198.486227797026,19.559724515226968,3,1,0,0,1,34.44137011783081,28.81315110190496,39.53479456687833,1.0,0.0,0.0,0.5347945668783289,1,0,0.0,0.46520543312167106,0.46520543312167106,0.5347945668783289,0.5347945668783289,0.0,0.46520543312167106,0.5347945668783289,0.46520543312167106,0.5347945668783289,13,1,2021,3,6,1,0,0,0,1,0,1,GRAVE_MORTALIDAD,2
5,1,7,0,4,1,-14.202376447719825,-71.98744073270456,0,4,0,1,1,1,1,2,6609.4823648045085,2.0,3,3,1.0,13,31,1198.0,0.3648229045321161,73.20597519760112,52.08635878172639,4.5529656389702495,509.6897799099294,7259.285869029486,17779.13499998999,2097.3709999899997,2863.123,12818.640999999989,2878.713,14900.421999989989,16.19152450331032,3,1,0,0,2,29.31594139637258,28.747246882901933,29.758259351294193,1.0,0.0631882792745162,0.0,0.0,1,0,0.0,0.0631882792745162,0.0631882792745162,1.0,0.0631882792745162,0.9368117207254838,0.0631882792745162,0.0631882792745162,0.0,0.0631882792745162,11,1,2023,7,9,2,0,0,2,1,0,1,GRAVE_MORTALIDAD,2
7,1,7,0,4,0,-13.670925950183594,-71.5898417497954,0,4,7,0,4,2,2,2,6543.555,2.0,4,4,1.0,14,33,1198.0,0.26884909577775534,62.8477975096654,46.41592499847166,4.125551884429852,310.5053284816716,12640.879338859697,17779.13499998999,2097.3709999899997,2863.123,12818.640999999989,2878.713,14900.421999989989,16.19152450331032,14,1,0,0,13,43.589124999631174,43.589124999631174,43.589124999631174,1.0,0.5981874999385286,0.4018125000614714,0.4018125000614714,1,0,0.0,0.0,0.4018125000614714,0.5981874999385286,0.0,0.5981874999385286,0.4018125000614714,0.0,0.0,0.0,5,0,2023,11,8,2,0,0,2,1,0,1,GRAVE_MORTALIDAD,2
1,1,14,0,4,1,-11.227780419866637,-77.46724356223164,0,2,3,1,2,1,0,0,6543.555,3.0,2,0,1.0,0,30,1475.0,0.6143165583882986,80.3302517708824,67.39438348821683,7.883663211227776,1198.4328507595474,20798.21407830123,7626.313,1683.4029999999998,1599.0829999999996,4343.827000000001,1814.875,5811.438000000001,23.797541485643197,3,0,0,1,1,41.180823339353,36.58356286230257,45.17625746777038,1.0,0.0,0.0,0.39817365136695215,1,0,0.0,0.0,0.39817365136695215,1.0,0.0,1.0,0.39817365136695215,0.0,0.0,0.0,15,1,2023,1,12,3,0,0,0,1,1,1,GRAVE_MORTALIDAD,2
6,1,19,0,4,1,-15.38791532391103,-70.23454969015171,0,4,0,1,2,1,1,2,6610.851737574108,2.0,3,3,1.0,13,31,1198.0,0.2590517707778439,70.85059597136403,63.392051274733376,4.600276962575924,224.49404061947797,9490.6164561265,13553.445918705931,2008.2455350758212,2273.5827717206503,9271.61761190946,3202.7549088741994,10350.691009831731,23.560998828162305,3,1,0,0,2,42.67749620656719,42.67749620656719,42.67749620656719,1.0,0.0,0.0,0.0645007586865618,1,0,0.0,0.0,0.0,1.0,0.0,1.0,0.0,0.0645007586865618,0.0645007586865618,0.0645007586865618,19,2,2022,10,13,5,1,0,2,1,0,1,GRAVE_MORTALIDAD,2
5,1,8,0,4,2,-12.949744795628751,-74.80356875010584,0,4,4,0,1,2,2,0,6543.555,2.0,4,4,1.0,14,33,1198.0,0.3721853594706646,72.81548606768897,50.62672897164882,5.707430020504187,467.6063232982041,24730.716033526365,8487.105303677798,1451.9329208142317,1997.2658029547772,5037.9065799087875,1877.8010955574805,6609.304208120315,22.130120421118086,2,1,0,0,1,37.59076634387627,33.49459507859409,40.71441511352479,1.0,0.027477504366338,0.0,0.0,1,0,0.0,0.027477504366338,0.0,0.972522495633662,0.027477504366338,0.972522495633662,0.027477504366338,0.0,0.027477504366338,0.027477504366338,3,0,2021,9,20,2,0,1,1,1,0,1,GRAVE_MORTALIDAD,2
3,2,22,0,4,1,-17.991261144511913,-70.87817119552602,0,4,7,1,2,2,2,2,1926.94,2.0,2,0,1.0,9,32,393.0,0.6251860511045456,74.04521456863587,70.22885571677195,9.280302864807103,1278.807845199858,3021.358329674929,2650.572,630.6729999999998,487.3610000000001,1532.5379999999998,1068.7019999999998,1581.87,40.31967439480987,4,2,0,0,1,52.32027468186694,43.072389548829484,65.36791010411628,1.0,0.0,0.0,1.0,2,0,0.0,1.0,0.0,0.0,0.0,0.5440299652945756,1.0,0.0,0.0,0.0,20,2,2022,12,19,1,0,0,0,1,0,1,GRAVE_MORTALIDAD,2
3,2,20,0,4,0,-16.540039547203346,-69.16282864497761,0,4,7,1,2,2,2,2,7127.616747144813,2.0,2,1,1.0,11,17,1198.0,0.28350344341334127,74.39918217486209,69.83344044990315,6.8949820002082,175.0173385494598,18728.425234053055,13642.312999999998,2020.7790000000005,2354.117,9267.416999999998,3314.0520000000006,10328.260999999997,24.29244952817019,4,2,0,0,2,30.478365777438114,29.03816149961788,31.91857005525835,1.0,0.5597957221797643,0.0,0.0,2,0,0.0,0.0,0.5597957221797643,1.0,0.5597957221797643,1.0,0.44020427782023575,0.0,1.0,0.0,21,2,2021,6,4,2,0,0,2,1,0,1,GRAVE_MORTALIDAD,2
3,2,19,0,4,1,-17.39287151382553,-70.6148156348983,0,4,7,1,2,2,2,2,1736.0251159285601,2.0,2,0,1.0,9,26,300.38227499896215,0.6168928685771256,74.42343901394112,69.77853914835259,8.571087388321033,1282.4742008922547,3608.899516208225,2793.8664969987562,553.7052711012101,686.8461428838416,1553.3150830137042,971.6424632755964,1822.2240337231597,35.069546347431775,6,2,0,0,4,50.50144268127993,43.72126955952634,57.281615803033525,1.0,0.0,0.4798845854976055,1.0,2,0,0.0,1.0,0.0,0.4798845854976055,0.0,0.5201154145023945,1.0,0.0,0.4798845854976055,0.0,16,2,2023,7,16,1,0,0,0,1,0,1,GRAVE_MORTALIDAD,2