CLASE SINIESTRO,CANTIDAD DE VEHICULOS DAÑADOS,DEPARTAMENTO,ZONA,TIPO DE VÍA,RED VIAL,COORDENADAS LATITUD,COORDENADAS  LONGITUD,CONDICIÓN CLIMÁTICA,ZONIFICACIÓN,CARACTERÍSTICAS DE VÍA,PERFIL LONGITUDINAL VÍA,SUPERFICIE DE CALZADA,¿EXISTE SEÑAL VERTICAL?,¿EXISTE SEÑAL HORIZONTAL?,CAUSA FACTOR PRINCIPAL,MTC_RVN_LONGITUD_KM,MTC_RVN_N_CARRILES_MEDIANA,MTC_RVN_SUPERFICIE_DOMINANTE,MTC_RVN_ESTADO_DOMINANTE,MTC_RVN_ES_CONCESIONADA,MTC_RVN_CONCESION_PRINCIPAL,MTC_RVN_CORREDOR_LOGISTICO,MTC_RVN_N_TRAMOS,IDH_2019,IDH_ESP_VIDA_2019,IDH_EDUC_SECUND_PCT_2019,IDH_ANIOS_EDUC_2019,IDH_INGRESO_PERCAP_2019,IDH_POBLACION_2019,MTC_DEP_RED_TOTAL_KM,MTC_DEP_NACIONAL_TOTAL_KM,MTC_DEP_DEPARTAMENTAL_TOTAL_KM,MTC_DEP_VECINAL_TOTAL_KM,MTC_DEP_PAV_TOTAL_KM,MTC_DEP_NO_PAV_TOTAL_KM,MTC_DEP_PCT_PAVIMENTADA,PER_TOTAL_PERSONAS,PER_N_CONDUCTORES,PER_N_CONDUCTORES_FUGADOS,PER_N_PEATONES,PER_N_PASAJEROS_OCUPANTES,PER_EDAD_COND_PROM,PER_EDAD_COND_MIN,PER_EDAD_COND_MAX,PER_ANY_COND_MASCULINO,PER_ANY_LIC_PROBLEMA,PER_ANY_DOSAJE_POS,PER_ANY_DOSAJE_EVALUADO,VEH_TOTAL,VEH_N_FUGADOS,VEH_ANY_FUGADO,VEH_ANY_CARGA,VEH_ANY_PUBLICO,VEH_ANY_PARTICULAR,VEH_ANY_MOTO,VEH_ANY_AUTO,VEH_ANY_CAMION_BUS,VEH_ANY_SOAT_PROBLEMA,VEH_ANY_CITV_PROBLEMA,VEH_ANY_SEGURO_PROBLEMA,HORA_NUM,FRANJA_HORARIA,ANIO,MES,DIA_MES,DIA_SEMANA,ES_FIN_SEMANA,ES_QUINCENA,REGION_NATURAL,TIENE_SEÑALIZACION,ES_VIA_MULTICARRIL,ES_DEPTO_BAJO_PAVIMENTO,CATEGORIA_SEVERIDAD,CATEGORIA_SEVERIDAD_ENC
3,1,12,0,4,1,-7.752184484086341,-79.22906712953139,0,4,7,1,2,2,2,2,6543.555,3.0,2,0,1.0,0,30,1475.0,0.588387295303892,78.90782117241295,65.5440628126604,8.72892883993958,1024.0873480415646,16065.193081614805,8931.828000000005,1335.5899999999997,1935.9830000000004,5660.255000000005,1219.309,7712.519000000005,13.651281686122925,13,2,1,0,11,39.49658601680158,39.49658601680158,39.49658601680158,1.0,0.0,0.0,0.0,2,0,0.38926822035538,0.0,0.61073177964462,1.0,0.0,0.61073177964462,1.0,0.0,0.61073177964462,0.38926822035538,7,1,2021,8,20,4,0,1,0,1,1,1,GRAVE_MORTALIDAD,2
4,1,14,1,2,3,-11.997843602911697,-77.03057620103817,0,2,2,1,2,2,2,0,6543.555,2.2642997527737547,3,2,1.0,10,32,1271.2110315183302,0.7603873971601136,80.4970140893513,78.43106756947572,11.135016501279077,1670.094164909142,54011.939661900215,7626.313,1683.4029999999998,1599.0829999999996,4343.827000000001,1814.875,5811.438000000001,23.797541485643197,4,2,0,0,2,60.26035630426925,58.27810815846608,62.24260445007241,1.0,0.0,0.0,0.0,2,0,0.0,0.26429975277375495,0.0,1.0,0.0,1.0,0.26429975277375495,0.0,0.0,0.0,14,1,2023,7,17,2,0,1,0,1,0,1,GRAVE_MORTALIDAD,2
3,2,20,0,4,1,-16.86041422242531,-69.7099261658786,0,4,0,0,2,2,2,2,1251.2574222675526,1.2872413479748408,1,2,0.2872413479748408,9,28,182.89379235139617,0.3367238884705214,79.36896456880557,60.06171049206615,6.384918376891411,270.8405155620205,5778.8501070663815,13642.312999999998,2020.7790000000005,2354.117,9267.416999999998,3314.0520000000006,10328.260999999997,24.29244952817019,3,2,0,0,1,36.05344717911943,27.776895266968474,44.32999909127038,1.0,0.7127586520251592,0.0,0.0,2,0,0.0,0.7127586520251592,0.0,1.0,1.0,0.0,1.0,0.7127586520251592,0.0,1.0,15,1,2022,6,15,4,0,0,2,1,0,1,GRAVE_MORTALIDAD,2
4,1,20,0,4,0,-14.769077523521059,-69.69381103000167,0,4,0,1,4,2,2,3,7053.398383339385,2.0,3,2,1.0,11,19,1198.0,0.33450800154586213,75.78978886935775,53.41206304710498,6.419231762172023,315.1852650521213,1691.2925788122507,13642.312999999998,2020.7790000000005,2354.117,9267.416999999998,3314.0520000000006,10328.260999999997,24.29244952817019,3,1,0,0,1,37.79175667074751,30.624729987757462,48.21652275509668,1.0,0.0,0.0,0.0,1,0,0.0,0.0,0.48866091020386726,1.0,0.0,0.48866091020386726,1.0,0.5113390897961327,0.5113390897961327,0.5113390897961327,14,2,2021,10,9,3,0,0,2,1,0,1,GRAVE_MORTALIDAD,2
6,1,14,0,4,1,-10.620669591595082,-77.0447925284819,0,4,5,0,6,1,1,0,983.0615220467216,-1.0,0,0,0.19331414523642043,9,28,357.83134856231345,0.42479827854555996,73.76796963158633,63.979439280968876,6.823877008422875,530.4346641014608,786.5883878967032,7626.313,1683.4029999999998,1599.0829999999996,4343.827000000001,1814.875,5811.438000000001,23.797541485643197,3,1,0,0,2,47.54651316189136,47.54651316189136,47.54651316189136,1.0,0.0,0.0,0.19331414523642043,1,0,0.0,0.8066858547635796,0.0,0.19331414523642043,0.0,0.0,1.0,0.0,0.0,0.0,7,1,2021,7,8,3,0,0,0,1,0,1,GRAVE_MORTALIDAD,2
3,2,20,0,4,1,-15.572876430689176,-70.09520625646248,0,4,7,1,2,1,1,2,7586.903,2.0,2,0,1.0,9,5,1198.0,0.3639242719814823,74.12138162043814,64.12600340064031,5.639704163335526,384.09597127423984,5578.752011862235,13642.312999999998,2020.7790000000005,2354.117,9267.416999999998,3314.0520000000006,10328.260999999997,24.29244952817019,3,2,0,0,1,25.421140430084098,22.29647898884865,28.545801871319544,1.0,0.04986457649417886,0.0,0.9501354235058211,2,0,0.0,0.04986457649417886,0.0,1.0,0.9501354235058211,0.04986457649417886,1.0,0.9501354235058211,1.0,0.9501354235058211,17,2,2022,7,25,3,0,1,2,1,0,1,GRAVE_MORTALIDAD,2
4,1,7,0,4,1,-8.513906905993126,-78.82366374354409,0,3,7,1,2,2,2,3,6543.555,3.0,2,0,1.0,0,30,1475.0,0.5723331500681546,78.89012554117643,64.0534875158418,8.496873928919289,975.1988208379458,20775.139519103086,9659.90647912183,1553.5086772987047,1653.1062952166374,6453.29150660649,1568.7233732907478,8091.183105831084,15.973258864516826,6,1,0,0,4,35.79319157555951,34.20680842444049,36.98297893889877,0.603404212220246,0.0,0.0,0.0,1,0,0.396595787779754,0.0,0.0,0.603404212220246,0.0,0.0,0.603404212220246,0.0,0.0,0.396595787779754,9,1,2022,7,5,6,1,0,0,1,1,1,GRAVE_MORTALIDAD,2
6,1,14,0,4,1,-10.478173276154871,-77.06456710804962,0,4,4,0,5,2,2,0,1031.172,-1.0,1,0,0.0,9,32,405.0,0.4117395614030981,71.83572282044469,61.246084003082096,6.6380323813805635,530.3894656495282,980.3626575879903,7626.313,1683.4029999999998,1599.0829999999996,4343.827000000001,1814.875,5811.438000000001,23.797541485643197,3,1,0,0,2,41.16945356265785,41.16945356265785,41.16945356265785,1.0,0.0,0.0,0.0,1,0,0.0,0.806778142506314,0.0,0.19322185749368603,0.0,0.0,1.0,0.0,0.0,0.0,6,0,2022,9,12,3,0,0,0,1,0,1,GRAVE_MORTALIDAD,2
6,1,12,0,4,2,-7.967855457255661,-77.62538092937706,0,4,5,0,1,2,2,0,6543.555,2.0,4,4,1.0,14,33,1198.0,0.49185041593828727,73.80555648417801,50.697929942210806,7.055553447151232,938.2793869200788,23074.635912590642,8931.828000000005,1335.5899999999997,1935.9830000000004,5660.255000000005,1219.309,7712.519000000005,13.651281686122925,3,1,0,0,2,25.353759080558408,25.353759080558408,25.353759080558408,1.0,0.8430827279627728,0.0,0.0,1,0,0.0,1.0,0.0,0.0,0.0,0.0,1.0,0.0,0.0,0.0,9,1,2022,5,24,5,0,1,0,1,0,1,GRAVE_MORTALIDAD,2
6,1,5,0,4,2,-6.971403069756435,-78.854766349917,0,4,6,0,1,2,2,2,6543.555,2.0,4,4,1.0,14,33,1198.0,0.32654181570107366,73.95011240550721,64.82121013878458,4.39518295535377,340.8392363595895,4012.8832838866756,15935.565011852366,1733.9250000199986,935.692,13265.948011832368,2000.1670000199988,13935.398011832369,12.551591352627522,2,1,0,0,1,44.0,44.0,44.0,1.0,0.015022541980566295,0.0,1.0,1,0,0.0,0.0,0.0,1.0,0.0,1.0,0.0,0.0,1.0,0.0,9,1,2024,11,27,3,0,0,2,1,0,1,GRAVE_MORTALIDAD,2
3,1,7,0,4,1,-10.932566856900616,-76.30057089210005,0,4,0,0,2,2,2,1,9936.932,2.0,2,0,1.0,9,32,3830.0,0.42284470716774614,76.48087502922131,57.48825860616659,6.8618451355369565,542.5563874079713,4063.0032759772744,11796.445406642637,1844.788686381994,1142.1833693512663,8809.473350909377,1748.584853446464,10047.860553196173,15.001719205674188,15,1,0,0,13,38.86945432632209,37.494880916605005,40.24402773603917,1.0,1.0,0.0,0.31271329514145807,1,0,0.0,1.0,0.6872867048585419,0.0,0.0,0.0,1.0,0.0,0.0,0.0,16,2,2022,7,6,2,0,0,1,1,0,1,GRAVE_MORTALIDAD,2
4,1,4,0,4,0,-9.156372618828653,-77.64265794331949,1,4,4,1,1,2,2,0,6583.266183797133,2.0,3,2,1.0,11,32,1370.155930587028,0.4724444269831265,72.91970526621006,49.69945002205526,6.852923837686484,841.1720636916334,7805.174555549918,3828.6625415693106,966.9294446344888,650.8524047666872,2210.880692168135,1009.2046497934941,2819.4578917758167,26.422214760540523,6,1,0,0,4,37.56005995915042,33.64742517308161,41.47269474521924,1.0,0.0,0.0,0.41185629327040185,1,0,0.0,0.41185629327040185,0.0,1.0,0.0,1.0,0.41185629327040185,0.0,0.0,0.0,12,1,2021,9,29,0,0,1,0,1,0,1,GRAVE_MORTALIDAD,2
6,1,22,0,4,1,-17.357656775431,-70.01527419885038,4,4,0,1,2,2,2,2,1193.1905466566388,1.1382831734047478,1,2,0.13828317340474772,9,30,179.31879616171395,0.4631199228830936,76.10875058500264,74.83339607595987,7.936337348516405,541.5894452849931,3139.052106050156,2650.572,630.6729999999998,487.3610000000001,1532.5379999999998,1068.7019999999998,1581.87,40.31967439480987,5,1,0,0,4,29.765663468094953,29.765663468094953,29.765663468094953,1.0,0.0,0.0,0.13828317340474772,1,0,0.0,0.0,0.0,1.0,0.0,1.0,0.0,0.0,0.0,0.0,14,3,2024,1,4,4,0,0,0,1,0,1,GRAVE_MORTALIDAD,2
4,1,13,0,4,0,-6.617861567369297,-79.81258709025201,0,4,7,1,2,2,2,0,6543.555,2.0,4,4,1.0,14,33,1198.0,0.4830691057308139,70.96444951827758,64.80144780665611,8.449210981294696,693.4770787539296,13710.346895074948,3459.691,515.0619999999999,689.7280000000001,2254.901,703.3549999999999,2756.336,20.329994788551925,2,1,0,0,1,54.872655830476766,54.65959464499052,55.085717015963006,1.0,0.5738776290275145,0.0,0.4261223709724855,1,0,0.0,1.0,0.0,0.4261223709724855,0.5738776290275145,0.4261223709724855,0.4261223709724855,0.5738776290275145,0.5738776290275145,0.5738776290275145,6,0,2021,2,26,2,0,1,0,1,0,1,GRAVE_MORTALIDAD,2
4,1,20,0,4,1,-15.402242603683286,-70.00428867903155,0,4,3,0,1,2,2,2,6543.555,2.0,4,4,1.0,14,33,1198.0,0.31381048249497595,76.49697544315428,65.78538490389717,5.525314968816412,286.74401962419654,9573.262586096107,13642.312999999998,2020.7790000000005,2354.117,9267.416999999998,3314.0520000000006,10328.260999999997,24.29244952817019,2,1,0,0,1,59.00866171192703,58.18017946586561,59.837143957988445,1.0,1.0,0.0,0.0,1,0,0.0,0.44767850262572206,0.0,0.5523214973742779,0.5523214973742779,0.0,0.44767850262572206,1.0,0.44767850262572206,0.5523214973742779,13,1,2021,8,13,3,0,0,2,1,0,1,GRAVE_MORTALIDAD,2
6,1,4,0,4,1,-13.395647161417582,-74.00845542407029,0,4,2,0,3,2,2,2,6543.555,2.0,4,4,1.0,14,33,1198.0,0.19031112556409846,76.78428834327195,30.07302258792221,4.189677794162876,144.1973652450186,1050.0667325642726,12678.733000000004,1805.074000000001,1774.0339999999994,9099.625000000004,2485.375000000001,10193.358000000002,19.602707936195205,7,1,0,0,6,43.5932985685439,43.5932985685439,43.5932985685439,1.0,0.0,0.0,0.5988830947573172,1,0,0.0,0.0,0.0,1.0,0.0,1.0,0.0,0.5988830947573172,0.5988830947573172,0.0,5,0,2022,7,27,6,1,1,2,1,0,1,GRAVE_MORTALIDAD,2
3,2,13,0,4,1,-6.632139071099624,-79.78305423566883,0,4,7,1,2,2,2,0,1199.2310065803601,2.0,2,0,0.7255882789996249,3,16,178.09264465502062,0.4760669684957259,77.84947814131685,60.46156270380196,7.108644401053707,671.1168720931482,19952.03648512475,3459.691,515.0619999999999,689.7280000000001,2254.901,703.3549999999999,2756.336,20.329994788551925,4,2,0,0,1,27.195293768003,22.920882047002625,31.469705489003378,1.0,0.7255882789996249,0.0,1.0,2,0,0.0,0.27441172100037514,0.0,0.7255882789996249,0.7255882789996249,0.0,0.27441172100037514,1.0,0.27441172100037514,1.0,19,2,2021,8,10,3,0,0,0,1,0,1,GRAVE_MORTALIDAD,2
4,1,6,0,4,1,-10.735266497232036,-75.32832914755274,0,4,0,0,2,1,0,0,2427.2642861064924,1.4000296359862914,1,1,0.4000296359862914,9,32,881.9758466711726,0.5496096914020636,71.66145409176775,51.5799215949687,8.616563763974893,1131.056338311204,1990.2679147794906,3521.8805107321978,881.1663042096923,712.2422253401721,1928.4719811823336,912.7307137318377,2609.1497970003606,26.25477160482326,4,1,0,0,2,44.89965918615765,42.79976291210967,46.99955546020563,1.0,0.4000296359862914,0.0,0.5999703640137086,1,0,0.0,0.5999703640137086,0.0,0.5999703640137086,0.0,0.4000296359862914,0.5999703640137086,0.0,0.0,0.0,16,2,2021,6,16,1,0,0,0,1,0,1,GRAVE_MORTALIDAD,2
3,1,7,0,4,2,-14.37213713521195,-71.28108255208389,0,4,5,0,1,1,0,2,6543.555,2.0,4,4,1.0,14,33,1198.0,0.26804618015321435,60.65289386220007,58.38914275962138,5.105170301104094,256.6095157860474,4869.289213109936,17779.13499998999,2097.3709999899997,2863.123,12818.640999999989,2878.713,14900.421999989989,16.19152450331032,3,1,0,0,1,30.7140811785204,28.7682331058515,32.6599292511893,1.0,0.0,0.0,0.7783392290675587,1,0,0.0,0.7783392290675587,0.0,1.0,0.0,0.7783392290675587,1.0,0.0,0.0,0.0,9,1,2022,6,17,4,0,0,2,1,0,1,GRAVE_MORTALIDAD,2
3,1,10,0,4,1,-10.63981491079297,-75.12736688337067,5,4,5,1,5,2,2,0,5814.163496435257,2.0,3,1,0.05878530587931452,9,32,413.96815979746896,0.42481861838091545,74.63545915480155,56.07461002562128,6.546835568167946,565.1000081257398,73911.08589772378,12480.347034285827,1821.0240665804092,1095.5544921523158,9563.7684755531,1612.7338542455834,10867.613180040244,12.928708441865307,2,1,0,0,1,35.11757061175863,30.411497141155202,39.82364408236206,1.0,0.9412146941206855,0.0,0.0,1,0,0.0,0.05878530587931452,0.9412146941206855,0.9412146941206855,0.0,0.9412146941206855,1.0,0.9412146941206855,0.0,0.9412146941206855,5,0,2021,6,17,4,0,0,2,1,0,1,GRAVE_MORTALIDAD,2
3,1,9,0,4,1,-11.137318373422488,-76.16518971834265,5,4,0,0,2,1,1,2,9936.932,2.0,2,0,1.0,9,32,3830.0,0.5833597049445681,76.27523290504313,72.70617277566055,8.782579175570563,1004.8246569696198,1636.1202430657222,12057.794082009927,1834.557674476801,1121.7241390389001,9101.512268494223,1659.2266133713579,10398.567468638568,13.857469270961662,3,2,0,0,1,34.5165811589139,21.690598344408713,47.34256397341909,1.0,0.13811966888174276,0.0,0.13811966888174276,2,0,0.0,1.0,0.8618803311182572,0.0,0.0,0.13811966888174276,1.0,0.0,0.0,0.0,6,0,2022,3,2,2,0,0,1,1,0,1,GRAVE_MORTALIDAD,2
3,2,12,0,4,1,-8.074757621334356,-79.09310396792932,0,2,7,1,2,2,2,2,6543.555,3.0,2,0,1.0,0,30,1475.0,0.583006771156836,78.2441938961209,62.24037484511178,8.807312392374042,1028.2282118265089,76607.295503212,8931.828000000005,1335.5899999999997,1935.9830000000004,5660.255000000005,1219.309,7712.519000000005,13.651281686122925,4,2,0,0,2,33.72859797919882,27.100030975731954,40.35716498266568,1.0,0.0,0.0,0.0,2,0,0.0,0.5642835017334319,0.4357164982665681,1.0,0.0,0.4357164982665681,1.0,0.0,0.0,0.0,5,0,2023,11,6,2,0,0,0,1,1,1,GRAVE_MORTALIDAD,2
7,1,5,0,4,2,-12.963191709180544,-73.81300899679816,2,4,5,0,3,2,2,0,6543.555,2.0,4,4,1.0,14,33,1198.0,0.28241872346280644,74.18888067730853,62.628180872178255,4.620403176751897,228.83028927814075,5656.826490151579,8448.87481072718,1378.5390701027072,1717.0361972253645,5353.299543399108,1696.220787535562,6752.654023191617,20.054709133460534,5,1,0,0,4,35.770540905982074,35.770540905982074,35.770540905982074,1.0,0.5897071970560535,0.0,0.0,1,0,0.0,0.41029280294394654,0.0,0.5897071970560535,0.0,0.0,0.41029280294394654,0.0,0.5897071970560535,0.0,6,1,2021,6,9,2,0,0,2,1,0,1,GRAVE_MORTALIDAD,2
6,5,5,0,4,2,-6.331189626675433,-78.7892063786474,0,4,4,0,1,2,2,1,6543.555,2.0,4,4,1.0,14,33,1198.0,0.3483253727100673,73.64234615646986,52.4924648874064,5.130264367930566,406.96709041897674,8749.868458468181,15935.565011852366,1733.9250000199986,935.692,13265.948011832368,2000.1670000199988,13935.398011832369,12.551591352627522,7,1,0,0,6,42.336347085028656,41.00452062754298,43.335216928142906,0.6670433856285818,0.0,0.0,0.6670433856285818,1,0,0.0,1.0,0.0,0.0,0.0,0.0,0.6670433856285818,0.0,1.0,0.0,14,3,2022,8,22,0,0,1,2,1,0,1,GRAVE_MORTALIDAD,2
3,1,3,0,4,0,-16.311807629701278,-72.01357261600633,0,4,6,0,2,0,1,0,6627.926687898179,2.0,2,0,1.0,9,31,1563.7681553768805,0.6030121360273757,76.08958672425712,64.22421870486647,8.296738805849968,1209.2148152059162,6549.350570599763,10322.272,1495.236,1749.739,7077.2970000000005,2886.595,7435.677000000001,27.964725207783708,3,1,0,0,1,31.125304037411873,23.249913132168036,39.00069494265571,1.0,0.8750434339159819,0.0,0.12495656608401806,1,0,0.0,0.0,0.12495656608401806,0.8750434339159819,0.8750434339159819,0.8750434339159819,0.12495656608401806,0.0,0.8750434339159819,0.0,19,1,2023,2,23,5,0,0,0,1,0,1,GRAVE_MORTALIDAD,2
5,1,3,0,4,1,-16.23219766297898,-71.66088547626464,0,4,6,0,2,0,1,0,1504.4250000000002,2.0,2,0,1.0,7,25,241.0,0.6005060748875158,78.21704200773246,77.40211893847457,8.994742794352394,996.014120858737,33335.45824411135,10322.272,1495.236,1749.739,7077.2970000000005,2886.595,7435.677000000001,27.964725207783708,9,1,0,0,7,30.479480612472507,30.0,30.958961224945018,1.0,0.0,0.0,0.10655124721611298,1,0,0.0,1.0,0.0,0.0,0.0,0.0,1.0,0.0,0.0,0.0,17,2,2021,11,28,3,0,0,0,1,0,1,GRAVE_MORTALIDAD,2
3,1,3,0,4,1,-16.45221184311166,-71.95952007134662,0,4,7,1,2,1,1,0,6639.975,2.0,2,0,1.0,9,31,1616.0,0.6455852322566902,78.58826324858522,78.38415596279924,8.472481180514539,1258.6172876652156,2628.282655246253,10322.272,1495.236,1749.739,7077.2970000000005,2886.595,7435.677000000001,27.964725207783708,4,2,0,0,1,40.531946917645215,34.86985425051805,46.232847501726845,0.3116423750863423,0.3116423750863423,0.0,0.0,2,0,0.0,0.6883576249136577,0.0,1.0,0.3116423750863423,1.0,1.0,0.0,0.3116423750863423,0.3116423750863423,14,2,2024,7,19,2,0,1,0,1,0,1,GRAVE_MORTALIDAD,2
6,1,12,0,4,0,-7.77746606851283,-77.6171148194113,0,4,7,1,7,2,2,0,6543.555,2.0,4,4,1.0,14,33,1198.0,0.4686292122960986,72.39347765706144,42.14285241633188,6.687776775372348,878.2652317159998,9440.374732334049,8931.828000000005,1335.5899999999997,1935.9830000000004,5660.255000000005,1219.309,7712.519000000005,13.651281686122925,2,1,0,0,1,47.622672589774915,47.622672589774915,47.622672589774915,1.0,0.0,0.0,0.0,1,0,0.0,0.0,0.0,1.0,0.0,0.0,1.0,0.0,0.2597944161711604,0.0,14,1,2024,9,11,1,0,0,0,1,0,1,GRAVE_MORTALIDAD,2
6,1,14,0,4,1,-11.223431492110238,-77.54817557118074,0,4,7,1,2,1,0,1,6543.555,3.0,2,0,1.0,0,30,1475.0,0.7327345537337897,78.20903814342847,76.31492653513806,13.642917835589472,1405.6698219039215,62016.21841541756,7626.313,1683.4029999999998,1599.0829999999996,4343.827000000001,1814.875,5811.438000000001,23.797541485643197,3,1,0,0,2,34.50932337286489,34.50932337286489,34.50932337286489,1.0,0.0,0.0,0.7453383135675532,1,0,0.0,0.0,0.0,1.0,0.0,0.2546616864324468,0.7453383135675532,0.0,0.0,0.0,6,0,2021,1,9,5,1,0,0,1,1,1,GRAVE_MORTALIDAD,2
3,1,13,0,4,1,-6.841285525082781,-79.82382404755529,0,3,7,1,2,2,2,0,6543.729032847252,2.998195054477786,2,0,1.0,0,30,1475.2544973186323,0.570030706357555,80.77076367140643,73.24122112112615,9.61175814691336,809.09099616768,96901.57268515999,3467.211525721659,517.1707918563693,691.3693362353533,2258.671397629937,705.3612330468518,2761.850292674808,20.33625352143591,3,2,0,0,1,32.508122254849965,25.018049455222144,39.99819505447778,1.0,0.0,0.0,0.0,2,0,0.0,1.0,0.0,1.0,0.0018049455222143296,0.9981950544777857,1.0,0.0,0.0,0.0,17,3,2022,4,1,3,0,0,0,1,0,1,GRAVE_MORTALIDAD,2
3,2,18,0,4,1,-14.669251022118278,-70.96084803049882,0,4,5,0,2,1,1,5,6412.416879149321,1.8120740421262047,1,0,0.8120740421262046,9,10,1032.0613791974388,0.49146883215846504,73.85193977858145,72.57284577514288,8.320730428071098,666.5904748832298,65736.207362411,13383.394628872134,1984.2621674957536,2119.4767833698525,9279.65567800653,2989.7827528734406,10393.611875998695,22.16133392215983,4,2,0,0,2,34.37244425275723,33.12074042126205,35.62414808425241,1.0,0.8120740421262046,0.0,1.0,2,0,0.0,0.0,0.8120740421262046,1.0,0.1879259578737954,0.0,1.0,1.0,0.8120740421262046,0.0,13,3,2021,1,18,0,0,1,2,1,0,1,GRAVE_MORTALIDAD,2
5,1,20,0,4,0,-14.452097552386709,-69.7303961704915,4,4,1,0,6,2,2,2,6543.555,2.0,4,4,1.0,14,33,1198.0,0.3793565069232501,70.30649087345041,71.82295189676593,6.347226186397352,408.59152404029805,4697.76473253685,13642.312999999998,2020.7790000000005,2354.117,9267.416999999998,3314.0520000000006,10328.260999999997,24.29244952817019,5,1,0,0,4,51.40656771514388,50.592239037955316,52.22089639233244,1.0,0.8519402405111703,0.0,0.0,1,0,0.0,0.0,0.14805975948882966,0.8519402405111703,0.0,0.0,1.0,0.0,0.8519402405111703,0.0,18,2,2021,8,25,4,0,0,2,1,0,1,GRAVE_MORTALIDAD,2
5,1,7,0,4,2,-13.46941666197153,-72.40029717660302,0,4,0,0,1,2,2,5,6646.518035012858,2.0,3,3,1.0,13,30,1198.0,0.3566005526981915,70.48659838222953,51.751243852808734,5.670511296186962,438.9448708671628,8682.509594582505,17779.13499998999,2097.3709999899997,2863.123,12818.640999999989,2878.713,14900.421999989989,16.19152450331032,12,1,0,0,11,37.358546019560514,35.92761021704167,38.78948182207937,1.0,0.09868522775992061,0.9013147722400794,0.9013147722400794,1,0,0.0,0.0,0.0,1.0,0.0,1.0,0.09868522775992061,0.0,0.9013147722400794,0.0,21,2,2024,8,28,3,0,0,2,1,0,1,GRAVE_MORTALIDAD,2
3,2,14,0,4,1,-13.152871196321064,-72.64683792771316,0,4,2,1,2,1,1,2,3963.2772997614097,1.4201946548332038,1,1,0.42019465483320384,9,20,686.0318802177189,0.4266181766012628,73.80242125531842,58.690777314225656,7.434833379299776,537.1487436607666,66342.86560310137,12843.475749200234,1908.114124353914,1630.184801742332,9305.176823103986,2313.5886000291707,10529.887149171062,17.717348177014692,4,2,0,0,2,27.96253051283165,26.30291982249806,29.622141203165242,1.0,1.0,0.0,1.0,2,0,0.0,0.0,0.42019465483320384,1.0,0.5798053451667962,0.0,1.0,1.0,1.0,0.0,6,1,2021,5,24,3,0,1,2,1,0,1,GRAVE_MORTALIDAD,2
3,2,20,0,4,1,-16.06479229720896,-70.12399297693142,0,4,4,0,2,2,2,2,1513.6093207742683,2.0,2,0,1.0,7,23,225.74241686608616,0.400799212700831,76.04838417283368,68.0192612669838,7.077032232778346,418.890963698572,5217.882684469818,13642.312999999998,2020.7790000000005,2354.117,9267.416999999998,3314.0520000000006,10328.260999999997,24.29244952817019,4,2,0,0,2,50.01238304496322,45.070587305960075,54.95417878396638,1.0,0.0,0.0,0.0,2,0,0.0,0.0,0.0,1.0,0.37213617399789856,0.6278638260021014,1.0,0.6278638260021014,0.0,1.0,14,2,2023,5,12,3,0,0,2,1,0,1,GRAVE_MORTALIDAD,2
4,1,9,0,4,1,-9.873221647514972,-76.03301217972513,4,4,0,1,5,2,2,2,841.4539477939501,2.0,2,3,0.0,9,23,169.65349078211023,0.25659571976539725,72.65591501099225,39.13293282734147,3.463444163600795,280.573576264153,21099.352328034776,8209.057,1333.4779999999996,791.9770000000001,6083.602,1059.8589999999997,7149.198,12.910849565303296,2,1,0,0,0,47.35647433184403,40.234529769834836,54.47841889385323,1.0,0.0,0.0,0.0,1,0,0.0,0.0,0.0,1.0,0.36522792625688194,0.6347720737431181,0.0,0.36522792625688194,0.0,0.36522792625688194,18,2,2021,6,18,2,0,0,2,1,0,1,GRAVE_MORTALIDAD,2
6,1,5,0,4,2,-6.721455926119205,-78.5355382174461,0,3,3,0,1,2,2,1,3633.8556891082903,1.5354133355114676,2,3,0.5354133355114677,11,32,664.654509167165,0.3484871558022944,76.33677469666252,53.28672218475212,4.131981838863427,447.1658531581213,76209.5845824411,15935.565011852366,1733.9250000199986,935.692,13265.948011832368,2000.1670000199988,13935.398011832369,12.551591352627522,4,1,0,0,3,32.70826671022935,32.70826671022935,32.70826671022935,1.0,0.5354133355114677,0.0,0.5354133355114677,1,0,0.0,0.0,0.5354133355114677,0.46458666448853225,0.5354133355114677,0.0,0.46458666448853225,1.0,0.5354133355114677,0.5354133355114677,15,2,2023,8,12,4,0,0,2,1,0,1,GRAVE_MORTALIDAD,2