CLASE SINIESTRO,CANTIDAD DE VEHICULOS DAÑADOS,DEPARTAMENTO,ZONA,TIPO DE VÍA,RED VIAL,COORDENADAS LATITUD,COORDENADAS  LONGITUD,CONDICIÓN CLIMÁTICA,ZONIFICACIÓN,CARACTERÍSTICAS DE VÍA,PERFIL LONGITUDINAL VÍA,SUPERFICIE DE CALZADA,¿EXISTE SEÑAL VERTICAL?,¿EXISTE SEÑAL HORIZONTAL?,CAUSA FACTOR PRINCIPAL,MTC_RVN_LONGITUD_KM,MTC_RVN_N_CARRILES_MEDIANA,MTC_RVN_SUPERFICIE_DOMINANTE,MTC_RVN_ESTADO_DOMINANTE,MTC_RVN_ES_CONCESIONADA,MTC_RVN_CONCESION_PRINCIPAL,MTC_RVN_CORREDOR_LOGISTICO,MTC_RVN_N_TRAMOS,IDH_2019,IDH_ESP_VIDA_2019,IDH_EDUC_SECUND_PCT_2019,IDH_ANIOS_EDUC_2019,IDH_INGRESO_PERCAP_2019,IDH_POBLACION_2019,MTC_DEP_RED_TOTAL_KM,MTC_DEP_NACIONAL_TOTAL_KM,MTC_DEP_DEPARTAMENTAL_TOTAL_KM,MTC_DEP_VECINAL_TOTAL_KM,MTC_DEP_PAV_TOTAL_KM,MTC_DEP_NO_PAV_TOTAL_KM,MTC_DEP_PCT_PAVIMENTADA,PER_TOTAL_PERSONAS,PER_N_CONDUCTORES,PER_N_CONDUCTORES_FUGADOS,PER_N_PEATONES,PER_N_PASAJEROS_OCUPANTES,PER_EDAD_COND_PROM,PER_EDAD_COND_MIN,PER_EDAD_COND_MAX,PER_ANY_COND_MASCULINO,PER_ANY_LIC_PROBLEMA,PER_ANY_DOSAJE_POS,PER_ANY_DOSAJE_EVALUADO,VEH_TOTAL,VEH_N_FUGADOS,VEH_ANY_FUGADO,VEH_ANY_CARGA,VEH_ANY_PUBLICO,VEH_ANY_PARTICULAR,VEH_ANY_MOTO,VEH_ANY_AUTO,VEH_ANY_CAMION_BUS,VEH_ANY_SOAT_PROBLEMA,VEH_ANY_CITV_PROBLEMA,VEH_ANY_SEGURO_PROBLEMA,HORA_NUM,FRANJA_HORARIA,ANIO,MES,DIA_MES,DIA_SEMANA,ES_FIN_SEMANA,ES_QUINCENA,REGION_NATURAL,TIENE_SEÑALIZACION,ES_VIA_MULTICARRIL,ES_DEPTO_BAJO_PAVIMENTO,CATEGORIA_SEVERIDAD,CATEGORIA_SEVERIDAD_ENC
3,1,3,1,4,1,-16.253877037880173,-71.63473166491535,5,4,0,0,2,1,1,0,1504.4250000000002,2.0,2,0,1.0,7,25,241.0,0.6005060748875158,78.21704200773246,77.40211893847457,8.994742794352394,996.014120858737,33335.45824411135,10322.272,1495.236,1749.739,7077.2970000000005,2886.595,7435.677000000001,27.964725207783708,14,1,0,0,12,42.64661805862087,39.09882016936876,46.19441594787297,1.0,0.0,0.0,0.7883995309449126,1,0,0.0,0.7883995309449126,0.0,0.21160046905508745,0.0,0.21160046905508745,0.7883995309449126,0.0,0.0,0.0,13,2,2023,4,15,1,0,0,0,1,0,1,GRAVE_MORTALIDAD,2
5,1,7,0,4,1,-13.53699086272578,-71.72991798925908,0,4,5,1,2,2,2,2,3414.2919679924003,1.1818958316782515,2,2,0.18189583167825163,8,13,1010.2305633987094,0.3317824956483032,72.43593725647888,55.43507796627841,4.9539508675184525,380.4901454462748,5977.289343768304,17779.13499998999,2097.3709999899997,2863.123,12818.640999999989,2878.713,14900.421999989989,16.19152450331032,3,1,0,0,1,53.634072965491576,51.17847923783518,56.089666693147976,1.0,0.18189583167825163,0.0,1.0,1,0,0.0,0.0,0.18189583167825163,1.0,0.18189583167825163,0.0,1.0,0.18189583167825163,1.0,0.18189583167825163,16,3,2025,4,20,5,0,0,2,1,0,1,GRAVE_MORTALIDAD,2
3,1,14,0,4,1,-10.691812516352194,-77.68170582609773,0,4,6,1,2,1,0,1,6594.682526577588,2.9579120757156483,2,0,1.0,0,29,1502.6938541791033,0.6041384683463737,82.77020786440248,67.7035204545523,7.749862976460053,1095.3633448538283,19764.530417340076,7460.099658265663,1636.3143569038784,1570.116491166386,4253.668810195399,1763.3595069397265,5696.740151325937,23.472265058656873,3,2,0,0,1,46.85774735641699,31.042087924284353,62.210439621421756,1.0,0.0,0.0,0.9579120757156483,2,0,0.0,1.0,1.0,0.04208792428435171,0.04208792428435171,0.9579120757156483,1.0,0.04208792428435171,0.04208792428435171,0.04208792428435171,20,2,2022,3,3,3,0,0,0,1,0,1,GRAVE_MORTALIDAD,2
6,1,5,0,4,1,-12.924456986720235,-74.36773596354521,5,4,0,0,1,1,1,5,6726.904645423341,2.0,3,3,1.0,13,28,1198.0,0.31621394597085395,69.75173245314747,46.57587111456161,6.145947270020356,365.87953785139007,9605.143448884113,12605.946908553427,1808.8329077811104,1656.5580272495115,9140.555973522805,2327.7716762270857,10278.17523232634,18.434011675156,5,1,0,0,4,30.58158812669413,30.58158812669413,30.58158812669413,1.0,0.8242679859228745,0.0,1.0,1,0,0.0,0.0,0.0,1.0,0.0,0.17573201407712546,0.0,1.0,1.0,0.17573201407712546,11,1,2021,6,19,5,1,1,2,1,0,1,GRAVE_MORTALIDAD,2
6,1,3,0,4,1,-16.39294143548934,-72.4035037402781,3,4,4,1,3,2,2,0,6543.555,2.0,4,4,1.0,14,33,1198.0,0.49612510176081054,79.8294224263085,57.077001344536605,7.58508503617648,720.4351115028671,687.3197572884143,10322.272,1495.236,1749.739,7077.2970000000005,2886.595,7435.677000000001,27.964725207783708,4,1,0,0,3,53.380401664805376,51.63976741167508,54.68587735465309,0.5648414367174266,0.0,0.0,0.0,1,0,0.0,0.0,0.0,1.0,0.0,0.5648414367174266,0.4351585632825734,0.0,0.4351585632825734,0.0,15,1,2022,2,19,2,0,0,0,1,0,1,GRAVE_MORTALIDAD,2
6,1,8,0,4,1,-12.473909901711766,-74.74899704807808,0,4,5,1,7,2,2,0,6730.999735991942,2.0,3,3,1.0,13,27,1198.0,0.2371271103914559,67.35907202388974,48.34285985638861,3.957778336278219,206.76708776763252,3746.0,8511.426,1445.3929999999996,2008.516,5057.516999999999,1879.579,6631.846999999998,22.08300935706896,8,1,0,0,7,40.05416841922638,36.772796282573765,42.51519752171584,0.17965696583684598,0.0,0.0,0.0,1,0,0.0,0.0,0.0,1.0,0.0,1.0,0.0,0.0,0.0,0.0,17,1,2024,6,10,4,0,0,2,1,0,1,GRAVE_MORTALIDAD,2
1,1,21,1,2,3,-18.00358462906457,-70.36261122492937,0,1,6,1,2,2,2,0,6082.985063055692,2.0,3,3,1.0,13,32,1117.690336049212,0.6952701516715741,76.82353106467843,75.25030284237741,11.556529877681955,1369.322454972764,73627.19613375595,2680.3615978571843,614.6721225071564,528.8321123557255,1536.857362994302,1048.5242218732537,1631.83737598393,39.22822143251311,4,1,0,1,1,37.698344903919896,33.89787201932558,40.59858134621705,0.0997635577028424,0.0,0.0,0.0,1,0,0.9002364422971576,0.0,0.0,0.0997635577028424,0.0,0.0997635577028424,0.0997635577028424,0.0,0.0,0.9002364422971576,18,2,2022,9,10,5,1,0,0,1,0,1,GRAVE_MORTALIDAD,2
3,1,13,0,4,1,-10.50583794329812,-77.9194631350353,0,4,6,1,1,1,0,2,6543.555,2.9454881100891406,2,0,1.0,0,30,1459.900206494692,0.6263624823982139,81.99015484727887,72.29830496850964,8.976494294207868,1090.1559343291563,20467.583697373702,7697.479089956976,1664.4430560344342,1617.4480557109682,4415.5879782115735,1782.4095717733492,5915.069518183627,23.24444968844477,5,1,0,0,3,46.92762515593598,41.50939299080227,52.29134543115883,0.9454881100891408,0.0,0.0,0.9454881100891408,1,0,0.0,0.0,0.9454881100891408,1.0,0.0,1.0,0.9454881100891408,0.0545118899108592,0.0545118899108592,0.0545118899108592,11,1,2021,3,20,5,1,1,0,1,0,1,GRAVE_MORTALIDAD,2
4,1,5,0,4,2,-9.55725290807803,-76.09387044708251,0,4,0,0,1,1,1,2,5511.201009852929,1.6665258317853837,3,3,0.6665258317853837,12,25,1168.320799028899,0.3486780716064282,75.09769370802955,43.30125714475409,5.108440769867201,457.6515398453515,25327.885494692884,16550.34798019199,1855.1248525509243,1578.440449516066,13116.782678125,2293.139396601608,14257.208583590384,13.765415032408274,6,1,0,0,5,26.66821585036078,25.66779334571693,27.668638355004628,1.0,0.6665258317853837,0.0,0.6665258317853837,1,0,0.0,0.0,0.6665258317853837,0.3334741682146163,0.3334741682146163,0.0,0.6665258317853837,0.6665258317853837,1.0,1.0,17,2,2024,8,22,3,0,1,2,0,0,1,GRAVE_MORTALIDAD,2
0,1,12,1,7,3,-12.85472261796887,-74.145737100289,0,4,2,1,6,2,2,3,6744.361663003015,2.0,3,3,1.0,13,27,1198.0,0.46050348040136657,71.79484247010411,72.42680676307127,8.146098496369216,604.0537215563156,25800.844478523963,12529.715388472818,1863.8625925323386,1345.8449973076845,9320.007798632794,1920.6352707306762,10609.08011774214,15.134836946232122,3,1,0,1,0,31.464347402836125,29.732173701418063,33.19652110425419,1.0,0.0,0.0,0.8075362553979931,1,0,0.0,1.0,0.19246374460200688,0.0,0.0,0.0,1.0,0.0,0.0,0.0,12,3,2023,7,13,0,0,0,2,1,0,1,GRAVE_MORTALIDAD,2
1,1,14,2,3,2,-12.034355001842679,-77.02177634935786,0,3,4,1,2,2,2,0,6543.555,2.508683950684079,2,1,1.0,6,31,1338.90545433949,0.7300036506368504,80.21724456394445,75.11639588359114,10.636845733066124,1559.041185521695,156759.78800856532,7626.313,1683.4029999999998,1599.0829999999996,4343.827000000001,1814.875,5811.438000000001,23.797541485643197,3,1,0,1,0,57.034735802736314,50.15631111231342,63.91316049315921,1.0,0.0,0.0,0.0,1,0,0.0,0.508683950684079,0.491316049315921,0.0,0.491316049315921,0.0,1.0,0.0,0.491316049315921,0.491316049315921,10,1,2023,5,15,3,0,0,0,1,0,1,GRAVE_MORTALIDAD,2
6,1,3,0,4,0,-16.04166930310354,-72.12819797354508,6,4,6,0,7,2,2,0,6543.555,2.0,4,4,1.0,14,33,1198.0,0.42747345399378983,74.4450889830341,46.34746039852646,6.271369513632077,647.280821723043,773.6224658649495,10322.272,1495.236,1749.739,7077.2970000000005,2886.595,7435.677000000001,27.964725207783708,7,1,0,0,6,37.43771339866912,33.65657009800368,40.2735708741682,0.0,0.0,0.0,0.05471417483363994,1,0,0.0,0.0,0.0,1.0,0.0,0.05471417483363994,0.9452858251663601,0.0,1.0,0.0,10,1,2023,3,12,1,0,0,0,1,0,1,GRAVE_MORTALIDAD,2
3,1,17,0,2,2,-9.589792336214606,-76.67535341406858,3,4,7,1,4,1,1,2,6543.555,2.0,4,4,1.0,14,33,1198.0,0.5958911274813876,74.2385698991016,61.77027893376749,8.71784749217139,1214.2269031876774,12496.059963625456,6705.997986557144,1280.0395576231726,1304.6712181173712,4121.2872108166,1442.5690659471452,5263.428920609998,21.082042923160586,4,2,0,0,2,39.913029541382286,34.393588276225984,45.43247080653859,1.0,0.5354705745913382,0.0,0.4645294254086618,2,0,0.0,0.5354705745913382,0.5354705745913382,0.4645294254086618,0.5354705745913382,0.0,1.0,0.0,1.0,1.0,8,1,2021,8,17,2,0,0,0,1,0,1,GRAVE_MORTALIDAD,2
6,1,8,0,4,1,-10.131138628511675,-75.7735437944518,0,4,5,0,2,2,2,0,6543.555,2.0,4,4,1.0,14,33,1198.0,0.26990622885320303,73.2652459560076,32.60872142192758,3.19130121532838,381.18446222524295,17224.628018909912,8218.689085207809,1330.199477567813,824.4955837571946,6063.9940238828,1083.8132173213708,7134.875867886438,13.182541299730765,3,1,0,0,2,32.55024483067185,32.55024483067185,32.55024483067185,1.0,0.0,0.0,0.0,1,0,0.0,0.0,0.0,0.9357492615245504,0.0,0.9357492615245504,0.0642507384754496,0.0,0.9357492615245504,0.0,2,0,2021,6,3,3,0,0,2,1,0,1,GRAVE_MORTALIDAD,2
6,1,19,0,4,1,-5.8278999845111565,-79.47260757310401,0,4,4,0,2,1,0,3,305.38500000000005,2.0,2,0,1.0,1,20,50.0,0.2117580020098525,65.37756662211437,42.30794939557186,3.975264599118591,171.62326554814578,38712.25053533191,8965.846000060003,1782.4120000599992,636.9959999999999,6546.438000000004,2214.505000059999,6751.341000000004,24.699342371541725,2,1,0,0,1,39.58567914559476,39.58567914559476,39.58567914559476,1.0,0.5976131909324605,0.0,0.40238680906753954,1,0,0.0,0.5976131909324605,0.0,0.40238680906753954,0.0,0.0,1.0,0.0,1.0,0.0,9,1,2023,5,19,0,0,1,0,1,0,1,GRAVE_MORTALIDAD,2
0,1,14,2,3,1,-12.036807053530682,-77.01714160117466,0,3,5,1,2,2,2,0,6543.555,2.809427488462815,2,0,1.0,2,30,1422.2114143041997,0.7300036506368504,80.21724456394445,75.11639588359114,10.636845733066124,1559.041185521695,156759.78800856532,7626.313,1683.4029999999998,1599.0829999999996,4343.827000000001,1814.875,5811.438000000001,23.797541485643197,3,1,0,1,0,58.23770995385126,55.569694792330665,60.90572511537185,1.0,0.0,0.0,0.0,1,0,0.0,0.8094274884628149,0.19057251153718513,0.0,0.19057251153718513,0.0,1.0,0.0,0.19057251153718513,0.19057251153718513,6,0,2023,6,9,1,0,0,0,1,0,1,GRAVE_MORTALIDAD,2
5,1,8,0,4,1,-11.876835280654884,-75.6332930313308,0,4,3,0,1,2,2,0,6543.555,2.1998473516082493,3,3,1.0,11,32,1253.357716395485,0.3941743545627774,73.81138855091295,52.38662565962649,5.7951396133570166,528.1314604585971,24726.71107727452,8595.442226310812,1423.4491612513589,1994.020472045799,5177.972593013653,1747.625789153621,6847.816437157189,20.397950912548403,5,1,0,0,4,41.29900778545362,39.200610593567,43.397404977340244,1.0,0.1998473516082494,0.0,0.0,1,0,0.0,0.0,1.0,0.0,1.0,0.0,0.1998473516082494,0.0,0.0,0.1998473516082494,12,2,2022,5,2,5,0,0,1,1,0,1,GRAVE_MORTALIDAD,2
3,1,3,2,4,1,-16.281359948595018,-71.63848190191595,6,4,0,0,2,1,1,0,1504.4250000000002,2.0,2,0,1.0,7,25,241.0,0.6005060748875158,78.21704200773246,77.40211893847457,8.994742794352394,996.014120858737,33335.45824411135,10322.272,1495.236,1749.739,7077.2970000000005,2886.595,7435.677000000001,27.964725207783708,17,2,0,0,14,34.64705361714192,29.932129099780653,39.54296720175478,1.0,0.0,0.0,0.9321290997806528,2,0,0.0,0.9321290997806528,0.0,0.06787090021934716,0.0,0.06787090021934716,1.0,0.0,0.06787090021934716,0.0,14,3,2023,5,11,0,0,0,0,1,0,1,GRAVE_MORTALIDAD,2
3,1,7,1,4,1,-13.734637632292802,-71.70858676181055,1,0,5,0,2,0,1,2,7347.171642183264,2.0,2,0,1.0,10,11,1198.0,0.45640290025954566,63.946220462609496,73.82089705528223,7.7495321567455315,712.6491394512119,8695.864094661587,17779.13499998999,2097.3709999899997,2863.123,12818.640999999989,2878.713,14900.421999989989,16.19152450331032,3,1,0,0,1,51.14885617175064,51.14885617175064,51.14885617175064,1.0,0.2297712343501267,0.0,0.0,1,0,0.0,1.0,0.0,0.0,0.0,0.0,1.0,0.0,0.0,0.0,3,0,2023,3,15,1,0,0,2,1,0,1,GRAVE_MORTALIDAD,2
3,1,9,0,3,1,-8.970331393850202,-77.99252744102652,0,3,7,0,1,1,1,2,6543.555,2.7477005140130895,2,1,1.0,3,30,1405.1130423816257,0.5628089184787162,80.8146773332918,73.4625127993292,8.99221488291067,817.5975674005001,27433.020378929956,8787.296473356,1322.1830576141413,1775.044690081754,5690.068725660105,1273.143150522971,7514.153322833029,14.53134881819454,3,1,0,0,2,34.318662593320695,29.45860925223561,39.17871593440577,1.0,0.25229948598691043,0.0,0.0,1,0,0.0,0.0,0.0,1.0,0.7477005140130896,1.0,0.0,0.0,0.7477005140130896,0.0,14,1,2024,1,21,5,0,0,0,1,0,1,GRAVE_MORTALIDAD,2
6,1,11,0,4,1,-11.733313670281023,-75.4070161103596,1,4,5,0,2,1,1,2,1002.0162538731181,1.2341026649706406,1,1,0.23410266497064058,7,27,144.5115399745596,0.4515183980360431,73.54905091235906,57.8603241545826,6.261617690157884,755.8876205811348,4588.330924760759,12264.545,1826.4639999999995,1105.5389999999998,9332.542,1588.5359999999996,10676.009,12.952261987705208,5,1,0,0,4,33.615638705675266,33.615638705675266,33.615638705675266,1.0,0.23410266497064058,0.0,0.7658973350293594,1,0,0.7658973350293594,0.0,0.0,1.0,0.0,0.23410266497064058,0.7658973350293594,0.0,0.23410266497064058,0.7658973350293594,9,0,2022,9,7,3,0,0,2,1,0,1,GRAVE_MORTALIDAD,2
3,1,17,0,4,1,-16.90193470870303,-70.16277993504217,1,4,6,1,2,2,2,2,1505.744975952736,1.9400748446789184,1,0,0.9400748446789186,9,21,198.56179627229403,0.538221732231131,75.14413670419056,69.97405156782243,7.373103955699631,917.8271384014607,4130.046762074425,2931.2802287708146,479.89627581163785,878.1444724839583,1573.2394804752184,878.566222214621,2052.714006556194,30.03488205549014,8,1,0,0,6,42.98127235954161,37.340823291468105,48.62172142761513,1.0,0.0,0.9400748446789186,0.9400748446789186,1,0,0.0,0.9400748446789186,0.0,1.0,0.0,0.05992515532108145,0.9400748446789186,0.0,0.9400748446789186,0.0,15,3,2023,2,19,0,0,0,0,1,0,1,GRAVE_MORTALIDAD,2
6,1,10,0,4,0,-13.688618692726376,-75.74796246175943,6,4,6,1,6,2,2,0,6543.555,2.0,4,4,1.0,14,33,1198.0,0.3613833453378618,74.69024785398452,53.43422824861912,7.219434322124629,350.5124174767975,721.457664445528,3721.461,698.1859999999996,744.866,2278.409,1102.9029999999996,2618.558,29.636290693359403,2,1,0,0,1,47.376803744623345,47.376803744623345,47.376803744623345,0.5175994650538077,0.0,0.0,0.0,1,0,0.0,0.5175994650538077,0.0,0.4824005349461923,0.0,0.4824005349461923,0.5175994650538077,0.0,0.0,0.0,18,2,2022,6,15,2,0,0,0,1,0,1,GRAVE_MORTALIDAD,2
5,1,19,0,4,1,-4.685041278418046,-80.191958404571,0,4,7,1,2,2,2,0,723.3139972330957,2.0,2,2,0.1244342079467552,8,30,83.32351292315472,0.3731108061028142,70.54312013393358,56.28926483696542,5.956986845637546,456.5433378807726,11738.415955547916,8965.846000060003,1782.4120000599992,636.9959999999999,6546.438000000004,2214.505000059999,6751.341000000004,24.699342371541725,3,1,0,0,2,55.26244742517139,54.142539553650586,56.38235529669218,1.0,0.8755657920532448,0.0,1.0,1,0,0.0,0.1244342079467552,0.0,1.0,1.0,0.0,0.1244342079467552,0.8755657920532448,1.0,0.8755657920532448,12,3,2021,8,28,0,0,1,0,1,0,1,GRAVE_MORTALIDAD,2
3,0,13,0,4,1,-11.936937768607091,-76.55180742706406,0,4,7,1,2,2,2,0,898.6223956765804,1.9621958762779914,1,0,0.9621958762779913,3,14,160.309670104309,0.6128264336847087,73.38408281476636,67.18342492140467,10.094106042135996,1172.6694550456873,6748.659633343733,7659.773921359958,1674.4052405129246,1614.5612557878728,4370.807425059162,1817.321078021309,5842.45284333865,23.73272510092922,4,2,0,0,2,27.52925773210812,27.52925773210812,27.52925773210812,1.0,0.0,0.0,0.9621958762779913,2,0,0.0,0.9621958762779913,0.9621958762779913,0.0378041237220087,0.0,0.0378041237220087,0.9621958762779913,0.0,0.9621958762779913,0.0,7,0,2021,10,16,1,0,1,0,1,0,1,GRAVE_MORTALIDAD,2
6,1,8,0,4,1,-12.50030766571951,-74.71816054859204,0,4,2,1,5,2,2,0,7586.903,2.0,2,0,1.0,9,5,1198.0,0.2371271103914559,67.35907202388974,48.34285985638861,3.957778336278219,206.76708776763252,3746.0,8511.426,1445.3929999999996,2008.516,5057.516999999999,1879.579,6631.846999999998,22.08300935706896,2,1,0,0,1,49.07127903523851,49.07127903523851,49.07127903523851,1.0,0.0,0.0,0.0,1,0,0.0,0.0,0.0,1.0,0.0,0.7100752373669714,0.2899247626330286,0.0,0.0,0.0,6,0,2024,6,11,0,0,0,2,1,0,1,GRAVE_MORTALIDAD,2
6,1,4,0,4,0,-12.994402461560828,-74.2414006667819,0,4,5,0,6,2,2,2,6543.555,2.0,4,4,1.0,14,33,1198.0,0.15580358766370972,80.66797017806749,35.29629472557838,2.639761456846701,135.84549752144966,1732.9195682046707,12678.733000000004,1805.074000000001,1774.0339999999994,9099.625000000004,2485.375000000001,10193.358000000002,19.602707936195205,6,1,0,0,4,36.911828271070156,36.911828271070156,36.911828271070156,1.0,0.0,0.0,0.0,1,0,0.0,0.0,0.1470557966157069,0.8529442033842931,0.0,0.8529442033842931,0.1470557966157069,0.0,0.0,0.0,8,1,2022,7,23,5,0,0,2,1,0,1,GRAVE_MORTALIDAD,2
6,1,20,0,4,1,-14.61839043519881,-69.67816358128033,1,4,0,0,3,2,2,2,6543.555,2.0,4,4,1.0,14,33,1198.0,0.307324860894164,68.3992836751126,66.3337397594798,5.939178788663684,275.30834222480314,5232.641791590978,13642.312999999998,2020.7790000000005,2354.117,9267.416999999998,3314.0520000000006,10328.260999999997,24.29244952817019,3,1,0,0,2,58.57325524716557,58.57325524716557,58.57325524716557,1.0,1.0,0.0,0.0,1,0,0.0,0.0,0.0,1.0,0.0,0.0,1.0,0.6123753747975407,1.0,0.6123753747975407,18,2,2021,7,18,3,0,0,2,1,0,1,GRAVE_MORTALIDAD,2
3,1,18,0,3,1,-14.650813435002277,-72.24648869136894,0,2,7,1,2,2,2,4,7249.698925799805,2.0,2,1,1.0,10,14,1198.0,0.7049677769662434,73.11612894930327,80.35971575916652,12.048972120915826,1468.2776935493569,145437.14146340298,11697.976392858016,1911.7410167601176,2110.094352753185,7676.141023344714,2829.526614081567,8868.449778776449,24.132498094617297,3,2,0,0,1,41.82319424985738,33.64638849971475,50.0,1.0,0.32319424985737744,0.0,0.0,2,0,0.0,0.0,0.6768057501426226,1.0,0.0,1.0,0.6768057501426226,0.6768057501426226,0.6768057501426226,0.6768057501426226,22,2,2023,3,9,0,0,0,1,1,0,1,GRAVE_MORTALIDAD,2
6,1,13,0,4,1,-10.99785880951502,-77.24807046446797,0,4,6,1,2,1,0,2,323.90383234804517,1.9351585723766211,1,0,0.0,9,3,97.14692795519625,0.6103043746138603,75.72997773672196,63.31103392968147,7.802041850345147,1325.9521142308777,24758.291192069042,7664.0989528989585,1660.713363438889,1546.7490947166048,4456.636494743465,1765.9186846815069,5898.180268217452,23.091632839432457,2,1,0,0,1,48.18444002654539,48.18444002654539,48.18444002654539,1.0,0.9351585723766211,0.0,0.0,1,0,0.0,0.0,0.06484142762337886,0.9351585723766211,1.0,0.0,0.0,1.0,0.06484142762337886,1.0,19,1,2023,6,5,2,0,0,0,1,0,1,GRAVE_MORTALIDAD,2
1,1,21,1,4,1,-6.047575584415344,-77.17728581835753,0,1,2,1,2,1,0,1,7758.33400008,2.0,2,0,1.0,9,20,2133.0,0.5963332411867256,73.80959983510441,63.34953560123128,8.251886446437874,1232.7304200473363,24031.167023554604,5645.136,815.0759999999999,965.298,3864.762,1013.406,4631.73,17.95184385283189,3,1,0,0,1,42.72319343712091,26.80625773927651,58.64012913496531,1.0,0.363322572086224,0.0,0.0,1,0,0.0,0.0,0.636677427913776,1.0,1.0,0.0,0.636677427913776,0.363322572086224,1.0,1.0,13,1,2023,6,20,5,1,1,1,1,0,1,GRAVE_MORTALIDAD,2
4,1,3,0,4,0,-16.431600359289867,-71.73805876621563,2,4,4,0,2,2,2,0,6602.343439846701,2.0,2,1,1.0,10,31,1452.859654178809,0.6137212038290858,78.03167944816424,72.86023690326427,8.678903287600244,1124.6149577193078,7922.335263245697,10322.272,1495.236,1749.739,7077.2970000000005,2886.595,7435.677000000001,27.964725207783708,4,1,0,0,3,25.609712091336863,21.34172745197882,29.877696730694908,1.0,0.0,0.0,0.39028790866313645,1,0,0.0,0.0,0.39028790866313645,0.6097120913368635,0.0,0.6097120913368635,0.39028790866313645,0.0,0.0,0.0,14,2,2023,9,19,0,0,0,0,1,0,1,GRAVE_MORTALIDAD,2
3,1,14,0,4,1,-10.656433255153013,-77.8385398886427,0,4,7,1,2,1,0,2,6543.555,3.0,2,0,1.0,0,30,1475.0,0.624973007689922,82.29755486029227,71.87310185428814,8.83130391286253,1092.0316648388434,20445.657793582035,7626.313,1683.4029999999998,1599.0829999999996,4343.827000000001,1814.875,5811.438000000001,23.797541485643197,4,2,0,0,2,47.39390822038709,40.832990424258,53.95482601651618,1.0,0.0,0.0,1.0,2,0,0.0,0.10609177961290917,1.0,0.8939082203870908,0.0,1.0,1.0,0.0,0.0,0.0,12,1,2021,3,18,4,0,0,0,1,1,1,GRAVE_MORTALIDAD,2
1,1,14,1,4,1,-12.160932495031176,-76.97691637642907,0,0,5,1,2,1,0,1,6608.19946746654,2.329553334717491,2,0,1.0,6,30,1569.5329798048338,0.767909275551963,80.37318914952516,77.30687813699998,12.11785900083943,1656.195189178861,392529.0898875281,7626.313,1683.4029999999998,1599.0829999999996,4343.827000000001,1814.875,5811.438000000001,23.797541485643197,4,2,0,2,0,40.369590047753434,35.863920049829666,44.875260045677194,1.0,0.6704466652825093,0.0,0.0,2,0,0.0,0.3295533347174907,0.0,0.6704466652825093,0.0,0.6704466652825093,1.0,0.0,0.6704466652825093,0.0,7,0,2022,2,21,2,0,1,0,1,0,1,GRAVE_MORTALIDAD,2
7,1,1,0,4,1,-10.943463359453856,-76.33100364425071,4,4,4,1,4,1,1,0,1767.8384426463238,1.2888394144775135,0,2,0.2888394144775135,9,29,289.170554513717,0.40828111408856044,76.7922113406312,48.64412163199401,6.473783469874435,527.1918842882066,629.8794029003377,10639.005856937663,1772.4655975724745,1374.9445705391101,7491.59568882608,2327.4435673117737,8311.56228962589,21.949250097333792,5,1,0,0,4,32.73303648686508,31.577678828955026,33.59955473029762,1.0,0.0,0.0,0.0,1,0,0.0,0.2888394144775135,0.0,0.7111605855224865,0.0,0.0,1.0,0.0,1.0,0.0,5,0,2022,4,13,5,0,0,0,1,0,1,GRAVE_MORTALIDAD,2
3,2,22,2,4,1,-11.9839203287299,-74.38299026097565,4,3,1,0,2,0,1,2,483.19716016911775,2.0,2,0,0.0,9,32,235.45760461821027,0.5775789751185184,75.5289843063932,70.21456827356366,9.204212186513743,977.132382730002,19764.278990033003,1970.3532589876836,426.7077858064374,404.52741710943917,1139.118056071807,740.6123878035729,1229.7408711841106,34.98545803313885,4,2,0,0,1,35.13521875527778,25.171208335679015,49.78406251759261,1.0,0.4143958321604928,0.0,1.0,2,0,0.0,1.0,0.0,1.0,0.4143958321604928,0.5856041678395072,1.0,0.0,0.4143958321604928,0.4143958321604928,7,1,2022,9,15,5,1,1,0,1,0,1,GRAVE_MORTALIDAD,2