CLASE SINIESTRO,CANTIDAD DE VEHICULOS DAÑADOS,DEPARTAMENTO,ZONA,TIPO DE VÍA,RED VIAL,COORDENADAS LATITUD,COORDENADAS  LONGITUD,CONDICIÓN CLIMÁTICA,ZONIFICACIÓN,CARACTERÍSTICAS DE VÍA,PERFIL LONGITUDINAL VÍA,SUPERFICIE DE CALZADA,¿EXISTE SEÑAL VERTICAL?,¿EXISTE SEÑAL HORIZONTAL?,CAUSA FACTOR PRINCIPAL,MTC_RVN_LONGITUD_KM,MTC_RVN_N_CARRILES_MEDIANA,MTC_RVN_SUPERFICIE_DOMINANTE,MTC_RVN_ESTADO_DOMINANTE,MTC_RVN_ES_CONCESIONADA,MTC_RVN_CONCESION_PRINCIPAL,MTC_RVN_CORREDOR_LOGISTICO,MTC_RVN_N_TRAMOS,IDH_2019,IDH_ESP_VIDA_2019,IDH_EDUC_SECUND_PCT_2019,IDH_ANIOS_EDUC_2019,IDH_INGRESO_PERCAP_2019,IDH_POBLACION_2019,MTC_DEP_RED_TOTAL_KM,MTC_DEP_NACIONAL_TOTAL_KM,MTC_DEP_DEPARTAMENTAL_TOTAL_KM,MTC_DEP_VECINAL_TOTAL_KM,MTC_DEP_PAV_TOTAL_KM,MTC_DEP_NO_PAV_TOTAL_KM,MTC_DEP_PCT_PAVIMENTADA,PER_TOTAL_PERSONAS,PER_N_CONDUCTORES,PER_N_CONDUCTORES_FUGADOS,PER_N_PEATONES,PER_N_PASAJEROS_OCUPANTES,PER_EDAD_COND_PROM,PER_EDAD_COND_MIN,PER_EDAD_COND_MAX,PER_ANY_COND_MASCULINO,PER_ANY_LIC_PROBLEMA,PER_ANY_DOSAJE_POS,PER_ANY_DOSAJE_EVALUADO,VEH_TOTAL,VEH_N_FUGADOS,VEH_ANY_FUGADO,VEH_ANY_CARGA,VEH_ANY_PUBLICO,VEH_ANY_PARTICULAR,VEH_ANY_MOTO,VEH_ANY_AUTO,VEH_ANY_CAMION_BUS,VEH_ANY_SOAT_PROBLEMA,VEH_ANY_CITV_PROBLEMA,VEH_ANY_SEGURO_PROBLEMA,HORA_NUM,FRANJA_HORARIA,ANIO,MES,DIA_MES,DIA_SEMANA,ES_FIN_SEMANA,ES_QUINCENA,REGION_NATURAL,TIENE_SEÑALIZACION,ES_VIA_MULTICARRIL,ES_DEPTO_BAJO_PAVIMENTO,CATEGORIA_SEVERIDAD,CATEGORIA_SEVERIDAD_ENC
4,1,12,0,4,2,-7.836872865932202,-78.08384008757562,0,4,2,0,1,2,2,0,7930.252728555033,2.0,3,2,1.0,11,32,2273.5623149319526,0.25966698213997874,77.78021224847713,39.51298557873682,3.867683740335484,335.1610878118436,13598.807405776653,8931.828000000005,1335.5899999999997,1935.9830000000004,5660.255000000005,1219.309,7712.519000000005,13.651281686122925,6,1,0,0,4,28.677834663521114,28.677834663521114,28.677834663521114,1.0,0.0,0.0,0.0,1,0,0.0,0.0,0.0,1.0,0.0,0.0,1.0,0.0,0.5913517040532095,0.0,7,1,2022,6,4,3,0,0,0,1,0,1,GRAVE_MORTALIDAD,2
5,1,1,0,4,1,-11.156722256473316,-76.3643376130523,3,4,1,0,5,1,1,2,6570.629765350656,2.0,3,2,1.0,12,32,1315.3745272409694,0.5224852892636365,77.61703430909873,55.11062829007319,8.423935187499142,833.2592610537602,9705.159724332074,10642.58628362566,1775.5994597350114,1370.70781482651,7496.27900906414,2321.1228009384367,8321.463482687224,21.88124989099438,9,1,0,0,7,39.19199695595767,39.19199695595767,39.19199695595767,1.0,0.0,0.0,0.719199695595767,1,0,0.0,1.0,0.0,0.280800304404233,0.719199695595767,0.280800304404233,0.280800304404233,0.0,1.0,0.0,15,2,2021,4,24,4,0,1,0,1,0,1,GRAVE_MORTALIDAD,2
1,1,5,1,4,1,-10.813618072745362,-76.30540447199085,0,3,7,1,2,2,2,0,6809.3567858849565,2.745241486172441,2,0,1.0,2,23,1404.4318916697662,0.5340523758511787,77.42383746464864,64.67175476445811,7.730506070480138,898.481510885297,20732.60120438882,11499.993383152098,1919.6378064626213,1510.9537635104448,8069.401813179034,2409.5457010591326,9090.447682092967,20.725427395890208,3,1,0,1,0,33.68813932024174,30.452414861724414,36.17862229258662,0.25475851382755876,0.25475851382755876,0.0,0.0,1,0,0.7452414861724412,0.0,0.0,0.25475851382755876,0.25475851382755876,0.25475851382755876,0.0,0.0,0.25475851382755876,0.7452414861724412,8,0,2021,8,8,5,0,0,0,1,0,1,GRAVE_MORTALIDAD,2
6,4,5,0,4,2,-6.301124979761083,-78.66299072289287,0,4,7,0,1,2,2,0,6543.555,2.0,4,4,1.0,14,33,1198.0,0.3344646673203048,75.74025524831903,52.374246125101166,4.850231140916322,360.1510557667936,9254.372591006424,15935.565011852366,1733.9250000199986,935.692,13265.948011832368,2000.1670000199988,13935.398011832369,12.551591352627522,5,1,0,0,4,32.138689139961514,32.138689139961514,32.138689139961514,1.0,0.0,0.0,0.4855475655984606,1,0,0.0,0.4855475655984606,0.5144524344015394,0.0,0.5144524344015394,0.0,0.4855475655984606,0.0,1.0,0.0,14,3,2022,5,15,3,0,0,2,1,0,1,GRAVE_MORTALIDAD,2
1,1,6,1,3,3,-11.408064748037729,-74.09478280775959,0,1,5,0,3,1,1,1,6543.555,2.0,4,4,1.0,14,33,1198.0,0.5994335136472755,77.15476958811487,74.01320833719298,9.172270179831907,1030.4429112892904,55919.53510145002,17168.928179073137,1977.0733006112628,2225.1588594388254,12966.696019023046,2587.9213484074403,14581.006830665694,14.98673594061963,2,1,0,0,0,44.633887266447644,44.633887266447644,44.633887266447644,1.0,0.330991947603403,0.0,0.669008052396597,1,0,0.0,0.0,0.330991947603403,0.669008052396597,0.330991947603403,0.669008052396597,0.0,0.330991947603403,0.669008052396597,0.0,7,0,2023,8,20,1,0,0,2,1,0,1,GRAVE_MORTALIDAD,2
5,1,6,0,4,2,-13.09380687602133,-73.17504914163806,0,4,1,0,6,2,2,2,6543.555,2.0,4,4,1.0,14,33,1198.0,0.3662916973082888,77.43196264872249,55.370892298128105,5.310790247920296,437.77339816536244,11932.04573245092,12835.36206675515,1840.1366547296745,1868.3259725715825,9126.899439453893,2620.075704821038,10215.286361934111,20.36502123542707,2,1,0,0,1,57.54421649907003,57.30039284132213,57.78804015681793,1.0,1.0,0.0,0.8374508948347339,1,0,0.0,0.0,0.0,1.0,0.1625491051652661,0.0,0.8374508948347339,0.1625491051652661,0.0,0.1625491051652661,10,1,2021,6,11,3,0,0,2,1,0,1,GRAVE_MORTALIDAD,2
3,2,12,0,4,1,-8.751876308352596,-78.23048293458538,0,4,7,0,2,2,2,0,2958.2497171361374,2.0,2,0,1.0,3,23,613.2347885905283,0.5157216265826314,76.27073159656558,61.67201730720461,7.937961838706148,808.8839352890808,28486.215282861467,3540.8045310456587,571.8058371822791,706.8133721770851,2262.1853216862946,827.161200489861,2713.6433305557975,23.213696212682617,3,2,0,0,1,28.01412672115515,21.859193896450908,34.16905954585939,1.0,0.6901343505915153,0.0,0.6901343505915153,2,0,0.0,1.0,0.0,1.0,0.6901343505915153,0.3098656494084847,1.0,0.6901343505915153,0.0,0.0,9,0,2021,5,28,1,0,1,0,1,0,1,GRAVE_MORTALIDAD,2
1,1,10,2,4,1,-14.150559958539315,-75.72048858879374,0,1,7,1,2,1,1,0,6639.975,2.0,2,0,1.0,9,31,1616.0,0.6305238085870719,79.93694677161314,77.02825734930435,10.064539837614868,1045.009017703527,31264.260102036245,3721.461,698.1859999999996,744.866,2278.409,1102.9029999999996,2618.558,29.636290693359403,3,1,0,1,1,29.201190885949345,24.522527283407996,33.87985448849069,1.0,0.0,0.0,1.0,1,0,0.0,0.49249090553066854,0.0,0.5075090944693315,0.0,1.0,0.49249090553066854,0.0,0.0,0.0,11,1,2022,10,18,3,0,0,0,1,0,1,GRAVE_MORTALIDAD,2
6,1,20,0,4,1,-15.663940253074053,-70.657338887376,0,4,2,1,2,2,2,2,1504.4250000000002,2.0,2,0,1.0,7,25,241.0,0.4698599762559323,78.4228993312338,68.12786536644234,6.991927650318564,610.3916333612686,6938.8501070663815,13642.312999999998,2020.7790000000005,2354.117,9267.416999999998,3314.0520000000006,10328.260999999997,24.29244952817019,3,1,0,0,2,49.62379908087083,49.62379908087083,49.62379908087083,1.0,0.0,0.0,0.0,1,0,0.0,0.0,0.598747416796272,0.40125258320372803,0.0,0.0,1.0,0.598747416796272,0.598747416796272,0.598747416796272,2,0,2022,11,17,2,0,0,2,1,0,1,GRAVE_MORTALIDAD,2
5,1,14,2,2,3,-11.961730287573467,-77.06871475529111,0,2,7,1,2,1,1,1,6543.555,2.144921614030312,3,3,1.0,11,32,1238.1432870863964,0.7446661041842094,80.32101860985264,78.32973560232233,11.090759867146188,1579.4212438456586,366844.1906526602,7626.313,1683.4029999999998,1599.0829999999996,4343.827000000001,1814.875,5811.438000000001,23.797541485643197,2,1,0,0,0,25.434764842090935,25.434764842090935,25.434764842090935,1.0,0.8550783859696881,0.0,0.0,1,0,0.0,0.0,0.0,1.0,1.0,0.0,0.0,0.8550783859696881,0.1449216140303119,0.8550783859696881,1,0,2023,3,6,4,0,0,0,1,0,1,GRAVE_MORTALIDAD,2
7,1,11,0,4,0,-12.20947960400409,-76.07322647408702,0,4,6,0,3,2,2,3,6543.555,2.0,4,4,1.0,14,33,1198.0,0.412750116941504,72.55435717667307,59.36838690164243,5.064230686793412,765.4203439992723,1697.2994943126007,8008.6097068580775,1580.602070401981,1775.92469996263,4652.082936493467,1842.8218566392597,6165.787850218818,23.057003287067083,6,1,0,0,5,43.568081468854174,43.568081468854174,43.568081468854174,1.0,0.0,0.0,0.5680814688541712,1,0,0.0,0.0,0.0,1.0,0.0,0.5680814688541712,0.4319185311458288,0.0,0.0,0.0,17,2,2022,4,23,3,0,1,0,1,0,1,GRAVE_MORTALIDAD,2
6,1,12,0,4,1,-8.533025615189299,-78.5766670025547,0,4,7,1,3,2,2,0,6543.555,2.0,4,4,1.0,14,33,1198.0,0.4971504606547645,77.79759708660042,46.44666297237219,6.322206801902116,929.9716106661404,44368.59100642397,8931.828000000005,1335.5899999999997,1935.9830000000004,5660.255000000005,1219.309,7712.519000000005,13.651281686122925,7,1,0,0,6,25.386099188837484,25.386099188837484,25.386099188837484,1.0,0.0,0.0,0.0,1,0,0.0,0.0,0.0,1.0,0.0,0.0,1.0,0.0,0.0,0.0,19,2,2024,7,13,2,0,0,0,1,0,1,GRAVE_MORTALIDAD,2
3,2,7,0,4,1,-15.132015950435079,-71.12877968515687,0,4,4,1,2,1,1,0,568.5409999999999,1.0,2,3,0.0,9,3,93.0,0.37179650034633704,68.40492899421339,63.76280903658253,5.370367264158968,477.60167710155775,1142.4144239484679,17779.13499998999,2097.3709999899997,2863.123,12818.640999999989,2878.713,14900.421999989989,16.19152450331032,5,2,0,0,3,34.705969689063,26.032291992330713,43.37964738579527,1.0,0.0,0.0,1.0,2,0,0.0,0.0,0.6898236928976375,1.0,0.0,1.0,1.0,0.0,0.31017630710236255,0.0,5,0,2022,2,16,0,0,0,2,1,0,1,GRAVE_MORTALIDAD,2
3,1,14,1,4,1,-12.03874025016226,-76.978629997477,0,2,7,1,2,2,2,0,4431.431999968879,2.0,2,1,0.6024411098614427,9,27,1381.0426959281126,0.7152258023639174,79.43782653585419,75.71137321712033,10.570737286222775,1497.274351917507,342878.28034976654,7626.313,1683.4029999999998,1599.0829999999996,4343.827000000001,1814.875,5811.438000000001,23.797541485643197,7,3,0,0,3,34.4341755380602,31.229293318337312,37.639057757783085,1.0,0.0,0.0,0.0,3,0,0.0,0.0,0.3975588901385573,1.0,0.0,0.6024411098614427,0.3975588901385573,0.0,0.3975588901385573,0.6024411098614427,13,3,2023,7,15,4,0,0,0,1,0,1,GRAVE_MORTALIDAD,2
6,1,8,0,4,1,-12.49296788340478,-74.74797541638797,0,4,7,1,2,2,2,0,7475.0072307657765,2.0,2,0,1.0,9,8,1198.0,0.24598824626043067,68.00222454582371,48.2773974998011,4.042523655998652,222.4109905726878,3694.4360898961686,8511.426,1445.3929999999996,2008.516,5057.516999999999,1879.579,6631.846999999998,22.08300935706896,5,1,0,0,4,35.605791164554,35.605791164554,35.605791164554,1.0,0.0,0.0,0.0,1,0,0.0,0.0,0.0,1.0,0.0,0.10724683349584607,0.8927531665041539,0.0,0.10724683349584607,0.0,4,0,2024,4,4,1,0,0,2,1,0,1,GRAVE_MORTALIDAD,2
6,1,12,0,4,1,-9.557835129302907,-77.37957158137228,1,4,3,1,4,1,1,2,955.6257597054434,1.491831193656037,1,1,0.0,9,16,172.89516307179946,0.5861747176361816,74.68707324603443,59.50812533054607,7.843953623826458,1230.0249300488904,23756.50208450814,8289.734999214143,1506.655282959087,1770.2850708572812,5012.794645397774,1512.2269366809512,6777.508062533191,18.64152875446524,3,1,0,0,2,43.39380551752848,43.39380551752848,43.39380551752848,1.0,0.4918311936560368,0.0,0.0,1,0,0.0,0.0,0.0,0.4918311936560368,0.4918311936560368,0.0,0.5081688063439632,0.4918311936560368,0.0,0.4918311936560368,15,2,2022,3,14,2,0,0,0,1,0,1,GRAVE_MORTALIDAD,2
3,2,6,0,3,3,-11.015608170224466,-75.55564645616586,0,4,5,1,2,1,1,2,6819.543094489283,2.0,3,2,1.0,12,25,1198.0,0.4202259998311427,72.11744558542647,65.03459926547362,6.605462807507816,537.4130881688627,20896.362759341908,11528.059018802003,1920.9628150489652,1521.999693353317,8085.096510399723,2421.3952607744422,9106.663758027564,20.772157464892242,5,2,0,0,2,33.45814310055678,18.703302563334532,47.96782417500128,1.0,1.0,0.0,0.0,2,0,0.0,0.26452161166675237,0.0,0.7354783883332476,1.0,0.7354783883332476,0.26452161166675237,0.7354783883332476,0.7354783883332476,1.0,16,1,2022,9,20,4,0,0,0,1,0,1,GRAVE_MORTALIDAD,2
3,1,1,2,3,1,-9.100599348717273,-78.54430248973432,0,3,1,1,2,2,2,1,6543.555,2.992074764591356,2,0,1.0,0,30,1472.8047097918056,0.646056847874316,78.63989527134902,73.97594591096257,10.621344945761608,1131.8047802123904,175468.05635160528,10753.368294990709,1884.2494666605432,1218.078991490272,7651.039836839896,2101.2477607251967,8652.120534265516,19.54720988237252,4,1,0,0,2,50.77016817314933,45.80979435019255,55.73054199610611,1.0,1.0,0.00792523540864376,0.00792523540864376,1,0,0.0,0.0,0.0,0.00792523540864376,0.00792523540864376,0.9920747645913562,0.9920747645913562,0.0,1.0,0.9920747645913562,4,0,2022,11,22,3,0,0,0,1,0,1,GRAVE_MORTALIDAD,2
4,1,7,0,4,0,-13.938228087418697,-71.34082392364235,0,4,0,1,1,1,1,3,7199.974090929265,2.0,2,1,1.0,10,15,1198.0,0.3027749325358669,70.25835941464271,57.991768687370936,4.916938206931325,297.37547650831834,9943.954199471053,17779.13499998999,2097.3709999899997,2863.123,12818.640999999989,2878.713,14900.421999989989,16.19152450331032,6,1,0,0,5,40.5728670849258,35.85426583014841,45.291468339703194,1.0,0.0,0.0,0.6291468339703191,1,0,0.0,0.6291468339703191,0.0,1.0,0.0,1.0,0.6291468339703191,0.0,0.0,0.0,12,1,2022,7,16,2,0,1,2,1,0,1,GRAVE_MORTALIDAD,2
4,1,12,0,4,0,-11.374587367031081,-76.64332849952484,0,4,4,0,1,2,2,0,6604.271342533729,2.0,2,1,1.0,10,31,1461.2174982275292,0.6533010770106855,75.83475804951182,71.47389222411054,9.946590533833044,1312.9949708661,95022.18876446517,7842.099062710279,1553.8281987255216,1300.2172443168135,4988.053619667944,1535.297810147742,6306.801252562538,19.766274951058616,3,1,0,0,2,27.297069335586823,27.297069335586823,27.297069335586823,1.0,0.37029306644131776,0.0,0.37029306644131776,1,0,0.0,0.0,0.37029306644131776,0.6297069335586822,0.37029306644131776,0.0,0.6297069335586822,0.0,0.37029306644131776,0.0,5,0,2022,8,24,0,0,1,0,1,0,1,GRAVE_MORTALIDAD,2
3,1,12,0,4,0,-8.492607355648964,-78.62079032878555,0,4,7,1,3,2,2,1,6543.555,2.7738484001978816,2,0,1.0,3,30,1412.3560068548131,0.4971504606547645,77.79759708660042,46.44666297237219,6.322206801902116,929.9716106661404,44368.59100642397,8931.828000000005,1335.5899999999997,1935.9830000000004,5660.255000000005,1219.309,7712.519000000005,13.651281686122925,5,1,0,0,3,41.86389220405657,30.64309040118729,53.08469400692586,1.0,0.0,0.0,0.0,1,0,0.0,0.7738484001978816,0.7738484001978816,0.2261515998021184,0.0,0.7738484001978816,1.0,0.0,0.7738484001978816,0.0,15,3,2022,8,13,2,0,0,0,1,0,1,GRAVE_MORTALIDAD,2
3,2,12,0,4,1,-7.459596643543166,-79.37998168271596,0,4,7,1,2,2,2,0,6543.555,3.0,2,0,1.0,0,30,1475.0,0.556457068833402,80.87633870612348,65.84990442134145,7.671506428940983,912.2642940862316,43957.798222709214,8931.828000000005,1335.5899999999997,1935.9830000000004,5660.255000000005,1219.309,7712.519000000005,13.651281686122925,2,2,0,0,0,42.135848829233396,21.526037190160157,62.74566046830664,1.0,0.8728302341533203,0.0,0.0,2,0,0.0,0.12716976584667972,0.12716976584667972,0.8728302341533203,0.8728302341533203,0.12716976584667972,0.12716976584667972,0.8728302341533203,0.12716976584667972,0.8728302341533203,21,2,2023,11,20,5,0,0,0,1,1,1,GRAVE_MORTALIDAD,2
9,1,3,0,4,2,-13.890586627932592,-73.4456703480728,6,4,4,1,6,2,2,0,6543.555,2.0,4,4,1.0,14,33,1198.0,0.2865099317612817,63.78541365185565,60.277593919298944,5.897829048016458,260.8189431891413,1049.5942458914549,8387.241460587236,1312.6661152078016,1429.8333965755373,5644.741948803897,1515.5530649673242,6871.688395619911,18.05617098696189,2,1,0,0,1,36.33782618195695,36.33782618195695,36.33782618195695,1.0,0.0,0.0,0.0,1,0,0.0,0.0,0.0,1.0,0.0,0.18543478788649725,0.8145652121135027,0.0,0.0,0.0,19,1,2023,2,6,3,0,0,2,1,0,1,GRAVE_MORTALIDAD,2
6,1,8,0,4,1,-13.053725993797464,-74.94585965570838,0,4,3,0,1,2,2,0,6543.555,2.0,4,4,1.0,14,33,1198.0,0.488230635263319,69.43676718997209,51.35450690635422,6.587870960289425,965.860217779833,2302.593147751606,8511.426,1445.3929999999996,2008.516,5057.516999999999,1879.579,6631.846999999998,22.08300935706896,3,1,0,0,2,24.573151028573236,24.573151028573236,24.573151028573236,1.0,0.23392282077938487,0.0,0.23392282077938487,1,0,0.0,0.0,0.0,1.0,0.0,0.7660771792206151,0.23392282077938487,0.23392282077938487,0.0,0.23392282077938487,5,0,2023,8,9,4,0,0,2,1,0,1,GRAVE_MORTALIDAD,2
6,1,7,0,4,2,-13.414333362360187,-72.14562402351405,0,4,1,0,5,2,2,1,6543.555,2.0,4,4,1.0,14,33,1198.0,0.344993861701966,78.52065609381654,57.881919276584924,5.433774024951722,330.8214681432143,4875.743841114644,17779.13499998999,2097.3709999899997,2863.123,12818.640999999989,2878.713,14900.421999989989,16.19152450331032,3,1,0,0,2,33.01580225366433,33.01580225366433,33.01580225366433,1.0,0.0,0.20063209014657346,0.20063209014657346,1,0,0.0,0.0,0.0,1.0,0.0,1.0,0.0,0.0,0.0,0.0,19,2,2025,2,24,5,1,1,2,1,0,1,GRAVE_MORTALIDAD,2
3,1,10,0,4,1,-13.652506673367652,-75.97029606621427,0,4,7,1,2,1,1,0,1259.686638806861,1.1454103304335268,2,2,1.0,10,25,229.54103304335268,0.5606928012517219,74.87071309988706,70.50125361335509,8.495052551671193,944.4852938476033,5750.153446872699,3721.461,698.1859999999996,744.866,2278.409,1102.9029999999996,2618.558,29.636290693359403,4,2,0,0,2,32.35161095072736,28.418358678265893,36.28486322318882,1.0,0.2848632231888244,0.0,0.7151367768111756,2,0,0.2848632231888244,0.7151367768111756,0.2848632231888244,0.7151367768111756,0.0,0.2848632231888244,0.7151367768111756,0.0,0.7151367768111756,0.2848632231888244,6,1,2022,8,27,3,0,1,0,0,0,1,GRAVE_MORTALIDAD,2
3,3,18,2,3,1,-14.411978857089336,-72.34757109301394,0,3,7,1,2,2,2,1,3091.5093837766785,2.0,2,1,1.0,9,27,542.4091232562528,0.6104178749301588,75.6014986868011,78.08402186387514,9.74736389412374,1063.0193550184385,227903.01358780786,11747.561395496741,1914.5217331580968,2116.3174848812314,7716.722177457414,2841.88311266882,8905.678282827921,24.136577219716138,8,3,0,0,5,30.96076700929985,21.37009587616248,44.66172577092466,1.0,0.0,0.0,0.6850479380812405,3,0,0.0,0.6850479380812405,0.0,1.0,0.0,1.0,0.6850479380812405,0.6850479380812405,0.6850479380812405,0.6850479380812405,7,0,2022,9,18,0,0,1,1,1,0,1,GRAVE_MORTALIDAD,2
6,1,1,0,4,2,-9.498361028393607,-77.5759916440589,0,4,4,0,7,2,2,1,6543.555,2.0,4,4,1.0,14,33,1198.0,0.3428098329290103,78.70686549300052,57.30110394750431,4.846991660508387,394.7153360852885,1403.805478023348,10767.648,1885.0630000000003,1222.721,7659.864000000001,2100.343,8667.305000000002,19.506051832303577,3,1,0,0,2,51.64642883931301,51.64642883931301,51.64642883931301,1.0,0.6936012016380422,0.0,0.0,1,0,0.0,0.0,0.0,1.0,0.0,0.6936012016380422,0.3063987983619578,0.0,0.0,0.0,7,0,2021,8,20,1,0,0,0,1,0,1,GRAVE_MORTALIDAD,2
3,1,12,0,4,1,-12.49952027532015,-76.27292079647678,0,4,6,0,2,2,2,0,6543.555,2.847709752932345,2,0,1.0,2,30,1432.8156015622594,0.6689829449504635,77.75898746784964,73.74045128370922,9.61849228699767,1357.9065865507914,55143.05248069867,8036.881262194269,1654.7470010800203,1622.0264394622243,4760.1078216520245,1978.0875035873476,6058.793758606922,24.432162924264286,3,1,0,0,2,39.90095240578962,33.54312925879704,46.258775552782204,0.8477097529323447,0.15229024706765526,0.0,0.0,1,0,0.0,1.0,0.0,0.8477097529323447,0.0,0.8477097529323447,1.0,0.0,0.0,0.0,6,0,2024,2,24,0,0,1,0,1,0,1,GRAVE_MORTALIDAD,2
6,1,4,0,4,0,-14.41124029130648,-74.60920669057943,3,4,5,0,5,2,2,0,6543.555,2.0,4,4,1.0,14,33,1198.0,0.41805642973776874,69.99948756065183,50.519400145672975,6.037535137226396,668.4498289703865,2168.729496371805,12678.733000000004,1805.074000000001,1774.0339999999994,9099.625000000004,2485.375000000001,10193.358000000002,19.602707936195205,7,1,0,0,6,49.17700369189697,49.17700369189697,49.17700369189697,1.0,0.7360244802901701,0.0,0.0,1,0,0.0,0.0,0.2639755197098299,0.7360244802901701,0.0,0.7360244802901701,0.2639755197098299,0.0,0.0,0.0,5,0,2023,6,13,4,0,0,2,1,0,1,GRAVE_MORTALIDAD,2
3,2,12,1,4,1,-13.20740775089105,-73.16254945726429,0,4,7,1,2,2,2,0,1512.88093634505,0.2825226727779486,2,0,1.0,9,25,250.55666423354992,0.5257275647994072,75.59793167170851,61.761294010160995,8.99321094488514,801.313417551163,11154.433589022305,3024.166248037357,570.4659796314078,571.7917028464037,1881.9085655595452,842.5171243290264,2181.64912370833,27.06578708949845,3,3,0,0,0,40.855015115185296,26.427507557592648,50.855015115185296,1.0,0.4275075575926496,0.0,0.0,3,0,0.4275075575926496,1.0,0.0,1.0,0.4275075575926496,0.5724924424073504,1.0,0.0,0.4275075575926496,0.4275075575926496,10,0,2023,8,7,1,0,0,0,1,0,1,GRAVE_MORTALIDAD,2
3,1,20,0,4,1,-15.333754580460951,-70.13721132816019,0,4,7,0,2,2,2,2,1573.4635810737489,2.0,1,0,0.7328383372724155,7,26,306.18744570553065,0.41493196496645657,74.38486912099843,70.42709537034929,7.062073353063418,458.7739470493815,4657.313311963895,13642.312999999998,2020.7790000000005,2354.117,9267.416999999998,3314.0520000000006,10328.260999999997,24.29244952817019,5,1,0,0,3,39.62615589045002,35.59554503545174,43.65676674544831,1.0,0.26716166272758446,0.26716166272758446,0.26716166272758446,1,0,0.0,0.0,0.0,1.0,0.0,1.0,0.7328383372724155,1.0,0.26716166272758446,1.0,13,2,2022,4,5,3,0,0,2,1,0,1,GRAVE_MORTALIDAD,2
5,2,5,0,4,1,-6.78362077159866,-78.91719515329338,4,4,0,0,2,1,1,2,645.2441090718405,2.0,2,0,1.0,5,18,116.32456914241878,0.404157878967851,71.79610233000706,46.26402580667103,5.6975788276207995,627.4285160929206,3166.384632723058,15935.565011852366,1733.9250000199986,935.692,13265.948011832368,2000.1670000199988,13935.398011832369,12.551591352627522,4,2,0,0,2,38.9821514335175,30.97322715027625,46.99107571675875,1.0,0.0,0.0,0.0,2,0,0.0,1.0,0.0,1.0,0.33630809441374976,0.6636919055862502,1.0,0.33630809441374976,1.0,0.0,5,0,2021,3,13,1,0,0,2,1,0,1,GRAVE_MORTALIDAD,2
6,1,3,0,4,0,-16.155765645345348,-71.67395462141215,6,4,0,0,2,2,2,0,6543.555,2.0,4,4,1.0,14,33,1198.0,0.5818444359112402,77.47093274494244,65.5941080931777,8.490077840694276,1037.079412445194,7390.120661278359,10322.272,1495.236,1749.739,7077.2970000000005,2886.595,7435.677000000001,27.964725207783708,7,1,0,0,6,34.85813018439528,34.85813018439528,34.85813018439528,1.0,0.3286043394798427,0.0,0.6713956605201573,1,0,0.0,0.0,0.6713956605201573,0.3286043394798427,0.0,0.3286043394798427,0.6713956605201573,0.3286043394798427,0.3286043394798427,0.0,8,0,2023,9,11,1,0,0,0,1,0,1,GRAVE_MORTALIDAD,2
3,1,7,0,4,1,-13.572599557638492,-71.68476732505607,0,4,1,1,2,1,1,2,3316.067004298462,1.7150867474475642,2,0,0.7150867474475642,6,16,720.7078961359726,0.42713505425171727,68.51188199746706,68.54772291153635,6.64277859012218,610.6448651048661,7276.962034171711,17779.13499998999,2097.3709999899997,2863.123,12818.640999999989,2878.713,14900.421999989989,16.19152450331032,3,2,0,0,0,29.927369878828653,20.273698788286538,39.58104096937077,1.0,0.7150867474475642,0.0,0.7150867474475642,2,0,0.2849132525524358,0.0,0.7150867474475642,1.0,1.0,0.0,0.7150867474475642,1.0,0.7150867474475642,1.0,17,2,2024,10,6,2,0,0,2,1,0,1,GRAVE_MORTALIDAD,2
3,1,5,0,5,2,-10.528361387409394,-76.55894082301053,3,4,3,0,3,2,2,2,6543.555,2.0,4,4,1.0,14,33,1198.0,0.4957686987712003,75.50940165379302,61.699329372262355,7.815300456432367,743.1020969627255,25763.75573121773,11483.589387046277,1857.0360553675202,1166.6747632737208,8459.878568405036,1855.5540709821753,9628.035316064103,16.371481189332442,3,1,0,0,1,33.21716332488957,33.21716332488957,33.21716332488957,1.0,0.521716332488957,0.0,0.478283667511043,1,0,0.0,0.478283667511043,0.0,0.521716332488957,0.0,0.521716332488957,0.478283667511043,0.0,0.0,0.0,13,3,2023,7,14,2,0,0,0,1,0,1,GRAVE_MORTALIDAD,2