CLASE SINIESTRO,CANTIDAD DE VEHICULOS DAÑADOS,DEPARTAMENTO,ZONA,TIPO DE VÍA,RED VIAL,COORDENADAS LATITUD,COORDENADAS  LONGITUD,CONDICIÓN CLIMÁTICA,ZONIFICACIÓN,CARACTERÍSTICAS DE VÍA,PERFIL LONGITUDINAL VÍA,SUPERFICIE DE CALZADA,¿EXISTE SEÑAL VERTICAL?,¿EXISTE SEÑAL HORIZONTAL?,CAUSA FACTOR PRINCIPAL,MTC_RVN_LONGITUD_KM,MTC_RVN_N_CARRILES_MEDIANA,MTC_RVN_SUPERFICIE_DOMINANTE,MTC_RVN_ESTADO_DOMINANTE,MTC_RVN_ES_CONCESIONADA,MTC_RVN_CONCESION_PRINCIPAL,MTC_RVN_CORREDOR_LOGISTICO,MTC_RVN_N_TRAMOS,IDH_2019,IDH_ESP_VIDA_2019,IDH_EDUC_SECUND_PCT_2019,IDH_ANIOS_EDUC_2019,IDH_INGRESO_PERCAP_2019,IDH_POBLACION_2019,MTC_DEP_RED_TOTAL_KM,MTC_DEP_NACIONAL_TOTAL_KM,MTC_DEP_DEPARTAMENTAL_TOTAL_KM,MTC_DEP_VECINAL_TOTAL_KM,MTC_DEP_PAV_TOTAL_KM,MTC_DEP_NO_PAV_TOTAL_KM,MTC_DEP_PCT_PAVIMENTADA,PER_TOTAL_PERSONAS,PER_N_CONDUCTORES,PER_N_CONDUCTORES_FUGADOS,PER_N_PEATONES,PER_N_PASAJEROS_OCUPANTES,PER_EDAD_COND_PROM,PER_EDAD_COND_MIN,PER_EDAD_COND_MAX,PER_ANY_COND_MASCULINO,PER_ANY_LIC_PROBLEMA,PER_ANY_DOSAJE_POS,PER_ANY_DOSAJE_EVALUADO,VEH_TOTAL,VEH_N_FUGADOS,VEH_ANY_FUGADO,VEH_ANY_CARGA,VEH_ANY_PUBLICO,VEH_ANY_PARTICULAR,VEH_ANY_MOTO,VEH_ANY_AUTO,VEH_ANY_CAMION_BUS,VEH_ANY_SOAT_PROBLEMA,VEH_ANY_CITV_PROBLEMA,VEH_ANY_SEGURO_PROBLEMA,HORA_NUM,FRANJA_HORARIA,ANIO,MES,DIA_MES,DIA_SEMANA,ES_FIN_SEMANA,ES_QUINCENA,REGION_NATURAL,TIENE_SEÑALIZACION,ES_VIA_MULTICARRIL,ES_DEPTO_BAJO_PAVIMENTO,CATEGORIA_SEVERIDAD,CATEGORIA_SEVERIDAD_ENC
6,1,7,0,4,1,-13.134230245998284,-72.30892296775639,4,4,0,0,2,1,1,2,3447.8009999999995,1.0,2,3,0.0,9,12,1109.0,0.4706944943299555,76.79406176595778,61.64424635983724,7.141255198110581,653.4175319142125,3282.6252676659524,17779.13499998999,2097.3709999899997,2863.123,12818.640999999989,2878.713,14900.421999989989,16.19152450331032,3,1,0,0,2,53.94217245764317,53.94217245764317,53.94217245764317,1.0,0.8193633020586847,0.0,0.0,1,0,0.0,0.18063669794131532,0.0,0.8193633020586847,0.0,0.0,1.0,0.0,0.0,0.0,18,2,2022,7,9,0,0,0,2,1,0,1,GRAVE_MORTALIDAD,2
6,1,1,0,4,2,-8.765477706488781,-77.57385799134117,6,4,5,0,3,2,2,1,6543.555,2.0,4,4,1.0,14,33,1198.0,0.3003564515594661,74.4229530296592,24.961890970691417,5.477293781551223,396.8512027763419,2185.1695742317434,10767.648,1885.0630000000003,1222.721,7659.864000000001,2100.343,8667.305000000002,19.506051832303577,4,1,0,0,3,48.885045872257,48.885045872257,48.885045872257,1.0,0.0,0.0,0.5143692659678745,1,0,0.0,0.0,0.0,1.0,0.0,1.0,0.0,0.48563073403212553,0.48563073403212553,0.48563073403212553,12,1,2022,4,14,3,0,0,0,1,0,1,GRAVE_MORTALIDAD,2
6,1,8,0,4,1,-12.770392554195707,-74.7418342464041,0,4,2,1,2,1,1,0,1124.722828740832,1.2958244438053101,0,3,0.29582444380531014,9,29,153.03962207522133,0.2556656976630319,68.97751614546975,47.77594553786876,4.265356467160313,232.18463643797315,3622.309275437353,8511.426,1445.3929999999996,2008.516,5057.516999999999,1879.579,6631.846999999998,22.08300935706896,3,1,0,0,2,46.85845778672566,46.85845778672566,46.85845778672566,1.0,0.7041755561946899,0.0,0.0,1,0,0.0,0.7041755561946899,0.0,0.29582444380531014,0.0,0.29582444380531014,0.7041755561946899,0.0,0.0,0.0,6,0,2022,7,14,5,1,0,2,1,0,1,GRAVE_MORTALIDAD,2
3,1,19,0,3,1,-15.762378828977711,-70.13841101170465,0,3,6,1,2,2,2,4,7555.821137198572,2.0,2,0,1.0,9,5,1198.0,0.6513066067525164,69.9872381406204,81.9157092820879,11.669903538377003,1240.128636042332,145103.27561673446,13463.093327739743,2010.7283989114906,2331.6241565782334,9120.74077225002,3269.390761535886,10193.702566203856,24.277705968133514,3,2,0,0,1,41.9021718044404,33.23832403226098,50.56601957661982,1.0,0.0,0.0,0.0,2,0,0.0,0.0,1.0,0.9702094959673778,0.029790504032622178,0.9702094959673778,1.0,0.9702094959673778,1.0,1.0,22,2,2023,2,13,0,0,0,1,1,0,1,GRAVE_MORTALIDAD,2
3,2,3,0,4,1,-15.509418519876455,-71.06093880323074,0,4,6,1,2,0,1,0,568.5409999999999,1.0,2,3,0.0,9,3,93.0,0.4695749873820671,81.28328088991499,51.838877036162685,5.826463861614442,744.8049309354757,1373.5823502677542,10322.272,1495.236,1749.739,7077.2970000000005,2886.595,7435.677000000001,27.964725207783708,9,2,0,0,7,40.83375053480205,38.853309295413574,42.814191774190526,1.0,0.0,0.0,0.0,2,0,0.0,0.9902206196942381,0.0,1.0,0.0,0.009779380305761864,0.9902206196942381,0.0,0.009779380305761864,0.0,11,2,2022,3,26,0,0,0,0,1,0,1,GRAVE_MORTALIDAD,2
6,1,22,0,4,1,-17.39407504575829,-69.99634878638307,4,4,0,1,2,2,2,2,1168.569412836431,1.0751229101545092,1,2,0.07512291015450923,9,31,177.80294984370823,0.4704390154532259,76.56273088567012,75.74543274165546,8.031478553035479,553.6268966787446,3185.092151048721,2650.572,630.6729999999998,487.3610000000001,1532.5379999999998,1068.7019999999998,1581.87,40.31967439480987,5,1,0,0,4,28.502458203090185,28.502458203090185,28.502458203090185,1.0,0.0,0.0,0.07512291015450923,1,0,0.0,0.0,0.0,1.0,0.0,1.0,0.0,0.0,0.0,0.0,14,3,2024,1,4,4,0,0,0,1,0,1,GRAVE_MORTALIDAD,2
3,2,10,0,4,1,-15.044958919692913,-74.96319315178708,3,3,7,1,2,1,1,2,6639.975,2.0,2,0,1.0,9,31,1616.0,0.5563774842369664,77.00938809632027,69.10246351364754,8.476961866273152,914.8835608305218,27932.19700214133,3721.461,698.1859999999996,744.866,2278.409,1102.9029999999996,2618.558,29.636290693359403,3,2,0,0,1,38.946889475311046,37.64339938271888,40.25037956790322,1.0,0.0,0.4643399382718879,1.0,2,0,0.0,0.5356600617281121,0.4643399382718879,1.0,0.0,0.5356600617281121,1.0,0.0,0.0,0.0,14,1,2022,5,20,5,1,1,0,1,0,1,GRAVE_MORTALIDAD,2
5,1,15,0,4,0,-10.247379612469839,-76.77554859208823,0,4,7,0,1,1,1,2,6720.3599085147625,2.0,3,3,1.0,13,31,1334.0844972216478,0.37542764619892516,77.75278091601903,70.14222556584846,4.072790087267051,526.4690773412216,1784.8760897701377,7337.962758340008,1557.0224190171316,1506.8388148966606,4274.101524426216,1698.225261065522,5639.7374972744865,22.946729909952392,6,1,0,0,5,47.34753308673572,46.03762883540435,48.65743733806709,1.0,0.0,0.14554491681459658,1.0,1,0,0.0,0.0,0.14554491681459658,0.8544550831854034,0.14554491681459658,0.8544550831854034,0.14554491681459658,0.0,0.14554491681459658,0.14554491681459658,16,3,2023,7,23,2,0,1,0,1,0,1,GRAVE_MORTALIDAD,2
6,1,12,0,4,1,-7.587074366841087,-77.78498857496614,0,4,7,1,6,2,2,0,6543.555,2.004884466020252,3,3,1.0,13,32,1199.3529970876098,0.1597936872463091,73.3705064047831,20.56684211537163,2.831833414387448,139.27562235376308,13378.702601631736,8931.828000000005,1335.5899999999997,1935.9830000000004,5660.255000000005,1219.309,7712.519000000005,13.651281686122925,7,1,0,0,6,32.08792038836454,32.08792038836454,32.08792038836454,1.0,0.0,0.0,0.0,1,0,0.0,0.9951155339797481,0.0,0.0,0.0,0.0,1.0,0.0,0.0,0.0,5,0,2022,9,13,3,0,0,0,1,0,1,GRAVE_MORTALIDAD,2
6,1,8,0,4,1,-12.485263962011047,-74.96634329547055,0,4,7,1,6,1,1,0,6609.639301184183,2.0,3,3,1.0,13,31,1198.0,0.3197508632812603,73.35600919181914,47.73247021173725,4.747967817478287,352.6352900736821,3265.2034261241965,8511.426,1445.3929999999996,2008.516,5057.516999999999,1879.579,6631.846999999998,22.08300935706896,5,1,0,0,4,25.456789994552338,25.456789994552338,25.456789994552338,1.0,0.063338695415319,0.0,0.0,1,0,0.0,0.0,0.0,1.0,0.0,1.0,0.0,0.0,0.936661304584681,0.0,22,1,2025,7,27,3,0,0,2,1,0,1,GRAVE_MORTALIDAD,2
6,1,8,0,4,0,-13.1322646057975,-74.96318657751895,0,4,0,0,3,2,2,0,6543.555,2.0,4,4,1.0,14,33,1198.0,0.49018363514811186,68.96625718720438,50.48774788343836,6.658076251981493,992.3979154862885,2266.1676102677584,8511.426,1445.3929999999996,2008.516,5057.516999999999,1879.579,6631.846999999998,22.08300935706896,3,1,0,0,2,34.06278511570536,34.06278511570536,34.06278511570536,1.0,0.8937214884294642,0.0,0.8937214884294642,1,0,0.0,0.0,0.0,1.0,0.0,0.0,1.0,0.8937214884294642,0.0,0.8937214884294642,14,2,2021,1,9,1,0,0,2,1,0,1,GRAVE_MORTALIDAD,2
5,1,3,0,4,0,-16.551901894909612,-71.7310161825009,0,4,7,0,2,0,1,0,6558.790948224626,2.0,3,3,1.0,13,32,1264.0508852716614,0.6105481451420971,78.10653088113892,68.35418098658066,8.411557426919764,1158.5430895193692,35025.678800856535,10322.272,1495.236,1749.739,7077.2970000000005,2886.595,7435.677000000001,27.964725207783708,3,1,0,0,2,46.313719976989844,45.839670561164525,46.787769392815164,1.0,0.8419835280582263,0.0,0.0,1,0,0.0,0.1580164719417737,0.0,1.0,0.0,1.0,0.1580164719417737,0.0,0.0,0.0,13,2,2023,1,13,5,1,0,0,1,0,1,GRAVE_MORTALIDAD,2
6,1,5,0,4,1,-6.389653704174595,-78.82905908088037,2,4,3,0,3,2,2,2,6543.555,2.0,4,4,1.0,14,33,1198.0,0.25923816992279214,73.42597857342432,35.11222882762959,4.423427181593658,253.65353612545306,6966.095527342755,15935.565011852366,1733.9250000199986,935.692,13265.948011832368,2000.1670000199988,13935.398011832369,12.551591352627522,4,1,0,0,3,34.934207244437246,34.934207244437246,34.934207244437246,1.0,0.0,0.0,1.0,1,0,0.0,0.0,0.0,1.0,0.0,0.48285476498294677,0.5171452350170532,0.48285476498294677,1.0,0.48285476498294677,10,1,2023,4,7,5,1,0,2,1,0,1,GRAVE_MORTALIDAD,2
6,1,8,0,4,1,-13.420375440227103,-74.93724198864247,0,4,5,0,2,1,0,1,1679.5849999999998,2.0,2,3,1.0,9,24,315.0,0.2997946406100768,72.83003345209801,46.42647217987546,4.997510303405721,292.6881439974165,3327.8779443254816,8511.426,1445.3929999999996,2008.516,5057.516999999999,1879.579,6631.846999999998,22.08300935706896,29,1,0,0,28,32.38449828904809,32.38449828904809,32.38449828904809,1.0,0.0,0.0,0.659357387278844,1,0,0.0,0.0,0.659357387278844,0.34064261272115604,0.0,0.34064261272115604,0.659357387278844,0.0,0.0,0.0,5,0,2024,7,19,2,0,1,2,1,0,1,GRAVE_MORTALIDAD,2
4,1,6,0,4,1,-8.53760484000108,-77.84927768839262,0,4,7,0,4,2,2,0,866.7209725254224,0.5320489533415471,1,0,0.5106829844471824,8,30,135.72014213535567,0.38472241714631455,75.7572724206282,42.484478084963825,5.60921882770981,535.8250363577906,12345.79011368563,9830.125963492175,1604.4564884868532,1586.9717668527665,6638.697708152557,1650.4139274805611,8179.712036011616,16.516120340799773,14,1,0,0,12,40.55236478772713,36.72224240437326,44.382487171080996,1.0,0.0,0.0,0.0,1,0,0.0,0.5106829844471824,1.0,0.0,0.0,0.0,1.0,0.4893170155528176,0.5106829844471824,0.0,16,2,2023,5,10,0,0,0,0,1,0,1,GRAVE_MORTALIDAD,2
7,1,2,0,4,0,-13.580462586530803,-73.46585717856983,2,4,3,1,2,2,2,4,6543.555,2.0,4,4,1.0,14,33,1198.0,0.241310185459975,70.83483413046108,58.5191389199668,4.887115219495449,162.12128067173168,8997.351177730192,8358.971,1282.451,1298.0969999999998,5778.423,1432.683,6926.288,17.139466089785454,3,1,0,0,2,41.52295177482065,41.52295177482065,41.52295177482065,1.0,0.0,0.0,0.0,1,0,0.0,0.0,0.0,1.0,0.0,1.0,0.0,0.0,0.0,0.0,7,1,2022,5,9,4,0,0,2,1,0,1,GRAVE_MORTALIDAD,2
6,1,20,0,4,1,-16.96817784715316,-71.52516952518276,6,4,6,1,6,2,2,0,6543.555,2.0,4,4,1.0,14,33,1198.0,0.5483274017691685,73.69844167523489,68.9085053651678,8.793288879243496,916.4390356115298,2531.179674365786,2827.3763860582853,641.8194348928346,529.8752226990275,1655.6817284664228,1074.3486046505093,1753.0277814077758,38.555841638697856,3,1,0,0,2,51.0,51.0,51.0,0.8348994283643915,0.0,0.0,0.0,1,0,0.0,0.8348994283643915,0.0,0.16510057163560854,0.0,0.16510057163560854,0.8348994283643915,0.0,0.0,0.0,5,0,2021,5,18,2,0,0,0,1,0,1,GRAVE_MORTALIDAD,2
2,1,21,1,4,1,-6.0497661681109385,-77.17327968232824,0,0,1,1,2,1,0,1,7758.33400008,2.0,2,0,1.0,9,20,2133.0,0.5963332411867256,73.80959983510441,63.34953560123128,8.251886446437874,1232.7304200473363,24031.167023554604,5645.136,815.0759999999999,965.298,3864.762,1013.406,4631.73,17.95184385283189,3,1,0,0,1,41.173477065618385,22.27631757642298,60.070636554813795,1.0,0.24411362043218365,0.0,0.0,1,0,0.0,0.0,0.7558863795678163,1.0,1.0,0.0,0.7558863795678163,0.24411362043218365,1.0,1.0,12,1,2022,6,18,5,1,1,1,1,0,1,GRAVE_MORTALIDAD,2
4,1,16,0,4,1,-8.40577069318844,-78.50480288151724,0,4,7,0,2,2,2,0,253.62712253548196,2.0,2,0,0.5165977634769958,4,10,52.41701118261502,0.4208652947467012,71.77520932279903,55.71754321302733,6.3654727742993575,707.5211915219263,37422.42882090976,8318.312751934627,1734.5508279950893,1102.0710075297072,5481.6909164098315,2021.3229642493072,6296.989787685321,24.26340980639995,7,1,0,0,5,52.90767875303146,49.54979329043099,56.26556421563193,1.0,0.0,0.0,1.0,1,0,0.0,0.5165977634769958,1.0,0.0,0.0,0.0,1.0,0.0,0.0,0.0,14,1,2022,5,14,2,0,0,0,1,0,1,GRAVE_MORTALIDAD,2
3,2,5,1,4,1,-7.31664367738116,-78.25998098551595,0,0,6,0,2,0,1,1,9936.932,2.0,2,0,1.0,9,32,3830.0,0.2601586707145843,79.02873533453275,34.27964805381077,3.4592465667345045,280.8472613313875,12855.770821425083,15935.565011852366,1733.9250000199986,935.692,13265.948011832368,2000.1670000199988,13935.398011832369,12.551591352627522,3,2,0,0,1,41.167453894094095,30.995276635435445,51.33963115275274,1.0,1.0,0.0,0.8883640706039384,2,0,0.0,1.0,0.1116359293960616,0.8883640706039384,1.0,0.0,1.0,0.1116359293960616,0.1116359293960616,0.1116359293960616,12,2,2022,6,6,5,0,0,2,1,0,1,GRAVE_MORTALIDAD,2
6,1,3,0,4,0,-15.651053609245292,-71.64103368603865,0,4,0,0,2,0,1,0,6543.555,2.0,4,4,1.0,14,33,1198.0,0.5325761945469989,81.34951653829121,50.97523181639888,6.867251361766504,964.6116839691138,2104.1584582441114,10322.272,1495.236,1749.739,7077.2970000000005,2886.595,7435.677000000001,27.964725207783708,3,1,0,0,2,25.192656226973753,25.192656226973753,25.192656226973753,1.0,0.8845970406855919,0.0,0.0,1,0,0.0,0.0,0.8845970406855919,0.11540295931440814,0.8845970406855919,0.11540295931440814,0.0,0.8845970406855919,0.8845970406855919,0.8845970406855919,12,2,2022,3,19,6,1,0,0,1,0,1,GRAVE_MORTALIDAD,2
5,1,20,0,4,0,-14.549189483837939,-69.67030629937483,0,4,1,1,2,2,2,4,5594.771722951595,2.0,3,3,0.8015394607190754,13,32,1056.4976354927007,0.6184115616858871,61.62211917452258,75.07837960512437,8.232900973487418,1672.724317350423,26325.70877944325,13642.312999999998,2020.7790000000005,2354.117,9267.416999999998,3314.0520000000006,10328.260999999997,24.29244952817019,10,1,0,0,9,32.4123156857526,31.22155245006706,33.603078921438154,1.0,0.19846053928092455,0.0,0.0,1,0,0.0,0.0,0.0,0.19846053928092455,0.19846053928092455,0.0,1.0,0.0,1.0,0.19846053928092455,12,1,2022,1,19,4,0,1,2,1,0,1,GRAVE_MORTALIDAD,2
6,1,7,0,4,0,-14.376535639344208,-71.73998648225559,2,4,3,0,4,2,2,2,6543.555,2.0,4,4,1.0,14,33,1198.0,0.2722675422164687,67.80820998193197,62.449137794905866,4.236794009044338,264.46478182816566,1348.5590765625616,17779.13499998999,2097.3709999899997,2863.123,12818.640999999989,2878.713,14900.421999989989,16.19152450331032,2,1,0,0,1,25.64695310673767,25.64695310673767,25.64695310673767,0.47060937865246655,0.47060937865246655,0.0,0.47060937865246655,1,0,0.0,0.0,0.0,1.0,0.47060937865246655,0.0,0.5293906213475335,0.47060937865246655,0.47060937865246655,0.47060937865246655,11,1,2021,5,10,3,0,0,2,1,0,1,GRAVE_MORTALIDAD,2
4,1,1,0,4,1,-10.436796489871881,-77.94285402749955,0,4,3,1,2,1,1,2,6543.555,3.0,2,0,1.0,0,30,1475.0,0.594329796273136,79.51274210494626,67.23963656911357,9.093808711905876,1004.1856289962402,25729.80728051392,10767.648,1885.0630000000003,1222.721,7659.864000000001,2100.343,8667.305000000002,19.506051832303577,4,1,0,0,3,28.147286878245097,22.963178280438726,33.33139547605147,1.0,0.0,0.0,1.0,1,0,0.0,0.5184108597806374,0.0,1.0,0.5184108597806374,0.4815891402193626,0.5184108597806374,0.0,1.0,0.0,9,1,2022,3,26,3,0,1,0,1,1,1,GRAVE_MORTALIDAD,2
3,2,20,0,4,1,-16.3167358797456,-69.99137735340457,0,4,7,1,2,0,1,2,2353.9071371636137,2.0,2,0,1.0,7,27,448.2619364445963,0.5457785121429125,74.95135829743735,61.26267567503917,7.409094512412049,1018.6794911899455,7087.857991177832,2471.6316137602867,556.8066375299343,440.2957184060879,1474.5292578242643,885.066904627765,1586.5647091325213,34.98637003789448,12,3,0,0,9,34.06005351745832,24.958299475917855,42.47206422094999,1.0,1.0,0.0,0.0,3,0,0.3194331586392849,0.3194331586392849,0.0,1.0,0.3194331586392849,0.6805668413607151,1.0,0.0,1.0,0.3194331586392849,17,2,2021,6,9,1,0,0,0,1,0,1,GRAVE_MORTALIDAD,2
3,1,7,0,4,1,-14.372328112421485,-71.40506068897771,0,4,4,0,1,1,1,2,6543.555,2.0,4,4,1.0,14,33,1198.0,0.2966247937692666,60.34204506886987,66.27044061405918,5.537434620169013,299.7178277969004,5095.132126629409,17779.13499998999,2097.3709999899997,2863.123,12818.640999999989,2878.713,14900.421999989989,16.19152450331032,3,1,0,0,1,33.216915871722456,31.069811913186804,35.36401983025811,1.0,0.1411584165857397,0.0,0.8588415834142603,1,0,0.0,0.8588415834142603,0.0,1.0,0.0,1.0,0.8588415834142603,0.0,0.1411584165857397,0.0,8,1,2022,6,17,5,1,0,2,1,0,1,GRAVE_MORTALIDAD,2
6,1,7,0,4,2,-13.658192737974485,-71.20712322246624,0,4,4,0,3,1,0,6,6543.555,2.0,4,4,1.0,14,33,1198.0,0.2878806558463657,64.3545970449677,40.8533634927424,5.057091551879132,358.0367344378798,4223.996084013687,17779.13499998999,2097.3709999899997,2863.123,12818.640999999989,2878.713,14900.421999989989,16.19152450331032,4,1,0,0,3,42.0,42.0,42.0,1.0,0.0,0.0,0.0,1,0,0.0,0.0,0.0,0.6288731444133052,0.0,0.0,0.6288731444133052,0.0,0.0,0.3711268555866948,20,2,2022,7,8,2,0,0,2,1,0,1,GRAVE_MORTALIDAD,2
0,2,10,0,4,1,-14.236977415913666,-75.70160120662739,1,4,7,1,2,0,0,0,6639.975,2.0,2,0,1.0,9,31,1616.0,0.6261042306271147,80.48505954362174,76.55712631348362,9.341715591523595,1061.002261282891,31419.372591006424,3721.461,698.1859999999996,744.866,2278.409,1102.9029999999996,2618.558,29.636290693359403,4,2,0,0,1,34.57307429485775,28.87741083195211,40.268737757763375,1.0,0.762847902346479,0.762847902346479,1.0,2,0,0.0,0.23715209765352097,0.0,0.762847902346479,0.762847902346479,0.762847902346479,0.23715209765352097,0.762847902346479,0.762847902346479,0.0,7,0,2021,6,3,5,0,0,0,0,0,1,GRAVE_MORTALIDAD,2
3,0,14,0,3,1,-11.871690773013224,-76.98622353293567,0,3,7,1,2,2,2,0,2366.0656521293913,2.0,2,3,0.23472947588304305,10,25,1065.6081993277664,0.6753342225967314,79.07883610435192,74.73673137482957,9.744987147544503,1344.1968966570323,351408.77609035774,7626.313,1683.4029999999998,1599.0829999999996,4343.827000000001,1814.875,5811.438000000001,23.797541485643197,9,2,0,0,7,26.586823689707607,24.469458951766086,28.70418842764913,1.0,0.23472947588304305,0.23472947588304305,0.23472947588304305,2,0,0.0,0.0,0.765270524116957,1.0,0.23472947588304305,0.23472947588304305,0.765270524116957,0.0,1.0,0.0,17,2,2024,2,6,2,0,0,0,1,0,1,GRAVE_MORTALIDAD,2
3,1,8,0,4,1,-12.524839517257385,-75.41949687185077,0,4,4,0,2,1,0,0,6605.624271107383,2.356261448792959,2,0,1.0,5,30,1565.7671357201928,0.5706087345706978,77.10542974150229,67.21316143886646,8.39067594688481,991.6937840478138,75215.14225730923,9839.02970808094,1597.5457378399424,1353.3115666857764,6888.17240355522,2647.1552429021153,7191.874465178824,26.801395187680477,14,2,0,0,12,43.90299333888097,34.3809408825901,53.42504579517183,1.0,0.35626144879295907,0.35626144879295907,1.0,2,0,0.0,0.0,1.0,0.35626144879295907,0.35626144879295907,0.0,1.0,0.35626144879295907,0.0,0.0,21,2,2022,7,13,1,0,0,0,1,0,1,GRAVE_MORTALIDAD,2
3,1,3,1,4,1,-16.562977922669315,-71.82821867844115,1,3,6,1,3,0,1,0,6613.547898276295,2.0,2,1,1.0,10,31,1501.4332242220637,0.6105481451420971,78.10653088113892,68.35418098658066,8.411557426919764,1158.5430895193692,35025.678800856535,10322.272,1495.236,1749.739,7077.2970000000005,2886.595,7435.677000000001,27.964725207783708,5,1,0,0,3,40.777504130770126,40.777504130770126,40.777504130770126,1.0,0.2740831956409957,0.0,0.0,1,0,0.0,0.0,0.0,1.0,0.2740831956409957,0.7259168043590043,0.0,0.2740831956409957,0.2740831956409957,0.2740831956409957,8,2,2022,2,17,5,1,1,0,1,0,1,GRAVE_MORTALIDAD,2
4,2,5,0,4,1,-7.095845887250241,-79.16212039727637,0,3,5,0,2,2,2,2,893.603976843494,2.0,2,0,0.8011640671751586,8,15,167.526663767965,0.5056251394074117,72.8547658478925,63.1212876543848,7.03966403500848,902.8487746355761,6959.10575043799,15935.565011852366,1733.9250000199986,935.692,13265.948011832368,2000.1670000199988,13935.398011832369,12.551591352627522,6,2,0,0,4,39.368570186270716,34.56158578321977,44.17555458932166,1.0,0.8011640671751586,0.8011640671751586,1.0,2,0,0.0,0.0,0.19883593282484135,1.0,1.0,1.0,0.0,0.0,1.0,1.0,19,2,2023,6,27,5,1,1,2,1,0,1,GRAVE_MORTALIDAD,2
4,1,10,0,4,1,-13.704076796918745,-75.99686415892103,0,4,7,1,2,2,2,0,1679.5849999999998,2.0,2,3,1.0,9,24,315.0,0.5368583996363854,74.61272186125923,72.26825466878516,8.4069286474868,830.4721109449902,14789.134903640255,3721.461,698.1859999999996,744.866,2278.409,1102.9029999999996,2618.558,29.636290693359403,3,1,0,0,1,28.377178791784242,27.75435758356849,29.0,1.0,0.6228212082157565,0.0,0.0,1,0,0.0,0.6228212082157565,0.0,0.3771787917842435,0.3771787917842435,0.0,0.6228212082157565,0.3771787917842435,0.3771787917842435,0.3771787917842435,1,0,2021,6,26,4,0,1,0,1,0,1,GRAVE_MORTALIDAD,2
3,1,7,0,4,1,-13.66002645900164,-71.71539519864052,2,0,7,1,2,0,1,2,7586.903,2.0,2,0,1.0,9,5,1198.0,0.4462103752292043,61.583450998762366,65.15362599873971,7.6025966484244085,743.4731353046861,4357.327526143547,17779.13499998999,2097.3709999899997,2863.123,12818.640999999989,2878.713,14900.421999989989,16.19152450331032,4,1,0,0,2,39.38665597390918,30.353295908682128,48.42001603913623,1.0,0.0,0.09666399347729482,1.0,1,0,0.0,0.9033360065227052,0.09666399347729482,0.9033360065227052,0.0,0.9033360065227052,1.0,0.0,0.0,0.0,14,2,2023,8,26,2,0,1,2,1,0,1,GRAVE_MORTALIDAD,2
6,1,5,0,4,2,-6.314172957879766,-78.68952549894654,0,4,6,0,1,2,2,0,6543.555,2.0,4,4,1.0,14,33,1198.0,0.33736583273973064,75.30114474569862,52.39899033367374,4.90884451531962,369.95005639398204,9148.775516245825,15935.565011852366,1733.9250000199986,935.692,13265.948011832368,2000.1670000199988,13935.398011832369,12.551591352627522,3,1,0,0,2,21.184741844412034,20.905979057491557,21.39381393460239,0.9303093032698804,0.0,0.0,0.0,1,0,0.0,0.06969069673011963,0.9303093032698804,0.0,0.9303093032698804,0.0,0.0,0.0,1.0,0.0,13,3,2022,1,9,5,0,0,2,1,0,1,GRAVE_MORTALIDAD,2
3,2,11,2,4,1,-8.283976843858484,-78.82809154769879,0,4,6,1,2,2,2,2,68.42945989785768,2.9417824879246606,2,0,0.9417824879246603,10,30,23.913985386006175,0.5530010165057107,78.74588638001848,64.53386834841959,8.613234034973775,885.3560895453091,20536.700077555157,8889.7500705798,1335.4670446144967,1869.3818168807393,5684.901209084564,1210.026217699587,7679.723852880212,13.60817557018814,2,2,0,0,0,35.0821751207534,19.349305072452037,50.815045169054756,1.0,0.0,0.0,0.0,2,0,0.0,0.0,0.0,1.0,1.0,0.0,0.0,0.05821751207533965,0.0,1.0,18,2,2022,10,19,5,1,1,0,1,0,1,GRAVE_MORTALIDAD,2
6,1,8,0,4,0,-12.636636726578324,-74.98168343353151,0,4,0,0,1,1,0,0,6543.555,2.0,4,4,1.0,14,33,1198.0,0.37827020174499804,72.67193864607128,50.531231402918166,5.7934832012003445,491.4145839356172,24596.24882403318,8542.113597085048,1437.3778377916146,2003.2213927446355,5101.514366548797,1831.3820367901567,6710.731560294889,21.467528313932057,8,1,0,0,7,29.48902912070986,29.48902912070986,29.48902912070986,1.0,0.07299583989859171,0.0,0.0,1,0,0.0,0.07299583989859171,0.9270041601014083,0.0,0.0,0.0,1.0,0.0,0.9270041601014083,0.0,12,2,2024,1,27,1,0,1,1,1,0,1,GRAVE_MORTALIDAD,2