CLASE SINIESTRO,CANTIDAD DE VEHICULOS DAÑADOS,DEPARTAMENTO,ZONA,TIPO DE VÍA,RED VIAL,COORDENADAS LATITUD,COORDENADAS  LONGITUD,CONDICIÓN CLIMÁTICA,ZONIFICACIÓN,CARACTERÍSTICAS DE VÍA,PERFIL LONGITUDINAL VÍA,SUPERFICIE DE CALZADA,¿EXISTE SEÑAL VERTICAL?,¿EXISTE SEÑAL HORIZONTAL?,CAUSA FACTOR PRINCIPAL,MTC_RVN_LONGITUD_KM,MTC_RVN_N_CARRILES_MEDIANA,MTC_RVN_SUPERFICIE_DOMINANTE,MTC_RVN_ESTADO_DOMINANTE,MTC_RVN_ES_CONCESIONADA,MTC_RVN_CONCESION_PRINCIPAL,MTC_RVN_CORREDOR_LOGISTICO,MTC_RVN_N_TRAMOS,IDH_2019,IDH_ESP_VIDA_2019,IDH_EDUC_SECUND_PCT_2019,IDH_ANIOS_EDUC_2019,IDH_INGRESO_PERCAP_2019,IDH_POBLACION_2019,MTC_DEP_RED_TOTAL_KM,MTC_DEP_NACIONAL_TOTAL_KM,MTC_DEP_DEPARTAMENTAL_TOTAL_KM,MTC_DEP_VECINAL_TOTAL_KM,MTC_DEP_PAV_TOTAL_KM,MTC_DEP_NO_PAV_TOTAL_KM,MTC_DEP_PCT_PAVIMENTADA,PER_TOTAL_PERSONAS,PER_N_CONDUCTORES,PER_N_CONDUCTORES_FUGADOS,PER_N_PEATONES,PER_N_PASAJEROS_OCUPANTES,PER_EDAD_COND_PROM,PER_EDAD_COND_MIN,PER_EDAD_COND_MAX,PER_ANY_COND_MASCULINO,PER_ANY_LIC_PROBLEMA,PER_ANY_DOSAJE_POS,PER_ANY_DOSAJE_EVALUADO,VEH_TOTAL,VEH_N_FUGADOS,VEH_ANY_FUGADO,VEH_ANY_CARGA,VEH_ANY_PUBLICO,VEH_ANY_PARTICULAR,VEH_ANY_MOTO,VEH_ANY_AUTO,VEH_ANY_CAMION_BUS,VEH_ANY_SOAT_PROBLEMA,VEH_ANY_CITV_PROBLEMA,VEH_ANY_SEGURO_PROBLEMA,HORA_NUM,FRANJA_HORARIA,ANIO,MES,DIA_MES,DIA_SEMANA,ES_FIN_SEMANA,ES_QUINCENA,REGION_NATURAL,TIENE_SEÑALIZACION,ES_VIA_MULTICARRIL,ES_DEPTO_BAJO_PAVIMENTO,CATEGORIA_SEVERIDAD,CATEGORIA_SEVERIDAD_ENC
4,1,12,1,2,2,-8.097612247280695,-79.07855218963104,0,1,2,1,2,2,2,0,6543.555,2.3515450858185654,3,2,1.0,9,31,1295.3779887717426,0.583006771156836,78.2441938961209,62.24037484511178,8.807312392374042,1028.2282118265089,76607.295503212,8931.828000000005,1335.5899999999997,1935.9830000000004,5660.255000000005,1219.309,7712.519000000005,13.651281686122925,3,1,0,0,2,32.20667425928059,30.273176287278478,34.14017223128269,1.0,0.0,0.0,0.0,1,0,0.0,0.35154508581856514,0.35154508581856514,0.6484549141814349,0.0,0.6484549141814349,0.35154508581856514,0.0,0.6484549141814349,0.0,8,0,2022,10,13,1,0,0,0,1,0,1,GRAVE_MORTALIDAD,2
4,1,5,0,4,1,-7.31442911244825,-78.71837750029236,2,4,0,0,2,1,1,0,801.2955728069567,2.0,2,0,0.3795993564483323,8,26,192.22403861310005,0.3515796260156399,71.76131397649675,39.56298933935197,5.42082612408977,487.02550123907713,7690.238042826442,15935.565011852366,1733.9250000199986,935.692,13265.948011832368,2000.1670000199988,13935.398011832369,12.551591352627522,3,1,0,0,2,35.730785198311644,30.795993564483325,40.66557683213996,1.0,0.0,0.0,0.0,1,0,0.0,0.3795993564483323,0.0,1.0,0.0,0.3795993564483323,1.0,0.0,0.0,0.0,3,0,2022,5,23,3,0,1,2,1,0,1,GRAVE_MORTALIDAD,2
6,1,4,0,4,2,-14.617609609478443,-73.52180998786919,1,4,1,0,2,2,2,2,6543.555,2.0,4,4,1.0,14,33,1198.0,0.28917408287614993,70.64603397618285,45.57723965911898,5.665551671779937,305.4020444328792,1174.316003177987,12678.733000000004,1805.074000000001,1774.0339999999994,9099.625000000004,2485.375000000001,10193.358000000002,19.602707936195205,6,1,0,0,5,38.48987917036764,38.48987917036764,38.48987917036764,1.0,0.0,0.0,0.7550604148161828,1,0,0.0,0.7550604148161828,0.0,0.2449395851838172,0.0,0.2449395851838172,0.7550604148161828,0.0,0.0,0.0,15,1,2023,2,23,2,0,1,2,1,0,1,GRAVE_MORTALIDAD,2
7,2,3,0,4,1,-16.037282928745775,-71.31675137212916,0,4,0,0,2,0,1,0,1504.4250000000002,2.0,2,0,1.0,7,25,241.0,0.4685280505645348,81.83746865987648,70.74305753660312,6.037751599761188,617.4715908037651,1751.8736616702354,10322.272,1495.236,1749.739,7077.2970000000005,2886.595,7435.677000000001,27.964725207783708,6,2,0,0,4,37.11771461165925,35.67232680999364,38.67232680999364,1.0,0.0,0.0,0.0,2,0,0.0,0.6723268099936413,0.32767319000635875,0.32767319000635875,0.0,0.32767319000635875,1.0,0.0,0.0,0.0,14,1,2022,2,19,1,0,1,0,1,0,1,GRAVE_MORTALIDAD,2
7,1,7,0,4,0,-14.379797306641805,-71.76900355554969,0,4,7,1,1,2,2,2,6543.555,2.0,4,4,1.0,14,33,1198.0,0.2948843363389796,67.83855999006795,66.56473132822455,4.135075844184529,310.5115863855084,1967.4357212030081,17779.13499998999,2097.3709999899997,2863.123,12818.640999999989,2878.713,14900.421999989989,16.19152450331032,2,1,0,0,1,37.53276754859252,37.53276754859252,37.53276754859252,1.0,0.5312010468195962,0.0,0.5312010468195962,1,0,0.0,0.0,0.0,1.0,0.5312010468195962,0.46879895318040377,0.0,0.5312010468195962,1.0,0.5312010468195962,9,0,2022,8,13,4,0,0,2,1,0,1,GRAVE_MORTALIDAD,2
6,1,8,0,4,1,-10.703971707529163,-75.91863898743344,0,4,4,0,1,2,2,2,6543.555,2.0,4,4,1.0,14,33,1198.0,0.2672787009769812,73.37035779973382,45.92312617359714,4.075176114370157,253.78515736069625,9767.31277182877,8223.87949829193,1328.4327899439525,842.0187761884212,6053.427932159555,1096.72135510486,7127.158143187069,13.32894701591737,2,1,0,0,1,30.186480111951816,30.186480111951816,30.186480111951816,1.0,0.0,0.0,0.0,1,0,0.0,0.9011266573373486,0.0,0.09887334266265135,0.0,0.09887334266265135,0.9011266573373486,0.0,0.0,0.0,11,2,2021,8,22,0,0,0,2,1,0,1,GRAVE_MORTALIDAD,2
3,1,10,0,3,1,-13.70446741623043,-75.97883693428139,0,3,7,1,2,2,2,0,1702.7534930425045,1.1878204127072485,1,3,0.18782041270724847,9,32,426.429392071886,0.6935247898465405,79.77261809682268,80.49158500658454,11.922313482263108,1250.0290710435793,143283.33422074074,4454.871914200725,883.2298635461968,905.3053894815475,2666.33666117298,1236.6258748760047,3218.2460393247197,28.539654407472025,4,1,0,0,3,66.45929782513616,65.0506447298318,67.86795092044053,1.0,0.18782041270724847,0.0,0.0,2,0,0.0,0.8121795872927515,0.0,1.0,0.0,1.0,0.8121795872927515,0.0,0.0,0.0,22,2,2024,8,14,2,0,0,0,1,0,1,GRAVE_MORTALIDAD,2
6,1,5,0,4,2,-7.257035112978817,-78.09113050257517,0,4,6,0,1,2,2,1,6543.555,2.0,4,4,1.0,14,33,1198.0,0.21659964680405214,73.92531160874138,39.53086387848607,3.2494492640435255,190.69673347667634,3263.086632918933,15935.565011852366,1733.9250000199986,935.692,13265.948011832368,2000.1670000199988,13935.398011832369,12.551591352627522,3,1,0,0,2,46.928185525444995,46.928185525444995,46.928185525444995,1.0,0.13397680931937528,0.8660231906806247,0.8660231906806247,1,0,0.0,0.13397680931937528,0.0,0.8660231906806247,0.0,0.8660231906806247,0.13397680931937528,0.13397680931937528,0.13397680931937528,0.13397680931937528,2,0,2023,6,15,3,0,0,2,1,0,1,GRAVE_MORTALIDAD,2
5,1,1,0,4,1,-9.310923202688086,-77.84071503983795,5,4,4,0,1,2,2,1,6543.555,2.172168688552649,3,3,1.0,11,32,1245.6907267290837,0.5149386459701757,79.28031363017891,55.304848846681416,7.4879600819351415,828.2684687773268,25561.764614922326,10767.648,1885.0630000000003,1222.721,7659.864000000001,2100.343,8667.305000000002,19.506051832303577,3,1,0,0,1,36.96698786868411,35.24530098315761,38.688674754210595,1.0,0.8278313114473509,0.0,0.1721686885526491,1,0,0.0,0.1721686885526491,0.0,1.0,0.1721686885526491,0.8278313114473509,0.1721686885526491,0.0,0.1721686885526491,0.0,13,2,2022,6,16,3,0,0,0,1,0,1,GRAVE_MORTALIDAD,2
5,1,11,0,4,0,-8.881997224715398,-77.81570500380121,0,4,7,1,6,2,2,0,6427.709453164673,2.0,3,3,0.8505116519770667,13,32,1073.4762060968965,0.498406619332353,76.8783560090126,48.430365518231376,6.622381427016541,913.045787156808,44154.14116833803,9430.030358757951,1408.969943347409,1811.8412983144435,6209.219117096098,1274.5041342754635,8155.526224482486,13.546786386170972,9,1,0,0,8,29.438232004527467,27.644371828252268,31.232092180802667,1.0,0.0,0.0,0.0,1,0,0.0,0.14948834802293332,0.14948834802293332,0.8505116519770667,0.14948834802293332,0.0,1.0,0.0,0.0,0.0,15,2,2023,8,26,3,0,1,0,1,0,1,GRAVE_MORTALIDAD,2
3,1,10,0,4,1,-10.378335524407504,-75.36112435069433,5,4,5,1,5,1,1,0,6277.779985154191,2.0,2,0,0.12215268898343579,9,32,788.259067327605,0.4196795942429251,74.75000041132414,55.88691516921159,6.384255274467566,557.1600781335975,74065.83257521257,12712.96996575977,1815.1601123166042,1084.7917322342303,9813.018121208936,1638.8178335213831,11074.152132238387,12.903318992233768,3,2,0,0,1,33.2898623542319,28.045556976265026,38.53416773219877,1.0,1.0,0.0,0.12215268898343579,2,0,0.0,0.12215268898343579,0.8778473110165642,1.0,0.12215268898343579,0.8778473110165642,1.0,1.0,0.12215268898343579,1.0,6,0,2022,5,17,4,0,1,2,1,0,1,GRAVE_MORTALIDAD,2
3,1,18,0,4,1,-9.68001070019912,-72.78159703680996,3,4,3,1,4,1,1,0,5288.787547237789,2.0,2,0,1.0,6,18,1272.0453645438954,0.5864469628088648,72.32388481678949,64.41500757989982,9.005573860806164,1146.6225398237325,87573.33630244371,3692.057387610459,586.7087444453397,621.7529255940735,2483.5957175710455,727.9327827699083,2964.12460484055,21.0680266908337,3,2,0,0,1,36.37928540783613,26.11028497880671,46.64828583686555,1.0,1.0,0.0,0.0,2,0,0.0,0.0,0.0,1.0,1.0,0.549428612288516,0.450571387711484,0.450571387711484,1.0,0.450571387711484,14,1,2022,6,16,4,0,0,1,1,0,1,GRAVE_MORTALIDAD,2
3,2,20,0,4,0,-16.304596876340643,-69.41752818948949,0,4,7,1,2,2,2,3,6543.555,2.0,4,4,1.0,14,33,1198.0,0.24475725194966028,72.31650544265604,64.73811707524641,5.303751019682692,167.69550241469562,4543.0500112840555,13642.312999999998,2020.7790000000005,2354.117,9267.416999999998,3314.0520000000006,10328.260999999997,24.29244952817019,5,2,0,0,3,40.14271843143074,34.97080794954208,45.31462891331939,1.0,0.656179036222687,0.0,0.0,2,0,0.0,0.0,1.0,0.656179036222687,0.656179036222687,0.0,1.0,0.0,0.656179036222687,0.656179036222687,20,2,2022,6,13,4,0,0,2,1,0,1,GRAVE_MORTALIDAD,2
6,1,12,0,4,1,-8.068671170966644,-77.48499609277468,0,4,7,1,1,2,2,0,6543.555,2.0,4,4,1.0,14,33,1198.0,0.3050785070155504,76.47396215388544,36.8261292399971,4.480306692421232,382.2311916933734,3366.0733690295965,8931.828000000005,1335.5899999999997,1935.9830000000004,5660.255000000005,1219.309,7712.519000000005,13.651281686122925,3,1,0,0,2,25.822373200144913,25.822373200144913,25.822373200144913,1.0,0.0,0.0,0.0,1,0,0.0,0.3822373200144914,0.0,0.6177626799855086,0.0,0.0,1.0,0.0,0.3822373200144914,0.0,14,1,2022,6,27,6,1,1,0,1,0,1,GRAVE_MORTALIDAD,2
3,1,14,2,2,3,-11.944627999504629,-76.99249999428856,0,0,1,1,2,0,1,0,6570.725350652844,2.0,3,2,1.0,12,32,1315.7889086588732,0.6804398113243232,79.12478207869258,74.86147249645174,9.850672122279725,1363.7887637775518,350316.9867165572,7626.313,1683.4029999999998,1599.0829999999996,4343.827000000001,1814.875,5811.438000000001,23.797541485643197,5,2,0,0,2,41.0773125287361,34.56358329501853,47.59104176245367,1.0,0.0,0.0,0.0,2,0,0.0,0.718208352490734,0.0,0.281791647509266,0.0,0.281791647509266,0.718208352490734,0.718208352490734,0.718208352490734,0.281791647509266,6,0,2023,10,23,3,0,1,0,1,0,1,GRAVE_MORTALIDAD,2
4,1,17,0,4,0,-7.07388787803482,-79.61273128049416,0,3,1,1,1,2,2,0,6543.555,2.278016853048355,3,2,1.0,10,32,1275.0106682943945,0.6520855313769599,80.2059193323646,73.38389563486447,10.194220213168785,1176.2995109906665,158984.31857448298,8593.433250828899,1754.8858294398538,904.4724000987327,5934.075021290312,2103.401125059604,6490.032125769295,24.448626527168,4,1,0,0,2,31.5646404158375,31.5646404158375,31.5646404158375,1.0,0.0,0.7219831469516448,0.7219831469516448,1,0,0.0,0.2780168530483552,0.0,0.7219831469516448,0.0,0.0,1.0,0.0,0.0,0.0,6,0,2021,10,21,4,0,0,0,1,0,1,GRAVE_MORTALIDAD,2
9,2,3,0,4,0,-15.779115725281086,-71.90997839472662,3,4,7,1,2,2,2,0,6556.872998131896,2.0,3,3,1.0,13,32,1255.7361877113922,0.5300144124117954,81.4557983613164,51.39563132828031,7.189557764956318,927.7592525269001,2017.6405416802081,10322.272,1495.236,1749.739,7077.2970000000005,2886.595,7435.677000000001,27.964725207783708,3,2,0,0,1,35.104998807873535,25.69062425492096,44.51937336082611,1.0,0.0,0.0,0.0,2,0,0.0,0.0,0.0,1.0,0.8618751490158082,0.1381248509841918,1.0,0.0,0.1381248509841918,0.0,12,2,2023,3,6,5,1,0,0,1,0,1,GRAVE_MORTALIDAD,2
6,1,14,1,4,1,-12.281417868511557,-76.88104700567976,0,2,7,1,2,2,2,0,6639.975,2.0,2,0,1.0,9,31,1616.0,0.6909236767275176,78.41626133969348,70.97436336767564,9.826485374940413,1476.8351947609171,95908.53319057816,7626.313,1683.4029999999998,1599.0829999999996,4343.827000000001,1814.875,5811.438000000001,23.797541485643197,17,1,0,0,16,35.15708574138046,35.15708574138046,35.15708574138046,1.0,0.0,0.0,0.0,1,0,0.0,0.0,0.0,0.34592244704425246,0.0,0.0,1.0,0.0,1.0,0.0,6,1,2023,9,5,3,0,0,0,1,0,1,GRAVE_MORTALIDAD,2
3,2,7,0,4,1,-15.273300040833057,-71.09500836616272,0,4,0,0,2,0,1,2,568.5409999999999,1.0,2,3,0.0,9,3,93.0,0.38651565127150544,68.44332807879861,63.843423734725654,5.620898127739067,515.4207116943383,1160.4580402291415,17779.13499998999,2097.3709999899997,2863.123,12818.640999999989,2878.713,14900.421999989989,16.19152450331032,4,2,0,0,2,35.69784225209053,30.557953053232747,40.83773145094831,1.0,0.0,0.0,0.0,2,0,0.0,0.4884093893534508,0.5115906106465492,1.0,0.0,0.4884093893534508,1.0,0.0,0.5115906106465492,0.0,4,0,2022,9,19,5,1,0,2,1,0,1,GRAVE_MORTALIDAD,2
3,1,11,0,4,1,-14.014760612045762,-75.265442668301,0,4,0,0,2,2,2,1,2287.087719182807,1.1589247668441716,1,3,0.15892476684417156,9,18,417.4821836313912,0.6208879754053684,80.13231703644405,71.19474357336367,10.463196526242417,1019.529967499933,66316.08683861447,3598.725468588215,661.9668867114461,770.0061499423126,2166.752431934456,1065.3241264063274,2533.4013421818877,29.595444859222923,5,1,0,0,3,46.23473202083803,44.97311917110429,47.496344870571775,1.0,0.0,0.0,0.0,1,0,0.0,1.0,0.8410752331558284,0.0,0.0,0.8410752331558284,1.0,0.0,0.8410752331558284,0.0,9,1,2022,2,10,1,0,0,0,1,0,1,GRAVE_MORTALIDAD,2
3,1,11,0,4,1,-11.466642724643473,-74.48308731844055,0,4,0,0,1,2,2,0,1615.501372131473,1.0534587126048183,1,3,0.05345871260481816,9,32,362.2040432300544,0.36207417305093414,73.98784532127979,44.316490162845,6.510154490460128,409.7844915048765,66700.62376340381,12264.545,1826.4639999999995,1105.5389999999998,9332.542,1588.5359999999996,10676.009,12.952261987705208,3,1,0,0,1,23.64936232100359,21.283009102515635,26.015715539491545,1.0,1.0,0.0,0.9465412873951818,1,0,0.0,0.0,0.0,1.0,0.9465412873951818,0.05345871260481816,0.9465412873951818,1.0,0.9465412873951818,0.0,0,0,2021,7,28,5,0,0,2,1,0,1,GRAVE_MORTALIDAD,2
3,2,7,1,4,1,-13.643972026337494,-71.70365887448442,2,1,7,1,2,0,1,2,7586.903,2.0,2,0,1.0,9,5,1198.0,0.4871082444291036,65.13817094610792,75.21417561433039,7.865009395314381,788.5069758957198,8358.635474596165,17779.13499998999,2097.3709999899997,2863.123,12818.640999999989,2878.713,14900.421999989989,16.19152450331032,3,2,0,0,1,42.86893135605206,38.85770524383134,45.98877388777928,1.0,0.44569179024674643,0.0,0.0,2,0,0.0,1.0,0.44569179024674643,0.44569179024674643,0.44569179024674643,0.0,1.0,0.44569179024674643,0.0,0.44569179024674643,8,1,2023,3,14,0,0,0,2,1,0,1,GRAVE_MORTALIDAD,2
0,1,14,1,2,3,-11.676745329438834,-77.2276525968334,0,0,0,1,1,2,2,1,6543.555,2.0,4,4,1.0,14,33,1198.0,0.7246777296567908,80.21647045274864,74.99797465486672,10.606591043077161,1532.8797235448108,156911.84088310003,7692.418369111259,1688.2890509550787,1551.6044263110387,4452.524891845142,1834.5965661433613,5857.821802967898,23.842044965904236,3,1,0,1,0,37.16105741714384,37.16105741714384,37.16105741714384,1.0,0.9506504363025787,0.04934956369742127,0.04934956369742127,1,0,0.0,0.0,0.0,1.0,0.0,0.0,1.0,0.0,0.0,0.0,20,1,2023,3,11,0,0,0,0,1,0,1,GRAVE_MORTALIDAD,2
4,1,11,0,4,1,-11.79996927202843,-75.65117694628452,0,4,3,0,2,1,1,2,7586.903,2.0,2,0,1.0,9,5,1198.0,0.4545643050211295,68.73444804749025,55.05670880126828,7.076811092931955,737.237129067086,1424.8051391862955,12264.545,1826.4639999999995,1105.5389999999998,9332.542,1588.5359999999996,10676.009,12.952261987705208,3,1,0,0,1,31.8320155828867,27.846673159536124,35.81735800623728,1.0,0.5693346319072251,0.0,0.5693346319072251,1,0,0.0,0.0,0.5693346319072251,1.0,0.0,1.0,0.5693346319072251,0.0,0.5693346319072251,0.0,4,0,2022,12,16,5,1,0,2,1,0,1,GRAVE_MORTALIDAD,2
4,1,5,0,4,1,-7.283110497629597,-79.06298311452588,0,4,4,0,2,2,2,1,834.2356477293135,2.0,2,0,0.6172708086822287,8,22,177.96375147906627,0.47838562527925976,71.95511825944726,51.429476365080646,7.063273466944396,848.2569174105845,7317.773456216579,15935.565011852366,1733.9250000199986,935.692,13265.948011832368,2000.1670000199988,13935.398011832369,12.551591352627522,4,1,0,0,3,31.3208956607756,27.61727080868223,35.024520512868975,1.0,0.6172708086822287,0.6172708086822287,0.6172708086822287,1,0,0.0,0.0,0.0,1.0,0.6172708086822287,0.6172708086822287,0.3827291913177713,0.0,0.6172708086822287,0.6172708086822287,13,1,2023,4,26,5,1,1,2,1,0,1,GRAVE_MORTALIDAD,2
5,1,10,0,4,1,-13.504627759377264,-76.10965145566318,0,4,7,1,2,2,2,1,563.4617359695881,-0.27156735904590823,2,0,1.0,12,29,87.84326409540915,0.5823909820156462,78.14135252056455,67.13514365169851,9.194739001882631,967.2272338952706,5462.2854783252205,3721.461,698.1859999999996,744.866,2278.409,1102.9029999999996,2618.558,29.636290693359403,2,1,0,0,1,33.150161918886894,31.814702077137724,34.485621760636064,1.0,0.0,0.0,1.0,1,0,0.0,1.0,0.0,0.24281088031803055,0.0,0.0,1.0,0.0,0.24281088031803055,0.0,11,2,2023,8,13,1,0,0,0,1,0,1,GRAVE_MORTALIDAD,2
6,1,17,0,4,1,-14.396779417612874,-71.69126610605967,0,4,0,1,2,1,1,2,6862.452747877039,2.0,3,2,1.0,12,24,1198.0,0.35239686244397467,72.05298180507175,65.32766911466744,6.004991299711282,457.49875417625685,9363.34828453055,13221.200281811005,1961.3869123372772,1972.4910111172717,9287.322358356454,2786.6506283332164,10434.549653477787,20.826338252586652,3,1,0,0,2,41.471757515819085,41.471757515819085,41.471757515819085,1.0,0.0,0.0,0.30564849683618345,1,0,0.0,0.0,0.0,1.0,0.0,1.0,0.0,0.30564849683618345,0.30564849683618345,0.30564849683618345,18,2,2022,10,16,5,1,0,2,1,0,1,GRAVE_MORTALIDAD,2
4,1,14,1,4,1,-12.486922275247899,-72.9780557490456,3,4,6,1,4,2,2,0,1073.3137854880601,2.0,1,0,0.0,9,17,302.95431080299835,0.6000404020612078,69.58958475413019,69.26679620448122,8.782824751600032,1312.126633150983,25299.69760411132,12825.320410053502,1905.5535664615134,1613.7318451914855,9306.034998400502,2290.8508617574803,10534.469548296021,17.567914490948045,4,1,0,0,3,40.8245675241858,38.38246372999039,43.26667131838121,1.0,0.4070172990325679,0.0,0.0,1,0,0.0,0.0,0.0,1.0,0.4070172990325679,0.5929827009674321,0.4070172990325679,0.0,0.4070172990325679,0.4070172990325679,12,1,2022,4,7,6,1,0,2,1,0,1,GRAVE_MORTALIDAD,2
4,1,13,0,4,1,-7.449849235920114,-78.21882301842173,2,4,3,1,2,1,0,1,486.11038414128313,2.0,2,1,0.4623164782448995,5,14,142.2048935254282,0.43004397082648393,76.47651395528378,50.50194525329276,5.695678879101278,654.6390705994569,9513.570225797932,8558.93302528222,1541.027585872134,720.3267298851272,6297.578709524958,1593.6708723672987,6965.262152914921,18.36086404329878,5,1,0,0,3,37.4623164782449,32.085481260693896,42.839151695795906,1.0,0.0,0.0,1.0,1,0,0.0,0.5376835217551005,0.0,0.4623164782448995,0.0,1.0,0.5376835217551005,0.0,0.0,0.0,12,0,2022,7,12,2,0,0,1,1,0,1,GRAVE_MORTALIDAD,2
3,2,10,0,4,1,-14.862560536976709,-74.75200961140261,0,4,0,0,2,2,2,2,2259.4257513267853,2.0,2,0,1.0,4,27,122.07335070888398,0.5563774842369664,77.00938809632027,69.10246351364754,8.476961866273152,914.8835608305218,27932.19700214133,3721.461,698.1859999999996,744.866,2278.409,1102.9029999999996,2618.558,29.636290693359403,5,2,0,0,3,51.9198887661219,37.97643787238879,65.863339659855,1.0,0.0,0.0,1.0,2,0,0.0,0.004712425522241159,0.0,0.004712425522241159,0.0,1.0,1.0,0.0,0.0,0.0,22,1,2023,7,2,2,0,0,0,1,0,1,GRAVE_MORTALIDAD,2
5,1,20,0,4,1,-15.596179710113159,-70.11057831056488,0,4,1,1,2,2,2,2,7511.375666099729,2.0,2,0,1.0,9,7,1198.0,0.36203117336284696,73.93979284087837,64.35409092772589,5.62970836981534,380.23560276714034,5525.579668297239,13642.312999999998,2020.7790000000005,2354.117,9267.416999999998,3314.0520000000006,10328.260999999997,24.29244952817019,2,1,0,0,1,58.10858409739647,57.71044240694276,58.50672578785017,1.0,0.9276106017356897,0.0,0.0,1,0,0.0,0.0,0.07238939826431035,0.9276106017356897,0.0,0.0,1.0,0.0,0.0,0.0,17,2,2022,7,8,5,0,0,2,1,0,1,GRAVE_MORTALIDAD,2
6,1,8,0,4,1,-11.676324664386575,-74.29132871763204,1,4,1,0,2,2,2,0,6846.510093760865,2.0,3,2,1.0,12,24,1198.0,0.4939980692005974,76.98813188582139,60.76687734861214,8.011541794686542,716.0495702140429,60491.3593647813,11130.490458888124,1668.499917620842,1161.451722259883,8300.538819007397,1543.281242979416,9587.209215908706,14.168092958140381,2,1,0,0,1,37.90226753779357,37.90226753779357,37.90226753779357,1.0,0.7096317875139795,0.0,0.0,1,0,0.0,0.0,0.0,0.7096317875139795,0.0,1.0,0.0,0.7096317875139795,0.0,0.0,1,0,2021,4,14,0,0,0,2,1,0,1,GRAVE_MORTALIDAD,2
5,1,8,0,4,1,-12.380157638624643,-75.22005599333288,0,4,3,0,1,2,2,0,6543.555,2.117764918979235,3,3,1.0,12,32,1230.620882557248,0.3821414812547195,73.31953371073958,51.48732949319218,5.7307988922207596,493.83909074704763,24729.32839955349,8560.93460746871,1432.4620586013227,1999.9741571316792,5128.498391735706,1801.8223569455804,6759.112250523127,21.090047631045028,4,1,0,0,3,39.82335262153115,38.586820972249186,41.059884270813114,1.0,0.11776491897923491,0.0,0.0,1,0,0.0,0.11776491897923491,1.0,0.0,1.0,0.0,0.11776491897923491,0.0,0.0,0.11776491897923491,12,2,2022,5,3,5,0,0,1,1,0,1,GRAVE_MORTALIDAD,2
6,1,12,1,4,1,-12.258522702782813,-76.2926856384452,0,2,5,0,1,2,2,2,877.82641535847,1.8529850451002214,1,0,0.8529850451002214,3,16,176.4350787310692,0.7074953837687362,79.9700585629753,77.39701367979069,10.805084088951018,1416.0181488555015,44433.084980530206,7734.024682826962,1624.4570598030239,1554.833556784535,4554.734066239404,1758.687060356944,5975.337622470019,22.818704831601845,5,1,0,0,3,49.03059621770598,49.03059621770598,49.03059621770598,1.0,1.0,0.14701495489977856,0.14701495489977856,1,0,0.0,0.0,0.0,1.0,0.0,1.0,0.8529850451002214,0.14701495489977856,0.0,0.14701495489977856,22,2,2021,3,26,0,0,1,0,1,0,1,GRAVE_MORTALIDAD,2
0,0,14,2,2,4,-12.032876919537514,-77.03987783623609,0,0,3,0,2,2,2,1,6543.555,2.0,4,4,1.0,14,33,1198.0,0.725423012515836,80.1279267428789,75.02255304607733,10.603789125171966,1536.906728996285,156796.81767799467,7626.313,1683.4029999999998,1599.0829999999996,4343.827000000001,1814.875,5811.438000000001,23.797541485643197,3,1,0,1,0,36.26536598276325,36.26536598276325,36.26536598276325,1.0,0.7108943304605416,0.0,0.2891056695394584,1,0,0.0,0.2891056695394584,0.0,1.0,0.2891056695394584,0.0,1.0,0.0,0.2891056695394584,0.0,21,2,2023,5,11,0,0,0,0,1,0,1,GRAVE_MORTALIDAD,2
5,1,8,0,4,1,-13.214979026943416,-75.60242789908354,0,4,7,1,6,2,2,1,1467.0647134107398,1.0,0,3,0.0,9,16,265.0728147381732,0.37769196898602714,57.76428741615108,45.10039364663867,7.260969325896724,622.3453668126398,448.66855444182363,8511.426,1445.3929999999996,2008.516,5057.516999999999,1879.579,6631.846999999998,22.08300935706896,5,1,0,0,4,23.386184790791834,23.31960120617255,23.452768375411114,1.0,0.9733665661522873,0.0,0.0,1,0,0.0,0.0,0.0,1.0,0.0,1.0,0.0,0.9733665661522873,0.9733665661522873,0.0,14,3,2022,8,11,5,0,0,2,1,0,1,GRAVE_MORTALIDAD,2