CLASE SINIESTRO,CANTIDAD DE VEHICULOS DAÑADOS,DEPARTAMENTO,ZONA,TIPO DE VÍA,RED VIAL,COORDENADAS LATITUD,COORDENADAS  LONGITUD,CONDICIÓN CLIMÁTICA,ZONIFICACIÓN,CARACTERÍSTICAS DE VÍA,PERFIL LONGITUDINAL VÍA,SUPERFICIE DE CALZADA,¿EXISTE SEÑAL VERTICAL?,¿EXISTE SEÑAL HORIZONTAL?,CAUSA FACTOR PRINCIPAL,MTC_RVN_LONGITUD_KM,MTC_RVN_N_CARRILES_MEDIANA,MTC_RVN_SUPERFICIE_DOMINANTE,MTC_RVN_ESTADO_DOMINANTE,MTC_RVN_ES_CONCESIONADA,MTC_RVN_CONCESION_PRINCIPAL,MTC_RVN_CORREDOR_LOGISTICO,MTC_RVN_N_TRAMOS,IDH_2019,IDH_ESP_VIDA_2019,IDH_EDUC_SECUND_PCT_2019,IDH_ANIOS_EDUC_2019,IDH_INGRESO_PERCAP_2019,IDH_POBLACION_2019,MTC_DEP_RED_TOTAL_KM,MTC_DEP_NACIONAL_TOTAL_KM,MTC_DEP_DEPARTAMENTAL_TOTAL_KM,MTC_DEP_VECINAL_TOTAL_KM,MTC_DEP_PAV_TOTAL_KM,MTC_DEP_NO_PAV_TOTAL_KM,MTC_DEP_PCT_PAVIMENTADA,PER_TOTAL_PERSONAS,PER_N_CONDUCTORES,PER_N_CONDUCTORES_FUGADOS,PER_N_PEATONES,PER_N_PASAJEROS_OCUPANTES,PER_EDAD_COND_PROM,PER_EDAD_COND_MIN,PER_EDAD_COND_MAX,PER_ANY_COND_MASCULINO,PER_ANY_LIC_PROBLEMA,PER_ANY_DOSAJE_POS,PER_ANY_DOSAJE_EVALUADO,VEH_TOTAL,VEH_N_FUGADOS,VEH_ANY_FUGADO,VEH_ANY_CARGA,VEH_ANY_PUBLICO,VEH_ANY_PARTICULAR,VEH_ANY_MOTO,VEH_ANY_AUTO,VEH_ANY_CAMION_BUS,VEH_ANY_SOAT_PROBLEMA,VEH_ANY_CITV_PROBLEMA,VEH_ANY_SEGURO_PROBLEMA,HORA_NUM,FRANJA_HORARIA,ANIO,MES,DIA_MES,DIA_SEMANA,ES_FIN_SEMANA,ES_QUINCENA,REGION_NATURAL,TIENE_SEÑALIZACION,ES_VIA_MULTICARRIL,ES_DEPTO_BAJO_PAVIMENTO,CATEGORIA_SEVERIDAD,CATEGORIA_SEVERIDAD_ENC
9,1,2,0,4,2,-14.155646584172727,-72.84459048498388,6,5,6,2,6,2,2,0,6543.555,2.0,4,4,1.0,14,33,1198.0,0.3361048218191985,64.51480653969497,59.41263393189153,6.501382951566791,367.058253108313,738.9032330176151,8358.971,1282.451,1298.0969999999998,5778.423,1432.683,6926.288,17.139466089785454,2,1,0,0,1,28.371702658073467,28.371702658073467,28.371702658073467,1.0,0.0,0.0,0.0,1,0,0.0,0.0,0.0,1.0,0.0,0.0,1.0,0.0,0.7905675526911552,0.0,3,0,2022,2,20,2,0,1,2,1,0,1,GRAVE_MORTALIDAD,2
3,2,13,0,4,1,-6.473753016276683,-79.90329299519114,0,4,7,1,2,2,2,0,5270.9160909726315,2.757054638312956,2,0,1.0,0,27,1156.2556854665984,0.4079815106339071,75.49504495043028,52.68618240221119,5.2497025118947755,595.4330309213835,47792.851334195104,3459.691,515.0619999999999,689.7280000000001,2254.901,703.3549999999999,2756.336,20.329994788551925,3,2,0,0,1,36.22023761722491,21.728836085061133,50.71163914938868,1.0,0.757054638312956,0.0,0.24294536168704395,2,0,0.0,0.757054638312956,0.0,1.0,1.0,0.0,1.0,0.0,0.24294536168704395,0.0,13,2,2022,4,4,3,0,0,0,1,0,1,GRAVE_MORTALIDAD,2
3,2,13,0,4,0,-6.591208835544626,-79.53613287794732,0,4,6,0,2,1,1,0,6654.870957327988,2.0,3,3,1.0,13,31,1283.6784815137687,0.4708068557798697,71.23156572191908,63.203006390860764,8.095099495392502,671.8964185199225,13931.240774199177,3659.9536834565324,542.5537047624296,714.9797851879672,2402.4201935061355,731.7664426436636,2928.1872408128693,20.112073546858834,7,2,0,0,5,36.10360794277107,34.824712656282266,37.38250322925988,1.0,0.09163473958691837,0.0,0.9083652604130816,2,0,0.0,0.9083652604130816,0.09163473958691837,1.0,0.09163473958691837,0.9083652604130816,1.0,0.0,0.09163473958691837,0.09163473958691837,5,0,2021,3,30,2,0,1,0,1,0,1,GRAVE_MORTALIDAD,2
6,1,1,0,4,2,-9.298220291779275,-77.62156971044708,0,4,6,0,6,2,2,2,6543.555,2.0,4,4,1.0,14,33,1198.0,0.30113458385690334,82.05453628514367,56.80812697387753,4.018655162224731,276.3563756113645,1283.259587923422,10767.648,1885.0630000000003,1222.721,7659.864000000001,2100.343,8667.305000000002,19.506051832303577,3,1,0,0,2,55.92746383522313,55.92746383522313,55.92746383522313,1.0,0.9068928434916099,0.0,0.0,1,0,0.0,0.0,0.0,1.0,0.0,1.0,0.0,0.0,0.09310715650839008,0.0,5,0,2021,6,25,1,0,0,0,1,0,1,GRAVE_MORTALIDAD,2
6,2,3,0,4,1,-16.266336890375747,-71.8578280956613,0,4,3,0,2,0,1,1,1729.1430074304863,2.0,2,0,1.0,8,28,321.84242483564816,0.5034289348090648,82.9533382937075,62.6940893797898,7.274415029271287,704.2099275350668,970.4289257363444,10322.272,1495.236,1749.739,7077.2970000000005,2886.595,7435.677000000001,27.964725207783708,4,1,0,0,2,36.76592902906463,33.0,40.0,1.0,0.46814194187073577,0.0,0.46814194187073577,2,0,0.0,1.0,0.0,0.46814194187073577,0.0,0.0,1.0,0.0,0.5318580581292642,0.0,11,1,2021,6,16,3,0,0,0,1,0,1,GRAVE_MORTALIDAD,2
3,1,14,2,2,3,-12.388823297840414,-76.2839267864959,0,3,7,1,2,2,2,0,5976.864053481403,2.0,3,3,1.0,13,32,1090.3776056941779,0.6730386315845354,79.31427104258717,76.61316557794581,8.969973143474457,1380.8964562723436,218937.65074667602,8302.860883117895,1721.3436613388933,1683.9926832416945,4897.524538537307,1983.4695854004383,6319.391297717457,23.853197899956637,3,1,0,0,2,21.79932947637738,20.224916184547173,24.048491321849106,1.0,0.0,0.0,0.11245809227358627,1,0,0.0,0.11245809227358627,0.0,1.0,0.0,1.0,0.11245809227358627,0.11245809227358627,0.11245809227358627,0.11245809227358627,2,0,2023,11,16,0,0,1,0,1,0,1,GRAVE_MORTALIDAD,2
6,1,19,0,4,1,-5.845288500442828,-79.49106915399372,0,4,0,0,2,1,0,3,305.38500000000005,2.0,2,0,1.0,1,20,50.0,0.2117580020098525,65.37756662211437,42.30794939557186,3.975264599118591,171.62326554814578,38712.25053533191,8965.846000060003,1782.4120000599992,636.9959999999999,6546.438000000004,2214.505000059999,6751.341000000004,24.699342371541725,13,1,0,0,12,40.663545779660694,40.663545779660694,40.663545779660694,1.0,0.0,0.0,1.0,1,0,0.0,0.0,0.35873429074313024,0.6412657092568698,0.0,0.0,1.0,0.0,0.6412657092568698,0.0,11,1,2023,7,21,2,0,1,0,1,0,1,GRAVE_MORTALIDAD,2
6,1,8,0,4,1,-12.478118413308332,-74.74218959145749,0,4,7,1,4,2,2,0,6975.130229319516,2.0,3,2,1.0,11,21,1198.0,0.2371271103914559,67.35907202388974,48.34285985638861,3.957778336278219,206.76708776763252,3746.0,8511.426,1445.3929999999996,2008.516,5057.516999999999,1879.579,6631.846999999998,22.08300935706896,7,1,0,0,6,37.0,34.654578258910796,38.7590663058169,0.41364456472769884,0.0,0.0,0.0,1,0,0.0,0.0,0.0,1.0,0.0,0.5863554352723012,0.41364456472769884,0.0,0.0,0.0,11,1,2024,5,6,3,0,0,2,1,0,1,GRAVE_MORTALIDAD,2
5,1,3,0,4,1,-15.835831453545854,-72.76278839918429,0,4,2,0,5,2,2,0,6571.788016610798,2.0,3,2,1.0,12,32,1320.3957782961365,0.47816948640564144,78.87467714838158,60.264677921540304,7.086225106707621,677.2716535020285,1105.3823130364121,10322.272,1495.236,1749.739,7077.2970000000005,2886.595,7435.677000000001,27.964725207783708,6,1,0,0,4,44.12156139978849,40.607806998942465,47.635315800634515,0.2928128667371688,0.0,0.0,0.7071871332628312,1,0,0.0,0.0,0.0,1.0,0.0,1.0,0.2928128667371688,0.0,1.0,0.0,8,1,2022,8,14,4,0,0,0,1,0,1,GRAVE_MORTALIDAD,2
6,1,12,0,4,0,-8.060964487455482,-77.54169726533898,0,4,7,0,1,2,2,1,6543.555,2.0,4,4,1.0,14,33,1198.0,0.19290396941879334,75.22775714904168,34.70769274450593,4.138889227754202,125.84248025519256,1793.3716753200847,8931.828000000005,1335.5899999999997,1935.9830000000004,5660.255000000005,1219.309,7712.519000000005,13.651281686122925,3,1,0,0,2,49.62887680741565,49.62887680741565,49.62887680741565,1.0,0.37509940531834995,0.0,0.0,1,0,0.0,0.62490059468165,0.0,0.37509940531834995,0.0,0.0,1.0,0.0,1.0,0.0,16,1,2022,6,7,4,0,0,0,1,0,1,GRAVE_MORTALIDAD,2
6,1,7,0,4,0,-13.367167219866305,-71.61864546389197,0,4,0,1,1,1,1,3,7055.899610667523,2.0,3,2,1.0,11,19,1198.0,0.40381414172286934,63.01964072137283,66.5532349617984,6.766840389903072,574.1352270749928,5477.934936670939,17779.13499998999,2097.3709999899997,2863.123,12818.640999999989,2878.713,14900.421999989989,16.19152450331032,3,1,0,0,2,56.70566096321358,56.70566096321358,56.70566096321358,1.0,0.5089417810092862,0.4910582189907138,0.4910582189907138,1,0,0.0,0.0,0.0,1.0,0.0,1.0,0.0,0.0,0.5089417810092862,0.0,17,2,2024,7,7,3,0,0,2,1,0,1,GRAVE_MORTALIDAD,2
7,1,7,0,4,2,-13.430731023413921,-72.04449461682597,0,4,7,1,2,1,1,2,6876.428846144934,2.0,3,2,1.0,12,24,1198.0,0.3870836854547375,71.93853859421574,63.50384409866076,5.619327895508028,494.11794128668026,11075.177640364043,17779.13499998999,2097.3709999899997,2863.123,12818.640999999989,2878.713,14900.421999989989,16.19152450331032,8,1,0,0,7,35.49051677139912,35.49051677139912,35.49051677139912,1.0,0.0,0.0,1.0,1,0,0.0,0.0,0.3190439298728074,0.6809560701271926,0.0,0.0,1.0,0.0,0.6809560701271926,0.0,8,0,2021,12,21,0,0,1,2,1,0,1,GRAVE_MORTALIDAD,2
3,2,10,0,4,1,-14.808510024043297,-75.00977531969788,0,4,7,1,2,2,2,0,6639.975,2.0,2,0,1.0,9,31,1616.0,0.5563774842369664,77.00938809632027,69.10246351364754,8.476961866273152,914.8835608305218,27932.19700214133,3721.461,698.1859999999996,744.866,2278.409,1102.9029999999996,2618.558,29.636290693359403,3,2,0,0,1,37.9069035862469,34.937935724164596,40.8758714483292,1.0,0.0,0.0,1.0,2,0,0.0,1.0,0.0,1.0,0.0,1.0,1.0,0.0,0.0,0.0,1,0,2021,10,26,5,1,1,0,1,0,1,GRAVE_MORTALIDAD,2
6,1,12,2,2,4,-8.123171990635978,-79.02266568392729,0,0,8,0,2,2,2,0,6543.555,2.0,4,4,1.0,14,33,1198.0,0.7151155191839451,79.57652607829836,77.25576500264712,11.809756866444314,1377.9438475528384,331253.00214132766,8931.828000000005,1335.5899999999997,1935.9830000000004,5660.255000000005,1219.309,7712.519000000005,13.651281686122925,2,1,0,0,1,26.736145816272405,26.736145816272405,26.736145816272405,1.0,1.0,0.0,0.0,1,0,0.0,0.0,0.0,1.0,1.0,0.0,0.0,0.0669223469338549,0.0,0.0669223469338549,17,1,2023,10,16,4,0,1,0,1,0,1,GRAVE_MORTALIDAD,2
5,1,4,0,4,1,-12.42409493815152,-74.09530430548634,0,4,0,0,6,2,2,1,6678.4896649815255,2.0,3,3,1.0,13,29,1198.0,0.4115766817067001,76.13749937510548,55.32002111003658,5.927722631786025,557.544968318276,12551.32705994358,12625.166674076756,1807.8403372948965,1687.5785231439318,9129.747813637929,2369.388128881864,10255.778545194891,18.742615525956975,2,1,0,0,1,51.86148698285827,51.86148698285827,51.86148698285827,1.0,0.8706714682143207,0.0,1.0,1,0,0.12932853178567927,0.0,0.0,1.0,0.0,0.12932853178567927,1.0,0.0,0.12932853178567927,0.0,10,1,2021,6,9,3,0,0,2,1,0,1,GRAVE_MORTALIDAD,2
6,1,4,0,4,2,-13.69842111779562,-73.95363704600226,0,4,0,0,4,1,1,2,6543.555,2.0,4,4,1.0,14,33,1198.0,0.3408933399908145,76.43960282194696,58.724271781297254,5.239071710603688,359.65094738604535,2882.866451436963,12678.733000000004,1805.074000000001,1774.0339999999994,9099.625000000004,2485.375000000001,10193.358000000002,19.602707936195205,24,1,0,0,23,46.68731934209061,42.46902098686408,50.90561769731715,1.0,0.0,0.0,1.0,1,0,0.0,0.0,0.4218298355226534,0.5781701644773466,0.0,0.0,1.0,0.0,0.4218298355226534,0.0,9,1,2023,4,17,3,0,0,2,1,0,1,GRAVE_MORTALIDAD,2
3,0,12,0,4,1,-11.136905005868117,-76.1182330098928,0,4,5,1,2,1,1,0,620.7871318870184,1.0739053080056866,1,0,0.6913017693352289,4,19,112.47354947626728,0.5605525604861138,72.60643186897572,57.69142826467144,9.100224650068856,1056.6771769696252,6587.661979041315,7806.205041730512,1575.3817716346298,1349.930805841079,4880.892464254803,1581.802896676407,6224.402145054105,20.43683895204181,5,2,0,0,2,33.173964613295425,31.013076998642024,35.334852227948815,1.0,0.3086982306647711,0.0,0.6913017693352289,2,0,0.0,0.6913017693352289,0.6913017693352289,0.3086982306647711,0.3086982306647711,0.0,1.0,0.0,0.6913017693352289,0.3086982306647711,8,1,2021,8,18,1,0,1,0,1,0,1,GRAVE_MORTALIDAD,2
5,1,20,2,5,4,-15.833540677036881,-70.02978349981791,4,0,2,0,2,2,2,2,6543.555,2.0,4,4,1.0,14,33,1198.0,0.6488901960567479,69.67312345830231,82.12448375199249,11.701623814093702,1230.336353415943,144745.3597430407,13642.312999999998,2020.7790000000005,2354.117,9267.416999999998,3314.0520000000006,10328.260999999997,24.29244952817019,3,1,0,1,0,46.028293070359645,44.570732675899116,47.485853464820174,1.0,0.0,0.0,0.0,1,0,0.0,0.09717069296403535,0.9028293070359646,0.09717069296403535,0.0,0.09717069296403535,1.0,0.9028293070359646,0.9028293070359646,0.9028293070359646,7,1,2023,2,11,5,0,0,2,1,0,1,GRAVE_MORTALIDAD,2
3,1,10,0,4,1,-12.771957229397161,-76.69795066078194,0,0,7,1,2,2,2,1,6625.553411202002,2.149570512321072,2,0,1.0,7,30,1594.9105577627288,0.5314686843457944,77.37884541017903,64.64304685239051,9.5459228646051,749.7555642890752,13215.153385240097,3682.3079269897125,670.7960495017156,736.6189810916408,2274.8928963963563,1043.1424009431398,2639.1655260465727,28.244343247065853,20,1,0,0,18,37.43380449741802,34.45730129054178,40.41030770429427,1.0,0.0,0.0,0.850429487678928,1,0,0.0,0.0,0.0,0.149570512321072,0.149570512321072,0.0,0.850429487678928,0.149570512321072,0.0,1.0,5,0,2023,5,23,4,0,1,0,1,0,1,GRAVE_MORTALIDAD,2
3,1,13,0,4,1,-10.012054468898855,-78.12068479337559,0,4,7,1,2,2,2,0,6600.025589308172,2.4143270140202078,2,0,1.0,5,30,1557.5798910231508,0.6407438815013986,79.39355922974624,71.91528207888591,9.737357212244968,1199.6704675952512,96320.7202543675,5899.968948189095,1199.3277621126163,1222.3126581656538,3478.328527910824,1354.3422373762587,4545.626710812836,22.36084321666174,3,2,0,0,1,31.62149052103031,28.514037915878752,34.72894312618187,1.0,0.0,0.0,0.0,2,0,0.0,0.41432701402020766,0.0,1.0,0.0,0.41432701402020766,1.0,0.0,0.0,0.0,11,1,2022,7,14,2,0,0,0,1,0,1,GRAVE_MORTALIDAD,2
3,1,2,0,4,1,-7.224993229056449,-77.29047803261835,6,4,6,1,2,2,2,0,7621.809787461362,2.0,2,0,1.0,9,21,2027.9190438836863,0.29227803258696944,72.332773376549,34.06868248260032,4.563913148877771,364.62407707252953,861.8481413816376,3762.8942984313157,1096.1803612050392,574.042715581336,2092.671221644941,957.6517310167574,2805.242567414559,25.986339065140353,3,1,0,0,1,60.319946482116265,53.66284185203322,66.9770511121993,1.0,0.8876139506777393,0.0,0.0,1,0,0.0,0.1123860493222607,0.0,0.8876139506777393,0.8876139506777393,0.8876139506777393,0.1123860493222607,0.0,0.8876139506777393,0.8876139506777393,19,1,2022,8,10,3,0,0,0,1,0,1,GRAVE_MORTALIDAD,2
3,1,5,0,4,1,-6.680422844218526,-78.53184156500424,0,4,0,0,2,1,1,2,9680.28966286221,2.0,2,0,1.0,9,32,3630.940882387466,0.3484871558022944,76.33677469666252,53.28672218475212,4.131981838863427,447.1658531581213,76209.5845824411,15935.565011852366,1733.9250000199986,935.692,13265.948011832368,2000.1670000199988,13935.398011832369,12.551591352627522,3,1,0,0,1,22.588237640525538,16.117650187367385,29.058825093683694,1.0,1.0,0.0,1.0,1,0,0.0,0.9243696361654505,0.07563036383454946,0.9243696361654505,1.0,0.0,0.9243696361654505,1.0,1.0,1.0,18,2,2024,3,15,4,0,1,2,1,0,1,GRAVE_MORTALIDAD,2
3,1,1,1,4,1,-9.108955387879035,-78.54603738151269,0,4,2,1,2,1,1,1,6543.555,3.0,2,0,1.0,0,30,1475.0,0.5733777221618386,79.00646870324638,62.60876169489748,8.167701810058317,1015.0725980414575,15818.366857216206,10767.648,1885.0630000000003,1222.721,7659.864000000001,2100.343,8667.305000000002,19.506051832303577,3,2,0,0,1,24.82798033919277,17.422935954774296,32.233024723611244,1.0,1.0,0.0,1.0,2,0,0.0,0.42293595477429735,0.0,0.5770640452257026,1.0,0.5770640452257026,0.42293595477429735,0.0,1.0,0.0,15,1,2022,3,16,1,0,0,0,1,1,1,GRAVE_MORTALIDAD,2
4,1,20,0,4,2,-15.373633425045766,-69.84780978634836,0,4,2,1,2,2,2,2,6543.555,2.0,4,4,1.0,14,33,1198.0,0.2817492941063478,67.39066153846359,66.37339245027026,5.806858421870648,219.3243899957995,5467.338481983403,13642.312999999998,2020.7790000000005,2354.117,9267.416999999998,3314.0520000000006,10328.260999999997,24.29244952817019,5,1,0,0,3,62.39182570844919,60.42627935210932,64.35737206478908,1.0,0.6426279352109316,0.0,0.0,1,0,0.0,0.0,0.35737206478906836,0.6426279352109316,0.0,0.0,1.0,0.6426279352109316,0.6426279352109316,0.6426279352109316,20,2,2022,8,11,2,0,0,2,1,0,1,GRAVE_MORTALIDAD,2
3,1,20,0,4,1,-16.744397222529013,-69.735716371522,0,4,1,0,2,2,2,2,1529.105,2.0,2,0,1.0,9,21,200.0,0.3367238884705214,79.36896456880557,60.06171049206615,6.384918376891411,270.8405155620205,5778.8501070663815,13642.312999999998,2020.7790000000005,2354.117,9267.416999999998,3314.0520000000006,10328.260999999997,24.29244952817019,3,1,0,0,1,56.495278137910724,53.09590771952263,59.89464855629882,0.8498426045970241,0.1501573954029759,0.0,0.0,1,0,0.0,0.0,0.0,1.0,0.8498426045970241,0.1501573954029759,0.8498426045970241,0.0,0.0,0.8498426045970241,9,1,2022,9,23,5,1,1,2,1,0,1,GRAVE_MORTALIDAD,2
6,1,8,0,4,2,-13.930982002422196,-72.81578547409522,4,4,0,0,1,2,2,4,6543.555,2.0,4,4,1.0,14,33,1198.0,0.24619185884715286,69.10978124853075,47.67435131214709,4.995095454251379,191.27716709435236,9673.344370050554,12960.594623300212,1868.1709524626629,1943.716990544486,9148.706680293064,2727.7754695111453,10232.819153789067,20.974527793365947,5,1,0,0,4,33.09521028477444,33.09521028477444,33.09521028477444,1.0,0.707484979658969,0.0,0.707484979658969,1,0,0.0,0.0,0.0,1.0,0.0,0.29251502034103105,0.0,0.707484979658969,0.707484979658969,0.0,12,1,2021,7,17,5,1,0,2,1,0,1,GRAVE_MORTALIDAD,2
5,1,5,0,4,0,-14.559285422795465,-73.74423177459128,0,4,5,1,2,1,1,0,6543.555,2.1674704905500426,3,3,1.0,11,32,1244.3893258823618,0.5903089358363631,76.80087883498695,68.59075229778365,8.593637136266976,1067.908360257596,74920.19620498912,10095.110672395218,1543.329505604247,1563.3873839338742,6988.393782857096,2774.03975801627,7321.070914378947,27.417869942364575,5,1,0,0,4,48.571677887024386,45.306003321298554,51.83735245275021,1.0,0.16747049055004248,0.16747049055004248,0.16747049055004248,1,0,0.0,0.0,0.16747049055004248,1.0,0.16747049055004248,0.8325295094499575,0.16747049055004248,0.16747049055004248,0.0,0.0,8,1,2021,8,18,4,0,0,0,1,0,1,GRAVE_MORTALIDAD,2
6,1,5,1,4,1,-6.729455637935942,-78.49247592862095,0,3,4,1,1,2,2,2,2654.277848107566,1.3790058331781996,1,2,0.37900583317819947,10,32,485.098696488573,0.3484871558022944,76.33677469666252,53.28672218475212,4.131981838863427,447.1658531581213,76209.5845824411,15935.565011852366,1733.9250000199986,935.692,13265.948011832368,2000.1670000199988,13935.398011832369,12.551591352627522,5,1,0,0,4,27.685087497672992,27.685087497672992,27.685087497672992,1.0,0.0,0.0,0.0,1,0,0.0,0.37900583317819947,0.0,0.6209941668218005,0.0,0.0,1.0,0.6209941668218005,0.0,0.0,15,2,2021,9,7,1,0,0,2,1,0,1,GRAVE_MORTALIDAD,2
4,1,16,0,4,1,-14.822720044479656,-71.35881445862942,0,3,7,0,2,2,2,2,7586.903,2.0,2,0,1.0,9,5,1198.0,0.3986746540856404,72.57598520902158,72.32750239602359,7.233161459955101,458.72903787436195,13918.257731410724,13155.168509063407,1952.0740498513946,1912.6508792854613,9290.44357992655,2703.9524669705315,10451.216042092874,20.2828413165371,4,1,0,0,3,47.508808481951064,45.91772042560582,49.0998965382963,1.0,0.35357512363227506,0.35357512363227506,0.35357512363227506,1,0,0.0,0.0,0.6464248763677249,0.35357512363227506,0.0,0.35357512363227506,0.6464248763677249,0.35357512363227506,0.35357512363227506,0.0,2,0,2022,6,19,1,0,0,2,1,0,1,GRAVE_MORTALIDAD,2
6,1,19,1,2,3,-5.177999322612506,-80.6506609902974,0,4,7,1,2,2,2,0,6543.555,2.1324689540178547,3,3,1.0,12,32,1234.6939002629458,0.6504601763583548,78.69692766752495,76.65136205553715,11.119554428271158,1104.5903440544798,179563.66792837958,8965.846000060003,1782.4120000599992,636.9959999999999,6546.438000000004,2214.505000059999,6751.341000000004,24.699342371541725,2,1,0,0,1,31.72209640223211,29.867531045982144,33.576661758482075,1.0,0.0,0.8675310459821453,1.0,1,0,0.0,0.13246895401785475,0.0,1.0,0.8675310459821453,0.13246895401785475,0.13246895401785475,0.8675310459821453,1.0,0.8675310459821453,5,0,2023,3,25,3,0,0,0,1,0,1,GRAVE_MORTALIDAD,2
3,2,14,0,4,1,-11.134029317157145,-76.55786218399558,0,4,0,0,2,2,2,2,1516.3943275522502,2.0,2,0,0.6722826525131521,5,28,80.58967851388097,0.5316602357116842,75.71895987658546,66.86830412886476,8.105432057012608,854.0191674180675,26236.65902476567,2832.573575370573,514.7586680034411,594.9697238462531,1722.8451835208787,832.2310834728399,2000.342491897733,28.91895363519904,5,2,0,0,3,45.60951172400647,33.41195713518413,57.8070663128288,1.0,0.3277173474868479,0.0,1.0,2,0,0.0,0.3277173474868479,0.0,0.3277173474868479,0.3277173474868479,0.6722826525131521,1.0,0.0,0.3277173474868479,0.3277173474868479,18,1,2023,8,6,2,0,0,0,1,0,1,GRAVE_MORTALIDAD,2
4,1,12,0,4,1,-14.331489771039967,-72.19903667310149,0,4,3,0,2,1,0,2,1721.936147525424,2.0,1,1,0.49130805927062404,9,28,401.4776299239939,0.25009113682626727,72.25043912394955,53.692143988298504,4.747768309360532,188.52598108995437,13976.149209360814,13168.898380248012,1914.8013950750308,2069.1175470541184,9184.979438118864,2906.916311367798,10261.982068880214,21.988341688136234,21,1,0,0,19,46.6413507408828,42.82616118541248,50.45654029635312,1.0,0.0,0.0,0.49130805927062404,1,0,0.0,0.0,0.49130805927062404,0.508691940729376,0.0,0.508691940729376,1.0,0.0,0.508691940729376,0.0,4,0,2022,3,15,1,0,0,2,1,0,1,GRAVE_MORTALIDAD,2
6,1,4,0,4,0,-11.934436013413173,-74.67767316910643,5,4,5,0,2,2,2,2,6543.555,2.0,4,4,1.0,14,33,1198.0,0.38725742655247625,76.36334613165856,61.086958251990936,5.730989274911154,513.0610382966454,17597.02377651937,8518.727781300364,1297.2702578628173,1475.9888895929762,5745.468633844571,1373.1778469632322,7145.549934337132,16.16669083712859,6,1,0,0,5,44.4901048050329,44.4901048050329,44.4901048050329,1.0,0.0,0.0,0.2788772438852337,1,0,0.0,0.0,0.0,1.0,0.0,0.7211227561147663,0.2788772438852337,0.0,0.0,0.0,12,2,2022,3,8,2,0,0,1,1,0,1,GRAVE_MORTALIDAD,2
4,1,3,2,4,0,-16.378535680928245,-71.61893547765517,0,1,4,0,2,2,2,0,4766.298595619085,2.0,3,2,1.0,11,30,860.4745979975639,0.6411767862503931,77.2408324916572,78.204125011303,10.595705083047717,1107.223861768016,193412.3169164882,10322.272,1495.236,1749.739,7077.2970000000005,2886.595,7435.677000000001,27.964725207783708,4,1,0,0,2,40.35056564161248,33.35269112016974,46.70113128322496,0.3526911201697347,0.0,0.0,0.0,1,0,0.0,0.3526911201697347,0.0,1.0,0.3526911201697347,0.6473088798302653,0.3526911201697347,0.0,0.6473088798302653,0.0,11,2,2021,5,23,4,0,1,0,1,0,1,GRAVE_MORTALIDAD,2
3,2,23,1,2,3,-6.813129233978971,-76.4701725383193,0,4,2,1,2,1,1,2,6543.555,2.325702211577702,3,2,1.0,9,32,1288.2195126070235,0.576190484783232,74.51157376353027,64.26414230631651,9.708448899977904,991.3637226184945,120749.75912247357,2141.94690786542,309.8960066660818,977.9930675095263,854.0578336898118,266.6053458007956,1875.3415620646247,15.499212003275055,3,2,0,0,1,28.745575433143575,21.93131990419932,35.55983096208783,1.0,0.0,1.0,1.0,2,0,0.0,0.0,0.3257022115777023,0.6742977884222977,1.0,0.3257022115777023,0.0,0.0,1.0,0.0,21,2,2021,3,22,6,1,1,0,1,0,1,GRAVE_MORTALIDAD,2
3,2,12,1,4,1,-8.076948134457242,-79.09367279496495,0,1,7,1,2,2,2,2,6543.555,3.0,2,0,1.0,0,30,1475.0,0.583006771156836,78.2441938961209,62.24037484511178,8.807312392374042,1028.2282118265089,76607.295503212,8931.828000000005,1335.5899999999997,1935.9830000000004,5660.255000000005,1219.309,7712.519000000005,13.651281686122925,3,2,0,0,1,34.82908976347373,28.383938057386022,41.274241469561446,1.0,0.0,0.0,0.0,2,0,0.0,0.47257585304385563,0.5274241469561444,1.0,0.0,0.5274241469561444,1.0,0.0,0.0,0.0,5,0,2022,11,7,3,0,0,0,1,1,1,GRAVE_MORTALIDAD,2