CLASE SINIESTRO,CANTIDAD DE VEHICULOS DAÑADOS,DEPARTAMENTO,ZONA,TIPO DE VÍA,RED VIAL,COORDENADAS LATITUD,COORDENADAS  LONGITUD,CONDICIÓN CLIMÁTICA,ZONIFICACIÓN,CARACTERÍSTICAS DE VÍA,PERFIL LONGITUDINAL VÍA,SUPERFICIE DE CALZADA,¿EXISTE SEÑAL VERTICAL?,¿EXISTE SEÑAL HORIZONTAL?,CAUSA FACTOR PRINCIPAL,MTC_RVN_LONGITUD_KM,MTC_RVN_N_CARRILES_MEDIANA,MTC_RVN_SUPERFICIE_DOMINANTE,MTC_RVN_ESTADO_DOMINANTE,MTC_RVN_ES_CONCESIONADA,MTC_RVN_CONCESION_PRINCIPAL,MTC_RVN_CORREDOR_LOGISTICO,MTC_RVN_N_TRAMOS,IDH_2019,IDH_ESP_VIDA_2019,IDH_EDUC_SECUND_PCT_2019,IDH_ANIOS_EDUC_2019,IDH_INGRESO_PERCAP_2019,IDH_POBLACION_2019,MTC_DEP_RED_TOTAL_KM,MTC_DEP_NACIONAL_TOTAL_KM,MTC_DEP_DEPARTAMENTAL_TOTAL_KM,MTC_DEP_VECINAL_TOTAL_KM,MTC_DEP_PAV_TOTAL_KM,MTC_DEP_NO_PAV_TOTAL_KM,MTC_DEP_PCT_PAVIMENTADA,PER_TOTAL_PERSONAS,PER_N_CONDUCTORES,PER_N_CONDUCTORES_FUGADOS,PER_N_PEATONES,PER_N_PASAJEROS_OCUPANTES,PER_EDAD_COND_PROM,PER_EDAD_COND_MIN,PER_EDAD_COND_MAX,PER_ANY_COND_MASCULINO,PER_ANY_LIC_PROBLEMA,PER_ANY_DOSAJE_POS,PER_ANY_DOSAJE_EVALUADO,VEH_TOTAL,VEH_N_FUGADOS,VEH_ANY_FUGADO,VEH_ANY_CARGA,VEH_ANY_PUBLICO,VEH_ANY_PARTICULAR,VEH_ANY_MOTO,VEH_ANY_AUTO,VEH_ANY_CAMION_BUS,VEH_ANY_SOAT_PROBLEMA,VEH_ANY_CITV_PROBLEMA,VEH_ANY_SEGURO_PROBLEMA,HORA_NUM,FRANJA_HORARIA,ANIO,MES,DIA_MES,DIA_SEMANA,ES_FIN_SEMANA,ES_QUINCENA,REGION_NATURAL,TIENE_SEÑALIZACION,ES_VIA_MULTICARRIL,ES_DEPTO_BAJO_PAVIMENTO,CATEGORIA_SEVERIDAD,CATEGORIA_SEVERIDAD_ENC
3,1,15,0,4,1,-10.293682601331401,-76.41571787751298,0,4,6,0,2,2,2,1,1290.1974520893784,1.877407345395147,1,3,0.0,9,24,1047.4344557926881,0.5421254810089264,75.13465931917571,71.84792389080715,8.439609896560944,849.3350719701303,2361.961173400273,3704.9008464405088,636.9821306944222,870.9010031280645,2197.017712618023,634.1180229836414,3070.782823456868,17.062346699604582,3,1,0,0,1,38.94222371051647,38.064816365121324,39.81963105591162,1.0,0.0,0.0,0.877407345395147,1,0,0.0,0.877407345395147,0.0,1.0,0.0,0.12259265460485302,0.877407345395147,0.0,0.0,0.0,18,1,2022,10,16,3,0,1,1,1,0,1,GRAVE_MORTALIDAD,2
6,1,18,0,4,1,-6.10407665636379,-79.28672763782303,0,4,0,1,2,1,0,4,352.8132175812568,1.9597186932660198,1,0,0.9597186932660197,1,19,58.86188748147568,0.22786245901525493,65.54247603758422,43.88316857428401,4.252051195066681,208.6656010525385,38826.11681889949,8947.54136865153,1768.836434343403,692.2426178117886,6486.462316496339,2201.013743118397,6746.527625533134,24.59395305886751,4,1,0,0,3,36.56393829427572,36.56393829427572,36.56393829427572,1.0,0.04028130673398034,0.0,0.9597186932660197,1,0,0.0,0.0,0.0,1.0,0.04028130673398034,0.0,0.9597186932660197,0.04028130673398034,1.0,0.04028130673398034,17,3,2023,6,16,0,0,1,0,1,0,1,GRAVE_MORTALIDAD,2
3,1,6,0,4,1,-13.259193747213985,-72.80865919574175,1,4,5,0,1,1,1,2,629.2795727561738,2.0,4,1,0.19516718270352795,8,5,140.5130092886635,0.3508165980215013,65.76694775071849,51.48098311434337,5.126707714956471,487.8774537137492,2921.5732093677675,17419.330639288393,2026.4382681109882,2486.9517218745564,12905.940649302847,2707.2496523084496,14712.080986979943,15.481129005062382,4,2,0,0,2,41.402416408648236,38.02416408648236,44.780668730814114,1.0,0.0,0.0,0.804832817296472,2,0,0.0,1.0,0.0,1.0,0.0,1.0,1.0,0.0,1.0,0.0,1,0,2024,1,6,4,0,0,2,1,0,1,GRAVE_MORTALIDAD,2
4,1,9,2,4,1,-13.643131218721827,-74.9913236620288,0,1,4,0,2,2,2,3,1107.6728063966277,2.0,2,0,1.0,4,18,187.3639470759093,0.6764409102237774,79.86848107021662,75.28089100944668,9.989598328929993,1310.200761082855,199702.00247434116,8621.088475233193,1613.9717078890278,1654.6731977725667,5352.443569571598,2210.326404237571,6410.762070995623,25.33518065878209,3,1,0,0,2,43.660444256959906,39.04809909873795,48.27278941518186,1.0,0.0,0.0,0.0,1,0,0.0,0.3689876126577565,0.0,1.0,0.3689876126577565,0.6310123873422435,0.3689876126577565,0.0,0.0,0.0,12,2,2022,4,25,4,0,1,0,1,0,1,GRAVE_MORTALIDAD,2
3,2,7,0,4,1,-15.222364801820497,-71.14651963181856,0,4,1,1,2,1,0,1,568.5409999999999,1.0,2,3,0.0,9,3,93.0,0.4115838163682692,68.50872550537852,63.98071851297418,6.047576886723858,579.8302559535084,1191.1880975650681,17779.13499998999,2097.3709999899997,2863.123,12818.640999999989,2878.713,14900.421999989989,16.19152450331032,5,2,0,0,3,37.70040464183663,33.11004733525021,42.29076194842305,1.0,0.0,0.0,1.0,2,0,0.0,0.0,0.1453809742115223,1.0,0.0,1.0,1.0,0.0,0.8546190257884777,0.0,14,2,2022,1,11,0,0,0,2,1,0,1,GRAVE_MORTALIDAD,2
6,1,2,0,4,1,-13.646813166753821,-73.1163614694606,2,4,1,0,1,0,1,2,7586.903,2.0,2,0,1.0,9,5,1198.0,0.3432095558111876,72.20544867093022,58.35307006360954,4.73594603894939,410.00182651637516,6323.139017938063,8358.971,1282.451,1298.0969999999998,5778.423,1432.683,6926.288,17.139466089785454,2,1,0,0,1,40.42863911486614,40.42863911486614,40.42863911486614,1.0,0.1977969911641435,0.0,0.0,1,0,0.0,0.0,0.0,1.0,0.0,1.0,0.0,0.1977969911641435,1.0,0.1977969911641435,13,2,2021,12,7,4,0,0,2,1,0,1,GRAVE_MORTALIDAD,2
3,1,13,2,4,1,-8.616464266874173,-78.83403195151394,2,3,6,1,3,1,0,0,4566.816357302422,2.651238752603912,2,0,1.0,1,24,1014.9839146845594,0.6509463015501641,79.23744409262699,77.7082930091801,10.62604603237826,1130.1051564788897,274570.9031474233,4912.847286147984,922.5340645439932,1006.8757841258698,2983.437437478122,1091.0101017057,3821.8371844422845,21.539340700033662,4,2,0,0,1,38.302477505207825,30.395044989584353,45.861148773435204,1.0,0.0,0.0,0.0,2,0,0.0,0.6512387526039116,0.0,1.0,0.0,1.0,1.0,0.3487612473960884,1.0,0.3487612473960884,16,1,2021,2,24,4,0,1,0,1,0,1,GRAVE_MORTALIDAD,2
1,1,12,1,4,1,-8.411474376505222,-78.77892152986273,0,1,7,1,2,2,2,0,6543.555,2.306123464678384,3,2,1.0,9,32,1282.7961997159123,0.5051395598219868,77.13285387085847,51.52067479184955,6.715328807318118,900.900383457586,67612.41755888652,8931.828000000005,1335.5899999999997,1935.9830000000004,5660.255000000005,1219.309,7712.519000000005,13.651281686122925,3,1,0,0,1,37.0,33.306123464678386,40.0,0.306123464678384,0.0,0.0,0.306123464678384,1,0,0.693876535321616,0.306123464678384,0.0,0.306123464678384,0.0,0.306123464678384,0.306123464678384,0.0,0.306123464678384,0.0,9,1,2021,1,7,2,0,0,0,1,0,1,GRAVE_MORTALIDAD,2
6,1,14,2,4,1,-12.0101801356439,-76.8706981240954,5,4,6,1,5,2,2,0,875.67,2.0,2,0,1.0,3,14,156.0,0.6868549636939637,79.62363164345142,76.30894566128948,9.209137883551294,1425.4498631666322,684921.8484148846,7626.313,1683.4029999999998,1599.0829999999996,4343.827000000001,1814.875,5811.438000000001,23.797541485643197,2,1,0,0,1,34.44587589162496,31.08440691871872,36.966977621304636,1.0,0.0,0.0,0.0,1,0,0.0,0.0,0.0,1.0,1.0,0.0,0.0,0.8403672432265599,1.0,0.8403672432265599,5,0,2022,3,17,6,1,0,0,1,0,1,GRAVE_MORTALIDAD,2
3,1,18,0,4,1,-5.894617286298854,-80.07448124136427,0,4,6,1,2,2,2,0,6463.178700004672,2.0,3,3,0.896281552163788,13,32,1111.6025329524355,0.4957755703894005,77.76897644845025,61.86584184358597,7.594801780286511,715.2899405018647,75966.39352101511,9307.981940212643,1786.981005117857,685.5925527045222,6835.408382390265,2149.58046698019,7158.401473232454,23.48095342752299,3,2,0,0,1,41.27397086514652,33.585126208655154,48.96281552163788,1.0,1.0,0.896281552163788,0.896281552163788,2,0,0.0,0.896281552163788,1.0,0.10371844783621198,0.896281552163788,0.10371844783621198,0.10371844783621198,1.0,0.896281552163788,1.0,20,1,2022,10,18,5,1,1,0,1,0,1,GRAVE_MORTALIDAD,2
4,1,22,0,4,1,-17.46614686681525,-70.71850025448148,0,4,7,1,2,2,2,2,1766.0192973737746,2.0,2,0,1.0,9,27,314.93322456078147,0.5554582995305386,72.27240580488727,66.92272046478557,8.47454000649741,1104.462507894569,2847.2523368977063,2650.572,630.6729999999998,487.3610000000001,1532.5379999999998,1068.7019999999998,1581.87,40.31967439480987,4,1,0,0,2,52.65733488770686,48.19101787109618,57.12365190431754,1.0,0.0,0.0,1.0,1,0,0.0,0.5955089355480906,0.0,0.4044910644519094,0.0,1.0,0.5955089355480906,0.0,0.0,0.0,15,2,2023,8,8,2,0,0,0,1,0,1,GRAVE_MORTALIDAD,2
4,1,10,0,4,1,-11.147971367336371,-74.43186027772225,0,4,3,0,2,1,0,0,2199.6381482862325,1.4556256153552,1,1,0.4556256153552002,9,26,748.7293797219581,0.3854524620029586,68.36802894044104,49.61286565277729,6.15739934559194,574.3229135617942,1832.295330806026,3332.7602038614773,916.1690572781959,540.5229692812572,1876.0681773020242,1000.5947763627044,2332.165427498773,31.529027747088026,5,1,0,0,4,48.360935961612,46.4556256153552,50.2662463078688,1.0,0.0,0.0,1.0,1,0,0.0,0.5443743846447998,0.0,1.0,0.0,0.4556256153552002,0.5443743846447998,0.0,0.0,0.0,13,3,2022,5,5,1,0,0,0,1,0,1,GRAVE_MORTALIDAD,2
7,1,8,0,4,0,-13.308075271612555,-74.98125014367724,0,4,1,0,4,2,2,1,6543.555,2.0,4,4,1.0,14,33,1198.0,0.4936376788032986,68.13412089143901,48.954812051239955,6.782240182669711,1039.3320536293472,2201.7460004087316,8511.426,1445.3929999999996,2008.516,5057.516999999999,1879.579,6631.846999999998,22.08300935706896,3,1,0,0,2,35.94240948963015,35.94240948963015,35.94240948963015,1.0,0.7057590510369849,0.0,0.7057590510369849,1,0,0.0,0.0,0.0,1.0,0.0,0.0,1.0,0.7057590510369849,0.0,0.7057590510369849,15,2,2021,1,12,2,0,0,2,1,0,1,GRAVE_MORTALIDAD,2
3,2,10,2,4,1,-14.675582601861223,-75.10898367261242,0,3,7,1,2,2,2,0,6639.975,2.0,2,0,1.0,9,31,1616.0,0.5651453794718311,77.34604631068697,68.84036762900593,8.594555728849507,941.7681054181278,27932.19700214133,3721.461,698.1859999999996,744.866,2278.409,1102.9029999999996,2618.558,29.636290693359403,3,2,0,0,1,35.23126035505727,29.537479289885447,40.92504142022911,1.0,0.820840236704851,0.0,0.17915976329514904,2,0,0.0,1.0,0.0,1.0,0.0,0.17915976329514904,1.0,0.0,0.820840236704851,0.820840236704851,16,2,2021,2,25,1,0,0,0,1,0,1,GRAVE_MORTALIDAD,2
6,1,8,0,4,2,-12.925639352636344,-74.947697710647,0,4,5,1,2,2,2,0,6543.555,2.0,4,4,1.0,14,33,1198.0,0.44841166375776803,70.36305159645576,50.498464817513,6.153023204059246,820.9289560885182,2530.0991016981156,8511.426,1445.3929999999996,2008.516,5057.516999999999,1879.579,6631.846999999998,22.08300935706896,3,1,0,0,2,22.47268548665642,22.47268548665642,22.47268548665642,1.0,0.0,0.0,0.0,1,0,0.0,0.0,0.0,1.0,0.0,1.0,0.0,0.0,0.2363427433282096,0.0,7,0,2024,10,14,5,0,0,2,1,0,1,GRAVE_MORTALIDAD,2
7,1,7,0,4,1,-13.978107245942157,-71.70964051548768,0,4,2,0,1,1,0,2,2761.2203631461925,1.6613501398769954,1,1,0.6613501398769954,6,22,540.2626106306517,0.46430959394376675,65.55208221279736,72.06020391893219,7.191689817004369,733.2678545361345,8351.648841765087,17779.13499998999,2097.3709999899997,2863.123,12818.640999999989,2878.713,14900.421999989989,16.19152450331032,11,1,0,0,10,23.629450979138966,23.629450979138966,23.629450979138966,1.0,1.0,0.0,0.0,1,0,0.0,0.0,0.0,1.0,0.3386498601230046,0.0,0.6613501398769954,1.0,1.0,1.0,14,2,2023,7,23,4,0,0,2,1,0,1,GRAVE_MORTALIDAD,2
4,1,20,0,4,1,-16.813921572076655,-69.78601278460698,0,4,4,1,2,2,2,2,1376.296322531132,1.6080019561108516,1,1,0.6080019561108515,9,25,190.59204694666045,0.3367238884705214,79.36896456880557,60.06171049206615,6.384918376891411,270.8405155620205,5778.8501070663815,13642.312999999998,2020.7790000000005,2354.117,9267.416999999998,3314.0520000000006,10328.260999999997,24.29244952817019,6,1,0,0,4,29.040009780554257,25.12002934166277,32.95999021944574,0.3919980438891485,1.0,0.0,0.0,1,0,0.0,0.3919980438891485,0.0,1.0,0.3919980438891485,0.6080019561108515,0.3919980438891485,0.3919980438891485,0.0,0.3919980438891485,12,1,2022,8,22,4,0,0,2,1,0,1,GRAVE_MORTALIDAD,2
6,1,4,0,4,1,-13.614603801038852,-74.59768505244092,1,4,0,0,2,1,0,3,1522.4769970526718,0.8938912279881159,1,3,0.6312970759960387,9,26,278.8671134476118,0.3247868477558481,75.9413527185253,40.852444472411136,5.237915214390036,407.0438156584056,3711.7165434366975,12678.733000000004,1805.074000000001,1774.0339999999994,9099.625000000004,2485.375000000001,10193.358000000002,19.602707936195205,6,1,0,0,5,46.51983274790889,46.51983274790889,46.51983274790889,1.0,0.0,0.0,1.0,1,0,0.0,0.0,0.0,1.0,0.0,0.0,1.0,0.3687029240039613,0.3687029240039613,0.3687029240039613,5,0,2022,10,17,1,0,0,2,1,0,1,GRAVE_MORTALIDAD,2
4,2,5,0,4,1,-6.347534216342098,-78.88017447562402,2,4,0,0,2,1,1,2,390.67876489726996,2.0,2,0,1.0,3,19,75.64703024682471,0.39847466433770606,73.73125416036362,41.11582705703417,5.332241465077462,642.6654256094374,3116.7232694379168,15935.565011852366,1733.9250000199986,935.692,13265.948011832368,2000.1670000199988,13935.398011832369,12.551591352627522,3,2,0,0,1,36.85984505635607,27.789767584534108,45.92992252817804,1.0,0.0,0.0,0.0,2,0,0.0,1.0,0.0,1.0,0.6900258239406547,0.3099741760593453,1.0,0.6900258239406547,1.0,0.0,4,0,2021,4,12,3,0,0,2,1,0,1,GRAVE_MORTALIDAD,2
3,2,3,0,4,1,-15.919821490336453,-71.17964290051667,0,4,7,1,2,0,1,0,1504.4250000000002,2.0,2,0,1.0,7,25,241.0,0.4498224071382834,81.63336343193146,58.84842497065013,5.774685730039019,620.6584683449911,1358.612419700214,10322.272,1495.236,1749.739,7077.2970000000005,2886.595,7435.677000000001,27.964725207783708,10,2,0,0,8,42.01535053259659,27.484649467403408,56.54605159778977,1.0,1.0,0.0,0.38718327415593434,2,0,0.0,1.0,0.6128167258440657,0.38718327415593434,0.0,0.6128167258440657,1.0,0.0,0.0,0.0,7,1,2022,8,12,4,0,0,0,1,0,1,GRAVE_MORTALIDAD,2
3,2,10,1,4,1,-14.812808165718774,-74.98137930768189,0,3,7,1,2,2,2,0,6639.975,2.0,2,0,1.0,9,31,1616.0,0.5563774842369664,77.00938809632027,69.10246351364754,8.476961866273152,914.8835608305218,27932.19700214133,3721.461,698.1859999999996,744.866,2278.409,1102.9029999999996,2618.558,29.636290693359403,3,2,0,0,1,36.36527125041102,31.076651000986445,41.653891499835595,1.0,0.6538914998355924,0.0,0.34610850016440764,2,0,0.0,1.0,0.0,1.0,0.0,0.34610850016440764,1.0,0.0,0.6538914998355924,0.6538914998355924,12,1,2021,5,28,2,0,1,0,1,0,1,GRAVE_MORTALIDAD,2
5,1,7,2,4,1,-14.056727941668921,-71.46386666364101,5,3,7,1,2,0,1,2,7586.903,2.0,2,0,1.0,9,5,1198.0,0.44782562237642787,75.5984586645388,78.26939675078845,7.345765844011464,515.1505275832144,5400.711250232693,17779.13499998999,2097.3709999899997,2863.123,12818.640999999989,2878.713,14900.421999989989,16.19152450331032,8,1,0,0,7,40.53832612189363,40.045991346272366,41.030660897514906,1.0,0.16411159187375757,0.8358884081262424,0.8358884081262424,1,0,0.0,0.0,0.8358884081262424,0.16411159187375757,0.0,0.16411159187375757,0.8358884081262424,0.0,0.16411159187375757,0.0,7,1,2022,5,16,2,0,1,2,1,0,1,GRAVE_MORTALIDAD,2
3,1,11,0,4,1,-14.131961194850138,-75.42621990737958,0,3,6,0,2,1,1,0,1590.5632871525452,2.0,2,2,0.8987238761689936,9,24,323.1020899064805,0.5479071554710309,74.88161870733451,72.628543304474,8.621042141541983,863.0965972439536,15078.4178984706,3613.0055130267374,691.3485450517969,718.7868917328967,2202.8700762420435,1099.4392552888553,2513.5662577378816,30.718262384041655,4,2,0,0,1,28.911485114479056,26.898723876168994,31.734455343437173,1.0,0.8987238761689936,0.0,0.10127612383100637,2,0,0.0,1.0,0.0,0.10127612383100637,0.0,0.10127612383100637,1.0,0.0,0.0,0.0,1,0,2021,10,27,4,0,1,0,1,0,1,GRAVE_MORTALIDAD,2
3,1,12,0,4,1,-7.36787039638938,-79.08122059890484,0,4,4,0,1,2,2,2,6543.555,2.6758926228302107,2,1,1.0,4,30,1385.2222565239683,0.4067327556187641,77.73990341125327,50.66563097286654,5.397694676991374,630.75845379228,24550.336469400103,8931.828000000005,1335.5899999999997,1935.9830000000004,5660.255000000005,1219.309,7712.519000000005,13.651281686122925,4,1,0,0,3,38.3379463114151,31.24107377169789,45.43481885113232,1.0,0.6758926228302107,0.0,0.0,1,0,0.0,1.0,0.6758926228302107,0.0,0.6758926228302107,0.0,1.0,0.0,0.0,0.6758926228302107,9,0,2022,8,20,3,0,1,0,1,0,1,GRAVE_MORTALIDAD,2
2,1,7,0,4,1,-13.968597765056824,-71.44265424109693,0,4,1,1,2,1,1,2,7586.903,2.0,2,0,1.0,9,5,1198.0,0.2917682545115452,70.99176325971648,55.47502407729507,4.538342561813428,281.81219250082563,10472.98619523539,17779.13499998999,2097.3709999899997,2863.123,12818.640999999989,2878.713,14900.421999989989,16.19152450331032,4,1,0,0,2,36.4011294272922,31.517844486931256,41.284414367653135,1.0,0.7512746062093754,0.0,1.0,1,0,0.0,0.0,0.7512746062093754,1.0,0.0,0.24872539379062464,0.7512746062093754,0.0,0.24872539379062464,0.0,12,2,2021,8,7,0,0,0,2,1,0,1,GRAVE_MORTALIDAD,2
3,1,13,0,4,1,-10.954446634980165,-77.60900764514331,0,4,1,0,1,2,2,1,6543.555,2.98450175817381,2,0,1.0,0,30,1470.7069870141454,0.6021623777553848,75.80978772516343,65.01540350716392,8.286515865537485,1204.0470454080971,26219.130941868396,7640.030695317505,1679.7142634629483,1605.4284916456222,4354.887940208935,1815.8777982391218,5824.152897078384,23.77096925209578,5,1,0,0,4,37.046494725478574,35.077491209130955,39.015498241826194,1.0,0.9845017581738097,0.0,0.9845017581738097,1,0,0.0,0.9845017581738097,0.015498241826190307,0.0,0.015498241826190307,0.9845017581738097,0.9845017581738097,0.0,0.0,0.0,20,2,2021,10,12,5,1,0,0,1,0,1,GRAVE_MORTALIDAD,2
3,1,13,0,4,0,-7.334326627072364,-79.21094532306077,0,4,7,1,3,2,2,0,6543.555,2.0,4,4,1.0,14,33,1198.0,0.5726662623092209,76.32480392634311,72.98541711779282,8.664420694785806,961.6182085878836,30319.29206052103,8937.500986908522,1410.1039441562395,1719.3583826698687,5808.038660082413,1385.2721333350332,7552.228853573488,15.493703448787924,2,1,0,0,0,34.58221090796404,31.665885849018466,37.49853596690962,1.0,0.833235731127308,0.0,0.16676426887269202,1,0,0.0,0.0,0.0,1.0,0.833235731127308,0.0,0.16676426887269202,0.833235731127308,0.16676426887269202,0.833235731127308,17,1,2023,7,11,2,0,0,0,1,0,1,GRAVE_MORTALIDAD,2
4,2,13,0,4,0,-13.401838742709991,-73.6102048013095,0,4,7,1,1,2,2,1,6602.0493047009895,2.0,2,1,1.0,10,31,1451.5845194463127,0.47945490550906256,73.56405656802657,52.60076876369378,6.170789058322333,884.1798255346412,6589.871325382146,3143.4880373460737,836.9585740321056,525.7732549866781,1780.7562083272896,1019.4910306517885,2123.997006694285,33.96798040951714,5,2,0,0,3,40.89770243671272,34.426646119103474,45.34655365506909,1.0,0.6066615297758677,0.0,0.0,2,0,0.0,0.6066615297758677,0.0,0.39333847022413226,0.0,1.0,0.6066615297758677,0.0,0.0,0.0,13,2,2021,6,13,1,0,0,0,1,0,1,GRAVE_MORTALIDAD,2
6,1,7,0,4,1,-14.127950888346462,-71.40864919195043,1,4,2,1,2,0,1,0,7586.903,2.0,2,0,1.0,9,5,1198.0,0.4337173562104641,75.15065004139942,79.9974723492709,7.143524482711378,473.5348889931674,5193.304068522484,17779.13499998999,2097.3709999899997,2863.123,12818.640999999989,2878.713,14900.421999989989,16.19152450331032,5,1,0,0,4,38.03610965959844,38.03610965959844,38.03610965959844,1.0,0.0,0.2908728085140626,0.2908728085140626,1,0,0.0,0.0,0.2908728085140626,0.7091271914859374,0.0,0.0,1.0,0.0,0.0,0.0,15,1,2023,3,7,4,0,0,2,1,0,1,GRAVE_MORTALIDAD,2
6,1,7,0,4,2,-12.484824553090453,-74.98540026184858,6,4,0,1,6,2,2,0,6543.555,2.0,4,4,1.0,14,33,1198.0,0.1836000736261127,65.35769677766822,55.24797913234499,4.01913167283782,113.55965346404206,1191.2514639029837,8508.215635607921,1441.9618026317657,1993.5561504637028,5072.697682512451,1870.1683607598147,6638.047274848104,21.9789092929452,2,1,0,0,1,50.62095989598624,50.62095989598624,50.62095989598624,1.0,0.0,0.0,0.0,1,0,0.0,0.0,0.0,1.0,0.0,0.97894221644368,0.021057783556320042,0.0,0.0,0.0,10,1,2023,4,22,1,0,0,2,1,0,1,GRAVE_MORTALIDAD,2
6,1,12,0,4,2,-7.786507617566346,-77.59582004455342,0,4,7,1,1,2,2,2,6543.555,2.0,4,4,1.0,14,33,1198.0,0.4686292122960986,72.39347765706144,42.14285241633188,6.687776775372348,878.2652317159998,9440.374732334049,8931.828000000005,1335.5899999999997,1935.9830000000004,5660.255000000005,1219.309,7712.519000000005,13.651281686122925,3,1,0,0,2,24.692083422732683,24.692083422732683,24.692083422732683,1.0,0.0,0.0,0.0,1,0,0.0,1.0,0.0,0.0,0.0,0.0,1.0,0.0,0.03642544330172015,0.0,15,2,2022,7,3,5,0,0,0,1,0,1,GRAVE_MORTALIDAD,2
3,1,14,0,4,1,-10.994784517061339,-77.62093761580708,0,4,1,1,2,1,0,2,6543.555,3.0,2,0,1.0,0,30,1475.0,0.6058977644686256,75.86009868534626,65.24867654925505,8.328201694517173,1216.0018080234922,26242.524625267662,7626.313,1683.4029999999998,1599.0829999999996,4343.827000000001,1814.875,5811.438000000001,23.797541485643197,4,2,0,0,2,56.40465546912349,41.31779480390067,71.49151613434631,1.0,0.0974578851570469,0.0,1.0,2,0,0.0,0.0974578851570469,0.9025421148429531,0.9025421148429531,0.9025421148429531,0.0974578851570469,1.0,0.0,0.0,0.0,8,1,2021,3,13,5,1,0,0,1,1,1,GRAVE_MORTALIDAD,2
6,1,4,0,4,0,-14.392807194937342,-74.714898593503,4,4,5,0,7,2,2,0,6543.555,2.0,4,4,1.0,14,33,1198.0,0.4148380406283092,69.45107525563691,49.240668872892705,5.9620491927962,703.8850742237684,2421.861058896946,12678.733000000004,1805.074000000001,1774.0339999999994,9099.625000000004,2485.375000000001,10193.358000000002,19.602707936195205,5,1,0,0,3,58.5338836377256,58.5338836377256,58.5338836377256,1.0,0.9266941818862802,0.0,0.0,1,0,0.0,0.0,0.0,1.0,0.0,1.0,0.0,0.0,0.0,0.0,2,0,2022,8,13,6,1,0,2,1,0,1,GRAVE_MORTALIDAD,2
5,1,12,0,4,1,-8.93203268356303,-78.63481843405107,0,4,7,1,2,2,2,2,6543.555,3.0,2,0,1.0,0,30,1475.0,0.4867987483268106,77.5825534369154,52.95148122709723,6.150547060309878,840.5788229266196,9838.736616702356,8931.828000000005,1335.5899999999997,1935.9830000000004,5660.255000000005,1219.309,7712.519000000005,13.651281686122925,3,1,0,0,2,26.317453524150288,25.576728634466285,27.058178413834288,1.0,0.8941821586165712,0.0,0.0,1,0,0.0,0.0,0.0,1.0,0.10581784138342876,0.8941821586165712,0.10581784138342876,0.0,1.0,0.0,8,1,2021,3,27,1,0,0,0,1,1,1,GRAVE_MORTALIDAD,2
3,1,13,2,3,1,-11.2775572567264,-77.44265660423385,0,1,6,0,2,2,2,0,6617.975242596138,2.0,2,0,1.0,10,31,1520.6266480521215,0.748489527538608,79.76904484181301,76.87707387615042,11.542514661450012,1597.78789698765,333107.22527843906,7924.187022890515,1604.043929040556,1675.9520963426799,4644.1909975072795,1678.987139411028,6245.199883479488,21.48251084733157,3,3,0,0,0,39.31550225874728,36.22816591375091,42.40283860374366,1.0,0.22816591375090578,0.0,0.0,3,0,0.0,0.0,0.0,1.0,0.22816591375090578,0.7718340862490942,0.0,0.22816591375090578,0.0,1.0,10,2,2022,9,22,5,0,1,0,1,0,1,GRAVE_MORTALIDAD,2
3,1,12,0,4,1,-8.554638911812642,-78.52556026552736,0,4,5,0,1,1,1,1,923.7809317358449,2.0,2,0,0.0,9,28,340.5714025235832,0.5879652172270153,78.19713595833207,63.456899273434345,8.976962873899684,1039.7484407955742,15247.065661997876,8592.417338373552,1426.0151888735713,1848.394996873302,5318.007152626679,1374.1455588309739,7218.27177954258,16.289128628968495,40,1,0,0,38,37.910382703401574,33.84028480253141,41.98048060427175,1.0,0.25998219984178716,0.0,0.0,1,0,0.0,0.0,0.7400178001582128,0.25998219984178716,0.25998219984178716,0.0,0.7400178001582128,0.25998219984178716,0.7400178001582128,0.0,7,0,2023,7,17,1,0,1,0,1,0,1,GRAVE_MORTALIDAD,2
6,1,14,2,3,1,-12.057316649213039,-76.9526972844644,0,2,7,1,2,2,2,1,6610.110520136626,2.0,2,1,1.0,10,31,1486.531501940567,0.6868549636939637,79.62363164345142,76.30894566128948,9.209137883551294,1425.4498631666322,684921.8484148846,7626.313,1683.4029999999998,1599.0829999999996,4343.827000000001,1814.875,5811.438000000001,23.797541485643197,4,1,0,1,1,31.495601772133746,31.495601772133746,31.495601772133746,1.0,0.30973324894601206,0.0,0.0,1,0,0.0,0.0,0.0,1.0,0.0,0.6902667510539879,0.30973324894601206,0.0,0.30973324894601206,0.0,16,2,2023,5,22,3,0,1,0,1,0,1,GRAVE_MORTALIDAD,2