CLASE SINIESTRO,CANTIDAD DE VEHICULOS DAÑADOS,DEPARTAMENTO,ZONA,TIPO DE VÍA,RED VIAL,COORDENADAS LATITUD,COORDENADAS  LONGITUD,CONDICIÓN CLIMÁTICA,ZONIFICACIÓN,CARACTERÍSTICAS DE VÍA,PERFIL LONGITUDINAL VÍA,SUPERFICIE DE CALZADA,¿EXISTE SEÑAL VERTICAL?,¿EXISTE SEÑAL HORIZONTAL?,CAUSA FACTOR PRINCIPAL,MTC_RVN_LONGITUD_KM,MTC_RVN_N_CARRILES_MEDIANA,MTC_RVN_SUPERFICIE_DOMINANTE,MTC_RVN_ESTADO_DOMINANTE,MTC_RVN_ES_CONCESIONADA,MTC_RVN_CONCESION_PRINCIPAL,MTC_RVN_CORREDOR_LOGISTICO,MTC_RVN_N_TRAMOS,IDH_2019,IDH_ESP_VIDA_2019,IDH_EDUC_SECUND_PCT_2019,IDH_ANIOS_EDUC_2019,IDH_INGRESO_PERCAP_2019,IDH_POBLACION_2019,MTC_DEP_RED_TOTAL_KM,MTC_DEP_NACIONAL_TOTAL_KM,MTC_DEP_DEPARTAMENTAL_TOTAL_KM,MTC_DEP_VECINAL_TOTAL_KM,MTC_DEP_PAV_TOTAL_KM,MTC_DEP_NO_PAV_TOTAL_KM,MTC_DEP_PCT_PAVIMENTADA,PER_TOTAL_PERSONAS,PER_N_CONDUCTORES,PER_N_CONDUCTORES_FUGADOS,PER_N_PEATONES,PER_N_PASAJEROS_OCUPANTES,PER_EDAD_COND_PROM,PER_EDAD_COND_MIN,PER_EDAD_COND_MAX,PER_ANY_COND_MASCULINO,PER_ANY_LIC_PROBLEMA,PER_ANY_DOSAJE_POS,PER_ANY_DOSAJE_EVALUADO,VEH_TOTAL,VEH_N_FUGADOS,VEH_ANY_FUGADO,VEH_ANY_CARGA,VEH_ANY_PUBLICO,VEH_ANY_PARTICULAR,VEH_ANY_MOTO,VEH_ANY_AUTO,VEH_ANY_CAMION_BUS,VEH_ANY_SOAT_PROBLEMA,VEH_ANY_CITV_PROBLEMA,VEH_ANY_SEGURO_PROBLEMA,HORA_NUM,FRANJA_HORARIA,ANIO,MES,DIA_MES,DIA_SEMANA,ES_FIN_SEMANA,ES_QUINCENA,REGION_NATURAL,TIENE_SEÑALIZACION,ES_VIA_MULTICARRIL,ES_DEPTO_BAJO_PAVIMENTO,CATEGORIA_SEVERIDAD,CATEGORIA_SEVERIDAD_ENC
6,1,7,0,4,2,-14.972716067475858,-71.252557041385,5,4,0,0,2,1,0,2,6543.555,2.0,4,4,1.0,14,33,1198.0,0.33232765028639494,67.77860998103516,62.296827722033306,4.9450611274498195,384.5348303268571,1065.890808664959,17779.13499998999,2097.3709999899997,2863.123,12818.640999999989,2878.713,14900.421999989989,16.19152450331032,3,1,0,0,2,23.706239871954082,23.706239871954082,23.706239871954082,0.8587520256091838,0.0,0.0,0.0,1,0,0.0,0.0,0.0,1.0,0.0,0.0,1.0,0.0,0.0,0.0,9,1,2021,2,20,1,0,0,2,1,0,1,GRAVE_MORTALIDAD,2
6,1,7,0,4,0,-13.327614354753978,-71.58652627605768,0,4,4,0,3,2,2,2,6543.555,2.0,4,4,1.0,14,33,1198.0,0.2466226927938573,59.50771953912937,42.678907967899015,3.991373779253808,285.51302601039464,12676.173447537472,17779.13499998999,2097.3709999899997,2863.123,12818.640999999989,2878.713,14900.421999989989,16.19152450331032,3,1,0,0,2,37.91228136645766,37.91228136645766,37.91228136645766,1.0,1.0,0.0,0.0,1,0,0.0,0.0,0.0,0.7004548654243579,0.0,0.7004548654243579,0.29954513457564214,0.0,0.29954513457564214,0.0,10,0,2023,9,2,3,0,0,2,1,0,1,GRAVE_MORTALIDAD,2
6,1,5,0,4,2,-6.10772344312024,-79.06213090394075,0,4,0,0,1,2,2,0,6543.555,2.0,4,4,1.0,14,33,1198.0,0.3573688421595234,71.75562171357215,48.0503132285537,5.534490415044141,446.6547437580073,8324.260422127756,15935.565011852366,1733.9250000199986,935.692,13265.948011832368,2000.1670000199988,13935.398011832369,12.551591352627522,3,1,0,0,2,51.06347105105933,48.670724885466115,52.85803067525424,0.40181345860169515,0.40181345860169515,0.0,0.40181345860169515,1,0,0.0,1.0,0.0,0.0,0.0,0.0,0.40181345860169515,0.0,0.5981865413983048,0.0,12,3,2022,6,20,2,0,1,2,1,0,1,GRAVE_MORTALIDAD,2
6,1,12,0,4,1,-8.18912091500673,-78.84750822927056,0,4,7,1,1,2,2,5,6543.555,2.9236975458259202,2,0,1.0,1,30,1453.86422019378,0.5687978505419033,78.32440524604321,65.15262738762893,8.842132116116188,935.0653871087296,20800.584180177655,8931.828000000005,1335.5899999999997,1935.9830000000004,5660.255000000005,1219.309,7712.519000000005,13.651281686122925,7,1,0,0,6,34.08437054991104,34.08437054991104,34.08437054991104,1.0,0.07630245417407955,0.0,0.0,1,0,0.0,0.07630245417407955,0.0,0.9236975458259205,0.0,0.0,1.0,0.0,0.0,0.0,12,2,2022,6,5,6,1,0,0,1,0,1,GRAVE_MORTALIDAD,2
6,1,8,0,4,1,-12.409854105865119,-74.9765861897039,0,4,7,0,3,2,2,4,7308.016271441239,2.0,2,1,1.0,10,12,1198.0,0.2976655493259117,71.75302898949329,47.89562725151972,4.536750314446286,313.6447464181791,3393.7202619167447,8511.426,1445.3929999999996,2008.516,5057.516999999999,1879.579,6631.846999999998,22.08300935706896,11,1,0,0,10,33.336499080645964,32.267299816129196,34.138398529033545,0.732700183870807,0.0,0.0,0.0,1,0,0.0,0.0,0.0,1.0,0.0,0.26729981612919296,0.732700183870807,0.0,0.0,0.0,6,0,2023,8,14,6,1,0,2,1,0,1,GRAVE_MORTALIDAD,2
1,1,21,1,4,1,-6.047211874275616,-77.17795097089103,0,1,2,1,2,1,0,1,7758.33400008,2.0,2,0,1.0,9,20,2133.0,0.5963332411867256,73.80959983510441,63.34953560123128,8.251886446437874,1232.7304200473363,24031.167023554604,5645.136,815.0759999999999,965.298,3864.762,1013.406,4631.73,17.95184385283189,3,1,0,0,1,42.98049817245264,27.5583792733231,58.40261707158218,1.0,0.38311524403481845,0.0,0.0,1,0,0.0,0.0,0.6168847559651816,1.0,1.0,0.0,0.6168847559651816,0.38311524403481845,1.0,1.0,13,1,2023,6,20,5,1,1,1,1,0,1,GRAVE_MORTALIDAD,2
3,2,13,0,4,1,-6.456107892342355,-80.13222068149639,0,4,7,1,2,2,2,0,6543.555,3.0,2,0,1.0,0,30,1475.0,0.3879800350664534,75.68222437543551,50.64551119758177,4.891651630735472,548.2382997194167,48902.40256959316,3459.691,515.0619999999999,689.7280000000001,2254.901,703.3549999999999,2756.336,20.329994788551925,21,2,0,0,19,36.50873515350137,34.959235950326956,38.058234356675776,1.0,0.0029117178337887406,0.0,0.0,2,0,0.0,0.0029117178337887406,0.9970882821662113,1.0,0.0029117178337887406,0.9970882821662113,1.0,0.0,0.9970882821662113,0.0,5,0,2022,2,6,0,0,0,0,1,1,1,GRAVE_MORTALIDAD,2
9,1,12,0,4,1,-7.3933084773928135,-79.49534152243064,0,4,7,0,2,2,2,3,6543.555,2.009419855972445,3,3,1.0,13,32,1200.6093001043673,0.6138517538553948,80.84826225715301,64.49339622566798,9.143362084626023,1095.689060330069,16852.97430406852,8931.828000000005,1335.5899999999997,1935.9830000000004,5660.255000000005,1219.309,7712.519000000005,13.651281686122925,5,1,0,0,4,26.14129783958668,26.14129783958668,26.14129783958668,1.0,0.0,0.0,0.0,1,0,0.0,0.9905801440275547,0.009419855972445323,0.0,0.0,0.0,1.0,0.0,0.0,0.0,13,2,2021,10,7,3,0,0,0,1,0,1,GRAVE_MORTALIDAD,2
5,1,10,0,4,1,-11.277878501877812,-75.29990127400626,0,4,7,0,2,1,1,5,7619.6818118279,2.0,2,0,1.0,9,7,1376.778570064831,0.368604993311318,73.59287665506024,50.31119071125707,5.370113010860589,501.82436559366135,3304.5453978412424,7963.371211132486,1324.8719604838989,1809.0453879081358,4829.453862740451,1713.9606359692352,6249.41057516325,21.293101483754885,10,1,0,0,9,38.69224593825571,36.971382696989956,40.41310917952147,1.0,0.0,0.19120702680730606,0.19120702680730606,1,0,0.0,0.0,0.19120702680730606,0.8087929731926939,0.19120702680730606,0.0,1.0,0.0,0.19120702680730606,0.19120702680730606,4,0,2022,9,17,6,1,1,1,1,0,1,GRAVE_MORTALIDAD,2
3,1,5,0,4,1,-7.292896919654726,-78.59578135059581,2,4,5,0,2,0,1,0,851.3284932007571,2.0,2,0,0.7406002611981461,8,20,170.56398432811125,0.3041470435607377,71.46308871035073,36.037988265437725,4.843192086765727,368.9123142594192,5482.01210556931,15935.565011852366,1733.9250000199986,935.692,13265.948011832368,2000.1670000199988,13935.398011832369,12.551591352627522,5,1,0,0,4,34.03570248138239,32.184201828387025,35.887203134377756,1.0,0.0,0.0,0.0,1,0,0.0,0.0,0.7406002611981461,1.0,0.0,0.7406002611981461,1.0,0.0,0.7406002611981461,0.0,4,0,2022,2,16,1,0,0,2,1,0,1,GRAVE_MORTALIDAD,2
4,1,7,0,4,1,-15.066900542412531,-71.13290703341703,0,4,4,0,2,1,1,2,568.5409999999999,1.0,2,3,0.0,9,3,93.0,0.3491291336434085,68.34579473193322,63.63866309000273,4.984551874124405,419.36068685534286,1114.627408993576,17779.13499998999,2097.3709999899997,2863.123,12818.640999999989,2878.713,14900.421999989989,16.19152450331032,7,1,0,0,5,39.27226733545613,35.63360401273679,42.910930658175474,1.0,0.0,0.0,0.0,1,0,0.0,0.3638663322719343,0.6361336677280657,0.3638663322719343,0.0,0.3638663322719343,1.0,0.0,0.0,0.0,7,1,2023,7,13,5,1,0,2,1,0,1,GRAVE_MORTALIDAD,2
4,1,4,0,4,1,-13.877895085909937,-73.8791563648633,0,4,0,0,2,1,0,3,2787.882922368877,1.5457855802347527,2,1,0.5457855802347525,6,20,566.4891332466559,0.34771236889135193,67.8116279539121,62.72663997075655,6.122372544106042,450.2819398681993,16159.02328060151,12678.733000000004,1805.074000000001,1774.0339999999994,9099.625000000004,2485.375000000001,10193.358000000002,19.602707936195205,19,1,0,0,17,37.968262485649404,31.003641382582277,42.359001876713464,1.0,0.45421441976524746,0.0,1.0,1,0,0.0,0.0,0.5457855802347525,0.45421441976524746,0.45421441976524746,0.45421441976524746,1.0,0.0,0.45421441976524746,0.0,4,0,2021,5,5,2,0,0,2,1,0,1,GRAVE_MORTALIDAD,2
6,1,9,0,4,1,-11.829692402852874,-75.63371785840263,0,4,0,1,2,1,1,0,1322.0090848482919,1.1365699854782327,1,2,0.13656998547823274,7,16,239.9546031947888,0.5569571197512293,68.91240078065466,76.07278049533,9.908186689684424,965.6259153057194,41152.9749021847,8573.486132809212,1491.4196799440822,1821.2075335168943,5260.858919348235,1925.3198389644767,6648.166293844734,22.440321918861727,4,1,0,0,3,48.088020203304744,48.088020203304744,48.088020203304744,1.0,0.8634300145217673,0.0,0.13656998547823274,1,0,0.0,0.0,0.0,1.0,0.8634300145217673,0.0,0.13656998547823274,0.8634300145217673,1.0,0.8634300145217673,17,3,2023,1,15,0,0,1,1,1,0,1,GRAVE_MORTALIDAD,2
6,1,8,0,4,2,-12.317248476573877,-75.31239496615056,0,4,0,0,1,2,2,5,6543.555,2.0,4,4,1.0,14,33,1198.0,0.5783588404361729,69.13155410243503,78.16613892828147,10.276017124068533,1014.8526428952954,41304.29539659991,8549.16053098895,1473.3786826282942,1894.6265058423253,5181.155342518328,1907.390882238018,6641.769648750929,22.30026673834399,4,1,0,0,3,27.328622190360182,27.328622190360182,27.328622190360182,1.0,0.08303888689751138,0.0,0.0,1,0,0.0,0.0,0.0,1.0,0.0,0.0,1.0,0.0,0.9169611131024886,0.0,5,0,2021,9,23,0,0,1,1,1,0,1,GRAVE_MORTALIDAD,2
3,2,10,0,4,1,-13.958712944927761,-75.78559950296297,0,4,7,1,2,2,2,0,6639.975,2.0,2,0,1.0,9,31,1616.0,0.6053164595604621,78.88848309050202,67.63954639531094,9.133324993872453,1064.9426147896202,27932.19700214133,3721.461,698.1859999999996,744.866,2278.409,1102.9029999999996,2618.558,29.636290693359403,3,2,0,0,1,35.99361542535771,30.006384574642293,41.98084627607312,1.0,0.0,0.0,0.003192287321145959,2,0,0.0,0.003192287321145959,0.996807712678854,1.0,0.996807712678854,0.003192287321145959,1.0,0.0,0.0,0.0,4,0,2021,4,15,0,0,0,0,1,0,1,GRAVE_MORTALIDAD,2
6,1,11,0,4,0,-8.626702151085883,-78.13977059028947,0,4,0,1,1,1,1,0,6543.555,2.0,4,4,1.0,14,33,1198.0,0.14750609727895353,76.42889805262875,31.4368327799656,2.8488317320855057,98.04674543778866,7742.730931847564,8867.218881938366,1352.4649791640427,1947.1301714225074,5567.623731351816,1320.782024349451,7546.436857588915,14.947104466594316,3,1,0,0,2,26.9178923458319,26.9178923458319,26.9178923458319,1.0,1.0,0.0,0.0,1,0,0.0,0.0,0.0,1.0,0.0,0.15368413580724682,0.8463158641927532,0.0,0.0,0.0,15,2,2023,8,24,0,0,1,0,1,0,1,GRAVE_MORTALIDAD,2
3,1,12,0,4,1,-7.843471215946627,-79.16868749970307,0,4,7,0,2,2,2,2,6543.555,3.0,2,0,1.0,0,30,1475.0,0.5778704721777017,78.10641887148716,65.97798818506324,8.557767881493707,994.5158359614019,15739.839382775182,8931.828000000005,1335.5899999999997,1935.9830000000004,5660.255000000005,1219.309,7712.519000000005,13.651281686122925,17,1,0,0,15,42.72592809295095,42.72592809295095,42.72592809295095,1.0,0.0,0.0,0.0,1,0,0.0,0.0,1.0,0.8629640464754754,0.0,0.8629640464754754,1.0,0.0,0.8629640464754754,0.0,11,2,2021,8,15,5,0,1,0,1,1,1,GRAVE_MORTALIDAD,2
5,1,12,0,4,0,-8.162470688473796,-78.67443337250623,0,4,7,1,5,2,2,0,6543.555,2.2660213767288018,3,2,1.0,10,32,1271.6879213538782,0.5152259407876232,78.73593658513103,52.360386857364766,6.733446617343119,924.5747711085264,44243.38949804581,8931.828000000005,1335.5899999999997,1935.9830000000004,5660.255000000005,1219.309,7712.519000000005,13.651281686122925,9,1,0,0,7,28.216844806073347,23.871828986169586,35.84279093896566,1.0,0.0,0.0,0.0,1,0,0.0,0.0,0.2660213767288018,1.0,0.2660213767288018,0.2660213767288018,1.0,0.0,0.0,0.0,15,3,2023,7,27,4,0,1,0,1,0,1,GRAVE_MORTALIDAD,2
6,1,20,0,4,0,-14.46257984885073,-69.67229388859336,2,4,0,0,4,2,2,2,6543.555,2.0,4,4,1.0,14,33,1198.0,0.3341915118675904,69.15529140113198,68.11323360286026,6.089681825260565,326.18749177978225,5027.108403788512,13642.312999999998,2020.7790000000005,2354.117,9267.416999999998,3314.0520000000006,10328.260999999997,24.29244952817019,4,1,0,0,3,55.72857775146289,55.72857775146289,55.72857775146289,1.0,1.0,0.0,0.0,1,0,0.0,0.0,0.0,1.0,0.0,0.0,1.0,0.4091841251044923,1.0,0.4091841251044923,18,2,2021,7,21,3,0,0,2,1,0,1,GRAVE_MORTALIDAD,2
6,1,8,0,4,0,-11.421989989994392,-75.45043740883415,0,4,3,0,4,1,0,0,6543.555,2.0,4,4,1.0,14,33,1198.0,0.2826868125386489,75.0569662503223,42.66505644722607,3.859282047348377,384.3073250494933,24747.47853942979,8361.987026004199,1390.0815667024724,1407.269377542416,5564.63608175931,1474.4511073792694,6887.535918624929,17.549878815885847,7,1,0,0,6,24.069274006430533,24.069274006430533,24.069274006430533,1.0,0.4942271661307891,0.0,0.0,1,0,0.0,0.0,1.0,0.0,0.0,0.4942271661307891,0.5057728338692109,0.4942271661307891,1.0,0.4942271661307891,17,2,2023,1,28,2,0,1,2,1,0,1,GRAVE_MORTALIDAD,2
6,1,5,0,4,1,-7.3240002766944485,-78.80276978378996,0,4,0,0,2,2,2,0,751.7501776199349,2.0,2,0,0.0,9,31,215.05396439471716,0.3538093854774985,70.16713189972441,29.79548418160241,5.899457910126656,531.1817531801715,7215.359794394463,15935.565011852366,1733.9250000199986,935.692,13265.948011832368,2000.1670000199988,13935.398011832369,12.551591352627522,3,1,0,0,2,27.503667684026855,27.503667684026855,27.503667684026855,1.0,0.0,0.0,0.0,1,0,0.0,0.0,0.017988131572387656,0.9820118684276123,0.0,0.0,1.0,0.0,0.0,0.0,2,0,2022,1,22,5,1,1,2,1,0,1,GRAVE_MORTALIDAD,2
5,0,14,2,3,1,-12.011213888918807,-76.87467604112754,0,0,7,1,2,2,2,2,1256.7146541894444,2.0,2,0,1.0,3,15,226.0523263378493,0.6868549636939637,79.62363164345142,76.30894566128948,9.209137883551294,1425.4498631666322,684921.8484148846,7626.313,1683.4029999999998,1599.0829999999996,4343.827000000001,1814.875,5811.438000000001,23.797541485643197,2,1,0,0,0,22.075659521502484,21.806744641126862,22.2773456817842,1.0,0.0,0.0,0.06722872009390524,1,0,0.0,0.0,0.06722872009390524,0.9327712799060948,0.9327712799060948,0.0,0.06722872009390524,0.0,0.9327712799060948,0.0,22,2,2023,6,2,5,0,0,0,1,0,1,GRAVE_MORTALIDAD,2
5,0,11,0,4,1,-11.781742767700448,-75.58638289012517,0,4,0,0,2,1,1,2,7586.903,2.0,2,0,1.0,9,5,1198.0,0.4747887541648236,68.67069557153938,63.92300530738596,7.733464961165596,736.7028945407941,890.9887478001077,12264.545,1826.4639999999995,1105.5389999999998,9332.542,1588.5359999999996,10676.009,12.952261987705208,5,1,0,0,4,25.310648126901945,24.879849323581244,25.741446930222647,1.0,0.0,0.0,0.07832705514921845,1,0,0.0,0.07832705514921845,0.0,1.0,0.0,1.0,0.07832705514921845,0.0,0.0,0.0,5,0,2021,9,25,0,0,0,2,1,0,1,GRAVE_MORTALIDAD,2
3,1,2,1,6,1,-14.436790995416501,-74.02674576946023,0,1,5,0,3,1,1,0,6609.913068209295,2.0,2,1,1.0,10,31,1485.6755083124335,0.6135062561414603,81.82298413425387,67.45912052739155,8.753202298258053,1081.6570907048913,16568.797952043915,10461.131810549861,1616.7766833040407,1585.4247584684263,7258.9303687773945,2641.456501822171,7819.67530872769,25.3274708823995,32,2,0,0,30,51.570408113485094,37.870686483553584,65.2701297434166,1.0,0.0,0.0,0.31178108059226417,2,0,0.0,0.0,0.6882189194077358,1.0,0.0,0.6882189194077358,1.0,0.0,0.31178108059226417,0.31178108059226417,16,2,2025,2,25,2,0,1,0,1,0,1,GRAVE_MORTALIDAD,2
6,1,12,0,4,2,-7.814559635423318,-78.15671327482269,1,4,1,0,1,2,2,1,6543.555,2.0,4,4,1.0,14,33,1198.0,0.26571409812675467,75.39093566945479,34.380486799444995,4.228565044772296,349.2703230771981,23939.643012279845,8931.828000000005,1335.5899999999997,1935.9830000000004,5660.255000000005,1219.309,7712.519000000005,13.651281686122925,6,1,0,0,5,34.77510254312393,34.77510254312393,34.77510254312393,1.0,0.21499316379173794,0.0,0.0,1,0,0.0,1.0,0.0,0.0,0.0,0.0,1.0,0.0,0.0,0.0,17,1,2022,2,17,2,0,1,0,1,0,1,GRAVE_MORTALIDAD,2
6,1,17,0,4,1,-5.685004708278954,-80.17535442405078,0,4,7,1,1,2,2,0,540.7508427573264,1.7952878490476842,1,0,0.7952878490476842,2,22,73.06756860617293,0.5106681316845343,79.47672775735431,60.076057113072764,6.648705790882259,838.6949239648976,9427.3231561561,8958.882102096624,1690.9421073349008,902.9144228290959,6365.025571932628,2010.7762862685756,6948.105815828049,22.437670104777926,5,1,0,0,4,35.338742037619895,35.338742037619895,35.338742037619895,1.0,0.0,0.0,0.7952878490476842,1,0,0.0,0.0,0.0,1.0,0.0,1.0,0.0,0.0,0.0,0.0,20,1,2022,11,8,5,0,0,0,1,0,1,GRAVE_MORTALIDAD,2
1,1,2,1,4,1,-8.879262492257386,-78.66348702569779,0,3,7,1,2,2,2,0,6543.555,3.0,2,0,1.0,0,30,1475.0,0.574510992820234,79.07856610557118,61.74526796812462,7.984247522944418,1037.203559825193,20945.68508769817,10518.904452260049,1810.612420200611,1319.3640915602257,7388.927940499213,1980.967722010044,8537.936730250007,18.712762567907866,3,1,0,1,0,36.72901096214231,33.27098903785769,39.32252740535578,0.1354945189288448,0.0,0.0,0.0,1,0,0.8645054810711552,0.0,0.0,0.1354945189288448,0.0,0.0,0.1354945189288448,0.0,0.0,0.8645054810711552,6,0,2022,9,8,6,1,0,0,1,1,1,GRAVE_MORTALIDAD,2
4,1,1,0,4,1,-9.26198638665235,-77.47958428578474,5,4,3,0,1,1,1,0,1216.9816911878422,1.447569950507972,0,3,0.0,9,18,201.34786504818686,0.3318325569184616,72.40643012715947,57.158079176125995,5.847411768878608,363.2241928244419,3124.0107744929037,10767.648,1885.0630000000003,1222.721,7659.864000000001,2100.343,8667.305000000002,19.506051832303577,17,1,0,0,16,43.433505173222095,41.41944039593622,45.44756995050797,1.0,0.0,0.0,0.4475699505079721,1,0,0.0,0.4475699505079721,0.5524300494920279,0.4475699505079721,0.0,0.4475699505079721,1.0,0.5524300494920279,0.0,0.0,14,3,2022,3,10,5,1,0,0,1,0,1,GRAVE_MORTALIDAD,2
4,1,1,0,4,1,-10.142720973509979,-76.5516528315472,1,4,7,0,1,2,2,1,1269.2651129111366,-0.4882866113019393,0,1,0.17057112956602016,9,32,210.52564850452444,0.25632462650826426,75.87467466255379,42.00901224014576,4.288889572838449,291.1541055488691,6107.186916488272,10691.679712598403,1818.5697682746672,1312.6150555616248,7560.494888762114,2234.4548917635425,8457.224820834863,20.948857304589243,28,1,0,0,27,49.36456903652816,48.51171338869806,50.217424684358264,1.0,0.0,0.0,0.0,1,0,0.0,0.0,0.8294288704339798,0.17057112956602016,0.0,0.17057112956602016,0.8294288704339798,0.0,0.17057112956602016,0.17057112956602016,6,1,2021,3,14,0,0,0,0,1,0,1,GRAVE_MORTALIDAD,2
3,2,3,0,4,1,-16.053930260749482,-71.3404662325052,1,4,0,0,2,0,1,0,1504.4250000000002,2.0,2,0,1.0,7,25,241.0,0.4685280505645348,81.83746865987648,70.74305753660312,6.037751599761188,617.4715908037651,1751.8736616702354,10322.272,1495.236,1749.739,7077.2970000000005,2886.595,7435.677000000001,27.964725207783708,4,2,0,0,2,43.86437365820461,42.48660394810623,44.697320789621244,1.0,0.0,0.0,0.0,2,0,0.0,1.0,0.0,1.0,0.0,0.30267921037875467,1.0,0.0,1.0,0.0,12,1,2022,7,3,5,1,0,0,1,0,1,GRAVE_MORTALIDAD,2
6,1,4,0,4,2,-14.054035350447808,-73.96387558652702,0,4,2,0,1,1,0,3,6543.555,2.0,4,4,1.0,14,33,1198.0,0.3876219996012654,73.02224397002256,61.90076615327716,5.860357290920858,465.9671707508255,3826.1927680188455,12678.733000000004,1805.074000000001,1774.0339999999994,9099.625000000004,2485.375000000001,10193.358000000002,19.602707936195205,34,1,0,0,32,40.58052384325606,35.258010597002695,45.90303708950942,1.0,0.4677486753746636,0.0,1.0,1,0,0.0,0.0,0.5322513246253364,0.0,0.0,0.0,1.0,0.4677486753746636,1.0,0.4677486753746636,13,1,2023,2,9,4,0,0,2,1,0,1,GRAVE_MORTALIDAD,2
6,1,4,0,4,2,-14.17893924165195,-73.6955686330967,0,4,0,0,1,2,2,2,6543.555,2.0,4,4,1.0,14,33,1198.0,0.2663567396764488,71.69414400322779,34.17030479308197,5.889844833295769,236.7385218988542,661.5996320975582,12678.733000000004,1805.074000000001,1774.0339999999994,9099.625000000004,2485.375000000001,10193.358000000002,19.602707936195205,9,1,0,0,8,43.817648858401235,43.817648858401235,43.817648858401235,1.0,0.0,0.0,1.0,1,0,0.0,0.2727938926998458,0.0,0.7272061073001542,0.0,0.7272061073001542,0.2727938926998458,0.7272061073001542,0.7272061073001542,0.0,7,0,2023,5,28,4,0,1,2,1,0,1,GRAVE_MORTALIDAD,2
3,2,21,1,2,2,-6.8537818890864255,-77.28397664445404,0,4,3,0,2,1,1,1,3577.5537012600053,0.6093457463440275,3,3,0.5364485821146758,11,32,658.889700999368,0.5154440681440225,76.5804311177924,55.9928658070667,7.80743183533434,868.0848411589687,125770.79902122261,5598.715429528554,1036.901358734316,998.8498807853048,3562.9641900089327,1166.8708088759874,4431.844620652567,16.66795821952865,11,2,0,0,9,26.622429962598634,23.17196276096792,30.072897164229353,1.0,0.46355141788532417,1.0,1.0,2,0,0.0,0.46355141788532417,0.46355141788532417,0.5364485821146758,0.5364485821146758,0.0,0.46355141788532417,0.0,1.0,0.0,14,1,2021,4,22,3,0,1,0,1,0,1,GRAVE_MORTALIDAD,2
3,1,10,0,4,1,-8.104325541575745,-78.861078713995,0,4,6,0,2,2,2,1,6543.555,2.88783792259288,2,0,1.0,1,30,1443.9311045582278,0.5923181965410975,81.05384751610111,73.65842346715672,9.584525911237524,900.5714349466605,27596.37943724008,8867.575168822794,1329.6298193686628,1864.4363810910822,5673.508968363049,1243.2414711046667,7624.333697718127,14.042523695216829,3,1,0,0,1,40.2195948064822,34.44864830962848,45.99054130333592,1.0,0.0,0.0,0.0,1,0,0.0,0.0,0.0,1.0,0.8878379225928801,1.0,0.0,0.0,0.8878379225928801,0.0,19,2,2024,1,26,5,0,1,0,1,0,1,GRAVE_MORTALIDAD,2
3,1,18,1,4,1,-9.057025519654909,-73.48799510072519,2,3,2,0,4,2,2,1,5712.662542112125,2.0,2,0,1.0,7,19,1419.8203299716502,0.5766691142483317,72.34847197004808,63.74471895040769,8.791295357103477,1113.386402061201,87377.98770475278,4027.285415357418,625.9058889923845,680.719286192523,2720.6602401725104,776.9316417915315,3250.353773565886,20.533162492201065,3,2,0,0,1,31.637810577581924,19.63462730690169,43.640993848262156,1.0,1.0,0.0,0.5448757689672306,2,0,0.0,0.0,0.5448757689672306,1.0,1.0,0.45512423103276944,0.5448757689672306,0.0,1.0,0.5448757689672306,13,1,2021,3,18,4,0,0,1,1,0,1,GRAVE_MORTALIDAD,2
8,1,2,0,4,0,-13.622857643063117,-73.34217668402525,1,4,3,0,2,2,2,2,7006.893308809542,2.0,3,2,1.0,11,20,1198.0,0.26024678220242453,73.953459273022,60.400162731935346,4.4615772931469335,198.41730191783088,8405.730890686693,8358.971,1282.451,1298.0969999999998,5778.423,1432.683,6926.288,17.139466089785454,2,1,0,0,1,36.115032187817526,36.115032187817526,36.115032187817526,1.0,0.44408798292567964,0.0,0.0,1,0,0.0,0.0,0.0,1.0,0.0,1.0,0.0,0.44408798292567964,0.44408798292567964,0.44408798292567964,6,0,2024,10,19,4,0,0,2,1,0,1,GRAVE_MORTALIDAD,2
6,1,12,0,4,1,-7.800306375225475,-77.71903383565463,0,4,2,1,1,2,2,0,1688.589,1.0,1,3,0.0,9,32,287.0,0.31273718900927505,73.11581839531803,34.75003670015247,4.557490810839559,472.75045225164683,9226.503044321695,8931.828000000005,1335.5899999999997,1935.9830000000004,5660.255000000005,1219.309,7712.519000000005,13.651281686122925,3,1,0,0,2,31.55626088366608,31.55626088366608,31.55626088366608,1.0,0.0,0.0,0.0,1,0,0.0,0.0,0.0,1.0,0.0,0.40397628330308355,0.5960237166969165,0.0,0.5960237166969165,0.0,14,2,2023,5,5,3,0,0,0,1,0,1,GRAVE_MORTALIDAD,2