CLASE SINIESTRO,CANTIDAD DE VEHICULOS DAÑADOS,DEPARTAMENTO,ZONA,TIPO DE VÍA,RED VIAL,COORDENADAS LATITUD,COORDENADAS  LONGITUD,CONDICIÓN CLIMÁTICA,ZONIFICACIÓN,CARACTERÍSTICAS DE VÍA,PERFIL LONGITUDINAL VÍA,SUPERFICIE DE CALZADA,¿EXISTE SEÑAL VERTICAL?,¿EXISTE SEÑAL HORIZONTAL?,CAUSA FACTOR PRINCIPAL,MTC_RVN_LONGITUD_KM,MTC_RVN_N_CARRILES_MEDIANA,MTC_RVN_SUPERFICIE_DOMINANTE,MTC_RVN_ESTADO_DOMINANTE,MTC_RVN_ES_CONCESIONADA,MTC_RVN_CONCESION_PRINCIPAL,MTC_RVN_CORREDOR_LOGISTICO,MTC_RVN_N_TRAMOS,IDH_2019,IDH_ESP_VIDA_2019,IDH_EDUC_SECUND_PCT_2019,IDH_ANIOS_EDUC_2019,IDH_INGRESO_PERCAP_2019,IDH_POBLACION_2019,MTC_DEP_RED_TOTAL_KM,MTC_DEP_NACIONAL_TOTAL_KM,MTC_DEP_DEPARTAMENTAL_TOTAL_KM,MTC_DEP_VECINAL_TOTAL_KM,MTC_DEP_PAV_TOTAL_KM,MTC_DEP_NO_PAV_TOTAL_KM,MTC_DEP_PCT_PAVIMENTADA,PER_TOTAL_PERSONAS,PER_N_CONDUCTORES,PER_N_CONDUCTORES_FUGADOS,PER_N_PEATONES,PER_N_PASAJEROS_OCUPANTES,PER_EDAD_COND_PROM,PER_EDAD_COND_MIN,PER_EDAD_COND_MAX,PER_ANY_COND_MASCULINO,PER_ANY_LIC_PROBLEMA,PER_ANY_DOSAJE_POS,PER_ANY_DOSAJE_EVALUADO,VEH_TOTAL,VEH_N_FUGADOS,VEH_ANY_FUGADO,VEH_ANY_CARGA,VEH_ANY_PUBLICO,VEH_ANY_PARTICULAR,VEH_ANY_MOTO,VEH_ANY_AUTO,VEH_ANY_CAMION_BUS,VEH_ANY_SOAT_PROBLEMA,VEH_ANY_CITV_PROBLEMA,VEH_ANY_SEGURO_PROBLEMA,HORA_NUM,FRANJA_HORARIA,ANIO,MES,DIA_MES,DIA_SEMANA,ES_FIN_SEMANA,ES_QUINCENA,REGION_NATURAL,TIENE_SEÑALIZACION,ES_VIA_MULTICARRIL,ES_DEPTO_BAJO_PAVIMENTO,CATEGORIA_SEVERIDAD,CATEGORIA_SEVERIDAD_ENC
7,1,5,0,4,2,-7.028139624916439,-78.71609479685449,3,4,6,0,3,2,2,0,6543.555,2.0,4,4,1.0,14,33,1198.0,0.2741996735144121,67.87327980496377,34.62824886204975,4.027767902888583,340.12388239954726,2984.6616702355464,15935.565011852366,1733.9250000199986,935.692,13265.948011832368,2000.1670000199988,13935.398011832369,12.551591352627522,8,1,0,0,7,25.760703099219953,25.760703099219953,25.760703099219953,1.0,0.4601171832033255,0.0,0.5398828167966745,1,0,0.0,1.0,0.0,0.0,0.0,0.0,1.0,0.0,1.0,0.0,15,1,2021,6,26,3,0,1,2,1,0,1,GRAVE_MORTALIDAD,2
6,1,10,0,4,2,-11.786314381837384,-75.57915795044391,0,4,0,0,6,2,2,2,6543.555,2.0,4,4,1.0,14,33,1198.0,0.24721826719198683,70.42968615957179,53.762166769011046,5.1030239247148295,174.28983891648676,459.63974263737276,12270.829971154639,1826.1394238823966,1115.6828761915374,9329.007671080704,1602.1448134985935,10668.685157656046,13.053177178275064,5,1,0,0,4,20.394529175206966,20.394529175206966,20.394529175206966,1.0,0.0,0.0,0.0151741990464217,1,0,0.0,0.0,0.0,1.0,0.0,1.0,0.0,0.0151741990464217,0.0151741990464217,0.0,4,0,2022,9,14,4,0,0,2,1,0,1,GRAVE_MORTALIDAD,2
3,2,10,0,4,1,-14.185791042238447,-75.58207935042805,0,4,7,0,2,2,2,0,6639.975,2.0,2,0,1.0,9,31,1616.0,0.5914302450503547,78.35529832311377,68.05464255908323,8.947084903512549,1022.3640319998123,27932.19700214133,3721.461,698.1859999999996,744.866,2278.409,1102.9029999999996,2618.558,29.636290693359403,3,2,0,0,1,19.96554642430798,18.121200609565015,21.809892239050946,1.0,0.716254490039544,0.0,0.0,2,0,0.716254490039544,0.283745509960456,0.0,1.0,0.716254490039544,0.283745509960456,0.283745509960456,0.716254490039544,0.716254490039544,0.716254490039544,21,2,2023,6,15,5,1,0,0,1,0,1,GRAVE_MORTALIDAD,2
4,1,20,0,4,2,-15.952405975447322,-70.09704126656511,0,4,7,1,2,2,2,2,6543.555,2.0,4,4,1.0,14,33,1198.0,0.3236857418884525,68.80358992941443,71.24612026323258,6.2466836996237465,277.8453135348142,4996.2605636461085,13642.312999999998,2020.7790000000005,2354.117,9267.416999999998,3314.0520000000006,10328.260999999997,24.29244952817019,5,1,0,0,3,40.62548767835112,38.224288208771085,43.026687147931156,1.0,0.0,0.0,0.0,1,0,0.0,0.0,0.4365817217418244,0.5634182782581756,0.0,0.5634182782581756,0.4365817217418244,0.0,0.0,0.0,17,2,2022,9,12,4,0,0,2,1,0,1,GRAVE_MORTALIDAD,2
6,1,8,0,4,1,-12.402040377149968,-74.80749379211807,1,4,2,1,2,2,2,0,638.4725115340135,1.3662030240072711,0,3,0.0,9,32,95.25368467220359,0.2520353440138898,70.65039058574682,51.17913918653634,4.257507511616093,209.84714158665363,4393.643770768252,8511.426,1445.3929999999996,2008.516,5057.516999999999,1879.579,6631.846999999998,22.08300935706896,2,1,0,0,1,53.197218144043624,53.197218144043624,53.197218144043624,1.0,0.6337969759927289,0.0,0.0,1,0,0.0,0.6337969759927289,0.0,0.3662030240072711,0.0,0.0,1.0,0.0,0.0,0.0,5,0,2021,8,15,3,0,0,2,1,0,1,GRAVE_MORTALIDAD,2
6,1,6,0,4,2,-11.030763276241315,-75.74165324545548,1,4,3,0,4,2,2,0,6543.555,2.0,4,4,1.0,14,33,1198.0,0.5563774842369664,77.00938809632027,69.10246351364754,8.476961866273152,914.8835608305218,27932.19700214133,8616.786398781313,1306.366309537703,1585.1788257733,5725.24126347031,1336.6536193699937,7280.1327794113195,15.569601964789156,5,1,0,0,4,43.8506750972006,43.8506750972006,43.8506750972006,1.0,0.45005193055389214,0.0,0.0,1,0,0.0,0.45005193055389214,0.0,0.5499480694461079,0.0,0.5499480694461079,0.45005193055389214,0.0,0.0,0.0,12,1,2023,1,9,4,0,0,1,1,0,1,GRAVE_MORTALIDAD,2
6,1,14,0,4,1,-6.9235509568771825,-78.7133064638628,0,4,7,1,1,2,2,0,1201.01799919103,1.337817043321564,1,1,0.33781704332156404,6,27,196.12721534649927,0.4864862227725449,75.40225317004509,49.76039893761684,6.6711804643939905,861.4568215487772,9434.830771263349,8943.319860199987,1486.5340869512963,1497.1630523468516,5959.622720901838,1555.5031702657159,7387.8166899342705,17.383504881308316,4,1,0,0,3,29.391621563180333,29.391621563180333,29.391621563180333,1.0,0.0,0.0,0.33781704332156404,1,0,0.0,0.0,0.0,1.0,0.0,1.0,0.0,0.0,0.0,0.0,15,1,2023,9,4,4,0,0,0,1,0,1,GRAVE_MORTALIDAD,2
3,2,12,0,4,1,-8.407275679038332,-78.82023261243909,0,4,7,1,2,2,2,2,6543.555,3.0,2,0,1.0,0,30,1475.0,0.5051395598219868,77.13285387085847,51.52067479184955,6.715328807318118,900.900383457586,67612.41755888652,8931.828000000005,1335.5899999999997,1935.9830000000004,5660.255000000005,1219.309,7712.519000000005,13.651281686122925,4,2,0,0,2,39.52264177973702,35.552394941376626,43.49288861809742,1.0,0.3880987353441572,0.0,0.6119012646558428,2,0,0.0,1.0,0.0,0.6119012646558428,0.0,0.6119012646558428,1.0,0.0,1.0,0.0,11,1,2021,3,15,1,0,0,0,1,1,1,GRAVE_MORTALIDAD,2
6,1,4,0,4,0,-12.892683709762782,-74.1764342824307,0,4,3,0,7,2,2,2,6543.555,2.0,4,4,1.0,14,33,1198.0,0.15837815128168686,80.98919633602274,37.710554448814996,2.6394485767040834,120.94901417181909,2002.2927486348676,12678.733000000004,1805.074000000001,1774.0339999999994,9099.625000000004,2485.375000000001,10193.358000000002,19.602707936195205,5,1,0,0,3,41.211466646002336,41.211466646002336,41.211466646002336,1.0,0.0,0.0,0.24229332920046653,1,0,0.0,0.0,0.0,1.0,0.0,0.7577066707995335,0.24229332920046653,0.0,0.0,0.0,7,1,2022,7,25,5,0,1,2,1,0,1,GRAVE_MORTALIDAD,2
10,1,2,0,4,2,-14.221329871017415,-72.66161085406112,6,5,6,2,6,2,2,0,6543.555,2.0,4,4,1.0,14,33,1198.0,0.3488417119049382,62.79647500189501,58.702043504136746,7.040950821589695,392.78486814045834,665.4735444078894,8358.971,1282.451,1298.0969999999998,5778.423,1432.683,6926.288,17.139466089785454,2,1,0,0,1,29.302022868903787,29.302022868903787,29.302022868903787,1.0,0.0,0.0,0.0,1,0,0.0,0.0,0.0,1.0,0.0,0.0,1.0,0.0,0.9244942827740529,0.0,1,0,2023,2,20,2,0,0,2,1,0,1,GRAVE_MORTALIDAD,2
3,2,17,1,2,2,-10.094417339233328,-74.79402449254982,0,2,3,1,2,1,1,2,6543.555,2.0,4,4,1.0,14,33,1198.0,0.5849336900376392,72.36468867689445,68.03949463308315,10.330286920637,1015.83413781888,122799.3394837179,7268.641785302322,1078.4057803874375,1213.0144523103477,4977.221552604536,896.2150874554552,6372.426697846866,11.26999716150193,6,2,0,0,3,30.26082451629994,20.91302709683634,38.652108387345365,1.0,0.0,0.5217432257909146,1.0,2,0,0.0,0.4782567742090854,0.0,1.0,0.5217432257909146,0.4782567742090854,0.4782567742090854,0.0,1.0,0.0,19,2,2021,3,25,3,0,1,1,1,0,1,GRAVE_MORTALIDAD,2
3,1,3,0,4,1,-15.854598595178224,-71.11850663851583,0,4,7,1,2,1,1,0,1504.4250000000002,2.0,2,0,1.0,7,25,241.0,0.4498224071382834,81.63336343193146,58.84842497065013,5.774685730039019,620.6584683449911,1358.612419700214,10322.272,1495.236,1749.739,7077.2970000000005,2886.595,7435.677000000001,27.964725207783708,19,2,0,0,16,39.0871614501688,24.98659054612788,48.254779623570336,1.0,0.013409453872123112,0.0,0.9865905461278769,2,0,0.0,1.0,1.0,0.0,0.0,0.013409453872123112,1.0,0.0,0.0,0.0,7,0,2023,8,1,6,1,0,0,1,0,1,GRAVE_MORTALIDAD,2
5,1,1,0,4,1,-10.46018891247566,-77.92084699388172,0,4,7,1,2,1,1,5,6543.555,3.0,2,0,1.0,0,30,1475.0,0.594329796273136,79.51274210494626,67.23963656911357,9.093808711905876,1004.1856289962402,25729.80728051392,10767.648,1885.0630000000003,1222.721,7659.864000000001,2100.343,8667.305000000002,19.506051832303577,6,1,0,0,5,24.47643333127889,24.40837142681048,24.544495235747306,1.0,0.019446258419546614,0.0,0.9805537415804534,1,0,0.0,0.0,0.019446258419546614,1.0,0.0,0.9805537415804534,0.019446258419546614,0.0,0.9805537415804534,0.0,13,2,2022,2,24,4,0,0,0,1,1,1,GRAVE_MORTALIDAD,2
6,1,20,0,4,1,-14.932760537476156,-69.70070337590082,0,4,0,1,2,2,2,2,6571.765424096057,2.0,3,3,1.0,13,32,1198.0,0.25900872864434765,67.15803546722087,62.95999770692655,5.650500960665264,183.89213095295662,5622.773585979777,13642.312999999998,2020.7790000000005,2354.117,9267.416999999998,3314.0520000000006,10328.260999999997,24.29244952817019,2,1,0,0,1,63.83776980971225,63.83776980971225,63.83776980971225,1.0,1.0,0.0,0.0,1,0,0.0,0.0,0.0,1.0,0.0,0.0,1.0,0.9729616349520416,0.9729616349520416,0.9729616349520416,18,2,2022,7,12,2,0,0,2,1,0,1,GRAVE_MORTALIDAD,2
3,1,1,0,4,1,-9.51778234284107,-78.32476417764866,4,4,6,1,5,1,1,0,6543.555,3.0,2,0,1.0,0,30,1475.0,0.5873460606982213,78.04758132038613,65.8701248560095,8.596987164492063,1041.0659985770535,35482.29764453961,10767.648,1885.0630000000003,1222.721,7659.864000000001,2100.343,8667.305000000002,19.506051832303577,5,1,0,0,3,41.00694197764079,40.22839286901404,41.78549108626755,1.0,0.0,0.0,0.22145089137324503,1,0,0.0,0.0,0.0,1.0,0.0,1.0,0.0,0.0,0.22145089137324503,0.0,4,0,2021,10,24,2,0,1,0,1,1,1,GRAVE_MORTALIDAD,2
3,1,11,0,4,1,-7.680443138247476,-78.81116112264446,0,4,5,0,1,2,2,2,6543.555,2.8056082888143146,2,0,1.0,2,30,1421.1534960015651,0.4506481596236802,78.40216585575538,56.0608137192061,5.570162712259871,757.4759980943725,24713.0573940617,8791.327308514616,1335.1794447059756,1713.5977160533093,5742.55014775533,1188.3132416514425,7603.014066863172,13.507347819139952,3,1,0,0,2,36.26449532136462,27.805608288814316,44.72338235391492,1.0,0.8056082888143147,0.0,0.19439171118568532,1,0,0.0,0.8056082888143147,0.8056082888143147,0.19439171118568532,0.8056082888143147,0.19439171118568532,0.8056082888143147,0.19439171118568532,0.19439171118568532,0.8056082888143147,8,0,2022,11,23,4,0,1,0,1,0,1,GRAVE_MORTALIDAD,2
3,2,7,0,4,1,-15.084139343685209,-71.11886868846264,0,4,6,1,2,1,1,0,568.5409999999999,1.0,2,3,0.0,9,3,93.0,0.3491291336434085,68.34579473193322,63.63866309000273,4.984551874124405,419.36068685534286,1114.627408993576,17779.13499998999,2097.3709999899997,2863.123,12818.640999999989,2878.713,14900.421999989989,16.19152450331032,8,2,0,0,6,33.78671657106776,22.349651809363447,45.22378133277206,1.0,0.0,0.0,0.9417246984394255,2,0,0.0,0.0,1.0,0.9417246984394255,0.0,0.9417246984394255,1.0,0.0,0.0,0.0,0,0,2023,3,20,0,0,1,2,1,0,1,GRAVE_MORTALIDAD,2
5,1,5,0,4,1,-6.6716345046633165,-79.2380313580703,0,4,0,1,2,1,1,0,916.5775808405701,2.0,2,2,0.07883726330545093,8,7,213.0332524117566,0.41435527537001415,71.33860576959898,65.80287934617151,5.390503645663788,593.7076559853637,7188.322649258955,15935.565011852366,1733.9250000199986,935.692,13265.948011832368,2000.1670000199988,13935.398011832369,12.551591352627522,37,1,0,0,36,54.605813683472746,53.58092926050188,55.63069810644361,1.0,0.0,0.0,0.0,1,0,0.0,0.07883726330545093,0.9211627366945491,0.07883726330545093,0.0,0.07883726330545093,1.0,0.0,0.0,0.0,15,2,2022,9,24,4,0,1,2,1,0,1,GRAVE_MORTALIDAD,2
3,3,12,0,4,0,-11.091648305130446,-75.72023714953087,0,0,7,0,2,2,2,1,5740.020988770985,1.6232510110000353,3,3,0.8744170036666784,13,32,1051.946975264347,0.5896943473349114,72.8066277164028,73.15103535204943,10.374466830381678,1006.7454944894919,120014.17292561567,11850.284495585804,1820.9318178530589,1046.6979661489963,8982.654711583747,1667.1470626393075,10183.137432946496,14.427495540475784,11,3,0,0,7,35.05812752750009,23.627914981666606,44.73950606600021,1.0,0.1255829963333216,0.1255829963333216,1.0,3,0,0.0,1.0,0.1255829963333216,0.8744170036666784,0.0,0.8744170036666784,1.0,0.0,1.0,0.0,15,2,2021,7,26,0,0,1,1,1,0,1,GRAVE_MORTALIDAD,2
8,1,5,0,4,2,-7.021488444608255,-78.78012650479037,3,4,6,1,3,2,2,0,6543.555,2.0,4,4,1.0,14,33,1198.0,0.29690708704784796,70.49293632026317,47.75065595273841,4.184862804526243,340.6155972570234,3420.039765996934,15935.565011852366,1733.9250000199986,935.692,13265.948011832368,2000.1670000199988,13935.398011832369,12.551591352627522,9,1,0,0,8,35.43360256348228,35.43360256348228,35.43360256348228,1.0,0.5710931624345147,0.0,0.4289068375654853,1,0,0.0,0.5710931624345147,0.0,0.4289068375654853,0.0,0.4289068375654853,0.5710931624345147,0.0,1.0,0.0,10,1,2022,5,25,2,0,1,2,1,0,1,GRAVE_MORTALIDAD,2
5,0,14,2,3,1,-12.010186419505086,-76.87057435646244,5,4,6,1,5,2,2,0,926.6733546359061,2.0,2,0,1.0,3,14,165.3766008891525,0.6868549636939637,79.62363164345142,76.30894566128948,9.209137883551294,1425.4498631666322,684921.8484148846,7626.313,1683.4029999999998,1599.0829999999996,4343.827000000001,1814.875,5811.438000000001,23.797541485643197,2,1,0,0,0,37.0,33.0,40.0,1.0,0.0,0.0,0.008998657283255773,1,0,0.0,0.0,0.008998657283255773,0.9910013427167442,0.9910013427167442,0.0,0.008998657283255773,0.9910013427167442,0.9910013427167442,0.9910013427167442,2,0,2021,3,19,5,0,0,0,1,0,1,GRAVE_MORTALIDAD,2
5,0,12,2,2,4,-9.16743800131249,-78.50020277259118,0,0,4,0,2,2,2,2,6543.555,2.0,4,4,1.0,14,33,1198.0,0.7262632287977973,79.64083190719587,77.12927319301293,11.720491637461839,1451.3769694418436,331872.35660639947,8595.252036799426,1425.2599735266788,1849.1265165415377,5320.865546731209,1372.8523909985831,7222.399645800843,16.2670977931051,2,1,0,0,1,34.808607570801634,34.16408038574329,35.45313475585998,1.0,1.0,0.2578108740233376,0.2578108740233376,1,0,0.0,0.0,0.0,1.0,1.0,0.2578108740233376,0.0,0.7421891259766624,0.2578108740233376,0.7421891259766624,8,0,2021,6,17,2,0,0,0,1,0,1,GRAVE_MORTALIDAD,2
6,1,3,0,4,0,-15.649992137875726,-71.64297407118212,0,4,0,0,2,0,1,0,6543.555,2.0,4,4,1.0,14,33,1198.0,0.5325761945469989,81.34951653829121,50.97523181639888,6.867251361766504,964.6116839691138,2104.1584582441114,10322.272,1495.236,1749.739,7077.2970000000005,2886.595,7435.677000000001,27.964725207783708,2,1,0,0,1,34.27036969942917,34.27036969942917,34.27036969942917,1.0,0.40682264739846496,0.0,0.0,1,0,0.0,0.0,0.40682264739846496,0.593177352601535,0.40682264739846496,0.593177352601535,0.0,0.40682264739846496,0.40682264739846496,0.40682264739846496,6,1,2022,5,15,6,1,0,0,1,0,1,GRAVE_MORTALIDAD,2
4,1,7,0,4,1,-14.07150227857363,-71.74423118870595,0,4,0,1,2,1,1,2,2581.1121479984486,1.5399358832524381,1,1,0.5399358832524382,6,24,531.0351271271853,0.46480834443936775,65.54688467812365,71.79446913698669,7.170169480270725,738.3465269797549,8482.771299153279,17779.13499998999,2097.3709999899997,2863.123,12818.640999999989,2878.713,14900.421999989989,16.19152450331032,3,1,0,0,0,27.429711474635972,20.140577050728055,34.71884589854389,1.0,1.0,0.0,0.5399358832524382,1,0,0.0,0.0,0.5399358832524382,1.0,1.0,0.0,0.5399358832524382,1.0,1.0,1.0,16,3,2023,10,5,2,0,0,2,1,0,1,GRAVE_MORTALIDAD,2
5,1,12,2,2,4,-9.229735651017428,-78.42030210774104,0,0,6,1,2,1,1,0,6543.555,2.0,4,4,1.0,14,33,1198.0,0.6956931207837459,79.36015760216414,76.32069700800781,11.038206562458155,1338.8097302907222,338873.9455189075,8543.203915515449,1439.126542051854,1835.695026240337,5268.382347223257,1396.5963475219576,7146.607567993491,16.671607707295422,3,1,0,0,1,30.614020757716766,28.381430068498975,32.84661144693456,1.0,0.702321241437628,0.0,0.0,1,0,0.0,0.297678758562372,0.0,0.702321241437628,0.702321241437628,0.0,0.297678758562372,0.297678758562372,0.297678758562372,0.0,13,1,2024,10,18,4,0,1,0,1,0,1,GRAVE_MORTALIDAD,2
3,1,14,0,4,1,-11.268056184899189,-77.52343180263226,0,4,7,1,2,1,0,1,6546.731833456234,2.9670521317544702,2,0,1.0,0,30,1479.6456494226197,0.7318797476031682,78.25253343841626,76.52870021774243,13.53811656995887,1404.9055654856272,61952.29962157342,7626.313,1683.4029999999998,1599.0829999999996,4343.827000000001,1814.875,5811.438000000001,23.797541485643197,4,2,0,0,2,43.04363982605125,33.62600949666507,52.46127015543742,1.0,0.0,0.96705213175447,0.96705213175447,2,0,0.0,1.0,0.0,0.032947868245529977,0.0,1.0,1.0,0.0,0.96705213175447,0.0,5,0,2023,7,1,0,0,0,0,1,0,1,GRAVE_MORTALIDAD,2
3,1,14,0,4,1,-9.220077471575397,-75.52139940953818,2,4,6,1,3,2,2,0,5199.18313825391,2.590127405926542,2,0,1.0,2,25,1102.4258119872268,0.5957783006409614,77.26298277424664,70.9386474285872,9.782693634043714,1011.8099310038497,93461.79627595645,2898.4524569352143,467.6680220746919,546.3926847443533,1884.3917501161686,617.4739854911943,2280.9784714440193,21.67992176621352,6,2,0,0,3,39.12627360418757,32.7875792873957,44.91847112888149,1.0,0.0,0.0,0.0,2,0,0.0,1.0,0.0,0.5901274059265421,0.0,0.5901274059265421,1.0,0.0,0.0,0.0,11,1,2022,5,1,2,0,0,0,1,0,1,GRAVE_MORTALIDAD,2
3,2,3,0,4,1,-16.232227205499317,-71.72697581016375,0,4,7,1,2,0,1,0,1705.4767905789504,2.0,2,0,1.0,7,28,313.3284905103971,0.497783353829503,82.81432490677619,62.289082549738204,7.1164707718436215,695.4106907757863,1011.3105393256676,10322.272,1495.236,1749.739,7077.2970000000005,2886.595,7435.677000000001,27.964725207783708,5,2,0,0,3,35.31038666923689,32.04830933538951,38.57246400308427,1.0,0.5241546676947559,0.0,0.5241546676947559,2,0,0.0,1.0,0.0,1.0,0.0,0.47584533230524406,1.0,0.0,0.0,0.0,13,3,2022,12,16,4,0,0,0,1,0,1,GRAVE_MORTALIDAD,2
3,1,5,1,4,1,-6.607994219070994,-78.56042955927758,1,4,7,1,1,2,2,0,2161.2188206204637,1.0,1,3,0.0,9,32,896.6993010280146,0.2836896908644886,76.98514423295921,43.988838373363606,3.845826226105968,295.9671303640737,20894.58563319307,15935.565011852366,1733.9250000199986,935.692,13265.948011832368,2000.1670000199988,13935.398011832369,12.551591352627522,2,1,0,0,1,30.77301969830141,30.056020333730487,31.49001906287233,1.0,0.7169993645709223,0.0,0.2830006354290777,1,0,0.0,0.2830006354290777,0.0,0.7169993645709223,0.7169993645709223,0.7169993645709223,0.2830006354290777,0.0,0.7169993645709223,0.0,18,2,2022,5,11,6,1,0,2,1,0,1,GRAVE_MORTALIDAD,2
5,1,9,0,4,1,-9.799748275266468,-76.12223446877101,0,4,5,0,2,2,2,0,6543.555,2.0379759675696065,3,3,1.0,13,32,1208.519343016781,0.275833524156351,73.75077426490935,32.08915829171444,3.245874172618408,402.5237605474088,17249.975048141157,8236.504928056253,1333.5582052435066,835.4217347554354,6067.52498805731,1065.9142680289735,7170.590660027279,12.938968191511037,3,1,0,0,2,33.03797596756961,33.03797596756961,33.03797596756961,1.0,0.0,0.0,0.0,1,0,0.03797596756960653,0.0,0.0,1.0,0.0,0.9620240324303935,0.03797596756960653,0.0,0.9620240324303935,0.03797596756960653,1,0,2021,7,3,3,0,0,1,1,0,1,GRAVE_MORTALIDAD,2
6,1,8,0,4,2,-12.602459767460495,-74.8933953930009,0,4,0,0,1,1,1,0,6543.555,2.0,4,4,1.0,14,33,1198.0,0.2663454843382838,65.45457395221479,57.3335802782264,4.413119915061238,247.66524826450583,29100.053533190578,8511.426,1445.3929999999996,2008.516,5057.516999999999,1879.579,6631.846999999998,22.08300935706896,5,1,0,0,4,37.93513024666328,37.93513024666328,37.93513024666328,1.0,0.0,0.0,0.0,1,0,0.0,0.005405812778059849,0.9945941872219402,0.0,0.0,0.9945941872219402,0.005405812778059849,0.0,0.0,0.0,8,1,2021,6,18,0,0,1,2,1,0,1,GRAVE_MORTALIDAD,2
3,2,3,0,4,1,-16.100095156606628,-71.612431122257,3,3,0,0,2,0,1,0,1504.4250000000002,2.0,2,0,1.0,7,25,241.0,0.6005060748875158,78.21704200773246,77.40211893847457,8.994742794352394,996.014120858737,33335.45824411135,10322.272,1495.236,1749.739,7077.2970000000005,2886.595,7435.677000000001,27.964725207783708,22,2,0,0,19,40.935411607983696,37.10808287904156,44.59006906586797,1.0,0.0,0.0,0.4819861868264059,2,0,0.0,0.4819861868264059,0.5180138131735941,1.0,0.0,1.0,1.0,0.0,0.0,0.0,6,0,2021,9,12,3,0,0,0,1,0,1,GRAVE_MORTALIDAD,2
5,1,17,0,4,1,-17.185168044671308,-71.14101329707634,0,4,1,0,2,1,1,2,1829.8699475261901,2.0,2,0,1.0,9,29,345.90881866239687,0.71282426625568,77.68309817112568,70.31758593175992,11.545903685104761,1528.8105991576829,3349.3468044889423,2949.174,470.28500000000025,903.055,1575.834,866.4460000000004,2082.728,29.37927704503025,3,1,0,0,2,39.46397454935554,38.0,40.927949098711075,1.0,0.7560042417740771,0.2439957582259229,0.2439957582259229,1,0,0.0,0.2439957582259229,0.0,0.2439957582259229,0.0,0.7560042417740771,0.2439957582259229,0.0,0.2439957582259229,0.0,18,2,2021,4,26,3,0,1,0,1,0,1,GRAVE_MORTALIDAD,2
3,1,17,2,2,4,-14.109355445856382,-73.19603558833496,0,1,4,1,2,2,2,2,6543.555,2.0,4,4,1.0,14,33,1198.0,0.6855789499948273,74.44237742166526,78.95462725024156,11.2200097438299,1379.0141623665675,150179.65427065495,10921.191765131165,1868.1791001105207,2012.60452485905,7040.408140161595,2635.9532018738446,8285.23856325732,24.06859567447545,5,2,0,0,3,45.14165263092404,30.593966665975373,59.689338595872705,1.0,0.0,0.0,0.0,2,0,0.0,0.5476859649486645,0.4523140350513355,0.5476859649486645,0.4523140350513355,0.5476859649486645,1.0,0.0,0.4523140350513355,0.4523140350513355,17,3,2021,6,18,3,0,0,1,1,0,1,GRAVE_MORTALIDAD,2
3,2,10,0,4,1,-14.800360128050464,-75.00707789652131,0,3,7,0,2,1,1,0,6639.975,2.0,2,0,1.0,9,31,1616.0,0.5563774842369664,77.00938809632027,69.10246351364754,8.476961866273152,914.8835608305218,27932.19700214133,3721.461,698.1859999999996,744.866,2278.409,1102.9029999999996,2618.558,29.636290693359403,4,2,0,0,2,32.97487319949236,26.733894944670006,39.21585145431471,1.0,0.0,0.04317029086294144,0.04317029086294144,2,0,0.0,0.9568297091370586,0.04317029086294144,1.0,0.0,0.9568297091370586,1.0,0.0,0.0,0.0,21,2,2021,4,29,5,1,1,0,1,0,1,GRAVE_MORTALIDAD,2
3,1,3,0,4,1,-15.461732908133564,-74.86915783910418,0,4,4,0,2,2,2,0,6639.975,2.0,2,0,1.0,9,31,1616.0,0.5140293355498681,82.11897853059659,54.01885147561242,9.200693902288776,697.8064626086847,1477.7837259100645,10322.272,1495.236,1749.739,7077.2970000000005,2886.595,7435.677000000001,27.964725207783708,4,1,0,0,2,51.01078919626025,48.5943918040595,53.427186588461,1.0,0.0,0.0,0.0,1,0,0.0,0.30960074508550006,0.0,0.6903992549144999,0.0,0.6903992549144999,1.0,0.0,0.0,0.0,8,1,2021,3,15,6,1,0,0,1,0,1,GRAVE_MORTALIDAD,2
3,2,13,0,4,1,-12.672940463865741,-73.1044850967435,0,4,2,0,2,1,1,3,3337.7763113285287,1.3201101410059013,1,2,0.3201101410059012,9,23,597.6572545082108,0.4100555643708533,73.7897744117055,55.14534951710242,7.208578622600804,504.0898149228835,66497.80382401226,12705.582508753418,1888.6662020495614,1505.221479636866,9311.69482706699,2140.8911700679387,10564.69133868548,16.582371020316817,4,2,0,0,2,31.420660846035407,28.20110141005901,34.6402202820118,1.0,0.3201101410059012,0.0,1.0,2,0,0.0,0.0,0.3201101410059012,1.0,0.6798898589940988,0.0,1.0,1.0,0.3201101410059012,0.0,13,3,2021,2,20,0,0,1,2,1,0,1,GRAVE_MORTALIDAD,2