CLASE SINIESTRO,CANTIDAD DE VEHICULOS DAÑADOS,DEPARTAMENTO,ZONA,TIPO DE VÍA,RED VIAL,COORDENADAS LATITUD,COORDENADAS  LONGITUD,CONDICIÓN CLIMÁTICA,ZONIFICACIÓN,CARACTERÍSTICAS DE VÍA,PERFIL LONGITUDINAL VÍA,SUPERFICIE DE CALZADA,¿EXISTE SEÑAL VERTICAL?,¿EXISTE SEÑAL HORIZONTAL?,CAUSA FACTOR PRINCIPAL,MTC_RVN_LONGITUD_KM,MTC_RVN_N_CARRILES_MEDIANA,MTC_RVN_SUPERFICIE_DOMINANTE,MTC_RVN_ESTADO_DOMINANTE,MTC_RVN_ES_CONCESIONADA,MTC_RVN_CONCESION_PRINCIPAL,MTC_RVN_CORREDOR_LOGISTICO,MTC_RVN_N_TRAMOS,IDH_2019,IDH_ESP_VIDA_2019,IDH_EDUC_SECUND_PCT_2019,IDH_ANIOS_EDUC_2019,IDH_INGRESO_PERCAP_2019,IDH_POBLACION_2019,MTC_DEP_RED_TOTAL_KM,MTC_DEP_NACIONAL_TOTAL_KM,MTC_DEP_DEPARTAMENTAL_TOTAL_KM,MTC_DEP_VECINAL_TOTAL_KM,MTC_DEP_PAV_TOTAL_KM,MTC_DEP_NO_PAV_TOTAL_KM,MTC_DEP_PCT_PAVIMENTADA,PER_TOTAL_PERSONAS,PER_N_CONDUCTORES,PER_N_CONDUCTORES_FUGADOS,PER_N_PEATONES,PER_N_PASAJEROS_OCUPANTES,PER_EDAD_COND_PROM,PER_EDAD_COND_MIN,PER_EDAD_COND_MAX,PER_ANY_COND_MASCULINO,PER_ANY_LIC_PROBLEMA,PER_ANY_DOSAJE_POS,PER_ANY_DOSAJE_EVALUADO,VEH_TOTAL,VEH_N_FUGADOS,VEH_ANY_FUGADO,VEH_ANY_CARGA,VEH_ANY_PUBLICO,VEH_ANY_PARTICULAR,VEH_ANY_MOTO,VEH_ANY_AUTO,VEH_ANY_CAMION_BUS,VEH_ANY_SOAT_PROBLEMA,VEH_ANY_CITV_PROBLEMA,VEH_ANY_SEGURO_PROBLEMA,HORA_NUM,FRANJA_HORARIA,ANIO,MES,DIA_MES,DIA_SEMANA,ES_FIN_SEMANA,ES_QUINCENA,REGION_NATURAL,TIENE_SEÑALIZACION,ES_VIA_MULTICARRIL,ES_DEPTO_BAJO_PAVIMENTO,CATEGORIA_SEVERIDAD,CATEGORIA_SEVERIDAD_ENC
3,0,14,1,2,3,-10.960024623657553,-77.57900095644987,0,2,8,0,2,2,2,0,5696.786893747764,2.0,3,3,1.0,11,30,1030.6952556907315,0.699275313569972,79.95570378103876,74.45637405905408,10.441886860637998,1409.1621134719085,157365.2243943101,7842.844619390209,1699.4075173327094,1443.5644303978052,4699.872671659694,1879.4740289645904,5963.370590425619,23.94331497997472,4,2,0,0,2,32.404117739877464,31.353411616196063,33.45482386355886,1.0,0.16164709595098403,0.0,1.0,2,0,0.0,1.0,0.0,1.0,0.838352904049016,0.16164709595098403,1.0,0.0,1.0,0.0,21,2,2021,8,15,3,0,0,0,1,0,1,GRAVE_MORTALIDAD,2
4,1,7,0,4,1,-13.273544560903398,-71.52963060874333,1,4,0,0,1,1,0,4,6543.555,2.0,4,4,1.0,14,33,1198.0,0.2466226927938573,59.50771953912937,42.678907967899015,3.991373779253808,285.51302601039464,12676.173447537472,17779.13499998999,2097.3709999899997,2863.123,12818.640999999989,2878.713,14900.421999989989,16.19152450331032,6,1,0,0,5,26.939045187001067,26.766160176001005,27.111930198001133,1.0,1.0,0.0,0.34577002200012563,1,0,0.0,0.0,0.0,1.0,0.34577002200012563,0.6542299779998744,0.34577002200012563,0.34577002200012563,1.0,0.34577002200012563,9,1,2021,4,17,4,0,1,2,1,0,1,GRAVE_MORTALIDAD,2
4,1,15,0,4,1,-11.661153162430773,-76.06532263543541,0,4,7,0,2,0,0,1,9028.851451186516,2.0,2,0,1.0,9,31,3220.198193342207,0.6212046367842599,77.51803191724963,79.40990384065809,10.90151471996858,985.8749472742027,31749.686565513017,3689.3327380911746,601.3841596963297,865.129420023824,2222.8191583710213,731.9049964110009,2957.427741680174,19.80586927761412,2,1,0,0,1,31.89828038544211,29.9702710599658,33.82628971091842,1.0,0.27542990363947284,0.27542990363947284,1.0,1,0,0.0,0.0,0.0,1.0,0.27542990363947284,1.0,0.0,0.27542990363947284,1.0,0.0,11,2,2023,5,8,3,0,0,1,0,0,1,GRAVE_MORTALIDAD,2
3,1,14,0,4,1,-10.994230864374941,-77.61696321077596,0,4,1,1,2,1,0,2,6543.555,2.967739954659086,2,0,1.0,0,30,1466.0639674405668,0.6067019863850686,75.99209220314977,65.26752424676395,8.322372675158348,1218.082115102891,26191.05044165824,7626.313,1683.4029999999998,1599.0829999999996,4343.827000000001,1814.875,5811.438000000001,23.797541485643197,4,2,0,0,2,58.5,42.290340408068225,74.70965959193177,1.0,0.03226004534091398,0.0,0.967739954659086,2,0,0.0,0.03226004534091398,0.967739954659086,0.967739954659086,1.0,0.0,1.0,0.0,0.03226004534091398,0.03226004534091398,6,0,2022,2,13,5,1,0,0,1,0,1,GRAVE_MORTALIDAD,2
5,1,7,0,4,1,-13.179386863996333,-72.23154332092696,2,4,5,0,2,1,1,2,3447.8009999999995,1.0,2,3,0.0,9,12,1109.0,0.4278104256675253,76.50790871611925,60.431211013862885,6.489551446736592,552.1371026909802,3994.8287214783068,17779.13499998999,2097.3709999899997,2863.123,12818.640999999989,2878.713,14900.421999989989,16.19152450331032,4,1,0,0,3,44.56916335204257,44.56916335204257,44.56916335204257,1.0,0.0,0.0,0.0,1,0,0.3215418323978714,0.0,0.0,0.3215418323978714,0.3215418323978714,0.6784581676021286,0.0,0.3215418323978714,0.0,0.3215418323978714,8,0,2023,5,8,1,0,0,2,1,0,1,GRAVE_MORTALIDAD,2
3,2,12,0,4,1,-7.325376976368084,-79.47965984404604,0,4,7,1,2,1,1,0,6543.555,3.0,2,0,1.0,0,30,1475.0,0.5649779394975843,81.31867658303213,68.63766308652376,7.865366910299096,909.7201972474331,43898.77761291023,8931.828000000005,1335.5899999999997,1935.9830000000004,5660.255000000005,1219.309,7712.519000000005,13.651281686122925,3,2,0,0,1,38.00706389668512,37.99470207748616,38.019425715884076,1.0,0.0,0.0,0.0017659741712796606,2,0,0.0,0.0,0.0017659741712796606,0.9982340258287203,0.9982340258287203,0.9982340258287203,0.0017659741712796606,0.9982340258287203,0.9982340258287203,0.0,2,0,2021,8,12,0,0,0,0,1,1,1,GRAVE_MORTALIDAD,2
9,1,7,0,4,1,-13.789820054211935,-71.56175430662485,1,4,6,1,2,1,0,2,7586.903,2.0,2,0,1.0,9,5,1198.0,0.2666563702876823,69.2051268925879,53.26416935743062,4.071786012074503,252.37477120591296,10641.172559200868,17779.13499998999,2097.3709999899997,2863.123,12818.640999999989,2878.713,14900.421999989989,16.19152450331032,16,1,0,0,15,28.051790142201448,28.02301784097842,28.080562443424473,1.0,0.0,0.0,1.0,1,0,0.0,0.003836306829736791,0.9961636931702632,0.003836306829736791,0.0,0.003836306829736791,1.0,0.0,0.0,0.0,17,3,2023,11,22,0,0,1,2,1,0,1,GRAVE_MORTALIDAD,2
5,1,15,2,2,3,-5.931632703572727,-80.24013332688114,0,3,5,1,2,2,2,0,6543.555,2.191210517746742,3,3,1.0,11,32,1250.9653134158475,0.655862800115551,78.72155780190826,76.67601330852466,11.196779773819438,1125.6473547188507,178242.8468923065,9310.369493345645,1802.0399509057474,748.9927805072102,6759.336761932687,2192.676024921523,7117.693468424122,23.706330598724744,2,1,0,0,1,34.015420872681574,33.05936828394787,34.971473461415286,1.0,0.1912105177467418,0.8087894822532582,0.8087894822532582,1,0,0.0,0.0,0.0,0.8087894822532582,0.8087894822532582,0.1912105177467418,0.1912105177467418,0.8087894822532582,1.0,1.0,4,0,2023,4,27,4,0,1,0,1,0,1,GRAVE_MORTALIDAD,2
6,1,1,0,4,1,-9.693714322295257,-77.53087320334073,0,4,5,0,3,2,2,0,631.6911489580157,1.6872588838115998,1,3,0.0,9,14,165.328172552246,0.4558120466768337,70.52577559308337,56.20652123558395,7.065601674142758,710.532354281649,1351.4709556657983,10767.648,1885.0630000000003,1222.721,7659.864000000001,2100.343,8667.305000000002,19.506051832303577,17,1,0,0,16,42.876446697130405,42.876446697130405,42.876446697130405,1.0,0.0,0.0,0.0,1,0,0.0,0.0,0.6872588838115998,0.31274111618840017,0.0,0.31274111618840017,0.6872588838115998,0.0,0.0,0.0,16,1,2021,7,10,4,0,0,0,1,0,1,GRAVE_MORTALIDAD,2
4,1,3,0,4,1,-16.213703487362515,-71.63790952773272,3,4,3,0,2,1,1,0,1504.4250000000002,2.0,2,0,1.0,7,25,241.0,0.6005060748875158,78.21704200773246,77.40211893847457,8.994742794352394,996.014120858737,33335.45824411135,10322.272,1495.236,1749.739,7077.2970000000005,2886.595,7435.677000000001,27.964725207783708,10,1,0,0,9,28.07555248105818,25.888353587877234,30.262751374239123,1.0,0.0,0.0,0.4860441984846542,1,0,0.0,1.0,0.0,0.0,0.0,0.0,1.0,0.0,0.0,0.0,7,1,2024,4,11,0,0,0,0,1,0,1,GRAVE_MORTALIDAD,2
4,1,12,0,4,0,-7.713328008571691,-78.99664796593825,0,4,0,1,1,2,2,2,6543.555,2.664100671147891,2,1,1.0,4,31,1381.9558859079657,0.5227037285987792,76.9271179353284,61.526719013843405,7.647186817735294,879.7544412394338,7942.0156645111465,8931.828000000005,1335.5899999999997,1935.9830000000004,5660.255000000005,1219.309,7712.519000000005,13.651281686122925,3,1,0,0,2,35.65640268459156,35.65640268459156,35.65640268459156,1.0,1.0,0.0,0.0,1,0,0.0,0.33589932885210905,0.0,0.664100671147891,0.664100671147891,0.0,1.0,0.0,0.664100671147891,0.0,17,1,2022,8,8,2,0,0,0,1,0,1,GRAVE_MORTALIDAD,2
6,1,12,0,4,1,-7.720755890878116,-77.63791562099891,0,4,7,1,7,2,2,5,6543.555,2.0,4,4,1.0,14,33,1198.0,0.4686292122960986,72.39347765706144,42.14285241633188,6.687776775372348,878.2652317159998,9440.374732334049,8931.828000000005,1335.5899999999997,1935.9830000000004,5660.255000000005,1219.309,7712.519000000005,13.651281686122925,4,1,0,0,3,43.4719525509962,43.4719525509962,43.4719525509962,1.0,0.0,0.0,0.0,1,0,0.0,1.0,0.0,0.0,0.0,0.0,1.0,0.0,0.5280474490037993,0.0,12,1,2022,6,14,4,0,0,0,1,0,1,GRAVE_MORTALIDAD,2
0,1,14,1,4,1,-11.829044939408384,-77.12280926448992,0,3,7,1,2,2,2,0,6543.555,2.969441469132257,2,0,1.0,0,30,1466.535286949635,0.7267057021146263,80.21676521419747,75.04306638476194,10.618111243667386,1542.8413291609045,156853.94309549755,7667.247160530695,1686.4285695845176,1569.6830347130453,4411.135556233132,1827.0871056925098,5840.160054838186,23.825099195851486,2,1,0,1,0,58.388829382645135,57.991568481364475,58.7860902839258,1.0,0.0,0.030558530867743183,0.030558530867743183,1,0,0.0,1.0,0.0,0.030558530867743183,0.030558530867743183,0.0,1.0,0.0,0.030558530867743183,0.0,4,0,2023,8,6,1,0,0,0,1,0,1,GRAVE_MORTALIDAD,2
8,2,3,0,4,0,-16.055229621926888,-71.56748188851527,4,4,7,1,2,1,1,0,6543.555,2.0,4,4,1.0,14,33,1198.0,0.5637679134941711,80.58738071004251,58.54039187744738,7.310312185632939,1045.760416364665,2248.8224159029696,10322.272,1495.236,1749.739,7077.2970000000005,2886.595,7435.677000000001,27.964725207783708,4,2,0,0,2,35.104043343057235,28.036119193407394,42.171967492707076,1.0,0.2760108357643085,0.0,0.0,2,0,0.0,0.0,0.0,1.0,0.7239891642356915,0.2760108357643085,0.7239891642356915,0.0,0.0,0.0,14,3,2023,5,6,4,0,0,0,1,0,1,GRAVE_MORTALIDAD,2
5,1,7,0,4,0,-11.779127817481262,-76.32587613702897,4,4,4,1,5,1,1,0,5741.452948239023,1.7879551506170257,3,3,0.7879551506170256,12,32,1200.1204484938298,0.3540761391099651,72.58879360531445,50.228342428113656,7.147077833858917,386.9102607564245,683.6588659035503,3760.110626741884,795.0767132528091,710.9710549158303,2254.0628585732447,1069.1217109550992,2690.9889157867847,28.47751225318924,2,1,0,0,1,45.16624667160636,44.42408969876595,45.90840364444677,1.0,0.0,0.0,0.2120448493829744,1,0,0.0,1.0,0.0,0.2120448493829744,0.0,0.0,1.0,0.0,0.0,0.0,19,2,2023,3,19,2,0,0,0,1,0,1,GRAVE_MORTALIDAD,2
6,1,4,0,4,1,-13.826865564341979,-73.88702423609922,0,4,0,0,1,2,2,2,6543.555,2.0,4,4,1.0,14,33,1198.0,0.2503578862101777,73.52622756128845,30.646402699967442,5.533178036597443,210.27569354282673,627.8176322732054,12678.733000000004,1805.074000000001,1774.0339999999994,9099.625000000004,2485.375000000001,10193.358000000002,19.602707936195205,10,1,0,0,9,43.16236614423177,43.16236614423177,43.16236614423177,1.0,0.0,0.0,0.8949024497863617,1,0,0.0,0.0,0.10509755021363831,0.8949024497863617,0.0,0.8949024497863617,0.10509755021363831,0.8949024497863617,0.8949024497863617,0.0,5,0,2023,6,28,5,0,0,2,1,0,1,GRAVE_MORTALIDAD,2
8,1,5,0,4,2,-6.699159582312455,-78.48144402434069,0,4,2,0,1,2,2,0,6543.555,2.0,4,4,1.0,14,33,1198.0,0.21263637205278868,72.92908663711684,40.902458405788735,3.645385071472709,180.53169135860827,4090.033220239992,15935.565011852366,1733.9250000199986,935.692,13265.948011832368,2000.1670000199988,13935.398011832369,12.551591352627522,3,1,0,0,2,41.246394837162576,41.246394837162576,41.246394837162576,1.0,0.6884012907093567,0.0,0.31159870929064326,1,0,0.0,0.6884012907093567,0.0,0.31159870929064326,0.0,0.31159870929064326,0.6884012907093567,0.6884012907093567,1.0,0.6884012907093567,12,2,2021,10,28,3,0,1,2,1,0,1,GRAVE_MORTALIDAD,2
3,4,19,0,4,1,-6.0574185623574675,-80.50571704166553,0,4,7,1,2,2,2,0,6543.555,3.0,2,0,1.0,0,30,1475.0,0.4860724693701166,72.15814961491549,57.86687952143938,7.507596134322599,781.8218439197168,48691.10064239828,8965.846000060003,1782.4120000599992,636.9959999999999,6546.438000000004,2214.505000059999,6751.341000000004,24.699342371541725,4,4,0,0,0,50.594381473590715,35.852143923253735,65.84154755981923,1.0,0.0,0.0,1.0,4,0,0.0,0.841547559819237,0.158452440180763,1.0,0.0,0.158452440180763,1.0,0.0,1.0,0.0,11,2,2022,10,10,2,0,0,0,1,1,1,GRAVE_MORTALIDAD,2
6,1,3,0,4,1,-16.125046796881968,-71.61025087858306,0,4,5,0,2,1,1,0,1504.4250000000002,2.0,2,0,1.0,7,25,241.0,0.6005060748875158,78.21704200773246,77.40211893847457,8.994742794352394,996.014120858737,33335.45824411135,10322.272,1495.236,1749.739,7077.2970000000005,2886.595,7435.677000000001,27.964725207783708,5,1,0,0,4,24.017070016810337,22.63696947899274,25.397170554627934,1.0,0.21232315966424586,0.0,0.0,1,0,0.0,1.0,0.0,0.21232315966424586,0.0,0.21232315966424586,1.0,0.0,0.0,0.0,2,0,2024,4,11,2,0,0,0,1,0,1,GRAVE_MORTALIDAD,2
5,1,5,0,4,1,-7.110645912631211,-78.50116346624417,1,4,3,0,2,1,0,0,5366.996598754324,1.6889633327396631,3,3,0.688963332739663,12,32,1201.1103666726033,0.4873182795359782,74.24096566709692,64.6877883123536,6.6248391576573376,776.4319899416191,48280.91862955032,15935.565011852366,1733.9250000199986,935.692,13265.948011832368,2000.1670000199988,13935.398011832369,12.551591352627522,2,1,0,0,1,47.77926665479326,47.77926665479326,47.77926665479326,1.0,1.0,0.0,0.0,1,0,0.0,0.0,0.688963332739663,0.31103666726033696,1.0,0.0,0.0,1.0,0.31103666726033696,0.31103666726033696,16,3,2021,7,19,3,0,0,2,1,0,1,GRAVE_MORTALIDAD,2
2,1,14,0,4,1,-11.894175871658792,-76.9816209246982,0,2,7,1,2,1,1,0,2900.6920685222885,2.0,2,2,0.3268932630556065,9,25,1218.1939184658634,0.6995205601859118,79.38420931424014,75.62757833803373,10.505450789382321,1416.3559551690855,357809.53945817694,7626.313,1683.4029999999998,1599.0829999999996,4343.827000000001,1814.875,5811.438000000001,23.797541485643197,9,2,0,0,6,26.98067978916682,24.0,29.96135957833364,1.0,0.3268932630556065,0.0,0.0,2,0,0.0,0.0,0.6731067369443935,1.0,0.0,0.3268932630556065,1.0,0.0,1.0,0.0,13,2,2024,2,10,3,0,0,0,1,0,1,GRAVE_MORTALIDAD,2
5,1,1,0,4,1,-9.6425341045525,-77.48869419686409,0,4,0,0,2,0,1,0,9936.932,2.0,2,0,1.0,9,32,3830.0,0.32375153259177836,74.54738970639518,52.58582616750091,5.6701915459334655,303.12296390701084,1878.3995551876435,10767.648,1885.0630000000003,1222.721,7659.864000000001,2100.343,8667.305000000002,19.506051832303577,3,1,0,0,2,20.12418151247939,20.06479035433707,20.183572670621704,1.0,1.0,0.0,0.010798392389511968,1,0,0.0,0.010798392389511968,0.0,0.989201607610488,0.0,1.0,0.010798392389511968,0.0,0.0,0.0,7,1,2022,6,28,5,1,1,0,1,0,1,GRAVE_MORTALIDAD,2
4,1,8,0,4,1,-8.2679142575815,-79.0378327362175,0,3,2,1,1,2,2,1,6543.555,2.2989887329049594,3,2,1.0,9,32,1280.8198790146737,0.6048919496782973,78.81589310662086,68.83101013140761,8.846037758222046,1078.1877385774608,19971.601719326754,9480.717495641586,1499.8762360354867,1722.7256983907432,6258.115561215356,1482.7282393061878,7997.989256335399,15.40179199357926,4,1,1,0,2,37.0,33.0,40.0,0.0,0.0,0.0,0.0,1,0,0.2989887329049593,0.0,0.0,0.7010112670950407,0.0,0.7010112670950407,0.0,0.7010112670950407,0.7010112670950407,1.0,15,1,2021,6,23,6,1,0,0,1,0,1,GRAVE_MORTALIDAD,2
6,1,8,0,4,1,-12.52746943577293,-75.0968336063772,6,4,0,0,6,2,2,0,6543.555,2.0,4,4,1.0,14,33,1198.0,0.20930882121118055,65.98817649428123,54.89911828201462,4.414449904937841,163.12993018500998,1129.5565549640492,8511.426,1445.3929999999996,2008.516,5057.516999999999,1879.579,6631.846999999998,22.08300935706896,2,1,0,0,1,49.4142234570944,49.4142234570944,49.4142234570944,1.0,0.0,0.0,0.0,1,0,0.0,0.0,0.0,1.0,0.0,1.0,0.0,0.0,0.0,0.0,10,1,2022,4,22,1,0,1,2,1,0,1,GRAVE_MORTALIDAD,2
6,1,6,0,4,2,-12.849879279402003,-74.58555615428135,6,4,1,1,6,2,2,0,6543.555,2.0,4,4,1.0,14,33,1198.0,0.21032417635204037,64.94939910308325,56.554092508401304,4.507000401402773,151.80061946354527,1154.4652695129682,8476.8005084372,1408.3857070530603,1847.1660469610551,5221.248754423084,1778.0802385461363,6698.720269891062,20.96023466491942,2,1,0,0,1,46.911850394343325,46.911850394343325,46.911850394343325,1.0,0.0,0.0,0.0,1,0,0.0,0.0,0.0,1.0,0.0,0.7728805774635181,0.22711942253648187,0.0,0.0,0.0,12,1,2023,4,18,1,0,0,2,1,0,1,GRAVE_MORTALIDAD,2
6,1,5,1,4,1,-6.728807598912803,-78.53435012165319,0,3,3,0,1,2,2,0,3361.130790650138,1.4918678219172068,1,2,0.4918678219172068,11,32,614.6642595609534,0.3484871558022944,76.33677469666252,53.28672218475212,4.131981838863427,447.1658531581213,76209.5845824411,15935.565011852366,1733.9250000199986,935.692,13265.948011832368,2000.1670000199988,13935.398011832369,12.551591352627522,5,1,0,0,4,31.837356438344138,31.837356438344138,31.837356438344138,1.0,0.4918678219172068,0.0,0.4918678219172068,1,0,0.0,0.0,0.4918678219172068,0.5081321780827932,0.4918678219172068,0.0,0.5081321780827932,1.0,0.4918678219172068,0.4918678219172068,14,2,2022,8,12,3,0,0,2,1,0,1,GRAVE_MORTALIDAD,2
6,1,4,0,4,2,-13.443650318553454,-73.95528021396876,0,4,0,0,5,1,1,2,6543.555,2.0,4,4,1.0,14,33,1198.0,0.3099833946943935,77.46180482730264,56.13352590440544,4.6981609812445715,298.555261602609,2757.1280895903706,12678.733000000004,1805.074000000001,1774.0339999999994,9099.625000000004,2485.375000000001,10193.358000000002,19.602707936195205,16,1,0,0,15,45.86288074018172,43.705678889727416,48.02008259063604,1.0,0.0,0.0,1.0,1,0,0.0,0.0,0.2157201850454309,0.7842798149545691,0.0,0.0,1.0,0.0,0.2157201850454309,0.0,9,1,2023,4,21,3,0,0,2,1,0,1,GRAVE_MORTALIDAD,2
6,1,11,0,4,1,-10.008775350857212,-76.69617813567189,1,4,2,1,2,1,1,2,1329.2995406370767,1.4160734608022587,1,0,0.0,9,19,434.55225047853185,0.4905829422441548,73.51141941771564,54.601930376234485,6.787222015579172,897.9187593655377,25350.59175806373,7966.592687158249,1479.07250577123,1127.7923866542678,5359.727794732751,1374.001120081078,6592.591567077171,17.440513149287106,2,1,0,0,1,33.65005690246325,33.65005690246325,33.65005690246325,1.0,0.4160734608022587,0.0,0.0,1,0,0.0,0.0,0.5839265391977413,0.4160734608022587,1.0,0.0,0.0,1.0,0.5839265391977413,1.0,12,1,2022,7,6,4,0,0,1,1,0,1,GRAVE_MORTALIDAD,2
3,1,5,0,4,2,-6.847620779784924,-78.85900592110465,0,3,0,0,3,1,0,2,6543.555,2.0,4,4,1.0,14,33,1198.0,0.3972503673678247,73.30603941516719,54.978284341595796,5.29085021547861,557.3694509997589,14064.118826332508,15935.565011852366,1733.9250000199986,935.692,13265.948011832368,2000.1670000199988,13935.398011832369,12.551591352627522,5,1,0,0,3,31.12905027591454,17.824332720189908,44.43376783163917,1.0,0.9175667279810092,0.0,1.0,1,0,0.0,0.08243327201899076,0.0,0.9175667279810092,0.0,0.9175667279810092,0.08243327201899076,0.0,0.9175667279810092,0.0,13,2,2023,7,26,5,0,0,2,1,0,1,GRAVE_MORTALIDAD,2
6,1,5,0,4,2,-11.754326955025295,-74.80627369659679,1,4,1,0,5,2,2,0,6543.555,2.0,4,4,1.0,14,33,1198.0,0.5061162024972821,74.27929464748942,67.48903368895812,7.7443959563957705,795.7027596382997,28211.96997416585,8501.190738176103,1399.6156921026006,1143.169525448133,5958.40552062537,1615.901158826541,6885.289579349563,18.911105431212945,4,1,0,0,3,34.95348037716738,34.95348037716738,34.95348037716738,1.0,0.0,0.0,0.23434766329481693,1,0,0.0,0.0,0.0,1.0,0.0,0.7656523367051831,0.23434766329481693,0.0,0.23434766329481693,0.0,15,1,2024,2,13,4,0,0,1,1,0,1,GRAVE_MORTALIDAD,2
3,1,10,0,4,1,-13.716590596287142,-75.7434783029944,0,4,0,0,2,2,2,1,1513.8100452263052,1.0697994848947499,1,2,0.06979948489474974,9,17,278.58533664205424,0.6109882887376886,80.41607373244926,70.80809842716957,10.410964942426094,967.3779464838804,66767.4555413601,3667.5557652090883,682.2786275930013,755.9075107160155,2229.369626900071,1086.3984232002417,2581.157342008846,29.618351273095108,6,2,0,0,4,42.604699227342124,41.06979948489475,44.139598969789496,1.0,0.0,0.0,0.0,2,0,0.0,0.9302005151052503,0.9302005151052503,0.06979948489474974,0.0,1.0,1.0,0.0,0.9302005151052503,0.0,9,1,2022,3,7,1,0,0,0,1,0,1,GRAVE_MORTALIDAD,2
6,1,3,0,4,1,-15.860104871968659,-72.41443312447919,3,4,1,0,4,2,2,0,6543.555,2.0,4,4,1.0,14,33,1198.0,0.5406720254081719,80.22950720878929,63.44108267702145,8.625760792129247,813.8634646098916,7846.756310323468,10322.272,1495.236,1749.739,7077.2970000000005,2886.595,7435.677000000001,27.964725207783708,5,1,0,0,4,38.55375526519736,38.55375526519736,38.55375526519736,1.0,0.5212982794306678,0.0,0.47870172056933225,1,0,0.0,0.0,0.47870172056933225,0.5212982794306678,0.0,0.0,0.47870172056933225,0.5212982794306678,0.0,0.5212982794306678,12,2,2022,5,6,3,0,0,0,1,0,1,GRAVE_MORTALIDAD,2
6,1,1,0,4,1,-8.747465167035447,-77.50595635740827,0,4,5,0,1,1,0,0,6543.555,2.0,4,4,1.0,14,33,1198.0,0.300085797786583,74.2691214937901,44.02589708290974,5.295216157653881,284.914870386193,1719.7676926958375,10767.648,1885.0630000000003,1222.721,7659.864000000001,2100.343,8667.305000000002,19.506051832303577,4,1,0,0,3,29.55114292730467,28.861746070724816,30.06819056973956,1.0,0.0,0.0,0.0,1,0,0.0,0.0,0.0,1.0,0.1723492141449633,0.8276507858550367,0.0,0.0,1.0,0.1723492141449633,18,2,2021,5,21,4,0,1,0,1,0,1,GRAVE_MORTALIDAD,2
6,1,10,0,4,1,-13.379688632138613,-76.20653996077341,0,4,7,1,2,1,0,1,6639.975,2.0,2,0,1.0,9,31,1616.0,0.5736744275518083,81.67473861808857,68.1608574885675,9.138785887908334,865.1176766860625,26660.92933618844,3721.461,698.1859999999996,744.866,2278.409,1102.9029999999996,2618.558,29.636290693359403,4,1,0,0,2,54.871497233033175,52.99065928808846,56.75233517797788,1.0,0.0,0.0,0.752335177977885,1,0,0.0,0.752335177977885,0.0,0.0,0.0,0.24766482202211504,0.752335177977885,0.0,0.0,0.0,4,0,2023,8,8,1,0,0,0,1,0,1,GRAVE_MORTALIDAD,2
9,1,2,0,4,1,-14.127078041234652,-72.89416420068098,5,4,5,1,5,2,2,0,6543.555,2.0,4,4,1.0,14,33,1198.0,0.35903932595794985,63.43985791489047,58.01194955281844,7.169273915501449,416.75695420017905,635.0674429979281,8372.449359364817,1296.856502158814,1360.904271533199,5714.688585672803,1472.1925266583532,6900.256832706463,17.57651868033328,2,1,0,0,1,29.70727017755099,29.70727017755099,29.70727017755099,1.0,0.0,0.0,0.0,1,0,0.0,0.0,0.0,1.0,0.0,0.08840877219387344,0.9115912278061266,0.0,0.9115912278061266,0.0,0,0,2022,3,21,2,0,1,2,1,0,1,GRAVE_MORTALIDAD,2
3,2,7,0,4,1,-15.11473978791933,-71.12053375565657,0,4,3,1,2,1,1,1,568.5409999999999,1.0,2,3,0.0,9,3,93.0,0.3491291336434085,68.34579473193322,63.63866309000273,4.984551874124405,419.36068685534286,1114.627408993576,17779.13499998999,2097.3709999899997,2863.123,12818.640999999989,2878.713,14900.421999989989,16.19152450331032,31,2,0,0,29,40.4807032053367,25.324756980149644,55.63664943052376,1.0,0.0,0.0,0.44587383664172575,2,0,0.0,0.0,1.0,0.44587383664172575,0.0,0.44587383664172575,1.0,0.0,0.0,0.0,1,0,2023,6,22,1,0,1,2,1,0,1,GRAVE_MORTALIDAD,2