CLASE SINIESTRO,CANTIDAD DE VEHICULOS DAÑADOS,DEPARTAMENTO,ZONA,TIPO DE VÍA,RED VIAL,COORDENADAS LATITUD,COORDENADAS  LONGITUD,CONDICIÓN CLIMÁTICA,ZONIFICACIÓN,CARACTERÍSTICAS DE VÍA,PERFIL LONGITUDINAL VÍA,SUPERFICIE DE CALZADA,¿EXISTE SEÑAL VERTICAL?,¿EXISTE SEÑAL HORIZONTAL?,CAUSA FACTOR PRINCIPAL,MTC_RVN_LONGITUD_KM,MTC_RVN_N_CARRILES_MEDIANA,MTC_RVN_SUPERFICIE_DOMINANTE,MTC_RVN_ESTADO_DOMINANTE,MTC_RVN_ES_CONCESIONADA,MTC_RVN_CONCESION_PRINCIPAL,MTC_RVN_CORREDOR_LOGISTICO,MTC_RVN_N_TRAMOS,IDH_2019,IDH_ESP_VIDA_2019,IDH_EDUC_SECUND_PCT_2019,IDH_ANIOS_EDUC_2019,IDH_INGRESO_PERCAP_2019,IDH_POBLACION_2019,MTC_DEP_RED_TOTAL_KM,MTC_DEP_NACIONAL_TOTAL_KM,MTC_DEP_DEPARTAMENTAL_TOTAL_KM,MTC_DEP_VECINAL_TOTAL_KM,MTC_DEP_PAV_TOTAL_KM,MTC_DEP_NO_PAV_TOTAL_KM,MTC_DEP_PCT_PAVIMENTADA,PER_TOTAL_PERSONAS,PER_N_CONDUCTORES,PER_N_CONDUCTORES_FUGADOS,PER_N_PEATONES,PER_N_PASAJEROS_OCUPANTES,PER_EDAD_COND_PROM,PER_EDAD_COND_MIN,PER_EDAD_COND_MAX,PER_ANY_COND_MASCULINO,PER_ANY_LIC_PROBLEMA,PER_ANY_DOSAJE_POS,PER_ANY_DOSAJE_EVALUADO,VEH_TOTAL,VEH_N_FUGADOS,VEH_ANY_FUGADO,VEH_ANY_CARGA,VEH_ANY_PUBLICO,VEH_ANY_PARTICULAR,VEH_ANY_MOTO,VEH_ANY_AUTO,VEH_ANY_CAMION_BUS,VEH_ANY_SOAT_PROBLEMA,VEH_ANY_CITV_PROBLEMA,VEH_ANY_SEGURO_PROBLEMA,HORA_NUM,FRANJA_HORARIA,ANIO,MES,DIA_MES,DIA_SEMANA,ES_FIN_SEMANA,ES_QUINCENA,REGION_NATURAL,TIENE_SEÑALIZACION,ES_VIA_MULTICARRIL,ES_DEPTO_BAJO_PAVIMENTO,CATEGORIA_SEVERIDAD,CATEGORIA_SEVERIDAD_ENC
6,1,4,0,4,2,-13.828603344025804,-73.95279742362565,0,4,0,0,4,1,0,2,6543.555,2.0,4,4,1.0,14,33,1198.0,0.3566876362889409,75.91728027513236,60.04808544775226,5.515465093005525,390.86948739143827,2947.11596478942,12678.733000000004,1805.074000000001,1774.0339999999994,9099.625000000004,2485.375000000001,10193.358000000002,19.602707936195205,28,1,0,0,27,47.10858917719672,41.83711623420491,52.380062120188526,1.0,0.0,0.0,1.0,1,0,0.0,0.0,0.5271472942991805,0.4728527057008195,0.0,0.0,1.0,0.0,0.5271472942991805,0.0,9,1,2023,4,15,3,0,0,2,1,0,1,GRAVE_MORTALIDAD,2
3,1,13,0,4,1,-8.121521906727159,-79.12736728701276,0,3,7,1,2,2,2,0,6566.313668610284,2.763963196325618,2,0,1.0,2,30,1508.2811893180879,0.5983988944789693,80.21826698881242,72.70929071195862,9.662145050145368,965.7807770929619,96668.55060696899,4443.167138999361,790.8334752417311,904.3692476053177,2747.9644161523124,965.7146280201491,3477.452510979212,21.14846342752501,7,1,0,0,5,34.27027602755786,28.540552055115732,40.0,1.0,0.0,0.0,0.0,1,0,0.0,0.7639631963256179,0.0,0.7639631963256179,0.0,0.7639631963256179,1.0,0.0,0.23603680367438207,0.0,14,2,2022,4,1,3,0,0,0,1,0,1,GRAVE_MORTALIDAD,2
3,1,10,0,4,1,-13.475864990216408,-76.1839562570787,0,4,7,1,2,0,0,2,205.54999999999995,-1.0,2,0,1.0,13,31,15.0,0.5935454717688132,79.82270610044196,65.40471106456853,9.554430232416086,978.9182940808604,5314.299785867237,3721.461,698.1859999999996,744.866,2278.409,1102.9029999999996,2618.558,29.636290693359403,2,1,0,0,1,36.98476356107282,36.98476356107282,36.98476356107282,1.0,0.9949211870242728,0.0,0.005078812975727209,1,0,0.9949211870242728,0.005078812975727209,0.9949211870242728,0.0,0.0,0.9949211870242728,0.005078812975727209,0.0,0.0,0.9949211870242728,9,1,2022,1,22,5,0,0,0,0,0,1,GRAVE_MORTALIDAD,2
3,1,3,0,4,1,-16.071143001114635,-71.57467925819371,0,3,6,0,2,0,1,0,1504.4250000000002,2.0,2,0,1.0,7,25,241.0,0.6005060748875158,78.21704200773246,77.40211893847457,8.994742794352394,996.014120858737,33335.45824411135,10322.272,1495.236,1749.739,7077.2970000000005,2886.595,7435.677000000001,27.964725207783708,13,2,0,0,11,41.67103457054064,34.917758642635164,48.424310498446125,1.0,0.0,0.0,1.0,2,0,0.0,1.0,0.0,0.08224135736483928,0.0,0.08224135736483928,1.0,0.0,0.0,0.0,5,0,2024,8,8,4,0,0,0,1,0,1,GRAVE_MORTALIDAD,2
6,1,10,0,4,2,-14.015325258570662,-75.45728801920329,1,4,1,0,7,2,2,4,6543.555,2.0,4,4,1.0,14,33,1198.0,0.3836459514057415,75.35247580780259,53.60842908354961,6.895089385135739,413.1733588843099,929.6745182012849,3721.461,698.1859999999996,744.866,2278.409,1102.9029999999996,2618.558,29.636290693359403,2,1,0,0,1,56.61785828036208,56.61785828036208,56.61785828036208,0.8025511829088683,0.8025511829088683,0.0,0.0,1,0,0.0,0.0,0.0,0.1974488170911317,0.0,1.0,0.0,0.8025511829088683,0.8025511829088683,0.8025511829088683,10,1,2022,6,7,5,0,0,0,1,0,1,GRAVE_MORTALIDAD,2
3,2,19,0,4,1,-15.377776036535575,-70.2098686970457,0,4,6,0,2,2,2,2,7487.650343577582,1.9841188838262371,1,0,0.9841188838262372,9,5,1183.9769744185674,0.5199398901708635,73.87367964746014,78.66742065780136,8.709661365651725,723.4186288501446,65469.86923805449,13620.432506331505,2017.6930609106957,2334.288187729996,9268.451257690815,3286.648879944314,10333.78362638719,24.112354692407813,7,2,0,0,4,33.928534977218064,19.095286697042575,42.857069954436135,1.0,0.9841188838262372,0.0,0.015881116173762755,2,0,0.0,0.0,0.9841188838262372,1.0,0.015881116173762755,0.9841188838262372,1.0,1.0,0.9841188838262372,0.9841188838262372,16,3,2021,9,30,5,0,1,2,1,0,1,GRAVE_MORTALIDAD,2
3,1,1,0,9,3,-9.340170326108563,-77.1819787934544,0,4,1,0,7,1,1,0,6543.555,2.0,4,4,1.0,14,33,1198.0,0.5145333116180076,75.5741632211344,60.507350109076995,7.8241301706932855,830.9349539653153,16387.546779941866,10767.648,1885.0630000000003,1222.721,7659.864000000001,2100.343,8667.305000000002,19.506051832303577,3,1,0,0,1,42.68126973980231,41.20876184388138,44.15377763572324,1.0,0.0,0.0,0.7362539479604622,1,0,0.0,0.0,0.0,1.0,0.0,0.0,1.0,0.2637460520395378,0.7362539479604622,1.0,11,2,2023,5,18,0,0,0,0,1,0,1,GRAVE_MORTALIDAD,2
5,1,9,0,4,1,-8.780250033077376,-76.14613747356951,2,4,7,1,1,1,0,2,7758.33400008,2.0,2,0,1.0,9,20,2133.0,0.4488980782274319,72.32233236849576,48.83099256769076,6.808038769056246,716.252056011431,32955.28479657388,8209.057,1333.4779999999996,791.9770000000001,6083.602,1059.8589999999997,7149.198,12.910849565303296,4,1,0,0,2,36.51676262470738,35.38801836321073,37.645506886204025,1.0,0.22574885229932895,0.0,0.0,1,0,0.0,0.22574885229932895,0.0,0.774251147700671,0.22574885229932895,0.774251147700671,0.22574885229932895,0.0,0.22574885229932895,0.0,6,1,2021,1,16,0,0,0,2,1,0,1,GRAVE_MORTALIDAD,2
3,2,20,0,4,1,-15.431512465889515,-70.14372455821281,0,4,7,1,2,2,2,3,7586.903,2.0,2,0,1.0,9,5,1198.0,0.5225679967471315,73.87568641139362,79.22999870887685,8.745562804731529,728.6643223924281,65445.28409703769,13642.312999999998,2020.7790000000005,2354.117,9267.416999999998,3314.0520000000006,10328.260999999997,24.29244952817019,6,2,0,0,3,34.0,20.375188078505573,43.68759403925279,1.0,0.6562029803736066,0.0,0.0,2,0,0.0,0.0,1.0,1.0,0.0,1.0,1.0,0.6562029803736066,1.0,1.0,11,1,2021,9,27,5,1,1,2,1,0,1,GRAVE_MORTALIDAD,2
3,1,14,0,4,1,-10.642242534530512,-77.83151896634317,1,4,7,1,2,1,1,0,6543.555,3.0,2,0,1.0,0,30,1475.0,0.6184405154773318,82.6992929842848,70.37613478306046,8.39068970512363,1098.0687254529487,20184.848038683307,7626.313,1683.4029999999998,1599.0829999999996,4343.827000000001,1814.875,5811.438000000001,23.797541485643197,3,2,0,0,1,39.631621376207086,29.94332636557032,49.31991638684384,1.0,0.0,0.5283368172148397,1.0,2,0,0.0,1.0,1.0,0.0,0.0,0.4716631827851603,1.0,0.0,0.5283368172148397,0.0,12,0,2021,6,1,2,0,0,0,1,1,1,GRAVE_MORTALIDAD,2
3,2,11,0,4,1,-11.778303334736727,-75.6866739604006,0,4,0,0,2,1,1,2,7586.903,2.0,2,0,1.0,9,5,1198.0,0.4545643050211295,68.73444804749025,55.05670880126828,7.076811092931955,737.237129067086,1424.8051391862955,12264.545,1826.4639999999995,1105.5389999999998,9332.542,1588.5359999999996,10676.009,12.952261987705208,4,2,0,0,2,43.63977075290194,37.28232921286019,49.997212292943686,1.0,0.5716276933611655,0.0,1.0,2,0,0.0,0.4283723066388345,0.5716276933611655,1.0,0.0,1.0,1.0,0.0,0.5716276933611655,0.0,6,0,2022,11,10,3,0,0,2,1,0,1,GRAVE_MORTALIDAD,2
3,1,21,1,4,1,-6.0476968733714145,-76.97222716133933,0,2,0,0,3,2,2,1,7758.33400008,2.0,2,0,1.0,9,20,2133.0,0.5294800468051228,72.46713251445857,60.50982579904599,7.757161651692042,952.984823255978,86435.21199143468,5645.136,815.0759999999999,965.298,3864.762,1013.406,4631.73,17.95184385283189,3,2,0,0,1,30.801618759098318,21.55683463218151,40.04640288601512,1.0,1.0,0.0,0.9535971139848743,2,0,0.0,0.0,0.9535971139848743,1.0,1.0,0.0,1.0,0.0,1.0,1.0,7,1,2022,2,13,5,0,0,1,1,0,1,GRAVE_MORTALIDAD,2
1,1,11,0,5,2,-11.549071951475694,-74.856561234843,0,4,4,0,3,2,2,1,6060.019450044189,2.0,3,2,0.3760404905679857,10,32,678.2417286431321,0.42846126036003773,72.74703237812888,63.11235025907842,7.464600916809127,529.5409255648135,26935.217069331316,12264.545,1826.4639999999995,1105.5389999999998,9332.542,1588.5359999999996,10676.009,12.952261987705208,3,1,0,0,0,34.863554603752156,26.752080981135972,42.975028226368345,1.0,0.6239595094320143,0.0,1.0,1,0,0.0,0.3760404905679857,0.0,0.6239595094320143,0.6239595094320143,0.6239595094320143,0.3760404905679857,0.0,0.6239595094320143,0.0,18,2,2021,6,22,2,0,0,2,1,0,1,GRAVE_MORTALIDAD,2
7,1,5,0,4,2,-7.002422938654083,-78.80798155120458,2,4,6,0,2,2,2,1,6543.555,2.0,4,4,1.0,14,33,1198.0,0.3073468916725943,71.69733162329491,53.78372378899617,4.257087678496412,340.8416647056818,3620.206211679982,15935.565011852366,1733.9250000199986,935.692,13265.948011832368,2000.1670000199988,13935.398011832369,12.551591352627522,6,1,0,0,5,38.3914715298057,38.3914715298057,38.3914715298057,1.0,0.37390189801295326,0.0,0.6260981019870467,1,0,0.0,0.37390189801295326,0.0,0.6260981019870467,0.0,0.6260981019870467,0.37390189801295326,0.0,1.0,0.0,9,1,2023,7,26,2,0,1,2,1,0,1,GRAVE_MORTALIDAD,2
5,1,17,2,2,3,-6.396372473081707,-79.65922246837684,0,3,6,0,2,2,2,0,5995.3016742113805,2.0,3,3,1.0,13,32,1093.8791631135316,0.6563514726661275,78.57783212745537,77.41678785354813,11.253823682292039,1122.3327235193922,180483.6898488148,9113.424067236927,1751.1674802481334,758.0615510967182,6604.195035892076,2287.627856127689,6825.796211109239,25.054613420302672,2,1,0,0,1,31.795186842870145,30.43519681039276,33.15517687534752,1.0,0.0,0.8912007974018095,0.8912007974018095,1,0,0.0,0.10879920259819054,0.0,1.0,1.0,0.0,0.10879920259819054,0.8912007974018095,0.8912007974018095,0.8912007974018095,5,0,2023,3,27,3,0,1,0,1,0,1,GRAVE_MORTALIDAD,2
4,0,16,0,3,1,-8.580497443504749,-78.83222082777435,0,3,4,0,1,2,2,0,6543.555,2.0,4,4,1.0,14,33,1198.0,0.6675995647185614,80.05658757916079,73.74253976379889,10.270319765565638,1253.1320082966208,158381.10289600815,8303.656377467914,1733.4675303231475,1112.5975920490323,5457.5912550957355,2016.9504501501774,6286.705927317738,24.253542836733992,4,1,0,0,2,26.437780068267585,26.437780068267585,26.437780068267585,1.0,0.0,0.5056563574302194,1.0,1,0,0.0,0.4943436425697806,0.0,1.0,0.4943436425697806,0.0,1.0,0.0,0.4943436425697806,0.0,14,1,2021,10,21,4,0,0,0,1,0,1,GRAVE_MORTALIDAD,2
6,1,5,0,4,1,-7.225790655098646,-79.11620230454103,1,0,0,1,2,1,1,4,887.28,2.0,2,0,1.0,8,17,155.0,0.540449919492304,73.1758934406446,64.59517571383009,7.5364869781489965,997.2468129601477,7463.241213911574,15935.565011852366,1733.9250000199986,935.692,13265.948011832368,2000.1670000199988,13935.398011832369,12.551591352627522,3,1,0,0,2,34.272882172420005,34.157165611290914,34.388598733549095,1.0,0.07714437408606101,0.0,0.922855625913939,1,0,0.0,0.07714437408606101,0.0,1.0,0.0,0.07714437408606101,1.0,0.0,1.0,0.0,6,1,2022,4,5,1,0,0,2,1,0,1,GRAVE_MORTALIDAD,2
3,1,7,0,4,1,-13.596363426093284,-71.77851966216505,4,4,6,1,4,2,2,0,7586.903,2.0,2,0,1.0,9,5,1198.0,0.5065580412535501,64.79370905469777,77.15417383818448,8.35812941450031,844.3117831870799,8658.316916488222,17779.13499998999,2097.3709999899997,2863.123,12818.640999999989,2878.713,14900.421999989989,16.19152450331032,5,2,0,0,3,31.040706119276877,19.14337144337457,42.93804079517919,1.0,0.6938040795179188,0.0,0.0,2,0,0.0,0.0,0.0,1.0,0.0,1.0,1.0,0.0,0.0,0.0,17,1,2025,5,10,2,0,0,2,1,0,1,GRAVE_MORTALIDAD,2
3,2,20,0,4,1,-15.692103174754033,-70.71585422460669,0,4,7,0,2,1,1,2,1504.4250000000002,2.0,2,0,1.0,7,25,241.0,0.4698599762559323,78.4228993312338,68.12786536644234,6.991927650318564,610.3916333612686,6938.8501070663815,13642.312999999998,2020.7790000000005,2354.117,9267.416999999998,3314.0520000000006,10328.260999999997,24.29244952817019,4,2,0,0,2,34.4205235213707,22.099335290971144,46.741711751770254,1.0,0.0,0.0,0.34437058788568253,2,0,0.0,0.34437058788568253,0.0,1.0,0.0,0.34437058788568253,1.0,0.0,1.0,0.6556294121143175,5,1,2022,9,22,4,0,1,2,1,0,1,GRAVE_MORTALIDAD,2
6,1,5,0,4,2,-6.8006779733774145,-78.47641864310893,0,3,1,0,1,2,2,1,6543.555,2.0,4,4,1.0,14,33,1198.0,0.3306771272205046,75.99347720674142,44.53865341824826,4.5961020771353525,393.79519248673495,14129.786161677783,15935.565011852366,1733.9250000199986,935.692,13265.948011832368,2000.1670000199988,13935.398011832369,12.551591352627522,12,1,0,0,11,41.45408160772219,41.45408160772219,41.45408160772219,1.0,0.7607411372485361,0.0,0.2392588627514639,1,0,0.0,0.2392588627514639,0.7607411372485361,0.0,0.0,0.0,1.0,0.7607411372485361,0.7607411372485361,0.7607411372485361,7,0,2022,9,22,4,0,0,2,1,0,1,GRAVE_MORTALIDAD,2
5,1,12,0,4,1,-8.774685356073604,-78.6363901939596,0,4,7,1,2,2,2,2,6543.555,3.0,2,0,1.0,0,30,1475.0,0.4867987483268106,77.5825534369154,52.95148122709723,6.150547060309878,840.5788229266196,9838.736616702356,8931.828000000005,1335.5899999999997,1935.9830000000004,5660.255000000005,1219.309,7712.519000000005,13.651281686122925,3,1,0,0,1,28.2805278218554,26.316833068867595,30.244222574843207,1.0,0.0,0.0,0.0,1,0,0.0,0.0,0.0,1.0,0.2805278218554009,0.7194721781445991,0.2805278218554009,0.0,1.0,0.0,15,2,2021,7,12,1,0,0,0,1,1,1,GRAVE_MORTALIDAD,2
5,1,1,0,4,1,-9.461308583334626,-78.32668989271721,1,4,6,1,2,2,2,0,6543.555,3.0,2,0,1.0,0,30,1475.0,0.5873460606982213,78.04758132038613,65.8701248560095,8.596987164492063,1041.0659985770535,35482.29764453961,10767.648,1885.0630000000003,1222.721,7659.864000000001,2100.343,8667.305000000002,19.506051832303577,3,1,0,0,2,38.897654918195734,38.71812393455659,39.07718590183488,1.0,0.0,0.0,0.0,1,0,0.0,0.8204690163608535,0.0,0.17953098363914655,0.0,0.17953098363914655,0.8204690163608535,0.0,0.0,0.0,2,0,2021,10,24,2,0,1,0,1,1,1,GRAVE_MORTALIDAD,2
4,1,12,2,2,2,-8.09443832022477,-79.07972241862964,0,0,2,1,2,2,2,0,6543.555,2.415680268237291,3,2,1.0,8,31,1313.1434343017295,0.583006771156836,78.2441938961209,62.24037484511178,8.807312392374042,1028.2282118265089,76607.295503212,8931.828000000005,1335.5899999999997,1935.9830000000004,5660.255000000005,1219.309,7712.519000000005,13.651281686122925,3,1,0,0,2,31.44304415767801,29.15680268237291,33.72928563298311,1.0,0.0,0.0,0.0,1,0,0.0,0.0,0.415680268237291,1.0,0.0,1.0,0.415680268237291,0.0,0.584319731762709,0.0,2,0,2022,10,11,3,0,0,0,1,0,1,GRAVE_MORTALIDAD,2
3,2,15,0,4,1,-13.357947495917877,-72.36154123303218,0,4,3,0,2,2,2,3,4408.744870876615,1.4914725682264276,1,1,0.4914725682264275,9,18,748.9702777439354,0.43841369216086007,73.81142804956929,61.21575031755497,7.595966868748718,560.6925604746,66232.52212768178,12941.680177380187,1921.9644920949181,1719.1808362910165,9300.534848994252,2436.5797800357923,10505.100397344395,18.525653082386867,3,2,0,0,1,31.711626557018924,24.017054863547145,39.406198250490704,1.0,0.0,0.0,0.5085274317735725,2,0,0.0,0.0,0.4914725682264275,1.0,0.5085274317735725,0.4914725682264275,1.0,0.5085274317735725,0.4914725682264275,0.4914725682264275,8,1,2021,5,21,2,0,1,2,1,0,1,GRAVE_MORTALIDAD,2
3,4,3,0,4,1,-16.03781037645355,-71.31778179110984,3,4,0,0,2,0,1,0,1504.4250000000002,2.0,2,0,1.0,7,25,241.0,0.4685280505645348,81.83746865987648,70.74305753660312,6.037751599761188,617.4715908037651,1751.8736616702354,10322.272,1495.236,1749.739,7077.2970000000005,2886.595,7435.677000000001,27.964725207783708,7,4,0,0,2,40.46805806804478,37.72619213277678,42.089288199165175,1.0,0.0,0.0,0.0,4,0,0.0,0.6815480331941957,0.31845196680580434,1.0,0.0,1.0,1.0,0.0,0.6815480331941957,0.0,17,2,2022,3,11,3,0,0,0,1,0,1,GRAVE_MORTALIDAD,2
3,1,3,0,4,1,-16.43288161972415,-72.29497893337806,0,4,7,0,2,0,1,0,6639.975,2.0,2,0,1.0,9,31,1616.0,0.6077843615696785,76.53072135400231,69.81276959706165,8.77367759087771,1135.5159013374655,74658.55888650964,10322.272,1495.236,1749.739,7077.2970000000005,2886.595,7435.677000000001,27.964725207783708,7,2,0,0,5,35.208759371171915,27.188655173540234,43.228863568803604,1.0,0.0,0.0,1.0,2,0,0.0,0.7309280359330333,0.26907196406696665,0.7309280359330333,0.7309280359330333,0.0,1.0,0.0,0.0,0.0,8,0,2024,11,27,4,0,1,0,1,0,1,GRAVE_MORTALIDAD,2
5,1,3,0,4,0,-16.034471092586106,-71.65889501571155,4,4,2,0,2,2,2,0,6571.296811453529,2.0,3,2,1.0,12,32,1318.2663056168321,0.58795748138776,77.68887190765913,67.60438340093054,8.612521294378054,1040.697885807337,7813.1497653364095,10322.272,1495.236,1749.739,7077.2970000000005,2886.595,7435.677000000001,27.964725207783708,6,1,0,0,5,25.287718434490028,23.273689393059826,27.301747475920234,1.0,0.0,0.0,0.7122815655099707,1,0,0.0,0.0,0.7122815655099707,0.2877184344900293,0.0,0.2877184344900293,0.7122815655099707,0.0,0.0,0.0,12,1,2023,8,13,0,0,0,0,1,0,1,GRAVE_MORTALIDAD,2
3,1,17,0,3,1,-7.513159029115296,-79.60350153302032,0,3,5,1,2,2,2,1,6543.555,2.737063517644175,2,1,1.0,3,30,1402.1665943874366,0.5668427865862663,74.61875170069328,63.87028773640972,8.630596946092172,1041.55941653011,50000.94378422913,8613.63390502468,1756.3789218626553,889.9637715002682,5967.291211661757,2109.427693600365,6504.206211424316,24.4622260188182,4,2,0,0,2,60.36642834120242,55.2069837176932,65.52587296471165,1.0,0.0,0.0,0.7370635176441752,2,0,0.0,0.0,0.7370635176441752,1.0,0.0,1.0,0.7370635176441752,0.0,0.7370635176441752,0.0,7,0,2022,5,24,3,0,1,0,1,0,1,GRAVE_MORTALIDAD,2
3,1,18,0,4,1,-5.887008921349839,-80.33103729849675,0,4,6,1,2,2,2,0,526.079258480559,1.929898519732558,1,3,0.0,9,30,142.60390279663955,0.478783398943831,75.91671839116374,63.73286541695997,7.004193013499922,702.1318071716054,43219.58345241534,8933.990485392666,1758.7864692775402,733.141582216402,6442.062433898724,2191.02619167574,6742.964293716926,24.515933554354607,3,1,0,0,1,23.03294292775582,23.03294292775582,23.03294292775582,1.0,1.0,0.0,0.929898519732558,1,0,0.0,0.0,0.929898519732558,1.0,1.0,0.929898519732558,0.0,0.070101480267442,1.0,0.070101480267442,18,2,2024,1,12,3,0,0,0,1,0,1,GRAVE_MORTALIDAD,2
5,1,18,0,4,1,-10.670297025235474,-76.19634100474445,0,4,7,0,2,0,0,2,9936.932,2.0,2,0,1.0,9,32,3830.0,0.6108130498788532,76.47405666743232,78.95120003329657,11.0856957399469,951.5689346648182,31341.12794238963,3677.119863,564.5869999999999,910.845,2201.687863000001,590.8779999999998,3086.2418630000006,16.06904376290656,3,1,0,0,2,31.984060061865627,31.50995475740292,32.45816536632834,1.0,0.0,0.0,0.8645413415820836,1,0,0.0,0.13545865841791638,0.13545865841791638,0.8645413415820836,0.0,0.8645413415820836,0.13545865841791638,0.0,0.8645413415820836,0.0,13,2,2024,4,12,2,0,0,2,0,0,1,GRAVE_MORTALIDAD,2
6,1,1,0,4,2,-9.682408890622016,-77.53743063341717,0,4,3,0,7,2,2,0,6543.555,2.0,4,4,1.0,14,33,1198.0,0.37366787638766535,76.16117268840068,57.711265333168036,5.485453186341556,477.82595363313203,1457.2489604182952,10767.648,1885.0630000000003,1222.721,7659.864000000001,2100.343,8667.305000000002,19.506051832303577,3,1,0,0,2,46.98959512102239,46.98959512102239,46.98959512102239,1.0,0.4995664633759328,0.0,0.0,1,0,0.0,0.0,0.0,1.0,0.0,0.4995664633759328,0.5004335366240672,0.0,0.0,0.0,8,1,2021,9,16,0,0,0,0,1,0,1,GRAVE_MORTALIDAD,2
6,2,3,0,4,1,-16.095709941077228,-71.57499573268774,3,4,0,0,2,0,1,0,1504.4250000000002,2.0,2,0,1.0,7,25,241.0,0.6005060748875158,78.21704200773246,77.40211893847457,8.994742794352394,996.014120858737,33335.45824411135,10322.272,1495.236,1749.739,7077.2970000000005,2886.595,7435.677000000001,27.964725207783708,26,2,0,0,24,38.33148579682919,33.42237974951545,43.05342784970927,1.0,0.43850801669897,0.0,0.0,2,0,0.0,0.43850801669897,0.56149198330103,1.0,0.0,1.0,1.0,0.0,0.0,0.0,5,0,2021,9,15,5,1,1,0,1,0,1,GRAVE_MORTALIDAD,2
3,1,19,1,4,1,-8.618711987286012,-74.01370674327796,2,3,2,0,3,1,0,1,6009.979923170593,2.0,2,0,1.0,7,19,1523.4736858861957,0.569810666919383,72.36571806406855,63.27456038412341,8.640994621489437,1090.073676480434,87240.96491699404,4262.423417061598,653.3998258903432,722.0798856987,2886.943705472555,811.3007662157761,3451.122650845822,20.157994282982838,6,2,0,0,3,43.67664213907428,39.111812707664605,47.72283611920653,1.0,0.6110234115419245,0.0,0.0,2,0,0.0,0.3889765884580755,0.0,0.6110234115419245,0.6110234115419245,0.0,1.0,0.6110234115419245,0.6110234115419245,0.6110234115419245,5,0,2023,6,5,3,0,0,1,1,0,1,GRAVE_MORTALIDAD,2
1,0,14,2,3,2,-12.05288975233307,-77.01274690024829,0,2,7,0,2,2,2,0,6543.555,2.62419207289627,2,1,1.0,5,31,1370.901204192267,0.7240492875840159,80.10114049292592,74.99440975202971,10.593875509377416,1530.2686462711404,156807.92280762253,7626.313,1683.4029999999998,1599.0829999999996,4343.827000000001,1814.875,5811.438000000001,23.797541485643197,3,1,0,1,0,48.8531859681993,48.8531859681993,48.8531859681993,1.0,0.0,0.0,0.37580792710372957,1,0,0.0,1.0,0.0,0.37580792710372957,0.37580792710372957,0.0,1.0,0.0,0.37580792710372957,0.0,10,0,2022,8,9,1,0,0,0,1,0,1,GRAVE_MORTALIDAD,2
5,1,14,0,3,1,-12.21399823821739,-76.96981160791795,0,1,1,1,2,2,2,0,6543.555,2.8679648231100043,2,0,1.0,1,30,1438.4262560014713,0.6978286293983292,80.11088112302296,74.32051895269818,9.971501573023941,1429.5123534639408,458302.750571535,7626.313,1683.4029999999998,1599.0829999999996,4343.827000000001,1814.875,5811.438000000001,23.797541485643197,5,2,0,3,0,59.27487433952014,55.378768808850154,63.17097987019013,1.0,0.0,0.0,0.0,2,0,0.0,0.8679648231100044,0.13203517688999555,0.0,0.13203517688999555,0.0,1.0,0.0,0.13203517688999555,0.0,12,2,2022,6,26,1,0,1,0,1,0,1,GRAVE_MORTALIDAD,2
5,1,20,0,4,1,-15.642140015337512,-70.05162191998618,0,4,2,1,2,1,1,2,7586.903,2.0,2,0,1.0,9,5,1198.0,0.3609352128042242,73.07672135230021,65.72590699152221,5.81679794948734,372.69253324583406,5681.954705815956,13642.312999999998,2020.7790000000005,2354.117,9267.416999999998,3314.0520000000006,10328.260999999997,24.29244952817019,2,1,0,0,1,56.659284743989176,55.318569487978344,58.0,1.0,1.0,0.0,0.0,1,0,0.0,0.24376641018378675,0.0,1.0,0.0,0.24376641018378675,1.0,0.0,0.24376641018378675,0.0,17,3,2022,6,13,5,1,0,2,1,0,1,GRAVE_MORTALIDAD,2
3,2,18,0,4,1,-17.215305270653417,-70.32195007218017,0,4,7,1,2,2,2,2,1638.8789344149634,2.0,2,0,1.0,9,24,253.25416150436214,0.5449220312437145,74.8069863106984,69.80279174122573,7.718399677793643,928.386339097254,3847.3236738667474,2866.7812583755153,514.5405878516148,788.3532621119466,1563.887408411954,922.2541538301881,1944.5271045453273,32.39804226465232,7,2,0,0,5,44.919760993166875,37.44814340409987,54.69078106515107,1.0,0.0,0.7240717020499371,1.0,2,0,0.0,1.0,0.0,0.7240717020499371,0.0,0.0,1.0,0.0,0.7240717020499371,0.0,17,2,2022,5,21,0,0,1,0,1,0,1,GRAVE_MORTALIDAD,2