CLASE SINIESTRO,CANTIDAD DE VEHICULOS DAÑADOS,DEPARTAMENTO,ZONA,TIPO DE VÍA,RED VIAL,COORDENADAS LATITUD,COORDENADAS  LONGITUD,CONDICIÓN CLIMÁTICA,ZONIFICACIÓN,CARACTERÍSTICAS DE VÍA,PERFIL LONGITUDINAL VÍA,SUPERFICIE DE CALZADA,¿EXISTE SEÑAL VERTICAL?,¿EXISTE SEÑAL HORIZONTAL?,CAUSA FACTOR PRINCIPAL,MTC_RVN_LONGITUD_KM,MTC_RVN_N_CARRILES_MEDIANA,MTC_RVN_SUPERFICIE_DOMINANTE,MTC_RVN_ESTADO_DOMINANTE,MTC_RVN_ES_CONCESIONADA,MTC_RVN_CONCESION_PRINCIPAL,MTC_RVN_CORREDOR_LOGISTICO,MTC_RVN_N_TRAMOS,IDH_2019,IDH_ESP_VIDA_2019,IDH_EDUC_SECUND_PCT_2019,IDH_ANIOS_EDUC_2019,IDH_INGRESO_PERCAP_2019,IDH_POBLACION_2019,MTC_DEP_RED_TOTAL_KM,MTC_DEP_NACIONAL_TOTAL_KM,MTC_DEP_DEPARTAMENTAL_TOTAL_KM,MTC_DEP_VECINAL_TOTAL_KM,MTC_DEP_PAV_TOTAL_KM,MTC_DEP_NO_PAV_TOTAL_KM,MTC_DEP_PCT_PAVIMENTADA,PER_TOTAL_PERSONAS,PER_N_CONDUCTORES,PER_N_CONDUCTORES_FUGADOS,PER_N_PEATONES,PER_N_PASAJEROS_OCUPANTES,PER_EDAD_COND_PROM,PER_EDAD_COND_MIN,PER_EDAD_COND_MAX,PER_ANY_COND_MASCULINO,PER_ANY_LIC_PROBLEMA,PER_ANY_DOSAJE_POS,PER_ANY_DOSAJE_EVALUADO,VEH_TOTAL,VEH_N_FUGADOS,VEH_ANY_FUGADO,VEH_ANY_CARGA,VEH_ANY_PUBLICO,VEH_ANY_PARTICULAR,VEH_ANY_MOTO,VEH_ANY_AUTO,VEH_ANY_CAMION_BUS,VEH_ANY_SOAT_PROBLEMA,VEH_ANY_CITV_PROBLEMA,VEH_ANY_SEGURO_PROBLEMA,HORA_NUM,FRANJA_HORARIA,ANIO,MES,DIA_MES,DIA_SEMANA,ES_FIN_SEMANA,ES_QUINCENA,REGION_NATURAL,TIENE_SEÑALIZACION,ES_VIA_MULTICARRIL,ES_DEPTO_BAJO_PAVIMENTO,CATEGORIA_SEVERIDAD,CATEGORIA_SEVERIDAD_ENC
5,1,12,0,4,1,-8.804171276020377,-78.63914821545285,0,4,7,1,2,2,2,5,6543.555,3.0,2,0,1.0,0,30,1475.0,0.4867987483268106,77.5825534369154,52.95148122709723,6.150547060309878,840.5788229266196,9838.736616702356,8931.828000000005,1335.5899999999997,1935.9830000000004,5660.255000000005,1219.309,7712.519000000005,13.651281686122925,11,1,0,0,10,29.0,28.334733161189398,29.665266838810602,1.0,0.0,0.0,0.904961880169914,1,0,0.0,0.0,0.0,0.09503811983008603,0.09503811983008603,0.0,1.0,0.0,0.09503811983008603,0.0,15,2,2021,9,22,5,0,0,0,1,1,1,GRAVE_MORTALIDAD,2
6,1,4,0,4,1,-13.343813703596012,-73.68519330525115,4,4,6,1,5,2,2,0,7396.857853972539,2.1821493365851676,2,0,1.0,7,9,1248.4553662340913,0.6128550951873328,74.66606342142974,77.63640231647781,10.362223543235897,1046.9774470571924,57432.21762791127,8225.517831356185,1355.484140802496,1352.921400221423,5517.112290332265,1502.2990192481584,6723.218812108025,18.35223010607497,3,1,0,0,2,26.3697627268256,25.003642702436842,27.735882751214355,1.0,0.0,0.0,0.0,1,0,0.0,0.18214933658516752,0.0,0.18214933658516752,0.0,1.0,0.18214933658516752,0.0,0.0,0.0,5,0,2023,3,19,1,0,1,1,1,0,1,GRAVE_MORTALIDAD,2
6,1,7,0,4,0,-13.267603327045379,-71.52455922808842,1,4,2,0,1,1,0,4,6543.555,2.0,4,4,1.0,14,33,1198.0,0.2466226927938573,59.50771953912937,42.678907967899015,3.991373779253808,285.51302601039464,12676.173447537472,17779.13499998999,2097.3709999899997,2863.123,12818.640999999989,2878.713,14900.421999989989,16.19152450331032,5,1,0,0,4,31.617852913764466,31.617852913764466,31.617852913764466,1.0,1.0,0.0,0.0,1,0,0.0,0.0,0.0,1.0,0.0,1.0,0.0,0.0,0.6537339584652515,0.0,8,0,2022,4,11,5,1,0,2,1,0,1,GRAVE_MORTALIDAD,2
0,1,9,1,7,3,-12.317426521197223,-75.00434076805143,0,4,0,0,6,2,2,3,6744.149823917622,2.0,3,3,1.0,13,27,1198.0,0.500106096930304,71.8944517962817,70.81957314448172,8.614484585454294,712.5352539534817,26326.688726871438,12344.177077627783,1822.351543481563,1234.0643211917882,9287.76121295443,1760.9629000251643,10583.214177602618,14.23088142629234,3,1,0,1,0,28.0,28.0,28.0,1.0,0.0,0.0,0.8077392932007145,1,0,0.0,1.0,0.19226070679928553,0.0,0.0,0.19226070679928553,1.0,0.0,0.0,0.0,12,3,2022,7,15,0,0,0,2,1,0,1,GRAVE_MORTALIDAD,2
4,2,3,0,4,1,-16.150945830514317,-71.63822061642313,4,4,2,0,2,0,1,0,1504.4250000000002,2.0,2,0,1.0,7,25,241.0,0.6005060748875158,78.21704200773246,77.40211893847457,8.994742794352394,996.014120858737,33335.45824411135,10322.272,1495.236,1749.739,7077.2970000000005,2886.595,7435.677000000001,27.964725207783708,27,2,0,0,25,38.79599650956797,36.43609500700096,40.94136151190163,1.0,0.0,0.0,0.0,2,0,0.0,0.3563904992999042,0.6436095007000958,0.6436095007000958,0.0,0.6436095007000958,1.0,0.0,0.0,0.0,9,0,2021,10,21,4,0,1,0,1,0,1,GRAVE_MORTALIDAD,2
3,2,10,1,4,1,-14.860663119478769,-74.96440561073925,0,3,7,1,2,2,2,0,6639.975,2.0,2,0,1.0,9,31,1616.0,0.5563774842369664,77.00938809632027,69.10246351364754,8.476961866273152,914.8835608305218,27932.19700214133,3721.461,698.1859999999996,744.866,2278.409,1102.9029999999996,2618.558,29.636290693359403,3,2,0,0,1,35.44952615918198,29.403790726544162,41.4952615918198,1.0,0.8990523183639594,0.0,0.10094768163604062,2,0,0.0,1.0,0.0,1.0,0.0,0.10094768163604062,1.0,0.0,0.8990523183639594,0.8990523183639594,16,1,2022,3,28,1,0,1,0,1,0,1,GRAVE_MORTALIDAD,2
6,1,3,0,4,0,-16.542305292330013,-71.70759186711355,0,4,6,0,2,0,1,0,6543.555,2.0,4,4,1.0,14,33,1198.0,0.6105481451420971,78.10653088113892,68.35418098658066,8.411557426919764,1158.5430895193692,35025.678800856535,10322.272,1495.236,1749.739,7077.2970000000005,2886.595,7435.677000000001,27.964725207783708,4,1,0,0,3,48.12342949069128,48.12342949069128,48.12342949069128,1.0,0.961888238725708,0.0,0.0,1,0,0.0,0.0,0.038111761274292055,0.961888238725708,0.0,0.961888238725708,0.038111761274292055,0.0,0.0,0.0,14,2,2024,1,12,4,0,0,0,1,0,1,GRAVE_MORTALIDAD,2
4,1,13,2,3,2,-10.660248237000165,-77.68301431207195,0,2,4,1,2,2,2,3,2844.6818269906357,2.0,2,1,1.0,6,20,517.9887001455115,0.6504432111546656,80.69137751231749,68.53500057762392,9.025500348101748,1279.8524062916556,205398.09896476808,8079.846280106017,1562.5734647181275,1716.1213810739182,4801.151434313972,1607.9765717937987,6471.869708312219,20.27275127818926,3,1,0,0,1,39.04711712933124,32.96765239560144,45.12658186306104,1.0,0.34739798478455997,0.0,0.0,1,0,0.0,0.0,0.34739798478455997,1.0,0.34739798478455997,0.65260201521544,0.0,0.34739798478455997,0.0,0.34739798478455997,15,3,2023,6,20,4,0,0,0,1,0,1,GRAVE_MORTALIDAD,2
6,1,1,0,4,1,-9.429837545624368,-77.48044763785776,2,4,5,0,2,1,1,0,1112.3287891690798,1.5439004733374082,1,3,0.0,9,16,191.52215171958434,0.34841255157155687,71.36360363595621,52.66131692337376,5.7490963593558835,449.56140628849244,2015.392051139897,10767.648,1885.0630000000003,1222.721,7659.864000000001,2100.343,8667.305000000002,19.506051832303577,25,1,0,0,24,42.824398106650364,42.824398106650364,42.824398106650364,1.0,0.0,0.0,0.0,1,0,0.0,0.0,1.0,0.0,0.0,0.0,1.0,0.4560995266625917,0.0,0.0,18,2,2022,5,12,5,1,0,0,1,0,1,GRAVE_MORTALIDAD,2
6,1,10,0,4,1,-13.4289113673052,-76.18402281200255,0,4,7,1,2,2,2,2,205.54999999999995,-1.0,2,0,1.0,13,31,15.0,0.5935454717688132,79.82270610044196,65.40471106456853,9.554430232416086,978.9182940808604,5314.299785867237,3721.461,698.1859999999996,744.866,2278.409,1102.9029999999996,2618.558,29.636290693359403,3,1,0,0,2,39.17105356990351,39.17105356990351,39.17105356990351,1.0,0.39777335153103965,0.0,0.6022266484689603,1,0,0.0,0.6022266484689603,0.0,0.39777335153103965,0.0,0.39777335153103965,0.6022266484689603,0.0,0.0,0.0,12,2,2023,8,5,2,0,0,0,1,0,1,GRAVE_MORTALIDAD,2
5,2,10,0,4,1,-13.387577725916623,-76.20192087935708,0,4,7,1,2,1,0,0,6639.975,2.0,2,0,1.0,9,31,1616.0,0.5736744275518083,81.67473861808857,68.1608574885675,9.138785887908334,865.1176766860625,26660.92933618844,3721.461,698.1859999999996,744.866,2278.409,1102.9029999999996,2618.558,29.636290693359403,5,2,0,0,3,52.22706266019215,44.53177731205993,59.92234800832438,1.0,0.324705334258264,0.0,1.0,2,0,0.0,1.0,0.0,0.324705334258264,0.0,0.324705334258264,1.0,0.0,0.0,0.0,5,0,2023,9,11,2,0,0,0,1,0,1,GRAVE_MORTALIDAD,2
6,1,12,0,4,1,-7.761135631715443,-77.58300654727773,0,4,7,1,7,2,2,0,6543.555,2.0,4,4,1.0,14,33,1198.0,0.4686292122960986,72.39347765706144,42.14285241633188,6.687776775372348,878.2652317159998,9440.374732334049,8931.828000000005,1335.5899999999997,1935.9830000000004,5660.255000000005,1219.309,7712.519000000005,13.651281686122925,3,1,0,0,2,17.389600495988283,17.389600495988283,17.389600495988283,1.0,0.0,0.0,0.0,1,0,0.0,0.0,0.0,0.018552404570870706,0.0,0.0,0.018552404570870706,0.9814475954291293,0.018552404570870706,0.9814475954291293,2,0,2021,9,10,5,0,0,0,1,0,1,GRAVE_MORTALIDAD,2
6,1,12,0,4,0,-11.955285316885247,-75.17647675798985,1,4,0,0,1,1,1,2,7446.314710420198,2.0,2,0,1.0,9,8,1198.0,0.5884740031345378,75.13002702698299,69.53207842837078,9.435572710899843,1038.1346970577813,8989.703385836738,12450.19546998488,1852.647414823912,1273.7814708026178,9323.766584358349,1821.0445619396226,10629.150908045256,14.480321244854457,2,1,0,0,1,42.347472651309076,42.347472651309076,42.347472651309076,1.0,0.1347472651309074,0.0,0.0,1,0,0.0,0.1347472651309074,0.0,0.8652527348690926,0.0,0.8652527348690926,0.1347472651309074,0.1347472651309074,0.1347472651309074,0.0,8,1,2022,9,9,0,0,0,2,1,0,1,GRAVE_MORTALIDAD,2
6,1,8,0,4,1,-12.071940598303932,-75.3030420998385,3,4,0,0,1,1,1,3,7258.451771385343,2.0,2,1,1.0,10,13,1198.0,0.5047016442081338,73.3139411364846,61.610735931631524,8.558758235699043,837.1797943465501,9229.1990821298,12394.933477744193,1819.730319789689,1315.9846078631049,9259.218550091398,1870.8654542372635,10524.06802350693,15.045856016367656,3,1,0,0,2,37.22233929295318,37.22233929295318,37.22233929295318,1.0,0.3148050589205683,0.0,0.3148050589205683,1,0,0.0,0.0,0.0,1.0,0.0,0.6851949410794317,0.0,0.3148050589205683,0.3148050589205683,0.0,9,1,2022,8,12,1,0,0,2,1,0,1,GRAVE_MORTALIDAD,2
6,1,4,0,4,1,-15.149101212309999,-73.30951130864325,0,4,0,0,1,2,2,2,6543.555,2.0,4,4,1.0,14,33,1198.0,0.41182516317783857,70.19385637737551,54.55917440414087,7.1225144212967315,552.8492060973922,812.2341762117624,12678.733000000004,1805.074000000001,1774.0339999999994,9099.625000000004,2485.375000000001,10193.358000000002,19.602707936195205,5,1,0,0,4,39.54350707915201,39.54350707915201,39.54350707915201,1.0,0.5145023597173365,0.0,1.0,1,0,0.0,0.4854976402826635,0.0,0.5145023597173365,0.0,0.0,1.0,0.0,0.0,0.0,10,0,2022,6,25,0,0,1,2,1,0,1,GRAVE_MORTALIDAD,2
3,2,12,0,4,1,-7.659817641924397,-79.31804957070733,0,4,7,1,2,2,2,2,6543.555,3.0,2,0,1.0,0,30,1475.0,0.5939215651729661,79.32954326032896,65.31571817996088,8.818998904228282,1039.6487705666473,16236.404021522683,8931.828000000005,1335.5899999999997,1935.9830000000004,5660.255000000005,1219.309,7712.519000000005,13.651281686122925,11,2,0,0,8,42.82599984835143,33.08199135603192,49.78600591429395,1.0,0.5220004549456886,0.0,0.0,2,0,0.0,0.5220004549456886,0.4779995450543114,0.4779995450543114,0.0,0.4779995450543114,1.0,0.0,1.0,0.0,17,2,2021,4,18,6,1,1,0,1,1,1,GRAVE_MORTALIDAD,2
4,1,19,0,4,1,-5.851914622963983,-79.49945101246861,0,4,3,0,2,1,0,2,305.38500000000005,2.0,2,0,1.0,1,20,50.0,0.2117580020098525,65.37756662211437,42.30794939557186,3.975264599118591,171.62326554814578,38712.25053533191,8965.846000060003,1782.4120000599992,636.9959999999999,6546.438000000004,2214.505000059999,6751.341000000004,24.699342371541725,4,1,0,0,3,46.13437941476863,43.070497266117655,49.19826156341962,1.0,0.0,0.0,1.0,1,0,0.0,0.47136648440784346,0.47136648440784346,0.5286335155921565,0.0,0.0,1.0,0.0,0.5286335155921565,0.0,12,2,2022,4,15,1,0,0,0,1,0,1,GRAVE_MORTALIDAD,2
5,1,12,0,4,1,-7.8653244178589,-79.16151532435846,0,4,7,1,2,2,2,2,6543.555,3.0,2,0,1.0,0,30,1475.0,0.57948606410616,78.2295301070084,65.91132867003712,8.584061588216198,999.058604785767,15789.820142500079,8931.828000000005,1335.5899999999997,1935.9830000000004,5660.255000000005,1219.309,7712.519000000005,13.651281686122925,14,1,0,0,13,48.710918683910535,45.42962078841007,51.05470289498229,1.0,0.17578381583038183,0.0,0.0,1,0,0.0,0.17578381583038183,0.0,0.0,0.0,0.0,1.0,0.0,0.17578381583038183,0.0,20,2,2023,1,10,1,0,0,0,1,1,1,GRAVE_MORTALIDAD,2
3,1,5,0,4,1,-7.288391197631279,-78.61852495631821,0,4,5,0,2,1,1,0,867.1930764052588,2.0,2,0,0.8550674728904994,8,19,163.69595162657004,0.3503024285323677,73.77898904105295,52.64146445846124,4.811139939223904,433.49869021252505,8281.92604254885,15935.565011852366,1733.9250000199986,935.692,13265.948011832368,2000.1670000199988,13935.398011832369,12.551591352627522,6,1,0,0,4,46.23901814003624,44.956416930700485,47.52161934937199,1.0,0.8550674728904994,0.0,0.0,1,0,0.0,0.8550674728904994,0.0,1.0,0.0,0.8550674728904994,1.0,0.0,0.8550674728904994,0.0,13,2,2021,6,13,0,0,0,2,1,0,1,GRAVE_MORTALIDAD,2
6,1,10,0,4,0,-10.484786376098375,-76.35694544999994,0,3,1,0,1,2,2,1,6568.119690673806,2.0,3,2,1.0,12,32,1304.492851085363,0.6152064048244256,73.22086314784653,71.97968895736904,10.068202721463088,1147.0989491352013,94124.72286335715,8060.592717672515,1422.627547646042,997.6014475313472,5640.363722495125,1252.2126039594891,6808.380113713026,15.684425788951582,7,1,0,0,6,25.84058414024378,25.84058414024378,25.84058414024378,1.0,0.7452324136713799,0.0,0.7452324136713799,1,0,0.0,0.0,0.7452324136713799,0.0,0.7452324136713799,0.0,0.25476758632862007,0.0,1.0,0.0,4,0,2021,7,19,0,0,0,1,1,0,1,GRAVE_MORTALIDAD,2
3,2,12,0,4,1,-7.090077882206777,-79.5328133887415,0,4,7,1,2,2,2,2,6543.555,3.0,2,0,1.0,0,30,1475.0,0.5114727232493018,78.60606800160349,61.153108160372966,6.422343227671115,862.4189512831092,24701.19700214133,8931.828000000005,1335.5899999999997,1935.9830000000004,5660.255000000005,1219.309,7712.519000000005,13.651281686122925,9,2,0,0,7,45.81620923041645,35.31620923041645,56.31620923041645,1.0,1.0,0.0,0.0,2,0,0.0,0.08547384619794396,1.0,0.0,1.0,0.0,1.0,0.0,0.0,1.0,5,0,2023,10,10,2,0,0,0,1,1,1,GRAVE_MORTALIDAD,2
2,1,2,0,4,1,-10.598907835614035,-77.65382029610099,0,4,0,1,2,2,2,0,6543.555,2.88694703216549,2,0,1.0,1,30,1443.6843279098407,0.5828593240901163,78.60108775951457,67.70794704745575,9.030822752112286,968.6785243342997,25762.864500892305,10936.876648392574,1878.4382091378657,1209.4732271232165,7848.965212131494,2042.4816996915226,8894.394948701054,18.765126439808057,3,1,0,0,0,31.54778812866196,22.678317807007062,40.41725845031686,1.0,0.0,0.0,1.0,1,0,0.0,1.0,0.0,0.8869470321654899,0.8869470321654899,0.0,1.0,0.0,0.8869470321654899,0.0,6,1,2022,4,26,2,0,0,0,1,0,1,GRAVE_MORTALIDAD,2
3,2,12,0,4,1,-7.319424554753081,-79.48097774212299,0,4,7,1,2,2,2,0,6543.555,3.0,2,0,1.0,0,30,1475.0,0.5650979329787121,81.32490571897102,68.6769211482833,7.868096912305706,909.6843705053026,43897.946466809415,8931.828000000005,1335.5899999999997,1935.9830000000004,5660.255000000005,1219.309,7712.519000000005,13.651281686122925,2,2,0,0,0,38.849012138193366,33.633651860719844,44.06437241566688,1.0,0.2425748966266752,0.0,0.0,2,0,0.0,0.0,0.0,1.0,1.0,0.7574251033733248,0.0,1.0,0.7574251033733248,0.2425748966266752,7,0,2021,9,15,1,0,0,0,1,1,1,GRAVE_MORTALIDAD,2
6,1,1,0,4,1,-8.807729188456339,-77.47628925445473,0,4,5,0,1,1,0,0,6543.555,2.0,4,4,1.0,14,33,1198.0,0.30681115666618797,74.47061741649746,46.296955234625216,5.313047027298546,294.5763025175201,1804.9827802561463,10767.648,1885.0630000000003,1222.721,7659.864000000001,2100.343,8667.305000000002,19.506051832303577,4,1,0,0,3,30.18206446179966,29.212258034333143,30.909419282399544,1.0,0.0,0.0,0.0,1,0,0.0,0.0,0.0,1.0,0.2424516068666287,0.7575483931333713,0.0,0.0,1.0,0.2424516068666287,18,2,2021,5,22,4,0,1,0,1,0,1,GRAVE_MORTALIDAD,2
3,1,13,0,4,1,-7.871704569247432,-79.26229616629192,0,3,7,1,2,2,2,0,6561.896937656226,2.809770403897262,2,0,1.0,1,30,1501.822373050486,0.5928511116454963,80.32631518696054,72.81331689720358,9.65229120979483,935.1379713882955,96714.12122570838,4252.305820172781,737.3150365402686,862.714234364005,2652.2765492685076,914.799000660115,3337.506819512666,20.98962479620698,3,2,0,0,1,33.35603318246232,26.902295961027377,39.80977040389726,1.0,0.0,0.0,0.0,2,0,0.0,1.0,0.0,1.0,0.1902295961027377,0.8097704038972623,1.0,0.0,0.0,0.0,17,3,2022,5,4,3,0,0,0,1,0,1,GRAVE_MORTALIDAD,2
5,1,7,0,4,0,-13.250270674327705,-71.53944244632294,0,4,0,0,1,1,1,2,6543.555,2.0,4,4,1.0,14,33,1198.0,0.35268531453479607,62.423960695468324,65.93673646099622,5.922861020996261,433.89516360301644,5280.529056430792,17779.13499998999,2097.3709999899997,2863.123,12818.640999999989,2878.713,14900.421999989989,16.19152450331032,3,1,0,0,1,63.4079273040689,63.12446602654229,63.69138858159551,1.0,0.8866154889893555,0.0,0.1133845110106445,1,0,0.0,0.1133845110106445,0.0,1.0,0.0,1.0,0.1133845110106445,0.0,0.8866154889893555,0.0,20,1,2023,6,7,5,1,0,2,1,0,1,GRAVE_MORTALIDAD,2
6,1,4,0,4,1,-14.02253660769172,-74.14000289442278,0,4,5,0,5,1,1,2,1828.9456430966272,1.2630361775389303,1,0,0.26303617753893027,7,30,255.02312626760323,0.33831519528916254,73.6145314774121,64.6409047449717,5.7409545421069135,321.9166071184719,1026.033402850475,12678.733000000004,1805.074000000001,1774.0339999999994,9099.625000000004,2485.375000000001,10193.358000000002,19.602707936195205,2,1,0,0,1,25.52607235507786,25.52607235507786,25.52607235507786,1.0,0.0,0.7369638224610697,1.0,1,0,0.0,1.0,0.0,0.0,0.0,0.0,1.0,0.0,0.7369638224610697,0.0,14,2,2024,5,10,3,0,0,2,1,0,1,GRAVE_MORTALIDAD,2
3,2,12,0,4,1,-8.088371635385217,-79.09671705007223,0,3,7,1,2,2,2,2,6543.555,3.0,2,0,1.0,0,30,1475.0,0.583006771156836,78.2441938961209,62.24037484511178,8.807312392374042,1028.2282118265089,76607.295503212,8931.828000000005,1335.5899999999997,1935.9830000000004,5660.255000000005,1219.309,7712.519000000005,13.651281686122925,3,2,0,0,1,41.68248902242876,35.73337008389097,47.631607960966555,1.0,0.0,0.0,0.0,2,0,0.0,1.0,0.7754405307311036,0.22455946926889636,0.0,0.0,1.0,0.0,0.0,0.0,18,1,2021,12,16,0,0,0,0,1,1,1,GRAVE_MORTALIDAD,2
6,1,20,0,4,1,-15.254308771883155,-69.91357521840476,0,4,0,1,2,2,2,2,7101.218593839887,2.0,2,1,1.0,11,18,1198.0,0.3141291847972042,70.92994074443241,63.35354874025419,5.621116928749512,289.8395517199561,5585.971618659428,13642.312999999998,2020.7790000000005,2354.117,9267.416999999998,3314.0520000000006,10328.260999999997,24.29244952817019,2,1,0,0,1,60.79303399916488,60.79303399916488,60.79303399916488,1.0,1.0,0.0,0.0,1,0,0.0,0.0,0.0,1.0,0.0,0.0,1.0,0.4655056665274797,0.4655056665274797,0.4655056665274797,17,2,2022,7,10,4,0,0,2,1,0,1,GRAVE_MORTALIDAD,2
3,1,12,0,4,1,-7.629798390316314,-79.32046494853732,0,4,7,1,2,2,2,2,6543.555,3.0,2,0,1.0,0,30,1475.0,0.6027988622667722,80.00601050063666,64.94943984655738,8.963476629179336,1064.6102152062294,16511.036523230858,8931.828000000005,1335.5899999999997,1935.9830000000004,5660.255000000005,1219.309,7712.519000000005,13.651281686122925,11,1,0,0,9,38.24142670003258,38.24142670003258,38.24142670003258,1.0,0.0,0.0,0.0,1,0,0.7349108312479639,0.0,0.0,0.7349108312479639,0.0,0.0,1.0,0.0,0.0,0.7349108312479639,6,0,2023,6,23,0,0,0,0,1,1,1,GRAVE_MORTALIDAD,2
8,1,7,0,4,2,-13.78430626849665,-71.77552060646359,0,4,5,0,5,2,2,2,6543.555,2.0,4,4,1.0,14,33,1198.0,0.3135993312792149,68.91045763261343,53.674962584317264,4.647134598352664,353.012431887114,12412.687782545396,17779.13499998999,2097.3709999899997,2863.123,12818.640999999989,2878.713,14900.421999989989,16.19152450331032,27,1,0,0,26,44.78242019830407,44.78242019830407,44.78242019830407,1.0,0.0,0.7343099889831075,1.0,1,0,0.0,0.0,1.0,0.0,0.0,0.0,1.0,0.0,0.0,0.0,9,0,2022,9,15,1,0,0,2,1,0,1,GRAVE_MORTALIDAD,2
4,1,12,0,4,1,-10.273567927099133,-75.51947673239661,0,4,7,0,2,1,1,4,7649.314242448764,2.0,2,0,1.0,9,10,1538.3964957467597,0.4127697002646731,73.8070076219691,52.64238430954307,5.932539567863294,636.6930409119611,3340.111002034409,7467.923249418203,1215.9195261929299,1628.721613369045,4623.282109856228,1564.2396910048578,5903.683558413344,20.579015495045223,9,1,0,0,8,44.74211481404983,41.465571004722726,48.01865862337692,1.0,0.0,0.36406042325856636,0.36406042325856636,1,0,0.0,0.0,0.36406042325856636,0.6359395767414336,0.36406042325856636,0.0,1.0,0.0,0.36406042325856636,0.36406042325856636,6,1,2022,10,17,6,1,1,1,1,0,1,GRAVE_MORTALIDAD,2
3,1,19,0,4,1,-5.883368502413142,-79.53744497833868,0,4,6,0,2,1,1,0,305.38500000000005,2.0,2,0,1.0,1,20,50.0,0.2117580020098525,65.37756662211437,42.30794939557186,3.975264599118591,171.62326554814578,38712.25053533191,8965.846000060003,1782.4120000599992,636.9959999999999,6546.438000000004,2214.505000059999,6751.341000000004,24.699342371541725,8,1,0,0,6,56.43739534844754,50.749975376105304,62.12481532078977,1.0,0.0,0.0,1.0,1,0,0.0,0.8749876880526515,1.0,0.0,0.0,0.0,1.0,0.0,0.0,0.0,6,0,2022,1,15,3,0,0,0,1,0,1,GRAVE_MORTALIDAD,2
6,1,18,0,4,2,-5.407252350112258,-79.40718814546305,0,4,7,1,1,2,2,0,6543.555,2.0,4,4,1.0,14,33,1198.0,0.35964947803765374,66.32351176495254,62.78732745727747,5.6096209256625205,448.3972201674204,29027.258191784327,8963.031408447016,1745.4427058143347,744.4719806317605,6473.11672200092,2132.164171377915,6830.8672370691,23.78524457360796,5,1,0,0,4,27.15119589066386,27.15119589066386,27.15119589066386,1.0,0.08273830348707156,0.0,0.9172616965129284,1,0,0.0,0.08273830348707156,0.0,0.9172616965129284,0.0,0.0,1.0,0.0,0.9172616965129284,0.0,3,0,2024,1,6,4,0,0,0,1,0,1,GRAVE_MORTALIDAD,2
3,1,1,0,4,1,-9.733720287082328,-78.26123899441738,0,4,0,1,2,0,0,0,6543.555,3.0,2,0,1.0,0,30,1475.0,0.5873460606982213,78.04758132038613,65.8701248560095,8.596987164492063,1041.0659985770535,35482.29764453961,10767.648,1885.0630000000003,1222.721,7659.864000000001,2100.343,8667.305000000002,19.506051832303577,5,2,0,0,2,37.96536111121833,23.934083333061178,49.55641666708727,1.0,0.9150833333580748,0.0,0.08491666664192521,2,0,0.0,0.9150833333580748,0.9150833333580748,0.08491666664192521,0.9150833333580748,0.08491666664192521,0.9150833333580748,0.0,1.0,0.9150833333580748,3,0,2022,6,7,1,0,0,0,1,1,1,GRAVE_MORTALIDAD,2
5,1,22,0,4,1,-17.158989732909333,-70.4926976686188,1,4,7,1,2,2,2,2,1645.809350891295,2.0,2,0,1.0,9,24,256.6162849473273,0.4579387377436118,71.07623326988599,64.62291214931136,7.542831496637677,735.5310261429371,2676.593876706373,2650.572,630.6729999999998,487.3610000000001,1532.5379999999998,1068.7019999999998,1581.87,40.31967439480987,4,1,0,0,3,49.78681195336585,47.586697253340176,51.98692665339152,1.0,0.0,0.0,1.0,1,0,0.0,0.29334862667008954,0.0,0.7066513733299105,0.0,1.0,0.29334862667008954,0.0,0.0,0.0,13,2,2023,5,4,3,0,0,0,1,0,1,GRAVE_MORTALIDAD,2
3,2,20,0,4,1,-16.06124262604856,-70.00100245852109,0,4,7,1,2,0,1,2,7074.938035565773,2.0,2,1,1.0,11,18,1198.0,0.33879888039912215,68.59415476398124,72.25194432410936,6.300271745837269,311.02998359611803,5642.757599981511,13642.312999999998,2020.7790000000005,2354.117,9267.416999999998,3314.0520000000006,10328.260999999997,24.29244952817019,7,2,0,0,4,55.934860421488885,50.434860421488885,61.434860421488885,1.0,0.509305654073016,0.0,0.0,2,0,0.0,0.509305654073016,0.490694345926984,0.509305654073016,0.0,0.509305654073016,1.0,0.0,0.509305654073016,0.0,19,2,2022,7,17,4,0,0,2,1,0,1,GRAVE_MORTALIDAD,2
8,1,5,0,4,1,-12.360507918263146,-74.40193887107775,3,4,3,1,6,2,2,0,6543.555,2.0,4,4,1.0,14,33,1198.0,0.3509726730402241,68.15091582112797,56.48659468891618,6.529638536270878,382.4429024787061,913.926794572761,8293.217005192544,1304.832025741692,1076.1069800422274,5912.277999408624,1269.1581300072382,7024.058875185306,15.284746523944229,2,1,0,0,1,35.14056010315501,35.14056010315501,35.14056010315501,1.0,0.0,0.0,0.0,1,0,0.0,0.0,0.0,1.0,0.0,0.4386114359396437,0.5613885640603563,0.0,0.5613885640603563,0.0,1,0,2022,5,12,2,0,0,2,1,0,1,GRAVE_MORTALIDAD,2