CLASE SINIESTRO,CANTIDAD DE VEHICULOS DAÑADOS,DEPARTAMENTO,ZONA,TIPO DE VÍA,RED VIAL,COORDENADAS LATITUD,COORDENADAS  LONGITUD,CONDICIÓN CLIMÁTICA,ZONIFICACIÓN,CARACTERÍSTICAS DE VÍA,PERFIL LONGITUDINAL VÍA,SUPERFICIE DE CALZADA,¿EXISTE SEÑAL VERTICAL?,¿EXISTE SEÑAL HORIZONTAL?,CAUSA FACTOR PRINCIPAL,MTC_RVN_LONGITUD_KM,MTC_RVN_N_CARRILES_MEDIANA,MTC_RVN_SUPERFICIE_DOMINANTE,MTC_RVN_ESTADO_DOMINANTE,MTC_RVN_ES_CONCESIONADA,MTC_RVN_CONCESION_PRINCIPAL,MTC_RVN_CORREDOR_LOGISTICO,MTC_RVN_N_TRAMOS,IDH_2019,IDH_ESP_VIDA_2019,IDH_EDUC_SECUND_PCT_2019,IDH_ANIOS_EDUC_2019,IDH_INGRESO_PERCAP_2019,IDH_POBLACION_2019,MTC_DEP_RED_TOTAL_KM,MTC_DEP_NACIONAL_TOTAL_KM,MTC_DEP_DEPARTAMENTAL_TOTAL_KM,MTC_DEP_VECINAL_TOTAL_KM,MTC_DEP_PAV_TOTAL_KM,MTC_DEP_NO_PAV_TOTAL_KM,MTC_DEP_PCT_PAVIMENTADA,PER_TOTAL_PERSONAS,PER_N_CONDUCTORES,PER_N_CONDUCTORES_FUGADOS,PER_N_PEATONES,PER_N_PASAJEROS_OCUPANTES,PER_EDAD_COND_PROM,PER_EDAD_COND_MIN,PER_EDAD_COND_MAX,PER_ANY_COND_MASCULINO,PER_ANY_LIC_PROBLEMA,PER_ANY_DOSAJE_POS,PER_ANY_DOSAJE_EVALUADO,VEH_TOTAL,VEH_N_FUGADOS,VEH_ANY_FUGADO,VEH_ANY_CARGA,VEH_ANY_PUBLICO,VEH_ANY_PARTICULAR,VEH_ANY_MOTO,VEH_ANY_AUTO,VEH_ANY_CAMION_BUS,VEH_ANY_SOAT_PROBLEMA,VEH_ANY_CITV_PROBLEMA,VEH_ANY_SEGURO_PROBLEMA,HORA_NUM,FRANJA_HORARIA,ANIO,MES,DIA_MES,DIA_SEMANA,ES_FIN_SEMANA,ES_QUINCENA,REGION_NATURAL,TIENE_SEÑALIZACION,ES_VIA_MULTICARRIL,ES_DEPTO_BAJO_PAVIMENTO,CATEGORIA_SEVERIDAD,CATEGORIA_SEVERIDAD_ENC
6,1,1,0,4,2,-8.972488861312794,-77.54515941648094,0,4,3,0,2,1,0,0,6543.555,2.0,4,4,1.0,14,33,1198.0,0.3241938917656516,72.77501153108481,43.31405149183931,5.7014826409281625,364.38191929841724,1530.5368089536942,10767.648,1885.0630000000003,1222.721,7659.864000000001,2100.343,8667.305000000002,19.506051832303577,4,1,0,0,3,29.677818442269032,29.677818442269032,29.677818442269032,1.0,0.0,0.0,0.0,1,0,0.0,0.0,0.0,1.0,0.0,0.7603116511044239,0.2396883488955761,0.0,0.7603116511044239,0.0,16,2,2022,6,16,3,0,0,0,1,0,1,GRAVE_MORTALIDAD,2
6,1,11,0,4,1,-10.085247714820234,-75.08003642246035,0,4,4,1,1,2,2,2,1014.882099130297,1.4203333094318427,1,1,0.42033330943184255,9,27,146.67066446772952,0.28396039411053037,76.03430407187197,55.401824074745676,5.822007835844802,226.33186389350726,20777.167503933077,14971.634804349229,1854.4992911553545,1531.9032744308613,11585.232238763014,2552.4366302744493,12419.19817407478,17.486665125123277,3,1,0,0,2,50.89833345284079,50.89833345284079,50.89833345284079,1.0,0.0,0.0,0.5796666905681574,1,0,0.0,0.5796666905681574,0.0,0.42033330943184255,0.0,0.42033330943184255,0.5796666905681574,0.0,0.0,0.0,19,2,2023,7,16,6,1,1,2,1,0,1,GRAVE_MORTALIDAD,2
3,1,11,0,4,1,-11.788540429997424,-75.66293387512655,0,4,0,0,2,2,2,2,7586.903,2.0,2,0,1.0,9,5,1198.0,0.4558029293525835,68.73054359662773,55.59971546139217,7.117027142959264,737.204410456148,1392.1121364645846,12264.545,1826.4639999999995,1105.5389999999998,9332.542,1588.5359999999996,10676.009,12.952261987705208,4,1,0,0,2,36.20974403909173,29.604872019545866,42.8146160586376,1.0,0.9435531456494094,0.0,0.9435531456494094,1,0,0.0,0.0,0.9435531456494094,1.0,0.0,1.0,0.9435531456494094,0.0,0.9435531456494094,0.0,3,0,2021,11,10,4,0,0,2,1,0,1,GRAVE_MORTALIDAD,2
6,1,2,0,4,3,-13.937434443507653,-73.60954175254714,6,5,6,2,6,2,2,0,6543.555,2.0,4,4,1.0,14,33,1198.0,0.2795695828597593,70.43501121429334,62.7978448744868,4.451185291620012,245.26576355296018,1113.7958853468301,8358.971,1282.451,1298.0969999999998,5778.423,1432.683,6926.288,17.139466089785454,2,1,0,0,1,26.68226282152997,26.68226282152997,26.68226282152997,1.0,0.0,0.0,0.0,1,0,0.0,0.0,0.0,1.0,0.0,0.0,1.0,0.0,0.0,0.0,18,2,2022,2,15,3,0,0,2,1,0,1,GRAVE_MORTALIDAD,2
3,1,1,1,4,1,-8.988899614264191,-78.47584408155312,0,4,0,1,2,1,0,2,6543.555,2.8721611519695065,2,0,1.0,1,30,1439.5886390955534,0.5573241840994219,78.39738507295192,65.83018013792709,8.339296614309525,910.8314055399026,15899.823262703774,10767.648,1885.0630000000003,1222.721,7659.864000000001,2100.343,8667.305000000002,19.506051832303577,3,1,0,0,1,29.40622732833543,19.81245465667086,39.0,1.0,0.8721611519695065,0.0,0.8721611519695065,1,0,0.0,0.0,0.0,1.0,0.8721611519695065,0.8721611519695065,0.1278388480304935,0.1278388480304935,0.8721611519695065,0.1278388480304935,18,1,2022,2,21,0,0,0,0,1,0,1,GRAVE_MORTALIDAD,2
6,1,10,0,4,2,-13.990284775980719,-75.43705740049933,0,4,0,0,7,2,2,4,6543.555,2.0,4,4,1.0,14,33,1198.0,0.3836459514057415,75.35247580780259,53.60842908354961,6.895089385135739,413.1733588843099,929.6745182012849,3721.461,698.1859999999996,744.866,2278.409,1102.9029999999996,2618.558,29.636290693359403,2,1,0,0,1,57.50119167146241,57.50119167146241,57.50119167146241,0.9287416673517721,0.9287416673517721,0.0,0.0,1,0,0.0,0.0,0.0,0.0712583326482279,0.0,1.0,0.0,0.9287416673517721,0.9287416673517721,0.9287416673517721,10,1,2022,5,7,5,0,0,0,1,0,1,GRAVE_MORTALIDAD,2
3,1,13,0,4,1,-11.470670987977625,-77.33717163393159,0,4,7,1,2,2,2,0,6625.922562295032,2.1457419384460605,2,0,1.0,7,30,1595.4503866791056,0.6732726417247064,78.7600315601131,71.30533700022103,9.795134025011933,1379.3408889611328,96053.52238907662,7019.061432947999,1513.126717893991,1466.5518395643824,4039.382875489626,1652.8799205784348,5366.181512369564,23.29217450835688,3,2,0,0,1,31.21861290766909,30.12554836932364,32.31167744601454,1.0,0.0,0.0,0.0,2,0,0.0,0.14574193844606054,0.0,1.0,0.0,0.14574193844606054,1.0,0.0,0.0,0.0,8,1,2022,9,20,1,0,0,0,1,0,1,GRAVE_MORTALIDAD,2
5,1,5,0,4,1,-6.645999930153468,-78.49360724370419,0,4,5,0,1,1,1,0,7284.5482570482545,2.0,3,3,1.0,12,32,1772.7355075934697,0.3484871558022944,76.33677469666252,53.28672218475212,4.131981838863427,447.1658531581213,76209.5845824411,15935.565011852366,1733.9250000199986,935.692,13265.948011832368,2000.1670000199988,13935.398011832369,12.551591352627522,4,1,0,0,3,32.72453168164816,31.19597979975063,34.25308356354569,1.0,1.0,0.0,0.2183645545567895,1,0,0.0,1.0,0.0,0.2183645545567895,0.2183645545567895,0.0,1.0,0.2183645545567895,0.2183645545567895,0.2183645545567895,12,1,2022,1,26,5,0,1,2,1,0,1,GRAVE_MORTALIDAD,2
6,1,3,0,4,2,-13.132414230781995,-73.9205929271021,1,4,0,0,6,2,2,0,6543.555,2.0,4,4,1.0,14,33,1198.0,0.5563774842369664,77.00938809632027,69.10246351364754,8.476961866273152,914.8835608305218,27932.19700214133,8418.26911628309,1287.9515744909588,1364.1264597139527,5766.1910820781795,1410.5960284455139,7007.673087837577,16.778393842461522,4,1,0,0,3,39.345668311079706,39.345668311079706,39.345668311079706,1.0,0.103512947006131,0.0,0.0,1,0,0.0,0.103512947006131,0.0,0.896487052993869,0.0,0.896487052993869,0.103512947006131,0.0,0.0,0.0,17,1,2023,1,14,4,0,0,1,1,0,1,GRAVE_MORTALIDAD,2
3,1,19,0,4,1,-7.213946571659015,-76.15492248103068,0,4,7,1,2,1,1,1,7739.91985484755,2.0,2,0,1.0,9,18,2032.5676057171327,0.5389349580607335,73.81758829120622,59.835923865640034,7.567365666882709,1033.4059611053963,3500.5026244461033,5953.016606854589,882.7810753659829,1077.3545577529246,3992.880973735681,1106.4453885060686,4846.571218348519,18.3955902087349,5,1,0,0,3,63.77757023691334,55.744299165839344,71.81084130798735,1.0,0.0,0.8925856745637781,0.8925856745637781,1,0,0.0,0.0,0.8925856745637781,0.10741432543622187,0.8925856745637781,0.0,1.0,0.0,0.8925856745637781,0.8925856745637781,13,2,2021,11,17,5,0,0,1,1,0,1,GRAVE_MORTALIDAD,2
6,1,1,0,4,0,-9.063131865370961,-78.00563543933806,0,4,4,0,6,2,2,0,6543.555,2.0,4,4,1.0,14,33,1198.0,0.39587851388067224,77.17076101132132,46.06796389648984,5.738168411515911,561.2770696241287,7145.747044601407,10767.648,1885.0630000000003,1222.721,7659.864000000001,2100.343,8667.305000000002,19.506051832303577,4,1,0,0,3,60.29185331937721,60.29185331937721,60.29185331937721,1.0,0.0,0.0,0.0,1,0,0.0,0.8988361884824588,0.10116381151754117,0.0,0.0,0.0,1.0,0.0,0.0,0.0,2,0,2022,8,14,2,0,0,0,1,0,1,GRAVE_MORTALIDAD,2
3,1,21,0,4,1,-18.160525056818997,-70.65557668248826,3,4,6,0,2,0,1,2,1926.94,2.0,2,0,1.0,9,32,393.0,0.5550626377195187,74.29852884702296,70.5010353455546,8.800645956234028,906.8749812197149,2957.9027558335742,2653.9559349960464,628.8553880411184,492.0718909995463,1533.0286559553813,1066.409915028833,1587.5460199672132,40.195691322149365,3,1,0,0,1,34.04533037281795,34.04533037281795,34.04533037281795,1.0,0.01133259320448754,0.0,0.0,1,0,0.0,0.9886674067955125,0.0,0.0,0.0,1.0,0.9886674067955125,0.0,0.0,0.0,5,0,2021,8,3,4,0,0,0,1,0,1,GRAVE_MORTALIDAD,2
4,1,12,0,4,1,-8.181496340798551,-78.47389093149305,0,4,7,1,1,2,2,0,8075.20896734172,2.5486343051945837,2,0,1.0,4,30,2537.9662112667556,0.4570910716584936,75.2578080237254,54.74057170304246,6.214508582080717,732.4559584913752,68493.43023644602,8931.828000000005,1335.5899999999997,1935.9830000000004,5660.255000000005,1219.309,7712.519000000005,13.651281686122925,4,2,0,0,2,22.57977993181896,19.194537220778333,25.96502264285958,1.0,0.45136569480541644,0.0,0.0,2,0,0.5486343051945836,0.0,0.45136569480541644,1.0,0.45136569480541644,0.5486343051945836,0.45136569480541644,0.0,0.5486343051945836,1.0,6,0,2022,10,17,5,0,1,0,1,0,1,GRAVE_MORTALIDAD,2
6,1,11,1,4,1,-11.56579149380437,-75.86232824685482,0,4,0,0,2,0,1,0,7586.903,2.0,2,0,1.0,9,5,1198.0,0.6211711217784234,75.51508523355102,70.90101252241288,10.049671623026311,1128.403546167389,8996.89721627409,12264.545,1826.4639999999995,1105.5389999999998,9332.542,1588.5359999999996,10676.009,12.952261987705208,4,1,0,0,3,24.372479919895394,24.372479919895394,24.372479919895394,1.0,0.0,0.0,0.02660570856395672,1,0,0.0,0.0,0.0,1.0,0.0,1.0,0.0,0.02660570856395672,1.0,0.02660570856395672,18,2,2022,6,12,0,0,0,2,1,0,1,GRAVE_MORTALIDAD,2
6,1,1,0,4,1,-8.559308628322434,-77.63048535220872,2,4,3,0,1,1,1,0,1703.219,1.0,0,3,0.0,9,28,247.0,0.39473275888127624,74.51455268981789,50.070092498486865,6.895743025052675,554.0477232272816,4124.603050477339,10767.648,1885.0630000000003,1222.721,7659.864000000001,2100.343,8667.305000000002,19.506051832303577,17,1,0,0,16,41.07079292029856,41.07079292029856,41.07079292029856,1.0,0.0,0.0,0.0,1,0,0.0,0.0,0.43868470289979355,0.0,0.0,0.0,1.0,0.43868470289979355,0.0,0.0,14,3,2022,2,10,5,1,0,0,1,0,1,GRAVE_MORTALIDAD,2
4,1,11,0,4,1,-10.703710635017273,-77.72559526617987,0,1,7,1,2,1,1,1,6595.69483833198,2.4592424981126437,2,0,1.0,4,30,1551.2468077661172,0.5289816062820082,78.31622307533125,66.57055884420149,8.77957425724825,757.0968134392506,11530.31789013513,3601.245091269053,614.08767677562,719.5442871390651,2267.613127354368,919.4135783640892,2681.831512904964,25.36244411386015,46,1,0,0,45,48.9959862150839,47.10333495847816,50.888637471689655,1.0,0.0,0.0,1.0,1,0,0.0,0.0,0.0,0.0,0.0,0.0,1.0,0.0,0.0,0.5407575018873564,5,0,2022,7,19,3,0,1,0,1,0,1,GRAVE_MORTALIDAD,2
9,2,3,0,4,1,-16.05253281485397,-71.3382940487752,0,4,0,0,2,0,1,0,1504.4250000000002,2.0,2,0,1.0,7,25,241.0,0.4685280505645348,81.83746865987648,70.74305753660312,6.037751599761188,617.4715908037651,1751.8736616702354,10322.272,1495.236,1749.739,7077.2970000000005,2886.595,7435.677000000001,27.964725207783708,6,2,0,0,4,37.46263142956495,35.96796979676996,38.96796979676996,1.0,0.0,0.0,0.0,2,0,0.0,0.9679697967699555,0.03203020323004446,0.03203020323004446,0.0,0.03203020323004446,1.0,0.0,0.0,0.0,11,1,2022,2,16,1,0,1,0,1,0,1,GRAVE_MORTALIDAD,2
6,1,7,0,4,1,-14.131752459260031,-71.48613163392876,0,4,0,0,5,2,2,2,6543.555,2.0,4,4,1.0,14,33,1198.0,0.20753731865932107,64.11939102356429,53.48520234227704,4.91216900674612,175.5047095991644,5475.713962842266,17779.13499998999,2097.3709999899997,2863.123,12818.640999999989,2878.713,14900.421999989989,16.19152450331032,5,1,0,0,3,44.91064909200115,44.91064909200115,44.91064909200115,1.0,1.0,0.0,0.0,1,0,0.0,0.0,0.0,1.0,0.0,1.0,0.0,0.0,0.2551822287742307,0.0,18,2,2021,6,20,4,0,0,2,1,0,1,GRAVE_MORTALIDAD,2
10,1,3,0,4,1,-16.669115517952562,-72.56150411964765,0,4,0,0,2,1,1,0,1926.94,2.0,2,0,1.0,9,32,393.0,0.5506134487544145,84.11518135609504,66.07904665694413,8.594478109433165,777.7519971785225,628.7494646680942,10322.272,1495.236,1749.739,7077.2970000000005,2886.595,7435.677000000001,27.964725207783708,32,1,0,0,31,41.29235126299132,40.72623227338437,41.716940505196526,1.0,0.0,0.0,0.8584702525982629,1,0,0.0,0.14152974740173707,0.8584702525982629,0.0,0.0,0.0,1.0,0.0,0.14152974740173707,0.0,3,0,2024,2,19,3,0,1,0,1,0,1,GRAVE_MORTALIDAD,2
6,1,8,0,4,1,-12.511640787824936,-74.87154857786255,3,4,0,0,7,2,2,0,7016.82759881557,2.0,3,2,1.0,11,20,1198.0,0.18381514672541974,62.5515771208671,57.24968078528421,3.8599788702162536,121.16304044476455,1358.3052818087774,8511.426,1445.3929999999996,2008.516,5057.516999999999,1879.579,6631.846999999998,22.08300935706896,21,1,0,0,20,47.37112373769389,47.37112373769389,47.37112373769389,1.0,0.0,0.0,0.0,1,0,0.0,0.0,0.4536095327882639,0.5463904672117361,0.0,0.5463904672117361,0.4536095327882639,0.0,0.0,0.0,5,0,2023,6,20,0,0,1,2,1,0,1,GRAVE_MORTALIDAD,2
6,1,4,0,4,1,-14.910464636184608,-73.91751523129317,3,4,2,0,3,2,2,1,6543.555,2.0,4,4,1.0,14,33,1198.0,0.3845157493475445,67.65592984711604,50.09960366447938,6.569815542284286,538.838512904699,1616.3486506210397,12678.733000000004,1805.074000000001,1774.0339999999994,9099.625000000004,2485.375000000001,10193.358000000002,19.602707936195205,6,1,0,0,5,47.47151667741376,47.47151667741376,47.47151667741376,1.0,0.43052348533698925,0.0,0.5694765146630107,1,0,0.0,0.5694765146630107,0.0,0.43052348533698925,0.0,0.43052348533698925,0.5694765146630107,0.0,0.0,0.0,11,1,2023,4,18,3,0,0,2,1,0,1,GRAVE_MORTALIDAD,2
2,2,10,0,4,1,-8.611305110916335,-77.03190378222308,3,4,7,1,2,2,2,1,7341.453604968139,2.0,2,1,1.0,10,24,1812.1324435111899,0.4983356595683272,75.03998684356758,54.29685342973342,7.3949573143307195,828.5269284875405,33567.54516990999,8457.093111947568,1334.2027831864214,1184.5699516882758,5938.32037707287,1114.5780715317012,7342.515040415866,13.164946512205137,3,2,0,0,1,40.354258859462206,35.69743271666949,45.01108500225492,1.0,0.6568261427927164,0.0,0.0,2,0,0.0,0.6568261427927164,0.34317385720728355,0.34317385720728355,1.0,0.0,0.6568261427927164,0.34317385720728355,1.0,0.34317385720728355,7,1,2022,5,13,2,0,0,1,1,0,1,GRAVE_MORTALIDAD,2
6,1,8,0,4,1,-13.341117435018528,-75.31653761228026,0,4,2,1,2,2,2,0,1593.3157626292632,1.5615843609669082,1,3,0.5615843609669081,9,20,295.27129624351085,0.35929795318574603,65.00102069991053,55.8258298656394,6.41818447716221,444.57538117018134,633.8826989354825,8511.426,1445.3929999999996,2008.516,5057.516999999999,1879.579,6631.846999999998,22.08300935706896,18,1,0,0,17,46.453065863562564,46.453065863562564,46.453065863562564,1.0,0.0,0.0,0.0,1,0,0.0,0.0,0.5615843609669081,0.4384156390330919,0.0,0.0,1.0,0.0,0.4384156390330919,0.0,4,0,2021,7,13,5,1,0,2,1,0,1,GRAVE_MORTALIDAD,2
6,1,4,0,4,1,-13.72088154785128,-73.87803535352016,0,4,0,0,1,2,2,2,6543.555,2.0,4,4,1.0,14,33,1198.0,0.22868289297771227,74.05113366661259,28.64177863961692,5.300032745340284,176.83373620761648,637.7277709206571,12678.733000000004,1805.074000000001,1774.0339999999994,9099.625000000004,2485.375000000001,10193.358000000002,19.602707936195205,9,1,0,0,8,45.561144943130294,45.561144943130294,45.561144943130294,1.0,0.0,0.0,0.9268574905217161,1,0,0.0,0.0,0.0,1.0,0.0,1.0,0.0,0.9268574905217161,0.9268574905217161,0.0,4,0,2022,7,29,6,1,1,2,1,0,1,GRAVE_MORTALIDAD,2
3,2,11,0,4,1,-8.289176789496954,-78.43484143004196,0,4,5,1,1,2,2,2,735.6203647158094,2.0,2,0,0.0,9,26,223.00211853112017,0.5010721564419575,77.98294149426744,60.19854972429684,7.288457525942379,814.5706864079689,16376.19171446948,8761.719199621879,1335.0929272253607,1666.7338349319803,5759.892437464537,1181.7814176533202,7579.937781968558,13.477016227445061,41,2,0,0,39,43.73535642738589,34.94036644398346,52.53034641078832,1.0,0.0,0.0,0.0,2,0,0.0,0.0,0.7646435726141122,0.2353564273858878,0.2353564273858878,0.0,0.7646435726141122,0.2353564273858878,0.7646435726141122,0.2353564273858878,7,0,2023,7,19,1,0,1,0,1,0,1,GRAVE_MORTALIDAD,2
6,1,10,0,4,1,-9.270266777661446,-77.51616737247855,0,4,5,1,2,2,2,4,690.6115313103635,1.7153122384557284,1,0,0.7153122384557283,8,29,95.72968357683592,0.2671712097614498,72.51858945465456,47.111546337882594,4.61278944321078,230.00854031392626,5080.198242762626,8812.144695671268,1366.8495702808452,1956.632257408091,5488.662867982332,1407.2797883148362,7404.864907356432,16.051691362715445,13,1,0,0,12,53.145936715367185,53.145936715367185,53.145936715367185,1.0,0.28468776154427167,0.0,0.0,1,0,0.0,0.28468776154427167,0.7153122384557283,0.0,0.0,0.0,1.0,0.7153122384557283,0.0,0.7153122384557283,15,1,2022,5,17,5,1,0,0,1,0,1,GRAVE_MORTALIDAD,2
3,2,12,0,4,1,-8.405118930637098,-78.82912769181084,0,4,7,1,2,2,2,2,6543.555,3.0,2,0,1.0,0,30,1475.0,0.5051395598219868,77.13285387085847,51.52067479184955,6.715328807318118,900.900383457586,67612.41755888652,8931.828000000005,1335.5899999999997,1935.9830000000004,5660.255000000005,1219.309,7712.519000000005,13.651281686122925,5,2,0,0,3,37.89913336404836,33.88760832949396,41.91065839860276,1.0,0.11239167050604504,0.0,0.887608329493955,2,0,0.0,1.0,0.0,1.0,0.0,1.0,1.0,0.0,1.0,0.0,18,2,2021,3,19,0,0,0,0,1,1,1,GRAVE_MORTALIDAD,2
1,0,20,0,4,1,-15.599193186437127,-70.28608315651658,0,4,7,0,2,2,2,3,1504.4250000000002,2.0,2,0,1.0,7,25,241.0,0.3697010684386681,72.89718627300044,72.6687423725804,6.943702436938574,351.08154101084847,4477.600283526228,13642.312999999998,2020.7790000000005,2354.117,9267.416999999998,3314.0520000000006,10328.260999999997,24.29244952817019,4,1,0,1,1,39.39102951494848,34.83925347303729,43.31065625146712,0.36785069460745845,0.0,0.0,0.0,1,0,0.6321493053925415,0.0,0.0,0.36785069460745845,0.0,0.36785069460745845,0.36785069460745845,0.36785069460745845,0.0,1.0,6,1,2022,6,3,1,0,0,2,1,0,1,GRAVE_MORTALIDAD,2
6,1,4,0,4,2,-15.004817683030302,-73.36699342718646,1,4,0,0,1,2,2,2,6543.555,2.0,4,4,1.0,14,33,1198.0,0.3287303082295965,67.95071432382933,46.697335958447994,6.622885021315406,349.47547734067473,909.7292290271232,12678.733000000004,1805.074000000001,1774.0339999999994,9099.625000000004,2485.375000000001,10193.358000000002,19.602707936195205,7,1,0,0,6,39.14259288389506,39.14259288389506,39.14259288389506,1.0,0.0,0.0,1.0,1,0,0.0,0.8571758895131174,0.0,0.1428241104868826,0.0,0.1428241104868826,0.8571758895131174,0.1428241104868826,0.1428241104868826,0.0,16,1,2023,1,23,1,0,1,2,1,0,1,GRAVE_MORTALIDAD,2
6,1,14,2,2,3,-12.0326159149668,-76.89926303994497,0,2,7,1,2,2,2,0,4819.84673713952,2.0,3,2,1.0,10,27,881.1086004919613,0.6868549636939637,79.62363164345142,76.30894566128948,9.209137883551294,1425.4498631666322,684921.8484148846,7626.313,1683.4029999999998,1599.0829999999996,4343.827000000001,1814.875,5811.438000000001,23.797541485643197,5,1,0,0,4,18.21647370252606,18.21647370252606,18.21647370252606,1.0,0.695881574368485,0.0,0.0,1,0,0.0,0.0,0.0,1.0,0.30411842563151503,0.0,0.695881574368485,0.0,1.0,0.0,16,2,2022,10,15,3,0,0,0,1,0,1,GRAVE_MORTALIDAD,2
3,2,10,0,4,1,-13.386449553121672,-76.20251994983626,0,4,7,1,2,1,0,1,6639.975,2.0,2,0,1.0,9,31,1616.0,0.5736744275518083,81.67473861808857,68.1608574885675,9.138785887908334,865.1176766860625,26660.92933618844,3721.461,698.1859999999996,744.866,2278.409,1102.9029999999996,2618.558,29.636290693359403,8,2,0,0,6,48.65204701299452,32.785297328410564,64.51879669757848,1.0,0.8354218552864972,0.0,1.0,2,0,0.0,1.0,0.0,0.8354218552864972,0.0,0.8354218552864972,1.0,0.0,0.0,0.0,5,0,2023,8,17,4,0,0,0,1,0,1,GRAVE_MORTALIDAD,2
3,1,14,0,4,1,-6.119996798861328,-80.15810182302008,0,3,7,1,2,2,2,1,6543.555,3.0,2,0,1.0,0,30,1475.0,0.6111295157001431,78.464875630459,72.68220574727067,9.936142601574096,1014.6316661584949,181797.44230735494,9409.664939778831,1807.6969414442167,781.2714800335818,6820.696518301033,2186.384675060639,7223.280264718193,23.42013372328112,3,2,0,0,1,46.6231597422285,30.18743123576916,63.05888824868785,1.0,0.0,0.0,0.7536805155429904,2,0,0.0,1.0,0.0,0.7536805155429904,0.0,0.0,1.0,0.0,0.0,0.0,5,0,2021,5,4,0,0,0,0,1,1,1,GRAVE_MORTALIDAD,2
3,1,16,0,4,1,-16.75832710828261,-70.36636769195275,0,4,7,1,2,2,2,2,1486.8997910564976,1.9043367092183496,2,0,1.0,9,21,194.10076373513155,0.5436316893781605,75.1724584387098,69.40523548646325,7.395048252396014,941.367311412241,4222.745983660183,2973.8005052826293,477.55225321080985,898.0107065648472,1598.2375455069728,873.9860849161192,2099.8144203665106,29.38747263548857,8,1,0,0,6,43.68112236406117,37.87244894562447,49.489795782497865,1.0,0.0,0.9681122364061165,1.0,1,0,0.0,1.0,0.0,0.9681122364061165,0.0,0.0,1.0,0.0,0.9681122364061165,0.0,14,3,2023,3,19,0,0,0,0,1,0,1,GRAVE_MORTALIDAD,2
6,1,4,0,5,1,-12.47952346103095,-74.03394145703085,1,4,1,1,2,0,1,1,7356.899926551799,2.0,2,0,1.0,10,11,1198.0,0.3299884792674817,72.83162863282043,52.7498129628633,4.775169791076567,388.7478222524738,5997.0361392726645,8485.255682240553,1294.1653401050885,1438.7171387356657,5752.373203399799,1385.6453138263203,7099.610368414234,16.37050584488494,3,1,0,0,2,40.79552868795262,40.79552868795262,40.79552868795262,1.0,0.0,0.0,0.0,1,0,0.0,0.0,0.0,1.0,0.0,0.7795528687952618,0.22044713120473824,0.0,0.7795528687952618,0.0,12,2,2021,11,6,3,0,0,1,1,0,1,GRAVE_MORTALIDAD,2
5,1,19,0,4,1,-14.053818912145674,-69.17673241497019,0,4,3,0,6,2,2,1,1852.7664809902506,2.0,1,0,0.0,9,32,482.30609018824106,0.5526344634795322,76.93126598894406,68.85610571619796,8.439730596275734,904.0604884299121,27922.168004707215,13611.38314388727,2016.4167742910677,2326.0873622921135,9268.879007304087,3275.315462643775,10336.067681243494,24.03787084081648,3,1,0,0,1,29.224492484313245,28.932652254706024,29.516332713920466,1.0,1.0,0.0,1.0,1,0,0.0,0.0,0.0,1.0,0.022449248431324675,0.022449248431324675,0.9775507515686753,0.9775507515686753,1.0,0.0,16,2,2021,5,2,5,0,0,2,1,0,1,GRAVE_MORTALIDAD,2
4,1,5,0,4,1,-13.24807461910568,-73.47138998018006,0,4,7,1,1,0,0,0,7029.605342307048,2.5998857880527746,2,0,1.0,3,25,1738.2751514612742,0.5398455607789687,75.85848490577156,65.97040522618381,8.1198114365092,884.0773427496287,33183.345444746636,9476.744645599945,1430.5143253038407,1366.5248121370016,6679.7055081591025,2155.691964924373,7321.0526806755715,21.94145561834113,5,1,0,0,3,37.80022842389445,33.001142119472256,42.59931472831665,1.0,0.0,0.0,0.0,1,0,0.0,0.0,0.5998857880527747,1.0,0.0,1.0,0.5998857880527747,0.0,0.5998857880527747,0.0,12,2,2022,2,21,0,0,1,0,1,0,1,GRAVE_MORTALIDAD,2
3,1,13,0,4,1,-6.455683681388038,-80.13266532972109,0,4,7,1,2,2,2,0,6543.555,3.0,2,0,1.0,0,30,1475.0,0.3879800350664534,75.68222437543551,50.64551119758177,4.891651630735472,548.2382997194167,48902.40256959316,3459.691,515.0619999999999,689.7280000000001,2254.901,703.3549999999999,2756.336,20.329994788551925,21,2,0,0,19,41.678018593514686,38.959661277393586,44.39637590963579,1.0,0.0,0.0,0.0,2,0,0.0,0.0,1.0,1.0,0.0,0.6954106709697243,1.0,0.0,0.6954106709697243,0.0,4,0,2022,2,8,0,0,0,0,1,1,1,GRAVE_MORTALIDAD,2