CLASE SINIESTRO,CANTIDAD DE VEHICULOS DAÑADOS,DEPARTAMENTO,ZONA,TIPO DE VÍA,RED VIAL,COORDENADAS LATITUD,COORDENADAS  LONGITUD,CONDICIÓN CLIMÁTICA,ZONIFICACIÓN,CARACTERÍSTICAS DE VÍA,PERFIL LONGITUDINAL VÍA,SUPERFICIE DE CALZADA,¿EXISTE SEÑAL VERTICAL?,¿EXISTE SEÑAL HORIZONTAL?,CAUSA FACTOR PRINCIPAL,MTC_RVN_LONGITUD_KM,MTC_RVN_N_CARRILES_MEDIANA,MTC_RVN_SUPERFICIE_DOMINANTE,MTC_RVN_ESTADO_DOMINANTE,MTC_RVN_ES_CONCESIONADA,MTC_RVN_CONCESION_PRINCIPAL,MTC_RVN_CORREDOR_LOGISTICO,MTC_RVN_N_TRAMOS,IDH_2019,IDH_ESP_VIDA_2019,IDH_EDUC_SECUND_PCT_2019,IDH_ANIOS_EDUC_2019,IDH_INGRESO_PERCAP_2019,IDH_POBLACION_2019,MTC_DEP_RED_TOTAL_KM,MTC_DEP_NACIONAL_TOTAL_KM,MTC_DEP_DEPARTAMENTAL_TOTAL_KM,MTC_DEP_VECINAL_TOTAL_KM,MTC_DEP_PAV_TOTAL_KM,MTC_DEP_NO_PAV_TOTAL_KM,MTC_DEP_PCT_PAVIMENTADA,PER_TOTAL_PERSONAS,PER_N_CONDUCTORES,PER_N_CONDUCTORES_FUGADOS,PER_N_PEATONES,PER_N_PASAJEROS_OCUPANTES,PER_EDAD_COND_PROM,PER_EDAD_COND_MIN,PER_EDAD_COND_MAX,PER_ANY_COND_MASCULINO,PER_ANY_LIC_PROBLEMA,PER_ANY_DOSAJE_POS,PER_ANY_DOSAJE_EVALUADO,VEH_TOTAL,VEH_N_FUGADOS,VEH_ANY_FUGADO,VEH_ANY_CARGA,VEH_ANY_PUBLICO,VEH_ANY_PARTICULAR,VEH_ANY_MOTO,VEH_ANY_AUTO,VEH_ANY_CAMION_BUS,VEH_ANY_SOAT_PROBLEMA,VEH_ANY_CITV_PROBLEMA,VEH_ANY_SEGURO_PROBLEMA,HORA_NUM,FRANJA_HORARIA,ANIO,MES,DIA_MES,DIA_SEMANA,ES_FIN_SEMANA,ES_QUINCENA,REGION_NATURAL,TIENE_SEÑALIZACION,ES_VIA_MULTICARRIL,ES_DEPTO_BAJO_PAVIMENTO,CATEGORIA_SEVERIDAD,CATEGORIA_SEVERIDAD_ENC
6,1,4,0,4,0,-14.182743341614227,-74.3056029794549,0,4,6,0,2,2,2,1,6543.555,2.0,4,4,1.0,14,33,1198.0,0.37533433692147433,73.23957685734165,50.45392632041992,5.558735856201086,488.87922166106523,1526.183962765091,12678.733000000004,1805.074000000001,1774.0339999999994,9099.625000000004,2485.375000000001,10193.358000000002,19.602707936195205,11,1,0,0,10,26.156208642352304,26.156208642352304,26.156208642352304,1.0,0.1745416742037148,0.0,0.0,1,0,0.0,0.0,0.8254583257962852,0.1745416742037148,0.0,0.1745416742037148,0.8254583257962852,0.0,0.0,0.0,13,2,2024,2,13,1,0,0,2,1,0,1,GRAVE_MORTALIDAD,2
0,1,13,0,4,0,-6.269325719307697,-79.56213883449647,3,4,2,0,1,2,2,0,6543.555,2.0,4,4,1.0,14,33,1198.0,0.2843522407789188,76.6409713875854,45.885683778709776,4.885575862669207,252.57320880263762,12084.40082489315,3459.691,515.0619999999999,689.7280000000001,2254.901,703.3549999999999,2756.336,20.329994788551925,2,1,0,0,0,27.4200173170425,27.392016162573,27.448018471512,1.0,0.0,0.0,0.056002308939000156,1,0,0.0,0.056002308939000156,0.0,0.056002308939000156,0.0,0.056002308939000156,1.0,0.0,0.0,0.0,4,0,2021,5,17,3,0,1,0,1,0,1,GRAVE_MORTALIDAD,2
1,1,14,1,4,1,-11.82487018003809,-77.02986250583994,0,1,7,1,2,1,0,0,3922.7231844609414,2.5198921720477134,2,1,0.5198921720477137,4,26,1258.951477421471,0.6568325476619811,79.00661982142576,73.63505495968826,9.431960468659533,1268.8209458405718,370810.72865880525,7626.313,1683.4029999999998,1599.0829999999996,4343.827000000001,1814.875,5811.438000000001,23.797541485643197,7,1,0,1,4,27.039784344095427,26.079568688190854,28.0,1.0,0.0,0.0,0.0,1,0,0.0,0.0,0.48010782795228635,1.0,0.5198921720477137,0.0,0.48010782795228635,0.0,1.0,0.0,9,1,2023,5,18,3,0,0,0,1,0,1,GRAVE_MORTALIDAD,2
3,2,14,0,4,1,-10.796731644454763,-77.65480191858606,1,4,4,1,2,0,0,4,6543.555,2.5353708726383943,2,1,1.0,6,31,1346.2977317208351,0.6308271130775358,79.95164649343668,65.83291929627318,8.147513189673957,1280.4873677124128,24646.92291220557,7626.313,1683.4029999999998,1599.0829999999996,4343.827000000001,1814.875,5811.438000000001,23.797541485643197,3,2,0,0,1,42.171188384528975,34.93887382084817,49.40350294820978,1.0,1.0,0.0,0.0,2,0,0.0,0.46462912736160566,0.5353708726383943,0.5353708726383943,1.0,0.0,1.0,0.0,1.0,0.46462912736160566,11,1,2021,3,28,5,1,1,0,0,0,1,GRAVE_MORTALIDAD,2
6,1,12,0,4,3,-7.3193078018453,-77.63434928269645,0,4,7,1,6,2,2,0,6543.555,2.0,4,4,1.0,14,33,1198.0,0.3337038494928747,76.30363747801296,39.02724390181785,5.49342105296723,376.3455269730009,4318.980100535103,8931.828000000005,1335.5899999999997,1935.9830000000004,5660.255000000005,1219.309,7712.519000000005,13.651281686122925,2,1,0,0,1,49.418879532742125,49.418879532742125,49.418879532742125,1.0,0.830875137355822,0.0,0.0,1,0,0.0,0.0,0.0,1.0,0.830875137355822,0.0,0.16912486264417803,0.830875137355822,0.0,0.830875137355822,20,2,2023,9,7,6,1,0,0,1,0,1,GRAVE_MORTALIDAD,2
5,1,1,0,4,1,-9.509889078932485,-77.86380622046732,4,4,3,0,1,2,2,1,6543.555,2.3224498097106494,3,2,1.0,9,32,1287.31859728985,0.5293509917132867,79.32250774786216,57.47144155090521,7.779479295070618,860.2037528177533,25592.270395312935,10767.648,1885.0630000000003,1222.721,7659.864000000001,2100.343,8667.305000000002,19.506051832303577,3,1,0,0,1,36.0653011417361,32.84080304462961,39.2897992388426,1.0,0.6775501902893504,0.0,0.3224498097106496,1,0,0.0,0.3224498097106496,0.0,1.0,0.3224498097106496,0.6775501902893504,0.3224498097106496,0.0,0.3224498097106496,0.0,12,2,2022,6,18,3,0,0,0,1,0,1,GRAVE_MORTALIDAD,2
6,1,11,0,4,1,-14.629739748111971,-72.09677382570817,0,4,3,0,1,2,2,2,7002.859457645918,2.0,3,2,1.0,11,20,1198.0,0.24344040281535329,71.22473385966545,52.69409479874527,4.419530843435529,190.7428988886573,14808.154476385113,13102.921850985917,1900.032027462087,2029.3991396318547,9173.490683891976,2850.176619448781,10252.745231537136,21.66723407550977,4,1,0,0,3,37.16864732399044,37.16864732399044,37.16864732399044,1.0,0.5597782737438348,0.5597782737438348,0.5597782737438348,1,0,0.0,0.0,0.4402217262561652,0.5597782737438348,0.5597782737438348,0.0,0.4402217262561652,0.5597782737438348,0.5597782737438348,0.5597782737438348,3,0,2022,5,12,2,0,0,2,1,0,1,GRAVE_MORTALIDAD,2
3,2,7,0,4,1,-15.229105108486506,-71.14638211869955,0,4,0,1,2,1,0,2,568.5409999999999,1.0,2,3,0.0,9,3,93.0,0.4100192438965405,68.50464387383693,63.972149571859795,6.020946703062544,575.8102808386367,1189.2701509751662,17779.13499998999,2097.3709999899997,2863.123,12818.640999999989,2878.713,14900.421999989989,16.19152450331032,12,2,0,0,10,39.83432249633759,33.83246781570461,45.836177176970565,1.0,0.0,0.0,0.8332096879578015,2,0,0.0,0.0,0.16679031204219852,0.8332096879578015,0.0,0.8332096879578015,1.0,0.0,0.8332096879578015,0.0,14,2,2022,2,12,0,0,0,2,1,0,1,GRAVE_MORTALIDAD,2
0,0,14,2,2,4,-12.021294257255892,-76.9014974964091,0,0,7,1,2,2,2,3,6543.555,2.0,4,4,1.0,14,33,1198.0,0.6868549636939637,79.62363164345142,76.30894566128948,9.209137883551294,1425.4498631666322,684921.8484148846,7626.313,1683.4029999999998,1599.0829999999996,4343.827000000001,1814.875,5811.438000000001,23.797541485643197,2,1,0,0,0,35.58815132140414,31.870521057123312,38.37637401961476,1.0,0.07059243392979309,0.0,0.9294075660702069,1,0,0.0,0.0,0.9294075660702069,0.07059243392979309,0.0,0.0,1.0,0.0,0.07059243392979309,0.0,18,2,2021,7,12,0,0,0,0,1,0,1,GRAVE_MORTALIDAD,2
1,1,8,2,4,2,-9.006244439512042,-77.9617856561403,0,1,0,0,2,1,1,0,2989.02266336369,2.0,2,1,1.0,10,22,542.5549894388672,0.6656030109571452,75.80984966212075,75.65732900053588,10.428169408629296,1309.1154971346887,254937.87773540238,12848.036655478129,1715.1521781751462,1182.192951101476,9950.691526201506,1931.3167228283812,10916.719932649748,16.730329689186405,4,2,0,2,0,40.34419453974095,37.0873488819056,42.97261736865862,0.37157717108232713,0.0,0.0,0.0,2,0,0.6284228289176729,0.0,0.0,1.0,0.6284228289176729,0.37157717108232713,0.0,0.6284228289176729,0.0,0.6284228289176729,6,0,2023,8,15,3,0,0,1,1,0,1,GRAVE_MORTALIDAD,2
3,1,14,0,4,1,-10.941218822232795,-77.64754203392867,0,4,3,1,2,0,0,3,6543.555,3.0,2,0,1.0,0,30,1475.0,0.6157434906923656,77.47603579552823,65.47942040965782,8.256839639359928,1241.470069390531,25612.349409886192,7626.313,1683.4029999999998,1599.0829999999996,4343.827000000001,1814.875,5811.438000000001,23.797541485643197,3,2,0,0,1,46.4541718263454,33.706151093549295,59.202192559141515,1.0,0.3949451860214621,0.0,0.6050548139785379,2,0,0.0,0.0,1.0,1.0,1.0,0.0,1.0,0.0,0.3949451860214621,0.0,12,1,2021,3,19,5,1,0,0,0,1,1,GRAVE_MORTALIDAD,2
3,1,2,0,4,0,-13.546432250773304,-73.49633613251338,1,4,1,0,1,2,2,3,6543.555,2.0,4,4,1.0,14,33,1198.0,0.241310185459975,70.83483413046108,58.5191389199668,4.887115219495449,162.12128067173168,8997.351177730192,8358.971,1282.451,1298.0969999999998,5778.423,1432.683,6926.288,17.139466089785454,6,1,0,0,4,44.23790694660304,36.7782171245929,51.69759676861318,1.0,0.0,0.0,0.0,1,0,0.0,0.0,0.745968982201014,1.0,0.0,0.25403101779898596,0.745968982201014,0.0,0.0,0.0,6,1,2021,6,19,2,0,0,2,1,0,1,GRAVE_MORTALIDAD,2
3,1,14,1,2,3,-11.839423615853342,-76.99887199739436,0,0,0,1,2,0,1,0,6446.033830207436,2.0,3,3,0.9821351844361504,13,32,1194.909386907454,0.6498693508177541,78.84967382596041,74.11456675539837,9.21786785255454,1246.479589064551,356854.23554603854,7626.313,1683.4029999999998,1599.0829999999996,4343.827000000001,1814.875,5811.438000000001,23.797541485643197,6,2,0,0,4,41.22309535876033,33.8213518443615,48.62483887315916,1.0,0.0,0.0,0.0,2,0,0.0,0.9821351844361504,0.017864815563849556,0.017864815563849556,0.0,0.0,1.0,0.9821351844361504,1.0,0.0,4,0,2024,9,23,3,0,0,0,1,0,1,GRAVE_MORTALIDAD,2
5,1,2,2,3,3,-13.652432248931463,-73.36997630411895,1,2,6,0,1,1,0,2,6561.271051047028,2.0,3,3,1.0,13,32,1198.0,0.46350527216775683,78.56481554926913,71.14100702993653,6.850312605879725,582.7954654384264,27089.186837367,8358.971,1282.451,1298.0969999999998,5778.423,1432.683,6926.288,17.139466089785454,5,1,0,0,4,16.500910056747426,16.32262003654919,16.679200076945662,1.0,0.9830199980763584,0.0,0.0,1,0,0.0,0.0,0.016980001923641574,1.0,0.016980001923641574,0.9830199980763584,0.016980001923641574,0.0,0.0,0.0,1,0,2023,3,1,4,0,0,2,1,0,1,GRAVE_MORTALIDAD,2
5,1,20,0,4,1,-15.024053402898941,-69.6408525583535,0,4,0,1,2,2,2,2,6543.555,2.0,4,4,1.0,14,33,1198.0,0.2519536928748292,67.52212743628948,62.76695141789395,5.595215804937276,172.52220993228954,5518.375242716246,13642.312999999998,2020.7790000000005,2354.117,9267.416999999998,3314.0520000000006,10328.260999999997,24.29244952817019,3,1,0,0,1,61.44921623999118,61.07410098116635,61.82433149881601,1.0,1.0,0.0,0.0,1,0,0.0,0.0,0.07502305176496527,1.0,0.07502305176496527,0.0,1.0,0.9249769482350347,1.0,1.0,19,2,2022,6,13,2,0,0,2,1,0,1,GRAVE_MORTALIDAD,2
3,2,12,0,4,1,-7.158032665633268,-79.45970933045325,0,4,7,1,2,2,2,2,6543.555,3.0,2,0,1.0,0,30,1475.0,0.5114727232493018,78.60606800160349,61.153108160372966,6.422343227671115,862.4189512831092,24701.19700214133,8931.828000000005,1335.5899999999997,1935.9830000000004,5660.255000000005,1219.309,7712.519000000005,13.651281686122925,5,2,0,0,3,40.21464680097745,29.714646800977448,50.71464680097745,1.0,1.0,0.0,0.0,2,0,0.0,0.7856691498778192,1.0,0.0,1.0,0.0,1.0,0.0,0.0,1.0,5,0,2022,11,19,3,0,0,0,1,1,1,GRAVE_MORTALIDAD,2
7,1,7,0,4,1,-14.123936396658936,-72.04505383521644,0,4,0,0,2,1,1,2,2323.4439983319426,1.0,1,3,0.0,9,25,691.6575375785377,0.4594241556219988,68.03505839284502,69.86502469466016,6.837737912247806,710.978158162214,9786.310503413784,17779.13499998999,2097.3709999899997,2863.123,12818.640999999989,2878.713,14900.421999989989,16.19152450331032,3,1,0,0,1,30.538252243675508,30.538252243675508,30.538252243675508,1.0,0.6742204562543818,0.0,0.0,1,0,0.0,0.32577954374561824,0.0,0.6742204562543818,0.6742204562543818,0.0,0.32577954374561824,0.6742204562543818,0.6742204562543818,0.6742204562543818,12,2,2022,11,9,3,0,0,2,1,0,1,GRAVE_MORTALIDAD,2
3,2,14,0,4,1,-6.023291162761476,-79.94849511031205,0,4,5,1,2,2,2,0,1072.6791142837399,2.0,2,0,0.8170004834976307,2,22,135.0010739751375,0.45816539958588465,75.95599814799316,58.594714191984416,6.928772767420271,643.1510882975954,19467.586455070123,3011.2342148544585,446.1465780794057,616.1151634903065,1948.9724732847465,625.3271171551702,2385.9070976992884,21.632476720902236,4,2,0,0,1,26.37249637376777,21.548998549507107,31.19599419802843,1.0,1.0,0.0,1.0,2,0,0.0,0.18299951650236934,0.0,1.0,1.0,0.0,0.18299951650236934,0.8170004834976307,0.18299951650236934,1.0,16,1,2021,10,7,4,0,0,0,1,0,1,GRAVE_MORTALIDAD,2
6,1,11,0,4,1,-11.540676058012876,-75.88218359754912,0,4,0,0,2,1,1,1,7586.903,2.0,2,0,1.0,9,5,1198.0,0.6211711217784234,75.51508523355102,70.90101252241288,10.049671623026311,1128.403546167389,8996.89721627409,12264.545,1826.4639999999995,1105.5389999999998,9332.542,1588.5359999999996,10676.009,12.952261987705208,2,1,0,0,1,27.547241896372967,27.547241896372967,27.547241896372967,1.0,0.0,0.0,0.0,1,0,0.0,0.0,0.0,1.0,0.0,0.40879301727117257,0.5912069827288274,0.0,1.0,0.0,11,1,2022,9,16,0,0,0,2,1,0,1,GRAVE_MORTALIDAD,2
3,1,19,0,4,1,-5.516568651576796,-80.31735766024951,0,4,4,1,2,1,1,1,405.4063208071049,2.0,2,2,0.3267730981550452,6,28,105.87783285313125,0.3847881189661513,72.799914247943,55.83445621336773,5.819410596223301,509.02916701615726,41831.999856074406,8965.846000060003,1782.4120000599992,636.9959999999999,6546.438000000004,2214.505000059999,6751.341000000004,24.699342371541725,3,1,0,0,1,25.90159647232568,25.90159647232568,25.90159647232568,1.0,0.6732269018449548,0.0,1.0,1,0,0.0,0.0,0.6732269018449548,1.0,0.6732269018449548,0.6732269018449548,0.3267730981550452,0.0,1.0,0.0,18,2,2023,2,13,2,0,0,0,1,0,1,GRAVE_MORTALIDAD,2
6,1,14,0,4,1,-11.057052480337651,-76.83281057112188,0,4,1,0,2,1,0,1,845.7958685077801,-1.0,0,0,0.7448653584662795,9,19,223.2528525342278,0.49600321206771936,75.76397250087939,66.52657405356727,6.9901705652934245,768.6779847302519,416.7641499152169,7626.313,1683.4029999999998,1599.0829999999996,4343.827000000001,1814.875,5811.438000000001,23.797541485643197,3,1,0,0,2,49.7243267923314,49.7243267923314,49.7243267923314,1.0,0.0,0.0,0.0,1,0,0.0,0.25513464153372045,0.7448653584662795,0.0,0.0,0.0,1.0,0.0,0.0,0.0,13,2,2022,4,12,1,0,0,0,1,0,1,GRAVE_MORTALIDAD,2
3,2,4,0,4,1,-13.095866338611033,-74.04750508315396,0,4,0,0,2,1,1,5,3351.4901616513043,1.079653927620423,2,2,0.07965392762042289,8,13,1029.8239959452997,0.25752633092406413,77.03400931487424,53.24895955835483,3.970486896885546,226.22506191665516,17368.235662902192,12678.733000000004,1805.074000000001,1774.0339999999994,9099.625000000004,2485.375000000001,10193.358000000002,19.602707936195205,7,2,0,0,4,39.98816631364484,25.876193203824652,48.88484501331408,1.0,0.9203460723795771,0.0,1.0,2,0,0.0,0.0,0.07965392762042289,0.9203460723795771,0.9203460723795771,0.9203460723795771,1.0,0.0,0.9203460723795771,0.0,3,0,2021,7,3,1,0,0,2,1,0,1,GRAVE_MORTALIDAD,2
3,2,10,0,4,1,-13.454543778780897,-76.14486539342823,0,4,7,1,2,1,0,1,6639.975,2.0,2,0,1.0,9,31,1616.0,0.5728344408797489,81.44817649162266,68.206584441417,9.106645911075242,867.5344435473338,26722.665556084834,3721.461,698.1859999999996,744.866,2278.409,1102.9029999999996,2618.558,29.636290693359403,8,2,0,0,6,47.03865412869121,29.29137633977397,64.78593191760845,1.0,0.9514372767043383,0.0,1.0,2,0,0.0,1.0,0.0,1.0,0.0,1.0,1.0,0.0,0.0,0.0,4,0,2022,8,19,5,1,1,0,1,0,1,GRAVE_MORTALIDAD,2
6,1,12,0,4,0,-7.998033130400198,-77.80525999990633,0,4,7,0,1,2,2,0,6543.555,2.0,4,4,1.0,14,33,1198.0,0.2020186078623826,75.32003431567767,34.97481258092077,4.241136924004995,136.40734220234015,1925.1505091005592,8931.828000000005,1335.5899999999997,1935.9830000000004,5660.255000000005,1219.309,7712.519000000005,13.651281686122925,3,1,0,0,2,56.52980580993376,56.52980580993376,56.52980580993376,1.0,0.5520463028188144,0.0,0.0,1,0,0.0,0.4479536971811856,0.0,0.5520463028188144,0.0,0.0,1.0,0.0,1.0,0.0,13,1,2022,6,9,3,0,0,0,1,0,1,GRAVE_MORTALIDAD,2
6,1,10,0,4,0,-13.654104104152665,-75.75946904996806,6,4,6,1,6,2,2,0,6543.555,2.0,4,4,1.0,14,33,1198.0,0.35980217676943926,74.64321409600868,53.42185589275273,7.242470440094383,346.0620170735727,706.6693713063233,3721.461,698.1859999999996,744.866,2278.409,1102.9029999999996,2618.558,29.636290693359403,2,1,0,0,1,47.11947160575513,47.11947160575513,47.11947160575513,0.5543611991778381,0.0,0.0,0.0,1,0,0.0,0.5543611991778381,0.0,0.4456388008221619,0.0,0.4456388008221619,0.5543611991778381,0.0,0.0,0.0,18,2,2022,6,15,2,0,0,0,1,0,1,GRAVE_MORTALIDAD,2
3,2,10,0,4,0,-13.057425870641936,-76.53502648303169,0,0,7,1,2,2,2,1,6629.913009238416,2.0,2,0,1.0,9,31,1572.379255980683,0.5212620933684257,76.15755616816986,64.46009218707458,9.505817514065615,727.6130096646357,12753.265772419578,3694.14376994752,679.0759398856613,739.1120273116337,2275.955802750225,1061.2078300683488,2632.9359398791707,28.665124302374654,21,2,0,0,19,39.873864918383006,36.6869324591915,43.06079737757452,1.0,0.0,0.0,1.0,2,0,0.0,0.10435584693616506,0.0,0.10435584693616506,0.0,0.10435584693616506,1.0,0.0,0.0,0.8956441530638349,5,0,2022,5,23,3,0,1,0,1,0,1,GRAVE_MORTALIDAD,2
6,1,9,0,4,1,-9.048844233435263,-76.42729853183268,2,4,0,1,1,2,2,2,2078.8376671881133,1.0,1,0,0.0,9,32,652.2680057516926,0.4140131328991758,71.94460691104725,48.52356183918751,6.199357883343135,621.7654491635246,25451.077362258355,8300.236799557042,1333.7444353393596,936.2968990718402,6030.195465145842,1079.9741112030922,7220.262688353951,13.004257369935647,5,1,0,0,4,23.892296444317253,23.387684059165984,24.270755733180703,0.8738469037121832,0.0,0.0,0.0,1,0,0.0,0.0,1.0,0.0,0.8738469037121832,0.0,0.1261530962878168,0.8738469037121832,1.0,0.8738469037121832,8,1,2021,7,7,5,0,0,1,1,0,1,GRAVE_MORTALIDAD,2
6,1,8,0,4,1,-12.06304532887526,-75.31048616877413,0,4,0,1,2,1,0,2,7458.27496086038,2.123283927452413,2,0,1.0,7,8,1232.1496479043183,0.49645480341950793,76.36033394744013,72.42072349025229,7.965735269647404,670.3670589162507,10052.362473934338,8563.25480966885,1431.8560549139422,1999.5738468900943,5131.824907864812,1798.1783212209953,6765.076488447852,21.043512854585547,8,1,0,0,7,40.027457160761394,40.027457160761394,40.027457160761394,1.0,0.12328392745241279,0.0,0.8767160725475872,1,0,0.0,0.0,0.0,1.0,0.0,1.0,0.0,0.0,0.12328392745241279,0.0,8,1,2024,9,13,4,0,0,1,1,0,1,GRAVE_MORTALIDAD,2
3,2,20,0,3,1,-15.869525590877409,-69.94203290799408,0,3,7,1,2,2,2,4,7433.058624199713,2.0,2,0,1.0,9,9,1198.0,0.6488901960567479,69.67312345830231,82.12448375199249,11.701623814093702,1230.336353415943,144745.3597430407,13642.312999999998,2020.7790000000005,2354.117,9267.416999999998,3314.0520000000006,10328.260999999997,24.29244952817019,3,2,0,0,1,40.83646329786294,31.378021394776088,50.2949052009498,1.0,0.0,0.0,0.0,2,0,0.0,0.14745260047490116,0.8525473995250988,1.0,0.0,1.0,1.0,0.8525473995250988,0.8525473995250988,0.8525473995250988,22,2,2022,4,13,0,0,0,2,1,0,1,GRAVE_MORTALIDAD,2
6,1,4,0,4,1,-14.710792064751802,-74.38692599773078,0,4,0,0,2,1,0,2,2224.50437171383,2.0,2,0,1.0,4,26,123.77219708190776,0.3591047448258892,64.11694400626905,61.508531733937396,6.78623286302476,414.65346393104346,1025.0822663431165,12707.386266658257,1811.4882602425532,1791.2834996605563,9104.614506755148,2510.0167558008284,10197.369510857428,19.74216331757834,4,1,0,0,3,27.148681306473012,27.148681306473012,27.148681306473012,1.0,0.0,0.0,0.9702637387053974,1,0,0.0,0.9702637387053974,0.0,0.029736261294602606,0.0,0.0,1.0,0.0,0.0,0.0,6,1,2023,2,9,5,1,0,2,1,0,1,GRAVE_MORTALIDAD,2
3,1,18,0,4,1,-15.245412121986949,-70.5322118937228,0,4,0,0,2,1,1,2,1796.0124311291738,2.0,2,0,1.0,5,22,388.839137344602,0.29469184681233535,76.5748435628112,61.28000956638016,5.613082680366328,220.95957910389518,1416.632497129449,13573.19373207631,2005.3061054946356,2312.5066383331146,9255.380988248558,3254.6095587027557,10318.584173373552,23.95604621387497,11,1,0,0,9,31.177207179832912,20.50212216470436,41.852292194961464,1.0,0.0,0.0,0.07173173781490838,1,0,0.0,0.07173173781490838,0.9282682621850916,0.9282682621850916,0.0,0.9282682621850916,1.0,0.9282682621850916,0.9282682621850916,0.9282682621850916,13,2,2022,2,24,5,1,0,2,1,0,1,GRAVE_MORTALIDAD,2
6,1,5,0,4,1,-7.092980711443035,-78.9636039973324,0,4,0,0,2,2,2,0,806.6431746923317,2.0,2,1,0.0,9,23,216.02039039951288,0.37548027242396687,70.46564366750194,41.86504058032084,5.753982619357424,556.6489398977951,7170.723467543412,15935.565011852366,1733.9250000199986,935.692,13265.948011832368,2000.1670000199988,13935.398011832369,12.551591352627522,15,1,0,0,14,36.52364372878691,36.52364372878691,36.52364372878691,1.0,0.0,0.0,0.0,1,0,0.0,0.0,0.34013013317096097,0.659869866829039,0.0,0.0,1.0,0.0,0.0,0.0,6,1,2022,3,22,5,1,1,2,1,0,1,GRAVE_MORTALIDAD,2
6,1,7,0,4,1,-10.45706779881515,-75.55576372649847,2,4,2,1,3,2,2,0,1926.0018131102256,1.4315843291175092,1,1,0.4315843291175092,6,29,212.76749539178843,0.3570141990640151,75.11320099403494,48.223233982891585,4.92170976484449,486.60125254465225,1524.271466375674,8684.591895974734,1312.6560403350245,1660.6813986365487,5711.2544570031605,1311.3978746411194,7373.194021333614,15.156727411815776,3,1,0,0,2,41.66306640500234,41.66306640500234,41.66306640500234,1.0,0.5684156708824908,0.0,0.0,1,0,0.0,0.0,0.0,0.5684156708824908,0.0,0.4315843291175092,0.5684156708824908,0.0,0.0,0.0,12,1,2023,6,13,0,0,0,0,1,0,1,GRAVE_MORTALIDAD,2
2,2,16,0,3,1,-14.993417426573345,-70.55763488664783,0,3,7,0,2,2,2,2,7340.258732840145,2.0,2,0,1.0,10,11,1198.0,0.5538514819808197,74.99164271703019,79.08744288684136,9.144376176400646,829.7123269072273,64086.81941646317,14620.245032800462,2038.8851138832313,2474.444457233799,10106.915461683431,3211.139195623029,11409.10583717743,22.37741569854336,6,2,0,0,3,35.41838159747192,23.964335591151713,42.29080920126404,1.0,0.7636030670880136,0.0,0.23639693291198638,2,0,0.0,0.0,0.7636030670880136,1.0,0.0,1.0,0.7636030670880136,0.7636030670880136,1.0,0.7636030670880136,13,2,2021,9,29,4,0,1,2,1,0,1,GRAVE_MORTALIDAD,2
5,1,4,0,4,1,-14.644792669165303,-73.68738461517766,0,4,0,0,2,1,0,2,2235.1626613984904,2.0,1,0,0.9925977185816602,4,27,117.73884412478571,0.43467792244395864,58.94155048261604,71.92630514469995,8.204868579130006,665.3785478217753,14961.552463671902,12685.865690329087,1806.670709113344,1778.3279376119942,9100.86704360375,2491.5091003589064,10194.35658997018,19.637422723238295,30,1,0,0,29,36.03331026638253,35.97779315574498,36.08882737702008,1.0,0.0,0.0,0.9925977185816602,1,0,0.0,0.0,0.9925977185816602,0.007402281418339762,0.0,0.007402281418339762,1.0,0.0,0.007402281418339762,0.0,5,0,2021,3,8,2,0,0,2,1,0,1,GRAVE_MORTALIDAD,2
6,1,1,0,4,0,-9.176908201917227,-77.77279770498353,1,4,3,0,7,2,2,0,6543.555,2.0,4,4,1.0,14,33,1198.0,0.4411977165046064,76.56003298758712,48.327808960690284,6.6796674816806405,643.6520497729608,8150.846950952244,10767.648,1885.0630000000003,1222.721,7659.864000000001,2100.343,8667.305000000002,19.506051832303577,5,1,0,0,4,54.521658940881025,54.521658940881025,54.521658940881025,1.0,0.0,0.0,0.3409653189009987,1,0,0.0,1.0,0.0,0.0,0.3409653189009987,0.0,0.6590346810990013,0.0,0.3409653189009987,0.0,5,1,2021,7,17,2,0,0,0,1,0,1,GRAVE_MORTALIDAD,2