CLASE SINIESTRO,CANTIDAD DE VEHICULOS DAÑADOS,DEPARTAMENTO,ZONA,TIPO DE VÍA,RED VIAL,COORDENADAS LATITUD,COORDENADAS  LONGITUD,CONDICIÓN CLIMÁTICA,ZONIFICACIÓN,CARACTERÍSTICAS DE VÍA,PERFIL LONGITUDINAL VÍA,SUPERFICIE DE CALZADA,¿EXISTE SEÑAL VERTICAL?,¿EXISTE SEÑAL HORIZONTAL?,CAUSA FACTOR PRINCIPAL,MTC_RVN_LONGITUD_KM,MTC_RVN_N_CARRILES_MEDIANA,MTC_RVN_SUPERFICIE_DOMINANTE,MTC_RVN_ESTADO_DOMINANTE,MTC_RVN_ES_CONCESIONADA,MTC_RVN_CONCESION_PRINCIPAL,MTC_RVN_CORREDOR_LOGISTICO,MTC_RVN_N_TRAMOS,IDH_2019,IDH_ESP_VIDA_2019,IDH_EDUC_SECUND_PCT_2019,IDH_ANIOS_EDUC_2019,IDH_INGRESO_PERCAP_2019,IDH_POBLACION_2019,MTC_DEP_RED_TOTAL_KM,MTC_DEP_NACIONAL_TOTAL_KM,MTC_DEP_DEPARTAMENTAL_TOTAL_KM,MTC_DEP_VECINAL_TOTAL_KM,MTC_DEP_PAV_TOTAL_KM,MTC_DEP_NO_PAV_TOTAL_KM,MTC_DEP_PCT_PAVIMENTADA,PER_TOTAL_PERSONAS,PER_N_CONDUCTORES,PER_N_CONDUCTORES_FUGADOS,PER_N_PEATONES,PER_N_PASAJEROS_OCUPANTES,PER_EDAD_COND_PROM,PER_EDAD_COND_MIN,PER_EDAD_COND_MAX,PER_ANY_COND_MASCULINO,PER_ANY_LIC_PROBLEMA,PER_ANY_DOSAJE_POS,PER_ANY_DOSAJE_EVALUADO,VEH_TOTAL,VEH_N_FUGADOS,VEH_ANY_FUGADO,VEH_ANY_CARGA,VEH_ANY_PUBLICO,VEH_ANY_PARTICULAR,VEH_ANY_MOTO,VEH_ANY_AUTO,VEH_ANY_CAMION_BUS,VEH_ANY_SOAT_PROBLEMA,VEH_ANY_CITV_PROBLEMA,VEH_ANY_SEGURO_PROBLEMA,HORA_NUM,FRANJA_HORARIA,ANIO,MES,DIA_MES,DIA_SEMANA,ES_FIN_SEMANA,ES_QUINCENA,REGION_NATURAL,TIENE_SEÑALIZACION,ES_VIA_MULTICARRIL,ES_DEPTO_BAJO_PAVIMENTO,CATEGORIA_SEVERIDAD,CATEGORIA_SEVERIDAD_ENC
3,1,11,0,4,1,-11.311799592167294,-75.91353971785264,0,4,0,0,2,1,1,2,9936.932,2.0,2,0,1.0,9,32,3830.0,0.4072154173361597,78.41547898832464,58.76231667553175,6.30696411247653,487.8023416299841,3999.9964640440003,12264.545,1826.4639999999995,1105.5389999999998,9332.542,1588.5359999999996,10676.009,12.952261987705208,18,2,0,0,16,45.56093769287444,42.12187538574888,49.0,1.0,0.8800781410728699,0.0,0.0,2,0,0.0,1.0,1.0,0.0,0.0,0.0,1.0,0.0,0.0,0.0,12,2,2023,8,7,3,0,0,2,1,0,1,GRAVE_MORTALIDAD,2
3,2,12,0,4,1,-8.41878546310642,-78.78852397348382,0,4,7,1,2,2,2,0,6543.555,3.0,2,0,1.0,0,30,1475.0,0.5051395598219868,77.13285387085847,51.52067479184955,6.715328807318118,900.900383457586,67612.41755888652,8931.828000000005,1335.5899999999997,1935.9830000000004,5660.255000000005,1219.309,7712.519000000005,13.651281686122925,13,2,0,0,11,29.235394939238134,25.773195662204117,32.69759421627215,1.0,1.0,0.0,0.0,2,0,0.0,0.32073309234467307,0.6792669076553269,0.6792669076553269,0.0,0.6792669076553269,1.0,0.0,0.32073309234467307,0.0,4,0,2023,2,7,3,0,0,0,1,1,1,GRAVE_MORTALIDAD,2
6,1,4,0,4,1,-12.994497957351191,-74.2892734955506,6,4,0,0,1,2,2,5,6681.650856564885,2.0,3,3,1.0,13,29,1198.0,0.30016685986722963,69.44846030331928,45.2958630687731,5.940530228589496,325.75492564928606,9637.149843359177,12623.911745117743,1807.9051458611352,1685.5530812323952,9130.453518024213,2366.670838104071,10257.240907013671,18.722465649062638,5,1,0,0,4,29.132358385279776,29.132358385279776,29.132358385279776,1.0,0.8676416147202234,0.0,0.8676416147202234,1,0,0.0,0.0,0.0,1.0,0.0,0.0,0.1323583852797766,0.8676416147202234,1.0,0.0,9,1,2021,6,19,4,0,1,2,1,0,1,GRAVE_MORTALIDAD,2
3,1,13,0,4,1,-6.200941658947651,-79.64348798427918,0,4,7,1,2,2,2,0,1215.3866293698097,2.0,2,0,0.7674319257431714,2,16,175.79124408412557,0.5066379568207955,77.15048793663686,60.48651899958063,7.727070253055654,769.3639101661755,27443.532154560875,3459.691,515.0619999999999,689.7280000000001,2254.901,703.3549999999999,2756.336,20.329994788551925,3,2,0,0,1,27.6279765197978,21.86054459405463,33.39540844554097,1.0,0.7674319257431714,0.0,1.0,2,0,0.0,1.0,0.0,0.7674319257431714,0.7674319257431714,0.0,1.0,1.0,0.23256807425682857,0.23256807425682857,8,0,2021,5,27,0,0,1,0,1,0,1,GRAVE_MORTALIDAD,2
1,1,20,1,2,2,-17.92615807093076,-70.63234012535656,2,2,6,1,3,2,2,0,4732.43802352561,2.0,3,2,1.0,12,32,882.1952023155745,0.691333854642886,77.2717966429946,74.5416872479675,11.269033985125173,1361.9990178017965,72014.26917489611,2767.7147878238075,567.7521305701744,650.4394590914653,1549.5231981621675,989.3561426578123,1778.3586451659949,36.027711697127415,8,1,0,1,5,39.746128675516744,36.53073686852153,42.35382457901435,0.39230409650239195,0.0,0.0,0.0,1,0,0.607695903497608,0.0,0.0,0.39230409650239195,0.0,0.39230409650239195,0.39230409650239195,0.0,0.0,0.607695903497608,18,2,2022,10,9,5,1,0,0,1,0,1,GRAVE_MORTALIDAD,2
3,2,5,0,4,1,-7.2610113895074,-78.9742914163548,2,4,4,1,2,1,1,1,887.28,2.0,2,0,1.0,8,17,155.0,0.47324022612502553,73.60557309877436,61.784864242517955,6.509597080249513,792.6357575088056,7815.642483977819,15935.565011852366,1733.9250000199986,935.692,13265.948011832368,2000.1670000199988,13935.398011832369,12.551591352627522,5,2,0,0,3,40.442739332063965,31.62404087428598,49.26143778984195,1.0,0.5973287917460022,0.5973287917460022,0.5973287917460022,2,0,0.0,0.4026712082539978,0.0,1.0,0.5973287917460022,1.0,0.4026712082539978,0.0,0.5973287917460022,0.5973287917460022,13,1,2023,8,28,3,0,1,2,1,0,1,GRAVE_MORTALIDAD,2
5,0,12,2,2,4,-8.965088871541031,-78.60149153740417,0,0,4,0,2,2,2,2,6543.555,2.0,4,4,1.0,14,33,1198.0,0.7241026554334382,79.6283685881912,77.15378897644935,11.737792417871772,1437.1446605002857,331752.31753050996,8660.48490403083,1407.8807482781322,1865.9604502537204,5386.643705498978,1343.0936537910147,7317.391250239816,15.7601180813458,2,1,0,0,1,35.233328367932984,34.71371906438386,35.75293767148211,1.0,1.0,0.20784372141964902,0.20784372141964902,1,0,0.0,0.0,0.0,1.0,1.0,0.20784372141964902,0.0,0.792156278580351,0.20784372141964902,0.792156278580351,7,0,2021,7,18,2,0,0,0,1,0,1,GRAVE_MORTALIDAD,2
5,1,3,1,3,3,-12.488151185398198,-74.52065751378635,1,2,7,0,1,1,0,1,6543.555,2.1865931064353203,3,3,1.0,11,32,1249.6862904825837,0.4870832174797006,79.14644438463472,71.74677751073352,7.363751366561013,637.0869844209384,27164.064897422326,8465.862167173218,1292.3663710828664,1417.1221302916006,5756.373665798752,1392.86888250747,7072.993284665748,16.488594926086826,5,1,0,0,4,20.011751788359387,19.172082809400447,20.85142076731833,1.0,1.0,0.0,0.0,1,0,0.0,0.0,0.0,1.0,0.18659310643532034,0.8134068935646797,0.18659310643532034,0.0,0.0,0.18659310643532034,1,0,2023,4,5,4,0,0,1,1,0,1,GRAVE_MORTALIDAD,2
5,1,20,0,4,1,-17.290910516602946,-70.0255259614964,3,4,1,1,2,2,2,2,1239.5345118081448,1.2571687235343099,1,2,0.25716872353430975,9,29,182.17204936482344,0.4953056784692219,76.56690846631851,74.95462617386232,7.933576822019266,663.6589077425085,3483.375610471234,2727.363095184792,589.4262227697791,594.2644953608715,1543.6723770541414,1016.6880826528445,1710.6750125319472,37.5061463734089,6,1,0,0,4,31.371868300083264,29.828855958877405,32.91488064128912,1.0,0.0,0.25716872353430975,0.25716872353430975,1,0,0.0,0.25716872353430975,0.0,1.0,0.0,0.7428312764656902,0.25716872353430975,0.0,0.25716872353430975,0.0,15,3,2023,1,8,2,0,0,0,1,0,1,GRAVE_MORTALIDAD,2
3,2,10,0,4,1,-14.779055549669758,-75.24429453264001,4,4,7,1,2,2,2,1,6639.975,2.0,2,0,1.0,9,31,1616.0,0.5729388707092364,77.6452906302626,68.6073992910413,8.699081012627675,965.6648853239814,27932.19700214133,3721.461,698.1859999999996,744.866,2278.409,1102.9029999999996,2618.558,29.636290693359403,3,2,0,0,1,28.231821319185308,26.90863918726678,29.55500345110384,1.0,0.3384089340407346,0.0,0.6615910659592654,2,0,0.3384089340407346,0.6615910659592654,0.0,1.0,0.3384089340407346,0.6615910659592654,0.6615910659592654,0.3384089340407346,0.3384089340407346,0.3384089340407346,12,1,2023,7,18,5,1,0,0,1,0,1,GRAVE_MORTALIDAD,2
6,1,20,0,4,1,-15.381281510154377,-69.97274391632433,1,4,5,0,3,2,2,2,6543.555,2.0,4,4,1.0,14,33,1198.0,0.3364481300673722,69.62122712974515,70.58159872616754,6.376761829709301,304.4052287410659,4794.454306947286,13642.312999999998,2020.7790000000005,2354.117,9267.416999999998,3314.0520000000006,10328.260999999997,24.29244952817019,2,1,0,0,1,31.672078166450028,31.672078166450028,31.672078166450028,1.0,0.2363365902687512,0.0,0.0,1,0,0.0,0.0,0.0,1.0,0.0,0.7636634097312488,0.2363365902687512,0.0,0.2363365902687512,0.0,14,2,2022,7,18,5,1,1,2,1,0,1,GRAVE_MORTALIDAD,2
6,1,2,0,4,1,-13.69961684135947,-72.39561220113005,0,4,6,1,2,2,2,1,2182.7791984583387,1.09785700271645,1,2,0.09785700271645004,8,31,693.2736612587555,0.3500567099077907,70.44202210294208,68.0724807386752,5.619681230504822,362.8938495520484,3385.0770815947653,8358.971,1282.451,1298.0969999999998,5778.423,1432.683,6926.288,17.139466089785454,2,1,0,0,1,68.98786288862554,68.98786288862554,68.98786288862554,1.0,0.90214299728355,0.0,0.0,1,0,0.0,0.0,0.0,0.90214299728355,0.0,1.0,0.0,0.0,0.0,0.0,4,0,2021,5,8,5,0,0,2,1,0,1,GRAVE_MORTALIDAD,2
4,1,20,0,4,1,-14.705404206949702,-70.3410963547289,0,4,7,0,2,2,2,2,1613.513111689393,2.0,2,0,1.0,6,23,312.6290732594117,0.4480045318475252,70.1100521372021,73.64088622880246,7.448200165396569,590.6273427117607,5085.6050459908165,13642.312999999998,2020.7790000000005,2354.117,9267.416999999998,3314.0520000000006,10328.260999999997,24.29244952817019,4,1,0,0,3,35.658947601780376,32.490071287737564,38.82782391582319,1.0,0.0,0.0,0.0,1,0,0.0,0.4238406701740338,0.0,0.5761593298259662,0.0,0.5761593298259662,1.0,0.5761593298259662,0.0,0.5761593298259662,11,1,2022,2,9,3,0,0,2,1,0,1,GRAVE_MORTALIDAD,2
6,1,5,0,4,2,-5.947031940584485,-79.06968452652418,0,4,0,0,1,2,2,0,6543.555,2.0,4,4,1.0,14,33,1198.0,0.3522193943280484,71.74436499542234,49.028352482226396,5.447605919378193,430.96820825084563,7431.237065735333,15935.565011852366,1733.9250000199986,935.692,13265.948011832368,2000.1670000199988,13935.398011832369,12.551591352627522,4,1,0,0,3,28.9662010037098,26.751489669552065,30.6272345043281,0.44632216646056666,0.0,0.0,0.44632216646056666,1,0,0.0,0.5536778335394333,0.0,0.44632216646056666,0.0,0.0,0.44632216646056666,0.0,1.0,0.0,15,2,2022,6,13,2,0,0,2,1,0,1,GRAVE_MORTALIDAD,2
3,2,20,0,4,0,-15.10692039002988,-70.0353921175005,0,4,0,1,2,2,2,2,7390.351877280479,2.0,2,0,1.0,9,10,1198.0,0.3061129681520245,76.91375465942103,58.36981749716432,5.8509289728423495,245.90754128137493,1537.563670310717,13642.312999999998,2020.7790000000005,2354.117,9267.416999999998,3314.0520000000006,10328.260999999997,24.29244952817019,4,2,0,0,1,38.97592163243879,27.072235102683603,56.290374766628176,1.0,0.0,0.0,0.0,2,0,0.0,0.0,0.811614990665127,1.0,0.0,0.811614990665127,1.0,0.188385009334873,0.188385009334873,0.188385009334873,16,2,2021,9,14,5,0,0,2,1,0,1,GRAVE_MORTALIDAD,2
5,1,5,0,4,1,-5.781112532400733,-78.68655804677363,0,4,7,1,1,2,2,2,789.4589838959927,1.0562466943151725,1,2,0.056246694315172485,8,31,133.760985996349,0.2946593440779701,77.27390746442723,42.86298895236933,4.549011387379608,287.37373824658744,20894.346372050728,16039.25972942377,1754.3676360803834,1044.1036222705873,13240.7884710728,2049.5823083226915,13989.67742110108,12.75632555988164,2,1,0,0,1,51.76257272506621,51.76257272506621,51.76257272506621,1.0,0.0,0.0,0.9437533056848275,1,0,0.0,0.9437533056848275,0.0,0.056246694315172485,0.0,0.056246694315172485,1.0,0.0,0.056246694315172485,0.0,18,1,2024,9,14,5,0,0,2,1,0,1,GRAVE_MORTALIDAD,2
3,1,16,0,4,1,-12.125995870470124,-69.94296836670404,5,4,5,1,5,2,2,0,3626.3446473286917,2.0,2,0,1.0,5,18,692.470147721976,0.6247958041238938,72.22745370181929,67.04388776029204,9.84597676588738,1276.9750775102314,88339.49588525832,2377.288974003801,432.9770654434593,390.486140113053,1553.825768447288,535.7586600470196,1841.5303139567807,23.16577060162042,3,2,0,0,1,33.32283381677594,19.21062681290979,47.4350408206421,1.0,1.0,0.0,0.0,2,0,0.0,0.0,0.0,1.0,1.0,0.919291545806014,0.08070845419398598,0.0,1.0,0.08070845419398598,19,1,2021,5,23,3,0,0,1,1,0,1,GRAVE_MORTALIDAD,2
5,1,12,0,4,1,-8.573328993721557,-78.69880087108223,0,4,7,1,2,2,2,0,6543.555,2.007229013487266,3,3,1.0,13,32,1200.0024367359729,0.4971504606547645,77.79759708660042,46.44666297237219,6.322206801902116,929.9716106661404,44368.59100642397,8931.828000000005,1335.5899999999997,1935.9830000000004,5660.255000000005,1219.309,7712.519000000005,13.651281686122925,5,1,0,0,4,25.155423789976226,25.050603094410864,25.260244485541584,1.0,0.0,0.0,0.0,1,0,0.0,0.007229013487266234,0.007229013487266234,0.9927709865127338,0.0,0.007229013487266234,1.0,0.0,0.007229013487266234,0.0,22,2,2023,6,5,2,0,0,0,1,0,1,GRAVE_MORTALIDAD,2
6,1,1,0,4,1,-8.555233672579885,-77.63069190398093,0,4,0,1,2,2,2,0,1703.219,1.0,0,3,0.0,9,28,247.0,0.5285143944018423,75.33997185658131,53.7355901181876,9.078155204471177,861.4720488926681,5381.074946466809,10767.648,1885.0630000000003,1222.721,7659.864000000001,2100.343,8667.305000000002,19.506051832303577,8,1,0,0,7,41.89548989462809,41.89548989462809,41.89548989462809,1.0,0.0,0.0,0.0,1,0,0.0,0.0,0.0,0.2164161052571163,0.0,0.2164161052571163,0.7835838947428837,0.0,0.0,0.0,12,2,2022,2,11,4,0,0,0,1,0,1,GRAVE_MORTALIDAD,2
5,1,19,1,5,3,-15.697400991759142,-70.47355913388915,4,0,2,0,2,2,2,1,6078.58007349618,1.9219874759651727,3,3,0.9219874759651726,13,32,1123.888102166914,0.6500472337379968,70.45102390690344,82.06614816055985,11.703432729922955,1218.9459694929315,144566.31197966065,12868.362294904033,1917.600181799206,2228.5752676844304,8722.186845420398,3141.554685492916,9726.807609411117,24.709336065507813,3,1,0,1,0,48.95031310087069,48.95031310087069,48.95031310087069,1.0,0.0,0.0,0.0,1,0,0.0,0.07801252403482739,0.9219874759651726,0.07801252403482739,0.0,0.07801252403482739,1.0,0.9219874759651726,0.9219874759651726,0.9219874759651726,7,1,2024,2,11,5,0,0,1,1,0,1,GRAVE_MORTALIDAD,2
3,1,16,0,4,1,-11.3693918827751,-70.81774110122976,4,4,4,1,5,1,1,0,4140.302993006388,2.0,2,0,1.0,5,18,871.6507497443813,0.6129399340413746,72.25726620023632,66.23114711905068,9.586159068195695,1236.6754830833156,88102.63114137446,2783.7607985961013,480.5045200239332,461.98423155578655,1841.2720470163813,595.1709226890141,2188.589875907087,22.51723525035972,9,2,0,0,6,47.07371976840302,42.439562222109096,50.63461694434546,1.0,0.19505472223636333,0.0,0.0,2,0,0.0,0.8049452777636367,0.0,0.19505472223636333,0.19505472223636333,0.0,1.0,0.19505472223636333,0.19505472223636333,0.19505472223636333,4,0,2022,7,2,1,0,0,1,1,0,1,GRAVE_MORTALIDAD,2
5,0,14,2,3,1,-12.0109608894098,-76.87389786805304,0,0,7,1,2,2,2,2,1099.1630015004475,2.0,2,0,1.0,3,14,197.08758515098066,0.6868549636939637,79.62363164345142,76.30894566128948,9.209137883551294,1425.4498631666322,684921.8484148846,7626.313,1683.4029999999998,1599.0829999999996,4343.827000000001,1814.875,5811.438000000001,23.797541485643197,2,1,0,0,0,21.63090341882504,21.473177564118778,21.749197809854735,1.0,0.0,0.0,0.039431463676564915,1,0,0.0,0.0,0.039431463676564915,0.9605685363234351,0.9605685363234351,0.0,0.039431463676564915,0.0,0.9605685363234351,0.0,22,2,2023,6,2,5,0,0,0,1,0,1,GRAVE_MORTALIDAD,2
0,1,14,1,2,3,-11.03735324638502,-77.55995385651906,0,0,0,1,1,2,2,1,6543.555,2.0,4,4,1.0,14,33,1198.0,0.7146080575153774,80.21500684749202,74.77407667509894,10.549388765749054,1483.416476562065,157199.32592098485,7817.4032114004585,1697.5270646935653,1461.8371029542395,4658.039043752655,1871.883958487779,5945.519252912681,23.926187306178974,3,1,0,1,0,35.57487602495625,35.57487602495625,35.57487602495625,1.0,0.8573456485268379,0.14265435147316208,0.14265435147316208,1,0,0.0,0.0,0.0,1.0,0.0,0.0,1.0,0.0,0.0,0.0,19,1,2023,4,13,0,0,0,0,1,0,1,GRAVE_MORTALIDAD,2
1,1,7,0,4,1,-14.356426333067128,-71.16853293813048,0,4,3,1,2,1,1,2,7586.903,2.0,2,0,1.0,9,5,1198.0,0.3688068892893833,76.47283450634272,62.25751908213611,5.9696521090432615,372.1207781777657,9957.021413276232,17779.13499998999,2097.3709999899997,2863.123,12818.640999999989,2878.713,14900.421999989989,16.19152450331032,5,1,0,1,3,31.06382251438734,27.381936228635876,34.74570880013881,1.0,0.0,0.0,1.0,1,0,0.0,0.4909181714335289,0.0,1.0,0.0,1.0,0.4909181714335289,0.0,0.5090818285664711,0.0,12,1,2021,9,10,2,0,0,2,1,0,1,GRAVE_MORTALIDAD,2
6,1,10,0,4,0,-8.860740433943718,-77.8162970043607,0,4,1,1,1,2,2,0,6721.2416670548255,2.0,3,3,1.0,13,28,1198.0,0.1719666027861141,77.21023219762273,33.62968733745139,2.9799842917851667,126.82156565900775,7752.265751733399,8834.26798068811,1326.5401989742381,1827.3482613500637,5680.379520363808,1255.6475130331933,7578.620467654917,14.245334543615744,3,1,0,0,2,26.76852083632221,26.76852083632221,26.76852083632221,1.0,0.829695684417064,0.0,0.0,1,0,0.0,0.0,0.17030431558293602,0.829695684417064,0.0,0.0,1.0,0.0,0.0,0.0,16,3,2023,9,23,0,0,1,0,1,0,1,GRAVE_MORTALIDAD,2
1,2,10,1,4,1,-13.69908478206702,-76.16870611777793,0,4,7,1,2,2,2,0,205.54999999999995,-1.0,2,0,1.0,13,31,15.0,0.5285106317941701,77.66301313532571,63.42258426236159,9.150660658988413,761.3940999748802,13069.234525560023,3721.461,698.1859999999996,744.866,2278.409,1102.9029999999996,2618.558,29.636290693359403,2,2,0,0,0,31.954522846233672,22.851769809395787,38.456489301117884,1.0,0.3498033545115794,0.0,0.0,2,0,0.0,0.6501966454884206,0.0,1.0,0.3498033545115794,0.6501966454884206,0.6501966454884206,0.3498033545115794,0.3498033545115794,0.3498033545115794,9,0,2023,9,4,3,0,0,0,1,0,1,GRAVE_MORTALIDAD,2
6,1,8,0,4,1,-12.492332941601502,-74.82363254781598,0,4,7,1,4,2,2,0,7143.658999566947,2.0,2,1,1.0,11,16,1198.0,0.2722280381372022,69.90674204449522,48.083548918985,4.29347337450826,268.7360621904629,3541.743896763863,8511.426,1445.3929999999996,2008.516,5057.516999999999,1879.579,6631.846999999998,22.08300935706896,5,1,0,0,4,31.477229068700293,31.477229068700293,31.477229068700293,1.0,0.0,0.0,0.0,1,0,0.0,0.0,0.0,1.0,0.0,0.4248285331769005,0.5751714668230995,0.0,0.4248285331769005,0.0,10,0,2024,5,13,2,0,0,2,1,0,1,GRAVE_MORTALIDAD,2
6,1,13,0,4,1,-11.514098822572416,-76.59760445915259,0,4,0,1,1,1,0,2,872.0949516156211,-0.7436297794018043,0,0,0.8718148897009022,9,15,174.97217702260167,0.5116005165561439,74.48241809181182,65.09339928853163,7.208134624528198,842.1144580676407,299.9097694328839,7739.771307532165,1652.8936618977116,1651.5662142650901,4435.311431369364,1823.1690893767927,5916.6022181553735,23.577763995630562,3,1,0,0,2,47.41081691162526,47.41081691162526,47.41081691162526,1.0,0.12818511029909785,0.0,0.0,1,0,0.0,0.0,0.8718148897009022,0.12818511029909785,0.0,0.12818511029909785,0.8718148897009022,0.12818511029909785,0.12818511029909785,0.0,15,3,2022,3,13,0,0,0,0,1,0,1,GRAVE_MORTALIDAD,2
6,1,11,0,4,1,-8.406095768223837,-77.90164550562041,1,4,0,0,1,1,1,1,6543.555,2.0,4,4,1.0,14,33,1198.0,0.2100125630005407,75.52553699548947,31.425851793305362,3.553153621031996,184.16025218862012,24296.867675833408,8880.151395804676,1349.087191189527,1944.898892721966,5586.165311893183,1300.4706297069217,7579.680766097754,14.68772550307497,7,1,0,0,6,37.016624960008215,37.016624960008215,37.016624960008215,1.0,0.0,0.0,0.0,1,0,0.0,0.8770781200010273,0.12292187999897275,0.0,0.0,0.0,1.0,0.0,0.12292187999897275,0.0,19,2,2022,1,16,1,0,1,0,1,0,1,GRAVE_MORTALIDAD,2
4,1,16,0,4,1,-6.605566884928011,-78.66981072898271,0,4,4,0,2,1,1,0,7005.69553150204,2.61956822477866,2,0,1.0,3,26,1725.324108095642,0.48242669411073247,78.21833816036563,58.85181418730643,7.366160105639547,702.7423844569006,16340.555600053929,4291.1037209986025,629.1968586112552,794.5635842977448,2867.3432780896023,821.3082523391517,3469.7954686594503,19.42527060633166,19,1,0,0,18,32.17381680708289,28.74993083009083,35.597702784074954,1.0,0.3804317752213404,0.0,0.0,1,0,0.0,0.0,0.3804317752213404,1.0,1.0,0.0,0.3804317752213404,0.6195682247786596,0.3804317752213404,1.0,6,0,2023,5,23,4,0,1,0,1,0,1,GRAVE_MORTALIDAD,2
6,1,7,0,4,2,-13.439597026322923,-71.99906321112591,0,4,4,0,2,2,2,1,6543.555,2.0,4,4,1.0,14,33,1198.0,0.3690349694027224,78.73888076835973,68.20791977294982,5.736124500182804,354.36471940283246,4755.362213565581,17779.13499998999,2097.3709999899997,2863.123,12818.640999999989,2878.713,14900.421999989989,16.19152450331032,3,1,0,0,2,44.88830921550142,44.88830921550142,44.88830921550142,1.0,0.0,0.6755323686200567,0.6755323686200567,1,0,0.0,0.0,0.0,1.0,0.0,1.0,0.0,0.0,0.0,0.0,21,2,2025,7,20,5,1,1,2,1,0,1,GRAVE_MORTALIDAD,2
1,1,20,1,2,3,-17.971055707835877,-70.47593138750116,1,1,6,1,2,2,2,0,5515.584944499565,2.0,3,3,1.0,12,32,1018.7526738361656,0.6936164103835055,77.01185915310231,74.95259490588168,11.435745337235383,1366.245687561174,72949.56335171092,2717.060956630029,594.9598072686147,579.9225378911168,1542.1786114702973,1023.666164968208,1693.3947916618208,37.883603621992606,5,1,0,1,3,38.558672401424644,35.00400737326026,41.33600491550684,0.22266748591780672,0.0,0.0,0.0,1,0,0.7773325140821933,0.0,0.0,0.22266748591780672,0.0,0.22266748591780672,0.22266748591780672,0.0,0.0,0.7773325140821933,18,2,2022,9,10,5,1,0,0,1,0,1,GRAVE_MORTALIDAD,2
2,1,8,1,6,3,-10.141817668454824,-76.49976884952498,0,4,0,0,4,2,2,3,6543.555,2.0,4,4,1.0,14,33,1198.0,0.4050768593293328,73.97717614698855,55.47688576112052,6.426886446916567,544.593201263941,26045.891055413074,13891.974056218596,1785.4398004819823,1030.2427766018377,11076.291479134776,1771.0194099814228,12120.954646237173,12.77463750421187,5,1,0,1,3,25.78341026340877,25.78341026340877,25.78341026340877,1.0,0.4433179473182465,0.0,1.0,1,0,0.0,0.5566820526817535,0.4433179473182465,0.0,0.0,0.0,1.0,0.4433179473182465,0.4433179473182465,0.4433179473182465,14,3,2023,8,17,1,0,0,2,1,0,1,GRAVE_MORTALIDAD,2
6,1,5,0,4,2,-5.480683116929592,-79.09940959880811,0,4,0,0,1,2,2,2,6543.555,2.0,4,4,1.0,14,33,1198.0,0.3250431641783761,74.81631165706924,43.24957763884583,5.200492967600746,352.0851573530344,7809.486698467263,15935.565011852366,1733.9250000199986,935.692,13265.948011832368,2000.1670000199988,13935.398011832369,12.551591352627522,2,1,0,0,1,37.774757510150785,37.774757510150785,37.774757510150785,1.0,0.3542407077386941,0.0,1.0,1,0,0.0,0.3542407077386941,0.0,0.6457592922613059,0.0,0.0,1.0,0.0,0.6457592922613059,0.0,16,2,2023,8,9,5,1,0,2,1,0,1,GRAVE_MORTALIDAD,2
5,1,3,0,4,1,-16.104953044833312,-71.61846998792488,0,4,0,0,2,0,1,0,1504.4250000000002,2.0,2,0,1.0,7,25,241.0,0.6005060748875158,78.21704200773246,77.40211893847457,8.994742794352394,996.014120858737,33335.45824411135,10322.272,1495.236,1749.739,7077.2970000000005,2886.595,7435.677000000001,27.964725207783708,2,1,0,0,1,72.50887246157684,72.40524004521232,72.64855093580728,1.0,0.0,0.0,0.0,1,0,0.0,0.0,0.0,1.0,0.0,1.0,0.013517271699720057,0.0,0.013517271699720057,0.0,11,1,2023,1,28,5,0,0,0,1,0,1,GRAVE_MORTALIDAD,2
5,1,3,0,4,0,-16.448423940505354,-72.39197743348785,0,4,7,0,2,1,1,0,6559.191501510568,2.0,3,3,1.0,13,32,1265.7873639433446,0.6077843615696785,76.53072135400231,69.81276959706165,8.77367759087771,1135.5159013374655,74658.55888650964,10322.272,1495.236,1749.739,7077.2970000000005,2886.595,7435.677000000001,27.964725207783708,7,1,0,0,6,50.51348781858844,49.86480491003968,51.16217072713719,1.0,0.0,0.0,0.16217072713718805,1,0,0.0,0.0,0.16217072713718805,0.837829272862812,0.0,0.837829272862812,0.16217072713718805,0.0,0.0,0.0,8,1,2022,10,21,4,0,1,0,1,0,1,GRAVE_MORTALIDAD,2