CLASE SINIESTRO,CANTIDAD DE VEHICULOS DAÑADOS,DEPARTAMENTO,ZONA,TIPO DE VÍA,RED VIAL,COORDENADAS LATITUD,COORDENADAS  LONGITUD,CONDICIÓN CLIMÁTICA,ZONIFICACIÓN,CARACTERÍSTICAS DE VÍA,PERFIL LONGITUDINAL VÍA,SUPERFICIE DE CALZADA,¿EXISTE SEÑAL VERTICAL?,¿EXISTE SEÑAL HORIZONTAL?,CAUSA FACTOR PRINCIPAL,MTC_RVN_LONGITUD_KM,MTC_RVN_N_CARRILES_MEDIANA,MTC_RVN_SUPERFICIE_DOMINANTE,MTC_RVN_ESTADO_DOMINANTE,MTC_RVN_ES_CONCESIONADA,MTC_RVN_CONCESION_PRINCIPAL,MTC_RVN_CORREDOR_LOGISTICO,MTC_RVN_N_TRAMOS,IDH_2019,IDH_ESP_VIDA_2019,IDH_EDUC_SECUND_PCT_2019,IDH_ANIOS_EDUC_2019,IDH_INGRESO_PERCAP_2019,IDH_POBLACION_2019,MTC_DEP_RED_TOTAL_KM,MTC_DEP_NACIONAL_TOTAL_KM,MTC_DEP_DEPARTAMENTAL_TOTAL_KM,MTC_DEP_VECINAL_TOTAL_KM,MTC_DEP_PAV_TOTAL_KM,MTC_DEP_NO_PAV_TOTAL_KM,MTC_DEP_PCT_PAVIMENTADA,PER_TOTAL_PERSONAS,PER_N_CONDUCTORES,PER_N_CONDUCTORES_FUGADOS,PER_N_PEATONES,PER_N_PASAJEROS_OCUPANTES,PER_EDAD_COND_PROM,PER_EDAD_COND_MIN,PER_EDAD_COND_MAX,PER_ANY_COND_MASCULINO,PER_ANY_LIC_PROBLEMA,PER_ANY_DOSAJE_POS,PER_ANY_DOSAJE_EVALUADO,VEH_TOTAL,VEH_N_FUGADOS,VEH_ANY_FUGADO,VEH_ANY_CARGA,VEH_ANY_PUBLICO,VEH_ANY_PARTICULAR,VEH_ANY_MOTO,VEH_ANY_AUTO,VEH_ANY_CAMION_BUS,VEH_ANY_SOAT_PROBLEMA,VEH_ANY_CITV_PROBLEMA,VEH_ANY_SEGURO_PROBLEMA,HORA_NUM,FRANJA_HORARIA,ANIO,MES,DIA_MES,DIA_SEMANA,ES_FIN_SEMANA,ES_QUINCENA,REGION_NATURAL,TIENE_SEÑALIZACION,ES_VIA_MULTICARRIL,ES_DEPTO_BAJO_PAVIMENTO,CATEGORIA_SEVERIDAD,CATEGORIA_SEVERIDAD_ENC
3,1,10,0,4,1,-13.719063601406708,-75.88969048337059,0,4,7,1,2,1,1,0,1657.3488371257279,1.9547442980507137,2,2,1.0,9,24,310.4744298050714,0.5482994694031497,73.0026247039755,72.42387183870208,8.095413224219504,931.4957988776064,5914.574754889215,3721.461,698.1859999999996,744.866,2278.409,1102.9029999999996,2618.558,29.636290693359403,4,2,0,0,2,30.59805402089012,25.181022807797145,36.01508523398309,1.0,0.015085233983095359,0.0,0.9849147660169046,2,0,0.015085233983095359,0.9849147660169046,0.015085233983095359,0.9849147660169046,0.0,0.015085233983095359,0.9849147660169046,0.0,0.9849147660169046,0.015085233983095359,6,1,2022,11,28,3,0,1,0,0,0,1,GRAVE_MORTALIDAD,2
3,0,14,1,2,3,-12.143114277082951,-76.99476436446324,0,0,7,1,2,2,2,1,6128.718607982885,2.0,3,3,0.9240064936841682,13,32,1184.8531234073612,0.7501111580986332,79.75176519111439,76.56370164283538,11.292859285499375,1631.1412359289388,335418.3256364966,7626.313,1683.4029999999998,1599.0829999999996,4343.827000000001,1814.875,5811.438000000001,23.797541485643197,3,2,0,0,1,28.31001623421042,25.848012987368335,30.772019481052503,1.0,0.9240064936841682,0.9240064936841682,0.9240064936841682,2,0,0.0,0.0,0.0759935063158318,1.0,0.9240064936841682,0.9240064936841682,0.0759935063158318,0.0,1.0,0.0,19,2,2021,1,6,2,0,0,0,1,0,1,GRAVE_MORTALIDAD,2
3,1,10,0,4,1,-13.62558886989641,-75.98233643317526,0,4,7,1,2,2,2,0,1206.10759719938,1.036364666780735,2,2,1.0,10,26,218.63646667807348,0.5623626176073553,75.12241010884122,70.24220952436032,8.548897981898257,946.2354342793562,5728.000131469283,3721.461,698.1859999999996,744.866,2278.409,1102.9029999999996,2618.558,29.636290693359403,5,1,0,0,3,35.79999433270596,32.066659110274614,39.53332955513731,1.0,0.32121177773975507,0.0,0.6787882222602449,1,0,0.0,0.6787882222602449,0.0,1.0,0.0,0.32121177773975507,0.6787882222602449,0.0,0.6787882222602449,0.0,7,1,2022,11,20,3,0,0,0,1,0,1,GRAVE_MORTALIDAD,2
6,1,8,0,4,2,-12.95223378364344,-74.95822732958916,1,4,4,1,2,2,2,0,6543.555,2.0,4,4,1.0,14,33,1198.0,0.4341096055857477,68.72586071280953,52.016577309928444,6.1267817858530975,815.0967755012377,2107.567115220647,8511.426,1445.3929999999996,2008.516,5057.516999999999,1879.579,6631.846999999998,22.08300935706896,2,1,0,0,1,27.10639635791977,27.10639635791977,27.10639635791977,1.0,0.0,0.0,0.0,1,0,0.0,0.0,0.0,1.0,0.0,1.0,0.0,0.0,0.0,0.0,4,0,2023,9,12,5,0,0,2,1,0,1,GRAVE_MORTALIDAD,2
6,1,5,0,4,2,-6.942366491370372,-78.5407529212132,1,4,1,0,1,1,0,0,6543.555,2.0,4,4,1.0,14,33,1198.0,0.48243714201384535,73.79333817263728,64.74247494195527,6.49401385430412,770.9264621618689,47660.427390872544,15935.565011852366,1733.9250000199986,935.692,13265.948011832368,2000.1670000199988,13935.398011832369,12.551591352627522,2,1,0,0,1,49.18421595804991,48.05109030112048,50.034060200746985,0.7167185857676419,0.7167185857676419,0.0,0.0,1,0,0.0,0.2832814142323581,0.7167185857676419,0.0,0.7167185857676419,0.0,0.2832814142323581,0.7167185857676419,0.2832814142323581,0.0,15,2,2021,8,17,3,0,0,2,1,0,1,GRAVE_MORTALIDAD,2
3,2,12,0,4,1,-12.134720913062818,-76.90449588684254,0,4,4,0,2,1,0,0,5055.647401837894,2.411980805923987,1,0,0.7059904029619934,2,25,1120.718435569202,0.6248649660996095,80.06686799925542,71.96527902134275,9.162391279219829,1116.6520446746385,65973.14721880792,6478.2490369869465,1393.739746835006,1347.935004046985,3736.5742861049557,1605.5483991776564,4872.70063780929,25.51418978740982,11,2,0,0,8,42.617665067160324,37.470047985190035,49.64792322369595,1.0,0.0,0.0,0.7059904029619934,2,0,0.0,1.0,0.29400959703800655,0.0,0.0,0.29400959703800655,1.0,0.0,0.29400959703800655,0.0,16,1,2024,2,21,2,0,0,0,1,0,1,GRAVE_MORTALIDAD,2
6,1,2,0,4,0,-14.206432076251472,-73.12000341014692,1,4,4,0,2,2,2,1,6543.555,2.0,4,4,1.0,14,33,1198.0,0.3437543806348256,63.6064484659539,72.81245337535934,6.3822182103771015,357.26295905800845,1011.0936811686565,8358.971,1282.451,1298.0969999999998,5778.423,1432.683,6926.288,17.139466089785454,2,1,0,0,1,33.76580094021191,33.76580094021191,33.76580094021191,1.0,0.0,0.0,0.0,1,0,0.0,0.0,0.0,1.0,0.0,0.7658009402119098,0.2341990597880902,0.0,0.0,0.0,18,2,2021,2,6,0,0,0,2,1,0,1,GRAVE_MORTALIDAD,2
3,1,12,0,4,0,-8.58633142472209,-78.5690021174428,0,4,7,1,3,1,0,1,6543.555,2.7303656007807957,2,1,1.0,3,30,1400.3112714162805,0.4971504606547645,77.79759708660042,46.44666297237219,6.322206801902116,929.9716106661404,44368.59100642397,8931.828000000005,1335.5899999999997,1935.9830000000004,5660.255000000005,1219.309,7712.519000000005,13.651281686122925,6,1,0,0,4,37.68584961249273,32.57329040702716,42.798408817958304,1.0,0.0,0.0,0.7303656007807958,1,0,0.0,0.0,0.7303656007807958,0.2696343992192042,0.0,0.0,1.0,0.0,0.0,0.0,19,2,2022,3,16,4,0,0,0,1,0,1,GRAVE_MORTALIDAD,2
4,1,1,0,4,1,-9.52699284907888,-77.53397597064526,1,4,0,0,2,0,1,0,9936.932,2.0,2,0,1.0,9,32,3830.0,0.37217469552625065,76.14311702138886,58.64380949846075,5.955618311954858,406.41601081272216,2094.2371006492185,10767.648,1885.0630000000003,1222.721,7659.864000000001,2100.343,8667.305000000002,19.506051832303577,3,1,0,0,2,23.970136793575985,22.071375718387472,25.8688978687645,1.0,1.0,0.0,0.3452292863979117,1,0,0.0,0.3452292863979117,0.0,0.6547707136020883,0.0,1.0,0.3452292863979117,0.0,0.0,0.0,11,1,2022,6,24,5,1,1,0,1,0,1,GRAVE_MORTALIDAD,2
3,2,20,0,4,0,-16.527553284207467,-69.16336257927668,0,4,7,1,2,2,2,2,7179.9075116107415,2.0,2,1,1.0,10,15,1198.0,0.2784862901848499,74.28870772631139,68.99998081609613,6.7952058722951945,170.15119488003745,18579.71433078176,13642.312999999998,2020.7790000000005,2354.117,9267.416999999998,3314.0520000000006,10328.260999999997,24.29244952817019,4,2,0,0,2,30.87931168975829,29.489225650978078,32.26939772853851,1.0,0.6099139612197864,0.0,0.0,2,0,0.0,0.0,0.6099139612197864,1.0,0.6099139612197864,1.0,0.39008603878021364,0.0,1.0,0.0,21,2,2021,6,4,2,0,0,2,1,0,1,GRAVE_MORTALIDAD,2
6,1,9,0,4,2,-9.3706971770754,-76.62906637859093,0,4,0,0,1,2,2,2,6543.555,2.0,4,4,1.0,14,33,1198.0,0.19657830182643898,77.24128795499192,33.75825914618382,2.2763239614674182,288.53722440842006,24659.78471826495,8349.670630607976,1333.8888853120059,1014.5410446245169,6001.240700671452,1090.8796737686507,7258.790956839325,13.054899131109355,3,1,0,0,2,29.140027666699023,29.140027666699023,29.140027666699023,1.0,0.0,0.0,0.8054520303000887,1,0,0.0,0.19454796969991128,0.0,0.8054520303000887,0.0,0.8054520303000887,0.19454796969991128,0.8054520303000887,0.8054520303000887,0.0,20,2,2022,7,22,4,0,1,1,1,0,1,GRAVE_MORTALIDAD,2
3,2,12,0,4,1,-8.180007333224209,-78.90243221390907,0,4,7,1,2,2,2,1,6543.555,3.0,2,0,1.0,0,30,1475.0,0.5153821536901027,78.74404595403848,52.411494765190525,6.737000656556071,924.5281302466897,44242.30747472611,8931.828000000005,1335.5899999999997,1935.9830000000004,5660.255000000005,1219.309,7712.519000000005,13.651281686122925,3,2,0,0,1,45.158397993937406,28.780155185449782,61.53664080242503,1.0,0.2683204012125182,0.0,0.0,2,0,0.0,0.7316795987874818,0.7316795987874818,0.2683204012125182,0.2683204012125182,0.7316795987874818,0.7316795987874818,0.2683204012125182,0.7316795987874818,0.2683204012125182,17,2,2022,9,13,3,0,0,0,1,1,1,GRAVE_MORTALIDAD,2
3,1,5,0,4,2,-6.983731287436802,-78.75816397624718,0,4,0,0,2,1,0,2,6543.555,2.0,4,4,1.0,14,33,1198.0,0.3669819401759119,73.00801324289516,52.32291547301657,4.95215909758176,499.0755460996684,13723.659359763682,15935.565011852366,1733.9250000199986,935.692,13265.948011832368,2000.1670000199988,13935.398011832369,12.551591352627522,11,1,0,0,9,36.20149949225819,23.936638595135037,48.46636038938135,1.0,0.8458524756636658,0.0,1.0,1,0,0.0,0.0,0.15414752433633416,0.8458524756636658,0.0,0.8458524756636658,0.15414752433633416,0.0,0.8458524756636658,0.0,15,2,2024,6,28,6,1,1,2,1,0,1,GRAVE_MORTALIDAD,2
5,0,20,0,4,1,-14.594117105354782,-69.61805786344544,0,4,7,1,2,2,2,2,1725.5361574700164,2.0,1,0,0.14435633585505336,8,30,449.777054051367,0.34663453381326365,74.78565021606067,65.32655488920804,6.001406503606496,317.81361530791395,4061.7875420957043,13642.312999999998,2020.7790000000005,2354.117,9267.416999999998,3314.0520000000006,10328.260999999997,24.29244952817019,3,1,0,0,1,30.154850686840426,29.577425343420213,30.587919694405585,0.8556436641449466,0.8556436641449466,0.8556436641449466,0.8556436641449466,1,0,0.14435633585505336,0.0,0.0,0.8556436641449466,0.0,0.8556436641449466,0.0,0.8556436641449466,0.8556436641449466,1.0,2,0,2022,5,4,2,0,0,2,1,0,1,GRAVE_MORTALIDAD,2
1,1,14,2,3,2,-12.046256580983242,-77.0073705105073,0,1,1,1,2,2,2,1,6543.555,2.5146695240518273,2,1,1.0,6,31,1340.5634581623563,0.7063229553728085,79.98826349270352,75.98645883157943,10.381262938026977,1434.7930581465173,492464.89399510366,7626.313,1683.4029999999998,1599.0829999999996,4343.827000000001,1814.875,5811.438000000001,23.797541485643197,3,1,0,1,0,26.09596999745581,22.94132190379269,29.25061809111893,1.0,0.0,0.0,0.0,1,0,0.0,0.0,0.48533047594817247,0.5146695240518275,0.48533047594817247,0.5146695240518275,0.48533047594817247,0.0,1.0,0.0,4,0,2021,5,11,3,0,0,0,1,0,1,GRAVE_MORTALIDAD,2
3,1,18,0,4,2,-5.5801447259988235,-80.46908170602885,0,3,1,1,1,2,2,0,6543.555,2.105700603879301,3,3,1.0,12,32,1227.2790672745664,0.5118458538829747,78.15448863927091,62.48673961331345,7.815809281855531,763.1484419664217,76261.69570381736,8962.250276910894,1735.1826448271004,774.2997103313611,6452.767921752434,2109.3121818753925,6852.938095035503,23.531555685397798,4,2,0,0,2,22.614012077586015,18.008311473706712,27.219712681465314,1.0,0.8942993961206993,0.0,0.8942993961206993,2,0,0.0,0.8942993961206993,0.10570060387930069,1.0,0.8942993961206993,0.10570060387930069,0.10570060387930069,0.8942993961206993,0.8942993961206993,0.0,12,2,2021,11,20,6,1,0,0,1,0,1,GRAVE_MORTALIDAD,2
6,1,4,0,4,0,-15.129010831609289,-73.31747667806874,0,4,0,0,1,2,2,2,6543.555,2.0,4,4,1.0,14,33,1198.0,0.4355061745110647,71.29606670247583,56.23452748061126,7.234364863654194,614.2135497710598,757.0412106844317,12678.733000000004,1805.074000000001,1774.0339999999994,9099.625000000004,2485.375000000001,10193.358000000002,19.602707936195205,4,1,0,0,3,40.082217000592955,40.082217000592955,40.082217000592955,1.0,0.6940723335309844,0.0,1.0,1,0,0.0,0.3059276664690156,0.0,0.6940723335309844,0.0,0.0,1.0,0.0,0.0,0.0,7,0,2021,8,25,0,0,1,2,1,0,1,GRAVE_MORTALIDAD,2
4,1,9,0,4,2,-10.140152625656103,-77.0313762544511,0,4,7,1,4,2,2,0,6543.555,2.4808369604254596,3,2,1.0,7,31,1331.1918380378522,0.43536602317547257,75.49513615327524,55.465151355365556,6.015394709167903,645.5231999823761,24717.751299405365,8713.570819836787,1392.595659234403,1973.6394527494604,5347.3357078529225,1562.0967801398817,7151.474039696904,18.02872305263603,5,1,0,0,4,45.72125544063819,40.67246735617086,50.770043525105514,1.0,0.48083696042545954,0.0,0.0,1,0,0.0,0.0,0.48083696042545954,0.5191630395745405,0.48083696042545954,0.5191630395745405,0.48083696042545954,0.0,0.5191630395745405,0.48083696042545954,12,1,2024,6,4,1,0,0,1,1,0,1,GRAVE_MORTALIDAD,2
5,1,7,0,4,1,-13.823085822696946,-71.54437110501169,0,4,2,1,2,1,0,2,7586.903,2.0,2,0,1.0,9,5,1198.0,0.2662629803896222,69.177138363648,53.22953524136351,4.064477176468824,251.91361966271845,10643.807280513918,17779.13499998999,2097.3709999899997,2863.123,12818.640999999989,2878.713,14900.421999989989,16.19152450331032,8,1,0,0,6,37.47622278077007,32.913596997436336,42.03884856410381,1.0,0.7019424282051905,0.0,1.0,1,0,0.0,0.0,1.0,0.7019424282051905,0.0,0.0,1.0,0.0,0.0,0.0,14,3,2022,9,12,0,0,0,2,1,0,1,GRAVE_MORTALIDAD,2
6,1,12,0,4,0,-7.766567112718084,-77.63545428960235,0,4,7,1,7,2,2,1,6543.555,2.0,4,4,1.0,14,33,1198.0,0.4686292122960986,72.39347765706144,42.14285241633188,6.687776775372348,878.2652317159998,9440.374732334049,8931.828000000005,1335.5899999999997,1935.9830000000004,5660.255000000005,1219.309,7712.519000000005,13.651281686122925,3,1,0,0,2,43.493011942910115,43.493011942910115,43.493011942910115,1.0,0.0,0.0,0.0,1,0,0.0,0.0,0.0,1.0,0.0,0.0,1.0,0.0,0.5774606197761452,0.0,8,0,2024,8,15,1,0,0,0,1,0,1,GRAVE_MORTALIDAD,2
7,1,2,0,4,1,-13.742269994469282,-72.46575440580943,1,4,6,1,3,2,2,1,2176.715,1.0,1,3,0.0,9,32,756.0,0.350940216024619,70.15653672554556,68.01374349400004,5.346129535498593,380.92712253109084,3728.331641248491,8358.971,1282.451,1298.0969999999998,5778.423,1432.683,6926.288,17.139466089785454,2,1,0,0,1,59.27646379497506,59.27646379497506,59.27646379497506,1.0,0.7016622564125012,0.0,0.0,1,0,0.0,0.0,0.29833774358749876,0.7016622564125012,0.0,1.0,0.0,0.0,0.0,0.0,5,0,2021,4,7,5,0,0,2,1,0,1,GRAVE_MORTALIDAD,2
3,1,3,0,4,0,-16.236224340959012,-71.88737578794994,0,4,5,0,2,0,1,0,6614.614048917681,2.0,2,1,1.0,10,31,1506.0552006595162,0.6158609356666108,79.31454420280765,71.17490078238171,8.050264265879099,1181.2862180399866,2490.424450296749,10322.272,1495.236,1749.739,7077.2970000000005,2886.595,7435.677000000001,27.964725207783708,3,1,0,0,1,38.31512917871392,35.367232521685054,40.52605167148557,0.26302583574278404,0.0,0.0,0.0,1,0,0.0,0.736974164257216,0.0,1.0,0.0,1.0,0.736974164257216,0.0,0.0,0.0,10,2,2024,7,14,2,0,0,0,1,0,1,GRAVE_MORTALIDAD,2
3,2,5,0,4,1,-6.135930195776448,-79.14947521118341,0,4,1,0,2,0,1,0,9936.932,2.0,2,0,1.0,9,32,3830.0,0.3331025604746317,78.71485838063799,33.04061552395588,4.587959222713754,441.32469847033246,8678.201197123017,15935.565011852366,1733.9250000199986,935.692,13265.948011832368,2000.1670000199988,13935.398011832369,12.551591352627522,4,2,0,0,2,43.39984631464041,24.47247578759341,62.327216841687424,1.0,0.8363915791562878,0.0,0.1636084208437122,2,0,0.0,0.8363915791562878,0.8363915791562878,0.1636084208437122,0.8363915791562878,0.1636084208437122,1.0,0.8363915791562878,1.0,0.8363915791562878,4,0,2022,9,29,3,0,1,2,1,0,1,GRAVE_MORTALIDAD,2
6,1,11,0,4,1,-11.551456911815087,-75.87697671240706,0,4,0,0,2,0,1,1,7586.903,2.0,2,0,1.0,9,5,1198.0,0.6211711217784234,75.51508523355102,70.90101252241288,10.049671623026311,1128.403546167389,8996.89721627409,12264.545,1826.4639999999995,1105.5389999999998,9332.542,1588.5359999999996,10676.009,12.952261987705208,4,1,0,0,3,32.92126013607534,32.92126013607534,32.92126013607534,1.0,0.0,0.0,0.6372328668625241,1,0,0.0,0.0,0.0,1.0,0.0,1.0,0.0,0.6372328668625241,1.0,0.6372328668625241,17,2,2022,7,19,3,0,0,2,1,0,1,GRAVE_MORTALIDAD,2
3,1,15,2,4,1,-12.899600080567092,-75.25116514784905,0,2,7,1,2,2,2,2,1033.479460907261,2.0,2,0,1.0,4,16,177.33391253686602,0.6562839429575013,77.34139286641027,75.59511863478421,10.047061746447786,1253.5966977052938,249544.37273665328,9136.252033197481,1768.0800597180905,1788.586874333648,5579.585099145743,2191.149247003308,6945.102786194174,23.9217570726204,13,2,0,0,11,40.86858315894554,27.243089555787506,56.0,1.0,0.0,0.0,0.25098720631607074,2,0,0.0,1.0,0.0,1.0,0.0,0.25098720631607074,1.0,0.25098720631607074,0.25098720631607074,0.25098720631607074,14,2,2023,3,24,2,0,1,0,1,0,1,GRAVE_MORTALIDAD,2
6,1,12,0,4,0,-7.775518282858745,-77.62039232210186,0,4,7,1,7,2,2,0,6543.555,2.0,4,4,1.0,14,33,1198.0,0.4686292122960986,72.39347765706144,42.14285241633188,6.687776775372348,878.2652317159998,9440.374732334049,8931.828000000005,1335.5899999999997,1935.9830000000004,5660.255000000005,1219.309,7712.519000000005,13.651281686122925,2,1,0,0,1,46.88464833170092,46.88464833170092,46.88464833170092,1.0,0.0,0.0,0.0,1,0,0.0,0.0,0.0,1.0,0.0,0.0,1.0,0.0,0.3165655129460829,0.0,12,1,2024,9,12,1,0,0,0,1,0,1,GRAVE_MORTALIDAD,2
7,2,3,0,4,1,-16.087699339255895,-71.5474442846294,2,4,0,0,2,0,1,0,1504.4250000000002,2.0,2,0,1.0,7,25,241.0,0.6005060748875158,78.21704200773246,77.40211893847457,8.994742794352394,996.014120858737,33335.45824411135,10322.272,1495.236,1749.739,7077.2970000000005,2886.595,7435.677000000001,27.964725207783708,20,2,0,0,17,35.34616631584644,29.741848882550407,40.845109329530246,1.0,0.6838767411633063,0.0,0.0,2,0,0.0,0.6838767411633063,0.3161232588366937,1.0,0.0,1.0,1.0,0.0,0.0,0.0,5,0,2021,8,15,5,1,1,0,1,0,1,GRAVE_MORTALIDAD,2
3,1,11,0,4,1,-10.65062450598906,-75.80795519634043,0,4,4,1,2,1,0,0,461.315566929086,0.49447927233308464,1,0,0.4981597574443616,6,23,85.24052579965499,0.5196690481820048,72.00913634985277,51.49681550803571,8.349901459030718,961.341367649446,6478.989199198797,7918.757390307844,1507.796553123718,1194.0447291918888,5216.916107992236,1435.977587426612,6482.779802881231,18.33416137171131,5,2,0,0,2,37.03680485111277,33.5239231532233,40.54968654900224,1.0,0.5018402425556384,0.0,0.4981597574443616,2,0,0.0,0.4981597574443616,0.4981597574443616,0.5018402425556384,0.5018402425556384,0.0,1.0,0.0,0.4981597574443616,0.5018402425556384,9,1,2022,6,20,2,0,1,1,1,0,1,GRAVE_MORTALIDAD,2
3,1,17,0,4,1,-11.191234812926655,-71.02614635938772,4,4,4,1,5,1,1,0,4261.664723392429,2.0,2,0,1.0,5,18,913.9609254540069,0.6101403902251351,72.26430586877258,66.03923349140824,9.524807938007891,1227.1594813399113,88046.69992549492,2879.7415806975137,491.7272468795984,478.86717969694,1909.147154120975,609.2000265279157,2270.5415541695975,22.36409565625169,3,2,0,0,1,34.66541604397259,21.996998505534222,47.33383358241096,1.0,1.0,0.0,0.0,2,0,0.0,0.0,0.0,1.0,1.0,0.7779445274703211,0.22205547252967894,0.22205547252967894,1.0,0.22205547252967894,17,1,2021,6,20,3,0,0,1,1,0,1,GRAVE_MORTALIDAD,2
6,1,9,0,4,1,-9.597927358658856,-76.20638308853286,6,4,0,1,7,2,2,2,1047.6395752668127,1.841339719006048,2,3,0.0,9,32,149.86162580201415,0.29633468792363465,69.7062061895693,40.87736993887836,4.143830650783732,407.51075909097233,22386.054501053684,8323.73204995428,1333.8130905134587,973.485313418767,6016.433646022054,1085.1573818044853,7238.574668149795,13.028326733649486,2,1,0,0,1,47.09607662807258,47.09607662807258,47.09607662807258,1.0,0.0,0.0,0.0,1,0,0.0,0.0,0.0,0.8413397190060482,0.0,0.8413397190060482,0.1586602809939518,0.0,0.0,0.0,19,2,2021,8,13,1,0,0,1,1,0,1,GRAVE_MORTALIDAD,2
6,1,9,0,4,2,-10.237230257796876,-75.9929222656364,0,4,7,1,7,2,2,0,6543.555,2.0,4,4,1.0,14,33,1198.0,0.27555927277507913,71.30267318998489,44.54638300547039,4.653886867705101,265.72264909544197,4038.2512821986807,8688.093021761719,1399.250096325655,1978.0352004570802,5310.807724978982,1602.1113988501274,7085.9816229115895,18.53971456795784,6,1,0,0,5,44.564203766183084,42.24513793644599,46.3035031384859,0.42023354256572687,0.42023354256572687,0.0,0.0,1,0,0.0,0.0,0.0,1.0,0.42023354256572687,0.5797664574342731,0.0,0.42023354256572687,0.0,0.42023354256572687,19,2,2023,7,6,6,1,0,1,1,0,1,GRAVE_MORTALIDAD,2
7,1,19,0,3,2,-5.192799372232418,-80.67299351729235,0,3,7,1,2,2,2,0,6543.555,2.618935162763434,2,1,1.0,5,31,1369.4450400854712,0.622022423204,78.5348781310484,74.19346567326781,10.331428830947262,1032.6613268269357,181981.23831648022,8965.846000060003,1782.4120000599992,636.9959999999999,6546.438000000004,2214.505000059999,6751.341000000004,24.699342371541725,5,1,0,0,3,34.99763841803211,26.332546139344036,43.66273069672018,1.0,0.38106483723656626,0.38106483723656626,1.0,1,0,0.0,0.6189351627634337,0.0,1.0,0.38106483723656626,0.6189351627634337,0.6189351627634337,0.0,1.0,0.0,10,0,2022,3,2,2,0,0,0,1,0,1,GRAVE_MORTALIDAD,2
3,2,13,0,4,1,-6.505713159724129,-80.08199751107297,0,4,7,1,2,2,2,0,6543.555,3.0,2,0,1.0,0,30,1475.0,0.3879800350664534,75.68222437543551,50.64551119758177,4.891651630735472,548.2382997194167,48902.40256959316,3459.691,515.0619999999999,689.7280000000001,2254.901,703.3549999999999,2756.336,20.329994788551925,16,2,0,0,14,37.3486577293591,31.03959726299089,43.657718195727305,1.0,0.2828859097863652,0.0,0.0,2,0,0.0,0.2828859097863652,0.7171140902136348,1.0,0.2828859097863652,0.7171140902136348,1.0,0.0,0.7171140902136348,0.0,6,0,2022,2,6,1,0,0,0,1,1,1,GRAVE_MORTALIDAD,2
6,1,4,0,4,1,-13.357319876570225,-74.72175351020996,0,4,0,0,2,1,1,2,1679.5849999999998,2.0,2,3,1.0,9,24,315.0,0.2587772817968213,78.2313731727826,42.59351526103478,4.069708361522777,219.52972987349307,3876.4004282655246,12678.733000000004,1805.074000000001,1774.0339999999994,9099.625000000004,2485.375000000001,10193.358000000002,19.602707936195205,2,1,0,0,1,59.4743460035276,59.4743460035276,59.4743460035276,1.0,0.8948692007055198,0.0,0.10513079929448021,1,0,0.0,0.0,0.0,1.0,0.0,0.0,1.0,0.8948692007055198,0.0,0.0,2,0,2021,8,13,4,0,0,2,1,0,1,GRAVE_MORTALIDAD,2
6,1,11,0,4,1,-11.756074781444534,-75.60497300784913,0,4,0,0,6,1,1,2,6568.810328036158,2.0,3,3,1.0,13,32,1198.0,0.25292113237400504,70.35438398772479,54.61441280795745,5.165854897443086,186.32115915198648,469.4491247587021,12264.545,1826.4639999999995,1105.5389999999998,9332.542,1588.5359999999996,10676.009,12.952261987705208,5,1,0,0,4,20.968241776901195,20.968241776901195,20.968241776901195,1.0,0.0,0.0,0.024206044422529827,1,0,0.0,0.0,0.0,1.0,0.0,0.9757939555774702,0.024206044422529827,0.0,0.0,0.0,4,0,2022,9,14,3,0,0,2,1,0,1,GRAVE_MORTALIDAD,2
4,1,11,0,4,0,-10.271692104159683,-75.91309713536087,0,4,7,1,3,2,2,1,6038.756437887325,2.0,3,2,0.3486024694428457,10,32,655.3858570458905,0.5026241893526262,73.79199146016364,55.09067407305261,7.630221855392833,856.2171021546551,43434.12289031278,11102.75162384585,1655.3441114147122,1395.0338291339945,8052.373683297142,1459.822556015026,9642.929067830823,13.195941980762818,5,1,0,0,4,40.98214320281455,33.1653728361287,48.7989135695004,1.0,0.0,0.0,0.0,1,0,0.0,0.6513975305571543,0.6513975305571543,0.3486024694428457,0.6513975305571543,0.0,1.0,0.0,0.0,0.0,16,2,2022,8,25,2,0,1,1,1,0,1,GRAVE_MORTALIDAD,2