CLASE SINIESTRO,CANTIDAD DE VEHICULOS DAÑADOS,DEPARTAMENTO,ZONA,TIPO DE VÍA,RED VIAL,COORDENADAS LATITUD,COORDENADAS  LONGITUD,CONDICIÓN CLIMÁTICA,ZONIFICACIÓN,CARACTERÍSTICAS DE VÍA,PERFIL LONGITUDINAL VÍA,SUPERFICIE DE CALZADA,¿EXISTE SEÑAL VERTICAL?,¿EXISTE SEÑAL HORIZONTAL?,CAUSA FACTOR PRINCIPAL,MTC_RVN_LONGITUD_KM,MTC_RVN_N_CARRILES_MEDIANA,MTC_RVN_SUPERFICIE_DOMINANTE,MTC_RVN_ESTADO_DOMINANTE,MTC_RVN_ES_CONCESIONADA,MTC_RVN_CONCESION_PRINCIPAL,MTC_RVN_CORREDOR_LOGISTICO,MTC_RVN_N_TRAMOS,IDH_2019,IDH_ESP_VIDA_2019,IDH_EDUC_SECUND_PCT_2019,IDH_ANIOS_EDUC_2019,IDH_INGRESO_PERCAP_2019,IDH_POBLACION_2019,MTC_DEP_RED_TOTAL_KM,MTC_DEP_NACIONAL_TOTAL_KM,MTC_DEP_DEPARTAMENTAL_TOTAL_KM,MTC_DEP_VECINAL_TOTAL_KM,MTC_DEP_PAV_TOTAL_KM,MTC_DEP_NO_PAV_TOTAL_KM,MTC_DEP_PCT_PAVIMENTADA,PER_TOTAL_PERSONAS,PER_N_CONDUCTORES,PER_N_CONDUCTORES_FUGADOS,PER_N_PEATONES,PER_N_PASAJEROS_OCUPANTES,PER_EDAD_COND_PROM,PER_EDAD_COND_MIN,PER_EDAD_COND_MAX,PER_ANY_COND_MASCULINO,PER_ANY_LIC_PROBLEMA,PER_ANY_DOSAJE_POS,PER_ANY_DOSAJE_EVALUADO,VEH_TOTAL,VEH_N_FUGADOS,VEH_ANY_FUGADO,VEH_ANY_CARGA,VEH_ANY_PUBLICO,VEH_ANY_PARTICULAR,VEH_ANY_MOTO,VEH_ANY_AUTO,VEH_ANY_CAMION_BUS,VEH_ANY_SOAT_PROBLEMA,VEH_ANY_CITV_PROBLEMA,VEH_ANY_SEGURO_PROBLEMA,HORA_NUM,FRANJA_HORARIA,ANIO,MES,DIA_MES,DIA_SEMANA,ES_FIN_SEMANA,ES_QUINCENA,REGION_NATURAL,TIENE_SEÑALIZACION,ES_VIA_MULTICARRIL,ES_DEPTO_BAJO_PAVIMENTO,CATEGORIA_SEVERIDAD,CATEGORIA_SEVERIDAD_ENC
3,1,3,0,4,1,-16.291256668007172,-72.98291014210642,0,4,0,0,3,2,2,0,6613.150996645837,2.0,2,1,1.0,10,31,1499.71257620784,0.6091426580668017,82.0622465735064,64.06760841307313,8.45299742725088,1105.8096415264836,4772.2130674117225,10322.272,1495.236,1749.739,7077.2970000000005,2886.595,7435.677000000001,27.964725207783708,6,1,0,0,5,36.030097681475795,32.78199578450144,39.27819957845014,1.0,0.0,0.0,0.0,1,0,0.0,0.0,0.0,1.0,0.0,1.0,0.721800421549856,0.0,0.0,0.0,19,2,2021,4,19,5,1,0,0,1,0,1,GRAVE_MORTALIDAD,2
3,1,3,0,4,1,-15.7130338129949,-71.05146572287212,0,4,0,1,2,2,2,0,568.5409999999999,1.0,2,3,0.0,9,3,93.0,0.4498224071382834,81.63336343193146,58.84842497065013,5.774685730039019,620.6584683449911,1358.612419700214,10322.272,1495.236,1749.739,7077.2970000000005,2886.595,7435.677000000001,27.964725207783708,11,1,0,0,9,25.681879703094385,25.681879703094385,25.681879703094385,1.0,0.0,0.0,0.0,1,0,0.0,0.08008950967116124,0.0,0.9199104903288388,0.0,0.9199104903288388,0.08008950967116124,0.0,0.9199104903288388,0.0,5,0,2022,9,10,5,1,0,0,1,0,1,GRAVE_MORTALIDAD,2
8,1,5,0,4,1,-6.86678640556233,-78.49503844778079,0,3,7,0,2,0,1,0,9936.932,2.0,2,0,1.0,9,32,3830.0,0.41585932527444114,79.14748805264688,54.96580964675715,4.824903756545164,627.6710592773092,15200.134210397126,15935.565011852366,1733.9250000199986,935.692,13265.948011832368,2000.1670000199988,13935.398011832369,12.551591352627522,2,1,0,0,1,22.21289913085073,20.5643733839961,23.861424877705364,1.0,0.18316952742829262,0.8168304725717074,1.0,1,0,0.0,0.18316952742829262,0.0,1.0,1.0,0.0,0.18316952742829262,0.8168304725717074,0.8168304725717074,0.8168304725717074,5,0,2023,6,25,6,1,0,2,1,0,1,GRAVE_MORTALIDAD,2
7,1,7,0,4,0,-13.499476882735829,-71.77369948058076,0,4,7,1,2,1,0,2,5196.422455246955,2.0,3,2,1.0,10,26,938.4285800093219,0.3738692161969436,70.67510468962244,67.14093432274692,6.0160309528395794,430.44571017830003,17421.017581246855,17779.13499998999,2097.3709999899997,2863.123,12818.640999999989,2878.713,14900.421999989989,16.19152450331032,3,1,0,0,2,24.517856993508637,24.517856993508637,24.517856993508637,1.0,0.0,0.0,0.0,1,0,0.0,0.0,0.0,1.0,0.5892857278628512,0.41071427213714884,0.41071427213714884,0.5892857278628512,1.0,0.5892857278628512,16,1,2024,7,12,2,0,0,2,1,0,1,GRAVE_MORTALIDAD,2
4,1,11,0,4,1,-11.786382524395654,-75.62749681530651,0,4,0,0,2,2,2,2,7586.903,2.0,2,0,1.0,9,5,1198.0,0.46421944968400075,68.70401263866658,59.289475527434824,7.390297410714143,736.9820856986065,1169.9613881587156,12264.545,1826.4639999999995,1105.5389999999998,9332.542,1588.5359999999996,10676.009,12.952261987705208,4,1,0,0,3,30.83991140048981,26.919955700244905,34.759867100734716,1.0,0.5599936714635579,0.0,0.5599936714635579,1,0,0.0,0.0,0.5599936714635579,1.0,0.0,1.0,0.5599936714635579,0.0,0.5599936714635579,0.0,3,0,2021,10,17,2,0,0,2,1,0,1,GRAVE_MORTALIDAD,2
6,1,1,0,3,2,-9.13240660180437,-77.87930137734307,4,4,5,1,6,2,2,0,6543.555,2.0,4,4,1.0,14,33,1198.0,0.3391259959373922,81.34872624393351,38.67013226080874,3.9684862414683773,479.079711424223,6617.463491367659,10767.648,1885.0630000000003,1222.721,7659.864000000001,2100.343,8667.305000000002,19.506051832303577,2,1,0,0,1,49.17714726190472,49.17714726190472,49.17714726190472,1.0,0.0,0.0,0.0,1,0,0.0,0.261071703869045,0.738928296130955,0.0,0.0,0.0,1.0,0.738928296130955,0.0,0.0,3,0,2022,5,19,3,0,0,0,1,0,1,GRAVE_MORTALIDAD,2
3,1,3,0,4,1,-15.79737819845564,-71.0574876170664,0,4,7,1,2,0,1,0,1329.0521671203946,1.8126126390881718,2,0,0.8126126390881718,7,20,213.26667058504944,0.4498224071382834,81.63336343193146,58.84842497065013,5.774685730039019,620.6584683449911,1358.612419700214,10322.272,1495.236,1749.739,7077.2970000000005,2886.595,7435.677000000001,27.964725207783708,6,1,0,0,4,38.092792567750536,35.24864833094194,40.93693680455914,1.0,0.8126126390881718,0.0,0.8126126390881718,1,0,0.0,1.0,0.0,0.8126126390881718,0.0,0.0,1.0,0.0,0.0,0.0,11,2,2023,11,13,3,0,0,0,1,0,1,GRAVE_MORTALIDAD,2
2,1,14,0,4,1,-11.824460185193143,-76.9826486556213,0,3,7,1,2,1,1,0,1799.0079893227348,2.0,2,2,0.12857957851166912,9,24,1100.9905309003964,0.6693990637077575,79.05992700505651,74.70969187287574,9.724323292377939,1313.298437971509,357229.99298204423,7626.313,1683.4029999999998,1599.0829999999996,4343.827000000001,1814.875,5811.438000000001,23.797541485643197,10,2,0,0,8,26.385738735535007,24.0,28.771477471070014,1.0,0.12857957851166912,0.0,0.0,2,0,0.0,0.0,0.8714204214883309,1.0,0.0,0.12857957851166912,1.0,0.0,1.0,0.0,15,2,2024,2,7,3,0,0,0,1,0,1,GRAVE_MORTALIDAD,2
3,1,12,0,4,0,-7.774638982387486,-79.22250109759044,0,4,7,1,2,2,2,2,6543.555,2.981619010224758,2,0,1.0,0,30,1469.908465832258,0.6110876802373003,77.39439628587195,76.90385611391721,9.240975038084484,1050.4325973176562,8432.466409559223,8931.828000000005,1335.5899999999997,1935.9830000000004,5660.255000000005,1219.309,7712.519000000005,13.651281686122925,3,1,0,0,1,42.527571484662865,40.07352395910097,44.981619010224755,1.0,0.981619010224758,0.981619010224758,0.981619010224758,1,0,0.0,0.01838098977524205,0.981619010224758,0.0,0.981619010224758,0.0,1.0,0.0,0.981619010224758,0.981619010224758,20,2,2022,3,25,5,1,0,0,1,0,1,GRAVE_MORTALIDAD,2
3,2,3,0,4,1,-15.829563280323534,-71.05507026611208,0,4,7,0,2,0,1,0,1504.4250000000002,2.0,2,0,1.0,7,25,241.0,0.4498224071382834,81.63336343193146,58.84842497065013,5.774685730039019,620.6584683449911,1358.612419700214,10322.272,1495.236,1749.739,7077.2970000000005,2886.595,7435.677000000001,27.964725207783708,10,2,0,0,8,47.91373481880617,30.206746676930155,65.62072296068219,1.0,1.0,0.0,0.0,2,0,0.0,0.3103614803410939,0.3103614803410939,0.6896385196589061,0.0,1.0,1.0,0.0,0.0,0.0,5,0,2021,6,12,1,0,0,0,1,0,1,GRAVE_MORTALIDAD,2
6,1,14,0,4,1,-10.677203779490851,-76.74929846106336,0,4,2,0,3,2,2,0,1304.3313008963746,1.0958246127009224,1,0,0.0,9,22,609.6922038404567,0.6329626849738527,79.69467338238256,55.60978991784313,10.43485646497054,1214.2298061072966,14347.565310492504,7626.313,1683.4029999999998,1599.0829999999996,4343.827000000001,1814.875,5811.438000000001,23.797541485643197,2,1,0,0,1,45.90417538729908,45.90417538729908,45.90417538729908,1.0,0.6986082042336408,0.0,0.0,1,0,0.0,0.0,0.0,1.0,0.0,0.6986082042336408,0.3013917957663592,0.0,0.0,0.0,11,2,2022,8,19,2,0,0,0,1,0,1,GRAVE_MORTALIDAD,2
7,1,12,0,4,1,-7.43058285751591,-79.49229939536873,0,4,8,0,2,2,2,2,6543.555,2.6259839139179535,2,1,1.0,5,31,1371.3975441552732,0.6138517538553948,80.84826225715301,64.49339622566798,9.143362084626023,1095.689060330069,16852.97430406852,8931.828000000005,1335.5899999999997,1935.9830000000004,5660.255000000005,1219.309,7712.519000000005,13.651281686122925,19,1,0,0,18,35.38975870876931,35.38975870876931,35.38975870876931,1.0,0.0,0.0,0.0,1,0,0.0,0.3740160860820464,0.6259839139179536,0.0,0.0,0.0,1.0,0.0,0.0,0.0,10,1,2021,10,13,3,0,0,0,1,0,1,GRAVE_MORTALIDAD,2
3,1,0,0,4,1,-6.362632507050526,-77.85129674921535,0,4,0,0,1,1,0,0,2760.8550000000005,1.0,1,3,0.0,9,32,1208.0,0.41588641625090367,67.96619275287448,41.16371134522665,5.850790750335425,758.2895592439751,1280.1223945017894,3903.732,1155.121,585.018,2163.5930000000003,943.591,2960.1410000000005,24.17151074920102,5,1,0,0,3,48.82254935371999,45.849455411937775,51.7956432955022,1.0,0.0,0.0,0.8494554119377753,1,0,0.0,0.8494554119377753,0.0,1.0,0.0,0.0,1.0,0.0,0.0,0.0,13,2,2021,6,12,0,0,0,1,1,0,1,GRAVE_MORTALIDAD,2
4,2,12,0,4,1,-7.443477432853987,-79.4963773892394,0,4,7,0,2,2,2,2,6543.555,3.0,2,0,1.0,0,30,1475.0,0.6138517538553948,80.84826225715301,64.49339622566798,9.143362084626023,1095.689060330069,16852.97430406852,8931.828000000005,1335.5899999999997,1935.9830000000004,5660.255000000005,1219.309,7712.519000000005,13.651281686122925,16,2,0,0,14,41.884933255556724,31.97368079332137,48.964399300010555,1.0,0.5309599533340371,0.0,0.0,2,0,0.0,0.5309599533340371,0.4690400466659629,0.0,0.0,0.0,1.0,0.0,0.5309599533340371,0.0,16,1,2021,6,19,5,0,1,0,1,1,1,GRAVE_MORTALIDAD,2
0,1,14,2,2,4,-11.987559268692783,-77.0111604585386,2,0,1,1,2,2,2,1,6543.555,2.0,4,4,1.0,14,33,1198.0,0.701053025277506,79.62867561460851,73.1469484600971,10.064317505194426,1464.6926161541437,1150285.0494171206,7626.313,1683.4029999999998,1599.0829999999996,4343.827000000001,1814.875,5811.438000000001,23.797541485643197,2,1,0,1,0,30.55752169882468,28.53982271457093,32.07079593701499,0.4955752539365631,0.0,0.0,0.0,1,0,0.0,0.5044247460634369,0.4955752539365631,0.0,0.4955752539365631,0.0,0.5044247460634369,0.5044247460634369,1.0,0.0,20,2,2022,8,5,2,0,0,0,1,0,1,GRAVE_MORTALIDAD,2
4,1,19,0,4,1,-5.883458675252009,-79.53710264359684,0,4,2,0,2,1,0,1,305.38500000000005,2.0,2,0,1.0,1,20,50.0,0.2117580020098525,65.37756662211437,42.30794939557186,3.975264599118591,171.62326554814578,38712.25053533191,8965.846000060003,1782.4120000599992,636.9959999999999,6546.438000000004,2214.505000059999,6751.341000000004,24.699342371541725,19,1,0,0,18,52.52683856082766,49.82984436725357,55.223832754401755,1.0,0.0,0.0,1.0,1,0,0.0,0.4149221836267839,1.0,0.0,0.0,0.0,1.0,0.0,0.0,0.0,4,0,2022,4,22,4,0,0,0,1,0,1,GRAVE_MORTALIDAD,2
6,1,8,0,4,1,-12.444515516259298,-74.89120067101662,0,4,3,0,4,2,2,3,7586.903,2.0,2,0,1.0,9,5,1198.0,0.27952714301120934,70.43652036828944,48.029626192474865,4.363279885249898,281.6222755271381,3499.2696143324747,8511.426,1445.3929999999996,2008.516,5057.516999999999,1879.579,6631.846999999998,22.08300935706896,7,1,0,0,6,42.710259640727585,42.710259640727585,42.710259640727585,1.0,0.0,0.0,0.0,1,0,0.0,0.0,0.0,1.0,0.0,0.48682998366943564,0.5131700163305644,0.0,0.0,0.0,4,0,2023,8,16,3,0,1,2,1,0,1,GRAVE_MORTALIDAD,2
3,2,14,0,4,1,-10.884337078710733,-77.67457927703502,0,4,3,1,2,1,1,3,6543.555,3.0,2,0,1.0,0,30,1475.0,0.6182550124818764,77.8882411697662,65.53828028652501,8.238636070379965,1247.966704774323,25451.59958314166,7626.313,1683.4029999999998,1599.0829999999996,4343.827000000001,1814.875,5811.438000000001,23.797541485643197,4,2,0,0,2,32.53878306794157,28.060329216798007,37.01723691908514,1.0,1.0,0.0,0.5043092297712861,2,0,0.0,0.5043092297712861,0.4956907702287139,0.4956907702287139,0.4956907702287139,0.5043092297712861,1.0,0.0,0.4956907702287139,0.0,20,2,2021,8,20,5,1,0,0,0,1,1,GRAVE_MORTALIDAD,2
3,2,5,0,4,2,-9.107590684611448,-76.43957142997381,0,4,0,0,2,1,0,2,6543.555,2.0,4,4,1.0,14,33,1198.0,0.3476083463908872,68.57903296677873,51.32367470047006,4.857138781211159,468.11071007106625,13617.088303324852,16548.983712165365,1854.8558973388333,1577.0141231472567,13117.113691679275,2292.4892600592448,14256.49445210612,13.762721430077752,5,2,0,0,3,31.832734153983857,21.991012309757835,41.67445599820988,1.0,1.0,0.0,1.0,2,0,0.0,0.0,0.0,1.0,0.33273415398385553,0.6672658460161445,0.33273415398385553,0.33273415398385553,1.0,0.33273415398385553,12,2,2023,8,24,5,0,1,2,1,0,1,GRAVE_MORTALIDAD,2
6,1,7,0,4,0,-13.915169394246508,-71.78468464625027,5,4,0,0,6,1,1,2,6543.555,2.0,4,4,1.0,14,33,1198.0,0.23864578074244422,64.6160958915414,54.81500940751546,4.724868249264612,190.35249066480316,794.1448123749782,17779.13499998999,2097.3709999899997,2863.123,12818.640999999989,2878.713,14900.421999989989,16.19152450331032,2,1,0,0,1,27.644098818409567,27.644098818409567,27.644098818409567,0.07118023631808623,0.0,0.0,0.0,1,0,0.0,0.0,0.0,1.0,0.0,0.0,1.0,0.0,0.0,0.0,20,1,2021,1,14,2,0,0,2,1,0,1,GRAVE_MORTALIDAD,2
3,2,18,0,4,1,-6.133558458152932,-80.36529232847055,0,4,7,1,2,1,1,2,6543.555,3.0,2,0,1.0,0,30,1475.0,0.487064173330032,72.66299406240617,56.84453948850433,7.401479848003439,795.084240194263,48304.148729129614,8962.800701999997,1742.4124066814693,753.2815718765397,6467.106723441988,2125.4148582831976,6837.385843716799,23.710317804759576,4,2,0,0,2,56.567676851250525,49.567676851250525,63.567676851250525,1.0,0.0,0.0,1.0,2,0,0.0,0.0,1.0,0.9104798032031577,0.0,0.9104798032031577,1.0,0.0,0.9104798032031577,0.0,5,0,2022,3,26,3,0,0,0,1,1,1,GRAVE_MORTALIDAD,2
4,1,19,0,4,1,-5.177198213510954,-80.58778202954187,0,4,3,1,1,2,2,0,6543.555,2.0,4,4,1.0,14,33,1198.0,0.6220812987247925,80.20155828147696,72.71675503872983,10.02377668600292,1028.915688621886,159840.92719486082,8965.846000060003,1782.4120000599992,636.9959999999999,6546.438000000004,2214.505000059999,6751.341000000004,24.699342371541725,3,1,0,0,1,31.191991060671235,23.83110862796423,38.552873493378236,1.0,0.0,1.0,1.0,1,0,0.0,0.5662217255928463,0.0,1.0,0.5662217255928463,0.0,1.0,0.0,0.5662217255928463,0.0,12,2,2021,10,29,5,1,1,0,1,0,1,GRAVE_MORTALIDAD,2
3,2,10,0,4,1,-14.860098020908387,-74.82975946946097,0,3,2,0,2,1,1,2,3804.6337355472588,2.0,2,0,1.0,5,28,649.0454848593106,0.5563774842369664,77.00938809632027,69.10246351364754,8.476961866273152,914.8835608305218,27932.19700214133,3721.461,698.1859999999996,744.866,2278.409,1102.9029999999996,2618.558,29.636290693359403,5,2,0,0,3,48.97575841352156,39.77896563910497,58.172551187938154,1.0,0.0,0.35579312782099304,1.0,2,0,0.0,0.0,0.35579312782099304,0.35579312782099304,0.0,0.644206872179007,1.0,0.0,0.0,0.0,22,2,2022,6,7,3,0,0,0,1,0,1,GRAVE_MORTALIDAD,2
4,1,8,2,4,1,-14.286143053513113,-74.19681646654776,0,0,3,0,2,2,2,2,1200.192339113114,2.0,2,0,1.0,5,19,199.8714583973323,0.6682175901658791,79.25573381247999,75.96256649412733,10.130937720548676,1262.8681232811757,198235.29661076143,9017.791271875454,1586.2834622088137,1676.841805133041,5754.6660045336,2368.0269928657526,6649.7642790097025,25.948370042112938,3,1,0,0,1,44.32260662103524,37.87092156260402,50.77429167946646,1.0,0.0,0.0,0.0,1,0,0.0,0.5161348046744978,0.0,1.0,0.5161348046744978,0.4838651953255022,0.5161348046744978,0.0,0.0,0.0,11,1,2022,4,23,3,0,1,0,1,0,1,GRAVE_MORTALIDAD,2
8,1,7,0,4,1,-13.920202595055006,-71.5924292068489,0,4,7,0,5,2,2,2,6543.555,2.0,4,4,1.0,14,33,1198.0,0.2850758195302599,65.28627226327166,49.14419115370324,4.2235106521127515,328.7513392479771,12615.11233769356,17779.13499998999,2097.3709999899997,2863.123,12818.640999999989,2878.713,14900.421999989989,16.19152450331032,22,1,0,0,21,41.8290290155376,41.8290290155376,41.8290290155376,1.0,0.30483816925626694,0.6951618307437331,0.6951618307437331,1,0,0.0,0.0,0.6951618307437331,0.30483816925626694,0.0,0.30483816925626694,0.6951618307437331,0.0,0.0,0.0,5,0,2022,11,13,1,0,0,2,1,0,1,GRAVE_MORTALIDAD,2
8,1,7,0,4,1,-13.624077017267497,-71.7838006703245,1,4,7,1,2,1,0,2,7261.28461809973,2.0,2,1,1.0,10,13,1198.0,0.3216364830988821,70.44271948292955,57.938367796501346,4.777082937681776,362.91861381840374,10841.509220566179,17779.13499998999,2097.3709999899997,2863.123,12818.640999999989,2878.713,14900.421999989989,16.19152450331032,12,1,0,0,11,31.432988993991433,31.432988993991433,31.432988993991433,1.0,0.0,0.0,1.0,1,0,0.0,0.0,0.6879100914553243,0.31208990854467566,0.0,0.0,1.0,0.0,0.31208990854467566,0.0,13,2,2023,12,22,0,0,1,2,1,0,1,GRAVE_MORTALIDAD,2
6,1,5,0,4,1,-5.911308830482739,-79.01592271876927,0,4,0,0,1,2,2,2,6543.555,2.0,4,4,1.0,14,33,1198.0,0.31070227457289473,74.79033645134899,38.91339620246065,5.076489318666163,337.5898961850503,8879.93324217082,15935.565011852366,1733.9250000199986,935.692,13265.948011832368,2000.1670000199988,13935.398011832369,12.551591352627522,2,1,0,0,1,69.27909644019022,69.27909644019022,69.27909644019022,1.0,0.8639548220095106,0.0,1.0,1,0,0.0,0.8639548220095106,0.0,0.13604517799048943,0.0,0.13604517799048943,0.8639548220095106,0.13604517799048943,0.13604517799048943,0.13604517799048943,10,2,2023,7,17,5,1,0,2,1,0,1,GRAVE_MORTALIDAD,2
2,1,21,1,4,1,-6.048760090042853,-77.17511959632238,0,1,2,1,2,1,0,1,7758.33400008,2.0,2,0,1.0,9,20,2133.0,0.5963332411867256,73.80959983510441,63.34953560123128,8.251886446437874,1232.7304200473363,24031.167023554604,5645.136,815.0759999999999,965.298,3864.762,1013.406,4631.73,17.95184385283189,3,1,0,0,1,41.88522145422928,24.356801173900973,59.41364173455759,1.0,0.2988631887868677,0.0,0.0,1,0,0.0,0.0,0.7011368112131323,1.0,1.0,0.0,0.7011368112131323,0.2988631887868677,1.0,1.0,12,1,2022,6,19,5,1,1,1,1,0,1,GRAVE_MORTALIDAD,2
3,1,17,0,4,2,-5.82493382575326,-80.33512821495201,0,3,2,1,1,2,2,0,6543.555,2.1929840079390286,3,3,1.0,11,32,1251.456570199111,0.5187911421417146,78.1632438505725,62.462694471717356,7.912579744854014,789.0201631831885,76295.42616037851,8959.281070066354,1696.1824996530877,887.6797175206949,6375.4188528925715,2022.4480872835306,6936.832982782824,22.567243340515994,4,2,0,0,2,24.35968015878057,19.666696150841542,29.0526641667196,1.0,0.8070159920609714,0.0,0.8070159920609714,2,0,0.0,0.8070159920609714,0.1929840079390286,1.0,0.8070159920609714,0.1929840079390286,0.1929840079390286,0.8070159920609714,0.8070159920609714,0.0,12,2,2021,11,19,6,1,0,0,1,0,1,GRAVE_MORTALIDAD,2
6,1,7,0,4,1,-13.124808216308086,-72.33005462701864,3,4,0,0,2,1,1,5,3447.8009999999995,1.0,2,3,0.0,9,12,1109.0,0.4706944943299555,76.79406176595778,61.64424635983724,7.141255198110581,653.4175319142125,3282.6252676659524,17779.13499998999,2097.3709999899997,2863.123,12818.640999999989,2878.713,14900.421999989989,16.19152450331032,4,1,0,0,3,32.858889188065426,32.858889188065426,32.858889188065426,1.0,0.0,0.0,0.11618057425408912,1,0,0.0,0.8838194257459109,0.0,0.0,0.0,0.0,1.0,0.0,0.0,0.0,22,2,2021,5,19,2,0,1,2,1,0,1,GRAVE_MORTALIDAD,2
4,1,7,0,4,1,-15.16266285787057,-71.1487336723658,0,4,2,1,2,1,0,2,568.5409999999999,1.0,2,3,0.0,9,3,93.0,0.3941643474876758,68.46328187467073,63.88531455708285,5.7510846091496495,535.0730889448764,1169.8342698957613,17779.13499998999,2097.3709999899997,2863.123,12818.640999999989,2878.713,14900.421999989989,16.19152450331032,6,1,0,0,4,39.07561893914378,36.918729797145936,41.232508081141624,1.0,0.0,0.0,0.6162540405708125,1,0,0.0,0.0,0.38374595942918754,0.6162540405708125,0.0,0.6162540405708125,1.0,0.0,0.6162540405708125,0.0,13,2,2023,2,8,1,0,0,2,1,0,1,GRAVE_MORTALIDAD,2
4,1,1,0,4,1,-9.45418011810299,-78.33754017980806,3,4,6,1,4,2,2,0,6543.555,3.0,2,0,1.0,0,30,1475.0,0.5873460606982213,78.04758132038613,65.8701248560095,8.596987164492063,1041.0659985770535,35482.29764453961,10767.648,1885.0630000000003,1222.721,7659.864000000001,2100.343,8667.305000000002,19.506051832303577,4,1,0,0,2,40.780720044297155,40.22457603543772,41.33686405315658,1.0,0.0,0.0,0.0,1,0,0.0,0.4438559911405694,0.0,0.5561440088594306,0.0,0.5561440088594306,0.4438559911405694,0.0,0.0,0.0,3,0,2021,10,25,2,0,1,0,1,1,1,GRAVE_MORTALIDAD,2
5,1,6,1,2,3,-12.459994303846287,-76.73010619506503,0,2,7,0,3,2,2,1,6561.683475452067,2.0,3,3,1.0,13,32,1276.5905697880487,0.5563774842369664,77.00938809632027,69.10246351364754,8.476961866273152,914.8835608305218,27932.19700214133,741.580180145731,167.55508317205755,145.64839477219377,428.37670220147953,247.83077122931,493.74940891642086,84.01909478164467,7,1,0,0,6,32.09400785859815,30.871905696822267,33.316110020374026,1.0,0.0,0.0,0.0,1,0,0.0,0.18801571719628896,0.0,1.0,0.0,1.0,0.18801571719628896,0.0,0.0,0.0,21,2,2021,4,6,3,0,0,1,1,0,0,GRAVE_MORTALIDAD,2
3,1,3,0,4,1,-16.160335524031325,-71.61340918687992,2,3,0,0,2,2,2,0,1504.4250000000002,2.0,2,0,1.0,7,25,241.0,0.6005060748875158,78.21704200773246,77.40211893847457,8.994742794352394,996.014120858737,33335.45824411135,10322.272,1495.236,1749.739,7077.2970000000005,2886.595,7435.677000000001,27.964725207783708,9,2,0,0,7,36.78597856652149,32.61254693316742,40.95941019987556,1.0,0.0,0.0,1.0,2,0,0.0,1.0,0.0,0.6531367332918554,0.0,0.6531367332918554,1.0,0.0,0.0,0.0,10,1,2023,7,9,0,0,0,0,1,0,1,GRAVE_MORTALIDAD,2
6,1,17,0,4,0,-14.296609493158734,-70.00475602074997,0,4,0,1,7,2,2,4,6543.555,2.0,4,4,1.0,14,33,1198.0,0.3864808244529071,73.25569407268686,46.5994136817472,7.128197251332855,469.4338939349329,2005.107258611091,13499.237574519768,1988.7504350098457,2267.9844297527457,9242.502709757176,3191.0074013567305,10308.230173163036,23.596101769121475,2,1,0,0,1,39.563596392126826,39.563596392126826,39.563596392126826,1.0,0.1484831830052844,0.0,0.0,1,0,0.0,0.0,0.0,1.0,0.0,0.1484831830052844,0.8515168169947156,0.8515168169947156,0.8515168169947156,0.8515168169947156,10,2,2021,11,2,2,0,0,2,1,0,1,GRAVE_MORTALIDAD,2
4,1,19,1,2,2,-5.153390254094329,-80.66997222389934,0,4,7,1,2,2,2,0,6543.555,2.4456992941520475,3,2,1.0,7,31,1321.4587044801171,0.6321494141038496,78.59258572040385,75.0687491093716,10.61208886441462,1058.2760263759724,181120.31540224174,8965.846000060003,1782.4120000599992,636.9959999999999,6546.438000000004,2214.505000059999,6751.341000000004,24.699342371541725,2,1,0,0,1,37.354038353508784,28.21720282339181,46.49087388362575,1.0,0.0,0.5543007058479525,1.0,1,0,0.0,0.44569929415204745,0.0,1.0,0.5543007058479525,0.0,0.44569929415204745,0.5543007058479525,0.5543007058479525,0.5543007058479525,5,0,2023,4,18,2,0,0,0,1,0,1,GRAVE_MORTALIDAD,2
6,1,1,0,4,1,-8.883323081416535,-77.70153939344326,0,4,0,0,3,2,2,0,6543.555,2.0,4,4,1.0,14,33,1198.0,0.1873701037337388,78.02353992956404,33.14510620767021,3.276196063870892,159.8065491090626,7236.383440361961,10767.648,1885.0630000000003,1222.721,7659.864000000001,2100.343,8667.305000000002,19.506051832303577,11,1,0,0,10,50.690038671376854,50.690038671376854,50.690038671376854,1.0,0.0,0.0,0.0,1,0,0.0,0.0,0.5271483816252647,0.4728516183747353,0.0,0.0,1.0,0.0,0.4728516183747353,0.0,19,2,2022,6,12,1,0,0,0,1,0,1,GRAVE_MORTALIDAD,2