CLASE SINIESTRO,CANTIDAD DE VEHICULOS DAÑADOS,DEPARTAMENTO,ZONA,TIPO DE VÍA,RED VIAL,COORDENADAS LATITUD,COORDENADAS  LONGITUD,CONDICIÓN CLIMÁTICA,ZONIFICACIÓN,CARACTERÍSTICAS DE VÍA,PERFIL LONGITUDINAL VÍA,SUPERFICIE DE CALZADA,¿EXISTE SEÑAL VERTICAL?,¿EXISTE SEÑAL HORIZONTAL?,CAUSA FACTOR PRINCIPAL,MTC_RVN_LONGITUD_KM,MTC_RVN_N_CARRILES_MEDIANA,MTC_RVN_SUPERFICIE_DOMINANTE,MTC_RVN_ESTADO_DOMINANTE,MTC_RVN_ES_CONCESIONADA,MTC_RVN_CONCESION_PRINCIPAL,MTC_RVN_CORREDOR_LOGISTICO,MTC_RVN_N_TRAMOS,IDH_2019,IDH_ESP_VIDA_2019,IDH_EDUC_SECUND_PCT_2019,IDH_ANIOS_EDUC_2019,IDH_INGRESO_PERCAP_2019,IDH_POBLACION_2019,MTC_DEP_RED_TOTAL_KM,MTC_DEP_NACIONAL_TOTAL_KM,MTC_DEP_DEPARTAMENTAL_TOTAL_KM,MTC_DEP_VECINAL_TOTAL_KM,MTC_DEP_PAV_TOTAL_KM,MTC_DEP_NO_PAV_TOTAL_KM,MTC_DEP_PCT_PAVIMENTADA,PER_TOTAL_PERSONAS,PER_N_CONDUCTORES,PER_N_CONDUCTORES_FUGADOS,PER_N_PEATONES,PER_N_PASAJEROS_OCUPANTES,PER_EDAD_COND_PROM,PER_EDAD_COND_MIN,PER_EDAD_COND_MAX,PER_ANY_COND_MASCULINO,PER_ANY_LIC_PROBLEMA,PER_ANY_DOSAJE_POS,PER_ANY_DOSAJE_EVALUADO,VEH_TOTAL,VEH_N_FUGADOS,VEH_ANY_FUGADO,VEH_ANY_CARGA,VEH_ANY_PUBLICO,VEH_ANY_PARTICULAR,VEH_ANY_MOTO,VEH_ANY_AUTO,VEH_ANY_CAMION_BUS,VEH_ANY_SOAT_PROBLEMA,VEH_ANY_CITV_PROBLEMA,VEH_ANY_SEGURO_PROBLEMA,HORA_NUM,FRANJA_HORARIA,ANIO,MES,DIA_MES,DIA_SEMANA,ES_FIN_SEMANA,ES_QUINCENA,REGION_NATURAL,TIENE_SEÑALIZACION,ES_VIA_MULTICARRIL,ES_DEPTO_BAJO_PAVIMENTO,CATEGORIA_SEVERIDAD,CATEGORIA_SEVERIDAD_ENC
6,1,16,0,4,1,-7.677461357058663,-78.29477773095464,0,4,5,0,2,1,0,1,618.3118311884758,1.7342278011860834,1,0,0.7342278011860833,3,18,108.46988373906166,0.3180136648982509,66.46562313040954,52.70109447164798,5.801476015077641,416.0250428097661,39463.52935442237,8845.073797459036,1692.8417193719856,1001.507886117263,6150.724191969787,2125.490980584103,6719.582816874932,24.003993793455855,2,1,0,0,1,44.12617759051133,44.12617759051133,44.12617759051133,1.0,1.0,0.0,0.0,1,0,0.0,0.7342278011860833,0.0,0.26577219881391667,0.26577219881391667,0.0,0.7342278011860833,0.26577219881391667,1.0,0.26577219881391667,8,0,2023,3,20,0,0,1,0,1,0,1,GRAVE_MORTALIDAD,2
3,1,13,0,4,1,-10.539262693553354,-77.86597234316231,0,4,6,1,1,1,0,2,6543.555,2.9448903600593335,2,0,1.0,0,30,1459.7346297364354,0.6094724344190081,83.0264327756864,68.42900135758929,7.837831145827966,1105.7585343908227,19792.880643119057,7698.25946158714,1664.2351508033166,1617.6494376960104,4416.374873087813,1782.0535721790968,5916.205889408044,23.238384761347174,3,1,0,0,1,45.97645842056367,31.110219279881335,60.78758792130533,0.9448903600593332,0.0,0.0,0.9448903600593332,1,0,0.0,0.9448903600593332,0.9448903600593332,0.055109639940666755,0.0,1.0,0.9448903600593332,0.055109639940666755,0.055109639940666755,0.055109639940666755,20,2,2022,3,4,4,0,0,0,1,0,1,GRAVE_MORTALIDAD,2
3,1,17,1,4,1,-10.31136153597236,-75.78741586298554,5,4,6,1,5,2,2,0,7622.124392352457,2.11212706814867,2,0,1.0,7,21,2059.2203891581753,0.5014289617003563,72.25880840355964,57.21367289196389,7.816785394430233,837.2099826356513,18518.993749983925,3652.740202060911,559.033906949937,886.0517990721706,2207.6544960388046,603.4897162441578,3049.250485816754,16.54681170893724,4,2,0,0,1,51.075552614796564,30.654475182215965,61.730027797012525,1.0,0.0,0.0,0.0,2,0,0.0,0.8878729318513303,0.8878729318513303,1.0,1.0,0.0,0.8878729318513303,1.0,0.8878729318513303,1.0,11,2,2022,4,19,3,0,1,1,1,0,1,GRAVE_MORTALIDAD,2
3,1,3,0,4,1,-15.574771891481316,-71.05221709121109,0,4,7,1,2,0,1,0,568.5409999999999,1.0,2,3,0.0,9,3,93.0,0.4638454442325006,81.38482777673372,53.87210544753641,5.8114448091461615,708.7943183724879,1369.2400890505278,10322.272,1495.236,1749.739,7077.2970000000005,2886.595,7435.677000000001,27.964725207783708,7,1,0,0,6,42.18803309541272,40.78204964311908,43.59401654770636,1.0,0.0,0.0,0.0,1,0,0.0,1.0,0.0,0.7029917261468195,0.0,0.0,1.0,0.0,0.0,0.0,9,2,2023,4,21,1,0,0,0,1,0,1,GRAVE_MORTALIDAD,2
6,1,5,0,4,2,-5.8042921507067655,-78.99903647538055,0,4,1,1,1,2,2,1,6543.555,2.0,4,4,1.0,14,33,1198.0,0.33056721833021574,75.3197497491576,43.52460205025278,5.203634425944325,364.8222768676287,9208.08877575689,15935.565011852366,1733.9250000199986,935.692,13265.948011832368,2000.1670000199988,13935.398011832369,12.551591352627522,2,1,0,0,1,60.761448085864366,60.761448085864366,60.761448085864366,1.0,0.7838740016512378,0.0,0.7838740016512378,1,0,0.0,0.7838740016512378,0.21612599834876223,0.0,0.21612599834876223,0.0,0.7838740016512378,0.0,0.21612599834876223,0.0,12,3,2022,6,16,5,1,0,2,1,0,1,GRAVE_MORTALIDAD,2
3,1,14,2,5,3,-12.068467500588739,-77.01791504563387,0,2,2,1,2,0,1,0,5504.0345756950865,2.0,3,3,1.0,11,29,1006.8916267486513,0.7497390134180669,79.93822216375723,77.32426052861204,11.645536167054173,1586.5167338146914,251601.6346106348,7626.313,1683.4029999999998,1599.0829999999996,4343.827000000001,1814.875,5811.438000000001,23.797541485643197,6,2,0,1,2,45.358081279865914,41.2489197708539,49.46724278887792,1.0,0.0,0.0,0.0,2,0,0.0,0.18340534860973967,0.0,1.0,0.0,0.8165946513902603,0.18340534860973967,0.0,0.0,0.0,9,1,2023,9,19,0,0,1,0,1,0,1,GRAVE_MORTALIDAD,2
7,1,19,0,3,2,-5.192195567004408,-80.67106239294657,0,3,7,1,2,2,2,0,6543.555,2.5683397858562165,2,1,1.0,6,31,1355.430120682172,0.6249801185451609,78.55173224594533,74.44910150495379,10.413398577108362,1040.1423721118235,181729.79662785586,8965.846000060003,1782.4120000599992,636.9959999999999,6546.438000000004,2214.505000059999,6751.341000000004,24.699342371541725,4,1,0,0,3,33.93513550298055,25.978378500993514,41.89189250496758,1.0,0.4316602141437834,0.4316602141437834,1.0,1,0,0.0,0.5683397858562166,0.0,1.0,0.4316602141437834,0.5683397858562166,0.5683397858562166,0.0,1.0,0.0,11,0,2022,3,2,2,0,0,0,1,0,1,GRAVE_MORTALIDAD,2
3,1,12,0,4,1,-8.498456040591098,-78.0456433295494,0,4,5,0,2,2,2,0,758.66795819748,2.0,2,0,0.8175653295445969,8,27,209.09593293233104,0.4687348287961285,77.2618139154531,45.30315199504551,7.029050294296439,762.8093934742118,13382.827717578537,8693.656801200419,1399.0431500351049,1874.520759523575,5420.092891641739,1327.9608869444426,7365.695914255976,15.50231124900331,4,1,0,0,2,33.96286805114794,27.831128079563463,40.094608022732416,1.0,0.18243467045540307,0.0,0.0,1,0,0.0,0.8175653295445969,0.8175653295445969,0.18243467045540307,0.0,0.18243467045540307,0.8175653295445969,0.0,0.8175653295445969,0.0,16,2,2022,4,5,0,0,0,0,1,0,1,GRAVE_MORTALIDAD,2
3,2,4,0,4,1,-13.225713686575514,-74.01955261378662,0,4,0,0,2,1,1,5,3257.909323904384,1.1570500068608929,2,2,0.15705000686089288,8,14,952.8922931802725,0.27250073933797936,75.50273343048494,54.82262506701534,4.327784049169916,263.42726387623287,17167.459129418134,12678.733000000004,1805.074000000001,1774.0339999999994,9099.625000000004,2485.375000000001,10193.358000000002,19.602707936195205,9,2,0,0,6,39.6527833036028,26.72755007546982,47.8012999039475,1.0,0.8429499931391071,0.0,1.0,2,0,0.0,0.0,0.15705000686089288,0.8429499931391071,0.8429499931391071,0.8429499931391071,1.0,0.0,0.8429499931391071,0.0,3,0,2021,7,3,1,0,0,2,1,0,1,GRAVE_MORTALIDAD,2
6,1,11,0,4,1,-11.532499035878807,-75.89123496986316,0,4,0,0,2,1,1,2,7586.903,2.0,2,0,1.0,9,5,1198.0,0.6211711217784234,75.51508523355102,70.90101252241288,10.049671623026311,1128.403546167389,8996.89721627409,12264.545,1826.4639999999995,1105.5389999999998,9332.542,1588.5359999999996,10676.009,12.952261987705208,2,1,0,0,1,33.83635126288493,33.83635126288493,33.83635126288493,1.0,0.0,0.0,0.47954390786061696,1,0,0.0,0.0,0.0,1.0,0.0,0.47954390786061696,0.520456092139383,0.47954390786061696,1.0,0.47954390786061696,11,1,2022,10,21,2,0,1,2,1,0,1,GRAVE_MORTALIDAD,2
3,3,10,0,4,1,-13.687993767874397,-75.94848231938185,0,4,7,1,2,2,2,0,1474.415339980445,1.5824325880602124,2,2,1.0,9,24,273.24325880602123,0.5540006789873793,73.86198710926654,71.53942449338021,8.279256244945616,937.4712568191914,5838.937279142665,3721.461,698.1859999999996,744.866,2278.409,1102.9029999999996,2618.558,29.636290693359403,7,3,0,0,3,48.92072161990345,47.7729738029878,50.35540639104801,1.0,0.0,0.0,1.0,3,0,0.0,1.0,0.0,0.8608108626867375,0.8608108626867375,0.8608108626867375,0.13918913731326255,0.0,0.8608108626867375,0.8608108626867375,18,2,2022,9,3,0,0,0,0,1,0,1,GRAVE_MORTALIDAD,2
3,1,1,0,4,0,-9.454152407111735,-77.15983519484814,0,4,6,0,2,2,2,0,6543.555,2.0,4,4,1.0,14,33,1198.0,0.3794257065582259,76.623381550289,70.58339587600932,5.509709204057422,400.1170179999948,2717.9268746581834,10767.648,1885.0630000000003,1222.721,7659.864000000001,2100.343,8667.305000000002,19.506051832303577,3,1,0,0,1,37.08709934706705,33.10887418383381,40.070768219491974,1.0,0.0,0.0,0.0,1,0,0.0,0.0,0.0,1.0,0.9945562908083094,0.005443709191690571,0.0,0.005443709191690571,1.0,1.0,18,2,2021,6,29,4,0,0,0,1,0,1,GRAVE_MORTALIDAD,2
3,1,20,0,4,1,-15.625474088778319,-70.52865270550501,0,4,6,1,2,0,1,2,1513.4782466636025,2.0,2,0,1.0,6,24,246.94451272883984,0.4647614019646214,78.06693995016396,67.41792238785087,6.924484932596024,602.545110535047,6918.1307426860685,13642.312999999998,2020.7790000000005,2354.117,9267.416999999998,3314.0520000000006,10328.260999999997,24.29244952817019,3,1,0,0,1,48.919618579728656,28.175873157657982,69.66336400179932,1.0,0.0,0.0,0.9648253684684034,1,0,0.0,0.9648253684684034,0.0,1.0,0.0,1.0,0.9648253684684034,0.03517463153159661,1.0,0.03517463153159661,13,2,2021,4,22,4,0,1,2,1,0,1,GRAVE_MORTALIDAD,2
3,2,21,0,4,1,-17.649707108424316,-70.31285822413925,0,4,6,1,2,0,1,1,2044.8027850813842,2.0,2,0,1.0,8,30,408.2548643008435,0.5530203275879021,75.3653602497537,62.581227009094576,7.096265725927931,1063.7938923796057,5978.30306236867,2601.1761321450244,610.2824489557474,474.36879360643775,1516.5248895828386,1018.0101741067031,1583.1659580383207,38.847434378005374,14,2,0,0,12,31.71479503302436,24.881784063632573,39.763568127265145,1.0,1.0,0.0,0.0,2,0,0.0,0.08817840636325724,0.0,0.9118215936367428,0.0,1.0,1.0,0.0,0.9118215936367428,0.0,15,2,2021,7,9,1,0,0,0,1,0,1,GRAVE_MORTALIDAD,2
3,2,14,0,4,1,-10.640701702112432,-77.85058772466432,0,4,7,1,2,1,0,1,6543.555,3.0,2,0,1.0,0,30,1475.0,0.6268687897946689,82.18096720561557,72.30753381266985,8.959173721649861,1090.279660993292,20521.346895074952,7626.313,1683.4029999999998,1599.0829999999996,4343.827000000001,1814.875,5811.438000000001,23.797541485643197,4,2,0,0,2,44.35464701840282,39.07931508851691,49.62997894828874,1.0,0.0,0.22466807011408396,1.0,2,0,0.0,0.22466807011408396,1.0,0.775331929885916,0.0,0.775331929885916,1.0,0.0,0.22466807011408396,0.0,9,0,2021,4,15,4,0,0,0,1,1,1,GRAVE_MORTALIDAD,2
4,1,15,1,4,1,-14.677479467400662,-73.7756474172963,3,4,6,1,4,1,1,0,6543.555,2.4507060582503857,3,2,1.0,7,31,1322.8455781353568,0.6708225149336666,78.69846680562675,73.40839255886131,9.854975846908292,1331.0342011845858,65140.644300306594,5057.18888257915,1017.0446319725913,1216.7590363118993,2823.3852142946607,1293.9086961203552,3763.2801864587964,26.8635550128629,9,1,0,2,4,55.48352530749099,52.47881825248843,59.6901151844946,1.0,0.0,0.0,0.4507060582503857,1,0,0.0,1.0,0.0,0.0,0.0,0.0,1.0,0.0,0.0,0.0,15,2,2024,2,24,3,0,1,0,1,0,1,GRAVE_MORTALIDAD,2
3,2,12,0,4,1,-8.644548565529217,-78.82160944317855,0,4,5,1,2,1,0,0,6567.3119111228925,2.7536101314779873,2,0,1.0,2,30,1509.7409714616037,0.5565801957421112,79.12391716261921,68.78150745196513,8.276527603757257,889.8868444445625,9795.585250608427,3524.188475883007,560.1818982832249,703.3134445705668,2260.6931330292155,801.799579188233,2722.388896694774,22.622971812964387,18,2,0,0,16,53.78971144625786,43.53610131477987,64.04332157773584,1.0,0.0,0.0,0.24638986852201283,2,0,0.0,1.0,0.7536101314779872,0.24638986852201283,0.0,0.24638986852201283,1.0,0.0,0.0,0.0,17,2,2021,5,24,1,0,1,0,1,0,1,GRAVE_MORTALIDAD,2
0,2,10,0,4,1,-14.212187139738779,-75.71172789175016,0,4,7,1,2,0,0,0,6639.975,2.0,2,0,1.0,9,31,1616.0,0.6261042306271147,80.48505954362174,76.55712631348362,9.341715591523595,1061.002261282891,31419.372591006424,3721.461,698.1859999999996,744.866,2278.409,1102.9029999999996,2618.558,29.636290693359403,4,2,0,0,1,30.04247264949959,23.286455610020774,36.79848968897841,1.0,0.9556394617234216,0.9556394617234216,1.0,2,0,0.0,0.044360538276578376,0.0,0.9556394617234216,0.9556394617234216,0.9556394617234216,0.044360538276578376,0.9556394617234216,0.9556394617234216,0.0,5,0,2021,7,1,5,0,0,0,0,0,1,GRAVE_MORTALIDAD,2
3,1,14,0,4,1,-11.58417837612325,-77.32473052178852,0,4,7,0,2,2,2,1,6565.530128107367,2.7720895238812853,2,0,1.0,2,30,1507.1353771327388,0.7268215984321801,78.50990839444802,77.79366444379237,12.917975445698898,1400.383226641606,61574.07257977825,7626.313,1683.4029999999998,1599.0829999999996,4343.827000000001,1814.875,5811.438000000001,23.797541485643197,8,2,0,0,6,44.71634380819623,38.87447809401816,50.5582095223743,1.0,0.0,0.0,0.772089523881285,2,0,0.0,0.22791047611871496,0.772089523881285,1.0,0.0,1.0,1.0,0.0,0.0,0.0,8,0,2023,4,18,5,0,1,0,1,0,1,GRAVE_MORTALIDAD,2
6,1,7,0,4,2,-13.173539575878413,-72.27062919981823,0,4,5,1,1,2,2,2,6543.555,2.0,4,4,1.0,14,33,1198.0,0.42826510204756907,73.02602174126709,66.74821481832903,6.219941716183767,569.7758024946324,11379.735328761157,17779.13499998999,2097.3709999899997,2863.123,12818.640999999989,2878.713,14900.421999989989,16.19152450331032,5,1,0,0,4,41.99494465745188,41.99494465745188,41.99494465745188,1.0,0.0,0.0,1.0,1,0,0.0,0.0,0.15762866618167803,0.842371333818322,0.0,0.0,1.0,0.0,0.842371333818322,0.0,7,0,2021,10,18,1,0,0,2,1,0,1,GRAVE_MORTALIDAD,2
0,1,13,0,4,0,-6.34083717971304,-79.60989988280586,3,4,3,0,1,2,2,0,6543.555,2.0,4,4,1.0,14,33,1198.0,0.3229571089040709,75.53818940565739,49.56046284671761,5.577885817508729,338.2279203917081,12400.274536131361,3459.691,515.0619999999999,689.7280000000001,2254.901,703.3549999999999,2756.336,20.329994788551925,2,1,0,0,0,28.795450639574536,28.67575393026957,28.915147348879508,1.0,0.0,0.0,0.23939341860993824,1,0,0.0,0.23939341860993824,0.0,0.23939341860993824,0.0,0.23939341860993824,1.0,0.0,0.0,0.0,4,0,2021,5,20,3,0,1,0,1,0,1,GRAVE_MORTALIDAD,2
6,1,9,0,4,1,-12.15834222327739,-75.12022115640677,1,4,5,0,2,2,2,2,1076.4370489135547,0.6635778151329168,1,2,0.0,9,32,153.78404302494917,0.38489231544440483,72.65893948354038,51.730467714259206,5.283172335087741,543.2665567551749,4308.365047899548,12334.216015952865,1822.8659647328464,1217.98727423636,9293.362776983657,1739.3942679270049,10594.821748025859,14.070940765870931,7,1,0,0,6,37.82252235296521,37.82252235296521,37.82252235296521,1.0,0.0,0.0,1.0,1,0,0.8317889075664584,0.0,0.0,1.0,0.0,0.0,1.0,0.1682110924335416,0.1682110924335416,1.0,5,0,2022,10,6,3,0,0,2,1,0,1,GRAVE_MORTALIDAD,2
6,1,10,0,4,0,-9.072669429717276,-76.99870924061993,0,3,1,0,1,2,2,2,5495.360639687907,2.0,3,3,1.0,11,30,1001.6174493819693,0.5860638720155901,72.77388982758038,70.88060881155663,9.863554272574163,1021.5277698430118,94460.52592719627,8335.0062831453,1408.1922406702859,766.184149087006,6160.629893388006,1252.0219886039738,7082.984294541325,14.872759976516354,3,1,0,0,2,22.49783301318837,22.49783301318837,22.49783301318837,1.0,0.8335741096457367,0.16642589035426325,1.0,1,0,0.0,0.0,0.8335741096457367,0.16642589035426325,0.8335741096457367,0.0,0.16642589035426325,0.0,0.8335741096457367,0.0,4,0,2021,6,26,0,0,1,1,1,0,1,GRAVE_MORTALIDAD,2
6,1,1,0,4,2,-11.326733829416694,-76.37961515312944,5,4,0,0,2,2,2,1,6543.555,2.0,4,4,1.0,14,33,1198.0,0.3880691944188375,75.90194360017213,59.19997863144484,5.8563774488828,453.900450027636,935.0285659454966,10680.751214172897,1809.0043140164225,1325.5468601115192,7546.200040044957,2253.747699961675,8427.003514211225,21.156413613563707,7,1,0,0,6,29.70706758045999,29.70706758045999,29.70706758045999,0.80489117997579,0.0,0.0,0.19510882002421004,1,0,0.0,0.0,0.0,1.0,0.0,1.0,0.0,0.0,1.0,0.0,13,2,2021,5,7,0,0,0,0,1,0,1,GRAVE_MORTALIDAD,2
5,1,8,0,4,2,-12.779687832531122,-75.04320200433321,0,4,5,0,1,1,1,0,6543.555,2.107388671955853,3,3,1.0,12,32,1227.7466621317712,0.3934376848522569,73.40185698896624,51.87620590291237,5.907929130745162,534.3999179576256,24723.830839414375,8416.374890399138,1470.9525778122122,1964.5475338750994,4980.874778711826,1872.6305233697685,6543.744367029369,22.267130685382188,2,1,0,0,1,36.03350195239732,31.711335936529764,39.463056640220735,1.0,0.107388671955853,0.0,0.0,1,0,0.0,0.0,0.107388671955853,1.0,0.107388671955853,0.892611328044147,0.107388671955853,0.0,0.107388671955853,0.0,5,0,2021,9,20,2,0,1,1,0,0,1,GRAVE_MORTALIDAD,2
4,1,13,0,4,1,-9.50117528367183,-78.37027263898165,1,4,7,1,2,2,2,2,6543.555,3.0,2,0,1.0,0,30,1475.0,0.6010093937597137,80.59836725594066,69.41913037634528,8.946422086623972,1013.3936721419203,20571.449731371747,8225.087321693318,1523.8786029987264,1753.6021506635145,4947.606568031078,1541.718714799446,6683.368606893872,19.14396046268911,5,1,0,0,3,34.187974847121616,31.751899388486457,36.624050305756775,1.0,0.0,0.5413501019189241,0.5413501019189241,1,0,0.0,0.5413501019189241,0.5413501019189241,0.4586498980810759,0.0,0.0,1.0,0.0,0.5413501019189241,0.0,8,1,2021,7,2,3,0,0,0,1,1,1,GRAVE_MORTALIDAD,2
6,1,4,0,4,0,-12.838110893033951,-74.27502379783556,0,4,2,0,2,2,2,2,6543.555,2.0,4,4,1.0,14,33,1198.0,0.352547001236481,67.34818676601941,69.06755404001156,6.204054391317854,370.66932564265943,1093.1636869534955,8310.545292845956,1298.933907259825,1134.6084738796576,5877.002911706472,1312.2521807036069,6998.293112142348,15.773524646815977,2,1,0,0,1,36.907209229200745,36.907209229200745,36.907209229200745,1.0,0.0,0.0,0.0,1,0,0.0,0.0,0.0,1.0,0.0,1.0,0.0,0.0,0.0,0.0,13,1,2021,4,5,0,0,0,2,1,0,1,GRAVE_MORTALIDAD,2
6,1,4,0,4,2,-13.469500825708144,-73.95373170811472,0,4,2,0,1,2,2,3,6543.555,2.0,4,4,1.0,14,33,1198.0,0.28581995028656776,70.77565993628176,52.46533089945405,4.675974156523489,280.41020002885733,5162.391080809832,12678.733000000004,1805.074000000001,1774.0339999999994,9099.625000000004,2485.375000000001,10193.358000000002,19.602707936195205,7,1,0,0,6,37.486204239403214,37.486204239403214,37.486204239403214,1.0,0.4972408478806435,0.5027591521193565,1.0,1,0,0.0,0.0,0.0,0.0,0.0,0.0,1.0,0.4972408478806435,0.4972408478806435,0.0,13,1,2024,5,13,2,0,0,2,1,0,1,GRAVE_MORTALIDAD,2
3,2,7,0,4,1,-15.145325253927325,-71.11598087900201,0,4,0,0,2,1,0,2,568.5409999999999,1.0,2,3,0.0,9,3,93.0,0.3559978944579864,68.36371384485324,63.67628231698801,5.101463276646874,437.0091167258373,1123.0475471586144,17779.13499998999,2097.3709999899997,2863.123,12818.640999999989,2878.713,14900.421999989989,16.19152450331032,5,2,0,0,3,38.0469954647083,28.657936505916215,47.43605442350039,1.0,0.0,0.0,0.09399092941660203,2,0,0.0,0.906009070583398,0.0,1.0,0.0,1.0,1.0,0.0,0.09399092941660203,0.0,7,1,2022,8,23,5,0,0,2,1,0,1,GRAVE_MORTALIDAD,2
5,0,12,2,2,4,-9.300547277590454,-78.4333757930563,0,0,8,1,2,2,2,0,6543.555,2.0,4,4,1.0,14,33,1198.0,0.7276863150276099,79.6490410140681,77.11312559330771,11.709096281593563,1460.7512416638742,331951.4217095594,8552.285666566611,1436.7069979804662,1838.0386545625981,5277.540014023547,1392.453321860409,7159.832344706202,16.601025748758246,2,1,0,0,1,26.726805769051662,26.0,27.453611538103324,1.0,1.0,0.2907223076206651,0.2907223076206651,1,0,0.0,0.0,0.0,1.0,1.0,0.2907223076206651,0.0,0.0,0.2907223076206651,0.0,18,2,2023,8,13,4,0,0,0,1,0,1,GRAVE_MORTALIDAD,2
6,1,12,0,4,2,-7.957062345222004,-79.19461427892665,0,4,0,0,1,2,2,2,6543.555,2.0,4,4,1.0,14,33,1198.0,0.6099614213435887,78.68460785375702,71.51064489556538,9.160846711911649,1072.5275299267953,19518.887423913468,8931.828000000005,1335.5899999999997,1935.9830000000004,5660.255000000005,1219.309,7712.519000000005,13.651281686122925,5,1,0,0,4,37.01626814600299,33.08134073001497,39.967463707994014,0.016268146002993977,0.0,0.0,0.016268146002993977,1,0,0.0,0.0,0.0,1.0,0.0,0.983731853997006,0.016268146002993977,0.983731853997006,0.983731853997006,0.983731853997006,19,1,2021,4,29,5,0,0,0,1,0,1,GRAVE_MORTALIDAD,2
3,1,20,0,4,1,-16.002651840423464,-69.52707810653433,0,4,6,0,1,2,2,2,6543.555,2.0,4,4,1.0,14,33,1198.0,0.26596645866915986,79.33596561538202,69.5147169695324,5.549757093227881,159.75201820246684,10038.90960133111,13642.312999999998,2020.7790000000005,2354.117,9267.416999999998,3314.0520000000006,10328.260999999997,24.29244952817019,2,1,0,0,1,64.93036389921235,63.48929177170763,66.37143602671708,1.0,1.0,0.0,0.0,1,0,0.0,0.039285248330182654,0.0,0.9607147516698173,0.9607147516698173,0.0,0.039285248330182654,1.0,0.039285248330182654,0.9607147516698173,17,1,2021,10,16,3,0,0,2,1,0,1,GRAVE_MORTALIDAD,2
3,1,13,0,2,3,-10.809524418250533,-77.12395434128476,0,4,7,1,7,2,2,1,6543.555,2.0,4,4,1.0,14,33,1198.0,0.5234966846298242,75.91884397944587,52.65600192609112,7.791916951810296,1096.0733187737976,12812.734129945748,8044.713452192784,1571.933490665731,1707.0550358201538,4765.724925706899,1624.0039003108764,6420.709551881908,20.54579815968775,4,1,0,0,3,34.37829585820558,32.67951310234445,36.077078614066714,1.0,0.6795131023444527,0.0,0.0,1,0,0.0,1.0,0.6795131023444527,0.0,0.6795131023444527,0.0,1.0,0.0,0.6795131023444527,0.6795131023444527,6,0,2022,8,11,2,0,0,0,1,0,1,GRAVE_MORTALIDAD,2
5,1,20,0,4,2,-14.920373734790923,-69.69100299055103,0,4,0,1,2,2,2,2,6543.555,2.0,4,4,1.0,14,33,1198.0,0.25633786800024233,66.96155320291662,62.9746163487162,5.653670605108833,178.67267634356352,5623.1034912213145,13642.312999999998,2020.7790000000005,2354.117,9267.416999999998,3314.0520000000006,10328.260999999997,24.29244952817019,3,1,0,0,2,63.983335619103514,63.96296804245226,64.00370319575478,1.0,0.9962968042452258,0.0,0.0,1,0,0.0,0.0,0.00370319575477418,0.9962968042452258,0.0,0.0,1.0,0.9962968042452258,0.9962968042452258,0.9962968042452258,19,2,2022,7,12,2,0,0,2,1,0,1,GRAVE_MORTALIDAD,2
8,1,4,0,4,2,-12.708792547157943,-73.45305626604802,5,4,6,1,5,1,1,0,6543.555,2.1544488045031005,3,3,1.0,11,32,1240.7823188473587,0.3017087689090732,71.5758488923466,67.54956322721878,4.525016954269593,289.11743014385104,5790.1379353648335,8452.702118242087,1359.6693787574413,1195.9907408941956,5897.041998590449,1553.4344732434897,6899.267644998597,18.307079943694056,4,1,0,0,2,54.786233802122226,50.667599015372886,57.4633464135093,1.0,0.1544488045031004,0.0,0.1544488045031004,1,0,0.0,1.0,0.1544488045031004,0.1544488045031004,0.1544488045031004,0.0,1.0,0.1544488045031004,0.1544488045031004,0.1544488045031004,15,2,2022,6,4,5,0,0,1,1,0,1,GRAVE_MORTALIDAD,2
6,1,12,0,4,2,-7.38237879065043,-77.68691710537648,0,4,7,1,3,2,2,0,6543.555,2.0,4,4,1.0,14,33,1198.0,0.3407953597192809,78.11527027161985,37.109117089901616,5.419058394116448,424.4746742841743,1853.5544478655115,8931.828000000005,1335.5899999999997,1935.9830000000004,5660.255000000005,1219.309,7712.519000000005,13.651281686122925,3,1,0,0,2,41.22737701930334,41.22737701930334,41.22737701930334,1.0,0.0,0.0,0.0,1,0,0.0,0.6109594994322547,0.0,0.3890405005677453,0.0,0.0,1.0,0.0,0.3890405005677453,0.0,14,1,2022,11,7,3,0,0,0,1,0,1,GRAVE_MORTALIDAD,2