CLASE SINIESTRO,CANTIDAD DE VEHICULOS DAÑADOS,DEPARTAMENTO,ZONA,TIPO DE VÍA,RED VIAL,COORDENADAS LATITUD,COORDENADAS  LONGITUD,CONDICIÓN CLIMÁTICA,ZONIFICACIÓN,CARACTERÍSTICAS DE VÍA,PERFIL LONGITUDINAL VÍA,SUPERFICIE DE CALZADA,¿EXISTE SEÑAL VERTICAL?,¿EXISTE SEÑAL HORIZONTAL?,CAUSA FACTOR PRINCIPAL,MTC_RVN_LONGITUD_KM,MTC_RVN_N_CARRILES_MEDIANA,MTC_RVN_SUPERFICIE_DOMINANTE,MTC_RVN_ESTADO_DOMINANTE,MTC_RVN_ES_CONCESIONADA,MTC_RVN_CONCESION_PRINCIPAL,MTC_RVN_CORREDOR_LOGISTICO,MTC_RVN_N_TRAMOS,IDH_2019,IDH_ESP_VIDA_2019,IDH_EDUC_SECUND_PCT_2019,IDH_ANIOS_EDUC_2019,IDH_INGRESO_PERCAP_2019,IDH_POBLACION_2019,MTC_DEP_RED_TOTAL_KM,MTC_DEP_NACIONAL_TOTAL_KM,MTC_DEP_DEPARTAMENTAL_TOTAL_KM,MTC_DEP_VECINAL_TOTAL_KM,MTC_DEP_PAV_TOTAL_KM,MTC_DEP_NO_PAV_TOTAL_KM,MTC_DEP_PCT_PAVIMENTADA,PER_TOTAL_PERSONAS,PER_N_CONDUCTORES,PER_N_CONDUCTORES_FUGADOS,PER_N_PEATONES,PER_N_PASAJEROS_OCUPANTES,PER_EDAD_COND_PROM,PER_EDAD_COND_MIN,PER_EDAD_COND_MAX,PER_ANY_COND_MASCULINO,PER_ANY_LIC_PROBLEMA,PER_ANY_DOSAJE_POS,PER_ANY_DOSAJE_EVALUADO,VEH_TOTAL,VEH_N_FUGADOS,VEH_ANY_FUGADO,VEH_ANY_CARGA,VEH_ANY_PUBLICO,VEH_ANY_PARTICULAR,VEH_ANY_MOTO,VEH_ANY_AUTO,VEH_ANY_CAMION_BUS,VEH_ANY_SOAT_PROBLEMA,VEH_ANY_CITV_PROBLEMA,VEH_ANY_SEGURO_PROBLEMA,HORA_NUM,FRANJA_HORARIA,ANIO,MES,DIA_MES,DIA_SEMANA,ES_FIN_SEMANA,ES_QUINCENA,REGION_NATURAL,TIENE_SEÑALIZACION,ES_VIA_MULTICARRIL,ES_DEPTO_BAJO_PAVIMENTO,CATEGORIA_SEVERIDAD,CATEGORIA_SEVERIDAD_ENC
3,2,7,1,4,1,-13.571326691206863,-71.82642710869465,6,3,6,1,2,1,0,2,7586.903,2.0,2,0,1.0,9,5,1198.0,0.5168072463984807,77.29469745362256,69.3784019254646,8.343963205033369,725.9612359567934,6424.869164181073,17779.13499998999,2097.3709999899997,2863.123,12818.640999999989,2878.713,14900.421999989989,16.19152450331032,3,2,0,0,1,28.561744683654133,25.60186930391514,31.521620063393122,1.0,0.9598753797389905,0.0,0.04012462026100949,2,0,0.0,0.0,0.04012462026100949,1.0,0.0,0.9598753797389905,0.04012462026100949,0.0,0.9598753797389905,0.0,17,2,2021,4,15,5,0,0,2,1,0,1,GRAVE_MORTALIDAD,2
6,1,5,0,4,2,-7.261001681956042,-78.32362113706066,0,4,0,0,1,2,2,0,6543.555,2.0,4,4,1.0,14,33,1198.0,0.300881065247149,75.76767272385229,42.625831788987796,4.245845422045222,330.9625849040829,13982.208398703617,15935.565011852366,1733.9250000199986,935.692,13265.948011832368,2000.1670000199988,13935.398011832369,12.551591352627522,18,1,0,0,17,47.57685072738593,47.57685072738593,47.57685072738593,1.0,0.9014468295383795,0.0,0.09855317046162049,1,0,0.0,0.0,1.0,0.0,0.0,0.0,1.0,0.9014468295383795,0.9014468295383795,0.9014468295383795,9,1,2022,8,25,6,1,1,2,1,0,1,GRAVE_MORTALIDAD,2
3,2,17,0,4,1,-5.301101779892411,-79.93627179607068,0,4,4,1,2,2,2,0,527.6732417277607,2.0,2,1,0.0,9,18,125.9452900869785,0.5121398553835146,77.57364478348678,65.23859844072271,7.6144472211823,766.4211844529519,22994.555351553357,2375.1316174723493,348.3951774195916,511.70082958902753,1515.03561046373,514.6503683805583,1860.4812490917907,23.479950474571538,4,2,0,0,2,41.69758310786128,31.804009909700476,51.59115630602207,1.0,1.0,0.0,1.0,2,0,0.0,0.44257072073568027,0.5574292792643197,1.0,1.0,0.5574292792643197,0.44257072073568027,0.0,1.0,0.44257072073568027,14,1,2021,6,18,2,0,1,0,1,0,1,GRAVE_MORTALIDAD,2
3,2,11,0,4,1,-11.484533835158018,-74.46702605884451,0,4,0,0,2,2,2,0,1337.175,1.0,1,3,0.0,9,32,315.0,0.3570817332180048,73.74932476832508,43.805659202757695,6.484925788605561,398.3541927461293,66993.35796966725,12264.545,1826.4639999999995,1105.5389999999998,9332.542,1588.5359999999996,10676.009,12.952261987705208,4,2,0,0,2,23.420666941580613,20.657619243986154,26.183714639175072,1.0,0.8684761512027696,0.0,1.0,2,0,0.0,0.0,0.0,1.0,1.0,0.0,1.0,1.0,0.8684761512027696,0.0,2,0,2021,7,28,5,0,1,2,1,0,1,GRAVE_MORTALIDAD,2
5,1,2,0,4,1,-8.943518019391458,-77.6819971437267,0,4,0,0,1,1,1,1,9936.932,2.0,2,0,1.0,9,32,3830.0,0.35315823215958586,69.57256518101246,39.47138910441504,6.192919645159602,475.2667441896913,2598.657784492716,11015.490553700452,1875.3607119973567,1203.3190731287946,7936.810768574303,2015.602664571598,8999.887889128857,18.420935079780616,3,1,0,0,2,52.52301151802059,50.20501919670098,54.841003839340196,1.0,0.0,0.0,0.8344291199057423,1,0,0.0,0.1655708800942577,0.1655708800942577,0.8344291199057423,0.0,0.0,1.0,0.0,0.0,0.0,9,0,2021,2,16,3,0,0,0,1,0,1,GRAVE_MORTALIDAD,2
3,1,19,0,4,2,-5.310824183348302,-80.66432869643273,0,4,5,1,1,2,2,0,6543.555,2.0,4,4,1.0,14,33,1198.0,0.5034350778485951,78.14388603810477,62.51585839041032,7.698619805954479,731.8176685454189,76220.84796573877,8965.846000060003,1782.4120000599992,636.9959999999999,6546.438000000004,2214.505000059999,6751.341000000004,24.699342371541725,4,2,0,0,2,38.40963362682335,30.994111873619552,45.825155380027155,1.0,1.0,0.8330062152010861,1.0,2,0,0.0,1.0,0.8330062152010861,0.1669937847989139,1.0,0.0,0.0,1.0,1.0,0.8330062152010861,20,2,2022,11,18,5,1,1,0,1,0,1,GRAVE_MORTALIDAD,2
3,3,13,0,4,1,-11.488718392037722,-76.02235514516971,0,4,4,0,2,1,1,0,1363.3602447403096,2.0,2,2,1.0,6,22,239.54346517872625,0.4929672737097043,72.15175298263216,61.24613604352548,7.241240073501995,824.4879429435408,6637.719402990436,4302.076398489255,733.4664574210344,811.398139534892,2757.211801533328,1075.8904660124015,3226.185932476853,26.109619213801057,7,3,0,0,3,53.949159873804156,52.41460911428076,55.716435253565855,1.0,0.30182613928509494,0.0,1.0,3,0,0.0,1.0,0.0,1.0,0.6981738607149051,1.0,0.30182613928509494,0.0,0.6981738607149051,0.6981738607149051,16,2,2021,10,9,0,0,0,0,1,0,1,GRAVE_MORTALIDAD,2
3,1,14,0,4,0,-8.28862027451948,-78.23875372608204,0,4,4,1,2,2,2,0,6543.555,2.0,4,4,1.0,14,33,1198.0,0.5795768578934547,81.00582264892435,70.90587803956399,8.221041908444146,952.9789285757171,13143.207293571788,9361.129070936315,1698.7245661780817,961.2661556558023,6701.138349102432,2410.3622005953,6950.766870341015,25.65092436359557,3,2,0,0,1,32.20556652543654,25.03990597073234,39.37122708014073,1.0,0.7085848613239514,0.0,0.7085848613239514,2,0,0.0,0.0,0.0,1.0,0.7085848613239514,1.0,0.2914151386760486,0.0,0.0,0.7085848613239514,15,1,2021,8,8,1,0,0,0,1,0,1,GRAVE_MORTALIDAD,2
4,1,13,0,4,2,-14.66934159391199,-73.80623919937946,1,2,5,0,2,2,2,0,2586.897537824352,1.33616025774452,2,3,0.33616025774451985,10,32,567.3522448572938,0.6587358920600874,76.29258923881282,81.62808289251412,11.717016601760943,1133.4110248075874,143221.77077365198,7056.457165365235,1142.7892037710976,1285.8322309356263,4627.835730658511,1846.2034177515375,5210.253747613697,27.839903669923622,3,1,0,0,1,63.595993556387,63.595993556387,63.595993556387,1.0,0.0,0.0,0.0,1,0,0.0,0.6638397422554801,0.33616025774451985,0.6638397422554801,0.0,0.6638397422554801,1.0,0.33616025774451985,0.33616025774451985,0.33616025774451985,17,1,2024,7,14,4,0,0,0,1,0,1,GRAVE_MORTALIDAD,2
6,1,1,0,4,2,-8.673903842398152,-77.4888085622548,0,4,1,0,1,2,2,0,6543.555,2.0,4,4,1.0,14,33,1198.0,0.14564341774891118,75.991590180497,34.282396016983014,3.232433632365851,86.62646230654914,6241.754934824979,10767.648,1885.0630000000003,1222.721,7659.864000000001,2100.343,8667.305000000002,19.506051832303577,12,1,0,0,11,61.40326110198447,61.40326110198447,61.40326110198447,1.0,0.30846921258268634,0.0,0.0,1,0,0.0,0.0,1.0,0.0,0.30846921258268634,0.0,0.6915307874173137,0.0,0.0,0.0,16,3,2022,3,20,2,0,1,0,1,0,1,GRAVE_MORTALIDAD,2
6,1,22,0,4,1,-17.42583244695649,-69.9798454788079,4,4,0,1,2,2,2,2,1147.0993315377843,1.0200459995325648,1,2,0.020045999532564696,9,31,176.48110398878154,0.47682139872040447,76.95861005331898,76.54074548000543,8.114443432345752,564.1237755771579,3225.239916636235,2650.572,630.6729999999998,487.3610000000001,1532.5379999999998,1068.7019999999998,1581.87,40.31967439480987,5,1,0,0,4,27.400919990651293,27.400919990651293,27.400919990651293,1.0,0.0,0.0,0.020045999532564696,1,0,0.0,0.0,0.0,1.0,0.0,1.0,0.0,0.0,0.0,0.0,14,3,2024,1,4,4,0,0,0,1,0,1,GRAVE_MORTALIDAD,2
6,1,14,2,3,2,-12.023514803823549,-76.88721877507022,3,4,6,1,4,2,2,0,3241.6214179950102,2.0,2,1,1.0,7,21,590.9631965981667,0.6868549636939637,79.62363164345142,76.30894566128948,9.209137883551294,1425.4498631666322,684921.8484148846,7626.313,1683.4029999999998,1599.0829999999996,4343.827000000001,1814.875,5811.438000000001,23.797541485643197,4,1,0,0,3,28.651378184296224,26.32110254743698,30.39908491194066,1.0,0.4174310907851888,0.0,0.0,1,0,0.0,0.0,0.0,1.0,0.5825689092148112,0.0,0.4174310907851888,0.5825689092148112,1.0,0.5825689092148112,6,1,2022,6,20,4,0,1,0,1,0,1,GRAVE_MORTALIDAD,2
3,2,12,0,4,1,-8.410067321695287,-78.80906790622087,0,4,7,1,2,2,2,2,6543.555,3.0,2,0,1.0,0,30,1475.0,0.5051395598219868,77.13285387085847,51.52067479184955,6.715328807318118,900.900383457586,67612.41755888652,8931.828000000005,1335.5899999999997,1935.9830000000004,5660.255000000005,1219.309,7712.519000000005,13.651281686122925,3,2,0,0,1,41.542418857899214,36.795334681784134,46.289503034014295,1.0,0.6988336704460328,0.0,0.30116632955396716,2,0,0.0,1.0,0.0,0.30116632955396716,0.0,0.30116632955396716,1.0,0.0,1.0,0.0,6,0,2021,4,11,2,0,0,0,1,1,1,GRAVE_MORTALIDAD,2
3,1,20,0,4,1,-15.688648218509591,-70.79154294341774,0,4,7,0,2,2,2,2,1504.4250000000002,2.0,2,0,1.0,7,25,241.0,0.4698599762559323,78.4228993312338,68.12786536644234,6.991927650318564,610.3916333612686,6938.8501070663815,13642.312999999998,2020.7790000000005,2354.117,9267.416999999998,3314.0520000000006,10328.260999999997,24.29244952817019,4,1,0,0,3,31.541623223380476,25.137628271941452,37.9456181748195,1.0,0.0,0.0,0.0,1,0,0.0,0.0,0.0,1.0,0.0,0.0,1.0,0.0,0.8538659935252035,0.8538659935252035,1,0,2023,11,20,4,0,0,2,1,0,1,GRAVE_MORTALIDAD,2
6,1,2,0,4,1,-7.87513508737867,-76.65846710517984,0,4,0,0,1,1,1,0,2643.968942620641,1.1401654333827302,1,2,0.14016543338273035,9,32,1093.7651717930748,0.5227858129359313,73.78065445382452,56.177758175236406,7.305247472761577,985.6505106832926,1608.97573830437,3769.9359642410477,1059.1306652639046,629.5957939367435,2081.2095050404,932.7779376416893,2837.158026599359,24.901459569011898,2,1,0,0,1,44.018841966320885,44.018841966320885,44.018841966320885,1.0,0.14016543338273035,0.0,0.0,1,0,0.0,0.0,0.0,0.8598345666172696,0.0,0.14016543338273035,0.8598345666172696,0.0,0.0,0.0,9,1,2021,1,28,4,0,1,0,1,0,1,GRAVE_MORTALIDAD,2
6,1,8,0,4,1,-13.382559273634351,-75.35692180054222,0,4,5,1,4,2,2,0,1589.89163913991,1.5441831489768019,1,3,0.5441831489768018,9,20,294.4882417039561,0.37672581674260774,59.857111849032826,54.343492415648036,6.965267802495025,553.2709774791737,310.59478625980074,8511.426,1445.3929999999996,2008.516,5057.516999999999,1879.579,6631.846999999998,22.08300935706896,18,1,0,0,17,31.70693038362883,31.70693038362883,31.70693038362883,1.0,0.45581685102319824,0.0,0.0,1,0,0.0,0.0,0.5441831489768018,0.45581685102319824,0.0,0.45581685102319824,0.5441831489768018,0.45581685102319824,0.45581685102319824,0.0,7,1,2021,9,6,5,1,0,2,1,0,1,GRAVE_MORTALIDAD,2
3,1,1,0,4,1,-9.307458929797042,-77.61889964428201,4,4,0,0,2,1,1,1,9936.932,2.0,2,0,1.0,9,32,3830.0,0.4673695431697353,79.20468937727141,70.41215354327154,6.533802649609791,610.4765428459895,2524.301277372707,10767.648,1885.0630000000003,1222.721,7659.864000000001,2100.343,8667.305000000002,19.506051832303577,4,1,0,0,2,31.41591452292528,25.959959296631087,36.87186974921947,1.0,1.0,0.0,1.0,1,0,0.0,1.0,0.0,0.0,0.0,0.9919918593262171,1.0,0.0,0.0,0.0,19,2,2021,5,14,4,0,0,0,1,0,1,GRAVE_MORTALIDAD,2
3,1,8,0,4,1,-13.358849263530496,-74.9516838785163,0,4,6,0,2,1,1,2,296.4627877164187,1.0950936477107294,1,3,0.09509364771072948,9,31,63.436034063582795,0.2997946406100768,72.83003345209801,46.42647217987546,4.997510303405721,292.6881439974165,3327.8779443254816,8511.426,1445.3929999999996,2008.516,5057.516999999999,1879.579,6631.846999999998,22.08300935706896,13,1,0,0,11,28.19018729542146,28.19018729542146,28.19018729542146,1.0,0.9049063522892705,0.0,1.0,1,0,0.0,0.0,0.09509364771072948,0.9049063522892705,0.0,0.9049063522892705,1.0,0.0,0.0,0.0,1,0,2021,3,13,4,0,0,2,1,0,1,GRAVE_MORTALIDAD,2
5,1,7,0,4,1,-14.815244548017263,-71.24185709184786,0,4,7,1,2,0,0,2,1870.5666731076824,1.0,1,3,0.0,9,30,523.5570696635098,0.3916233608534112,67.14867517851911,60.88594286940557,5.951434303580001,537.6058059300964,5114.119320571057,17779.13499998999,2097.3709999899997,2863.123,12818.640999999989,2878.713,14900.421999989989,16.19152450331032,3,1,0,0,1,26.271058721029966,26.271058721029966,26.271058721029966,1.0,0.0,0.0,0.9457882557940069,1,0,0.05421174420599306,0.0,0.0,1.0,0.05421174420599306,0.9457882557940069,0.0,1.0,0.9457882557940069,0.05421174420599306,19,2,2021,10,8,4,0,0,2,1,0,1,GRAVE_MORTALIDAD,2
3,2,15,0,4,1,-6.41137215226298,-79.24489943690573,0,4,7,1,2,2,2,0,6877.038519338663,2.725478034015487,2,0,1.0,2,27,1655.6354536178096,0.4129603995585668,75.06607577907592,51.5708813497087,5.274233146665402,630.3348611345787,48531.860226709774,4059.643657951024,597.4224331028776,765.3780181663524,2696.843206681794,788.4708100754642,3271.1728478755595,19.677140118270152,3,2,0,0,1,35.65669247621682,21.274521965984512,50.03886298644912,1.0,0.7254780340154869,0.0,0.0,2,0,0.0,0.7254780340154869,0.0,1.0,1.0,0.0,0.7254780340154869,0.27452196598451306,0.27452196598451306,0.27452196598451306,14,2,2022,6,5,4,0,0,0,1,0,1,GRAVE_MORTALIDAD,2
5,1,14,0,3,1,-12.217176833107455,-76.97159928232136,0,1,1,1,2,2,2,0,6543.555,2.918940436122397,2,0,1.0,1,30,1452.5465008059039,0.6982994467209601,80.12443158698392,74.34547831315693,9.984201956558655,1430.667522117683,458634.1281865822,7626.313,1683.4029999999998,1599.0829999999996,4343.827000000001,1814.875,5811.438000000001,23.797541485643197,5,2,0,3,0,60.9060939559167,57.16291526428389,64.64927264754951,1.0,0.0,0.0,0.0,2,0,0.0,0.9189404361223968,0.08105956387760316,0.0,0.08105956387760316,0.0,1.0,0.0,0.08105956387760316,0.0,12,2,2022,6,27,1,0,1,0,1,0,1,GRAVE_MORTALIDAD,2
2,1,5,0,5,1,-12.89660565563378,-74.499166888108,0,4,0,0,3,2,2,2,7291.0647854034005,2.0,2,1,1.0,10,12,1198.0,0.5198384718087876,73.10954865172396,69.28603902756676,8.826637976528925,773.6750810435018,27156.834185176438,12561.291227525875,1811.139070724458,1584.4842359071429,9165.667920894273,2231.078975528204,10330.21225199767,17.716993816196442,3,1,0,0,1,28.0,28.0,28.0,1.0,0.0,0.0,0.28354701844121,1,0,0.0,1.0,0.71645298155879,0.0,0.0,0.71645298155879,1.0,0.0,0.0,0.0,14,3,2022,7,19,2,0,0,2,1,0,1,GRAVE_MORTALIDAD,2
6,1,11,0,4,1,-11.806935294769339,-75.61431425415108,0,4,5,1,2,0,1,2,7586.903,2.0,2,0,1.0,9,5,1198.0,0.4600693058865446,68.84806231353353,59.57796818298874,7.3009887948104915,722.307428105555,1298.3897366843714,12264.545,1826.4639999999995,1105.5389999999998,9332.542,1588.5359999999996,10676.009,12.952261987705208,3,1,0,0,2,33.73686465437042,33.73686465437042,33.73686465437042,1.0,0.0,0.0,0.24962470441058338,1,0,0.0,0.0,0.0,1.0,0.0,0.7503752955894166,0.24962470441058338,0.0,0.0,0.0,8,1,2022,10,26,4,0,1,2,1,0,1,GRAVE_MORTALIDAD,2
6,1,1,0,4,1,-9.094543876641527,-77.04189620957132,5,4,6,0,6,1,1,1,2082.353257363768,1.0,0,0,0.0,9,31,648.9925359991983,0.36278656668461345,74.54112340914546,52.34750715051355,6.586317009316302,375.8693589394216,1266.9884595150334,10767.648,1885.0630000000003,1222.721,7659.864000000001,2100.343,8667.305000000002,19.506051832303577,4,1,0,0,3,61.719953624392886,61.719953624392886,61.719953624392886,1.0,0.0,0.0,0.8777129606969395,1,0,0.0,0.0,0.0,1.0,0.0,0.0,1.0,0.8777129606969395,1.0,0.0,11,2,2021,2,3,2,0,0,0,1,0,1,GRAVE_MORTALIDAD,2
5,1,9,0,4,1,-12.364974473723002,-74.97065403927567,0,4,0,1,2,2,2,0,888.6438080643446,1.186850011636186,0,2,0.18685001163618586,7,28,98.2663508261692,0.3008580142632372,67.84235378635368,54.13082902198948,5.162522329182621,346.10536253976056,3684.461928929996,8346.04262565066,1489.8651712695282,1932.0134391857614,4924.16401519537,1867.4890568470921,6478.553568803567,22.40336970524367,14,1,0,0,13,50.06574994181907,50.06574994181907,50.06574994181907,1.0,1.0,0.0,0.0,1,0,0.0,0.8131499883638141,0.18685001163618586,0.0,0.0,0.0,1.0,0.0,0.0,0.0,4,0,2021,7,13,4,0,0,1,1,0,1,GRAVE_MORTALIDAD,2
3,1,18,0,4,1,-5.736694820063539,-80.27343916357603,0,4,0,0,2,1,0,1,6547.621010431034,2.9578302174752764,2,0,1.0,0,30,1480.945939335986,0.5078354644497238,78.0758592341996,62.82356754909703,7.743954758946202,748.8415352278746,76154.96657502692,9023.046189488352,1770.301850591149,683.9201303159082,6568.824208581296,2242.8468891945104,6780.199300293843,24.837042855606015,7,2,0,0,5,36.98495249903432,18.138584128167533,55.831320869901106,1.0,0.9578302174752765,0.9578302174752765,1.0,2,0,0.0,0.0,1.0,0.9578302174752765,0.9578302174752765,0.0,1.0,0.9578302174752765,0.0,0.0,20,2,2021,2,1,0,0,0,0,1,0,1,GRAVE_MORTALIDAD,2
6,1,1,0,4,1,-8.680255098190187,-77.5459505494669,1,4,6,0,1,2,2,1,1200.1781257532266,-0.7675240309160638,0,2,0.0,9,31,181.60161085610565,0.22433870147945834,75.45762837789714,37.28771506193644,4.115944381163828,211.03236501373067,5974.976267822718,10767.648,1885.0630000000003,1222.721,7659.864000000001,2100.343,8667.305000000002,19.506051832303577,31,1,0,0,30,46.83762015458032,46.83762015458032,46.83762015458032,1.0,0.0,0.0,0.0,1,0,0.0,0.0,0.8837620154580319,0.0,0.0,0.0,1.0,0.0,0.0,0.0,7,1,2021,3,11,0,0,0,0,1,0,1,GRAVE_MORTALIDAD,2
5,1,12,0,4,1,-8.930769792939307,-78.6350961055698,0,4,7,1,2,2,2,2,6543.555,3.0,2,0,1.0,0,30,1475.0,0.4867987483268106,77.5825534369154,52.95148122709723,6.150547060309878,840.5788229266196,9838.736616702356,8931.828000000005,1335.5899999999997,1935.9830000000004,5660.255000000005,1219.309,7712.519000000005,13.651281686122925,3,1,0,0,2,26.200011742650958,25.73331767646539,26.666705808836525,1.0,0.9333294191163473,0.0,0.0,1,0,0.0,0.0,0.0,1.0,0.06667058088365274,0.9333294191163473,0.06667058088365274,0.0,1.0,0.0,7,1,2021,3,27,1,0,0,0,1,1,1,GRAVE_MORTALIDAD,2
5,1,4,0,4,2,-15.740875651875399,-72.25834255423631,0,4,2,0,6,2,2,5,6543.555,2.141257603486692,3,3,1.0,12,32,1237.1283561658138,0.6694187950273378,78.21949230328275,81.26687731388483,10.89382172517364,1195.3163477344137,56009.58941015061,9941.447292561621,1521.8160194752804,1728.457694489109,6691.173578597232,2735.206401191242,7206.240891370379,27.376078821905384,3,1,0,0,1,32.836348845326995,32.836348845326995,32.836348845326995,0.14125760348669225,0.8587423965133077,0.0,0.0,1,0,0.0,1.0,0.0,0.0,0.0,0.0,1.0,0.0,0.0,0.0,21,2,2021,2,26,5,1,1,0,1,0,1,GRAVE_MORTALIDAD,2
6,1,12,0,4,0,-11.519983999927762,-76.70117672301646,0,2,4,0,1,2,2,0,6610.410882857284,2.0,2,1,1.0,10,31,1487.8336344570096,0.6597705953858467,76.27866897265564,71.38799409001156,9.925937454613218,1341.168657614382,95174.60304722656,7804.992857708097,1576.109661572653,1351.6096922776533,4877.27350385779,1583.3734290746256,6221.619428633472,20.459484700436967,9,1,0,0,8,24.466909503074277,24.466909503074277,24.466909503074277,1.0,0.3066180993851446,0.0,0.3066180993851446,1,0,0.0,0.0,0.3066180993851446,0.6933819006148554,0.3066180993851446,0.0,0.6933819006148554,0.0,1.0,0.0,5,0,2022,10,17,2,0,0,0,1,0,1,GRAVE_MORTALIDAD,2
3,2,6,0,4,1,-12.260968917643348,-73.07402126463417,0,4,1,1,2,0,0,1,3330.84215648404,1.0,1,3,0.0,9,15,1125.8556560604181,0.4260727370650605,71.95149365042917,56.49136025852557,7.049894581896166,589.5327910471739,23313.889729278108,17465.25033692578,2035.490992191726,2534.960232159719,12894.799112574332,2729.132502940212,14736.117833985565,15.571792571281799,3,2,0,0,1,31.956890174494767,29.29740847874564,34.616371870243896,1.0,0.17025915212543596,0.0,0.0,2,0,0.0,0.0,0.0,1.0,1.0,0.17025915212543596,0.0,0.0,1.0,0.829740847874564,18,2,2023,7,21,5,1,0,2,0,0,1,GRAVE_MORTALIDAD,2
5,1,12,0,4,0,-8.155938122668879,-78.68067601361459,0,4,7,1,5,2,2,0,6543.555,2.271707518854093,3,2,1.0,10,32,1273.2629827225837,0.5156122997723115,78.75599336333445,52.486791264834906,6.742236768220955,924.459414977642,44240.71334630308,8931.828000000005,1335.5899999999997,1935.9830000000004,5660.255000000005,1219.309,7712.519000000005,13.651281686122925,9,1,0,0,7,28.264229323784107,23.826339849167255,36.05317819760144,1.0,0.0,0.0,0.0,1,0,0.0,0.0,0.27170751885409294,1.0,0.27170751885409294,0.27170751885409294,1.0,0.0,0.0,0.0,15,3,2023,7,27,4,0,1,0,1,0,1,GRAVE_MORTALIDAD,2
6,1,4,0,4,1,-13.570137016286907,-74.18146492476289,0,4,0,0,2,1,0,2,1798.5206467634357,2.0,2,2,1.0,7,24,272.4546067739454,0.23907746792035534,67.50666028629688,46.61830033724049,4.23938920193666,255.22307967735514,15482.34358254184,12678.733000000004,1805.074000000001,1774.0339999999994,9099.625000000004,2485.375000000001,10193.358000000002,19.602707936195205,35,1,0,0,34,36.787273033869724,36.787273033869724,36.787273033869724,1.0,0.0,0.0,1.0,1,0,0.0,0.0,1.0,0.0,0.0,0.0,1.0,0.0,0.0,0.0,9,1,2022,7,11,1,0,0,2,1,0,1,GRAVE_MORTALIDAD,2
4,1,14,0,4,1,-11.968012965843265,-77.09924977857905,0,4,7,1,2,1,0,1,6581.777258353996,2.6035857876582056,2,0,1.0,3,30,1530.8944039401931,0.7224499035570296,78.73235434023579,78.8869571556779,12.38199525153081,1396.4746259104336,61247.17569232718,7626.313,1683.4029999999998,1599.0829999999996,4343.827000000001,1814.875,5811.438000000001,23.797541485643197,3,1,0,0,2,43.91035530854486,41.135455822152295,46.68525479493742,1.0,0.0,0.0,0.6035857876582056,1,0,0.0,0.3964142123417944,0.0,1.0,0.0,0.3964142123417944,1.0,0.0,0.0,0.0,12,1,2022,4,13,4,0,0,0,1,0,1,GRAVE_MORTALIDAD,2
3,3,10,0,4,1,-13.38657664190851,-76.20237705990162,0,4,7,1,2,1,0,2,6639.975,2.0,2,0,1.0,9,31,1616.0,0.5736744275518083,81.67473861808857,68.1608574885675,9.138785887908334,865.1176766860625,26660.92933618844,3721.461,698.1859999999996,744.866,2278.409,1102.9029999999996,2618.558,29.636290693359403,10,3,0,0,6,44.86918567126009,25.52533956581521,63.51809968986801,1.0,0.5036199379736014,0.0,0.5036199379736014,3,0,0.0,1.0,0.4963800620263986,1.0,0.0,1.0,1.0,0.0,0.0,0.0,5,0,2022,7,11,5,1,0,0,1,0,1,GRAVE_MORTALIDAD,2
5,1,20,0,4,1,-13.670109003553938,-70.27664554847338,0,4,7,1,2,2,2,2,1761.9425722029412,2.0,1,0,0.8670799971584237,6,23,419.9690002131182,0.4312205743080364,65.90325528815207,73.63833418339516,7.091118086901885,630.0353293165185,5286.058239494895,13642.312999999998,2020.7790000000005,2354.117,9267.416999999998,3314.0520000000006,10328.260999999997,24.29244952817019,5,1,0,0,4,26.727960036940495,26.462120031257342,27.2596400483068,1.0,0.0,0.0,0.13292000284157635,1,0,0.0,1.0,0.13292000284157635,0.0,0.0,0.0,1.0,0.0,0.13292000284157635,0.13292000284157635,5,0,2021,2,13,4,0,0,2,1,0,1,GRAVE_MORTALIDAD,2
3,2,17,0,4,0,-10.403695361796334,-76.49994541383036,0,4,7,1,2,2,2,1,6543.555,2.0,4,4,1.0,14,33,1198.0,0.6013294062279726,75.41693454914332,80.03439821332981,10.294758218763487,957.4038730126276,10936.287946897854,3666.8295781738448,562.2431237133666,900.3801662216762,2204.206288238803,596.2012139947833,3070.628364179062,16.27070236093818,3,2,0,0,1,38.3106914659963,35.90534573299815,40.71603719899446,1.0,0.0,0.0,1.0,2,0,0.0,0.04732713350092432,0.0,1.0,0.0,0.04732713350092432,1.0,0.0,0.9526728664990757,0.0,14,2,2023,1,13,4,0,0,1,1,0,1,GRAVE_MORTALIDAD,2