CLASE SINIESTRO,CANTIDAD DE VEHICULOS DAÑADOS,DEPARTAMENTO,ZONA,TIPO DE VÍA,RED VIAL,COORDENADAS LATITUD,COORDENADAS  LONGITUD,CONDICIÓN CLIMÁTICA,ZONIFICACIÓN,CARACTERÍSTICAS DE VÍA,PERFIL LONGITUDINAL VÍA,SUPERFICIE DE CALZADA,¿EXISTE SEÑAL VERTICAL?,¿EXISTE SEÑAL HORIZONTAL?,CAUSA FACTOR PRINCIPAL,MTC_RVN_LONGITUD_KM,MTC_RVN_N_CARRILES_MEDIANA,MTC_RVN_SUPERFICIE_DOMINANTE,MTC_RVN_ESTADO_DOMINANTE,MTC_RVN_ES_CONCESIONADA,MTC_RVN_CONCESION_PRINCIPAL,MTC_RVN_CORREDOR_LOGISTICO,MTC_RVN_N_TRAMOS,IDH_2019,IDH_ESP_VIDA_2019,IDH_EDUC_SECUND_PCT_2019,IDH_ANIOS_EDUC_2019,IDH_INGRESO_PERCAP_2019,IDH_POBLACION_2019,MTC_DEP_RED_TOTAL_KM,MTC_DEP_NACIONAL_TOTAL_KM,MTC_DEP_DEPARTAMENTAL_TOTAL_KM,MTC_DEP_VECINAL_TOTAL_KM,MTC_DEP_PAV_TOTAL_KM,MTC_DEP_NO_PAV_TOTAL_KM,MTC_DEP_PCT_PAVIMENTADA,PER_TOTAL_PERSONAS,PER_N_CONDUCTORES,PER_N_CONDUCTORES_FUGADOS,PER_N_PEATONES,PER_N_PASAJEROS_OCUPANTES,PER_EDAD_COND_PROM,PER_EDAD_COND_MIN,PER_EDAD_COND_MAX,PER_ANY_COND_MASCULINO,PER_ANY_LIC_PROBLEMA,PER_ANY_DOSAJE_POS,PER_ANY_DOSAJE_EVALUADO,VEH_TOTAL,VEH_N_FUGADOS,VEH_ANY_FUGADO,VEH_ANY_CARGA,VEH_ANY_PUBLICO,VEH_ANY_PARTICULAR,VEH_ANY_MOTO,VEH_ANY_AUTO,VEH_ANY_CAMION_BUS,VEH_ANY_SOAT_PROBLEMA,VEH_ANY_CITV_PROBLEMA,VEH_ANY_SEGURO_PROBLEMA,HORA_NUM,FRANJA_HORARIA,ANIO,MES,DIA_MES,DIA_SEMANA,ES_FIN_SEMANA,ES_QUINCENA,REGION_NATURAL,TIENE_SEÑALIZACION,ES_VIA_MULTICARRIL,ES_DEPTO_BAJO_PAVIMENTO,CATEGORIA_SEVERIDAD,CATEGORIA_SEVERIDAD_ENC
4,1,3,0,4,1,-15.750413302028726,-73.10386681989046,0,4,2,0,4,2,2,0,6582.591590556982,2.0,3,2,1.0,11,32,1367.2314338603844,0.4838511357861007,79.38870560578385,59.27508658739284,7.421242420196465,680.5251971789534,1164.3857474408865,10322.272,1495.236,1749.739,7077.2970000000005,2886.595,7435.677000000001,27.964725207783708,5,1,0,0,4,43.785420331145566,38.92710165572784,48.6437390065633,0.40485988961814434,0.0,0.0,0.5951401103818557,1,0,0.0,0.0,0.0,1.0,0.0,1.0,0.40485988961814434,0.0,1.0,0.0,8,1,2022,6,13,4,0,0,0,1,0,1,GRAVE_MORTALIDAD,2
3,2,10,2,4,1,-14.840442433637495,-74.96889551399107,0,3,7,1,2,1,0,1,6639.975,2.0,2,0,1.0,9,31,1616.0,0.5563774842369664,77.00938809632027,69.10246351364754,8.476961866273152,914.8835608305218,27932.19700214133,3721.461,698.1859999999996,744.866,2278.409,1102.9029999999996,2618.558,29.636290693359403,3,2,0,0,1,39.5508044262465,36.08890774593137,43.01270110656162,1.0,0.49364944671918765,0.5063505532808124,0.5063505532808124,2,0,0.0,0.49364944671918765,0.5063505532808124,1.0,0.0,0.0,1.0,0.0,0.49364944671918765,0.49364944671918765,20,2,2021,3,22,3,0,1,0,1,0,1,GRAVE_MORTALIDAD,2
5,1,14,0,4,1,-11.212363505962701,-77.5556705827374,0,4,7,0,2,1,0,2,6543.555,3.0,2,0,1.0,0,30,1475.0,0.7327345537337897,78.20903814342847,76.31492653513806,13.642917835589472,1405.6698219039215,62016.21841541756,7626.313,1683.4029999999998,1599.0829999999996,4343.827000000001,1814.875,5811.438000000001,23.797541485643197,4,1,0,0,3,34.185143680773095,34.02848364319586,34.341803718350334,1.0,0.0,0.0,1.0,1,0,0.0,0.0,0.02848364319586083,1.0,0.0,0.02848364319586083,1.0,0.0,0.0,0.0,7,0,2022,1,8,5,1,0,0,1,1,1,GRAVE_MORTALIDAD,2
3,1,19,0,4,1,-7.3219880699839095,-77.04170156602058,0,4,5,1,1,2,2,2,2283.0491987364567,0.4475221167537129,1,2,0.0,9,32,986.1801298766158,0.49221480810017243,73.46268039809351,51.501636045744725,6.28348632605804,949.0465657655623,1824.1203247539845,6192.414237648115,1054.9417314627992,1140.3740976166239,3997.098408568692,1234.8029483037592,4957.611289344355,19.5666531799686,5,1,0,0,3,23.17128317513057,19.552477883246286,26.79008846701485,1.0,0.7237610583768564,0.0,0.0,1,0,0.0,0.0,0.7237610583768564,1.0,0.7237610583768564,0.7237610583768564,0.27623894162314355,0.0,0.7237610583768564,0.7237610583768564,2,0,2022,8,22,0,0,1,0,1,0,1,GRAVE_MORTALIDAD,2
3,2,12,0,4,1,-12.212055951029164,-73.59626355172026,0,4,1,0,2,2,2,2,2634.6761842983124,1.2076092246411863,1,2,0.20760922464118636,9,26,498.3189453581675,0.39143820807805385,73.77555861106693,51.16007886104924,6.954254886718639,466.9296226531271,66671.96355328335,12550.582346215439,1866.8055864861517,1364.755310484043,9319.021449245241,1946.7690388659612,10603.813307349476,15.306589530266786,3,2,0,0,1,30.43424151088534,24.584781550717626,36.28370147105305,1.0,0.0,0.0,0.7923907753588136,2,0,0.0,0.0,0.20760922464118636,1.0,0.7923907753588136,0.20760922464118636,1.0,0.7923907753588136,0.20760922464118636,0.20760922464118636,11,2,2021,4,21,1,0,1,2,1,0,1,GRAVE_MORTALIDAD,2
6,1,17,2,4,1,-6.723442477515191,-80.11866549685153,0,2,7,1,2,2,2,4,1685.6282248646644,2.0,2,0,1.0,2,22,377.93336393172353,0.5970413648930917,79.20254866106127,65.30304304262383,8.740396835753558,1074.2301129326981,98456.18660791883,8664.129717951648,1760.1112225561744,853.6963819180098,6050.322113477464,2124.4923778762504,6539.637340075398,24.4962208280761,7,1,0,0,6,32.25239902335246,32.25239902335246,32.25239902335246,1.0,0.0,0.7747600976647537,0.7747600976647537,1,0,0.0,0.0,0.0,0.7747600976647537,0.0,0.0,1.0,0.0,0.22523990233524627,0.0,8,1,2021,2,23,4,0,0,0,1,0,1,GRAVE_MORTALIDAD,2
3,1,20,0,4,0,-15.529211567626044,-69.74279593358824,0,4,4,1,2,2,2,2,7254.555048508727,2.0,2,1,1.0,10,13,1198.0,0.41826279909451825,69.54389397592932,76.25871078339627,7.056997654455522,698.4087606140444,25335.08757447903,13642.312999999998,2020.7790000000005,2354.117,9267.416999999998,3314.0520000000006,10328.260999999997,24.29244952817019,5,1,0,0,4,42.17752138510326,36.044380346275815,48.31066242393071,1.0,0.0,0.0,0.0,1,0,0.0,0.681460115425272,0.681460115425272,0.0,0.0,0.0,1.0,0.0,0.31853988457472804,0.0,14,2,2023,5,13,2,0,0,2,1,0,1,GRAVE_MORTALIDAD,2
6,1,11,0,4,1,-8.398314960360741,-77.20923047202608,3,4,3,1,2,2,2,2,1495.379542552389,1.2536156276385642,1,3,0.0,9,32,245.66065269491403,0.47237950930707584,72.29315345450458,50.58535482713381,6.671209083472561,881.0784129717066,22716.104996945716,8748.521979196052,1335.054363794427,1645.845200287717,5767.622415113907,1178.8699881730308,7569.65199102302,13.463496529077501,18,1,0,0,17,40.04338753166277,37.05785004221703,42.28254064874708,0.25361562763856416,0.0,0.0,0.0,1,0,0.0,0.0,0.7463843723614358,0.25361562763856416,0.0,0.25361562763856416,0.7463843723614358,0.0,0.7463843723614358,0.0,17,2,2021,7,9,1,0,0,0,1,0,1,GRAVE_MORTALIDAD,2
3,1,2,0,4,0,-15.592228582405308,-72.30797600704683,0,4,0,1,2,1,1,0,6543.555,2.0,4,4,1.0,14,33,1198.0,0.6405455282715967,80.13057674544316,74.67907403224937,10.010293127697828,1117.8209159126754,14529.066086281797,10374.054358215833,1540.5598642320272,1688.46440311514,7145.030090868666,2795.1801444354555,7578.874213780377,26.98126391943446,5,1,0,0,3,39.88373338883139,31.046399500517516,48.72106727714525,1.0,0.0,0.0,0.0,1,0,0.0,0.0,0.0,1.0,0.0,0.8837333888313869,1.0,0.11626661116861314,0.0,0.11626661116861314,5,0,2023,10,23,4,0,0,0,1,0,1,GRAVE_MORTALIDAD,2
6,1,8,0,4,1,-13.400891239951031,-75.10305676841556,2,4,2,0,3,2,2,2,6543.555,2.0,4,4,1.0,14,33,1198.0,0.40194433707907823,66.72582397095296,47.33688599812848,5.879840920862827,694.3678041305079,2101.8458259610316,8511.426,1445.3929999999996,2008.516,5057.516999999999,1879.579,6631.846999999998,22.08300935706896,5,1,0,0,4,29.89339701273982,29.89339701273982,29.89339701273982,1.0,0.0,0.0,0.0,1,0,0.0,0.0,0.0,1.0,0.0,0.5614779437366768,0.4385220562633232,0.4385220562633232,0.4385220562633232,0.4385220562633232,9,0,2024,9,13,4,0,0,2,1,0,1,GRAVE_MORTALIDAD,2
6,1,6,0,4,0,-12.944734882530247,-74.39308130734445,0,4,1,1,2,1,0,0,6737.548492339008,2.0,3,3,1.0,13,27,1198.0,0.16626669791346468,73.78730524339419,54.229676108521794,3.334855956647551,103.85032352714116,7605.385968754285,8483.079486780494,1415.0966006886456,1876.4252087836605,5191.557677308188,1796.485999627801,6686.593487152693,21.163838358562888,4,1,0,0,3,53.25626543650246,53.25626543650246,53.25626543650246,1.0,0.8140663591256154,0.0,0.0,1,0,0.0,0.0,0.18593364087438458,0.8140663591256154,0.0,0.8140663591256154,0.18593364087438458,0.0,0.0,0.0,10,1,2024,7,22,2,0,1,2,1,0,1,GRAVE_MORTALIDAD,2
5,1,0,0,4,1,-6.3677053241782495,-77.60397671964246,0,4,0,0,5,1,1,0,2760.8550000000005,1.0,1,3,0.0,9,32,1208.0,0.46513972361885064,71.67360786108085,50.485662564156286,6.24892580163404,837.6501977348651,1345.7671574223107,3903.732,1155.121,585.018,2163.5930000000003,943.591,2960.1410000000005,24.17151074920102,2,1,0,0,1,57.6441236551659,56.858831540221196,58.429415770110595,1.0,0.0,0.0,0.22436917569848602,1,0,0.0,0.22436917569848602,0.0,1.0,0.0,0.775630824301514,0.22436917569848602,0.0,0.0,0.0,10,1,2023,4,23,2,0,0,1,1,0,1,GRAVE_MORTALIDAD,2
6,1,5,0,4,2,-10.043182433293874,-75.79137477360528,0,4,0,0,1,2,2,0,6543.555,2.0,4,4,1.0,14,33,1198.0,0.31847584465142864,75.96502114389641,47.82190444140296,4.996804606030305,324.9767848901317,14196.315581390694,16846.010567725723,1913.41251478851,1887.5522491328593,13045.045803804354,2434.036235502691,14411.974332223033,14.349169411523473,9,1,0,0,8,37.11071447725419,37.11071447725419,37.11071447725419,1.0,0.5061508042918997,0.0,0.0,1,0,0.0,0.49384919570810026,0.5061508042918997,0.0,0.0,0.0,1.0,0.5061508042918997,0.5061508042918997,0.5061508042918997,12,1,2022,7,22,5,0,1,2,1,0,1,GRAVE_MORTALIDAD,2
6,1,8,0,4,1,-12.500881394620105,-75.0370450711173,6,4,0,0,7,2,2,0,6543.555,2.0,4,4,1.0,14,33,1198.0,0.18511573178732652,65.31707103409502,54.618337008279006,4.007827613295997,118.75593178537525,1219.961743308617,8511.426,1445.3929999999996,2008.516,5057.516999999999,1879.579,6631.846999999998,22.08300935706896,2,1,0,0,1,50.57762228132367,50.57762228132367,50.57762228132367,1.0,0.0,0.0,0.0,1,0,0.0,0.0,0.0,1.0,0.0,0.9616020255748788,0.03839797442512116,0.03839797442512116,0.03839797442512116,0.03839797442512116,10,1,2023,5,22,1,0,1,2,1,0,1,GRAVE_MORTALIDAD,2
3,1,1,1,4,1,-8.965164309367687,-78.36237215091606,0,4,0,1,3,1,0,2,6543.555,2.7696421638836544,2,0,1.0,3,30,1411.1908793957723,0.5417718177048088,78.1077713424823,64.29991866223436,8.128284074883704,870.2667365704838,15867.380722799535,10767.648,1885.0630000000003,1222.721,7659.864000000001,2100.343,8667.305000000002,19.506051832303577,3,1,0,0,1,30.5339361972798,22.0678723945596,39.0,1.0,0.7696421638836545,0.0,0.7696421638836545,1,0,0.0,0.0,0.0,1.0,0.7696421638836545,0.7696421638836545,0.23035783611634553,0.23035783611634553,0.7696421638836545,0.23035783611634553,17,1,2022,3,20,0,0,0,0,1,0,1,GRAVE_MORTALIDAD,2
4,1,20,0,4,2,-15.571406730901357,-69.91623016224375,1,4,3,1,2,2,2,2,6543.555,2.0,4,4,1.0,14,33,1198.0,0.2928372021104412,67.57789675023281,67.8563992119997,5.873699708641043,237.06217689932322,5399.372674575539,13642.312999999998,2020.7790000000005,2354.117,9267.416999999998,3314.0520000000006,10328.260999999997,24.29244952817019,7,1,0,1,4,61.6973933927163,58.883096428258455,64.51169035717416,1.0,0.4883096428258451,0.0,0.0,1,0,0.0,0.0,0.5116903571741549,0.4883096428258451,0.0,0.0,1.0,0.4883096428258451,0.4883096428258451,0.4883096428258451,20,2,2022,9,10,2,0,0,2,1,0,1,GRAVE_MORTALIDAD,2
3,1,14,0,4,0,-6.836406032775566,-74.66993842619577,1,3,7,1,2,2,2,0,6543.555,2.337719144562217,3,2,1.0,9,31,1291.5482030437342,0.6294235209336627,75.37321338869721,62.122879363695425,10.552494383802781,1226.9437266809164,151925.65681053564,3301.1434963370734,653.8662172345923,752.4655403830862,1894.8117387193947,794.5247149803699,2506.6187813567035,24.612963419746837,4,1,0,0,2,45.09210203580656,45.09210203580656,45.09210203580656,1.0,0.0,0.6622808554377829,0.6622808554377829,1,0,0.0,0.3377191445622171,0.0,0.6622808554377829,0.0,0.6622808554377829,0.3377191445622171,0.0,0.6622808554377829,0.0,9,1,2023,6,18,4,0,0,0,1,0,1,GRAVE_MORTALIDAD,2
4,1,5,0,4,1,-6.643356046176701,-78.49234868225413,0,4,0,0,1,1,1,3,8407.430072153258,2.0,2,1,1.0,11,32,2643.674674493101,0.3484871558022944,76.33677469666252,53.28672218475212,4.131981838863427,447.1658531581213,76209.5845824411,15935.565011852366,1733.9250000199986,935.692,13265.948011832368,2000.1670000199988,13935.398011832369,12.551591352627522,2,1,0,0,1,28.211704106424918,24.36682465298582,32.056583559864016,1.0,0.5492684933484426,0.0,0.5492684933484426,1,0,0.0,1.0,0.0,0.5492684933484426,0.5492684933484426,0.0,1.0,0.5492684933484426,0.5492684933484426,0.5492684933484426,20,2,2022,6,12,2,0,0,2,1,0,1,GRAVE_MORTALIDAD,2
3,2,6,0,4,2,-11.748110204298698,-73.42578340825072,0,4,0,0,1,1,1,2,6543.555,2.0,4,4,1.0,14,33,1198.0,0.28470638291308437,62.9286915014591,45.93902072322133,4.3178709090558725,354.37422924629334,13031.011075656143,17315.22058465903,2005.9137514638467,2378.105869536158,12931.200963659023,2657.636416770413,14657.584167888615,15.275574758896962,5,2,0,0,3,32.24836083342862,28.225412501429297,36.271309165427944,1.0,1.0,0.0,1.0,2,0,0.0,0.0,0.0,1.0,0.7483608334286197,0.2516391665713803,0.7483608334286197,0.7483608334286197,1.0,0.7483608334286197,9,1,2021,9,20,3,0,1,2,1,0,1,GRAVE_MORTALIDAD,2
3,1,14,0,4,1,-10.969084058123585,-77.63380351188589,0,4,2,1,2,0,0,2,6543.555,3.0,2,0,1.0,0,30,1475.0,0.6112842840115051,76.74416519565321,65.37491470428947,8.289160074225347,1229.9352939298885,25897.760710859206,7626.313,1683.4029999999998,1599.0829999999996,4343.827000000001,1814.875,5811.438000000001,23.797541485643197,3,2,0,0,1,51.9098219478104,37.4625003575088,66.357143538112,1.0,0.2160714115472,0.0,0.7839285884528,2,0,0.0,0.0,1.0,1.0,1.0,0.0,1.0,0.0,0.2160714115472,0.0,9,1,2021,3,16,5,1,0,0,0,1,1,GRAVE_MORTALIDAD,2
5,1,11,0,4,1,-13.299341353580648,-71.84355238764333,3,4,2,0,5,2,2,4,2900.8478349497736,1.3246087980969445,1,2,0.0,9,18,906.4441099875065,0.4909794210583845,71.44023297692424,63.97485353045805,6.790510976110911,934.4551448902635,28441.62553344298,16436.28618263224,2072.508562929405,2697.8951741158667,11665.882445586967,3020.0278695547263,13416.258313077513,18.821156039103542,5,1,0,0,4,41.53399764377027,39.58634485518861,43.48165043235194,1.0,0.32460879809694465,0.0,0.0,1,0,0.0,0.0,0.6753912019030553,0.32460879809694465,0.32460879809694465,0.0,1.0,0.0,1.0,0.32460879809694465,15,2,2021,3,17,4,0,1,2,1,0,1,GRAVE_MORTALIDAD,2
3,2,2,0,4,1,-8.046242685177882,-77.69078035080844,0,4,5,1,2,2,2,0,7446.489958098096,2.0,2,0,1.0,9,23,1988.8393416665745,0.4693960481913973,72.38751494959146,57.397194744417654,6.225083015886714,825.2922530280713,7381.3995068864515,3852.9074209766113,1027.7089102213079,629.5901332945482,2195.608377460756,988.0136746623107,2864.893746314301,25.69531398788027,3,2,0,0,1,55.23565012088734,39.605796341069386,70.8655039007053,1.0,0.7211592682138772,0.0,0.2788407317861228,2,0,0.0,1.0,0.0,1.0,0.7211592682138772,0.2788407317861228,1.0,0.0,0.7211592682138772,0.0,18,2,2022,9,10,4,0,0,0,1,0,1,GRAVE_MORTALIDAD,2
3,2,5,0,4,1,-7.278547109938728,-78.59296886427232,4,4,2,1,2,0,1,0,887.28,2.0,2,0,1.0,8,17,155.0,0.3499131122933449,74.39401817945264,56.6280544824882,4.625294965690104,417.1826098657696,8462.284796573875,15935.565011852366,1733.9250000199986,935.692,13265.948011832368,2000.1670000199988,13935.398011832369,12.551591352627522,5,2,0,0,3,49.82889439001809,40.76432341960195,58.893465360434234,1.0,0.3422112199638139,0.0,0.0,2,0,0.0,1.0,0.0,1.0,0.0,1.0,1.0,0.0,0.3422112199638139,0.0,8,1,2021,10,21,0,0,0,2,1,0,1,GRAVE_MORTALIDAD,2
0,0,5,2,3,1,-7.388348882169999,-78.4495688914071,0,0,0,0,2,2,2,0,1118.5521205886625,2.0,2,0,1.0,8,17,197.64587944786547,0.6134641727324461,73.48028305240682,74.44517914395126,9.593578912585961,1138.2660681779482,257112.113511474,15595.818741862538,1731.8592712354177,962.8165375002866,12901.142933126835,1992.5908348277585,13603.227907034783,13.011412477890508,3,1,0,2,0,36.87733687598888,33.04088770800371,39.75467375197776,0.040887708003706114,0.0,0.0,0.040887708003706114,1,0,0.9591122919962939,0.0,0.040887708003706114,0.9591122919962939,0.9591122919962939,0.0,0.040887708003706114,1.0,0.0,0.9591122919962939,5,0,2023,6,14,5,0,0,1,1,0,1,GRAVE_MORTALIDAD,2
6,1,8,0,4,1,-13.438359551314,-74.95846145295933,0,4,6,0,2,1,0,0,1679.5849999999998,2.0,2,3,1.0,9,24,315.0,0.2997946406100768,72.83003345209801,46.42647217987546,4.997510303405721,292.6881439974165,3327.8779443254816,8511.426,1445.3929999999996,2008.516,5057.516999999999,1879.579,6631.846999999998,22.08300935706896,8,1,0,0,7,36.517632033556104,36.517632033556104,36.517632033556104,1.0,0.0,0.0,0.06890970949198516,1,0,0.0,0.0,0.06890970949198516,0.9310902905080148,0.0,0.9310902905080148,0.06890970949198516,0.0,0.0,0.0,8,0,2024,7,25,4,0,1,2,1,0,1,GRAVE_MORTALIDAD,2
3,1,9,0,3,1,-14.51403128749298,-75.4130795139636,5,3,7,1,2,2,2,2,6619.666954574697,2.0,2,0,1.0,10,31,1527.9605581022952,0.5563774842369664,77.00938809632027,69.10246351364754,8.476961866273152,914.8835608305218,27932.19700214133,2948.509452549427,560.5455999026117,589.4348927776949,1798.5289598691204,881.1057395167305,2067.4037130326965,43.74265101980935,4,1,0,0,2,34.36813797681073,32.789379325603576,35.94689662801788,1.0,0.0,0.0,0.789379325603577,1,0,0.0,0.789379325603577,0.0,1.0,0.0,1.0,0.789379325603577,0.0,0.0,0.0,10,1,2022,6,18,5,0,0,0,1,0,0,GRAVE_MORTALIDAD,2
3,1,13,0,4,1,-9.975296733091273,-78.1529947846728,0,4,7,1,2,1,0,3,6543.555,3.0,2,0,1.0,0,30,1475.0,0.6112733512778419,81.22652340582512,70.56557827194099,8.951483389680527,1043.910801089674,20551.563211880228,7987.425382779559,1587.196076914699,1692.2713293247743,4707.957976540087,1650.1382812625743,6337.287101516986,20.99103213683816,5,1,0,0,4,44.0424336106866,40.0637628219845,48.02110439938871,1.0,0.0,0.0,0.7233946888549284,1,0,0.0,0.0,0.7233946888549284,1.0,0.0,0.7233946888549284,1.0,0.0,0.0,0.0,11,1,2021,3,15,5,1,0,0,1,1,1,GRAVE_MORTALIDAD,2
0,1,11,1,6,3,-11.860836550750998,-75.0433447167783,0,4,2,0,5,2,2,2,6331.187292183441,2.0,3,3,0.7259584102957242,12,32,969.7233557763382,0.4645811289140066,72.01897197102905,67.75000857971179,8.065820826744183,619.5888132398939,26423.2017338342,12264.545,1826.4639999999995,1105.5389999999998,9332.542,1588.5359999999996,10676.009,12.952261987705208,3,1,0,1,0,31.014457486747034,27.45191682059145,34.57699815290262,1.0,0.27404158970427583,0.0,1.0,1,0,0.0,0.7259584102957242,0.0,0.27404158970427583,0.27404158970427583,0.27404158970427583,0.7259584102957242,0.0,0.27404158970427583,0.0,14,2,2022,7,17,1,0,0,2,1,0,1,GRAVE_MORTALIDAD,2
6,1,21,0,4,1,-17.414317357192015,-70.20165720292874,4,4,0,0,2,1,1,2,1260.6112362077097,1.1540347439014667,1,2,0.15403474390146665,9,32,209.42553942661826,0.5236321144353794,77.32452591444793,75.86584565770008,8.878443104537968,745.2165714995616,3215.085638511072,2696.5670825984657,605.9676754951314,551.3923188313763,1539.2070882719577,1037.5475488374648,1659.0195337610007,38.63447309085628,4,1,0,0,3,28.694382182916133,28.694382182916133,28.694382182916133,1.0,0.15403474390146665,0.0,0.0,1,0,0.0,0.0,0.0,0.8459652560985333,0.0,1.0,0.0,0.0,0.0,0.0,15,2,2023,1,8,4,0,0,0,1,0,1,GRAVE_MORTALIDAD,2
4,1,11,0,4,1,-9.849662658192365,-78.23692949848747,0,2,7,1,2,2,2,0,6584.775099952043,2.5724942962866337,2,0,1.0,3,30,1535.2783042235847,0.5477458094903054,79.12124806091711,65.27282892303126,9.311218911166998,801.1192985418675,14836.497368404705,3571.5991680610477,593.3485544868063,713.2998094913476,2264.9508040828937,874.1640489072678,2697.43511915378,24.308489368301462,11,1,0,0,9,28.763866926124006,27.267596963127225,30.260136889120787,1.0,0.0,0.0,0.42750570371336616,1,0,0.0,0.0,0.0,0.5724942962866338,0.5724942962866338,0.0,0.42750570371336616,0.5724942962866338,0.0,1.0,4,0,2023,3,23,4,0,1,0,1,0,1,GRAVE_MORTALIDAD,2
6,1,11,0,4,1,-11.806235600428485,-75.6130072828838,0,4,5,1,2,0,1,2,7586.903,2.0,2,0,1.0,9,5,1198.0,0.46056805543371615,68.8583556931581,59.98759138276784,7.321299150799771,720.9548067752388,1286.9365823080577,12264.545,1826.4639999999995,1105.5389999999998,9332.542,1588.5359999999996,10676.009,12.952261987705208,3,1,0,0,2,34.52841898771156,34.52841898771156,34.52841898771156,1.0,0.0,0.0,0.2722405425060447,1,0,0.0,0.0,0.0,1.0,0.0,0.7277594574939553,0.2722405425060447,0.0,0.0,0.0,8,1,2022,10,26,4,0,1,2,1,0,1,GRAVE_MORTALIDAD,2
6,1,1,0,4,1,-9.175590263693524,-77.52460310169958,3,4,6,0,2,1,1,0,1285.8690575239061,1.3841607579534625,0,3,0.0,9,19,207.81560268874682,0.3117423621220796,71.9788288954442,50.52282695262287,5.2657247069301905,364.7206082761007,2162.6799359903916,10767.648,1885.0630000000003,1222.721,7659.864000000001,2100.343,8667.305000000002,19.506051832303577,25,1,0,0,24,43.46335696818615,43.46335696818615,43.46335696818615,1.0,0.0,0.0,0.0,1,0,0.0,0.0,1.0,0.0,0.0,0.0,1.0,0.6158392420465375,0.0,0.0,17,2,2022,5,12,5,1,0,0,1,0,1,GRAVE_MORTALIDAD,2
3,1,2,1,4,1,-13.581028633908682,-73.60129651449037,0,4,0,0,2,1,1,1,7415.726621637744,2.0,2,0,1.0,9,9,1198.0,0.5563774842369664,77.00938809632027,69.10246351364754,8.476961866273152,914.8835608305218,27932.19700214133,8358.971,1282.451,1298.0969999999998,5778.423,1432.683,6926.288,17.139466089785454,4,1,0,0,2,44.26951617512381,35.49219352995048,53.04683882029714,1.0,0.0,0.0,0.0,1,0,0.0,0.0,0.8359354900165079,1.0,0.8359354900165079,0.1640645099834921,0.8359354900165079,0.0,0.0,0.0,20,2,2023,5,21,4,0,1,2,1,0,1,GRAVE_MORTALIDAD,2
3,1,7,0,4,2,-14.409242452616187,-71.50267192200127,0,4,4,0,2,1,1,1,6543.555,2.0,4,4,1.0,14,33,1198.0,0.2932667205130692,62.694654948024954,64.42902080556792,5.440905746744266,281.231331848099,5040.194460322393,17779.13499998999,2097.3709999899997,2863.123,12818.640999999989,2878.713,14900.421999989989,16.19152450331032,3,1,0,0,1,27.574316607788944,25.445899646733654,29.70273356884423,1.0,0.0,0.0,0.851366784422115,1,0,0.0,0.851366784422115,0.0,1.0,0.0,1.0,0.851366784422115,0.0,0.0,0.0,7,1,2022,5,20,6,1,1,2,1,0,1,GRAVE_MORTALIDAD,2
3,0,14,1,2,2,-11.993412810921836,-76.99005373703879,0,1,7,1,2,2,2,1,4053.4574176254687,2.0,3,3,0.5438412588801775,11,28,1119.0845377862706,0.7088685364692472,79.38061652712499,75.55605078116581,10.43914276866354,1472.8793770569016,344237.7308892736,7626.313,1683.4029999999998,1599.0829999999996,4343.827000000001,1814.875,5811.438000000001,23.797541485643197,7,2,0,0,5,27.359603147200446,25.087682517760356,29.63152377664053,1.0,0.5438412588801775,0.5438412588801775,0.5438412588801775,2,0,0.0,0.0,0.45615874111982246,1.0,0.5438412588801775,0.5438412588801775,0.45615874111982246,0.0,1.0,0.0,18,2,2022,1,6,2,0,0,0,1,0,1,GRAVE_MORTALIDAD,2
8,1,7,0,4,1,-13.87721181765415,-72.11361533910839,0,4,0,0,2,1,1,2,2626.7257810588417,1.0,1,3,0.0,9,21,804.2306489862459,0.45518033322731544,69.43695709635237,69.44762531944443,6.705586292228595,683.0921613161344,10188.482892573744,17779.13499998999,2097.3709999899997,2863.123,12818.640999999989,2878.713,14900.421999989989,16.19152450331032,3,1,0,0,1,33.629920892998676,33.629920892998676,33.629920892998676,1.0,0.4923575945294897,0.0,0.0,1,0,0.0,0.5076424054705103,0.0,0.4923575945294897,0.4923575945294897,0.0,0.5076424054705103,0.4923575945294897,0.4923575945294897,0.4923575945294897,10,1,2022,11,13,3,0,0,2,1,0,1,GRAVE_MORTALIDAD,2