CLASE SINIESTRO,CANTIDAD DE VEHICULOS DAÑADOS,DEPARTAMENTO,ZONA,TIPO DE VÍA,RED VIAL,COORDENADAS LATITUD,COORDENADAS  LONGITUD,CONDICIÓN CLIMÁTICA,ZONIFICACIÓN,CARACTERÍSTICAS DE VÍA,PERFIL LONGITUDINAL VÍA,SUPERFICIE DE CALZADA,¿EXISTE SEÑAL VERTICAL?,¿EXISTE SEÑAL HORIZONTAL?,CAUSA FACTOR PRINCIPAL,MTC_RVN_LONGITUD_KM,MTC_RVN_N_CARRILES_MEDIANA,MTC_RVN_SUPERFICIE_DOMINANTE,MTC_RVN_ESTADO_DOMINANTE,MTC_RVN_ES_CONCESIONADA,MTC_RVN_CONCESION_PRINCIPAL,MTC_RVN_CORREDOR_LOGISTICO,MTC_RVN_N_TRAMOS,IDH_2019,IDH_ESP_VIDA_2019,IDH_EDUC_SECUND_PCT_2019,IDH_ANIOS_EDUC_2019,IDH_INGRESO_PERCAP_2019,IDH_POBLACION_2019,MTC_DEP_RED_TOTAL_KM,MTC_DEP_NACIONAL_TOTAL_KM,MTC_DEP_DEPARTAMENTAL_TOTAL_KM,MTC_DEP_VECINAL_TOTAL_KM,MTC_DEP_PAV_TOTAL_KM,MTC_DEP_NO_PAV_TOTAL_KM,MTC_DEP_PCT_PAVIMENTADA,PER_TOTAL_PERSONAS,PER_N_CONDUCTORES,PER_N_CONDUCTORES_FUGADOS,PER_N_PEATONES,PER_N_PASAJEROS_OCUPANTES,PER_EDAD_COND_PROM,PER_EDAD_COND_MIN,PER_EDAD_COND_MAX,PER_ANY_COND_MASCULINO,PER_ANY_LIC_PROBLEMA,PER_ANY_DOSAJE_POS,PER_ANY_DOSAJE_EVALUADO,VEH_TOTAL,VEH_N_FUGADOS,VEH_ANY_FUGADO,VEH_ANY_CARGA,VEH_ANY_PUBLICO,VEH_ANY_PARTICULAR,VEH_ANY_MOTO,VEH_ANY_AUTO,VEH_ANY_CAMION_BUS,VEH_ANY_SOAT_PROBLEMA,VEH_ANY_CITV_PROBLEMA,VEH_ANY_SEGURO_PROBLEMA,HORA_NUM,FRANJA_HORARIA,ANIO,MES,DIA_MES,DIA_SEMANA,ES_FIN_SEMANA,ES_QUINCENA,REGION_NATURAL,TIENE_SEÑALIZACION,ES_VIA_MULTICARRIL,ES_DEPTO_BAJO_PAVIMENTO,CATEGORIA_SEVERIDAD,CATEGORIA_SEVERIDAD_ENC
3,2,5,1,4,1,-7.433898819375298,-78.17205643041628,0,0,6,0,2,0,1,1,9936.932,2.0,2,0,1.0,9,32,3830.0,0.2545413434212579,79.03711042313074,34.7753868084033,3.3682111270989834,267.1059395639014,13155.489459783137,15935.565011852366,1733.9250000199986,935.692,13265.948011832368,2000.1670000199988,13935.398011832369,12.551591352627522,3,2,0,0,1,41.05494454639823,31.670332721610624,50.43955637118583,1.0,1.0,0.0,0.9633703024011806,2,0,0.0,1.0,0.0366296975988194,0.9633703024011806,1.0,0.0,1.0,0.0366296975988194,0.0366296975988194,0.0366296975988194,13,2,2022,6,4,5,0,0,2,1,0,1,GRAVE_MORTALIDAD,2
5,1,7,0,4,1,-15.04894778071539,-71.13834752287956,0,4,5,0,2,1,1,2,568.5409999999999,1.0,2,3,0.0,9,3,93.0,0.3491291336434085,68.34579473193322,63.63866309000273,4.984551874124405,419.36068685534286,1114.627408993576,17779.13499998999,2097.3709999899997,2863.123,12818.640999999989,2878.713,14900.421999989989,16.19152450331032,7,1,0,0,6,39.60850794090367,37.65104764542202,41.565968236385324,1.0,0.0,0.0,0.0,1,0,0.0,0.19574602954816533,0.8042539704518347,0.19574602954816533,0.0,0.19574602954816533,1.0,0.0,0.0,0.0,7,1,2024,6,10,5,1,0,2,1,0,1,GRAVE_MORTALIDAD,2
3,2,12,0,4,1,-8.143614950675268,-79.08056186136457,0,3,7,1,2,1,0,0,6560.260495036716,2.8267424285758564,2,0,1.0,1,30,1499.4293175708042,0.5315979304935207,79.55945571645704,68.29124655858983,8.099895450188098,777.5078655705191,10640.914546646976,3505.044634471698,546.7896195094747,699.2810759731844,2258.9739389890387,772.5797161473736,2732.464918324324,21.94238101597332,22,2,0,0,20,53.7278788572137,44.44068185718271,63.015075857244696,1.0,0.0,0.0,0.17325757142414355,2,0,0.0,0.8267424285758564,0.8267424285758564,0.0,0.0,0.0,1.0,0.0,0.0,0.17325757142414355,15,2,2021,3,23,1,0,1,0,1,0,1,GRAVE_MORTALIDAD,2
3,1,13,2,5,3,-11.185022545211377,-77.5122210603502,0,3,2,1,2,0,0,0,6543.555,2.1692326114052394,3,3,1.0,11,32,1244.8774333592514,0.7425136453304897,80.12467357210029,78.20976354646731,11.835616995124036,1526.2584660516975,256588.55449478974,6921.184678201478,1485.681601558191,1445.1904786555883,3990.3125979876995,1626.7695677708482,5294.415110430631,23.210719502924828,4,2,0,1,0,44.81537172016333,41.461510828921405,48.16923261140524,1.0,0.0,0.0,0.0,2,0,0.0,0.16923261140523937,0.0,1.0,0.0,1.0,0.16923261140523937,0.0,0.16923261140523937,0.0,10,1,2022,10,20,0,0,1,0,1,0,1,GRAVE_MORTALIDAD,2
6,1,12,0,4,0,-7.433204083106118,-77.70948269867498,1,4,7,1,7,2,2,1,6543.555,2.0,4,4,1.0,14,33,1198.0,0.24788506193979684,80.75735256163404,26.27875382180735,4.309633630601973,231.94803936090062,3769.8152280056147,8931.828000000005,1335.5899999999997,1935.9830000000004,5660.255000000005,1219.309,7712.519000000005,13.651281686122925,3,1,0,0,2,51.46207541942124,51.46207541942124,51.46207541942124,1.0,0.292415083884248,0.0,0.0,1,0,0.0,0.707584916115752,0.0,0.292415083884248,0.292415083884248,0.0,0.707584916115752,0.292415083884248,0.0,0.292415083884248,8,0,2022,4,7,3,0,0,0,1,0,1,GRAVE_MORTALIDAD,2
3,1,3,0,4,1,-15.896617905190574,-71.22720069724522,0,4,6,0,2,1,1,0,1557.2827949238574,2.0,2,0,1.0,7,25,260.0156203411152,0.4624316451722169,81.94384571746876,59.75299573918171,6.12744955456092,640.3113032288363,1267.3045456611665,10322.272,1495.236,1749.739,7077.2970000000005,2886.595,7435.677000000001,27.964725207783708,5,1,0,0,3,36.56255138270104,29.500411061608297,43.4995889383917,1.0,0.0,0.0,0.8748972345979262,2,0,0.0,1.0,0.0,0.8748972345979262,0.0,0.8748972345979262,1.0,0.0,1.0,0.0,10,1,2022,5,11,4,0,0,0,1,0,1,GRAVE_MORTALIDAD,2
3,2,21,1,2,3,-9.2025738098532,-74.67433909599879,0,3,2,1,2,1,1,2,6543.555,2.0,4,4,1.0,14,33,1198.0,0.5737158079798549,72.69769399707157,64.05621022976501,9.984206913745131,1001.1193936704512,124506.85533152004,4874.4100145473085,719.907090800792,1264.520882967506,2889.9820407790094,564.4278903985246,4309.9821241487825,10.46379021140126,4,2,0,0,2,27.51038767024817,19.91286824372661,34.65147297490643,1.0,0.0,0.7717829390683478,1.0,2,0,0.0,0.22821706093165217,0.0,1.0,0.7717829390683478,0.22821706093165217,0.22821706093165217,0.0,1.0,0.0,20,2,2021,2,24,4,0,1,1,1,0,1,GRAVE_MORTALIDAD,2
1,1,14,2,3,2,-12.031372138825047,-77.01627838441414,0,1,1,1,2,2,2,1,6543.555,2.5820925162045905,2,1,1.0,5,31,1359.2396269886715,0.708485932444378,80.00242577074462,76.26037514749679,10.463272014502081,1438.0615482376406,497679.38676445116,7626.313,1683.4029999999998,1599.0829999999996,4343.827000000001,1814.875,5811.438000000001,23.797541485643197,3,1,0,1,0,25.3880285798518,22.671629935181638,28.10442722452196,1.0,0.0,0.0,0.0,1,0,0.0,0.0,0.41790748379540943,0.5820925162045906,0.41790748379540943,0.5820925162045906,0.41790748379540943,0.0,1.0,0.0,4,0,2021,5,10,3,0,0,0,1,0,1,GRAVE_MORTALIDAD,2
5,1,2,0,4,1,-13.706265944545576,-73.44425055609673,1,4,0,0,5,1,1,0,6806.054737377693,2.0,3,2,1.0,12,25,1198.0,0.5563774842369664,77.00938809632027,69.10246351364754,8.476961866273152,914.8835608305218,27932.19700214133,8358.971,1282.451,1298.0969999999998,5778.423,1432.683,6926.288,17.139466089785454,4,1,0,0,2,39.88695241696222,37.245219033215115,42.52868580070932,1.0,0.0,0.0,0.0,1,0,0.0,0.0,0.25159365559496216,1.0,0.25159365559496216,0.7484063444050378,0.25159365559496216,0.0,0.0,0.0,19,2,2023,3,17,4,0,1,2,1,0,1,GRAVE_MORTALIDAD,2
6,1,2,0,4,0,-13.529024333251954,-73.5976319671437,3,3,7,1,2,2,2,5,6547.283114860197,2.0,3,3,1.0,13,32,1214.162124160571,0.25996713085784035,71.17627403158502,59.20955238312792,5.107101924567085,214.94886556395522,8984.591771614923,8330.642508221925,1297.95395695318,1309.7347346951997,5722.953816573544,1447.4605946343945,6883.181913587529,17.396903030499082,3,1,0,0,2,42.88930348251945,42.88930348251945,42.88930348251945,1.0,0.0,0.0,0.0,1,0,0.0,0.0,0.0,1.0,0.0,1.0,0.0,0.0,0.0,0.0,7,1,2021,2,5,5,1,0,1,1,0,1,GRAVE_MORTALIDAD,2
3,2,10,0,4,1,-14.796667445452838,-75.01020149893924,0,4,7,0,2,2,2,0,6639.975,2.0,2,0,1.0,9,31,1616.0,0.5563774842369664,77.00938809632027,69.10246351364754,8.476961866273152,914.8835608305218,27932.19700214133,3721.461,698.1859999999996,744.866,2278.409,1102.9029999999996,2618.558,29.636290693359403,4,2,0,0,2,35.47566655064058,30.86927253741186,40.082060563869305,1.0,0.0,0.0,0.5410302819346512,2,0,0.0,1.0,0.0,1.0,0.0,1.0,1.0,0.0,0.0,0.0,10,0,2021,7,28,5,1,1,0,1,0,1,GRAVE_MORTALIDAD,2
4,1,7,0,4,1,-11.141511290667118,-75.46380273056884,6,4,1,1,2,2,2,2,9376.621215071125,2.0,2,0,1.0,9,25,3202.459664994431,0.2734239649011361,74.65205565974308,48.883725845694585,3.9724500291956626,259.07657871726235,9330.435880289615,8244.800572105632,1321.3117763395403,912.6497638119372,6010.839031954155,1148.7503745661534,7096.050197539479,13.919066674111662,5,1,0,0,3,43.90741743162787,43.14584461058135,44.668990252674384,1.0,0.0,0.0,0.0,1,0,0.0,0.0,0.23842717895348364,0.7615728210465164,0.0,0.0,1.0,0.0,0.0,0.0,10,1,2022,6,15,2,0,1,2,1,0,1,GRAVE_MORTALIDAD,2
3,1,12,0,4,1,-7.9336321553448865,-79.19003396805513,0,3,7,1,2,2,2,1,6543.555,2.9418165000501557,2,0,1.0,0,30,1458.8831705138932,0.578377011543227,78.23835763386906,62.25640344195584,8.742804777327708,1010.9820089963803,76584.81063293481,8933.80728630479,1361.5876678180798,1860.4033899506521,5711.816228536058,1277.212986419576,7656.594299885213,14.294096524458865,3,2,0,0,1,45.296357750175545,39.65089900030094,50.94181650005016,1.0,0.058183499949844175,0.058183499949844175,0.058183499949844175,2,0,0.0,1.0,1.0,0.0,0.058183499949844175,0.0,0.9418165000501558,0.058183499949844175,0.058183499949844175,0.058183499949844175,22,2,2021,11,20,1,0,1,0,1,0,1,GRAVE_MORTALIDAD,2
6,1,12,0,4,1,-8.858400622519047,-78.63271708268954,0,4,7,1,2,2,2,4,6543.555,3.0,2,0,1.0,0,30,1475.0,0.4867987483268106,77.5825534369154,52.95148122709723,6.150547060309878,840.5788229266196,9838.736616702356,8931.828000000005,1335.5899999999997,1935.9830000000004,5660.255000000005,1219.309,7712.519000000005,13.651281686122925,3,1,0,0,2,48.52730581115072,48.52730581115072,48.52730581115072,1.0,0.0,0.0,0.0,1,0,0.0,0.0,0.0,1.0,0.0,1.0,0.0,0.0,0.39625571143674354,0.0,12,1,2021,5,18,2,0,0,0,1,1,1,GRAVE_MORTALIDAD,2
6,1,12,0,4,2,-7.783307327861447,-77.59730746436571,0,4,7,1,1,2,2,2,6543.555,2.0,4,4,1.0,14,33,1198.0,0.4686292122960986,72.39347765706144,42.14285241633188,6.687776775372348,878.2652317159998,9440.374732334049,8931.828000000005,1335.5899999999997,1935.9830000000004,5660.255000000005,1219.309,7712.519000000005,13.651281686122925,3,1,0,0,2,26.00003808712808,26.00003808712808,26.00003808712808,1.0,0.0,0.0,0.0,1,0,0.0,1.0,0.0,0.0,0.0,0.0,1.0,0.0,0.10526516248042528,0.0,15,2,2022,7,4,5,0,0,0,1,0,1,GRAVE_MORTALIDAD,2
6,1,1,0,4,1,-8.55494726645529,-77.63112775040746,0,4,0,1,2,2,2,0,1703.219,1.0,0,3,0.0,9,28,247.0,0.5285143944018423,75.33997185658131,53.7355901181876,9.078155204471177,861.4720488926681,5381.074946466809,10767.648,1885.0630000000003,1222.721,7659.864000000001,2100.343,8667.305000000002,19.506051832303577,7,1,0,0,6,45.69170931457959,45.69170931457959,45.69170931457959,1.0,0.0,0.0,0.0,1,0,0.0,0.0,0.0,0.42731718414331055,0.0,0.42731718414331055,0.5726828158566895,0.0,0.0,0.0,11,2,2022,4,15,3,0,0,0,1,0,1,GRAVE_MORTALIDAD,2
3,2,7,0,4,1,-13.654181178113296,-71.68461205303798,0,4,7,1,2,1,1,2,7586.903,2.0,2,0,1.0,9,5,1198.0,0.48476360742496494,65.17969518949234,74.98031241952854,7.805564689804055,781.7798096756751,8322.509431509145,17779.13499998999,2097.3709999899997,2863.123,12818.640999999989,2878.713,14900.421999989989,16.19152450331032,3,2,0,0,1,31.997676442206807,24.499419110551703,38.49709555275851,1.0,0.4994191105517013,0.0,0.0,2,0,0.0,0.4994191105517013,0.4994191105517013,1.0,0.4994191105517013,0.5005808894482987,1.0,0.4994191105517013,0.0,0.4994191105517013,10,1,2024,2,5,2,0,0,2,1,0,1,GRAVE_MORTALIDAD,2
3,2,10,1,4,1,-14.645942357704055,-75.14996647911813,0,3,7,1,2,1,0,2,6639.975,2.0,2,0,1.0,9,31,1616.0,0.558875354950175,77.68311652469397,68.96648514622062,8.572536605164848,907.696814463913,27748.611832575094,3721.461,698.1859999999996,744.866,2278.409,1102.9029999999996,2618.558,29.636290693359403,4,2,0,0,2,44.07764442369775,40.97824451705789,47.17704433033761,1.0,0.14441110592443662,0.8555888940755634,1.0,2,0,0.0,0.14441110592443662,0.8555888940755634,1.0,0.0,0.14441110592443662,1.0,0.0,0.0,0.0,19,1,2021,4,17,5,1,1,0,1,0,1,GRAVE_MORTALIDAD,2
6,1,14,2,4,1,-12.035434627537656,-76.9177858847076,3,3,6,1,4,2,2,0,3580.8860641701854,2.0,2,0,1.0,5,21,841.1850229452588,0.6868549636939637,79.62363164345142,76.30894566128948,9.209137883551294,1425.4498631666322,684921.8484148846,7626.313,1683.4029999999998,1599.0829999999996,4343.827000000001,1814.875,5811.438000000001,23.797541485643197,2,1,0,0,0,37.46930481023648,35.34652405118239,39.06139037952704,1.0,0.0,0.0,0.0,1,0,0.0,0.0,0.0,1.0,0.5306951897635214,0.46930481023647863,0.0,0.5306951897635214,0.5306951897635214,0.5306951897635214,9,0,2022,2,21,5,0,1,0,1,0,1,GRAVE_MORTALIDAD,2
3,1,7,0,4,1,-15.190736045736893,-71.14957860751255,0,4,1,1,2,1,0,2,568.5409999999999,1.0,2,3,0.0,9,3,93.0,0.4035559842203428,68.48778262577552,63.93675121699095,5.910937230610469,559.2037359014362,1181.347100378528,17779.13499998999,2097.3709999899997,2863.123,12818.640999999989,2878.713,14900.421999989989,16.19152450331032,5,1,0,0,4,38.882848651516426,36.27616217172142,41.489535131311435,1.0,0.0,0.0,0.7447675656557166,1,0,0.0,0.0,0.25523243434428344,0.7447675656557166,0.0,0.7447675656557166,1.0,0.0,0.7447675656557166,0.0,14,2,2022,2,9,1,0,0,2,1,0,1,GRAVE_MORTALIDAD,2
5,1,14,0,4,1,-13.758338426811765,-73.12238074134441,6,4,6,1,4,2,2,0,6937.575779768224,2.0,3,2,1.0,12,28,1501.2728002863291,0.47542600463398593,72.99183366684825,58.09713443934896,7.485969896683077,777.9454433507908,2122.132521381013,3057.0418849270764,800.7808219941869,519.0366276551466,1737.2244352777427,1028.1215044741998,2028.9203804528763,35.08192165867544,3,1,0,0,1,54.40573732941867,51.97306780840533,56.83840685043201,1.0,0.3243559361351115,0.0,0.0,1,0,0.0,0.6756440638648885,0.0,0.3243559361351115,0.3243559361351115,0.3243559361351115,0.6756440638648885,0.0,0.3243559361351115,0.3243559361351115,9,0,2022,5,16,2,0,0,0,1,0,1,GRAVE_MORTALIDAD,2
4,1,20,0,4,1,-15.678065185626778,-70.72741520653985,0,4,3,0,2,2,2,2,1504.4250000000002,2.0,2,0,1.0,7,25,241.0,0.4698599762559323,78.4228993312338,68.12786536644234,6.991927650318564,610.3916333612686,6938.8501070663815,13642.312999999998,2020.7790000000005,2354.117,9267.416999999998,3314.0520000000006,10328.260999999997,24.29244952817019,3,1,0,0,2,34.90991951430149,31.479235408318345,38.34060362028464,1.0,0.0,0.0,0.0,1,0,0.0,0.0,0.5425754525355801,0.45742454746441985,0.0,0.0,1.0,0.5425754525355801,1.0,1.0,2,0,2022,11,22,2,0,1,2,1,0,1,GRAVE_MORTALIDAD,2
6,1,5,0,4,1,-12.90138265961925,-74.28646258576828,0,4,1,0,2,2,2,1,6543.555,2.0,4,4,1.0,14,33,1198.0,0.24135417656063554,70.82856547561046,47.33507293111978,4.567031656737097,185.53204649009555,5664.506969403933,12582.208711507403,1810.0588245986291,1618.2448312267366,9153.905055682038,2276.371488629767,10305.837222877635,18.052857232320427,2,1,0,0,1,34.06782148693251,34.06782148693251,34.06782148693251,1.0,0.0,0.7669553717331276,1.0,1,0,0.0,0.0,0.0,0.0,0.23304462826687244,0.0,0.7669553717331276,0.23304462826687244,0.23304462826687244,0.0,18,2,2024,2,10,1,0,0,2,1,0,1,GRAVE_MORTALIDAD,2
4,1,7,0,4,1,-14.177907234589707,-71.50480968936039,2,4,2,0,2,2,2,0,2412.6495365981896,1.426372142057092,1,1,0.4263721420570922,7,26,522.404282796339,0.2812754862343947,67.89533773659402,68.74842525816408,4.07575275401077,268.13175398614317,15138.868105160025,17779.13499998999,2097.3709999899997,2863.123,12818.640999999989,2878.713,14900.421999989989,16.19152450331032,10,1,0,0,8,29.852744284114184,29.852744284114184,29.852744284114184,1.0,0.0,0.0,0.0,1,0,0.0,0.0,0.0,0.4263721420570922,0.0,0.4263721420570922,1.0,0.0,0.4263721420570922,0.0,11,2,2023,5,10,3,0,0,2,1,0,1,GRAVE_MORTALIDAD,2
6,1,20,0,4,1,-15.724614177330501,-70.07642761388374,0,4,5,1,2,2,2,2,6729.755497879952,2.0,3,3,1.0,13,28,1198.0,0.328306864287513,70.20367630843295,69.07255227813607,6.2330273470489255,287.5624037087599,4975.768447341035,13642.312999999998,2020.7790000000005,2354.117,9267.416999999998,3314.0520000000006,10328.260999999997,24.29244952817019,2,1,0,0,1,31.710861507530044,31.710861507530044,31.710861507530044,1.0,0.17846442211031388,0.0,0.0,1,0,0.0,0.0,0.0,1.0,0.0,0.8215355778896861,0.17846442211031388,0.0,0.0,0.0,14,3,2023,7,14,6,1,0,2,1,0,1,GRAVE_MORTALIDAD,2
3,2,12,0,4,1,-7.984895298923024,-78.2930284235279,0,4,7,1,1,2,2,0,9839.980104926452,2.0285709177240103,2,0,1.0,8,31,3762.7154887599554,0.43609027539207984,76.74613828788965,43.66643297456995,6.331799113259233,671.1167497101968,13235.99479950113,8931.828000000005,1335.5899999999997,1935.9830000000004,5660.255000000005,1219.309,7712.519000000005,13.651281686122925,4,2,1,0,2,34.2571382595161,34.2571382595161,34.2571382595161,1.0,0.0,0.0,0.0,2,0,0.0,0.0,0.028570917724010436,1.0,0.0,0.028570917724010436,1.0,0.0,0.028570917724010436,0.0,12,3,2023,11,4,2,0,0,0,1,0,1,GRAVE_MORTALIDAD,2
4,2,12,0,4,1,-7.6276746620883635,-79.34928880237406,0,4,7,1,2,2,2,2,6543.555,3.0,2,0,1.0,0,30,1475.0,0.5984600897254854,79.67538762564298,65.12845811739437,8.892863245485938,1052.4103271717695,16376.81008642638,8931.828000000005,1335.5899999999997,1935.9830000000004,5660.255000000005,1219.309,7712.519000000005,13.651281686122925,10,2,0,0,8,45.37375904993584,33.59787299522709,53.78510623187067,1.0,0.6308510386451117,0.0,0.0,2,0,0.0,0.6308510386451117,0.0,0.0,0.0,0.0,1.0,0.0,0.6308510386451117,0.0,21,2,2022,1,16,3,0,0,0,1,1,1,GRAVE_MORTALIDAD,2
4,1,14,2,2,4,-11.929799805829237,-77.04394205981812,0,1,4,1,2,1,1,1,6543.555,2.0,4,4,1.0,14,33,1198.0,0.720500007439733,79.93557345455015,77.42250466732493,10.597087119533063,1494.9943219262052,361493.84490067937,7626.313,1683.4029999999998,1599.0829999999996,4343.827000000001,1814.875,5811.438000000001,23.797541485643197,3,1,0,0,2,30.76815573044247,28.14626676205953,33.390044698825406,1.0,0.6504148042156079,0.0,0.0,1,0,0.0,0.34958519578439207,0.0,0.6504148042156079,0.6504148042156079,0.0,0.34958519578439207,1.0,0.34958519578439207,0.6504148042156079,2,0,2024,5,9,4,0,0,0,1,0,1,GRAVE_MORTALIDAD,2
6,1,12,0,4,1,-8.82895287006473,-78.63889344420494,0,4,7,1,2,2,2,4,6543.555,3.0,2,0,1.0,0,30,1475.0,0.4867987483268106,77.5825534369154,52.95148122709723,6.150547060309878,840.5788229266196,9838.736616702356,8931.828000000005,1335.5899999999997,1935.9830000000004,5660.255000000005,1219.309,7712.519000000005,13.651281686122925,9,1,0,0,8,28.121985662721727,28.121985662721727,28.121985662721727,1.0,0.29267144575942416,0.0,0.7073285542405758,1,0,0.0,0.0,0.0,0.29267144575942416,0.0,0.29267144575942416,0.7073285542405758,0.0,0.29267144575942416,0.0,12,2,2022,7,24,4,0,1,0,1,1,1,GRAVE_MORTALIDAD,2
4,1,7,0,4,1,-14.229169361563725,-71.55435586996097,3,3,0,0,2,1,1,0,2362.5331280529294,1.3925877503611113,1,1,0.39258775036111127,7,26,519.8366690274445,0.28193112486450916,67.9462515221567,69.28744619077696,4.098456260085899,267.3565017578755,15081.166462103374,17779.13499998999,2097.3709999899997,2863.123,12818.640999999989,2878.713,14900.421999989989,16.19152450331032,9,1,0,0,7,31.35552650216667,26.64447349783333,36.066579506500005,1.0,0.39258775036111127,0.0,0.0,1,0,0.0,0.0,0.0,0.39258775036111127,0.39258775036111127,0.39258775036111127,0.6074122496388887,0.0,0.0,0.0,14,3,2022,4,17,4,0,1,2,1,0,1,GRAVE_MORTALIDAD,2
4,1,10,0,4,1,-8.590434118409153,-77.03349622814648,0,4,2,1,2,1,1,0,7342.85205000014,2.0,2,1,1.0,10,24,1813.2088089281372,0.49816981885998274,75.03087034290236,54.27851794056733,7.392988468269711,828.1502971096354,33565.49131348637,8456.26106306118,1334.2003518668914,1183.2529800356767,5938.807731158611,1114.3945138143404,7341.866549246839,13.164094131960809,3,1,0,0,1,48.20854394195156,46.84045328495964,49.576634598943485,1.0,0.0,0.0,0.0,1,0,0.0,0.6579773357520183,0.34202266424798167,0.34202266424798167,0.34202266424798167,0.0,0.6579773357520183,0.34202266424798167,0.34202266424798167,0.34202266424798167,5,0,2023,4,13,2,0,0,1,1,0,1,GRAVE_MORTALIDAD,2
6,1,7,0,4,2,-13.086117532989025,-72.05246836857395,0,4,0,0,7,2,2,5,6543.555,2.0,4,4,1.0,14,33,1198.0,0.24843132799444395,71.16832244818968,41.65284589539122,3.7500000457571554,242.54802108002428,5405.194444413688,17779.13499998999,2097.3709999899997,2863.123,12818.640999999989,2878.713,14900.421999989989,16.19152450331032,12,1,0,0,11,37.15463017379285,37.15463017379285,37.15463017379285,1.0,0.0,0.0,0.0,1,0,0.0,0.0,0.0,1.0,0.0,0.1677608932915584,0.8322391067084416,0.0,0.0,0.0,19,2,2022,7,26,1,0,1,2,1,0,1,GRAVE_MORTALIDAD,2
3,1,13,0,4,1,-9.36014377813813,-76.50042432597269,4,4,6,1,4,2,2,0,5981.561739061152,2.0,3,1,0.27479781076790055,10,32,593.9065763696611,0.44987959477176337,75.52250805903095,57.9709251347708,6.972721365832642,616.2553475671301,74441.69561412587,11358.069736434227,1814.3586068565396,976.7844093493753,8566.92672022831,1760.5509108250592,9597.518825609166,16.180333960098032,3,2,0,0,1,36.9235846753753,31.0991912430716,42.747978107679,1.0,1.0,0.27479781076790055,0.27479781076790055,2,0,0.0,0.27479781076790055,1.0,0.7252021892320994,0.27479781076790055,0.7252021892320994,0.7252021892320994,1.0,0.27479781076790055,1.0,9,0,2022,7,18,5,1,1,1,1,0,1,GRAVE_MORTALIDAD,2
3,2,5,0,4,1,-6.860151721121872,-78.62078404324086,0,4,5,0,2,1,1,1,9936.932,2.0,2,0,1.0,9,32,3830.0,0.35542712341022054,77.96751406051854,49.16678523612467,4.763759572394396,433.4120782767971,6492.943928951632,15935.565011852366,1733.9250000199986,935.692,13265.948011832368,2000.1670000199988,13935.398011832369,12.551591352627522,4,2,0,0,2,46.53234162708622,29.598377207959267,63.46630604621317,1.0,0.26684697689341463,0.0,0.7331530231065854,2,0,0.0,0.26684697689341463,0.26684697689341463,0.7331530231065854,0.26684697689341463,0.7331530231065854,1.0,0.26684697689341463,1.0,0.26684697689341463,1,0,2023,10,26,1,0,1,2,1,0,1,GRAVE_MORTALIDAD,2
9,1,19,1,2,3,-5.179867797358243,-80.65422555603985,0,3,8,1,2,2,2,0,6543.555,2.0940598202285887,3,3,1.0,12,32,1224.0545702033191,0.6527054905157108,78.70972235339443,76.84542624599793,11.181781199557939,1110.2695283356393,179372.78769289318,8965.846000060003,1782.4120000599992,636.9959999999999,6546.438000000004,2214.505000059999,6751.341000000004,24.699342371541725,2,1,0,0,1,24.304465595600423,22.376239280914355,26.23269191028649,1.0,0.9059401797714113,0.9059401797714113,1.0,1,0,0.0,0.09405982022858872,0.0,1.0,0.9059401797714113,0.0,0.09405982022858872,0.0,0.9059401797714113,0.0,18,1,2023,5,1,1,0,0,0,1,0,1,GRAVE_MORTALIDAD,2
9,1,7,0,4,1,-13.81499153864429,-71.54449887230761,1,4,6,1,2,1,0,2,7586.903,2.0,2,0,1.0,9,5,1198.0,0.27124698634177824,69.53173566143442,53.66832800517713,4.1570755892437,257.7561236198906,10610.42699603973,17779.13499998999,2097.3709999899997,2863.123,12818.640999999989,2878.713,14900.421999989989,16.19152450331032,16,1,0,0,15,28.65614897146039,28.291621765093506,29.020676177827273,1.0,0.0,0.0,1.0,1,0,0.0,0.04860362751558445,0.9513963724844156,0.04860362751558445,0.0,0.04860362751558445,1.0,0.0,0.0,0.0,17,3,2023,11,22,0,0,1,2,1,0,1,GRAVE_MORTALIDAD,2