CLASE SINIESTRO,CANTIDAD DE VEHICULOS DAÑADOS,DEPARTAMENTO,ZONA,TIPO DE VÍA,RED VIAL,COORDENADAS LATITUD,COORDENADAS  LONGITUD,CONDICIÓN CLIMÁTICA,ZONIFICACIÓN,CARACTERÍSTICAS DE VÍA,PERFIL LONGITUDINAL VÍA,SUPERFICIE DE CALZADA,¿EXISTE SEÑAL VERTICAL?,¿EXISTE SEÑAL HORIZONTAL?,CAUSA FACTOR PRINCIPAL,MTC_RVN_LONGITUD_KM,MTC_RVN_N_CARRILES_MEDIANA,MTC_RVN_SUPERFICIE_DOMINANTE,MTC_RVN_ESTADO_DOMINANTE,MTC_RVN_ES_CONCESIONADA,MTC_RVN_CONCESION_PRINCIPAL,MTC_RVN_CORREDOR_LOGISTICO,MTC_RVN_N_TRAMOS,IDH_2019,IDH_ESP_VIDA_2019,IDH_EDUC_SECUND_PCT_2019,IDH_ANIOS_EDUC_2019,IDH_INGRESO_PERCAP_2019,IDH_POBLACION_2019,MTC_DEP_RED_TOTAL_KM,MTC_DEP_NACIONAL_TOTAL_KM,MTC_DEP_DEPARTAMENTAL_TOTAL_KM,MTC_DEP_VECINAL_TOTAL_KM,MTC_DEP_PAV_TOTAL_KM,MTC_DEP_NO_PAV_TOTAL_KM,MTC_DEP_PCT_PAVIMENTADA,PER_TOTAL_PERSONAS,PER_N_CONDUCTORES,PER_N_CONDUCTORES_FUGADOS,PER_N_PEATONES,PER_N_PASAJEROS_OCUPANTES,PER_EDAD_COND_PROM,PER_EDAD_COND_MIN,PER_EDAD_COND_MAX,PER_ANY_COND_MASCULINO,PER_ANY_LIC_PROBLEMA,PER_ANY_DOSAJE_POS,PER_ANY_DOSAJE_EVALUADO,VEH_TOTAL,VEH_N_FUGADOS,VEH_ANY_FUGADO,VEH_ANY_CARGA,VEH_ANY_PUBLICO,VEH_ANY_PARTICULAR,VEH_ANY_MOTO,VEH_ANY_AUTO,VEH_ANY_CAMION_BUS,VEH_ANY_SOAT_PROBLEMA,VEH_ANY_CITV_PROBLEMA,VEH_ANY_SEGURO_PROBLEMA,HORA_NUM,FRANJA_HORARIA,ANIO,MES,DIA_MES,DIA_SEMANA,ES_FIN_SEMANA,ES_QUINCENA,REGION_NATURAL,TIENE_SEÑALIZACION,ES_VIA_MULTICARRIL,ES_DEPTO_BAJO_PAVIMENTO,CATEGORIA_SEVERIDAD,CATEGORIA_SEVERIDAD_ENC
4,1,5,0,4,1,-7.301595434165758,-78.66623211388553,0,4,4,0,2,1,1,0,834.934974339463,2.0,2,0,0.6223166372485518,8,22,177.6610017650869,0.3509276413936123,72.79129808746511,46.23929802998873,5.109593114315281,459.70109909096345,7992.283327059948,15935.565011852366,1733.9250000199986,935.692,13265.948011832368,2000.1670000199988,13935.398011832369,12.551591352627522,5,1,0,0,3,41.002124338092415,40.06864938221959,41.93559929396524,1.0,0.6223166372485518,0.0,0.0,1,0,0.0,0.6223166372485518,0.0,1.0,0.0,0.6223166372485518,1.0,0.0,0.6223166372485518,0.0,10,1,2021,4,15,1,0,0,2,1,0,1,GRAVE_MORTALIDAD,2
2,1,11,2,5,3,-10.645160570559586,-77.46658900538901,0,2,0,0,2,0,1,0,4884.6746193727195,2.0,3,2,1.0,12,28,892.1074758574762,0.7184437739653959,78.17077831583049,76.88579755647565,11.273995670049004,1482.26500512126,252734.37107358658,10063.262253731413,1698.22016405642,1404.5227435441675,6960.519346130827,1869.2177014281247,8194.04455230329,20.49931322814644,4,2,0,2,0,43.36046719340104,40.77390434749016,45.65374861635648,0.7067185770445601,0.0,0.0,0.0,2,0,0.2932814229554399,0.0,0.0,1.0,0.2932814229554399,0.7067185770445601,0.0,0.2932814229554399,0.0,0.2932814229554399,7,0,2023,10,16,1,0,0,0,1,0,1,GRAVE_MORTALIDAD,2
1,1,14,2,3,1,-11.969848582139667,-77.02360861399644,0,3,3,1,2,2,2,1,6543.555,2.7019606679055492,2,1,1.0,4,30,1392.4431050098372,0.711450075658981,79.95114970095135,77.46664949507152,10.446308774499588,1448.5238336059767,576173.044728853,7626.313,1683.4029999999998,1599.0829999999996,4343.827000000001,1814.875,5811.438000000001,23.797541485643197,4,1,0,2,1,19.807842671622197,19.807842671622197,19.807842671622197,1.0,0.298039332094451,0.0,0.0,1,0,0.0,0.0,0.0,1.0,0.0,0.701960667905549,0.298039332094451,0.0,1.0,0.0,5,0,2021,5,10,4,0,0,0,1,0,1,GRAVE_MORTALIDAD,2
5,2,3,0,4,1,-16.096572200902074,-71.5779613658957,4,4,0,0,2,0,1,0,1504.4250000000002,2.0,2,0,1.0,7,25,241.0,0.6005060748875158,78.21704200773246,77.40211893847457,8.994742794352394,996.014120858737,33335.45824411135,10322.272,1495.236,1749.739,7077.2970000000005,2886.595,7435.677000000001,27.964725207783708,27,2,0,0,24,38.65282508071793,33.81855146937828,43.29113088162697,1.0,0.4120965687081146,0.0,0.0,2,0,0.0,0.4120965687081146,0.5879034312918854,1.0,0.0,1.0,1.0,0.0,0.0,0.0,5,0,2021,9,15,5,1,1,0,1,0,1,GRAVE_MORTALIDAD,2
3,2,20,0,4,1,-16.233839763188794,-69.88882482481881,1,4,7,1,2,2,2,2,6543.555,2.0,4,4,1.0,14,33,1198.0,0.2995605708198759,69.58433400028524,69.88528774728084,5.818704252102099,250.39222158757656,4965.618407484509,13642.312999999998,2020.7790000000005,2354.117,9267.416999999998,3314.0520000000006,10328.260999999997,24.29244952817019,9,2,0,1,5,52.8985376050062,47.51042679814169,58.286648411870715,1.0,0.22377838627097624,0.0,0.0,2,0,0.0,0.0,1.0,0.22377838627097624,0.22377838627097624,0.0,1.0,0.0,0.22377838627097624,0.22377838627097624,21,2,2022,10,9,3,0,0,2,1,0,1,GRAVE_MORTALIDAD,2
3,1,3,2,4,1,-16.653700007819722,-72.17666477970883,0,4,6,1,2,0,1,0,1837.4214576118288,2.0,2,0,0.9325360858022239,9,30,378.49525844747814,0.6417041812187223,75.63185275125257,76.29554411750972,10.390671933736758,1171.5306241575583,21830.758037595886,10453.305339020659,1517.581937371901,1706.2787464737926,7229.444655174964,2799.022859000349,7654.282480020309,26.951925677207065,5,1,0,0,3,41.674639141977764,29.55167002654885,53.79760825740667,1.0,0.0,0.0,0.9325360858022239,1,0,0.0,0.0,0.0,1.0,0.0,1.0,0.9325360858022239,0.0,0.0,0.0,18,1,2022,2,2,3,0,0,0,1,0,1,GRAVE_MORTALIDAD,2
6,2,3,0,4,1,-16.094090756494595,-71.56942675286322,3,4,0,0,2,0,1,0,1504.4250000000002,2.0,2,0,1.0,7,25,241.0,0.6005060748875158,78.21704200773246,77.40211893847457,8.994742794352394,996.014120858737,33335.45824411135,10322.272,1495.236,1749.739,7077.2970000000005,2886.595,7435.677000000001,27.964725207783708,25,2,0,0,22,37.728062560266565,32.67843329347934,42.6070599760876,1.0,0.4881044471013777,0.0,0.0,2,0,0.0,0.4881044471013777,0.5118955528986223,1.0,0.0,1.0,1.0,0.0,0.0,0.0,5,0,2021,9,15,5,1,1,0,1,0,1,GRAVE_MORTALIDAD,2
6,1,4,0,4,0,-14.022850703501689,-74.45817027585578,3,4,3,0,7,2,2,0,6543.555,2.0,4,4,1.0,14,33,1198.0,0.378825160846629,72.19221297758932,51.611459648449966,5.475267143766132,561.348319712248,2527.989558123576,12678.733000000004,1805.074000000001,1774.0339999999994,9099.625000000004,2485.375000000001,10193.358000000002,19.602707936195205,6,1,0,0,5,54.45672173486985,54.45672173486985,54.45672173486985,1.0,0.63044811565799,0.0,0.36955188434201003,1,0,0.0,0.0,0.0,1.0,0.0,0.63044811565799,0.36955188434201003,0.0,0.0,0.0,4,0,2023,6,17,5,0,0,2,1,0,1,GRAVE_MORTALIDAD,2
1,1,2,0,4,1,-14.921641329598067,-73.30235250991697,0,4,7,0,1,2,2,0,1716.2376498085678,1.2028160915921462,1,0,0.7342720305307154,9,32,334.53984671675744,0.49424614469914113,77.20178162367698,64.76122061957865,7.017341921919488,838.6634204717891,6285.965803944121,10440.620860130353,1598.823937154303,1609.6955769862366,7232.101345989813,2677.665852548836,7762.955007581517,25.717019107313472,11,1,0,0,8,53.874176244245724,50.20281609159215,57.5455363968993,1.0,0.0,0.0,0.0,1,0,0.0,0.0,0.26572796946928456,0.7342720305307154,0.0,0.7342720305307154,0.26572796946928456,0.0,0.7342720305307154,0.7342720305307154,6,1,2021,1,20,0,0,0,0,1,0,1,GRAVE_MORTALIDAD,2
1,2,17,2,3,2,-14.23937734462286,-72.71719893061996,0,2,4,1,2,2,2,2,3374.47683684242,2.0,2,1,1.0,9,27,596.1485291822588,0.6460052965003775,76.03736540829384,78.54710521059121,10.857508307816175,1164.87428263658,239503.80031166162,11409.738755945173,1895.576711409202,2073.919283612751,7440.24276092322,2757.698283663667,8652.040472281506,24.108786139054274,8,2,0,0,4,35.257787817800924,26.45327309319447,47.835665995810146,1.0,0.0,0.0,1.0,2,0,0.0,0.628893908900461,0.37110609109953896,0.628893908900461,0.0,0.628893908900461,1.0,1.0,0.628893908900461,0.628893908900461,13,1,2021,6,19,1,0,1,1,1,0,1,GRAVE_MORTALIDAD,2
3,2,3,0,4,1,-15.429734121213789,-74.87529810337884,0,4,7,0,2,2,2,0,6639.975,2.0,2,0,1.0,9,31,1616.0,0.5140293355498681,82.11897853059659,54.01885147561242,9.200693902288776,697.8064626086847,1477.7837259100645,10322.272,1495.236,1749.739,7077.2970000000005,2886.595,7435.677000000001,27.964725207783708,4,2,0,0,2,51.72137233627841,45.84223639986111,57.600508272695706,1.0,0.0,0.0,0.0,2,0,0.0,0.0,0.0,1.0,0.0,1.0,1.0,0.0,0.2798983454608588,0.0,8,1,2021,1,9,5,1,0,0,1,0,1,GRAVE_MORTALIDAD,2
6,1,5,0,4,0,-11.790674537994484,-74.99984739201338,2,4,4,0,1,2,2,1,7248.850412202299,2.0,2,1,1.0,10,14,1198.0,0.24022000546399527,77.60465569627719,51.381069432272284,3.558327120024508,198.1505516509991,7699.161996380855,8544.580970295654,1299.6684350868377,1504.7768546792872,5740.135680529528,1363.5482215092693,7181.032748786384,16.009268145883993,2,1,0,0,1,27.407939918050722,27.407939918050722,27.407939918050722,1.0,1.0,0.0,0.0,1,0,0.0,0.0,0.0,1.0,0.0,0.6759924897563402,0.3240075102436598,0.6759924897563402,0.6759924897563402,0.6759924897563402,8,0,2023,11,26,2,0,1,1,1,0,1,GRAVE_MORTALIDAD,2
3,2,12,0,4,1,-8.413611576557793,-78.79559911136754,0,4,7,1,2,2,2,2,6543.555,3.0,2,0,1.0,0,30,1475.0,0.5051395598219868,77.13285387085847,51.52067479184955,6.715328807318118,900.900383457586,67612.41755888652,8931.828000000005,1335.5899999999997,1935.9830000000004,5660.255000000005,1219.309,7712.519000000005,13.651281686122925,2,2,0,0,0,43.94151099918908,36.52829666936973,51.35472532900843,1.0,1.0,0.0,0.0,2,0,0.0,1.0,0.0,0.2943406661260535,0.0,0.2943406661260535,1.0,0.0,1.0,0.0,7,0,2021,5,7,4,0,0,0,1,1,1,GRAVE_MORTALIDAD,2
6,1,10,0,4,0,-10.27269198263097,-76.76483075398336,0,4,0,1,1,1,1,0,6543.555,2.0,4,4,1.0,14,33,1198.0,0.1442871750121528,75.01299493028341,39.70169247998931,2.987736684134429,87.66965967264771,7682.865831209319,8726.154771494183,1389.3089107321669,1971.4683123515415,5365.3775484104735,1542.3328262080997,7183.821945286082,17.776334973132325,3,1,0,0,2,37.655356806547616,37.655356806547616,37.655356806547616,1.0,1.0,0.0,0.0,1,0,0.0,0.0,0.0,1.0,0.0,0.4892299002046129,0.5107700997953871,0.0,0.0,0.0,13,2,2023,8,24,1,0,1,0,1,0,1,GRAVE_MORTALIDAD,2
6,1,10,0,4,1,-9.125103904320248,-76.60760867352973,5,4,1,1,4,2,2,2,1218.4983565773998,1.6170626177083829,2,3,0.0,9,32,186.4187933135336,0.3635138674370641,70.693392255806,44.58196320323391,5.10828508968007,588.2254553927398,22512.002662083276,8485.833034736297,1334.2867637513996,1230.059662965904,5921.486608018992,1120.918365606398,7364.914669129898,13.194388703414596,10,1,0,0,9,44.404751412500595,42.873001883334126,45.55356355937545,0.6170626177083829,0.0,0.0,0.0,1,0,0.0,0.0,0.3829373822916171,0.6170626177083829,0.0,0.6170626177083829,0.3829373822916171,0.0,0.3829373822916171,0.0,19,2,2021,8,10,1,0,0,1,1,0,1,GRAVE_MORTALIDAD,2
2,1,10,0,4,1,-9.950094094126582,-77.24449987912512,0,4,7,1,2,1,1,0,6543.555,2.0,4,4,1.0,14,33,1198.0,0.5968644178401702,79.76736857920658,65.55693854954612,8.494598006852366,1068.9853984800097,34802.974424133645,9240.620846102065,1371.0445330188122,1894.6215249392053,5974.954788144047,1589.5835232502138,7651.037322851851,16.83004254421914,3,1,0,0,1,55.78295903626738,52.67128778910333,58.89463028343142,0.7779178117910102,0.0,0.0,0.0,1,0,0.0,0.0,0.7779178117910102,1.0,0.7779178117910102,0.22208218820898984,0.0,0.7779178117910102,0.7779178117910102,0.7779178117910102,10,1,2023,10,15,0,0,1,0,1,0,1,GRAVE_MORTALIDAD,2
5,1,7,0,4,1,-15.06635456579372,-71.14583502539743,0,4,5,1,2,1,1,2,568.5409999999999,1.0,2,3,0.0,9,3,93.0,0.3619452600852656,68.37922923680364,63.70885519345536,5.202691849830473,452.29013582384704,1130.3381839490833,17779.13499998999,2097.3709999899997,2863.123,12818.640999999989,2878.713,14900.421999989989,16.19152450331032,7,1,0,0,6,39.73693952920134,39.12313176400446,40.35074729439821,1.0,0.0,0.0,0.17537364719910709,1,0,0.0,0.0,0.8246263528008929,0.17537364719910709,0.0,0.17537364719910709,1.0,0.0,0.17537364719910709,0.0,9,1,2024,5,7,4,0,0,2,1,0,1,GRAVE_MORTALIDAD,2
3,2,12,0,4,1,-7.313929148900908,-79.48071950486714,0,4,7,1,2,2,2,0,6543.555,3.0,2,0,1.0,0,30,1475.0,0.5650979329787121,81.32490571897102,68.6769211482833,7.868096912305706,909.6843705053026,43897.946466809415,8931.828000000005,1335.5899999999997,1935.9830000000004,5660.255000000005,1219.309,7712.519000000005,13.651281686122925,2,2,0,0,0,40.12922516286088,27.049699162429782,53.208751163291964,1.0,0.6083500465316787,0.0,0.0,2,0,0.0,0.0,0.0,1.0,1.0,0.3916499534683213,0.0,1.0,0.3916499534683213,0.6083500465316787,14,1,2022,10,18,3,0,0,0,1,1,1,GRAVE_MORTALIDAD,2
3,2,12,1,4,1,-8.104733668412855,-79.09609678738305,0,1,7,1,2,2,2,0,6543.555,3.0,2,0,1.0,0,30,1475.0,0.583006771156836,78.2441938961209,62.24037484511178,8.807312392374042,1028.2282118265089,76607.295503212,8931.828000000005,1335.5899999999997,1935.9830000000004,5660.255000000005,1219.309,7712.519000000005,13.651281686122925,3,2,0,0,1,44.66652829414624,34.44352196097495,54.88953462731754,1.0,0.555647803902505,0.0,0.0,2,0,0.0,1.0,1.0,0.0,0.555647803902505,0.0,1.0,0.0,0.0,0.555647803902505,18,2,2022,10,20,2,0,1,0,1,1,1,GRAVE_MORTALIDAD,2
5,1,1,0,4,1,-9.96083464372126,-78.00991568394691,0,3,6,0,2,1,0,0,6601.9867587252975,2.9439959067106116,2,0,1.0,0,28,1459.4868661588393,0.5818911336346803,77.45574623089729,66.16741720323661,8.616080058872607,1023.0600308839685,35475.39247175246,10874.67658262395,1880.5832885818754,1253.5967846836527,7740.496509358425,2121.9063680473996,8752.770214576554,19.511464969762912,5,1,0,0,4,33.635973393618976,33.439959067106116,33.831987720131835,1.0,0.0560040932893886,0.0,1.0,1,0,0.0,0.0,0.0,1.0,0.0560040932893886,1.0,0.0,0.0,0.9439959067106114,0.0560040932893886,7,1,2022,9,16,5,1,1,0,1,0,1,GRAVE_MORTALIDAD,2
3,1,14,1,4,1,-12.297705246454536,-76.85289799716594,0,0,7,1,2,2,2,0,6639.975,2.0,2,0,1.0,9,31,1616.0,0.6909236767275176,78.41626133969348,70.97436336767564,9.826485374940413,1476.8351947609171,95908.53319057816,7626.313,1683.4029999999998,1599.0829999999996,4343.827000000001,1814.875,5811.438000000001,23.797541485643197,3,1,0,0,1,36.47377306242257,34.56945068743665,38.3780954374085,1.0,0.0,0.0,0.0,1,0,0.0,0.9521611874929612,0.0,1.0,0.9521611874929612,0.0,1.0,0.0,0.04783881250703881,0.0,16,2,2023,11,19,0,0,0,0,1,0,1,GRAVE_MORTALIDAD,2
5,1,7,0,4,1,-14.0967658691667,-71.46737719404045,0,4,1,0,2,2,2,2,6543.555,2.0,4,4,1.0,14,33,1198.0,0.2712651022967121,61.849945202242814,61.59776105160529,5.298940463618484,249.3377240942496,8908.065264851382,17779.13499998999,2097.3709999899997,2863.123,12818.640999999989,2878.713,14900.421999989989,16.19152450331032,4,1,0,0,3,51.47904071231862,51.104470575331234,51.853610849305994,1.0,1.0,0.0,0.0,1,0,0.0,1.0,0.0,0.14982805479495243,0.0,0.0,1.0,0.0,0.0,0.0,6,0,2022,9,4,5,1,0,2,1,0,1,GRAVE_MORTALIDAD,2
9,1,5,0,4,1,-6.728621834525807,-78.57601105965757,0,3,7,0,2,0,1,0,9936.932,2.0,2,0,1.0,9,32,3830.0,0.4521635730923391,79.17100787897076,59.38006985101591,5.157085408303164,708.9435828982898,15620.193623057734,15935.565011852366,1733.9250000199986,935.692,13265.948011832368,2000.1670000199988,13935.398011832369,12.551591352627522,2,1,0,0,1,18.055600362242636,18.033843698756385,18.077357025728883,1.0,0.0024174070540275983,0.9975825929459724,1.0,1,0,0.0,0.0024174070540275983,0.0,1.0,1.0,0.0,0.0024174070540275983,0.9975825929459724,0.9975825929459724,0.9975825929459724,3,0,2023,6,29,6,1,0,2,1,0,1,GRAVE_MORTALIDAD,2
6,7,5,0,4,2,-6.2233841488171,-78.71135336335435,0,4,6,0,1,2,2,2,6543.555,2.0,4,4,1.0,14,33,1198.0,0.33390253953595045,75.6796058786535,51.09786487450134,4.901202380335107,360.8247844478665,9247.697091574912,15935.565011852366,1733.9250000199986,935.692,13265.948011832368,2000.1670000199988,13935.398011832369,12.551591352627522,8,1,0,0,7,48.052563006162586,48.052563006162586,48.052563006162586,1.0,0.11305788911713266,0.0,1.0,1,0,0.0,1.0,0.0,0.0,0.0,0.0,1.0,0.0,0.8869421108828673,0.0,14,3,2023,9,22,0,0,1,2,1,0,1,GRAVE_MORTALIDAD,2
4,2,3,0,4,1,-16.087139049887885,-71.58310273030021,0,3,0,0,2,1,1,0,1504.4250000000002,2.0,2,0,1.0,7,25,241.0,0.6005060748875158,78.21704200773246,77.40211893847457,8.994742794352394,996.014120858737,33335.45824411135,10322.272,1495.236,1749.739,7077.2970000000005,2886.595,7435.677000000001,27.964725207783708,6,2,0,0,4,36.76783780650156,32.29392927054063,41.2417463424625,1.0,0.18956341438437474,0.0,0.8104365856156253,2,0,0.0,1.0,0.0,1.0,0.0,1.0,1.0,0.0,0.0,0.0,8,0,2022,8,9,1,0,0,0,1,0,1,GRAVE_MORTALIDAD,2
4,1,5,0,4,1,-5.674767760628588,-78.86404703102951,2,2,0,0,1,2,2,1,7303.634939685914,2.0,2,1,1.0,10,24,1783.0238961650864,0.4507496876127387,74.4633942537785,59.47202775376823,6.36724741254602,665.1524202816013,40472.721716181644,15935.565011852366,1733.9250000199986,935.692,13265.948011832368,2000.1670000199988,13935.398011832369,12.551591352627522,4,1,0,0,2,35.74861198681265,31.748611986812648,39.374305993406324,0.6256940065936754,0.6256940065936754,0.0,0.6256940065936754,1,0,0.0,0.37430599340632464,0.0,0.6256940065936754,0.6256940065936754,0.0,0.37430599340632464,0.6256940065936754,1.0,0.6256940065936754,13,2,2023,5,16,2,0,0,2,1,0,1,GRAVE_MORTALIDAD,2
5,1,20,0,4,1,-13.867270817503362,-70.25273199437709,0,4,7,1,2,2,2,2,1762.0444101786418,2.0,1,0,0.7686858177377065,6,24,427.348563669672,0.4095105333032925,66.78432127181634,72.72559181988102,6.866082295842334,574.6930856027774,5232.977634762947,13642.312999999998,2020.7790000000005,2354.117,9267.416999999998,3314.0520000000006,10328.260999999997,24.29244952817019,7,1,0,0,5,28.007084369409817,27.544456004885227,28.93234109845899,1.0,0.0,0.0,0.2313141822622935,1,0,0.0,1.0,0.2313141822622935,0.0,0.0,0.0,1.0,0.0,0.2313141822622935,0.2313141822622935,7,0,2021,3,13,4,0,0,2,1,0,1,GRAVE_MORTALIDAD,2
6,1,10,0,4,2,-13.779817764093048,-75.55113464102577,1,4,1,0,6,2,2,3,6543.555,2.0,4,4,1.0,14,33,1198.0,0.3722415377427423,75.01323782723932,53.519191625188725,7.061240815010678,381.0741835161906,823.0117526383214,3721.461,698.1859999999996,744.866,2278.409,1102.9029999999996,2618.558,29.636290693359403,2,1,0,0,1,54.28790728699441,54.28790728699441,54.28790728699441,1.0,0.7348505204996011,0.0,0.0,1,0,0.0,0.2651494795003989,0.0,0.0,0.0,0.7348505204996011,0.2651494795003989,0.7348505204996011,0.7348505204996011,0.7348505204996011,12,1,2023,4,10,5,0,0,0,1,0,1,GRAVE_MORTALIDAD,2
6,1,7,0,4,0,-14.642595149541235,-71.69565895782598,1,4,4,0,3,2,2,2,6543.555,2.0,4,4,1.0,14,33,1198.0,0.2923737604834824,69.46966006278998,66.41907363500941,4.013142472396392,308.25289869842254,1625.1415342714427,17779.13499998999,2097.3709999899997,2863.123,12818.640999999989,2878.713,14900.421999989989,16.19152450331032,2,1,0,0,1,24.522876831442844,24.522876831442844,24.522876831442844,0.6954246337114316,0.6954246337114316,0.0,0.6954246337114316,1,0,0.0,0.0,0.0,1.0,0.6954246337114316,0.0,0.3045753662885684,0.6954246337114316,0.6954246337114316,0.6954246337114316,6,0,2021,7,8,4,0,0,2,1,0,1,GRAVE_MORTALIDAD,2
2,1,11,0,4,1,-11.370878242682112,-74.74980234860385,0,4,5,0,2,2,2,0,5905.029423566948,2.0,3,1,0.17603968215497068,9,32,511.64105523509056,0.4078164105158617,73.16316616775238,60.461627443877326,7.120964706024123,478.0727116907906,27227.867074506707,12264.545,1826.4639999999995,1105.5389999999998,9332.542,1588.5359999999996,10676.009,12.952261987705208,3,1,0,0,0,37.06356349629532,26.35207936430994,47.7750476282807,1.0,0.8239603178450293,0.0,1.0,1,0,0.0,0.17603968215497068,0.0,0.8239603178450293,0.8239603178450293,0.8239603178450293,0.17603968215497068,0.0,0.8239603178450293,0.0,20,2,2021,5,25,3,0,0,2,1,0,1,GRAVE_MORTALIDAD,2
9,1,5,0,4,2,-6.661085411472602,-78.42737089550198,0,4,1,0,1,2,2,0,6543.555,2.0,4,4,1.0,14,33,1198.0,0.19631473125356005,72.77914258821163,37.4357765042199,3.53867249906232,157.62003611091976,4102.90225055125,15935.565011852366,1733.9250000199986,935.692,13265.948011832368,2000.1670000199988,13935.398011832369,12.551591352627522,3,1,0,0,2,40.85389645158563,40.85389645158563,40.85389645158563,1.0,0.7865258871035913,0.0,0.21347411289640872,1,0,0.0,0.7865258871035913,0.0,0.21347411289640872,0.0,0.21347411289640872,0.7865258871035913,0.7865258871035913,1.0,0.7865258871035913,12,2,2021,10,28,3,0,1,2,1,0,1,GRAVE_MORTALIDAD,2
5,1,12,0,4,1,-14.50767382700223,-74.30424268811991,0,4,7,1,2,2,2,2,619.2187136361748,-0.06236904328983339,2,0,1.0,11,27,72.8205756637936,0.5774313940217581,78.32142832153643,66.69623333508828,8.857299150678038,966.7954008594128,4961.904475566087,3480.0876004450583,626.9569891115985,794.3069678036749,2058.823643529785,1028.9998656230612,2451.087734821997,29.555962709035924,4,1,0,0,2,37.125436522367224,35.25017460894689,39.000698435787555,1.0,0.0,0.3125436522367222,1.0,1,0,0.0,1.0,0.0,0.3125436522367222,0.0,0.0,1.0,0.0,0.3125436522367222,0.0,13,3,2023,5,12,0,0,0,0,1,0,1,GRAVE_MORTALIDAD,2
5,1,3,0,4,0,-16.547343522134735,-71.72288427305661,0,4,0,0,2,1,1,0,6551.804528442831,2.0,3,3,1.0,13,32,1233.7633570742926,0.6105481451420971,78.10653088113892,68.35418098658066,8.411557426919764,1158.5430895193692,35025.678800856535,10322.272,1495.236,1749.739,7077.2970000000005,2886.595,7435.677000000001,27.964725207783708,11,1,0,0,10,26.513349623075968,26.256674811537984,26.770024434613955,1.0,0.0,0.0,0.0,1,0,0.0,0.08555827051266163,0.9144417294873384,0.08555827051266163,0.0,0.08555827051266163,1.0,0.0,0.0,0.0,5,0,2023,5,10,0,0,0,0,1,0,1,GRAVE_MORTALIDAD,2
3,1,18,0,4,1,-14.702178140459337,-70.89293924843285,0,4,5,0,1,1,1,5,7420.627388706745,2.0,2,0,1.0,9,9,1198.0,0.5110779992067827,74.56660919194053,75.10736875296814,8.46050109451343,710.098873603477,64819.31790301891,13422.741757787155,1989.8115323780287,2155.134426402974,9277.795799006153,3039.061078757718,10383.680679029436,22.48519383259118,4,1,0,0,2,36.854622519037434,36.43430619662787,37.274938841446996,1.0,1.0,0.0,0.8406326448191253,1,0,0.0,0.0,0.8406326448191253,1.0,0.0,0.15936735518087475,0.8406326448191253,1.0,0.8406326448191253,0.0,10,2,2021,1,17,0,0,0,2,1,0,1,GRAVE_MORTALIDAD,2
6,1,9,0,4,0,-10.235740532246929,-76.28839599179516,0,3,1,0,1,2,2,1,6558.245519428718,2.0,3,3,1.0,13,32,1261.6863422651313,0.6048015326445842,72.50692493070194,72.11783820650298,10.10141889567282,1101.787444869868,93879.59624982081,8120.270316179542,1386.7924576964735,914.9474042111032,5818.530454271964,1174.8929889752399,6945.377327204302,14.569542359020538,5,1,0,0,4,23.894833739324152,23.894833739324152,23.894833739324152,1.0,0.8476403295092552,0.0,0.8476403295092552,1,0,0.0,0.0,0.8476403295092552,0.0,0.8476403295092552,0.0,0.15235967049074484,0.0,1.0,0.0,4,0,2021,7,22,0,0,0,1,1,0,1,GRAVE_MORTALIDAD,2
6,1,4,0,4,0,-12.303701569153805,-74.77579242497991,5,4,5,0,2,2,2,2,6543.555,2.0,4,4,1.0,14,33,1198.0,0.5108971922684796,76.12748534765097,71.82494487312077,7.611791393301611,756.814509284693,17758.47020622095,8489.828881440839,1294.5895563271195,1443.809473725153,5751.429851388566,1383.941918727436,7105.886962713403,16.34265917088903,5,1,0,0,4,44.71569726055826,43.801976164781564,45.40098808239078,0.7715697260558262,0.0,0.0,0.0,1,0,0.0,0.0,0.0,1.0,0.0,1.0,0.0,0.2284302739441738,0.2284302739441738,0.2284302739441738,15,2,2022,5,14,2,0,0,1,1,0,1,GRAVE_MORTALIDAD,2
3,1,14,0,4,1,-12.958495573443052,-76.49328732769177,0,4,7,1,2,2,2,0,6628.489586880361,2.1191185762252633,2,0,1.0,7,30,1599.2042807522378,0.702275595809387,79.30647702998401,81.53036198908424,10.328859526926252,1383.7225357908649,59466.3372725503,7626.313,1683.4029999999998,1599.0829999999996,4343.827000000001,1814.875,5811.438000000001,23.797541485643197,3,2,0,0,1,56.91542491605789,49.85586562794526,63.974984204170525,1.0,0.0,0.0,0.0,2,0,0.0,1.0,0.0,1.0,0.0,1.0,1.0,0.0,0.0,0.0,17,1,2022,8,23,3,0,1,0,1,0,1,GRAVE_MORTALIDAD,2