CLASE SINIESTRO,CANTIDAD DE VEHICULOS DAÑADOS,DEPARTAMENTO,ZONA,TIPO DE VÍA,RED VIAL,COORDENADAS LATITUD,COORDENADAS  LONGITUD,CONDICIÓN CLIMÁTICA,ZONIFICACIÓN,CARACTERÍSTICAS DE VÍA,PERFIL LONGITUDINAL VÍA,SUPERFICIE DE CALZADA,¿EXISTE SEÑAL VERTICAL?,¿EXISTE SEÑAL HORIZONTAL?,CAUSA FACTOR PRINCIPAL,MTC_RVN_LONGITUD_KM,MTC_RVN_N_CARRILES_MEDIANA,MTC_RVN_SUPERFICIE_DOMINANTE,MTC_RVN_ESTADO_DOMINANTE,MTC_RVN_ES_CONCESIONADA,MTC_RVN_CONCESION_PRINCIPAL,MTC_RVN_CORREDOR_LOGISTICO,MTC_RVN_N_TRAMOS,IDH_2019,IDH_ESP_VIDA_2019,IDH_EDUC_SECUND_PCT_2019,IDH_ANIOS_EDUC_2019,IDH_INGRESO_PERCAP_2019,IDH_POBLACION_2019,MTC_DEP_RED_TOTAL_KM,MTC_DEP_NACIONAL_TOTAL_KM,MTC_DEP_DEPARTAMENTAL_TOTAL_KM,MTC_DEP_VECINAL_TOTAL_KM,MTC_DEP_PAV_TOTAL_KM,MTC_DEP_NO_PAV_TOTAL_KM,MTC_DEP_PCT_PAVIMENTADA,PER_TOTAL_PERSONAS,PER_N_CONDUCTORES,PER_N_CONDUCTORES_FUGADOS,PER_N_PEATONES,PER_N_PASAJEROS_OCUPANTES,PER_EDAD_COND_PROM,PER_EDAD_COND_MIN,PER_EDAD_COND_MAX,PER_ANY_COND_MASCULINO,PER_ANY_LIC_PROBLEMA,PER_ANY_DOSAJE_POS,PER_ANY_DOSAJE_EVALUADO,VEH_TOTAL,VEH_N_FUGADOS,VEH_ANY_FUGADO,VEH_ANY_CARGA,VEH_ANY_PUBLICO,VEH_ANY_PARTICULAR,VEH_ANY_MOTO,VEH_ANY_AUTO,VEH_ANY_CAMION_BUS,VEH_ANY_SOAT_PROBLEMA,VEH_ANY_CITV_PROBLEMA,VEH_ANY_SEGURO_PROBLEMA,HORA_NUM,FRANJA_HORARIA,ANIO,MES,DIA_MES,DIA_SEMANA,ES_FIN_SEMANA,ES_QUINCENA,REGION_NATURAL,TIENE_SEÑALIZACION,ES_VIA_MULTICARRIL,ES_DEPTO_BAJO_PAVIMENTO,CATEGORIA_SEVERIDAD,CATEGORIA_SEVERIDAD_ENC
3,1,2,1,5,1,-14.918985016781509,-73.72773557628656,0,0,5,0,3,1,1,0,6616.445227153951,2.0,2,0,1.0,10,31,1513.9937248532617,0.6200922722548632,82.45077901830174,67.87206858994853,8.799522079257395,1096.9859005364024,16559.708693223154,10430.958954066396,1590.3671010086784,1621.1286097720485,7219.463243285671,2694.7226606538916,7736.236293412506,25.90052003143056,35,2,0,0,33,52.31562433824373,37.46420490641251,67.16704377007494,1.0,0.0,0.0,0.24403415106875193,2,0,0.0,0.0,0.7559658489312481,1.0,0.0,0.7559658489312481,1.0,0.0,0.24403415106875193,0.24403415106875193,17,2,2025,2,25,2,0,1,0,1,0,1,GRAVE_MORTALIDAD,2
3,1,1,0,4,1,-9.664934281450128,-78.25950168849508,0,2,4,1,2,1,0,0,6543.555,3.0,2,0,1.0,0,30,1475.0,0.5873460606982213,78.04758132038613,65.8701248560095,8.596987164492063,1041.0659985770535,35482.29764453961,10767.648,1885.0630000000003,1222.721,7659.864000000001,2100.343,8667.305000000002,19.506051832303577,4,1,0,0,3,34.35980613146297,34.35980613146297,34.35980613146297,1.0,0.0,0.0,0.640193868537032,1,0,0.0,0.359806131462968,0.0,0.640193868537032,0.0,0.640193868537032,0.359806131462968,0.0,0.640193868537032,0.0,11,1,2022,8,18,5,0,1,0,1,1,1,GRAVE_MORTALIDAD,2
3,2,10,2,3,3,-9.082622080381093,-78.10814352935951,0,2,1,0,2,2,2,0,5939.42362390881,2.0,3,3,1.0,13,32,1083.2671538699599,0.572256486941164,79.0978272414204,61.3672013478603,8.205757857332065,1012.7441270653393,207297.8472129837,9098.525594048528,1354.7296446742698,1913.654573464323,5830.141375909935,1419.1966364605746,7679.3289575879535,15.367292253690035,2,2,0,0,0,35.05854440928999,18.157984566709217,51.95910425187076,1.0,0.8801119685161546,0.0,0.0,2,0,0.0,0.11988803148384541,0.8801119685161546,1.0,1.0,0.0,0.11988803148384541,0.8801119685161546,0.0,0.8801119685161546,15,2,2023,11,4,1,0,0,0,1,0,1,GRAVE_MORTALIDAD,2
4,1,19,0,3,2,-5.1499514031649944,-80.67393313806612,0,4,7,1,2,2,2,1,6543.555,2.5164779326350284,2,1,1.0,6,31,1341.0643873399029,0.6280118493283423,78.56900824399868,74.7111362755473,10.497420145952109,1047.810678906284,181472.06098586158,8965.846000060003,1782.4120000599992,636.9959999999999,6546.438000000004,2214.505000059999,6751.341000000004,24.699342371541725,3,1,0,0,1,38.52188588847797,27.934088269459885,49.10968350749606,1.0,0.0,0.4835220673649715,1.0,1,0,0.0,0.5164779326350285,0.0,1.0,0.4835220673649715,0.0,0.5164779326350285,0.4835220673649715,0.4835220673649715,0.4835220673649715,5,0,2022,4,17,1,0,0,0,1,0,1,GRAVE_MORTALIDAD,2
3,1,13,0,4,1,-7.866412661564208,-78.81779266119233,0,3,7,1,2,2,2,0,1170.0735587636934,2.0,2,0,1.0,1,18,160.79808365659903,0.5554744244936293,76.74154895306401,64.93500126919707,7.888194612551677,993.2860928311333,44153.04374869366,4770.341439796285,882.5747346522029,975.7742337790543,2911.992471365028,1052.9941505738623,3717.347289222423,21.42074446624211,4,2,0,0,2,34.493105895975134,33.122224851232545,35.863986940717716,1.0,0.3145594776287086,0.0,0.6854405223712914,2,0,0.0,0.0,0.0,1.0,0.6854405223712914,0.3145594776287086,1.0,0.0,0.6854405223712914,0.0,20,2,2021,2,8,0,0,0,0,1,0,1,GRAVE_MORTALIDAD,2
1,1,1,1,4,1,-10.697976815996846,-77.12603129334487,0,3,7,1,2,1,1,0,6564.863299917844,2.7790053939240376,2,0,1.0,1,30,1506.1602394567108,0.59071931476732,78.36853809380425,64.6162621530774,8.420087289699023,1082.5854556258794,21135.55177677584,10669.222306324311,1798.913335697226,1339.1891353049416,7531.119835322146,2274.1004510164375,8395.121855307876,21.37537302284304,3,1,0,1,0,37.95764329299584,33.88397842430385,41.98895145468366,0.22099460607596233,0.22099460607596233,0.0,0.0,1,0,0.7790053939240377,0.22099460607596233,0.0,0.22099460607596233,0.0,0.0,0.22099460607596233,0.0,0.0,0.7790053939240377,8,0,2022,8,9,4,0,0,0,1,0,1,GRAVE_MORTALIDAD,2
3,2,4,0,4,1,-13.0364810946689,-73.98441402781101,0,4,0,0,2,2,2,5,3409.3259459482615,1.0200527097840086,2,2,0.020052709784008527,9,12,1090.7720868063363,0.24261791684626732,78.50714575045104,52.07936137777585,3.681056324615929,187.00941329988055,17627.97251849502,12698.05539009368,1809.3994697639605,1785.6662360496364,9102.989684280083,2501.9922193856837,10196.063170707994,19.696749963301073,5,2,0,0,2,40.487070775010736,25.461212325032196,49.959894580431985,1.0,0.9799472902159915,0.0,0.9799472902159915,2,0,0.0,0.0,0.0,1.0,0.9799472902159915,1.0,0.9799472902159915,0.0,0.9799472902159915,0.0,3,0,2021,7,3,1,0,0,2,1,0,1,GRAVE_MORTALIDAD,2
3,1,18,0,4,1,-5.812549383632583,-79.7512761349757,0,4,6,0,2,2,2,0,1317.994731252607,2.0,2,0,0.8904695739838898,1,19,221.59877791861896,0.4160350630857502,74.34874334241677,50.4218847338136,5.162433923379256,681.7300820943243,12898.725550730407,8819.126379900792,1771.5675021039983,742.3737989745613,6305.185078822233,2170.733355904609,6648.393023996184,24.600567736327555,2,1,0,0,1,36.98577383414499,28.971547668289983,45.0,1.0,0.10953042601611018,0.0,0.8904695739838898,1,0,0.0,0.8904695739838898,0.0,1.0,0.8904695739838898,0.10953042601611018,0.8904695739838898,0.0,0.8904695739838898,0.0,14,3,2022,10,17,4,0,0,0,1,0,1,GRAVE_MORTALIDAD,2
6,1,7,0,4,1,-13.11576194953634,-72.34556689215962,1,4,0,0,2,1,1,2,3447.8009999999995,1.0,2,3,0.0,9,12,1109.0,0.4706944943299555,76.79406176595778,61.64424635983724,7.141255198110581,653.4175319142125,3282.6252676659524,17779.13499998999,2097.3709999899997,2863.123,12818.640999999989,2878.713,14900.421999989989,16.19152450331032,13,1,0,0,12,39.644432979682165,39.644432979682165,39.644432979682165,1.0,0.43071861704947556,0.0,0.5692813829505244,1,0,0.0,0.0,0.0,0.43071861704947556,0.0,0.0,1.0,0.0,0.0,0.0,12,1,2021,9,8,2,0,0,2,1,0,1,GRAVE_MORTALIDAD,2
6,1,8,0,4,1,-11.671401176057906,-75.67042120656414,0,4,5,0,2,2,2,0,1318.7571300680288,1.1880908850400953,1,2,0.1880908850400953,8,18,238.0245495431838,0.2799694054906582,69.9497582892732,54.867468162872484,4.868473549135972,245.26273507948656,6272.40048600662,8590.499784252626,1424.740056549942,1994.873203835387,5170.886523867297,1755.3882313345762,6835.111552918049,20.497078237023658,3,1,0,0,2,37.80245495431838,37.80245495431838,37.80245495431838,1.0,0.1880908850400953,0.0,0.0,1,0,0.0,0.0,0.0,1.0,0.1880908850400953,0.8119091149599047,0.0,0.1880908850400953,0.0,0.1880908850400953,5,0,2024,4,26,6,1,0,1,1,0,1,GRAVE_MORTALIDAD,2
3,1,13,0,4,1,-10.18228121697244,-78.05874670752205,0,4,7,1,2,1,0,2,6543.555,3.0,2,0,1.0,0,30,1475.0,0.6160400366086465,81.51824545356554,71.09800023070457,8.953833909837284,1058.0832633817877,20542.327711774782,7877.052782745904,1616.6013500333577,1663.7886776881878,4596.662755024358,1700.4894207834868,6176.563361962418,21.848830840560453,5,1,0,0,3,45.09922537517854,40.655566210099984,49.542884540257106,1.0,0.0,0.0,0.8079380300142834,1,0,0.0,0.0,0.8079380300142834,1.0,0.0,0.8079380300142834,1.0,0.0,0.0,0.0,11,1,2021,3,16,5,1,0,0,1,1,1,GRAVE_MORTALIDAD,2
6,1,7,0,4,0,-13.252798237575815,-71.50978761018989,1,4,1,0,1,1,0,5,6543.555,2.0,4,4,1.0,14,33,1198.0,0.2466226927938573,59.50771953912937,42.678907967899015,3.991373779253808,285.51302601039464,12676.173447537472,17779.13499998999,2097.3709999899997,2863.123,12818.640999999989,2878.713,14900.421999989989,16.19152450331032,6,1,0,0,5,28.176758525961322,28.176758525961322,28.176758525961322,1.0,1.0,0.0,0.0,1,0,0.0,0.0,0.0,1.0,0.0,1.0,0.0,0.0,0.8101473397290309,0.0,9,0,2021,2,14,5,1,0,2,1,0,1,GRAVE_MORTALIDAD,2
3,2,7,1,4,1,-13.628698040711907,-71.36949040019593,0,3,0,0,1,1,1,2,3624.94180012891,2.0,2,0,1.0,5,19,635.6287800002962,0.26755202584860455,66.20202726871956,57.73251618105547,3.7234415770792655,281.7595512529338,15739.330659750101,17779.13499998999,2097.3709999899997,2863.123,12818.640999999989,2878.713,14900.421999989989,16.19152450331032,3,2,0,0,1,34.724569699365915,23.9915490822827,45.457590316449135,1.0,1.0,0.0,0.1101721202536331,2,0,0.0,0.0,0.0,1.0,1.0,0.8898278797463669,0.1101721202536331,0.1101721202536331,0.1101721202536331,0.1101721202536331,13,2,2021,6,18,4,0,1,2,1,0,1,GRAVE_MORTALIDAD,2
6,1,10,0,4,0,-13.497381774302918,-75.81171766098151,6,4,6,1,6,2,2,0,6543.555,2.0,4,4,1.0,14,33,1198.0,0.35262247589022533,74.42964527087784,53.365676041934876,7.347071834116601,325.85383413469464,639.5193384925888,3721.461,698.1859999999996,744.866,2278.409,1102.9029999999996,2618.558,29.636290693359403,2,1,0,0,1,45.95098911718321,45.95098911718321,45.95098911718321,0.7212872689738267,0.0,0.0,0.0,1,0,0.0,0.7212872689738267,0.0,0.27871273102617333,0.0,0.27871273102617333,0.7212872689738267,0.0,0.0,0.0,19,2,2023,4,18,2,0,0,0,1,0,1,GRAVE_MORTALIDAD,2
6,1,10,0,4,0,-9.087980924952484,-76.46413511722976,0,4,6,0,1,2,2,1,6543.555,2.0,4,4,1.0,14,33,1198.0,0.1896381337911619,74.43156601512896,38.646792740834975,3.9730428207706727,124.78690417936048,1453.05912982506,8842.217744564608,1327.2776299607376,1836.200458460553,5678.739656143317,1252.686437376644,7589.531307187964,14.196927624669481,3,1,0,0,2,33.59215773060543,33.59215773060543,33.59215773060543,1.0,0.0,0.0,0.0,1,0,0.0,0.8435730811783809,0.0,0.15642691882161908,0.0,0.0,1.0,0.0,0.8435730811783809,0.0,22,2,2022,6,5,5,0,0,0,1,0,1,GRAVE_MORTALIDAD,2
5,1,1,0,4,1,-9.461846415678265,-78.3258473912283,0,4,7,1,2,2,2,0,6543.555,3.0,2,0,1.0,0,30,1475.0,0.5873460606982213,78.04758132038613,65.8701248560095,8.596987164492063,1041.0659985770535,35482.29764453961,10767.648,1885.0630000000003,1222.721,7659.864000000001,2100.343,8667.305000000002,19.506051832303577,3,1,0,0,2,37.849937491404724,37.399749965618895,38.30012501719055,1.0,0.0,0.0,0.0,1,0,0.0,1.0,0.0,0.15006250859527626,0.0,0.0,1.0,0.0,0.0,0.0,2,0,2022,11,23,3,0,1,0,1,1,1,GRAVE_MORTALIDAD,2
3,1,3,0,4,1,-16.124701914327204,-71.59847265389523,0,4,7,1,2,0,1,0,1504.4250000000002,2.0,2,0,1.0,7,25,241.0,0.6005060748875158,78.21704200773246,77.40211893847457,8.994742794352394,996.014120858737,33335.45824411135,10322.272,1495.236,1749.739,7077.2970000000005,2886.595,7435.677000000001,27.964725207783708,11,2,0,0,9,47.61311558082684,39.65477877434421,55.57145238730948,1.0,0.0,0.0,1.0,2,0,0.0,1.0,0.27381051613789487,0.0,0.0,0.0,1.0,0.0,0.27381051613789487,0.0,5,0,2025,7,14,5,1,0,0,1,0,1,GRAVE_MORTALIDAD,2
3,1,7,0,4,2,-14.397972711854239,-71.5105715257608,0,4,4,0,2,1,1,1,6543.555,2.0,4,4,1.0,14,33,1198.0,0.2937326079404251,62.870986545052226,64.30675554648653,5.439394275465257,281.6756266895845,5038.921406056178,17779.13499998999,2097.3709999899997,2863.123,12818.640999999989,2878.713,14900.421999989989,16.19152450331032,3,1,0,0,1,27.57908731781737,25.474523906904214,29.683650728730527,1.0,0.0,0.0,0.8418253643652626,1,0,0.0,0.8418253643652626,0.0,1.0,0.0,1.0,0.8418253643652626,0.0,0.0,0.0,8,1,2022,5,20,6,1,1,2,1,0,1,GRAVE_MORTALIDAD,2
2,1,17,0,3,1,-7.214565033051771,-79.48883288652378,0,2,5,1,2,2,2,0,2871.5205455486084,2.0,2,1,1.0,4,23,472.4781233956732,0.6543514503597597,80.20624867883068,73.43427807785184,10.207092104550837,1187.429933979134,158919.62751051725,8565.308648286915,1752.8070536466169,924.6722118873167,5887.8293827529815,2095.0105628897754,6470.29808539714,24.429692472175123,7,1,0,0,5,35.54654437863271,30.99012679609346,40.102961961171964,1.0,1.0,0.0,0.7009873203906539,1,0,0.0,0.7009873203906539,0.0,1.0,0.0,0.7009873203906539,1.0,0.0,0.7009873203906539,0.0,18,2,2022,1,19,4,0,0,0,1,0,1,GRAVE_MORTALIDAD,2
3,1,3,0,4,1,-16.03686177926793,-71.31629060245938,0,4,0,0,2,0,1,0,1504.4250000000002,2.0,2,0,1.0,7,25,241.0,0.4685280505645348,81.83746865987648,70.74305753660312,6.037751599761188,617.4715908037651,1751.8736616702354,10322.272,1495.236,1749.739,7077.2970000000005,2886.595,7435.677000000001,27.964725207783708,4,1,0,0,2,38.95953394281504,38.61783297302033,39.30123491260976,1.0,0.31659806041056904,0.0,0.0,1,0,0.0,0.683401939589431,0.0,1.0,0.0,0.31659806041056904,0.683401939589431,0.0,0.683401939589431,0.0,9,1,2022,8,6,4,0,0,0,1,0,1,GRAVE_MORTALIDAD,2
3,2,3,0,4,1,-16.056961779327985,-71.35035771581336,0,4,4,0,2,0,1,0,1504.4250000000002,2.0,2,0,1.0,7,25,241.0,0.4685280505645348,81.83746865987648,70.74305753660312,6.037751599761188,617.4715908037651,1751.8736616702354,10322.272,1495.236,1749.739,7077.2970000000005,2886.595,7435.677000000001,27.964725207783708,7,2,0,0,5,48.86294011625107,45.342443112692635,52.38343711980949,1.0,0.0,0.0,0.0,2,0,0.0,1.0,0.6712215563463176,0.32877844365368236,0.0,0.0,1.0,0.0,0.32877844365368236,0.0,17,1,2022,3,15,5,1,0,0,1,0,1,GRAVE_MORTALIDAD,2
5,1,12,1,2,3,-8.238125577212488,-78.95852612039633,0,0,8,1,2,2,2,0,6371.896562686015,2.0,3,3,0.9685540449410525,13,32,1192.5598497748022,0.7130637911057334,79.55366951503684,77.1569870237329,11.728252440995757,1373.809828388558,332058.05737642583,8890.774833981222,1346.5273119669175,1925.388857740641,5618.8586642736645,1238.037141670637,7652.737692310586,13.970340515795046,2,1,0,0,1,26.0,25.937108089882106,26.062891910117894,1.0,0.9685540449410525,0.0,0.0,1,0,0.0,0.0,0.03144595505894754,1.0,0.9685540449410525,0.0,0.03144595505894754,0.0,0.03144595505894754,0.0,17,2,2024,10,15,4,0,0,0,1,0,1,GRAVE_MORTALIDAD,2
6,1,11,0,4,1,-9.163110101445222,-77.96906044857023,0,4,6,0,1,2,2,2,6543.555,2.7264967463374226,2,1,1.0,3,30,1399.2395987354662,0.42753859812594264,76.50659351755908,50.65120571668556,5.55856062920178,682.8396150137817,9842.307971821916,8734.14777984705,1335.0123611282643,1623.0936367904899,5776.041781928295,1175.698906203502,7558.448873643547,13.448771091962474,2,1,0,0,1,28.27350325366258,28.27350325366258,28.27350325366258,1.0,0.0,0.0,0.0,1,0,0.0,0.27350325366257733,0.0,0.7264967463374227,0.0,0.7264967463374227,0.27350325366257733,0.0,0.7264967463374227,0.0,13,3,2021,7,15,0,0,0,0,1,0,1,GRAVE_MORTALIDAD,2
3,1,20,0,4,2,-15.986761815497186,-70.05992372541277,1,4,5,1,2,2,2,2,6543.555,2.0,4,4,1.0,14,33,1198.0,0.3161235548722933,67.97112017787025,70.9709469327325,6.0140769359969095,274.3143224706544,5256.6337768087715,13642.312999999998,2020.7790000000005,2354.117,9267.416999999998,3314.0520000000006,10328.260999999997,24.29244952817019,9,1,0,1,6,60.23897618115429,55.64216929145399,64.8357830708546,1.0,0.16421692914539876,0.0,0.0,1,0,0.0,0.0,0.8357830708546012,0.16421692914539876,0.0,0.0,1.0,0.16421692914539876,0.16421692914539876,0.16421692914539876,21,2,2022,11,8,2,0,0,2,1,0,1,GRAVE_MORTALIDAD,2
6,1,7,0,4,0,-13.666075046363037,-71.51877333198163,0,4,0,0,3,2,2,2,6543.555,2.0,4,4,1.0,14,33,1198.0,0.2755533560852189,63.509151602345085,58.97375048460168,5.385444999244934,298.90030051865244,5401.806482906744,17779.13499998999,2097.3709999899997,2863.123,12818.640999999989,2878.713,14900.421999989989,16.19152450331032,4,1,0,0,2,55.12992881527278,55.12992881527278,55.12992881527278,1.0,1.0,0.0,0.0,1,0,0.0,0.0,0.0,1.0,0.0,1.0,0.0,0.0,0.584836413395896,0.0,19,2,2022,6,13,4,0,0,2,1,0,1,GRAVE_MORTALIDAD,2
3,1,10,0,4,1,-12.2174341540554,-76.95846202618935,0,0,7,1,2,1,1,1,6617.304616797131,2.2351211699115314,2,0,1.0,6,30,1582.8479150424741,0.5273860303140078,77.55803258957827,65.52119043892867,9.194079143810988,744.6490502304899,12072.72413875081,3659.9133313522584,655.1296708811204,731.901888933418,2272.88177153772,1008.9608068041871,2650.952524548071,27.448183512678177,35,1,0,0,33,44.84974164336333,42.17266573805369,47.526817548672966,1.0,0.0,0.0,1.0,1,0,0.0,0.0,0.0,0.0,0.0,0.0,1.0,0.0,0.0,0.7648788300884687,5,0,2022,6,21,3,0,1,0,1,0,1,GRAVE_MORTALIDAD,2
2,1,14,0,4,1,-10.819408850910749,-77.73514259721016,0,3,5,1,2,1,0,1,6543.555,3.0,2,0,1.0,0,30,1475.0,0.6232269475240237,81.64400979279046,70.88205670391082,8.647130427308547,1121.6586919754616,20601.675768769568,7626.313,1683.4029999999998,1599.0829999999996,4343.827000000001,1814.875,5811.438000000001,23.797541485643197,4,1,0,0,2,45.66658537168625,40.42850174715964,50.730058079230595,1.0,0.0,0.0,0.8253890830177381,1,0,0.0,0.0,0.8253890830177381,1.0,0.0,1.0,0.8253890830177381,0.0,0.0,0.0,12,1,2021,2,17,4,0,0,0,1,1,1,GRAVE_MORTALIDAD,2
3,1,14,0,4,0,-6.558338427546244,-79.97079572672882,0,4,7,1,2,2,2,0,6543.555,2.6777396061805154,2,1,1.0,4,30,1385.7338709120027,0.5376025947945257,82.56189212005474,66.37692545549243,7.011642054027687,844.2988627683527,12605.195779370812,8942.79065409629,1479.583033706545,1517.3709378136093,5945.836682576137,1540.021254906911,7402.76939918938,17.211634073547554,3,2,0,0,1,29.0,25.71095842472206,32.28904157527794,1.0,0.3222603938194847,0.0,0.3222603938194847,2,0,0.0,0.0,0.0,1.0,1.0,1.0,0.0,0.0,0.0,1.0,21,2,2022,9,21,0,0,0,0,1,0,1,GRAVE_MORTALIDAD,2
3,1,13,0,4,1,-6.95950726817735,-79.69092193243854,0,4,7,1,2,1,0,0,6543.555,3.0,2,0,1.0,0,30,1475.0,0.5328313946151968,80.14557682903842,69.10246351364754,7.779461377421685,787.1306410578989,10221.605995717344,3459.691,515.0619999999999,689.7280000000001,2254.901,703.3549999999999,2756.336,20.329994788551925,23,1,0,0,21,56.564237592223805,46.334035479563795,66.79443970488381,1.0,0.0,0.0,0.02569503688952257,1,0,0.0,0.9743049631104774,0.9743049631104774,0.0,0.0,0.0,1.0,0.0,0.0,0.0,16,2,2021,3,22,1,0,1,0,1,1,1,GRAVE_MORTALIDAD,2
3,1,2,0,4,0,-13.52075096868673,-73.5501373310078,0,3,0,0,1,2,2,1,6544.873237505333,2.0,3,3,1.0,13,32,1203.7148234518672,0.2475780639807278,70.9068522428731,58.64181017631721,4.965143689065581,181.3544128661665,8987.719654123966,8348.954226984215,1287.9327461547202,1302.2120283528316,5758.809452476663,1437.9082626907082,6911.045964293507,17.230494141021214,7,2,0,0,5,44.99544272452004,34.945312694240506,55.10937461151899,1.0,0.0,0.0,0.0,2,0,0.0,0.0,0.9863281735601263,1.0,0.0,0.013671826439873747,1.0,0.0,0.013671826439873747,0.0,6,1,2022,7,23,2,0,0,1,1,0,1,GRAVE_MORTALIDAD,2
5,1,4,0,3,2,-13.273401592916802,-74.0287526451867,0,3,3,0,2,1,1,2,6543.555,2.0,4,4,1.0,14,33,1198.0,0.24262448451277618,69.50449490446842,47.45904257419297,4.5040987326577095,194.14130172521055,5709.8547340841515,12678.733000000004,1805.074000000001,1774.0339999999994,9099.625000000004,2485.375000000001,10193.358000000002,19.602707936195205,2,1,0,0,1,27.201680848345408,27.201680848345408,27.201680848345408,1.0,0.487394946978412,1.0,1.0,1,0,0.0,0.0,0.0,0.487394946978412,0.487394946978412,0.0,0.512605053021588,0.0,0.0,0.0,11,1,2024,3,18,3,0,0,2,1,0,1,GRAVE_MORTALIDAD,2
6,1,19,0,4,0,-14.071281782788693,-70.24908212312695,0,4,0,0,1,2,2,4,6543.555,2.0,4,4,1.0,14,33,1198.0,0.5971428103386822,62.64290946940562,72.47718109514888,7.940052589819219,1586.561219566234,26309.27073806268,13793.048932964939,2001.9240267618939,2260.88362895715,9530.241277245896,3227.690064958831,10565.358868006108,23.520720471898727,11,1,0,0,10,33.276967706102646,33.276967706102646,33.276967706102646,1.0,0.0657302085361231,0.0,0.0657302085361231,1,0,0.0,0.0,0.0657302085361231,0.0,0.0,0.0,1.0,0.0657302085361231,1.0,0.0657302085361231,11,1,2022,1,21,3,0,1,2,1,0,1,GRAVE_MORTALIDAD,2
3,2,12,0,4,1,-7.3152154942928735,-79.48077995214129,0,4,7,1,2,2,2,0,6543.555,3.0,2,0,1.0,0,30,1475.0,0.5650979329787121,81.32490571897102,68.6769211482833,7.868096912305706,909.6843705053026,43897.946466809415,8931.828000000005,1335.5899999999997,1935.9830000000004,5660.255000000005,1219.309,7712.519000000005,13.651281686122925,2,2,0,0,0,39.829557373198995,28.590847794976618,51.068266951421364,1.0,0.5227306780568546,0.0,0.0,2,0,0.0,0.0,0.0,1.0,1.0,0.4772693219431454,0.0,1.0,0.4772693219431454,0.5227306780568546,12,1,2022,10,17,3,0,0,0,1,1,1,GRAVE_MORTALIDAD,2
3,1,10,0,4,1,-8.829174688277512,-78.11743913951179,0,4,5,0,1,2,2,1,6543.555,2.708411871838843,2,1,1.0,4,30,1394.2300884993595,0.4687273648100013,76.85881188869848,57.958464953119964,6.193780430008261,740.5993660913014,24710.494729799677,8809.243767744796,1367.6072512364792,1957.1327616999135,5484.503754808404,1411.8358933809673,7397.407874363828,16.109873374858715,8,1,0,0,6,44.60467716695248,37.16635251264463,52.043001821260326,1.0,0.7084118718388427,0.0,0.0,1,0,0.0,0.0,1.0,0.0,1.0,0.0,0.7084118718388427,0.0,0.0,0.7084118718388427,7,0,2023,8,6,3,0,0,0,1,0,1,GRAVE_MORTALIDAD,2
6,1,14,2,4,1,-12.049809187187606,-76.94514331371622,0,1,7,1,2,2,2,2,5101.486099115809,2.0,2,0,1.0,7,26,1226.327039375793,0.6868549636939637,79.62363164345142,76.30894566128948,9.209137883551294,1425.4498631666322,684921.8484148846,7626.313,1683.4029999999998,1599.0829999999996,4343.827000000001,1814.875,5811.438000000001,23.797541485643197,2,1,0,1,0,33.46271210232088,33.46271210232088,33.46271210232088,1.0,0.0,0.0,0.0,1,0,0.0,0.0,0.0,1.0,0.26689928809877184,0.7331007119012282,0.0,0.0,0.26689928809877184,0.0,19,2,2024,3,17,4,0,0,0,1,0,1,GRAVE_MORTALIDAD,2
3,2,22,0,4,1,-18.109584449611752,-70.73007480866893,0,4,7,1,2,2,2,2,1926.94,2.0,2,0,1.0,9,32,393.0,0.5620249583441705,74.22335866381876,70.46508364170501,8.821813789682928,946.9685053109105,2964.9163253149736,2650.572,630.6729999999998,487.3610000000001,1532.5379999999998,1068.7019999999998,1581.87,40.31967439480987,4,2,0,0,1,47.9795310341253,36.91642583021407,66.78851711610444,1.0,0.0,0.0,1.0,2,0,0.0,1.0,0.0,0.0,0.0,0.0704942946318512,1.0,0.0,0.0,0.0,22,2,2022,12,26,1,0,0,0,1,0,1,GRAVE_MORTALIDAD,2
6,1,4,0,4,2,-14.135226122100185,-74.0003435217662,0,4,0,0,2,1,0,2,6543.555,2.0,4,4,1.0,14,33,1198.0,0.37459809538636585,74.98672151573581,60.248355032265266,5.9641502924585,454.0486216188152,2988.538772236113,12678.733000000004,1805.074000000001,1774.0339999999994,9099.625000000004,2485.375000000001,10193.358000000002,19.602707936195205,39,1,0,0,37,47.447982499235266,39.17244638897386,55.72351860949668,1.0,0.0,0.0,0.8275536110261409,1,0,0.0,0.0,0.8275536110261409,0.1724463889738591,0.0,0.1724463889738591,0.8275536110261409,0.0,0.8275536110261409,0.0,9,1,2022,4,9,3,0,0,2,1,0,1,GRAVE_MORTALIDAD,2