CLASE SINIESTRO,CANTIDAD DE VEHICULOS DAÑADOS,DEPARTAMENTO,ZONA,TIPO DE VÍA,RED VIAL,COORDENADAS LATITUD,COORDENADAS  LONGITUD,CONDICIÓN CLIMÁTICA,ZONIFICACIÓN,CARACTERÍSTICAS DE VÍA,PERFIL LONGITUDINAL VÍA,SUPERFICIE DE CALZADA,¿EXISTE SEÑAL VERTICAL?,¿EXISTE SEÑAL HORIZONTAL?,CAUSA FACTOR PRINCIPAL,MTC_RVN_LONGITUD_KM,MTC_RVN_N_CARRILES_MEDIANA,MTC_RVN_SUPERFICIE_DOMINANTE,MTC_RVN_ESTADO_DOMINANTE,MTC_RVN_ES_CONCESIONADA,MTC_RVN_CONCESION_PRINCIPAL,MTC_RVN_CORREDOR_LOGISTICO,MTC_RVN_N_TRAMOS,IDH_2019,IDH_ESP_VIDA_2019,IDH_EDUC_SECUND_PCT_2019,IDH_ANIOS_EDUC_2019,IDH_INGRESO_PERCAP_2019,IDH_POBLACION_2019,MTC_DEP_RED_TOTAL_KM,MTC_DEP_NACIONAL_TOTAL_KM,MTC_DEP_DEPARTAMENTAL_TOTAL_KM,MTC_DEP_VECINAL_TOTAL_KM,MTC_DEP_PAV_TOTAL_KM,MTC_DEP_NO_PAV_TOTAL_KM,MTC_DEP_PCT_PAVIMENTADA,PER_TOTAL_PERSONAS,PER_N_CONDUCTORES,PER_N_CONDUCTORES_FUGADOS,PER_N_PEATONES,PER_N_PASAJEROS_OCUPANTES,PER_EDAD_COND_PROM,PER_EDAD_COND_MIN,PER_EDAD_COND_MAX,PER_ANY_COND_MASCULINO,PER_ANY_LIC_PROBLEMA,PER_ANY_DOSAJE_POS,PER_ANY_DOSAJE_EVALUADO,VEH_TOTAL,VEH_N_FUGADOS,VEH_ANY_FUGADO,VEH_ANY_CARGA,VEH_ANY_PUBLICO,VEH_ANY_PARTICULAR,VEH_ANY_MOTO,VEH_ANY_AUTO,VEH_ANY_CAMION_BUS,VEH_ANY_SOAT_PROBLEMA,VEH_ANY_CITV_PROBLEMA,VEH_ANY_SEGURO_PROBLEMA,HORA_NUM,FRANJA_HORARIA,ANIO,MES,DIA_MES,DIA_SEMANA,ES_FIN_SEMANA,ES_QUINCENA,REGION_NATURAL,TIENE_SEÑALIZACION,ES_VIA_MULTICARRIL,ES_DEPTO_BAJO_PAVIMENTO,CATEGORIA_SEVERIDAD,CATEGORIA_SEVERIDAD_ENC
6,1,20,0,4,1,-14.593282596936913,-69.67721771939709,2,4,0,0,4,2,2,2,6543.555,2.0,4,4,1.0,14,33,1198.0,0.31165424276153375,68.5211092850056,66.6204933405736,5.963431350632465,283.5071783107892,5199.521455038007,13642.312999999998,2020.7790000000005,2354.117,9267.416999999998,3314.0520000000006,10328.260999999997,24.29244952817019,3,1,0,0,2,58.11485441482546,58.11485441482546,58.11485441482546,1.0,1.0,0.0,0.0,1,0,0.0,0.0,0.0,1.0,0.0,0.0,1.0,0.5796324582018182,1.0,0.5796324582018182,18,2,2021,7,19,3,0,0,2,1,0,1,GRAVE_MORTALIDAD,2
6,1,14,2,3,2,-12.008572673818506,-76.9660823428004,0,0,4,1,2,1,1,1,3394.9027996033324,2.0,2,1,1.0,7,22,619.1428790786462,0.7113646445871437,79.93236007127491,77.50703597238584,10.042557641652536,1482.892485028445,709143.2400075904,7626.313,1683.4029999999998,1599.0829999999996,4343.827000000001,1814.875,5811.438000000001,23.797541485643197,5,1,0,0,3,28.111598910996484,26.333699183247365,29.44502370680833,1.0,0.0,0.0,0.0,1,0,0.0,0.0,0.4444749319372804,0.5555250680627196,0.5555250680627196,0.0,0.4444749319372804,0.0,1.0,0.0,16,1,2024,3,10,3,0,0,0,1,0,1,GRAVE_MORTALIDAD,2
4,1,7,0,4,1,-13.23398916799985,-72.295078284619,0,4,5,0,2,1,1,2,3447.8009999999995,1.0,2,3,0.0,9,12,1109.0,0.4436910265814239,73.23231952981627,68.31759937357421,6.347812015893606,607.5963608103546,11277.284796573877,17779.13499998999,2097.3709999899997,2863.123,12818.640999999989,2878.713,14900.421999989989,16.19152450331032,3,1,0,0,1,30.905674730205078,30.905674730205078,30.905674730205078,1.0,0.0,0.0,0.7396216846529949,1,0,0.0,0.26037831534700506,0.0,0.7396216846529949,0.7396216846529949,0.0,1.0,0.0,0.7396216846529949,0.0,3,0,2024,9,18,1,0,1,2,1,0,1,GRAVE_MORTALIDAD,2
6,1,15,0,4,1,-6.482410704647629,-79.2340526262762,0,4,7,1,1,2,2,0,965.8467891875998,1.5007570924752254,1,1,0.5007570924752253,4,25,152.2963421241644,0.4950992345263656,76.85348258451612,53.434587168040096,6.663175528645355,853.349583524569,9432.156740135482,8948.862754801872,1559.33928560401,1285.5060467168846,6104.017422480977,1717.6604554330193,7231.202299368852,19.183676432443086,5,1,0,0,4,31.50984220217793,31.50984220217793,31.50984220217793,1.0,0.0,0.0,0.5007570924752253,1,0,0.0,0.0,0.0,1.0,0.0,1.0,0.0,0.0,0.0,0.0,17,1,2022,10,6,4,0,0,0,1,0,1,GRAVE_MORTALIDAD,2
3,2,12,0,4,1,-8.0999370862237,-79.09734580543262,0,2,7,1,2,2,2,1,6543.555,3.0,2,0,1.0,0,30,1475.0,0.583006771156836,78.2441938961209,62.24037484511178,8.807312392374042,1028.2282118265089,76607.295503212,8931.828000000005,1335.5899999999997,1935.9830000000004,5660.255000000005,1219.309,7712.519000000005,13.651281686122925,3,2,0,0,1,45.0915715089378,37.27714339291866,52.90599962495694,1.0,0.2722856607081342,0.0,0.0,2,0,0.0,1.0,1.0,0.0,0.2722856607081342,0.0,1.0,0.0,0.0,0.2722856607081342,20,2,2021,11,20,1,0,1,0,1,1,1,GRAVE_MORTALIDAD,2
0,1,6,2,4,1,-8.00746427003072,-78.24636505677883,0,0,1,0,2,2,2,0,885.3133066392774,2.0,2,0,1.0,7,16,155.16939649963157,0.6199217664413867,74.10978135938497,74.32828641975847,9.577425444821161,1160.9993031164338,257001.96808246558,14528.006806487923,1725.3667500622244,1048.0681132870925,11754.571943138608,1968.7791838068765,12559.227622681048,14.456615940191663,5,2,0,1,2,37.93168074797368,32.32241400147369,42.71034399410526,0.16939649963157855,0.0,0.0,0.0,2,0,0.8306035003684215,0.16939649963157855,0.0,1.0,0.8306035003684215,0.0,0.16939649963157855,0.8306035003684215,0.0,0.8306035003684215,6,0,2024,5,16,5,0,0,1,1,0,1,GRAVE_MORTALIDAD,2
4,1,7,0,4,1,-13.544290172868005,-72.03580422451655,0,4,4,0,1,2,2,3,7191.285057000266,2.0,2,1,1.0,10,15,1198.0,0.44347124662313153,67.18869541596318,66.4672155379547,7.227454221761045,673.7747903775955,8668.494724406966,17779.13499998999,2097.3709999899997,2863.123,12818.640999999989,2878.713,14900.421999989989,16.19152450331032,6,1,0,0,5,33.033449571952865,29.308536750917515,36.75836239298822,1.0,0.0,0.3791811964941082,0.3791811964941082,1,0,0.0,0.0,0.0,1.0,0.0,1.0,0.6208188035058918,0.0,0.3791811964941082,0.0,11,0,2024,3,13,4,0,0,2,1,0,1,GRAVE_MORTALIDAD,2
3,1,7,0,4,2,-14.145668312918659,-71.55990841295305,0,4,3,0,3,1,1,3,6543.555,2.0,4,4,1.0,14,33,1198.0,0.2705550466716123,62.68963075753004,58.7259140981032,4.894532230038472,260.94791420746037,5184.131292015613,17779.13499998999,2097.3709999899997,2863.123,12818.640999999989,2878.713,14900.421999989989,16.19152450331032,6,1,0,0,4,30.73160629618782,28.934129404054737,32.529083188320904,1.0,0.0,0.0,0.7189907568532331,1,0,0.0,0.7189907568532331,0.0,1.0,0.0,0.7189907568532331,1.0,0.0,0.0,0.0,9,1,2022,6,21,4,0,1,2,1,0,1,GRAVE_MORTALIDAD,2
4,1,20,0,4,1,-15.681196394829552,-70.74526385340666,0,4,3,0,2,2,2,2,1504.4250000000002,2.0,2,0,1.0,7,25,241.0,0.4698599762559323,78.4228993312338,68.12786536644234,6.991927650318564,610.3916333612686,6938.8501070663815,13642.312999999998,2020.7790000000005,2354.117,9267.416999999998,3314.0520000000006,10328.260999999997,24.29244952817019,4,1,0,0,2,33.172420180428496,28.90101059031325,37.443829770543736,1.0,0.0,0.0,0.0,1,0,0.0,0.0,0.4304787213179674,0.5695212786820326,0.0,0.0,1.0,0.4304787213179674,1.0,1.0,1,0,2022,11,22,2,0,1,2,1,0,1,GRAVE_MORTALIDAD,2
6,1,7,0,4,0,-14.129239388424725,-71.78118790593658,3,4,1,0,5,2,2,2,6543.555,2.0,4,4,1.0,14,33,1198.0,0.253579270581603,66.2639299981727,58.759172911029026,4.444673015077467,223.76472517986247,1091.4819857611383,17779.13499998999,2097.3709999899997,2863.123,12818.640999999989,2878.713,14900.421999989989,16.19152450331032,2,1,0,0,1,26.691756385605974,26.691756385605974,26.691756385605974,0.26164872287880525,0.26164872287880525,0.0,0.26164872287880525,1,0,0.0,0.0,0.0,1.0,0.26164872287880525,0.0,0.7383512771211947,0.26164872287880525,0.26164872287880525,0.26164872287880525,16,1,2021,3,11,3,0,0,2,1,0,1,GRAVE_MORTALIDAD,2
3,1,20,0,4,1,-16.744305845076237,-69.73468595576382,0,4,0,0,2,2,2,2,1529.105,2.0,2,0,1.0,9,21,200.0,0.3367238884705214,79.36896456880557,60.06171049206615,6.384918376891411,270.8405155620205,5778.8501070663815,13642.312999999998,2020.7790000000005,2354.117,9267.416999999998,3314.0520000000006,10328.260999999997,24.29244952817019,3,1,0,0,1,56.7543639265012,53.32044873630104,60.18827911670135,0.8584787975500399,0.14152120244996014,0.0,0.0,1,0,0.0,0.0,0.0,1.0,0.8584787975500399,0.14152120244996014,0.8584787975500399,0.0,0.0,0.8584787975500399,9,1,2022,9,23,5,1,1,2,1,0,1,GRAVE_MORTALIDAD,2
3,1,22,0,4,1,-17.866085133110545,-70.89618664767927,0,4,6,0,2,2,2,2,1794.5597164251753,2.0,2,0,0.8824701949431355,9,32,393.23505961011375,0.6665007906513823,74.06262070661472,68.89638090581373,9.624391684386174,1502.6301825602966,2936.5490838999413,2650.572,630.6729999999998,487.3610000000001,1532.5379999999998,1068.7019999999998,1581.87,40.31967439480987,3,1,0,0,2,55.26593704690292,48.64741058482941,61.88446350897644,1.0,0.0,0.0,1.0,1,0,0.0,0.8824701949431355,0.0,0.1175298050568645,0.0,0.8824701949431355,1.0,0.0,0.0,0.0,16,1,2022,12,12,2,0,0,0,1,0,1,GRAVE_MORTALIDAD,2
4,1,14,1,2,3,-6.923232735351469,-79.72067395419407,0,1,0,1,1,2,2,0,6543.555,2.0,4,4,1.0,14,33,1198.0,0.5497772746277735,78.20230488407144,62.355418010988004,8.344317388491039,904.4458375972499,76445.9132757987,8946.03406962002,1522.1848741669517,1393.5201942810363,6030.329001172032,1634.9073196389472,7311.126749981073,18.265001451729248,4,1,0,0,3,23.120779787838263,21.241559575676526,25.0,1.0,0.41760449159149693,0.0,0.41760449159149693,1,0,0.0,0.41760449159149693,0.0,1.0,0.41760449159149693,0.5823955084085031,0.0,0.41760449159149693,1.0,0.0,6,1,2022,10,14,3,0,0,0,1,0,1,GRAVE_MORTALIDAD,2
6,1,5,0,4,1,-7.322960818773706,-78.20506328624599,0,4,0,0,2,1,1,4,9506.50273589298,2.0,2,0,1.0,9,32,3496.146784418684,0.33321700201082305,68.64946261760615,41.166032921051745,5.418064796855393,423.75203729892627,1461.3371316160474,15935.565011852366,1733.9250000199986,935.692,13265.948011832368,2000.1670000199988,13935.398011832369,12.551591352627522,8,1,0,0,7,29.873156073107403,29.873156073107403,29.873156073107403,1.0,1.0,0.0,0.0,1,0,0.0,1.0,0.0,0.0,0.0,0.0,1.0,0.0,1.0,0.0,8,1,2021,5,19,4,0,1,2,1,0,1,GRAVE_MORTALIDAD,2
6,1,10,0,4,2,-10.187251567379429,-76.66905059153687,1,4,2,0,1,2,2,1,6543.555,2.0,4,4,1.0,14,33,1198.0,0.26987018190716444,74.40013270335322,38.68120783300985,4.359165496728991,284.8391570697323,24465.47137838209,8737.633720301503,1386.3107731974019,1969.487820836655,5381.835126267446,1524.3043545809205,7213.329365720581,17.546109212331817,4,1,0,0,3,37.538074795794266,35.69037397897132,38.92385040841147,1.0,0.0,0.0,0.0,1,0,0.0,0.538074795794265,0.0,0.461925204205735,0.0,0.461925204205735,0.538074795794265,0.0,0.0,0.0,12,1,2021,5,17,1,0,1,0,1,0,1,GRAVE_MORTALIDAD,2
6,1,2,0,4,1,-13.717190740347474,-72.40340614094958,0,4,6,1,2,2,2,1,2176.715,1.0,1,3,0.0,9,32,756.0,0.353782685697689,70.17679011060093,68.60722624527698,5.527735677416429,378.04792487873334,3639.9723262279904,8358.971,1282.451,1298.0969999999998,5778.423,1432.683,6926.288,17.139466089785454,2,1,0,0,1,65.86041994183194,65.86041994183194,65.86041994183194,1.0,0.8447917378659114,0.0,0.0,1,0,0.0,0.0,0.15520826213408856,0.8447917378659114,0.0,1.0,0.0,0.0,0.0,0.0,5,0,2021,4,8,5,0,0,2,1,0,1,GRAVE_MORTALIDAD,2
6,1,4,0,4,1,-14.355753023573996,-73.95655228514646,0,4,0,0,2,1,0,2,2029.52697440363,2.0,2,0,1.0,3,27,106.8049754762528,0.34561967451526787,65.00104239771164,57.12630921219872,6.083727297054363,409.3124531005195,2911.9417484878068,12636.304489781982,1807.2651446820378,1705.5548385124698,9123.484506587474,2393.5047800143393,10242.79970976764,18.92145084067357,31,1,0,0,30,43.951243869063205,43.951243869063205,43.951243869063205,1.0,0.0,0.0,0.8975621934531601,1,0,0.0,0.10243780654683987,0.8975621934531601,0.0,0.0,0.10243780654683987,0.8975621934531601,0.0,0.0,0.0,5,0,2023,6,27,0,0,0,2,1,0,1,GRAVE_MORTALIDAD,2
3,2,20,0,4,1,-16.207749377584424,-69.48372316313248,0,4,1,1,2,2,2,2,7586.903,2.0,2,0,1.0,9,5,1198.0,0.4138545322335047,72.42365757071663,75.18782800461412,7.422478928805024,440.156451811849,19964.802997858675,13642.312999999998,2020.7790000000005,2354.117,9267.416999999998,3314.0520000000006,10328.260999999997,24.29244952817019,5,2,0,0,3,38.70700990002477,27.41210297000743,50.001916830042106,1.0,1.0,0.0,0.0,2,0,0.0,0.7353504950012385,0.0,0.2646495049987615,1.0,0.2646495049987615,0.7353504950012385,0.0,0.2646495049987615,0.7353504950012385,9,1,2022,6,10,2,0,0,2,1,0,1,GRAVE_MORTALIDAD,2
4,1,7,0,4,0,-13.563994283351436,-71.48523144210438,0,4,2,1,1,2,2,4,6844.805224319998,2.0,3,2,1.0,12,24,1198.0,0.24216303538798253,64.55398317614588,54.07616120126861,3.9506335584240135,228.76544645896843,9931.959573564003,17779.13499998999,2097.3709999899997,2863.123,12818.640999999989,2878.713,14900.421999989989,16.19152450331032,3,1,0,0,1,33.80278484478816,33.80278484478816,33.80278484478816,1.0,0.0,0.0,0.2887341752895469,1,0,0.0,0.0,0.0,1.0,0.0,1.0,0.0,0.0,0.2887341752895469,0.0,5,0,2021,8,12,4,0,0,2,1,0,1,GRAVE_MORTALIDAD,2
6,1,12,0,4,1,-8.914530578703298,-78.63603893066318,0,4,7,1,2,2,2,2,6543.555,3.0,2,0,1.0,0,30,1475.0,0.4867987483268106,77.5825534369154,52.95148122709723,6.150547060309878,840.5788229266196,9838.736616702356,8931.828000000005,1335.5899999999997,1935.9830000000004,5660.255000000005,1219.309,7712.519000000005,13.651281686122925,4,1,0,0,3,26.29995574245133,26.29995574245133,26.29995574245133,1.0,0.9000147525162233,0.0,0.09998524748377668,1,0,0.0,0.0,0.0,0.9000147525162233,0.0,0.9000147525162233,0.09998524748377668,0.0,0.9000147525162233,0.0,7,1,2022,3,28,1,0,1,0,1,1,1,GRAVE_MORTALIDAD,2
3,3,21,2,4,1,-17.853565202646983,-70.42055318917818,6,3,1,0,2,0,1,1,780.6240324042666,1.8993623857635265,2,0,0.03354587141215781,9,31,382.25256886338,0.6419201560138743,77.25086150026243,75.44313818549983,10.491156177010744,1138.4828031363434,17477.658351512935,2686.4959046906943,632.9377824166488,495.9992296179878,1557.5588926560574,1069.849302348167,1616.6466023425269,39.96129097891427,4,3,0,0,0,37.100637614236476,26.0,55.798724771527056,1.0,0.0,0.0,0.9664541285878422,3,0,0.0,1.0,0.0,1.0,0.0,1.0,1.0,0.0,0.0,0.0,6,0,2022,10,14,4,0,0,0,1,0,1,GRAVE_MORTALIDAD,2
4,1,7,1,4,1,-13.860913813117746,-71.91246274919273,3,3,3,1,1,1,1,2,7128.24612767013,2.0,2,1,1.0,11,17,1198.0,0.4486987343656662,76.05143802764101,61.2125565240296,6.615293167333629,625.3259946606705,6788.2084778683975,17779.13499998999,2097.3709999899997,2863.123,12818.640999999989,2878.713,14900.421999989989,16.19152450331032,3,1,0,0,1,28.43960104618006,26.758404184720227,30.120797907639886,1.0,0.5603989538199428,0.0,0.0,1,0,0.0,0.0,0.0,1.0,0.0,1.0,0.0,0.0,0.5603989538199428,0.0,14,2,2021,6,13,4,0,0,2,1,0,1,GRAVE_MORTALIDAD,2
5,1,20,0,4,1,-15.94524407684796,-69.75609293421552,0,4,7,1,2,2,2,2,6543.555,2.0,4,4,1.0,14,33,1198.0,0.2840193743672285,70.87954630339233,67.30954030922429,5.920911157758052,215.90211756540305,4654.167912578614,13642.312999999998,2020.7790000000005,2354.117,9267.416999999998,3314.0520000000006,10328.260999999997,24.29244952817019,2,1,0,0,1,27.220689682687496,25.694827579328127,28.746551786046865,1.0,0.3051724206718741,0.0,0.0,1,0,0.0,0.0,0.3051724206718741,1.0,0.3051724206718741,0.6948275793281259,0.3051724206718741,0.0,0.3051724206718741,0.3051724206718741,15,2,2023,6,16,6,1,1,2,1,0,1,GRAVE_MORTALIDAD,2
6,1,1,0,4,2,-8.704705221759104,-77.85886491168591,4,4,6,1,6,2,2,0,6543.555,2.0,4,4,1.0,14,33,1198.0,0.35301489146149545,74.28391948122767,30.617380291558497,5.746585792889836,537.4121464060615,1281.3160515012569,10767.648,1885.0630000000003,1222.721,7659.864000000001,2100.343,8667.305000000002,19.506051832303577,5,1,0,0,4,54.22527961294099,54.22527961294099,54.22527961294099,1.0,0.204213268823498,0.0,0.0,1,0,0.0,0.0,0.0,1.0,0.0,1.0,0.0,0.795786731176502,0.795786731176502,0.795786731176502,15,1,2021,2,6,4,0,0,0,1,0,1,GRAVE_MORTALIDAD,2
4,1,9,0,4,2,-10.994582938343022,-76.36326182209157,0,4,5,0,1,2,2,0,6543.555,2.3402162384553344,3,2,1.0,9,31,1292.2398980521277,0.4147517299855795,74.6525078281343,53.92450895310497,5.905168460158552,586.77472442611,24722.23520341148,8654.4535870791,1408.0362363688885,1983.8390955761195,5262.578255134093,1654.9444242350962,6999.509162844004,19.21439868517994,4,1,0,0,3,40.23205426532568,34.020648715366,45.78367605374069,1.0,0.34021623845533466,0.0,0.0,1,0,0.0,0.0,0.34021623845533466,0.6597837615446653,0.34021623845533466,0.6597837615446653,0.34021623845533466,0.0,0.0,0.34021623845533466,4,0,2022,10,16,2,0,0,1,1,0,1,GRAVE_MORTALIDAD,2
3,4,18,0,4,1,-6.105027431525619,-80.48836927730633,0,4,7,1,2,2,2,0,6543.555,3.0,2,0,1.0,0,30,1475.0,0.48614475780997657,72.19494932426038,57.79235792126995,7.499860982410531,782.788581952681,48662.89449294073,8965.62401864764,1779.4963031209516,645.4724233167885,6540.655292209902,2208.010937702421,6757.613080945221,24.627249241126115,4,4,0,0,0,49.18238139184201,32.993474589571115,65.96737294785557,1.0,0.0,0.0,0.993474589571113,4,0,0.0,1.0,0.006525410428886991,0.993474589571113,0.0,0.006525410428886991,1.0,0.0,1.0,0.0,13,3,2022,11,7,2,0,0,0,1,1,1,GRAVE_MORTALIDAD,2
3,1,18,0,4,1,-9.488330485369339,-73.0190473756663,3,4,3,1,4,2,2,0,5418.901009121568,2.0,2,0,1.0,6,18,1317.4066445534913,0.5834455361114408,72.33143213537876,64.20925452746886,8.939798530198852,1136.4203127609844,87513.3717312209,3794.9596105253995,598.7407733091486,639.853350023276,2556.365487192975,742.9735642567914,3051.9860462686074,20.90384377520213,7,2,0,0,4,43.0722755670342,38.72528839177511,46.72528839177511,1.0,0.4795192371113538,0.0,0.0,2,0,0.0,0.5204807628886462,0.0,0.4795192371113538,0.4795192371113538,0.0,1.0,0.0,0.4795192371113538,0.4795192371113538,5,0,2022,6,7,1,0,0,1,1,0,1,GRAVE_MORTALIDAD,2
3,1,5,0,4,1,-7.278426449654388,-78.53066660895195,3,4,6,0,2,0,1,0,885.0827778789504,2.0,2,0,0.984146454626433,8,17,155.95121272241403,0.2882135316721843,71.89474523084023,38.31246349090666,4.4931680425555145,316.0176995632924,4911.181549148725,15935.565011852366,1733.9250000199986,935.692,13265.948011832368,2000.1670000199988,13935.398011832369,12.551591352627522,6,1,0,0,4,36.34939131895111,33.88902518238503,38.80975745551719,1.0,0.0,0.0,0.0,1,0,0.0,0.0,0.984146454626433,1.0,0.0,0.984146454626433,1.0,0.0,0.984146454626433,0.0,5,0,2022,2,14,0,0,0,2,1,0,1,GRAVE_MORTALIDAD,2
6,1,8,0,4,1,-13.263985767353967,-75.57320458621253,0,4,6,1,6,2,2,1,1500.9102520872466,1.0919845106708,1,3,0.09198451067079993,9,16,274.139302980186,0.37527281265787665,57.77029309287348,46.30383206878951,7.265594501011427,603.0682379300725,407.7632683912118,8511.426,1445.3929999999996,2008.516,5057.516999999999,1879.579,6631.846999999998,22.08300935706896,7,1,0,0,6,24.4717521707328,24.4717521707328,24.4717521707328,1.0,0.9080154893292001,0.0,0.0,1,0,0.0,0.0,0.09198451067079993,0.9080154893292001,0.0,0.9080154893292001,0.09198451067079993,0.9080154893292001,0.9080154893292001,0.0,13,2,2021,9,10,5,1,0,2,1,0,1,GRAVE_MORTALIDAD,2
3,2,12,0,4,1,-9.194498223980954,-78.53731482251959,0,4,5,1,2,1,0,0,6575.054355552512,2.6733109774682515,2,0,1.0,2,30,1521.0631521769765,0.5643199971011362,78.79095539194478,68.67690696501332,8.438522890742819,923.3753813340743,9656.743886602477,3545.2083854281354,574.8866005621037,707.7409793243556,2262.5808055416765,833.8829455745148,2711.3254398536205,23.370259501084693,16,2,0,0,14,52.906420752150765,42.73310977468252,63.07973172961902,1.0,0.0,0.0,0.32668902253174836,2,0,0.0,1.0,0.6733109774682516,0.32668902253174836,0.0,0.32668902253174836,1.0,0.0,0.0,0.0,18,2,2021,5,24,1,0,1,0,1,0,1,GRAVE_MORTALIDAD,2
8,1,6,0,4,0,-11.137739557356648,-75.61929638346743,2,4,3,1,1,2,2,1,7130.780416435488,2.0,2,1,1.0,11,17,1198.0,0.2249460377002591,77.51639032682536,47.4086075880231,3.4289036866375247,182.1883198806154,7711.045726943214,8609.408068794897,1305.6818855415781,1576.9629300057431,5726.7632532475745,1339.4018510971468,7270.00621769775,15.614529364792462,3,1,0,0,2,37.75918261231504,37.75918261231504,37.75918261231504,1.0,0.4371720495601772,0.0,0.0,1,0,0.0,0.0,0.5628279504398228,0.4371720495601772,0.0,0.0,1.0,0.0,0.0,0.0,16,3,2023,9,19,1,0,1,1,1,0,1,GRAVE_MORTALIDAD,2
5,1,7,2,2,3,-12.74030073677513,-76.52605419434782,0,2,7,1,3,1,1,2,6570.501443523363,2.0,3,2,1.0,12,32,1314.818226433993,0.5563774842369664,77.00938809632027,69.10246351364754,8.476961866273152,914.8835608305218,27932.19700214133,1077.2039156326566,227.320000374134,213.13822513592007,636.7456901226024,344.1374871284998,733.0664285041566,77.89396396005142,6,1,0,0,5,35.213898574140956,35.07416385352614,35.35363329475578,1.0,0.0,0.27946944122964856,0.27946944122964856,1,0,0.0,0.0,0.27946944122964856,1.0,0.0,0.7205305587703514,0.27946944122964856,0.0,0.0,0.0,21,2,2021,4,5,3,0,0,1,1,0,0,GRAVE_MORTALIDAD,2
3,2,10,0,4,1,-14.445700896990155,-75.33521445689331,0,4,7,1,2,2,2,0,6639.975,2.0,2,0,1.0,9,31,1616.0,0.576840569641389,77.7951029809248,68.49076705424616,8.751410087708022,977.628463366265,27932.19700214133,3721.461,698.1859999999996,744.866,2278.409,1102.9029999999996,2618.558,29.636290693359403,3,2,0,0,1,37.163730533009414,32.90932633252354,41.41813473349529,1.0,0.0,0.0,0.5818652665047078,2,0,0.0,0.5818652665047078,0.4181347334952922,1.0,0.4181347334952922,0.5818652665047078,1.0,0.0,0.0,0.0,2,0,2021,8,22,2,0,1,0,1,0,1,GRAVE_MORTALIDAD,2
6,1,14,0,4,1,-10.50850871554721,-77.08322593719032,0,4,5,0,6,1,1,0,1017.3969872577143,-1.0,0,0,0.05534978921809519,9,31,391.49465143078476,0.40126223063874333,72.612818283661,62.52613247760487,6.524729012748793,477.32303210197125,805.2253930346391,7626.313,1683.4029999999998,1599.0829999999996,4343.827000000001,1814.875,5811.438000000001,23.797541485643197,3,1,0,0,2,46.44279831374476,46.44279831374476,46.44279831374476,1.0,0.0,0.0,0.05534978921809519,1,0,0.0,0.9446502107819048,0.0,0.05534978921809519,0.0,0.0,1.0,0.0,0.0,0.0,7,1,2021,8,8,3,0,0,0,1,0,1,GRAVE_MORTALIDAD,2
3,1,7,0,4,1,-13.598014396621421,-71.7731989347566,0,4,6,1,2,2,2,1,7586.903,2.0,2,0,1.0,9,5,1198.0,0.5065580412535501,64.79370905469777,77.15417383818448,8.35812941450031,844.3117831870799,8658.316916488222,17779.13499998999,2097.3709999899997,2863.123,12818.640999999989,2878.713,14900.421999989989,16.19152450331032,3,2,0,0,1,30.216869565359378,22.987942028322905,37.445797102395844,1.0,0.1445797102395847,0.0,0.0,2,0,0.0,0.0,0.0,1.0,0.0,1.0,1.0,0.0,0.0,0.0,7,0,2025,2,5,4,0,0,2,1,0,1,GRAVE_MORTALIDAD,2
6,1,1,0,4,1,-9.687498738537007,-77.50962402943084,1,4,5,1,4,2,2,0,947.8944449697016,1.6952584007554337,1,3,0.0,9,12,176.08364312294577,0.4218360769126759,70.89023813782418,53.524384023726476,6.667021616578605,610.6280184845102,1300.9202680091353,10767.648,1885.0630000000003,1222.721,7659.864000000001,2100.343,8667.305000000002,19.506051832303577,18,1,0,0,17,37.952584007554336,37.952584007554336,37.952584007554336,1.0,0.0,0.0,0.0,1,0,0.0,0.0,0.6952584007554335,0.30474159924456645,0.0,0.0,1.0,0.0,0.30474159924456645,0.0,15,1,2022,6,11,5,1,0,0,1,0,1,GRAVE_MORTALIDAD,2
9,1,7,0,4,1,-14.430587242426412,-71.87506008822913,0,4,6,0,1,1,1,2,1991.0154429033696,1.1421408535979176,1,2,0.14214085359791773,8,30,500.80270487344177,0.46644242328400715,65.52985575979773,70.92383023177867,7.0996614260509725,754.986011596152,8912.37374679994,17779.13499998999,2097.3709999899997,2863.123,12818.640999999989,2878.713,14900.421999989989,16.19152450331032,4,1,0,0,3,19.994985975185426,19.994985975185426,19.994985975185426,1.0,1.0,0.0,0.0,1,0,0.0,0.0,0.0,1.0,0.8578591464020823,0.0,0.14214085359791773,1.0,1.0,1.0,18,2,2024,4,15,5,0,0,2,1,0,1,GRAVE_MORTALIDAD,2