CLASE SINIESTRO,CANTIDAD DE VEHICULOS DAÑADOS,DEPARTAMENTO,ZONA,TIPO DE VÍA,RED VIAL,COORDENADAS LATITUD,COORDENADAS  LONGITUD,CONDICIÓN CLIMÁTICA,ZONIFICACIÓN,CARACTERÍSTICAS DE VÍA,PERFIL LONGITUDINAL VÍA,SUPERFICIE DE CALZADA,¿EXISTE SEÑAL VERTICAL?,¿EXISTE SEÑAL HORIZONTAL?,CAUSA FACTOR PRINCIPAL,MTC_RVN_LONGITUD_KM,MTC_RVN_N_CARRILES_MEDIANA,MTC_RVN_SUPERFICIE_DOMINANTE,MTC_RVN_ESTADO_DOMINANTE,MTC_RVN_ES_CONCESIONADA,MTC_RVN_CONCESION_PRINCIPAL,MTC_RVN_CORREDOR_LOGISTICO,MTC_RVN_N_TRAMOS,IDH_2019,IDH_ESP_VIDA_2019,IDH_EDUC_SECUND_PCT_2019,IDH_ANIOS_EDUC_2019,IDH_INGRESO_PERCAP_2019,IDH_POBLACION_2019,MTC_DEP_RED_TOTAL_KM,MTC_DEP_NACIONAL_TOTAL_KM,MTC_DEP_DEPARTAMENTAL_TOTAL_KM,MTC_DEP_VECINAL_TOTAL_KM,MTC_DEP_PAV_TOTAL_KM,MTC_DEP_NO_PAV_TOTAL_KM,MTC_DEP_PCT_PAVIMENTADA,PER_TOTAL_PERSONAS,PER_N_CONDUCTORES,PER_N_CONDUCTORES_FUGADOS,PER_N_PEATONES,PER_N_PASAJEROS_OCUPANTES,PER_EDAD_COND_PROM,PER_EDAD_COND_MIN,PER_EDAD_COND_MAX,PER_ANY_COND_MASCULINO,PER_ANY_LIC_PROBLEMA,PER_ANY_DOSAJE_POS,PER_ANY_DOSAJE_EVALUADO,VEH_TOTAL,VEH_N_FUGADOS,VEH_ANY_FUGADO,VEH_ANY_CARGA,VEH_ANY_PUBLICO,VEH_ANY_PARTICULAR,VEH_ANY_MOTO,VEH_ANY_AUTO,VEH_ANY_CAMION_BUS,VEH_ANY_SOAT_PROBLEMA,VEH_ANY_CITV_PROBLEMA,VEH_ANY_SEGURO_PROBLEMA,HORA_NUM,FRANJA_HORARIA,ANIO,MES,DIA_MES,DIA_SEMANA,ES_FIN_SEMANA,ES_QUINCENA,REGION_NATURAL,TIENE_SEÑALIZACION,ES_VIA_MULTICARRIL,ES_DEPTO_BAJO_PAVIMENTO,CATEGORIA_SEVERIDAD,CATEGORIA_SEVERIDAD_ENC
4,1,7,0,4,1,-10.701386052193834,-76.47884576021025,0,4,0,0,2,1,1,1,9936.932,2.0,2,0,1.0,9,32,3830.0,0.359604735343332,77.23191964786544,55.22058071409694,5.8267579435590156,369.46732494515805,3451.614876125477,11725.32557990516,1847.5728129631746,1147.7508623295746,8730.00190461241,1772.9015734098466,9952.424006495316,15.313099613425468,14,1,0,0,12,37.27393044240141,35.99438003926056,38.55348084554225,1.0,1.0,0.0,0.0,1,0,0.0,0.6397752015704224,0.6397752015704224,0.36022479842957755,0.0,0.36022479842957755,0.6397752015704224,0.0,0.0,0.0,11,2,2023,8,15,4,0,0,1,1,0,1,GRAVE_MORTALIDAD,2
6,1,1,0,4,2,-8.684445647698478,-77.5711974783709,0,4,4,0,1,1,0,0,6543.555,2.0,4,4,1.0,14,33,1198.0,0.29282383341317,73.54587865262499,39.55387728482589,5.354069112793446,284.7114265760988,1514.8887420123294,10767.648,1885.0630000000003,1222.721,7659.864000000001,2100.343,8667.305000000002,19.506051832303577,4,1,0,0,3,28.382792345273558,28.382792345273558,28.382792345273558,1.0,0.0,0.0,0.0,1,0,0.0,0.0,0.0,1.0,0.0,0.9453153792466344,0.054684620753365554,0.0,0.9453153792466344,0.0,17,2,2022,5,19,3,0,0,0,1,0,1,GRAVE_MORTALIDAD,2
4,1,12,0,4,1,-9.760024143526374,-77.35102312790316,0,4,2,1,2,2,2,0,1063.6727052168767,1.4073822791191404,1,3,0.0,9,22,214.18862776067778,0.5533902110731319,72.2951127609469,73.66768423283682,9.163270542252754,920.759977466746,42275.267934604046,8696.548655301764,1582.6885683508958,1449.7830565425165,5664.077030408351,2016.0219172406996,6680.526738061063,23.148857063439525,3,1,0,0,2,38.18591390554493,38.18591390554493,38.18591390554493,1.0,1.0,0.0,0.4073822791191404,1,0,0.0,0.0,0.4073822791191404,1.0,1.0,0.4073822791191404,0.0,0.5926177208808596,1.0,0.5926177208808596,17,2,2024,1,13,1,0,0,1,1,0,1,GRAVE_MORTALIDAD,2
3,1,14,0,4,1,-11.146920468373391,-77.58855367016226,0,4,7,0,2,1,1,2,6543.555,3.0,2,0,1.0,0,30,1475.0,0.7327345537337897,78.20903814342847,76.31492653513806,13.642917835589472,1405.6698219039215,62016.21841541756,7626.313,1683.4029999999998,1599.0829999999996,4343.827000000001,1814.875,5811.438000000001,23.797541485643197,8,1,0,0,7,39.34683844421232,34.822590529878816,43.87108635854581,1.0,0.0,0.0,1.0,1,0,0.0,0.0,0.8225905298788176,1.0,0.0,0.8225905298788176,1.0,0.0,0.0,0.0,5,0,2023,2,15,5,1,0,0,1,1,1,GRAVE_MORTALIDAD,2
6,1,2,0,4,1,-8.65274310364564,-77.7278188593229,0,4,7,0,6,2,2,0,1036.5784948039166,-0.6710911523944407,0,1,0.10963628253518642,8,30,156.00637620704612,0.35804352257756117,75.45365327010441,44.81854381226841,5.1811746902449185,453.5333819307749,11613.607080250671,10570.105126862114,1873.808725968059,1158.504288412078,7537.7921124819795,2112.8592972933598,8457.245829568756,20.0754249011508,21,1,0,0,20,48.57472832704258,48.13618319690183,48.90363717464814,1.0,0.0,0.0,0.10963628253518642,1,0,0.0,0.0,0.8903637174648136,0.10963628253518642,0.10963628253518642,0.0,0.8903637174648136,1.0,0.0,0.10963628253518642,13,2,2022,6,17,1,0,0,0,1,0,1,GRAVE_MORTALIDAD,2
6,1,8,0,4,1,-12.453689903227602,-74.86388421388001,0,4,3,0,4,2,2,2,7586.903,2.0,2,0,1.0,9,5,1198.0,0.2729004866968369,69.95554921700617,48.07858115096423,4.299904476460021,269.92323729576265,3537.830845706847,8511.426,1445.3929999999996,2008.516,5057.516999999999,1879.579,6631.846999999998,22.08300935706896,6,1,0,0,5,44.474721237027005,44.474721237027005,44.474721237027005,1.0,0.0,0.0,0.0,1,0,0.0,0.0,0.0,1.0,0.0,0.5670327835012275,0.43296721649877246,0.0,0.0,0.0,5,0,2023,7,15,2,0,1,2,1,0,1,GRAVE_MORTALIDAD,2
3,1,19,0,4,1,-5.146046871816049,-80.45626986403383,0,4,7,1,2,2,2,0,1305.18,2.0,2,0,1.0,1,20,163.0,0.6220812987247925,80.20155828147696,72.71675503872983,10.02377668600292,1028.915688621886,159840.92719486082,8965.846000060003,1782.4120000599992,636.9959999999999,6546.438000000004,2214.505000059999,6751.341000000004,24.699342371541725,5,2,0,0,3,30.322489025974704,28.0,32.64497805194941,1.0,0.07166422799437822,0.0,1.0,2,0,0.0,0.07166422799437822,0.9283357720056218,1.0,0.0,1.0,1.0,0.0,0.07166422799437822,0.0,14,2,2022,1,5,4,0,0,0,1,0,1,GRAVE_MORTALIDAD,2
3,1,9,0,4,1,-9.53432929549732,-75.09568802281298,0,4,2,1,2,1,0,0,95.23602185903655,-0.8356388562293535,1,0,0.054787047923548826,8,31,22.724973757220383,0.42581772372110704,70.63799741376351,37.27659373726083,6.627475442184343,742.4905040862604,6229.522268735417,8177.13017654484,1352.6493577446474,836.1959551013839,5988.284863698807,1101.224097775046,7075.906078769794,13.507299277271871,5,2,0,0,2,45.90425904152902,39.28776837699387,52.52074970606418,1.0,0.9452129520764512,0.0,0.054787047923548826,2,0,0.0,0.054787047923548826,0.054787047923548826,0.9452129520764512,0.9452129520764512,0.0,1.0,0.0,0.054787047923548826,0.9452129520764512,9,1,2022,2,23,3,0,1,1,1,0,1,GRAVE_MORTALIDAD,2
4,1,7,2,4,1,-13.55233539560684,-73.895192408452,3,4,6,1,4,1,1,0,1159.3945475029918,2.0,2,0,0.4215542482180342,9,18,268.6341633668774,0.6119650622655306,75.31761486117189,70.25837817921767,9.716484152851944,1112.94693226763,23345.669283438256,11445.771565650815,1686.8334294712367,1377.1042467020575,8381.833889477519,2135.738285887653,9310.033279763162,19.28082963434629,5,1,0,0,4,46.78445751781966,41.30425229098521,52.2646627446541,1.0,0.0,0.0,0.4215542482180342,1,0,0.0,0.0,0.0,1.0,0.0,1.0,0.4215542482180342,0.0,0.0,0.0,12,1,2022,3,2,4,0,0,1,1,0,1,GRAVE_MORTALIDAD,2
3,1,19,1,4,1,-7.981375604054754,-74.73179533376873,1,2,1,0,4,2,2,1,6443.777739004687,2.0,2,0,1.0,7,19,1674.7080309471103,0.5598039210617434,72.39088079720952,62.58858044435764,8.421699904862,1056.0594879991777,87041.04325133954,4605.499059648428,693.5145670217048,782.4266359071578,3129.5578567195644,861.4466778146531,3744.052381833774,19.61060903039563,6,2,0,0,3,35.8131062142911,27.726684931854795,43.50957474705467,1.0,0.7075354377454437,0.0,0.7075354377454437,2,0,0.0,0.2924645622545563,0.7075354377454437,0.7075354377454437,0.7075354377454437,0.0,1.0,0.0,0.7075354377454437,0.7075354377454437,6,0,2022,3,9,4,0,0,1,1,0,1,GRAVE_MORTALIDAD,2
4,1,18,0,4,1,-15.244518065255152,-70.0311113287219,5,4,6,1,4,1,1,0,2645.132936652783,2.0,2,0,1.0,6,24,485.95500511800594,0.5408366897794008,74.76821173268024,65.58559268508974,8.035993357007387,914.1792922116038,3826.2048630245795,2349.5799322427188,506.42385957515637,408.1934251208845,1434.9626475466773,759.8130553050345,1589.7668769376837,31.348629120455747,4,2,0,0,2,40.44774601974608,34.0,46.895492039492154,1.0,0.537312168312173,0.0,0.0,2,0,0.0,1.0,0.0,0.0,0.0,1.0,1.0,0.0,0.0,0.0,6,0,2021,8,17,1,0,0,0,1,0,1,GRAVE_MORTALIDAD,2
6,1,7,0,4,2,-13.30309750423269,-71.93317786638924,0,4,0,0,2,2,2,2,6543.555,2.0,4,4,1.0,14,33,1198.0,0.21628293156490735,68.71544033970201,41.19114990230284,3.6510247128025246,198.35771961240886,5507.716442558248,17779.13499998999,2097.3709999899997,2863.123,12818.640999999989,2878.713,14900.421999989989,16.19152450331032,4,1,0,0,3,41.83897567663147,41.83897567663147,41.83897567663147,1.0,0.19350405389475478,0.0,0.8064959461052452,1,0,0.0,0.0,0.0,1.0,0.0,0.19350405389475478,0.8064959461052452,0.0,0.0,0.0,7,0,2024,7,27,3,0,1,2,1,0,1,GRAVE_MORTALIDAD,2
6,1,14,2,3,1,-12.009369980590352,-76.90845278006056,4,4,5,1,5,1,1,0,1893.878991106574,2.0,2,0,1.0,4,17,343.1904191304252,0.6967611452340414,79.74841171977846,76.79318289697015,9.545984677225212,1448.666690949139,694711.5108473083,7626.313,1683.4029999999998,1599.0829999999996,4343.827000000001,1814.875,5811.438000000001,23.797541485643197,3,1,0,0,1,37.0,33.0,40.0,1.0,0.0,0.0,0.0,1,0,0.0,0.0,0.17964531586413168,0.8203546841358683,0.8203546841358683,0.0,0.17964531586413168,0.8203546841358683,1.0,0.8203546841358683,3,0,2022,2,20,5,0,1,0,1,0,1,GRAVE_MORTALIDAD,2
6,1,5,0,4,2,-6.860063226475955,-78.26963160826554,0,3,0,0,1,2,2,2,6543.555,2.0,4,4,1.0,14,33,1198.0,0.20473910207883306,72.6142366587351,34.69816874009005,3.1938436566689887,184.22593535449943,11818.052365609867,15935.565011852366,1733.9250000199986,935.692,13265.948011832368,2000.1670000199988,13935.398011832369,12.551591352627522,38,1,0,0,37,60.58579717597092,60.58579717597092,60.58579717597092,1.0,0.0,0.0,1.0,1,0,0.0,0.04040579497225949,0.9595942050277405,0.0,0.0,0.0,1.0,0.0,0.0,0.0,22,1,2023,4,27,5,0,0,2,1,0,1,GRAVE_MORTALIDAD,2
6,1,13,0,4,1,-14.88623473160529,-71.02255613168148,0,4,4,0,3,0,1,2,7185.044342638776,2.0,2,1,1.0,10,15,1198.0,0.34352787669777923,74.52560063769663,62.74496544212273,5.72636166102227,344.5054528487711,13205.506872954322,13271.177995130936,1937.6974953763247,2130.6907073938214,9202.78979236079,2994.8765891053354,10276.3014060256,22.486136333030927,2,1,0,0,1,40.014228322086055,40.014228322086055,40.014228322086055,0.3851626277725405,1.0,0.0,0.3851626277725405,1,0,0.0,0.0,0.0,1.0,0.0,0.6148373722274595,0.3851626277725405,0.0,0.6148373722274595,0.0,9,1,2021,2,14,5,0,0,2,1,0,1,GRAVE_MORTALIDAD,2
4,1,9,0,4,1,-10.362051285456573,-76.18359765457087,4,4,1,0,1,2,2,2,8777.857463668455,2.0,2,1,1.0,10,32,2930.988726090668,0.2701280162338842,73.64856031271022,44.54106753143592,3.986088600746413,263.8426934638171,9851.79443254818,8209.057,1333.4779999999996,791.9770000000001,6083.602,1059.8589999999997,7149.198,12.910849565303296,4,1,0,0,2,37.55959477172442,36.9011644046687,38.21802513878015,1.0,0.0,0.0,0.0,1,0,0.0,0.3415696329442751,0.0,0.6584303670557249,0.0,0.0,1.0,0.0,0.0,0.0,10,1,2021,6,17,1,0,1,2,1,0,1,GRAVE_MORTALIDAD,2
3,4,10,0,4,1,-13.386950495351519,-76.2021210842904,0,4,7,1,2,1,1,2,6639.975,2.0,2,0,1.0,9,31,1616.0,0.5736744275518083,81.67473861808857,68.1608574885675,9.138785887908334,865.1176766860625,26660.92933618844,3721.461,698.1859999999996,744.866,2278.409,1102.9029999999996,2618.558,29.636290693359403,11,4,0,0,6,42.86458928913322,22.877759438477838,61.626971027484174,1.0,0.1253942054968341,0.0,0.1253942054968341,4,0,0.0,1.0,0.8746057945031659,1.0,0.0,1.0,1.0,0.0,0.0,0.0,6,0,2022,7,5,5,1,0,0,1,0,1,GRAVE_MORTALIDAD,2
3,1,3,0,4,1,-15.770610765534814,-70.99698022551158,0,4,7,0,2,0,1,0,1504.4250000000002,2.0,2,0,1.0,7,25,241.0,0.4498224071382834,81.63336343193146,58.84842497065013,5.774685730039019,620.6584683449911,1358.612419700214,10322.272,1495.236,1749.739,7077.2970000000005,2886.595,7435.677000000001,27.964725207783708,8,2,0,0,6,43.548337898647084,31.255468127567067,55.8412076697271,1.0,0.5638670318917666,0.0,0.43613296810823343,2,0,0.0,0.43613296810823343,0.0,1.0,0.0,1.0,1.0,0.0,0.43613296810823343,0.0,8,1,2021,6,11,2,0,0,0,1,0,1,GRAVE_MORTALIDAD,2
3,2,12,0,4,1,-7.648084012932638,-79.32298591667858,0,4,7,1,2,2,2,3,6543.555,3.0,2,0,1.0,0,30,1475.0,0.5936899030669434,79.3118901589526,65.32527658599486,8.815228610896666,1038.9973762544514,16229.237206775386,8931.828000000005,1335.5899999999997,1935.9830000000004,5660.255000000005,1219.309,7712.519000000005,13.651281686122925,5,2,0,0,2,48.87229761224712,30.7697792133605,64.22044618765203,1.0,0.5164443419028215,0.0,0.0,2,0,0.0,1.0,0.0,0.4835556580971785,0.0,0.4835556580971785,1.0,0.0,1.0,0.0,18,2,2022,2,22,6,1,1,0,1,1,1,GRAVE_MORTALIDAD,2
3,1,3,0,4,1,-16.457323702029495,-72.25991505979854,0,4,5,0,2,1,1,0,6639.975,2.0,2,0,1.0,9,31,1616.0,0.638409010362788,79.70924231551265,75.25588478883662,8.536700121382648,1215.895481136766,3144.9006483598932,10322.272,1495.236,1749.739,7077.2970000000005,2886.595,7435.677000000001,27.964725207783708,5,2,0,0,3,36.31744479882108,32.18093375858529,39.72697791952843,0.27302208047156906,0.0,0.0,0.0,2,0,0.0,0.7269779195284309,0.0,1.0,0.0,1.0,1.0,0.0,0.0,0.0,14,2,2024,5,16,2,0,1,0,1,0,1,GRAVE_MORTALIDAD,2
6,1,4,0,4,1,-13.846256699141257,-73.88605712369072,1,4,0,0,2,1,0,3,2746.7141451465213,1.5798342382810904,2,1,0.5798342382810904,6,20,532.6447671485962,0.2491957421356802,69.84929419994546,47.63736310436788,4.163084669615678,281.00606114426654,3264.3462198322154,12678.733000000004,1805.074000000001,1774.0339999999994,9099.625000000004,2485.375000000001,10193.358000000002,19.602707936195205,20,1,0,0,19,44.73950271484327,44.73950271484327,44.73950271484327,1.0,0.0,0.0,1.0,1,0,0.0,0.0,0.5798342382810904,0.0,0.0,0.0,1.0,0.0,0.4201657617189096,0.0,10,0,2023,7,27,0,0,1,2,1,0,1,GRAVE_MORTALIDAD,2
6,1,8,0,4,2,-12.471341814523736,-74.78936996434507,0,4,7,1,7,2,2,0,6543.555,2.0,4,4,1.0,14,33,1198.0,0.25055476286459505,68.3336681343037,48.243661989735024,4.086196489295738,230.4729527149615,3667.863034799562,8511.426,1445.3929999999996,2008.516,5057.516999999999,1879.579,6631.846999999998,22.08300935706896,9,1,0,0,8,34.8872966181575,31.537359197185964,37.39974968388616,0.16251564475711533,0.0,0.0,0.0,1,0,0.0,0.0,0.0,1.0,0.0,1.0,0.0,0.0,0.16251564475711533,0.0,19,2,2024,6,12,5,0,0,2,1,0,1,GRAVE_MORTALIDAD,2
3,1,14,0,4,1,-12.46903244071356,-76.7937349538067,0,4,7,0,2,2,2,0,6608.561134796637,2.32580237713507,2,0,1.0,6,30,1570.0618648239551,0.7152430347990686,79.09906308428504,80.68928264124214,11.498415993016595,1390.031181593918,60708.27647073759,7626.313,1683.4029999999998,1599.0829999999996,4343.827000000001,1814.875,5811.438000000001,23.797541485643197,5,2,0,0,3,52.9726560230012,46.4613595887038,59.48395245729859,1.0,0.0,0.0,0.3258023771350703,2,0,0.0,0.6741976228649297,0.3258023771350703,1.0,0.0,1.0,1.0,0.0,0.0,0.0,15,1,2022,7,21,4,0,1,0,1,0,1,GRAVE_MORTALIDAD,2
6,1,8,0,4,1,-12.48975339162915,-74.72692477377268,0,4,7,1,2,2,2,0,7447.64851173875,2.0,2,0,1.0,9,8,1198.0,0.2371271103914559,67.35907202388974,48.34285985638861,3.957778336278219,206.76708776763252,3746.0,8511.426,1445.3929999999996,2008.516,5057.516999999999,1879.579,6631.846999999998,22.08300935706896,5,1,0,0,4,37.0,36.466124482871486,37.40040663784639,0.8665311207178715,0.0,0.0,0.0,1,0,0.0,0.0,0.0,1.0,0.0,0.13346887928212847,0.8665311207178715,0.0,0.0,0.0,4,0,2024,4,2,1,0,0,2,1,0,1,GRAVE_MORTALIDAD,2
9,1,20,0,4,1,-15.21568204292041,-70.34894508102573,0,4,1,1,2,0,1,2,1554.3933438011193,2.0,2,0,1.0,6,24,273.81004779854356,0.44300360149997736,72.2616919282784,73.15033467987901,7.469362777801506,545.1112293990044,4977.102812921044,13642.312999999998,2020.7790000000005,2354.117,9267.416999999998,3314.0520000000006,10328.260999999997,24.29244952817019,3,1,0,0,2,29.02928852667031,29.02928852667031,29.02928852667031,1.0,0.0,0.0,0.805857705334062,1,0,0.0,0.19414229466593802,0.0,0.805857705334062,0.0,0.0,1.0,0.0,0.805857705334062,0.0,7,0,2021,5,16,3,0,0,2,1,0,1,GRAVE_MORTALIDAD,2
5,1,12,0,4,0,-7.786235186771866,-77.61908746216892,0,4,6,1,6,2,2,0,6543.555,2.010263402287729,3,3,1.0,13,32,1200.842962433701,0.4701186991036527,72.44576519342846,42.50629909081292,6.7144719601819265,880.0653424673021,9429.836459869846,8931.828000000005,1335.5899999999997,1935.9830000000004,5660.255000000005,1219.309,7712.519000000005,13.651281686122925,2,1,0,0,1,50.856312367971796,50.856312367971796,50.856312367971796,1.0,0.01026340228772904,0.0,0.0,1,0,0.0,0.0,0.0,1.0,0.01026340228772904,0.0,1.0,0.0,0.01026340228772904,0.0,19,2,2023,9,8,1,0,0,0,1,0,1,GRAVE_MORTALIDAD,2
5,2,3,0,4,1,-16.30487794163758,-71.7422487133365,5,4,7,1,2,0,1,0,6543.555,2.0,4,4,1.0,14,33,1198.0,0.6029370199147448,79.63032606954116,68.0403671760754,7.866687311678527,1147.6632111570684,2430.484669347803,10322.272,1495.236,1749.739,7077.2970000000005,2886.595,7435.677000000001,27.964725207783708,6,2,0,0,4,36.490449500100894,31.848736125277462,41.132162874924326,1.0,0.6226123750252237,0.0,0.0,2,0,0.0,0.0,0.0,1.0,0.3773876249747763,0.6226123750252237,0.3773876249747763,0.0,0.0,0.0,15,3,2022,7,6,3,0,0,0,1,0,1,GRAVE_MORTALIDAD,2
4,1,10,0,4,1,-13.453085413869273,-76.1826713246762,0,4,7,1,2,1,1,2,205.54999999999995,-1.0,2,0,1.0,13,31,15.0,0.5935454717688132,79.82270610044196,65.40471106456853,9.554430232416086,978.9182940808604,5314.299785867237,3721.461,698.1859999999996,744.866,2278.409,1102.9029999999996,2618.558,29.636290693359403,2,1,0,0,1,35.33426769460604,35.33426769460604,35.33426769460604,1.0,0.44475589820201256,0.0,0.5552441017979874,1,0,0.44475589820201256,0.5552441017979874,0.44475589820201256,0.0,0.0,0.44475589820201256,0.5552441017979874,0.0,0.0,0.44475589820201256,11,2,2023,4,15,3,0,0,0,0,0,1,GRAVE_MORTALIDAD,2
6,1,14,2,3,1,-12.011592218459196,-76.8721819886447,5,4,6,1,5,2,2,0,1138.8506194061997,2.0,2,0,1.0,3,14,204.38386901309042,0.6868549636939637,79.62363164345142,76.30894566128948,9.209137883551294,1425.4498631666322,684921.8484148846,7626.313,1683.4029999999998,1599.0829999999996,4343.827000000001,1814.875,5811.438000000001,23.797541485643197,2,1,0,0,1,36.071326890343755,32.257061512275,38.93202592389532,1.0,0.04643365548281231,0.0,0.0,1,0,0.0,0.0,0.0,1.0,0.9535663445171877,0.0,0.04643365548281231,0.9535663445171877,1.0,0.9535663445171877,2,0,2022,3,20,5,0,1,0,1,0,1,GRAVE_MORTALIDAD,2
0,1,14,2,4,1,-11.93812352127592,-77.07151062220305,0,2,2,1,2,1,1,1,6543.555,3.0,2,0,1.0,0,30,1475.0,0.7210875246655944,80.07731703899665,77.89273711958472,10.953159508390282,1456.001513160017,527991.1616689079,7626.313,1683.4029999999998,1599.0829999999996,4343.827000000001,1814.875,5811.438000000001,23.797541485643197,3,1,0,2,0,21.096132316578046,21.096132316578046,21.096132316578046,1.0,0.0,0.0,0.0,1,0,0.0,0.0,0.0,1.0,0.013733188082578285,0.9862668119174217,0.0,0.0,1.0,0.0,2,0,2021,3,6,4,0,0,0,1,1,1,GRAVE_MORTALIDAD,2
6,1,7,0,4,0,-13.331744802990613,-71.57821458437701,0,4,0,1,1,2,2,5,6625.541979795454,2.0,3,3,1.0,13,30,1198.0,0.20474432424837727,61.032390605315214,51.658863734055885,3.3540860781969406,186.40909372128033,9924.554699881392,17779.13499998999,2097.3709999899997,2863.123,12818.640999999989,2878.713,14900.421999989989,16.19152450331032,3,1,0,0,2,40.885935962968134,40.885935962968134,40.885935962968134,1.0,0.0,0.0,0.07858066512367234,1,0,0.0,0.0,0.0,1.0,0.0,0.9214193348763277,0.07858066512367234,0.0,0.0,0.0,3,0,2022,7,16,5,1,1,2,1,0,1,GRAVE_MORTALIDAD,2
3,1,3,0,4,1,-16.27402193706748,-71.66388142396849,0,4,6,0,2,0,1,0,1504.4250000000002,2.0,2,0,1.0,7,25,241.0,0.6005060748875158,78.21704200773246,77.40211893847457,8.994742794352394,996.014120858737,33335.45824411135,10322.272,1495.236,1749.739,7077.2970000000005,2886.595,7435.677000000001,27.964725207783708,6,2,0,0,4,58.898526307702625,49.17027067033777,68.62678194506746,1.0,0.0,0.0,1.0,2,0,0.0,1.0,0.8713759395608079,0.0,0.0,0.0,1.0,0.0,0.8713759395608079,0.0,7,1,2024,6,26,5,0,0,0,1,0,1,GRAVE_MORTALIDAD,2
4,1,1,0,4,1,-8.96939430757153,-77.57697868556994,3,4,6,1,4,2,2,0,6543.555,2.0,4,4,1.0,14,33,1198.0,0.3731974190178827,74.13703023955932,44.844269879501994,5.910549861328505,514.6624540267512,1919.837460797623,10767.648,1885.0630000000003,1222.721,7659.864000000001,2100.343,8667.305000000002,19.506051832303577,4,1,0,0,3,45.86754003904848,44.084425048810594,47.20487628172688,1.0,0.0,0.0,0.0,1,0,0.0,0.0,0.0,1.0,0.44577874755947033,0.5542212524405297,0.0,0.5542212524405297,1.0,1.0,18,2,2021,3,13,4,0,0,0,1,0,1,GRAVE_MORTALIDAD,2
6,1,8,0,4,1,-12.472235260983737,-74.74990814882568,0,4,7,1,6,2,2,0,6736.204383909548,2.0,3,3,1.0,13,27,1198.0,0.2371271103914559,67.35907202388974,48.34285985638861,3.957778336278219,206.76708776763252,3746.0,8511.426,1445.3929999999996,2008.516,5057.516999999999,1879.579,6631.846999999998,22.08300935706896,9,1,0,0,8,37.0,33.73858150457775,39.446063871566686,0.18464537614443854,0.0,0.0,0.0,1,0,0.0,0.0,0.0,1.0,0.0,0.8153546238555615,0.18464537614443854,0.0,0.0,0.0,15,1,2024,5,7,5,0,0,2,1,0,1,GRAVE_MORTALIDAD,2
3,1,1,0,4,1,-9.856971631782752,-77.89296940526376,0,3,6,0,2,2,2,0,6659.034050466308,2.8893187599283197,2,0,1.0,0,27,1444.3412965001446,0.5765654542026657,76.8779339290057,66.4576655824505,8.634720571149977,1005.4806919341395,35468.650908344054,10979.169257682388,1876.2097182879068,1283.7410065076383,7819.2185328868445,2142.958819227279,8836.21043845511,19.516749849742798,4,2,0,0,2,35.94852821931904,32.893187599283195,39.00386883935488,1.0,0.11068124007168045,0.0,0.11068124007168045,2,0,0.0,0.8893187599283195,0.0,1.0,0.11068124007168045,0.11068124007168045,0.8893187599283195,0.0,0.0,0.11068124007168045,6,0,2022,11,22,3,0,1,0,1,0,1,GRAVE_MORTALIDAD,2
6,1,12,0,4,1,-14.939243582385327,-71.53963957675768,0,4,6,1,2,1,1,3,7085.467536145135,2.0,2,1,1.0,11,18,1198.0,0.4752502565941056,74.03716918613407,72.18417643917192,8.489004967511546,611.6471103901549,27860.316078077725,13179.214221585446,1917.1106777040711,2075.3277674722895,9186.775776409084,2915.787915647649,10263.426305937795,22.038548863644618,3,1,0,0,2,45.49566018262984,45.49566018262984,45.49566018262984,0.48060231471653236,0.0,0.0,0.48060231471653236,1,0,0.0,0.0,0.0,0.5193976852834676,0.0,0.5193976852834676,0.48060231471653236,0.0,0.48060231471653236,0.0,10,1,2023,8,9,4,0,0,2,1,0,1,GRAVE_MORTALIDAD,2
1,1,15,0,4,1,-15.499743532360952,-73.58352425957489,3,3,4,0,2,1,1,0,464.37087150093566,0.3049024250721506,2,0,0.5650325249759498,11,31,180.28764050913907,0.5825336976861988,78.43674225606766,67.76968017695754,9.244448502297745,962.8601099268675,15508.73271777553,3255.65911563897,668.820040858701,632.859700343932,1953.9793744363367,1088.0266773867022,2167.6324382522675,34.283215126692404,3,1,0,1,0,25.699349500481006,20.91470727521645,33.96373152593796,1.0,0.5650325249759498,0.0,0.4349674750240502,1,0,0.0,0.4349674750240502,0.0,1.0,0.5650325249759498,0.4349674750240502,0.4349674750240502,0.5650325249759498,0.5650325249759498,0.5650325249759498,14,1,2022,9,12,5,1,0,0,1,0,1,GRAVE_MORTALIDAD,2