CLASE SINIESTRO,CANTIDAD DE VEHICULOS DAÑADOS,DEPARTAMENTO,ZONA,TIPO DE VÍA,RED VIAL,COORDENADAS LATITUD,COORDENADAS  LONGITUD,CONDICIÓN CLIMÁTICA,ZONIFICACIÓN,CARACTERÍSTICAS DE VÍA,PERFIL LONGITUDINAL VÍA,SUPERFICIE DE CALZADA,¿EXISTE SEÑAL VERTICAL?,¿EXISTE SEÑAL HORIZONTAL?,CAUSA FACTOR PRINCIPAL,MTC_RVN_LONGITUD_KM,MTC_RVN_N_CARRILES_MEDIANA,MTC_RVN_SUPERFICIE_DOMINANTE,MTC_RVN_ESTADO_DOMINANTE,MTC_RVN_ES_CONCESIONADA,MTC_RVN_CONCESION_PRINCIPAL,MTC_RVN_CORREDOR_LOGISTICO,MTC_RVN_N_TRAMOS,IDH_2019,IDH_ESP_VIDA_2019,IDH_EDUC_SECUND_PCT_2019,IDH_ANIOS_EDUC_2019,IDH_INGRESO_PERCAP_2019,IDH_POBLACION_2019,MTC_DEP_RED_TOTAL_KM,MTC_DEP_NACIONAL_TOTAL_KM,MTC_DEP_DEPARTAMENTAL_TOTAL_KM,MTC_DEP_VECINAL_TOTAL_KM,MTC_DEP_PAV_TOTAL_KM,MTC_DEP_NO_PAV_TOTAL_KM,MTC_DEP_PCT_PAVIMENTADA,PER_TOTAL_PERSONAS,PER_N_CONDUCTORES,PER_N_CONDUCTORES_FUGADOS,PER_N_PEATONES,PER_N_PASAJEROS_OCUPANTES,PER_EDAD_COND_PROM,PER_EDAD_COND_MIN,PER_EDAD_COND_MAX,PER_ANY_COND_MASCULINO,PER_ANY_LIC_PROBLEMA,PER_ANY_DOSAJE_POS,PER_ANY_DOSAJE_EVALUADO,VEH_TOTAL,VEH_N_FUGADOS,VEH_ANY_FUGADO,VEH_ANY_CARGA,VEH_ANY_PUBLICO,VEH_ANY_PARTICULAR,VEH_ANY_MOTO,VEH_ANY_AUTO,VEH_ANY_CAMION_BUS,VEH_ANY_SOAT_PROBLEMA,VEH_ANY_CITV_PROBLEMA,VEH_ANY_SEGURO_PROBLEMA,HORA_NUM,FRANJA_HORARIA,ANIO,MES,DIA_MES,DIA_SEMANA,ES_FIN_SEMANA,ES_QUINCENA,REGION_NATURAL,TIENE_SEÑALIZACION,ES_VIA_MULTICARRIL,ES_DEPTO_BAJO_PAVIMENTO,CATEGORIA_SEVERIDAD,CATEGORIA_SEVERIDAD_ENC
3,1,7,1,4,1,-10.789373203932776,-75.57171209512242,0,4,2,0,2,1,1,1,7242.2684333016105,2.0,2,1,1.0,10,14,1198.0,0.4855335650370091,73.16128647609048,66.82831354813143,7.444400850483937,746.8966978297419,28326.54058309279,8559.431539231171,1447.5961314631086,1079.7247438794416,6032.110663888621,1690.931337300638,6868.500201930533,19.63661439184431,4,1,0,0,2,38.728521435497086,31.696839724632724,45.76020314636145,1.0,0.0,0.0,0.3303160275367275,1,0,0.0,0.0,0.6696839724632725,1.0,0.6696839724632725,0.0,1.0,0.0,0.3303160275367275,0.0,15,1,2023,4,17,4,0,0,1,1,0,1,GRAVE_MORTALIDAD,2
3,1,7,0,4,1,-13.651499569632675,-71.59291285648185,0,4,0,0,2,1,1,2,3263.58,2.0,2,0,1.0,5,18,566.0,0.4629184740681672,65.5665792285447,72.8013940331536,7.251714555673934,719.1023705109678,7985.920770877943,17779.13499998999,2097.3709999899997,2863.123,12818.640999999989,2878.713,14900.421999989989,16.19152450331032,3,1,0,0,0,29.364838645503003,16.386175298562847,42.34350199244316,1.0,1.0,0.0,0.9613824701437153,1,0,0.0,0.0,0.9613824701437153,1.0,0.9613824701437153,0.0,1.0,1.0,1.0,1.0,16,3,2024,9,8,2,0,0,2,1,0,1,GRAVE_MORTALIDAD,2
6,1,7,0,4,1,-13.091189425180044,-72.37954857036793,1,4,3,0,2,2,2,2,3447.8009999999995,1.0,2,3,0.0,9,12,1109.0,0.4706944943299555,76.79406176595778,61.64424635983724,7.141255198110581,653.4175319142125,3282.6252676659524,17779.13499998999,2097.3709999899997,2863.123,12818.640999999989,2878.713,14900.421999989989,16.19152450331032,11,1,0,0,10,40.66941898455713,40.66941898455713,40.66941898455713,1.0,0.0,0.0,0.3973300390554949,1,0,0.0,0.0,0.0,0.0,0.0,0.6026699609445051,0.3973300390554949,0.0,0.0,0.0,4,0,2022,5,10,1,0,0,2,1,0,1,GRAVE_MORTALIDAD,2
3,2,17,2,4,2,-14.007010520320284,-73.2003579442721,0,3,4,1,2,1,1,1,3724.286435815742,2.0,2,1,1.0,10,28,662.5821767002766,0.659105370428832,76.50091028436357,78.48239061453879,10.985183769296427,1216.6339462827152,240751.37088211733,10992.116160889378,1872.1565251343445,2021.5058430483627,7098.45379270667,2653.6274410459873,8338.48871984339,24.07443029114302,7,3,0,0,3,40.40524740543654,31.691544291960383,52.47580207565077,1.0,0.0,0.0,0.5594752594563462,3,0,0.0,0.5594752594563462,0.0,1.0,0.0,1.0,0.5594752594563462,0.5594752594563462,0.5594752594563462,0.5594752594563462,9,1,2022,10,18,0,0,1,1,1,0,1,GRAVE_MORTALIDAD,2
6,1,22,0,4,1,-17.776671918003398,-69.9609155988028,0,4,0,0,2,2,2,2,805.507711614591,1.9854658647340093,1,0,0.0,9,32,391.81702437674807,0.5194651171602425,75.50485401103205,60.835338057609576,8.88224151751554,780.8716623045087,1911.2817769261694,2650.572,630.6729999999998,487.3610000000001,1532.5379999999998,1068.7019999999998,1581.87,40.31967439480987,3,1,0,0,2,45.72385142994618,45.72385142994618,45.72385142994618,1.0,0.0,0.0,0.9854658647340093,1,0,0.0,0.0,0.0,1.0,0.0,0.014534135265990678,0.9854658647340093,0.0,0.0,0.0,7,1,2022,11,10,5,0,0,0,1,0,1,GRAVE_MORTALIDAD,2
3,1,10,0,4,1,-13.699462458571428,-75.90918072906209,0,4,7,1,2,2,2,0,1560.2623059794762,1.757150893932932,2,2,1.0,9,24,290.71508939329317,0.5513252173963181,73.45870582760341,71.95447762671357,8.192982458046437,934.6670960572479,5874.432406661655,3721.461,698.1859999999996,744.866,2278.409,1102.9029999999996,2618.558,29.636290693359403,4,1,0,0,2,30.783323957078245,25.728547318201205,35.83810059595529,1.0,0.0,0.0,1.0,1,0,0.0,1.0,0.0,0.9190502979776439,0.0,0.0,1.0,0.0,0.9190502979776439,0.0,6,1,2022,11,27,2,0,0,0,1,0,1,GRAVE_MORTALIDAD,2
3,2,12,0,4,1,-7.321447453188103,-79.48076718597883,0,4,7,1,2,2,2,0,6543.555,3.0,2,0,1.0,0,30,1475.0,0.5650979329787121,81.32490571897102,68.6769211482833,7.868096912305706,909.6843705053026,43897.946466809415,8931.828000000005,1335.5899999999997,1935.9830000000004,5660.255000000005,1219.309,7712.519000000005,13.651281686122925,3,2,0,0,1,36.44962929762132,29.543432532479926,48.57070933440009,1.0,0.0,0.0,0.0,2,0,0.0,0.0,0.42282837337600376,1.0,1.0,1.0,0.42282837337600376,0.5771716266239962,0.5771716266239962,0.0,7,1,2021,7,19,2,0,0,0,1,1,1,GRAVE_MORTALIDAD,2
3,1,14,2,4,1,-12.363646320654519,-76.79268864338455,0,3,7,1,2,2,2,0,6639.975,2.0,2,0,1.0,9,31,1616.0,0.7012971295204695,76.32963944921231,68.05810942926352,10.593229396126278,1566.3105892660224,8316.748471132174,7626.313,1683.4029999999998,1599.0829999999996,4343.827000000001,1814.875,5811.438000000001,23.797541485643197,5,1,0,0,3,42.99835088653073,41.59399030481992,44.402711468241534,1.0,0.0,0.0,0.0,1,0,0.0,0.0,0.9362403878072032,1.0,0.0,1.0,0.9362403878072032,0.0,0.0,0.0,6,1,2024,2,15,0,0,0,0,1,0,1,GRAVE_MORTALIDAD,2
6,1,14,0,4,1,-10.686115723335625,-76.7414107803144,0,4,0,0,3,1,1,0,1422.177,2.0,2,0,0.0,9,19,698.0,0.6329626849738527,79.69467338238256,55.60978991784313,10.43485646497054,1214.2298061072966,14347.565310492504,7626.313,1683.4029999999998,1599.0829999999996,4343.827000000001,1814.875,5811.438000000001,23.797541485643197,2,1,0,0,1,41.93390101318609,41.93390101318609,41.93390101318609,1.0,1.0,0.0,0.0,1,0,0.0,0.0,0.0,1.0,0.133308651600605,0.866691348399395,0.0,0.133308651600605,0.0,0.0,12,3,2021,8,14,2,0,0,0,1,0,1,GRAVE_MORTALIDAD,2
3,2,3,0,4,1,-15.814971837460913,-71.06681361442955,0,4,7,0,2,0,1,0,1504.4250000000002,2.0,2,0,1.0,7,25,241.0,0.4498224071382834,81.63336343193146,58.84842497065013,5.774685730039019,620.6584683449911,1358.612419700214,10322.272,1495.236,1749.739,7077.2970000000005,2886.595,7435.677000000001,27.964725207783708,7,2,0,0,5,36.517421077007796,32.87805246094543,40.15678969307016,1.0,0.9825789229922046,0.0,0.9825789229922046,2,0,0.0,0.9825789229922046,0.0,1.0,0.0,0.017421077007795382,0.9825789229922046,0.0,0.017421077007795382,0.0,13,3,2023,11,14,3,0,0,0,1,0,1,GRAVE_MORTALIDAD,2
6,1,15,0,4,0,-15.258891553898122,-73.45464617554731,6,5,6,2,6,2,2,0,6543.555,2.0,4,4,1.0,14,33,1198.0,0.45407648726857464,73.74173711993406,62.08353280787124,8.299348427770289,633.8884393284468,1623.0499168913807,3215.823664649955,666.3086593778739,623.2809038422159,1926.234101429865,1086.7544519186329,2129.069212731322,34.68062084085696,2,1,0,0,1,47.30516173707108,47.30516173707108,47.30516173707108,1.0,0.0,0.0,0.0,1,0,0.0,1.0,0.0,0.0,0.0,0.0,1.0,0.0,0.0,0.0,12,1,2023,2,21,2,0,1,0,1,0,1,GRAVE_MORTALIDAD,2
6,1,6,0,4,1,-13.469378283953423,-74.37590999468793,0,4,5,0,2,1,0,2,1785.0108925744328,1.7879309384377668,1,3,0.7879309384377668,9,25,408.5224561489448,0.3118975051776967,72.27202021031538,51.266804551889635,5.151717883302745,310.12819593852817,3373.7438958370635,8479.09501121953,1410.8380429709264,1857.85810935402,5210.398858894582,1784.8061846640842,6694.288826555444,21.034636775583852,33,1,0,0,32,39.11896964717602,39.11896964717602,39.11896964717602,1.0,0.21206906156223315,0.0,0.7879309384377668,1,0,0.0,0.0,0.7879309384377668,0.21206906156223315,0.0,0.21206906156223315,0.7879309384377668,0.0,0.0,0.0,4,0,2023,6,14,2,0,0,2,1,0,1,GRAVE_MORTALIDAD,2
3,1,1,0,4,0,-9.317980016693099,-77.27701410600618,0,4,6,0,2,2,2,0,6543.555,2.0,4,4,1.0,14,33,1198.0,0.3776761312475966,75.92494577020878,63.35307147801512,5.622308520147969,432.2937384098302,2493.73723583362,10767.648,1885.0630000000003,1222.721,7659.864000000001,2100.343,8667.305000000002,19.506051832303577,3,1,0,0,1,39.55359469617055,36.19199337021319,42.074795690638574,1.0,0.0,0.0,0.0,1,0,0.0,0.0,0.0,1.0,0.8404003314893405,0.15959966851065954,0.0,0.15959966851065954,1.0,1.0,18,2,2021,6,25,4,0,0,0,1,0,1,GRAVE_MORTALIDAD,2
3,1,9,0,3,2,-11.800134224253489,-73.81590591993336,0,2,2,0,2,2,2,0,6543.555,2.0,4,4,1.0,14,33,1198.0,0.5224240725379828,78.34670209867564,62.25399778916116,8.180211285944473,803.6211527599031,60877.332231118555,14205.50610279628,1921.8146878039481,1724.1529275817945,10559.538487410537,2042.6374604398407,12162.86864235644,14.092379846793003,2,1,0,0,0,42.592126629323445,42.592126629323445,42.592126629323445,1.0,0.6480316573308618,0.0,0.35196834266913823,1,0,0.0,0.0,0.0,1.0,0.0,1.0,0.0,0.6480316573308618,0.35196834266913823,0.0,1,0,2022,5,16,0,0,0,2,1,0,1,GRAVE_MORTALIDAD,2
3,1,19,1,4,1,-8.28756048970653,-74.3781243397693,2,3,2,0,4,2,2,1,6235.736513085127,2.0,2,0,1.0,7,19,1602.178900095867,0.5646029670682015,72.3788132264218,62.917563446152364,8.526869502355556,1072.3720493169274,87136.92190008439,4440.966471743002,674.276296062761,753.4854761424656,3013.204699537775,837.3976472684179,3603.5688244745834,19.873124642143395,3,2,0,0,1,31.346874760536267,19.98375028735648,42.70999923371606,1.0,1.0,0.0,0.6612500957854928,2,0,0.0,0.0,0.6612500957854928,1.0,1.0,0.33874990421450724,0.6612500957854928,0.0,1.0,0.6612500957854928,11,1,2021,3,16,4,0,0,1,1,0,1,GRAVE_MORTALIDAD,2
6,1,3,0,4,2,-16.480700450498333,-72.75995177180128,2,4,0,0,4,2,2,0,6543.555,2.0,4,4,1.0,14,33,1198.0,0.6383843930404909,81.10513836854034,66.99255516777546,8.753066715678306,1236.267954275542,6114.891684687529,10322.272,1495.236,1749.739,7077.2970000000005,2886.595,7435.677000000001,27.964725207783708,4,1,0,0,3,43.720517568212934,43.720517568212934,43.720517568212934,1.0,0.5300215653422056,0.0,0.0,1,0,0.0,0.0,0.0,1.0,0.0,0.5300215653422056,0.46997843465779443,0.5300215653422056,0.5300215653422056,0.0,6,0,2022,9,16,2,0,0,0,1,0,1,GRAVE_MORTALIDAD,2
0,1,11,0,4,1,-13.707362325210665,-75.78293844106518,0,4,7,0,2,0,0,0,7108.416303247064,2.0,2,0,1.0,9,31,1930.5716020527411,0.6251434558980624,79.90324699849097,77.1165352448412,9.647580859762765,1046.2703412347855,31484.144759789673,3715.1608814349906,679.203862934668,768.4487822660849,2267.5082362342378,1030.1529889155124,2685.0078925194784,27.708616527886193,3,1,0,0,1,29.568331711025728,23.562912205320757,35.573751216730706,1.0,0.8579170722435677,0.8579170722435677,1.0,1,0,0.0,0.0,0.0,1.0,0.8579170722435677,1.0,0.0,0.8579170722435677,1.0,0.0,6,0,2021,7,2,5,0,0,0,0,0,1,GRAVE_MORTALIDAD,2
6,1,12,0,4,2,-7.755591194530985,-77.6101892749633,0,4,7,1,5,2,2,4,6543.555,2.0,4,4,1.0,14,33,1198.0,0.4686292122960986,72.39347765706144,42.14285241633188,6.687776775372348,878.2652317159998,9440.374732334049,8931.828000000005,1335.5899999999997,1935.9830000000004,5660.255000000005,1219.309,7712.519000000005,13.651281686122925,5,1,0,0,4,37.32758940633889,37.32758940633889,37.32758940633889,1.0,0.0,0.0,0.0,1,0,0.0,1.0,0.0,0.0,0.0,0.0,1.0,0.0,0.701452074017836,0.0,11,1,2022,8,12,4,0,0,0,1,0,1,GRAVE_MORTALIDAD,2
6,1,7,0,4,0,-13.30684605442794,-71.4997322842654,1,4,0,0,1,1,0,5,6543.555,2.0,4,4,1.0,14,33,1198.0,0.2508408689195338,60.141606955074266,43.38812736030488,4.016838398079091,290.25612068416615,12669.475253200337,17779.13499998999,2097.3709999899997,2863.123,12818.640999999989,2878.713,14900.421999989989,16.19152450331032,9,1,0,0,8,25.22010989973362,25.22010989973362,25.22010989973362,1.0,0.9237431312666485,0.07625686873335147,0.07625686873335147,1,0,0.0,0.0,0.07625686873335147,0.9237431312666485,0.0,0.9237431312666485,0.07625686873335147,0.0,0.9237431312666485,0.0,10,0,2021,1,17,5,0,1,2,1,0,1,GRAVE_MORTALIDAD,2
6,1,7,0,4,2,-13.473943318707075,-72.11489012223385,0,4,7,0,3,2,2,2,6543.555,2.0,4,4,1.0,14,33,1198.0,0.41111529422689325,71.98859124514706,64.56295643199499,5.883027287690805,547.8732736375603,11578.572720354994,17779.13499998999,2097.3709999899997,2863.123,12818.640999999989,2878.713,14900.421999989989,16.19152450331032,10,1,0,0,9,39.229806341422666,39.229806341422666,39.229806341422666,1.0,0.0,0.2298063414226651,1.0,1,0,0.0,0.0,0.2298063414226651,0.7701936585773349,0.0,0.0,1.0,0.0,0.7701936585773349,0.0,5,0,2021,12,20,0,0,1,2,1,0,1,GRAVE_MORTALIDAD,2
6,1,20,0,4,1,-15.70924325551077,-70.07926984001885,0,4,5,1,2,2,2,2,6804.896547279003,2.0,3,2,1.0,12,25,1198.0,0.33149661715165146,70.57066922217724,68.60284930469638,6.17702180357076,296.2820100068856,5026.301841786417,13642.312999999998,2020.7790000000005,2354.117,9267.416999999998,3314.0520000000006,10328.260999999997,24.29244952817019,2,1,0,0,1,34.015474714983014,34.015474714983014,34.015474714983014,1.0,0.2504835848432193,0.0,0.0,1,0,0.0,0.0,0.0,1.0,0.0,0.7495164151567807,0.2504835848432193,0.0,0.0,0.0,14,3,2023,7,14,6,1,0,2,1,0,1,GRAVE_MORTALIDAD,2
4,1,2,0,4,1,-13.530310195958801,-73.386037692482,0,4,6,1,2,0,1,0,586.3790779288504,1.3694407656542618,2,3,0.0,9,4,112.21091981402161,0.463617273822856,76.96739603790981,54.354859173841284,6.3080891489492865,725.9975296566259,1455.4193209897744,10486.812050444032,1639.2539853527041,1555.0370665664223,7292.520998524907,2596.1214591228054,7890.690591321229,24.839746439527012,14,1,0,0,12,41.0,39.73888153130852,42.26111846869148,1.0,0.0,0.0,0.0,1,0,0.0,0.6305592343457384,0.36944076565426165,0.6305592343457384,0.0,0.0,1.0,0.0,0.0,0.0,15,2,2022,4,21,1,0,0,0,1,0,1,GRAVE_MORTALIDAD,2
5,1,5,0,4,1,-6.647536206168869,-78.49511940718021,0,4,5,0,1,1,1,0,7393.258497287951,2.0,3,2,1.0,12,32,1857.0542709701538,0.3484871558022944,76.33677469666252,53.28672218475212,4.131981838863427,447.1658531581213,76209.5845824411,15935.565011852366,1733.9250000199986,935.692,13265.948011832368,2000.1670000199988,13935.398011832369,12.551591352627522,4,1,0,0,3,32.243991616811435,30.49118770465677,33.996795528966096,1.0,1.0,0.0,0.25040055887923773,1,0,0.0,1.0,0.0,0.25040055887923773,0.25040055887923773,0.0,1.0,0.25040055887923773,0.25040055887923773,0.25040055887923773,13,1,2022,1,26,5,0,1,2,1,0,1,GRAVE_MORTALIDAD,2
4,1,10,0,4,1,-13.371854245634289,-76.21102934658772,0,4,7,1,2,1,0,3,6639.975,2.0,2,0,1.0,9,31,1616.0,0.5736744275518083,81.67473861808857,68.1608574885675,9.138785887908334,865.1176766860625,26660.92933618844,3721.461,698.1859999999996,744.866,2278.409,1102.9029999999996,2618.558,29.636290693359403,8,1,0,0,6,51.21745436567706,40.808384455680056,61.62652427567405,1.0,0.5626524275674052,0.0,0.5626524275674052,1,0,0.0,0.5626524275674052,0.0,0.5626524275674052,0.0,1.0,0.5626524275674052,0.0,0.0,0.0,3,0,2022,5,14,3,0,0,0,1,0,1,GRAVE_MORTALIDAD,2
3,1,7,0,4,0,-14.27515704350274,-71.20739887472385,0,4,0,1,1,1,1,2,7516.624187333575,2.0,2,0,1.0,9,6,1198.0,0.3568133488485229,75.34408470101373,61.48272075136413,5.7784451938103105,358.54461229670403,9954.647984334746,17779.13499998999,2097.3709999899997,2863.123,12818.640999999989,2878.713,14900.421999989989,16.19152450331032,8,1,0,0,6,41.33160265638496,34.336794687230075,48.32641062553985,1.0,0.0,0.0,0.9326410625539846,1,0,0.0,0.9326410625539846,0.0,1.0,0.0,1.0,0.9326410625539846,0.0,0.0,0.0,16,2,2022,7,16,1,0,1,2,1,0,1,GRAVE_MORTALIDAD,2
1,1,14,2,3,2,-12.141487221861288,-76.96388731612743,0,0,4,1,2,1,0,1,6604.537969756515,2.0,2,1,1.0,10,31,1462.3733806079977,0.7606144084857072,80.26262269445374,76.9614370083286,11.906583225269436,1635.1966015826458,393913.9703705509,7626.313,1683.4029999999998,1599.0829999999996,4343.827000000001,1814.875,5811.438000000001,23.797541485643197,3,2,0,1,0,29.918819493971306,24.367527797588522,35.47011119035409,1.0,0.6324722024114774,0.0,0.0,2,0,0.0,0.0,0.3675277975885226,0.6324722024114774,0.3675277975885226,0.6324722024114774,1.0,0.0,1.0,0.0,5,0,2022,3,18,2,0,1,0,1,0,1,GRAVE_MORTALIDAD,2
6,1,7,0,4,1,-13.756434542102578,-70.70065826582167,2,4,0,0,2,0,0,2,7286.1101489099265,2.0,2,1,1.0,10,13,1198.0,0.4253812562591907,60.43331634361616,65.10721126720422,7.0290066787422285,731.8342373347966,1795.8715792693538,17779.13499998999,2097.3709999899997,2863.123,12818.640999999989,2878.713,14900.421999989989,16.19152450331032,4,1,0,0,3,27.981929368120205,27.981929368120205,27.981929368120205,1.0,0.0,0.0,0.0,1,0,0.0,0.0,0.0,0.2882958045542563,0.0,0.7117041954457437,0.2882958045542563,0.0,0.0,0.0,8,1,2021,5,24,3,0,1,2,1,0,1,GRAVE_MORTALIDAD,2
3,1,7,0,4,1,-13.597362198353435,-71.77530083127206,2,4,6,1,3,2,2,1,7586.903,2.0,2,0,1.0,9,5,1198.0,0.5065580412535501,64.79370905469777,77.15417383818448,8.35812941450031,844.3117831870799,8658.316916488222,17779.13499998999,2097.3709999899997,2863.123,12818.640999999989,2878.713,14900.421999989989,16.19152450331032,4,2,0,0,2,30.542317394021783,21.469185494565004,39.61544929347856,1.0,0.3615449293478563,0.0,0.0,2,0,0.0,0.0,0.0,1.0,0.0,1.0,1.0,0.0,0.0,0.0,11,0,2025,3,7,3,0,0,2,1,0,1,GRAVE_MORTALIDAD,2
3,0,17,0,3,1,-7.148850859925547,-79.51931165252063,0,3,7,0,2,2,2,0,2807.6284397756317,2.0,2,1,1.0,4,23,459.85429835927727,0.6484907725165554,80.11744699384758,73.3119102851184,10.166819766755236,1159.0048932270447,158993.94432502994,8581.646841739317,1754.0146597275696,912.9377017831707,5914.694480228577,2099.8848229864443,6481.762018752873,24.440691676620776,7,2,0,0,5,33.78296063198242,29.147262988828125,38.41865827513672,1.0,0.7131842527929688,0.0,1.0,2,0,0.0,1.0,0.0,1.0,0.2868157472070312,0.7131842527929688,1.0,0.0,1.0,0.0,19,2,2021,3,20,5,0,0,0,1,0,1,GRAVE_MORTALIDAD,2
8,1,7,0,4,1,-13.6076109132917,-72.18853387186374,0,4,0,0,2,1,1,2,2958.127878205563,1.0,1,3,0.0,9,17,927.2415495006378,0.45054302323503437,70.9688399748831,68.99152463627615,6.561181562007328,652.6205723115964,10627.944742157157,17779.13499998999,2097.3709999899997,2863.123,12818.640999999989,2878.713,14900.421999989989,16.19152450331032,3,1,0,0,1,37.00824934008214,37.00824934008214,37.00824934008214,1.0,0.2936323917598742,0.0,0.0,1,0,0.0,0.7063676082401258,0.0,0.2936323917598742,0.2936323917598742,0.0,0.7063676082401258,0.2936323917598742,0.2936323917598742,0.2936323917598742,8,1,2022,11,17,3,0,0,2,1,0,1,GRAVE_MORTALIDAD,2
6,1,1,0,4,2,-9.596089414983979,-77.57116107079936,2,4,4,0,4,2,2,2,6543.555,2.0,4,4,1.0,14,33,1198.0,0.3243499496342316,79.841734760176,57.31738951921391,4.6106986182919245,318.75621739596585,1164.2484040646823,10767.648,1885.0630000000003,1222.721,7659.864000000001,2100.343,8667.305000000002,19.506051832303577,4,1,0,0,3,45.81324911651136,45.81324911651136,45.81324911651136,1.0,0.6004014883791321,0.0,0.0,1,0,0.0,0.0,0.0,1.0,0.0,1.0,0.0,0.0,0.3995985116208679,0.0,8,1,2021,5,18,1,0,0,0,1,0,1,GRAVE_MORTALIDAD,2
3,1,20,0,4,0,-16.677361029551285,-69.20682194632951,0,4,5,1,2,2,2,2,5803.57470737947,2.0,3,3,1.0,13,31,1050.7255567339807,0.32886563477905817,75.31582271519,78.39403658174295,7.935283683739982,216.42520062158974,20364.89554642337,13642.312999999998,2020.7790000000005,2354.117,9267.416999999998,3314.0520000000006,10328.260999999997,24.29244952817019,5,1,0,0,4,29.24653081347938,27.541669978341144,30.95139164861762,1.0,0.0,0.0,0.0,1,0,0.0,0.0,0.0,1.0,0.0,1.0,0.852430417569119,0.0,0.852430417569119,0.0,21,2,2023,6,3,3,0,0,2,1,0,1,GRAVE_MORTALIDAD,2
3,2,10,0,4,1,-15.014287387989977,-74.96036893905584,3,3,7,1,2,2,2,1,6639.975,2.0,2,0,1.0,9,31,1616.0,0.5563774842369664,77.00938809632027,69.10246351364754,8.476961866273152,914.8835608305218,27932.19700214133,3721.461,698.1859999999996,744.866,2278.409,1102.9029999999996,2618.558,29.636290693359403,3,2,0,0,1,35.249851062803,31.001191497575967,39.49851062803004,1.0,0.499702125606008,0.0,0.500297874393992,2,0,0.0,1.0,0.0,1.0,0.0,0.500297874393992,1.0,0.0,0.499702125606008,0.499702125606008,12,1,2022,5,25,3,0,1,0,1,0,1,GRAVE_MORTALIDAD,2
6,1,1,0,4,2,-8.591698833337071,-77.68708368330138,1,4,5,1,2,1,0,0,6543.555,2.0,4,4,1.0,14,33,1198.0,0.3107120278392346,73.2418679438016,33.784440582138686,5.567590144806803,372.4379189015227,1433.609382216686,10767.648,1885.0630000000003,1222.721,7659.864000000001,2100.343,8667.305000000002,19.506051832303577,5,1,0,0,4,36.02747894424482,36.02747894424482,36.02747894424482,1.0,0.0,0.0,0.0,1,0,0.0,0.0,0.0,1.0,0.0,1.0,0.0,0.3210991577697926,1.0,0.3210991577697926,18,2,2022,3,13,4,0,0,0,1,0,1,GRAVE_MORTALIDAD,2
6,1,10,0,4,1,-9.782226099243342,-77.2452001266702,0,4,2,0,2,2,2,0,952.4842630673866,1.608032259725537,1,1,0.608032259725537,8,23,166.6345158466587,0.27953446015144373,72.34052258237813,50.60242748089757,4.871061936512927,242.15714435253878,5930.408143704974,8767.043978053138,1378.6292337853565,1964.413596105328,5424.001148162453,1478.1135398710196,7288.9304381821175,16.956246927913302,3,1,0,0,2,30.66345158466587,30.66345158466587,30.66345158466587,1.0,0.608032259725537,0.0,0.0,1,0,0.0,0.0,0.0,1.0,0.608032259725537,0.391967740274463,0.0,0.608032259725537,0.0,0.608032259725537,12,1,2022,8,19,6,1,0,0,1,0,1,GRAVE_MORTALIDAD,2
5,1,13,2,3,1,-10.990803968908116,-77.51432420031296,0,2,5,1,2,2,2,4,2369.7553181998264,2.0,2,1,1.0,5,19,430.6768682787705,0.6616876304785585,80.86350635617504,69.74981016121889,9.172553996532958,1315.8009432141803,204911.31505637118,7970.4538557494825,1591.717601164449,1687.891672670938,4690.844581914095,1657.880562635975,6312.573293113508,21.122932208795774,3,1,0,0,2,39.759353761641506,35.146258565021085,44.372448958261934,1.0,0.26360543980688145,0.0,0.0,1,0,0.0,0.0,0.26360543980688145,1.0,0.26360543980688145,0.7363945601931186,0.0,0.26360543980688145,0.0,0.26360543980688145,15,3,2023,6,22,4,0,0,0,1,0,1,GRAVE_MORTALIDAD,2
6,1,7,0,4,1,-13.214499042528253,-72.25551023709909,1,4,0,0,2,1,0,2,3372.1571176168154,1.0,1,3,0.0,9,12,1080.9222594833473,0.4672490169824151,76.33378454490482,61.61768685529066,7.089461269682001,648.6821748788047,3364.704528196731,17779.13499998999,2097.3709999899997,2863.123,12818.640999999989,2878.713,14900.421999989989,16.19152450331032,20,1,0,0,19,46.04744337504086,46.04744337504086,46.04744337504086,1.0,0.0,0.0,1.0,1,0,0.0,0.0,0.0,0.04535983928376863,0.0,0.04535983928376863,0.9546401607162314,0.04535983928376863,0.04535983928376863,0.0,19,2,2021,8,20,5,1,0,2,1,0,1,GRAVE_MORTALIDAD,2
3,2,16,2,4,1,-13.409322540925242,-74.26698906417971,0,2,7,1,2,2,2,2,1124.9202729651388,2.0,2,0,1.0,4,18,189.69559399453968,0.6406905092471288,76.60704439981451,76.23546186474007,10.071896253061137,1182.6441887430155,246299.89176674542,10011.168217307655,1817.1451731706097,1898.3926366596854,6295.63040747736,2409.1768766817886,7601.9913406258665,23.993732314650515,13,2,0,0,10,39.923278106299904,26.225068729861437,56.0,1.0,0.0,0.0,0.3964187528769374,2,0,0.0,1.0,0.0,1.0,0.0,0.3964187528769374,1.0,0.3964187528769374,0.3964187528769374,0.3964187528769374,13,2,2023,4,23,2,0,1,0,1,0,1,GRAVE_MORTALIDAD,2