CLASE SINIESTRO,CANTIDAD DE VEHICULOS DAÑADOS,DEPARTAMENTO,ZONA,TIPO DE VÍA,RED VIAL,COORDENADAS LATITUD,COORDENADAS  LONGITUD,CONDICIÓN CLIMÁTICA,ZONIFICACIÓN,CARACTERÍSTICAS DE VÍA,PERFIL LONGITUDINAL VÍA,SUPERFICIE DE CALZADA,¿EXISTE SEÑAL VERTICAL?,¿EXISTE SEÑAL HORIZONTAL?,CAUSA FACTOR PRINCIPAL,MTC_RVN_LONGITUD_KM,MTC_RVN_N_CARRILES_MEDIANA,MTC_RVN_SUPERFICIE_DOMINANTE,MTC_RVN_ESTADO_DOMINANTE,MTC_RVN_ES_CONCESIONADA,MTC_RVN_CONCESION_PRINCIPAL,MTC_RVN_CORREDOR_LOGISTICO,MTC_RVN_N_TRAMOS,IDH_2019,IDH_ESP_VIDA_2019,IDH_EDUC_SECUND_PCT_2019,IDH_ANIOS_EDUC_2019,IDH_INGRESO_PERCAP_2019,IDH_POBLACION_2019,MTC_DEP_RED_TOTAL_KM,MTC_DEP_NACIONAL_TOTAL_KM,MTC_DEP_DEPARTAMENTAL_TOTAL_KM,MTC_DEP_VECINAL_TOTAL_KM,MTC_DEP_PAV_TOTAL_KM,MTC_DEP_NO_PAV_TOTAL_KM,MTC_DEP_PCT_PAVIMENTADA,PER_TOTAL_PERSONAS,PER_N_CONDUCTORES,PER_N_CONDUCTORES_FUGADOS,PER_N_PEATONES,PER_N_PASAJEROS_OCUPANTES,PER_EDAD_COND_PROM,PER_EDAD_COND_MIN,PER_EDAD_COND_MAX,PER_ANY_COND_MASCULINO,PER_ANY_LIC_PROBLEMA,PER_ANY_DOSAJE_POS,PER_ANY_DOSAJE_EVALUADO,VEH_TOTAL,VEH_N_FUGADOS,VEH_ANY_FUGADO,VEH_ANY_CARGA,VEH_ANY_PUBLICO,VEH_ANY_PARTICULAR,VEH_ANY_MOTO,VEH_ANY_AUTO,VEH_ANY_CAMION_BUS,VEH_ANY_SOAT_PROBLEMA,VEH_ANY_CITV_PROBLEMA,VEH_ANY_SEGURO_PROBLEMA,HORA_NUM,FRANJA_HORARIA,ANIO,MES,DIA_MES,DIA_SEMANA,ES_FIN_SEMANA,ES_QUINCENA,REGION_NATURAL,TIENE_SEÑALIZACION,ES_VIA_MULTICARRIL,ES_DEPTO_BAJO_PAVIMENTO,CATEGORIA_SEVERIDAD,CATEGORIA_SEVERIDAD_ENC
6,1,7,0,4,1,-14.369094032254136,-71.14792389233956,0,4,7,1,2,1,1,2,7586.903,2.0,2,0,1.0,9,5,1198.0,0.3620340013700584,75.9909635420105,61.66123283415623,5.84381785498096,364.18125626507185,10002.382700487587,17779.13499998999,2097.3709999899997,2863.123,12818.640999999989,2878.713,14900.421999989989,16.19152450331032,4,1,0,0,3,60.68829685039514,60.68829685039514,60.68829685039514,1.0,0.0,0.0,1.0,1,0,0.0,0.0,0.06604866141728172,0.9339513385827183,0.0,0.0,1.0,0.0,0.0,0.0,3,0,2024,9,21,4,0,1,2,1,0,1,GRAVE_MORTALIDAD,2
4,2,12,0,4,1,-7.42631912489233,-79.50034436430032,0,4,7,1,2,2,2,2,6543.555,2.796586997801685,2,0,1.0,2,30,1418.6545983910667,0.6138517538553948,80.84826225715301,64.49339622566798,9.143362084626023,1095.689060330069,16852.97430406852,8931.828000000005,1335.5899999999997,1935.9830000000004,5660.255000000005,1219.309,7712.519000000005,13.651281686122925,6,2,0,0,4,39.27644996336141,24.40682600439663,49.89760993405055,1.0,0.796586997801685,0.0,0.0,2,0,0.0,1.0,0.0,0.0,0.0,0.0,1.0,0.0,0.796586997801685,0.0,21,2,2021,3,18,5,0,0,0,1,0,1,GRAVE_MORTALIDAD,2
5,1,4,0,4,2,-15.7133694605366,-72.29155379610924,0,4,2,0,6,2,2,5,6543.555,2.1468941639129326,3,3,1.0,11,32,1238.6896834038823,0.669415317516091,78.21581807943966,81.20682631800916,10.883646271043755,1196.613604323589,56002.675583406286,9926.251356751454,1522.8766341410048,1727.6085128415332,6675.766209768916,2729.1655866512315,7197.085770100222,27.352590239048293,3,1,0,0,2,32.54238872108579,31.440682491738798,33.64409495043279,0.14689416391293275,0.8531058360870672,0.0,0.0,1,0,0.0,1.0,0.0,0.14689416391293275,0.0,0.14689416391293275,1.0,0.0,0.0,0.0,20,1,2021,2,27,5,0,1,0,1,0,1,GRAVE_MORTALIDAD,2
0,1,11,2,4,1,-14.800317389002185,-74.90121706249282,0,3,7,0,2,1,1,0,6626.073444704887,2.0,2,0,1.0,9,31,1555.7339751777918,0.6228101094029471,80.08651058506763,76.40997636730623,9.443478129133,1047.134170611611,31857.272382414205,3567.06333718701,688.4521719286557,707.7396776989408,2170.8714875594133,1097.9719992465443,2469.0913379404656,31.1765898975144,3,1,0,1,0,28.451010578893637,28.451010578893637,28.451010578893637,1.0,0.14417709287609637,0.0,0.8558229071239036,1,0,0.0,0.0,0.0,0.8558229071239036,0.14417709287609637,0.8558229071239036,0.0,0.14417709287609637,0.14417709287609637,0.14417709287609637,19,2,2022,10,26,3,0,1,0,1,0,1,GRAVE_MORTALIDAD,2
6,1,12,0,4,0,-7.784711805475925,-78.6785823536978,0,4,0,1,1,2,2,0,6543.555,2.0,4,4,1.0,14,33,1198.0,0.21078896628837357,76.67558814385363,28.34910892941903,3.300977602535575,241.00589450193388,7527.493240845726,8931.828000000005,1335.5899999999997,1935.9830000000004,5660.255000000005,1219.309,7712.519000000005,13.651281686122925,3,1,0,0,2,25.509910661210235,25.509910661210235,25.509910661210235,1.0,1.0,0.0,0.0,1,0,0.0,0.31908278738274853,0.0,0.6809172126172515,0.0,0.0,1.0,0.0,0.0,0.0,14,2,2022,8,18,1,0,0,0,1,0,1,GRAVE_MORTALIDAD,2
5,1,12,0,4,1,-11.703730947212852,-73.97627275788786,0,4,1,0,1,2,2,1,6738.221304039288,2.0,3,3,1.0,13,27,1198.0,0.4639222908418351,77.4022018913955,58.18782327745833,7.290589018740279,633.905046260885,62250.31132248578,12521.606885759691,1862.719001082471,1338.4968094411129,9320.391075236106,1910.480185718146,10611.126700041545,15.068097160260006,2,1,0,0,1,42.13421500746359,40.081851515673534,44.18657849925364,1.0,0.8134215007463587,0.0,0.0,1,0,0.0,0.0,0.18657849925364134,1.0,0.0,1.0,0.18657849925364134,0.8134215007463587,0.18657849925364134,0.18657849925364134,0,0,2021,4,13,0,0,0,2,1,0,1,GRAVE_MORTALIDAD,2
3,1,14,0,4,1,-12.600558870487903,-76.71731308894742,0,4,7,1,2,1,1,0,6614.003337662022,2.2693597006635375,2,0,1.0,6,30,1578.0202822064412,0.713778674631151,79.17357445615089,81.05549628260583,11.318881951975937,1388.7219412680306,60598.77779924508,7626.313,1683.4029999999998,1599.0829999999996,4343.827000000001,1814.875,5811.438000000001,23.797541485643197,3,2,0,0,1,54.55556493905163,46.882165687392785,62.22896419071047,1.0,0.0,0.26935970066353776,0.26935970066353776,2,0,0.0,1.0,0.0,0.7306402993364622,0.0,1.0,1.0,0.0,0.26935970066353776,0.0,15,1,2022,8,17,2,0,0,0,1,0,1,GRAVE_MORTALIDAD,2
3,1,15,0,4,1,-7.554537427680284,-79.05113362734329,0,4,7,0,2,1,1,0,6562.77498275813,2.0,3,3,1.0,13,32,1281.32247244242,0.5242356527702129,77.82232414830521,63.97039590938398,7.912917587433606,812.2892830833828,75909.42741848718,9236.23061250063,1725.167468119512,858.8058037153006,6652.2573406658175,2348.4767715882926,6887.753840912338,25.350250915529102,6,2,0,0,4,43.19601635084813,35.99336058474689,50.39867211694938,1.0,0.8006639415253112,0.8006639415253112,1.0,2,0,0.0,0.8006639415253112,1.0,0.0,0.8006639415253112,0.0,0.19933605847468883,0.8006639415253112,0.8006639415253112,0.8006639415253112,22,2,2023,11,18,4,0,1,0,1,0,1,GRAVE_MORTALIDAD,2
6,1,15,0,4,2,-15.584866017470326,-73.29087157464846,2,4,2,0,6,2,2,2,6543.555,2.0,4,4,1.0,14,33,1198.0,0.4731701983701986,74.45330859835155,61.92586741426529,7.926989941775785,686.7590033672427,1800.2858882063374,3235.4180874011718,667.543967858214,627.9925610079465,1939.8815585350112,1087.3802393275187,2148.037848073653,34.4851433108238,2,1,0,0,1,54.82291966002845,54.82291966002845,54.82291966002845,1.0,0.5461313800040639,0.0,0.0,1,0,0.0,0.4538686199959361,0.0,0.0,0.0,0.5461313800040639,0.4538686199959361,0.5461313800040639,0.5461313800040639,0.5461313800040639,7,0,2022,4,12,4,0,0,0,1,0,1,GRAVE_MORTALIDAD,2
6,1,1,0,4,2,-8.80427602479745,-77.57020762345005,1,4,2,0,5,2,2,0,6543.555,2.0,4,4,1.0,14,33,1198.0,0.2489296425175559,71.19782645597513,44.0140648543161,4.428741873053418,217.73202676082767,5817.201826314018,10767.648,1885.0630000000003,1222.721,7659.864000000001,2100.343,8667.305000000002,19.506051832303577,2,1,0,0,1,57.883784804817275,57.883784804817275,57.883784804817275,1.0,0.32945949349390913,0.0,0.6705405065060909,1,0,0.0,0.6705405065060909,0.32945949349390913,0.0,0.32945949349390913,0.0,0.6705405065060909,0.0,0.0,0.0,17,2,2022,3,10,0,0,0,0,1,0,1,GRAVE_MORTALIDAD,2
5,1,1,0,4,1,-9.054637883459069,-77.5228658529561,1,4,0,0,2,1,1,0,1357.3632732635706,1.3183520221360108,0,3,0.0,9,20,214.52809374212688,0.5084472462013555,73.99271614721725,59.45322596154831,8.734986508581787,782.4389652420601,4901.092807738832,10767.648,1885.0630000000003,1222.721,7659.864000000001,2100.343,8667.305000000002,19.506051832303577,8,1,0,0,7,39.11423207747604,37.68164797786399,40.54681617708809,1.0,0.0,0.0,0.3183520221360109,1,0,0.0,0.3183520221360109,0.0,0.3183520221360109,0.0,0.3183520221360109,1.0,0.0,0.0,0.0,13,3,2022,1,6,5,1,0,0,1,0,1,GRAVE_MORTALIDAD,2
3,2,14,0,4,1,-10.875215604389162,-77.67932234385745,1,4,4,1,2,0,0,4,6543.555,3.0,2,0,1.0,0,30,1475.0,0.6213232986846525,78.39182591578222,65.61018846141839,8.216397059842299,1255.9035408375441,25255.214077923745,7626.313,1683.4029999999998,1599.0829999999996,4343.827000000001,1814.875,5811.438000000001,23.797541485643197,4,2,0,0,2,31.43106957497389,26.337219338848275,36.52491981109951,1.0,1.0,0.0,0.3812299527748767,2,0,0.0,0.3812299527748767,0.6187700472251233,0.6187700472251233,0.6187700472251233,0.3812299527748767,1.0,0.0,0.6187700472251233,0.0,20,2,2021,7,22,5,1,0,0,0,1,1,GRAVE_MORTALIDAD,2
6,1,18,0,4,0,-5.301080165775101,-80.60348949378118,0,3,7,1,2,2,2,0,6543.555,2.990712558623105,2,0,1.0,0,30,1472.4273787386,0.6001309883568362,78.39710000983743,72.3232456661087,9.722252548831547,977.5327731321298,183963.57727175477,8978.443727016542,1779.7448697945906,647.3305353800502,6551.368321841901,2220.746996534439,6757.696730482103,24.729669423206442,6,1,0,0,4,42.94427535173863,29.03714976550758,56.84211349659279,0.990712558623105,0.0,0.0,0.990712558623105,1,0,0.0,0.990712558623105,0.0,1.0,0.0,1.0,0.990712558623105,0.0,1.0,0.0,5,0,2021,3,3,3,0,0,0,1,0,1,GRAVE_MORTALIDAD,2
1,1,1,1,3,1,-9.024013105076452,-78.40168742887593,0,3,7,1,2,1,1,0,6543.555,2.7523829128252815,2,0,1.0,3,30,1406.410066852603,0.5373493088926219,77.36865881681337,61.15264545835451,7.458389010189385,935.6173680082089,21053.591542386268,10767.648,1885.0630000000003,1222.721,7659.864000000001,2100.343,8667.305000000002,19.506051832303577,3,1,0,1,0,35.18414136071873,28.542892430855066,40.990468348698876,0.24761708717471853,0.24761708717471853,0.0,0.0,1,0,0.7523829128252815,0.0,0.0,0.24761708717471853,0.24761708717471853,0.24761708717471853,0.0,0.24761708717471853,0.24761708717471853,1.0,8,0,2022,10,12,6,1,0,0,1,0,1,GRAVE_MORTALIDAD,2
7,1,3,0,4,1,-16.15206318705714,-71.58869199191436,0,4,3,0,2,0,1,0,1504.4250000000002,2.0,2,0,1.0,7,25,241.0,0.6005060748875158,78.21704200773246,77.40211893847457,8.994742794352394,996.014120858737,33335.45824411135,10322.272,1495.236,1749.739,7077.2970000000005,2886.595,7435.677000000001,27.964725207783708,9,1,0,0,8,30.74031543444523,27.53228188518257,33.94834898370789,1.0,0.493543622963486,0.0,0.0,1,0,0.0,1.0,0.0,0.493543622963486,0.0,0.493543622963486,1.0,0.0,0.0,0.0,11,1,2021,10,23,4,0,1,0,1,0,1,GRAVE_MORTALIDAD,2
0,1,14,2,3,1,-12.034714181478586,-77.02006938992346,0,2,6,1,2,2,2,0,6543.555,2.844402343190532,2,0,1.0,2,30,1431.8994490637774,0.7300036506368504,80.21724456394445,75.11639588359114,10.636845733066124,1559.041185521695,156759.78800856532,7626.313,1683.4029999999998,1599.0829999999996,4343.827000000001,1814.875,5811.438000000001,23.797541485643197,3,1,0,2,0,55.73244920700118,55.73244920700118,55.73244920700118,1.0,0.1555976568094678,0.0,0.0,1,0,0.0,0.8444023431905322,0.0,0.1555976568094678,0.0,0.0,1.0,0.0,0.0,0.0,6,0,2024,7,6,0,0,0,0,1,0,1,GRAVE_MORTALIDAD,2
2,1,10,0,4,1,-14.318043694873579,-75.66731548239395,5,3,7,1,2,1,1,0,6639.975,2.0,2,0,1.0,9,31,1616.0,0.6261042306271147,80.48505954362174,76.55712631348362,9.341715591523595,1061.002261282891,31419.372591006424,3721.461,698.1859999999996,744.866,2278.409,1102.9029999999996,2618.558,29.636290693359403,3,1,0,0,1,46.16058483785476,45.01941965835355,47.30175001735598,1.0,0.0,0.0,1.0,1,0,0.0,0.760776786334142,0.0,0.23922321366585797,0.0,0.23922321366585797,0.760776786334142,0.0,0.0,0.0,15,2,2023,3,14,2,0,0,0,1,0,1,GRAVE_MORTALIDAD,2
5,1,7,0,4,0,-13.35821028825477,-72.05356382717726,0,4,2,1,2,0,0,2,4733.200648110544,1.4152137566843308,2,3,0.4152137566843307,11,20,1145.9540243449055,0.4520885745277587,71.91470433705756,64.49623873572294,7.71387842358181,601.4773577653631,21547.77496470448,17779.13499998999,2097.3709999899997,2863.123,12818.640999999989,2878.713,14900.421999989989,16.19152450331032,2,1,0,0,1,28.18700740641937,26.43264867647236,29.941366136366376,1.0,0.0,0.0,0.0,1,0,0.0,0.0,0.0,1.0,1.0,0.0,0.0,0.4152137566843307,1.0,1.0,20,2,2024,7,21,3,0,1,2,0,0,1,GRAVE_MORTALIDAD,2
4,1,6,0,4,1,-11.145438847131372,-74.36175506753699,0,4,0,0,1,0,0,2,4639.383686759209,1.3849087126300117,2,3,0.3849087126300117,10,20,1143.256875424071,0.39414820703011416,73.3627405804103,49.88556518846199,6.232335254380545,538.543284248697,24696.42332816296,17069.528849212613,1957.4774680310193,2121.2380151068237,12990.813366074768,2540.552990161452,14528.97585905116,14.790482520221701,5,1,0,0,3,29.766004161069873,27.920730298959906,31.611278023179835,1.0,0.3849087126300117,0.0,0.3849087126300117,1,0,0.0,0.0,0.3849087126300117,0.6150912873699883,0.6150912873699883,0.0,0.3849087126300117,0.3849087126300117,1.0,1.0,18,2,2024,8,23,4,0,1,2,0,0,1,GRAVE_MORTALIDAD,2
8,1,2,0,4,1,-13.65820711142338,-73.13633583990014,3,4,3,1,1,1,1,2,7586.903,2.0,2,0,1.0,9,5,1198.0,0.31949655194435994,74.46716007999319,60.11451128698175,4.412987699916739,343.5145662292648,6860.161817005548,8358.971,1282.451,1298.0969999999998,5778.423,1432.683,6926.288,17.139466089785454,3,1,0,0,2,46.631682939674285,46.631682939674285,46.631682939674285,1.0,0.0,0.0,0.0,1,0,0.0,0.0,0.5188118485248975,0.4811881514751025,0.0,0.4811881514751025,0.5188118485248975,0.0,0.4811881514751025,0.0,15,3,2022,10,9,2,0,0,2,1,0,1,GRAVE_MORTALIDAD,2
3,2,3,0,4,1,-16.02612197211168,-71.30103193466533,0,4,0,0,2,0,1,0,1504.4250000000002,2.0,2,0,1.0,7,25,241.0,0.4685280505645348,81.83746865987648,70.74305753660312,6.037751599761188,617.4715908037651,1751.8736616702354,10322.272,1495.236,1749.739,7077.2970000000005,2886.595,7435.677000000001,27.964725207783708,6,2,0,0,3,40.08593517699093,39.13552039913286,41.21651586599222,1.0,0.0,0.0,0.0,2,0,0.0,0.45950226657031745,0.5404977334296825,1.0,0.0,0.5404977334296825,1.0,0.0,0.45950226657031745,0.0,16,1,2023,5,15,2,0,0,0,1,0,1,GRAVE_MORTALIDAD,2
4,1,22,0,4,1,-17.33558385801157,-70.40868090437444,2,4,7,1,2,1,1,2,1673.324058960537,2.0,2,0,1.0,9,24,269.96437814516986,0.4319076305463696,71.48639988529654,65.33015401383713,7.405098136443308,565.9395516635836,2672.447162846271,2650.572,630.6729999999998,487.3610000000001,1532.5379999999998,1068.7019999999998,1581.87,40.31967439480987,4,1,0,0,3,42.28737349281239,42.28737349281239,42.28737349281239,1.0,0.0,0.0,0.6374902686778764,1,0,0.0,0.3625097313221236,0.0,0.6374902686778764,0.0,1.0,0.3625097313221236,0.0,0.0,0.0,9,1,2022,5,1,4,0,0,0,1,0,1,GRAVE_MORTALIDAD,2
4,1,8,0,4,1,-9.132850605247405,-76.39296450343582,3,4,6,1,3,2,2,0,6088.935188229805,2.0,3,2,0.4133536722250749,11,32,709.3236089634875,0.3960635190859889,75.27636784023156,55.024374788680284,5.637127350572183,520.6726092289324,74776.96158876308,13781.974602710914,1788.21266453423,1035.3321188335876,10958.429819343095,1758.685185459946,12023.289417250968,12.786643309343093,3,1,0,0,2,35.41335367222508,32.48012203335045,38.3465853110997,1.0,1.0,0.0,0.0,1,0,0.0,0.4133536722250749,0.5866463277749251,0.5866463277749251,0.0,0.5866463277749251,1.0,0.5866463277749251,0.0,0.5866463277749251,7,0,2022,3,22,5,1,1,2,1,0,1,GRAVE_MORTALIDAD,2
6,1,14,0,4,1,-10.511143205669265,-76.97867454463142,0,4,2,0,1,2,2,1,1031.172,-1.0,1,0,0.0,9,32,405.0,0.4949123837036472,70.52606170870753,58.33584127222091,7.612228999147184,840.9315080718011,1680.4111349036402,7626.313,1683.4029999999998,1599.0829999999996,4343.827000000001,1814.875,5811.438000000001,23.797541485643197,3,1,0,0,2,22.502509208305558,22.502509208305558,22.502509208305558,1.0,0.3756273020763897,0.0,0.0,1,0,0.0,0.0,0.0,1.0,0.0,0.3756273020763897,0.6243726979236103,0.0,0.0,0.0,3,0,2022,7,24,3,0,1,0,1,0,1,GRAVE_MORTALIDAD,2
8,1,7,0,4,0,-13.724206767159778,-71.8898630933735,1,4,4,0,3,2,2,2,6543.555,2.0,4,4,1.0,14,33,1198.0,0.25414469512279186,63.74855099421519,58.383005435826504,4.647218914405887,220.52434154807207,1528.133477123166,17779.13499998999,2097.3709999899997,2863.123,12818.640999999989,2878.713,14900.421999989989,16.19152450331032,2,1,0,0,1,44.985528063435424,44.985528063435424,44.985528063435424,0.6532895409013626,0.0,0.0,0.0,1,0,0.0,0.0,0.0,1.0,0.0,0.6532895409013626,0.3467104590986374,0.0,0.6532895409013626,0.0,20,2,2022,4,18,3,0,0,2,1,0,1,GRAVE_MORTALIDAD,2
5,1,12,0,4,1,-7.714215204895987,-78.4232501636754,1,4,0,0,1,2,2,2,6543.555,2.070368107906029,3,3,1.0,13,32,1217.49196588997,0.2110487861686311,76.12166226538278,31.072048771198627,3.4833605386077156,197.95093304046802,24268.486202038006,8931.828000000005,1335.5899999999997,1935.9830000000004,5660.255000000005,1219.309,7712.519000000005,13.651281686122925,7,1,0,0,6,38.59812891720125,37.85926378418794,39.33699405021456,1.0,0.07036810790602932,0.0,0.0,1,0,0.0,0.9296318920939707,0.07036810790602932,0.0,0.07036810790602932,0.0,1.0,0.0,0.0,0.07036810790602932,18,1,2022,2,14,1,0,0,0,1,0,1,GRAVE_MORTALIDAD,2
4,1,5,0,4,1,-7.301100877660502,-78.66444527183218,0,4,4,0,2,1,1,0,836.1431815828114,2.0,2,0,0.6310341757120489,8,22,177.13794945727707,0.3509042244329353,72.82829144069713,46.47908721027668,5.09841473540104,458.7197040871429,8003.131715663933,15935.565011852366,1733.9250000199986,935.692,13265.948011832368,2000.1670000199988,13935.398011832369,12.551591352627522,5,1,0,0,3,41.1982689535211,40.251717689953026,42.144820217089176,1.0,0.6310341757120489,0.0,0.0,1,0,0.0,0.6310341757120489,0.0,1.0,0.0,0.6310341757120489,1.0,0.0,0.6310341757120489,0.0,10,1,2021,4,15,1,0,0,2,1,0,1,GRAVE_MORTALIDAD,2
3,1,14,0,4,1,-10.654233561174092,-77.84195005373013,0,4,7,1,2,1,0,2,6543.555,3.0,2,0,1.0,0,30,1475.0,0.6260331725587485,82.23235636763975,72.1160461773823,8.902811645064691,1091.0519040728507,20487.98487650729,7626.313,1683.4029999999998,1599.0829999999996,4343.827000000001,1814.875,5811.438000000001,23.797541485643197,4,2,0,0,2,47.45323717878123,41.48560896659356,53.420865390968906,1.0,0.0,0.0,1.0,2,0,0.0,0.04676282121876718,1.0,0.9532371787812328,0.0,1.0,1.0,0.0,0.0,0.0,11,1,2021,3,19,4,0,0,0,1,1,1,GRAVE_MORTALIDAD,2
2,1,14,1,4,1,-12.172769039982581,-76.97643858032566,0,0,4,1,2,1,0,1,6595.716892829618,2.4590137644719166,2,0,1.0,4,30,1551.2790592094598,0.7546124768244883,80.32931583377567,76.7427081618246,11.709758506517161,1613.0014447519666,405395.4453943731,7626.313,1683.4029999999998,1599.0829999999996,4343.827000000001,1814.875,5811.438000000001,23.797541485643197,4,2,0,2,0,44.83597487428111,40.52449552098899,49.147454227573235,1.0,0.5409862355280837,0.0,0.0,2,0,0.0,0.45901376447191633,0.0,0.5409862355280837,0.0,0.5409862355280837,1.0,0.0,0.5409862355280837,0.0,8,1,2022,3,23,2,0,1,0,1,0,1,GRAVE_MORTALIDAD,2
6,1,11,0,4,1,-10.816092565018048,-76.31154516529479,0,4,0,0,2,1,1,0,1147.558344623447,1.2847329174907558,1,2,0.2847329174907557,6,17,207.35875815203374,0.4977216142064899,68.30583002877104,70.27880033421798,8.89010865492097,829.3765857304054,40734.15128898472,8640.814332383234,1541.3534031369004,1617.9991090030787,5481.461820243254,1974.9434571405925,6665.87087524264,22.827965489407173,11,1,0,0,10,49.71526708250924,49.71526708250924,49.71526708250924,1.0,0.7152670825092443,0.0,0.2847329174907557,1,0,0.0,0.0,0.2847329174907557,0.7152670825092443,0.7152670825092443,0.0,0.2847329174907557,0.7152670825092443,0.7152670825092443,0.7152670825092443,12,2,2023,2,19,1,0,1,1,1,0,1,GRAVE_MORTALIDAD,2
6,1,7,0,4,0,-13.758589779914915,-71.39628604818661,0,4,3,1,1,2,2,4,7006.037460164036,2.0,3,2,1.0,11,20,1198.0,0.26967837418780305,67.14353823430437,55.853687918908726,4.389296610376483,259.9116126525079,9937.404646415038,17779.13499998999,2097.3709999899997,2863.123,12818.640999999989,2878.713,14900.421999989989,16.19152450331032,3,1,0,0,2,49.638424613778774,49.638424613778774,49.638424613778774,1.0,0.0,0.0,0.4432676922407822,1,0,0.0,0.0,0.0,1.0,0.0,0.5567323077592178,0.4432676922407822,0.0,0.0,0.0,3,0,2022,7,18,5,1,1,2,1,0,1,GRAVE_MORTALIDAD,2
6,1,12,0,4,1,-12.139968211695862,-75.00820166492075,0,4,0,1,2,0,1,2,7435.346914926704,2.0,2,0,1.0,9,9,1198.0,0.5649431414666849,74.79080797613888,69.73506067800163,9.203518400802606,988.0492520897442,9073.559332289822,12464.678727403767,1854.6900766982992,1286.9066679196642,9323.081982785801,1839.183386769643,10625.495340634123,14.599530614884102,3,1,0,0,2,38.72629690704011,38.72629690704011,38.72629690704011,1.0,0.0,0.0,0.8547406185919787,1,0,0.0,0.0,0.0,1.0,0.0,1.0,0.0,0.8547406185919787,0.8547406185919787,0.8547406185919787,16,2,2022,9,22,5,1,0,2,1,0,1,GRAVE_MORTALIDAD,2
6,1,11,0,4,1,-8.335676985991089,-78.45101481182306,0,4,0,0,2,2,2,0,672.0276248920003,1.929583094597569,1,0,0.9295830945975689,8,28,111.97087391841328,0.2792014207193257,74.17114061806458,47.33666831849189,4.873043875355354,239.77918078138816,5668.543202987218,8902.224592135011,1343.3219874639028,1941.090549399555,5617.812055271554,1265.803170130063,7636.421422004948,14.245017855906992,3,1,0,0,2,25.19708739184133,25.19708739184133,25.19708739184133,1.0,0.9295830945975689,0.0,0.0,1,0,0.0,0.0,0.0,1.0,0.9295830945975689,0.07041690540243106,0.0,0.9295830945975689,0.0,0.9295830945975689,17,1,2021,11,13,6,1,0,0,1,0,1,GRAVE_MORTALIDAD,2
3,2,6,0,4,1,-13.644350529479166,-73.23238452864649,0,4,0,0,2,2,2,5,3094.3390160996723,1.1842198992963593,2,2,0.1842198992963593,9,13,941.5441115396094,0.24673453803213638,77.6654558687073,55.763211762696926,4.321998632395706,179.4107684418578,18062.716413789953,12856.243610563988,1844.8111533777221,1880.8968318435295,9130.535625342738,2638.03379348921,10218.209817074778,20.466651659994785,5,2,0,0,2,41.74568589460542,29.237057683816264,49.63156020140728,1.0,0.8157801007036407,0.0,0.8157801007036407,2,0,0.0,0.0,0.0,1.0,0.8157801007036407,1.0,0.8157801007036407,0.0,0.8157801007036407,0.0,6,0,2021,7,5,1,0,0,2,1,0,1,GRAVE_MORTALIDAD,2
3,2,11,0,4,1,-11.774982794440731,-75.69250198771908,0,4,0,0,2,1,1,2,7586.903,2.0,2,0,1.0,9,5,1198.0,0.4545643050211295,68.73444804749025,55.05670880126828,7.076811092931955,737.237129067086,1424.8051391862955,12264.545,1826.4639999999995,1105.5389999999998,9332.542,1588.5359999999996,10676.009,12.952261987705208,4,2,0,0,2,45.72866943336454,39.57337937852885,51.883959488200226,1.0,0.4368600365571266,0.0,1.0,2,0,0.0,0.5631399634428734,0.4368600365571266,1.0,0.0,1.0,1.0,0.0,0.4368600365571266,0.0,7,0,2022,10,10,2,0,0,2,1,0,1,GRAVE_MORTALIDAD,2
6,1,5,0,4,1,-13.519865039415883,-73.90904280049931,0,4,5,0,2,1,0,2,1874.6499138366837,1.6076178990672787,1,3,0.6076178990672787,9,27,488.0405065113301,0.32218804109651816,71.79756597878534,55.382327274213374,5.282833837795899,324.9567086367758,3412.741706549051,8451.605386802301,1381.4574757098203,1729.760300237477,5340.387610855004,1704.2250086215706,6747.38037818073,20.14325146380045,26,1,0,0,25,46.872430340107016,46.872430340107016,46.872430340107016,1.0,0.3923821009327213,0.0,0.6076178990672787,1,0,0.0,0.0,0.6076178990672787,0.3923821009327213,0.0,0.3923821009327213,0.6076178990672787,0.0,0.0,0.0,4,0,2022,6,13,2,0,0,2,1,0,1,GRAVE_MORTALIDAD,2