CLASE SINIESTRO,CANTIDAD DE VEHICULOS DAÑADOS,DEPARTAMENTO,ZONA,TIPO DE VÍA,RED VIAL,COORDENADAS LATITUD,COORDENADAS  LONGITUD,CONDICIÓN CLIMÁTICA,ZONIFICACIÓN,CARACTERÍSTICAS DE VÍA,PERFIL LONGITUDINAL VÍA,SUPERFICIE DE CALZADA,¿EXISTE SEÑAL VERTICAL?,¿EXISTE SEÑAL HORIZONTAL?,CAUSA FACTOR PRINCIPAL,MTC_RVN_LONGITUD_KM,MTC_RVN_N_CARRILES_MEDIANA,MTC_RVN_SUPERFICIE_DOMINANTE,MTC_RVN_ESTADO_DOMINANTE,MTC_RVN_ES_CONCESIONADA,MTC_RVN_CONCESION_PRINCIPAL,MTC_RVN_CORREDOR_LOGISTICO,MTC_RVN_N_TRAMOS,IDH_2019,IDH_ESP_VIDA_2019,IDH_EDUC_SECUND_PCT_2019,IDH_ANIOS_EDUC_2019,IDH_INGRESO_PERCAP_2019,IDH_POBLACION_2019,MTC_DEP_RED_TOTAL_KM,MTC_DEP_NACIONAL_TOTAL_KM,MTC_DEP_DEPARTAMENTAL_TOTAL_KM,MTC_DEP_VECINAL_TOTAL_KM,MTC_DEP_PAV_TOTAL_KM,MTC_DEP_NO_PAV_TOTAL_KM,MTC_DEP_PCT_PAVIMENTADA,PER_TOTAL_PERSONAS,PER_N_CONDUCTORES,PER_N_CONDUCTORES_FUGADOS,PER_N_PEATONES,PER_N_PASAJEROS_OCUPANTES,PER_EDAD_COND_PROM,PER_EDAD_COND_MIN,PER_EDAD_COND_MAX,PER_ANY_COND_MASCULINO,PER_ANY_LIC_PROBLEMA,PER_ANY_DOSAJE_POS,PER_ANY_DOSAJE_EVALUADO,VEH_TOTAL,VEH_N_FUGADOS,VEH_ANY_FUGADO,VEH_ANY_CARGA,VEH_ANY_PUBLICO,VEH_ANY_PARTICULAR,VEH_ANY_MOTO,VEH_ANY_AUTO,VEH_ANY_CAMION_BUS,VEH_ANY_SOAT_PROBLEMA,VEH_ANY_CITV_PROBLEMA,VEH_ANY_SEGURO_PROBLEMA,HORA_NUM,FRANJA_HORARIA,ANIO,MES,DIA_MES,DIA_SEMANA,ES_FIN_SEMANA,ES_QUINCENA,REGION_NATURAL,TIENE_SEÑALIZACION,ES_VIA_MULTICARRIL,ES_DEPTO_BAJO_PAVIMENTO,CATEGORIA_SEVERIDAD,CATEGORIA_SEVERIDAD_ENC
6,1,1,0,4,1,-8.919015873290377,-77.21241434171962,5,4,7,0,4,1,1,1,1960.1404909850137,1.0,0,1,0.0,9,30,519.4114735289304,0.3073877049825212,74.16231162851638,50.417843720974346,5.660845005158416,284.5669192529109,1826.2275646854448,10767.648,1885.0630000000003,1222.721,7659.864000000001,2100.343,8667.305000000002,19.506051832303577,13,1,0,0,12,57.490482410715146,57.490482410715146,57.490482410715146,1.0,0.0,0.0,0.5947848767007213,1,0,0.0,0.0,0.40521512329927867,0.5947848767007213,0.0,0.0,1.0,1.0,0.5947848767007213,0.0,14,3,2021,3,7,3,0,0,0,1,0,1,GRAVE_MORTALIDAD,2
3,1,3,1,4,0,-16.516965262927627,-71.79610760636493,0,3,6,1,2,0,1,0,6627.871958446009,2.0,2,0,1.0,9,31,1563.530892246748,0.6105481451420971,78.10653088113892,68.35418098658066,8.411557426919764,1158.5430895193692,35025.678800856535,10322.272,1495.236,1749.739,7077.2970000000005,2886.595,7435.677000000001,27.964725207783708,6,1,0,0,4,46.112943831758855,46.112943831758855,46.112943831758855,1.0,0.0,0.0,0.0,1,0,0.0,0.0,0.1255241812278759,0.8744758187721241,0.0,0.8744758187721241,0.1255241812278759,0.0,0.0,0.0,11,2,2022,1,15,5,0,0,0,1,0,1,GRAVE_MORTALIDAD,2
6,1,7,0,4,2,-14.035461766741461,-71.1861000786965,5,4,0,0,5,1,0,1,6543.555,2.0,4,4,1.0,14,33,1198.0,0.3406437512463845,73.96083310399104,54.36120523977826,5.604268335411989,350.08431373086614,4681.2572184201645,17779.13499998999,2097.3709999899997,2863.123,12818.640999999989,2878.713,14900.421999989989,16.19152450331032,3,1,0,0,2,30.60937983626993,30.60937983626993,30.60937983626993,0.1863842740192807,0.8136157259807193,0.0,0.0,1,0,0.0,0.0,0.8136157259807193,0.1863842740192807,0.8136157259807193,0.0,0.1863842740192807,0.8136157259807193,0.0,0.8136157259807193,15,2,2022,5,19,5,0,0,2,1,0,1,GRAVE_MORTALIDAD,2
5,1,18,0,4,1,-5.217696573336149,-80.7897542232127,0,4,7,1,2,2,2,0,258.35612389821614,2.0,2,0,1.0,1,20,20.93283192722469,0.5388797550204376,80.98061260747339,67.27077236698531,7.260856635656515,848.4023535474158,12651.625460328387,8964.629304002974,1766.4308558214339,683.4558847152416,6514.7425634662995,2178.9105780743616,6785.718725928614,24.304194748223285,2,1,0,0,1,36.80328566341785,32.67810381286558,39.96423375698507,1.0,0.0,0.0,0.9642337569850647,1,0,0.0,0.03576624301493525,0.03576624301493525,0.9642337569850647,0.9642337569850647,0.0,0.03576624301493525,0.9642337569850647,0.03576624301493525,0.9642337569850647,10,1,2021,3,9,1,0,0,0,1,0,1,GRAVE_MORTALIDAD,2
6,1,1,0,4,1,-8.874664803188365,-77.42203653717463,5,4,6,1,6,1,1,0,1907.0048192060008,1.0,0,1,0.0,9,29,463.0722136609621,0.35709136115606455,74.20666770955333,47.35965414108106,6.135910529586383,398.78931664356907,972.5397154713289,10767.648,1885.0630000000003,1222.721,7659.864000000001,2100.343,8667.305000000002,19.506051832303577,5,1,0,0,4,47.51206872954951,47.51206872954951,47.51206872954951,1.0,0.0,0.0,0.4717733922728431,1,0,0.0,0.0,0.0,1.0,0.0,0.0,1.0,0.4717733922728431,1.0,0.0,8,1,2022,4,7,4,0,0,0,1,0,1,GRAVE_MORTALIDAD,2
6,1,5,0,4,2,-7.1923374110449805,-78.59502489973775,0,4,2,0,2,2,2,2,6543.555,2.0,4,4,1.0,14,33,1198.0,0.3006896664106139,72.61876154693442,47.50957863155355,4.444568677504721,322.27720668134145,4578.412590024015,15935.565011852366,1733.9250000199986,935.692,13265.948011832368,2000.1670000199988,13935.398011832369,12.551591352627522,2,1,0,0,1,44.0,44.0,44.0,1.0,0.6618783880446912,0.0,1.0,1,0,0.0,0.0,0.0,1.0,0.0,1.0,0.0,0.0,1.0,0.0,18,1,2024,11,18,4,0,0,2,1,0,1,GRAVE_MORTALIDAD,2
3,1,1,0,4,1,-9.473847778127709,-77.52594679346542,3,4,0,0,2,1,1,1,9936.932,2.0,2,0,1.0,9,32,3830.0,0.47705368085856553,77.644317681352,68.11140011036059,7.015936476578634,655.9731904471149,2710.6899582073393,10767.648,1885.0630000000003,1222.721,7659.864000000001,2100.343,8667.305000000002,19.506051832303577,4,1,0,0,2,29.32157090038179,24.962652809705613,33.68048899105796,1.0,1.0,0.0,1.0,1,0,0.0,1.0,0.0,0.0,0.0,0.7925305619411228,1.0,0.0,0.0,0.0,19,2,2021,5,12,3,0,0,0,1,0,1,GRAVE_MORTALIDAD,2
6,1,7,0,4,1,-13.642287827334796,-71.70799301860646,0,4,7,1,2,1,1,2,3290.793014351635,1.0,1,3,0.0,9,13,1050.7212689091543,0.31129807214660304,73.27441697799529,52.46687743211841,4.589599227615663,328.1591645202784,5489.403958442814,17779.13499998999,2097.3709999899997,2863.123,12818.640999999989,2878.713,14900.421999989989,16.19152450331032,3,1,0,0,2,55.893056339260255,55.893056339260255,55.893056339260255,1.0,0.0,0.0,1.0,1,0,0.0,0.0,0.0,1.0,0.0,0.09414980790120442,0.9058501920987956,0.09414980790120442,1.0,0.0,16,2,2024,3,21,5,1,0,2,1,0,1,GRAVE_MORTALIDAD,2
5,1,14,0,4,1,-11.521514249899562,-77.36908132279923,0,4,7,1,2,1,0,1,6559.12208545867,2.8385492070247933,2,0,1.0,1,30,1497.7645618095041,0.7285458418389729,78.42217332456184,77.36245805725369,13.129371790219407,1401.924820744803,61703.004222764706,7626.313,1683.4029999999998,1599.0829999999996,4343.827000000001,1814.875,5811.438000000001,23.797541485643197,3,1,0,0,2,38.03626982438017,36.906114273553726,39.16642537520662,1.0,0.0,0.0,0.8385492070247931,1,0,0.0,0.16145079297520692,0.0,1.0,0.0,0.16145079297520692,1.0,0.0,0.0,0.0,9,1,2022,2,10,4,0,0,0,1,0,1,GRAVE_MORTALIDAD,2
6,1,1,0,4,1,-9.206944736840159,-77.5703796733761,2,4,0,0,7,2,2,1,6543.555,2.0,4,4,1.0,14,33,1198.0,0.36815329176417483,77.46171608908053,41.68644988126706,5.815757797517989,490.86039120483224,9131.415046094022,10767.648,1885.0630000000003,1222.721,7659.864000000001,2100.343,8667.305000000002,19.506051832303577,8,1,0,0,7,44.355418647419626,44.355418647419626,44.355418647419626,1.0,0.0,0.0,0.5289162705160747,1,0,0.0,0.5289162705160747,0.0,0.4710837294839253,0.5289162705160747,0.0,0.4710837294839253,0.0,1.0,0.0,17,2,2021,7,12,2,0,0,0,1,0,1,GRAVE_MORTALIDAD,2
6,1,12,0,4,0,-7.710222221272643,-78.60170752660441,0,4,0,1,1,2,2,1,6543.555,2.0,4,4,1.0,14,33,1198.0,0.26304496468661903,76.33587722973995,28.93896592305729,3.7370315999551638,357.85230960068225,7322.33937382428,8931.828000000005,1335.5899999999997,1935.9830000000004,5660.255000000005,1219.309,7712.519000000005,13.651281686122925,4,1,0,0,3,28.477361744258474,28.477361744258474,28.477361744258474,1.0,1.0,0.0,0.0,1,0,0.0,0.5888510676598613,0.0,0.4111489323401387,0.0,0.0,1.0,0.0,0.0,0.0,12,1,2022,8,13,2,0,0,0,1,0,1,GRAVE_MORTALIDAD,2
5,1,3,0,4,1,-16.95674817618505,-71.90249634292726,3,4,1,1,2,1,1,0,6566.364879348855,2.0,3,3,1.0,12,32,1296.8853927382397,0.6145121475728799,77.23832501212864,69.50435832202413,8.3372080893855,1197.345321918344,6644.153815991868,10322.272,1495.236,1749.739,7077.2970000000005,2886.595,7435.677000000001,27.964725207783708,4,1,0,0,3,49.5589377201447,47.429826393244795,51.6880490470446,1.0,1.0,0.0,0.0,1,0,0.0,0.0,0.0,1.0,0.23656792521110004,1.0,0.0,0.7634320747889,1.0,0.0,8,0,2023,9,22,5,1,1,0,1,0,1,GRAVE_MORTALIDAD,2
3,2,10,0,4,1,-14.802801637807114,-74.99907384890557,0,3,7,1,2,2,2,0,6639.975,2.0,2,0,1.0,9,31,1616.0,0.5563774842369664,77.00938809632027,69.10246351364754,8.476961866273152,914.8835608305218,27932.19700214133,3721.461,698.1859999999996,744.866,2278.409,1102.9029999999996,2618.558,29.636290693359403,3,2,0,0,1,37.32498306161241,33.379959347869786,41.270006775355036,1.0,0.27000677535503637,0.0,0.7299932246449636,2,0,0.0,1.0,0.0,1.0,0.0,0.7299932246449636,1.0,0.0,0.27000677535503637,0.27000677535503637,5,0,2021,8,27,3,0,1,0,1,0,1,GRAVE_MORTALIDAD,2
3,2,14,1,4,1,-10.372548033588238,-77.80787443337853,0,3,7,0,2,1,1,2,212.4208086265944,2.0,2,0,0.13174379963196414,7,3,54.34128100184018,0.5873431560357231,76.86860353283089,66.39340473017604,8.268403752131816,1134.1688680217144,36395.55521143042,7802.788167160309,1696.4468218656655,1472.3340030434822,4634.007342251161,1867.5237746548264,5935.264392505484,23.916348160862942,2,2,0,0,0,36.50104406433577,34.18569419668768,39.395231398895895,1.0,1.0,0.0,0.8682562003680359,2,0,0.0,0.13174379963196414,0.8682562003680359,0.8682562003680359,0.0,0.8682562003680359,1.0,0.0,0.13174379963196414,0.0,11,2,2021,10,16,0,0,1,0,1,0,1,GRAVE_MORTALIDAD,2
5,1,12,0,4,0,-8.644155939428824,-76.45777399186476,0,4,0,0,1,2,2,1,6931.995461648984,2.0,3,2,1.0,12,28,1496.9777001560628,0.5701864291908239,71.77166753176864,68.54584650728161,9.385429995974304,1008.3489769655573,91251.08553653613,7389.211862072907,1167.7126120681246,847.3985122660417,5374.10073773874,1045.0050843793051,6344.206777693601,14.522769221544097,3,1,0,0,1,26.116195938499473,24.8371469538746,27.395244923124338,1.0,1.0,0.0,0.680237753843783,1,0,0.0,0.0,0.680237753843783,0.31976224615621696,1.0,0.0,0.31976224615621696,0.0,1.0,0.31976224615621696,4,0,2021,6,22,0,0,0,1,1,0,1,GRAVE_MORTALIDAD,2
5,1,2,0,4,0,-13.569021923697086,-73.47555410416426,3,4,5,0,2,2,2,5,6543.555,2.0,4,4,1.0,14,33,1198.0,0.241310185459975,70.83483413046108,58.5191389199668,4.887115219495449,162.12128067173168,8997.351177730192,8358.971,1282.451,1298.0969999999998,5778.423,1432.683,6926.288,17.139466089785454,3,1,0,0,2,42.47262904164476,40.8971989028289,44.048059180460626,1.0,0.0,0.0,0.0,1,0,0.0,0.0,0.15754301388158642,1.0,0.0,0.8424569861184136,0.15754301388158642,0.0,0.0,0.0,6,1,2021,2,8,4,0,0,2,1,0,1,GRAVE_MORTALIDAD,2
3,1,12,0,4,0,-7.770599801565832,-78.88802796164562,0,4,7,1,3,2,2,2,6543.555,2.7715284240829763,2,0,1.0,3,30,1411.7133734709844,0.5805980679550621,76.324076828903,69.46414725983725,8.694527878889234,1013.58455100134,8648.183554503736,8931.828000000005,1335.5899999999997,1935.9830000000004,5660.255000000005,1219.309,7712.519000000005,13.651281686122925,4,1,0,0,2,41.47187790837339,39.54305684816595,43.40069896858083,1.0,0.7715284240829763,0.7715284240829763,0.7715284240829763,1,0,0.0,0.0,0.7715284240829763,0.22847157591702372,0.7715284240829763,0.0,1.0,0.0,1.0,0.7715284240829763,16,1,2022,4,24,4,0,1,0,1,0,1,GRAVE_MORTALIDAD,2
6,1,3,0,4,0,-12.796567194919744,-74.04366639852049,6,4,6,0,2,2,2,2,6543.555,2.0,4,4,1.0,14,33,1198.0,0.4352213118736946,75.84662076715894,66.63349196001514,6.454095250777447,588.975773012706,17407.088200743212,8435.488997257627,1289.548914237363,1383.3010896745238,5762.63899334574,1404.1820806661192,7031.3069165915085,16.6735402398202,6,1,0,0,5,45.797846626088806,45.797846626088806,45.797846626088806,1.0,0.0,0.0,0.1335725971012438,1,0,0.0,0.0,0.0,1.0,0.0,0.8664274028987562,0.1335725971012438,0.0,0.0,0.0,13,2,2022,4,9,2,0,0,1,1,0,1,GRAVE_MORTALIDAD,2
9,1,2,0,4,0,-13.391956392381228,-73.6012348528427,0,4,0,1,2,2,2,2,6543.555,2.0,4,4,1.0,14,33,1198.0,0.24888518272763013,70.88677311955308,57.97342865872764,4.947119023644991,185.9854883797774,9012.114139996656,8378.060428061319,1284.2217614950162,1319.3534023976702,5774.485264168632,1425.5726956427943,6952.487732418524,17.023228625220426,3,1,0,0,2,40.90003040168148,40.90003040168148,40.90003040168148,1.0,0.0,0.0,0.0,1,0,0.0,0.0,0.0,1.0,0.0,0.9666768005604915,0.033323199439508455,0.0,0.033323199439508455,0.0,6,0,2024,8,13,3,0,0,1,1,0,1,GRAVE_MORTALIDAD,2
3,2,12,0,4,1,-8.69095489368611,-78.66285333165898,0,4,7,1,2,1,1,1,6543.555,3.0,2,0,1.0,0,30,1475.0,0.5162818048315579,77.37002248554359,53.35189413695578,6.884106633964443,926.1722461924251,67445.77143343199,8817.970623432895,1365.9236811265562,1906.6010701367209,5545.445872169617,1271.2498680348886,7546.720755398005,14.536163531786677,3,2,0,0,0,43.427322821155435,37.82557477077305,49.261637843840425,1.0,0.9127873853865254,0.0,0.08721261461347463,2,0,0.0,1.0,0.0,0.0,0.0,0.0,1.0,0.0,0.9127873853865254,0.0,3,0,2021,4,8,3,0,0,0,1,1,1,GRAVE_MORTALIDAD,2
0,1,12,1,7,3,-12.390982211911194,-74.53910081348468,0,4,0,1,6,2,2,4,6543.555,2.0,4,4,1.0,14,33,1198.0,0.5077282785799924,70.28567845526963,71.81954290816789,8.50071697656693,806.415022700717,26058.134547409096,12427.620689942227,1849.4635563049246,1253.3234737261178,9324.833659911183,1792.77191795306,10634.848771989167,14.294511849246176,4,1,0,1,1,28.71017336710779,28.71017336710779,28.71017336710779,1.0,0.0,0.0,0.881637772148702,1,0,0.0,0.881637772148702,0.0,0.0,0.0,0.0,1.0,0.0,0.11836222785129802,0.0,11,2,2022,7,14,0,0,0,2,1,0,1,GRAVE_MORTALIDAD,2
3,1,2,0,4,1,-10.762114173319304,-76.88643441212942,0,3,4,0,2,2,2,0,6913.151453216709,2.6457591779380327,2,0,1.0,3,21,1376.875292288835,0.552842192609655,74.3040665822345,67.75057821734296,8.717754812063063,927.1734521044154,35438.62058557959,11444.632321430296,1856.7276308840858,1418.0185703334491,8169.886120212763,2236.737052200164,9207.895269230134,19.540291370003455,4,2,0,0,2,33.63471219041131,30.457591779380326,36.81183260144229,1.0,0.3542408220619674,0.0,0.3542408220619674,2,0,0.0,0.6457591779380326,0.0,1.0,0.3542408220619674,0.3542408220619674,0.6457591779380326,0.0,0.0,0.3542408220619674,10,0,2023,10,22,3,0,1,0,1,0,1,GRAVE_MORTALIDAD,2
3,1,5,0,4,1,-5.958609130481388,-79.25381482513353,0,4,0,0,1,0,1,0,9936.932,2.0,2,0,1.0,9,32,3830.0,0.3722588081114808,78.07085788756436,35.49470468599349,5.08916059625455,558.619890055961,8725.75460483332,15935.565011852366,1733.9250000199986,935.692,13265.948011832368,2000.1670000199988,13935.398011832369,12.551591352627522,3,1,0,0,2,44.375618516854566,29.752226660676428,58.9990103730327,1.0,0.7499175310860582,0.0,0.0,1,0,0.0,0.7499175310860582,0.7499175310860582,0.2500824689139418,0.7499175310860582,0.0,1.0,0.7499175310860582,0.7499175310860582,0.7499175310860582,7,0,2022,7,27,4,0,1,2,1,0,1,GRAVE_MORTALIDAD,2
6,1,2,0,4,0,-14.205656142213643,-73.04815447687653,0,4,4,0,1,2,2,1,6543.555,2.0,4,4,1.0,14,33,1198.0,0.35358953878208205,63.51397895349137,73.37558918015655,6.51088927149276,380.2409663777387,948.5364458589262,8358.971,1282.451,1298.0969999999998,5778.423,1432.683,6926.288,17.139466089785454,2,1,0,0,1,33.182761955848065,33.182761955848065,33.182761955848065,1.0,0.0,0.0,0.0,1,0,0.0,0.0,0.0,1.0,0.0,0.8365523911696138,0.16344760883038623,0.0,0.16344760883038623,0.0,15,1,2021,2,10,0,0,0,2,1,0,1,GRAVE_MORTALIDAD,2
4,1,15,0,4,0,-8.864641672013105,-77.91620236782374,0,4,7,1,2,1,1,1,6543.555,2.4876996390845334,3,2,1.0,7,31,1333.0928000264157,0.5709326980658674,77.83640828229292,75.09057912170167,9.115018388992269,881.0786668880089,10517.137483790719,3571.0798849883395,540.4336753743383,803.0063189045452,2227.6398907094563,645.732992305311,2925.3468926830287,18.147108040270677,38,1,0,0,36,48.49784260123294,47.21709169894427,49.778593503521606,1.0,0.0,0.0,1.0,1,0,0.0,0.0,0.0,0.5123003609154665,0.0,0.0,1.0,0.0,0.5123003609154665,0.0,10,1,2022,4,13,3,0,0,1,1,0,1,GRAVE_MORTALIDAD,2
5,1,12,1,2,3,-7.718126820282462,-79.27917436849754,0,0,0,1,1,2,2,0,6543.555,2.0,4,4,1.0,14,33,1198.0,0.5722454005643283,78.23062814191142,62.27763156794676,8.657371486260496,988.1412968551516,76555.03187788984,8936.428634851942,1396.0187395632584,1760.3064507062813,5780.1034445824025,1353.9004925718675,7582.528142280075,15.145434574182602,4,1,0,0,3,24.391414639390742,23.782829278781488,25.0,1.0,0.13524119124650136,0.0,0.13524119124650136,1,0,0.0,0.13524119124650136,0.0,1.0,0.13524119124650136,0.8647588087534986,0.0,0.13524119124650136,1.0,0.0,2,0,2022,10,11,1,0,0,0,1,0,1,GRAVE_MORTALIDAD,2
3,2,15,0,4,1,-7.3793448441102045,-79.48184312010525,0,4,7,1,2,2,2,2,6543.555,3.0,2,0,1.0,0,30,1475.0,0.4923979090208732,75.37822658818318,51.34603212920456,6.830748816770774,866.4141120258344,46222.98407328163,8946.422008752377,1527.2804041427237,1378.706628262019,6040.434976347635,1646.2564722084117,7300.165536543966,18.39099284066968,4,2,0,0,2,51.433596929751246,40.15116014480641,62.71603371469609,1.0,0.0,0.0,0.42900842867402156,2,0,0.0,0.5709915713259784,1.0,0.42900842867402156,0.0,1.0,1.0,0.0,1.0,0.0,10,1,2022,6,17,2,0,0,0,1,1,1,GRAVE_MORTALIDAD,2
6,1,12,0,4,1,-8.051196471341996,-77.57801884247877,0,4,7,1,1,2,2,1,6543.555,2.0,4,4,1.0,14,33,1198.0,0.2755428630655509,77.7537047394295,36.37664336326553,4.249985439538528,306.46284684021293,3173.2138088835354,8931.828000000005,1335.5899999999997,1935.9830000000004,5660.255000000005,1219.309,7712.519000000005,13.651281686122925,2,1,0,0,1,27.92117389803017,27.92117389803017,27.92117389803017,1.0,0.0,0.0,0.0,1,0,0.0,0.5921173898030169,0.0,0.40788261019698313,0.0,0.0,1.0,0.0,0.5921173898030169,0.0,10,0,2022,5,27,6,1,1,0,1,0,1,GRAVE_MORTALIDAD,2
5,2,5,0,4,1,-7.006034544293026,-78.6491934475731,2,3,4,0,2,0,1,0,898.0476521926203,2.0,2,1,0.6614478166131011,8,13,176.32878755337464,0.2919004315741984,71.93919571462435,43.89041964094033,4.330527438688275,317.49776411015256,5006.153874724368,15935.565011852366,1733.9250000199986,935.692,13265.948011832368,2000.1670000199988,13935.398011832369,12.551591352627522,6,2,0,0,4,44.794528492979026,43.14090895144627,46.448148034511775,1.0,0.0,0.0,0.33855218338689885,2,0,0.0,0.0,1.0,1.0,0.33855218338689885,1.0,0.6614478166131011,0.0,1.0,0.33855218338689885,10,1,2022,4,15,1,0,0,2,1,0,1,GRAVE_MORTALIDAD,2
9,1,2,0,4,0,-13.198994623865566,-72.98472265523296,5,4,5,1,5,2,2,0,6543.555,2.0,4,4,1.0,14,33,1198.0,0.3642819545874798,70.65191258638325,55.49920121792301,5.459459857391932,457.838685857609,16702.626027153365,8341.26664903203,1288.477121088375,1238.325890484482,5814.463637459172,1388.653710238652,6952.612938793377,16.640080368249155,3,1,0,0,2,26.826677006655785,26.826677006655785,26.826677006655785,1.0,0.0,0.0,0.0,1,0,0.0,0.0,0.0,0.11809671523654053,0.0,0.11809671523654053,0.8819032847634595,0.0,0.11809671523654053,0.0,6,0,2022,5,25,0,0,0,2,1,0,1,GRAVE_MORTALIDAD,2
6,1,8,0,4,1,-13.484115398920315,-75.07650672966835,0,4,2,0,2,1,0,1,1679.5849999999998,2.0,2,3,1.0,9,24,315.0,0.3923431060653368,73.23595580968994,49.08158589829587,6.5962962025349485,537.7464786193907,2809.65792860267,8511.426,1445.3929999999996,2008.516,5057.516999999999,1879.579,6631.846999999998,22.08300935706896,26,1,0,0,25,39.0065608860352,39.0065608860352,39.0065608860352,1.0,0.0,0.0,0.5906108688165815,1,0,0.0,0.0,0.5906108688165815,0.40938913118341846,0.0,0.0,1.0,0.0,0.0,0.0,8,1,2023,8,10,0,0,0,2,1,0,1,GRAVE_MORTALIDAD,2
5,1,12,0,4,1,-8.937970550721761,-78.63351287634008,0,4,7,1,2,2,2,2,6543.555,3.0,2,0,1.0,0,30,1475.0,0.4867987483268106,77.5825534369154,52.95148122709723,6.150547060309878,840.5788229266196,9838.736616702356,8931.828000000005,1335.5899999999997,1935.9830000000004,5660.255000000005,1219.309,7712.519000000005,13.651281686122925,3,1,0,0,2,26.86964203860158,24.840477281864562,28.898806795338597,1.0,0.7101193204661403,0.0,0.0,1,0,0.0,0.0,0.0,1.0,0.28988067953385965,0.7101193204661403,0.28988067953385965,0.0,1.0,0.0,10,1,2021,4,24,1,0,0,0,1,1,1,GRAVE_MORTALIDAD,2
6,1,1,0,4,2,-10.16549362010446,-77.47480032323007,6,4,0,0,1,2,2,2,6543.555,2.0,4,4,1.0,14,33,1198.0,0.36872825496108597,75.61176127431149,58.29089167917299,5.742444097218417,399.8074117891609,936.7475882148885,10767.648,1885.0630000000003,1222.721,7659.864000000001,2100.343,8667.305000000002,19.506051832303577,6,1,0,0,5,26.47899811941109,26.47899811941109,26.47899811941109,1.0,0.014515094527608796,0.0,0.0,1,0,0.0,0.0,0.0,1.0,0.0,1.0,0.0,0.0,0.9854849054723912,0.0,13,2,2021,4,5,0,0,0,0,1,0,1,GRAVE_MORTALIDAD,2
4,2,12,0,4,0,-13.008355889565664,-73.87642814091461,0,4,7,1,1,2,2,1,6598.980980030449,2.0,2,1,1.0,11,31,1438.2827178254277,0.47332847398318234,73.41714477895601,51.78370841685931,6.0984325510631265,868.5897550671928,6628.371021067638,3183.3667113155193,853.6478162724643,528.8809440797182,1800.8379509633367,1015.5096868656867,2167.8570244498324,33.454105602446624,5,2,0,0,3,40.43097255527816,34.2993561514395,44.64645883291725,1.0,0.5748390378598749,0.0,0.0,2,0,0.0,0.5748390378598749,0.0,0.4251609621401251,0.0,1.0,0.5748390378598749,0.0,0.0,0.0,12,2,2021,6,13,1,0,0,0,1,0,1,GRAVE_MORTALIDAD,2
6,1,7,0,4,2,-12.92237159529684,-72.27245013066512,0,4,2,1,1,2,2,2,6543.555,2.0,4,4,1.0,14,33,1198.0,0.3851961820018454,72.45004180948833,62.36651971911429,5.86293000499983,464.1814442044962,11665.775479530208,17779.13499998999,2097.3709999899997,2863.123,12818.640999999989,2878.713,14900.421999989989,16.19152450331032,11,1,0,0,10,50.35677941880276,50.35677941880276,50.35677941880276,1.0,0.0,0.0,1.0,1,0,0.0,0.0,0.5977252325685665,0.40227476743143353,0.0,0.0,1.0,0.0,0.40227476743143353,0.0,15,1,2021,6,12,3,0,0,2,1,0,1,GRAVE_MORTALIDAD,2
3,1,7,0,4,1,-14.982409871556765,-71.2287892987597,0,4,4,1,1,1,1,2,567.3997348247021,1.6253507809851713,3,2,0.0,9,3,120.51543436334754,0.3686550880214017,66.16926274135469,56.23465094258694,5.400216229291637,513.5893981830219,2233.8808425661555,17779.13499998999,2097.3709999899997,2863.123,12818.640999999989,2878.713,14900.421999989989,16.19152450331032,4,2,0,0,2,38.50280624788137,36.75210468591103,40.25350780985171,1.0,0.0,0.0,0.6253507809851713,2,0,0.0,0.6253507809851713,0.3746492190148287,1.0,0.0,0.6253507809851713,1.0,0.0,1.0,0.0,0,0,2024,4,7,5,1,0,2,1,0,1,GRAVE_MORTALIDAD,2
3,1,14,0,4,1,-12.269083382457856,-76.90050269729626,0,3,7,1,2,2,2,0,6639.975,2.0,2,0,1.0,9,31,1616.0,0.6909236767275176,78.41626133969348,70.97436336767564,9.826485374940413,1476.8351947609171,95908.53319057816,7626.313,1683.4029999999998,1599.0829999999996,4343.827000000001,1814.875,5811.438000000001,23.797541485643197,3,2,0,0,1,32.09761192770527,31.73174128513685,32.4634825702737,1.0,0.0,0.0,0.0,2,0,0.0,0.18293532128421253,0.0,1.0,0.18293532128421253,0.0,1.0,0.0,0.0,0.0,8,1,2023,10,23,0,0,1,0,1,0,1,GRAVE_MORTALIDAD,2