CLASE SINIESTRO,CANTIDAD DE VEHICULOS DAÑADOS,DEPARTAMENTO,ZONA,TIPO DE VÍA,RED VIAL,COORDENADAS LATITUD,COORDENADAS  LONGITUD,CONDICIÓN CLIMÁTICA,ZONIFICACIÓN,CARACTERÍSTICAS DE VÍA,PERFIL LONGITUDINAL VÍA,SUPERFICIE DE CALZADA,¿EXISTE SEÑAL VERTICAL?,¿EXISTE SEÑAL HORIZONTAL?,CAUSA FACTOR PRINCIPAL,MTC_RVN_LONGITUD_KM,MTC_RVN_N_CARRILES_MEDIANA,MTC_RVN_SUPERFICIE_DOMINANTE,MTC_RVN_ESTADO_DOMINANTE,MTC_RVN_ES_CONCESIONADA,MTC_RVN_CONCESION_PRINCIPAL,MTC_RVN_CORREDOR_LOGISTICO,MTC_RVN_N_TRAMOS,IDH_2019,IDH_ESP_VIDA_2019,IDH_EDUC_SECUND_PCT_2019,IDH_ANIOS_EDUC_2019,IDH_INGRESO_PERCAP_2019,IDH_POBLACION_2019,MTC_DEP_RED_TOTAL_KM,MTC_DEP_NACIONAL_TOTAL_KM,MTC_DEP_DEPARTAMENTAL_TOTAL_KM,MTC_DEP_VECINAL_TOTAL_KM,MTC_DEP_PAV_TOTAL_KM,MTC_DEP_NO_PAV_TOTAL_KM,MTC_DEP_PCT_PAVIMENTADA,PER_TOTAL_PERSONAS,PER_N_CONDUCTORES,PER_N_CONDUCTORES_FUGADOS,PER_N_PEATONES,PER_N_PASAJEROS_OCUPANTES,PER_EDAD_COND_PROM,PER_EDAD_COND_MIN,PER_EDAD_COND_MAX,PER_ANY_COND_MASCULINO,PER_ANY_LIC_PROBLEMA,PER_ANY_DOSAJE_POS,PER_ANY_DOSAJE_EVALUADO,VEH_TOTAL,VEH_N_FUGADOS,VEH_ANY_FUGADO,VEH_ANY_CARGA,VEH_ANY_PUBLICO,VEH_ANY_PARTICULAR,VEH_ANY_MOTO,VEH_ANY_AUTO,VEH_ANY_CAMION_BUS,VEH_ANY_SOAT_PROBLEMA,VEH_ANY_CITV_PROBLEMA,VEH_ANY_SEGURO_PROBLEMA,HORA_NUM,FRANJA_HORARIA,ANIO,MES,DIA_MES,DIA_SEMANA,ES_FIN_SEMANA,ES_QUINCENA,REGION_NATURAL,TIENE_SEÑALIZACION,ES_VIA_MULTICARRIL,ES_DEPTO_BAJO_PAVIMENTO,CATEGORIA_SEVERIDAD,CATEGORIA_SEVERIDAD_ENC
3,3,10,0,4,1,-13.3865110839054,-76.20242194714348,0,4,7,1,2,1,0,2,6639.975,2.0,2,0,1.0,9,31,1616.0,0.5736744275518083,81.67473861808857,68.1608574885675,9.138785887908334,865.1176766860625,26660.92933618844,3721.461,698.1859999999996,744.866,2278.409,1102.9029999999996,2618.558,29.636290693359403,10,3,0,0,6,45.220706670486244,25.989612583661078,63.849723274043626,1.0,0.5699446548087257,0.0,0.5699446548087257,3,0,0.0,1.0,0.4300553451912743,1.0,0.0,1.0,1.0,0.0,0.0,0.0,5,0,2022,7,12,5,1,0,0,1,0,1,GRAVE_MORTALIDAD,2
6,1,12,0,4,2,-7.700004093812427,-78.63236740943755,0,4,7,1,1,2,2,2,6543.555,2.0,4,4,1.0,14,33,1198.0,0.5536486778937166,76.96952852473203,68.82886893429207,8.43255316098993,908.1044011917552,27912.950832537215,8931.828000000005,1335.5899999999997,1935.9830000000004,5660.255000000005,1219.309,7712.519000000005,13.651281686122925,6,1,0,0,5,50.704397118083996,50.704397118083996,50.704397118083996,1.0,0.9844419535833683,0.0,0.0,1,0,0.0,1.0,0.0,0.0,0.0,0.0,1.0,0.0,0.0,0.0,4,0,2022,1,1,5,0,0,0,1,0,1,GRAVE_MORTALIDAD,2
3,1,11,0,4,1,-11.391088805213654,-75.92550890833432,3,4,0,0,2,1,1,2,9936.932,2.0,2,0,1.0,9,32,3830.0,0.5361056677497718,76.68206611214454,68.22204355019582,8.18551496193492,871.9107308420619,2342.497896685688,12264.545,1826.4639999999995,1105.5389999999998,9332.542,1588.5359999999996,10676.009,12.952261987705208,8,2,0,0,6,38.57304984406693,28.146099688133866,49.0,1.0,0.29775415367224434,0.0,0.0,2,0,0.0,1.0,1.0,0.0,0.0,0.0,1.0,0.0,0.0,0.0,7,0,2023,4,3,2,0,0,2,1,0,1,GRAVE_MORTALIDAD,2
4,1,11,0,4,0,-9.48630904951408,-78.34999046583482,0,2,7,1,2,2,2,0,6582.151500459191,2.0,3,2,1.0,11,32,1365.3235551954142,0.5001389256339482,73.2854356661152,64.6488837023638,8.921446444883127,708.7336540813272,13282.592917003638,3564.4763757021615,588.3657289990548,711.7994980535042,2264.3111486496023,863.2923010316201,2701.184074670541,24.055263966764628,10,1,0,0,9,58.19128019553895,56.79024564246731,59.592314748610605,1.0,0.5997044134081002,0.0,0.4002955865918998,1,0,0.0,0.5997044134081002,0.0,0.0,0.5997044134081002,0.0,0.4002955865918998,0.5997044134081002,0.5997044134081002,1.0,7,1,2022,3,23,3,0,1,0,1,0,1,GRAVE_MORTALIDAD,2
6,1,14,2,2,3,-12.035053625674637,-76.90177155825228,1,3,6,1,2,2,2,0,5276.708347305848,2.0,3,3,1.0,11,28,965.0993303309248,0.6868549636939637,79.62363164345142,76.30894566128948,9.209137883551294,1425.4498631666322,684921.8484148846,7626.313,1683.4029999999998,1599.0829999999996,4343.827000000001,1814.875,5811.438000000001,23.797541485643197,5,1,0,0,4,21.470262373686666,20.57620989894933,22.140801729739664,1.0,0.7764868813156668,0.0,0.0,1,0,0.0,0.0,0.0,1.0,0.2235131186843332,0.0,0.7764868813156668,0.2235131186843332,1.0,0.2235131186843332,10,2,2022,9,21,3,0,1,0,1,0,1,GRAVE_MORTALIDAD,2
7,1,6,0,4,2,-12.673670186068424,-74.263652041887,1,4,5,0,2,2,2,0,6543.555,2.0,4,4,1.0,14,33,1198.0,0.28063830270371415,75.02748965784797,60.08647845220952,4.680971893432437,223.52459827827678,5601.529217874615,8473.183855932377,1404.5202740240302,1830.3129515832484,5238.350630325098,1767.4786345462992,6705.705221386077,20.842960202682566,5,1,0,0,4,30.03031836564486,30.03031836564486,30.03031836564486,1.0,0.7491578231765317,0.0,0.0,1,0,0.0,0.2508421768234683,0.0,0.7491578231765317,0.0,0.0,0.2508421768234683,0.0,0.7491578231765317,0.0,4,0,2021,6,11,1,0,0,2,1,0,1,GRAVE_MORTALIDAD,2
6,1,6,0,4,1,-7.78181294259078,-78.50381440009262,0,4,7,0,5,2,2,0,841.8250713481473,-0.013677137522227767,0,1,0.32877428749259074,6,28,122.03998543864844,0.4035262175254224,76.85286543168964,50.56607589371855,5.702084386871132,552.4203096415873,11864.37603732407,10175.261831267002,1851.3139906343245,1030.1496804584021,7293.798160174277,2137.876530228455,8037.385301038548,21.21347222908361,16,1,0,0,15,45.72593426259632,44.410837112625956,46.71225712507409,1.0,0.0,0.0,0.32877428749259074,1,0,0.0,0.0,0.6712257125074093,0.32877428749259074,0.32877428749259074,0.0,0.6712257125074093,1.0,0.0,0.32877428749259074,12,2,2022,5,15,1,0,0,0,1,0,1,GRAVE_MORTALIDAD,2
6,1,5,0,4,2,-6.557340348614304,-78.71001848842243,0,4,0,0,2,2,2,2,6543.555,2.0,4,4,1.0,14,33,1198.0,0.30096201556864144,72.9660889619159,40.78628317212187,4.733027475444547,324.9557973060648,5720.496199872577,15935.565011852366,1733.9250000199986,935.692,13265.948011832368,2000.1670000199988,13935.398011832369,12.551591352627522,3,1,0,0,2,34.27150208792126,34.27150208792126,34.27150208792126,1.0,0.6108600835168504,0.0,1.0,1,0,0.0,0.0,0.0,1.0,0.0,0.6108600835168504,0.3891399164831496,0.0,1.0,0.0,21,2,2023,10,10,5,1,0,2,1,0,1,GRAVE_MORTALIDAD,2
3,2,14,2,4,1,-11.062041724256975,-77.55297313965498,0,3,7,1,2,1,0,2,198.315,2.0,2,0,0.0,9,1,55.0,0.644332113046051,78.61218205687396,70.04798203155518,8.919818005352203,1280.219555520582,36044.03426124197,7626.313,1683.4029999999998,1599.0829999999996,4343.827000000001,1814.875,5811.438000000001,23.797541485643197,6,2,0,0,4,28.115706060991972,23.41608846202827,32.9011472031089,1.0,0.1287353147298428,0.8712646852701572,1.0,2,0,0.0,0.0,0.1287353147298428,0.1287353147298428,0.0,1.0,1.0,0.0,0.0,0.0,5,0,2022,11,21,1,0,1,0,1,0,1,GRAVE_MORTALIDAD,2
6,1,12,0,4,1,-7.8550580734785305,-78.10404501603621,0,4,7,1,2,2,2,2,9936.932,2.0,2,0,1.0,9,32,3830.0,0.3986882084754764,72.97869269132666,58.65435142755623,5.605762371496486,527.7120199980477,69564.29978586723,8931.828000000005,1335.5899999999997,1935.9830000000004,5660.255000000005,1219.309,7712.519000000005,13.651281686122925,2,1,0,0,1,47.37073826559387,47.37073826559387,47.37073826559387,1.0,0.0,0.0,0.0,1,0,0.0,0.984552572266922,0.0,0.015447427733077945,0.0,0.015447427733077945,0.984552572266922,0.0,0.015447427733077945,0.0,9,1,2022,7,22,5,1,1,0,1,0,1,GRAVE_MORTALIDAD,2
4,1,16,0,4,1,-14.092863610977485,-72.26999025477093,0,4,3,1,2,1,1,2,6998.1775697437515,2.0,3,2,1.0,11,20,1198.0,0.41814439210606547,77.82517526974738,70.32119925028181,7.5118511590774855,574.9337268437537,9610.144017123044,13041.972146640708,1936.1092784499926,1810.0686682012965,9295.79419998942,2562.185395517163,10479.786751123545,19.351140203743192,3,1,0,0,1,54.82450825733896,53.978109792603924,55.670906722074,1.0,0.5642656431566924,0.0,0.0,1,0,0.0,0.0,0.0,1.0,0.5642656431566924,0.43573435684330764,0.0,0.5642656431566924,0.0,0.5642656431566924,14,1,2022,10,13,1,0,0,2,1,0,1,GRAVE_MORTALIDAD,2
5,1,3,0,4,1,-15.745923235834857,-71.03266216327383,0,4,7,1,2,2,2,0,778.4349037579073,1.2242734182419053,2,2,0.22427341824190528,8,7,126.19246589980199,0.4498224071382834,81.63336343193146,58.84842497065013,5.774685730039019,620.6584683449911,1358.612419700214,10322.272,1495.236,1749.739,7077.2970000000005,2886.595,7435.677000000001,27.964725207783708,5,1,0,0,4,43.093675944943804,41.411625308129516,44.77572658175809,1.0,0.0,0.0,0.22427341824190528,1,0,0.0,1.0,0.0,0.22427341824190528,0.0,0.22427341824190528,1.0,0.0,0.22427341824190528,0.0,4,0,2023,8,9,5,1,0,0,1,0,1,GRAVE_MORTALIDAD,2
3,1,20,2,2,4,-9.824377718184502,-75.55185683028374,0,2,3,1,2,1,1,2,6543.555,2.0,4,4,1.0,14,33,1198.0,0.6641030825598624,75.84818877065794,66.73332862438512,10.876211523364276,1368.1075247654373,134156.85045706594,4607.884239717598,894.3070290115237,1423.2836037364762,2290.2936069695975,865.2515981338374,3742.6326415837602,15.195845350807016,3,2,0,0,1,31.801065081979683,25.218116646381425,38.38401351757794,1.0,0.38863229039883895,0.611367709601161,0.611367709601161,2,0,0.0,0.0,0.0,1.0,0.611367709601161,0.38863229039883895,0.0,0.0,0.611367709601161,0.0,21,2,2022,2,15,4,0,0,0,1,0,1,GRAVE_MORTALIDAD,2
6,1,3,0,4,1,-16.63114056463736,-71.80862984786751,3,4,6,1,4,1,1,0,6543.555,2.0,4,4,1.0,14,33,1198.0,0.6105481451420971,78.10653088113892,68.35418098658066,8.411557426919764,1158.5430895193692,35025.678800856535,10322.272,1495.236,1749.739,7077.2970000000005,2886.595,7435.677000000001,27.964725207783708,3,1,0,0,2,31.47968823925725,31.47968823925725,31.47968823925725,1.0,1.0,0.0,0.0,1,0,0.0,0.0,0.0,1.0,0.5840103920247584,0.41598960797524165,0.0,0.5840103920247584,0.5840103920247584,0.5840103920247584,6,1,2024,4,17,5,1,0,0,1,0,1,GRAVE_MORTALIDAD,2
6,1,1,0,4,1,-9.903718967032805,-77.24620279577545,1,4,5,0,4,1,1,0,1001.467393945245,1.746670964786637,1,2,0.0,9,12,286.8642597194833,0.430667354517433,70.88245893245426,57.52160544687054,7.026082698295862,610.019865934044,1534.2605853814996,10767.648,1885.0630000000003,1222.721,7659.864000000001,2100.343,8667.305000000002,19.506051832303577,18,1,0,0,17,47.333225880334076,47.333225880334076,47.333225880334076,1.0,0.0,0.0,0.25332903521336303,1,0,0.0,0.0,0.746670964786637,0.25332903521336303,0.0,0.0,1.0,0.25332903521336303,0.25332903521336303,0.0,18,2,2021,4,8,4,0,0,0,1,0,1,GRAVE_MORTALIDAD,2
6,1,8,0,4,0,-10.376421855250083,-76.33714578940081,0,4,0,0,6,2,2,1,6543.555,2.0,4,4,1.0,14,33,1198.0,0.34602614617354677,73.97601918153242,54.64357391541592,5.851816579826941,353.02473713798923,1244.965618061667,8223.12221217829,1328.6905513172774,839.4621260567817,6054.9695348042305,1094.8380457539583,7128.284166424332,13.307586285272524,2,1,0,0,1,42.061781276045565,42.061781276045565,42.061781276045565,1.0,0.0,0.0,0.0,1,0,0.0,0.0,0.0,1.0,0.0,0.9061781276045568,0.09382187239544315,0.0,0.0,0.0,4,0,2022,8,1,3,0,0,2,1,0,1,GRAVE_MORTALIDAD,2
4,1,10,1,4,1,-14.12500578521878,-75.58128024562177,0,3,7,1,2,1,0,3,6639.975,2.0,2,0,1.0,9,31,1616.0,0.5648082928352248,79.28335503815927,68.64350958011612,8.799545547711718,890.6268678236697,27312.56067832873,3721.461,698.1859999999996,744.866,2278.409,1102.9029999999996,2618.558,29.636290693359403,5,1,0,0,3,49.59270121084362,49.33640925927736,49.848993162409876,1.0,0.0,0.5125839031325105,0.5125839031325105,1,0,0.0,0.0,0.5125839031325105,0.5125839031325105,0.0,0.48741609686748955,0.5125839031325105,0.0,0.0,0.0,11,1,2021,3,13,3,0,0,0,1,0,1,GRAVE_MORTALIDAD,2
6,1,4,0,4,1,-13.867501111875415,-74.07223272389928,0,4,0,0,1,1,1,2,4667.470233370665,2.0,3,2,1.0,9,30,726.0229595180411,0.2947611611273908,65.04667100337143,53.79958350830904,5.3671030380925275,372.35873773075906,15340.207393756087,12678.733000000004,1805.074000000001,1774.0339999999994,9099.625000000004,2485.375000000001,10193.358000000002,19.602707936195205,15,1,0,0,14,26.972883331220075,26.972883331220075,26.972883331220075,1.0,0.5641947917987453,0.5641947917987453,1.0,1,0,0.0,0.0,0.4358052082012547,0.5641947917987453,0.5641947917987453,0.0,0.4358052082012547,0.5641947917987453,0.5641947917987453,0.5641947917987453,5,0,2022,4,6,3,0,0,2,1,0,1,GRAVE_MORTALIDAD,2
6,1,4,0,4,2,-13.509502453589171,-73.94106000082097,0,4,2,0,1,2,2,4,6543.555,2.0,4,4,1.0,14,33,1198.0,0.2867833466103664,70.803390195966,52.547116129584666,4.6787930255634596,282.3181162632055,5151.028471989563,12678.733000000004,1805.074000000001,1774.0339999999994,9099.625000000004,2485.375000000001,10193.358000000002,19.602707936195205,11,1,0,0,10,32.976630414207214,32.976630414207214,32.976630414207214,1.0,0.5058423964481956,0.4941576035518044,1.0,1,0,0.0,0.0,0.0,0.0,0.0,0.0,1.0,0.5058423964481956,0.5058423964481956,0.5058423964481956,18,2,2024,1,11,4,0,0,2,1,0,1,GRAVE_MORTALIDAD,2
8,1,7,0,4,0,-14.072772296459982,-71.71556837139721,1,4,5,1,1,1,1,2,6543.555,2.0,4,4,1.0,14,33,1198.0,0.2889212724112388,64.75524607710886,61.44070224364551,4.71523648422983,292.3736440657521,1711.8939691680516,17779.13499998999,2097.3709999899997,2863.123,12818.640999999989,2878.713,14900.421999989989,16.19152450331032,2,1,0,0,1,45.68807084494432,45.68807084494432,45.68807084494432,1.0,0.0,0.0,0.0,1,0,0.0,0.0,0.0,1.0,0.0,0.7318732530627201,0.2681267469372799,0.0,0.7318732530627201,0.0,16,1,2023,5,21,3,0,1,2,1,0,1,GRAVE_MORTALIDAD,2
3,1,1,1,4,0,-11.885053463722294,-75.93317211965729,0,4,0,1,2,1,1,1,6543.555,2.6162087440931527,2,1,1.0,5,31,1368.6898221138033,0.6120969276032364,79.49702688829463,71.50629855108667,9.31776731973886,1049.3183128209473,15343.39010367745,10596.716585609232,1735.4508060836017,1424.985900105515,7436.279879420117,2402.0996425392705,8194.616943069963,22.752416710384907,4,2,0,0,2,32.60549507088217,21.989286326789017,43.22170381497532,1.0,0.6162087440931526,0.0,0.6162087440931526,2,0,0.0,0.0,0.0,1.0,0.6162087440931526,1.0,0.3837912559068474,0.0,0.6162087440931526,0.0,15,1,2023,4,24,2,0,1,0,1,0,1,GRAVE_MORTALIDAD,2
3,1,3,0,4,1,-16.09687463728797,-71.60325342513961,0,3,0,0,2,1,1,0,1504.4250000000002,2.0,2,0,1.0,7,25,241.0,0.6005060748875158,78.21704200773246,77.40211893847457,8.994742794352394,996.014120858737,33335.45824411135,10322.272,1495.236,1749.739,7077.2970000000005,2886.595,7435.677000000001,27.964725207783708,5,1,0,0,3,37.55973650912061,33.779868254560306,41.33960476368091,1.0,0.0,0.0,0.9449670636400761,1,0,0.0,1.0,0.0,0.9449670636400761,0.0,0.9449670636400761,1.0,0.0,0.0,0.0,9,1,2022,8,9,1,0,0,0,1,0,1,GRAVE_MORTALIDAD,2
6,1,12,0,4,1,-7.8675906037843895,-78.1100199732609,0,4,7,1,2,2,2,2,9936.932,2.0,2,0,1.0,9,32,3830.0,0.3986882084754764,72.97869269132666,58.65435142755623,5.605762371496486,527.7120199980477,69564.29978586723,8931.828000000005,1335.5899999999997,1935.9830000000004,5660.255000000005,1219.309,7712.519000000005,13.651281686122925,2,1,0,0,1,59.436717379065406,59.436717379065406,59.436717379065406,1.0,0.0,0.0,0.0,1,0,0.0,0.48180344253894136,0.0,0.5181965574610586,0.0,0.5181965574610586,0.48180344253894136,0.0,0.5181965574610586,0.0,10,1,2021,7,23,5,1,1,0,1,0,1,GRAVE_MORTALIDAD,2
6,1,4,0,4,0,-13.782483646792048,-74.53526028944421,2,4,5,0,7,2,2,0,6543.555,2.0,4,4,1.0,14,33,1198.0,0.3018316683400689,74.17855484457208,42.89047596628413,4.504411426388255,466.3282783007594,2184.465700196074,12678.733000000004,1805.074000000001,1774.0339999999994,9099.625000000004,2485.375000000001,10193.358000000002,19.602707936195205,5,1,0,0,3,51.42427819229595,51.42427819229595,51.42427819229595,1.0,0.5712139096147976,0.0,0.0,1,0,0.0,0.0,0.0,1.0,0.0,1.0,0.0,0.0,0.0,0.0,4,0,2022,8,18,6,1,0,2,1,0,1,GRAVE_MORTALIDAD,2
6,1,5,0,4,1,-13.6617225284987,-74.84880026427662,1,4,1,1,2,2,2,1,1187.5596727145185,-0.4765924700402482,1,2,0.17446917665325057,7,28,206.3573802241517,0.4843393190154513,72.72142718481142,43.25795805725263,7.851919047531616,875.6544910775222,3690.2643753779325,12606.469960660346,1808.8058956886136,1657.402227753185,9140.261837218548,2328.9042380794763,10277.56572258087,18.44241010718521,11,1,0,0,10,30.953184940080497,30.953184940080497,30.953184940080497,1.0,0.0,0.0,0.8255308233467494,1,0,0.0,0.0,0.0,1.0,0.0,0.17446917665325057,0.8255308233467494,0.8255308233467494,0.8255308233467494,0.8255308233467494,9,1,2024,7,23,5,1,1,2,1,0,1,GRAVE_MORTALIDAD,2
6,1,8,0,4,1,-12.640271242444134,-74.95854063623423,0,4,5,0,5,2,2,0,6543.555,2.0,4,4,1.0,14,33,1198.0,0.3661225796497656,72.27729228502906,48.72938548710326,5.254375593796059,521.4169312354171,3000.258321575651,8511.426,1445.3929999999996,2008.516,5057.516999999999,1879.579,6631.846999999998,22.08300935706896,4,1,0,0,3,26.477124953380102,26.477124953380102,26.477124953380102,1.0,0.27523610593112247,0.0,0.27523610593112247,1,0,0.0,0.0,0.0,1.0,0.0,0.7247638940688775,0.27523610593112247,0.27523610593112247,0.7247638940688775,0.27523610593112247,20,2,2024,6,23,3,0,0,2,1,0,1,GRAVE_MORTALIDAD,2
6,1,20,0,4,1,-16.368900799391106,-69.22566597773917,0,4,7,1,2,0,1,2,7586.903,2.0,2,0,1.0,9,5,1198.0,0.3165090894545869,72.969641049674,69.1278394147308,6.0160374778788,250.7872170233644,13778.516059957172,13642.312999999998,2020.7790000000005,2354.117,9267.416999999998,3314.0520000000006,10328.260999999997,24.29244952817019,3,1,0,0,2,32.180858834121274,32.180858834121274,32.180858834121274,0.07520202876280246,0.9247979712371975,0.0,0.0,1,0,0.0,0.0,0.07520202876280246,0.9247979712371975,0.0,0.9247979712371975,0.07520202876280246,0.0,0.9247979712371975,0.0,8,0,2022,1,16,5,0,1,2,1,0,1,GRAVE_MORTALIDAD,2
3,2,20,0,4,1,-15.820327352221085,-69.9420918320788,0,4,7,1,2,0,1,2,7586.903,2.0,2,0,1.0,9,5,1198.0,0.3537822326380142,70.5767928680228,69.55456275735557,6.240592951453464,345.40348970183334,5928.924330427931,13642.312999999998,2020.7790000000005,2354.117,9267.416999999998,3314.0520000000006,10328.260999999997,24.29244952817019,3,2,0,0,1,44.17184338333075,39.40238343742455,48.94130332923696,1.0,0.7077839783624825,0.0,0.2922160216375175,2,0,0.0,0.7077839783624825,0.0,1.0,0.2922160216375175,0.7077839783624825,1.0,0.2922160216375175,1.0,0.2922160216375175,17,2,2022,4,25,4,0,1,2,1,0,1,GRAVE_MORTALIDAD,2
4,1,12,0,4,1,-7.460551943394931,-78.90662504500128,0,4,3,0,1,2,2,2,6543.555,2.5169881444516213,2,1,1.0,6,31,1341.2057160130992,0.35538048444536885,77.3152372601107,45.523794626713155,4.895326465292678,517.179149192187,24476.372049112928,8931.828000000005,1335.5899999999997,1935.9830000000004,5660.255000000005,1219.309,7712.519000000005,13.651281686122925,5,1,0,0,3,38.25849407222581,32.830118555483786,43.68686958896784,1.0,0.5169881444516213,0.0,0.0,1,0,0.0,1.0,0.5169881444516213,0.0,0.5169881444516213,0.0,1.0,0.0,0.0,0.5169881444516213,12,0,2022,7,19,2,0,1,0,1,0,1,GRAVE_MORTALIDAD,2
5,1,20,0,4,1,-13.63757860224315,-70.31472462764566,0,4,7,0,2,2,2,2,1735.1672641118264,2.0,2,0,1.0,6,22,392.50921841207014,0.45829523433986746,65.68249897771675,74.65032241293255,7.40465263861953,684.2884713733483,5308.876342065419,13642.312999999998,2020.7790000000005,2354.117,9267.416999999998,3314.0520000000006,10328.260999999997,24.29244952817019,3,1,0,0,2,26.914671357258598,26.345444737533068,27.483897976984125,1.0,0.0,0.0,0.0,1,0,0.0,0.8965042509589948,0.0,0.10349574904100522,0.0,0.10349574904100522,1.0,0.10349574904100522,0.0,0.10349574904100522,4,0,2022,1,13,3,0,0,2,1,0,1,GRAVE_MORTALIDAD,2
6,1,8,0,4,0,-13.815616465542172,-75.29633938282053,4,4,0,0,7,2,2,4,6561.625736525546,2.0,3,3,1.0,13,32,1198.0,0.28966146286753724,63.18317494657812,42.498106462337745,4.951725780414614,343.08540241468097,1839.7920410153993,8511.426,1445.3929999999996,2008.516,5057.516999999999,1879.579,6631.846999999998,22.08300935706896,8,1,0,0,7,40.0519598538327,40.0519598538327,40.0519598538327,1.0,0.0,0.0,0.0,1,0,0.0,0.0,0.017319951277565915,0.9826800487224341,0.0,0.0,1.0,0.9826800487224341,0.9826800487224341,0.9826800487224341,17,1,2023,7,17,1,0,1,2,1,0,1,GRAVE_MORTALIDAD,2
6,1,20,0,4,0,-14.454854336412678,-69.67200285327334,3,4,0,0,5,2,2,2,6543.555,2.0,4,4,1.0,14,33,1198.0,0.3355236334591255,69.19277631937481,68.20146574512151,6.097144174953522,328.7102183283264,5016.917499684245,13642.312999999998,2020.7790000000005,2354.117,9267.416999999998,3314.0520000000006,10328.260999999997,24.29244952817019,4,1,0,0,3,55.587530908046205,55.587530908046205,55.587530908046205,1.0,1.0,0.0,0.0,1,0,0.0,0.0,0.0,1.0,0.0,0.0,1.0,0.3991093505747292,1.0,0.3991093505747292,18,2,2021,7,22,3,0,0,2,1,0,1,GRAVE_MORTALIDAD,2
6,1,4,0,4,1,-14.667096542334544,-74.21769219059001,0,4,0,0,2,1,0,2,2238.6850000000004,2.0,2,0,1.0,4,27,115.0,0.3469816733944947,64.01566940784673,59.16223529122043,6.383239616323203,398.5354531432811,1879.2361622222602,12678.733000000004,1805.074000000001,1774.0339999999994,9099.625000000004,2485.375000000001,10193.358000000002,19.602707936195205,17,1,0,0,16,34.89334130893356,34.89334130893356,34.89334130893356,1.0,0.0,0.0,1.0,1,0,0.0,0.5845609837403392,0.41543901625966084,0.0,0.0,0.0,1.0,0.0,0.0,0.0,5,0,2024,4,17,2,0,0,2,1,0,1,GRAVE_MORTALIDAD,2
6,1,12,0,4,1,-7.5200925993239,-78.18440164323017,0,4,7,1,4,2,2,0,6543.555,2.0,4,4,1.0,14,33,1198.0,0.254329442733366,76.89956038584256,35.131184546819526,4.950896947637408,207.3442738229007,2256.754907394309,8931.828000000005,1335.5899999999997,1935.9830000000004,5660.255000000005,1219.309,7712.519000000005,13.651281686122925,3,1,0,0,2,65.02482275147402,65.02482275147402,65.02482275147402,1.0,0.5920373977942736,0.0,0.0,1,0,0.0,0.0,0.0,1.0,0.0,0.40796260220572644,0.5920373977942736,0.0,0.5920373977942736,0.0,9,1,2023,6,11,2,0,0,0,1,0,1,GRAVE_MORTALIDAD,2
3,2,12,0,4,1,-7.895815826691236,-79.1223372560465,0,4,7,1,2,2,2,2,6543.555,3.0,2,0,1.0,0,30,1475.0,0.5721567587688113,77.67102283812494,66.21373667954742,8.464777379360486,978.4498488219192,15563.077087794432,8931.828000000005,1335.5899999999997,1935.9830000000004,5660.255000000005,1219.309,7712.519000000005,13.651281686122925,12,2,0,0,9,47.05692637163658,41.37722945134537,52.736623291927785,1.0,0.0,0.0,0.0,2,0,0.0,0.32455410973092613,0.6754458902690739,1.0,0.0,1.0,1.0,0.0,1.0,0.0,12,3,2021,6,17,6,1,1,0,1,1,1,GRAVE_MORTALIDAD,2
3,1,3,0,4,1,-15.323145704707894,-74.91001259604522,0,4,5,0,2,2,2,0,6639.975,2.0,2,0,1.0,9,31,1616.0,0.5140293355498681,82.11897853059659,54.01885147561242,9.200693902288776,697.8064626086847,1477.7837259100645,10322.272,1495.236,1749.739,7077.2970000000005,2886.595,7435.677000000001,27.964725207783708,3,1,0,0,1,41.781687097766394,32.401441924569625,51.16193227096316,1.0,0.0,0.0,0.0,1,0,0.0,0.21831290223360256,0.0,0.7816870977663974,0.0,0.7816870977663974,1.0,0.0,0.7816870977663974,0.0,6,1,2021,2,13,5,1,0,0,1,0,1,GRAVE_MORTALIDAD,2
0,1,15,1,2,3,-10.3645279587005,-77.8897316460317,0,0,2,1,2,2,2,1,5281.084427337366,2.0,3,3,1.0,10,29,948.5606141779031,0.7039939065040774,80.21346410339902,74.53807227147924,10.489093494838121,1431.2786943571325,157502.3556088184,7949.146129297969,1707.2645885660154,1367.2159561474164,4874.665584584538,1911.1875234502904,6037.95860584768,24.01487932053436,4,1,0,1,1,37.156485168717545,35.58995762490728,38.72301271252782,1.0,1.0,0.0,0.24100423750927236,1,0,0.0,0.24100423750927236,0.0,1.0,0.0,0.24100423750927236,1.0,0.0,0.24100423750927236,0.0,20,2,2023,2,13,1,0,0,0,1,0,1,GRAVE_MORTALIDAD,2