CLASE SINIESTRO,CANTIDAD DE VEHICULOS DAÑADOS,DEPARTAMENTO,ZONA,TIPO DE VÍA,RED VIAL,COORDENADAS LATITUD,COORDENADAS  LONGITUD,CONDICIÓN CLIMÁTICA,ZONIFICACIÓN,CARACTERÍSTICAS DE VÍA,PERFIL LONGITUDINAL VÍA,SUPERFICIE DE CALZADA,¿EXISTE SEÑAL VERTICAL?,¿EXISTE SEÑAL HORIZONTAL?,CAUSA FACTOR PRINCIPAL,MTC_RVN_LONGITUD_KM,MTC_RVN_N_CARRILES_MEDIANA,MTC_RVN_SUPERFICIE_DOMINANTE,MTC_RVN_ESTADO_DOMINANTE,MTC_RVN_ES_CONCESIONADA,MTC_RVN_CONCESION_PRINCIPAL,MTC_RVN_CORREDOR_LOGISTICO,MTC_RVN_N_TRAMOS,IDH_2019,IDH_ESP_VIDA_2019,IDH_EDUC_SECUND_PCT_2019,IDH_ANIOS_EDUC_2019,IDH_INGRESO_PERCAP_2019,IDH_POBLACION_2019,MTC_DEP_RED_TOTAL_KM,MTC_DEP_NACIONAL_TOTAL_KM,MTC_DEP_DEPARTAMENTAL_TOTAL_KM,MTC_DEP_VECINAL_TOTAL_KM,MTC_DEP_PAV_TOTAL_KM,MTC_DEP_NO_PAV_TOTAL_KM,MTC_DEP_PCT_PAVIMENTADA,PER_TOTAL_PERSONAS,PER_N_CONDUCTORES,PER_N_CONDUCTORES_FUGADOS,PER_N_PEATONES,PER_N_PASAJEROS_OCUPANTES,PER_EDAD_COND_PROM,PER_EDAD_COND_MIN,PER_EDAD_COND_MAX,PER_ANY_COND_MASCULINO,PER_ANY_LIC_PROBLEMA,PER_ANY_DOSAJE_POS,PER_ANY_DOSAJE_EVALUADO,VEH_TOTAL,VEH_N_FUGADOS,VEH_ANY_FUGADO,VEH_ANY_CARGA,VEH_ANY_PUBLICO,VEH_ANY_PARTICULAR,VEH_ANY_MOTO,VEH_ANY_AUTO,VEH_ANY_CAMION_BUS,VEH_ANY_SOAT_PROBLEMA,VEH_ANY_CITV_PROBLEMA,VEH_ANY_SEGURO_PROBLEMA,HORA_NUM,FRANJA_HORARIA,ANIO,MES,DIA_MES,DIA_SEMANA,ES_FIN_SEMANA,ES_QUINCENA,REGION_NATURAL,TIENE_SEÑALIZACION,ES_VIA_MULTICARRIL,ES_DEPTO_BAJO_PAVIMENTO,CATEGORIA_SEVERIDAD,CATEGORIA_SEVERIDAD_ENC
6,1,6,0,4,1,-10.266522180269718,-75.42778587335025,2,4,0,0,4,2,2,3,4929.56777258627,1.4786448705505248,2,3,0.47864487055052485,11,22,1151.5993934789967,0.3651645583177009,76.63437753967271,47.565399865268695,4.986965254854934,475.39536853054506,27839.348459142864,16896.719681667026,1923.4094363822526,1940.5680385099313,13032.74220677484,2458.201463566891,14438.518218100133,14.449289171589188,7,1,0,0,6,36.555233365686355,36.555233365686355,36.555233365686355,1.0,0.47864487055052485,0.0,0.47864487055052485,1,0,0.0,0.0,1.0,0.0,0.0,0.0,1.0,0.47864487055052485,1.0,0.47864487055052485,15,3,2022,5,20,3,0,1,2,1,0,1,GRAVE_MORTALIDAD,2
6,1,12,0,4,3,-7.057700506296887,-77.76637700129099,0,4,7,1,6,2,2,0,6543.555,2.0,4,4,1.0,14,33,1198.0,0.2967575668558554,78.85276608267903,34.37675968385336,5.605263722910016,271.47481058898694,2253.8479657387584,8931.828000000005,1335.5899999999997,1935.9830000000004,5660.255000000005,1219.309,7712.519000000005,13.651281686122925,4,1,0,0,3,50.92813080690643,50.92813080690643,50.92813080690643,1.0,0.0,0.0,0.0,1,0,0.0,0.04466121637889875,0.0,0.9553387836211013,0.0,0.9553387836211013,0.04466121637889875,0.0,0.0,0.0,13,2,2024,8,8,3,0,0,0,1,0,1,GRAVE_MORTALIDAD,2
8,1,3,0,4,1,-16.03751306469841,-71.31713925931979,0,4,0,0,2,0,1,0,1504.4250000000002,2.0,2,0,1.0,7,25,241.0,0.4685280505645348,81.83746865987648,70.74305753660312,6.037751599761188,617.4715908037651,1751.8736616702354,10322.272,1495.236,1749.739,7077.2970000000005,2886.595,7435.677000000001,27.964725207783708,5,1,0,0,4,34.24962733411273,33.21396628638234,35.28528838184312,1.0,0.3095593015130734,0.0,0.0,1,0,0.0,0.6904406984869266,0.0,0.3095593015130734,0.0,0.3095593015130734,0.6904406984869266,0.0,0.0,0.0,9,1,2022,3,15,2,0,0,0,1,0,1,GRAVE_MORTALIDAD,2
4,1,5,0,4,1,-13.139465651148033,-74.14779109051103,4,4,6,1,4,2,2,0,7281.929200983103,2.2923030465548377,2,0,1.0,6,12,1278.96794389569,0.6204021224280499,75.06926901324714,76.8931429671658,10.225024179235833,1093.5762334117696,57098.73776742369,8144.812834517225,1399.650491122255,1386.076124770354,5359.086218624617,1544.3988859688864,6600.413948548339,19.085641812186477,3,1,0,0,1,29.138363977651586,29.138363977651586,29.138363977651586,1.0,0.0,0.0,0.0,1,0,0.0,0.2923030465548375,0.0,0.0,0.0,0.7076969534451625,0.2923030465548375,0.0,0.0,0.0,8,1,2023,4,18,2,0,1,1,1,0,1,GRAVE_MORTALIDAD,2
3,2,12,0,4,1,-14.554602274888143,-74.84732732099788,0,4,7,1,2,1,1,0,1726.313514216135,2.0,2,2,1.0,9,25,329.73519479637986,0.5490372054128505,73.36700581446699,70.67409782647215,7.8826570597704215,958.371456439231,5959.705848441245,3519.1564099961483,685.4319332527176,696.2200213327976,2137.504455410633,1096.4419949072947,2422.7144150888535,31.654518128299685,7,2,0,0,4,30.468514541033375,24.81108724620026,36.37782550759948,1.0,0.1889127537997416,0.0,0.8110872462002584,2,0,0.0,0.8110872462002584,0.0,1.0,0.0,0.1889127537997416,1.0,0.0,1.0,0.0,7,1,2021,11,24,2,0,0,0,1,0,1,GRAVE_MORTALIDAD,2
5,1,3,0,4,1,-16.1354203261151,-71.636113201337,0,4,6,0,2,0,1,0,1504.4250000000002,2.0,2,0,1.0,7,25,241.0,0.6005060748875158,78.21704200773246,77.40211893847457,8.994742794352394,996.014120858737,33335.45824411135,10322.272,1495.236,1749.739,7077.2970000000005,2886.595,7435.677000000001,27.964725207783708,4,1,0,0,2,23.284441743437228,22.613029013913224,24.189389335404368,1.0,0.0,0.0,0.0,1,0,0.0,0.9124244265838253,0.0,0.08757557341617472,0.0,0.08757557341617472,1.0,0.0,0.08757557341617472,0.0,3,0,2025,2,10,1,0,0,0,1,0,1,GRAVE_MORTALIDAD,2
3,1,12,0,4,1,-8.523079935754282,-78.03450967875654,0,4,7,1,1,2,2,0,692.3355512390422,1.4170261371281123,1,0,0.8056753790427041,8,29,159.26900939197523,0.4711232141769919,77.29719528204794,45.45304266471377,7.078581341327155,769.3744545987352,13396.858011932447,8678.13429247094,1403.1786293890195,1870.5150351994873,5404.440627882433,1335.0421372050528,7343.092155265887,15.62294977579895,4,1,0,0,2,34.706356245795384,28.6637909029751,40.748921588615666,1.0,0.0,0.0,0.0,1,0,0.0,0.8056753790427041,0.8056753790427041,0.19432462095729586,0.0,0.0,1.0,0.0,0.8056753790427041,0.0,16,1,2023,4,8,0,0,0,0,1,0,1,GRAVE_MORTALIDAD,2
6,1,8,0,4,1,-12.444414115090385,-74.85350119213105,0,4,7,1,5,1,1,0,6888.711574845329,2.0,3,2,1.0,12,23,1198.0,0.2644603985640615,69.34295687577536,48.140932983409584,4.219185934519479,255.02267371479638,3586.944633395242,8511.426,1445.3929999999996,2008.516,5057.516999999999,1879.579,6631.846999999998,22.08300935706896,8,1,0,0,7,40.30816347800857,37.631428869212,42.315714434606,0.330816347800857,0.330816347800857,0.0,0.0,1,0,0.0,0.0,0.0,1.0,0.0,1.0,0.0,0.0,0.0,0.0,16,1,2024,4,9,5,0,0,2,1,0,1,GRAVE_MORTALIDAD,2
5,1,8,0,4,1,-11.487747934292436,-75.06096940267663,3,4,5,1,2,1,1,0,160.1115867583761,1.1973243773913476,1,2,0.0,9,32,86.77926299478402,0.31432790164269386,74.77399945111104,50.58467126427584,5.2146192618256,349.0292442365119,5697.589912044761,8430.524591555815,1415.449185898584,1683.0206002490977,5332.054805408132,1660.2559128784117,6770.268678677401,19.628919666561778,2,1,0,0,1,54.32441459130449,52.45150480521764,56.19732437739135,1.0,0.2675585408695508,0.0,0.0,1,0,0.0,0.0,0.0,1.0,0.2675585408695508,0.0,1.0,0.0,0.0,0.2675585408695508,7,1,2023,9,24,1,0,1,2,1,0,1,GRAVE_MORTALIDAD,2
6,1,1,0,4,2,-8.785194607754107,-77.5383440546959,6,4,5,0,3,2,2,1,6543.555,2.0,4,4,1.0,14,33,1198.0,0.29331728761424136,74.66239264371887,25.068423978930984,5.398485328178069,374.95348579239624,2280.0505751685732,10767.648,1885.0630000000003,1222.721,7659.864000000001,2100.343,8667.305000000002,19.506051832303577,4,1,0,0,3,48.45770550068019,48.45770550068019,48.45770550068019,1.0,0.0,0.0,0.5677868124149765,1,0,0.0,0.0,0.0,1.0,0.0,1.0,0.0,0.4322131875850235,0.4322131875850235,0.4322131875850235,11,1,2022,4,16,3,0,0,0,1,0,1,GRAVE_MORTALIDAD,2
3,1,10,0,4,1,-11.64230749632453,-77.24992791860697,0,1,7,1,2,1,1,1,6609.09416125049,2.320274203998242,2,0,1.0,6,30,1570.841337236248,0.5279922561287556,77.84610075692203,65.91988923435758,9.036591460608825,749.378474303275,11866.641397103973,3637.62282161938,639.5361066670257,727.206720939945,2270.8799940124095,974.9380823409101,2662.68473927847,26.65572418027509,40,1,0,0,38,46.42507277396747,44.04603248796132,48.80411305997363,1.0,0.0,0.0,1.0,1,0,0.0,0.0,0.0,0.0,0.0,0.0,1.0,0.0,0.0,0.6797257960017582,5,0,2022,6,20,3,0,1,0,1,0,1,GRAVE_MORTALIDAD,2
3,2,21,0,4,0,-6.314418527394766,-76.64204525658243,4,4,4,0,2,1,0,2,7018.498427609155,2.0,3,2,1.0,12,27,1563.5579366990337,0.4291901620600958,72.06778249959447,51.83475274144031,6.100505635370935,683.3309842146509,13874.81307080977,5645.136,815.0759999999999,965.298,3864.762,1013.406,4631.73,17.95184385283189,21,2,0,0,19,47.73679738705159,38.73679738705159,56.73679738705159,1.0,0.3909710552930842,0.0,0.6090289447069158,2,0,0.0,0.0,0.3909710552930842,1.0,0.3909710552930842,0.0,1.0,0.0,1.0,1.0,10,1,2022,9,24,3,0,1,1,1,0,1,GRAVE_MORTALIDAD,2
6,1,7,0,4,1,-13.886954115295438,-71.67578639199056,0,4,0,0,2,1,0,2,2920.8808322258583,1.7689801952286295,1,0,0.7689801952286295,5,21,548.4424948373759,0.46386746675919577,65.55668966961649,72.29576974196475,7.210766942691432,728.7657654782573,8235.412760938323,17779.13499998999,2097.3709999899997,2863.123,12818.640999999989,2878.713,14900.421999989989,16.19152450331032,13,1,0,0,12,25.76898019522863,25.76898019522863,25.76898019522863,1.0,1.0,0.0,0.0,1,0,0.0,0.0,0.0,1.0,0.23101980477137052,0.0,0.7689801952286295,1.0,1.0,1.0,12,3,2022,9,22,3,0,0,2,1,0,1,GRAVE_MORTALIDAD,2
4,1,7,0,4,2,-13.960787969182972,-71.66691434889088,0,4,6,0,1,1,1,2,6543.555,2.0,4,4,1.0,14,33,1198.0,0.341028776317445,70.42608613161985,71.27361921090743,5.729032968546839,327.49779710678075,4845.974192399142,17779.13499998999,2097.3709999899997,2863.123,12818.640999999989,2878.713,14900.421999989989,16.19152450331032,3,1,0,0,1,41.60736922105957,40.49044463488894,42.7242938072302,1.0,0.0,0.5532301655317479,1.0,1,0,0.0,0.44676983446825214,0.0,1.0,0.0,1.0,0.44676983446825214,0.0,0.0,0.0,15,1,2023,8,18,5,1,1,2,1,0,1,GRAVE_MORTALIDAD,2
3,1,16,0,3,2,-8.422339449445046,-78.82400651466338,0,3,7,0,2,2,2,0,3782.0179328161685,2.0,2,1,1.0,7,26,652.3745217676731,0.665618224679417,80.06289793063685,73.69788893400673,10.259588124888058,1243.372217102862,158444.6468002032,8332.480472237414,1735.598007736272,1091.8953869796087,5504.987077521533,2025.5496955543206,6306.930776683093,24.272947804134716,4,2,0,0,2,30.945651249792604,29.89130249958521,32.0,1.0,0.0,0.0,1.0,2,0,0.0,0.4728256248963024,0.5271743751036976,1.0,0.4728256248963024,0.5271743751036976,1.0,0.0,0.4728256248963024,0.0,17,2,2021,5,8,3,0,0,0,1,0,1,GRAVE_MORTALIDAD,2
8,1,8,0,4,0,-13.634826019939691,-75.01482196215774,0,4,3,0,5,2,2,3,6543.555,2.0,4,4,1.0,14,33,1198.0,0.500057149111625,66.58756422440761,46.105793034184295,7.0130035273139555,1126.5609182106691,2082.0160105796786,8511.426,1445.3929999999996,2008.516,5057.516999999999,1879.579,6631.846999999998,22.08300935706896,4,1,0,0,3,39.4357622273982,39.4357622273982,39.4357622273982,1.0,0.3564237772601798,0.0,0.3564237772601798,1,0,0.0,0.0,0.0,1.0,0.0,0.0,1.0,0.3564237772601798,0.0,0.3564237772601798,17,2,2021,1,17,3,0,0,2,1,0,1,GRAVE_MORTALIDAD,2
5,1,1,0,4,1,-9.735767877092679,-78.2473717889686,0,4,7,1,2,1,0,0,6543.555,3.0,2,0,1.0,0,30,1475.0,0.5873460606982213,78.04758132038613,65.8701248560095,8.596987164492063,1041.0659985770535,35482.29764453961,10767.648,1885.0630000000003,1222.721,7659.864000000001,2100.343,8667.305000000002,19.506051832303577,5,1,0,0,4,34.324232480999164,34.0,34.64846496199833,1.0,0.0,0.0,0.8919225063336117,1,0,0.0,0.1080774936663883,0.0,1.0,0.0,0.8919225063336117,0.1080774936663883,0.0,0.8919225063336117,0.0,6,0,2022,10,16,5,0,1,0,1,1,1,GRAVE_MORTALIDAD,2
1,0,14,2,4,4,-12.071365595195898,-77.02433116726223,0,1,1,1,2,0,1,0,6543.555,2.0,4,4,1.0,14,33,1198.0,0.7646845961658533,80.23682119426338,77.96082737891015,12.014176158371615,1633.787715186093,250806.0877944326,7626.313,1683.4029999999998,1599.0829999999996,4343.827000000001,1814.875,5811.438000000001,23.797541485643197,3,1,0,2,0,40.76506661962819,39.63755551635683,41.89257772289956,1.0,0.0,0.0,0.4362444483643173,1,0,0.0,0.0,0.4362444483643173,0.5637555516356827,0.0,0.5637555516356827,0.4362444483643173,0.4362444483643173,0.0,0.0,13,1,2022,7,18,1,0,1,0,1,0,1,GRAVE_MORTALIDAD,2
6,1,5,0,4,2,-6.401627532672068,-79.03165353139143,0,4,0,0,1,2,2,0,6543.555,2.0,4,4,1.0,14,33,1198.0,0.3749261681224745,69.61614049255559,52.719344618384035,5.667690593437385,496.81415987062906,7781.648527592526,15935.565011852366,1733.9250000199986,935.692,13265.948011832368,2000.1670000199988,13935.398011832369,12.551591352627522,5,1,0,0,4,37.224393237921554,33.336589856882334,40.14024577370097,0.028049154740194426,0.0,0.0,0.028049154740194426,1,0,0.0,1.0,0.0,0.0,0.0,0.0,0.028049154740194426,0.0,1.0,0.0,13,3,2022,6,21,0,0,1,2,1,0,1,GRAVE_MORTALIDAD,2
3,1,8,0,4,1,-12.340529864224429,-75.0833832065597,0,4,7,1,2,2,2,0,913.825368334698,1.0,0,3,0.0,9,31,91.94717921110843,0.47307863413222906,72.46859034567922,60.27803994741785,4.951901049105455,943.7616099080376,1191.448568572469,8511.426,1445.3929999999996,2008.516,5057.516999999999,1879.579,6631.846999999998,22.08300935706896,8,1,0,0,6,36.95549135912934,34.54937215927945,39.36161055897922,1.0,0.03755232006004561,0.0,0.0,1,0,0.0,0.0,0.0,1.0,0.0,1.0,0.0,0.03755232006004561,0.03755232006004561,0.0,14,3,2023,6,17,1,0,0,2,1,0,1,GRAVE_MORTALIDAD,2
8,1,7,0,4,1,-14.55807693643819,-71.92094338383762,0,4,4,1,1,1,1,2,1780.161,1.0,1,3,0.0,9,32,490.0,0.4670263153502933,65.5237709552973,70.61273193256336,7.074467358088314,760.9316629253258,9065.880085653103,17779.13499998999,2097.3709999899997,2863.123,12818.640999999989,2878.713,14900.421999989989,16.19152450331032,2,1,0,0,1,20.896028337198363,20.896028337198363,20.896028337198363,1.0,1.0,0.0,0.0,1,0,0.0,0.0,0.0,1.0,1.0,0.0,0.0,1.0,1.0,1.0,18,2,2024,6,9,5,0,0,2,1,0,1,GRAVE_MORTALIDAD,2
3,2,13,0,4,1,-12.65190987403921,-73.13020666176791,0,4,2,0,2,2,2,2,3300.2759314377745,1.3141098190893707,1,2,0.31410981908937075,9,23,592.3589702559143,0.4090625935169147,73.78901620116918,54.93279207638523,7.1950140727676235,502.1078478127148,66507.0927655986,12697.315457227123,1887.5002494963508,1497.7296096989683,9312.085598031803,2130.5375185958146,10566.777938631309,16.514326244480202,5,2,0,0,2,30.913494185902167,23.115341085463776,36.82698837180433,1.0,0.31410981908937075,0.0,0.6858901809106293,2,0,0.0,0.0,0.31410981908937075,1.0,0.6858901809106293,0.31410981908937075,1.0,1.0,0.31410981908937075,0.31410981908937075,14,3,2021,5,24,1,0,1,2,1,0,1,GRAVE_MORTALIDAD,2
4,1,10,0,4,1,-8.505036936646272,-77.31936574182943,0,4,5,1,2,1,1,4,405.1263198847664,0.9003923577073178,1,0,0.6334641192357726,8,30,68.84445013504067,0.328644603420918,73.06796399213499,42.55218510947925,5.438368109375427,413.7987563583143,5826.536439653608,8666.906494924162,1334.8158762198257,1516.6637531904396,5815.426865513897,1160.8648538121438,7506.041641112018,13.379886746572177,13,1,0,0,11,51.43424883465041,48.868497669300815,54.0,1.0,0.3665358807642274,0.0,0.0,1,0,0.0,0.0,0.6334641192357726,0.3665358807642274,0.3665358807642274,0.0,1.0,0.6334641192357726,0.0,1.0,15,1,2023,3,22,5,0,1,0,1,0,1,GRAVE_MORTALIDAD,2
2,1,12,0,4,1,-8.404960844780982,-78.82575179997798,0,3,7,1,2,2,2,1,6543.555,2.8941996405758603,2,0,1.0,1,30,1445.6933004395132,0.5051395598219868,77.13285387085847,51.52067479184955,6.715328807318118,900.900383457586,67612.41755888652,8931.828000000005,1335.5899999999997,1935.9830000000004,5660.255000000005,1219.309,7712.519000000005,13.651281686122925,5,1,0,0,3,37.0,33.89419964057586,40.0,0.8941996405758601,0.0,0.0,0.8941996405758601,1,0,0.1058003594241399,0.8941996405758601,0.0,0.8941996405758601,0.0,0.8941996405758601,0.8941996405758601,0.0,0.8941996405758601,0.0,16,1,2021,2,18,0,0,0,0,1,0,1,GRAVE_MORTALIDAD,2
6,1,7,0,4,1,-13.575393974206696,-71.70150408171021,0,4,4,0,2,1,1,2,3379.371009912534,1.371455969121139,2,1,0.3714559691211389,7,14,907.2994087672216,0.36216756769111,70.8442616455468,59.45896806240955,5.486357885357687,458.9488337264953,6442.702507688598,17779.13499998999,2097.3709999899997,2863.123,12818.640999999989,2878.713,14900.421999989989,16.19152450331032,8,1,0,0,7,46.741953019002416,46.741953019002416,46.741953019002416,1.0,0.3714559691211389,0.0,0.6285440308788611,1,0,0.0,0.0,0.0,1.0,0.0,0.0,1.0,0.3714559691211389,1.0,0.3714559691211389,14,3,2023,5,25,4,0,1,2,1,0,1,GRAVE_MORTALIDAD,2
3,2,5,0,4,1,-7.277278828251941,-78.64974590206585,0,4,7,1,2,1,1,0,887.28,2.0,2,0,1.0,8,17,155.0,0.36953553588885213,74.268569663922,57.44854806552019,4.925103930037218,476.9204929185849,8359.398342992743,15935.565011852366,1733.9250000199986,935.692,13265.948011832368,2000.1670000199988,13935.398011832369,12.551591352627522,6,2,0,0,4,48.0268762698999,46.09919518696761,49.95455735283219,1.0,1.0,0.09504024065161942,0.09504024065161942,2,0,0.0,0.9049597593483806,0.0,1.0,0.09504024065161942,1.0,0.9049597593483806,0.0,1.0,0.09504024065161942,16,2,2021,6,13,0,0,0,2,1,0,1,GRAVE_MORTALIDAD,2
3,1,19,0,4,1,-6.987440231458982,-76.2712796430109,0,4,0,0,2,0,0,2,591.3984114961429,1.715139057745007,2,0,1.0,2,21,60.25231762908345,0.3881291756485358,71.3175049377746,38.0151012639233,5.719438860645482,616.6489534374051,8006.727412764483,5462.476042302543,803.9768681532712,944.3671775922825,3714.1319965569883,1021.9040665829983,4440.571975719543,19.06132469840557,4,2,0,0,2,57.81606610937838,56.00597340421505,59.626158814541725,1.0,1.0,0.0,0.905046352581669,2,0,0.09495364741833101,0.905046352581669,0.09495364741833101,0.905046352581669,0.0,1.0,0.905046352581669,0.0,0.0,0.09495364741833101,11,2,2021,9,25,1,0,1,0,0,0,1,GRAVE_MORTALIDAD,2
1,1,12,0,4,1,-13.2516229874612,-75.84583210221875,0,4,7,0,2,0,0,0,7536.142783233934,2.0,2,0,1.0,9,31,2217.8020471847003,0.6242661874119803,79.37200299798118,77.62732285350046,9.926861686682463,1032.8188537977337,31543.287221316306,3709.4083410022145,661.8715683370237,789.981854557213,2257.5549181079778,963.7260834644322,2745.682257537782,25.948487180528844,3,1,0,0,1,30.087266571246072,24.989983070926694,35.18455007156545,1.0,0.7281833571884823,0.7281833571884823,1.0,1,0,0.0,0.0,0.0,1.0,0.7281833571884823,1.0,0.0,0.7281833571884823,1.0,0.0,7,0,2021,6,3,5,0,0,0,0,0,1,GRAVE_MORTALIDAD,2
3,2,7,0,4,1,-13.673010183386232,-71.65653376279263,1,4,7,1,2,1,1,2,7586.903,2.0,2,0,1.0,9,5,1198.0,0.4770635927637893,65.31606482039464,74.21228307191316,7.61034252827081,759.6871452542417,8203.868012419833,17779.13499998999,2097.3709999899997,2863.123,12818.640999999989,2878.713,14900.421999989989,16.19152450331032,4,2,0,0,1,36.106878629913176,23.379324130836018,47.48270347665593,1.0,0.6758648261672037,0.0,0.32413517383279633,2,0,0.0,0.6758648261672037,0.6758648261672037,1.0,1.0,0.0,1.0,0.6758648261672037,0.32413517383279633,1.0,16,3,2022,7,5,0,0,0,2,1,0,1,GRAVE_MORTALIDAD,2
3,1,7,0,4,1,-13.851043006503412,-71.52692911339216,0,4,0,1,2,1,1,2,7586.903,2.0,2,0,1.0,9,5,1198.0,0.2685781195824888,69.34185367692622,53.43336050457607,4.1074904105360135,254.6275429656945,10628.301680079834,17779.13499998999,2097.3709999899997,2863.123,12818.640999999989,2878.713,14900.421999989989,16.19152450331032,4,1,0,0,3,41.98540662415442,35.632157464015066,48.338655784293785,1.0,0.9774229477137478,0.0,1.0,1,0,0.0,0.0,0.9774229477137478,1.0,0.0,0.0,1.0,0.0,0.0,0.0,13,2,2022,8,8,0,0,0,2,1,0,1,GRAVE_MORTALIDAD,2
6,1,7,0,4,2,-15.156431348815289,-71.1749947407407,4,4,0,1,2,1,0,2,6543.555,2.0,4,4,1.0,14,33,1198.0,0.34802662971639897,68.47185214498764,63.943418338367415,4.936948986205174,417.4263839804987,1147.6930761659999,17779.13499998999,2097.3709999899997,2863.123,12818.640999999989,2878.713,14900.421999989989,16.19152450331032,3,1,0,0,2,23.0,23.0,23.0,1.0,0.03735293643555493,0.0,0.03735293643555493,1,0,0.0,0.0,0.0,1.0,0.03735293643555493,0.0,0.9626470635644451,0.03735293643555493,0.03735293643555493,0.03735293643555493,6,0,2021,3,21,1,0,0,2,1,0,1,GRAVE_MORTALIDAD,2
3,2,11,0,4,1,-9.9366424204111,-77.59912148428563,0,4,7,0,2,2,2,0,3679.7328040694365,2.0,2,0,1.0,4,24,809.7399823822454,0.5236886831739787,76.41548117201783,63.128112168835955,8.04358607024677,829.6559731717998,28377.64802466546,3576.2065713614593,596.5717126866937,714.2702912240828,2265.3645674506824,881.1964772751969,2695.010094086262,24.472289110313213,3,2,0,0,1,28.89319331416696,22.670639982307964,35.11574664602596,1.0,0.5548933362820059,0.0,0.5548933362820059,2,0,0.0,1.0,0.0,1.0,0.5548933362820059,0.4451066637179941,1.0,0.5548933362820059,0.0,0.0,12,0,2021,5,28,2,0,1,0,1,0,1,GRAVE_MORTALIDAD,2
3,4,18,0,4,1,-6.370391861844953,-80.29638473138995,0,4,7,1,2,2,2,0,6543.555,2.8868640623259765,2,0,1.0,1,30,1443.6613452642955,0.4873257883016499,72.79617379258796,56.57484261372026,7.373486000690423,798.5829066967613,48202.069461627325,8961.99734172542,1731.8603741098284,783.9581122713669,6446.178855344225,2101.9125674237735,6860.084774301647,23.449409666417353,5,4,0,0,0,46.46211030828863,32.09491249860781,61.36142655536503,1.0,0.0,0.0,0.8868640623259764,4,0,0.0,0.8868640623259764,0.0,1.0,0.0,0.0,1.0,0.0,0.8868640623259764,0.0,14,2,2022,11,6,2,0,0,0,1,0,1,GRAVE_MORTALIDAD,2
2,1,14,2,2,4,-11.992310279801803,-77.03349865201407,0,0,1,1,2,1,1,0,6543.555,2.0,4,4,1.0,14,33,1198.0,0.7154402152119789,79.8709680481071,75.20515620322752,10.422684068036135,1496.3147136074354,1005914.3921668676,7626.313,1683.4029999999998,1599.0829999999996,4343.827000000001,1814.875,5811.438000000001,23.797541485643197,4,1,0,1,2,28.567926567855412,27.162410700822978,29.62206346812974,1.0,0.0,0.0,0.0,1,0,0.0,0.0,1.0,0.0,0.6486210332418914,0.0,0.35137896675810865,0.0,1.0,0.0,17,1,2024,6,10,3,0,0,0,1,0,1,GRAVE_MORTALIDAD,2
3,2,10,1,4,1,-14.005423498873823,-75.76678461022424,0,4,7,1,2,2,2,1,6639.975,2.0,2,0,1.0,9,31,1616.0,0.6053164595604621,78.88848309050202,67.63954639531094,9.133324993872453,1064.9426147896202,27932.19700214133,3721.461,698.1859999999996,744.866,2278.409,1102.9029999999996,2618.558,29.636290693359403,3,2,0,0,1,33.96622656157196,31.96978166035386,35.96267146279006,1.0,0.0017775493909494289,0.0,0.9982224506090506,2,0,0.0017775493909494289,0.9982224506090506,0.0,1.0,0.0017775493909494289,0.9982224506090506,0.9982224506090506,0.0017775493909494289,0.0017775493909494289,0.0017775493909494289,12,2,2021,2,7,5,1,0,0,1,0,1,GRAVE_MORTALIDAD,2
9,1,7,0,4,2,-14.032317255583152,-71.7720529319402,0,4,6,0,6,2,2,2,6543.555,2.0,4,4,1.0,14,33,1198.0,0.3044865915077982,68.70725574962813,52.00360400962993,4.471287628661402,342.48994385437527,12763.463740082074,17779.13499998999,2097.3709999899997,2863.123,12818.640999999989,2878.713,14900.421999989989,16.19152450331032,28,1,0,0,27,38.66611014086238,38.66611014086238,38.66611014086238,1.0,0.0,0.8888425117385318,0.8888425117385318,1,0,0.0,0.1111574882614682,0.8888425117385318,0.0,0.0,0.0,1.0,0.0,0.0,0.0,6,0,2022,11,19,0,0,1,2,1,0,1,GRAVE_MORTALIDAD,2
5,1,20,0,4,1,-14.510230217305018,-70.28697780518608,0,4,0,0,2,2,2,2,1749.3672636487981,2.0,2,0,1.0,6,22,401.8331749034379,0.31999084310376746,68.98910349439576,63.46917049139276,5.97318218497731,292.9859948560781,8487.966033129711,13642.312999999998,2020.7790000000005,2354.117,9267.416999999998,3314.0520000000006,10328.260999999997,24.29244952817019,3,1,0,0,2,26.9758377955723,26.613404729156827,27.338270861987777,1.0,0.0,0.0,0.0,1,0,0.0,0.0,0.0,1.0,0.0,0.0,1.0,0.0,0.048324408855396905,0.048324408855396905,1,0,2023,6,2,3,0,0,2,1,0,1,GRAVE_MORTALIDAD,2