CLASE SINIESTRO,CANTIDAD DE VEHICULOS DAÑADOS,DEPARTAMENTO,ZONA,TIPO DE VÍA,RED VIAL,COORDENADAS LATITUD,COORDENADAS  LONGITUD,CONDICIÓN CLIMÁTICA,ZONIFICACIÓN,CARACTERÍSTICAS DE VÍA,PERFIL LONGITUDINAL VÍA,SUPERFICIE DE CALZADA,¿EXISTE SEÑAL VERTICAL?,¿EXISTE SEÑAL HORIZONTAL?,CAUSA FACTOR PRINCIPAL,MTC_RVN_LONGITUD_KM,MTC_RVN_N_CARRILES_MEDIANA,MTC_RVN_SUPERFICIE_DOMINANTE,MTC_RVN_ESTADO_DOMINANTE,MTC_RVN_ES_CONCESIONADA,MTC_RVN_CONCESION_PRINCIPAL,MTC_RVN_CORREDOR_LOGISTICO,MTC_RVN_N_TRAMOS,IDH_2019,IDH_ESP_VIDA_2019,IDH_EDUC_SECUND_PCT_2019,IDH_ANIOS_EDUC_2019,IDH_INGRESO_PERCAP_2019,IDH_POBLACION_2019,MTC_DEP_RED_TOTAL_KM,MTC_DEP_NACIONAL_TOTAL_KM,MTC_DEP_DEPARTAMENTAL_TOTAL_KM,MTC_DEP_VECINAL_TOTAL_KM,MTC_DEP_PAV_TOTAL_KM,MTC_DEP_NO_PAV_TOTAL_KM,MTC_DEP_PCT_PAVIMENTADA,PER_TOTAL_PERSONAS,PER_N_CONDUCTORES,PER_N_CONDUCTORES_FUGADOS,PER_N_PEATONES,PER_N_PASAJEROS_OCUPANTES,PER_EDAD_COND_PROM,PER_EDAD_COND_MIN,PER_EDAD_COND_MAX,PER_ANY_COND_MASCULINO,PER_ANY_LIC_PROBLEMA,PER_ANY_DOSAJE_POS,PER_ANY_DOSAJE_EVALUADO,VEH_TOTAL,VEH_N_FUGADOS,VEH_ANY_FUGADO,VEH_ANY_CARGA,VEH_ANY_PUBLICO,VEH_ANY_PARTICULAR,VEH_ANY_MOTO,VEH_ANY_AUTO,VEH_ANY_CAMION_BUS,VEH_ANY_SOAT_PROBLEMA,VEH_ANY_CITV_PROBLEMA,VEH_ANY_SEGURO_PROBLEMA,HORA_NUM,FRANJA_HORARIA,ANIO,MES,DIA_MES,DIA_SEMANA,ES_FIN_SEMANA,ES_QUINCENA,REGION_NATURAL,TIENE_SEÑALIZACION,ES_VIA_MULTICARRIL,ES_DEPTO_BAJO_PAVIMENTO,CATEGORIA_SEVERIDAD,CATEGORIA_SEVERIDAD_ENC
3,1,20,0,4,1,-14.459541281821254,-70.25645988876718,0,4,3,1,2,2,2,2,1761.8050000000003,2.0,2,0,1.0,6,22,410.0,0.3123807527193555,68.51007197218408,63.23261017822588,5.921452086144448,276.8686960718514,8566.627408993576,13642.312999999998,2020.7790000000005,2354.117,9267.416999999998,3314.0520000000006,10328.260999999997,24.29244952817019,3,1,0,0,1,33.987906498789066,33.987906498789066,33.987906498789066,1.0,0.0,0.0,0.4367441561743166,1,0,0.0,0.0,0.0,1.0,0.0,0.0,1.0,0.0,0.0,0.0,6,1,2022,8,3,1,0,0,2,1,0,1,GRAVE_MORTALIDAD,2
3,2,8,0,4,1,-6.198223016949043,-79.54913670583231,2,4,7,1,2,2,2,0,6971.373068395851,2.6478223048244356,2,0,1.0,3,26,1706.7329234255212,0.4307393877144704,74.23717070325209,56.70761968218334,5.60499258339203,666.3887228445892,49483.8615186289,3616.072335943453,740.4765033963765,652.8514735381667,2222.7443590089097,787.9607607781968,2828.111575165256,21.682891025553467,15,2,0,0,13,33.682578438595485,31.830400743419922,35.53475613377105,1.0,0.3521776951755643,0.0,0.0,2,0,0.0,0.0,0.6478223048244357,1.0,0.3521776951755643,1.0,0.6478223048244357,0.0,1.0,0.0,7,0,2021,2,12,0,0,0,0,1,0,1,GRAVE_MORTALIDAD,2
3,2,10,1,4,1,-13.74985221082623,-76.13465223456892,0,4,7,1,2,2,2,0,514.4113694143234,-0.371396128149623,2,0,1.0,12,29,77.8603871850377,0.5280476702563476,76.31214998580798,66.06473339711846,9.372876721676715,752.3095046824282,13091.702757744446,3721.461,698.1859999999996,744.866,2278.409,1102.9029999999996,2618.558,29.636290693359403,3,2,0,0,0,37.48558451259849,26.209534623950127,45.59977289704736,1.0,0.20953462395012568,0.0,0.0,2,0,0.0,1.0,0.0,0.7904653760498743,0.0,0.7904653760498743,1.0,0.0,0.0,0.0,3,0,2023,10,7,2,0,0,0,1,0,1,GRAVE_MORTALIDAD,2
5,1,13,0,4,1,-10.795657214558103,-76.6524221258889,0,4,1,1,1,2,2,1,1010.9229525492456,-0.7097888532070995,0,0,0.0,9,32,358.56621651313594,0.49229960158482966,70.89355352576412,58.706041389590396,7.212755364146502,857.7242686253371,1613.784994258871,7754.747829385652,1648.8664224759107,1658.4940102324285,4447.3873966773135,1824.263911021044,5930.483918364609,23.548753318019795,3,1,0,0,2,23.39424196104143,23.031478027550303,23.757005894532554,1.0,0.0,0.0,0.0,1,0,0.0,0.0,0.0,1.0,0.0,0.14510557339645025,0.8548944266035498,0.0,0.0,0.0,3,0,2022,8,26,1,0,1,0,1,0,1,GRAVE_MORTALIDAD,2
6,1,20,0,4,1,-14.976216403904017,-69.72947209351223,0,4,0,1,2,2,2,2,6643.318751908996,2.0,3,3,1.0,13,30,1198.0,0.2664580221677244,67.66779230730222,63.01318444318207,5.646529834627525,198.21047101076445,5617.799957749147,13642.312999999998,2020.7790000000005,2354.117,9267.416999999998,3314.0520000000006,10328.260999999997,24.29244952817019,2,1,0,0,1,63.42628680799314,63.42628680799314,63.42628680799314,1.0,1.0,0.0,0.0,1,0,0.0,0.0,0.0,1.0,0.0,0.0,1.0,0.9043811346655234,0.9043811346655234,0.9043811346655234,18,2,2022,7,12,2,0,0,2,1,0,1,GRAVE_MORTALIDAD,2
6,1,8,0,4,0,-13.001600134806298,-74.78210053985565,0,4,0,0,1,1,0,0,6543.555,2.0,4,4,1.0,14,33,1198.0,0.3648777342527826,72.61386206398959,50.19709555656983,5.638488277525374,444.6393044914551,24733.083511777302,8511.426,1445.3929999999996,2008.516,5057.516999999999,1879.579,6631.846999999998,22.08300935706896,8,1,0,0,7,30.218284909616365,30.09355067554987,30.311835585166236,1.0,0.0,0.0,0.0,1,0,0.0,0.0,0.9688164414833766,0.031183558516623355,0.0,0.031183558516623355,0.9688164414833766,0.0,0.9688164414833766,0.0,12,2,2024,1,27,1,0,1,2,1,0,1,GRAVE_MORTALIDAD,2
6,1,12,0,4,0,-7.760466128455016,-77.66779669705782,0,4,7,1,6,2,2,2,6543.555,2.008107142680358,3,3,1.0,13,32,1200.2456785224592,0.4687765153171355,72.4355462347879,42.230479512279786,6.683421377420208,877.959702622834,9443.60430896904,8931.828000000005,1335.5899999999997,1935.9830000000004,5660.255000000005,1219.309,7712.519000000005,13.651281686122925,5,1,0,0,4,37.92703571587678,37.92703571587678,37.92703571587678,1.0,0.0,0.0,0.00810714268035817,1,0,0.0,0.0,0.0,0.9918928573196418,0.0,0.0,1.0,0.0,0.9918928573196418,0.0,0,0,2023,8,21,2,0,1,0,1,0,1,GRAVE_MORTALIDAD,2
3,1,12,0,4,1,-15.817237128050003,-73.9690336372919,5,4,5,0,3,1,1,2,6619.703830223494,2.0,2,0,1.0,10,31,1528.1204214210773,0.5563774842369664,77.00938809632027,69.10246351364754,8.476961866273152,914.8835608305218,27932.19700214133,3496.3191961129087,683.992186630146,690.7286055455371,2121.5984039372256,1095.7126424234978,2400.6065536894107,31.882346333264664,4,1,0,0,2,35.42047645253073,33.0,37.630714678796096,0.7897617737346345,0.0,0.0,0.7897617737346345,1,0,0.0,0.7897617737346345,0.21023822626536548,0.7897617737346345,0.0,0.7897617737346345,1.0,0.21023822626536548,0.0,0.0,7,0,2022,7,19,4,0,0,0,1,0,1,GRAVE_MORTALIDAD,2
4,1,1,0,4,1,-9.83208910348429,-77.96965258015973,2,4,1,0,1,2,2,0,6543.555,2.663502069405257,2,1,1.0,4,31,1381.7900732252563,0.5620587799258866,79.41826428115658,62.38836878647259,8.44106130629156,932.6785966441148,25661.501082812443,10767.648,1885.0630000000003,1222.721,7659.864000000001,2100.343,8667.305000000002,19.506051832303577,3,1,0,0,1,47.62078000637623,35.34599172237897,59.89556829037349,1.0,0.33649793059474287,0.0,0.6635020694052571,1,0,0.0,0.6635020694052571,0.0,0.33649793059474287,0.0,0.33649793059474287,0.6635020694052571,0.0,0.0,0.0,14,3,2022,5,5,5,0,0,0,1,0,1,GRAVE_MORTALIDAD,2
3,2,5,0,4,1,-6.790137225645981,-78.86640056679197,0,4,4,0,2,0,1,2,638.4631234504823,2.0,2,0,1.0,5,18,115.24102099780524,0.48244625339659114,74.27125153476446,49.690789900748634,6.930995337580986,846.0213307192946,2531.6712207931732,15935.565011852366,1733.9250000199986,935.692,13265.948011832368,2000.1670000199988,13935.398011832369,12.551591352627522,3,2,0,0,1,41.86983235197352,26.962809243421006,56.776855460526036,1.0,0.6542697478070021,0.6542697478070021,0.6542697478070021,2,0,0.0,1.0,0.6542697478070021,0.3457302521929979,1.0,0.0,1.0,0.3457302521929979,1.0,0.6542697478070021,12,1,2022,6,12,3,0,0,2,1,0,1,GRAVE_MORTALIDAD,2
6,1,5,0,4,2,-6.641736769007194,-78.53708784995375,0,4,1,0,1,2,2,1,6543.555,2.0,4,4,1.0,14,33,1198.0,0.3484871558022944,76.33677469666252,53.28672218475212,4.131981838863427,447.1658531581213,76209.5845824411,15935.565011852366,1733.9250000199986,935.692,13265.948011832368,2000.1670000199988,13935.398011832369,12.551591352627522,3,1,0,0,2,40.97161012605149,40.97161012605149,40.97161012605149,1.0,1.0,0.0,0.8286016876752476,1,0,0.0,0.17139831232475244,0.8286016876752476,0.0,0.8286016876752476,0.0,0.17139831232475244,0.8286016876752476,0.8286016876752476,0.8286016876752476,16,1,2023,6,20,6,1,1,2,1,0,1,GRAVE_MORTALIDAD,2
6,1,5,0,4,2,-7.2808473151690265,-78.490968234222,0,4,0,0,2,2,2,2,6543.555,2.0,4,4,1.0,14,33,1198.0,0.2903328733391796,72.08540065717648,40.574256417725884,4.464353404076353,314.84095454603516,4804.972862970361,15935.565011852366,1733.9250000199986,935.692,13265.948011832368,2000.1670000199988,13935.398011832369,12.551591352627522,2,1,0,0,1,44.0,44.0,44.0,1.0,0.9210194006337683,0.0,1.0,1,0,0.0,0.0,0.0,1.0,0.0,1.0,0.0,0.0,1.0,0.0,21,1,2024,11,15,4,0,0,2,1,0,1,GRAVE_MORTALIDAD,2
5,1,20,0,4,1,-15.672859497562417,-70.61617796041853,0,4,2,1,2,1,1,2,1504.4250000000002,2.0,2,0,1.0,7,25,241.0,0.4698599762559323,78.4228993312338,68.12786536644234,6.991927650318564,610.3916333612686,6938.8501070663815,13642.312999999998,2020.7790000000005,2354.117,9267.416999999998,3314.0520000000006,10328.260999999997,24.29244952817019,3,1,0,0,1,44.30026898586381,37.70616455972089,50.89437341200673,1.0,0.0,0.0,0.306702531448508,1,0,0.0,0.306702531448508,0.693297468551492,0.306702531448508,0.0,0.306702531448508,1.0,0.693297468551492,1.0,0.693297468551492,6,0,2021,8,22,1,0,1,2,1,0,1,GRAVE_MORTALIDAD,2
5,1,12,0,4,1,-10.836533147898297,-77.32745853394111,0,1,7,0,2,1,1,0,6880.731506140651,2.0,2,0,1.0,9,28,1727.2979943522719,0.6671141548947118,77.57220091175034,70.40523454997646,9.591122186644437,1384.103282191953,97297.91443967965,9415.100395525624,1694.2792036226135,1456.2704511192494,6264.550740783761,1854.7640289588917,7560.336366566733,21.37655174794434,10,1,0,0,8,26.645829754461925,26.0,27.29165950892385,1.0,0.0,0.0,0.21527658482064171,1,0,0.0,0.0,0.0,1.0,0.21527658482064171,0.0,1.0,0.0,1.0,0.0,6,1,2023,10,12,2,0,0,0,1,0,1,GRAVE_MORTALIDAD,2
3,2,3,0,4,1,-15.957426033068048,-71.22013028129965,0,4,7,1,2,0,1,0,1504.4250000000002,2.0,2,0,1.0,7,25,241.0,0.4498224071382834,81.63336343193146,58.84842497065013,5.774685730039019,620.6584683449911,1358.612419700214,10322.272,1495.236,1749.739,7077.2970000000005,2886.595,7435.677000000001,27.964725207783708,11,2,0,0,9,43.93808287209482,25.56191712790518,62.31424861628446,1.0,1.0,0.0,0.17354634754501996,2,0,0.0,1.0,0.82645365245498,0.17354634754501996,0.0,0.82645365245498,1.0,0.0,0.0,0.0,5,0,2022,7,12,5,0,0,0,1,0,1,GRAVE_MORTALIDAD,2
5,1,3,0,4,1,-16.94231930823032,-72.02520563008342,0,4,2,1,2,1,1,0,430.7503212403931,2.0,2,0,1.0,7,25,43.028003734645154,0.5808179689026403,75.00398821545093,71.90481884305854,9.858305692264292,944.1955569082893,7186.940475929292,10322.272,1495.236,1749.739,7077.2970000000005,2886.595,7435.677000000001,27.964725207783708,3,1,0,0,1,54.172469993392404,53.7412950099114,54.60364497687341,1.0,0.0,0.9137650033037986,0.9137650033037986,1,0,0.0,0.0,0.0,1.0,0.0,0.08623499669620138,0.9137650033037986,0.9137650033037986,0.08623499669620138,0.08623499669620138,10,1,2022,1,5,4,0,0,0,1,0,1,GRAVE_MORTALIDAD,2
5,1,19,2,5,4,-15.383893940173593,-70.87918344219716,4,0,2,0,2,2,2,2,6543.555,2.0,4,4,1.0,14,33,1198.0,0.6697236719396847,70.95224018727379,81.4688518431044,11.830667764560053,1318.7343386860916,145002.36472709457,12919.969254848455,1980.2701164620603,2263.4597381521357,8676.239400234259,3134.0451634266865,9785.924091421766,24.233025703545096,3,1,0,1,0,46.45968303637268,45.55915476366049,47.36021130908488,1.0,0.1200704363616264,0.0,0.0,1,0,0.0,0.0,0.8799295636383736,0.1200704363616264,0.0,0.1200704363616264,0.8799295636383736,0.8799295636383736,0.8799295636383736,0.8799295636383736,7,1,2024,2,10,5,0,0,1,1,0,1,GRAVE_MORTALIDAD,2
6,1,7,0,4,2,-13.456901605714894,-71.89867863044051,0,4,6,0,1,1,1,2,6543.555,2.0,4,4,1.0,14,33,1198.0,0.38541395428481906,78.88390174544774,75.25140274689798,5.942157281996913,370.4047152211376,4672.990963110492,17779.13499998999,2097.3709999899997,2863.123,12818.640999999989,2878.713,14900.421999989989,16.19152450331032,3,1,0,0,2,52.99715399483902,52.99715399483902,52.99715399483902,1.0,0.0,0.9997412722580926,0.9997412722580926,1,0,0.0,0.0,0.0,1.0,0.0,0.9997412722580926,0.000258727741907383,0.0,0.0,0.0,22,2,2024,9,17,4,0,0,2,1,0,1,GRAVE_MORTALIDAD,2
3,1,14,0,4,1,-12.65120872490676,-76.68637565354793,0,4,7,1,2,1,1,0,6616.442348062538,2.2440640109672514,2,0,1.0,6,30,1581.5869744536176,0.713122398162229,79.20696792115629,81.21962079288052,11.238420895272231,1388.1351842413999,60549.70421540064,7626.313,1683.4029999999998,1599.0829999999996,4343.827000000001,1814.875,5811.438000000001,23.797541485643197,3,1,0,0,1,52.89839972581872,47.60684780258948,58.189951649047956,1.0,0.0,0.0,0.24406401096725128,1,0,0.0,0.7559359890327487,0.0,1.0,0.0,0.7559359890327487,1.0,0.0,0.0,0.0,17,1,2022,7,19,4,0,0,0,1,0,1,GRAVE_MORTALIDAD,2
9,1,5,0,4,1,-6.733672240970742,-78.58060083437302,0,4,5,0,2,0,1,0,9936.932,2.0,2,0,1.0,9,32,3830.0,0.4526491117658796,79.17132243679694,59.43910685558323,5.161528057531929,710.0305343071761,15625.811563169163,15935.565011852366,1733.9250000199986,935.692,13265.948011832368,2000.1670000199988,13935.398011832369,12.551591352627522,2,1,0,0,1,20.840308617453474,20.840308617453474,20.840308617453474,1.0,0.0,0.7633076152122106,0.7633076152122106,1,0,0.0,0.0,0.0,1.0,1.0,0.0,0.0,1.0,1.0,0.7633076152122106,4,0,2022,6,23,5,0,0,2,1,0,1,GRAVE_MORTALIDAD,2
1,1,8,1,4,0,-12.16702448540477,-74.70491209517621,0,3,7,1,2,2,2,0,6543.555,2.5864595123747978,2,1,1.0,5,31,1360.449284927819,0.4777118737171121,77.68573902048482,68.54784903491182,7.907606146129145,713.6614262471538,20744.62275187985,11956.438365859101,1941.1870608185422,1690.5990535372034,8324.652251503358,2602.260811695097,9354.177554164005,21.4854210694204,4,1,0,1,1,32.45105463612278,29.27813561137318,35.03751414849757,0.41354048762520235,0.0,0.0,0.0,1,0,0.5864595123747977,0.0,0.0,0.41354048762520235,0.0,0.41354048762520235,0.41354048762520235,0.0,0.41354048762520235,0.5864595123747977,12,0,2022,8,5,4,0,0,0,1,0,1,GRAVE_MORTALIDAD,2
3,2,12,0,4,0,-12.965638287935434,-76.20120623970645,0,1,7,1,2,2,2,2,6614.785744328826,2.0,2,1,1.0,10,31,1506.7995346344026,0.5470015918357285,76.46885904231972,68.69711767567122,9.826824696355708,794.0083315825578,12160.205222222194,3709.8770937912923,663.2839115493335,788.2272058395131,2258.365976402446,969.138961055454,2740.738132735838,26.091913471982792,18,2,0,0,16,39.97750973509284,36.73875486754642,43.21626460263925,1.0,0.0,0.0,1.0,2,0,0.0,0.0,0.0,0.2612451324535824,0.0,0.0,1.0,0.0,0.2612451324535824,0.7387548675464176,8,1,2023,4,20,4,0,0,0,1,0,1,GRAVE_MORTALIDAD,2
3,2,13,0,4,1,-6.727401089505872,-79.67579310755787,0,4,7,1,2,2,2,0,926.0712645916228,2.0,2,2,0.018094677713057172,8,7,217.00479272578184,0.5361855353782542,81.0536600257844,67.41617130371591,7.82732567397801,795.3755035567386,23282.51697185229,3459.691,515.0619999999999,689.7280000000001,2254.901,703.3549999999999,2756.336,20.329994788551925,4,2,0,0,2,48.58382241259969,37.67429580116497,59.4933490240344,1.0,1.0,0.0,1.0,2,0,0.0,0.018094677713057172,0.9819053222869428,1.0,1.0,0.9819053222869428,0.018094677713057172,0.018094677713057172,0.9819053222869428,0.0,19,1,2021,4,20,0,0,1,0,1,0,1,GRAVE_MORTALIDAD,2
3,0,13,2,2,4,-11.759562774712316,-77.20267746652537,0,0,6,0,2,2,2,2,6543.555,2.0,4,4,1.0,14,33,1198.0,0.7539405197692403,79.80048902055886,76.81522207919495,11.498865868424003,1633.6951273294458,333410.0764015898,7759.608555745643,1647.8906335158467,1633.4811285015542,4478.236793728242,1754.0665826679824,6005.541973077661,22.76158913065936,2,1,0,0,1,29.367866109418856,27.12312084748323,31.612611371354486,1.0,1.0,0.8978981047742521,0.8978981047742521,1,0,0.0,0.0,0.0,1.0,1.0,0.8978981047742521,0.0,0.10210189522574786,0.8978981047742521,0.10210189522574786,18,1,2021,1,7,2,0,0,0,1,0,1,GRAVE_MORTALIDAD,2
6,1,9,0,4,1,-10.200193073329874,-76.5027775520243,0,4,5,0,1,2,2,2,6543.555,2.128515668444116,3,3,1.0,12,32,1233.5988401590203,0.2979736002010827,74.154140068722,45.62193746942538,4.264255426496734,337.96232265760165,9850.116298616334,8301.944398197023,1333.7494250917537,938.99969579408,6029.195277311189,1080.3508233334142,7221.593574863609,13.006006694247926,2,1,0,0,1,28.61445299466765,28.61445299466765,28.61445299466765,1.0,0.12851566844411644,0.0,0.0,1,0,0.0,0.8714843315558836,0.0,0.12851566844411644,0.0,0.12851566844411644,0.8714843315558836,0.0,0.12851566844411644,0.0,11,2,2021,7,23,0,0,1,1,1,0,1,GRAVE_MORTALIDAD,2
6,1,14,0,4,1,-10.46416656175797,-77.0731031311994,0,4,6,0,2,2,2,0,1031.172,-1.0,1,0,0.0,9,32,405.0,0.4922156532853145,70.56852513438,58.43020070214004,7.580642411366445,830.8627362205208,1657.7133116139269,7626.313,1683.4029999999998,1599.0829999999996,4343.827000000001,1814.875,5811.438000000001,23.797541485643197,3,1,0,0,2,25.549325188791816,25.549325188791816,25.549325188791816,1.0,0.9738416576765802,0.0,0.0,1,0,0.0,0.026158342323419848,0.0,0.9738416576765802,0.0,0.9738416576765802,0.026158342323419848,0.0,0.0,0.0,7,1,2022,6,18,5,0,0,0,1,0,1,GRAVE_MORTALIDAD,2
7,1,2,0,4,0,-13.629773787587203,-73.18310059050037,1,4,6,0,3,2,2,1,6543.555,2.0,4,4,1.0,14,33,1198.0,0.44770942617194076,73.78298912855513,67.70329712341507,6.703748852909449,599.5903805736868,17043.848247595593,8358.971,1282.451,1298.0969999999998,5778.423,1432.683,6926.288,17.139466089785454,3,1,0,0,2,18.428361614340552,18.428361614340552,18.428361614340552,1.0,0.6883307623326769,0.0,0.0,1,0,0.0,0.0,0.0,0.6883307623326769,0.0,0.6883307623326769,0.31166923766732313,0.0,0.6883307623326769,0.0,9,1,2023,9,20,2,0,1,2,1,0,1,GRAVE_MORTALIDAD,2
4,1,13,0,4,1,-14.692386264415266,-71.72159596621492,0,4,2,1,3,2,2,2,1730.4905451344387,1.6041306288565351,1,0,0.6041306288565351,7,25,368.4337160299362,0.3056158057474629,77.403976736665,63.04097801431484,5.453946973292883,237.57490574967397,1282.8556488253746,13260.86119135358,1935.3879972974996,2124.479907578985,9200.993286477096,2986.0041571289476,10274.857034224631,22.435924473329703,8,1,0,0,6,28.92684908756748,21.979346855717324,35.874351319417634,1.0,0.0,0.3958693711434649,0.3958693711434649,1,0,0.0,0.3958693711434649,0.6041306288565351,0.6041306288565351,0.0,0.6041306288565351,1.0,0.6041306288565351,1.0,0.6041306288565351,15,3,2023,3,19,4,0,0,2,1,0,1,GRAVE_MORTALIDAD,2
3,1,7,1,4,1,-13.723363469572687,-71.36337880165635,0,3,0,0,2,1,1,1,3168.367677303332,1.935815624111146,1,0,0.9358156241111459,5,18,561.1219874324471,0.2713889436646672,67.12759574393014,60.620390771664795,3.7334007799444318,279.8219805911658,16008.965936831733,17779.13499998999,2097.3709999899997,2863.123,12818.640999999989,2878.713,14900.421999989989,16.19152450331032,3,1,0,0,1,34.61489374466687,23.385106255333124,45.84468123400063,1.0,0.9358156241111459,0.0,0.0,1,0,0.0,0.0,0.0,0.9358156241111459,0.9358156241111459,0.9358156241111459,0.06418437588885406,0.0,0.0,0.0,14,3,2021,5,18,4,0,1,2,1,0,1,GRAVE_MORTALIDAD,2
5,1,12,0,4,2,-7.62396680290168,-78.84745275662753,0,4,7,1,1,2,2,2,6543.555,2.23400528716037,3,3,1.0,10,32,1262.8194645434223,0.5658502905785953,78.07537645281026,70.30326682479527,8.768879834401254,911.1113485357964,27843.686381330364,8931.828000000005,1335.5899999999997,1935.9830000000004,5660.255000000005,1219.309,7712.519000000005,13.651281686122925,6,1,0,0,4,48.54294448481612,47.02191011827371,50.06397885135852,1.0,0.7659947128396302,0.0,0.0,1,0,0.0,0.7659947128396302,0.0,0.23400528716036983,0.23400528716036983,0.23400528716036983,0.7659947128396302,0.0,0.23400528716036983,0.0,8,0,2023,1,7,6,1,0,0,1,0,1,GRAVE_MORTALIDAD,2
6,1,2,0,4,0,-13.276936208589536,-73.67450661322255,6,4,6,0,2,2,2,1,6543.555,2.0,4,4,1.0,14,33,1198.0,0.46101535275157096,75.21119351742801,68.27885273711746,6.772341371523785,634.8286451457559,17235.286396944655,8346.32006517927,1286.7570638172374,1255.3865718113889,5804.176429550644,1401.2211477139992,6945.098917465271,16.782621818849574,5,1,0,0,4,45.81856872947018,45.81856872947018,45.81856872947018,1.0,0.0,0.0,0.0,1,0,0.0,0.0,0.0,1.0,0.0,1.0,0.0,0.0,0.08438794789498705,0.0,12,2,2022,5,9,2,0,0,2,1,0,1,GRAVE_MORTALIDAD,2
3,2,12,0,4,1,-8.432897982183434,-78.87588293511669,0,4,7,1,2,2,2,0,1402.2315170409006,2.0,2,0,1.0,3,21,202.40073073334196,0.47478239558801955,76.08637571928278,61.526762799053934,7.243156405500947,677.4360627317519,17708.819489009158,3527.5457979214925,562.5305487816611,704.0206150735198,2260.994634066312,806.9239681779295,2720.621829743563,22.742329387697467,4,2,0,0,2,25.777646001315958,22.55529200263192,29.0,1.0,1.0,0.0,0.7407846662280135,2,0,0.0,0.25921533377198647,0.0,0.7407846662280135,0.7407846662280135,0.0,0.25921533377198647,0.7407846662280135,0.0,0.7407846662280135,14,1,2021,10,11,4,0,0,0,1,0,1,GRAVE_MORTALIDAD,2
6,1,4,0,4,2,-15.16114498053598,-73.30485791104697,1,4,0,0,1,2,2,2,6543.555,2.0,4,4,1.0,14,33,1198.0,0.3397398412868984,67.31479161471341,49.43582517959607,6.71421954189428,371.49368752868725,986.1322632838456,12678.733000000004,1805.074000000001,1774.0339999999994,9099.625000000004,2485.375000000001,10193.358000000002,19.602707936195205,6,1,0,0,5,38.03785528102293,38.03785528102293,38.03785528102293,1.0,0.0,0.0,0.9810723594885365,1,0,0.0,0.9810723594885365,0.0,0.01892764051146345,0.0,0.01892764051146345,0.9810723594885365,0.0,0.0,0.0,17,1,2023,1,23,1,0,1,2,1,0,1,GRAVE_MORTALIDAD,2
6,1,7,0,4,1,-12.874412758988719,-73.12941912504164,0,4,0,0,1,2,2,2,6543.555,2.0,4,4,1.0,14,33,1198.0,0.32205699004004534,75.21521029182553,51.85621792237896,5.579469965039246,300.18724980886935,14110.430589712008,17779.13499998999,2097.3709999899997,2863.123,12818.640999999989,2878.713,14900.421999989989,16.19152450331032,2,1,0,0,1,28.646069521400783,28.646069521400783,28.646069521400783,1.0,0.035892751188932426,0.0,0.0,1,0,0.0,0.9641072488110676,0.0,0.035892751188932426,0.0,0.035892751188932426,0.9641072488110676,0.0,0.0,0.0,17,1,2023,5,18,4,0,0,2,1,0,1,GRAVE_MORTALIDAD,2
3,2,12,0,4,1,-8.404553917471608,-78.83111784096673,0,4,7,1,2,2,2,2,6543.555,3.0,2,0,1.0,0,30,1475.0,0.5051395598219868,77.13285387085847,51.52067479184955,6.715328807318118,900.900383457586,67612.41755888652,8931.828000000005,1335.5899999999997,1935.9830000000004,5660.255000000005,1219.309,7712.519000000005,13.651281686122925,5,2,0,0,3,37.55342426151506,34.340568776316964,40.76627974671317,1.0,0.0851421940792404,0.0,0.9148578059207596,2,0,0.0,1.0,0.0,0.9148578059207596,0.0,0.9148578059207596,1.0,0.0,1.0,0.0,16,1,2021,3,19,0,0,0,0,1,1,1,GRAVE_MORTALIDAD,2
8,1,7,0,4,0,-14.141578471356446,-71.8199912324466,0,4,7,1,1,2,2,2,6543.555,2.0,4,4,1.0,14,33,1198.0,0.2854324339667266,66.35478067286492,64.56467402919785,4.297493528824762,288.70033647940664,1955.0462857579994,17779.13499998999,2097.3709999899997,2863.123,12818.640999999989,2878.713,14900.421999989989,16.19152450331032,2,1,0,0,1,43.08748594244177,43.08748594244177,43.08748594244177,1.0,0.3520165825018783,0.0,0.3520165825018783,1,0,0.0,0.0,0.0,1.0,0.3520165825018783,0.6479834174981217,0.0,0.3520165825018783,1.0,0.3520165825018783,12,1,2022,7,15,4,0,0,2,1,0,1,GRAVE_MORTALIDAD,2