CLASE SINIESTRO,CANTIDAD DE VEHICULOS DAÑADOS,DEPARTAMENTO,ZONA,TIPO DE VÍA,RED VIAL,COORDENADAS LATITUD,COORDENADAS  LONGITUD,CONDICIÓN CLIMÁTICA,ZONIFICACIÓN,CARACTERÍSTICAS DE VÍA,PERFIL LONGITUDINAL VÍA,SUPERFICIE DE CALZADA,¿EXISTE SEÑAL VERTICAL?,¿EXISTE SEÑAL HORIZONTAL?,CAUSA FACTOR PRINCIPAL,MTC_RVN_LONGITUD_KM,MTC_RVN_N_CARRILES_MEDIANA,MTC_RVN_SUPERFICIE_DOMINANTE,MTC_RVN_ESTADO_DOMINANTE,MTC_RVN_ES_CONCESIONADA,MTC_RVN_CONCESION_PRINCIPAL,MTC_RVN_CORREDOR_LOGISTICO,MTC_RVN_N_TRAMOS,IDH_2019,IDH_ESP_VIDA_2019,IDH_EDUC_SECUND_PCT_2019,IDH_ANIOS_EDUC_2019,IDH_INGRESO_PERCAP_2019,IDH_POBLACION_2019,MTC_DEP_RED_TOTAL_KM,MTC_DEP_NACIONAL_TOTAL_KM,MTC_DEP_DEPARTAMENTAL_TOTAL_KM,MTC_DEP_VECINAL_TOTAL_KM,MTC_DEP_PAV_TOTAL_KM,MTC_DEP_NO_PAV_TOTAL_KM,MTC_DEP_PCT_PAVIMENTADA,PER_TOTAL_PERSONAS,PER_N_CONDUCTORES,PER_N_CONDUCTORES_FUGADOS,PER_N_PEATONES,PER_N_PASAJEROS_OCUPANTES,PER_EDAD_COND_PROM,PER_EDAD_COND_MIN,PER_EDAD_COND_MAX,PER_ANY_COND_MASCULINO,PER_ANY_LIC_PROBLEMA,PER_ANY_DOSAJE_POS,PER_ANY_DOSAJE_EVALUADO,VEH_TOTAL,VEH_N_FUGADOS,VEH_ANY_FUGADO,VEH_ANY_CARGA,VEH_ANY_PUBLICO,VEH_ANY_PARTICULAR,VEH_ANY_MOTO,VEH_ANY_AUTO,VEH_ANY_CAMION_BUS,VEH_ANY_SOAT_PROBLEMA,VEH_ANY_CITV_PROBLEMA,VEH_ANY_SEGURO_PROBLEMA,HORA_NUM,FRANJA_HORARIA,ANIO,MES,DIA_MES,DIA_SEMANA,ES_FIN_SEMANA,ES_QUINCENA,REGION_NATURAL,TIENE_SEÑALIZACION,ES_VIA_MULTICARRIL,ES_DEPTO_BAJO_PAVIMENTO,CATEGORIA_SEVERIDAD,CATEGORIA_SEVERIDAD_ENC
4,1,3,0,4,1,-16.031825384857722,-71.30918543000455,0,4,0,0,2,0,1,0,1504.4250000000002,2.0,2,0,1.0,7,25,241.0,0.4685280505645348,81.83746865987648,70.74305753660312,6.037751599761188,617.4715908037651,1751.8736616702354,10322.272,1495.236,1749.739,7077.2970000000005,2886.595,7435.677000000001,27.964725207783708,4,1,0,0,2,37.310842482330585,37.016246982835426,37.605437981825744,1.0,0.41080900100968065,0.0,0.0,1,0,0.0,0.5891909989903193,0.0,1.0,0.0,0.41080900100968065,0.5891909989903193,0.0,0.5891909989903193,0.0,8,1,2022,7,7,4,0,0,0,1,0,1,GRAVE_MORTALIDAD,2
5,1,1,0,4,1,-9.017273079027143,-77.39070109152385,0,4,7,0,6,2,2,0,1137.1595842490146,-0.9448850363856868,0,1,0.01837165453810441,8,31,172.81628345461897,0.3362814579956354,74.73409882658858,42.087060590674845,4.913089082594765,407.95749848745413,11510.786255103108,10734.545916111036,1883.1771312911117,1211.9602626456688,7639.408522174258,2102.440344826481,8632.105571284557,19.601461172006466,23,1,0,0,22,49.74279683646654,49.5774519456236,49.90814172730948,1.0,0.0,0.0,0.01837165453810441,1,0,0.0,0.01837165453810441,0.9816283454618956,0.01837165453810441,0.01837165453810441,0.0,1.0,0.9816283454618956,0.01837165453810441,0.0,14,3,2023,7,18,1,0,1,0,1,0,1,GRAVE_MORTALIDAD,2
7,2,5,0,4,1,-7.002776558225299,-78.93525704524276,5,3,0,0,2,1,1,2,895.8839452183656,2.0,2,0,0.7294782198281534,8,14,172.04287215082633,0.38022836026046825,70.5012837169795,52.062452586158805,5.507231670545388,535.6196569614921,3768.361364863841,15935.565011852366,1733.9250000199986,935.692,13265.948011832368,2000.1670000199988,13935.398011832369,12.551591352627522,6,2,0,0,4,46.41043560343693,41.304088064639856,51.516783142234004,1.0,0.0,0.0,0.2705217801718466,2,0,0.0,0.7294782198281534,0.2705217801718466,1.0,0.2705217801718466,1.0,0.7294782198281534,0.0,1.0,0.2705217801718466,10,1,2021,3,15,1,0,1,2,1,0,1,GRAVE_MORTALIDAD,2
6,1,18,0,4,0,-13.991258892317864,-71.67421949038844,0,4,0,0,1,2,2,2,6747.293754315346,2.0,3,3,1.0,13,27,1198.0,0.4259002126386443,73.21547385533759,62.72558250952917,6.382203116742222,589.3077186538269,8953.93484319777,13373.270709167462,1982.8343295307163,2110.3021593279086,9280.134220308837,2977.10356056158,10396.167148605882,22.078005562018213,2,1,0,0,1,46.89924565857005,46.89924565857005,46.89924565857005,1.0,0.804725983741431,0.0,0.0,1,0,0.0,0.804725983741431,0.0,0.195274016258569,0.0,0.0,1.0,0.804725983741431,1.0,0.0,7,1,2021,7,11,2,0,0,2,1,0,1,GRAVE_MORTALIDAD,2
4,1,14,0,4,1,-11.183023144056339,-77.57041320045785,0,4,7,0,2,1,0,2,6543.555,3.0,2,0,1.0,0,30,1475.0,0.7327345537337897,78.20903814342847,76.31492653513806,13.642917835589472,1405.6698219039215,62016.21841541756,7626.313,1683.4029999999998,1599.0829999999996,4343.827000000001,1814.875,5811.438000000001,23.797541485643197,6,1,0,0,4,36.49930876216632,34.38450904033328,38.614108483999374,1.0,0.0,0.0,1.0,1,0,0.0,0.0,0.3845090403332808,1.0,0.0,0.3845090403332808,1.0,0.0,0.0,0.0,6,0,2022,1,11,5,1,0,0,1,1,1,GRAVE_MORTALIDAD,2
6,1,7,0,4,1,-11.175282390861279,-75.51683611707217,0,4,3,0,1,2,2,2,6543.555,2.0,4,4,1.0,14,33,1198.0,0.2630325072627389,72.95576634340942,47.98273986669117,4.2079388332199406,238.7969083495092,9641.413927941128,8245.968734968732,1320.9141627316362,916.5935621781434,6008.461010058951,1151.655501180558,7094.3132337881725,13.952016984197344,2,1,0,0,1,31.954632786963018,31.954632786963018,31.954632786963018,1.0,0.0,0.0,0.0,1,0,0.0,0.7537806010864153,0.0,0.24621939891358469,0.0,0.24621939891358469,0.7537806010864153,0.0,0.0,0.0,10,2,2021,8,20,0,0,0,2,1,0,1,GRAVE_MORTALIDAD,2
4,1,17,0,4,1,-17.099858354897215,-70.88129644777699,0,4,3,0,2,1,1,2,1749.0227214313045,2.0,2,0,1.0,9,27,306.68774802679945,0.6669024636029749,76.96705180303857,70.10776163088225,10.411012525589102,1370.5702284302579,3574.456629170346,2949.174,470.28500000000025,903.055,1575.834,866.4460000000004,2082.728,29.37927704503025,5,1,0,0,3,40.68328244476271,38.0,43.36656488952542,1.0,0.5527862592062149,0.44721374079378506,0.44721374079378506,1,0,0.0,0.44721374079378506,0.0,0.44721374079378506,0.0,0.5527862592062149,0.44721374079378506,0.0,0.44721374079378506,0.0,17,2,2021,4,24,2,0,1,0,1,0,1,GRAVE_MORTALIDAD,2
3,1,14,0,4,1,-12.208079138368234,-76.9113684508344,0,4,7,1,2,2,2,0,6573.4190915612635,2.69027077824867,2,0,1.0,2,30,1518.6718202669376,0.6806281484326835,78.23873846210064,75.42749167940346,9.690009722393656,1389.7095552552792,56542.05634355026,7626.313,1683.4029999999998,1599.0829999999996,4343.827000000001,1814.875,5811.438000000001,23.797541485643197,3,2,0,0,1,46.92026138064828,39.57512599152394,54.26539676977261,1.0,0.0,0.0,0.0,2,0,0.0,1.0,0.0,1.0,0.0,1.0,1.0,0.0,0.0,0.0,8,0,2024,4,23,1,0,1,0,1,0,1,GRAVE_MORTALIDAD,2
6,1,7,0,4,2,-13.78156806578725,-71.58252902715931,3,4,3,0,3,1,1,1,6543.555,2.0,4,4,1.0,14,33,1198.0,0.3788284350527691,77.7071681105738,67.81129938401546,5.974037682016037,377.8303923964401,4730.324935641554,17779.13499998999,2097.3709999899997,2863.123,12818.640999999989,2878.713,14900.421999989989,16.19152450331032,3,1,0,0,2,40.929747666790746,40.929747666790746,40.929747666790746,0.5171899066716297,0.4828100933283703,0.5171899066716297,0.5171899066716297,1,0,0.0,0.0,0.4828100933283703,0.5171899066716297,0.4828100933283703,0.5171899066716297,0.0,0.4828100933283703,0.0,0.4828100933283703,18,2,2023,7,19,5,1,1,2,1,0,1,GRAVE_MORTALIDAD,2
3,2,10,0,4,1,-14.228605707780018,-75.69551123960436,4,4,7,1,2,2,2,0,6639.975,2.0,2,0,1.0,9,31,1616.0,0.6193883032188371,79.96925188312089,73.6761142417259,9.274390618494728,1062.2752755002064,30292.767047793324,3721.461,698.1859999999996,744.866,2278.409,1102.9029999999996,2618.558,29.636290693359403,3,2,0,0,1,46.5231852344936,44.86164970029073,48.18472076869648,1.0,0.0,0.0,1.0,2,0,0.0,1.0,0.0,0.32307106840575117,0.0,0.32307106840575117,1.0,0.0,0.0,0.0,13,3,2023,1,9,3,0,0,0,1,0,1,GRAVE_MORTALIDAD,2
6,1,12,1,4,1,-12.28499128160769,-76.2450523678842,0,2,5,0,1,2,2,2,878.0319719539847,1.838971096674068,1,0,0.838971096674068,3,16,178.38301756230453,0.7042964908301907,79.89773884870276,77.36154373935001,10.766834667175333,1404.222334898829,44497.641029179336,7744.29211425297,1618.8381391536607,1550.6155545035406,4574.83842059577,1753.3310413800555,5990.961072872916,22.725398906386854,5,1,0,0,3,48.652219610199836,48.652219610199836,48.652219610199836,1.0,1.0,0.161028903325932,0.161028903325932,1,0,0.0,0.0,0.0,1.0,0.0,1.0,0.838971096674068,0.161028903325932,0.0,0.161028903325932,22,2,2021,3,26,0,0,1,0,1,0,1,GRAVE_MORTALIDAD,2
5,1,1,0,4,1,-9.36160092287755,-77.92057244714503,4,4,5,0,1,2,2,1,6543.555,2.297673715592846,3,2,1.0,9,32,1280.4556192192183,0.5269749006125674,79.31555141547068,57.11424628684833,7.7314179856650345,854.9387428353449,25587.24106042196,10767.648,1885.0630000000003,1222.721,7659.864000000001,2100.343,8667.305000000002,19.506051832303577,3,1,0,0,1,41.12557401372488,40.08371600914992,42.16743201829984,1.0,1.0,0.0,0.0,1,0,0.0,0.0,0.2976737155928457,1.0,0.0,0.7023262844071543,0.2976737155928457,0.0,0.0,0.0,10,2,2022,7,13,3,0,0,0,1,0,1,GRAVE_MORTALIDAD,2
4,1,12,0,4,1,-7.8677369798446115,-78.111503188549,0,4,7,1,1,2,2,2,9936.932,2.0,2,0,1.0,9,32,3830.0,0.3986882084754764,72.97869269132666,58.65435142755623,5.605762371496486,527.7120199980477,69564.29978586723,8931.828000000005,1335.5899999999997,1935.9830000000004,5660.255000000005,1219.309,7712.519000000005,13.651281686122925,3,1,0,0,1,32.15531808980562,27.207090786407488,37.103545393203746,1.0,0.6597636404530838,0.0,0.0,1,0,0.0,0.3402363595469162,0.6597636404530838,0.6597636404530838,0.6597636404530838,0.0,1.0,0.0,0.0,0.6597636404530838,10,1,2021,10,18,4,0,1,0,1,0,1,GRAVE_MORTALIDAD,2
3,1,17,0,4,1,-15.20682458490976,-70.48246527429586,0,4,6,0,2,1,0,2,1828.0223055748772,2.0,1,0,0.13698222230952783,8,31,434.3165777454747,0.32894179733956547,72.41013840361856,67.79904737740382,6.543406532319817,291.80035945969337,12745.330609476676,13510.319670226983,1991.2312497367238,2274.655941536022,9244.432478954239,3200.537982963208,10309.781687263776,23.650038302844035,12,1,0,0,10,39.88357999960712,33.41094666692858,46.35621333228566,1.0,0.0,0.0,0.13698222230952783,1,0,0.0,0.0,0.13698222230952783,0.8630177776904722,0.0,0.8630177776904722,1.0,0.0,0.8630177776904722,0.0,4,0,2021,2,14,1,0,0,2,1,0,1,GRAVE_MORTALIDAD,2
6,1,1,0,4,1,-8.973954949633411,-77.14764300159406,5,4,7,0,5,1,1,1,1999.9157900342507,1.0,0,0,0.0,9,30,561.5848541305887,0.320366481442015,74.27128854142603,51.197787365155925,5.90198313740963,303.74561570898936,1719.3018783253788,10767.648,1885.0630000000003,1222.721,7659.864000000001,2100.343,8667.305000000002,19.506051832303577,11,1,0,0,10,59.42419636843311,59.42419636843311,59.42419636843311,1.0,0.0,0.0,0.6868664937349099,1,0,0.0,0.0,0.31313350626509007,0.6868664937349099,0.0,0.0,1.0,1.0,0.6868664937349099,0.0,13,3,2021,2,6,2,0,0,0,1,0,1,GRAVE_MORTALIDAD,2
5,1,12,0,4,1,-7.458269001381492,-79.48295520535599,0,4,8,0,2,2,2,2,6543.555,3.0,2,0,1.0,0,30,1475.0,0.6138517538553948,80.84826225715301,64.49339622566798,9.143362084626023,1095.689060330069,16852.97430406852,8931.828000000005,1335.5899999999997,1935.9830000000004,5660.255000000005,1219.309,7712.519000000005,13.651281686122925,26,1,0,0,25,40.393097981200235,40.393097981200235,40.393097981200235,1.0,0.0,0.0,0.0,1,0,0.08670028839996624,0.0,0.9132997116000338,0.08670028839996624,0.0,0.0,1.0,0.0,0.0,0.08670028839996624,8,0,2022,10,18,3,0,1,0,1,1,1,GRAVE_MORTALIDAD,2
4,1,7,0,4,2,-13.898353068830623,-71.6956599089354,0,4,6,0,1,1,1,2,6543.555,2.0,4,4,1.0,14,33,1198.0,0.34653370736846645,71.47448070450265,71.76788574410236,5.755505503061878,332.8194336073799,4824.557445298553,17779.13499998999,2097.3709999899997,2863.123,12818.640999999989,2878.713,14900.421999989989,16.19152450331032,3,1,0,0,1,43.01887044331766,42.04032832991743,43.99741255671789,1.0,0.0,0.6085831546399083,1.0,1,0,0.0,0.3914168453600917,0.0,1.0,0.0,1.0,0.3914168453600917,0.0,0.0,0.0,16,1,2023,8,18,5,1,1,2,1,0,1,GRAVE_MORTALIDAD,2
6,1,1,0,4,2,-9.751837928231197,-77.54480362026713,3,4,3,0,3,2,2,2,6543.555,2.0,4,4,1.0,14,33,1198.0,0.3364886992481832,78.68471471084364,57.58367050676738,4.920263728861779,340.92606249041916,1102.0203532134647,10767.648,1885.0630000000003,1222.721,7659.864000000001,2100.343,8667.305000000002,19.506051832303577,5,1,0,0,4,40.52477245886225,40.52477245886225,40.52477245886225,1.0,0.4401446199655228,0.0,0.0,1,0,0.0,0.0,0.0,1.0,0.0,1.0,0.0,0.0,0.5598553800344772,0.0,10,1,2021,5,15,0,0,0,0,1,0,1,GRAVE_MORTALIDAD,2
3,1,5,0,4,1,-7.205739171913054,-78.36363934291707,0,4,6,0,2,1,1,2,9936.932,2.0,2,0,1.0,9,32,3830.0,0.3649498763461731,77.27305979613358,56.15440190200701,4.876217625507643,429.94571194660887,5304.659317605197,15935.565011852366,1733.9250000199986,935.692,13265.948011832368,2000.1670000199988,13935.398011832369,12.551591352627522,4,1,0,0,2,47.300128824389525,31.92223653604328,62.67802111273577,1.0,0.03888173197835976,0.0,0.9611182680216402,1,0,0.0,0.03888173197835976,0.0,0.9611182680216402,0.0,0.9611182680216402,1.0,0.0,1.0,0.0,0,0,2023,10,24,0,0,1,2,1,0,1,GRAVE_MORTALIDAD,2
3,1,13,0,4,1,-6.566865020514601,-80.02010245504627,0,4,7,1,2,2,2,0,6543.555,3.0,2,0,1.0,0,30,1475.0,0.3879800350664534,75.68222437543551,50.64551119758177,4.891651630735472,548.2382997194167,48902.40256959316,3459.691,515.0619999999999,689.7280000000001,2254.901,703.3549999999999,2756.336,20.329994788551925,8,2,0,0,6,44.71644822557815,31.060293006472147,58.37260344468415,1.0,0.6273965553158464,0.0,0.0,2,0,0.0,0.6273965553158464,0.37260344468415363,1.0,0.6273965553158464,0.0,1.0,0.0,0.0,0.0,9,1,2022,5,7,3,0,0,0,1,1,1,GRAVE_MORTALIDAD,2
3,1,3,1,4,0,-16.612216753100242,-72.38406284886702,0,1,5,1,2,1,1,0,6614.94914722381,2.0,2,1,1.0,10,31,1507.5079188918514,0.6503269416890404,83.66634430175301,71.4869551716129,9.355681905805863,1162.1309273869467,15971.028637055106,10322.272,1495.236,1749.739,7077.2970000000005,2886.595,7435.677000000001,27.964725207783708,35,2,0,0,33,51.10674350090376,34.4426974003615,67.77078960144601,1.0,0.0,0.0,0.0,2,0,0.0,0.0,0.7404495667269174,1.0,0.0,1.0,1.0,0.0,0.0,0.0,14,1,2024,4,26,3,0,1,0,1,0,1,GRAVE_MORTALIDAD,2
6,1,8,0,4,1,-12.469770394090967,-74.81600504321473,0,4,2,0,5,2,2,1,7586.903,2.0,2,0,1.0,9,5,1198.0,0.2612855540930485,69.11252262237119,48.16438740324294,4.188822647720022,249.41764078672767,3605.419397501968,8511.426,1445.3929999999996,2008.516,5057.516999999999,1879.579,6631.846999999998,22.08300935706896,4,1,0,0,3,47.56739747534971,47.56739747534971,47.56739747534971,1.0,0.0,0.0,0.0,1,0,0.0,0.0,0.0,1.0,0.0,0.7076089761522596,0.2923910238477404,0.0,0.0,0.0,6,0,2023,7,15,1,0,1,2,1,0,1,GRAVE_MORTALIDAD,2
3,2,12,0,4,1,-8.690844827221726,-78.72632708022411,0,4,7,1,2,2,2,0,1415.5146665013363,2.0,2,0,1.0,3,21,207.79339033453905,0.47775537011454694,76.01579876369445,62.04119961236316,7.298892358275999,684.7653404446647,17568.98851839718,3536.83288018337,569.0274263922506,705.976802343854,2261.828651447265,821.0991415880551,2715.7337385953147,23.072498374293794,4,2,0,0,1,26.178773429856292,23.35754685971258,29.0,1.0,0.7053066425359272,0.0,0.7053066425359272,2,0,0.0,0.0,0.0,1.0,1.0,0.0,0.0,1.0,0.29469335746407277,1.0,13,1,2021,8,10,4,0,0,0,1,0,1,GRAVE_MORTALIDAD,2
5,1,8,0,4,2,-13.970727430565834,-72.836926787171,5,4,1,0,1,2,2,4,6543.555,2.0,4,4,1.0,14,33,1198.0,0.2538874262260592,71.45596545208201,48.925539406990254,5.376761117990201,188.55513769096922,9827.121598780157,12933.66100685737,1862.1416495144867,1927.5027343052384,9144.016623037644,2704.6126096832054,10229.048397174163,20.843441945533588,5,1,0,0,3,38.656564322935196,38.25971921377348,39.05340943209692,1.0,1.0,0.0,0.7354365938921863,1,0,0.0,0.0,0.0,1.0,0.2645634061078137,0.0,0.0,1.0,0.7354365938921863,0.2645634061078137,12,1,2021,7,18,4,0,1,2,1,0,1,GRAVE_MORTALIDAD,2
6,1,2,0,4,0,-13.599743235216954,-73.45916802388342,4,4,7,0,3,2,2,2,6543.555,2.0,4,4,1.0,14,33,1198.0,0.4793125427546004,75.37161635090715,71.73219271520676,7.118816891231773,658.761072373094,17232.488222698074,8358.971,1282.451,1298.0969999999998,5778.423,1432.683,6926.288,17.139466089785454,5,1,0,0,4,37.28812058275152,37.28812058275152,37.28812058275152,1.0,0.3034962317890152,0.0,0.0,1,0,0.0,0.0,0.0,1.0,0.0,1.0,0.0,0.0,0.3034962317890152,0.0,13,2,2023,6,12,2,0,0,2,1,0,1,GRAVE_MORTALIDAD,2
4,1,16,0,4,1,-8.621191566268816,-75.77307301807097,0,4,7,1,2,1,1,1,7699.131336572484,2.0,2,0,1.0,9,14,1810.1033806388814,0.45848437683240145,72.09599161441066,56.772306776889224,6.605185919125557,813.0552368298912,3565.9429591022904,6634.991990490461,1032.7521801345904,1325.5670539643504,4276.67275639152,1312.533629392383,5322.458361098077,19.378516981537153,5,1,0,0,3,56.6396806622101,50.74777646354707,62.531584860873124,1.0,0.0,0.6546560220736698,0.6546560220736698,1,0,0.0,0.0,0.6546560220736698,0.3453439779263302,0.6546560220736698,0.0,1.0,0.0,0.6546560220736698,0.6546560220736698,10,1,2022,9,13,4,0,0,1,1,0,1,GRAVE_MORTALIDAD,2
3,1,19,0,4,1,-5.882872284496934,-79.53700015632255,0,4,7,0,2,1,1,0,305.38500000000005,2.0,2,0,1.0,1,20,50.0,0.2117580020098525,65.37756662211437,42.30794939557186,3.975264599118591,171.62326554814578,38712.25053533191,8965.846000060003,1782.4120000599992,636.9959999999999,6546.438000000004,2214.505000059999,6751.341000000004,24.699342371541725,4,1,0,0,2,57.36137588545585,50.91950857865179,63.80324319225991,1.0,0.008943491260912984,0.0,0.991056508739087,1,0,0.0,1.0,0.991056508739087,0.0,0.0,0.0,1.0,0.0,0.008943491260912984,0.0,6,0,2022,1,13,2,0,0,0,1,0,1,GRAVE_MORTALIDAD,2
3,1,17,0,4,0,-10.229947974141512,-76.66602755318448,0,4,7,1,2,1,1,1,6543.555,2.1019525495802776,3,3,1.0,12,32,1226.2408562337368,0.5996218578512533,76.09767234915775,79.59945388277771,10.120653499535093,951.8187644820754,10739.663993780776,3654.9524360648093,559.5377999820366,888.3015580944578,2207.1130779883156,602.3453169191407,3052.607119145669,16.503458583607802,11,1,0,0,9,40.59002726639569,38.34490864034638,42.83514589244499,1.0,0.0,0.0,1.0,1,0,0.0,0.0,0.0,0.8980474504197226,0.0,0.0,1.0,0.0,0.8980474504197226,0.0,13,2,2023,1,13,4,0,0,1,1,0,1,GRAVE_MORTALIDAD,2
6,1,6,0,4,0,-11.687784148799764,-75.23998310099081,0,4,1,0,4,2,2,2,6543.555,2.0,4,4,1.0,14,33,1198.0,0.35140102465445194,70.45414891659675,62.98151711345898,6.042155318601452,365.9783939014509,1163.7460050058332,8269.718954793569,1312.8301781337868,996.775941794103,5960.112834865678,1210.7203780831514,7058.998576710417,14.621938219114654,2,1,0,0,1,39.3581947440391,39.3581947440391,39.3581947440391,1.0,0.0,0.0,0.0,1,0,0.0,0.0,0.0,1.0,0.0,1.0,0.0,0.0,0.0,0.0,9,0,2021,6,3,1,0,0,2,1,0,1,GRAVE_MORTALIDAD,2
3,1,3,0,4,1,-16.054883240607147,-71.34969131612104,0,4,6,0,2,0,1,0,1504.4250000000002,2.0,2,0,1.0,7,25,241.0,0.4685280505645348,81.83746865987648,70.74305753660312,6.037751599761188,617.4715908037651,1751.8736616702354,10322.272,1495.236,1749.739,7077.2970000000005,2886.595,7435.677000000001,27.964725207783708,8,1,0,0,6,49.501259251259825,44.813496907247355,54.18902159527229,1.0,0.062447531197507455,0.0,0.0,1,0,0.0,0.9375524688024925,0.9375524688024925,0.062447531197507455,0.0,0.062447531197507455,0.9375524688024925,0.0,0.0,0.0,19,1,2022,1,21,4,0,0,0,1,0,1,GRAVE_MORTALIDAD,2
4,1,1,0,4,1,-10.09763374091613,-76.5818338807059,0,4,1,1,2,2,2,0,1743.2475277753915,1.1789216380017589,0,2,0.17892163800175898,9,28,273.1225591482568,0.5424501867350257,75.78502270068984,57.62731393127344,8.939558223880038,903.5699209296083,5558.058330578523,10687.960596553328,1815.3145146226886,1317.015923816411,7555.630158114231,2241.0204957221586,8446.94010083117,21.01949152796635,8,1,0,0,7,41.22058948403166,40.32598129402287,42.11519767404046,1.0,0.0,0.0,0.0,1,0,0.0,0.0,0.0,0.17892163800175898,0.0,0.17892163800175898,0.821078361998241,0.0,0.17892163800175898,0.17892163800175898,12,2,2022,1,10,4,0,0,0,1,0,1,GRAVE_MORTALIDAD,2
3,1,9,0,4,1,-9.295581111750849,-76.1272603795833,4,4,0,1,1,1,0,1,785.0973409280284,1.9076541610545679,1,3,0.0,9,12,252.50914187992643,0.3622406928311343,72.33507610155038,38.65555752558894,5.051374612728414,539.5967755634048,9576.742481589019,8275.80189436043,1333.6730344118523,897.6211938286083,6044.507666119968,1074.583544019849,7201.21835034058,12.979225390682531,4,1,0,0,3,35.891849932654814,26.815308322109136,44.96839154320049,1.0,0.0,0.0,0.9076541610545678,1,0,0.0,0.9076541610545678,0.0,0.09234583894543225,0.0,1.0,0.9076541610545678,0.0,0.0,0.0,4,0,2022,3,12,0,0,0,1,1,0,1,GRAVE_MORTALIDAD,2
5,1,13,0,4,1,-14.963998193598188,-74.29404175094731,0,4,7,1,2,1,1,2,766.7104766586535,-0.022022069388133225,2,0,1.0,11,31,138.22521925709518,0.5810386101760915,78.37439829001707,64.52298042904106,8.742941181508412,1010.8528306313442,5574.9961727097125,3372.359063954996,676.1772586568667,660.9212643259305,2035.260540972199,1091.753725598381,2280.605338356615,33.118995188118426,6,1,0,0,4,32.804693640363276,30.74007356462711,35.303970574149155,1.0,0.32599264353728885,0.0,0.6740073564627111,1,0,0.0,0.6740073564627111,0.0,0.32599264353728885,0.0,0.32599264353728885,1.0,0.0,0.32599264353728885,0.0,13,3,2023,7,8,1,0,0,0,1,0,1,GRAVE_MORTALIDAD,2
3,1,12,0,4,1,-7.964527132119624,-78.24108944687116,0,4,7,1,1,2,2,0,9745.262448105337,2.0,2,0,1.0,9,32,3681.3356280228354,0.4165939304692217,76.5286132170807,41.723346436862315,6.073357260649157,632.3153981212777,13178.873337230676,8931.828000000005,1335.5899999999997,1935.9830000000004,5660.255000000005,1219.309,7712.519000000005,13.651281686122925,4,1,0,0,2,33.88703315199304,33.88703315199304,33.88703315199304,1.0,0.0,0.0,0.0,1,0,0.0,0.05648342400348205,0.0,0.943516575996518,0.0,0.0,1.0,0.0,0.0,0.0,11,2,2023,11,4,2,0,0,0,1,0,1,GRAVE_MORTALIDAD,2
5,1,5,0,4,1,-7.317534248930615,-78.72879812225284,2,4,0,0,2,1,1,0,794.0256560347659,2.0,2,0,0.32714496219030886,8,27,195.37130226858147,0.35172052846107454,71.53872087369786,38.12015128887472,5.488087667837287,492.93066365032576,7624.962087316699,15935.565011852366,1733.9250000199986,935.692,13265.948011832368,2000.1670000199988,13935.398011832369,12.551591352627522,3,1,0,0,2,34.524334130377106,30.271449621903088,38.77721863885112,1.0,0.0,0.0,0.0,1,0,0.0,0.32714496219030886,0.0,1.0,0.0,0.32714496219030886,1.0,0.0,0.0,0.0,2,0,2022,4,23,3,0,1,2,1,0,1,GRAVE_MORTALIDAD,2
6,1,12,0,4,1,-8.000059038786633,-79.1768050767653,0,4,1,1,1,2,2,2,6543.555,2.156963053072297,3,3,1.0,11,32,1241.478765701026,0.6101888261885224,78.68840632677723,71.1763140583973,9.222675762041508,1062.0536297824576,19707.035235363684,8931.828000000005,1335.5899999999997,1935.9830000000004,5660.255000000005,1219.309,7712.519000000005,13.651281686122925,5,1,0,0,4,36.68607389385541,33.31392610614459,39.21518473463851,0.15696305307229674,0.0,0.0,0.0,1,0,0.0,0.0,0.0,1.0,0.0,0.8430369469277033,0.15696305307229674,0.8430369469277033,0.8430369469277033,0.8430369469277033,18,2,2021,5,25,6,1,0,0,1,0,1,GRAVE_MORTALIDAD,2
4,1,11,0,4,1,-11.784335256725042,-75.67842984049614,0,4,2,0,2,0,1,2,7586.903,2.0,2,0,1.0,9,5,1198.0,0.4545643050211295,68.73444804749025,55.05670880126828,7.076811092931955,737.237129067086,1424.8051391862955,12264.545,1826.4639999999995,1105.5389999999998,9332.542,1588.5359999999996,10676.009,12.952261987705208,3,1,0,0,2,41.53240800958842,38.22592640767074,44.838889611506104,1.0,0.0,0.0,0.6011784730759426,1,0,0.0,0.6011784730759426,0.0,1.0,0.0,1.0,0.6011784730759426,0.0,0.0,0.0,9,1,2022,10,16,2,0,0,2,1,0,1,GRAVE_MORTALIDAD,2