CLASE SINIESTRO,CANTIDAD DE VEHICULOS DAÑADOS,DEPARTAMENTO,ZONA,TIPO DE VÍA,RED VIAL,COORDENADAS LATITUD,COORDENADAS  LONGITUD,CONDICIÓN CLIMÁTICA,ZONIFICACIÓN,CARACTERÍSTICAS DE VÍA,PERFIL LONGITUDINAL VÍA,SUPERFICIE DE CALZADA,¿EXISTE SEÑAL VERTICAL?,¿EXISTE SEÑAL HORIZONTAL?,CAUSA FACTOR PRINCIPAL,MTC_RVN_LONGITUD_KM,MTC_RVN_N_CARRILES_MEDIANA,MTC_RVN_SUPERFICIE_DOMINANTE,MTC_RVN_ESTADO_DOMINANTE,MTC_RVN_ES_CONCESIONADA,MTC_RVN_CONCESION_PRINCIPAL,MTC_RVN_CORREDOR_LOGISTICO,MTC_RVN_N_TRAMOS,IDH_2019,IDH_ESP_VIDA_2019,IDH_EDUC_SECUND_PCT_2019,IDH_ANIOS_EDUC_2019,IDH_INGRESO_PERCAP_2019,IDH_POBLACION_2019,MTC_DEP_RED_TOTAL_KM,MTC_DEP_NACIONAL_TOTAL_KM,MTC_DEP_DEPARTAMENTAL_TOTAL_KM,MTC_DEP_VECINAL_TOTAL_KM,MTC_DEP_PAV_TOTAL_KM,MTC_DEP_NO_PAV_TOTAL_KM,MTC_DEP_PCT_PAVIMENTADA,PER_TOTAL_PERSONAS,PER_N_CONDUCTORES,PER_N_CONDUCTORES_FUGADOS,PER_N_PEATONES,PER_N_PASAJEROS_OCUPANTES,PER_EDAD_COND_PROM,PER_EDAD_COND_MIN,PER_EDAD_COND_MAX,PER_ANY_COND_MASCULINO,PER_ANY_LIC_PROBLEMA,PER_ANY_DOSAJE_POS,PER_ANY_DOSAJE_EVALUADO,VEH_TOTAL,VEH_N_FUGADOS,VEH_ANY_FUGADO,VEH_ANY_CARGA,VEH_ANY_PUBLICO,VEH_ANY_PARTICULAR,VEH_ANY_MOTO,VEH_ANY_AUTO,VEH_ANY_CAMION_BUS,VEH_ANY_SOAT_PROBLEMA,VEH_ANY_CITV_PROBLEMA,VEH_ANY_SEGURO_PROBLEMA,HORA_NUM,FRANJA_HORARIA,ANIO,MES,DIA_MES,DIA_SEMANA,ES_FIN_SEMANA,ES_QUINCENA,REGION_NATURAL,TIENE_SEÑALIZACION,ES_VIA_MULTICARRIL,ES_DEPTO_BAJO_PAVIMENTO,CATEGORIA_SEVERIDAD,CATEGORIA_SEVERIDAD_ENC
6,1,10,0,4,1,-10.153225009655888,-76.89270880815664,0,4,7,1,2,2,2,3,1027.4112724284553,1.522126493432177,1,1,0.5221264934321769,8,22,181.23849611652992,0.27962343522013977,71.85145327173966,51.47491018954197,4.8705324402201455,242.79244291389594,6000.368180993251,8730.929022091876,1388.0619446416663,1970.6445990518841,5372.222478398326,1534.8345401815366,7196.094481910339,17.68058095466285,11,1,0,0,10,47.7876444146183,47.7876444146183,47.7876444146183,1.0,0.0,0.0,0.0,1,0,0.0,0.0,0.5221264934321769,0.4778735065678231,0.0,0.4778735065678231,0.5221264934321769,0.5221264934321769,0.0,0.5221264934321769,10,1,2023,4,25,6,1,1,0,1,0,1,GRAVE_MORTALIDAD,2
2,1,9,1,4,1,-12.56557090270911,-75.43777383953996,2,4,6,1,3,2,2,0,6962.502769264336,2.5984582619947174,2,0,1.0,3,19,1363.7729385725368,0.6413779184448031,76.18991665065683,74.827368457356,9.843699747628218,1223.0903594412123,56171.88202592803,7920.505766683475,1522.4040370633059,1478.2245584447417,4919.877171175427,1661.408960068285,6259.09680661519,21.12404631942027,3,1,0,1,0,35.56762350188907,35.56762350188907,35.56762350188907,1.0,0.0,0.0,0.0,1,0,0.0,0.5984582619947175,0.0,0.0,0.0,0.4015417380052825,0.5984582619947175,0.0,0.0,0.0,10,2,2023,4,18,3,0,1,0,1,0,1,GRAVE_MORTALIDAD,2
3,1,1,0,8,2,-9.44640180818996,-77.48030619518686,0,4,3,0,5,2,2,0,6543.555,2.300488758632639,3,2,1.0,9,32,1281.235386141241,0.5532778101300511,76.61713055942609,60.964075494730146,8.06987897168413,974.7205034026343,16357.908076053216,10767.648,1885.0630000000003,1222.721,7659.864000000001,2100.343,8667.305000000002,19.506051832303577,3,2,0,0,1,36.93851417213298,34.78826979281666,39.0887585514493,1.0,0.3004887586326389,0.0,1.0,2,0,0.0,0.3004887586326389,0.0,0.6995112413673611,0.3004887586326389,0.0,1.0,0.0,1.0,0.6995112413673611,12,2,2024,4,17,1,0,0,0,1,0,1,GRAVE_MORTALIDAD,2
4,1,14,2,2,4,-12.001873010242035,-77.06776141815908,0,0,1,1,2,1,0,0,6543.555,2.0,4,4,1.0,14,33,1198.0,0.7339425952448193,80.18256375957617,77.85207627750047,10.883554770859941,1536.9817283046145,820249.1734409567,7626.313,1683.4029999999998,1599.0829999999996,4343.827000000001,1814.875,5811.438000000001,23.797541485643197,7,1,0,1,4,34.442424208152666,31.229370605644153,36.85221441003405,1.0,0.0,0.0,0.0,1,0,0.0,0.0,1.0,0.0,0.1967365993728718,0.0,0.8032634006271282,0.0,1.0,0.0,10,1,2024,2,17,1,0,0,0,1,0,1,GRAVE_MORTALIDAD,2
3,2,18,0,4,1,-6.045650995675437,-78.07461577002499,0,4,7,1,2,2,2,1,7427.910985543882,2.2720025737309895,2,0,1.0,6,22,1954.0223064850088,0.4542247925389619,74.04827646623849,53.09947544295139,5.90620927436971,765.9479653246286,47919.771285515824,5050.689335252478,733.4714198446708,890.3422507569512,3426.8756646508555,929.0713300121329,4121.618005240344,18.5987070280685,3,2,0,0,1,29.308036032233854,21.72799742626901,36.8880746381987,1.0,0.2720025737309897,0.0,0.0,2,0,0.0,0.2720025737309897,0.0,1.0,1.0,0.0,0.2720025737309897,0.7279974262690103,0.7279974262690103,0.7279974262690103,17,2,2024,7,5,4,0,0,0,1,0,1,GRAVE_MORTALIDAD,2
6,1,9,0,4,0,-11.617331957286446,-75.5344177220192,0,4,1,0,1,1,0,0,6543.555,2.0,4,4,1.0,14,33,1198.0,0.41570900337063327,72.83429241970678,51.46531212215236,6.226773347606947,622.1754320848893,24213.72583243841,8627.901138499828,1414.971356828234,1988.42025540124,5224.509526270354,1696.64685482162,6931.254283678208,19.746943762075908,7,1,0,0,6,28.060603970726127,28.060603970726127,28.060603970726127,1.0,0.27705657561055297,0.0,0.0,1,0,0.0,0.27705657561055297,0.722943424389447,0.0,0.0,0.0,1.0,0.0,0.722943424389447,0.0,11,2,2024,2,27,2,0,1,1,1,0,1,GRAVE_MORTALIDAD,2
3,1,7,0,4,0,-14.121023667053631,-71.26843623266339,0,4,0,1,1,1,1,2,7371.767689753244,2.0,2,0,1.0,10,10,1198.0,0.33209263721531257,73.01754079338521,59.88573058792137,5.384335461404191,330.56184244778046,9949.755946597123,17779.13499998999,2097.3709999899997,2863.123,12818.640999999989,2878.713,14900.421999989989,16.19152450331032,7,1,0,0,5,40.984507301861996,35.03098539627601,46.938029207447975,1.0,0.0,0.0,0.7938029207447977,1,0,0.0,0.7938029207447977,0.0,1.0,0.0,1.0,0.7938029207447977,0.0,0.0,0.0,14,2,2022,7,16,1,0,1,2,1,0,1,GRAVE_MORTALIDAD,2
3,1,13,0,4,1,-7.286291940767605,-78.97304162529134,0,4,7,1,2,2,2,0,519.3334112166646,2.0,2,0,1.0,6,26,79.51198872157697,0.4597603423224987,77.82322869450222,49.291518313263985,6.526060091941601,710.3584481673503,13033.864631059801,8940.327526449988,1447.2301728863022,1611.426166993599,5881.671186570087,1467.9624984569602,7472.365027993028,16.411681587678565,4,1,0,0,2,32.87419587843081,26.248684164704965,39.24985379607833,1.0,0.0,0.0,0.24985379607832958,1,0,0.0,0.7501462039216704,0.7501462039216704,0.24985379607832958,0.24985379607832958,0.0,0.7501462039216704,0.24985379607832958,0.7501462039216704,0.24985379607832958,16,1,2022,3,4,0,0,0,0,1,0,1,GRAVE_MORTALIDAD,2
4,1,12,0,4,1,-7.472888754151457,-79.46135313758754,0,4,8,0,2,2,2,2,6543.555,3.0,2,0,1.0,0,30,1475.0,0.6138517538553948,80.84826225715301,64.49339622566798,9.143362084626023,1095.689060330069,16852.97430406852,8931.828000000005,1335.5899999999997,1935.9830000000004,5660.255000000005,1219.309,7712.519000000005,13.651281686122925,21,1,0,0,20,38.64477186195951,38.64477186195951,38.64477186195951,1.0,0.0,0.0,0.0,1,0,0.33646116257721226,0.0,0.6635388374227877,0.33646116257721226,0.0,0.0,1.0,0.0,0.0,0.33646116257721226,6,0,2022,9,21,2,0,1,0,1,1,1,GRAVE_MORTALIDAD,2
4,1,13,2,3,2,-10.531030299697198,-77.81664805544641,0,1,5,0,2,2,2,0,6600.36145790831,2.0,2,1,1.0,11,31,1444.2673657506034,0.7405905664922309,79.72347949654376,76.96670250046843,11.605765552525641,1545.7552024335732,332668.36770473415,8162.6755119667505,1540.5062470904654,1737.4962164560327,4884.673048420253,1570.190507058909,6592.485004907842,19.629015353704514,3,2,0,0,0,38.76746913218136,36.41084362260621,41.124094641756514,1.0,0.41084362260621177,0.0,0.0,2,0,0.0,0.0,0.0,1.0,0.41084362260621177,0.5891563773937882,0.0,0.41084362260621177,0.0,1.0,8,1,2022,9,22,4,0,1,0,1,0,1,GRAVE_MORTALIDAD,2
7,1,5,0,4,1,-11.905385997900058,-74.91505338823868,4,4,2,0,6,2,2,2,6543.555,2.0,4,4,1.0,14,33,1198.0,0.31358115157400557,70.69212180450646,56.61242323904926,5.19442414018939,316.99542372520926,1692.2496554259276,8277.181267554484,1310.290192320246,1021.9692241730269,5944.92185106121,1229.2785467183367,7047.902720836147,14.832427293194836,4,1,0,0,3,39.001354489245045,39.001354489245045,39.001354489245045,1.0,0.0,0.0,0.0,1,0,0.0,0.0,0.5455776808404589,0.4544223191595411,0.0,0.0,1.0,0.0,0.0,0.0,12,0,2022,3,18,2,0,0,2,1,0,1,GRAVE_MORTALIDAD,2
8,1,14,0,4,1,-11.069291341131821,-76.89106634816861,1,4,5,0,3,1,0,0,845.7263208885307,-1.0,0,0,0.7451448098278204,9,19,223.18466640201183,0.5189379051354056,78.38835097084045,69.7923846119284,8.020410968557385,742.8708905998416,712.0439821670491,7626.313,1683.4029999999998,1599.0829999999996,4343.827000000001,1814.875,5811.438000000001,23.797541485643197,5,1,0,0,4,51.961158478622565,51.961158478622565,51.961158478622565,1.0,0.0,0.0,0.7451448098278204,1,0,0.0,0.2548551901721796,0.0,0.7451448098278204,0.0,0.0,1.0,0.0,0.0,0.0,6,1,2021,4,8,1,0,0,0,1,0,1,GRAVE_MORTALIDAD,2
6,1,12,1,4,2,-7.714065075391602,-77.6044850481745,0,4,7,1,7,2,2,1,6543.555,2.0,4,4,1.0,14,33,1198.0,0.38577853068424356,77.36194232310744,39.900131178978064,5.228855716028446,580.759051377301,1444.6676581369231,8931.828000000005,1335.5899999999997,1935.9830000000004,5660.255000000005,1219.309,7712.519000000005,13.651281686122925,4,1,0,0,3,59.86432699663808,59.86432699663808,59.86432699663808,1.0,0.0,0.0,0.0,1,0,0.0,0.0,0.0,1.0,0.0,0.2135673003361923,0.7864326996638077,0.0,0.7864326996638077,0.0,19,2,2021,9,2,3,0,0,0,1,0,1,GRAVE_MORTALIDAD,2
3,1,7,0,4,2,-14.572761190038726,-71.385156664223,0,4,5,0,1,1,1,2,6543.555,2.0,4,4,1.0,14,33,1198.0,0.28707064766071017,60.149952112441426,66.42892689021043,5.469554982357124,275.3362814942602,5055.896457501434,17779.13499998999,2097.3709999899997,2863.123,12818.640999999989,2878.713,14900.421999989989,16.19152450331032,3,1,0,0,1,27.77214334014527,25.298824059767355,30.245462620523185,1.0,0.0,0.010672287848834117,1.0,1,0,0.0,0.9893277121511659,0.0,1.0,0.0,1.0,0.9893277121511659,0.0,0.0,0.0,6,1,2022,6,18,5,1,1,2,1,0,1,GRAVE_MORTALIDAD,2
9,1,5,0,4,2,-6.672146827856303,-78.39987519146786,0,4,1,0,1,2,2,0,6543.555,2.0,4,4,1.0,14,33,1198.0,0.18614322338685196,71.42964380164975,30.95172911439049,3.4676734863570005,159.69145371020892,3874.781110801555,15935.565011852366,1733.9250000199986,935.692,13265.948011832368,2000.1670000199988,13935.398011832369,12.551591352627522,3,1,0,0,2,36.20147702034874,36.20147702034874,36.20147702034874,1.0,0.77655747178522,0.0,0.22344252821477995,1,0,0.0,1.0,0.0,0.0,0.0,0.0,1.0,0.77655747178522,1.0,0.77655747178522,15,2,2021,10,28,3,0,1,2,1,0,1,GRAVE_MORTALIDAD,2
6,1,10,0,4,1,-13.359742634901485,-76.21812779961307,0,4,7,1,2,1,1,4,6639.975,2.0,2,0,1.0,9,31,1616.0,0.5736744275518083,81.67473861808857,68.1608574885675,9.138785887908334,865.1176766860625,26660.92933618844,3721.461,698.1859999999996,744.866,2278.409,1102.9029999999996,2618.558,29.636290693359403,6,1,0,0,5,55.73247400082011,55.28659733552029,56.178350666119925,1.0,0.0,0.0,0.17835066611992756,1,0,0.0,0.17835066611992756,0.0,0.0,0.0,0.8216493338800724,0.17835066611992756,0.0,0.0,0.0,1,0,2022,4,8,1,0,0,0,1,0,1,GRAVE_MORTALIDAD,2
2,1,14,2,2,4,-12.001625361565559,-76.99961872027592,0,0,1,1,2,0,1,0,6543.555,2.0,4,4,1.0,14,33,1198.0,0.701053025277506,79.62867561460851,73.1469484600971,10.064317505194426,1464.6926161541437,1150285.0494171206,7626.313,1683.4029999999998,1599.0829999999996,4343.827000000001,1814.875,5811.438000000001,23.797541485643197,2,1,0,0,0,38.57805747181996,31.524158695132883,45.63195624850704,1.0,0.0,0.0,0.0,1,0,0.0,0.0,1.0,0.9405198368916105,1.0,0.0,0.9405198368916105,0.9405198368916105,1.0,0.9405198368916105,6,1,2024,3,20,5,1,0,0,1,0,1,GRAVE_MORTALIDAD,2
3,1,14,0,4,1,-10.63484506101761,-77.83845172887813,1,4,7,1,2,1,1,0,6543.555,3.0,2,0,1.0,0,30,1475.0,0.6199159932700457,82.60855339192906,70.71425101774395,8.490210141967005,1096.705149564988,20243.756490305266,7626.313,1683.4029999999998,1599.0829999999996,4343.827000000001,1814.875,5811.438000000001,23.797541485643197,3,2,0,0,1,38.558202211940845,29.77818495568321,47.33821946819849,1.0,0.0,0.6109075221583965,1.0,2,0,0.0,1.0,1.0,0.0,0.0,0.3890924778416035,1.0,0.0,0.6109075221583965,0.0,11,0,2021,6,1,2,0,0,0,1,1,1,GRAVE_MORTALIDAD,2
6,1,12,0,4,1,-9.745484725857834,-76.6229580858203,0,4,0,0,1,2,2,0,6543.555,2.0,4,4,1.0,14,33,1198.0,0.3625831394841832,70.1917472565554,52.15881087762066,5.653100641840475,544.8830381128864,37317.96409611858,9478.855515059133,1673.800088671772,1057.8429513072804,6747.21247508008,2468.693997410564,7010.161517648569,25.934332312151156,7,1,0,0,6,35.94869145803075,35.94869145803075,35.94869145803075,1.0,0.6217932161269221,0.0,0.0,1,0,0.0,0.0,0.37820678387307793,0.6217932161269221,0.0,0.0,1.0,0.0,0.0,0.0,6,0,2022,4,13,0,0,0,0,1,0,1,GRAVE_MORTALIDAD,2
0,1,10,1,4,1,-14.278568378284158,-75.6807266854887,1,3,7,1,2,1,1,0,6639.975,2.0,2,0,1.0,9,31,1616.0,0.6261042306271147,80.48505954362174,76.55712631348362,9.341715591523595,1061.002261282891,31419.372591006424,3721.461,698.1859999999996,744.866,2278.409,1102.9029999999996,2618.558,29.636290693359403,3,1,0,1,0,31.461765137345306,31.15260862013708,31.77092165455353,1.0,0.0,0.0,1.0,1,0,0.0,0.20610434480548323,0.0,0.7938956551945168,0.0,0.7938956551945168,0.20610434480548323,0.0,0.0,0.0,19,2,2023,8,23,3,0,0,0,1,0,1,GRAVE_MORTALIDAD,2
3,2,7,0,4,1,-13.62298388858364,-71.26356174604177,0,3,6,1,2,1,1,2,3263.58,2.0,2,0,1.0,5,18,566.0,0.2701433460922377,67.03086854576458,59.596346222865,3.690268129191559,281.2948228692088,16118.58886509636,17779.13499998999,2097.3709999899997,2863.123,12818.640999999989,2878.713,14900.421999989989,16.19152450331032,5,2,0,0,3,31.502341783214085,29.99531643357183,33.00936713285634,1.0,0.1255854458035215,0.0,0.0,2,0,0.0,0.0,0.0,1.0,0.1255854458035215,1.0,0.8744145541964785,0.0,0.8744145541964785,0.0,7,1,2024,9,4,3,0,0,2,1,0,1,GRAVE_MORTALIDAD,2
6,1,12,0,9,2,-8.25533032209427,-77.51526733101277,0,4,5,1,6,2,2,0,6543.555,2.0,4,4,1.0,14,33,1198.0,0.24812400750195004,79.35476776102055,35.74001843846468,4.238705358455463,223.4338736906347,6162.328928224227,8931.828000000005,1335.5899999999997,1935.9830000000004,5660.255000000005,1219.309,7712.519000000005,13.651281686122925,5,1,0,0,4,33.0,33.0,33.0,1.0,0.1489962332027509,0.0,0.0,1,0,0.0,0.1489962332027509,0.0,0.8510037667972491,0.0,0.0,1.0,0.0,0.0,0.0,4,0,2023,8,16,2,0,0,0,1,0,1,GRAVE_MORTALIDAD,2
0,1,14,2,4,1,-11.92576685667629,-77.05174582230931,0,0,7,1,2,1,0,0,6565.036966470431,2.777204247350852,2,0,1.0,2,30,1506.41420112353,0.6941188995957712,79.44861301803556,74.42892916462144,10.415480732528167,1395.6585270956084,378369.35746036854,7626.313,1683.4029999999998,1599.0829999999996,4343.827000000001,1814.875,5811.438000000001,23.797541485643197,3,1,0,2,0,28.222795752649148,27.108816989403408,29.336774515894888,1.0,0.22279575264914786,0.0,0.0,1,0,0.0,0.0,0.0,1.0,0.7772042473508521,0.22279575264914786,0.22279575264914786,0.0,1.0,0.0,2,0,2023,6,28,3,0,1,0,1,0,1,GRAVE_MORTALIDAD,2
7,1,6,0,4,0,-13.440099515785255,-74.95960558704225,1,4,5,0,3,2,2,0,6543.555,2.0,4,4,1.0,14,33,1198.0,0.39928853580375234,68.66564245597436,55.429955652845024,7.479061004107917,504.6857712195448,724.5933367078874,8470.407642467113,1401.553091744294,1817.3761847092214,5251.478366013597,1759.3406351840424,6711.06700728307,20.75293802312302,2,1,0,0,1,35.92379108503135,35.92379108503135,35.92379108503135,1.0,0.0,0.0,0.0,1,0,0.0,0.0,0.0,1.0,0.0,0.730947771257837,0.26905222874216295,0.0,0.0,0.0,13,1,2021,3,16,2,0,0,2,1,0,1,GRAVE_MORTALIDAD,2
3,2,10,1,4,1,-13.996698268448048,-75.77027387936474,0,4,7,1,2,2,2,1,6639.975,2.0,2,0,1.0,9,31,1616.0,0.6053164595604621,78.88848309050202,67.63954639531094,9.133324993872453,1064.9426147896202,27932.19700214133,3721.461,698.1859999999996,744.866,2278.409,1102.9029999999996,2618.558,29.636290693359403,3,2,0,0,1,34.376220712863365,31.623779287136635,37.1286621385901,1.0,0.0,0.0,0.8118896435683167,2,0,0.0,0.8118896435683167,0.18811035643168328,1.0,0.18811035643168328,0.8118896435683167,1.0,0.0,0.0,0.0,10,2,2021,2,8,4,0,0,0,1,0,1,GRAVE_MORTALIDAD,2
6,1,8,0,4,3,-12.993799357571147,-74.71591300048345,0,4,5,0,3,2,2,0,6543.555,2.0,4,4,1.0,14,33,1198.0,0.3648777342527826,72.61386206398959,50.19709555656983,5.638488277525374,444.6393044914551,24733.083511777302,8511.426,1445.3929999999996,2008.516,5057.516999999999,1879.579,6631.846999999998,22.08300935706896,2,1,0,0,1,40.73217219274966,38.59825828912449,42.332607620468536,1.0,0.0,0.0,0.0,1,0,0.0,0.0,0.0,1.0,0.0,1.0,0.0,0.0,0.4665215240937073,0.0,10,0,2022,7,11,1,0,0,2,1,0,1,GRAVE_MORTALIDAD,2
6,1,8,0,4,1,-12.403297424876367,-75.03283957435926,0,4,6,1,2,1,0,0,7586.903,2.0,2,0,1.0,9,5,1198.0,0.31539191377407105,73.03963108747844,47.76467230311762,4.706280095374245,344.93977750837234,3290.568625784751,8511.426,1445.3929999999996,2008.516,5057.516999999999,1879.579,6631.846999999998,22.08300935706896,5,1,0,0,4,47.36929630382463,47.36929630382463,47.36929630382463,1.0,0.9472433851679092,0.0,0.0,1,0,0.0,0.0,0.0,1.0,0.0,1.0,0.0,0.0,0.0,0.0,9,1,2024,1,9,2,0,0,2,1,0,1,GRAVE_MORTALIDAD,2
3,1,17,2,4,4,-14.089081048482536,-73.23844570947216,2,0,1,0,2,2,2,2,6543.555,2.0,4,4,1.0,14,33,1198.0,0.6859540847038538,74.49114202950229,78.9222161414193,11.215085342352097,1380.5343613543423,150235.21877687454,10893.368879012134,1866.6187985767285,2009.1126324059255,7017.63744802948,2629.019785826093,8264.34909318604,24.066306816412514,3,1,0,2,0,42.88755035091576,42.88755035091576,42.88755035091576,1.0,0.45693884989824896,0.0,0.0,1,0,0.0,0.0,0.543061150101751,0.45693884989824896,0.0,0.0,1.0,0.543061150101751,0.543061150101751,0.543061150101751,12,1,2024,2,11,3,0,0,1,1,0,1,GRAVE_MORTALIDAD,2
5,1,1,0,4,1,-9.69765958134654,-77.02893039689118,4,4,0,0,6,1,1,2,6549.132133639969,2.0,3,3,1.0,13,32,1222.1779906814627,0.48128952035931694,75.67674994768848,51.092590830137524,8.033286409431879,724.149898452964,9871.938203084053,10741.886524455149,1862.5145943220514,1253.204818882687,7626.167111250414,2145.8214534193335,8596.065071035819,19.995319119504284,10,1,0,0,9,41.421579170299935,41.421579170299935,41.421579170299935,1.0,0.0,0.0,0.9421579170299933,1,0,0.0,1.0,0.0,0.0578420829700067,0.9421579170299933,0.0578420829700067,0.0578420829700067,0.0,1.0,0.0,14,2,2021,4,23,4,0,1,0,1,0,1,GRAVE_MORTALIDAD,2
5,1,11,0,4,1,-13.960755259259399,-75.53230607770129,0,4,7,1,2,1,1,2,398.58779395871693,-0.6635780492066581,2,0,1.0,12,31,57.38916579996106,0.5892431428065499,79.32449185277736,65.1013979414464,9.275280037909146,989.9036944132313,5403.9786878967025,3601.370811178956,690.615048278696,715.9892218536535,2194.7665410466066,1099.0676776203052,2502.3031335586506,30.834332288664655,3,1,0,0,2,33.588817615697025,32.878593497355524,34.44856260105779,1.0,0.1121406502644473,0.0,0.8878593497355527,1,0,0.0,0.8878593497355527,0.0,0.1121406502644473,0.0,0.1121406502644473,1.0,0.0,0.1121406502644473,0.0,13,3,2023,7,8,1,0,0,0,1,0,1,GRAVE_MORTALIDAD,2
0,1,10,1,7,3,-12.217989626553177,-75.09107200350198,0,4,0,0,6,2,2,3,6650.2522330497795,2.0,3,3,1.0,13,30,1198.0,0.49671832626453677,71.68583679133255,71.08285933928752,8.578060838219013,702.0384073244677,26184.16445144668,12306.901638017634,1824.2765670294714,1173.902160525167,9308.722910462995,1680.2505955051722,10626.651042512462,13.63236506093772,3,1,0,1,0,28.0,28.0,28.0,1.0,0.0,0.0,0.897735719002884,1,0,0.0,1.0,0.10226428099711604,0.0,0.0,0.10226428099711604,1.0,0.0,0.0,0.0,12,3,2022,7,14,0,0,0,2,1,0,1,GRAVE_MORTALIDAD,2
5,1,3,0,4,1,-15.728293852126395,-71.0369762324797,0,4,5,1,2,2,2,0,568.5409999999999,1.0,2,3,0.0,9,3,93.0,0.4498224071382834,81.63336343193146,58.84842497065013,5.774685730039019,620.6584683449911,1358.612419700214,10322.272,1495.236,1749.739,7077.2970000000005,2886.595,7435.677000000001,27.964725207783708,6,1,0,0,5,39.626660400001775,39.626660400001775,39.626660400001775,1.0,0.0,0.0,0.0,1,0,0.0,0.7441266857143702,0.0,0.25587331428562976,0.0,0.25587331428562976,0.7441266857143702,0.0,0.25587331428562976,0.0,3,0,2022,9,9,5,1,0,0,1,0,1,GRAVE_MORTALIDAD,2
6,1,4,0,4,1,-13.321069596309597,-73.73610029694105,4,4,6,1,5,2,2,0,7384.277375111793,2.1942071340417653,2,0,1.0,7,9,1251.795376129569,0.6136812183010533,74.71019966850521,77.55504263559014,10.347205237064072,1052.078307733982,57395.71379508784,8216.683589587228,1360.3187388083138,1356.5506284466944,5499.814222332219,1506.9074129736903,6709.776176613538,18.432511830648977,3,1,0,0,2,26.592831979772658,25.136278474459417,28.049385485085896,1.0,0.0,0.0,0.0,1,0,0.0,0.19420713404176526,0.0,0.19420713404176526,0.0,1.0,0.19420713404176526,0.0,0.0,0.0,5,0,2023,3,19,1,0,1,1,1,0,1,GRAVE_MORTALIDAD,2
6,1,12,0,4,0,-7.761381196995558,-77.64418053352861,0,4,7,1,7,2,2,1,6543.555,2.0,4,4,1.0,14,33,1198.0,0.4686292122960986,72.39347765706144,42.14285241633188,6.687776775372348,878.2652317159998,9440.374732334049,8931.828000000005,1335.5899999999997,1935.9830000000004,5660.255000000005,1219.309,7712.519000000005,13.651281686122925,4,1,0,0,3,41.52804644707794,41.52804644707794,41.52804644707794,1.0,0.0,0.0,0.0,1,0,0.0,0.0,0.0,1.0,0.0,0.0,1.0,0.0,0.7286118117632352,0.0,5,0,2024,8,17,1,0,0,0,1,0,1,GRAVE_MORTALIDAD,2
4,1,7,0,4,1,-12.152089689332577,-74.45373689661344,0,4,6,0,2,1,1,2,6134.079647070097,2.0,3,2,0.4716085707410923,11,32,757.8499394273299,0.4560791097466051,73.6413935522848,62.99926806584691,7.819675002106173,609.1410785577589,27542.24807535924,12459.879610698114,1816.3762926718482,1420.806971497566,9222.696346528699,2011.4929589748708,10448.386651723242,16.088669296263465,3,1,0,0,1,48.432171414821845,41.56308283445605,55.30125999518765,1.0,0.5283914292589077,0.0,1.0,1,0,0.0,0.0,0.0,0.5283914292589077,0.5283914292589077,0.5283914292589077,0.4716085707410923,0.0,1.0,0.0,18,2,2021,5,19,4,0,0,2,1,0,1,GRAVE_MORTALIDAD,2
6,1,6,0,4,0,-13.035536267059504,-74.24447829905785,1,4,2,0,2,1,0,0,6845.095153249749,2.0,3,2,1.0,12,24,1198.0,0.18116816949168746,74.30266390462893,55.30914630478528,3.410073059263769,121.5776769117984,7612.9517480309405,8467.364666615846,1398.300797157975,1803.1963423866882,5265.867527071181,1750.420667088354,6716.94399952749,20.654265740928004,3,1,0,0,2,47.06371059512839,47.06371059512839,47.06371059512839,1.0,1.0,0.0,0.0,1,0,0.0,0.0,0.0,1.0,0.0,1.0,0.0,0.28901205853631706,0.28901205853631706,0.28901205853631706,7,0,2024,8,24,3,0,1,2,1,0,1,GRAVE_MORTALIDAD,2
3,2,19,0,4,1,-15.754666478433407,-70.00055429271731,2,4,6,1,3,0,1,1,2513.780415617899,2.0,2,0,1.0,7,25,468.9541775660586,0.544426961952246,75.30733190282919,62.108807395267846,7.220100126545955,1011.7272519745985,5438.363095419307,2404.6292997506807,529.14816804202,422.6726270370921,1452.808504671568,816.306706989476,1588.322592761204,32.9893712566795,10,2,0,0,8,37.21164999153132,28.39041488821148,46.78082977642296,1.0,1.0,0.0,0.0,2,0,0.0,0.4390414888211479,0.0,0.5609585111788521,0.0,1.0,1.0,0.0,0.5609585111788521,0.0,12,2,2021,7,17,1,0,0,0,1,0,1,GRAVE_MORTALIDAD,2