CLASE SINIESTRO,CANTIDAD DE VEHICULOS DAÑADOS,DEPARTAMENTO,ZONA,TIPO DE VÍA,RED VIAL,COORDENADAS LATITUD,COORDENADAS  LONGITUD,CONDICIÓN CLIMÁTICA,ZONIFICACIÓN,CARACTERÍSTICAS DE VÍA,PERFIL LONGITUDINAL VÍA,SUPERFICIE DE CALZADA,¿EXISTE SEÑAL VERTICAL?,¿EXISTE SEÑAL HORIZONTAL?,CAUSA FACTOR PRINCIPAL,MTC_RVN_LONGITUD_KM,MTC_RVN_N_CARRILES_MEDIANA,MTC_RVN_SUPERFICIE_DOMINANTE,MTC_RVN_ESTADO_DOMINANTE,MTC_RVN_ES_CONCESIONADA,MTC_RVN_CONCESION_PRINCIPAL,MTC_RVN_CORREDOR_LOGISTICO,MTC_RVN_N_TRAMOS,IDH_2019,IDH_ESP_VIDA_2019,IDH_EDUC_SECUND_PCT_2019,IDH_ANIOS_EDUC_2019,IDH_INGRESO_PERCAP_2019,IDH_POBLACION_2019,MTC_DEP_RED_TOTAL_KM,MTC_DEP_NACIONAL_TOTAL_KM,MTC_DEP_DEPARTAMENTAL_TOTAL_KM,MTC_DEP_VECINAL_TOTAL_KM,MTC_DEP_PAV_TOTAL_KM,MTC_DEP_NO_PAV_TOTAL_KM,MTC_DEP_PCT_PAVIMENTADA,PER_TOTAL_PERSONAS,PER_N_CONDUCTORES,PER_N_CONDUCTORES_FUGADOS,PER_N_PEATONES,PER_N_PASAJEROS_OCUPANTES,PER_EDAD_COND_PROM,PER_EDAD_COND_MIN,PER_EDAD_COND_MAX,PER_ANY_COND_MASCULINO,PER_ANY_LIC_PROBLEMA,PER_ANY_DOSAJE_POS,PER_ANY_DOSAJE_EVALUADO,VEH_TOTAL,VEH_N_FUGADOS,VEH_ANY_FUGADO,VEH_ANY_CARGA,VEH_ANY_PUBLICO,VEH_ANY_PARTICULAR,VEH_ANY_MOTO,VEH_ANY_AUTO,VEH_ANY_CAMION_BUS,VEH_ANY_SOAT_PROBLEMA,VEH_ANY_CITV_PROBLEMA,VEH_ANY_SEGURO_PROBLEMA,HORA_NUM,FRANJA_HORARIA,ANIO,MES,DIA_MES,DIA_SEMANA,ES_FIN_SEMANA,ES_QUINCENA,REGION_NATURAL,TIENE_SEÑALIZACION,ES_VIA_MULTICARRIL,ES_DEPTO_BAJO_PAVIMENTO,CATEGORIA_SEVERIDAD,CATEGORIA_SEVERIDAD_ENC
6,1,12,0,4,1,-8.5990034750047,-78.52166604766823,0,4,7,1,1,2,2,2,6543.555,2.887203081133423,2,0,1.0,1,30,1443.7552534739582,0.48474928064531103,76.9972416771827,51.73230120007039,6.211144916892494,844.829733721208,9793.802623551726,8931.828000000005,1335.5899999999997,1935.9830000000004,5660.255000000005,1219.309,7712.519000000005,13.651281686122925,3,1,0,0,2,27.548812324533692,27.548812324533692,27.548812324533692,1.0,0.0,0.0,0.0,1,0,0.0,0.11279691886657695,0.0,0.887203081133423,0.0,0.887203081133423,0.11279691886657695,0.0,0.887203081133423,0.0,14,3,2022,7,10,1,0,0,0,1,0,1,GRAVE_MORTALIDAD,2
5,1,3,0,4,0,-15.883407256323476,-71.74150471095835,0,4,2,0,2,0,1,0,6571.913814683789,2.0,3,2,1.0,12,32,1320.9411381230404,0.5658141364470445,80.53738347110833,59.036677580242284,7.339377631780679,1051.0838933780858,2258.312585749537,10322.272,1495.236,1749.739,7077.2970000000005,2886.595,7435.677000000001,27.964725207783708,2,1,0,0,1,40.529412223408606,39.35294200213549,41.41176488936344,0.7058824446817216,0.0,0.0,0.0,1,0,0.0,0.29411755531827843,0.0,1.0,0.0,1.0,0.29411755531827843,0.0,0.0,0.0,5,0,2023,7,13,4,0,0,0,1,0,1,GRAVE_MORTALIDAD,2
3,1,13,1,4,1,-11.81680233868648,-77.11241121958473,0,0,7,1,2,2,2,0,6631.455202464278,2.0883613102646965,2,0,1.0,8,30,1603.5410552526778,0.6802220997003007,78.62468444309212,71.17502807782425,9.807477487521153,1417.7257531295759,95996.43812508191,7258.1448207022895,1580.166858404034,1518.7312007042465,4159.2467615940095,1716.6596364145844,5541.485184287706,23.49114451608419,3,2,0,0,1,36.60237410380886,34.11638689735304,39.088361310264695,1.0,0.0,0.0,0.0,2,0,0.0,1.0,0.0,1.0,0.9116386897353035,0.08836131026469651,1.0,0.0,0.0,0.0,17,3,2022,10,18,0,0,0,0,1,0,1,GRAVE_MORTALIDAD,2
2,1,20,0,4,1,-15.627891908230154,-70.32150132581737,0,4,7,0,2,2,2,2,1504.4250000000002,2.0,2,0,1.0,7,25,241.0,0.4008033739449771,73.429885928153,72.6988990320851,7.188442090369292,421.124250310549,4661.216053094027,13642.312999999998,2020.7790000000005,2354.117,9267.416999999998,3314.0520000000006,10328.260999999997,24.29244952817019,4,1,0,0,2,41.24115073464002,36.26242364203079,45.87236255565542,0.6524847284061576,0.0,0.0,0.0,1,0,0.34751527159384243,0.0,0.0,0.6524847284061576,0.0,0.6524847284061576,0.6524847284061576,0.6524847284061576,0.0,1.0,11,1,2022,5,4,2,0,0,2,1,0,1,GRAVE_MORTALIDAD,2
6,1,8,0,4,1,-12.491635240669876,-74.90676780652628,0,4,7,1,5,2,2,0,6779.559536581995,2.0,3,3,1.0,12,26,1198.0,0.3010614322271694,71.99950649355497,47.8705398924386,4.569227548342208,319.64001190447294,3373.9592512254767,8511.426,1445.3929999999996,2008.516,5057.516999999999,1879.579,6631.846999999998,22.08300935706896,5,1,0,0,4,26.94059026860256,26.94059026860256,26.94059026860256,1.0,0.0,0.0,0.0,1,0,0.0,0.0,0.0,1.0,0.0,0.7738007485690339,0.2261992514309661,0.0,0.7738007485690339,0.0,18,1,2024,7,22,3,0,0,2,1,0,1,GRAVE_MORTALIDAD,2
3,1,1,0,4,1,-10.14282982168717,-78.09251809093938,0,4,2,1,2,2,2,0,6543.555,3.0,2,0,1.0,0,30,1475.0,0.594329796273136,79.51274210494626,67.23963656911357,9.093808711905876,1004.1856289962402,25729.80728051392,10767.648,1885.0630000000003,1222.721,7659.864000000001,2100.343,8667.305000000002,19.506051832303577,3,2,0,0,1,51.066549857368685,37.941987892236114,64.19111182250126,1.0,0.3583625356578285,0.0,0.6416374643421715,2,0,0.0,0.6416374643421715,0.3583625356578285,0.3583625356578285,0.0,0.0,1.0,0.0,0.0,0.0,9,1,2021,6,4,4,0,0,0,1,1,1,GRAVE_MORTALIDAD,2
5,1,1,0,4,1,-9.763475075344376,-78.24016582707193,0,4,5,1,2,0,0,0,6543.555,3.0,2,0,1.0,0,30,1475.0,0.5873460606982213,78.04758132038613,65.8701248560095,8.596987164492063,1041.0659985770535,35482.29764453961,10767.648,1885.0630000000003,1222.721,7659.864000000001,2100.343,8667.305000000002,19.506051832303577,5,1,0,0,4,34.79385906221542,31.98481930360702,37.11437016715279,1.0,0.18319824512663485,0.0,0.8168017548733651,1,0,0.0,0.18319824512663485,0.18319824512663485,0.8168017548733651,0.18319824512663485,0.8168017548733651,0.18319824512663485,0.0,1.0,0.18319824512663485,6,0,2022,9,14,5,0,0,0,1,1,1,GRAVE_MORTALIDAD,2
3,2,13,0,4,1,-11.073557145451408,-76.02637936742045,0,4,4,0,2,1,1,0,1305.317179145793,2.0,2,1,1.0,6,22,225.69341540457313,0.4829382474188181,72.01474877165903,59.174729224522366,7.088558300903728,804.9799660766448,6768.765074369161,4408.6483764864315,739.9421866934375,823.6101162221565,2845.096073570837,1070.932314393852,3337.716062092579,25.462298532502047,5,2,0,0,3,41.03817698226037,36.78846916659634,45.28788479792439,1.0,0.3572263383817075,0.0,1.0,2,0,0.0,1.0,0.0,1.0,0.0,0.3572263383817075,1.0,0.0,0.6427736616182925,0.0,8,1,2021,11,27,2,0,1,0,1,0,1,GRAVE_MORTALIDAD,2
7,1,7,0,4,2,-13.290709474515953,-72.66513818310224,0,4,2,0,2,2,2,2,6543.555,2.0,4,4,1.0,14,33,1198.0,0.3173504310891751,73.18445675243132,52.12623843826526,5.208135443348548,316.1317190171761,13647.426176054603,17779.13499998999,2097.3709999899997,2863.123,12818.640999999989,2878.713,14900.421999989989,16.19152450331032,12,1,0,0,11,31.933254470094628,31.933254470094628,31.933254470094628,1.0,0.0,0.3277712058412189,0.3277712058412189,1,0,0.0,0.6722287941587811,0.3277712058412189,0.0,0.0,0.0,1.0,0.0,0.0,0.0,13,1,2022,7,19,2,0,1,2,1,0,1,GRAVE_MORTALIDAD,2
5,1,2,0,4,1,-10.297354616483869,-76.98232846060094,0,4,0,0,2,2,2,0,9936.932,2.0,2,0,1.0,9,32,3830.0,0.49666171212193555,72.46979446050638,58.668081335931184,8.510233452236562,776.8523905857542,3575.821030657943,10977.103529644735,1876.863448139283,1206.3241351022618,7893.915946403193,2028.7276475336087,8948.37588211113,18.589003082068494,5,1,0,0,4,24.638088506265387,24.358235544244973,24.917941468285804,1.0,1.0,0.0,0.8600735189897928,1,0,0.0,1.0,0.13992648101020722,0.0,0.0,0.0,1.0,0.0,0.0,0.0,21,2,2022,5,2,0,0,0,0,1,0,1,GRAVE_MORTALIDAD,2
3,3,11,0,4,0,-11.111971646056466,-75.70431987592622,0,0,7,0,2,2,2,1,5758.928006179223,1.6321158500659803,3,3,0.8773719500219934,13,32,1055.3835778755783,0.5901331089912909,72.77987896656272,73.22633422795268,10.390419229842992,1007.6818178493244,119995.87126604751,11860.031974172958,1821.061989149726,1048.0824855791545,8990.887499444076,1665.29735782404,10194.734616348916,14.392783548109973,11,3,0,0,7,35.08028962516495,23.613140249890034,44.79269510039588,1.0,0.12262804997800658,0.12262804997800658,1.0,3,0,0.0,1.0,0.12262804997800658,0.8773719500219934,0.0,0.8773719500219934,1.0,0.0,1.0,0.0,15,2,2021,7,26,0,0,1,1,1,0,1,GRAVE_MORTALIDAD,2
3,2,6,1,4,1,-10.877439537713794,-76.206531113027,0,4,3,0,2,1,1,2,7134.6495158108455,2.4334636997331236,2,0,1.0,5,15,1318.0694448260754,0.5739245992339187,78.98398987768908,71.32679208424591,9.017701112035,907.8960388078683,27768.2428384215,8607.28371463802,1305.4848275401184,1574.5974255679635,5727.201461529939,1340.1931165331443,7267.090598104875,15.627464772822515,3,2,0,0,1,43.332681501334385,34.566536300266876,52.09882670240189,1.0,0.0,0.0,0.0,2,0,0.0,0.0,0.5665363002668763,1.0,1.0,0.4334636997331237,0.5665363002668763,0.0,0.4334636997331237,0.0,20,2,2023,3,25,4,0,1,1,1,0,1,GRAVE_MORTALIDAD,2
6,1,7,0,4,1,-11.977743130861793,-74.08522101621071,2,4,2,0,2,2,2,0,6957.47994849349,2.0,3,2,1.0,12,21,1198.0,0.5099418681697349,76.54017056296746,63.47948574430046,8.397864709361444,754.0998970104499,60115.50578517821,10715.095998528284,1610.6390278863917,1181.9320732909912,7922.524897350901,1526.7048132842003,9188.391185244083,14.613441423794887,2,1,0,0,1,35.6687203901639,35.6687203901639,35.6687203901639,1.0,0.6032723995316142,0.0,0.0,1,0,0.0,0.0,0.0,0.6032723995316142,0.0,1.0,0.0,0.6032723995316142,0.0,0.0,2,0,2021,4,14,0,0,0,2,1,0,1,GRAVE_MORTALIDAD,2
5,1,11,0,4,1,-8.558264903675365,-78.2303787650209,0,4,7,1,2,2,2,5,692.1515709513556,2.0,2,0,1.0,8,29,118.1502209086986,0.29940182578805613,74.77368669866789,48.409575932084564,5.085956492231576,292.37726408366814,5658.21691288078,9017.960647649064,1345.4794544955291,1924.4459019012984,5748.035291252237,1322.5909427234828,7695.369704925582,14.53794435466328,17,1,0,0,15,54.123892292892144,53.81416156066179,54.43362302512249,1.0,0.0,0.0,0.0,1,0,0.0,0.0,0.9380538535539297,0.06194614644607033,0.0,0.06194614644607033,0.9380538535539297,0.9380538535539297,0.06194614644607033,1.0,18,1,2022,4,21,5,0,1,0,1,0,1,GRAVE_MORTALIDAD,2
3,1,14,2,5,3,-12.60698883351983,-75.98413882097991,0,3,1,1,2,0,1,0,5771.88883223033,2.0,3,3,1.0,12,31,1051.4499958215856,0.7357863501613441,79.21425949453918,78.10358522340928,11.732529129908558,1519.607940222552,248053.99635968835,8547.571960436093,1735.0670064887113,1714.7049810395451,5097.799972907837,2044.4511709657086,6503.120789470386,23.873329130053083,5,2,0,1,1,44.46865199395596,40.631034386703114,49.22507840483523,1.0,0.0,0.0,0.15313480060440388,2,0,0.0,0.15313480060440388,0.0,1.0,0.0,1.0,0.15313480060440388,0.15313480060440388,0.15313480060440388,0.15313480060440388,8,1,2022,11,18,0,0,1,0,1,0,1,GRAVE_MORTALIDAD,2
3,0,14,2,2,3,-12.173402706007664,-76.99550741220773,0,0,7,1,2,2,2,1,6544.504430867659,2.0,3,3,1.0,13,32,1202.1159728550206,0.7583553928164398,79.82595632107274,76.7651270103073,11.46351379457763,1662.7771470294065,333655.3618843683,7626.313,1683.4029999999998,1599.0829999999996,4343.827000000001,1814.875,5811.438000000001,23.797541485643197,3,2,0,0,0,28.613238487638124,26.09846825012011,31.128008725156143,1.0,0.990153174987989,0.990153174987989,0.990153174987989,2,0,0.0,0.0,0.0,1.0,0.990153174987989,1.0,0.0,0.0,0.990153174987989,0.009846825012010951,19,2,2021,1,6,2,0,0,0,1,0,1,GRAVE_MORTALIDAD,2
4,2,3,0,4,1,-16.05748561485812,-71.35184414758227,0,4,5,0,2,0,1,0,1504.4250000000002,2.0,2,0,1.0,7,25,241.0,0.4685280505645348,81.83746865987648,70.74305753660312,6.037751599761188,617.4715908037651,1751.8736616702354,10322.272,1495.236,1749.739,7077.2970000000005,2886.595,7435.677000000001,27.964725207783708,8,2,0,0,6,47.785849627103914,43.619147871928824,51.952551382279,1.0,0.0,0.0,0.0,2,0,0.0,1.0,0.7619147871928824,0.0,0.0,0.0,1.0,0.0,0.0,0.0,17,1,2022,1,20,4,0,1,0,1,0,1,GRAVE_MORTALIDAD,2
3,2,7,0,4,1,-15.183475028808749,-71.10623922506134,0,4,0,0,2,0,1,2,568.5409999999999,1.0,2,3,0.0,9,3,93.0,0.36226311657938215,68.38005845572161,63.710596048308766,5.208102003063525,453.1068287029166,1130.7278314662067,17779.13499998999,2097.3709999899997,2863.123,12818.640999999989,2878.713,14900.421999989989,16.19152450331032,5,2,0,0,3,37.191245868958944,28.89861570115673,45.48387603676116,1.0,0.0,0.0,0.0,2,0,0.0,0.8202768597686545,0.1797231402313455,1.0,0.0,0.8202768597686545,1.0,0.0,0.1797231402313455,0.0,6,0,2022,9,23,5,1,0,2,1,0,1,GRAVE_MORTALIDAD,2
6,1,11,0,4,1,-11.621220394909527,-76.00735655301614,1,4,1,1,2,1,1,1,875.67,2.0,2,0,1.0,3,14,156.0,0.7045048858113412,76.03866905687309,68.74554898563056,10.756160359254002,1573.7987000498822,4922.96573875803,12264.545,1826.4639999999995,1105.5389999999998,9332.542,1588.5359999999996,10676.009,12.952261987705208,3,1,0,0,2,18.093218160470173,18.093218160470173,18.093218160470173,1.0,0.790678183952983,0.0,0.0,1,0,0.0,0.0,0.0,1.0,0.0,1.0,0.0,0.0,0.790678183952983,0.0,19,1,2024,3,21,3,0,1,2,1,0,1,GRAVE_MORTALIDAD,2
3,1,3,0,4,0,-16.587757673200684,-71.82361609873617,0,4,7,0,2,0,1,0,6616.7495370975175,2.0,2,0,1.0,10,31,1515.3129693711082,0.6105481451420971,78.10653088113892,68.35418098658066,8.411557426919764,1158.5430895193692,35025.678800856535,10322.272,1495.236,1749.739,7077.2970000000005,2886.595,7435.677000000001,27.964725207783708,3,1,0,0,1,30.795609681472587,28.518243872589036,33.072975490356136,0.7591219362945173,0.0,0.0,0.0,1,0,0.0,0.7591219362945173,0.0,1.0,0.0,1.0,0.7591219362945173,0.0,0.0,0.0,7,0,2022,4,18,4,0,1,0,1,0,1,GRAVE_MORTALIDAD,2
3,2,12,0,4,1,-7.5140326847513315,-79.37568623199424,0,4,7,1,2,2,2,0,1353.8147619126046,2.0,2,0,1.0,2,20,182.74461828959525,0.4639459761016414,76.34362699742273,59.651653187951446,7.040000219884752,650.7210246039087,18218.49995926492,3493.694610063601,538.8495886819987,696.8903602845508,2257.954661097051,755.2558075550735,2738.4388025085273,21.538871501252235,4,2,0,0,2,25.389696413610434,21.779392827220864,29.0,1.0,1.0,0.0,0.8701011954631892,2,0,0.0,0.1298988045368108,0.0,0.8701011954631892,0.8701011954631892,0.0,0.1298988045368108,0.8701011954631892,0.0,0.8701011954631892,16,1,2021,10,8,4,0,0,0,1,0,1,GRAVE_MORTALIDAD,2
6,1,7,1,4,1,-14.014101634996683,-71.47339248084485,3,4,5,1,2,0,0,3,7586.903,2.0,2,0,1.0,9,5,1198.0,0.4377724664045903,71.78089433769776,76.36852077180467,7.267956570285941,537.5036972377153,5324.203415015276,17779.13499998999,2097.3709999899997,2863.123,12818.640999999989,2878.713,14900.421999989989,16.19152450331032,8,1,0,0,7,43.56912759344692,43.56912759344692,43.56912759344692,1.0,0.0,1.0,1.0,1,0,0.0,0.0,0.7154362032765404,0.28456379672345955,0.0,0.28456379672345955,0.7154362032765404,0.0,0.0,0.0,7,1,2023,5,14,1,0,0,2,1,0,1,GRAVE_MORTALIDAD,2
5,1,10,0,4,1,-13.355795939844166,-76.22041304118578,0,4,7,1,2,1,1,5,6639.975,2.0,2,0,1.0,9,31,1616.0,0.5736744275518083,81.67473861808857,68.1608574885675,9.138785887908334,865.1176766860625,26660.92933618844,3721.461,698.1859999999996,744.866,2278.409,1102.9029999999996,2618.558,29.636290693359403,7,1,0,0,6,55.41201938070395,54.13229685635373,56.69174190505417,1.0,0.06917419050541718,0.0,0.06917419050541718,1,0,0.0,0.06917419050541718,0.0,0.06917419050541718,0.0,1.0,0.06917419050541718,0.0,0.0,0.0,1,0,2022,3,9,2,0,0,0,1,0,1,GRAVE_MORTALIDAD,2
5,1,6,0,4,2,-11.308347839539874,-76.31873625602056,2,4,2,0,5,2,2,3,6945.899890320836,2.0,3,2,1.0,12,28,1507.6797626771677,0.3412807111675207,74.30877095724956,45.548770305361586,5.929878853928,369.7788807962397,823.9233243177705,3781.8306684737217,849.5266656244828,691.9230152893905,2240.3809875598486,1050.1375429394384,2731.6931255342834,27.82631020545575,2,1,0,0,1,59.159229058149826,56.675166790685914,61.64329132561374,1.0,1.0,0.0,0.0,1,0,0.0,0.0,0.0,0.3312083023285216,0.3312083023285216,1.0,0.0,0.6687916976714784,1.0,1.0,13,1,2022,6,7,5,0,0,0,1,0,1,GRAVE_MORTALIDAD,2
6,1,3,0,4,2,-15.928036523874903,-72.72542140056736,1,4,1,0,5,2,2,0,6543.555,2.0,4,4,1.0,14,33,1198.0,0.5315396166035582,81.30102525733153,63.64172133206689,8.653068716225892,756.7110863145202,7896.125100922805,10322.272,1495.236,1749.739,7077.2970000000005,2886.595,7435.677000000001,27.964725207783708,3,1,0,0,2,43.65503310785492,43.65503310785492,43.65503310785492,1.0,0.7175012733790355,0.0,0.28249872662096454,1,0,0.0,0.0,0.28249872662096454,0.7175012733790355,0.0,0.0,0.28249872662096454,0.7175012733790355,0.0,0.7175012733790355,12,2,2022,4,6,4,0,0,0,1,0,1,GRAVE_MORTALIDAD,2
4,1,7,0,4,0,-12.632524451136458,-73.00074633598648,5,4,0,0,4,2,2,3,4824.917045863209,1.4448402702098453,2,3,0.4448402702098452,11,21,1148.5907840486761,0.4297325556987851,76.15904795703717,58.63823936731875,6.097264629229048,579.625724446144,29458.58458244112,17779.13499998999,2097.3709999899997,2863.123,12818.640999999989,2878.713,14900.421999989989,16.19152450331032,5,1,0,0,3,43.66191675748186,38.76867378517356,48.555159729790155,1.0,0.4448402702098452,0.0,0.4448402702098452,1,0,0.0,0.4448402702098452,0.5551597297901548,0.4448402702098452,0.4448402702098452,0.0,1.0,0.4448402702098452,1.0,0.4448402702098452,13,3,2022,2,22,2,0,1,2,1,0,1,GRAVE_MORTALIDAD,2
3,1,7,0,4,0,-12.624992326010362,-73.04409184248797,6,4,0,0,2,2,2,2,5708.990074099906,1.7304162650197354,3,3,0.7304162650197356,12,27,1174.0070475867565,0.4297325556987851,76.15904795703717,58.63823936731875,6.097264629229048,579.625724446144,29458.58458244112,17779.13499998999,2097.3709999899997,2863.123,12818.640999999989,2878.713,14900.421999989989,16.19152450331032,4,1,0,0,2,40.235004819763176,32.20042590454608,48.269583734980266,1.0,0.7304162650197356,0.0,0.7304162650197356,1,0,0.0,0.7304162650197356,0.26958373498026444,0.7304162650197356,0.7304162650197356,0.0,1.0,0.7304162650197356,1.0,0.7304162650197356,13,3,2023,2,24,1,0,1,2,1,0,1,GRAVE_MORTALIDAD,2
4,1,13,0,4,1,-8.82983147759954,-78.06674128722565,0,4,3,1,2,2,2,0,934.5574157800779,1.5328764346967474,1,3,0.0,9,24,196.9959284465456,0.5354716888133985,73.16492369709238,71.28161160732124,8.644718983014453,868.2514514457055,42502.0667770045,8753.57570948687,1624.982483177035,1277.665312284717,5850.927914025117,2058.0531727992147,6695.522536687654,23.477191565800602,3,1,0,0,1,34.54658339379432,34.54658339379432,34.54658339379432,1.0,1.0,0.0,0.5328764346967474,1,0,0.0,0.0,0.5328764346967474,1.0,1.0,0.5328764346967474,0.0,0.4671235653032526,1.0,0.4671235653032526,18,2,2024,1,13,2,0,0,0,1,0,1,GRAVE_MORTALIDAD,2
6,1,4,0,4,1,-13.102005152074906,-74.17187041477186,6,4,0,0,1,2,2,5,6615.51889228145,2.0,3,3,1.0,13,31,1198.0,0.27671633004800567,69.00527126906339,43.42531369596017,5.64034249205313,267.1185222017019,9683.92262834933,12650.164793978362,1806.549354010264,1727.9252211738672,9115.690218794229,2423.5164205137676,10226.648373464592,19.144000030625122,5,1,0,0,4,29.06897400702493,29.06897400702493,29.06897400702493,1.0,0.9310259929750676,0.0,0.9310259929750676,1,0,0.0,0.0,0.0,1.0,0.0,0.0,0.0689740070249324,0.9310259929750676,1.0,0.0,9,1,2021,6,19,4,0,1,2,1,0,1,GRAVE_MORTALIDAD,2
5,1,12,0,4,1,-8.57658957111858,-78.69590143703152,0,4,7,1,2,1,1,0,6543.555,2.048557361112668,3,3,1.0,13,32,1211.450389028209,0.4971504606547645,77.79759708660042,46.44666297237219,6.322206801902116,929.9716106661404,44368.59100642397,8931.828000000005,1335.5899999999997,1935.9830000000004,5660.255000000005,1219.309,7712.519000000005,13.651281686122925,5,1,0,0,4,25.82547513891536,25.485573611126682,26.165376666704034,1.0,0.0,0.0,0.04855736111266806,1,0,0.0,0.0,0.04855736111266806,0.9514426388873319,0.0,0.0,1.0,0.0,0.0,0.0,22,2,2023,5,5,2,0,0,0,1,0,1,GRAVE_MORTALIDAD,2
3,1,7,0,4,1,-6.158972282054919,-77.4733663315875,4,4,7,1,2,1,1,0,7758.33400008,2.0,2,0,1.0,9,20,2133.0,0.3712301581353119,73.06645310734766,40.82121693511639,5.43428317571388,589.6639003531666,1644.383714683565,4533.189168908629,1032.2065223707223,722.4760351214154,2778.506611416491,968.8267019091238,3564.362466999505,21.923316811353608,3,2,0,0,1,63.48805930674183,55.44586131399406,71.5302572994896,1.0,0.6385346715014846,0.3614653284985154,0.3614653284985154,2,0,0.0,0.0,0.3614653284985154,0.6385346715014846,1.0,0.6385346715014846,0.3614653284985154,0.0,1.0,1.0,19,2,2021,10,12,4,0,0,1,1,0,1,GRAVE_MORTALIDAD,2
2,1,12,0,4,1,-8.406251412152379,-78.8164730214039,0,3,7,1,2,2,2,1,6543.555,2.7776803762748927,2,0,1.0,3,30,1413.4174642281453,0.5051395598219868,77.13285387085847,51.52067479184955,6.715328807318118,900.900383457586,67612.41755888652,8931.828000000005,1335.5899999999997,1935.9830000000004,5660.255000000005,1219.309,7712.519000000005,13.651281686122925,5,1,0,0,3,37.0,33.777680376274894,40.0,0.7776803762748927,0.0,0.0,0.7776803762748927,1,0,0.22231962372510727,0.7776803762748927,0.0,0.7776803762748927,0.0,0.7776803762748927,0.7776803762748927,0.0,0.7776803762748927,0.0,15,1,2021,2,16,0,0,0,0,1,0,1,GRAVE_MORTALIDAD,2
5,1,3,0,4,0,-15.85623758324887,-71.73277704576704,0,4,1,0,2,0,1,0,6568.739770625281,2.0,3,2,1.0,12,32,1307.1810217938967,0.5620939988749633,80.62828099857384,58.13440488954577,7.286535169960145,1041.4055409659363,2241.0589734967416,10322.272,1495.236,1749.739,7077.2970000000005,2886.595,7435.677000000001,27.964725207783708,2,1,0,0,1,44.089588933854486,40.694006916340946,47.48517095136802,1.0,0.0,0.0,0.0,1,0,0.0,0.0,0.0,1.0,0.0,1.0,0.26119861673181033,0.0,0.0,0.0,2,0,2023,7,10,6,1,0,0,1,0,1,GRAVE_MORTALIDAD,2
3,1,12,0,4,1,-8.957426037728398,-78.62923520215104,0,4,7,1,2,2,2,2,6543.555,3.0,2,0,1.0,0,30,1475.0,0.4867987483268106,77.5825534369154,52.95148122709723,6.150547060309878,840.5788229266196,9838.736616702356,8931.828000000005,1335.5899999999997,1935.9830000000004,5660.255000000005,1219.309,7712.519000000005,13.651281686122925,3,1,0,0,1,28.67889377511448,22.42814163318069,34.929645917048276,1.0,0.10703540829517266,0.0,0.0,1,0,0.0,0.0,0.0,1.0,0.8929645917048273,0.10703540829517266,0.8929645917048273,0.0,1.0,0.0,17,1,2021,7,14,3,0,0,0,1,1,1,GRAVE_MORTALIDAD,2
3,2,18,0,4,1,-5.132929183540568,-80.20358271090234,0,4,7,0,2,1,1,1,6543.555,3.0,2,0,1.0,0,30,1475.0,0.5524357103869969,76.96202916881867,68.93060915841839,8.46710102666721,885.0083178261525,10850.198408953736,2106.8272052565953,307.1641995785385,467.6594648790301,1332.0035407990267,467.9675531426811,1638.8596521139143,24.259204264136738,12,2,0,0,10,49.59929550259629,36.06298552373866,63.13560548145392,1.0,0.5520563597922967,0.0,0.5520563597922967,2,0,0.0,1.0,0.4479436402077033,0.5520563597922967,0.5520563597922967,0.0,1.0,0.0,0.5520563597922967,0.0,7,1,2023,3,20,1,0,1,0,1,1,1,GRAVE_MORTALIDAD,2
4,0,12,0,4,1,-9.84781016179495,-77.72863550270627,0,4,3,0,2,2,2,0,735.0627770013531,2.0,2,0,1.0,5,21,126.29350151692364,0.44194538678032746,74.09736552809929,56.46782995753027,7.4211237173940905,694.6025507171234,6151.226231847452,8318.853702984528,1498.897529341174,1777.7994167669362,5042.1567568764185,1498.9432057933595,6819.910497191169,18.415222711654845,3,1,0,0,2,25.408580438406624,25.408580438406624,25.408580438406624,1.0,0.5304731871977922,0.0,0.46952681280220776,1,0,0.0,0.46952681280220776,0.46952681280220776,0.5304731871977922,0.5304731871977922,0.0,0.46952681280220776,0.5304731871977922,0.46952681280220776,0.5304731871977922,13,1,2021,11,13,3,0,0,0,1,0,1,GRAVE_MORTALIDAD,2