CLASE SINIESTRO,CANTIDAD DE VEHICULOS DAÑADOS,DEPARTAMENTO,ZONA,TIPO DE VÍA,RED VIAL,COORDENADAS LATITUD,COORDENADAS  LONGITUD,CONDICIÓN CLIMÁTICA,ZONIFICACIÓN,CARACTERÍSTICAS DE VÍA,PERFIL LONGITUDINAL VÍA,SUPERFICIE DE CALZADA,¿EXISTE SEÑAL VERTICAL?,¿EXISTE SEÑAL HORIZONTAL?,CAUSA FACTOR PRINCIPAL,MTC_RVN_LONGITUD_KM,MTC_RVN_N_CARRILES_MEDIANA,MTC_RVN_SUPERFICIE_DOMINANTE,MTC_RVN_ESTADO_DOMINANTE,MTC_RVN_ES_CONCESIONADA,MTC_RVN_CONCESION_PRINCIPAL,MTC_RVN_CORREDOR_LOGISTICO,MTC_RVN_N_TRAMOS,IDH_2019,IDH_ESP_VIDA_2019,IDH_EDUC_SECUND_PCT_2019,IDH_ANIOS_EDUC_2019,IDH_INGRESO_PERCAP_2019,IDH_POBLACION_2019,MTC_DEP_RED_TOTAL_KM,MTC_DEP_NACIONAL_TOTAL_KM,MTC_DEP_DEPARTAMENTAL_TOTAL_KM,MTC_DEP_VECINAL_TOTAL_KM,MTC_DEP_PAV_TOTAL_KM,MTC_DEP_NO_PAV_TOTAL_KM,MTC_DEP_PCT_PAVIMENTADA,PER_TOTAL_PERSONAS,PER_N_CONDUCTORES,PER_N_CONDUCTORES_FUGADOS,PER_N_PEATONES,PER_N_PASAJEROS_OCUPANTES,PER_EDAD_COND_PROM,PER_EDAD_COND_MIN,PER_EDAD_COND_MAX,PER_ANY_COND_MASCULINO,PER_ANY_LIC_PROBLEMA,PER_ANY_DOSAJE_POS,PER_ANY_DOSAJE_EVALUADO,VEH_TOTAL,VEH_N_FUGADOS,VEH_ANY_FUGADO,VEH_ANY_CARGA,VEH_ANY_PUBLICO,VEH_ANY_PARTICULAR,VEH_ANY_MOTO,VEH_ANY_AUTO,VEH_ANY_CAMION_BUS,VEH_ANY_SOAT_PROBLEMA,VEH_ANY_CITV_PROBLEMA,VEH_ANY_SEGURO_PROBLEMA,HORA_NUM,FRANJA_HORARIA,ANIO,MES,DIA_MES,DIA_SEMANA,ES_FIN_SEMANA,ES_QUINCENA,REGION_NATURAL,TIENE_SEÑALIZACION,ES_VIA_MULTICARRIL,ES_DEPTO_BAJO_PAVIMENTO,CATEGORIA_SEVERIDAD,CATEGORIA_SEVERIDAD_ENC
6,1,9,1,4,0,-11.722672708120486,-75.40047407728301,0,3,7,1,2,2,2,0,6543.555,2.415774313581574,3,2,1.0,8,31,1313.169484862096,0.6239510144601175,77.72608558500266,75.73608465820357,10.229141517562553,1052.7961441763728,189446.94552212537,9758.304910950748,1614.6364043020483,1287.0890429822985,6856.579463666401,2607.1572416099057,7151.147669340842,26.607062900464143,5,1,0,0,4,39.49464588148945,31.336902745673704,47.06816333088676,0.415774313581574,0.0,0.0,0.415774313581574,1,0,0.0,0.415774313581574,0.0,1.0,0.0,1.0,0.415774313581574,0.0,1.0,0.0,10,1,2021,4,17,4,0,0,0,1,0,1,GRAVE_MORTALIDAD,2
3,1,9,0,4,1,-9.773101341898496,-75.248039738568,0,4,2,1,2,1,0,0,173.53928904181203,-0.5511307578991169,1,0,0.1496230807002944,8,29,36.09685437874151,0.4458922278382732,70.93127973424049,40.31825459952572,6.995896968095816,789.3020177956378,6282.882463186061,8121.865047460388,1385.8348565140502,912.7386861716918,5823.291504774646,1172.8268198980131,6949.038227562374,14.539749949059557,5,2,0,0,2,44.00753838599411,38.05489995089617,49.96017682109205,1.0,0.8503769192997056,0.0,0.1496230807002944,2,0,0.0,0.1496230807002944,0.1496230807002944,0.8503769192997056,0.8503769192997056,0.0,1.0,0.0,0.1496230807002944,0.8503769192997056,9,1,2022,3,22,3,0,1,1,1,0,1,GRAVE_MORTALIDAD,2
6,1,2,0,4,2,-13.979257241782742,-73.42740454569024,6,5,6,2,6,2,2,0,6543.555,2.0,4,4,1.0,14,33,1198.0,0.29362187766277403,69.25247816595227,61.91729636946038,4.902408030328757,276.82489527300663,1012.3244357173999,8358.971,1282.451,1298.0969999999998,5778.423,1432.683,6926.288,17.139466089785454,2,1,0,0,1,26.689106946086405,26.689106946086405,26.689106946086405,1.0,0.0,0.0,0.0,1,0,0.0,0.0,0.0,1.0,0.0,0.0,1.0,0.0,0.22970231536213437,0.0,13,1,2022,2,18,2,0,1,2,1,0,1,GRAVE_MORTALIDAD,2
6,1,7,0,4,0,-13.303574890183155,-70.85240322865891,1,4,1,0,1,0,1,2,7336.803012633902,2.0,2,0,1.0,10,11,1198.0,0.4108670791174715,58.71714042155136,64.48757232274384,7.080369452818073,711.5743987646367,2038.000455904732,17779.13499998999,2097.3709999899997,2863.123,12818.640999999989,2878.713,14900.421999989989,16.19152450331032,3,1,0,0,2,35.75301787781867,35.75301787781867,35.75301787781867,1.0,0.0,0.0,0.0,1,0,0.0,0.0,0.0,0.2397090782424447,0.0,1.0,0.0,0.0,0.2397090782424447,0.0,11,1,2021,6,24,4,0,1,2,1,0,1,GRAVE_MORTALIDAD,2
6,1,12,0,4,1,-7.787522290321683,-77.59767230982159,0,4,7,1,3,2,2,1,6543.555,2.0,4,4,1.0,14,33,1198.0,0.4686292122960986,72.39347765706144,42.14285241633188,6.687776775372348,878.2652317159998,9440.374732334049,8931.828000000005,1335.5899999999997,1935.9830000000004,5660.255000000005,1219.309,7712.519000000005,13.651281686122925,2,1,0,0,1,34.06033779658115,34.06033779658115,34.06033779658115,1.0,0.0,0.0,0.0,1,0,0.0,0.6273948964229202,0.0,0.37260510357707977,0.0,0.0,1.0,0.0,0.0,0.0,17,2,2022,8,4,4,0,0,0,1,0,1,GRAVE_MORTALIDAD,2
3,1,7,0,4,1,-11.113430139556568,-75.4928789145392,6,4,1,0,2,2,2,2,9395.619664617345,2.0,2,0,1.0,9,25,3223.7376659066117,0.27331220921813654,74.61803015776583,48.736479394084,3.972912472040703,259.2381832998966,9348.113577055405,8243.588615331792,1321.7242963063131,908.558114183642,6013.306204841836,1145.7363360357267,7097.852279296065,13.884881071427317,5,1,0,0,3,39.235886014771786,38.46622884687414,40.005543182669435,1.0,0.23034283210235118,0.0,0.0,1,0,0.0,0.0,0.0,1.0,0.0,0.23034283210235118,0.7696571678976488,0.23034283210235118,0.23034283210235118,0.23034283210235118,8,0,2022,7,17,2,0,1,2,1,0,1,GRAVE_MORTALIDAD,2
4,1,1,0,4,1,-9.716369489373974,-77.94564825346183,3,4,2,0,1,2,2,0,6543.555,2.5610068364149208,2,1,1.0,6,31,1353.398893686933,0.5522292236682889,79.38948690786151,60.91070198239606,8.242238397324398,910.8979873891789,25640.695428418898,10767.648,1885.0630000000003,1222.721,7659.864000000001,2100.343,8667.305000000002,19.506051832303577,3,1,0,0,1,46.13459912801635,35.75597265434032,56.51322560169238,1.0,0.4389931635850792,0.0,0.5610068364149208,1,0,0.0,0.5610068364149208,0.0,0.4389931635850792,0.0,0.4389931635850792,0.5610068364149208,0.0,0.0,0.0,14,3,2022,5,6,5,0,0,0,1,0,1,GRAVE_MORTALIDAD,2
3,1,5,2,4,1,-7.185934761877712,-78.23733452276086,0,0,7,0,2,1,1,2,9480.556365890612,2.0,2,0,1.0,9,32,3476.022039703838,0.27028994293223324,78.57462230006469,36.71977927689716,3.5912951729247986,297.6495086035743,13371.202001675856,15935.565011852366,1733.9250000199986,935.692,13265.948011832368,2000.1670000199988,13935.398011832369,12.551591352627522,3,1,0,0,1,39.11713850906297,31.327549467522488,46.90672755060345,1.0,0.8655098935044977,0.0,1.0,1,0,0.0,1.0,0.0,0.8655098935044977,0.8655098935044977,0.0,1.0,0.0,0.0,0.0,12,2,2023,6,5,5,0,0,2,1,0,1,GRAVE_MORTALIDAD,2
3,1,14,2,5,3,-12.059832356563476,-76.99431166567912,1,3,2,1,3,0,1,0,4728.7763298330465,2.0,3,2,1.0,10,26,864.3659593809743,0.7385928290877471,79.71553162762747,76.84951882253539,11.370610166235616,1551.2627674266096,252194.94111506682,7626.313,1683.4029999999998,1599.0829999999996,4343.827000000001,1814.875,5811.438000000001,23.797541485643197,4,2,0,2,0,43.1183240253635,40.47795158655539,45.438510244767556,1.0,0.0,0.0,0.0,2,0,0.0,0.0,0.0,1.0,0.0,1.0,0.32018621940405534,0.32018621940405534,0.32018621940405534,0.32018621940405534,6,0,2022,9,17,1,0,1,0,1,0,1,GRAVE_MORTALIDAD,2
3,3,19,2,3,1,-15.218982646781924,-70.77742294118461,0,3,7,1,2,2,2,1,1940.5884165707002,2.0,2,0,1.0,7,25,323.83342355886043,0.5854394753689011,74.1205342855775,78.6707224719484,10.057452398676915,936.2233584398907,231479.15075417014,13121.596306029147,1991.577318592901,2288.7648044688185,8841.254182967428,3184.2902827265398,9937.306023302608,24.249612613322412,10,3,0,0,6,34.61511517560944,21.82688939695118,52.88400914512124,1.0,0.0,0.0,0.91344469847559,3,0,0.0,0.91344469847559,0.0,1.0,0.0,1.0,0.91344469847559,0.91344469847559,0.91344469847559,0.91344469847559,9,0,2022,9,18,0,0,1,1,1,0,1,GRAVE_MORTALIDAD,2
6,1,12,0,4,2,-7.7811361873470455,-78.39424943044406,0,4,0,0,1,2,2,2,6543.555,2.0,4,4,1.0,14,33,1198.0,0.3408855481650574,78.82661512325316,49.3474536448381,5.06198600614708,525.7691901607959,18947.001389671863,8931.828000000005,1335.5899999999997,1935.9830000000004,5660.255000000005,1219.309,7712.519000000005,13.651281686122925,5,1,0,0,4,37.59077451980821,35.95387259904102,38.81845096038359,0.5907745198082041,0.0,0.0,0.5907745198082041,1,0,0.0,0.0,0.0,1.0,0.0,0.40922548019179594,0.5907745198082041,0.40922548019179594,0.40922548019179594,0.40922548019179594,14,1,2021,2,15,4,0,0,0,1,0,1,GRAVE_MORTALIDAD,2
6,1,12,0,4,1,-8.759120119735293,-78.63849234913035,0,4,7,1,2,2,2,2,6543.555,3.0,2,0,1.0,0,30,1475.0,0.4867987483268106,77.5825534369154,52.95148122709723,6.150547060309878,840.5788229266196,9838.736616702356,8931.828000000005,1335.5899999999997,1935.9830000000004,5660.255000000005,1219.309,7712.519000000005,13.651281686122925,3,1,0,0,2,27.496467432987018,27.496467432987018,27.496467432987018,1.0,0.2517662835064908,0.0,0.0,1,0,0.0,0.0,0.0,1.0,0.0,1.0,0.0,0.0,1.0,0.0,12,2,2022,5,16,1,0,0,0,1,1,1,GRAVE_MORTALIDAD,2
3,2,10,0,4,1,-15.162868328706042,-74.95646478717998,6,3,7,1,2,2,2,1,6639.975,2.0,2,0,1.0,9,31,1616.0,0.5563774842369664,77.00938809632027,69.10246351364754,8.476961866273152,914.8835608305218,27932.19700214133,3721.461,698.1859999999996,744.866,2278.409,1102.9029999999996,2618.558,29.636290693359403,3,2,0,0,1,35.05673109585329,32.5461512331737,37.56731095853287,1.0,0.11346219170657401,0.0,0.886537808293426,2,0,0.0,1.0,0.0,1.0,0.0,0.886537808293426,1.0,0.0,0.11346219170657401,0.11346219170657401,9,1,2022,6,23,5,0,1,0,1,0,1,GRAVE_MORTALIDAD,2
6,1,11,1,4,1,-11.768509516532086,-75.67793729771634,0,4,0,1,2,1,1,2,7586.903,2.0,2,0,1.0,9,5,1198.0,0.46002387215325513,68.84712463515936,59.540653439920796,7.299138617096516,722.4306455342461,1299.4330650727538,12264.545,1826.4639999999995,1105.5389999999998,9332.542,1588.5359999999996,10676.009,12.952261987705208,8,1,0,0,6,54.73295155699249,54.73295155699249,54.73295155699249,1.0,0.0,0.0,1.0,1,0,0.0,0.0,0.0,1.0,0.0,0.0,1.0,0.0,0.0,0.0,15,3,2022,10,18,0,0,0,2,1,0,1,GRAVE_MORTALIDAD,2
6,1,10,0,4,2,-11.176334499017162,-75.77660769166191,0,4,1,0,1,2,2,0,6543.555,2.0,4,4,1.0,14,33,1198.0,0.2809022274657977,65.43628269834345,58.27452602790119,4.593803289962237,278.23068301384865,29105.05883421408,8598.972002825687,1510.3211861002317,1744.2866663887296,5344.364150336726,1944.1039604854045,6654.868042340282,22.587057368705178,5,1,0,0,4,35.49549307560479,35.49549307560479,35.49549307560479,1.0,0.0,0.0,0.19265437879963143,1,0,0.0,0.0,0.8073456212003686,0.19265437879963143,0.0,0.8073456212003686,0.19265437879963143,0.0,0.19265437879963143,0.0,7,0,2022,6,15,0,0,0,1,1,0,1,GRAVE_MORTALIDAD,2
6,1,14,0,4,1,-10.655964013707,-76.77581121004529,0,4,5,0,1,1,1,0,1123.8429469460482,-0.2889788088690821,1,0,0.0,9,28,474.44306966711963,0.6329626849738527,79.69467338238256,55.60978991784313,10.43485646497054,1214.2298061072966,14347.565310492504,7626.313,1683.4029999999998,1599.0829999999996,4343.827000000001,1814.875,5811.438000000001,23.797541485643197,2,1,0,0,1,41.83781634353205,41.83781634353205,41.83781634353205,1.0,0.2370070637103059,0.0,0.0,1,0,0.0,0.0,0.0,1.0,0.2370070637103059,0.0,0.7629929362896941,0.2370070637103059,0.0,0.0,10,1,2023,6,28,2,0,1,0,1,0,1,GRAVE_MORTALIDAD,2
6,1,1,0,4,2,-8.718444828509586,-77.57493360239879,0,4,3,0,3,2,2,0,6543.555,2.0,4,4,1.0,14,33,1198.0,0.22153280122324226,73.0110246661598,40.24384133008172,4.01927870665184,178.60781560622505,5917.244914162342,10767.648,1885.0630000000003,1222.721,7659.864000000001,2100.343,8667.305000000002,19.506051832303577,3,1,0,0,2,66.41532244218537,66.41532244218537,66.41532244218537,1.0,0.6138440814061789,0.0,0.38615591859382115,1,0,0.0,0.38615591859382115,0.6138440814061789,0.0,0.6138440814061789,0.0,0.38615591859382115,0.0,0.0,0.0,16,2,2022,4,13,1,0,0,0,1,0,1,GRAVE_MORTALIDAD,2
3,1,1,0,4,1,-9.391742763884174,-77.54457930275329,4,4,0,0,2,1,1,2,9936.932,2.0,2,0,1.0,9,32,3830.0,0.46304479910461205,79.24476824357293,69.88020540303894,6.487341609645572,599.5315854743957,2600.021669426934,10835.911140536798,1882.3907040622598,1217.3771377740866,7736.143298700454,2077.0030152390464,8758.908125297754,19.207178711968336,5,2,0,0,3,32.206848018481146,26.866458861363988,37.54723717559831,1.0,1.0,0.0,0.9543969020334743,2,0,0.0,1.0,0.04560309796652573,0.0,0.0,0.9543969020334743,1.0,0.0,0.0,0.0,18,2,2021,5,14,4,0,0,0,1,0,1,GRAVE_MORTALIDAD,2
6,1,5,0,4,1,-13.583446651467305,-73.87748406500654,0,4,0,0,2,1,0,2,1666.1385610227821,2.0,2,2,1.0,9,23,304.72394682097274,0.1932345808559262,70.17690514177146,42.83507763458751,3.5520780243551746,143.35554610976126,16029.387822426237,12764.835602802152,1824.3487482694104,1825.868467445649,9114.618387087094,2559.4230775672772,10205.412525234873,20.021769101369387,34,1,0,0,33,37.98292682582,37.98292682582,37.98292682582,1.0,0.0,0.0,0.9106430158345454,1,0,0.0,0.0,0.9106430158345454,0.08935698416545457,0.0,0.08935698416545457,0.9106430158345454,0.0,0.0,0.0,11,1,2023,8,12,1,0,0,2,1,0,1,GRAVE_MORTALIDAD,2
5,1,14,0,4,1,-12.253553195231362,-76.92580438952372,0,1,7,1,2,2,2,0,6639.975,2.0,2,0,1.0,9,31,1616.0,0.6909236767275176,78.41626133969348,70.97436336767564,9.826485374940413,1476.8351947609171,95908.53319057816,7626.313,1683.4029999999998,1599.0829999999996,4343.827000000001,1814.875,5811.438000000001,23.797541485643197,11,1,0,0,10,26.41469175976536,26.33929325798984,26.49009026154088,1.0,0.0,0.0,0.0,1,0,0.0,0.03769925088776016,0.0,1.0,0.03769925088776016,0.0,1.0,0.0,0.9623007491122398,0.0,6,1,2023,11,14,2,0,0,0,1,0,1,GRAVE_MORTALIDAD,2
4,1,12,0,4,1,-7.470974694028937,-78.8534325385552,1,4,2,0,1,2,2,2,6543.555,2.4279146901877855,3,2,1.0,8,31,1316.5323691820165,0.32659511461576785,77.07719185461197,42.641552859303445,4.61372539032651,453.5125924227094,24434.911503288007,8931.828000000005,1335.5899999999997,1935.9830000000004,5660.255000000005,1219.309,7712.519000000005,13.651281686122925,8,1,0,0,6,41.63727486659617,37.14417061962443,46.130379113567926,1.0,0.4279146901877854,0.0,0.0,1,0,0.0,0.5720853098122146,0.4279146901877854,0.0,0.4279146901877854,0.0,1.0,0.0,0.0,0.4279146901877854,13,1,2022,5,12,1,0,0,0,1,0,1,GRAVE_MORTALIDAD,2
2,1,12,2,4,1,-11.06470722145011,-77.22744521709217,4,4,4,1,5,2,2,0,877.9626683065908,2.0,2,0,1.0,3,14,155.80252641631432,0.6681521586473602,77.53912461262975,74.45155911081265,9.902737189092331,1324.9202153735325,255585.52088498833,9267.17077252796,1693.3797603989171,1468.0808018451708,6105.710210283871,1851.4652752722368,7415.705497255723,21.57676341092611,4,2,0,2,0,37.0,33.0,40.0,0.802526416314317,0.0,0.0,0.0,2,0,0.19747358368568302,0.0,0.0,1.0,0.19747358368568302,0.802526416314317,0.802526416314317,1.0,0.802526416314317,1.0,4,0,2022,4,14,4,0,0,0,1,0,1,GRAVE_MORTALIDAD,2
6,1,1,0,4,1,-8.656212310766707,-77.89823882661261,2,4,6,0,3,2,2,1,1052.2090328522086,1.0,0,3,0.0,9,30,223.8136303536204,0.42019755184054747,73.0201764892379,47.21302383867531,6.435431015048174,629.8806316861676,747.0900675648421,10767.648,1885.0630000000003,1222.721,7659.864000000001,2100.343,8667.305000000002,19.506051832303577,3,1,0,0,2,41.02653822546146,41.02653822546146,41.02653822546146,1.0,0.0,0.0,0.0,1,0,0.0,0.0,0.0,1.0,0.0,0.626658639091341,0.373341360908659,0.0,0.373341360908659,0.0,6,0,2021,8,9,4,0,0,0,1,0,1,GRAVE_MORTALIDAD,2
6,1,18,0,4,1,-16.46585073345889,-72.25535334229568,6,4,6,1,6,2,2,0,6543.555,2.0,4,4,1.0,14,33,1198.0,0.5187154376746251,73.99585950363422,66.15734360107594,8.451966798707081,825.9450235878651,2243.207270206651,2988.1449573035475,651.9549097650962,568.5334878773151,1767.6565596611358,1079.483073213693,1908.661884089854,36.951985091710156,3,1,0,0,2,51.0,51.0,51.0,0.6847731582791985,0.0,0.0,0.0,1,0,0.0,0.6847731582791985,0.0,0.3152268417208015,0.0,0.3152268417208015,0.6847731582791985,0.0,0.0,0.0,7,0,2021,6,16,2,0,0,0,1,0,1,GRAVE_MORTALIDAD,2
5,1,3,0,4,1,-15.705730301171057,-71.03510884908317,0,4,7,1,2,1,1,0,568.5409999999999,1.0,2,3,0.0,9,3,93.0,0.45232467669721,81.5890147505345,57.96045093374806,5.781245017021289,636.3854220064679,1360.5088201246695,10322.272,1495.236,1749.739,7077.2970000000005,2886.595,7435.677000000001,27.964725207783708,5,1,0,0,4,44.49823286219792,44.24734929329688,44.74911643109896,1.0,0.0,0.0,0.0,1,0,0.0,1.0,0.0,0.12544178445052,0.0,0.0,1.0,0.0,0.0,0.0,4,0,2023,8,11,4,0,0,0,1,0,1,GRAVE_MORTALIDAD,2
6,1,9,0,4,1,-12.111183018800562,-75.41606589975106,5,4,1,0,5,2,2,0,6543.555,2.0,4,4,1.0,14,33,1198.0,0.2151429866795283,68.15192781212494,58.64771362749448,3.8484825681382677,176.5941567581031,1259.6345653115195,8322.439357934752,1496.212173007231,1921.0951081808757,4905.132076746644,1865.7635982510822,6456.675759683669,22.449091054764313,3,1,0,0,2,49.505381240071344,49.505381240071344,49.505381240071344,1.0,0.0,0.0,0.21351696570409406,1,0,0.0,0.0,0.0,1.0,0.0,1.0,0.0,0.0,0.0,0.0,11,1,2023,5,23,1,0,1,1,1,0,1,GRAVE_MORTALIDAD,2
5,1,5,0,4,2,-7.291809971461535,-78.34196705875124,0,4,0,0,1,1,1,0,6543.555,2.0,4,4,1.0,14,33,1198.0,0.3137898325911095,76.07144025485155,43.77048953918852,4.387197825038354,352.43306880856363,14225.455194847684,15935.565011852366,1733.9250000199986,935.692,13265.948011832368,2000.1670000199988,13935.398011832369,12.551591352627522,15,1,0,0,14,45.73812681348057,45.476253626961146,46.0,1.0,1.0,0.0,0.018060219759960527,1,0,0.0,0.0,0.9819397802400395,0.018060219759960527,0.0,0.018060219759960527,0.9819397802400395,0.9819397802400395,1.0,0.9819397802400395,8,1,2022,8,25,6,1,1,2,1,0,1,GRAVE_MORTALIDAD,2
3,2,3,0,4,1,-16.268815558527926,-71.78473644336181,0,4,7,1,2,1,1,0,1722.980015365247,2.0,2,0,1.0,8,28,319.62528510352894,0.5019587517629542,82.91713739155257,62.588620309864766,7.233284281108907,701.9184913216743,981.0750320297896,10322.272,1495.236,1749.739,7077.2970000000005,2886.595,7435.677000000001,27.964725207783708,4,2,0,0,2,35.20682096869196,31.965456774953566,38.44818516243035,1.0,0.48272838747678337,0.0,0.48272838747678337,2,0,0.0,1.0,0.0,1.0,0.0,0.5172716125232166,1.0,0.0,0.0,0.0,13,3,2021,12,16,4,0,0,0,1,0,1,GRAVE_MORTALIDAD,2
7,1,7,0,4,1,-13.97378471769677,-71.43564373988475,1,4,4,1,2,1,0,2,7586.903,2.0,2,0,1.0,9,5,1198.0,0.3002066815476064,71.59213241121414,56.21794468311641,4.695121056333052,291.7041436388793,10416.469991666941,17779.13499998999,2097.3709999899997,2863.123,12818.640999999989,2878.713,14900.421999989989,16.19152450331032,14,1,0,0,13,32.46871950318108,29.98609755696937,34.95134144939279,1.0,0.0,0.0,1.0,1,0,0.0,0.3310162594948949,0.6689837405051051,0.3310162594948949,0.0,0.3310162594948949,1.0,0.0,0.0,0.0,17,3,2023,10,20,0,0,1,2,1,0,1,GRAVE_MORTALIDAD,2
1,1,12,1,4,1,-8.411988596691442,-78.77522444643105,0,1,7,1,2,2,2,0,6543.555,2.259696940100916,3,2,1.0,10,32,1269.9360524079536,0.5051395598219868,77.13285387085847,51.52067479184955,6.715328807318118,900.900383457586,67612.41755888652,8931.828000000005,1335.5899999999997,1935.9830000000004,5660.255000000005,1219.309,7712.519000000005,13.651281686122925,3,1,0,0,1,37.0,33.259696940100916,40.0,0.25969694010091593,0.0,0.0,0.25969694010091593,1,0,0.7403030598990841,0.25969694010091593,0.0,0.25969694010091593,0.0,0.25969694010091593,0.25969694010091593,0.0,0.25969694010091593,0.0,9,1,2021,1,6,2,0,0,0,1,0,1,GRAVE_MORTALIDAD,2
6,1,3,0,4,2,-16.248364278758167,-72.10060851916222,0,4,0,0,5,2,2,0,6543.555,2.0,4,4,1.0,14,33,1198.0,0.4906230708542766,79.59052407516224,63.86045525298908,6.956268132987568,702.854709180673,850.3421893480734,10322.272,1495.236,1749.739,7077.2970000000005,2886.595,7435.677000000001,27.964725207783708,5,1,0,0,4,51.56797527585813,51.56797527585813,51.56797527585813,0.31276072742181593,0.0,0.0,0.6872392725781841,1,0,0.0,0.0,0.0,1.0,0.0,1.0,0.0,0.0,0.6872392725781841,0.0,12,1,2022,8,19,4,0,1,0,1,0,1,GRAVE_MORTALIDAD,2
3,2,7,0,4,1,-15.228437739930719,-71.14619499909405,0,4,0,1,2,1,0,2,568.5409999999999,1.0,2,3,0.0,9,3,93.0,0.40955135026297873,68.50342324043875,63.96958698491274,6.012982806457651,574.6080861194321,1188.6965789514077,17779.13499998999,2097.3709999899997,2863.123,12818.640999999989,2878.713,14900.421999989989,16.19152450331032,13,2,0,0,11,39.885543097751736,33.78764978946723,45.98343640603625,1.0,0.0,0.0,0.8268071127810328,2,0,0.0,0.0,0.1731928872189672,0.8268071127810328,0.0,0.8268071127810328,1.0,0.0,0.8268071127810328,0.0,14,2,2022,2,12,0,0,0,2,1,0,1,GRAVE_MORTALIDAD,2
3,2,17,2,4,2,-14.129248632183096,-72.95730162491877,0,3,4,1,2,1,1,1,3545.5070260799544,2.0,2,1,1.0,9,28,628.6295112367643,0.6524102325844217,76.26400346541685,78.51546471347002,10.919931861663885,1190.1808067978702,240113.7670803794,11205.553188505355,1884.126028230915,2048.2931124481306,7273.13404782631,2706.8155864499495,8498.737602055406,24.091988752170316,8,3,0,0,4,40.050465112191894,30.911023246822168,52.759627910246486,1.0,0.0,0.0,0.5949534887808106,3,0,0.0,0.5949534887808106,0.0,1.0,0.0,1.0,0.5949534887808106,0.5949534887808106,0.5949534887808106,0.5949534887808106,9,1,2022,10,18,0,0,1,1,1,0,1,GRAVE_MORTALIDAD,2
2,1,10,0,4,1,-13.672238973779988,-76.04558659680418,0,4,7,1,2,2,2,0,1375.7766015049558,1.381680085286216,2,2,1.0,9,25,253.1680085286216,0.5362099714910231,75.58634429619933,70.06287051614933,8.37699233829112,827.6525052406932,14598.420944678182,3721.461,698.1859999999996,744.866,2278.409,1102.9029999999996,2618.558,29.636290693359403,3,1,0,0,1,25.732826979382793,24.93893361762072,26.526720341144866,1.0,1.0,0.0,0.0,1,0,0.0,0.793893361762072,0.0,0.20610663823792796,0.20610663823792796,0.0,0.793893361762072,0.20610663823792796,0.20610663823792796,0.20610663823792796,4,0,2021,9,25,4,0,0,0,1,0,1,GRAVE_MORTALIDAD,2
6,1,14,0,4,1,-10.472004848618699,-77.09484078837987,0,4,4,0,6,1,1,0,1028.519183220423,-1.0,0,0,0.010659362160376218,9,31,402.3991156328682,0.39331073754327905,72.20111061225496,62.008673559599536,6.413092260123593,460.4895731168904,807.0362996046996,7626.313,1683.4029999999998,1599.0829999999996,4343.827000000001,1814.875,5811.438000000001,23.797541485643197,3,1,0,0,2,46.05329681080188,46.05329681080188,46.05329681080188,1.0,0.0,0.0,0.0,1,0,0.0,0.9893406378396238,0.010659362160376218,0.0,0.0,0.0,1.0,0.0,0.0,0.0,8,1,2022,8,9,3,0,0,0,1,0,1,GRAVE_MORTALIDAD,2
5,2,5,0,4,1,-7.207135522932849,-78.92796857814737,4,4,2,0,2,0,1,2,887.28,2.0,2,0,1.0,8,17,155.0,0.4480267640080333,71.14468566475684,52.906504910371794,6.654551280768169,719.9363496664146,2902.9988236308886,15935.565011852366,1733.9250000199986,935.692,13265.948011832368,2000.1670000199988,13935.398011832369,12.551591352627522,5,2,0,0,3,42.443787444154,32.07495007446134,52.81262481384665,1.0,0.3208416542564432,0.3208416542564432,0.3208416542564432,2,0,0.0,1.0,0.3208416542564432,0.6791583457435568,0.3208416542564432,0.6791583457435568,1.0,0.0,1.0,0.3208416542564432,10,1,2021,3,14,0,0,0,2,1,0,1,GRAVE_MORTALIDAD,2
6,1,7,0,4,0,-13.08841804958957,-71.56168295049196,0,4,0,1,1,1,1,2,6559.257057324712,2.0,3,3,1.0,13,32,1198.0,0.36251779894715724,62.749172662122895,65.90642950975685,6.005553783723224,457.97615802157407,5313.9138114390435,17779.13499998999,2097.3709999899997,2863.123,12818.640999999989,2878.713,14900.421999989989,16.19152450331032,3,1,0,0,1,67.65385727631781,67.65385727631781,67.65385727631781,1.0,0.9849503163616441,0.015049683638355904,0.015049683638355904,1,0,0.0,0.0,0.0,1.0,0.0,1.0,0.0,0.0,0.9849503163616441,0.0,21,2,2024,7,6,4,0,0,2,1,0,1,GRAVE_MORTALIDAD,2