CLASE SINIESTRO,CANTIDAD DE VEHICULOS DAÑADOS,DEPARTAMENTO,ZONA,TIPO DE VÍA,RED VIAL,COORDENADAS LATITUD,COORDENADAS  LONGITUD,CONDICIÓN CLIMÁTICA,ZONIFICACIÓN,CARACTERÍSTICAS DE VÍA,PERFIL LONGITUDINAL VÍA,SUPERFICIE DE CALZADA,¿EXISTE SEÑAL VERTICAL?,¿EXISTE SEÑAL HORIZONTAL?,CAUSA FACTOR PRINCIPAL,MTC_RVN_LONGITUD_KM,MTC_RVN_N_CARRILES_MEDIANA,MTC_RVN_SUPERFICIE_DOMINANTE,MTC_RVN_ESTADO_DOMINANTE,MTC_RVN_ES_CONCESIONADA,MTC_RVN_CONCESION_PRINCIPAL,MTC_RVN_CORREDOR_LOGISTICO,MTC_RVN_N_TRAMOS,IDH_2019,IDH_ESP_VIDA_2019,IDH_EDUC_SECUND_PCT_2019,IDH_ANIOS_EDUC_2019,IDH_INGRESO_PERCAP_2019,IDH_POBLACION_2019,MTC_DEP_RED_TOTAL_KM,MTC_DEP_NACIONAL_TOTAL_KM,MTC_DEP_DEPARTAMENTAL_TOTAL_KM,MTC_DEP_VECINAL_TOTAL_KM,MTC_DEP_PAV_TOTAL_KM,MTC_DEP_NO_PAV_TOTAL_KM,MTC_DEP_PCT_PAVIMENTADA,PER_TOTAL_PERSONAS,PER_N_CONDUCTORES,PER_N_CONDUCTORES_FUGADOS,PER_N_PEATONES,PER_N_PASAJEROS_OCUPANTES,PER_EDAD_COND_PROM,PER_EDAD_COND_MIN,PER_EDAD_COND_MAX,PER_ANY_COND_MASCULINO,PER_ANY_LIC_PROBLEMA,PER_ANY_DOSAJE_POS,PER_ANY_DOSAJE_EVALUADO,VEH_TOTAL,VEH_N_FUGADOS,VEH_ANY_FUGADO,VEH_ANY_CARGA,VEH_ANY_PUBLICO,VEH_ANY_PARTICULAR,VEH_ANY_MOTO,VEH_ANY_AUTO,VEH_ANY_CAMION_BUS,VEH_ANY_SOAT_PROBLEMA,VEH_ANY_CITV_PROBLEMA,VEH_ANY_SEGURO_PROBLEMA,HORA_NUM,FRANJA_HORARIA,ANIO,MES,DIA_MES,DIA_SEMANA,ES_FIN_SEMANA,ES_QUINCENA,REGION_NATURAL,TIENE_SEÑALIZACION,ES_VIA_MULTICARRIL,ES_DEPTO_BAJO_PAVIMENTO,CATEGORIA_SEVERIDAD,CATEGORIA_SEVERIDAD_ENC
6,1,12,0,4,0,-7.561975312669173,-77.70223702663968,1,4,7,1,6,2,2,1,6543.555,2.0,4,4,1.0,14,33,1198.0,0.21869868201481094,82.17759875847412,21.37707319782562,3.8030514684999184,194.06185258928383,3498.7467383207663,8931.828000000005,1335.5899999999997,1935.9830000000004,5660.255000000005,1219.309,7712.519000000005,13.651281686122925,4,1,0,0,3,49.19258284619225,49.19258284619225,49.19258284619225,1.0,0.0,0.0,0.0,1,0,0.0,0.9711636730782947,0.0,0.028836326921705346,0.0,0.0,1.0,0.0,0.0,0.0,4,0,2022,3,9,2,0,0,0,1,0,1,GRAVE_MORTALIDAD,2
6,1,20,0,4,1,-15.12988932097931,-69.83120686764683,0,4,0,1,2,2,2,2,6896.352680704605,2.0,3,2,1.0,12,23,1198.0,0.29280094799081785,69.47044467748165,63.20126862103796,5.632486747411527,248.8443960761414,5600.211723490429,13642.312999999998,2020.7790000000005,2354.117,9267.416999999998,3314.0520000000006,10328.260999999997,24.29244952817019,2,1,0,0,1,61.97116006909715,61.97116006909715,61.97116006909715,1.0,1.0,0.0,0.0,1,0,0.0,0.0,0.0,1.0,0.0,0.0,1.0,0.6618600115161916,0.6618600115161916,0.6618600115161916,18,2,2022,7,11,3,0,0,2,1,0,1,GRAVE_MORTALIDAD,2
6,1,11,0,4,1,-11.799291681998612,-75.7182107463377,0,4,6,0,6,2,2,2,6656.083487874556,2.0,3,3,1.0,13,29,1198.0,0.4282985393928814,68.04476879539791,57.4782583004486,7.728014895548963,588.0923831560631,1549.1421205052723,12264.545,1826.4639999999995,1105.5389999999998,9332.542,1588.5359999999996,10676.009,12.952261987705208,8,1,0,0,7,20.88271752424313,20.88271752424313,20.88271752424313,1.0,0.8921467354376909,0.0,1.0,1,0,0.0,0.8921467354376909,0.0,0.10785326456230915,0.0,0.0,1.0,0.0,0.0,0.0,14,3,2022,4,5,0,0,0,2,1,0,1,GRAVE_MORTALIDAD,2
3,2,10,0,4,1,-14.576161686555189,-75.21458027595023,0,4,7,1,2,2,2,0,6639.975,2.0,2,0,1.0,9,31,1616.0,0.5692144188012207,77.50228397983395,68.71873313930114,8.649129151421363,954.244790682877,27932.19700214133,3721.461,698.1859999999996,744.866,2278.409,1102.9029999999996,2618.558,29.636290693359403,3,2,0,0,1,37.47539013723112,33.688475343077805,41.26230493138444,1.0,0.0,0.0,0.7376950686155604,2,0,0.0,0.7376950686155604,0.26230493138443955,1.0,0.26230493138443955,0.7376950686155604,1.0,0.0,0.0,0.0,1,0,2021,9,24,3,0,1,0,1,0,1,GRAVE_MORTALIDAD,2
6,1,8,0,4,1,-13.435551210945365,-74.95514789033986,0,4,6,0,2,1,0,0,1679.5849999999998,2.0,2,3,1.0,9,24,315.0,0.2997946406100768,72.83003345209801,46.42647217987546,4.997510303405721,292.6881439974165,3327.8779443254816,8511.426,1445.3929999999996,2008.516,5057.516999999999,1879.579,6631.846999999998,22.08300935706896,11,1,0,0,10,35.87221529388042,35.87221529388042,35.87221529388042,1.0,0.0,0.0,0.16111210087422556,1,0,0.0,0.0,0.16111210087422556,0.8388878991257744,0.0,0.8388878991257744,0.16111210087422556,0.0,0.0,0.0,8,0,2024,7,24,4,0,1,2,1,0,1,GRAVE_MORTALIDAD,2
0,1,14,1,4,1,-11.812492686481399,-77.12993922654057,0,4,7,1,2,2,2,0,6543.555,3.0,2,0,1.0,0,30,1475.0,0.6688889885290078,77.65971620762488,72.11797581870952,9.343568875150348,1392.9562465448405,54956.252676659526,7626.313,1683.4029999999998,1599.0829999999996,4343.827000000001,1814.875,5811.438000000001,23.797541485643197,3,1,0,1,0,43.919191836684774,43.6767673467391,44.16161632663045,1.0,0.0,0.0,0.0,1,0,0.0,1.0,0.0,0.03232326532609031,0.0,0.03232326532609031,1.0,0.0,0.0,0.0,13,2,2024,4,18,4,0,1,0,1,1,1,GRAVE_MORTALIDAD,2
4,1,10,0,4,1,-9.908366954236548,-77.221629790279,0,4,7,1,4,2,2,1,6543.555,2.520182935732394,2,1,1.0,6,31,1342.090673197873,0.4411339459926499,75.73090534013066,55.89622635673725,6.046236246680555,661.9611476487803,24716.496693584602,8730.111946547771,1388.2753531077756,1970.7855711225225,5371.051022317473,1536.1178130239723,7193.994133523799,17.696968503900194,6,1,0,0,4,45.78027440359859,40.318353578408455,51.242195228788724,1.0,0.5201829357323937,0.0,0.0,1,0,0.0,0.0,0.5201829357323937,0.4798170642676063,0.5201829357323937,0.4798170642676063,0.5201829357323937,0.0,0.4798170642676063,0.5201829357323937,11,0,2024,7,5,1,0,0,0,1,0,1,GRAVE_MORTALIDAD,2
4,1,12,0,4,0,-8.48605832800733,-78.55710240160474,0,4,7,1,4,2,2,1,6543.555,2.567128707532373,2,1,1.0,6,31,1355.0946519864674,0.4971504606547645,77.79759708660042,46.44666297237219,6.322206801902116,929.9716106661404,44368.59100642397,8931.828000000005,1335.5899999999997,1935.9830000000004,5660.255000000005,1219.309,7712.519000000005,13.651281686122925,7,1,0,0,5,37.626138504413646,29.40277224519424,45.84950476363305,1.0,0.0,0.0,0.0,1,0,0.0,0.567128707532373,0.567128707532373,0.432871292467627,0.0,0.567128707532373,1.0,0.0,0.567128707532373,0.0,15,3,2022,8,17,2,0,0,0,1,0,1,GRAVE_MORTALIDAD,2
6,1,12,0,4,2,-7.423950838934372,-77.67661373407681,0,4,7,1,3,2,2,0,6543.555,2.0,4,4,1.0,14,33,1198.0,0.3464334614555409,78.02084963556044,37.4589372791854,5.395218766394237,444.0630492016605,1802.3053858352214,8931.828000000005,1335.5899999999997,1935.9830000000004,5660.255000000005,1219.309,7712.519000000005,13.651281686122925,3,1,0,0,2,42.92086101315349,42.92086101315349,42.92086101315349,1.0,0.0,0.0,0.0,1,0,0.0,0.5611511466719561,0.0,0.4388488533280439,0.0,0.0,1.0,0.0,0.4388488533280439,0.0,14,1,2022,11,7,3,0,0,0,1,0,1,GRAVE_MORTALIDAD,2
6,1,7,0,4,2,-13.793484790533881,-71.7271943388315,0,4,0,0,7,2,2,3,6543.555,2.0,4,4,1.0,14,33,1198.0,0.19106972379377696,67.02199795984824,44.49511386727325,4.018481037013349,149.74643911350807,5518.068712234265,17779.13499998999,2097.3709999899997,2863.123,12818.640999999989,2878.713,14900.421999989989,16.19152450331032,9,1,0,0,8,37.95059414764651,37.95059414764651,37.95059414764651,1.0,0.5247029261767443,0.0,0.0,1,0,0.0,0.0,0.0,1.0,0.0,0.5247029261767443,0.4752970738232557,0.0,0.0,0.0,17,2,2021,7,25,2,0,1,2,1,0,1,GRAVE_MORTALIDAD,2
6,1,6,0,4,0,-12.965746621955672,-74.35789807922258,1,4,1,1,2,1,0,0,6762.0289779134055,2.0,3,3,1.0,12,27,1198.0,0.1696586698902678,73.90461460628057,54.47539228737697,3.3519773733419527,107.88554149792995,7607.108141705754,8479.502374993972,1411.273428285513,1859.7563676287648,5208.472579079694,1786.0003025437445,6693.5020724502265,21.04784605336736,4,1,0,0,3,53.16241185907902,53.16241185907902,53.16241185907902,1.0,0.7906029647697553,0.0,0.0,1,0,0.0,0.0,0.20939703523024467,0.7906029647697553,0.0,0.7906029647697553,0.20939703523024467,0.0,0.0,0.0,10,1,2024,7,22,2,0,1,2,1,0,1,GRAVE_MORTALIDAD,2
3,1,18,0,4,1,-11.76889958369964,-75.4206421143565,0,4,6,0,2,2,2,2,1046.7714019787877,2.0,2,2,0.0,9,24,940.8678536115028,0.5463585882453482,75.43884988760048,72.5268586652062,8.748082343226889,838.5776654462502,2419.3299387682764,3540.0314898496586,573.4123286130637,854.2916382838312,2112.3275229527644,654.6880931999003,2885.3433966497587,19.307547899948887,3,1,0,0,2,37.33543089505551,36.46897398456106,38.20188780554996,1.0,0.0,0.0,1.0,1,0,0.0,0.8664569104944488,0.0,1.0,0.0,0.0,1.0,0.0,0.0,0.0,18,1,2022,12,14,3,0,0,1,1,0,1,GRAVE_MORTALIDAD,2
3,1,13,2,2,3,-10.84372691093424,-77.68688725068236,0,0,2,1,2,1,1,0,6543.555,2.310577015550787,3,2,1.0,9,32,1284.029833307568,0.7582462506377561,79.7436996608683,75.23727206870659,11.723790035669802,1691.1399068382118,75411.74894762869,8031.775952456787,1575.3802764902339,1703.71639653906,4752.679279427494,1629.9058891564798,6401.870063300308,20.646346398105262,3,2,0,0,1,53.65192178228898,35.5153838755937,71.78845968898426,1.0,0.3105770155507873,0.0,0.0,2,0,0.0,0.3105770155507873,1.0,0.6894229844492127,0.3105770155507873,0.6894229844492127,1.0,0.0,0.0,0.3105770155507873,16,3,2023,6,12,4,0,0,0,1,0,1,GRAVE_MORTALIDAD,2
6,1,4,0,4,0,-13.989398685470672,-74.07201227960273,0,4,4,0,1,2,2,2,6543.555,2.0,4,4,1.0,14,33,1198.0,0.31409122847382526,73.93737591862954,41.9368995274858,5.462834298621566,337.3946753324151,1026.4511995904077,12678.733000000004,1805.074000000001,1774.0339999999994,9099.625000000004,2485.375000000001,10193.358000000002,19.602707936195205,11,1,0,0,10,29.375396556980338,29.375396556980338,29.375396556980338,1.0,0.0,0.0,0.3842739465548273,1,0,0.0,0.0,0.6157260534451727,0.3842739465548273,0.0,0.3842739465548273,0.6157260534451727,0.3842739465548273,0.3842739465548273,0.0,11,1,2024,3,19,2,0,0,2,1,0,1,GRAVE_MORTALIDAD,2
3,2,12,0,4,1,-13.188687048498329,-75.82035697864211,4,2,4,0,2,1,1,0,7658.895056323299,2.0,2,0,1.0,9,31,2300.233675082746,0.6240144220763865,79.21954246144936,77.77391265554108,10.007011871295122,1028.9584412757363,31560.260385074413,3707.757432192024,656.8974115820323,796.161583178211,2254.6984374317813,944.6623733133497,2763.0950588786745,25.44335156599768,4,2,0,0,2,46.9371245928232,43.58283279043094,50.29141639521547,1.0,0.0,0.0,1.0,2,0,0.0,1.0,0.0,0.0,0.0,0.30904863373204416,1.0,0.0,0.0,0.0,14,3,2023,3,9,2,0,0,0,1,0,1,GRAVE_MORTALIDAD,2
4,1,10,0,4,1,-14.126084205197309,-72.67347984249591,0,4,2,0,2,1,0,2,1713.2323776875987,2.0,1,1,0.5958515682229437,9,27,383.70523340209957,0.23691488494582497,71.7576283880362,50.830993144035034,4.422281874262255,179.27716996015522,14313.549393135454,13068.162345891738,1892.2508374764707,2008.47363475053,9167.437873664738,2820.2835099997164,10247.878835892021,21.498059646031532,23,1,0,0,22,47.9481446027868,44.91703136445888,50.979257841114716,1.0,0.0,0.0,0.5958515682229437,1,0,0.0,0.0,0.5958515682229437,0.4041484317770563,0.0,0.4041484317770563,1.0,0.0,0.4041484317770563,0.0,4,0,2022,3,14,1,0,0,2,1,0,1,GRAVE_MORTALIDAD,2
3,1,3,0,4,0,-16.53056517189981,-72.52214566030939,0,4,7,0,2,1,1,0,6627.9582972100125,2.0,2,0,1.0,9,31,1563.9051880707834,0.6077843615696785,76.53072135400231,69.81276959706165,8.77367759087771,1135.5159013374655,74658.55888650964,10322.272,1495.236,1749.739,7077.2970000000005,2886.595,7435.677000000001,27.964725207783708,17,1,0,0,15,48.3738862100183,44.872401156709365,51.87537126332723,1.0,0.0,0.0,0.8753712633272331,1,0,0.0,0.0,0.8753712633272331,0.12462873667276686,0.0,0.12462873667276686,0.8753712633272331,0.0,0.0,0.0,20,1,2023,10,20,2,0,1,0,1,0,1,GRAVE_MORTALIDAD,2
6,1,7,0,4,1,-13.10123031956414,-72.36117014807004,2,4,2,0,2,1,1,3,3447.8009999999995,1.0,2,3,0.0,9,12,1109.0,0.4706944943299555,76.79406176595778,61.64424635983724,7.141255198110581,653.4175319142125,3282.6252676659524,17779.13499998999,2097.3709999899997,2863.123,12818.640999999989,2878.713,14900.421999989989,16.19152450331032,3,1,0,0,2,42.690132066081716,42.690132066081716,42.690132066081716,1.0,0.0,0.0,0.0,1,0,0.0,0.41549339669591434,0.0,0.0,0.0,0.5845066033040857,0.41549339669591434,0.0,0.0,0.0,11,0,2022,3,14,0,0,0,2,1,0,1,GRAVE_MORTALIDAD,2
6,1,11,0,4,1,-12.057654779368445,-76.28881154037884,0,4,2,1,3,1,0,2,1064.448709872351,-0.1944477313033337,0,1,0.5972238656516669,9,15,204.9025986439683,0.46856899274892166,69.08498631256087,58.6602540614004,7.245474076273179,770.0137646646131,340.10530903680194,7982.815392601456,1587.5382522637528,1763.9928410146408,4631.284299323062,1840.9362269968744,6141.879165604581,23.10696886268005,3,1,0,0,2,39.72226823824667,39.72226823824667,39.72226823824667,1.0,0.40277613434833315,0.0,0.0,1,0,0.0,0.0,0.5972238656516669,0.40277613434833315,0.0,0.40277613434833315,0.5972238656516669,0.40277613434833315,0.40277613434833315,0.0,15,3,2022,5,12,2,0,0,0,1,0,1,GRAVE_MORTALIDAD,2
3,1,1,1,4,1,-9.013948932399074,-78.57678484872045,0,3,7,1,2,2,2,0,6543.555,3.0,2,0,1.0,0,30,1475.0,0.6442865415124961,78.6307179255476,73.88835800932797,10.583006560883476,1126.2337196521862,175745.984049734,10702.409683839678,1881.3462884032313,1201.5135017653015,7619.549893671148,2104.476493388095,8597.933190451586,19.694086660837733,2,2,0,0,0,46.981896369256305,42.38447655471445,51.579316183798156,1.0,0.0,0.0,0.036207261487384956,2,0,0.0,1.0,0.0,0.036207261487384956,0.0,0.0,1.0,0.0,0.0,0.0,4,0,2021,4,1,2,0,0,0,1,1,1,GRAVE_MORTALIDAD,2
6,1,12,0,4,0,-8.313615380930704,-78.062719269471,0,4,7,1,4,2,2,2,6543.555,2.4488586638052663,3,2,1.0,7,31,1322.3338498740586,0.4767847659608056,74.72263927799096,46.99439910189912,6.446636563312924,861.3493606231796,9619.182915462556,8931.828000000005,1335.5899999999997,1935.9830000000004,5660.255000000005,1219.309,7712.519000000005,13.651281686122925,2,1,0,0,1,55.93744530185793,55.93744530185793,55.93744530185793,1.0,0.0,0.0,0.0,1,0,0.0,0.0,0.0,1.0,0.0,0.4488586638052662,0.5511413361947338,0.0,0.0,0.0,15,1,2022,7,14,1,0,0,0,1,0,1,GRAVE_MORTALIDAD,2
3,2,7,0,4,1,-15.218942716236928,-71.10934373297931,0,4,0,1,2,0,1,2,568.5409999999999,1.0,2,3,0.0,9,3,93.0,0.37041843946669656,68.40133393111839,63.75526159295621,5.346911646100732,474.0609204136861,1140.7251144325824,17779.13499998999,2097.3709999899997,2863.123,12818.640999999989,2878.713,14900.421999989989,16.19152450331032,38,2,0,0,36,42.712850900654765,29.456595807440475,55.96910599386906,1.0,0.0,0.0,0.0,2,0,0.0,0.0,1.0,0.2913191614880949,0.0,0.0,1.0,0.0,0.2913191614880949,0.0,2,0,2023,10,21,2,0,0,2,1,0,1,GRAVE_MORTALIDAD,2
6,1,11,0,4,1,-8.504208860233923,-78.19838667553057,0,4,6,1,2,2,2,5,642.768840520687,1.885561836483152,1,0,0.8855618364831519,8,29,98.28342754724729,0.27432192740033723,73.74659272564509,46.81848462259034,4.7686869263847225,235.5401777456055,5397.747282619143,8883.717967181194,1348.15565366864,1944.283543314368,5591.278770198186,1294.8690862252693,7588.848880955925,14.61619311606018,16,1,0,0,15,53.65668550944945,53.65668550944945,53.65668550944945,1.0,0.1144381635168481,0.0,0.0,1,0,0.0,0.1144381635168481,0.8855618364831519,0.0,0.0,0.0,1.0,0.8855618364831519,0.0,0.8855618364831519,17,1,2022,5,19,5,1,0,0,1,0,1,GRAVE_MORTALIDAD,2
3,1,10,1,4,0,-12.73268288366499,-75.77884469998304,1,4,7,1,2,2,2,1,6610.525172693808,2.0,2,1,1.0,10,31,1488.32910377527,0.5597360421516363,74.49355678537319,64.75118374430248,8.851180921621454,1139.2184875814417,8508.042690751137,7850.090759536407,1560.939121571536,1507.1520134662758,4781.999624498596,1698.1410402633444,6151.949719273063,21.763947100664772,4,1,0,0,2,41.65271638304394,40.610865532175744,42.69456723391213,1.0,0.0,0.0,0.0,1,0,0.0,0.0,0.6945672339121292,1.0,0.0,1.0,0.6945672339121292,0.0,0.0,0.0,6,1,2023,2,13,1,0,0,0,1,0,1,GRAVE_MORTALIDAD,2
5,1,3,0,4,1,-17.081448999680624,-71.8459185747187,3,4,1,1,2,2,2,0,6564.646204516258,2.0,3,3,1.0,12,32,1289.4345933187678,0.6226378179586798,77.82555564322126,72.86473377510777,8.448215439627782,1192.3941432992985,7015.96505872386,10322.272,1495.236,1749.739,7077.2970000000005,2886.595,7435.677000000001,27.964725207783708,4,1,0,0,3,48.65645165970271,47.12525033618268,50.18765298322275,1.0,0.7812569537828522,0.0,0.0,1,0,0.0,0.0,0.0,1.0,0.0,1.0,0.0,0.7812569537828522,0.7812569537828522,0.0,6,0,2024,11,22,3,0,1,0,1,0,1,GRAVE_MORTALIDAD,2
4,2,10,0,4,1,-13.615972749094395,-76.01209094626059,0,4,7,1,2,2,2,0,1140.2069450201502,0.9022416937592737,2,1,1.0,10,26,205.22416937592737,0.5644164428262152,75.43199005920981,69.9235928806922,8.615126284278704,948.388055759649,5700.7522022563535,3721.461,698.1859999999996,744.866,2278.409,1102.9029999999996,2618.558,29.636290693359403,6,2,0,0,4,49.74768244654118,48.90224169375927,50.804483387518545,1.0,0.3659194354135754,0.0,0.6340805645864246,2,0,0.0,0.6340805645864246,0.0,1.0,0.6340805645864246,1.0,0.0,0.0,0.6340805645864246,0.6340805645864246,16,1,2022,10,2,1,0,0,0,1,0,1,GRAVE_MORTALIDAD,2
6,1,9,0,4,0,-11.892427812275647,-75.18264988113494,0,4,6,0,5,2,2,1,6543.555,2.0,4,4,1.0,14,33,1198.0,0.29372226791631273,75.3404586452549,48.72516105196134,4.7679670013304465,273.87265542557896,4996.526944287158,12364.613840547441,1821.2961233369633,1267.049037861456,9276.268679349021,1805.2145104535273,10559.399330093913,14.5590261025246,4,1,0,0,3,33.17442215836036,33.17442215836036,33.17442215836036,1.0,0.24160246204003988,0.0,1.0,1,0,0.0,0.0,0.0,0.0,0.7583975379599601,0.0,0.24160246204003988,1.0,1.0,0.0,10,2,2021,8,17,1,0,1,2,1,0,1,GRAVE_MORTALIDAD,2
3,1,12,0,4,1,-7.780543040178754,-78.68849552050607,0,4,7,1,3,2,2,3,6543.555,2.6722006635651123,2,1,1.0,4,30,1384.199583807536,0.43632093207365763,76.25439694390442,51.17726981965552,6.609238770181618,702.0188765413477,14843.525957660026,8931.828000000005,1335.5899999999997,1935.9830000000004,5660.255000000005,1219.309,7712.519000000005,13.651281686122925,4,1,0,1,1,47.796715593780135,36.03320398139067,59.5602272061696,1.0,0.0,0.0,0.0,1,0,0.0,1.0,0.0,0.6722006635651122,0.0,0.6722006635651122,1.0,0.0,0.6722006635651122,0.0,10,2,2023,5,20,5,0,0,0,1,0,1,GRAVE_MORTALIDAD,2
5,1,12,0,4,1,-8.58490639598195,-78.68686684600186,0,4,7,1,2,1,1,0,6543.555,2.1967587776716555,3,3,1.0,11,32,1252.5021814150487,0.4971504606547645,77.79759708660042,46.44666297237219,6.322206801902116,929.9716106661404,44368.59100642397,8931.828000000005,1335.5899999999997,1935.9830000000004,5660.255000000005,1219.309,7712.519000000005,13.651281686122925,5,1,0,0,4,28.344899220418146,26.967587776716556,29.722210664119736,1.0,0.0,0.0,0.19675877767165562,1,0,0.0,0.0,0.19675877767165562,0.8032412223283444,0.0,0.0,1.0,0.0,0.0,0.0,22,2,2023,5,6,2,0,0,0,1,0,1,GRAVE_MORTALIDAD,2
6,1,5,0,4,2,-6.9696314427482156,-78.84539281193585,0,4,7,0,1,2,2,1,6543.555,2.0,4,4,1.0,14,33,1198.0,0.32161780595278616,73.34370554951666,62.03075493876815,4.3558170151434545,341.1506924410955,3893.8280169523055,15935.565011852366,1733.9250000199986,935.692,13265.948011832368,2000.1670000199988,13935.398011832369,12.551591352627522,2,1,0,0,1,41.80871131124671,41.80871131124671,41.80871131124671,1.0,0.0,0.0,1.0,1,0,0.0,0.10434708041682317,0.0,0.8956529195831768,0.0,0.8956529195831768,0.10434708041682317,0.0,1.0,0.0,10,1,2023,10,28,3,0,1,2,1,0,1,GRAVE_MORTALIDAD,2
5,1,1,0,4,1,-8.721084075026708,-77.5946267623579,0,4,0,0,2,1,1,0,1588.4975361475767,1.1055983960261409,0,3,0.0,9,25,236.22896360533363,0.5218580564003675,74.89308277765747,55.632148431432775,8.964325037446763,835.2565192707503,5221.863317683071,10767.648,1885.0630000000003,1222.721,7659.864000000001,2100.343,8667.305000000002,19.506051832303577,9,1,0,0,8,38.36959438609149,37.89440160397386,38.84478716820913,1.0,0.0,0.0,0.10559839602614096,1,0,0.0,0.10559839602614096,0.0,0.10559839602614096,0.0,0.10559839602614096,1.0,0.0,0.0,0.0,13,3,2022,1,6,5,1,0,0,1,0,1,GRAVE_MORTALIDAD,2
6,1,8,0,4,1,-13.425134331926495,-75.2792632029654,0,4,5,1,3,2,2,0,1621.841337344203,1.706549802282827,1,3,0.7065498022828269,9,21,301.7947411027272,0.37724753306480097,60.60640596182171,57.23021659758428,6.857432358498048,535.3907499899666,275.7054258901941,8511.426,1445.3929999999996,2008.516,5057.516999999999,1879.579,6631.846999999998,22.08300935706896,22,1,0,0,21,34.30479683652523,34.30479683652523,34.30479683652523,1.0,0.29345019771717307,0.0,0.0,1,0,0.0,0.0,0.7065498022828269,0.29345019771717307,0.0,0.29345019771717307,0.7065498022828269,0.29345019771717307,0.29345019771717307,0.0,5,0,2021,9,4,5,1,0,2,1,0,1,GRAVE_MORTALIDAD,2
4,1,19,0,4,1,-17.582195355158316,-71.23700449308649,0,4,3,0,2,1,1,2,1926.94,2.0,2,0,1.0,9,32,393.0,0.7270194649279171,76.21035981195885,70.28570850118224,11.316591603455091,1658.62499078427,3077.3880258836866,2800.0077586984858,550.4066171019192,695.3956021674616,1554.205539429105,967.4827221273772,1832.5250365711086,34.84453833266956,2,1,0,0,1,47.241650973797945,43.49503571415013,50.988266233445756,1.0,0.5004512987136248,0.0,0.4995487012863752,1,0,0.0,0.4995487012863752,0.0,0.0,0.0,1.0,0.4995487012863752,0.0,0.0,0.0,18,2,2021,8,20,3,0,0,0,1,0,1,GRAVE_MORTALIDAD,2
6,1,9,0,4,0,-10.175632180466575,-76.28297429287647,0,3,0,0,1,2,2,1,6556.096391593682,2.0,3,3,1.0,13,32,1252.3694429180566,0.6025368969737364,72.35153523197411,72.147906592936,10.108648444644137,1091.9253295948863,93826.24408332673,8133.259232909474,1378.9928978782316,896.9576306120122,5857.30870441923,1158.0642615172712,6975.194971392202,14.32688634743102,4,1,0,0,3,21.65035218801503,21.65035218801503,21.65035218801503,1.0,0.8699295623969936,0.0,0.8699295623969936,1,0,0.0,0.0,0.8699295623969936,0.1300704376030064,0.8699295623969936,0.0,0.1300704376030064,0.0,1.0,0.0,4,0,2021,7,24,0,0,0,1,1,0,1,GRAVE_MORTALIDAD,2
3,1,16,0,4,1,-5.7018947276199565,-79.77090319660753,0,4,7,0,2,2,2,0,1283.5798172444943,1.6214147269212902,1,0,0.8738049089737634,2,21,164.26195091026236,0.38252969093886263,73.82525259899211,48.79429348575962,4.565227354731176,589.456023287787,12564.995087779327,9193.224567453686,1795.3660523413619,710.9116196913424,6686.946895420982,2200.09831607069,6993.126251382996,24.043974599216874,5,1,0,0,3,37.76673127436731,29.90248709360344,45.630975455131185,1.0,0.0,0.0,0.8738049089737634,1,0,0.0,0.8738049089737634,0.1261950910262366,0.8738049089737634,0.8738049089737634,0.0,1.0,0.1261950910262366,0.8738049089737634,0.0,14,3,2023,10,18,4,0,1,0,1,0,1,GRAVE_MORTALIDAD,2
5,1,16,0,4,1,-5.956701762763678,-79.91170418285452,0,4,7,0,2,1,1,0,6543.555,3.0,2,0,1.0,0,30,1475.0,0.5442698095840596,78.28809097568737,69.00219266246359,8.180674444415216,844.2387541945965,10588.36711875635,2670.3435083173276,393.7610915666047,560.1589762294809,1716.4234405212424,566.0148690331173,2104.3286392842106,22.622547561343747,51,1,0,0,50,54.16842377744132,49.014742473378725,59.32210508150391,1.0,0.32210508150391215,0.0,1.0,1,0,0.0,0.32210508150391215,0.0,0.32210508150391215,0.32210508150391215,0.0,1.0,0.0,0.32210508150391215,0.0,3,0,2022,7,15,1,0,1,0,1,1,1,GRAVE_MORTALIDAD,2
4,1,9,0,4,0,-11.1920260024016,-75.10532389716258,1,4,7,1,1,2,2,0,6584.817491690132,2.0,3,2,1.0,11,32,1376.8811608221827,0.4450486630760501,72.73899509305924,48.0121307846626,5.7644325162064725,796.6254732522634,6806.086891941005,3367.44799163654,930.685911409397,543.2261398985362,1893.5359403286068,997.131672037378,2370.316319599162,31.082042467079198,5,1,0,0,3,38.27653195867307,33.711781443274475,41.414797938009606,1.0,0.42794536081861856,0.0,0.0,1,0,0.0,0.42794536081861856,0.0,0.5720546391813814,0.0,1.0,0.42794536081861856,0.0,0.0,0.0,11,1,2021,7,18,0,0,0,0,1,0,1,GRAVE_MORTALIDAD,2