CLASE SINIESTRO,CANTIDAD DE VEHICULOS DAÑADOS,DEPARTAMENTO,ZONA,TIPO DE VÍA,RED VIAL,COORDENADAS LATITUD,COORDENADAS  LONGITUD,CONDICIÓN CLIMÁTICA,ZONIFICACIÓN,CARACTERÍSTICAS DE VÍA,PERFIL LONGITUDINAL VÍA,SUPERFICIE DE CALZADA,¿EXISTE SEÑAL VERTICAL?,¿EXISTE SEÑAL HORIZONTAL?,CAUSA FACTOR PRINCIPAL,MTC_RVN_LONGITUD_KM,MTC_RVN_N_CARRILES_MEDIANA,MTC_RVN_SUPERFICIE_DOMINANTE,MTC_RVN_ESTADO_DOMINANTE,MTC_RVN_ES_CONCESIONADA,MTC_RVN_CONCESION_PRINCIPAL,MTC_RVN_CORREDOR_LOGISTICO,MTC_RVN_N_TRAMOS,IDH_2019,IDH_ESP_VIDA_2019,IDH_EDUC_SECUND_PCT_2019,IDH_ANIOS_EDUC_2019,IDH_INGRESO_PERCAP_2019,IDH_POBLACION_2019,MTC_DEP_RED_TOTAL_KM,MTC_DEP_NACIONAL_TOTAL_KM,MTC_DEP_DEPARTAMENTAL_TOTAL_KM,MTC_DEP_VECINAL_TOTAL_KM,MTC_DEP_PAV_TOTAL_KM,MTC_DEP_NO_PAV_TOTAL_KM,MTC_DEP_PCT_PAVIMENTADA,PER_TOTAL_PERSONAS,PER_N_CONDUCTORES,PER_N_CONDUCTORES_FUGADOS,PER_N_PEATONES,PER_N_PASAJEROS_OCUPANTES,PER_EDAD_COND_PROM,PER_EDAD_COND_MIN,PER_EDAD_COND_MAX,PER_ANY_COND_MASCULINO,PER_ANY_LIC_PROBLEMA,PER_ANY_DOSAJE_POS,PER_ANY_DOSAJE_EVALUADO,VEH_TOTAL,VEH_N_FUGADOS,VEH_ANY_FUGADO,VEH_ANY_CARGA,VEH_ANY_PUBLICO,VEH_ANY_PARTICULAR,VEH_ANY_MOTO,VEH_ANY_AUTO,VEH_ANY_CAMION_BUS,VEH_ANY_SOAT_PROBLEMA,VEH_ANY_CITV_PROBLEMA,VEH_ANY_SEGURO_PROBLEMA,HORA_NUM,FRANJA_HORARIA,ANIO,MES,DIA_MES,DIA_SEMANA,ES_FIN_SEMANA,ES_QUINCENA,REGION_NATURAL,TIENE_SEÑALIZACION,ES_VIA_MULTICARRIL,ES_DEPTO_BAJO_PAVIMENTO,CATEGORIA_SEVERIDAD,CATEGORIA_SEVERIDAD_ENC
3,2,4,0,4,1,-9.653538553900317,-77.26177982528671,0,4,4,1,2,2,2,0,7221.420868656157,2.0,2,0,1.0,9,25,1884.793396461896,0.5139966953147663,73.39536633743559,60.30019274962867,7.22183609667791,931.0254848493496,7691.482616185616,3816.2254896837644,935.7510108555442,661.7594490567869,2218.7150297714334,1020.075120740546,2796.1503689432184,26.795097729902572,4,2,0,0,2,52.51878307975937,38.599549288799764,66.43801687071898,1.0,0.5199098577599536,0.0,0.4800901422400464,2,0,0.0,1.0,0.0,1.0,0.5199098577599536,0.4800901422400464,1.0,0.0,0.5199098577599536,0.0,19,2,2022,10,15,4,0,0,0,1,0,1,GRAVE_MORTALIDAD,2
3,2,10,0,4,1,-14.859780141374513,-74.85976152029647,0,3,3,0,2,1,1,2,4401.51087447357,2.0,2,0,1.0,6,28,852.6023024124353,0.5563774842369664,77.00938809632027,69.10246351364754,8.476961866273152,914.8835608305218,27932.19700214133,3721.461,698.1859999999996,744.866,2278.409,1102.9029999999996,2618.558,29.636290693359403,5,2,0,0,3,47.823038260822315,40.45703631716334,55.189040204481294,1.0,0.0,0.4914072634326684,1.0,2,0,0.0,0.0,0.4914072634326684,0.4914072634326684,0.0,0.5085927365673316,1.0,0.0,0.0,0.0,22,2,2022,6,9,3,0,0,0,1,0,1,GRAVE_MORTALIDAD,2
3,2,20,0,3,1,-5.998153395540302,-78.79972503904985,0,4,5,0,2,1,1,0,1924.035948319427,-0.1659308853955923,2,3,0.27802303820146923,10,32,358.34079342830876,0.48866616933046425,78.57557581490308,53.52446028751333,6.769997741679896,801.4067037830565,125606.59255307664,7220.7768500028915,1396.0392135091631,824.532548096266,5000.2050883974625,1671.5518625784011,5549.22498742449,20.536949371818075,15,2,0,0,13,27.52691936629486,25.497792656186775,29.55604607640294,1.0,0.7219769617985308,1.0,1.0,2,0,0.0,0.7219769617985308,0.7219769617985308,0.27802303820146923,0.27802303820146923,0.0,0.7219769617985308,0.0,1.0,0.0,10,1,2021,6,21,1,0,1,0,1,0,1,GRAVE_MORTALIDAD,2
3,2,13,1,4,1,-10.87741927373666,-77.64076606023582,0,3,7,1,2,1,0,2,223.9838043786475,2.0,2,0,0.06225834506517791,8,2,57.801625527933005,0.6411336425806163,78.71362127125896,69.7186597787099,8.894820449425989,1265.4766959048936,35962.80965125379,7707.592203357766,1661.748738227845,1620.057836452458,4425.785628677463,1777.7960464629123,5929.796156894855,23.16585214192372,7,2,0,0,5,27.5603251055866,22.87161683091249,32.24903338026071,1.0,0.0,0.9377416549348221,0.9377416549348221,2,0,0.0,0.0,0.0,0.06225834506517791,0.0,1.0,1.0,0.0,0.06225834506517791,0.0,4,0,2023,10,22,1,0,1,0,1,0,1,GRAVE_MORTALIDAD,2
6,1,14,0,4,1,-11.24583000880845,-77.53195441327367,0,4,7,1,2,1,0,0,6543.555,3.0,2,0,1.0,0,30,1475.0,0.7327345537337897,78.20903814342847,76.31492653513806,13.642917835589472,1405.6698219039215,62016.21841541756,7626.313,1683.4029999999998,1599.0829999999996,4343.827000000001,1814.875,5811.438000000001,23.797541485643197,2,1,0,0,1,35.8174966817619,35.8174966817619,35.8174966817619,1.0,0.0,0.0,0.09125165911904809,1,0,0.0,0.0,0.0,1.0,0.0,0.9087483408809519,0.09125165911904809,0.0,0.0,0.0,3,0,2021,2,12,5,1,0,0,1,1,1,GRAVE_MORTALIDAD,2
4,1,15,0,4,1,-12.488295774758134,-69.27602282289995,0,4,6,1,2,2,2,1,3329.4286418789225,2.0,2,0,1.0,5,18,586.4777799910462,0.527766159879753,74.07647856498421,58.38769978150158,8.174173156724907,900.7183393168767,9149.636899145962,2122.2011834380914,405.25751348688095,347.9165493718811,1369.0271205793288,505.70265310396803,1616.4985303341227,23.740787951639884,4,2,0,0,1,42.06825926663682,27.175523828494683,52.05850794283156,1.0,0.9804973523894798,0.0,0.01950264761052023,2,0,0.9804973523894798,1.0,0.0,1.0,0.9804973523894798,0.01950264761052023,1.0,0.0,0.9804973523894798,0.9804973523894798,20,2,2022,6,14,1,0,0,0,1,0,1,GRAVE_MORTALIDAD,2
6,1,3,0,4,0,-16.044236477456685,-72.0902860900954,5,4,5,0,7,2,2,0,6543.555,2.0,4,4,1.0,14,33,1198.0,0.4327667979552451,74.90080889149925,48.78434284940881,6.262414473670192,650.4537921730265,799.8418811331294,10322.272,1495.236,1749.739,7077.2970000000005,2886.595,7435.677000000001,27.964725207783708,7,1,0,0,6,38.55436166015037,35.33154249022556,40.97147603759398,0.0,0.0,0.0,0.19429520751879648,1,0,0.0,0.0,0.0,1.0,0.0,0.19429520751879648,0.8057047924812035,0.0,1.0,0.0,10,1,2023,4,12,1,0,0,0,1,0,1,GRAVE_MORTALIDAD,2
3,1,1,0,4,0,-9.365972477784366,-77.20147418657295,0,4,6,0,1,1,1,0,6543.555,2.0,4,4,1.0,14,33,1198.0,0.36911012667087867,76.33713319201715,67.33443237234204,5.478219597719916,384.07297939779625,2594.3551065369065,10767.648,1885.0630000000003,1222.721,7659.864000000001,2100.343,8667.305000000002,19.506051832303577,3,1,0,0,1,36.02647551204316,32.4591530622462,38.70196734939089,1.0,0.0,0.0,0.0,1,0,0.0,0.0,0.0,1.0,0.8918306124492407,0.10816938755075933,0.0,0.0,1.0,0.8918306124492407,18,2,2021,6,28,4,0,1,0,1,0,1,GRAVE_MORTALIDAD,2
5,1,20,0,4,1,-14.231091230115371,-69.16647410864778,0,4,0,0,6,2,2,5,1759.4022525591226,2.0,1,0,0.013303203919576179,8,31,481.7540182436234,0.463044278328551,73.67837442095673,75.52316837433867,7.763840436609792,570.7006613371472,7833.604509617394,13642.312999999998,2020.7790000000005,2354.117,9267.416999999998,3314.0520000000006,10328.260999999997,24.29244952817019,2,1,0,0,1,35.87361956276403,35.77384553336721,35.973393592160846,1.0,0.9866967960804238,0.0,0.0,1,0,0.0,0.0,0.0,1.0,0.0,0.9866967960804238,0.013303203919576179,0.0,1.0,0.013303203919576179,5,0,2021,7,6,1,0,0,2,1,0,1,GRAVE_MORTALIDAD,2
3,2,11,0,4,1,-8.810503730135318,-77.61938779828601,0,4,7,1,2,2,2,2,6248.5700674859045,2.619348248958837,2,0,0.6193482489588372,3,30,1052.4765563443093,0.5424322459217044,77.64150710452915,65.26616323968719,8.044005000426191,874.3074359776582,43531.03078281011,10200.432561774654,1522.4420476405794,1619.8730372583727,7058.117476875701,1359.8559040816754,8840.576657692978,13.385198613907955,3,2,0,0,1,39.91622568193706,25.23238326978209,62.23869649791767,1.0,0.0,0.0,0.0,2,0,0.0,0.3806517510411628,1.0,0.6193482489588372,1.0,0.6193482489588372,1.0,0.0,0.0,0.0,16,2,2022,6,27,4,0,1,0,1,0,1,GRAVE_MORTALIDAD,2
6,1,20,0,4,1,-15.688188557206903,-70.08316304918925,0,4,4,1,2,2,2,2,6907.822848244383,2.0,3,2,1.0,12,23,1198.0,0.3358658596086731,71.07336679420082,67.95946210162656,6.100306832594643,308.22590524548264,5095.521202004098,13642.312999999998,2020.7790000000005,2354.117,9267.416999999998,3314.0520000000006,10328.260999999997,24.29244952817019,2,1,0,0,1,37.1722753518675,37.1722753518675,37.1722753518675,1.0,0.3491336047458593,0.0,0.0,1,0,0.0,0.0,0.0,1.0,0.0,0.6508663952541407,0.3491336047458593,0.0,0.0,0.0,15,3,2023,7,13,6,1,0,2,1,0,1,GRAVE_MORTALIDAD,2
3,2,12,0,4,1,-7.570967499998477,-79.31286818793149,0,4,7,1,2,1,1,0,6543.555,3.0,2,0,1.0,0,30,1475.0,0.5515837444978684,80.62335329829087,64.25550724292455,7.560632195692496,913.7193342488041,43991.553760771836,8931.828000000005,1335.5899999999997,1935.9830000000004,5660.255000000005,1219.309,7712.519000000005,13.651281686122925,2,2,0,0,0,41.59944585146901,22.98337554407026,60.21551615886776,1.0,0.8011082970619826,0.0,0.1988917029380174,2,0,0.0,0.0,0.1988917029380174,0.8011082970619826,0.8011082970619826,0.0,0.1988917029380174,0.8011082970619826,0.0,0.8011082970619826,22,2,2023,10,20,5,1,0,0,1,1,1,GRAVE_MORTALIDAD,2
10,1,2,0,4,0,-13.652745398369294,-73.24182760253984,3,4,5,1,2,2,2,2,7336.1736316765855,2.0,2,0,1.0,10,11,1198.0,0.27370444061486526,76.16977049598599,61.736948653472865,4.159160542543631,224.21177081338118,7985.284501021872,8358.971,1282.451,1298.0969999999998,5778.423,1432.683,6926.288,17.139466089785454,3,1,0,0,2,47.83718920732993,47.83718920732993,47.83718920732993,1.0,0.0,0.0,0.0,1,0,0.0,0.0,0.7596876897033256,0.24031231029667444,0.0,0.24031231029667444,0.7596876897033256,0.0,0.0,0.0,13,2,2024,9,15,2,0,0,2,1,0,1,GRAVE_MORTALIDAD,2
6,1,8,0,4,1,-12.467283683911354,-74.83021078637621,0,4,2,1,5,1,1,0,7586.903,2.0,2,0,1.0,9,5,1198.0,0.2652728667701702,69.40192685247773,48.13493080894676,4.226956143543183,256.4570466706456,3582.2167928382887,8511.426,1445.3929999999996,2008.516,5057.516999999999,1879.579,6631.846999999998,22.08300935706896,3,1,0,0,2,51.61545212169475,51.61545212169475,51.61545212169475,1.0,0.34064969690074987,0.0,0.0,1,0,0.0,0.0,0.0,1.0,0.0,1.0,0.0,0.0,0.0,0.0,8,1,2024,4,12,1,0,0,2,1,0,1,GRAVE_MORTALIDAD,2
3,0,14,2,2,4,-12.034433575240659,-77.02787428528737,0,2,1,0,2,2,2,1,6543.555,2.0,4,4,1.0,14,33,1198.0,0.728573347702557,80.18935510003577,75.08709348459946,10.626523816769813,1552.129707845246,156771.35051218196,7626.313,1683.4029999999998,1599.0829999999996,4343.827000000001,1814.875,5811.438000000001,23.797541485643197,3,2,0,0,1,52.92371727248653,40.187541541407775,65.65989300356529,1.0,0.0,0.0,0.09027316206580305,2,0,0.0,0.09027316206580305,0.909726837934197,0.09027316206580305,1.0,0.0,1.0,0.0,1.0,0.909726837934197,17,2,2022,2,24,5,0,0,0,1,0,1,GRAVE_MORTALIDAD,2
3,1,5,0,4,1,-7.276709130115836,-78.60508047839772,6,3,0,1,2,0,1,0,887.28,2.0,2,0,1.0,8,17,155.0,0.3535488353951509,74.37077456411726,56.78007889783086,4.680844799914197,428.25108978166725,8443.221572587952,15935.565011852366,1733.9250000199986,935.692,13265.948011832368,2000.1670000199988,13935.398011832369,12.551591352627522,4,1,0,0,2,49.70063942679863,36.92956221807027,62.471716635527,1.0,0.0,0.0,0.017609445482433372,1,0,0.0,0.9823905545175666,0.0,1.0,0.0,0.9823905545175666,1.0,0.0,0.017609445482433372,0.0,5,0,2022,11,26,1,0,0,2,1,0,1,GRAVE_MORTALIDAD,2
5,1,19,0,6,3,-17.45481580234455,-71.20419424980474,1,4,1,0,6,1,0,1,6562.6491438741705,2.0,3,3,1.0,13,32,1280.7769356917972,0.5563774842369664,77.00938809632027,69.10246351364754,8.476961866273152,914.8835608305218,27932.19700214133,2862.6411624068255,644.0426632999048,538.3549589122399,1680.2435401946802,1075.4748564057297,1787.166306001095,38.20403380718844,8,1,0,0,6,37.19803094663109,33.396061893262186,40.19803094663109,0.19803094663109366,0.0,0.0,0.19803094663109366,1,0,0.0,0.19803094663109366,0.8019690533689063,0.19803094663109366,0.0,0.19803094663109366,1.0,0.8019690533689063,0.0,0.0,4,0,2021,9,10,0,0,0,0,1,0,1,GRAVE_MORTALIDAD,2
6,1,13,0,4,0,-11.162073089682995,-76.59721662720656,0,4,6,0,1,2,2,1,6543.555,2.0,4,4,1.0,14,33,1198.0,0.3610840353623604,77.10321274232173,68.9385188871001,3.830625951032891,495.95923999311844,1605.6299011086553,7745.024021615531,1651.4811885988427,1653.995999484937,4439.546833531751,1823.5530760678143,5921.470945547717,23.567589083435006,6,1,0,0,5,42.52468415019231,42.52468415019231,42.52468415019231,1.0,0.13411962270979016,0.0,1.0,1,0,0.0,0.0,0.0,1.0,0.0,0.8658803772902098,0.13411962270979016,0.13411962270979016,0.0,0.13411962270979016,16,3,2023,6,21,1,0,0,0,1,0,1,GRAVE_MORTALIDAD,2
4,1,13,2,2,3,-12.23822993762909,-76.75138712414771,0,3,7,1,2,2,2,0,6543.555,2.0,4,4,1.0,14,33,1198.0,0.6828467818170868,79.88539641351795,76.43031117773968,8.917596569161423,1424.3715741165115,215836.47998358184,7778.368748067423,1672.790125714225,1607.5802029548092,4497.998419398389,1875.3214631393944,5903.0472849280295,24.032576305610586,3,1,0,0,2,20.95882308193344,20.733217650890275,21.12802715521581,0.9435986422392095,0.0,0.0,0.0,1,0,0.0,0.0,0.0,1.0,0.0,1.0,0.0,0.0,0.05640135776079047,0.0,2,0,2023,11,16,0,0,1,0,1,0,1,GRAVE_MORTALIDAD,2
6,1,7,0,4,0,-13.7362640227389,-71.65932211609227,4,4,0,0,6,1,1,2,6680.967042695415,2.0,3,3,1.0,13,29,1198.0,0.259955659569539,63.394898779631326,55.66172596929962,5.1201219247292755,263.09903574252667,941.0940149876333,17779.13499998999,2097.3709999899997,2863.123,12818.640999999989,2878.713,14900.421999989989,16.19152450331032,2,1,0,0,1,28.263405963677343,28.263405963677343,28.263405963677343,0.13170298183867213,0.0,0.0,0.0,1,0,0.0,0.0,0.0,0.8682970181613279,0.0,0.13170298183867213,0.8682970181613279,0.0,0.0,0.0,20,1,2021,1,15,3,0,0,2,1,0,1,GRAVE_MORTALIDAD,2
6,1,5,0,4,1,-9.586203632956908,-75.72824186500013,0,4,0,0,5,1,1,0,2515.087868483688,1.2947148468564689,1,2,0.29471484685646876,9,32,967.807399811978,0.5668543398854504,74.63662249738637,58.76457830477394,8.312398021514321,1117.4297771365675,1873.214529610293,3622.409585214383,953.2896631382035,678.7482257496907,1990.371696326489,920.8552231392579,2701.5543620751255,25.70631679554061,2,1,0,0,1,53.51627336915769,53.51627336915769,53.51627336915769,1.0,0.29471484685646876,0.0,0.0,1,0,0.0,0.0,0.0,0.7052851531435312,0.0,1.0,0.0,0.0,0.0,0.0,11,1,2023,3,28,3,0,1,0,1,0,1,GRAVE_MORTALIDAD,2
5,1,10,0,3,0,-11.36136168654654,-75.55444616407438,0,3,7,0,6,1,1,0,6543.555,2.0,4,4,1.0,14,33,1198.0,0.2782601014763943,76.26667612062793,46.012880613770946,4.744331678260329,236.2333860112456,5156.059851726423,12265.295522684237,1826.4252405955363,1106.7503355814251,9332.119946507275,1590.1611026432654,10675.134420040971,12.9643128210095,2,1,0,0,1,30.97825559356898,30.97825559356898,30.97825559356898,1.0,0.0018120338692516613,0.0018120338692516613,1.0,1,0,0.0,0.0,0.0,0.0018120338692516613,1.0,0.0,0.0,0.9981879661307483,0.9981879661307483,0.0,11,2,2021,7,17,1,0,1,2,1,0,1,GRAVE_MORTALIDAD,2
5,1,10,0,4,1,-13.360828216400309,-76.21747242298153,0,4,7,1,2,1,1,5,6639.975,2.0,2,0,1.0,9,31,1616.0,0.5736744275518083,81.67473861808857,68.1608574885675,9.138785887908334,865.1176766860625,26660.92933618844,3721.461,698.1859999999996,744.866,2278.409,1102.9029999999996,2618.558,29.636290693359403,7,1,0,0,6,54.097546268520354,49.95691167647642,58.238180860564285,1.0,0.22381808605642883,0.0,0.22381808605642883,1,0,0.0,0.22381808605642883,0.0,0.22381808605642883,0.0,1.0,0.22381808605642883,0.0,0.0,0.0,1,0,2022,4,11,2,0,0,0,1,0,1,GRAVE_MORTALIDAD,2
3,2,12,0,4,1,-7.773603101107654,-79.25432632170333,0,4,2,1,2,2,2,2,6543.555,3.0,2,0,1.0,0,30,1475.0,0.6137552402736777,77.488039372676,77.55476206305543,9.288784127631692,1053.6564617230836,8413.593147751606,8931.828000000005,1335.5899999999997,1935.9830000000004,5660.255000000005,1219.309,7712.519000000005,13.651281686122925,3,2,0,0,1,38.872425940546805,38.02132324029826,39.72352864079535,1.0,1.0,0.3404410800994184,0.3404410800994184,2,0,0.0,0.0,0.3404410800994184,0.6595589199005816,1.0,0.0,1.0,0.0,1.0,0.3404410800994184,21,2,2022,6,15,3,0,0,0,1,1,1,GRAVE_MORTALIDAD,2
0,1,21,0,4,1,-6.036041638149329,-77.19837908121211,0,3,6,1,2,1,1,0,7758.33400008,2.0,2,0,1.0,9,20,2133.0,0.5963332411867256,73.80959983510441,63.34953560123128,8.251886446437874,1232.7304200473363,24031.167023554604,5645.136,815.0759999999999,965.298,3864.762,1013.406,4631.73,17.95184385283189,3,1,0,0,1,50.88282020345691,50.65747444087404,51.10816596603978,1.0,0.9909861694966853,0.0,0.0,1,0,0.0,0.0,0.009013830503314724,1.0,1.0,0.0,0.009013830503314724,0.9909861694966853,1.0,1.0,19,1,2024,6,27,5,1,1,1,1,0,1,GRAVE_MORTALIDAD,2
6,1,4,0,4,1,-14.216675631496678,-74.24846612452964,0,4,3,0,4,1,1,2,1947.6047740225583,1.4764584061429185,1,0,0.47645840614291834,6,29,214.47290283284553,0.3449531109616476,70.7446659222974,63.73597027692306,6.054907064119418,350.6292469883136,1022.0053439148957,12678.733000000004,1805.074000000001,1774.0339999999994,9099.625000000004,2485.375000000001,10193.358000000002,19.602707936195205,3,1,0,0,2,25.952916812285835,25.952916812285835,25.952916812285835,1.0,0.0,0.5235415938570817,1.0,1,0,0.0,1.0,0.0,0.0,0.0,0.0,1.0,0.0,0.5235415938570817,0.0,11,2,2024,4,10,3,0,0,2,1,0,1,GRAVE_MORTALIDAD,2
6,1,3,0,4,1,-16.194655339603468,-71.63245867033557,0,4,5,0,2,0,1,0,1504.4250000000002,2.0,2,0,1.0,7,25,241.0,0.6005060748875158,78.21704200773246,77.40211893847457,8.994742794352394,996.014120858737,33335.45824411135,10322.272,1495.236,1749.739,7077.2970000000005,2886.595,7435.677000000001,27.964725207783708,8,1,0,0,7,30.30707092139265,28.976430262024493,31.63771158076081,1.0,0.2047139475951013,0.0,0.0,1,0,0.0,1.0,0.0,0.2047139475951013,0.0,0.2047139475951013,1.0,0.0,0.0,0.0,15,1,2021,11,27,4,0,1,0,1,0,1,GRAVE_MORTALIDAD,2
3,1,19,0,4,1,-5.268500608086771,-80.6195921376853,0,4,0,1,1,1,0,1,6543.555,2.665181655286549,2,1,1.0,4,31,1382.255318514374,0.5034350778485951,78.14388603810477,62.51585839041032,7.698619805954479,731.8176685454189,76220.84796573877,8965.846000060003,1782.4120000599992,636.9959999999999,6546.438000000004,2214.505000059999,6751.341000000004,24.699342371541725,6,2,0,0,4,31.142906484584785,16.66518165528655,45.62063131388302,1.0,1.0,0.6651816552865489,1.0,2,0,0.0,0.33481834471345107,0.6651816552865489,1.0,1.0,0.0,0.6651816552865489,1.0,0.33481834471345107,0.0,17,2,2021,5,7,2,0,0,0,1,0,1,GRAVE_MORTALIDAD,2
3,1,8,0,4,1,-9.503986016482198,-77.51591773486096,0,4,4,0,3,2,2,0,6543.555,2.6696923124431216,2,1,1.0,4,30,1383.5047705467446,0.583487408381132,80.06010637776657,72.53900443966846,9.312392644319752,904.0879860581033,27678.89126257465,8742.608929029233,1318.0377797909148,1725.2843504150933,5699.286798823225,1289.7880725247614,7452.820856504471,14.803455810268664,3,1,0,0,1,37.66515384377844,34.651538437784396,40.678769249772486,1.0,0.6696923124431216,0.0,0.0,1,0,0.0,0.0,0.0,1.0,0.6696923124431216,0.33030768755687845,0.6696923124431216,0.0,0.0,0.6696923124431216,9,0,2023,6,20,4,0,1,0,1,0,1,GRAVE_MORTALIDAD,2
5,1,9,0,4,1,-8.862202384121625,-76.10388962607708,0,4,0,1,2,1,1,0,7758.33400008,2.0,2,0,1.0,9,20,2133.0,0.4488980782274319,72.32233236849576,48.83099256769076,6.808038769056246,716.252056011431,32955.28479657388,8209.057,1333.4779999999996,791.9770000000001,6083.602,1059.8589999999997,7149.198,12.910849565303296,3,1,0,0,2,39.76329104244189,39.66466231012602,39.86191977475777,1.0,0.019725746463175486,0.0,0.0,1,0,0.0,1.0,0.0,0.0,0.019725746463175486,0.0,1.0,0.0,0.019725746463175486,0.0,4,0,2022,1,12,3,0,0,2,1,0,1,GRAVE_MORTALIDAD,2
3,1,14,1,2,3,-11.101769178135505,-77.51407662451857,0,3,0,1,1,2,2,1,6543.555,2.0,4,4,1.0,14,33,1198.0,0.7154143774920145,80.21512404437189,74.79200510526827,10.553969186866151,1487.3772017566318,157176.305814096,7807.395162111529,1696.7873390185698,1469.025140961371,4641.5826821315895,1868.8982039466393,5938.496958164891,23.91944968365346,3,1,0,0,1,50.403776158171375,38.2963389165714,62.51121339977136,1.0,0.0,0.13518305417143006,0.13518305417143006,1,0,0.0,0.0,0.8648169458285699,0.13518305417143006,0.8648169458285699,0.0,1.0,0.0,0.8648169458285699,0.8648169458285699,15,2,2022,3,26,6,1,1,0,1,0,1,GRAVE_MORTALIDAD,2
6,1,10,1,4,1,-12.556542895468294,-75.75636381456663,0,2,4,0,1,2,2,2,880.1408583290732,1.6951964597032112,1,0,0.6951964597032112,4,19,198.36769210125362,0.6714777835706652,79.15578231017534,76.99764359820783,10.37441872821832,1283.2044163348282,45159.94705290353,7849.629752226765,1561.1914109109218,1507.3414016202305,4781.0969396956125,1698.3815253268897,6151.248226899876,21.768136533422812,5,1,0,0,3,44.7703044119867,44.7703044119867,44.7703044119867,1.0,1.0,0.3048035402967888,0.3048035402967888,1,0,0.0,0.0,0.0,1.0,0.0,1.0,0.6951964597032112,0.3048035402967888,0.0,0.3048035402967888,21,2,2021,3,26,0,0,1,0,1,0,1,GRAVE_MORTALIDAD,2
5,1,10,0,4,1,-13.426912336058832,-76.1871998690643,0,4,7,1,2,1,1,2,205.54999999999995,-1.0,2,0,1.0,13,31,15.0,0.5935454717688132,79.82270610044196,65.40471106456853,9.554430232416086,978.9182940808604,5314.299785867237,3721.461,698.1859999999996,744.866,2278.409,1102.9029999999996,2618.558,29.636290693359403,4,1,0,0,3,45.79749013429265,45.79749013429265,45.79749013429265,1.0,1.0,0.0,0.0,1,0,0.12025098657073463,0.0,0.12025098657073463,0.8797490134292654,0.0,1.0,0.0,0.0,0.0,0.12025098657073463,10,1,2022,8,3,5,1,0,0,0,0,1,GRAVE_MORTALIDAD,2
5,1,7,0,4,1,-15.052684007997017,-71.13721527896644,0,4,5,0,2,1,1,2,568.5409999999999,1.0,2,3,0.0,9,3,93.0,0.3491291336434085,68.34579473193322,63.63866309000273,4.984551874124405,419.36068685534286,1114.627408993576,17779.13499998999,2097.3709999899997,2863.123,12818.640999999989,2878.713,14900.421999989989,16.19152450331032,7,1,0,0,6,39.538531446787765,37.231188680726575,41.84587421284895,1.0,0.0,0.0,0.0,1,0,0.0,0.23073427660611878,0.7692657233938812,0.23073427660611878,0.0,0.23073427660611878,1.0,0.0,0.0,0.0,7,1,2024,6,11,5,1,0,2,1,0,1,GRAVE_MORTALIDAD,2
4,1,3,0,4,1,-15.440113994134045,-74.87956993273207,0,4,2,0,2,2,2,0,6639.975,2.0,2,0,1.0,9,31,1616.0,0.5140293355498681,82.11897853059659,54.01885147561242,9.200693902288776,697.8064626086847,1477.7837259100645,10322.272,1495.236,1749.739,7077.2970000000005,2886.595,7435.677000000001,27.964725207783708,3,1,0,0,1,46.085690826862475,44.8581102824474,47.31327137127756,1.0,0.0,0.0,0.0,1,0,0.0,0.6492627015956912,0.0,0.3507372984043088,0.0,0.3507372984043088,1.0,0.0,0.0,0.0,7,1,2021,6,23,6,1,0,0,1,0,1,GRAVE_MORTALIDAD,2
6,1,4,0,4,1,-13.772878660436824,-74.45414759523884,0,4,0,0,2,1,1,2,1785.0835101700595,-0.5154698890045875,1,3,0.0,9,27,433.10042950395405,0.3661279248005953,73.29842347239052,37.49155622894676,5.958738078191688,591.0948794707352,3444.8386519339847,12678.733000000004,1805.074000000001,1774.0339999999994,9099.625000000004,2485.375000000001,10193.358000000002,19.602707936195205,10,1,0,0,9,34.664915610474765,34.664915610474765,34.664915610474765,1.0,0.0,0.0,1.0,1,0,0.0,0.0,0.0,0.7577349445022937,0.0,0.0,1.0,0.7577349445022937,1.0,0.7577349445022937,12,1,2023,7,24,4,0,1,2,1,0,1,GRAVE_MORTALIDAD,2