CLASE SINIESTRO,CANTIDAD DE VEHICULOS DAÑADOS,DEPARTAMENTO,ZONA,TIPO DE VÍA,RED VIAL,COORDENADAS LATITUD,COORDENADAS  LONGITUD,CONDICIÓN CLIMÁTICA,ZONIFICACIÓN,CARACTERÍSTICAS DE VÍA,PERFIL LONGITUDINAL VÍA,SUPERFICIE DE CALZADA,¿EXISTE SEÑAL VERTICAL?,¿EXISTE SEÑAL HORIZONTAL?,CAUSA FACTOR PRINCIPAL,MTC_RVN_LONGITUD_KM,MTC_RVN_N_CARRILES_MEDIANA,MTC_RVN_SUPERFICIE_DOMINANTE,MTC_RVN_ESTADO_DOMINANTE,MTC_RVN_ES_CONCESIONADA,MTC_RVN_CONCESION_PRINCIPAL,MTC_RVN_CORREDOR_LOGISTICO,MTC_RVN_N_TRAMOS,IDH_2019,IDH_ESP_VIDA_2019,IDH_EDUC_SECUND_PCT_2019,IDH_ANIOS_EDUC_2019,IDH_INGRESO_PERCAP_2019,IDH_POBLACION_2019,MTC_DEP_RED_TOTAL_KM,MTC_DEP_NACIONAL_TOTAL_KM,MTC_DEP_DEPARTAMENTAL_TOTAL_KM,MTC_DEP_VECINAL_TOTAL_KM,MTC_DEP_PAV_TOTAL_KM,MTC_DEP_NO_PAV_TOTAL_KM,MTC_DEP_PCT_PAVIMENTADA,PER_TOTAL_PERSONAS,PER_N_CONDUCTORES,PER_N_CONDUCTORES_FUGADOS,PER_N_PEATONES,PER_N_PASAJEROS_OCUPANTES,PER_EDAD_COND_PROM,PER_EDAD_COND_MIN,PER_EDAD_COND_MAX,PER_ANY_COND_MASCULINO,PER_ANY_LIC_PROBLEMA,PER_ANY_DOSAJE_POS,PER_ANY_DOSAJE_EVALUADO,VEH_TOTAL,VEH_N_FUGADOS,VEH_ANY_FUGADO,VEH_ANY_CARGA,VEH_ANY_PUBLICO,VEH_ANY_PARTICULAR,VEH_ANY_MOTO,VEH_ANY_AUTO,VEH_ANY_CAMION_BUS,VEH_ANY_SOAT_PROBLEMA,VEH_ANY_CITV_PROBLEMA,VEH_ANY_SEGURO_PROBLEMA,HORA_NUM,FRANJA_HORARIA,ANIO,MES,DIA_MES,DIA_SEMANA,ES_FIN_SEMANA,ES_QUINCENA,REGION_NATURAL,TIENE_SEÑALIZACION,ES_VIA_MULTICARRIL,ES_DEPTO_BAJO_PAVIMENTO,CATEGORIA_SEVERIDAD,CATEGORIA_SEVERIDAD_ENC
3,0,14,2,2,4,-11.979378446739016,-76.99771468673919,0,0,2,1,2,0,1,0,6543.555,2.0,4,4,1.0,14,33,1198.0,0.6951730172817014,79.25736845393564,75.22143816040773,10.155647431191609,1420.3250475985076,347166.4082887745,7626.313,1683.4029999999998,1599.0829999999996,4343.827000000001,1814.875,5811.438000000001,23.797541485643197,4,2,0,0,2,36.07121254328322,30.65920771894352,41.48321736762291,1.0,0.4175990351320602,0.4175990351320602,0.4175990351320602,2,0,0.0,0.5824009648679398,0.0,0.4175990351320602,0.4175990351320602,0.4175990351320602,0.5824009648679398,0.5824009648679398,1.0,0.0,10,0,2022,6,16,2,0,0,0,1,0,1,GRAVE_MORTALIDAD,2
5,1,3,0,4,1,-17.061552492762573,-71.84451267077125,3,4,2,1,2,2,2,0,6573.541621447403,2.0,3,2,1.0,12,32,1327.9980062747784,0.6252725408332542,77.8989638077038,73.61649453059229,8.484958401847942,1196.4016370100483,7138.624551007577,10322.272,1495.236,1749.739,7077.2970000000005,2886.595,7435.677000000001,27.964725207783708,4,1,0,0,2,45.98099956466848,43.803999459588454,48.157999669748506,1.0,0.6889999849885683,0.0,0.0,1,0,0.0,0.0,0.0,1.0,0.0,1.0,0.0,0.6889999849885683,0.6889999849885683,0.0,8,0,2024,11,23,3,0,1,0,1,0,1,GRAVE_MORTALIDAD,2
6,1,11,0,4,1,-11.809877955015176,-75.66774531141218,0,4,7,0,4,0,1,2,7135.146175702486,2.0,2,1,1.0,11,17,1198.0,0.44181667917810674,68.39972439306482,56.23196511828617,7.392861366920064,664.8523585549449,1485.1498989293964,12264.545,1826.4639999999995,1105.5389999999998,9332.542,1588.5359999999996,10676.009,12.952261987705208,5,1,0,0,4,21.536098603361378,21.536098603361378,21.536098603361378,1.0,0.4329876745798278,0.0,0.4329876745798278,1,0,0.0,0.4329876745798278,0.0,0.5670123254201722,0.0,0.5670123254201722,0.4329876745798278,0.0,0.0,0.0,9,1,2022,8,16,3,0,0,2,1,0,1,GRAVE_MORTALIDAD,2
6,1,6,0,4,1,-12.68232936630519,-74.63017676630704,4,4,0,0,1,2,2,4,6873.678210329614,2.0,3,2,1.0,12,24,1198.0,0.3682601523372128,70.73534809484102,50.727376407890944,6.812185218794296,496.01742292007975,9501.335729455477,12547.680779417798,1811.8419580245047,1562.5171182986928,9173.3217030946,2201.608347043556,10346.072432374242,17.498456462440437,4,1,0,0,3,29.316407574778133,29.316407574778133,29.316407574778133,1.0,0.683592425221869,0.0,0.683592425221869,1,0,0.0,0.0,0.0,1.0,0.0,0.0,0.316407574778131,0.683592425221869,1.0,0.0,9,1,2021,7,19,3,0,1,2,1,0,1,GRAVE_MORTALIDAD,2
3,1,14,1,4,1,-12.3622735286623,-76.79412489678457,0,3,7,1,2,2,2,0,6639.975,2.0,2,0,1.0,9,31,1616.0,0.6997623570346938,76.1024633480164,67.4916969677081,10.594360693484372,1568.8925177861563,8292.871520342613,7626.313,1683.4029999999998,1599.0829999999996,4343.827000000001,1814.875,5811.438000000001,23.797541485643197,5,2,0,0,2,41.50900015326925,39.97442061702425,43.05684307327945,1.0,0.0,0.0,0.0,2,0,0.0,0.0,0.9971578463360276,1.0,0.0,1.0,1.0,0.0,0.0028421536639724465,0.0,6,1,2025,2,16,0,0,0,0,1,0,1,GRAVE_MORTALIDAD,2
5,1,12,0,4,0,-8.388968120490171,-78.45830386660678,0,4,7,1,6,2,2,0,6543.555,2.0691018556285705,3,3,1.0,13,32,1217.141214009114,0.5018457570776202,78.04134065847191,47.98281506342985,6.42903067712886,928.569724725444,44336.068595395154,8931.828000000005,1335.5899999999997,1935.9830000000004,5660.255000000005,1219.309,7712.519000000005,13.651281686122925,10,1,0,0,9,26.829222267542846,26.829222267542846,26.829222267542846,1.0,0.0,0.0,0.0,1,0,0.0,0.0,0.0,1.0,0.06910185562857052,0.06910185562857052,0.9308981443714295,0.06910185562857052,0.06910185562857052,0.0,14,2,2023,9,26,3,0,0,0,1,0,1,GRAVE_MORTALIDAD,2
3,1,19,0,4,1,-5.2669944227534655,-80.62004929413781,0,4,0,1,2,1,0,1,6543.555,2.8890797691251935,2,0,1.0,1,30,1444.2750960476785,0.5034350778485951,78.14388603810477,62.51585839041032,7.698619805954479,731.8176685454189,76220.84796573877,8965.846000060003,1782.4120000599992,636.9959999999999,6546.438000000004,2214.505000059999,6751.341000000004,24.699342371541725,6,2,0,0,4,37.11006126981144,18.88564392487171,55.33447861475116,1.0,1.0,1.0,1.0,2,0,0.0,0.11092023087480651,1.0,0.8890797691251935,1.0,0.0,0.8890797691251935,1.0,0.11092023087480651,0.11092023087480651,20,2,2021,2,2,0,0,0,0,1,0,1,GRAVE_MORTALIDAD,2
4,1,5,0,4,1,-6.875699145141757,-79.26739475508683,0,4,2,1,2,2,2,0,906.1642475024546,2.0,2,1,0.40624909597690484,8,11,192.406306953455,0.4753263546455454,71.88837168944964,66.04903810937907,6.400055180958663,786.3141130984371,7201.343411481678,15935.565011852366,1733.9250000199986,935.692,13265.948011832368,2000.1670000199988,13935.398011832369,12.551591352627522,26,1,0,0,24,46.468768984484996,44.03127440862357,48.906263560346424,1.0,0.40624909597690484,0.40624909597690484,0.40624909597690484,1,0,0.0,0.0,0.5937509040230952,0.40624909597690484,0.40624909597690484,0.40624909597690484,0.5937509040230952,0.0,0.40624909597690484,0.40624909597690484,17,2,2022,7,26,5,1,1,2,1,0,1,GRAVE_MORTALIDAD,2
3,1,5,0,4,1,-7.127060560307843,-78.75492650595498,5,4,0,1,2,0,1,0,894.5621246343624,2.0,2,0,0.7710383702448548,8,14,169.42458267457414,0.3659306758521209,73.63457342874062,58.90852325290866,4.815493091917234,461.0591809016066,8145.6323334680965,15935.565011852366,1733.9250000199986,935.692,13265.948011832368,2000.1670000199988,13935.398011832369,12.551591352627522,13,1,0,0,11,51.144808148775724,41.12130933559261,61.16830696195884,1.0,0.0,0.0,0.0,1,0,0.0,0.7710383702448548,0.22896162975514522,0.7710383702448548,0.0,0.7710383702448548,1.0,0.0,0.0,0.0,7,0,2022,11,26,1,0,1,2,1,0,1,GRAVE_MORTALIDAD,2
3,1,16,1,4,1,-10.719587357316051,-76.37210434189795,3,4,6,1,4,1,1,0,7229.6248636524115,2.435230718009424,2,0,1.0,5,24,1846.6181875497991,0.5437699963096756,76.44045456454573,61.38056260311848,7.69974845770961,953.4120859639929,19225.727641483103,5395.930027574399,1051.5300910004314,1210.3873189013698,3134.012617672599,1123.5990931513807,4272.330934423019,19.432723375907425,4,2,0,0,1,51.300538896919896,31.564769281990575,64.82384640995288,1.0,0.0,0.0,0.4352307180094239,2,0,0.0,1.0,1.0,0.5647692819905761,0.5647692819905761,0.4352307180094239,1.0,0.5647692819905761,0.5647692819905761,0.5647692819905761,15,2,2022,4,12,3,0,0,1,1,0,1,GRAVE_MORTALIDAD,2
9,1,19,1,2,3,-5.186047380988399,-80.65139891348795,0,3,8,1,2,2,2,0,6543.555,2.053157448332484,3,3,1.0,13,32,1212.7246131880981,0.6550965539328564,78.72334757604585,77.0520876545445,11.248047274576196,1116.3173634367633,179169.51691823016,8965.846000060003,1782.4120000599992,636.9959999999999,6546.438000000004,2214.505000059999,6751.341000000004,24.699342371541725,2,1,0,0,1,23.116306414982166,22.37210213832739,23.860510691636946,1.0,0.9468425516675159,0.9468425516675159,1.0,1,0,0.0,0.05315744833248415,0.0,1.0,0.9468425516675159,0.05315744833248415,0.05315744833248415,0.0,1.0,0.0,19,1,2023,4,1,2,0,0,0,1,0,1,GRAVE_MORTALIDAD,2
4,1,3,0,4,1,-15.353327338749056,-74.90373321603313,0,4,3,0,2,2,2,0,6639.975,2.0,2,0,1.0,9,31,1616.0,0.5140293355498681,82.11897853059659,54.01885147561242,9.200693902288776,697.8064626086847,1477.7837259100645,10322.272,1495.236,1749.739,7077.2970000000005,2886.595,7435.677000000001,27.964725207783708,3,1,0,0,1,41.532411051501235,35.143478433486436,47.921343669516034,1.0,0.0,0.0,0.0,1,0,0.0,0.46758894849876675,0.0,0.5324110515012332,0.0,0.5324110515012332,1.0,0.0,0.5324110515012332,0.0,6,1,2021,5,19,5,1,0,0,1,0,1,GRAVE_MORTALIDAD,2
3,1,12,0,4,1,-7.502119969229481,-79.41617479186112,0,4,7,1,2,2,2,2,6543.555,3.0,2,0,1.0,0,30,1475.0,0.6138517538553948,80.84826225715301,64.49339622566798,9.143362084626023,1095.689060330069,16852.97430406852,8931.828000000005,1335.5899999999997,1935.9830000000004,5660.255000000005,1219.309,7712.519000000005,13.651281686122925,9,2,0,0,7,35.08385848477685,32.749394056026716,36.75133307674123,1.0,0.12506059439732864,0.0,0.0,2,0,0.8749394056026714,0.12506059439732864,0.0,0.8749394056026714,0.0,0.0,1.0,0.0,0.12506059439732864,0.8749394056026714,3,0,2022,7,27,1,0,1,0,1,1,1,GRAVE_MORTALIDAD,2
6,1,6,0,4,1,-12.749258306071964,-74.29445106468822,1,4,1,1,3,2,2,0,1134.7278997992794,1.0,0,3,0.0,9,32,211.93433593391626,0.25602131360564867,67.86949120643835,51.513656669372494,4.051998267315925,242.38336745100554,3824.5999062005103,8482.585800022645,1414.5689544474749,1874.124697466711,5193.892148108458,1795.0388405491453,6687.546959473498,21.147829950521697,3,1,0,0,2,46.4598747206945,46.4598747206945,46.4598747206945,1.0,0.8108281133622709,0.0,0.0,1,0,0.0,0.8108281133622709,0.1891718866377291,0.0,0.0,0.1891718866377291,0.8108281133622709,0.0,0.0,0.0,5,0,2021,6,8,4,0,0,2,1,0,1,GRAVE_MORTALIDAD,2
6,1,20,0,4,1,-16.68970045021615,-69.84608554683268,0,4,7,1,2,2,2,2,1533.5294873387465,2.0,2,0,1.0,8,21,203.99287641227653,0.3390782524357683,79.09030105656711,60.34329652001022,6.404125994269527,279.0916284952442,5770.843711962426,13642.312999999998,2020.7790000000005,2354.117,9267.416999999998,3314.0520000000006,10328.260999999997,24.29244952817019,7,1,0,0,6,30.885917816792098,30.885917816792098,30.885917816792098,0.019013697201316848,0.9809863027986832,0.0,0.0,1,0,0.0,0.019013697201316848,0.0,0.9809863027986832,0.0,0.9809863027986832,0.019013697201316848,0.0,0.0,0.0,8,0,2022,9,28,4,0,0,2,1,0,1,GRAVE_MORTALIDAD,2
3,1,1,0,4,1,-9.718617105752733,-78.04682215830233,0,3,6,0,2,2,2,0,6620.191226049032,2.926547780750975,2,0,1.0,0,28,1454.6537352680202,0.580191646170193,77.27135947303346,66.26003890312649,8.622028467399897,1017.4502553500504,35473.24115892,10908.021434423521,1879.18763043449,1263.2161633508374,7765.6176406381965,2128.6244548818904,8779.396979541634,19.51315143763838,4,2,0,0,2,36.302203917134264,33.265477807509754,39.33893002675878,1.0,0.07345221924902456,0.0,0.07345221924902456,2,0,0.0,0.9265477807509754,0.0,1.0,0.07345221924902456,0.07345221924902456,0.9265477807509754,0.0,0.0,0.07345221924902456,6,0,2022,11,22,3,0,1,0,1,0,1,GRAVE_MORTALIDAD,2
3,1,2,1,4,0,-13.45376220399188,-73.76944664399343,0,4,0,0,2,1,0,1,7480.610706700013,2.0,2,0,1.0,9,7,1198.0,0.5268301362767338,75.83222794071341,67.90349481991095,8.06295323195075,846.9099177369521,28051.173747130146,8374.502530778847,1299.0509061242142,1370.4717634671113,5704.979861187522,1478.2110507621533,6896.291480016695,17.643095320787264,4,1,0,0,2,43.513414776901136,34.08311451241591,52.94371504138636,1.0,0.0,0.0,0.0,1,0,0.0,0.10187616528712129,0.8981238347128787,0.8981238347128787,0.8981238347128787,0.0,1.0,0.0,0.0,0.0,19,1,2022,5,23,4,0,1,2,1,0,1,GRAVE_MORTALIDAD,2
6,1,14,0,4,1,-11.140114590166212,-77.31334105515172,0,4,7,1,2,1,0,2,526.7942486031625,2.0,2,0,0.0,9,5,227.57840904598186,0.625259356790912,76.00710856837651,64.39893010534446,7.928807895834627,1379.4198272918734,24684.304068522484,7626.313,1683.4029999999998,1599.0829999999996,4343.827000000001,1814.875,5811.438000000001,23.797541485643197,2,1,0,0,1,43.82689983194777,43.82689983194777,43.82689983194777,1.0,1.0,0.0,0.2683956594805317,1,0,0.0,0.0,0.0,1.0,0.7316043405194683,0.2683956594805317,0.0,1.0,0.0,0.7316043405194683,17,1,2023,6,5,1,0,0,0,1,0,1,GRAVE_MORTALIDAD,2
6,1,7,1,4,0,-13.758987531483289,-71.45322878383693,3,4,4,1,1,0,1,2,7203.996217043997,2.0,2,1,1.0,10,15,1198.0,0.4071080822916383,70.59619253405022,74.81858074311789,6.717058009737471,466.4770506020868,5235.664456385865,17779.13499998999,2097.3709999899997,2863.123,12818.640999999989,2878.713,14900.421999989989,16.19152450331032,7,1,0,0,6,52.17495368170552,52.17495368170552,52.17495368170552,1.0,0.3669981472682208,0.6330018527317792,0.6330018527317792,1,0,0.0,0.0,0.6330018527317792,0.3669981472682208,0.0,0.3669981472682208,0.6330018527317792,0.0,0.3669981472682208,0.0,11,1,2023,5,12,3,0,0,2,1,0,1,GRAVE_MORTALIDAD,2
5,1,16,1,4,1,-16.798600653448993,-71.47557789142213,5,4,5,1,5,2,2,0,6006.481318624763,1.8938745814350977,3,3,0.8938745814350976,13,31,1099.5156115717705,0.6917124536045294,78.05211531935721,73.76757926726494,10.795260561207748,1392.366036432198,64886.751088385674,3031.1332811272327,494.47108901636,886.2671261626366,1650.3950659482364,891.5400980976015,2139.5931830296317,29.406552726036075,5,1,0,3,0,63.506052663724795,63.34686453587744,63.665240791572145,1.0,0.0,0.0,0.0,1,0,0.0,1.0,0.10612541856490243,0.0,0.0,0.10612541856490243,1.0,0.0,0.10612541856490243,0.0,11,2,2023,2,21,3,0,0,0,1,0,1,GRAVE_MORTALIDAD,2
3,0,15,1,2,3,-9.918526254890894,-78.08150537098757,0,2,8,0,2,2,2,0,4912.561025655474,2.0,3,2,1.0,9,28,875.7476290936437,0.6854904861097373,79.9996069499005,74.14572370501035,10.367223343935667,1341.2600699075042,157807.32001554262,8043.383227223807,1714.229942039036,1299.5324523978898,5029.620832786882,1939.301777782263,6104.081449441545,24.078321653340062,3,2,0,0,1,31.37729010452878,30.75458020905756,32.0,1.0,0.0,0.0,1.0,2,0,0.0,0.68864505226439,0.31135494773561,1.0,0.68864505226439,0.31135494773561,1.0,0.0,0.68864505226439,0.0,19,2,2021,7,10,3,0,0,0,1,0,1,GRAVE_MORTALIDAD,2
3,2,12,0,4,1,-8.483648217407596,-78.75630444759321,0,4,7,1,2,1,1,1,6543.555,3.0,2,0,1.0,0,30,1475.0,0.5078667049344328,77.1909026059032,51.96887898073008,6.756638401985296,907.0858547769224,67571.62971351505,8903.960582997937,1343.014388007598,1928.791560002761,5632.154634987579,1232.0219033938736,7671.938679604064,13.86786292252736,5,2,0,0,3,44.95019285645525,33.06403775598611,56.89327040668982,1.0,0.9786540813379649,0.0,0.021345918662035057,2,0,0.0,1.0,0.0,0.9786540813379649,0.0,0.9786540813379649,1.0,0.0,0.9786540813379649,0.0,19,2,2021,4,8,4,0,0,0,1,1,1,GRAVE_MORTALIDAD,2
3,3,18,2,4,1,-14.566159827613774,-72.02213702845086,1,4,6,1,3,2,2,1,1332.5261729945994,2.0,2,0,1.0,5,21,217.76137717320887,0.6052874023943314,74.93979023931588,77.68928789264778,10.128280158466405,1021.5546363761941,238933.66899676566,11997.565294988523,1928.5418986492768,2147.69405473643,7921.3293416028155,2904.18366054588,9093.381634442641,24.15714386541454,9,3,0,0,5,36.27339556266813,25.007351189349443,51.6256709973099,1.0,0.0,0.0,0.726604437331869,3,0,0.0,0.726604437331869,0.0,1.0,0.0,1.0,1.0,1.0,1.0,1.0,8,0,2022,7,17,1,0,1,1,1,0,1,GRAVE_MORTALIDAD,2
3,2,12,0,4,1,-7.775818594804699,-79.25200787755568,0,4,6,1,2,2,2,2,6543.555,3.0,2,0,1.0,0,30,1475.0,0.6137552402736777,77.488039372676,77.55476206305543,9.288784127631692,1053.6564617230836,8413.593147751606,8931.828000000005,1335.5899999999997,1935.9830000000004,5660.255000000005,1219.309,7712.519000000005,13.651281686122925,3,2,0,0,1,42.10801153102535,39.786188107832004,44.429834954218684,1.0,1.0,0.9287293692773355,0.9287293692773355,2,0,0.0,0.0,0.9287293692773355,0.07127063072266449,1.0,0.0,1.0,0.0,1.0,0.9287293692773355,21,2,2022,3,24,4,0,0,0,1,1,1,GRAVE_MORTALIDAD,2
3,2,7,1,4,1,-13.614173599959958,-71.7516621260477,2,0,7,1,2,0,1,2,7586.903,2.0,2,0,1.0,9,5,1198.0,0.49801798362670957,64.94495610521686,76.30235534479753,8.141609241112,819.808891232757,8526.732159765414,17779.13499998999,2097.3709999899997,2863.123,12818.640999999989,2878.713,14900.421999989989,16.19152450331032,3,2,0,0,1,46.86887540728827,45.10761782388792,48.23874241659965,1.0,0.19569528704448325,0.0,0.0,2,0,0.0,1.0,0.19569528704448325,0.19569528704448325,0.19569528704448325,0.0,1.0,0.19569528704448325,0.0,0.19569528704448325,5,0,2023,2,16,0,0,0,2,1,0,1,GRAVE_MORTALIDAD,2
3,2,20,0,4,1,-16.566664542957803,-69.82332652563021,0,4,1,0,2,2,2,2,1525.0793298181204,2.0,2,0,1.0,8,21,206.68770167978383,0.35337021409398206,78.50630077124836,62.12902709101738,6.564724764951059,309.30299699281323,5633.114654411759,13642.312999999998,2020.7790000000005,2354.117,9267.416999999998,3314.0520000000006,10328.260999999997,24.29244952817019,3,2,0,0,1,58.14549318545812,53.900821172783104,62.39016519813314,1.0,0.0,0.0,0.0,2,0,0.0,0.0,0.0,1.0,0.8368853248833212,0.16311467511667876,1.0,0.16311467511667876,0.0,1.0,11,1,2023,8,20,4,0,0,2,1,0,1,GRAVE_MORTALIDAD,2
5,1,10,0,4,0,-10.46254373508485,-76.36723350195989,0,4,1,0,1,2,2,1,6567.5832275604125,2.0,3,3,1.0,12,32,1302.1671761071582,0.614641108762051,73.18207492863972,71.98719459753507,10.070007354154711,1144.6371779093051,94111.40514959574,8063.8349979105515,1420.6806294241558,993.1108584668515,5650.043510019544,1248.011834056751,6815.8231638538,15.623854241117701,3,1,0,0,2,23.49203770591287,23.49203770591287,23.49203770591287,1.0,0.7507962294087127,0.0,0.7507962294087127,1,0,0.0,0.0,0.7507962294087127,0.2492037705912873,0.7507962294087127,0.0,0.2492037705912873,0.0,0.7507962294087127,0.0,4,0,2021,7,25,0,0,1,1,1,0,1,GRAVE_MORTALIDAD,2
2,1,9,1,4,1,-12.453706660423585,-75.68921880078771,2,4,6,1,3,2,2,0,6900.239791867545,2.6581343982376495,2,0,1.0,3,21,1380.303228311829,0.6454665453822903,76.40835461191871,74.42470524968384,9.769371538975365,1248.3354058769312,55991.21820993663,7876.783568056,1546.331303242182,1496.186239987957,4834.266024825862,1684.2167019312437,6192.566866124756,21.52137453385919,3,1,0,1,0,36.82082236299064,36.82082236299064,36.82082236299064,1.0,0.0,0.0,0.0,1,0,0.0,0.6581343982376496,0.0,0.0,0.0,0.34186560176235037,0.6581343982376496,0.0,0.0,0.0,11,2,2023,4,18,3,0,1,0,1,0,1,GRAVE_MORTALIDAD,2
5,1,2,0,4,1,-8.951537801476487,-77.6763552893613,0,4,0,0,1,1,1,1,9936.932,2.0,2,0,1.0,9,32,3830.0,0.3539603404458971,69.59262394834327,39.57964997669679,6.20243830986599,477.17827448205645,2595.100383680162,11019.516554348225,1875.2031062222375,1203.003904611584,7941.309543514405,2014.2261267646988,9005.290427583528,18.403308240953557,3,1,0,0,2,52.46653066890191,50.110884448169855,54.82217688963397,1.0,0.0,0.0,0.8317395556619959,1,0,0.0,0.16826044433800413,0.16826044433800413,0.8317395556619959,0.0,0.0,1.0,0.0,0.0,0.0,9,0,2021,2,15,3,0,0,0,1,0,1,GRAVE_MORTALIDAD,2
4,1,7,0,4,1,-13.299956663022062,-71.55539875488387,0,4,0,0,1,1,1,3,6543.555,2.0,4,4,1.0,14,33,1198.0,0.2466226927938573,59.50771953912937,42.678907967899015,3.991373779253808,285.51302601039464,12676.173447537472,17779.13499998999,2097.3709999899997,2863.123,12818.640999999989,2878.713,14900.421999989989,16.19152450331032,6,1,0,0,4,28.944036327720557,28.653210661384055,29.23486199405706,1.0,1.0,0.0,0.5816513326730067,1,0,0.0,0.0,0.0,1.0,0.5816513326730067,0.4183486673269933,0.5816513326730067,0.5816513326730067,1.0,0.5816513326730067,9,1,2021,6,17,4,0,1,2,1,0,1,GRAVE_MORTALIDAD,2
3,2,10,0,4,1,-15.196431851442945,-74.95669761666849,6,4,7,1,2,2,2,1,6639.975,2.0,2,0,1.0,9,31,1616.0,0.5563774842369664,77.00938809632027,69.10246351364754,8.476961866273152,914.8835608305218,27932.19700214133,3721.461,698.1859999999996,744.866,2278.409,1102.9029999999996,2618.558,29.636290693359403,3,2,0,0,1,35.073648427595145,33.049098951730095,37.098197903460196,1.0,0.0,0.0,1.0,2,0,0.0,1.0,0.0,1.0,0.0,1.0,1.0,0.0,0.0,0.0,7,0,2022,7,23,5,1,1,0,1,0,1,GRAVE_MORTALIDAD,2
6,1,7,0,4,1,-13.671719786217365,-71.14923163440103,1,4,3,0,2,1,0,5,6543.555,2.0,4,4,1.0,14,33,1198.0,0.21098381487039108,63.41532280687677,36.133410043841025,4.049066108923012,189.29011762191058,3381.352509404792,17779.13499998999,2097.3709999899997,2863.123,12818.640999999989,2878.713,14900.421999989989,16.19152450331032,4,1,0,0,3,38.66042366810622,38.66042366810622,38.66042366810622,0.7614588334361586,0.0,0.0,0.0,1,0,0.0,0.0,0.0,1.0,0.0,0.0,1.0,0.0,0.0,0.0,22,2,2022,5,11,1,0,0,2,1,0,1,GRAVE_MORTALIDAD,2
3,2,3,0,4,1,-16.452437405269514,-71.95899327463127,0,4,7,1,2,0,1,0,6639.975,2.0,2,0,1.0,9,31,1616.0,0.6455852322566902,78.58826324858522,78.38415596279924,8.472481180514539,1258.6172876652156,2628.282655246253,10322.272,1495.236,1749.739,7077.2970000000005,2886.595,7435.677000000001,27.964725207783708,4,2,0,0,2,49.294355418220896,37.84677349813492,61.729839752797616,1.0,0.4233867490674619,0.0,0.0,2,0,0.0,0.0,0.0,1.0,0.4233867490674619,1.0,1.0,0.0,0.4233867490674619,0.4233867490674619,10,0,2022,7,14,5,1,0,0,1,0,1,GRAVE_MORTALIDAD,2
3,1,20,0,4,1,-15.686546066256096,-70.80628657456964,0,4,6,0,2,2,2,2,1505.5890254525216,2.0,1,0,0.9954955190197113,7,25,242.09909335919042,0.4698288611435662,78.40123956472422,68.16162649942146,6.995451596558283,610.2104356222245,6942.934851442092,13642.312999999998,2020.7790000000005,2354.117,9267.416999999998,3314.0520000000006,10328.260999999997,24.29244952817019,4,1,0,0,2,26.54279256931274,19.076576176664908,34.009008961960575,1.0,0.004504480980288661,0.0,0.0,1,0,0.0,0.0,0.0,1.0,0.0,0.004504480980288661,0.9954955190197113,0.0,1.0,0.9954955190197113,1,0,2022,11,21,3,0,0,2,1,0,1,GRAVE_MORTALIDAD,2
6,1,7,0,4,2,-13.555932170585246,-71.33372413971664,0,4,3,0,2,1,0,4,6543.555,2.0,4,4,1.0,14,33,1198.0,0.2456546833390815,67.92174752588807,37.70656177308302,4.3017422536080545,234.05952133388843,4427.30925812815,17779.13499998999,2097.3709999899997,2863.123,12818.640999999989,2878.713,14900.421999989989,16.19152450331032,4,1,0,0,3,37.6141358440655,37.6141358440655,37.6141358440655,1.0,0.0,0.0,0.0,1,0,0.0,0.0,0.0,1.0,0.0,0.3132760111381787,0.6867239888618213,0.0,0.0,0.0,21,2,2023,5,15,2,0,0,2,1,0,1,GRAVE_MORTALIDAD,2
4,1,7,0,4,1,-10.41239098418395,-76.63246651933102,0,4,3,0,4,2,2,0,6543.555,2.526759287692215,2,1,1.0,6,31,1343.9123226907436,0.577701313204741,79.40898886674236,71.80554045910624,9.134085911724034,906.3920951653397,27732.95453143755,8660.728745269502,1310.4424617886764,1634.1093749888364,5716.176908491989,1320.2862637479611,7340.442481521541,15.302032557973085,3,1,0,0,1,37.73662035615389,35.366203561538924,40.10703715076886,1.0,0.5267592876922153,0.0,0.0,1,0,0.0,0.0,0.0,1.0,0.5267592876922153,0.47324071230778475,0.5267592876922153,0.0,0.0,0.5267592876922153,11,0,2023,5,19,4,0,1,0,1,0,1,GRAVE_MORTALIDAD,2