CLASE SINIESTRO,CANTIDAD DE VEHICULOS DAÑADOS,DEPARTAMENTO,ZONA,TIPO DE VÍA,RED VIAL,COORDENADAS LATITUD,COORDENADAS  LONGITUD,CONDICIÓN CLIMÁTICA,ZONIFICACIÓN,CARACTERÍSTICAS DE VÍA,PERFIL LONGITUDINAL VÍA,SUPERFICIE DE CALZADA,¿EXISTE SEÑAL VERTICAL?,¿EXISTE SEÑAL HORIZONTAL?,CAUSA FACTOR PRINCIPAL,MTC_RVN_LONGITUD_KM,MTC_RVN_N_CARRILES_MEDIANA,MTC_RVN_SUPERFICIE_DOMINANTE,MTC_RVN_ESTADO_DOMINANTE,MTC_RVN_ES_CONCESIONADA,MTC_RVN_CONCESION_PRINCIPAL,MTC_RVN_CORREDOR_LOGISTICO,MTC_RVN_N_TRAMOS,IDH_2019,IDH_ESP_VIDA_2019,IDH_EDUC_SECUND_PCT_2019,IDH_ANIOS_EDUC_2019,IDH_INGRESO_PERCAP_2019,IDH_POBLACION_2019,MTC_DEP_RED_TOTAL_KM,MTC_DEP_NACIONAL_TOTAL_KM,MTC_DEP_DEPARTAMENTAL_TOTAL_KM,MTC_DEP_VECINAL_TOTAL_KM,MTC_DEP_PAV_TOTAL_KM,MTC_DEP_NO_PAV_TOTAL_KM,MTC_DEP_PCT_PAVIMENTADA,PER_TOTAL_PERSONAS,PER_N_CONDUCTORES,PER_N_CONDUCTORES_FUGADOS,PER_N_PEATONES,PER_N_PASAJEROS_OCUPANTES,PER_EDAD_COND_PROM,PER_EDAD_COND_MIN,PER_EDAD_COND_MAX,PER_ANY_COND_MASCULINO,PER_ANY_LIC_PROBLEMA,PER_ANY_DOSAJE_POS,PER_ANY_DOSAJE_EVALUADO,VEH_TOTAL,VEH_N_FUGADOS,VEH_ANY_FUGADO,VEH_ANY_CARGA,VEH_ANY_PUBLICO,VEH_ANY_PARTICULAR,VEH_ANY_MOTO,VEH_ANY_AUTO,VEH_ANY_CAMION_BUS,VEH_ANY_SOAT_PROBLEMA,VEH_ANY_CITV_PROBLEMA,VEH_ANY_SEGURO_PROBLEMA,HORA_NUM,FRANJA_HORARIA,ANIO,MES,DIA_MES,DIA_SEMANA,ES_FIN_SEMANA,ES_QUINCENA,REGION_NATURAL,TIENE_SEÑALIZACION,ES_VIA_MULTICARRIL,ES_DEPTO_BAJO_PAVIMENTO,CATEGORIA_SEVERIDAD,CATEGORIA_SEVERIDAD_ENC
6,1,10,0,4,0,-13.54013629341076,-75.7974640173554,6,4,6,1,6,2,2,0,6543.555,2.0,4,4,1.0,14,33,1198.0,0.35458112887045623,74.4879077560237,53.3810021445239,7.318536128300351,331.36671251280035,657.8381534552011,3721.461,698.1859999999996,744.866,2278.409,1102.9029999999996,2618.558,29.636290693359403,2,1,0,0,1,46.26975611696379,46.26975611696379,46.26975611696379,0.6757491261480294,0.0,0.0,0.0,1,0,0.0,0.6757491261480294,0.0,0.3242508738519706,0.0,0.3242508738519706,0.6757491261480294,0.0,0.0,0.0,19,2,2023,5,17,2,0,0,0,1,0,1,GRAVE_MORTALIDAD,2
3,1,3,1,4,0,-16.516548207017333,-71.79752786808582,0,3,6,1,2,0,1,0,6629.269012722039,2.0,2,0,1.0,9,31,1569.5874021760267,0.6105481451420971,78.10653088113892,68.35418098658066,8.411557426919764,1158.5430895193692,35025.678800856535,10322.272,1495.236,1749.739,7077.2970000000005,2886.595,7435.677000000001,27.964725207783708,6,1,0,0,4,46.44619677045123,46.44619677045123,46.44619677045123,1.0,0.0,0.0,0.0,1,0,0.0,0.0,0.11103492302385953,0.8889650769761405,0.0,0.8889650769761405,0.11103492302385953,0.0,0.0,0.0,11,2,2022,1,15,5,0,0,0,1,0,1,GRAVE_MORTALIDAD,2
4,2,22,0,4,1,-17.566477473745486,-70.51562537352558,0,4,7,1,2,2,2,2,1750.7926033868482,2.0,2,0,1.0,9,27,307.54636332565434,0.4687806649336552,72.3305214092753,66.90939166347407,7.816993914135931,667.2375730272445,2759.217095368024,2650.572,630.6729999999998,487.3610000000001,1532.5379999999998,1068.7019999999998,1581.87,40.31967439480987,4,2,0,0,2,47.18574501437937,40.87041452548084,58.14470086276211,1.0,0.0,0.0,1.0,2,0,0.0,0.5572350431381055,0.0,0.44276495686189454,0.0,0.44276495686189454,0.5572350431381055,0.0,0.0,0.0,18,2,2022,8,15,2,0,0,0,1,0,1,GRAVE_MORTALIDAD,2
2,1,13,0,4,0,-6.77737642760532,-79.65686648200294,1,4,5,0,1,1,0,0,6543.555,2.746747183034284,2,1,1.0,3,30,1404.8489697004966,0.46691780125975924,79.34331042192012,62.93855577785131,6.993036207333539,645.1282691664935,10668.935611147457,3459.691,515.0619999999999,689.7280000000001,2254.901,703.3549999999999,2756.336,20.329994788551925,16,1,0,0,14,49.02904189951137,41.18819647765139,56.86988732137135,1.0,0.0,0.0,0.0,1,0,0.0,0.7467471830342838,0.7467471830342838,0.0,0.0,0.0,1.0,0.0,0.0,0.0,13,2,2021,3,21,1,0,1,0,1,0,1,GRAVE_MORTALIDAD,2
4,1,12,0,4,1,-8.432341355507967,-78.76749510597031,0,3,7,1,2,2,2,0,6543.555,2.9092323764615013,2,0,1.0,1,30,1449.857368279836,0.5051395598219868,77.13285387085847,51.52067479184955,6.715328807318118,900.900383457586,67612.41755888652,8931.828000000005,1335.5899999999997,1935.9830000000004,5660.255000000005,1219.309,7712.519000000005,13.651281686122925,3,1,1,0,1,22.45228197661598,22.089211482461984,22.724584847231473,0.9092323764615015,0.0,0.0,0.0,1,1,1.0,0.0,0.0,0.9092323764615015,0.0,0.9092323764615015,0.0,0.0,0.9092323764615015,0.9092323764615015,3,0,2022,8,15,5,0,0,0,1,0,1,GRAVE_MORTALIDAD,2
9,1,5,0,4,2,-6.544677489388346,-78.33536396895667,0,4,0,0,1,2,2,0,6543.555,2.0,4,4,1.0,14,33,1198.0,0.17415457619814273,73.0172080615016,30.303047168739745,3.401547942627235,129.64904230931987,4047.275220025839,15935.565011852366,1733.9250000199986,935.692,13265.948011832368,2000.1670000199988,13935.398011832369,12.551591352627522,4,1,0,0,3,35.92981885995937,35.92981885995937,35.92981885995937,1.0,0.8982454714989843,0.0,0.10175452850101574,1,0,0.0,0.8982454714989843,0.0,0.10175452850101574,0.0,0.0,1.0,0.8982454714989843,0.8982454714989843,0.8982454714989843,13,2,2021,9,27,2,0,1,2,1,0,1,GRAVE_MORTALIDAD,2
6,1,12,0,4,2,-7.179254255482832,-77.69994646153326,0,4,7,1,7,2,2,0,6543.555,2.0,4,4,1.0,14,33,1198.0,0.3229758062633005,77.02221238007061,38.40352636747794,5.523632295220924,339.06320737051533,4394.794361471759,8931.828000000005,1335.5899999999997,1935.9830000000004,5660.255000000005,1219.309,7712.519000000005,13.651281686122925,2,1,0,0,1,54.75423685637645,54.75423685637645,54.75423685637645,1.0,0.9508473712752896,0.0,0.0,1,0,0.0,0.04915262872471038,0.0,0.9508473712752896,0.9508473712752896,0.0,0.04915262872471038,0.9508473712752896,0.0,0.9508473712752896,19,1,2022,8,3,5,0,0,0,1,0,1,GRAVE_MORTALIDAD,2
3,1,3,0,4,0,-16.251853790534913,-71.67794778299638,0,4,7,0,2,0,1,0,6543.555,2.994685830845138,2,0,1.0,0,30,1473.5279751441033,0.6005594401475137,78.21645473291224,77.35403666569552,8.991643648661217,996.8778272907649,33344.44036205892,10322.272,1495.236,1749.739,7077.2970000000005,2886.595,7435.677000000001,27.964725207783708,5,1,0,0,3,37.06377002985835,29.106283383097242,45.02125667661945,1.0,0.005314169154862047,0.0,0.0,1,0,0.0,0.0,0.994685830845138,1.0,0.0,1.0,0.994685830845138,0.0,0.994685830845138,0.0,16,3,2023,3,23,0,0,0,0,1,0,1,GRAVE_MORTALIDAD,2
6,0,11,0,4,1,-11.783559901993971,-75.5725276871127,0,4,0,1,2,1,1,2,7586.903,2.0,2,0,1.0,9,5,1198.0,0.4765813547002434,69.01757791382785,70.38282355721861,7.913980218504807,696.8597651410022,894.512891200989,12264.545,1826.4639999999995,1105.5389999999998,9332.542,1588.5359999999996,10676.009,12.952261987705208,8,1,0,0,7,47.861421674030666,47.861421674030666,47.861421674030666,1.0,0.0,0.0,0.6719303155143422,1,0,0.0,0.0,0.0,1.0,0.0,0.32806968448565776,0.6719303155143422,0.0,0.0,0.0,11,2,2022,7,29,0,0,1,2,1,0,1,GRAVE_MORTALIDAD,2
4,1,8,0,4,1,-12.04163828575432,-75.20619589716317,0,4,1,0,4,2,2,3,6543.555,2.0,4,4,1.0,14,33,1198.0,0.3675828607515211,76.60709128901173,56.96073905747716,5.553535053885562,403.0040984430923,4394.625638694465,12405.208696259251,1819.199674469117,1332.5687005968966,9253.440321193237,1893.1143284147533,10512.094367844498,15.210840963645985,6,1,0,0,5,25.801682978680894,25.47148955958045,26.13187639778134,1.0,1.0,0.0,0.3396131617991114,1,0,0.0,0.0,0.0,0.6603868382008886,0.6603868382008886,0.6603868382008886,0.3396131617991114,1.0,1.0,0.6603868382008886,15,1,2022,11,22,4,0,1,2,1,0,1,GRAVE_MORTALIDAD,2
3,1,3,2,4,1,-16.15929484228619,-71.63208988723632,5,4,0,0,2,0,1,0,1504.4250000000002,2.0,2,0,1.0,7,25,241.0,0.6005060748875158,78.21704200773246,77.40211893847457,8.994742794352394,996.014120858737,33335.45824411135,10322.272,1495.236,1749.739,7077.2970000000005,2886.595,7435.677000000001,27.964725207783708,7,2,0,0,5,36.08256313124388,29.26958624711821,44.84331002305434,1.0,0.0,0.0,0.26958624711820733,2,0,0.0,0.26958624711820733,0.0,0.7304137528817927,0.0,0.7304137528817927,1.0,0.0,0.7304137528817927,0.0,14,3,2024,3,6,0,0,0,0,1,0,1,GRAVE_MORTALIDAD,2
4,1,1,0,4,1,-12.277350194359276,-74.84215726152792,1,4,0,1,4,1,0,1,6543.555,2.0,4,4,1.0,14,33,1198.0,0.5355595075970336,78.08618061616886,64.02738047291089,8.321912981094055,848.8966632684427,15062.329273019499,10565.776124502181,1708.3693577523532,1461.598065852469,7395.808700897361,2456.7209050822466,8109.055219419936,23.340044365649863,4,1,0,0,3,39.453261683381726,34.92064484956449,43.985878517198955,1.0,0.0,0.0,0.0,1,0,0.0,0.0,0.0,1.0,0.0,0.4532616833817231,1.0,0.5467383166182769,0.0,0.5467383166182769,5,0,2022,10,16,2,0,0,0,1,0,1,GRAVE_MORTALIDAD,2
3,1,1,0,4,1,-9.445687949507583,-78.35035734674112,1,4,6,1,3,2,2,0,6543.555,3.0,2,0,1.0,0,30,1475.0,0.5873460606982213,78.04758132038613,65.8701248560095,8.596987164492063,1041.0659985770535,35482.29764453961,10767.648,1885.0630000000003,1222.721,7659.864000000001,2100.343,8667.305000000002,19.506051832303577,5,2,0,0,3,38.894028097268404,36.52537079635787,41.26268539817893,1.0,0.0,0.0,0.0,2,0,0.0,0.6843286504552667,0.0,1.0,0.0,0.3156713495447333,0.6843286504552667,0.0,0.0,0.0,4,0,2021,11,23,2,0,1,0,1,1,1,GRAVE_MORTALIDAD,2
3,2,7,1,4,1,-13.63374771497476,-71.72012954928411,2,1,7,1,2,0,1,2,7586.903,2.0,2,0,1.0,9,5,1198.0,0.4908515484891674,65.07187587843748,75.58754728979909,7.959915176931458,799.2471580986653,8416.312105785973,17779.13499998999,2097.3709999899997,2863.123,12818.640999999989,2878.713,14900.421999989989,16.19152450331032,3,2,0,0,1,44.241375420554185,41.002149094615916,46.76077367406173,1.0,0.35991403621536344,0.0,0.0,2,0,0.0,1.0,0.35991403621536344,0.35991403621536344,0.35991403621536344,0.0,1.0,0.35991403621536344,0.0,0.35991403621536344,7,1,2023,3,15,0,0,0,2,1,0,1,GRAVE_MORTALIDAD,2
3,1,9,0,4,1,-8.88936248143276,-76.57290883379234,3,4,0,1,1,1,0,1,1023.8453393382416,1.667806219986617,1,3,0.0,9,17,261.62336364050856,0.30346748855145245,72.75310529758663,35.45669110252436,4.2964797326039434,403.0764017145747,9421.505882914258,8449.157030574055,1334.179593263388,1172.0086774979904,5942.968759812676,1112.8272982231338,7336.3297323509205,13.156816510361695,4,1,0,0,2,36.667806219986616,29.989744020120447,43.345868419852785,1.0,0.0,0.0,0.6678062199866169,1,0,0.0,0.6678062199866169,0.0,0.33219378001338307,0.0,0.6678062199866169,1.0,0.0,0.33219378001338307,0.0,8,0,2022,3,12,0,0,0,1,1,0,1,GRAVE_MORTALIDAD,2
3,2,13,0,4,1,-6.600029946793415,-79.84859198132615,0,4,7,1,2,2,2,0,6592.87015043288,2.9594040146976264,2,0,1.0,0,29,1501.7121583289618,0.3916741019733871,75.59110904602211,50.78235384680394,4.948227335131118,560.3786426192388,48847.60720394126,3548.411293099145,527.2413639345061,700.9150356697751,2320.254893494864,715.9418258389861,2832.469467260159,20.233451408118608,3,2,0,0,1,38.93165620576677,21.040595985302375,56.822716426231175,1.0,0.9594040146976266,0.0,0.0,2,0,0.0,0.9594040146976266,0.0,1.0,1.0,0.0,0.9594040146976266,0.040595985302373405,0.040595985302373405,0.040595985302373405,12,2,2022,5,5,4,0,0,0,1,0,1,GRAVE_MORTALIDAD,2
6,1,12,0,4,1,-9.274061239244523,-77.38667394398801,1,4,2,1,5,2,2,2,1584.4877158755353,1.3907529845670041,1,1,0.0,9,26,447.59947665703874,0.5784005188279666,74.42450930143393,58.53531121549373,7.827075535795345,1200.3092755816233,23571.956001075494,8421.69411735301,1471.4989678212032,1804.3383194993764,5145.856830032431,1452.0281920066323,6969.665925346379,17.615962984977685,4,1,0,0,3,33.09247015432996,33.09247015432996,33.09247015432996,1.0,0.39075298456700414,0.0,0.39075298456700414,1,0,0.0,0.0,0.0,0.39075298456700414,0.0,0.39075298456700414,0.6092470154329959,0.39075298456700414,0.0,0.0,11,2,2021,3,16,1,0,0,0,1,0,1,GRAVE_MORTALIDAD,2
9,1,20,0,4,1,-15.882512574954278,-70.24951557806897,0,4,1,1,2,0,1,2,1509.5868299560134,2.0,2,0,1.0,7,24,232.42483678296034,0.4174323915140017,75.18640168342502,70.08494515612564,7.256696614696446,457.3230685190491,5072.262329668735,13642.312999999998,2020.7790000000005,2354.117,9267.416999999998,3314.0520000000006,10328.260999999997,24.29244952817019,4,1,0,0,3,30.20915032236682,30.20915032236682,30.20915032236682,0.7908496776331791,0.20915032236682085,0.0,0.7908496776331791,1,0,0.0,0.0,0.0,1.0,0.0,0.20915032236682085,0.7908496776331791,0.0,0.7908496776331791,0.0,8,1,2021,6,19,3,0,1,2,1,0,1,GRAVE_MORTALIDAD,2
5,1,17,0,4,1,-17.461528870496682,-71.29398768400435,0,4,1,0,2,0,1,2,1926.94,2.0,2,0,1.0,9,32,393.0,0.7255403731324537,77.69714173373369,70.55586919722057,12.090019766167643,1557.025130005116,3054.9242850861447,2890.3512067071188,501.88046878674186,821.1657888256241,1567.3049490947528,906.2892123034844,1984.0619944036346,31.53446934731916,2,1,0,0,1,37.212024121836,37.212024121836,37.212024121836,1.0,0.8030060304590013,0.0,0.0,1,0,0.0,0.19699396954099868,0.0,0.0,0.0,1.0,0.19699396954099868,0.0,0.0,0.0,16,1,2021,5,23,4,0,0,0,1,0,1,GRAVE_MORTALIDAD,2
3,1,3,1,4,1,-16.235833103495537,-71.62795560170406,5,3,0,0,2,2,2,0,1504.4250000000002,2.0,2,0,1.0,7,25,241.0,0.6005060748875158,78.21704200773246,77.40211893847457,8.994742794352394,996.014120858737,33335.45824411135,10322.272,1495.236,1749.739,7077.2970000000005,2886.595,7435.677000000001,27.964725207783708,14,2,0,0,12,35.493479273935066,31.13540488449722,39.85155366337292,1.0,0.0,0.0,1.0,2,0,0.0,1.0,0.0,0.2838512211243054,0.0,0.2838512211243054,1.0,0.0,0.0,0.0,12,2,2023,6,10,0,0,0,0,1,0,1,GRAVE_MORTALIDAD,2
6,1,1,0,4,1,-9.790796347449966,-77.33485122101327,0,4,0,0,1,2,2,0,9936.932,2.0,2,0,1.0,9,32,3830.0,0.4722842333109926,70.80990503862462,53.626216670194296,8.252597450022503,738.8854654695585,3321.8676219647004,10767.648,1885.0630000000003,1222.721,7659.864000000001,2100.343,8667.305000000002,19.506051832303577,3,1,0,0,2,28.148351719945254,28.148351719945254,28.148351719945254,1.0,0.7957613794301356,0.0,1.0,1,0,0.0,0.7957613794301356,0.0,0.20423862056986442,0.0,0.0,1.0,0.0,0.0,0.0,20,1,2021,4,5,0,0,0,0,1,0,1,GRAVE_MORTALIDAD,2
6,1,13,0,4,1,-7.121074995254036,-78.53154045090821,0,4,1,1,1,2,2,0,1331.798099052536,1.2472051189306332,1,2,0.24720511893063324,7,29,220.50182300765965,0.2848004233346714,75.50755278183334,38.37982494328746,3.9850203838382883,353.7886215795239,9166.191799931901,8940.23742375062,1446.0466856656553,1614.8667641756538,5879.32397390931,1465.3265455541225,7474.910878196496,16.382418841814733,3,1,0,0,2,36.49441023786127,36.49441023786127,36.49441023786127,1.0,0.0,0.0,0.24720511893063324,1,0,0.0,0.0,0.0,1.0,0.0,0.24720511893063324,0.7527948810693668,0.0,0.7527948810693668,0.0,18,2,2022,5,9,3,0,0,0,1,0,1,GRAVE_MORTALIDAD,2
6,1,8,0,4,1,-12.389274512982174,-75.05567907196223,0,4,6,0,2,2,2,5,7586.903,2.0,2,0,1.0,9,5,1198.0,0.3194276992492787,73.33255353497779,47.7348576121124,4.7448771709046,352.06475975102785,3267.083952654913,8511.426,1445.3929999999996,2008.516,5057.516999999999,1879.579,6631.846999999998,22.08300935706896,11,1,0,0,10,32.08604800018073,32.08604800018073,32.08604800018073,1.0,0.0,0.0,0.0,1,0,0.0,0.0,0.0,1.0,0.0,0.0039112727354877475,0.9960887272645123,0.0,0.0,0.0,2,0,2023,8,16,5,0,1,2,1,0,1,GRAVE_MORTALIDAD,2
5,1,8,0,4,2,-12.399135124386747,-75.22230541244053,0,4,5,0,1,2,2,0,6543.555,2.10337800720196,3,3,1.0,12,32,1226.6357079949428,0.380032432081036,73.23332437256386,51.32970630643055,5.719521640206833,487.828531826315,24729.78714795451,8554.886320983718,1434.0417846752027,2001.0176830036203,5119.826853304894,1811.321603184762,6743.564717798955,21.211354153176938,2,1,0,0,1,37.98209106841862,33.31013402160588,41.757426122433316,1.0,0.10337800720195989,0.0,0.0,1,0,0.0,0.0,0.10337800720195989,0.8966219927980401,0.10337800720195989,0.8966219927980401,0.10337800720195989,0.0,0.0,0.10337800720195989,4,0,2021,10,18,2,0,0,1,1,0,1,GRAVE_MORTALIDAD,2
3,1,11,0,4,1,-11.279940427319284,-74.56338633689911,0,4,0,0,1,2,2,1,2277.773662311526,1.1806626989024094,1,3,0.18066269890240938,9,32,474.5251631308275,0.3739535883446399,74.55540042448688,45.53200268234167,6.570185704992687,436.98266923566626,66004.06830690344,12264.545,1826.4639999999995,1105.5389999999998,9332.542,1588.5359999999996,10676.009,12.952261987705208,3,1,0,0,1,32.11960913408494,28.43259127914578,35.806626989024096,1.0,0.18066269890240938,0.0,0.8193373010975906,1,0,0.0,0.0,0.0,1.0,0.8193373010975906,0.18066269890240938,0.8193373010975906,1.0,0.0,0.0,11,2,2021,3,20,0,0,0,2,1,0,1,GRAVE_MORTALIDAD,2
3,1,20,0,4,1,-15.553491627751992,-70.1070760455195,0,4,6,1,2,2,2,2,7586.903,2.0,2,0,1.0,9,5,1198.0,0.3646929504779869,74.39003066237748,63.71456574957328,5.594162012040831,387.0285253251433,5552.2119914346895,13642.312999999998,2020.7790000000005,2354.117,9267.416999999998,3314.0520000000006,10328.260999999997,24.29244952817019,2,1,0,0,1,28.42089269210451,25.810971459054905,31.03081392515411,1.0,0.1300262556501326,0.0,0.8699737443498674,1,0,0.0,0.0,0.0,1.0,0.8699737443498674,0.0,1.0,0.8699737443498674,0.8699737443498674,0.8699737443498674,17,2,2022,7,22,3,0,0,2,1,0,1,GRAVE_MORTALIDAD,2
5,1,9,0,4,1,-11.015605141468733,-76.43761242925295,0,4,7,1,1,2,2,0,6543.555,2.3276549636836155,3,2,1.0,9,32,1288.7604249403614,0.5963349724330002,73.35533438637349,77.24023829643569,9.870682467767216,1031.7352339790134,42311.93923515701,8649.17280204252,1409.4155020226476,1984.7502025191366,5255.007097500736,1663.2382571286191,6985.9345449139,19.320311933255,4,1,0,0,2,34.10921832122787,28.757520581062153,43.501993946824854,1.0,0.0,0.0,0.0,1,0,0.0,0.0,0.3276549636836156,1.0,0.3276549636836156,1.0,0.3276549636836156,0.0,0.0,0.0,15,3,2024,5,20,1,0,1,1,1,0,1,GRAVE_MORTALIDAD,2
3,1,13,0,4,1,-11.120747054034217,-77.52513742443438,0,4,7,1,2,2,2,0,6619.709845966746,2.2101758352339234,2,0,1.0,7,30,1586.3652072320167,0.6654689513134455,78.91201564333194,71.4516635902631,9.781273295101306,1336.2377293333186,96117.62349237614,6750.58974104596,1437.8459544869625,1407.9585533508553,3904.7852332081425,1581.2603556207896,5169.3293854251715,23.068746962369406,3,2,0,0,1,31.315263752850885,29.738944988596458,32.89158251710531,1.0,0.0,0.0,0.0,2,0,0.0,0.21017583523392336,0.0,1.0,0.0,0.21017583523392336,1.0,0.0,0.0,0.0,9,1,2022,8,19,1,0,0,0,1,0,1,GRAVE_MORTALIDAD,2
6,1,8,0,4,0,-13.49371784639961,-75.47900167793071,2,4,2,0,4,2,2,2,6543.555,2.0,4,4,1.0,14,33,1198.0,0.3620314105187224,66.94297746735722,47.72835004199075,6.443154429514127,464.81109751662086,1228.1423246081572,8511.426,1445.3929999999996,2008.516,5057.516999999999,1879.579,6631.846999999998,22.08300935706896,4,1,0,0,3,38.49306387864332,38.49306387864332,38.49306387864332,1.0,0.0,0.0,0.0,1,0,0.0,0.0,0.0,1.0,0.0,0.5023120404522279,0.4976879595477721,0.4976879595477721,0.4976879595477721,0.4976879595477721,13,1,2022,5,19,2,0,1,2,1,0,1,GRAVE_MORTALIDAD,2
6,1,13,0,4,0,-9.09974810490612,-77.05948613014938,0,4,5,0,2,1,0,0,6543.555,2.0,4,4,1.0,14,33,1198.0,0.3023130610765123,65.40937894729556,59.65851918533466,4.859562027499866,323.18795346402135,29112.420897722863,8727.739329649026,1605.8210226405918,1355.644080099778,5766.274226908656,2039.0107113010918,6688.728618347934,23.32843804805208,6,1,0,0,5,25.52397929311988,25.52397929311988,25.52397929311988,1.0,0.0,0.0,0.4760207068801199,1,0,0.0,0.5239792931198801,0.0,0.4760207068801199,0.0,0.0,1.0,0.0,0.4760207068801199,0.0,6,0,2022,3,16,5,0,0,1,1,0,1,GRAVE_MORTALIDAD,2
3,2,3,0,4,1,-16.69232417635258,-72.46757372429144,0,4,6,0,2,1,1,0,1926.94,2.0,2,0,1.0,9,32,393.0,0.5506134487544145,84.11518135609504,66.07904665694413,8.594478109433165,777.7519971785225,628.7494646680942,10322.272,1495.236,1749.739,7077.2970000000005,2886.595,7435.677000000001,27.964725207783708,2,1,0,0,1,34.29548314164609,31.196988761097394,37.29548314164609,1.0,0.0,0.0,0.0,2,0,0.0,1.0,0.0,0.9015056194513031,0.0,0.9015056194513031,1.0,0.0,0.09849438054869686,0.0,12,2,2021,11,18,5,0,1,0,1,0,1,GRAVE_MORTALIDAD,2
5,1,11,0,4,1,-8.079809548175449,-77.4505490601911,0,4,0,1,1,2,2,0,1660.9025125246171,1.0,0,3,0.0,9,32,279.9825306161541,0.41227941309698257,76.82165561585433,42.07706099426734,5.117347371467795,674.890636834706,1224.7954828051973,8917.223256614323,1339.404550449279,1938.5027926080127,5639.315913557031,1242.2467450993659,7674.976511514958,13.9441994622803,4,1,0,0,3,48.600490604385016,48.51364073577306,48.687340472996965,1.0,0.9652600525552185,0.0,0.0,1,0,0.0,0.0,0.0,1.0,0.0,0.03473994744478148,0.9652600525552185,0.0,0.0,0.0,21,2,2023,6,17,0,0,1,0,1,0,1,GRAVE_MORTALIDAD,2
6,1,12,0,8,2,-8.123074765493682,-77.70990012160843,0,4,4,1,5,2,2,0,6543.555,2.0,4,4,1.0,14,33,1198.0,0.26711253167807214,78.64460347184041,34.55487195581927,4.27141766967568,286.18491812990794,6332.476412152391,8931.828000000005,1335.5899999999997,1935.9830000000004,5660.255000000005,1219.309,7712.519000000005,13.651281686122925,5,1,0,0,4,33.0,33.0,33.0,1.0,0.31987957666776334,0.0,0.0,1,0,0.0,0.31987957666776334,0.0,0.6801204233322367,0.0,0.0,1.0,0.0,0.0,0.0,5,0,2023,8,13,2,0,0,0,1,0,1,GRAVE_MORTALIDAD,2
6,1,12,0,4,1,-7.44470336739897,-77.7639277638317,0,4,7,1,1,2,2,0,6543.555,2.0,4,4,1.0,14,33,1198.0,0.26504902425958937,79.41260519356588,34.831063753856576,4.878083700601457,226.1953139396873,2473.49235864287,8931.828000000005,1335.5899999999997,1935.9830000000004,5660.255000000005,1219.309,7712.519000000005,13.651281686122925,2,1,0,0,1,29.61336843201164,29.61336843201164,29.61336843201164,1.0,0.0,0.0,0.0,1,0,0.0,1.0,0.0,0.0,0.0,0.0,1.0,0.0,0.4033421080029098,0.0,7,0,2022,7,18,4,0,0,0,1,0,1,GRAVE_MORTALIDAD,2
6,1,12,0,4,1,-9.260507038686653,-77.39146823939868,1,4,2,1,5,1,1,2,1099.6353408302514,1.3951982381560362,1,1,0.0,9,19,195.31400874779962,0.5787424153204503,74.4360564323893,58.578093982178764,7.827817806380394,1201.6161212495624,23580.072034660916,8415.890772113726,1473.045084807765,1802.8407135652315,5140.004973740729,1454.6756339056378,6961.215138208088,17.661065682766754,3,1,0,0,2,42.13757709602847,42.13757709602847,42.13757709602847,1.0,0.39519823815603616,0.0,0.0,1,0,0.0,0.0,0.0,0.39519823815603616,0.39519823815603616,0.0,0.6048017618439638,0.39519823815603616,0.0,0.39519823815603616,15,2,2022,3,15,2,0,0,0,1,0,1,GRAVE_MORTALIDAD,2
3,2,3,0,4,1,-15.868558378905547,-71.10379850400624,0,4,7,0,2,0,1,0,1504.4250000000002,2.0,2,0,1.0,7,25,241.0,0.4498224071382834,81.63336343193146,58.84842497065013,5.774685730039019,620.6584683449911,1358.612419700214,10322.272,1495.236,1749.739,7077.2970000000005,2886.595,7435.677000000001,27.964725207783708,11,2,0,0,9,47.31955819845027,28.67886393887212,65.96025245802842,1.0,1.0,0.0,0.0,2,0,0.0,0.4801262290142092,0.4801262290142092,0.5198737709857908,0.0,1.0,1.0,0.0,0.0,0.0,5,0,2021,6,12,2,0,0,0,1,0,1,GRAVE_MORTALIDAD,2
6,1,14,0,4,1,-11.178254025284048,-77.30585992443739,0,4,7,1,2,1,1,2,1196.577060112479,2.0,2,0,0.0,9,15,579.4729427438094,0.625259356790912,76.00710856837651,64.39893010534446,7.928807895834627,1379.4198272918734,24684.304068522484,7626.313,1683.4029999999998,1599.0829999999996,4343.827000000001,1814.875,5811.438000000001,23.797541485643197,3,1,0,0,2,31.239692561263425,31.239692561263425,31.239692561263425,1.0,1.0,0.0,0.8156655408146337,1,0,0.0,0.0,0.0,1.0,0.18433445918536628,0.8156655408146337,0.0,1.0,0.0,0.18433445918536628,11,1,2021,6,5,1,0,0,0,1,0,1,GRAVE_MORTALIDAD,2