CLASE SINIESTRO,CANTIDAD DE VEHICULOS DAÑADOS,DEPARTAMENTO,ZONA,TIPO DE VÍA,RED VIAL,COORDENADAS LATITUD,COORDENADAS  LONGITUD,CONDICIÓN CLIMÁTICA,ZONIFICACIÓN,CARACTERÍSTICAS DE VÍA,PERFIL LONGITUDINAL VÍA,SUPERFICIE DE CALZADA,¿EXISTE SEÑAL VERTICAL?,¿EXISTE SEÑAL HORIZONTAL?,CAUSA FACTOR PRINCIPAL,MTC_RVN_LONGITUD_KM,MTC_RVN_N_CARRILES_MEDIANA,MTC_RVN_SUPERFICIE_DOMINANTE,MTC_RVN_ESTADO_DOMINANTE,MTC_RVN_ES_CONCESIONADA,MTC_RVN_CONCESION_PRINCIPAL,MTC_RVN_CORREDOR_LOGISTICO,MTC_RVN_N_TRAMOS,IDH_2019,IDH_ESP_VIDA_2019,IDH_EDUC_SECUND_PCT_2019,IDH_ANIOS_EDUC_2019,IDH_INGRESO_PERCAP_2019,IDH_POBLACION_2019,MTC_DEP_RED_TOTAL_KM,MTC_DEP_NACIONAL_TOTAL_KM,MTC_DEP_DEPARTAMENTAL_TOTAL_KM,MTC_DEP_VECINAL_TOTAL_KM,MTC_DEP_PAV_TOTAL_KM,MTC_DEP_NO_PAV_TOTAL_KM,MTC_DEP_PCT_PAVIMENTADA,PER_TOTAL_PERSONAS,PER_N_CONDUCTORES,PER_N_CONDUCTORES_FUGADOS,PER_N_PEATONES,PER_N_PASAJEROS_OCUPANTES,PER_EDAD_COND_PROM,PER_EDAD_COND_MIN,PER_EDAD_COND_MAX,PER_ANY_COND_MASCULINO,PER_ANY_LIC_PROBLEMA,PER_ANY_DOSAJE_POS,PER_ANY_DOSAJE_EVALUADO,VEH_TOTAL,VEH_N_FUGADOS,VEH_ANY_FUGADO,VEH_ANY_CARGA,VEH_ANY_PUBLICO,VEH_ANY_PARTICULAR,VEH_ANY_MOTO,VEH_ANY_AUTO,VEH_ANY_CAMION_BUS,VEH_ANY_SOAT_PROBLEMA,VEH_ANY_CITV_PROBLEMA,VEH_ANY_SEGURO_PROBLEMA,HORA_NUM,FRANJA_HORARIA,ANIO,MES,DIA_MES,DIA_SEMANA,ES_FIN_SEMANA,ES_QUINCENA,REGION_NATURAL,TIENE_SEÑALIZACION,ES_VIA_MULTICARRIL,ES_DEPTO_BAJO_PAVIMENTO,CATEGORIA_SEVERIDAD,CATEGORIA_SEVERIDAD_ENC
6,1,7,0,4,1,-12.736758407014774,-72.68971964198349,4,4,0,0,7,2,2,4,3342.1165873313216,1.0627221714144588,1,2,0.0,9,13,1069.8613650373777,0.4376760006153288,76.21238313701389,59.2945782279441,6.246524407245443,600.6538239278855,29362.846238984654,17519.664541395512,2092.566983437651,2831.197038417012,12595.90051954085,2906.0184073813994,14613.646134014114,16.69963211133526,6,1,0,0,5,47.74555657171082,47.74555657171082,47.74555657171082,1.0,0.0627221714144588,0.0,0.0627221714144588,1,0,0.0,0.0,0.9372778285855412,0.0627221714144588,0.0,0.0,1.0,0.0627221714144588,1.0,0.0,14,3,2021,3,17,4,0,0,2,1,0,1,GRAVE_MORTALIDAD,2
5,1,12,0,3,2,-8.460762238466867,-77.60083142889157,0,4,7,1,7,2,2,0,6543.555,2.0,4,4,1.0,14,33,1198.0,0.2570776705804022,74.04709463881272,29.11698646260345,4.158533116319126,396.0800212941922,13217.21131666399,8690.944510281355,1399.765753790276,1873.820828223948,5417.357928267131,1329.1982134045006,7361.746296876854,15.523390752736853,6,1,0,0,5,32.645792820469524,32.18451223441986,33.107073406519184,1.0,0.18451223441986409,0.0,0.0,1,0,0.0,1.0,0.18451223441986409,0.0,0.18451223441986409,0.0,1.0,0.0,0.18451223441986409,0.18451223441986409,5,0,2022,9,13,3,0,0,0,1,0,1,GRAVE_MORTALIDAD,2
1,1,13,0,4,0,-6.440412482637131,-79.67640420010581,2,4,4,0,1,2,2,0,6543.555,2.0,4,4,1.0,14,33,1198.0,0.37671200939299226,74.00263343620459,54.67736630249789,6.541884777672033,457.49682924929016,12840.10921862866,3459.691,515.0619999999999,689.7280000000001,2254.901,703.3549999999999,2756.336,20.329994788551925,2,1,0,0,0,30.710656803267778,30.463279683049926,30.95803392348563,1.0,0.0,0.0,0.4947542404357036,1,0,0.0,0.4947542404357036,0.0,0.4947542404357036,0.0,0.4947542404357036,1.0,0.0,0.0,0.0,4,0,2021,4,23,3,0,1,0,1,0,1,GRAVE_MORTALIDAD,2
6,1,7,0,4,1,-14.66180497634941,-71.35064971245546,0,4,6,0,2,1,0,2,2003.2256855382118,1.0,1,3,0.0,9,29,572.7978702526643,0.40489602701198696,68.00412277295354,61.13703806455207,6.152143744683115,562.9861624101839,4850.097346788104,17779.13499998999,2097.3709999899997,2863.123,12818.640999999989,2878.713,14900.421999989989,16.19152450331032,5,1,0,0,4,28.808974596617045,28.808974596617045,28.808974596617045,1.0,0.0,0.0,1.0,1,0,0.0,0.0,0.0,0.8662393049229978,0.0,0.8662393049229978,0.13376069507700217,0.8662393049229978,0.8662393049229978,0.0,19,2,2021,9,10,5,1,0,2,1,0,1,GRAVE_MORTALIDAD,2
6,1,14,0,4,1,-10.472184294674738,-77.07848662924927,0,4,4,0,6,2,2,0,1031.172,-1.0,1,0,0.0,9,32,405.0,0.40360310797474763,71.96384155379806,61.53078102056796,6.542730752900628,500.010421199368,911.8798085548772,7626.313,1683.4029999999998,1599.0829999999996,4343.827000000001,1814.875,5811.438000000001,23.797541485643197,3,1,0,0,2,43.142547838511945,43.142547838511945,43.142547838511945,1.0,0.0,0.0,0.0,1,0,0.0,0.8857019135404777,0.0,0.11429808645952233,0.0,0.0,1.0,0.0,0.0,0.0,7,0,2022,9,11,3,0,0,0,1,0,1,GRAVE_MORTALIDAD,2
5,1,4,0,3,2,-13.30057116123549,-73.99277637878207,0,3,2,0,2,1,1,2,6543.555,2.0,4,4,1.0,14,33,1198.0,0.23912144497566468,69.41146591654507,47.537088692665264,4.506599531675914,187.40689757151458,5740.518130281044,12678.733000000004,1805.074000000001,1774.0339999999994,9099.625000000004,2485.375000000001,10193.358000000002,19.602707936195205,2,1,0,0,1,29.387660472655416,29.387660472655416,29.387660472655416,1.0,0.3507712204590365,1.0,1.0,1,0,0.0,0.0,0.0,0.3507712204590365,0.3507712204590365,0.0,0.6492287795409635,0.0,0.0,0.0,14,1,2024,2,15,3,0,0,2,1,0,1,GRAVE_MORTALIDAD,2
6,1,11,0,4,1,-11.78041392394085,-75.59420423411815,0,4,0,1,2,1,1,2,7586.903,2.0,2,0,1.0,9,5,1198.0,0.473010723330511,69.1151521252161,70.20675943330247,7.827996381651335,687.2099781359103,1001.2064055422316,12264.545,1826.4639999999995,1105.5389999999998,9332.542,1588.5359999999996,10676.009,12.952261987705208,8,1,0,0,7,58.855180192231025,58.855180192231025,58.855180192231025,1.0,0.0,0.0,1.0,1,0,0.0,0.0,0.0,1.0,0.0,0.0,1.0,0.0,0.0,0.0,15,3,2022,7,28,0,0,0,2,1,0,1,GRAVE_MORTALIDAD,2
3,1,20,0,4,1,-15.56114051723631,-70.10555160999162,0,4,7,1,2,2,2,2,7551.794628391072,2.0,2,0,1.0,9,5,1198.0,0.36320259294651186,74.21855949320134,63.934026439425544,5.620329645422542,382.95443824961717,5528.6011262014,13642.312999999998,2020.7790000000005,2354.117,9267.416999999998,3314.0520000000006,10328.260999999997,24.29244952817019,2,1,0,0,1,24.067299446798053,21.168248616995132,26.966350276600974,1.0,0.0,0.0,0.9663502766009734,1,0,0.0,0.0,0.0,1.0,0.9663502766009734,0.03364972339902661,0.9663502766009734,0.9663502766009734,0.9663502766009734,0.9663502766009734,17,2,2022,7,24,3,0,1,2,1,0,1,GRAVE_MORTALIDAD,2
3,1,12,0,4,1,-7.886661608768056,-78.85795403781773,0,4,6,0,2,2,2,0,1105.293291939764,2.0,2,2,0.14110964833264927,8,9,203.46570622173712,0.5396476344924289,80.56392649179291,67.79784522164414,7.921074918031985,812.7787270480577,23852.331733464398,3496.6292726440374,540.9025632412679,697.5085037897657,2258.2182056130036,759.7350777720133,2736.894194872024,21.643202930958882,3,2,0,0,1,35.68108331832033,29.411096483326492,41.95107015331418,1.0,0.0,0.0,1.0,2,0,0.0,0.8588903516673507,0.0,0.0,0.0,0.14110964833264927,1.0,0.8588903516673507,0.8588903516673507,0.8588903516673507,20,2,2022,2,20,2,0,0,0,1,0,1,GRAVE_MORTALIDAD,2
3,2,3,0,4,1,-15.9174494677268,-71.17912803035705,0,4,7,0,2,0,1,0,1504.4250000000002,2.0,2,0,1.0,7,25,241.0,0.4498224071382834,81.63336343193146,58.84842497065013,5.774685730039019,620.6584683449911,1358.612419700214,10322.272,1495.236,1749.739,7077.2970000000005,2886.595,7435.677000000001,27.964725207783708,7,2,0,0,5,37.1087979601804,28.738414278737245,45.47918164162354,1.0,0.39120203981960644,0.0,0.39120203981960644,2,0,0.0,0.39120203981960644,0.0,1.0,0.0,0.6087979601803936,0.39120203981960644,0.0,0.6087979601803936,0.0,14,3,2023,5,19,3,0,0,0,1,0,1,GRAVE_MORTALIDAD,2
6,1,10,0,4,1,-13.359775493487502,-76.21810871006869,0,4,7,1,2,1,1,4,6639.975,2.0,2,0,1.0,9,31,1616.0,0.5736744275518083,81.67473861808857,68.1608574885675,9.138785887908334,865.1176766860625,26660.92933618844,3721.461,698.1859999999996,744.866,2278.409,1102.9029999999996,2618.558,29.636290693359403,6,1,0,0,5,55.731055647109926,55.282815058959805,56.17929623526005,1.0,0.0,0.0,0.17929623526004845,1,0,0.0,0.17929623526004845,0.0,0.0,0.0,0.8207037647399515,0.17929623526004845,0.0,0.0,0.0,1,0,2022,4,8,1,0,0,0,1,0,1,GRAVE_MORTALIDAD,2
5,1,11,0,4,1,-11.800285737014844,-75.70738345618071,0,4,5,0,5,2,2,2,6779.104452644711,2.0,3,3,1.0,12,26,1198.0,0.4317699318442876,68.13591966392733,57.15821628183254,7.641949101894713,607.8039709487144,1532.7092297039803,12264.545,1826.4639999999995,1105.5389999999998,9332.542,1588.5359999999996,10676.009,12.952261987705208,7,1,0,0,6,21.51526149750056,19.934919973375365,23.09560302162576,1.0,1.0,0.0,1.0,1,0,0.0,0.7742369251249719,0.2257630748750281,0.2257630748750281,0.0,0.2257630748750281,1.0,0.0,0.2257630748750281,0.0,11,2,2022,5,6,1,0,0,2,1,0,1,GRAVE_MORTALIDAD,2
3,1,13,0,4,1,-11.848556988750914,-77.0319512236134,0,4,6,1,2,2,2,0,6569.784482588399,2.974860274243686,2,0,1.0,0,29,1468.036295965501,0.6671665754104728,77.56769499468078,72.28760547723546,9.374881069590753,1382.321282821388,55032.36080084545,7644.73182119317,1673.323176678554,1591.5162945035097,4379.892350011107,1805.2667979337427,5839.465023259428,23.63015929612647,3,1,0,0,2,41.03491507350819,33.72346301668055,48.34636713033583,1.0,0.0,0.0,0.0,1,0,0.0,0.9748602742436858,0.0,0.9748602742436858,0.0,1.0,0.9748602742436858,0.0,0.0,0.0,3,0,2024,2,23,0,0,1,0,1,0,1,GRAVE_MORTALIDAD,2
3,2,10,0,4,1,-14.814594053940919,-74.99857098854932,0,3,7,0,2,1,1,0,6639.975,2.0,2,0,1.0,9,31,1616.0,0.5563774842369664,77.00938809632027,69.10246351364754,8.476961866273152,914.8835608305218,27932.19700214133,3721.461,698.1859999999996,744.866,2278.409,1102.9029999999996,2618.558,29.636290693359403,4,2,0,0,2,35.54776260537536,30.710178571943736,40.38534663880698,1.0,0.0,0.27706932776139637,0.27706932776139637,2,0,0.0,0.7229306722386036,0.27706932776139637,1.0,0.0,0.7229306722386036,1.0,0.0,0.0,0.0,21,2,2021,4,26,5,1,1,0,1,0,1,GRAVE_MORTALIDAD,2
3,1,6,2,2,4,-11.868542157002809,-77.1229389169441,0,2,7,0,2,0,1,2,6543.555,2.0,4,4,1.0,14,33,1198.0,0.5563774842369664,77.00938809632027,69.10246351364754,8.476961866273152,914.8835608305218,27932.19700214133,51.58600000000001,44.68700000000001,6.899000000000001,0.0,49.838000000000015,1.748,96.61148373589734,3,2,0,0,1,34.43109319927831,26.32744920168394,40.91400839735381,1.0,0.8103643997594371,0.0,0.0,2,0,0.0,0.8103643997594371,0.8103643997594371,0.18963560024056292,0.8103643997594371,0.18963560024056292,0.8103643997594371,0.0,0.8103643997594371,0.8103643997594371,11,1,2021,4,6,3,0,0,2,1,0,0,GRAVE_MORTALIDAD,2
3,2,10,0,4,1,-14.949905091687546,-75.12879479107997,5,4,7,1,2,2,2,1,6639.975,2.0,2,0,1.0,9,31,1616.0,0.5663195263008386,77.39112967040667,68.80526923382618,8.610303232344501,945.368331234163,27932.19700214133,3721.461,698.1859999999996,744.866,2278.409,1102.9029999999996,2618.558,29.636290693359403,3,2,0,0,1,30.936963535442462,29.343267181898216,32.530659888986705,1.0,0.20315182322787684,0.0,0.7968481767721232,2,0,0.20315182322787684,0.7968481767721232,0.0,1.0,0.20315182322787684,0.7968481767721232,0.7968481767721232,0.20315182322787684,0.20315182322787684,0.20315182322787684,10,1,2023,7,20,5,1,0,0,1,0,1,GRAVE_MORTALIDAD,2
6,1,11,0,4,1,-8.589124968275545,-78.196476559238,0,4,0,0,2,2,2,0,646.4585640556343,1.8724318486357157,1,0,0.8724318486357158,8,29,98.08647772953573,0.2737704498239619,73.65188666929294,46.84108612535404,4.756663802199783,235.11356685726335,5373.257268647953,8878.198094030156,1349.597365724252,1945.235900722906,5583.364827582998,1303.538423301296,7574.65967072886,14.726901597912592,3,1,0,0,2,27.444340086835673,27.444340086835673,27.444340086835673,1.0,1.0,0.0,0.0,1,0,0.0,0.12756815136428423,0.0,0.8724318486357158,0.8724318486357158,0.0,0.12756815136428423,0.8724318486357158,0.0,0.8724318486357158,17,1,2021,11,11,5,1,0,0,1,0,1,GRAVE_MORTALIDAD,2
3,2,13,0,4,1,-11.777526329241105,-77.13354066727996,0,4,6,0,2,1,0,0,6054.186663927028,2.806602254777519,1,0,0.9033011273887593,0,28,1358.477858503455,0.6302567088151442,79.92286005430933,72.33611718924081,8.818909422091338,1166.3280012022465,65790.92083588755,7248.718213886252,1588.133626822571,1516.4811791346435,4144.1034079290375,1746.0281102692297,5502.690103617023,24.36214195148913,13,2,0,0,10,42.65055018789812,36.4834943630562,51.22640901911007,1.0,0.0,0.0,0.9033011273887593,2,0,0.0,1.0,0.09669887261124066,0.0,0.0,0.09669887261124066,1.0,0.0,0.09669887261124066,0.0,18,1,2024,2,25,2,0,0,0,1,0,1,GRAVE_MORTALIDAD,2
5,1,20,0,4,1,-16.396022877161872,-70.010029676315,0,4,7,0,2,2,2,2,1521.0168415114204,2.0,2,0,1.0,8,22,213.43656799156273,0.37016878430453404,77.63574719088692,64.21525103139119,6.746175632995405,348.1172500239216,5486.046329006967,13642.312999999998,2020.7790000000005,2354.117,9267.416999999998,3314.0520000000006,10328.260999999997,24.29244952817019,7,1,0,0,6,35.096514631573996,33.29404819368144,36.89898106946656,0.32772117052592,0.67227882947408,0.0,0.0,1,0,0.0,0.0,0.0,1.0,0.0,1.0,0.32772117052592,0.32772117052592,0.0,0.32772117052592,11,1,2022,8,21,4,0,0,2,1,0,1,GRAVE_MORTALIDAD,2
6,1,8,0,4,0,-13.236858494642078,-75.58780309265238,0,4,5,0,3,2,2,0,6543.555,2.0,4,4,1.0,14,33,1198.0,0.43959905220282786,70.02466523098413,52.18681687132993,7.832776443704981,646.7269349053255,754.7388918850563,8511.426,1445.3929999999996,2008.516,5057.516999999999,1879.579,6631.846999999998,22.08300935706896,2,1,0,0,1,37.614828265738815,37.614828265738815,37.614828265738815,1.0,0.0,0.0,0.0,1,0,0.0,0.0,0.0,1.0,0.0,0.8975286223768645,0.10247137762313552,0.0,0.0,0.0,10,1,2021,3,21,2,0,1,2,1,0,1,GRAVE_MORTALIDAD,2
4,1,5,0,4,1,-9.783166089013056,-77.09131125266728,2,4,0,0,1,1,1,1,9936.932,2.0,2,0,1.0,9,32,3830.0,0.4371366578933701,71.67266030700587,50.80599040195213,7.189496405145766,675.3984563722375,2226.2081725877356,11437.001217750436,1858.8598415950075,1170.3218377580877,8407.819538397342,1871.4831236576745,9565.518094092764,16.575455858805032,3,1,0,0,2,46.609629404856065,40.349382341426775,52.869876468285355,1.0,0.0,0.0,0.5528394954693364,1,0,0.0,0.4471605045306636,0.4471605045306636,0.5528394954693364,0.0,0.0,1.0,0.0,0.0,0.0,7,0,2021,2,10,3,0,0,0,1,0,1,GRAVE_MORTALIDAD,2
4,1,4,0,4,1,-13.206064424316036,-74.22669546528796,0,4,2,0,2,1,0,4,6999.450980401954,2.0,3,2,1.0,11,20,1198.0,0.5305121431560528,73.7668210059112,68.45651702301488,8.941396366509018,806.7469451554633,27605.87794432548,12678.733000000004,1805.074000000001,1774.0339999999994,9099.625000000004,2485.375000000001,10193.358000000002,19.602707936195205,4,1,0,0,2,45.45439930640537,45.45439930640537,45.45439930640537,1.0,0.0,0.0,0.5630451389163023,1,0,0.0,0.43695486108369774,0.43695486108369774,0.0,0.0,0.43695486108369774,1.0,0.0,0.5630451389163023,0.0,15,3,2022,6,14,3,0,0,2,1,0,1,GRAVE_MORTALIDAD,2
3,2,12,0,4,1,-8.410837276083864,-78.80598860288366,0,4,7,1,2,2,2,2,6543.555,3.0,2,0,1.0,0,30,1475.0,0.5051395598219868,77.13285387085847,51.52067479184955,6.715328807318118,900.900383457586,67612.41755888652,8931.828000000005,1335.5899999999997,1935.9830000000004,5660.255000000005,1219.309,7712.519000000005,13.651281686122925,2,2,0,0,0,42.09948737145182,37.13814607473958,47.060828668164056,1.0,0.7845365186848953,0.0,0.21546348131510473,2,0,0.0,1.0,0.0,0.21546348131510473,0.0,0.21546348131510473,1.0,0.0,1.0,0.0,5,0,2021,4,10,3,0,0,0,1,1,1,GRAVE_MORTALIDAD,2
4,1,12,0,4,1,-8.431259354872621,-78.77488865347176,0,4,7,1,2,2,2,0,6543.555,3.0,2,0,1.0,0,30,1475.0,0.5051395598219868,77.13285387085847,51.52067479184955,6.715328807318118,900.900383457586,67612.41755888652,8931.828000000005,1335.5899999999997,1935.9830000000004,5660.255000000005,1219.309,7712.519000000005,13.651281686122925,4,2,0,0,2,22.492765687627895,22.212872121197666,22.772659254058127,1.0,0.0,0.0,0.09329785547674352,2,0,0.9067021445232565,0.09329785547674352,0.0,1.0,0.0,1.0,0.09329785547674352,0.0,1.0,0.9067021445232565,4,0,2022,8,17,5,0,1,0,1,1,1,GRAVE_MORTALIDAD,2
3,1,5,0,4,1,-10.256487540187116,-76.80258030702703,2,4,0,0,2,1,1,2,9936.932,2.0,2,0,1.0,9,32,3830.0,0.4256280705029499,79.0302246071373,63.945141228486534,6.229679932703004,512.8488778168054,3390.992028019798,11484.85021718335,1856.9866976727676,1166.576061360949,8461.287458149633,1855.1229780679907,9629.72723911536,16.36596095931788,12,2,0,0,10,38.92645243215927,35.10339330393717,42.74951156038137,1.0,1.0,0.0,0.5208740366348857,2,0,0.0,1.0,0.47912596336511426,0.0,0.0,0.5208740366348857,1.0,0.0,0.0,0.0,16,2,2021,6,11,4,0,0,0,1,0,1,GRAVE_MORTALIDAD,2
6,1,7,0,4,1,-13.105990042780956,-72.36527951720613,0,4,0,0,2,1,1,2,3447.8009999999995,1.0,2,3,0.0,9,12,1109.0,0.4706944943299555,76.79406176595778,61.64424635983724,7.141255198110581,653.4175319142125,3282.6252676659524,17779.13499998999,2097.3709999899997,2863.123,12818.640999999989,2878.713,14900.421999989989,16.19152450331032,18,1,0,0,17,30.562935988538328,30.562935988538328,30.562935988538328,1.0,0.16361576436877434,0.0,0.8363842356312257,1,0,0.0,0.0,0.0,0.16361576436877434,0.0,0.0,1.0,0.0,0.0,0.0,9,1,2021,9,8,4,0,0,2,1,0,1,GRAVE_MORTALIDAD,2
9,1,14,0,4,1,-11.151318126120117,-76.83742580855932,1,4,4,0,1,1,0,0,824.5603164437497,-1.0,0,0,0.8301925630695713,9,17,202.4330146110246,0.5509525210698286,78.82478865447567,70.07573539968638,8.40986494754651,840.973059313611,847.8986547145704,7626.313,1683.4029999999998,1599.0829999999996,4343.827000000001,1814.875,5811.438000000001,23.797541485643197,5,1,0,0,4,48.39635458129585,48.39635458129585,48.39635458129585,1.0,0.0,0.0,0.8301925630695713,1,0,0.0,0.0,0.0,1.0,0.0,0.0,1.0,0.0,0.0,0.0,5,0,2021,4,11,0,0,0,0,1,0,1,GRAVE_MORTALIDAD,2
6,1,1,0,4,2,-8.668627027888553,-77.57422296489487,0,4,4,1,1,1,0,0,6543.555,2.0,4,4,1.0,14,33,1198.0,0.2873359660796254,73.84976843094232,39.31417396269272,5.274149955999002,267.33196583253107,1484.8576378110972,10767.648,1885.0630000000003,1222.721,7659.864000000001,2100.343,8667.305000000002,19.506051832303577,5,1,0,0,4,27.91226571268474,27.91226571268474,27.91226571268474,1.0,0.0,0.0,0.0,1,0,0.0,0.0,0.0,1.0,0.0,1.0,0.0,0.0,1.0,0.0,17,2,2021,4,19,3,0,0,0,1,0,1,GRAVE_MORTALIDAD,2
3,3,13,0,4,1,-8.436822982743045,-78.35586798156005,0,4,4,0,1,2,2,0,4837.824496380976,2.396545187061093,1,0,0.6982725935305465,2,30,1118.9616603660447,0.494133522519916,73.18705062596983,63.108243699416604,7.800080342544403,756.5437679091666,48591.92536367097,8782.735180240748,1631.5600641760213,836.4682901443621,6314.706825920365,1978.6078756611346,6804.127304579614,22.41832050781747,5,3,0,0,1,42.199924169908684,30.887908154713827,53.93090374122186,1.0,0.3017274064694535,0.3017274064694535,1.0,3,0,0.0,0.6982725935305465,0.0,1.0,0.0,0.3017274064694535,0.6982725935305465,0.3017274064694535,0.6982725935305465,0.3017274064694535,14,3,2022,8,13,2,0,0,0,1,0,1,GRAVE_MORTALIDAD,2
6,1,16,1,4,1,-16.038447190193082,-72.23974711347951,4,4,5,1,5,1,1,0,6543.555,2.2077706294397283,3,3,1.0,11,32,1255.5524643548047,0.6875948407816834,78.18816974688028,73.8022474796704,10.387644721723042,1393.1113659723276,64892.5448029696,3920.9461140071016,722.3352904446645,1047.669175667675,2150.9416478947624,1063.5016903088924,2857.44442369821,28.21955633449029,11,1,0,3,6,60.39019300512734,59.55911048736842,61.221275522886245,1.0,0.0,0.0,0.0,1,0,0.0,0.7922293705602717,0.20777062943972835,0.20777062943972835,0.0,0.20777062943972835,1.0,0.0,0.0,0.0,9,2,2024,2,21,4,0,0,0,1,0,1,GRAVE_MORTALIDAD,2
3,1,1,0,4,0,-9.441046614295248,-77.1711129768374,0,4,6,0,2,2,2,0,6543.555,2.0,4,4,1.0,14,33,1198.0,0.37925732021010156,76.5561612084766,69.887519617505,5.520546226918107,403.2138383606341,2696.349938621406,10767.648,1885.0630000000003,1222.721,7659.864000000001,2100.343,8667.305000000002,19.506051832303577,3,1,0,0,1,37.32448503831329,33.405606297891616,40.26364409362955,1.0,0.0,0.0,0.0,1,0,0.0,0.0,0.0,1.0,0.9797196851054192,0.02028031489458082,0.0,0.02028031489458082,1.0,1.0,18,2,2021,6,29,4,0,0,0,1,0,1,GRAVE_MORTALIDAD,2
4,1,4,0,4,1,-13.154736918008803,-74.3008155485293,0,4,0,0,2,1,0,3,2527.2956857852196,1.520584201372898,2,3,0.5205842013728981,9,18,695.656144109919,0.2128907993536412,74.05096363494536,45.45570356740986,3.3743534067718266,164.81591803369776,16556.093900117543,12678.733000000004,1805.074000000001,1774.0339999999994,9099.625000000004,2485.375000000001,10193.358000000002,19.602707936195205,20,1,0,0,18,46.92739988405671,39.576357638441145,51.561752604118695,1.0,0.47941579862710193,0.0,1.0,1,0,0.0,0.0,0.5205842013728981,0.47941579862710193,0.47941579862710193,0.47941579862710193,1.0,0.0,0.47941579862710193,0.0,4,0,2022,6,8,1,0,0,2,1,0,1,GRAVE_MORTALIDAD,2
3,2,10,2,4,1,-14.443751137384783,-75.35860672432962,0,3,7,1,2,1,0,2,6639.975,2.0,2,0,1.0,9,31,1616.0,0.5801763187571756,77.92318472811885,68.39105257408586,8.796148717972581,987.8566986991677,27932.19700214133,3721.461,698.1859999999996,744.866,2278.409,1102.9029999999996,2618.558,29.636290693359403,3,2,0,0,1,38.880186723414276,37.65074252184811,40.10963092498044,1.0,0.0,0.5137038656225555,1.0,2,0,0.0,0.48629613437744446,0.5137038656225555,1.0,0.0,0.48629613437744446,1.0,0.0,0.0,0.0,17,2,2021,3,12,5,1,0,0,1,0,1,GRAVE_MORTALIDAD,2
5,1,3,0,4,1,-16.014308639529407,-71.28651754989302,0,4,3,0,2,1,1,0,1504.4250000000002,2.0,2,0,1.0,7,25,241.0,0.4685280505645348,81.83746865987648,70.74305753660312,6.037751599761188,617.4715908037651,1751.8736616702354,10322.272,1495.236,1749.739,7077.2970000000005,2886.595,7435.677000000001,27.964725207783708,5,1,0,0,4,32.766302027974355,31.564989105479697,33.96761495046901,1.0,0.7597374155010685,0.0,0.0,1,0,0.0,0.24026258449893145,0.24026258449893145,0.7597374155010685,0.0,0.7597374155010685,0.24026258449893145,0.0,0.0,0.0,9,1,2023,4,15,4,0,0,0,1,0,1,GRAVE_MORTALIDAD,2
6,1,3,0,4,1,-16.947936276840874,-71.81669424474072,5,4,0,0,2,2,2,0,6543.555,2.0,4,4,1.0,14,33,1198.0,0.609974580575285,77.61796630643245,70.06298080224681,8.38505258303879,1155.810660032103,6848.6435914187405,10322.272,1495.236,1749.739,7077.2970000000005,2886.595,7435.677000000001,27.964725207783708,5,1,0,0,4,51.259076586291904,51.259076586291904,51.259076586291904,1.0,0.8753025528763968,0.0,0.1246974471236032,1,0,0.0,0.0,0.1246974471236032,0.8753025528763968,0.0,0.8753025528763968,0.1246974471236032,0.8753025528763968,0.8753025528763968,0.0,4,0,2023,11,19,4,0,0,0,1,0,1,GRAVE_MORTALIDAD,2
4,1,14,0,4,1,-12.001035492040744,-77.07929335111412,0,4,7,1,2,1,0,1,6583.452808615912,2.586208166190509,2,0,1.0,3,30,1533.3446485671382,0.7219990550452076,78.75529496772316,78.99970733752185,12.326720151184638,1396.071535833637,61213.46314389103,7626.313,1683.4029999999998,1599.0829999999996,4343.827000000001,1814.875,5811.438000000001,23.797541485643197,3,1,0,0,2,44.34479584523727,41.44825300857084,47.24133868190371,1.0,0.0,0.0,0.586208166190509,1,0,0.0,0.413791833809491,0.0,1.0,0.0,0.413791833809491,1.0,0.0,0.0,0.0,12,1,2022,4,14,4,0,0,0,1,0,1,GRAVE_MORTALIDAD,2
6,1,10,0,4,1,-13.380102870112447,-76.20629930482501,0,4,7,1,2,1,0,1,6639.975,2.0,2,0,1.0,9,31,1616.0,0.5736744275518083,81.67473861808857,68.1608574885675,9.138785887908334,865.1176766860625,26660.92933618844,3721.461,698.1859999999996,744.866,2278.409,1102.9029999999996,2618.558,29.636290693359403,4,1,0,0,2,54.85361648896379,52.94297730390343,56.76425567402414,1.0,0.0,0.0,0.7642556740241413,1,0,0.0,0.7642556740241413,0.0,0.0,0.0,0.2357443259758587,0.7642556740241413,0.0,0.0,0.0,4,0,2023,8,8,1,0,0,0,1,0,1,GRAVE_MORTALIDAD,2